Date,Open,High,Low,Close,Volume,Dividends,Stock Splits
2022-01-03 00:00:00-05:00,14.170000076293945,14.489999771118164,14.069999694824219,14.460000038146973,237000,0.0,0.0
2022-01-04 00:00:00-05:00,14.5,15.220000267028809,14.5,15.069999694824219,340800,0.0,0.0
2022-01-05 00:00:00-05:00,15.199999809265137,15.300000190734863,14.944999694824219,15.0,293300,0.0,0.0
2022-01-06 00:00:00-05:00,14.979999542236328,15.329999923706055,14.739999771118164,14.8100004196167,346600,0.0,0.0
2022-01-07 00:00:00-05:00,14.850000381469727,14.869999885559082,14.130000114440918,14.170000076293945,513500,0.0,0.0
2022-01-10 00:00:00-05:00,13.65999984741211,13.920000076293945,12.90999984741211,13.739999771118164,396600,0.0,0.0
2022-01-11 00:00:00-05:00,13.739999771118164,14.0,13.470000267028809,13.9399995803833,138500,0.0,0.0
2022-01-12 00:00:00-05:00,13.949999809265137,14.15999984741211,13.859999656677246,13.930000305175781,108800,0.0,0.0
2022-01-13 00:00:00-05:00,13.989999771118164,14.229999542236328,13.930000305175781,14.140000343322754,123000,0.0,0.0
2022-01-14 00:00:00-05:00,13.949999809265137,14.170000076293945,13.90999984741211,14.149999618530273,125500,0.0,0.0
2022-01-18 00:00:00-05:00,14.039999961853027,14.039999961853027,13.84000015258789,13.859999656677246,342300,0.0,0.0
2022-01-19 00:00:00-05:00,13.9399995803833,13.979999542236328,13.680000305175781,13.6899995803833,162500,0.0,0.0
2022-01-20 00:00:00-05:00,13.670000076293945,13.949999809265137,13.550000190734863,13.569999694824219,243400,0.0,0.0
2022-01-21 00:00:00-05:00,13.569999694824219,13.899999618530273,13.420000076293945,13.579999923706055,318100,0.0,0.0
2022-01-24 00:00:00-05:00,13.430000305175781,13.859999656677246,13.239999771118164,13.779999732971191,222000,0.0,0.0
2022-01-25 00:00:00-05:00,13.619999885559082,13.800000190734863,13.40999984741211,13.649999618530273,238300,0.0,0.0
2022-01-26 00:00:00-05:00,13.789999961853027,13.90999984741211,13.039999961853027,13.170000076293945,186100,0.0,0.0
2022-01-27 00:00:00-05:00,13.25,13.40999984741211,12.739999771118164,12.819999694824219,237900,0.0,0.0
2022-01-28 00:00:00-05:00,12.75,13.010000228881836,12.539999961853027,12.989999771118164,148000,0.0,0.0
2022-01-31 00:00:00-05:00,12.829999923706055,13.289999961853027,12.789999961853027,13.270000457763672,198500,0.0,0.0
2022-02-01 00:00:00-05:00,13.260000228881836,13.460000038146973,13.130000114440918,13.420000076293945,162100,0.0,0.0
2022-02-02 00:00:00-05:00,13.350000381469727,13.529999732971191,13.199999809265137,13.489999771118164,321600,0.0,0.0
2022-02-03 00:00:00-05:00,12.75,12.8100004196167,12.109999656677246,12.699999809265137,568200,0.0,0.0
2022-02-04 00:00:00-05:00,12.329999923706055,12.699999809265137,12.300000190734863,12.600000381469727,339300,0.0,0.0
2022-02-07 00:00:00-05:00,12.470000267028809,12.800000190734863,12.470000267028809,12.65999984741211,314800,0.0,0.0
2022-02-08 00:00:00-05:00,12.65999984741211,13.279999732971191,12.65999984741211,13.220000267028809,347400,0.0,0.0
2022-02-09 00:00:00-05:00,13.359999656677246,13.550000190734863,13.25,13.25,236900,0.0,0.0
2022-02-10 00:00:00-05:00,13.1899995803833,13.270000457763672,12.59000015258789,12.65999984741211,310100,0.0,0.0
2022-02-11 00:00:00-05:00,12.649999618530273,12.770000457763672,12.390000343322754,12.40999984741211,258700,0.0,0.0
2022-02-14 00:00:00-05:00,12.4399995803833,12.84000015258789,12.40999984741211,12.710000038146973,397900,0.0,0.0
2022-02-15 00:00:00-05:00,12.850000381469727,13.270000457763672,12.84000015258789,13.1899995803833,272700,0.0,0.0
2022-02-16 00:00:00-05:00,13.1899995803833,13.529999732971191,13.1899995803833,13.4399995803833,182400,0.0,0.0
2022-02-17 00:00:00-05:00,13.329999923706055,13.520000457763672,13.199999809265137,13.399999618530273,194700,0.0,0.0
2022-02-18 00:00:00-05:00,13.420000076293945,13.5,13.199999809265137,13.239999771118164,168000,0.0,0.0
2022-02-22 00:00:00-05:00,13.3100004196167,13.649999618530273,13.170000076293945,13.539999961853027,322100,0.0,0.0
2022-02-23 00:00:00-05:00,13.609999656677246,13.770000457763672,13.220000267028809,13.270000457763672,230100,0.0,0.0
2022-02-24 00:00:00-05:00,12.899999618530273,13.260000228881836,12.760000228881836,13.199999809265137,253500,0.0,0.0
2022-02-25 00:00:00-05:00,13.1899995803833,13.550000190734863,13.1899995803833,13.539999961853027,162600,0.0,0.0
2022-02-28 00:00:00-05:00,13.399999618530273,13.649999618530273,13.350000381469727,13.510000228881836,198400,0.0,0.0
2022-03-01 00:00:00-05:00,13.5600004196167,13.609999656677246,13.270000457763672,13.529999732971191,175400,0.0,0.0
2022-03-02 00:00:00-05:00,13.670000076293945,13.970000267028809,13.619999885559082,13.930000305175781,151300,0.0,0.0
2022-03-03 00:00:00-05:00,14.020000457763672,14.069999694824219,13.84000015258789,13.979999542236328,191100,0.0,0.0
2022-03-04 00:00:00-05:00,13.8100004196167,13.8100004196167,13.359999656677246,13.579999923706055,248200,0.0,0.0
2022-03-07 00:00:00-05:00,13.600000381469727,13.680000305175781,12.880000114440918,12.90999984741211,263700,0.0,0.0
2022-03-08 00:00:00-05:00,12.880000114440918,13.09000015258789,12.699999809265137,12.920000076293945,222400,0.0,0.0
2022-03-09 00:00:00-05:00,13.229999542236328,13.390000343322754,13.109999656677246,13.279999732971191,165000,0.0,0.0
2022-03-10 00:00:00-05:00,12.989999771118164,13.119999885559082,12.854999542236328,13.09000015258789,121300,0.0,0.0
2022-03-11 00:00:00-05:00,13.1899995803833,13.319999694824219,13.055000305175781,13.119999885559082,131900,0.0,0.0
2022-03-14 00:00:00-04:00,13.210000038146973,13.279999732971191,13.050000190734863,13.25,200500,0.0,0.0
2022-03-15 00:00:00-04:00,13.65999984741211,13.960000038146973,13.369999885559082,13.479999542236328,197000,0.0,0.0
2022-03-16 00:00:00-04:00,13.59000015258789,13.880000114440918,13.529999732971191,13.819999694824219,352900,0.0,0.0
2022-03-17 00:00:00-04:00,13.699999809265137,13.8100004196167,13.59000015258789,13.710000038146973,306000,0.0,0.0
2022-03-18 00:00:00-04:00,13.420000076293945,13.670000076293945,13.260000228881836,13.260000228881836,1096400,0.0,0.0
2022-03-21 00:00:00-04:00,13.289999961853027,13.680000305175781,13.279999732971191,13.619999885559082,504700,0.0,0.0
2022-03-22 00:00:00-04:00,13.739999771118164,13.90999984741211,13.460000038146973,13.489999771118164,286900,0.0,0.0
2022-03-23 00:00:00-04:00,13.329999923706055,13.569999694824219,13.25,13.510000228881836,195500,0.0,0.0
2022-03-24 00:00:00-04:00,13.5600004196167,13.663000106811523,13.380000114440918,13.550000190734863,105000,0.0,0.0
2022-03-25 00:00:00-04:00,13.59000015258789,13.75,13.5,13.630000114440918,108200,0.0,0.0
2022-03-28 00:00:00-04:00,13.510000228881836,13.600000381469727,13.270000457763672,13.489999771118164,97100,0.0,0.0
2022-03-29 00:00:00-04:00,13.680000305175781,13.954999923706055,13.680000305175781,13.890000343322754,115200,0.0,0.0
2022-03-30 00:00:00-04:00,13.859999656677246,13.899999618530273,13.645000457763672,13.65999984741211,139800,0.0,0.0
2022-03-31 00:00:00-04:00,13.5600004196167,13.779999732971191,13.5600004196167,13.609999656677246,139200,0.0,0.0
2022-04-01 00:00:00-04:00,13.640000343322754,13.6899995803833,13.329999923706055,13.5,147700,0.0,0.0
2022-04-04 00:00:00-04:00,13.470000267028809,13.510000228881836,13.140000343322754,13.399999618530273,356900,0.0,0.0
2022-04-05 00:00:00-04:00,13.399999618530273,13.539999961853027,12.9399995803833,12.970000267028809,129700,0.0,0.0
2022-04-06 00:00:00-04:00,12.8100004196167,12.9399995803833,12.59000015258789,12.630000114440918,244500,0.0,0.0
2022-04-07 00:00:00-04:00,12.579999923706055,12.649999618530273,12.25,12.609999656677246,228600,0.0,0.0
2022-04-08 00:00:00-04:00,12.539999961853027,12.789999961853027,12.460000038146973,12.460000038146973,92400,0.0,0.0
2022-04-11 00:00:00-04:00,12.350000381469727,12.720000267028809,12.350000381469727,12.609999656677246,116200,0.0,0.0
2022-04-12 00:00:00-04:00,12.779999732971191,12.869999885559082,12.59000015258789,12.720000267028809,157500,0.0,0.0
2022-04-13 00:00:00-04:00,12.75,13.149999618530273,12.630000114440918,13.010000228881836,131800,0.0,0.0
2022-04-14 00:00:00-04:00,13.09000015258789,13.25,13.0,13.069999694824219,128100,0.0,0.0
2022-04-18 00:00:00-04:00,12.970000267028809,13.095000267028809,12.850000381469727,13.0600004196167,129900,0.0,0.0
2022-04-19 00:00:00-04:00,13.130000114440918,13.550000190734863,13.020000457763672,13.390000343322754,91000,0.0,0.0
2022-04-20 00:00:00-04:00,13.5600004196167,13.800000190734863,13.5600004196167,13.609999656677246,106500,0.0,0.0
2022-04-21 00:00:00-04:00,13.739999771118164,13.970000267028809,13.579999923706055,13.720000267028809,141500,0.0,0.0
2022-04-22 00:00:00-04:00,13.619999885559082,13.800000190734863,13.199999809265137,13.270000457763672,88300,0.0,0.0
2022-04-25 00:00:00-04:00,13.210000038146973,13.399999618530273,13.010000228881836,13.289999961853027,159200,0.0,0.0
2022-04-26 00:00:00-04:00,13.119999885559082,13.135000228881836,12.875,13.0,123500,0.0,0.0
2022-04-27 00:00:00-04:00,13.0,13.300000190734863,12.90999984741211,13.0600004196167,124600,0.0,0.0
2022-04-28 00:00:00-04:00,13.109999656677246,13.350000381469727,12.930000305175781,13.229999542236328,134000,0.0,0.0
2022-04-29 00:00:00-04:00,13.100000381469727,13.15999984741211,12.5600004196167,12.65999984741211,193300,0.0,0.0
2022-05-02 00:00:00-04:00,12.59000015258789,12.75,12.149999618530273,12.34000015258789,191800,0.0,0.0
2022-05-03 00:00:00-04:00,12.289999961853027,12.350000381469727,11.760000228881836,11.8100004196167,300400,0.0,0.0
2022-05-04 00:00:00-04:00,11.8100004196167,12.329999923706055,11.699999809265137,12.199999809265137,179500,0.0,0.0
2022-05-05 00:00:00-04:00,12.229999542236328,12.460000038146973,11.829999923706055,12.199999809265137,210400,0.0,0.0
2022-05-06 00:00:00-04:00,12.329999923706055,12.84000015258789,12.15999984741211,12.579999923706055,233300,0.0,0.0
2022-05-09 00:00:00-04:00,12.399999618530273,12.510000228881836,12.0600004196167,12.109999656677246,285300,0.0,0.0
2022-05-10 00:00:00-04:00,12.210000038146973,12.399999618530273,11.869999885559082,12.020000457763672,258800,0.0,0.0
2022-05-11 00:00:00-04:00,12.109999656677246,12.180000305175781,11.34000015258789,11.4399995803833,193500,0.0,0.0
2022-05-12 00:00:00-04:00,11.479999542236328,11.619999885559082,11.25,11.529999732971191,175100,0.0,0.0
2022-05-13 00:00:00-04:00,11.630000114440918,11.9399995803833,11.604999542236328,11.800000190734863,175800,0.0,0.0
2022-05-16 00:00:00-04:00,11.720000267028809,12.069999694824219,11.720000267028809,12.039999961853027,202800,0.0,0.0
2022-05-17 00:00:00-04:00,12.229999542236328,12.510000228881836,12.180000305175781,12.40999984741211,169900,0.0,0.0
2022-05-18 00:00:00-04:00,12.229999542236328,12.369999885559082,11.760000228881836,11.819999694824219,178100,0.0,0.0
2022-05-19 00:00:00-04:00,11.680000305175781,11.96500015258789,11.630000114440918,11.760000228881836,172900,0.0,0.0
2022-05-20 00:00:00-04:00,11.850000381469727,12.0,11.430000305175781,11.739999771118164,142000,0.0,0.0
2022-05-23 00:00:00-04:00,11.890000343322754,11.970000267028809,11.680000305175781,11.9399995803833,132700,0.0,0.0
2022-05-24 00:00:00-04:00,11.949999809265137,12.25,11.649999618530273,12.1899995803833,146400,0.0,0.0
2022-05-25 00:00:00-04:00,11.979999542236328,12.34000015258789,11.979999542236328,12.239999771118164,125100,0.0,0.0
2022-05-26 00:00:00-04:00,12.420000076293945,12.619999885559082,12.359999656677246,12.529999732971191,107200,0.0,0.0
2022-05-27 00:00:00-04:00,12.680000305175781,13.109999656677246,12.680000305175781,13.039999961853027,150900,0.0,0.0
2022-05-31 00:00:00-04:00,12.869999885559082,13.130000114440918,12.789999961853027,13.0,219200,0.0,0.0
2022-06-01 00:00:00-04:00,13.119999885559082,13.149999618530273,12.720000267028809,12.850000381469727,125200,0.0,0.0
2022-06-02 00:00:00-04:00,12.800000190734863,13.199999809265137,12.800000190734863,13.170000076293945,145000,0.0,0.0
2022-06-03 00:00:00-04:00,13.109999656677246,13.109999656677246,12.90999984741211,13.069999694824219,164500,0.0,0.0
2022-06-06 00:00:00-04:00,13.140000343322754,13.729999542236328,13.140000343322754,13.699999809265137,214800,0.0,0.0
2022-06-07 00:00:00-04:00,13.5,13.630000114440918,13.3100004196167,13.40999984741211,177900,0.0,0.0
2022-06-08 00:00:00-04:00,13.279999732971191,13.65999984741211,13.199999809265137,13.359999656677246,151100,0.0,0.0
2022-06-09 00:00:00-04:00,13.25,13.300000190734863,12.819999694824219,12.9399995803833,176700,0.0,0.0
2022-06-10 00:00:00-04:00,12.680000305175781,12.75,12.430000305175781,12.680000305175781,170000,0.0,0.0
2022-06-13 00:00:00-04:00,12.430000305175781,12.4399995803833,11.960000038146973,12.020000457763672,160800,0.0,0.0
2022-06-14 00:00:00-04:00,12.069999694824219,12.125,11.770000457763672,11.890000343322754,127300,0.0,0.0
2022-06-15 00:00:00-04:00,12.0600004196167,12.1850004196167,11.880000114440918,12.020000457763672,222800,0.0,0.0
2022-06-16 00:00:00-04:00,11.779999732971191,11.779999732971191,11.239999771118164,11.3100004196167,239400,0.0,0.0
2022-06-17 00:00:00-04:00,11.380000114440918,11.5600004196167,11.210000038146973,11.40999984741211,449400,0.0,0.0
2022-06-21 00:00:00-04:00,11.649999618530273,11.859999656677246,11.399999618530273,11.65999984741211,210900,0.0,0.0
2022-06-22 00:00:00-04:00,11.470000267028809,12.029999732971191,11.470000267028809,11.800000190734863,193700,0.0,0.0
2022-06-23 00:00:00-04:00,11.869999885559082,11.869999885559082,11.520000457763672,11.729999542236328,129600,0.0,0.0
2022-06-24 00:00:00-04:00,11.789999961853027,12.899999618530273,11.789999961853027,12.770000457763672,706000,0.0,0.0
2022-06-27 00:00:00-04:00,12.84000015258789,12.84000015258789,12.489999771118164,12.569999694824219,263800,0.0,0.0
2022-06-28 00:00:00-04:00,12.710000038146973,12.869999885559082,12.25,12.289999961853027,148800,0.0,0.0
2022-06-29 00:00:00-04:00,12.239999771118164,12.300000190734863,11.949999809265137,12.050000190734863,141800,0.0,0.0
2022-06-30 00:00:00-04:00,11.829999923706055,12.100000381469727,11.760000228881836,12.0,146000,0.0,0.0
2022-07-01 00:00:00-04:00,11.920000076293945,12.170000076293945,11.850000381469727,12.050000190734863,137300,0.0,0.0
2022-07-05 00:00:00-04:00,11.75,12.010000228881836,11.520000457763672,11.949999809265137,195000,0.0,0.0
2022-07-06 00:00:00-04:00,11.90999984741211,12.039999961853027,11.640000343322754,11.850000381469727,102500,0.0,0.0
2022-07-07 00:00:00-04:00,11.890000343322754,12.229999542236328,11.890000343322754,12.100000381469727,177400,0.0,0.0
2022-07-08 00:00:00-04:00,11.960000038146973,12.3100004196167,11.960000038146973,12.079999923706055,194400,0.0,0.0
2022-07-11 00:00:00-04:00,11.949999809265137,12.149999618530273,11.90999984741211,12.010000228881836,111100,0.0,0.0
2022-07-12 00:00:00-04:00,11.899999618530273,12.279999732971191,11.75,11.819999694824219,139300,0.0,0.0
2022-07-13 00:00:00-04:00,11.670000076293945,12.029999732971191,11.630000114440918,11.989999771118164,97500,0.0,0.0
2022-07-14 00:00:00-04:00,11.760000228881836,11.920000076293945,11.720000267028809,11.890000343322754,144500,0.0,0.0
2022-07-15 00:00:00-04:00,12.100000381469727,12.279999732971191,11.880000114440918,12.069999694824219,107000,0.0,0.0
2022-07-18 00:00:00-04:00,12.239999771118164,12.40999984741211,12.039999961853027,12.0600004196167,116000,0.0,0.0
2022-07-19 00:00:00-04:00,12.149999618530273,12.460000038146973,12.149999618530273,12.430000305175781,130300,0.0,0.0
2022-07-20 00:00:00-04:00,12.539999961853027,12.6899995803833,12.444999694824219,12.600000381469727,89200,0.0,0.0
2022-07-21 00:00:00-04:00,12.520000457763672,12.680000305175781,12.4399995803833,12.65999984741211,74100,0.0,0.0
2022-07-22 00:00:00-04:00,12.65999984741211,12.8100004196167,12.449999809265137,12.529999732971191,102000,0.0,0.0
2022-07-25 00:00:00-04:00,12.550000190734863,12.75,12.470000267028809,12.720000267028809,71600,0.0,0.0
2022-07-26 00:00:00-04:00,12.710000038146973,12.770000457763672,12.609999656677246,12.6899995803833,75500,0.0,0.0
2022-07-27 00:00:00-04:00,12.739999771118164,12.920000076293945,12.520000457763672,12.859999656677246,147800,0.0,0.0
2022-07-28 00:00:00-04:00,12.970000267028809,13.0600004196167,12.880000114440918,12.979999542236328,114200,0.0,0.0
2022-07-29 00:00:00-04:00,12.979999542236328,13.170000076293945,12.979999542236328,13.140000343322754,80200,0.0,0.0
2022-08-01 00:00:00-04:00,13.029999732971191,13.270000457763672,12.949999809265137,13.149999618530273,109600,0.0,0.0
2022-08-02 00:00:00-04:00,13.1899995803833,13.210000038146973,12.890000343322754,12.890000343322754,74300,0.0,0.0
2022-08-03 00:00:00-04:00,13.050000190734863,13.210000038146973,12.930000305175781,13.039999961853027,99000,0.0,0.0
2022-08-04 00:00:00-04:00,13.020000457763672,13.039999961853027,11.5,11.510000228881836,153400,0.0,0.0
2022-08-05 00:00:00-04:00,11.3100004196167,11.3100004196167,10.670000076293945,10.710000038146973,285900,0.0,0.0
2022-08-08 00:00:00-04:00,10.710000038146973,11.020000457763672,9.979999542236328,9.989999771118164,4301200,0.0,0.0
2022-08-09 00:00:00-04:00,9.979999542236328,10.579999923706055,9.979999542236328,10.4399995803833,718400,0.0,0.0
2022-08-10 00:00:00-04:00,10.609999656677246,10.869999885559082,10.399999618530273,10.449999809265137,346700,0.0,0.0
2022-08-11 00:00:00-04:00,10.449999809265137,10.770000457763672,10.449999809265137,10.640000343322754,228000,0.0,0.0
2022-08-12 00:00:00-04:00,10.760000228881836,11.09000015258789,10.710000038146973,11.050000190734863,225100,0.0,0.0
2022-08-15 00:00:00-04:00,11.0,11.220000267028809,10.899999618530273,11.180000305175781,145100,0.0,0.0
2022-08-16 00:00:00-04:00,11.180000305175781,11.3100004196167,11.149999618530273,11.210000038146973,117000,0.0,0.0
2022-08-17 00:00:00-04:00,11.119999885559082,11.119999885559082,10.90999984741211,11.0,204600,0.0,0.0
2022-08-18 00:00:00-04:00,11.050000190734863,11.154999732971191,10.984999656677246,11.119999885559082,176800,0.0,0.0
2022-08-19 00:00:00-04:00,11.079999923706055,11.119999885559082,10.720000267028809,10.789999961853027,172500,0.0,0.0
2022-08-22 00:00:00-04:00,10.65999984741211,10.760000228881836,10.4399995803833,10.489999771118164,109100,0.0,0.0
2022-08-23 00:00:00-04:00,10.529999732971191,10.6899995803833,10.460000038146973,10.470000267028809,120600,0.0,0.0
2022-08-24 00:00:00-04:00,10.539999961853027,10.640000343322754,10.420000076293945,10.600000381469727,120800,0.0,0.0
2022-08-25 00:00:00-04:00,10.619999885559082,10.850000381469727,10.5,10.84000015258789,101000,0.0,0.0
2022-08-26 00:00:00-04:00,10.920000076293945,10.920000076293945,10.319999694824219,10.40999984741211,94800,0.0,0.0
2022-08-29 00:00:00-04:00,10.350000381469727,10.40999984741211,10.260000228881836,10.300000190734863,100300,0.0,0.0
2022-08-30 00:00:00-04:00,10.369999885559082,10.369999885559082,9.930000305175781,9.989999771118164,170500,0.0,0.0
2022-08-31 00:00:00-04:00,10.029999732971191,10.145000457763672,9.920000076293945,10.119999885559082,263100,0.0,0.0
2022-09-01 00:00:00-04:00,9.979999542236328,10.050000190734863,9.850000381469727,9.899999618530273,225200,0.0,0.0
2022-09-02 00:00:00-04:00,9.90999984741211,9.90999984741211,9.5,9.600000381469727,147600,0.0,0.0
2022-09-06 00:00:00-04:00,9.550000190734863,9.65999984741211,9.420000076293945,9.460000038146973,226100,0.0,0.0
2022-09-07 00:00:00-04:00,9.369999885559082,9.604999542236328,9.369999885559082,9.550000190734863,206900,0.0,0.0
2022-09-08 00:00:00-04:00,9.4399995803833,9.630000114440918,9.350000381469727,9.550000190734863,154900,0.0,0.0
2022-09-09 00:00:00-04:00,9.600000381469727,9.859999656677246,9.600000381469727,9.829999923706055,182500,0.0,0.0
2022-09-12 00:00:00-04:00,9.869999885559082,9.930000305175781,9.729999542236328,9.75,77500,0.0,0.0
2022-09-13 00:00:00-04:00,9.539999961853027,9.539999961853027,9.050000190734863,9.119999885559082,171600,0.0,0.0
2022-09-14 00:00:00-04:00,9.079999923706055,9.109999656677246,8.899999618530273,9.020000457763672,145900,0.0,0.0
2022-09-15 00:00:00-04:00,8.970000267028809,9.09000015258789,8.800000190734863,8.869999885559082,199100,0.0,0.0
2022-09-16 00:00:00-04:00,8.75,8.850000381469727,8.600000381469727,8.779999732971191,607200,0.0,0.0
2022-09-19 00:00:00-04:00,8.699999809265137,9.010000228881836,8.694999694824219,8.9399995803833,163400,0.0,0.0
2022-09-20 00:00:00-04:00,8.850000381469727,8.850000381469727,8.444999694824219,8.5600004196167,183500,0.0,0.0
2022-09-21 00:00:00-04:00,8.65999984741211,8.725000381469727,8.510000228881836,8.510000228881836,173300,0.0,0.0
2022-09-22 00:00:00-04:00,8.460000038146973,8.59000015258789,8.289999961853027,8.3100004196167,168800,0.0,0.0
2022-09-23 00:00:00-04:00,8.1899995803833,8.1899995803833,7.949999809265137,8.069999694824219,188400,0.0,0.0
2022-09-26 00:00:00-04:00,8.039999961853027,8.25,7.789999961853027,7.800000190734863,338900,0.0,0.0
2022-09-27 00:00:00-04:00,7.909999847412109,7.989999771118164,7.619999885559082,7.650000095367432,531800,0.0,0.0
2022-09-28 00:00:00-04:00,7.710000038146973,8.119999885559082,7.679999828338623,8.010000228881836,314800,0.0,0.0
2022-09-29 00:00:00-04:00,7.929999828338623,7.929999828338623,7.739999771118164,7.900000095367432,355100,0.0,0.0
2022-09-30 00:00:00-04:00,7.869999885559082,8.170000076293945,7.869999885559082,7.940000057220459,202100,0.0,0.0
2022-10-03 00:00:00-04:00,8.0600004196167,8.220000267028809,7.880000114440918,8.130000114440918,241900,0.0,0.0
2022-10-04 00:00:00-04:00,8.3100004196167,8.729999542236328,8.3100004196167,8.729999542236328,164200,0.0,0.0
2022-10-05 00:00:00-04:00,8.550000190734863,8.694999694824219,8.510000228881836,8.550000190734863,117300,0.0,0.0
2022-10-06 00:00:00-04:00,8.5,8.579999923706055,8.34000015258789,8.430000305175781,86200,0.0,0.0
2022-10-07 00:00:00-04:00,8.319999694824219,8.399999618530273,8.0600004196167,8.180000305175781,222200,0.0,0.0
2022-10-10 00:00:00-04:00,8.279999732971191,8.289999961853027,8.109999656677246,8.229999542236328,163600,0.0,0.0
2022-10-11 00:00:00-04:00,8.199999809265137,8.239999771118164,8.079999923706055,8.15999984741211,141900,0.0,0.0
2022-10-12 00:00:00-04:00,8.149999618530273,8.149999618530273,8.0,8.0,105700,0.0,0.0
2022-10-13 00:00:00-04:00,7.789999961853027,8.170000076293945,7.710000038146973,8.100000381469727,133600,0.0,0.0
2022-10-14 00:00:00-04:00,8.170000076293945,8.239999771118164,7.869999885559082,7.940000057220459,116300,0.0,0.0
2022-10-17 00:00:00-04:00,8.079999923706055,8.220000267028809,8.029999732971191,8.100000381469727,122300,0.0,0.0
2022-10-18 00:00:00-04:00,8.319999694824219,8.470000267028809,8.239999771118164,8.3100004196167,130200,0.0,0.0
2022-10-19 00:00:00-04:00,8.1899995803833,8.369999885559082,8.109999656677246,8.359999656677246,113500,0.0,0.0
2022-10-20 00:00:00-04:00,8.380000114440918,8.479999542236328,8.140000343322754,8.210000038146973,122800,0.0,0.0
2022-10-21 00:00:00-04:00,8.289999961853027,8.359999656677246,8.177000045776367,8.3100004196167,143000,0.0,0.0
2022-10-24 00:00:00-04:00,8.399999618530273,8.430000305175781,8.239999771118164,8.34000015258789,119100,0.0,0.0
2022-10-25 00:00:00-04:00,8.319999694824219,8.59000015258789,8.319999694824219,8.5,143700,0.0,0.0
2022-10-26 00:00:00-04:00,8.59000015258789,8.670000076293945,8.460000038146973,8.470000267028809,101300,0.0,0.0
2022-10-27 00:00:00-04:00,8.600000381469727,8.720000267028809,8.470000267028809,8.510000228881836,153400,0.0,0.0
2022-10-28 00:00:00-04:00,8.600000381469727,8.954999923706055,8.600000381469727,8.9399995803833,140100,0.0,0.0
2022-10-31 00:00:00-04:00,8.829999923706055,9.020000457763672,8.765000343322754,8.920000076293945,199000,0.0,0.0
2022-11-01 00:00:00-04:00,9.0,9.020000457763672,8.821999549865723,8.9399995803833,142100,0.0,0.0
2022-11-02 00:00:00-04:00,8.970000267028809,9.100000381469727,8.710000038146973,8.729999542236328,282700,0.0,0.0
2022-11-03 00:00:00-04:00,8.5600004196167,8.6899995803833,8.510000228881836,8.59000015258789,192400,0.0,0.0
2022-11-04 00:00:00-04:00,8.710000038146973,8.72599983215332,8.4399995803833,8.550000190734863,356000,0.0,0.0
2022-11-07 00:00:00-05:00,8.630000114440918,8.850000381469727,8.539999961853027,8.720000267028809,220400,0.0,0.0
2022-11-08 00:00:00-05:00,8.75,8.90999984741211,8.40999984741211,8.5,344200,0.0,0.0
2022-11-09 00:00:00-05:00,8.460000038146973,8.569999694824219,8.239999771118164,8.3100004196167,198800,0.0,0.0
2022-11-10 00:00:00-05:00,8.649999618530273,9.15999984741211,8.649999618530273,9.050000190734863,244000,0.0,0.0
2022-11-11 00:00:00-05:00,9.050000190734863,9.25,8.970000267028809,9.170000076293945,207600,0.0,0.0
2022-11-14 00:00:00-05:00,9.140000343322754,9.279999732971191,9.069999694824219,9.109999656677246,143000,0.0,0.0
2022-11-15 00:00:00-05:00,9.270000457763672,9.319999694824219,9.100000381469727,9.130000114440918,111200,0.0,0.0
2022-11-16 00:00:00-05:00,9.09000015258789,9.100000381469727,8.890000343322754,8.979999542236328,119800,0.0,0.0
2022-11-17 00:00:00-05:00,8.680000305175781,8.880000114440918,7.420000076293945,7.829999923706055,604100,0.0,0.0
2022-11-18 00:00:00-05:00,7.940000057220459,8.03499984741211,7.199999809265137,7.480000019073486,560000,0.0,0.0
2022-11-21 00:00:00-05:00,7.0,7.269999980926514,6.909999847412109,7.190000057220459,525500,0.0,0.0
2022-11-22 00:00:00-05:00,7.090000152587891,7.369999885559082,6.909999847412109,7.329999923706055,266600,0.0,0.0
2022-11-23 00:00:00-05:00,7.210000038146973,7.260000228881836,7.070000171661377,7.179999828338623,212300,0.0,0.0
2022-11-25 00:00:00-05:00,7.179999828338623,7.460000038146973,7.119999885559082,7.420000076293945,92000,0.0,0.0
2022-11-28 00:00:00-05:00,7.329999923706055,7.420000076293945,6.920000076293945,6.960000038146973,203700,0.0,0.0
2022-11-29 00:00:00-05:00,6.900000095367432,7.0,6.610000133514404,6.75,203200,0.0,0.0
2022-11-30 00:00:00-05:00,6.739999771118164,6.929999828338623,6.630000114440918,6.889999866485596,195500,0.0,0.0
2022-12-01 00:00:00-05:00,6.900000095367432,7.21999979019165,6.900000095367432,7.090000152587891,294400,0.0,0.0
2022-12-02 00:00:00-05:00,6.940000057220459,6.980000019073486,6.75,6.769999980926514,161200,0.0,0.0
2022-12-05 00:00:00-05:00,6.650000095367432,6.880000114440918,6.579999923706055,6.679999828338623,249600,0.0,0.0
2022-12-06 00:00:00-05:00,6.670000076293945,6.710000038146973,6.525000095367432,6.610000133514404,190600,0.0,0.0
2022-12-07 00:00:00-05:00,6.570000171661377,6.710000038146973,6.539999961853027,6.550000190734863,281500,0.0,0.0
2022-12-08 00:00:00-05:00,6.539999961853027,6.71999979019165,6.510000228881836,6.559999942779541,146500,0.0,0.0
2022-12-09 00:00:00-05:00,6.5,6.579999923706055,6.400000095367432,6.420000076293945,147500,0.0,0.0
2022-12-12 00:00:00-05:00,6.420000076293945,6.619999885559082,6.28000020980835,6.550000190734863,648600,0.0,0.0
2022-12-13 00:00:00-05:00,6.710000038146973,6.929999828338623,6.644999980926514,6.789999961853027,415700,0.0,0.0
2022-12-14 00:00:00-05:00,6.75,6.869999885559082,6.670000076293945,6.75,212100,0.0,0.0
2022-12-15 00:00:00-05:00,6.650000095367432,6.71999979019165,6.545000076293945,6.590000152587891,333100,0.0,0.0
2022-12-16 00:00:00-05:00,5.860000133514404,6.659999847412109,5.78000020980835,6.570000171661377,662800,0.0,0.0
2022-12-19 00:00:00-05:00,6.570000171661377,6.618000030517578,6.46999979019165,6.53000020980835,227400,0.0,0.0
2022-12-20 00:00:00-05:00,6.489999771118164,6.610000133514404,6.440000057220459,6.610000133514404,355400,0.0,0.0
2022-12-21 00:00:00-05:00,6.690000057220459,6.869999885559082,6.670000076293945,6.730000019073486,322700,0.0,0.0
2022-12-22 00:00:00-05:00,6.670000076293945,6.670000076293945,6.480000019073486,6.550000190734863,205500,0.0,0.0
2022-12-23 00:00:00-05:00,6.53000020980835,6.699999809265137,6.510000228881836,6.650000095367432,237900,0.0,0.0
2022-12-27 00:00:00-05:00,6.690000057220459,6.690000057220459,6.539999961853027,6.599999904632568,188300,0.0,0.0
2022-12-28 00:00:00-05:00,6.579999923706055,6.659999847412109,6.460000038146973,6.460000038146973,443600,0.0,0.0
2022-12-29 00:00:00-05:00,6.46999979019165,6.900000095367432,6.46999979019165,6.860000133514404,550000,0.0,0.0
2022-12-30 00:00:00-05:00,6.78000020980835,6.965000152587891,6.760000228881836,6.889999866485596,147400,0.0,0.0
2023-01-03 00:00:00-05:00,6.980000019073486,7.111999988555908,6.849999904632568,7.050000190734863,272500,0.0,0.0
2023-01-04 00:00:00-05:00,7.170000076293945,7.409999847412109,7.170000076293945,7.389999866485596,258400,0.0,0.0
2023-01-05 00:00:00-05:00,7.400000095367432,7.5,7.239999771118164,7.389999866485596,314600,0.0,0.0
2023-01-06 00:00:00-05:00,7.460000038146973,7.519999980926514,7.349999904632568,7.369999885559082,431100,0.0,0.0
2023-01-09 00:00:00-05:00,7.420000076293945,7.570000171661377,7.239999771118164,7.320000171661377,348500,0.0,0.0
2023-01-10 00:00:00-05:00,7.300000190734863,7.434999942779541,7.170000076293945,7.320000171661377,194600,0.0,0.0
2023-01-11 00:00:00-05:00,7.340000152587891,7.635000228881836,7.324999809265137,7.630000114440918,122200,0.0,0.0
2023-01-12 00:00:00-05:00,7.659999847412109,7.769999980926514,7.559999942779541,7.610000133514404,136400,0.0,0.0
2023-01-13 00:00:00-05:00,7.510000228881836,7.710000038146973,7.489999771118164,7.710000038146973,193100,0.0,0.0
2023-01-17 00:00:00-05:00,7.659999847412109,7.900000095367432,7.659999847412109,7.800000190734863,315100,0.0,0.0
2023-01-18 00:00:00-05:00,7.849999904632568,7.909999847412109,7.71999979019165,7.78000020980835,276000,0.0,0.0
2023-01-19 00:00:00-05:00,7.730000019073486,7.800000190734863,7.570000171661377,7.619999885559082,534800,0.0,0.0
2023-01-20 00:00:00-05:00,7.650000095367432,7.650000095367432,7.170000076293945,7.369999885559082,264000,0.0,0.0
2023-01-23 00:00:00-05:00,7.369999885559082,7.420000076293945,7.195000171661377,7.369999885559082,739200,0.0,0.0
2023-01-24 00:00:00-05:00,7.349999904632568,7.400000095367432,7.230000019073486,7.329999923706055,302800,0.0,0.0
2023-01-25 00:00:00-05:00,7.309999942779541,7.829999923706055,7.260000228881836,7.820000171661377,486100,0.0,0.0
2023-01-26 00:00:00-05:00,7.880000114440918,8.0,7.78000020980835,7.949999809265137,518300,0.0,0.0
2023-01-27 00:00:00-05:00,7.96999979019165,8.1899995803833,7.934999942779541,8.140000343322754,784500,0.0,0.0
2023-01-30 00:00:00-05:00,8.069999694824219,8.130000114440918,7.940000057220459,7.96999979019165,236800,0.0,0.0
2023-01-31 00:00:00-05:00,8.029999732971191,8.069999694824219,7.804999828338623,7.949999809265137,875100,0.0,0.0
2023-02-01 00:00:00-05:00,7.920000076293945,8.1850004196167,7.920000076293945,8.149999618530273,439400,0.0,0.0
2023-02-02 00:00:00-05:00,8.199999809265137,8.289999961853027,8.03499984741211,8.100000381469727,476000,0.0,0.0
2023-02-03 00:00:00-05:00,8.069999694824219,8.449999809265137,8.0,8.399999618530273,375600,0.0,0.0
2023-02-06 00:00:00-05:00,8.319999694824219,8.34000015258789,8.109999656677246,8.34000015258789,338000,0.0,0.0
2023-02-07 00:00:00-05:00,7.760000228881836,7.760000228881836,5.559999942779541,6.519999980926514,2209300,0.0,0.0
2023-02-08 00:00:00-05:00,6.510000228881836,7.110000133514404,6.453000068664551,7.059999942779541,1100100,0.0,0.0
2023-02-09 00:00:00-05:00,6.960000038146973,6.986000061035156,6.630000114440918,6.710000038146973,678700,0.0,0.0
2023-02-10 00:00:00-05:00,6.679999828338623,6.75,6.46999979019165,6.53000020980835,469200,0.0,0.0
2023-02-13 00:00:00-05:00,6.519999980926514,6.695000171661377,6.485000133514404,6.610000133514404,356000,0.0,0.0
2023-02-14 00:00:00-05:00,6.550000190734863,6.619999885559082,6.394999980926514,6.550000190734863,388300,0.0,0.0
2023-02-15 00:00:00-05:00,6.489999771118164,6.690000057220459,6.409999847412109,6.659999847412109,326500,0.0,0.0
2023-02-16 00:00:00-05:00,6.539999961853027,6.695000171661377,6.46999979019165,6.590000152587891,346600,0.0,0.0
2023-02-17 00:00:00-05:00,6.610000133514404,6.610000133514404,6.434999942779541,6.550000190734863,318000,0.0,0.0
2023-02-21 00:00:00-05:00,6.449999809265137,6.510000228881836,6.239999771118164,6.480000019073486,550300,0.0,0.0
2023-02-22 00:00:00-05:00,6.5,6.570000171661377,6.329999923706055,6.480000019073486,338700,0.0,0.0
2023-02-23 00:00:00-05:00,6.53000020980835,6.619999885559082,6.465000152587891,6.519999980926514,271300,0.0,0.0
2023-02-24 00:00:00-05:00,6.400000095367432,6.539999961853027,6.329999923706055,6.539999961853027,324400,0.0,0.0
2023-02-27 00:00:00-05:00,6.630000114440918,6.630000114440918,6.429999828338623,6.460000038146973,277800,0.0,0.0
2023-02-28 00:00:00-05:00,6.420000076293945,6.46999979019165,6.289999961853027,6.320000171661377,300700,0.0,0.0
2023-03-01 00:00:00-05:00,6.300000190734863,6.349999904632568,6.190000057220459,6.289999961853027,524700,0.0,0.0
2023-03-02 00:00:00-05:00,6.199999809265137,6.420000076293945,6.170000076293945,6.409999847412109,274400,0.0,0.0
2023-03-03 00:00:00-05:00,6.46999979019165,6.539999961853027,6.409999847412109,6.449999809265137,269200,0.0,0.0
2023-03-06 00:00:00-05:00,6.429999828338623,6.480000019073486,6.230000019073486,6.28000020980835,269900,0.0,0.0
2023-03-07 00:00:00-05:00,6.289999961853027,6.340000152587891,6.184999942779541,6.230000019073486,196200,0.0,0.0
2023-03-08 00:00:00-05:00,6.269999980926514,6.309999942779541,6.210000038146973,6.289999961853027,173700,0.0,0.0
2023-03-09 00:00:00-05:00,6.320000171661377,6.394999980926514,6.164999961853027,6.190000057220459,214200,0.0,0.0
2023-03-10 00:00:00-05:00,6.139999866485596,6.159999847412109,5.800000190734863,5.849999904632568,364300,0.0,0.0
2023-03-13 00:00:00-04:00,5.730000019073486,5.769999980926514,5.460000038146973,5.550000190734863,339800,0.0,0.0
2023-03-14 00:00:00-04:00,5.71999979019165,5.900000095367432,5.71999979019165,5.809999942779541,406600,0.0,0.0
2023-03-15 00:00:00-04:00,5.639999866485596,5.929999828338623,5.619999885559082,5.909999847412109,392100,0.0,0.0
2023-03-16 00:00:00-04:00,5.800000190734863,5.879000186920166,5.715000152587891,5.78000020980835,292100,0.0,0.0
2023-03-17 00:00:00-04:00,5.760000228881836,5.869999885559082,5.670000076293945,5.829999923706055,1149500,0.0,0.0
2023-03-20 00:00:00-04:00,5.880000114440918,5.889999866485596,5.690000057220459,5.75,283300,0.0,0.0
2023-03-21 00:00:00-04:00,5.880000114440918,5.920000076293945,5.809999942779541,5.869999885559082,244800,0.0,0.0
2023-03-22 00:00:00-04:00,5.849999904632568,5.96999979019165,5.809999942779541,5.849999904632568,310000,0.0,0.0
2023-03-23 00:00:00-04:00,5.880000114440918,5.885000228881836,5.670000076293945,5.670000076293945,364200,0.0,0.0
2023-03-24 00:00:00-04:00,5.599999904632568,5.710000038146973,5.579999923706055,5.610000133514404,247600,0.0,0.0
2023-03-27 00:00:00-04:00,5.690000057220459,5.710000038146973,5.559999942779541,5.570000171661377,318100,0.0,0.0
2023-03-28 00:00:00-04:00,5.539999961853027,5.579999923706055,5.239999771118164,5.269999980926514,268100,0.0,0.0
2023-03-29 00:00:00-04:00,5.329999923706055,5.380000114440918,5.184999942779541,5.28000020980835,406400,0.0,0.0
2023-03-30 00:00:00-04:00,5.340000152587891,5.485000133514404,5.309999942779541,5.389999866485596,183900,0.0,0.0
2023-03-31 00:00:00-04:00,5.429999828338623,5.625,5.340000152587891,5.619999885559082,398200,0.0,0.0
2023-04-03 00:00:00-04:00,5.619999885559082,5.670000076293945,5.460000038146973,5.570000171661377,285100,0.0,0.0
2023-04-04 00:00:00-04:00,5.599999904632568,5.610000133514404,5.295000076293945,5.369999885559082,270200,0.0,0.0
2023-04-05 00:00:00-04:00,5.329999923706055,5.329999923706055,5.170000076293945,5.239999771118164,234700,0.0,0.0
2023-04-06 00:00:00-04:00,5.25,5.329999923706055,5.170000076293945,5.309999942779541,272600,0.0,0.0
2023-04-10 00:00:00-04:00,5.28000020980835,5.619999885559082,5.260000228881836,5.489999771118164,1401200,0.0,0.0
2023-04-11 00:00:00-04:00,5.510000228881836,5.824999809265137,5.510000228881836,5.710000038146973,361200,0.0,0.0
2023-04-12 00:00:00-04:00,5.739999771118164,5.820000171661377,5.420000076293945,5.440000057220459,334000,0.0,0.0
2023-04-13 00:00:00-04:00,5.480000019073486,5.53000020980835,5.340000152587891,5.5,296100,0.0,0.0
2023-04-14 00:00:00-04:00,5.510000228881836,5.605000019073486,5.340000152587891,5.389999866485596,242300,0.0,0.0
2023-04-17 00:00:00-04:00,5.400000095367432,5.485000133514404,5.320000171661377,5.429999828338623,203600,0.0,0.0
2023-04-18 00:00:00-04:00,5.460000038146973,5.494999885559082,5.369999885559082,5.409999847412109,212100,0.0,0.0
2023-04-19 00:00:00-04:00,5.329999923706055,5.400000095367432,5.28000020980835,5.340000152587891,179300,0.0,0.0
2023-04-20 00:00:00-04:00,5.28000020980835,5.329999923706055,5.179999828338623,5.210000038146973,227000,0.0,0.0
2023-04-21 00:00:00-04:00,5.210000038146973,5.320000171661377,5.170000076293945,5.300000190734863,331600,0.0,0.0
2023-04-24 00:00:00-04:00,5.300000190734863,5.454999923706055,5.300000190734863,5.389999866485596,243900,0.0,0.0
2023-04-25 00:00:00-04:00,5.329999923706055,5.360000133514404,5.235000133514404,5.269999980926514,208800,0.0,0.0
2023-04-26 00:00:00-04:00,5.210000038146973,5.298999786376953,5.159999847412109,5.170000076293945,226800,0.0,0.0
2023-04-27 00:00:00-04:00,5.199999809265137,5.369999885559082,5.190000057220459,5.349999904632568,238800,0.0,0.0
2023-04-28 00:00:00-04:00,5.340000152587891,5.550000190734863,5.340000152587891,5.53000020980835,216800,0.0,0.0
2023-05-01 00:00:00-04:00,5.53000020980835,5.619999885559082,5.434999942779541,5.519999980926514,229100,0.0,0.0
2023-05-02 00:00:00-04:00,5.5,5.5,5.159999847412109,5.199999809265137,319500,0.0,0.0
2023-05-03 00:00:00-04:00,5.179999828338623,5.335000038146973,5.179999828338623,5.230000019073486,261700,0.0,0.0
2023-05-04 00:00:00-04:00,5.170000076293945,6.179999828338623,5.170000076293945,6.099999904632568,788400,0.0,0.0
2023-05-05 00:00:00-04:00,6.289999961853027,6.690000057220459,6.230000019073486,6.539999961853027,513600,0.0,0.0
2023-05-08 00:00:00-04:00,6.650000095367432,6.789999961853027,6.420000076293945,6.429999828338623,419900,0.0,0.0
2023-05-09 00:00:00-04:00,6.400000095367432,6.505000114440918,6.289999961853027,6.429999828338623,375100,0.0,0.0
2023-05-10 00:00:00-04:00,6.550000190734863,6.71999979019165,6.264999866485596,6.360000133514404,422500,0.0,0.0
2023-05-11 00:00:00-04:00,6.300000190734863,6.434999942779541,6.260000228881836,6.369999885559082,337600,0.0,0.0
2023-05-12 00:00:00-04:00,6.409999847412109,6.53000020980835,6.300000190734863,6.309999942779541,383200,0.0,0.0
2023-05-15 00:00:00-04:00,6.349999904632568,6.465000152587891,6.309999942779541,6.429999828338623,237400,0.0,0.0
2023-05-16 00:00:00-04:00,6.369999885559082,6.409999847412109,6.264999866485596,6.28000020980835,268100,0.0,0.0
2023-05-17 00:00:00-04:00,6.349999904632568,6.565000057220459,6.320000171661377,6.510000228881836,232600,0.0,0.0
2023-05-18 00:00:00-04:00,6.46999979019165,6.590000152587891,6.429999828338623,6.539999961853027,200600,0.0,0.0
2023-05-19 00:00:00-04:00,6.610000133514404,6.650000095367432,6.519999980926514,6.559999942779541,230100,0.0,0.0
2023-05-22 00:00:00-04:00,6.579999923706055,6.724999904632568,6.525000095367432,6.619999885559082,227400,0.0,0.0
2023-05-23 00:00:00-04:00,6.579999923706055,6.815000057220459,6.579999923706055,6.710000038146973,248300,0.0,0.0
2023-05-24 00:00:00-04:00,6.670000076293945,6.710000038146973,6.545000076293945,6.599999904632568,374000,0.0,0.0
2023-05-25 00:00:00-04:00,6.550000190734863,6.630000114440918,6.494999885559082,6.550000190734863,298600,0.0,0.0
2023-05-26 00:00:00-04:00,6.570000171661377,6.775000095367432,6.550000190734863,6.710000038146973,238300,0.0,0.0
2023-05-30 00:00:00-04:00,6.739999771118164,6.789999961853027,6.534999847412109,6.550000190734863,327000,0.0,0.0
2023-05-31 00:00:00-04:00,6.53000020980835,6.664999961853027,6.485000133514404,6.599999904632568,589400,0.0,0.0
2023-06-01 00:00:00-04:00,6.599999904632568,6.880000114440918,6.480000019073486,6.820000171661377,305400,0.0,0.0
2023-06-02 00:00:00-04:00,6.900000095367432,7.215000152587891,6.824999809265137,7.179999828338623,513500,0.0,0.0
2023-06-05 00:00:00-04:00,7.170000076293945,7.179999828338623,6.980000019073486,7.03000020980835,248500,0.0,0.0
2023-06-06 00:00:00-04:00,7.03000020980835,7.255000114440918,7.019999980926514,7.21999979019165,439800,0.0,0.0
2023-06-07 00:00:00-04:00,7.269999980926514,7.610000133514404,7.269999980926514,7.590000152587891,451200,0.0,0.0
2023-06-08 00:00:00-04:00,7.559999942779541,7.559999942779541,7.340000152587891,7.360000133514404,218000,0.0,0.0
2023-06-09 00:00:00-04:00,7.329999923706055,7.329999923706055,7.21999979019165,7.28000020980835,236300,0.0,0.0
2023-06-12 00:00:00-04:00,7.289999961853027,7.425000190734863,7.230000019073486,7.329999923706055,272400,0.0,0.0
2023-06-13 00:00:00-04:00,7.389999866485596,7.46999979019165,7.320000171661377,7.340000152587891,320500,0.0,0.0
2023-06-14 00:00:00-04:00,7.349999904632568,7.525000095367432,7.070000171661377,7.099999904632568,219800,0.0,0.0
2023-06-15 00:00:00-04:00,7.039999961853027,7.170000076293945,7.019999980926514,7.130000114440918,309100,0.0,0.0
2023-06-16 00:00:00-04:00,7.210000038146973,7.289999961853027,7.005000114440918,7.090000152587891,638000,0.0,0.0
2023-06-20 00:00:00-04:00,7.010000228881836,7.099999904632568,6.960000038146973,7.039999961853027,263800,0.0,0.0
2023-06-21 00:00:00-04:00,7.019999980926514,7.090000152587891,6.909999847412109,7.059999942779541,215600,0.0,0.0
2023-06-22 00:00:00-04:00,7.039999961853027,7.039999961853027,6.889999866485596,6.909999847412109,215400,0.0,0.0
2023-06-23 00:00:00-04:00,6.760000228881836,6.980000019073486,6.760000228881836,6.909999847412109,786600,0.0,0.0
2023-06-26 00:00:00-04:00,6.869999885559082,7.170000076293945,6.869999885559082,7.130000114440918,276500,0.0,0.0
2023-06-27 00:00:00-04:00,7.139999866485596,7.184999942779541,7.050000190734863,7.150000095367432,204200,0.0,0.0
2023-06-28 00:00:00-04:00,7.150000095367432,7.179999828338623,7.090000152587891,7.099999904632568,134400,0.0,0.0
2023-06-29 00:00:00-04:00,7.090000152587891,7.239999771118164,7.090000152587891,7.210000038146973,205700,0.0,0.0
2023-06-30 00:00:00-04:00,7.28000020980835,7.329999923706055,7.170000076293945,7.179999828338623,335400,0.0,0.0
2023-07-03 00:00:00-04:00,7.199999809265137,7.289999961853027,7.130000114440918,7.199999809265137,620100,0.0,0.0
2023-07-05 00:00:00-04:00,7.179999828338623,7.25,7.130000114440918,7.139999866485596,352900,0.0,0.0
2023-07-06 00:00:00-04:00,7.039999961853027,7.059999942779541,6.84499979019165,7.039999961853027,258600,0.0,0.0
2023-07-07 00:00:00-04:00,7.039999961853027,7.21999979019165,7.039999961853027,7.150000095367432,438100,0.0,0.0
2023-07-10 00:00:00-04:00,7.110000133514404,7.269999980926514,7.110000133514404,7.269999980926514,237300,0.0,0.0
2023-07-11 00:00:00-04:00,7.269999980926514,7.380000114440918,7.241000175476074,7.369999885559082,237300,0.0,0.0
2023-07-12 00:00:00-04:00,7.489999771118164,7.639999866485596,7.449999809265137,7.619999885559082,354400,0.0,0.0
2023-07-13 00:00:00-04:00,7.690000057220459,7.75,7.614999771118164,7.659999847412109,173000,0.0,0.0
2023-07-14 00:00:00-04:00,7.639999866485596,7.639999866485596,7.449999809265137,7.590000152587891,196400,0.0,0.0
2023-07-17 00:00:00-04:00,7.559999942779541,7.664999961853027,7.53000020980835,7.570000171661377,261400,0.0,0.0
2023-07-18 00:00:00-04:00,7.599999904632568,7.769999980926514,7.590000152587891,7.630000114440918,178600,0.0,0.0
2023-07-19 00:00:00-04:00,7.670000076293945,7.820000171661377,7.670000076293945,7.820000171661377,185900,0.0,0.0
2023-07-20 00:00:00-04:00,7.880000114440918,7.880000114440918,7.639999866485596,7.75,150000,0.0,0.0
2023-07-21 00:00:00-04:00,7.769999980926514,7.829999923706055,7.670000076293945,7.670000076293945,150100,0.0,0.0
2023-07-24 00:00:00-04:00,7.679999828338623,7.71999979019165,7.570000171661377,7.639999866485596,185400,0.0,0.0
2023-07-25 00:00:00-04:00,7.599999904632568,7.880000114440918,7.579999923706055,7.869999885559082,332100,0.0,0.0
2023-07-26 00:00:00-04:00,7.840000152587891,7.889999866485596,7.760000228881836,7.800000190734863,260300,0.0,0.0
2023-07-27 00:00:00-04:00,7.800000190734863,7.880000114440918,7.590000152587891,7.659999847412109,328100,0.0,0.0
2023-07-28 00:00:00-04:00,7.769999980926514,7.820000171661377,7.739999771118164,7.789999961853027,270000,0.0,0.0
2023-07-31 00:00:00-04:00,7.829999923706055,7.869999885559082,7.690000057220459,7.710000038146973,167100,0.0,0.0
2023-08-01 00:00:00-04:00,7.690000057220459,7.769999980926514,7.559999942779541,7.760000228881836,167000,0.0,0.0
2023-08-02 00:00:00-04:00,7.679999828338623,7.940000057220459,7.619999885559082,7.940000057220459,376800,0.0,0.0
2023-08-03 00:00:00-04:00,7.519999980926514,7.909999847412109,6.96999979019165,7.829999923706055,573700,0.0,0.0
2023-08-04 00:00:00-04:00,7.900000095367432,8.170000076293945,7.840000152587891,8.010000228881836,336000,0.0,0.0
2023-08-07 00:00:00-04:00,8.020000457763672,8.09000015258789,7.739999771118164,7.909999847412109,351400,0.0,0.0
2023-08-08 00:00:00-04:00,7.860000133514404,8.029999732971191,7.835000038146973,8.0,239900,0.0,0.0
2023-08-09 00:00:00-04:00,8.029999732971191,8.25,7.940000057220459,8.229999542236328,186800,0.0,0.0
2023-08-10 00:00:00-04:00,8.239999771118164,8.329999923706055,8.199000358581543,8.270000457763672,217100,0.0,0.0
2023-08-11 00:00:00-04:00,8.239999771118164,8.470000267028809,8.199999809265137,8.470000267028809,227000,0.0,0.0
2023-08-14 00:00:00-04:00,8.40999984741211,8.720000267028809,8.244999885559082,8.6899995803833,381900,0.0,0.0
2023-08-15 00:00:00-04:00,8.630000114440918,8.630000114440918,8.34000015258789,8.470000267028809,267400,0.0,0.0
2023-08-16 00:00:00-04:00,8.479999542236328,8.614999771118164,8.329999923706055,8.390000343322754,204200,0.0,0.0
2023-08-17 00:00:00-04:00,8.380000114440918,8.399999618530273,8.25,8.3100004196167,152100,0.0,0.0
2023-08-18 00:00:00-04:00,8.25,8.380000114440918,8.220000267028809,8.350000381469727,153800,0.0,0.0
2023-08-21 00:00:00-04:00,8.34000015258789,8.420000076293945,8.279999732971191,8.359999656677246,166200,0.0,0.0
2023-08-22 00:00:00-04:00,8.380000114440918,8.5600004196167,8.220000267028809,8.300000190734863,726000,0.0,0.0
2023-08-23 00:00:00-04:00,8.34000015258789,8.414999961853027,8.199999809265137,8.329999923706055,234200,0.0,0.0
2023-08-24 00:00:00-04:00,8.279999732971191,8.380000114440918,8.039999961853027,8.220000267028809,280700,0.0,0.0
2023-08-25 00:00:00-04:00,8.239999771118164,8.300000190734863,8.045000076293945,8.149999618530273,217600,0.0,0.0
2023-08-28 00:00:00-04:00,8.40999984741211,9.15999984741211,8.40999984741211,8.75,1064400,0.0,0.0
2023-08-29 00:00:00-04:00,8.710000038146973,8.970000267028809,8.619999885559082,8.890000343322754,466600,0.0,0.0
2023-08-30 00:00:00-04:00,8.859999656677246,8.859999656677246,8.489999771118164,8.539999961853027,327200,0.0,0.0
2023-08-31 00:00:00-04:00,8.5,8.5600004196167,8.270000457763672,8.279999732971191,263000,0.0,0.0
2023-09-01 00:00:00-04:00,8.350000381469727,8.440999984741211,8.3100004196167,8.329999923706055,223400,0.0,0.0
2023-09-05 00:00:00-04:00,8.279999732971191,8.279999732971191,7.800000190734863,8.010000228881836,497400,0.0,0.0
2023-09-06 00:00:00-04:00,8.029999732971191,8.15999984741211,7.960000038146973,8.130000114440918,410700,0.0,0.0
2023-09-07 00:00:00-04:00,8.079999923706055,8.319999694824219,8.029999732971191,8.25,497600,0.0,0.0
2023-09-08 00:00:00-04:00,8.239999771118164,8.319999694824219,8.180000305175781,8.260000228881836,379700,0.0,0.0
2023-09-11 00:00:00-04:00,8.3100004196167,8.385000228881836,8.229999542236328,8.350000381469727,249500,0.0,0.0
2023-09-12 00:00:00-04:00,8.350000381469727,8.475000381469727,8.350000381469727,8.470000267028809,272100,0.0,0.0
2023-09-13 00:00:00-04:00,8.460000038146973,8.585000038146973,8.319999694824219,8.529999732971191,379100,0.0,0.0
2023-09-14 00:00:00-04:00,8.649999618530273,8.829999923706055,8.539999961853027,8.710000038146973,304800,0.0,0.0
2023-09-15 00:00:00-04:00,8.65999984741211,8.720000267028809,8.510000228881836,8.510000228881836,412800,0.0,0.0
2023-09-18 00:00:00-04:00,8.510000228881836,8.520000457763672,8.279999732971191,8.279999732971191,197700,0.0,0.0
2023-09-19 00:00:00-04:00,8.3100004196167,8.380000114440918,8.09000015258789,8.109999656677246,186300,0.0,0.0
2023-09-20 00:00:00-04:00,8.149999618530273,8.210000038146973,7.960000038146973,7.960000038146973,185900,0.0,0.0
2023-09-21 00:00:00-04:00,7.909999847412109,7.909999847412109,7.739999771118164,7.739999771118164,193700,0.0,0.0
2023-09-22 00:00:00-04:00,7.760000228881836,7.820000171661377,7.730000019073486,7.730000019073486,195600,0.0,0.0
2023-09-25 00:00:00-04:00,7.670000076293945,7.820000171661377,7.610000133514404,7.760000228881836,150700,0.0,0.0
2023-09-26 00:00:00-04:00,7.670000076293945,7.755000114440918,7.510000228881836,7.519999980926514,159200,0.0,0.0
2023-09-27 00:00:00-04:00,7.579999923706055,7.704999923706055,7.559999942779541,7.670000076293945,173500,0.0,0.0
2023-09-28 00:00:00-04:00,7.690000057220459,7.840000152587891,7.690000057220459,7.800000190734863,239600,0.0,0.0
2023-09-29 00:00:00-04:00,7.840000152587891,7.840000152587891,7.679999828338623,7.75,397200,0.0,0.0
2023-10-02 00:00:00-04:00,7.75,7.829999923706055,7.685999870300293,7.730000019073486,185200,0.0,0.0
2023-10-03 00:00:00-04:00,7.699999809265137,7.739999771118164,7.550000190734863,7.619999885559082,165800,0.0,0.0
2023-10-04 00:00:00-04:00,7.570000171661377,7.695000171661377,7.570000171661377,7.639999866485596,307400,0.0,0.0
2023-10-05 00:00:00-04:00,7.659999847412109,7.730000019073486,7.510000228881836,7.610000133514404,179500,0.0,0.0
2023-10-06 00:00:00-04:00,7.610000133514404,7.690000057220459,7.519999980926514,7.610000133514404,124800,0.0,0.0
2023-10-09 00:00:00-04:00,7.53000020980835,7.800000190734863,7.510000228881836,7.78000020980835,172000,0.0,0.0
2023-10-10 00:00:00-04:00,7.820000171661377,7.900000095367432,7.800000190734863,7.860000133514404,224400,0.0,0.0
2023-10-11 00:00:00-04:00,7.860000133514404,7.954999923706055,7.670000076293945,7.769999980926514,124400,0.0,0.0
2023-10-12 00:00:00-04:00,7.739999771118164,7.75,7.519999980926514,7.599999904632568,189000,0.0,0.0
2023-10-13 00:00:00-04:00,7.639999866485596,7.650000095367432,7.440000057220459,7.5,209000,0.0,0.0
2023-10-16 00:00:00-04:00,7.550000190734863,7.695000171661377,7.550000190734863,7.590000152587891,149500,0.0,0.0
2023-10-17 00:00:00-04:00,7.550000190734863,7.820000171661377,7.550000190734863,7.800000190734863,226100,0.0,0.0
2023-10-18 00:00:00-04:00,7.670000076293945,7.695000171661377,7.510000228881836,7.659999847412109,194200,0.0,0.0
2023-10-19 00:00:00-04:00,7.579999923706055,7.630000114440918,7.329999923706055,7.329999923706055,190100,0.0,0.0
2023-10-20 00:00:00-04:00,7.369999885559082,7.429999828338623,7.210000038146973,7.300000190734863,580600,0.0,0.0
2023-10-23 00:00:00-04:00,7.269999980926514,7.289999961853027,7.114999771118164,7.119999885559082,141400,0.0,0.0
2023-10-24 00:00:00-04:00,7.150000095367432,7.230000019073486,7.09499979019165,7.119999885559082,262700,0.0,0.0
2023-10-25 00:00:00-04:00,7.059999942779541,7.110000133514404,6.840000152587891,6.849999904632568,277400,0.0,0.0
2023-10-26 00:00:00-04:00,6.909999847412109,7.079999923706055,6.90500020980835,6.949999809265137,151500,0.0,0.0
2023-10-27 00:00:00-04:00,6.940000057220459,6.980000019073486,6.639999866485596,6.659999847412109,244400,0.0,0.0
2023-10-30 00:00:00-04:00,6.769999980926514,6.880000114440918,6.644999980926514,6.71999979019165,215500,0.0,0.0
2023-10-31 00:00:00-04:00,6.71999979019165,6.820000171661377,6.710000038146973,6.739999771118164,142400,0.0,0.0
2023-11-01 00:00:00-04:00,6.699999809265137,6.75,6.579999923706055,6.659999847412109,196500,0.0,0.0
2023-11-02 00:00:00-04:00,6.809999942779541,6.900000095367432,6.784999847412109,6.889999866485596,142400,0.0,0.0
2023-11-03 00:00:00-04:00,7.03000020980835,7.349999904632568,7.03000020980835,7.260000228881836,237100,0.0,0.0
2023-11-06 00:00:00-05:00,7.230000019073486,7.269999980926514,7.139999866485596,7.179999828338623,202500,0.0,0.0
2023-11-07 00:00:00-05:00,7.139999866485596,7.170000076293945,7.039999961853027,7.090000152587891,200400,0.0,0.0
2023-11-08 00:00:00-05:00,7.119999885559082,7.119999885559082,7.025000095367432,7.110000133514404,163500,0.0,0.0
2023-11-09 00:00:00-05:00,7.179999828338623,7.179999828338623,6.960000038146973,6.960000038146973,125500,0.0,0.0
2023-11-10 00:00:00-05:00,6.880000114440918,7.179999828338623,6.860000133514404,7.170000076293945,233600,0.0,0.0
2023-11-13 00:00:00-05:00,7.159999847412109,7.230000019073486,7.139999866485596,7.190000057220459,137900,0.0,0.0
2023-11-14 00:00:00-05:00,7.46999979019165,7.829999923706055,7.420000076293945,7.789999961853027,370600,0.0,0.0
2023-11-15 00:00:00-05:00,7.760000228881836,7.954999923706055,7.699999809265137,7.730000019073486,370300,0.0,0.0
2023-11-16 00:00:00-05:00,7.5,7.519999980926514,6.940000057220459,7.210000038146973,332300,0.0,0.0
2023-11-17 00:00:00-05:00,7.239999771118164,7.364999771118164,7.099999904632568,7.199999809265137,215200,0.0,0.0
2023-11-20 00:00:00-05:00,7.260000228881836,7.425000190734863,7.215000152587891,7.360000133514404,262300,0.0,0.0
2023-11-21 00:00:00-05:00,7.309999942779541,7.369999885559082,7.201000213623047,7.320000171661377,231100,0.0,0.0
2023-11-22 00:00:00-05:00,7.559999942779541,7.699999809265137,7.309999942779541,7.329999923706055,301300,0.0,0.0
2023-11-24 00:00:00-05:00,7.289999961853027,7.579999923706055,7.289999961853027,7.480000019073486,151600,0.0,0.0
2023-11-27 00:00:00-05:00,7.460000038146973,7.585000038146973,7.429999828338623,7.489999771118164,330800,0.0,0.0
2023-11-28 00:00:00-05:00,7.46999979019165,7.59499979019165,7.389999866485596,7.510000228881836,323900,0.0,0.0
2023-11-29 00:00:00-05:00,7.579999923706055,7.710000038146973,7.449999809265137,7.579999923706055,242200,0.0,0.0
2023-11-30 00:00:00-05:00,7.599999904632568,7.735000133514404,7.53000020980835,7.639999866485596,194000,0.0,0.0
2023-12-01 00:00:00-05:00,7.659999847412109,8.039999961853027,7.579999923706055,8.020000457763672,378300,0.0,0.0
2023-12-04 00:00:00-05:00,7.960000038146973,8.199999809265137,7.960000038146973,8.0,303800,0.0,0.0
2023-12-05 00:00:00-05:00,7.960000038146973,8.029999732971191,7.820000171661377,7.820000171661377,245700,0.0,0.0
2023-12-06 00:00:00-05:00,7.889999866485596,8.024999618530273,7.735000133514404,7.809999942779541,389700,0.0,0.0
2023-12-07 00:00:00-05:00,7.840000152587891,7.929999828338623,7.739999771118164,7.920000076293945,210800,0.0,0.0
2023-12-08 00:00:00-05:00,7.880000114440918,8.020000457763672,7.880000114440918,7.96999979019165,179100,0.0,0.0
2023-12-11 00:00:00-05:00,7.960000038146973,8.015000343322754,7.889999866485596,7.980000019073486,271100,0.0,0.0
2023-12-12 00:00:00-05:00,7.96999979019165,7.999000072479248,7.889999866485596,7.980000019073486,167000,0.0,0.0
2023-12-13 00:00:00-05:00,7.989999771118164,8.324999809265137,7.925000190734863,8.270000457763672,510900,0.0,0.0
2023-12-14 00:00:00-05:00,8.449999809265137,8.619999885559082,8.350000381469727,8.4399995803833,400300,0.0,0.0
2023-12-15 00:00:00-05:00,8.479999542236328,8.510000228881836,8.345000267028809,8.40999984741211,510500,0.0,0.0
2023-12-18 00:00:00-05:00,8.470000267028809,8.470000267028809,8.130000114440918,8.180000305175781,328400,0.0,0.0
2023-12-19 00:00:00-05:00,8.3100004196167,8.470000267028809,8.244999885559082,8.329999923706055,406400,0.0,0.0
2023-12-20 00:00:00-05:00,8.3100004196167,8.470000267028809,7.989999771118164,8.039999961853027,1435600,0.0,0.0
2023-12-21 00:00:00-05:00,8.109999656677246,8.210000038146973,7.965000152587891,8.199999809265137,1315100,0.0,0.0
2023-12-22 00:00:00-05:00,8.260000228881836,8.539999961853027,8.220000267028809,8.529999732971191,1021500,0.0,0.0
2023-12-26 00:00:00-05:00,8.579999923706055,8.614999771118164,8.40999984741211,8.569999694824219,336500,0.0,0.0
2023-12-27 00:00:00-05:00,8.569999694824219,8.569999694824219,8.399999618530273,8.550000190734863,477600,0.0,0.0
2023-12-28 00:00:00-05:00,8.489999771118164,8.574999809265137,8.479999542236328,8.5600004196167,399500,0.0,0.0
2023-12-29 00:00:00-05:00,8.5600004196167,8.579999923706055,8.399999618530273,8.420000076293945,234200,0.0,0.0
2024-01-02 00:00:00-05:00,8.350000381469727,8.449999809265137,8.25,8.319999694824219,318600,0.0,0.0
2024-01-03 00:00:00-05:00,8.25,8.270000457763672,8.085000038146973,8.09000015258789,237800,0.0,0.0
2024-01-04 00:00:00-05:00,8.130000114440918,8.130000114440918,7.949999809265137,7.989999771118164,179000,0.0,0.0
2024-01-05 00:00:00-05:00,7.889999866485596,8.020000457763672,7.769999980926514,7.789999961853027,204700,0.0,0.0
2024-01-08 00:00:00-05:00,7.800000190734863,7.989999771118164,7.75,7.96999979019165,184900,0.0,0.0
2024-01-09 00:00:00-05:00,7.800000190734863,7.860000133514404,7.760000228881836,7.800000190734863,161900,0.0,0.0
2024-01-10 00:00:00-05:00,7.820000171661377,8.130000114440918,7.760000228881836,8.130000114440918,433500,0.0,0.0
2024-01-11 00:00:00-05:00,8.0600004196167,8.270000457763672,8.0600004196167,8.25,347100,0.0,0.0
2024-01-12 00:00:00-05:00,8.380000114440918,8.489999771118164,8.194999694824219,8.239999771118164,363900,0.0,0.0
2024-01-16 00:00:00-05:00,8.119999885559082,8.380000114440918,8.069999694824219,8.369999885559082,342000,0.0,0.0
2024-01-17 00:00:00-05:00,8.199999809265137,8.300000190734863,8.175000190734863,8.289999961853027,412800,0.0,0.0
2024-01-18 00:00:00-05:00,8.289999961853027,8.5,8.274999618530273,8.300000190734863,371800,0.0,0.0
2024-01-19 00:00:00-05:00,8.369999885559082,8.5,8.180000305175781,8.489999771118164,271300,0.0,0.0
2024-01-22 00:00:00-05:00,8.600000381469727,8.925000190734863,8.5600004196167,8.899999618530273,602000,0.0,0.0
2024-01-23 00:00:00-05:00,9.020000457763672,9.050000190734863,8.770000457763672,8.90999984741211,336500,0.0,0.0
2024-01-24 00:00:00-05:00,9.050000190734863,9.0600004196167,8.755000114440918,8.770000457763672,292100,0.0,0.0
2024-01-25 00:00:00-05:00,8.930000305175781,8.949999809265137,8.699999809265137,8.8100004196167,291200,0.0,0.0
2024-01-26 00:00:00-05:00,8.890000343322754,8.930000305175781,8.829999923706055,8.899999618530273,213600,0.0,0.0
2024-01-29 00:00:00-05:00,8.869999885559082,9.0,8.779999732971191,8.970000267028809,286000,0.0,0.0
2024-01-30 00:00:00-05:00,8.920000076293945,9.050000190734863,8.854999542236328,9.050000190734863,492100,0.0,0.0
2024-01-31 00:00:00-05:00,9.069999694824219,9.149999618530273,8.895000457763672,8.930000305175781,568600,0.0,0.0
2024-02-01 00:00:00-05:00,8.520000457763672,9.149999618530273,8.210000038146973,8.84000015258789,1307400,0.0,0.0
2024-02-02 00:00:00-05:00,8.75,8.895000457763672,8.619999885559082,8.720000267028809,703800,0.0,0.0
2024-02-05 00:00:00-05:00,8.59000015258789,8.710000038146973,8.484999656677246,8.670000076293945,528000,0.0,0.0
2024-02-06 00:00:00-05:00,8.640000343322754,8.720000267028809,8.520000457763672,8.539999961853027,390800,0.0,0.0
2024-02-07 00:00:00-05:00,8.600000381469727,8.600000381469727,8.329999923706055,8.390000343322754,401300,0.0,0.0
2024-02-08 00:00:00-05:00,8.380000114440918,8.460000038146973,8.289999961853027,8.390000343322754,332700,0.0,0.0
2024-02-09 00:00:00-05:00,8.40999984741211,8.449999809265137,8.270000457763672,8.399999618530273,317600,0.0,0.0
2024-02-12 00:00:00-05:00,8.369999885559082,8.529999732971191,8.369999885559082,8.449999809265137,425900,0.0,0.0
2024-02-13 00:00:00-05:00,8.210000038146973,8.289999961853027,8.119999885559082,8.15999984741211,521400,0.0,0.0
2024-02-14 00:00:00-05:00,8.270000457763672,8.550000190734863,8.229999542236328,8.489999771118164,269900,0.0,0.0
2024-02-15 00:00:00-05:00,8.539999961853027,8.760000228881836,8.539999961853027,8.6899995803833,233500,0.0,0.0
2024-02-16 00:00:00-05:00,8.579999923706055,8.699999809265137,8.510000228881836,8.630000114440918,204700,0.0,0.0
2024-02-20 00:00:00-05:00,8.529999732971191,8.555000305175781,8.364999771118164,8.449999809265137,317100,0.0,0.0
2024-02-21 00:00:00-05:00,8.40999984741211,8.460000038146973,8.350000381469727,8.359999656677246,234400,0.0,0.0
2024-02-22 00:00:00-05:00,8.359999656677246,8.420000076293945,8.270000457763672,8.3100004196167,227600,0.0,0.0
2024-02-23 00:00:00-05:00,8.289999961853027,8.569999694824219,8.260000228881836,8.5600004196167,352100,0.0,0.0
2024-02-26 00:00:00-05:00,8.510000228881836,8.699999809265137,8.5,8.630000114440918,415600,0.0,0.0
2024-02-27 00:00:00-05:00,8.680000305175781,8.699999809265137,8.585000038146973,8.609999656677246,241400,0.0,0.0
2024-02-28 00:00:00-05:00,8.539999961853027,8.640000343322754,8.520000457763672,8.600000381469727,209800,0.0,0.0
2024-02-29 00:00:00-05:00,8.729999542236328,8.779999732971191,8.630000114440918,8.710000038146973,208100,0.0,0.0
2024-03-01 00:00:00-05:00,8.6899995803833,8.859999656677246,8.600000381469727,8.8100004196167,240100,0.0,0.0
2024-03-04 00:00:00-05:00,9.050000190734863,9.520000457763672,9.050000190734863,9.40999984741211,939000,0.0,0.0
2024-03-05 00:00:00-05:00,9.359999656677246,9.6850004196167,9.199999809265137,9.470000267028809,546500,0.0,0.0
2024-03-06 00:00:00-05:00,9.539999961853027,9.960000038146973,9.420000076293945,9.890000343322754,614800,0.0,0.0
2024-03-07 00:00:00-05:00,9.970000267028809,10.119999885559082,9.829999923706055,9.960000038146973,1026900,0.0,0.0
2024-03-08 00:00:00-05:00,10.0600004196167,10.119999885559082,9.859999656677246,9.899999618530273,308500,0.0,0.0
2024-03-11 00:00:00-04:00,9.84000015258789,9.869999885559082,9.649999618530273,9.699999809265137,252600,0.0,0.0
2024-03-12 00:00:00-04:00,9.670000076293945,9.90999984741211,9.550000190734863,9.829999923706055,591500,0.0,0.0
2024-03-13 00:00:00-04:00,9.850000381469727,10.069999694824219,9.850000381469727,9.949999809265137,1087800,0.0,0.0
2024-03-14 00:00:00-04:00,9.960000038146973,10.359999656677246,9.894000053405762,10.199999809265137,1461400,0.0,0.0
2024-03-15 00:00:00-04:00,10.170000076293945,10.345000267028809,10.095000267028809,10.199999809265137,1292700,0.0,0.0
2024-03-18 00:00:00-04:00,10.229999542236328,10.350000381469727,10.130000114440918,10.279999732971191,917600,0.0,0.0
2024-03-19 00:00:00-04:00,10.300000190734863,10.635000228881836,10.248000144958496,10.529999732971191,720400,0.0,0.0
2024-03-20 00:00:00-04:00,10.460000038146973,10.819999694824219,10.390000343322754,10.779999732971191,503700,0.0,0.0
2024-03-21 00:00:00-04:00,10.84000015258789,11.239999771118164,10.819999694824219,11.170000076293945,605700,0.0,0.0
2024-03-22 00:00:00-04:00,11.210000038146973,11.5,11.1850004196167,11.430000305175781,672600,0.0,0.0
2024-03-25 00:00:00-04:00,11.430000305175781,11.619999885559082,11.414999961853027,11.5,1131400,0.0,0.0
2024-03-26 00:00:00-04:00,11.569999694824219,11.579999923706055,11.199999809265137,11.270000457763672,824500,0.0,0.0
2024-03-27 00:00:00-04:00,11.350000381469727,11.449999809265137,11.324999809265137,11.399999618530273,434000,0.0,0.0
2024-03-28 00:00:00-04:00,11.449999809265137,11.920000076293945,11.369999885559082,11.899999618530273,1286400,0.0,0.0
2024-04-01 00:00:00-04:00,11.930000305175781,12.069999694824219,11.630000114440918,12.050000190734863,717400,0.0,0.0
2024-04-02 00:00:00-04:00,11.920000076293945,11.979999542236328,11.8100004196167,11.970000267028809,626700,0.0,0.0
2024-04-03 00:00:00-04:00,11.90999984741211,12.350000381469727,11.890000343322754,12.180000305175781,846100,0.0,0.0
2024-04-04 00:00:00-04:00,10.920000076293945,12.067000389099121,10.859999656677246,11.6899995803833,1709200,0.0,0.0
2024-04-05 00:00:00-04:00,11.630000114440918,12.210000038146973,11.539999961853027,12.170000076293945,1037100,0.0,0.0
2024-04-08 00:00:00-04:00,12.229999542236328,12.300000190734863,11.829999923706055,11.859999656677246,835700,0.0,0.0
2024-04-09 00:00:00-04:00,11.880000114440918,11.930000305175781,11.484999656677246,11.609999656677246,984200,0.0,0.0
2024-04-10 00:00:00-04:00,11.359999656677246,11.670000076293945,11.270000457763672,11.5600004196167,634800,0.0,0.0
2024-04-11 00:00:00-04:00,11.619999885559082,11.800000190734863,11.489999771118164,11.770000457763672,1350000,0.0,0.0
2024-04-12 00:00:00-04:00,11.770000457763672,11.770000457763672,11.220000267028809,11.3100004196167,900700,0.0,0.0
2024-04-15 00:00:00-04:00,11.420000076293945,11.510000228881836,11.180000305175781,11.239999771118164,1502600,0.0,0.0
2024-04-16 00:00:00-04:00,11.079999923706055,11.180000305175781,10.880000114440918,11.100000381469727,813300,0.0,0.0
2024-04-17 00:00:00-04:00,11.199999809265137,11.255000114440918,10.6899995803833,10.819999694824219,851000,0.0,0.0
2024-04-18 00:00:00-04:00,10.899999618530273,11.015000343322754,10.800000190734863,10.829999923706055,456800,0.0,0.0
2024-04-19 00:00:00-04:00,10.789999961853027,11.0600004196167,10.760000228881836,11.0600004196167,504900,0.0,0.0
2024-04-22 00:00:00-04:00,11.119999885559082,11.369999885559082,11.100000381469727,11.199999809265137,775000,0.0,0.0
2024-04-23 00:00:00-04:00,11.220000267028809,11.529999732971191,11.220000267028809,11.520000457763672,509200,0.0,0.0
2024-04-24 00:00:00-04:00,11.539999961853027,11.625,11.305000305175781,11.329999923706055,1302500,0.0,0.0
2024-04-25 00:00:00-04:00,11.220000267028809,11.289999961853027,11.010000228881836,11.1899995803833,854900,0.0,0.0
2024-04-26 00:00:00-04:00,11.239999771118164,11.335000038146973,11.114999771118164,11.279999732971191,718100,0.0,0.0
2024-04-29 00:00:00-04:00,11.359999656677246,11.479999542236328,11.3100004196167,11.350000381469727,521700,0.0,0.0
2024-04-30 00:00:00-04:00,11.260000228881836,11.369999885559082,11.210000038146973,11.25,530800,0.0,0.0
2024-05-01 00:00:00-04:00,11.329999923706055,11.640000343322754,11.234999656677246,11.270000457763672,592000,0.0,0.0
2024-05-02 00:00:00-04:00,12.0,12.90999984741211,11.9399995803833,12.539999961853027,2881900,0.0,0.0
2024-05-03 00:00:00-04:00,12.850000381469727,12.899999618530273,12.239999771118164,12.65999984741211,1445100,0.0,0.0
2024-05-06 00:00:00-04:00,12.819999694824219,12.890000343322754,12.3149995803833,12.390000343322754,1009900,0.0,0.0
2024-05-07 00:00:00-04:00,12.449999809265137,12.84000015258789,12.449999809265137,12.520000457763672,922600,0.0,0.0
2024-05-08 00:00:00-04:00,12.470000267028809,12.6850004196167,12.180000305175781,12.260000228881836,696800,0.0,0.0
2024-05-09 00:00:00-04:00,12.279999732971191,12.324999809265137,12.09000015258789,12.3100004196167,779700,0.0,0.0
2024-05-10 00:00:00-04:00,12.359999656677246,12.59000015258789,12.300000190734863,12.569999694824219,472200,0.0,0.0
2024-05-13 00:00:00-04:00,12.630000114440918,12.670000076293945,12.470000267028809,12.5,580600,0.0,0.0
2024-05-14 00:00:00-04:00,12.609999656677246,12.960000038146973,12.529999732971191,12.960000038146973,584500,0.0,0.0
2024-05-15 00:00:00-04:00,13.079999923706055,13.395000457763672,13.0,13.380000114440918,881800,0.0,0.0
2024-05-16 00:00:00-04:00,13.319999694824219,13.59000015258789,13.220000267028809,13.460000038146973,1165700,0.0,0.0
2024-05-17 00:00:00-04:00,13.460000038146973,13.545000076293945,13.274999618530273,13.5,719900,0.0,0.0
2024-05-20 00:00:00-04:00,13.460000038146973,13.675000190734863,13.399999618530273,13.420000076293945,687400,0.0,0.0
2024-05-21 00:00:00-04:00,13.4399995803833,14.390000343322754,13.420000076293945,14.220000267028809,2409200,0.0,0.0
2024-05-22 00:00:00-04:00,14.130000114440918,14.130000114440918,13.680000305175781,13.899999618530273,1088800,0.0,0.0
2024-05-23 00:00:00-04:00,13.899999618530273,14.149999618530273,13.739999771118164,13.75,894100,0.0,0.0
2024-05-24 00:00:00-04:00,13.789999961853027,14.329999923706055,13.390000343322754,14.220000267028809,2393300,0.0,0.0
2024-05-28 00:00:00-04:00,14.300000190734863,14.420000076293945,14.0,14.09000015258789,945500,0.0,0.0
2024-05-29 00:00:00-04:00,13.880000114440918,13.920000076293945,13.6899995803833,13.729999542236328,785000,0.0,0.0
2024-05-30 00:00:00-04:00,13.789999961853027,13.984999656677246,13.710000038146973,13.880000114440918,589400,0.0,0.0
2024-05-31 00:00:00-04:00,13.930000305175781,14.0,13.5649995803833,13.8100004196167,901600,0.0,0.0
2024-06-03 00:00:00-04:00,13.880000114440918,13.960000038146973,13.5600004196167,13.930000305175781,748200,0.0,0.0
2024-06-04 00:00:00-04:00,13.789999961853027,13.8100004196167,13.5600004196167,13.8100004196167,1345500,0.0,0.0
2024-06-05 00:00:00-04:00,13.789999961853027,14.239999771118164,13.680000305175781,14.229999542236328,992700,0.0,0.0
2024-06-06 00:00:00-04:00,14.210000038146973,14.300000190734863,13.869999885559082,13.899999618530273,571000,0.0,0.0
2024-06-07 00:00:00-04:00,13.84000015258789,13.880000114440918,13.619999885559082,13.75,693600,0.0,0.0
2024-06-10 00:00:00-04:00,13.619999885559082,14.149999618530273,13.609999656677246,13.90999984741211,565300,0.0,0.0
2024-06-11 00:00:00-04:00,13.789999961853027,13.920000076293945,13.725000381469727,13.829999923706055,459600,0.0,0.0
2024-06-12 00:00:00-04:00,14.1899995803833,14.3100004196167,13.869999885559082,13.890000343322754,720000,0.0,0.0
2024-06-13 00:00:00-04:00,13.850000381469727,13.960000038146973,13.454999923706055,13.75,693700,0.0,0.0
2024-06-14 00:00:00-04:00,13.539999961853027,13.789999961853027,13.520000457763672,13.579999923706055,442000,0.0,0.0
2024-06-17 00:00:00-04:00,13.520000457763672,13.795000076293945,13.460000038146973,13.789999961853027,528400,0.0,0.0
2024-06-18 00:00:00-04:00,13.819999694824219,13.890000343322754,13.619999885559082,13.649999618530273,939800,0.0,0.0
2024-06-20 00:00:00-04:00,13.609999656677246,13.675000190734863,13.34000015258789,13.520000457763672,838000,0.0,0.0
2024-06-21 00:00:00-04:00,13.470000267028809,13.829999923706055,13.414999961853027,13.829999923706055,1011700,0.0,0.0
2024-06-24 00:00:00-04:00,13.789999961853027,13.979999542236328,13.720000267028809,13.819999694824219,745500,0.0,0.0
2024-06-25 00:00:00-04:00,13.829999923706055,13.920000076293945,13.65999984741211,13.6899995803833,821400,0.0,0.0
2024-06-26 00:00:00-04:00,13.59000015258789,13.59000015258789,13.300000190734863,13.420000076293945,657400,0.0,0.0
2024-06-27 00:00:00-04:00,13.470000267028809,13.524999618530273,13.1899995803833,13.350000381469727,644500,0.0,0.0
2024-06-28 00:00:00-04:00,13.449999809265137,13.609999656677246,13.210000038146973,13.300000190734863,1787400,0.0,0.0
2024-07-01 00:00:00-04:00,13.369999885559082,13.369999885559082,12.75,12.75,609000,0.0,0.0
2024-07-02 00:00:00-04:00,12.789999961853027,12.949999809265137,12.739999771118164,12.859999656677246,429600,0.0,0.0
2024-07-03 00:00:00-04:00,12.930000305175781,13.010000228881836,12.770000457763672,12.960000038146973,202900,0.0,0.0
2024-07-05 00:00:00-04:00,12.890000343322754,12.890000343322754,12.539999961853027,12.5600004196167,327500,0.0,0.0
2024-07-08 00:00:00-04:00,12.65999984741211,12.8100004196167,12.604999542236328,12.739999771118164,370200,0.0,0.0
2024-07-09 00:00:00-04:00,12.729999542236328,12.753999710083008,12.529999732971191,12.619999885559082,281400,0.0,0.0
2024-07-10 00:00:00-04:00,12.699999809265137,12.779000282287598,12.5600004196167,12.6899995803833,481900,0.0,0.0
2024-07-11 00:00:00-04:00,12.9399995803833,13.03499984741211,12.640000343322754,12.970000267028809,937400,0.0,0.0
2024-07-12 00:00:00-04:00,13.109999656677246,13.359999656677246,13.020000457763672,13.09000015258789,557500,0.0,0.0
2024-07-15 00:00:00-04:00,13.199999809265137,13.420000076293945,13.100000381469727,13.25,468600,0.0,0.0
2024-07-16 00:00:00-04:00,13.399999618530273,13.579999923706055,13.25,13.479999542236328,581400,0.0,0.0
2024-07-17 00:00:00-04:00,13.369999885559082,13.520000457763672,13.199999809265137,13.260000228881836,465800,0.0,0.0
2024-07-18 00:00:00-04:00,13.260000228881836,13.579999923706055,13.119999885559082,13.270000457763672,363700,0.0,0.0
2024-07-19 00:00:00-04:00,13.25,13.449999809265137,13.199999809265137,13.279999732971191,341600,0.0,0.0
2024-07-22 00:00:00-04:00,13.350000381469727,13.90999984741211,13.289999961853027,13.899999618530273,589700,0.0,0.0
2024-07-23 00:00:00-04:00,13.899999618530273,14.0,13.75,13.920000076293945,413000,0.0,0.0
2024-07-24 00:00:00-04:00,13.779999732971191,13.979999542236328,13.34000015258789,13.359999656677246,429600,0.0,0.0
2024-07-25 00:00:00-04:00,13.489999771118164,13.489999771118164,13.069999694824219,13.180000305175781,591000,0.0,0.0
2024-07-26 00:00:00-04:00,13.420000076293945,13.630000114440918,13.140000343322754,13.529999732971191,706800,0.0,0.0
2024-07-29 00:00:00-04:00,13.550000190734863,13.619999885559082,13.380000114440918,13.4399995803833,312400,0.0,0.0
2024-07-30 00:00:00-04:00,14.0,14.220000267028809,13.729999542236328,13.960000038146973,756900,0.0,0.0
2024-07-31 00:00:00-04:00,14.170000076293945,14.800000190734863,14.140000343322754,14.390000343322754,1301400,0.0,0.0
2024-08-01 00:00:00-04:00,14.649999618530273,15.680000305175781,14.314000129699707,15.430000305175781,1626200,0.0,0.0
2024-08-02 00:00:00-04:00,14.9399995803833,14.994999885559082,13.949999809265137,14.300000190734863,829400,0.0,0.0
2024-08-05 00:00:00-04:00,13.600000381469727,14.130000114440918,13.369999885559082,14.069999694824219,596000,0.0,0.0
2024-08-06 00:00:00-04:00,14.079999923706055,14.649999618530273,14.020000457763672,14.3100004196167,307700,0.0,0.0
2024-08-07 00:00:00-04:00,14.510000228881836,14.729999542236328,14.079999923706055,14.300000190734863,360600,0.0,0.0
2024-08-08 00:00:00-04:00,14.40999984741211,14.875,14.369999885559082,14.720000267028809,295000,0.0,0.0
2024-08-09 00:00:00-04:00,14.670000076293945,14.760000228881836,14.380000114440918,14.649999618530273,236600,0.0,0.0
2024-08-12 00:00:00-04:00,14.59000015258789,14.625,14.260000228881836,14.40999984741211,295500,0.0,0.0
2024-08-13 00:00:00-04:00,14.420000076293945,14.770000457763672,14.369999885559082,14.579999923706055,317300,0.0,0.0
2024-08-14 00:00:00-04:00,14.579999923706055,14.645000457763672,14.279999732971191,14.630000114440918,322300,0.0,0.0
2024-08-15 00:00:00-04:00,14.9399995803833,15.010000228881836,14.579999923706055,14.75,387100,0.0,0.0
2024-08-16 00:00:00-04:00,14.760000228881836,15.024999618530273,14.729999542236328,14.739999771118164,266700,0.0,0.0
2024-08-19 00:00:00-04:00,14.75,15.020000457763672,14.680000305175781,14.970000267028809,540600,0.0,0.0
2024-08-20 00:00:00-04:00,14.960000038146973,15.048999786376953,14.489999771118164,14.539999961853027,248000,0.0,0.0
2024-08-21 00:00:00-04:00,15.430000305175781,15.899999618530273,14.9399995803833,15.720000267028809,1086700,0.0,0.0
2024-08-22 00:00:00-04:00,15.529999732971191,15.670000076293945,15.305000305175781,15.319999694824219,581200,0.0,0.0
2024-08-23 00:00:00-04:00,15.300000190734863,15.859999656677246,15.300000190734863,15.729999542236328,621900,0.0,0.0
2024-08-26 00:00:00-04:00,15.850000381469727,16.260000228881836,15.6899995803833,15.899999618530273,563400,0.0,0.0
2024-08-27 00:00:00-04:00,15.770000457763672,15.887999534606934,15.550000190734863,15.670000076293945,343700,0.0,0.0
2024-08-28 00:00:00-04:00,15.649999618530273,16.020000457763672,15.5600004196167,15.609999656677246,752800,0.0,0.0
2024-08-29 00:00:00-04:00,15.6899995803833,16.149999618530273,15.46500015258789,15.8100004196167,569900,0.0,0.0
2024-08-30 00:00:00-04:00,15.819999694824219,15.979999542236328,15.729999542236328,15.970000267028809,560000,0.0,0.0
2024-09-03 00:00:00-04:00,15.770000457763672,15.845000267028809,15.449999809265137,15.510000228881836,562300,0.0,0.0
2024-09-04 00:00:00-04:00,15.399999618530273,15.645000457763672,15.319999694824219,15.430000305175781,316400,0.0,0.0
2024-09-05 00:00:00-04:00,15.479999542236328,15.479999542236328,15.199999809265137,15.399999618530273,504100,0.0,0.0
2024-09-06 00:00:00-04:00,15.300000190734863,15.520000457763672,14.699999809265137,14.710000038146973,722200,0.0,0.0
2024-09-09 00:00:00-04:00,14.800000190734863,15.1899995803833,14.550000190734863,14.569999694824219,577300,0.0,0.0
2024-09-10 00:00:00-04:00,14.619999885559082,14.850000381469727,14.430000305175781,14.789999961853027,507500,0.0,0.0
2024-09-11 00:00:00-04:00,14.729999542236328,14.789999961853027,14.329999923706055,14.6899995803833,357900,0.0,0.0
2024-09-12 00:00:00-04:00,14.699999809265137,15.107999801635742,14.670000076293945,15.010000228881836,572600,0.0,0.0
2024-09-13 00:00:00-04:00,15.180000305175781,15.4399995803833,15.0600004196167,15.140000343322754,451100,0.0,0.0
2024-09-16 00:00:00-04:00,15.229999542236328,15.600000381469727,15.210000038146973,15.510000228881836,488500,0.0,0.0
2024-09-17 00:00:00-04:00,15.619999885559082,15.819999694824219,15.4399995803833,15.470000267028809,398000,0.0,0.0
2024-09-18 00:00:00-04:00,15.460000038146973,15.779000282287598,15.399999618530273,15.520000457763672,429000,0.0,0.0
2024-09-19 00:00:00-04:00,15.949999809265137,15.949999809265137,15.595000267028809,15.65999984741211,571700,0.0,0.0
2024-09-20 00:00:00-04:00,15.550000190734863,15.829999923706055,15.515000343322754,15.720000267028809,2764600,0.0,0.0
2024-09-23 00:00:00-04:00,15.75,15.925000190734863,15.369999885559082,15.390000343322754,600200,0.0,0.0
2024-09-24 00:00:00-04:00,15.380000114440918,15.479999542236328,15.25,15.289999961853027,383900,0.0,0.0
2024-09-25 00:00:00-04:00,15.260000228881836,15.529999732971191,15.180000305175781,15.399999618530273,406600,0.0,0.0
2024-09-26 00:00:00-04:00,15.529999732971191,15.770000457763672,15.449999809265137,15.520000457763672,563800,0.0,0.0
2024-09-27 00:00:00-04:00,15.569999694824219,15.8100004196167,15.359999656677246,15.430000305175781,369000,0.0,0.0
2024-09-30 00:00:00-04:00,15.34000015258789,15.8100004196167,15.288000106811523,15.739999771118164,559200,0.0,0.0
2024-10-01 00:00:00-04:00,15.649999618530273,15.654999732971191,15.380000114440918,15.579999923706055,420000,0.0,0.0
2024-10-02 00:00:00-04:00,15.399999618530273,15.859999656677246,15.399999618530273,15.569999694824219,269700,0.0,0.0
2024-10-03 00:00:00-04:00,15.550000190734863,15.6850004196167,15.369999885559082,15.479999542236328,292600,0.0,0.0
2024-10-04 00:00:00-04:00,15.75,16.06999969482422,15.630000114440918,16.030000686645508,360200,0.0,0.0
2024-10-07 00:00:00-04:00,16.030000686645508,16.149999618530273,15.729999542236328,15.960000038146973,621100,0.0,0.0
2024-10-08 00:00:00-04:00,16.020000457763672,16.06999969482422,15.78499984741211,15.880000114440918,320300,0.0,0.0
2024-10-09 00:00:00-04:00,15.9399995803833,16.809999465942383,15.869999885559082,16.799999237060547,1047200,0.0,0.0
2024-10-10 00:00:00-04:00,16.559999465942383,16.628999710083008,15.399999618530273,16.06999969482422,946400,0.0,0.0
2024-10-11 00:00:00-04:00,16.040000915527344,16.44499969482422,16.040000915527344,16.389999389648438,312900,0.0,0.0
2024-10-14 00:00:00-04:00,16.450000762939453,16.59000015258789,16.364999771118164,16.3799991607666,299800,0.0,0.0
2024-10-15 00:00:00-04:00,16.40999984741211,16.684999465942383,16.40999984741211,16.520000457763672,449000,0.0,0.0
2024-10-16 00:00:00-04:00,16.6200008392334,17.489999771118164,16.604999542236328,16.989999771118164,638200,0.0,0.0
2024-10-17 00:00:00-04:00,16.950000762939453,17.049999237060547,16.540000915527344,16.709999084472656,372400,0.0,0.0
2024-10-18 00:00:00-04:00,16.719999313354492,16.770000457763672,16.540000915527344,16.760000228881836,250800,0.0,0.0
2024-10-21 00:00:00-04:00,16.649999618530273,16.770000457763672,16.489999771118164,16.56999969482422,278700,0.0,0.0
2024-10-22 00:00:00-04:00,16.469999313354492,16.65999984741211,16.18000030517578,16.190000534057617,223700,0.0,0.0
2024-10-23 00:00:00-04:00,16.110000610351562,16.329999923706055,15.960000038146973,16.110000610351562,293800,0.0,0.0
2024-10-24 00:00:00-04:00,16.15999984741211,16.260000228881836,15.989999771118164,16.020000457763672,240700,0.0,0.0
2024-10-25 00:00:00-04:00,16.15999984741211,16.290000915527344,15.930000305175781,16.0,399100,0.0,0.0
2024-10-28 00:00:00-04:00,16.15999984741211,16.6200008392334,16.15999984741211,16.43000030517578,255700,0.0,0.0
2024-10-29 00:00:00-04:00,16.34000015258789,16.489999771118164,16.290000915527344,16.399999618530273,220600,0.0,0.0
2024-10-30 00:00:00-04:00,16.309999465942383,16.799999237060547,16.309999465942383,16.68000030517578,295000,0.0,0.0
2024-10-31 00:00:00-04:00,16.700000762939453,16.760000228881836,16.3700008392334,16.3799991607666,258600,0.0,0.0
2024-11-01 00:00:00-04:00,16.56999969482422,16.809999465942383,16.549999237060547,16.670000076293945,231500,0.0,0.0
2024-11-04 00:00:00-05:00,16.610000610351562,17.024999618530273,16.559999465942383,16.84000015258789,253200,0.0,0.0
2024-11-05 00:00:00-05:00,16.84000015258789,17.15999984741211,16.670000076293945,17.1200008392334,311000,0.0,0.0
2024-11-06 00:00:00-05:00,17.56999969482422,18.270000457763672,17.56999969482422,18.239999771118164,675600,0.0,0.0
2024-11-07 00:00:00-05:00,18.270000457763672,18.68000030517578,18.1200008392334,18.25,420800,0.0,0.0
2024-11-08 00:00:00-05:00,18.290000915527344,18.690000534057617,18.290000915527344,18.56999969482422,352100,0.0,0.0
2024-11-11 00:00:00-05:00,18.829999923706055,18.889999389648438,18.43000030517578,18.729999542236328,463500,0.0,0.0
2024-11-12 00:00:00-05:00,18.719999313354492,18.844999313354492,18.295000076293945,18.3799991607666,384200,0.0,0.0
2024-11-13 00:00:00-05:00,18.530000686645508,18.639999389648438,18.104999542236328,18.25,684200,0.0,0.0
2024-11-14 00:00:00-05:00,16.739999771118164,17.290000915527344,15.0,15.8100004196167,1441600,0.0,0.0
2024-11-15 00:00:00-05:00,16.540000915527344,16.6200008392334,15.494999885559082,15.65999984741211,904900,0.0,0.0
2024-11-18 00:00:00-05:00,15.59000015258789,16.190000534057617,15.579999923706055,15.640000343322754,550700,0.0,0.0
2024-11-19 00:00:00-05:00,15.5,15.800000190734863,15.420000076293945,15.800000190734863,469900,0.0,0.0
2024-11-20 00:00:00-05:00,15.710000038146973,15.819999694824219,15.460000038146973,15.739999771118164,459000,0.0,0.0
2024-11-21 00:00:00-05:00,15.779999732971191,16.809999465942383,15.770000457763672,16.65999984741211,879100,0.0,0.0
2024-11-22 00:00:00-05:00,16.780000686645508,17.350000381469727,16.645000457763672,17.030000686645508,590400,0.0,0.0
2024-11-25 00:00:00-05:00,17.139999389648438,17.639999389648438,17.06999969482422,17.110000610351562,538500,0.0,0.0
2024-11-26 00:00:00-05:00,16.90999984741211,17.270000457763672,16.81999969482422,17.1200008392334,601200,0.0,0.0
2024-11-27 00:00:00-05:00,17.18000030517578,17.219999313354492,16.690000534057617,16.959999084472656,289500,0.0,0.0
2024-11-29 00:00:00-05:00,17.139999389648438,17.200000762939453,16.871000289916992,17.100000381469727,145500,0.0,0.0
2024-12-02 00:00:00-05:00,17.489999771118164,17.770000457763672,17.165000915527344,17.329999923706055,551400,0.0,0.0
2024-12-03 00:00:00-05:00,17.34000015258789,17.420000076293945,16.90999984741211,17.350000381469727,542200,0.0,0.0
2024-12-04 00:00:00-05:00,17.5,17.850000381469727,17.170000076293945,17.799999237060547,909100,0.0,0.0
2024-12-05 00:00:00-05:00,17.690000534057617,17.920000076293945,17.479999542236328,17.889999389648438,746800,0.0,0.0
2024-12-06 00:00:00-05:00,18.079999923706055,18.079999923706055,17.200000762939453,17.219999313354492,541500,0.0,0.0
2024-12-09 00:00:00-05:00,17.139999389648438,17.270000457763672,16.59000015258789,16.639999389648438,483100,0.0,0.0
2024-12-10 00:00:00-05:00,16.709999084472656,16.934999465942383,16.59000015258789,16.780000686645508,291400,0.0,0.0
2024-12-11 00:00:00-05:00,16.93000030517578,17.3799991607666,16.84000015258789,17.219999313354492,309100,0.0,0.0
2024-12-12 00:00:00-05:00,17.209999084472656,17.329999923706055,16.75,16.81999969482422,310100,0.0,0.0
2024-12-13 00:00:00-05:00,16.799999237060547,16.889999389648438,16.510000228881836,16.850000381469727,421100,0.0,0.0
2024-12-16 00:00:00-05:00,16.8799991607666,17.15999984741211,16.844999313354492,17.049999237060547,261700,0.0,0.0
2024-12-17 00:00:00-05:00,16.950000762939453,17.065000534057617,16.5,16.719999313354492,454000,0.0,0.0
2024-12-18 00:00:00-05:00,16.809999465942383,17.059999465942383,16.0,16.110000610351562,662200,0.0,0.0
2024-12-19 00:00:00-05:00,16.280000686645508,16.600000381469727,15.880000114440918,15.880000114440918,425800,0.0,0.0
2024-12-20 00:00:00-05:00,15.550000190734863,16.15999984741211,15.430000305175781,15.979999542236328,1045600,0.0,0.0
2024-12-23 00:00:00-05:00,15.84000015258789,16.0,15.666000366210938,15.90999984741211,400400,0.0,0.0
2024-12-24 00:00:00-05:00,15.979999542236328,16.170000076293945,15.789999961853027,16.110000610351562,266800,0.0,0.0
2024-12-26 00:00:00-05:00,16.079999923706055,16.420000076293945,15.960000038146973,16.399999618530273,291700,0.0,0.0
2024-12-27 00:00:00-05:00,16.219999313354492,16.3799991607666,15.779999732971191,16.040000915527344,357400,0.0,0.0
2024-12-30 00:00:00-05:00,15.850000381469727,16.209999084472656,15.65999984741211,16.049999237060547,315600,0.0,0.0
2024-12-31 00:00:00-05:00,16.18000030517578,16.239999771118164,15.949999809265137,15.989999771118164,342900,0.0,0.0
2025-01-02 00:00:00-05:00,16.149999618530273,16.2450008392334,15.75,15.850000381469727,323800,0.0,0.0
2025-01-03 00:00:00-05:00,16.020000457763672,16.079999923706055,15.819999694824219,16.020000457763672,317700,0.0,0.0
2025-01-06 00:00:00-05:00,16.09000015258789,16.139999389648438,15.770000457763672,15.8100004196167,331700,0.0,0.0
2025-01-07 00:00:00-05:00,15.84000015258789,15.9399995803833,15.010000228881836,15.239999771118164,739300,0.0,0.0
2025-01-08 00:00:00-05:00,15.210000038146973,15.479999542236328,15.069999694824219,15.380000114440918,456500,0.0,0.0
2025-01-10 00:00:00-05:00,15.029999732971191,15.149999618530273,14.864999771118164,15.010000228881836,556200,0.0,0.0
2025-01-13 00:00:00-05:00,14.739999771118164,15.135000228881836,14.71500015258789,15.100000381469727,444100,0.0,0.0
2025-01-14 00:00:00-05:00,15.279999732971191,16.049999237060547,15.130000114440918,15.920000076293945,815400,0.0,0.0
2025-01-15 00:00:00-05:00,16.34000015258789,16.385000228881836,15.75,15.880000114440918,446300,0.0,0.0
2025-01-16 00:00:00-05:00,15.869999885559082,16.0,15.755000114440918,15.789999961853027,265900,0.0,0.0
2025-01-17 00:00:00-05:00,16.030000686645508,16.170000076293945,15.8100004196167,15.979999542236328,363500,0.0,0.0
2025-01-21 00:00:00-05:00,16.229999542236328,16.34000015258789,16.06999969482422,16.149999618530273,382400,0.0,0.0
2025-01-22 00:00:00-05:00,16.149999618530273,16.190000534057617,15.84000015258789,15.859999656677246,273200,0.0,0.0
2025-01-23 00:00:00-05:00,15.800000190734863,15.890000343322754,15.65999984741211,15.739999771118164,305400,0.0,0.0
2025-01-24 00:00:00-05:00,15.640000343322754,15.819999694824219,15.4399995803833,15.600000381469727,305800,0.0,0.0
2025-01-27 00:00:00-05:00,15.399999618530273,15.65999984741211,15.359999656677246,15.460000038146973,351900,0.0,0.0
2025-01-28 00:00:00-05:00,15.4399995803833,15.6899995803833,15.40999984741211,15.529999732971191,306500,0.0,0.0
2025-01-29 00:00:00-05:00,15.579999923706055,15.845000267028809,15.569999694824219,15.800000190734863,351000,0.0,0.0
2025-01-30 00:00:00-05:00,16.09000015258789,16.25,15.949999809265137,16.049999237060547,292200,0.0,0.0
2025-01-31 00:00:00-05:00,16.09000015258789,16.15999984741211,15.645000457763672,15.760000228881836,517300,0.0,0.0
2025-02-03 00:00:00-05:00,15.34000015258789,15.710000038146973,15.100000381469727,15.529999732971191,485500,0.0,0.0
2025-02-04 00:00:00-05:00,15.600000381469727,16.145000457763672,15.489999771118164,16.100000381469727,496200,0.0,0.0
2025-02-05 00:00:00-05:00,16.139999389648438,16.559999465942383,15.989999771118164,16.100000381469727,671200,0.0,0.0
2025-02-06 00:00:00-05:00,15.789999961853027,15.789999961853027,14.293000221252441,15.039999961853027,1587900,0.0,0.0
2025-02-07 00:00:00-05:00,14.6899995803833,14.859999656677246,14.3100004196167,14.579999923706055,1111800,0.0,0.0
2025-02-10 00:00:00-05:00,14.65999984741211,15.010000228881836,14.399999618530273,14.600000381469727,977700,0.0,0.0
2025-02-11 00:00:00-05:00,14.430000305175781,14.8100004196167,14.399999618530273,14.649999618530273,926700,0.0,0.0
2025-02-12 00:00:00-05:00,14.399999618530273,14.600000381469727,14.260000228881836,14.350000381469727,574500,0.0,0.0
2025-02-13 00:00:00-05:00,14.539999961853027,14.930000305175781,14.380000114440918,14.729999542236328,647000,0.0,0.0
2025-02-14 00:00:00-05:00,14.829999923706055,14.880000114440918,14.630000114440918,14.65999984741211,646700,0.0,0.0
2025-02-18 00:00:00-05:00,14.649999618530273,14.664999961853027,14.25,14.319999694824219,713200,0.0,0.0
2025-02-19 00:00:00-05:00,14.130000114440918,14.369999885559082,14.031000137329102,14.34000015258789,734600,0.0,0.0
2025-02-20 00:00:00-05:00,14.380000114440918,14.4399995803833,13.670000076293945,13.6899995803833,622600,0.0,0.0
2025-02-21 00:00:00-05:00,13.770000457763672,13.770000457763672,13.199999809265137,13.430000305175781,1014600,0.0,0.0
2025-02-24 00:00:00-05:00,13.979999542236328,14.020000457763672,13.510000228881836,13.550000190734863,1035800,0.0,0.0
2025-02-25 00:00:00-05:00,13.579999923706055,13.65999984741211,13.239999771118164,13.460000038146973,711600,0.0,0.0
2025-02-26 00:00:00-05:00,13.460000038146973,13.8149995803833,13.390000343322754,13.470000267028809,604800,0.0,0.0
2025-02-27 00:00:00-05:00,13.609999656677246,13.609999656677246,13.100000381469727,13.180000305175781,413100,0.0,0.0
2025-02-28 00:00:00-05:00,13.15999984741211,13.479999542236328,13.0600004196167,13.420000076293945,1136400,0.0,0.0
2025-03-03 00:00:00-05:00,13.449999809265137,13.449999809265137,12.739999771118164,12.859999656677246,682400,0.0,0.0
2025-03-04 00:00:00-05:00,12.59000015258789,12.75,12.420000076293945,12.59000015258789,929700,0.0,0.0
2025-03-05 00:00:00-05:00,12.579999923706055,12.744999885559082,12.4399995803833,12.510000228881836,546300,0.0,0.0
2025-03-06 00:00:00-05:00,12.270000457763672,12.529999732971191,12.270000457763672,12.399999618530273,716000,0.0,0.0
2025-03-07 00:00:00-05:00,12.4399995803833,12.460000038146973,12.15999984741211,12.380000114440918,898500,0.0,0.0
2025-03-10 00:00:00-04:00,12.100000381469727,12.345000267028809,12.079999923706055,12.270000457763672,949500,0.0,0.0
2025-03-11 00:00:00-04:00,12.319999694824219,13.319999694824219,12.279999732971191,13.119999885559082,1577500,0.0,0.0
2025-03-12 00:00:00-04:00,13.239999771118164,13.279999732971191,12.989999771118164,13.079999923706055,881700,0.0,0.0
2025-03-13 00:00:00-04:00,13.09000015258789,13.09000015258789,12.649999618530273,12.770000457763672,497300,0.0,0.0
2025-03-14 00:00:00-04:00,13.229999542236328,13.520000457763672,13.079999923706055,13.25,882200,0.0,0.0
2025-03-17 00:00:00-04:00,13.229999542236328,13.489999771118164,13.229999542236328,13.279999732971191,505000,0.0,0.0
2025-03-18 00:00:00-04:00,13.109999656677246,13.229999542236328,12.960000038146973,13.020000457763672,423700,0.0,0.0
2025-03-19 00:00:00-04:00,13.529999732971191,13.585000038146973,13.199999809265137,13.5,511600,0.0,0.0
2025-03-20 00:00:00-04:00,13.3100004196167,13.579999923706055,13.3100004196167,13.369999885559082,502900,0.0,0.0
2025-03-21 00:00:00-04:00,13.25,13.265000343322754,13.039999961853027,13.109999656677246,748300,0.0,0.0
2025-03-24 00:00:00-04:00,13.3100004196167,13.449999809265137,13.170000076293945,13.260000228881836,401000,0.0,0.0
2025-03-25 00:00:00-04:00,13.239999771118164,13.420000076293945,13.1899995803833,13.239999771118164,465900,0.0,0.0
2025-03-26 00:00:00-04:00,13.239999771118164,13.3100004196167,12.9399995803833,13.029999732971191,503900,0.0,0.0
2025-03-27 00:00:00-04:00,13.050000190734863,13.25,12.90999984741211,13.220000267028809,431600,0.0,0.0
2025-03-28 00:00:00-04:00,13.15999984741211,13.15999984741211,12.680000305175781,12.779999732971191,385100,0.0,0.0
2025-03-31 00:00:00-04:00,12.449999809265137,12.84000015258789,12.4399995803833,12.84000015258789,571500,0.0,0.0
2025-04-01 00:00:00-04:00,12.789999961853027,13.079999923706055,12.734999656677246,13.010000228881836,451700,0.0,0.0
2025-04-02 00:00:00-04:00,12.760000228881836,13.390000343322754,12.760000228881836,13.329999923706055,542000,0.0,0.0
2025-04-03 00:00:00-04:00,12.550000190734863,12.970999717712402,12.5,12.579999923706055,491200,0.0,0.0
2025-04-04 00:00:00-04:00,12.100000381469727,12.479999542236328,11.90999984741211,12.289999961853027,940800,0.0,0.0
2025-04-07 00:00:00-04:00,11.8100004196167,12.90999984741211,11.8100004196167,12.4399995803833,912700,0.0,0.0
2025-04-08 00:00:00-04:00,12.869999885559082,13.050000190734863,11.899999618530273,12.199999809265137,680600,0.0,0.0
2025-04-09 00:00:00-04:00,12.039999961853027,13.5,11.914999961853027,13.239999771118164,793800,0.0,0.0
2025-04-10 00:00:00-04:00,12.859999656677246,13.09000015258789,12.59000015258789,12.920000076293945,653700,0.0,0.0
2025-04-11 00:00:00-04:00,12.930000305175781,13.199999809265137,12.789999961853027,13.15999984741211,396200,0.0,0.0
2025-04-14 00:00:00-04:00,13.34000015258789,13.640000343322754,12.970000267028809,13.449999809265137,956100,0.0,0.0
2025-04-15 00:00:00-04:00,13.4399995803833,13.520000457763672,13.180000305175781,13.260000228881836,346900,0.0,0.0
2025-04-16 00:00:00-04:00,13.239999771118164,13.4399995803833,13.180999755859375,13.390000343322754,478900,0.0,0.0
2025-04-17 00:00:00-04:00,13.369999885559082,13.569999694824219,13.3100004196167,13.430000305175781,541100,0.0,0.0
2025-04-21 00:00:00-04:00,13.229999542236328,13.359999656677246,12.829999923706055,13.079999923706055,922000,0.0,0.0
2025-04-22 00:00:00-04:00,13.3100004196167,13.369999885559082,13.050000190734863,13.279999732971191,370900,0.0,0.0
2025-04-23 00:00:00-04:00,13.6899995803833,13.829999923706055,13.494999885559082,13.550000190734863,394000,0.0,0.0
2025-04-24 00:00:00-04:00,13.539999961853027,13.84000015258789,13.444999694824219,13.729999542236328,361800,0.0,0.0
2025-04-25 00:00:00-04:00,13.65999984741211,13.824999809265137,13.479999542236328,13.8100004196167,428300,0.0,0.0
2025-04-28 00:00:00-04:00,13.8100004196167,13.970000267028809,13.59000015258789,13.770000457763672,761800,0.0,0.0
2025-04-29 00:00:00-04:00,13.630000114440918,14.020000457763672,13.609999656677246,13.979999542236328,354300,0.0,0.0
2025-04-30 00:00:00-04:00,13.680000305175781,13.789999961853027,13.479999542236328,13.720000267028809,529400,0.0,0.0
2025-05-01 00:00:00-04:00,13.819999694824219,14.100000381469727,13.600000381469727,14.020000457763672,560300,0.0,0.0
2025-05-02 00:00:00-04:00,14.170000076293945,14.625,14.079999923706055,14.399999618530273,470400,0.0,0.0
2025-05-05 00:00:00-04:00,14.25,14.5649995803833,14.119999885559082,14.359999656677246,435800,0.0,0.0
2025-05-06 00:00:00-04:00,14.15999984741211,14.550000190734863,14.109999656677246,14.359999656677246,493600,0.0,0.0
2025-05-07 00:00:00-04:00,14.390000343322754,14.625,14.270000457763672,14.539999961853027,1054800,0.0,0.0
2025-05-08 00:00:00-04:00,16.149999618530273,16.604999542236328,15.305000305175781,15.770000457763672,1538300,0.0,0.0
2025-05-09 00:00:00-04:00,15.699999809265137,15.899999618530273,15.59000015258789,15.8100004196167,2193000,0.0,0.0
2025-05-12 00:00:00-04:00,16.329999923706055,16.469999313354492,15.979999542236328,16.3799991607666,888800,0.0,0.0
2025-05-13 00:00:00-04:00,16.520000457763672,16.809999465942383,16.34600067138672,16.700000762939453,746000,0.0,0.0
2025-05-14 00:00:00-04:00,16.56999969482422,16.70599937438965,16.34000015258789,16.450000762939453,613700,0.0,0.0
2025-05-15 00:00:00-04:00,16.3799991607666,16.65999984741211,16.364999771118164,16.579999923706055,357000,0.0,0.0
2025-05-16 00:00:00-04:00,16.610000610351562,16.639999389648438,16.295000076293945,16.360000610351562,360600,0.0,0.0
2025-05-19 00:00:00-04:00,16.149999618530273,16.34000015258789,16.020000457763672,16.329999923706055,489600,0.0,0.0
2025-05-20 00:00:00-04:00,16.290000915527344,16.389999389648438,16.219999313354492,16.3799991607666,409000,0.0,0.0
2025-05-21 00:00:00-04:00,16.190000534057617,16.469999313354492,16.09000015258789,16.25,660700,0.0,0.0
2025-05-22 00:00:00-04:00,16.110000610351562,16.18000030517578,15.949999809265137,15.949999809265137,470600,0.0,0.0
2025-05-23 00:00:00-04:00,15.670000076293945,16.0,15.579999923706055,15.979999542236328,591000,0.0,0.0
2025-05-27 00:00:00-04:00,16.170000076293945,16.21500015258789,15.920000076293945,16.040000915527344,646700,0.0,0.0
2025-05-28 00:00:00-04:00,16.06999969482422,16.06999969482422,15.640000343322754,15.640000343322754,474400,0.0,0.0
2025-05-29 00:00:00-04:00,15.680000305175781,15.725000381469727,15.369999885559082,15.609999656677246,663000,0.0,0.0
2025-05-30 00:00:00-04:00,15.569999694824219,15.664999961853027,15.4399995803833,15.579999923706055,566300,0.0,0.0
2025-06-02 00:00:00-04:00,15.569999694824219,15.710000038146973,15.4399995803833,15.609999656677246,515300,0.0,0.0
2025-06-03 00:00:00-04:00,15.600000381469727,16.0049991607666,15.510000228881836,15.850000381469727,789100,0.0,0.0
2025-06-04 00:00:00-04:00,15.8100004196167,15.899999618530273,15.710000038146973,15.720000267028809,264600,0.0,0.0
2025-06-05 00:00:00-04:00,15.550000190734863,16.440000534057617,15.479999542236328,16.399999618530273,3024600,0.0,0.0
2025-06-06 00:00:00-04:00,16.510000228881836,16.600000381469727,16.299999237060547,16.59000015258789,1072300,0.0,0.0
2025-06-09 00:00:00-04:00,16.68000030517578,17.09000015258789,16.565000534057617,16.940000534057617,1889300,0.0,0.0
2025-06-10 00:00:00-04:00,16.93000030517578,16.9950008392334,16.280000686645508,16.329999923706055,765500,0.0,0.0
2025-06-11 00:00:00-04:00,16.3799991607666,16.3799991607666,15.994999885559082,16.139999389648438,658000,0.0,0.0
2025-06-12 00:00:00-04:00,16.010000228881836,16.097999572753906,15.734999656677246,15.819999694824219,530000,0.0,0.0
2025-06-13 00:00:00-04:00,15.680000305175781,15.84000015258789,15.479999542236328,15.520000457763672,566500,0.0,0.0
2025-06-16 00:00:00-04:00,15.569999694824219,15.739999771118164,15.550000190734863,15.65999984741211,480600,0.0,0.0
2025-06-17 00:00:00-04:00,15.539999961853027,15.680000305175781,15.529999732971191,15.539999961853027,321900,0.0,0.0
2025-06-18 00:00:00-04:00,15.5600004196167,15.970000267028809,15.529999732971191,15.579999923706055,530800,0.0,0.0
2025-06-20 00:00:00-04:00,15.579999923706055,15.619999885559082,15.375,15.5600004196167,905600,0.0,0.0
2025-06-23 00:00:00-04:00,15.569999694824219,15.859999656677246,15.510000228881836,15.829999923706055,422200,0.0,0.0
2025-06-24 00:00:00-04:00,15.949999809265137,16.100000381469727,15.829999923706055,16.040000915527344,397700,0.0,0.0
2025-06-25 00:00:00-04:00,16.030000686645508,16.059999465942383,15.78499984741211,15.850000381469727,493900,0.0,0.0
2025-06-26 00:00:00-04:00,15.880000114440918,16.219999313354492,15.850000381469727,16.200000762939453,479700,0.0,0.0
2025-06-27 00:00:00-04:00,16.209999084472656,16.420000076293945,16.030000686645508,16.399999618530273,2172500,0.0,0.0
2025-06-30 00:00:00-04:00,16.469999313354492,16.68000030517578,16.21500015258789,16.649999618530273,863400,0.0,0.0
2025-07-01 00:00:00-04:00,16.610000610351562,17.104999542236328,16.540000915527344,16.850000381469727,963900,0.0,0.0
2025-07-02 00:00:00-04:00,14.789999961853027,15.300000190734863,14.0,15.149999618530273,4189800,0.0,0.0
2025-07-03 00:00:00-04:00,15.119999885559082,15.84000015258789,15.052000045776367,15.699999809265137,1027200,0.0,0.0
2025-07-07 00:00:00-04:00,15.630000114440918,15.75,15.300000190734863,15.390000343322754,1499200,0.0,0.0
2025-07-08 00:00:00-04:00,15.40999984741211,15.59000015258789,15.220000267028809,15.300000190734863,1024900,0.0,0.0
2025-07-09 00:00:00-04:00,15.460000038146973,15.670000076293945,15.239999771118164,15.65999984741211,957400,0.0,0.0
2025-07-10 00:00:00-04:00,15.65999984741211,15.729999542236328,15.430000305175781,15.5600004196167,810700,0.0,0.0
2025-07-11 00:00:00-04:00,15.520000457763672,15.569999694824219,15.335000038146973,15.479999542236328,1010000,0.0,0.0
2025-07-14 00:00:00-04:00,15.449999809265137,15.90999984741211,15.420000076293945,15.75,1226400,0.0,0.0
2025-07-15 00:00:00-04:00,15.899999618530273,15.989999771118164,15.295000076293945,15.350000381469727,1154600,0.0,0.0
2025-07-16 00:00:00-04:00,15.40999984741211,15.569999694824219,15.199999809265137,15.510000228881836,966700,0.0,0.0
2025-07-17 00:00:00-04:00,15.5,15.920000076293945,15.5,15.880000114440918,648400,0.0,0.0
2025-07-18 00:00:00-04:00,15.960000038146973,15.979999542236328,15.720000267028809,15.859999656677246,635100,0.0,0.0
2025-07-21 00:00:00-04:00,15.920000076293945,15.949999809265137,15.630000114440918,15.680000305175781,543900,0.0,0.0
2025-07-22 00:00:00-04:00,15.649999618530273,15.84000015258789,15.579999923706055,15.6899995803833,627800,0.0,0.0
2025-07-23 00:00:00-04:00,15.770000457763672,16.1299991607666,15.770000457763672,16.09000015258789,650400,0.0,0.0
2025-07-24 00:00:00-04:00,15.989999771118164,16.295000076293945,15.869999885559082,16.219999313354492,503400,0.0,0.0
2025-07-25 00:00:00-04:00,16.360000610351562,16.524999618530273,16.059999465942383,16.270000457763672,630700,0.0,0.0
2025-07-28 00:00:00-04:00,16.34000015258789,16.459999084472656,16.165000915527344,16.25,506500,0.0,0.0
2025-07-29 00:00:00-04:00,16.34000015258789,16.450000762939453,16.149999618530273,16.200000762939453,475700,0.0,0.0
2025-07-30 00:00:00-04:00,16.190000534057617,16.25,15.895000457763672,16.0,806400,0.0,0.0
2025-07-31 00:00:00-04:00,15.949999809265137,16.020000457763672,15.800000190734863,15.949999809265137,522900,0.0,0.0
2025-08-01 00:00:00-04:00,15.6899995803833,15.720000267028809,15.390000343322754,15.479999542236328,633100,0.0,0.0
2025-08-04 00:00:00-04:00,15.5600004196167,15.739999771118164,15.479999542236328,15.600000381469727,676400,0.0,0.0
2025-08-05 00:00:00-04:00,15.699999809265137,16.200000762939453,15.699999809265137,16.1200008392334,756000,0.0,0.0
2025-08-06 00:00:00-04:00,16.229999542236328,16.389999389648438,15.949999809265137,16.280000686645508,1328500,0.0,0.0
2025-08-07 00:00:00-04:00,15.25,15.486000061035156,14.520000457763672,15.329999923706055,2281900,0.0,0.0
2025-08-08 00:00:00-04:00,15.300000190734863,15.819999694824219,15.109999656677246,15.180000305175781,1682900,0.0,0.0
2025-08-11 00:00:00-04:00,15.149999618530273,15.4399995803833,14.979999542236328,14.989999771118164,1581100,0.0,0.0
2025-08-12 00:00:00-04:00,15.0600004196167,15.395000457763672,14.880000114440918,15.140000343322754,881000,0.0,0.0
2025-08-13 00:00:00-04:00,15.15999984741211,15.199999809265137,14.864999771118164,15.039999961853027,882400,0.0,0.0
2025-08-14 00:00:00-04:00,14.920000076293945,14.9399995803833,14.364999771118164,14.789999961853027,1283100,0.0,0.0
2025-08-15 00:00:00-04:00,14.819999694824219,14.819999694824219,14.550000190734863,14.569999694824219,550600,0.0,0.0
2025-08-18 00:00:00-04:00,14.529999732971191,14.699999809265137,14.4399995803833,14.460000038146973,736300,0.0,0.0
2025-08-19 00:00:00-04:00,14.460000038146973,14.710000038146973,14.4399995803833,14.640000343322754,763700,0.0,0.0
2025-08-20 00:00:00-04:00,14.6899995803833,14.75,14.470000267028809,14.520000457763672,446300,0.0,0.0
2025-08-21 00:00:00-04:00,14.479999542236328,14.770000457763672,14.470000267028809,14.6899995803833,419400,0.0,0.0
2025-08-22 00:00:00-04:00,14.6899995803833,15.25,14.630000114440918,14.880000114440918,935500,0.0,0.0
2025-08-25 00:00:00-04:00,14.869999885559082,14.930000305175781,14.600000381469727,14.630000114440918,650700,0.0,0.0
2025-08-26 00:00:00-04:00,14.579999923706055,14.84000015258789,14.449999809265137,14.609999656677246,795400,0.0,0.0
2025-08-27 00:00:00-04:00,14.600000381469727,14.850000381469727,14.539999961853027,14.84000015258789,738900,0.0,0.0
2025-08-28 00:00:00-04:00,14.59000015258789,14.710000038146973,14.430000305175781,14.550000190734863,1436800,0.0,0.0
2025-08-29 00:00:00-04:00,14.600000381469727,14.600000381469727,14.305000305175781,14.399999618530273,722200,0.0,0.0
2025-09-02 00:00:00-04:00,14.229999542236328,14.40999984741211,14.130000114440918,14.289999961853027,864400,0.0,0.0
2025-09-03 00:00:00-04:00,14.3100004196167,14.369999885559082,14.1899995803833,14.289999961853027,713400,0.0,0.0
2025-09-04 00:00:00-04:00,14.3100004196167,14.4399995803833,14.199999809265137,14.430000305175781,977200,0.0,0.0
2025-09-05 00:00:00-04:00,14.510000228881836,14.600000381469727,14.289999961853027,14.359999656677246,591300,0.0,0.0
2025-09-08 00:00:00-04:00,14.399999618530273,14.399999618530273,14.170000076293945,14.319999694824219,1040800,0.0,0.0
2025-09-09 00:00:00-04:00,14.270000457763672,14.470000267028809,13.170000076293945,13.720000267028809,1574700,0.0,0.0
2025-09-10 00:00:00-04:00,13.6899995803833,13.949999809265137,13.625,13.850000381469727,926200,0.0,0.0
2025-09-11 00:00:00-04:00,13.930000305175781,14.255000114440918,13.890000343322754,14.15999984741211,940100,0.0,0.0
2025-09-12 00:00:00-04:00,14.180000305175781,14.25,13.899999618530273,13.899999618530273,585800,0.0,0.0
2025-09-15 00:00:00-04:00,13.880000114440918,13.899999618530273,13.4399995803833,13.600000381469727,982700,0.0,0.0
2025-09-16 00:00:00-04:00,13.65999984741211,13.789999961853027,13.479999542236328,13.569999694824219,895900,0.0,0.0
2025-09-17 00:00:00-04:00,13.619999885559082,13.819999694824219,13.305000305175781,13.34000015258789,813000,0.0,0.0
2025-09-18 00:00:00-04:00,13.420000076293945,13.680000305175781,13.300000190734863,13.630000114440918,1041400,0.0,0.0
2025-09-19 00:00:00-04:00,13.699999809265137,13.760000228881836,13.34000015258789,13.359999656677246,2471700,0.0,0.0
2025-09-22 00:00:00-04:00,13.329999923706055,13.460000038146973,13.109999656677246,13.369999885559082,716500,0.0,0.0
2025-09-23 00:00:00-04:00,13.380000114440918,13.520000457763672,13.1899995803833,13.220000267028809,650000,0.0,0.0
2025-09-24 00:00:00-04:00,13.180000305175781,13.25,13.085000038146973,13.15999984741211,472700,0.0,0.0
2025-09-25 00:00:00-04:00,13.140000343322754,13.140000343322754,12.994999885559082,13.010000228881836,632800,0.0,0.0
2025-09-26 00:00:00-04:00,13.050000190734863,13.380000114440918,13.0,13.279999732971191,560700,0.0,0.0
2025-09-29 00:00:00-04:00,13.350000381469727,13.359999656677246,13.149999618530273,13.220000267028809,624000,0.0,0.0
2025-09-30 00:00:00-04:00,13.15999984741211,13.399999618530273,13.140000343322754,13.399999618530273,1069700,0.0,0.0
2025-10-01 00:00:00-04:00,13.369999885559082,13.795000076293945,13.260000228881836,13.699999809265137,1183800,0.0,0.0
2025-10-02 00:00:00-04:00,13.680000305175781,13.729999542236328,13.454999923706055,13.640000343322754,599200,0.0,0.0
2025-10-03 00:00:00-04:00,13.699999809265137,14.029999732971191,13.630000114440918,13.899999618530273,660600,0.0,0.0
2025-10-06 00:00:00-04:00,13.90999984741211,13.90999984741211,13.399999618530273,13.4399995803833,788200,0.0,0.0
2025-10-07 00:00:00-04:00,13.449999809265137,13.539999961853027,13.15999984741211,13.1899995803833,655400,0.0,0.0
2025-10-08 00:00:00-04:00,13.279999732971191,13.40999984741211,13.119999885559082,13.3100004196167,901400,0.0,0.0
2025-10-09 00:00:00-04:00,13.270000457763672,13.300000190734863,12.875,12.930000305175781,552100,0.0,0.0
2025-10-10 00:00:00-04:00,12.9399995803833,13.140000343322754,12.670000076293945,12.710000038146973,718300,0.0,0.0
2025-10-13 00:00:00-04:00,12.8100004196167,13.050000190734863,12.760000228881836,12.880000114440918,536000,0.0,0.0
2025-10-14 00:00:00-04:00,12.8100004196167,13.239999771118164,12.8100004196167,13.180000305175781,689600,0.0,0.0
2025-10-15 00:00:00-04:00,13.199999809265137,13.354999542236328,13.15999984741211,13.350000381469727,627800,0.0,0.0
2025-10-16 00:00:00-04:00,13.369999885559082,13.369999885559082,13.145000457763672,13.25,576100,0.0,0.0
2025-10-17 00:00:00-04:00,13.109999656677246,13.309000015258789,12.890000343322754,12.90999984741211,608000,0.0,0.0
2025-10-20 00:00:00-04:00,12.989999771118164,13.140000343322754,12.904999732971191,13.130000114440918,700500,0.0,0.0
2025-10-21 00:00:00-04:00,13.140000343322754,13.260000228881836,13.050000190734863,13.229999542236328,658500,0.0,0.0
2025-10-22 00:00:00-04:00,13.25,13.260000228881836,12.90999984741211,12.960000038146973,1050300,0.0,0.0
2025-10-23 00:00:00-04:00,13.029999732971191,13.154999732971191,12.970000267028809,13.050000190734863,657900,0.0,0.0
2025-10-24 00:00:00-04:00,13.180000305175781,13.345000267028809,13.074999809265137,13.279999732971191,1121900,0.0,0.0
2025-10-27 00:00:00-04:00,13.369999885559082,13.369999885559082,13.069999694824219,13.119999885559082,737000,0.0,0.0
2025-10-28 00:00:00-04:00,13.0600004196167,13.135000228881836,12.970000267028809,12.979999542236328,866900,0.0,0.0
2025-10-29 00:00:00-04:00,12.960000038146973,13.119999885559082,12.399999618530273,12.529999732971191,930700,0.0,0.0
2025-10-30 00:00:00-04:00,12.380000114440918,12.600000381469727,12.210000038146973,12.399999618530273,816800,0.0,0.0
2025-10-31 00:00:00-04:00,12.34000015258789,12.4350004196167,12.144000053405762,12.319999694824219,844800,0.0,0.0
2025-11-03 00:00:00-05:00,12.300000190734863,12.34000015258789,12.100000381469727,12.229999542236328,724400,0.0,0.0
2025-11-04 00:00:00-05:00,12.149999618530273,12.255000114440918,12.109999656677246,12.199999809265137,547100,0.0,0.0
2025-11-05 00:00:00-05:00,12.15999984741211,12.270000457763672,12.039999961853027,12.260000228881836,668100,0.0,0.0
2025-11-06 00:00:00-05:00,12.260000228881836,12.260000228881836,11.869999885559082,11.890000343322754,467600,0.0,0.0
2025-11-07 00:00:00-05:00,11.880000114440918,11.960000038146973,11.710000038146973,11.819999694824219,529100,0.0,0.0
2025-11-10 00:00:00-05:00,11.890000343322754,11.904999732971191,11.710000038146973,11.880000114440918,1009300,0.0,0.0
2025-11-11 00:00:00-05:00,11.920000076293945,12.229999542236328,11.819999694824219,12.180000305175781,927400,0.0,0.0
2025-11-12 00:00:00-05:00,12.170000076293945,12.5,12.0,12.430000305175781,731600,0.0,0.0
2025-11-13 00:00:00-05:00,12.319999694824219,12.470000267028809,12.180000305175781,12.229999542236328,595300,0.0,0.0
2025-11-14 00:00:00-05:00,12.170000076293945,12.25,11.989999771118164,12.180000305175781,759000,0.0,0.0
2025-11-17 00:00:00-05:00,12.100000381469727,12.140000343322754,11.819999694824219,11.819999694824219,587000,0.0,0.0
2025-11-18 00:00:00-05:00,11.720000267028809,11.920000076293945,11.720000267028809,11.890000343322754,950900,0.0,0.0
2025-11-19 00:00:00-05:00,11.869999885559082,12.069999694824219,11.635000228881836,11.850000381469727,1685700,0.0,0.0
2025-11-20 00:00:00-05:00,11.0600004196167,11.930000305175781,11.0600004196167,11.739999771118164,1842100,0.0,0.0
2025-11-21 00:00:00-05:00,11.760000228881836,12.5600004196167,11.760000228881836,12.180000305175781,1848800,0.0,0.0
2025-11-24 00:00:00-05:00,12.140000343322754,12.369999885559082,12.0,12.34000015258789,892300,0.0,0.0
2025-11-25 00:00:00-05:00,12.40999984741211,12.654999732971191,12.359999656677246,12.5,1048900,0.0,0.0
2025-11-26 00:00:00-05:00,12.5,12.78499984741211,12.484999656677246,12.630000114440918,717700,0.0,0.0
2025-11-28 00:00:00-05:00,12.619999885559082,12.744999885559082,12.539999961853027,12.619999885559082,384500,0.0,0.0
2025-12-01 00:00:00-05:00,12.510000228881836,12.824999809265137,12.510000228881836,12.760000228881836,741300,0.0,0.0
2025-12-02 00:00:00-05:00,12.869999885559082,12.970000267028809,12.739999771118164,12.779999732971191,677700,0.0,0.0
2025-12-03 00:00:00-05:00,12.770000457763672,12.979999542236328,12.720000267028809,12.779999732971191,683400,0.0,0.0
2025-12-04 00:00:00-05:00,12.710000038146973,12.90999984741211,12.529999732971191,12.5600004196167,1085700,0.0,0.0
2025-12-05 00:00:00-05:00,12.5,12.680000305175781,12.399999618530273,12.569999694824219,653100,0.0,0.0
2025-12-08 00:00:00-05:00,12.539999961853027,12.585000038146973,12.364999771118164,12.4399995803833,667800,0.0,0.0
2025-12-09 00:00:00-05:00,12.34000015258789,12.5600004196167,12.34000015258789,12.489999771118164,637700,0.0,0.0
2025-12-10 00:00:00-05:00,12.460000038146973,12.805000305175781,12.460000038146973,12.739999771118164,645800,0.0,0.0
2025-12-11 00:00:00-05:00,12.65999984741211,12.989999771118164,12.65999984741211,12.960000038146973,695900,0.0,0.0
2025-12-12 00:00:00-05:00,12.960000038146973,13.053000450134277,12.8100004196167,12.8100004196167,993800,0.0,0.0
2025-12-15 00:00:00-05:00,12.949999809265137,13.029999732971191,12.664999961853027,12.819999694824219,741200,0.0,0.0
2025-12-16 00:00:00-05:00,12.819999694824219,12.880000114440918,12.6899995803833,12.729999542236328,583500,0.0,0.0
2025-12-17 00:00:00-05:00,12.729999542236328,13.020000457763672,12.630000114440918,12.880000114440918,757200,0.0,0.0
2025-12-18 00:00:00-05:00,13.010000228881836,13.050000190734863,12.635000228881836,12.720000267028809,722400,0.0,0.0
2025-12-19 00:00:00-05:00,12.649999618530273,12.8100004196167,12.609999656677246,12.729999542236328,1096500,0.0,0.0
2025-12-22 00:00:00-05:00,12.760000228881836,12.880000114440918,12.670000076293945,12.75,415500,0.0,0.0
2025-12-23 00:00:00-05:00,12.770000457763672,12.819999694824219,12.640000343322754,12.779999732971191,604700,0.0,0.0
2025-12-24 00:00:00-05:00,12.819999694824219,12.930000305175781,12.75,12.920000076293945,217500,0.0,0.0
2025-12-26 00:00:00-05:00,12.859999656677246,13.050000190734863,12.75,12.859999656677246,308700,0.0,0.0
2025-12-29 00:00:00-05:00,12.880000114440918,12.930000305175781,12.720000267028809,12.760000228881836,320900,0.0,0.0
2025-12-30 00:00:00-05:00,12.760000228881836,12.800000190734863,12.680000305175781,12.680000305175781,332000,0.0,0.0
2025-12-31 00:00:00-05:00,12.710000038146973,12.720000267028809,12.600000381469727,12.670000076293945,726100,0.0,0.0
2026-01-02 00:00:00-05:00,12.65999984741211,12.770000457763672,12.510000228881836,12.600000381469727,596800,0.0,0.0
2026-01-05 00:00:00-05:00,12.569999694824219,13.125,12.539999961853027,12.979999542236328,479200,0.0,0.0
2026-01-06 00:00:00-05:00,12.890000343322754,13.039999961853027,12.789999961853027,13.010000228881836,593600,0.0,0.0
2026-01-07 00:00:00-05:00,13.020000457763672,13.100000381469727,12.800000190734863,12.930000305175781,405400,0.0,0.0
2026-01-08 00:00:00-05:00,12.800000190734863,13.135000228881836,12.800000190734863,13.010000228881836,531000,0.0,0.0
2026-01-09 00:00:00-05:00,13.050000190734863,13.210000038146973,12.970000267028809,13.149999618530273,458300,0.0,0.0
2026-01-12 00:00:00-05:00,13.010000228881836,13.1899995803833,13.010000228881836,13.079999923706055,373400,0.0,0.0
2026-01-13 00:00:00-05:00,13.079999923706055,13.149999618530273,12.854999542236328,12.880000114440918,406300,0.0,0.0
2026-01-14 00:00:00-05:00,12.899999618530273,13.020000457763672,12.789999961853027,12.920000076293945,607200,0.0,0.0
2026-01-15 00:00:00-05:00,12.960000038146973,13.380000114440918,12.9399995803833,13.3100004196167,471000,0.0,0.0
2026-01-16 00:00:00-05:00,13.260000228881836,13.3149995803833,13.140000343322754,13.210000038146973,542100,0.0,0.0
2026-01-20 00:00:00-05:00,13.050000190734863,13.15999984741211,12.880000114440918,13.069999694824219,432300,0.0,0.0
2026-01-21 00:00:00-05:00,13.109999656677246,13.539999961853027,13.109999656677246,13.489999771118164,673300,0.0,0.0
2026-01-22 00:00:00-05:00,13.520000457763672,13.6899995803833,13.510000228881836,13.600000381469727,530000,0.0,0.0
2026-01-23 00:00:00-05:00,13.579999923706055,13.579999923706055,13.149999618530273,13.210000038146973,436800,0.0,0.0
2026-01-26 00:00:00-05:00,13.260000228881836,13.324999809265137,13.069999694824219,13.229999542236328,439500,0.0,0.0
2026-01-27 00:00:00-05:00,13.1899995803833,13.319999694824219,13.09000015258789,13.180000305175781,437100,0.0,0.0
2026-01-28 00:00:00-05:00,13.15999984741211,13.210000038146973,13.029999732971191,13.119999885559082,417800,0.0,0.0
2026-01-29 00:00:00-05:00,13.130000114440918,13.270000457763672,13.069999694824219,13.270000457763672,442600,0.0,0.0
2026-01-30 00:00:00-05:00,13.119999885559082,13.5,13.119999885559082,13.359999656677246,669700,0.0,0.0
2026-02-02 00:00:00-05:00,13.640000343322754,13.9350004196167,13.59000015258789,13.800000190734863,812600,0.0,0.0
2026-02-03 00:00:00-05:00,13.770000457763672,13.829999923706055,13.510000228881836,13.649999618530273,978600,0.0,0.0
2026-02-04 00:00:00-05:00,12.789999961853027,13.5,12.369999885559082,12.699999809265137,1324900,0.0,0.0
2026-02-05 00:00:00-05:00,12.59000015258789,13.010000228881836,12.444999694824219,12.920000076293945,913300,0.0,0.0
2026-02-06 00:00:00-05:00,13.029999732971191,13.609999656677246,12.9399995803833,13.550000190734863,1116600,0.0,0.0
2026-02-09 00:00:00-05:00,13.479999542236328,13.520000457763672,13.270000457763672,13.449999809265137,399100,0.0,0.0
2026-02-10 00:00:00-05:00,13.489999771118164,13.960000038146973,13.449999809265137,13.899999618530273,633000,0.0,0.0
2026-02-11 00:00:00-05:00,13.90999984741211,14.09000015258789,13.75,13.979999542236328,687300,0.0,0.0
2026-02-12 00:00:00-05:00,14.029999732971191,14.1899995803833,13.119999885559082,13.180000305175781,782000,0.0,0.0
2026-02-13 00:00:00-05:00,13.199999809265137,13.720000267028809,12.994999885559082,13.670000076293945,897200,0.0,0.0
2026-02-17 00:00:00-05:00,13.609999656677246,13.75,13.420000076293945,13.609999656677246,412500,0.0,0.0
2026-02-18 00:00:00-05:00,13.609999656677246,13.880000114440918,13.539999961853027,13.6899995803833,338600,0.0,0.0
2026-02-19 00:00:00-05:00,13.630000114440918,13.869999885559082,13.510000228881836,13.84000015258789,306700,0.0,0.0
2026-02-20 00:00:00-05:00,13.779999732971191,13.979999542236328,13.6899995803833,13.829999923706055,381500,0.0,0.0
2026-02-23 00:00:00-05:00,13.800000190734863,13.800000190734863,13.4399995803833,13.550000190734863,511500,0.0,0.0
2026-02-24 00:00:00-05:00,13.569999694824219,13.8100004196167,13.479999542236328,13.770000457763672,736000,0.0,0.0
2026-02-25 00:00:00-05:00,13.829999923706055,14.210000038146973,13.710000038146973,14.119999885559082,946700,0.0,0.0
2026-02-26 00:00:00-05:00,14.220000267028809,14.220000267028809,13.609999656677246,13.890000343322754,587000,0.0,0.0
2026-02-27 00:00:00-05:00,13.75,13.979999542236328,13.600000381469727,13.789999961853027,505800,0.0,0.0
2026-03-02 00:00:00-05:00,13.640000343322754,13.819999694824219,13.569999694824219,13.720000267028809,632300,0.0,0.0
2026-03-03 00:00:00-05:00,13.460000038146973,13.65999984741211,13.109999656677246,13.489999771118164,563100,0.0,0.0
2026-03-04 00:00:00-05:00,13.649999618530273,13.694999694824219,13.390000343322754,13.399999618530273,494000,0.0,0.0
2026-03-05 00:00:00-05:00,13.229999542236328,13.454999923706055,13.140000343322754,13.380000114440918,540800,0.0,0.0
2026-03-06 00:00:00-05:00,13.15999984741211,13.234999656677246,12.704999923706055,12.720000267028809,1036000,0.0,0.0
2026-03-09 00:00:00-04:00,12.529999732971191,12.5600004196167,12.0600004196167,12.479999542236328,838600,0.0,0.0
2026-03-10 00:00:00-04:00,12.390000343322754,12.46500015258789,12.079999923706055,12.130000114440918,862000,0.0,0.0
2026-03-11 00:00:00-04:00,12.100000381469727,12.1899995803833,11.739999771118164,11.75,851200,0.0,0.0
2026-03-12 00:00:00-04:00,11.609999656677246,11.789999961853027,11.414999961853027,11.649999618530273,1187700,0.0,0.0
2026-03-13 00:00:00-04:00,11.8100004196167,11.960000038146973,11.720000267028809,11.8100004196167,661700,0.0,0.0
2026-03-16 00:00:00-04:00,11.949999809265137,12.210000038146973,11.869999885559082,12.09000015258789,569500,0.0,0.0
2026-03-17 00:00:00-04:00,12.199999809265137,12.4399995803833,12.135000228881836,12.1899995803833,505400,0.0,0.0
2026-03-18 00:00:00-04:00,12.069999694824219,12.180000305175781,11.859999656677246,11.890000343322754,496700,0.0,0.0
2026-03-19 00:00:00-04:00,11.739999771118164,11.9399995803833,11.569999694824219,11.739999771118164,378200,0.0,0.0
2026-03-20 00:00:00-04:00,11.770000457763672,11.800000190734863,11.34000015258789,11.399999618530273,864500,0.0,0.0
2026-03-23 00:00:00-04:00,11.640000343322754,12.010000228881836,11.640000343322754,11.75,467800,0.0,0.0
2026-03-24 00:00:00-04:00,11.579999923706055,11.760000228881836,11.489999771118164,11.680000305175781,460500,0.0,0.0
2026-03-25 00:00:00-04:00,11.899999618530273,11.989999771118164,11.649999618530273,11.970000267028809,357900,0.0,0.0
2026-03-26 00:00:00-04:00,12.079999923706055,12.079999923706055,11.640000343322754,11.699999809265137,331900,0.0,0.0
2026-03-27 00:00:00-04:00,11.649999618530273,11.65999984741211,11.449999809265137,11.489999771118164,357200,0.0,0.0
2026-03-30 00:00:00-04:00,11.710000038146973,11.729999542236328,11.5,11.579999923706055,363700,0.0,0.0
2026-03-31 00:00:00-04:00,11.739999771118164,11.9399995803833,11.579999923706055,11.789999961853027,384000,0.0,0.0
2026-04-01 00:00:00-04:00,12.039999961853027,12.039999961853027,11.765000343322754,11.770000457763672,368700,0.0,0.0
2026-04-02 00:00:00-04:00,11.609999656677246,11.90999984741211,11.520000457763672,11.710000038146973,1076300,0.0,0.0
2026-04-06 00:00:00-04:00,11.75,11.835000038146973,11.609999656677246,11.710000038146973,387800,0.0,0.0
2026-04-07 00:00:00-04:00,11.640000343322754,11.640000343322754,11.335000038146973,11.380000114440918,489100,0.0,0.0
2026-04-08 00:00:00-04:00,11.859999656677246,12.119999885559082,11.765000343322754,11.8100004196167,789900,0.0,0.0
2026-04-09 00:00:00-04:00,11.710000038146973,11.859999656677246,11.609999656677246,11.800000190734863,421200,0.0,0.0
2026-04-10 00:00:00-04:00,11.829999923706055,11.829999923706055,11.710000038146973,11.779999732971191,441800,0.0,0.0
2026-04-13 00:00:00-04:00,11.6899995803833,11.925000190734863,11.585000038146973,11.850000381469727,521400,0.0,0.0
2026-04-14 00:00:00-04:00,11.850000381469727,12.130000114440918,11.795000076293945,12.0600004196167,470400,0.0,0.0
2026-04-15 00:00:00-04:00,12.050000190734863,12.239999771118164,11.989999771118164,12.130000114440918,339500,0.0,0.0
2026-04-16 00:00:00-04:00,12.15999984741211,12.319999694824219,11.899999618530273,12.130000114440918,374100,0.0,0.0
2026-04-17 00:00:00-04:00,12.319999694824219,12.630000114440918,12.270000457763672,12.470000267028809,323700,0.0,0.0
2026-04-20 00:00:00-04:00,12.470000267028809,12.694999694824219,12.470000267028809,12.59000015258789,345600,0.0,0.0
2026-04-21 00:00:00-04:00,12.609999656677246,12.75,12.260000228881836,12.329999923706055,311900,0.0,0.0
2026-04-22 00:00:00-04:00,12.399999618530273,12.460000038146973,12.25,12.329999923706055,470100,0.0,0.0
2026-04-23 00:00:00-04:00,12.279999732971191,12.510000228881836,12.239999771118164,12.510000228881836,232600,0.0,0.0
2026-04-24 00:00:00-04:00,12.479999542236328,12.529999732971191,12.319999694824219,12.350000381469727,417900,0.0,0.0
2026-04-27 00:00:00-04:00,12.350000381469727,12.59000015258789,12.279999732971191,12.3100004196167,351800,0.0,0.0
2026-04-28 00:00:00-04:00,12.319999694824219,12.369999885559082,12.220000267028809,12.350000381469727,254100,0.0,0.0
2026-04-29 00:00:00-04:00,12.319999694824219,12.375,11.699999809265137,11.800000190734863,411100,0.0,0.0
2026-04-30 00:00:00-04:00,11.84000015258789,12.029999732971191,11.8149995803833,11.899999618530273,622500,0.0,0.0
2026-05-01 00:00:00-04:00,12.010000228881836,12.109999656677246,11.734999656677246,11.770000457763672,512700,0.0,0.0
2026-05-04 00:00:00-04:00,11.729999542236328,11.829999923706055,11.545000076293945,11.619999885559082,605100,0.0,0.0
2026-05-05 00:00:00-04:00,11.630000114440918,11.819999694824219,11.600000381469727,11.8100004196167,1134100,0.0,0.0
2026-05-06 00:00:00-04:00,12.739999771118164,13.25,12.5,13.220000267028809,2361300,0.0,0.0
2026-05-07 00:00:00-04:00,13.600000381469727,13.868000030517578,12.710000038146973,12.989999771118164,1077400,0.0,0.0
2026-05-08 00:00:00-04:00,13.010000228881836,13.079999923706055,12.789999961853027,12.970000267028809,1130900,0.0,0.0
2026-05-11 00:00:00-04:00,12.800000190734863,13.039999961853027,12.699999809265137,13.039999961853027,642500,0.0,0.0
2026-05-12 00:00:00-04:00,12.84000015258789,13.039999961853027,12.630000114440918,12.850000381469727,449200,0.0,0.0
2026-05-13 00:00:00-04:00,12.4399995803833,12.75,12.300000190734863,12.550000190734863,594800,0.0,0.0
2026-05-14 00:00:00-04:00,12.390000343322754,12.850000381469727,12.390000343322754,12.760000228881836,798800,0.0,0.0
2026-05-15 00:00:00-04:00,12.65999984741211,12.800000190734863,12.501999855041504,12.569999694824219,700800,0.0,0.0
2026-05-18 00:00:00-04:00,12.59000015258789,12.84000015258789,12.53499984741211,12.779999732971191,481600,0.0,0.0
2026-05-19 00:00:00-04:00,12.699999809265137,12.710000038146973,11.979999542236328,12.0,548700,0.0,0.0
2026-05-20 00:00:00-04:00,12.09000015258789,12.420000076293945,11.989999771118164,12.399999618530273,377782,0.0,0.0
