Date,Open,High,Low,Close,Volume,Dividends,Stock Splits
2022-01-03 00:00:00-05:00,6.300000190734863,6.679999828338623,6.099999904632568,6.659999847412109,97300,0.0,0.0
2022-01-04 00:00:00-05:00,6.809999942779541,6.826000213623047,6.340000152587891,6.489999771118164,71000,0.0,0.0
2022-01-05 00:00:00-05:00,6.480000019073486,6.800000190734863,6.019999980926514,6.119999885559082,91200,0.0,0.0
2022-01-06 00:00:00-05:00,6.25,6.329999923706055,5.860000133514404,5.980000019073486,45900,0.0,0.0
2022-01-07 00:00:00-05:00,5.929999828338623,6.190000057220459,5.800000190734863,6.039999961853027,28700,0.0,0.0
2022-01-10 00:00:00-05:00,5.900000095367432,5.980000019073486,5.71999979019165,5.909999847412109,85900,0.0,0.0
2022-01-11 00:00:00-05:00,5.860000133514404,6.063000202178955,5.789999961853027,5.900000095367432,45300,0.0,0.0
2022-01-12 00:00:00-05:00,5.949999809265137,6.139999866485596,5.85699987411499,6.059999942779541,36600,0.0,0.0
2022-01-13 00:00:00-05:00,6.019999980926514,6.039999961853027,5.760000228881836,5.78000020980835,36300,0.0,0.0
2022-01-14 00:00:00-05:00,5.75,5.949999809265137,5.639999866485596,5.869999885559082,43200,0.0,0.0
2022-01-18 00:00:00-05:00,5.699999809265137,5.699999809265137,5.539999961853027,5.619999885559082,52600,0.0,0.0
2022-01-19 00:00:00-05:00,5.699999809265137,5.855000019073486,5.559999942779541,5.800000190734863,83300,0.0,0.0
2022-01-20 00:00:00-05:00,5.880000114440918,6.050000190734863,5.75,5.960000038146973,251900,0.0,0.0
2022-01-21 00:00:00-05:00,5.840000152587891,5.840000152587891,5.449999809265137,5.5,126800,0.0,0.0
2022-01-24 00:00:00-05:00,5.199999809265137,5.260000228881836,4.829999923706055,5.090000152587891,206600,0.0,0.0
2022-01-25 00:00:00-05:00,5.099999904632568,5.179999828338623,4.894999980926514,5.090000152587891,69900,0.0,0.0
2022-01-26 00:00:00-05:00,5.150000095367432,5.293000221252441,4.920000076293945,4.989999771118164,52400,0.0,0.0
2022-01-27 00:00:00-05:00,5.010000228881836,5.039999961853027,4.829999923706055,4.949999809265137,53700,0.0,0.0
2022-01-28 00:00:00-05:00,4.96999979019165,5.340000152587891,4.820000171661377,5.150000095367432,56900,0.0,0.0
2022-01-31 00:00:00-05:00,5.0,5.389999866485596,4.960000038146973,5.340000152587891,40200,0.0,0.0
2022-02-01 00:00:00-05:00,5.369999885559082,5.75,5.175000190734863,5.550000190734863,31800,0.0,0.0
2022-02-02 00:00:00-05:00,5.519999980926514,5.519999980926514,5.119999885559082,5.170000076293945,46100,0.0,0.0
2022-02-03 00:00:00-05:00,4.920000076293945,5.130000114440918,4.760000228881836,4.920000076293945,60800,0.0,0.0
2022-02-04 00:00:00-05:00,5.119999885559082,5.119999885559082,4.810999870300293,4.949999809265137,22700,0.0,0.0
2022-02-07 00:00:00-05:00,4.989999771118164,5.085999965667725,4.940000057220459,5.070000171661377,34500,0.0,0.0
2022-02-08 00:00:00-05:00,5.059999942779541,5.230000019073486,4.869999885559082,5.079999923706055,18800,0.0,0.0
2022-02-09 00:00:00-05:00,5.130000114440918,5.389999866485596,5.039999961853027,5.070000171661377,95900,0.0,0.0
2022-02-10 00:00:00-05:00,5.099999904632568,5.400000095367432,5.010000228881836,5.360000133514404,27400,0.0,0.0
2022-02-11 00:00:00-05:00,5.320000171661377,5.400000095367432,5.110000133514404,5.110000133514404,23300,0.0,0.0
2022-02-14 00:00:00-05:00,5.0,5.119999885559082,4.960000038146973,5.0,46400,0.0,0.0
2022-02-15 00:00:00-05:00,5.0,5.369999885559082,5.0,5.340000152587891,30000,0.0,0.0
2022-02-16 00:00:00-05:00,5.300000190734863,5.460000038146973,5.210000038146973,5.369999885559082,62800,0.0,0.0
2022-02-17 00:00:00-05:00,5.320000171661377,5.320000171661377,5.119999885559082,5.199999809265137,15000,0.0,0.0
2022-02-18 00:00:00-05:00,5.179999828338623,5.340000152587891,5.170000076293945,5.230000019073486,15300,0.0,0.0
2022-02-22 00:00:00-05:00,5.110000133514404,5.230000019073486,5.110000133514404,5.110000133514404,24900,0.0,0.0
2022-02-23 00:00:00-05:00,5.199999809265137,5.515999794006348,5.099999904632568,5.289999961853027,31700,0.0,0.0
2022-02-24 00:00:00-05:00,5.050000190734863,5.260000228881836,4.980000019073486,5.230000019073486,35400,0.0,0.0
2022-02-25 00:00:00-05:00,5.119999885559082,5.239999771118164,5.0,5.130000114440918,26400,0.0,0.0
2022-02-28 00:00:00-05:00,5.099999904632568,5.364999771118164,5.099999904632568,5.349999904632568,29300,0.0,0.0
2022-03-01 00:00:00-05:00,5.159999847412109,5.380000114440918,5.159999847412109,5.239999771118164,20800,0.0,0.0
2022-03-02 00:00:00-05:00,5.210000038146973,5.400000095367432,5.170000076293945,5.329999923706055,32000,0.0,0.0
2022-03-03 00:00:00-05:00,5.28000020980835,5.334000110626221,5.010000228881836,5.010000228881836,36400,0.0,0.0
2022-03-04 00:00:00-05:00,5.010000228881836,5.130000114440918,4.860000133514404,4.949999809265137,30000,0.0,0.0
2022-03-07 00:00:00-05:00,4.900000095367432,5.025000095367432,4.840000152587891,4.960000038146973,30000,0.0,0.0
2022-03-08 00:00:00-05:00,4.929999828338623,5.239999771118164,4.880000114440918,5.070000171661377,28000,0.0,0.0
2022-03-09 00:00:00-05:00,5.179999828338623,5.550000190734863,5.138000011444092,5.53000020980835,41800,0.0,0.0
2022-03-10 00:00:00-05:00,5.519999980926514,5.519999980926514,5.170000076293945,5.5,26000,0.0,0.0
2022-03-11 00:00:00-05:00,5.489999771118164,5.5920000076293945,5.019999980926514,5.309999942779541,15700,0.0,0.0
2022-03-14 00:00:00-04:00,5.269999980926514,5.269999980926514,5.059999942779541,5.230000019073486,22700,0.0,0.0
2022-03-15 00:00:00-04:00,5.050000190734863,5.099999904632568,4.949999809265137,5.059999942779541,83400,0.0,0.0
2022-03-16 00:00:00-04:00,5.019999980926514,5.289999961853027,4.974999904632568,5.130000114440918,28300,0.0,0.0
2022-03-17 00:00:00-04:00,5.389999866485596,5.389999866485596,5.175000190734863,5.28000020980835,13600,0.0,0.0
2022-03-18 00:00:00-04:00,5.334000110626221,5.445000171661377,5.230000019073486,5.360000133514404,23700,0.0,0.0
2022-03-21 00:00:00-04:00,5.409999847412109,5.659999847412109,5.269999980926514,5.420000076293945,25100,0.0,0.0
2022-03-22 00:00:00-04:00,5.380000114440918,5.590000152587891,5.380000114440918,5.590000152587891,34900,0.0,0.0
2022-03-23 00:00:00-04:00,5.539999961853027,5.539999961853027,5.349999904632568,5.389999866485596,35500,0.0,0.0
2022-03-24 00:00:00-04:00,5.340000152587891,5.429999828338623,5.3379998207092285,5.340000152587891,19500,0.0,0.0
2022-03-25 00:00:00-04:00,5.409999847412109,5.434999942779541,5.329999923706055,5.429999828338623,17600,0.0,0.0
2022-03-28 00:00:00-04:00,5.380000114440918,5.380000114440918,5.264999866485596,5.340000152587891,22200,0.0,0.0
2022-03-29 00:00:00-04:00,5.369999885559082,5.392000198364258,5.320000171661377,5.349999904632568,15700,0.0,0.0
2022-03-30 00:00:00-04:00,5.320000171661377,5.730000019073486,5.320000171661377,5.550000190734863,38600,0.0,0.0
2022-03-31 00:00:00-04:00,5.590000152587891,5.619999885559082,5.429999828338623,5.590000152587891,12800,0.0,0.0
2022-04-01 00:00:00-04:00,5.559999942779541,5.889999866485596,5.5,5.715000152587891,43900,0.0,0.0
2022-04-04 00:00:00-04:00,5.949999809265137,6.480000019073486,5.860000133514404,6.300000190734863,113700,0.0,0.0
2022-04-05 00:00:00-04:00,6.110000133514404,7.550000190734863,6.110000133514404,7.349999904632568,281000,0.0,0.0
2022-04-06 00:00:00-04:00,7.010000228881836,8.640000343322754,6.809999942779541,8.640000343322754,366500,0.0,0.0
2022-04-07 00:00:00-04:00,8.550000190734863,8.550000190734863,7.760000228881836,8.170000076293945,231300,0.0,0.0
2022-04-08 00:00:00-04:00,8.199999809265137,8.460000038146973,7.739999771118164,8.119999885559082,174900,0.0,0.0
2022-04-11 00:00:00-04:00,7.949999809265137,8.0,6.920000076293945,7.079999923706055,204000,0.0,0.0
2022-04-12 00:00:00-04:00,7.039999961853027,7.28000020980835,6.989999771118164,7.070000171661377,96600,0.0,0.0
2022-04-13 00:00:00-04:00,7.070000171661377,7.25,6.926000118255615,7.019999980926514,32400,0.0,0.0
2022-04-14 00:00:00-04:00,7.090000152587891,7.544000148773193,7.090000152587891,7.389999866485596,66000,0.0,0.0
2022-04-18 00:00:00-04:00,7.349999904632568,7.349999904632568,6.855000019073486,6.960000038146973,93700,0.0,0.0
2022-04-19 00:00:00-04:00,7.130000114440918,7.330999851226807,6.789999961853027,6.949999809265137,60700,0.0,0.0
2022-04-20 00:00:00-04:00,6.929999828338623,7.099999904632568,6.619999885559082,6.800000190734863,77700,0.0,0.0
2022-04-21 00:00:00-04:00,6.75,6.880000114440918,6.510000228881836,6.800000190734863,67300,0.0,0.0
2022-04-22 00:00:00-04:00,6.866000175476074,6.920000076293945,6.650000095367432,6.679999828338623,29500,0.0,0.0
2022-04-25 00:00:00-04:00,6.489999771118164,6.492000102996826,5.900000095367432,5.989999771118164,86800,0.0,0.0
2022-04-26 00:00:00-04:00,5.909999847412109,5.980000019073486,5.739999771118164,5.789999961853027,36700,0.0,0.0
2022-04-27 00:00:00-04:00,5.760000228881836,5.760000228881836,5.465000152587891,5.639999866485596,28900,0.0,0.0
2022-04-28 00:00:00-04:00,5.579999923706055,5.980000019073486,5.5,5.809999942779541,47800,0.0,0.0
2022-04-29 00:00:00-04:00,5.889999866485596,6.199999809265137,5.599999904632568,5.690000057220459,163100,0.0,0.0
2022-05-02 00:00:00-04:00,5.71999979019165,5.739999771118164,5.199999809265137,5.340000152587891,94000,0.0,0.0
2022-05-03 00:00:00-04:00,5.300000190734863,5.400000095367432,4.559999942779541,4.590000152587891,327700,0.0,0.0
2022-05-04 00:00:00-04:00,4.53000020980835,4.599999904632568,4.03000020980835,4.179999828338623,284400,0.0,0.0
2022-05-05 00:00:00-04:00,4.070000171661377,4.260000228881836,3.6500000953674316,3.809999942779541,210800,0.0,0.0
2022-05-06 00:00:00-04:00,3.819999933242798,4.28000020980835,3.819999933242798,4.28000020980835,173100,0.0,0.0
2022-05-09 00:00:00-04:00,4.389999866485596,4.460000038146973,4.050000190734863,4.139999866485596,162300,0.0,0.0
2022-05-10 00:00:00-04:00,4.199999809265137,4.269999980926514,3.7899999618530273,4.25,104400,0.0,0.0
2022-05-11 00:00:00-04:00,4.309999942779541,4.449999809265137,4.050000190734863,4.159999847412109,68600,0.0,0.0
2022-05-12 00:00:00-04:00,4.050000190734863,4.125,3.9100000858306885,4.070000171661377,46900,0.0,0.0
2022-05-13 00:00:00-04:00,4.0,4.28000020980835,3.9600000381469727,4.28000020980835,90400,0.0,0.0
2022-05-16 00:00:00-04:00,4.190000057220459,4.369999885559082,3.859999895095825,3.9800000190734863,67800,0.0,0.0
2022-05-17 00:00:00-04:00,4.050000190734863,4.170000076293945,3.9000000953674316,4.03000020980835,48100,0.0,0.0
2022-05-18 00:00:00-04:00,3.9200000762939453,4.099999904632568,3.7699999809265137,3.9600000381469727,32300,0.0,0.0
2022-05-19 00:00:00-04:00,3.890000104904175,4.099999904632568,3.8399999141693115,4.070000171661377,17000,0.0,0.0
2022-05-20 00:00:00-04:00,4.089000225067139,4.099999904632568,3.9200000762939453,4.03000020980835,35800,0.0,0.0
2022-05-23 00:00:00-04:00,3.9100000858306885,4.420000076293945,3.9100000858306885,4.320000171661377,70000,0.0,0.0
2022-05-24 00:00:00-04:00,4.25,4.25,4.099999904632568,4.139999866485596,50600,0.0,0.0
2022-05-25 00:00:00-04:00,4.090000152587891,4.260000228881836,4.090000152587891,4.260000228881836,10700,0.0,0.0
2022-05-26 00:00:00-04:00,4.199999809265137,4.46999979019165,4.159999847412109,4.349999904632568,28400,0.0,0.0
2022-05-27 00:00:00-04:00,4.409999847412109,4.769999980926514,4.369999885559082,4.71999979019165,49900,0.0,0.0
2022-05-31 00:00:00-04:00,4.71999979019165,5.190000057220459,4.710000038146973,5.010000228881836,108600,0.0,0.0
2022-06-01 00:00:00-04:00,4.840000152587891,4.849999904632568,4.599999904632568,4.849999904632568,34100,0.0,0.0
2022-06-02 00:00:00-04:00,4.809999942779541,5.449999809265137,4.710000038146973,5.130000114440918,82300,0.0,0.0
2022-06-03 00:00:00-04:00,5.099999904632568,5.389999866485596,5.010000228881836,5.159999847412109,45900,0.0,0.0
2022-06-06 00:00:00-04:00,5.150000095367432,5.239999771118164,4.9710001945495605,5.130000114440918,53800,0.0,0.0
2022-06-07 00:00:00-04:00,4.860000133514404,4.900000095367432,4.53000020980835,4.690000057220459,85000,0.0,0.0
2022-06-08 00:00:00-04:00,4.559999942779541,4.684000015258789,4.5,4.5,69000,0.0,0.0
2022-06-09 00:00:00-04:00,4.489999771118164,4.574999809265137,4.324999809265137,4.480000019073486,27200,0.0,0.0
2022-06-10 00:00:00-04:00,4.480000019073486,4.639999866485596,4.199999809265137,4.255000114440918,43300,0.0,0.0
2022-06-13 00:00:00-04:00,3.990000009536743,3.990000009536743,3.8399999141693115,3.859999895095825,47200,0.0,0.0
2022-06-14 00:00:00-04:00,3.930000066757202,4.050000190734863,3.869999885559082,3.9700000286102295,21300,0.0,0.0
2022-06-15 00:00:00-04:00,3.869999885559082,4.190000057220459,3.869999885559082,4.070000171661377,20900,0.0,0.0
2022-06-16 00:00:00-04:00,3.990000009536743,4.179999828338623,3.9000000953674316,3.990000009536743,33000,0.0,0.0
2022-06-17 00:00:00-04:00,3.990000009536743,4.179999828338623,3.9210000038146973,3.990000009536743,35100,0.0,0.0
2022-06-21 00:00:00-04:00,3.950000047683716,4.230000019073486,3.950000047683716,4.135000228881836,23400,0.0,0.0
2022-06-22 00:00:00-04:00,4.050000190734863,4.300000190734863,4.050000190734863,4.199999809265137,17900,0.0,0.0
2022-06-23 00:00:00-04:00,4.210000038146973,4.39300012588501,4.150000095367432,4.379000186920166,13700,0.0,0.0
2022-06-24 00:00:00-04:00,4.449999809265137,4.6620001792907715,4.449999809265137,4.639999866485596,34900,0.0,0.0
2022-06-27 00:00:00-04:00,4.510000228881836,4.96999979019165,4.409999847412109,4.849999904632568,39200,0.0,0.0
2022-06-28 00:00:00-04:00,4.71999979019165,4.869999885559082,4.690000057220459,4.75,45500,0.0,0.0
2022-06-29 00:00:00-04:00,4.679999828338623,4.929999828338623,4.579999923706055,4.710000038146973,24200,0.0,0.0
2022-06-30 00:00:00-04:00,4.570000171661377,4.570000171661377,4.400000095367432,4.519999980926514,21500,0.0,0.0
2022-07-01 00:00:00-04:00,4.579999923706055,4.670000076293945,4.409999847412109,4.460000038146973,14100,0.0,0.0
2022-07-05 00:00:00-04:00,4.320000171661377,4.599999904632568,4.28000020980835,4.559999942779541,25400,0.0,0.0
2022-07-06 00:00:00-04:00,4.550000190734863,4.929999828338623,4.4710001945495605,4.650000095367432,37100,0.0,0.0
2022-07-07 00:00:00-04:00,4.809999942779541,5.400000095367432,4.809999942779541,5.349999904632568,108900,0.0,0.0
2022-07-08 00:00:00-04:00,5.320000171661377,5.679999828338623,5.320000171661377,5.599999904632568,60600,0.0,0.0
2022-07-11 00:00:00-04:00,5.28000020980835,5.519999980926514,5.0,5.199999809265137,79200,0.0,0.0
2022-07-12 00:00:00-04:00,5.150000095367432,5.26200008392334,5.133999824523926,5.26200008392334,22600,0.0,0.0
2022-07-13 00:00:00-04:00,5.079999923706055,5.300000190734863,5.079999923706055,5.179999828338623,15400,0.0,0.0
2022-07-14 00:00:00-04:00,5.050000190734863,5.150000095367432,4.96999979019165,5.0,38100,0.0,0.0
2022-07-15 00:00:00-04:00,5.0,5.159999847412109,4.800000190734863,4.909999847412109,27900,0.0,0.0
2022-07-18 00:00:00-04:00,4.809999942779541,4.940000057220459,4.699999809265137,4.710000038146973,22200,0.0,0.0
2022-07-19 00:00:00-04:00,4.710000038146973,5.199999809265137,4.710000038146973,4.78000020980835,24900,0.0,0.0
2022-07-20 00:00:00-04:00,4.699999809265137,4.889999866485596,4.519999980926514,4.550000190734863,58400,0.0,0.0
2022-07-21 00:00:00-04:00,4.519999980926514,4.574999809265137,4.210000038146973,4.239999771118164,221700,0.0,0.0
2022-07-22 00:00:00-04:00,4.309999942779541,4.460000038146973,4.150000095367432,4.230000019073486,66300,0.0,0.0
2022-07-25 00:00:00-04:00,4.380000114440918,4.380000114440918,4.099999904632568,4.150000095367432,45300,0.0,0.0
2022-07-26 00:00:00-04:00,4.190000057220459,4.190000057220459,4.03000020980835,4.139999866485596,35400,0.0,0.0
2022-07-27 00:00:00-04:00,4.21999979019165,5.090000152587891,4.21999979019165,4.510000228881836,149100,0.0,0.0
2022-07-28 00:00:00-04:00,4.510000228881836,4.610000133514404,4.360000133514404,4.414999961853027,53800,0.0,0.0
2022-07-29 00:00:00-04:00,4.369999885559082,4.559999942779541,4.199999809265137,4.25,72200,0.0,0.0
2022-08-01 00:00:00-04:00,4.25,4.579999923706055,4.239999771118164,4.25,122800,0.0,0.0
2022-08-02 00:00:00-04:00,4.349999904632568,4.46999979019165,4.2230000495910645,4.46999979019165,29000,0.0,0.0
2022-08-03 00:00:00-04:00,4.519999980926514,4.8429999351501465,4.519999980926514,4.760000228881836,50000,0.0,0.0
2022-08-04 00:00:00-04:00,4.78000020980835,5.079999923706055,4.610000133514404,5.070000171661377,43500,0.0,0.0
2022-08-05 00:00:00-04:00,5.119999885559082,5.329999923706055,5.039999961853027,5.159999847412109,53600,0.0,0.0
2022-08-08 00:00:00-04:00,5.210000038146973,5.210000038146973,5.010000228881836,5.110000133514404,27500,0.0,0.0
2022-08-09 00:00:00-04:00,4.96999979019165,5.099999904632568,4.690000057220459,4.730000019073486,39500,0.0,0.0
2022-08-10 00:00:00-04:00,4.860000133514404,4.989999771118164,4.800000190734863,4.869999885559082,42700,0.0,0.0
2022-08-11 00:00:00-04:00,4.869999885559082,5.099999904632568,4.869999885559082,5.070000171661377,14900,0.0,0.0
2022-08-12 00:00:00-04:00,5.090000152587891,5.135000228881836,4.929999828338623,5.090000152587891,29400,0.0,0.0
2022-08-15 00:00:00-04:00,4.989999771118164,5.349999904632568,4.920000076293945,5.21999979019165,76800,0.0,0.0
2022-08-16 00:00:00-04:00,5.190000057220459,5.239999771118164,5.059999942779541,5.150000095367432,22700,0.0,0.0
2022-08-17 00:00:00-04:00,5.25,5.264999866485596,4.989999771118164,5.179999828338623,34800,0.0,0.0
2022-08-18 00:00:00-04:00,5.199999809265137,5.199999809265137,5.010000228881836,5.010000228881836,20700,0.0,0.0
2022-08-19 00:00:00-04:00,5.010000228881836,5.139999866485596,4.840000152587891,5.119999885559082,16200,0.0,0.0
2022-08-22 00:00:00-04:00,4.769999980926514,5.449999809265137,4.769999980926514,5.289999961853027,84500,0.0,0.0
2022-08-23 00:00:00-04:00,5.230000019073486,5.329999923706055,5.159999847412109,5.28000020980835,23800,0.0,0.0
2022-08-24 00:00:00-04:00,5.28000020980835,6.150000095367432,5.099999904632568,5.869999885559082,169000,0.0,0.0
2022-08-25 00:00:00-04:00,5.800000190734863,5.940000057220459,5.619999885559082,5.699999809265137,67600,0.0,0.0
2022-08-26 00:00:00-04:00,5.949999809265137,5.949999809265137,5.650000095367432,5.730000019073486,23800,0.0,0.0
2022-08-29 00:00:00-04:00,5.510000228881836,5.820000171661377,5.409999847412109,5.5,64500,0.0,0.0
2022-08-30 00:00:00-04:00,5.579999923706055,5.579999923706055,5.21999979019165,5.289999961853027,12600,0.0,0.0
2022-08-31 00:00:00-04:00,5.239999771118164,5.369999885559082,5.139999866485596,5.25,24600,0.0,0.0
2022-09-01 00:00:00-04:00,5.099999904632568,5.239999771118164,5.061999797821045,5.170000076293945,18500,0.0,0.0
2022-09-02 00:00:00-04:00,5.150000095367432,5.210000038146973,5.150000095367432,5.159999847412109,6100,0.0,0.0
2022-09-06 00:00:00-04:00,5.389999866485596,5.389999866485596,4.900000095367432,5.0,41100,0.0,0.0
2022-09-07 00:00:00-04:00,4.929999828338623,5.230000019073486,4.929999828338623,5.139999866485596,19700,0.0,0.0
2022-09-08 00:00:00-04:00,4.820000171661377,5.019999980926514,4.789999961853027,4.880000114440918,60200,0.0,0.0
2022-09-09 00:00:00-04:00,5.01800012588501,5.019999980926514,4.810999870300293,4.900000095367432,21300,0.0,0.0
2022-09-12 00:00:00-04:00,5.119999885559082,5.300000190734863,5.0,5.269999980926514,37900,0.0,0.0
2022-09-13 00:00:00-04:00,5.159999847412109,5.25,4.909999847412109,5.070000171661377,49200,0.0,0.0
2022-09-14 00:00:00-04:00,5.019999980926514,5.239999771118164,4.980000019073486,5.170000076293945,25600,0.0,0.0
2022-09-15 00:00:00-04:00,5.070000171661377,5.329999923706055,5.070000171661377,5.25,41200,0.0,0.0
2022-09-16 00:00:00-04:00,5.440000057220459,5.440000057220459,4.800000190734863,4.820000171661377,65300,0.0,0.0
2022-09-19 00:00:00-04:00,4.860000133514404,4.860000133514404,4.510000228881836,4.699999809265137,47400,0.0,0.0
2022-09-20 00:00:00-04:00,4.590000152587891,4.88700008392334,4.590000152587891,4.619999885559082,38500,0.0,0.0
2022-09-21 00:00:00-04:00,4.650000095367432,4.730000019073486,4.510000228881836,4.519999980926514,18100,0.0,0.0
2022-09-22 00:00:00-04:00,4.510000228881836,4.599999904632568,4.300000190734863,4.460000038146973,61700,0.0,0.0
2022-09-23 00:00:00-04:00,4.269999980926514,4.507999897003174,4.110000133514404,4.110000133514404,38600,0.0,0.0
2022-09-26 00:00:00-04:00,4.119999885559082,4.880000114440918,4.119999885559082,4.369999885559082,37300,0.0,0.0
2022-09-27 00:00:00-04:00,4.349999904632568,4.389999866485596,4.190000057220459,4.260000228881836,19500,0.0,0.0
2022-09-28 00:00:00-04:00,4.199999809265137,4.380000114440918,4.15500020980835,4.21999979019165,34000,0.0,0.0
2022-09-29 00:00:00-04:00,4.199999809265137,4.2170000076293945,4.110000133514404,4.139999866485596,10100,0.0,0.0
2022-09-30 00:00:00-04:00,4.360000133514404,4.420000076293945,4.190000057220459,4.25,6700,0.0,0.0
2022-10-03 00:00:00-04:00,4.179999828338623,4.429999828338623,4.179999828338623,4.199999809265137,12400,0.0,0.0
2022-10-04 00:00:00-04:00,4.25,4.454999923706055,4.25,4.389999866485596,11800,0.0,0.0
2022-10-05 00:00:00-04:00,4.489999771118164,4.489999771118164,4.260000228881836,4.300000190734863,8400,0.0,0.0
2022-10-06 00:00:00-04:00,4.300000190734863,4.53000020980835,4.300000190734863,4.460000038146973,10700,0.0,0.0
2022-10-07 00:00:00-04:00,4.349999904632568,4.400000095367432,4.21999979019165,4.260000228881836,6500,0.0,0.0
2022-10-10 00:00:00-04:00,4.289999961853027,4.301000118255615,4.159999847412109,4.21999979019165,14500,0.0,0.0
2022-10-11 00:00:00-04:00,4.150000095367432,4.239999771118164,4.03000020980835,4.110000133514404,12400,0.0,0.0
2022-10-12 00:00:00-04:00,4.059999942779541,4.230000019073486,3.990000009536743,4.130000114440918,15500,0.0,0.0
2022-10-13 00:00:00-04:00,4.03000020980835,4.289999961853027,3.930000066757202,4.289999961853027,7800,0.0,0.0
2022-10-14 00:00:00-04:00,4.260000228881836,4.364999771118164,4.170000076293945,4.170000076293945,5500,0.0,0.0
2022-10-17 00:00:00-04:00,4.21999979019165,4.360000133514404,4.21999979019165,4.360000133514404,8900,0.0,0.0
2022-10-18 00:00:00-04:00,4.369999885559082,4.449999809265137,4.260000228881836,4.360000133514404,13200,0.0,0.0
2022-10-19 00:00:00-04:00,4.239999771118164,4.340000152587891,4.179999828338623,4.236999988555908,11700,0.0,0.0
2022-10-20 00:00:00-04:00,4.190000057220459,4.2729997634887695,4.050000190734863,4.230000019073486,13300,0.0,0.0
2022-10-21 00:00:00-04:00,4.230000019073486,4.380000114440918,4.099999904632568,4.3470001220703125,9600,0.0,0.0
2022-10-24 00:00:00-04:00,4.190000057220459,4.25,4.019999980926514,4.179999828338623,20800,0.0,0.0
2022-10-25 00:00:00-04:00,4.079999923706055,4.309999942779541,4.079999923706055,4.130000114440918,28800,0.0,0.0
2022-10-26 00:00:00-04:00,4.190000057220459,4.244999885559082,4.159999847412109,4.175000190734863,6700,0.0,0.0
2022-10-27 00:00:00-04:00,4.119999885559082,4.190000057220459,4.090000152587891,4.150000095367432,16200,0.0,0.0
2022-10-28 00:00:00-04:00,4.099999904632568,4.320000171661377,4.090000152587891,4.315000057220459,37300,0.0,0.0
2022-10-31 00:00:00-04:00,4.119999885559082,4.409999847412109,4.119999885559082,4.289999961853027,8100,0.0,0.0
2022-11-01 00:00:00-04:00,4.369999885559082,4.375,4.25,4.281000137329102,8700,0.0,0.0
2022-11-02 00:00:00-04:00,4.230000019073486,4.329999923706055,4.119999885559082,4.260000228881836,35500,0.0,0.0
2022-11-03 00:00:00-04:00,4.170000076293945,4.349999904632568,4.15500020980835,4.28000020980835,14000,0.0,0.0
2022-11-04 00:00:00-04:00,4.300000190734863,4.349999904632568,4.216000080108643,4.300000190734863,5500,0.0,0.0
2022-11-07 00:00:00-05:00,4.192999839782715,4.28000020980835,4.139999866485596,4.150000095367432,8200,0.0,0.0
2022-11-08 00:00:00-05:00,4.150000095367432,4.21999979019165,4.059999942779541,4.210000038146973,18100,0.0,0.0
2022-11-09 00:00:00-05:00,4.139999866485596,4.2769999504089355,4.130000114440918,4.179999828338623,23500,0.0,0.0
2022-11-10 00:00:00-05:00,4.260000228881836,4.578000068664551,4.21999979019165,4.578000068664551,41400,0.0,0.0
2022-11-11 00:00:00-05:00,4.579999923706055,4.900000095367432,4.53000020980835,4.599999904632568,59100,0.0,0.0
2022-11-14 00:00:00-05:00,4.5,4.599999904632568,4.449999809265137,4.53000020980835,17100,0.0,0.0
2022-11-15 00:00:00-05:00,4.599999904632568,4.920000076293945,4.599999904632568,4.809999942779541,78000,0.0,0.0
2022-11-16 00:00:00-05:00,4.789999961853027,4.820000171661377,4.75,4.775000095367432,16600,0.0,0.0
2022-11-17 00:00:00-05:00,4.829999923706055,4.860000133514404,4.71999979019165,4.800000190734863,37600,0.0,0.0
2022-11-18 00:00:00-05:00,4.796999931335449,4.820000171661377,4.710000038146973,4.800000190734863,18400,0.0,0.0
2022-11-21 00:00:00-05:00,4.650000095367432,4.699999809265137,4.519999980926514,4.630000114440918,21200,0.0,0.0
2022-11-22 00:00:00-05:00,4.650000095367432,4.801000118255615,4.559999942779541,4.670000076293945,8900,0.0,0.0
2022-11-23 00:00:00-05:00,4.650000095367432,4.679999828338623,4.590000152587891,4.679999828338623,3900,0.0,0.0
2022-11-25 00:00:00-05:00,4.559999942779541,4.659999847412109,4.559999942779541,4.659999847412109,3300,0.0,0.0
2022-11-28 00:00:00-05:00,4.699999809265137,4.849999904632568,4.519999980926514,4.639999866485596,36400,0.0,0.0
2022-11-29 00:00:00-05:00,4.599999904632568,4.630000114440918,4.389999866485596,4.5,38200,0.0,0.0
2022-11-30 00:00:00-05:00,4.420000076293945,4.659999847412109,4.420000076293945,4.584000110626221,44400,0.0,0.0
2022-12-01 00:00:00-05:00,4.420000076293945,4.679999828338623,4.400000095367432,4.440000057220459,22800,0.0,0.0
2022-12-02 00:00:00-05:00,4.5,4.5,4.449999809265137,4.460000038146973,14900,0.0,0.0
2022-12-05 00:00:00-05:00,4.460000038146973,4.539999961853027,4.380000114440918,4.400000095367432,6900,0.0,0.0
2022-12-06 00:00:00-05:00,4.369999885559082,4.400000095367432,4.199999809265137,4.275000095367432,27700,0.0,0.0
2022-12-07 00:00:00-05:00,4.210000038146973,4.619999885559082,4.210000038146973,4.329999923706055,47900,0.0,0.0
2022-12-08 00:00:00-05:00,4.329999923706055,4.46999979019165,4.300000190734863,4.309999942779541,26600,0.0,0.0
2022-12-09 00:00:00-05:00,4.360000133514404,4.409999847412109,4.309999942779541,4.309999942779541,6200,0.0,0.0
2022-12-12 00:00:00-05:00,4.28000020980835,4.304999828338623,4.159999847412109,4.159999847412109,19800,0.0,0.0
2022-12-13 00:00:00-05:00,4.170000076293945,4.303999900817871,4.067999839782715,4.239999771118164,18300,0.0,0.0
2022-12-14 00:00:00-05:00,4.269999980926514,4.269999980926514,4.139999866485596,4.139999866485596,17500,0.0,0.0
2022-12-15 00:00:00-05:00,4.159999847412109,4.170000076293945,3.9800000190734863,4.050000190734863,56000,0.0,0.0
2022-12-16 00:00:00-05:00,4.059999942779541,4.340000152587891,3.931999921798706,3.990000009536743,18700,0.0,0.0
2022-12-19 00:00:00-05:00,3.938999891281128,3.9679999351501465,3.809999942779541,3.8499999046325684,22900,0.0,0.0
2022-12-20 00:00:00-05:00,3.9000000953674316,4.199999809265137,3.9000000953674316,4.079999923706055,24200,0.0,0.0
2022-12-21 00:00:00-05:00,3.990000009536743,4.260000228881836,3.990000009536743,4.25,17500,0.0,0.0
2022-12-22 00:00:00-05:00,4.130000114440918,4.135000228881836,3.9049999713897705,4.019999980926514,24500,0.0,0.0
2022-12-23 00:00:00-05:00,4.0,4.0,3.819999933242798,3.890000104904175,23500,0.0,0.0
2022-12-27 00:00:00-05:00,3.8499999046325684,3.9000000953674316,3.7799999713897705,3.815000057220459,33600,0.0,0.0
2022-12-28 00:00:00-05:00,3.7899999618530273,3.8510000705718994,3.619999885559082,3.740000009536743,76000,0.0,0.0
2022-12-29 00:00:00-05:00,3.75,4.289999961853027,3.75,4.059999942779541,74500,0.0,0.0
2022-12-30 00:00:00-05:00,3.9600000381469727,3.9800000190734863,3.799999952316284,3.937999963760376,72900,0.0,0.0
2023-01-03 00:00:00-05:00,4.019999980926514,4.170000076293945,4.019999980926514,4.099999904632568,32700,0.0,0.0
2023-01-04 00:00:00-05:00,4.169000148773193,4.170000076293945,4.090000152587891,4.090000152587891,18300,0.0,0.0
2023-01-05 00:00:00-05:00,4.150000095367432,4.159999847412109,4.039999961853027,4.150000095367432,19400,0.0,0.0
2023-01-06 00:00:00-05:00,4.135000228881836,4.309999942779541,4.099999904632568,4.25,22000,0.0,0.0
2023-01-09 00:00:00-05:00,4.25,4.449999809265137,4.118000030517578,4.230000019073486,48900,0.0,0.0
2023-01-10 00:00:00-05:00,4.22599983215332,4.340000152587891,4.22599983215332,4.289000034332275,15000,0.0,0.0
2023-01-11 00:00:00-05:00,4.340000152587891,4.367000102996826,4.230000019073486,4.349999904632568,22800,0.0,0.0
2023-01-12 00:00:00-05:00,4.099999904632568,4.349999904632568,4.090000152587891,4.309999942779541,51700,0.0,0.0
2023-01-13 00:00:00-05:00,4.329999923706055,4.400000095367432,4.230000019073486,4.36899995803833,24300,0.0,0.0
2023-01-17 00:00:00-05:00,4.230000019073486,4.409999847412109,4.230000019073486,4.28000020980835,23100,0.0,0.0
2023-01-18 00:00:00-05:00,4.329999923706055,4.389999866485596,4.25,4.289999961853027,25600,0.0,0.0
2023-01-19 00:00:00-05:00,4.190000057220459,4.196000099182129,4.010000228881836,4.03000020980835,20500,0.0,0.0
2023-01-20 00:00:00-05:00,4.070000171661377,4.208000183105469,4.070000171661377,4.150000095367432,14500,0.0,0.0
2023-01-23 00:00:00-05:00,4.110000133514404,4.28000020980835,4.090000152587891,4.199999809265137,35600,0.0,0.0
2023-01-24 00:00:00-05:00,4.260000228881836,4.300000190734863,4.239999771118164,4.300000190734863,18400,0.0,0.0
2023-01-25 00:00:00-05:00,4.369999885559082,4.5,4.139999866485596,4.440000057220459,136000,0.0,0.0
2023-01-26 00:00:00-05:00,4.300000190734863,4.396999835968018,4.269999980926514,4.289999961853027,13500,0.0,0.0
2023-01-27 00:00:00-05:00,4.389999866485596,4.440000057220459,4.260000228881836,4.420000076293945,5000,0.0,0.0
2023-01-30 00:00:00-05:00,4.289999961853027,4.440000057220459,4.28000020980835,4.429999828338623,38200,0.0,0.0
2023-01-31 00:00:00-05:00,4.380000114440918,4.46999979019165,4.320000171661377,4.380000114440918,25200,0.0,0.0
2023-02-01 00:00:00-05:00,4.300000190734863,4.380000114440918,4.300000190734863,4.36899995803833,21900,0.0,0.0
2023-02-02 00:00:00-05:00,4.380000114440918,4.429999828338623,4.300000190734863,4.360000133514404,50200,0.0,0.0
2023-02-03 00:00:00-05:00,4.449999809265137,4.47599983215332,4.360000133514404,4.400000095367432,21300,0.0,0.0
2023-02-06 00:00:00-05:00,4.429999828338623,4.5,4.360000133514404,4.480000019073486,35500,0.0,0.0
2023-02-07 00:00:00-05:00,4.489999771118164,4.550000190734863,4.429999828338623,4.550000190734863,39700,0.0,0.0
2023-02-08 00:00:00-05:00,4.550000190734863,4.650000095367432,4.460000038146973,4.519999980926514,63500,0.0,0.0
2023-02-09 00:00:00-05:00,4.599999904632568,4.599999904632568,4.400000095367432,4.400000095367432,34400,0.0,0.0
2023-02-10 00:00:00-05:00,4.260000228881836,4.349999904632568,4.260000228881836,4.349999904632568,15500,0.0,0.0
2023-02-13 00:00:00-05:00,4.349999904632568,4.349999904632568,4.159999847412109,4.300000190734863,17800,0.0,0.0
2023-02-14 00:00:00-05:00,4.230000019073486,4.239999771118164,4.059999942779541,4.079999923706055,34800,0.0,0.0
2023-02-15 00:00:00-05:00,4.070000171661377,4.170000076293945,4.070000171661377,4.168000221252441,21300,0.0,0.0
2023-02-16 00:00:00-05:00,4.070000171661377,4.26800012588501,3.9760000705718994,4.110000133514404,27600,0.0,0.0
2023-02-17 00:00:00-05:00,4.099999904632568,4.130000114440918,4.064000129699707,4.099999904632568,8100,0.0,0.0
2023-02-21 00:00:00-05:00,3.950000047683716,3.9800000190734863,3.8399999141693115,3.8499999046325684,28300,0.0,0.0
2023-02-22 00:00:00-05:00,3.819999933242798,3.9189999103546143,3.819999933242798,3.8580000400543213,14300,0.0,0.0
2023-02-23 00:00:00-05:00,3.930000066757202,3.930000066757202,3.8399999141693115,3.9000000953674316,23400,0.0,0.0
2023-02-24 00:00:00-05:00,3.809999942779541,4.0,3.799999952316284,3.8399999141693115,20100,0.0,0.0
2023-02-27 00:00:00-05:00,3.7899999618530273,3.9100000858306885,3.7799999713897705,3.865000009536743,29800,0.0,0.0
2023-02-28 00:00:00-05:00,3.869999885559082,4.03000020980835,3.869999885559082,4.0,11700,0.0,0.0
2023-03-01 00:00:00-05:00,3.9100000858306885,4.0,3.9000000953674316,3.950000047683716,18700,0.0,0.0
2023-03-02 00:00:00-05:00,3.809999942779541,3.9600000381469727,3.799999952316284,3.9200000762939453,16600,0.0,0.0
2023-03-03 00:00:00-05:00,3.9000000953674316,4.0,3.9000000953674316,3.940000057220459,18900,0.0,0.0
2023-03-06 00:00:00-05:00,3.880000114440918,3.940000057220459,3.819999933242798,3.890000104904175,18200,0.0,0.0
2023-03-07 00:00:00-05:00,3.859999895095825,3.9600000381469727,3.8499999046325684,3.8610000610351562,7700,0.0,0.0
2023-03-08 00:00:00-05:00,3.875,3.990000009536743,3.825000047683716,3.8299999237060547,26400,0.0,0.0
2023-03-09 00:00:00-05:00,3.878000020980835,3.878000020980835,3.759999990463257,3.759999990463257,9600,0.0,0.0
2023-03-10 00:00:00-05:00,3.7190001010894775,3.7679998874664307,3.630000114440918,3.630000114440918,34000,0.0,0.0
2023-03-13 00:00:00-04:00,3.619999885559082,3.619999885559082,3.5199999809265137,3.5899999141693115,18700,0.0,0.0
2023-03-14 00:00:00-04:00,3.640000104904175,3.690000057220459,3.549999952316284,3.549999952316284,17600,0.0,0.0
2023-03-15 00:00:00-04:00,3.5899999141693115,3.5899999141693115,3.5199999809265137,3.5899999141693115,9800,0.0,0.0
2023-03-16 00:00:00-04:00,3.490000009536743,3.6500000953674316,3.4200000762939453,3.549999952316284,16900,0.0,0.0
2023-03-17 00:00:00-04:00,3.6500000953674316,3.6500000953674316,3.5,3.559999942779541,11200,0.0,0.0
2023-03-20 00:00:00-04:00,3.5,3.75,3.5,3.6600000858306885,23500,0.0,0.0
2023-03-21 00:00:00-04:00,3.6600000858306885,3.6600000858306885,3.5399999618530273,3.630000114440918,13900,0.0,0.0
2023-03-22 00:00:00-04:00,3.700000047683716,3.7200000286102295,3.619999885559082,3.630000114440918,5500,0.0,0.0
2023-03-23 00:00:00-04:00,3.5999999046325684,3.690000057220459,3.5999999046325684,3.6600000858306885,12300,0.0,0.0
2023-03-24 00:00:00-04:00,3.75,3.7750000953674316,3.5299999713897705,3.569999933242798,28100,0.0,0.0
2023-03-27 00:00:00-04:00,3.5799999237060547,3.5799999237060547,3.5299999713897705,3.5299999713897705,3500,0.0,0.0
2023-03-28 00:00:00-04:00,3.5299999713897705,3.5899999141693115,3.440000057220459,3.450000047683716,20700,0.0,0.0
2023-03-29 00:00:00-04:00,3.450000047683716,3.5399999618530273,3.4000000953674316,3.4100000858306885,44200,0.0,0.0
2023-03-30 00:00:00-04:00,3.430000066757202,3.5350000858306885,3.430000066757202,3.5,15400,0.0,0.0
2023-03-31 00:00:00-04:00,3.5,3.693000078201294,3.359999895095825,3.640000104904175,26700,0.0,0.0
2023-04-03 00:00:00-04:00,3.700000047683716,3.799999952316284,3.619999885559082,3.7100000381469727,27600,0.0,0.0
2023-04-04 00:00:00-04:00,3.630000114440918,3.630000114440918,2.509999990463257,2.509999990463257,421500,0.0,0.0
2023-04-05 00:00:00-04:00,2.75,2.7699999809265137,2.619999885559082,2.619999885559082,126300,0.0,0.0
2023-04-06 00:00:00-04:00,2.6700000762939453,2.869999885559082,2.559999942779541,2.859999895095825,46900,0.0,0.0
2023-04-10 00:00:00-04:00,3.1500000953674316,3.190000057220459,2.9800000190734863,3.049999952316284,181200,0.0,0.0
2023-04-11 00:00:00-04:00,2.996000051498413,3.0,2.7950000762939453,2.799999952316284,88600,0.0,0.0
2023-04-12 00:00:00-04:00,2.819999933242798,3.200000047683716,2.799999952316284,2.890000104904175,95700,0.0,0.0
2023-04-13 00:00:00-04:00,2.950000047683716,3.065999984741211,2.930000066757202,2.9700000286102295,19600,0.0,0.0
2023-04-14 00:00:00-04:00,2.9700000286102295,2.989000082015991,2.8949999809265137,2.9100000858306885,27600,0.0,0.0
2023-04-17 00:00:00-04:00,2.9000000953674316,2.930000066757202,2.812999963760376,2.884999990463257,96300,0.0,0.0
2023-04-18 00:00:00-04:00,2.8499999046325684,2.950000047683716,2.822999954223633,2.9000000953674316,24800,0.0,0.0
2023-04-19 00:00:00-04:00,2.9800000190734863,3.049999952316284,2.9010000228881836,2.9200000762939453,37600,0.0,0.0
2023-04-20 00:00:00-04:00,2.9200000762939453,3.0299999713897705,2.9000000953674316,2.940000057220459,29900,0.0,0.0
2023-04-21 00:00:00-04:00,2.9649999141693115,2.990000009536743,2.9200000762939453,2.9600000381469727,8900,0.0,0.0
2023-04-24 00:00:00-04:00,2.9100000858306885,2.950000047683716,2.700000047683716,2.8399999141693115,25400,0.0,0.0
2023-04-25 00:00:00-04:00,2.8929998874664307,2.8929998874664307,2.7699999809265137,2.7899999618530273,13600,0.0,0.0
2023-04-26 00:00:00-04:00,2.8299999237060547,2.990000009536743,2.803999900817871,2.990000009536743,27400,0.0,0.0
2023-04-27 00:00:00-04:00,2.9800000190734863,2.9800000190734863,2.859999895095825,2.890000104904175,17900,0.0,0.0
2023-04-28 00:00:00-04:00,2.9000000953674316,2.9000000953674316,2.818000078201294,2.8399999141693115,8100,0.0,0.0
2023-05-01 00:00:00-04:00,2.865000009536743,2.9000000953674316,2.809999942779541,2.819999933242798,13900,0.0,0.0
2023-05-02 00:00:00-04:00,2.884999990463257,2.884999990463257,2.7300000190734863,2.7899999618530273,16200,0.0,0.0
2023-05-03 00:00:00-04:00,2.7750000953674316,2.8299999237060547,2.700000047683716,2.799999952316284,13600,0.0,0.0
2023-05-04 00:00:00-04:00,2.740000009536743,2.799999952316284,2.7100000381469727,2.7899999618530273,13200,0.0,0.0
2023-05-05 00:00:00-04:00,2.7899999618530273,2.7899999618530273,2.7279999256134033,2.740000009536743,6100,0.0,0.0
2023-05-08 00:00:00-04:00,2.819999933242798,3.0,2.819999933242798,2.990000009536743,52200,0.0,0.0
2023-05-09 00:00:00-04:00,2.8499999046325684,2.880000114440918,2.740000009536743,2.8499999046325684,24800,0.0,0.0
2023-05-10 00:00:00-04:00,2.802999973297119,2.9000000953674316,2.7799999713897705,2.8499999046325684,20600,0.0,0.0
2023-05-11 00:00:00-04:00,2.819999933242798,2.869999885559082,2.759999990463257,2.819999933242798,4200,0.0,0.0
2023-05-12 00:00:00-04:00,2.799999952316284,2.819999933242798,2.7300000190734863,2.7899999618530273,7800,0.0,0.0
2023-05-15 00:00:00-04:00,2.799999952316284,2.809999942779541,2.740000009536743,2.7899999618530273,12000,0.0,0.0
2023-05-16 00:00:00-04:00,2.7300000190734863,2.799999952316284,2.7200000286102295,2.7699999809265137,13800,0.0,0.0
2023-05-17 00:00:00-04:00,2.7100000381469727,2.809999942779541,2.7100000381469727,2.75,18100,0.0,0.0
2023-05-18 00:00:00-04:00,2.759999990463257,2.7839999198913574,2.680000066757202,2.680000066757202,9900,0.0,0.0
2023-05-19 00:00:00-04:00,2.700000047683716,2.7699999809265137,2.680000066757202,2.7699999809265137,6600,0.0,0.0
2023-05-22 00:00:00-04:00,2.740000009536743,2.809999942779541,2.740000009536743,2.740000009536743,18300,0.0,0.0
2023-05-23 00:00:00-04:00,2.740000009536743,2.75,2.5899999141693115,2.7200000286102295,52800,0.0,0.0
2023-05-24 00:00:00-04:00,2.680000066757202,2.690000057220459,2.6600000858306885,2.6700000762939453,9300,0.0,0.0
2023-05-25 00:00:00-04:00,2.6500000953674316,2.690000057220459,2.5999999046325684,2.6600000858306885,27100,0.0,0.0
2023-05-26 00:00:00-04:00,2.700000047683716,2.700000047683716,2.5799999237060547,2.5799999237060547,14500,0.0,0.0
2023-05-30 00:00:00-04:00,2.6500000953674316,2.6500000953674316,2.549999952316284,2.630000114440918,13900,0.0,0.0
2023-05-31 00:00:00-04:00,2.5999999046325684,2.630000114440918,2.5950000286102295,2.619999885559082,26900,0.0,0.0
2023-06-01 00:00:00-04:00,2.569999933242798,2.6700000762939453,2.5299999713897705,2.5399999618530273,22400,0.0,0.0
2023-06-02 00:00:00-04:00,2.640000104904175,2.6500000953674316,2.5399999618530273,2.6449999809265137,19200,0.0,0.0
2023-06-05 00:00:00-04:00,2.5999999046325684,2.700000047683716,2.5799999237060547,2.6500000953674316,30000,0.0,0.0
2023-06-06 00:00:00-04:00,2.609999895095825,2.690000057220459,2.2300000190734863,2.5899999141693115,67400,0.0,0.0
2023-06-07 00:00:00-04:00,2.5999999046325684,2.700000047683716,2.5850000381469727,2.700000047683716,58200,0.0,0.0
2023-06-08 00:00:00-04:00,2.630000114440918,2.700000047683716,2.619999885559082,2.700000047683716,14100,0.0,0.0
2023-06-09 00:00:00-04:00,2.6630001068115234,2.700000047683716,2.6500000953674316,2.677999973297119,9600,0.0,0.0
2023-06-12 00:00:00-04:00,2.6700000762939453,2.6700000762939453,2.569999933242798,2.5799999237060547,44500,0.0,0.0
2023-06-13 00:00:00-04:00,2.5799999237060547,2.690000057220459,2.5799999237060547,2.690000057220459,34500,0.0,0.0
2023-06-14 00:00:00-04:00,2.690000057220459,2.8299999237060547,2.690000057220459,2.8299999237060547,44100,0.0,0.0
2023-06-15 00:00:00-04:00,2.7799999713897705,2.9700000286102295,2.744999885559082,2.809999942779541,39700,0.0,0.0
2023-06-16 00:00:00-04:00,2.799999952316284,2.930000066757202,2.799999952316284,2.880000114440918,13100,0.0,0.0
2023-06-20 00:00:00-04:00,2.819999933242798,2.9100000858306885,2.796999931335449,2.8499999046325684,10000,0.0,0.0
2023-06-21 00:00:00-04:00,2.8399999141693115,2.8399999141693115,2.75,2.75,6600,0.0,0.0
2023-06-22 00:00:00-04:00,2.740000009536743,2.740000009536743,2.6619999408721924,2.7100000381469727,15600,0.0,0.0
2023-06-23 00:00:00-04:00,2.6710000038146973,2.7699999809265137,2.6700000762939453,2.7100000381469727,12900,0.0,0.0
2023-06-26 00:00:00-04:00,2.740000009536743,2.819000005722046,2.6600000858306885,2.700000047683716,21300,0.0,0.0
2023-06-27 00:00:00-04:00,2.7200000286102295,2.799999952316284,2.6600000858306885,2.7899999618530273,12300,0.0,0.0
2023-06-28 00:00:00-04:00,2.740000009536743,2.744999885559082,2.6700000762939453,2.680000066757202,16300,0.0,0.0
2023-06-29 00:00:00-04:00,2.6600000858306885,2.690000057220459,2.559999942779541,2.575000047683716,12500,0.0,0.0
2023-06-30 00:00:00-04:00,2.569999933242798,2.6559998989105225,2.569999933242798,2.627000093460083,1900,0.0,0.0
2023-07-03 00:00:00-04:00,2.569999933242798,2.630000114440918,2.5260000228881836,2.5950000286102295,19200,0.0,0.0
2023-07-05 00:00:00-04:00,2.559999942779541,2.630000114440918,2.4600000381469727,2.575000047683716,24000,0.0,0.0
2023-07-06 00:00:00-04:00,2.5,2.609999895095825,2.380000114440918,2.440000057220459,26900,0.0,0.0
2023-07-07 00:00:00-04:00,2.4000000953674316,2.4800000190734863,2.1700000762939453,2.3499999046325684,72700,0.0,0.0
2023-07-10 00:00:00-04:00,2.319999933242798,2.440000057220459,2.319999933242798,2.4100000858306885,8500,0.0,0.0
2023-07-11 00:00:00-04:00,2.4100000858306885,2.450000047683716,2.3499999046325684,2.390000104904175,20300,0.0,0.0
2023-07-12 00:00:00-04:00,2.4100000858306885,2.4709999561309814,2.3399999141693115,2.430000066757202,19200,0.0,0.0
2023-07-13 00:00:00-04:00,2.450000047683716,2.450000047683716,2.2899999618530273,2.309999942779541,31300,0.0,0.0
2023-07-14 00:00:00-04:00,2.299999952316284,2.430000066757202,2.2100000381469727,2.380000114440918,23600,0.0,0.0
2023-07-17 00:00:00-04:00,2.3499999046325684,2.3499999046325684,2.259999990463257,2.309999942779541,20300,0.0,0.0
2023-07-18 00:00:00-04:00,2.259999990463257,2.378999948501587,2.259999990463257,2.319999933242798,12500,0.0,0.0
2023-07-19 00:00:00-04:00,2.509999990463257,2.634000062942505,2.450000047683716,2.5399999618530273,72400,0.0,0.0
2023-07-20 00:00:00-04:00,2.5199999809265137,2.619999885559082,2.430000066757202,2.440000057220459,16900,0.0,0.0
2023-07-21 00:00:00-04:00,2.4100000858306885,2.490000009536743,2.319999933242798,2.4600000381469727,3300,0.0,0.0
2023-07-24 00:00:00-04:00,2.450000047683716,2.6500000953674316,2.450000047683716,2.569999933242798,14500,0.0,0.0
2023-07-25 00:00:00-04:00,2.5799999237060547,2.5799999237060547,2.5199999809265137,2.559999942779541,10500,0.0,0.0
2023-07-26 00:00:00-04:00,2.5,2.5,2.4600000381469727,2.490000009536743,14900,0.0,0.0
2023-07-27 00:00:00-04:00,2.4800000190734863,2.4800000190734863,2.319999933242798,2.38100004196167,9100,0.0,0.0
2023-07-28 00:00:00-04:00,2.390000104904175,2.490000009536743,2.375,2.490000009536743,3700,0.0,0.0
2023-07-31 00:00:00-04:00,2.430000066757202,2.640000104904175,2.430000066757202,2.559999942779541,34500,0.0,0.0
2023-08-01 00:00:00-04:00,2.559999942779541,2.690000057220459,2.5299999713897705,2.684999942779541,18100,0.0,0.0
2023-08-02 00:00:00-04:00,2.609999895095825,2.7330000400543213,2.5810000896453857,2.680000066757202,32800,0.0,0.0
2023-08-03 00:00:00-04:00,2.75,3.1500000953674316,2.690000057220459,2.9700000286102295,79000,0.0,0.0
2023-08-04 00:00:00-04:00,2.934999942779541,2.9700000286102295,2.7799999713897705,2.8489999771118164,11200,0.0,0.0
2023-08-07 00:00:00-04:00,2.9000000953674316,2.9000000953674316,2.700000047683716,2.7290000915527344,22500,0.0,0.0
2023-08-08 00:00:00-04:00,2.6600000858306885,2.740000009536743,2.5199999809265137,2.5899999141693115,40200,0.0,0.0
2023-08-09 00:00:00-04:00,2.5999999046325684,2.740000009536743,2.569999933242798,2.630000114440918,13900,0.0,0.0
2023-08-10 00:00:00-04:00,2.558000087738037,2.609999895095825,2.5309998989105225,2.569999933242798,3100,0.0,0.0
2023-08-11 00:00:00-04:00,2.569999933242798,2.7300000190734863,2.569999933242798,2.6500000953674316,15200,0.0,0.0
2023-08-14 00:00:00-04:00,2.569999933242798,2.7200000286102295,2.569999933242798,2.6500000953674316,19700,0.0,0.0
2023-08-15 00:00:00-04:00,2.5999999046325684,2.6700000762939453,2.5450000762939453,2.609999895095825,15000,0.0,0.0
2023-08-16 00:00:00-04:00,2.5,2.559999942779541,2.5,2.5250000953674316,14000,0.0,0.0
2023-08-17 00:00:00-04:00,2.5,2.5299999713897705,2.490000009536743,2.5,18500,0.0,0.0
2023-08-18 00:00:00-04:00,2.5,2.559999942779541,2.490000009536743,2.509999990463257,19800,0.0,0.0
2023-08-21 00:00:00-04:00,2.4600000381469727,2.569999933242798,2.4600000381469727,2.5299999713897705,19900,0.0,0.0
2023-08-22 00:00:00-04:00,2.4800000190734863,2.5199999809265137,2.4000000953674316,2.430000066757202,16400,0.0,0.0
2023-08-23 00:00:00-04:00,2.390000104904175,2.4700000286102295,2.390000104904175,2.434999942779541,11000,0.0,0.0
2023-08-24 00:00:00-04:00,2.4200000762939453,2.4700000286102295,2.365999937057495,2.4000000953674316,7100,0.0,0.0
2023-08-25 00:00:00-04:00,2.3299999237060547,2.4600000381469727,2.3299999237060547,2.380000114440918,5100,0.0,0.0
2023-08-28 00:00:00-04:00,2.359999895095825,2.4749999046325684,2.359999895095825,2.4200000762939453,12500,0.0,0.0
2023-08-29 00:00:00-04:00,2.359999895095825,2.5399999618530273,2.359999895095825,2.440000057220459,10300,0.0,0.0
2023-08-30 00:00:00-04:00,2.440000057220459,2.5,2.359999895095825,2.4200000762939453,5900,0.0,0.0
2023-08-31 00:00:00-04:00,2.390000104904175,2.450000047683716,2.2300000190734863,2.390000104904175,26800,0.0,0.0
2023-09-01 00:00:00-04:00,2.3499999046325684,2.4059998989105225,2.2699999809265137,2.3499999046325684,22600,0.0,0.0
2023-09-05 00:00:00-04:00,2.380000114440918,2.490000009536743,2.259999990463257,2.3299999237060547,32400,0.0,0.0
2023-09-06 00:00:00-04:00,2.319999933242798,2.3399999141693115,2.299999952316284,2.3350000381469727,1000,0.0,0.0
2023-09-07 00:00:00-04:00,2.299999952316284,2.380000114440918,2.299999952316284,2.319999933242798,20200,0.0,0.0
2023-09-08 00:00:00-04:00,2.369999885559082,2.369999885559082,2.0299999713897705,2.200000047683716,30500,0.0,0.0
2023-09-11 00:00:00-04:00,2.200000047683716,2.319999933242798,1.7799999713897705,1.9199999570846558,122500,0.0,0.0
2023-09-12 00:00:00-04:00,2.0199999809265137,2.0199999809265137,1.7799999713897705,1.940000057220459,72000,0.0,0.0
2023-09-13 00:00:00-04:00,1.9700000286102295,1.9900000095367432,1.8550000190734863,1.9600000381469727,15700,0.0,0.0
2023-09-14 00:00:00-04:00,1.9500000476837158,1.9500000476837158,1.850000023841858,1.8899999856948853,30300,0.0,0.0
2023-09-15 00:00:00-04:00,1.9199999570846558,1.9199999570846558,1.7209999561309814,1.8899999856948853,44200,0.0,0.0
2023-09-18 00:00:00-04:00,1.8799999952316284,1.909999966621399,1.7699999809265137,1.840000033378601,30000,0.0,0.0
2023-09-19 00:00:00-04:00,1.8509999513626099,1.8550000190734863,1.7999999523162842,1.840000033378601,11000,0.0,0.0
2023-09-20 00:00:00-04:00,1.8300000429153442,1.850000023841858,1.7599999904632568,1.7599999904632568,23100,0.0,0.0
2023-09-21 00:00:00-04:00,1.7799999713897705,1.809999942779541,1.5149999856948853,1.5700000524520874,71800,0.0,0.0
2023-09-22 00:00:00-04:00,1.600000023841858,1.600000023841858,1.4500000476837158,1.4600000381469727,68100,0.0,0.0
2023-09-25 00:00:00-04:00,1.3899999856948853,1.4800000190734863,1.3600000143051147,1.4600000381469727,54200,0.0,0.0
2023-09-26 00:00:00-04:00,1.5,1.6699999570846558,1.4800000190734863,1.600000023841858,74700,0.0,0.0
2023-09-27 00:00:00-04:00,1.6100000143051147,1.6200000047683716,1.5700000524520874,1.600000023841858,30000,0.0,0.0
2023-09-28 00:00:00-04:00,1.597000002861023,1.597000002861023,1.5,1.5,17100,0.0,0.0
2023-09-29 00:00:00-04:00,1.5499999523162842,1.5800000429153442,1.5399999618530273,1.5800000429153442,10000,0.0,0.0
2023-10-02 00:00:00-04:00,1.5199999809265137,1.590000033378601,1.4299999475479126,1.5499999523162842,14400,0.0,0.0
2023-10-03 00:00:00-04:00,1.555999994277954,1.565000057220459,1.4500000476837158,1.4800000190734863,15800,0.0,0.0
2023-10-04 00:00:00-04:00,1.5399999618530273,1.600000023841858,1.4900000095367432,1.559999942779541,22400,0.0,0.0
2023-10-05 00:00:00-04:00,1.5,1.600000023841858,1.5,1.5490000247955322,5000,0.0,0.0
2023-10-06 00:00:00-04:00,1.5399999618530273,1.5499999523162842,1.524999976158142,1.5399999618530273,3500,0.0,0.0
2023-10-09 00:00:00-04:00,1.440000057220459,1.5399999618530273,1.3200000524520874,1.4800000190734863,35200,0.0,0.0
2023-10-10 00:00:00-04:00,1.4299999475479126,1.5199999809265137,1.3700000047683716,1.409999966621399,17800,0.0,0.0
2023-10-11 00:00:00-04:00,1.3799999952316284,1.440000057220459,1.3300000429153442,1.399999976158142,34600,0.0,0.0
2023-10-12 00:00:00-04:00,1.3700000047683716,1.3700000047683716,1.3200000524520874,1.340000033378601,24400,0.0,0.0
2023-10-13 00:00:00-04:00,1.340000033378601,1.4299999475479126,1.309999942779541,1.409999966621399,23300,0.0,0.0
2023-10-16 00:00:00-04:00,1.4299999475479126,1.440000057220459,1.3550000190734863,1.399999976158142,15100,0.0,0.0
2023-10-17 00:00:00-04:00,1.399999976158142,1.4170000553131104,1.3799999952316284,1.399999976158142,20000,0.0,0.0
2023-10-18 00:00:00-04:00,1.350000023841858,1.375,1.3200000524520874,1.3200000524520874,7000,0.0,0.0
2023-10-19 00:00:00-04:00,1.3700000047683716,1.4900000095367432,1.340000033378601,1.440000057220459,46100,0.0,0.0
2023-10-20 00:00:00-04:00,1.4900000095367432,1.4910000562667847,1.340000033378601,1.3700000047683716,35000,0.0,0.0
2023-10-23 00:00:00-04:00,1.3600000143051147,1.3799999952316284,1.319000005722046,1.3200000524520874,13700,0.0,0.0
2023-10-24 00:00:00-04:00,1.309999942779541,1.350000023841858,1.277999997138977,1.350000023841858,23000,0.0,0.0
2023-10-25 00:00:00-04:00,1.3200000524520874,1.3200000524520874,1.2699999809265137,1.2899999618530273,12200,0.0,0.0
2023-10-26 00:00:00-04:00,1.2699999809265137,1.309999942779541,1.2699999809265137,1.309999942779541,19800,0.0,0.0
2023-10-27 00:00:00-04:00,1.3200000524520874,1.3899999856948853,1.2910000085830688,1.3300000429153442,41200,0.0,0.0
2023-10-30 00:00:00-04:00,1.2999999523162842,1.3600000143051147,1.2999999523162842,1.309999942779541,17000,0.0,0.0
2023-10-31 00:00:00-04:00,1.340000033378601,1.340000033378601,1.3200000524520874,1.3300000429153442,10000,0.0,0.0
2023-11-01 00:00:00-04:00,1.315000057220459,1.340000033378601,1.315000057220459,1.3289999961853027,9500,0.0,0.0
2023-11-02 00:00:00-04:00,1.350000023841858,1.5299999713897705,1.350000023841858,1.409999966621399,27000,0.0,0.0
2023-11-03 00:00:00-04:00,1.6100000143051147,2.0,1.4589999914169312,1.7400000095367432,225800,0.0,0.0
2023-11-06 00:00:00-05:00,1.9299999475479126,2.140000104904175,1.8200000524520874,2.0999999046325684,150200,0.0,0.0
2023-11-07 00:00:00-05:00,2.0,2.0,1.8300000429153442,1.9500000476837158,46700,0.0,0.0
2023-11-08 00:00:00-05:00,1.909999966621399,1.9850000143051147,1.850000023841858,1.899999976158142,23000,0.0,0.0
2023-11-09 00:00:00-05:00,1.8700000047683716,1.8899999856948853,1.5219999551773071,1.75,36400,0.0,0.0
2023-11-10 00:00:00-05:00,1.7599999904632568,1.7899999618530273,1.7000000476837158,1.7899999618530273,22600,0.0,0.0
2023-11-13 00:00:00-05:00,1.75,1.7649999856948853,1.7109999656677246,1.75,13000,0.0,0.0
2023-11-14 00:00:00-05:00,1.7200000286102295,1.7899999618530273,1.6200000047683716,1.7100000381469727,55700,0.0,0.0
2023-11-15 00:00:00-05:00,1.6979999542236328,1.7799999713897705,1.659999966621399,1.75,17200,0.0,0.0
2023-11-16 00:00:00-05:00,1.7350000143051147,1.7599999904632568,1.7200000286102295,1.7400000095367432,3000,0.0,0.0
2023-11-17 00:00:00-05:00,1.7200000286102295,1.7400000095367432,1.7100000381469727,1.7400000095367432,11500,0.0,0.0
2023-11-20 00:00:00-05:00,1.7300000190734863,1.7300000190734863,1.687000036239624,1.7100000381469727,19300,0.0,0.0
2023-11-21 00:00:00-05:00,1.6699999570846558,1.7400000095367432,1.6699999570846558,1.7400000095367432,34500,0.0,0.0
2023-11-22 00:00:00-05:00,1.809999942779541,1.9600000381469727,1.809999942779541,1.8300000429153442,21200,0.0,0.0
2023-11-24 00:00:00-05:00,1.8300000429153442,1.9299999475479126,1.8300000429153442,1.9299999475479126,7100,0.0,0.0
2023-11-27 00:00:00-05:00,1.909999966621399,1.909999966621399,1.840000033378601,1.8899999856948853,7900,0.0,0.0
2023-11-28 00:00:00-05:00,1.8600000143051147,1.8700000047683716,1.8459999561309814,1.8700000047683716,13800,0.0,0.0
2023-11-29 00:00:00-05:00,1.8890000581741333,1.899999976158142,1.8600000143051147,1.8700000047683716,4300,0.0,0.0
2023-11-30 00:00:00-05:00,1.8700000047683716,1.8700000047683716,1.812999963760376,1.840000033378601,17400,0.0,0.0
2023-12-01 00:00:00-05:00,1.7799999713897705,1.8600000143051147,1.7760000228881836,1.7999999523162842,14700,0.0,0.0
2023-12-04 00:00:00-05:00,1.7899999618530273,1.8200000524520874,1.7200000286102295,1.7200000286102295,34100,0.0,0.0
2023-12-05 00:00:00-05:00,1.7599999904632568,1.8899999856948853,1.7599999904632568,1.7599999904632568,17400,0.0,0.0
2023-12-06 00:00:00-05:00,1.7960000038146973,1.7960000038146973,1.7599999904632568,1.7799999713897705,11700,0.0,0.0
2023-12-07 00:00:00-05:00,1.7599999904632568,1.784999966621399,1.7100000381469727,1.7100000381469727,12700,0.0,0.0
2023-12-08 00:00:00-05:00,1.7100000381469727,1.7599999904632568,1.7000000476837158,1.7599999904632568,19400,0.0,0.0
2023-12-11 00:00:00-05:00,1.7000000476837158,1.7000000476837158,1.6160000562667847,1.649999976158142,22400,0.0,0.0
2023-12-12 00:00:00-05:00,1.6100000143051147,1.6150000095367432,1.5199999809265137,1.5499999523162842,45900,0.0,0.0
2023-12-13 00:00:00-05:00,1.5199999809265137,1.5399999618530273,1.2000000476837158,1.399999976158142,146100,0.0,0.0
2023-12-14 00:00:00-05:00,1.4500000476837158,1.4800000190734863,1.3799999952316284,1.440000057220459,38600,0.0,0.0
2023-12-15 00:00:00-05:00,1.409999966621399,1.4500000476837158,1.3700000047683716,1.409999966621399,74300,0.0,0.0
2023-12-18 00:00:00-05:00,1.4500000476837158,1.4700000286102295,1.3700000047683716,1.4199999570846558,51900,0.0,0.0
2023-12-19 00:00:00-05:00,1.4900000095367432,1.6059999465942383,1.4520000219345093,1.590000033378601,48900,0.0,0.0
2023-12-20 00:00:00-05:00,1.6299999952316284,2.299999952316284,1.6299999952316284,1.9550000429153442,410900,0.0,0.0
2023-12-21 00:00:00-05:00,1.9700000286102295,2.2799999713897705,1.9700000286102295,2.2799999713897705,128000,0.0,0.0
2023-12-22 00:00:00-05:00,2.299999952316284,3.380000114440918,2.2950000762939453,2.9200000762939453,584400,0.0,0.0
2023-12-26 00:00:00-05:00,2.819999933242798,2.9200000762939453,2.359999895095825,2.549999952316284,297000,0.0,0.0
2023-12-27 00:00:00-05:00,2.619999885559082,2.930000066757202,2.4100000858306885,2.799999952316284,161000,0.0,0.0
2023-12-28 00:00:00-05:00,2.700000047683716,2.700000047683716,2.4700000286102295,2.5799999237060547,131300,0.0,0.0
2023-12-29 00:00:00-05:00,2.5,2.890000104904175,2.5,2.700000047683716,167500,0.0,0.0
2024-01-02 00:00:00-05:00,2.859999895095825,3.549999952316284,2.799999952316284,3.299999952316284,391000,0.0,0.0
2024-01-03 00:00:00-05:00,3.319999933242798,3.9600000381469727,3.2799999713897705,3.75,382700,0.0,0.0
2024-01-04 00:00:00-05:00,3.75,3.950000047683716,3.4010000228881836,3.6600000858306885,344500,0.0,0.0
2024-01-05 00:00:00-05:00,3.6700000762939453,3.744999885559082,3.4010000228881836,3.619999885559082,87600,0.0,0.0
2024-01-08 00:00:00-05:00,3.490000009536743,3.5,3.1500000953674316,3.2899999618530273,118700,0.0,0.0
2024-01-09 00:00:00-05:00,3.299999952316284,3.3440001010894775,3.200000047683716,3.2699999809265137,73400,0.0,0.0
2024-01-10 00:00:00-05:00,3.2799999713897705,3.3299999237060547,3.009999990463257,3.0999999046325684,85700,0.0,0.0
2024-01-11 00:00:00-05:00,3.0999999046325684,3.119999885559082,2.9100000858306885,3.0199999809265137,109600,0.0,0.0
2024-01-12 00:00:00-05:00,3.009999990463257,3.187999963760376,2.7699999809265137,2.869999885559082,80600,0.0,0.0
2024-01-16 00:00:00-05:00,3.049999952316284,3.059999942779541,2.757999897003174,2.859999895095825,71400,0.0,0.0
2024-01-17 00:00:00-05:00,2.9100000858306885,2.930000066757202,2.809999942779541,2.869999885559082,36100,0.0,0.0
2024-01-18 00:00:00-05:00,2.8399999141693115,2.8399999141693115,2.6500000953674316,2.6700000762939453,32900,0.0,0.0
2024-01-19 00:00:00-05:00,2.690000057220459,2.799999952316284,2.6700000762939453,2.740000009536743,11700,0.0,0.0
2024-01-22 00:00:00-05:00,2.6500000953674316,2.700000047683716,2.5899999141693115,2.6500000953674316,27100,0.0,0.0
2024-01-23 00:00:00-05:00,2.700000047683716,2.890000104904175,2.700000047683716,2.7899999618530273,57000,0.0,0.0
2024-01-24 00:00:00-05:00,2.859999895095825,3.190000057220459,2.7060000896453857,3.0,145400,0.0,0.0
2024-01-25 00:00:00-05:00,2.940000057220459,2.9700000286102295,2.809999942779541,2.9000000953674316,56500,0.0,0.0
2024-01-26 00:00:00-05:00,2.9000000953674316,2.9000000953674316,2.700000047683716,2.7699999809265137,64300,0.0,0.0
2024-01-29 00:00:00-05:00,2.6700000762939453,2.75,2.5,2.5399999618530273,81000,0.0,0.0
2024-01-30 00:00:00-05:00,2.569999933242798,2.880000114440918,2.569999933242798,2.740000009536743,102800,0.0,0.0
2024-01-31 00:00:00-05:00,2.740000009536743,2.875,2.740000009536743,2.799999952316284,52700,0.0,0.0
2024-02-01 00:00:00-05:00,2.799999952316284,2.859999895095825,2.7100000381469727,2.75,55400,0.0,0.0
2024-02-02 00:00:00-05:00,2.75,2.75,2.5899999141693115,2.7300000190734863,27500,0.0,0.0
2024-02-05 00:00:00-05:00,2.549999952316284,2.7200000286102295,2.5199999809265137,2.5799999237060547,46100,0.0,0.0
2024-02-06 00:00:00-05:00,2.5799999237060547,2.619999885559082,2.5299999713897705,2.5799999237060547,22700,0.0,0.0
2024-02-07 00:00:00-05:00,2.619999885559082,2.75,2.559999942779541,2.6600000858306885,61400,0.0,0.0
2024-02-08 00:00:00-05:00,2.609999895095825,2.753000020980835,2.609999895095825,2.640000104904175,25900,0.0,0.0
2024-02-09 00:00:00-05:00,2.7269999980926514,2.9549999237060547,2.6700000762939453,2.799999952316284,54800,0.0,0.0
2024-02-12 00:00:00-05:00,2.799999952316284,3.065000057220459,2.75,2.869999885559082,107100,0.0,0.0
2024-02-13 00:00:00-05:00,2.9700000286102295,3.0899999141693115,2.9000000953674316,3.0250000953674316,97600,0.0,0.0
2024-02-14 00:00:00-05:00,3.109999895095825,3.484999895095825,3.069999933242798,3.450000047683716,147100,0.0,0.0
2024-02-15 00:00:00-05:00,3.3299999237060547,3.430000066757202,3.2100000381469727,3.2100000381469727,68800,0.0,0.0
2024-02-16 00:00:00-05:00,3.4000000953674316,3.4200000762939453,3.130000114440918,3.319999933242798,42400,0.0,0.0
2024-02-20 00:00:00-05:00,3.299999952316284,3.5,3.200000047683716,3.2699999809265137,67800,0.0,0.0
2024-02-21 00:00:00-05:00,3.25,3.2699999809265137,3.0999999046325684,3.2200000286102295,52300,0.0,0.0
2024-02-22 00:00:00-05:00,3.2200000286102295,3.2200000286102295,3.059999942779541,3.0899999141693115,32200,0.0,0.0
2024-02-23 00:00:00-05:00,3.200000047683716,3.299999952316284,2.8399999141693115,3.0399999618530273,75500,0.0,0.0
2024-02-26 00:00:00-05:00,3.0899999141693115,3.305000066757202,2.7799999713897705,3.0,55700,0.0,0.0
2024-02-27 00:00:00-05:00,2.9700000286102295,3.190000057220459,2.940000057220459,3.059999942779541,120000,0.0,0.0
2024-02-28 00:00:00-05:00,3.0799999237060547,3.0899999141693115,2.9100000858306885,2.9200000762939453,39200,0.0,0.0
2024-02-29 00:00:00-05:00,2.990000009536743,3.200000047683716,2.984999895095825,3.1050000190734863,94500,0.0,0.0
2024-03-01 00:00:00-05:00,3.1600000858306885,3.4000000953674316,3.130000114440918,3.2100000381469727,114100,0.0,0.0
2024-03-04 00:00:00-05:00,3.259999990463257,3.4700000286102295,3.190000057220459,3.4200000762939453,80100,0.0,0.0
2024-03-05 00:00:00-05:00,3.369999885559082,3.4000000953674316,3.1600000858306885,3.240000009536743,30100,0.0,0.0
2024-03-06 00:00:00-05:00,3.200000047683716,3.430000066757202,3.200000047683716,3.359999895095825,41900,0.0,0.0
2024-03-07 00:00:00-05:00,3.3499999046325684,3.430000066757202,3.25,3.380000114440918,61900,0.0,0.0
2024-03-08 00:00:00-05:00,3.4700000286102295,4.320000171661377,3.424999952316284,3.950000047683716,254700,0.0,0.0
2024-03-11 00:00:00-04:00,4.050000190734863,4.239999771118164,3.5769999027252197,3.700000047683716,160500,0.0,0.0
2024-03-12 00:00:00-04:00,3.8399999141693115,4.369999885559082,3.7300000190734863,4.170000076293945,207800,0.0,0.0
2024-03-13 00:00:00-04:00,4.170000076293945,4.369999885559082,4.170000076293945,4.300000190734863,95900,0.0,0.0
2024-03-14 00:00:00-04:00,4.300000190734863,4.300000190734863,3.809999942779541,4.119999885559082,130100,0.0,0.0
2024-03-15 00:00:00-04:00,4.199999809265137,4.199999809265137,4.050000190734863,4.110000133514404,16100,0.0,0.0
2024-03-18 00:00:00-04:00,4.190000057220459,4.269999980926514,3.950000047683716,4.179999828338623,91000,0.0,0.0
2024-03-19 00:00:00-04:00,4.110000133514404,4.244999885559082,4.019999980926514,4.070000171661377,38700,0.0,0.0
2024-03-20 00:00:00-04:00,4.039999961853027,4.059999942779541,3.868000030517578,4.019999980926514,30000,0.0,0.0
2024-03-21 00:00:00-04:00,3.9600000381469727,3.9600000381469727,3.369999885559082,3.5899999141693115,148000,0.0,0.0
2024-03-22 00:00:00-04:00,3.8499999046325684,3.8499999046325684,3.5899999141693115,3.680000066757202,76300,0.0,0.0
2024-03-25 00:00:00-04:00,3.7799999713897705,4.150000095367432,3.7799999713897705,4.110000133514404,157500,0.0,0.0
2024-03-26 00:00:00-04:00,4.110000133514404,4.182000160217285,3.799999952316284,3.9100000858306885,127400,0.0,0.0
2024-03-27 00:00:00-04:00,3.890000104904175,3.940000057220459,3.700000047683716,3.859999895095825,58900,0.0,0.0
2024-03-28 00:00:00-04:00,3.75,3.9800000190734863,3.700000047683716,3.7899999618530273,126700,0.0,0.0
2024-04-01 00:00:00-04:00,3.75,4.170000076293945,3.75,4.0,125500,0.0,0.0
2024-04-02 00:00:00-04:00,3.799999952316284,4.170000076293945,3.7860000133514404,4.039999961853027,142900,0.0,0.0
2024-04-03 00:00:00-04:00,3.9800000190734863,4.590000152587891,3.950000047683716,4.309999942779541,191700,0.0,0.0
2024-04-04 00:00:00-04:00,4.059999942779541,4.429999828338623,3.740000009536743,3.759999990463257,265000,0.0,0.0
2024-04-05 00:00:00-04:00,3.7200000286102295,4.039999961853027,3.5299999713897705,4.0,122900,0.0,0.0
2024-04-08 00:00:00-04:00,3.940000057220459,4.199999809265137,3.825000047683716,4.099999904632568,124300,0.0,0.0
2024-04-09 00:00:00-04:00,4.110000133514404,4.210000038146973,4.019999980926514,4.079999923706055,127400,0.0,0.0
2024-04-10 00:00:00-04:00,4.139999866485596,4.190000057220459,3.9200000762939453,3.9800000190734863,87800,0.0,0.0
2024-04-11 00:00:00-04:00,2.2100000381469727,2.240000009536743,1.649999976158142,1.8300000429153442,2820900,0.0,0.0
2024-04-12 00:00:00-04:00,1.8899999856948853,1.9299999475479126,1.3300000429153442,1.5800000429153442,1027300,0.0,0.0
2024-04-15 00:00:00-04:00,1.5199999809265137,1.5199999809265137,1.149999976158142,1.2999999523162842,842400,0.0,0.0
2024-04-16 00:00:00-04:00,1.3200000524520874,1.4600000381469727,1.3200000524520874,1.4500000476837158,406400,0.0,0.0
2024-04-17 00:00:00-04:00,1.5099999904632568,1.559999942779541,1.399999976158142,1.4800000190734863,389900,0.0,0.0
2024-04-18 00:00:00-04:00,1.5,1.5149999856948853,1.3899999856948853,1.399999976158142,92400,0.0,0.0
2024-04-19 00:00:00-04:00,1.3600000143051147,1.3899999856948853,1.2300000190734863,1.3200000524520874,108700,0.0,0.0
2024-04-22 00:00:00-04:00,1.2400000095367432,1.2999999523162842,1.2400000095367432,1.2699999809265137,51500,0.0,0.0
2024-04-23 00:00:00-04:00,1.2999999523162842,1.375,1.2999999523162842,1.3200000524520874,49700,0.0,0.0
2024-04-24 00:00:00-04:00,1.3300000429153442,1.5299999713897705,1.3300000429153442,1.5,129700,0.0,0.0
2024-04-25 00:00:00-04:00,1.4500000476837158,1.5089999437332153,1.440000057220459,1.4500000476837158,52600,0.0,0.0
2024-04-26 00:00:00-04:00,1.4700000286102295,1.5,1.440000057220459,1.440000057220459,58100,0.0,0.0
2024-04-29 00:00:00-04:00,1.4700000286102295,1.840000033378601,1.4700000286102295,1.659999966621399,477500,0.0,0.0
2024-04-30 00:00:00-04:00,1.649999976158142,1.7000000476837158,1.600000023841858,1.6699999570846558,106600,0.0,0.0
2024-05-01 00:00:00-04:00,1.6299999952316284,1.6399999856948853,1.5110000371932983,1.6100000143051147,75100,0.0,0.0
2024-05-02 00:00:00-04:00,1.590000033378601,1.7599999904632568,1.5299999713897705,1.6200000047683716,281500,0.0,0.0
2024-05-03 00:00:00-04:00,1.6100000143051147,1.6649999618530273,1.5199999809265137,1.6200000047683716,45800,0.0,0.0
2024-05-06 00:00:00-04:00,1.600000023841858,1.6200000047683716,1.5299999713897705,1.5700000524520874,70200,0.0,0.0
2024-05-07 00:00:00-04:00,1.5700000524520874,1.6269999742507935,1.5399999618530273,1.5800000429153442,43500,0.0,0.0
2024-05-08 00:00:00-04:00,1.5800000429153442,1.6200000047683716,1.5299999713897705,1.5499999523162842,47500,0.0,0.0
2024-05-09 00:00:00-04:00,1.5499999523162842,1.569000005722046,1.5099999904632568,1.5199999809265137,23300,0.0,0.0
2024-05-10 00:00:00-04:00,1.5099999904632568,1.5299999713897705,1.4299999475479126,1.5,40900,0.0,0.0
2024-05-13 00:00:00-04:00,1.5499999523162842,1.5499999523162842,1.4199999570846558,1.4600000381469727,32700,0.0,0.0
2024-05-14 00:00:00-04:00,1.4299999475479126,1.5199999809265137,1.3700000047683716,1.4500000476837158,66700,0.0,0.0
2024-05-15 00:00:00-04:00,1.4700000286102295,1.4800000190734863,1.3650000095367432,1.4199999570846558,71600,0.0,0.0
2024-05-16 00:00:00-04:00,1.399999976158142,1.4249999523162842,1.3899999856948853,1.399999976158142,15700,0.0,0.0
2024-05-17 00:00:00-04:00,1.399999976158142,1.4450000524520874,1.3899999856948853,1.409999966621399,44200,0.0,0.0
2024-05-20 00:00:00-04:00,1.399999976158142,1.4500000476837158,1.3849999904632568,1.4199999570846558,51100,0.0,0.0
2024-05-21 00:00:00-04:00,1.440000057220459,1.4900000095367432,1.4110000133514404,1.4900000095367432,36800,0.0,0.0
2024-05-22 00:00:00-04:00,1.440000057220459,1.4700000286102295,1.3300000429153442,1.440000057220459,56800,0.0,0.0
2024-05-23 00:00:00-04:00,1.399999976158142,1.399999976158142,1.3619999885559082,1.3700000047683716,17000,0.0,0.0
2024-05-24 00:00:00-04:00,1.3300000429153442,1.399999976158142,1.2999999523162842,1.399999976158142,25500,0.0,0.0
2024-05-28 00:00:00-04:00,1.4700000286102295,1.5,1.309999942779541,1.3799999952316284,266300,0.0,0.0
2024-05-29 00:00:00-04:00,1.340000033378601,1.3600000143051147,1.309999942779541,1.309999942779541,42400,0.0,0.0
2024-05-30 00:00:00-04:00,1.3300000429153442,1.3969999551773071,1.309999942779541,1.350000023841858,20200,0.0,0.0
2024-05-31 00:00:00-04:00,1.350000023841858,1.3600000143051147,1.3079999685287476,1.3600000143051147,7200,0.0,0.0
2024-06-03 00:00:00-04:00,1.399999976158142,1.4900000095367432,1.3070000410079956,1.4700000286102295,40800,0.0,0.0
2024-06-04 00:00:00-04:00,1.409999966621399,1.465999960899353,1.340000033378601,1.350000023841858,33600,0.0,0.0
2024-06-05 00:00:00-04:00,1.350000023841858,1.3600000143051147,1.2599999904632568,1.2899999618530273,53200,0.0,0.0
2024-06-06 00:00:00-04:00,1.3300000429153442,1.437000036239624,1.2899999618530273,1.3799999952316284,131400,0.0,0.0
2024-06-07 00:00:00-04:00,1.4420000314712524,1.4420000314712524,1.1799999475479126,1.340000033378601,63900,0.0,0.0
2024-06-10 00:00:00-04:00,1.2899999618530273,1.4199999570846558,1.2799999713897705,1.3600000143051147,78400,0.0,0.0
2024-06-11 00:00:00-04:00,1.3799999952316284,1.4199999570846558,1.2999999523162842,1.4199999570846558,64100,0.0,0.0
2024-06-12 00:00:00-04:00,1.3799999952316284,1.4199999570846558,1.2899999618530273,1.3899999856948853,54600,0.0,0.0
2024-06-13 00:00:00-04:00,1.3700000047683716,1.5,1.340000033378601,1.4789999723434448,81400,0.0,0.0
2024-06-14 00:00:00-04:00,1.409999966621399,1.5199999809265137,1.409999966621399,1.4600000381469727,47500,0.0,0.0
2024-06-17 00:00:00-04:00,1.4500000476837158,1.659999966621399,1.3799999952316284,1.3899999856948853,363200,0.0,0.0
2024-06-18 00:00:00-04:00,1.409999966621399,1.409999966621399,1.2599999904632568,1.2899999618530273,117000,0.0,0.0
2024-06-20 00:00:00-04:00,1.3300000429153442,1.3700000047683716,1.3020000457763672,1.3229999542236328,76000,0.0,0.0
2024-06-21 00:00:00-04:00,1.309999942779541,1.4600000381469727,1.309999942779541,1.3600000143051147,32200,0.0,0.0
2024-06-24 00:00:00-04:00,1.2899999618530273,1.4700000286102295,1.2599999904632568,1.409999966621399,102500,0.0,0.0
2024-06-25 00:00:00-04:00,1.350000023841858,1.4800000190734863,1.309999942779541,1.3600000143051147,129000,0.0,0.0
2024-06-26 00:00:00-04:00,1.3899999856948853,1.440000057220459,1.3600000143051147,1.3700000047683716,69200,0.0,0.0
2024-06-27 00:00:00-04:00,1.4299999475479126,1.5199999809265137,1.409999966621399,1.5,212800,0.0,0.0
2024-06-28 00:00:00-04:00,1.440000057220459,1.475000023841858,1.4199999570846558,1.4199999570846558,21600,0.0,0.0
2024-07-01 00:00:00-04:00,1.399999976158142,1.399999976158142,1.3300000429153442,1.3799999952316284,31200,0.0,0.0
2024-07-02 00:00:00-04:00,1.3600000143051147,1.3700000047683716,1.2799999713897705,1.3220000267028809,63800,0.0,0.0
2024-07-03 00:00:00-04:00,1.2999999523162842,1.3300000429153442,1.274999976158142,1.3300000429153442,26100,0.0,0.0
2024-07-05 00:00:00-04:00,1.2999999523162842,1.340000033378601,1.2799999713897705,1.340000033378601,18600,0.0,0.0
2024-07-08 00:00:00-04:00,1.340000033378601,1.3700000047683716,1.25,1.340000033378601,37400,0.0,0.0
2024-07-09 00:00:00-04:00,1.340000033378601,1.3700000047683716,1.309999942779541,1.3600000143051147,55200,0.0,0.0
2024-07-10 00:00:00-04:00,1.350000023841858,1.399999976158142,1.3200000524520874,1.399999976158142,35000,0.0,0.0
2024-07-11 00:00:00-04:00,1.399999976158142,1.4199999570846558,1.350000023841858,1.4199999570846558,26600,0.0,0.0
2024-07-12 00:00:00-04:00,1.3899999856948853,1.4800000190734863,1.3899999856948853,1.4800000190734863,27500,0.0,0.0
2024-07-15 00:00:00-04:00,1.4199999570846558,1.4500000476837158,1.3580000400543213,1.409999966621399,52500,0.0,0.0
2024-07-16 00:00:00-04:00,1.399999976158142,1.409999966621399,1.3600000143051147,1.409999966621399,15800,0.0,0.0
2024-07-17 00:00:00-04:00,1.3799999952316284,1.4500000476837158,1.3700000047683716,1.409999966621399,45000,0.0,0.0
2024-07-18 00:00:00-04:00,1.399999976158142,1.440000057220459,1.3799999952316284,1.3799999952316284,12500,0.0,0.0
2024-07-19 00:00:00-04:00,1.3899999856948853,1.4199999570846558,1.340000033378601,1.3550000190734863,47800,0.0,0.0
2024-07-22 00:00:00-04:00,1.3799999952316284,1.406000018119812,1.315999984741211,1.3700000047683716,62900,0.0,0.0
2024-07-23 00:00:00-04:00,1.4299999475479126,1.4600000381469727,1.3650000095367432,1.440000057220459,62200,0.0,0.0
2024-07-24 00:00:00-04:00,1.4199999570846558,1.4299999475479126,1.3899999856948853,1.4199999570846558,33200,0.0,0.0
2024-07-25 00:00:00-04:00,1.3899999856948853,1.4199999570846558,1.3700000047683716,1.3899999856948853,35600,0.0,0.0
2024-07-26 00:00:00-04:00,1.3899999856948853,1.4129999876022339,1.2300000190734863,1.3600000143051147,83200,0.0,0.0
2024-07-29 00:00:00-04:00,1.3899999856948853,1.3899999856948853,1.2999999523162842,1.3700000047683716,19600,0.0,0.0
2024-07-30 00:00:00-04:00,1.350000023841858,1.3600000143051147,1.2599999904632568,1.3250000476837158,28900,0.0,0.0
2024-07-31 00:00:00-04:00,1.309999942779541,1.3600000143051147,1.309999942779541,1.340000033378601,17200,0.0,0.0
2024-08-01 00:00:00-04:00,1.3389999866485596,1.4199999570846558,1.309999942779541,1.3300000429153442,52500,0.0,0.0
2024-08-02 00:00:00-04:00,1.3200000524520874,1.3450000286102295,1.2999999523162842,1.340000033378601,15700,0.0,0.0
2024-08-05 00:00:00-04:00,1.2799999713897705,1.2799999713897705,1.149999976158142,1.2300000190734863,129000,0.0,0.0
2024-08-06 00:00:00-04:00,1.2660000324249268,1.2999999523162842,1.2300000190734863,1.2699999809265137,37800,0.0,0.0
2024-08-07 00:00:00-04:00,1.2899999618530273,1.2899999618530273,1.2300000190734863,1.2300000190734863,27100,0.0,0.0
2024-08-08 00:00:00-04:00,1.2699999809265137,1.340000033378601,1.25,1.2610000371932983,48000,0.0,0.0
2024-08-09 00:00:00-04:00,1.2599999904632568,1.284999966621399,1.1799999475479126,1.25,12600,0.0,0.0
2024-08-12 00:00:00-04:00,1.2300000190734863,1.2599999904632568,1.2200000286102295,1.2200000286102295,12200,0.0,0.0
2024-08-13 00:00:00-04:00,1.2549999952316284,1.2599999904632568,1.2300000190734863,1.2300000190734863,17200,0.0,0.0
2024-08-14 00:00:00-04:00,1.2400000095367432,1.2999999523162842,1.2300000190734863,1.2300000190734863,5800,0.0,0.0
2024-08-15 00:00:00-04:00,1.25,1.2699999809265137,1.2200000286102295,1.2380000352859497,10900,0.0,0.0
2024-08-16 00:00:00-04:00,1.2960000038146973,1.2960000038146973,1.2200000286102295,1.2610000371932983,27000,0.0,0.0
2024-08-19 00:00:00-04:00,1.2699999809265137,1.2999999523162842,1.2200000286102295,1.2599999904632568,36800,0.0,0.0
2024-08-20 00:00:00-04:00,1.25,1.2799999713897705,1.2200000286102295,1.2599999904632568,19600,0.0,0.0
2024-08-21 00:00:00-04:00,1.2000000476837158,1.25,1.190000057220459,1.2300000190734863,58200,0.0,0.0
2024-08-22 00:00:00-04:00,1.2100000381469727,1.2999999523162842,1.2100000381469727,1.2899999618530273,48700,0.0,0.0
2024-08-23 00:00:00-04:00,1.2979999780654907,1.2979999780654907,1.190000057220459,1.2300000190734863,18700,0.0,0.0
2024-08-26 00:00:00-04:00,1.225000023841858,1.2350000143051147,1.1799999475479126,1.2000000476837158,51300,0.0,0.0
2024-08-27 00:00:00-04:00,1.25,1.2999999523162842,1.2200000286102295,1.25,93100,0.0,0.0
2024-08-28 00:00:00-04:00,1.2799999713897705,1.2799999713897705,1.2000000476837158,1.2599999904632568,23000,0.0,0.0
2024-08-29 00:00:00-04:00,1.25,1.2599999904632568,1.2300000190734863,1.2450000047683716,18800,0.0,0.0
2024-08-30 00:00:00-04:00,1.2200000286102295,1.2999999523162842,1.2100000381469727,1.2999999523162842,25700,0.0,0.0
2024-09-03 00:00:00-04:00,1.25,1.2699999809265137,1.2200000286102295,1.2599999904632568,17800,0.0,0.0
2024-09-04 00:00:00-04:00,1.2400000095367432,1.2899999618530273,1.2200000286102295,1.2300000190734863,28000,0.0,0.0
2024-09-05 00:00:00-04:00,1.2000000476837158,1.2300000190734863,1.2000000476837158,1.2300000190734863,17000,0.0,0.0
2024-09-06 00:00:00-04:00,1.2699999809265137,1.2699999809265137,1.2200000286102295,1.2699999809265137,4000,0.0,0.0
2024-09-09 00:00:00-04:00,1.2000000476837158,1.2419999837875366,1.2000000476837158,1.2000000476837158,18900,0.0,0.0
2024-09-10 00:00:00-04:00,1.190000057220459,1.2699999809265137,1.190000057220459,1.2680000066757202,41700,0.0,0.0
2024-09-11 00:00:00-04:00,1.2899999618530273,1.3200000524520874,1.25600004196167,1.309999942779541,107600,0.0,0.0
2024-09-12 00:00:00-04:00,1.340000033378601,1.6399999856948853,1.2920000553131104,1.590000033378601,589800,0.0,0.0
2024-09-13 00:00:00-04:00,1.6100000143051147,1.7599999904632568,1.5299999713897705,1.5700000524520874,424500,0.0,0.0
2024-09-16 00:00:00-04:00,1.600000023841858,1.649999976158142,1.5,1.5399999618530273,182000,0.0,0.0
2024-09-17 00:00:00-04:00,1.5700000524520874,1.7000000476837158,1.4199999570846558,1.5099999904632568,265100,0.0,0.0
2024-09-18 00:00:00-04:00,1.600000023841858,1.7400000095367432,1.5299999713897705,1.5499999523162842,358700,0.0,0.0
2024-09-19 00:00:00-04:00,1.600000023841858,1.649999976158142,1.4500000476837158,1.5,298400,0.0,0.0
2024-09-20 00:00:00-04:00,1.5499999523162842,1.569000005722046,1.440000057220459,1.5099999904632568,68000,0.0,0.0
2024-09-23 00:00:00-04:00,1.5099999904632568,1.5199999809265137,1.3600000143051147,1.4800000190734863,154600,0.0,0.0
2024-09-24 00:00:00-04:00,1.5,1.5399999618530273,1.399999976158142,1.475000023841858,77900,0.0,0.0
2024-09-25 00:00:00-04:00,1.5,1.5,1.440000057220459,1.4600000381469727,40100,0.0,0.0
2024-09-26 00:00:00-04:00,1.4900000095367432,1.600000023841858,1.4700000286102295,1.5800000429153442,126500,0.0,0.0
2024-09-27 00:00:00-04:00,1.590000033378601,1.7100000381469727,1.5750000476837158,1.6399999856948853,196600,0.0,0.0
2024-09-30 00:00:00-04:00,1.6200000047683716,1.75,1.6200000047683716,1.6799999475479126,106800,0.0,0.0
2024-10-01 00:00:00-04:00,1.6799999475479126,1.690000057220459,1.559999942779541,1.6100000143051147,52400,0.0,0.0
2024-10-02 00:00:00-04:00,1.590000033378601,1.590000033378601,1.5499999523162842,1.5499999523162842,31700,0.0,0.0
2024-10-03 00:00:00-04:00,1.5499999523162842,1.6180000305175781,1.5499999523162842,1.5800000429153442,19900,0.0,0.0
2024-10-04 00:00:00-04:00,1.6299999952316284,1.6299999952316284,1.5199999809265137,1.590000033378601,36300,0.0,0.0
2024-10-07 00:00:00-04:00,1.5399999618530273,1.5950000286102295,1.4800000190734863,1.5299999713897705,32200,0.0,0.0
2024-10-08 00:00:00-04:00,1.5299999713897705,1.5449999570846558,1.4500000476837158,1.4800000190734863,35500,0.0,0.0
2024-10-09 00:00:00-04:00,1.4600000381469727,1.559999942779541,1.4600000381469727,1.5399999618530273,12900,0.0,0.0
2024-10-10 00:00:00-04:00,1.5299999713897705,1.590000033378601,1.4299999475479126,1.4900000095367432,45400,0.0,0.0
2024-10-11 00:00:00-04:00,1.4700000286102295,1.4900000095367432,1.3799999952316284,1.4600000381469727,32400,0.0,0.0
2024-10-14 00:00:00-04:00,1.4299999475479126,1.5199999809265137,1.4299999475479126,1.4500000476837158,68400,0.0,0.0
2024-10-15 00:00:00-04:00,1.4600000381469727,1.559999942779541,1.4500000476837158,1.5499999523162842,74000,0.0,0.0
2024-10-16 00:00:00-04:00,1.6299999952316284,1.75,1.600000023841858,1.690000057220459,368300,0.0,0.0
2024-10-17 00:00:00-04:00,1.7000000476837158,1.7100000381469727,1.600000023841858,1.6299999952316284,171000,0.0,0.0
2024-10-18 00:00:00-04:00,1.6799999475479126,1.7100000381469727,1.5099999904632568,1.5199999809265137,173700,0.0,0.0
2024-10-21 00:00:00-04:00,1.6200000047683716,1.6299999952316284,1.4900000095367432,1.5299999713897705,215000,0.0,0.0
2024-10-22 00:00:00-04:00,1.5499999523162842,1.5789999961853027,1.4500000476837158,1.4700000286102295,172700,0.0,0.0
2024-10-23 00:00:00-04:00,1.5399999618530273,1.5499999523162842,1.4500000476837158,1.4850000143051147,288100,0.0,0.0
2024-10-24 00:00:00-04:00,1.600000023841858,1.6080000400543213,1.4500000476837158,1.5199999809265137,255800,0.0,0.0
2024-10-25 00:00:00-04:00,1.5499999523162842,1.649999976158142,1.409999966621399,1.4700000286102295,275500,0.0,0.0
2024-10-28 00:00:00-04:00,1.5,1.590000033378601,1.4249999523162842,1.4800000190734863,162900,0.0,0.0
2024-10-29 00:00:00-04:00,1.4500000476837158,1.475000023841858,1.4049999713897705,1.4299999475479126,89200,0.0,0.0
2024-10-30 00:00:00-04:00,1.4700000286102295,1.4700000286102295,1.3600000143051147,1.3799999952316284,140300,0.0,0.0
2024-10-31 00:00:00-04:00,1.399999976158142,1.409999966621399,1.2699999809265137,1.350000023841858,271300,0.0,0.0
2024-11-01 00:00:00-04:00,1.350000023841858,1.4049999713897705,1.2999999523162842,1.3600000143051147,92400,0.0,0.0
2024-11-04 00:00:00-05:00,1.409999966621399,1.4290000200271606,1.2200000286102295,1.2999999523162842,209400,0.0,0.0
2024-11-05 00:00:00-05:00,1.2899999618530273,1.3200000524520874,1.2400000095367432,1.284999966621399,144000,0.0,0.0
2024-11-06 00:00:00-05:00,1.309999942779541,1.3300000429153442,1.2100000381469727,1.2699999809265137,132000,0.0,0.0
2024-11-07 00:00:00-05:00,1.2699999809265137,1.309999942779541,1.2100000381469727,1.2699999809265137,161000,0.0,0.0
2024-11-08 00:00:00-05:00,1.25,1.2899999618530273,1.2100000381469727,1.2300000190734863,92200,0.0,0.0
2024-11-11 00:00:00-05:00,1.2699999809265137,1.2699999809265137,1.149999976158142,1.2000000476837158,212500,0.0,0.0
2024-11-12 00:00:00-05:00,1.2000000476837158,1.2309999465942383,1.1699999570846558,1.1950000524520874,115100,0.0,0.0
2024-11-13 00:00:00-05:00,1.2100000381469727,1.2100000381469727,1.1299999952316284,1.1799999475479126,116500,0.0,0.0
2024-11-14 00:00:00-05:00,1.159999966621399,1.1699999570846558,1.0750000476837158,1.0800000429153442,159600,0.0,0.0
2024-11-15 00:00:00-05:00,1.090000033378601,1.100000023841858,1.0099999904632568,1.0700000524520874,132400,0.0,0.0
2024-11-18 00:00:00-05:00,1.059999942779541,1.0850000381469727,0.9950000047683716,1.0499999523162842,198600,0.0,0.0
2024-11-19 00:00:00-05:00,1.0299999713897705,1.059999942779541,1.0099999904632568,1.0299999713897705,60400,0.0,0.0
2024-11-20 00:00:00-05:00,1.059999942779541,1.1100000143051147,0.9300000071525574,0.9760000109672546,388200,0.0,0.0
2024-11-21 00:00:00-05:00,0.9990000128746033,1.0199999809265137,0.8100000023841858,0.8410000205039978,427500,0.0,0.0
2024-11-22 00:00:00-05:00,0.828000009059906,0.9290000200271606,0.828000009059906,0.9290000200271606,221600,0.0,0.0
2024-11-25 00:00:00-05:00,1.059999942779541,1.090000033378601,0.9409999847412109,1.0700000524520874,406000,0.0,0.0
2024-11-26 00:00:00-05:00,1.0800000429153442,1.090000033378601,1.00600004196167,1.0700000524520874,133700,0.0,0.0
2024-11-27 00:00:00-05:00,1.149999976158142,1.159999966621399,1.100000023841858,1.1399999856948853,259800,0.0,0.0
2024-11-29 00:00:00-05:00,1.1699999570846558,1.1699999570846558,1.1009999513626099,1.1399999856948853,30800,0.0,0.0
2024-12-02 00:00:00-05:00,1.1100000143051147,1.1150000095367432,1.0199999809265137,1.0800000429153442,81500,0.0,0.0
2024-12-03 00:00:00-05:00,1.2200000286102295,1.3200000524520874,1.100000023841858,1.2999999523162842,4559200,0.0,0.0
2024-12-04 00:00:00-05:00,1.2999999523162842,1.347000002861023,1.159999966621399,1.2999999523162842,796200,0.0,0.0
2024-12-05 00:00:00-05:00,1.309999942779541,1.340000033378601,1.2000000476837158,1.2200000286102295,311100,0.0,0.0
2024-12-06 00:00:00-05:00,1.25,1.2699999809265137,1.1799999475479126,1.25,233300,0.0,0.0
2024-12-09 00:00:00-05:00,1.2799999713897705,1.2899999618530273,1.2300000190734863,1.2799999713897705,214900,0.0,0.0
2024-12-10 00:00:00-05:00,1.2999999523162842,1.2999999523162842,1.1799999475479126,1.25,233400,0.0,0.0
2024-12-11 00:00:00-05:00,1.25,1.2899999618530273,1.2200000286102295,1.2599999904632568,209400,0.0,0.0
2024-12-12 00:00:00-05:00,1.2899999618530273,1.2910000085830688,1.1799999475479126,1.2100000381469727,152000,0.0,0.0
2024-12-13 00:00:00-05:00,1.2200000286102295,1.2300000190734863,1.149999976158142,1.2000000476837158,122900,0.0,0.0
2024-12-16 00:00:00-05:00,1.2000000476837158,1.2300000190734863,1.149999976158142,1.159999966621399,128300,0.0,0.0
2024-12-17 00:00:00-05:00,1.149999976158142,1.2400000095367432,1.1299999952316284,1.1799999475479126,220800,0.0,0.0
2024-12-18 00:00:00-05:00,1.2000000476837158,1.2300000190734863,1.1799999475479126,1.2000000476837158,161800,0.0,0.0
2024-12-19 00:00:00-05:00,1.2000000476837158,1.218999981880188,1.159999966621399,1.1799999475479126,74500,0.0,0.0
2024-12-20 00:00:00-05:00,1.190000057220459,1.25,1.159999966621399,1.2400000095367432,141600,0.0,0.0
2024-12-23 00:00:00-05:00,1.2000000476837158,1.2599999904632568,1.2000000476837158,1.2400000095367432,99400,0.0,0.0
2024-12-24 00:00:00-05:00,1.2300000190734863,1.2549999952316284,1.2100000381469727,1.2300000190734863,44800,0.0,0.0
2024-12-26 00:00:00-05:00,1.2300000190734863,1.2549999952316284,1.2200000286102295,1.25,101300,0.0,0.0
2024-12-27 00:00:00-05:00,1.2400000095367432,1.2549999952316284,1.1399999856948853,1.190000057220459,219600,0.0,0.0
2024-12-30 00:00:00-05:00,1.149999976158142,1.2000000476837158,1.1299999952316284,1.149999976158142,129000,0.0,0.0
2024-12-31 00:00:00-05:00,1.1200000047683716,1.1699999570846558,1.1200000047683716,1.1699999570846558,173800,0.0,0.0
2025-01-02 00:00:00-05:00,1.2000000476837158,1.25,1.190000057220459,1.2400000095367432,94300,0.0,0.0
2025-01-03 00:00:00-05:00,1.25,1.2699999809265137,1.2200000286102295,1.25,132600,0.0,0.0
2025-01-06 00:00:00-05:00,1.2300000190734863,1.25,1.190000057220459,1.2300000190734863,111800,0.0,0.0
2025-01-07 00:00:00-05:00,1.25,1.2599999904632568,1.2200000286102295,1.25,122600,0.0,0.0
2025-01-08 00:00:00-05:00,1.2300000190734863,1.2300000190734863,1.149999976158142,1.1799999475479126,108400,0.0,0.0
2025-01-10 00:00:00-05:00,1.1799999475479126,1.2100000381469727,1.1200000047683716,1.1449999809265137,78600,0.0,0.0
2025-01-13 00:00:00-05:00,1.149999976158142,1.1699999570846558,1.1299999952316284,1.149999976158142,61000,0.0,0.0
2025-01-14 00:00:00-05:00,1.159999966621399,1.190000057220459,1.100000023841858,1.1399999856948853,86100,0.0,0.0
2025-01-15 00:00:00-05:00,1.1399999856948853,1.149999976158142,1.1299999952316284,1.149999976158142,93300,0.0,0.0
2025-01-16 00:00:00-05:00,1.149999976158142,1.159999966621399,1.1299999952316284,1.149999976158142,36800,0.0,0.0
2025-01-17 00:00:00-05:00,1.159999966621399,1.1699999570846558,1.1200000047683716,1.1299999952316284,45600,0.0,0.0
2025-01-21 00:00:00-05:00,1.1699999570846558,1.2050000429153442,1.149999976158142,1.190000057220459,91800,0.0,0.0
2025-01-22 00:00:00-05:00,1.2000000476837158,1.2000000476837158,1.1699999570846558,1.190000057220459,30200,0.0,0.0
2025-01-23 00:00:00-05:00,1.2000000476837158,1.2100000381469727,1.1399999856948853,1.190000057220459,47400,0.0,0.0
2025-01-24 00:00:00-05:00,1.1799999475479126,1.190000057220459,1.159999966621399,1.1799999475479126,49300,0.0,0.0
2025-01-27 00:00:00-05:00,1.1399999856948853,1.1779999732971191,1.059999942779541,1.149999976158142,129100,0.0,0.0
2025-01-28 00:00:00-05:00,1.1399999856948853,1.149999976158142,1.0800000429153442,1.1299999952316284,36000,0.0,0.0
2025-01-29 00:00:00-05:00,1.1109999418258667,1.1200000047683716,1.0499999523162842,1.1089999675750732,44200,0.0,0.0
2025-01-30 00:00:00-05:00,1.100000023841858,1.1200000047683716,1.059999942779541,1.1100000143051147,47900,0.0,0.0
2025-01-31 00:00:00-05:00,1.0800000429153442,1.1100000143051147,1.0509999990463257,1.100000023841858,24700,0.0,0.0
2025-02-03 00:00:00-05:00,1.059999942779541,1.090000033378601,1.0,1.0800000429153442,48400,0.0,0.0
2025-02-04 00:00:00-05:00,1.1100000143051147,1.1100000143051147,1.0499999523162842,1.0800000429153442,45200,0.0,0.0
2025-02-05 00:00:00-05:00,1.1139999628067017,1.1399999856948853,1.0700000524520874,1.100000023841858,53900,0.0,0.0
2025-02-06 00:00:00-05:00,1.090000033378601,1.1200000047683716,1.0,1.0299999713897705,50200,0.0,0.0
2025-02-07 00:00:00-05:00,1.0099999904632568,1.1200000047683716,1.0,1.100000023841858,30500,0.0,0.0
2025-02-10 00:00:00-05:00,1.0800000429153442,1.1399999856948853,1.0700000524520874,1.090000033378601,68800,0.0,0.0
2025-02-11 00:00:00-05:00,1.090000033378601,1.090000033378601,1.0299999713897705,1.059999942779541,16600,0.0,0.0
2025-02-12 00:00:00-05:00,1.0199999809265137,1.0700000524520874,1.0099999904632568,1.0499999523162842,48100,0.0,0.0
2025-02-13 00:00:00-05:00,1.0399999618530273,1.059999942779541,1.0,1.0399999618530273,39000,0.0,0.0
2025-02-14 00:00:00-05:00,1.0800000429153442,1.100000023841858,1.0199999809265137,1.0499999523162842,75700,0.0,0.0
2025-02-18 00:00:00-05:00,1.0700000524520874,1.0800000429153442,1.0099999904632568,1.0499999523162842,62200,0.0,0.0
2025-02-19 00:00:00-05:00,1.059999942779541,1.090000033378601,1.0,1.0499999523162842,68400,0.0,0.0
2025-02-20 00:00:00-05:00,1.0499999523162842,1.062000036239624,1.0099999904632568,1.0180000066757202,34300,0.0,0.0
2025-02-21 00:00:00-05:00,1.0099999904632568,1.0299999713897705,0.9800000190734863,1.0,42700,0.0,0.0
2025-02-24 00:00:00-05:00,1.0199999809265137,1.0199999809265137,0.9700000286102295,0.9900000095367432,35000,0.0,0.0
2025-02-25 00:00:00-05:00,1.0099999904632568,1.0130000114440918,0.9700000286102295,0.9800000190734863,60700,0.0,0.0
2025-02-26 00:00:00-05:00,1.0399999618530273,1.090000033378601,0.9800000190734863,1.0,67700,0.0,0.0
2025-02-27 00:00:00-05:00,1.0499999523162842,1.0499999523162842,1.0,1.0299999713897705,87300,0.0,0.0
2025-02-28 00:00:00-05:00,1.0399999618530273,1.2400000095367432,1.0099999904632568,1.2000000476837158,431900,0.0,0.0
2025-03-03 00:00:00-05:00,1.0299999713897705,1.1200000047683716,0.9390000104904175,1.0199999809265137,2042400,0.0,0.0
2025-03-04 00:00:00-05:00,1.0499999523162842,1.1699999570846558,1.0130000114440918,1.0800000429153442,295600,0.0,0.0
2025-03-05 00:00:00-05:00,1.0499999523162842,1.159000039100647,1.0499999523162842,1.1299999952316284,121000,0.0,0.0
2025-03-06 00:00:00-05:00,1.100000023841858,1.1699999570846558,1.0399999618530273,1.149999976158142,114400,0.0,0.0
2025-03-07 00:00:00-05:00,1.1699999570846558,1.2899999618530273,1.149999976158142,1.190000057220459,470800,0.0,0.0
2025-03-10 00:00:00-04:00,1.190000057220459,1.2300000190734863,1.0199999809265137,1.159999966621399,431100,0.0,0.0
2025-03-11 00:00:00-04:00,1.149999976158142,1.2000000476837158,1.149999976158142,1.159999966621399,117300,0.0,0.0
2025-03-12 00:00:00-04:00,1.1799999475479126,1.2400000095367432,1.159999966621399,1.2000000476837158,78700,0.0,0.0
2025-03-13 00:00:00-04:00,1.2100000381469727,1.2300000190734863,1.0700000524520874,1.090000033378601,121800,0.0,0.0
2025-03-14 00:00:00-04:00,1.1399999856948853,1.2899999618530273,1.1200000047683716,1.2200000286102295,236800,0.0,0.0
2025-03-17 00:00:00-04:00,1.2200000286102295,1.2200000286102295,1.100000023841858,1.149999976158142,177400,0.0,0.0
2025-03-18 00:00:00-04:00,1.1399999856948853,1.2400000095367432,1.1200000047683716,1.1399999856948853,151600,0.0,0.0
2025-03-19 00:00:00-04:00,1.149999976158142,1.1799999475479126,1.0750000476837158,1.1200000047683716,95900,0.0,0.0
2025-03-20 00:00:00-04:00,1.1100000143051147,1.1299999952316284,1.0499999523162842,1.090000033378601,159800,0.0,0.0
2025-03-21 00:00:00-04:00,1.100000023841858,1.1319999694824219,1.0099999904632568,1.0449999570846558,76000,0.0,0.0
2025-03-24 00:00:00-04:00,1.1200000047683716,1.1330000162124634,1.0199999809265137,1.0199999809265137,168800,0.0,0.0
2025-03-25 00:00:00-04:00,1.059999942779541,1.1100000143051147,1.0399999618530273,1.090000033378601,45800,0.0,0.0
2025-03-26 00:00:00-04:00,1.1100000143051147,1.1100000143051147,1.0099999904632568,1.0499999523162842,106900,0.0,0.0
2025-03-27 00:00:00-04:00,1.0299999713897705,1.0499999523162842,1.0099999904632568,1.0099999904632568,23400,0.0,0.0
2025-03-28 00:00:00-04:00,1.0,1.0399999618530273,1.0,1.0199999809265137,51400,0.0,0.0
2025-03-31 00:00:00-04:00,1.0199999809265137,1.0399999618530273,0.9700000286102295,0.9700000286102295,106300,0.0,0.0
2025-04-01 00:00:00-04:00,0.9869999885559082,1.0299999713897705,0.9200000166893005,0.949999988079071,89800,0.0,0.0
2025-04-02 00:00:00-04:00,0.9399999976158142,1.0199999809265137,0.921999990940094,1.0099999904632568,110400,0.0,0.0
2025-04-03 00:00:00-04:00,0.9800000190734863,1.0099999904632568,0.9459999799728394,0.9459999799728394,59400,0.0,0.0
2025-04-04 00:00:00-04:00,0.9200000166893005,0.9399999976158142,0.8500000238418579,0.8880000114440918,104000,0.0,0.0
2025-04-07 00:00:00-04:00,0.8999999761581421,0.9200000166893005,0.8550000190734863,0.8899999856948853,81500,0.0,0.0
2025-04-08 00:00:00-04:00,0.9300000071525574,0.9300000071525574,0.8700000047683716,0.9100000262260437,72400,0.0,0.0
2025-04-09 00:00:00-04:00,0.8799999952316284,0.9200000166893005,0.859000027179718,0.9200000166893005,112200,0.0,0.0
2025-04-10 00:00:00-04:00,0.9200000166893005,0.9200000166893005,0.8700000047683716,0.9200000166893005,22300,0.0,0.0
2025-04-11 00:00:00-04:00,0.8849999904632568,0.9200000166893005,0.8610000014305115,0.8980000019073486,36700,0.0,0.0
2025-04-14 00:00:00-04:00,0.9190000295639038,0.9200000166893005,0.8679999709129333,0.8859999775886536,41100,0.0,0.0
2025-04-15 00:00:00-04:00,0.8799999952316284,0.9200000166893005,0.8600000143051147,0.8920000195503235,61200,0.0,0.0
2025-04-16 00:00:00-04:00,0.8600000143051147,0.8980000019073486,0.8399999737739563,0.8600000143051147,40900,0.0,0.0
2025-04-17 00:00:00-04:00,0.9129999876022339,0.9129999876022339,0.8399999737739563,0.8600000143051147,12200,0.0,0.0
2025-04-21 00:00:00-04:00,0.8610000014305115,0.8999999761581421,0.8519999980926514,0.8799999952316284,44200,0.0,0.0
2025-04-22 00:00:00-04:00,0.8999999761581421,0.9179999828338623,0.8799999952316284,0.8899999856948853,48500,0.0,0.0
2025-04-23 00:00:00-04:00,0.9179999828338623,0.925000011920929,0.8799999952316284,0.9200000166893005,45500,0.0,0.0
2025-04-24 00:00:00-04:00,0.8730000257492065,0.9789999723434448,0.8730000257492065,0.9599999785423279,96000,0.0,0.0
2025-04-25 00:00:00-04:00,0.9700000286102295,1.0,0.9300000071525574,0.9850000143051147,26200,0.0,0.0
2025-04-28 00:00:00-04:00,1.0099999904632568,1.0490000247955322,1.0,1.0299999713897705,89700,0.0,0.0
2025-04-29 00:00:00-04:00,1.0299999713897705,1.0499999523162842,1.0,1.0460000038146973,42200,0.0,0.0
2025-04-30 00:00:00-04:00,1.0399999618530273,1.0499999523162842,0.996999979019165,1.0199999809265137,86400,0.0,0.0
2025-05-01 00:00:00-04:00,1.0399999618530273,1.0700000524520874,1.0049999952316284,1.0499999523162842,37500,0.0,0.0
2025-05-02 00:00:00-04:00,1.059999942779541,1.0700000524520874,1.0299999713897705,1.0399999618530273,38600,0.0,0.0
2025-05-05 00:00:00-04:00,1.0399999618530273,1.059999942779541,1.0269999504089355,1.0399999618530273,59900,0.0,0.0
2025-05-06 00:00:00-04:00,1.0499999523162842,1.149999976158142,1.0399999618530273,1.100000023841858,106600,0.0,0.0
2025-05-07 00:00:00-04:00,1.090000033378601,1.1100000143051147,1.0399999618530273,1.0499999523162842,58500,0.0,0.0
2025-05-08 00:00:00-04:00,1.059999942779541,1.059999942779541,1.0399999618530273,1.0399999618530273,35400,0.0,0.0
2025-05-09 00:00:00-04:00,1.0399999618530273,1.0880000591278076,1.0099999904632568,1.0199999809265137,39300,0.0,0.0
2025-05-12 00:00:00-04:00,1.0399999618530273,1.0499999523162842,0.9900000095367432,1.003000020980835,38400,0.0,0.0
2025-05-13 00:00:00-04:00,1.0130000114440918,1.0299999713897705,0.9700000286102295,1.0,83600,0.0,0.0
2025-05-14 00:00:00-04:00,1.0099999904632568,1.0499999523162842,0.9800000190734863,1.0299999713897705,108400,0.0,0.0
2025-05-15 00:00:00-04:00,1.0299999713897705,1.0399999618530273,1.0099999904632568,1.0299999713897705,12900,0.0,0.0
2025-05-16 00:00:00-04:00,1.0099999904632568,1.0399999618530273,1.0,1.0,56600,0.0,0.0
2025-05-19 00:00:00-04:00,0.9800000190734863,1.0,0.9800000190734863,0.9900000095367432,77700,0.0,0.0
2025-05-20 00:00:00-04:00,0.9750000238418579,1.0299999713897705,0.949999988079071,0.9900000095367432,54400,0.0,0.0
2025-05-21 00:00:00-04:00,0.9800000190734863,0.9900000095367432,0.9599999785423279,0.9800000190734863,55700,0.0,0.0
2025-05-22 00:00:00-04:00,0.9850000143051147,1.0,0.9599999785423279,0.9620000123977661,19100,0.0,0.0
2025-05-23 00:00:00-04:00,0.9620000123977661,0.9829999804496765,0.9620000123977661,0.9750000238418579,16700,0.0,0.0
2025-05-27 00:00:00-04:00,0.949999988079071,1.0299999713897705,0.9229999780654907,0.9950000047683716,68400,0.0,0.0
2025-05-28 00:00:00-04:00,1.0,1.0199999809265137,0.9369999766349792,0.949999988079071,97200,0.0,0.0
2025-05-29 00:00:00-04:00,0.949999988079071,0.9800000190734863,0.9200000166893005,0.9380000233650208,48300,0.0,0.0
2025-05-30 00:00:00-04:00,0.9490000009536743,0.9700000286102295,0.9319999814033508,0.9359999895095825,6800,0.0,0.0
2025-06-02 00:00:00-04:00,0.9700000286102295,0.9700000286102295,0.9309999942779541,0.9399999976158142,39900,0.0,0.0
2025-06-03 00:00:00-04:00,0.9829999804496765,0.9829999804496765,0.9330000281333923,0.9399999976158142,46200,0.0,0.0
2025-06-04 00:00:00-04:00,0.9200000166893005,0.9580000042915344,0.9200000166893005,0.9300000071525574,30800,0.0,0.0
2025-06-05 00:00:00-04:00,0.949999988079071,0.9580000042915344,0.9200000166893005,0.9200000166893005,23500,0.0,0.0
2025-06-06 00:00:00-04:00,0.9300000071525574,0.9700000286102295,0.9200000166893005,0.9670000076293945,57600,0.0,0.0
2025-06-09 00:00:00-04:00,0.9549999833106995,0.9900000095367432,0.9319999814033508,0.9399999976158142,34700,0.0,0.0
2025-06-10 00:00:00-04:00,0.9399999976158142,0.9900000095367432,0.9399999976158142,0.9599999785423279,41500,0.0,0.0
2025-06-11 00:00:00-04:00,0.9459999799728394,0.9779999852180481,0.9300000071525574,0.9419999718666077,30200,0.0,0.0
2025-06-12 00:00:00-04:00,0.9350000023841858,0.9779999852180481,0.9309999942779541,0.9399999976158142,16700,0.0,0.0
2025-06-13 00:00:00-04:00,0.9240000247955322,0.9240000247955322,0.8999999761581421,0.8999999761581421,22000,0.0,0.0
2025-06-16 00:00:00-04:00,0.9359999895095825,1.0700000524520874,0.9269999861717224,1.0299999713897705,289100,0.0,0.0
2025-06-17 00:00:00-04:00,1.0,1.059999942779541,0.9900000095367432,1.0299999713897705,38600,0.0,0.0
2025-06-18 00:00:00-04:00,1.0,1.0800000429153442,1.0,1.0449999570846558,93700,0.0,0.0
2025-06-20 00:00:00-04:00,1.059999942779541,1.1699999570846558,1.034000039100647,1.090000033378601,139300,0.0,0.0
2025-06-23 00:00:00-04:00,1.1100000143051147,1.215999960899353,1.1100000143051147,1.159999966621399,228900,0.0,0.0
2025-06-24 00:00:00-04:00,1.190000057220459,1.2699999809265137,1.149999976158142,1.190000057220459,237900,0.0,0.0
2025-06-25 00:00:00-04:00,1.1699999570846558,1.2999999523162842,1.149999976158142,1.2599999904632568,208900,0.0,0.0
2025-06-26 00:00:00-04:00,1.2599999904632568,1.2699999809265137,1.1799999475479126,1.2100000381469727,67200,0.0,0.0
2025-06-27 00:00:00-04:00,1.2400000095367432,1.2400000095367432,1.149999976158142,1.2000000476837158,68200,0.0,0.0
2025-06-30 00:00:00-04:00,1.1799999475479126,1.2300000190734863,1.1100000143051147,1.1200000047683716,196600,0.0,0.0
2025-07-01 00:00:00-04:00,1.1399999856948853,1.159999966621399,1.1100000143051147,1.1200000047683716,54500,0.0,0.0
2025-07-02 00:00:00-04:00,1.1100000143051147,1.159999966621399,1.1100000143051147,1.1299999952316284,33900,0.0,0.0
2025-07-03 00:00:00-04:00,1.159999966621399,1.2120000123977661,1.149999976158142,1.1799999475479126,141100,0.0,0.0
2025-07-07 00:00:00-04:00,1.190000057220459,1.2200000286102295,1.190000057220459,1.2100000381469727,100600,0.0,0.0
2025-07-08 00:00:00-04:00,1.2000000476837158,1.2000000476837158,1.1399999856948853,1.1799999475479126,62800,0.0,0.0
2025-07-09 00:00:00-04:00,1.2000000476837158,1.3799999952316284,1.1799999475479126,1.2999999523162842,319300,0.0,0.0
2025-07-10 00:00:00-04:00,1.2899999618530273,1.3600000143051147,1.2599999904632568,1.340000033378601,241500,0.0,0.0
2025-07-11 00:00:00-04:00,1.340000033378601,1.3600000143051147,1.2300000190734863,1.2799999713897705,108100,0.0,0.0
2025-07-14 00:00:00-04:00,1.2699999809265137,1.340000033378601,1.25,1.2799999713897705,133500,0.0,0.0
2025-07-15 00:00:00-04:00,1.2599999904632568,1.2699999809265137,1.2200000286102295,1.2300000190734863,31000,0.0,0.0
2025-07-16 00:00:00-04:00,1.2400000095367432,1.2410000562667847,1.190000057220459,1.2300000190734863,26900,0.0,0.0
2025-07-17 00:00:00-04:00,1.2200000286102295,1.309999942779541,1.2000000476837158,1.2000000476837158,60600,0.0,0.0
2025-07-18 00:00:00-04:00,1.2000000476837158,1.2699999809265137,1.159999966621399,1.190000057220459,74400,0.0,0.0
2025-07-21 00:00:00-04:00,1.2100000381469727,1.2350000143051147,1.1799999475479126,1.190000057220459,95900,0.0,0.0
2025-07-22 00:00:00-04:00,1.1799999475479126,1.3200000524520874,1.159999966621399,1.1799999475479126,138500,0.0,0.0
2025-07-23 00:00:00-04:00,1.1710000038146973,1.190000057220459,1.159999966621399,1.1699999570846558,97400,0.0,0.0
2025-07-24 00:00:00-04:00,1.1699999570846558,1.190000057220459,1.1299999952316284,1.1419999599456787,55600,0.0,0.0
2025-07-25 00:00:00-04:00,1.1699999570846558,1.1799999475479126,1.1200000047683716,1.121999979019165,39300,0.0,0.0
2025-07-28 00:00:00-04:00,1.2000000476837158,1.2899999618530273,1.159999966621399,1.2599999904632568,1049500,0.0,0.0
2025-07-29 00:00:00-04:00,1.2999999523162842,1.440000057220459,1.2799999713897705,1.4199999570846558,671000,0.0,0.0
2025-07-30 00:00:00-04:00,1.4900000095367432,1.659000039100647,1.440000057220459,1.5399999618530273,1012100,0.0,0.0
2025-07-31 00:00:00-04:00,1.5,1.600000023841858,1.4800000190734863,1.4900000095367432,312200,0.0,0.0
2025-08-01 00:00:00-04:00,1.4500000476837158,1.5199999809265137,1.409999966621399,1.4500000476837158,250700,0.0,0.0
2025-08-04 00:00:00-04:00,1.5,1.659999966621399,1.4700000286102295,1.4800000190734863,819500,0.0,0.0
2025-08-05 00:00:00-04:00,1.4900000095367432,1.5299999713897705,1.340000033378601,1.3899999856948853,526300,0.0,0.0
2025-08-06 00:00:00-04:00,1.3980000019073486,1.399999976158142,1.309999942779541,1.350000023841858,329100,0.0,0.0
2025-08-07 00:00:00-04:00,1.3300000429153442,1.3899999856948853,1.3200000524520874,1.350000023841858,214100,0.0,0.0
2025-08-08 00:00:00-04:00,1.3700000047683716,1.4859999418258667,1.3539999723434448,1.4299999475479126,245300,0.0,0.0
2025-08-11 00:00:00-04:00,1.4900000095367432,1.5800000429153442,1.4299999475479126,1.4700000286102295,467800,0.0,0.0
2025-08-12 00:00:00-04:00,1.4700000286102295,1.6399999856948853,1.4700000286102295,1.5700000524520874,504100,0.0,0.0
2025-08-13 00:00:00-04:00,1.6200000047683716,1.7799999713897705,1.5,1.559999942779541,1040200,0.0,0.0
2025-08-14 00:00:00-04:00,1.590000033378601,1.840000033378601,1.5499999523162842,1.7799999713897705,949900,0.0,0.0
2025-08-15 00:00:00-04:00,1.9299999475479126,2.0999999046325684,1.7619999647140503,1.8200000524520874,2287100,0.0,0.0
2025-08-18 00:00:00-04:00,1.7300000190734863,1.75,1.2200000286102295,1.25,10584000,0.0,0.0
2025-08-19 00:00:00-04:00,1.2400000095367432,1.2400000095367432,1.0199999809265137,1.0499999523162842,2931200,0.0,0.0
2025-08-20 00:00:00-04:00,1.1200000047683716,1.149999976158142,1.0299999713897705,1.100000023841858,883700,0.0,0.0
2025-08-21 00:00:00-04:00,1.100000023841858,1.1200000047683716,1.0099999904632568,1.0299999713897705,944700,0.0,0.0
2025-08-22 00:00:00-04:00,1.0099999904632568,1.0499999523162842,0.9800000190734863,1.0499999523162842,904000,0.0,0.0
2025-08-25 00:00:00-04:00,1.0700000524520874,1.1200000047683716,1.0499999523162842,1.0800000429153442,636900,0.0,0.0
2025-08-26 00:00:00-04:00,1.0850000381469727,1.1100000143051147,1.065000057220459,1.0800000429153442,383300,0.0,0.0
2025-08-27 00:00:00-04:00,1.1299999952316284,1.1299999952316284,1.0750000476837158,1.090000033378601,438600,0.0,0.0
2025-08-28 00:00:00-04:00,1.100000023841858,1.100000023841858,1.0299999713897705,1.0399999618530273,302200,0.0,0.0
2025-08-29 00:00:00-04:00,1.0399999618530273,1.059999942779541,1.0199999809265137,1.0499999523162842,209000,0.0,0.0
2025-09-02 00:00:00-04:00,1.0399999618530273,1.065999984741211,1.0099999904632568,1.059999942779541,194500,0.0,0.0
2025-09-03 00:00:00-04:00,1.0700000524520874,1.0700000524520874,1.0199999809265137,1.059999942779541,218100,0.0,0.0
2025-09-04 00:00:00-04:00,1.0399999618530273,1.0700000524520874,1.0199999809265137,1.0700000524520874,276200,0.0,0.0
2025-09-05 00:00:00-04:00,1.059999942779541,1.0800000429153442,1.0499999523162842,1.059999942779541,185600,0.0,0.0
2025-09-08 00:00:00-04:00,1.0700000524520874,1.0759999752044678,1.0399999618530273,1.0399999618530273,255700,0.0,0.0
2025-09-09 00:00:00-04:00,1.0399999618530273,1.0499999523162842,1.0099999904632568,1.0299999713897705,184600,0.0,0.0
2025-09-10 00:00:00-04:00,1.0299999713897705,1.0399999618530273,1.0,1.0149999856948853,236900,0.0,0.0
2025-09-11 00:00:00-04:00,1.0299999713897705,1.0800000429153442,1.0299999713897705,1.0700000524520874,289400,0.0,0.0
2025-09-12 00:00:00-04:00,1.0499999523162842,1.0800000429153442,1.0499999523162842,1.0700000524520874,228700,0.0,0.0
2025-09-15 00:00:00-04:00,1.0700000524520874,1.0800000429153442,1.0499999523162842,1.065000057220459,144000,0.0,0.0
2025-09-16 00:00:00-04:00,1.0700000524520874,1.0800000429153442,1.0499999523162842,1.0800000429153442,129700,0.0,0.0
2025-09-17 00:00:00-04:00,1.0800000429153442,1.090000033378601,1.0299999713897705,1.0499999523162842,134900,0.0,0.0
2025-09-18 00:00:00-04:00,1.0499999523162842,1.0499999523162842,1.0099999904632568,1.0499999523162842,160400,0.0,0.0
2025-09-19 00:00:00-04:00,1.0499999523162842,1.059999942779541,1.0399999618530273,1.0449999570846558,70500,0.0,0.0
2025-09-22 00:00:00-04:00,1.0399999618530273,1.059999942779541,1.0199999809265137,1.0549999475479126,74900,0.0,0.0
2025-09-23 00:00:00-04:00,1.0499999523162842,1.0800000429153442,1.0499999523162842,1.0499999523162842,273400,0.0,0.0
2025-09-24 00:00:00-04:00,1.0499999523162842,1.059999942779541,1.0299999713897705,1.0449999570846558,88400,0.0,0.0
2025-09-25 00:00:00-04:00,1.0299999713897705,1.0549999475479126,1.0199999809265137,1.0299999713897705,140300,0.0,0.0
2025-09-26 00:00:00-04:00,1.0299999713897705,1.034999966621399,1.0099999904632568,1.0299999713897705,124300,0.0,0.0
2025-09-29 00:00:00-04:00,1.0199999809265137,1.0399999618530273,1.0099999904632568,1.0099999904632568,244300,0.0,0.0
2025-09-30 00:00:00-04:00,1.0299999713897705,1.0399999618530273,1.0199999809265137,1.0399999618530273,163400,0.0,0.0
2025-10-01 00:00:00-04:00,1.0199999809265137,1.0499999523162842,1.0199999809265137,1.0299999713897705,92400,0.0,0.0
2025-10-02 00:00:00-04:00,1.0299999713897705,1.0499999523162842,1.0099999904632568,1.0399999618530273,117600,0.0,0.0
2025-10-03 00:00:00-04:00,1.0399999618530273,1.059999942779541,1.0299999713897705,1.059999942779541,137700,0.0,0.0
2025-10-06 00:00:00-04:00,1.0700000524520874,1.149999976158142,1.0449999570846558,1.1449999809265137,466300,0.0,0.0
2025-10-07 00:00:00-04:00,1.149999976158142,1.149999976158142,1.1200000047683716,1.1299999952316284,234300,0.0,0.0
2025-10-08 00:00:00-04:00,1.1399999856948853,1.190000057220459,1.100000023841858,1.1699999570846558,304900,0.0,0.0
2025-10-09 00:00:00-04:00,1.1699999570846558,1.2100000381469727,1.159999966621399,1.1749999523162842,261200,0.0,0.0
2025-10-10 00:00:00-04:00,1.1699999570846558,1.2100000381469727,1.1299999952316284,1.149999976158142,129200,0.0,0.0
2025-10-13 00:00:00-04:00,1.100000023841858,1.1200000047683716,1.0700000524520874,1.100000023841858,281200,0.0,0.0
2025-10-14 00:00:00-04:00,1.100000023841858,1.1299999952316284,1.090000033378601,1.1100000143051147,98400,0.0,0.0
2025-10-15 00:00:00-04:00,1.1399999856948853,1.159999966621399,1.1299999952316284,1.159999966621399,223300,0.0,0.0
2025-10-16 00:00:00-04:00,1.149999976158142,1.149999976158142,1.090000033378601,1.0950000286102295,83300,0.0,0.0
2025-10-17 00:00:00-04:00,1.0700000524520874,1.100000023841858,1.059999942779541,1.059999942779541,84700,0.0,0.0
2025-10-20 00:00:00-04:00,1.0700000524520874,1.0720000267028809,1.0499999523162842,1.059999942779541,108000,0.0,0.0
2025-10-21 00:00:00-04:00,1.0399999618530273,1.0950000286102295,1.0299999713897705,1.0950000286102295,114400,0.0,0.0
2025-10-22 00:00:00-04:00,1.0800000429153442,1.100000023841858,1.0499999523162842,1.059999942779541,275200,0.0,0.0
2025-10-23 00:00:00-04:00,1.059999942779541,1.065000057220459,1.0399999618530273,1.0549999475479126,75100,0.0,0.0
2025-10-24 00:00:00-04:00,1.059999942779541,1.090000033378601,1.0499999523162842,1.065000057220459,125000,0.0,0.0
2025-10-27 00:00:00-04:00,1.100000023841858,1.100000023841858,1.059999942779541,1.0800000429153442,85800,0.0,0.0
2025-10-28 00:00:00-04:00,1.0800000429153442,1.1200000047683716,1.0800000429153442,1.0800000429153442,197100,0.0,0.0
2025-10-29 00:00:00-04:00,1.090000033378601,1.159999966621399,1.0299999713897705,1.0700000524520874,508900,0.0,0.0
2025-10-30 00:00:00-04:00,1.0700000524520874,1.0750000476837158,1.0399999618530273,1.0499999523162842,68800,0.0,0.0
2025-10-31 00:00:00-04:00,1.0499999523162842,1.069000005722046,1.0290000438690186,1.0499999523162842,66200,0.0,0.0
2025-11-03 00:00:00-05:00,1.059999942779541,1.0700000524520874,1.0399999618530273,1.0499999523162842,80200,0.0,0.0
2025-11-04 00:00:00-05:00,1.0299999713897705,1.0540000200271606,1.0299999713897705,1.0299999713897705,57800,0.0,0.0
2025-11-05 00:00:00-05:00,1.0199999809265137,1.0199999809265137,0.9800000190734863,1.0,177600,0.0,0.0
2025-11-06 00:00:00-05:00,1.0099999904632568,1.0099999904632568,0.9800000190734863,1.0099999904632568,117200,0.0,0.0
2025-11-07 00:00:00-05:00,1.0,1.0099999904632568,0.9810000061988831,1.0,89000,0.0,0.0
2025-11-10 00:00:00-05:00,1.0,1.0299999713897705,0.9940000176429749,1.0,107400,0.0,0.0
2025-11-11 00:00:00-05:00,1.0099999904632568,1.0399999618530273,1.003999948501587,1.0399999618530273,58600,0.0,0.0
2025-11-12 00:00:00-05:00,1.0199999809265137,1.0499999523162842,1.0099999904632568,1.0199999809265137,78800,0.0,0.0
2025-11-13 00:00:00-05:00,1.0199999809265137,1.0299999713897705,0.9700000286102295,0.9900000095367432,79200,0.0,0.0
2025-11-14 00:00:00-05:00,0.9700000286102295,1.0,0.9700000286102295,0.9909999966621399,104500,0.0,0.0
2025-11-17 00:00:00-05:00,0.9700000286102295,1.0,0.9700000286102295,0.9750000238418579,69100,0.0,0.0
2025-11-18 00:00:00-05:00,0.9710000157356262,1.0,0.9599999785423279,0.9779999852180481,130200,0.0,0.0
2025-11-19 00:00:00-05:00,0.9800000190734863,0.9900000095367432,0.9200000166893005,0.9390000104904175,177600,0.0,0.0
2025-11-20 00:00:00-05:00,0.9399999976158142,0.9670000076293945,0.9100000262260437,0.9129999876022339,134900,0.0,0.0
2025-11-21 00:00:00-05:00,0.9100000262260437,0.9409999847412109,0.8309999704360962,0.8970000147819519,220100,0.0,0.0
2025-11-24 00:00:00-05:00,1.5950000286102295,1.809999942779541,1.0,1.0199999809265137,208570500,0.0,0.0
2025-11-25 00:00:00-05:00,0.9900000095367432,1.0199999809265137,0.8970000147819519,0.9800000190734863,5438100,0.0,0.0
2025-11-26 00:00:00-05:00,1.0199999809265137,1.059999942779541,0.8799999952316284,0.8999999761581421,2989100,0.0,0.0
2025-11-28 00:00:00-05:00,0.9399999976158142,0.9800000190734863,0.8999999761581421,0.9700000286102295,1222100,0.0,0.0
2025-12-01 00:00:00-05:00,0.9599999785423279,0.9599999785423279,0.8930000066757202,0.9190000295639038,740700,0.0,0.0
2025-12-02 00:00:00-05:00,0.9480000138282776,0.9700000286102295,0.9100000262260437,0.9549999833106995,840600,0.0,0.0
2025-12-03 00:00:00-05:00,0.9599999785423279,1.1399999856948853,0.9570000171661377,1.090000033378601,2379700,0.0,0.0
2025-12-04 00:00:00-05:00,1.059999942779541,1.1799999475479126,1.059999942779541,1.159999966621399,940200,0.0,0.0
2025-12-05 00:00:00-05:00,1.2000000476837158,1.2450000047683716,1.1299999952316284,1.2100000381469727,1052600,0.0,0.0
2025-12-08 00:00:00-05:00,1.2200000286102295,1.2400000095367432,1.090000033378601,1.100000023841858,1473800,0.0,0.0
2025-12-09 00:00:00-05:00,1.1200000047683716,1.125,1.0099999904632568,1.0199999809265137,1108900,0.0,0.0
2025-12-10 00:00:00-05:00,1.0399999618530273,1.059999942779541,0.949999988079071,0.9599999785423279,666200,0.0,0.0
2025-12-11 00:00:00-05:00,1.0,1.0,0.9129999876022339,0.9589999914169312,989400,0.0,0.0
2025-12-12 00:00:00-05:00,0.9900000095367432,1.0,0.8999999761581421,0.9290000200271606,923500,0.0,0.0
2025-12-15 00:00:00-05:00,0.9580000042915344,0.9589999914169312,0.8500000238418579,0.8610000014305115,1127600,0.0,0.0
2025-12-16 00:00:00-05:00,0.8740000128746033,0.8759999871253967,0.7940000295639038,0.8460000157356262,1240500,0.0,0.0
2025-12-17 00:00:00-05:00,0.8790000081062317,0.8799999952316284,0.800000011920929,0.8339999914169312,816400,0.0,0.0
2025-12-18 00:00:00-05:00,0.8399999737739563,0.871999979019165,0.8320000171661377,0.8320000171661377,493000,0.0,0.0
2025-12-19 00:00:00-05:00,0.8299999833106995,0.8600000143051147,0.800000011920929,0.8349999785423279,574900,0.0,0.0
2025-12-22 00:00:00-05:00,0.8399999737739563,0.8510000109672546,0.8100000023841858,0.824999988079071,410700,0.0,0.0
2025-12-23 00:00:00-05:00,0.8199999928474426,0.8479999899864197,0.8109999895095825,0.8259999752044678,247900,0.0,0.0
2025-12-24 00:00:00-05:00,0.8220000267028809,0.8220000267028809,0.7400000095367432,0.7730000019073486,864200,0.0,0.0
2025-12-26 00:00:00-05:00,0.7900000214576721,0.7900000214576721,0.7300000190734863,0.7480000257492065,408500,0.0,0.0
2025-12-29 00:00:00-05:00,0.7400000095367432,0.7770000100135803,0.7360000014305115,0.7450000047683716,424300,0.0,0.0
2025-12-30 00:00:00-05:00,0.7200000286102295,0.7210000157356262,0.6669999957084656,0.671999990940094,575300,0.0,0.0
2025-12-31 00:00:00-05:00,0.6600000262260437,0.7200000286102295,0.6600000262260437,0.703000009059906,363100,0.0,0.0
2026-01-02 00:00:00-05:00,0.722000002861023,0.7699999809265137,0.703000009059906,0.7549999952316284,396700,0.0,0.0
2026-01-05 00:00:00-05:00,0.8130000233650208,0.8130000233650208,0.7549999952316284,0.781000018119812,292100,0.0,0.0
2026-01-06 00:00:00-05:00,0.800000011920929,0.8220000267028809,0.7599999904632568,0.8190000057220459,259900,0.0,0.0
2026-01-07 00:00:00-05:00,0.8500000238418579,0.8600000143051147,0.800000011920929,0.8220000267028809,361100,0.0,0.0
2026-01-08 00:00:00-05:00,0.8199999928474426,0.8600000143051147,0.8050000071525574,0.8379999995231628,180300,0.0,0.0
2026-01-09 00:00:00-05:00,0.8600000143051147,0.9399999976158142,0.8429999947547913,0.9020000100135803,465900,0.0,0.0
2026-01-12 00:00:00-05:00,0.9459999799728394,0.9750000238418579,0.8999999761581421,0.953000009059906,555700,0.0,0.0
2026-01-13 00:00:00-05:00,0.9309999942779541,0.9309999942779541,0.8539999723434448,0.8849999904632568,455700,0.0,0.0
2026-01-14 00:00:00-05:00,0.9409999847412109,0.9700000286102295,0.8949999809265137,0.9670000076293945,565800,0.0,0.0
2026-01-15 00:00:00-05:00,0.9509999752044678,1.0299999713897705,0.9169999957084656,0.9340000152587891,1116900,0.0,0.0
2026-01-16 00:00:00-05:00,0.9700000286102295,0.9860000014305115,0.9330000281333923,0.9399999976158142,383900,0.0,0.0
2026-01-20 00:00:00-05:00,0.9570000171661377,0.9900000095367432,0.9449999928474426,0.9800000190734863,382400,0.0,0.0
2026-01-21 00:00:00-05:00,0.9819999933242798,1.0199999809265137,0.9200000166893005,0.9810000061988831,616100,0.0,0.0
2026-01-22 00:00:00-05:00,0.9700000286102295,1.0800000429153442,0.9700000286102295,1.0499999523162842,603200,0.0,0.0
2026-01-23 00:00:00-05:00,1.090000033378601,1.1050000190734863,1.0499999523162842,1.0800000429153442,534800,0.0,0.0
2026-01-26 00:00:00-05:00,1.090000033378601,1.2000000476837158,1.0499999523162842,1.1699999570846558,675900,0.0,0.0
2026-01-27 00:00:00-05:00,1.1799999475479126,1.2599999904632568,1.1699999570846558,1.2000000476837158,536900,0.0,0.0
2026-01-28 00:00:00-05:00,1.1699999570846558,1.1799999475479126,1.1399999856948853,1.149999976158142,265900,0.0,0.0
2026-01-29 00:00:00-05:00,1.1399999856948853,1.1399999856948853,1.0149999856948853,1.0399999618530273,564800,0.0,0.0
2026-01-30 00:00:00-05:00,1.0,1.0399999618530273,0.9900000095367432,1.0099999904632568,356800,0.0,0.0
2026-02-02 00:00:00-05:00,1.0,1.0800000429153442,1.0,1.0399999618530273,250800,0.0,0.0
2026-02-03 00:00:00-05:00,1.0399999618530273,1.090000033378601,1.0190000534057617,1.090000033378601,263800,0.0,0.0
2026-02-04 00:00:00-05:00,1.090000033378601,1.100000023841858,1.0099999904632568,1.100000023841858,304000,0.0,0.0
2026-02-05 00:00:00-05:00,1.090000033378601,1.2599999904632568,1.059999942779541,1.159999966621399,1220300,0.0,0.0
2026-02-06 00:00:00-05:00,1.2000000476837158,1.2000000476837158,1.1390000581741333,1.159999966621399,314800,0.0,0.0
2026-02-09 00:00:00-05:00,1.190000057220459,1.2000000476837158,1.1299999952316284,1.149999976158142,363200,0.0,0.0
2026-02-10 00:00:00-05:00,1.159999966621399,1.190000057220459,1.100000023841858,1.149999976158142,310900,0.0,0.0
2026-02-11 00:00:00-05:00,1.149999976158142,1.1699999570846558,1.1299999952316284,1.1399999856948853,315400,0.0,0.0
2026-02-12 00:00:00-05:00,1.149999976158142,1.1549999713897705,1.100000023841858,1.100000023841858,265300,0.0,0.0
2026-02-13 00:00:00-05:00,1.1200000047683716,1.1399999856948853,1.0850000381469727,1.1100000143051147,108200,0.0,0.0
2026-02-17 00:00:00-05:00,1.090000033378601,1.1200000047683716,1.0800000429153442,1.100000023841858,131700,0.0,0.0
2026-02-18 00:00:00-05:00,1.059999942779541,1.1299999952316284,1.059999942779541,1.1200000047683716,154100,0.0,0.0
2026-02-19 00:00:00-05:00,1.0700000524520874,1.1100000143051147,1.0499999523162842,1.0499999523162842,151000,0.0,0.0
2026-02-20 00:00:00-05:00,1.0199999809265137,1.0399999618530273,1.0,1.0099999904632568,66700,0.0,0.0
2026-02-23 00:00:00-05:00,1.0199999809265137,1.0700000524520874,1.0,1.0399999618530273,448300,0.0,0.0
2026-02-24 00:00:00-05:00,1.0299999713897705,1.25,1.0299999713897705,1.149999976158142,858000,0.0,0.0
2026-02-25 00:00:00-05:00,1.1699999570846558,1.1699999570846558,1.0850000381469727,1.100000023841858,235900,0.0,0.0
2026-02-26 00:00:00-05:00,1.0800000429153442,1.159999966621399,1.059999942779541,1.149999976158142,153300,0.0,0.0
2026-02-27 00:00:00-05:00,1.1299999952316284,1.159999966621399,1.1100000143051147,1.149999976158142,161800,0.0,0.0
2026-03-02 00:00:00-05:00,1.090000033378601,1.1799999475479126,1.090000033378601,1.159999966621399,341200,0.0,0.0
2026-03-03 00:00:00-05:00,1.1200000047683716,1.159999966621399,1.1200000047683716,1.1299999952316284,199000,0.0,0.0
2026-03-04 00:00:00-05:00,1.1299999952316284,1.2000000476837158,1.1299999952316284,1.2000000476837158,180500,0.0,0.0
2026-03-05 00:00:00-05:00,1.1699999570846558,1.1799999475479126,1.1200000047683716,1.1200000047683716,106400,0.0,0.0
2026-03-06 00:00:00-05:00,1.1100000143051147,1.1749999523162842,1.100000023841858,1.1399999856948853,195200,0.0,0.0
2026-03-09 00:00:00-04:00,1.1200000047683716,1.1699999570846558,1.1200000047683716,1.159999966621399,98300,0.0,0.0
2026-03-10 00:00:00-04:00,1.1699999570846558,1.1699999570846558,1.1200000047683716,1.159999966621399,124300,0.0,0.0
2026-03-11 00:00:00-04:00,1.1399999856948853,1.1549999713897705,1.1100000143051147,1.1200000047683716,109700,0.0,0.0
2026-03-12 00:00:00-04:00,1.1200000047683716,1.1380000114440918,1.059999942779541,1.0700000524520874,222500,0.0,0.0
2026-03-13 00:00:00-04:00,1.0499999523162842,1.0989999771118164,1.0299999713897705,1.0399999618530273,105800,0.0,0.0
2026-03-16 00:00:00-04:00,1.0399999618530273,1.090000033378601,1.0399999618530273,1.0800000429153442,119500,0.0,0.0
2026-03-17 00:00:00-04:00,1.090000033378601,1.1399999856948853,1.0800000429153442,1.100000023841858,153900,0.0,0.0
2026-03-18 00:00:00-04:00,1.100000023841858,1.1100000143051147,1.0700000524520874,1.090000033378601,246700,0.0,0.0
2026-03-19 00:00:00-04:00,1.0800000429153442,1.090000033378601,1.059999942779541,1.0800000429153442,88500,0.0,0.0
2026-03-20 00:00:00-04:00,1.1100000143051147,1.1100000143051147,1.0149999856948853,1.0199999809265137,240200,0.0,0.0
2026-03-23 00:00:00-04:00,1.0700000524520874,1.1150000095367432,1.059999942779541,1.1100000143051147,277200,0.0,0.0
2026-03-24 00:00:00-04:00,1.090000033378601,1.1299999952316284,1.0499999523162842,1.100000023841858,298200,0.0,0.0
2026-03-25 00:00:00-04:00,1.3049999475479126,1.3200000524520874,1.0499999523162842,1.2000000476837158,12601400,0.0,0.0
2026-03-26 00:00:00-04:00,1.1699999570846558,1.1699999570846558,1.0800000429153442,1.090000033378601,780700,0.0,0.0
2026-03-27 00:00:00-04:00,1.090000033378601,1.090000033378601,1.0499999523162842,1.0499999523162842,230900,0.0,0.0
2026-03-30 00:00:00-04:00,1.0099999904632568,1.0199999809265137,0.8740000128746033,0.8999999761581421,379300,0.0,0.0
2026-03-31 00:00:00-04:00,0.9200000166893005,0.9580000042915344,0.8920000195503235,0.9300000071525574,337300,0.0,0.0
2026-04-01 00:00:00-04:00,0.9700000286102295,1.059999942779541,0.9399999976158142,0.9620000123977661,482000,0.0,0.0
2026-04-02 00:00:00-04:00,0.9549999833106995,0.9950000047683716,0.8999999761581421,0.9520000219345093,307500,0.0,0.0
2026-04-06 00:00:00-04:00,0.9380000233650208,0.9380000233650208,0.8529999852180481,0.8740000128746033,329000,0.0,0.0
2026-04-07 00:00:00-04:00,0.9020000100135803,0.9200000166893005,0.8330000042915344,0.8330000042915344,182000,0.0,0.0
2026-04-08 00:00:00-04:00,0.8610000014305115,1.0099999904632568,0.8600000143051147,0.9330000281333923,1491900,0.0,0.0
2026-04-09 00:00:00-04:00,0.9369999766349792,0.949999988079071,0.8999999761581421,0.949999988079071,235300,0.0,0.0
2026-04-10 00:00:00-04:00,0.9309999942779541,0.9750000238418579,0.9300000071525574,0.9620000123977661,177100,0.0,0.0
2026-04-13 00:00:00-04:00,0.875,0.9139999747276306,0.7409999966621399,0.8379999995231628,1831800,0.0,0.0
2026-04-14 00:00:00-04:00,0.8199999928474426,0.8550000190734863,0.7820000052452087,0.8159999847412109,734800,0.0,0.0
2026-04-15 00:00:00-04:00,0.800000011920929,0.8299999833106995,0.7829999923706055,0.8199999928474426,345800,0.0,0.0
2026-04-16 00:00:00-04:00,0.8199999928474426,0.8980000019073486,0.800000011920929,0.8889999985694885,1802900,0.0,0.0
2026-04-17 00:00:00-04:00,0.8759999871253967,0.8999999761581421,0.847000002861023,0.8600000143051147,407900,0.0,0.0
2026-04-20 00:00:00-04:00,0.8550000190734863,0.8889999985694885,0.8420000076293945,0.8759999871253967,392900,0.0,0.0
2026-04-21 00:00:00-04:00,0.9399999976158142,0.9760000109672546,0.8619999885559082,0.8790000081062317,474700,0.0,0.0
2026-04-22 00:00:00-04:00,0.8870000243186951,0.8999999761581421,0.8650000095367432,0.8889999985694885,389900,0.0,0.0
2026-04-23 00:00:00-04:00,0.8999999761581421,0.9240000247955322,0.8799999952316284,0.9070000052452087,497700,0.0,0.0
2026-04-24 00:00:00-04:00,0.9039999842643738,0.9259999990463257,0.878000020980835,0.8889999985694885,256800,0.0,0.0
2026-04-27 00:00:00-04:00,0.8799999952316284,0.9100000262260437,0.8500000238418579,0.8820000290870667,277400,0.0,0.0
2026-04-28 00:00:00-04:00,0.8700000047683716,0.8999999761581421,0.8259999752044678,0.8259999752044678,313700,0.0,0.0
2026-04-29 00:00:00-04:00,0.8560000061988831,0.8560000061988831,0.7699999809265137,0.8019999861717224,374600,0.0,0.0
2026-04-30 00:00:00-04:00,0.8100000023841858,0.8299999833106995,0.7950000166893005,0.8199999928474426,205200,0.0,0.0
2026-05-01 00:00:00-04:00,0.8399999737739563,0.8650000095367432,0.800000011920929,0.8159999847412109,283800,0.0,0.0
2026-05-04 00:00:00-04:00,0.8799999952316284,0.8985999822616577,0.8003000020980835,0.8521999716758728,294602,0.0,0.0
