Date,Open,High,Low,Close,Volume,Dividends,Stock Splits
2022-01-03 00:00:00-05:00,113.29892780973402,113.78169243103451,106.35918206228338,107.1135025024414,6170,0.0,0.0
2022-01-04 00:00:00-05:00,106.66090160990022,110.43250366838348,106.66090160990022,107.71695709228516,5645,0.0,0.0
2022-01-05 00:00:00-05:00,106.51004711745539,108.92387029804598,99.2685775756836,99.2685775756836,6445,0.0,0.0
2022-01-06 00:00:00-05:00,99.26857016187138,107.11349779040142,98.21251468609726,104.24707794189453,3845,0.0,0.0
2022-01-07 00:00:00-05:00,104.85053718689286,104.85053718689286,99.57029430697739,102.43671417236328,2640,0.0,0.0
2022-01-10 00:00:00-05:00,100.62634575187515,101.38066621931054,96.40215804024706,98.06166076660156,5765,0.0,0.0
2022-01-11 00:00:00-05:00,97.6090544259932,100.40004909313254,95.94955186040748,97.9107894897461,1885,0.0,0.0
2022-01-12 00:00:00-05:00,98.0616697807449,104.54883100101674,98.0616697807449,99.11771392822266,2650,0.0,0.0
2022-01-13 00:00:00-05:00,98.36340062196732,102.61776830170841,91.12192984263075,93.23402404785156,4965,0.0,0.0
2022-01-14 00:00:00-05:00,91.72536936829977,93.6111705714104,89.462407924567,89.7641372680664,4800,0.0,0.0
2022-01-18 00:00:00-05:00,89.76413070178424,94.13919147496688,88.67790744664744,92.02709197998047,5295,0.0,0.0
2022-01-19 00:00:00-05:00,92.02708867390952,93.23400016125429,90.21671856538839,90.51844787597656,2040,0.0,0.0
2022-01-20 00:00:00-05:00,91.27278264717546,94.13920291661096,87.50118005844921,88.70809173583984,10575,0.0,0.0
2022-01-21 00:00:00-05:00,86.11322890124832,91.87623691755375,85.69080551834571,89.7641372680664,6070,0.0,0.0
2022-01-24 00:00:00-05:00,87.04858235246432,92.9322784953987,73.01822292853355,90.9710464477539,15685,0.0,0.0
2022-01-25 00:00:00-05:00,95.34608767473813,95.34608767473813,88.02917726540275,89.91497802734375,8700,0.0,0.0
2022-01-26 00:00:00-05:00,91.12192129658045,94.13920338249359,86.97315842844988,87.80290985107422,5880,0.0,0.0
2022-01-27 00:00:00-05:00,88.40636303740766,89.91500408415529,87.19945135101132,87.3503189086914,2280,0.0,0.0
2022-01-28 00:00:00-05:00,87.50117379176683,87.89341790069862,84.18216260038778,85.69080352783203,3695,0.0,0.0
2022-01-31 00:00:00-05:00,87.04858360489898,90.06586549238243,82.97525190579464,87.95376586914062,9925,0.0,0.0
2022-02-01 00:00:00-05:00,86.44512599958998,91.12191643630949,85.08735258635545,89.7641372680664,11150,0.0,0.0
2022-02-02 00:00:00-05:00,89.76412883415279,90.66931102459482,86.14338856236863,86.59598541259766,4230,0.0,0.0
2022-02-03 00:00:00-05:00,84.6347575585651,87.0485866047416,81.01402262181337,81.46661376953125,5855,0.0,0.0
2022-02-04 00:00:00-05:00,80.71228152614867,88.85894401957616,75.43203880948474,76.7898178100586,17670,0.0,0.0
2022-02-07 00:00:00-05:00,76.18636985921782,82.07007201173514,75.88464051075384,78.29846954345703,41970,0.0,0.0
2022-02-08 00:00:00-05:00,77.69499536998337,82.82437600709208,77.39326608162273,79.6562271118164,9770,0.0,0.0
2022-02-09 00:00:00-05:00,79.35451117607465,81.31574900292367,79.02261408253788,79.50537872314453,8355,0.0,0.0
2022-02-10 00:00:00-05:00,77.54414646819406,82.52266040957426,77.54414646819406,79.95796966552734,10320,0.0,0.0
2022-02-11 00:00:00-05:00,79.50538097755285,84.18216572417005,78.44933113815291,78.75106048583984,7595,0.0,0.0
2022-02-14 00:00:00-05:00,78.14758428078314,82.67350621698687,76.33721435530016,80.8631362915039,9345,0.0,0.0
2022-02-15 00:00:00-05:00,81.61747026903899,86.44512229300435,81.61747026903899,85.08734893798828,6995,0.0,0.0
2022-02-16 00:00:00-05:00,84.182173788225,84.182173788225,81.76835028551966,82.3718032836914,5015,0.0,0.0
2022-02-17 00:00:00-05:00,81.31574900292367,82.0700694732476,79.05278759195186,79.50537872314453,5305,0.0,0.0
2022-02-18 00:00:00-05:00,78.75106233342225,80.4105651521211,77.24242131460194,78.90192413330078,6245,0.0,0.0
2022-02-22 00:00:00-05:00,78.14759834093923,84.48389134263883,76.94068675847464,82.52265930175781,4490,0.0,0.0
2022-02-23 00:00:00-05:00,82.52266060444028,84.33303088421941,78.29846712162792,79.50537872314453,6320,0.0,0.0
2022-02-24 00:00:00-05:00,76.63895322957875,81.16487573236891,76.18636213030133,79.20364379882812,8485,0.0,0.0
2022-02-25 00:00:00-05:00,77.69500594433364,83.72956951282558,75.43204460614916,81.16487884521484,10155,0.0,0.0
2022-02-28 00:00:00-05:00,80.41055193121457,82.6735130873745,77.54413791975003,77.69499969482422,5745,0.0,0.0
2022-03-01 00:00:00-05:00,76.94067372313789,79.20363471499489,73.9233924006619,77.39326477050781,4705,0.0,0.0
2022-03-02 00:00:00-05:00,77.09155569632273,78.22303648886177,74.37600294523082,74.97946166992188,4740,0.0,0.0
2022-03-03 00:00:00-05:00,78.29845830513666,83.72956277791737,76.78981753436338,77.69499969482422,13610,0.0,0.0
2022-03-04 00:00:00-05:00,78.44932484447273,84.63475007828366,74.52686090425237,75.28118133544922,12680,0.0,0.0
2022-03-07 00:00:00-05:00,74.828570289143,75.43202882171958,70.15178680419922,70.15178680419922,8515,0.0,0.0
2022-03-08 00:00:00-05:00,70.15180701948452,72.86735968859185,65.92761333920548,67.73798370361328,9205,0.0,0.0
2022-03-09 00:00:00-05:00,69.54833797297348,74.45142053032001,68.64315580285114,69.39747619628906,13700,0.0,0.0
2022-03-10 00:00:00-05:00,72.2638952760875,76.18635898102839,65.4750118025305,71.50957489013672,22445,0.0,0.0
2022-03-11 00:00:00-05:00,68.19055843172755,74.63245468845012,64.11722753165617,64.2680892944336,12640,0.0,0.0
2022-03-14 00:00:00-04:00,65.32413889889763,68.34142019450498,63.815498251093956,64.2680892944336,9260,0.0,0.0
2022-03-15 00:00:00-04:00,63.362913755583556,66.80261294642698,60.84348637580107,61.55254364013672,7725,0.0,0.0
2022-03-16 00:00:00-04:00,62.306860996144465,70.60438501089757,62.306860996144465,65.32414245605469,11320,0.0,0.0
2022-03-17 00:00:00-04:00,66.22934125112235,68.94489386113234,63.36292109027322,66.83279418945312,10290,0.0,0.0
2022-03-18 00:00:00-04:00,65.62588255778297,69.39748500363257,64.41897092611282,66.83279418945312,9855,0.0,0.0
2022-03-21 00:00:00-04:00,75.13032325085369,80.41056693371502,69.39748840332031,75.43205261230469,25675,0.0,0.0
2022-03-22 00:00:00-04:00,78.14759485059831,79.50537391710813,75.88463357642071,77.09154510498047,14005,0.0,0.0
2022-03-23 00:00:00-04:00,77.09154647095532,82.2209277519813,77.09154647095532,78.44932556152344,9705,0.0,0.0
2022-03-24 00:00:00-04:00,79.65623981805501,88.08954283266874,78.60019001784235,85.69080352783203,12685,0.0,0.0
2022-03-25 00:00:00-04:00,85.69079574499425,86.44511614020547,79.95796189239047,80.41055297851562,9510,0.0,0.0
2022-03-28 00:00:00-04:00,79.20364267685835,82.22092430264343,76.78981967823347,76.94068145751953,11250,0.0,0.0
2022-03-29 00:00:00-04:00,76.94069389265442,81.01402589679672,74.0742735828853,74.97946166992188,11415,0.0,0.0
2022-03-30 00:00:00-04:00,74.67771883228535,78.90191187785749,74.07426021648595,75.58290100097656,16250,0.0,0.0
2022-03-31 00:00:00-04:00,76.03549120596205,78.29845218524655,71.20783996582031,71.20783996582031,11085,0.0,0.0
2022-04-01 00:00:00-04:00,71.66044656845625,76.71439155075444,70.3026673841031,70.75526428222656,7845,0.0,0.0
2022-04-04 00:00:00-04:00,71.35870850467559,75.43203980515557,71.35870850467559,73.77253723144531,9395,0.0,0.0
2022-04-05 00:00:00-04:00,73.92340996924867,73.92340996924867,70.30266921977176,70.9061279296875,9130,0.0,0.0
2022-04-06 00:00:00-04:00,70.15179853972674,70.30266032060466,63.362914810075765,63.966373443603516,20910,0.0,0.0
2022-04-07 00:00:00-04:00,64.87155563888709,65.62587605329276,62.00513576214235,63.966373443603516,9375,0.0,0.0
2022-04-08 00:00:00-04:00,63.21206108127297,66.07847556813911,62.30687301567673,62.91033172607422,6565,0.0,0.0
2022-04-11 00:00:00-04:00,63.36291543370199,64.87155627736156,61.85427459004242,62.30686569213867,6660,0.0,0.0
2022-04-12 00:00:00-04:00,62.00513938840779,62.699118584053316,58.836995764623715,59.59131622314453,11535,0.0,0.0
2022-04-13 00:00:00-04:00,60.496486518767746,62.00512713773958,58.836984139901624,61.099945068359375,8570,0.0,0.0
2022-04-14 00:00:00-04:00,61.552541969513626,62.15600057661984,59.51587924179382,60.798221588134766,7430,0.0,0.0
2022-04-18 00:00:00-04:00,60.34563064575195,61.55254210766543,56.12143765155088,60.34563064575195,9575,0.0,0.0
2022-04-19 00:00:00-04:00,60.19477081298828,62.91032312864767,59.470618157471655,60.19477081298828,5475,0.0,0.0
2022-04-20 00:00:00-04:00,60.94910438631031,60.94910438631031,57.02663396748306,57.479225158691406,5780,0.0,0.0
2022-04-21 00:00:00-04:00,58.082670106662675,60.647360587049356,57.44904374063013,58.3843994140625,12840,0.0,0.0
2022-04-22 00:00:00-04:00,58.53525742519926,58.98784847968385,57.32834602823786,58.23352813720703,5950,0.0,0.0
2022-04-25 00:00:00-04:00,57.1774872105209,61.250812665960524,57.1774872105209,60.798221588134766,8660,0.0,0.0
2022-04-26 00:00:00-04:00,60.04391077267692,62.75946342726868,57.63008746970839,60.49650192260742,9575,0.0,0.0
2022-04-27 00:00:00-04:00,59.440448488068796,61.115034904281856,59.138719183838475,60.34563064575195,7115,0.0,0.0
2022-04-28 00:00:00-04:00,60.34563051030901,69.24661331258271,58.836989747551286,60.798221588134766,40640,0.0,0.0
2022-04-29 00:00:00-04:00,59.89304668526772,60.043908477809076,55.81971498155776,57.02662658691406,17525,0.0,0.0
2022-05-02 00:00:00-04:00,57.32836570449041,57.32836570449041,53.707624515887225,56.72490692138672,8605,0.0,0.0
2022-05-03 00:00:00-04:00,56.121448294556465,57.17749818213051,53.85848671618733,56.574039459228516,8420,0.0,0.0
2022-05-04 00:00:00-04:00,56.724899201402074,56.87576675415039,53.70761720654008,56.87576675415039,14425,0.0,0.0
2022-05-05 00:00:00-04:00,55.06539535522461,55.367124699953585,53.10416324699915,55.06539535522461,16005,0.0,0.0
2022-05-06 00:00:00-04:00,55.367122471159114,57.328354500435495,54.311072684623106,55.8197135925293,12605,0.0,0.0
2022-05-09 00:00:00-04:00,52.500699410822214,52.500699410822214,42.39280763835279,43.29799270629883,22830,0.0,0.0
2022-05-10 00:00:00-04:00,44.05232135196835,44.95750371162841,37.64059666518384,38.92293930053711,12830,0.0,0.0
2022-05-11 00:00:00-04:00,39.2246686854065,40.129853922878326,36.20738647883677,37.112571716308594,10580,0.0,0.0
2022-05-12 00:00:00-04:00,36.20737685867936,42.543668959949756,34.39700686474388,38.31947326660156,16315,0.0,0.0
2022-05-13 00:00:00-04:00,38.47034779118115,40.68804915735937,37.112571385816835,39.526397705078125,9410,0.0,0.0
2022-05-16 00:00:00-04:00,39.97897710313305,41.33675310849343,38.0177454151129,40.43156814575195,14435,0.0,0.0
2022-05-17 00:00:00-04:00,40.733308883975035,45.410096775784176,39.37553249667676,42.39281463623047,17360,0.0,0.0
2022-05-18 00:00:00-04:00,41.78935634562743,41.94021814179953,37.26343340036111,37.4142951965332,13115,0.0,0.0
2022-05-19 00:00:00-04:00,37.56515817139192,42.09108091198141,37.56515817139192,41.48762512207031,7080,0.0,0.0
2022-05-20 00:00:00-04:00,41.78935402009357,42.90574793916592,40.88416890591205,42.54367446899414,6210,0.0,0.0
2022-05-23 00:00:00-04:00,44.20317459106445,45.41008896581438,42.392807345195536,44.20317459106445,5540,0.0,0.0
2022-05-24 00:00:00-04:00,42.69454276978884,43.147136834674534,40.582445766169364,41.1859016418457,5580,0.0,0.0
2022-05-25 00:00:00-04:00,40.73330407393606,44.80663563233133,40.73330407393606,42.99626541137695,1980,0.0,0.0
2022-05-26 00:00:00-04:00,42.99626951147935,45.18380016394235,41.94021963563423,44.35404586791992,4385,0.0,0.0
2022-05-27 00:00:00-04:00,44.3540468603807,49.33256411540071,44.3540468603807,47.97478485107422,5825,0.0,0.0
2022-05-31 00:00:00-04:00,47.823913437759984,50.08687458697568,46.918728402572924,48.27650451660156,3865,0.0,0.0
2022-06-01 00:00:00-04:00,48.1256398644864,49.78514528274536,46.33035654707419,48.27650451660156,3985,0.0,0.0
2022-06-02 00:00:00-04:00,48.42737907554984,49.785158425522354,46.01355551449794,47.67306137084961,3705,0.0,0.0
2022-06-03 00:00:00-04:00,46.31527652395859,47.22045875693163,41.03503340326317,42.99626541137695,7060,0.0,0.0
2022-06-06 00:00:00-04:00,42.54366909179225,42.69453086050124,37.71601767800597,37.86688232421875,12545,0.0,0.0
2022-06-07 00:00:00-04:00,37.86688818310423,37.86688818310423,36.207382573007216,37.56515884399414,5790,0.0,0.0
2022-06-08 00:00:00-04:00,37.71602444105391,44.20317949391346,35.9056541168816,41.78935623168945,21415,0.0,0.0
2022-06-09 00:00:00-04:00,43.90145131875622,46.61700382197653,41.66866344921915,45.71181869506836,13775,0.0,0.0
2022-06-10 00:00:00-04:00,47.52219132644566,47.52219132644566,42.39281252067937,46.91873550415039,9620,0.0,0.0
2022-06-13 00:00:00-04:00,45.259224949192124,47.29589064740657,41.78935218742234,45.108360290527344,4465,0.0,0.0
2022-06-14 00:00:00-04:00,44.95749541874164,62.15600311990837,43.85618830746634,48.4273681640625,25285,0.0,0.0
2022-06-15 00:00:00-04:00,49.63429859171708,55.81972531061977,49.22696477047087,55.36713409423828,9010,0.0,0.0
2022-06-16 00:00:00-04:00,54.311067615771805,56.57402876642897,52.80242684866703,54.16020584106445,8095,0.0,0.0
2022-06-17 00:00:00-04:00,55.06539137602663,61.099954814495305,53.10415940952595,55.517982482910156,10280,0.0,0.0
2022-06-21 00:00:00-04:00,57.17749209467652,59.59131521927683,54.763663215067936,57.32835388183594,7015,0.0,0.0
2022-06-22 00:00:00-04:00,57.3283511267768,60.72279296980964,53.55674907896254,54.31106948852539,8585,0.0,0.0
2022-06-23 00:00:00-04:00,54.46193999386025,59.44046009859733,52.953298933033,55.9705810546875,7145,0.0,0.0
2022-06-24 00:00:00-04:00,56.574029188889725,62.75945407820519,54.91452663468543,58.83699035644531,78990,0.0,0.0
2022-06-27 00:00:00-04:00,58.6861339749229,62.9103273916378,56.875763723471266,59.59131622314453,4210,0.0,0.0
2022-06-28 00:00:00-04:00,59.28958320835527,60.34563293573218,50.84119689935597,53.85847854614258,4110,0.0,0.0
2022-06-29 00:00:00-04:00,52.95330096045812,53.70762151975245,50.841206847439494,52.048118591308594,3845,0.0,0.0
2022-06-30 00:00:00-04:00,51.89724647992746,54.612798803352135,49.438160333350325,54.31106948852539,3870,0.0,0.0
2022-07-01 00:00:00-04:00,54.0093410421875,55.97057298758661,49.48341851203199,51.897247314453125,2630,0.0,0.0
2022-07-05 00:00:00-04:00,50.841198120100195,55.517982482910156,49.860579259345776,55.517982482910156,4885,0.0,0.0
2022-07-06 00:00:00-04:00,54.311079182375636,55.51799090209329,50.388614654541016,50.388614654541016,4410,0.0,0.0
2022-07-07 00:00:00-04:00,50.237733209669486,53.556743837952546,50.086871444523304,52.65156173706055,2775,0.0,0.0
2022-07-08 00:00:00-04:00,51.89725574294034,53.707620445012296,49.03083537297801,50.388614654541016,1580,0.0,0.0
2022-07-11 00:00:00-04:00,49.181693044787394,49.181693044787394,44.9574995034267,47.06959915161133,3085,0.0,0.0
2022-07-12 00:00:00-04:00,47.67305509441889,47.97478156107403,44.05231735202724,44.6557731628418,2990,0.0,0.0
2022-07-13 00:00:00-04:00,43.750591008182525,51.59552571927222,43.750591008182525,47.97478485107422,4940,0.0,0.0
2022-07-14 00:00:00-04:00,47.97478057788953,51.59552112358282,46.903646895333296,49.03083038330078,4600,0.0,0.0
2022-07-15 00:00:00-04:00,49.634283032741884,54.61279636233115,46.46613400117944,49.7851448059082,11425,0.0,0.0
2022-07-18 00:00:00-04:00,50.84119835123249,53.028728758623885,46.617002198598094,47.37132263183594,4580,0.0,0.0
2022-07-19 00:00:00-04:00,47.37132401037154,49.33255892036558,45.41009197788168,46.315277099609375,5660,0.0,0.0
2022-07-20 00:00:00-04:00,47.06960121321824,48.42737468508459,44.354045636972344,46.76787185668945,4490,0.0,0.0
2022-07-21 00:00:00-04:00,46.76787210020561,47.82392197605073,42.2419489937341,44.35404586791992,4490,0.0,0.0
2022-07-22 00:00:00-04:00,44.866980423076626,44.866980423076626,39.67725487483284,41.48762512207031,6825,0.0,0.0
2022-07-25 00:00:00-04:00,41.03503008987214,42.27211506071688,40.129845052484505,41.94021224975586,11055,0.0,0.0
2022-07-26 00:00:00-04:00,41.03503463972516,41.03503463972516,37.71602342713554,39.97898483276367,4275,0.0,0.0
2022-07-27 00:00:00-04:00,40.733305669816644,42.09108194997635,37.86688843892299,41.336761474609375,46745,0.0,0.0
2022-07-28 00:00:00-04:00,41.54796778117674,41.98547210390133,39.224659636868076,40.129844665527344,5870,0.0,0.0
2022-07-29 00:00:00-04:00,40.28071295744954,43.29799474070406,38.92293385298169,42.99626541137695,6155,0.0,0.0
2022-08-01 00:00:00-04:00,46.01354433695476,46.01354433695476,43.901447795349426,45.25922393798828,11565,0.0,0.0
2022-08-02 00:00:00-04:00,45.71182222436049,45.71182222436049,43.147134190529286,44.35404586791992,10125,0.0,0.0
2022-08-03 00:00:00-04:00,43.90145447968356,47.44676147012703,43.90145447968356,46.76787185668945,8550,0.0,0.0
2022-08-04 00:00:00-04:00,47.5221889488847,49.513594501580144,42.845401524446,45.71181869506836,13475,0.0,0.0
2022-08-05 00:00:00-04:00,45.410088593282374,47.82391444547587,44.80663284960999,45.25922393798828,5450,0.0,0.0
2022-08-08 00:00:00-04:00,44.05231110047184,51.14292378443607,43.14712607395455,49.7851448059082,17195,0.0,0.0
2022-08-09 00:00:00-04:00,49.93601872328082,54.31108026919157,49.332565728850845,52.048118591308594,11735,0.0,0.0
2022-08-10 00:00:00-04:00,52.048103166460926,53.40588207280636,48.578230773031684,52.65156173706055,10470,0.0,0.0
2022-08-11 00:00:00-04:00,52.802431206954154,59.28958588994972,52.802431206954154,57.32835388183594,11570,0.0,0.0
2022-08-12 00:00:00-04:00,57.177499472105744,59.28959353989566,56.42317892896456,57.78095245361328,7715,0.0,0.0
2022-08-15 00:00:00-04:00,57.78094205628484,60.49649437194422,57.78094205628484,60.19477081298828,4850,0.0,0.0
2022-08-16 00:00:00-04:00,60.798223238284535,61.85427295187918,58.08267094261826,61.55254364013672,4050,0.0,0.0
2022-08-17 00:00:00-04:00,56.57403566984654,56.57403566984654,51.89725102314262,52.198974609375,17335,0.0,0.0
2022-08-18 00:00:00-04:00,51.44464991211953,52.802428958777014,49.9360090847259,50.76576614379883,7055,0.0,0.0
2022-08-19 00:00:00-04:00,50.38860972073642,52.198974245546395,48.27651010178015,48.57823944091797,7670,0.0,0.0
2022-08-22 00:00:00-04:00,48.578241709174975,49.18169466061909,46.76787134482515,47.82392120361328,5680,0.0,0.0
2022-08-23 00:00:00-04:00,47.97476990213371,49.634278014208725,46.01353827423339,46.466129302978516,5225,0.0,0.0
2022-08-24 00:00:00-04:00,46.466147329980096,49.48342969887503,46.164420819593424,46.61701202392578,8405,0.0,0.0
2022-08-25 00:00:00-04:00,47.37132769224263,47.82392172703582,44.806639671765524,46.76787185668945,6580,0.0,0.0
2022-08-26 00:00:00-04:00,46.61700382197653,46.81312875285047,45.41009223776844,45.71181869506836,2590,0.0,0.0
2022-08-29 00:00:00-04:00,45.25922951453936,47.37132631638367,45.108364840656705,45.56095886230469,4975,0.0,0.0
2022-08-30 00:00:00-04:00,45.71182222436049,45.71182222436049,44.052319387324474,44.35404586791992,3445,0.0,0.0
2022-08-31 00:00:00-04:00,44.36912375053889,44.36912375053889,41.78934947696127,42.0910758972168,3695,0.0,0.0
2022-09-01 00:00:00-04:00,41.0350334167468,41.97038915846073,39.677254311832804,40.58243942260742,5310,0.0,0.0
2022-09-02 00:00:00-04:00,40.733305669816644,42.09108194997635,40.129849865023914,41.336761474609375,4780,0.0,0.0
2022-09-06 00:00:00-04:00,41.03503829549828,41.03503829549828,38.0177561525206,38.621212005615234,9115,0.0,0.0
2022-09-07 00:00:00-04:00,39.828116884862254,39.97898154165231,37.56515566552345,38.470340728759766,14285,0.0,0.0
2022-09-08 00:00:00-04:00,38.017755667603346,39.82812320379599,37.41429694470135,37.716026306152344,21485,0.0,0.0
2022-09-09 00:00:00-04:00,37.56515252571452,40.280707488449195,37.56515252571452,39.8281135559082,16425,0.0,0.0
2022-09-12 00:00:00-04:00,41.940214041520704,42.39280801830214,40.12984676690706,42.241943359375,11730,0.0,0.0
2022-09-13 00:00:00-04:00,40.884166604888634,40.91434011174744,38.0177496358936,38.470340728759766,12170,0.0,0.0
2022-09-14 00:00:00-04:00,38.017755667603346,38.31948215154989,37.565161625426846,37.716026306152344,12450,0.0,0.0
2022-09-15 00:00:00-04:00,37.5651523206797,39.37552228595495,36.886265741829284,36.96169662475586,9475,0.0,0.0
2022-09-16 00:00:00-04:00,36.20738202027943,37.56515827053907,34.69874110276779,36.65997314453125,17940,0.0,0.0
2022-09-19 00:00:00-04:00,36.358246687531434,37.26343181353926,36.05651735302743,36.65997314453125,4130,0.0,0.0
2022-09-20 00:00:00-04:00,36.509104950124694,37.70092956957928,34.698735015695625,35.603919982910156,7055,0.0,0.0
2022-09-21 00:00:00-04:00,35.60392314577083,37.18799482098889,33.9444177047066,34.69873809814453,13385,0.0,0.0
2022-09-22 00:00:00-04:00,34.69874012926135,35.000469455300056,33.64269036563002,34.397010803222656,5005,0.0,0.0
2022-09-23 00:00:00-04:00,34.246153521072344,35.377634326250885,33.79355947249823,34.849609375,3395,0.0,0.0
2022-09-26 00:00:00-04:00,34.397016596078366,36.35825179061639,33.944425408302834,34.24615478515625,3705,0.0,0.0
2022-09-27 00:00:00-04:00,34.397016596078366,34.84961066135849,33.19010484367388,34.24615478515625,5100,0.0,0.0
2022-09-28 00:00:00-04:00,33.944419861719595,37.11256629098092,33.71812430480896,36.358245849609375,5505,0.0,0.0
2022-09-29 00:00:00-04:00,35.30219383739408,35.30219383739408,33.9444177047066,34.69873809814453,3935,0.0,0.0
2022-09-30 00:00:00-04:00,34.397010803222656,35.75478989289269,34.09528435468806,34.397010803222656,2495,0.0,0.0
2022-10-03 00:00:00-04:00,35.4530559461944,37.263425911469646,34.39700632019988,36.96169662475586,5015,0.0,0.0
2022-10-04 00:00:00-04:00,37.56515724145944,39.22466278076172,37.26343079272528,39.22466278076172,4270,0.0,0.0
2022-10-05 00:00:00-04:00,38.168613961303016,41.94021624512759,37.71602283824574,41.48762512207031,5340,0.0,0.0
2022-10-06 00:00:00-04:00,40.5824338993061,41.78934817524499,38.62120215747307,39.8281135559082,1825,0.0,0.0
2022-10-07 00:00:00-04:00,39.22466833610627,41.3367652863957,38.922938967134414,39.526397705078125,2625,0.0,0.0
2022-10-10 00:00:00-04:00,39.67725389261502,40.220365528842265,36.20738102839543,39.22466278076172,4050,0.0,0.0
2022-10-11 00:00:00-04:00,38.77207668826502,40.582444247548935,37.71602678722103,38.621212005615234,10695,0.0,0.0
2022-10-12 00:00:00-04:00,38.47034732296546,39.526397224009436,37.71602678722103,38.621212005615234,4890,0.0,0.0
2022-10-13 00:00:00-04:00,37.71602458565044,39.828121386946,37.11256876778089,39.37553024291992,3105,0.0,0.0
2022-10-14 00:00:00-04:00,39.677248695165,39.73759570350925,36.65996733804207,36.96169662475586,3270,0.0,0.0
2022-10-17 00:00:00-04:00,37.56515635909054,38.319476779463855,35.45305975754604,36.50910949707031,6305,0.0,0.0
2022-10-18 00:00:00-04:00,35.45306210273623,38.772073322930254,34.864693056726225,37.56515884399414,1175,0.0,0.0
2022-10-19 00:00:00-04:00,37.41429694470135,38.47034683227539,36.35824993463175,37.716026306152344,2975,0.0,0.0
2022-10-20 00:00:00-04:00,37.7160203223135,39.97898154165231,36.659970602287125,38.470340728759766,3055,0.0,0.0
2022-10-21 00:00:00-04:00,39.07379811764258,39.375527443880856,37.716021904578575,39.22466278076172,2310,0.0,0.0
2022-10-24 00:00:00-04:00,39.2246675923871,39.37553227401256,35.75479430252388,37.26343536376953,7935,0.0,0.0
2022-10-25 00:00:00-04:00,37.1125739537683,38.7720798429316,36.358253356649044,38.16862106323242,2830,0.0,0.0
2022-10-26 00:00:00-04:00,38.01775088332304,39.224662422236364,37.26343045212619,37.64059066772461,1525,0.0,0.0
2022-10-27 00:00:00-04:00,37.56515884399414,38.16861464471008,37.18799860885865,37.56515884399414,2770,0.0,0.0
2022-10-28 00:00:00-04:00,37.56515291537908,39.67724932330128,37.26342650139235,38.31947326660156,2725,0.0,0.0
2022-10-31 00:00:00-04:00,38.168618762105275,38.168618762105275,36.358251164666164,37.112571716308594,2820,0.0,0.0
2022-11-01 00:00:00-04:00,37.11256771283325,38.16861464471008,36.056517903452175,37.56515884399414,5725,0.0,0.0
2022-11-02 00:00:00-04:00,37.41429723119975,38.47034712686045,35.30220031738281,35.30220031738281,5870,0.0,0.0
2022-11-03 00:00:00-04:00,33.94442111021469,36.056517848238315,25.541291544664443,28.81504249572754,12135,0.0,0.0
2022-11-04 00:00:00-04:00,28.362443726126703,30.021949055076444,27.60812338364989,29.116764068603516,4260,0.0,0.0
2022-11-07 00:00:00-05:00,29.116765635573756,30.776271053832716,29.116765635573756,30.172815322875977,3615,0.0,0.0
2022-11-08 00:00:00-05:00,30.323680984745728,32.73750686645508,30.172816327606892,32.73750686645508,4420,0.0,0.0
2022-11-09 00:00:00-05:00,32.43577839465169,34.84960433905682,32.43577839465169,33.03923416137695,3575,0.0,0.0
2022-11-10 00:00:00-05:00,33.34096808544662,35.9056561674013,33.34096808544662,35.30220031738281,5270,0.0,0.0
2022-11-11 00:00:00-05:00,36.20738017791937,37.56515635909054,35.45305975754604,36.50910949707031,3980,0.0,0.0
2022-11-14 00:00:00-05:00,38.01774560298102,38.01774560298102,35.45305534212379,35.603919982910156,1820,0.0,0.0
2022-11-15 00:00:00-05:00,36.20738546989578,37.68585301931546,35.75479430252388,37.26343536376953,4965,0.0,0.0
2022-11-16 00:00:00-05:00,36.81083462426993,37.11256393264668,34.547873443956156,34.69873809814453,4505,0.0,0.0
2022-11-17 00:00:00-05:00,35.45306056685399,35.45306056685399,32.13404949044474,34.397010803222656,8860,0.0,0.0
2022-11-18 00:00:00-05:00,34.84959955743942,36.3582402060082,32.88836498779781,36.05651092529297,8280,0.0,0.0
2022-11-21 00:00:00-05:00,35.754789427896746,35.754789427896746,32.43577839465169,33.03923416137695,4185,0.0,0.0
2022-11-22 00:00:00-05:00,32.43577642249584,33.49182610818331,32.134047118726876,33.34096145629883,7580,0.0,0.0
2022-11-23 00:00:00-05:00,32.88836750064539,33.64268788256389,31.832320692461813,33.34096145629883,8280,0.0,0.0
2022-11-25 00:00:00-05:00,32.88836581509829,35.347451745525284,32.43577476014429,32.586639404296875,480,0.0,0.0
2022-11-28 00:00:00-05:00,32.134048502679676,32.88836891708534,31.530592746655945,31.983186721801758,1530,0.0,0.0
2022-11-29 00:00:00-05:00,32.13404829637592,32.737506926029404,26.85380542943595,27.155534744262695,15865,0.0,0.0
2022-11-30 00:00:00-05:00,28.36244761159086,28.66417694091797,27.15553604929071,28.66417694091797,10520,0.0,0.0
2022-12-01 00:00:00-05:00,27.90985649510434,29.554275297178386,27.15553604929071,28.66417694091797,13190,0.0,0.0
2022-12-02 00:00:00-05:00,28.211581985327417,31.077998713849087,27.155532353896604,28.96590232849121,49800,0.0,0.0
2022-12-05 00:00:00-05:00,29.418500023645223,33.64269374783355,28.362450153845945,29.267635345458984,23500,0.0,0.0
2022-12-06 00:00:00-05:00,28.815040994188728,31.68145805196053,27.00467081164649,27.758991241455078,32040,0.0,0.0
2022-12-07 00:00:00-05:00,27.90985439985226,30.4745448740835,27.90985439985226,29.418495178222656,16225,0.0,0.0
2022-12-08 00:00:00-05:00,29.72022671605871,30.248248726124938,27.60812716577723,28.66417694091797,13860,0.0,0.0
2022-12-09 00:00:00-05:00,28.362447009801127,29.871087869418297,27.457264796034092,27.758991241455078,2495,0.0,0.0
2022-12-12 00:00:00-05:00,28.965906582800656,29.5693623704623,27.0046716760201,27.90985679626465,7650,0.0,0.0
2022-12-13 00:00:00-05:00,29.41849338338799,29.72022267165501,27.155532353896604,28.96590232849121,10125,0.0,0.0
2022-12-14 00:00:00-05:00,28.965908866590905,30.021955858885786,27.004673805178584,29.267635345458984,12080,0.0,0.0
2022-12-15 00:00:00-05:00,28.66417942826074,29.116770584020998,26.552082572205567,27.45726776123047,6405,0.0,0.0
2022-12-16 00:00:00-05:00,27.155533982287015,29.267630494297443,26.09948428752984,26.552078247070312,11550,0.0,0.0
2022-12-19 00:00:00-05:00,27.004672118102015,27.75899258440377,26.099486983039064,26.85380744934082,3575,0.0,0.0
2022-12-20 00:00:00-05:00,26.853803987081523,27.758989005439027,25.646892547607422,25.646892547607422,46205,0.0,0.0
2022-12-21 00:00:00-05:00,25.64689302444458,26.853804486358058,24.13825225830078,24.13825225830078,13490,0.0,0.0
2022-12-22 00:00:00-05:00,23.98738750611396,25.194301840496284,23.534796429160522,24.43998146057129,2530,0.0,0.0
2022-12-23 00:00:00-05:00,24.590843234553176,24.892572537524728,23.685659641894354,24.43998146057129,2125,0.0,0.0
2022-12-27 00:00:00-05:00,24.43998801444011,24.892579212761177,22.931345411278013,23.836530685424805,4750,0.0,0.0
2022-12-28 00:00:00-05:00,23.53479809252163,24.741709634700545,22.931340882680125,23.68566131591797,4240,0.0,0.0
2022-12-29 00:00:00-05:00,23.383934108664928,25.646895474019598,23.278329705349044,25.496030807495117,5800,0.0,0.0
2022-12-30 00:00:00-05:00,25.194303468952576,25.94862389763374,24.74170948524143,25.345165252685547,7665,0.0,0.0
2023-01-03 00:00:00-05:00,25.496030807495117,26.40121592913782,25.043439685425852,25.496030807495117,1875,0.0,0.0
2023-01-04 00:00:00-05:00,25.043437470276587,27.155533982287015,24.741708163916275,26.552078247070312,1855,0.0,0.0
2023-01-05 00:00:00-05:00,25.948623016960717,26.43138761453141,25.043437957763672,25.043437957763672,3110,0.0,0.0
2023-01-06 00:00:00-05:00,25.722323433510606,26.25034826734447,24.74170752924992,25.646892547607422,2480,0.0,0.0
2023-01-09 00:00:00-05:00,25.993881040925526,26.280523606869842,25.797758997387234,25.948623657226562,2330,0.0,0.0
2023-01-10 00:00:00-05:00,26.552076155400574,27.608122889462553,26.552076155400574,27.306396484375,3320,0.0,0.0
2023-01-11 00:00:00-05:00,27.90985649510434,28.66417694091797,27.90985649510434,28.66417694091797,3785,0.0,0.0
2023-01-12 00:00:00-05:00,28.965909202826513,31.53059725174583,28.00037697772934,30.474550247192383,5295,0.0,0.0
2023-01-13 00:00:00-05:00,30.47454553429174,30.927136626606334,28.96590472323777,30.323680877685547,2320,0.0,0.0
2023-01-17 00:00:00-05:00,30.625410079956055,31.379730553624963,28.860300056470635,30.625410079956055,2885,0.0,0.0
2023-01-18 00:00:00-05:00,30.62540616562502,33.03923194834759,29.87108578836821,30.927135467529297,2975,0.0,0.0
2023-01-19 00:00:00-05:00,30.323686985366304,32.888375154225315,30.021957611380746,31.37973403930664,2060,0.0,0.0
2023-01-20 00:00:00-05:00,31.98318728898376,33.642689928102214,31.228866861201162,33.03923416137695,3300,0.0,0.0
2023-01-23 00:00:00-05:00,34.09528357637488,36.65997127914174,33.64268959764846,36.50910949707031,14360,0.0,0.0
2023-01-24 00:00:00-05:00,37.41429723119975,37.41429723119975,34.095288617345844,35.30220031738281,4220,0.0,0.0
2023-01-25 00:00:00-05:00,34.39701176826379,36.96170247903525,33.49182951976015,36.65997314453125,4265,0.0,0.0
2023-01-26 00:00:00-05:00,36.659977539485816,38.470348008536405,33.190104164227485,33.79356002807617,7525,0.0,0.0
2023-01-27 00:00:00-05:00,33.94442064401197,37.716022937791074,33.94442064401197,36.65997314453125,2430,0.0,0.0
2023-01-30 00:00:00-05:00,37.26342858683505,37.26342858683505,34.69873809814453,34.69873809814453,2050,0.0,0.0
2023-01-31 00:00:00-05:00,34.69874047979611,35.75479025409591,32.58664380870066,33.49182891845703,3645,0.0,0.0
2023-02-01 00:00:00-05:00,33.49182781557703,36.96170059829269,33.03923383685061,36.50910949707031,6820,0.0,0.0
2023-02-02 00:00:00-05:00,37.71602678722103,39.526397224009436,36.96170625147661,38.621212005615234,9390,0.0,0.0
2023-02-03 00:00:00-05:00,38.31948040351998,39.97898606078947,37.06730850237656,39.37553024291992,2215,0.0,0.0
2023-02-06 00:00:00-05:00,39.82812016355429,39.97898483276367,38.62120856488764,39.97898483276367,2160,0.0,0.0
2023-02-07 00:00:00-05:00,39.97898154165231,39.97898154165231,37.7160203223135,38.470340728759766,2650,0.0,0.0
2023-02-08 00:00:00-05:00,39.52638614350336,39.52638614350336,34.5478702767242,36.05651092529297,2460,0.0,0.0
2023-02-09 00:00:00-05:00,36.05651461118588,36.05651461118588,30.474545367364385,33.6426887512207,5530,0.0,0.0
2023-02-10 00:00:00-05:00,33.94441249758698,34.39700351322007,31.983180926505575,32.43577194213867,1130,0.0,0.0
2023-02-13 00:00:00-05:00,33.94441754250959,33.94441754250959,30.77627132970791,32.284912109375,2705,0.0,0.0
2023-02-14 00:00:00-05:00,31.530595779418945,33.19010142623137,31.530595779418945,31.530595779418945,1420,0.0,0.0
2023-02-15 00:00:00-05:00,30.323683950991732,31.530595571153835,28.815042987036964,29.871089935302734,5030,0.0,0.0
2023-02-16 00:00:00-05:00,29.4185003651345,31.078006089437846,28.965909202826513,30.474550247192383,1975,0.0,0.0
2023-02-17 00:00:00-05:00,31.078004837036133,31.530595981105307,30.021954997535634,31.078004837036133,3945,0.0,0.0
2023-02-21 00:00:00-05:00,30.625410079956055,31.68145989409423,30.172818946756408,30.625410079956055,1445,0.0,0.0
2023-02-22 00:00:00-05:00,30.323683433959303,30.3991143298692,28.664177826403517,28.81504249572754,2640,0.0,0.0
2023-02-23 00:00:00-05:00,28.830128934059363,30.17281843355104,28.66417751187349,29.56936264038086,1270,0.0,0.0
2023-02-24 00:00:00-05:00,29.56936047215856,31.364643843013898,29.418495815552365,30.323680877685547,1130,0.0,0.0
2023-02-27 00:00:00-05:00,28.95082128040324,31.078004837036133,27.909858196038954,31.078004837036133,2325,0.0,0.0
2023-02-28 00:00:00-05:00,31.078002495242302,31.22886715773216,29.418496962862083,29.720226287841797,1700,0.0,0.0
2023-03-01 00:00:00-05:00,30.172819671393466,31.379731307247475,29.418499179608627,31.078004837036133,4630,0.0,0.0
2023-03-02 00:00:00-05:00,30.85170458080517,31.078000118481434,30.323679741224623,30.927135467529297,1005,0.0,0.0
2023-03-03 00:00:00-05:00,31.078000118481434,31.53059119383397,30.927135467529297,30.927135467529297,1220,0.0,0.0
2023-03-06 00:00:00-05:00,30.927144656369826,31.15344026128134,27.90986225087033,28.36245346069336,4715,0.0,0.0
2023-03-07 00:00:00-05:00,28.66417751187349,29.87108909821385,28.66417751187349,29.56936264038086,1065,0.0,0.0
2023-03-08 00:00:00-05:00,29.56936264038086,30.021953765882447,28.96590684721068,29.56936264038086,535,0.0,0.0
2023-03-09 00:00:00-05:00,30.02195132341259,30.625407067487945,28.060719435791693,28.211584091186523,1190,0.0,0.0
2023-03-10 00:00:00-05:00,28.211588353164103,30.474549893444504,28.16632808645691,29.267635345458984,1290,0.0,0.0
2023-03-13 00:00:00-04:00,26.853809126992342,29.569364701831464,26.853809126992342,29.267635345458984,3410,0.0,0.0
2023-03-14 00:00:00-04:00,28.06072216082448,29.720227776317586,28.06072216082448,28.51331329345703,3840,0.0,0.0
2023-03-15 00:00:00-04:00,27.94003076241805,28.060721921926163,26.401216320561456,26.85380744934082,1910,0.0,0.0
2023-03-16 00:00:00-04:00,26.09948428752984,26.73311352888336,24.892572817096433,26.552078247070312,2855,0.0,0.0
2023-03-17 00:00:00-04:00,25.646892778801195,26.40121315464829,24.590843101613714,24.8925724029541,5345,0.0,0.0
2023-03-20 00:00:00-04:00,25.646892778801195,25.79775742947139,24.439981328447395,24.8925724029541,3005,0.0,0.0
2023-03-21 00:00:00-04:00,25.34516324898697,25.76758369155483,24.892572178560144,25.646892547607422,1620,0.0,0.0
2023-03-22 00:00:00-04:00,25.345166652432884,27.608128063453826,23.987390381321163,24.289119720458984,3165,0.0,0.0
2023-03-23 00:00:00-04:00,24.439982319422462,25.164129218996937,24.439982319422462,24.741708755493164,1890,0.0,0.0
2023-03-24 00:00:00-04:00,24.349460811542954,25.19430170429449,23.836524164518558,24.8925724029541,2735,0.0,0.0
2023-03-27 00:00:00-04:00,24.409808704076138,25.19430261388051,24.289117554683465,25.043437957763672,680,0.0,0.0
2023-03-28 00:00:00-04:00,25.043438807715525,27.608126538729046,24.892574146478477,25.345165252685547,4655,0.0,0.0
2023-03-29 00:00:00-04:00,25.34516226471405,26.250347247918928,25.34516226471405,25.79775619506836,890,0.0,0.0
2023-03-30 00:00:00-04:00,28.060721462556106,29.690053527994632,26.416302642738017,27.90985679626465,6285,0.0,0.0
2023-03-31 00:00:00-04:00,27.909856796264652,28.36244791763484,25.4960307681139,27.90985679626465,4470,0.0,0.0
2023-04-03 00:00:00-04:00,27.306398366235932,27.306398366235932,23.383931809745572,24.364547729492188,13420,0.0,0.0
2023-04-04 00:00:00-04:00,24.43998146057129,25.194301840496284,23.383931777674746,24.43998146057129,8070,0.0,0.0
2023-04-05 00:00:00-04:00,23.98739242553711,24.741712960160946,23.383936573338936,23.98739242553711,1550,0.0,0.0
2023-04-06 00:00:00-04:00,24.13825225830078,24.28911691041594,23.383931875228882,24.13825225830078,1735,0.0,0.0
2023-04-10 00:00:00-04:00,23.83652715050437,24.439984390027895,23.62531690085832,24.289119720458984,2820,0.0,0.0
2023-04-11 00:00:00-04:00,23.534796089775813,26.25034826734447,23.534796089775813,25.646892547607422,1860,0.0,0.0
2023-04-12 00:00:00-04:00,25.64689575256089,25.64689575256089,24.8171443939209,24.8171443939209,1450,0.0,0.0
2023-04-13 00:00:00-04:00,24.43998389683211,25.496030807495117,24.13825456378315,25.496030807495117,2100,0.0,0.0
2023-04-14 00:00:00-04:00,25.19430486036821,25.496031322001794,23.83652715050437,24.289119720458984,1690,0.0,0.0
2023-04-17 00:00:00-04:00,24.1382550989007,24.1382550989007,22.478749485350427,23.08220672607422,3615,0.0,0.0
2023-04-18 00:00:00-04:00,23.08220864723985,23.98739242553711,22.855911623601354,23.98739242553711,705,0.0,0.0
2023-04-19 00:00:00-04:00,23.383935249178673,24.13825574108766,21.875294265360694,22.780479431152344,3655,0.0,0.0
2023-04-20 00:00:00-04:00,23.233070232492352,23.836527480366836,22.629614423370008,23.534799575805664,1285,0.0,0.0
2023-04-21 00:00:00-04:00,23.08220864723985,24.4399864728141,23.08220864723985,23.98739242553711,865,0.0,0.0
2023-04-24 00:00:00-04:00,23.685662480935463,24.59084618209257,23.38393458054976,24.289119720458984,1710,0.0,0.0
2023-04-25 00:00:00-04:00,23.3084995491713,24.28911691041594,22.931339357635352,24.13825225830078,2300,0.0,0.0
2023-04-26 00:00:00-04:00,23.53480034902579,24.89257668353597,23.53480034902579,23.91196060180664,2465,0.0,0.0
2023-04-27 00:00:00-04:00,24.364548552276794,24.741708755493164,23.98738834906042,24.741708755493164,1175,0.0,0.0
2023-04-28 00:00:00-04:00,23.987389092412158,27.90985590291761,23.534797985528638,27.758991241455078,2205,0.0,0.0
2023-05-01 00:00:00-04:00,27.155535432521976,27.758991199966093,25.194303468952576,25.345165252685547,3655,0.0,0.0
2023-05-02 00:00:00-04:00,26.25034956835865,26.25034956835865,24.123166252418635,24.741708755493164,1005,0.0,0.0
2023-05-03 00:00:00-04:00,24.59084409870582,25.496029161925907,23.83652513102507,24.741708755493164,1225,0.0,0.0
2023-05-04 00:00:00-04:00,25.194308596644998,25.496035103024152,23.38393804835141,23.836530685424805,1035,0.0,0.0
2023-05-05 00:00:00-04:00,23.98738824244979,25.043437957763672,23.98738824244979,25.043437957763672,920,0.0,0.0
2023-05-08 00:00:00-04:00,25.496031322001794,25.496031322001794,23.83652715050437,24.289119720458984,1135,0.0,0.0
2023-05-09 00:00:00-04:00,23.233072185848677,26.099489678306487,23.233072185848677,25.194307327270508,1280,0.0,0.0
2023-05-10 00:00:00-04:00,25.79775836084388,25.79775836084388,23.776179450388604,25.043437957763672,2540,0.0,0.0
2023-05-11 00:00:00-04:00,24.892577962877027,28.060724824562282,24.892577962877027,27.004674911499023,5080,0.0,0.0
2023-05-12 00:00:00-04:00,27.90985891699072,28.362450072750978,27.155538405720705,27.45726776123047,1945,0.0,0.0
2023-05-15 00:00:00-04:00,27.155536470487686,27.608127593994137,27.155536470487686,27.60812759399414,2325,0.0,0.0
2023-05-16 00:00:00-04:00,27.4572689645995,27.758995455828632,27.004674911499023,27.004674911499023,3180,0.0,0.0
2023-05-17 00:00:00-04:00,27.608126579992543,27.758991241455078,27.155535473109026,27.758991241455078,3870,0.0,0.0
2023-05-18 00:00:00-04:00,27.608127593994137,27.758992260997687,26.70294534698123,27.60812759399414,2495,0.0,0.0
2023-05-19 00:00:00-04:00,27.608125064323563,27.608125064323563,25.948622511853607,26.552078247070312,3360,0.0,0.0
2023-05-22 00:00:00-04:00,27.004673805178584,29.267635345458984,26.80855173778955,29.267635345458984,5680,0.0,0.0
2023-05-23 00:00:00-04:00,29.4184966835213,33.94441925021688,29.116767361406634,33.03923416137695,18220,0.0,0.0
2023-05-24 00:00:00-04:00,33.34096884956579,36.886276006245545,32.4357836150405,33.79356002807617,21955,0.0,0.0
2023-05-25 00:00:00-04:00,33.19010434831892,34.01985580602507,30.625413315856086,31.68146324157715,3620,0.0,0.0
2023-05-26 00:00:00-04:00,31.69654739577659,34.54787793263346,30.776275475413556,33.190101623535156,2265,0.0,0.0
2023-05-30 00:00:00-04:00,33.19009871250758,36.358245074202294,33.19009871250758,35.9056510925293,4930,0.0,0.0
2023-05-31 00:00:00-04:00,36.66316222832502,36.66316222832502,34.087649757458685,34.23915100097656,2890,0.2,0.0
2023-06-01 00:00:00-04:00,34.99665575675984,36.057158725361056,34.542152007662764,35.45115661621094,2035,0.0,0.0
2023-06-02 00:00:00-04:00,35.299648650331456,37.87516073625497,34.890599110510436,37.72365951538086,3365,0.0,0.0
2023-06-05 00:00:00-04:00,37.875167093199316,41.66268380251925,37.875167093199316,39.69317626953125,12795,0.0,0.0
2023-06-06 00:00:00-04:00,39.996166573031644,42.7231797034752,39.82951784152808,40.75366973876953,4400,0.0,0.0
2023-06-07 00:00:00-04:00,40.45067371661755,43.177684194068966,39.541669260918574,39.99617004394531,4325,0.0,0.0
2023-06-08 00:00:00-04:00,40.905172698351805,41.056673915904405,36.81465427265847,37.11765670776367,5900,0.0,0.0
2023-06-09 00:00:00-04:00,37.57216054519913,38.329663805301095,36.51165771484375,36.51165771484375,2445,0.0,0.0
2023-06-12 00:00:00-04:00,38.178167366461935,39.087169012140656,36.708609119299545,36.814659118652344,14520,0.0,0.0
2023-06-13 00:00:00-04:00,36.96615851504668,38.329663805301095,35.905655684691304,36.51165771484375,3480,0.0,0.0
2023-06-14 00:00:00-04:00,37.117659744996196,37.72366177514865,36.36015648489423,36.51165771484375,2780,0.0,0.0
2023-06-15 00:00:00-04:00,37.04190806051505,38.02666165387541,36.51165523650703,36.966156005859375,5110,0.0,0.0
2023-06-16 00:00:00-04:00,37.7236586883287,38.026661123433904,36.511654727198646,37.11765670776367,7865,0.0,0.0
2023-06-20 00:00:00-04:00,38.329663805301095,38.935668725099156,35.45115199484275,36.51165771484375,7540,0.0,0.0
2023-06-21 00:00:00-04:00,36.36014938354492,37.26915369606256,34.996644359591,36.36014938354492,5230,0.0,0.0
2023-06-22 00:00:00-04:00,36.20865249633789,38.32966088510227,34.99664852837121,36.20865249633789,3340,0.0,0.0
2023-06-23 00:00:00-04:00,35.754152586859085,38.7841654689718,34.69364692226145,38.481163024902344,101495,0.0,0.0
2023-06-26 00:00:00-04:00,38.48116067864618,38.48116067864618,32.269634071112456,33.17863845825195,10160,0.0,0.0
2023-06-27 00:00:00-04:00,32.572645351709824,33.027146224014786,30.072884774740377,30.14863395690918,10970,0.0,0.0
2023-06-28 00:00:00-04:00,30.148628299870268,30.603131976538986,29.239623836178367,29.84562873840332,2485,0.0,0.0
2023-06-29 00:00:00-04:00,29.694133084604214,31.28488902731766,29.33053180883103,30.14863395690918,2135,0.0,0.0
2023-06-30 00:00:00-04:00,30.603131381993443,31.966636606218888,30.012276902767553,30.300128936767578,7070,0.0,0.0
2023-07-03 00:00:00-04:00,29.088124935155065,30.45163015938051,28.93662371254213,30.300128936767578,2660,0.0,0.0
2023-07-05 00:00:00-04:00,30.603131381993443,31.057632160186767,29.55777612457423,30.300128936767578,5450,0.0,0.0
2023-07-06 00:00:00-04:00,30.1486268949946,30.1486268949946,28.78512170781658,29.69412612915039,5435,0.0,0.0
2023-07-07 00:00:00-04:00,30.1486268949946,30.300128113491134,29.542624910653856,29.69412612915039,4675,0.0,0.0
2023-07-10 00:00:00-04:00,29.239626708694345,30.148631261687324,27.11861801147461,27.11861801147461,16140,0.0,0.0
2023-07-11 00:00:00-04:00,27.11861368242656,28.179119306566765,26.588360870356457,27.27011489868164,4770,0.0,0.0
2023-07-12 00:00:00-04:00,27.87611793743353,28.55787199176526,26.81561516248419,26.967113494873047,7325,0.0,0.0
2023-07-13 00:00:00-04:00,27.876116874056606,28.027618090311684,27.11861368242656,27.27011489868164,2985,0.0,0.0
2023-07-14 00:00:00-04:00,27.724616715399208,27.724616715399208,26.967113494873047,26.967113494873047,3585,0.0,0.0
2023-07-17 00:00:00-04:00,26.967113494873047,27.270115938941696,26.81561516248419,26.967113494873047,2390,0.0,0.0
2023-07-18 00:00:00-04:00,27.11861801147461,27.421620492354208,26.815618420240828,27.11861801147461,1185,0.0,0.0
2023-07-19 00:00:00-04:00,27.27011925191441,28.02762256446759,26.664117179801032,27.11861801147461,8695,0.0,0.0
2023-07-20 00:00:00-04:00,27.27011489868164,27.5731173311918,26.815614139561752,27.27011489868164,1700,0.0,0.0
2023-07-21 00:00:00-04:00,27.27011925191441,27.27011925191441,27.11861801147461,27.11861801147461,2755,0.0,0.0
2023-07-24 00:00:00-04:00,27.270114018366886,29.845625942626306,26.967111595638038,29.54262351989746,7440,0.0,0.0
2023-07-25 00:00:00-04:00,29.542630802397756,31.663639615409938,29.542630802397756,31.51213836669922,3735,0.0,0.0
2023-07-26 00:00:00-04:00,31.663634413739032,31.663634413739032,28.7851227196983,29.391124725341797,3830,0.0,0.0
2023-07-27 00:00:00-04:00,29.694135379190623,29.694135379190623,28.330629767266046,28.482128143310547,2155,0.0,0.0
2023-07-28 00:00:00-04:00,28.93662257244658,29.239622116088864,27.876116945585174,29.239622116088867,4410,0.0,0.0
2023-07-31 00:00:00-04:00,29.39112286030513,29.72442610949316,27.4367661549144,29.088123321533203,10085,0.0,0.0
2023-08-01 00:00:00-04:00,29.088126820465835,29.088126820465835,28.48212189073665,28.633623123168945,1960,0.0,0.0
2023-08-02 00:00:00-04:00,28.330629767266046,28.482128143310547,27.724624704502858,28.482128143310547,4305,0.0,0.0
2023-08-03 00:00:00-04:00,28.633623123168945,29.23962516325247,27.573120275434192,28.633623123168945,6950,0.0,0.0
2023-08-04 00:00:00-04:00,28.63362428762854,28.63362428762854,27.876120984306908,28.02762222290039,2295,0.0,0.0
2023-08-07 00:00:00-04:00,28.02762276250638,28.633624838901675,27.724620279485812,27.876121520996094,1565,0.0,0.0
2023-08-08 00:00:00-04:00,28.17912410306142,28.239722866091025,27.11861829840778,27.573122024536133,2655,0.0,0.0
2023-08-09 00:00:00-04:00,27.573121396765725,28.179123461493873,27.27011891957876,28.02762222290039,5225,0.0,0.0
2023-08-10 00:00:00-04:00,27.573119814288887,29.239624674235785,21.21009127571588,22.27059555053711,17505,0.0,0.0
2023-08-11 00:00:00-04:00,22.725094454742063,28.027616494181878,22.725094454742063,26.436861038208008,10375,0.0,0.0
2023-08-14 00:00:00-04:00,28.179118808309564,28.179118808309564,22.87659656065732,24.84610366821289,8960,0.0,0.0
2023-08-15 00:00:00-04:00,28.785123740256676,28.936624969450307,24.997607458643955,25.07335662841797,12680,0.0,0.0
2023-08-16 00:00:00-04:00,25.755109190940857,26.058111631398333,24.088601547715598,24.240102767944336,5665,0.0,0.0
2023-08-17 00:00:00-04:00,24.240106398059474,24.694607237164746,23.482603073120117,23.482603073120117,3890,0.0,0.0
2023-08-18 00:00:00-04:00,23.482603073120117,23.61895390278087,22.876600991097803,23.482603073120117,6175,0.0,0.0
2023-08-21 00:00:00-04:00,23.482597858443764,24.315850174982067,23.179596884718688,23.331096649169922,2640,0.0,0.0
2023-08-22 00:00:00-04:00,23.179602214697994,23.48260325809593,21.664595552885352,21.81609535217285,3850,0.0,0.0
2023-08-23 00:00:00-04:00,21.967594280613564,22.573596303528962,21.36159225769817,21.513092041015625,4985,0.0,0.0
2023-08-24 00:00:00-04:00,21.513090229275825,22.422094631919276,21.0585880279541,21.0585880279541,7715,0.0,0.0
2023-08-25 00:00:00-04:00,21.2100887298584,21.679741330312936,20.467735971070788,21.2100887298584,4960,0.0,0.0
2023-08-28 00:00:00-04:00,20.907089889800602,21.028290293639916,19.998085416182967,20.30108642578125,3950,0.0,0.0
2023-08-29 00:00:00-04:00,20.301088133745512,21.058591443882626,19.089083993384452,19.5435848236084,10535,0.0,0.0
2023-08-30 00:00:00-04:00,19.695083402322787,21.36159103737149,18.786078975055727,20.604087829589844,13135,0.0,0.0
2023-08-31 00:00:00-04:00,21.210092332628037,21.36159357007596,19.69508573744032,20.45258903503418,4735,0.0,0.0
2023-09-01 00:00:00-04:00,20.299957749767245,23.657845158572663,20.299957749767245,23.352582931518555,5975,0.2,0.0
2023-09-05 00:00:00-04:00,23.352581088793272,25.031523932909977,23.062580904271613,24.42099952697754,7085,0.0,0.0
2023-09-06 00:00:00-04:00,24.57363203775254,24.57363203775254,21.215743345186322,21.67363739013672,7235,0.0,0.0
2023-09-07 00:00:00-04:00,21.826270466083635,21.826270466083635,21.063114166259766,21.063114166259766,5985,0.0,0.0
2023-09-08 00:00:00-04:00,20.910482324052943,21.52100823727511,19.078907495596688,21.063114166259766,3100,0.0,0.0
2023-09-11 00:00:00-04:00,22.131529810541274,30.06835545880554,21.826267621516863,27.62625503540039,62840,0.0,0.0
2023-09-12 00:00:00-04:00,27.01573025510902,28.23677899302622,25.79467860598199,27.397308349609375,15225,0.0,0.0
2023-09-13 00:00:00-04:00,27.32099855236655,28.084154952774615,25.48942493811358,26.710474014282227,17165,0.0,0.0
2023-09-14 00:00:00-04:00,27.015733962912083,27.168362892692084,25.7946821462005,26.557838439941406,5560,0.0,0.0
2023-09-15 00:00:00-04:00,26.55784215195849,27.09205221448626,26.252581338521644,26.710474014282227,11385,0.0,0.0
2023-09-18 00:00:00-04:00,26.710474222016714,27.47363062836005,25.94731781567338,26.405210494995117,4180,0.0,0.0
2023-09-19 00:00:00-04:00,26.298362496174274,26.786782008462907,25.79467951022538,26.099943161010742,2415,0.0,0.0
2023-09-20 00:00:00-04:00,26.405205752892492,27.01573309729127,25.794681319703848,26.25257682800293,1940,0.0,0.0
2023-09-21 00:00:00-04:00,25.7946828404419,25.947314685540082,23.810477587796488,24.115739822387695,3470,0.0,0.0
2023-09-22 00:00:00-04:00,24.11573732401132,25.794680168128025,23.8104751210451,24.42099952697754,3090,0.0,0.0
2023-09-25 00:00:00-04:00,24.573635289462274,25.18415979311385,24.19205711077873,24.26837158203125,1700,0.0,0.0
2023-09-26 00:00:00-04:00,24.4210020569789,24.573633902077077,23.810477587796488,24.115739822387695,2125,0.0,0.0
2023-09-27 00:00:00-04:00,24.115737255666943,25.26047014964482,23.963105426813893,24.573631286621094,3600,0.0,0.0
2023-09-28 00:00:00-04:00,23.96310549472571,24.72626318554876,23.96310549472571,24.42099952697754,1365,0.0,0.0
2023-09-29 00:00:00-04:00,24.527840934114465,25.031523932909977,24.26836769769193,24.42099952697754,1290,0.0,0.0
2023-10-02 00:00:00-04:00,24.268369061932162,24.42100089979793,23.19995056368702,23.505212783813477,1900,0.0,0.0
2023-10-03 00:00:00-04:00,23.199947992847648,23.5052101791473,21.36837341944479,22.742053985595703,4075,0.0,0.0
2023-10-04 00:00:00-04:00,22.742054905528615,23.50521112995045,22.25363538769224,22.818370819091797,1565,0.0,0.0
2023-10-05 00:00:00-04:00,22.28416143394868,23.199947992847648,21.9788977920441,22.742053985595703,3230,0.0,0.0
2023-10-06 00:00:00-04:00,22.131533158370942,24.268370260385385,21.52100868796829,23.047321319580078,3850,0.0,0.0
2023-10-09 00:00:00-04:00,23.199947930721464,23.657841936747236,22.58942355975705,22.894685745239258,2735,0.0,0.0
2023-10-10 00:00:00-04:00,22.89468580654799,24.115736007351536,22.589423620248336,22.742053985595703,2195,0.0,0.0
2023-10-11 00:00:00-04:00,22.58942355975705,24.84836664353522,22.58942355975705,22.894685745239258,2935,0.0,0.0
2023-10-12 00:00:00-04:00,23.35258312601602,23.35258312601602,21.67363867982727,21.978900909423828,1410,0.0,0.0
2023-10-13 00:00:00-04:00,21.97890082703866,22.4367948975197,21.97890082703866,22.131532669067383,1420,0.0,0.0
2023-10-16 00:00:00-04:00,21.9788977920441,23.199947992847648,21.826267426696734,22.742053985595703,2440,0.0,0.0
2023-10-17 00:00:00-04:00,21.978897733187722,23.199947930721464,20.29995498523313,22.894685745239258,3880,0.0,0.0
2023-10-18 00:00:00-04:00,22.894685745239258,23.35257975126503,22.742053924695696,22.894685745239258,1970,0.0,0.0
2023-10-19 00:00:00-04:00,25.642052427256033,27.626260701914592,23.65784706380794,25.107845306396484,52105,0.0,0.0
2023-10-20 00:00:00-04:00,25.33678694525727,26.405203900586173,24.726262554896476,26.099943161010742,10495,0.0,0.0
2023-10-23 00:00:00-04:00,26.710467874545532,33.426242072189275,25.79467982231912,30.37361717224121,57780,0.0,0.0
2023-10-24 00:00:00-04:00,29.15257028186929,32.51045614452435,29.15257028186929,30.22098731994629,11535,0.0,0.0
2023-10-25 00:00:00-04:00,29.915723096375068,31.747296197453245,28.74046187034377,29.15256690979004,7835,0.0,0.0
2023-10-26 00:00:00-04:00,30.220984369910344,30.220984369910344,27.015730657351572,27.62625503540039,7325,0.0,0.0
2023-10-27 00:00:00-04:00,27.62625453661998,29.61045945725713,27.473622717061012,29.15256690979004,3465,0.0,0.0
2023-10-30 00:00:00-04:00,30.5262536751586,35.868348068311356,30.5262536751586,34.18940353393555,26430,0.0,0.0
2023-10-31 00:00:00-04:00,36.326232929591434,36.326232929591434,32.05255949477237,33.12097930908203,10075,0.0,0.0
2023-11-01 00:00:00-04:00,33.578876338000725,34.83045217207803,32.81572005759161,33.88414001464844,5005,0.0,0.0
2023-11-02 00:00:00-04:00,34.342030219354896,34.342030219354896,32.205193365725926,32.6630859375,6190,0.0,0.0
2023-11-03 00:00:00-04:00,33.27360819800161,37.242020906044594,33.27360819800161,36.32623291015625,8700,0.0,0.0
2023-11-06 00:00:00-05:00,37.394661141355755,37.394661141355755,34.79992838747138,35.2578239440918,11555,0.0,0.0
2023-11-07 00:00:00-05:00,36.32623291015625,36.47886472800594,34.34202801173965,36.32623291015625,4605,0.0,0.0
2023-11-08 00:00:00-05:00,36.32623540912986,38.310443355254925,35.10518660475288,37.24202346801758,21590,0.0,0.0
2023-11-09 00:00:00-05:00,33.66419451182926,39.51883433832034,33.66419451182926,38.217803955078125,12340,3.0,0.0
2023-11-10 00:00:00-05:00,38.217802511226246,40.494607146834,36.75414260989991,39.19357681274414,11355,0.0,0.0
2023-11-13 00:00:00-05:00,39.19357193004279,44.72295481393043,38.57558027191323,44.235069274902344,22680,0.0,0.0
2023-11-14 00:00:00-05:00,45.04821169093647,50.41496476373519,43.90980802002743,46.511871337890625,24170,0.0,0.0
2023-11-15 00:00:00-05:00,46.34924449509439,48.78867841588883,44.23506967116612,45.373470306396484,9080,0.0,0.0
2023-11-16 00:00:00-05:00,45.53610361236914,49.60182714918781,45.373474050516215,47.81290817260742,10170,0.0,0.0
2023-11-17 00:00:00-05:00,48.30079033179071,49.27656136726085,47.162386654541585,48.9513053894043,8975,0.0,0.0
2023-11-20 00:00:00-05:00,50.57759995509696,58.8716763506236,49.113940144568915,50.41497039794922,17790,0.0,0.0
2023-11-21 00:00:00-05:00,49.601830467766234,51.878635180332665,48.788685705999576,50.740234375,10250,0.0,0.0
2023-11-22 00:00:00-05:00,51.22811999129956,53.50492780576708,49.439200895032684,50.740234375,10265,0.0,0.0
2023-11-24 00:00:00-05:00,50.57759636003374,54.15543085346695,50.5125433010383,53.667545318603516,8920,0.0,0.0
2023-11-27 00:00:00-05:00,53.34229204710568,55.1312141418457,45.536104026227115,55.1312141418457,23985,0.0,0.0
2023-11-28 00:00:00-05:00,54.968578254912345,54.968578254912345,50.74022846753504,50.902854919433594,7515,0.0,0.0
2023-11-29 00:00:00-05:00,50.90285335918429,56.920124952014675,50.90285335918429,53.99280548095703,10355,0.0,0.0
2023-11-30 00:00:00-05:00,54.80595036286269,55.71666839564579,50.74022713422008,51.87862777709961,6825,0.0,0.0
2023-12-01 00:00:00-05:00,50.90285455252751,51.878628766389205,49.276565230058246,49.76445388793945,8255,0.0,0.0
2023-12-04 00:00:00-05:00,50.57759758469424,54.80595036286269,49.76445293896572,51.87862777709961,8880,0.0,0.0
2023-12-05 00:00:00-05:00,51.22811402703219,52.12257192007722,49.276565585242096,50.902854919433594,5350,0.0,0.0
2023-12-06 00:00:00-05:00,51.0654869303428,53.50492415090879,50.089712662496574,50.252342224121094,4530,0.0,0.0
2023-12-07 00:00:00-05:00,50.41496899654701,51.065484105154574,49.601824335312386,49.76445388793945,6190,0.0,0.0
2023-12-08 00:00:00-05:00,49.276563911102635,50.57759719539451,40.8198615217583,44.560325622558594,15425,0.0,0.0
2023-12-11 00:00:00-05:00,43.42192054573736,46.83712520056363,41.909471174765564,45.292152404785156,12430,0.0,0.0
2023-12-12 00:00:00-05:00,45.21084071375421,47.40633186070249,44.07244007963703,44.560325622558594,8845,0.0,0.0
2023-12-13 00:00:00-05:00,44.39769353504533,47.97553098484478,44.39769353504533,46.511871337890625,11150,0.0,0.0
2023-12-14 00:00:00-05:00,48.78867991925782,49.60182458457878,45.37347170452963,46.02398681640625,9370,0.0,0.0
2023-12-15 00:00:00-05:00,46.67449978100041,49.2765599358698,43.747177453921765,46.18661117553711,18925,0.0,0.0
2023-12-18 00:00:00-05:00,45.86136002097488,49.24404167926929,44.23507070252755,45.69873046875,6860,0.0,0.0
2023-12-19 00:00:00-05:00,45.86135653931442,49.43919090713936,45.79630348260283,48.9513053894043,11465,0.0,0.0
2023-12-20 00:00:00-05:00,49.60182458457878,51.55337302210939,44.88558614609734,46.02398681640625,15460,0.0,0.0
2023-12-21 00:00:00-05:00,46.84001361621055,50.59374158545525,46.67680737561293,50.1041259765625,7010,0.2,0.0
2023-12-22 00:00:00-05:00,50.430535113503964,51.08335695999946,48.47206957401747,48.96168518066406,7505,0.0,0.0
2023-12-26 00:00:00-05:00,48.96168518066406,50.104125746706266,47.003216528277456,48.96168518066406,9040,0.0,0.0
2023-12-27 00:00:00-05:00,48.96168645701941,50.104127052843275,47.32963024178543,48.30886459350586,9260,0.0,0.0
2023-12-28 00:00:00-05:00,48.96169235869758,48.96169235869758,46.18719521321116,47.00322341918945,9180,0.0,0.0
2023-12-29 00:00:00-05:00,47.32963470709482,48.1456628916999,43.41270004357052,44.555137634277344,14655,0.0,0.0
2024-01-02 00:00:00-05:00,44.555131774658086,45.04475048876976,43.24948809616044,44.71833801269531,6790,0.0,0.0
2024-01-03 00:00:00-05:00,44.065518228442926,45.94238227114841,41.94384637371502,42.5966682434082,11575,0.0,0.0
2024-01-04 00:00:00-05:00,42.59667553281742,43.08629124064835,40.96461902284665,41.78064727783203,13290,0.0,0.0
2024-01-05 00:00:00-05:00,41.61743678336221,42.596671212609635,40.638202354114775,40.96461486816406,9490,0.0,0.0
2024-01-08 00:00:00-05:00,41.291019676400396,42.92307583930792,41.291019676400396,42.4334602355957,2515,0.0,0.0
2024-01-09 00:00:00-05:00,42.433461299321145,43.16788783620024,40.63819885253906,40.63819885253906,5505,0.0,0.0
2024-01-10 00:00:00-05:00,40.63820474073058,41.78064549409635,38.51653261350914,40.474998474121094,12695,0.0,0.0
2024-01-11 00:00:00-05:00,41.127818095560116,41.127818095560116,38.516527514224514,39.49576187133789,6040,0.0,0.0
2024-01-12 00:00:00-05:00,39.985377493444474,40.96461185055785,39.16934938133336,39.49576187133789,3200,0.0,0.0
2024-01-16 00:00:00-05:00,39.16935042924764,40.148584812558894,39.16935042924764,39.658966064453125,7565,0.0,0.0
2024-01-17 00:00:00-05:00,39.16935442463593,39.495766956668135,35.74203528990016,36.55806350708008,11130,0.0,0.0
2024-01-18 00:00:00-05:00,36.394857241063974,37.37409172425999,35.08921333873635,36.55806350708008,5130,0.0,0.0
2024-01-19 00:00:00-05:00,36.884467970042955,39.16934585571289,36.06843993138227,39.16934585571289,4125,0.0,0.0
2024-01-22 00:00:00-05:00,39.00614388936291,40.63820014509274,39.00614388936291,39.98537826538086,4280,0.0,0.0
2024-01-23 00:00:00-05:00,40.638202354114775,41.61743678336221,40.148586695941276,40.96461486816406,3605,0.0,0.0
2024-01-24 00:00:00-05:00,41.780645153830115,42.92308278499113,40.4749981444882,40.80141067504883,3730,0.0,0.0
2024-01-25 00:00:00-05:00,41.78064623793296,44.22873094195754,41.07886145804847,42.1070556640625,6090,0.0,0.0
2024-01-26 00:00:00-05:00,42.433457899220656,42.433457899220656,41.04620961455076,41.4542236328125,1240,0.0,0.0
2024-01-29 00:00:00-05:00,41.4542340285941,42.59667481138517,39.16935557591267,40.148590087890625,3565,0.0,0.0
2024-01-30 00:00:00-05:00,39.658966950064304,43.90231396390296,39.658966950064304,41.29102325439453,5085,0.0,0.0
2024-01-31 00:00:00-05:00,40.80141389384827,41.61744217172524,37.86371333865153,38.02691650390625,4395,0.0,0.0
2024-02-01 00:00:00-05:00,38.51653360556093,41.78064657022032,37.86371163520919,40.148590087890625,3030,0.0,0.0
2024-02-02 00:00:00-05:00,39.4957655089077,39.65896865604081,37.04768094710517,37.21088409423828,4075,0.0,0.0
2024-02-05 00:00:00-05:00,37.21088165389454,37.700500401885435,34.27318161755034,34.59959411621094,5635,0.0,0.0
2024-02-06 00:00:00-05:00,34.27318249012775,37.700501361720605,34.27318249012775,36.231651306152344,3215,0.0,0.0
2024-02-07 00:00:00-05:00,36.72126695370831,37.863707615206046,35.25241689814005,36.231651306152344,2720,0.0,0.0
2024-02-08 00:00:00-05:00,36.23165173689479,38.32068184506287,35.90523922604333,37.04767990112305,3445,0.0,0.0
2024-02-09 00:00:00-05:00,37.700501361720605,39.49576392425975,35.57882629221057,36.231651306152344,2650,0.0,0.0
2024-02-12 00:00:00-05:00,35.74202796803105,36.23164666577941,31.988300183126867,34.27317810058594,16850,0.0,0.0
2024-02-13 00:00:00-05:00,34.109982460860024,34.109982460860024,30.19304722696861,30.682662963867188,11010,0.0,0.0
2024-02-14 00:00:00-05:00,30.519455226858465,34.43638987465676,30.519455226858465,33.865169525146484,6465,0.0,0.0
2024-02-15 00:00:00-05:00,33.130737585406415,34.925999918017105,31.825093950544083,34.27317810058594,4470,0.0,0.0
2024-02-16 00:00:00-05:00,34.76280321186472,34.76280321186472,32.641130945563425,33.29395294189453,2785,0.0,0.0
2024-02-20 00:00:00-05:00,32.641121441478674,33.293943247728265,29.458610855774534,31.335477828979492,16110,0.0,0.0
2024-02-21 00:00:00-05:00,30.356247974914716,31.172276129547367,28.071369764523364,28.724191665649414,6900,0.0,0.0
2024-02-22 00:00:00-05:00,29.377012781244115,30.029834664913928,29.377012781244115,29.458614349365234,6720,0.0,0.0
2024-02-23 00:00:00-05:00,29.377009256373725,30.193037291272994,28.72418745103429,29.86662483215332,6225,0.0,0.0
2024-02-26 00:00:00-05:00,29.54022389973614,30.682661606250313,29.54022389973614,29.70343017578125,5350,0.0,0.0
2024-02-27 00:00:00-05:00,29.377018923537026,31.82510383383178,28.234578053572434,30.682662963867188,4310,0.0,0.0
2024-02-28 00:00:00-05:00,30.356244507341163,30.68265386416848,29.54021644592285,29.54021644592285,1505,0.0,0.0
2024-02-29 00:00:00-05:00,30.51945074220483,30.51945074220483,28.77314807593363,29.54021644592285,3490,0.0,0.0
2024-03-01 00:00:00-05:00,30.584733977120383,30.584733977120383,29.377012716757285,30.19304084777832,2165,0.0,0.0
2024-03-04 00:00:00-05:00,30.51945074220483,30.51945074220483,29.377010211059186,29.54021644592285,2875,0.0,0.0
2024-03-05 00:00:00-05:00,30.19304172140811,30.356247974914716,28.56098541214281,28.724191665649414,2670,0.0,0.0
2024-03-06 00:00:00-05:00,28.7241909763922,30.356247246495165,28.57730566305091,30.029834747314453,3205,0.0,0.0
2024-03-07 00:00:00-05:00,30.029834395610084,32.641125019771884,29.70342501315252,32.31471252441406,9035,0.0,0.0
2024-03-08 00:00:00-05:00,31.33547809034912,34.632229017632774,29.050597080067458,31.009065628051758,11025,0.0,0.0
2024-03-11 00:00:00-04:00,31.66188717565433,33.93044723260904,31.00906536940474,31.335477828979492,9405,0.0,0.0
2024-03-12 00:00:00-04:00,32.15151085730821,33.78356718279796,31.00907018430523,31.498685836791992,5795,0.0,0.0
2024-03-13 00:00:00-04:00,31.661890361001497,32.96753721775531,31.172274735281462,32.6411247253418,4715,0.0,0.0
2024-03-14 00:00:00-04:00,32.477099049792486,32.477099049792486,29.852689407074642,31.00086784362793,6420,0.2,0.0
2024-03-15 00:00:00-04:00,30.344763344474845,32.31307356958766,30.344763344474845,31.32891845703125,7840,0.0,0.0
2024-03-18 00:00:00-04:00,31.985023023918657,32.313075793529926,30.34476543294847,31.00086784362793,5315,0.0,0.0
2024-03-19 00:00:00-04:00,30.50879193556497,30.50879193556497,28.048405539608815,28.540481567382812,9150,0.0,0.0
2024-03-20 00:00:00-04:00,28.376455181943786,29.032560723699895,26.900223970078706,28.540481567382812,11185,0.0,0.0
2024-03-21 00:00:00-04:00,29.196585521411453,29.52463830960211,27.55632783754467,29.032562255859375,10645,0.0,0.0
2024-03-22 00:00:00-04:00,29.68866470369744,29.68866470369744,28.048407019830655,29.032562255859375,9980,0.0,0.0
2024-03-25 00:00:00-04:00,28.54048144303441,29.68866300756199,28.048405417404346,28.70450782775879,9635,0.0,0.0
2024-03-26 00:00:00-04:00,28.04840566322606,29.03256085165459,27.88437927706412,28.376455307006836,5215,0.0,0.0
2024-03-27 00:00:00-04:00,28.868534212483166,29.032560597207546,28.048405417404346,28.70450782775879,2355,0.0,0.0
2024-03-28 00:00:00-04:00,29.03256085165459,29.524636881597303,28.04840566322606,28.376455307006836,3645,0.0,0.0
2024-04-01 00:00:00-04:00,27.88438158415871,28.048407983891845,26.90022631430326,27.22827911376953,6355,0.0,0.0
2024-04-02 00:00:00-04:00,27.064249893109,28.048405060385207,26.080094725832794,27.556325912475586,5515,0.0,0.0
2024-04-03 00:00:00-04:00,27.06424780452953,28.37645250727142,26.900221434551096,27.884376525878906,3610,0.0,0.0
2024-04-04 00:00:00-04:00,28.21242962871328,28.376452872258643,26.408145792828797,26.572172164916992,4505,0.0,0.0
2024-04-05 00:00:00-04:00,26.0800921668046,27.06424723751364,25.259963462637522,26.90022087097168,7780,0.0,0.0
2024-04-08 00:00:00-04:00,27.228276606491544,28.032002449776233,26.244121427260655,26.40814781188965,4000,0.0,0.0
2024-04-09 00:00:00-04:00,26.572172164916992,27.392300896815136,26.408145792828797,26.572172164916992,3545,0.0,0.0
2024-04-10 00:00:00-04:00,26.080094431165236,26.572173573515066,25.42399203657512,25.5880184173584,5775,0.0,0.0
2024-04-11 00:00:00-04:00,26.080092064499198,27.720349466399057,25.423989729447797,27.064247131347656,4890,0.0,0.0
2024-04-12 00:00:00-04:00,27.064251104758817,27.720353536135246,25.423993462046163,25.752044677734375,4425,0.0,0.0
2024-04-15 00:00:00-04:00,26.244123596674207,27.392305255446036,25.752045966382234,26.080097198486328,4620,0.0,0.0
2024-04-16 00:00:00-04:00,25.91607093811035,26.24412215215801,25.423993334903074,25.91607093811035,4055,0.0,0.0
2024-04-17 00:00:00-04:00,26.24411964416504,27.064248383045197,25.916068461467262,26.24411964416504,1535,0.0,0.0
2024-04-18 00:00:00-04:00,26.080097198486328,26.900226060882396,25.752045966382234,26.080097198486328,2980,0.0,0.0
2024-04-19 00:00:00-04:00,25.916067364534,26.90022087097168,25.75204099799204,26.90022087097168,4495,0.0,0.0
2024-04-22 00:00:00-04:00,26.57217419651864,26.900223837233558,25.916070222274204,26.40814781188965,4930,0.0,0.0
2024-04-23 00:00:00-04:00,26.244122427824045,28.376456123667474,26.244122427824045,28.212432861328125,7640,0.0,0.0
2024-04-24 00:00:00-04:00,27.720349575138762,27.802364322681104,26.73619450442972,26.90022087097168,6895,0.0,0.0
2024-04-25 00:00:00-04:00,26.244121427260655,27.884379016464447,25.719239499282335,26.40814781188965,4880,0.0,0.0
2024-04-26 00:00:00-04:00,27.228276606491544,27.228276606491544,25.75204383764521,26.40814781188965,1705,0.0,0.0
2024-04-29 00:00:00-04:00,26.572173573515066,26.834614531351114,25.42399203657512,25.5880184173584,7075,0.0,0.0
2024-04-30 00:00:00-04:00,25.259965655791845,26.080094431165236,25.259965655791845,25.5880184173584,3535,0.0,0.0
2024-05-01 00:00:00-04:00,25.75204383764521,27.06425022186255,25.75204383764521,26.40814781188965,1695,0.0,0.0
2024-05-02 00:00:00-04:00,27.392302991120538,27.392302991120538,25.9980834145887,26.40814781188965,2025,0.0,0.0
2024-05-03 00:00:00-04:00,26.736197452604564,27.06425022186255,25.916070222274204,26.40814781188965,3260,0.0,0.0
2024-05-06 00:00:00-04:00,26.408147374632783,27.884378554764663,26.244120992719683,27.720352172851562,3550,0.0,0.0
2024-05-07 00:00:00-04:00,28.04840642152122,28.04840642152122,26.73619842529297,26.73619842529297,2315,0.0,0.0
2024-05-08 00:00:00-04:00,26.900226060882396,27.064252459070275,25.916072364570113,26.080097198486328,2190,0.0,0.0
2024-05-09 00:00:00-04:00,26.408146657406178,26.408146657406178,23.94776038116106,24.603862762451172,6735,0.0,0.0
2024-05-10 00:00:00-04:00,24.931913263310292,25.423990817799403,24.275810900172424,25.09593963623047,3400,0.0,0.0
2024-05-13 00:00:00-04:00,25.259965896606445,25.86686257272749,24.603863495761413,25.259965896606445,2790,0.0,0.0
2024-05-14 00:00:00-04:00,25.590164925899206,26.415654117057244,25.259969564335126,26.085458755493164,1775,0.2,0.0
2024-05-15 00:00:00-04:00,26.41565111562164,26.41565111562164,25.590162018258464,25.755260467529297,2830,0.0,0.0
2024-05-16 00:00:00-04:00,25.590161719608933,27.736432088108778,24.764672631879613,26.745847702026367,5525,0.0,0.0
2024-05-17 00:00:00-04:00,26.58075181506161,27.24114251905872,24.76467501732611,25.590164184570312,11645,0.0,0.0
2024-05-20 00:00:00-04:00,25.094871096305244,26.580752585087122,24.434480373177088,26.085458755493164,4840,0.0,0.0
2024-05-21 00:00:00-04:00,26.58075181506161,26.58075181506161,25.590164184570312,25.590164184570312,3405,0.0,0.0
2024-05-22 00:00:00-04:00,25.259968832571758,26.08545799981596,24.946282067301404,25.590164184570312,3565,0.0,0.0
2024-05-23 00:00:00-04:00,25.59016331703239,26.250553998641443,24.599575720123223,25.920358657836914,6150,0.0,0.0
2024-05-24 00:00:00-04:00,26.41565392853562,26.41565392853562,21.958012642994365,23.77408790588379,27745,0.0,0.0
2024-05-28 00:00:00-04:00,24.104281848190634,24.764672484649772,22.22216617253888,23.031145095825195,6640,0.0,0.0
2024-05-29 00:00:00-04:00,22.453301529600587,23.774082675875064,21.62781252593138,21.9580078125,12565,0.0,0.0
2024-05-30 00:00:00-04:00,22.12310772051541,22.12310772051541,20.967423270845895,21.462717056274414,22055,0.0,0.0
2024-05-31 00:00:00-04:00,21.462717056274414,21.79291238839491,21.049972497499905,21.462717056274414,10550,0.0,0.0
2024-06-03 00:00:00-04:00,21.79291200482771,23.939183987578698,21.62781512892103,23.278793334960938,4705,0.0,0.0
2024-06-04 00:00:00-04:00,23.278790533269795,23.278790533269795,21.62781252593138,21.9580078125,3300,0.0,0.0
2024-06-05 00:00:00-04:00,22.453301529600587,22.453301529600587,21.46271409539941,21.9580078125,4235,0.0,0.0
2024-06-06 00:00:00-04:00,21.95800805454424,22.45330177710448,21.627812764335864,21.792909622192383,2870,0.0,0.0
2024-06-07 00:00:00-04:00,21.627811505372847,22.783495741077026,19.646636730456823,19.811735153198242,15925,0.0,0.0
2024-06-10 00:00:00-04:00,19.81173731096211,20.802324806308384,18.98624825633869,19.646638870239258,10515,0.0,0.0
2024-06-11 00:00:00-04:00,19.646641269765897,20.637228886096786,19.646641269765897,20.30703353881836,10110,0.0,0.0
2024-06-12 00:00:00-04:00,20.30703353881836,20.472130425209766,19.993346778032148,20.30703353881836,6185,0.0,0.0
2024-06-13 00:00:00-04:00,19.976837521174716,22.288206449056418,19.976837521174716,21.297618865966797,5310,0.0,0.0
2024-06-14 00:00:00-04:00,20.637228886096786,21.297619580653638,19.811739730652917,20.30703353881836,14705,0.0,0.0
2024-06-17 00:00:00-04:00,20.63722801208496,21.11601163898551,19.97683734549646,20.63722801208496,2930,0.0,0.0
2024-06-18 00:00:00-04:00,20.637227209079104,21.29761784997144,19.976836568186766,20.14193344116211,8550,0.0,0.0
2024-06-20 00:00:00-04:00,20.3070329402523,20.96742361534361,19.811739146686037,20.472129821777344,5425,0.0,0.0
2024-06-21 00:00:00-04:00,20.472125695173418,20.472125695173418,19.316441459469235,19.811735153198242,24755,0.0,0.0
2024-06-24 00:00:00-04:00,19.8117396263519,22.37075630965481,19.8117396263519,21.132522583007812,5730,0.0,0.0
2024-06-25 00:00:00-04:00,20.802328502513095,20.802328502513095,18.656056264238618,18.738605499267578,11860,0.0,0.0
2024-06-26 00:00:00-04:00,18.986250801656084,19.151349264512216,18.49095698758332,18.656055450439453,10885,0.0,0.0
2024-06-27 00:00:00-04:00,18.986251831054688,19.481545671981344,18.65605646193549,18.986251831054688,6645,0.0,0.0
2024-06-28 00:00:00-04:00,19.811740749893822,20.80232841718679,18.65605618771582,19.151350021362305,57190,0.0,0.0
2024-07-01 00:00:00-04:00,19.15134864848958,19.481543989085143,18.656054850348447,18.821151733398438,7145,0.0,0.0
2024-07-02 00:00:00-04:00,18.49095698758332,19.23389692144465,18.49095698758332,18.656055450439453,5885,0.0,0.0
2024-07-03 00:00:00-04:00,19.151350302862145,19.151350302862145,18.49095799012803,18.986251831054688,3470,0.0,0.0
2024-07-05 00:00:00-04:00,18.490956392802875,19.068799419716793,18.490956392802875,18.821151733398438,8665,0.0,0.0
2024-07-08 00:00:00-04:00,19.646642569293086,19.646642569293086,18.65605646193549,18.986251831054688,8545,0.0,0.0
2024-07-09 00:00:00-04:00,18.821151733398438,19.976837787226277,18.490956392802875,18.821151733398438,21220,0.0,0.0
2024-07-10 00:00:00-04:00,19.481545671981344,19.481545671981344,18.65605646193549,18.986251831054688,3715,0.0,0.0
2024-07-11 00:00:00-04:00,19.151350302862145,19.316447200173887,18.82115335924723,18.986251831054688,6570,0.0,0.0
2024-07-12 00:00:00-04:00,19.481543989085143,19.481543989085143,18.656054850348447,18.821151733398438,4710,0.0,0.0
2024-07-15 00:00:00-04:00,19.646642280513095,19.646642280513095,18.65605618771582,19.151350021362305,5805,0.0,0.0
2024-07-16 00:00:00-04:00,19.151350302862145,19.16785889044632,18.82115335924723,18.986251831054688,8680,0.0,0.0
2024-07-17 00:00:00-04:00,18.821153240478303,19.31644707827946,18.111233594975825,18.32586097717285,11620,0.0,0.0
2024-07-18 00:00:00-04:00,18.656055450439453,18.986250801656084,18.325860099222822,18.656055450439453,3750,0.0,0.0
2024-07-19 00:00:00-04:00,18.8211545576238,18.98625303994337,18.49095916748047,18.49095916748047,5115,0.0,0.0
2024-07-22 00:00:00-04:00,18.65605646193549,18.986251831054688,18.32586109281629,18.986251831054688,9640,0.0,0.0
2024-07-23 00:00:00-04:00,18.82115335924723,19.56409490788507,18.65605646193549,18.986251831054688,23495,0.0,0.0
2024-07-24 00:00:00-04:00,18.98625303994337,18.98625303994337,18.325862259656713,18.49095916748047,3805,0.0,0.0
2024-07-25 00:00:00-04:00,18.82115335924723,19.316447200173887,18.32586109281629,18.986251831054688,5225,0.0,0.0
2024-07-26 00:00:00-04:00,18.986251831054688,19.316447200173887,18.65605646193549,18.986251831054688,2940,0.0,0.0
2024-07-29 00:00:00-04:00,18.98624626601495,19.15134468943057,17.665463602175727,17.99565887451172,9770,0.0,0.0
2024-07-30 00:00:00-04:00,18.325862259656713,18.65605764980004,17.830568387193807,18.49095916748047,4530,0.0,0.0
2024-07-31 00:00:00-04:00,18.656054850348447,19.15134864848958,18.490956392802875,18.821151733398438,6240,0.0,0.0
2024-08-01 00:00:00-04:00,18.821153240478303,18.986251711243924,17.99566403564161,18.32586097717285,5775,0.0,0.0
2024-08-02 00:00:00-04:00,18.160760779021583,18.292838913273005,16.674880981445312,16.674880981445312,9575,0.0,0.0
2024-08-05 00:00:00-04:00,17.00507686797707,17.00507686797707,15.997979093564199,16.344684600830078,14760,0.0,0.0
2024-08-06 00:00:00-04:00,16.179585873631858,17.170171799877423,16.179585873631858,16.476760864257812,12450,0.0,0.0
2024-08-07 00:00:00-04:00,16.344684333428084,17.00507658977094,16.344684333428084,16.509782791137695,3395,0.0,0.0
2024-08-08 00:00:00-04:00,16.509781940493525,17.335271037518204,16.509781940493525,16.839977264404297,4935,0.0,0.0
2024-08-09 00:00:00-04:00,17.335267025713268,17.8305606842041,16.50977811972692,17.8305606842041,3230,0.0,0.0
2024-08-12 00:00:00-04:00,14.858802852497153,15.436645815447983,12.052140406368995,12.92715835571289,49455,0.0,0.0
2024-08-13 00:00:00-04:00,12.415357105554358,12.877631387897175,12.233749267428841,12.38233757019043,15795,0.0,0.0
2024-08-14 00:00:00-04:00,12.052142280567907,12.547435313657655,11.887043815623498,11.969593048095703,15095,0.0,0.0
2024-08-15 00:00:00-04:00,12.50529455488087,15.367953287074208,12.05329597574682,14.899212837219238,24225,0.2,0.0
2024-08-16 00:00:00-04:00,14.982915986105974,14.982915986105974,13.409291959290014,14.112401008605957,8820,0.0,0.0
2024-08-19 00:00:00-04:00,14.06217726222795,14.564398220846751,13.308846622557954,13.811067581176758,7455,0.0,0.0
2024-08-20 00:00:00-04:00,13.995214888136974,14.06217757768724,12.572257336064734,13.241884231567383,4435,0.0,0.0
2024-08-21 00:00:00-04:00,13.409292551490964,14.396993478508259,13.057738011307123,13.760847091674805,5295,0.0,0.0
2024-08-22 00:00:00-04:00,14.229584807293971,14.229584807293971,13.141439927084555,13.258625030517578,6930,0.0,0.0
2024-08-23 00:00:00-04:00,13.559957864422056,14.162622055267947,13.057736907125607,13.91151237487793,5950,0.0,0.0
2024-08-26 00:00:00-04:00,13.894771808668398,14.56439871171796,12.65596044151024,13.978475570678711,16965,0.0,0.0
2024-08-27 00:00:00-04:00,14.14588160334171,14.14588160334171,13.375809860851856,13.559958457946777,3370,0.0,0.0
2024-08-28 00:00:00-04:00,13.861289111876362,14.062177174771218,12.823366655328066,12.9405517578125,5490,0.0,0.0
2024-08-29 00:00:00-04:00,13.392550682184591,13.894771652069805,12.806626749490661,13.241884231567383,4990,0.0,0.0
2024-08-30 00:00:00-04:00,13.392550682184591,13.894771652069805,12.588997609323187,13.241884231567383,5955,0.0,0.0
2024-09-03 00:00:00-04:00,13.392550406864913,13.643660088387064,13.057736965996574,13.258625030517578,9765,0.0,0.0
2024-09-04 00:00:00-04:00,12.907070396110456,13.39255027989603,12.890329325096648,12.990774154663086,2920,0.0,0.0
2024-09-05 00:00:00-04:00,13.325587779963257,13.89477143031479,12.739663856620439,13.392550468444824,2635,0.0,0.0
2024-09-06 00:00:00-04:00,13.308847165916495,13.392550928523061,12.588997840881348,12.588997840881348,5730,0.0,0.0
2024-09-09 00:00:00-04:00,12.538775270017455,13.141440277928332,11.718481918861126,12.136999130249023,14735,0.0,0.0
2024-09-10 00:00:00-04:00,12.203959631184265,12.237440970159415,11.835664902457621,12.153738021850586,4360,0.0,0.0
2024-09-11 00:00:00-04:00,12.522035055847649,12.522035055847649,12.003073807064522,12.27092456817627,4595,0.0,0.0
2024-09-12 00:00:00-04:00,12.722921590916554,12.722921590916554,12.120256652903677,12.254182815551758,2800,0.0,0.0
2024-09-13 00:00:00-04:00,12.555515751382107,12.689441125008871,12.120257488836927,12.43833065032959,7110,0.0,0.0
2024-09-16 00:00:00-04:00,12.706182397115866,13.2418839001088,11.50085241886535,11.83566665649414,7690,0.0,0.0
2024-09-17 00:00:00-04:00,11.718481063842773,12.555515425545828,11.38366763846482,11.718481063842773,8125,0.0,0.0
2024-09-18 00:00:00-04:00,11.751962422581151,12.220702017014636,11.634777324408237,11.668258666992188,8380,0.0,0.0
2024-09-19 00:00:00-04:00,11.551074351153797,12.388108712856852,11.551074351153797,11.718481063842773,10375,0.0,0.0
2024-09-20 00:00:00-04:00,11.618038231488113,11.986333037293871,11.55107553952343,11.75196361541748,16075,0.0,0.0
2024-09-23 00:00:00-04:00,11.718482949126457,11.986333732520977,10.931670873775905,11.534335136413574,12680,0.0,0.0
2024-09-24 00:00:00-04:00,11.299965503060472,11.802186511388696,11.299965503060472,11.63477897644043,6280,0.0,0.0
2024-09-25 00:00:00-04:00,11.316705781471775,11.584556541373704,10.881447498372907,11.400408744812012,10510,0.0,0.0
2024-09-26 00:00:00-04:00,11.55107480820097,11.718481527513813,11.132557610789764,11.601296424865723,16980,0.0,0.0
2024-09-27 00:00:00-04:00,11.417149622917373,11.885888444800752,11.06559510737573,11.500852584838867,10030,0.0,0.0
2024-09-30 00:00:00-04:00,11.283223344482087,11.852406992713979,11.03211366274045,11.182779312133789,12115,0.0,0.0
2024-10-01 00:00:00-04:00,10.84796641156176,11.048854486269253,9.893746859313804,10.010931968688965,25060,0.0,0.0
2024-10-02 00:00:00-04:00,10.12811699243803,10.948410356354406,10.12811699243803,10.379226684570312,13010,0.0,0.0
2024-10-03 00:00:00-04:00,10.429449481690698,10.714041327944809,10.128117361205431,10.228561401367188,8980,0.0,0.0
2024-10-04 00:00:00-04:00,10.49641100262236,10.54663341622224,10.211819188158792,10.329004287719727,3825,0.0,0.0
2024-10-07 00:00:00-04:00,10.54663405391695,11.13255799063273,9.927227973937988,9.927227973937988,11625,0.0,0.0
2024-10-08 00:00:00-04:00,10.211819574023693,10.211819574023693,9.207378448395794,9.341303825378418,21235,0.0,0.0
2024-10-09 00:00:00-04:00,9.391527431372689,9.843526035114781,8.80560343367121,9.190638542175293,12595,0.0,0.0
2024-10-10 00:00:00-04:00,9.157156240565856,10.24530115061415,8.973009242167734,9.927227973937988,68430,0.0,0.0
2024-10-11 00:00:00-04:00,10.02767259859254,11.048854878677725,9.52545239398708,10.546634674072266,22755,0.0,0.0
2024-10-14 00:00:00-04:00,10.54663341622224,11.048853560930139,10.211819188158792,10.329004287719727,6315,0.0,0.0
2024-10-15 00:00:00-04:00,10.379226176494667,10.546633694065713,10.077894081731552,10.312263488769531,2625,0.0,0.0
2024-10-16 00:00:00-04:00,10.54663421033616,10.54663421033616,10.21181995706271,10.379226684570312,3785,0.0,0.0
2024-10-17 00:00:00-04:00,10.061155050203704,10.379227457010531,9.458489988066702,9.609155654907227,10475,0.0,0.0
2024-10-18 00:00:00-04:00,9.542192349521502,10.044413335605054,9.391526692303037,9.960709571838379,11505,0.0,0.0
2024-10-21 00:00:00-04:00,10.044414695014227,10.044414695014227,9.542193640960173,9.81004524230957,347450,0.0,0.0
2024-10-22 00:00:00-04:00,11.233002823210809,11.551076022470735,8.805603142356492,10.128117561340332,349390,0.0,0.0
2024-10-23 00:00:00-04:00,9.877007093724298,11.199521517646241,9.709600356188284,11.132558822631836,50375,0.0,0.0
2024-10-24 00:00:00-04:00,11.1325578196225,11.1325578196225,10.09463534215456,10.211819648742676,20270,0.0,0.0
2024-10-25 00:00:00-04:00,10.044413667274428,10.395968209489695,9.625896431137994,9.676118850708008,20050,0.0,0.0
2024-10-28 00:00:00-04:00,9.877006741461235,10.714041197546793,9.625896244983915,10.412708282470703,17425,0.0,0.0
2024-10-29 00:00:00-04:00,10.379225061912166,10.56337283251052,9.893745228909514,10.044411659240723,15740,0.0,0.0
2024-10-30 00:00:00-04:00,9.877006428703327,10.462930369758135,9.726339975936174,10.295523643493652,13020,0.0,0.0
2024-10-31 00:00:00-04:00,10.211819662994536,10.379226385681354,9.709599494934082,9.709599494934082,9710,0.0,0.0
2024-11-01 00:00:00-04:00,10.044413080584437,10.312263840624054,9.709599630534914,9.927227973937988,14235,0.0,0.0
2024-11-04 00:00:00-05:00,9.977448978706434,10.061152728503355,9.558931826238071,10.044411659240723,17035,0.0,0.0
2024-11-05 00:00:00-05:00,9.994189249710947,10.211818360576444,9.793301208108081,10.044411659240723,8040,0.0,0.0
2024-11-06 00:00:00-05:00,10.044413229555108,11.048854392858969,9.843525156545983,10.379226684570312,21185,0.0,0.0
2024-11-07 00:00:00-05:00,11.132558133826974,11.71848207807929,10.010931864346638,10.429449081420898,130450,0.0,0.0
2024-11-08 00:00:00-05:00,10.19507979108177,10.563374595486993,9.877006606329953,9.960709571838379,26255,0.0,0.0
2024-11-11 00:00:00-05:00,10.044412633541334,10.094635047942647,8.035530426136345,8.152714729309082,76345,0.0,0.0
2024-11-12 00:00:00-05:00,8.5377510923133,9.47522956536552,8.202937637029736,8.956268310546875,29540,0.0,0.0
2024-11-13 00:00:00-05:00,8.956267802641488,8.956267802641488,7.784419977345667,8.3870849609375,42800,0.0,0.0
2024-11-14 00:00:00-05:00,8.420566693330658,8.872565252328002,8.370344276438402,8.638195037841797,19230,0.0,0.0
2024-11-15 00:00:00-05:00,8.989748705385663,8.989748705385663,8.219677041412329,8.353602409362793,38970,0.0,0.0
2024-11-18 00:00:00-05:00,8.353603396004331,8.872565455494074,8.353603396004331,8.537751197814941,20285,0.0,0.0
2024-11-19 00:00:00-05:00,8.387085290153493,9.307822675239324,8.370344218552438,9.240859985351562,12585,0.0,0.0
2024-11-20 00:00:00-05:00,9.374784780171074,9.391525850727541,8.906045980204519,9.039971351623535,10855,0.0,0.0
2024-11-21 00:00:00-05:00,8.889305686685493,9.324563980102539,8.889305686685493,9.324563980102539,11360,0.0,0.0
2024-11-22 00:00:00-05:00,9.374786455727719,9.441749153405476,8.521011661207138,8.872566223144531,21295,0.0,0.0
2024-11-25 00:00:00-05:00,9.35031791659975,9.384443131807405,8.804313659667969,8.804313659667969,13295,0.2,0.0
2024-11-26 00:00:00-05:00,8.872564619163676,9.111441953471074,8.480124214069358,8.650751113891602,18230,0.0,0.0
2024-11-27 00:00:00-05:00,8.70193709313753,8.70193709313753,8.275371541379718,8.53131103515625,18250,0.0,0.0
2024-11-29 00:00:00-05:00,8.855502114562674,8.95787776279001,8.599562587189665,8.872564315795898,8640,0.0,0.0
2024-12-02 00:00:00-05:00,9.043191209784123,9.21381729016302,8.616625602032219,8.872564315795898,10860,0.0,0.0
2024-12-03 00:00:00-05:00,8.8725653399859,9.043192253670163,8.121810499656606,8.292436599731445,32605,0.0,0.0
2024-12-04 00:00:00-05:00,8.360685102625139,8.70193722370811,8.292434678408545,8.54837417602539,6345,0.0,0.0
2024-12-05 00:00:00-05:00,8.497187010055766,9.009066069084525,8.326560928249293,8.582500457763672,8750,0.0,0.0
2024-12-06 00:00:00-05:00,8.616625770908295,9.333255322544785,8.292435805029973,9.196754455566406,21360,0.0,0.0
2024-12-09 00:00:00-05:00,9.21381736476514,9.742758625027097,8.923752618967766,9.725695610046387,22600,0.0,0.0
2024-12-10 00:00:00-05:00,9.74275815070684,9.964572453001153,9.384442989649655,9.828071594238281,14015,0.0,0.0
2024-12-11 00:00:00-05:00,9.845134681192818,9.896322914642312,9.418569052348053,9.555069923400879,7725,0.0,0.0
2024-12-12 00:00:00-05:00,9.384442643059597,9.828071231263953,8.565436707120934,8.66781234741211,9125,0.0,0.0
2024-12-13 00:00:00-05:00,8.70193853295079,9.009066301743342,8.360686360525015,8.650751113891602,10835,0.0,0.0
2024-12-16 00:00:00-05:00,8.77018866756856,9.043191209784123,8.650750818107998,8.872564315795898,10195,0.0,0.0
2024-12-17 00:00:00-05:00,8.838438390902471,8.97494005786787,8.531311470851165,8.923751831054688,4845,0.0,0.0
2024-12-18 00:00:00-05:00,8.974939599516802,8.974939599516802,8.394810188771226,8.53131103515625,16780,0.0,0.0
2024-12-19 00:00:00-05:00,8.42893618391875,8.87256397590958,8.42893618391875,8.770188331604004,8310,0.0,0.0
2024-12-20 00:00:00-05:00,8.582499259355245,9.469755574467127,8.53131103515625,8.53131103515625,23645,0.0,0.0
2024-12-23 00:00:00-05:00,8.906688496357894,9.043190158400316,8.445997726091266,8.54837417602539,11400,0.0,0.0
2024-12-24 00:00:00-05:00,8.548376104031119,9.179693077226831,8.548376104031119,8.85550308227539,14760,0.0,0.0
2024-12-26 00:00:00-05:00,9.060253960012206,9.128504396299316,7.865870511378419,8.17299747467041,29475,0.0,0.0
2024-12-27 00:00:00-05:00,8.531310430128496,8.684874278225742,8.309496163678956,8.37774658203125,13475,0.0,0.0
2024-12-30 00:00:00-05:00,8.480124869536816,10.391139623660248,8.019433994348448,9.998699188232422,48515,0.0,0.0
2024-12-31 00:00:00-05:00,10.237575558333933,10.88595553896134,8.974941630005263,9.691571235656738,64530,0.0,0.0
2025-01-02 00:00:00-05:00,9.606257096456583,10.339949604181017,9.094378072903261,9.503881454467773,31720,0.0,0.0
2025-01-03 00:00:00-05:00,9.862197303464837,10.203449467483965,9.555069542238286,9.708633422851562,19465,0.0,0.0
2025-01-06 00:00:00-05:00,10.408200017963539,10.578826087711935,9.435631013593039,9.520943641662598,21590,0.0,0.0
2025-01-07 00:00:00-05:00,9.606258524707954,9.674508962847918,8.872565094289246,9.094379425048828,21300,0.0,0.0
2025-01-08 00:00:00-05:00,8.872564315795898,9.196754275320465,8.616625602032219,8.872564315795898,20675,0.0,0.0
2025-01-10 00:00:00-05:00,8.940814185957471,8.97494021349753,8.548374632558126,8.68487548828125,9510,0.0,0.0
2025-01-13 00:00:00-05:00,8.821376429014764,8.974940299987793,8.428936058224247,8.974940299987793,10145,0.0,0.0
2025-01-14 00:00:00-05:00,9.009065295325291,9.043190508755682,8.531311493690543,8.66781234741211,4540,0.0,0.0
2025-01-15 00:00:00-05:00,9.38444285166553,10.885953903198242,8.804313396843963,10.885953903198242,149850,0.0,0.0
2025-01-16 00:00:00-05:00,10.920079946832773,12.114463347776164,10.74945386292791,11.431958198547363,78850,0.0,0.0
2025-01-17 00:00:00-05:00,11.807335175213643,11.807335175213643,10.118135085289166,10.271698951721191,47380,0.0,0.0
2025-01-21 00:00:00-05:00,10.391138466898848,11.022455371209166,10.015760276394266,10.800641059875488,37230,0.0,0.0
2025-01-22 00:00:00-05:00,10.800640403766831,11.26133119968454,10.066947895782118,10.339949607849121,32515,0.0,0.0
2025-01-23 00:00:00-05:00,10.254637140833632,11.090705303986292,10.254637140833632,10.920079231262207,24360,0.0,0.0
2025-01-24 00:00:00-05:00,10.920079030512342,11.00539165850139,10.510575649893374,10.5958890914917,13760,0.0,0.0
2025-01-27 00:00:00-05:00,10.681203154630472,11.176019192031887,10.425263628551626,11.07364273071289,20470,0.0,0.0
2025-01-28 00:00:00-05:00,11.039516345343479,11.090704570580376,10.630013797885253,10.98832893371582,27160,0.0,0.0
2025-01-29 00:00:00-05:00,11.059914420150923,11.077811131912606,10.45144072741086,10.612506866455078,20105,0.6,0.0
2025-01-30 00:00:00-05:00,10.558819778583922,10.612508213961604,10.111412168079198,10.236685752868652,19505,0.0,0.0
2025-01-31 00:00:00-05:00,10.379855956776677,10.558818813956506,9.753484676603952,9.932448387145996,18265,0.0,0.0
2025-02-03 00:00:00-05:00,10.021930569825601,10.558820057982924,9.932449557374259,10.505130767822266,12915,0.0,0.0
2025-02-04 00:00:00-05:00,10.558819832717152,10.737782707164094,10.29037509436559,10.540923118591309,7355,0.0,0.0
2025-02-05 00:00:00-05:00,10.558818445720709,10.64829944450889,10.02192903954287,10.308270454406738,17185,0.0,0.0
2025-02-06 00:00:00-05:00,10.200893178162767,10.361960191020401,9.968241869255655,10.236685752868652,7610,0.0,0.0
2025-02-07 00:00:00-05:00,10.361959449760738,10.648300026923986,10.039826300452082,10.200892448425293,7925,0.0,0.0
2025-02-10 00:00:00-05:00,10.02192867270509,10.612506485866179,9.968240246069804,10.361958503723145,9800,0.0,0.0
2025-02-11 00:00:00-05:00,10.236685805350358,10.71988599303825,10.236685805350358,10.540923118591309,11245,0.0,0.0
2025-02-12 00:00:00-05:00,10.469336961840682,10.737781674372435,10.290374104606917,10.558818817138672,6945,0.0,0.0
2025-02-13 00:00:00-05:00,10.558818542013956,11.077811241149902,10.523025971499829,11.077811241149902,8485,0.0,0.0
2025-02-14 00:00:00-05:00,11.077811678072976,12.348449261483367,11.077811678072976,11.632596969604492,32460,0.0,0.0
2025-02-18 00:00:00-05:00,11.811559890680114,11.918937607016215,10.988329878741109,11.614700317382812,16495,0.0,0.0
2025-02-19 00:00:00-05:00,11.543115045467053,11.63259690143839,10.737781755173899,10.863056182861328,13585,0.0,0.0
2025-02-20 00:00:00-05:00,10.737782317892956,11.131500627402966,10.594612023525679,10.91674518585205,8695,0.0,0.0
2025-02-21 00:00:00-05:00,11.25677475895969,11.453634335102254,10.59461173863553,10.648300170898438,16295,0.0,0.0
2025-02-24 00:00:00-05:00,10.70198872647155,10.845159007222389,10.25458117244408,10.308270454406738,13725,0.0,0.0
2025-02-25 00:00:00-05:00,10.200892326070315,11.453634042857937,10.200892326070315,10.863056182861328,19610,0.0,0.0
2025-02-26 00:00:00-05:00,10.880952612260232,11.364152782430924,10.666197170709317,10.91674518585205,4520,0.0,0.0
2025-02-27 00:00:00-05:00,10.791472393723572,11.05991628860197,10.45144249306696,10.487235069274902,6755,0.0,0.0
2025-02-28 00:00:00-05:00,10.469335912291287,11.095706276497031,10.469335912291287,10.898847579956055,12040,0.0,0.0
2025-03-03 00:00:00-05:00,12.527413083324987,15.032895017300149,11.811560736462528,13.511710166931152,388060,0.0,0.0
2025-03-04 00:00:00-05:00,13.475917086214732,16.285637079461598,12.974820206219283,14.674968719482422,137940,0.0,0.0
2025-03-05 00:00:00-05:00,14.674967660071745,15.104478509035935,13.135886264587858,14.871828079223633,35805,0.0,0.0
2025-03-06 00:00:00-05:00,13.601190284835146,14.853932023017663,13.458019995525657,13.654879570007324,23415,0.0,0.0
2025-03-07 00:00:00-05:00,13.422226453496883,13.905426571688285,12.706374205304614,13.028508186340332,22575,0.0,0.0
2025-03-10 00:00:00-04:00,12.867441285125258,13.117989275054645,11.006225938925432,12.366344451904297,49675,0.0,0.0
2025-03-11 00:00:00-04:00,12.169485826373203,12.795856232136046,11.9905221218448,12.205278396606445,10740,0.0,0.0
2025-03-12 00:00:00-04:00,12.205278722078178,12.3842415780167,10.863056022495943,10.880951881408691,33465,0.0,0.0
2025-03-13 00:00:00-04:00,11.006226601740279,11.006226601740279,10.165099876279887,10.200892448425293,32550,0.0,0.0
2025-03-14 00:00:00-04:00,10.898847856797989,11.274670255540137,10.290373334384578,10.845158576965332,17060,0.0,0.0
2025-03-17 00:00:00-04:00,10.523025269616962,10.845158382757921,10.344062428983095,10.397750854492188,11185,0.0,0.0
2025-03-18 00:00:00-04:00,10.288493193957283,10.343121874184689,9.396216356606564,9.46905517578125,53615,0.2,0.0
2025-03-19 00:00:00-04:00,9.651152655419379,10.397750952338358,9.651152655419379,10.179234504699707,9230,0.0,0.0
2025-03-20 00:00:00-04:00,9.960717925068579,10.215654667799578,9.286958394223598,9.487265586853027,26670,0.0,0.0
2025-03-21 00:00:00-04:00,9.286958038891544,10.015347091968906,9.286958038891544,9.833250045776367,23760,0.0,0.0
2025-03-24 00:00:00-04:00,10.015346952637463,10.470589995939166,9.833249908978221,10.124605178833008,8420,0.0,0.0
2025-03-25 00:00:00-04:00,10.197444071807658,10.197444071807658,9.305168117116569,9.378006935119629,21950,0.0,0.0
2025-03-26 00:00:00-04:00,9.59652449749569,9.65115405146112,9.141281398243887,9.159491539001465,24885,0.0,0.0
2025-03-27 00:00:00-04:00,9.159490535128507,9.286958033232,9.06844157793412,9.086650848388672,26305,0.0,0.0
2025-03-28 00:00:00-04:00,9.10485984195242,9.123069978423732,8.72245565912585,9.068440437316895,35680,0.0,0.0
2025-03-31 00:00:00-04:00,9.104860833532578,9.104860833532578,8.613198383254106,8.99560260772705,27840,0.0,0.0
2025-04-01 00:00:00-04:00,8.558568567163523,9.469054621896117,8.431101075217544,9.19590950012207,27295,0.0,0.0
2025-04-02 00:00:00-04:00,9.032022115451491,9.469055023469853,8.922763888446902,9.378006935119629,19670,0.0,0.0
2025-04-03 00:00:00-04:00,8.649618333940186,9.159490954627639,8.262661550602465,8.403786659240723,127400,0.0,0.05
2025-04-04 00:00:00-04:00,8.285423705837523,10.088185734089521,8.285423705837523,8.99560260772705,67800,0.0,0.0
2025-04-07 00:00:00-04:00,8.531254827031574,9.611091245594613,8.403786457837773,9.25053882598877,23700,0.0,0.0
2025-04-08 00:00:00-04:00,9.560103980127279,9.660257137804686,9.314272318136549,9.378006935119629,33900,0.0,0.0
2025-04-09 00:00:00-04:00,9.432635675845574,10.39775132312684,9.423531474766355,9.833250045776367,71500,0.0,0.0
2025-04-10 00:00:00-04:00,9.769516857954848,9.769516857954848,8.795296867036463,9.150386810302734,30200,0.0,0.0
2025-04-11 00:00:00-04:00,9.241434023798785,13.047266387498352,9.236882357184475,12.173199653625488,220700,0.0,0.0
2025-04-14 00:00:00-04:00,12.419031588158752,13.70281694032571,12.358939515234404,12.983532905578613,128600,0.0,0.0
2025-04-15 00:00:00-04:00,12.956217426050781,13.38414615730991,11.444810564339639,11.909158706665039,59700,0.0,0.0
2025-04-16 00:00:00-04:00,11.918263813305702,12.57381408282983,11.098825759323725,12.364401817321777,15600,0.0,0.0
2025-04-17 00:00:00-04:00,12.346191851907992,12.490048648223832,12.118570327758789,12.118570327758789,18100,0.0,0.0
2025-04-21 00:00:00-04:00,11.945577962486281,12.11857081403329,11.61325073228708,11.93647289276123,15500,0.0,0.0
2025-04-22 00:00:00-04:00,11.918262912165954,13.229362483774732,11.836319026132808,12.62844181060791,32900,0.0,0.0
2025-04-23 00:00:00-04:00,12.710387126379203,12.88428997312415,12.260606556844149,12.400821685791016,9800,0.0,0.0
2025-04-24 00:00:00-04:00,12.327982145460298,12.696728784385822,12.291562735051693,12.491869926452637,13300,0.0,0.0
2025-04-25 00:00:00-04:00,12.28245742392697,12.582917770968384,11.590487771458832,12.13677978515625,24100,0.0,0.0
2025-04-28 00:00:00-04:00,11.991102439635432,12.054836191079465,11.590488054911457,11.672431945800781,21000,0.0,0.0
2025-04-29 00:00:00-04:00,11.636012726557674,12.368954353445368,11.636012726557674,12.100360870361328,18500,0.0,0.0
2025-04-30 00:00:00-04:00,11.71886725961241,13.004473406061562,11.626908313175656,12.419031143188477,49800,0.0,0.0
2025-05-01 00:00:00-04:00,12.428135292917618,12.428135292917618,11.517649165427471,11.699747085571289,15500,0.0,0.0
2025-05-02 00:00:00-04:00,11.859081990236616,12.227829513437937,11.859081990236616,11.972892761230469,13800,0.0,0.0
2025-05-05 00:00:00-04:00,11.981996892284943,12.648473034530864,11.981996892284943,12.118570327758789,14600,0.0,0.0
2025-05-06 00:00:00-04:00,11.991102494082757,12.537394523620605,11.845424851087929,12.537394523620605,8600,0.0,0.0
2025-05-07 00:00:00-04:00,12.537393791164721,13.010846103238022,12.16864630203127,12.48276424407959,65300,0.0,0.0
2025-05-08 00:00:00-04:00,12.473659596714743,12.746805604763987,12.195961922202724,12.592022895812988,22500,0.0,0.0
2025-05-09 00:00:00-04:00,12.865169583719506,14.112535522477058,12.519184737681261,13.775655746459961,50700,0.0,0.0
2025-05-12 00:00:00-04:00,14.249107076846686,14.677036654053692,13.51161382421199,13.848493576049805,77700,0.0,0.0
2025-05-13 00:00:00-04:00,14.076115277557976,14.604198019533793,13.857598819827636,14.349261283874512,26200,0.0,0.0
2025-05-14 00:00:00-04:00,15.06854435496379,15.06854435496379,14.631511441007289,15.02302074432373,26100,0.0,0.0
2025-05-15 00:00:00-04:00,14.781909928854478,15.393959656047555,14.420245185952847,15.356864929199219,31500,0.3,0.0
2025-05-16 00:00:00-04:00,15.069388046983141,15.839085950324245,15.02302140665585,15.032293319702148,36700,0.0,0.0
2025-05-19 00:00:00-04:00,14.846824841609273,15.57015609741211,14.299690001086729,15.57015609741211,21400,0.0,0.0
2025-05-20 00:00:00-04:00,15.672164629459619,15.94109612019499,15.23631215721766,15.89472770690918,9200,0.0,0.0
2025-05-21 00:00:00-04:00,15.885453021157794,16.59951062170279,15.607249634106651,15.848360061645508,23500,0.0,0.0
2025-05-22 00:00:00-04:00,15.88545324915711,16.835985334234888,15.88545324915711,16.46040916442871,28200,0.0,0.0
2025-05-23 00:00:00-04:00,16.451136229302254,16.83783977405059,16.061650402888766,16.210025787353516,12900,0.0,0.0
2025-05-27 00:00:00-04:00,16.5067754157089,17.41557679372736,16.5067754157089,16.89626121520996,28800,0.0,0.0
2025-05-28 00:00:00-04:00,16.69224433329671,17.378480832523824,16.23784456092094,16.339853286743164,10500,0.0,0.0
2025-05-29 00:00:00-04:00,16.358400596253716,16.645879441216664,15.81126572200042,15.931821823120117,29600,0.0,0.0
2025-05-30 00:00:00-04:00,15.931821361896024,15.931821361896024,15.421779462832403,15.588702201843262,12400,0.0,0.0
2025-06-02 00:00:00-04:00,15.42177920229198,15.45330936691006,15.013747812463285,15.134302139282227,21200,0.0,0.0
2025-06-03 00:00:00-04:00,15.134302960263469,16.55314452607844,15.134302960263469,16.441862106323242,14700,0.0,0.0
2025-06-04 00:00:00-04:00,16.60878449589565,16.75715987320912,16.043102264404297,16.043102264404297,16700,0.0,0.0
2025-06-05 00:00:00-04:00,16.052376440118262,16.59023764160979,16.03846680080935,16.432588577270508,18300,0.0,0.0
2025-06-06 00:00:00-04:00,16.757159640833823,17.202285766601562,16.228572145387886,17.202285766601562,13000,0.0,0.0
2025-06-09 00:00:00-04:00,17.211559769791528,17.525004215106552,17.20228608756825,17.397029876708984,13900,0.0,0.0
2025-06-10 00:00:00-04:00,17.545406126646004,17.716964834367083,16.64588013157497,16.729341506958008,29100,0.0,0.0
2025-06-11 00:00:00-04:00,16.710793321875112,17.37848252341313,16.710793321875112,16.877716064453125,5900,0.0,0.0
2025-06-12 00:00:00-04:00,16.76643322466973,17.267201439805532,16.76643322466973,17.10955238342285,4400,0.0,0.0
2025-06-13 00:00:00-04:00,16.747885749379073,16.933355850516968,16.256392988279412,16.274938583374023,11900,0.0,0.0
2025-06-16 00:00:00-04:00,16.265666957840196,16.859168461938008,16.265666957840196,16.78498077392578,9400,0.0,0.0
2025-06-17 00:00:00-04:00,16.77570723756681,16.951903661416807,15.992099665581684,16.043102264404297,18700,0.0,0.0
2025-06-18 00:00:00-04:00,16.024558339798872,16.562419580839762,15.904002227676798,16.163660049438477,23400,0.0,0.0
2025-06-20 00:00:00-04:00,16.423315025920022,16.6829728306618,16.21929931640625,16.21929931640625,17300,0.0,0.0
2025-06-23 00:00:00-04:00,16.033829641687102,16.924081866184494,16.024555959918512,16.81279945373535,9200,0.0,0.0
2025-06-24 00:00:00-04:00,16.69224440891886,17.767966684880612,16.69224440891886,17.378480911254883,9700,0.0,0.0
2025-06-25 00:00:00-04:00,17.61959275163627,18.05544519873389,17.61959275163627,17.721601486206055,14300,0.0,0.0
2025-06-26 00:00:00-04:00,18.018351880967096,18.384654358030517,17.758694093028346,18.361469268798828,18300,0.0,0.0
2025-06-27 00:00:00-04:00,18.5469385898182,18.5469385898182,17.063183148877965,17.573225021362305,34700,0.0,0.0
2025-06-30 00:00:00-04:00,18.03689953129527,18.653584355379444,17.8885241554807,18.352197647094727,81800,0.0,0.0
2025-07-01 00:00:00-04:00,18.57476010681209,18.57476010681209,17.814334119522066,18.380016326904297,9800,0.0,0.0
2025-07-02 00:00:00-04:00,18.296556319358263,18.315103684303843,17.81619088742184,18.305830001831055,16500,0.0,0.0
2025-07-03 00:00:00-04:00,18.315101368567984,18.778774820936793,18.315101368567984,18.53766441345215,4800,0.0,0.0
2025-07-07 00:00:00-04:00,18.111087605124112,18.331795229622298,17.295021251980767,17.33675193786621,15400,0.0,0.0
2025-07-08 00:00:00-04:00,17.202285766601562,17.536131245314362,17.09656968253157,17.202285766601562,8400,0.0,0.0
2025-07-09 00:00:00-04:00,17.155919596354167,17.508310680072753,17.155919596354167,17.38775634765625,3300,0.0,0.0
2025-07-10 00:00:00-04:00,17.369208592081222,17.387755956273676,17.05391047590554,17.30429458618164,13300,0.0,0.0
2025-07-11 00:00:00-04:00,16.99826894884724,17.193012721534675,16.451134125317893,16.534595489501953,14100,0.0,0.0
2025-07-14 00:00:00-04:00,16.274937224051996,17.369206838066784,16.05237418253991,16.6644229888916,26000,0.0,0.0
2025-07-15 00:00:00-04:00,16.56241755895628,16.896261267581988,16.33058081493404,16.794254302978516,10900,0.0,0.0
2025-07-16 00:00:00-04:00,16.66442485700351,17.174466765322414,16.54108824442309,16.97972297668457,8500,0.0,0.0
2025-07-17 00:00:00-04:00,17.218980289586746,17.43412335598684,16.998270891158096,17.267202377319336,13700,0.0,0.0
2025-07-18 00:00:00-04:00,17.415577006416708,17.434122601839263,16.747886045532667,16.78498077392578,6900,0.0,0.0
2025-07-21 00:00:00-04:00,16.803527932907695,17.18837600702925,16.803527932907695,16.89626121520996,6400,0.0,0.0
2025-07-22 00:00:00-04:00,16.987142937245874,18.426385511448196,16.823002477192166,17.814334869384766,14000,0.0,0.0
2025-07-23 00:00:00-04:00,18.231641310675215,18.33828600010089,17.990530885931694,18.259462356567383,6700,0.0,0.0
2025-07-24 00:00:00-04:00,17.990530632934636,19.01061264057388,17.990530632934636,19.001338958740234,28900,0.0,0.0
2025-07-25 00:00:00-04:00,19.010611999609885,19.19608209248149,18.705514422033392,18.82514190673828,7700,0.0,0.0
2025-07-28 00:00:00-04:00,19.65975677810046,19.910139119636913,18.65822210563264,19.59484100341797,28400,0.0,0.0
2025-07-29 00:00:00-04:00,20.160523893335213,20.160523893335213,19.0755278150618,19.251724243164062,11100,0.0,0.0
2025-07-30 00:00:00-04:00,19.19144544507803,19.47428655664263,18.032261721468352,18.25018882751465,7300,0.0,0.0
2025-07-31 00:00:00-04:00,17.860703737810685,19.214629531961876,17.01310897566576,17.06318473815918,15400,0.0,0.0
2025-08-01 00:00:00-04:00,16.86844264358213,17.619593228047417,16.664425168926186,17.174467086791992,15600,0.0,0.0
2025-08-04 00:00:00-04:00,17.086367711034036,17.325624467310217,16.886987965190897,17.03072738647461,10300,0.0,0.0
2025-08-05 00:00:00-04:00,17.202286752775283,17.378483184282928,17.10027978192273,17.2579288482666,4500,0.0,0.0
2025-08-06 00:00:00-04:00,17.431340933004844,18.876146193876963,17.431340933004844,18.254823684692383,9900,0.0,0.0
2025-08-07 00:00:00-04:00,17.628867541289736,18.40783920075016,16.692246813396274,17.137372970581055,20300,0.0,0.0
2025-08-08 00:00:00-04:00,16.972304947272416,17.619593115048353,16.831347806146642,16.86844253540039,11200,0.0,0.0
2025-08-11 00:00:00-04:00,16.701519722682587,18.908604809764746,16.701519722682587,18.222368240356445,26100,0.0,0.0
2025-08-12 00:00:00-04:00,18.185273971590153,19.015248134613994,17.619591774914205,18.194547653198242,25900,0.0,0.0
2025-08-13 00:00:00-04:00,18.537667263866886,18.630402322354676,17.98125868171427,18.32901382446289,11700,0.0,0.0
2025-08-14 00:00:00-04:00,18.664713481391235,19.001339474089963,18.157453860854353,18.352197647094727,7700,0.0,0.0
2025-08-15 00:00:00-04:00,18.267011330161864,18.356927829828397,17.036591551336862,17.41518211364746,22300,0.4,0.0
2025-08-18 00:00:00-04:00,16.89462025313288,17.40571705903091,16.89462025313288,17.074451446533203,14100,0.0,0.0
2025-08-19 00:00:00-04:00,16.94194353928664,17.585548400878906,16.89462039574812,17.585548400878906,20300,0.0,0.0
2025-08-20 00:00:00-04:00,17.244816742769345,17.244816742769345,16.894621132679692,17.15963363647461,14500,0.0,0.0
2025-08-21 00:00:00-04:00,17.008198485751507,17.008198485751507,16.49236822272704,16.658002853393555,9600,0.0,0.0
2025-08-22 00:00:00-04:00,16.67693246922046,17.50983178125669,16.67693246922046,17.273212432861328,15000,0.0,0.0
2025-08-25 00:00:00-04:00,17.28267607967743,17.28267607967743,16.799972429850264,16.92301368713379,46800,0.0,0.0
2025-08-26 00:00:00-04:00,16.84540503391726,17.443578720092773,16.799973801123254,17.443578720092773,7800,0.0,0.0
2025-08-27 00:00:00-04:00,17.25428297542471,17.25428297542471,16.866227376699136,16.87569236755371,2900,0.0,0.0
2025-08-28 00:00:00-04:00,17.05552173951092,17.05552173951092,16.837832389175794,16.92301368713379,10100,0.0,0.0
2025-08-29 00:00:00-04:00,16.79997412972435,17.009146274059482,16.79997412972435,16.998733520507812,3300,0.0,0.0
2025-09-02 00:00:00-04:00,16.799972429850264,17.240084528067317,16.799972429850264,16.92301368713379,15600,0.0,0.0
2025-09-03 00:00:00-04:00,16.799974561469504,17.024289252621937,16.67693328857422,16.67693328857422,6600,0.0,0.0
2025-09-04 00:00:00-04:00,16.847297979558146,17.11231231689453,16.84256638659789,17.11231231689453,5900,0.0,0.0
2025-09-05 00:00:00-04:00,16.752650712175924,17.027128219604492,16.752650712175924,17.027128219604492,6500,0.0,0.0
2025-09-08 00:00:00-04:00,16.804704662671206,16.913551147249837,16.762113109437653,16.866226196289062,7700,0.0,0.0
2025-09-09 00:00:00-04:00,16.497101683298293,16.828369140625,16.468706710866037,16.828369140625,5500,0.0,0.0
2025-09-10 00:00:00-04:00,16.84729671296279,17.315803812354545,16.468706120418233,16.59174919128418,11900,0.0,0.0
2025-09-11 00:00:00-04:00,16.65327005568,17.235353469848633,16.472492877467097,17.235353469848633,5700,0.0,0.0
2025-09-12 00:00:00-04:00,17.091490285163932,17.091490285163932,16.563355334982237,16.894622802734375,4900,0.0,0.0
2025-09-15 00:00:00-04:00,16.89462162191682,16.89462162191682,16.56335417731799,16.885156631469727,11500,0.0,0.0
2025-09-16 00:00:00-04:00,16.667467779663756,16.875692160117705,16.146904120635284,16.48763656616211,23600,0.0,0.0
2025-09-17 00:00:00-04:00,16.05698928829758,16.56335455454408,16.05698928829758,16.14690399169922,10000,0.0,0.0
2025-09-18 00:00:00-04:00,16.127975281335292,16.642857758437057,16.014397202408535,16.080650329589844,17500,0.0,0.0
2025-09-19 00:00:00-04:00,15.986001958906,16.24155127818904,15.465440135414442,15.730454444885254,29800,0.0,0.0
2025-09-22 00:00:00-04:00,15.853496746694834,15.929214867901388,15.616877392266554,15.777778625488281,29800,0.0,0.0
2025-09-23 00:00:00-04:00,15.616877693004191,15.834567070007324,15.616877693004191,15.834567070007324,19700,0.0,0.0
2025-09-24 00:00:00-04:00,15.664199020385714,15.80049270848373,15.626340866088867,15.626340866088867,8700,0.0,0.0
2025-09-25 00:00:00-04:00,15.730454414166626,15.782509152204296,15.512763250797507,15.522228240966797,7600,0.0,0.0
2025-09-26 00:00:00-04:00,15.569554097164824,15.853496597705337,15.569554097164824,15.81563663482666,8700,0.0,0.0
2025-09-29 00:00:00-04:00,15.711524663882242,15.853495907975832,15.437045360740631,15.531693458557129,14700,0.0,0.0
2025-09-30 00:00:00-04:00,15.266679846304424,15.768313524067985,15.266679846304424,15.645272254943848,19700,0.0,0.0
2025-10-01 00:00:00-04:00,15.503298952908196,15.711525135406099,15.427580833435059,15.427580833435059,7900,0.0,0.0
2025-10-02 00:00:00-04:00,15.342397916698463,15.541159111109003,15.342397916698463,15.351862907409668,3700,0.0,0.0
2025-10-03 00:00:00-04:00,15.314004086409591,15.684075639295207,14.859694480895996,14.859694480895996,5700,0.0,0.0
2025-10-06 00:00:00-04:00,14.859695226908483,15.238286734281719,14.755583036262223,14.765048027038574,13300,0.0,0.0
2025-10-07 00:00:00-04:00,14.765048045418004,14.831301175672532,13.676598475825157,13.861162185668945,29100,0.0,0.0
2025-10-08 00:00:00-04:00,13.846964198027248,14.509498184472855,13.837499207581883,14.197160720825195,20100,0.0,0.0
2025-10-09 00:00:00-04:00,14.19716079232078,14.19716079232078,13.581950852372682,13.695528030395508,20100,0.0,0.0
2025-10-10 00:00:00-04:00,14.0078652923914,14.0078652923914,13.099246978759766,13.099246978759766,13100,0.0,0.0
2025-10-13 00:00:00-04:00,13.127640914681793,13.430513381958008,12.77744439873588,13.430513381958008,14600,0.0,0.0
2025-10-14 00:00:00-04:00,13.477837330766333,14.111977231400736,13.31693610806022,13.970005989074707,8700,0.0,0.0
2025-10-15 00:00:00-04:00,13.97947159018394,13.97947159018394,13.534626960754395,13.534626960754395,7800,0.0,0.0
2025-10-16 00:00:00-04:00,13.704991379668702,13.851696016510928,13.534626073131367,13.79017448425293,11700,0.0,0.0
2025-10-17 00:00:00-04:00,13.742852256769988,14.07411880460088,13.553556055002408,13.704992294311523,16700,0.0,0.0
2025-10-20 00:00:00-04:00,13.704991642854173,14.18769530968038,13.704991642854173,13.884822845458984,8500,0.0,0.0
2025-10-21 00:00:00-04:00,13.951076490155659,13.960541480672342,13.733387124058988,13.78071117401123,6100,0.0,0.0
2025-10-22 00:00:00-04:00,13.723921961897299,14.02679443359375,13.723921961897299,14.02679443359375,5100,0.0,0.0
2025-10-23 00:00:00-04:00,14.0504566963518,14.21609041528373,13.932147026062012,13.932147026062012,4400,0.0,0.0
2025-10-24 00:00:00-04:00,13.780711543065063,14.19716120800893,13.780711543065063,14.007865905761719,4400,0.0,0.0
2025-10-27 00:00:00-04:00,13.87535837128454,13.908484935461757,13.78071117401123,13.78071117401123,3000,0.0,0.0
2025-10-28 00:00:00-04:00,13.799639701843262,13.799639701843262,13.799639701843262,13.799639701843262,1100,0.0,0.0
2025-10-29 00:00:00-04:00,14.27287907784829,14.27287907784829,13.51569697954705,13.534626960754395,6100,0.0,0.0
2025-10-30 00:00:00-04:00,14.840765199256747,16.516030549065242,14.840765199256747,15.900818824768066,141200,0.0,0.0
2025-10-31 00:00:00-04:00,15.853494812078976,16.071184158325195,15.143636835418723,16.071184158325195,25900,0.0,0.0
2025-11-03 00:00:00-05:00,16.042792177390076,16.042792177390076,15.427580441384624,15.702059745788574,11500,0.0,0.0
2025-11-04 00:00:00-05:00,15.484370812492525,15.635807051786045,15.238286472324964,15.257216453552246,2900,0.0,0.0
2025-11-05 00:00:00-05:00,15.455976000418259,15.976537852712925,15.455976000418259,15.938679695129395,7600,0.0,0.0
2025-11-06 00:00:00-05:00,15.938679616261528,15.948144606926174,15.806173357481258,15.891356468200684,4900,0.0,0.0
2025-11-07 00:00:00-05:00,16.09011603278633,16.307805404672816,15.995467930364518,16.194229125976562,12200,0.0,0.0
2025-11-10 00:00:00-05:00,16.560513580517984,16.799972590278177,15.971804927377141,16.09011459350586,13500,0.0,0.0
2025-11-11 00:00:00-05:00,16.184764268085708,16.445045197935805,15.560089314340507,15.948144912719727,19500,0.0,0.0
2025-11-12 00:00:00-05:00,16.097686315754533,16.097686315754533,15.730454444885254,15.730454444885254,3000,0.0,0.0
2025-11-13 00:00:00-05:00,15.730455169302237,16.374058284349413,15.730455169302237,15.976537704467773,5300,0.0,0.0
2025-11-14 00:00:00-05:00,15.995927320810141,16.007559879317796,15.666314125061035,15.666314125061035,6400,0.4,0.0
2025-11-17 00:00:00-05:00,15.685703571653194,15.753564785646352,15.56936874117964,15.666314125061035,9000,0.0,0.0
2025-11-18 00:00:00-05:00,15.569368084840061,16.034705538038196,15.51120159659504,15.646924018859863,7300,0.0,0.0
2025-11-19 00:00:00-05:00,15.511201755050134,15.705092516619997,15.336700439453125,15.336700439453125,3600,0.0,0.0
2025-11-20 00:00:00-05:00,15.627536686054327,15.822394517419525,15.365784710912749,15.511201858520508,4500,0.0,0.0
2025-11-21 00:00:00-05:00,15.511201480444933,15.995926526708837,15.491812034815343,15.986231803894043,10800,0.0,0.0
2025-11-24 00:00:00-05:00,15.676008821724656,15.676008821724656,15.288229135937284,15.549981117248535,17700,0.0,0.0
2025-11-25 00:00:00-05:00,15.472423941595663,15.62850565488735,15.462729218512772,15.5984525680542,10900,0.0,0.0
2025-11-26 00:00:00-05:00,15.753564722557025,15.753564722557025,15.365785037663807,15.520896911621094,7800,0.0,0.0
2025-11-28 00:00:00-05:00,15.802035976711627,15.802035976711627,15.661467116743836,15.763258934020996,2600,0.0,0.0
2025-12-01 00:00:00-05:00,15.65661923541387,16.31196810044647,15.65661923541387,15.976537704467773,23100,0.0,0.0
2025-12-02 00:00:00-05:00,15.86020467452553,16.46126271797436,15.86020467452553,15.889286994934082,3900,0.0,0.0
2025-12-03 00:00:00-05:00,15.995927222776002,16.034706115722656,15.705092921993648,16.034706115722656,10800,0.0,0.0
2025-12-04 00:00:00-05:00,15.724480628967285,15.724480628967285,15.724480628967285,15.724480628967285,1000,0.0,0.0
2025-12-05 00:00:00-05:00,15.70509232450981,16.151038481954448,15.530591011047363,15.530591011047363,11700,0.0,0.0
2025-12-08 00:00:00-05:00,15.743869472767527,15.743869472767527,15.53059111547891,15.705092430114746,6000,0.0,0.0
2025-12-09 00:00:00-05:00,15.666313980436236,16.15103904628904,15.666313980436236,15.947455406188965,3000,0.0,0.0
2025-12-10 00:00:00-05:00,15.753564174233189,15.93776021155105,15.6857029628738,15.734174728393555,8300,0.0,0.0
2025-12-11 00:00:00-05:00,15.6566187786668,15.937760195826115,15.530591078992185,15.676008224487305,8700,0.0,0.0
2025-12-12 00:00:00-05:00,15.995926614227677,15.995926614227677,15.530591011047363,15.530591011047363,5900,0.0,0.0
2025-12-15 00:00:00-05:00,16.141344064207033,16.141344064207033,15.511201858520508,15.511201858520508,11200,0.0,0.0
2025-12-16 00:00:00-05:00,15.58003174654486,15.63722931730296,15.472423650690818,15.617841720581055,4600,0.0,0.0
2025-12-17 00:00:00-05:00,15.491812082575239,15.501506805419922,15.414256148897088,15.501506805419922,3400,0.0,0.0
2025-12-18 00:00:00-05:00,15.608146845778911,15.608146845778911,15.36578432286023,15.385172843933105,4200,0.0,0.0
2025-12-19 00:00:00-05:00,15.385173134676416,15.482118515491786,14.764724731445312,14.764724731445312,15300,0.0,0.0
2025-12-22 00:00:00-05:00,14.959584588188068,14.959584588188068,13.766191540395495,13.882525444030762,15400,0.0,0.0
2025-12-23 00:00:00-05:00,13.89222044157799,14.662933377359396,13.756497089052438,13.775886535644531,12000,0.0,0.0
2025-12-24 00:00:00-05:00,13.73710823789227,14.05896546238456,13.581996367030428,13.766191482543945,34100,0.0,0.0
2025-12-26 00:00:00-05:00,13.669247025525133,14.105499393458983,13.572301643966643,13.766191482543945,51700,0.0,0.0
2025-12-29 00:00:00-05:00,13.572301941156553,14.541752079810593,13.572301941156553,14.318778991699219,32200,0.0,0.0
2025-12-30 00:00:00-05:00,14.309084060650163,14.803503846074099,14.309084060650163,14.57083511352539,5900,0.0,0.0
2025-12-31 00:00:00-05:00,14.575682173961964,14.784114094366261,14.20244366182123,14.561141014099121,18000,0.0,0.0
2026-01-02 00:00:00-05:00,14.299389049626486,14.646451994933509,13.733230543295015,14.590224266052246,7700,0.0,0.0
2026-01-05 00:00:00-05:00,14.590224701819139,15.133116259124769,14.541752010210498,14.80350399017334,11300,0.0,0.0
2026-01-06 00:00:00-05:00,14.784114056905155,14.97800389241565,14.53205680847168,14.53205680847168,2600,0.0,0.0
2026-01-07 00:00:00-05:00,14.532057210299124,14.561141379834655,14.4011812210083,14.4011812210083,3900,0.0,0.0
2026-01-08 00:00:00-05:00,14.20729102408603,14.533026688219048,14.20729102408603,14.275153160095215,3000,0.0,0.0
2026-01-09 00:00:00-05:00,14.153971627462148,14.70655788070935,14.153971627462148,14.638696670532227,4200,0.0,0.0
2026-01-12 00:00:00-05:00,14.725947305712202,15.467576999973087,14.49327949264437,15.210672378540039,10200,0.0,0.0
2026-01-13 00:00:00-05:00,14.81319758188247,15.200978184793545,14.81319758188247,15.055560111999512,9600,0.0,0.0
2026-01-14 00:00:00-05:00,14.997393555828125,15.511201858520508,14.997393555828125,15.511201858520508,5700,0.0,0.0
2026-01-15 00:00:00-05:00,15.394867550519901,15.537377017094949,15.002240522676399,15.327006340026855,5100,0.0,0.0
2026-01-16 00:00:00-05:00,15.25914470595423,15.782648659651818,14.929531516384495,15.68570327758789,11700,0.0,0.0
2026-01-20 00:00:00-05:00,15.59845269024542,15.59845269024542,14.987698999334155,15.230061531066895,6600,0.0,0.0
2026-01-21 00:00:00-05:00,15.293074902602259,15.559673309326172,15.150566359706191,15.559673309326172,6600,0.0,0.0
2026-01-22 00:00:00-05:00,16.257678552871155,16.67454238998262,15.93776009517062,16.645458221435547,25100,0.0,0.0
2026-01-23 00:00:00-05:00,16.67454329701331,16.67454329701331,16.44672192036693,16.558208465576172,5200,0.0,0.0
2026-01-26 00:00:00-05:00,16.480651306258615,16.480651306258615,15.966842099865541,16.1219539642334,8800,0.0,0.0
2026-01-27 00:00:00-05:00,16.18012293305704,16.238289422200314,15.869899192187102,16.02501106262207,8800,0.0,0.0
2026-01-28 00:00:00-05:00,15.953270430634362,16.06766557339304,15.884440301095534,15.937760353088379,8900,0.0,0.0
2026-01-29 00:00:00-05:00,15.91837031877143,16.06378746032715,15.821424941374525,16.06378746032715,4100,0.0,0.0
2026-01-30 00:00:00-05:00,16.11226232528002,16.214054147369005,15.923217992584076,16.04439926147461,7500,0.0,0.0
2026-02-02 00:00:00-05:00,16.141344192068022,16.445752581229883,16.088024139404297,16.088024139404297,8200,0.0,0.0
2026-02-03 00:00:00-05:00,16.1704286524081,16.2964563571796,15.036171913146973,15.036171913146973,16800,0.0,0.0
2026-02-04 00:00:00-05:00,15.200977956608623,15.671161849683056,14.94892070718106,15.220366477966309,6000,0.0,0.0
2026-02-05 00:00:00-05:00,15.297922759553535,15.375478695823183,14.658085823059082,14.658085823059082,20800,0.0,0.0
2026-02-06 00:00:00-05:00,14.696863174438477,15.375478050589608,14.376944719616663,14.696863174438477,24100,0.0,0.0
2026-02-09 00:00:00-05:00,14.638697243798621,15.074949614737852,14.493279170459088,14.541751861572266,8600,0.0,0.0
2026-02-10 00:00:00-05:00,14.464195871348215,15.181588738605134,14.464195871348215,15.055560111999512,9200,0.0,0.0
2026-02-11 00:00:00-05:00,14.929531763731365,15.307617650597049,14.919837964996116,14.978004455566406,7300,0.0,0.0
2026-02-12 00:00:00-05:00,14.838402913657191,14.968309056239233,14.318778343329022,14.900447845458984,18400,0.0,0.0
2026-02-13 00:00:00-05:00,14.948920623298225,14.948920623298225,13.494745472584698,13.872831344604492,36700,0.0,0.0
2026-02-17 00:00:00-05:00,13.814663954964319,14.105499170503078,13.814663954964319,13.960081100463867,4900,0.0,0.0
2026-02-18 00:00:00-05:00,14.057026812742306,14.192750163078932,13.969776153564453,13.969776153564453,8000,0.0,0.0
2026-02-19 00:00:00-05:00,14.396334726314029,14.396334726314029,13.911609663805674,13.969776153564453,7600,0.0,0.0
2026-02-20 00:00:00-05:00,13.88252559996027,14.599919400578425,13.88252559996027,14.173360824584961,3800,0.0,0.0
2026-02-23 00:00:00-05:00,13.989165951774345,13.989165951774345,13.368717523320518,13.378412246704102,9900,0.0,0.0
2026-02-24 00:00:00-05:00,13.359022812547874,13.678941288190522,13.359022812547874,13.436578750610352,3100,0.0,0.0
2026-02-25 00:00:00-05:00,13.485051028135972,14.024065058448109,13.485051028135972,13.824358940124512,6300,0.0,0.0
2026-02-26 00:00:00-05:00,13.824359109759147,14.424448238758453,13.766191695018332,14.173360824584961,7100,0.0,0.0
2026-02-27 00:00:00-05:00,14.483584269819891,14.483584269819891,13.591691017150879,13.591691017150879,5800,0.0,0.0
2026-03-02 00:00:00-05:00,13.378412155735706,13.48505133861091,13.087576927983683,13.232994079589844,7800,0.0,0.0
2026-03-03 00:00:00-05:00,13.300855696454638,13.99885910622778,13.232993560433055,13.417189598083496,9700,0.0,0.0
2026-03-04 00:00:00-05:00,13.59169114306044,14.4835844039917,13.59169114306044,14.4835844039917,9200,0.0,0.0
2026-03-05 00:00:00-05:00,14.289694433619417,15.007087294842284,13.870891829777086,14.192749977111816,12900,0.0,0.0
2026-03-06 00:00:00-05:00,14.861669920924001,15.811730572708528,14.066721136815344,14.386639595031738,32300,0.0,0.0
2026-03-09 00:00:00-04:00,14.803503335868617,15.37547811304266,14.299388844683783,15.35608959197998,37000,0.0,0.0
2026-03-10 00:00:00-04:00,15.05555981856266,15.133115752725352,14.502973556518555,14.502973556518555,24200,0.0,0.0
2026-03-11 00:00:00-04:00,14.50297384298261,14.53205708773316,14.183055377107527,14.454501152038574,19900,0.0,0.0
2026-03-12 00:00:00-04:00,14.236375543666169,14.338167363378519,13.91160971364059,14.057026863098145,13900,0.0,0.0
2026-03-13 00:00:00-04:00,13.921303643954017,14.095804964585405,13.63046934228797,13.717719078063965,8900,0.0,0.0
2026-03-16 00:00:00-04:00,13.814663954964319,14.28969428310515,13.814663954964319,13.960081100463867,7500,0.0,0.0
2026-03-17 00:00:00-04:00,13.834053568166405,15.220366602259661,13.834053568166405,14.279999732971191,39200,0.0,0.0
2026-03-18 00:00:00-04:00,13.890000343322754,14.5,13.569999694824219,13.670000076293945,34000,0.45,0.0
2026-03-19 00:00:00-04:00,13.725000381469727,14.885000228881836,13.489999771118164,14.800000190734863,50400,0.0,0.0
2026-03-20 00:00:00-04:00,14.670000076293945,16.010000228881836,14.154999732971191,15.449999809265137,84900,0.0,0.0
2026-03-23 00:00:00-04:00,15.40999984741211,15.4399995803833,14.210000038146973,14.529999732971191,24700,0.0,0.0
2026-03-24 00:00:00-04:00,15.09000015258789,16.34000015258789,15.0,16.219999313354492,33900,0.0,0.0
2026-03-25 00:00:00-04:00,16.219999313354492,18.299999237060547,16.204999923706055,17.739999771118164,41100,0.0,0.0
2026-03-26 00:00:00-04:00,17.90999984741211,19.299999237060547,17.860000610351562,18.68000030517578,54500,0.0,0.0
2026-03-27 00:00:00-04:00,18.5,20.079999923706055,18.25,19.1299991607666,35800,0.0,0.0
2026-03-30 00:00:00-04:00,19.399999618530273,20.735000610351562,19.055999755859375,19.440000534057617,53600,0.0,0.0
2026-03-31 00:00:00-04:00,19.3799991607666,19.67099952697754,18.540000915527344,18.719999313354492,21900,0.0,0.0
2026-04-01 00:00:00-04:00,18.809999465942383,19.635000228881836,18.700000762939453,18.770000457763672,20800,0.0,0.0
2026-04-02 00:00:00-04:00,18.700000762939453,19.176000595092773,18.475000381469727,18.889999389648438,24300,0.0,0.0
2026-04-06 00:00:00-04:00,18.969999313354492,19.0,18.540000915527344,18.540000915527344,20700,0.0,0.0
2026-04-07 00:00:00-04:00,18.40999984741211,18.5939998626709,18.149999618530273,18.149999618530273,8100,0.0,0.0
2026-04-08 00:00:00-04:00,18.1299991607666,18.1299991607666,17.309999465942383,17.395000457763672,20100,0.0,0.0
2026-04-09 00:00:00-04:00,17.31999969482422,17.989999771118164,17.31999969482422,17.690000534057617,9700,0.0,0.0
2026-04-10 00:00:00-04:00,17.59000015258789,17.834999084472656,16.059999465942383,16.229999542236328,32300,0.0,0.0
2026-04-13 00:00:00-04:00,16.15999984741211,17.030000686645508,16.15999984741211,16.489999771118164,20300,0.0,0.0
2026-04-14 00:00:00-04:00,16.969999313354492,17.30500030517578,16.260000228881836,16.260000228881836,24900,0.0,0.0
2026-04-15 00:00:00-04:00,16.239999771118164,16.989999771118164,16.229999542236328,16.420000076293945,64300,0.0,0.0
2026-04-16 00:00:00-04:00,16.530000686645508,17.0,16.3700008392334,16.780000686645508,18600,0.0,0.0
2026-04-17 00:00:00-04:00,17.0,17.649999618530273,16.68000030517578,17.0,29700,0.0,0.0
2026-04-20 00:00:00-04:00,17.0,17.3799991607666,16.6200008392334,17.030000686645508,45700,0.0,0.0
2026-04-21 00:00:00-04:00,17.239999771118164,17.774999618530273,17.020000457763672,17.125,33300,0.0,0.0
2026-04-22 00:00:00-04:00,17.389999389648438,17.764999389648438,17.25,17.450000762939453,17700,0.0,0.0
2026-04-23 00:00:00-04:00,17.260000228881836,17.40999984741211,16.25,17.040000915527344,85300,0.0,0.0
2026-04-24 00:00:00-04:00,16.979999542236328,17.75,16.610000610351562,17.510000228881836,29000,0.0,0.0
2026-04-27 00:00:00-04:00,17.229999542236328,17.90999984741211,16.860000610351562,17.200000762939453,35000,0.0,0.0
2026-04-28 00:00:00-04:00,17.1200008392334,17.594999313354492,17.100000381469727,17.420000076293945,12900,0.0,0.0
2026-04-29 00:00:00-04:00,17.5,17.729999542236328,17.40999984741211,17.649999618530273,9300,0.0,0.0
2026-04-30 00:00:00-04:00,17.420000076293945,17.65999984741211,16.81999969482422,16.81999969482422,13100,0.0,0.0
2026-05-01 00:00:00-04:00,17.030000686645508,17.739999771118164,17.010000228881836,17.489999771118164,17700,0.0,0.0
2026-05-04 00:00:00-04:00,17.389999389648438,17.605600357055664,16.59000015258789,16.760000228881836,30823,0.0,0.0
