Date,Open,High,Low,Close,Volume,Dividends,Stock Splits
2022-01-03 00:00:00-05:00,16.780000686645508,16.799999237060547,14.210000038146973,14.4399995803833,63700,0.0,0.0
2022-01-04 00:00:00-05:00,14.6899995803833,15.09000015258789,13.270000457763672,13.699999809265137,59100,0.0,0.0
2022-01-05 00:00:00-05:00,13.890000343322754,14.0600004196167,12.720000267028809,12.75,95600,0.0,0.0
2022-01-06 00:00:00-05:00,12.399999618530273,13.640000343322754,12.25,13.390000343322754,68900,0.0,0.0
2022-01-07 00:00:00-05:00,13.170000076293945,13.420000076293945,12.0,12.90999984741211,80500,0.0,0.0
2022-01-10 00:00:00-05:00,12.800000190734863,12.800000190734863,11.8100004196167,12.510000228881836,41700,0.0,0.0
2022-01-11 00:00:00-05:00,12.399999618530273,14.229999542236328,12.399999618530273,14.149999618530273,49000,0.0,0.0
2022-01-12 00:00:00-05:00,14.720000267028809,15.800000190734863,14.010000228881836,15.539999961853027,103600,0.0,0.0
2022-01-13 00:00:00-05:00,15.789999961853027,15.789999961853027,14.350000381469727,15.130000114440918,69900,0.0,0.0
2022-01-14 00:00:00-05:00,15.229999542236328,15.25,14.729999542236328,15.0,36000,0.0,0.0
2022-01-18 00:00:00-05:00,14.529999732971191,14.9399995803833,13.960000038146973,14.0,107700,0.0,0.0
2022-01-19 00:00:00-05:00,13.930000305175781,14.470000267028809,13.90999984741211,14.119999885559082,109700,0.0,0.0
2022-01-20 00:00:00-05:00,14.380000114440918,14.5,13.850000381469727,14.0,75000,0.0,0.0
2022-01-21 00:00:00-05:00,13.489999771118164,13.670000076293945,12.350000381469727,12.569999694824219,148300,0.0,0.0
2022-01-24 00:00:00-05:00,12.029999732971191,12.260000228881836,11.380000114440918,11.75,157900,0.0,0.0
2022-01-25 00:00:00-05:00,11.369999885559082,12.210000038146973,10.869999885559082,11.140000343322754,144300,0.0,0.0
2022-01-26 00:00:00-05:00,11.569999694824219,11.569999694824219,10.75,10.899999618530273,109700,0.0,0.0
2022-01-27 00:00:00-05:00,11.100000381469727,11.869999885559082,10.800000190734863,11.039999961853027,636900,0.0,0.0
2022-01-28 00:00:00-05:00,11.25,11.350000381469727,10.539999961853027,11.050000190734863,179600,0.0,0.0
2022-01-31 00:00:00-05:00,11.15999984741211,11.739999771118164,11.140000343322754,11.680000305175781,156800,0.0,0.0
2022-02-01 00:00:00-05:00,11.84000015258789,13.069999694824219,11.5,12.859999656677246,151500,0.0,0.0
2022-02-02 00:00:00-05:00,13.15999984741211,13.829999923706055,12.5600004196167,12.819999694824219,83600,0.0,0.0
2022-02-03 00:00:00-05:00,12.5,13.279999732971191,12.350000381469727,12.670000076293945,109500,0.0,0.0
2022-02-04 00:00:00-05:00,12.84000015258789,13.100000381469727,12.270000457763672,12.609999656677246,162400,0.0,0.0
2022-02-07 00:00:00-05:00,12.819999694824219,13.460000038146973,12.6899995803833,13.0,178300,0.0,0.0
2022-02-08 00:00:00-05:00,13.0,13.680000305175781,12.800000190734863,13.0,88100,0.0,0.0
2022-02-09 00:00:00-05:00,13.199999809265137,13.460000038146973,12.930000305175781,13.100000381469727,95200,0.0,0.0
2022-02-10 00:00:00-05:00,13.0,13.329999923706055,12.75,13.09000015258789,93200,0.0,0.0
2022-02-11 00:00:00-05:00,12.949999809265137,13.449999809265137,12.859999656677246,13.0,74100,0.0,0.0
2022-02-14 00:00:00-05:00,12.75,13.020000457763672,11.300000190734863,12.420000076293945,138500,0.0,0.0
2022-02-15 00:00:00-05:00,12.550000190734863,13.199999809265137,12.550000190734863,12.699999809265137,162400,0.0,0.0
2022-02-16 00:00:00-05:00,12.34000015258789,12.880000114440918,12.100000381469727,12.449999809265137,108200,0.0,0.0
2022-02-17 00:00:00-05:00,12.390000343322754,12.59000015258789,11.239999771118164,11.5,128000,0.0,0.0
2022-02-18 00:00:00-05:00,11.420000076293945,12.069999694824219,11.329999923706055,11.8100004196167,103100,0.0,0.0
2022-02-22 00:00:00-05:00,11.40999984741211,11.989999771118164,11.40999984741211,11.739999771118164,132400,0.0,0.0
2022-02-23 00:00:00-05:00,11.729999542236328,11.729999542236328,10.979999542236328,11.25,227800,0.0,0.0
2022-02-24 00:00:00-05:00,10.300000190734863,11.329999923706055,10.079999923706055,11.09000015258789,223800,0.0,0.0
2022-02-25 00:00:00-05:00,11.180000305175781,11.8100004196167,10.609999656677246,11.5,222000,0.0,0.0
2022-02-28 00:00:00-05:00,11.210000038146973,12.260000228881836,11.170000076293945,11.680000305175781,219600,0.0,0.0
2022-03-01 00:00:00-05:00,11.710000038146973,12.430000305175781,10.859999656677246,11.09000015258789,86100,0.0,0.0
2022-03-02 00:00:00-05:00,11.149999618530273,11.149999618530273,9.270000457763672,9.289999961853027,200800,0.0,0.0
2022-03-03 00:00:00-05:00,9.319999694824219,9.569999694824219,7.269999980926514,7.5,481800,0.0,0.0
2022-03-04 00:00:00-05:00,7.800000190734863,8.40999984741211,5.940000057220459,6.0,634600,0.0,0.0
2022-03-07 00:00:00-05:00,6.039999961853027,6.849999904632568,4.03000020980835,4.96999979019165,1228800,0.0,0.0
2022-03-08 00:00:00-05:00,4.860000133514404,6.179999828338623,4.679999828338623,5.190000057220459,535600,0.0,0.0
2022-03-09 00:00:00-05:00,5.440000057220459,6.559999942779541,5.210000038146973,5.829999923706055,489900,0.0,0.0
2022-03-10 00:00:00-05:00,5.53000020980835,6.599999904632568,5.449999809265137,6.369999885559082,517300,0.0,0.0
2022-03-11 00:00:00-05:00,6.760000228881836,10.430000305175781,6.619999885559082,9.510000228881836,7428100,0.0,0.0
2022-03-14 00:00:00-04:00,9.199999809265137,9.949999809265137,7.909999847412109,7.949999809265137,2047700,0.0,0.0
2022-03-15 00:00:00-04:00,7.800000190734863,8.300000190734863,7.0,7.809999942779541,596100,0.0,0.0
2022-03-16 00:00:00-04:00,7.769999980926514,8.949999809265137,7.210000038146973,7.409999847412109,960400,0.0,0.0
2022-03-17 00:00:00-04:00,7.300000190734863,7.96999979019165,7.050000190734863,7.710000038146973,1073300,0.0,0.0
2022-03-18 00:00:00-04:00,7.420000076293945,7.869999885559082,7.369999885559082,7.480000019073486,2449000,0.0,0.0
2022-03-21 00:00:00-04:00,7.449999809265137,8.710000038146973,7.199999809265137,8.470000267028809,903800,0.0,0.0
2022-03-22 00:00:00-04:00,8.5,9.050000190734863,8.329999923706055,8.350000381469727,715400,0.0,0.0
2022-03-23 00:00:00-04:00,8.380000114440918,8.729999542236328,7.710000038146973,8.3100004196167,203900,0.0,0.0
2022-03-24 00:00:00-04:00,8.260000228881836,9.369999885559082,8.260000228881836,9.279999732971191,353400,0.0,0.0
2022-03-25 00:00:00-04:00,9.6899995803833,9.800000190734863,8.699999809265137,9.050000190734863,473400,0.0,0.0
2022-03-28 00:00:00-04:00,9.34000015258789,9.640000343322754,8.949999809265137,9.220000267028809,435500,0.0,0.0
2022-03-29 00:00:00-04:00,9.260000228881836,9.59000015258789,8.289999961853027,9.0,406100,0.0,0.0
2022-03-30 00:00:00-04:00,8.779999732971191,8.779999732971191,8.010000228881836,8.479999542236328,516200,0.0,0.0
2022-03-31 00:00:00-04:00,8.539999961853027,8.609999656677246,8.119999885559082,8.399999618530273,241200,0.0,0.0
2022-04-01 00:00:00-04:00,8.449999809265137,8.510000228881836,7.510000228881836,8.210000038146973,454300,0.0,0.0
2022-04-04 00:00:00-04:00,8.170000076293945,9.100000381469727,8.100000381469727,8.75,295000,0.0,0.0
2022-04-05 00:00:00-04:00,8.649999618530273,8.869999885559082,8.069999694824219,8.09000015258789,445700,0.0,0.0
2022-04-06 00:00:00-04:00,8.029999732971191,8.15999984741211,7.809999942779541,7.920000076293945,355400,0.0,0.0
2022-04-07 00:00:00-04:00,7.900000095367432,8.149999618530273,7.710000038146973,8.09000015258789,156200,0.0,0.0
2022-04-08 00:00:00-04:00,8.039999961853027,8.079999923706055,7.789999961853027,7.880000114440918,183800,0.0,0.0
2022-04-11 00:00:00-04:00,7.789999961853027,8.130000114440918,7.699999809265137,7.880000114440918,355800,0.0,0.0
2022-04-12 00:00:00-04:00,6.769999980926514,6.800000190734863,5.320000171661377,5.510000228881836,3832900,0.0,0.0
2022-04-13 00:00:00-04:00,5.389999866485596,6.070000171661377,5.159999847412109,5.900000095367432,1574900,0.0,0.0
2022-04-14 00:00:00-04:00,6.010000228881836,6.179999828338623,5.650000095367432,5.679999828338623,618200,0.0,0.0
2022-04-18 00:00:00-04:00,5.699999809265137,6.059999942779541,5.5,5.980000019073486,540100,0.0,0.0
2022-04-19 00:00:00-04:00,5.909999847412109,6.239999771118164,5.659999847412109,5.829999923706055,888200,0.0,0.0
2022-04-20 00:00:00-04:00,5.760000228881836,6.130000114440918,5.25,5.369999885559082,941100,0.0,0.0
2022-04-21 00:00:00-04:00,5.449999809265137,5.599999904632568,4.75,4.940000057220459,985300,0.0,0.0
2022-04-22 00:00:00-04:00,5.0,5.190000057220459,4.5,4.510000228881836,546200,0.0,0.0
2022-04-25 00:00:00-04:00,4.5,4.690000057220459,3.8399999141693115,3.9800000190734863,1567900,0.0,0.0
2022-04-26 00:00:00-04:00,3.9200000762939453,4.099999904632568,3.390000104904175,3.450000047683716,1451700,0.0,0.0
2022-04-27 00:00:00-04:00,3.6600000858306885,3.7300000190734863,3.25,3.3299999237060547,839000,0.0,0.0
2022-04-28 00:00:00-04:00,3.3499999046325684,3.6600000858306885,3.1500000953674316,3.559999942779541,720200,0.0,0.0
2022-04-29 00:00:00-04:00,3.440000057220459,4.199999809265137,3.440000057220459,3.7899999618530273,808600,0.0,0.0
2022-05-02 00:00:00-04:00,3.7799999713897705,4.190000057220459,3.7200000286102295,4.110000133514404,482800,0.0,0.0
2022-05-03 00:00:00-04:00,4.289999961853027,4.409999847412109,3.9700000286102295,4.03000020980835,479000,0.0,0.0
2022-05-04 00:00:00-04:00,3.940000057220459,4.059999942779541,3.619999885559082,4.0,538000,0.0,0.0
2022-05-05 00:00:00-04:00,3.890000104904175,4.090000152587891,3.359999895095825,3.440000057220459,511900,0.0,0.0
2022-05-06 00:00:00-04:00,3.299999952316284,3.549999952316284,3.200000047683716,3.2899999618530273,333600,0.0,0.0
2022-05-09 00:00:00-04:00,3.200000047683716,3.259999990463257,2.950000047683716,3.0,674700,0.0,0.0
2022-05-10 00:00:00-04:00,3.109999895095825,3.25,2.859999895095825,2.940000057220459,412200,0.0,0.0
2022-05-11 00:00:00-04:00,2.9700000286102295,2.9700000286102295,2.5999999046325684,2.6500000953674316,452700,0.0,0.0
2022-05-12 00:00:00-04:00,2.5399999618530273,3.190000057220459,2.5399999618530273,3.109999895095825,594000,0.0,0.0
2022-05-13 00:00:00-04:00,3.259999990463257,3.5399999618530273,3.2100000381469727,3.369999885559082,707700,0.0,0.0
2022-05-16 00:00:00-04:00,3.390000104904175,3.7200000286102295,3.2100000381469727,3.299999952316284,330300,0.0,0.0
2022-05-17 00:00:00-04:00,3.4200000762939453,3.640000104904175,3.2300000190734863,3.319999933242798,275500,0.0,0.0
2022-05-18 00:00:00-04:00,3.2300000190734863,3.380000114440918,3.049999952316284,3.2200000286102295,355100,0.0,0.0
2022-05-19 00:00:00-04:00,3.240000009536743,3.3399999141693115,3.119999885559082,3.190000057220459,302500,0.0,0.0
2022-05-20 00:00:00-04:00,3.240000009536743,3.3499999046325684,2.759999990463257,3.009999990463257,381000,0.0,0.0
2022-05-23 00:00:00-04:00,2.9200000762939453,3.069999933242798,2.9100000858306885,2.9700000286102295,256500,0.0,0.0
2022-05-24 00:00:00-04:00,2.869999885559082,2.950000047683716,2.75,2.869999885559082,245500,0.0,0.0
2022-05-25 00:00:00-04:00,2.809999942779541,2.950000047683716,2.7799999713897705,2.930000066757202,135600,0.0,0.0
2022-05-26 00:00:00-04:00,2.990000009536743,3.309999942779541,2.859999895095825,3.2899999618530273,235000,0.0,0.0
2022-05-27 00:00:00-04:00,3.2300000190734863,3.509999990463257,3.119999885559082,3.299999952316284,238400,0.0,0.0
2022-05-31 00:00:00-04:00,3.3399999141693115,3.4000000953674316,3.0999999046325684,3.190000057220459,542000,0.0,0.0
2022-06-01 00:00:00-04:00,3.1700000762939453,3.2300000190734863,2.9100000858306885,3.0399999618530273,285800,0.0,0.0
2022-06-02 00:00:00-04:00,3.049999952316284,3.4800000190734863,3.0299999713897705,3.369999885559082,333300,0.0,0.0
2022-06-03 00:00:00-04:00,3.359999895095825,3.5399999618530273,3.240000009536743,3.490000009536743,298600,0.0,0.0
2022-06-06 00:00:00-04:00,3.700000047683716,3.759999990463257,2.9100000858306885,2.9600000381469727,606200,0.0,0.0
2022-06-07 00:00:00-04:00,2.9600000381469727,2.9600000381469727,2.680000066757202,2.8299999237060547,569300,0.0,0.0
2022-06-08 00:00:00-04:00,2.819999933242798,2.880000114440918,2.640000104904175,2.680000066757202,315900,0.0,0.0
2022-06-09 00:00:00-04:00,2.6500000953674316,2.6500000953674316,2.4600000381469727,2.4700000286102295,397700,0.0,0.0
2022-06-10 00:00:00-04:00,2.450000047683716,2.4700000286102295,2.3299999237060547,2.430000066757202,332900,0.0,0.0
2022-06-13 00:00:00-04:00,2.190000057220459,2.299999952316284,1.9500000476837158,2.009999990463257,664500,0.0,0.0
2022-06-14 00:00:00-04:00,2.049999952316284,2.0799999237060547,1.8600000143051147,1.899999976158142,318700,0.0,0.0
2022-06-15 00:00:00-04:00,2.0199999809265137,2.059999942779541,1.899999976158142,2.0,281600,0.0,0.0
2022-06-16 00:00:00-04:00,1.9199999570846558,2.0,1.8600000143051147,1.8899999856948853,412200,0.0,0.0
2022-06-17 00:00:00-04:00,2.009999990463257,2.130000114440918,1.9299999475479126,2.0799999237060547,845400,0.0,0.0
2022-06-21 00:00:00-04:00,2.1700000762939453,2.1700000762939453,1.8600000143051147,1.8600000143051147,411800,0.0,0.0
2022-06-22 00:00:00-04:00,1.7999999523162842,1.8700000047683716,1.6399999856948853,1.7300000190734863,536100,0.0,0.0
2022-06-23 00:00:00-04:00,1.7200000286102295,1.7599999904632568,1.559999942779541,1.590000033378601,454200,0.0,0.0
2022-06-24 00:00:00-04:00,1.659999966621399,1.7100000381469727,1.5099999904632568,1.5099999904632568,3340900,0.0,0.0
2022-06-27 00:00:00-04:00,1.559999942779541,1.559999942779541,1.350000023841858,1.3899999856948853,513500,0.0,0.0
2022-06-28 00:00:00-04:00,1.399999976158142,1.5199999809265137,1.3899999856948853,1.4600000381469727,330100,0.0,0.0
2022-06-29 00:00:00-04:00,1.440000057220459,1.440000057220459,1.2300000190734863,1.2300000190734863,370600,0.0,0.0
2022-06-30 00:00:00-04:00,1.25,1.2699999809265137,1.149999976158142,1.2000000476837158,369500,0.0,0.0
2022-07-01 00:00:00-04:00,1.2100000381469727,1.2699999809265137,1.2000000476837158,1.25,259800,0.0,0.0
2022-07-05 00:00:00-04:00,1.2400000095367432,1.350000023841858,1.159999966621399,1.3200000524520874,386600,0.0,0.0
2022-07-06 00:00:00-04:00,1.3200000524520874,1.440000057220459,1.2699999809265137,1.399999976158142,444100,0.0,0.0
2022-07-07 00:00:00-04:00,1.399999976158142,1.590000033378601,1.399999976158142,1.5700000524520874,526900,0.0,0.0
2022-07-08 00:00:00-04:00,1.6100000143051147,1.7599999904632568,1.5399999618530273,1.649999976158142,441000,0.0,0.0
2022-07-11 00:00:00-04:00,1.649999976158142,1.649999976158142,1.4600000381469727,1.5099999904632568,313300,0.0,0.0
2022-07-12 00:00:00-04:00,1.399999976158142,1.5199999809265137,1.3200000524520874,1.3799999952316284,381600,0.0,0.0
2022-07-13 00:00:00-04:00,1.3799999952316284,1.440000057220459,1.340000033378601,1.409999966621399,196600,0.0,0.0
2022-07-14 00:00:00-04:00,1.4299999475479126,1.5099999904632568,1.3300000429153442,1.4299999475479126,373300,0.0,0.0
2022-07-15 00:00:00-04:00,1.440000057220459,1.5299999713897705,1.3600000143051147,1.440000057220459,718600,0.0,0.0
2022-07-18 00:00:00-04:00,1.5499999523162842,1.6299999952316284,1.4600000381469727,1.4800000190734863,366200,0.0,0.0
2022-07-19 00:00:00-04:00,1.5399999618530273,1.7899999618530273,1.5399999618530273,1.7599999904632568,736400,0.0,0.0
2022-07-20 00:00:00-04:00,1.7999999523162842,1.8700000047683716,1.6799999475479126,1.7200000286102295,575600,0.0,0.0
2022-07-21 00:00:00-04:00,1.7400000095367432,1.7400000095367432,1.5800000429153442,1.6200000047683716,388400,0.0,0.0
2022-07-22 00:00:00-04:00,1.6799999475479126,1.6799999475479126,1.4800000190734863,1.5499999523162842,320500,0.0,0.0
2022-07-25 00:00:00-04:00,1.5399999618530273,1.6100000143051147,1.4600000381469727,1.559999942779541,381100,0.0,0.0
2022-07-26 00:00:00-04:00,1.5499999523162842,1.5499999523162842,1.3200000524520874,1.340000033378601,309200,0.0,0.0
2022-07-27 00:00:00-04:00,1.3200000524520874,1.3799999952316284,1.2799999713897705,1.3300000429153442,272000,0.0,0.0
2022-07-28 00:00:00-04:00,1.340000033378601,1.440000057220459,1.3300000429153442,1.409999966621399,253300,0.0,0.0
2022-07-29 00:00:00-04:00,1.4199999570846558,1.4700000286102295,1.350000023841858,1.440000057220459,162800,0.0,0.0
2022-08-01 00:00:00-04:00,1.4700000286102295,1.4800000190734863,1.350000023841858,1.3799999952316284,216700,0.0,0.0
2022-08-02 00:00:00-04:00,1.3899999856948853,1.5299999713897705,1.3600000143051147,1.4500000476837158,313800,0.0,0.0
2022-08-03 00:00:00-04:00,1.4900000095367432,1.7400000095367432,1.4600000381469727,1.5,392000,0.0,0.0
2022-08-04 00:00:00-04:00,1.559999942779541,1.600000023841858,1.409999966621399,1.4900000095367432,452500,0.0,0.0
2022-08-05 00:00:00-04:00,1.4800000190734863,1.5099999904632568,1.350000023841858,1.440000057220459,248900,0.0,0.0
2022-08-08 00:00:00-04:00,1.4900000095367432,1.690000057220459,1.440000057220459,1.590000033378601,276500,0.0,0.0
2022-08-09 00:00:00-04:00,1.590000033378601,1.590000033378601,1.409999966621399,1.4700000286102295,181400,0.0,0.0
2022-08-10 00:00:00-04:00,1.5099999904632568,1.649999976158142,1.4700000286102295,1.6100000143051147,506300,0.0,0.0
2022-08-11 00:00:00-04:00,1.649999976158142,1.7300000190734863,1.6200000047683716,1.690000057220459,637000,0.0,0.0
2022-08-12 00:00:00-04:00,1.690000057220459,1.75,1.6200000047683716,1.7000000476837158,407200,0.0,0.0
2022-08-15 00:00:00-04:00,1.659999966621399,2.0,1.659999966621399,1.9299999475479126,568900,0.0,0.0
2022-08-16 00:00:00-04:00,1.9500000476837158,1.9500000476837158,1.5399999618530273,1.5800000429153442,464200,0.0,0.0
2022-08-17 00:00:00-04:00,1.75,1.75,1.4500000476837158,1.4600000381469727,513900,0.0,0.0
2022-08-18 00:00:00-04:00,1.440000057220459,1.4900000095367432,1.3300000429153442,1.440000057220459,320900,0.0,0.0
2022-08-19 00:00:00-04:00,1.409999966621399,1.4600000381469727,1.3200000524520874,1.409999966621399,266100,0.0,0.0
2022-08-22 00:00:00-04:00,1.399999976158142,1.399999976158142,1.2899999618530273,1.3799999952316284,355500,0.0,0.0
2022-08-23 00:00:00-04:00,1.4299999475479126,1.440000057220459,1.3600000143051147,1.3700000047683716,135200,0.0,0.0
2022-08-24 00:00:00-04:00,1.3700000047683716,1.4299999475479126,1.350000023841858,1.3600000143051147,150200,0.0,0.0
2022-08-25 00:00:00-04:00,1.3799999952316284,1.4199999570846558,1.3200000524520874,1.399999976158142,81100,0.0,0.0
2022-08-26 00:00:00-04:00,1.4199999570846558,1.4199999570846558,1.2899999618530273,1.3799999952316284,329000,0.0,0.0
2022-08-29 00:00:00-04:00,1.3600000143051147,1.3899999856948853,1.2799999713897705,1.3700000047683716,202400,0.0,0.0
2022-08-30 00:00:00-04:00,1.3899999856948853,1.559999942779541,1.3799999952316284,1.440000057220459,377200,0.0,0.0
2022-08-31 00:00:00-04:00,1.4500000476837158,1.5399999618530273,1.3899999856948853,1.4900000095367432,666500,0.0,0.0
2022-09-01 00:00:00-04:00,1.5499999523162842,1.5499999523162842,1.340000033378601,1.350000023841858,167800,0.0,0.0
2022-09-02 00:00:00-04:00,1.399999976158142,1.399999976158142,1.3300000429153442,1.350000023841858,92600,0.0,0.0
2022-09-06 00:00:00-04:00,1.4199999570846558,1.4199999570846558,1.190000057220459,1.2100000381469727,353600,0.0,0.0
2022-09-07 00:00:00-04:00,1.2100000381469727,1.2200000286102295,1.059999942779541,1.0800000429153442,423600,0.0,0.0
2022-09-08 00:00:00-04:00,1.1200000047683716,1.2100000381469727,1.0700000524520874,1.190000057220459,266400,0.0,0.0
2022-09-09 00:00:00-04:00,1.25,1.3200000524520874,1.2100000381469727,1.2699999809265137,292400,0.0,0.0
2022-09-12 00:00:00-04:00,1.25,1.2999999523162842,1.190000057220459,1.2400000095367432,202100,0.0,0.0
2022-09-13 00:00:00-04:00,1.2200000286102295,1.2300000190734863,1.1100000143051147,1.1799999475479126,162700,0.0,0.0
2022-09-14 00:00:00-04:00,1.159999966621399,1.1699999570846558,1.149999976158142,1.159999966621399,118200,0.0,0.0
2022-09-15 00:00:00-04:00,1.159999966621399,1.190000057220459,1.1399999856948853,1.159999966621399,285600,0.0,0.0
2022-09-16 00:00:00-04:00,1.1699999570846558,1.190000057220459,1.1100000143051147,1.1699999570846558,1124900,0.0,0.0
2022-09-19 00:00:00-04:00,1.2000000476837158,1.2000000476837158,1.0800000429153442,1.1200000047683716,165300,0.0,0.0
2022-09-20 00:00:00-04:00,1.1200000047683716,1.1399999856948853,1.059999942779541,1.0800000429153442,251800,0.0,0.0
2022-09-21 00:00:00-04:00,1.059999942779541,1.1699999570846558,1.0499999523162842,1.159999966621399,97800,0.0,0.0
2022-09-22 00:00:00-04:00,1.1399999856948853,1.190000057220459,1.0499999523162842,1.1200000047683716,335500,0.0,0.0
2022-09-23 00:00:00-04:00,1.100000023841858,1.149999976158142,1.0299999713897705,1.1100000143051147,358600,0.0,0.0
2022-09-26 00:00:00-04:00,1.1100000143051147,1.1799999475479126,1.0299999713897705,1.0499999523162842,115800,0.0,0.0
2022-09-27 00:00:00-04:00,1.149999976158142,1.1699999570846558,1.059999942779541,1.1200000047683716,144500,0.0,0.0
2022-09-28 00:00:00-04:00,1.0800000429153442,1.3799999952316284,1.0800000429153442,1.350000023841858,301900,0.0,0.0
2022-09-29 00:00:00-04:00,1.2899999618530273,1.3200000524520874,1.2100000381469727,1.309999942779541,155100,0.0,0.0
2022-09-30 00:00:00-04:00,1.2799999713897705,1.340000033378601,1.2200000286102295,1.2599999904632568,128800,0.0,0.0
2022-10-03 00:00:00-04:00,1.2300000190734863,1.4900000095367432,1.1799999475479126,1.4199999570846558,346300,0.0,0.0
2022-10-04 00:00:00-04:00,1.4500000476837158,1.5700000524520874,1.4299999475479126,1.5499999523162842,258100,0.0,0.0
2022-10-05 00:00:00-04:00,1.5800000429153442,1.600000023841858,1.4900000095367432,1.5399999618530273,192700,0.0,0.0
2022-10-06 00:00:00-04:00,1.5199999809265137,1.7999999523162842,1.5099999904632568,1.7799999713897705,316400,0.0,0.0
2022-10-07 00:00:00-04:00,1.6799999475479126,1.75,1.2999999523162842,1.3600000143051147,459200,0.0,0.0
2022-10-10 00:00:00-04:00,1.3700000047683716,1.409999966621399,1.2899999618530273,1.2999999523162842,131000,0.0,0.0
2022-10-11 00:00:00-04:00,1.3300000429153442,1.3300000429153442,1.1200000047683716,1.1299999952316284,244400,0.0,0.0
2022-10-12 00:00:00-04:00,1.1699999570846558,1.190000057220459,1.1200000047683716,1.1299999952316284,165900,0.0,0.0
2022-10-13 00:00:00-04:00,1.1200000047683716,1.190000057220459,1.0399999618530273,1.1799999475479126,206100,0.0,0.0
2022-10-14 00:00:00-04:00,1.2200000286102295,1.2200000286102295,1.059999942779541,1.090000033378601,134500,0.0,0.0
2022-10-17 00:00:00-04:00,1.1100000143051147,1.190000057220459,1.1100000143051147,1.1699999570846558,112300,0.0,0.0
2022-10-18 00:00:00-04:00,1.2100000381469727,1.2400000095367432,1.1299999952316284,1.1699999570846558,84300,0.0,0.0
2022-10-19 00:00:00-04:00,1.1299999952316284,1.1799999475479126,1.100000023841858,1.1299999952316284,109000,0.0,0.0
2022-10-20 00:00:00-04:00,1.1200000047683716,1.2100000381469727,1.0800000429153442,1.1100000143051147,135800,0.0,0.0
2022-10-21 00:00:00-04:00,1.1200000047683716,1.2200000286102295,1.059999942779541,1.2100000381469727,255300,0.0,0.0
2022-10-24 00:00:00-04:00,1.2200000286102295,1.2799999713897705,1.1799999475479126,1.2699999809265137,161400,0.0,0.0
2022-10-25 00:00:00-04:00,1.2699999809265137,1.409999966621399,1.1799999475479126,1.409999966621399,249400,0.0,0.0
2022-10-26 00:00:00-04:00,1.399999976158142,1.4800000190734863,1.350000023841858,1.399999976158142,465500,0.0,0.0
2022-10-27 00:00:00-04:00,1.409999966621399,1.409999966621399,1.159999966621399,1.25,487900,0.0,0.0
2022-10-28 00:00:00-04:00,1.2000000476837158,1.2000000476837158,1.1100000143051147,1.2000000476837158,237400,0.0,0.0
2022-10-31 00:00:00-04:00,1.1299999952316284,1.1699999570846558,1.1299999952316284,1.1399999856948853,207600,0.0,0.0
2022-11-01 00:00:00-04:00,1.159999966621399,1.2000000476837158,1.1100000143051147,1.1200000047683716,237900,0.0,0.0
2022-11-02 00:00:00-04:00,1.1200000047683716,1.149999976158142,1.0700000524520874,1.0800000429153442,494400,0.0,0.0
2022-11-03 00:00:00-04:00,1.1200000047683716,1.1200000047683716,1.0499999523162842,1.0800000429153442,126400,0.0,0.0
2022-11-04 00:00:00-04:00,1.0800000429153442,1.1100000143051147,1.0499999523162842,1.100000023841858,163000,0.0,0.0
2022-11-07 00:00:00-05:00,1.1200000047683716,1.1299999952316284,1.0499999523162842,1.0700000524520874,125900,0.0,0.0
2022-11-08 00:00:00-05:00,1.0700000524520874,1.090000033378601,0.9900000095367432,1.0099999904632568,328700,0.0,0.0
2022-11-09 00:00:00-05:00,1.0099999904632568,1.0099999904632568,0.800000011920929,0.8100000023841858,536500,0.0,0.0
2022-11-10 00:00:00-05:00,0.9300000071525574,0.9700000286102295,0.8899999856948853,0.9100000262260437,289300,0.0,0.0
2022-11-11 00:00:00-05:00,0.8899999856948853,1.190000057220459,0.8899999856948853,1.149999976158142,617100,0.0,0.0
2022-11-14 00:00:00-05:00,1.0499999523162842,1.2899999618530273,1.0299999713897705,1.159999966621399,224200,0.0,0.0
2022-11-15 00:00:00-05:00,1.159999966621399,1.25,1.149999976158142,1.2400000095367432,234500,0.0,0.0
2022-11-16 00:00:00-05:00,1.2100000381469727,1.2100000381469727,1.0700000524520874,1.190000057220459,196200,0.0,0.0
2022-11-17 00:00:00-05:00,1.0800000429153442,1.1299999952316284,1.059999942779541,1.1200000047683716,106200,0.0,0.0
2022-11-18 00:00:00-05:00,1.1699999570846558,1.1699999570846558,0.9300000071525574,0.9599999785423279,457500,0.0,0.0
2022-11-21 00:00:00-05:00,0.9599999785423279,0.9700000286102295,0.8199999928474426,0.8299999833106995,360100,0.0,0.0
2022-11-22 00:00:00-05:00,0.8500000238418579,0.8500000238418579,0.6600000262260437,0.6899999976158142,680600,0.0,0.0
2022-11-23 00:00:00-05:00,0.7300000190734863,0.9700000286102295,0.6800000071525574,0.9300000071525574,499400,0.0,0.0
2022-11-25 00:00:00-05:00,0.949999988079071,0.9599999785423279,0.8299999833106995,0.8899999856948853,141600,0.0,0.0
2022-11-28 00:00:00-05:00,0.8600000143051147,1.090000033378601,0.75,0.7900000214576721,437400,0.0,0.0
2022-11-29 00:00:00-05:00,0.8299999833106995,0.8500000238418579,0.7200000286102295,0.7300000190734863,368700,0.0,0.0
2022-11-30 00:00:00-05:00,0.7099999785423279,0.8899999856948853,0.7099999785423279,0.8299999833106995,464900,0.0,0.0
2022-12-01 00:00:00-05:00,0.8399999737739563,0.8500000238418579,0.7699999809265137,0.7799999713897705,149100,0.0,0.0
2022-12-02 00:00:00-05:00,0.8199999928474426,0.9399999976158142,0.7799999713897705,0.8899999856948853,297300,0.0,0.0
2022-12-05 00:00:00-05:00,0.8899999856948853,0.9300000071525574,0.7599999904632568,0.7799999713897705,289300,0.0,0.0
2022-12-06 00:00:00-05:00,0.8399999737739563,0.9300000071525574,0.7599999904632568,0.9100000262260437,954600,0.0,0.0
2022-12-07 00:00:00-05:00,0.8899999856948853,0.9200000166893005,0.800000011920929,0.8100000023841858,291300,0.0,0.0
2022-12-08 00:00:00-05:00,0.8500000238418579,1.0700000524520874,0.8299999833106995,1.0299999713897705,1461000,0.0,0.0
2022-12-09 00:00:00-05:00,1.0399999618530273,1.2300000190734863,0.949999988079071,1.2100000381469727,1237000,0.0,0.0
2022-12-12 00:00:00-05:00,0.6600000262260437,0.9200000166893005,0.6499999761581421,0.800000011920929,3064100,0.0,0.0
2022-12-13 00:00:00-05:00,0.8999999761581421,0.8999999761581421,0.6600000262260437,0.699999988079071,2393100,0.0,0.0
2022-12-14 00:00:00-05:00,0.6899999976158142,0.699999988079071,0.6299999952316284,0.6499999761581421,1380200,0.0,0.0
2022-12-15 00:00:00-05:00,0.6700000166893005,0.6899999976158142,0.5799999833106995,0.6000000238418579,1421000,0.0,0.0
2022-12-16 00:00:00-05:00,0.6399999856948853,0.6399999856948853,0.5799999833106995,0.6200000047683716,1395700,0.0,0.0
2022-12-19 00:00:00-05:00,0.6200000047683716,0.6399999856948853,0.5600000023841858,0.5799999833106995,341100,0.0,0.0
2022-12-20 00:00:00-05:00,0.5799999833106995,0.6100000143051147,0.550000011920929,0.5799999833106995,925100,0.0,0.0
2022-12-21 00:00:00-05:00,0.5799999833106995,0.6100000143051147,0.550000011920929,0.5899999737739563,1070300,0.0,0.0
2022-12-22 00:00:00-05:00,0.6100000143051147,0.6399999856948853,0.550000011920929,0.6200000047683716,758900,0.0,0.0
2022-12-23 00:00:00-05:00,0.6100000143051147,0.8299999833106995,0.6100000143051147,0.7699999809265137,1800200,0.0,0.0
2022-12-27 00:00:00-05:00,0.75,0.7599999904632568,0.6499999761581421,0.6899999976158142,910900,0.0,0.0
2022-12-28 00:00:00-05:00,0.6800000071525574,0.699999988079071,0.5799999833106995,0.5899999737739563,809900,0.0,0.0
2022-12-29 00:00:00-05:00,0.5899999737739563,0.6499999761581421,0.5899999737739563,0.6399999856948853,296100,0.0,0.0
2022-12-30 00:00:00-05:00,0.6200000047683716,0.7400000095367432,0.6200000047683716,0.6700000166893005,502700,0.0,0.0
2023-01-03 00:00:00-05:00,0.6700000166893005,0.75,0.6700000166893005,0.7099999785423279,253500,0.0,0.0
2023-01-04 00:00:00-05:00,0.7099999785423279,0.8199999928474426,0.7099999785423279,0.8100000023841858,599300,0.0,0.0
2023-01-05 00:00:00-05:00,0.800000011920929,0.8199999928474426,0.7200000286102295,0.7300000190734863,606400,0.0,0.0
2023-01-06 00:00:00-05:00,0.7400000095367432,0.7400000095367432,0.6800000071525574,0.6800000071525574,415700,0.0,0.0
2023-01-09 00:00:00-05:00,0.7300000190734863,0.7300000190734863,0.6899999976158142,0.699999988079071,833900,0.0,0.0
2023-01-10 00:00:00-05:00,0.699999988079071,0.7799999713897705,0.6899999976158142,0.7400000095367432,625900,0.0,0.0
2023-01-11 00:00:00-05:00,0.75,0.7900000214576721,0.7300000190734863,0.75,675800,0.0,0.0
2023-01-12 00:00:00-05:00,0.7900000214576721,0.8500000238418579,0.75,0.8199999928474426,1534400,0.0,0.0
2023-01-13 00:00:00-05:00,0.8299999833106995,0.949999988079071,0.800000011920929,0.8799999952316284,1712700,0.0,0.0
2023-01-17 00:00:00-05:00,0.9399999976158142,1.0199999809265137,0.9300000071525574,1.0199999809265137,1646200,0.0,0.0
2023-01-18 00:00:00-05:00,1.0199999809265137,1.0299999713897705,0.8100000023841858,0.8999999761581421,1310000,0.0,0.0
2023-01-19 00:00:00-05:00,0.8600000143051147,0.8700000047683716,0.7900000214576721,0.8299999833106995,675800,0.0,0.0
2023-01-20 00:00:00-05:00,0.8700000047683716,0.8899999856948853,0.8399999737739563,0.8799999952316284,957700,0.0,0.0
2023-01-23 00:00:00-05:00,0.9399999976158142,0.9900000095367432,0.8799999952316284,0.9100000262260437,924400,0.0,0.0
2023-01-24 00:00:00-05:00,0.8999999761581421,0.9700000286102295,0.8600000143051147,0.949999988079071,922500,0.0,0.0
2023-01-25 00:00:00-05:00,0.9300000071525574,1.0399999618530273,0.9100000262260437,1.0099999904632568,1104100,0.0,0.0
2023-01-26 00:00:00-05:00,1.0199999809265137,1.1399999856948853,1.0099999904632568,1.0499999523162842,1253200,0.0,0.0
2023-01-27 00:00:00-05:00,1.059999942779541,1.1299999952316284,1.0399999618530273,1.1100000143051147,812500,0.0,0.0
2023-01-30 00:00:00-05:00,1.1100000143051147,1.1699999570846558,1.0299999713897705,1.0399999618530273,1285700,0.0,0.0
2023-01-31 00:00:00-05:00,1.0,1.0399999618530273,0.9599999785423279,0.9800000190734863,1122800,0.0,0.0
2023-02-01 00:00:00-05:00,0.9800000190734863,1.059999942779541,0.9599999785423279,1.0299999713897705,2040600,0.0,0.0
2023-02-02 00:00:00-05:00,0.699999988079071,0.75,0.6600000262260437,0.6700000166893005,18219100,0.0,0.0
2023-02-03 00:00:00-05:00,0.6899999976158142,0.7599999904632568,0.6700000166893005,0.6800000071525574,5691300,0.0,0.0
2023-02-06 00:00:00-05:00,0.699999988079071,0.699999988079071,0.6299999952316284,0.6499999761581421,4600400,0.0,0.0
2023-02-07 00:00:00-05:00,0.6499999761581421,0.7300000190734863,0.6200000047683716,0.699999988079071,4518300,0.0,0.0
2023-02-08 00:00:00-05:00,0.7200000286102295,0.7200000286102295,0.6700000166893005,0.7099999785423279,1882300,0.0,0.0
2023-02-09 00:00:00-05:00,0.7200000286102295,0.7300000190734863,0.6499999761581421,0.6600000262260437,1203800,0.0,0.0
2023-02-10 00:00:00-05:00,0.6700000166893005,0.6800000071525574,0.6299999952316284,0.6399999856948853,1350500,0.0,0.0
2023-02-13 00:00:00-05:00,0.6600000262260437,0.6700000166893005,0.6299999952316284,0.6499999761581421,844300,0.0,0.0
2023-02-14 00:00:00-05:00,0.6399999856948853,0.6499999761581421,0.5699999928474426,0.6000000238418579,4661100,0.0,0.0
2023-02-15 00:00:00-05:00,0.6100000143051147,0.6499999761581421,0.6000000238418579,0.6499999761581421,3085800,0.0,0.0
2023-02-16 00:00:00-05:00,0.6499999761581421,0.7099999785423279,0.6200000047683716,0.6700000166893005,2112600,0.0,0.0
2023-02-17 00:00:00-05:00,0.6700000166893005,0.6800000071525574,0.6100000143051147,0.6299999952316284,1868100,0.0,0.0
2023-02-21 00:00:00-05:00,0.6399999856948853,0.6899999976158142,0.6000000238418579,0.6700000166893005,2823300,0.0,0.0
2023-02-22 00:00:00-05:00,0.699999988079071,0.7099999785423279,0.6499999761581421,0.6899999976158142,1983800,0.0,0.0
2023-02-23 00:00:00-05:00,0.7099999785423279,0.7099999785423279,0.6700000166893005,0.6899999976158142,998800,0.0,0.0
2023-02-24 00:00:00-05:00,0.6800000071525574,0.699999988079071,0.6600000262260437,0.6800000071525574,793200,0.0,0.0
2023-02-27 00:00:00-05:00,0.6899999976158142,0.699999988079071,0.6299999952316284,0.6299999952316284,1075500,0.0,0.0
2023-02-28 00:00:00-05:00,0.6399999856948853,0.6899999976158142,0.6100000143051147,0.6399999856948853,1481400,0.0,0.0
2023-03-01 00:00:00-05:00,0.6499999761581421,0.6700000166893005,0.5899999737739563,0.6100000143051147,1347200,0.0,0.0
2023-03-02 00:00:00-05:00,0.6000000238418579,0.6800000071525574,0.6000000238418579,0.6600000262260437,6170200,0.0,0.0
2023-03-03 00:00:00-05:00,0.6499999761581421,0.6899999976158142,0.6399999856948853,0.6499999761581421,1701200,0.0,0.0
2023-03-06 00:00:00-05:00,0.6800000071525574,0.6800000071525574,0.6200000047683716,0.6600000262260437,2024300,0.0,0.0
2023-03-07 00:00:00-05:00,0.6700000166893005,0.6899999976158142,0.6499999761581421,0.6800000071525574,1428900,0.0,0.0
2023-03-08 00:00:00-05:00,0.699999988079071,0.7300000190734863,0.6600000262260437,0.6700000166893005,2093300,0.0,0.0
2023-03-09 00:00:00-05:00,0.6800000071525574,0.6899999976158142,0.6100000143051147,0.6200000047683716,1451900,0.0,0.0
2023-03-10 00:00:00-05:00,0.6200000047683716,0.6299999952316284,0.5699999928474426,0.5799999833106995,1907000,0.0,0.0
2023-03-13 00:00:00-04:00,0.6100000143051147,0.6399999856948853,0.550000011920929,0.6399999856948853,2977600,0.0,0.0
2023-03-14 00:00:00-04:00,0.6499999761581421,0.6800000071525574,0.5899999737739563,0.6100000143051147,2096000,0.0,0.0
2023-03-15 00:00:00-04:00,0.6100000143051147,0.6100000143051147,0.5400000214576721,0.5600000023841858,2315800,0.0,0.0
2023-03-16 00:00:00-04:00,0.5600000023841858,0.5699999928474426,0.5400000214576721,0.5400000214576721,2263300,0.0,0.0
2023-03-17 00:00:00-04:00,0.5699999928474426,0.6399999856948853,0.5400000214576721,0.6100000143051147,10478800,0.0,0.0
2023-03-20 00:00:00-04:00,0.6600000262260437,0.6600000262260437,0.5899999737739563,0.6399999856948853,6296400,0.0,0.0
2023-03-21 00:00:00-04:00,0.6499999761581421,0.7599999904632568,0.6499999761581421,0.7400000095367432,6195300,0.0,0.0
2023-03-22 00:00:00-04:00,0.75,0.8199999928474426,0.7200000286102295,0.7400000095367432,5964100,0.0,0.0
2023-03-23 00:00:00-04:00,0.75,0.8100000023841858,0.7300000190734863,0.7900000214576721,2280900,0.0,0.0
2023-03-24 00:00:00-04:00,0.800000011920929,0.8100000023841858,0.75,0.7799999713897705,2137300,0.0,0.0
2023-03-27 00:00:00-04:00,0.7799999713897705,0.7799999713897705,0.7099999785423279,0.7599999904632568,2330600,0.0,0.0
2023-03-28 00:00:00-04:00,0.7599999904632568,0.7799999713897705,0.699999988079071,0.7599999904632568,1096300,0.0,0.0
2023-03-29 00:00:00-04:00,0.7799999713897705,0.800000011920929,0.75,0.7799999713897705,1518400,0.0,0.0
2023-03-30 00:00:00-04:00,0.7900000214576721,0.800000011920929,0.75,0.7900000214576721,1922300,0.0,0.0
2023-03-31 00:00:00-04:00,0.800000011920929,0.9599999785423279,0.7900000214576721,0.9399999976158142,5914900,0.0,0.0
2023-04-03 00:00:00-04:00,0.949999988079071,1.0399999618530273,0.8799999952316284,1.0299999713897705,3984300,0.0,0.0
2023-04-04 00:00:00-04:00,1.0299999713897705,1.0399999618530273,0.9200000166893005,0.9599999785423279,1822500,0.0,0.0
2023-04-05 00:00:00-04:00,0.9700000286102295,0.9800000190734863,0.9100000262260437,0.9399999976158142,1590100,0.0,0.0
2023-04-06 00:00:00-04:00,0.9200000166893005,1.0,0.8799999952316284,1.0,2385400,0.0,0.0
2023-04-10 00:00:00-04:00,1.0,1.190000057220459,0.9900000095367432,1.159999966621399,4492000,0.0,0.0
2023-04-11 00:00:00-04:00,1.2200000286102295,1.5,1.159999966621399,1.4299999475479126,8951100,0.0,0.0
2023-04-12 00:00:00-04:00,1.5,1.6699999570846558,1.25,1.350000023841858,6499700,0.0,0.0
2023-04-13 00:00:00-04:00,1.3799999952316284,1.590000033378601,1.3700000047683716,1.5199999809265137,4890400,0.0,0.0
2023-04-14 00:00:00-04:00,1.6100000143051147,1.6100000143051147,1.3700000047683716,1.440000057220459,4916900,0.0,0.0
2023-04-17 00:00:00-04:00,1.350000023841858,1.5,1.2999999523162842,1.440000057220459,3882600,0.0,0.0
2023-04-18 00:00:00-04:00,1.5399999618530273,1.6100000143051147,1.4800000190734863,1.559999942779541,4828500,0.0,0.0
2023-04-19 00:00:00-04:00,1.5,1.5299999713897705,1.409999966621399,1.4600000381469727,2292100,0.0,0.0
2023-04-20 00:00:00-04:00,1.440000057220459,1.600000023841858,1.399999976158142,1.4299999475479126,4332100,0.0,0.0
2023-04-21 00:00:00-04:00,1.399999976158142,1.5299999713897705,1.350000023841858,1.4500000476837158,3404500,0.0,0.0
2023-04-24 00:00:00-04:00,1.4800000190734863,1.5499999523162842,1.3799999952316284,1.4299999475479126,1978500,0.0,0.0
2023-04-25 00:00:00-04:00,1.4199999570846558,1.4700000286102295,1.3600000143051147,1.3899999856948853,2586800,0.0,0.0
2023-04-26 00:00:00-04:00,1.5099999904632568,1.7300000190734863,1.5099999904632568,1.590000033378601,10281200,0.0,0.0
2023-04-27 00:00:00-04:00,1.6399999856948853,1.7699999809265137,1.5299999713897705,1.690000057220459,4641100,0.0,0.0
2023-04-28 00:00:00-04:00,1.6699999570846558,1.7799999713897705,1.5800000429153442,1.7799999713897705,4066700,0.0,0.0
2023-05-01 00:00:00-04:00,1.690000057220459,1.7699999809265137,1.600000023841858,1.6699999570846558,3229800,0.0,0.0
2023-05-02 00:00:00-04:00,1.659999966621399,1.8200000524520874,1.6100000143051147,1.7799999713897705,3053900,0.0,0.0
2023-05-03 00:00:00-04:00,1.7100000381469727,1.7699999809265137,1.600000023841858,1.7699999809265137,3684800,0.0,0.0
2023-05-04 00:00:00-04:00,1.8200000524520874,1.8799999952316284,1.7599999904632568,1.7799999713897705,2369200,0.0,0.0
2023-05-05 00:00:00-04:00,1.7899999618530273,1.8799999952316284,1.75,1.840000033378601,2101600,0.0,0.0
2023-05-08 00:00:00-04:00,1.7799999713897705,1.7999999523162842,1.6299999952316284,1.6699999570846558,3067200,0.0,0.0
2023-05-09 00:00:00-04:00,1.659999966621399,1.7200000286102295,1.659999966621399,1.6799999475479126,1286700,0.0,0.0
2023-05-10 00:00:00-04:00,1.7300000190734863,1.8300000429153442,1.6799999475479126,1.7400000095367432,3196400,0.0,0.0
2023-05-11 00:00:00-04:00,1.7300000190734863,1.7300000190734863,1.5499999523162842,1.6200000047683716,2745500,0.0,0.0
2023-05-12 00:00:00-04:00,1.590000033378601,1.6200000047683716,1.5099999904632568,1.600000023841858,2319000,0.0,0.0
2023-05-15 00:00:00-04:00,1.5299999713897705,1.6299999952316284,1.4500000476837158,1.5800000429153442,2706400,0.0,0.0
2023-05-16 00:00:00-04:00,1.5399999618530273,1.6299999952316284,1.5199999809265137,1.5700000524520874,1269500,0.0,0.0
2023-05-17 00:00:00-04:00,1.5299999713897705,1.649999976158142,1.4900000095367432,1.6299999952316284,1672100,0.0,0.0
2023-05-18 00:00:00-04:00,1.6299999952316284,1.6799999475479126,1.5700000524520874,1.600000023841858,1577000,0.0,0.0
2023-05-19 00:00:00-04:00,1.649999976158142,1.649999976158142,1.5499999523162842,1.559999942779541,1099500,0.0,0.0
2023-05-22 00:00:00-04:00,1.5399999618530273,1.7000000476837158,1.4800000190734863,1.6299999952316284,2132800,0.0,0.0
2023-05-23 00:00:00-04:00,1.6200000047683716,1.7400000095367432,1.5800000429153442,1.590000033378601,1832900,0.0,0.0
2023-05-24 00:00:00-04:00,1.5700000524520874,1.6100000143051147,1.5,1.5199999809265137,1856700,0.0,0.0
2023-05-25 00:00:00-04:00,1.5199999809265137,1.5499999523162842,1.440000057220459,1.4800000190734863,1610100,0.0,0.0
2023-05-26 00:00:00-04:00,1.5,1.590000033378601,1.4800000190734863,1.5,1547500,0.0,0.0
2023-05-30 00:00:00-04:00,1.6200000047683716,1.7000000476837158,1.5499999523162842,1.5700000524520874,3265000,0.0,0.0
2023-05-31 00:00:00-04:00,1.4900000095367432,1.5499999523162842,1.4500000476837158,1.5,3614700,0.0,0.0
2023-06-01 00:00:00-04:00,1.5,1.5499999523162842,1.4600000381469727,1.5099999904632568,1921600,0.0,0.0
2023-06-02 00:00:00-04:00,1.5399999618530273,1.559999942779541,1.4700000286102295,1.4900000095367432,1869300,0.0,0.0
2023-06-05 00:00:00-04:00,1.4800000190734863,1.5099999904632568,1.3799999952316284,1.4299999475479126,3285900,0.0,0.0
2023-06-06 00:00:00-04:00,1.3600000143051147,1.5,1.2699999809265137,1.4900000095367432,2389900,0.0,0.0
2023-06-07 00:00:00-04:00,1.4900000095367432,1.5399999618530273,1.4299999475479126,1.4299999475479126,1658500,0.0,0.0
2023-06-08 00:00:00-04:00,1.409999966621399,1.4900000095367432,1.3899999856948853,1.4299999475479126,1075700,0.0,0.0
2023-06-09 00:00:00-04:00,1.4500000476837158,1.4600000381469727,1.309999942779541,1.3300000429153442,1969500,0.0,0.0
2023-06-12 00:00:00-04:00,1.2799999713897705,1.340000033378601,1.2799999713897705,1.3200000524520874,1545900,0.0,0.0
2023-06-13 00:00:00-04:00,1.3700000047683716,1.4600000381469727,1.3300000429153442,1.4299999475479126,2191700,0.0,0.0
2023-06-14 00:00:00-04:00,1.4299999475479126,1.4800000190734863,1.309999942779541,1.3899999856948853,2348500,0.0,0.0
2023-06-15 00:00:00-04:00,1.2999999523162842,1.340000033378601,1.25,1.3200000524520874,2644900,0.0,0.0
2023-06-16 00:00:00-04:00,1.340000033378601,1.4700000286102295,1.2899999618530273,1.4600000381469727,6124900,0.0,0.0
2023-06-20 00:00:00-04:00,1.4500000476837158,1.649999976158142,1.440000057220459,1.649999976158142,4529100,0.0,0.0
2023-06-21 00:00:00-04:00,1.7200000286102295,1.7899999618530273,1.6399999856948853,1.7000000476837158,5711500,0.0,0.0
2023-06-22 00:00:00-04:00,1.690000057220459,1.7400000095367432,1.590000033378601,1.649999976158142,3549100,0.0,0.0
2023-06-23 00:00:00-04:00,1.590000033378601,1.8300000429153442,1.5800000429153442,1.7999999523162842,7271100,0.0,0.0
2023-06-26 00:00:00-04:00,1.8300000429153442,1.9500000476837158,1.6699999570846558,1.690000057220459,4190000,0.0,0.0
2023-06-27 00:00:00-04:00,1.7300000190734863,1.8700000047683716,1.690000057220459,1.8300000429153442,4783800,0.0,0.0
2023-06-28 00:00:00-04:00,1.7899999618530273,1.7899999618530273,1.690000057220459,1.7300000190734863,3590300,0.0,0.0
2023-06-29 00:00:00-04:00,1.7799999713897705,1.8799999952316284,1.7100000381469727,1.7300000190734863,3377900,0.0,0.0
2023-06-30 00:00:00-04:00,1.8200000524520874,1.850000023841858,1.649999976158142,1.75,4379600,0.0,0.0
2023-07-03 00:00:00-04:00,1.7699999809265137,2.0299999713897705,1.7200000286102295,2.0199999809265137,5536500,0.0,0.0
2023-07-05 00:00:00-04:00,1.9900000095367432,2.2799999713897705,1.9299999475479126,2.190000057220459,6649800,0.0,0.0
2023-07-06 00:00:00-04:00,2.309999942779541,2.4100000858306885,2.049999952316284,2.390000104904175,7530500,0.0,0.0
2023-07-07 00:00:00-04:00,2.380000114440918,2.740000009536743,2.359999895095825,2.640000104904175,7735600,0.0,0.0
2023-07-10 00:00:00-04:00,2.690000057220459,3.180000066757202,2.5899999141693115,3.130000114440918,9105900,0.0,0.0
2023-07-11 00:00:00-04:00,3.25,3.440000057220459,3.119999885559082,3.4100000858306885,10020100,0.0,0.0
2023-07-12 00:00:00-04:00,3.5399999618530273,3.549999952316284,3.0199999809265137,3.1700000762939453,8464100,0.0,0.0
2023-07-13 00:00:00-04:00,3.299999952316284,4.0,3.2799999713897705,3.869999885559082,12733900,0.0,0.0
2023-07-14 00:00:00-04:00,3.869999885559082,3.9000000953674316,3.390000104904175,3.5199999809265137,8341800,0.0,0.0
2023-07-17 00:00:00-04:00,3.5999999046325684,3.9200000762939453,3.3299999237060547,3.4700000286102295,7123400,0.0,0.0
2023-07-18 00:00:00-04:00,3.4700000286102295,3.4800000190734863,3.140000104904175,3.4600000381469727,5795300,0.0,0.0
2023-07-19 00:00:00-04:00,3.450000047683716,3.869999885559082,3.440000057220459,3.7799999713897705,8099200,0.0,0.0
2023-07-20 00:00:00-04:00,3.859999895095825,4.039999961853027,3.4100000858306885,3.440000057220459,7803400,0.0,0.0
2023-07-21 00:00:00-04:00,3.5,3.7300000190734863,3.240000009536743,3.6500000953674316,6029100,0.0,0.0
2023-07-24 00:00:00-04:00,3.4100000858306885,3.630000114440918,3.259999990463257,3.4100000858306885,5211700,0.0,0.0
2023-07-25 00:00:00-04:00,3.440000057220459,3.859999895095825,3.4200000762939453,3.4600000381469727,8132900,0.0,0.0
2023-07-26 00:00:00-04:00,3.609999895095825,3.740000009536743,3.4200000762939453,3.640000104904175,7815800,0.0,0.0
2023-07-27 00:00:00-04:00,3.7200000286102295,3.7699999809265137,3.299999952316284,3.3399999141693115,6744800,0.0,0.0
2023-07-28 00:00:00-04:00,3.450000047683716,3.549999952316284,3.359999895095825,3.4200000762939453,5835100,0.0,0.0
2023-07-31 00:00:00-04:00,3.4600000381469727,3.4600000381469727,2.8299999237060547,2.9200000762939453,12198900,0.0,0.0
2023-08-01 00:00:00-04:00,2.8299999237060547,2.859999895095825,2.619999885559082,2.7799999713897705,8212700,0.0,0.0
2023-08-02 00:00:00-04:00,2.8499999046325684,3.0299999713897705,2.740000009536743,2.8499999046325684,6283100,0.0,0.0
2023-08-03 00:00:00-04:00,2.809999942779541,2.890000104904175,2.7100000381469727,2.7300000190734863,4468800,0.0,0.0
2023-08-04 00:00:00-04:00,2.759999990463257,2.759999990463257,2.5999999046325684,2.630000114440918,3900200,0.0,0.0
2023-08-07 00:00:00-04:00,2.5799999237060547,2.5799999237060547,2.2200000286102295,2.4100000858306885,6399300,0.0,0.0
2023-08-08 00:00:00-04:00,2.490000009536743,2.7699999809265137,2.4000000953674316,2.75,7965300,0.0,0.0
2023-08-09 00:00:00-04:00,2.819999933242798,2.880000114440918,2.569999933242798,2.5799999237060547,6250700,0.0,0.0
2023-08-10 00:00:00-04:00,2.559999942779541,2.7699999809265137,2.440000057220459,2.509999990463257,6879800,0.0,0.0
2023-08-11 00:00:00-04:00,2.4600000381469727,2.640000104904175,2.430000066757202,2.549999952316284,5332100,0.0,0.0
2023-08-14 00:00:00-04:00,2.450000047683716,2.559999942779541,2.109999895095825,2.5199999809265137,7867300,0.0,0.0
2023-08-15 00:00:00-04:00,2.5,2.6500000953674316,2.299999952316284,2.309999942779541,3873300,0.0,0.0
2023-08-16 00:00:00-04:00,2.1600000858306885,2.240000009536743,2.0799999237060547,2.109999895095825,6624700,0.0,0.0
2023-08-17 00:00:00-04:00,2.0299999713897705,2.119999885559082,1.9600000381469727,2.0,6584600,0.0,0.0
2023-08-18 00:00:00-04:00,1.850000023841858,2.0299999713897705,1.8300000429153442,1.9700000286102295,7301200,0.0,0.0
2023-08-21 00:00:00-04:00,2.0,2.1700000762939453,1.9700000286102295,1.9900000095367432,5232200,0.0,0.0
2023-08-22 00:00:00-04:00,2.0,2.059999942779541,1.8300000429153442,1.8700000047683716,5229200,0.0,0.0
2023-08-23 00:00:00-04:00,1.8700000047683716,2.119999885559082,1.8600000143051147,2.0799999237060547,7247800,0.0,0.0
2023-08-24 00:00:00-04:00,2.0999999046325684,2.109999895095825,1.8700000047683716,1.8799999952316284,4005800,0.0,0.0
2023-08-25 00:00:00-04:00,1.8799999952316284,1.9900000095367432,1.8600000143051147,1.899999976158142,2662900,0.0,0.0
2023-08-28 00:00:00-04:00,1.9700000286102295,2.0399999618530273,1.8799999952316284,1.909999966621399,3510600,0.0,0.0
2023-08-29 00:00:00-04:00,1.9199999570846558,2.3499999046325684,1.8700000047683716,2.299999952316284,10009300,0.0,0.0
2023-08-30 00:00:00-04:00,2.299999952316284,2.309999942779541,2.1700000762939453,2.2799999713897705,5610700,0.0,0.0
2023-08-31 00:00:00-04:00,2.259999990463257,2.3399999141693115,2.059999942779541,2.0899999141693115,5781700,0.0,0.0
2023-09-01 00:00:00-04:00,2.0899999141693115,2.1500000953674316,1.9500000476837158,1.9800000190734863,4018000,0.0,0.0
2023-09-05 00:00:00-04:00,1.9600000381469727,2.009999990463257,1.8799999952316284,1.8899999856948853,3487900,0.0,0.0
2023-09-06 00:00:00-04:00,1.8899999856948853,1.9500000476837158,1.8300000429153442,1.850000023841858,4611900,0.0,0.0
2023-09-07 00:00:00-04:00,1.850000023841858,1.899999976158142,1.7300000190734863,1.840000033378601,3795800,0.0,0.0
2023-09-08 00:00:00-04:00,1.8799999952316284,1.940000057220459,1.7799999713897705,1.7999999523162842,2818600,0.0,0.0
2023-09-11 00:00:00-04:00,1.7999999523162842,1.850000023841858,1.7000000476837158,1.7100000381469727,3332900,0.0,0.0
2023-09-12 00:00:00-04:00,1.7699999809265137,2.049999952316284,1.7599999904632568,1.7699999809265137,7254200,0.0,0.0
2023-09-13 00:00:00-04:00,1.7599999904632568,1.850000023841858,1.690000057220459,1.7300000190734863,4167400,0.0,0.0
2023-09-14 00:00:00-04:00,1.850000023841858,1.9500000476837158,1.7200000286102295,1.7300000190734863,9680100,0.0,0.0
2023-09-15 00:00:00-04:00,1.7200000286102295,1.7799999713897705,1.659999966621399,1.6799999475479126,15981000,0.0,0.0
2023-09-18 00:00:00-04:00,1.7599999904632568,1.7799999713897705,1.590000033378601,1.6200000047683716,7343100,0.0,0.0
2023-09-19 00:00:00-04:00,1.600000023841858,1.6699999570846558,1.5199999809265137,1.600000023841858,4581100,0.0,0.0
2023-09-20 00:00:00-04:00,1.590000033378601,1.6699999570846558,1.5199999809265137,1.5199999809265137,2817200,0.0,0.0
2023-09-21 00:00:00-04:00,1.4900000095367432,1.5099999904632568,1.4299999475479126,1.4600000381469727,4785700,0.0,0.0
2023-09-22 00:00:00-04:00,1.4800000190734863,1.5399999618530273,1.3700000047683716,1.3799999952316284,3984200,0.0,0.0
2023-09-25 00:00:00-04:00,1.3300000429153442,1.4199999570846558,1.3200000524520874,1.3700000047683716,2935700,0.0,0.0
2023-09-26 00:00:00-04:00,1.3700000047683716,1.3700000047683716,1.2400000095367432,1.2599999904632568,4788200,0.0,0.0
2023-09-27 00:00:00-04:00,1.3300000429153442,1.350000023841858,1.2100000381469727,1.2599999904632568,4200200,0.0,0.0
2023-09-28 00:00:00-04:00,1.25,1.3899999856948853,1.2400000095367432,1.309999942779541,6880100,0.0,0.0
2023-09-29 00:00:00-04:00,1.3300000429153442,1.3600000143051147,1.2100000381469727,1.2599999904632568,6711400,0.0,0.0
2023-10-02 00:00:00-04:00,1.4199999570846558,1.4900000095367432,1.1699999570846558,1.190000057220459,10342400,0.0,0.0
2023-10-03 00:00:00-04:00,1.149999976158142,1.159999966621399,1.0499999523162842,1.0700000524520874,5810500,0.0,0.0
2023-10-04 00:00:00-04:00,1.0700000524520874,1.149999976158142,1.0299999713897705,1.1100000143051147,4572600,0.0,0.0
2023-10-05 00:00:00-04:00,1.1200000047683716,1.1399999856948853,1.0099999904632568,1.0299999713897705,4454300,0.0,0.0
2023-10-06 00:00:00-04:00,1.0,1.1799999475479126,0.9599999785423279,1.1799999475479126,6502700,0.0,0.0
2023-10-09 00:00:00-04:00,1.149999976158142,1.2100000381469727,1.1100000143051147,1.1399999856948853,3929300,0.0,0.0
2023-10-10 00:00:00-04:00,1.1299999952316284,1.2100000381469727,1.100000023841858,1.1200000047683716,4801800,0.0,0.0
2023-10-11 00:00:00-04:00,1.1200000047683716,1.1299999952316284,1.0399999618530273,1.0800000429153442,3556300,0.0,0.0
2023-10-12 00:00:00-04:00,1.0700000524520874,1.0800000429153442,1.0099999904632568,1.0199999809265137,3071800,0.0,0.0
2023-10-13 00:00:00-04:00,1.0199999809265137,1.059999942779541,1.0,1.0199999809265137,2489600,0.0,0.0
2023-10-16 00:00:00-04:00,1.1100000143051147,1.190000057220459,1.059999942779541,1.1299999952316284,5879600,0.0,0.0
2023-10-17 00:00:00-04:00,1.1200000047683716,1.2899999618530273,1.100000023841858,1.2400000095367432,5663700,0.0,0.0
2023-10-18 00:00:00-04:00,1.2999999523162842,1.309999942779541,1.1299999952316284,1.1399999856948853,5395500,0.0,0.0
2023-10-19 00:00:00-04:00,1.149999976158142,1.2000000476837158,1.0800000429153442,1.090000033378601,5816800,0.0,0.0
2023-10-20 00:00:00-04:00,1.190000057220459,1.25,1.0800000429153442,1.100000023841858,7342000,0.0,0.0
2023-10-23 00:00:00-04:00,1.1799999475479126,1.2899999618530273,1.1100000143051147,1.2000000476837158,13330800,0.0,0.0
2023-10-24 00:00:00-04:00,1.3799999952316284,1.409999966621399,1.190000057220459,1.25,20496900,0.0,0.0
2023-10-25 00:00:00-04:00,1.2599999904632568,1.3700000047683716,1.2200000286102295,1.2200000286102295,8641400,0.0,0.0
2023-10-26 00:00:00-04:00,1.159999966621399,1.2400000095367432,1.1100000143051147,1.149999976158142,7925000,0.0,0.0
2023-10-27 00:00:00-04:00,1.190000057220459,1.2300000190734863,1.1100000143051147,1.1200000047683716,5516700,0.0,0.0
2023-10-30 00:00:00-04:00,1.159999966621399,1.2699999809265137,1.0700000524520874,1.1200000047683716,9253000,0.0,0.0
2023-10-31 00:00:00-04:00,1.1299999952316284,1.149999976158142,1.0499999523162842,1.1100000143051147,5810700,0.0,0.0
2023-11-01 00:00:00-04:00,1.1299999952316284,1.159999966621399,1.059999942779541,1.100000023841858,6137200,0.0,0.0
2023-11-02 00:00:00-04:00,1.1399999856948853,1.190000057220459,1.1100000143051147,1.1299999952316284,11558000,0.0,0.0
2023-11-03 00:00:00-04:00,1.1100000143051147,1.2000000476837158,1.100000023841858,1.149999976158142,9466100,0.0,0.0
2023-11-06 00:00:00-05:00,1.1699999570846558,1.1799999475479126,1.0399999618530273,1.059999942779541,7508500,0.0,0.0
2023-11-07 00:00:00-05:00,1.0800000429153442,1.1100000143051147,0.9800000190734863,1.0499999523162842,10523900,0.0,0.0
2023-11-08 00:00:00-05:00,1.0399999618530273,1.0399999618530273,0.9700000286102295,0.9700000286102295,4748500,0.0,0.0
2023-11-09 00:00:00-05:00,1.0800000429153442,1.1399999856948853,0.9200000166893005,0.9399999976158142,12018900,0.0,0.0
2023-11-10 00:00:00-05:00,0.9599999785423279,1.0,0.8899999856948853,0.9800000190734863,7957600,0.0,0.0
2023-11-13 00:00:00-05:00,0.9700000286102295,1.0399999618530273,0.9200000166893005,1.0099999904632568,6250400,0.0,0.0
2023-11-14 00:00:00-05:00,0.9700000286102295,1.0099999904632568,0.9100000262260437,0.9599999785423279,7745000,0.0,0.0
2023-11-15 00:00:00-05:00,0.9800000190734863,1.1100000143051147,0.9399999976158142,1.090000033378601,6031100,0.0,0.0
2023-11-16 00:00:00-05:00,1.0800000429153442,1.100000023841858,1.0199999809265137,1.0299999713897705,4084100,0.0,0.0
2023-11-17 00:00:00-05:00,1.0499999523162842,1.090000033378601,1.0099999904632568,1.059999942779541,4314300,0.0,0.0
2023-11-20 00:00:00-05:00,1.100000023841858,1.1699999570846558,1.0800000429153442,1.1399999856948853,9216600,0.0,0.0
2023-11-21 00:00:00-05:00,1.1200000047683716,1.1399999856948853,1.0700000524520874,1.0800000429153442,4688900,0.0,0.0
2023-11-22 00:00:00-05:00,1.0800000429153442,1.1200000047683716,1.0099999904632568,1.100000023841858,6533900,0.0,0.0
2023-11-24 00:00:00-05:00,1.100000023841858,1.2899999618530273,1.0700000524520874,1.2599999904632568,8650900,0.0,0.0
2023-11-27 00:00:00-05:00,1.2300000190734863,1.2899999618530273,1.190000057220459,1.2000000476837158,7704000,0.0,0.0
2023-11-28 00:00:00-05:00,1.2200000286102295,1.309999942779541,1.2100000381469727,1.25,11578200,0.0,0.0
2023-11-29 00:00:00-05:00,1.2799999713897705,1.309999942779541,1.2200000286102295,1.2300000190734863,8294800,0.0,0.0
2023-11-30 00:00:00-05:00,1.2300000190734863,1.2400000095367432,1.159999966621399,1.159999966621399,7454700,0.0,0.0
2023-12-01 00:00:00-05:00,1.190000057220459,1.3700000047683716,1.159999966621399,1.3700000047683716,13872500,0.0,0.0
2023-12-04 00:00:00-05:00,1.6699999570846558,1.690000057220459,1.4600000381469727,1.5399999618530273,23731500,0.0,0.0
2023-12-05 00:00:00-05:00,1.600000023841858,1.7200000286102295,1.5099999904632568,1.5499999523162842,19805200,0.0,0.0
2023-12-06 00:00:00-05:00,1.6299999952316284,1.6699999570846558,1.5700000524520874,1.590000033378601,11908500,0.0,0.0
2023-12-07 00:00:00-05:00,1.559999942779541,1.649999976158142,1.4800000190734863,1.6100000143051147,10248800,0.0,0.0
2023-12-08 00:00:00-05:00,1.6100000143051147,1.850000023841858,1.6100000143051147,1.8300000429153442,20535100,0.0,0.0
2023-12-11 00:00:00-05:00,1.7200000286102295,1.7200000286102295,1.3700000047683716,1.4199999570846558,19965000,0.0,0.0
2023-12-12 00:00:00-05:00,1.5099999904632568,1.5199999809265137,1.4199999570846558,1.4500000476837158,11212600,0.0,0.0
2023-12-13 00:00:00-05:00,1.4600000381469727,1.6399999856948853,1.409999966621399,1.6299999952316284,17561800,0.0,0.0
2023-12-14 00:00:00-05:00,1.7200000286102295,1.8200000524520874,1.6699999570846558,1.7799999713897705,15885400,0.0,0.0
2023-12-15 00:00:00-05:00,1.7400000095367432,1.809999942779541,1.649999976158142,1.7799999713897705,18877300,0.0,0.0
2023-12-18 00:00:00-05:00,1.690000057220459,1.9900000095367432,1.690000057220459,1.809999942779541,21374700,0.0,0.0
2023-12-19 00:00:00-05:00,1.909999966621399,2.1600000858306885,1.8899999856948853,1.9800000190734863,29955100,0.0,0.0
2023-12-20 00:00:00-05:00,2.2300000190734863,2.2699999809265137,1.940000057220459,1.9500000476837158,37374200,0.0,0.0
2023-12-21 00:00:00-05:00,2.0899999141693115,2.130000114440918,1.9800000190734863,2.0799999237060547,22143500,0.0,0.0
2023-12-22 00:00:00-05:00,2.109999895095825,2.25,1.9800000190734863,2.1500000953674316,33497800,0.0,0.0
2023-12-26 00:00:00-05:00,2.1600000858306885,2.259999990463257,2.0799999237060547,2.2200000286102295,24367800,0.0,0.0
2023-12-27 00:00:00-05:00,2.4800000190734863,2.9000000953674316,2.430000066757202,2.880000114440918,52498100,0.0,0.0
2023-12-28 00:00:00-05:00,2.9000000953674316,3.1700000762939453,2.7799999713897705,3.0199999809265137,58572200,0.0,0.0
2023-12-29 00:00:00-05:00,3.049999952316284,3.109999895095825,2.2699999809265137,2.4000000953674316,55369800,0.0,0.0
2024-01-02 00:00:00-05:00,2.930000066757202,2.940000057220459,2.2300000190734863,2.299999952316284,37016700,0.0,0.0
2024-01-03 00:00:00-05:00,2.0399999618530273,2.309999942779541,1.9500000476837158,2.1500000953674316,31323600,0.0,0.0
2024-01-04 00:00:00-05:00,2.2699999809265137,2.3499999046325684,2.0899999141693115,2.190000057220459,26283000,0.0,0.0
2024-01-05 00:00:00-05:00,2.119999885559082,2.130000114440918,1.8799999952316284,1.9299999475479126,22195400,0.0,0.0
2024-01-08 00:00:00-05:00,1.9500000476837158,2.130000114440918,1.7899999618530273,2.059999942779541,24113500,0.0,0.0
2024-01-09 00:00:00-05:00,2.049999952316284,2.1600000858306885,1.9500000476837158,2.0299999713897705,17777100,0.0,0.0
2024-01-10 00:00:00-05:00,1.9700000286102295,2.259999990463257,1.9600000381469727,2.119999885559082,23629900,0.0,0.0
2024-01-11 00:00:00-05:00,2.440000057220459,2.4600000381469727,1.840000033378601,1.9199999570846558,41921500,0.0,0.0
2024-01-12 00:00:00-05:00,1.840000033378601,1.8600000143051147,1.6399999856948853,1.7000000476837158,26498200,0.0,0.0
2024-01-16 00:00:00-05:00,1.6299999952316284,1.6299999952316284,1.4500000476837158,1.5099999904632568,22506100,0.0,0.0
2024-01-17 00:00:00-05:00,1.4600000381469727,1.5399999618530273,1.4199999570846558,1.4299999475479126,10980900,0.0,0.0
2024-01-18 00:00:00-05:00,1.4600000381469727,1.5199999809265137,1.2999999523162842,1.309999942779541,17840700,0.0,0.0
2024-01-19 00:00:00-05:00,1.3200000524520874,1.409999966621399,1.2400000095367432,1.3799999952316284,20167500,0.0,0.0
2024-01-22 00:00:00-05:00,1.3300000429153442,1.5,1.2899999618530273,1.4500000476837158,13684500,0.0,0.0
2024-01-23 00:00:00-05:00,1.3700000047683716,1.4800000190734863,1.3600000143051147,1.4299999475479126,11659500,0.0,0.0
2024-01-24 00:00:00-05:00,1.4800000190734863,1.5700000524520874,1.4299999475479126,1.440000057220459,11185700,0.0,0.0
2024-01-25 00:00:00-05:00,1.4700000286102295,1.5499999523162842,1.4299999475479126,1.5199999809265137,10342100,0.0,0.0
2024-01-26 00:00:00-05:00,1.6100000143051147,1.75,1.5800000429153442,1.690000057220459,17398800,0.0,0.0
2024-01-29 00:00:00-05:00,1.7300000190734863,1.9299999475479126,1.6799999475479126,1.8799999952316284,19683800,0.0,0.0
2024-01-30 00:00:00-05:00,1.909999966621399,2.0199999809265137,1.8300000429153442,1.8799999952316284,17515000,0.0,0.0
2024-01-31 00:00:00-05:00,1.7999999523162842,1.899999976158142,1.6699999570846558,1.6699999570846558,18999800,0.0,0.0
2024-02-01 00:00:00-05:00,1.7100000381469727,1.840000033378601,1.6699999570846558,1.8300000429153442,9480600,0.0,0.0
2024-02-02 00:00:00-05:00,1.7599999904632568,1.8700000047683716,1.7200000286102295,1.7799999713897705,11952800,0.0,0.0
2024-02-05 00:00:00-05:00,1.7699999809265137,1.7899999618530273,1.5499999523162842,1.559999942779541,11607500,0.0,0.0
2024-02-06 00:00:00-05:00,1.600000023841858,1.7100000381469727,1.5499999523162842,1.7000000476837158,7283200,0.0,0.0
2024-02-07 00:00:00-05:00,1.690000057220459,1.7400000095367432,1.5700000524520874,1.7200000286102295,14334700,0.0,0.0
2024-02-08 00:00:00-05:00,1.8200000524520874,2.069999933242798,1.809999942779541,2.0299999713897705,30266800,0.0,0.0
2024-02-09 00:00:00-05:00,2.240000009536743,2.2799999713897705,2.109999895095825,2.200000047683716,32182500,0.0,0.0
2024-02-12 00:00:00-05:00,2.2200000286102295,2.4800000190734863,2.2100000381469727,2.380000114440918,30708900,0.0,0.0
2024-02-13 00:00:00-05:00,2.140000104904175,2.3499999046325684,2.069999933242798,2.190000057220459,17287900,0.0,0.0
2024-02-14 00:00:00-05:00,2.4800000190734863,2.5199999809265137,2.359999895095825,2.4600000381469727,24812400,0.0,0.0
2024-02-15 00:00:00-05:00,2.6700000762939453,2.7300000190734863,2.319999933242798,2.4600000381469727,33443200,0.0,0.0
2024-02-16 00:00:00-05:00,2.4800000190734863,2.690000057220459,2.380000114440918,2.490000009536743,24733100,0.0,0.0
2024-02-20 00:00:00-05:00,2.5199999809265137,2.559999942779541,2.190000057220459,2.369999885559082,21959600,0.0,0.0
2024-02-21 00:00:00-05:00,2.200000047683716,2.309999942779541,2.1700000762939453,2.180000066757202,13094500,0.0,0.0
2024-02-22 00:00:00-05:00,2.2200000286102295,2.259999990463257,2.119999885559082,2.140000104904175,21339900,0.0,0.0
2024-02-23 00:00:00-05:00,2.0799999237060547,2.0999999046325684,1.909999966621399,2.0299999713897705,16042700,0.0,0.0
2024-02-26 00:00:00-05:00,2.049999952316284,2.380000114440918,2.049999952316284,2.3399999141693115,28488500,0.0,0.0
2024-02-27 00:00:00-05:00,2.5299999713897705,2.5899999141693115,2.200000047683716,2.299999952316284,29858700,0.0,0.0
2024-02-28 00:00:00-05:00,2.359999895095825,2.390000104904175,2.059999942779541,2.0999999046325684,30876500,0.0,0.0
2024-02-29 00:00:00-05:00,2.190000057220459,2.200000047683716,1.850000023841858,1.8799999952316284,26393900,0.0,0.0
2024-03-01 00:00:00-05:00,1.899999976158142,2.049999952316284,1.7899999618530273,2.049999952316284,13978500,0.0,0.0
2024-03-04 00:00:00-05:00,2.140000104904175,2.190000057220459,1.8700000047683716,1.909999966621399,25138200,0.0,0.0
2024-03-05 00:00:00-05:00,1.850000023841858,1.9800000190734863,1.7000000476837158,1.7300000190734863,19589900,0.0,0.0
2024-03-06 00:00:00-05:00,1.7699999809265137,1.9199999570846558,1.7100000381469727,1.8700000047683716,14672400,0.0,0.0
2024-03-07 00:00:00-05:00,1.8300000429153442,1.8899999856948853,1.75,1.840000033378601,12195000,0.0,0.0
2024-03-08 00:00:00-05:00,1.8700000047683716,2.119999885559082,1.850000023841858,2.009999990463257,21635200,0.0,0.0
2024-03-11 00:00:00-04:00,2.069999933242798,2.0899999141693115,1.7999999523162842,1.8200000524520874,18460200,0.0,0.0
2024-03-12 00:00:00-04:00,1.8200000524520874,1.8200000524520874,1.690000057220459,1.7599999904632568,13004600,0.0,0.0
2024-03-13 00:00:00-04:00,1.75,1.840000033378601,1.7000000476837158,1.7400000095367432,13967000,0.0,0.0
2024-03-14 00:00:00-04:00,1.7100000381469727,1.7300000190734863,1.6100000143051147,1.6699999570846558,13796800,0.0,0.0
2024-03-15 00:00:00-04:00,1.659999966621399,1.8300000429153442,1.6299999952316284,1.7799999713897705,13308200,0.0,0.0
2024-03-18 00:00:00-04:00,1.7599999904632568,1.8300000429153442,1.7000000476837158,1.7300000190734863,12790800,0.0,0.0
2024-03-19 00:00:00-04:00,1.6799999475479126,1.7899999618530273,1.5700000524520874,1.7200000286102295,12618900,0.0,0.0
2024-03-20 00:00:00-04:00,1.7100000381469727,2.3299999237060547,1.7000000476837158,2.3299999237060547,40493600,0.0,0.0
2024-03-21 00:00:00-04:00,2.309999942779541,2.5199999809265137,2.2300000190734863,2.380000114440918,36066100,0.0,0.0
2024-03-22 00:00:00-04:00,2.319999933242798,2.5999999046325684,2.240000009536743,2.4600000381469727,30423900,0.0,0.0
2024-03-25 00:00:00-04:00,2.569999933242798,2.8399999141693115,2.5199999809265137,2.569999933242798,31544600,0.0,0.0
2024-03-26 00:00:00-04:00,2.5799999237060547,2.609999895095825,2.4200000762939453,2.4600000381469727,19319900,0.0,0.0
2024-03-27 00:00:00-04:00,2.5799999237060547,2.740000009536743,2.430000066757202,2.700000047683716,23636900,0.0,0.0
2024-03-28 00:00:00-04:00,2.759999990463257,2.930000066757202,2.5899999141693115,2.630000114440918,33324300,0.0,0.0
2024-04-01 00:00:00-04:00,2.609999895095825,2.609999895095825,2.359999895095825,2.430000066757202,15547800,0.0,0.0
2024-04-02 00:00:00-04:00,2.2799999713897705,2.4000000953674316,2.2100000381469727,2.3299999237060547,11135600,0.0,0.0
2024-04-03 00:00:00-04:00,2.3399999141693115,2.4000000953674316,2.240000009536743,2.3299999237060547,11308300,0.0,0.0
2024-04-04 00:00:00-04:00,2.4100000858306885,2.619999885559082,2.3499999046325684,2.369999885559082,19204900,0.0,0.0
2024-04-05 00:00:00-04:00,2.299999952316284,2.430000066757202,2.2699999809265137,2.3499999046325684,9509900,0.0,0.0
2024-04-08 00:00:00-04:00,2.490000009536743,2.5899999141693115,2.200000047683716,2.2300000190734863,31322800,0.0,0.0
2024-04-09 00:00:00-04:00,2.259999990463257,2.3499999046325684,2.1700000762939453,2.2200000286102295,13525000,0.0,0.0
2024-04-10 00:00:00-04:00,2.1600000858306885,2.2799999713897705,2.0799999237060547,2.180000066757202,10854600,0.0,0.0
2024-04-11 00:00:00-04:00,2.200000047683716,2.2300000190734863,2.049999952316284,2.140000104904175,14273500,0.0,0.0
2024-04-12 00:00:00-04:00,2.130000114440918,2.1500000953674316,2.0,2.0399999618530273,9991300,0.0,0.0
2024-04-15 00:00:00-04:00,2.0199999809265137,2.109999895095825,1.9199999570846558,1.940000057220459,11103700,0.0,0.0
2024-04-16 00:00:00-04:00,1.8799999952316284,1.9299999475479126,1.8200000524520874,1.8799999952316284,12131100,0.0,0.0
2024-04-17 00:00:00-04:00,1.899999976158142,2.069999933242798,1.8799999952316284,1.9600000381469727,10859700,0.0,0.0
2024-04-18 00:00:00-04:00,2.0,2.2200000286102295,1.9600000381469727,2.130000114440918,12059400,0.0,0.0
2024-04-19 00:00:00-04:00,2.200000047683716,2.309999942779541,2.109999895095825,2.2899999618530273,14362200,0.0,0.0
2024-04-22 00:00:00-04:00,2.369999885559082,2.609999895095825,2.2699999809265137,2.5799999237060547,24349900,0.0,0.0
2024-04-23 00:00:00-04:00,2.4800000190734863,2.7899999618530273,2.4200000762939453,2.7100000381469727,21342900,0.0,0.0
2024-04-24 00:00:00-04:00,2.700000047683716,2.75,2.5199999809265137,2.5199999809265137,16800700,0.0,0.0
2024-04-25 00:00:00-04:00,2.390000104904175,2.509999990463257,2.319999933242798,2.490000009536743,12824100,0.0,0.0
2024-04-26 00:00:00-04:00,2.4700000286102295,2.509999990463257,2.369999885559082,2.4700000286102295,8824100,0.0,0.0
2024-04-29 00:00:00-04:00,2.369999885559082,2.5,2.2799999713897705,2.3299999237060547,17222500,0.0,0.0
2024-04-30 00:00:00-04:00,2.240000009536743,2.2899999618530273,2.1600000858306885,2.1700000762939453,11821300,0.0,0.0
2024-05-01 00:00:00-04:00,2.130000114440918,2.2799999713897705,2.0299999713897705,2.119999885559082,16276300,0.0,0.0
2024-05-02 00:00:00-04:00,2.2699999809265137,2.2699999809265137,2.0899999141693115,2.1700000762939453,8759400,0.0,0.0
2024-05-03 00:00:00-04:00,2.259999990463257,2.309999942779541,2.1600000858306885,2.190000057220459,10922000,0.0,0.0
2024-05-06 00:00:00-04:00,2.259999990463257,2.4800000190734863,2.25,2.4200000762939453,15043800,0.0,0.0
2024-05-07 00:00:00-04:00,2.380000114440918,2.4200000762939453,2.299999952316284,2.3299999237060547,9280500,0.0,0.0
2024-05-08 00:00:00-04:00,2.25,2.3399999141693115,2.1500000953674316,2.3299999237060547,9377200,0.0,0.0
2024-05-09 00:00:00-04:00,2.299999952316284,2.4000000953674316,2.259999990463257,2.359999895095825,6846100,0.0,0.0
2024-05-10 00:00:00-04:00,2.4100000858306885,2.490000009536743,2.2200000286102295,2.2300000190734863,11309900,0.0,0.0
2024-05-13 00:00:00-04:00,2.2799999713897705,2.4000000953674316,2.2200000286102295,2.240000009536743,11792200,0.0,0.0
2024-05-14 00:00:00-04:00,1.9800000190734863,2.0799999237060547,1.909999966621399,2.0399999618530273,15253400,0.0,0.0
2024-05-15 00:00:00-04:00,2.140000104904175,2.190000057220459,2.0,2.119999885559082,14445200,0.0,0.0
2024-05-16 00:00:00-04:00,2.0899999141693115,2.1700000762939453,2.0199999809265137,2.0199999809265137,11973400,0.0,0.0
2024-05-17 00:00:00-04:00,2.049999952316284,2.0999999046325684,1.9500000476837158,1.9500000476837158,12213200,0.0,0.0
2024-05-20 00:00:00-04:00,1.9600000381469727,2.1500000953674316,1.909999966621399,2.130000114440918,16151100,0.0,0.0
2024-05-21 00:00:00-04:00,2.190000057220459,2.240000009536743,2.0199999809265137,2.0399999618530273,14698800,0.0,0.0
2024-05-22 00:00:00-04:00,2.049999952316284,2.2899999618530273,2.0399999618530273,2.1600000858306885,19950900,0.0,0.0
2024-05-23 00:00:00-04:00,2.180000066757202,2.190000057220459,1.9700000286102295,1.9900000095367432,12261400,0.0,0.0
2024-05-24 00:00:00-04:00,2.0,2.0999999046325684,1.9600000381469727,2.069999933242798,8708800,0.0,0.0
2024-05-28 00:00:00-04:00,2.0799999237060547,2.1600000858306885,2.0199999809265137,2.069999933242798,13115400,0.0,0.0
2024-05-29 00:00:00-04:00,2.0299999713897705,2.25,1.9800000190734863,2.240000009536743,17696700,0.0,0.0
2024-05-30 00:00:00-04:00,2.25,2.369999885559082,2.240000009536743,2.2799999713897705,19890800,0.0,0.0
2024-05-31 00:00:00-04:00,2.309999942779541,2.3499999046325684,2.130000114440918,2.180000066757202,20567000,0.0,0.0
2024-06-03 00:00:00-04:00,2.25,2.299999952316284,2.0399999618530273,2.049999952316284,12803200,0.0,0.0
2024-06-04 00:00:00-04:00,2.1500000953674316,2.559999942779541,2.1500000953674316,2.509999990463257,43196600,0.0,0.0
2024-06-05 00:00:00-04:00,2.569999933242798,2.7899999618530273,2.5,2.7899999618530273,33414000,0.0,0.0
2024-06-06 00:00:00-04:00,2.740000009536743,3.3399999141693115,2.7300000190734863,3.2100000381469727,53507600,0.0,0.0
2024-06-07 00:00:00-04:00,3.2200000286102295,3.3499999046325684,2.9700000286102295,3.0899999141693115,32594700,0.0,0.0
2024-06-10 00:00:00-04:00,2.9100000858306885,3.2300000190734863,2.869999885559082,3.0899999141693115,20064100,0.0,0.0
2024-06-11 00:00:00-04:00,2.930000066757202,3.4800000190734863,2.7799999713897705,3.4800000190734863,29772300,0.0,0.0
2024-06-12 00:00:00-04:00,3.8299999237060547,4.199999809265137,3.75,3.8399999141693115,39501700,0.0,0.0
2024-06-13 00:00:00-04:00,3.8499999046325684,4.190000057220459,3.759999990463257,4.070000171661377,37238600,0.0,0.0
2024-06-14 00:00:00-04:00,4.079999923706055,4.190000057220459,3.7699999809265137,3.9200000762939453,22641200,0.0,0.0
2024-06-17 00:00:00-04:00,3.880000114440918,4.460000038146973,3.7799999713897705,4.389999866485596,24597900,0.0,0.0
2024-06-18 00:00:00-04:00,4.329999923706055,4.519999980926514,4.099999904632568,4.510000228881836,25961000,0.0,0.0
2024-06-20 00:00:00-04:00,4.619999885559082,4.820000171661377,4.46999979019165,4.630000114440918,28174100,0.0,0.0
2024-06-21 00:00:00-04:00,4.360000133514404,4.420000076293945,4.079999923706055,4.159999847412109,32041800,0.0,0.0
2024-06-24 00:00:00-04:00,3.8299999237060547,4.360000133514404,3.7899999618530273,4.21999979019165,23793300,0.0,0.0
2024-06-25 00:00:00-04:00,4.320000171661377,5.099999904632568,4.320000171661377,4.800000190734863,32242700,0.0,0.0
2024-06-26 00:00:00-04:00,4.880000114440918,5.190000057220459,4.570000171661377,4.590000152587891,30137500,0.0,0.0
2024-06-27 00:00:00-04:00,4.739999771118164,4.840000152587891,4.309999942779541,4.409999847412109,21943600,0.0,0.0
2024-06-28 00:00:00-04:00,4.539999961853027,4.559999942779541,4.320000171661377,4.449999809265137,35084900,0.0,0.0
2024-07-01 00:00:00-04:00,4.599999904632568,5.21999979019165,4.519999980926514,5.210000038146973,18761100,0.0,0.0
2024-07-02 00:00:00-04:00,5.210000038146973,5.340000152587891,4.989999771118164,5.050000190734863,19675000,0.0,0.0
2024-07-03 00:00:00-04:00,4.989999771118164,5.369999885559082,4.920000076293945,5.210000038146973,14284100,0.0,0.0
2024-07-05 00:00:00-04:00,4.909999847412109,5.710000038146973,4.739999771118164,5.579999923706055,25198900,0.0,0.0
2024-07-08 00:00:00-04:00,5.760000228881836,6.010000228881836,5.429999828338623,5.46999979019165,28180100,0.0,0.0
2024-07-09 00:00:00-04:00,5.820000171661377,6.050000190734863,4.960000038146973,5.03000020980835,30209300,0.0,0.0
2024-07-10 00:00:00-04:00,5.130000114440918,5.239999771118164,4.75,4.880000114440918,18759000,0.0,0.0
2024-07-11 00:00:00-04:00,5.119999885559082,5.269999980926514,4.570000171661377,4.75,28462300,0.0,0.0
2024-07-12 00:00:00-04:00,4.730000019073486,5.460000038146973,4.659999847412109,5.309999942779541,21230400,0.0,0.0
2024-07-15 00:00:00-04:00,5.71999979019165,6.039999961853027,5.539999961853027,6.0,28083400,0.0,0.0
2024-07-16 00:00:00-04:00,6.039999961853027,6.389999866485596,5.909999847412109,6.380000114440918,24539500,0.0,0.0
2024-07-17 00:00:00-04:00,6.190000057220459,6.510000228881836,5.769999980926514,5.900000095367432,22188000,0.0,0.0
2024-07-18 00:00:00-04:00,5.960000038146973,6.010000228881836,5.300000190734863,5.349999904632568,13346800,0.0,0.0
2024-07-19 00:00:00-04:00,5.449999809265137,5.809999942779541,5.320000171661377,5.590000152587891,14724100,0.0,0.0
2024-07-22 00:00:00-04:00,5.639999866485596,5.820000171661377,5.329999923706055,5.71999979019165,12648200,0.0,0.0
2024-07-23 00:00:00-04:00,5.619999885559082,5.869999885559082,5.489999771118164,5.519999980926514,8972500,0.0,0.0
2024-07-24 00:00:00-04:00,5.519999980926514,5.730000019073486,5.079999923706055,5.090000152587891,17718000,0.0,0.0
2024-07-25 00:00:00-04:00,4.860000133514404,4.96999979019165,4.460000038146973,4.53000020980835,22921500,0.0,0.0
2024-07-26 00:00:00-04:00,4.789999961853027,4.880000114440918,4.340000152587891,4.420000076293945,17191000,0.0,0.0
2024-07-29 00:00:00-04:00,4.53000020980835,4.579999923706055,4.059999942779541,4.139999866485596,19322100,0.0,0.0
2024-07-30 00:00:00-04:00,4.150000095367432,4.190000057220459,3.8399999141693115,3.8499999046325684,14014800,0.0,0.0
2024-07-31 00:00:00-04:00,4.150000095367432,4.400000095367432,4.110000133514404,4.159999847412109,19470400,0.0,0.0
2024-08-01 00:00:00-04:00,4.239999771118164,4.389999866485596,4.039999961853027,4.110000133514404,19401700,0.0,0.0
2024-08-02 00:00:00-04:00,3.950000047683716,4.090000152587891,3.640000104904175,3.6700000762939453,18534500,0.0,0.0
2024-08-05 00:00:00-04:00,2.8399999141693115,3.6600000858306885,2.740000009536743,3.5799999237060547,25220300,0.0,0.0
2024-08-06 00:00:00-04:00,3.8499999046325684,3.859999895095825,3.4700000286102295,3.619999885559082,14537000,0.0,0.0
2024-08-07 00:00:00-04:00,3.759999990463257,3.8299999237060547,3.319999933242798,3.3399999141693115,14978300,0.0,0.0
2024-08-08 00:00:00-04:00,3.4100000858306885,3.880000114440918,3.4100000858306885,3.880000114440918,17587200,0.0,0.0
2024-08-09 00:00:00-04:00,3.890000104904175,3.950000047683716,3.740000009536743,3.7899999618530273,13520200,0.0,0.0
2024-08-12 00:00:00-04:00,3.700000047683716,3.7300000190734863,3.509999990463257,3.569999933242798,15707600,0.0,0.0
2024-08-13 00:00:00-04:00,3.6500000953674316,3.7200000286102295,3.2899999618530273,3.309999942779541,19792700,0.0,0.0
2024-08-14 00:00:00-04:00,3.319999933242798,3.490000009536743,3.299999952316284,3.3499999046325684,23864400,0.0,0.0
2024-08-15 00:00:00-04:00,3.5799999237060547,3.9700000286102295,3.450000047683716,3.5999999046325684,47494700,0.0,0.0
2024-08-16 00:00:00-04:00,3.559999942779541,4.110000133514404,3.5199999809265137,4.03000020980835,28196600,0.0,0.0
2024-08-19 00:00:00-04:00,4.079999923706055,4.46999979019165,4.0,4.349999904632568,23361500,0.0,0.0
2024-08-20 00:00:00-04:00,4.409999847412109,4.860000133514404,4.389999866485596,4.739999771118164,30172300,0.0,0.0
2024-08-21 00:00:00-04:00,4.78000020980835,4.920000076293945,4.440000057220459,4.800000190734863,22308300,0.0,0.0
2024-08-22 00:00:00-04:00,4.829999923706055,4.980000019073486,4.630000114440918,4.809999942779541,17930600,0.0,0.0
2024-08-23 00:00:00-04:00,4.889999866485596,4.940000057220459,4.539999961853027,4.929999828338623,21024500,0.0,0.0
2024-08-26 00:00:00-04:00,4.940000057220459,4.940000057220459,4.590000152587891,4.78000020980835,12494400,0.0,0.0
2024-08-27 00:00:00-04:00,4.670000076293945,4.739999771118164,4.289999961853027,4.510000228881836,14901600,0.0,0.0
2024-08-28 00:00:00-04:00,4.409999847412109,4.610000133514404,4.099999904632568,4.179999828338623,14550700,0.0,0.0
2024-08-29 00:00:00-04:00,4.269999980926514,4.440000057220459,4.090000152587891,4.199999809265137,13996400,0.0,0.0
2024-08-30 00:00:00-04:00,4.289999961853027,4.380000114440918,4.150000095367432,4.360000133514404,11138000,0.0,0.0
2024-09-03 00:00:00-04:00,4.260000228881836,4.260000228881836,3.7899999618530273,3.819999933242798,14604500,0.0,0.0
2024-09-04 00:00:00-04:00,3.7799999713897705,4.010000228881836,3.5899999141693115,3.9100000858306885,15264000,0.0,0.0
2024-09-05 00:00:00-04:00,4.110000133514404,4.300000190734863,3.990000009536743,4.210000038146973,18765400,0.0,0.0
2024-09-06 00:00:00-04:00,4.230000019073486,4.349999904632568,3.6600000858306885,3.7300000190734863,20716600,0.0,0.0
2024-09-09 00:00:00-04:00,3.950000047683716,4.03000020980835,3.7799999713897705,3.990000009536743,19097900,0.0,0.0
2024-09-10 00:00:00-04:00,4.010000228881836,4.239999771118164,3.859999895095825,4.239999771118164,10585800,0.0,0.0
2024-09-11 00:00:00-04:00,4.110000133514404,4.539999961853027,3.990000009536743,4.420000076293945,15488800,0.0,0.0
2024-09-12 00:00:00-04:00,4.440000057220459,4.579999923706055,4.300000190734863,4.309999942779541,13764600,0.0,0.0
2024-09-13 00:00:00-04:00,4.320000171661377,4.429999828338623,4.159999847412109,4.239999771118164,21821000,0.0,0.0
2024-09-16 00:00:00-04:00,4.019999980926514,4.099999904632568,3.7699999809265137,3.940000057220459,15778600,0.0,0.0
2024-09-17 00:00:00-04:00,4.050000190734863,4.389999866485596,4.039999961853027,4.070000171661377,16381900,0.0,0.0
2024-09-18 00:00:00-04:00,4.0,4.389999866485596,3.990000009536743,4.059999942779541,16978600,0.0,0.0
2024-09-19 00:00:00-04:00,4.340000152587891,4.800000190734863,4.28000020980835,4.460000038146973,28677300,0.0,0.0
2024-09-20 00:00:00-04:00,4.46999979019165,4.670000076293945,4.360000133514404,4.5,28316100,0.0,0.0
2024-09-23 00:00:00-04:00,4.71999979019165,5.010000228881836,4.659999847412109,4.889999866485596,25384500,0.0,0.0
2024-09-24 00:00:00-04:00,4.869999885559082,5.400000095367432,4.559999942779541,5.369999885559082,31988600,0.0,0.0
2024-09-25 00:00:00-04:00,5.309999942779541,5.429999828338623,5.079999923706055,5.139999866485596,19824000,0.0,0.0
2024-09-26 00:00:00-04:00,5.320000171661377,5.389999866485596,4.929999828338623,5.070000171661377,20843900,0.0,0.0
2024-09-27 00:00:00-04:00,5.179999828338623,5.190000057220459,4.820000171661377,4.940000057220459,17438100,0.0,0.0
2024-09-30 00:00:00-04:00,4.769999980926514,4.809999942779541,4.570000171661377,4.679999828338623,18369600,0.0,0.0
2024-10-01 00:00:00-04:00,4.679999828338623,4.699999809265137,4.25,4.329999923706055,16441500,0.0,0.0
2024-10-02 00:00:00-04:00,4.239999771118164,4.519999980926514,4.179999828338623,4.360000133514404,12721900,0.0,0.0
2024-10-03 00:00:00-04:00,4.300000190734863,4.71999979019165,4.300000190734863,4.710000038146973,13479600,0.0,0.0
2024-10-04 00:00:00-04:00,4.849999904632568,4.860000133514404,4.360000133514404,4.400000095367432,27230400,0.0,0.0
2024-10-07 00:00:00-04:00,4.349999904632568,4.429999828338623,3.9000000953674316,4.03000020980835,31975000,0.0,0.0
2024-10-08 00:00:00-04:00,4.0,4.150000095367432,3.880000114440918,3.9100000858306885,13959300,0.0,0.0
2024-10-09 00:00:00-04:00,3.880000114440918,3.9200000762939453,3.759999990463257,3.819999933242798,15026100,0.0,0.0
2024-10-10 00:00:00-04:00,4.010000228881836,4.070000171661377,3.799999952316284,3.930000066757202,19327300,0.0,0.0
2024-10-11 00:00:00-04:00,3.950000047683716,4.320000171661377,3.940000057220459,4.210000038146973,19384100,0.0,0.0
2024-10-14 00:00:00-04:00,4.320000171661377,4.570000171661377,4.21999979019165,4.489999771118164,17866800,0.0,0.0
2024-10-15 00:00:00-04:00,4.449999809265137,4.699999809265137,4.300000190734863,4.610000133514404,15434200,0.0,0.0
2024-10-16 00:00:00-04:00,4.679999828338623,5.230000019073486,4.610000133514404,5.199999809265137,24485500,0.0,0.0
2024-10-17 00:00:00-04:00,5.050000190734863,5.349999904632568,4.96999979019165,5.070000171661377,19117200,0.0,0.0
2024-10-18 00:00:00-04:00,5.119999885559082,5.289999961853027,4.980000019073486,5.239999771118164,20021400,0.0,0.0
2024-10-21 00:00:00-04:00,5.21999979019165,6.230000019073486,5.059999942779541,6.210000038146973,58975400,0.0,0.0
2024-10-22 00:00:00-04:00,6.130000114440918,6.550000190734863,5.960000038146973,6.53000020980835,26070100,0.0,0.0
2024-10-23 00:00:00-04:00,6.340000152587891,6.579999923706055,5.989999771118164,6.400000095367432,23597400,0.0,0.0
2024-10-24 00:00:00-04:00,6.28000020980835,6.539999961853027,5.840000152587891,6.210000038146973,91942900,0.0,0.0
2024-10-25 00:00:00-04:00,6.239999771118164,6.699999809265137,6.130000114440918,6.380000114440918,40360400,0.0,0.0
2024-10-28 00:00:00-04:00,6.730000019073486,7.28000020980835,6.690000057220459,6.849999904632568,40475400,0.0,0.0
2024-10-29 00:00:00-04:00,7.070000171661377,7.139999866485596,6.409999847412109,6.690000057220459,28696900,0.0,0.0
2024-10-30 00:00:00-04:00,6.570000171661377,7.150000095367432,6.489999771118164,6.889999866485596,20709100,0.0,0.0
2024-10-31 00:00:00-04:00,6.670000076293945,6.760000228881836,6.210000038146973,6.519999980926514,23443700,0.0,0.0
2024-11-01 00:00:00-04:00,6.670000076293945,6.920000076293945,6.099999904632568,6.199999809265137,21453700,0.0,0.0
2024-11-04 00:00:00-05:00,6.079999923706055,6.170000076293945,5.889999866485596,5.980000019073486,17127000,0.0,0.0
2024-11-05 00:00:00-05:00,6.110000133514404,6.489999771118164,6.03000020980835,6.210000038146973,20077500,0.0,0.0
2024-11-06 00:00:00-05:00,7.059999942779541,7.679999828338623,6.800000190734863,7.670000076293945,48372100,0.0,0.0
2024-11-07 00:00:00-05:00,7.599999904632568,8.329999923706055,7.360000133514404,8.210000038146973,31774500,0.0,0.0
2024-11-08 00:00:00-05:00,8.180000305175781,8.399999618530273,7.820000171661377,8.25,26344700,0.0,0.0
2024-11-11 00:00:00-05:00,8.729999542236328,9.119999885559082,8.319999694824219,8.819999694824219,38343400,0.0,0.0
2024-11-12 00:00:00-05:00,8.4399995803833,8.680000305175781,8.119999885559082,8.529999732971191,32684300,0.0,0.0
2024-11-13 00:00:00-05:00,8.75,9.300000190734863,7.320000171661377,7.349999904632568,42084600,0.0,0.0
2024-11-14 00:00:00-05:00,7.480000019073486,7.539999961853027,6.889999866485596,6.949999809265137,23966400,0.0,0.0
2024-11-15 00:00:00-05:00,7.099999904632568,7.25,6.739999771118164,7.179999828338623,24264300,0.0,0.0
2024-11-18 00:00:00-05:00,7.110000133514404,7.610000133514404,6.820000171661377,7.039999961853027,20093500,0.0,0.0
2024-11-19 00:00:00-05:00,7.0,7.550000190734863,6.829999923706055,7.380000114440918,19273400,0.0,0.0
2024-11-20 00:00:00-05:00,7.630000114440918,7.860000133514404,7.019999980926514,7.199999809265137,24229800,0.0,0.0
2024-11-21 00:00:00-05:00,7.449999809265137,7.559999942779541,6.539999961853027,6.989999771118164,28215900,0.0,0.0
2024-11-22 00:00:00-05:00,6.860000133514404,7.539999961853027,6.599999904632568,7.449999809265137,25855300,0.0,0.0
2024-11-25 00:00:00-05:00,7.630000114440918,7.639999866485596,6.860000133514404,6.989999771118164,29742200,0.0,0.0
2024-11-26 00:00:00-05:00,6.929999828338623,7.099999904632568,6.440000057220459,6.570000171661377,26507400,0.0,0.0
2024-11-27 00:00:00-05:00,6.820000171661377,7.369999885559082,6.710000038146973,7.289999961853027,22596500,0.0,0.0
2024-11-29 00:00:00-05:00,7.349999904632568,8.050000190734863,7.329999923706055,7.889999866485596,18343900,0.0,0.0
2024-12-02 00:00:00-05:00,7.889999866485596,8.1899995803833,7.300000190734863,7.320000171661377,21557200,0.0,0.0
2024-12-03 00:00:00-05:00,7.110000133514404,7.389999866485596,7.010000228881836,7.269999980926514,13218900,0.0,0.0
2024-12-04 00:00:00-05:00,7.360000133514404,8.149999618530273,7.130000114440918,8.119999885559082,23470200,0.0,0.0
2024-12-05 00:00:00-05:00,8.220000267028809,8.4399995803833,7.679999828338623,7.710000038146973,27329500,0.0,0.0
2024-12-06 00:00:00-05:00,7.920000076293945,8.979999542236328,7.900000095367432,8.119999885559082,32676000,0.0,0.0
2024-12-09 00:00:00-05:00,8.050000190734863,8.0600004196167,7.190000057220459,7.289999961853027,26129000,0.0,0.0
2024-12-10 00:00:00-05:00,7.289999961853027,7.360000133514404,6.71999979019165,6.71999979019165,20643700,0.0,0.0
2024-12-11 00:00:00-05:00,6.96999979019165,7.28000020980835,6.730000019073486,7.210000038146973,22615400,0.0,0.0
2024-12-12 00:00:00-05:00,7.429999828338623,7.989999771118164,7.159999847412109,7.53000020980835,27734700,0.0,0.0
2024-12-13 00:00:00-05:00,7.420000076293945,7.670000076293945,6.96999979019165,7.039999961853027,18379200,0.0,0.0
2024-12-16 00:00:00-05:00,7.170000076293945,8.380000114440918,7.170000076293945,8.239999771118164,35624000,0.0,0.0
2024-12-17 00:00:00-05:00,8.350000381469727,8.510000228881836,7.760000228881836,8.199999809265137,20016000,0.0,0.0
2024-12-18 00:00:00-05:00,8.09000015258789,8.140000343322754,6.840000152587891,6.980000019073486,26543300,0.0,0.0
2024-12-19 00:00:00-05:00,7.300000190734863,7.360000133514404,6.409999847412109,6.489999771118164,23184200,0.0,0.0
2024-12-20 00:00:00-05:00,6.369999885559082,6.71999979019165,6.300000190734863,6.610000133514404,25913000,0.0,0.0
2024-12-23 00:00:00-05:00,6.519999980926514,6.579999923706055,5.539999961853027,5.809999942779541,41985900,0.0,0.0
2024-12-24 00:00:00-05:00,6.0,6.360000133514404,5.949999809265137,6.230000019073486,17488800,0.0,0.0
2024-12-26 00:00:00-05:00,6.070000171661377,6.199999809265137,5.849999904632568,6.079999923706055,18252000,0.0,0.0
2024-12-27 00:00:00-05:00,6.090000152587891,6.110000133514404,5.429999828338623,5.53000020980835,30237000,0.0,0.0
2024-12-30 00:00:00-05:00,5.409999847412109,5.5,5.090000152587891,5.320000171661377,21651900,0.0,0.0
2024-12-31 00:00:00-05:00,5.510000228881836,5.820000171661377,5.300000190734863,5.659999847412109,33524600,0.0,0.0
2025-01-02 00:00:00-05:00,5.829999923706055,6.010000228881836,5.309999942779541,5.460000038146973,39964100,0.0,0.0
2025-01-03 00:00:00-05:00,5.570000171661377,6.289999961853027,5.5,6.21999979019165,33235300,0.0,0.0
2025-01-06 00:00:00-05:00,6.489999771118164,6.579999923706055,6.25,6.5,36981300,0.0,0.0
2025-01-07 00:00:00-05:00,6.510000228881836,6.650000095367432,5.769999980926514,6.130000114440918,31171900,0.0,0.0
2025-01-08 00:00:00-05:00,5.909999847412109,6.050000190734863,5.46999979019165,5.510000228881836,35173400,0.0,0.0
2025-01-10 00:00:00-05:00,5.340000152587891,5.46999979019165,5.139999866485596,5.400000095367432,25720600,0.0,0.0
2025-01-13 00:00:00-05:00,5.150000095367432,5.28000020980835,4.96999979019165,5.199999809265137,30080500,0.0,0.0
2025-01-14 00:00:00-05:00,5.599999904632568,5.840000152587891,5.429999828338623,5.570000171661377,34855800,0.0,0.0
2025-01-15 00:00:00-05:00,5.929999828338623,6.329999923706055,5.920000076293945,6.179999828338623,43511300,0.0,0.0
2025-01-16 00:00:00-05:00,6.110000133514404,6.199999809265137,5.820000171661377,5.849999904632568,33625400,0.0,0.0
2025-01-17 00:00:00-05:00,6.21999979019165,6.659999847412109,6.050000190734863,6.400000095367432,58295800,0.0,0.0
2025-01-21 00:00:00-05:00,6.449999809265137,6.539999961853027,5.889999866485596,5.960000038146973,42245600,0.0,0.0
2025-01-22 00:00:00-05:00,5.960000038146973,6.349999904632568,5.610000133514404,6.230000019073486,43279100,0.0,0.0
2025-01-23 00:00:00-05:00,6.039999961853027,6.75,6.039999961853027,6.179999828338623,42018300,0.0,0.0
2025-01-24 00:00:00-05:00,6.5,6.980000019073486,6.269999980926514,6.320000171661377,56754400,0.0,0.0
2025-01-27 00:00:00-05:00,5.489999771118164,5.519999980926514,4.130000114440918,4.429999828338623,98408000,0.0,0.0
2025-01-28 00:00:00-05:00,4.739999771118164,4.789999961853027,4.190000057220459,4.639999866485596,72168500,0.0,0.0
2025-01-29 00:00:00-05:00,4.599999904632568,4.840000152587891,4.449999809265137,4.730000019073486,73270300,0.0,0.0
2025-01-30 00:00:00-05:00,4.829999923706055,5.179999828338623,4.78000020980835,5.010000228881836,57371000,0.0,0.0
2025-01-31 00:00:00-05:00,5.099999904632568,5.25,4.71999979019165,4.769999980926514,69994000,0.0,0.0
2025-02-03 00:00:00-05:00,4.289999961853027,5.070000171661377,4.28000020980835,5.010000228881836,53822500,0.0,0.0
2025-02-04 00:00:00-05:00,5.0,5.199999809265137,4.880000114440918,5.179999828338623,32643200,0.0,0.0
2025-02-05 00:00:00-05:00,5.199999809265137,5.289999961853027,5.0,5.070000171661377,32253500,0.0,0.0
2025-02-06 00:00:00-05:00,5.150000095367432,5.369999885559082,5.010000228881836,5.150000095367432,42223800,0.0,0.0
2025-02-07 00:00:00-05:00,5.360000133514404,5.599999904632568,4.980000019073486,5.03000020980835,38174100,0.0,0.0
2025-02-10 00:00:00-05:00,5.079999923706055,5.309999942779541,4.980000019073486,5.130000114440918,30574800,0.0,0.0
2025-02-11 00:00:00-05:00,5.070000171661377,5.170000076293945,4.75,4.760000228881836,31307800,0.0,0.0
2025-02-12 00:00:00-05:00,4.699999809265137,5.119999885559082,4.639999866485596,4.849999904632568,37356700,0.0,0.0
2025-02-13 00:00:00-05:00,4.860000133514404,4.889999866485596,4.590000152587891,4.889999866485596,34876700,0.0,0.0
2025-02-14 00:00:00-05:00,4.900000095367432,5.010000228881836,4.730000019073486,4.869999885559082,28232300,0.0,0.0
2025-02-18 00:00:00-05:00,4.840000152587891,4.900000095367432,4.650000095367432,4.710000038146973,21415200,0.0,0.0
2025-02-19 00:00:00-05:00,4.760000228881836,4.96999979019165,4.679999828338623,4.71999979019165,23927000,0.0,0.0
2025-02-20 00:00:00-05:00,4.769999980926514,4.789999961853027,4.46999979019165,4.5,32218100,0.0,0.0
2025-02-21 00:00:00-05:00,4.599999904632568,4.690000057220459,4.079999923706055,4.079999923706055,47537200,0.0,0.0
2025-02-24 00:00:00-05:00,4.099999904632568,4.190000057220459,3.7899999618530273,3.950000047683716,59324700,0.0,0.0
2025-02-25 00:00:00-05:00,3.819999933242798,3.880000114440918,3.5399999618530273,3.680000066757202,51767200,0.0,0.0
2025-02-26 00:00:00-05:00,3.700000047683716,3.930000066757202,3.5799999237060547,3.7200000286102295,67335300,0.0,0.0
2025-02-27 00:00:00-05:00,3.9600000381469727,4.019999980926514,3.5999999046325684,3.609999895095825,85099800,0.0,0.0
2025-02-28 00:00:00-05:00,3.5199999809265137,4.25,3.5199999809265137,4.190000057220459,127522800,0.0,0.0
2025-03-03 00:00:00-05:00,4.309999942779541,4.570000171661377,3.630000114440918,3.6700000762939453,54916900,0.0,0.0
2025-03-04 00:00:00-05:00,3.4800000190734863,3.6700000762939453,3.1600000858306885,3.4800000190734863,35550100,0.0,0.0
2025-03-05 00:00:00-05:00,3.5199999809265137,3.7200000286102295,3.380000114440918,3.7100000381469727,19160500,0.0,0.0
2025-03-06 00:00:00-05:00,3.5299999713897705,3.5899999141693115,3.2799999713897705,3.359999895095825,31526500,0.0,0.0
2025-03-07 00:00:00-05:00,3.3499999046325684,3.6600000858306885,3.259999990463257,3.5999999046325684,24491100,0.0,0.0
2025-03-10 00:00:00-04:00,3.4000000953674316,3.4200000762939453,2.9000000953674316,3.069999933242798,35018000,0.0,0.0
2025-03-11 00:00:00-04:00,3.009999990463257,3.240000009536743,2.9100000858306885,3.1700000762939453,31501300,0.0,0.0
2025-03-12 00:00:00-04:00,3.2799999713897705,3.299999952316284,2.930000066757202,3.2300000190734863,43020900,0.0,0.0
2025-03-13 00:00:00-04:00,3.240000009536743,3.240000009536743,2.950000047683716,2.990000009536743,35281100,0.0,0.0
2025-03-14 00:00:00-04:00,3.0999999046325684,3.309999942779541,2.9800000190734863,3.259999990463257,46189000,0.0,0.0
2025-03-17 00:00:00-04:00,3.2300000190734863,3.359999895095825,3.0,3.259999990463257,32752100,0.0,0.0
2025-03-18 00:00:00-04:00,3.200000047683716,3.2100000381469727,2.940000057220459,2.9600000381469727,31848000,0.0,0.0
2025-03-19 00:00:00-04:00,3.009999990463257,3.380000114440918,3.0,3.299999952316284,39843600,0.0,0.0
2025-03-20 00:00:00-04:00,3.2300000190734863,3.3299999237060547,3.1500000953674316,3.2100000381469727,33287100,0.0,0.0
2025-03-21 00:00:00-04:00,3.0899999141693115,3.2100000381469727,3.0399999618530273,3.200000047683716,30430100,0.0,0.0
2025-03-24 00:00:00-04:00,3.3499999046325684,3.5199999809265137,3.319999933242798,3.4700000286102295,40791800,0.0,0.0
2025-03-25 00:00:00-04:00,3.4600000381469727,3.4700000286102295,3.2300000190734863,3.2799999713897705,26419800,0.0,0.0
2025-03-26 00:00:00-04:00,3.190000057220459,3.25,2.890000104904175,2.9100000858306885,33913600,0.0,0.0
2025-03-27 00:00:00-04:00,2.8399999141693115,3.0299999713897705,2.799999952316284,2.930000066757202,25219800,0.0,0.0
2025-03-28 00:00:00-04:00,2.890000104904175,2.890000104904175,2.7100000381469727,2.7200000286102295,31552300,0.0,0.0
2025-03-31 00:00:00-04:00,2.5899999141693115,2.7699999809265137,2.5199999809265137,2.7300000190734863,36253100,0.0,0.0
2025-04-01 00:00:00-04:00,2.7100000381469727,2.9100000858306885,2.640000104904175,2.880000114440918,32640300,0.0,0.0
2025-04-02 00:00:00-04:00,2.75,2.990000009536743,2.75,2.9800000190734863,32801900,0.0,0.0
2025-04-03 00:00:00-04:00,2.6600000858306885,2.759999990463257,2.619999885559082,2.6500000953674316,20982900,0.0,0.0
2025-04-04 00:00:00-04:00,2.569999933242798,2.6500000953674316,2.259999990463257,2.5999999046325684,39419000,0.0,0.0
2025-04-07 00:00:00-04:00,2.2899999618530273,2.930000066757202,2.259999990463257,2.6700000762939453,57216600,0.0,0.0
2025-04-08 00:00:00-04:00,2.8299999237060547,2.8299999237060547,2.2100000381469727,2.259999990463257,37118700,0.0,0.0
2025-04-09 00:00:00-04:00,2.2799999713897705,2.640000104904175,2.059999942779541,2.5799999237060547,55388900,0.0,0.0
2025-04-10 00:00:00-04:00,2.450000047683716,2.450000047683716,2.180000066757202,2.240000009536743,28725500,0.0,0.0
2025-04-11 00:00:00-04:00,2.25,2.4200000762939453,2.190000057220459,2.380000114440918,24701700,0.0,0.0
2025-04-14 00:00:00-04:00,2.4800000190734863,2.5399999618530273,2.319999933242798,2.4700000286102295,27425800,0.0,0.0
2025-04-15 00:00:00-04:00,2.490000009536743,2.509999990463257,2.2100000381469727,2.2899999618530273,28941600,0.0,0.0
2025-04-16 00:00:00-04:00,2.2200000286102295,2.359999895095825,2.190000057220459,2.299999952316284,17504500,0.0,0.0
2025-04-17 00:00:00-04:00,2.299999952316284,2.369999885559082,2.2300000190734863,2.3499999046325684,14231200,0.0,0.0
2025-04-21 00:00:00-04:00,2.359999895095825,2.4800000190734863,2.240000009536743,2.25,30856700,0.0,0.0
2025-04-22 00:00:00-04:00,2.319999933242798,2.7200000286102295,2.309999942779541,2.6500000953674316,59637000,0.0,0.0
2025-04-23 00:00:00-04:00,2.819999933242798,2.9200000762939453,2.6500000953674316,2.7899999618530273,49387300,0.0,0.0
2025-04-24 00:00:00-04:00,2.7699999809265137,3.069999933242798,2.7300000190734863,3.0399999618530273,42168500,0.0,0.0
2025-04-25 00:00:00-04:00,3.0999999046325684,3.130000114440918,2.9700000286102295,3.0,38651400,0.0,0.0
2025-04-28 00:00:00-04:00,3.0299999713897705,3.190000057220459,2.859999895095825,3.0199999809265137,48727100,0.0,0.0
2025-04-29 00:00:00-04:00,3.0,3.069999933242798,2.890000104904175,2.9200000762939453,30198700,0.0,0.0
2025-04-30 00:00:00-04:00,2.809999942779541,2.8399999141693115,2.6700000762939453,2.7799999713897705,25390800,0.0,0.0
2025-05-01 00:00:00-04:00,2.930000066757202,3.2899999618530273,2.9100000858306885,3.240000009536743,48986100,0.0,0.0
2025-05-02 00:00:00-04:00,3.2899999618530273,3.3499999046325684,3.180000066757202,3.2100000381469727,33153200,0.0,0.0
2025-05-05 00:00:00-04:00,3.0799999237060547,3.0899999141693115,2.890000104904175,2.990000009536743,27188100,0.0,0.0
2025-05-06 00:00:00-04:00,2.890000104904175,3.140000104904175,2.890000104904175,3.119999885559082,29234100,0.0,0.0
2025-05-07 00:00:00-04:00,3.0999999046325684,3.130000114440918,2.9800000190734863,3.049999952316284,27008600,0.0,0.0
2025-05-08 00:00:00-04:00,3.200000047683716,3.4100000858306885,3.119999885559082,3.299999952316284,38144200,0.0,0.0
2025-05-09 00:00:00-04:00,3.009999990463257,3.4000000953674316,2.890000104904175,3.009999990463257,40711000,0.0,0.0
2025-05-12 00:00:00-04:00,3.1500000953674316,3.640000104904175,3.0899999141693115,3.4800000190734863,43459200,0.0,0.0
2025-05-13 00:00:00-04:00,3.7100000381469727,3.8399999141693115,3.619999885559082,3.8299999237060547,36592800,0.0,0.0
2025-05-14 00:00:00-04:00,3.799999952316284,3.819999933242798,3.549999952316284,3.6600000858306885,32605400,0.0,0.0
2025-05-15 00:00:00-04:00,3.5799999237060547,3.609999895095825,3.309999942779541,3.5199999809265137,30305200,0.0,0.0
2025-05-16 00:00:00-04:00,3.5299999713897705,3.930000066757202,3.5299999713897705,3.890000104904175,41555300,0.0,0.0
2025-05-19 00:00:00-04:00,3.690000057220459,4.03000020980835,3.5999999046325684,4.0,49708200,0.0,0.0
2025-05-20 00:00:00-04:00,3.950000047683716,4.03000020980835,3.7799999713897705,3.9200000762939453,45921200,0.0,0.0
2025-05-21 00:00:00-04:00,3.8499999046325684,4.199999809265137,3.7300000190734863,3.9100000858306885,72459300,0.0,0.0
2025-05-22 00:00:00-04:00,4.099999904632568,4.179999828338623,3.9000000953674316,4.090000152587891,64149000,0.0,0.0
2025-05-23 00:00:00-04:00,3.890000104904175,4.059999942779541,3.819999933242798,3.930000066757202,42890000,0.0,0.0
2025-05-27 00:00:00-04:00,4.050000190734863,4.090000152587891,3.819999933242798,3.940000057220459,40080400,0.0,0.0
2025-05-28 00:00:00-04:00,3.9600000381469727,3.9600000381469727,3.700000047683716,3.7899999618530273,34330500,0.0,0.0
2025-05-29 00:00:00-04:00,3.8399999141693115,3.8499999046325684,3.609999895095825,3.640000104904175,32157500,0.0,0.0
2025-05-30 00:00:00-04:00,3.5399999618530273,3.6500000953674316,3.450000047683716,3.5299999713897705,34920300,0.0,0.0
2025-06-02 00:00:00-04:00,3.4800000190734863,3.6600000858306885,3.4800000190734863,3.609999895095825,32900700,0.0,0.0
2025-06-03 00:00:00-04:00,3.6600000858306885,3.799999952316284,3.569999933242798,3.7799999713897705,43445700,0.0,0.0
2025-06-04 00:00:00-04:00,3.740000009536743,4.340000152587891,3.6700000762939453,4.239999771118164,58361800,0.0,0.0
2025-06-05 00:00:00-04:00,4.309999942779541,4.320000171661377,3.7899999618530273,3.8299999237060547,80334600,0.0,0.0
2025-06-06 00:00:00-04:00,3.9600000381469727,4.519999980926514,3.9000000953674316,4.349999904632568,47228300,0.0,0.0
2025-06-09 00:00:00-04:00,4.53000020980835,4.650000095367432,4.329999923706055,4.53000020980835,53119500,0.0,0.0
2025-06-10 00:00:00-04:00,4.579999923706055,4.630000114440918,4.400000095367432,4.519999980926514,35110000,0.0,0.0
2025-06-11 00:00:00-04:00,4.539999961853027,4.570000171661377,4.300000190734863,4.409999847412109,45890100,0.0,0.0
2025-06-12 00:00:00-04:00,4.360000133514404,4.46999979019165,4.239999771118164,4.260000228881836,29969500,0.0,0.0
2025-06-13 00:00:00-04:00,4.130000114440918,4.269999980926514,3.9700000286102295,4.019999980926514,41394200,0.0,0.0
2025-06-16 00:00:00-04:00,4.139999866485596,4.400000095367432,4.059999942779541,4.329999923706055,36858300,0.0,0.0
2025-06-17 00:00:00-04:00,4.190000057220459,4.230000019073486,3.880000114440918,3.950000047683716,41651800,0.0,0.0
2025-06-18 00:00:00-04:00,3.930000066757202,4.050000190734863,3.819999933242798,3.8399999141693115,37880200,0.0,0.0
2025-06-20 00:00:00-04:00,3.9700000286102295,4.010000228881836,3.700000047683716,3.740000009536743,47698500,0.0,0.0
2025-06-23 00:00:00-04:00,3.609999895095825,3.6700000762939453,3.4000000953674316,3.569999933242798,41500700,0.0,0.0
2025-06-24 00:00:00-04:00,3.6600000858306885,3.940000057220459,3.630000114440918,3.8399999141693115,43686200,0.0,0.0
2025-06-25 00:00:00-04:00,3.930000066757202,4.139999866485596,3.7899999618530273,3.799999952316284,48368400,0.0,0.0
2025-06-26 00:00:00-04:00,3.7699999809265137,4.53000020980835,3.700000047683716,4.389999866485596,87547200,0.0,0.0
2025-06-27 00:00:00-04:00,4.389999866485596,4.409999847412109,4.130000114440918,4.21999979019165,55550400,0.0,0.0
2025-06-30 00:00:00-04:00,4.289999961853027,4.599999904632568,4.230000019073486,4.380000114440918,52733400,0.0,0.0
2025-07-01 00:00:00-04:00,4.269999980926514,4.679999828338623,4.239999771118164,4.440000057220459,72066400,0.0,0.0
2025-07-02 00:00:00-04:00,4.53000020980835,5.070000171661377,4.53000020980835,5.039999961853027,90051300,0.0,0.0
2025-07-03 00:00:00-04:00,5.099999904632568,5.46999979019165,5.010000228881836,5.260000228881836,53225700,0.0,0.0
2025-07-07 00:00:00-04:00,4.989999771118164,5.03000020980835,4.519999980926514,4.800000190734863,62651000,0.0,0.0
2025-07-08 00:00:00-04:00,4.949999809265137,5.179999828338623,4.789999961853027,4.820000171661377,30670900,0.0,0.0
2025-07-09 00:00:00-04:00,4.96999979019165,5.0,4.730000019073486,4.929999828338623,44003000,0.0,0.0
2025-07-10 00:00:00-04:00,4.929999828338623,5.159999847412109,4.869999885559082,5.130000114440918,64018400,0.0,0.0
2025-07-11 00:00:00-04:00,5.230000019073486,5.340000152587891,4.820000171661377,4.889999866485596,69314400,0.0,0.0
2025-07-14 00:00:00-04:00,4.929999828338623,5.230000019073486,4.909999847412109,5.110000133514404,88409400,0.0,0.0
2025-07-15 00:00:00-04:00,5.039999961853027,5.050000190734863,4.820000171661377,4.869999885559082,41575900,0.0,0.0
2025-07-16 00:00:00-04:00,4.989999771118164,5.369999885559082,4.980000019073486,5.25,48748800,0.0,0.0
2025-07-17 00:00:00-04:00,5.230000019073486,5.440000057220459,5.139999866485596,5.360000133514404,43088600,0.0,0.0
2025-07-18 00:00:00-04:00,5.429999828338623,5.630000114440918,5.0,5.130000114440918,46881200,0.0,0.0
2025-07-21 00:00:00-04:00,5.179999828338623,5.480000019073486,4.96999979019165,4.989999771118164,32811800,0.0,0.0
2025-07-22 00:00:00-04:00,5.090000152587891,5.269999980926514,4.840000152587891,5.260000228881836,69573500,0.0,0.0
2025-07-23 00:00:00-04:00,5.239999771118164,5.260000228881836,4.96999979019165,5.199999809265137,59704200,0.0,0.0
2025-07-24 00:00:00-04:00,5.210000038146973,5.449999809265137,5.170000076293945,5.320000171661377,48041000,0.0,0.0
2025-07-25 00:00:00-04:00,5.269999980926514,5.269999980926514,5.0,5.170000076293945,30149200,0.0,0.0
2025-07-28 00:00:00-04:00,5.289999961853027,5.380000114440918,5.03000020980835,5.099999904632568,25493300,0.0,0.0
2025-07-29 00:00:00-04:00,5.170000076293945,5.440000057220459,5.079999923706055,5.21999979019165,35281300,0.0,0.0
2025-07-30 00:00:00-04:00,5.260000228881836,5.46999979019165,4.889999866485596,5.010000228881836,30732400,0.0,0.0
2025-07-31 00:00:00-04:00,5.070000171661377,5.380000114440918,5.03000020980835,5.159999847412109,40444500,0.0,0.0
2025-08-01 00:00:00-04:00,4.960000038146973,4.960000038146973,4.639999866485596,4.760000228881836,31024400,0.0,0.0
2025-08-04 00:00:00-04:00,4.829999923706055,4.920000076293945,4.71999979019165,4.889999866485596,20787500,0.0,0.0
2025-08-05 00:00:00-04:00,4.929999828338623,5.059999942779541,4.78000020980835,5.059999942779541,32413000,0.0,0.0
2025-08-06 00:00:00-04:00,5.050000190734863,5.199999809265137,5.019999980926514,5.150000095367432,31283100,0.0,0.0
2025-08-07 00:00:00-04:00,5.170000076293945,5.28000020980835,4.769999980926514,4.940000057220459,35252900,0.0,0.0
2025-08-08 00:00:00-04:00,5.179999828338623,5.210000038146973,4.670000076293945,5.03000020980835,42214900,0.0,0.0
2025-08-11 00:00:00-04:00,5.03000020980835,5.769999980926514,5.019999980926514,5.400000095367432,52992600,0.0,0.0
2025-08-12 00:00:00-04:00,5.449999809265137,5.510000228881836,5.179999828338623,5.239999771118164,24840800,0.0,0.0
2025-08-13 00:00:00-04:00,5.480000019073486,5.690000057220459,5.260000228881836,5.460000038146973,38876100,0.0,0.0
2025-08-14 00:00:00-04:00,7.199999809265137,8.760000228881836,6.739999771118164,8.710000038146973,289277500,0.0,0.0
2025-08-15 00:00:00-04:00,8.529999732971191,9.229999542236328,8.140000343322754,8.970000267028809,108160000,0.0,0.0
2025-08-18 00:00:00-04:00,10.010000228881836,10.710000038146973,9.300000190734863,9.380000114440918,161975800,0.0,0.0
2025-08-19 00:00:00-04:00,9.149999618530273,9.359999656677246,8.680000305175781,8.779999732971191,105256700,0.0,0.0
2025-08-20 00:00:00-04:00,8.829999923706055,9.300000190734863,8.600000381469727,9.279999732971191,66973700,0.0,0.0
2025-08-21 00:00:00-04:00,9.300000190734863,9.4399995803833,8.850000381469727,9.1899995803833,54342000,0.0,0.0
2025-08-22 00:00:00-04:00,9.270000457763672,10.25,9.109999656677246,9.15999984741211,72453200,0.0,0.0
2025-08-25 00:00:00-04:00,8.989999771118164,9.100000381469727,8.710000038146973,8.930000305175781,39878700,0.0,0.0
2025-08-26 00:00:00-04:00,8.84000015258789,9.369999885559082,8.800000190734863,9.239999771118164,36027100,0.0,0.0
2025-08-27 00:00:00-04:00,9.260000228881836,9.399999618530273,9.029999732971191,9.130000114440918,29942100,0.0,0.0
2025-08-28 00:00:00-04:00,9.279999732971191,9.640000343322754,9.140000343322754,9.4399995803833,41332600,0.0,0.0
2025-08-29 00:00:00-04:00,9.460000038146973,9.779999732971191,9.100000381469727,9.449999809265137,35705400,0.0,0.0
2025-09-02 00:00:00-04:00,9.199999809265137,9.819999694824219,8.970000267028809,9.630000114440918,42554800,0.0,0.0
2025-09-03 00:00:00-04:00,9.680000305175781,9.75,8.920000076293945,8.979999542236328,35246700,0.0,0.0
2025-09-04 00:00:00-04:00,9.0,9.0,8.600000381469727,8.869999885559082,28234200,0.0,0.0
2025-09-05 00:00:00-04:00,9.079999923706055,9.1899995803833,8.699999809265137,9.130000114440918,26967500,0.0,0.0
2025-09-08 00:00:00-04:00,9.119999885559082,9.520000457763672,8.9399995803833,9.199999809265137,31991000,0.0,0.0
2025-09-09 00:00:00-04:00,9.579999923706055,10.319999694824219,9.130000114440918,10.300000190734863,69371900,0.0,0.0
2025-09-10 00:00:00-04:00,10.539999961853027,11.039999961853027,10.239999771118164,10.550000190734863,62191900,0.0,0.0
2025-09-11 00:00:00-04:00,10.449999809265137,11.229999542236328,10.180000305175781,10.640000343322754,45284500,0.0,0.0
2025-09-12 00:00:00-04:00,10.680000305175781,11.079999923706055,10.479999542236328,10.760000228881836,28100100,0.0,0.0
2025-09-15 00:00:00-04:00,10.84000015258789,10.9399995803833,10.039999961853027,10.489999771118164,36073100,0.0,0.0
2025-09-16 00:00:00-04:00,10.539999961853027,11.0,10.25,10.9399995803833,37077300,0.0,0.0
2025-09-17 00:00:00-04:00,10.789999961853027,11.529999732971191,10.569999694824219,11.350000381469727,39866500,0.0,0.0
2025-09-18 00:00:00-04:00,11.609999656677246,11.630000114440918,10.960000038146973,11.170000076293945,33612300,0.0,0.0
2025-09-19 00:00:00-04:00,11.220000267028809,11.4399995803833,10.899999618530273,10.979999542236328,54584400,0.0,0.0
2025-09-22 00:00:00-04:00,10.979999542236328,11.770000457763672,10.720000267028809,11.489999771118164,45648500,0.0,0.0
2025-09-23 00:00:00-04:00,11.550000190734863,11.789999961853027,11.010000228881836,11.239999771118164,31845100,0.0,0.0
2025-09-24 00:00:00-04:00,11.369999885559082,11.720000267028809,11.039999961853027,11.399999618530273,37364700,0.0,0.0
2025-09-25 00:00:00-04:00,11.109999656677246,11.779999732971191,10.430000305175781,10.970000267028809,50279800,0.0,0.0
2025-09-26 00:00:00-04:00,11.039999961853027,11.130000114440918,10.550000190734863,10.829999923706055,23318200,0.0,0.0
2025-09-29 00:00:00-04:00,11.0600004196167,11.789999961853027,10.9399995803833,11.600000381469727,30376700,0.0,0.0
2025-09-30 00:00:00-04:00,11.6899995803833,12.0600004196167,11.390000343322754,11.420000076293945,28701400,0.0,0.0
2025-10-01 00:00:00-04:00,11.529999732971191,11.930000305175781,11.25,11.470000267028809,22983600,0.0,0.0
2025-10-02 00:00:00-04:00,11.850000381469727,12.270000457763672,11.5600004196167,11.579999923706055,38274500,0.0,0.0
2025-10-03 00:00:00-04:00,11.8100004196167,12.5,11.630000114440918,11.920000076293945,37026800,0.0,0.0
2025-10-06 00:00:00-04:00,12.390000343322754,12.649999618530273,11.920000076293945,11.970000267028809,30065100,0.0,0.0
2025-10-07 00:00:00-04:00,12.15999984741211,12.369999885559082,11.25,12.100000381469727,30522400,0.0,0.0
2025-10-08 00:00:00-04:00,12.09000015258789,12.699999809265137,11.890000343322754,12.300000190734863,27693300,0.0,0.0
2025-10-09 00:00:00-04:00,12.920000076293945,13.739999771118164,12.640000343322754,13.59000015258789,44520500,0.0,0.0
2025-10-10 00:00:00-04:00,14.460000038146973,15.510000228881836,13.180000305175781,13.510000228881836,70877400,0.0,0.0
2025-10-13 00:00:00-04:00,14.350000381469727,14.350000381469727,13.329999923706055,14.0,36954700,0.0,0.0
2025-10-14 00:00:00-04:00,13.850000381469727,16.190000534057617,13.3100004196167,15.460000038146973,77015200,0.0,0.0
2025-10-15 00:00:00-04:00,15.979999542236328,16.18000030517578,14.970000267028809,15.470000267028809,45596800,0.0,0.0
2025-10-16 00:00:00-04:00,15.529999732971191,15.649999618530273,13.8100004196167,13.859999656677246,39053000,0.0,0.0
2025-10-17 00:00:00-04:00,13.260000228881836,13.979999542236328,12.729999542236328,13.930000305175781,32136400,0.0,0.0
2025-10-20 00:00:00-04:00,14.449999809265137,14.739999771118164,13.739999771118164,13.850000381469727,23362900,0.0,0.0
2025-10-21 00:00:00-04:00,13.850000381469727,13.890000343322754,12.880000114440918,13.140000343322754,24538000,0.0,0.0
2025-10-22 00:00:00-04:00,12.970000267028809,13.529999732971191,11.779999732971191,12.619999885559082,41497200,0.0,0.0
2025-10-23 00:00:00-04:00,12.770000457763672,13.319999694824219,12.399999618530273,12.880000114440918,20010600,0.0,0.0
2025-10-24 00:00:00-04:00,13.9399995803833,14.170000076293945,13.5,13.710000038146973,27325200,0.0,0.0
2025-10-27 00:00:00-04:00,14.1899995803833,14.220000267028809,13.470000267028809,13.640000343322754,17835900,0.0,0.0
2025-10-28 00:00:00-04:00,14.640000343322754,17.049999237060547,14.630000114440918,15.9399995803833,114842800,0.0,0.0
2025-10-29 00:00:00-04:00,15.1899995803833,16.229999542236328,14.369999885559082,14.5,81297700,0.0,0.0
2025-10-30 00:00:00-04:00,14.350000381469727,15.550000190734863,14.010000228881836,14.819999694824219,69667700,0.0,0.0
2025-10-31 00:00:00-04:00,15.020000457763672,15.699999809265137,14.800000190734863,15.5,48808100,0.0,0.0
2025-11-03 00:00:00-05:00,16.190000534057617,16.3799991607666,14.6899995803833,16.100000381469727,61777100,0.0,0.0
2025-11-04 00:00:00-05:00,15.15999984741211,16.3700008392334,14.819999694824219,15.010000228881836,43491700,0.0,0.0
2025-11-05 00:00:00-05:00,15.079999923706055,15.670000076293945,14.850000381469727,15.359999656677246,39879100,0.0,0.0
2025-11-06 00:00:00-05:00,15.130000114440918,15.279999732971191,14.15999984741211,14.279999732971191,34181800,0.0,0.0
2025-11-07 00:00:00-05:00,13.779999732971191,14.069999694824219,13.199999809265137,13.9399995803833,42694600,0.0,0.0
2025-11-10 00:00:00-05:00,14.5,15.199999809265137,13.920000076293945,14.300000190734863,43168100,0.0,0.0
2025-11-11 00:00:00-05:00,13.869999885559082,13.890000343322754,11.880000114440918,12.369999885559082,52651300,0.0,0.0
2025-11-12 00:00:00-05:00,12.550000190734863,13.350000381469727,12.260000228881836,12.640000343322754,50640200,0.0,0.0
2025-11-13 00:00:00-05:00,12.170000076293945,12.449999809265137,11.420000076293945,11.680000305175781,43557300,0.0,0.0
2025-11-14 00:00:00-05:00,11.229999542236328,12.079999923706055,10.960000038146973,10.989999771118164,55215300,0.0,0.0
2025-11-17 00:00:00-05:00,10.65999984741211,11.670000076293945,10.600000381469727,11.050000190734863,41533800,0.0,0.0
2025-11-18 00:00:00-05:00,10.9399995803833,12.5,10.859999656677246,12.0,53481100,0.0,0.0
2025-11-19 00:00:00-05:00,11.869999885559082,12.949999809265137,11.850000381469727,12.229999542236328,43240100,0.0,0.0
2025-11-20 00:00:00-05:00,13.4399995803833,14.75,11.510000228881836,11.5600004196167,74052600,0.0,0.0
2025-11-21 00:00:00-05:00,11.4399995803833,11.779999732971191,10.470000267028809,11.289999961853027,50142800,0.0,0.0
2025-11-24 00:00:00-05:00,11.609999656677246,12.699999809265137,11.510000228881836,12.630000114440918,37689300,0.0,0.0
2025-11-25 00:00:00-05:00,12.390000343322754,14.350000381469727,11.850000381469727,13.9399995803833,45618200,0.0,0.0
2025-11-26 00:00:00-05:00,14.470000267028809,14.970000267028809,13.8100004196167,14.84000015258789,47733800,0.0,0.0
2025-11-28 00:00:00-05:00,15.130000114440918,16.1299991607666,15.119999885559082,15.510000228881836,31145300,0.0,0.0
2025-12-01 00:00:00-05:00,14.859999656677246,15.760000228881836,14.800000190734863,15.300000190734863,30037300,0.0,0.0
2025-12-02 00:00:00-05:00,15.569999694824219,15.649999618530273,14.199999809265137,14.220000267028809,32297300,0.0,0.0
2025-12-03 00:00:00-05:00,14.170000076293945,14.5,13.430000305175781,14.430000305175781,30779800,0.0,0.0
2025-12-04 00:00:00-05:00,14.149999618530273,15.220000267028809,13.880000114440918,15.100000381469727,29405100,0.0,0.0
2025-12-05 00:00:00-05:00,14.949999809265137,14.960000038146973,14.180000305175781,14.5,21091100,0.0,0.0
2025-12-08 00:00:00-05:00,14.779999732971191,15.289999961853027,14.15999984741211,14.960000038146973,24443200,0.0,0.0
2025-12-09 00:00:00-05:00,14.710000038146973,15.989999771118164,14.649999618530273,15.59000015258789,33800000,0.0,0.0
2025-12-10 00:00:00-05:00,15.40999984741211,16.329999923706055,15.180000305175781,15.760000228881836,30611400,0.0,0.0
2025-12-11 00:00:00-05:00,15.529999732971191,15.920000076293945,14.9399995803833,15.829999923706055,23033500,0.0,0.0
2025-12-12 00:00:00-05:00,16.1200008392334,16.75,14.270000457763672,14.329999923706055,44299600,0.0,0.0
2025-12-15 00:00:00-05:00,14.0600004196167,14.079999923706055,12.350000381469727,12.489999771118164,36699500,0.0,0.0
2025-12-16 00:00:00-05:00,12.369999885559082,13.100000381469727,11.930000305175781,12.989999771118164,31467800,0.0,0.0
2025-12-17 00:00:00-05:00,13.420000076293945,13.640000343322754,11.449999809265137,11.569999694824219,44383400,0.0,0.0
2025-12-18 00:00:00-05:00,12.220000267028809,12.34000015258789,11.319999694824219,11.789999961853027,31821700,0.0,0.0
2025-12-19 00:00:00-05:00,12.0600004196167,12.90999984741211,12.029999732971191,12.520000457763672,42990600,0.0,0.0
2025-12-22 00:00:00-05:00,12.6899995803833,13.0,12.399999618530273,12.470000267028809,18876400,0.0,0.0
2025-12-23 00:00:00-05:00,12.369999885559082,13.0,12.210000038146973,12.420000076293945,20575900,0.0,0.0
2025-12-24 00:00:00-05:00,12.25,12.430000305175781,11.949999809265137,12.3100004196167,8167800,0.0,0.0
2025-12-26 00:00:00-05:00,12.279999732971191,12.34000015258789,11.649999618530273,11.75,13397900,0.0,0.0
2025-12-29 00:00:00-05:00,11.539999961853027,11.979999542236328,11.350000381469727,11.420000076293945,16445800,0.0,0.0
2025-12-30 00:00:00-05:00,11.380000114440918,11.59000015258789,11.130000114440918,11.149999618530273,17016100,0.0,0.0
2025-12-31 00:00:00-05:00,11.8100004196167,11.890000343322754,11.319999694824219,11.489999771118164,19434900,0.0,0.0
2026-01-02 00:00:00-05:00,11.710000038146973,12.739999771118164,11.550000190734863,12.739999771118164,25966000,0.0,0.0
2026-01-05 00:00:00-05:00,13.010000228881836,13.699999809265137,12.920000076293945,13.619999885559082,26431600,0.0,0.0
2026-01-06 00:00:00-05:00,13.569999694824219,13.729999542236328,12.479999542236328,13.180000305175781,21787300,0.0,0.0
2026-01-07 00:00:00-05:00,12.960000038146973,13.140000343322754,12.380000114440918,12.489999771118164,16303900,0.0,0.0
2026-01-08 00:00:00-05:00,12.470000267028809,13.279999732971191,12.149999618530273,12.84000015258789,17284600,0.0,0.0
2026-01-09 00:00:00-05:00,13.130000114440918,13.699999809265137,12.869999885559082,13.100000381469727,17656000,0.0,0.0
2026-01-12 00:00:00-05:00,12.90999984741211,13.9399995803833,12.819999694824219,13.8100004196167,26690000,0.0,0.0
2026-01-13 00:00:00-05:00,14.130000114440918,14.34000015258789,13.869999885559082,14.140000343322754,27679700,0.0,0.0
2026-01-14 00:00:00-05:00,14.199999809265137,14.550000190734863,13.850000381469727,14.210000038146973,22057600,0.0,0.0
2026-01-15 00:00:00-05:00,14.180000305175781,14.34000015258789,13.699999809265137,13.829999923706055,20208800,0.0,0.0
2026-01-16 00:00:00-05:00,13.850000381469727,14.210000038146973,13.5600004196167,13.850000381469727,21704000,0.0,0.0
2026-01-20 00:00:00-05:00,13.180000305175781,13.979999542236328,12.979999542236328,13.329999923706055,21570300,0.0,0.0
2026-01-21 00:00:00-05:00,13.289999961853027,13.84000015258789,12.3100004196167,13.119999885559082,27823600,0.0,0.0
2026-01-22 00:00:00-05:00,13.289999961853027,13.470000267028809,12.5,12.890000343322754,17485500,0.0,0.0
2026-01-23 00:00:00-05:00,12.850000381469727,14.180000305175781,12.270000457763672,14.119999885559082,29596200,0.0,0.0
2026-01-26 00:00:00-05:00,14.029999732971191,14.229999542236328,13.09000015258789,13.789999961853027,25931000,0.0,0.0
2026-01-27 00:00:00-05:00,13.789999961853027,15.420000076293945,13.739999771118164,15.3100004196167,38249600,0.0,0.0
2026-01-28 00:00:00-05:00,15.350000381469727,15.369999885559082,14.34000015258789,15.109999656677246,28939200,0.0,0.0
2026-01-29 00:00:00-05:00,14.899999618530273,14.90999984741211,13.489999771118164,14.539999961853027,30243000,0.0,0.0
2026-01-30 00:00:00-05:00,14.300000190734863,14.34000015258789,12.979999542236328,13.369999885559082,31973600,0.0,0.0
2026-02-02 00:00:00-05:00,13.0,14.079999923706055,12.960000038146973,13.4399995803833,26077700,0.0,0.0
2026-02-03 00:00:00-05:00,15.069999694824219,15.600000381469727,13.649999618530273,14.800000190734863,63676800,0.0,0.0
2026-02-04 00:00:00-05:00,14.300000190734863,14.420000076293945,12.390000343322754,13.880000114440918,51285700,0.0,0.0
2026-02-05 00:00:00-05:00,13.3100004196167,13.960000038146973,11.739999771118164,11.920000076293945,44177000,0.0,0.0
2026-02-06 00:00:00-05:00,12.729999542236328,14.460000038146973,12.569999694824219,14.289999961853027,46525700,0.0,0.0
2026-02-09 00:00:00-05:00,15.109999656677246,16.829999923706055,14.930000305175781,16.649999618530273,65639100,0.0,0.0
2026-02-10 00:00:00-05:00,16.209999084472656,17.700000762939453,16.020000457763672,16.6299991607666,59262800,0.0,0.0
2026-02-11 00:00:00-05:00,16.93000030517578,17.059999465942383,15.359999656677246,16.030000686645508,39560900,0.0,0.0
2026-02-12 00:00:00-05:00,16.219999313354492,16.969999313354492,15.720000267028809,15.90999984741211,39190100,0.0,0.0
2026-02-13 00:00:00-05:00,16.43000030517578,17.59000015258789,15.199999809265137,16.260000228881836,43021800,0.0,0.0
2026-02-17 00:00:00-05:00,15.779999732971191,16.65999984741211,15.069999694824219,16.18000030517578,28919900,0.0,0.0
2026-02-18 00:00:00-05:00,16.0,16.459999084472656,15.1899995803833,15.380000114440918,28263500,0.0,0.0
2026-02-19 00:00:00-05:00,15.0,15.520000457763672,14.430000305175781,15.470000267028809,23465900,0.0,0.0
2026-02-20 00:00:00-05:00,15.329999923706055,15.789999961853027,14.630000114440918,15.010000228881836,27157200,0.0,0.0
2026-02-23 00:00:00-05:00,14.4399995803833,15.699999809265137,14.3100004196167,15.680000305175781,25296800,0.0,0.0
2026-02-24 00:00:00-05:00,15.390000343322754,18.030000686645508,15.329999923706055,17.559999465942383,46405100,0.0,0.0
2026-02-25 00:00:00-05:00,18.299999237060547,18.510000228881836,17.639999389648438,17.920000076293945,39951800,0.0,0.0
2026-02-26 00:00:00-05:00,18.1299991607666,18.329999923706055,17.25,17.8799991607666,25734500,0.0,0.0
2026-02-27 00:00:00-05:00,17.149999618530273,17.84000015258789,15.6899995803833,16.219999313354492,34007400,0.0,0.0
2026-03-02 00:00:00-05:00,15.550000190734863,16.799999237060547,15.529999732971191,16.020000457763672,26229000,0.0,0.0
2026-03-03 00:00:00-05:00,14.420000076293945,15.350000381469727,14.329999923706055,14.739999771118164,33732500,0.0,0.0
2026-03-04 00:00:00-05:00,15.449999809265137,15.930000305175781,15.079999923706055,15.369999885559082,23717600,0.0,0.0
2026-03-05 00:00:00-05:00,15.220000267028809,15.569999694824219,14.479999542236328,15.229999542236328,27792400,0.0,0.0
2026-03-06 00:00:00-05:00,14.789999961853027,14.979999542236328,13.739999771118164,13.75,32679700,0.0,0.0
2026-03-09 00:00:00-04:00,13.550000190734863,14.149999618530273,13.020000457763672,13.850000381469727,27935900,0.0,0.0
2026-03-10 00:00:00-04:00,14.210000038146973,14.869999885559082,14.09000015258789,14.350000381469727,24195700,0.0,0.0
2026-03-11 00:00:00-04:00,14.390000343322754,15.800000190734863,14.3100004196167,15.220000267028809,31896200,0.0,0.0
2026-03-12 00:00:00-04:00,14.800000190734863,14.9399995803833,14.069999694824219,14.670000076293945,24942600,0.0,0.0
2026-03-13 00:00:00-04:00,15.130000114440918,16.0,14.550000190734863,14.670000076293945,27556900,0.0,0.0
2026-03-16 00:00:00-04:00,15.5,16.81999969482422,15.489999771118164,16.40999984741211,41563600,0.0,0.0
2026-03-17 00:00:00-04:00,16.06999969482422,16.549999237060547,15.470000267028809,16.040000915527344,33170500,0.0,0.0
2026-03-18 00:00:00-04:00,16.049999237060547,16.290000915527344,15.279999732971191,15.300000190734863,25526600,0.0,0.0
2026-03-19 00:00:00-04:00,15.039999961853027,15.829999923706055,14.600000381469727,15.739999771118164,23070300,0.0,0.0
2026-03-20 00:00:00-04:00,15.670000076293945,15.760000228881836,14.489999771118164,15.100000381469727,30799100,0.0,0.0
2026-03-23 00:00:00-04:00,15.6899995803833,17.079999923706055,15.65999984741211,16.190000534057617,39044700,0.0,0.0
2026-03-24 00:00:00-04:00,16.0,16.649999618530273,15.630000114440918,16.219999313354492,30430800,0.0,0.0
2026-03-25 00:00:00-04:00,16.75,17.75,16.520000457763672,16.860000610351562,30421000,0.0,0.0
2026-03-26 00:00:00-04:00,16.520000457763672,16.579999923706055,15.170000076293945,15.350000381469727,27329900,0.0,0.0
2026-03-27 00:00:00-04:00,15.140000343322754,15.369999885559082,14.579999923706055,14.890000343322754,22172000,0.0,0.0
2026-03-30 00:00:00-04:00,15.279999732971191,15.279999732971191,13.199999809265137,13.699999809265137,30827200,0.0,0.0
2026-03-31 00:00:00-04:00,14.180000305175781,14.630000114440918,13.350000381469727,14.430000305175781,29665700,0.0,0.0
2026-04-01 00:00:00-04:00,14.609999656677246,15.130000114440918,14.3100004196167,14.479999542236328,22950600,0.0,0.0
2026-04-02 00:00:00-04:00,13.720000267028809,15.020000457763672,13.470000267028809,14.880000114440918,22445900,0.0,0.0
2026-04-06 00:00:00-04:00,14.9399995803833,15.789999961853027,14.899999618530273,15.550000190734863,16760000,0.0,0.0
2026-04-07 00:00:00-04:00,15.40999984741211,16.65999984741211,15.319999694824219,16.56999969482422,31494000,0.0,0.0
2026-04-08 00:00:00-04:00,17.639999389648438,18.329999923706055,16.920000076293945,18.049999237060547,54453200,0.0,0.0
2026-04-09 00:00:00-04:00,18.239999771118164,19.5,18.139999389648438,19.030000686645508,46049300,0.0,0.0
2026-04-10 00:00:00-04:00,19.239999771118164,20.209999084472656,18.760000228881836,18.8700008392334,33619700,0.0,0.0
2026-04-13 00:00:00-04:00,18.360000610351562,19.899999618530273,18.299999237060547,19.450000762939453,23633900,0.0,0.0
2026-04-14 00:00:00-04:00,20.190000534057617,20.979999542236328,19.549999237060547,20.950000762939453,35164600,0.0,0.0
2026-04-15 00:00:00-04:00,19.940000534057617,20.200000762939453,19.329999923706055,19.670000076293945,62712900,0.0,0.0
2026-04-16 00:00:00-04:00,19.770000457763672,19.770000457763672,18.25,19.309999465942383,38172300,0.0,0.0
2026-04-17 00:00:00-04:00,19.540000915527344,20.709999084472656,18.93000030517578,20.639999389648438,43045600,0.0,0.0
2026-04-20 00:00:00-04:00,20.350000381469727,21.34000015258789,20.010000228881836,20.5,33982500,0.0,0.0
2026-04-21 00:00:00-04:00,20.530000686645508,20.700000762939453,19.440000534057617,19.770000457763672,27151300,0.0,0.0
2026-04-22 00:00:00-04:00,20.350000381469727,20.700000762939453,19.610000610351562,20.549999237060547,23841800,0.0,0.0
2026-04-23 00:00:00-04:00,20.520000457763672,21.600000381469727,20.229999542236328,20.3700008392334,36227500,0.0,0.0
2026-04-24 00:00:00-04:00,21.049999237060547,21.600000381469727,19.84000015258789,20.010000228881836,33915000,0.0,0.0
2026-04-27 00:00:00-04:00,20.329999923706055,21.459999084472656,20.0,21.43000030517578,33033100,0.0,0.0
2026-04-28 00:00:00-04:00,20.729999542236328,21.299999237060547,20.239999771118164,20.799999237060547,27015000,0.0,0.0
2026-04-29 00:00:00-04:00,21.219999313354492,21.239999771118164,19.56999969482422,20.020000457763672,23647900,0.0,0.0
2026-04-30 00:00:00-04:00,20.739999771118164,22.06999969482422,20.670000076293945,21.729999542236328,39766700,0.0,0.0
2026-05-01 00:00:00-04:00,21.989999771118164,22.6299991607666,21.15999984741211,21.309999465942383,28335000,0.0,0.0
2026-05-04 00:00:00-04:00,21.350000381469727,22.439899444580078,21.230100631713867,22.290000915527344,24833131,0.0,0.0
