Date,Open,High,Low,Close,Volume,Dividends,Stock Splits
2022-01-03 00:00:00-05:00,12.300000190734863,13.0,12.0,12.880000114440918,53400,0.0,0.0
2022-01-04 00:00:00-05:00,12.930000305175781,13.25,11.46500015258789,12.569999694824219,44600,0.0,0.0
2022-01-05 00:00:00-05:00,12.390000343322754,12.390000343322754,10.65999984741211,10.670000076293945,48400,0.0,0.0
2022-01-06 00:00:00-05:00,10.699999809265137,10.84000015258789,10.258000373840332,10.5,28900,0.0,0.0
2022-01-07 00:00:00-05:00,10.4399995803833,10.819999694824219,9.880000114440918,10.279999732971191,38100,0.0,0.0
2022-01-10 00:00:00-05:00,10.09000015258789,10.279999732971191,9.8100004196167,10.079999923706055,37500,0.0,0.0
2022-01-11 00:00:00-05:00,10.09000015258789,10.300000190734863,9.850000381469727,10.010000228881836,29700,0.0,0.0
2022-01-12 00:00:00-05:00,10.0,10.149999618530273,9.829999923706055,9.920000076293945,33500,0.0,0.0
2022-01-13 00:00:00-05:00,10.0600004196167,10.130000114440918,9.119999885559082,9.270000457763672,42300,0.0,0.0
2022-01-14 00:00:00-05:00,9.029999732971191,9.989999771118164,9.029999732971191,9.510000228881836,26600,0.0,0.0
2022-01-18 00:00:00-05:00,9.300000190734863,9.489999771118164,8.710000038146973,8.890000343322754,54200,0.0,0.0
2022-01-19 00:00:00-05:00,9.0,9.76200008392334,8.630000114440918,8.760000228881836,41400,0.0,0.0
2022-01-20 00:00:00-05:00,8.880000114440918,10.149999618530273,8.880000114440918,9.4399995803833,59000,0.0,0.0
2022-01-21 00:00:00-05:00,9.4399995803833,9.739999771118164,8.979000091552734,9.1899995803833,57900,0.0,0.0
2022-01-24 00:00:00-05:00,8.90999984741211,9.0649995803833,7.65500020980835,8.390000343322754,90300,0.0,0.0
2022-01-25 00:00:00-05:00,8.029999732971191,8.819999694824219,7.781000137329102,8.300000190734863,38600,0.0,0.0
2022-01-26 00:00:00-05:00,8.529999732971191,8.97599983215332,8.0,8.300000190734863,39200,0.0,0.0
2022-01-27 00:00:00-05:00,8.350000381469727,8.383999824523926,7.610000133514404,7.699999809265137,29300,0.0,0.0
2022-01-28 00:00:00-05:00,7.539999961853027,8.199999809265137,7.010000228881836,8.029999732971191,73100,0.0,0.0
2022-01-31 00:00:00-05:00,8.020000457763672,9.770000457763672,8.020000457763672,9.406000137329102,46500,0.0,0.0
2022-02-01 00:00:00-05:00,9.260000228881836,10.001999855041504,8.979999542236328,9.699999809265137,28900,0.0,0.0
2022-02-02 00:00:00-05:00,9.829999923706055,9.909000396728516,9.390000343322754,9.630000114440918,20500,0.0,0.0
2022-02-03 00:00:00-05:00,9.289999961853027,9.300000190734863,8.579999923706055,8.789999961853027,21200,0.0,0.0
2022-02-04 00:00:00-05:00,8.640000343322754,9.4399995803833,8.529999732971191,9.020000457763672,25900,0.0,0.0
2022-02-07 00:00:00-05:00,9.1899995803833,9.305999755859375,8.970000267028809,9.1899995803833,11600,0.0,0.0
2022-02-08 00:00:00-05:00,9.079999923706055,9.229999542236328,8.600000381469727,9.0,25700,0.0,0.0
2022-02-09 00:00:00-05:00,9.369999885559082,9.579999923706055,8.8100004196167,9.09000015258789,56300,0.0,0.0
2022-02-10 00:00:00-05:00,9.180000305175781,9.350000381469727,8.539999961853027,8.670000076293945,31700,0.0,0.0
2022-02-11 00:00:00-05:00,8.760000228881836,8.800000190734863,8.020000457763672,8.48799991607666,32100,0.0,0.0
2022-02-14 00:00:00-05:00,8.460000038146973,8.649999618530273,8.020999908447266,8.199999809265137,14000,0.0,0.0
2022-02-15 00:00:00-05:00,8.479999542236328,8.75,8.239999771118164,8.739999771118164,22500,0.0,0.0
2022-02-16 00:00:00-05:00,8.539999961853027,9.300000190734863,8.440999984741211,8.960000038146973,22500,0.0,0.0
2022-02-17 00:00:00-05:00,8.770000457763672,9.050000190734863,8.619999885559082,9.0,19000,0.0,0.0
2022-02-18 00:00:00-05:00,8.850000381469727,9.3100004196167,8.59000015258789,9.0,36800,0.0,0.0
2022-02-22 00:00:00-05:00,8.829999923706055,9.289999961853027,8.539999961853027,9.149999618530273,49800,0.0,0.0
2022-02-23 00:00:00-05:00,8.829999923706055,9.074999809265137,8.220000267028809,8.300000190734863,41300,0.0,0.0
2022-02-24 00:00:00-05:00,7.710000038146973,8.390000343322754,7.159999847412109,8.130000114440918,45000,0.0,0.0
2022-02-25 00:00:00-05:00,8.329999923706055,8.680000305175781,8.119999885559082,8.390000343322754,15700,0.0,0.0
2022-02-28 00:00:00-05:00,8.359999656677246,8.850000381469727,8.359999656677246,8.630000114440918,25000,0.0,0.0
2022-03-01 00:00:00-05:00,8.640000343322754,8.880000114440918,8.220000267028809,8.260000228881836,25200,0.0,0.0
2022-03-02 00:00:00-05:00,8.6899995803833,8.6899995803833,8.0,8.289999961853027,17000,0.0,0.0
2022-03-03 00:00:00-05:00,8.479999542236328,8.489999771118164,8.0,8.020000457763672,16400,0.0,0.0
2022-03-04 00:00:00-05:00,8.0,8.319999694824219,7.855000019073486,8.289999961853027,14600,0.0,0.0
2022-03-07 00:00:00-05:00,8.25,9.130000114440918,8.1899995803833,8.5600004196167,52600,0.0,0.0
2022-03-08 00:00:00-05:00,8.65999984741211,8.949999809265137,7.849999904632568,8.239999771118164,65800,0.0,0.0
2022-03-09 00:00:00-05:00,8.539999961853027,8.788000106811523,8.020999908447266,8.359999656677246,39300,0.0,0.0
2022-03-10 00:00:00-05:00,8.199999809265137,8.420000076293945,8.109999656677246,8.399999618530273,12100,0.0,0.0
2022-03-11 00:00:00-05:00,8.470000267028809,8.470000267028809,8.140999794006348,8.369999885559082,11800,0.0,0.0
2022-03-14 00:00:00-04:00,8.270000457763672,8.34000015258789,7.900000095367432,7.909999847412109,23400,0.0,0.0
2022-03-15 00:00:00-04:00,8.083999633789062,8.130000114440918,7.5,7.809999942779541,15400,0.0,0.0
2022-03-16 00:00:00-04:00,8.149999618530273,8.579999923706055,7.989999771118164,8.420000076293945,19000,0.0,0.0
2022-03-17 00:00:00-04:00,8.25,9.170000076293945,7.989999771118164,8.899999618530273,42800,0.0,0.0
2022-03-18 00:00:00-04:00,9.329999923706055,9.329999923706055,8.470000267028809,8.90999984741211,35000,0.0,0.0
2022-03-21 00:00:00-04:00,8.850000381469727,9.069999694824219,8.380000114440918,8.800000190734863,42000,0.0,0.0
2022-03-22 00:00:00-04:00,9.119999885559082,9.289999961853027,8.420000076293945,9.149999618530273,29500,0.0,0.0
2022-03-23 00:00:00-04:00,9.050000190734863,9.050000190734863,8.0600004196167,8.109999656677246,114400,0.0,0.0
2022-03-24 00:00:00-04:00,8.279999732971191,8.470000267028809,8.0,8.25,84500,0.0,0.0
2022-03-25 00:00:00-04:00,8.199999809265137,8.420000076293945,7.960000038146973,7.96999979019165,32200,0.0,0.0
2022-03-28 00:00:00-04:00,8.0,8.194999694824219,7.860000133514404,8.130000114440918,21200,0.0,0.0
2022-03-29 00:00:00-04:00,8.130000114440918,8.300000190734863,8.0,8.050000190734863,37000,0.0,0.0
2022-03-30 00:00:00-04:00,9.4399995803833,9.4399995803833,8.149999618530273,8.550000190734863,60100,0.0,0.0
2022-03-31 00:00:00-04:00,8.670000076293945,9.0,8.600000381469727,8.800000190734863,34200,0.0,0.0
2022-04-01 00:00:00-04:00,8.727999687194824,9.199999809265137,8.489999771118164,9.050000190734863,18300,0.0,0.0
2022-04-04 00:00:00-04:00,8.800000190734863,9.380000114440918,8.65999984741211,9.3100004196167,16200,0.0,0.0
2022-04-05 00:00:00-04:00,9.380000114440918,9.489999771118164,8.989999771118164,9.390000343322754,22300,0.0,0.0
2022-04-06 00:00:00-04:00,9.25,9.25,8.449999809265137,8.539999961853027,34000,0.0,0.0
2022-04-07 00:00:00-04:00,8.343999862670898,8.9399995803833,8.343999862670898,8.600000381469727,12700,0.0,0.0
2022-04-08 00:00:00-04:00,8.5,8.609999656677246,8.130000114440918,8.1899995803833,19900,0.0,0.0
2022-04-11 00:00:00-04:00,8.180000305175781,8.399999618530273,8.0,8.199999809265137,18100,0.0,0.0
2022-04-12 00:00:00-04:00,8.3100004196167,8.600000381469727,8.0600004196167,8.1899995803833,32900,0.0,0.0
2022-04-13 00:00:00-04:00,8.300000190734863,8.470000267028809,8.25,8.449999809265137,7200,0.0,0.0
2022-04-14 00:00:00-04:00,8.579999923706055,8.690999984741211,8.140000343322754,8.399999618530273,17500,0.0,0.0
2022-04-18 00:00:00-04:00,8.289999961853027,8.34000015258789,7.659999847412109,7.829999923706055,17000,0.0,0.0
2022-04-19 00:00:00-04:00,7.900000095367432,8.5649995803833,7.900000095367432,8.25,21800,0.0,0.0
2022-04-20 00:00:00-04:00,8.329999923706055,8.550000190734863,8.0600004196167,8.404999732971191,31600,0.0,0.0
2022-04-21 00:00:00-04:00,8.460000038146973,8.579999923706055,8.1899995803833,8.279999732971191,19500,0.0,0.0
2022-04-22 00:00:00-04:00,8.529999732971191,8.529999732971191,8.199999809265137,8.229999542236328,19000,0.0,0.0
2022-04-25 00:00:00-04:00,8.229999542236328,8.539999961853027,8.010000228881836,8.375,22300,0.0,0.0
2022-04-26 00:00:00-04:00,8.199999809265137,8.390000343322754,8.069999694824219,8.300000190734863,14100,0.0,0.0
2022-04-27 00:00:00-04:00,8.199999809265137,8.350000381469727,8.0,8.100000381469727,15100,0.0,0.0
2022-04-28 00:00:00-04:00,8.1899995803833,8.229999542236328,8.050000190734863,8.140000343322754,15200,0.0,0.0
2022-04-29 00:00:00-04:00,8.149999618530273,8.265000343322754,7.630000114440918,7.710000038146973,25900,0.0,0.0
2022-05-02 00:00:00-04:00,7.679999828338623,8.220000267028809,7.679999828338623,8.170000076293945,15400,0.0,0.0
2022-05-03 00:00:00-04:00,8.0,8.550000190734863,8.0,8.539999961853027,32500,0.0,0.0
2022-05-04 00:00:00-04:00,8.430000305175781,8.970000267028809,8.307999610900879,8.880000114440918,32600,0.0,0.0
2022-05-05 00:00:00-04:00,8.819999694824219,9.25,8.708999633789062,9.25,35400,0.0,0.0
2022-05-06 00:00:00-04:00,9.005999565124512,9.510000228881836,9.005999565124512,9.430000305175781,38300,0.0,0.0
2022-05-09 00:00:00-04:00,9.260000228881836,9.369999885559082,8.37600040435791,8.4399995803833,73000,0.0,0.0
2022-05-10 00:00:00-04:00,8.600000381469727,8.90999984741211,8.550000190734863,8.739999771118164,16300,0.0,0.0
2022-05-11 00:00:00-04:00,8.640000343322754,8.640000343322754,7.747000217437744,7.989999771118164,19600,0.0,0.0
2022-05-12 00:00:00-04:00,7.869999885559082,8.649999618530273,7.869999885559082,8.359999656677246,49400,0.0,0.0
2022-05-13 00:00:00-04:00,8.460000038146973,9.109999656677246,8.333999633789062,8.960000038146973,33400,0.0,0.0
2022-05-16 00:00:00-04:00,8.920000076293945,9.109999656677246,8.736000061035156,8.949999809265137,27500,0.0,0.0
2022-05-17 00:00:00-04:00,8.930000305175781,10.5,8.930000305175781,10.300000190734863,38500,0.0,0.0
2022-05-18 00:00:00-04:00,10.25,11.989999771118164,10.159000396728516,10.449999809265137,74200,0.0,0.0
2022-05-19 00:00:00-04:00,10.319999694824219,12.270000457763672,10.319999694824219,11.75,75400,0.0,0.0
2022-05-20 00:00:00-04:00,11.640000343322754,13.40999984741211,9.319999694824219,11.0,253700,0.0,0.0
2022-05-23 00:00:00-04:00,10.260000228881836,11.640000343322754,10.260000228881836,11.609999656677246,47200,0.0,0.0
2022-05-24 00:00:00-04:00,11.380000114440918,11.399999618530273,10.75,11.199999809265137,20500,0.0,0.0
2022-05-25 00:00:00-04:00,11.8100004196167,11.8100004196167,10.579999923706055,11.140000343322754,32000,0.0,0.0
2022-05-26 00:00:00-04:00,11.460000038146973,12.239999771118164,11.260000228881836,11.949999809265137,39000,0.0,0.0
2022-05-27 00:00:00-04:00,12.09000015258789,13.739999771118164,11.795000076293945,13.539999961853027,72800,0.0,0.0
2022-05-31 00:00:00-04:00,13.199999809265137,13.699999809265137,12.906000137329102,13.199999809265137,37700,0.0,0.0
2022-06-01 00:00:00-04:00,13.390000343322754,13.600000381469727,12.430000305175781,12.430000305175781,69600,0.0,0.0
2022-06-02 00:00:00-04:00,12.449999809265137,13.40999984741211,12.050000190734863,12.270000457763672,48100,0.0,0.0
2022-06-03 00:00:00-04:00,12.1899995803833,12.604000091552734,12.032999992370605,12.420000076293945,26200,0.0,0.0
2022-06-06 00:00:00-04:00,12.520000457763672,12.520000457763672,11.680000305175781,12.229999542236328,33600,0.0,0.0
2022-06-07 00:00:00-04:00,12.0,13.019000053405762,12.0,12.550000190734863,21400,0.0,0.0
2022-06-08 00:00:00-04:00,12.100000381469727,12.444000244140625,11.760000228881836,11.760000228881836,32400,0.0,0.0
2022-06-09 00:00:00-04:00,12.369999885559082,12.390000343322754,11.324000358581543,11.550000190734863,41800,0.0,0.0
2022-06-10 00:00:00-04:00,11.5,12.300000190734863,11.057999610900879,12.279999732971191,28400,0.0,0.0
2022-06-13 00:00:00-04:00,11.890000343322754,12.0,11.199999809265137,11.760000228881836,35400,0.0,0.0
2022-06-14 00:00:00-04:00,11.84000015258789,12.130000114440918,11.210000038146973,11.34000015258789,50800,0.0,0.0
2022-06-15 00:00:00-04:00,11.6899995803833,12.319999694824219,11.449999809265137,11.510000228881836,44000,0.0,0.0
2022-06-16 00:00:00-04:00,11.239999771118164,11.352999687194824,10.697999954223633,11.0,60000,0.0,0.0
2022-06-17 00:00:00-04:00,10.65999984741211,11.539999961853027,10.510000228881836,11.489999771118164,54600,0.0,0.0
2022-06-21 00:00:00-04:00,11.670000076293945,12.119999885559082,11.300000190734863,12.020000457763672,43400,0.0,0.0
2022-06-22 00:00:00-04:00,12.119999885559082,12.619999885559082,11.510000228881836,12.140000343322754,35400,0.0,0.0
2022-06-23 00:00:00-04:00,12.3100004196167,12.859999656677246,11.550000190734863,12.729999542236328,40500,0.0,0.0
2022-06-24 00:00:00-04:00,12.729999542236328,13.239999771118164,11.821000099182129,12.770000457763672,54100,0.0,0.0
2022-06-27 00:00:00-04:00,12.829999923706055,12.829999923706055,11.979999542236328,12.270000457763672,31100,0.0,0.0
2022-06-28 00:00:00-04:00,11.989999771118164,12.593999862670898,11.62399959564209,12.199999809265137,27900,0.0,0.0
2022-06-29 00:00:00-04:00,12.100000381469727,12.34000015258789,11.65999984741211,12.210000038146973,30000,0.0,0.0
2022-06-30 00:00:00-04:00,11.75,12.319999694824219,11.520000457763672,12.239999771118164,19900,0.0,0.0
2022-07-01 00:00:00-04:00,12.180000305175781,12.180000305175781,11.65999984741211,11.859999656677246,17800,0.0,0.0
2022-07-05 00:00:00-04:00,11.729999542236328,11.899999618530273,11.520000457763672,11.579999923706055,12400,0.0,0.0
2022-07-06 00:00:00-04:00,11.550000190734863,11.819999694824219,11.260000228881836,11.260000228881836,9400,0.0,0.0
2022-07-07 00:00:00-04:00,11.595000267028809,12.192999839782715,11.595000267028809,12.029999732971191,5000,0.0,0.0
2022-07-08 00:00:00-04:00,11.5,12.210000038146973,11.449999809265137,11.739999771118164,24300,0.0,0.0
2022-07-11 00:00:00-04:00,11.5,11.5,10.880000114440918,11.319999694824219,31700,0.0,0.0
2022-07-12 00:00:00-04:00,11.229999542236328,11.470000267028809,10.920000076293945,11.039999961853027,12800,0.0,0.0
2022-07-13 00:00:00-04:00,11.0,11.479999542236328,10.720000267028809,11.100000381469727,20500,0.0,0.0
2022-07-14 00:00:00-04:00,11.020000457763672,11.15999984741211,10.52400016784668,10.739999771118164,18200,0.0,0.0
2022-07-15 00:00:00-04:00,10.819999694824219,10.9399995803833,10.5,10.539999961853027,19400,0.0,0.0
2022-07-18 00:00:00-04:00,10.550000190734863,11.0,10.550000190734863,10.619999885559082,35000,0.0,0.0
2022-07-19 00:00:00-04:00,10.84000015258789,11.420000076293945,10.420000076293945,11.039999961853027,30300,0.0,0.0
2022-07-20 00:00:00-04:00,11.09000015258789,11.600000381469727,10.729999542236328,11.260000228881836,66700,0.0,0.0
2022-07-21 00:00:00-04:00,11.300000190734863,11.560999870300293,10.779999732971191,10.90999984741211,44400,0.0,0.0
2022-07-22 00:00:00-04:00,11.069999694824219,11.265000343322754,9.899999618530273,10.029999732971191,50900,0.0,0.0
2022-07-25 00:00:00-04:00,10.010000228881836,10.286999702453613,9.770000457763672,10.0600004196167,10100,0.0,0.0
2022-07-26 00:00:00-04:00,9.869999885559082,10.520000457763672,9.833000183105469,10.010000228881836,11700,0.0,0.0
2022-07-27 00:00:00-04:00,9.989999771118164,10.449999809265137,9.859999656677246,10.149999618530273,21300,0.0,0.0
2022-07-28 00:00:00-04:00,10.359999656677246,11.5,10.156000137329102,11.369999885559082,25100,0.0,0.0
2022-07-29 00:00:00-04:00,11.369999885559082,12.079999923706055,10.470000267028809,11.949999809265137,13500,0.0,0.0
2022-08-01 00:00:00-04:00,11.640000343322754,12.0,11.479999542236328,11.75,13100,0.0,0.0
2022-08-02 00:00:00-04:00,11.630000114440918,11.786999702453613,11.1899995803833,11.579999923706055,24400,0.0,0.0
2022-08-03 00:00:00-04:00,11.510000228881836,11.649999618530273,11.220000267028809,11.470000267028809,13800,0.0,0.0
2022-08-04 00:00:00-04:00,11.779999732971191,12.184000015258789,10.470000267028809,11.239999771118164,63700,0.0,0.0
2022-08-05 00:00:00-04:00,11.0,11.760000228881836,11.0,11.75,15500,0.0,0.0
2022-08-08 00:00:00-04:00,12.050000190734863,12.140000343322754,11.3100004196167,11.34000015258789,23700,0.0,0.0
2022-08-09 00:00:00-04:00,11.489999771118164,11.65999984741211,11.180999755859375,11.25,8000,0.0,0.0
2022-08-10 00:00:00-04:00,11.470000267028809,13.5,11.050000190734863,13.449999809265137,72400,0.0,0.0
2022-08-11 00:00:00-04:00,13.510000228881836,13.510000228881836,12.899999618530273,13.1899995803833,27600,0.0,0.0
2022-08-12 00:00:00-04:00,13.449999809265137,14.199999809265137,12.82699966430664,14.1899995803833,32900,0.0,0.0
2022-08-15 00:00:00-04:00,14.199999809265137,14.270000457763672,13.510000228881836,14.270000457763672,30100,0.0,0.0
2022-08-16 00:00:00-04:00,13.0,14.84000015258789,13.0,13.930000305175781,48300,0.0,0.0
2022-08-17 00:00:00-04:00,13.6899995803833,13.920000076293945,13.25,13.460000038146973,29400,0.0,0.0
2022-08-18 00:00:00-04:00,13.880000114440918,13.880000114440918,13.350000381469727,13.380000114440918,9400,0.0,0.0
2022-08-19 00:00:00-04:00,13.25,13.413000106811523,12.67300033569336,12.75,8300,0.0,0.0
2022-08-22 00:00:00-04:00,12.529999732971191,12.98799991607666,12.329999923706055,12.619999885559082,5700,0.0,0.0
2022-08-23 00:00:00-04:00,12.479999542236328,13.053999900817871,12.479999542236328,13.039999961853027,4200,0.0,0.0
2022-08-24 00:00:00-04:00,13.076000213623047,13.347999572753906,13.039999961853027,13.225000381469727,6700,0.0,0.0
2022-08-25 00:00:00-04:00,13.104999542236328,13.475000381469727,13.062999725341797,13.475000381469727,5100,0.0,0.0
2022-08-26 00:00:00-04:00,13.390000343322754,13.725000381469727,12.899999618530273,13.300000190734863,15300,0.0,0.0
2022-08-29 00:00:00-04:00,12.930000305175781,14.0,12.710000038146973,13.571000099182129,15800,0.0,0.0
2022-08-30 00:00:00-04:00,13.800000190734863,13.800000190734863,13.0,13.75,20900,0.0,0.0
2022-08-31 00:00:00-04:00,13.720000267028809,14.59000015258789,13.609999656677246,14.5,24700,0.0,0.0
2022-09-01 00:00:00-04:00,14.170000076293945,14.324999809265137,13.510000228881836,13.970000267028809,9700,0.0,0.0
2022-09-02 00:00:00-04:00,13.982000350952148,14.390000343322754,13.868000030517578,14.050000190734863,10900,0.0,0.0
2022-09-06 00:00:00-04:00,13.75,14.3100004196167,13.75,13.800000190734863,11000,0.0,0.0
2022-09-07 00:00:00-04:00,13.520000457763672,14.649999618530273,13.5,14.649999618530273,14400,0.0,0.0
2022-09-08 00:00:00-04:00,14.5,14.890000343322754,14.180000305175781,14.510000228881836,25600,0.0,0.0
2022-09-09 00:00:00-04:00,14.859999656677246,14.890000343322754,14.369999885559082,14.470000267028809,15000,0.0,0.0
2022-09-12 00:00:00-04:00,14.40999984741211,14.75,13.984000205993652,13.989999771118164,16600,0.0,0.0
2022-09-13 00:00:00-04:00,13.729999542236328,13.800000190734863,13.100000381469727,13.260000228881836,12200,0.0,0.0
2022-09-14 00:00:00-04:00,13.300000190734863,13.75,13.300000190734863,13.630000114440918,6700,0.0,0.0
2022-09-15 00:00:00-04:00,13.479999542236328,13.630000114440918,13.350000381469727,13.630000114440918,7600,0.0,0.0
2022-09-16 00:00:00-04:00,13.390000343322754,13.609999656677246,12.989999771118164,13.399999618530273,20600,0.0,0.0
2022-09-19 00:00:00-04:00,13.170000076293945,13.630000114440918,12.770000457763672,13.390000343322754,7000,0.0,0.0
2022-09-20 00:00:00-04:00,13.100000381469727,13.319999694824219,12.699999809265137,12.970000267028809,13200,0.0,0.0
2022-09-21 00:00:00-04:00,13.289999961853027,13.289999961853027,12.5600004196167,12.866999626159668,5400,0.0,0.0
2022-09-22 00:00:00-04:00,12.819999694824219,12.899999618530273,11.770000457763672,11.979999542236328,31600,0.0,0.0
2022-09-23 00:00:00-04:00,11.96500015258789,11.96500015258789,10.65999984741211,11.300000190734863,24600,0.0,0.0
2022-09-26 00:00:00-04:00,11.239999771118164,11.409000396728516,10.949999809265137,11.109999656677246,10300,0.0,0.0
2022-09-27 00:00:00-04:00,11.100000381469727,11.717000007629395,10.880000114440918,10.890000343322754,8000,0.0,0.0
2022-09-28 00:00:00-04:00,10.970000267028809,11.949999809265137,10.890000343322754,11.350000381469727,14900,0.0,0.0
2022-09-29 00:00:00-04:00,11.168999671936035,12.0,10.586000442504883,10.805000305175781,15300,0.0,0.0
2022-09-30 00:00:00-04:00,10.994000434875488,11.670000076293945,10.13599967956543,10.350000381469727,18000,0.0,0.0
2022-10-03 00:00:00-04:00,10.649999618530273,11.819999694824219,10.649999618530273,11.199999809265137,29700,0.0,0.0
2022-10-04 00:00:00-04:00,11.300000190734863,11.868000030517578,11.15999984741211,11.300000190734863,21900,0.0,0.0
2022-10-05 00:00:00-04:00,11.25,11.5,11.020000457763672,11.149999618530273,18100,0.0,0.0
2022-10-06 00:00:00-04:00,11.020000457763672,11.678999900817871,10.621999740600586,11.413000106811523,6700,0.0,0.0
2022-10-07 00:00:00-04:00,11.25,11.350000381469727,10.229999542236328,10.350000381469727,21900,0.0,0.0
2022-10-10 00:00:00-04:00,10.760000228881836,10.979999542236328,10.10099983215332,10.270000457763672,7000,0.0,0.0
2022-10-11 00:00:00-04:00,9.989999771118164,10.100000381469727,8.930000305175781,8.960000038146973,24900,0.0,0.0
2022-10-12 00:00:00-04:00,9.600000381469727,9.640000343322754,8.710000038146973,8.710000038146973,16400,0.0,0.0
2022-10-13 00:00:00-04:00,8.609999656677246,9.949999809265137,8.609999656677246,9.739999771118164,31800,0.0,0.0
2022-10-14 00:00:00-04:00,10.5,10.5,9.460000038146973,9.789999961853027,24100,0.0,0.0
2022-10-17 00:00:00-04:00,10.100000381469727,10.819999694824219,9.09000015258789,9.989999771118164,15300,0.0,0.0
2022-10-18 00:00:00-04:00,10.371999740600586,10.789999961853027,10.371999740600586,10.609999656677246,7000,0.0,0.0
2022-10-19 00:00:00-04:00,10.65999984741211,10.819999694824219,10.369999885559082,10.369999885559082,9900,0.0,0.0
2022-10-20 00:00:00-04:00,10.510000228881836,10.880000114440918,10.319999694824219,10.880000114440918,6700,0.0,0.0
2022-10-21 00:00:00-04:00,11.010000228881836,11.8100004196167,11.0,11.550000190734863,18200,0.0,0.0
2022-10-24 00:00:00-04:00,11.720000267028809,11.963000297546387,11.329999923706055,11.5,9100,0.0,0.0
2022-10-25 00:00:00-04:00,11.880000114440918,12.095000267028809,11.510000228881836,11.65999984741211,8500,0.0,0.0
2022-10-26 00:00:00-04:00,11.739999771118164,11.779999732971191,11.069999694824219,11.109999656677246,10800,0.0,0.0
2022-10-27 00:00:00-04:00,11.380000114440918,11.663999557495117,10.75,11.109999656677246,1700,0.0,0.0
2022-10-28 00:00:00-04:00,11.1899995803833,11.319999694824219,10.734999656677246,11.319999694824219,15600,0.0,0.0
2022-10-31 00:00:00-04:00,11.039999961853027,11.979999542236328,11.039999961853027,11.609999656677246,12500,0.0,0.0
2022-11-01 00:00:00-04:00,11.600000381469727,12.260000228881836,11.399999618530273,12.069999694824219,16400,0.0,0.0
2022-11-02 00:00:00-04:00,11.890000343322754,12.300000190734863,11.109999656677246,11.390000343322754,21200,0.0,0.0
2022-11-03 00:00:00-04:00,10.880000114440918,11.654000282287598,10.880000114440918,11.140000343322754,10800,0.0,0.0
2022-11-04 00:00:00-04:00,11.390000343322754,11.65999984741211,11.288999557495117,11.649999618530273,4500,0.0,0.0
2022-11-07 00:00:00-05:00,11.329999923706055,11.640000343322754,11.229999542236328,11.239999771118164,9000,0.0,0.0
2022-11-08 00:00:00-05:00,11.449999809265137,11.970000267028809,11.359999656677246,11.680000305175781,11400,0.0,0.0
2022-11-09 00:00:00-05:00,11.645000457763672,11.87399959564209,11.100000381469727,11.130000114440918,7700,0.0,0.0
2022-11-10 00:00:00-05:00,12.0,12.149999618530273,11.083000183105469,12.149999618530273,15600,0.0,0.0
2022-11-11 00:00:00-05:00,12.0600004196167,12.380000114440918,11.628999710083008,11.949999809265137,20300,0.0,0.0
2022-11-14 00:00:00-05:00,12.380000114440918,14.446000099182129,12.380000114440918,13.550000190734863,121800,0.0,0.0
2022-11-15 00:00:00-05:00,14.329999923706055,14.479999542236328,13.0,13.75,35600,0.0,0.0
2022-11-16 00:00:00-05:00,13.8100004196167,13.819999694824219,13.300000190734863,13.75,18200,0.0,0.0
2022-11-17 00:00:00-05:00,13.420000076293945,13.515000343322754,12.531000137329102,12.930000305175781,36700,0.0,0.0
2022-11-18 00:00:00-05:00,12.949999809265137,13.119999885559082,12.54800033569336,12.899999618530273,11700,0.0,0.0
2022-11-21 00:00:00-05:00,12.510000228881836,12.730999946594238,12.15999984741211,12.5,11700,0.0,0.0
2022-11-22 00:00:00-05:00,12.489999771118164,12.5,11.90999984741211,11.970000267028809,9700,0.0,0.0
2022-11-23 00:00:00-05:00,11.989999771118164,12.579999923706055,11.949999809265137,12.529999732971191,10900,0.0,0.0
2022-11-25 00:00:00-05:00,12.40999984741211,12.40999984741211,11.937999725341797,12.100000381469727,1700,0.0,0.0
2022-11-28 00:00:00-05:00,12.170000076293945,12.267000198364258,12.15999984741211,12.180000305175781,2600,0.0,0.0
2022-11-29 00:00:00-05:00,12.399999618530273,12.399999618530273,11.350000381469727,11.57699966430664,13800,0.0,0.0
2022-11-30 00:00:00-05:00,12.010000228881836,12.182000160217285,11.850000381469727,12.079999923706055,3200,0.0,0.0
2022-12-01 00:00:00-05:00,12.079999923706055,12.079999923706055,12.079999923706055,12.079999923706055,300,0.0,0.0
2022-12-02 00:00:00-05:00,11.489999771118164,11.859999656677246,11.489999771118164,11.859999656677246,2500,0.0,0.0
2022-12-05 00:00:00-05:00,11.729999542236328,11.8149995803833,11.170000076293945,11.329999923706055,16900,0.0,0.0
2022-12-06 00:00:00-05:00,11.454999923706055,11.454999923706055,10.550999641418457,10.600000381469727,9600,0.0,0.0
2022-12-07 00:00:00-05:00,10.4399995803833,10.850000381469727,10.4399995803833,10.680999755859375,2600,0.0,0.0
2022-12-08 00:00:00-05:00,10.791000366210938,10.989999771118164,10.369999885559082,10.510000228881836,8800,0.0,0.0
2022-12-09 00:00:00-05:00,10.729999542236328,10.729999542236328,10.0,10.0,20400,0.0,0.0
2022-12-12 00:00:00-05:00,10.260000228881836,10.279999732971191,9.65999984741211,10.020000457763672,15800,0.0,0.0
2022-12-13 00:00:00-05:00,10.350000381469727,10.5,9.965999603271484,10.109999656677246,11300,0.0,0.0
2022-12-14 00:00:00-05:00,9.949999809265137,10.571999549865723,9.949999809265137,10.149999618530273,5800,0.0,0.0
2022-12-15 00:00:00-05:00,10.079000473022461,10.579999923706055,10.079000473022461,10.402999877929688,2700,0.0,0.0
2022-12-16 00:00:00-05:00,10.5,10.739999771118164,10.270000457763672,10.270000457763672,8000,0.0,0.0
2022-12-19 00:00:00-05:00,10.329999923706055,12.029999732971191,10.232000350952148,11.859999656677246,45700,0.0,0.0
2022-12-20 00:00:00-05:00,11.739999771118164,12.949999809265137,11.739999771118164,12.5,45200,0.0,0.0
2022-12-21 00:00:00-05:00,12.65999984741211,12.729999542236328,11.819999694824219,11.869999885559082,11700,0.0,0.0
2022-12-22 00:00:00-05:00,11.760000228881836,11.960000038146973,11.423999786376953,11.960000038146973,3200,0.0,0.0
2022-12-23 00:00:00-05:00,11.789999961853027,12.321999549865723,11.270000457763672,11.680000305175781,12900,0.0,0.0
2022-12-27 00:00:00-05:00,11.008000373840332,11.666999816894531,11.008000373840332,11.137999534606934,8500,0.0,0.0
2022-12-28 00:00:00-05:00,11.109999656677246,11.244999885559082,10.109999656677246,10.109999656677246,33700,0.0,0.0
2022-12-29 00:00:00-05:00,10.270000457763672,10.460000038146973,10.0,10.319999694824219,9900,0.0,0.0
2022-12-30 00:00:00-05:00,10.15999984741211,10.699999809265137,9.479999542236328,10.699999809265137,60000,0.0,0.0
2023-01-03 00:00:00-05:00,10.84000015258789,10.890000343322754,10.5600004196167,10.890000343322754,11900,0.0,0.0
2023-01-04 00:00:00-05:00,10.800000190734863,10.920000076293945,10.59000015258789,10.59000015258789,5500,0.0,0.0
2023-01-05 00:00:00-05:00,10.300000190734863,10.399999618530273,10.100000381469727,10.175000190734863,9800,0.0,0.0
2023-01-06 00:00:00-05:00,10.300000190734863,10.739999771118164,10.199999809265137,10.623000144958496,10400,0.0,0.0
2023-01-09 00:00:00-05:00,10.65999984741211,11.21500015258789,10.65999984741211,11.21500015258789,3400,0.0,0.0
2023-01-10 00:00:00-05:00,11.105999946594238,11.359999656677246,11.020000457763672,11.359999656677246,5900,0.0,0.0
2023-01-11 00:00:00-05:00,11.289999961853027,11.569999694824219,11.118000030517578,11.539999961853027,11300,0.0,0.0
2023-01-12 00:00:00-05:00,11.510000228881836,12.0,10.970000267028809,11.97599983215332,16900,0.0,0.0
2023-01-13 00:00:00-05:00,11.869999885559082,12.350000381469727,11.829999923706055,12.180000305175781,11600,0.0,0.0
2023-01-17 00:00:00-05:00,12.279999732971191,12.350000381469727,11.470999717712402,12.279999732971191,11900,0.0,0.0
2023-01-18 00:00:00-05:00,12.319999694824219,12.319999694824219,11.760000228881836,12.0,3900,0.0,0.0
2023-01-19 00:00:00-05:00,11.75,12.029999732971191,11.430000305175781,11.449999809265137,6600,0.0,0.0
2023-01-20 00:00:00-05:00,11.449999809265137,11.979999542236328,11.319999694824219,11.600000381469727,7600,0.0,0.0
2023-01-23 00:00:00-05:00,11.680000305175781,12.14799976348877,11.597000122070312,11.65999984741211,3900,0.0,0.0
2023-01-24 00:00:00-05:00,11.649999618530273,12.229999542236328,11.539999961853027,11.75,6600,0.0,0.0
2023-01-25 00:00:00-05:00,12.149999618530273,13.899999618530273,12.041000366210938,12.739999771118164,130800,0.0,0.0
2023-01-26 00:00:00-05:00,13.210000038146973,13.489999771118164,12.710000038146973,12.880000114440918,24300,0.0,0.0
2023-01-27 00:00:00-05:00,12.770000457763672,13.260000228881836,12.40999984741211,13.0,29400,0.0,0.0
2023-01-30 00:00:00-05:00,12.550000190734863,13.1899995803833,12.300000190734863,12.350000381469727,12800,0.0,0.0
2023-01-31 00:00:00-05:00,12.34000015258789,12.956999778747559,12.270000457763672,12.65999984741211,14900,0.0,0.0
2023-02-01 00:00:00-05:00,12.65999984741211,13.130000114440918,12.220000267028809,12.649999618530273,16900,0.0,0.0
2023-02-02 00:00:00-05:00,12.649999618530273,13.100000381469727,12.369999885559082,12.8100004196167,9000,0.0,0.0
2023-02-03 00:00:00-05:00,12.59000015258789,13.130000114440918,12.326000213623047,12.520000457763672,7500,0.0,0.0
2023-02-06 00:00:00-05:00,12.520000457763672,12.670000076293945,12.350000381469727,12.470000267028809,6700,0.0,0.0
2023-02-07 00:00:00-05:00,12.319999694824219,12.65999984741211,12.253000259399414,12.489999771118164,18900,0.0,0.0
2023-02-08 00:00:00-05:00,12.446999549865723,12.850000381469727,12.270000457763672,12.40999984741211,18500,0.0,0.0
2023-02-09 00:00:00-05:00,12.609999656677246,12.704999923706055,12.409000396728516,12.5,14900,0.0,0.0
2023-02-10 00:00:00-05:00,12.494999885559082,12.539999961853027,12.229999542236328,12.539999961853027,9000,0.0,0.0
2023-02-13 00:00:00-05:00,12.550000190734863,12.649999618530273,12.413999557495117,12.586999893188477,7900,0.0,0.0
2023-02-14 00:00:00-05:00,12.640000343322754,13.069999694824219,12.640000343322754,12.640000343322754,6900,0.0,0.0
2023-02-15 00:00:00-05:00,12.78499984741211,13.260000228881836,12.75,12.930000305175781,13600,0.0,0.0
2023-02-16 00:00:00-05:00,13.0,13.5,12.899999618530273,13.100000381469727,32900,0.0,0.0
2023-02-17 00:00:00-05:00,13.029999732971191,13.489999771118164,12.789999961853027,12.789999961853027,5200,0.0,0.0
2023-02-21 00:00:00-05:00,12.75,12.75,11.899999618530273,12.319999694824219,20400,0.0,0.0
2023-02-22 00:00:00-05:00,12.109999656677246,12.670000076293945,12.050000190734863,12.210000038146973,3800,0.0,0.0
2023-02-23 00:00:00-05:00,12.489999771118164,12.6899995803833,12.149999618530273,12.239999771118164,6500,0.0,0.0
2023-02-24 00:00:00-05:00,12.050000190734863,12.050000190734863,11.539999961853027,11.829999923706055,3700,0.0,0.0
2023-02-27 00:00:00-05:00,11.75,12.0,11.65999984741211,11.960000038146973,3500,0.0,0.0
2023-02-28 00:00:00-05:00,11.880000114440918,12.8100004196167,11.71500015258789,12.020000457763672,9000,0.0,0.0
2023-03-01 00:00:00-05:00,12.210000038146973,12.210000038146973,11.75,12.0,7700,0.0,0.0
2023-03-02 00:00:00-05:00,12.0,12.199999809265137,11.59000015258789,11.649999618530273,21800,0.0,0.0
2023-03-03 00:00:00-05:00,12.329999923706055,12.329999923706055,11.494000434875488,11.65999984741211,10300,0.0,0.0
2023-03-06 00:00:00-05:00,11.741999626159668,11.741999626159668,11.329999923706055,11.579999923706055,24300,0.0,0.0
2023-03-07 00:00:00-05:00,11.40999984741211,11.48900032043457,10.989999771118164,11.0,13600,0.0,0.0
2023-03-08 00:00:00-05:00,10.789999961853027,11.569999694824219,10.789999961853027,11.0,4800,0.0,0.0
2023-03-09 00:00:00-05:00,11.100000381469727,11.90999984741211,11.100000381469727,11.475000381469727,10800,0.0,0.0
2023-03-10 00:00:00-05:00,11.449999809265137,11.449999809265137,10.609999656677246,11.069999694824219,36700,0.0,0.0
2023-03-13 00:00:00-04:00,11.0600004196167,11.329999923706055,10.8100004196167,10.935999870300293,5700,0.0,0.0
2023-03-14 00:00:00-04:00,11.010000228881836,11.616999626159668,11.010000228881836,11.369999885559082,13500,0.0,0.0
2023-03-15 00:00:00-04:00,11.369999885559082,11.510000228881836,10.979999542236328,11.149999618530273,21700,0.0,0.0
2023-03-16 00:00:00-04:00,11.37399959564209,11.37399959564209,11.029999732971191,11.15999984741211,5200,0.0,0.0
2023-03-17 00:00:00-04:00,11.140000343322754,11.395000457763672,10.800000190734863,11.0,22300,0.0,0.0
2023-03-20 00:00:00-04:00,11.017999649047852,11.050000190734863,10.25,10.510000228881836,21700,0.0,0.0
2023-03-21 00:00:00-04:00,10.579999923706055,11.015000343322754,10.579999923706055,10.649999618530273,6800,0.0,0.0
2023-03-22 00:00:00-04:00,10.770000457763672,11.0,10.3100004196167,10.359999656677246,24200,0.0,0.0
2023-03-23 00:00:00-04:00,10.550000190734863,10.979999542236328,10.319999694824219,10.40999984741211,32100,0.0,0.0
2023-03-24 00:00:00-04:00,10.529999732971191,10.63700008392334,10.199999809265137,10.210000038146973,23400,0.0,0.0
2023-03-27 00:00:00-04:00,10.229999542236328,10.229999542236328,9.8149995803833,9.869999885559082,22600,0.0,0.0
2023-03-28 00:00:00-04:00,9.75,9.869999885559082,9.300000190734863,9.630000114440918,14300,0.0,0.0
2023-03-29 00:00:00-04:00,9.57699966430664,10.050000190734863,9.420999526977539,9.680000305175781,14900,0.0,0.0
2023-03-30 00:00:00-04:00,10.039999961853027,10.140000343322754,9.66100025177002,9.90999984741211,19000,0.0,0.0
2023-03-31 00:00:00-04:00,10.239999771118164,10.579999923706055,9.892999649047852,10.449999809265137,7900,0.0,0.0
2023-04-03 00:00:00-04:00,10.289999961853027,10.449999809265137,10.109999656677246,10.4399995803833,5600,0.0,0.0
2023-04-04 00:00:00-04:00,10.069999694824219,10.8100004196167,10.069999694824219,10.779999732971191,10100,0.0,0.0
2023-04-05 00:00:00-04:00,10.75,10.880000114440918,10.550000190734863,10.84000015258789,8500,0.0,0.0
2023-04-06 00:00:00-04:00,10.550000190734863,10.869999885559082,10.550000190734863,10.6899995803833,10100,0.0,0.0
2023-04-10 00:00:00-04:00,10.600000381469727,10.800000190734863,10.380000114440918,10.800000190734863,8800,0.0,0.0
2023-04-11 00:00:00-04:00,10.503999710083008,10.880000114440918,10.503999710083008,10.550000190734863,4500,0.0,0.0
2023-04-12 00:00:00-04:00,10.710000038146973,10.710000038146973,10.529000282287598,10.609999656677246,2900,0.0,0.0
2023-04-13 00:00:00-04:00,10.84000015258789,10.84000015258789,10.600000381469727,10.800000190734863,5900,0.0,0.0
2023-04-14 00:00:00-04:00,10.699999809265137,10.760000228881836,10.319999694824219,10.454999923706055,13900,0.0,0.0
2023-04-17 00:00:00-04:00,10.404999732971191,10.4399995803833,10.350000381469727,10.40999984741211,4000,0.0,0.0
2023-04-18 00:00:00-04:00,10.380000114440918,10.46399974822998,9.720000267028809,9.960000038146973,8400,0.0,0.0
2023-04-19 00:00:00-04:00,9.960000038146973,10.449999809265137,9.960000038146973,10.399999618530273,8700,0.0,0.0
2023-04-20 00:00:00-04:00,10.229999542236328,10.229999542236328,10.029999732971191,10.029999732971191,3800,0.0,0.0
2023-04-21 00:00:00-04:00,9.947999954223633,9.947999954223633,9.90999984741211,9.90999984741211,1000,0.0,0.0
2023-04-24 00:00:00-04:00,9.989999771118164,10.800000190734863,9.989999771118164,10.625,12000,0.0,0.0
2023-04-25 00:00:00-04:00,10.619999885559082,10.9399995803833,10.305000305175781,10.640000343322754,18100,0.0,0.0
2023-04-26 00:00:00-04:00,10.020999908447266,10.579999923706055,9.729000091552734,9.732999801635742,30100,0.0,0.0
2023-04-27 00:00:00-04:00,9.960000038146973,10.3100004196167,9.630000114440918,9.850000381469727,7600,0.0,0.0
2023-04-28 00:00:00-04:00,9.760000228881836,10.0,9.180000305175781,9.979999542236328,26300,0.0,0.0
2023-05-01 00:00:00-04:00,9.614999771118164,9.986000061035156,9.40999984741211,9.484999656677246,25500,0.0,0.0
2023-05-02 00:00:00-04:00,9.520000457763672,9.789999961853027,9.520000457763672,9.640000343322754,4300,0.0,0.0
2023-05-03 00:00:00-04:00,9.5,9.944999694824219,9.350000381469727,9.350000381469727,11300,0.0,0.0
2023-05-04 00:00:00-04:00,9.350000381469727,9.350000381469727,8.40999984741211,8.92199993133545,33100,0.0,0.0
2023-05-05 00:00:00-04:00,8.65999984741211,9.550000190734863,8.65999984741211,9.350000381469727,11800,0.0,0.0
2023-05-08 00:00:00-04:00,9.3100004196167,9.5,9.079999923706055,9.09000015258789,10600,0.0,0.0
2023-05-09 00:00:00-04:00,9.140000343322754,9.579999923706055,8.99899959564209,9.420000076293945,7200,0.0,0.0
2023-05-10 00:00:00-04:00,9.420000076293945,9.880000114440918,9.270000457763672,9.609999656677246,23300,0.0,0.0
2023-05-11 00:00:00-04:00,9.449999809265137,9.699999809265137,9.149999618530273,9.199999809265137,4900,0.0,0.0
2023-05-12 00:00:00-04:00,9.1899995803833,9.199999809265137,8.970000267028809,9.041000366210938,31400,0.0,0.0
2023-05-15 00:00:00-04:00,9.0,9.3100004196167,8.800000190734863,9.300000190734863,12300,0.0,0.0
2023-05-16 00:00:00-04:00,9.399999618530273,9.883999824523926,9.020000457763672,9.020000457763672,23500,0.0,0.0
2023-05-17 00:00:00-04:00,9.210000038146973,9.779999732971191,9.010000228881836,9.496000289916992,35700,0.0,0.0
2023-05-18 00:00:00-04:00,9.4399995803833,9.75,9.164999961853027,9.270000457763672,19300,0.0,0.0
2023-05-19 00:00:00-04:00,9.34000015258789,9.569999694824219,9.1899995803833,9.489999771118164,10100,0.0,0.0
2023-05-22 00:00:00-04:00,9.430000305175781,10.5,9.430000305175781,10.369999885559082,21400,0.0,0.0
2023-05-23 00:00:00-04:00,10.5,10.75,10.454999923706055,10.670000076293945,7200,0.0,0.0
2023-05-24 00:00:00-04:00,10.710000038146973,10.710000038146973,10.314000129699707,10.569999694824219,2200,0.0,0.0
2023-05-25 00:00:00-04:00,10.15999984741211,10.579999923706055,10.15999984741211,10.5,8000,0.0,0.0
2023-05-26 00:00:00-04:00,10.380000114440918,11.369999885559082,10.380000114440918,11.289999961853027,14800,0.0,0.0
2023-05-30 00:00:00-04:00,11.329999923706055,11.5,10.960000038146973,11.350000381469727,14700,0.0,0.0
2023-05-31 00:00:00-04:00,11.1899995803833,11.460000038146973,11.024999618530273,11.199999809265137,2400,0.0,0.0
2023-06-01 00:00:00-04:00,10.78600025177002,11.289999961853027,10.78600025177002,11.289999961853027,3100,0.0,0.0
2023-06-02 00:00:00-04:00,11.430000305175781,11.430000305175781,11.100000381469727,11.100000381469727,5200,0.0,0.0
2023-06-05 00:00:00-04:00,11.130000114440918,11.486000061035156,11.03499984741211,11.300000190734863,10700,0.0,0.0
2023-06-06 00:00:00-04:00,10.769000053405762,11.015000343322754,10.579999923706055,10.819999694824219,19800,0.0,0.0
2023-06-07 00:00:00-04:00,11.0,11.479999542236328,11.0,11.140000343322754,7300,0.0,0.0
2023-06-08 00:00:00-04:00,11.25,11.380000114440918,10.8100004196167,11.0,20800,0.0,0.0
2023-06-09 00:00:00-04:00,11.274999618530273,11.274999618530273,10.83899974822998,11.0,5400,0.0,0.0
2023-06-12 00:00:00-04:00,11.010000228881836,11.300000190734863,10.819999694824219,11.024999618530273,5200,0.0,0.0
2023-06-13 00:00:00-04:00,11.25,11.25,11.105999946594238,11.170000076293945,26100,0.0,0.0
2023-06-14 00:00:00-04:00,11.149999618530273,11.489999771118164,10.6899995803833,10.6899995803833,34400,0.0,0.0
2023-06-15 00:00:00-04:00,10.75,11.239999771118164,10.609999656677246,10.949999809265137,14000,0.0,0.0
2023-06-16 00:00:00-04:00,10.972000122070312,11.036999702453613,10.850000381469727,10.989999771118164,21300,0.0,0.0
2023-06-20 00:00:00-04:00,10.970000267028809,11.152000427246094,10.65999984741211,10.65999984741211,9400,0.0,0.0
2023-06-21 00:00:00-04:00,10.800000190734863,11.0,10.770000457763672,10.800000190734863,10000,0.0,0.0
2023-06-22 00:00:00-04:00,10.949999809265137,10.949999809265137,10.555999755859375,10.800000190734863,3700,0.0,0.0
2023-06-23 00:00:00-04:00,10.649999618530273,10.859999656677246,10.649999618530273,10.84000015258789,6800,0.0,0.0
2023-06-26 00:00:00-04:00,10.859999656677246,10.96399974822998,10.5,10.574999809265137,11400,0.0,0.0
2023-06-27 00:00:00-04:00,10.6899995803833,11.010000228881836,10.6899995803833,11.010000228881836,7900,0.0,0.0
2023-06-28 00:00:00-04:00,10.850000381469727,12.3100004196167,10.649999618530273,11.979999542236328,23500,0.0,0.0
2023-06-29 00:00:00-04:00,11.859999656677246,11.979999542236328,11.210000038146973,11.835000038146973,24900,0.0,0.0
2023-06-30 00:00:00-04:00,11.949999809265137,12.0,11.510000228881836,11.800000190734863,22500,0.0,0.0
2023-07-03 00:00:00-04:00,11.789999961853027,12.039999961853027,11.789999961853027,11.819999694824219,5300,0.0,0.0
2023-07-05 00:00:00-04:00,11.869999885559082,12.0,11.244999885559082,11.260000228881836,7100,0.0,0.0
2023-07-06 00:00:00-04:00,11.5,11.5,10.880000114440918,11.199999809265137,10700,0.0,0.0
2023-07-07 00:00:00-04:00,11.289999961853027,11.600000381469727,10.930000305175781,11.600000381469727,22100,0.0,0.0
2023-07-10 00:00:00-04:00,11.319999694824219,11.600000381469727,11.119999885559082,11.170000076293945,14500,0.0,0.0
2023-07-11 00:00:00-04:00,11.300000190734863,11.600000381469727,10.619999885559082,10.756999969482422,23400,0.0,0.0
2023-07-12 00:00:00-04:00,10.84000015258789,11.215999603271484,10.630000114440918,11.020000457763672,18800,0.0,0.0
2023-07-13 00:00:00-04:00,11.020000457763672,11.470000267028809,10.640000343322754,11.289999961853027,21600,0.0,0.0
2023-07-14 00:00:00-04:00,11.206000328063965,11.6899995803833,11.09000015258789,11.640000343322754,10900,0.0,0.0
2023-07-17 00:00:00-04:00,11.489999771118164,12.729999542236328,11.428999900817871,12.529999732971191,42600,0.0,0.0
2023-07-18 00:00:00-04:00,12.5,12.729999542236328,12.225000381469727,12.550000190734863,66400,0.0,0.0
2023-07-19 00:00:00-04:00,12.5,12.626999855041504,11.991000175476074,12.5,21300,0.0,0.0
2023-07-20 00:00:00-04:00,12.489999771118164,12.489999771118164,12.109999656677246,12.109999656677246,7500,0.0,0.0
2023-07-21 00:00:00-04:00,12.109999656677246,12.5600004196167,12.079999923706055,12.079999923706055,10600,0.0,0.0
2023-07-24 00:00:00-04:00,11.489999771118164,12.010000228881836,11.489999771118164,12.010000228881836,9300,0.0,0.0
2023-07-25 00:00:00-04:00,11.899999618530273,12.25,11.729999542236328,12.010000228881836,9600,0.0,0.0
2023-07-26 00:00:00-04:00,11.968999862670898,12.0,11.75,12.0,4000,0.0,0.0
2023-07-27 00:00:00-04:00,12.0,12.0,11.380000114440918,11.619999885559082,21100,0.0,0.0
2023-07-28 00:00:00-04:00,11.59000015258789,12.079999923706055,11.300000190734863,11.59000015258789,11100,0.0,0.0
2023-07-31 00:00:00-04:00,11.520000457763672,12.494999885559082,11.449999809265137,12.1899995803833,26700,0.0,0.0
2023-08-01 00:00:00-04:00,12.489999771118164,12.720000267028809,11.902000427246094,12.449999809265137,24500,0.0,0.0
2023-08-02 00:00:00-04:00,12.270000457763672,12.829999923706055,11.845000267028809,12.380000114440918,13800,0.0,0.0
2023-08-03 00:00:00-04:00,12.140000343322754,12.670000076293945,12.010000228881836,12.0600004196167,8800,0.0,0.0
2023-08-04 00:00:00-04:00,12.3149995803833,12.520000457763672,12.109999656677246,12.369999885559082,5300,0.0,0.0
2023-08-07 00:00:00-04:00,12.5,12.5,12.0600004196167,12.229999542236328,6100,0.0,0.0
2023-08-08 00:00:00-04:00,12.430000305175781,12.430000305175781,11.5600004196167,11.829999923706055,10600,0.0,0.0
2023-08-09 00:00:00-04:00,11.960000038146973,11.960000038146973,10.789999961853027,11.220000267028809,35400,0.0,0.0
2023-08-10 00:00:00-04:00,11.0,11.699999809265137,10.5,10.609999656677246,28000,0.0,0.0
2023-08-11 00:00:00-04:00,10.720000267028809,11.595000267028809,10.720000267028809,11.199999809265137,24800,0.0,0.0
2023-08-14 00:00:00-04:00,10.9399995803833,11.819999694824219,10.899999618530273,11.170000076293945,8100,0.0,0.0
2023-08-15 00:00:00-04:00,11.170000076293945,11.678999900817871,11.0,11.0,19200,0.0,0.0
2023-08-16 00:00:00-04:00,11.109999656677246,11.229999542236328,10.649999618530273,10.649999618530273,11100,0.0,0.0
2023-08-17 00:00:00-04:00,10.770000457763672,10.925000190734863,10.600000381469727,10.600000381469727,4800,0.0,0.0
2023-08-18 00:00:00-04:00,10.5,11.050000190734863,10.5,10.59000015258789,3800,0.0,0.0
2023-08-21 00:00:00-04:00,10.859999656677246,10.859999656677246,10.539999961853027,10.539999961853027,5000,0.0,0.0
2023-08-22 00:00:00-04:00,10.975000381469727,11.600000381469727,10.510000228881836,10.760000228881836,30200,0.0,0.0
2023-08-23 00:00:00-04:00,10.989999771118164,12.270999908447266,10.75,11.5,42700,0.0,0.0
2023-08-24 00:00:00-04:00,11.8100004196167,11.98799991607666,11.199999809265137,11.270000457763672,11600,0.0,0.0
2023-08-25 00:00:00-04:00,11.069999694824219,11.4399995803833,11.069999694824219,11.24899959564209,5900,0.0,0.0
2023-08-28 00:00:00-04:00,11.170000076293945,12.390000343322754,11.125,11.279999732971191,18700,0.0,0.0
2023-08-29 00:00:00-04:00,11.140000343322754,11.859999656677246,10.270000457763672,10.619999885559082,93300,0.0,0.0
2023-08-30 00:00:00-04:00,10.640000343322754,10.880000114440918,10.359999656677246,10.460000038146973,18500,0.0,0.0
2023-08-31 00:00:00-04:00,10.619999885559082,10.800000190734863,10.100000381469727,10.100000381469727,20100,0.0,0.0
2023-09-01 00:00:00-04:00,10.300000190734863,10.399999618530273,10.133000373840332,10.199999809265137,12900,0.0,0.0
2023-09-05 00:00:00-04:00,10.199999809265137,10.739999771118164,9.899999618530273,10.210000038146973,33400,0.0,0.0
2023-09-06 00:00:00-04:00,10.079999923706055,10.373000144958496,10.079999923706055,10.369999885559082,4300,0.0,0.0
2023-09-07 00:00:00-04:00,10.350000381469727,10.539999961853027,10.010000228881836,10.100000381469727,10400,0.0,0.0
2023-09-08 00:00:00-04:00,10.100000381469727,10.388999938964844,10.079999923706055,10.388999938964844,7200,0.0,0.0
2023-09-11 00:00:00-04:00,10.300000190734863,10.399999618530273,10.100000381469727,10.170000076293945,8200,0.0,0.0
2023-09-12 00:00:00-04:00,10.130000114440918,10.359999656677246,10.130000114440918,10.359999656677246,4900,0.0,0.0
2023-09-13 00:00:00-04:00,10.350000381469727,10.59000015258789,10.350000381469727,10.420000076293945,5800,0.0,0.0
2023-09-14 00:00:00-04:00,10.479999542236328,10.680000305175781,10.289999961853027,10.5,6400,0.0,0.0
2023-09-15 00:00:00-04:00,10.380000114440918,11.0,10.069999694824219,10.989999771118164,41600,0.0,0.0
2023-09-18 00:00:00-04:00,10.789999961853027,10.789999961853027,10.109999656677246,10.270000457763672,7700,0.0,0.0
2023-09-19 00:00:00-04:00,10.010000228881836,10.739999771118164,9.859999656677246,10.449999809265137,34400,0.0,0.0
2023-09-20 00:00:00-04:00,10.173999786376953,10.279999732971191,10.097999572753906,10.149999618530273,2500,0.0,0.0
2023-09-21 00:00:00-04:00,10.1899995803833,10.1899995803833,9.75,10.140000343322754,19000,0.0,0.0
2023-09-22 00:00:00-04:00,10.140000343322754,10.140000343322754,9.8100004196167,9.8100004196167,3200,0.0,0.0
2023-09-25 00:00:00-04:00,9.789999961853027,10.170000076293945,9.779999732971191,9.949999809265137,17400,0.0,0.0
2023-09-26 00:00:00-04:00,9.960000038146973,10.4399995803833,9.880000114440918,10.0,23500,0.0,0.0
2023-09-27 00:00:00-04:00,10.126999855041504,10.149999618530273,9.899999618530273,9.90999984741211,10500,0.0,0.0
2023-09-28 00:00:00-04:00,10.359999656677246,10.359999656677246,9.800000190734863,10.020000457763672,2500,0.0,0.0
2023-09-29 00:00:00-04:00,10.050000190734863,10.050000190734863,9.510000228881836,9.694999694824219,19600,0.0,0.0
2023-10-02 00:00:00-04:00,9.59000015258789,9.76099967956543,9.27400016784668,9.449999809265137,20400,0.0,0.0
2023-10-03 00:00:00-04:00,9.25,9.350000381469727,8.489999771118164,8.557999610900879,50400,0.0,0.0
2023-10-04 00:00:00-04:00,8.65999984741211,9.0,8.5,8.979999542236328,17600,0.0,0.0
2023-10-05 00:00:00-04:00,8.810999870300293,8.972999572753906,8.489999771118164,8.600000381469727,29400,0.0,0.0
2023-10-06 00:00:00-04:00,8.6899995803833,9.140000343322754,8.430000305175781,9.140000343322754,47500,0.0,0.0
2023-10-09 00:00:00-04:00,9.149999618530273,9.399999618530273,8.833000183105469,9.149999618530273,11300,0.0,0.0
2023-10-10 00:00:00-04:00,9.149999618530273,9.503999710083008,9.008999824523926,9.15999984741211,5500,0.0,0.0
2023-10-11 00:00:00-04:00,9.170000076293945,9.630000114440918,9.119999885559082,9.119999885559082,7500,0.0,0.0
2023-10-12 00:00:00-04:00,9.239999771118164,9.239999771118164,8.800000190734863,9.15999984741211,1900,0.0,0.0
2023-10-13 00:00:00-04:00,9.029999732971191,9.670000076293945,8.90999984741211,9.100000381469727,2200,0.0,0.0
2023-10-16 00:00:00-04:00,9.09000015258789,9.399999618530273,9.09000015258789,9.210000038146973,15600,0.0,0.0
2023-10-17 00:00:00-04:00,9.0600004196167,9.25,9.0600004196167,9.149999618530273,6300,0.0,0.0
2023-10-18 00:00:00-04:00,9.210000038146973,9.5,9.050000190734863,9.050000190734863,3500,0.0,0.0
2023-10-19 00:00:00-04:00,9.411999702453613,9.411999702453613,8.949999809265137,9.0,9100,0.0,0.0
2023-10-20 00:00:00-04:00,9.010000228881836,9.270000457763672,8.699999809265137,8.786999702453613,10200,0.0,0.0
2023-10-23 00:00:00-04:00,8.75,8.75,8.458999633789062,8.458999633789062,17800,0.0,0.0
2023-10-24 00:00:00-04:00,8.470000267028809,8.739999771118164,8.0,8.100000381469727,24600,0.0,0.0
2023-10-25 00:00:00-04:00,8.050000190734863,8.170999526977539,7.758999824523926,7.758999824523926,17800,0.0,0.0
2023-10-26 00:00:00-04:00,7.78000020980835,7.789999961853027,7.650000095367432,7.679999828338623,8500,0.0,0.0
2023-10-27 00:00:00-04:00,7.889999866485596,7.889999866485596,7.010000228881836,7.289999961853027,40500,0.0,0.0
2023-10-30 00:00:00-04:00,7.360000133514404,7.769999980926514,7.28000020980835,7.5,13800,0.0,0.0
2023-10-31 00:00:00-04:00,7.360000133514404,7.550000190734863,7.230000019073486,7.46999979019165,6300,0.0,0.0
2023-11-01 00:00:00-04:00,7.590000152587891,7.769999980926514,7.434999942779541,7.46999979019165,6900,0.0,0.0
2023-11-02 00:00:00-04:00,7.539999961853027,8.029999732971191,7.539999961853027,7.739999771118164,9700,0.0,0.0
2023-11-03 00:00:00-04:00,7.829999923706055,8.729999542236328,7.829999923706055,8.3100004196167,14400,0.0,0.0
2023-11-06 00:00:00-05:00,8.319999694824219,8.710000038146973,8.319999694824219,8.319999694824219,1300,0.0,0.0
2023-11-07 00:00:00-05:00,8.210000038146973,8.321999549865723,8.140000343322754,8.199999809265137,4300,0.0,0.0
2023-11-08 00:00:00-05:00,8.100000381469727,8.100000381469727,7.800000190734863,7.900000095367432,5300,0.0,0.0
2023-11-09 00:00:00-05:00,8.112000465393066,8.1899995803833,7.900000095367432,7.929999828338623,1200,0.0,0.0
2023-11-10 00:00:00-05:00,7.900000095367432,7.900000095367432,7.728000164031982,7.802000045776367,8600,0.0,0.0
2023-11-13 00:00:00-05:00,7.800000190734863,8.180000305175781,7.789999961853027,8.180000305175781,8500,0.0,0.0
2023-11-14 00:00:00-05:00,7.599999904632568,8.229999542236328,7.599999904632568,7.860000133514404,13400,0.0,0.0
2023-11-15 00:00:00-05:00,8.279999732971191,9.0,8.085000038146973,8.6899995803833,14400,0.0,0.0
2023-11-16 00:00:00-05:00,8.6899995803833,8.788999557495117,8.180000305175781,8.40999984741211,12000,0.0,0.0
2023-11-17 00:00:00-05:00,8.4350004196167,8.609999656677246,8.300000190734863,8.300000190734863,6400,0.0,0.0
2023-11-20 00:00:00-05:00,8.4399995803833,8.840999603271484,8.25,8.5600004196167,13400,0.0,0.0
2023-11-21 00:00:00-05:00,8.600000381469727,8.9399995803833,8.600000381469727,8.899999618530273,11700,0.0,0.0
2023-11-22 00:00:00-05:00,8.979999542236328,8.979999542236328,8.270000457763672,8.40999984741211,7800,0.0,0.0
2023-11-24 00:00:00-05:00,8.5,8.989999771118164,8.5,8.989999771118164,4400,0.0,0.0
2023-11-27 00:00:00-05:00,8.539999961853027,8.802000045776367,8.539999961853027,8.619999885559082,5800,0.0,0.0
2023-11-28 00:00:00-05:00,8.5600004196167,8.800000190734863,8.5,8.5,4300,0.0,0.0
2023-11-29 00:00:00-05:00,8.6899995803833,8.95300006866455,8.5,8.75,7800,0.0,0.0
2023-11-30 00:00:00-05:00,8.75,9.350000381469727,8.75,8.899999618530273,9700,0.0,0.0
2023-12-01 00:00:00-05:00,9.029999732971191,9.130000114440918,8.895999908447266,8.989999771118164,6500,0.0,0.0
2023-12-04 00:00:00-05:00,8.979999542236328,9.050000190734863,8.75,8.869999885559082,3700,0.0,0.0
2023-12-05 00:00:00-05:00,8.949999809265137,9.199999809265137,8.710000038146973,9.097000122070312,7300,0.0,0.0
2023-12-06 00:00:00-05:00,9.399999618530273,9.699999809265137,9.024999618530273,9.390000343322754,19100,0.0,0.0
2023-12-07 00:00:00-05:00,8.798999786376953,9.565999984741211,8.699999809265137,9.210000038146973,4600,0.0,0.0
2023-12-08 00:00:00-05:00,9.119999885559082,9.220000267028809,8.59000015258789,8.630999565124512,10400,0.0,0.0
2023-12-11 00:00:00-05:00,8.729999542236328,8.729999542236328,8.194000244140625,8.390000343322754,8300,0.0,0.0
2023-12-12 00:00:00-05:00,8.25,8.569999694824219,8.100000381469727,8.380000114440918,8400,0.0,0.0
2023-12-13 00:00:00-05:00,8.734000205993652,8.734000205993652,8.25,8.260000228881836,21500,0.0,0.0
2023-12-14 00:00:00-05:00,8.449999809265137,8.449999809265137,8.0,8.050000190734863,30100,0.0,0.0
2023-12-15 00:00:00-05:00,8.0600004196167,8.069999694824219,7.74399995803833,7.760000228881836,36000,0.0,0.0
2023-12-18 00:00:00-05:00,8.079999923706055,9.8100004196167,7.993000030517578,9.670000076293945,50300,0.0,0.0
2023-12-19 00:00:00-05:00,9.670000076293945,9.75,8.829999923706055,8.989999771118164,47800,0.0,0.0
2023-12-20 00:00:00-05:00,8.90999984741211,8.989999771118164,8.5,8.739999771118164,17300,0.0,0.0
2023-12-21 00:00:00-05:00,8.609999656677246,8.630000114440918,8.310999870300293,8.5,13900,0.0,0.0
2023-12-22 00:00:00-05:00,8.619999885559082,8.6899995803833,8.425000190734863,8.489999771118164,16900,0.0,0.0
2023-12-26 00:00:00-05:00,8.59000015258789,8.9399995803833,8.350000381469727,8.375,37000,0.0,0.0
2023-12-27 00:00:00-05:00,8.260000228881836,8.680000305175781,8.130000114440918,8.210000038146973,22000,0.0,0.0
2023-12-28 00:00:00-05:00,8.130000114440918,8.350000381469727,7.701000213623047,7.989999771118164,42500,0.0,0.0
2023-12-29 00:00:00-05:00,7.989999771118164,8.173999786376953,7.650000095367432,7.769999980926514,41100,0.0,0.0
2024-01-02 00:00:00-05:00,7.800000190734863,8.020000457763672,7.699999809265137,7.75,12000,0.0,0.0
2024-01-03 00:00:00-05:00,7.918000221252441,7.918000221252441,7.5,7.744999885559082,17200,0.0,0.0
2024-01-04 00:00:00-05:00,7.699999809265137,8.479999542236328,7.699999809265137,8.420000076293945,17000,0.0,0.0
2024-01-05 00:00:00-05:00,8.25,8.670000076293945,7.96999979019165,7.96999979019165,17800,0.0,0.0
2024-01-08 00:00:00-05:00,8.390000343322754,8.390000343322754,7.900000095367432,8.079000473022461,11100,0.0,0.0
2024-01-09 00:00:00-05:00,8.187999725341797,8.329999923706055,7.929999828338623,8.154999732971191,9800,0.0,0.0
2024-01-10 00:00:00-05:00,8.220000267028809,8.25,7.811999797821045,7.929999828338623,9900,0.0,0.0
2024-01-11 00:00:00-05:00,7.980000019073486,7.980000019073486,7.684999942779541,7.809999942779541,7100,0.0,0.0
2024-01-12 00:00:00-05:00,7.800000190734863,7.909999847412109,7.71999979019165,7.909999847412109,3700,0.0,0.0
2024-01-16 00:00:00-05:00,7.739999771118164,8.324999809265137,7.715000152587891,8.0,20200,0.0,0.0
2024-01-17 00:00:00-05:00,8.0,8.244000434875488,7.744999885559082,7.744999885559082,21200,0.0,0.0
2024-01-18 00:00:00-05:00,7.75,7.849999904632568,7.309999942779541,7.440000057220459,15800,0.0,0.0
2024-01-19 00:00:00-05:00,7.445000171661377,7.800000190734863,7.300000190734863,7.800000190734863,23400,0.0,0.0
2024-01-22 00:00:00-05:00,7.699999809265137,8.069999694824219,7.539999961853027,7.559999942779541,7400,0.0,0.0
2024-01-23 00:00:00-05:00,7.489999771118164,7.738999843597412,7.369999885559082,7.369999885559082,8000,0.0,0.0
2024-01-24 00:00:00-05:00,7.309999942779541,7.53000020980835,6.800000190734863,6.900000095367432,31000,0.0,0.0
2024-01-25 00:00:00-05:00,7.052999973297119,7.380000114440918,7.039999961853027,7.099999904632568,10000,0.0,0.0
2024-01-26 00:00:00-05:00,7.170000076293945,7.28000020980835,7.0,7.010000228881836,31600,0.0,0.0
2024-01-29 00:00:00-05:00,7.0,7.460000038146973,6.953999996185303,7.25,20700,0.0,0.0
2024-01-30 00:00:00-05:00,7.079999923706055,7.392000198364258,7.03000020980835,7.090000152587891,14200,0.0,0.0
2024-01-31 00:00:00-05:00,7.429999828338623,7.678999900817871,7.210000038146973,7.25,19500,0.0,0.0
2024-02-01 00:00:00-05:00,7.349999904632568,7.570000171661377,7.060999870300293,7.309999942779541,5700,0.0,0.0
2024-02-02 00:00:00-05:00,7.400000095367432,7.699999809265137,7.400000095367432,7.550000190734863,11200,0.0,0.0
2024-02-05 00:00:00-05:00,7.449999809265137,7.460000038146973,7.210000038146973,7.269000053405762,5800,0.0,0.0
2024-02-06 00:00:00-05:00,7.25,7.440000057220459,7.25,7.3460001945495605,5900,0.0,0.0
2024-02-07 00:00:00-05:00,7.28000020980835,7.4039998054504395,7.28000020980835,7.349999904632568,5400,0.0,0.0
2024-02-08 00:00:00-05:00,7.25,7.25,7.025000095367432,7.150000095367432,14000,0.0,0.0
2024-02-09 00:00:00-05:00,7.110000133514404,7.309999942779541,7.099999904632568,7.170000076293945,14500,0.0,0.0
2024-02-12 00:00:00-05:00,7.215000152587891,7.447000026702881,7.199999809265137,7.360000133514404,11800,0.0,0.0
2024-02-13 00:00:00-05:00,7.25,7.25,6.76800012588501,7.050000190734863,8700,0.0,0.0
2024-02-14 00:00:00-05:00,6.929999828338623,7.239999771118164,6.849999904632568,7.019999980926514,22400,0.0,0.0
2024-02-15 00:00:00-05:00,7.150000095367432,7.309999942779541,6.900000095367432,6.900000095367432,24300,0.0,0.0
2024-02-16 00:00:00-05:00,6.900000095367432,7.119999885559082,6.610000133514404,6.800000190734863,9700,0.0,0.0
2024-02-20 00:00:00-05:00,6.800000190734863,9.229999542236328,6.800000190734863,7.699999809265137,98700,0.0,0.0
2024-02-21 00:00:00-05:00,8.220000267028809,10.98799991607666,7.96999979019165,10.510000228881836,135200,0.0,0.0
2024-02-22 00:00:00-05:00,11.010000228881836,13.336999893188477,11.010000228881836,11.380000114440918,265700,0.0,0.0
2024-02-23 00:00:00-05:00,11.279999732971191,12.399999618530273,9.66100025177002,10.319999694824219,96400,0.0,0.0
2024-02-26 00:00:00-05:00,10.380000114440918,11.175000190734863,10.380000114440918,10.760000228881836,30200,0.0,0.0
2024-02-27 00:00:00-05:00,10.890000343322754,11.270000457763672,10.640000343322754,10.859999656677246,20200,0.0,0.0
2024-02-28 00:00:00-05:00,10.770000457763672,12.114999771118164,10.770000457763672,11.600000381469727,31500,0.0,0.0
2024-02-29 00:00:00-05:00,12.0,12.970000267028809,11.125,11.319999694824219,80900,0.0,0.0
2024-03-01 00:00:00-05:00,10.949999809265137,11.430000305175781,10.1899995803833,11.010000228881836,35100,0.0,0.0
2024-03-04 00:00:00-05:00,11.010000228881836,11.798999786376953,10.649999618530273,11.720000267028809,18500,0.0,0.0
2024-03-05 00:00:00-05:00,10.9399995803833,11.720000267028809,10.90999984741211,11.609999656677246,32600,0.0,0.0
2024-03-06 00:00:00-05:00,11.739999771118164,12.479999542236328,11.449999809265137,12.399999618530273,30600,0.0,0.0
2024-03-07 00:00:00-05:00,12.399999618530273,13.979999542236328,12.279999732971191,13.380000114440918,58600,0.0,0.0
2024-03-08 00:00:00-05:00,12.180000305175781,13.680000305175781,12.180000305175781,12.59000015258789,39000,0.0,0.0
2024-03-11 00:00:00-04:00,12.550000190734863,13.109999656677246,12.550000190734863,12.75,15500,0.0,0.0
2024-03-12 00:00:00-04:00,13.0,13.331999778747559,12.59000015258789,13.100000381469727,17100,0.0,0.0
2024-03-13 00:00:00-04:00,13.220000267028809,13.251999855041504,12.010000228881836,12.109999656677246,14300,0.0,0.0
2024-03-14 00:00:00-04:00,12.010000228881836,12.100000381469727,11.050000190734863,11.050000190734863,36900,0.0,0.0
2024-03-15 00:00:00-04:00,11.25,12.095000267028809,11.210000038146973,11.649999618530273,23000,0.0,0.0
2024-03-18 00:00:00-04:00,11.739999771118164,12.510000228881836,11.210000038146973,11.210000038146973,17400,0.0,0.0
2024-03-19 00:00:00-04:00,11.640000343322754,11.640000343322754,10.5,10.550000190734863,25600,0.0,0.0
2024-03-20 00:00:00-04:00,10.369999885559082,11.210000038146973,10.25,10.649999618530273,21500,0.0,0.0
2024-03-21 00:00:00-04:00,10.600000381469727,11.399999618530273,9.850000381469727,10.130000114440918,59300,0.0,0.0
2024-03-22 00:00:00-04:00,10.0,10.149999618530273,9.109999656677246,9.335000038146973,57200,0.0,0.0
2024-03-25 00:00:00-04:00,9.119999885559082,9.329999923706055,8.149999618530273,8.149999618530273,104300,0.0,0.0
2024-03-26 00:00:00-04:00,8.100000381469727,8.890000343322754,7.5,7.75,344400,0.0,0.0
2024-03-27 00:00:00-04:00,7.739999771118164,9.149999618530273,7.690000057220459,8.859999656677246,104500,0.0,0.0
2024-03-28 00:00:00-04:00,8.859999656677246,9.300000190734863,8.727999687194824,8.899999618530273,31300,0.0,0.0
2024-04-01 00:00:00-04:00,8.989999771118164,9.00100040435791,8.329999923706055,8.510000228881836,41500,0.0,0.0
2024-04-02 00:00:00-04:00,8.430000305175781,8.5,8.0,8.199999809265137,17300,0.0,0.0
2024-04-03 00:00:00-04:00,8.23900032043457,8.430000305175781,8.100000381469727,8.130000114440918,24500,0.0,0.0
2024-04-04 00:00:00-04:00,8.399999618530273,8.399999618530273,7.699999809265137,7.929999828338623,42400,0.0,0.0
2024-04-05 00:00:00-04:00,7.809999942779541,8.430000305175781,7.809999942779541,7.949999809265137,23000,0.0,0.0
2024-04-08 00:00:00-04:00,8.170000076293945,8.236000061035156,7.829999923706055,8.010000228881836,13900,0.0,0.0
2024-04-09 00:00:00-04:00,8.199999809265137,8.5600004196167,7.985000133514404,8.25,9300,0.0,0.0
2024-04-10 00:00:00-04:00,8.260000228881836,8.319999694824219,7.820000171661377,8.039999961853027,55900,0.0,0.0
2024-04-11 00:00:00-04:00,8.140000343322754,8.380000114440918,7.96999979019165,8.140000343322754,33000,0.0,0.0
2024-04-12 00:00:00-04:00,8.239999771118164,8.300000190734863,7.659999847412109,7.940000057220459,34000,0.0,0.0
2024-04-15 00:00:00-04:00,8.0,8.039999961853027,7.510000228881836,7.699999809265137,31800,0.0,0.0
2024-04-16 00:00:00-04:00,7.739999771118164,8.0600004196167,7.510000228881836,7.960000038146973,38600,0.0,0.0
2024-04-17 00:00:00-04:00,7.650000095367432,8.069999694824219,7.550000190734863,7.610000133514404,29600,0.0,0.0
2024-04-18 00:00:00-04:00,7.730000019073486,7.739999771118164,7.210000038146973,7.21999979019165,33100,0.0,0.0
2024-04-19 00:00:00-04:00,7.210000038146973,7.466000080108643,6.920000076293945,6.949999809265137,41500,0.0,0.0
2024-04-22 00:00:00-04:00,7.0,7.590000152587891,7.0,7.590000152587891,26800,0.0,0.0
2024-04-23 00:00:00-04:00,7.617000102996826,8.020000457763672,7.617000102996826,7.900000095367432,16200,0.0,0.0
2024-04-24 00:00:00-04:00,7.739999771118164,7.739999771118164,7.46999979019165,7.46999979019165,6500,0.0,0.0
2024-04-25 00:00:00-04:00,7.53000020980835,7.835000038146973,7.320000171661377,7.5,23600,0.0,0.0
2024-04-26 00:00:00-04:00,7.539999961853027,7.840000152587891,7.539999961853027,7.630000114440918,25000,0.0,0.0
2024-04-29 00:00:00-04:00,7.599999904632568,7.824999809265137,7.570000171661377,7.824999809265137,13400,0.0,0.0
2024-04-30 00:00:00-04:00,7.619999885559082,8.491000175476074,7.5,7.809999942779541,48100,0.0,0.0
2024-05-01 00:00:00-04:00,7.710000038146973,7.900000095367432,7.260000228881836,7.434999942779541,24000,0.0,0.0
2024-05-02 00:00:00-04:00,7.710000038146973,7.75,7.460000038146973,7.539999961853027,18100,0.0,0.0
2024-05-03 00:00:00-04:00,7.75,7.922999858856201,7.552999973297119,7.639999866485596,56100,0.0,0.0
2024-05-06 00:00:00-04:00,7.820000171661377,7.934999942779541,7.679999828338623,7.71999979019165,17800,0.0,0.0
2024-05-07 00:00:00-04:00,7.909999847412109,8.086999893188477,7.760000228881836,7.880000114440918,10300,0.0,0.0
2024-05-08 00:00:00-04:00,7.96999979019165,8.199999809265137,7.539999961853027,7.900000095367432,17400,0.0,0.0
2024-05-09 00:00:00-04:00,7.804999828338623,8.0,7.670000076293945,7.739999771118164,15200,0.0,0.0
2024-05-10 00:00:00-04:00,7.880000114440918,7.900000095367432,7.5,7.5,16200,0.0,0.0
2024-05-13 00:00:00-04:00,7.5,7.559999942779541,7.130000114440918,7.210000038146973,18800,0.0,0.0
2024-05-14 00:00:00-04:00,7.210000038146973,7.489999771118164,7.010000228881836,7.400000095367432,27300,0.0,0.0
2024-05-15 00:00:00-04:00,7.449999809265137,7.843999862670898,7.099999904632568,7.099999904632568,38100,0.0,0.0
2024-05-16 00:00:00-04:00,7.71999979019165,7.71999979019165,7.184999942779541,7.46999979019165,22200,0.0,0.0
2024-05-17 00:00:00-04:00,7.510000228881836,7.599999904632568,7.349999904632568,7.440000057220459,14100,0.0,0.0
2024-05-20 00:00:00-04:00,7.409999847412109,7.679999828338623,7.389999866485596,7.630000114440918,17400,0.0,0.0
2024-05-21 00:00:00-04:00,7.650000095367432,7.679999828338623,7.38100004196167,7.619999885559082,26700,0.0,0.0
2024-05-22 00:00:00-04:00,7.4710001945495605,7.599999904632568,7.199999809265137,7.309999942779541,33400,0.0,0.0
2024-05-23 00:00:00-04:00,7.429999828338623,7.4679999351501465,7.210000038146973,7.300000190734863,7000,0.0,0.0
2024-05-24 00:00:00-04:00,7.5,7.559999942779541,7.199999809265137,7.400000095367432,59300,0.0,0.0
2024-05-28 00:00:00-04:00,7.510000228881836,7.744999885559082,7.260000228881836,7.679999828338623,22400,0.0,0.0
2024-05-29 00:00:00-04:00,7.510000228881836,7.900000095367432,7.440000057220459,7.590000152587891,17400,0.0,0.0
2024-05-30 00:00:00-04:00,7.775000095367432,7.849999904632568,7.710000038146973,7.730000019073486,19700,0.0,0.0
2024-05-31 00:00:00-04:00,7.789999961853027,7.860000133514404,7.300000190734863,7.369999885559082,24500,0.0,0.0
2024-06-03 00:00:00-04:00,7.380000114440918,7.570000171661377,6.949999809265137,7.195000171661377,16900,0.0,0.0
2024-06-04 00:00:00-04:00,7.210000038146973,7.400000095367432,6.710000038146973,7.235000133514404,25900,0.0,0.0
2024-06-05 00:00:00-04:00,7.400000095367432,7.4070000648498535,6.960000038146973,7.019999980926514,32400,0.0,0.0
2024-06-06 00:00:00-04:00,7.0,7.025000095367432,6.800000190734863,6.900000095367432,27400,0.0,0.0
2024-06-07 00:00:00-04:00,6.945000171661377,7.090000152587891,6.800000190734863,6.880000114440918,21600,0.0,0.0
2024-06-10 00:00:00-04:00,6.809999942779541,6.980000019073486,6.710000038146973,6.71999979019165,16900,0.0,0.0
2024-06-11 00:00:00-04:00,6.670000076293945,7.079999923706055,6.670000076293945,7.079999923706055,19300,0.0,0.0
2024-06-12 00:00:00-04:00,7.400000095367432,8.0,7.159999847412109,7.789999961853027,46600,0.0,0.0
2024-06-13 00:00:00-04:00,7.71999979019165,7.71999979019165,7.25,7.260000228881836,15800,0.0,0.0
2024-06-14 00:00:00-04:00,7.28000020980835,7.5,7.269999980926514,7.300000190734863,13200,0.0,0.0
2024-06-17 00:00:00-04:00,7.21999979019165,7.300000190734863,6.940000057220459,7.25,22800,0.0,0.0
2024-06-18 00:00:00-04:00,7.210000038146973,7.489999771118164,7.059999942779541,7.059999942779541,36700,0.0,0.0
2024-06-20 00:00:00-04:00,7.019999980926514,7.099999904632568,6.909999847412109,7.050000190734863,18400,0.0,0.0
2024-06-21 00:00:00-04:00,6.960000038146973,7.0229997634887695,6.800000190734863,6.809999942779541,35600,0.0,0.0
2024-06-24 00:00:00-04:00,7.269999980926514,7.269999980926514,7.0,7.039999961853027,6900,0.0,0.0
2024-06-25 00:00:00-04:00,7.0,7.0,6.684999942779541,6.739999771118164,40600,0.0,0.0
2024-06-26 00:00:00-04:00,6.954999923706055,6.954999923706055,6.659999847412109,6.840000152587891,12300,0.0,0.0
2024-06-27 00:00:00-04:00,6.739999771118164,7.019999980926514,6.739999771118164,6.860000133514404,7300,0.0,0.0
2024-06-28 00:00:00-04:00,6.619999885559082,7.059999942779541,6.619999885559082,7.059999942779541,15600,0.0,0.0
2024-07-01 00:00:00-04:00,7.050000190734863,7.050000190734863,6.699999809265137,6.869999885559082,10400,0.0,0.0
2024-07-02 00:00:00-04:00,6.78000020980835,6.96999979019165,6.519999980926514,6.610000133514404,40400,0.0,0.0
2024-07-03 00:00:00-04:00,6.650000095367432,7.034999847412109,6.550000190734863,6.949999809265137,13400,0.0,0.0
2024-07-05 00:00:00-04:00,6.900000095367432,7.230000019073486,6.869999885559082,6.980000019073486,13500,0.0,0.0
2024-07-08 00:00:00-04:00,6.880000114440918,7.650000095367432,6.75,7.650000095367432,34500,0.0,0.0
2024-07-09 00:00:00-04:00,7.289999961853027,7.65500020980835,7.235000133514404,7.300000190734863,12400,0.0,0.0
2024-07-10 00:00:00-04:00,7.230000019073486,7.631999969482422,7.035999774932861,7.619999885559082,7700,0.0,0.0
2024-07-11 00:00:00-04:00,7.513000011444092,7.800000190734863,7.513000011444092,7.699999809265137,12500,0.0,0.0
2024-07-12 00:00:00-04:00,7.760000228881836,7.800000190734863,7.5,7.71999979019165,12300,0.0,0.0
2024-07-15 00:00:00-04:00,7.71999979019165,7.980000019073486,7.624000072479248,7.96999979019165,16000,0.0,0.0
2024-07-16 00:00:00-04:00,7.989999771118164,8.199999809265137,7.809999942779541,7.940999984741211,16100,0.0,0.0
2024-07-17 00:00:00-04:00,7.96999979019165,8.020000457763672,7.809999942779541,8.0,5900,0.0,0.0
2024-07-18 00:00:00-04:00,7.929999828338623,8.100000381469727,7.619999885559082,7.619999885559082,7900,0.0,0.0
2024-07-19 00:00:00-04:00,7.630000114440918,7.789999961853027,7.46999979019165,7.570000171661377,14700,0.0,0.0
2024-07-22 00:00:00-04:00,7.679999828338623,7.679999828338623,7.380000114440918,7.429999828338623,5900,0.0,0.0
2024-07-23 00:00:00-04:00,7.510000228881836,7.510000228881836,7.289000034332275,7.400000095367432,2500,0.0,0.0
2024-07-24 00:00:00-04:00,7.175000190734863,7.289999961853027,7.010000228881836,7.010000228881836,7300,0.0,0.0
2024-07-25 00:00:00-04:00,7.130000114440918,7.164999961853027,7.0,7.130000114440918,15300,0.0,0.0
2024-07-26 00:00:00-04:00,7.28000020980835,7.349999904632568,7.050000190734863,7.349999904632568,6700,0.0,0.0
2024-07-29 00:00:00-04:00,7.369999885559082,7.400000095367432,7.150000095367432,7.28000020980835,7800,0.0,0.0
2024-07-30 00:00:00-04:00,7.224999904632568,7.670000076293945,7.216000080108643,7.630000114440918,23000,0.0,0.0
2024-07-31 00:00:00-04:00,7.800000190734863,7.800000190734863,7.389999866485596,7.389999866485596,2100,0.0,0.0
2024-08-01 00:00:00-04:00,7.489999771118164,7.75,7.300000190734863,7.360000133514404,11300,0.0,0.0
2024-08-02 00:00:00-04:00,7.090000152587891,7.400000095367432,6.909999847412109,7.119999885559082,19600,0.0,0.0
2024-08-05 00:00:00-04:00,7.0,7.38700008392334,6.809999942779541,6.909999847412109,13100,0.0,0.0
2024-08-06 00:00:00-04:00,6.96999979019165,7.061999797821045,6.869999885559082,6.869999885559082,7600,0.0,0.0
2024-08-07 00:00:00-04:00,7.309999942779541,8.0,7.064000129699707,7.079999923706055,35700,0.0,0.0
2024-08-08 00:00:00-04:00,7.119999885559082,9.210000038146973,7.119999885559082,9.039999961853027,100900,0.0,0.0
2024-08-09 00:00:00-04:00,9.039999961853027,9.579999923706055,8.0600004196167,9.350000381469727,52700,0.0,0.0
2024-08-12 00:00:00-04:00,9.0,9.6850004196167,8.630000114440918,8.770000457763672,20800,0.0,0.0
2024-08-13 00:00:00-04:00,8.739999771118164,9.149999618530273,8.529999732971191,8.850000381469727,29500,0.0,0.0
2024-08-14 00:00:00-04:00,9.149999618530273,9.149999618530273,8.199999809265137,8.380000114440918,30100,0.0,0.0
2024-08-15 00:00:00-04:00,8.300000190734863,8.598999977111816,8.100000381469727,8.319999694824219,23100,0.0,0.0
2024-08-16 00:00:00-04:00,8.010000228881836,8.1899995803833,8.0,8.09000015258789,8000,0.0,0.0
2024-08-19 00:00:00-04:00,8.0,8.222000122070312,7.909999847412109,8.010000228881836,11900,0.0,0.0
2024-08-20 00:00:00-04:00,8.130000114440918,8.130000114440918,7.809999942779541,7.980000019073486,11300,0.0,0.0
2024-08-21 00:00:00-04:00,7.889999866485596,8.510000228881836,7.889999866485596,8.510000228881836,18900,0.0,0.0
2024-08-22 00:00:00-04:00,8.380000114440918,8.449999809265137,8.220000267028809,8.4399995803833,12400,0.0,0.0
2024-08-23 00:00:00-04:00,8.489999771118164,8.489999771118164,7.909999847412109,8.180000305175781,15400,0.0,0.0
2024-08-26 00:00:00-04:00,8.0,8.1899995803833,7.900000095367432,8.050000190734863,11200,0.0,0.0
2024-08-27 00:00:00-04:00,7.900000095367432,7.980000019073486,7.610000133514404,7.699999809265137,17100,0.0,0.0
2024-08-28 00:00:00-04:00,7.690000057220459,7.763000011444092,7.343999862670898,7.53000020980835,17000,0.0,0.0
2024-08-29 00:00:00-04:00,7.46999979019165,7.78000020980835,7.400000095367432,7.579999923706055,10700,0.0,0.0
2024-08-30 00:00:00-04:00,7.579999923706055,7.949999809265137,7.579999923706055,7.880000114440918,10500,0.0,0.0
2024-09-03 00:00:00-04:00,7.420000076293945,7.947999954223633,7.420000076293945,7.630000114440918,14900,0.0,0.0
2024-09-04 00:00:00-04:00,7.744999885559082,7.900000095367432,7.519999980926514,7.619999885559082,10300,0.0,0.0
2024-09-05 00:00:00-04:00,7.815000057220459,7.815000057220459,7.488999843597412,7.739999771118164,11700,0.0,0.0
2024-09-06 00:00:00-04:00,7.670000076293945,7.800000190734863,7.300000190734863,7.489999771118164,19200,0.0,0.0
2024-09-09 00:00:00-04:00,7.336999893188477,7.449999809265137,6.889999866485596,7.190000057220459,25900,0.0,0.0
2024-09-10 00:00:00-04:00,7.190000057220459,7.190000057220459,7.019999980926514,7.159999847412109,11700,0.0,0.0
2024-09-11 00:00:00-04:00,7.03000020980835,7.448999881744385,7.03000020980835,7.179999828338623,7000,0.0,0.0
2024-09-12 00:00:00-04:00,7.165999889373779,7.489999771118164,7.165999889373779,7.409999847412109,3400,0.0,0.0
2024-09-13 00:00:00-04:00,7.300000190734863,7.699999809265137,7.300000190734863,7.420000076293945,14900,0.0,0.0
2024-09-16 00:00:00-04:00,7.449999809265137,7.809999942779541,7.349999904632568,7.699999809265137,9800,0.0,0.0
2024-09-17 00:00:00-04:00,7.699999809265137,7.829999923706055,7.484000205993652,7.670000076293945,14500,0.0,0.0
2024-09-18 00:00:00-04:00,7.889999866485596,8.399999618530273,7.550000190734863,7.829999923706055,14200,0.0,0.0
2024-09-19 00:00:00-04:00,7.96999979019165,8.140000343322754,7.835999965667725,8.100000381469727,5000,0.0,0.0
2024-09-20 00:00:00-04:00,7.96999979019165,8.739999771118164,7.820000171661377,8.739999771118164,27700,0.0,0.0
2024-09-23 00:00:00-04:00,8.739999771118164,8.850000381469727,8.119999885559082,8.319999694824219,17600,0.0,0.0
2024-09-24 00:00:00-04:00,8.5,8.5,7.992000102996826,8.020000457763672,15500,0.0,0.0
2024-09-25 00:00:00-04:00,7.954999923706055,7.989999771118164,7.677000045776367,7.90500020980835,5600,0.0,0.0
2024-09-26 00:00:00-04:00,7.929999828338623,8.489999771118164,7.839000225067139,7.980000019073486,9800,0.0,0.0
2024-09-27 00:00:00-04:00,8.185999870300293,8.289999961853027,7.880000114440918,7.980000019073486,21500,0.0,0.0
2024-09-30 00:00:00-04:00,7.920000076293945,8.289999961853027,7.909999847412109,8.199999809265137,17100,0.0,0.0
2024-10-01 00:00:00-04:00,8.15999984741211,8.317000389099121,7.885000228881836,8.074999809265137,15300,0.0,0.0
2024-10-02 00:00:00-04:00,7.929999828338623,8.130000114440918,7.870999813079834,7.889999866485596,6700,0.0,0.0
2024-10-03 00:00:00-04:00,7.96999979019165,8.26200008392334,7.760000228881836,7.78000020980835,21100,0.0,0.0
2024-10-04 00:00:00-04:00,7.78000020980835,7.929999828338623,7.75,7.929999828338623,5000,0.0,0.0
2024-10-07 00:00:00-04:00,7.909999847412109,8.0,7.679999828338623,7.739999771118164,29200,0.0,0.0
2024-10-08 00:00:00-04:00,7.75,7.960000038146973,7.619999885559082,7.710000038146973,23700,0.0,0.0
2024-10-09 00:00:00-04:00,7.769999980926514,7.980000019073486,7.7230000495910645,7.800000190734863,19700,0.0,0.0
2024-10-10 00:00:00-04:00,7.800000190734863,7.889999866485596,7.699999809265137,7.840000152587891,8700,0.0,0.0
2024-10-11 00:00:00-04:00,7.84499979019165,8.039999961853027,7.84499979019165,7.889999866485596,4900,0.0,0.0
2024-10-14 00:00:00-04:00,7.864999771118164,8.0,7.75,7.75,5000,0.0,0.0
2024-10-15 00:00:00-04:00,7.75,7.75,7.46999979019165,7.46999979019165,17400,0.0,0.0
2024-10-16 00:00:00-04:00,7.599999904632568,7.664999961853027,7.380000114440918,7.590000152587891,12500,0.0,0.0
2024-10-17 00:00:00-04:00,7.409999847412109,7.875,7.409999847412109,7.860000133514404,21500,0.0,0.0
2024-10-18 00:00:00-04:00,7.690000057220459,7.880000114440918,7.340000152587891,7.639999866485596,28800,0.0,0.0
2024-10-21 00:00:00-04:00,7.400000095367432,7.53000020980835,7.349999904632568,7.409999847412109,10300,0.0,0.0
2024-10-22 00:00:00-04:00,7.369999885559082,7.599999904632568,7.360000133514404,7.360000133514404,9300,0.0,0.0
2024-10-23 00:00:00-04:00,7.320000171661377,7.579999923706055,7.309999942779541,7.449999809265137,16700,0.0,0.0
2024-10-24 00:00:00-04:00,7.559999942779541,7.650000095367432,7.260000228881836,7.429999828338623,15500,0.0,0.0
2024-10-25 00:00:00-04:00,7.485000133514404,7.550000190734863,7.2729997634887695,7.340000152587891,16100,0.0,0.0
2024-10-28 00:00:00-04:00,7.309999942779541,7.519999980926514,7.110000133514404,7.230000019073486,21100,0.0,0.0
2024-10-29 00:00:00-04:00,7.25,7.465000152587891,7.25,7.406000137329102,10800,0.0,0.0
2024-10-30 00:00:00-04:00,7.440000057220459,7.440000057220459,7.159999847412109,7.199999809265137,14800,0.0,0.0
2024-10-31 00:00:00-04:00,7.880000114440918,7.880000114440918,7.099999904632568,7.199999809265137,18900,0.0,0.0
2024-11-01 00:00:00-04:00,7.380000114440918,7.5,7.21999979019165,7.370999813079834,13200,0.0,0.0
2024-11-04 00:00:00-05:00,7.14300012588501,7.46999979019165,7.14300012588501,7.251999855041504,8400,0.0,0.0
2024-11-05 00:00:00-05:00,7.260000228881836,7.53000020980835,7.260000228881836,7.480000019073486,19900,0.0,0.0
2024-11-06 00:00:00-05:00,7.420000076293945,7.440000057220459,7.079999923706055,7.110000133514404,10700,0.0,0.0
2024-11-07 00:00:00-05:00,7.110000133514404,7.400000095367432,7.110000133514404,7.199999809265137,22200,0.0,0.0
2024-11-08 00:00:00-05:00,7.199999809265137,7.449999809265137,7.179999828338623,7.400000095367432,23100,0.0,0.0
2024-11-11 00:00:00-05:00,7.400000095367432,7.769999980926514,7.400000095367432,7.710000038146973,32900,0.0,0.0
2024-11-12 00:00:00-05:00,7.710000038146973,7.822000026702881,7.610000133514404,7.800000190734863,18100,0.0,0.0
2024-11-13 00:00:00-05:00,7.690000057220459,8.420000076293945,7.510000228881836,7.659999847412109,42400,0.0,0.0
2024-11-14 00:00:00-05:00,7.755000114440918,7.920000076293945,6.349999904632568,6.53000020980835,80800,0.0,0.0
2024-11-15 00:00:00-05:00,6.659999847412109,7.199999809265137,6.659999847412109,6.710000038146973,25500,0.0,0.0
2024-11-18 00:00:00-05:00,6.690000057220459,6.710000038146973,5.800000190734863,6.159999847412109,77100,0.0,0.0
2024-11-19 00:00:00-05:00,6.010000228881836,6.119999885559082,5.610000133514404,5.949999809265137,74600,0.0,0.0
2024-11-20 00:00:00-05:00,5.959000110626221,6.260000228881836,5.619999885559082,5.869999885559082,41300,0.0,0.0
2024-11-21 00:00:00-05:00,5.960000038146973,6.900000095367432,5.960000038146973,6.769999980926514,76300,0.0,0.0
2024-11-22 00:00:00-05:00,6.849999904632568,7.214000225067139,6.482999801635742,6.619999885559082,51300,0.0,0.0
2024-11-25 00:00:00-05:00,6.599999904632568,6.908999919891357,6.53000020980835,6.53000020980835,28300,0.0,0.0
2024-11-26 00:00:00-05:00,6.539999961853027,6.539999961853027,6.090000152587891,6.159999847412109,18800,0.0,0.0
2024-11-27 00:00:00-05:00,6.159999847412109,6.420000076293945,6.0,6.019999980926514,18000,0.0,0.0
2024-11-29 00:00:00-05:00,6.190000057220459,6.420000076293945,6.190000057220459,6.309999942779541,11700,0.0,0.0
2024-12-02 00:00:00-05:00,6.320000171661377,6.440000057220459,6.119999885559082,6.289999961853027,21600,0.0,0.0
2024-12-03 00:00:00-05:00,6.159999847412109,6.440000057220459,6.054999828338623,6.110000133514404,31900,0.0,0.0
2024-12-04 00:00:00-05:00,6.400000095367432,7.0,6.159999847412109,6.699999809265137,101700,0.0,0.0
2024-12-05 00:00:00-05:00,6.769999980926514,7.079999923706055,6.519999980926514,6.670000076293945,30300,0.0,0.0
2024-12-06 00:00:00-05:00,6.5,6.860000133514404,6.099999904632568,6.230000019073486,38700,0.0,0.0
2024-12-09 00:00:00-05:00,6.260000228881836,6.835999965667725,6.050000190734863,6.159999847412109,27200,0.0,0.0
2024-12-10 00:00:00-05:00,6.059999942779541,6.289999961853027,6.059999942779541,6.289999961853027,17800,0.0,0.0
2024-12-11 00:00:00-05:00,6.199999809265137,6.489999771118164,6.090000152587891,6.320000171661377,70100,0.0,0.0
2024-12-12 00:00:00-05:00,6.260000228881836,6.489999771118164,6.239999771118164,6.329999923706055,33900,0.0,0.0
2024-12-13 00:00:00-05:00,6.260000228881836,6.473999977111816,6.179999828338623,6.360000133514404,36600,0.0,0.0
2024-12-16 00:00:00-05:00,6.400000095367432,7.389999866485596,6.320000171661377,7.349999904632568,179000,0.0,0.0
2024-12-17 00:00:00-05:00,7.570000171661377,7.696000099182129,6.809999942779541,6.909999847412109,60400,0.0,0.0
2024-12-18 00:00:00-05:00,6.909999847412109,7.296999931335449,6.639999866485596,6.659999847412109,52600,0.0,0.0
2024-12-19 00:00:00-05:00,6.590000152587891,6.775000095367432,6.320000171661377,6.369999885559082,23500,0.0,0.0
2024-12-20 00:00:00-05:00,6.400000095367432,6.985000133514404,6.400000095367432,6.829999923706055,35600,0.0,0.0
2024-12-23 00:00:00-05:00,6.889999866485596,6.989999771118164,6.699999809265137,6.880000114440918,23400,0.0,0.0
2024-12-24 00:00:00-05:00,6.795000076293945,6.989999771118164,6.789999961853027,6.809999942779541,13800,0.0,0.0
2024-12-26 00:00:00-05:00,6.760000228881836,7.590000152587891,6.760000228881836,7.5,35100,0.0,0.0
2024-12-27 00:00:00-05:00,7.480000019073486,7.545000076293945,7.199999809265137,7.539999961853027,36800,0.0,0.0
2024-12-30 00:00:00-05:00,7.460000038146973,7.659999847412109,7.164000034332275,7.53000020980835,22600,0.0,0.0
2024-12-31 00:00:00-05:00,7.5,7.699999809265137,7.320000171661377,7.550000190734863,46200,0.0,0.0
2025-01-02 00:00:00-05:00,7.489999771118164,7.894999980926514,7.409999847412109,7.760000228881836,47300,0.0,0.0
2025-01-03 00:00:00-05:00,7.610000133514404,8.34000015258789,7.5,8.074999809265137,40500,0.0,0.0
2025-01-06 00:00:00-05:00,8.0,8.619000434875488,7.880000114440918,8.579999923706055,70900,0.0,0.0
2025-01-07 00:00:00-05:00,8.600000381469727,8.618000030517578,8.25,8.520000457763672,21700,0.0,0.0
2025-01-08 00:00:00-05:00,8.380000114440918,8.380000114440918,7.760000228881836,7.880000114440918,34900,0.0,0.0
2025-01-10 00:00:00-05:00,7.929999828338623,7.929999828338623,7.199999809265137,7.25,31200,0.0,0.0
2025-01-13 00:00:00-05:00,7.230000019073486,7.579999923706055,7.010000228881836,7.340000152587891,27800,0.0,0.0
2025-01-14 00:00:00-05:00,7.465000152587891,7.465000152587891,7.070000171661377,7.170000076293945,26400,0.0,0.0
2025-01-15 00:00:00-05:00,7.360000133514404,7.679999828338623,7.099999904632568,7.5,42100,0.0,0.0
2025-01-16 00:00:00-05:00,7.570000171661377,7.84499979019165,7.489999771118164,7.820000171661377,38100,0.0,0.0
2025-01-17 00:00:00-05:00,7.860000133514404,7.860000133514404,7.510000228881836,7.510000228881836,30100,0.0,0.0
2025-01-21 00:00:00-05:00,7.6020002365112305,7.710000038146973,7.460000038146973,7.650000095367432,7800,0.0,0.0
2025-01-22 00:00:00-05:00,7.519999980926514,7.651000022888184,7.257999897003174,7.420000076293945,14600,0.0,0.0
2025-01-23 00:00:00-05:00,7.349999904632568,7.505000114440918,7.199999809265137,7.505000114440918,39800,0.0,0.0
2025-01-24 00:00:00-05:00,7.409999847412109,7.559999942779541,7.260000228881836,7.260000228881836,9800,0.0,0.0
2025-01-27 00:00:00-05:00,7.099999904632568,7.309999942779541,6.800000190734863,6.900000095367432,27400,0.0,0.0
2025-01-28 00:00:00-05:00,7.010000228881836,7.079999923706055,6.800000190734863,6.889999866485596,49900,0.0,0.0
2025-01-29 00:00:00-05:00,6.929999828338623,7.019999980926514,6.860000133514404,6.900000095367432,3900,0.0,0.0
2025-01-30 00:00:00-05:00,6.994999885559082,7.130000114440918,6.949999809265137,7.130000114440918,7700,0.0,0.0
2025-01-31 00:00:00-05:00,7.070000171661377,7.077000141143799,6.71999979019165,6.829999923706055,7800,0.0,0.0
2025-02-03 00:00:00-05:00,6.789999961853027,6.980000019073486,6.603000164031982,6.920000076293945,20300,0.0,0.0
2025-02-04 00:00:00-05:00,6.920000076293945,7.039999961853027,6.869999885559082,7.0,6300,0.0,0.0
2025-02-05 00:00:00-05:00,6.986000061035156,7.076000213623047,6.789000034332275,7.054999828338623,6900,0.0,0.0
2025-02-06 00:00:00-05:00,7.099999904632568,7.099999904632568,6.775000095367432,7.059999942779541,11900,0.0,0.0
2025-02-07 00:00:00-05:00,7.139999866485596,7.159999847412109,6.820000171661377,6.823999881744385,6700,0.0,0.0
2025-02-10 00:00:00-05:00,6.630000114440918,7.079999923706055,6.630000114440918,6.949999809265137,33500,0.0,0.0
2025-02-11 00:00:00-05:00,6.989999771118164,7.199999809265137,6.989999771118164,7.070000171661377,11300,0.0,0.0
2025-02-12 00:00:00-05:00,7.090000152587891,7.090000152587891,6.96999979019165,7.039999961853027,6200,0.0,0.0
2025-02-13 00:00:00-05:00,6.610000133514404,7.14900016784668,6.610000133514404,6.820000171661377,49100,0.0,0.0
2025-02-14 00:00:00-05:00,6.763999938964844,7.010000228881836,6.519999980926514,6.684000015258789,25300,0.0,0.0
2025-02-18 00:00:00-05:00,6.650000095367432,6.699999809265137,6.369999885559082,6.380000114440918,31200,0.0,0.0
2025-02-19 00:00:00-05:00,6.300000190734863,6.579999923706055,6.059999942779541,6.159999847412109,38500,0.0,0.0
2025-02-20 00:00:00-05:00,6.159999847412109,6.159999847412109,5.75,5.989999771118164,66600,0.0,0.0
2025-02-21 00:00:00-05:00,5.920000076293945,6.0970001220703125,5.849999904632568,5.929999828338623,16000,0.0,0.0
2025-02-24 00:00:00-05:00,5.96999979019165,5.96999979019165,4.949999809265137,5.28000020980835,110100,0.0,0.0
2025-02-25 00:00:00-05:00,5.25,5.650000095367432,5.25,5.449999809265137,49600,0.0,0.0
2025-02-26 00:00:00-05:00,5.559999942779541,5.670000076293945,5.260000228881836,5.260000228881836,13700,0.0,0.0
2025-02-27 00:00:00-05:00,5.630000114440918,6.035999774932861,5.300000190734863,5.699999809265137,32300,0.0,0.0
2025-02-28 00:00:00-05:00,5.789999961853027,6.0,5.630000114440918,5.789999961853027,41300,0.0,0.0
2025-03-03 00:00:00-05:00,5.880000114440918,5.988999843597412,5.360000133514404,5.360000133514404,18500,0.0,0.0
2025-03-04 00:00:00-05:00,5.599999904632568,5.599999904632568,5.465000152587891,5.489999771118164,24600,0.0,0.0
2025-03-05 00:00:00-05:00,5.550000190734863,5.690000057220459,5.150000095367432,5.28000020980835,64400,0.0,0.0
2025-03-06 00:00:00-05:00,5.28000020980835,5.28000020980835,4.769999980926514,5.010000228881836,41900,0.0,0.0
2025-03-07 00:00:00-05:00,5.019999980926514,5.139999866485596,4.599999904632568,5.039999961853027,35800,0.0,0.0
2025-03-10 00:00:00-04:00,5.0,5.019999980926514,4.570000171661377,4.840000152587891,52100,0.0,0.0
2025-03-11 00:00:00-04:00,4.989999771118164,5.0229997634887695,4.619999885559082,4.706999778747559,16100,0.0,0.0
2025-03-12 00:00:00-04:00,4.880000114440918,5.0289998054504395,4.8460001945495605,4.925000190734863,24100,0.0,0.0
2025-03-13 00:00:00-04:00,4.869999885559082,4.945000171661377,4.699999809265137,4.699999809265137,6400,0.0,0.0
2025-03-14 00:00:00-04:00,4.997000217437744,5.159999847412109,4.730000019073486,4.800000190734863,6500,0.0,0.0
2025-03-17 00:00:00-04:00,4.855000019073486,4.918000221252441,4.75,4.75,5000,0.0,0.0
2025-03-18 00:00:00-04:00,4.71999979019165,4.78000020980835,4.610000133514404,4.679999828338623,3700,0.0,0.0
2025-03-19 00:00:00-04:00,4.775000095367432,4.96999979019165,4.730000019073486,4.894999980926514,10600,0.0,0.0
2025-03-20 00:00:00-04:00,4.880000114440918,5.070000171661377,4.880000114440918,4.980000019073486,7400,0.0,0.0
2025-03-21 00:00:00-04:00,5.0,5.0,4.900000095367432,4.920000076293945,8400,0.0,0.0
2025-03-24 00:00:00-04:00,4.940000057220459,5.119999885559082,4.889999866485596,4.989999771118164,14500,0.0,0.0
2025-03-25 00:00:00-04:00,4.989999771118164,5.28000020980835,4.989999771118164,5.199999809265137,24100,0.0,0.0
2025-03-26 00:00:00-04:00,5.057000160217285,5.440000057220459,5.034999847412109,5.21999979019165,15600,0.0,0.0
2025-03-27 00:00:00-04:00,5.139999866485596,5.269999980926514,5.0,5.050000190734863,8200,0.0,0.0
2025-03-28 00:00:00-04:00,5.126999855041504,5.228000164031982,5.070000171661377,5.070000171661377,12200,0.0,0.0
2025-03-31 00:00:00-04:00,5.0,5.304999828338623,4.951000213623047,5.199999809265137,7800,0.0,0.0
2025-04-01 00:00:00-04:00,5.360000133514404,5.835999965667725,5.199999809265137,5.199999809265137,34000,0.0,0.0
2025-04-02 00:00:00-04:00,5.110000133514404,5.380000114440918,5.0,5.309999942779541,7900,0.0,0.0
2025-04-03 00:00:00-04:00,5.099999904632568,5.103000164031982,4.760000228881836,4.789999961853027,15000,0.0,0.0
2025-04-04 00:00:00-04:00,4.623000144958496,4.861999988555908,4.150000095367432,4.519999980926514,48700,0.0,0.0
2025-04-07 00:00:00-04:00,4.159999847412109,4.672999858856201,4.150000095367432,4.199999809265137,27300,0.0,0.0
2025-04-08 00:00:00-04:00,4.210000038146973,4.802000045776367,3.765000104904175,3.859999895095825,23400,0.0,0.0
2025-04-09 00:00:00-04:00,3.890000104904175,4.269999980926514,3.8499999046325684,4.260000228881836,18100,0.0,0.0
2025-04-10 00:00:00-04:00,4.230000019073486,4.639999866485596,3.8450000286102295,4.03000020980835,46400,0.0,0.0
2025-04-11 00:00:00-04:00,4.0,4.489999771118164,4.0,4.449999809265137,8900,0.0,0.0
2025-04-14 00:00:00-04:00,4.460000038146973,4.802000045776367,4.460000038146973,4.710000038146973,7500,0.0,0.0
2025-04-15 00:00:00-04:00,4.78000020980835,4.96999979019165,4.480000019073486,4.480000019073486,8200,0.0,0.0
2025-04-16 00:00:00-04:00,4.400000095367432,5.130000114440918,4.400000095367432,5.019999980926514,56900,0.0,0.0
2025-04-17 00:00:00-04:00,5.230000019073486,5.560999870300293,4.800000190734863,5.300000190734863,42300,0.0,0.0
2025-04-21 00:00:00-04:00,5.320000171661377,5.400000095367432,5.010000228881836,5.050000190734863,18800,0.0,0.0
2025-04-22 00:00:00-04:00,5.335000038146973,5.585999965667725,5.059999942779541,5.429999828338623,15500,0.0,0.0
2025-04-23 00:00:00-04:00,5.265999794006348,5.840000152587891,5.090000152587891,5.190000057220459,61700,0.0,0.0
2025-04-24 00:00:00-04:00,5.199999809265137,5.550000190734863,5.093999862670898,5.5,20000,0.0,0.0
2025-04-25 00:00:00-04:00,5.269999980926514,5.920000076293945,5.199999809265137,5.340000152587891,19700,0.0,0.0
2025-04-28 00:00:00-04:00,5.300000190734863,5.34499979019165,5.114999771118164,5.114999771118164,4600,0.0,0.0
2025-04-29 00:00:00-04:00,5.190000057220459,5.25,5.0,5.210000038146973,9100,0.0,0.0
2025-04-30 00:00:00-04:00,5.079999923706055,5.079999923706055,4.800000190734863,4.949999809265137,9100,0.0,0.0
2025-05-01 00:00:00-04:00,5.449999809265137,5.449999809265137,4.949999809265137,4.960000038146973,11500,0.0,0.0
2025-05-02 00:00:00-04:00,5.099999904632568,5.349999904632568,5.099999904632568,5.25,4400,0.0,0.0
2025-05-05 00:00:00-04:00,5.074999809265137,5.396999835968018,5.074999809265137,5.396999835968018,1000,0.0,0.0
2025-05-06 00:00:00-04:00,5.269999980926514,5.269999980926514,4.828999996185303,4.880000114440918,13500,0.0,0.0
2025-05-07 00:00:00-04:00,5.085000038146973,5.110000133514404,4.909999847412109,5.0,2000,0.0,0.0
2025-05-08 00:00:00-04:00,5.0,5.099999904632568,4.900000095367432,5.090000152587891,8800,0.0,0.0
2025-05-09 00:00:00-04:00,5.269999980926514,5.269999980926514,5.058000087738037,5.21999979019165,3200,0.0,0.0
2025-05-12 00:00:00-04:00,5.400000095367432,5.489999771118164,5.099999904632568,5.099999904632568,22100,0.0,0.0
2025-05-13 00:00:00-04:00,5.090000152587891,5.131999969482422,5.026000022888184,5.026000022888184,4400,0.0,0.0
2025-05-14 00:00:00-04:00,5.03000020980835,5.25,5.03000020980835,5.099999904632568,10600,0.0,0.0
2025-05-15 00:00:00-04:00,5.25,5.25,4.932000160217285,5.230000019073486,34800,0.0,0.0
2025-05-16 00:00:00-04:00,5.309999942779541,5.5,4.989999771118164,5.03000020980835,51700,0.0,0.0
2025-05-19 00:00:00-04:00,4.909999847412109,5.199999809265137,4.900000095367432,5.039999961853027,12900,0.0,0.0
2025-05-20 00:00:00-04:00,5.039999961853027,5.190000057220459,4.880000114440918,5.105000019073486,19100,0.0,0.0
2025-05-21 00:00:00-04:00,5.135000228881836,5.28000020980835,4.949999809265137,5.090000152587891,22200,0.0,0.0
2025-05-22 00:00:00-04:00,5.079999923706055,5.235000133514404,5.010000228881836,5.125,9900,0.0,0.0
2025-05-23 00:00:00-04:00,5.002999782562256,5.070000171661377,4.875,5.010000228881836,17700,0.0,0.0
2025-05-27 00:00:00-04:00,5.079999923706055,5.230000019073486,4.940000057220459,5.179999828338623,14000,0.0,0.0
2025-05-28 00:00:00-04:00,5.195000171661377,5.239999771118164,4.949999809265137,5.0,21200,0.0,0.0
2025-05-29 00:00:00-04:00,5.0,5.15500020980835,4.880000114440918,4.880000114440918,22500,0.0,0.0
2025-05-30 00:00:00-04:00,4.909999847412109,5.0,4.789999961853027,4.978000164031982,7900,0.0,0.0
2025-06-02 00:00:00-04:00,5.0,5.059000015258789,4.940000057220459,5.019999980926514,33500,0.0,0.0
2025-06-03 00:00:00-04:00,5.066999912261963,5.11899995803833,4.909999847412109,5.0,6000,0.0,0.0
2025-06-04 00:00:00-04:00,5.010000228881836,5.130000114440918,4.96999979019165,5.025000095367432,23100,0.0,0.0
2025-06-05 00:00:00-04:00,4.960000038146973,5.138999938964844,4.789999961853027,4.949999809265137,18300,0.0,0.0
2025-06-06 00:00:00-04:00,5.0,5.139999866485596,4.800000190734863,4.809999942779541,17400,0.0,0.0
2025-06-09 00:00:00-04:00,4.880000114440918,4.949999809265137,4.78000020980835,4.789999961853027,26800,0.0,0.0
2025-06-10 00:00:00-04:00,4.789999961853027,4.989999771118164,4.784999847412109,4.849999904632568,36800,0.0,0.0
2025-06-11 00:00:00-04:00,4.880000114440918,4.889999866485596,4.75,4.889999866485596,14500,0.0,0.0
2025-06-12 00:00:00-04:00,4.809999942779541,4.849999904632568,4.593999862670898,4.650000095367432,81900,0.0,0.0
2025-06-13 00:00:00-04:00,4.690000057220459,4.690000057220459,4.514999866485596,4.559999942779541,13500,0.0,0.0
2025-06-16 00:00:00-04:00,4.710999965667725,4.710999965667725,4.449999809265137,4.449999809265137,12700,0.0,0.0
2025-06-17 00:00:00-04:00,4.460000038146973,4.570000171661377,4.139999866485596,4.239999771118164,82600,0.0,0.0
2025-06-18 00:00:00-04:00,4.289999961853027,4.663000106811523,4.199999809265137,4.449999809265137,38300,0.0,0.0
2025-06-20 00:00:00-04:00,4.550000190734863,4.59499979019165,4.21999979019165,4.21999979019165,22100,0.0,0.0
2025-06-23 00:00:00-04:00,4.21999979019165,4.300000190734863,3.9000000953674316,3.9000000953674316,68400,0.0,0.0
2025-06-24 00:00:00-04:00,4.0,4.295000076293945,3.9700000286102295,4.039999961853027,70600,0.0,0.0
2025-06-25 00:00:00-04:00,4.0,4.224999904632568,3.809999942779541,3.875,34500,0.0,0.0
2025-06-26 00:00:00-04:00,3.990000009536743,4.849999904632568,3.990000009536743,4.400000095367432,421200,0.0,0.0
2025-06-27 00:00:00-04:00,4.519999980926514,4.736999988555908,4.099999904632568,4.460000038146973,135900,0.0,0.0
2025-06-30 00:00:00-04:00,4.46999979019165,4.699999809265137,4.409999847412109,4.53000020980835,48800,0.0,0.0
2025-07-01 00:00:00-04:00,4.5,4.769999980926514,4.409999847412109,4.480000019073486,90900,0.0,0.0
2025-07-02 00:00:00-04:00,4.5,4.614999771118164,4.429999828338623,4.489999771118164,20100,0.0,0.0
2025-07-03 00:00:00-04:00,4.75,4.829999923706055,4.699999809265137,4.699999809265137,10300,0.0,0.0
2025-07-07 00:00:00-04:00,4.690000057220459,4.788000106811523,4.559999942779541,4.630000114440918,19300,0.0,0.0
2025-07-08 00:00:00-04:00,4.699999809265137,5.099999904632568,4.639999866485596,5.010000228881836,29200,0.0,0.0
2025-07-09 00:00:00-04:00,5.079999923706055,5.840000152587891,5.079999923706055,5.769999980926514,65700,0.0,0.0
2025-07-10 00:00:00-04:00,5.809999942779541,6.690000057220459,5.769999980926514,6.320000171661377,85000,0.0,0.0
2025-07-11 00:00:00-04:00,6.309999942779541,6.366000175476074,5.900000095367432,5.940000057220459,32700,0.0,0.0
2025-07-14 00:00:00-04:00,5.940000057220459,6.181000232696533,5.639999866485596,5.889999866485596,16000,0.0,0.0
2025-07-15 00:00:00-04:00,5.889999866485596,6.2789998054504395,5.754000186920166,6.070000171661377,33700,0.0,0.0
2025-07-16 00:00:00-04:00,6.059999942779541,6.539999961853027,6.045000076293945,6.050000190734863,22600,0.0,0.0
2025-07-17 00:00:00-04:00,6.1620001792907715,6.329999923706055,5.650000095367432,5.760000228881836,56400,0.0,0.0
2025-07-18 00:00:00-04:00,5.849999904632568,6.238999843597412,5.760000228881836,6.170000076293945,20000,0.0,0.0
2025-07-21 00:00:00-04:00,6.179999828338623,6.440000057220459,5.874000072479248,5.96999979019165,24800,0.0,0.0
2025-07-22 00:00:00-04:00,6.179999828338623,6.190000057220459,5.910999774932861,5.960000038146973,23600,0.0,0.0
2025-07-23 00:00:00-04:00,5.960000038146973,6.264999866485596,5.75,6.0,18100,0.0,0.0
2025-07-24 00:00:00-04:00,5.929999828338623,6.099999904632568,5.619999885559082,5.710000038146973,48700,0.0,0.0
2025-07-25 00:00:00-04:00,5.679999828338623,5.97599983215332,5.501999855041504,5.730000019073486,11300,0.0,0.0
2025-07-28 00:00:00-04:00,5.71999979019165,5.775000095367432,5.599999904632568,5.599999904632568,26800,0.0,0.0
2025-07-29 00:00:00-04:00,5.599999904632568,5.616000175476074,5.232999801635742,5.275000095367432,22200,0.0,0.0
2025-07-30 00:00:00-04:00,5.289999961853027,5.480000019073486,5.013000011444092,5.039999961853027,30400,0.0,0.0
2025-07-31 00:00:00-04:00,5.119999885559082,5.389999866485596,4.75,4.800000190734863,223500,0.0,0.0
2025-08-01 00:00:00-04:00,4.699999809265137,4.989999771118164,3.9600000381469727,4.340000152587891,145000,0.0,0.0
2025-08-04 00:00:00-04:00,4.429999828338623,4.929999828338623,4.199999809265137,4.269999980926514,58400,0.0,0.0
2025-08-05 00:00:00-04:00,4.099999904632568,4.489999771118164,4.03000020980835,4.239999771118164,65700,0.0,0.0
2025-08-06 00:00:00-04:00,4.320000171661377,4.50600004196167,4.235000133514404,4.315000057220459,28200,0.0,0.0
2025-08-07 00:00:00-04:00,4.429999828338623,4.429999828338623,3.9800000190734863,4.079999923706055,35100,0.0,0.0
2025-08-08 00:00:00-04:00,4.110000133514404,4.289999961853027,4.039999961853027,4.059000015258789,44000,0.0,0.0
2025-08-11 00:00:00-04:00,4.099999904632568,4.099999904632568,3.8299999237060547,3.8589999675750732,64700,0.0,0.0
2025-08-12 00:00:00-04:00,3.950000047683716,4.059999942779541,3.890000104904175,4.019999980926514,37000,0.0,0.0
2025-08-13 00:00:00-04:00,4.03000020980835,4.230000019073486,3.9000000953674316,3.9000000953674316,22500,0.0,0.0
2025-08-14 00:00:00-04:00,3.8499999046325684,5.78000020980835,3.8499999046325684,5.184999942779541,1256800,0.0,0.0
2025-08-15 00:00:00-04:00,4.980000019073486,5.440000057220459,4.699999809265137,5.239999771118164,121200,0.0,0.0
2025-08-18 00:00:00-04:00,5.25,5.400000095367432,4.949999809265137,5.010000228881836,80400,0.0,0.0
2025-08-19 00:00:00-04:00,5.010000228881836,5.098999977111816,4.949999809265137,4.960000038146973,28000,0.0,0.0
2025-08-20 00:00:00-04:00,4.960999965667725,5.019999980926514,4.84499979019165,4.909999847412109,16200,0.0,0.0
2025-08-21 00:00:00-04:00,4.900000095367432,4.989999771118164,4.889999866485596,4.920000076293945,30600,0.0,0.0
2025-08-22 00:00:00-04:00,4.929999828338623,5.099999904632568,4.866000175476074,5.0,28000,0.0,0.0
2025-08-25 00:00:00-04:00,5.0,5.133999824523926,4.849999904632568,4.880000114440918,24700,0.0,0.0
2025-08-26 00:00:00-04:00,4.849999904632568,5.1479997634887695,4.849999904632568,4.920000076293945,26100,0.0,0.0
2025-08-27 00:00:00-04:00,4.900000095367432,5.199999809265137,4.900000095367432,5.150000095367432,23900,0.0,0.0
2025-08-28 00:00:00-04:00,5.119999885559082,5.639999866485596,5.119999885559082,5.510000228881836,104300,0.0,0.0
2025-08-29 00:00:00-04:00,5.460000038146973,5.525000095367432,5.159999847412109,5.239999771118164,26600,0.0,0.0
2025-09-02 00:00:00-04:00,5.110000133514404,5.190000057220459,5.01200008392334,5.139999866485596,10200,0.0,0.0
2025-09-03 00:00:00-04:00,5.139999866485596,5.349999904632568,5.060999870300293,5.105000019073486,18800,0.0,0.0
2025-09-04 00:00:00-04:00,5.15500020980835,5.199999809265137,5.0,5.093999862670898,23800,0.0,0.0
2025-09-05 00:00:00-04:00,5.21999979019165,5.21999979019165,5.0,5.110000133514404,26900,0.0,0.0
2025-09-08 00:00:00-04:00,5.150000095367432,5.400000095367432,4.949999809265137,5.199999809265137,94500,0.0,0.0
2025-09-09 00:00:00-04:00,5.25,5.25,4.929999828338623,5.125,85200,0.0,0.0
2025-09-10 00:00:00-04:00,5.329999923706055,5.329999923706055,5.019999980926514,5.050000190734863,43500,0.0,0.0
2025-09-11 00:00:00-04:00,5.059999942779541,5.5,4.96999979019165,5.21999979019165,32700,0.0,0.0
2025-09-12 00:00:00-04:00,5.25,5.46999979019165,5.090000152587891,5.195000171661377,29400,0.0,0.0
2025-09-15 00:00:00-04:00,5.159999847412109,5.440000057220459,5.026000022888184,5.320000171661377,50900,0.0,0.0
2025-09-16 00:00:00-04:00,5.139999866485596,5.375,5.03000020980835,5.210000038146973,17500,0.0,0.0
2025-09-17 00:00:00-04:00,5.190000057220459,5.510000228881836,5.0,5.199999809265137,36300,0.0,0.0
2025-09-18 00:00:00-04:00,5.320000171661377,5.659999847412109,5.269999980926514,5.454999923706055,81200,0.0,0.0
2025-09-19 00:00:00-04:00,5.460000038146973,6.900000095367432,5.440000057220459,6.670000076293945,209200,0.0,0.0
2025-09-22 00:00:00-04:00,6.75,6.75,5.625,5.880000114440918,151200,0.0,0.0
2025-09-23 00:00:00-04:00,5.949999809265137,6.019999980926514,5.510000228881836,5.570000171661377,42500,0.0,0.0
2025-09-24 00:00:00-04:00,5.630000114440918,5.730000019073486,5.400000095367432,5.420000076293945,34200,0.0,0.0
2025-09-25 00:00:00-04:00,5.420000076293945,5.639999866485596,5.059999942779541,5.199999809265137,128800,0.0,0.0
2025-09-26 00:00:00-04:00,5.190000057220459,5.420000076293945,5.0,5.045000076293945,30700,0.0,0.0
2025-09-29 00:00:00-04:00,5.059999942779541,5.25,4.96999979019165,5.0,54500,0.0,0.0
2025-09-30 00:00:00-04:00,5.010000228881836,5.199999809265137,4.739999771118164,5.019999980926514,48500,0.0,0.0
2025-10-01 00:00:00-04:00,4.960000038146973,5.382999897003174,4.800000190734863,5.070000171661377,36700,0.0,0.0
2025-10-02 00:00:00-04:00,5.059999942779541,5.489999771118164,4.96999979019165,5.28000020980835,49400,0.0,0.0
2025-10-03 00:00:00-04:00,5.329999923706055,5.570000171661377,5.328999996185303,5.420000076293945,30000,0.0,0.0
2025-10-06 00:00:00-04:00,5.429999828338623,5.579999923706055,5.315000057220459,5.429999828338623,28200,0.0,0.0
2025-10-07 00:00:00-04:00,5.510000228881836,5.539999961853027,5.089000225067139,5.110000133514404,70700,0.0,0.0
2025-10-08 00:00:00-04:00,5.28000020980835,5.28000020980835,5.0,5.050000190734863,66900,0.0,0.0
2025-10-09 00:00:00-04:00,5.130000114440918,5.329999923706055,4.900000095367432,4.980000019073486,72700,0.0,0.0
2025-10-10 00:00:00-04:00,5.050000190734863,5.429999828338623,4.820000171661377,4.920000076293945,94000,0.0,0.0
2025-10-13 00:00:00-04:00,4.860000133514404,5.25,4.619999885559082,4.925000190734863,104600,0.0,0.0
2025-10-14 00:00:00-04:00,4.900000095367432,5.2179999351501465,4.822999954223633,5.054999828338623,82900,0.0,0.0
2025-10-15 00:00:00-04:00,5.159999847412109,5.409999847412109,5.050000190734863,5.25,129900,0.0,0.0
2025-10-16 00:00:00-04:00,5.289999961853027,5.389999866485596,5.039999961853027,5.170000076293945,99300,0.0,0.0
2025-10-17 00:00:00-04:00,5.179999828338623,5.75,5.179999828338623,5.739999771118164,61500,0.0,0.0
2025-10-20 00:00:00-04:00,5.699999809265137,5.949999809265137,5.565999984741211,5.650000095367432,50200,0.0,0.0
2025-10-21 00:00:00-04:00,5.630000114440918,5.9070000648498535,5.449999809265137,5.539999961853027,48500,0.0,0.0
2025-10-22 00:00:00-04:00,5.449999809265137,5.610000133514404,5.449999809265137,5.519999980926514,16700,0.0,0.0
2025-10-23 00:00:00-04:00,5.550000190734863,5.610000133514404,5.460000038146973,5.559999942779541,27100,0.0,0.0
2025-10-24 00:00:00-04:00,5.650000095367432,5.769999980926514,5.429999828338623,5.670000076293945,50300,0.0,0.0
2025-10-27 00:00:00-04:00,5.699999809265137,5.809999942779541,5.519999980926514,5.590000152587891,25300,0.0,0.0
2025-10-28 00:00:00-04:00,5.590000152587891,5.650000095367432,5.440000057220459,5.599999904632568,16400,0.0,0.0
2025-10-29 00:00:00-04:00,5.539999961853027,5.659999847412109,5.28000020980835,5.28000020980835,28000,0.0,0.0
2025-10-30 00:00:00-04:00,5.25,5.756999969482422,5.25,5.570000171661377,62700,0.0,0.0
2025-10-31 00:00:00-04:00,5.53000020980835,5.619999885559082,5.360000133514404,5.610000133514404,19400,0.0,0.0
2025-11-03 00:00:00-05:00,5.389999866485596,5.7729997634887695,4.989999771118164,5.184999942779541,106700,0.0,0.0
2025-11-04 00:00:00-05:00,5.119999885559082,5.260000228881836,4.670000076293945,4.855000019073486,68200,0.0,0.0
2025-11-05 00:00:00-05:00,4.949999809265137,4.966000080108643,4.849999904632568,4.929999828338623,29800,0.0,0.0
2025-11-06 00:00:00-05:00,4.929999828338623,5.050000190734863,4.859000205993652,5.050000190734863,24300,0.0,0.0
2025-11-07 00:00:00-05:00,4.96999979019165,5.039999961853027,4.801000118255615,5.039999961853027,50400,0.0,0.0
2025-11-10 00:00:00-05:00,4.989999771118164,5.110000133514404,4.909999847412109,5.039999961853027,25800,0.0,0.0
2025-11-11 00:00:00-05:00,4.949999809265137,5.129000186920166,4.559999942779541,4.630000114440918,174800,0.0,0.0
2025-11-12 00:00:00-05:00,4.699999809265137,5.070000171661377,4.090000152587891,5.070000171661377,200600,0.0,0.0
2025-11-13 00:00:00-05:00,5.050000190734863,5.09499979019165,3.630000114440918,3.7100000381469727,124500,0.0,0.0
2025-11-14 00:00:00-05:00,3.990000009536743,4.316999912261963,3.799999952316284,4.070000171661377,85000,0.0,0.0
2025-11-17 00:00:00-05:00,4.019999980926514,4.109000205993652,3.700000047683716,3.7100000381469727,83200,0.0,0.0
2025-11-18 00:00:00-05:00,3.7100000381469727,3.818000078201294,3.680000066757202,3.7200000286102295,33700,0.0,0.0
2025-11-19 00:00:00-05:00,3.7200000286102295,3.950000047683716,3.621000051498413,3.734999895095825,41700,0.0,0.0
2025-11-20 00:00:00-05:00,3.759999990463257,3.8550000190734863,3.700000047683716,3.700000047683716,44600,0.0,0.0
2025-11-21 00:00:00-05:00,3.7200000286102295,3.7300000190734863,3.5350000858306885,3.5999999046325684,34100,0.0,0.0
2025-11-24 00:00:00-05:00,3.630000114440918,3.7890000343322754,3.625,3.7200000286102295,35900,0.0,0.0
2025-11-25 00:00:00-05:00,3.799999952316284,3.9000000953674316,3.740000009536743,3.890000104904175,9800,0.0,0.0
2025-11-26 00:00:00-05:00,3.9000000953674316,4.059999942779541,3.740000009536743,3.930000066757202,25800,0.0,0.0
2025-11-28 00:00:00-05:00,3.950000047683716,4.03000020980835,3.75,3.75,40700,0.0,0.0
2025-12-01 00:00:00-05:00,3.8299999237060547,3.950000047683716,3.509999990463257,3.509999990463257,57100,0.0,0.0
2025-12-02 00:00:00-05:00,3.5799999237060547,3.8289999961853027,3.319999933242798,3.4000000953674316,73400,0.0,0.0
2025-12-03 00:00:00-05:00,3.450000047683716,3.5,3.059999942779541,3.3399999141693115,363400,0.0,0.0
2025-12-04 00:00:00-05:00,3.3299999237060547,4.010000228881836,3.319999933242798,3.625,90400,0.0,0.0
2025-12-05 00:00:00-05:00,3.6500000953674316,4.050000190734863,3.619999885559082,3.9000000953674316,90000,0.0,0.0
2025-12-08 00:00:00-05:00,3.9000000953674316,4.480000019073486,3.9000000953674316,4.170000076293945,124300,0.0,0.0
2025-12-09 00:00:00-05:00,4.179999828338623,4.284999847412109,4.0960001945495605,4.190000057220459,10700,0.0,0.0
2025-12-10 00:00:00-05:00,4.199999809265137,4.440000057220459,4.053999900817871,4.329999923706055,50800,0.0,0.0
2025-12-11 00:00:00-05:00,4.300000190734863,4.5,4.150000095367432,4.315000057220459,62800,0.0,0.0
2025-12-12 00:00:00-05:00,4.300000190734863,4.46999979019165,4.199999809265137,4.199999809265137,46000,0.0,0.0
2025-12-15 00:00:00-05:00,4.25,4.25,3.809999942779541,3.8499999046325684,54000,0.0,0.0
2025-12-16 00:00:00-05:00,3.799999952316284,3.8299999237060547,3.4200000762939453,3.490000009536743,43900,0.0,0.0
2025-12-17 00:00:00-05:00,3.5,3.5,3.259999990463257,3.309999942779541,37200,0.0,0.0
2025-12-18 00:00:00-05:00,3.3380000591278076,3.450000047683716,3.240000009536743,3.2799999713897705,36400,0.0,0.0
2025-12-19 00:00:00-05:00,3.309999942779541,3.309999942779541,3.059999942779541,3.0999999046325684,122400,0.0,0.0
2025-12-22 00:00:00-05:00,3.119999885559082,3.1610000133514404,2.9200000762939453,3.0799999237060547,59300,0.0,0.0
2025-12-23 00:00:00-05:00,3.0899999141693115,3.240000009536743,3.0,3.240000009536743,29700,0.0,0.0
2025-12-24 00:00:00-05:00,3.364000082015991,3.364000082015991,3.1700000762939453,3.1700000762939453,4500,0.0,0.0
2025-12-26 00:00:00-05:00,3.200000047683716,3.305000066757202,3.1510000228881836,3.240000009536743,16100,0.0,0.0
2025-12-29 00:00:00-05:00,3.240000009536743,3.2720000743865967,2.759999990463257,2.9000000953674316,107800,0.0,0.0
2025-12-30 00:00:00-05:00,2.9200000762939453,3.0299999713897705,2.799999952316284,2.924999952316284,81700,0.0,0.0
2025-12-31 00:00:00-05:00,2.890000104904175,3.0899999141693115,2.759999990463257,3.0899999141693115,105000,0.0,0.0
2026-01-02 00:00:00-05:00,3.0299999713897705,3.4000000953674316,2.8299999237060547,3.299999952316284,34600,0.0,0.0
2026-01-05 00:00:00-05:00,3.440000057220459,3.630000114440918,3.255000114440918,3.490000009536743,44600,0.0,0.0
2026-01-06 00:00:00-05:00,3.509999990463257,3.6600000858306885,3.3299999237060547,3.4000000953674316,36300,0.0,0.0
2026-01-07 00:00:00-05:00,3.4140000343322754,3.5399999618530273,3.4000000953674316,3.440000057220459,6200,0.0,0.0
2026-01-08 00:00:00-05:00,3.430000066757202,3.5399999618530273,3.3499999046325684,3.450000047683716,32000,0.0,0.0
2026-01-09 00:00:00-05:00,3.549999952316284,3.6760001182556152,3.4649999141693115,3.5,19300,0.0,0.0
2026-01-12 00:00:00-05:00,3.5299999713897705,4.570000171661377,3.5299999713897705,3.890000104904175,323300,0.0,0.0
2026-01-13 00:00:00-05:00,3.9600000381469727,3.9600000381469727,3.5299999713897705,3.700000047683716,103300,0.0,0.0
2026-01-14 00:00:00-05:00,3.6700000762939453,3.9149999618530273,3.450000047683716,3.490000009536743,50000,0.0,0.0
2026-01-15 00:00:00-05:00,3.549999952316284,3.549999952316284,3.1500000953674316,3.2300000190734863,83800,0.0,0.0
2026-01-16 00:00:00-05:00,3.3399999141693115,3.7799999713897705,3.3399999141693115,3.7799999713897705,139800,0.0,0.0
2026-01-20 00:00:00-05:00,3.990000009536743,4.239999771118164,3.687000036239624,3.75,175600,0.0,0.0
2026-01-21 00:00:00-05:00,3.740000009536743,3.950000047683716,3.700000047683716,3.809999942779541,66100,0.0,0.0
2026-01-22 00:00:00-05:00,3.890000104904175,4.25,3.890000104904175,4.010000228881836,156200,0.0,0.0
2026-01-23 00:00:00-05:00,3.9600000381469727,4.111999988555908,3.759999990463257,3.9700000286102295,112300,0.0,0.0
2026-01-26 00:00:00-05:00,3.940000057220459,3.9579999446868896,3.609999895095825,3.609999895095825,58900,0.0,0.0
2026-01-27 00:00:00-05:00,3.6500000953674316,4.96999979019165,3.509999990463257,4.46999979019165,799600,0.0,0.0
2026-01-28 00:00:00-05:00,4.429999828338623,4.729000091552734,4.340000152587891,4.570000171661377,116700,0.0,0.0
2026-01-29 00:00:00-05:00,4.559999942779541,4.949999809265137,4.510000228881836,4.889999866485596,147700,0.0,0.0
2026-01-30 00:00:00-05:00,4.820000171661377,5.099999904632568,4.625999927520752,5.034999847412109,117400,0.0,0.0
2026-02-02 00:00:00-05:00,5.03000020980835,5.448999881744385,5.0,5.190000057220459,241400,0.0,0.0
2026-02-03 00:00:00-05:00,5.25,5.448999881744385,4.5,4.539999961853027,237300,0.0,0.0
2026-02-04 00:00:00-05:00,4.510000228881836,4.552999973297119,3.859999895095825,3.9100000858306885,86700,0.0,0.0
2026-02-05 00:00:00-05:00,3.8299999237060547,4.114999771118164,3.5799999237060547,3.7799999713897705,57700,0.0,0.0
2026-02-06 00:00:00-05:00,3.8399999141693115,4.159999847412109,3.7799999713897705,4.010000228881836,37000,0.0,0.0
2026-02-09 00:00:00-05:00,3.9800000190734863,4.072999954223633,3.799999952316284,3.880000114440918,46600,0.0,0.0
2026-02-10 00:00:00-05:00,3.8499999046325684,3.990000009536743,3.7799999713897705,3.7899999618530273,31000,0.0,0.0
2026-02-11 00:00:00-05:00,3.809999942779541,3.859999895095825,2.940000057220459,3.240000009536743,232100,0.0,0.0
2026-02-12 00:00:00-05:00,3.259999990463257,3.5,3.069999933242798,3.130000114440918,56900,0.0,0.0
2026-02-13 00:00:00-05:00,3.140000104904175,3.5850000381469727,3.140000104904175,3.309999942779541,43900,0.0,0.0
2026-02-17 00:00:00-05:00,3.309999942779541,3.4700000286102295,3.1600000858306885,3.3499999046325684,35700,0.0,0.0
2026-02-18 00:00:00-05:00,3.359999895095825,3.549999952316284,3.299999952316284,3.309999942779541,11800,0.0,0.0
2026-02-19 00:00:00-05:00,3.3299999237060547,3.509999990463257,2.9779999256134033,3.2799999713897705,101200,0.0,0.0
2026-02-20 00:00:00-05:00,3.2699999809265137,3.7170000076293945,3.2699999809265137,3.569999933242798,105300,0.0,0.0
2026-02-23 00:00:00-05:00,3.5399999618530273,3.555000066757202,3.140000104904175,3.259999990463257,122900,0.0,0.0
2026-02-24 00:00:00-05:00,2.7699999809265137,3.069999933242798,2.615000009536743,2.9800000190734863,270000,0.0,0.0
2026-02-25 00:00:00-05:00,3.009999990463257,3.4600000381469727,3.009999990463257,3.2300000190734863,55800,0.0,0.0
2026-02-26 00:00:00-05:00,3.4700000286102295,3.9089999198913574,3.4700000286102295,3.690000057220459,296100,0.0,0.0
2026-02-27 00:00:00-05:00,3.700000047683716,4.25,3.430000066757202,3.5850000381469727,230700,0.0,0.0
2026-03-02 00:00:00-05:00,3.559999942779541,3.684999942779541,3.359999895095825,3.490000009536743,71600,0.0,0.0
2026-03-03 00:00:00-05:00,3.440000057220459,3.440000057220459,3.130000114440918,3.2249999046325684,50600,0.0,0.0
2026-03-04 00:00:00-05:00,3.2799999713897705,3.4000000953674316,3.190000057220459,3.299999952316284,14800,0.0,0.0
2026-03-05 00:00:00-05:00,3.3299999237060547,3.440000057220459,3.299999952316284,3.380000114440918,20000,0.0,0.0
2026-03-06 00:00:00-05:00,3.359999895095825,3.4600000381469727,3.305000066757202,3.3499999046325684,55100,0.0,0.0
2026-03-09 00:00:00-04:00,3.2799999713897705,3.5899999141693115,3.2100000381469727,3.309999942779541,75500,0.0,0.0
2026-03-10 00:00:00-04:00,3.319999933242798,3.549999952316284,3.200000047683716,3.4200000762939453,98100,0.0,0.0
2026-03-11 00:00:00-04:00,3.490000009536743,3.6600000858306885,3.380000114440918,3.5,66500,0.0,0.0
2026-03-12 00:00:00-04:00,3.5,3.680000066757202,3.359999895095825,3.4200000762939453,57900,0.0,0.0
2026-03-13 00:00:00-04:00,3.4200000762939453,3.740000009536743,3.1500000953674316,3.1600000858306885,57000,0.0,0.0
2026-03-16 00:00:00-04:00,3.309999942779541,3.4200000762939453,3.1600000858306885,3.2100000381469727,33300,0.0,0.0
2026-03-17 00:00:00-04:00,3.200000047683716,3.299999952316284,3.1500000953674316,3.240000009536743,16800,0.0,0.0
2026-03-18 00:00:00-04:00,3.240000009536743,3.381999969482422,3.140000104904175,3.140000104904175,45500,0.0,0.0
2026-03-19 00:00:00-04:00,3.0899999141693115,3.1700000762939453,3.0799999237060547,3.0999999046325684,16400,0.0,0.0
2026-03-20 00:00:00-04:00,3.180000066757202,3.190000057220459,3.0,3.1500000953674316,54200,0.0,0.0
2026-03-23 00:00:00-04:00,3.130000114440918,3.25,3.0899999141693115,3.190000057220459,18000,0.0,0.0
2026-03-24 00:00:00-04:00,3.200000047683716,3.4200000762939453,3.0299999713897705,3.0299999713897705,33900,0.0,0.0
2026-03-25 00:00:00-04:00,3.049999952316284,3.25,3.049999952316284,3.0899999141693115,27900,0.0,0.0
2026-03-26 00:00:00-04:00,3.059999942779541,3.25,3.059999942779541,3.109999895095825,40400,0.0,0.0
2026-03-27 00:00:00-04:00,3.059999942779541,3.0999999046325684,2.880000114440918,2.880000114440918,59500,0.0,0.0
2026-03-30 00:00:00-04:00,2.950000047683716,3.0399999618530273,2.6500000953674316,2.680000066757202,85600,0.0,0.0
2026-03-31 00:00:00-04:00,2.7899999618530273,3.009999990463257,2.7899999618530273,2.8299999237060547,34900,0.0,0.0
2026-04-01 00:00:00-04:00,2.890000104904175,3.0199999809265137,2.8559999465942383,2.940000057220459,46100,0.0,0.0
2026-04-02 00:00:00-04:00,2.880000114440918,3.171999931335449,2.8399999141693115,3.059999942779541,24200,0.0,0.0
2026-04-06 00:00:00-04:00,3.069999933242798,3.2300000190734863,3.069999933242798,3.130000114440918,33000,0.0,0.0
2026-04-07 00:00:00-04:00,3.0899999141693115,3.240000009536743,2.75,2.7899999618530273,59300,0.0,0.0
2026-04-08 00:00:00-04:00,3.0199999809265137,3.0799999237060547,2.809999942779541,2.930000066757202,40600,0.0,0.0
2026-04-09 00:00:00-04:00,2.9200000762939453,3.059999942779541,2.9000000953674316,2.9800000190734863,75400,0.0,0.0
2026-04-10 00:00:00-04:00,2.9549999237060547,3.059999942779541,2.7690000534057617,2.7799999713897705,87500,0.0,0.0
2026-04-13 00:00:00-04:00,2.7799999713897705,2.9800000190734863,2.75,2.890000104904175,59700,0.0,0.0
2026-04-14 00:00:00-04:00,2.990000009536743,3.0,2.8299999237060547,2.890000104904175,81600,0.0,0.0
2026-04-15 00:00:00-04:00,2.9600000381469727,3.3499999046325684,2.9600000381469727,3.190000057220459,92500,0.0,0.0
2026-04-16 00:00:00-04:00,3.259999990463257,3.299999952316284,3.190000057220459,3.299999952316284,62300,0.0,0.0
2026-04-17 00:00:00-04:00,3.3499999046325684,3.75,3.3499999046325684,3.4800000190734863,151400,0.0,0.0
2026-04-20 00:00:00-04:00,3.440000057220459,3.799999952316284,3.140000104904175,3.1500000953674316,317500,0.0,0.0
2026-04-21 00:00:00-04:00,3.319999933242798,3.6500000953674316,3.109999895095825,3.1449999809265137,43300,0.0,0.0
2026-04-22 00:00:00-04:00,3.2799999713897705,4.090000152587891,3.2799999713897705,3.9000000953674316,1049900,0.0,0.0
2026-04-23 00:00:00-04:00,4.099999904632568,4.199999809265137,3.490000009536743,3.809999942779541,567400,0.0,0.0
2026-04-24 00:00:00-04:00,3.950000047683716,5.170000076293945,3.700000047683716,4.5,1710700,0.0,0.0
2026-04-27 00:00:00-04:00,4.840000152587891,4.889999866485596,3.990000009536743,4.139999866485596,816400,0.0,0.0
2026-04-28 00:00:00-04:00,4.0,4.099999904632568,3.7200000286102295,3.819999933242798,249200,0.0,0.0
2026-04-29 00:00:00-04:00,3.8499999046325684,3.9149999618530273,3.5,3.809999942779541,196800,0.0,0.0
2026-04-30 00:00:00-04:00,3.930000066757202,4.199999809265137,3.759999990463257,3.819999933242798,228900,0.0,0.0
2026-05-01 00:00:00-04:00,3.809999942779541,3.888000011444092,3.5199999809265137,3.759999990463257,245400,0.0,0.0
2026-05-04 00:00:00-04:00,3.6500000953674316,4.610000133514404,3.619999885559082,4.369999885559082,482700,0.0,0.0
2026-05-05 00:00:00-04:00,4.389999866485596,5.25,4.130000114440918,4.860000133514404,578300,0.0,0.0
2026-05-06 00:00:00-04:00,4.989999771118164,5.0,4.5,4.730000019073486,299000,0.0,0.0
2026-05-07 00:00:00-04:00,4.769999980926514,5.150000095367432,4.409999847412109,4.610000133514404,241300,0.0,0.0
2026-05-08 00:00:00-04:00,4.690000057220459,4.730000019073486,4.309999942779541,4.389999866485596,194000,0.0,0.0
2026-05-11 00:00:00-04:00,4.429999828338623,5.96999979019165,4.308000087738037,5.75,902100,0.0,0.0
2026-05-12 00:00:00-04:00,5.789999961853027,6.119999885559082,5.202000141143799,5.449999809265137,478800,0.0,0.0
2026-05-13 00:00:00-04:00,5.570000171661377,5.798999786376953,5.110000133514404,5.380000114440918,504700,0.0,0.0
2026-05-14 00:00:00-04:00,5.380000114440918,7.550000190734863,5.309999942779541,7.380000114440918,2356500,0.0,0.0
2026-05-15 00:00:00-04:00,6.179999828338623,6.460000038146973,5.199999809265137,6.119999885559082,1714600,0.0,0.0
2026-05-18 00:00:00-04:00,6.260000228881836,6.275000095367432,5.510000228881836,5.769999980926514,643500,0.0,0.0
2026-05-19 00:00:00-04:00,5.690000057220459,6.199999809265137,5.548999786376953,6.03000020980835,447800,0.0,0.0
2026-05-20 00:00:00-04:00,6.03000020980835,6.269999980926514,5.599999904632568,5.739999771118164,533900,0.0,0.0
2026-05-21 00:00:00-04:00,5.693999767303467,7.0,5.460000038146973,6.880000114440918,825000,0.0,0.0
2026-05-22 00:00:00-04:00,6.929999828338623,6.986000061035156,5.699999809265137,5.730000019073486,957500,0.0,0.0
2026-05-26 00:00:00-04:00,6.5,7.889999866485596,6.400000095367432,6.920000076293945,2747900,0.0,0.0
2026-05-27 00:00:00-04:00,8.845000267028809,9.300000190734863,7.75,8.989999771118164,8671819,0.0,0.0
