Date,Open,High,Low,Close,Volume,Dividends,Stock Splits
2022-01-03 00:00:00-05:00,146.34003404299028,146.52096171782628,144.13084785080514,145.91152954101562,34400,0.0,0.0
2022-01-04 00:00:00-05:00,146.43528138803686,150.5775259768289,146.43528138803686,148.7016143798828,51600,0.0,0.0
2022-01-05 00:00:00-05:00,147.88264341993127,150.56794846091051,143.24523199861994,143.48329162597656,39200,0.0,0.0
2022-01-06 00:00:00-05:00,141.86452337081593,142.46443842642472,131.74223544830363,132.18978881835938,70700,0.0,0.0
2022-01-07 00:00:00-05:00,131.70411781380992,132.17071995639006,127.64758662793656,130.2186279296875,73700,0.0,0.0
2022-01-10 00:00:00-05:00,129.50445661626753,133.27532806976856,127.10481114585777,132.60874938964844,76100,0.0,0.0
2022-01-11 00:00:00-05:00,133.6656883328136,136.17007976409,131.027998647937,135.57969665527344,54600,0.0,0.0
2022-01-12 00:00:00-05:00,137.16042059610655,138.0745759056499,133.16102199311644,133.5323944091797,55000,0.0,0.0
2022-01-13 00:00:00-05:00,133.47526396449038,134.2656236344499,131.95169113770584,133.5038299560547,37500,0.0,0.0
2022-01-14 00:00:00-05:00,131.9992793871943,134.4084413225655,129.52346832092584,133.44668579101562,43000,0.0,0.0
2022-01-18 00:00:00-05:00,131.47558985274742,133.14200739484275,130.91375803860643,132.08502197265625,40000,0.0,0.0
2022-01-19 00:00:00-05:00,131.77079019180286,131.77079019180286,128.561736032764,129.5711212158203,48700,0.0,0.0
2022-01-20 00:00:00-05:00,129.62824620674326,131.31369807934846,124.72420866320935,124.95275115966797,40600,0.0,0.0
2022-01-21 00:00:00-05:00,124.76232373189276,128.83790437501582,124.04814467718649,124.18145751953125,62500,0.0,0.0
2022-01-24 00:00:00-05:00,122.83878130410442,126.33349527667447,119.17266409027731,125.66693115234375,65500,0.0,0.0
2022-01-25 00:00:00-05:00,123.5148687362301,123.5148687362301,118.58226549072674,120.9819107055664,50300,0.0,0.0
2022-01-26 00:00:00-05:00,122.31505066766798,123.3625189859465,116.87776889325865,118.5537109375,47400,0.0,0.0
2022-01-27 00:00:00-05:00,118.94412775415083,120.9628689491238,114.53525835908374,115.45893096923828,44900,0.0,0.0
2022-01-28 00:00:00-05:00,114.92567322445925,116.46829502988591,112.6307748257638,116.26832580566406,40300,0.0,0.0
2022-01-31 00:00:00-05:00,115.70652170262927,120.23917249702333,115.67795570520731,120.22013092041016,76600,0.0,0.0
2022-02-01 00:00:00-05:00,121.01999805011316,122.86734322629839,119.66782100558765,121.97223663330078,73700,0.0,0.0
2022-02-02 00:00:00-05:00,122.18174045688481,122.18174045688481,117.78240248587048,119.23932647705078,50200,0.0,0.0
2022-02-03 00:00:00-05:00,118.58227959957173,120.21060684230564,117.76335376778681,118.40135192871094,39900,0.0,0.0
2022-02-04 00:00:00-05:00,117.36341651956445,119.97254845099083,116.39213626910798,119.25836944580078,46200,0.0,0.0
2022-02-07 00:00:00-05:00,118.84890634938152,120.74386653781336,117.73478884653765,118.97270202636719,39700,0.0,0.0
2022-02-08 00:00:00-05:00,119.93444483526173,123.77196510515404,119.93444483526173,123.62913513183594,54400,0.0,0.0
2022-02-09 00:00:00-05:00,125.03845565964932,125.54314098519133,123.32442317195529,124.04813385009766,44800,0.0,0.0
2022-02-10 00:00:00-05:00,121.67704296618055,124.93369712271856,120.75337039350664,121.57229614257812,44900,0.0,0.0
2022-02-11 00:00:00-05:00,121.18086014715873,123.18574174165863,120.69395793809305,122.03054809570312,41900,0.33,0.0
2022-02-14 00:00:00-05:00,122.73705337333146,123.32896668411668,120.77036050541336,122.47927856445312,66600,0.0,0.0
2022-02-15 00:00:00-05:00,123.25258641829909,125.99258877676232,122.98526982565204,125.04742431640625,39000,0.0,0.0
2022-02-16 00:00:00-05:00,124.59871297720574,127.75880304189693,124.20729446874343,126.97593688964844,61700,0.0,0.0
2022-02-17 00:00:00-05:00,125.50569381893982,126.02122879971294,123.51034662485479,125.04742431640625,68200,0.0,0.0
2022-02-18 00:00:00-05:00,124.2073101953753,126.06898478774725,121.93510427010584,125.6011734008789,164100,0.0,0.0
2022-02-22 00:00:00-05:00,125.629806789182,126.68953143463507,122.75614588140817,123.29077911376953,68700,0.0,0.0
2022-02-23 00:00:00-05:00,124.88512789410397,124.88512789410397,120.45529127595674,120.99947357177734,37900,0.0,0.0
2022-02-24 00:00:00-05:00,118.7559311750061,124.52235155047866,118.66046198963268,123.47218322753906,67800,0.0,0.0
2022-02-25 00:00:00-05:00,127.15736293625667,129.39137268287837,123.11895846079972,125.98307800292969,73200,0.0,0.0
2022-02-28 00:00:00-05:00,124.23593661764342,127.89246352822694,124.23593661764342,125.26702117919922,42300,0.0,0.0
2022-03-01 00:00:00-05:00,125.5247966064423,127.42466763543717,121.89691656386898,123.39580535888672,52400,0.0,0.0
2022-03-02 00:00:00-05:00,124.45552619169746,128.6466866815858,123.77767824171086,127.67288208007812,31900,0.0,0.0
2022-03-03 00:00:00-05:00,128.74217147691294,129.50592498792693,127.52014837809321,128.92355346679688,36400,0.0,0.0
2022-03-04 00:00:00-05:00,127.21465286059794,131.37717416729865,126.3554227583997,131.09075927734375,42100,0.0,0.0
2022-03-07 00:00:00-05:00,131.19576828370688,132.23639489469096,129.77325032396806,130.74705505371094,48000,0.0,0.0
2022-03-08 00:00:00-05:00,131.20528780842855,136.4275327529361,128.2552486579762,134.98593139648438,56900,0.0,0.0
2022-03-09 00:00:00-05:00,135.99793721356497,138.6711183114144,135.67334050170902,137.57321166992188,53400,0.0,0.0
2022-03-10 00:00:00-05:00,135.76875524587078,136.52296662374272,134.41305982069701,136.03607177734375,112900,0.0,0.0
2022-03-11 00:00:00-05:00,137.4108842096216,140.1986396978942,135.81652628076276,140.04588317871094,65200,0.0,0.0
2022-03-14 00:00:00-04:00,140.18907171409853,141.00057790842567,135.03366344326216,136.62802124023438,71500,0.0,0.0
2022-03-15 00:00:00-04:00,137.28676357090401,137.28676357090401,134.94773613943937,136.9144287109375,33300,0.0,0.0
2022-03-16 00:00:00-04:00,139.1293367638252,142.11757196714885,138.43240528512797,141.47792053222656,53600,0.0,0.0
2022-03-17 00:00:00-04:00,140.15092935606475,142.62361591082043,140.15092935606475,142.40403747558594,39700,0.0,0.0
2022-03-18 00:00:00-04:00,142.21308076924535,143.16778722976812,140.12227128987413,142.86227416992188,114900,0.0,0.0
2022-03-21 00:00:00-04:00,143.0054597656611,145.91731708759926,143.0054597656611,145.51634216308594,44400,0.0,0.0
2022-03-22 00:00:00-04:00,146.17507758589633,148.38998855716517,146.17507758589633,147.989013671875,59000,0.0,0.0
2022-03-23 00:00:00-04:00,146.70018149757595,148.9341908643014,146.48058854796903,146.75746154785156,58000,0.0,0.0
2022-03-24 00:00:00-04:00,146.52833502910806,148.3900096061976,145.1917518885473,148.1895294189453,31000,0.0,0.0
2022-03-25 00:00:00-04:00,147.42573948901915,150.48079661925607,147.42573948901915,149.44017028808594,44300,0.0,0.0
2022-03-28 00:00:00-04:00,149.24924468812142,149.24924468812142,145.99369255486192,147.8458251953125,58000,0.0,0.0
2022-03-29 00:00:00-04:00,148.92463125925968,149.7838610461026,147.13932068879814,147.4257354736328,50800,0.0,0.0
2022-03-30 00:00:00-04:00,147.654912330199,148.49504415297162,146.28013262499715,147.6739959716797,43300,0.0,0.0
2022-03-31 00:00:00-04:00,148.54274112180906,151.72191466489014,148.54274112180906,149.89842224121094,69800,0.0,0.0
2022-04-01 00:00:00-04:00,150.36624316348096,151.86513905606458,144.79076183384856,145.74546813964844,93700,0.0,0.0
2022-04-04 00:00:00-04:00,146.07008425692445,146.53789565347887,141.13425374616637,142.146240234375,135100,0.0,0.0
2022-04-05 00:00:00-04:00,146.7956621950602,146.7956621950602,139.38714520132183,139.53990173339844,95400,0.0,0.0
2022-04-06 00:00:00-04:00,138.50882219885338,141.48750184796896,137.45863921093942,139.16757202148438,62200,0.0,0.0
2022-04-07 00:00:00-04:00,140.48504938084534,141.6116105757749,138.29877800314833,140.20819091796875,78300,0.0,0.0
2022-04-08 00:00:00-04:00,140.47548163104156,143.18684397337174,138.45150897657842,138.690185546875,73900,0.0,0.0
2022-04-11 00:00:00-04:00,139.21527590619937,141.63068161468382,138.59470808732834,140.3513641357422,107700,0.0,0.0
2022-04-12 00:00:00-04:00,141.61158627460443,144.34204685694513,140.7141600278148,144.17974853515625,57800,0.0,0.0
2022-04-13 00:00:00-04:00,143.57830351399795,144.71440652887958,141.64025057131676,142.28944396972656,45600,0.0,0.0
2022-04-14 00:00:00-04:00,141.92665660646253,143.4255380759637,140.1031638902547,140.25592041015625,41600,0.0,0.0
2022-04-18 00:00:00-04:00,140.80963936156488,142.5949355053857,139.5971582649989,140.73326110839844,36400,0.0,0.0
2022-04-19 00:00:00-04:00,141.34430705217844,145.3922534840081,141.34430705217844,145.0390167236328,69100,0.0,0.0
2022-04-20 00:00:00-04:00,146.89109327458635,147.02475155693168,142.614013671875,142.614013671875,68500,0.0,0.0
2022-04-21 00:00:00-04:00,144.19882716843895,145.76454485286877,142.54718941680747,143.8264923095703,64500,0.0,0.0
2022-04-22 00:00:00-04:00,142.69043344554137,143.96018021356238,138.44197805857715,138.5183563232422,56600,0.0,0.0
2022-04-25 00:00:00-04:00,137.28679076214547,137.28679076214547,131.69221036864008,134.3558349609375,58200,0.0,0.0
2022-04-26 00:00:00-04:00,132.93332711017888,133.85939350260898,128.4843916985796,128.5416717529297,46300,0.0,0.0
2022-04-27 00:00:00-04:00,127.77790398454948,132.16000296392895,127.73972213745347,129.86871337890625,50700,0.0,0.0
2022-04-28 00:00:00-04:00,130.6515706584704,131.7017389095756,127.59649866484067,130.670654296875,39900,0.0,0.0
2022-04-29 00:00:00-04:00,129.73503709289943,131.67308969510353,128.46527597978954,129.02854919433594,51800,0.0,0.0
2022-05-02 00:00:00-04:00,128.13111370016455,131.1479739426371,126.13576685468111,129.07626342773438,62000,0.0,0.0
2022-05-03 00:00:00-04:00,128.40802651214457,131.3103279135013,127.70153844533904,130.14559936523438,42700,0.0,0.0
2022-05-04 00:00:00-04:00,130.66113454559334,133.75438890612818,129.1049582606794,133.37249755859375,35100,0.0,0.0
2022-05-05 00:00:00-04:00,132.150479610918,132.150479610918,125.85896690894906,127.6156234741211,101000,0.0,0.0
2022-05-06 00:00:00-04:00,127.55832620151837,127.55832620151837,121.6582401955909,122.64159393310547,70700,0.0,0.0
2022-05-09 00:00:00-04:00,120.90401429198985,121.25725827158897,116.8274212909775,119.39557647705078,62300,0.0,0.0
2022-05-10 00:00:00-04:00,120.76080687951283,120.76080687951283,116.96107960026764,119.39557647705078,105800,0.0,0.0
2022-05-11 00:00:00-04:00,119.9397567882494,121.17132886058549,115.99682216323401,116.0350112915039,45100,0.0,0.0
2022-05-12 00:00:00-04:00,114.69841796300717,119.834735398893,114.56475965944432,119.48149871826172,70900,0.0,0.0
2022-05-13 00:00:00-04:00,123.92089788299934,123.92089788299934,120.29301052505996,121.371826171875,59600,0.0,0.0
2022-05-16 00:00:00-04:00,121.24739698389962,123.40107699619362,119.94561648113438,122.27159118652344,55400,0.33,0.0
2022-05-17 00:00:00-04:00,125.01872786379197,125.0474424278195,121.80256524251698,122.65446472167969,121500,0.0,0.0
2022-05-18 00:00:00-04:00,121.43882823814853,121.43882823814853,118.19395124047671,119.37129211425781,90600,0.0,0.0
2022-05-19 00:00:00-04:00,118.81612362932493,121.83127692838846,118.4523936555883,120.10833740234375,71800,0.0,0.0
2022-05-20 00:00:00-04:00,121.3335288169175,121.3335288169175,114.4991859082953,117.46647644042969,102200,0.0,0.0
2022-05-23 00:00:00-04:00,119.53402185348843,121.16125110399751,118.95970865445696,120.165771484375,42800,0.0,0.0
2022-05-24 00:00:00-04:00,120.32849280507348,121.34311303840063,118.80656245508276,120.6060791015625,70900,0.0,0.0
2022-05-25 00:00:00-04:00,120.58693849270986,121.38140155889448,118.0982357801293,120.6060791015625,41500,0.0,0.0
2022-05-26 00:00:00-04:00,120.85494842218912,121.48669074076234,120.23277275645707,120.40506744384766,54900,0.0,0.0
2022-05-27 00:00:00-04:00,121.97485413214467,122.4151611328125,120.60607065717787,122.4151611328125,116700,0.0,0.0
2022-05-31 00:00:00-04:00,122.86505069117993,123.40107537251676,119.83075664423052,120.6060791015625,160100,0.0,0.0
2022-06-01 00:00:00-04:00,121.37182658597708,125.74618203641202,120.16576383285474,124.06153106689453,110900,0.0,0.0
2022-06-02 00:00:00-04:00,125.04742865502075,129.6036524476781,124.61669563647213,129.24949645996094,42500,0.0,0.0
2022-06-03 00:00:00-04:00,126.77039266178575,128.9336393075401,126.10992846047043,126.24393463134766,54700,0.0,0.0
2022-06-06 00:00:00-04:00,127.69887505713565,128.502912119247,127.03841082555209,128.12960815429688,34900,0.0,0.0
2022-06-07 00:00:00-04:00,126.54065360185822,129.17292898338755,126.54065360185822,128.66561889648438,39600,0.0,0.0
2022-06-08 00:00:00-04:00,129.93868362958682,129.93868362958682,124.41568724136829,124.84642028808594,64000,0.0,0.0
2022-06-09 00:00:00-04:00,124.43483226166722,124.43483226166722,120.06046960427244,120.6539306640625,35100,0.0,0.0
2022-06-10 00:00:00-04:00,118.1843751136875,119.17028068504543,116.85388019467989,118.4811019897461,47700,0.0,0.0
2022-06-13 00:00:00-04:00,115.82011800781368,116.6720174651357,113.81959220210797,115.08308410644531,66100,0.0,0.0
2022-06-14 00:00:00-04:00,114.71934783456692,116.35614368159204,112.49866485288045,114.4896240234375,50300,0.0,0.0
2022-06-15 00:00:00-04:00,115.49467902166047,118.69169371808333,114.80550027678676,116.6720199584961,53300,0.0,0.0
2022-06-16 00:00:00-04:00,115.08308049505771,115.08308049505771,111.7711931121447,113.39842224121094,62700,0.0,0.0
2022-06-17 00:00:00-04:00,114.66191037572018,116.98788478990788,114.03973476728217,114.22160339355469,116800,0.0,0.0
2022-06-21 00:00:00-04:00,115.08309203253724,117.01661488946745,114.36519868965706,115.7818374633789,56100,0.0,0.0
2022-06-22 00:00:00-04:00,114.93950586241633,115.37981287990654,112.53695422306976,114.67149353027344,74900,0.0,0.0
2022-06-23 00:00:00-04:00,115.77223762085696,115.77223762085696,112.97724191686974,114.62361145019531,64900,0.0,0.0
2022-06-24 00:00:00-04:00,115.74355506058029,118.45240783691406,115.10223872637508,118.45240783691406,97100,0.0,0.0
2022-06-27 00:00:00-04:00,119.7733105929739,120.13704785705912,118.40452713209848,119.37129211425781,40200,0.0,0.0
2022-06-28 00:00:00-04:00,119.90730571363443,120.12746284282778,116.44227918828653,116.73900604248047,34200,0.0,0.0
2022-06-29 00:00:00-04:00,116.03070715470412,117.61964059481541,112.99641309829536,116.53801727294922,33800,0.0,0.0
2022-06-30 00:00:00-04:00,122.52044944150676,129.89081730710726,117.10274481242695,127.13411712646484,123000,0.0,0.0
2022-07-01 00:00:00-04:00,128.51246354895358,134.07375575036838,128.51246354895358,132.9825439453125,87800,0.0,0.0
2022-07-05 00:00:00-04:00,131.1064586569615,131.14473987232398,124.02325076322784,126.23435974121094,99800,0.0,0.0
2022-07-06 00:00:00-04:00,127.30641113502598,128.88577054371865,124.8177085337648,127.29684448242188,44000,0.0,0.0
2022-07-07 00:00:00-04:00,128.83792276440306,133.2027116694507,128.83792276440306,132.66668701171875,74600,0.0,0.0
2022-07-08 00:00:00-04:00,132.69539593019945,132.69539593019945,127.67014306937439,129.1442108154297,44400,0.0,0.0
2022-07-11 00:00:00-04:00,129.14420178073695,131.90091640246197,128.29230241576983,129.21121215820312,72200,0.0,0.0
2022-07-12 00:00:00-04:00,127.81372676182266,129.65153192614673,122.94162755492371,123.2000732421875,56400,0.0,0.0
2022-07-13 00:00:00-04:00,122.70231458115357,125.25801275587496,122.12799414849863,124.67412567138672,41400,0.0,0.0
2022-07-14 00:00:00-04:00,122.50131081349558,123.00861358642578,119.12242035481434,123.00861358642578,42700,0.0,0.0
2022-07-15 00:00:00-04:00,125.79404037140118,126.04290477518254,123.89880626734146,125.05699920654297,61800,0.0,0.0
2022-07-18 00:00:00-04:00,125.89933408905642,126.09076937254476,123.76480219728847,124.38697052001953,58500,0.0,0.0
2022-07-19 00:00:00-04:00,126.11950472496022,130.35028799145235,126.11950472496022,130.25457763671875,60300,0.0,0.0
2022-07-20 00:00:00-04:00,130.6087051825276,132.0636395492417,129.65151421071636,131.66162109375,63600,0.0,0.0
2022-07-21 00:00:00-04:00,132.06364568637082,134.74378345310595,130.77143197214514,134.67677307128906,74300,0.0,0.0
2022-07-22 00:00:00-04:00,135.6435372461634,135.6435372461634,131.27873420380263,133.37498474121094,56700,0.0,0.0
2022-07-25 00:00:00-04:00,134.57148789553915,136.1795764745308,133.7387363454189,135.78712463378906,45900,0.0,0.0
2022-07-26 00:00:00-04:00,134.98306722162826,138.33323543154341,134.4661759472626,138.3236541748047,64900,0.0,0.0
2022-07-27 00:00:00-04:00,138.3428056158531,141.3196700283413,137.08888781929573,140.26675415039062,63400,0.0,0.0
2022-07-28 00:00:00-04:00,139.74032418935352,144.8230062385525,139.74032418935352,143.70309448242188,53900,0.0,0.0
2022-07-29 00:00:00-04:00,142.64061449659818,149.08250617968045,142.64061449659818,147.369140625,71500,0.0,0.0
2022-08-01 00:00:00-04:00,148.37418452603427,152.24124468069132,146.81397299245018,151.9349365234375,67800,0.0,0.0
2022-08-02 00:00:00-04:00,150.68104866733393,151.52338166261356,147.7520457044858,149.14955139160156,69400,0.0,0.0
2022-08-03 00:00:00-04:00,150.34601557621247,151.1021901312748,148.3071938256811,150.77674865722656,86500,0.0,0.0
2022-08-04 00:00:00-04:00,151.7434780261291,153.98330131266218,149.70465665718064,153.9163055419922,54800,0.0,0.0
2022-08-05 00:00:00-04:00,151.3223006687062,155.4669388757593,151.3223006687062,153.79185485839844,41800,0.0,0.0
2022-08-08 00:00:00-04:00,154.9500694910869,156.13697687426722,152.41350481122487,153.69615173339844,42900,0.0,0.0
2022-08-09 00:00:00-04:00,153.3228097232161,153.3228097232161,150.4703853331471,152.7389373779297,47000,0.0,0.0
2022-08-10 00:00:00-04:00,155.6871163043709,157.93652108324147,155.6871163043709,157.56321716308594,40700,0.0,0.0
2022-08-11 00:00:00-04:00,158.54912499655168,159.8509054092573,156.7400344956041,158.28111267089844,40600,0.0,0.0
2022-08-12 00:00:00-04:00,158.60655601473619,161.75572278709348,155.7158349186191,161.4207000732422,44700,0.0,0.0
2022-08-15 00:00:00-04:00,157.57279525660425,160.8081058699146,157.38135995644598,160.6358184814453,59300,0.0,0.0
2022-08-16 00:00:00-04:00,159.20667181607533,161.34553672478322,156.789649827379,157.4706268310547,90000,0.34,0.0
2022-08-17 00:00:00-04:00,155.5715544292533,157.4130902200305,155.55236764860888,156.43478393554688,41300,0.0,0.0
2022-08-18 00:00:00-04:00,156.93358750483327,158.83268441631347,155.6771236090518,158.09414672851562,50000,0.0,0.0
2022-08-19 00:00:00-04:00,157.3651758859825,159.3122173968731,156.060752617261,158.6312255859375,39600,0.0,0.0
2022-08-22 00:00:00-04:00,156.3868510933969,157.2117071797141,153.14497246469452,154.02737426757812,75400,0.0,0.0
2022-08-23 00:00:00-04:00,155.37013336700008,159.01483112714334,155.2166684032484,158.9285125732422,54000,0.0,0.0
2022-08-24 00:00:00-04:00,158.468151682348,161.11535677204824,157.87349316917235,160.3672332763672,52300,0.0,0.0
2022-08-25 00:00:00-04:00,160.6453928133086,164.67375353595844,159.90685537966777,162.07449340820312,58800,0.0,0.0
2022-08-26 00:00:00-04:00,161.8443046933441,161.8443046933441,155.87848900064975,156.15663146972656,39600,0.0,0.0
2022-08-29 00:00:00-04:00,153.950602239004,156.56904875229208,153.950602239004,156.03192138671875,27000,0.0,0.0
2022-08-30 00:00:00-04:00,156.8759928466592,157.47065138799368,153.423118388141,154.93853759765625,50300,0.0,0.0
2022-08-31 00:00:00-04:00,155.49481821210506,156.30050199236518,153.2696346731668,153.80674743652344,49900,0.0,0.0
2022-09-01 00:00:00-04:00,152.636628464203,153.52863095334592,149.48108312807653,152.5886688232422,46800,0.0,0.0
2022-09-02 00:00:00-04:00,153.8930994432447,154.06575123197823,150.01820321165778,151.0732421875,26300,0.0,0.0
2022-09-06 00:00:00-04:00,152.14746712624805,152.14746712624805,148.1670513026966,149.4043426513672,39000,0.0,0.0
2022-09-07 00:00:00-04:00,149.51940941341277,155.0632031607627,149.0973880814665,155.01524353027344,48500,0.0,0.0
2022-09-08 00:00:00-04:00,153.4039550820074,154.37267553714491,151.65832348546132,153.50946044921875,31900,0.0,0.0
2022-09-09 00:00:00-04:00,154.6028489552694,157.01027060513238,153.864311499924,154.0177764892578,37900,0.0,0.0
2022-09-12 00:00:00-04:00,155.3797399520874,155.3797399520874,151.389738179135,153.4614715576172,52800,0.0,0.0
2022-09-13 00:00:00-04:00,151.6391220217706,151.9652241354833,148.09991450202722,148.40682983398438,56800,0.0,0.0
2022-09-14 00:00:00-04:00,147.70665840774484,147.70665840774484,144.80048311768323,147.1983184814453,56700,0.0,0.0
2022-09-15 00:00:00-04:00,146.2679472772081,148.675368550598,145.06902967657524,145.95143127441406,44600,0.0,0.0
2022-09-16 00:00:00-04:00,144.13869426485238,145.0306967298097,142.06696076742946,144.95396423339844,170400,0.0,0.0
2022-09-19 00:00:00-04:00,143.5919882657755,148.01359753610296,143.5919882657755,147.61074829101562,28100,0.0,0.0
2022-09-20 00:00:00-04:00,146.3447040654944,146.37347692187035,144.57029986776652,145.0019073486328,41900,0.0,0.0
2022-09-21 00:00:00-04:00,146.86261114567128,148.93434434850226,145.8267445442558,146.5077362060547,54900,0.0,0.0
2022-09-22 00:00:00-04:00,145.34717783494364,146.507736557484,141.25168568752375,142.37387084960938,38700,0.0,0.0
2022-09-23 00:00:00-04:00,141.05030672967376,141.05030672967376,136.57115070429506,138.06739807128906,42900,0.0,0.0
2022-09-26 00:00:00-04:00,137.77960610356826,139.78420747340837,135.89011077642178,136.27377319335938,56800,0.0,0.0
2022-09-27 00:00:00-04:00,138.68120439433974,140.4076488058045,136.58069824665978,136.99313354492188,51000,0.0,0.0
2022-09-28 00:00:00-04:00,137.79880226382264,139.8321619887254,136.80130918233044,139.01690673828125,62900,0.0,0.0
2022-09-29 00:00:00-04:00,138.15371064791293,138.15371064791293,135.5736514407756,137.3384552001953,43900,0.0,0.0
2022-09-30 00:00:00-04:00,138.0577757213536,140.79129934352625,137.2233336709845,137.42474365234375,52800,0.0,0.0
2022-10-03 00:00:00-04:00,139.34302680207986,145.57739961199064,138.85387358875343,145.03070068359375,59900,0.0,0.0
2022-10-04 00:00:00-04:00,147.20791391026407,151.51443176596996,146.7858925177836,148.66580200195312,50400,0.0,0.0
2022-10-05 00:00:00-04:00,146.25839200267973,149.46189699367812,145.92268914972382,148.3684844970703,39800,0.0,0.0
2022-10-06 00:00:00-04:00,148.30134278121176,149.154971734306,146.4406198725005,147.25588989257812,35700,0.0,0.0
2022-10-07 00:00:00-04:00,146.40224947217362,147.2558783584053,144.63744598707862,145.443115234375,42200,0.0,0.0
2022-10-10 00:00:00-04:00,146.85305303860542,147.46689840427752,144.71418765067062,146.9105987548828,38900,0.0,0.0
2022-10-11 00:00:00-04:00,147.63951319554891,147.63951319554891,143.77420372848974,144.20582580566406,55400,0.0,0.0
2022-10-12 00:00:00-04:00,144.2058336519109,144.2058336519109,141.17496605005772,141.19415283203125,43800,0.0,0.0
2022-10-13 00:00:00-04:00,138.49900093612555,145.38559351011355,136.98358146936192,143.87974548339844,54000,0.0,0.0
2022-10-14 00:00:00-04:00,145.33762644497412,147.035298337202,141.53946262619326,142.67123413085938,51800,0.0,0.0
2022-10-17 00:00:00-04:00,143.87014789547825,152.98192392885855,143.87014789547825,151.73504638671875,112200,0.0,0.0
2022-10-18 00:00:00-04:00,153.4614178836157,156.2237280887916,150.9964368339539,152.55982971191406,66900,0.0,0.0
2022-10-19 00:00:00-04:00,151.10198975338014,153.51901194446452,150.58406374433216,152.59825134277344,72000,0.0,0.0
2022-10-20 00:00:00-04:00,153.04903713576633,159.51359167814744,147.4285106592147,150.55528259277344,79400,0.0,0.0
2022-10-21 00:00:00-04:00,150.19080132078318,153.44226525025172,147.23666661298608,150.440185546875,171700,0.0,0.0
2022-10-24 00:00:00-04:00,150.44018620406095,152.627010734218,149.77838134765625,149.77838134765625,67300,0.0,0.0
2022-10-25 00:00:00-04:00,149.34679271481303,152.83804061724769,148.81926597779136,150.91017150878906,59100,0.0,0.0
2022-10-26 00:00:00-04:00,152.3200889976154,154.813843592226,150.60324534267932,152.8763885498047,64600,0.0,0.0
2022-10-27 00:00:00-04:00,154.2863184574777,156.4251834933626,151.18831928089858,152.08030700683594,56400,0.0,0.0
2022-10-28 00:00:00-04:00,153.47106465937827,158.87099512038344,152.2146011450946,157.74880981445312,102600,0.0,0.0
2022-10-31 00:00:00-04:00,158.90934817364706,162.67875321232268,158.46815463475696,162.3814239501953,84200,0.0,0.0
2022-11-01 00:00:00-04:00,163.45561817711982,163.45561817711982,157.98855718197188,159.21624755859375,57900,0.0,0.0
2022-11-02 00:00:00-04:00,158.00775692865818,162.53487105222047,156.6170007752496,157.59532165527344,67900,0.0,0.0
2022-11-03 00:00:00-04:00,155.90726642241344,157.61452411976978,153.99858410448076,155.04403686523438,46500,0.0,0.0
2022-11-04 00:00:00-04:00,157.355560265308,157.57615704151243,153.96981758629977,156.5211181640625,57200,0.0,0.0
2022-11-07 00:00:00-05:00,156.52111085181022,158.45856601401914,155.43728453353262,157.81593322753906,45200,0.0,0.0
2022-11-08 00:00:00-05:00,159.11079115711678,162.55407984042827,157.8447414698278,160.48236083984375,55300,0.0,0.0
2022-11-09 00:00:00-05:00,158.64080448566583,161.58535375811474,155.90728056143178,156.4539794921875,61500,0.0,0.0
2022-11-10 00:00:00-05:00,162.4773316853108,163.05281807377958,160.8276196492756,162.59243774414062,85400,0.0,0.0
2022-11-11 00:00:00-05:00,162.9568989904097,166.0549130748462,161.1153630344448,161.6237030029297,75600,0.0,0.0
2022-11-14 00:00:00-05:00,161.09618164133022,163.52278992074216,160.06990105446678,160.68374633789062,62800,0.0,0.0
2022-11-15 00:00:00-05:00,161.85627668882358,163.76882584255017,158.85768247408052,161.76016235351562,58300,0.34,0.0
2022-11-16 00:00:00-05:00,160.8087034222747,163.35557208063454,160.73181488438226,161.38534545898438,74400,0.0,0.0
2022-11-17 00:00:00-05:00,159.25171514638842,164.3742978196638,158.00230223449418,164.35507202148438,56800,0.0,0.0
2022-11-18 00:00:00-05:00,166.87315167320045,171.73623821536307,164.9413619188309,167.95916748046875,90500,0.0,0.0
2022-11-21 00:00:00-05:00,169.85249081020882,170.48681021644003,167.70927608732399,169.4296112060547,72600,0.0,0.0
2022-11-22 00:00:00-05:00,170.55406983581273,170.6790008544922,163.72075813316073,170.6790008544922,103300,0.0,0.0
2022-11-23 00:00:00-05:00,171.7939134429969,175.95541251864574,171.7939134429969,174.29273986816406,69900,0.0,0.0
2022-11-25 00:00:00-05:00,174.89817297109906,175.2633898151719,170.67901212584158,171.2845001220703,27300,0.0,0.0
2022-11-28 00:00:00-05:00,169.6314549476707,171.84195276100647,167.22874312121644,168.3147735595703,36900,0.0,0.0
2022-11-29 00:00:00-05:00,169.69874690309635,169.69874690309635,166.14272147967077,167.2383575439453,55500,0.0,0.0
2022-11-30 00:00:00-05:00,167.68043117552725,169.66026310324403,162.68279419328363,169.621826171875,79800,0.0,0.0
2022-12-01 00:00:00-05:00,170.2177103906416,171.5440119584285,167.01729660640922,169.91015625,50800,0.0,0.0
2022-12-02 00:00:00-05:00,168.40125596535594,171.83232058935096,166.59441210460372,170.32342529296875,51300,0.0,0.0
2022-12-05 00:00:00-05:00,168.67035575845057,168.67035575845057,162.68280250638423,163.08645629882812,57700,0.0,0.0
2022-12-06 00:00:00-05:00,161.0297147864525,165.07587241651362,161.0297147864525,163.34593200683594,58800,0.0,0.0
2022-12-07 00:00:00-05:00,164.63382632237483,165.9601133512169,162.21188856211324,165.864013671875,62700,0.0,0.0
2022-12-08 00:00:00-05:00,167.2671902418812,167.29603627734497,163.3940197150187,166.01779174804688,68900,0.0,0.0
2022-12-09 00:00:00-05:00,165.8255273114727,167.12299736305627,164.34546350791382,165.1143341064453,66300,0.0,0.0
2022-12-12 00:00:00-05:00,164.44160046764713,166.07544154880952,163.63427816231757,165.12396240234375,56800,0.0,0.0
2022-12-13 00:00:00-05:00,169.9390107315902,170.8616438694094,164.63381886166724,165.89283752441406,100400,0.0,0.0
2022-12-14 00:00:00-05:00,165.78710956410868,167.92071875604586,161.42379150991493,161.76016235351562,92100,0.0,0.0
2022-12-15 00:00:00-05:00,160.17436599324895,160.17436599324895,156.23391319252477,158.17530822753906,118500,0.0,0.0
2022-12-16 00:00:00-05:00,155.6476474929975,159.4343231501606,155.6476474929975,158.93455505371094,296800,0.0,0.0
2022-12-19 00:00:00-05:00,159.07873654979906,160.47230636960003,157.42566976638375,159.32861328125,72200,0.0,0.0
2022-12-20 00:00:00-05:00,159.07873678019277,160.52996933512364,158.09842632233182,159.3862762451172,65200,0.0,0.0
2022-12-21 00:00:00-05:00,161.11623408794236,163.3843945041286,159.6361701432645,162.5001983642578,84500,0.0,0.0
2022-12-22 00:00:00-05:00,162.2887565246665,162.48097052396554,155.73415209415623,156.7336883544922,86700,0.0,0.0
2022-12-23 00:00:00-05:00,157.05084387818138,159.0979441805371,155.50349702772212,158.751953125,73400,0.0,0.0
2022-12-27 00:00:00-05:00,159.3766843129997,161.39495346951307,158.24259669315848,160.41465759277344,56900,0.0,0.0
2022-12-28 00:00:00-05:00,161.3468914982736,161.85626517619983,156.48380564336284,156.99317932128906,74000,0.0,0.0
2022-12-29 00:00:00-05:00,158.75195831530706,161.00090758232017,157.23345744606812,159.65538024902344,47500,0.0,0.0
2022-12-30 00:00:00-05:00,159.30939487265786,159.5881176485415,155.34973059449345,156.5126495361328,45100,0.0,0.0
2023-01-03 00:00:00-05:00,158.0311371968522,158.59818826865072,150.15024623739956,151.5918731689453,107000,0.0,0.0
2023-01-04 00:00:00-05:00,152.04358594511422,153.68704711946336,149.32371467504353,150.54429626464844,123700,0.0,0.0
2023-01-05 00:00:00-05:00,155.07103977103287,163.29792338823597,151.8706255978236,155.56118774414062,177600,0.0,0.0
2023-01-06 00:00:00-05:00,157.88701181990024,159.85723861846841,143.499571003977,144.56637573242188,203700,0.0,0.0
2023-01-09 00:00:00-05:00,145.85418802601862,146.80566702294385,140.0973008782717,143.29771423339844,194700,0.0,0.0
2023-01-10 00:00:00-05:00,143.55719949969046,146.63268189791788,143.1247143702481,143.83592224121094,139900,0.0,0.0
2023-01-11 00:00:00-05:00,145.19107951731658,149.73700625656548,144.31648887946207,149.612060546875,112800,0.0,0.0
2023-01-12 00:00:00-05:00,149.89076992226626,151.6687677430406,147.89171207105375,151.2939453125,108700,0.0,0.0
2023-01-13 00:00:00-05:00,151.25548720502596,153.3218130673407,149.6408575775777,152.92776489257812,66200,0.0,0.0
2023-01-17 00:00:00-05:00,153.18728384525267,154.7826879053911,150.0733642578125,150.0733642578125,81500,0.0,0.0
2023-01-18 00:00:00-05:00,150.47706411221003,152.51455932996268,145.64279375717956,145.9119110107422,95200,0.0,0.0
2023-01-19 00:00:00-05:00,144.94117098438917,146.55580079170736,138.16552139677955,138.38658142089844,94500,0.0,0.0
2023-01-20 00:00:00-05:00,140.0684805835699,141.3082733154297,137.67537455278557,141.3082733154297,137300,0.0,0.0
2023-01-23 00:00:00-05:00,141.89455112706068,145.1334020240435,141.89455112706068,144.11465454101562,120400,0.0,0.0
2023-01-24 00:00:00-05:00,143.88401775520106,147.02675462115897,143.73984623030054,145.31602478027344,76000,0.0,0.0
2023-01-25 00:00:00-05:00,143.4899490670331,144.67207914532966,141.92337630860726,144.35491943359375,62300,0.0,0.0
2023-01-26 00:00:00-05:00,144.34530893853224,146.2001953125,141.36594059543717,146.2001953125,72200,0.0,0.0
2023-01-27 00:00:00-05:00,145.82538672882941,147.247802734375,144.30687104614566,147.247802734375,100300,0.0,0.0
2023-01-30 00:00:00-05:00,146.305910420591,149.81387815029888,145.60432274064456,146.70956420898438,76000,0.0,0.0
2023-01-31 00:00:00-05:00,147.21893671391868,150.5250701904297,145.62354737210362,150.5250701904297,84600,0.0,0.0
2023-02-01 00:00:00-05:00,150.36169703419029,152.88935446532926,149.06424149981365,150.8422393798828,94700,0.0,0.0
2023-02-02 00:00:00-05:00,150.57313231410464,151.17862034427597,146.49812806570816,148.641357421875,121000,0.0,0.0
2023-02-03 00:00:00-05:00,148.92007521785598,153.28340808210453,147.12285147475643,150.4481964111328,83700,0.0,0.0
2023-02-06 00:00:00-05:00,148.64134761019707,151.13055320216523,148.64134761019707,149.640869140625,91500,0.0,0.0
2023-02-07 00:00:00-05:00,149.18914460034108,151.62068724101545,146.26745413824133,151.24586486816406,104400,0.0,0.0
2023-02-08 00:00:00-05:00,150.14069355820507,152.47612297077893,149.43910564391234,150.1118621826172,64300,0.0,0.0
2023-02-09 00:00:00-05:00,151.17862794117372,152.67791774361692,147.68028018047664,148.65097045898438,72600,0.0,0.0
2023-02-10 00:00:00-05:00,148.95852542300952,151.8129482029351,148.42030566341987,150.14065551757812,71900,0.0,0.0
2023-02-13 00:00:00-05:00,148.95594343776645,152.65456983783116,148.65735966391486,151.90328979492188,56900,0.34,0.0
2023-02-14 00:00:00-05:00,151.00753865752546,152.47157811230542,145.93156991090459,147.4437713623047,68400,0.0,0.0
2023-02-15 00:00:00-05:00,146.29753044623297,150.40067534431037,145.15134294802834,148.66696166992188,63400,0.0,0.0
2023-02-16 00:00:00-05:00,147.21256700003437,150.80524238208397,146.35533657659886,148.3105926513672,67700,0.0,0.0
2023-02-17 00:00:00-05:00,150.22733119026503,153.087979735024,147.76159035503264,151.5179901123047,46300,0.0,0.0
2023-02-21 00:00:00-05:00,149.79390559763175,153.13614467297953,146.8947215293876,148.56103515625,103100,0.0,0.0
2023-02-22 00:00:00-05:00,148.32024517354515,148.84035643878465,145.13210376768237,146.21087646484375,117000,0.0,0.0
2023-02-23 00:00:00-05:00,146.50945731963228,147.80011628674092,141.14453228470245,141.74171447753906,98200,0.0,0.0
2023-02-24 00:00:00-05:00,140.8844882850254,145.43070375819096,140.28730607404964,144.361572265625,101600,0.0,0.0
2023-02-27 00:00:00-05:00,145.62332505924508,147.55931340972944,141.6068624026741,142.0788116455078,104700,0.0,0.0
2023-02-28 00:00:00-05:00,142.57003871789544,145.69073537934247,142.57003871789544,144.9490966796875,105700,0.0,0.0
2023-03-01 00:00:00-05:00,145.20918986441464,146.8658626750042,143.84147434813323,146.43243408203125,80900,0.0,0.0
2023-03-02 00:00:00-05:00,145.30547280020303,148.38764877555982,145.30547280020303,147.4918975830078,48500,0.0,0.0
2023-03-03 00:00:00-05:00,148.4165403445485,152.49080610566642,146.27827758533,151.93215942382812,64200,0.0,0.0
2023-03-06 00:00:00-05:00,151.2868295238184,152.3366931671788,145.07430102257842,146.5865020751953,69200,0.0,0.0
2023-03-07 00:00:00-05:00,146.8561865444381,147.54003672307738,143.98591170373925,144.92982482910156,73800,0.0,0.0
2023-03-08 00:00:00-05:00,145.0743207890552,146.1049315368485,142.820480725495,144.1593017578125,64000,0.0,0.0
2023-03-09 00:00:00-05:00,144.8527882798018,144.9587387764211,140.91338156391606,141.46238708496094,82300,0.0,0.0
2023-03-10 00:00:00-05:00,140.8267034132935,142.32926345310992,137.8986248819286,138.9581298828125,90900,0.0,0.0
2023-03-13 00:00:00-04:00,137.16658327958362,138.39945354602054,135.03794721350113,136.0685577392578,95200,0.0,0.0
2023-03-14 00:00:00-04:00,139.17003428815596,143.31170101827746,138.71733802188152,140.460693359375,94000,0.0,0.0
2023-03-15 00:00:00-04:00,137.48447955494402,137.6193243250372,131.23342874088812,132.7937774658203,146300,0.0,0.0
2023-03-16 00:00:00-04:00,131.36822808896312,135.73143591610946,130.02940737131516,134.49856567382812,96300,0.0,0.0
2023-03-17 00:00:00-04:00,133.90141332541594,134.28667980804263,131.03112365104246,132.938232421875,286500,0.0,0.0
2023-03-20 00:00:00-04:00,134.01703093221425,138.7269863895648,133.4487575542365,137.96607971191406,136300,0.0,0.0
2023-03-21 00:00:00-04:00,139.79608394063254,142.44483158052097,139.47823246020891,141.36607360839844,121100,0.0,0.0
2023-03-22 00:00:00-04:00,141.1926951286785,142.51226305398575,139.4300721866501,139.8153533935547,99000,0.0,0.0
2023-03-23 00:00:00-04:00,139.93090213802043,142.90712721234107,138.70765843580529,140.34507751464844,99700,0.0,0.0
2023-03-24 00:00:00-04:00,139.1411173206673,142.37740568695853,138.25497797181254,141.76095581054688,64700,0.0,0.0
2023-03-27 00:00:00-04:00,142.8975137923213,143.20572402685255,140.62440636188046,141.5972137451172,45500,0.0,0.0
2023-03-28 00:00:00-04:00,140.9230165455519,143.85109515687904,140.9230165455519,143.58140563964844,58800,0.0,0.0
2023-03-29 00:00:00-04:00,143.8510893510907,145.47885290833065,141.33718633359868,142.06919860839844,75400,0.0,0.0
2023-03-30 00:00:00-04:00,143.00350693879247,143.3598792623125,141.17346862717642,142.6182403564453,81400,0.0,0.0
2023-03-31 00:00:00-04:00,143.8607021630084,145.67148698763395,143.14794299444898,145.56553649902344,100800,0.0,0.0
2023-04-03 00:00:00-04:00,144.70832018923076,146.62504099248235,143.52359696546904,145.71002197265625,99100,0.0,0.0
2023-04-04 00:00:00-04:00,135.93376349670723,143.6392128721015,123.60504155668073,128.88327026367188,353600,0.0,0.0
2023-04-05 00:00:00-04:00,128.18976406261123,128.56540408905371,120.59026606844658,123.27754211425781,217300,0.0,0.0
2023-04-06 00:00:00-04:00,124.40444599578255,129.54782836802752,122.06391616329805,124.46223449707031,213000,0.0,0.0
2023-04-10 00:00:00-04:00,124.24072658814018,129.05663174734744,124.05771984057411,128.12234497070312,209200,0.0,0.0
2023-04-11 00:00:00-04:00,128.6327903241986,130.42430708231882,127.50587062590915,128.7483673095703,184600,0.0,0.0
2023-04-12 00:00:00-04:00,129.2588707627388,129.41298323034295,123.52794748359636,124.68376159667969,192500,0.0,0.0
2023-04-13 00:00:00-04:00,124.72231970228921,126.55235782212102,123.6242938909948,125.16537475585938,110900,0.0,0.0
2023-04-14 00:00:00-04:00,125.00162570997163,125.73363795976906,123.20048199047088,123.55685424804688,70000,0.0,0.0
2023-04-17 00:00:00-04:00,123.52797405262706,124.10588858195646,121.56308375897719,122.6225814819336,99200,0.0,0.0
2023-04-18 00:00:00-04:00,123.1234194989556,123.1234194989556,120.9273681640625,120.9273681640625,105500,0.0,0.0
2023-04-19 00:00:00-04:00,121.19703564713147,121.72678065102505,119.83894726111444,121.56304168701172,77500,0.0,0.0
2023-04-20 00:00:00-04:00,120.67694259843046,122.52624826631948,120.0219792558255,122.429931640625,139200,0.0,0.0
2023-04-21 00:00:00-04:00,123.51832501633865,123.63390202234501,121.44747724455401,122.92115020751953,207400,0.0,0.0
2023-04-24 00:00:00-04:00,122.47809975720253,122.63220489632847,121.07184902743398,121.19706726074219,85200,0.0,0.0
2023-04-25 00:00:00-04:00,120.36873504866183,120.52284019295705,117.22876281883849,117.39250183105469,55400,0.0,0.0
2023-04-26 00:00:00-04:00,115.78398185262274,117.12280279374194,114.55111140455507,115.3409194946289,71400,0.0,0.0
2023-04-27 00:00:00-04:00,115.14829238705654,117.5947656794592,113.05818401591192,116.93017578125,135500,0.0,0.0
2023-04-28 00:00:00-04:00,116.15963460931415,118.31715813065108,115.77436071481048,116.29447937011719,101200,0.0,0.0
2023-05-01 00:00:00-04:00,115.96699260204785,118.20157220368188,115.86104210532699,117.14207458496094,56900,0.0,0.0
2023-05-02 00:00:00-04:00,116.53526676312224,117.14207549423149,114.72448913431624,115.99588775634766,105100,0.0,0.0
2023-05-03 00:00:00-04:00,116.48710503581998,119.04916251062315,116.48710503581998,117.07464599609375,60100,0.0,0.0
2023-05-04 00:00:00-04:00,115.83214229848831,117.41175845761659,114.03099128906722,114.88822174072266,101100,0.0,0.0
2023-05-05 00:00:00-04:00,116.71827065307069,117.71034587993609,116.53526391660469,117.65255737304688,35200,0.0,0.0
2023-05-08 00:00:00-04:00,118.47124697937282,118.47124697937282,115.32164876862127,116.25592803955078,68500,0.0,0.0
2023-05-09 00:00:00-04:00,115.65877335982223,116.08256799228367,114.56074763507924,115.38908386230469,83900,0.0,0.0
2023-05-10 00:00:00-04:00,117.10354883026642,118.16304647040015,115.61061532701801,117.97041320800781,54200,0.0,0.0
2023-05-11 00:00:00-04:00,116.83384922159001,118.37493723294376,115.9380906667895,116.6219482421875,51500,0.0,0.0
2023-05-12 00:00:00-04:00,117.58513842881395,118.6061079389057,114.94601719374653,115.55282592773438,28200,0.0,0.0
2023-05-15 00:00:00-04:00,115.66838712112373,116.96868717407706,115.66838712112373,116.25592803955078,43600,0.0,0.0
2023-05-16 00:00:00-04:00,114.94231439300472,116.08207881368838,112.1991568136366,112.76903533935547,73300,0.34,0.0
2023-05-17 00:00:00-04:00,114.09232987693456,115.69572312579211,113.36790348497719,115.38663482666016,65700,0.0,0.0
2023-05-18 00:00:00-04:00,115.8309396804709,115.9082135914842,114.19857068347794,115.80196380615234,85600,0.0,0.0
2023-05-19 00:00:00-04:00,117.83036980263597,117.83036980263597,113.61903696179803,114.73948669433594,80800,0.0,0.0
2023-05-22 00:00:00-04:00,115.14515811500569,115.94685841537071,113.89914385003078,114.35311889648438,69100,0.0,0.0
2023-05-23 00:00:00-04:00,114.1599358086923,117.540592100061,113.30028379842679,117.24115753173828,138800,0.0,0.0
2023-05-24 00:00:00-04:00,116.09173716290447,116.09173716290447,113.18437074505783,114.10197448730469,132000,0.0,0.0
2023-05-25 00:00:00-04:00,112.86562658681082,115.36731614134432,112.75937679670055,114.96163177490234,58200,0.0,0.0
2023-05-26 00:00:00-04:00,115.14516525352472,116.39117959574732,114.90368977718501,115.55084228515625,71800,0.0,0.0
2023-05-30 00:00:00-04:00,115.36731354070783,115.53151507836002,113.55141343739118,115.31901550292969,61600,0.0,0.0
2023-05-31 00:00:00-04:00,115.03890925977593,115.87924652511649,113.69630627316334,113.78324127197266,63700,0.0,0.0
2023-06-01 00:00:00-04:00,113.98608396694817,115.2900500430506,112.81734356574546,114.11164855957031,45400,0.0,0.0
2023-06-02 00:00:00-04:00,115.80196530497443,120.85363492185506,115.80196530497443,120.48658752441406,63300,0.0,0.0
2023-06-05 00:00:00-04:00,120.41898572984954,120.41898572984954,114.64289660852586,117.4826431274414,63500,0.0,0.0
2023-06-06 00:00:00-04:00,116.9610554064194,124.43714128229848,116.9610554064194,122.2348861694336,60400,0.0,0.0
2023-06-07 00:00:00-04:00,122.2348761826526,124.67860656646882,121.3945389606651,123.09452819824219,73800,0.0,0.0
2023-06-08 00:00:00-04:00,122.85305462692749,122.85305462692749,121.23999298975009,121.73260498046875,47200,0.0,0.0
2023-06-09 00:00:00-04:00,121.16274237936622,121.97409647619823,120.54456572389982,121.03717041015625,34000,0.0,0.0
2023-06-12 00:00:00-04:00,121.37522967791837,121.98374518883364,119.75251427956469,119.95535278320312,79200,0.0,0.0
2023-06-13 00:00:00-04:00,120.53489679296472,122.55362819000868,119.86842213592793,122.2348861694336,113300,0.0,0.0
2023-06-14 00:00:00-04:00,122.29284278257347,123.44226842648958,119.33718526307126,119.66558837890625,97600,0.0,0.0
2023-06-15 00:00:00-04:00,119.42408995861489,122.14793255729215,119.42408995861489,121.7132797241211,54200,0.0,0.0
2023-06-16 00:00:00-04:00,123.02692445202237,123.53885126661115,121.11443549735948,122.93032836914062,188500,0.0,0.0
2023-06-20 00:00:00-04:00,122.53431228178535,124.47576974198034,120.95023379852606,123.78031921386719,81400,0.0,0.0
2023-06-21 00:00:00-04:00,123.26838745957339,127.60528437582599,123.00758985295097,126.22403717041016,102000,0.0,0.0
2023-06-22 00:00:00-04:00,125.82804258960601,127.01609778047037,124.56271347938151,125.28713989257812,88300,0.0,0.0
2023-06-23 00:00:00-04:00,123.65476980169284,123.89624528535732,120.14854106256632,120.72808074951172,95900,0.0,0.0
2023-06-26 00:00:00-04:00,120.4286371526647,122.67919012339229,120.36102432119094,120.7956771850586,49600,0.0,0.0
2023-06-27 00:00:00-04:00,121.77123518412034,122.39907280504077,120.57351905925003,121.28828430175781,68600,0.0,0.0
2023-06-28 00:00:00-04:00,121.31726080187835,121.90646147094185,119.80079531820158,120.46726989746094,78500,0.0,0.0
2023-06-29 00:00:00-04:00,106.66453717461852,118.2456978132978,106.66453717461852,111.72586059570312,296400,0.0,0.0
2023-06-30 00:00:00-04:00,112.00597588663192,115.5894708096714,111.07871100947108,115.27072143554688,274600,0.0,0.0
2023-07-03 00:00:00-04:00,115.58947057936291,116.81617003397511,114.14061782995225,114.8940200805664,43700,0.0,0.0
2023-07-05 00:00:00-04:00,115.08720263321284,115.08720263321284,109.85201656898462,112.35369873046875,111100,0.0,0.0
2023-07-06 00:00:00-04:00,111.95768736511137,112.8946059727448,110.83723767792634,112.083251953125,90600,0.0,0.0
2023-07-07 00:00:00-04:00,113.12642103001428,116.36219057361079,112.23778577683517,115.88890075683594,100800,0.0,0.0
2023-07-10 00:00:00-04:00,115.4832155831821,118.86387184610192,115.36731208477076,115.7343521118164,124300,0.0,0.0
2023-07-11 00:00:00-04:00,115.90822146024135,118.17808932332181,115.90822146024135,117.878662109375,80100,0.0,0.0
2023-07-12 00:00:00-04:00,120.04227799303851,120.129212989558,118.49683654223864,119.1150131225586,121700,0.0,0.0
2023-07-13 00:00:00-04:00,119.43377741652039,119.95536535306653,118.35196458117503,119.46275329589844,61400,0.0,0.0
2023-07-14 00:00:00-04:00,119.61728427910221,120.72807290563877,117.96559296245941,120.35137176513672,51800,0.0,0.0
2023-07-17 00:00:00-04:00,120.51556708922779,124.07975453983498,120.51556708922779,122.48600769042969,90200,0.0,0.0
2023-07-18 00:00:00-04:00,121.68432582305267,125.55759454422984,121.68432582305267,124.61100006103516,120400,0.0,0.0
2023-07-19 00:00:00-04:00,124.29223790995414,125.05530859386168,122.1576031621451,122.65021514892578,67700,0.0,0.0
2023-07-20 00:00:00-04:00,123.12350301332995,123.58713174824867,121.19169942292828,122.43771362304688,69700,0.0,0.0
2023-07-21 00:00:00-04:00,123.1235066736304,123.1235066736304,120.55420428477616,122.73714447021484,191700,0.0,0.0
2023-07-24 00:00:00-04:00,123.0945269874075,126.81324005126953,122.47635042877769,126.81324005126953,102100,0.0,0.0
2023-07-25 00:00:00-04:00,125.61553645469895,129.01551503702962,125.61553645469895,127.67289733886719,67400,0.0,0.0
2023-07-26 00:00:00-04:00,127.67289109728195,128.42630805035418,126.3882546907857,127.85641479492188,69500,0.0,0.0
2023-07-27 00:00:00-04:00,127.84677370812182,127.84677370812182,122.93032929607747,125.4126968383789,100000,0.0,0.0
2023-07-28 00:00:00-04:00,125.90531573854571,126.59109781861935,124.3791890021308,126.48484802246094,65700,0.0,0.0
2023-07-31 00:00:00-04:00,126.85187667579163,128.41663277078666,125.59620147210227,128.01095581054688,61400,0.0,0.0
2023-08-01 00:00:00-04:00,127.82743382141527,129.4308342606885,126.20472595889129,128.09788513183594,58000,0.0,0.0
2023-08-02 00:00:00-04:00,126.47520513306125,128.77405651658782,125.97293198655665,128.23313903808594,53500,0.0,0.0
2023-08-03 00:00:00-04:00,127.37346584748754,128.09789219861256,125.22916266907819,125.51893615722656,52700,0.0,0.0
2023-08-04 00:00:00-04:00,125.65417096509981,127.27689377373852,124.60134146207714,124.97804260253906,37700,0.0,0.0
2023-08-07 00:00:00-04:00,125.57689666748047,126.15644368420676,123.83828509428731,125.57689666748047,40500,0.0,0.0
2023-08-08 00:00:00-04:00,123.69339047046066,124.11838964920823,121.84852174036772,123.5968017578125,46800,0.0,0.0
2023-08-09 00:00:00-04:00,124.10872161504393,125.58655011884314,123.00758683633053,125.45132446289062,53600,0.0,0.0
2023-08-10 00:00:00-04:00,125.9729201042763,126.83257217895125,124.83316297226602,124.85247039794922,101700,0.0,0.0
2023-08-11 00:00:00-04:00,124.92008332849558,125.26780857095072,123.49054540181936,124.00247955322266,25400,0.0,0.0
2023-08-14 00:00:00-04:00,123.45190975652365,124.35020611678131,121.76158156467095,122.73714447021484,53600,0.0,0.0
2023-08-15 00:00:00-04:00,121.925797475718,123.62577947755692,119.60763149137357,119.90705871582031,45200,0.0,0.0
2023-08-16 00:00:00-04:00,119.11278685000555,121.07911042082658,118.17321177072675,118.19258117675781,43100,0.35,0.0
2023-08-17 00:00:00-04:00,118.29911620056673,119.89736173099148,118.29911620056673,118.61876678466797,36900,0.0,0.0
2023-08-18 00:00:00-04:00,118.0472781482261,118.67688353563628,117.32080357190833,118.28943634033203,45600,0.0,0.0
2023-08-21 00:00:00-04:00,117.86322553202679,118.386288069294,114.64736531000241,116.72992706298828,75100,0.0,0.0
2023-08-22 00:00:00-04:00,116.81711636908163,118.56065839745914,116.81711636908163,118.01821899414062,58800,0.0,0.0
2023-08-23 00:00:00-04:00,118.66720895239041,118.66720895239041,115.61601408867509,116.8268051147461,46400,0.0,0.0
2023-08-24 00:00:00-04:00,115.84848716410936,117.62108704989538,114.2986760850405,115.4997787475586,66200,0.0,0.0
2023-08-25 00:00:00-04:00,116.12937182380965,118.61875752459137,115.32540492295308,118.5993881225586,37100,0.0,0.0
2023-08-28 00:00:00-04:00,119.39367945403254,121.06941003792754,119.39367945403254,119.93611145019531,51300,0.0,0.0
2023-08-29 00:00:00-04:00,119.50023532078059,121.73777480117936,119.08372290680208,121.53436279296875,69700,0.0,0.0
2023-08-30 00:00:00-04:00,121.45685540480851,123.72345979817845,121.08877763395543,121.28250122070312,50400,0.0,0.0
2023-08-31 00:00:00-04:00,121.66995866888186,122.68702599862316,119.78112778802667,120.20732116699219,56200,0.0,0.0
2023-09-01 00:00:00-04:00,121.16627159348435,123.84938854782109,121.16627159348435,122.83232116699219,44100,0.0,0.0
2023-09-05 00:00:00-04:00,121.62153766209894,121.62153766209894,115.96472539413254,118.82218933105469,68200,0.0,0.0
2023-09-06 00:00:00-04:00,119.12247553908382,119.65521919218752,117.41767959097061,118.2797622680664,48900,0.0,0.0
2023-09-07 00:00:00-04:00,117.31111936411959,117.61139316822745,115.67412756220132,117.05927276611328,45000,0.0,0.0
2023-09-08 00:00:00-04:00,115.79036575256904,117.11739534846853,115.30604935276246,116.79774475097656,54100,0.0,0.0
2023-09-11 00:00:00-04:00,117.78575301367182,119.47117210247133,116.7590045580936,118.57035064697266,71900,0.0,0.0
2023-09-12 00:00:00-04:00,118.0957087469148,119.31618813943061,118.0957087469148,119.18058013916016,57900,0.0,0.0
2023-09-13 00:00:00-04:00,119.19027669647683,120.6529069981131,118.26038264512783,120.3816909790039,66100,0.0,0.0
2023-09-14 00:00:00-04:00,121.96056214388913,125.21516901644542,121.96056214388913,123.8203353881836,76200,0.0,0.0
2023-09-15 00:00:00-04:00,121.45686113669396,122.27051649761142,110.28852660076667,110.6081771850586,388400,0.0,0.0
2023-09-18 00:00:00-04:00,111.10217088538148,114.04681526371606,111.10217088538148,113.03943634033203,79200,0.0,0.0
2023-09-19 00:00:00-04:00,112.65199219391536,113.53344415680365,111.12155066968658,111.5380630493164,59900,0.0,0.0
2023-09-20 00:00:00-04:00,112.68104562256381,116.28436050839012,111.56711652118055,111.91582489013672,87900,0.0,0.0
2023-09-21 00:00:00-04:00,111.87708083593337,111.87708083593337,110.23040814329848,110.49193572998047,59600,0.0,0.0
2023-09-22 00:00:00-04:00,110.47256175264705,112.89414348865351,109.76545663409753,111.12154388427734,49000,0.0,0.0
2023-09-25 00:00:00-04:00,111.00531560806529,113.27192016627801,111.00531560806529,112.94258117675781,32000,0.0,0.0
2023-09-26 00:00:00-04:00,112.12893887187558,112.55513229334721,111.26685624129256,111.47026824951172,48200,0.0,0.0
2023-09-27 00:00:00-04:00,112.61324850926654,114.19211727234716,112.41951752018569,113.69811248779297,35900,0.0,0.0
2023-09-28 00:00:00-04:00,113.97902639879652,114.25993081386338,113.24287074905118,113.71749877929688,65500,0.0,0.0
2023-09-29 00:00:00-04:00,113.98871612548828,114.97671839855025,112.85541744430716,113.98871612548828,78600,0.0,0.0
2023-10-02 00:00:00-04:00,114.45366842289293,114.45366842289293,111.46058888213383,112.68106842041016,46200,0.0,0.0
2023-10-03 00:00:00-04:00,111.37339959210503,112.75854475435355,110.43382461903052,110.62754821777344,47900,0.0,0.0
2023-10-04 00:00:00-04:00,111.07312518538909,112.05144641593236,108.97119371141962,111.0440673828125,42500,0.0,0.0
2023-10-05 00:00:00-04:00,110.44349150008223,112.04173685057981,110.29820251464844,110.29820251464844,51700,0.0,0.0
2023-10-06 00:00:00-04:00,110.00762018284153,111.74147367735065,110.00762018284153,111.266845703125,54800,0.0,0.0
2023-10-09 00:00:00-04:00,110.77285668335706,113.23318508393105,110.77285668335706,112.55513763427734,19500,0.0,0.0
2023-10-10 00:00:00-04:00,113.80466060324162,113.80466060324162,112.97163584063055,113.07818603515625,41400,0.0,0.0
2023-10-11 00:00:00-04:00,113.5721874994728,113.90151908016404,113.15567513031071,113.89183807373047,36200,0.0,0.0
2023-10-12 00:00:00-04:00,114.29865381250337,114.29865381250337,108.34156147900507,110.48223876953125,38800,0.0,0.0
2023-10-13 00:00:00-04:00,111.52839169202116,111.52839169202116,107.49888266446087,107.54730987548828,61300,0.0,0.0
2023-10-16 00:00:00-04:00,108.57404137388535,109.06804614548814,107.489177423801,108.8065185546875,72000,0.0,0.0
2023-10-17 00:00:00-04:00,108.55468370824912,110.82128843062264,108.55468370824912,108.76778411865234,82800,0.0,0.0
2023-10-18 00:00:00-04:00,107.36325425565782,107.36325425565782,103.12064532120552,103.56621551513672,110800,0.0,0.0
2023-10-19 00:00:00-04:00,120.43980435484143,133.00297353218772,116.91398139157177,118.73501586914062,489500,0.0,0.0
2023-10-20 00:00:00-04:00,117.54359297845407,118.64783381848258,107.66354102343622,111.983642578125,338600,0.0,0.0
2023-10-23 00:00:00-04:00,115.35448064233746,121.18565444088293,113.99840058693809,116.75900268554688,258400,0.0,0.0
2023-10-24 00:00:00-04:00,118.03758183629661,121.59246208441917,116.21655501419855,121.09845733642578,171800,0.0,0.0
2023-10-25 00:00:00-04:00,120.30419224737625,122.8129550723189,120.30419224737625,121.9314956665039,130900,0.0,0.0
2023-10-26 00:00:00-04:00,120.72070517391147,122.49330500046256,119.99423056205433,121.67965698242188,79300,0.0,0.0
2023-10-27 00:00:00-04:00,120.85631386652604,121.9508736842888,120.63353245606453,121.68933868408203,111600,0.0,0.0
2023-10-30 00:00:00-04:00,123.04543677613286,124.37245912672253,121.06942476253846,122.31896209716797,90200,0.0,0.0
2023-10-31 00:00:00-04:00,121.6409186788119,121.97025031032507,120.401069776509,121.00161743164062,101600,0.0,0.0
2023-11-01 00:00:00-04:00,121.5343522740288,122.98730139842048,119.79081036872623,122.60953521728516,105000,0.0,0.0
2023-11-02 00:00:00-04:00,123.3457043043807,126.25160287164049,122.95825707414517,123.01637268066406,116200,0.0,0.0
2023-11-03 00:00:00-04:00,125.10860226131949,126.92962167490407,124.1399695676521,124.14965057373047,91400,0.0,0.0
2023-11-06 00:00:00-05:00,123.6169303928584,125.0505103021031,123.15198336037615,124.32403564453125,78400,0.0,0.0
2023-11-07 00:00:00-05:00,123.06480937102114,123.82034182893611,119.64552912443101,119.71333312988281,65000,0.0,0.0
2023-11-08 00:00:00-05:00,119.64552048491743,119.9167438772221,118.25069427490234,118.25069427490234,96800,0.0,0.0
2023-11-09 00:00:00-05:00,119.22901504072868,119.22901504072868,116.79775188603504,117.47579193115234,109000,0.0,0.0
2023-11-10 00:00:00-05:00,116.45874393725171,119.23871580052644,116.45874393725171,119.06436157226562,41300,0.0,0.0
2023-11-13 00:00:00-05:00,118.63815856866002,119.78114566434569,118.56066616452618,119.29682922363281,43900,0.0,0.0
2023-11-14 00:00:00-05:00,121.41811677884745,124.80833887893321,121.41811677884745,124.69209289550781,91800,0.0,0.0
2023-11-15 00:00:00-05:00,124.22588672885067,125.38169719766428,120.92355522460677,121.44804382324219,112200,0.35,0.0
2023-11-16 00:00:00-05:00,120.63217315926006,122.11822793029965,120.31165851631036,121.8559799194336,51200,0.0,0.0
2023-11-17 00:00:00-05:00,122.8078308369949,125.38169983315642,121.72000178619307,123.2546157836914,81700,0.0,0.0
2023-11-20 00:00:00-05:00,123.13806668076482,123.93451074190769,119.35009813231281,119.54435729980469,78400,0.0,0.0
2023-11-21 00:00:00-05:00,119.46664838554446,119.49578540683109,117.50467904654288,117.52410125732422,76900,0.0,0.0
2023-11-22 00:00:00-05:00,117.52409942230007,118.4856581608911,117.12587371032281,117.92232513427734,47200,0.0,0.0
2023-11-24 00:00:00-05:00,117.63094013517362,119.1849763318312,117.63094013517362,118.36911010742188,24000,0.0,0.0
2023-11-27 00:00:00-05:00,117.48525064320881,117.48525064320881,116.64023996599238,116.96076202392578,50700,0.0,0.0
2023-11-28 00:00:00-05:00,117.17443917412803,117.17443917412803,114.54228877217162,114.85309600830078,46600,0.0,0.0
2023-11-29 00:00:00-05:00,115.93120810890409,116.71793728997693,115.12504930767476,116.17402648925781,74200,0.0,0.0
2023-11-30 00:00:00-05:00,116.55283344630456,117.31042567806881,114.84338981422782,115.88265228271484,89800,0.0,0.0
2023-12-01 00:00:00-05:00,115.18332227089223,117.06759525609527,114.12463769935697,116.26143646240234,114400,0.0,0.0
2023-12-04 00:00:00-05:00,115.23188970303231,118.46623229980469,114.89194545342309,118.46623229980469,75400,0.0,0.0
2023-12-05 00:00:00-05:00,118.10686249278919,118.10686249278919,116.0769043251317,116.52368927001953,116700,0.0,0.0
2023-12-06 00:00:00-05:00,117.0870361365423,119.65119786288834,115.89236634097607,117.53382110595703,92300,0.0,0.0
2023-12-07 00:00:00-05:00,117.38813133815009,117.71836081494338,116.13518746810605,116.15460968017578,57500,0.0,0.0
2023-12-08 00:00:00-05:00,116.44599199613165,118.18457263958574,116.34886611760624,117.0870361328125,51200,0.0,0.0
2023-12-11 00:00:00-05:00,117.66978579026829,119.29181075382522,117.11616019269736,118.9227294921875,64500,0.0,0.0
2023-12-12 00:00:00-05:00,118.75761459569624,118.8158960480926,117.36869311228813,118.50508880615234,85000,0.0,0.0
2023-12-13 00:00:00-05:00,118.54394093869058,126.04217400604706,118.54394093869058,124.56583404541016,135200,0.0,0.0
2023-12-14 00:00:00-05:00,125.33312796208241,130.15065112161523,125.33312796208241,129.81069946289062,128600,0.0,0.0
2023-12-15 00:00:00-05:00,129.9661137673427,130.22836178044025,127.8875889245685,129.89813232421875,689100,0.0,0.0
2023-12-18 00:00:00-05:00,130.1020847663248,130.1020847663248,126.3918276343649,126.40153503417969,106800,0.0,0.0
2023-12-19 00:00:00-05:00,126.83861304523583,128.4994973852871,125.89647648855939,126.84833526611328,81700,0.0,0.0
2023-12-20 00:00:00-05:00,126.62495124883839,129.49022060443693,125.13890362978998,126.46955871582031,65400,0.0,0.0
2023-12-21 00:00:00-05:00,126.3918276350547,127.63505655241056,126.02273895568234,127.51849365234375,72600,0.0,0.0
2023-12-22 00:00:00-05:00,128.11097081018295,130.20892516129197,127.72246733203286,129.81069946289062,52700,0.0,0.0
2023-12-26 00:00:00-05:00,130.16037987983546,130.55860564358295,129.22796545108932,129.50962829589844,61500,0.0,0.0
2023-12-27 00:00:00-05:00,130.01467026726723,130.01467026726723,127.38251258223076,127.3922348022461,82300,0.0,0.0
2023-12-28 00:00:00-05:00,127.68364575610585,128.09157892728354,126.47926104563341,126.90662384033203,59300,0.0,0.0
2023-12-29 00:00:00-05:00,126.84832801668551,126.90660205678525,125.44969177246094,125.44969177246094,45400,0.0,0.0
2024-01-02 00:00:00-05:00,124.97377084683096,125.95475183579578,123.54599748617933,124.02192687988281,84200,0.0,0.0
2024-01-03 00:00:00-05:00,122.83697487096731,122.83697487096731,119.01015446917117,119.26268768310547,146400,0.0,0.0
2024-01-04 00:00:00-05:00,118.33996742534833,129.59702446991872,118.33996742534833,127.4699478149414,157800,0.0,0.0
2024-01-05 00:00:00-05:00,124.49782198728448,130.11179608554943,123.69167066669473,129.1793670654297,141900,0.0,0.0
2024-01-08 00:00:00-05:00,129.85927230776005,129.85927230776005,127.97499922573581,129.06283569335938,74300,0.0,0.0
2024-01-09 00:00:00-05:00,127.81962412827957,129.00457922124252,126.85805783532952,128.38294982910156,103500,0.0,0.0
2024-01-10 00:00:00-05:00,128.7811538232766,128.9559907653656,126.94544744386057,128.07212829589844,82400,0.0,0.0
2024-01-11 00:00:00-05:00,127.68363239447255,128.1109803239904,124.97377078460194,127.1785659790039,101800,0.0,0.0
2024-01-12 00:00:00-05:00,129.1696696526248,130.04380988494657,125.14859790712102,125.56623840332031,62400,0.0,0.0
2024-01-16 00:00:00-05:00,124.76980516076054,126.63464857449254,124.49783493541189,125.94503784179688,79900,0.0,0.0
2024-01-17 00:00:00-05:00,124.09963006357242,125.2457332583334,123.18663787841797,123.18663787841797,71700,0.0,0.0
2024-01-18 00:00:00-05:00,124.4784180742556,126.80946859770816,124.39100701422913,125.89646911621094,85500,0.0,0.0
2024-01-19 00:00:00-05:00,126.49866877746146,126.49866877746146,124.17731824363034,125.89646911621094,122300,0.0,0.0
2024-01-22 00:00:00-05:00,126.3043990479164,128.5091940361668,126.3043990479164,127.5573501586914,51800,0.0,0.0
2024-01-23 00:00:00-05:00,128.53830584903008,129.33475707432527,127.28536980441376,128.6840057373047,50700,0.0,0.0
2024-01-24 00:00:00-05:00,129.7427281470094,129.7427281470094,125.42056362839365,125.7799301147461,69700,0.0,0.0
2024-01-25 00:00:00-05:00,127.59619181548472,129.43189809253533,126.36268517154001,128.93655395507812,102500,0.0,0.0
2024-01-26 00:00:00-05:00,129.60674394770123,129.8592697335134,128.12069661256498,129.5193328857422,78900,0.0,0.0
2024-01-29 00:00:00-05:00,129.73299399964648,130.33517875975252,127.9846989310821,129.70384216308594,48900,0.0,0.0
2024-01-30 00:00:00-05:00,128.58689325355846,131.1704842236516,128.48005257974387,130.2283477783203,60600,0.0,0.0
2024-01-31 00:00:00-05:00,130.5780223830268,130.5780223830268,126.36269860543071,126.37240600585938,61400,0.0,0.0
2024-02-01 00:00:00-05:00,127.55738166918226,128.54808503073306,126.11990068803286,128.36354064941406,47500,0.0,0.0
2024-02-02 00:00:00-05:00,126.6637812299757,128.23723956411334,125.95474090123435,127.91671752929688,48300,0.0,0.0
2024-02-05 00:00:00-05:00,126.25585188369065,127.28539945734563,124.3812862584567,124.4104232788086,45400,0.0,0.0
2024-02-06 00:00:00-05:00,125.0903147637701,126.20728824551233,124.62410760659036,125.0708999633789,35800,0.0,0.0
2024-02-07 00:00:00-05:00,124.84749320772588,126.57637372847478,123.25461261924436,125.1097412109375,50600,0.0,0.0
2024-02-08 00:00:00-05:00,124.69211213108358,125.98390782468711,124.45900112681927,124.98348236083984,109100,0.0,0.0
2024-02-09 00:00:00-05:00,124.905796271174,127.5767987862846,124.58527419090557,126.76091766357422,49200,0.0,0.0
2024-02-12 00:00:00-05:00,126.5180847192629,128.9656981653036,126.5180847192629,128.07212829589844,51000,0.0,0.0
2024-02-13 00:00:00-05:00,124.66297108225301,124.66297108225301,119.80659572679299,121.31207275390625,63300,0.0,0.0
2024-02-14 00:00:00-05:00,123.51332153240365,123.51332153240365,121.04909506193553,122.8704833984375,47000,0.35,0.0
2024-02-15 00:00:00-05:00,122.46139526367188,122.84125582307028,121.11726642482874,122.46139526367188,96400,0.0,0.0
2024-02-16 00:00:00-05:00,121.75036873757998,123.41591289018375,120.12378559469857,120.23092651367188,54700,0.0,0.0
2024-02-20 00:00:00-05:00,118.61407902846959,119.89002052542875,117.84461579997387,119.59782409667969,117600,0.0,0.0
2024-02-21 00:00:00-05:00,119.61730416483631,120.19196978991734,117.85436114058763,119.78289031982422,105700,0.0,0.0
2024-02-22 00:00:00-05:00,119.38354921036456,119.64652675466094,115.81870204083485,116.19856262207031,89200,0.0,0.0
2024-02-23 00:00:00-05:00,116.94853287744091,119.0913363761142,116.67581324281551,118.65303802490234,68000,0.0,0.0
2024-02-26 00:00:00-05:00,117.78617431994694,118.36083248026732,116.65632735714044,117.45500946044922,54500,0.0,0.0
2024-02-27 00:00:00-05:00,118.19525963430775,118.31214266658993,115.52649356114827,116.51023864746094,82300,0.0,0.0
2024-02-28 00:00:00-05:00,115.29273726130428,118.36084075252069,115.29273726130428,118.24396514892578,57000,0.0,0.0
2024-02-29 00:00:00-05:00,119.62705040424525,119.62705040424525,116.19856304966805,116.20829772949219,140900,0.0,0.0
2024-03-01 00:00:00-05:00,116.19856233379602,118.96472732167926,113.95835243320069,117.36736297607422,119100,0.0,0.0
2024-03-04 00:00:00-05:00,118.05889591832049,118.47771748136839,116.51996948376747,117.35761260986328,56300,0.0,0.0
2024-03-05 00:00:00-05:00,116.70504426226553,118.73097237424263,116.70504426226553,117.95176696777344,62300,0.0,0.0
2024-03-06 00:00:00-05:00,118.23421469059316,118.60433312760081,116.64659259507702,116.80242919921875,54600,0.0,0.0
2024-03-07 00:00:00-05:00,117.49397833444841,120.05561096112835,117.49397833444841,119.53939056396484,56600,0.0,0.0
2024-03-08 00:00:00-05:00,118.36083999973357,118.97446663891662,111.86424184402505,111.98112487792969,103100,0.0,0.0
2024-03-11 00:00:00-04:00,112.28305691643844,113.74406131579748,111.94215737613186,113.04277801513672,88000,0.0,0.0
2024-03-12 00:00:00-04:00,112.52656926192205,112.77007002027679,110.6564852212105,111.02660369873047,60500,0.0,0.0
2024-03-13 00:00:00-04:00,111.45515590967884,114.17262498421297,111.45515590967884,113.04277801513672,65500,0.0,0.0
2024-03-14 00:00:00-04:00,113.16940635327508,113.24732094251135,109.89675581165997,110.36427307128906,90500,0.0,0.0
2024-03-15 00:00:00-04:00,110.07208444181377,112.40969319876761,110.07208444181377,112.05905151367188,346900,0.0,0.0
2024-03-18 00:00:00-04:00,111.60125922272431,111.68891592086992,108.90326690365646,109.2928695678711,102200,0.0,0.0
2024-03-19 00:00:00-04:00,108.6208127361168,110.52986518085373,108.6208127361168,110.3350601196289,51600,0.0,0.0
2024-03-20 00:00:00-04:00,109.56559614086231,111.11426478563293,109.09807885904517,110.45194244384766,58100,0.0,0.0
2024-03-21 00:00:00-04:00,111.48438500238834,112.0980042310471,110.14026350725582,110.744140625,85000,0.0,0.0
2024-03-22 00:00:00-04:00,111.08504660100125,111.08504660100125,109.66299566274648,110.3350601196289,38200,0.0,0.0
2024-03-25 00:00:00-04:00,110.62725378564787,112.55577541193536,109.91622838214424,112.37071990966797,65200,0.0,0.0
2024-03-26 00:00:00-04:00,113.1012288624126,114.31873258902336,112.47786754887213,114.30899047851562,86200,0.0,0.0
2024-03-27 00:00:00-04:00,114.95181799231156,115.50699934325897,113.52003998380154,115.03948211669922,72800,0.0,0.0
2024-03-28 00:00:00-04:00,115.49726957454392,116.91931296494776,114.46482141248431,114.60118865966797,86000,0.0,0.0
2024-04-01 00:00:00-04:00,114.64014828265479,114.64014828265479,111.30905985971533,112.62396240234375,100700,0.0,0.0
2024-04-02 00:00:00-04:00,112.27331099273188,112.27331099273188,110.0720697894936,111.80579376220703,102600,0.0,0.0
2024-04-03 00:00:00-04:00,111.5233410200504,113.72458983179601,111.35776229718513,112.35124206542969,112100,0.0,0.0
2024-04-04 00:00:00-04:00,109.62404241270669,115.79921796664883,107.22798845424963,111.51360321044922,251000,0.0,0.0
2024-04-05 00:00:00-04:00,113.28628967134783,115.7894771530298,112.32202875549224,113.22785186767578,130100,0.0,0.0
2024-04-08 00:00:00-04:00,114.02653067956363,116.90957866194117,112.77006592040684,116.68556213378906,121500,0.0,0.0
2024-04-09 00:00:00-04:00,116.88036046814547,116.88036046814547,114.80573674501503,115.52649688720703,99600,0.0,0.0
2024-04-10 00:00:00-04:00,112.99408090486912,113.14018282917657,111.25061478518597,112.10773468017578,106600,0.0,0.0
2024-04-11 00:00:00-04:00,112.66292300271631,112.9064237479099,111.74736525390448,112.22462463378906,63800,0.0,0.0
2024-04-12 00:00:00-04:00,111.59151227736983,112.80901590587874,111.05580770840494,111.55255126953125,78300,0.0,0.0
2024-04-15 00:00:00-04:00,112.51683180422094,112.86747350523743,111.04609251329182,111.75711059570312,77900,0.0,0.0
2024-04-16 00:00:00-04:00,111.16296617106939,113.02331557602238,110.27662725373924,111.2019271850586,81900,0.0,0.0
2024-04-17 00:00:00-04:00,112.01034245912008,112.36098412565026,109.85779676967553,109.87727355957031,111500,0.0,0.0
2024-04-18 00:00:00-04:00,110.09156056855947,113.92913485948124,110.09156056855947,113.48109436035156,125600,0.0,0.0
2024-04-19 00:00:00-04:00,113.14991762135972,114.52326530775179,112.52655634600593,114.3187255859375,124500,0.0,0.0
2024-04-22 00:00:00-04:00,114.95182825068197,114.95182825068197,113.07200220497123,113.78302764892578,107400,0.0,0.0
2024-04-23 00:00:00-04:00,113.07197993266958,115.93555050329061,113.07197993266958,115.86737060546875,91100,0.0,0.0
2024-04-24 00:00:00-04:00,115.03948962371412,116.16932918750591,113.14018683365113,113.3447265625,87000,0.0,0.0
2024-04-25 00:00:00-04:00,113.16940350621643,114.67910359831063,112.18565846021,114.34794616699219,71400,0.0,0.0
2024-04-26 00:00:00-04:00,114.23106546722289,114.59144923604781,112.8772019531455,113.21810150146484,70400,0.0,0.0
2024-04-29 00:00:00-04:00,113.9583547428459,115.12715540881271,113.13045365186497,114.27977752685547,84500,0.0,0.0
2024-04-30 00:00:00-04:00,113.18888518844186,114.84469470977297,112.9259076540294,113.13044738769531,86200,0.0,0.0
2024-05-01 00:00:00-04:00,113.13045207564114,115.48753759676366,113.13045207564114,114.12393188476562,99900,0.0,0.0
2024-05-02 00:00:00-04:00,115.01026510639765,116.9387867019479,113.83172247999417,116.76346588134766,92300,0.0,0.0
2024-05-03 00:00:00-04:00,117.62059398987311,118.58485479415761,114.92260175637023,115.21480560302734,105300,0.0,0.0
2024-05-06 00:00:00-04:00,116.30568493881037,117.33812559122477,115.40959666109478,115.6238784790039,80600,0.0,0.0
2024-05-07 00:00:00-04:00,115.91608631285948,116.63684637258834,114.72780159508478,115.69206237792969,68100,0.0,0.0
2024-05-08 00:00:00-04:00,114.8739094228367,116.36413273597694,114.62066657707773,115.27324676513672,75400,0.0,0.0
2024-05-09 00:00:00-04:00,114.96156810987102,116.99723815917969,114.96156810987102,116.99723815917969,113600,0.0,0.0
2024-05-10 00:00:00-04:00,116.67581603480919,116.99723879661748,115.00052974653275,116.61737823486328,68500,0.0,0.0
2024-05-13 00:00:00-04:00,117.4647550109331,117.52320024141079,115.76999194813678,115.81869506835938,70900,0.0,0.0
2024-05-14 00:00:00-04:00,117.13359763729669,117.64007590504765,115.76024990163357,116.47127532958984,84700,0.0,0.0
2024-05-15 00:00:00-04:00,117.33814303619017,117.33814303619017,114.78625249150227,114.87391662597656,90700,0.0,0.0
2024-05-16 00:00:00-04:00,115.40144053352014,115.42098274898186,112.85172549728094,115.2451400756836,78200,0.35,0.0
2024-05-17 00:00:00-04:00,115.75312367694771,115.75312367694771,113.91655047658855,114.34638977050781,69700,0.0,0.0
2024-05-20 00:00:00-04:00,114.01424860141462,114.69808457573448,113.3499548437972,113.35972595214844,69500,0.0,0.0
2024-05-21 00:00:00-04:00,112.93964569441506,114.15100213984893,112.22650392421744,114.01423645019531,71100,0.0,0.0
2024-05-22 00:00:00-04:00,113.54532876827595,114.48315384369086,112.56842671640568,113.095947265625,97400,0.0,0.0
2024-05-23 00:00:00-04:00,112.91032698117681,113.43785491833198,110.80998633875444,111.50358581542969,88300,0.0,0.0
2024-05-24 00:00:00-04:00,112.18743208908342,112.29489191490285,110.76115593650087,111.33753204345703,79700,0.0,0.0
2024-05-28 00:00:00-04:00,111.33752467538011,111.34729578249109,109.37394952364558,109.88194274902344,97600,0.0,0.0
2024-05-29 00:00:00-04:00,108.7877918168509,109.82330540430276,108.43610655070314,109.15901184082031,86100,0.0,0.0
2024-05-30 00:00:00-04:00,110.11638150338774,111.27889712979625,109.79400209306388,110.05776977539062,87000,0.0,0.0
2024-05-31 00:00:00-04:00,110.49739085427035,112.33396401486557,110.36062516428832,112.16789245605469,86700,0.0,0.0
2024-06-03 00:00:00-04:00,114.00446516385752,114.6883010642228,112.64657192359257,114.29753875732422,133700,0.0,0.0
2024-06-04 00:00:00-04:00,111.44499422951412,112.78334534696529,110.04802391744725,111.56221771240234,113100,0.0,0.0
2024-06-05 00:00:00-04:00,112.33396413051383,112.33396413051383,110.11639976651838,110.99561309814453,97000,0.0,0.0
2024-06-06 00:00:00-04:00,111.21051539083456,111.65989685058594,110.3801502166487,111.65989685058594,65700,0.0,0.0
2024-06-07 00:00:00-04:00,110.99560921229988,112.20696561948137,110.99560921229988,111.19098663330078,60700,0.0,0.0
2024-06-10 00:00:00-04:00,110.66346644196442,111.35706602445951,109.89171290429967,111.29845428466797,113500,0.0,0.0
2024-06-11 00:00:00-04:00,110.60485302232638,112.9201061469856,109.85263425829291,112.78334045410156,124300,0.0,0.0
2024-06-12 00:00:00-04:00,115.24512044479357,115.27442630982273,111.88457546227242,112.88101959228516,115800,0.0,0.0
2024-06-13 00:00:00-04:00,113.154566959457,115.38190245510627,112.16789379579791,115.37213134765625,89500,0.0,0.0
2024-06-14 00:00:00-04:00,114.15099815078429,116.33925656194333,112.91033587994752,115.2744369506836,97900,0.0,0.0
2024-06-17 00:00:00-04:00,114.11191053702473,115.17673750217772,112.46095136548993,114.33660125732422,89900,0.0,0.0
2024-06-18 00:00:00-04:00,114.63945161287289,115.34282226626243,113.68209179822566,114.32684326171875,93000,0.0,0.0
2024-06-20 00:00:00-04:00,113.9360736592712,115.70427128662948,110.65368245587955,111.02490997314453,139900,0.0,0.0
2024-06-21 00:00:00-04:00,110.70254303484143,113.10572124917161,109.54002717853967,111.47429656982422,617800,0.0,0.0
2024-06-24 00:00:00-04:00,112.60748985144956,113.02755800805008,110.38992559890214,111.78689575195312,120800,0.0,0.0
2024-06-25 00:00:00-04:00,111.38637704008868,111.78691048895814,108.01606768929088,109.01250457763672,148600,0.0,0.0
2024-06-26 00:00:00-04:00,109.09064209250784,111.36682548996723,108.03558616752615,110.60484313964844,164800,0.0,0.0
2024-06-27 00:00:00-04:00,111.95297327214332,126.66512319132441,111.95297327214332,126.48927307128906,335400,0.0,0.0
2024-06-28 00:00:00-04:00,127.29034427188424,128.30631587842143,119.99288452649193,120.0417251586914,476600,0.0,0.0
2024-07-01 00:00:00-04:00,119.23090879047669,121.42893859851208,110.05779832119613,110.54624938964844,235800,0.0,0.0
2024-07-02 00:00:00-04:00,110.28246642827992,114.35614598855165,110.05778314155735,112.50003814697266,147800,0.0,0.0
2024-07-03 00:00:00-04:00,112.50979245525214,112.77356014770317,110.58529447833313,111.64035034179688,57600,0.0,0.0
2024-07-05 00:00:00-04:00,111.23983529523159,111.23983529523159,109.4716375773179,111.12260437011719,91900,0.0,0.0
2024-07-08 00:00:00-04:00,111.90414494848879,112.36328270113376,110.3606377532831,110.6634750366211,94300,0.0,0.0
2024-07-09 00:00:00-04:00,109.9698725722914,109.9698725722914,106.7460925591991,106.77540588378906,127000,0.0,0.0
2024-07-10 00:00:00-04:00,107.68390313398963,109.54001084036145,107.13683298447151,109.2664794921875,100900,0.0,0.0
2024-07-11 00:00:00-04:00,111.45475922882284,113.66256010563413,111.45475922882284,113.20341491699219,93500,0.0,0.0
2024-07-12 00:00:00-04:00,114.5124572610143,117.2087089533371,111.47429134849159,114.82506561279297,102100,0.0,0.0
2024-07-15 00:00:00-04:00,116.0266588765689,118.84014168826894,115.47959608681457,117.88277435302734,87300,0.0,0.0
2024-07-16 00:00:00-04:00,118.34190756713103,121.77083567063995,118.34190756713103,121.66337585449219,80300,0.0,0.0
2024-07-17 00:00:00-04:00,120.10034256712693,122.83566388430756,119.7486572265625,119.7486572265625,129300,0.0,0.0
2024-07-18 00:00:00-04:00,118.72290073403626,120.87208963972795,117.67761587572927,118.15629577636719,68900,0.0,0.0
2024-07-19 00:00:00-04:00,118.18561368284472,118.18561368284472,115.24513641564283,116.32949829101562,77000,0.0,0.0
2024-07-22 00:00:00-04:00,117.39430614499982,118.7521992662125,115.323278770404,117.87299346923828,55600,0.0,0.0
2024-07-23 00:00:00-04:00,116.85702085162622,117.72646304228068,115.7335820520658,116.83747863769531,95000,0.0,0.0
2024-07-24 00:00:00-04:00,116.55417323090943,117.98044923200501,115.2255859375,115.2255859375,61600,0.0,0.0
2024-07-25 00:00:00-04:00,115.9778039528766,121.20422804148757,115.9778039528766,120.5497055053711,64000,0.0,0.0
2024-07-26 00:00:00-04:00,122.31789765764107,123.38272470573378,120.9795392439967,122.01506042480469,111200,0.0,0.0
2024-07-29 00:00:00-04:00,122.32767719739647,124.40847590293406,120.23710738436681,122.05414581298828,65500,0.0,0.0
2024-07-30 00:00:00-04:00,122.249524611226,123.44134633076813,120.84278324348166,122.02484130859375,76000,0.0,0.0
2024-07-31 00:00:00-04:00,122.6500631583537,126.21574990506657,122.15184099428274,123.07989501953125,82300,0.0,0.0
2024-08-01 00:00:00-04:00,122.79657591050412,123.92978578487929,118.48844205415033,119.98310089111328,81300,0.0,0.0
2024-08-02 00:00:00-04:00,116.69095105496532,118.08792133443848,115.4405175788551,117.80461883544922,59100,0.0,0.0
2024-08-05 00:00:00-04:00,113.58439879603257,115.62612796915853,112.34373646404238,115.37213134765625,87000,0.0,0.0
2024-08-06 00:00:00-04:00,114.63945229514732,116.79840489771249,114.20962046798412,115.53820037841797,69100,0.0,0.0
2024-08-07 00:00:00-04:00,116.7593234413626,116.79840041563624,114.21937973894144,114.52222442626953,61500,0.0,0.0
2024-08-08 00:00:00-04:00,115.7921989034339,116.61280050185849,114.47338262532165,114.94229888916016,68000,0.0,0.0
2024-08-09 00:00:00-04:00,115.5479776923154,115.5479776923154,112.6172714304413,113.39879608154297,65700,0.0,0.0
2024-08-12 00:00:00-04:00,114.06309035991933,114.06309035991933,111.25937867246446,111.26914978027344,57400,0.0,0.0
2024-08-13 00:00:00-04:00,112.66611915534,114.94230280020214,110.55600707602451,114.0728530883789,59400,0.0,0.0
2024-08-14 00:00:00-04:00,114.78598703876249,114.98136446096436,113.62347125309991,114.35614776611328,55000,0.0,0.0
2024-08-15 00:00:00-04:00,116.75932152581498,119.29927263973659,116.62255584468636,118.13675689697266,59000,0.0,0.0
2024-08-16 00:00:00-04:00,118.43071251501976,119.75346652801967,117.48028699092042,118.76384735107422,53200,0.36,0.0
2024-08-19 00:00:00-04:00,119.77306343630327,121.01743765871909,118.27394167540126,119.88084411621094,61500,0.0,0.0
2024-08-20 00:00:00-04:00,119.81225789424971,120.62550940249115,119.17537409291093,119.86125183105469,68000,0.0,0.0
2024-08-21 00:00:00-04:00,119.98862783600268,121.20360124205871,119.25376362279192,120.10620880126953,42000,0.0,0.0
2024-08-22 00:00:00-04:00,120.74309290227247,121.00764073047176,118.34253198147347,118.3719253540039,39500,0.0,0.0
2024-08-23 00:00:00-04:00,118.95980917087226,121.49753638292475,118.793234286444,119.8514404296875,45100,0.0,0.0
2024-08-26 00:00:00-04:00,121.24278653336661,122.22260541672273,120.17478753871237,120.4295425415039,40100,0.0,0.0
2024-08-27 00:00:00-04:00,120.5177289886364,121.51714101301361,119.36154234647638,121.27218627929688,47900,0.0,0.0
2024-08-28 00:00:00-04:00,120.29235566433738,121.98744554625526,120.14538881871763,120.97823333740234,56600,0.0,0.0
2024-08-29 00:00:00-04:00,121.72289715606983,122.50674773878188,120.59610400078277,120.89004516601562,42500,0.0,0.0
2024-08-30 00:00:00-04:00,121.35057103852952,122.12462887786197,120.01801671707432,121.54653930664062,45400,0.0,0.0
2024-09-03 00:00:00-04:00,119.7730762993415,121.213411471497,116.2653298484253,116.70624542236328,79900,0.0,0.0
2024-09-04 00:00:00-04:00,117.11776269796248,117.36271744550291,115.91258952630191,116.43189239501953,35300,0.0,0.0
2024-09-05 00:00:00-04:00,117.08836292153235,117.29412400116351,114.42325421796166,114.87397003173828,33400,0.0,0.0
2024-09-06 00:00:00-04:00,115.29529513082147,115.29529513082147,111.85613596645928,112.169677734375,72800,0.0,0.0
2024-09-09 00:00:00-04:00,111.74834869049461,113.55121188079653,111.28783261078652,112.34603881835938,54100,0.0,0.0
2024-09-10 00:00:00-04:00,111.88551882921529,113.11029241312237,111.49358978728009,112.85553741455078,39900,0.0,0.0
2024-09-11 00:00:00-04:00,112.12067347771391,113.19847273851961,110.67053826241961,113.05149841308594,52600,0.0,0.0
2024-09-12 00:00:00-04:00,113.12009025319357,114.59961890150944,112.02269785745202,114.34486389160156,67600,0.0,0.0
2024-09-13 00:00:00-04:00,115.21690674154331,118.0975768466606,115.21690674154331,117.9800033569336,66800,0.0,0.0
2024-09-16 00:00:00-04:00,119.02840080239001,121.15460597736651,117.66644568213327,120.94884490966797,56200,0.0,0.0
2024-09-17 00:00:00-04:00,121.7131053651338,122.44796954261568,120.2923634700805,120.8704605102539,72800,0.0,0.0
2024-09-18 00:00:00-04:00,120.8704579456671,125.45600313945158,120.38054850440724,122.35977935791016,57200,0.0,0.0
2024-09-19 00:00:00-04:00,124.80932765190363,124.80932765190363,122.55574868772356,123.8589096069336,52400,0.0,0.0
2024-09-20 00:00:00-04:00,123.60415822909346,123.65314468982888,120.8116758027205,120.9194564819336,271400,0.0,0.0
2024-09-23 00:00:00-04:00,121.58571478657873,121.72289629989852,119.38112242342892,121.3211669921875,56000,0.0,0.0
2024-09-24 00:00:00-04:00,122.30099928323551,122.30099928323551,120.61570951737518,121.57593536376953,42200,0.0,0.0
2024-09-25 00:00:00-04:00,121.63470959153256,121.63470959153256,119.2635498046875,119.2635498046875,45700,0.0,0.0
2024-09-26 00:00:00-04:00,120.70389085213027,121.1546066422422,119.62608409814,120.32176208496094,38000,0.0,0.0
2024-09-27 00:00:00-04:00,121.56612519831641,122.87908635293809,120.80186768649429,121.63471221923828,48200,0.0,0.0
2024-09-30 00:00:00-04:00,120.66469810300376,122.39897425349213,120.66469810300376,122.12462615966797,48800,0.0,0.0
2024-10-01 00:00:00-04:00,121.69350041124294,122.46755821398727,120.2237721092935,121.59552001953125,45800,0.0,0.0
2024-10-02 00:00:00-04:00,120.82146692254088,122.01684718408538,120.82146692254088,121.37017059326172,26100,0.0,0.0
2024-10-03 00:00:00-04:00,121.00763556056614,121.00763556056614,119.30275274781158,119.42032623291016,35700,0.0,0.0
2024-10-04 00:00:00-04:00,120.7332699797775,121.05661196783011,119.49869623702827,120.8018569946289,30600,0.0,0.0
2024-10-07 00:00:00-04:00,119.91021849882554,120.69407650576244,119.05778095236245,119.67506408691406,31900,0.0,0.0
2024-10-08 00:00:00-04:00,120.15519967551757,120.15519967551757,118.39152998430708,118.46991729736328,28300,0.0,0.0
2024-10-09 00:00:00-04:00,118.72464827463071,119.75346105742388,118.23473884957198,119.72406768798828,50500,0.0,0.0
2024-10-10 00:00:00-04:00,118.3523231938115,118.37191628218842,116.44167189608305,117.80362701416016,39300,0.0,0.0
2024-10-11 00:00:00-04:00,117.03935744704724,119.83184712136816,117.03935744704724,119.65547943115234,41800,0.0,0.0
2024-10-14 00:00:00-04:00,119.00880217238203,119.00880217238203,117.49008736933119,117.74483489990234,46200,0.0,0.0
2024-10-15 00:00:00-04:00,117.23533594616141,118.40131538436651,116.94138727830374,117.03936767578125,70300,0.0,0.0
2024-10-16 00:00:00-04:00,117.9702017380123,118.95982095941507,117.29412427803885,117.30392456054688,50700,0.0,0.0
2024-10-17 00:00:00-04:00,117.57826156292234,117.57826156292234,114.9327536679264,115.97135925292969,104900,0.0,0.0
2024-10-18 00:00:00-04:00,115.81458999076077,116.11833893042946,113.71777816088282,113.7961654663086,76700,0.0,0.0
2024-10-21 00:00:00-04:00,113.58060031515545,113.85494839954465,110.86650536553412,111.35641479492188,61000,0.0,0.0
2024-10-22 00:00:00-04:00,112.09129016784892,112.09129016784892,109.87689723206857,110.04346466064453,81700,0.0,0.0
2024-10-23 00:00:00-04:00,110.0924524326383,112.032489672464,109.93567782010592,111.93450927734375,62500,0.0,0.0
2024-10-24 00:00:00-04:00,117.57826873539231,130.3159145150598,117.42149412220779,121.37017059326172,239600,0.0,0.0
2024-10-25 00:00:00-04:00,121.8698796423594,122.71252454660682,117.89181705399979,118.95982360839844,98400,0.0,0.0
2024-10-28 00:00:00-04:00,120.51772215856697,121.93845654343707,118.22494956912008,118.71485900878906,63900,0.0,0.0
2024-10-29 00:00:00-04:00,116.88260045916599,116.89240074153493,115.44226544336195,115.82439422607422,53000,0.0,0.0
2024-10-30 00:00:00-04:00,115.22669153476326,117.34310377045395,115.22669153476326,116.26530456542969,46300,0.0,0.0
2024-10-31 00:00:00-04:00,116.15753128426148,117.37250460307567,115.69701521431563,117.28431701660156,52200,0.0,0.0
2024-11-01 00:00:00-04:00,117.73503321380672,118.00938128783842,116.87278786636493,117.37249755859375,35700,0.0,0.0
2024-11-04 00:00:00-05:00,116.69642537301006,117.97019288818854,116.0497488090727,116.52005767822266,42800,0.0,0.0
2024-11-05 00:00:00-05:00,116.03995399360639,119.36153950571895,116.03995399360639,119.11658477783203,48800,0.0,0.0
2024-11-06 00:00:00-05:00,125.04450575256776,132.1481861567474,125.04450575256776,130.825439453125,198300,0.0,0.0
2024-11-07 00:00:00-05:00,130.80581842777838,130.80581842777838,125.01508534962569,125.67156219482422,95500,0.0,0.0
2024-11-08 00:00:00-05:00,125.13266343815363,125.13266343815363,123.55515450420486,123.81970977783203,69100,0.0,0.0
2024-11-11 00:00:00-05:00,125.05427567392653,126.95513408828818,124.56436625464782,125.35802459716797,71100,0.0,0.0
2024-11-12 00:00:00-05:00,124.41741056858721,125.68137788074634,122.87909515309282,123.02606201171875,51000,0.0,0.0
2024-11-13 00:00:00-05:00,123.26122637631968,123.60416151227717,120.66470467476962,121.64452362060547,63900,0.0,0.0
2024-11-14 00:00:00-05:00,122.82030144479207,123.2710172557773,120.51772845317019,121.89927673339844,119300,0.0,0.0
2024-11-15 00:00:00-05:00,122.9605486764731,122.99003484731536,120.36632042919437,121.10331726074219,62500,0.36,0.0
2024-11-18 00:00:00-05:00,120.03221818670734,123.75650972283162,120.03221818670734,122.49870300292969,68500,0.0,0.0
2024-11-19 00:00:00-05:00,121.21141303367455,122.92124361618022,121.21141303367455,122.73454284667969,72200,0.0,0.0
2024-11-20 00:00:00-05:00,121.9582406084208,125.86923306811474,121.60448151696549,125.8299331665039,72300,0.0,0.0
2024-11-21 00:00:00-05:00,126.62586085718448,128.64032151184193,125.90852159764799,128.45361328125,82500,0.0,0.0
2024-11-22 00:00:00-05:00,128.90566626419525,130.78255533553238,127.96231861185444,128.13919067382812,73300,0.0,0.0
2024-11-25 00:00:00-05:00,128.95481200396057,132.8559838224386,128.95481200396057,130.73342895507812,91400,0.0,0.0
2024-11-26 00:00:00-05:00,129.888307941689,130.14380976024472,128.6206800518697,128.80738830566406,119700,0.0,0.0
2024-11-27 00:00:00-05:00,129.31837024431744,130.91027844068677,128.14899965790298,129.3380126953125,83400,0.0,0.0
2024-11-29 00:00:00-05:00,129.84901174850594,131.30334793361732,129.65248226309717,130.4680938720703,34800,0.0,0.0
2024-12-02 00:00:00-05:00,129.61316320742623,131.116635464171,129.61316320742623,130.379638671875,46300,0.0,0.0
2024-12-03 00:00:00-05:00,130.92012462211434,130.92012462211434,127.2253189086914,127.2253189086914,51200,0.0,0.0
2024-12-04 00:00:00-05:00,126.96980550845507,129.5541972250424,125.78077749869836,128.38482666015625,170900,0.0,0.0
2024-12-05 00:00:00-05:00,127.85421397672842,128.79757654100547,125.44669393527538,127.1565170288086,48500,0.0,0.0
2024-12-06 00:00:00-05:00,127.96230902196224,129.46578141302598,127.0877400167406,127.47097778320312,53300,0.0,0.0
2024-12-09 00:00:00-05:00,128.7386040382405,131.50971938454785,127.72646289964322,127.9426498413086,53900,0.0,0.0
2024-12-10 00:00:00-05:00,127.20566964554361,130.05540016135242,127.20566964554361,128.93516540527344,53700,0.0,0.0
2024-12-11 00:00:00-05:00,130.35018162670082,130.35018162670082,127.08774974852314,128.70913696289062,57900,0.0,0.0
2024-12-12 00:00:00-05:00,128.453629848111,128.79756768505814,127.14668705964542,128.4831085205078,58200,0.0,0.0
2024-12-13 00:00:00-05:00,127.88369514750583,129.41664622442065,125.4565176109775,128.39468383789062,130500,0.0,0.0
2024-12-16 00:00:00-05:00,127.56924201972826,127.92298609495654,125.49581622544721,126.22298431396484,85000,0.0,0.0
2024-12-17 00:00:00-05:00,125.88888244835539,126.56692191304532,124.3362740350372,124.97500610351562,74300,0.0,0.0
2024-12-18 00:00:00-05:00,124.87674578975161,126.27212466770473,119.96343354587205,120.38597869873047,118100,0.0,0.0
2024-12-19 00:00:00-05:00,121.00503821475311,123.27498578856414,119.66861685172432,120.95590209960938,87500,0.0,0.0
2024-12-20 00:00:00-05:00,119.18712360055329,123.22586667126598,119.18712360055329,120.48423767089844,280900,0.0,0.0
2024-12-23 00:00:00-05:00,119.94376990479037,120.38597248217656,119.0790296934845,119.62931823730469,47200,0.0,0.0
2024-12-24 00:00:00-05:00,119.23625112684799,120.44492916855322,118.30272485266784,120.34666442871094,18600,0.0,0.0
2024-12-26 00:00:00-05:00,119.96343293260243,120.25822716745647,119.22643609978813,119.63915252685547,37900,0.0,0.0
2024-12-27 00:00:00-05:00,118.60735513957738,120.31719320660751,116.9957893155937,118.027587890625,33600,0.0,0.0
2024-12-30 00:00:00-05:00,117.58538683731253,117.58538683731253,116.16052185353118,116.48480224609375,51300,0.0,0.0
2024-12-31 00:00:00-05:00,117.40850979716342,117.78191881957143,116.2587890625,116.2587890625,36800,0.0,0.0
2025-01-02 00:00:00-05:00,116.51427094329497,117.32988246792888,114.50963891151554,114.74547576904297,53700,0.0,0.0
2025-01-03 00:00:00-05:00,115.47265474255788,116.6911539562552,114.56859968357075,116.22930145263672,44200,0.0,0.0
2025-01-06 00:00:00-05:00,116.76977347391659,117.98827273697617,114.71600518258516,115.60040283203125,87600,0.0,0.0
2025-01-07 00:00:00-05:00,119.1085059133969,122.06632176976605,115.23681374578965,117.71312713623047,137100,0.0,0.0
2025-01-08 00:00:00-05:00,117.58538740958204,121.12297058105469,117.23162834272286,121.12297058105469,113000,0.0,0.0
2025-01-10 00:00:00-05:00,119.236249260081,121.85013478225288,118.5090812000899,120.92642974853516,81200,0.0,0.0
2025-01-13 00:00:00-05:00,119.78655351475726,125.14206083981075,119.78655351475726,125.06344604492188,108400,0.0,0.0
2025-01-14 00:00:00-05:00,125.25998582777457,127.21548953440228,124.08078636948173,126.08541870117188,71800,0.0,0.0
2025-01-15 00:00:00-05:00,128.0015974443377,129.20044675893558,126.76344823162891,128.3455352783203,76300,0.0,0.0
2025-01-16 00:00:00-05:00,129.1513148743344,129.3282019072274,127.29408349727015,129.00392150878906,52400,0.0,0.0
2025-01-17 00:00:00-05:00,130.3895060330769,131.03806696381068,128.9744694548366,130.73342895507812,63800,0.0,0.0
2025-01-21 00:00:00-05:00,132.64961331114924,133.92706253723472,132.22706064857923,132.89527893066406,120000,0.0,0.0
2025-01-22 00:00:00-05:00,132.50221535024306,133.602807608198,132.2860283885505,132.4530792236328,127700,0.0,0.0
2025-01-23 00:00:00-05:00,132.28600382423917,136.74729939339147,132.23688270099095,136.6392059326172,109400,0.0,0.0
2025-01-24 00:00:00-05:00,136.3739020098102,136.81609714069418,134.16291136115018,136.04962158203125,51200,0.0,0.0
2025-01-27 00:00:00-05:00,136.81608842315123,137.82822954495222,135.86290464914617,136.30511474609375,71000,0.0,0.0
2025-01-28 00:00:00-05:00,135.43053394884478,137.82821751733283,134.3102844615248,134.46751403808594,84100,0.0,0.0
2025-01-29 00:00:00-05:00,134.1629141680704,136.13806045760376,131.5293857820259,132.71839904785156,93800,0.0,0.0
2025-01-30 00:00:00-05:00,134.45769558597613,134.94902677718662,132.23688399963032,133.84844970703125,57100,0.0,0.0
2025-01-31 00:00:00-05:00,132.89526283128333,133.5634660381803,131.10681014063968,131.86346435546875,71700,0.0,0.0
2025-02-03 00:00:00-05:00,129.26924345462868,130.64496483540606,127.33339730109577,128.86634826660156,71400,0.0,0.0
2025-02-04 00:00:00-05:00,127.98195439297119,130.26172332868015,127.62819533467729,128.66981506347656,129900,0.0,0.0
2025-02-05 00:00:00-05:00,128.12936318258093,130.900478638626,127.59873202835946,130.4877471923828,62500,0.0,0.0
2025-02-06 00:00:00-05:00,131.49004562402652,131.49004562402652,128.95477498158516,129.3380126953125,36000,0.0,0.0
2025-02-07 00:00:00-05:00,129.8391970975796,129.8391970975796,127.146696528985,127.90335083007812,40700,0.0,0.0
2025-02-10 00:00:00-05:00,128.34554478775053,128.74843999587006,127.2744463025696,127.3727035522461,53000,0.0,0.0
2025-02-11 00:00:00-05:00,126.5669257329517,129.9571081644817,126.5669257329517,129.63282775878906,75400,0.0,0.0
2025-02-12 00:00:00-05:00,127.55940789224651,129.05305898719615,126.50796688706504,127.28426361083984,59600,0.0,0.0
2025-02-13 00:00:00-05:00,127.63803535716703,128.98427822442707,127.38254849742316,128.18832397460938,58400,0.0,0.0
2025-02-14 00:00:00-05:00,128.59230259666575,131.12474060058594,128.59230259666575,131.12474060058594,63200,0.36,0.0
2025-02-18 00:00:00-05:00,131.58788994478894,135.96298790785758,130.33646578001404,135.5786895751953,83400,0.0,0.0
2025-02-19 00:00:00-05:00,134.484889139251,137.60854729918614,133.78527655781002,136.53448486328125,60500,0.0,0.0
2025-02-20 00:00:00-05:00,135.63780369403557,136.51479292653585,134.47506034485403,135.09585571289062,51100,0.0,0.0
2025-02-21 00:00:00-05:00,136.61333378379385,136.83011898524416,133.40099449025396,133.4108428955078,79200,0.0,0.0
2025-02-24 00:00:00-05:00,133.21375616891547,133.5487823427164,129.25251747316418,129.5579833984375,92200,0.0,0.0
2025-02-25 00:00:00-05:00,129.57768526543774,132.74076693592767,129.4988529301901,131.6864013671875,74800,0.0,0.0
2025-02-26 00:00:00-05:00,131.44992326091503,132.69151392491412,130.4941017327419,130.67147827148438,41500,0.0,0.0
2025-02-27 00:00:00-05:00,130.40540699721927,132.69149969574727,130.40540699721927,130.9276580810547,46900,0.0,0.0
2025-02-28 00:00:00-05:00,130.34630911278526,132.46487406295077,128.12919996393285,130.1886444091797,90800,0.0,0.0
2025-03-03 00:00:00-05:00,130.6123494212416,131.49918695106572,126.13870801202026,126.55256652832031,60200,0.0,0.0
2025-03-04 00:00:00-05:00,124.9562624714519,126.07959711140711,122.38441539632642,124.84786987304688,70200,0.0,0.0
2025-03-05 00:00:00-05:00,126.71022980270664,127.98138062181854,125.6066071048427,127.95182037353516,115500,0.0,0.0
2025-03-06 00:00:00-05:00,127.00584637461269,129.27222728574608,125.71499875675447,128.12918090820312,74300,0.0,0.0
2025-03-07 00:00:00-05:00,127.5379591240456,130.45469586701796,127.14381241844019,130.0802459716797,72900,0.0,0.0
2025-03-10 00:00:00-04:00,129.06529153261712,130.43497150136838,128.06021301907472,128.99632263183594,73500,0.0,0.0
2025-03-11 00:00:00-04:00,129.6072542885386,130.26745822574884,127.95182024342603,128.50363159179688,59200,0.0,0.0
2025-03-12 00:00:00-04:00,128.55291382651848,128.55291382651848,124.64093943335091,125.88252258300781,107000,0.0,0.0
2025-03-13 00:00:00-04:00,125.49822428966317,127.10440140489649,125.37997576945467,125.88252258300781,50400,0.0,0.0
2025-03-14 00:00:00-04:00,127.02556625989766,130.0703922889961,125.5967581975185,128.56275939941406,111100,0.0,0.0
2025-03-17 00:00:00-04:00,127.48869173108227,128.77953937842392,127.1733623635655,128.0306396484375,62800,0.0,0.0
2025-03-18 00:00:00-04:00,127.60696123719765,128.15877271791115,127.0255895011413,127.4000244140625,48400,0.0,0.0
2025-03-19 00:00:00-04:00,127.01570631339759,127.80401475004106,125.51792930521466,127.05513000488281,56500,0.0,0.0
2025-03-20 00:00:00-04:00,126.16827980618031,126.96645169894013,125.71501259549673,126.03033447265625,45000,0.0,0.0
2025-03-21 00:00:00-04:00,124.9956826917858,126.50332319535433,123.67527465809314,125.06465911865234,198500,0.0,0.0
2025-03-24 00:00:00-04:00,125.93179778847744,127.12410135348574,125.23217009063636,126.82849884033203,63300,0.0,0.0
2025-03-25 00:00:00-04:00,126.72008899467184,129.02587849787,125.12376798008928,128.04049682617188,106600,0.0,0.0
2025-03-26 00:00:00-04:00,127.29160064049992,130.53351484973135,127.29160064049992,128.6218719482422,62800,0.0,0.0
2025-03-27 00:00:00-04:00,129.68610298024177,129.82405583472791,128.18831839172572,129.0653076171875,46600,0.0,0.0
2025-03-28 00:00:00-04:00,128.14889834354577,129.76492379633945,124.02014644563705,124.85771942138672,49900,0.0,0.0
2025-03-31 00:00:00-04:00,123.14315689768735,126.00076543906967,121.82274146058178,124.67049407958984,85500,0.0,0.0
2025-04-01 00:00:00-04:00,123.8624826148618,126.70038685820847,122.86725246306169,125.724853515625,98200,0.0,0.0
2025-04-02 00:00:00-04:00,124.88729451358167,128.54306030273438,124.70992547851836,128.54306030273438,139800,0.0,0.0
2025-04-03 00:00:00-04:00,125.14346779118404,132.92797670248515,122.25629929654684,127.39013671875,259600,0.0,0.0
2025-04-04 00:00:00-04:00,125.14348082922773,125.14348082922773,115.72323381189433,118.03887939453125,142900,0.0,0.0
2025-04-07 00:00:00-04:00,113.56525477693398,120.3643908398205,113.56525477693398,117.87137603759766,225600,0.0,0.0
2025-04-08 00:00:00-04:00,120.83737056097492,120.83737056097492,113.13168498587517,114.61961364746094,103800,0.0,0.0
2025-04-09 00:00:00-04:00,113.32875904892934,124.58181701596259,113.32875904892934,124.45372009277344,156200,0.0,0.0
2025-04-10 00:00:00-04:00,122.74900567114476,123.05447161134774,119.28046518017034,121.6847915649414,102100,0.0,0.0
2025-04-11 00:00:00-04:00,121.37932398900399,125.91207852509737,120.75853619435102,124.92669677734375,69700,0.0,0.0
2025-04-14 00:00:00-04:00,126.55258291614432,127.15366644197849,124.80846787925532,125.57706451416016,88100,0.0,0.0
2025-04-15 00:00:00-04:00,124.76903770642167,127.37043736156939,124.76903770642167,126.63140106201172,98400,0.0,0.0
2025-04-16 00:00:00-04:00,125.43911438505778,125.43911438505778,121.61582793853809,122.95594787597656,106800,0.0,0.0
2025-04-17 00:00:00-04:00,122.94608011538169,123.38950642253056,121.39903103744369,122.2464599609375,75100,0.0,0.0
2025-04-21 00:00:00-04:00,120.74869166224599,122.19720417094237,119.66477314104286,120.47278594970703,62700,0.0,0.0
2025-04-22 00:00:00-04:00,122.41398437307396,124.00044215530046,120.95561600060257,122.76871490478516,116700,0.0,0.0
2025-04-23 00:00:00-04:00,125.78397512126955,126.88760532830301,123.02490336261876,123.89204406738281,57800,0.0,0.0
2025-04-24 00:00:00-04:00,123.55700852700834,128.22772311340054,123.55700852700834,127.74488067626953,112200,0.0,0.0
2025-04-25 00:00:00-04:00,126.92703825070811,127.0452792655193,125.419405168928,126.7890853881836,67100,0.0,0.0
2025-04-28 00:00:00-04:00,127.0354263264866,129.89304271357415,124.79861283434138,126.44420623779297,50200,0.0,0.0
2025-04-29 00:00:00-04:00,126.12886413566268,128.0010834483835,125.88251869789771,127.20292663574219,43500,0.0,0.0
2025-04-30 00:00:00-04:00,126.9861454170572,127.5970923461096,124.09898401335472,127.17337036132812,62700,0.0,0.0
2025-05-01 00:00:00-04:00,126.34566441609306,129.6565480965777,125.72486902733529,128.49378967285156,53500,0.0,0.0
2025-05-02 00:00:00-04:00,130.59264131126034,131.65685539891987,129.0652966011268,130.81927490234375,37000,0.0,0.0
2025-05-05 00:00:00-04:00,129.97185294798447,132.7604852364517,129.10472719133668,130.19850158691406,70600,0.0,0.0
2025-05-06 00:00:00-04:00,129.64668373696398,134.01191766127917,129.33135436060948,132.6028289794922,98000,0.0,0.0
2025-05-07 00:00:00-04:00,133.2729088766933,133.923264572949,129.70583102540306,130.42515563964844,77200,0.0,0.0
2025-05-08 00:00:00-04:00,131.6075652579619,131.9524548353139,128.80908509770777,131.41049194335938,62100,0.0,0.0
2025-05-09 00:00:00-04:00,131.87365841973406,132.4747419662088,130.73061183369452,132.12985229492188,79200,0.0,0.0
2025-05-12 00:00:00-04:00,135.923560370958,137.3425124901009,135.00714752912313,135.7954559326172,51300,0.0,0.0
2025-05-13 00:00:00-04:00,137.10601913283267,138.62350044574885,136.36698280395026,136.86952209472656,48800,0.0,0.0
2025-05-14 00:00:00-04:00,136.6330345481068,137.5888560308683,134.66227108438932,135.65750122070312,65300,0.0,0.0
2025-05-15 00:00:00-04:00,136.3078530433955,140.5154371333323,136.2585809510041,139.3723907470703,112400,0.0,0.0
2025-05-16 00:00:00-04:00,139.72804699540538,140.77521460093166,138.57221020020555,140.12319946289062,63600,0.36,0.0
2025-05-19 00:00:00-04:00,139.0562662789683,141.05182086093683,138.90808787584442,141.0320587158203,42100,0.0,0.0
2025-05-20 00:00:00-04:00,140.28125339680562,141.9508003033136,138.7203756698366,139.3723907470703,58400,0.0,0.0
2025-05-21 00:00:00-04:00,137.70285227715172,139.14518737811758,136.09257662917267,137.10023498535156,43100,0.0,0.0
2025-05-22 00:00:00-04:00,136.06291802543817,136.80384005901576,135.31212245808794,135.42079162597656,60700,0.0,0.0
2025-05-23 00:00:00-04:00,133.5437937822086,136.3296681495273,133.5437937822086,136.30990600585938,92600,0.0,0.0
2025-05-27 00:00:00-04:00,138.1177664197936,139.55021290648205,136.3988366654074,138.12765502929688,124600,0.0,0.0
2025-05-28 00:00:00-04:00,138.22644898962454,138.72039714142028,136.52726614151914,137.99923706054688,82700,0.0,0.0
2025-05-29 00:00:00-04:00,139.16493053568445,139.86634345852158,138.08812731353262,139.03651428222656,99100,0.0,0.0
2025-05-30 00:00:00-04:00,139.04640407026574,139.04640407026574,137.4361282793453,137.71273803710938,112900,0.0,0.0
2025-06-02 00:00:00-04:00,137.297812759577,138.18692840413988,136.20124734981948,138.10789489746094,61900,0.0,0.0
2025-06-03 00:00:00-04:00,138.73027033632357,142.33610088001817,137.30771232489832,137.56455993652344,115600,0.0,0.0
2025-06-04 00:00:00-04:00,137.48551421216638,138.22643637222814,134.70952826432435,134.9071044921875,105900,0.0,0.0
2025-06-05 00:00:00-04:00,135.08492954276983,135.10467661308593,133.4450182605665,133.63272094726562,69900,0.0,0.0
2025-06-06 00:00:00-04:00,135.4306912765701,135.85549449627206,133.36599176262172,133.71176147460938,57600,0.0,0.0
2025-06-09 00:00:00-04:00,134.0377289303873,136.36916421312455,134.0377289303873,135.55909729003906,64400,0.0,0.0
2025-06-10 00:00:00-04:00,134.35387960546583,136.58651953105738,133.4054926462353,136.5667724609375,125200,0.0,0.0
2025-06-11 00:00:00-04:00,137.06073325192347,137.06073325192347,135.44058398006118,135.56900024414062,99000,0.0,0.0
2025-06-12 00:00:00-04:00,135.1046780175316,135.89499798727522,134.4921872011776,134.64036560058594,100000,0.0,0.0
2025-06-13 00:00:00-04:00,133.36598629278276,134.35388248754413,131.84463278545414,132.59542846679688,76200,0.0,0.0
2025-06-16 00:00:00-04:00,134.14641459842875,134.9070988718159,132.6349346608006,133.93896484375,101900,0.0,0.0
2025-06-17 00:00:00-04:00,132.53615478514385,134.42304010186672,132.53615478514385,133.49441528320312,88200,0.0,0.0
2025-06-18 00:00:00-04:00,132.92143209059103,135.17383414213435,131.5087327353121,133.21780395507812,75200,0.0,0.0
2025-06-20 00:00:00-04:00,134.09704168613536,134.62062548991346,133.2375617028332,134.1365509033203,173000,0.0,0.0
2025-06-23 00:00:00-04:00,133.69200609933887,135.22324835638324,131.8446448695292,135.1046905517578,85600,0.0,0.0
2025-06-24 00:00:00-04:00,136.51737664938565,137.31757014991413,134.20570318694797,136.54701232910156,109900,0.0,0.0
2025-06-25 00:00:00-04:00,135.87523943580413,137.31757454928552,134.798436174029,135.62826538085938,120700,0.0,0.0
2025-06-26 00:00:00-04:00,146.19876396440168,149.1328168823173,138.06836739062632,141.49636840820312,261300,0.0,0.0
2025-06-27 00:00:00-04:00,143.9167046418121,143.9167046418121,139.49093408763767,140.9727783203125,340800,0.0,0.0
2025-06-30 00:00:00-04:00,142.01995375064206,143.77840779885727,138.83892674789323,142.5040283203125,217100,0.0,0.0
2025-07-01 00:00:00-04:00,141.96067648318294,147.74974863700493,141.96067648318294,145.77395629882812,275200,0.0,0.0
2025-07-02 00:00:00-04:00,144.26247706162954,146.26790508862044,142.41511604023873,145.32940673828125,325100,0.0,0.0
2025-07-03 00:00:00-04:00,144.13404593174087,147.35459711030978,142.39535409006825,146.4951171875,237800,0.0,0.0
2025-07-07 00:00:00-04:00,146.2876793546065,146.95944157292183,143.00785655007704,144.19334411621094,278800,0.0,0.0
2025-07-08 00:00:00-04:00,144.19334890002673,145.82337174638826,139.11556258017254,143.7092742919922,180700,0.0,0.0
2025-07-09 00:00:00-04:00,143.5314242310174,146.1098337716512,141.15060597860295,142.01007080078125,232600,0.0,0.0
2025-07-10 00:00:00-04:00,141.38770104278825,143.08688373341707,138.8982134418111,138.9969940185547,174000,0.0,0.0
2025-07-11 00:00:00-04:00,137.82140009624553,139.75768337443017,135.9740389366743,136.46798706054688,146400,0.0,0.0
2025-07-14 00:00:00-04:00,135.33189509471805,136.06292857711725,133.79076448312023,134.44277954101562,156000,0.0,0.0
2025-07-15 00:00:00-04:00,135.03552190128585,135.43067431627134,132.27928330853234,134.0179901123047,312300,0.0,0.0
2025-07-16 00:00:00-04:00,134.35389630919477,135.6776737285746,132.368230180125,134.21559143066406,119900,0.0,0.0
2025-07-17 00:00:00-04:00,133.9587314893104,137.0705985068531,133.9587314893104,136.96192932128906,185400,0.0,0.0
2025-07-18 00:00:00-04:00,137.7028650051162,137.7028650051162,134.02788955381857,135.5196075439453,169700,0.0,0.0
2025-07-21 00:00:00-04:00,136.5568956881642,136.56678429818055,133.119020926904,133.533935546875,70600,0.0,0.0
2025-07-22 00:00:00-04:00,132.85227695478235,136.36918502020845,132.85227695478235,135.36154174804688,117200,0.0,0.0
2025-07-23 00:00:00-04:00,135.69743028638365,136.83350495080234,135.0553037498167,136.45811462402344,70200,0.0,0.0
2025-07-24 00:00:00-04:00,131.86437810462758,135.9443941585147,131.86437810462758,135.8258514404297,112200,0.0,0.0
2025-07-25 00:00:00-04:00,136.92240398565258,137.31755639167284,133.75125090688203,136.09255981445312,78600,0.0,0.0
2025-07-28 00:00:00-04:00,135.4010537269401,137.95970132321912,135.08493477454542,136.2111358642578,89400,0.0,0.0
2025-07-29 00:00:00-04:00,137.32744993637615,137.32744993637615,133.8204303681559,135.17384338378906,72300,0.0,0.0
2025-07-30 00:00:00-04:00,135.677659529541,135.98390493751666,133.06961418297143,134.05751037597656,66800,0.0,0.0
2025-07-31 00:00:00-04:00,133.0399863080083,135.86537018872042,133.0399863080083,134.8577117919922,77600,0.0,0.0
2025-08-01 00:00:00-04:00,133.69200018534406,133.69200018534406,131.21238604559076,131.80511474609375,70300,0.0,0.0
2025-08-04 00:00:00-04:00,132.29904077170397,133.94882541076322,132.02243107617895,133.77101135253906,65400,0.0,0.0
2025-08-05 00:00:00-04:00,133.52406193687213,134.38352685818512,132.68434408737966,134.26498413085938,64400,0.0,0.0
2025-08-06 00:00:00-04:00,134.4428019095414,134.4428019095414,132.51640716715474,133.79078674316406,77800,0.0,0.0
2025-08-07 00:00:00-04:00,134.08715864370842,134.74904734626685,132.66458558037638,133.79078674316406,47500,0.0,0.0
2025-08-08 00:00:00-04:00,134.2847199671021,135.47020743757267,134.03774592310396,134.22544860839844,33700,0.0,0.0
2025-08-11 00:00:00-04:00,134.15629404648308,135.59861391799416,133.46476978794365,135.34176635742188,70200,0.0,0.0
2025-08-12 00:00:00-04:00,136.78411191444226,138.8685734602394,135.7072936203598,138.45364379882812,103200,0.0,0.0
2025-08-13 00:00:00-04:00,139.28349086443987,141.38769952306995,137.39660550194972,141.3481903076172,143000,0.0,0.0
2025-08-14 00:00:00-04:00,139.5996081859605,139.88610652253354,137.376841758637,139.02662658691406,72900,0.0,0.0
2025-08-15 00:00:00-04:00,139.18511556362137,139.18511556362137,136.64943704667095,137.1545867919922,95200,0.37,0.0
2025-08-18 00:00:00-04:00,137.36259528646664,139.4822807608355,136.25323961780347,138.46205139160156,75200,0.0,0.0
2025-08-19 00:00:00-04:00,139.03653541007708,139.967608198254,138.4422442422324,139.49217224121094,55100,0.0,0.0
2025-08-20 00:00:00-04:00,139.5714000527125,140.81942498215267,136.85742380621363,137.21400451660156,62000,0.0,0.0
2025-08-21 00:00:00-04:00,136.9168701171875,137.94699902746038,136.01552621299513,136.9168701171875,60800,0.0,0.0
2025-08-22 00:00:00-04:00,137.006015081236,142.443852306646,137.006015081236,141.7108917236328,118600,0.0,0.0
2025-08-25 00:00:00-04:00,141.43353572636147,141.80003112653242,138.1351829216725,138.5016632080078,101800,0.0,0.0
2025-08-26 00:00:00-04:00,138.56109043570885,138.9176711587446,137.30315078585554,137.49134826660156,75200,0.0,0.0
2025-08-27 00:00:00-04:00,136.65932503707134,139.33367277414712,136.27303053186967,139.095947265625,107500,0.0,0.0
2025-08-28 00:00:00-04:00,140.11619166177869,140.27466023748457,137.3031590708292,138.08566284179688,70600,0.0,0.0
2025-08-29 00:00:00-04:00,137.34278446749366,139.1653015148154,134.7575779059746,135.92636108398438,91300,0.0,0.0
2025-09-02 00:00:00-04:00,135.14387648677015,136.55038523582854,134.21280369605233,135.71836853027344,88700,0.0,0.0
2025-09-03 00:00:00-04:00,135.10425158268498,136.1938080929635,134.57928756786998,135.11416625976562,70400,0.0,0.0
2025-09-04 00:00:00-04:00,135.4310976163542,137.67953745998452,135.4310976163542,137.2041015625,99500,0.0,0.0
2025-09-05 00:00:00-04:00,137.63001305175078,139.66054168051105,137.21400474125628,139.14547729492188,65700,0.0,0.0
2025-09-08 00:00:00-04:00,138.92759606409413,139.84876939740755,137.5012880256009,139.05636596679688,77800,0.0,0.0
2025-09-09 00:00:00-04:00,139.2940813526775,140.08646961155435,135.8768427524627,136.78811645507812,79800,0.0,0.0
2025-09-10 00:00:00-04:00,136.21362193184876,137.9568972293197,135.4113190102068,136.34237670898438,70100,0.0,0.0
2025-09-11 00:00:00-04:00,136.98620412410457,139.71997970293333,135.56978073653005,139.48226928710938,86700,0.0,0.0
2025-09-12 00:00:00-04:00,138.53137708136782,139.18511092801268,136.99609854352087,138.19461059570312,120200,0.0,0.0
2025-09-15 00:00:00-04:00,138.4125301316035,139.47235769117881,137.60031255603516,138.4818572998047,77300,0.0,0.0
2025-09-16 00:00:00-04:00,138.1649038944763,139.73979587645414,138.07574737347204,139.2247314453125,99400,0.0,0.0
2025-09-17 00:00:00-04:00,140.2449493380408,141.14630833790548,138.1153795033896,138.3134765625,91400,0.0,0.0
2025-09-18 00:00:00-04:00,137.8677554541347,140.75011529479366,137.82812697370784,139.8091278076172,101900,0.0,0.0
2025-09-19 00:00:00-04:00,139.96759451733197,140.09636439233836,137.4814442134381,137.61019897460938,179500,0.0,0.0
2025-09-22 00:00:00-04:00,137.5805030242072,139.8685717021997,136.73858673103152,139.06625366210938,82100,0.0,0.0
2025-09-23 00:00:00-04:00,139.08606411462418,141.4929879416709,138.06584991348944,138.35308837890625,135700,0.0,0.0
2025-09-24 00:00:00-04:00,138.0559434613282,139.64073495121178,136.38199545353146,136.4018096923828,118000,0.0,0.0
2025-09-25 00:00:00-04:00,136.12445209098343,137.18429469088983,135.6292019296445,136.69894409179688,114100,0.0,0.0
2025-09-26 00:00:00-04:00,136.35228845631704,138.43233022443007,136.04523575106012,138.35308837890625,94900,0.0,0.0
2025-09-29 00:00:00-04:00,138.8087203194827,139.39311190655607,137.10505848536266,138.6898651123047,141500,0.0,0.0
2025-09-30 00:00:00-04:00,138.05594824777012,140.1954175889808,137.83803695435776,139.2247314453125,104300,0.0,0.0
2025-10-01 00:00:00-04:00,138.15499026659816,140.05674920313183,137.7389819161536,138.78890991210938,158900,0.0,0.0
2025-10-02 00:00:00-04:00,139.4723632125651,141.2156536432518,138.6304469148695,140.4727783203125,125900,0.0,0.0
2025-10-03 00:00:00-04:00,140.8491512913913,141.8594659128607,139.72989613718966,139.83883666992188,115700,0.0,0.0
2025-10-06 00:00:00-04:00,140.51238496624842,141.37411546321056,138.62052560700297,139.2247314453125,70900,0.0,0.0
2025-10-07 00:00:00-04:00,139.12569679229242,140.56191939038644,137.78851516871418,137.83804321289062,149400,0.0,0.0
2025-10-08 00:00:00-04:00,138.64034297826893,139.9279965282915,137.72908441879488,138.53138732910156,147200,0.0,0.0
2025-10-09 00:00:00-04:00,139.58131917657983,139.58131917657983,135.02502625400004,135.0745391845703,85700,0.0,0.0
2025-10-10 00:00:00-04:00,135.20328829725193,135.27263057153226,131.0828035027772,131.54833984375,74900,0.0,0.0
2025-10-13 00:00:00-04:00,132.91524900930648,134.34157198114704,130.7757645515456,131.28091430664062,122200,0.0,0.0
2025-10-14 00:00:00-04:00,129.66641069618876,133.41050099055994,129.66641069618876,132.5586700439453,110500,0.0,0.0
2025-10-15 00:00:00-04:00,134.21279189411766,134.62880021031373,131.4493026815883,133.18267822265625,91100,0.0,0.0
2025-10-16 00:00:00-04:00,133.86613201587207,134.99530194324606,129.36926654758264,129.77537536621094,155300,0.0,0.0
2025-10-17 00:00:00-04:00,129.85461796682435,131.3403686753059,128.01228648375368,128.63629150390625,139700,0.0,0.0
2025-10-20 00:00:00-04:00,130.29040496839022,130.29040496839022,125.49638706436335,127.8537826538086,207600,0.0,0.0
2025-10-21 00:00:00-04:00,128.34904526112103,128.78486786082038,126.7246251892288,127.62598419189453,270300,0.0,0.0
2025-10-22 00:00:00-04:00,127.60616345007928,127.60616345007928,116.29465112970325,121.48487091064453,376700,0.0,0.0
2025-10-23 00:00:00-04:00,114.55137179517487,117.91907463785891,108.82628074107113,116.09654998779297,606300,0.0,0.0
2025-10-24 00:00:00-04:00,117.83982793837792,120.93018419630468,114.71975032211743,115.51215362548828,187900,0.0,0.0
2025-10-27 00:00:00-04:00,115.16547436532947,116.00740572295491,112.98637658033184,113.32315063476562,170700,0.0,0.0
2025-10-28 00:00:00-04:00,113.06562223975388,113.06562223975388,107.6673905223386,108.43998718261719,182700,0.0,0.0
2025-10-29 00:00:00-04:00,108.02396695833443,110.59927394260923,108.02396695833443,110.49031829833984,174300,0.0,0.0
2025-10-30 00:00:00-04:00,110.25259698306229,110.79737522522322,108.60837025049003,109.05409240722656,157500,0.0,0.0
2025-10-31 00:00:00-04:00,108.55884558584903,111.14405231196983,108.2815066746346,110.18326568603516,151100,0.0,0.0
2025-11-03 00:00:00-05:00,109.60878094762067,111.38177006297006,108.61828052000185,111.10443115234375,161200,0.0,0.0
2025-11-04 00:00:00-05:00,110.51012042071187,111.88691526121495,109.2521883391213,111.22328186035156,111500,0.0,0.0
2025-11-05 00:00:00-05:00,113.39248295457972,116.85923416617455,112.46141021096624,113.9966812133789,168400,0.0,0.0
2025-11-06 00:00:00-05:00,113.64010788677601,114.60088687344488,110.55965120981791,110.9459457397461,156200,0.0,0.0
2025-11-07 00:00:00-05:00,109.90592489111344,111.29262698033709,108.23197677536417,109.8266830444336,153800,0.0,0.0
2025-11-10 00:00:00-05:00,110.44079320925717,111.87701574840398,109.41067189939893,110.41107940673828,109900,0.0,0.0
2025-11-11 00:00:00-05:00,110.39126497240501,112.07512016238181,109.55924827567063,111.33224487304688,92000,0.0,0.0
2025-11-12 00:00:00-05:00,111.50063283477499,112.98638347620324,111.00538262096558,111.10443115234375,95900,0.0,0.0
2025-11-13 00:00:00-05:00,110.52003885591296,111.99588236816145,110.45070412867761,110.81718444824219,112600,0.0,0.0
2025-11-14 00:00:00-05:00,110.80724695442846,110.87681173892283,108.7600482261718,109.3861312866211,83800,0.37,0.0
2025-11-17 00:00:00-05:00,109.3364370090665,109.3364370090665,105.44079398096288,105.90787506103516,133500,0.0,0.0
2025-11-18 00:00:00-05:00,106.03706094362752,107.97494997973986,105.83830659315099,107.05072784423828,138800,0.0,0.0
2025-11-19 00:00:00-05:00,106.52402688321214,110.13147082576133,106.04700580537444,108.13395690917969,166900,0.0,0.0
2025-11-20 00:00:00-05:00,108.49172231285137,112.54637499321228,107.16998381554859,108.90911102294922,176500,0.0,0.0
2025-11-21 00:00:00-05:00,109.28675332751577,112.67556292229966,108.60103789810508,112.00972747802734,151800,0.0,0.0
2025-11-24 00:00:00-05:00,111.90041111865341,114.2855013590673,111.39357764184214,113.5401611328125,191300,0.0,0.0
2025-11-25 00:00:00-05:00,114.116559137518,117.24698959714739,113.49046849639642,117.1376724243164,170500,0.0,0.0
2025-11-26 00:00:00-05:00,115.94512054611681,118.49915268031113,115.71655379568288,115.72648620605469,184700,0.0,0.0
2025-11-28 00:00:00-05:00,116.5215201799244,116.5215201799244,113.68922888171498,114.21593475341797,86400,0.0,0.0
2025-12-01 00:00:00-05:00,114.03705068734976,116.62089519959707,112.81468942233673,116.2730712890625,184200,0.0,0.0
2025-12-02 00:00:00-05:00,116.30287720334532,119.21467306127116,115.24946553814085,116.35256958007812,143300,0.0,0.0
2025-12-03 00:00:00-05:00,117.19729540593578,118.38983671404588,116.32276561878787,117.81344604492188,92700,0.0,0.0
2025-12-04 00:00:00-05:00,117.20723289331929,118.17120742806833,116.64077464677503,117.23704528808594,115200,0.0,0.0
2025-12-05 00:00:00-05:00,116.28301122605545,118.14138793945312,116.28301122605545,118.14138793945312,109500,0.0,0.0
2025-12-08 00:00:00-05:00,118.06188925777873,118.68797228854542,116.82958801659785,117.43579864501953,113100,0.0,0.0
2025-12-09 00:00:00-05:00,117.25692139357926,118.9364237837372,117.25692139357926,118.10163879394531,76000,0.0,0.0
2025-12-10 00:00:00-05:00,119.19480786009338,121.77865238444878,117.31655115241244,121.19231414794922,115800,0.0,0.0
2025-12-11 00:00:00-05:00,121.62957921338219,126.0419955165749,121.62957921338219,122.47429656982422,173100,0.0,0.0
2025-12-12 00:00:00-05:00,122.30536396305531,124.28299794060923,121.15257500288067,121.58983612060547,139200,0.0,0.0
2025-12-15 00:00:00-05:00,121.42089111320777,121.63952545759348,114.68301673546631,117.96250915527344,224900,0.0,0.0
2025-12-16 00:00:00-05:00,120.84449023578472,122.33517064391198,118.66810199567391,121.19231414794922,211200,0.0,0.0
2025-12-17 00:00:00-05:00,120.52648314893337,122.84200862101586,119.92027248745265,121.37120056152344,86200,0.0,0.0
2025-12-18 00:00:00-05:00,121.9972875467108,123.02088688740807,120.23828040734391,120.64573669433594,116200,0.0,0.0
2025-12-19 00:00:00-05:00,120.24822431533616,120.96375215248017,119.15506015614078,119.8507080078125,329700,0.0,0.0
2025-12-22 00:00:00-05:00,120.06933547966702,121.84821497791428,118.65815987166947,119.23455810546875,77800,0.0,0.0
2025-12-23 00:00:00-05:00,120.73516721611652,120.73516721611652,116.32275857760432,116.8494644165039,132000,0.0,0.0
2025-12-24 00:00:00-05:00,117.71405697661808,118.17120562939053,116.9687167908261,117.9128189086914,51600,0.0,0.0
2025-12-26 00:00:00-05:00,118.09170539413645,120.08921170977693,117.03828606865214,118.2308349609375,55200,0.0,0.0
2025-12-29 00:00:00-05:00,118.04201382533302,119.37369229357564,117.15754403801954,117.75381469726562,61400,0.0,0.0
2025-12-30 00:00:00-05:00,117.7935629707417,118.81716229005669,117.43579907129283,118.13145446777344,64800,0.0,0.0
2025-12-31 00:00:00-05:00,118.12151939780239,120.0196485604267,116.968722877764,117.1376724243164,135200,0.0,0.0
2026-01-02 00:00:00-05:00,117.88301326652038,120.88424658380508,116.5215223863058,120.39729309082031,161000,0.0,0.0
2026-01-05 00:00:00-05:00,119.78114126601318,122.63331257526269,119.75132887028467,120.24822235107422,84300,0.0,0.0
2026-01-06 00:00:00-05:00,119.5823896450737,123.49790520761032,119.51282485944975,123.45816040039062,91500,0.0,0.0
2026-01-07 00:00:00-05:00,122.50411293077183,123.32895791181524,116.10413018388626,117.80350494384766,240700,0.0,0.0
2026-01-08 00:00:00-05:00,115.27928729020219,128.0295757989606,115.27928729020219,125.85317993164062,320800,0.0,0.0
2026-01-09 00:00:00-05:00,125.69417384700961,125.80348343353252,121.93765289455486,124.36249542236328,165400,0.0,0.0
2026-01-12 00:00:00-05:00,123.01094685374349,127.06559940950832,121.75877317993528,122.5836181640625,162800,0.0,0.0
2026-01-13 00:00:00-05:00,122.93144758774027,123.49790586856489,121.66934144695315,122.63331604003906,132000,0.0,0.0
2026-01-14 00:00:00-05:00,122.93143959687272,124.80969627867286,121.83827549570746,123.94510650634766,114400,0.0,0.0
2026-01-15 00:00:00-05:00,124.30287780504369,126.23081939866174,123.57740997049127,125.604736328125,102200,0.0,0.0
2026-01-16 00:00:00-05:00,125.32647398174556,125.32647398174556,123.49790203490392,123.63703918457031,85000,0.0,0.0
2026-01-20 00:00:00-05:00,124.3823763767546,124.3823763767546,121.6295823219334,122.2258529663086,82700,0.0,0.0
2026-01-21 00:00:00-05:00,122.92150989008178,125.49541444323363,122.56374598263318,124.93889617919922,107700,0.0,0.0
2026-01-22 00:00:00-05:00,125.55503845214844,126.34013104516224,124.69044866619086,125.55503845214844,68400,0.0,0.0
2026-01-23 00:00:00-05:00,124.38237850570306,125.6742969936299,122.86187810083115,124.04448699951172,59400,0.0,0.0
2026-01-26 00:00:00-05:00,124.7202643301615,124.8693338915762,122.59356082782415,123.50784301757812,64200,0.0,0.0
2026-01-27 00:00:00-05:00,123.88548603080373,125.19728451427768,122.28548841918872,123.84573364257812,54900,0.0,0.0
2026-01-28 00:00:00-05:00,123.79603517516527,124.51156296406057,122.32522721110355,122.8221206665039,66500,0.0,0.0
2026-01-29 00:00:00-05:00,123.61715746750926,124.58113201716516,122.84200486361888,124.45194244384766,73200,0.0,0.0
2026-01-30 00:00:00-05:00,123.10038833948123,125.19727934433742,122.91156639870506,124.49168395996094,91400,0.0,0.0
2026-02-02 00:00:00-05:00,124.26312262653029,126.61840045576426,124.1736778573225,126.47926330566406,83800,0.0,0.0
2026-02-03 00:00:00-05:00,125.06808733811543,128.44696451685286,125.06808733811543,127.86063385009766,86800,0.0,0.0
2026-02-04 00:00:00-05:00,128.6954056106067,132.22335219489136,125.74385725722921,131.33888244628906,111100,0.0,0.0
2026-02-05 00:00:00-05:00,131.6370294626657,133.4059690661489,131.0804960185709,131.9649658203125,102400,0.0,0.0
2026-02-06 00:00:00-05:00,131.83578233625164,134.38980694947918,127.71155733561302,133.197265625,65000,0.0,0.0
2026-02-09 00:00:00-05:00,133.2071844885859,133.2071844885859,131.04073640523913,132.38235473632812,56300,0.0,0.0
2026-02-10 00:00:00-05:00,130.99105992891884,134.34011721237292,130.99105992891884,134.0519256591797,37200,0.0,0.0
2026-02-11 00:00:00-05:00,134.8866919422312,136.5463142486431,133.76372305464994,133.8134002685547,71000,0.0,0.0
2026-02-12 00:00:00-05:00,135.2047286856128,136.4270824885974,132.55131913084787,133.8332977294922,71100,0.0,0.0
2026-02-13 00:00:00-05:00,133.3649193943337,135.8263369329722,132.8168276984454,134.49099731445312,82400,0.37,0.0
2026-02-17 00:00:00-05:00,135.2483501088894,147.4856737111657,132.54776114972395,133.84324645996094,52300,0.0,0.0
2026-02-18 00:00:00-05:00,132.587641358676,133.75357367026027,131.25230163830736,132.64743041992188,112100,0.0,0.0
2026-02-19 00:00:00-05:00,132.94638101502403,139.82239624913416,132.94638101502403,135.85623168945312,194600,0.0,0.0
2026-02-20 00:00:00-05:00,135.77652063510988,137.42078067425714,133.48451027314428,135.70675659179688,77300,0.0,0.0
2026-02-23 00:00:00-05:00,136.37442740045736,136.74313671720552,134.42123206700225,135.2782440185547,81200,0.0,0.0
2026-02-24 00:00:00-05:00,135.85624132921598,137.72971300550918,134.57071569405286,135.26829528808594,70100,0.0,0.0
2026-02-25 00:00:00-05:00,136.1751100783564,136.1751100783564,130.94335479227172,133.73362731933594,68600,0.0,0.0
2026-02-26 00:00:00-05:00,134.62053986940484,136.18509120047898,131.7605183831953,133.60409545898438,65700,0.0,0.0
2026-02-27 00:00:00-05:00,132.6374723348362,134.93944245671003,132.2986423071873,134.23190307617188,68800,0.0,0.0
2026-03-02 00:00:00-05:00,133.06596549765032,135.01916094546644,131.4217055342857,134.6504364013672,94700,0.0,0.0
2026-03-03 00:00:00-05:00,133.38486094544635,133.38486094544635,129.13965523529725,132.5677032470703,68600,0.0,0.0
2026-03-04 00:00:00-05:00,133.4546012844961,134.71021707623404,131.14267162269516,134.4511260986328,112500,0.0,0.0
2026-03-05 00:00:00-05:00,133.44464577893314,134.45113039933142,129.0997968420876,130.6543731689453,65200,0.0,0.0
2026-03-06 00:00:00-05:00,128.88056171625993,129.66780966358365,125.7913361768821,129.14962768554688,76400,0.0,0.0
2026-03-09 00:00:00-04:00,127.25621807137776,129.4485696617646,125.19341197218104,128.89051818847656,100200,0.0,0.0
2026-03-10 00:00:00-04:00,126.89747343243975,129.57812776853524,126.09029071979657,127.37580871582031,80200,0.0,0.0
2026-03-11 00:00:00-04:00,127.19643603105406,127.95378947147212,123.63884248682831,124.8844985961914,160600,0.0,0.0
2026-03-12 00:00:00-04:00,123.71856351211916,127.42563722643389,121.99457215037637,125.4525146484375,139700,0.0,0.0
2026-03-13 00:00:00-04:00,126.45900455620882,127.75448229508153,124.32644199268003,124.94428253173828,105700,0.0,0.0
2026-03-16 00:00:00-04:00,124.90442489757369,126.23977219121026,116.91229869962633,118.05830383300781,280200,0.0,0.0
2026-03-17 00:00:00-04:00,118.76583122270362,119.13454815205397,114.60035707029421,116.41403198242188,139700,0.0,0.0
2026-03-18 00:00:00-04:00,114.59039311348094,117.24115292726515,114.38112380232135,116.22469329833984,186500,0.0,0.0
2026-03-19 00:00:00-04:00,115.38761757557823,117.01195040431573,114.59039462484287,114.89932250976562,169100,0.0,0.0
2026-03-20 00:00:00-04:00,114.98900370701924,117.0318827239605,113.09560494059,114.57046508789062,580400,0.0,0.0
2026-03-23 00:00:00-04:00,117.79920514772755,119.47336725017563,117.46039033792425,118.23767852783203,120000,0.0,0.0
2026-03-24 00:00:00-04:00,116.95215916860435,120.73895670983718,116.89237010941987,119.29399108886719,107000,0.0,0.0
2026-03-25 00:00:00-04:00,120.45992381595809,121.20731747011715,118.45691429688644,120.12110900878906,66300,0.0,0.0
2026-03-26 00:00:00-04:00,118.93524451520594,120.65923592617892,118.93524451520594,120.09121704101562,70700,0.0,0.0
2026-03-27 00:00:00-04:00,119.59294825395315,119.89190114441631,116.55354444885022,117.31090545654297,110300,0.0,0.0
2026-03-30 00:00:00-04:00,117.87892433879038,120.57950574520079,116.10511133850379,117.2212142944336,91500,0.0,0.0
2026-03-31 00:00:00-04:00,118.82562689064967,120.45992711764146,116.1948017641321,118.65621948242188,218800,0.0,0.0
2026-04-01 00:00:00-04:00,119.35377968361156,121.47638251097783,114.67011586131139,116.74288940429688,224400,0.0,0.0
2026-04-02 00:00:00-04:00,106.29930454912648,114.73987129466067,102.5125146586146,102.6619873046875,364900,0.0,0.0
2026-04-06 00:00:00-04:00,101.74518967759892,102.8214383827413,96.93197263755782,102.56233978271484,331700,0.0,0.0
2026-04-07 00:00:00-04:00,102.48261623924716,105.81101333187456,101.45619681699479,105.38250732421875,310300,0.0,0.0
2026-04-08 00:00:00-04:00,108.11298458850288,109.04972043016565,105.74125805660124,108.04322814941406,237900,0.0,0.0
2026-04-09 00:00:00-04:00,107.62468697735821,112.69699496422281,107.62468697735821,111.52110290527344,161900,0.0,0.0
2026-04-10 00:00:00-04:00,111.65064408201886,111.93963719821326,109.74727798659808,109.78713989257812,124000,0.0,0.0
2026-04-13 00:00:00-04:00,110.31530230195887,113.84300132554779,110.0462439268777,112.45783233642578,200600,0.0,0.0
2026-04-14 00:00:00-04:00,111.31182233729663,113.32480678528135,111.31182233729663,112.06918334960938,169700,0.0,0.0
2026-04-15 00:00:00-04:00,111.39155054931135,111.39155054931135,106.57833352486418,106.63813018798828,175500,0.0,0.0
2026-04-16 00:00:00-04:00,106.66802246651382,107.94357307730742,105.36257732622994,106.04021453857422,173800,0.0,0.0
2026-04-17 00:00:00-04:00,106.56837395209452,110.27544775179217,106.35910463796728,107.91368103027344,267800,0.0,0.0
2026-04-20 00:00:00-04:00,106.56837316648574,108.98992893050898,106.42886029142939,107.80406188964844,181700,0.0,0.0
2026-04-21 00:00:00-04:00,107.83395793662027,109.11947596305131,105.83094076958754,106.47868347167969,148100,0.0,0.0
2026-04-22 00:00:00-04:00,106.79756796761878,107.80406021017225,105.8309376320149,107.76419830322266,118500,0.0,0.0
2026-04-23 00:00:00-04:00,107.95353767670291,110.35515858615446,107.72433361837359,110.14588928222656,118700,0.0,0.0
2026-04-24 00:00:00-04:00,109.77717985273445,110.64415159633964,107.18620919046663,108.51158905029297,360300,0.0,0.0
2026-04-27 00:00:00-04:00,109.05968257429507,110.46477866647787,108.5614201467486,110.0960693359375,148300,0.0,0.0
2026-04-28 00:00:00-04:00,110.97300656217176,110.97300656217176,107.63464987562064,110.504638671875,172400,0.0,0.0
2026-04-29 00:00:00-04:00,109.91669489237404,112.08911938720247,108.71089312350688,109.37857055664062,143400,0.0,0.0
2026-04-30 00:00:00-04:00,109.04972030731501,111.6406835314003,108.90024005146975,111.58089447021484,156300,0.0,0.0
2026-05-01 00:00:00-04:00,111.62075142117307,111.99942812999866,109.79710910719461,111.28192901611328,127600,0.0,0.0
2026-05-04 00:00:00-04:00,111.42144409286895,111.42144409286895,108.7806592504505,110.24554443359375,121900,0.0,0.0
2026-05-05 00:00:00-04:00,109.69745992126225,112.37810666154793,105.72132020113641,109.32874298095703,161400,0.0,0.0
2026-05-06 00:00:00-04:00,110.504639892935,113.96258233528692,110.504639892935,113.34473419189453,188700,0.0,0.0
2026-05-07 00:00:00-04:00,114.04230852853274,114.63025455230951,111.82005472369475,111.94960021972656,167900,0.0,0.0
2026-05-08 00:00:00-04:00,112.10904934621385,112.10904934621385,108.81055441614954,108.98992919921875,298100,0.0,0.0
2026-05-11 00:00:00-04:00,108.97995951350562,109.03974857230192,106.46871260372224,108.48169708251953,167600,0.0,0.0
2026-05-12 00:00:00-04:00,108.55145474825699,108.62121118526989,105.72132015470208,107.69444274902344,225400,0.0,0.0
2026-05-13 00:00:00-04:00,107.72434029770437,108.29235918726552,103.97740454043557,105.13337707519531,255400,0.0,0.0
2026-05-14 00:00:00-04:00,105.6017436592259,106.29930804007891,104.19663991694573,106.10000610351562,218900,0.0,0.0
2026-05-15 00:00:00-04:00,105.81999969482422,106.16000366210938,103.87000274658203,105.33000183105469,134200,0.37,0.0
2026-05-18 00:00:00-04:00,105.0,109.69999694824219,104.61000061035156,108.12000274658203,193800,0.0,0.0
2026-05-19 00:00:00-04:00,108.0999984741211,108.98999786376953,106.54000091552734,108.68000030517578,180400,0.0,0.0
2026-05-20 00:00:00-04:00,108.37000274658203,109.76000213623047,107.06999969482422,108.4800033569336,176600,0.0,0.0
2026-05-21 00:00:00-04:00,107.31999969482422,109.87999725341797,104.38999938964844,109.18000030517578,218400,0.0,0.0
2026-05-22 00:00:00-04:00,109.55000305175781,109.88999938964844,108.01000213623047,109.19000244140625,185100,0.0,0.0
2026-05-26 00:00:00-04:00,109.22000122070312,111.06999969482422,108.83999633789062,110.7300033569336,224400,0.0,0.0
2026-05-27 00:00:00-04:00,110.7699966430664,111.88999938964844,110.0999984741211,111.12000274658203,148798,0.0,0.0
