Date,Open,High,Low,Close,Volume,Dividends,Stock Splits
2022-01-03 00:00:00-05:00,-157.30000276203396,-176.00000309038765,-157.30000276203396,-173.8000030517578,4137,0.0,0.0
2022-01-04 00:00:00-05:00,-176.0,-177.10000000000002,-161.70000000000002,-165.0,2112,0.0,0.0
2022-01-05 00:00:00-05:00,-163.90002257435034,-165.00002272585604,-154.00002121079896,-155.1000213623047,2990,0.0,0.0
2022-01-06 00:00:00-05:00,-155.10001212106624,-158.40001237896126,-150.70001177720619,-156.20001220703125,2714,0.0,0.0
2022-01-07 00:00:00-05:00,-156.20000935286924,-159.50000955046508,-150.70000902354286,-152.90000915527344,1048,0.0,0.0
2022-01-10 00:00:00-05:00,-151.80000316648557,-152.90000318943112,-143.0000029829212,-146.3000030517578,3517,0.0,0.0
2022-01-11 00:00:00-05:00,-146.3000208910774,-156.2000223047593,-144.10002057692586,-149.6000213623047,2134,0.0,0.0
2022-01-12 00:00:00-05:00,-148.50000321865082,-150.70000326633453,-139.70000302791595,-140.8000030517578,3494,0.0,0.0
2022-01-13 00:00:00-05:00,-143.0,-143.0,-136.4,-137.5,1896,0.0,0.0
2022-01-14 00:00:00-05:00,-135.3000090814406,-138.60000930293916,-132.00000885994206,-136.40000915527344,4151,0.0,0.0
2022-01-18 00:00:00-05:00,-137.5000092291063,-141.9000095244377,-132.00000885994206,-136.40000915527344,1291,0.0,0.0
2022-01-19 00:00:00-05:00,-134.20000000000002,-137.5,-129.8,-132.0,1935,0.0,0.0
2022-01-20 00:00:00-05:00,-132.00000310348253,-137.50000323279428,-128.70000302589546,-129.8000030517578,1121,0.0,0.0
2022-01-21 00:00:00-05:00,-129.80001459894953,-129.80001459894953,-118.80001336175042,-122.10001373291016,3692,0.0,0.0
2022-01-24 00:00:00-05:00,-121.00001087895144,-122.10001097785101,-111.10000998885542,-118.80001068115234,3791,0.0,0.0
2022-01-25 00:00:00-05:00,-115.50000992496456,-126.50001087019929,-115.50000992496456,-124.30001068115234,1661,0.0,0.0
2022-01-26 00:00:00-05:00,-124.30001068115234,-133.10001143734013,-121.00001039758192,-124.30001068115234,2603,0.0,0.0
2022-01-27 00:00:00-05:00,-130.9000135760441,-130.9000135760441,-114.40001186477804,-117.70001220703125,3598,0.0,0.0
2022-01-28 00:00:00-05:00,-117.7,-126.50000000000001,-113.30000000000001,-126.5,3481,0.0,0.0
2022-01-31 00:00:00-05:00,-124.300008693663,-135.3000094630137,-122.10000853979287,-130.90000915527344,2329,0.0,0.0
2022-02-01 00:00:00-05:00,-130.90000915527344,-133.10000930914356,-125.40000877059808,-130.90000915527344,2053,0.0,0.0
2022-02-02 00:00:00-05:00,-129.80000991121346,-130.9000099952068,-117.70000898728678,-119.90000915527344,1591,0.0,0.0
2022-02-03 00:00:00-05:00,-121.00000633383698,-121.00000633383698,-114.40000598835496,-116.60000610351562,2194,0.0,0.0
2022-02-04 00:00:00-05:00,-115.50001038445366,-118.80001068115233,-114.4000102855541,-118.80001068115234,1302,0.0,0.0
2022-02-07 00:00:00-05:00,-121.00001254928446,-126.50001311970648,-115.50001197886245,-117.70001220703125,1691,0.0,0.0
2022-02-08 00:00:00-05:00,-115.50000762939453,-118.80000784737723,-115.50000762939453,-115.50000762939453,1120,0.0,0.0
2022-02-09 00:00:00-05:00,-116.60000000000001,-125.4,-116.60000000000001,-121.0,3064,0.0,0.0
2022-02-10 00:00:00-05:00,-121.00001254928446,-126.50001311970648,-116.60001209294686,-117.70001220703125,4601,0.0,0.0
2022-02-11 00:00:00-05:00,-116.60000890329344,-126.50000965923346,-116.60000890329344,-119.90000915527344,3513,0.0,0.0
2022-02-14 00:00:00-05:00,-117.70000156989465,-118.80000158456657,-114.40000152587892,-114.4000015258789,1693,0.0,0.0
2022-02-15 00:00:00-05:00,-116.60000610351562,-117.70000616109597,-114.40000598835496,-116.60000610351562,633,0.0,0.0
2022-02-16 00:00:00-05:00,-115.50001197886245,-119.90001243520007,-113.30001175069364,-117.70001220703125,1790,0.0,0.0
2022-02-17 00:00:00-05:00,-115.5000114440918,-124.3000123160226,-113.3000112261091,-123.20001220703125,4199,0.0,0.0
2022-02-18 00:00:00-05:00,-123.20001385663006,-123.20001385663006,-116.6000131143106,-122.10001373291016,2956,0.0,0.0
2022-02-22 00:00:00-05:00,-126.5000142277898,-126.5000142277898,-118.80001336175042,-122.10001373291016,1398,0.0,0.0
2022-02-23 00:00:00-05:00,-123.20001385663006,-126.5000142277898,-119.90001348547032,-122.10001373291016,2103,0.0,0.0
2022-02-24 00:00:00-05:00,-121.00001198904856,-125.40001242501395,-114.40001133510044,-123.20001220703125,3164,0.0,0.0
2022-02-25 00:00:00-05:00,-124.300008693663,-134.20000938607865,-122.10000853979287,-130.90000915527344,3218,0.0,0.0
2022-02-28 00:00:00-05:00,-130.90000295251366,-138.60000312619093,-130.90000295251366,-135.3000030517578,2137,0.0,0.0
2022-03-01 00:00:00-05:00,-136.40001191867617,-141.90001239926795,-134.20001172643947,-139.70001220703125,1997,0.0,0.0
2022-03-02 00:00:00-05:00,-139.70001994862275,-150.70002151938047,-136.40001947739546,-149.6000213623047,2763,0.0,0.0
2022-03-03 00:00:00-05:00,-147.40001125510682,-147.40001125510682,-119.90000915527345,-119.90000915527344,6365,0.0,0.0
2022-03-04 00:00:00-05:00,-125.40001300562209,-125.40001300562209,-115.50001197886245,-117.70001220703125,2738,0.0,0.0
2022-03-07 00:00:00-05:00,-121.00000799269903,-121.00000799269903,-113.30000748407272,-115.50000762939453,1610,0.0,0.0
2022-03-08 00:00:00-05:00,-117.70000777471633,-123.20000813802083,-113.30000748407272,-115.50000762939453,1821,0.0,0.0
2022-03-09 00:00:00-05:00,-125.4,-125.4,-119.9,-121.0,1259,0.0,0.0
2022-03-10 00:00:00-05:00,-121.00001302258723,-127.60001373291017,-121.00001302258723,-127.60001373291016,1328,0.0,0.0
2022-03-11 00:00:00-05:00,-128.70000000000002,-128.70000000000002,-118.80000000000001,-121.0,1104,0.0,0.0
2022-03-14 00:00:00-04:00,-119.90000831604003,-122.10000846862792,-110.00000762939453,-110.00000762939453,3367,0.0,0.0
2022-03-15 00:00:00-04:00,-110.00001037005083,-114.40001078485287,-110.00001037005083,-113.30001068115234,1523,0.0,0.0
2022-03-16 00:00:00-04:00,-114.4000102855541,-121.00001087895144,-112.20001008775498,-118.80001068115234,1343,0.0,0.0
2022-03-17 00:00:00-04:00,-122.10001314097438,-127.60001373291017,-122.10001314097438,-127.60001373291016,1248,0.0,0.0
2022-03-18 00:00:00-04:00,-128.70000000000002,-135.3,-128.70000000000002,-132.0,1958,0.0,0.0
2022-03-21 00:00:00-04:00,-135.3,-135.3,-127.60000000000001,-132.0,900,0.0,0.0
2022-03-22 00:00:00-04:00,-129.80002000596787,-138.6000213623047,-129.80002000596787,-138.6000213623047,1502,0.0,0.0
2022-03-23 00:00:00-04:00,-136.40000915527344,-143.00000959827054,-134.20000900760775,-136.40000915527344,758,0.0,0.0
2022-03-24 00:00:00-04:00,-135.30000293254852,-143.00000309944153,-133.1000028848648,-140.8000030517578,799,0.0,0.0
2022-03-25 00:00:00-04:00,-141.90000320062404,-145.20000327505716,-135.3000030517578,-135.3000030517578,1342,0.0,0.0
2022-03-28 00:00:00-04:00,-137.50001304170007,-138.60001314603366,-123.20001168536325,-128.70001220703125,1536,0.0,0.0
2022-03-29 00:00:00-04:00,-129.80001396968447,-132.0000142064588,-122.10001314097438,-127.60001373291016,1935,0.0,0.0
2022-03-30 00:00:00-04:00,-127.60000000000001,-133.10000000000002,-123.20000000000002,-126.5,1259,0.0,0.0
2022-03-31 00:00:00-04:00,-124.30000907496402,-128.7000093962017,-124.30000907496402,-125.40000915527344,673,0.0,0.0
2022-04-01 00:00:00-04:00,-126.50000000000001,-132.0,-124.30000000000001,-126.5,672,0.0,0.0
2022-04-04 00:00:00-04:00,-127.60001096472276,-130.90001124829317,-122.1000104921054,-124.30001068115234,1591,0.0,0.0
2022-04-05 00:00:00-04:00,-123.20000000000002,-126.50000000000001,-121.00000000000001,-121.0,852,0.0,0.0
2022-04-06 00:00:00-04:00,-122.10001266336887,-122.10001266336887,-115.50001197886245,-117.70001220703125,1428,0.0,0.0
2022-04-07 00:00:00-04:00,-116.60001048335322,-118.80001068115233,-113.30001018665453,-118.80001068115234,996,0.0,0.0
2022-04-08 00:00:00-04:00,-116.60000610351562,-117.70000616109597,-114.40000598835496,-116.60000610351562,664,0.0,0.0
2022-04-11 00:00:00-04:00,-115.50000154055083,-115.50000154055083,-113.300001511207,-114.4000015258789,1108,0.0,0.0
2022-04-12 00:00:00-04:00,-114.40001078485287,-116.60001099225387,-111.10001047375134,-113.30001068115234,2346,0.0,0.0
2022-04-13 00:00:00-04:00,-113.30000748407272,-115.50000762939453,-113.30000748407272,-115.50000762939453,372,0.0,0.0
2022-04-14 00:00:00-04:00,-114.40000793457031,-115.50000801086425,-108.90000755310058,-110.00000762939453,2347,0.0,0.0
2022-04-18 00:00:00-04:00,-110.0000049756921,-112.20000507520594,-101.20000457763672,-101.20000457763672,2793,0.0,0.0
2022-04-19 00:00:00-04:00,-110.00000803094161,-110.00000803094161,-101.20000738846628,-104.50000762939453,2107,0.0,0.0
2022-04-20 00:00:00-04:00,-105.60000610351562,-110.00000635782878,-104.50000603993735,-105.60000610351562,1415,0.0,0.0
2022-04-21 00:00:00-04:00,-104.50001091085454,-111.10001159996115,-102.30001068115234,-102.30001068115234,2101,0.0,0.0
2022-04-22 00:00:00-04:00,-104.50000637180203,-104.50000637180203,-90.20000549987122,-100.10000610351562,3774,0.0,0.0
2022-04-25 00:00:00-04:00,-102.30000788370768,-103.40000796847872,-94.60000729031032,-99.00000762939453,1230,0.0,0.0
2022-04-26 00:00:00-04:00,-96.80001068115234,-97.90001080252908,-92.40001019564542,-96.80001068115234,1219,0.0,0.0
2022-04-27 00:00:00-04:00,-102.30000168936593,-102.30000168936593,-91.30000150771367,-92.4000015258789,1217,0.0,0.0
2022-04-28 00:00:00-04:00,-91.30000493433569,-94.60000511268517,-82.50000445873707,-84.70000457763672,5093,0.0,0.0
2022-04-29 00:00:00-04:00,-84.70000489552817,-91.3000052769979,-77.00000445048015,-79.20000457763672,5169,0.0,0.0
2022-05-02 00:00:00-04:00,-77.00000562165913,-84.70000618382504,-77.00000562165913,-83.60000610351562,1866,0.0,0.0
2022-05-03 00:00:00-04:00,-81.4000108274695,-86.90001155905527,-78.10001038851803,-80.30001068115234,1958,0.0,0.0
2022-05-04 00:00:00-04:00,-80.30000000000001,-85.80000000000001,-77.0,-82.5,2450,0.0,0.0
2022-05-05 00:00:00-04:00,-82.50001178068274,-82.50001178068274,-73.70001052407657,-74.80001068115234,3822,0.0,0.0
2022-05-06 00:00:00-04:00,-77.00000647342567,-78.10000656590317,-72.60000610351562,-72.60000610351562,4218,0.0,0.0
2022-05-09 00:00:00-04:00,-73.70000494680097,-74.80000502063382,-67.10000450380387,-68.20000457763672,2403,0.0,0.0
2022-05-10 00:00:00-04:00,-71.50000154972076,-73.70000159740448,-63.80000138282776,-70.4000015258789,1336,0.0,0.0
2022-05-11 00:00:00-04:00,-67.10000489887439,-73.70000538073087,-61.600004497327305,-62.70000457763672,3733,0.0,0.0
2022-05-12 00:00:00-04:00,-61.600005538375285,-67.10000603287308,-59.400005340576165,-59.40000534057617,3612,0.0,0.0
2022-05-13 00:00:00-04:00,-61.600006103515625,-66.00000653948103,-59.40000588553293,-61.600006103515625,2576,0.0,0.0
2022-05-16 00:00:00-04:00,-62.7,-72.60000000000001,-62.7,-66.0,1251,0.0,0.0
2022-05-17 00:00:00-04:00,-66.00001017252605,-74.80001152886284,-66.00001017252605,-69.30001068115234,822,0.0,0.0
2022-05-18 00:00:00-04:00,-70.4,-73.7,-66.0,-66.0,1131,0.0,0.0
2022-05-19 00:00:00-04:00,-67.10000450380387,-69.30000465146958,-66.00000442997103,-68.20000457763672,949,0.0,0.0
2022-05-20 00:00:00-04:00,-68.20000620357325,-71.50000650374615,-66.00000600345798,-67.10000610351562,1029,0.0,0.0
2022-05-23 00:00:00-04:00,-68.20000457763672,-72.60000487296813,-68.20000457763672,-68.20000457763672,249,0.0,0.0
2022-05-24 00:00:00-04:00,-68.20000734000371,-69.30000745839087,-62.70000674806793,-63.80000686645508,552,0.0,0.0
2022-05-25 00:00:00-04:00,-63.80000580334272,-68.20000620357325,-62.70000570328509,-67.10000610351562,909,0.0,0.0
2022-05-26 00:00:00-04:00,-68.2,-69.30000000000001,-66.0,-66.0,1885,0.0,0.0
2022-05-27 00:00:00-04:00,-67.10001034206815,-71.50001102023654,-63.80000983344184,-69.30001068115234,1306,0.0,0.0
2022-05-31 00:00:00-04:00,-70.40000437266791,-74.80000464595965,-68.20000423602204,-73.70000457763672,1352,0.0,0.0
2022-06-01 00:00:00-04:00,-74.80000000000001,-77.0,-69.30000000000001,-71.5,1795,0.0,0.0
2022-06-02 00:00:00-04:00,-72.60001118977864,-73.70001135932074,-67.10001034206815,-69.30001068115234,1199,0.0,0.0
2022-06-03 00:00:00-04:00,-69.30000541579555,-80.30000627544564,-67.10000524386554,-78.10000610351562,2513,0.0,0.0
2022-06-06 00:00:00-04:00,-78.10000000000001,-81.4,-70.4,-71.5,1142,0.0,0.0
2022-06-07 00:00:00-04:00,-71.50000479913527,-73.70000494680097,-68.20000457763672,-68.20000457763672,1346,0.0,0.0
2022-06-08 00:00:00-04:00,-69.30000000000001,-73.7,-69.30000000000001,-71.5,1081,0.0,0.0
2022-06-09 00:00:00-04:00,-70.40000437266791,-74.80000464595965,-70.40000437266791,-73.70000457763672,1836,0.0,0.0
2022-06-10 00:00:00-04:00,-73.70000457763672,-80.30000498757433,-71.50000444099085,-73.70000457763672,1354,0.0,0.0
2022-06-13 00:00:00-04:00,-68.2,-74.80000000000001,-62.7,-66.0,3838,0.0,0.0
2022-06-14 00:00:00-04:00,-68.2,-70.4,-66.0,-66.0,445,0.0,0.0
2022-06-15 00:00:00-04:00,-66.00000653948103,-66.00000653948103,-60.50000599452428,-61.600006103515625,2299,0.0,0.0
2022-06-16 00:00:00-04:00,-58.30000524167661,-61.600005538375285,-56.10000504387749,-59.40000534057617,2756,0.0,0.0
2022-06-17 00:00:00-04:00,-59.40000398697392,-68.20000457763672,-58.30000391314107,-68.20000457763672,4206,0.0,0.0
2022-06-21 00:00:00-04:00,-70.40001085069444,-71.50001102023654,-66.00001017252605,-69.30001068115234,903,0.0,0.0
2022-06-22 00:00:00-04:00,-70.40001085069444,-74.80001152886284,-68.20001051161024,-69.30001068115234,1064,0.0,0.0
2022-06-23 00:00:00-04:00,-69.3000058260831,-74.80000628847064,-68.2000057336056,-72.60000610351562,1096,0.0,0.0
2022-06-24 00:00:00-04:00,-74.80000502063382,-74.80000502063382,-68.20000457763672,-68.20000457763672,1520,0.0,0.0
2022-06-27 00:00:00-04:00,-69.30000465146958,-72.60000487296813,-64.90000435613817,-68.20000457763672,2327,0.0,0.0
2022-06-28 00:00:00-04:00,-70.40000640368852,-72.60000660380379,-66.00000600345798,-67.10000610351562,799,0.0,0.0
2022-06-29 00:00:00-04:00,-69.30000465146958,-70.40000472530242,-66.00000442997103,-68.20000457763672,264,0.0,0.0
2022-06-30 00:00:00-04:00,-67.10000000000001,-67.10000000000001,-63.800000000000004,-66.0,802,0.0,0.0
2022-07-01 00:00:00-04:00,-66.00000653948103,-66.00000653948103,-61.600006103515625,-61.600006103515625,1168,0.0,0.0
2022-07-05 00:00:00-04:00,-62.70000621250698,-64.90000643048968,-58.300005776541575,-61.600006103515625,1565,0.0,0.0
2022-07-06 00:00:00-04:00,-60.50000000000001,-72.60000000000001,-60.50000000000001,-66.0,1472,0.0,0.0
2022-07-07 00:00:00-04:00,-70.40001085069444,-72.60001118977864,-67.10001034206815,-69.30001068115234,683,0.0,0.0
2022-07-08 00:00:00-04:00,-73.7,-74.80000000000001,-70.4,-71.5,503,0.0,0.0
2022-07-11 00:00:00-04:00,-72.60000000000001,-73.7,-69.30000000000001,-71.5,423,0.0,0.0
2022-07-12 00:00:00-04:00,-73.7,-73.7,-71.5,-71.5,502,0.0,0.0
2022-07-13 00:00:00-04:00,-72.60000000000001,-72.60000000000001,-70.4,-71.5,619,0.0,0.0
2022-07-14 00:00:00-04:00,-70.4000015258789,-73.70000159740448,-69.30000150203705,-70.4000015258789,906,0.0,0.0
2022-07-15 00:00:00-04:00,-70.40001085069444,-73.70001135932074,-68.20001051161024,-69.30001068115234,349,0.0,0.0
2022-07-18 00:00:00-04:00,-70.4,-78.10000000000001,-69.30000000000001,-77.0,2441,0.0,0.0
2022-07-19 00:00:00-04:00,-80.30000433983741,-85.80000463708656,-77.00000416148794,-84.70000457763672,2316,0.0,0.0
2022-07-20 00:00:00-04:00,-85.80001141273812,-85.80001141273812,-77.00001024220087,-80.30001068115234,1126,0.0,0.0
2022-07-21 00:00:00-04:00,-82.50000154649888,-84.70000158773885,-78.10000146401894,-81.4000015258789,785,0.0,0.0
2022-07-22 00:00:00-04:00,-80.30000464121501,-82.50000476837158,-78.10000451405844,-79.20000457763672,684,0.0,0.0
2022-07-25 00:00:00-04:00,-80.3000114665312,-80.3000114665312,-72.6000103670008,-74.80001068115234,764,0.0,0.0
2022-07-26 00:00:00-04:00,-74.80000150376472,-78.10000157010728,-74.80000150376472,-75.9000015258789,394,0.0,0.0
2022-07-27 00:00:00-04:00,-78.10000610351562,-78.10000610351562,-73.70000575965558,-78.10000610351562,469,0.0,0.0
2022-07-28 00:00:00-04:00,-79.20001130945542,-79.20001130945542,-73.70001052407657,-74.80001068115234,451,0.0,0.0
2022-07-29 00:00:00-04:00,-74.80000628847064,-75.90000638094816,-72.60000610351562,-72.60000610351562,547,0.0,0.0
2022-08-01 00:00:00-04:00,-73.70000457763672,-77.00000478260553,-72.60000450931378,-73.70000457763672,774,0.0,0.0
2022-08-02 00:00:00-04:00,-73.70000457763672,-77.00000478260553,-73.70000457763672,-73.70000457763672,737,0.0,0.0
2022-08-03 00:00:00-04:00,-75.9,-79.2,-73.7,-77.0,1528,0.0,0.0
2022-08-04 00:00:00-04:00,-78.10000146401894,-84.70000158773885,-75.90000142277897,-81.4000015258789,1434,0.0,0.0
2022-08-05 00:00:00-04:00,-83.60000644259982,-107.80000830756293,-79.20000610351562,-99.00000762939453,5840,0.0,0.0
2022-08-08 00:00:00-04:00,-99.0000109239058,-102.300011288036,-94.60001043839888,-96.80001068115234,1927,0.0,0.0
2022-08-09 00:00:00-04:00,-93.50000000000001,-96.80000000000001,-88.0,-88.0,1199,0.0,0.0
2022-08-10 00:00:00-04:00,-89.10000138872125,-99.00000154302361,-89.10000138872125,-97.9000015258789,2199,0.0,0.0
2022-08-11 00:00:00-04:00,-101.20000825769762,-101.20000825769762,-90.20000736012179,-93.50000762939453,2120,0.0,0.0
2022-08-12 00:00:00-04:00,-93.50001031702215,-101.20001116665927,-93.50001031702215,-96.80001068115234,2081,0.0,0.0
2022-08-15 00:00:00-04:00,-94.60000156220934,-100.10000165303548,-88.000001453218,-92.4000015258789,3558,0.0,0.0
2022-08-16 00:00:00-04:00,-95.70000617448675,-99.00000638740008,-93.50000603254452,-94.60000610351562,507,0.0,0.0
2022-08-17 00:00:00-04:00,-96.80000789866729,-97.90000798842487,-93.50000762939453,-93.50000762939453,1204,0.0,0.0
2022-08-18 00:00:00-04:00,-93.50001093852951,-96.80001132459526,-91.30001068115236,-91.30001068115234,1167,0.0,0.0
2022-08-19 00:00:00-04:00,-91.30000744987937,-94.60000771915212,-90.20000736012179,-93.50000762939453,1153,0.0,0.0
2022-08-22 00:00:00-04:00,-94.6000110672181,-95.70001119590668,-89.10001042377519,-91.30001068115234,1971,0.0,0.0
2022-08-23 00:00:00-04:00,-90.20001055246377,-92.40001080984094,-89.10001042377519,-91.30001068115234,458,0.0,0.0
2022-08-24 00:00:00-04:00,-90.20000736012179,-93.50000762939453,-89.1000072703642,-93.50000762939453,941,0.0,0.0
2022-08-25 00:00:00-04:00,-93.50000720553928,-99.00000762939453,-93.50000720553928,-99.00000762939453,1696,0.0,0.0
2022-08-26 00:00:00-04:00,-99.00000638740008,-102.30000660031341,-93.50000603254452,-94.60000610351562,2473,0.0,0.0
2022-08-29 00:00:00-04:00,-93.50000000000001,-99.00000000000001,-86.9,-88.0,1777,0.0,0.0
2022-08-30 00:00:00-04:00,-86.90000634444387,-91.30000666568154,-79.20000578227796,-83.60000610351562,2072,0.0,0.0
2022-08-31 00:00:00-04:00,-82.50000602320621,-90.20000658537212,-79.20000578227796,-83.60000610351562,2251,0.0,0.0
2022-09-01 00:00:00-04:00,-82.5,-84.7,-79.2,-82.5,1229,0.0,0.0
2022-09-02 00:00:00-04:00,-84.70000158773885,-86.90000162897883,-80.30000150525892,-81.4000015258789,2213,0.0,0.0
2022-09-06 00:00:00-04:00,-82.50000154649888,-85.80000160835884,-80.30000150525892,-81.4000015258789,1212,0.0,0.0
2022-09-07 00:00:00-04:00,-80.30000150525892,-82.50000154649888,-79.20000148463893,-81.4000015258789,1168,0.0,0.0
2022-09-08 00:00:00-04:00,-80.30000150525892,-84.70000158773885,-75.90000142277897,-81.4000015258789,2691,0.0,0.0
2022-09-09 00:00:00-04:00,-82.50001097378666,-84.70001126642096,-78.10001038851803,-80.30001068115234,784,0.0,0.0
2022-09-12 00:00:00-04:00,-80.30001068115234,-81.4000108274695,-77.00001024220087,-80.30001068115234,637,0.0,0.0
2022-09-13 00:00:00-04:00,-78.10000146401894,-82.50000154649888,-78.10000146401894,-81.4000015258789,385,0.0,0.0
2022-09-14 00:00:00-04:00,-80.30001068115234,-81.4000108274695,-79.20001053483519,-80.30001068115234,587,0.0,0.0
2022-09-15 00:00:00-04:00,-80.30000161433566,-81.40000163644984,-71.50000143742216,-75.9000015258789,2504,0.0,0.0
2022-09-16 00:00:00-04:00,-74.80001152886284,-82.50001271565755,-69.30001068115234,-69.30001068115234,2020,0.0,0.0
2022-09-19 00:00:00-04:00,-69.30000430434497,-77.00000478260553,-69.30000430434497,-73.70000457763672,326,0.0,0.0
2022-09-20 00:00:00-04:00,-70.4,-71.5,-62.7,-71.5,2475,0.0,0.0
2022-09-21 00:00:00-04:00,57.75000125169754,60.500001311302185,55.000001192092896,58.66666793823242,1080,143.0,0.0
2022-09-22 00:00:00-04:00,56.833335876464844,57.75000258414976,54.0833357534101,56.833335876464844,902,0.0,0.0
2022-09-23 00:00:00-04:00,55.00000272478376,55.00000272478376,50.41666916438512,51.333335876464844,1079,0.0,0.0
2022-09-26 00:00:00-04:00,52.25000124964221,55.00000131541285,51.33333456105199,53.16666793823242,430,0.0,0.0
2022-09-27 00:00:00-04:00,51.33333333333333,59.58333333333333,50.416666666666664,52.25,316,0.0,0.0
2022-09-28 00:00:00-04:00,56.833336148943225,56.833336148943225,51.333335876464844,51.333335876464844,371,0.0,0.0
2022-09-29 00:00:00-04:00,50.41666916438512,59.58333628518241,50.41666916438512,51.333335876464844,585,0.0,0.0
2022-09-30 00:00:00-04:00,51.33333462801846,52.25000131780451,50.41666793823242,50.41666793823242,611,0.0,0.0
2022-10-03 00:00:00-04:00,54.08333333333333,54.08333333333333,50.416666666666664,52.25,609,0.0,0.0
2022-10-04 00:00:00-04:00,53.16666781902313,59.5833346247673,52.25000113248825,58.66666793823242,2311,0.0,0.0
2022-10-05 00:00:00-04:00,61.41666799783707,62.33333468437195,58.66666793823242,58.66666793823242,452,0.0,0.0
2022-10-06 00:00:00-04:00,58.666666666666664,62.33333333333333,57.75,57.75,572,0.0,0.0
2022-10-07 00:00:00-04:00,59.5833346247673,59.5833346247673,56.83333456516266,58.66666793823242,376,0.0,0.0
2022-10-10 00:00:00-04:00,58.66666929183468,60.500002707204516,55.916669168779926,56.833335876464844,3287,0.0,0.0
2022-10-11 00:00:00-04:00,55.916666666666664,55.916666666666664,53.166666666666664,55.0,903,0.0,0.0
2022-10-12 00:00:00-04:00,55.91666793823242,59.583334688280445,55.00000125072041,55.91666793823242,117,0.0,0.0
2022-10-13 00:00:00-04:00,55.916669168779926,57.75000258414976,54.0833357534101,56.833335876464844,1219,0.0,0.0
2022-10-14 00:00:00-04:00,55.000002461095015,58.66666929183468,55.000002461095015,56.833335876464844,370,0.0,0.0
2022-10-17 00:00:00-04:00,56.833335876464844,58.66666929183468,56.833335876464844,56.833335876464844,277,0.0,0.0
2022-10-18 00:00:00-04:00,56.833335876464844,60.500002707204516,56.833335876464844,56.833335876464844,741,0.0,0.0
2022-10-19 00:00:00-04:00,57.75000131325643,58.66666800076844,55.91666793823242,55.91666793823242,813,0.0,0.0
2022-10-20 00:00:00-04:00,55.916668004003064,56.833334692593276,53.16666793823242,53.16666793823242,628,0.0,0.0
2022-10-21 00:00:00-04:00,54.0833345632084,56.83333462574443,53.1666678756964,55.91666793823242,491,0.0,0.0
2022-10-24 00:00:00-04:00,57.75000258414976,57.75000258414976,55.000002461095015,56.833335876464844,519,0.0,0.0
2022-10-25 00:00:00-04:00,55.916669168779926,59.5833359995196,55.916669168779926,56.833335876464844,317,0.0,0.0
2022-10-26 00:00:00-04:00,55.916666666666664,60.5,55.916666666666664,57.75,241,0.0,0.0
2022-10-27 00:00:00-04:00,59.583335661552326,65.08333587646484,56.83333555409606,65.08333587646484,1582,0.0,0.0
2022-10-28 00:00:00-04:00,65.08333587646484,66.00000257895027,64.16666917397943,65.08333587646484,1483,0.0,0.0
2022-10-31 00:00:00-04:00,60.50000246833352,66.00000269272748,60.50000246833352,62.333335876464844,496,0.0,0.0
2022-11-01 00:00:00-04:00,65.08333333333333,68.75,62.33333333333333,66.0,844,0.0,0.0
2022-11-02 00:00:00-04:00,66.00000257895027,66.91666928143569,62.333335769008585,65.08333587646484,171,0.0,0.0
2022-11-03 00:00:00-04:00,64.16666666666666,65.08333333333333,61.416666666666664,63.25,286,0.0,0.0
2022-11-04 00:00:00-04:00,64.1666679951682,66.00000136645872,60.50000125258716,61.41666793823242,732,0.0,0.0
2022-11-07 00:00:00-05:00,63.2500025805305,63.2500025805305,61.41666917239918,62.333335876464844,281,0.0,0.0
2022-11-08 00:00:00-05:00,60.5,65.08333333333333,60.5,63.25,563,0.0,0.0
2022-11-09 00:00:00-05:00,64.16667100859851,76.08333848162395,64.16667100859851,75.16667175292969,5093,0.0,0.0
2022-11-10 00:00:00-05:00,77.91666887244399,89.83333587646484,75.16666879459304,89.83333587646484,5981,0.0,0.0
2022-11-11 00:00:00-05:00,94.41667089154643,119.1666719990392,93.50000418386152,113.66667175292969,19485,0.0,0.0
2022-11-14 00:00:00-05:00,120.0833379285089,142.08333877037313,114.58333771804284,132.9166717529297,13368,0.0,0.0
2022-11-15 00:00:00-05:00,141.16667588177847,160.41667713838464,137.50000897575828,155.83334350585938,18771,0.0,0.0
2022-11-16 00:00:00-05:00,162.25,177.83333333333331,137.5,170.5,15546,0.0,0.0
2022-11-17 00:00:00-05:00,175.08333800389215,194.3333385174091,160.4166709459745,190.6666717529297,20141,0.0,0.0
2022-11-18 00:00:00-05:00,192.5,222.75,183.33333333333331,206.25,17913,0.0,0.0
2022-11-21 00:00:00-05:00,214.50001172596598,214.50001172596598,184.2500100723041,186.08334350585938,14086,0.0,0.0
2022-11-22 00:00:00-05:00,188.83333333333331,201.66666666666666,165.91666666666666,187.0,9197,0.0,0.0
2022-11-23 00:00:00-05:00,196.16667708255457,196.16667708255457,178.75000949111282,191.58334350585938,5476,0.0,0.0
2022-11-25 00:00:00-05:00,191.5833385188405,195.25000528475132,184.25000498701885,187.9166717529297,2725,0.0,0.0
2022-11-28 00:00:00-05:00,189.75000979401344,200.75001036178233,176.00000908430232,197.08334350585938,6767,0.0,0.0
2022-11-29 00:00:00-05:00,196.16666666666666,198.91666666666666,184.25,187.0,3682,0.0,0.0
2022-11-30 00:00:00-05:00,187.91666666666666,201.66666666666666,172.33333333333331,198.0,10824,0.0,0.0
2022-12-01 00:00:00-05:00,197.08333844336394,198.0000051337982,185.1666714677187,196.1666717529297,2672,0.0,0.0
2022-12-02 00:00:00-05:00,195.25000473089094,218.16667195282648,191.58333797538123,209.9166717529297,8945,0.0,0.0
2022-12-05 00:00:00-05:00,209.0,228.25,201.66666666666666,206.25,7689,0.0,0.0
2022-12-06 00:00:00-05:00,203.5,209.0,182.41666666666666,203.5,5905,0.0,0.0
2022-12-07 00:00:00-05:00,207.16666666666666,230.08333333333331,195.25,222.75,7495,0.0,0.0
2022-12-08 00:00:00-05:00,220.0000051944814,222.7500052594124,198.9166713633436,215.4166717529297,4579,0.0,0.0
2022-12-09 00:00:00-05:00,214.5,214.5,186.08333333333331,189.75,7192,0.0,0.0
2022-12-12 00:00:00-05:00,187.91667636605197,201.6666770757631,184.250009510129,197.08334350585938,3845,0.0,0.0
2022-12-13 00:00:00-05:00,199.83333844303536,208.08333865398637,195.25000499250703,198.9166717529297,2670,0.0,0.0
2022-12-14 00:00:00-05:00,197.08334322968219,205.33334364394796,197.08334322968219,202.58334350585938,1473,0.0,0.0
2022-12-15 00:00:00-05:00,194.33333333333331,197.08333333333331,176.0,187.0,5896,0.0,0.0
2022-12-16 00:00:00-05:00,187.91667153902142,196.1666717529297,187.91667153902142,196.1666717529297,3645,0.0,0.0
2022-12-19 00:00:00-05:00,198.91667168357156,207.16667189164596,194.33333823464133,201.6666717529297,3259,0.0,0.0
2022-12-20 00:00:00-05:00,199.83333333333331,206.25,193.41666666666666,203.5,2913,0.0,0.0
2022-12-21 00:00:00-05:00,205.33333851207385,220.9166722384366,199.8333383733576,201.6666717529297,5959,0.0,0.0
2022-12-22 00:00:00-05:00,198.00000486120715,208.08333844210193,195.25000479369038,207.1666717529297,3378,0.0,0.0
2022-12-23 00:00:00-05:00,209.91667692881848,210.83334364029804,203.50000994846158,208.08334350585938,1895,0.0,0.0
2022-12-27 00:00:00-05:00,209.0000103541783,220.9166776112148,199.83334323338102,205.33334350585938,3387,0.0,0.0
2022-12-28 00:00:00-05:00,219.08333333333331,253.91666666666666,215.41666666666666,244.75,22819,0.0,0.0
2022-12-29 00:00:00-05:00,256.6666855922965,281.41668741726795,244.75001804693989,275.91668701171875,15539,0.0,0.0
2022-12-30 00:00:00-05:00,272.25,292.41666666666663,266.75,277.75,11079,0.0,0.0
2023-01-03 00:00:00-05:00,291.5,302.5,259.41666666666663,266.75,14810,0.0,0.0
2023-01-04 00:00:00-05:00,270.41668722074326,273.16668742976776,261.2500198573282,267.66668701171875,8769,0.0,0.0
2023-01-05 00:00:00-05:00,272.25001162015474,273.1666783259465,221.83334280160756,238.33334350585938,12229,0.0,0.0
2023-01-06 00:00:00-05:00,229.1666846393275,264.0000207045053,221.83335073086903,259.41668701171875,6855,0.0,0.0
2023-01-09 00:00:00-05:00,263.08334383518576,266.7500106482197,251.16667669282543,254.83334350585938,4686,0.0,0.0
2023-01-10 00:00:00-05:00,259.416676593649,275.0000105233028,253.91667638318293,265.8333435058594,5689,0.0,0.0
2023-01-11 00:00:00-05:00,264.00001053844426,270.41667746125364,249.33334328630846,254.83334350585938,4136,0.0,0.0
2023-01-12 00:00:00-05:00,255.75,264.91666666666663,250.25,264.0,5515,0.0,0.0
2023-01-13 00:00:00-05:00,288.0,311.0,284.0,302.0,9071,24.0,0.0
2023-01-17 00:00:00-05:00,306.0,307.0,279.0,288.0,6884,0.0,0.0
2023-01-18 00:00:00-05:00,288.0,299.0,266.0,269.0,5691,0.0,0.0
2023-01-19 00:00:00-05:00,266.0,274.0,255.0,255.0,5080,0.0,0.0
2023-01-20 00:00:00-05:00,257.0,270.0,253.0,256.0,5206,0.0,0.0
2023-01-23 00:00:00-05:00,260.0,288.0,260.0,287.0,5353,0.0,0.0
2023-01-24 00:00:00-05:00,290.0,322.0,287.0,317.0,9936,0.0,0.0
2023-01-25 00:00:00-05:00,330.0,348.0,305.0,310.0,23405,0.0,0.0
2023-01-26 00:00:00-05:00,311.0,335.0,300.0,335.0,45880,0.0,0.0
2023-01-27 00:00:00-05:00,348.0,360.0,319.0,339.0,14764,0.0,0.0
2023-01-30 00:00:00-05:00,342.0,342.0,285.0,290.0,16369,0.0,0.0
2023-01-31 00:00:00-05:00,287.0,302.0,285.0,291.0,7977,0.0,0.0
2023-02-01 00:00:00-05:00,298.0,312.0,292.0,309.0,7356,0.0,0.0
2023-02-02 00:00:00-05:00,310.0,312.0,297.0,303.0,7393,0.0,0.0
2023-02-03 00:00:00-05:00,303.0,312.0,297.0,309.0,3806,0.0,0.0
2023-02-06 00:00:00-05:00,315.0,315.0,302.0,305.0,4316,0.0,0.0
2023-02-07 00:00:00-05:00,306.0,334.0,293.0,334.0,69580,0.0,0.0
2023-02-08 00:00:00-05:00,342.0,355.0,314.0,318.0,13130,0.0,0.0
2023-02-09 00:00:00-05:00,317.0,330.0,300.0,326.0,48639,0.0,0.0
2023-02-10 00:00:00-05:00,326.0,354.0,322.0,348.0,13554,0.0,0.0
2023-02-13 00:00:00-05:00,351.0,378.0,338.0,378.0,14454,0.0,0.0
2023-02-14 00:00:00-05:00,378.0,416.0,367.0,405.0,20861,0.0,0.0
2023-02-15 00:00:00-05:00,227.0,233.0,145.0,152.0,147194,0.0,0.0
2023-02-16 00:00:00-05:00,153.0,191.0,150.0,182.0,84160,0.0,0.0
2023-02-17 00:00:00-05:00,179.0,188.0,162.0,188.0,25570,0.0,0.0
2023-02-21 00:00:00-05:00,191.0,196.0,182.0,192.0,17073,0.0,0.0
2023-02-22 00:00:00-05:00,185.0,185.0,170.0,178.0,13753,0.0,0.0
2023-02-23 00:00:00-05:00,180.0,183.0,171.0,171.0,17807,0.0,0.0
2023-02-24 00:00:00-05:00,171.0,177.0,167.0,169.0,10023,0.0,0.0
2023-02-27 00:00:00-05:00,169.0,172.0,158.0,162.0,12787,0.0,0.0
2023-02-28 00:00:00-05:00,155.0,167.0,152.0,154.0,12055,0.0,0.0
2023-03-01 00:00:00-05:00,158.0,170.0,154.0,156.0,10349,0.0,0.0
2023-03-02 00:00:00-05:00,154.0,155.0,151.0,151.0,7461,0.0,0.0
2023-03-03 00:00:00-05:00,155.0,163.0,152.0,156.0,4950,0.0,0.0
2023-03-06 00:00:00-05:00,157.0,161.0,145.0,148.0,12239,0.0,0.0
2023-03-07 00:00:00-05:00,151.0,156.0,142.0,146.0,13913,0.0,0.0
2023-03-08 00:00:00-05:00,148.0,150.0,143.0,147.0,5045,0.0,0.0
2023-03-09 00:00:00-05:00,149.0,154.0,133.0,133.0,8303,0.0,0.0
2023-03-10 00:00:00-05:00,133.0,135.0,126.0,131.0,6310,0.0,0.0
2023-03-13 00:00:00-04:00,125.0,149.0,121.0,145.0,8046,0.0,0.0
2023-03-14 00:00:00-04:00,145.0,157.0,144.0,155.0,6235,0.0,0.0
2023-03-15 00:00:00-04:00,148.0,152.0,143.0,149.0,5426,0.0,0.0
2023-03-16 00:00:00-04:00,149.0,153.0,142.0,148.0,3203,0.0,0.0
2023-03-17 00:00:00-04:00,148.0,148.0,138.0,140.0,3779,0.0,0.0
2023-03-20 00:00:00-04:00,139.0,145.0,138.0,144.0,1395,0.0,0.0
2023-03-21 00:00:00-04:00,144.0,149.0,142.0,146.0,2223,0.0,0.0
2023-03-22 00:00:00-04:00,146.0,146.0,138.0,138.0,1980,0.0,0.0
2023-03-23 00:00:00-04:00,141.0,144.0,135.0,140.0,2148,0.0,0.0
2023-03-24 00:00:00-04:00,138.0,142.0,135.0,139.0,1612,0.0,0.0
2023-03-27 00:00:00-04:00,139.0,144.0,136.0,141.0,2110,0.0,0.0
2023-03-28 00:00:00-04:00,137.0,144.0,136.0,140.0,2797,0.0,0.0
2023-03-29 00:00:00-04:00,133.0,135.0,117.0,127.0,10661,0.0,0.0
2023-03-30 00:00:00-04:00,125.0,132.0,122.0,125.0,4439,0.0,0.0
2023-03-31 00:00:00-04:00,124.0,129.0,122.0,126.0,4709,0.0,0.0
2023-04-03 00:00:00-04:00,125.0,128.0,124.0,125.0,3528,0.0,0.0
2023-04-04 00:00:00-04:00,127.0,127.0,121.0,121.0,3729,0.0,0.0
2023-04-05 00:00:00-04:00,122.0,124.0,121.0,122.0,2423,0.0,0.0
2023-04-06 00:00:00-04:00,122.0,129.0,122.0,127.0,1624,0.0,0.0
2023-04-10 00:00:00-04:00,125.0,134.0,125.0,133.0,967,0.0,0.0
2023-04-11 00:00:00-04:00,132.0,139.0,132.0,136.0,1926,0.0,0.0
2023-04-12 00:00:00-04:00,140.0,145.0,137.0,143.0,1830,0.0,0.0
2023-04-13 00:00:00-04:00,144.0,158.0,143.0,151.0,2900,0.0,0.0
2023-04-14 00:00:00-04:00,151.0,151.0,142.0,147.0,1659,0.0,0.0
2023-04-17 00:00:00-04:00,144.0,162.0,142.0,156.0,3088,0.0,0.0
2023-04-18 00:00:00-04:00,156.0,159.0,145.0,150.0,2770,0.0,0.0
2023-04-19 00:00:00-04:00,150.0,155.0,149.0,151.0,1085,0.0,0.0
2023-04-20 00:00:00-04:00,147.0,149.0,145.0,147.0,814,0.0,0.0
2023-04-21 00:00:00-04:00,145.0,147.0,142.0,144.0,1220,0.0,0.0
2023-04-24 00:00:00-04:00,145.0,145.0,137.0,140.0,1328,0.0,0.0
2023-04-25 00:00:00-04:00,141.0,143.0,133.0,137.0,1467,0.0,0.0
2023-04-26 00:00:00-04:00,135.0,140.0,132.0,137.0,1718,0.0,0.0
2023-04-27 00:00:00-04:00,140.0,140.0,132.0,137.0,1670,0.0,0.0
2023-04-28 00:00:00-04:00,138.0,142.0,136.0,140.0,845,0.0,0.0
2023-05-01 00:00:00-04:00,139.0,146.0,138.0,143.0,1832,0.0,0.0
2023-05-02 00:00:00-04:00,141.0,149.0,135.0,141.0,1073,0.0,0.0
2023-05-03 00:00:00-04:00,137.0,144.0,134.0,136.0,1816,0.0,0.0
2023-05-04 00:00:00-04:00,138.0,146.0,132.0,146.0,1460,0.0,0.0
2023-05-05 00:00:00-04:00,149.0,159.0,147.0,153.0,2386,0.0,0.0
2023-05-08 00:00:00-04:00,153.0,153.0,143.0,148.0,1488,0.0,0.0
2023-05-09 00:00:00-04:00,146.0,155.0,144.0,152.0,916,0.0,0.0
2023-05-10 00:00:00-04:00,152.0,178.0,152.0,176.0,5259,0.0,0.0
2023-05-11 00:00:00-04:00,177.0,182.0,170.0,174.0,3460,0.0,0.0
2023-05-12 00:00:00-04:00,184.0,210.0,182.0,192.0,10443,0.0,0.0
2023-05-15 00:00:00-04:00,213.0,220.0,201.0,208.0,11183,0.0,0.0
2023-05-16 00:00:00-04:00,206.0,207.0,190.0,194.0,4545,0.0,0.0
2023-05-17 00:00:00-04:00,200.0,204.0,192.0,204.0,2322,0.0,0.0
2023-05-18 00:00:00-04:00,203.0,203.0,192.0,196.0,2333,0.0,0.0
2023-05-19 00:00:00-04:00,197.0,200.0,195.0,198.0,1317,0.0,0.0
2023-05-22 00:00:00-04:00,200.0,214.0,196.0,208.0,6633,0.0,0.0
2023-05-23 00:00:00-04:00,206.0,209.0,190.0,191.0,3855,0.0,0.0
2023-05-24 00:00:00-04:00,191.0,192.0,177.0,180.0,5071,0.0,0.0
2023-05-25 00:00:00-04:00,181.0,181.0,170.0,174.0,2257,0.0,0.0
2023-05-26 00:00:00-04:00,172.0,187.0,168.0,185.0,2139,0.0,0.0
2023-05-30 00:00:00-04:00,187.0,194.0,177.0,180.0,2273,0.0,0.0
2023-05-31 00:00:00-04:00,181.0,189.0,168.0,186.0,2578,0.0,0.0
2023-06-01 00:00:00-04:00,187.0,197.0,185.0,192.0,1946,0.0,0.0
2023-06-02 00:00:00-04:00,196.0,198.0,185.0,190.0,1862,0.0,0.0
2023-06-05 00:00:00-04:00,190.0,204.0,188.0,201.0,1792,0.0,0.0
2023-06-06 00:00:00-04:00,201.0,209.0,201.0,205.0,1666,0.0,0.0
2023-06-07 00:00:00-04:00,205.0,209.0,185.0,189.0,2890,0.0,0.0
2023-06-08 00:00:00-04:00,190.0,190.0,171.0,180.0,3299,0.0,0.0
2023-06-09 00:00:00-04:00,183.0,184.0,178.0,182.0,1653,0.0,0.0
2023-06-12 00:00:00-04:00,181.0,188.0,178.0,184.0,2572,0.0,0.0
2023-06-13 00:00:00-04:00,186.0,194.0,171.0,178.0,4709,0.0,0.0
2023-06-14 00:00:00-04:00,178.0,179.0,171.0,176.0,1996,0.0,0.0
2023-06-15 00:00:00-04:00,184.0,193.0,173.0,191.0,5057,0.0,0.0
2023-06-16 00:00:00-04:00,195.0,202.0,188.0,188.0,3344,0.0,0.0
2023-06-20 00:00:00-04:00,191.0,197.0,183.0,188.0,2009,0.0,0.0
2023-06-21 00:00:00-04:00,189.0,189.0,179.0,179.0,1602,0.0,0.0
2023-06-22 00:00:00-04:00,188.0,191.0,175.0,189.0,1876,0.0,0.0
2023-06-23 00:00:00-04:00,190.0,190.0,180.0,187.0,2701,0.0,0.0
2023-06-26 00:00:00-04:00,185.0,191.0,181.0,183.0,785,0.0,0.0
2023-06-27 00:00:00-04:00,184.0,185.0,177.0,181.0,1652,0.0,0.0
2023-06-28 00:00:00-04:00,181.0,184.0,177.0,178.0,1377,0.0,0.0
2023-06-29 00:00:00-04:00,173.0,181.0,168.0,171.0,3736,0.0,0.0
2023-06-30 00:00:00-04:00,170.0,174.0,170.0,174.0,841,0.0,0.0
2023-07-03 00:00:00-04:00,171.0,174.0,171.0,173.0,420,0.0,0.0
2023-07-05 00:00:00-04:00,170.0,174.0,169.0,170.0,1274,0.0,0.0
2023-07-06 00:00:00-04:00,172.0,172.0,163.0,165.0,1320,0.0,0.0
2023-07-07 00:00:00-04:00,165.0,168.0,163.0,167.0,616,0.0,0.0
2023-07-10 00:00:00-04:00,167.0,174.0,165.0,172.0,1006,0.0,0.0
2023-07-11 00:00:00-04:00,170.0,173.0,167.0,172.0,975,0.0,0.0
2023-07-12 00:00:00-04:00,177.0,177.0,167.0,169.0,1055,0.0,0.0
2023-07-13 00:00:00-04:00,170.0,171.0,163.0,164.0,1446,0.0,0.0
2023-07-14 00:00:00-04:00,164.0,167.0,163.0,165.0,842,0.0,0.0
2023-07-17 00:00:00-04:00,165.0,172.0,165.0,169.0,1875,0.0,0.0
2023-07-18 00:00:00-04:00,167.0,171.0,166.0,171.0,781,0.0,0.0
2023-07-19 00:00:00-04:00,166.0,171.0,158.0,160.0,2371,0.0,0.0
2023-07-20 00:00:00-04:00,161.0,170.0,161.0,164.0,1106,0.0,0.0
2023-07-21 00:00:00-04:00,166.0,173.0,163.0,166.0,1104,0.0,0.0
2023-07-24 00:00:00-04:00,167.0,168.0,162.0,164.0,813,0.0,0.0
2023-07-25 00:00:00-04:00,164.0,167.0,161.0,162.0,611,0.0,0.0
2023-07-26 00:00:00-04:00,162.0,164.0,158.0,160.0,980,0.0,0.0
2023-07-27 00:00:00-04:00,162.0,165.0,159.0,161.0,1358,0.0,0.0
2023-07-28 00:00:00-04:00,158.0,164.0,158.0,164.0,1132,0.0,0.0
2023-07-31 00:00:00-04:00,161.0,165.0,161.0,164.0,1025,0.0,0.0
2023-08-01 00:00:00-04:00,164.0,166.0,162.0,165.0,680,0.0,0.0
2023-08-02 00:00:00-04:00,161.0,163.0,158.0,159.0,1962,0.0,0.0
2023-08-03 00:00:00-04:00,158.0,162.0,157.0,162.0,1369,0.0,0.0
2023-08-04 00:00:00-04:00,163.0,165.0,160.0,160.0,840,0.0,0.0
2023-08-07 00:00:00-04:00,161.0,165.0,159.0,163.0,770,0.0,0.0
2023-08-08 00:00:00-04:00,163.0,164.0,158.0,162.0,775,0.0,0.0
2023-08-09 00:00:00-04:00,160.0,162.0,158.0,159.0,625,0.0,0.0
2023-08-10 00:00:00-04:00,158.0,164.0,158.0,163.0,667,0.0,0.0
2023-08-11 00:00:00-04:00,164.0,165.0,160.0,164.0,732,0.0,0.0
2023-08-14 00:00:00-04:00,164.0,166.0,158.0,165.0,1302,0.0,0.0
2023-08-15 00:00:00-04:00,162.0,164.0,160.0,160.0,564,0.0,0.0
2023-08-16 00:00:00-04:00,159.0,163.0,151.0,153.0,2478,0.0,0.0
2023-08-17 00:00:00-04:00,156.0,159.0,145.0,155.0,3616,0.0,0.0
2023-08-18 00:00:00-04:00,153.0,161.0,151.0,157.0,971,0.0,0.0
2023-08-21 00:00:00-04:00,156.0,164.0,156.0,162.0,651,0.0,0.0
2023-08-22 00:00:00-04:00,163.0,166.0,160.0,162.0,778,0.0,0.0
2023-08-23 00:00:00-04:00,162.0,168.0,162.0,164.0,620,0.0,0.0
2023-08-24 00:00:00-04:00,162.0,169.0,160.0,161.0,438,0.0,0.0
2023-08-25 00:00:00-04:00,160.0,166.0,157.0,165.0,1275,0.0,0.0
2023-08-28 00:00:00-04:00,164.0,168.0,162.0,162.0,710,0.0,0.0
2023-08-29 00:00:00-04:00,161.0,165.0,161.0,163.0,402,0.0,0.0
2023-08-30 00:00:00-04:00,164.0,166.0,159.0,160.0,735,0.0,0.0
2023-08-31 00:00:00-04:00,159.0,163.0,154.0,160.0,1182,0.0,0.0
2023-09-01 00:00:00-04:00,157.0,163.0,156.0,157.0,1409,0.0,0.0
2023-09-05 00:00:00-04:00,157.0,158.0,148.0,149.0,1961,0.0,0.0
2023-09-06 00:00:00-04:00,158.0,158.0,142.0,151.0,1413,0.0,0.0
2023-09-07 00:00:00-04:00,149.0,154.0,147.0,149.0,329,0.0,0.0
2023-09-08 00:00:00-04:00,148.0,150.0,148.0,148.0,364,0.0,0.0
2023-09-11 00:00:00-04:00,148.0,148.0,144.0,146.0,1075,0.0,0.0
2023-09-12 00:00:00-04:00,149.0,149.0,144.0,146.0,673,0.0,0.0
2023-09-13 00:00:00-04:00,147.0,148.0,144.0,146.0,743,0.0,0.0
2023-09-14 00:00:00-04:00,148.0,148.0,142.0,147.0,404,0.0,0.0
2023-09-15 00:00:00-04:00,146.0,151.0,141.0,141.0,1711,0.0,0.0
2023-09-18 00:00:00-04:00,143.0,148.0,141.0,143.0,887,0.0,0.0
2023-09-19 00:00:00-04:00,141.0,148.0,141.0,144.0,1125,0.0,0.0
2023-09-20 00:00:00-04:00,144.0,144.0,138.0,139.0,1153,0.0,0.0
2023-09-21 00:00:00-04:00,139.0,142.0,134.0,138.0,1427,0.0,0.0
2023-09-22 00:00:00-04:00,136.0,141.0,130.0,141.0,2301,0.0,0.0
2023-09-25 00:00:00-04:00,139.0,139.0,126.0,129.0,1556,0.0,0.0
2023-09-26 00:00:00-04:00,131.0,148.0,131.0,143.0,2144,0.0,0.0
2023-09-27 00:00:00-04:00,148.0,154.0,145.0,148.0,1913,0.0,0.0
2023-09-28 00:00:00-04:00,146.0,158.0,146.0,157.0,1231,0.0,0.0
2023-09-29 00:00:00-04:00,156.0,157.0,146.0,150.0,1207,0.0,0.0
2023-10-02 00:00:00-04:00,150.0,151.0,136.0,142.0,1988,0.0,0.0
2023-10-03 00:00:00-04:00,140.0,148.0,138.0,142.0,1136,0.0,0.0
2023-10-04 00:00:00-04:00,142.0,148.0,139.0,139.0,509,0.0,0.0
2023-10-05 00:00:00-04:00,140.0,150.0,140.0,143.0,556,0.0,0.0
2023-10-06 00:00:00-04:00,141.0,149.0,139.0,139.0,1493,0.0,0.0
2023-10-09 00:00:00-04:00,138.0,141.0,133.0,135.0,950,0.0,0.0
2023-10-10 00:00:00-04:00,134.0,134.0,132.0,132.0,798,0.0,0.0
2023-10-11 00:00:00-04:00,132.0,137.0,128.0,128.0,1187,0.0,0.0
2023-10-12 00:00:00-04:00,128.0,129.0,122.0,125.0,1358,0.0,0.0
2023-10-13 00:00:00-04:00,125.0,142.0,124.0,142.0,3559,0.0,0.0
2023-10-16 00:00:00-04:00,141.0,145.0,140.0,143.0,2220,0.0,0.0
2023-10-17 00:00:00-04:00,144.0,145.0,141.0,141.0,954,0.0,0.0
2023-10-18 00:00:00-04:00,141.0,144.0,131.0,131.0,1276,0.0,0.0
2023-10-19 00:00:00-04:00,132.0,133.0,129.0,130.0,345,0.0,0.0
2023-10-20 00:00:00-04:00,129.0,132.0,125.0,126.0,1209,0.0,0.0
2023-10-23 00:00:00-04:00,126.0,127.0,112.0,117.0,3726,0.0,0.0
2023-10-24 00:00:00-04:00,115.0,122.0,115.0,115.0,1519,0.0,0.0
2023-10-25 00:00:00-04:00,115.0,120.0,111.0,113.0,1576,0.0,0.0
2023-10-26 00:00:00-04:00,115.0,126.0,114.0,125.0,1309,0.0,0.0
2023-10-27 00:00:00-04:00,123.0,123.0,113.0,115.0,2051,0.0,0.0
2023-10-30 00:00:00-04:00,116.0,131.0,115.0,130.0,1429,0.0,0.0
2023-10-31 00:00:00-04:00,130.0,131.0,124.0,125.0,397,0.0,0.0
2023-11-01 00:00:00-04:00,125.0,128.0,123.0,126.0,337,0.0,0.0
2023-11-02 00:00:00-04:00,129.0,133.0,125.0,129.0,530,0.0,0.0
2023-11-03 00:00:00-04:00,136.0,137.0,128.0,135.0,2019,0.0,0.0
2023-11-06 00:00:00-05:00,134.0,135.0,131.0,133.0,769,0.0,0.0
2023-11-07 00:00:00-05:00,130.0,143.0,130.0,134.0,1172,0.0,0.0
2023-11-08 00:00:00-05:00,135.0,137.0,131.0,134.0,418,0.0,0.0
2023-11-09 00:00:00-05:00,132.0,136.0,117.0,120.0,1026,0.0,0.0
2023-11-10 00:00:00-05:00,125.0,129.0,118.0,120.0,753,0.0,0.0
2023-11-13 00:00:00-05:00,120.0,133.0,120.0,133.0,335,0.0,0.0
2023-11-14 00:00:00-05:00,130.0,137.0,129.0,134.0,603,0.0,0.0
2023-11-15 00:00:00-05:00,135.0,143.0,135.0,139.0,1042,0.0,0.0
2023-11-16 00:00:00-05:00,140.0,143.0,127.0,134.0,1646,0.0,0.0
2023-11-17 00:00:00-05:00,136.0,147.0,131.0,145.0,828,0.0,0.0
2023-11-20 00:00:00-05:00,147.0,157.0,145.0,153.0,869,0.0,0.0
2023-11-21 00:00:00-05:00,149.0,154.0,145.0,150.0,958,0.0,0.0
2023-11-22 00:00:00-05:00,153.0,154.0,143.0,152.0,663,0.0,0.0
2023-11-24 00:00:00-05:00,153.0,160.0,153.0,159.0,397,0.0,0.0
2023-11-27 00:00:00-05:00,159.0,160.0,151.0,151.0,852,0.0,0.0
2023-11-28 00:00:00-05:00,150.0,153.0,147.0,153.0,797,0.0,0.0
2023-11-29 00:00:00-05:00,151.0,158.0,150.0,150.0,913,0.0,0.0
2023-11-30 00:00:00-05:00,150.0,167.0,147.0,164.0,2371,0.0,0.0
2023-12-01 00:00:00-05:00,163.0,174.0,160.0,172.0,1140,0.0,0.0
2023-12-04 00:00:00-05:00,173.0,174.0,151.0,161.0,2853,0.0,0.0
2023-12-05 00:00:00-05:00,161.0,168.0,155.0,164.0,813,0.0,0.0
2023-12-06 00:00:00-05:00,164.0,164.0,155.0,157.0,648,0.0,0.0
2023-12-07 00:00:00-05:00,157.0,164.0,156.0,160.0,484,0.0,0.0
2023-12-08 00:00:00-05:00,159.0,164.0,152.0,161.0,399,0.0,0.0
2023-12-11 00:00:00-05:00,165.0,168.0,158.0,162.0,927,0.0,0.0
2023-12-12 00:00:00-05:00,164.0,180.0,159.0,176.0,2811,0.0,0.0
2023-12-13 00:00:00-05:00,175.0,195.0,172.0,187.0,3645,0.0,0.0
2023-12-14 00:00:00-05:00,190.0,200.0,175.0,200.0,3280,0.0,0.0
2023-12-15 00:00:00-05:00,202.0,214.0,192.0,198.0,3597,0.0,0.0
2023-12-18 00:00:00-05:00,203.0,204.0,192.0,197.0,3189,0.0,0.0
2023-12-19 00:00:00-05:00,200.0,217.0,197.0,213.0,4120,0.0,0.0
2023-12-20 00:00:00-05:00,211.0,218.0,200.0,205.0,2853,0.0,0.0
2023-12-21 00:00:00-05:00,212.0,216.0,199.0,213.0,2643,0.0,0.0
2023-12-22 00:00:00-05:00,222.0,257.0,222.0,254.0,11399,0.0,0.0
2023-12-26 00:00:00-05:00,256.0,276.0,242.0,252.0,5427,0.0,0.0
2023-12-27 00:00:00-05:00,252.0,265.0,243.0,249.0,3118,0.0,0.0
2023-12-28 00:00:00-05:00,249.0,256.0,238.0,251.0,2965,0.0,0.0
2023-12-29 00:00:00-05:00,248.0,251.0,233.0,236.0,1525,0.0,0.0
2024-01-02 00:00:00-05:00,232.0,272.0,220.0,272.0,3752,0.0,0.0
2024-01-03 00:00:00-05:00,280.0,305.0,267.0,303.0,6498,0.0,0.0
2024-01-04 00:00:00-05:00,310.0,325.0,275.0,300.0,7025,0.0,0.0
2024-01-05 00:00:00-05:00,296.0,296.0,267.0,280.0,3828,0.0,0.0
2024-01-08 00:00:00-05:00,278.0,291.0,278.0,290.0,1429,0.0,0.0
2024-01-09 00:00:00-05:00,293.0,307.0,283.0,302.0,2735,0.0,0.0
2024-01-10 00:00:00-05:00,301.0,313.0,292.0,297.0,2778,0.0,0.0
2024-01-11 00:00:00-05:00,299.0,314.0,272.0,303.0,4888,0.0,0.0
2024-01-12 00:00:00-05:00,300.0,318.0,299.0,311.0,2806,0.0,0.0
2024-01-16 00:00:00-05:00,312.0,316.0,287.0,291.0,3396,0.0,0.0
2024-01-17 00:00:00-05:00,282.0,294.0,245.0,287.0,7600,0.0,0.0
2024-01-18 00:00:00-05:00,284.0,312.0,266.0,306.0,3654,0.0,0.0
2024-01-19 00:00:00-05:00,303.0,309.0,291.0,298.0,2702,0.0,0.0
2024-01-22 00:00:00-05:00,290.0,318.0,290.0,312.0,3554,0.0,0.0
2024-01-23 00:00:00-05:00,312.0,353.0,306.0,349.0,6499,0.0,0.0
2024-01-24 00:00:00-05:00,350.0,352.0,290.0,307.0,4942,0.0,0.0
2024-01-25 00:00:00-05:00,307.0,323.0,294.0,316.0,2218,0.0,0.0
2024-01-26 00:00:00-05:00,314.0,324.0,310.0,318.0,2041,0.0,0.0
2024-01-29 00:00:00-05:00,316.0,350.0,316.0,320.0,6136,0.0,0.0
2024-01-30 00:00:00-05:00,318.0,340.0,306.0,340.0,2427,0.0,0.0
2024-01-31 00:00:00-05:00,337.0,347.0,292.0,300.0,6353,0.0,0.0
2024-02-01 00:00:00-05:00,303.0,303.0,272.0,293.0,5984,0.0,0.0
2024-02-02 00:00:00-05:00,290.0,304.0,272.0,295.0,3198,0.0,0.0
2024-02-05 00:00:00-05:00,291.0,315.0,281.0,313.0,2716,0.0,0.0
2024-02-06 00:00:00-05:00,311.0,328.0,311.0,320.0,2648,0.0,0.0
2024-02-07 00:00:00-05:00,318.0,325.0,309.0,318.0,2570,0.0,0.0
2024-02-08 00:00:00-05:00,315.0,334.0,312.0,320.0,3598,0.0,0.0
2024-02-09 00:00:00-05:00,320.0,333.0,316.0,329.0,2168,0.0,0.0
2024-02-12 00:00:00-05:00,331.0,338.0,302.0,311.0,4302,0.0,0.0
2024-02-13 00:00:00-05:00,297.0,314.0,293.0,309.0,4997,0.0,0.0
2024-02-14 00:00:00-05:00,311.0,315.0,302.0,308.0,1686,0.0,0.0
2024-02-15 00:00:00-05:00,310.0,315.0,296.0,309.0,2017,0.0,0.0
2024-02-16 00:00:00-05:00,309.0,322.0,299.0,322.0,3219,0.0,0.0
2024-02-20 00:00:00-05:00,320.0,336.0,311.0,333.0,3890,0.0,0.0
2024-02-21 00:00:00-05:00,324.0,325.0,298.0,299.0,3165,0.0,0.0
2024-02-22 00:00:00-05:00,303.0,307.0,290.0,293.0,2488,0.0,0.0
2024-02-23 00:00:00-05:00,289.0,297.0,281.0,290.0,2419,0.0,0.0
2024-02-26 00:00:00-05:00,287.0,311.0,284.0,306.0,2493,0.0,0.0
2024-02-27 00:00:00-05:00,309.0,309.0,298.0,302.0,1930,0.0,0.0
2024-02-28 00:00:00-05:00,301.0,308.0,286.0,287.0,2343,0.0,0.0
2024-02-29 00:00:00-05:00,291.0,306.0,286.0,289.0,1912,0.0,0.0
2024-03-01 00:00:00-05:00,287.0,307.0,287.0,301.0,2180,0.0,0.0
2024-03-04 00:00:00-05:00,305.0,308.0,298.0,304.0,1979,0.0,0.0
2024-03-05 00:00:00-05:00,305.0,305.0,284.0,290.0,1676,0.0,0.0
2024-03-06 00:00:00-05:00,296.0,303.0,286.0,290.0,2546,0.0,0.0
2024-03-07 00:00:00-05:00,292.0,299.0,273.0,280.0,3318,0.0,0.0
2024-03-08 00:00:00-05:00,284.0,295.0,269.0,273.0,4194,0.0,0.0
2024-03-11 00:00:00-04:00,271.0,287.0,252.0,256.0,2628,0.0,0.0
2024-03-12 00:00:00-04:00,252.0,271.0,251.0,262.0,3235,0.0,0.0
2024-03-13 00:00:00-04:00,261.0,275.0,250.0,255.0,4246,0.0,0.0
2024-03-14 00:00:00-04:00,258.0,268.0,251.0,261.0,1780,0.0,0.0
2024-03-15 00:00:00-04:00,264.0,269.0,254.0,256.0,2440,0.0,0.0
2024-03-18 00:00:00-04:00,261.0,287.0,258.0,280.0,4682,0.0,0.0
2024-03-19 00:00:00-04:00,278.0,303.0,277.0,293.0,4317,0.0,0.0
2024-03-20 00:00:00-04:00,296.0,310.0,287.0,305.0,6332,0.0,0.0
2024-03-21 00:00:00-04:00,303.0,314.0,287.0,288.0,2890,0.0,0.0
2024-03-22 00:00:00-04:00,290.0,302.0,285.0,293.0,2056,0.0,0.0
2024-03-25 00:00:00-04:00,297.0,302.0,277.0,282.0,3203,0.0,0.0
2024-03-26 00:00:00-04:00,286.0,289.0,278.0,285.0,2271,0.0,0.0
2024-03-27 00:00:00-04:00,291.0,318.0,281.0,318.0,6750,0.0,0.0
2024-03-28 00:00:00-04:00,307.0,311.0,290.0,300.0,6528,0.0,0.0
2024-04-01 00:00:00-04:00,306.0,314.0,300.0,304.0,7199,0.0,0.0
2024-04-02 00:00:00-04:00,301.0,316.0,291.0,296.0,3918,0.0,0.0
2024-04-03 00:00:00-04:00,300.0,302.0,272.0,277.0,5862,0.0,0.0
2024-04-04 00:00:00-04:00,279.0,286.0,268.0,271.0,4047,0.0,0.0
2024-04-05 00:00:00-04:00,281.0,283.0,266.0,275.0,3947,0.0,0.0
2024-04-08 00:00:00-04:00,281.0,281.0,256.0,259.0,6988,0.0,0.0
2024-04-09 00:00:00-04:00,262.0,271.0,259.0,268.0,7634,0.0,0.0
2024-04-10 00:00:00-04:00,268.0,273.0,242.0,245.0,9593,0.0,0.0
2024-04-11 00:00:00-04:00,257.0,257.0,248.0,251.0,4854,0.0,0.0
2024-04-12 00:00:00-04:00,250.0,253.0,232.0,240.0,5202,0.0,0.0
2024-04-15 00:00:00-04:00,240.0,247.0,222.0,226.0,7636,0.0,0.0
2024-04-16 00:00:00-04:00,224.0,233.0,214.0,215.0,5991,0.0,0.0
2024-04-17 00:00:00-04:00,216.0,239.0,216.0,228.0,8460,0.0,0.0
2024-04-18 00:00:00-04:00,229.0,236.0,215.0,216.0,8760,0.0,0.0
2024-04-19 00:00:00-04:00,217.0,217.0,188.0,193.0,11692,0.0,0.0
2024-04-22 00:00:00-04:00,194.0,205.0,180.0,180.0,14777,0.0,0.0
2024-04-23 00:00:00-04:00,180.0,186.0,174.0,184.0,12316,0.0,0.0
2024-04-24 00:00:00-04:00,199.0,199.0,179.0,186.0,6648,0.0,0.0
2024-04-25 00:00:00-04:00,180.0,181.0,170.0,171.0,5480,0.0,0.0
2024-04-26 00:00:00-04:00,168.0,176.0,163.0,164.0,10154,0.0,0.0
2024-04-29 00:00:00-04:00,164.0,173.0,154.0,155.0,11415,0.0,0.0
2024-04-30 00:00:00-04:00,156.0,190.0,151.0,180.0,14503,0.0,0.0
2024-05-01 00:00:00-04:00,180.0,193.0,162.0,162.0,9822,0.0,0.0
2024-05-02 00:00:00-04:00,168.0,178.0,167.0,172.0,8586,0.0,0.0
2024-05-03 00:00:00-04:00,167.0,184.0,163.0,183.0,11536,0.0,0.0
2024-05-06 00:00:00-04:00,35.0,42.0,31.0,32.0,409952,0.0,0.0
2024-05-07 00:00:00-04:00,33.0,33.0,27.0,31.0,71186,0.0,0.0
2024-05-08 00:00:00-04:00,30.0,32.0,30.0,30.0,35131,0.0,0.0
2024-05-09 00:00:00-04:00,31.0,32.0,30.0,30.0,29890,0.0,0.0
2024-05-10 00:00:00-04:00,28.0,28.0,26.0,27.0,43541,0.0,0.0
2024-05-13 00:00:00-04:00,28.0,28.0,26.0,26.0,14849,0.0,0.0
2024-05-14 00:00:00-04:00,26.0,28.0,26.0,28.0,16876,0.0,0.0
2024-05-15 00:00:00-04:00,28.0,29.0,27.0,27.0,12253,0.0,0.0
2024-05-16 00:00:00-04:00,27.0,29.0,27.0,28.0,9127,0.0,0.0
2024-05-17 00:00:00-04:00,28.0,31.0,28.0,30.0,27133,0.0,0.0
2024-05-20 00:00:00-04:00,29.0,30.0,28.0,29.0,16761,0.0,0.0
2024-05-21 00:00:00-04:00,29.0,29.0,28.0,28.0,12007,0.0,0.0
2024-05-22 00:00:00-04:00,28.0,29.0,27.0,28.0,9601,0.0,0.0
2024-05-23 00:00:00-04:00,28.0,29.0,26.0,27.0,15017,0.0,0.0
2024-05-24 00:00:00-04:00,27.0,28.0,26.0,27.0,9805,0.0,0.0
2024-05-28 00:00:00-04:00,27.0,27.0,26.0,27.0,6669,0.0,0.0
2024-05-29 00:00:00-04:00,27.0,27.0,26.0,26.0,5356,0.0,0.0
2024-05-30 00:00:00-04:00,26.0,28.0,26.0,27.0,8854,0.0,0.0
2024-05-31 00:00:00-04:00,27.0,28.0,27.0,27.0,3969,0.0,0.0
2024-06-03 00:00:00-04:00,27.0,28.0,27.0,27.0,4607,0.0,0.0
2024-06-04 00:00:00-04:00,30.0,30.0,27.0,29.0,33679,0.0,0.0
2024-06-05 00:00:00-04:00,29.0,29.0,27.0,27.0,10540,0.0,0.0
2024-06-06 00:00:00-04:00,28.0,28.0,26.0,26.0,12927,0.0,0.0
2024-06-07 00:00:00-04:00,27.0,27.0,25.0,26.0,5776,0.0,0.0
2024-06-10 00:00:00-04:00,26.0,26.0,26.0,26.0,2697,0.0,0.0
2024-06-11 00:00:00-04:00,26.0,28.0,26.0,27.0,5623,0.0,0.0
2024-06-12 00:00:00-04:00,28.0,29.0,26.0,26.0,9231,0.0,0.0
2024-06-13 00:00:00-04:00,26.0,27.0,26.0,27.0,4970,0.0,0.0
2024-06-14 00:00:00-04:00,27.0,28.0,26.0,26.0,5524,0.0,0.0
2024-06-17 00:00:00-04:00,26.0,26.0,24.0,24.0,9218,0.0,0.0
2024-06-18 00:00:00-04:00,24.0,26.0,24.0,24.0,8507,0.0,0.0
2024-06-20 00:00:00-04:00,25.0,27.0,24.0,25.0,9058,0.0,0.0
2024-06-21 00:00:00-04:00,26.0,27.0,25.0,26.0,10084,0.0,0.0
2024-06-24 00:00:00-04:00,26.0,27.0,26.0,27.0,279595,0.0,0.0
2024-06-25 00:00:00-04:00,40.0,44.0,31.0,33.0,1198944,0.0,0.0
2024-06-26 00:00:00-04:00,30.0,31.0,28.0,29.0,85569,0.0,0.0
2024-06-27 00:00:00-04:00,28.0,32.0,27.0,32.0,43973,0.0,0.0
2024-06-28 00:00:00-04:00,30.0,31.0,28.0,28.0,21295,0.0,0.0
2024-07-01 00:00:00-04:00,28.0,30.0,28.0,30.0,13211,0.0,0.0
2024-07-02 00:00:00-04:00,30.0,30.0,27.0,27.0,11832,0.0,0.0
2024-07-03 00:00:00-04:00,27.0,28.0,26.0,27.0,14573,0.0,0.0
2024-07-05 00:00:00-04:00,27.0,27.0,26.0,27.0,9130,0.0,0.0
2024-07-08 00:00:00-04:00,26.0,29.0,26.0,28.0,17899,0.0,0.0
2024-07-09 00:00:00-04:00,28.0,28.0,27.0,27.0,5826,0.0,0.0
2024-07-10 00:00:00-04:00,27.0,30.0,27.0,28.0,15111,0.0,0.0
2024-07-11 00:00:00-04:00,28.0,31.0,28.0,29.0,11942,0.0,0.0
2024-07-12 00:00:00-04:00,29.0,30.0,28.0,29.0,6570,0.0,0.0
2024-07-15 00:00:00-04:00,29.0,32.0,28.0,31.0,13056,0.0,0.0
2024-07-16 00:00:00-04:00,33.0,33.0,31.0,32.0,10466,0.0,0.0
2024-07-17 00:00:00-04:00,32.0,32.0,30.0,30.0,8113,0.0,0.0
2024-07-18 00:00:00-04:00,31.0,31.0,29.0,30.0,3399,0.0,0.0
2024-07-19 00:00:00-04:00,29.0,30.0,28.0,28.0,4213,0.0,0.0
2024-07-22 00:00:00-04:00,29.0,33.0,28.0,32.0,21288,0.0,0.0
2024-07-23 00:00:00-04:00,32.0,32.0,28.0,31.0,7606,0.0,0.0
2024-07-24 00:00:00-04:00,31.0,32.0,29.0,31.0,5265,0.0,0.0
2024-07-25 00:00:00-04:00,25.0,25.0,20.0,24.0,61978,0.0,0.0
2024-07-26 00:00:00-04:00,23.0,25.0,23.0,24.0,14585,0.0,0.0
2024-07-29 00:00:00-04:00,24.0,24.0,23.0,23.0,15463,0.0,0.0
2024-07-30 00:00:00-04:00,24.0,24.0,21.0,22.0,46528,0.0,0.0
2024-07-31 00:00:00-04:00,22.0,23.0,20.0,22.0,20927,0.0,0.0
2024-08-01 00:00:00-04:00,22.0,23.0,21.0,22.0,9288,0.0,0.0
2024-08-02 00:00:00-04:00,21.0,21.0,19.0,20.0,14901,0.0,0.0
2024-08-05 00:00:00-04:00,18.0,19.0,17.0,18.0,10094,0.0,0.0
2024-08-06 00:00:00-04:00,19.0,19.0,18.0,18.0,9052,0.0,0.0
2024-08-07 00:00:00-04:00,18.0,19.0,17.0,17.0,10785,0.0,0.0
2024-08-08 00:00:00-04:00,18.0,20.0,18.0,19.0,16781,0.0,0.0
2024-08-09 00:00:00-04:00,18.0,19.0,18.0,18.0,10422,0.0,0.0
2024-08-12 00:00:00-04:00,18.0,19.0,17.0,18.0,11717,0.0,0.0
2024-08-13 00:00:00-04:00,18.0,19.0,18.0,18.0,16939,0.0,0.0
2024-08-14 00:00:00-04:00,18.0,18.0,17.0,17.0,9007,0.0,0.0
2024-08-15 00:00:00-04:00,17.0,18.0,17.0,18.0,13802,0.0,0.0
2024-08-16 00:00:00-04:00,18.0,18.0,17.0,18.0,9600,0.0,0.0
2024-08-19 00:00:00-04:00,17.0,19.0,17.0,17.0,27321,0.0,0.0
2024-08-20 00:00:00-04:00,17.0,21.0,17.0,19.0,40421,0.0,0.0
2024-08-21 00:00:00-04:00,19.0,19.0,18.0,19.0,13441,0.0,0.0
2024-08-22 00:00:00-04:00,19.0,19.0,18.0,19.0,9195,0.0,0.0
2024-08-23 00:00:00-04:00,18.0,20.0,18.0,19.0,10413,0.0,0.0
2024-08-26 00:00:00-04:00,19.0,20.0,19.0,19.0,15287,0.0,0.0
2024-08-27 00:00:00-04:00,19.0,19.0,17.0,18.0,9530,0.0,0.0
2024-08-28 00:00:00-04:00,16.0,18.0,16.0,17.0,15405,0.0,0.0
2024-08-29 00:00:00-04:00,17.0,18.0,17.0,17.0,8071,0.0,0.0
2024-08-30 00:00:00-04:00,18.0,18.0,17.0,18.0,5738,0.0,0.0
2024-09-03 00:00:00-04:00,18.0,18.0,17.0,17.0,5221,0.0,0.0
2024-09-04 00:00:00-04:00,17.0,17.0,16.0,16.0,5288,0.0,0.0
2024-09-05 00:00:00-04:00,17.0,17.0,16.0,16.0,3999,0.0,0.0
2024-09-06 00:00:00-04:00,16.0,17.0,16.0,16.0,4046,0.0,0.0
2024-09-09 00:00:00-04:00,16.0,16.0,16.0,16.0,3810,0.0,0.0
2024-09-10 00:00:00-04:00,17.0,17.0,16.0,16.0,5797,0.0,0.0
2024-09-11 00:00:00-04:00,17.0,17.0,16.0,16.0,3884,0.0,0.0
2024-09-12 00:00:00-04:00,16.0,16.0,16.0,16.0,4837,0.0,0.0
2024-09-13 00:00:00-04:00,16.0,18.0,16.0,17.0,5395,0.0,0.0
2024-09-16 00:00:00-04:00,17.0,17.0,16.0,16.0,3527,0.0,0.0
2024-09-17 00:00:00-04:00,16.0,17.0,16.0,17.0,2731,0.0,0.0
2024-09-18 00:00:00-04:00,17.0,18.0,16.0,16.0,18304,0.0,0.0
2024-09-19 00:00:00-04:00,17.0,18.0,16.0,17.0,4308,0.0,0.0
2024-09-20 00:00:00-04:00,17.0,18.0,16.0,16.0,3991,0.0,0.0
2024-09-23 00:00:00-04:00,17.0,17.0,16.0,16.0,6864,0.0,0.0
2024-09-24 00:00:00-04:00,16.0,16.0,16.0,16.0,2360,0.0,0.0
2024-09-25 00:00:00-04:00,16.0,16.0,16.0,16.0,2367,0.0,0.0
2024-09-26 00:00:00-04:00,16.0,17.0,16.0,17.0,11567,0.0,0.0
2024-09-27 00:00:00-04:00,17.0,17.0,16.0,17.0,3627,0.0,0.0
2024-09-30 00:00:00-04:00,17.0,17.0,16.0,17.0,4555,0.0,0.0
2024-10-01 00:00:00-04:00,17.0,17.0,16.0,17.0,3687,0.0,0.0
2024-10-02 00:00:00-04:00,17.0,17.0,15.0,15.0,9177,0.0,0.0
2024-10-03 00:00:00-04:00,15.0,16.0,15.0,16.0,4852,0.0,0.0
2024-10-04 00:00:00-04:00,16.0,16.0,16.0,16.0,2255,0.0,0.0
2024-10-07 00:00:00-04:00,16.0,16.0,15.0,16.0,3197,0.0,0.0
2024-10-08 00:00:00-04:00,16.0,16.0,15.0,15.0,2437,0.0,0.0
2024-10-09 00:00:00-04:00,15.0,15.0,14.0,14.0,7153,0.0,0.0
2024-10-10 00:00:00-04:00,14.0,15.0,14.0,14.0,3283,0.0,0.0
2024-10-11 00:00:00-04:00,14.0,17.0,14.0,15.0,15351,0.0,0.0
2024-10-14 00:00:00-04:00,15.0,15.0,15.0,15.0,2020,0.0,0.0
2024-10-15 00:00:00-04:00,14.0,16.0,14.0,15.0,3444,0.0,0.0
2024-10-16 00:00:00-04:00,15.0,17.0,15.0,16.0,27380,0.0,0.0
2024-10-17 00:00:00-04:00,16.0,17.0,15.0,16.0,7090,0.0,0.0
2024-10-18 00:00:00-04:00,16.0,16.0,15.0,16.0,3854,0.0,0.0
2024-10-21 00:00:00-04:00,16.0,17.0,16.0,16.0,7684,0.0,0.0
2024-10-22 00:00:00-04:00,16.0,17.0,16.0,17.0,10046,0.0,0.0
2024-10-23 00:00:00-04:00,17.0,19.0,17.0,18.0,20873,0.0,0.0
2024-10-24 00:00:00-04:00,19.0,21.0,17.0,17.0,37615,0.0,0.0
2024-10-25 00:00:00-04:00,17.0,18.0,16.0,17.0,11326,0.0,0.0
2024-10-28 00:00:00-04:00,17.0,18.0,17.0,17.0,9706,0.0,0.0
2024-10-29 00:00:00-04:00,38.0,63.0,32.0,49.0,11221418,0.0,0.0
2024-10-30 00:00:00-04:00,44.0,54.0,42.0,46.0,448658,0.0,0.0
2024-10-31 00:00:00-04:00,45.0,47.0,37.0,41.0,136507,0.0,0.0
2024-11-01 00:00:00-04:00,41.0,42.0,38.0,38.0,39747,0.0,0.0
2024-11-04 00:00:00-05:00,33.0,41.0,31.0,41.0,44847,0.0,0.0
2024-11-05 00:00:00-05:00,42.0,42.0,38.0,39.0,15352,0.0,0.0
2024-11-06 00:00:00-05:00,38.0,39.0,34.0,38.0,26148,0.0,0.0
2024-11-07 00:00:00-05:00,38.0,44.0,38.0,42.0,38778,0.0,0.0
2024-11-08 00:00:00-05:00,38.0,42.0,38.0,41.0,18672,0.0,0.0
2024-11-11 00:00:00-05:00,42.0,43.0,39.0,42.0,22361,0.0,0.0
2024-11-12 00:00:00-05:00,42.0,42.0,40.0,40.0,9707,0.0,0.0
2024-11-13 00:00:00-05:00,42.0,42.0,39.0,40.0,10525,0.0,0.0
2024-11-14 00:00:00-05:00,41.0,41.0,37.0,40.0,9781,0.0,0.0
2024-11-15 00:00:00-05:00,40.0,44.0,39.0,42.0,18124,0.0,0.0
2024-11-18 00:00:00-05:00,42.0,45.0,41.0,42.0,23824,0.0,0.0
2024-11-19 00:00:00-05:00,41.0,42.0,37.0,38.0,15645,0.0,0.0
2024-11-20 00:00:00-05:00,35.0,37.0,31.0,33.0,34817,0.0,0.0
2024-11-21 00:00:00-05:00,32.0,33.0,31.0,32.0,10074,0.0,0.0
2024-11-22 00:00:00-05:00,35.0,35.0,31.0,32.0,7006,0.0,0.0
2024-11-25 00:00:00-05:00,29.0,32.0,28.0,29.0,67171,0.0,0.0
2024-11-26 00:00:00-05:00,30.0,34.0,29.0,32.0,12085,0.0,0.0
2024-11-27 00:00:00-05:00,30.0,33.0,30.0,31.0,8910,0.0,0.0
2024-11-29 00:00:00-05:00,31.0,36.0,31.0,35.0,12589,0.0,0.0
2024-12-02 00:00:00-05:00,35.0,37.0,32.0,33.0,6950,0.0,0.0
2024-12-03 00:00:00-05:00,31.0,33.0,30.0,31.0,6840,0.0,0.0
2024-12-04 00:00:00-05:00,31.0,31.0,29.0,30.0,2568,0.0,0.0
2024-12-05 00:00:00-05:00,29.0,30.0,28.0,29.0,6831,0.0,0.0
2024-12-06 00:00:00-05:00,27.0,30.0,27.0,29.0,5916,0.0,0.0
2024-12-09 00:00:00-05:00,30.0,34.0,29.0,30.0,12280,0.0,0.0
2024-12-10 00:00:00-05:00,29.0,32.0,28.0,29.0,9408,0.0,0.0
2024-12-11 00:00:00-05:00,28.0,29.0,27.0,28.0,3538,0.0,0.0
2024-12-12 00:00:00-05:00,26.0,28.0,25.0,25.0,10063,0.0,0.0
2024-12-13 00:00:00-05:00,24.0,26.0,23.0,24.0,6296,0.0,0.0
2024-12-16 00:00:00-05:00,22.0,24.0,22.0,24.0,7427,0.0,0.0
2024-12-17 00:00:00-05:00,23.0,24.0,21.0,23.0,5101,0.0,0.0
2024-12-18 00:00:00-05:00,24.0,25.0,22.0,22.0,5531,0.0,0.0
2024-12-19 00:00:00-05:00,22.0,24.0,19.0,21.0,12514,0.0,0.0
2024-12-20 00:00:00-05:00,20.0,25.0,20.0,23.0,10346,0.0,0.0
2024-12-23 00:00:00-05:00,24.0,24.0,21.0,22.0,3229,0.0,0.0
2024-12-24 00:00:00-05:00,21.0,24.0,21.0,24.0,4067,0.0,0.0
2024-12-26 00:00:00-05:00,23.0,26.0,22.0,26.0,7152,0.0,0.0
2024-12-27 00:00:00-05:00,26.0,26.0,23.0,24.0,8264,0.0,0.0
2024-12-30 00:00:00-05:00,25.0,27.0,24.0,25.0,9707,0.0,0.0
2024-12-31 00:00:00-05:00,26.0,26.0,24.0,25.0,8293,0.0,0.0
2025-01-02 00:00:00-05:00,25.0,29.0,24.0,26.0,5515,0.0,0.0
2025-01-03 00:00:00-05:00,26.0,30.0,26.0,28.0,6025,0.0,0.0
2025-01-06 00:00:00-05:00,29.0,30.0,28.0,28.0,5118,0.0,0.0
2025-01-07 00:00:00-05:00,29.0,30.0,28.0,28.0,4364,0.0,0.0
2025-01-08 00:00:00-05:00,27.0,30.0,26.0,28.0,5471,0.0,0.0
2025-01-10 00:00:00-05:00,26.0,27.0,26.0,27.0,1567,0.0,0.0
2025-01-13 00:00:00-05:00,26.0,26.0,24.0,25.0,2490,0.0,0.0
2025-01-14 00:00:00-05:00,25.0,26.0,24.0,25.0,1056,0.0,0.0
2025-01-15 00:00:00-05:00,25.0,26.0,24.0,25.0,1816,0.0,0.0
2025-01-16 00:00:00-05:00,25.0,26.0,25.0,25.0,1449,0.0,0.0
2025-01-17 00:00:00-05:00,25.0,28.0,25.0,26.0,2256,0.0,0.0
2025-01-21 00:00:00-05:00,27.0,27.0,25.0,26.0,1382,0.0,0.0
2025-01-22 00:00:00-05:00,26.0,27.0,26.0,26.0,1882,0.0,0.0
2025-01-23 00:00:00-05:00,25.0,27.0,25.0,27.0,1287,0.0,0.0
2025-01-24 00:00:00-05:00,27.0,27.0,26.0,27.0,2384,0.0,0.0
2025-01-27 00:00:00-05:00,27.0,27.0,25.0,26.0,1997,0.0,0.0
2025-01-28 00:00:00-05:00,26.0,27.0,25.0,25.0,840,0.0,0.0
2025-01-29 00:00:00-05:00,25.0,26.0,24.0,25.0,1778,0.0,0.0
2025-01-30 00:00:00-05:00,25.0,29.0,25.0,29.0,10944,0.0,0.0
2025-01-31 00:00:00-05:00,30.0,30.0,26.0,27.0,3592,0.0,0.0
2025-02-03 00:00:00-05:00,24.0,27.0,23.0,26.0,2423,0.0,0.0
2025-02-04 00:00:00-05:00,26.0,27.0,26.0,27.0,2707,0.0,0.0
2025-02-05 00:00:00-05:00,26.0,29.0,26.0,28.0,2685,0.0,0.0
2025-02-06 00:00:00-05:00,29.0,29.0,26.0,27.0,1996,0.0,0.0
2025-02-07 00:00:00-05:00,27.0,27.0,26.0,27.0,2483,0.0,0.0
2025-02-10 00:00:00-05:00,27.0,28.0,26.0,26.0,1431,0.0,0.0
2025-02-11 00:00:00-05:00,25.0,28.0,25.0,28.0,3263,0.0,0.0
2025-02-12 00:00:00-05:00,27.0,28.0,26.0,26.0,1250,0.0,0.0
2025-02-13 00:00:00-05:00,25.0,29.0,25.0,28.0,7302,0.0,0.0
2025-02-14 00:00:00-05:00,29.0,30.0,26.0,29.0,131356,0.0,0.0
2025-02-18 00:00:00-05:00,35.0,37.0,31.0,36.0,470125,0.0,0.0
2025-02-19 00:00:00-05:00,32.0,33.0,29.0,31.0,42607,0.0,0.0
2025-02-20 00:00:00-05:00,28.0,31.0,25.0,30.0,22999,0.0,0.0
2025-02-21 00:00:00-05:00,28.0,31.0,28.0,29.0,11198,0.0,0.0
2025-02-24 00:00:00-05:00,28.0,29.0,28.0,28.0,10308,0.0,0.0
2025-02-25 00:00:00-05:00,27.0,28.0,27.0,27.0,5671,0.0,0.0
2025-02-26 00:00:00-05:00,26.0,29.0,26.0,28.0,3755,0.0,0.0
2025-02-27 00:00:00-05:00,28.0,29.0,25.0,26.0,4699,0.0,0.0
2025-02-28 00:00:00-05:00,25.0,28.0,25.0,27.0,4428,0.0,0.0
2025-03-03 00:00:00-05:00,26.0,27.0,26.0,26.0,3984,0.0,0.0
2025-03-04 00:00:00-05:00,26.0,26.0,24.0,25.0,3117,0.0,0.0
2025-03-05 00:00:00-05:00,25.0,27.0,24.0,27.0,1600,0.0,0.0
2025-03-06 00:00:00-05:00,27.0,27.0,25.0,27.0,3836,0.0,0.0
2025-03-07 00:00:00-05:00,26.0,28.0,25.0,27.0,1503,0.0,0.0
2025-03-10 00:00:00-04:00,27.0,27.0,26.0,26.0,1709,0.0,0.0
2025-03-11 00:00:00-04:00,26.0,27.0,25.0,26.0,1598,0.0,0.0
2025-03-12 00:00:00-04:00,26.0,26.0,24.0,26.0,2766,0.0,0.0
2025-03-13 00:00:00-04:00,25.0,27.0,25.0,26.0,2381,0.0,0.0
2025-03-14 00:00:00-04:00,27.0,27.0,26.0,26.0,1721,0.0,0.0
2025-03-17 00:00:00-04:00,26.0,28.0,26.0,27.0,2302,0.0,0.0
2025-03-18 00:00:00-04:00,26.0,28.0,26.0,27.0,1537,0.0,0.0
2025-03-19 00:00:00-04:00,28.0,28.0,27.0,28.0,1975,0.0,0.0
2025-03-20 00:00:00-04:00,28.0,28.0,27.0,27.0,1727,0.0,0.0
2025-03-21 00:00:00-04:00,28.0,28.0,26.0,27.0,6050,0.0,0.0
2025-03-24 00:00:00-04:00,26.0,27.0,26.0,26.0,2068,0.0,0.0
2025-03-25 00:00:00-04:00,26.0,27.0,25.0,26.0,1065,0.0,0.0
2025-03-26 00:00:00-04:00,26.0,26.0,24.0,24.0,1908,0.0,0.0
2025-03-27 00:00:00-04:00,24.0,25.0,24.0,24.0,840,0.0,0.0
2025-03-28 00:00:00-04:00,25.0,25.0,22.0,22.0,4892,0.0,0.0
2025-03-31 00:00:00-04:00,22.0,22.0,21.0,21.0,2021,0.0,0.0
2025-04-01 00:00:00-04:00,21.0,21.0,20.0,20.0,2294,0.0,0.0
2025-04-02 00:00:00-04:00,20.0,22.0,19.0,21.0,2351,0.0,0.0
2025-04-03 00:00:00-04:00,21.0,21.0,18.0,19.0,2622,0.0,0.0
2025-04-04 00:00:00-04:00,18.0,20.0,18.0,18.0,8835,0.0,0.0
2025-04-07 00:00:00-04:00,18.0,18.0,17.0,18.0,5005,0.0,0.0
2025-04-08 00:00:00-04:00,19.0,20.0,18.0,18.0,3981,0.0,0.0
2025-04-09 00:00:00-04:00,18.0,20.0,17.0,19.0,2365,0.0,0.0
2025-04-10 00:00:00-04:00,20.0,20.0,19.0,19.0,1558,0.0,0.0
2025-04-11 00:00:00-04:00,19.0,21.0,19.0,20.0,1254,0.0,0.0
2025-04-14 00:00:00-04:00,20.0,23.0,20.0,22.0,5677,0.0,0.0
2025-04-15 00:00:00-04:00,22.0,23.0,22.0,23.0,1342,0.0,0.0
2025-04-16 00:00:00-04:00,23.0,23.0,22.0,22.0,822,0.0,0.0
2025-04-17 00:00:00-04:00,23.0,23.0,22.0,22.0,368,0.0,0.0
2025-04-21 00:00:00-04:00,22.0,22.0,21.0,22.0,870,0.0,0.0
2025-04-22 00:00:00-04:00,22.0,23.0,22.0,23.0,678,0.0,0.0
2025-04-23 00:00:00-04:00,27.0,27.0,23.0,24.0,35482,0.0,0.0
2025-04-24 00:00:00-04:00,25.0,26.0,24.0,25.0,10597,0.0,0.0
2025-04-25 00:00:00-04:00,25.0,28.0,25.0,26.0,6583,0.0,0.0
2025-04-28 00:00:00-04:00,26.0,27.0,26.0,26.0,1596,0.0,0.0
2025-04-29 00:00:00-04:00,26.0,26.0,23.0,24.0,6801,0.0,0.0
2025-04-30 00:00:00-04:00,24.0,27.0,24.0,25.0,3641,0.0,0.0
2025-05-01 00:00:00-04:00,25.0,27.0,24.0,26.0,2206,0.0,0.0
2025-05-02 00:00:00-04:00,25.0,28.0,25.0,26.0,3944,0.0,0.0
2025-05-05 00:00:00-04:00,27.0,29.0,27.0,27.0,2108,0.0,0.0
2025-05-06 00:00:00-04:00,27.0,28.0,24.0,24.0,5758,0.0,0.0
2025-05-07 00:00:00-04:00,25.0,25.0,24.0,24.0,837,0.0,0.0
2025-05-08 00:00:00-04:00,25.0,26.0,23.0,24.0,2184,0.0,0.0
2025-05-09 00:00:00-04:00,25.0,26.0,24.0,24.0,1437,0.0,0.0
2025-05-12 00:00:00-04:00,25.0,26.0,24.0,26.0,4551,0.0,0.0
2025-05-13 00:00:00-04:00,26.0,26.0,25.0,25.0,2844,0.0,0.0
2025-05-14 00:00:00-04:00,27.0,27.0,23.0,24.0,5700,0.0,0.0
2025-05-15 00:00:00-04:00,23.0,25.0,23.0,25.0,7708,0.0,0.0
2025-05-16 00:00:00-04:00,25.0,27.0,25.0,25.0,1736,0.0,0.0
2025-05-19 00:00:00-04:00,23.0,26.0,23.0,26.0,1360,0.0,0.0
2025-05-20 00:00:00-04:00,27.0,28.0,25.0,26.0,3203,0.0,0.0
2025-05-21 00:00:00-04:00,26.0,27.0,25.0,25.0,1694,0.0,0.0
2025-05-22 00:00:00-04:00,25.0,25.0,24.0,25.0,1005,0.0,0.0
2025-05-23 00:00:00-04:00,24.0,25.0,24.0,24.0,1244,0.0,0.0
2025-05-27 00:00:00-04:00,24.0,25.0,22.0,23.0,5373,0.0,0.0
2025-05-28 00:00:00-04:00,23.0,23.0,20.0,22.0,7930,0.0,0.0
2025-05-29 00:00:00-04:00,22.0,22.0,20.0,21.0,4018,0.0,0.0
2025-05-30 00:00:00-04:00,21.0,22.0,20.0,21.0,5873,0.0,0.0
2025-06-02 00:00:00-04:00,21.0,22.0,20.0,20.0,4529,0.0,0.0
2025-06-03 00:00:00-04:00,20.0,21.0,20.0,21.0,2449,0.0,0.0
2025-06-04 00:00:00-04:00,21.0,22.0,20.0,21.0,3079,0.0,0.0
2025-06-05 00:00:00-04:00,20.0,21.0,20.0,20.0,249185,0.0,0.0
2025-06-06 00:00:00-04:00,21.0,21.0,18.0,19.0,587055,0.0,0.0
2025-06-09 00:00:00-04:00,18.0,18.0,17.0,18.0,29949,0.0,0.0
2025-06-10 00:00:00-04:00,17.0,18.0,15.0,17.0,18711,0.0,0.0
2025-06-11 00:00:00-04:00,18.0,18.0,16.0,17.0,17915,0.0,0.0
2025-06-12 00:00:00-04:00,16.0,17.0,15.0,17.0,18873,0.0,0.0
2025-06-13 00:00:00-04:00,17.0,17.0,15.0,16.0,10694,0.0,0.0
2025-06-16 00:00:00-04:00,19.31999969482422,19.31999969482422,14.90999984741211,15.800000190734863,21600,0.0,0.01
2025-06-17 00:00:00-04:00,15.960000038146973,15.960000038146973,12.920000076293945,13.270000457763672,18800,0.0,0.0
2025-06-18 00:00:00-04:00,11.0600004196167,15.8100004196167,11.0600004196167,14.619999885559082,97200,0.0,0.0
2025-06-20 00:00:00-04:00,15.859999656677246,15.989999771118164,14.890000343322754,15.0,15500,0.0,0.0
2025-06-23 00:00:00-04:00,15.0,20.989999771118164,14.329999923706055,15.300000190734863,38100,0.0,0.0
2025-06-24 00:00:00-04:00,16.969999313354492,16.989999771118164,14.699999809265137,15.069999694824219,29600,0.0,0.0
2025-06-25 00:00:00-04:00,16.0,21.399999618530273,15.489999771118164,18.0,125900,0.0,0.0
2025-06-26 00:00:00-04:00,15.510000228881836,18.889999389648438,15.510000228881836,16.899999618530273,109200,0.0,0.0
2025-06-27 00:00:00-04:00,16.81999969482422,17.690000534057617,15.899999618530273,15.899999618530273,54400,0.0,0.0
2025-06-30 00:00:00-04:00,16.0,17.100000381469727,15.800000190734863,16.139999389648438,50400,0.0,0.0
2025-07-01 00:00:00-04:00,16.1299991607666,16.739999771118164,16.059999465942383,16.149999618530273,66600,0.0,0.0
2025-07-02 00:00:00-04:00,16.25,17.389999389648438,15.140000343322754,15.550000190734863,106500,0.0,0.0
2025-07-03 00:00:00-04:00,15.859999656677246,16.979999542236328,15.359999656677246,15.890000343322754,171100,0.0,0.0
2025-07-07 00:00:00-04:00,15.949999809265137,16.020000457763672,15.010000228881836,15.289999961853027,103900,0.0,0.0
2025-07-08 00:00:00-04:00,15.65999984741211,16.020000457763672,14.75,15.09000015258789,114000,0.0,0.0
2025-07-09 00:00:00-04:00,15.300000190734863,15.4399995803833,14.6899995803833,14.789999961853027,87700,0.0,0.0
2025-07-10 00:00:00-04:00,14.84000015258789,14.850000381469727,13.420000076293945,13.5,321500,0.0,0.0
2025-07-11 00:00:00-04:00,13.130000114440918,13.819999694824219,12.710000038146973,12.960000038146973,342800,0.0,0.0
2025-07-14 00:00:00-04:00,13.420000076293945,13.850000381469727,12.699999809265137,12.800000190734863,140300,0.0,0.0
2025-07-15 00:00:00-04:00,12.800000190734863,13.039999961853027,11.510000228881836,11.75,180700,0.0,0.0
2025-07-16 00:00:00-04:00,11.8100004196167,13.880000114440918,11.770000457763672,13.140000343322754,222400,0.0,0.0
2025-07-17 00:00:00-04:00,13.1899995803833,13.619999885559082,12.6899995803833,13.020000457763672,124900,0.0,0.0
2025-07-18 00:00:00-04:00,13.029999732971191,14.010000228881836,13.029999732971191,13.34000015258789,120100,0.0,0.0
2025-07-21 00:00:00-04:00,13.510000228881836,13.59000015258789,12.640000343322754,13.199999809265137,126000,0.0,0.0
2025-07-22 00:00:00-04:00,13.390000343322754,13.510000228881836,12.829999923706055,13.039999961853027,79400,0.0,0.0
2025-07-23 00:00:00-04:00,12.899999618530273,13.420000076293945,12.6899995803833,13.180000305175781,120700,0.0,0.0
2025-07-24 00:00:00-04:00,13.369999885559082,13.369999885559082,12.699999809265137,13.020000457763672,120100,0.0,0.0
2025-07-25 00:00:00-04:00,13.09000015258789,13.5,13.0,13.289999961853027,81400,0.0,0.0
2025-07-28 00:00:00-04:00,13.039999961853027,13.449999809265137,13.039999961853027,13.25,62000,0.0,0.0
2025-07-29 00:00:00-04:00,13.260000228881836,13.420000076293945,12.079999923706055,12.300000190734863,83700,0.0,0.0
2025-07-30 00:00:00-04:00,12.300000190734863,13.050000190734863,12.300000190734863,12.600000381469727,122600,0.0,0.0
2025-07-31 00:00:00-04:00,12.319999694824219,12.800000190734863,12.319999694824219,12.420000076293945,73300,0.0,0.0
2025-08-01 00:00:00-04:00,12.109999656677246,12.420000076293945,11.890000343322754,12.0,68200,0.0,0.0
2025-08-04 00:00:00-04:00,12.149999618530273,12.199999809265137,11.329999923706055,11.84000015258789,130600,0.0,0.0
2025-08-05 00:00:00-04:00,11.84000015258789,11.9399995803833,11.399999618530273,11.600000381469727,135400,0.0,0.0
2025-08-06 00:00:00-04:00,11.770000457763672,11.770000457763672,10.899999618530273,11.0,34900,0.0,0.0
2025-08-07 00:00:00-04:00,11.210000038146973,11.3100004196167,10.920000076293945,11.0,101500,0.0,0.0
2025-08-08 00:00:00-04:00,10.829999923706055,12.920000076293945,10.829999923706055,12.850000381469727,44500,0.0,0.0
2025-08-11 00:00:00-04:00,13.520000457763672,13.520000457763672,12.449999809265137,12.899999618530273,64700,0.0,0.0
2025-08-12 00:00:00-04:00,12.920000076293945,13.289999961853027,12.850000381469727,12.979999542236328,95300,0.0,0.0
2025-08-13 00:00:00-04:00,13.479999542236328,14.25,13.359999656677246,13.899999618530273,208900,0.0,0.0
2025-08-14 00:00:00-04:00,13.9399995803833,14.0,13.859999656677246,13.930000305175781,56600,0.0,0.0
2025-08-15 00:00:00-04:00,14.1899995803833,14.1899995803833,13.75,13.789999961853027,31900,0.0,0.0
2025-08-18 00:00:00-04:00,13.800000190734863,14.0,13.399999618530273,13.789999961853027,471900,0.0,0.0
2025-08-19 00:00:00-04:00,13.920000076293945,14.260000228881836,13.510000228881836,13.600000381469727,53500,0.0,0.0
2025-08-20 00:00:00-04:00,13.5,13.989999771118164,13.5,13.800000190734863,61700,0.0,0.0
2025-08-21 00:00:00-04:00,14.210000038146973,14.630000114440918,13.8100004196167,14.399999618530273,44900,0.0,0.0
2025-08-22 00:00:00-04:00,14.729999542236328,15.5,14.729999542236328,15.0600004196167,44900,0.0,0.0
2025-08-25 00:00:00-04:00,15.770000457763672,15.770000457763672,14.550000190734863,14.699999809265137,98400,0.0,0.0
2025-08-26 00:00:00-04:00,14.899999618530273,16.0,14.270000457763672,14.470000267028809,122500,0.0,0.0
2025-08-27 00:00:00-04:00,14.890000343322754,14.890000343322754,14.199999809265137,14.25,61100,0.0,0.0
2025-08-28 00:00:00-04:00,14.600000381469727,14.869999885559082,13.859999656677246,14.149999618530273,52700,0.0,0.0
2025-08-29 00:00:00-04:00,14.100000381469727,14.59000015258789,13.760000228881836,14.399999618530273,49600,0.0,0.0
2025-09-02 00:00:00-04:00,14.5,14.739999771118164,13.430000305175781,13.680000305175781,109900,0.0,0.0
2025-09-03 00:00:00-04:00,13.449999809265137,13.680000305175781,12.960000038146973,13.229999542236328,92900,0.0,0.0
2025-09-04 00:00:00-04:00,13.369999885559082,13.800000190734863,13.010000228881836,13.6899995803833,64200,0.0,0.0
2025-09-05 00:00:00-04:00,13.880000114440918,14.5,13.710000038146973,14.239999771118164,137900,0.0,0.0
2025-09-08 00:00:00-04:00,13.850000381469727,13.880000114440918,12.779999732971191,12.949999809265137,91400,0.0,0.0
2025-09-09 00:00:00-04:00,12.6899995803833,13.119999885559082,12.539999961853027,12.550000190734863,75500,0.0,0.0
2025-09-10 00:00:00-04:00,12.529999732971191,13.029999732971191,12.09000015258789,12.229999542236328,161100,0.0,0.0
2025-09-11 00:00:00-04:00,12.260000228881836,13.010000228881836,12.260000228881836,12.550000190734863,236300,0.0,0.0
2025-09-12 00:00:00-04:00,12.380000114440918,12.979999542236328,12.09000015258789,12.489999771118164,103600,0.0,0.0
2025-09-15 00:00:00-04:00,12.760000228881836,12.930000305175781,12.069999694824219,12.220000267028809,68800,0.0,0.0
2025-09-16 00:00:00-04:00,12.029999732971191,12.899999618530273,12.029999732971191,12.5,105300,0.0,0.0
2025-09-17 00:00:00-04:00,12.25,13.210000038146973,12.25,12.800000190734863,212100,0.0,0.0
2025-09-18 00:00:00-04:00,12.680000305175781,13.199999809265137,12.680000305175781,12.9399995803833,157900,0.0,0.0
2025-09-19 00:00:00-04:00,13.199999809265137,13.199999809265137,12.520000457763672,12.920000076293945,555600,0.0,0.0
2025-09-22 00:00:00-04:00,12.609999656677246,13.5,12.609999656677246,13.109999656677246,155700,0.0,0.0
2025-09-23 00:00:00-04:00,13.270000457763672,13.270000457763672,12.739999771118164,12.949999809265137,153000,0.0,0.0
2025-09-24 00:00:00-04:00,12.970000267028809,13.260000228881836,12.890000343322754,12.979999542236328,73700,0.0,0.0
2025-09-25 00:00:00-04:00,12.899999618530273,12.960000038146973,12.270000457763672,12.40999984741211,68100,0.0,0.0
2025-09-26 00:00:00-04:00,12.210000038146973,12.65999984741211,12.170000076293945,12.430000305175781,42700,0.0,0.0
2025-09-29 00:00:00-04:00,12.539999961853027,12.800000190734863,12.020000457763672,12.289999961853027,74300,0.0,0.0
2025-09-30 00:00:00-04:00,12.25,12.5,11.550000190734863,11.890000343322754,72700,0.0,0.0
2025-10-01 00:00:00-04:00,11.899999618530273,12.420000076293945,11.850000381469727,11.899999618530273,175300,0.0,0.0
2025-10-02 00:00:00-04:00,12.020000457763672,12.239999771118164,11.829999923706055,12.029999732971191,44300,0.0,0.0
2025-10-03 00:00:00-04:00,12.1899995803833,12.1899995803833,11.529999732971191,11.720000267028809,99400,0.0,0.0
2025-10-06 00:00:00-04:00,11.859999656677246,11.920000076293945,11.59000015258789,11.600000381469727,42100,0.0,0.0
2025-10-07 00:00:00-04:00,11.699999809265137,11.699999809265137,10.960000038146973,11.289999961853027,176000,0.0,0.0
2025-10-08 00:00:00-04:00,11.390000343322754,12.430000305175781,11.390000343322754,12.0600004196167,186300,0.0,0.0
2025-10-09 00:00:00-04:00,12.100000381469727,12.579999923706055,12.020000457763672,12.270000457763672,43100,0.0,0.0
2025-10-10 00:00:00-04:00,12.180000305175781,12.180000305175781,11.279999732971191,11.350000381469727,75200,0.0,0.0
2025-10-13 00:00:00-04:00,11.510000228881836,12.270000457763672,10.100000381469727,10.25,182400,0.0,0.0
2025-10-14 00:00:00-04:00,10.130000114440918,10.479999542236328,9.8100004196167,10.390000343322754,114900,0.0,0.0
2025-10-15 00:00:00-04:00,10.520000457763672,11.829999923706055,10.520000457763672,11.289999961853027,91200,0.0,0.0
2025-10-16 00:00:00-04:00,11.300000190734863,12.550000190734863,11.260000228881836,12.350000381469727,608000,0.0,0.0
2025-10-17 00:00:00-04:00,12.210000038146973,12.680000305175781,11.6899995803833,12.539999961853027,115500,0.0,0.0
2025-10-20 00:00:00-04:00,12.529999732971191,12.850000381469727,12.390000343322754,12.529999732971191,79700,0.0,0.0
2025-10-21 00:00:00-04:00,12.5600004196167,12.979999542236328,12.420000076293945,12.649999618530273,56400,0.0,0.0
2025-10-22 00:00:00-04:00,12.649999618530273,12.779999732971191,11.960000038146973,12.729999542236328,80500,0.0,0.0
2025-10-23 00:00:00-04:00,12.569999694824219,13.0,12.369999885559082,12.789999961853027,83100,0.0,0.0
2025-10-24 00:00:00-04:00,12.949999809265137,13.199999809265137,12.529999732971191,12.6899995803833,57000,0.0,0.0
2025-10-27 00:00:00-04:00,12.800000190734863,13.109999656677246,12.5,13.0,32600,0.0,0.0
2025-10-28 00:00:00-04:00,12.930000305175781,13.270000457763672,12.3100004196167,12.5,57900,0.0,0.0
2025-10-29 00:00:00-04:00,12.510000228881836,12.869999885559082,12.390000343322754,12.5,30600,0.0,0.0
2025-10-30 00:00:00-04:00,12.710000038146973,12.760000228881836,12.300000190734863,12.510000228881836,62300,0.0,0.0
2025-10-31 00:00:00-04:00,12.420000076293945,12.84000015258789,12.420000076293945,12.75,29300,0.0,0.0
2025-11-03 00:00:00-05:00,12.739999771118164,12.739999771118164,12.0,12.350000381469727,109900,0.0,0.0
2025-11-04 00:00:00-05:00,12.359999656677246,12.649999618530273,12.100000381469727,12.4399995803833,101100,0.0,0.0
2025-11-05 00:00:00-05:00,12.420000076293945,12.9399995803833,12.420000076293945,12.430000305175781,44500,0.0,0.0
2025-11-06 00:00:00-05:00,12.4399995803833,13.1899995803833,12.4399995803833,13.100000381469727,111900,0.0,0.0
2025-11-07 00:00:00-05:00,13.109999656677246,13.199999809265137,12.869999885559082,13.130000114440918,144500,0.0,0.0
2025-11-10 00:00:00-05:00,12.899999618530273,13.239999771118164,12.800000190734863,13.109999656677246,46800,0.0,0.0
2025-11-11 00:00:00-05:00,13.100000381469727,13.25,13.0,13.25,58900,0.0,0.0
2025-11-12 00:00:00-05:00,12.710000038146973,13.449999809265137,12.680000305175781,13.050000190734863,66000,0.0,0.0
2025-11-13 00:00:00-05:00,12.890000343322754,13.119999885559082,12.720000267028809,12.979999542236328,44700,0.0,0.0
2025-11-14 00:00:00-05:00,12.850000381469727,13.199999809265137,12.850000381469727,13.020000457763672,32800,0.0,0.0
2025-11-17 00:00:00-05:00,12.970000267028809,13.229999542236328,12.859999656677246,13.069999694824219,115600,0.0,0.0
2025-11-18 00:00:00-05:00,13.100000381469727,13.5,12.9399995803833,13.0,67700,0.0,0.0
2025-11-19 00:00:00-05:00,13.329999923706055,13.34000015258789,13.010000228881836,13.029999732971191,39300,0.0,0.0
2025-11-20 00:00:00-05:00,13.270000457763672,13.430000305175781,12.760000228881836,13.079999923706055,83800,0.0,0.0
2025-11-21 00:00:00-05:00,13.25,13.270000457763672,12.84000015258789,13.0600004196167,24800,0.0,0.0
2025-11-24 00:00:00-05:00,13.15999984741211,14.199999809265137,13.15999984741211,14.050000190734863,43700,0.0,0.0
2025-11-25 00:00:00-05:00,14.140000343322754,14.6899995803833,13.670000076293945,14.0,24000,0.0,0.0
2025-11-26 00:00:00-05:00,14.25,15.399999618530273,14.069999694824219,15.079999923706055,34600,0.0,0.0
2025-11-28 00:00:00-05:00,15.029999732971191,15.329999923706055,14.819999694824219,15.050000190734863,9600,0.0,0.0
2025-12-01 00:00:00-05:00,14.920000076293945,14.960000038146973,14.130000114440918,14.270000457763672,11200,0.0,0.0
2025-12-02 00:00:00-05:00,14.270000457763672,14.270000457763672,12.59000015258789,13.09000015258789,36600,0.0,0.0
2025-12-03 00:00:00-05:00,13.050000190734863,13.430000305175781,12.609999656677246,13.40999984741211,32500,0.0,0.0
2025-12-04 00:00:00-05:00,15.5600004196167,16.350000381469727,12.359999656677246,12.989999771118164,2483900,0.0,0.0
2025-12-05 00:00:00-05:00,13.109999656677246,13.770000457763672,12.270000457763672,13.069999694824219,247000,0.0,0.0
2025-12-08 00:00:00-05:00,13.09000015258789,13.319999694824219,12.859999656677246,13.170000076293945,135800,0.0,0.0
2025-12-09 00:00:00-05:00,13.65999984741211,14.0,13.359999656677246,13.970000267028809,313100,0.0,0.0
2025-12-10 00:00:00-05:00,13.829999923706055,14.829999923706055,13.350000381469727,14.489999771118164,199400,0.0,0.0
2025-12-11 00:00:00-05:00,14.380000114440918,15.4399995803833,14.039999961853027,15.3100004196167,121100,0.0,0.0
2025-12-12 00:00:00-05:00,15.420000076293945,15.579999923706055,14.0,14.09000015258789,103800,0.0,0.0
2025-12-15 00:00:00-05:00,14.270000457763672,14.270000457763672,12.979999542236328,13.210000038146973,100400,0.0,0.0
2025-12-16 00:00:00-05:00,13.149999618530273,13.1899995803833,12.460000038146973,12.920000076293945,164600,0.0,0.0
2025-12-17 00:00:00-05:00,13.0,13.25,12.25,12.489999771118164,152100,0.0,0.0
2025-12-18 00:00:00-05:00,12.59000015258789,13.140000343322754,11.899999618530273,12.220000267028809,153400,0.0,0.0
2025-12-19 00:00:00-05:00,12.300000190734863,12.850000381469727,11.569999694824219,11.850000381469727,202300,0.0,0.0
2025-12-22 00:00:00-05:00,11.84000015258789,12.680000305175781,11.84000015258789,12.449999809265137,45400,0.0,0.0
2025-12-23 00:00:00-05:00,12.4399995803833,12.4399995803833,11.869999885559082,12.119999885559082,81900,0.0,0.0
2025-12-24 00:00:00-05:00,12.15999984741211,12.550000190734863,11.960000038146973,12.369999885559082,31500,0.0,0.0
2025-12-26 00:00:00-05:00,12.380000114440918,12.5600004196167,11.960000038146973,12.350000381469727,43100,0.0,0.0
2025-12-29 00:00:00-05:00,12.350000381469727,12.529999732971191,12.020000457763672,12.079999923706055,53200,0.0,0.0
2025-12-30 00:00:00-05:00,12.050000190734863,12.609999656677246,11.539999961853027,11.600000381469727,68600,0.0,0.0
2025-12-31 00:00:00-05:00,11.75,11.899999618530273,11.399999618530273,11.859999656677246,51100,0.0,0.0
2026-01-02 00:00:00-05:00,11.949999809265137,11.949999809265137,10.930000305175781,11.079999923706055,97000,0.0,0.0
2026-01-05 00:00:00-05:00,11.479999542236328,11.649999618530273,10.859999656677246,11.109999656677246,74900,0.0,0.0
2026-01-06 00:00:00-05:00,11.680000305175781,11.680000305175781,11.069999694824219,11.069999694824219,56500,0.0,0.0
2026-01-07 00:00:00-05:00,11.180000305175781,11.390000343322754,10.869999885559082,10.9399995803833,203900,0.0,0.0
2026-01-08 00:00:00-05:00,10.760000228881836,11.09000015258789,10.569999694824219,10.970000267028809,105200,0.0,0.0
2026-01-09 00:00:00-05:00,10.970000267028809,11.220000267028809,10.5600004196167,10.789999961853027,75900,0.0,0.0
2026-01-12 00:00:00-05:00,11.0,11.0,10.619999885559082,10.979999542236328,73600,0.0,0.0
2026-01-13 00:00:00-05:00,10.930000305175781,11.210000038146973,10.819999694824219,11.050000190734863,317900,0.0,0.0
2026-01-14 00:00:00-05:00,11.149999618530273,12.949999809265137,11.069999694824219,12.630000114440918,118000,0.0,0.0
2026-01-15 00:00:00-05:00,12.520000457763672,12.899999618530273,12.039999961853027,12.5,80300,0.0,0.0
2026-01-16 00:00:00-05:00,12.579999923706055,13.930000305175781,12.420000076293945,13.510000228881836,169500,0.0,0.0
2026-01-20 00:00:00-05:00,13.350000381469727,14.300000190734863,13.199999809265137,13.979999542236328,421800,0.0,0.0
2026-01-21 00:00:00-05:00,14.579999923706055,14.710000038146973,13.649999618530273,13.720000267028809,201000,0.0,0.0
2026-01-22 00:00:00-05:00,13.819999694824219,14.220000267028809,13.5,13.630000114440918,153200,0.0,0.0
2026-01-23 00:00:00-05:00,13.630000114440918,13.970000267028809,12.3100004196167,12.800000190734863,144100,0.0,0.0
2026-01-26 00:00:00-05:00,12.739999771118164,12.779999732971191,11.5600004196167,11.75,251000,0.0,0.0
2026-01-27 00:00:00-05:00,11.75,12.180000305175781,11.100000381469727,11.270000457763672,149800,0.0,0.0
2026-01-28 00:00:00-05:00,11.819999694824219,11.819999694824219,10.6899995803833,10.729999542236328,227500,0.0,0.0
2026-01-29 00:00:00-05:00,10.670000076293945,11.210000038146973,10.0,10.149999618530273,205500,0.0,0.0
2026-01-30 00:00:00-05:00,10.199999809265137,11.210000038146973,9.430000305175781,9.59000015258789,198300,0.0,0.0
2026-02-02 00:00:00-05:00,9.470000267028809,10.539999961853027,9.470000267028809,9.819999694824219,148000,0.0,0.0
2026-02-03 00:00:00-05:00,9.899999618530273,10.0,9.100000381469727,9.539999961853027,202200,0.0,0.0
2026-02-04 00:00:00-05:00,9.600000381469727,9.760000228881836,9.130000114440918,9.710000038146973,511300,0.0,0.0
2026-02-05 00:00:00-05:00,9.829999923706055,9.930000305175781,9.270000457763672,9.40999984741211,388600,0.0,0.0
2026-02-06 00:00:00-05:00,9.520000457763672,9.789999961853027,9.350000381469727,9.510000228881836,176700,0.0,0.0
2026-02-09 00:00:00-05:00,9.510000228881836,9.619999885559082,8.720000267028809,9.449999809265137,299600,0.0,0.0
2026-02-10 00:00:00-05:00,9.40999984741211,9.6899995803833,9.210000038146973,9.449999809265137,219700,0.0,0.0
2026-02-11 00:00:00-05:00,9.5,9.579999923706055,9.079999923706055,9.449999809265137,201300,0.0,0.0
2026-02-12 00:00:00-05:00,9.5,9.5,8.989999771118164,9.229999542236328,230200,0.0,0.0
2026-02-13 00:00:00-05:00,9.140000343322754,9.399999618530273,8.760000228881836,8.9399995803833,247200,0.0,0.0
2026-02-17 00:00:00-05:00,8.890000343322754,9.430000305175781,8.800000190734863,9.329999923706055,78500,0.0,0.0
2026-02-18 00:00:00-05:00,9.239999771118164,9.869999885559082,9.239999771118164,9.720000267028809,189600,0.0,0.0
2026-02-19 00:00:00-05:00,9.699999809265137,12.010000228881836,9.579999923706055,11.739999771118164,558400,0.0,0.0
2026-02-20 00:00:00-05:00,11.489999771118164,12.0,11.25,11.649999618530273,153800,0.0,0.0
2026-02-23 00:00:00-05:00,11.399999618530273,11.800000190734863,11.039999961853027,11.470000267028809,88700,0.0,0.0
2026-02-24 00:00:00-05:00,11.5,13.510000228881836,11.5,12.649999618530273,240000,0.0,0.0
2026-02-25 00:00:00-05:00,12.649999618530273,12.6899995803833,11.859999656677246,12.489999771118164,130200,0.0,0.0
2026-02-26 00:00:00-05:00,12.289999961853027,12.699999809265137,11.829999923706055,12.350000381469727,68700,0.0,0.0
2026-02-27 00:00:00-05:00,12.199999809265137,12.4399995803833,11.489999771118164,12.09000015258789,136900,0.0,0.0
2026-03-02 00:00:00-05:00,11.329999923706055,12.0,11.199999809265137,11.199999809265137,78600,0.0,0.0
2026-03-03 00:00:00-05:00,10.930000305175781,11.329999923706055,10.609999656677246,11.1899995803833,128700,0.0,0.0
2026-03-04 00:00:00-05:00,11.319999694824219,11.550000190734863,10.899999618530273,11.489999771118164,104100,0.0,0.0
2026-03-05 00:00:00-05:00,11.59000015258789,11.59000015258789,10.920000076293945,11.329999923706055,132600,0.0,0.0
2026-03-06 00:00:00-05:00,11.229999542236328,12.430000305175781,11.0,12.069999694824219,159600,0.0,0.0
2026-03-09 00:00:00-04:00,12.069999694824219,12.300000190734863,11.8100004196167,12.020000457763672,68300,0.0,0.0
2026-03-10 00:00:00-04:00,12.130000114440918,13.3100004196167,11.960000038146973,12.550000190734863,444200,0.0,0.0
2026-03-11 00:00:00-04:00,12.510000228881836,13.0,11.859999656677246,11.880000114440918,121500,0.0,0.0
2026-03-12 00:00:00-04:00,11.949999809265137,12.390000343322754,11.229999542236328,11.5600004196167,161200,0.0,0.0
2026-03-13 00:00:00-04:00,11.6899995803833,12.399999618530273,11.149999618530273,11.180000305175781,112300,0.0,0.0
2026-03-16 00:00:00-04:00,11.619999885559082,11.819999694824219,11.319999694824219,11.579999923706055,150200,0.0,0.0
2026-03-17 00:00:00-04:00,11.579999923706055,11.75,11.0,11.100000381469727,114800,0.0,0.0
2026-03-18 00:00:00-04:00,11.029999732971191,11.039999961853027,9.899999618530273,10.350000381469727,259200,0.0,0.0
2026-03-19 00:00:00-04:00,10.380000114440918,10.84000015258789,10.170000076293945,10.619999885559082,238800,0.0,0.0
2026-03-20 00:00:00-04:00,10.819999694824219,11.0600004196167,10.600000381469727,10.899999618530273,184600,0.0,0.0
2026-03-23 00:00:00-04:00,10.899999618530273,11.329999923706055,10.510000228881836,11.039999961853027,198700,0.0,0.0
2026-03-24 00:00:00-04:00,11.0,11.119999885559082,10.279999732971191,10.4399995803833,214700,0.0,0.0
2026-03-25 00:00:00-04:00,10.40999984741211,12.510000228881836,10.40999984741211,11.779999732971191,279500,0.0,0.0
2026-03-26 00:00:00-04:00,11.539999961853027,13.770000457763672,11.420000076293945,13.5,449200,0.0,0.0
2026-03-27 00:00:00-04:00,13.289999961853027,15.1899995803833,12.979999542236328,15.15999984741211,428500,0.0,0.0
2026-03-30 00:00:00-04:00,15.09000015258789,17.399999618530273,14.25,16.6200008392334,275200,0.0,0.0
2026-03-31 00:00:00-04:00,16.829999923706055,18.5,16.829999923706055,18.3700008392334,199500,0.0,0.0
2026-04-01 00:00:00-04:00,18.639999389648438,20.579999923706055,18.530000686645508,19.31999969482422,442100,0.0,0.0
2026-04-02 00:00:00-04:00,19.0,20.100000381469727,18.3799991607666,19.399999618530273,209000,0.0,0.0
2026-04-06 00:00:00-04:00,19.690000534057617,20.290000915527344,19.0,19.3799991607666,245000,0.0,0.0
2026-04-07 00:00:00-04:00,19.260000228881836,19.489999771118164,18.0,19.209999084472656,265000,0.0,0.0
2026-04-08 00:00:00-04:00,19.40999984741211,19.59000015258789,17.299999237060547,18.31999969482422,126400,0.0,0.0
2026-04-09 00:00:00-04:00,18.190000534057617,19.5,17.8700008392334,19.100000381469727,121000,0.0,0.0
2026-04-10 00:00:00-04:00,18.860000610351562,19.15999984741211,18.100000381469727,18.170000076293945,154700,0.0,0.0
2026-04-13 00:00:00-04:00,18.170000076293945,18.920000076293945,17.329999923706055,17.989999771118164,208100,0.0,0.0
2026-04-14 00:00:00-04:00,18.110000610351562,19.899999618530273,17.719999313354492,19.520000457763672,592200,0.0,0.0
2026-04-15 00:00:00-04:00,19.799999237060547,20.68000030517578,19.1200008392334,19.950000762939453,229300,0.0,0.0
2026-04-16 00:00:00-04:00,19.770000457763672,19.889999389648438,19.049999237060547,19.450000762939453,73800,0.0,0.0
2026-04-17 00:00:00-04:00,19.790000915527344,22.110000610351562,19.649999618530273,21.280000686645508,291600,0.0,0.0
2026-04-20 00:00:00-04:00,20.93000030517578,22.219999313354492,20.639999389648438,21.690000534057617,161900,0.0,0.0
2026-04-21 00:00:00-04:00,21.530000686645508,24.729999542236328,20.399999618530273,24.56999969482422,544100,0.0,0.0
2026-04-22 00:00:00-04:00,24.5,27.40999984741211,24.100000381469727,26.979999542236328,583000,0.0,0.0
2026-04-23 00:00:00-04:00,26.0,26.940000534057617,24.709999084472656,25.700000762939453,417300,0.0,0.0
2026-04-24 00:00:00-04:00,26.059999465942383,26.059999465942383,23.610000610351562,24.799999237060547,258500,0.0,0.0
2026-04-27 00:00:00-04:00,24.540000915527344,26.530000686645508,24.540000915527344,25.149999618530273,145700,0.0,0.0
2026-04-28 00:00:00-04:00,24.84000015258789,25.100000381469727,23.760000228881836,23.959999084472656,79500,0.0,0.0
2026-04-29 00:00:00-04:00,24.440000534057617,24.440000534057617,20.440000534057617,20.940000534057617,213300,0.0,0.0
2026-04-30 00:00:00-04:00,20.899999618530273,23.229999542236328,20.719999313354492,22.3700008392334,280000,0.0,0.0
2026-05-01 00:00:00-04:00,20.450000762939453,21.440000534057617,14.90999984741211,18.06999969482422,982200,0.0,0.0
2026-05-04 00:00:00-04:00,17.850000381469727,19.65999984741211,17.649999618530273,17.920000076293945,404400,0.0,0.0
2026-05-05 00:00:00-04:00,18.049999237060547,18.260000228881836,16.440000534057617,18.079999923706055,380600,0.0,0.0
2026-05-06 00:00:00-04:00,18.260000228881836,18.56999969482422,16.780000686645508,18.059999465942383,269400,0.0,0.0
2026-05-07 00:00:00-04:00,17.969999313354492,19.020000457763672,17.5,18.0,77600,0.0,0.0
2026-05-08 00:00:00-04:00,18.079999923706055,19.530000686645508,17.989999771118164,18.760000228881836,243200,0.0,0.0
2026-05-11 00:00:00-04:00,18.719999313354492,19.809999465942383,17.68000030517578,18.520000457763672,549600,0.0,0.0
2026-05-12 00:00:00-04:00,18.329999923706055,19.270000457763672,17.979999542236328,18.459999084472656,297100,0.0,0.0
2026-05-13 00:00:00-04:00,18.25,20.40999984741211,17.90999984741211,19.610000610351562,251900,0.0,0.0
2026-05-14 00:00:00-04:00,19.40999984741211,21.469999313354492,19.40999984741211,21.229999542236328,171700,0.0,0.0
2026-05-15 00:00:00-04:00,21.0,21.690000534057617,18.510000228881836,19.969999313354492,260500,0.0,0.0
2026-05-18 00:00:00-04:00,19.860000610351562,20.809999465942383,17.479999542236328,18.549999237060547,416100,0.0,0.0
2026-05-19 00:00:00-04:00,18.5,19.170000076293945,18.06999969482422,18.479999542236328,128000,0.0,0.0
2026-05-20 00:00:00-04:00,18.5,19.790000915527344,18.399999618530273,18.90999984741211,107800,0.0,0.0
2026-05-21 00:00:00-04:00,18.700000762939453,20.59000015258789,18.549999237060547,20.229999542236328,249500,0.0,0.0
2026-05-22 00:00:00-04:00,20.0,21.239999771118164,19.469999313354492,20.739999771118164,140400,0.0,0.0
2026-05-26 00:00:00-04:00,20.649999618530273,21.139999389648438,19.700000762939453,20.350000381469727,326300,0.0,0.0
2026-05-27 00:00:00-04:00,20.25,22.280000686645508,19.920000076293945,20.790000915527344,447000,0.0,0.0
2026-05-28 00:00:00-04:00,20.700000762939453,22.489999771118164,20.110000610351562,21.469999313354492,401200,0.0,0.0
2026-05-29 00:00:00-04:00,21.399999618530273,22.520000457763672,20.040000915527344,20.649999618530273,419800,0.0,0.0
2026-06-01 00:00:00-04:00,19.170000076293945,20.43000030517578,18.8700008392334,19.719999313354492,423400,0.0,0.0
2026-06-02 00:00:00-04:00,19.06999969482422,19.780000686645508,16.530000686645508,17.010000228881836,437100,0.0,0.0
2026-06-03 00:00:00-04:00,16.950000762939453,18.0,16.90999984741211,17.979999542236328,147200,0.0,0.0
2026-06-04 00:00:00-04:00,17.899999618530273,18.8700008392334,17.43000030517578,18.450000762939453,157800,0.0,0.0
2026-06-05 00:00:00-04:00,18.190000534057617,19.0,17.5,18.0,192600,0.0,0.0
2026-06-08 00:00:00-04:00,18.0,18.34000015258789,17.110000610351562,17.280000686645508,238300,0.0,0.0
2026-06-09 00:00:00-04:00,17.3799991607666,18.229999542236328,17.25,18.0,126200,0.0,0.0
2026-06-10 00:00:00-04:00,18.09000015258789,18.760000228881836,17.209999084472656,17.56999969482422,169100,0.0,0.0
2026-06-11 00:00:00-04:00,17.6200008392334,19.040000915527344,17.049999237060547,18.34000015258789,139300,0.0,0.0
2026-06-12 00:00:00-04:00,18.40999984741211,19.049999237060547,17.829999923706055,17.920000076293945,182000,0.0,0.0
2026-06-15 00:00:00-04:00,17.829999923706055,18.350000381469727,17.5,18.190000534057617,179400,0.0,0.0
2026-06-16 00:00:00-04:00,18.149999618530273,18.200000762939453,17.139999389648438,17.950000762939453,124200,0.0,0.0
2026-06-17 00:00:00-04:00,18.06999969482422,18.770000457763672,17.75,18.209999084472656,382000,0.0,0.0
2026-06-18 00:00:00-04:00,18.389999389648438,18.389999389648438,17.209999084472656,17.690000534057617,119500,0.0,0.0
2026-06-22 00:00:00-04:00,17.899999618530273,18.729999542236328,17.4950008392334,17.56999969482422,305470,0.0,0.0
