Date,Open,High,Low,Close,Volume,Dividends,Stock Splits
2022-01-04 00:00:00-05:00,3.0,3.0,3.0,3.0,3700,0.0,0.0
2022-01-05 00:00:00-05:00,2.990000009536743,3.049999952316284,2.990000009536743,3.0,1286900,0.0,0.0
2022-01-06 00:00:00-05:00,2.950000047683716,3.0,2.950000047683716,3.0,50200,0.0,0.0
2022-01-07 00:00:00-05:00,3.0,3.0,2.950000047683716,3.0,30300,0.0,0.0
2022-01-10 00:00:00-05:00,2.950000047683716,3.0299999713897705,2.940000057220459,3.0299999713897705,28400,0.0,0.0
2022-01-11 00:00:00-05:00,3.049999952316284,3.25,3.0,3.25,511400,0.0,0.0
2022-01-12 00:00:00-05:00,3.430000066757202,3.5,3.25,3.3399999141693115,118200,0.0,0.0
2022-01-13 00:00:00-05:00,3.4800000190734863,3.4800000190734863,3.25,3.25,21300,0.0,0.0
2022-01-14 00:00:00-05:00,3.3499999046325684,3.4800000190734863,3.3499999046325684,3.4000000953674316,17300,0.0,0.0
2022-01-17 00:00:00-05:00,3.440000057220459,3.450000047683716,3.319999933242798,3.450000047683716,31100,0.0,0.0
2022-01-18 00:00:00-05:00,3.450000047683716,3.450000047683716,3.450000047683716,3.450000047683716,0,0.0,0.0
2022-01-19 00:00:00-05:00,3.4700000286102295,3.549999952316284,3.4600000381469727,3.5199999809265137,109400,0.0,0.0
2022-01-20 00:00:00-05:00,3.559999942779541,3.740000009536743,3.5,3.6600000858306885,14700,0.0,0.0
2022-01-21 00:00:00-05:00,3.5199999809265137,3.700000047683716,3.5,3.5999999046325684,73800,0.0,0.0
2022-01-24 00:00:00-05:00,3.5999999046325684,3.5999999046325684,3.5,3.5,25000,0.0,0.0
2022-01-25 00:00:00-05:00,3.509999990463257,3.509999990463257,3.5,3.5,7500,0.0,0.0
2022-01-26 00:00:00-05:00,3.5,3.5,3.5,3.5,5000,0.0,0.0
2022-01-27 00:00:00-05:00,3.5,3.5,3.3499999046325684,3.3499999046325684,22800,0.0,0.0
2022-01-28 00:00:00-05:00,3.299999952316284,3.299999952316284,3.0999999046325684,3.2799999713897705,37800,0.0,0.0
2022-01-31 00:00:00-05:00,3.2799999713897705,3.309999942779541,3.1500000953674316,3.299999952316284,24400,0.0,0.0
2022-02-01 00:00:00-05:00,3.299999952316284,3.299999952316284,3.299999952316284,3.299999952316284,3200,0.0,0.0
2022-02-02 00:00:00-05:00,3.25,3.25,3.25,3.25,1200,0.0,0.0
2022-02-03 00:00:00-05:00,3.25,3.299999952316284,3.25,3.299999952316284,21800,0.0,0.0
2022-02-04 00:00:00-05:00,3.450000047683716,3.450000047683716,3.450000047683716,3.450000047683716,500,0.0,0.0
2022-02-07 00:00:00-05:00,3.450000047683716,3.450000047683716,3.450000047683716,3.450000047683716,0,0.0,0.0
2022-02-08 00:00:00-05:00,3.5999999046325684,3.6500000953674316,3.5999999046325684,3.5999999046325684,4500,0.0,0.0
2022-02-09 00:00:00-05:00,3.5899999141693115,3.5999999046325684,3.5899999141693115,3.5999999046325684,3700,0.0,0.0
2022-02-10 00:00:00-05:00,3.5999999046325684,3.5999999046325684,3.450000047683716,3.450000047683716,3700,0.0,0.0
2022-02-11 00:00:00-05:00,3.450000047683716,3.509999990463257,3.450000047683716,3.509999990463257,500,0.0,0.0
2022-02-14 00:00:00-05:00,3.4600000381469727,3.5999999046325684,3.450000047683716,3.5,116300,0.0,0.0
2022-02-15 00:00:00-05:00,3.5,3.5,3.5,3.5,17600,0.0,0.0
2022-02-16 00:00:00-05:00,3.5,3.5999999046325684,3.5,3.5999999046325684,23900,0.0,0.0
2022-02-17 00:00:00-05:00,3.609999895095825,3.609999895095825,3.5,3.5,14500,0.0,0.0
2022-02-18 00:00:00-05:00,3.5,3.5,3.5,3.5,0,0.0,0.0
2022-02-22 00:00:00-05:00,3.5999999046325684,3.5999999046325684,3.5,3.509999990463257,16200,0.0,0.0
2022-02-23 00:00:00-05:00,3.549999952316284,3.559999942779541,3.5399999618530273,3.559999942779541,10000,0.0,0.0
2022-02-24 00:00:00-05:00,3.559999942779541,3.559999942779541,3.559999942779541,3.559999942779541,0,0.0,0.0
2022-02-25 00:00:00-05:00,3.5899999141693115,3.5999999046325684,3.450000047683716,3.450000047683716,1400,0.0,0.0
2022-02-28 00:00:00-05:00,3.5,3.5999999046325684,3.4600000381469727,3.5999999046325684,15900,0.0,0.0
2022-03-01 00:00:00-05:00,3.5999999046325684,3.5999999046325684,3.4600000381469727,3.549999952316284,9300,0.0,0.0
2022-03-02 00:00:00-05:00,3.5999999046325684,3.609999895095825,3.5999999046325684,3.5999999046325684,433500,0.0,0.0
2022-03-03 00:00:00-05:00,3.5999999046325684,3.75,3.5999999046325684,3.5999999046325684,174000,0.0,0.0
2022-03-04 00:00:00-05:00,3.6500000953674316,3.7100000381469727,3.5999999046325684,3.5999999046325684,12800,0.0,0.0
2022-03-07 00:00:00-05:00,3.690000057220459,3.700000047683716,3.690000057220459,3.700000047683716,5800,0.0,0.0
2022-03-08 00:00:00-05:00,3.700000047683716,3.740000009536743,3.5999999046325684,3.5999999046325684,10000,0.0,0.0
2022-03-09 00:00:00-05:00,3.609999895095825,3.609999895095825,3.5999999046325684,3.5999999046325684,3700,0.0,0.0
2022-03-10 00:00:00-05:00,3.700000047683716,3.700000047683716,3.700000047683716,3.700000047683716,4300,0.0,0.0
2022-03-11 00:00:00-05:00,3.700000047683716,3.700000047683716,3.5999999046325684,3.5999999046325684,4500,0.0,0.0
2022-03-14 00:00:00-04:00,3.549999952316284,3.549999952316284,3.549999952316284,3.549999952316284,2100,0.0,0.0
2022-03-15 00:00:00-04:00,3.6700000762939453,3.740000009536743,3.5,3.549999952316284,83500,0.0,0.0
2022-03-16 00:00:00-04:00,3.5,3.5,3.5,3.5,36900,0.0,0.0
2022-03-17 00:00:00-04:00,3.5999999046325684,3.5999999046325684,3.4000000953674316,3.5,133400,0.0,0.0
2022-03-18 00:00:00-04:00,3.5,3.5,3.5,3.5,5000,0.0,0.0
2022-03-21 00:00:00-04:00,3.5,3.5,3.5,3.5,0,0.0,0.0
2022-03-22 00:00:00-04:00,3.5,3.5,3.5,3.5,7000,0.0,0.0
2022-03-23 00:00:00-04:00,3.5,3.5,3.5,3.5,5000,0.0,0.0
2022-03-24 00:00:00-04:00,3.5,3.5,3.450000047683716,3.450000047683716,59500,0.0,0.0
2022-03-25 00:00:00-04:00,3.4700000286102295,3.4700000286102295,3.440000057220459,3.450000047683716,2000,0.0,0.0
2022-03-28 00:00:00-04:00,3.4000000953674316,3.4000000953674316,3.359999895095825,3.359999895095825,10000,0.0,0.0
2022-03-29 00:00:00-04:00,3.359999895095825,3.359999895095825,3.359999895095825,3.359999895095825,0,0.0,0.0
2022-03-30 00:00:00-04:00,3.4700000286102295,3.4700000286102295,3.4700000286102295,3.4700000286102295,100,0.0,0.0
2022-03-31 00:00:00-04:00,3.4000000953674316,3.4000000953674316,3.3499999046325684,3.4000000953674316,20200,0.0,0.0
2022-04-01 00:00:00-04:00,3.3499999046325684,3.3499999046325684,3.3499999046325684,3.3499999046325684,1700,0.0,0.0
2022-04-04 00:00:00-04:00,3.430000066757202,3.430000066757202,3.25,3.25,29700,0.0,0.0
2022-04-05 00:00:00-04:00,3.25,3.3499999046325684,3.25,3.3499999046325684,1200,0.0,0.0
2022-04-06 00:00:00-04:00,3.299999952316284,3.309999942779541,3.25,3.299999952316284,234900,0.0,0.0
2022-04-07 00:00:00-04:00,3.25,3.25,3.25,3.25,9900,0.0,0.0
2022-04-08 00:00:00-04:00,3.299999952316284,3.5999999046325684,3.299999952316284,3.5999999046325684,259300,0.0,0.0
2022-04-11 00:00:00-04:00,3.549999952316284,3.700000047683716,3.5,3.5999999046325684,22300,0.0,0.0
2022-04-12 00:00:00-04:00,3.700000047683716,3.799999952316284,3.700000047683716,3.75,680500,0.0,0.0
2022-04-13 00:00:00-04:00,3.799999952316284,3.799999952316284,3.700000047683716,3.700000047683716,23700,0.0,0.0
2022-04-14 00:00:00-04:00,3.75,3.75,3.75,3.75,403800,0.0,0.0
2022-04-18 00:00:00-04:00,3.7899999618530273,3.799999952316284,3.75,3.7750000953674316,503800,0.0,0.0
2022-04-19 00:00:00-04:00,3.75,3.75,3.75,3.75,0,0.0,0.0
2022-04-20 00:00:00-04:00,3.75,3.75,3.75,3.75,0,0.0,0.0
2022-04-21 00:00:00-04:00,3.7100000381469727,3.7200000286102295,3.690000057220459,3.700000047683716,50200,0.0,0.0
2022-04-22 00:00:00-04:00,3.6500000953674316,3.6500000953674316,3.6500000953674316,3.6500000953674316,9900,0.0,0.0
2022-04-25 00:00:00-04:00,3.6500000953674316,3.6500000953674316,3.6500000953674316,3.6500000953674316,0,0.0,0.0
2022-04-26 00:00:00-04:00,3.75,3.759999990463257,3.75,3.75,9400,0.0,0.0
2022-04-27 00:00:00-04:00,3.75,3.799999952316284,3.740000009536743,3.75,67600,0.0,0.0
2022-04-28 00:00:00-04:00,3.75,3.75,3.75,3.75,0,0.0,0.0
2022-04-29 00:00:00-04:00,3.7100000381469727,3.7100000381469727,3.5999999046325684,3.700000047683716,26300,0.0,0.0
2022-05-02 00:00:00-04:00,3.700000047683716,3.700000047683716,3.680000066757202,3.680000066757202,36000,0.0,0.0
2022-05-03 00:00:00-04:00,3.700000047683716,3.700000047683716,3.700000047683716,3.700000047683716,0,0.0,0.0
2022-05-04 00:00:00-04:00,3.700000047683716,3.700000047683716,3.6500000953674316,3.6500000953674316,3500,0.0,0.0
2022-05-05 00:00:00-04:00,3.700000047683716,3.700000047683716,3.6500000953674316,3.700000047683716,37300,0.0,0.0
2022-05-06 00:00:00-04:00,3.6500000953674316,3.6500000953674316,3.5999999046325684,3.5999999046325684,26000,0.0,0.0
2022-05-09 00:00:00-04:00,3.5,3.5,3.450000047683716,3.5,71100,0.0,0.0
2022-05-10 00:00:00-04:00,3.4000000953674316,3.4000000953674316,3.3499999046325684,3.3499999046325684,15700,0.0,0.0
2022-05-11 00:00:00-04:00,3.3499999046325684,3.4000000953674316,3.3499999046325684,3.4000000953674316,14200,0.0,0.0
2022-05-12 00:00:00-04:00,3.299999952316284,3.299999952316284,3.25,3.25,11700,0.0,0.0
2022-05-13 00:00:00-04:00,3.2100000381469727,3.25,3.200000047683716,3.25,10200,0.0,0.0
2022-05-16 00:00:00-04:00,3.25,3.25,3.25,3.25,0,0.0,0.0
2022-05-17 00:00:00-04:00,3.1500000953674316,3.200000047683716,3.1500000953674316,3.200000047683716,700,0.0,0.0
2022-05-18 00:00:00-04:00,3.2100000381469727,3.2300000190734863,3.200000047683716,3.200000047683716,51800,0.0,0.0
2022-05-19 00:00:00-04:00,3.200000047683716,3.200000047683716,3.200000047683716,3.200000047683716,0,0.0,0.0
2022-05-20 00:00:00-04:00,3.200000047683716,3.200000047683716,3.200000047683716,3.200000047683716,0,0.0,0.0
2022-05-24 00:00:00-04:00,3.1600000858306885,3.200000047683716,3.1500000953674316,3.200000047683716,23700,0.0,0.0
2022-05-25 00:00:00-04:00,3.200000047683716,3.200000047683716,3.200000047683716,3.200000047683716,0,0.0,0.0
2022-05-26 00:00:00-04:00,3.200000047683716,3.200000047683716,3.200000047683716,3.200000047683716,1000,0.0,0.0
2022-05-27 00:00:00-04:00,3.190000057220459,3.190000057220459,3.109999895095825,3.190000057220459,63200,0.0,0.0
2022-05-30 00:00:00-04:00,3.190000057220459,3.190000057220459,3.190000057220459,3.190000057220459,0,0.0,0.0
2022-05-31 00:00:00-04:00,3.2100000381469727,3.259999990463257,3.2100000381469727,3.25,4000,0.0,0.0
2022-06-01 00:00:00-04:00,3.5,3.5,3.5,3.5,10300,0.0,0.0
2022-06-02 00:00:00-04:00,3.450000047683716,3.5450000762939453,3.450000047683716,3.5450000762939453,90100,0.0,0.0
2022-06-03 00:00:00-04:00,3.5799999237060547,3.5799999237060547,3.5799999237060547,3.5799999237060547,1900,0.0,0.0
2022-06-06 00:00:00-04:00,3.549999952316284,3.5999999046325684,3.490000009536743,3.5999999046325684,951900,0.0,0.0
2022-06-07 00:00:00-04:00,3.609999895095825,3.609999895095825,3.5,3.5,5100,0.0,0.0
2022-06-08 00:00:00-04:00,3.630000114440918,3.75,3.5,3.680000066757202,1031400,0.0,0.0
2022-06-09 00:00:00-04:00,3.5199999809265137,3.5199999809265137,3.4000000953674316,3.5,232200,0.0,0.0
2022-06-10 00:00:00-04:00,3.5299999713897705,3.5299999713897705,3.3499999046325684,3.5,7000,0.0,0.0
2022-06-13 00:00:00-04:00,3.5,3.5,3.5,3.5,0,0.0,0.0
2022-06-14 00:00:00-04:00,3.5,3.5,3.5,3.5,0,0.0,0.0
2022-06-15 00:00:00-04:00,3.359999895095825,3.5,3.3499999046325684,3.5,2500,0.0,0.0
2022-06-16 00:00:00-04:00,3.5,3.5,3.5,3.5,50000,0.0,0.0
2022-06-17 00:00:00-04:00,3.5,3.5,3.5,3.5,0,0.0,0.0
2022-06-20 00:00:00-04:00,3.450000047683716,3.450000047683716,3.2899999618530273,3.299999952316284,28900,0.0,0.0
2022-06-21 00:00:00-04:00,3.4000000953674316,3.4000000953674316,3.0999999046325684,3.200000047683716,27700,0.0,0.0
2022-06-22 00:00:00-04:00,3.200000047683716,3.4000000953674316,3.1700000762939453,3.4000000953674316,663200,0.0,0.0
2022-06-23 00:00:00-04:00,3.4000000953674316,3.4000000953674316,3.25,3.25,11200,0.0,0.0
2022-06-24 00:00:00-04:00,3.25,3.25,3.25,3.25,0,0.0,0.0
2022-06-27 00:00:00-04:00,3.25,3.25,3.25,3.25,0,0.0,0.0
2022-06-28 00:00:00-04:00,3.3499999046325684,3.3499999046325684,3.25,3.25,3000,0.0,0.0
2022-06-29 00:00:00-04:00,3.3499999046325684,3.3499999046325684,3.25,3.25,4100,0.0,0.0
2022-06-30 00:00:00-04:00,3.3499999046325684,3.3499999046325684,3.299999952316284,3.3399999141693115,3700,0.0,0.0
2022-07-04 00:00:00-04:00,3.25,3.25,3.25,3.25,200,0.0,0.0
2022-07-05 00:00:00-04:00,3.25,3.25,2.869999885559082,2.950000047683716,68200,0.0,0.0
2022-07-06 00:00:00-04:00,3.0,3.0,2.799999952316284,2.9000000953674316,29000,0.0,0.0
2022-07-07 00:00:00-04:00,3.0,3.0899999141693115,2.8499999046325684,2.8499999046325684,20700,0.0,0.0
2022-07-08 00:00:00-04:00,2.8499999046325684,2.8499999046325684,2.8499999046325684,2.8499999046325684,0,0.0,0.0
2022-07-11 00:00:00-04:00,2.890000104904175,2.9000000953674316,2.799999952316284,2.799999952316284,2900,0.0,0.0
2022-07-12 00:00:00-04:00,2.799999952316284,2.799999952316284,2.799999952316284,2.799999952316284,0,0.0,0.0
2022-07-13 00:00:00-04:00,2.9100000858306885,3.0,2.9100000858306885,3.0,24900,0.0,0.0
2022-07-14 00:00:00-04:00,2.809999942779541,2.880000114440918,2.799999952316284,2.880000114440918,5000,0.0,0.0
2022-07-15 00:00:00-04:00,2.880000114440918,2.880000114440918,2.609999895095825,2.75,9200,0.0,0.0
2022-07-18 00:00:00-04:00,2.880000114440918,2.880000114440918,2.700000047683716,2.700000047683716,3000,0.0,0.0
2022-07-19 00:00:00-04:00,2.880000114440918,2.880000114440918,2.4800000190734863,2.75,71400,0.0,0.0
2022-07-20 00:00:00-04:00,2.869999885559082,2.880000114440918,2.7100000381469727,2.869999885559082,6000,0.0,0.0
2022-07-21 00:00:00-04:00,2.700000047683716,2.700000047683716,2.700000047683716,2.700000047683716,100,0.0,0.0
2022-07-22 00:00:00-04:00,2.5999999046325684,2.5999999046325684,2.5999999046325684,2.5999999046325684,100,0.0,0.0
2022-07-25 00:00:00-04:00,2.5999999046325684,2.5999999046325684,2.5999999046325684,2.5999999046325684,0,0.0,0.0
2022-07-26 00:00:00-04:00,2.880000114440918,3.25,2.7100000381469727,3.2100000381469727,332100,0.0,0.0
2022-07-27 00:00:00-04:00,3.0999999046325684,3.1500000953674316,2.799999952316284,3.1500000953674316,80800,0.0,0.0
2022-07-28 00:00:00-04:00,3.2799999713897705,3.4200000762939453,3.2799999713897705,3.4200000762939453,11300,0.0,0.0
2022-07-29 00:00:00-04:00,3.5,3.5,3.5,3.5,2400,0.0,0.0
2022-08-02 00:00:00-04:00,3.4000000953674316,3.5999999046325684,3.4000000953674316,3.5999999046325684,163600,0.0,0.0
2022-08-03 00:00:00-04:00,3.5899999141693115,3.5999999046325684,3.5,3.549999952316284,21800,0.0,0.0
2022-08-04 00:00:00-04:00,3.569999933242798,3.5999999046325684,3.569999933242798,3.5999999046325684,30500,0.0,0.0
2022-08-05 00:00:00-04:00,3.5899999141693115,3.6500000953674316,3.5,3.5999999046325684,274100,0.0,0.0
2022-08-08 00:00:00-04:00,3.5,3.609999895095825,3.5,3.5999999046325684,113100,0.0,0.0
2022-08-09 00:00:00-04:00,3.609999895095825,3.609999895095825,3.549999952316284,3.549999952316284,23200,0.0,0.0
2022-08-10 00:00:00-04:00,3.7899999618530273,4.039999961853027,3.7899999618530273,3.9000000953674316,180700,0.0,0.0
2022-08-11 00:00:00-04:00,4.0,4.070000171661377,3.799999952316284,3.799999952316284,30000,0.0,0.0
2022-08-12 00:00:00-04:00,3.799999952316284,3.799999952316284,3.700000047683716,3.799999952316284,75000,0.0,0.0
2022-08-15 00:00:00-04:00,3.7899999618530273,3.799999952316284,3.7899999618530273,3.7899999618530273,3600,0.0,0.0
2022-08-16 00:00:00-04:00,3.7049999237060547,3.75,3.7049999237060547,3.7300000190734863,155500,0.0,0.0
2022-08-17 00:00:00-04:00,3.9000000953674316,3.9000000953674316,3.700000047683716,3.700000047683716,16400,0.0,0.0
2022-08-18 00:00:00-04:00,3.75,3.75,3.6600000858306885,3.690000057220459,13000,0.0,0.0
2022-08-19 00:00:00-04:00,3.700000047683716,3.759999990463257,3.5,3.5,336200,0.0,0.0
2022-08-22 00:00:00-04:00,3.5,3.5,3.5,3.5,0,0.0,0.0
2022-08-23 00:00:00-04:00,3.75,3.75,3.75,3.75,1400,0.0,0.0
2022-08-24 00:00:00-04:00,3.75,3.799999952316284,3.619999885559082,3.690000057220459,21800,0.0,0.0
2022-08-25 00:00:00-04:00,3.690000057220459,3.690000057220459,3.690000057220459,3.690000057220459,0,0.0,0.0
2022-08-26 00:00:00-04:00,3.509999990463257,3.509999990463257,3.450000047683716,3.450000047683716,40100,0.0,0.0
2022-08-29 00:00:00-04:00,3.509999990463257,3.549999952316284,3.3499999046325684,3.450000047683716,45000,0.0,0.0
2022-08-30 00:00:00-04:00,3.5,3.5,3.450000047683716,3.450000047683716,16500,0.0,0.0
2022-08-31 00:00:00-04:00,3.5,3.700000047683716,3.5,3.5899999141693115,29300,0.0,0.0
2022-09-01 00:00:00-04:00,3.5899999141693115,3.5899999141693115,3.5899999141693115,3.5899999141693115,2200,0.0,0.0
2022-09-02 00:00:00-04:00,3.5899999141693115,3.5899999141693115,3.5899999141693115,3.5899999141693115,0,0.0,0.0
2022-09-06 00:00:00-04:00,3.490000009536743,3.5,3.490000009536743,3.490000009536743,500,0.0,0.0
2022-09-07 00:00:00-04:00,3.5,3.5,3.3499999046325684,3.3499999046325684,41200,0.0,0.0
2022-09-08 00:00:00-04:00,3.4000000953674316,3.4100000858306885,3.4000000953674316,3.4000000953674316,25500,0.0,0.0
2022-09-09 00:00:00-04:00,3.4000000953674316,3.4000000953674316,3.3499999046325684,3.3499999046325684,12500,0.0,0.0
2022-09-12 00:00:00-04:00,3.200000047683716,3.2100000381469727,3.200000047683716,3.2100000381469727,200,0.0,0.0
2022-09-13 00:00:00-04:00,3.0999999046325684,3.109999895095825,3.0999999046325684,3.109999895095825,200,0.0,0.0
2022-09-14 00:00:00-04:00,3.4000000953674316,3.4000000953674316,3.0,3.0,500,0.0,0.0
2022-09-15 00:00:00-04:00,3.130000114440918,3.130000114440918,3.0999999046325684,3.0999999046325684,2000,0.0,0.0
2022-09-16 00:00:00-04:00,3.049999952316284,3.049999952316284,3.0399999618530273,3.0399999618530273,1400,0.0,0.0
2022-09-19 00:00:00-04:00,3.0399999618530273,3.0399999618530273,3.0399999618530273,3.0399999618530273,500,0.0,0.0
2022-09-20 00:00:00-04:00,3.0399999618530273,3.0399999618530273,2.859999895095825,2.859999895095825,9900,0.0,0.0
2022-09-21 00:00:00-04:00,2.859999895095825,3.0,2.859999895095825,2.869999885559082,1100,0.0,0.0
2022-09-22 00:00:00-04:00,2.859999895095825,3.0199999809265137,2.8499999046325684,2.9200000762939453,8700,0.0,0.0
2022-09-23 00:00:00-04:00,2.809999942779541,2.809999942779541,2.799999952316284,2.799999952316284,2400,0.0,0.0
2022-09-26 00:00:00-04:00,2.990000009536743,2.990000009536743,2.549999952316284,2.549999952316284,11100,0.0,0.0
2022-09-27 00:00:00-04:00,2.549999952316284,2.549999952316284,2.5,2.5,2000,0.0,0.0
2022-09-28 00:00:00-04:00,2.509999990463257,2.5999999046325684,2.509999990463257,2.549999952316284,7700,0.0,0.0
2022-09-29 00:00:00-04:00,2.549999952316284,2.549999952316284,2.5299999713897705,2.549999952316284,28500,0.0,0.0
2022-09-30 00:00:00-04:00,2.549999952316284,2.5999999046325684,2.5,2.549999952316284,43100,0.0,0.0
2022-10-03 00:00:00-04:00,2.700000047683716,2.700000047683716,2.690000057220459,2.690000057220459,6400,0.0,0.0
2022-10-04 00:00:00-04:00,2.7699999809265137,2.7699999809265137,2.740000009536743,2.740000009536743,49300,0.0,0.0
2022-10-05 00:00:00-04:00,3.0299999713897705,3.0299999713897705,2.5999999046325684,2.5999999046325684,1500,0.0,0.0
2022-10-06 00:00:00-04:00,2.990000009536743,2.990000009536743,2.5,2.5,6600,0.0,0.0
2022-10-07 00:00:00-04:00,2.549999952316284,2.549999952316284,2.5,2.5,21500,0.0,0.0
2022-10-11 00:00:00-04:00,2.490000009536743,2.5,2.450000047683716,2.450000047683716,5200,0.0,0.0
2022-10-12 00:00:00-04:00,2.6700000762939453,2.6700000762939453,2.450000047683716,2.450000047683716,400,0.0,0.0
2022-10-13 00:00:00-04:00,2.5,2.5,2.450000047683716,2.450000047683716,5600,0.0,0.0
2022-10-14 00:00:00-04:00,2.450000047683716,2.450000047683716,2.4000000953674316,2.4000000953674316,3700,0.0,0.0
2022-10-17 00:00:00-04:00,2.4000000953674316,2.4000000953674316,2.3499999046325684,2.4000000953674316,19100,0.0,0.0
2022-10-18 00:00:00-04:00,2.200000047683716,2.200000047683716,2.0899999141693115,2.1500000953674316,73700,0.0,0.0
2022-10-19 00:00:00-04:00,2.1700000762939453,2.1700000762939453,2.1700000762939453,2.1700000762939453,1600,0.0,0.0
2022-10-20 00:00:00-04:00,2.2100000381469727,2.2100000381469727,2.200000047683716,2.200000047683716,3000,0.0,0.0
2022-10-21 00:00:00-04:00,2.200000047683716,2.25,2.200000047683716,2.200000047683716,10100,0.0,0.0
2022-10-24 00:00:00-04:00,2.200000047683716,2.200000047683716,2.200000047683716,2.200000047683716,0,0.0,0.0
2022-10-25 00:00:00-04:00,2.25,2.25,2.049999952316284,2.1500000953674316,155900,0.0,0.0
2022-10-26 00:00:00-04:00,2.109999895095825,2.2100000381469727,2.0999999046325684,2.0999999046325684,5900,0.0,0.0
2022-10-27 00:00:00-04:00,2.180000066757202,2.190000057220459,2.180000066757202,2.190000057220459,4700,0.0,0.0
2022-10-28 00:00:00-04:00,2.190000057220459,2.190000057220459,2.190000057220459,2.190000057220459,19200,0.0,0.0
2022-10-31 00:00:00-04:00,2.200000047683716,2.200000047683716,2.1700000762939453,2.1700000762939453,5300,0.0,0.0
2022-11-01 00:00:00-04:00,2.200000047683716,2.200000047683716,2.200000047683716,2.200000047683716,63000,0.0,0.0
2022-11-02 00:00:00-04:00,2.1600000858306885,2.1600000858306885,2.1500000953674316,2.1500000953674316,18200,0.0,0.0
2022-11-03 00:00:00-04:00,2.119999885559082,2.200000047683716,2.049999952316284,2.049999952316284,3600,0.0,0.0
2022-11-04 00:00:00-04:00,2.200000047683716,2.200000047683716,2.0999999046325684,2.0999999046325684,6200,0.0,0.0
2022-11-07 00:00:00-05:00,2.0999999046325684,2.0999999046325684,2.049999952316284,2.049999952316284,8700,0.0,0.0
2022-11-08 00:00:00-05:00,2.200000047683716,2.200000047683716,2.1500000953674316,2.1500000953674316,2600,0.0,0.0
2022-11-09 00:00:00-05:00,2.0999999046325684,2.0999999046325684,2.0999999046325684,2.0999999046325684,3600,0.0,0.0
2022-11-10 00:00:00-05:00,2.0999999046325684,2.190000057220459,1.899999976158142,2.1500000953674316,115400,0.0,0.0
2022-11-11 00:00:00-05:00,2.0,2.049999952316284,2.0,2.049999952316284,600,0.0,0.0
2022-11-14 00:00:00-05:00,2.0999999046325684,2.0999999046325684,2.0999999046325684,2.0999999046325684,50400,0.0,0.0
2022-11-15 00:00:00-05:00,2.0999999046325684,2.0999999046325684,2.049999952316284,2.049999952316284,17600,0.0,0.0
2022-11-16 00:00:00-05:00,2.049999952316284,2.049999952316284,2.049999952316284,2.049999952316284,8500,0.0,0.0
2022-11-17 00:00:00-05:00,2.049999952316284,2.049999952316284,2.049999952316284,2.049999952316284,1000,0.0,0.0
2022-11-18 00:00:00-05:00,2.0,2.009999990463257,1.9900000095367432,2.0,58600,0.0,0.0
2022-11-21 00:00:00-05:00,2.0,2.0999999046325684,2.0,2.049999952316284,7300,0.0,0.0
2022-11-22 00:00:00-05:00,2.049999952316284,2.049999952316284,2.0,2.0,4400,0.0,0.0
2022-11-23 00:00:00-05:00,2.0,2.0,1.9500000476837158,2.0,172100,0.0,0.0
2022-11-24 00:00:00-05:00,1.9500000476837158,2.0,1.899999976158142,2.0,23200,0.0,0.0
2022-11-25 00:00:00-05:00,1.9500000476837158,1.9500000476837158,1.9500000476837158,1.9500000476837158,10000,0.0,0.0
2022-11-28 00:00:00-05:00,2.0999999046325684,2.0999999046325684,1.9500000476837158,2.0,9700,0.0,0.0
2022-11-29 00:00:00-05:00,2.0799999237060547,2.109999895095825,1.9199999570846558,2.0999999046325684,143700,0.0,0.0
2022-11-30 00:00:00-05:00,2.130000114440918,2.25,2.130000114440918,2.25,152600,0.0,0.0
2022-12-01 00:00:00-05:00,2.450000047683716,2.450000047683716,2.4000000953674316,2.4000000953674316,24400,0.0,0.0
2022-12-02 00:00:00-05:00,2.4000000953674316,2.4000000953674316,2.299999952316284,2.299999952316284,46700,0.0,0.0
2022-12-05 00:00:00-05:00,2.299999952316284,2.299999952316284,2.299999952316284,2.299999952316284,0,0.0,0.0
2022-12-06 00:00:00-05:00,2.299999952316284,2.299999952316284,2.299999952316284,2.299999952316284,7900,0.0,0.0
2022-12-07 00:00:00-05:00,2.450000047683716,2.4800000190734863,2.440000057220459,2.450000047683716,76500,0.0,0.0
2022-12-08 00:00:00-05:00,2.4100000858306885,2.5999999046325684,2.4000000953674316,2.5999999046325684,22200,0.0,0.0
2022-12-09 00:00:00-05:00,2.6500000953674316,2.700000047683716,2.5999999046325684,2.5999999046325684,33400,0.0,0.0
2022-12-12 00:00:00-05:00,2.819999933242798,2.8299999237060547,2.7200000286102295,2.7200000286102295,1800,0.0,0.0
2022-12-13 00:00:00-05:00,2.740000009536743,2.759999990463257,2.6500000953674316,2.6500000953674316,19300,0.0,0.0
2022-12-14 00:00:00-05:00,2.75,2.8299999237060547,2.75,2.8299999237060547,800,0.0,0.0
2022-12-15 00:00:00-05:00,2.630000114440918,2.799999952316284,2.509999990463257,2.799999952316284,3600,0.0,0.0
2022-12-16 00:00:00-05:00,2.809999942779541,2.809999942779541,2.809999942779541,2.809999942779541,500,0.0,0.0
2022-12-19 00:00:00-05:00,2.75,2.75,2.5,2.5,7200,0.0,0.0
2022-12-20 00:00:00-05:00,2.5999999046325684,2.609999895095825,2.5999999046325684,2.5999999046325684,3400,0.0,0.0
2022-12-21 00:00:00-05:00,2.5999999046325684,2.700000047683716,2.5,2.609999895095825,28800,0.0,0.0
2022-12-22 00:00:00-05:00,2.609999895095825,2.609999895095825,2.609999895095825,2.609999895095825,0,0.0,0.0
2022-12-23 00:00:00-05:00,2.609999895095825,2.609999895095825,2.609999895095825,2.609999895095825,0,0.0,0.0
2022-12-28 00:00:00-05:00,2.630000114440918,2.630000114440918,2.619999885559082,2.619999885559082,16100,0.0,0.0
2022-12-29 00:00:00-05:00,2.5199999809265137,2.5899999141693115,2.5,2.549999952316284,4100,0.0,0.0
2022-12-30 00:00:00-05:00,2.549999952316284,2.549999952316284,2.549999952316284,2.549999952316284,0,0.0,0.0
2023-01-03 00:00:00-05:00,2.609999895095825,2.609999895095825,2.609999895095825,2.609999895095825,2000,0.0,0.0
2023-01-04 00:00:00-05:00,2.5999999046325684,2.5999999046325684,2.5999999046325684,2.5999999046325684,2800,0.0,0.0
2023-01-05 00:00:00-05:00,2.549999952316284,2.5999999046325684,2.549999952316284,2.5999999046325684,5500,0.0,0.0
2023-01-06 00:00:00-05:00,2.609999895095825,2.7799999713897705,2.609999895095825,2.75,92900,0.0,0.0
2023-01-09 00:00:00-05:00,2.75,2.809999942779541,2.740000009536743,2.75,26800,0.0,0.0
2023-01-10 00:00:00-05:00,2.609999895095825,2.700000047683716,2.609999895095825,2.700000047683716,24000,0.0,0.0
2023-01-11 00:00:00-05:00,2.7200000286102295,3.0399999618530273,2.7200000286102295,3.0399999618530273,894400,0.0,0.0
2023-01-12 00:00:00-05:00,3.0399999618530273,3.0399999618530273,2.9700000286102295,2.9700000286102295,59400,0.0,0.0
2023-01-13 00:00:00-05:00,2.9000000953674316,2.9000000953674316,2.8499999046325684,2.9000000953674316,133100,0.0,0.0
2023-01-16 00:00:00-05:00,2.9000000953674316,2.9000000953674316,2.8499999046325684,2.9000000953674316,134300,0.0,0.0
2023-01-17 00:00:00-05:00,2.950000047683716,2.9700000286102295,2.9000000953674316,2.9000000953674316,31000,0.0,0.0
2023-01-18 00:00:00-05:00,3.0,3.0,2.8399999141693115,2.8499999046325684,125900,0.0,0.0
2023-01-19 00:00:00-05:00,2.8499999046325684,3.049999952316284,2.8499999046325684,3.0,178200,0.0,0.0
2023-01-20 00:00:00-05:00,2.950000047683716,3.140000104904175,2.950000047683716,3.140000104904175,55000,0.0,0.0
2023-01-23 00:00:00-05:00,3.140000104904175,3.25,3.140000104904175,3.1700000762939453,48800,0.0,0.0
2023-01-24 00:00:00-05:00,3.25,3.25,3.0899999141693115,3.0999999046325684,66900,0.0,0.0
2023-01-25 00:00:00-05:00,3.1500000953674316,3.1500000953674316,2.990000009536743,3.140000104904175,259600,0.0,0.0
2023-01-26 00:00:00-05:00,3.1500000953674316,3.1500000953674316,3.0,3.0,326000,0.0,0.0
2023-01-27 00:00:00-05:00,3.0899999141693115,3.0999999046325684,2.950000047683716,3.0,124200,0.0,0.0
2023-01-30 00:00:00-05:00,3.009999990463257,3.009999990463257,2.9000000953674316,3.0,127600,0.0,0.0
2023-01-31 00:00:00-05:00,3.0,3.25,3.0,3.0999999046325684,44600,0.0,0.0
2023-02-01 00:00:00-05:00,3.049999952316284,3.049999952316284,2.799999952316284,2.9000000953674316,66800,0.0,0.0
2023-02-02 00:00:00-05:00,2.9100000858306885,2.9600000381469727,2.9000000953674316,2.9000000953674316,8700,0.0,0.0
2023-02-03 00:00:00-05:00,2.9100000858306885,2.9100000858306885,2.8299999237060547,2.8299999237060547,4700,0.0,0.0
2023-02-06 00:00:00-05:00,2.869999885559082,2.9000000953674316,2.8299999237060547,2.880000114440918,35300,0.0,0.0
2023-02-07 00:00:00-05:00,2.9000000953674316,3.0,2.9000000953674316,2.9800000190734863,10900,0.0,0.0
2023-02-08 00:00:00-05:00,2.9600000381469727,3.005000114440918,2.9100000858306885,2.9100000858306885,33800,0.0,0.0
2023-02-09 00:00:00-05:00,2.9100000858306885,2.950000047683716,2.799999952316284,2.9200000762939453,213700,0.0,0.0
2023-02-10 00:00:00-05:00,2.9000000953674316,2.940000057220459,2.9000000953674316,2.940000057220459,35700,0.0,0.0
2023-02-13 00:00:00-05:00,2.990000009536743,3.049999952316284,2.950000047683716,2.950000047683716,2400,0.0,0.0
2023-02-14 00:00:00-05:00,2.9000000953674316,3.009999990463257,2.9000000953674316,2.990000009536743,49000,0.0,0.0
2023-02-15 00:00:00-05:00,3.0299999713897705,3.0999999046325684,2.9700000286102295,2.9800000190734863,34800,0.0,0.0
2023-02-16 00:00:00-05:00,2.9700000286102295,2.9800000190734863,2.890000104904175,2.890000104904175,27200,0.0,0.0
2023-02-17 00:00:00-05:00,2.890000104904175,2.9100000858306885,2.890000104904175,2.890000104904175,1900,0.0,0.0
2023-02-21 00:00:00-05:00,2.890000104904175,2.890000104904175,2.799999952316284,2.799999952316284,12000,0.0,0.0
2023-02-22 00:00:00-05:00,2.799999952316284,2.799999952316284,2.700000047683716,2.700000047683716,26600,0.0,0.0
2023-02-23 00:00:00-05:00,3.0999999046325684,3.440000057220459,3.0,3.380000114440918,921300,0.0,0.0
2023-02-24 00:00:00-05:00,3.490000009536743,3.9600000381469727,3.299999952316284,3.9600000381469727,625700,0.0,0.0
2023-02-27 00:00:00-05:00,4.0,4.409999847412109,3.990000009536743,4.099999904632568,817200,0.0,0.0
2023-02-28 00:00:00-05:00,4.199999809265137,4.210000038146973,3.9800000190734863,4.0,56800,0.0,0.0
2023-03-01 00:00:00-05:00,4.150000095367432,4.519999980926514,4.03000020980835,4.5,709600,0.0,0.0
2023-03-02 00:00:00-05:00,4.489999771118164,4.659999847412109,4.449999809265137,4.650000095367432,404000,0.0,0.0
2023-03-03 00:00:00-05:00,4.690000057220459,4.690000057220459,4.550000190734863,4.599999904632568,40100,0.0,0.0
2023-03-06 00:00:00-05:00,4.639999866485596,4.71999979019165,4.630000114440918,4.659999847412109,129500,0.0,0.0
2023-03-07 00:00:00-05:00,4.599999904632568,4.699999809265137,3.9100000858306885,4.0,748300,0.0,0.0
2023-03-08 00:00:00-05:00,4.050000190734863,4.300000190734863,4.019999980926514,4.210000038146973,406300,0.0,0.0
2023-03-09 00:00:00-05:00,4.210000038146973,4.300000190734863,4.0,4.300000190734863,467200,0.0,0.0
2023-03-10 00:00:00-05:00,4.300000190734863,4.5,4.300000190734863,4.400000095367432,244900,0.0,0.0
2023-03-13 00:00:00-04:00,4.289999961853027,4.389999866485596,4.150000095367432,4.349999904632568,378500,0.0,0.0
2023-03-14 00:00:00-04:00,4.340000152587891,4.349999904632568,4.179999828338623,4.179999828338623,39900,0.0,0.0
2023-03-15 00:00:00-04:00,4.590000152587891,4.849999904632568,4.409999847412109,4.599999904632568,1223700,0.0,0.0
2023-03-16 00:00:00-04:00,4.199999809265137,4.199999809265137,4.110000133514404,4.139999866485596,255000,0.0,0.0
2023-03-17 00:00:00-04:00,4.110000133514404,4.21999979019165,4.070000171661377,4.170000076293945,290000,0.0,0.0
2023-03-20 00:00:00-04:00,4.119999885559082,4.139999866485596,3.9800000190734863,4.110000133514404,435100,0.0,0.0
2023-03-21 00:00:00-04:00,4.090000152587891,4.139999866485596,4.0,4.110000133514404,141100,0.0,0.0
2023-03-22 00:00:00-04:00,4.0,4.25,4.0,4.199999809265137,726500,0.0,0.0
2023-03-23 00:00:00-04:00,4.139999866485596,4.5,4.139999866485596,4.489999771118164,511000,0.0,0.0
2023-03-24 00:00:00-04:00,4.480000019073486,4.480000019073486,4.159999847412109,4.179999828338623,221500,0.0,0.0
2023-03-27 00:00:00-04:00,4.159999847412109,4.25,4.159999847412109,4.239999771118164,16900,0.0,0.0
2023-03-28 00:00:00-04:00,4.230000019073486,4.300000190734863,3.990000009536743,4.25,287200,0.0,0.0
2023-03-29 00:00:00-04:00,4.269999980926514,4.289999961853027,4.0,4.21999979019165,143700,0.0,0.0
2023-03-30 00:00:00-04:00,4.360000133514404,4.389999866485596,4.050000190734863,4.170000076293945,150000,0.0,0.0
2023-03-31 00:00:00-04:00,4.190000057220459,4.190000057220459,3.9800000190734863,4.150000095367432,269000,0.0,0.0
2023-04-03 00:00:00-04:00,4.139999866485596,4.239999771118164,4.059999942779541,4.170000076293945,101200,0.0,0.0
2023-04-04 00:00:00-04:00,4.130000114440918,4.179999828338623,4.019999980926514,4.139999866485596,77800,0.0,0.0
2023-04-05 00:00:00-04:00,4.059999942779541,4.349999904632568,4.059999942779541,4.25,664300,0.0,0.0
2023-04-06 00:00:00-04:00,4.199999809265137,4.369999885559082,4.199999809265137,4.360000133514404,278700,0.0,0.0
2023-04-10 00:00:00-04:00,4.289999961853027,4.440000057220459,4.239999771118164,4.429999828338623,270900,0.0,0.0
2023-04-11 00:00:00-04:00,4.449999809265137,4.789999961853027,4.349999904632568,4.5,789200,0.0,0.0
2023-04-12 00:00:00-04:00,4.610000133514404,5.070000171661377,4.610000133514404,5.010000228881836,2186700,0.0,0.0
2023-04-13 00:00:00-04:00,5.0,5.210000038146973,4.880000114440918,4.909999847412109,321800,0.0,0.0
2023-04-14 00:00:00-04:00,4.940000057220459,5.190000057220459,4.849999904632568,5.170000076293945,53800,0.0,0.0
2023-04-17 00:00:00-04:00,5.190000057220459,5.190000057220459,4.980000019073486,5.039999961853027,97300,0.0,0.0
2023-04-18 00:00:00-04:00,5.170000076293945,5.25,4.985000133514404,5.25,113200,0.0,0.0
2023-04-19 00:00:00-04:00,5.170000076293945,5.71999979019165,5.159999847412109,5.519999980926514,131400,0.0,0.0
2023-04-20 00:00:00-04:00,5.710000038146973,5.710000038146973,5.340000152587891,5.5,233400,0.0,0.0
2023-04-21 00:00:00-04:00,5.489999771118164,5.5,5.199999809265137,5.409999847412109,134100,0.0,0.0
2023-04-24 00:00:00-04:00,5.5,5.639999866485596,5.489999771118164,5.550000190734863,105200,0.0,0.0
2023-04-25 00:00:00-04:00,5.75,6.28000020980835,5.75,6.050000190734863,1004000,0.0,0.0
2023-04-26 00:00:00-04:00,6.079999923706055,6.300000190734863,6.039999961853027,6.300000190734863,313600,0.0,0.0
2023-04-27 00:00:00-04:00,6.25,6.260000228881836,6.0,6.010000228881836,94600,0.0,0.0
2023-04-28 00:00:00-04:00,6.010000228881836,6.320000171661377,5.949999809265137,6.260000228881836,128800,0.0,0.0
2023-05-01 00:00:00-04:00,6.159999847412109,6.260000228881836,6.059999942779541,6.059999942779541,69600,0.0,0.0
2023-05-02 00:00:00-04:00,6.179999828338623,6.179999828338623,6.019999980926514,6.099999904632568,48000,0.0,0.0
2023-05-03 00:00:00-04:00,6.019999980926514,6.159999847412109,5.96999979019165,6.099999904632568,40800,0.0,0.0
2023-05-04 00:00:00-04:00,6.150000095367432,6.510000228881836,6.150000095367432,6.420000076293945,202700,0.0,0.0
2023-05-05 00:00:00-04:00,6.599999904632568,6.599999904632568,6.400000095367432,6.429999828338623,36800,0.0,0.0
2023-05-08 00:00:00-04:00,6.400000095367432,7.050000190734863,6.400000095367432,6.960000038146973,97200,0.0,0.0
2023-05-09 00:00:00-04:00,6.929999828338623,7.03000020980835,6.809999942779541,7.0,55000,0.0,0.0
2023-05-10 00:00:00-04:00,6.880000114440918,6.980000019073486,6.849999904632568,6.860000133514404,21000,0.0,0.0
2023-05-11 00:00:00-04:00,6.699999809265137,6.800000190734863,6.489999771118164,6.579999923706055,24800,0.0,0.0
2023-05-12 00:00:00-04:00,6.489999771118164,6.880000114440918,6.489999771118164,6.550000190734863,105100,0.0,0.0
2023-05-15 00:00:00-04:00,6.539999961853027,6.559999942779541,6.320000171661377,6.340000152587891,25900,0.0,0.0
2023-05-16 00:00:00-04:00,6.300000190734863,6.309999942779541,5.760000228881836,5.949999809265137,214700,0.0,0.0
2023-05-17 00:00:00-04:00,6.039999961853027,6.039999961853027,5.5,5.599999904632568,263400,0.0,0.0
2023-05-18 00:00:00-04:00,5.690000057220459,5.809999942779541,5.449999809265137,5.769999980926514,104800,0.0,0.0
2023-05-19 00:00:00-04:00,5.670000076293945,6.079999923706055,5.449999809265137,5.949999809265137,72600,0.0,0.0
2023-05-23 00:00:00-04:00,5.900000095367432,6.159999847412109,5.559999942779541,5.699999809265137,69500,0.0,0.0
2023-05-24 00:00:00-04:00,5.489999771118164,5.889999866485596,5.460000038146973,5.789999961853027,35800,0.0,0.0
2023-05-25 00:00:00-04:00,5.619999885559082,6.0,5.619999885559082,5.929999828338623,112100,0.0,0.0
2023-05-26 00:00:00-04:00,5.980000019073486,5.980000019073486,5.679999828338623,5.690000057220459,55600,0.0,0.0
2023-05-29 00:00:00-04:00,5.929999828338623,6.070000171661377,5.929999828338623,6.019999980926514,24100,0.0,0.0
2023-05-30 00:00:00-04:00,6.25,6.400000095367432,5.960000038146973,5.960000038146973,477100,0.0,0.0
2023-05-31 00:00:00-04:00,6.21999979019165,6.21999979019165,5.809999942779541,6.110000133514404,109300,0.0,0.0
2023-06-01 00:00:00-04:00,5.989999771118164,6.090000152587891,5.900000095367432,6.0,26900,0.0,0.0
2023-06-02 00:00:00-04:00,5.940000057220459,5.949999809265137,5.900000095367432,5.949999809265137,1200,0.0,0.0
2023-06-05 00:00:00-04:00,5.800000190734863,6.0,5.800000190734863,6.0,31300,0.0,0.0
2023-06-06 00:00:00-04:00,5.880000114440918,5.940000057220459,5.840000152587891,5.940000057220459,5700,0.0,0.0
2023-06-07 00:00:00-04:00,6.059999942779541,6.059999942779541,5.829999923706055,5.889999866485596,7500,0.0,0.0
2023-06-08 00:00:00-04:00,5.820000171661377,5.900000095367432,5.75,5.869999885559082,13900,0.0,0.0
2023-06-09 00:00:00-04:00,5.789999961853027,5.920000076293945,5.789999961853027,5.880000114440918,5000,0.0,0.0
2023-06-12 00:00:00-04:00,5.840000152587891,5.949999809265137,5.75,5.889999866485596,9600,0.0,0.0
2023-06-13 00:00:00-04:00,6.099999904632568,6.199999809265137,5.650000095367432,5.880000114440918,176100,0.0,0.0
2023-06-14 00:00:00-04:00,5.710000038146973,6.090000152587891,5.710000038146973,6.090000152587891,22600,0.0,0.0
2023-06-15 00:00:00-04:00,5.889999866485596,6.119999885559082,5.849999904632568,6.010000228881836,22600,0.0,0.0
2023-06-16 00:00:00-04:00,5.869999885559082,5.869999885559082,5.679999828338623,5.789999961853027,6400,0.0,0.0
2023-06-19 00:00:00-04:00,5.760000228881836,5.869999885559082,5.619999885559082,5.820000171661377,16600,0.0,0.0
2023-06-20 00:00:00-04:00,5.670000076293945,5.829999923706055,5.670000076293945,5.710000038146973,10400,0.0,0.0
2023-06-21 00:00:00-04:00,5.659999847412109,5.949999809265137,5.659999847412109,5.900000095367432,118100,0.0,0.0
2023-06-22 00:00:00-04:00,5.699999809265137,5.849999904632568,5.610000133514404,5.630000114440918,14800,0.0,0.0
2023-06-23 00:00:00-04:00,5.659999847412109,5.769999980926514,5.599999904632568,5.650000095367432,77100,0.0,0.0
2023-06-26 00:00:00-04:00,5.78000020980835,5.909999847412109,5.71999979019165,5.880000114440918,14000,0.0,0.0
2023-06-27 00:00:00-04:00,6.150000095367432,6.150000095367432,5.75,5.75,125300,0.0,0.0
2023-06-28 00:00:00-04:00,5.980000019073486,5.980000019073486,5.739999771118164,5.849999904632568,24400,0.0,0.0
2023-06-29 00:00:00-04:00,5.699999809265137,5.889999866485596,5.650000095367432,5.889999866485596,55900,0.0,0.0
2023-06-30 00:00:00-04:00,5.940000057220459,5.949999809265137,5.909999847412109,5.949999809265137,6600,0.0,0.0
2023-07-04 00:00:00-04:00,5.989999771118164,6.050000190734863,5.949999809265137,6.039999961853027,121000,0.0,0.0
2023-07-05 00:00:00-04:00,5.860000133514404,6.050000190734863,5.800000190734863,6.0,547000,0.0,0.0
2023-07-06 00:00:00-04:00,5.929999828338623,6.0,5.849999904632568,5.920000076293945,172200,0.0,0.0
2023-07-07 00:00:00-04:00,5.960000038146973,6.21999979019165,5.960000038146973,6.150000095367432,219700,0.0,0.0
2023-07-10 00:00:00-04:00,6.079999923706055,6.110000133514404,5.960000038146973,5.960000038146973,41600,0.0,0.0
2023-07-11 00:00:00-04:00,5.900000095367432,5.985000133514404,5.900000095367432,5.980000019073486,14600,0.0,0.0
2023-07-12 00:00:00-04:00,5.980000019073486,6.150000095367432,5.909999847412109,6.150000095367432,36100,0.0,0.0
2023-07-13 00:00:00-04:00,6.070000171661377,6.150000095367432,6.054999828338623,6.150000095367432,3000,0.0,0.0
2023-07-14 00:00:00-04:00,6.099999904632568,6.099999904632568,5.909999847412109,5.909999847412109,1600,0.0,0.0
2023-07-17 00:00:00-04:00,5.920000076293945,6.0,5.849999904632568,6.0,2900,0.0,0.0
2023-07-18 00:00:00-04:00,6.099999904632568,6.28000020980835,6.099999904632568,6.159999847412109,163600,0.0,0.0
2023-07-19 00:00:00-04:00,6.110000133514404,6.110000133514404,5.949999809265137,6.010000228881836,32800,0.0,0.0
2023-07-20 00:00:00-04:00,5.940000057220459,6.070000171661377,5.940000057220459,6.070000171661377,8000,0.0,0.0
2023-07-21 00:00:00-04:00,6.099999904632568,6.25,6.050000190734863,6.199999809265137,161400,0.0,0.0
2023-07-24 00:00:00-04:00,6.090000152587891,6.130000114440918,6.090000152587891,6.130000114440918,3800,0.0,0.0
2023-07-25 00:00:00-04:00,6.119999885559082,6.119999885559082,5.920000076293945,6.0,115200,0.0,0.0
2023-07-26 00:00:00-04:00,5.940000057220459,6.070000171661377,5.840000152587891,6.059999942779541,23900,0.0,0.0
2023-07-27 00:00:00-04:00,5.96999979019165,6.0,5.820000171661377,6.0,108700,0.0,0.0
2023-07-28 00:00:00-04:00,6.0,6.019999980926514,5.960000038146973,6.0,117600,0.0,0.0
2023-07-31 00:00:00-04:00,5.929999828338623,6.010000228881836,5.900000095367432,5.989999771118164,18600,0.0,0.0
2023-08-01 00:00:00-04:00,5.920000076293945,5.940000057220459,5.880000114440918,5.900000095367432,22300,0.0,0.0
2023-08-02 00:00:00-04:00,5.96999979019165,6.019999980926514,5.820000171661377,5.840000152587891,34400,0.0,0.0
2023-08-03 00:00:00-04:00,5.849999904632568,5.920000076293945,5.800000190734863,5.829999923706055,6300,0.0,0.0
2023-08-04 00:00:00-04:00,5.900000095367432,5.920000076293945,5.840000152587891,5.900000095367432,66400,0.0,0.0
2023-08-08 00:00:00-04:00,5.639999866485596,5.849999904632568,5.510000228881836,5.849999904632568,137200,0.0,0.0
2023-08-09 00:00:00-04:00,5.800000190734863,6.059999942779541,5.800000190734863,6.0,995300,0.0,0.0
2023-08-10 00:00:00-04:00,6.0,6.170000076293945,6.0,6.130000114440918,83900,0.0,0.0
2023-08-11 00:00:00-04:00,6.099999904632568,6.230000019073486,6.099999904632568,6.190000057220459,180900,0.0,0.0
2023-08-14 00:00:00-04:00,6.190000057220459,6.260000228881836,6.019999980926514,6.21999979019165,46600,0.0,0.0
2023-08-15 00:00:00-04:00,6.289999961853027,6.53000020980835,6.25,6.25,125400,0.0,0.0
2023-08-16 00:00:00-04:00,6.289999961853027,6.349999904632568,6.0,6.099999904632568,38600,0.0,0.0
2023-08-17 00:00:00-04:00,6.150000095367432,6.179999828338623,6.050000190734863,6.050000190734863,6000,0.0,0.0
2023-08-18 00:00:00-04:00,6.079999923706055,6.079999923706055,5.940000057220459,6.03000020980835,110200,0.0,0.0
2023-08-21 00:00:00-04:00,6.0,6.010000228881836,5.900000095367432,5.96999979019165,13600,0.0,0.0
2023-08-22 00:00:00-04:00,5.960000038146973,5.989999771118164,5.949999809265137,5.96999979019165,4100,0.0,0.0
2023-08-23 00:00:00-04:00,6.050000190734863,6.300000190734863,6.039999961853027,6.159999847412109,15500,0.0,0.0
2023-08-24 00:00:00-04:00,6.099999904632568,6.099999904632568,5.800000190734863,5.800000190734863,103400,0.0,0.0
2023-08-25 00:00:00-04:00,5.869999885559082,6.0,5.760000228881836,6.0,81200,0.0,0.0
2023-08-28 00:00:00-04:00,5.989999771118164,6.119999885559082,5.989999771118164,6.050000190734863,55800,0.0,0.0
2023-08-29 00:00:00-04:00,6.050000190734863,6.110000133514404,6.0,6.039999961853027,17100,0.0,0.0
2023-08-30 00:00:00-04:00,6.0,6.050000190734863,5.949999809265137,6.019999980926514,34200,0.0,0.0
2023-08-31 00:00:00-04:00,6.019999980926514,6.199999809265137,5.949999809265137,6.199999809265137,71200,0.0,0.0
2023-09-01 00:00:00-04:00,6.199999809265137,6.25,6.099999904632568,6.150000095367432,397300,0.0,0.0
2023-09-05 00:00:00-04:00,6.099999904632568,6.300000190734863,6.099999904632568,6.25,175600,0.0,0.0
2023-09-06 00:00:00-04:00,6.289999961853027,6.360000133514404,6.150000095367432,6.269999980926514,61300,0.0,0.0
2023-09-07 00:00:00-04:00,6.389999866485596,6.389999866485596,6.25,6.269999980926514,241900,0.0,0.0
2023-09-08 00:00:00-04:00,6.300000190734863,6.449999809265137,6.300000190734863,6.449999809265137,21700,0.0,0.0
2023-09-11 00:00:00-04:00,6.369999885559082,6.369999885559082,6.239999771118164,6.239999771118164,26800,0.0,0.0
2023-09-12 00:00:00-04:00,6.199999809265137,6.199999809265137,6.039999961853027,6.079999923706055,2600,0.0,0.0
2023-09-13 00:00:00-04:00,6.005000114440918,6.005000114440918,5.894999980926514,5.929999828338623,144900,0.0,0.0
2023-09-14 00:00:00-04:00,5.949999809265137,5.949999809265137,5.71999979019165,5.71999979019165,11900,0.0,0.0
2023-09-15 00:00:00-04:00,5.75,5.800000190734863,5.699999809265137,5.789999961853027,16700,0.0,0.0
2023-09-18 00:00:00-04:00,5.71999979019165,5.71999979019165,5.630000114440918,5.670000076293945,31500,0.0,0.0
2023-09-19 00:00:00-04:00,5.550000190734863,5.699999809265137,5.070000171661377,5.130000114440918,56700,0.0,0.0
2023-09-20 00:00:00-04:00,5.03000020980835,5.300000190734863,4.909999847412109,5.0,79700,0.0,0.0
2023-09-21 00:00:00-04:00,4.96999979019165,4.96999979019165,4.699999809265137,4.809999942779541,75200,0.0,0.0
2023-09-22 00:00:00-04:00,4.800000190734863,4.949999809265137,4.679999828338623,4.840000152587891,289000,0.0,0.0
2023-09-25 00:00:00-04:00,4.840000152587891,4.940000057220459,4.800000190734863,4.849999904632568,139500,0.0,0.0
2023-09-26 00:00:00-04:00,4.900000095367432,4.940000057220459,4.510000228881836,4.699999809265137,148200,0.0,0.0
2023-09-27 00:00:00-04:00,4.599999904632568,4.599999904632568,4.210000038146973,4.434999942779541,118100,0.0,0.0
2023-09-28 00:00:00-04:00,4.400000095367432,4.800000190734863,4.360000133514404,4.699999809265137,101500,0.0,0.0
2023-09-29 00:00:00-04:00,4.710000038146973,4.800000190734863,4.659999847412109,4.800000190734863,49600,0.0,0.0
2023-10-02 00:00:00-04:00,4.510000228881836,4.71999979019165,4.420000076293945,4.519999980926514,21700,0.0,0.0
2023-10-03 00:00:00-04:00,4.489999771118164,4.5,4.260000228881836,4.489999771118164,308800,0.0,0.0
2023-10-04 00:00:00-04:00,4.400000095367432,4.570000171661377,4.380000114440918,4.559999942779541,18100,0.0,0.0
2023-10-05 00:00:00-04:00,4.559999942779541,4.699999809265137,4.510000228881836,4.699999809265137,32800,0.0,0.0
2023-10-06 00:00:00-04:00,4.679999828338623,4.920000076293945,4.679999828338623,4.920000076293945,30800,0.0,0.0
2023-10-10 00:00:00-04:00,4.920000076293945,5.269999980926514,4.920000076293945,5.199999809265137,31100,0.0,0.0
2023-10-11 00:00:00-04:00,5.230000019073486,5.349999904632568,5.050000190734863,5.130000114440918,18500,0.0,0.0
2023-10-12 00:00:00-04:00,5.079999923706055,5.119999885559082,5.0,5.0,9000,0.0,0.0
2023-10-13 00:00:00-04:00,5.050000190734863,5.159999847412109,5.0,5.059999942779541,8800,0.0,0.0
2023-10-16 00:00:00-04:00,4.96999979019165,4.96999979019165,4.769999980926514,4.920000076293945,106900,0.0,0.0
2023-10-17 00:00:00-04:00,4.860000133514404,4.860000133514404,4.849999904632568,4.849999904632568,5600,0.0,0.0
2023-10-18 00:00:00-04:00,4.800000190734863,4.940000057220459,4.78000020980835,4.829999923706055,15500,0.0,0.0
2023-10-19 00:00:00-04:00,4.96999979019165,4.96999979019165,4.800000190734863,4.869999885559082,3500,0.0,0.0
2023-10-20 00:00:00-04:00,4.710000038146973,4.889999866485596,4.690000057220459,4.78000020980835,20800,0.0,0.0
2023-10-23 00:00:00-04:00,4.75,4.809999942779541,4.75,4.800000190734863,4000,0.0,0.0
2023-10-24 00:00:00-04:00,4.699999809265137,4.880000114440918,4.699999809265137,4.699999809265137,2700,0.0,0.0
2023-10-25 00:00:00-04:00,4.610000133514404,4.699999809265137,4.599999904632568,4.659999847412109,12700,0.0,0.0
2023-10-26 00:00:00-04:00,4.599999904632568,4.599999904632568,4.400000095367432,4.460000038146973,13900,0.0,0.0
2023-10-27 00:00:00-04:00,4.460000038146973,4.460000038146973,4.460000038146973,4.460000038146973,0,0.0,0.0
2023-10-30 00:00:00-04:00,4.75,4.889999866485596,4.650000095367432,4.650000095367432,30200,0.0,0.0
2023-10-31 00:00:00-04:00,4.570000171661377,4.820000171661377,4.559999942779541,4.820000171661377,4400,0.0,0.0
2023-11-01 00:00:00-04:00,5.099999904632568,5.099999904632568,4.570000171661377,4.650000095367432,24200,0.0,0.0
2023-11-02 00:00:00-04:00,4.699999809265137,4.699999809265137,4.309999942779541,4.550000190734863,9800,0.0,0.0
2023-11-03 00:00:00-04:00,4.570000171661377,4.599999904632568,4.460000038146973,4.579999923706055,12400,0.0,0.0
2023-11-06 00:00:00-05:00,4.559999942779541,4.559999942779541,4.480000019073486,4.480000019073486,8000,0.0,0.0
2023-11-07 00:00:00-05:00,5.079999923706055,5.079999923706055,4.28000020980835,4.409999847412109,8200,0.0,0.0
2023-11-08 00:00:00-05:00,4.340000152587891,4.440000057220459,4.320000171661377,4.320000171661377,10100,0.0,0.0
2023-11-09 00:00:00-05:00,4.300000190734863,4.300000190734863,4.190000057220459,4.190000057220459,7000,0.0,0.0
2023-11-10 00:00:00-05:00,4.190000057220459,4.190000057220459,4.039999961853027,4.079999923706055,15900,0.0,0.0
2023-11-13 00:00:00-05:00,4.059999942779541,4.059999942779541,3.990000009536743,4.0,9800,0.0,0.0
2023-11-14 00:00:00-05:00,4.0,4.050000190734863,3.930000066757202,3.9800000190734863,22100,0.0,0.0
2023-11-15 00:00:00-05:00,3.940000057220459,3.940000057220459,3.75,3.8399999141693115,52800,0.0,0.0
2023-11-16 00:00:00-05:00,3.9000000953674316,4.139999866485596,3.880000114440918,4.010000228881836,38900,0.0,0.0
2023-11-17 00:00:00-05:00,4.019999980926514,4.25,4.0,4.239999771118164,240900,0.0,0.0
2023-11-20 00:00:00-05:00,4.170000076293945,4.320000171661377,4.059999942779541,4.230000019073486,9300,0.0,0.0
2023-11-21 00:00:00-05:00,4.25,4.340000152587891,4.25,4.25,14100,0.0,0.0
2023-11-22 00:00:00-05:00,4.239999771118164,4.25,4.110000133514404,4.110000133514404,31700,0.0,0.0
2023-11-23 00:00:00-05:00,4.110000133514404,4.170000076293945,4.110000133514404,4.130000114440918,2600,0.0,0.0
2023-11-24 00:00:00-05:00,4.079999923706055,4.119999885559082,3.9800000190734863,4.119999885559082,37100,0.0,0.0
2023-11-27 00:00:00-05:00,4.03000020980835,4.085000038146973,3.9600000381469727,3.9800000190734863,31800,0.0,0.0
2023-11-28 00:00:00-05:00,3.9700000286102295,4.010000228881836,3.799999952316284,3.9000000953674316,2746100,0.0,0.0
2023-11-29 00:00:00-05:00,3.990000009536743,4.269999980926514,3.990000009536743,4.199999809265137,696700,0.0,0.0
2023-11-30 00:00:00-05:00,4.21999979019165,4.460000038146973,4.21999979019165,4.239999771118164,124000,0.0,0.0
2023-12-01 00:00:00-05:00,4.28000020980835,4.309999942779541,4.170000076293945,4.28000020980835,10200,0.0,0.0
2023-12-04 00:00:00-05:00,4.210000038146973,4.260000228881836,4.170000076293945,4.21999979019165,25700,0.0,0.0
2023-12-05 00:00:00-05:00,4.170000076293945,4.25,4.170000076293945,4.210000038146973,30900,0.0,0.0
2023-12-06 00:00:00-05:00,4.179999828338623,4.25,4.179999828338623,4.230000019073486,37000,0.0,0.0
2023-12-07 00:00:00-05:00,4.21999979019165,4.300000190734863,4.179999828338623,4.199999809265137,40000,0.0,0.0
2023-12-08 00:00:00-05:00,4.150000095367432,4.230000019073486,4.150000095367432,4.170000076293945,9700,0.0,0.0
2023-12-11 00:00:00-05:00,4.179999828338623,4.199999809265137,4.119999885559082,4.119999885559082,14900,0.0,0.0
2023-12-12 00:00:00-05:00,4.099999904632568,4.110000133514404,4.019999980926514,4.050000190734863,10600,0.0,0.0
2023-12-13 00:00:00-05:00,3.9000000953674316,4.150000095367432,3.9000000953674316,4.119999885559082,16200,0.0,0.0
2023-12-14 00:00:00-05:00,4.150000095367432,4.320000171661377,4.139999866485596,4.210000038146973,16900,0.0,0.0
2023-12-15 00:00:00-05:00,4.190000057220459,4.190000057220459,4.0,4.03000020980835,70900,0.0,0.0
2023-12-18 00:00:00-05:00,4.059999942779541,4.059999942779541,3.9800000190734863,4.050000190734863,16800,0.0,0.0
2023-12-19 00:00:00-05:00,4.079999923706055,4.139999866485596,4.079999923706055,4.110000133514404,8600,0.0,0.0
2023-12-20 00:00:00-05:00,4.170000076293945,4.170000076293945,4.110000133514404,4.110000133514404,5600,0.0,0.0
2023-12-21 00:00:00-05:00,4.159999847412109,4.159999847412109,4.099999904632568,4.130000114440918,12800,0.0,0.0
2023-12-22 00:00:00-05:00,4.239999771118164,4.329999923706055,4.179999828338623,4.190000057220459,32900,0.0,0.0
2023-12-27 00:00:00-05:00,4.150000095367432,4.300000190734863,4.119999885559082,4.230000019073486,19300,0.0,0.0
2023-12-28 00:00:00-05:00,4.25,4.25,4.230000019073486,4.230000019073486,900,0.0,0.0
2023-12-29 00:00:00-05:00,4.269999980926514,4.349999904632568,4.230000019073486,4.230000019073486,10900,0.0,0.0
2024-01-02 00:00:00-05:00,4.130000114440918,4.159999847412109,4.079999923706055,4.130000114440918,6900,0.0,0.0
2024-01-03 00:00:00-05:00,4.039999961853027,4.059999942779541,4.039999961853027,4.059999942779541,500,0.0,0.0
2024-01-04 00:00:00-05:00,4.079999923706055,4.099999904632568,3.9800000190734863,4.0,13100,0.0,0.0
2024-01-05 00:00:00-05:00,4.0,4.190000057220459,4.0,4.170000076293945,24900,0.0,0.0
2024-01-08 00:00:00-05:00,4.150000095367432,4.150000095367432,4.070000171661377,4.090000152587891,500,0.0,0.0
2024-01-09 00:00:00-05:00,4.079999923706055,4.159999847412109,4.079999923706055,4.099999904632568,8300,0.0,0.0
2024-01-10 00:00:00-05:00,4.150000095367432,4.150000095367432,4.099999904632568,4.099999904632568,4000,0.0,0.0
2024-01-11 00:00:00-05:00,4.099999904632568,4.110000133514404,4.010000228881836,4.019999980926514,7100,0.0,0.0
2024-01-12 00:00:00-05:00,4.050000190734863,4.239999771118164,4.050000190734863,4.150000095367432,18300,0.0,0.0
2024-01-15 00:00:00-05:00,4.079999923706055,4.119999885559082,4.079999923706055,4.119999885559082,1500,0.0,0.0
2024-01-16 00:00:00-05:00,4.039999961853027,4.039999961853027,3.9000000953674316,3.9800000190734863,28700,0.0,0.0
2024-01-17 00:00:00-05:00,4.099999904632568,4.099999904632568,3.9600000381469727,3.9700000286102295,5300,0.0,0.0
2024-01-18 00:00:00-05:00,4.039999961853027,4.110000133514404,4.010000228881836,4.090000152587891,20500,0.0,0.0
2024-01-19 00:00:00-05:00,4.039999961853027,4.039999961853027,3.9000000953674316,3.930000066757202,25400,0.0,0.0
2024-01-22 00:00:00-05:00,3.9200000762939453,3.950000047683716,3.9000000953674316,3.950000047683716,4000,0.0,0.0
2024-01-23 00:00:00-05:00,3.9700000286102295,3.9700000286102295,3.880000114440918,3.9200000762939453,14800,0.0,0.0
2024-01-24 00:00:00-05:00,3.940000057220459,4.039999961853027,3.940000057220459,3.9600000381469727,11700,0.0,0.0
2024-01-25 00:00:00-05:00,3.9800000190734863,3.990000009536743,3.940000057220459,3.940000057220459,3400,0.0,0.0
2024-01-26 00:00:00-05:00,3.9200000762939453,3.9200000762939453,3.859999895095825,3.9100000858306885,5800,0.0,0.0
2024-01-29 00:00:00-05:00,3.880000114440918,3.9100000858306885,3.880000114440918,3.880000114440918,22700,0.0,0.0
2024-01-30 00:00:00-05:00,3.9200000762939453,3.930000066757202,3.9000000953674316,3.9200000762939453,2600,0.0,0.0
2024-01-31 00:00:00-05:00,4.25,4.25,4.050000190734863,4.050000190734863,85700,0.0,0.0
2024-02-01 00:00:00-05:00,4.079999923706055,4.199999809265137,4.050000190734863,4.139999866485596,31000,0.0,0.0
2024-02-02 00:00:00-05:00,4.119999885559082,4.170000076293945,4.099999904632568,4.150000095367432,14500,0.0,0.0
2024-02-05 00:00:00-05:00,4.150000095367432,4.150000095367432,4.099999904632568,4.119999885559082,1900,0.0,0.0
2024-02-06 00:00:00-05:00,4.099999904632568,4.099999904632568,4.090000152587891,4.090000152587891,3700,0.0,0.0
2024-02-07 00:00:00-05:00,4.099999904632568,4.110000133514404,4.059999942779541,4.099999904632568,7400,0.0,0.0
2024-02-08 00:00:00-05:00,4.110000133514404,4.150000095367432,4.099999904632568,4.099999904632568,14800,0.0,0.0
2024-02-09 00:00:00-05:00,4.079999923706055,4.079999923706055,3.9700000286102295,3.9700000286102295,32600,0.0,0.0
2024-02-12 00:00:00-05:00,4.0,4.010000228881836,3.9800000190734863,3.9800000190734863,102700,0.0,0.0
2024-02-13 00:00:00-05:00,3.950000047683716,3.990000009536743,3.8499999046325684,3.990000009536743,14900,0.0,0.0
2024-02-14 00:00:00-05:00,3.990000009536743,4.0,3.7699999809265137,3.890000104904175,76400,0.0,0.0
2024-02-15 00:00:00-05:00,4.0,4.099999904632568,3.930000066757202,3.950000047683716,77400,0.0,0.0
2024-02-16 00:00:00-05:00,3.880000114440918,3.880000114440918,3.8499999046325684,3.8499999046325684,400,0.0,0.0
2024-02-20 00:00:00-05:00,3.890000104904175,3.890000104904175,3.7799999713897705,3.8399999141693115,13400,0.0,0.0
2024-02-21 00:00:00-05:00,3.819999933242798,3.819999933242798,3.6700000762939453,3.6700000762939453,105300,0.0,0.0
2024-02-22 00:00:00-05:00,3.690000057220459,3.7799999713897705,3.690000057220459,3.7799999713897705,29600,0.0,0.0
2024-02-23 00:00:00-05:00,3.869999885559082,3.869999885559082,3.7200000286102295,3.75,38600,0.0,0.0
2024-02-26 00:00:00-05:00,3.740000009536743,3.7799999713897705,3.740000009536743,3.7699999809265137,29400,0.0,0.0
2024-02-27 00:00:00-05:00,4.03000020980835,4.03000020980835,3.7799999713897705,3.799999952316284,39200,0.0,0.0
2024-02-28 00:00:00-05:00,3.759999990463257,3.8499999046325684,3.680000066757202,3.700000047683716,25300,0.0,0.0
2024-02-29 00:00:00-05:00,3.7899999618530273,3.9000000953674316,3.7899999618530273,3.8399999141693115,15900,0.0,0.0
2024-03-01 00:00:00-05:00,3.869999885559082,3.930000066757202,3.809999942779541,3.9100000858306885,53300,0.0,0.0
2024-03-04 00:00:00-05:00,3.9200000762939453,4.170000076293945,3.9200000762939453,4.119999885559082,148900,0.0,0.0
2024-03-05 00:00:00-05:00,4.179999828338623,4.340000152587891,4.179999828338623,4.340000152587891,74900,0.0,0.0
2024-03-06 00:00:00-05:00,4.409999847412109,4.670000076293945,4.130000114440918,4.139999866485596,172500,0.0,0.0
2024-03-07 00:00:00-05:00,4.210000038146973,4.480000019073486,4.210000038146973,4.300000190734863,277300,0.0,0.0
2024-03-08 00:00:00-05:00,4.340000152587891,4.349999904632568,4.25,4.28000020980835,38000,0.0,0.0
2024-03-11 00:00:00-04:00,4.260000228881836,4.400000095367432,4.25,4.25,89200,0.0,0.0
2024-03-12 00:00:00-04:00,4.230000019073486,4.230000019073486,4.150000095367432,4.150000095367432,12000,0.0,0.0
2024-03-13 00:00:00-04:00,4.199999809265137,4.28000020980835,4.150000095367432,4.25,41100,0.0,0.0
2024-03-14 00:00:00-04:00,4.230000019073486,4.230000019073486,4.099999904632568,4.099999904632568,32500,0.0,0.0
2024-03-15 00:00:00-04:00,4.099999904632568,4.199999809265137,4.079999923706055,4.099999904632568,25300,0.0,0.0
2024-03-18 00:00:00-04:00,4.150000095367432,4.150000095367432,4.059999942779541,4.130000114440918,29300,0.0,0.0
2024-03-19 00:00:00-04:00,4.110000133514404,4.110000133514404,3.9600000381469727,3.990000009536743,62100,0.0,0.0
2024-03-20 00:00:00-04:00,3.950000047683716,4.010000228881836,3.9000000953674316,3.990000009536743,45700,0.0,0.0
2024-03-21 00:00:00-04:00,4.0,4.0,3.869999885559082,3.9000000953674316,31500,0.0,0.0
2024-03-22 00:00:00-04:00,3.930000066757202,3.930000066757202,3.8499999046325684,3.890000104904175,10500,0.0,0.0
2024-03-25 00:00:00-04:00,3.8399999141693115,3.950000047683716,3.8399999141693115,3.9200000762939453,18000,0.0,0.0
2024-03-26 00:00:00-04:00,3.890000104904175,3.9600000381469727,3.880000114440918,3.9100000858306885,12600,0.0,0.0
2024-03-27 00:00:00-04:00,3.890000104904175,4.0,3.890000104904175,3.9800000190734863,52500,0.0,0.0
2024-03-28 00:00:00-04:00,3.890000104904175,4.039999961853027,3.890000104904175,4.0,84700,0.0,0.0
2024-04-01 00:00:00-04:00,4.099999904632568,4.210000038146973,4.070000171661377,4.085000038146973,13800,0.0,0.0
2024-04-02 00:00:00-04:00,4.099999904632568,4.360000133514404,4.099999904632568,4.309999942779541,72700,0.0,0.0
2024-04-03 00:00:00-04:00,4.349999904632568,4.579999923706055,4.349999904632568,4.570000171661377,276700,0.0,0.0
2024-04-04 00:00:00-04:00,4.539999961853027,4.699999809265137,4.539999961853027,4.639999866485596,40100,0.0,0.0
2024-04-05 00:00:00-04:00,4.670000076293945,4.849999904632568,4.659999847412109,4.789999961853027,54800,0.0,0.0
2024-04-08 00:00:00-04:00,4.690000057220459,4.849999904632568,4.679999828338623,4.820000171661377,30800,0.0,0.0
2024-04-09 00:00:00-04:00,4.820000171661377,4.820000171661377,4.730000019073486,4.789999961853027,8900,0.0,0.0
2024-04-10 00:00:00-04:00,4.690000057220459,4.889999866485596,4.679999828338623,4.849999904632568,112800,0.0,0.0
2024-04-11 00:00:00-04:00,4.920000076293945,5.070000171661377,4.75,5.03000020980835,106000,0.0,0.0
2024-04-12 00:00:00-04:00,5.079999923706055,5.090000152587891,4.769999980926514,4.789999961853027,46400,0.0,0.0
2024-04-15 00:00:00-04:00,4.800000190734863,4.800000190734863,4.650000095367432,4.650000095367432,21900,0.0,0.0
2024-04-16 00:00:00-04:00,4.699999809265137,4.699999809265137,4.420000076293945,4.489999771118164,41400,0.0,0.0
2024-04-17 00:00:00-04:00,4.460000038146973,4.5,4.409999847412109,4.460000038146973,27000,0.0,0.0
2024-04-18 00:00:00-04:00,4.440000057220459,4.539999961853027,4.420000076293945,4.429999828338623,374700,0.0,0.0
2024-04-19 00:00:00-04:00,4.440000057220459,4.440000057220459,4.369999885559082,4.389999866485596,26400,0.0,0.0
2024-04-22 00:00:00-04:00,4.349999904632568,4.380000114440918,4.260000228881836,4.380000114440918,25000,0.0,0.0
2024-04-23 00:00:00-04:00,4.409999847412109,4.409999847412109,4.230000019073486,4.309999942779541,55300,0.0,0.0
2024-04-24 00:00:00-04:00,4.329999923706055,4.429999828338623,4.119999885559082,4.389999866485596,333300,0.0,0.0
2024-04-25 00:00:00-04:00,4.489999771118164,4.489999771118164,4.369999885559082,4.449999809265137,32500,0.0,0.0
2024-04-26 00:00:00-04:00,4.440000057220459,4.510000228881836,4.420000076293945,4.449999809265137,25100,0.0,0.0
2024-04-29 00:00:00-04:00,4.449999809265137,4.510000228881836,4.360000133514404,4.369999885559082,16100,0.0,0.0
2024-04-30 00:00:00-04:00,4.210000038146973,4.25,4.150000095367432,4.150000095367432,27500,0.0,0.0
2024-05-01 00:00:00-04:00,4.210000038146973,4.300000190734863,4.199999809265137,4.300000190734863,30100,0.0,0.0
2024-05-02 00:00:00-04:00,4.199999809265137,4.360000133514404,4.119999885559082,4.119999885559082,14400,0.0,0.0
2024-05-03 00:00:00-04:00,4.190000057220459,4.190000057220459,4.050000190734863,4.070000171661377,31900,0.0,0.0
2024-05-06 00:00:00-04:00,4.050000190734863,4.159999847412109,4.050000190734863,4.159999847412109,32900,0.0,0.0
2024-05-07 00:00:00-04:00,4.139999866485596,4.139999866485596,4.079999923706055,4.079999923706055,27300,0.0,0.0
2024-05-08 00:00:00-04:00,4.119999885559082,4.139999866485596,4.099999904632568,4.099999904632568,29800,0.0,0.0
2024-05-09 00:00:00-04:00,4.110000133514404,4.130000114440918,4.079999923706055,4.110000133514404,27700,0.0,0.0
2024-05-10 00:00:00-04:00,4.119999885559082,4.239999771118164,4.119999885559082,4.21999979019165,18800,0.0,0.0
2024-05-13 00:00:00-04:00,4.25,4.25,4.079999923706055,4.099999904632568,25900,0.0,0.0
2024-05-14 00:00:00-04:00,4.139999866485596,4.139999866485596,4.059999942779541,4.074999809265137,36300,0.0,0.0
2024-05-15 00:00:00-04:00,4.130000114440918,4.199999809265137,4.119999885559082,4.139999866485596,10900,0.0,0.0
2024-05-16 00:00:00-04:00,4.099999904632568,4.099999904632568,4.03000020980835,4.070000171661377,28200,0.0,0.0
2024-05-17 00:00:00-04:00,4.079999923706055,4.25,4.079999923706055,4.239999771118164,41800,0.0,0.0
2024-05-21 00:00:00-04:00,4.349999904632568,4.409999847412109,4.25,4.260000228881836,23200,0.0,0.0
2024-05-22 00:00:00-04:00,4.179999828338623,4.230000019073486,4.110000133514404,4.110000133514404,13200,0.0,0.0
2024-05-23 00:00:00-04:00,4.099999904632568,4.139999866485596,4.010000228881836,4.039999961853027,56000,0.0,0.0
2024-05-24 00:00:00-04:00,4.059999942779541,4.070000171661377,4.019999980926514,4.059999942779541,19800,0.0,0.0
2024-05-27 00:00:00-04:00,4.28000020980835,4.28000020980835,4.090000152587891,4.170000076293945,12400,0.0,0.0
2024-05-28 00:00:00-04:00,4.230000019073486,4.46999979019165,4.170000076293945,4.380000114440918,85900,0.0,0.0
2024-05-29 00:00:00-04:00,4.369999885559082,4.369999885559082,4.289999961853027,4.340000152587891,34000,0.0,0.0
2024-05-30 00:00:00-04:00,4.349999904632568,4.400000095367432,4.179999828338623,4.239999771118164,106200,0.0,0.0
2024-05-31 00:00:00-04:00,4.21999979019165,4.239999771118164,4.059999942779541,4.059999942779541,22600,0.0,0.0
2024-06-03 00:00:00-04:00,4.079999923706055,4.190000057220459,4.03000020980835,4.119999885559082,25900,0.0,0.0
2024-06-04 00:00:00-04:00,4.170000076293945,4.170000076293945,3.990000009536743,3.990000009536743,68900,0.0,0.0
2024-06-05 00:00:00-04:00,4.079999923706055,4.079999923706055,3.994999885559082,3.994999885559082,29000,0.0,0.0
2024-06-06 00:00:00-04:00,4.019999980926514,4.130000114440918,4.019999980926514,4.130000114440918,16400,0.0,0.0
2024-06-07 00:00:00-04:00,4.070000171661377,4.070000171661377,3.859999895095825,3.9000000953674316,65800,0.0,0.0
2024-06-10 00:00:00-04:00,3.9000000953674316,3.9700000286102295,3.819999933242798,3.9000000953674316,29700,0.0,0.0
2024-06-11 00:00:00-04:00,3.890000104904175,3.890000104904175,3.75,3.759999990463257,43100,0.0,0.0
2024-06-12 00:00:00-04:00,3.799999952316284,3.859999895095825,3.799999952316284,3.799999952316284,29700,0.0,0.0
2024-06-13 00:00:00-04:00,3.7899999618530273,3.799999952316284,3.630000114440918,3.6600000858306885,15900,0.0,0.0
2024-06-14 00:00:00-04:00,3.7100000381469727,3.7100000381469727,3.5299999713897705,3.549999952316284,50300,0.0,0.0
2024-06-17 00:00:00-04:00,3.6600000858306885,3.6600000858306885,3.440000057220459,3.4800000190734863,28100,0.0,0.0
2024-06-18 00:00:00-04:00,3.4700000286102295,3.5899999141693115,3.4700000286102295,3.559999942779541,31100,0.0,0.0
2024-06-19 00:00:00-04:00,3.569999933242798,3.5999999046325684,3.549999952316284,3.549999952316284,19200,0.0,0.0
2024-06-20 00:00:00-04:00,3.559999942779541,3.559999942779541,3.450000047683716,3.490000009536743,49600,0.0,0.0
2024-06-21 00:00:00-04:00,3.5,3.5,3.3399999141693115,3.359999895095825,40500,0.0,0.0
2024-06-24 00:00:00-04:00,3.359999895095825,3.4100000858306885,3.2699999809265137,3.2799999713897705,8100,0.0,0.0
2024-06-25 00:00:00-04:00,3.200000047683716,3.2100000381469727,3.109999895095825,3.109999895095825,40200,0.0,0.0
2024-06-26 00:00:00-04:00,3.109999895095825,3.140000104904175,3.0199999809265137,3.049999952316284,12800,0.0,0.0
2024-06-27 00:00:00-04:00,3.109999895095825,3.190000057220459,3.0199999809265137,3.190000057220459,108800,0.0,0.0
2024-06-28 00:00:00-04:00,3.0899999141693115,3.180000066757202,3.0899999141693115,3.180000066757202,19700,0.0,0.0
2024-07-02 00:00:00-04:00,3.25,3.2799999713897705,3.140000104904175,3.180000066757202,29800,0.0,0.0
2024-07-03 00:00:00-04:00,3.200000047683716,3.359999895095825,3.200000047683716,3.3399999141693115,133300,0.0,0.0
2024-07-04 00:00:00-04:00,3.140000104904175,3.309999942779541,3.140000104904175,3.259999990463257,43900,0.0,0.0
2024-07-05 00:00:00-04:00,3.299999952316284,3.359999895095825,3.299999952316284,3.299999952316284,8500,0.0,0.0
2024-07-08 00:00:00-04:00,3.3299999237060547,3.3299999237060547,3.259999990463257,3.2799999713897705,27700,0.0,0.0
2024-07-09 00:00:00-04:00,3.259999990463257,3.2699999809265137,3.2100000381469727,3.25,20500,0.0,0.0
2024-07-10 00:00:00-04:00,3.25,3.2799999713897705,3.2200000286102295,3.2300000190734863,22400,0.0,0.0
2024-07-11 00:00:00-04:00,3.2799999713897705,3.299999952316284,3.1500000953674316,3.259999990463257,86800,0.0,0.0
2024-07-12 00:00:00-04:00,3.240000009536743,3.509999990463257,3.180000066757202,3.5,1344600,0.0,0.0
2024-07-15 00:00:00-04:00,3.559999942779541,4.039999961853027,3.549999952316284,3.9200000762939453,114900,0.0,0.0
2024-07-16 00:00:00-04:00,4.019999980926514,4.019999980926514,3.859999895095825,3.9000000953674316,54500,0.0,0.0
2024-07-17 00:00:00-04:00,3.9000000953674316,3.940000057220459,3.869999885559082,3.940000057220459,6900,0.0,0.0
2024-07-18 00:00:00-04:00,3.9200000762939453,3.9200000762939453,3.7899999618530273,3.7899999618530273,7800,0.0,0.0
2024-07-19 00:00:00-04:00,3.819999933242798,3.819999933242798,3.740000009536743,3.75,2800,0.0,0.0
2024-07-22 00:00:00-04:00,3.740000009536743,3.819999933242798,3.6600000858306885,3.7799999713897705,3100,0.0,0.0
2024-07-23 00:00:00-04:00,3.8399999141693115,3.8399999141693115,3.7200000286102295,3.799999952316284,14300,0.0,0.0
2024-07-24 00:00:00-04:00,3.740000009536743,3.740000009536743,3.5799999237060547,3.619999885559082,5300,0.0,0.0
2024-07-25 00:00:00-04:00,3.5199999809265137,3.569999933242798,3.5,3.5399999618530273,19700,0.0,0.0
2024-07-26 00:00:00-04:00,3.3399999141693115,3.75,3.3399999141693115,3.630000114440918,8300,0.0,0.0
2024-07-29 00:00:00-04:00,3.619999885559082,3.8299999237060547,3.619999885559082,3.7899999618530273,52700,0.0,0.0
2024-07-30 00:00:00-04:00,3.7699999809265137,3.7699999809265137,3.569999933242798,3.640000104904175,27300,0.0,0.0
2024-07-31 00:00:00-04:00,3.7200000286102295,3.8399999141693115,3.690000057220459,3.8299999237060547,38100,0.0,0.0
2024-08-01 00:00:00-04:00,3.8299999237060547,3.940000057220459,3.759999990463257,3.809999942779541,94400,0.0,0.0
2024-08-02 00:00:00-04:00,3.809999942779541,3.8499999046325684,3.630000114440918,3.740000009536743,80100,0.0,0.0
2024-08-06 00:00:00-04:00,3.6700000762939453,3.7200000286102295,3.5,3.5999999046325684,13300,0.0,0.0
2024-08-07 00:00:00-04:00,3.6600000858306885,3.75,3.5899999141693115,3.5899999141693115,13500,0.0,0.0
2024-08-08 00:00:00-04:00,3.6500000953674316,3.6700000762939453,3.509999990463257,3.6600000858306885,9400,0.0,0.0
2024-08-09 00:00:00-04:00,3.630000114440918,3.640000104904175,3.5799999237060547,3.640000104904175,17700,0.0,0.0
2024-08-12 00:00:00-04:00,3.5199999809265137,3.930000066757202,3.509999990463257,3.9100000858306885,28800,0.0,0.0
2024-08-13 00:00:00-04:00,3.950000047683716,4.159999847412109,3.9100000858306885,4.150000095367432,53500,0.0,0.0
2024-08-14 00:00:00-04:00,4.190000057220459,4.190000057220459,4.110000133514404,4.130000114440918,15500,0.0,0.0
2024-08-15 00:00:00-04:00,4.079999923706055,4.269999980926514,4.059999942779541,4.25,38500,0.0,0.0
2024-08-16 00:00:00-04:00,4.269999980926514,4.349999904632568,4.21999979019165,4.289999961853027,65800,0.0,0.0
2024-08-19 00:00:00-04:00,4.289999961853027,4.5,4.239999771118164,4.480000019073486,28800,0.0,0.0
2024-08-20 00:00:00-04:00,4.5,4.550000190734863,4.329999923706055,4.400000095367432,29500,0.0,0.0
2024-08-21 00:00:00-04:00,4.380000114440918,4.380000114440918,4.239999771118164,4.320000171661377,41200,0.0,0.0
2024-08-22 00:00:00-04:00,4.150000095367432,4.210000038146973,4.119999885559082,4.170000076293945,5500,0.0,0.0
2024-08-23 00:00:00-04:00,4.199999809265137,4.449999809265137,4.199999809265137,4.420000076293945,61700,0.0,0.0
2024-08-26 00:00:00-04:00,4.449999809265137,4.449999809265137,4.369999885559082,4.400000095367432,23900,0.0,0.0
2024-08-27 00:00:00-04:00,4.400000095367432,4.460000038146973,4.400000095367432,4.460000038146973,15000,0.0,0.0
2024-08-28 00:00:00-04:00,4.400000095367432,4.400000095367432,4.340000152587891,4.380000114440918,7700,0.0,0.0
2024-08-29 00:00:00-04:00,4.300000190734863,4.650000095367432,4.300000190734863,4.53000020980835,44700,0.0,0.0
2024-08-30 00:00:00-04:00,4.25,4.5,4.25,4.489999771118164,16900,0.0,0.0
2024-09-03 00:00:00-04:00,4.400000095367432,4.400000095367432,4.25,4.320000171661377,9700,0.0,0.0
2024-09-04 00:00:00-04:00,4.400000095367432,4.400000095367432,4.300000190734863,4.309999942779541,5500,0.0,0.0
2024-09-05 00:00:00-04:00,4.409999847412109,4.5,4.400000095367432,4.440000057220459,28000,0.0,0.0
2024-09-06 00:00:00-04:00,4.389999866485596,4.409999847412109,4.369999885559082,4.380000114440918,5200,0.0,0.0
2024-09-09 00:00:00-04:00,4.400000095367432,4.400000095367432,4.210000038146973,4.239999771118164,21300,0.0,0.0
2024-09-10 00:00:00-04:00,4.230000019073486,4.289999961853027,4.21999979019165,4.28000020980835,11400,0.0,0.0
2024-09-11 00:00:00-04:00,4.239999771118164,4.389999866485596,4.239999771118164,4.380000114440918,20000,0.0,0.0
2024-09-12 00:00:00-04:00,4.420000076293945,4.559999942779541,4.420000076293945,4.559999942779541,24700,0.0,0.0
2024-09-13 00:00:00-04:00,4.610000133514404,4.760000228881836,4.610000133514404,4.71999979019165,50200,0.0,0.0
2024-09-16 00:00:00-04:00,4.71999979019165,4.900000095367432,4.710000038146973,4.75,76400,0.0,0.0
2024-09-17 00:00:00-04:00,4.730000019073486,4.769999980926514,4.619999885559082,4.619999885559082,12900,0.0,0.0
2024-09-18 00:00:00-04:00,4.630000114440918,4.710000038146973,4.599999904632568,4.670000076293945,15700,0.0,0.0
2024-09-19 00:00:00-04:00,4.710000038146973,4.78000020980835,4.630000114440918,4.630000114440918,20200,0.0,0.0
2024-09-20 00:00:00-04:00,4.639999866485596,4.75,4.579999923706055,4.590000152587891,15300,0.0,0.0
2024-09-23 00:00:00-04:00,4.739999771118164,4.739999771118164,4.550000190734863,4.559999942779541,4100,0.0,0.0
2024-09-24 00:00:00-04:00,4.639999866485596,4.739999771118164,4.559999942779541,4.690000057220459,57800,0.0,0.0
2024-09-25 00:00:00-04:00,4.889999866485596,4.889999866485596,4.53000020980835,4.53000020980835,5700,0.0,0.0
2024-09-26 00:00:00-04:00,4.679999828338623,4.679999828338623,4.429999828338623,4.489999771118164,9300,0.0,0.0
2024-09-27 00:00:00-04:00,4.550000190734863,4.550000190734863,4.380000114440918,4.380000114440918,10400,0.0,0.0
2024-09-30 00:00:00-04:00,4.340000152587891,4.360000133514404,4.239999771118164,4.340000152587891,64600,0.0,0.0
2024-10-01 00:00:00-04:00,4.349999904632568,4.539999961853027,4.349999904632568,4.46999979019165,33700,0.0,0.0
2024-10-02 00:00:00-04:00,4.449999809265137,4.539999961853027,4.420000076293945,4.449999809265137,12200,0.0,0.0
2024-10-03 00:00:00-04:00,4.449999809265137,4.460000038146973,4.340000152587891,4.409999847412109,10100,0.0,0.0
2024-10-04 00:00:00-04:00,4.389999866485596,4.389999866485596,4.25,4.300000190734863,9100,0.0,0.0
2024-10-07 00:00:00-04:00,4.360000133514404,4.380000114440918,4.320000171661377,4.380000114440918,10500,0.0,0.0
2024-10-08 00:00:00-04:00,4.269999980926514,4.53000020980835,4.269999980926514,4.380000114440918,27000,0.0,0.0
2024-10-09 00:00:00-04:00,4.360000133514404,4.5,4.300000190734863,4.429999828338623,24900,0.0,0.0
2024-10-10 00:00:00-04:00,4.480000019073486,4.5,4.440000057220459,4.5,8400,0.0,0.0
2024-10-11 00:00:00-04:00,4.489999771118164,4.5,4.389999866485596,4.400000095367432,22700,0.0,0.0
2024-10-15 00:00:00-04:00,4.409999847412109,4.489999771118164,4.349999904632568,4.480000019073486,23500,0.0,0.0
2024-10-16 00:00:00-04:00,4.489999771118164,4.639999866485596,4.440000057220459,4.570000171661377,72500,0.0,0.0
2024-10-17 00:00:00-04:00,4.579999923706055,4.630000114440918,4.460000038146973,4.53000020980835,91900,0.0,0.0
2024-10-18 00:00:00-04:00,4.570000171661377,4.800000190734863,4.570000171661377,4.760000228881836,56500,0.0,0.0
2024-10-21 00:00:00-04:00,4.889999866485596,4.980000019073486,4.769999980926514,4.980000019073486,25100,0.0,0.0
2024-10-22 00:00:00-04:00,4.96999979019165,5.050000190734863,4.800000190734863,5.050000190734863,70100,0.0,0.0
2024-10-23 00:00:00-04:00,5.099999904632568,5.409999847412109,5.090000152587891,5.239999771118164,138800,0.0,0.0
2024-10-24 00:00:00-04:00,5.369999885559082,5.5,5.119999885559082,5.389999866485596,205000,0.0,0.0
2024-10-25 00:00:00-04:00,5.059999942779541,5.119999885559082,5.0,5.090000152587891,398200,0.0,0.0
2024-10-28 00:00:00-04:00,5.0,5.099999904632568,5.0,5.025000095367432,41800,0.0,0.0
2024-10-29 00:00:00-04:00,4.96999979019165,5.230000019073486,4.96999979019165,5.070000171661377,101400,0.0,0.0
2024-10-30 00:00:00-04:00,5.090000152587891,5.150000095367432,5.079999923706055,5.119999885559082,39900,0.0,0.0
2024-10-31 00:00:00-04:00,5.150000095367432,5.150000095367432,4.900000095367432,5.110000133514404,192900,0.0,0.0
2024-11-01 00:00:00-04:00,5.150000095367432,5.300000190734863,5.139999866485596,5.289999961853027,94000,0.0,0.0
2024-11-04 00:00:00-05:00,5.320000171661377,5.320000171661377,5.199999809265137,5.199999809265137,35600,0.0,0.0
2024-11-05 00:00:00-05:00,5.239999771118164,5.239999771118164,5.210000038146973,5.21999979019165,1500,0.0,0.0
2024-11-06 00:00:00-05:00,5.170000076293945,5.239999771118164,5.059999942779541,5.199999809265137,36600,0.0,0.0
2024-11-07 00:00:00-05:00,5.199999809265137,5.360000133514404,5.199999809265137,5.28000020980835,62300,0.0,0.0
2024-11-08 00:00:00-05:00,5.300000190734863,5.300000190734863,5.170000076293945,5.199999809265137,68900,0.0,0.0
2024-11-11 00:00:00-05:00,5.039999961853027,5.289999961853027,5.0,5.199999809265137,69100,0.0,0.0
2024-11-12 00:00:00-05:00,5.190000057220459,5.289999961853027,4.960000038146973,5.0,83400,0.0,0.0
2024-11-13 00:00:00-05:00,5.019999980926514,5.019999980926514,4.800000190734863,4.889999866485596,41800,0.0,0.0
2024-11-14 00:00:00-05:00,4.849999904632568,4.96999979019165,4.849999904632568,4.909999847412109,39800,0.0,0.0
2024-11-15 00:00:00-05:00,4.989999771118164,5.099999904632568,4.809999942779541,4.889999866485596,124600,0.0,0.0
2024-11-18 00:00:00-05:00,5.010000228881836,5.119999885559082,4.889999866485596,4.909999847412109,25200,0.0,0.0
2024-11-19 00:00:00-05:00,4.809999942779541,5.0,4.809999942779541,4.849999904632568,97100,0.0,0.0
2024-11-20 00:00:00-05:00,4.849999904632568,4.880000114440918,4.789999961853027,4.849999904632568,15400,0.0,0.0
2024-11-21 00:00:00-05:00,4.900000095367432,4.925000190734863,4.769999980926514,4.769999980926514,69400,0.0,0.0
2024-11-22 00:00:00-05:00,4.789999961853027,4.849999904632568,4.789999961853027,4.840000152587891,14000,0.0,0.0
2024-11-25 00:00:00-05:00,4.71999979019165,4.760000228881836,4.659999847412109,4.730000019073486,14000,0.0,0.0
2024-11-26 00:00:00-05:00,4.730000019073486,5.010000228881836,4.71999979019165,4.980000019073486,70600,0.0,0.0
2024-11-27 00:00:00-05:00,4.989999771118164,5.119999885559082,4.920000076293945,4.940000057220459,32800,0.0,0.0
2024-11-28 00:00:00-05:00,5.010000228881836,5.019999980926514,4.880000114440918,5.0,14100,0.0,0.0
2024-11-29 00:00:00-05:00,5.039999961853027,5.059999942779541,4.909999847412109,4.949999809265137,22000,0.0,0.0
2024-12-02 00:00:00-05:00,4.960000038146973,4.980000019073486,4.909999847412109,4.949999809265137,14300,0.0,0.0
2024-12-03 00:00:00-05:00,4.940000057220459,5.099999904632568,4.940000057220459,5.019999980926514,36100,0.0,0.0
2024-12-04 00:00:00-05:00,5.099999904632568,5.139999866485596,5.010000228881836,5.099999904632568,91900,0.0,0.0
2024-12-05 00:00:00-05:00,5.150000095367432,5.150000095367432,4.889999866485596,5.0,55200,0.0,0.0
2024-12-06 00:00:00-05:00,5.0,5.050000190734863,4.849999904632568,4.869999885559082,47900,0.0,0.0
2024-12-09 00:00:00-05:00,4.880000114440918,5.050000190734863,4.840000152587891,4.909999847412109,111900,0.0,0.0
2024-12-10 00:00:00-05:00,4.940000057220459,5.090000152587891,4.940000057220459,5.03000020980835,640800,0.0,0.0
2024-12-11 00:00:00-05:00,5.099999904632568,5.389999866485596,5.050000190734863,5.360000133514404,88800,0.0,0.0
2024-12-12 00:00:00-05:00,5.329999923706055,5.420000076293945,5.170000076293945,5.420000076293945,61800,0.0,0.0
2024-12-13 00:00:00-05:00,5.360000133514404,5.449999809265137,5.300000190734863,5.420000076293945,88200,0.0,0.0
2024-12-16 00:00:00-05:00,5.420000076293945,5.449999809265137,5.369999885559082,5.400000095367432,48700,0.0,0.0
2024-12-17 00:00:00-05:00,5.480000019073486,5.860000133514404,5.46999979019165,5.71999979019165,267500,0.0,0.0
2024-12-18 00:00:00-05:00,5.800000190734863,5.800000190734863,5.449999809265137,5.559999942779541,102300,0.0,0.0
2024-12-19 00:00:00-05:00,5.730000019073486,5.730000019073486,5.519999980926514,5.639999866485596,76000,0.0,0.0
2024-12-20 00:00:00-05:00,5.639999866485596,5.960000038146973,5.639999866485596,5.940000057220459,42100,0.0,0.0
2024-12-23 00:00:00-05:00,5.940000057220459,6.0,5.900000095367432,5.960000038146973,30700,0.0,0.0
2024-12-24 00:00:00-05:00,5.96999979019165,5.96999979019165,5.900000095367432,5.96999979019165,12300,0.0,0.0
2024-12-27 00:00:00-05:00,5.960000038146973,6.099999904632568,5.889999866485596,5.909999847412109,69000,0.0,0.0
2024-12-30 00:00:00-05:00,5.869999885559082,5.929999828338623,5.789999961853027,5.849999904632568,10400,0.0,0.0
2024-12-31 00:00:00-05:00,5.840000152587891,5.980000019073486,5.840000152587891,5.96999979019165,4100,0.0,0.0
2025-01-02 00:00:00-05:00,5.980000019073486,6.159999847412109,5.96999979019165,6.090000152587891,45100,0.0,0.0
2025-01-03 00:00:00-05:00,6.099999904632568,6.15500020980835,6.0,6.119999885559082,23400,0.0,0.0
2025-01-06 00:00:00-05:00,6.179999828338623,6.260000228881836,6.070000171661377,6.139999866485596,18300,0.0,0.0
2025-01-07 00:00:00-05:00,6.260000228881836,6.449999809265137,6.210000038146973,6.380000114440918,30900,0.0,0.0
2025-01-08 00:00:00-05:00,6.380000114440918,6.420000076293945,6.300000190734863,6.360000133514404,17600,0.0,0.0
2025-01-09 00:00:00-05:00,6.440000057220459,6.5,6.349999904632568,6.360000133514404,57500,0.0,0.0
2025-01-10 00:00:00-05:00,6.389999866485596,6.449999809265137,6.340000152587891,6.420000076293945,45000,0.0,0.0
2025-01-13 00:00:00-05:00,6.309999942779541,6.440000057220459,6.309999942779541,6.360000133514404,29200,0.0,0.0
2025-01-14 00:00:00-05:00,6.329999923706055,6.420000076293945,6.300000190734863,6.340000152587891,44800,0.0,0.0
2025-01-15 00:00:00-05:00,6.349999904632568,6.440000057220459,6.289999961853027,6.360000133514404,27800,0.0,0.0
2025-01-16 00:00:00-05:00,6.5,6.78000020980835,6.449999809265137,6.53000020980835,117900,0.0,0.0
2025-01-17 00:00:00-05:00,6.570000171661377,6.630000114440918,6.5,6.550000190734863,32000,0.0,0.0
2025-01-20 00:00:00-05:00,6.579999923706055,6.75,6.550000190734863,6.75,73700,0.0,0.0
2025-01-21 00:00:00-05:00,6.650000095367432,6.980000019073486,6.650000095367432,6.929999828338623,136500,0.0,0.0
2025-01-22 00:00:00-05:00,6.960000038146973,6.980000019073486,6.730000019073486,6.869999885559082,56400,0.0,0.0
2025-01-23 00:00:00-05:00,6.800000190734863,7.130000114440918,6.710000038146973,7.059999942779541,164500,0.0,0.0
2025-01-24 00:00:00-05:00,7.139999866485596,7.369999885559082,7.070000171661377,7.309999942779541,233700,0.0,0.0
2025-01-27 00:00:00-05:00,7.179999828338623,7.329999923706055,7.070000171661377,7.179999828338623,118900,0.0,0.0
2025-01-28 00:00:00-05:00,7.190000057220459,7.190000057220459,7.119999885559082,7.179999828338623,19500,0.0,0.0
2025-01-29 00:00:00-05:00,7.25,7.25,7.179999828338623,7.239999771118164,29600,0.0,0.0
2025-01-30 00:00:00-05:00,7.289999961853027,7.489999771118164,7.289999961853027,7.380000114440918,82700,0.0,0.0
2025-01-31 00:00:00-05:00,7.489999771118164,7.710000038146973,7.420000076293945,7.650000095367432,442500,0.0,0.0
2025-02-03 00:00:00-05:00,7.710000038146973,7.739999771118164,7.429999828338623,7.619999885559082,319300,0.0,0.0
2025-02-04 00:00:00-05:00,7.619999885559082,7.820000171661377,7.599999904632568,7.760000228881836,294500,0.0,0.0
2025-02-05 00:00:00-05:00,7.940000057220459,8.199999809265137,7.889999866485596,8.100000381469727,187500,0.0,0.0
2025-02-06 00:00:00-05:00,8.180000305175781,8.25,7.900000095367432,8.039999961853027,90500,0.0,0.0
2025-02-07 00:00:00-05:00,8.079999923706055,8.34000015258789,8.079999923706055,8.319999694824219,59900,0.0,0.0
2025-02-10 00:00:00-05:00,8.390000343322754,8.65999984741211,8.390000343322754,8.609999656677246,245900,0.0,0.0
2025-02-11 00:00:00-05:00,8.5600004196167,8.90999984741211,8.550000190734863,8.869999885559082,215000,0.0,0.0
2025-02-12 00:00:00-05:00,8.729999542236328,8.800000190734863,8.260000228881836,8.5600004196167,142900,0.0,0.0
2025-02-13 00:00:00-05:00,8.550000190734863,8.75,8.4399995803833,8.720000267028809,63200,0.0,0.0
2025-02-14 00:00:00-05:00,8.729999542236328,8.989999771118164,8.239999771118164,8.399999618530273,68500,0.0,0.0
2025-02-18 00:00:00-05:00,8.5,8.640000343322754,8.390000343322754,8.5600004196167,53500,0.0,0.0
2025-02-19 00:00:00-05:00,8.489999771118164,8.729999542236328,8.359999656677246,8.699999809265137,85800,0.0,0.0
2025-02-20 00:00:00-05:00,8.680000305175781,8.75,8.529999732971191,8.569999694824219,89800,0.0,0.0
2025-02-21 00:00:00-05:00,8.550000190734863,8.65999984741211,8.34000015258789,8.59000015258789,67400,0.0,0.0
2025-02-24 00:00:00-05:00,8.609999656677246,8.6899995803833,8.5,8.5600004196167,45400,0.0,0.0
2025-02-25 00:00:00-05:00,8.899999618530273,9.25,8.579999923706055,9.25,341400,0.0,0.0
2025-02-26 00:00:00-05:00,9.300000190734863,9.670000076293945,8.84000015258789,9.270000457763672,133900,0.0,0.0
2025-02-27 00:00:00-05:00,9.289999961853027,9.289999961853027,8.800000190734863,8.960000038146973,53900,0.0,0.0
2025-02-28 00:00:00-05:00,8.899999618530273,9.010000228881836,8.600000381469727,8.829999923706055,59200,0.0,0.0
2025-03-03 00:00:00-05:00,8.869999885559082,8.949999809265137,8.600000381469727,8.6899995803833,72300,0.0,0.0
2025-03-04 00:00:00-05:00,8.600000381469727,8.850000381469727,8.4399995803833,8.789999961853027,67100,0.0,0.0
2025-03-05 00:00:00-05:00,8.800000190734863,9.329999923706055,8.699999809265137,9.229999542236328,358600,0.0,0.0
2025-03-06 00:00:00-05:00,9.149999618530273,9.550000190734863,9.149999618530273,9.350000381469727,54500,0.0,0.0
2025-03-07 00:00:00-05:00,9.4399995803833,9.869999885559082,9.399999618530273,9.569999694824219,47200,0.0,0.0
2025-03-10 00:00:00-04:00,9.40999984741211,9.510000228881836,9.140000343322754,9.390000343322754,74100,0.0,0.0
2025-03-11 00:00:00-04:00,9.369999885559082,9.979999542236328,9.369999885559082,9.890000343322754,94300,0.0,0.0
2025-03-12 00:00:00-04:00,9.979999542236328,10.210000038146973,9.800000190734863,9.920000076293945,114900,0.0,0.0
2025-03-13 00:00:00-04:00,10.100000381469727,11.199999809265137,10.095000267028809,11.15999984741211,430500,0.0,0.0
2025-03-14 00:00:00-04:00,12.0,12.199999809265137,11.130000114440918,12.0600004196167,1055000,0.0,0.0
2025-03-17 00:00:00-04:00,12.15999984741211,12.5,12.119999885559082,12.239999771118164,205100,0.0,0.0
2025-03-18 00:00:00-04:00,12.649999618530273,13.350000381469727,12.649999618530273,13.180000305175781,568200,0.0,0.0
2025-03-19 00:00:00-04:00,13.40999984741211,13.75,12.880000114440918,13.75,199300,0.0,0.0
2025-03-20 00:00:00-04:00,13.75,14.319999694824219,13.699999809265137,14.199999809265137,181300,0.0,0.0
2025-03-21 00:00:00-04:00,13.859999656677246,14.729999542236328,13.5600004196167,14.710000038146973,374100,0.0,0.0
2025-03-24 00:00:00-04:00,14.770000457763672,15.270000457763672,14.420000076293945,14.779999732971191,269500,0.0,0.0
2025-03-25 00:00:00-04:00,14.789999961853027,15.029999732971191,14.069999694824219,14.130000114440918,159100,0.0,0.0
2025-03-26 00:00:00-04:00,13.75,14.220000267028809,12.260000228881836,12.40999984741211,312900,0.0,0.0
2025-03-27 00:00:00-04:00,12.65999984741211,13.0649995803833,12.079999923706055,12.390000343322754,213500,0.0,0.0
2025-03-28 00:00:00-04:00,12.260000228881836,12.930000305175781,12.175000190734863,12.25,193100,0.0,0.0
2025-03-31 00:00:00-04:00,12.489999771118164,12.75,11.90999984741211,12.550000190734863,96800,0.0,0.0
2025-04-01 00:00:00-04:00,12.430000305175781,12.75,12.239999771118164,12.430000305175781,79600,0.0,0.0
2025-04-02 00:00:00-04:00,12.619999885559082,12.970000267028809,12.390000343322754,12.920000076293945,116000,0.0,0.0
2025-04-03 00:00:00-04:00,12.4399995803833,13.869999885559082,12.260000228881836,13.350000381469727,168900,0.0,0.0
2025-04-04 00:00:00-04:00,13.4399995803833,13.4399995803833,11.600000381469727,12.199999809265137,242900,0.0,0.0
2025-04-07 00:00:00-04:00,11.5,12.579999923706055,11.40999984741211,12.020000457763672,176000,0.0,0.0
2025-04-08 00:00:00-04:00,12.3100004196167,12.59000015258789,11.949999809265137,12.25,154500,0.0,0.0
2025-04-09 00:00:00-04:00,12.539999961853027,13.170000076293945,12.289999961853027,13.079999923706055,208400,0.0,0.0
2025-04-10 00:00:00-04:00,13.0600004196167,13.6899995803833,13.0,13.239999771118164,102200,0.0,0.0
2025-04-11 00:00:00-04:00,13.449999809265137,14.630000114440918,13.449999809265137,14.300000190734863,162300,0.0,0.0
2025-04-14 00:00:00-04:00,14.130000114440918,14.579999923706055,13.109999656677246,14.25,202500,0.0,0.0
2025-04-15 00:00:00-04:00,14.300000190734863,15.140000343322754,14.239999771118164,15.09000015258789,154000,0.0,0.0
2025-04-16 00:00:00-04:00,15.510000228881836,16.059999465942383,15.3100004196167,15.460000038146973,122200,0.0,0.0
2025-04-17 00:00:00-04:00,15.640000343322754,15.670000076293945,14.40999984741211,14.579999923706055,185500,0.0,0.0
2025-04-21 00:00:00-04:00,15.199999809265137,15.199999809265137,14.489999771118164,15.029999732971191,133200,0.0,0.0
2025-04-22 00:00:00-04:00,15.109999656677246,15.119999885559082,14.399999618530273,14.449999809265137,178300,0.0,0.0
2025-04-23 00:00:00-04:00,14.25,14.84000015258789,13.899999618530273,14.670000076293945,225000,0.0,0.0
2025-04-24 00:00:00-04:00,14.819999694824219,14.920000076293945,13.770000457763672,14.609999656677246,251500,0.0,0.0
2025-04-25 00:00:00-04:00,14.3100004196167,14.449999809265137,13.600000381469727,13.6899995803833,181800,0.0,0.0
2025-04-28 00:00:00-04:00,13.729999542236328,13.770000457763672,12.90999984741211,13.199999809265137,204100,0.0,0.0
2025-04-29 00:00:00-04:00,13.079999923706055,13.350000381469727,12.729999542236328,13.050000190734863,133100,0.0,0.0
2025-04-30 00:00:00-04:00,12.9399995803833,13.010000228881836,12.350000381469727,12.680000305175781,194800,0.0,0.0
2025-05-01 00:00:00-04:00,12.569999694824219,13.270000457763672,12.539999961853027,13.149999618530273,131400,0.0,0.0
2025-05-02 00:00:00-04:00,13.3100004196167,13.329999923706055,12.899999618530273,13.079999923706055,80600,0.0,0.0
2025-05-05 00:00:00-04:00,13.489999771118164,13.699999809265137,13.100000381469727,13.600000381469727,104700,0.0,0.0
2025-05-06 00:00:00-04:00,13.8100004196167,14.350000381469727,13.800000190734863,14.210000038146973,97800,0.0,0.0
2025-05-07 00:00:00-04:00,14.229999542236328,14.289999961853027,13.550000190734863,13.579999923706055,206600,0.0,0.0
2025-05-08 00:00:00-04:00,13.579999923706055,13.6899995803833,13.279999732971191,13.4399995803833,80200,0.0,0.0
2025-05-09 00:00:00-04:00,13.4399995803833,14.229999542236328,13.4399995803833,14.180000305175781,105600,0.0,0.0
2025-05-12 00:00:00-04:00,13.529999732971191,13.75,13.199999809265137,13.359999656677246,71700,0.0,0.0
2025-05-13 00:00:00-04:00,13.170000076293945,13.350000381469727,12.425000190734863,12.6899995803833,269900,0.0,0.0
2025-05-14 00:00:00-04:00,12.59000015258789,13.34000015258789,12.430000305175781,12.819999694824219,204600,0.0,0.0
2025-05-15 00:00:00-04:00,12.920000076293945,13.520000457763672,12.489999771118164,13.449999809265137,139400,0.0,0.0
2025-05-16 00:00:00-04:00,13.1899995803833,13.5600004196167,13.1899995803833,13.539999961853027,78200,0.0,0.0
2025-05-20 00:00:00-04:00,13.59000015258789,14.859999656677246,13.479999542236328,14.65999984741211,211300,0.0,0.0
2025-05-21 00:00:00-04:00,14.800000190734863,15.329999923706055,14.739999771118164,15.010000228881836,161900,0.0,0.0
2025-05-22 00:00:00-04:00,15.130000114440918,15.170000076293945,14.680000305175781,14.779999732971191,54200,0.0,0.0
2025-05-23 00:00:00-04:00,14.75,15.399999618530273,14.75,15.359999656677246,87700,0.0,0.0
2025-05-26 00:00:00-04:00,15.25,15.6899995803833,15.100000381469727,15.65999984741211,44000,0.0,0.0
2025-05-27 00:00:00-04:00,15.279999732971191,15.65999984741211,15.1899995803833,15.220000267028809,108500,0.0,0.0
2025-05-28 00:00:00-04:00,15.5,15.720000267028809,14.829999923706055,15.600000381469727,98700,0.0,0.0
2025-05-29 00:00:00-04:00,15.430000305175781,15.779999732971191,15.40999984741211,15.430000305175781,79600,0.0,0.0
2025-05-30 00:00:00-04:00,15.390000343322754,15.739999771118164,14.930000305175781,14.930000305175781,1329500,0.0,0.0
2025-06-02 00:00:00-04:00,15.260000228881836,15.850000381469727,15.199999809265137,15.4399995803833,147500,0.0,0.0
2025-06-03 00:00:00-04:00,15.479999542236328,15.90999984741211,15.25,15.779999732971191,105100,0.0,0.0
2025-06-04 00:00:00-04:00,15.930000305175781,15.930000305175781,15.649999618530273,15.850000381469727,56500,0.0,0.0
2025-06-05 00:00:00-04:00,15.850000381469727,16.290000915527344,15.75,15.760000228881836,86900,0.0,0.0
2025-06-06 00:00:00-04:00,15.789999961853027,15.850000381469727,15.170000076293945,15.170000076293945,81500,0.0,0.0
2025-06-09 00:00:00-04:00,15.25,15.25,14.680000305175781,14.930000305175781,131200,0.0,0.0
2025-06-10 00:00:00-04:00,14.949999809265137,14.949999809265137,13.880000114440918,13.9399995803833,190200,0.0,0.0
2025-06-11 00:00:00-04:00,13.829999923706055,14.079999923706055,13.59000015258789,13.739999771118164,314100,0.0,0.0
2025-06-12 00:00:00-04:00,14.260000228881836,14.260000228881836,13.8100004196167,13.949999809265137,125900,0.0,0.0
2025-06-13 00:00:00-04:00,14.010000228881836,14.109999656677246,13.539999961853027,13.720000267028809,165100,0.0,0.0
2025-06-16 00:00:00-04:00,13.630000114440918,14.069999694824219,13.520000457763672,13.800000190734863,48000,0.0,0.0
2025-06-17 00:00:00-04:00,13.65999984741211,13.90999984741211,13.390000343322754,13.449999809265137,77000,0.0,0.0
2025-06-18 00:00:00-04:00,13.279999732971191,13.4399995803833,13.109999656677246,13.3100004196167,86800,0.0,0.0
2025-06-19 00:00:00-04:00,13.180000305175781,13.300000190734863,13.039999961853027,13.170000076293945,40100,0.0,0.0
2025-06-20 00:00:00-04:00,13.289999961853027,13.569999694824219,13.050000190734863,13.369999885559082,122600,0.0,0.0
2025-06-23 00:00:00-04:00,13.40999984741211,13.800000190734863,13.34000015258789,13.670000076293945,68500,0.0,0.0
2025-06-24 00:00:00-04:00,13.569999694824219,13.569999694824219,13.09000015258789,13.109999656677246,56900,0.0,0.0
2025-06-25 00:00:00-04:00,13.420000076293945,14.699999809265137,13.029999732971191,14.279999732971191,210200,0.0,0.0
2025-06-26 00:00:00-04:00,14.399999618530273,14.789999961853027,14.399999618530273,14.720000267028809,81400,0.0,0.0
2025-06-27 00:00:00-04:00,14.489999771118164,14.619999885559082,14.319999694824219,14.449999809265137,81000,0.0,0.0
2025-06-30 00:00:00-04:00,14.3100004196167,14.960000038146973,14.3100004196167,14.899999618530273,104100,0.0,0.0
2025-07-02 00:00:00-04:00,15.319999694824219,16.010000228881836,14.899999618530273,15.850000381469727,176500,0.0,0.0
2025-07-03 00:00:00-04:00,15.710000038146973,16.299999237060547,15.6899995803833,15.850000381469727,399700,0.0,0.0
2025-07-04 00:00:00-04:00,15.699999809265137,16.450000762939453,15.699999809265137,16.420000076293945,36900,0.0,0.0
2025-07-07 00:00:00-04:00,16.1299991607666,16.420000076293945,15.529999732971191,15.789999961853027,173300,0.0,0.0
2025-07-08 00:00:00-04:00,15.819999694824219,15.819999694824219,14.1899995803833,14.399999618530273,220500,0.0,0.0
2025-07-09 00:00:00-04:00,14.279999732971191,14.324999809265137,13.880000114440918,14.100000381469727,134800,0.0,0.0
2025-07-10 00:00:00-04:00,14.109999656677246,14.210000038146973,13.5,13.6899995803833,144800,0.0,0.0
2025-07-11 00:00:00-04:00,13.770000457763672,13.770000457763672,13.1899995803833,13.350000381469727,91300,0.0,0.0
2025-07-14 00:00:00-04:00,13.789999961853027,14.460000038146973,13.539999961853027,13.9399995803833,198400,0.0,0.0
2025-07-15 00:00:00-04:00,14.09000015258789,14.09000015258789,13.399999618530273,13.640000343322754,163400,0.0,0.0
2025-07-16 00:00:00-04:00,13.829999923706055,13.829999923706055,13.15999984741211,13.399999618530273,198500,0.0,0.0
2025-07-17 00:00:00-04:00,13.180000305175781,13.289999961853027,12.949999809265137,13.25,167200,0.0,0.0
2025-07-18 00:00:00-04:00,13.260000228881836,13.479999542236328,13.010000228881836,13.199999809265137,97500,0.0,0.0
2025-07-21 00:00:00-04:00,13.470000267028809,13.710000038146973,13.390000343322754,13.6899995803833,176400,0.0,0.0
2025-07-22 00:00:00-04:00,13.670000076293945,13.720000267028809,13.359999656677246,13.449999809265137,185800,0.0,0.0
2025-07-23 00:00:00-04:00,13.600000381469727,13.609999656677246,12.710000038146973,12.949999809265137,253500,0.0,0.0
2025-07-24 00:00:00-04:00,12.8100004196167,12.90999984741211,12.510000228881836,12.899999618530273,182300,0.0,0.0
2025-07-25 00:00:00-04:00,12.680000305175781,12.9399995803833,12.550000190734863,12.84000015258789,169600,0.0,0.0
2025-07-28 00:00:00-04:00,12.670000076293945,12.680000305175781,12.270000457763672,12.449999809265137,185500,0.0,0.0
2025-07-29 00:00:00-04:00,12.369999885559082,12.84000015258789,12.369999885559082,12.680000305175781,67100,0.0,0.0
2025-07-30 00:00:00-04:00,12.579999923706055,12.75,12.399999618530273,12.489999771118164,275300,0.0,0.0
2025-07-31 00:00:00-04:00,12.40999984741211,12.609999656677246,12.3100004196167,12.5600004196167,129900,0.0,0.0
2025-08-01 00:00:00-04:00,12.760000228881836,12.84000015258789,12.399999618530273,12.739999771118164,134300,0.0,0.0
2025-08-05 00:00:00-04:00,13.430000305175781,13.6899995803833,12.979999542236328,13.109999656677246,133800,0.0,0.0
2025-08-06 00:00:00-04:00,12.850000381469727,13.949999809265137,11.699999809265137,13.739999771118164,658800,0.0,0.0
2025-08-07 00:00:00-04:00,13.510000228881836,13.970000267028809,13.09000015258789,13.430000305175781,255500,0.0,0.0
2025-08-08 00:00:00-04:00,13.350000381469727,13.350000381469727,12.84000015258789,13.0600004196167,162300,0.0,0.0
2025-08-11 00:00:00-04:00,12.579999923706055,13.239999771118164,12.579999923706055,13.180000305175781,57400,0.0,0.0
2025-08-12 00:00:00-04:00,13.229999542236328,13.350000381469727,12.989999771118164,13.180000305175781,77500,0.0,0.0
2025-08-13 00:00:00-04:00,13.140000343322754,13.5,13.140000343322754,13.289999961853027,100400,0.0,0.0
2025-08-14 00:00:00-04:00,13.279999732971191,13.600000381469727,13.270000457763672,13.539999961853027,97500,0.0,0.0
2025-08-15 00:00:00-04:00,13.539999961853027,14.15999984741211,13.470000267028809,13.979999542236328,116200,0.0,0.0
2025-08-18 00:00:00-04:00,14.010000228881836,14.609999656677246,13.880000114440918,14.529999732971191,93400,0.0,0.0
2025-08-19 00:00:00-04:00,14.600000381469727,14.600000381469727,13.890000343322754,14.069999694824219,125800,0.0,0.0
2025-08-20 00:00:00-04:00,14.40999984741211,14.819999694824219,14.140000343322754,14.609999656677246,168600,0.0,0.0
2025-08-21 00:00:00-04:00,14.84000015258789,14.949999809265137,14.359999656677246,14.649999618530273,159600,0.0,0.0
2025-08-22 00:00:00-04:00,14.399999618530273,15.199999809265137,14.399999618530273,15.029999732971191,140600,0.0,0.0
2025-08-25 00:00:00-04:00,14.989999771118164,15.65999984741211,14.699999809265137,15.600000381469727,165200,0.0,0.0
2025-08-26 00:00:00-04:00,15.739999771118164,17.25,15.619999885559082,17.209999084472656,337400,0.0,0.0
2025-08-27 00:00:00-04:00,17.06999969482422,17.3799991607666,16.770000457763672,16.850000381469727,128200,0.0,0.0
2025-08-28 00:00:00-04:00,16.899999618530273,17.850000381469727,16.579999923706055,17.639999389648438,145900,0.0,0.0
2025-08-29 00:00:00-04:00,17.610000610351562,18.18000030517578,17.530000686645508,17.969999313354492,175800,0.0,0.0
2025-09-02 00:00:00-04:00,18.139999389648438,19.079999923706055,17.940000534057617,18.719999313354492,184400,0.0,0.0
2025-09-03 00:00:00-04:00,18.899999618530273,19.329999923706055,18.3700008392334,19.219999313354492,230600,0.0,0.0
2025-09-04 00:00:00-04:00,19.3799991607666,19.3799991607666,18.34000015258789,18.3700008392334,160500,0.0,0.0
2025-09-05 00:00:00-04:00,18.56999969482422,19.34000015258789,18.5,19.270000457763672,219300,0.0,0.0
2025-09-08 00:00:00-04:00,19.399999618530273,19.604999542236328,18.81999969482422,18.8799991607666,145400,0.0,0.0
2025-09-09 00:00:00-04:00,18.81999969482422,18.920000076293945,18.139999389648438,18.34000015258789,110800,0.0,0.0
2025-09-10 00:00:00-04:00,18.530000686645508,18.950000762939453,18.440000534057617,18.8799991607666,91700,0.0,0.0
2025-09-11 00:00:00-04:00,18.829999923706055,19.18000030517578,18.649999618530273,18.889999389648438,143200,0.0,0.0
2025-09-12 00:00:00-04:00,18.989999771118164,19.18000030517578,18.709999084472656,19.010000228881836,163600,0.0,0.0
2025-09-15 00:00:00-04:00,18.81999969482422,18.920000076293945,18.270000457763672,18.5,174700,0.0,0.0
2025-09-16 00:00:00-04:00,18.510000228881836,18.639999389648438,17.899999618530273,17.979999542236328,163000,0.0,0.0
2025-09-17 00:00:00-04:00,17.6200008392334,18.030000686645508,17.450000762939453,17.540000915527344,121100,0.0,0.0
2025-09-18 00:00:00-04:00,17.389999389648438,17.6299991607666,17.280000686645508,17.6200008392334,122500,0.0,0.0
2025-09-19 00:00:00-04:00,17.420000076293945,18.479999542236328,17.420000076293945,18.290000915527344,180800,0.0,0.0
2025-09-22 00:00:00-04:00,18.649999618530273,18.940000534057617,18.43000030517578,18.520000457763672,162600,0.0,0.0
2025-09-23 00:00:00-04:00,18.59000015258789,18.790000915527344,18.40999984741211,18.520000457763672,86700,0.0,0.0
2025-09-24 00:00:00-04:00,18.6200008392334,19.040000915527344,18.309999465942383,18.540000915527344,121400,0.0,0.0
2025-09-25 00:00:00-04:00,18.540000915527344,19.239999771118164,18.540000915527344,18.809999465942383,125800,0.0,0.0
2025-09-26 00:00:00-04:00,18.989999771118164,19.799999237060547,18.975000381469727,19.68000030517578,126500,0.0,0.0
2025-09-29 00:00:00-04:00,19.889999389648438,20.739999771118164,19.739999771118164,20.1299991607666,161400,0.0,0.0
2025-09-30 00:00:00-04:00,20.010000228881836,20.59000015258789,20.010000228881836,20.209999084472656,106500,0.0,0.0
2025-10-01 00:00:00-04:00,20.59000015258789,20.829999923706055,20.1299991607666,20.510000228881836,311300,0.0,0.0
2025-10-02 00:00:00-04:00,19.56999969482422,19.56999969482422,18.440000534057617,18.549999237060547,1047900,0.0,0.0
2025-10-03 00:00:00-04:00,18.760000228881836,18.760000228881836,18.399999618530273,18.579999923706055,380200,0.0,0.0
2025-10-06 00:00:00-04:00,18.75,19.100000381469727,18.450000762939453,18.549999237060547,439100,0.0,0.0
2025-10-07 00:00:00-04:00,18.600000381469727,18.850000381469727,18.459999084472656,18.559999465942383,170000,0.0,0.0
2025-10-08 00:00:00-04:00,18.719999313354492,18.950000762939453,18.610000610351562,18.700000762939453,158500,0.0,0.0
2025-10-09 00:00:00-04:00,18.850000381469727,18.860000610351562,18.209999084472656,18.239999771118164,279700,0.0,0.0
2025-10-10 00:00:00-04:00,18.299999237060547,18.899999618530273,18.299999237060547,18.59000015258789,141400,0.0,0.0
2025-10-14 00:00:00-04:00,18.860000610351562,19.010000228881836,18.739999771118164,18.959999084472656,130000,0.0,0.0
2025-10-15 00:00:00-04:00,19.049999237060547,19.209999084472656,18.59000015258789,18.760000228881836,217400,0.0,0.0
2025-10-16 00:00:00-04:00,19.010000228881836,19.010000228881836,17.8799991607666,17.93000030517578,346800,0.0,0.0
2025-10-17 00:00:00-04:00,17.639999389648438,17.639999389648438,16.149999618530273,16.25,292100,0.0,0.0
2025-10-20 00:00:00-04:00,16.780000686645508,16.780000686645508,16.030000686645508,16.3700008392334,408400,0.0,0.0
2025-10-21 00:00:00-04:00,15.710000038146973,15.710000038146973,15.0,15.140000343322754,238400,0.0,0.0
2025-10-22 00:00:00-04:00,15.050000190734863,15.829999923706055,14.800000190734863,15.710000038146973,278000,0.0,0.0
2025-10-23 00:00:00-04:00,16.0,16.790000915527344,15.880000114440918,16.690000534057617,214200,0.0,0.0
2025-10-24 00:00:00-04:00,16.719999313354492,17.0,16.260000228881836,16.510000228881836,119600,0.0,0.0
2025-10-27 00:00:00-04:00,16.059999465942383,16.190000534057617,15.430000305175781,15.539999961853027,124500,0.0,0.0
2025-10-28 00:00:00-04:00,15.390000343322754,15.84000015258789,15.279999732971191,15.569999694824219,126600,0.0,0.0
2025-10-29 00:00:00-04:00,16.520000457763672,16.549999237060547,15.920000076293945,15.979999542236328,176600,0.0,0.0
2025-10-30 00:00:00-04:00,15.850000381469727,16.469999313354492,15.65999984741211,16.25,205500,0.0,0.0
2025-10-31 00:00:00-04:00,16.329999923706055,16.40999984741211,15.789999961853027,16.0,1710600,0.0,0.0
2025-11-03 00:00:00-05:00,16.209999084472656,17.1299991607666,16.200000762939453,16.610000610351562,303600,0.0,0.0
2025-11-04 00:00:00-05:00,16.56999969482422,16.56999969482422,15.220000267028809,15.279999732971191,169000,0.0,0.0
2025-11-05 00:00:00-05:00,15.5,15.760000228881836,15.279999732971191,15.350000381469727,87200,0.0,0.0
2025-11-06 00:00:00-05:00,15.369999885559082,15.619999885559082,14.729999542236328,14.739999771118164,111300,0.0,0.0
2025-11-07 00:00:00-05:00,14.760000228881836,14.920000076293945,14.460000038146973,14.800000190734863,157500,0.0,0.0
2025-11-10 00:00:00-05:00,15.34000015258789,15.470000267028809,15.199999809265137,15.300000190734863,168400,0.0,0.0
2025-11-11 00:00:00-05:00,15.460000038146973,15.460000038146973,14.979999542236328,15.0600004196167,107700,0.0,0.0
2025-11-12 00:00:00-05:00,15.170000076293945,15.529999732971191,15.170000076293945,15.380000114440918,220500,0.0,0.0
2025-11-13 00:00:00-05:00,15.300000190734863,15.380000114440918,14.479999542236328,14.550000190734863,110400,0.0,0.0
2025-11-14 00:00:00-05:00,14.149999618530273,14.920000076293945,13.760000228881836,14.850000381469727,153700,0.0,0.0
2025-11-17 00:00:00-05:00,14.75,14.960000038146973,14.329999923706055,14.529999732971191,126700,0.0,0.0
2025-11-18 00:00:00-05:00,14.5,14.899999618530273,14.270000457763672,14.59000015258789,110800,0.0,0.0
2025-11-19 00:00:00-05:00,14.899999618530273,15.199999809265137,14.550000190734863,14.789999961853027,113500,0.0,0.0
2025-11-20 00:00:00-05:00,14.9399995803833,15.0600004196167,13.9399995803833,13.979999542236328,149000,0.0,0.0
2025-11-21 00:00:00-05:00,13.989999771118164,14.420000076293945,13.8100004196167,14.140000343322754,151700,0.0,0.0
2025-11-24 00:00:00-05:00,14.229999542236328,15.130000114440918,14.229999542236328,15.050000190734863,447900,0.0,0.0
2025-11-25 00:00:00-05:00,15.279999732971191,15.699999809265137,15.130000114440918,15.569999694824219,151800,0.0,0.0
2025-11-26 00:00:00-05:00,15.789999961853027,15.829999923706055,15.529999732971191,15.579999923706055,137200,0.0,0.0
2025-11-27 00:00:00-05:00,15.630000114440918,16.0,15.359999656677246,15.399999618530273,39400,0.0,0.0
2025-11-28 00:00:00-05:00,15.59000015258789,16.299999237060547,15.545000076293945,15.920000076293945,221400,0.0,0.0
2025-12-01 00:00:00-05:00,16.149999618530273,16.149999618530273,15.399999618530273,15.630000114440918,173300,0.0,0.0
2025-12-02 00:00:00-05:00,15.6899995803833,15.800000190734863,15.479999542236328,15.710000038146973,132200,0.0,0.0
2025-12-03 00:00:00-05:00,15.880000114440918,16.270000457763672,15.65999984741211,16.0,231300,0.0,0.0
2025-12-04 00:00:00-05:00,15.850000381469727,16.239999771118164,15.800000190734863,15.989999771118164,155500,0.0,0.0
2025-12-05 00:00:00-05:00,15.960000038146973,16.100000381469727,15.699999809265137,15.8100004196167,164100,0.0,0.0
2025-12-08 00:00:00-05:00,16.0,16.020000457763672,15.579999923706055,15.739999771118164,382100,0.0,0.0
2025-12-09 00:00:00-05:00,15.600000381469727,15.829999923706055,15.4399995803833,15.529999732971191,226600,0.0,0.0
2025-12-10 00:00:00-05:00,15.630000114440918,16.559999465942383,15.5600004196167,16.309999465942383,320400,0.0,0.0
2025-12-11 00:00:00-05:00,16.350000381469727,17.190000534057617,16.270000457763672,17.049999237060547,152800,0.0,0.0
2025-12-12 00:00:00-05:00,17.149999618530273,17.780000686645508,17.110000610351562,17.670000076293945,204000,0.0,0.0
2025-12-15 00:00:00-05:00,18.059999465942383,18.059999465942383,17.280000686645508,17.639999389648438,189300,0.0,0.0
2025-12-16 00:00:00-05:00,17.6200008392334,17.899999618530273,17.5,17.860000610351562,125000,0.0,0.0
2025-12-17 00:00:00-05:00,18.06999969482422,19.3799991607666,17.959999084472656,18.8799991607666,338600,0.0,0.0
2025-12-18 00:00:00-05:00,18.780000686645508,19.350000381469727,18.610000610351562,18.670000076293945,161900,0.0,0.0
2025-12-19 00:00:00-05:00,18.790000915527344,19.59000015258789,18.790000915527344,19.270000457763672,250800,0.0,0.0
2025-12-22 00:00:00-05:00,19.540000915527344,20.959999084472656,19.530000686645508,20.81999969482422,296900,0.0,0.0
2025-12-23 00:00:00-05:00,20.979999542236328,21.139999389648438,20.6200008392334,20.670000076293945,157200,0.0,0.0
2025-12-24 00:00:00-05:00,20.75,20.790000915527344,20.540000915527344,20.709999084472656,48000,0.0,0.0
2025-12-29 00:00:00-05:00,20.56999969482422,20.700000762939453,19.75,20.139999389648438,255800,0.0,0.0
2025-12-30 00:00:00-05:00,20.889999389648438,21.0,20.420000076293945,20.600000381469727,265300,0.0,0.0
2025-12-31 00:00:00-05:00,20.40999984741211,20.81999969482422,19.920000076293945,20.0,155500,0.0,0.0
2026-01-02 00:00:00-05:00,20.579999923706055,20.579999923706055,18.8799991607666,19.18000030517578,238100,0.0,0.0
2026-01-05 00:00:00-05:00,19.520000457763672,20.190000534057617,19.520000457763672,19.8700008392334,383900,0.0,0.0
2026-01-06 00:00:00-05:00,20.190000534057617,20.40999984741211,19.6299991607666,19.84000015258789,136000,0.0,0.0
2026-01-07 00:00:00-05:00,19.5,20.639999389648438,19.31999969482422,20.450000762939453,244800,0.0,0.0
2026-01-08 00:00:00-05:00,20.1200008392334,20.600000381469727,19.889999389648438,20.239999771118164,88800,0.0,0.0
2026-01-09 00:00:00-05:00,20.209999084472656,20.329999923706055,19.829999923706055,20.0,90300,0.0,0.0
2026-01-12 00:00:00-05:00,20.610000610351562,21.479999542236328,20.610000610351562,21.290000915527344,202400,0.0,0.0
2026-01-13 00:00:00-05:00,22.209999084472656,22.93000030517578,21.479999542236328,21.90999984741211,217700,0.0,0.0
2026-01-14 00:00:00-05:00,21.90999984741211,22.450000762939453,21.700000762939453,22.059999465942383,202100,0.0,0.0
2026-01-15 00:00:00-05:00,22.0,22.030000686645508,21.299999237060547,21.309999465942383,92900,0.0,0.0
2026-01-16 00:00:00-05:00,21.200000762939453,21.209999084472656,20.5,20.959999084472656,328500,0.0,0.0
2026-01-19 00:00:00-05:00,21.110000610351562,21.719999313354492,20.579999923706055,20.59000015258789,44700,0.0,0.0
2026-01-20 00:00:00-05:00,20.989999771118164,22.010000228881836,20.8700008392334,21.829999923706055,244100,0.0,0.0
2026-01-21 00:00:00-05:00,22.75,23.079999923706055,21.700000762939453,21.920000076293945,276000,0.0,0.0
2026-01-22 00:00:00-05:00,22.299999237060547,22.84000015258789,21.0,22.09000015258789,186700,0.0,0.0
2026-01-23 00:00:00-05:00,22.010000228881836,22.920000076293945,21.8700008392334,22.649999618530273,214400,0.0,0.0
2026-01-26 00:00:00-05:00,23.459999084472656,23.940000534057617,22.84000015258789,22.93000030517578,304800,0.0,0.0
2026-01-27 00:00:00-05:00,23.360000610351562,25.540000915527344,22.8799991607666,25.489999771118164,395000,0.0,0.0
2026-01-28 00:00:00-05:00,25.5,26.889999389648438,25.34000015258789,26.75,410100,0.0,0.0
2026-01-29 00:00:00-05:00,27.0,27.434999465942383,24.520000457763672,25.18000030517578,270500,0.0,0.0
2026-01-30 00:00:00-05:00,24.399999618530273,24.399999618530273,22.219999313354492,22.399999618530273,362100,0.0,0.0
2026-02-02 00:00:00-05:00,22.049999237060547,22.790000915527344,21.8700008392334,22.59000015258789,236500,0.0,0.0
2026-02-03 00:00:00-05:00,23.6299991607666,25.0,23.15999984741211,24.959999084472656,313300,0.0,0.0
2026-02-04 00:00:00-05:00,25.40999984741211,25.40999984741211,22.31999969482422,23.56999969482422,450900,0.0,0.0
2026-02-05 00:00:00-05:00,22.610000610351562,22.799999237060547,21.309999465942383,21.450000762939453,245300,0.0,0.0
2026-02-06 00:00:00-05:00,21.780000686645508,22.459999084472656,21.75,22.229999542236328,152400,0.0,0.0
2026-02-09 00:00:00-05:00,22.610000610351562,24.93000030517578,22.610000610351562,24.8799991607666,242500,0.0,0.0
2026-02-10 00:00:00-05:00,24.40999984741211,24.809999465942383,24.1200008392334,24.309999465942383,144400,0.0,0.0
2026-02-11 00:00:00-05:00,24.540000915527344,24.655000686645508,23.8799991607666,24.329999923706055,168300,0.0,0.0
2026-02-12 00:00:00-05:00,24.31999969482422,24.31999969482422,22.260000228881836,22.360000610351562,165600,0.0,0.0
2026-02-13 00:00:00-05:00,22.440000534057617,23.200000762939453,22.440000534057617,22.790000915527344,124700,0.0,0.0
2026-02-17 00:00:00-05:00,21.90999984741211,22.139999389648438,21.18000030517578,21.6299991607666,267000,0.0,0.0
2026-02-18 00:00:00-05:00,22.0,22.34000015258789,21.350000381469727,22.049999237060547,142500,0.0,0.0
2026-02-19 00:00:00-05:00,22.299999237060547,22.790000915527344,21.510000228881836,22.75,112100,0.0,0.0
2026-02-20 00:00:00-05:00,22.3700008392334,23.940000534057617,22.360000610351562,23.899999618530273,196200,0.0,0.0
2026-02-23 00:00:00-05:00,23.950000762939453,24.75,23.950000762939453,24.209999084472656,168700,0.0,0.0
2026-02-24 00:00:00-05:00,24.739999771118164,27.739999771118164,23.959999084472656,27.1299991607666,289200,0.0,0.0
2026-02-25 00:00:00-05:00,27.1299991607666,28.079999923706055,27.1200008392334,27.290000915527344,161700,0.0,0.0
2026-02-26 00:00:00-05:00,27.350000381469727,27.760000228881836,26.739999771118164,27.670000076293945,125700,0.0,0.0
2026-02-27 00:00:00-05:00,27.809999465942383,28.790000915527344,27.239999771118164,28.40999984741211,593700,0.0,0.0
2026-03-02 00:00:00-05:00,28.989999771118164,28.989999771118164,27.1299991607666,27.75,134600,0.0,0.0
2026-03-03 00:00:00-05:00,26.969999313354492,26.969999313354492,24.649999618530273,25.610000610351562,174900,0.0,0.0
2026-03-04 00:00:00-05:00,25.770000457763672,26.5,25.40999984741211,25.940000534057617,147900,0.0,0.0
2026-03-05 00:00:00-05:00,25.600000381469727,25.600000381469727,23.360000610351562,23.770000457763672,209500,0.0,0.0
2026-03-06 00:00:00-05:00,23.15999984741211,23.959999084472656,22.850000381469727,23.59000015258789,101600,0.0,0.0
2026-03-09 00:00:00-04:00,23.15999984741211,23.229999542236328,21.670000076293945,23.170000076293945,193100,0.0,0.0
2026-03-10 00:00:00-04:00,23.540000915527344,25.260000228881836,23.540000915527344,24.739999771118164,142100,0.0,0.0
2026-03-11 00:00:00-04:00,24.34000015258789,24.34000015258789,23.239999771118164,23.6200008392334,99300,0.0,0.0
2026-03-12 00:00:00-04:00,24.06999969482422,24.06999969482422,22.350000381469727,22.389999389648438,102000,0.0,0.0
2026-03-13 00:00:00-04:00,22.729999542236328,22.729999542236328,20.959999084472656,21.030000686645508,131500,0.0,0.0
2026-03-16 00:00:00-04:00,22.639999389648438,23.68000030517578,21.510000228881836,22.93000030517578,460800,0.0,0.0
2026-03-17 00:00:00-04:00,23.18000030517578,23.3799991607666,22.329999923706055,22.90999984741211,280400,0.0,0.0
2026-03-18 00:00:00-04:00,22.020000457763672,23.059999465942383,21.719999313354492,22.639999389648438,300100,0.0,0.0
2026-03-19 00:00:00-04:00,21.010000228881836,21.290000915527344,19.479999542236328,20.549999237060547,627700,0.0,0.0
2026-03-20 00:00:00-04:00,20.18000030517578,20.940000534057617,18.84000015258789,19.31999969482422,2425500,0.0,0.0
2026-03-23 00:00:00-04:00,19.350000381469727,20.690000534057617,19.110000610351562,19.8700008392334,310700,0.0,0.0
2026-03-24 00:00:00-04:00,19.559999465942383,19.920000076293945,19.079999923706055,19.5,160300,0.0,0.0
2026-03-25 00:00:00-04:00,20.489999771118164,20.489999771118164,19.940000534057617,20.239999771118164,173100,0.0,0.0
2026-03-26 00:00:00-04:00,19.540000915527344,20.280000686645508,19.489999771118164,19.81999969482422,241900,0.0,0.0
2026-03-27 00:00:00-04:00,19.65999984741211,21.739999771118164,19.65999984741211,20.959999084472656,213800,0.0,0.0
2026-03-30 00:00:00-04:00,23.0,23.0,21.510000228881836,22.299999237060547,222500,0.0,0.0
2026-03-31 00:00:00-04:00,22.780000686645508,24.549999237060547,22.489999771118164,24.43000030517578,221500,0.0,0.0
2026-04-01 00:00:00-04:00,24.600000381469727,26.479999542236328,24.309999465942383,25.360000610351562,242400,0.0,0.0
2026-04-02 00:00:00-04:00,24.110000610351562,25.6299991607666,23.670000076293945,25.299999237060547,96000,0.0,0.0
2026-04-06 00:00:00-04:00,25.25,26.290000915527344,25.139999389648438,25.809999465942383,234700,0.0,0.0
2026-04-07 00:00:00-04:00,25.5,25.540000915527344,24.90999984741211,25.399999618530273,204900,0.0,0.0
2026-04-08 00:00:00-04:00,26.3700008392334,26.829999923706055,25.295000076293945,25.81999969482422,354400,0.0,0.0
2026-04-09 00:00:00-04:00,25.8799991607666,26.514999389648438,25.719999313354492,25.799999237060547,219100,0.0,0.0
2026-04-10 00:00:00-04:00,25.899999618530273,26.15999984741211,25.6200008392334,26.110000610351562,217600,0.0,0.0
2026-04-13 00:00:00-04:00,25.68000030517578,26.18000030517578,25.399999618530273,25.860000610351562,113500,0.0,0.0
2026-04-14 00:00:00-04:00,26.229999542236328,27.200000762939453,26.190000534057617,26.920000076293945,144700,0.0,0.0
2026-04-15 00:00:00-04:00,26.670000076293945,26.8700008392334,25.920000076293945,26.579999923706055,156500,0.0,0.0
2026-04-16 00:00:00-04:00,26.6200008392334,27.239999771118164,26.31999969482422,26.969999313354492,159300,0.0,0.0
2026-04-17 00:00:00-04:00,27.280000686645508,28.850000381469727,26.8799991607666,28.110000610351562,220700,0.0,0.0
2026-04-20 00:00:00-04:00,27.690000534057617,29.260000228881836,27.610000610351562,28.399999618530273,198200,0.0,0.0
2026-04-21 00:00:00-04:00,28.0,28.450000762939453,27.31999969482422,27.670000076293945,340800,0.0,0.0
2026-04-22 00:00:00-04:00,27.440000534057617,29.81999969482422,27.440000534057617,28.260000228881836,256000,0.0,0.0
2026-04-23 00:00:00-04:00,28.469999313354492,30.1200008392334,27.549999237060547,28.06999969482422,207900,0.0,0.0
2026-04-24 00:00:00-04:00,28.809999465942383,28.809999465942383,27.09000015258789,27.290000915527344,135000,0.0,0.0
2026-04-27 00:00:00-04:00,27.149999618530273,27.829999923706055,26.860000610351562,27.139999389648438,95700,0.0,0.0
2026-04-28 00:00:00-04:00,26.56999969482422,26.979999542236328,25.469999313354492,25.989999771118164,134300,0.0,0.0
2026-04-29 00:00:00-04:00,25.700000762939453,26.0,24.68000030517578,24.68000030517578,169500,0.0,0.0
2026-04-30 00:00:00-04:00,25.459999084472656,25.56999969482422,24.459999084472656,24.739999771118164,399900,0.0,0.0
2026-05-01 00:00:00-04:00,24.610000610351562,25.280000686645508,24.520000457763672,24.649999618530273,101900,0.0,0.0
2026-05-04 00:00:00-04:00,24.719999313354492,25.149999618530273,23.399999618530273,23.549999237060547,139100,0.0,0.0
2026-05-05 00:00:00-04:00,23.520000457763672,23.889999389648438,22.6200008392334,22.6200008392334,129500,0.0,0.0
2026-05-06 00:00:00-04:00,23.719999313354492,24.799999237060547,23.5,24.610000610351562,168200,0.0,0.0
2026-05-07 00:00:00-04:00,25.290000915527344,25.860000610351562,24.200000762939453,24.229999542236328,160600,0.0,0.0
2026-05-08 00:00:00-04:00,24.399999618530273,24.950000762939453,24.209999084472656,24.940000534057617,115500,0.0,0.0
2026-05-11 00:00:00-04:00,25.139999389648438,25.3700008392334,23.959999084472656,23.979999542236328,128800,0.0,0.0
2026-05-12 00:00:00-04:00,23.709999084472656,24.969999313354492,23.3799991607666,24.610000610351562,200500,0.0,0.0
2026-05-13 00:00:00-04:00,25.149999618530273,25.364999771118164,24.530000686645508,24.75,184100,0.0,0.0
2026-05-14 00:00:00-04:00,23.850000381469727,24.209999084472656,22.440000534057617,24.0,191900,0.0,0.0
2026-05-15 00:00:00-04:00,22.579999923706055,22.760000228881836,21.90999984741211,22.360000610351562,210400,0.0,0.0
2026-05-19 00:00:00-04:00,21.520000457763672,21.690000534057617,20.6200008392334,21.3799991607666,186500,0.0,0.0
2026-05-20 00:00:00-04:00,21.709999084472656,23.149999618530273,21.709999084472656,22.309999465942383,240700,0.0,0.0
2026-05-21 00:00:00-04:00,21.989999771118164,22.31999969482422,21.260000228881836,21.790000915527344,149100,0.0,0.0
2026-05-22 00:00:00-04:00,21.93000030517578,21.959999084472656,21.415000915527344,21.670000076293945,92600,0.0,0.0
2026-05-25 00:00:00-04:00,22.0,23.059999465942383,22.0,22.959999084472656,46000,0.0,0.0
2026-05-26 00:00:00-04:00,22.790000915527344,23.0,22.280000686645508,22.6299991607666,82300,0.0,0.0
2026-05-27 00:00:00-04:00,22.600000381469727,22.6299991607666,20.860000610351562,20.920000076293945,109000,0.0,0.0
2026-05-28 00:00:00-04:00,20.739999771118164,21.450000762939453,19.959999084472656,21.0,234900,0.0,0.0
2026-05-29 00:00:00-04:00,20.90999984741211,22.43000030517578,20.90999984741211,22.43000030517578,242700,0.0,0.0
2026-06-01 00:00:00-04:00,21.760000228881836,22.260000228881836,20.93000030517578,21.780000686645508,170700,0.0,0.0
2026-06-02 00:00:00-04:00,21.969999313354492,23.18000030517578,21.81999969482422,23.15999984741211,178300,0.0,0.0
2026-06-03 00:00:00-04:00,22.40999984741211,22.790000915527344,21.700000762939453,22.190000534057617,145800,0.0,0.0
2026-06-04 00:00:00-04:00,22.43000030517578,22.68000030517578,21.774999618530273,22.0,88500,0.0,0.0
2026-06-05 00:00:00-04:00,21.43000030517578,21.56999969482422,19.200000762939453,19.299999237060547,217200,0.0,0.0
2026-06-08 00:00:00-04:00,19.579999923706055,20.43000030517578,19.34000015258789,19.760000228881836,169100,0.0,0.0
2026-06-09 00:00:00-04:00,19.829999923706055,20.200000762939453,18.5,19.190000534057617,136000,0.0,0.0
2026-06-10 00:00:00-04:00,18.459999084472656,19.18000030517578,18.09000015258789,18.110000610351562,189500,0.0,0.0
2026-06-11 00:00:00-04:00,18.469999313354492,19.34000015258789,18.09000015258789,18.979999542236328,197100,0.0,0.0
2026-06-12 00:00:00-04:00,19.09000015258789,19.799999237060547,18.940000534057617,19.760000228881836,136700,0.0,0.0
2026-06-15 00:00:00-04:00,20.719999313354492,22.65999984741211,20.719999313354492,21.489999771118164,141900,0.0,0.0
2026-06-16 00:00:00-04:00,21.950000762939453,22.010000228881836,21.209999084472656,21.309999465942383,97400,0.0,0.0
2026-06-17 00:00:00-04:00,21.3700008392334,21.790000915527344,20.34000015258789,20.469999313354492,166500,0.0,0.0
2026-06-18 00:00:00-04:00,20.540000915527344,20.81999969482422,19.030000686645508,19.440000534057617,184300,0.0,0.0
2026-06-19 00:00:00-04:00,18.770000457763672,19.360000610351562,18.549999237060547,19.239999771118164,102000,0.0,0.0
2026-06-22 00:00:00-04:00,20.25,20.25,18.8700008392334,19.700000762939453,197813,0.0,0.0
