Date,Open,High,Low,Close,Volume,Dividends,Stock Splits
2022-01-03 00:00:00-05:00,156.27597456930218,157.01149550700544,154.01491692068666,154.9138946533203,827600,0.0,0.0
2022-01-04 00:00:00-05:00,154.66875807183257,157.0841837658513,154.64151757463512,155.50416564941406,1802200,0.0,0.0
2022-01-05 00:00:00-05:00,156.25784832059782,161.01605366019217,155.48599730141243,157.18406677246094,1748800,0.0,0.0
2022-01-06 00:00:00-05:00,157.28393672566784,157.3656582069083,154.2691927635953,154.93206787109375,955400,0.0,0.0
2022-01-07 00:00:00-05:00,154.75951933687995,154.83216526454626,152.03535940046626,152.2896270751953,1113700,0.0,0.0
2022-01-10 00:00:00-05:00,151.65400521057595,152.09895639947305,149.73801183244626,150.90940856933594,1385900,0.0,0.0
2022-01-11 00:00:00-05:00,151.40880437871016,153.47916468688712,149.71982477406124,153.28846740722656,647300,0.0,0.0
2022-01-12 00:00:00-05:00,153.92414337716647,153.99678931966397,151.67217458293064,152.96160888671875,1212500,0.0,0.0
2022-01-13 00:00:00-05:00,153.83330975624395,155.39516250900866,152.77996462423178,153.2975616455078,1156300,0.0,0.0
2022-01-14 00:00:00-05:00,150.2918985874646,152.61652670360425,149.0751104755327,149.82879638671875,1479000,0.0,0.0
2022-01-18 00:00:00-05:00,148.03089601156015,148.85721422511202,145.5428242559505,148.73008728027344,1636900,0.0,0.0
2022-01-19 00:00:00-05:00,150.07400503250935,150.07400503250935,146.59615848317034,146.696044921875,1287800,0.0,0.0
2022-01-20 00:00:00-05:00,146.36914852635954,147.81295029205327,144.5167115936456,145.01614379882812,1697200,0.0,0.0
2022-01-21 00:00:00-05:00,143.11826958105055,144.8344896248817,139.99456426500402,140.5121612548828,4334300,0.0,0.0
2022-01-24 00:00:00-05:00,136.2079758300307,141.31123022394246,135.4179740040699,140.77548217773438,1604300,0.0,0.0
2022-01-25 00:00:00-05:00,138.1966172094222,141.31123300048614,135.99913015221554,139.83111572265625,1391600,0.0,0.0
2022-01-26 00:00:00-05:00,140.64842098180486,142.02866632785472,138.169438543439,139.3771514892578,1263400,0.0,0.0
2022-01-27 00:00:00-05:00,140.99344536476744,142.10127154318576,138.02410707633186,139.2863006591797,1348500,0.0,0.0
2022-01-28 00:00:00-05:00,139.1046956402344,140.64838357225207,136.4350165601666,140.59390258789062,921900,0.0,0.0
2022-01-31 00:00:00-05:00,139.4770359161996,142.12855071634064,139.05932517139334,141.8379669189453,1540400,0.0,0.0
2022-02-01 00:00:00-05:00,141.93784920795326,143.20004309733076,141.01163070064533,142.88223266601562,1556600,0.0,0.0
2022-02-02 00:00:00-05:00,143.25452257221812,144.49856535342525,141.58370737129766,143.1273956298828,2432100,0.0,0.0
2022-02-03 00:00:00-05:00,142.001408296916,144.52579587459698,141.54738155480362,142.32830810546875,1717700,0.0,0.0
2022-02-04 00:00:00-05:00,141.08425338950357,141.79253393838832,138.28744723368885,138.923095703125,1288900,0.0,0.0
2022-02-07 00:00:00-05:00,138.6960800338112,140.57574334958238,138.4327367909777,138.77780151367188,1609500,0.0,0.0
2022-02-08 00:00:00-05:00,139.58596305418124,140.38505444166702,138.82320156019645,140.06723022460938,1162500,0.0,0.0
2022-02-09 00:00:00-05:00,141.7289508221302,142.909422800793,141.50193751299474,142.55528259277344,1441200,0.0,0.0
2022-02-10 00:00:00-05:00,141.44750034195707,143.0638344951159,138.96850426228332,139.66770935058594,1298800,0.0,0.0
2022-02-11 00:00:00-05:00,139.09560128932702,140.51217611128956,136.03546602636584,136.1171875,1145400,0.0,0.0
2022-02-14 00:00:00-05:00,135.82666041732227,136.61666262283384,134.36469355345704,135.545166015625,1150200,0.0,0.0
2022-02-15 00:00:00-05:00,137.81528649878166,138.86861805072564,136.91630852662036,137.69723510742188,922900,0.0,0.0
2022-02-16 00:00:00-05:00,137.7880598646708,138.52358107235113,136.52586590013084,137.90609741210938,836800,0.0,0.0
2022-02-17 00:00:00-05:00,136.81217166549783,137.45939629001865,135.63620639134703,135.87322998046875,747200,0.59,0.0
2022-02-18 00:00:00-05:00,136.1467153543889,137.23150169256195,135.6179885986438,136.41107177734375,1055400,0.0,0.0
2022-02-22 00:00:00-05:00,136.5751609546592,136.5751609546592,132.66441086203886,133.70362854003906,1225600,0.0,0.0
2022-02-23 00:00:00-05:00,134.1958993270356,134.45114480142274,127.51390664362285,128.1793670654297,1584900,0.0,0.0
2022-02-24 00:00:00-05:00,125.36252321366902,126.27411803128767,122.69154316493322,125.53572845458984,2450600,0.0,0.0
2022-02-25 00:00:00-05:00,126.36525747896904,129.09093073907695,124.9978653790183,128.6168975830078,1815800,0.0,0.0
2022-02-28 00:00:00-05:00,126.3561849723271,126.6114304625015,120.78633890131456,121.65235137939453,3254000,0.0,0.0
2022-03-01 00:00:00-05:00,120.41256149219377,121.29680961751463,113.71234067479975,115.3167495727539,3466400,0.0,0.0
2022-03-02 00:00:00-05:00,116.09159887838562,118.27942783628284,114.34133849403447,117.39517974853516,3180800,0.0,0.0
2022-03-03 00:00:00-05:00,118.39797223550138,119.29133151004692,115.04329514215813,116.72975158691406,2650100,0.0,0.0
2022-03-04 00:00:00-05:00,114.76980176613179,115.3441040616971,111.99855237601787,112.9921875,2398200,0.0,0.0
2022-03-07 00:00:00-05:00,111.78886463242333,112.14438603789185,104.34113699798502,104.37760162353516,3348400,0.0,0.0
2022-03-08 00:00:00-05:00,104.8334162432236,111.38778597130825,101.47874664524375,107.33118438720703,4087000,0.0,0.0
2022-03-09 00:00:00-05:00,111.67038648888796,112.4999412697374,110.55823948617095,111.24193572998047,2607200,0.0,0.0
2022-03-10 00:00:00-05:00,108.96293025552592,111.24191735851915,108.5891799871917,110.47618103027344,2061400,0.0,0.0
2022-03-11 00:00:00-05:00,110.87729398675266,112.18087507545211,109.31846741857377,109.60106658935547,1589500,0.0,0.0
2022-03-14 00:00:00-04:00,111.18722688093443,113.92201147800291,110.5673420940689,111.16899108886719,1789500,0.0,0.0
2022-03-15 00:00:00-04:00,111.51540331996655,113.91289535017475,111.08695261365519,112.46346282958984,1654400,0.0,0.0
2022-03-16 00:00:00-04:00,113.67587472815744,117.70512228587998,113.3021244571508,116.56563568115234,2106500,0.0,0.0
2022-03-17 00:00:00-04:00,114.38692983220137,117.30402374267578,114.22284247384079,117.30402374267578,1906900,0.0,0.0
2022-03-18 00:00:00-04:00,117.80540166472305,119.7744499307971,116.0186765463875,119.35511016845703,2526000,0.0,0.0
2022-03-21 00:00:00-04:00,118.963134951326,119.56479092622168,116.80265948036845,117.51370239257812,1509700,0.0,0.0
2022-03-22 00:00:00-04:00,118.70788611092762,119.71064604053433,118.01507901127549,118.92667388916016,1348800,0.0,0.0
2022-03-23 00:00:00-04:00,117.85098926365161,119.27307510264527,117.13994634415478,117.35873413085938,1145100,0.0,0.0
2022-03-24 00:00:00-04:00,117.86921130780208,118.8810820998,117.28579118781074,118.06063842773438,804900,0.0,0.0
2022-03-25 00:00:00-04:00,117.79628029627997,118.34324273616177,116.98496148668265,118.01506805419922,1249200,0.0,0.0
2022-03-28 00:00:00-04:00,118.19739055200155,118.19739055200155,116.03690827269297,118.09711456298828,1387500,0.0,0.0
2022-03-29 00:00:00-04:00,121.58852696827545,125.7180505743566,120.91394176383417,123.87662506103516,2164100,0.0,0.0
2022-03-30 00:00:00-04:00,122.60037537521013,123.05617272210459,120.34873536876503,121.1874008178711,1230700,0.0,0.0
2022-03-31 00:00:00-04:00,120.75896952114616,121.67056436079558,119.42803493493132,119.48274230957031,1690900,0.0,0.0
2022-04-01 00:00:00-04:00,121.11452823132447,122.22667539080285,119.65597047500728,122.16285705566406,992900,0.0,0.0
2022-04-04 00:00:00-04:00,121.55203712117287,122.11723530855875,120.3487393189877,121.57938385009766,993800,0.0,0.0
2022-04-05 00:00:00-04:00,120.86838035362315,121.70704610277471,119.61038868481388,120.70429992675781,1556800,0.0,0.0
2022-04-06 00:00:00-04:00,119.59213933081037,122.5274760749628,118.37971642258788,122.28134155273438,1361300,0.0,0.0
2022-04-07 00:00:00-04:00,121.59765151510531,122.95593301703488,119.7288790596502,122.29045867919922,1094700,0.0,0.0
2022-04-08 00:00:00-04:00,122.50922657954358,123.41171045355102,120.55841423266355,120.81365966796875,1318900,0.0,0.0
2022-04-11 00:00:00-04:00,120.38519987260014,122.86473869330001,119.78354400217329,120.10260772705078,1612200,0.0,0.0
2022-04-12 00:00:00-04:00,120.40345303613444,121.39708811380987,116.48359228265112,117.33138275146484,1693300,0.0,0.0
2022-04-13 00:00:00-04:00,117.15818695956564,119.30955159962662,116.94851010582188,119.04518127441406,1391400,0.0,0.0
2022-04-14 00:00:00-04:00,119.82915553828383,120.6040168235737,116.74797401087486,116.93029022216797,3020700,0.0,0.0
2022-04-18 00:00:00-04:00,116.20099847353126,117.0761217538158,115.02504026390898,115.30763244628906,1066900,0.0,0.0
2022-04-19 00:00:00-04:00,115.59024238285622,118.76258891248013,115.53554195654027,118.17916870117188,1317800,0.0,0.0
2022-04-20 00:00:00-04:00,118.93578715594164,121.21477439521418,118.91755136327389,120.05704498291016,1430300,0.0,0.0
2022-04-21 00:00:00-04:00,123.82194992440674,125.38076957741094,121.16009420637315,121.37886810302734,2427400,0.0,0.0
2022-04-22 00:00:00-04:00,123.01971797014636,125.89124999421703,118.9813596010577,121.10537719726562,3250700,0.0,0.0
2022-04-25 00:00:00-04:00,120.7680695173195,120.7680695173195,114.90652190630018,117.9056625366211,2538500,0.0,0.0
2022-04-26 00:00:00-04:00,118.26120142897607,122.31779591587994,114.760680382513,114.7697982788086,1936300,0.0,0.0
2022-04-27 00:00:00-04:00,115.30762379576977,119.43715406367588,115.30762379576977,118.15180206298828,1560400,0.0,0.0
2022-04-28 00:00:00-04:00,119.31865371992727,119.78356210287463,116.29215898553792,119.28219604492188,1346900,0.0,0.0
2022-04-29 00:00:00-04:00,119.19102973878309,120.27582986408234,116.34685122900915,116.6750259399414,3306100,0.0,0.0
2022-05-02 00:00:00-04:00,116.12808078346777,119.50097933565166,115.13444562068645,119.40982818603516,2230200,0.0,0.0
2022-05-03 00:00:00-04:00,119.18191521974843,122.07166921350785,119.0725143794993,121.43355560302734,1849800,0.0,0.0
2022-05-04 00:00:00-04:00,121.43357786363622,125.32607855603815,120.01147795837282,125.19845581054688,1315100,0.0,0.0
2022-05-05 00:00:00-04:00,123.25675787954722,123.59404355598612,118.68965833074974,119.93855285644531,1059400,0.0,0.0
2022-05-06 00:00:00-04:00,118.98136856687537,118.98136856687537,115.09797240019705,117.16728973388672,1296300,0.0,0.0
2022-05-09 00:00:00-04:00,115.79359030877787,118.1746585535397,115.21663265388754,116.43464660644531,1420300,0.59,0.0
2022-05-10 00:00:00-04:00,117.89076718879414,118.6417288586538,112.93629966799205,114.511474609375,1122700,0.0,0.0
2022-05-11 00:00:00-04:00,114.24590030535991,116.70024136895466,113.3850471974826,113.83379364013672,989600,0.0,0.0
2022-05-12 00:00:00-04:00,113.24766209412884,114.88693549551594,110.51857909872867,112.93628692626953,1307500,0.0,0.0
2022-05-13 00:00:00-04:00,113.83379611153143,114.92359195608918,111.50766627048189,112.05714416503906,1021500,0.0,0.0
2022-05-16 00:00:00-04:00,111.07723339671973,111.94723943142627,108.06425461189833,110.32627868652344,1269900,0.0,0.0
2022-05-17 00:00:00-04:00,113.35758254799782,114.90528486781776,112.194521062121,113.86127471923828,1094500,0.0,0.0
2022-05-18 00:00:00-04:00,112.35935944082902,112.63409489458384,109.0258522956056,109.49290466308594,1083200,0.0,0.0
2022-05-19 00:00:00-04:00,108.93425398014016,113.56820021327025,108.23825198976431,112.34102630615234,1253700,0.0,0.0
2022-05-20 00:00:00-04:00,111.72745135575704,113.26599358833232,107.82614658976433,109.60279846191406,1790200,0.0,0.0
2022-05-23 00:00:00-04:00,111.14133293542399,112.58829658622057,109.10825866427763,112.46923828125,1076100,0.0,0.0
2022-05-24 00:00:00-04:00,112.53335036239936,112.53335036239936,110.23470047992136,111.23291778564453,976200,0.0,0.0
2022-05-25 00:00:00-04:00,111.13217243409488,113.21103942548639,110.61016744712246,113.01872253417969,931200,0.0,0.0
2022-05-26 00:00:00-04:00,114.31916467493124,116.34307916314224,113.0278850267975,115.66539001464844,1927400,0.0,0.0
2022-05-27 00:00:00-04:00,116.76432933261954,119.54835111482318,116.06832039357398,119.081298828125,1313100,0.0,0.0
2022-05-31 00:00:00-04:00,117.01161501604481,117.55193996628152,114.10853436259217,115.83939361572266,2794500,0.0,0.0
2022-06-01 00:00:00-04:00,117.11233220289492,117.22223055936051,113.5590358543805,114.81368255615234,912300,0.0,0.0
2022-06-02 00:00:00-04:00,115.61960909999205,118.05563748508222,115.07929111221112,117.94573211669922,722300,0.0,0.0
2022-06-03 00:00:00-04:00,116.85591930408792,117.29550577912146,114.4840038912534,114.89611053466797,813500,0.0,0.0
2022-06-06 00:00:00-04:00,115.54633295258657,117.71677163754133,114.80453816020864,116.42549896240234,687800,0.0,0.0
2022-06-07 00:00:00-04:00,115.0792739639622,118.18383115901065,114.40157786018321,117.93656158447266,899200,0.0,0.0
2022-06-08 00:00:00-04:00,116.45299165497055,122.70789982836695,115.95845940977905,116.31562042236328,2380400,0.0,0.0
2022-06-09 00:00:00-04:00,115.75697479887565,117.57941253451938,113.53158333770622,113.54989624023438,1358800,0.0,0.0
2022-06-10 00:00:00-04:00,110.82080724453468,110.84828008875698,106.07696950209532,106.14107513427734,1764200,0.0,0.0
2022-06-13 00:00:00-04:00,103.33872855875549,104.67580089476034,101.61702940803575,103.76000213623047,1282400,0.0,0.0
2022-06-14 00:00:00-04:00,103.63179697709788,103.85158673574234,99.93196893612895,102.1207275390625,2028100,0.0,0.0
2022-06-15 00:00:00-04:00,103.88821837506121,105.39012785196525,102.06577372774042,104.05306243896484,1509700,0.0,0.0
2022-06-16 00:00:00-04:00,100.50890700168873,100.7836494056008,98.28351588836766,99.3641586303711,1307000,0.0,0.0
2022-06-17 00:00:00-04:00,99.67554450537119,101.54377501702416,98.04542365352451,100.75618743896484,1866000,0.0,0.0
2022-06-21 00:00:00-04:00,102.54199275759194,102.73430966715999,100.59133684184823,101.28734588623047,1278500,0.0,0.0
2022-06-22 00:00:00-04:00,99.77626858995951,104.5842119104732,99.4740603199252,103.24714660644531,1430000,0.0,0.0
2022-06-23 00:00:00-04:00,103.20136872270089,105.00549347163471,102.34967556157441,104.73075103759766,1259200,0.0,0.0
2022-06-24 00:00:00-04:00,105.57329304854221,110.9032422143159,105.4084489717867,110.8208236694336,2313100,0.0,0.0
2022-06-27 00:00:00-04:00,111.62672085883254,111.84651062567039,109.41964927164865,111.0864028930664,1682400,0.0,0.0
2022-06-28 00:00:00-04:00,111.5168147683116,113.14694247165953,108.85184394214002,109.2273178100586,2112200,0.0,0.0
2022-06-29 00:00:00-04:00,108.52216351821517,108.76027317511885,106.02202958820314,107.34078216552734,1585300,0.0,0.0
2022-06-30 00:00:00-04:00,105.76558748078125,106.33338517707438,103.53104345518615,104.71241760253906,2248600,0.0,0.0
2022-07-01 00:00:00-04:00,104.29116063397022,108.02762126456307,104.04389804219117,107.93604278564453,1299400,0.0,0.0
2022-07-05 00:00:00-04:00,105.78391559734304,108.77857443637387,104.27284626203814,108.76026153564453,1636300,0.0,0.0
2022-07-06 00:00:00-04:00,109.50205098545038,109.89584470846864,107.14844859075693,109.34636688232422,1645700,0.0,0.0
2022-07-07 00:00:00-04:00,109.3830076010757,110.04238383506053,106.75466260921675,109.0716323852539,1513100,0.0,0.0
2022-07-08 00:00:00-04:00,108.70532873886192,109.65776045173226,107.44152874772176,107.94522094726562,1115400,0.0,0.0
2022-07-11 00:00:00-04:00,106.76381811031432,107.34076879754613,104.29115733577113,104.5567398071289,1206600,0.0,0.0
2022-07-12 00:00:00-04:00,104.59336330836443,107.78949865060078,104.4651520559187,106.26011657714844,1094800,0.0,0.0
2022-07-13 00:00:00-04:00,104.13548154785326,106.51655704962289,103.12810425714194,105.96707916259766,1025700,0.0,0.0
2022-07-14 00:00:00-04:00,104.0622256698891,105.37181836602672,102.98158269694345,105.17034149169922,825900,0.0,0.0
2022-07-15 00:00:00-04:00,107.39572107608866,107.67046350800518,105.5366506494924,106.96530151367188,908300,0.0,0.0
2022-07-18 00:00:00-04:00,107.3499288780249,108.03677792955261,104.7856896241921,105.23443603515625,1768800,0.0,0.0
2022-07-19 00:00:00-04:00,107.29499037958007,109.78595723763556,106.80961114823704,109.68521881103516,1326700,0.0,0.0
2022-07-20 00:00:00-04:00,109.69437905094081,110.65597058490295,108.42141927900411,109.98743438720703,1172600,0.0,0.0
2022-07-21 00:00:00-04:00,110.07901868429235,112.89052086688262,109.37385664593184,112.59746551513672,1797600,0.0,0.0
2022-07-22 00:00:00-04:00,120.15279132976406,122.79944911699373,115.90348575504979,116.9749755859375,2590600,0.0,0.0
2022-07-25 00:00:00-04:00,116.55371476261313,117.90910011392677,114.90528105030212,116.1874008178711,1914400,0.0,0.0
2022-07-26 00:00:00-04:00,114.84119294657765,116.28815700501629,113.02790790047214,115.59214782714844,1724000,0.0,0.0
2022-07-27 00:00:00-04:00,114.01693379364956,117.22222912118187,113.08282222961543,116.24232482910156,1828300,0.0,0.0
2022-07-28 00:00:00-04:00,116.74603914967697,119.53922141833897,116.74603914967697,119.38353729248047,1310700,0.0,0.0
2022-07-29 00:00:00-04:00,119.37436860976293,119.57584544585877,117.62518970273952,118.40361022949219,1316700,0.0,0.0
2022-08-01 00:00:00-04:00,117.5611056822468,119.27365920564912,116.41636399203638,118.42195892333984,898500,0.0,0.0
2022-08-02 00:00:00-04:00,117.97320478761395,117.97320478761395,115.84854492418165,115.98591613769531,1463900,0.0,0.0
2022-08-03 00:00:00-04:00,115.87603249722562,117.50615340439957,114.52980701026998,117.44205474853516,1004600,0.0,0.0
2022-08-04 00:00:00-04:00,117.73510303825182,117.85416136560151,116.23319341792123,117.34131622314453,839300,0.0,0.0
2022-08-05 00:00:00-04:00,116.03170833773396,118.12889547250428,115.65623445270276,116.63613891601562,1099300,0.0,0.0
2022-08-08 00:00:00-04:00,118.05562825228488,119.49342512118594,117.22224797930161,117.48782348632812,938800,0.0,0.0
2022-08-09 00:00:00-04:00,116.83445235323337,117.31298429110691,115.62893212287688,117.04611206054688,976300,0.62,0.0
2022-08-10 00:00:00-04:00,120.49703963164403,123.89275035512564,119.86206750717606,122.8896713256836,1354000,0.0,0.0
2022-08-11 00:00:00-04:00,124.00317026984965,125.26390301779372,122.50316453312175,122.70561981201172,1065600,0.0,0.0
2022-08-12 00:00:00-04:00,123.34980662647594,125.05226788100109,122.77925841963453,124.73938751220703,783000,0.0,0.0
2022-08-15 00:00:00-04:00,124.43568097741606,126.41420451085142,124.03077043952345,125.51236724853516,737900,0.0,0.0
2022-08-16 00:00:00-04:00,124.86820492357174,126.9295473554397,124.69335590475963,126.26698303222656,761200,0.0,0.0
2022-08-17 00:00:00-04:00,124.50929719485319,125.00622389869528,122.74242640964458,123.48782348632812,1005500,0.0,0.0
2022-08-18 00:00:00-04:00,123.54306624164285,124.1412207221645,122.02466545764527,122.83447265625,880100,0.0,0.0
2022-08-19 00:00:00-04:00,122.1166718130529,122.32832451406424,120.23016423472261,121.41728973388672,772300,0.0,0.0
2022-08-22 00:00:00-04:00,119.44794849365285,119.44794849365285,116.73321824279853,117.08291625976562,1102200,0.0,0.0
2022-08-23 00:00:00-04:00,116.86204797323563,118.95100348991883,116.86204797323563,117.46941375732422,760100,0.0,0.0
2022-08-24 00:00:00-04:00,117.30377061477937,118.4448808253248,116.61358604493097,117.80069732666016,782400,0.0,0.0
2022-08-25 00:00:00-04:00,118.86819464788195,121.67494824060705,118.77617845710661,121.61973571777344,716000,0.0,0.0
2022-08-26 00:00:00-04:00,121.75777967090166,121.75777967090166,115.91421735974522,115.98783874511719,751100,0.0,0.0
2022-08-29 00:00:00-04:00,115.11359049452902,116.83445336682638,114.47862540892204,115.89580535888672,507700,0.0,0.0
2022-08-30 00:00:00-04:00,117.91114205773884,118.98782835328672,116.6688041557304,117.58905029296875,1215900,0.0,0.0
2022-08-31 00:00:00-04:00,118.83140564565807,118.9786343774374,116.33753206910039,116.85287475585938,1574300,0.0,0.0
2022-09-01 00:00:00-04:00,115.62892614535966,115.8681921019274,113.69641070150186,114.60745239257812,1142100,0.0,0.0
2022-09-02 00:00:00-04:00,116.4203405689352,118.03997573328655,113.21788092816328,113.88966369628906,1338600,0.0,0.0
2022-09-06 00:00:00-04:00,115.48168757830048,115.84058301568825,113.14426151113332,113.82524871826172,1310300,0.0,0.0
2022-09-07 00:00:00-04:00,114.37737977241856,118.03075060951254,114.0552950664934,117.64424896240234,2116500,0.0,0.0
2022-09-08 00:00:00-04:00,116.30070403345508,117.65346697548141,114.99395620655488,117.57064819335938,1153500,0.0,0.0
2022-09-09 00:00:00-04:00,118.18719452037757,118.77616547782152,116.84364313876992,117.8927230834961,1160300,0.0,0.0
2022-09-12 00:00:00-04:00,118.78536803105358,121.40806098560644,118.77617062513511,121.08598327636719,1020200,0.0,0.0
2022-09-13 00:00:00-04:00,117.11971484933493,117.26695759134311,114.42339356936303,114.56143188476562,1207400,0.0,0.0
2022-09-14 00:00:00-04:00,113.79763594283159,114.23014571167602,109.41726254687131,110.57677459716797,1935300,0.0,0.0
2022-09-15 00:00:00-04:00,110.70562348785346,113.07065600124999,110.12586387369832,110.83445739746094,1284500,0.0,0.0
2022-09-16 00:00:00-04:00,107.71481328890134,108.23014887961887,106.18720132938743,108.11051940917969,2133600,0.0,0.0
2022-09-19 00:00:00-04:00,107.51234023611408,109.99700159010136,107.37430193402153,109.72093200683594,972500,0.0,0.0
2022-09-20 00:00:00-04:00,108.34058198077834,108.34058198077834,106.6933405350578,107.35591888427734,1081700,0.0,0.0
2022-09-21 00:00:00-04:00,106.9418136375546,107.5399750917522,104.23628747233813,104.26390075683594,1089400,0.0,0.0
2022-09-22 00:00:00-04:00,103.92340818800366,103.92340818800366,102.23015145513392,102.99395751953125,965000,0.0,0.0
2022-09-23 00:00:00-04:00,102.14732821414907,103.44487872637103,101.53076494508478,103.36205291748047,1248400,0.0,0.0
2022-09-26 00:00:00-04:00,103.52768570545032,104.07062753155262,101.7147997746387,102.30375671386719,925300,0.0,0.0
2022-09-27 00:00:00-04:00,103.42647435021658,103.49089130617865,101.02463110218255,102.20254516601562,1206300,0.0,0.0
2022-09-28 00:00:00-04:00,103.50009470025935,104.92647214543038,102.26696110012202,104.26390075683594,1503200,0.0,0.0
2022-09-29 00:00:00-04:00,102.90192241543944,103.01235447904277,101.32830236892622,102.70867156982422,905800,0.0,0.0
2022-09-30 00:00:00-04:00,103.06755001943708,104.32828954274162,101.75159798388783,101.86203002929688,1163900,0.0,0.0
2022-10-03 00:00:00-04:00,103.47248540309802,106.14119377741011,103.47248540309802,105.08291625976562,1366500,0.0,0.0
2022-10-04 00:00:00-04:00,106.77616069447576,109.88659720496632,106.76695626702882,109.64733123779297,1581600,0.0,0.0
2022-10-05 00:00:00-04:00,108.08290702155699,111.34978364768811,108.0368989268171,110.64119720458984,1475400,0.0,0.0
2022-10-06 00:00:00-04:00,110.21788755596988,111.30377838503507,107.85285503261453,108.34059143066406,1692400,0.0,0.0
2022-10-07 00:00:00-04:00,107.10745223724405,107.59518158888099,104.51235829269255,105.2485580444336,1052700,0.0,0.0
2022-10-10 00:00:00-04:00,99.99394816863423,103.47247742756814,99.0828994420214,101.9172592163086,2952500,0.0,0.0
2022-10-11 00:00:00-04:00,101.53994396674798,103.69332333602489,101.07982094999618,101.92645263671875,2032000,0.0,0.0
2022-10-12 00:00:00-04:00,102.57062783099181,102.57062783099181,100.85896955056064,100.9417953491211,1341500,0.0,0.0
2022-10-13 00:00:00-04:00,99.19332898533557,104.61357800860709,98.88964608418017,103.27001953125,1776700,0.0,0.0
2022-10-14 00:00:00-04:00,104.47553880653668,104.99087437681325,101.13504798477294,101.53075408935547,1483400,0.0,0.0
2022-10-17 00:00:00-04:00,104.10744958120044,105.3681893967102,103.27002919407946,104.2730941772461,1210700,0.0,0.0
2022-10-18 00:00:00-04:00,107.208685412949,108.6718735433924,106.38046240471616,107.4295425415039,1121500,0.0,0.0
2022-10-19 00:00:00-04:00,106.60130175689274,106.87737838724017,103.98780627886396,105.49700927734375,1259300,0.0,0.0
2022-10-20 00:00:00-04:00,104.09824389198047,106.0675700322156,98.83443494857792,99.76388549804688,3326900,0.0,0.0
2022-10-21 00:00:00-04:00,100.85899258093329,104.44795453750784,100.07678463395574,103.61052703857422,2163400,0.0,0.0
2022-10-24 00:00:00-04:00,104.36512631744887,105.11052350279175,102.83751423483542,103.02156066894531,1366000,0.0,0.0
2022-10-25 00:00:00-04:00,103.42646400483373,104.8252420814119,103.31603193954989,103.95100402832031,1703100,0.0,0.0
2022-10-26 00:00:00-04:00,104.19947837729072,105.0921112771155,102.7362832956243,103.82217407226562,1075500,0.0,0.0
2022-10-27 00:00:00-04:00,104.39272463546381,105.79149568263846,103.16879558111043,103.39885711669922,918700,0.0,0.0
2022-10-28 00:00:00-04:00,103.41725390058082,105.26695052225371,103.0767673379244,105.0552978515625,1220200,0.0,0.0
2022-10-31 00:00:00-04:00,104.56756178793691,106.08596925672124,104.17185568420427,105.07369995117188,1714100,0.0,0.0
2022-11-01 00:00:00-04:00,106.18720743998175,106.5829135830312,104.01542586709472,104.90806579589844,1028400,0.0,0.0
2022-11-02 00:00:00-04:00,104.9540756456589,105.80990484134608,101.22707595003911,101.30069732666016,1315300,0.0,0.0
2022-11-03 00:00:00-04:00,99.50621446452313,102.00928513580712,98.85284053532959,100.960205078125,1097000,0.0,0.0
2022-11-04 00:00:00-04:00,103.25161307903646,106.65652797593295,103.0031497128976,106.25161743164062,1527400,0.0,0.0
2022-11-07 00:00:00-05:00,107.18108365144326,107.30991756692185,105.34979554920734,107.06144714355469,1375200,0.0,0.0
2022-11-08 00:00:00-05:00,107.6964227364933,108.72710111400407,106.25163633477058,107.17188262939453,1122800,0.0,0.0
2022-11-09 00:00:00-05:00,106.90354988379339,107.17184335771202,105.33075438947688,105.63606262207031,759600,0.62,0.0
2022-11-10 00:00:00-05:00,111.2611237364083,115.53541144025111,110.98356947006864,115.47064971923828,1513800,0.0,0.0
2022-11-11 00:00:00-05:00,116.42358132136796,121.19746977858863,116.294057872544,120.35556030273438,2106300,0.0,0.0
2022-11-14 00:00:00-05:00,119.32860520968148,120.23528336104175,118.05187119744429,118.38493347167969,1891200,0.0,0.0
2022-11-15 00:00:00-05:00,120.81813348137368,123.40861630503674,117.93160314137533,119.80970001220703,1639400,0.0,0.0
2022-11-16 00:00:00-05:00,119.54142186541776,120.24454715940728,118.62549695126245,119.33788299560547,1352800,0.0,0.0
2022-11-17 00:00:00-05:00,117.41351332388037,117.62629880682576,115.24860843803488,117.18222045898438,1051300,0.0,0.0
2022-11-18 00:00:00-05:00,119.1806043204047,120.52210022732007,117.80209364644489,118.8567886352539,999400,0.0,0.0
2022-11-21 00:00:00-05:00,117.95936063133195,120.41105934275335,117.95936063133195,119.39337921142578,1223900,0.0,0.0
2022-11-22 00:00:00-05:00,120.27229925860946,122.19665774078689,119.51365182558878,122.11339569091797,1525500,0.0,0.0
2022-11-23 00:00:00-05:00,122.32619175299094,123.79721122901336,122.00237604176657,123.10333251953125,1078900,0.0,0.0
2022-11-25 00:00:00-05:00,122.44644133625431,123.39010600694964,122.27990314219345,123.380859375,320300,0.0,0.0
2022-11-28 00:00:00-05:00,122.40018573564032,123.2235877619801,120.30928922244341,120.54984283447266,1049300,0.0,0.0
2022-11-29 00:00:00-05:00,120.91989152716853,122.67772554645526,120.882890884981,121.96533966064453,1648700,0.0,0.0
2022-11-30 00:00:00-05:00,121.7895765134189,125.32373844331741,121.07719050087448,125.10169219970703,2036700,0.0,0.0
2022-12-01 00:00:00-05:00,126.19338775915703,126.72998892662375,123.95447440889745,124.86115264892578,794900,0.0,0.0
2022-12-02 00:00:00-05:00,123.14031457670114,127.39609439408925,123.01079115001966,127.02603149414062,776600,0.0,0.0
2022-12-05 00:00:00-05:00,125.23120768355872,125.7400548030231,123.78794248434774,124.5188217163086,924800,0.0,0.0
2022-12-06 00:00:00-05:00,124.85189767540022,125.67529978907476,120.79965589159623,122.1596450805664,885400,0.0,0.0
2022-12-07 00:00:00-05:00,121.47502338810662,122.08563997932916,119.16209458832165,119.75420379638672,1670600,0.0,0.0
2022-12-08 00:00:00-05:00,120.49434587165017,121.05870107301321,119.66168301946024,120.60536193847656,1099100,0.0,0.0
2022-12-09 00:00:00-05:00,120.68862723785324,121.85435243890407,120.30930350998757,120.65162658691406,718800,0.0,0.0
2022-12-12 00:00:00-05:00,120.79965102682888,122.47420920384279,120.30929713812058,122.418701171875,1038300,0.0,0.0
2022-12-13 00:00:00-05:00,126.68374277599007,127.41463625914892,123.16810192398044,124.03776550292969,1171200,0.0,0.0
2022-12-14 00:00:00-05:00,123.6676706620624,124.97216584352904,121.66005023436382,122.83502197265625,880800,0.0,0.0
2022-12-15 00:00:00-05:00,120.67011234477322,120.67011234477322,118.54222918174149,119.13433837890625,1084500,0.0,0.0
2022-12-16 00:00:00-05:00,117.718807325278,118.21840072984955,115.87771820993855,116.72887420654297,1658600,0.0,0.0
2022-12-19 00:00:00-05:00,116.60862518328895,117.4505276390676,115.46141441627786,116.22930145263672,682000,0.0,0.0
2022-12-20 00:00:00-05:00,115.84072468845194,116.7658962045886,114.3049436420843,115.42440032958984,1106800,0.0,0.0
2022-12-21 00:00:00-05:00,116.32180968573931,118.23691430772296,116.32180968573931,117.63555145263672,909500,0.0,0.0
2022-12-22 00:00:00-05:00,115.91473019991786,116.46057795972146,113.99962560748325,116.44207763671875,722700,0.0,0.0
2022-12-23 00:00:00-05:00,115.87772871867355,117.30249365532813,115.57242043399793,117.23773193359375,458200,0.0,0.0
2022-12-27 00:00:00-05:00,117.02493628056276,118.2461623283609,116.59935825495866,116.96017456054688,701900,0.0,0.0
2022-12-28 00:00:00-05:00,117.5060367539444,117.99637653027796,114.95256138187881,114.97106170654297,640600,0.0,0.0
2022-12-29 00:00:00-05:00,115.98877051155817,117.35802057966744,115.66495479225586,116.94169616699219,648800,0.0,0.0
2022-12-30 00:00:00-05:00,115.84997624311653,116.58086257440297,114.87854334569191,116.33106231689453,648800,0.0,0.0
2023-01-03 00:00:00-05:00,117.30250054085761,117.89460976247044,115.7297046859183,117.3487548828125,1001100,0.0,0.0
2023-01-04 00:00:00-05:00,119.20835738589227,120.47583786560145,118.33869388825345,120.24454498291016,763000,0.0,0.0
2023-01-05 00:00:00-05:00,117.07118817688284,117.07118817688284,113.36124893803513,113.8978500366211,1610700,0.0,0.0
2023-01-06 00:00:00-05:00,115.51691307636442,119.22684567782608,114.35119501985736,118.88453674316406,1231700,0.0,0.0
2023-01-09 00:00:00-05:00,119.05106756482539,121.25298035807698,117.57080156388945,119.22685241699219,1299600,0.0,0.0
2023-01-10 00:00:00-05:00,117.49676553173788,120.13350961763392,117.37649579311882,120.06874084472656,981600,0.0,0.0
2023-01-11 00:00:00-05:00,122.11340104187273,122.5944800957498,119.97624284927349,122.2059097290039,1417500,0.0,0.0
2023-01-12 00:00:00-05:00,122.5759658595399,122.68698191190504,120.76262367460166,121.77105712890625,1044500,0.0,0.0
2023-01-13 00:00:00-05:00,120.63307901693902,122.84423774515038,120.60532500873079,122.49266815185547,871200,0.0,0.0
2023-01-17 00:00:00-05:00,122.45570504367551,122.7147519443408,119.8559752867863,120.84590148925781,1689700,0.0,0.0
2023-01-18 00:00:00-05:00,121.68779961256281,122.12263132314887,118.15364495812676,118.2184066772461,1973300,0.0,0.0
2023-01-19 00:00:00-05:00,116.36807044670715,117.06194907353216,114.09214939774091,114.3511962890625,2904400,0.0,0.0
2023-01-20 00:00:00-05:00,123.39009257912892,123.39009257912892,116.3402917439701,121.19744110107422,4117400,0.0,0.0
2023-01-23 00:00:00-05:00,120.3648113677551,122.40018573564032,119.15282490921362,120.54984283447266,1788200,0.0,0.0
2023-01-24 00:00:00-05:00,120.49434462017274,122.16890282339943,118.14440103877399,121.16971588134766,1259500,0.0,0.0
2023-01-25 00:00:00-05:00,119.42113150413039,119.652424364779,118.20915211455306,118.56071472167969,1578500,0.0,0.0
2023-01-26 00:00:00-05:00,116.3403123774114,118.86602653829324,116.08126549511563,118.14439392089844,2149900,0.0,0.0
2023-01-27 00:00:00-05:00,117.7835718247993,119.02329814587057,117.51527126460525,117.8205795288086,1564100,0.0,0.0
2023-01-30 00:00:00-05:00,117.5337817531647,119.87447144877459,117.45051265231791,118.09813690185547,1333300,0.0,0.0
2023-01-31 00:00:00-05:00,118.74578575563172,120.70714511688878,118.09816137190576,120.58686828613281,2276200,0.0,0.0
2023-02-01 00:00:00-05:00,120.66085491460235,123.32535312191125,119.9762229816145,122.13187408447266,1661300,0.0,0.0
2023-02-02 00:00:00-05:00,122.15964440843004,124.84265035513363,120.50359355682473,124.37080383300781,1327100,0.0,0.0
2023-02-03 00:00:00-05:00,122.78875091590817,123.40861406783758,120.13351348121142,120.9476547241211,1007200,0.0,0.0
2023-02-06 00:00:00-05:00,119.596926332041,120.06875872507818,118.88454030894803,119.75420379638672,987500,0.0,0.0
2023-02-07 00:00:00-05:00,119.3101142435152,121.78956690846967,119.00480597650291,121.44725799560547,1380400,0.0,0.0
2023-02-08 00:00:00-05:00,120.19828572638943,122.17815227285269,119.9022381721039,120.62387084960938,1050200,0.0,0.0
2023-02-09 00:00:00-05:00,122.36316752869874,122.89052201684942,118.2924189074825,119.21759033203125,961400,0.0,0.0
2023-02-10 00:00:00-05:00,118.40345879163883,118.74577480827101,116.33106942497199,116.78440856933594,1104800,0.0,0.0
2023-02-13 00:00:00-05:00,117.45051024654606,119.21759106639813,116.60860791543953,119.10657501220703,992200,0.0,0.0
2023-02-14 00:00:00-05:00,119.06030742627311,121.16045041648874,119.02329266547034,120.06874084472656,1147100,0.0,0.0
2023-02-15 00:00:00-05:00,119.3748619042541,121.34548145898302,118.6624759896581,121.23445129394531,911000,0.0,0.0
2023-02-16 00:00:00-05:00,119.25449402801488,121.8665968753649,118.94774140808615,120.05392456054688,1075700,0.62,0.0
2023-02-17 00:00:00-05:00,119.73784386284966,120.95557762656829,119.35671696736534,120.7603759765625,1255500,0.0,0.0
2023-02-21 00:00:00-05:00,121.07644346697107,121.07644346697107,117.20943042883074,117.31168365478516,1495500,0.0,0.0
2023-02-22 00:00:00-05:00,117.70209847776034,119.74715573436754,117.69280079652475,119.60771179199219,1252100,0.0,0.0
2023-02-23 00:00:00-05:00,120.35138775830511,120.93702119636882,117.3767605232671,119.1429443359375,1137800,0.0,0.0
2023-02-24 00:00:00-05:00,116.89337632011576,120.66742659825056,116.47507284008572,120.57447814941406,1263300,0.0,0.0
2023-02-27 00:00:00-05:00,122.13614602436999,123.3631846730719,121.85727231474627,122.34065246582031,1226700,0.0,0.0
2023-02-28 00:00:00-05:00,121.95025864796875,124.10685310772378,121.95025864796875,122.75897979736328,1535300,0.0,0.0
2023-03-01 00:00:00-05:00,122.01528928138978,125.21301067848317,121.79220167589358,123.84654235839844,2651000,0.0,0.0
2023-03-02 00:00:00-05:00,122.84262549887347,125.96598013918256,122.666019177256,125.34317016601562,1641700,0.0,0.0
2023-03-03 00:00:00-05:00,126.52369347664539,127.82508498229271,125.1107439961543,127.77861785888672,1288100,0.0,0.0
2023-03-06 00:00:00-05:00,127.72286070199866,128.03892515417397,124.19050747703201,124.2276840209961,1451600,0.0,0.0
2023-03-07 00:00:00-05:00,123.86515383565454,124.37641997160996,120.76039465964443,121.6899642944336,1610000,0.0,0.0
2023-03-08 00:00:00-05:00,121.57840981280565,122.45220756426133,120.93701866088249,121.96884155273438,944600,0.0,0.0
2023-03-09 00:00:00-05:00,122.03389733551799,122.9076950388723,117.99027094812753,118.42716979980469,1246800,0.0,0.0
2023-03-10 00:00:00-05:00,118.08323382180082,118.46436078996501,115.45254995858866,117.12577819824219,2401000,0.0,0.0
2023-03-13 00:00:00-04:00,115.67564743231632,117.79506506142029,114.95058425310218,115.92662811279297,1316300,0.0,0.0
2023-03-14 00:00:00-04:00,118.38068378283269,120.16546275415449,117.14435454781767,120.0632095336914,1952600,0.0,0.0
2023-03-15 00:00:00-04:00,118.86406109358104,119.18940901816848,114.56014953157934,116.59590911865234,1633300,0.0,0.0
2023-03-16 00:00:00-04:00,115.82437415590395,118.23196317874344,114.84833030236369,117.63703918457031,1356300,0.0,0.0
2023-03-17 00:00:00-04:00,116.82831313732177,116.97704059248848,113.6491866570511,113.86298370361328,2761400,0.0,0.0
2023-03-20 00:00:00-04:00,114.8297345738097,116.72605745873791,114.8297345738097,116.48436737060547,1045500,0.0,0.0
2023-03-21 00:00:00-04:00,118.20407362474796,118.78040223727106,117.14435775709391,117.68350982666016,791900,0.0,0.0
2023-03-22 00:00:00-04:00,117.33028351799317,118.10182803721574,114.8855107754028,114.90410614013672,948300,0.0,0.0
2023-03-23 00:00:00-04:00,115.06213028247019,116.78183271865487,113.73284539766837,114.81114959716797,940300,0.0,0.0
2023-03-24 00:00:00-04:00,114.12326067103787,116.64240061632998,112.38496999703214,116.60521697998047,1245900,0.0,0.0
2023-03-27 00:00:00-04:00,118.15760109735291,118.33422160377572,116.44718921992333,117.12577819824219,1142900,0.0,0.0
2023-03-28 00:00:00-04:00,117.22803088825341,117.78577126821341,116.23339163150776,117.33028411865234,1073800,0.0,0.0
2023-03-29 00:00:00-04:00,119.1336405441526,119.7936270015633,118.69674170767797,119.2080078125,856700,0.0,0.0
2023-03-30 00:00:00-04:00,120.23052569840195,121.77361460057948,119.7378549572655,120.68601989746094,987300,0.0,0.0
2023-03-31 00:00:00-04:00,121.35531084035182,124.33922123268968,120.89052605290054,124.17190551757812,1497800,0.0,0.0
2023-04-03 00:00:00-04:00,128.3921386095421,130.34424029108865,127.59270824846465,130.17691040039062,3701000,0.0,0.0
2023-04-04 00:00:00-04:00,130.11186345372903,130.30706513474132,128.2527241764696,128.5780792236328,1966000,0.0,0.0
2023-04-05 00:00:00-04:00,127.59273642981489,129.50766199421358,127.536964515299,129.16371154785156,1819700,0.0,0.0
2023-04-06 00:00:00-04:00,127.48115040744332,128.68959349705136,127.33241589522306,128.3456573486328,1461700,0.0,0.0
2023-04-10 00:00:00-04:00,128.00174040873208,129.4425762305253,127.49977902916856,128.59666442871094,935200,0.0,0.0
2023-04-11 00:00:00-04:00,129.38677572245047,131.31097713360964,128.91268621886735,129.48902893066406,1192600,0.0,0.0
2023-04-12 00:00:00-04:00,130.7532698056709,131.4039657210252,128.07610468637642,128.28990173339844,1306200,0.0,0.0
2023-04-13 00:00:00-04:00,129.17300608139738,129.63779091099005,128.0853970981361,129.47975158691406,1764300,0.0,0.0
2023-04-14 00:00:00-04:00,129.2473491127371,130.21410942614654,127.81581819001569,128.6710205078125,1024700,0.0,0.0
2023-04-17 00:00:00-04:00,129.16369803632827,131.07860921630396,128.6245459455602,131.00424194335938,978400,0.0,0.0
2023-04-18 00:00:00-04:00,131.69213971124736,132.4265077285806,130.79976072869815,131.63636779785156,1197100,0.0,0.0
2023-04-19 00:00:00-04:00,131.66424374261658,132.35213038510938,130.03749686643422,130.65101623535156,1544800,0.0,0.0
2023-04-20 00:00:00-04:00,129.63779058280323,131.59918312608312,129.2938401645824,131.4876251220703,2075300,0.0,0.0
2023-04-21 00:00:00-04:00,134.65745058698315,134.91772893593193,131.24593191373418,131.98028564453125,2747000,0.0,0.0
2023-04-24 00:00:00-04:00,134.77829087490682,135.26165681656636,131.90591025551464,132.89126586914062,1767700,0.0,0.0
2023-04-25 00:00:00-04:00,132.14760948988143,132.80759592157722,129.9166340787029,130.53944396972656,1475800,0.0,0.0
2023-04-26 00:00:00-04:00,129.57271554809654,130.5580571274261,127.24879137642961,127.94596862792969,1948500,0.0,0.0
2023-04-27 00:00:00-04:00,128.98705545748814,129.19156187705383,126.88623354680044,129.14508056640625,1696000,0.0,0.0
2023-04-28 00:00:00-04:00,129.26595842126352,131.4132621290504,129.26595842126352,130.38143920898438,1518200,0.0,0.0
2023-05-01 00:00:00-04:00,130.27917280932414,131.59917411364106,129.7586161066052,129.91664123535156,948100,0.0,0.0
2023-05-02 00:00:00-04:00,129.26596872179326,130.09328524188908,127.50908244050622,129.7679443359375,1264500,0.0,0.0
2023-05-03 00:00:00-04:00,130.45580376415833,131.42256416169118,128.45723465219538,128.59666442871094,1031900,0.0,0.0
2023-05-04 00:00:00-04:00,128.55946243019616,128.55946243019616,125.18512066551295,125.9566650390625,1029200,0.0,0.0
2023-05-05 00:00:00-04:00,127.00712541885953,128.68033969979348,126.96064409236483,128.3085174560547,987400,0.0,0.0
2023-05-08 00:00:00-04:00,128.45720923973533,129.45184121169754,127.76932271542447,128.91268920898438,1258600,0.0,0.0
2023-05-09 00:00:00-04:00,128.29643349765226,128.62324963140912,127.33467821555027,128.0536651611328,1303800,0.62,0.0
2023-05-10 00:00:00-04:00,129.8837897684144,130.39733754514123,126.4569369173773,127.79219818115234,1019800,0.0,0.0
2023-05-11 00:00:00-04:00,126.9518273760819,128.28707431900756,125.99940460522366,128.1470184326172,946000,0.0,0.0
2023-05-12 00:00:00-04:00,129.02474496874015,129.52897473051883,127.25996929812165,128.95005798339844,871400,0.0,0.0
2023-05-15 00:00:00-04:00,129.56631273187406,131.45247960738877,129.14613078006906,131.3124237060547,1423200,0.0,0.0
2023-05-16 00:00:00-04:00,130.27595488309078,130.89221503806047,129.62233699278872,130.09854125976562,1247700,0.0,0.0
2023-05-17 00:00:00-04:00,130.7334931417616,133.35732576659356,130.3413223690052,132.9744873046875,1212200,0.0,0.0
2023-05-18 00:00:00-04:00,133.07721131326102,133.73082932481944,131.88202002132448,133.1239013671875,1202700,0.0,0.0
2023-05-19 00:00:00-04:00,133.88021300250793,133.88021300250793,132.09675862665006,132.9651336669922,760700,0.0,0.0
2023-05-22 00:00:00-04:00,132.6570181921445,133.71213923376536,131.29374567002705,131.35910034179688,1018000,0.0,0.0
2023-05-23 00:00:00-04:00,130.22930719045584,130.78021285945928,127.75489071252102,127.8109130859375,1077700,0.0,0.0
2023-05-24 00:00:00-04:00,126.186174045713,126.8491386096786,123.68374675731039,124.57080078125,2468400,0.0,0.0
2023-05-25 00:00:00-04:00,124.86959700083037,125.08436840654456,123.03011994721908,124.22531127929688,2000200,0.0,0.0
2023-05-26 00:00:00-04:00,124.9255978583139,125.55121884817227,124.15993522169357,124.86957550048828,1070200,0.0,0.0
2023-05-30 00:00:00-04:00,125.04702231657996,125.8313640298881,123.21689165219429,125.44853973388672,1102700,0.0,0.0
2023-05-31 00:00:00-04:00,125.35512835793037,125.35512835793037,121.99364435647388,122.59123992919922,2365700,0.0,0.0
2023-06-01 00:00:00-04:00,123.09547803651235,126.1861685175528,123.09547803651235,126.0367660522461,1489900,0.0,0.0
2023-06-02 00:00:00-04:00,128.20309538343542,130.54678844985497,127.54947722226336,130.33203125,1294300,0.0,0.0
2023-06-05 00:00:00-04:00,129.295559837539,130.25731521868406,128.76331880737615,128.78199768066406,1216100,0.0,0.0
2023-06-06 00:00:00-04:00,129.16484828558438,130.89226665922587,128.85671096267592,129.99588012695312,958800,0.0,0.0
2023-06-07 00:00:00-04:00,129.267513600841,132.97447819013883,129.09009997222546,132.4515838623047,1224600,0.0,0.0
2023-06-08 00:00:00-04:00,132.4049137217805,132.83442802087504,130.49073550347464,131.816650390625,1417800,0.0,0.0
2023-06-09 00:00:00-04:00,131.20973438393887,131.9847437525673,129.57568209109465,130.41604614257812,1174000,0.0,0.0
2023-06-12 00:00:00-04:00,130.73350837387534,131.583218937751,130.3506841151682,130.71484375,1591900,0.0,0.0
2023-06-13 00:00:00-04:00,130.77086705066424,132.535642870185,130.77086705066424,131.95672607421875,2216800,0.0,0.0
2023-06-14 00:00:00-04:00,133.88956627350845,133.88956627350845,130.85489794070202,131.37779235839844,1932400,0.0,0.0
2023-06-15 00:00:00-04:00,131.30307677197976,132.2461673309418,130.32265696983907,131.91001892089844,1587900,0.0,0.0
2023-06-16 00:00:00-04:00,132.5262986081363,133.96427255878405,131.26575257108283,133.60011291503906,2675500,0.0,0.0
2023-06-20 00:00:00-04:00,132.0874539915116,133.04920932810563,131.7513055269289,132.62901306152344,1386200,0.0,0.0
2023-06-21 00:00:00-04:00,132.3395798178587,133.96430008024245,132.03144247941654,132.90916442871094,1532300,0.0,0.0
2023-06-22 00:00:00-04:00,133.3666715780353,133.82421131646885,131.2470684806123,131.4431610107422,1613100,0.0,0.0
2023-06-23 00:00:00-04:00,129.93985908884062,131.10703945379254,129.03412598581335,129.687744140625,3212800,0.0,0.0
2023-06-26 00:00:00-04:00,129.99585563145996,132.19015998059854,129.4729612115302,131.7326202392578,1198400,0.0,0.0
2023-06-27 00:00:00-04:00,131.89135726845794,135.37421885508218,131.86334608461465,134.86065673828125,1119900,0.0,0.0
2023-06-28 00:00:00-04:00,134.72995496320638,135.24351716322678,133.21729379933439,133.80555725097656,1609400,0.0,0.0
2023-06-29 00:00:00-04:00,133.71214985211722,136.20524484429052,133.5627473793463,135.73837280273438,1194000,0.0,0.0
2023-06-30 00:00:00-04:00,136.6067852011001,139.13722411346092,136.36400258003374,138.47427368164062,1352100,0.0,0.0
2023-07-03 00:00:00-04:00,137.68990876100568,139.74414289423572,137.18567897736858,139.1932373046875,780600,0.0,0.0
2023-07-05 00:00:00-04:00,138.10076162447885,139.34264312150688,136.09321729151364,136.49472045898438,1832300,0.0,0.0
2023-07-06 00:00:00-04:00,135.04742804497357,135.69171382185763,133.40402913632886,135.607666015625,1491500,0.0,0.0
2023-07-07 00:00:00-04:00,135.49560517381005,138.23146851258733,135.49560517381005,137.04562377929688,1546300,0.0,0.0
2023-07-10 00:00:00-04:00,136.7748388038129,138.9971544352556,136.36398909906168,138.1007537841797,891700,0.0,0.0
2023-07-11 00:00:00-04:00,139.20256987170845,140.715230729787,138.72636551766993,140.61251831054688,1448800,0.0,0.0
2023-07-12 00:00:00-04:00,142.09717606078704,142.39598102384898,140.40710145090685,141.6209716796875,1381700,0.0,0.0
2023-07-13 00:00:00-04:00,141.733004814562,141.75168368517552,140.45378000970788,141.4715576171875,1350200,0.0,0.0
2023-07-14 00:00:00-04:00,141.21946381619765,141.21946381619765,139.05317064986585,139.81884765625,1189300,0.0,0.0
2023-07-17 00:00:00-04:00,139.3146403909615,141.77972466123006,139.0158496373748,141.18212890625,1391600,0.0,0.0
2023-07-18 00:00:00-04:00,140.93933245941142,142.76013054963158,140.55649397054864,141.34083557128906,1259000,0.0,0.0
2023-07-19 00:00:00-04:00,141.51823710421576,142.1251792475101,139.48268204122894,140.3043670654297,1518800,0.0,0.0
2023-07-20 00:00:00-04:00,140.2296852152117,140.48180011719936,138.7917255382915,139.8001708984375,2254300,0.0,0.0
2023-07-21 00:00:00-04:00,136.6814603917711,142.48934959880395,135.47692257269574,139.45468139648438,2935900,0.0,0.0
2023-07-24 00:00:00-04:00,140.50045874869542,141.17275555860925,135.48625810190703,136.20523071289062,2230200,0.0,0.0
2023-07-25 00:00:00-04:00,137.97005310038986,138.67970788936083,136.60679439660098,137.26974487304688,2631000,0.0,0.0
2023-07-26 00:00:00-04:00,135.5423116324142,137.00828261907955,134.95404822650465,136.49472045898438,2449800,0.0,0.0
2023-07-27 00:00:00-04:00,137.20435801048825,137.44712634316812,134.66457296166786,135.20614624023438,1616300,0.0,0.0
2023-07-28 00:00:00-04:00,136.72815036089108,137.2417124978926,135.08476577029137,135.77574157714844,1573200,0.0,0.0
2023-07-31 00:00:00-04:00,136.09318523788974,136.09318523788974,133.366654522963,134.36575317382812,2012600,0.0,0.0
2023-08-01 00:00:00-04:00,133.83355047417308,136.69080528807885,133.50673432317393,135.90646362304688,2945900,0.0,0.0
2023-08-02 00:00:00-04:00,133.52542401339613,134.2724222420533,132.16215117751136,132.37692260742188,2133300,0.0,0.0
2023-08-03 00:00:00-04:00,131.50852065706445,132.42360016850157,130.6494777619273,130.98562622070312,1413900,0.0,0.0
2023-08-04 00:00:00-04:00,132.218179299128,133.31065826108633,131.2097338924422,131.2564239501953,1358300,0.0,0.0
2023-08-07 00:00:00-04:00,132.48894837364085,134.3564365538305,131.66724901506012,133.76817321777344,1562400,0.0,0.0
2023-08-08 00:00:00-04:00,131.40581652369423,134.9167038141735,131.0229922322201,133.83355712890625,1675000,0.0,0.0
2023-08-09 00:00:00-04:00,134.02114876161522,134.02114876161522,130.41922583428163,130.79443359375,1719800,0.65,0.0
2023-08-10 00:00:00-04:00,131.10399927180978,131.92942787237183,130.1472371962125,130.8038330078125,1367100,0.0,0.0
2023-08-11 00:00:00-04:00,130.34417621957542,130.62556409998157,127.83033475716971,128.1680145263672,1291100,0.0,0.0
2023-08-14 00:00:00-04:00,128.0273283908268,131.36659836050566,127.99918960107082,130.97264099121094,1727700,0.0,0.0
2023-08-15 00:00:00-04:00,129.75323785001382,131.1039569768203,129.6406826936835,130.25975036621094,1263700,0.0,0.0
2023-08-16 00:00:00-04:00,130.3441974515089,131.1321122704108,128.9747141887117,129.1060333251953,939500,0.0,0.0
2023-08-17 00:00:00-04:00,129.8095054691186,130.77564198739307,129.09663234586748,129.5093536376953,1106100,0.0,0.0
2023-08-18 00:00:00-04:00,128.66518460964562,131.36662344372183,128.66518460964562,130.8788604736328,1594100,0.0,0.0
2023-08-21 00:00:00-04:00,130.80380513544068,131.19776253845413,128.9653372547112,130.0065155029297,992600,0.0,0.0
2023-08-22 00:00:00-04:00,130.74752400107863,131.028926227794,129.4061939019556,129.78138732910156,891000,0.0,0.0
2023-08-23 00:00:00-04:00,130.222273650941,130.2879260731665,129.14356728384502,129.30303955078125,1331800,0.0,0.0
2023-08-24 00:00:00-04:00,129.20920277857823,131.0382957085458,128.7026902413223,128.74020385742188,1157500,0.0,0.0
2023-08-25 00:00:00-04:00,129.18104816904,130.9444884767077,128.15863408117286,129.79074096679688,1501900,0.0,0.0
2023-08-28 00:00:00-04:00,130.34417329114927,131.94814142426858,130.17532625398894,130.22222900390625,1243500,0.0,0.0
2023-08-29 00:00:00-04:00,130.22225933731264,132.32337993372948,129.85644070308115,132.22019958496094,1123800,0.0,0.0
2023-08-30 00:00:00-04:00,132.27648292901992,133.32703611658758,131.9950806644318,133.2332305908203,1199900,0.0,0.0
2023-08-31 00:00:00-04:00,133.50524674348407,133.98362053395005,132.53911002314072,132.9705810546875,1202400,0.0,0.0
2023-09-01 00:00:00-04:00,133.81478535448656,134.4995198216305,132.47344089978594,133.205078125,1101500,0.0,0.0
2023-09-05 00:00:00-04:00,132.71731311735724,133.18631201468136,127.96165742838954,128.00856018066406,1772700,0.0,0.0
2023-09-06 00:00:00-04:00,128.44944721193042,129.43434796528655,127.74594871849226,128.55262756347656,2163500,0.0,0.0
2023-09-07 00:00:00-04:00,128.17739423168737,128.72143467570314,126.63907840515367,127.73653411865234,1176000,0.0,0.0
2023-09-08 00:00:00-04:00,127.48329413916466,128.34625046334173,127.12685036795894,127.28630828857422,1271800,0.0,0.0
2023-09-11 00:00:00-04:00,128.4494266437091,128.67453696542646,127.3425817486578,127.89601135253906,854300,0.0,0.0
2023-09-12 00:00:00-04:00,126.05754296645898,126.85484694296251,125.25086416310359,125.54164123535156,1448500,0.0,0.0
2023-09-13 00:00:00-04:00,125.27899202727187,125.82303250418657,124.21904986425604,124.75371551513672,1166700,0.0,0.0
2023-09-14 00:00:00-04:00,126.18886766822745,126.37646440252301,124.81939862642777,126.05754852294922,1036400,0.0,0.0
2023-09-15 00:00:00-04:00,125.27899522807508,127.30507409468565,125.24148161026905,125.50411987304688,2213900,0.0,0.0
2023-09-18 00:00:00-04:00,125.26023886687688,125.5228914583112,124.08774143947245,124.27535247802734,978900,0.0,0.0
2023-09-19 00:00:00-04:00,124.06899578898081,124.37853683732872,122.25865226004545,124.0127182006836,1454500,0.0,0.0
2023-09-20 00:00:00-04:00,125.25085469454366,125.41970175410214,122.47438900873283,122.69012451171875,807700,0.0,0.0
2023-09-21 00:00:00-04:00,121.98663999724427,121.98663999724427,120.06374127829147,120.33575439453125,1448600,0.0,0.0
2023-09-22 00:00:00-04:00,120.57024842907795,123.18727068635833,120.345138084512,122.06167602539062,1660500,0.0,0.0
2023-09-25 00:00:00-04:00,121.33943091183377,124.05961958984037,121.33943091183377,123.8626480102539,1174600,0.0,0.0
2023-09-26 00:00:00-04:00,123.16850928159984,123.68441101981372,120.56087610958738,120.63591766357422,1200000,0.0,0.0
2023-09-27 00:00:00-04:00,121.38632259688687,121.89283521087161,119.06946643038974,120.09188079833984,1313400,0.0,0.0
2023-09-28 00:00:00-04:00,120.34513385836075,123.06532205290078,119.81985016618003,122.46500396728516,936000,0.0,0.0
2023-09-29 00:00:00-04:00,123.62811662821493,123.69376903358393,121.51762151461277,121.75212097167969,1117900,0.0,0.0
2023-10-02 00:00:00-04:00,121.39568052623028,122.05227616137483,120.45768267239195,121.3487777709961,1177700,0.0,0.0
2023-10-03 00:00:00-04:00,119.94180887481804,122.23051916739429,119.7823437732766,120.6734390258789,1305600,0.0,0.0
2023-10-04 00:00:00-04:00,123.13097490613232,125.21333116195007,121.78963061287183,124.96006774902344,2719800,0.0,0.0
2023-10-05 00:00:00-04:00,124.41603842343929,125.51349422721407,122.03353010214144,123.18726348876953,1932300,0.0,0.0
2023-10-06 00:00:00-04:00,122.67136298929981,125.66357855038794,122.17422525229209,124.87566375732422,1556200,0.0,0.0
2023-10-09 00:00:00-04:00,123.56245078401017,123.70315904687205,120.57023540064073,120.77659606933594,1886100,0.0,0.0
2023-10-10 00:00:00-04:00,121.71459155884348,123.67501787367131,121.4613424534521,122.20235443115234,2128200,0.0,0.0
2023-10-11 00:00:00-04:00,124.2847104624143,124.90379245523992,122.6901170397783,124.30347442626953,1233100,0.0,0.0
2023-10-12 00:00:00-04:00,124.94130715954704,124.9788350875847,120.75784488413575,121.9959945678711,826000,0.0,0.0
2023-10-13 00:00:00-04:00,121.79903287636789,122.36182302798416,119.96055069724578,120.4952163696289,1355100,0.0,0.0
2023-10-16 00:00:00-04:00,121.89281291711697,122.99965777888777,121.2174533468492,122.26802062988281,1143500,0.0,0.0
2023-10-17 00:00:00-04:00,120.96420687226129,124.23781015013482,120.81412378389217,123.29981231689453,1812800,0.0,0.0
2023-10-18 00:00:00-04:00,121.68645373462256,122.14607782108942,119.71665973493258,119.85736083984375,2319700,0.0,0.0
2023-10-19 00:00:00-04:00,118.18774103401923,121.24560918121169,116.20856479816325,116.63066101074219,4053100,0.0,0.0
2023-10-20 00:00:00-04:00,117.03398666236504,118.61920529271188,116.66816807941662,116.98709106445312,2234200,0.0,0.0
2023-10-23 00:00:00-04:00,116.31174264274473,117.34353892846558,115.73018135324277,116.02096557617188,1482100,0.0,0.0
2023-10-24 00:00:00-04:00,117.28727306481922,117.97200761060563,114.31382106438905,115.2330551147461,1573500,0.0,0.0
2023-10-25 00:00:00-04:00,114.857834697805,114.97039701690436,112.97246415829213,113.94798278808594,1133400,0.0,0.0
2023-10-26 00:00:00-04:00,114.58580759892004,115.88962388780473,114.20122508964586,114.44510650634766,1440000,0.0,0.0
2023-10-27 00:00:00-04:00,114.24813917186184,115.0548178825149,112.86928120931867,113.23509979248047,838900,0.0,0.0
2023-10-30 00:00:00-04:00,114.68898762609953,115.43938872712954,113.0005958833149,114.26689147949219,1161600,0.0,0.0
2023-10-31 00:00:00-04:00,114.40761069724047,115.68328847718543,114.2106319872079,115.15800476074219,1970100,0.0,0.0
2023-11-01 00:00:00-04:00,115.45815911181305,116.06785918355435,114.07930819778139,115.3456039428711,1094200,0.0,0.0
2023-11-02 00:00:00-04:00,115.7676859272894,117.43732085428498,115.59884603824743,117.1746826171875,1622200,0.0,0.0
2023-11-03 00:00:00-04:00,118.50665045074949,121.44258843799285,118.50665045074949,120.35450744628906,1098500,0.0,0.0
2023-11-06 00:00:00-05:00,120.08250999282735,121.17057681351594,119.07884524579737,119.8292465209961,977900,0.0,0.0
2023-11-07 00:00:00-05:00,119.08822407401065,120.60778339566056,118.66612784061961,119.8855209350586,1521900,0.0,0.0
2023-11-08 00:00:00-05:00,119.82923243817069,121.72399221500686,119.56659416962455,121.51763153076172,1340300,0.0,0.0
2023-11-09 00:00:00-05:00,122.08325644738333,122.5357617871424,119.9432673947951,120.07524871826172,1170600,0.65,0.0
2023-11-10 00:00:00-05:00,120.54661050390118,121.64959314904894,119.85841602165645,121.43276977539062,1283600,0.0,0.0
2023-11-13 00:00:00-05:00,120.92371211832565,122.8468707106623,120.92371211832565,121.87586212158203,1574800,0.0,0.0
2023-11-14 00:00:00-05:00,124.14783679405811,126.73090197841675,123.49735225540591,125.86359405517578,2368000,0.0,0.0
2023-11-15 00:00:00-05:00,126.04271274107121,127.96588564223784,125.46764816771761,125.96729278564453,2094200,0.0,0.0
2023-11-16 00:00:00-05:00,126.02385034452315,127.58878200630453,125.9390082915662,127.41909790039062,1274000,0.0,0.0
2023-11-17 00:00:00-05:00,127.97531719235576,128.23927986339805,127.41911116300858,128.08843994140625,961700,0.0,0.0
2023-11-20 00:00:00-05:00,127.67362912765444,128.43725078923688,126.93830253639943,127.79618835449219,902100,0.0,0.0
2023-11-21 00:00:00-05:00,128.1261559975841,129.2197238451629,127.60765276081086,128.75778198242188,982700,0.0,0.0
2023-11-22 00:00:00-05:00,129.52139227488357,129.99275624915492,128.15443962647407,128.81434631347656,734300,0.0,0.0
2023-11-24 00:00:00-05:00,128.99346460584036,129.31398865020864,128.06015877500565,128.63522338867188,355900,0.0,0.0
2023-11-27 00:00:00-05:00,127.87159838773155,129.7853346735019,127.5039351206349,129.42709350585938,1161000,0.0,0.0
2023-11-28 00:00:00-05:00,129.60621729252188,130.728065705328,128.6540673682765,130.17185974121094,1619700,0.0,0.0
2023-11-29 00:00:00-05:00,131.55767822265625,132.44384472936116,131.04859711311326,131.55767822265625,1252900,0.0,0.0
2023-11-30 00:00:00-05:00,131.77447562772758,133.94275219615213,131.14284980031786,133.85791015625,2751100,0.0,0.0
2023-12-01 00:00:00-05:00,133.61281539541733,135.6208303377565,133.34885274575316,135.4040069580078,1553500,0.0,0.0
2023-12-04 00:00:00-05:00,134.82894746503885,136.46928479472666,134.58382900620379,134.9514923095703,2813400,0.0,0.0
2023-12-05 00:00:00-05:00,134.1595937913553,134.58381843346916,133.19800738698154,134.48011779785156,1902500,0.0,0.0
2023-12-06 00:00:00-05:00,135.62085064715032,136.36559943775444,134.23503933644355,134.52728271484375,1992000,0.0,0.0
2023-12-07 00:00:00-05:00,135.86595014944174,137.07264079773023,135.26260482529747,136.67669677734375,1533400,0.0,0.0
2023-12-08 00:00:00-05:00,136.67670630523386,137.49688947631992,135.52657695326843,135.73397827148438,1136600,0.0,0.0
2023-12-11 00:00:00-05:00,136.5352768039502,138.45843529652035,136.21475278600275,137.4874267578125,2053300,0.0,0.0
2023-12-12 00:00:00-05:00,137.6759832992493,138.48672991052945,136.99723241027905,137.0443572998047,1998800,0.0,0.0
2023-12-13 00:00:00-05:00,137.0066563657916,139.11837217803097,136.90295571463503,139.0240936279297,2579700,0.0,0.0
2023-12-14 00:00:00-05:00,141.0321034544044,142.50275671707857,140.43818025798345,140.6078643798828,2463400,0.0,0.0
2023-12-15 00:00:00-05:00,140.31560430682694,141.5505754409115,139.7593983492428,140.16476440429688,2920900,0.0,0.0
2023-12-18 00:00:00-05:00,140.10821469666578,140.88125847280025,139.08064474682598,140.23077392578125,2411000,0.0,0.0
2023-12-19 00:00:00-05:00,140.87184565478768,141.67317025151627,139.91027340057948,140.947265625,1926700,0.0,0.0
2023-12-20 00:00:00-05:00,140.87182669750064,140.94724665756362,137.83625601806327,137.93995666503906,1478600,0.0,0.0
2023-12-21 00:00:00-05:00,139.17493266842996,139.75941939765426,138.1096454755909,139.28805541992188,1399200,0.0,0.0
2023-12-22 00:00:00-05:00,139.61800654997595,140.88125847280025,139.38232457699144,140.23077392578125,1309400,0.0,0.0
2023-12-26 00:00:00-05:00,140.3156188807286,141.6920079607258,140.14593476142164,141.116943359375,870600,0.0,0.0
2023-12-27 00:00:00-05:00,140.75870358933082,141.9559720768235,140.73042290249046,141.56002807617188,1327700,0.0,0.0
2023-12-28 00:00:00-05:00,142.0313881970746,142.18222811273648,141.5223070779373,141.76742553710938,817100,0.0,0.0
2023-12-29 00:00:00-05:00,141.38091411202754,142.05967939785944,140.7492881014398,140.98497009277344,944200,0.0,0.0
2024-01-02 00:00:00-05:00,139.26918009633638,140.16476866942295,138.43015289219852,138.84495544433594,1842800,0.0,0.0
2024-01-03 00:00:00-05:00,138.25103786258626,138.56213978920528,136.00735528967266,137.280029296875,1739500,0.0,0.0
2024-01-04 00:00:00-05:00,136.5447046573508,137.81739306767173,136.10162139656563,136.61070251464844,1702500,0.0,0.0
2024-01-05 00:00:00-05:00,135.96962471128384,137.9022195518956,135.77165993151996,137.58169555664062,1081100,0.0,0.0
2024-01-08 00:00:00-05:00,137.7608525452258,139.02410466147205,137.223490659798,138.9486846923828,1013400,0.0,0.0
2024-01-09 00:00:00-05:00,137.89278918624416,138.1756103824083,136.98776423549566,137.85507202148438,955400,0.0,0.0
2024-01-10 00:00:00-05:00,137.6665382781437,139.0617713821628,137.6665382781437,138.8543701171875,929400,0.0,0.0
2024-01-11 00:00:00-05:00,139.29748368066902,139.29748368066902,137.36490279441688,138.00595092773438,1453300,0.0,0.0
2024-01-12 00:00:00-05:00,138.62814215915895,139.24090954722018,136.35616444177396,137.21405029296875,1104700,0.0,0.0
2024-01-16 00:00:00-05:00,136.47871462607782,136.70496010334304,134.83836299147805,135.52655029296875,2059000,0.0,0.0
2024-01-17 00:00:00-05:00,134.33872938269198,136.1393431727556,134.00876885481497,134.88551330566406,1917600,0.0,0.0
2024-01-18 00:00:00-05:00,135.45115364014052,136.95010210930874,135.20604953597692,136.64842224121094,2155000,0.0,0.0
2024-01-19 00:00:00-05:00,137.506307973248,137.506307973248,132.65126448067264,133.2923126220703,5496000,0.0,0.0
2024-01-22 00:00:00-05:00,133.59396256494347,134.94205641114726,133.59396256494347,133.99932861328125,2315800,0.0,0.0
2024-01-23 00:00:00-05:00,134.74409299597176,134.8100908542822,132.4438489835808,134.28216552734375,1740600,0.0,0.0
2024-01-24 00:00:00-05:00,134.810101917849,135.52657000822353,132.84922598194834,132.9529266357422,2555400,0.0,0.0
2024-01-25 00:00:00-05:00,133.70709562293752,134.93264473178223,132.92462976409735,134.6121063232422,1823000,0.0,0.0
2024-01-26 00:00:00-05:00,135.5548395098296,135.6868208415034,134.00876631669976,134.84779357910156,1633300,0.0,0.0
2024-01-29 00:00:00-05:00,134.6781005859375,135.21544797774175,133.38656804074267,134.6781005859375,1897800,0.0,0.0
2024-01-30 00:00:00-05:00,134.29158231243147,135.63969064775532,133.94277760341464,134.87608337402344,1389600,0.0,0.0
2024-01-31 00:00:00-05:00,135.1777887306205,135.18721083355157,132.4156021583705,132.96237182617188,2334100,0.0,0.0
2024-02-01 00:00:00-05:00,132.5569536863767,133.6788020458635,131.1994233819518,133.39598083496094,1429700,0.0,0.0
2024-02-02 00:00:00-05:00,132.13273979804876,132.67952368091662,130.70921152863718,132.06674194335938,1580600,0.0,0.0
2024-02-05 00:00:00-05:00,130.32269645745723,130.88832450742441,129.61565060633473,129.69107055664062,2700900,0.0,0.0
2024-02-06 00:00:00-05:00,130.07757556766774,131.88761118619271,130.07757556766774,131.87818908691406,1559800,0.0,0.0
2024-02-07 00:00:00-05:00,132.5192702381489,132.95291702456572,131.08631977610045,131.3879852294922,1384200,0.0,0.0
2024-02-08 00:00:00-05:00,131.55767656278192,131.7650778440699,128.72949296509353,130.69036865234375,1390100,0.0,0.0
2024-02-09 00:00:00-05:00,130.55838287239135,131.61423344301028,129.56851576999352,131.58595275878906,1205700,0.0,0.0
2024-02-12 00:00:00-05:00,131.78392425907634,133.21687466708912,131.27485753228657,132.83035278320312,1557100,0.0,0.0
2024-02-13 00:00:00-05:00,130.56782275213598,131.2654466226562,129.5590969279332,130.79408264160156,1677900,0.0,0.0
2024-02-14 00:00:00-05:00,131.60482317454625,132.87749723356998,130.80349868987892,132.07618713378906,1319500,0.0,0.0
2024-02-15 00:00:00-05:00,132.92857934218415,134.97435189197083,132.84332737816123,134.8891143798828,1816300,0.65,0.0
2024-02-16 00:00:00-05:00,134.70918425493096,135.02173631004857,134.02725512593574,134.40611267089844,2060000,0.0,0.0
2024-02-20 00:00:00-05:00,134.19772854633564,134.55763955791912,133.27901898135158,133.6957550048828,2568700,0.0,0.0
2024-02-21 00:00:00-05:00,133.96093931431307,135.12589533926777,133.32636930228296,135.10694885253906,1119400,0.0,0.0
2024-02-22 00:00:00-05:00,135.69418635298817,136.30034391461984,134.50080326619664,135.79837036132812,1305700,0.0,0.0
2024-02-23 00:00:00-05:00,136.3666306637217,137.07697221138596,136.00673410688816,136.7360076904297,892900,0.0,0.0
2024-02-26 00:00:00-05:00,134.49133645084032,135.54264254624476,132.4929082677539,134.8133544921875,2432900,0.0,0.0
2024-02-27 00:00:00-05:00,135.17325768334507,137.32322874443796,133.02328662225216,133.45896911621094,2176000,0.0,0.0
2024-02-28 00:00:00-05:00,133.0422460175827,134.5955257240695,132.0667113852613,133.0517120361328,1298800,0.0,0.0
2024-02-29 00:00:00-05:00,133.39266578716737,134.56710232951897,133.00434227897827,134.11248779296875,1951300,0.0,0.0
2024-03-01 00:00:00-05:00,133.4873828785494,134.44397093803443,131.9909283183298,132.14247131347656,1972000,0.0,0.0
2024-03-04 00:00:00-05:00,131.54578538107478,132.5970914700937,131.1953548353805,131.85833740234375,1836800,0.0,0.0
2024-03-05 00:00:00-05:00,131.43211777097588,132.63495224869948,131.05326031773157,131.4510498046875,1368900,0.0,0.0
2024-03-06 00:00:00-05:00,132.35085779573342,133.66735703949877,131.7541662015012,132.71075439453125,1671500,0.0,0.0
2024-03-07 00:00:00-05:00,131.47950726084085,133.97990922458098,131.47950726084085,133.4495086669922,2068700,0.0,0.0
2024-03-08 00:00:00-05:00,133.90412067252242,134.76599075853494,133.1369541207863,133.28848266601562,1361000,0.0,0.0
2024-03-11 00:00:00-04:00,133.5063279563022,135.07853954555958,132.65390945655344,134.9648895263672,1765700,0.0,0.0
2024-03-12 00:00:00-04:00,135.19219096190818,135.53315543849553,133.54419358308033,133.83779907226562,1422500,0.0,0.0
2024-03-13 00:00:00-04:00,134.29241832696064,135.44790829132958,134.1029968225583,134.37767028808594,1893400,0.0,0.0
2024-03-14 00:00:00-04:00,133.50635070960357,134.1409208448021,131.15747726512026,131.6121063232422,2201400,0.0,0.0
2024-03-15 00:00:00-04:00,130.22927171657392,132.57813017081122,130.22927171657392,130.5702362060547,4394300,0.0,0.0
2024-03-18 00:00:00-04:00,130.61761296593306,132.5970946968716,130.03038743353014,131.71627807617188,2002000,0.0,0.0
2024-03-19 00:00:00-04:00,132.12352571116622,134.2071913266183,131.99092920250843,134.11248779296875,2608900,0.0,0.0
2024-03-20 00:00:00-04:00,134.54817306101606,134.89860363904378,133.5536918928446,134.7375946044922,2190000,0.0,0.0
2024-03-21 00:00:00-04:00,134.9933112357009,136.31927638980747,134.77547720008403,136.01620483398438,1515900,0.0,0.0
2024-03-22 00:00:00-04:00,136.27195206399935,136.35718959685153,134.6902596626762,135.02174377441406,1289300,0.0,0.0
2024-03-25 00:00:00-04:00,134.6428972398304,135.2395744065753,133.2790389410912,133.68629455566406,1005700,0.0,0.0
2024-03-26 00:00:00-04:00,133.7620487995199,134.92701937627032,133.65786479148377,134.32086181640625,1059300,0.0,0.0
2024-03-27 00:00:00-04:00,135.4384567952129,136.95385789677286,134.69023671442682,136.8970184326172,1169500,0.0,0.0
2024-03-28 00:00:00-04:00,137.3327093271116,137.70208638101738,136.77391073693508,137.2379913330078,1533000,0.0,0.0
2024-04-01 00:00:00-04:00,137.4463535544231,137.90098256459902,135.22062530634042,135.79837036132812,1093600,0.0,0.0
2024-04-02 00:00:00-04:00,135.52371992802085,135.8268059863916,133.07067675732966,134.16934204101562,1051200,0.0,0.0
2024-04-03 00:00:00-04:00,134.2071984551165,135.38163505984903,133.63893386722887,134.23561096191406,1180100,0.0,0.0
2024-04-04 00:00:00-04:00,135.07853088975568,136.3666173484918,132.05720948972456,132.37924194335938,1236500,0.0,0.0
2024-04-05 00:00:00-04:00,132.12353347874398,132.28454250215594,130.92068436038812,131.68785095214844,1061900,0.0,0.0
2024-04-08 00:00:00-04:00,132.37924432005912,133.0611733076293,131.6310098563949,132.5118408203125,1347400,0.0,0.0
2024-04-09 00:00:00-04:00,133.29798058668624,134.7754888726356,132.0383063552198,134.68077087402344,1223000,0.0,0.0
2024-04-10 00:00:00-04:00,132.3413880562664,132.3413880562664,130.36190602058173,130.4471435546875,1561500,0.0,0.0
2024-04-11 00:00:00-04:00,131.19537107474054,131.65945170309067,129.75574128546864,130.3240203857422,2091000,0.0,0.0
2024-04-12 00:00:00-04:00,129.2821900534892,129.43373308538722,126.52606077509232,127.32164001464844,2097400,0.0,0.0
2024-04-15 00:00:00-04:00,128.71387440530145,129.60417140028144,127.11325036012565,127.88041687011719,1292600,0.0,0.0
2024-04-16 00:00:00-04:00,127.11326099606218,127.88042757024478,126.421851470743,126.45026397705078,1822100,0.0,0.0
2024-04-17 00:00:00-04:00,127.76677655729057,128.32558962808307,127.07538141104742,127.82361602783203,1735400,0.0,0.0
2024-04-18 00:00:00-04:00,128.83702600518964,129.1779905601699,127.06591219423126,127.9656753540039,2318900,0.0,0.0
2024-04-19 00:00:00-04:00,125.97671510753271,127.52999489415544,122.69968047996964,123.97828674316406,4643200,0.0,0.0
2024-04-22 00:00:00-04:00,123.45737410566541,124.30977823277262,122.39658750409549,124.22454071044922,2460700,0.0,0.0
2024-04-23 00:00:00-04:00,123.5236455552649,124.68860153146582,122.58598960255625,123.53311157226562,2730600,0.0,0.0
2024-04-24 00:00:00-04:00,123.06905274148379,124.01617487807894,123.0406402335409,123.6183853149414,1896300,0.0,0.0
2024-04-25 00:00:00-04:00,123.01222925412222,123.05010778120446,121.47788154645549,122.39659118652344,1764100,0.0,0.0
2024-04-26 00:00:00-04:00,122.83226388435888,124.03511296287334,122.17874734207986,123.27741241455078,1370800,0.0,0.0
2024-04-29 00:00:00-04:00,123.78885110387556,124.51813914104943,123.43842056416543,123.82674407958984,848600,0.0,0.0
2024-04-30 00:00:00-04:00,122.91751083086585,123.95935097121627,121.9703886857971,122.17875671386719,2208200,0.0,0.0
2024-05-01 00:00:00-04:00,122.68073067903985,125.82518314745153,122.49130913981993,124.02564239501953,2084900,0.0,0.0
2024-05-02 00:00:00-04:00,124.81172562533345,125.98616201037167,123.70359471171042,125.25687408447266,2816300,0.0,0.0
2024-05-03 00:00:00-04:00,126.76283785309835,127.34058300085725,125.25691695141053,125.89148712158203,1303700,0.0,0.0
2024-05-06 00:00:00-04:00,126.66811636316459,127.07537193407865,125.38002971376788,126.00511932373047,1159500,0.0,0.0
2024-05-07 00:00:00-04:00,126.67758345747703,127.86148610661232,126.34608493494449,127.11326599121094,1134400,0.0,0.0
2024-05-08 00:00:00-04:00,126.20402141674028,126.63970394708728,125.74940684954865,126.37449645996094,1372100,0.0,0.0
2024-05-09 00:00:00-04:00,126.92651302042582,128.23041750665692,126.38400370932752,127.86875915527344,1273800,0.65,0.0
2024-05-10 00:00:00-04:00,129.05847731207626,129.63905066301928,128.69680438184426,128.80149841308594,1079100,0.0,0.0
2024-05-13 00:00:00-04:00,129.24881461542628,129.6390391082448,128.82052617040546,129.19171142578125,770800,0.0,0.0
2024-05-14 00:00:00-04:00,129.5057910311907,130.28622547931815,128.62064804045923,128.8490753173828,1051000,0.0,0.0
2024-05-15 00:00:00-04:00,129.4582161144905,130.20058670240041,128.24947855820255,128.52548217773438,918200,0.0,0.0
2024-05-16 00:00:00-04:00,128.48743374517798,129.22980442277967,128.2019032100959,128.27804565429688,1115400,0.0,0.0
2024-05-17 00:00:00-04:00,128.7919818490472,129.31543746547732,127.30722622101015,127.95442962646484,1336900,0.0,0.0
2024-05-20 00:00:00-04:00,127.71647878109904,128.70630125702354,127.05976307528297,127.31674194335938,1146700,0.0,0.0
2024-05-21 00:00:00-04:00,127.32626973059224,127.65939106375285,126.75520873736957,127.27867889404297,989400,0.0,0.0
2024-05-22 00:00:00-04:00,126.5648629754448,128.24947987578642,126.5648629754448,128.20188903808594,1746400,0.0,0.0
2024-05-23 00:00:00-04:00,128.16381787279772,128.89666154596378,124.5661714898018,124.69941711425781,1293700,0.0,0.0
2024-05-24 00:00:00-04:00,125.14672344597771,126.01281259566062,124.59470180389987,125.08009338378906,929300,0.0,0.0
2024-05-28 00:00:00-04:00,124.97540693037855,125.28948897965608,123.02429909117821,123.34790802001953,1561000,0.0,0.0
2024-05-29 00:00:00-04:00,122.139165673297,122.5864933140905,120.96849956523444,121.0160903930664,1016100,0.0,0.0
2024-05-30 00:00:00-04:00,121.23501707746038,122.94817833099235,120.99707740935797,122.89107513427734,1322200,0.0,0.0
2024-05-31 00:00:00-04:00,122.87202736111028,125.62260882734002,122.30096645574602,125.07058715820312,3835700,0.0,0.0
2024-06-03 00:00:00-04:00,125.06109665752732,125.78444261775903,123.6239461419762,125.30856323242188,1563600,0.0,0.0
2024-06-04 00:00:00-04:00,124.74698645587972,126.50773086691602,124.6422924459395,125.32754516601562,1603000,0.0,0.0
2024-06-05 00:00:00-04:00,125.34661048294505,126.94557255631246,124.45195503415053,126.78377532958984,1260600,0.0,0.0
2024-06-06 00:00:00-04:00,126.49823800715308,126.98362966113334,124.17594471796076,124.3187026977539,1606400,0.0,0.0
2024-06-07 00:00:00-04:00,123.18610002030162,123.26224244570373,121.83460464545043,122.21531677246094,1630500,0.0,0.0
2024-06-10 00:00:00-04:00,121.89172368434481,122.50084857151442,121.12079432609777,122.26290893554688,1037000,0.0,0.0
2024-06-11 00:00:00-04:00,122.07256561797358,123.83332502181892,121.2826114156966,123.31938171386719,1543600,0.0,0.0
2024-06-12 00:00:00-04:00,125.37515688455855,125.83201147097846,123.53826974905296,124.11884307861328,1293000,0.0,0.0
2024-06-13 00:00:00-04:00,123.64297610732638,123.8713889006321,122.32954445507751,123.52875518798828,938700,0.0,0.0
2024-06-14 00:00:00-04:00,122.13918811141735,122.5198857586475,120.01676314753261,121.17790985107422,1156900,0.0,0.0
2024-06-17 00:00:00-04:00,120.93045031292192,122.19629104514989,119.99773091332185,122.08208465576172,1185300,0.0,0.0
2024-06-18 00:00:00-04:00,121.99640393901504,122.70071049401292,120.99706181855828,121.69184875488281,1062900,0.0,0.0
2024-06-20 00:00:00-04:00,121.00658068675044,123.81426548663096,121.00658068675044,122.26290893554688,1321100,0.0,0.0
2024-06-21 00:00:00-04:00,122.20580598724369,122.70072455619729,120.46409316016866,122.38664245605469,1971800,0.0,0.0
2024-06-24 00:00:00-04:00,122.55795756139416,124.06173787460752,121.89172945368789,121.96785736083984,1721400,0.0,0.0
2024-06-25 00:00:00-04:00,121.24452892148943,121.3682549268844,118.47491513830117,119.17921447753906,2116000,0.0,0.0
2024-06-26 00:00:00-04:00,118.37021872483031,119.82640820906727,117.86578057144216,119.207763671875,1927300,0.0,0.0
2024-06-27 00:00:00-04:00,119.24584196933905,119.56943642445917,118.72237180800681,118.8746566772461,1056200,0.0,0.0
2024-06-28 00:00:00-04:00,118.8556162722955,120.05483419109622,118.64623547115826,119.81689453125,2585600,0.0,0.0
2024-07-01 00:00:00-04:00,119.93110756244364,120.33084444619794,117.6944762237131,117.99903869628906,1202700,0.0,0.0
2024-07-02 00:00:00-04:00,118.03709313851985,119.34100497673528,117.70397909557182,118.85560607910156,1284100,0.0,0.0
2024-07-03 00:00:00-04:00,118.9412666264296,119.61701432256383,118.47490697217893,118.8460922241211,703000,0.0,0.0
2024-07-05 00:00:00-04:00,118.51296577500878,119.38858911769164,118.05612575923968,119.188720703125,1123200,0.0,0.0
2024-07-08 00:00:00-04:00,119.80737215571342,120.97803845021812,119.80737215571342,120.87334442138672,1245200,0.0,0.0
2024-07-09 00:00:00-04:00,120.55926101633764,120.84479150299896,119.13162310571484,119.21728515625,1071300,0.0,0.0
2024-07-10 00:00:00-04:00,120.3974626901279,120.75912834341439,119.25535527665552,120.53070831298828,1147400,0.0,0.0
2024-07-11 00:00:00-04:00,121.93930662625775,123.57633257257484,121.44439535151486,123.4526138305664,1235700,0.0,0.0
2024-07-12 00:00:00-04:00,124.26159950583664,125.01349692657008,123.5763321574624,124.3187026977539,950400,0.0,0.0
2024-07-15 00:00:00-04:00,123.99510117746212,126.23173955099101,123.99510117746212,124.566162109375,1546200,0.0,0.0
2024-07-16 00:00:00-04:00,124.99444482095444,127.38335341389879,124.82312074015584,126.80278015136719,1720900,0.0,0.0
2024-07-17 00:00:00-04:00,126.59340912166682,128.48741400817582,126.26030231747828,127.3072280883789,2259000,0.0,0.0
2024-07-18 00:00:00-04:00,126.33643502157848,129.02991345795238,125.23239161930198,125.35612487792969,2434600,0.0,0.0
2024-07-19 00:00:00-04:00,121.3492159491774,122.84348385371396,120.31180260807544,121.8631591796875,4342400,0.0,0.0
2024-07-22 00:00:00-04:00,122.4913205235597,123.18610018760876,120.77815951773378,122.17723846435547,1608300,0.0,0.0
2024-07-23 00:00:00-04:00,122.2343332616937,122.42469657373083,120.4355175966649,120.6068344116211,1624700,0.0,0.0
2024-07-24 00:00:00-04:00,120.87334705332906,121.14935792977252,119.09355578578348,119.19824981689453,1639500,0.0,0.0
2024-07-25 00:00:00-04:00,119.28392092941937,121.40633878747768,118.84611279395146,119.86449432373047,1497300,0.0,0.0
2024-07-26 00:00:00-04:00,120.1404913763378,121.45391563138458,119.50280759516944,121.39681243896484,1579800,0.0,0.0
2024-07-29 00:00:00-04:00,121.20645146034896,122.3771176870041,120.79719498809375,121.57763671875,1265300,0.0,0.0
2024-07-30 00:00:00-04:00,120.72106597803126,121.8727003564295,120.72106597803126,121.0732192993164,1507400,0.0,0.0
2024-07-31 00:00:00-04:00,121.68234209062209,122.41519305697703,120.25470411397495,120.85431671142578,2236500,0.0,0.0
2024-08-01 00:00:00-04:00,121.46343828179427,122.18677686964377,119.13162529479087,119.807373046875,1463800,0.0,0.0
2024-08-02 00:00:00-04:00,119.52185078761718,119.52185078761718,116.59043245739487,117.50411987304688,1250200,0.0,0.0
2024-08-05 00:00:00-04:00,116.2953741075604,116.2953741075604,113.22119093988762,113.63044738769531,1739200,0.0,0.0
2024-08-06 00:00:00-04:00,113.4686605927103,115.58156583049032,113.22120132541251,113.31637573242188,2536400,0.0,0.0
2024-08-07 00:00:00-04:00,114.04923330625978,115.88612767096555,112.37413615874021,112.61207580566406,2159900,0.0,0.0
2024-08-08 00:00:00-04:00,113.20216906905569,114.4965613329442,113.18312983089574,113.47817993164062,1601800,0.0,0.0
2024-08-09 00:00:00-04:00,113.27829811683185,114.25861551152899,112.69773208847572,113.48768615722656,1092900,0.0,0.0
2024-08-12 00:00:00-04:00,113.46854353379142,114.15774118205155,113.0856551399815,113.33453369140625,1397200,0.68,0.0
2024-08-13 00:00:00-04:00,113.64084710620956,114.6554951794114,113.03779549041008,114.15774536132812,1497300,0.0,0.0
2024-08-14 00:00:00-04:00,114.10987885964025,115.22025448564996,113.4972603428724,114.74164581298828,1348800,0.0,0.0
2024-08-15 00:00:00-04:00,116.10089057363848,117.47928586272678,115.63185612781929,116.84751892089844,1273600,0.0,0.0
2024-08-16 00:00:00-04:00,116.64650812110222,117.27826778140397,115.6797165422736,117.16340637207031,2562100,0.0,0.0
2024-08-19 00:00:00-04:00,117.5175679923039,118.13019380017617,117.07724889835558,117.97703552246094,1078500,0.0,0.0
2024-08-20 00:00:00-04:00,117.64201166091215,118.31206087267208,117.23040791569142,117.73773193359375,715400,0.0,0.0
2024-08-21 00:00:00-04:00,118.36951263524679,119.7096112145092,117.94833462291317,119.60431671142578,1060600,0.0,0.0
2024-08-22 00:00:00-04:00,119.99677656166843,120.21693247897277,119.13527942158997,119.80533599853516,1048700,0.0,0.0
2024-08-23 00:00:00-04:00,120.10206638704928,121.68147653187953,119.97762345316644,121.11671447753906,1092800,0.0,0.0
2024-08-26 00:00:00-04:00,121.50917580179036,122.47596009145207,121.13586161014099,121.47088623046875,618900,0.0,0.0
2024-08-27 00:00:00-04:00,121.44217538411286,122.20794492999352,121.18372259384881,121.67190551757812,936700,0.0,0.0
2024-08-28 00:00:00-04:00,121.7006210309044,122.86842744061656,121.52832160483229,122.17922973632812,993400,0.0,0.0
2024-08-29 00:00:00-04:00,122.89712836686245,123.94049171676488,121.7101809615912,123.32787322998047,962900,0.0,0.0
2024-08-30 00:00:00-04:00,124.05539648351883,124.8690226122529,122.91630529731091,124.17982482910156,2175000,0.0,0.0
2024-09-03 00:00:00-04:00,123.23217735726213,124.29468929018866,122.09308627711816,122.47596740722656,1451200,0.0,0.0
2024-09-04 00:00:00-04:00,122.58126409075561,123.12688504714954,121.06886607273326,121.250732421875,965700,0.0,0.0
2024-09-05 00:00:00-04:00,121.49003250891576,121.59532700876142,119.55645654472949,119.92019653320312,1076800,0.0,0.0
2024-09-06 00:00:00-04:00,119.65217071501087,120.87740777465436,119.05869331918841,119.44158172607422,1210500,0.0,0.0
2024-09-09 00:00:00-04:00,120.2073763651844,121.5187596767707,119.85320325827225,120.74341583251953,1542600,0.0,0.0
2024-09-10 00:00:00-04:00,120.94442376642641,121.01142869603925,119.35544659146925,120.50410461425781,939800,0.0,0.0
2024-09-11 00:00:00-04:00,120.5519610718412,120.79126542060825,117.50800946340487,120.13078308105469,1271400,0.0,0.0
2024-09-12 00:00:00-04:00,119.86277032198882,120.47538890607936,117.90047162723687,120.1212158203125,1080800,0.0,0.0
2024-09-13 00:00:00-04:00,120.44667616954622,122.08351716915327,120.10207729563004,121.54747772216797,992900,0.0,0.0
2024-09-16 00:00:00-04:00,122.52383397996059,123.00244270644481,121.32731216375004,121.8920669555664,1399600,0.0,0.0
2024-09-17 00:00:00-04:00,122.34195976603394,123.0885882074479,121.60490554394286,122.0069351196289,1089700,0.0,0.0
2024-09-18 00:00:00-04:00,122.31324441105488,123.50976622177969,121.48046990470372,122.0069351196289,1305400,0.0,0.0
2024-09-19 00:00:00-04:00,123.77777390434191,124.79242196422854,123.14600694426913,123.7011947631836,1330300,0.0,0.0
2024-09-20 00:00:00-04:00,121.90163842196854,122.0452224972691,120.02549313287905,121.08800506591797,3690500,0.0,0.0
2024-09-23 00:00:00-04:00,121.69104252003756,122.5142500485718,121.22200805010169,121.85377502441406,1114100,0.0,0.0
2024-09-24 00:00:00-04:00,122.42809471257937,123.36617088435358,121.87290692322297,122.83013153076172,1202700,0.0,0.0
2024-09-25 00:00:00-04:00,123.09815338667347,123.12686873784016,121.66232010144208,122.37065887451172,1229900,0.0,0.0
2024-09-26 00:00:00-04:00,123.78735182626612,129.09989631010052,123.46188683431265,128.79359436035156,2484000,0.0,0.0
2024-09-27 00:00:00-04:00,129.3966316919342,131.3685116612642,128.3054045196916,128.80316162109375,1963400,0.0,0.0
2024-09-30 00:00:00-04:00,128.93718752417163,129.14777653153624,125.81666389700936,126.79302978515625,1866000,0.0,0.0
2024-10-01 00:00:00-04:00,127.47262991385544,127.73108268228538,124.33295824410911,125.14659881591797,1264300,0.0,0.0
2024-10-02 00:00:00-04:00,124.74457287797911,125.49120124737955,123.73949173271616,125.08915710449219,858700,0.0,0.0
2024-10-03 00:00:00-04:00,124.25637816633544,124.46696714554255,121.97820357025276,122.37065887451172,1191900,0.0,0.0
2024-10-04 00:00:00-04:00,123.52891064914236,123.95008864979748,121.93035201165101,123.06945037841797,763500,0.0,0.0
2024-10-07 00:00:00-04:00,121.92078756133311,123.3374725811943,121.6814832021193,123.24174499511719,794100,0.0,0.0
2024-10-08 00:00:00-04:00,122.58125857771564,123.43318148413759,121.58575159991028,121.78677368164062,1821000,0.0,0.0
2024-10-09 00:00:00-04:00,122.37066644926303,123.3374653516435,121.73890677552431,121.98778533935547,1598700,0.0,0.0
2024-10-10 00:00:00-04:00,121.68147068875165,122.07392599994883,120.96355768493827,121.90162658691406,1857700,0.0,0.0
2024-10-11 00:00:00-04:00,121.91120729567918,122.98328609787178,121.80591279860825,122.76313018798828,850400,0.0,0.0
2024-10-14 00:00:00-04:00,122.72486238663107,123.56720385652086,122.4376942147682,123.00244903564453,1628400,0.0,0.0
2024-10-15 00:00:00-04:00,123.9788177742956,126.02726269102219,123.35661762022717,124.31383514404297,1750400,0.0,0.0
2024-10-16 00:00:00-04:00,124.44783548157336,126.19954516870898,124.39998629383162,124.78286743164062,2022600,0.0,0.0
2024-10-17 00:00:00-04:00,125.93152235130167,126.50585864985733,123.2417437185562,125.74008178710938,2104900,0.0,0.0
2024-10-18 00:00:00-04:00,126.28568573154962,126.52499008374855,124.45741158129348,125.3284683227539,2174600,0.0,0.0
2024-10-21 00:00:00-04:00,124.94557983102571,125.62521057780948,123.10772426727137,123.30874633789062,1291700,0.0,0.0
2024-10-22 00:00:00-04:00,122.9162919393389,123.36618529350316,120.66682516851762,121.18372344970703,1174100,0.0,0.0
2024-10-23 00:00:00-04:00,120.8965669567565,121.3751756821546,119.9584906416608,120.8774185180664,1317100,0.0,0.0
2024-10-24 00:00:00-04:00,121.33688067624207,122.22709315775268,120.2743687691814,121.79634094238281,1305000,0.0,0.0
2024-10-25 00:00:00-04:00,121.8729123362573,122.36109522809757,120.9539845594331,121.04013061523438,853000,0.0,0.0
2024-10-28 00:00:00-04:00,122.5525440354457,122.89714288785179,121.66233155056155,121.93035125732422,1255800,0.0,0.0
2024-10-29 00:00:00-04:00,120.57109259645055,121.80590381402801,120.48494654319539,121.10713195800781,1418100,0.0,0.0
2024-10-30 00:00:00-04:00,121.08801800141308,122.09309933289758,120.13080046780507,120.29352569580078,1971600,0.0,0.0
2024-10-31 00:00:00-04:00,120.37965769082466,120.91569707748266,119.14484641542556,119.18313598632812,2201700,0.0,0.0
2024-11-01 00:00:00-04:00,119.32673723669163,119.81491290428039,118.65668060387983,119.08743286132812,1886000,0.0,0.0
2024-11-04 00:00:00-05:00,119.91062092626979,120.97313282842175,119.0204084488719,119.5181655883789,874400,0.0,0.0
2024-11-05 00:00:00-05:00,118.47479034408511,119.49901263503429,117.8526048976962,119.31714630126953,1315300,0.0,0.0
2024-11-06 00:00:00-05:00,122.6865439073215,123.05985808322451,119.0395482028895,120.37965393066406,3123400,0.0,0.0
2024-11-07 00:00:00-05:00,120.88698315718422,121.51874282708853,120.46580517525535,120.59024810791016,1065400,0.0,0.0
2024-11-08 00:00:00-05:00,119.67132412935456,121.08800918931176,119.67132412935456,120.14993286132812,1222900,0.0,0.0
2024-11-11 00:00:00-05:00,120.7242718895272,121.52833107184009,120.15950977557804,120.57111358642578,839900,0.0,0.0
2024-11-12 00:00:00-05:00,120.0802663679204,120.40749060496634,117.11603991847171,117.17378234863281,1435000,0.68,0.0
2024-11-13 00:00:00-05:00,117.59724958282655,118.91575072452517,117.00055086545964,118.78101348876953,1430300,0.0,0.0
2024-11-14 00:00:00-05:00,118.73289459531689,119.29108855558668,117.89559264096945,118.87725067138672,1286000,0.0,0.0
2024-11-15 00:00:00-05:00,118.53079391056535,119.25260369287761,117.64536833053108,117.92446899414062,1625400,0.0,0.0
2024-11-18 00:00:00-05:00,118.32867819332044,120.23425920885245,118.24206454574694,118.78101348876953,1747100,0.0,0.0
2024-11-19 00:00:00-05:00,117.78971979036955,117.90521198715412,116.403842799467,116.52896118164062,1246200,0.0,0.0
2024-11-20 00:00:00-05:00,116.45198604856809,116.98131619493148,115.76867362311762,116.73108673095703,1220200,0.0,0.0
2024-11-21 00:00:00-05:00,116.74070504159648,118.16507223322581,116.22100111731159,118.06883239746094,1017200,0.0,0.0
2024-11-22 00:00:00-05:00,117.77048067575993,118.59815643770543,117.44325643975364,118.03995513916016,1173700,0.0,0.0
2024-11-25 00:00:00-05:00,119.03124335248157,121.350654927035,118.53079180970516,121.06193542480469,1940400,0.0,0.0
2024-11-26 00:00:00-05:00,119.78193268519631,120.50374250501581,118.30944182758522,118.71365356445312,980000,0.0,0.0
2024-11-27 00:00:00-05:00,118.66553466043949,120.34975753567005,118.59816603913542,118.80989074707031,984900,0.0,0.0
2024-11-29 00:00:00-05:00,118.60778862493986,119.85892859449025,118.55967237542131,119.69532012939453,770100,0.0,0.0
2024-12-02 00:00:00-05:00,119.82042015269691,121.44690049477225,119.19485022554265,121.23516845703125,1993800,0.0,0.0
2024-12-03 00:00:00-05:00,121.31216007307171,121.98584622761268,120.06102025163457,121.43727111816406,2536600,0.0,0.0
2024-12-04 00:00:00-05:00,120.58072641228262,122.26494917291429,120.58072641228262,122.0628433227539,3088900,0.0,0.0
2024-12-05 00:00:00-05:00,122.23608266513988,122.23608266513988,119.63756304308475,120.7828369140625,3389700,0.0,0.0
2024-12-06 00:00:00-05:00,121.60087778319703,121.98584444128097,119.8396602787371,120.8501968383789,2500600,0.0,0.0
2024-12-09 00:00:00-05:00,121.50463284546345,125.1618049295464,121.1196662035661,122.09170532226562,3125600,0.0,0.0
2024-12-10 00:00:00-05:00,121.77411242359301,121.77411242359301,118.86762847291257,120.7058334350586,2139500,0.0,0.0
2024-12-11 00:00:00-05:00,120.81170487211112,120.98493950890914,117.84747101695785,117.98220825195312,2087500,0.0,0.0
2024-12-12 00:00:00-05:00,117.84747132542962,119.43545427646326,117.84747132542962,119.35845947265625,1717300,0.0,0.0
2024-12-13 00:00:00-05:00,118.62702327286642,119.61830744490166,117.5876155158743,119.50281524658203,2277600,0.0,0.0
2024-12-16 00:00:00-05:00,118.71363917541913,120.17651101148064,118.02070065756139,118.03032684326172,1963800,0.0,0.0
2024-12-17 00:00:00-05:00,117.45289242045055,118.4441767117518,116.69258521095033,117.47213745117188,2081700,0.0,0.0
2024-12-18 00:00:00-05:00,117.4336359872886,120.11876925177027,116.66370996035943,116.69258117675781,3589500,0.0,0.0
2024-12-19 00:00:00-05:00,116.4231064610426,117.41439071603772,114.92174447038037,115.02760314941406,3493500,0.0,0.0
2024-12-20 00:00:00-05:00,114.77737623804184,117.20265376310374,114.12293510546505,115.69166564941406,3884400,0.0,0.0
2024-12-23 00:00:00-05:00,115.44143938107543,115.89377467752601,114.3635414926437,115.63392639160156,1470800,0.0,0.0
2024-12-24 00:00:00-05:00,115.56655843268199,116.67333488597637,115.06609954508843,116.43273162841797,539000,0.0,0.0
2024-12-26 00:00:00-05:00,115.55692960038643,116.80806944809262,115.53768457097907,116.67333221435547,1021600,0.0,0.0
2024-12-27 00:00:00-05:00,115.89376778555805,117.347013422437,115.43181367302412,115.85527038574219,993100,0.0,0.0
2024-12-30 00:00:00-05:00,115.05647834822128,115.26820304273414,114.04594175009308,114.61376190185547,1813100,0.0,0.0
2024-12-31 00:00:00-05:00,115.09497283495323,115.74941400100893,114.28654939945262,114.96023559570312,1052700,0.0,0.0
2025-01-02 00:00:00-05:00,114.61375702214207,115.28745050642102,111.00470838623843,111.08170318603516,2692000,0.0,0.0
2025-01-03 00:00:00-05:00,110.86997418945296,111.2838120713907,109.22424884759683,109.97492980957031,2285600,0.0,0.0
2025-01-06 00:00:00-05:00,110.31179009704682,112.31360372711544,110.21554291474803,110.744873046875,2741600,0.0,0.0
2025-01-07 00:00:00-05:00,110.54275971255726,113.91120527182953,110.54275971255726,111.50517272949219,1988100,0.0,0.0
2025-01-08 00:00:00-05:00,110.83148265755032,111.5244138375701,109.63808527182152,111.34156036376953,1394500,0.0,0.0
2025-01-10 00:00:00-05:00,109.9075690448835,110.3887755772037,108.88741354600593,108.92591094970703,1475700,0.0,0.0
2025-01-13 00:00:00-05:00,109.25312105539997,110.8411039815733,108.75266952374636,110.48501586914062,2115800,0.0,0.0
2025-01-14 00:00:00-05:00,110.91809125025698,112.22697343506721,110.91809125025698,112.14997863769531,1891900,0.0,0.0
2025-01-15 00:00:00-05:00,114.39240779474493,114.55601623969271,112.45795564216805,113.15089416503906,2021900,0.0,0.0
2025-01-16 00:00:00-05:00,112.95841452808035,115.11421755540081,112.69855891063739,115.1045913696289,1443100,0.0,0.0
2025-01-17 00:00:00-05:00,115.57617948189909,116.60596849282466,115.22009135319959,115.72054290771484,2686200,0.0,0.0
2025-01-21 00:00:00-05:00,116.74070027371437,119.01199554962032,116.50971586615788,118.73289489746094,2267900,0.0,0.0
2025-01-22 00:00:00-05:00,118.46341078505833,119.22371792423304,117.88596446265288,118.2516860961914,2028700,0.0,0.0
2025-01-23 00:00:00-05:00,118.22280930124963,119.40658052106203,118.14582184170867,118.83876037597656,1434000,0.0,0.0
2025-01-24 00:00:00-05:00,119.45470684678357,120.05139822070565,117.93409251090276,118.16506958007812,1731400,0.0,0.0
2025-01-27 00:00:00-05:00,118.75212830460761,119.97439681142903,118.04957099261036,119.61830139160156,3090900,0.0,0.0
2025-01-28 00:00:00-05:00,119.41621048102664,119.85891959354954,118.29980784217251,118.38642883300781,1497900,0.0,0.0
2025-01-29 00:00:00-05:00,117.41439127772786,118.87725587272648,117.38552006125066,117.78010559082031,1969900,0.0,0.0
2025-01-30 00:00:00-05:00,117.57799103574509,118.66552239346798,116.9428022923446,118.13619232177734,2774500,0.0,0.0
2025-01-31 00:00:00-05:00,110.67749858213472,113.16052596473003,110.47539272670888,111.043212890625,4237900,0.0,0.0
2025-02-03 00:00:00-05:00,109.57072857918327,109.7150920108813,106.05791934013361,107.7806396484375,3221200,0.0,0.0
2025-02-04 00:00:00-05:00,109.08951308132046,109.397484950438,106.88558641000523,107.08769226074219,2401800,0.0,0.0
2025-02-05 00:00:00-05:00,107.53040566047838,108.56018725704267,106.82784095318296,108.33882904052734,2154200,0.0,0.0
2025-02-06 00:00:00-05:00,109.03176462332347,112.00561713172826,107.81912224330618,111.54366302490234,3241200,0.0,0.0
2025-02-07 00:00:00-05:00,111.78427219631044,111.78427219631044,110.03268081782817,110.52350616455078,1533600,0.0,0.0
2025-02-10 00:00:00-05:00,111.06246149894298,111.22606994646233,109.78245044866661,109.83057403564453,1571500,0.0,0.0
2025-02-11 00:00:00-05:00,109.98455645841133,110.89885321393216,109.50334995844095,110.59088134765625,1059100,0.0,0.0
2025-02-12 00:00:00-05:00,108.93553034426812,111.15870203533366,108.51206627258763,110.48501586914062,1629600,0.0,0.0
2025-02-13 00:00:00-05:00,111.21644428826866,113.67060038321786,110.87960120571034,113.48773956298828,1935100,0.0,0.0
2025-02-14 00:00:00-05:00,113.90157351063687,114.64263560927637,113.25675858308279,113.32412719726562,1677200,0.0,0.0
2025-02-18 00:00:00-05:00,113.28563120870852,114.80624548221213,112.8910457043298,114.77737426757812,1550200,0.0,0.0
2025-02-19 00:00:00-05:00,112.1211144978158,113.56473399778768,111.1105779107841,112.40021514892578,1681100,0.0,0.0
2025-02-20 00:00:00-05:00,112.27510603559324,113.67060197254438,111.69765235155826,113.45886993408203,1627100,0.0,0.0
2025-02-21 00:00:00-05:00,113.78798978487897,114.05902761908798,110.63231917538741,111.1259994506836,2447800,0.68,0.0
2025-02-24 00:00:00-05:00,111.35831368589585,111.51318927923525,109.82887750607459,109.89663696289062,1393700,0.0,0.0
2025-02-25 00:00:00-05:00,110.66135126327778,111.69710714498379,109.86759448837437,110.72911071777344,2263900,0.0,0.0
2025-02-26 00:00:00-05:00,111.05823797248964,112.08431186482905,109.97407927014238,111.35831451416016,1450600,0.0,0.0
2025-02-27 00:00:00-05:00,111.02919275484457,111.92942977221799,109.94504142913172,110.04183959960938,1581000,0.0,0.0
2025-02-28 00:00:00-05:00,110.45807385402914,112.0939901934197,108.53176301510277,109.5965576171875,3362200,0.0,0.0
2025-03-03 00:00:00-05:00,111.27119393413783,111.8229516398274,107.92192695404694,108.14456939697266,2401200,0.0,0.0
2025-03-04 00:00:00-05:00,107.9316068311737,108.17360594962923,105.65681659473695,105.7923355102539,2950700,0.0,0.0
2025-03-05 00:00:00-05:00,106.36344884500923,111.07759428511588,106.29568938791321,110.43871307373047,3159200,0.0,0.0
2025-03-06 00:00:00-05:00,110.4677692022568,112.73287758962906,109.69336900636013,111.67776489257812,2661300,0.0,0.0
2025-03-07 00:00:00-05:00,110.68071034784953,112.73286547681846,110.04183653232332,111.78423309326172,2170700,0.0,0.0
2025-03-10 00:00:00-04:00,110.3515960727611,114.10741966638042,110.3515960727611,111.01951599121094,2496600,0.0,0.0
2025-03-11 00:00:00-04:00,111.60032466231418,111.95848604939542,107.63154023007047,109.79985046386719,2256100,0.0,0.0
2025-03-12 00:00:00-04:00,109.66431490310467,110.40966889425283,107.37984276952169,107.4282455444336,1824300,0.0,0.0
2025-03-13 00:00:00-04:00,107.48632298506703,109.14159597121932,106.77968235145214,107.79608154296875,1680800,0.0,0.0
2025-03-14 00:00:00-04:00,109.17063449275865,110.2063903613113,108.04776249177216,109.83855438232422,2147400,0.0,0.0
2025-03-17 00:00:00-04:00,109.79983398814069,110.79686911703527,109.02543389965717,110.19670867919922,2156000,0.0,0.0
2025-03-18 00:00:00-04:00,109.74175980491592,110.28383545171559,109.13191731703948,109.93535614013672,1368500,0.0,0.0
2025-03-19 00:00:00-04:00,110.16767669797856,110.60327954381967,108.61888381162882,109.48040008544922,1746600,0.0,0.0
2025-03-20 00:00:00-04:00,108.45432346615569,109.35456046273697,107.60248924630882,107.69928741455078,1836500,0.0,0.0
2025-03-21 00:00:00-04:00,106.72160723977362,107.92192075447085,105.83105228968297,107.18624877929688,3160500,0.0,0.0
2025-03-24 00:00:00-04:00,108.66729150640629,110.55488176811045,108.27040938791973,109.36425018310547,2133300,0.0,0.0
2025-03-25 00:00:00-04:00,109.51912945198875,109.63529169706928,107.78641473531574,108.16393280029297,1818900,0.0,0.0
2025-03-26 00:00:00-04:00,108.45431955226032,109.4707113599617,107.07976641123945,108.34783935546875,2056100,0.0,0.0
2025-03-27 00:00:00-04:00,107.9703265253439,107.9703265253439,102.25914590834167,104.89209747314453,4537300,0.0,0.0
2025-03-28 00:00:00-04:00,105.75362010998712,106.0633787018567,103.55627125285403,104.00154876708984,3315600,0.0,0.0
2025-03-31 00:00:00-04:00,103.38203139348798,105.96658033201834,102.59794918954918,105.85041809082031,2929900,0.0,0.0
2025-04-01 00:00:00-04:00,105.85041111950201,106.09241023380596,104.33065697708228,105.46321105957031,2094800,0.0,0.0
2025-04-02 00:00:00-04:00,104.8049802749989,106.58609771728516,104.42746222192169,106.58609771728516,3836000,0.0,0.0
2025-04-03 00:00:00-04:00,103.91441783313674,104.08865749022101,100.5651509893851,100.66194915771484,2230000,0.0,0.0
2025-04-04 00:00:00-04:00,99.11316682133354,99.81012552359452,94.36998221781526,95.97686004638672,3812600,0.0,0.0
2025-04-07 00:00:00-04:00,93.4019829119971,98.27100426584315,91.96935218638966,93.8279037475586,3160400,0.0,0.0
2025-04-08 00:00:00-04:00,95.74453710641947,96.77061103043017,87.35200186086655,88.7265625,4942900,0.0,0.0
2025-04-09 00:00:00-04:00,88.08768143212119,100.3134745590184,88.05864271877991,99.81011962890625,4940900,0.0,0.0
2025-04-10 00:00:00-04:00,97.90316517510553,97.90316517510553,92.55014572508716,95.37669372558594,2994400,0.0,0.0
2025-04-11 00:00:00-04:00,94.72814153548914,98.1742068378921,93.32454951339197,97.50629425048828,1906400,0.0,0.0
2025-04-14 00:00:00-04:00,98.73563945834307,99.12283952149961,97.36108625010296,98.23228454589844,1461000,0.0,0.0
2025-04-15 00:00:00-04:00,97.59340158579847,98.85179992220986,96.09300413740235,96.42212677001953,1732000,0.0,0.0
2025-04-16 00:00:00-04:00,96.36405099757197,97.33204746209714,94.40869400350402,95.27021026611328,2530900,0.0,0.0
2025-04-17 00:00:00-04:00,96.17045857199913,97.76765440315565,95.52190263702693,96.84806060791016,2240500,0.0,0.0
2025-04-21 00:00:00-04:00,96.38341444960065,96.89645143021048,95.19277546507635,96.21885681152344,1902500,0.0,0.0
2025-04-22 00:00:00-04:00,97.59340643992664,99.06475786447658,97.18684968402526,98.5226821899414,978000,0.0,0.0
2025-04-23 00:00:00-04:00,101.04915168778817,102.5689058619395,98.10644151018279,98.57108306884766,1588300,0.0,0.0
2025-04-24 00:00:00-04:00,98.94860815878494,101.28147599538822,97.92253418283082,100.79747772216797,1010600,0.0,0.0
2025-04-25 00:00:00-04:00,99.80042857921377,100.67162682687628,98.50331693231468,99.28739166259766,1938600,0.0,0.0
2025-04-28 00:00:00-04:00,99.34547638037911,100.52643327114195,98.68723847660443,99.6649169921875,1489500,0.0,0.0
2025-04-29 00:00:00-04:00,99.70363428469629,101.10722618218624,99.70363428469629,100.48770904541016,1879900,0.0,0.0
2025-04-30 00:00:00-04:00,106.57641221415038,106.57641221415038,103.449787683006,105.3760986328125,4628000,0.0,0.0
2025-05-01 00:00:00-04:00,105.95688318534032,106.87648418022532,104.88240660950997,105.2889633178711,2870400,0.0,0.0
2025-05-02 00:00:00-04:00,106.95393371582031,107.87353484344058,105.73426341468966,106.95393371582031,2083900,0.0,0.0
2025-05-05 00:00:00-04:00,106.38281496818487,107.82512766011928,106.1408158474134,106.69257354736328,1753900,0.0,0.0
2025-05-06 00:00:00-04:00,105.70521050310451,106.83777197434691,104.50489696028194,105.085693359375,1270800,0.0,0.0
2025-05-07 00:00:00-04:00,104.94050318305592,105.23089769935478,102.5108299216516,103.34330749511719,1601000,0.0,0.0
2025-05-08 00:00:00-04:00,104.02089685206931,106.40216721501584,103.72082031808827,105.13409423828125,1626500,0.0,0.0
2025-05-09 00:00:00-04:00,105.44385027575,106.47960614924725,105.31801339989154,105.93753051757812,1654800,0.0,0.0
2025-05-12 00:00:00-04:00,111.03180186120179,114.41175181484324,110.62270321789683,111.24609375,1989100,0.68,0.0
2025-05-13 00:00:00-04:00,111.28506187860552,111.69416054136245,110.35971860359791,110.39867401123047,1857900,0.0,0.0
2025-05-14 00:00:00-04:00,110.1356881225567,110.52530909559685,108.26551636964636,108.77201843261719,1739900,0.0,0.0
2025-05-15 00:00:00-04:00,108.17784110801672,110.19412152403416,107.91485124131943,110.12593841552734,1398300,0.0,0.0
2025-05-16 00:00:00-04:00,109.98957627109374,111.1876594293908,109.18111407500558,111.11947631835938,3365300,0.0,0.0
2025-05-19 00:00:00-04:00,109.66813292630518,111.59675250535784,109.4148856302468,111.2947998046875,1363200,0.0,0.0
2025-05-20 00:00:00-04:00,110.81750522298894,111.85000178554769,110.32074579086645,110.83699035644531,1372400,0.0,0.0
2025-05-21 00:00:00-04:00,109.28825813654512,110.0480223438521,108.09992499787873,108.3531723022461,1245700,0.0,0.0
2025-05-22 00:00:00-04:00,107.91485306324373,108.85968146236213,107.38886588956746,108.3239517211914,2283400,0.0,0.0
2025-05-23 00:00:00-04:00,106.49273776351912,107.46678638676967,106.17129993431014,107.22327423095703,948100,0.0,0.0
2025-05-27 00:00:00-04:00,108.88889852515395,109.53176676421583,107.88562961343224,109.3467025756836,1255000,0.0,0.0
2025-05-28 00:00:00-04:00,109.17137695857078,109.37592628795494,107.59341543437651,107.68108367919922,881500,0.0,0.0
2025-05-29 00:00:00-04:00,108.10966092080373,108.75253661672646,107.14535480832131,108.42135620117188,1491900,0.0,0.0
2025-05-30 00:00:00-04:00,107.71029917705151,108.01225187398944,106.63884717144475,107.92459106445312,3637800,0.0,0.0
2025-06-02 00:00:00-04:00,107.48627471923828,107.51549499180132,106.29793409232785,107.48627471923828,1529800,0.0,0.0
2025-06-03 00:00:00-04:00,107.06742993708347,108.61617121440169,105.98623529954106,108.47980499267578,1659600,0.0,0.0
2025-06-04 00:00:00-04:00,108.53823662158513,109.59994603659568,108.33368730579598,109.02526092529297,1213400,0.0,0.0
2025-06-05 00:00:00-04:00,109.49280753134042,109.59021090580592,108.1096528608863,108.37265014648438,1410100,0.0,0.0
2025-06-06 00:00:00-04:00,109.47332238832102,110.83699192492571,109.11292172828801,109.67787170410156,1063300,0.0,0.0
2025-06-09 00:00:00-04:00,110.32074958259598,111.35323874924042,110.05775229170271,110.51555633544922,1283400,0.0,0.0
2025-06-10 00:00:00-04:00,111.01232604007231,112.57080239674785,110.46686117308623,112.05455780029297,1933800,0.0,0.0
2025-06-11 00:00:00-04:00,112.24936431761563,112.24936431761563,110.00905688200719,110.07723999023438,1942400,0.0,0.0
2025-06-12 00:00:00-04:00,109.13240797223861,109.59994714695014,108.61616339410241,109.12266540527344,1291900,0.0,0.0
2025-06-13 00:00:00-04:00,107.30121048701253,107.89537336890596,103.32708992866348,103.5413818359375,2505200,0.0,0.0
2025-06-16 00:00:00-04:00,105.28491543323312,106.24922895120552,104.42775529310359,106.21026611328125,1996200,0.0,0.0
2025-06-17 00:00:00-04:00,105.39206719630114,106.16156656712113,104.45698132871533,104.74919891357422,1607100,0.0,0.0
2025-06-18 00:00:00-04:00,104.486194274835,105.68427737107018,104.18424157468037,105.43102264404297,1789100,0.0,0.0
2025-06-20 00:00:00-04:00,106.31740774975559,106.38559085550864,104.8660773950685,105.84986114501953,4312200,0.0,0.0
2025-06-23 00:00:00-04:00,105.42129585277947,109.68762655558967,105.42129585277947,109.4148941040039,2697500,0.0,0.0
2025-06-24 00:00:00-04:00,111.33376581777014,112.22988880954078,110.15516038887425,110.9246597290039,2025700,0.0,0.0
2025-06-25 00:00:00-04:00,111.04154126430637,111.9279290642782,109.61943118900533,110.32074737548828,1308300,0.0,0.0
2025-06-26 00:00:00-04:00,110.72011692402342,111.73312849104337,110.45712703776535,110.82726287841797,1539200,0.0,0.0
2025-06-27 00:00:00-04:00,111.07076407699971,112.38572824106701,110.46685868256655,111.18765258789062,2248700,0.0,0.0
2025-06-30 00:00:00-04:00,110.80777723532539,111.23635359079793,110.10646101367753,110.79803466796875,1405100,0.0,0.0
2025-07-01 00:00:00-04:00,110.3110102495122,114.76241230846162,109.79476565105527,113.38900756835938,2055100,0.0,0.0
2025-07-02 00:00:00-04:00,114.35331541898724,115.82413099244057,113.39874445194692,115.5124282836914,1588900,0.0,0.0
2025-07-03 00:00:00-04:00,115.512424807696,115.85334777728096,114.65526467863421,115.2104721069336,796200,0.0,0.0
2025-07-07 00:00:00-04:00,114.75266635127282,114.83059202495721,112.29806708142476,112.46365356445312,1512000,0.0,0.0
2025-07-08 00:00:00-04:00,113.0870511632333,115.20073503214688,112.65847479396989,114.3630599975586,1563800,0.0,0.0
2025-07-09 00:00:00-04:00,115.09359772124873,115.65854031821597,114.07084361580138,115.12281799316406,1294900,0.0,0.0
2025-07-10 00:00:00-04:00,115.94100237462779,117.77221847828103,115.239686201433,115.97996520996094,1365300,0.0,0.0
2025-07-11 00:00:00-04:00,114.7429371192451,114.7429371192451,113.48641343418977,114.25591278076172,817800,0.0,0.0
2025-07-14 00:00:00-04:00,113.13575218893074,113.57407110889011,112.03507245828371,113.34030151367188,1219300,0.0,0.0
2025-07-15 00:00:00-04:00,114.11955048958454,114.11955048958454,111.31428544723916,111.32402801513672,1157600,0.0,0.0
2025-07-16 00:00:00-04:00,111.07076498716377,112.76560753626325,110.66166634279517,112.57080078125,1514300,0.0,0.0
2025-07-17 00:00:00-04:00,112.4149618970442,113.46692882518073,112.06430377719812,113.00912475585938,1824800,0.0,0.0
2025-07-18 00:00:00-04:00,113.19418698039219,113.38900115934669,110.47659049303566,111.55778503417969,5187000,0.0,0.0
2025-07-21 00:00:00-04:00,112.49287832151624,112.81431616473537,111.32402289523047,111.54804992675781,1067300,0.0,0.0
2025-07-22 00:00:00-04:00,110.84674361790829,112.45391800727569,110.7006348284926,112.40522003173828,1720700,0.0,0.0
2025-07-23 00:00:00-04:00,113.544853689572,114.00265775561272,112.03507527153151,113.58381652832031,1523400,0.0,0.0
2025-07-24 00:00:00-04:00,112.82404910249912,114.2461591412817,111.80129511824133,112.03506469726562,1711000,0.0,0.0
2025-07-25 00:00:00-04:00,112.50261432610172,113.13574740815655,111.78182043631988,112.94093322753906,1280200,0.0,0.0
2025-07-28 00:00:00-04:00,112.24935993929621,112.69742140894112,110.91491809727145,111.01232147216797,1469300,0.0,0.0
2025-07-29 00:00:00-04:00,111.17791103027696,112.09351912873281,109.18110834831728,109.3174819946289,2255900,0.0,0.0
2025-07-30 00:00:00-04:00,107.14534265854779,107.21352576116539,102.56731735387926,103.49266052246094,6555100,0.0,0.0
2025-07-31 00:00:00-04:00,102.6257721425257,104.71023577649447,102.45044307838806,102.76213836669922,3895800,0.0,0.0
2025-08-01 00:00:00-04:00,101.43742720383344,101.99263464467087,100.11272042720348,101.72964477539062,1989100,0.0,0.0
2025-08-04 00:00:00-04:00,102.17770495859939,102.97642455502591,101.83678941708835,102.27510833740234,2560100,0.0,0.0
2025-08-05 00:00:00-04:00,103.20045549994984,103.96021971881204,102.36277303392889,103.26863861083984,1398000,0.0,0.0
2025-08-06 00:00:00-04:00,103.94073077568407,103.94073077568407,101.84652468735129,102.93746185302734,2502200,0.0,0.0
2025-08-07 00:00:00-04:00,104.78816093045914,105.26544271267083,103.04461286567557,103.36605072021484,1865700,0.0,0.0
2025-08-08 00:00:00-04:00,103.38552248806297,104.6517886979266,102.84005762542702,104.17449951171875,1207000,0.0,0.0
2025-08-11 00:00:00-04:00,104.68439789240021,105.11583842302564,103.792086319324,104.44905853271484,1838100,0.71,0.0
2025-08-12 00:00:00-04:00,104.93934257421643,107.42996147324642,104.42945556640625,106.63571166992188,1455400,0.0,0.0
2025-08-13 00:00:00-04:00,106.81221097417577,110.44027352381548,106.64551786634743,110.43047332763672,2048700,0.0,0.0
2025-08-14 00:00:00-04:00,108.71449370249222,109.89116058659859,108.25363013721312,109.77349090576172,1270000,0.0,0.0
2025-08-15 00:00:00-04:00,110.30299919574738,110.36183777987134,108.99886236454455,109.62641906738281,1400200,0.0,0.0
2025-08-18 00:00:00-04:00,109.61660320944056,109.7832963097089,108.7046837747664,108.81254577636719,1335300,0.0,0.0
2025-08-19 00:00:00-04:00,109.35185762756548,111.62675256982772,109.08711017992148,110.66580963134766,1355200,0.0,0.0
2025-08-20 00:00:00-04:00,110.29319543694635,111.14627632799733,109.48913796983827,109.88135528564453,1091500,0.0,0.0
2025-08-21 00:00:00-04:00,109.02827708401105,109.89116567356193,108.61643692255032,109.40088653564453,1214300,0.0,0.0
2025-08-22 00:00:00-04:00,109.97941463795728,113.25447553435974,109.58718984985028,112.04838562011719,1594300,0.0,0.0
2025-08-25 00:00:00-04:00,111.45025343827602,111.66596996754016,109.81271548762035,109.95980072021484,1161600,0.0,0.0
2025-08-26 00:00:00-04:00,109.82252891013248,110.8521181110914,109.6166125661539,110.3814468383789,1566000,0.0,0.0
2025-08-27 00:00:00-04:00,110.09707454646005,111.1658868847824,109.6558263446883,109.94998931884766,796300,0.0,0.0
2025-08-28 00:00:00-04:00,110.36183779387967,110.40105354187929,108.33208244639634,109.05769348144531,1278200,0.0,0.0
2025-08-29 00:00:00-04:00,109.25379059104947,109.90096258058843,108.69487272784093,109.06748962402344,906800,0.0,0.0
2025-09-02 00:00:00-04:00,107.11618719282085,107.77316694308362,106.71416217774015,107.45938110351562,1788100,0.0,0.0
2025-09-03 00:00:00-04:00,107.19462380547914,107.83198814168556,106.49842837029122,107.06715393066406,1161000,0.0,0.0
2025-09-04 00:00:00-04:00,107.63586983561898,107.7241239633739,106.35134099336834,107.5083999633789,1642900,0.0,0.0
2025-09-05 00:00:00-04:00,108.28305274442606,109.83233664495653,106.98871609512535,107.84180450439453,2222300,0.0,0.0
2025-09-08 00:00:00-04:00,107.51821694435206,109.4303025987462,106.24348818737865,109.36166381835938,3265000,0.0,0.0
2025-09-09 00:00:00-04:00,108.54779267539169,108.61643145200044,106.64551480320674,107.25345611572266,2041000,0.0,0.0
2025-09-10 00:00:00-04:00,106.33172917324217,107.42994952361964,106.08658963345219,106.66511535644531,1423600,0.0,0.0
2025-09-11 00:00:00-04:00,106.95929520833366,109.96960872259979,106.88084875324247,109.65583038330078,1505900,0.0,0.0
2025-09-12 00:00:00-04:00,108.96943067475034,109.6264103579891,108.21440414824843,108.5674057006836,1552300,0.0,0.0
2025-09-15 00:00:00-04:00,109.16555208149708,109.30282963840611,106.98871156327432,107.32209777832031,1281500,0.0,0.0
2025-09-16 00:00:00-04:00,107.29267757804399,107.7731564874692,105.82184026256007,106.25328826904297,1220500,0.0,0.0
2025-09-17 00:00:00-04:00,106.76317865286882,109.41069039384422,105.52768065481266,105.99834442138672,1492800,0.0,0.0
2025-09-18 00:00:00-04:00,106.35134146215971,107.13579101449652,105.89047791124173,106.90045166015625,1715200,0.0,0.0
2025-09-19 00:00:00-04:00,108.23401382820012,108.33207563523173,106.20425860833362,107.29267883300781,3617800,0.0,0.0
2025-09-22 00:00:00-04:00,106.5474628352482,107.69471419013178,105.75320556711932,107.36132049560547,2348900,0.0,0.0
2025-09-23 00:00:00-04:00,107.23385159649325,107.58685316753963,103.6548124618133,104.17450714111328,2150600,0.0,0.0
2025-09-24 00:00:00-04:00,103.28220553312127,104.55692680978088,102.99784273390352,103.42929077148438,1686800,0.0,0.0
2025-09-25 00:00:00-04:00,103.21356438328777,103.39006516905849,101.62505731135133,101.89961242675781,1954900,0.0,0.0
2025-09-26 00:00:00-04:00,102.54678428513807,102.97822483097815,101.28186323621789,101.6348648071289,1859000,0.0,0.0
2025-09-29 00:00:00-04:00,102.40950555399351,103.23317088930223,100.89944495819515,101.99766540527344,2244900,0.0,0.0
2025-09-30 00:00:00-04:00,102.12513992279693,103.15472156327824,101.50738345744263,103.06647491455078,1723300,0.0,0.0
2025-10-01 00:00:00-04:00,102.91938776558811,103.45869776796876,101.69369001569153,102.06629943847656,1588900,0.0,0.0
2025-10-02 00:00:00-04:00,101.95845068209402,103.27239515334026,101.72311131444465,102.48794555664062,1333500,0.0,0.0
2025-10-03 00:00:00-04:00,102.32124989617147,103.33122367700793,101.98786368858357,102.39969635009766,1160200,0.0,0.0
2025-10-06 00:00:00-04:00,103.08608461164938,103.08608461164938,101.49758505791787,101.50738525390625,1466600,0.0,0.0
2025-10-07 00:00:00-04:00,101.96824997345271,102.24280508554156,99.53646971118096,99.72277069091797,1412500,0.0,0.0
2025-10-08 00:00:00-04:00,99.90907677044221,100.0659696770768,99.03638055021761,99.61490631103516,1519000,0.0,0.0
2025-10-09 00:00:00-04:00,99.86985309947457,100.05616155500788,97.55573510436858,97.6635971069336,1650500,0.0,0.0
2025-10-10 00:00:00-04:00,98.51668503442255,99.8110215786699,96.52615305541983,96.56537628173828,1772700,0.0,0.0
2025-10-13 00:00:00-04:00,97.3105977195599,97.94796207227512,96.25160050513556,96.93798828125,1420800,0.0,0.0
2025-10-14 00:00:00-04:00,96.09470879853662,99.36976977279966,96.08490112130774,98.54610443115234,1362500,0.0,0.0
2025-10-15 00:00:00-04:00,98.72260229373622,99.38938218531351,96.93798662525954,97.62437438964844,1517800,0.0,0.0
2025-10-16 00:00:00-04:00,99.53646746675729,99.86004599524242,98.09504567972742,99.04618835449219,1859000,0.0,0.0
2025-10-17 00:00:00-04:00,99.05598875008467,99.78160722406719,98.29115453037957,99.59529876708984,1196000,0.0,0.0
2025-10-20 00:00:00-04:00,100.01693879443765,100.54644113284196,99.55607523243397,100.18363189697266,1033600,0.0,0.0
2025-10-21 00:00:00-04:00,100.18362950699046,102.8017181057555,99.9188820846369,102.35066223144531,1790700,0.0,0.0
2025-10-22 00:00:00-04:00,101.61525011713086,102.26242216172197,100.0169428413788,100.17383575439453,1443700,0.0,0.0
2025-10-23 00:00:00-04:00,100.87002871273612,101.6054473917938,99.8992706700127,101.48777770996094,1265300,0.0,0.0
2025-10-24 00:00:00-04:00,102.3996971712351,102.56639027636575,101.0759450451444,101.48777770996094,1228400,0.0,0.0
2025-10-27 00:00:00-04:00,101.97805773046161,103.72345021387785,101.53680951155418,103.39986419677734,2210000,0.0,0.0
2025-10-28 00:00:00-04:00,104.02741506486045,104.63536383747254,102.90957932375117,103.26258087158203,2967000,0.0,0.0
2025-10-29 00:00:00-04:00,101.92902633121746,101.97805723577632,97.11448924995179,97.2027359008789,3446500,0.0,0.0
2025-10-30 00:00:00-04:00,96.09469938305637,98.83045753873037,95.2906419935836,95.55538940429688,2748800,0.0,0.0
2025-10-31 00:00:00-04:00,95.05532142048811,96.26140390741317,94.62387338623671,95.84957122802734,3132500,0.0,0.0
2025-11-03 00:00:00-05:00,94.79056133678034,95.67306523103848,92.48625101587588,93.11380767822266,2955400,0.0,0.0
2025-11-04 00:00:00-05:00,92.49605161688179,93.17263164983378,91.91751842115563,93.07457733154297,2327400,0.0,0.0
2025-11-05 00:00:00-05:00,92.68236172393074,94.67290123889417,92.23130583042739,94.37873077392578,2602500,0.0,0.0
2025-11-06 00:00:00-05:00,94.37872972141847,95.11414839457238,93.26089393670978,93.3197250366211,3974500,0.0,0.0
2025-11-07 00:00:00-05:00,93.26089497675103,94.633678011494,93.04517096658297,94.37873077392578,1847200,0.0,0.0
2025-11-10 00:00:00-05:00,94.56642628012314,95.05046832793137,93.19331448981983,94.76399230957031,1699900,0.71,0.0
2025-11-11 00:00:00-05:00,94.82325406205901,95.08009591193017,94.09225075959843,94.74423217773438,1057100,0.0,0.0
2025-11-12 00:00:00-05:00,95.08010482924485,96.83846815944199,94.83314351800006,96.3050308227539,1565100,0.0,0.0
2025-11-13 00:00:00-05:00,96.43344608576491,97.56946197692885,96.43344608576491,96.91748809814453,1809100,0.0,0.0
2025-11-14 00:00:00-05:00,96.26550962121101,96.5816197768352,95.40608913945869,95.85061645507812,1601100,0.0,0.0
2025-11-17 00:00:00-05:00,95.54439019745597,95.9296492275537,94.10213709102274,94.20092010498047,2168200,0.0,0.0
2025-11-18 00:00:00-05:00,93.84529290414007,94.12188835104445,92.59073283092067,93.66748046875,3052700,0.0,0.0
2025-11-19 00:00:00-05:00,93.78602675462821,94.39848596205421,92.25486366274153,93.19331359863281,2350000,0.0,0.0
2025-11-20 00:00:00-05:00,94.35897210744085,94.83314112921775,93.31185858587057,94.04286193847656,2297800,0.0,0.0
2025-11-21 00:00:00-05:00,95.24802708024879,99.57479363918151,94.74423148265114,97.50031280517578,3808100,0.0,0.0
2025-11-24 00:00:00-05:00,97.21384853783086,97.51019757214041,95.65305133248754,95.97904205322266,3013400,0.0,0.0
2025-11-25 00:00:00-05:00,96.92736720239478,98.9524452038684,96.5223470801039,98.38937377929688,2859100,0.0,0.0
2025-11-26 00:00:00-05:00,98.16218135025152,99.52540502851113,98.04363721170948,98.67585754394531,1400100,0.0,0.0
2025-11-28 00:00:00-05:00,98.96233337090284,99.59455370193324,98.74500621898724,98.82403564453125,689800,0.0,0.0
2025-12-01 00:00:00-05:00,98.09302647356238,100.51324407797476,97.35214261057976,98.6462173461914,2271300,0.0,0.0
2025-12-02 00:00:00-05:00,99.09074718065727,99.37722318606136,97.79667241198761,99.03147888183594,1771000,0.0,0.0
2025-12-03 00:00:00-05:00,99.27844422682024,100.4638554715806,98.8240363317734,100.10823059082031,1720300,0.0,0.0
2025-12-04 00:00:00-05:00,100.24653271078554,100.76020889096172,99.11050924046708,99.44637298583984,1989500,0.0,0.0
2025-12-05 00:00:00-05:00,100.07858975993436,100.83923474615546,99.53527944929398,99.80199432373047,2474700,0.0,0.0
2025-12-08 00:00:00-05:00,99.6142976573565,100.14773492320428,99.07098736676605,99.15001678466797,2161800,0.0,0.0
2025-12-09 00:00:00-05:00,99.14013946359098,99.7624791924241,98.04363074850859,98.22144317626953,1586100,0.0,0.0
2025-12-10 00:00:00-05:00,98.28071219899688,99.56491391304833,96.96688387287027,99.21916961669922,2122000,0.0,0.0
2025-12-11 00:00:00-05:00,99.55503433028824,102.02464723801184,99.23892417956603,101.51097106933594,1567500,0.0,0.0
2025-12-12 00:00:00-05:00,102.09379352324558,102.64699192555362,101.58011736752414,102.28148651123047,1708500,0.0,0.0
2025-12-15 00:00:00-05:00,102.74577316973263,102.98285388856377,101.32327378342553,102.45929718017578,1655500,0.0,0.0
2025-12-16 00:00:00-05:00,103.22981616763656,103.31871861181082,102.0740391734098,102.43953704833984,1879500,0.0,0.0
2025-12-17 00:00:00-05:00,101.8567110532907,103.43726173993183,101.74804748702223,102.45929718017578,2127700,0.0,0.0
2025-12-18 00:00:00-05:00,103.12115578815832,104.19791093306992,101.58011974821707,101.65914916992188,2263300,0.0,0.0
2025-12-19 00:00:00-05:00,101.33315516579519,102.11355372229062,101.14546217950914,101.43193817138672,3625800,0.0,0.0
2025-12-22 00:00:00-05:00,101.27388150104997,102.53832962433387,100.92813720574829,102.11355590820312,1475400,0.0,0.0
2025-12-23 00:00:00-05:00,102.5482086694757,102.73590167079804,101.07632141926487,101.42206573486328,1589000,0.0,0.0
2025-12-24 00:00:00-05:00,101.86660046603735,102.68650626004147,101.59987803959896,102.29137420654297,622400,0.0,0.0
2025-12-26 00:00:00-05:00,102.22222324322873,103.16067315599723,102.14319381948846,103.05200958251953,936800,0.0,0.0
2025-12-29 00:00:00-05:00,103.16066917871812,103.50641347342606,102.44941946579874,102.98285675048828,2271800,0.0,0.0
2025-12-30 00:00:00-05:00,102.66674583121005,103.08163898173508,102.36051624915495,102.41978454589844,1212500,0.0,0.0
2025-12-31 00:00:00-05:00,102.24197474585502,102.35063831711678,101.03680243670486,101.21461486816406,1174800,0.0,0.0
2026-01-02 00:00:00-05:00,101.77768682581117,103.42738645361267,100.7700880668927,103.0816421508789,1810300,0.0,0.0
2026-01-05 00:00:00-05:00,101.75793410923379,105.04745283100347,101.75793410923379,103.93119049072266,1699600,0.0,0.0
2026-01-06 00:00:00-05:00,103.36811947640015,104.85976781487416,103.33848532673852,104.35596466064453,1701600,0.0,0.0
2026-01-07 00:00:00-05:00,104.24730815418222,104.29670343140712,102.0444174645172,102.63712310791016,1677100,0.0,0.0
2026-01-08 00:00:00-05:00,101.7184223103209,105.70931785647993,101.11583613029065,104.02010345458984,1541600,0.0,0.0
2026-01-09 00:00:00-05:00,104.12876368724683,106.29213949915979,104.11888312521546,106.10445404052734,1679200,0.0,0.0
2026-01-12 00:00:00-05:00,106.6971567373637,107.5763383177298,105.9859070236607,106.7366714477539,2096500,0.0,0.0
2026-01-13 00:00:00-05:00,107.27010993976423,107.67513010178105,105.2549123022311,106.28226470947266,1875600,0.0,0.0
2026-01-14 00:00:00-05:00,106.41068405600286,108.25794972019098,106.20323747248412,107.25035095214844,1549100,0.0,0.0
2026-01-15 00:00:00-05:00,107.7640251241559,109.15689042042075,107.11205123618336,108.73211669921875,1549100,0.0,0.0
2026-01-16 00:00:00-05:00,107.81342021763061,109.25567324760942,107.64548834913853,108.88029479980469,5937900,0.0,0.0
2026-01-20 00:00:00-05:00,108.04063005574069,108.5740673573693,107.07253846315677,107.68500518798828,2079400,0.0,0.0
2026-01-21 00:00:00-05:00,109.1568912027604,111.48820640513682,108.15916547154715,111.1720962524414,1923900,0.0,0.0
2026-01-22 00:00:00-05:00,111.78456017236584,113.12802263519617,111.17209346956086,112.52544403076172,2062900,0.0,0.0
2026-01-23 00:00:00-05:00,111.90310503594917,112.02164917525072,109.90766101266907,110.92514038085938,1965300,0.0,0.0
2026-01-26 00:00:00-05:00,111.1128298459157,111.77468431178781,110.49048255522524,111.28076171875,1821300,0.0,0.0
2026-01-27 00:00:00-05:00,111.19185341844604,111.65614186880522,108.93956756591797,108.93956756591797,2869100,0.0,0.0
2026-01-28 00:00:00-05:00,113.49353305735222,114.76785425439462,110.70780992838951,112.57483673095703,5740700,0.0,0.0
2026-01-29 00:00:00-05:00,113.46390305486216,115.1827516347099,112.73289969921719,115.0938491821289,2797400,0.0,0.0
2026-01-30 00:00:00-05:00,115.34080293476477,116.07180624253796,113.4342614754422,114.22453308105469,2737000,0.0,0.0
2026-02-02 00:00:00-05:00,114.74809982029294,116.36816531388575,114.5307726746494,115.04444885253906,2493200,0.0,0.0
2026-02-03 00:00:00-05:00,114.708585515462,120.06270460563238,114.708585515462,118.06725311279297,2865600,0.0,0.0
2026-02-04 00:00:00-05:00,119.52926725463787,124.50800788600719,119.16376182338867,124.41909790039062,3384400,0.0,0.0
2026-02-05 00:00:00-05:00,124.46848910392201,124.93277753104834,121.92972736572906,122.9076919555664,2468700,0.0,0.0
2026-02-06 00:00:00-05:00,123.5893128888028,125.19949784266566,123.49052987668335,124.97229766845703,1720000,0.0,0.0
2026-02-09 00:00:00-05:00,124.70557220933225,126.49357709280443,123.51028045746794,126.0391616821289,1475000,0.0,0.0
2026-02-10 00:00:00-05:00,126.30588711624992,127.82716208285059,125.50573492078765,127.57032775878906,1586600,0.0,0.0
2026-02-11 00:00:00-05:00,127.4122618616378,129.61516737533137,127.30359829336898,129.43734741210938,1618200,0.0,0.0
2026-02-12 00:00:00-05:00,130.3955612650367,131.80817261021386,128.8742863492058,129.96090698242188,2556900,0.0,0.0
2026-02-13 00:00:00-05:00,129.5855172110506,131.01790471144395,129.14098991621012,129.7435760498047,1713700,0.0,0.0
2026-02-17 00:00:00-05:00,129.90164081011676,130.4548316976528,126.99737357723144,127.60983276367188,2089400,0.0,0.0
2026-02-18 00:00:00-05:00,127.748148449368,128.14328049988526,124.60679287646605,126.69114685058594,3311900,0.0,0.0
2026-02-19 00:00:00-05:00,125.40694806989472,126.3454055539262,122.25572693283328,122.7397689819336,2544500,0.0,0.0
2026-02-20 00:00:00-05:00,122.858991200298,126.0581271584414,122.16352092941695,125.71039581298828,1838600,0.71,0.0
2026-02-23 00:00:00-05:00,124.94538801242561,126.33632098712006,123.6041341932461,124.53804016113281,1201500,0.0,0.0
2026-02-24 00:00:00-05:00,124.8957073935297,126.03825973721217,124.34927458914231,124.73674774169922,1545100,0.0,0.0
2026-02-25 00:00:00-05:00,125.28317953618851,125.99851691359646,121.66675842149253,122.3224868774414,1668800,0.0,0.0
2026-02-26 00:00:00-05:00,122.82918283212918,123.46503661996387,120.74278711704814,122.68016052246094,1363800,0.0,0.0
2026-02-27 00:00:00-05:00,120.96136101792106,122.6801582304078,119.59030273476353,122.47151184082031,1892400,0.0,0.0
2026-03-02 00:00:00-05:00,118.22917024827919,120.08705993811445,115.97387764679918,118.42787170410156,2310800,0.0,0.0
2026-03-03 00:00:00-05:00,114.7518416776043,118.36826274831871,113.92721623423367,117.41448211669922,2245100,0.0,0.0
2026-03-04 00:00:00-05:00,118.2689156025926,119.54062314993637,116.18251993398333,116.93759155273438,2530500,0.0,0.0
2026-03-05 00:00:00-05:00,115.6062766783545,116.24213046080192,110.17170748589537,111.1453628540039,2305400,0.0,0.0
2026-03-06 00:00:00-05:00,109.1781815119024,109.22786066643225,105.4524723214062,106.00884246826172,3161400,0.0,0.0
2026-03-09 00:00:00-04:00,104.2801154659804,107.72763958105583,101.62741234307457,107.5488052368164,3425900,0.0,0.0
2026-03-10 00:00:00-04:00,108.25420791929561,109.07883339238076,105.08486879983279,105.16435241699219,3399000,0.0,0.0
2026-03-11 00:00:00-04:00,104.69739744511342,105.1444871143573,102.6606808851415,103.40582275390625,1807200,0.0,0.0
2026-03-12 00:00:00-04:00,102.25333134447943,102.86931800799134,99.988101313463,100.07752227783203,2033400,0.0,0.0
2026-03-13 00:00:00-04:00,101.29954962628769,102.34275124657381,100.02784208382737,101.2300033569336,2245500,0.0,0.0
2026-03-16 00:00:00-04:00,102.61100259135516,103.9522564504144,101.96521145033401,102.77989959716797,1896700,0.0,0.0
2026-03-17 00:00:00-04:00,103.09781934946069,104.08141201392111,102.52158210015084,103.22698211669922,1685500,0.0,0.0
2026-03-18 00:00:00-04:00,102.48184053243742,102.76002560102397,99.96822998845585,100.12718963623047,1851600,0.0,0.0
2026-03-19 00:00:00-04:00,97.9513756232607,98.9150936215704,95.43776501404662,97.74273681640625,2823800,0.0,0.0
2026-03-20 00:00:00-04:00,97.92157220859418,98.62697225263226,95.44770338091487,96.59025573730469,3638100,0.0,0.0
2026-03-23 00:00:00-04:00,99.37211598471265,102.47190887825165,99.03432197694224,101.41877746582031,3773400,0.0,0.0
2026-03-24 00:00:00-04:00,99.76952415652683,103.56477967116544,99.00451519335583,102.75009155273438,2540200,0.0,0.0
2026-03-25 00:00:00-04:00,104.36954035273607,106.48574052249992,103.47536859791506,105.99891662597656,2497700,0.0,0.0
2026-03-26 00:00:00-04:00,104.17082635121143,106.8135996808417,104.03173381596507,104.62784576416016,1756100,0.0,0.0
2026-03-27 00:00:00-04:00,103.93238271913474,104.49869020490678,102.6408005193162,103.14749908447266,1531600,0.0,0.0
2026-03-30 00:00:00-04:00,104.13108417450313,104.7172663537968,102.69047967314562,103.14749908447266,1362700,0.0,0.0
2026-03-31 00:00:00-04:00,104.69739181863318,106.97255911192346,103.32633358257831,106.18767547607422,2438300,0.0,0.0
2026-04-01 00:00:00-04:00,106.79372401738719,108.44297489172286,105.56175832497566,105.78033447265625,1861300,0.0,0.0
2026-04-02 00:00:00-04:00,102.74016312702639,105.49221705693294,101.68702414556715,102.57125854492188,1779000,0.0,0.0
2026-04-06 00:00:00-04:00,102.14403901290672,103.41574651561781,101.3492256136996,103.18724060058594,1405600,0.0,0.0
2026-04-07 00:00:00-04:00,102.43216583728487,102.7401629594614,99.51121491001271,101.5777359008789,2372000,0.0,0.0
2026-04-08 00:00:00-04:00,109.84383842995005,110.29092807548363,108.14491596886161,109.75442504882812,2572900,0.0,0.0
2026-04-09 00:00:00-04:00,108.06543421303381,110.28099262528934,107.20107452742486,108.98941040039062,1956200,0.0,0.0
2026-04-10 00:00:00-04:00,110.01274405250547,111.15528880424785,109.05895583161183,109.6153335571289,1378500,0.0,0.0
2026-04-13 00:00:00-04:00,109.45636707984286,109.67494323280211,107.00236540248648,109.51598358154297,1819900,0.0,0.0
2026-04-14 00:00:00-04:00,109.8637164177235,110.02267607114256,108.66155514008751,109.823974609375,1521700,0.0,0.0
2026-04-15 00:00:00-04:00,109.21792339320857,109.41662485151251,106.10820084890086,107.0222396850586,1706700,0.0,0.0
2026-04-16 00:00:00-04:00,115.2486096898205,115.2486096898205,111.19503608153624,111.43348693847656,2973400,0.0,0.0
2026-04-17 00:00:00-04:00,114.25508610255116,117.60325961539084,113.0727919164197,114.1060562133789,5825000,0.0,0.0
2026-04-20 00:00:00-04:00,113.43046154232388,114.50346765713357,113.30130634664268,113.9868392944336,1413000,0.0,0.0
2026-04-21 00:00:00-04:00,113.63909431185414,114.39417349099553,109.97300165123448,110.20150756835938,2064800,0.0,0.0
2026-04-22 00:00:00-04:00,111.80108522612066,112.69525698822805,110.41015221617307,110.9466552734375,1696000,0.0,0.0
2026-04-23 00:00:00-04:00,111.28445186969734,111.70172947996387,107.91641136687862,109.57559204101562,1680400,0.0,0.0
2026-04-24 00:00:00-04:00,109.51598296192667,110.31079637367502,108.61187389434228,109.0887680053711,1560800,0.0,0.0
2026-04-27 00:00:00-04:00,109.3172778263181,110.71814816874274,108.48272257719492,109.58553314208984,1664600,0.0,0.0
2026-04-28 00:00:00-04:00,109.01922223199745,110.11209541559685,106.40625332632888,106.98249816894531,2078800,0.0,0.0
2026-04-29 00:00:00-04:00,106.56522382010196,106.78379997950896,103.32633839792776,104.01187133789062,2516000,0.0,0.0
2026-04-30 00:00:00-04:00,105.60150405993924,108.41317446428204,104.74707413084585,107.79718780517578,2427200,0.0,0.0
2026-05-01 00:00:00-04:00,108.2144613183273,108.77083903382838,106.4459926047113,106.8135986328125,1818500,0.0,0.0
2026-05-04 00:00:00-04:00,105.99891706360555,106.30690661043629,103.03821670319128,103.40582275390625,2237900,0.0,0.0
2026-05-05 00:00:00-04:00,104.09134224518286,106.2572214580431,103.63432283439258,105.7207260131836,1041800,0.0,0.0
2026-05-06 00:00:00-04:00,109.51598153261867,112.26803534708854,108.65161428389888,110.80755615234375,2667500,0.0,0.0
2026-05-07 00:00:00-04:00,112.12894700683734,113.12246948070265,108.18466157279605,108.22440338134766,2140000,0.0,0.0
2026-05-08 00:00:00-04:00,109.07883587857619,110.38034792433275,107.98596264763728,108.9000015258789,1391600,0.0,0.0
2026-05-11 00:00:00-04:00,109.30000305175781,109.6500015258789,107.61000061035156,107.94999694824219,1180100,0.71,0.0
2026-05-12 00:00:00-04:00,107.43000030517578,107.80000305175781,105.5,106.37999725341797,1470100,0.0,0.0
2026-05-13 00:00:00-04:00,106.4000015258789,107.72000122070312,105.08999633789062,105.45999908447266,1352200,0.0,0.0
2026-05-14 00:00:00-04:00,106.4000015258789,107.20999908447266,105.66000366210938,105.91999816894531,1003300,0.0,0.0
2026-05-15 00:00:00-04:00,104.04000091552734,105.37999725341797,102.16999816894531,102.63999938964844,1530200,0.0,0.0
2026-05-18 00:00:00-04:00,102.6500015258789,105.16000366210938,102.33000183105469,103.66000366210938,1500000,0.0,0.0
2026-05-19 00:00:00-04:00,101.45999908447266,102.12999725341797,100.0,101.69999694824219,1906400,0.0,0.0
2026-05-20 00:00:00-04:00,101.73999786376953,105.62000274658203,100.63999938964844,104.38999938964844,3227700,0.0,0.0
2026-05-21 00:00:00-04:00,102.97000122070312,107.4000015258789,101.61000061035156,106.62999725341797,2036800,0.0,0.0
2026-05-22 00:00:00-04:00,107.48999786376953,108.0,106.16999816894531,107.77999877929688,1459800,0.0,0.0
2026-05-26 00:00:00-04:00,108.79000091552734,110.12999725341797,108.5999984741211,109.54000091552734,2187800,0.0,0.0
2026-05-27 00:00:00-04:00,112.83000183105469,113.69999694824219,112.12999725341797,112.87999725341797,2314200,0.0,0.0
2026-05-28 00:00:00-04:00,111.11000061035156,114.37999725341797,110.2699966430664,112.86000061035156,2060300,0.0,0.0
2026-05-29 00:00:00-04:00,112.63999938964844,114.05999755859375,111.83999633789062,112.9800033569336,2616900,0.0,0.0
2026-06-01 00:00:00-04:00,111.27999877929688,112.0999984741211,109.13999938964844,112.06999969482422,1806300,0.0,0.0
2026-06-02 00:00:00-04:00,112.61000061035156,114.9000015258789,112.18000030517578,113.63999938964844,1626200,0.0,0.0
2026-06-03 00:00:00-04:00,112.98999786376953,113.55999755859375,110.86000061035156,111.38999938964844,1526000,0.0,0.0
2026-06-04 00:00:00-04:00,112.80000305175781,114.29000091552734,111.8499984741211,111.95999908447266,1522600,0.0,0.0
2026-06-05 00:00:00-04:00,111.62999725341797,114.18000030517578,111.62999725341797,113.80000305175781,1935000,0.0,0.0
2026-06-08 00:00:00-04:00,113.16999816894531,113.81999969482422,112.25,112.87999725341797,1399800,0.0,0.0
2026-06-09 00:00:00-04:00,114.45999908447266,116.88999938964844,113.55000305175781,116.36000061035156,1811900,0.0,0.0
2026-06-10 00:00:00-04:00,116.51000213623047,116.86000061035156,112.87999725341797,112.97000122070312,1861100,0.0,0.0
2026-06-11 00:00:00-04:00,113.33000183105469,118.55000305175781,112.94999694824219,118.23999786376953,1975300,0.0,0.0
2026-06-12 00:00:00-04:00,120.87000274658203,121.9800033569336,118.72000122070312,119.33999633789062,1788100,0.0,0.0
2026-06-15 00:00:00-04:00,123.16999816894531,124.18000030517578,121.29000091552734,121.52999877929688,1588500,0.0,0.0
2026-06-16 00:00:00-04:00,122.5999984741211,123.37000274658203,120.58000183105469,120.6500015258789,1169200,0.0,0.0
2026-06-17 00:00:00-04:00,120.58999633789062,121.79000091552734,116.77999877929688,117.13999938964844,1671600,0.0,0.0
2026-06-18 00:00:00-04:00,118.45999908447266,120.16000366210938,117.58000183105469,118.25,4780000,0.0,0.0
2026-06-22 00:00:00-04:00,118.38999938964844,120.52999877929688,118.26000213623047,118.91999816894531,990037,0.0,0.0
