Date,Open,High,Low,Close,Volume,Dividends,Stock Splits
2022-01-03 00:00:00-05:00,9.699999809265137,9.829999923706055,9.4399995803833,9.579999923706055,390000,0.0,0.0
2022-01-04 00:00:00-05:00,9.5600004196167,9.600000381469727,8.930000305175781,9.15999984741211,738800,0.0,0.0
2022-01-05 00:00:00-05:00,9.170000076293945,9.199999809265137,8.140000343322754,8.149999618530273,1111500,0.0,0.0
2022-01-06 00:00:00-05:00,8.079999923706055,8.270000457763672,7.380000114440918,8.1899995803833,2179400,0.0,0.0
2022-01-07 00:00:00-05:00,8.210000038146973,8.25,7.489999771118164,7.659999847412109,2521800,0.0,0.0
2022-01-10 00:00:00-05:00,7.519999980926514,7.559999942779541,7.105000019073486,7.25,821000,0.0,0.0
2022-01-11 00:00:00-05:00,7.369999885559082,8.239999771118164,7.300000190734863,8.130000114440918,1324900,0.0,0.0
2022-01-12 00:00:00-05:00,8.199999809265137,8.779999732971191,8.135000228881836,8.1899995803833,1082900,0.0,0.0
2022-01-13 00:00:00-05:00,8.25,8.34000015258789,7.690000057220459,7.949999809265137,805600,0.0,0.0
2022-01-14 00:00:00-05:00,7.800000190734863,8.119999885559082,7.75,7.889999866485596,1131400,0.0,0.0
2022-01-18 00:00:00-05:00,7.650000095367432,7.744999885559082,7.130000114440918,7.5,1075100,0.0,0.0
2022-01-19 00:00:00-05:00,7.579999923706055,7.71999979019165,7.150000095367432,7.480000019073486,643000,0.0,0.0
2022-01-20 00:00:00-05:00,7.590000152587891,8.010000228881836,7.539999961853027,7.579999923706055,755000,0.0,0.0
2022-01-21 00:00:00-05:00,7.71999979019165,7.829999923706055,7.050000190734863,7.110000133514404,1144300,0.0,0.0
2022-01-24 00:00:00-05:00,6.860000133514404,7.019999980926514,6.599999904632568,7.010000228881836,1123000,0.0,0.0
2022-01-25 00:00:00-05:00,6.769999980926514,7.159999847412109,6.769999980926514,7.010000228881836,669000,0.0,0.0
2022-01-26 00:00:00-05:00,7.170000076293945,7.679999828338623,7.090000152587891,7.420000076293945,998200,0.0,0.0
2022-01-27 00:00:00-05:00,7.460000038146973,7.670000076293945,6.809999942779541,6.920000076293945,1351000,0.0,0.0
2022-01-28 00:00:00-05:00,6.960000038146973,6.989999771118164,6.53000020980835,6.989999771118164,967500,0.0,0.0
2022-01-31 00:00:00-05:00,6.960000038146973,7.679999828338623,6.593999862670898,7.679999828338623,653600,0.0,0.0
2022-02-01 00:00:00-05:00,7.739999771118164,7.985000133514404,7.539999961853027,7.860000133514404,539200,0.0,0.0
2022-02-02 00:00:00-05:00,7.96999979019165,7.980000019073486,7.630000114440918,7.760000228881836,414500,0.0,0.0
2022-02-03 00:00:00-05:00,7.46999979019165,7.800000190734863,7.46999979019165,7.670000076293945,605500,0.0,0.0
2022-02-04 00:00:00-05:00,7.599999904632568,7.949999809265137,7.519999980926514,7.940000057220459,343900,0.0,0.0
2022-02-07 00:00:00-05:00,8.0,8.3100004196167,7.829999923706055,8.050000190734863,323200,0.0,0.0
2022-02-08 00:00:00-05:00,8.09000015258789,8.4399995803833,8.039999961853027,8.430000305175781,599600,0.0,0.0
2022-02-09 00:00:00-05:00,8.569999694824219,9.050000190734863,8.529999732971191,9.0,723500,0.0,0.0
2022-02-10 00:00:00-05:00,8.720000267028809,9.710000038146973,8.720000267028809,9.199999809265137,1463300,0.0,0.0
2022-02-11 00:00:00-05:00,9.109999656677246,9.170000076293945,8.550000190734863,8.680000305175781,531900,0.0,0.0
2022-02-14 00:00:00-05:00,8.8100004196167,9.119999885559082,8.670000076293945,8.710000038146973,348700,0.0,0.0
2022-02-15 00:00:00-05:00,8.880000114440918,9.0,8.729999542236328,8.949999809265137,327400,0.0,0.0
2022-02-16 00:00:00-05:00,8.9399995803833,9.069999694824219,8.399999618530273,8.520000457763672,803000,0.0,0.0
2022-02-17 00:00:00-05:00,8.40999984741211,8.800000190734863,8.111000061035156,8.180000305175781,727900,0.0,0.0
2022-02-18 00:00:00-05:00,8.180000305175781,8.229999542236328,7.4019999504089355,7.460000038146973,992300,0.0,0.0
2022-02-22 00:00:00-05:00,7.269999980926514,7.355000019073486,6.75,6.869999885559082,1325000,0.0,0.0
2022-02-23 00:00:00-05:00,6.960000038146973,7.054999828338623,6.550000190734863,6.590000152587891,900900,0.0,0.0
2022-02-24 00:00:00-05:00,6.25,6.840000152587891,6.199999809265137,6.800000190734863,3036000,0.0,0.0
2022-02-25 00:00:00-05:00,6.800000190734863,7.010000228881836,6.369999885559082,6.420000076293945,1923700,0.0,0.0
2022-02-28 00:00:00-05:00,6.340000152587891,6.570000171661377,6.320000171661377,6.449999809265137,1321900,0.0,0.0
2022-03-01 00:00:00-05:00,6.409999847412109,6.699999809265137,6.349999904632568,6.400000095367432,931500,0.0,0.0
2022-03-02 00:00:00-05:00,6.409999847412109,6.485000133514404,6.050000190734863,6.360000133514404,677300,0.0,0.0
2022-03-03 00:00:00-05:00,6.369999885559082,6.400000095367432,5.900000095367432,6.119999885559082,652400,0.0,0.0
2022-03-04 00:00:00-05:00,6.050000190734863,6.070000171661377,5.539999961853027,5.800000190734863,845000,0.0,0.0
2022-03-07 00:00:00-05:00,5.800000190734863,6.114999771118164,5.789999961853027,5.869999885559082,1921200,0.0,0.0
2022-03-08 00:00:00-05:00,5.860000133514404,6.0,5.769999980926514,5.789999961853027,1851500,0.0,0.0
2022-03-09 00:00:00-05:00,5.920000076293945,6.519999980926514,5.920000076293945,6.449999809265137,1009100,0.0,0.0
2022-03-10 00:00:00-05:00,6.28000020980835,6.510000228881836,6.210000038146973,6.329999923706055,628000,0.0,0.0
2022-03-11 00:00:00-05:00,6.349999904632568,6.590000152587891,6.150000095367432,6.199999809265137,890400,0.0,0.0
2022-03-14 00:00:00-04:00,6.21999979019165,6.449999809265137,5.929999828338623,6.010000228881836,1223700,0.0,0.0
2022-03-15 00:00:00-04:00,6.010000228881836,6.269999980926514,6.0,6.230000019073486,699700,0.0,0.0
2022-03-16 00:00:00-04:00,6.329999923706055,6.480000019073486,6.210000038146973,6.369999885559082,1630600,0.0,0.0
2022-03-17 00:00:00-04:00,6.25,6.730000019073486,6.150000095367432,6.639999866485596,1976600,0.0,0.0
2022-03-18 00:00:00-04:00,6.550000190734863,7.105000019073486,6.429999828338623,7.010000228881836,2419700,0.0,0.0
2022-03-21 00:00:00-04:00,6.940000057220459,7.46999979019165,6.889999866485596,7.190000057220459,2079800,0.0,0.0
2022-03-22 00:00:00-04:00,7.179999828338623,7.21999979019165,6.78000020980835,6.96999979019165,2137500,0.0,0.0
2022-03-23 00:00:00-04:00,6.860000133514404,6.960000038146973,6.409999847412109,6.429999828338623,582600,0.0,0.0
2022-03-24 00:00:00-04:00,6.400000095367432,6.440000057220459,6.110000133514404,6.300000190734863,836900,0.0,0.0
2022-03-25 00:00:00-04:00,5.5,5.989999771118164,5.489999771118164,5.510000228881836,3280300,0.0,0.0
2022-03-28 00:00:00-04:00,5.5,5.800000190734863,5.489999771118164,5.789999961853027,1291600,0.0,0.0
2022-03-29 00:00:00-04:00,5.78000020980835,6.099999904632568,5.75,5.929999828338623,1929300,0.0,0.0
2022-03-30 00:00:00-04:00,5.840000152587891,5.8480000495910645,5.5,5.510000228881836,1455800,0.0,0.0
2022-03-31 00:00:00-04:00,5.53000020980835,5.619999885559082,5.005000114440918,5.059999942779541,782300,0.0,0.0
2022-04-01 00:00:00-04:00,5.099999904632568,5.239999771118164,4.940000057220459,5.179999828338623,1172700,0.0,0.0
2022-04-04 00:00:00-04:00,5.159999847412109,5.585000038146973,5.159999847412109,5.400000095367432,1013900,0.0,0.0
2022-04-05 00:00:00-04:00,5.349999904632568,5.349999904632568,4.679999828338623,4.809999942779541,2693200,0.0,0.0
2022-04-06 00:00:00-04:00,4.690000057220459,4.820000171661377,4.570000171661377,4.800000190734863,1227800,0.0,0.0
2022-04-07 00:00:00-04:00,4.800000190734863,4.909999847412109,4.639999866485596,4.829999923706055,795800,0.0,0.0
2022-04-08 00:00:00-04:00,4.789999961853027,5.014999866485596,4.510000228881836,4.869999885559082,1055500,0.0,0.0
2022-04-11 00:00:00-04:00,4.769999980926514,4.889999866485596,4.590000152587891,4.820000171661377,804100,0.0,0.0
2022-04-12 00:00:00-04:00,4.900000095367432,5.119999885559082,4.75,4.800000190734863,1188700,0.0,0.0
2022-04-13 00:00:00-04:00,4.800000190734863,5.050000190734863,4.670000076293945,5.039999961853027,687800,0.0,0.0
2022-04-14 00:00:00-04:00,5.050000190734863,5.130000114440918,4.940000057220459,5.079999923706055,895100,0.0,0.0
2022-04-18 00:00:00-04:00,5.019999980926514,5.159999847412109,4.849999904632568,4.96999979019165,495600,0.0,0.0
2022-04-19 00:00:00-04:00,5.0,5.260000228881836,4.860000133514404,5.199999809265137,835500,0.0,0.0
2022-04-20 00:00:00-04:00,5.230000019073486,5.329999923706055,5.070000171661377,5.199999809265137,1466900,0.0,0.0
2022-04-21 00:00:00-04:00,5.289999961853027,5.340000152587891,4.650000095367432,4.690000057220459,717300,0.0,0.0
2022-04-22 00:00:00-04:00,4.639999866485596,4.800000190734863,4.619999885559082,4.760000228881836,649700,0.0,0.0
2022-04-25 00:00:00-04:00,4.690000057220459,4.960000038146973,4.610000133514404,4.920000076293945,954800,0.0,0.0
2022-04-26 00:00:00-04:00,4.849999904632568,5.130000114440918,4.735000133514404,5.079999923706055,858000,0.0,0.0
2022-04-27 00:00:00-04:00,5.079999923706055,5.260000228881836,4.994999885559082,5.019999980926514,922800,0.0,0.0
2022-04-28 00:00:00-04:00,5.070000171661377,5.199999809265137,4.860000133514404,5.03000020980835,1058600,0.0,0.0
2022-04-29 00:00:00-04:00,5.0,5.239999771118164,4.820000171661377,4.860000133514404,611100,0.0,0.0
2022-05-02 00:00:00-04:00,4.820000171661377,4.829999923706055,4.579999923706055,4.829999923706055,696500,0.0,0.0
2022-05-03 00:00:00-04:00,4.829999923706055,4.849999904632568,4.630000114440918,4.730000019073486,908100,0.0,0.0
2022-05-04 00:00:00-04:00,4.690000057220459,4.909999847412109,4.485000133514404,4.869999885559082,530900,0.0,0.0
2022-05-05 00:00:00-04:00,4.820000171661377,4.820000171661377,4.28000020980835,4.429999828338623,680300,0.0,0.0
2022-05-06 00:00:00-04:00,4.380000114440918,4.510000228881836,4.239999771118164,4.360000133514404,645900,0.0,0.0
2022-05-09 00:00:00-04:00,4.260000228881836,4.28000020980835,3.9100000858306885,3.9700000286102295,968800,0.0,0.0
2022-05-10 00:00:00-04:00,4.070000171661377,4.130000114440918,3.690000057220459,3.940000057220459,1676400,0.0,0.0
2022-05-11 00:00:00-04:00,3.7799999713897705,4.010000228881836,3.549999952316284,3.640000104904175,2089600,0.0,0.0
2022-05-12 00:00:00-04:00,4.150000095367432,4.199999809265137,3.619999885559082,4.110000133514404,2809400,0.0,0.0
2022-05-13 00:00:00-04:00,4.199999809265137,4.769999980926514,4.179999828338623,4.710000038146973,2564600,0.0,0.0
2022-05-16 00:00:00-04:00,4.679999828338623,4.909999847412109,4.570000171661377,4.75,946700,0.0,0.0
2022-05-17 00:00:00-04:00,4.860000133514404,5.0,4.690000057220459,4.960000038146973,1575100,0.0,0.0
2022-05-18 00:00:00-04:00,4.960000038146973,5.21999979019165,4.960000038146973,5.070000171661377,1291100,0.0,0.0
2022-05-19 00:00:00-04:00,5.03000020980835,5.369999885559082,4.980000019073486,5.21999979019165,1322600,0.0,0.0
2022-05-20 00:00:00-04:00,5.269999980926514,5.429999828338623,5.059999942779541,5.210000038146973,1169100,0.0,0.0
2022-05-23 00:00:00-04:00,5.170000076293945,5.53000020980835,5.110000133514404,5.53000020980835,967000,0.0,0.0
2022-05-24 00:00:00-04:00,5.489999771118164,5.599999904632568,5.335000038146973,5.420000076293945,941700,0.0,0.0
2022-05-25 00:00:00-04:00,5.46999979019165,5.659999847412109,5.420000076293945,5.650000095367432,970500,0.0,0.0
2022-05-26 00:00:00-04:00,5.599999904632568,5.96999979019165,5.599999904632568,5.949999809265137,1334500,0.0,0.0
2022-05-27 00:00:00-04:00,5.980000019073486,6.25,5.980000019073486,6.210000038146973,1633900,0.0,0.0
2022-05-31 00:00:00-04:00,6.190000057220459,6.257999897003174,5.769999980926514,6.010000228881836,2919600,0.0,0.0
2022-06-01 00:00:00-04:00,5.96999979019165,6.260000228881836,5.710000038146973,5.809999942779541,1508200,0.0,0.0
2022-06-02 00:00:00-04:00,5.829999923706055,6.090000152587891,5.829999923706055,6.03000020980835,1130200,0.0,0.0
2022-06-03 00:00:00-04:00,5.909999847412109,6.130000114440918,5.835000038146973,5.949999809265137,737700,0.0,0.0
2022-06-06 00:00:00-04:00,6.119999885559082,6.590000152587891,6.03000020980835,6.260000228881836,2045000,0.0,0.0
2022-06-07 00:00:00-04:00,6.130000114440918,6.170000076293945,5.364999771118164,5.889999866485596,1756100,0.0,0.0
2022-06-08 00:00:00-04:00,5.800000190734863,5.994999885559082,5.599999904632568,5.760000228881836,772400,0.0,0.0
2022-06-09 00:00:00-04:00,5.659999847412109,5.909999847412109,5.34499979019165,5.360000133514404,1067000,0.0,0.0
2022-06-10 00:00:00-04:00,5.199999809265137,5.360000133514404,4.940000057220459,5.159999847412109,864400,0.0,0.0
2022-06-13 00:00:00-04:00,4.989999771118164,5.099999904632568,4.849999904632568,4.860000133514404,1378500,0.0,0.0
2022-06-14 00:00:00-04:00,4.889999866485596,4.960000038146973,4.699999809265137,4.929999828338623,1112200,0.0,0.0
2022-06-15 00:00:00-04:00,5.0,5.269999980926514,4.929999828338623,5.190000057220459,1198400,0.0,0.0
2022-06-16 00:00:00-04:00,5.0,5.099999904632568,4.730000019073486,4.820000171661377,1403100,0.0,0.0
2022-06-17 00:00:00-04:00,4.900000095367432,5.494999885559082,4.789999961853027,5.420000076293945,3603100,0.0,0.0
2022-06-21 00:00:00-04:00,5.46999979019165,5.704999923706055,5.269999980926514,5.329999923706055,1792100,0.0,0.0
2022-06-22 00:00:00-04:00,5.21999979019165,5.480000019073486,4.860000133514404,4.900000095367432,1444700,0.0,0.0
2022-06-23 00:00:00-04:00,4.880000114440918,5.070000171661377,4.769999980926514,5.059999942779541,1853700,0.0,0.0
2022-06-24 00:00:00-04:00,5.139999866485596,5.46999979019165,4.900000095367432,5.139999866485596,14313500,0.0,0.0
2022-06-27 00:00:00-04:00,5.119999885559082,5.190000057220459,4.630000114440918,4.710000038146973,1535100,0.0,0.0
2022-06-28 00:00:00-04:00,4.670000076293945,4.840000152587891,4.550000190734863,4.559999942779541,2126100,0.0,0.0
2022-06-29 00:00:00-04:00,4.510000228881836,4.590000152587891,4.190000057220459,4.380000114440918,1989400,0.0,0.0
2022-06-30 00:00:00-04:00,4.340000152587891,4.53000020980835,4.179999828338623,4.519999980926514,2722100,0.0,0.0
2022-07-01 00:00:00-04:00,4.489999771118164,4.489999771118164,4.110000133514404,4.320000171661377,1167400,0.0,0.0
2022-07-05 00:00:00-04:00,4.210000038146973,4.664999961853027,4.070000171661377,4.639999866485596,1848000,0.0,0.0
2022-07-06 00:00:00-04:00,4.710000038146973,4.820000171661377,4.489999771118164,4.739999771118164,984300,0.0,0.0
2022-07-07 00:00:00-04:00,4.75,4.920000076293945,4.739999771118164,4.909999847412109,925600,0.0,0.0
2022-07-08 00:00:00-04:00,4.840000152587891,4.960000038146973,4.699999809265137,4.909999847412109,779400,0.0,0.0
2022-07-11 00:00:00-04:00,4.809999942779541,4.940000057220459,4.590000152587891,4.610000133514404,535400,0.0,0.0
2022-07-12 00:00:00-04:00,4.619999885559082,4.710000038146973,4.474999904632568,4.599999904632568,470800,0.0,0.0
2022-07-13 00:00:00-04:00,4.5,4.800000190734863,4.420000076293945,4.800000190734863,420500,0.0,0.0
2022-07-14 00:00:00-04:00,4.699999809265137,4.730000019073486,4.454999923706055,4.46999979019165,385500,0.0,0.0
2022-07-15 00:00:00-04:00,4.550000190734863,4.639999866485596,4.409999847412109,4.619999885559082,339100,0.0,0.0
2022-07-18 00:00:00-04:00,4.650000095367432,4.739999771118164,4.449999809265137,4.53000020980835,509900,0.0,0.0
2022-07-19 00:00:00-04:00,4.590000152587891,4.869999885559082,4.590000152587891,4.860000133514404,495500,0.0,0.0
2022-07-20 00:00:00-04:00,4.840000152587891,5.139999866485596,4.829999923706055,5.110000133514404,876600,0.0,0.0
2022-07-21 00:00:00-04:00,5.070000171661377,5.239999771118164,4.980000019073486,5.21999979019165,542500,0.0,0.0
2022-07-22 00:00:00-04:00,5.239999771118164,5.239999771118164,4.829999923706055,4.860000133514404,635200,0.0,0.0
2022-07-25 00:00:00-04:00,4.860000133514404,4.940000057220459,4.744999885559082,4.849999904632568,558600,0.0,0.0
2022-07-26 00:00:00-04:00,4.760000228881836,4.849999904632568,4.494999885559082,4.760000228881836,622500,0.0,0.0
2022-07-27 00:00:00-04:00,4.829999923706055,5.105000019073486,4.75,5.059999942779541,649000,0.0,0.0
2022-07-28 00:00:00-04:00,5.070000171661377,5.460000038146973,5.03000020980835,5.420000076293945,593900,0.0,0.0
2022-07-29 00:00:00-04:00,5.369999885559082,5.710000038146973,5.309999942779541,5.659999847412109,452900,0.0,0.0
2022-08-01 00:00:00-04:00,5.550000190734863,5.690000057220459,5.199999809265137,5.25,748600,0.0,0.0
2022-08-02 00:00:00-04:00,5.170000076293945,5.570000171661377,5.119999885559082,5.420000076293945,400700,0.0,0.0
2022-08-03 00:00:00-04:00,5.480000019073486,5.800000190734863,5.46999979019165,5.730000019073486,531000,0.0,0.0
2022-08-04 00:00:00-04:00,5.690000057220459,5.775000095367432,5.485000133514404,5.590000152587891,539300,0.0,0.0
2022-08-05 00:00:00-04:00,5.510000228881836,5.829999923706055,5.440000057220459,5.71999979019165,663400,0.0,0.0
2022-08-08 00:00:00-04:00,5.789999961853027,5.914999961853027,5.449999809265137,5.460000038146973,590700,0.0,0.0
2022-08-09 00:00:00-04:00,5.349999904632568,5.414999961853027,5.050000190734863,5.190000057220459,435800,0.0,0.0
2022-08-10 00:00:00-04:00,5.389999866485596,5.619999885559082,5.340000152587891,5.539999961853027,511800,0.0,0.0
2022-08-11 00:00:00-04:00,5.599999904632568,5.840000152587891,5.510000228881836,5.610000133514404,787700,0.0,0.0
2022-08-12 00:00:00-04:00,4.579999923706055,4.959000110626221,3.7200000286102295,3.819999933242798,6567100,0.0,0.0
2022-08-15 00:00:00-04:00,3.8399999141693115,3.8399999141693115,3.2300000190734863,3.2799999713897705,7319300,0.0,0.0
2022-08-16 00:00:00-04:00,3.2699999809265137,3.734999895095825,3.2200000286102295,3.6600000858306885,6555500,0.0,0.0
2022-08-17 00:00:00-04:00,3.5299999713897705,3.799999952316284,3.390000104904175,3.700000047683716,4441600,0.0,0.0
2022-08-18 00:00:00-04:00,3.559999942779541,3.809999942779541,3.5,3.7799999713897705,2932400,0.0,0.0
2022-08-19 00:00:00-04:00,3.7799999713897705,3.7799999713897705,3.2899999618530273,3.6600000858306885,4146000,0.0,0.0
2022-08-22 00:00:00-04:00,3.569999933242798,3.694999933242798,3.4600000381469727,3.490000009536743,1709700,0.0,0.0
2022-08-23 00:00:00-04:00,3.440000057220459,3.5799999237060547,3.430000066757202,3.4800000190734863,1038800,0.0,0.0
2022-08-24 00:00:00-04:00,3.4600000381469727,3.6700000762939453,3.450000047683716,3.5999999046325684,1060800,0.0,0.0
2022-08-25 00:00:00-04:00,3.5199999809265137,3.6600000858306885,3.4000000953674316,3.569999933242798,2448400,0.0,0.0
2022-08-26 00:00:00-04:00,3.5,3.5999999046325684,3.375,3.450000047683716,1322000,0.0,0.0
2022-08-29 00:00:00-04:00,3.380000114440918,3.4749999046325684,3.3299999237060547,3.3499999046325684,1318500,0.0,0.0
2022-08-30 00:00:00-04:00,3.390000104904175,3.450000047683716,3.2300000190734863,3.2699999809265137,1487500,0.0,0.0
2022-08-31 00:00:00-04:00,3.259999990463257,3.3399999141693115,3.140000104904175,3.2300000190734863,2623800,0.0,0.0
2022-09-01 00:00:00-04:00,3.069999933242798,3.069999933242798,2.6500000953674316,2.809999942779541,5090600,0.0,0.0
2022-09-02 00:00:00-04:00,2.75,2.990000009536743,2.700000047683716,2.9200000762939453,2178900,0.0,0.0
2022-09-06 00:00:00-04:00,2.930000066757202,3.005000114440918,2.9100000858306885,2.9700000286102295,2437100,0.0,0.0
2022-09-07 00:00:00-04:00,2.950000047683716,3.009999990463257,2.869999885559082,2.9800000190734863,2104900,0.0,0.0
2022-09-08 00:00:00-04:00,2.950000047683716,2.984999895095825,2.8450000286102295,2.950000047683716,1734500,0.0,0.0
2022-09-09 00:00:00-04:00,2.9800000190734863,3.0799999237060547,2.9549999237060547,3.049999952316284,2189700,0.0,0.0
2022-09-12 00:00:00-04:00,3.009999990463257,3.109999895095825,2.950000047683716,3.0899999141693115,2086700,0.0,0.0
2022-09-13 00:00:00-04:00,2.9700000286102295,3.059999942779541,2.9200000762939453,3.0199999809265137,1634000,0.0,0.0
2022-09-14 00:00:00-04:00,2.9800000190734863,3.005000114440918,2.8499999046325684,2.930000066757202,2058600,0.0,0.0
2022-09-15 00:00:00-04:00,2.880000114440918,2.9700000286102295,2.8299999237060547,2.869999885559082,2478500,0.0,0.0
2022-09-16 00:00:00-04:00,2.799999952316284,2.809999942779541,2.7149999141693115,2.7300000190734863,3754800,0.0,0.0
2022-09-19 00:00:00-04:00,2.690000057220459,2.7300000190734863,2.5399999618530273,2.5899999141693115,1972400,0.0,0.0
2022-09-20 00:00:00-04:00,2.559999942779541,2.559999942779541,2.4800000190734863,2.5399999618530273,1919400,0.0,0.0
2022-09-21 00:00:00-04:00,2.450000047683716,2.819999933242798,2.441999912261963,2.7100000381469727,6503800,0.0,0.0
2022-09-22 00:00:00-04:00,2.680000066757202,2.694999933242798,2.4549999237060547,2.509999990463257,1297100,0.0,0.0
2022-09-23 00:00:00-04:00,2.430000066757202,2.444999933242798,2.299999952316284,2.3299999237060547,1171300,0.0,0.0
2022-09-26 00:00:00-04:00,2.309999942779541,2.450000047683716,2.194999933242798,2.240000009536743,1366100,0.0,0.0
2022-09-27 00:00:00-04:00,2.299999952316284,2.430000066757202,2.2750000953674316,2.3399999141693115,912200,0.0,0.0
2022-09-28 00:00:00-04:00,2.359999895095825,2.575000047683716,2.3499999046325684,2.549999952316284,1310200,0.0,0.0
2022-09-29 00:00:00-04:00,2.450000047683716,2.5,2.2950000762939453,2.3499999046325684,798500,0.0,0.0
2022-09-30 00:00:00-04:00,2.309999942779541,2.380000114440918,2.259999990463257,2.2699999809265137,600200,0.0,0.0
2022-10-03 00:00:00-04:00,2.2899999618530273,2.305000066757202,2.2100000381469727,2.2899999618530273,812500,0.0,0.0
2022-10-04 00:00:00-04:00,2.3499999046325684,2.559999942779541,2.2799999713897705,2.4800000190734863,1494000,0.0,0.0
2022-10-05 00:00:00-04:00,2.4200000762939453,2.450000047683716,2.325000047683716,2.440000057220459,650900,0.0,0.0
2022-10-06 00:00:00-04:00,2.4100000858306885,2.5799999237060547,2.4100000858306885,2.5,947200,0.0,0.0
2022-10-07 00:00:00-04:00,2.4700000286102295,2.4700000286102295,2.3299999237060547,2.4000000953674316,1332000,0.0,0.0
2022-10-10 00:00:00-04:00,2.4100000858306885,2.509999990463257,2.369999885559082,2.4700000286102295,806100,0.0,0.0
2022-10-11 00:00:00-04:00,2.440000057220459,2.4700000286102295,2.2850000858306885,2.359999895095825,1028800,0.0,0.0
2022-10-12 00:00:00-04:00,2.3399999141693115,2.3550000190734863,2.240000009536743,2.319999933242798,645000,0.0,0.0
2022-10-13 00:00:00-04:00,2.2300000190734863,2.5,2.2049999237060547,2.4800000190734863,1059200,0.0,0.0
2022-10-14 00:00:00-04:00,2.5,2.5299999713897705,2.2300000190734863,2.240000009536743,12835600,0.0,0.0
2022-10-17 00:00:00-04:00,2.309999942779541,2.369999885559082,2.200000047683716,2.2899999618530273,1194600,0.0,0.0
2022-10-18 00:00:00-04:00,2.3499999046325684,2.430000066757202,2.299999952316284,2.3399999141693115,583500,0.0,0.0
2022-10-19 00:00:00-04:00,2.319999933242798,2.319999933242798,2.2200000286102295,2.2799999713897705,602300,0.0,0.0
2022-10-20 00:00:00-04:00,2.2699999809265137,2.450000047683716,2.259999990463257,2.380000114440918,657000,0.0,0.0
2022-10-21 00:00:00-04:00,2.440000057220459,2.559999942779541,2.3350000381469727,2.549999952316284,474500,0.0,0.0
2022-10-24 00:00:00-04:00,2.559999942779541,2.5899999141693115,2.4600000381469727,2.559999942779541,464800,0.0,0.0
2022-10-25 00:00:00-04:00,2.630000114440918,2.7950000762939453,2.615000009536743,2.7300000190734863,702500,0.0,0.0
2022-10-26 00:00:00-04:00,2.75,2.859999895095825,2.6600000858306885,2.75,708400,0.0,0.0
2022-10-27 00:00:00-04:00,2.7699999809265137,2.7699999809265137,2.6600000858306885,2.680000066757202,562000,0.0,0.0
2022-10-28 00:00:00-04:00,2.700000047683716,2.75,2.619999885559082,2.690000057220459,897600,0.0,0.0
2022-10-31 00:00:00-04:00,2.680000066757202,2.8450000286102295,2.6600000858306885,2.75,2423200,0.0,0.0
2022-11-01 00:00:00-04:00,2.809999942779541,2.8499999046325684,2.680000066757202,2.690000057220459,551900,0.0,0.0
2022-11-02 00:00:00-04:00,2.7300000190734863,2.7300000190734863,2.5199999809265137,2.5299999713897705,514100,0.0,0.0
2022-11-03 00:00:00-04:00,2.5,2.549999952316284,2.440000057220459,2.440000057220459,384600,0.0,0.0
2022-11-04 00:00:00-04:00,2.5399999618530273,2.559999942779541,2.4100000858306885,2.5299999713897705,734300,0.0,0.0
2022-11-07 00:00:00-05:00,2.559999942779541,2.559999942779541,2.4600000381469727,2.549999952316284,696900,0.0,0.0
2022-11-08 00:00:00-05:00,2.609999895095825,2.619999885559082,2.424999952316284,2.4800000190734863,569100,0.0,0.0
2022-11-09 00:00:00-05:00,2.4700000286102295,2.4700000286102295,2.2899999618530273,2.4000000953674316,917800,0.0,0.0
2022-11-10 00:00:00-05:00,2.5399999618530273,2.680000066757202,2.509999990463257,2.630000114440918,1300300,0.0,0.0
2022-11-11 00:00:00-05:00,2.9000000953674316,3.200000047683716,2.7100000381469727,3.009999990463257,4586000,0.0,0.0
2022-11-14 00:00:00-05:00,3.0,3.059999942779541,2.765000104904175,2.880000114440918,1694500,0.0,0.0
2022-11-15 00:00:00-05:00,2.9800000190734863,3.0850000381469727,2.9049999713897705,3.009999990463257,1519900,0.0,0.0
2022-11-16 00:00:00-05:00,2.950000047683716,2.950000047683716,2.7899999618530273,2.819999933242798,748700,0.0,0.0
2022-11-17 00:00:00-05:00,2.7100000381469727,2.7300000190734863,2.640000104904175,2.7100000381469727,565700,0.0,0.0
2022-11-18 00:00:00-05:00,2.7699999809265137,2.7699999809265137,2.619999885559082,2.700000047683716,452100,0.0,0.0
2022-11-21 00:00:00-05:00,2.680000066757202,2.740000009536743,2.5950000286102295,2.690000057220459,803400,0.0,0.0
2022-11-22 00:00:00-05:00,2.700000047683716,2.700000047683716,2.359999895095825,2.490000009536743,783600,0.0,0.0
2022-11-23 00:00:00-05:00,2.4800000190734863,2.5399999618530273,2.450000047683716,2.509999990463257,408600,0.0,0.0
2022-11-25 00:00:00-05:00,2.490000009536743,2.505000114440918,2.380000114440918,2.490000009536743,299300,0.0,0.0
2022-11-28 00:00:00-05:00,2.4700000286102295,2.490000009536743,2.359999895095825,2.359999895095825,505900,0.0,0.0
2022-11-29 00:00:00-05:00,2.3499999046325684,2.440000057220459,2.299999952316284,2.4100000858306885,999500,0.0,0.0
2022-11-30 00:00:00-05:00,2.4200000762939453,2.4549999237060547,2.3299999237060547,2.430000066757202,1810700,0.0,0.0
2022-12-01 00:00:00-05:00,2.440000057220459,2.559000015258789,2.430000066757202,2.4800000190734863,1422000,0.0,0.0
2022-12-02 00:00:00-05:00,2.430000066757202,2.5299999713897705,2.4200000762939453,2.4800000190734863,784500,0.0,0.0
2022-12-05 00:00:00-05:00,2.4600000381469727,2.5,2.319999933242798,2.3299999237060547,547100,0.0,0.0
2022-12-06 00:00:00-05:00,2.3399999141693115,2.3399999141693115,2.140000104904175,2.2100000381469727,974300,0.0,0.0
2022-12-07 00:00:00-05:00,2.2100000381469727,2.4600000381469727,2.184999942779541,2.440000057220459,1132400,0.0,0.0
2022-12-08 00:00:00-05:00,2.430000066757202,2.690000057220459,2.4000000953674316,2.5899999141693115,787700,0.0,0.0
2022-12-09 00:00:00-05:00,2.5399999618530273,2.6700000762939453,2.4800000190734863,2.5,521500,0.0,0.0
2022-12-12 00:00:00-05:00,2.490000009536743,2.6700000762939453,2.490000009536743,2.559999942779541,739800,0.0,0.0
2022-12-13 00:00:00-05:00,2.700000047683716,2.75,2.430000066757202,2.509999990463257,885900,0.0,0.0
2022-12-14 00:00:00-05:00,2.5299999713897705,2.549999952316284,2.309999942779541,2.380000114440918,1529900,0.0,0.0
2022-12-15 00:00:00-05:00,2.3499999046325684,2.390000104904175,2.2950000762939453,2.3499999046325684,1964900,0.0,0.0
2022-12-16 00:00:00-05:00,2.309999942779541,2.380000114440918,2.2200000286102295,2.2899999618530273,2117400,0.0,0.0
2022-12-19 00:00:00-05:00,2.299999952316284,2.319999933242798,2.200000047683716,2.200000047683716,996900,0.0,0.0
2022-12-20 00:00:00-05:00,2.190000057220459,2.259999990463257,2.140000104904175,2.180000066757202,1063800,0.0,0.0
2022-12-21 00:00:00-05:00,2.2100000381469727,2.2300000190734863,2.0299999713897705,2.130000114440918,1924000,0.0,0.0
2022-12-22 00:00:00-05:00,2.0999999046325684,2.319999933242798,2.049999952316284,2.2200000286102295,1799300,0.0,0.0
2022-12-23 00:00:00-05:00,2.2200000286102295,2.2699999809265137,2.0999999046325684,2.140000104904175,911600,0.0,0.0
2022-12-27 00:00:00-05:00,2.140000104904175,2.140000104904175,2.049999952316284,2.049999952316284,887700,0.0,0.0
2022-12-28 00:00:00-05:00,2.059999942779541,2.2899999618530273,2.0299999713897705,2.2699999809265137,1297200,0.0,0.0
2022-12-29 00:00:00-05:00,2.240000009536743,2.434999942779541,2.2100000381469727,2.3299999237060547,1350800,0.0,0.0
2022-12-30 00:00:00-05:00,2.299999952316284,2.450000047683716,2.2699999809265137,2.430000066757202,987400,0.0,0.0
2023-01-03 00:00:00-05:00,2.4700000286102295,2.555000066757202,2.359999895095825,2.450000047683716,853800,0.0,0.0
2023-01-04 00:00:00-05:00,2.490000009536743,2.674999952316284,2.450000047683716,2.6600000858306885,499200,0.0,0.0
2023-01-05 00:00:00-05:00,2.630000114440918,2.7279999256134033,2.565000057220459,2.690000057220459,442900,0.0,0.0
2023-01-06 00:00:00-05:00,2.7100000381469727,2.75,2.609999895095825,2.7300000190734863,426800,0.0,0.0
2023-01-09 00:00:00-05:00,2.75,2.7799999713897705,2.680000066757202,2.740000009536743,1042400,0.0,0.0
2023-01-10 00:00:00-05:00,2.75,3.0,2.744999885559082,2.9700000286102295,1845200,0.0,0.0
2023-01-11 00:00:00-05:00,2.9700000286102295,2.994999885559082,2.6700000762939453,2.7100000381469727,1251800,0.0,0.0
2023-01-12 00:00:00-05:00,2.7300000190734863,2.765000104904175,2.615000009536743,2.680000066757202,486100,0.0,0.0
2023-01-13 00:00:00-05:00,2.609999895095825,2.8299999237060547,2.609999895095825,2.7699999809265137,679400,0.0,0.0
2023-01-17 00:00:00-05:00,2.7200000286102295,2.8450000286102295,2.700000047683716,2.7200000286102295,311800,0.0,0.0
2023-01-18 00:00:00-05:00,2.7300000190734863,2.8550000190734863,2.7100000381469727,2.7699999809265137,613400,0.0,0.0
2023-01-19 00:00:00-05:00,2.740000009536743,2.759999990463257,2.640000104904175,2.6600000858306885,343500,0.0,0.0
2023-01-20 00:00:00-05:00,2.6500000953674316,2.869999885559082,2.5399999618530273,2.869999885559082,1037700,0.0,0.0
2023-01-23 00:00:00-05:00,2.8399999141693115,3.009999990463257,2.809999942779541,2.9700000286102295,1391000,0.0,0.0
2023-01-24 00:00:00-05:00,2.9200000762939453,2.9800000190734863,2.8350000381469727,2.869999885559082,513300,0.0,0.0
2023-01-25 00:00:00-05:00,2.809999942779541,2.9100000858306885,2.7249999046325684,2.890000104904175,474200,0.0,0.0
2023-01-26 00:00:00-05:00,2.930000066757202,3.009999990463257,2.869999885559082,2.940000057220459,597000,0.0,0.0
2023-01-27 00:00:00-05:00,2.930000066757202,2.9800000190734863,2.819999933242798,2.869999885559082,1008000,0.0,0.0
2023-01-30 00:00:00-05:00,2.8299999237060547,2.9000000953674316,2.7699999809265137,2.809999942779541,512400,0.0,0.0
2023-01-31 00:00:00-05:00,2.819999933242798,3.006999969482422,2.819999933242798,2.9200000762939453,1744900,0.0,0.0
2023-02-01 00:00:00-05:00,2.930000066757202,3.2100000381469727,2.9049999713897705,3.1500000953674316,1555200,0.0,0.0
2023-02-02 00:00:00-05:00,3.259999990463257,3.309999942779541,3.075000047683716,3.1700000762939453,1132200,0.0,0.0
2023-02-03 00:00:00-05:00,3.119999885559082,3.2300000190734863,3.069999933242798,3.1600000858306885,709900,0.0,0.0
2023-02-06 00:00:00-05:00,3.119999885559082,3.2100000381469727,3.009999990463257,3.0799999237060547,991400,0.0,0.0
2023-02-07 00:00:00-05:00,3.0799999237060547,3.0799999237060547,2.9149999618530273,2.940000057220459,865200,0.0,0.0
2023-02-08 00:00:00-05:00,2.9000000953674316,2.9800000190734863,2.8399999141693115,2.8499999046325684,610100,0.0,0.0
2023-02-09 00:00:00-05:00,2.880000114440918,2.9000000953674316,2.680000066757202,2.7200000286102295,674300,0.0,0.0
2023-02-10 00:00:00-05:00,2.6600000858306885,2.7249999046325684,2.559999942779541,2.5999999046325684,897800,0.0,0.0
2023-02-13 00:00:00-05:00,2.5999999046325684,2.75,2.5799999237060547,2.640000104904175,662500,0.0,0.0
2023-02-14 00:00:00-05:00,2.630000114440918,2.7300000190734863,2.5999999046325684,2.680000066757202,640600,0.0,0.0
2023-02-15 00:00:00-05:00,2.690000057220459,2.9800000190734863,2.690000057220459,2.9600000381469727,2779700,0.0,0.0
2023-02-16 00:00:00-05:00,2.8499999046325684,2.9700000286102295,2.805000066757202,2.9000000953674316,948700,0.0,0.0
2023-02-17 00:00:00-05:00,2.9100000858306885,2.930000066757202,2.7899999618530273,2.9000000953674316,586400,0.0,0.0
2023-02-21 00:00:00-05:00,2.8499999046325684,2.865000009536743,2.609999895095825,2.6700000762939453,531500,0.0,0.0
2023-02-22 00:00:00-05:00,2.6700000762939453,2.700000047683716,2.5299999713897705,2.559999942779541,703600,0.0,0.0
2023-02-23 00:00:00-05:00,2.5999999046325684,2.615000009536743,2.369999885559082,2.509999990463257,735100,0.0,0.0
2023-02-24 00:00:00-05:00,2.430000066757202,2.5899999141693115,2.380000114440918,2.5799999237060547,958300,0.0,0.0
2023-02-27 00:00:00-05:00,2.630000114440918,2.7200000286102295,2.5899999141693115,2.6700000762939453,560800,0.0,0.0
2023-02-28 00:00:00-05:00,2.6700000762939453,2.7149999141693115,2.565000057220459,2.5899999141693115,1022900,0.0,0.0
2023-03-01 00:00:00-05:00,2.5899999141693115,2.6500000953674316,2.5,2.509999990463257,754000,0.0,0.0
2023-03-02 00:00:00-05:00,2.4700000286102295,2.680000066757202,2.4509999752044678,2.6600000858306885,999000,0.0,0.0
2023-03-03 00:00:00-05:00,2.690000057220459,2.815000057220459,2.6700000762939453,2.809999942779541,549300,0.0,0.0
2023-03-06 00:00:00-05:00,2.8399999141693115,2.880000114440918,2.759999990463257,2.8299999237060547,1599900,0.0,0.0
2023-03-07 00:00:00-05:00,2.7699999809265137,2.8350000381469727,2.5999999046325684,2.5999999046325684,970800,0.0,0.0
2023-03-08 00:00:00-05:00,2.630000114440918,2.805000066757202,2.569999933242798,2.740000009536743,1051800,0.0,0.0
2023-03-09 00:00:00-05:00,2.6600000858306885,2.7200000286102295,2.359999895095825,2.569999933242798,1383500,0.0,0.0
2023-03-10 00:00:00-05:00,2.5399999618530273,2.640000104904175,2.2899999618530273,2.299999952316284,1899600,0.0,0.0
2023-03-13 00:00:00-04:00,2.309999942779541,2.640000104904175,2.25,2.640000104904175,1197400,0.0,0.0
2023-03-14 00:00:00-04:00,2.7200000286102295,2.7200000286102295,2.5950000286102295,2.619999885559082,1224200,0.0,0.0
2023-03-15 00:00:00-04:00,2.5399999618530273,2.615000009536743,2.4800000190734863,2.5799999237060547,820300,0.0,0.0
2023-03-16 00:00:00-04:00,2.5199999809265137,2.559999942779541,2.3499999046325684,2.359999895095825,1065000,0.0,0.0
2023-03-17 00:00:00-04:00,2.3499999046325684,2.390000104904175,2.2300000190734863,2.299999952316284,1663800,0.0,0.0
2023-03-20 00:00:00-04:00,2.3299999237060547,2.359999895095825,2.263000011444092,2.3399999141693115,2401200,0.0,0.0
2023-03-21 00:00:00-04:00,2.4000000953674316,2.4200000762939453,2.319999933242798,2.3499999046325684,2009400,0.0,0.0
2023-03-22 00:00:00-04:00,2.3499999046325684,2.4149999618530273,2.319999933242798,2.319999933242798,685400,0.0,0.0
2023-03-23 00:00:00-04:00,2.3499999046325684,2.4049999713897705,2.309999942779541,2.3399999141693115,2059400,0.0,0.0
2023-03-24 00:00:00-04:00,2.309999942779541,2.559999942779541,2.309999942779541,2.4800000190734863,1082800,0.0,0.0
2023-03-27 00:00:00-04:00,2.5,2.5199999809265137,2.369999885559082,2.390000104904175,689800,0.0,0.0
2023-03-28 00:00:00-04:00,2.359999895095825,2.4200000762939453,2.259999990463257,2.2699999809265137,389900,0.0,0.0
2023-03-29 00:00:00-04:00,2.299999952316284,2.319999933242798,2.2300000190734863,2.2899999618530273,601500,0.0,0.0
2023-03-30 00:00:00-04:00,2.319999933242798,2.3980000019073486,2.309999942779541,2.319999933242798,410000,0.0,0.0
2023-03-31 00:00:00-04:00,2.3399999141693115,2.549999952316284,2.3399999141693115,2.549999952316284,1235100,0.0,0.0
2023-04-03 00:00:00-04:00,2.549999952316284,2.609999895095825,2.505000114440918,2.5899999141693115,815600,0.0,0.0
2023-04-04 00:00:00-04:00,2.5999999046325684,2.628999948501587,2.5,2.549999952316284,879600,0.0,0.0
2023-04-05 00:00:00-04:00,2.509999990463257,2.5299999713897705,2.440000057220459,2.5,522800,0.0,0.0
2023-04-06 00:00:00-04:00,2.5,2.5399999618530273,2.450000047683716,2.5299999713897705,443700,0.0,0.0
2023-04-10 00:00:00-04:00,2.5199999809265137,2.5299999713897705,2.4700000286102295,2.5299999713897705,550300,0.0,0.0
2023-04-11 00:00:00-04:00,2.5299999713897705,2.6589999198913574,2.5299999713897705,2.5999999046325684,651300,0.0,0.0
2023-04-12 00:00:00-04:00,2.619999885559082,2.680000066757202,2.509999990463257,2.5299999713897705,290200,0.0,0.0
2023-04-13 00:00:00-04:00,2.509999990463257,2.549999952316284,2.4549999237060547,2.4800000190734863,463400,0.0,0.0
2023-04-14 00:00:00-04:00,2.4600000381469727,2.509999990463257,2.4100000858306885,2.4600000381469727,481300,0.0,0.0
2023-04-17 00:00:00-04:00,2.4700000286102295,2.5199999809265137,2.440000057220459,2.5,773500,0.0,0.0
2023-04-18 00:00:00-04:00,2.490000009536743,2.5399999618530273,2.450000047683716,2.5199999809265137,606300,0.0,0.0
2023-04-19 00:00:00-04:00,2.4800000190734863,2.625,2.4700000286102295,2.549999952316284,796100,0.0,0.0
2023-04-20 00:00:00-04:00,2.5199999809265137,2.549999952316284,2.4200000762939453,2.440000057220459,391300,0.0,0.0
2023-04-21 00:00:00-04:00,2.440000057220459,2.4649999141693115,2.306999921798706,2.390000104904175,407800,0.0,0.0
2023-04-24 00:00:00-04:00,2.4000000953674316,2.4200000762939453,2.3299999237060547,2.3499999046325684,290200,0.0,0.0
2023-04-25 00:00:00-04:00,2.309999942779541,2.3299999237060547,2.1549999713897705,2.2300000190734863,1195800,0.0,0.0
2023-04-26 00:00:00-04:00,2.2100000381469727,2.2899999618530273,2.200000047683716,2.240000009536743,1138800,0.0,0.0
2023-04-27 00:00:00-04:00,2.259999990463257,2.450000047683716,2.25,2.430000066757202,854800,0.0,0.0
2023-04-28 00:00:00-04:00,2.4200000762939453,2.6689999103546143,2.380000114440918,2.5799999237060547,1083800,0.0,0.0
2023-05-01 00:00:00-04:00,2.5799999237060547,2.690000057220459,2.5299999713897705,2.5799999237060547,659200,0.0,0.0
2023-05-02 00:00:00-04:00,2.5799999237060547,2.734999895095825,2.5799999237060547,2.680000066757202,1080000,0.0,0.0
2023-05-03 00:00:00-04:00,2.690000057220459,2.740000009536743,2.634999990463257,2.6600000858306885,557900,0.0,0.0
2023-05-04 00:00:00-04:00,2.640000104904175,2.6700000762939453,2.565000057220459,2.609999895095825,368300,0.0,0.0
2023-05-05 00:00:00-04:00,2.680000066757202,2.7699999809265137,2.625,2.680000066757202,582800,0.0,0.0
2023-05-08 00:00:00-04:00,2.6700000762939453,2.7049999237060547,2.640000104904175,2.680000066757202,541100,0.0,0.0
2023-05-09 00:00:00-04:00,2.6700000762939453,2.6700000762939453,2.5899999141693115,2.609999895095825,417100,0.0,0.0
2023-05-10 00:00:00-04:00,2.690000057220459,2.8499999046325684,2.630000114440918,2.700000047683716,702500,0.0,0.0
2023-05-11 00:00:00-04:00,2.700000047683716,3.434999942779541,2.674999952316284,3.259999990463257,4088100,0.0,0.0
2023-05-12 00:00:00-04:00,3.2300000190734863,3.450000047683716,3.2200000286102295,3.309999942779541,1715100,0.0,0.0
2023-05-15 00:00:00-04:00,3.3299999237060547,3.690000057220459,3.299999952316284,3.549999952316284,2230900,0.0,0.0
2023-05-16 00:00:00-04:00,3.569999933242798,3.7850000858306885,3.5,3.5999999046325684,1361800,0.0,0.0
2023-05-17 00:00:00-04:00,3.630000114440918,3.759999990463257,3.559999942779541,3.6700000762939453,1233700,0.0,0.0
2023-05-18 00:00:00-04:00,3.6500000953674316,3.6600000858306885,3.4800000190734863,3.5299999713897705,1189400,0.0,0.0
2023-05-19 00:00:00-04:00,3.630000114440918,3.680000066757202,3.4200000762939453,3.430000066757202,812700,0.0,0.0
2023-05-22 00:00:00-04:00,3.5,3.619999885559082,3.444999933242798,3.5199999809265137,2349200,0.0,0.0
2023-05-23 00:00:00-04:00,3.5399999618530273,3.6050000190734863,3.4200000762939453,3.4600000381469727,1367000,0.0,0.0
2023-05-24 00:00:00-04:00,3.440000057220459,3.5299999713897705,3.3550000190734863,3.4000000953674316,925200,0.0,0.0
2023-05-25 00:00:00-04:00,3.380000114440918,3.4200000762939453,3.200000047683716,3.2200000286102295,900000,0.0,0.0
2023-05-26 00:00:00-04:00,3.2699999809265137,3.319999933242798,3.200000047683716,3.259999990463257,913800,0.0,0.0
2023-05-30 00:00:00-04:00,3.299999952316284,3.5799999237060547,3.2300000190734863,3.549999952316284,2135800,0.0,0.0
2023-05-31 00:00:00-04:00,3.549999952316284,3.640000104904175,3.506999969482422,3.5999999046325684,6115200,0.0,0.0
2023-06-01 00:00:00-04:00,3.5999999046325684,3.5999999046325684,3.2200000286102295,3.4000000953674316,1527200,0.0,0.0
2023-06-02 00:00:00-04:00,3.5,3.549999952316284,3.375,3.5299999713897705,1525800,0.0,0.0
2023-06-05 00:00:00-04:00,3.549999952316284,3.740000009536743,3.505000114440918,3.5999999046325684,1168400,0.0,0.0
2023-06-06 00:00:00-04:00,3.5299999713897705,3.6600000858306885,3.4709999561309814,3.5999999046325684,1402300,0.0,0.0
2023-06-07 00:00:00-04:00,3.690000057220459,3.865000009536743,3.569999933242798,3.5899999141693115,1607200,0.0,0.0
2023-06-08 00:00:00-04:00,3.569999933242798,3.5999999046325684,3.450000047683716,3.5,898500,0.0,0.0
2023-06-09 00:00:00-04:00,3.5199999809265137,3.5299999713897705,3.3299999237060547,3.380000114440918,780700,0.0,0.0
2023-06-12 00:00:00-04:00,3.4100000858306885,3.4700000286102295,3.2799999713897705,3.299999952316284,875100,0.0,0.0
2023-06-13 00:00:00-04:00,3.309999942779541,3.4600000381469727,3.25,3.430000066757202,1048900,0.0,0.0
2023-06-14 00:00:00-04:00,3.4700000286102295,3.5799999237060547,3.390000104904175,3.450000047683716,1333300,0.0,0.0
2023-06-15 00:00:00-04:00,3.369999885559082,3.369999885559082,3.200000047683716,3.259999990463257,1412800,0.0,0.0
2023-06-16 00:00:00-04:00,3.3299999237060547,3.3299999237060547,3.2049999237060547,3.25,2267400,0.0,0.0
2023-06-20 00:00:00-04:00,3.2200000286102295,3.494999885559082,3.2200000286102295,3.490000009536743,1568900,0.0,0.0
2023-06-21 00:00:00-04:00,3.490000009536743,3.569999933242798,3.2950000762939453,3.4600000381469727,1744200,0.0,0.0
2023-06-22 00:00:00-04:00,3.4800000190734863,3.6700000762939453,3.3399999141693115,3.559999942779541,1077800,0.0,0.0
2023-06-23 00:00:00-04:00,3.490000009536743,3.630000114440918,3.319999933242798,3.3499999046325684,12863800,0.0,0.0
2023-06-26 00:00:00-04:00,3.369999885559082,3.4600000381469727,3.1449999809265137,3.190000057220459,1337100,0.0,0.0
2023-06-27 00:00:00-04:00,3.190000057220459,3.4100000858306885,3.0299999713897705,3.4100000858306885,1506600,0.0,0.0
2023-06-28 00:00:00-04:00,3.369999885559082,3.6700000762939453,3.3499999046325684,3.5799999237060547,2362300,0.0,0.0
2023-06-29 00:00:00-04:00,3.700000047683716,3.8550000190734863,3.6649999618530273,3.7300000190734863,4060400,0.0,0.0
2023-06-30 00:00:00-04:00,3.7799999713897705,3.859999895095825,3.740000009536743,3.8299999237060547,1877500,0.0,0.0
2023-07-03 00:00:00-04:00,3.819999933242798,4.050000190734863,3.819999933242798,3.8499999046325684,1265800,0.0,0.0
2023-07-05 00:00:00-04:00,3.8299999237060547,3.859999895095825,3.5,3.6600000858306885,1379700,0.0,0.0
2023-07-06 00:00:00-04:00,3.630000114440918,3.630000114440918,3.4800000190734863,3.5399999618530273,833200,0.0,0.0
2023-07-07 00:00:00-04:00,3.549999952316284,3.6700000762939453,3.5299999713897705,3.619999885559082,752600,0.0,0.0
2023-07-10 00:00:00-04:00,3.5999999046325684,3.680000066757202,3.5250000953674316,3.6600000858306885,545200,0.0,0.0
2023-07-11 00:00:00-04:00,3.7100000381469727,3.934999942779541,3.6700000762939453,3.9000000953674316,929700,0.0,0.0
2023-07-12 00:00:00-04:00,3.990000009536743,4.0,3.8550000190734863,3.9200000762939453,1491500,0.0,0.0
2023-07-13 00:00:00-04:00,3.9100000858306885,3.9800000190734863,3.7950000762939453,3.940000057220459,1301700,0.0,0.0
2023-07-14 00:00:00-04:00,3.940000057220459,4.119999885559082,3.700000047683716,3.859999895095825,3239500,0.0,0.0
2023-07-17 00:00:00-04:00,3.869999885559082,4.010000228881836,3.799999952316284,3.9700000286102295,998600,0.0,0.0
2023-07-18 00:00:00-04:00,4.0,4.0,3.8299999237060547,3.859999895095825,1215000,0.0,0.0
2023-07-19 00:00:00-04:00,3.9000000953674316,4.0,3.7300000190734863,3.799999952316284,1410700,0.0,0.0
2023-07-20 00:00:00-04:00,3.759999990463257,3.8399999141693115,3.7100000381469727,3.799999952316284,840500,0.0,0.0
2023-07-21 00:00:00-04:00,3.8299999237060547,3.9000000953674316,3.734999895095825,3.869999885559082,1152100,0.0,0.0
2023-07-24 00:00:00-04:00,3.9100000858306885,3.950000047683716,3.7850000858306885,3.8499999046325684,948500,0.0,0.0
2023-07-25 00:00:00-04:00,3.799999952316284,3.9100000858306885,3.7300000190734863,3.8499999046325684,760300,0.0,0.0
2023-07-26 00:00:00-04:00,3.859999895095825,3.890000104904175,3.819999933242798,3.859999895095825,654900,0.0,0.0
2023-07-27 00:00:00-04:00,3.9100000858306885,3.930000066757202,3.809999942779541,3.8299999237060547,731600,0.0,0.0
2023-07-28 00:00:00-04:00,3.890000104904175,3.9660000801086426,3.865000009536743,3.940000057220459,763400,0.0,0.0
2023-07-31 00:00:00-04:00,3.990000009536743,4.005000114440918,3.924999952316284,3.9800000190734863,1070700,0.0,0.0
2023-08-01 00:00:00-04:00,3.9700000286102295,4.0,3.871000051498413,3.940000057220459,549100,0.0,0.0
2023-08-02 00:00:00-04:00,3.880000114440918,3.9000000953674316,3.7799999713897705,3.880000114440918,460600,0.0,0.0
2023-08-03 00:00:00-04:00,3.8499999046325684,3.869999885559082,3.809999942779541,3.809999942779541,757200,0.0,0.0
2023-08-04 00:00:00-04:00,3.8499999046325684,3.880000114440918,3.6600000858306885,3.8399999141693115,943400,0.0,0.0
2023-08-07 00:00:00-04:00,3.8399999141693115,3.8399999141693115,3.7300000190734863,3.799999952316284,1004100,0.0,0.0
2023-08-08 00:00:00-04:00,3.7200000286102295,3.7899999618530273,3.380000114440918,3.619999885559082,2134300,0.0,0.0
2023-08-09 00:00:00-04:00,3.559999942779541,3.559999942779541,3.25,3.319999933242798,2115000,0.0,0.0
2023-08-10 00:00:00-04:00,3.319999933242798,3.450000047683716,3.200000047683716,3.369999885559082,1070600,0.0,0.0
2023-08-11 00:00:00-04:00,3.299999952316284,3.4200000762939453,3.259999990463257,3.390000104904175,1252400,0.0,0.0
2023-08-14 00:00:00-04:00,3.3949999809265137,3.4600000381469727,3.3299999237060547,3.450000047683716,1062300,0.0,0.0
2023-08-15 00:00:00-04:00,3.4000000953674316,3.4800000190734863,3.390000104904175,3.4100000858306885,622400,0.0,0.0
2023-08-16 00:00:00-04:00,3.390000104904175,3.5199999809265137,3.3450000286102295,3.359999895095825,1026400,0.0,0.0
2023-08-17 00:00:00-04:00,3.5999999046325684,3.619999885559082,3.359999895095825,3.390000104904175,1029400,0.0,0.0
2023-08-18 00:00:00-04:00,3.299999952316284,3.4700000286102295,3.259999990463257,3.440000057220459,835300,0.0,0.0
2023-08-21 00:00:00-04:00,3.440000057220459,3.5299999713897705,3.3450000286102295,3.359999895095825,688400,0.0,0.0
2023-08-22 00:00:00-04:00,3.4000000953674316,3.490000009536743,3.359999895095825,3.4200000762939453,660800,0.0,0.0
2023-08-23 00:00:00-04:00,3.4200000762939453,3.5799999237060547,3.390000104904175,3.549999952316284,558800,0.0,0.0
2023-08-24 00:00:00-04:00,3.559999942779541,3.640000104904175,3.3399999141693115,3.380000114440918,661000,0.0,0.0
2023-08-25 00:00:00-04:00,3.359999895095825,3.390000104904175,3.259999990463257,3.2899999618530273,1127500,0.0,0.0
2023-08-28 00:00:00-04:00,3.3299999237060547,3.430000066757202,3.200000047683716,3.2100000381469727,588800,0.0,0.0
2023-08-29 00:00:00-04:00,3.200000047683716,3.3499999046325684,3.130000114440918,3.319999933242798,511600,0.0,0.0
2023-08-30 00:00:00-04:00,3.2899999618530273,3.430000066757202,3.2899999618530273,3.359999895095825,429800,0.0,0.0
2023-08-31 00:00:00-04:00,3.369999885559082,3.4100000858306885,3.319999933242798,3.4000000953674316,820200,0.0,0.0
2023-09-01 00:00:00-04:00,3.4200000762939453,3.484999895095825,3.309999942779541,3.319999933242798,752900,0.0,0.0
2023-09-05 00:00:00-04:00,3.3299999237060547,3.5,3.3299999237060547,3.5,1219800,0.0,0.0
2023-09-06 00:00:00-04:00,3.5299999713897705,3.569999933242798,3.190000057220459,3.2100000381469727,1338200,0.0,0.0
2023-09-07 00:00:00-04:00,3.109999895095825,3.180000066757202,3.069999933242798,3.0799999237060547,1795700,0.0,0.0
2023-09-08 00:00:00-04:00,3.109999895095825,3.1600000858306885,2.700000047683716,3.069999933242798,5753900,0.0,0.0
2023-09-11 00:00:00-04:00,3.0299999713897705,3.0299999713897705,2.7799999713897705,2.799999952316284,3250800,0.0,0.0
2023-09-12 00:00:00-04:00,2.7899999618530273,2.8499999046325684,2.734999895095825,2.7699999809265137,1669600,0.0,0.0
2023-09-13 00:00:00-04:00,2.759999990463257,2.8399999141693115,2.680000066757202,2.7699999809265137,2363200,0.0,0.0
2023-09-14 00:00:00-04:00,2.7899999618530273,2.8499999046325684,2.7699999809265137,2.799999952316284,1208000,0.0,0.0
2023-09-15 00:00:00-04:00,2.799999952316284,2.950000047683716,2.7899999618530273,2.9100000858306885,5797900,0.0,0.0
2023-09-18 00:00:00-04:00,2.880000114440918,2.9700000286102295,2.819999933242798,2.8299999237060547,1251500,0.0,0.0
2023-09-19 00:00:00-04:00,2.8299999237060547,2.869999885559082,2.740000009536743,2.8299999237060547,933200,0.0,0.0
2023-09-20 00:00:00-04:00,2.8499999046325684,2.9600000381469727,2.8299999237060547,2.8299999237060547,1096000,0.0,0.0
2023-09-21 00:00:00-04:00,2.7899999618530273,2.8399999141693115,2.75,2.75,960100,0.0,0.0
2023-09-22 00:00:00-04:00,2.759999990463257,2.809999942779541,2.6500000953674316,2.6600000858306885,1103800,0.0,0.0
2023-09-25 00:00:00-04:00,2.6600000858306885,2.7300000190734863,2.630000114440918,2.6500000953674316,539400,0.0,0.0
2023-09-26 00:00:00-04:00,2.609999895095825,2.700000047683716,2.6029999256134033,2.609999895095825,652800,0.0,0.0
2023-09-27 00:00:00-04:00,2.630000114440918,2.6600000858306885,2.6019999980926514,2.619999885559082,569200,0.0,0.0
2023-09-28 00:00:00-04:00,2.609999895095825,2.6700000762939453,2.5999999046325684,2.6500000953674316,585800,0.0,0.0
2023-09-29 00:00:00-04:00,2.5899999141693115,2.684999942779541,2.575000047683716,2.609999895095825,1159600,0.0,0.0
2023-10-02 00:00:00-04:00,2.609999895095825,2.7249999046325684,2.562999963760376,2.630000114440918,1225300,0.0,0.0
2023-10-03 00:00:00-04:00,2.640000104904175,2.6449999809265137,2.4800000190734863,2.559999942779541,1097800,0.0,0.0
2023-10-04 00:00:00-04:00,2.569999933242798,2.6600000858306885,2.509999990463257,2.6600000858306885,1173100,0.0,0.0
2023-10-05 00:00:00-04:00,2.640000104904175,2.7149999141693115,2.640000104904175,2.680000066757202,1048900,0.0,0.0
2023-10-06 00:00:00-04:00,2.630000114440918,2.7799999713897705,2.5999999046325684,2.7200000286102295,1362300,0.0,0.0
2023-10-09 00:00:00-04:00,2.7200000286102295,2.7699999809265137,2.6500000953674316,2.6500000953674316,747700,0.0,0.0
2023-10-10 00:00:00-04:00,2.6600000858306885,2.815000057220459,2.609999895095825,2.799999952316284,744400,0.0,0.0
2023-10-11 00:00:00-04:00,2.8499999046325684,2.875,2.75,2.7899999618530273,492200,0.0,0.0
2023-10-12 00:00:00-04:00,2.75,2.7899999618530273,2.6649999618530273,2.680000066757202,856800,0.0,0.0
2023-10-13 00:00:00-04:00,2.640000104904175,2.680000066757202,2.569999933242798,2.609999895095825,582000,0.0,0.0
2023-10-16 00:00:00-04:00,2.680000066757202,2.680000066757202,2.619999885559082,2.6500000953674316,800600,0.0,0.0
2023-10-17 00:00:00-04:00,2.5999999046325684,2.6700000762939453,2.5199999809265137,2.5999999046325684,1179300,0.0,0.0
2023-10-18 00:00:00-04:00,2.559999942779541,2.5899999141693115,2.4600000381469727,2.5,516200,0.0,0.0
2023-10-19 00:00:00-04:00,2.490000009536743,2.5450000762939453,2.440000057220459,2.440000057220459,1000800,0.0,0.0
2023-10-20 00:00:00-04:00,2.4600000381469727,2.5,2.369999885559082,2.4600000381469727,1171400,0.0,0.0
2023-10-23 00:00:00-04:00,2.430000066757202,2.4600000381469727,2.3299999237060547,2.369999885559082,947300,0.0,0.0
2023-10-24 00:00:00-04:00,2.380000114440918,2.440000057220459,2.359999895095825,2.4200000762939453,512300,0.0,0.0
2023-10-25 00:00:00-04:00,2.390000104904175,2.440000057220459,2.319999933242798,2.4200000762939453,963800,0.0,0.0
2023-10-26 00:00:00-04:00,2.4200000762939453,2.440000057220459,2.3499999046325684,2.359999895095825,760900,0.0,0.0
2023-10-27 00:00:00-04:00,2.390000104904175,2.4000000953674316,2.2899999618530273,2.3399999141693115,962600,0.0,0.0
2023-10-30 00:00:00-04:00,2.390000104904175,2.4100000858306885,2.309999942779541,2.4000000953674316,591200,0.0,0.0
2023-10-31 00:00:00-04:00,2.369999885559082,2.4600000381469727,2.3399999141693115,2.4100000858306885,587200,0.0,0.0
2023-11-01 00:00:00-04:00,2.430000066757202,2.430000066757202,2.3450000286102295,2.369999885559082,633900,0.0,0.0
2023-11-02 00:00:00-04:00,2.4100000858306885,2.515000104904175,2.4049999713897705,2.5,1013400,0.0,0.0
2023-11-03 00:00:00-04:00,2.5799999237060547,2.7049999237060547,2.559999942779541,2.6600000858306885,1357700,0.0,0.0
2023-11-06 00:00:00-05:00,2.619999885559082,2.6549999713897705,2.5350000858306885,2.5899999141693115,1598900,0.0,0.0
2023-11-07 00:00:00-05:00,2.549999952316284,2.9800000190734863,2.5,2.950000047683716,1778600,0.0,0.0
2023-11-08 00:00:00-05:00,3.0399999618530273,3.369999885559082,2.990000009536743,3.3299999237060547,1792300,0.0,0.0
2023-11-09 00:00:00-05:00,3.3399999141693115,3.3399999141693115,3.0199999809265137,3.059999942779541,1430400,0.0,0.0
2023-11-10 00:00:00-05:00,3.069999933242798,3.069999933242798,2.9600000381469727,3.0299999713897705,936600,0.0,0.0
2023-11-13 00:00:00-05:00,3.0,3.0799999237060547,2.869999885559082,2.930000066757202,878300,0.0,0.0
2023-11-14 00:00:00-05:00,3.0399999618530273,3.1600000858306885,3.0399999618530273,3.130000114440918,1138000,0.0,0.0
2023-11-15 00:00:00-05:00,3.1700000762939453,3.25,3.0899999141693115,3.1700000762939453,1345500,0.0,0.0
2023-11-16 00:00:00-05:00,3.109999895095825,3.1500000953674316,2.805000066757202,2.8399999141693115,907600,0.0,0.0
2023-11-17 00:00:00-05:00,2.859999895095825,2.930000066757202,2.740000009536743,2.930000066757202,921200,0.0,0.0
2023-11-20 00:00:00-05:00,2.940000057220459,3.005000114440918,2.9100000858306885,2.9200000762939453,695700,0.0,0.0
2023-11-21 00:00:00-05:00,3.0399999618530273,3.069999933242798,2.9200000762939453,2.9600000381469727,761300,0.0,0.0
2023-11-22 00:00:00-05:00,2.9700000286102295,3.0899999141693115,2.9600000381469727,3.069999933242798,532000,0.0,0.0
2023-11-24 00:00:00-05:00,3.0399999618530273,3.2100000381469727,3.0299999713897705,3.180000066757202,444000,0.0,0.0
2023-11-27 00:00:00-05:00,3.119999885559082,3.359999895095825,3.119999885559082,3.309999942779541,1190400,0.0,0.0
2023-11-28 00:00:00-05:00,3.299999952316284,3.3450000286102295,3.194999933242798,3.299999952316284,746800,0.0,0.0
2023-11-29 00:00:00-05:00,3.3299999237060547,3.430000066757202,3.240000009536743,3.3399999141693115,1026600,0.0,0.0
2023-11-30 00:00:00-05:00,3.359999895095825,3.365000009536743,3.1050000190734863,3.130000114440918,1752900,0.0,0.0
2023-12-01 00:00:00-05:00,3.25,3.2799999713897705,3.109999895095825,3.259999990463257,2240700,0.0,0.0
2023-12-04 00:00:00-05:00,3.2899999618530273,3.369999885559082,3.130000114440918,3.25,986400,0.0,0.0
2023-12-05 00:00:00-05:00,3.2200000286102295,3.2950000762939453,3.1600000858306885,3.2799999713897705,864200,0.0,0.0
2023-12-06 00:00:00-05:00,3.319999933242798,3.430000066757202,3.2200000286102295,3.2300000190734863,1776000,0.0,0.0
2023-12-07 00:00:00-05:00,3.2300000190734863,3.2899999618530273,3.1700000762939453,3.25,715900,0.0,0.0
2023-12-08 00:00:00-05:00,3.240000009536743,3.380000114440918,3.2260000705718994,3.3399999141693115,1358700,0.0,0.0
2023-12-11 00:00:00-05:00,3.299999952316284,3.4200000762939453,2.950000047683716,2.9800000190734863,1647900,0.0,0.0
2023-12-12 00:00:00-05:00,2.9800000190734863,3.2300000190734863,2.8949999809265137,3.180000066757202,1052000,0.0,0.0
2023-12-13 00:00:00-05:00,3.200000047683716,3.430000066757202,3.140000104904175,3.3499999046325684,2251800,0.0,0.0
2023-12-14 00:00:00-05:00,3.440000057220459,3.450000047683716,3.2950000762939453,3.4000000953674316,1262200,0.0,0.0
2023-12-15 00:00:00-05:00,3.4100000858306885,3.4100000858306885,3.2100000381469727,3.240000009536743,2811400,0.0,0.0
2023-12-18 00:00:00-05:00,3.240000009536743,3.299999952316284,3.180000066757202,3.240000009536743,736500,0.0,0.0
2023-12-19 00:00:00-05:00,3.3299999237060547,3.390000104904175,3.234999895095825,3.299999952316284,959400,0.0,0.0
2023-12-20 00:00:00-05:00,3.259999990463257,3.3399999141693115,3.1700000762939453,3.190000057220459,987600,0.0,0.0
2023-12-21 00:00:00-05:00,3.240000009536743,3.309999942779541,3.140000104904175,3.259999990463257,771200,0.0,0.0
2023-12-22 00:00:00-05:00,3.2799999713897705,3.3499999046325684,3.259999990463257,3.2899999618530273,1132600,0.0,0.0
2023-12-26 00:00:00-05:00,3.319999933242798,3.3499999046325684,3.2750000953674316,3.3399999141693115,567400,0.0,0.0
2023-12-27 00:00:00-05:00,3.369999885559082,3.434999942779541,3.240000009536743,3.2699999809265137,577100,0.0,0.0
2023-12-28 00:00:00-05:00,3.2699999809265137,3.359999895095825,3.2200000286102295,3.25,723400,0.0,0.0
2023-12-29 00:00:00-05:00,3.240000009536743,3.2790000438690186,3.190000057220459,3.190000057220459,902300,0.0,0.0
2024-01-02 00:00:00-05:00,3.180000066757202,3.180000066757202,3.049999952316284,3.069999933242798,646800,0.0,0.0
2024-01-03 00:00:00-05:00,3.049999952316284,3.049999952316284,2.9549999237060547,2.9600000381469727,1045400,0.0,0.0
2024-01-04 00:00:00-05:00,2.990000009536743,2.990000009536743,2.9000000953674316,2.950000047683716,797900,0.0,0.0
2024-01-05 00:00:00-05:00,2.9100000858306885,2.950000047683716,2.8399999141693115,2.880000114440918,1058500,0.0,0.0
2024-01-08 00:00:00-05:00,2.869999885559082,2.9700000286102295,2.8399999141693115,2.950000047683716,484600,0.0,0.0
2024-01-09 00:00:00-05:00,2.9000000953674316,2.944999933242798,2.869999885559082,2.880000114440918,442100,0.0,0.0
2024-01-10 00:00:00-05:00,2.869999885559082,2.869999885559082,2.799999952316284,2.8399999141693115,652200,0.0,0.0
2024-01-11 00:00:00-05:00,2.8499999046325684,2.865000009536743,2.759999990463257,2.819999933242798,768400,0.0,0.0
2024-01-12 00:00:00-05:00,2.8299999237060547,2.869999885559082,2.75,2.7799999713897705,1059300,0.0,0.0
2024-01-16 00:00:00-05:00,2.75,2.828000068664551,2.690000057220459,2.700000047683716,1245900,0.0,0.0
2024-01-17 00:00:00-05:00,2.6700000762939453,2.9100000858306885,2.6600000858306885,2.859999895095825,1935000,0.0,0.0
2024-01-18 00:00:00-05:00,2.859999895095825,3.009999990463257,2.799999952316284,3.0,1428500,0.0,0.0
2024-01-19 00:00:00-05:00,3.1600000858306885,3.4100000858306885,3.0350000858306885,3.2899999618530273,2961900,0.0,0.0
2024-01-22 00:00:00-05:00,3.3399999141693115,3.440000057220459,3.25,3.390000104904175,1735600,0.0,0.0
2024-01-23 00:00:00-05:00,3.4000000953674316,3.4700000286102295,3.319999933242798,3.359999895095825,974000,0.0,0.0
2024-01-24 00:00:00-05:00,3.4000000953674316,3.4000000953674316,3.049999952316284,3.059999942779541,1091800,0.0,0.0
2024-01-25 00:00:00-05:00,3.130000114440918,3.140000104904175,3.0199999809265137,3.0299999713897705,680000,0.0,0.0
2024-01-26 00:00:00-05:00,3.0799999237060547,3.0899999141693115,2.9749999046325684,3.0,751500,0.0,0.0
2024-01-29 00:00:00-05:00,2.990000009536743,3.1600000858306885,2.940999984741211,3.1500000953674316,1214600,0.0,0.0
2024-01-30 00:00:00-05:00,3.1500000953674316,3.1700000762939453,3.0,3.0199999809265137,504100,0.0,0.0
2024-01-31 00:00:00-05:00,3.0199999809265137,3.0999999046325684,2.940000057220459,2.950000047683716,1023900,0.0,0.0
2024-02-01 00:00:00-05:00,2.990000009536743,3.075000047683716,2.9549999237060547,3.009999990463257,834200,0.0,0.0
2024-02-02 00:00:00-05:00,2.9700000286102295,3.0399999618530273,2.869999885559082,3.009999990463257,816900,0.0,0.0
2024-02-05 00:00:00-05:00,2.9600000381469727,3.0399999618530273,2.940000057220459,2.9600000381469727,695900,0.0,0.0
2024-02-06 00:00:00-05:00,2.950000047683716,3.059999942779541,2.944999933242798,3.0299999713897705,612700,0.0,0.0
2024-02-07 00:00:00-05:00,3.0299999713897705,3.0299999713897705,2.950000047683716,2.990000009536743,735200,0.0,0.0
2024-02-08 00:00:00-05:00,3.0,3.0899999141693115,2.9749999046325684,3.0199999809265137,959900,0.0,0.0
2024-02-09 00:00:00-05:00,3.0299999713897705,3.115000009536743,2.9700000286102295,3.0199999809265137,1279400,0.0,0.0
2024-02-12 00:00:00-05:00,3.0299999713897705,3.109999895095825,3.0,3.0299999713897705,2093500,0.0,0.0
2024-02-13 00:00:00-05:00,2.9100000858306885,2.940000057220459,2.7699999809265137,2.8399999141693115,1635700,0.0,0.0
2024-02-14 00:00:00-05:00,2.890000104904175,2.9200000762939453,2.809999942779541,2.890000104904175,1307500,0.0,0.0
2024-02-15 00:00:00-05:00,2.930000066757202,3.009999990463257,2.9200000762939453,3.0,764500,0.0,0.0
2024-02-16 00:00:00-05:00,2.9700000286102295,2.9800000190734863,2.8499999046325684,2.859999895095825,681600,0.0,0.0
2024-02-20 00:00:00-05:00,2.859999895095825,2.940000057220459,2.8299999237060547,2.9000000953674316,610500,0.0,0.0
2024-02-21 00:00:00-05:00,2.859999895095825,2.9649999141693115,2.805000066757202,2.890000104904175,827500,0.0,0.0
2024-02-22 00:00:00-05:00,2.880000114440918,2.9700000286102295,2.8499999046325684,2.930000066757202,629800,0.0,0.0
2024-02-23 00:00:00-05:00,2.9200000762939453,2.940000057220459,2.8399999141693115,2.8499999046325684,495900,0.0,0.0
2024-02-26 00:00:00-05:00,2.8499999046325684,2.9800000190734863,2.8399999141693115,2.9800000190734863,753100,0.0,0.0
2024-02-27 00:00:00-05:00,3.0,3.049999952316284,2.9200000762939453,2.930000066757202,1050700,0.0,0.0
2024-02-28 00:00:00-05:00,2.880000114440918,2.9800000190734863,2.8499999046325684,2.9100000858306885,721900,0.0,0.0
2024-02-29 00:00:00-05:00,2.9549999237060547,3.049999952316284,2.8499999046325684,2.9000000953674316,1465500,0.0,0.0
2024-03-01 00:00:00-05:00,2.9100000858306885,2.9700000286102295,2.799999952316284,2.9000000953674316,1115300,0.0,0.0
2024-03-04 00:00:00-05:00,2.9000000953674316,2.9600000381469727,2.759999990463257,2.890000104904175,1871000,0.0,0.0
2024-03-05 00:00:00-05:00,2.630000114440918,2.819999933242798,2.509999990463257,2.759999990463257,4120800,0.0,0.0
2024-03-06 00:00:00-05:00,2.759999990463257,2.8299999237060547,2.5999999046325684,2.7100000381469727,1488400,0.0,0.0
2024-03-07 00:00:00-05:00,2.759999990463257,2.859999895095825,2.740000009536743,2.759999990463257,1478500,0.0,0.0
2024-03-08 00:00:00-05:00,2.7899999618530273,2.9000000953674316,2.690000057220459,2.7100000381469727,1446900,0.0,0.0
2024-03-11 00:00:00-04:00,2.700000047683716,2.809999942779541,2.6500000953674316,2.7100000381469727,1243900,0.0,0.0
2024-03-12 00:00:00-04:00,2.7200000286102295,2.8399999141693115,2.674999952316284,2.7799999713897705,1060200,0.0,0.0
2024-03-13 00:00:00-04:00,2.75,2.799999952316284,2.700000047683716,2.740000009536743,989700,0.0,0.0
2024-03-14 00:00:00-04:00,2.7100000381469727,2.815000057220459,2.6500000953674316,2.690000057220459,1607300,0.0,0.0
2024-03-15 00:00:00-04:00,2.6600000858306885,2.75,2.6600000858306885,2.700000047683716,2315200,0.0,0.0
2024-03-18 00:00:00-04:00,2.700000047683716,2.765000104904175,2.6500000953674316,2.700000047683716,1848200,0.0,0.0
2024-03-19 00:00:00-04:00,2.700000047683716,2.7799999713897705,2.6500000953674316,2.700000047683716,1923100,0.0,0.0
2024-03-20 00:00:00-04:00,2.6700000762939453,2.7200000286102295,2.619999885559082,2.680000066757202,1378800,0.0,0.0
2024-03-21 00:00:00-04:00,2.690000057220459,2.7200000286102295,2.6500000953674316,2.680000066757202,2600600,0.0,0.0
2024-03-22 00:00:00-04:00,2.6700000762939453,2.759999990463257,2.630000114440918,2.75,2971100,0.0,0.0
2024-03-25 00:00:00-04:00,2.740000009536743,2.7799999713897705,2.5799999237060547,2.6600000858306885,1618400,0.0,0.0
2024-03-26 00:00:00-04:00,2.680000066757202,2.700000047683716,2.5999999046325684,2.609999895095825,891500,0.0,0.0
2024-03-27 00:00:00-04:00,2.619999885559082,2.7300000190734863,2.5799999237060547,2.7200000286102295,1267200,0.0,0.0
2024-03-28 00:00:00-04:00,2.7300000190734863,2.7799999713897705,2.640000104904175,2.680000066757202,5544800,0.0,0.0
2024-04-01 00:00:00-04:00,2.6700000762939453,2.680000066757202,2.5799999237060547,2.6500000953674316,1442600,0.0,0.0
2024-04-02 00:00:00-04:00,2.5899999141693115,2.6700000762939453,2.549999952316284,2.609999895095825,1456600,0.0,0.0
2024-04-03 00:00:00-04:00,2.5899999141693115,2.6449999809265137,2.549999952316284,2.5999999046325684,3143500,0.0,0.0
2024-04-04 00:00:00-04:00,2.6500000953674316,2.690000057220459,2.559999942779541,2.559999942779541,1549800,0.0,0.0
2024-04-05 00:00:00-04:00,2.559999942779541,2.5999999046325684,2.5320000648498535,2.559999942779541,1124800,0.0,0.0
2024-04-08 00:00:00-04:00,2.5799999237060547,2.619999885559082,2.559999942779541,2.5999999046325684,840000,0.0,0.0
2024-04-09 00:00:00-04:00,2.5999999046325684,2.630000114440918,2.5799999237060547,2.619999885559082,836400,0.0,0.0
2024-04-10 00:00:00-04:00,2.569999933242798,2.5899999141693115,2.450000047683716,2.5199999809265137,2172300,0.0,0.0
2024-04-11 00:00:00-04:00,2.5299999713897705,2.549999952316284,2.430000066757202,2.5,874900,0.0,0.0
2024-04-12 00:00:00-04:00,2.4600000381469727,2.4749999046325684,2.4100000858306885,2.440000057220459,1256600,0.0,0.0
2024-04-15 00:00:00-04:00,2.440000057220459,2.5,2.4200000762939453,2.4700000286102295,1235500,0.0,0.0
2024-04-16 00:00:00-04:00,2.4200000762939453,2.5250000953674316,2.390000104904175,2.509999990463257,1429200,0.0,0.0
2024-04-17 00:00:00-04:00,2.5399999618530273,2.549999952316284,2.4000000953674316,2.4600000381469727,1787900,0.0,0.0
2024-04-18 00:00:00-04:00,2.4600000381469727,2.5799999237060547,2.3499999046325684,2.359999895095825,1340900,0.0,0.0
2024-04-19 00:00:00-04:00,2.3499999046325684,2.359999895095825,2.2699999809265137,2.2899999618530273,1455200,0.0,0.0
2024-04-22 00:00:00-04:00,2.309999942779541,2.3299999237060547,2.244999885559082,2.2899999618530273,815800,0.0,0.0
2024-04-23 00:00:00-04:00,2.2699999809265137,2.380000114440918,2.2699999809265137,2.319999933242798,653400,0.0,0.0
2024-04-24 00:00:00-04:00,2.319999933242798,2.369999885559082,2.299999952316284,2.369999885559082,1149800,0.0,0.0
2024-04-25 00:00:00-04:00,2.3299999237060547,2.3499999046325684,2.2899999618530273,2.319999933242798,559600,0.0,0.0
2024-04-26 00:00:00-04:00,2.3399999141693115,2.4000000953674316,2.319999933242798,2.359999895095825,451700,0.0,0.0
2024-04-29 00:00:00-04:00,2.380000114440918,2.424999952316284,2.369999885559082,2.4000000953674316,525300,0.0,0.0
2024-04-30 00:00:00-04:00,2.369999885559082,2.4100000858306885,2.319999933242798,2.319999933242798,859600,0.0,0.0
2024-05-01 00:00:00-04:00,2.3299999237060547,2.4000000953674316,2.299999952316284,2.3399999141693115,908600,0.0,0.0
2024-05-02 00:00:00-04:00,2.380000114440918,2.450000047683716,2.359999895095825,2.440000057220459,647500,0.0,0.0
2024-05-03 00:00:00-04:00,2.450000047683716,2.5,2.4200000762939453,2.450000047683716,1027400,0.0,0.0
2024-05-06 00:00:00-04:00,2.4600000381469727,2.5199999809265137,2.440000057220459,2.450000047683716,802100,0.0,0.0
2024-05-07 00:00:00-04:00,2.4600000381469727,2.509999990463257,2.4200000762939453,2.4600000381469727,935800,0.0,0.0
2024-05-08 00:00:00-04:00,2.3499999046325684,2.4200000762939453,2.200000047683716,2.309999942779541,1222800,0.0,0.0
2024-05-09 00:00:00-04:00,2.299999952316284,2.4000000953674316,2.2899999618530273,2.390000104904175,1427400,0.0,0.0
2024-05-10 00:00:00-04:00,2.380000114440918,2.4000000953674316,2.299999952316284,2.4000000953674316,1639200,0.0,0.0
2024-05-13 00:00:00-04:00,2.430000066757202,2.490000009536743,2.4000000953674316,2.4000000953674316,2129400,0.0,0.0
2024-05-14 00:00:00-04:00,2.640000104904175,2.9800000190734863,2.609999895095825,2.8299999237060547,6145700,0.0,0.0
2024-05-15 00:00:00-04:00,2.880000114440918,2.880000114440918,2.6649999618530273,2.7799999713897705,3164100,0.0,0.0
2024-05-16 00:00:00-04:00,2.75,2.809999942779541,2.674999952316284,2.7200000286102295,1594300,0.0,0.0
2024-05-17 00:00:00-04:00,2.75,2.7699999809265137,2.5999999046325684,2.640000104904175,1348600,0.0,0.0
2024-05-20 00:00:00-04:00,2.619999885559082,2.640000104904175,2.559999942779541,2.5899999141693115,599400,0.0,0.0
2024-05-21 00:00:00-04:00,2.569999933242798,2.5899999141693115,2.5299999713897705,2.549999952316284,791700,0.0,0.0
2024-05-22 00:00:00-04:00,2.5399999618530273,2.5999999046325684,2.5199999809265137,2.5899999141693115,1055500,0.0,0.0
2024-05-23 00:00:00-04:00,2.5899999141693115,2.700000047683716,2.5299999713897705,2.569999933242798,1230600,0.0,0.0
2024-05-24 00:00:00-04:00,2.569999933242798,2.609999895095825,2.5399999618530273,2.559999942779541,1222400,0.0,0.0
2024-05-28 00:00:00-04:00,2.5999999046325684,2.609999895095825,2.549999952316284,2.569999933242798,923100,0.0,0.0
2024-05-29 00:00:00-04:00,2.509999990463257,2.549999952316284,2.440000057220459,2.450000047683716,858400,0.0,0.0
2024-05-30 00:00:00-04:00,2.4700000286102295,2.490000009536743,2.390000104904175,2.4000000953674316,1219800,0.0,0.0
2024-05-31 00:00:00-04:00,2.4200000762939453,2.424999952316284,2.3299999237060547,2.359999895095825,1893300,0.0,0.0
2024-06-03 00:00:00-04:00,2.4000000953674316,2.430000066757202,2.2799999713897705,2.3499999046325684,2708400,0.0,0.0
2024-06-04 00:00:00-04:00,2.3299999237060547,2.3499999046325684,2.259999990463257,2.259999990463257,1345600,0.0,0.0
2024-06-05 00:00:00-04:00,2.2699999809265137,2.4000000953674316,2.2100000381469727,2.359999895095825,2233900,0.0,0.0
2024-06-06 00:00:00-04:00,2.3499999046325684,2.4700000286102295,2.3499999046325684,2.440000057220459,971900,0.0,0.0
2024-06-07 00:00:00-04:00,2.390000104904175,2.424999952316284,2.3399999141693115,2.3499999046325684,626500,0.0,0.0
2024-06-10 00:00:00-04:00,2.309999942779541,2.440000057220459,2.299999952316284,2.430000066757202,866500,0.0,0.0
2024-06-11 00:00:00-04:00,2.4100000858306885,2.450000047683716,2.3499999046325684,2.440000057220459,643800,0.0,0.0
2024-06-12 00:00:00-04:00,2.5299999713897705,2.549999952316284,2.390000104904175,2.390000104904175,1258600,0.0,0.0
2024-06-13 00:00:00-04:00,2.4100000858306885,2.440000057220459,2.359999895095825,2.390000104904175,844600,0.0,0.0
2024-06-14 00:00:00-04:00,2.359999895095825,2.4100000858306885,2.3350000381469727,2.4000000953674316,1048200,0.0,0.0
2024-06-17 00:00:00-04:00,2.380000114440918,2.4200000762939453,2.369999885559082,2.4100000858306885,627300,0.0,0.0
2024-06-18 00:00:00-04:00,2.390000104904175,2.4100000858306885,2.359999895095825,2.4000000953674316,1451500,0.0,0.0
2024-06-20 00:00:00-04:00,2.390000104904175,2.4049999713897705,2.319999933242798,2.3499999046325684,1838500,0.0,0.0
2024-06-21 00:00:00-04:00,2.359999895095825,2.359999895095825,2.2200000286102295,2.3499999046325684,4229000,0.0,0.0
2024-06-24 00:00:00-04:00,2.309999942779541,2.4000000953674316,2.299999952316284,2.359999895095825,1498300,0.0,0.0
2024-06-25 00:00:00-04:00,2.369999885559082,2.380000114440918,2.309999942779541,2.3399999141693115,1377300,0.0,0.0
2024-06-26 00:00:00-04:00,2.319999933242798,2.369999885559082,2.299999952316284,2.359999895095825,630600,0.0,0.0
2024-06-27 00:00:00-04:00,2.380000114440918,2.4000000953674316,2.3399999141693115,2.380000114440918,399200,0.0,0.0
2024-06-28 00:00:00-04:00,2.4000000953674316,2.4000000953674316,2.319999933242798,2.390000104904175,2550100,0.0,0.0
2024-07-01 00:00:00-04:00,2.380000114440918,2.4049999713897705,2.3399999141693115,2.359999895095825,849100,0.0,0.0
2024-07-02 00:00:00-04:00,2.359999895095825,2.4000000953674316,2.3399999141693115,2.369999885559082,596700,0.0,0.0
2024-07-03 00:00:00-04:00,2.369999885559082,2.440000057220459,2.359999895095825,2.369999885559082,698900,0.0,0.0
2024-07-05 00:00:00-04:00,2.369999885559082,2.4049999713897705,2.3499999046325684,2.3499999046325684,750000,0.0,0.0
2024-07-08 00:00:00-04:00,2.359999895095825,2.4149999618530273,2.3299999237060547,2.3399999141693115,1067500,0.0,0.0
2024-07-09 00:00:00-04:00,2.3299999237060547,2.380000114440918,2.309999942779541,2.3499999046325684,689600,0.0,0.0
2024-07-10 00:00:00-04:00,2.369999885559082,2.369999885559082,2.119999885559082,2.1500000953674316,1821400,0.0,0.0
2024-07-11 00:00:00-04:00,2.2200000286102295,2.2850000858306885,2.130000114440918,2.2699999809265137,1898500,0.0,0.0
2024-07-12 00:00:00-04:00,2.3299999237060547,2.4100000858306885,2.319999933242798,2.4000000953674316,803500,0.0,0.0
2024-07-15 00:00:00-04:00,2.4000000953674316,2.490000009536743,2.375,2.440000057220459,944700,0.0,0.0
2024-07-16 00:00:00-04:00,2.4800000190734863,2.559999942779541,2.4649999141693115,2.5399999618530273,956900,0.0,0.0
2024-07-17 00:00:00-04:00,2.5,2.549999952316284,2.390000104904175,2.430000066757202,785700,0.0,0.0
2024-07-18 00:00:00-04:00,2.4100000858306885,2.4800000190734863,2.365000009536743,2.390000104904175,597200,0.0,0.0
2024-07-19 00:00:00-04:00,2.4000000953674316,2.4000000953674316,2.3299999237060547,2.3499999046325684,526000,0.0,0.0
2024-07-22 00:00:00-04:00,2.369999885559082,2.430000066757202,2.3499999046325684,2.4200000762939453,594900,0.0,0.0
2024-07-23 00:00:00-04:00,2.390000104904175,2.4800000190734863,2.390000104904175,2.450000047683716,595000,0.0,0.0
2024-07-24 00:00:00-04:00,2.430000066757202,2.484999895095825,2.380000114440918,2.390000104904175,591900,0.0,0.0
2024-07-25 00:00:00-04:00,2.4100000858306885,2.509999990463257,2.369999885559082,2.430000066757202,770900,0.0,0.0
2024-07-26 00:00:00-04:00,2.4800000190734863,2.5,2.424999952316284,2.4800000190734863,574200,0.0,0.0
2024-07-29 00:00:00-04:00,2.4700000286102295,2.484999895095825,2.375,2.4000000953674316,376600,0.0,0.0
2024-07-30 00:00:00-04:00,1.850000023841858,2.0250000953674316,1.7999999523162842,1.9299999475479126,7350400,0.0,0.0
2024-07-31 00:00:00-04:00,1.8700000047683716,1.9249999523162842,1.8200000524520874,1.840000033378601,4159000,0.0,0.0
2024-08-01 00:00:00-04:00,1.850000023841858,1.8700000047683716,1.75,1.7699999809265137,3060100,0.0,0.0
2024-08-02 00:00:00-04:00,1.690000057220459,1.7699999809265137,1.649999976158142,1.7100000381469727,1964900,0.0,0.0
2024-08-05 00:00:00-04:00,1.600000023841858,1.659999966621399,1.559999942779541,1.6399999856948853,1985100,0.0,0.0
2024-08-06 00:00:00-04:00,1.6399999856948853,1.684999942779541,1.6299999952316284,1.649999976158142,1245300,0.0,0.0
2024-08-07 00:00:00-04:00,1.4900000095367432,1.6699999570846558,1.4900000095367432,1.559999942779541,2108000,0.0,0.0
2024-08-08 00:00:00-04:00,1.5199999809265137,1.5750000476837158,1.4850000143051147,1.5199999809265137,1856600,0.0,0.0
2024-08-09 00:00:00-04:00,1.5299999713897705,1.5499999523162842,1.3899999856948853,1.4199999570846558,2939100,0.0,0.0
2024-08-12 00:00:00-04:00,1.4299999475479126,1.4600000381469727,1.350000023841858,1.3799999952316284,2805200,0.0,0.0
2024-08-13 00:00:00-04:00,1.3700000047683716,1.5399999618530273,1.3700000047683716,1.5299999713897705,1817800,0.0,0.0
2024-08-14 00:00:00-04:00,1.5199999809265137,1.5199999809265137,1.4199999570846558,1.440000057220459,1857800,0.0,0.0
2024-08-15 00:00:00-04:00,1.4299999475479126,1.6449999809265137,1.4199999570846558,1.590000033378601,2224900,0.0,0.0
2024-08-16 00:00:00-04:00,1.600000023841858,1.6100000143051147,1.5199999809265137,1.559999942779541,1288700,0.0,0.0
2024-08-19 00:00:00-04:00,1.5399999618530273,1.7000000476837158,1.5299999713897705,1.6699999570846558,1958600,0.0,0.0
2024-08-20 00:00:00-04:00,1.6699999570846558,1.7200000286102295,1.6050000190734863,1.6699999570846558,1582500,0.0,0.0
2024-08-21 00:00:00-04:00,1.690000057220459,1.7300000190734863,1.6749999523162842,1.7200000286102295,1616000,0.0,0.0
2024-08-22 00:00:00-04:00,1.7100000381469727,1.7400000095367432,1.6399999856948853,1.6699999570846558,1427600,0.0,0.0
2024-08-23 00:00:00-04:00,1.659999966621399,1.7200000286102295,1.659999966621399,1.690000057220459,923500,0.0,0.0
2024-08-26 00:00:00-04:00,1.690000057220459,1.7450000047683716,1.6399999856948853,1.7100000381469727,1545800,0.0,0.0
2024-08-27 00:00:00-04:00,1.7100000381469727,1.7699999809265137,1.690000057220459,1.7200000286102295,1927800,0.0,0.0
2024-08-28 00:00:00-04:00,1.690000057220459,1.7799999713897705,1.6799999475479126,1.690000057220459,1480700,0.0,0.0
2024-08-29 00:00:00-04:00,1.690000057220459,1.7699999809265137,1.690000057220459,1.7000000476837158,1319800,0.0,0.0
2024-08-30 00:00:00-04:00,1.7200000286102295,1.7300000190734863,1.649999976158142,1.7000000476837158,963500,0.0,0.0
2024-09-03 00:00:00-04:00,1.7100000381469727,1.725000023841858,1.649999976158142,1.6799999475479126,1569900,0.0,0.0
2024-09-04 00:00:00-04:00,1.7100000381469727,1.75,1.659999966621399,1.6699999570846558,2109100,0.0,0.0
2024-09-05 00:00:00-04:00,1.6699999570846558,1.7100000381469727,1.649999976158142,1.6799999475479126,2208600,0.0,0.0
2024-09-06 00:00:00-04:00,1.6799999475479126,1.7000000476837158,1.590000033378601,1.6100000143051147,1771600,0.0,0.0
2024-09-09 00:00:00-04:00,1.649999976158142,1.7000000476837158,1.5800000429153442,1.6200000047683716,4162100,0.0,0.0
2024-09-10 00:00:00-04:00,1.6100000143051147,1.7100000381469727,1.6100000143051147,1.659999966621399,2513200,0.0,0.0
2024-09-11 00:00:00-04:00,1.6200000047683716,1.7100000381469727,1.5700000524520874,1.6799999475479126,2218100,0.0,0.0
2024-09-12 00:00:00-04:00,1.690000057220459,1.774999976158142,1.6299999952316284,1.75,2488900,0.0,0.0
2024-09-13 00:00:00-04:00,1.7799999713897705,1.909999966621399,1.7400000095367432,1.8300000429153442,4787700,0.0,0.0
2024-09-16 00:00:00-04:00,1.8300000429153442,1.8600000143051147,1.75,1.7999999523162842,1257000,0.0,0.0
2024-09-17 00:00:00-04:00,1.840000033378601,1.840000033378601,1.75,1.7599999904632568,1623700,0.0,0.0
2024-09-18 00:00:00-04:00,1.75,1.815000057220459,1.7300000190734863,1.7400000095367432,2754800,0.0,0.0
2024-09-19 00:00:00-04:00,1.7599999904632568,1.8300000429153442,1.7599999904632568,1.7699999809265137,2751400,0.0,0.0
2024-09-20 00:00:00-04:00,1.75,1.809999942779541,1.7400000095367432,1.75,3334100,0.0,0.0
2024-09-23 00:00:00-04:00,1.7799999713897705,1.7799999713897705,1.7200000286102295,1.7200000286102295,1844600,0.0,0.0
2024-09-24 00:00:00-04:00,1.7400000095367432,1.7599999904632568,1.690000057220459,1.7100000381469727,1997900,0.0,0.0
2024-09-25 00:00:00-04:00,1.7300000190734863,1.753000020980835,1.6699999570846558,1.6799999475479126,1310800,0.0,0.0
2024-09-26 00:00:00-04:00,1.7100000381469727,1.7549999952316284,1.690999984741211,1.7100000381469727,1165900,0.0,0.0
2024-09-27 00:00:00-04:00,1.7200000286102295,1.784999966621399,1.7200000286102295,1.7699999809265137,1523400,0.0,0.0
2024-09-30 00:00:00-04:00,1.7799999713897705,1.809999942779541,1.7100000381469727,1.7300000190734863,1281900,0.0,0.0
2024-10-01 00:00:00-04:00,1.7200000286102295,1.7400000095367432,1.6200000047683716,1.6399999856948853,1455000,0.0,0.0
2024-10-02 00:00:00-04:00,1.6299999952316284,1.7000000476837158,1.6299999952316284,1.6699999570846558,595500,0.0,0.0
2024-10-03 00:00:00-04:00,1.659999966621399,1.6749999523162842,1.5800000429153442,1.600000023841858,1410500,0.0,0.0
2024-10-04 00:00:00-04:00,1.6299999952316284,1.7200000286102295,1.6299999952316284,1.7000000476837158,1007900,0.0,0.0
2024-10-07 00:00:00-04:00,1.6699999570846558,1.7000000476837158,1.625,1.649999976158142,669000,0.0,0.0
2024-10-08 00:00:00-04:00,1.6699999570846558,1.7050000429153442,1.649999976158142,1.659999966621399,517300,0.0,0.0
2024-10-09 00:00:00-04:00,1.659999966621399,1.7050000429153442,1.649999976158142,1.659999966621399,878100,0.0,0.0
2024-10-10 00:00:00-04:00,1.6399999856948853,1.6699999570846558,1.600000023841858,1.6299999952316284,592400,0.0,0.0
2024-10-11 00:00:00-04:00,1.600000023841858,1.7050000429153442,1.590000033378601,1.6799999475479126,981700,0.0,0.0
2024-10-14 00:00:00-04:00,1.7000000476837158,1.7100000381469727,1.6549999713897705,1.659999966621399,1926000,0.0,0.0
2024-10-15 00:00:00-04:00,1.6699999570846558,1.75,1.659999966621399,1.7000000476837158,1444700,0.0,0.0
2024-10-16 00:00:00-04:00,1.7200000286102295,1.75,1.7100000381469727,1.7400000095367432,911100,0.0,0.0
2024-10-17 00:00:00-04:00,1.7400000095367432,1.7549999952316284,1.7050000429153442,1.7300000190734863,826300,0.0,0.0
2024-10-18 00:00:00-04:00,1.7300000190734863,1.7649999856948853,1.725000023841858,1.75,496600,0.0,0.0
2024-10-21 00:00:00-04:00,1.7400000095367432,1.7699999809265137,1.7100000381469727,1.7400000095367432,519500,0.0,0.0
2024-10-22 00:00:00-04:00,1.7200000286102295,1.7599999904632568,1.7100000381469727,1.7300000190734863,494300,0.0,0.0
2024-10-23 00:00:00-04:00,1.7100000381469727,1.7400000095367432,1.6549999713897705,1.7000000476837158,609700,0.0,0.0
2024-10-24 00:00:00-04:00,1.7000000476837158,1.725000023841858,1.659999966621399,1.690000057220459,657200,0.0,0.0
2024-10-25 00:00:00-04:00,1.7200000286102295,1.7549999952316284,1.684999942779541,1.7000000476837158,660300,0.0,0.0
2024-10-28 00:00:00-04:00,1.7000000476837158,1.8049999475479126,1.7000000476837158,1.7400000095367432,2037800,0.0,0.0
2024-10-29 00:00:00-04:00,1.7200000286102295,1.774999976158142,1.7200000286102295,1.7599999904632568,717900,0.0,0.0
2024-10-30 00:00:00-04:00,1.7599999904632568,1.815000057220459,1.7400000095367432,1.75,867300,0.0,0.0
2024-10-31 00:00:00-04:00,1.75,1.7549999952316284,1.659999966621399,1.690000057220459,995600,0.0,0.0
2024-11-01 00:00:00-04:00,1.690000057220459,1.7649999856948853,1.6649999618530273,1.7100000381469727,1016500,0.0,0.0
2024-11-04 00:00:00-05:00,1.7200000286102295,1.7300000190734863,1.690000057220459,1.7300000190734863,473600,0.0,0.0
2024-11-05 00:00:00-05:00,1.7300000190734863,1.7799999713897705,1.7200000286102295,1.7599999904632568,974100,0.0,0.0
2024-11-06 00:00:00-05:00,1.7100000381469727,1.7100000381469727,1.1699999570846558,1.6299999952316284,3671300,0.0,0.0
2024-11-07 00:00:00-05:00,1.5700000524520874,1.5700000524520874,1.4800000190734863,1.5099999904632568,1485500,0.0,0.0
2024-11-08 00:00:00-05:00,1.5099999904632568,1.5800000429153442,1.5,1.5199999809265137,1342900,0.0,0.0
2024-11-11 00:00:00-05:00,1.5199999809265137,1.5800000429153442,1.4900000095367432,1.5399999618530273,1354900,0.0,0.0
2024-11-12 00:00:00-05:00,1.4900000095367432,1.5199999809265137,1.4700000286102295,1.4700000286102295,1815400,0.0,0.0
2024-11-13 00:00:00-05:00,1.5,1.5199999809265137,1.4500000476837158,1.4800000190734863,1376200,0.0,0.0
2024-11-14 00:00:00-05:00,1.4700000286102295,1.4800000190734863,1.399999976158142,1.409999966621399,1133200,0.0,0.0
2024-11-15 00:00:00-05:00,1.440000057220459,1.5099999904632568,1.4199999570846558,1.440000057220459,1612300,0.0,0.0
2024-11-18 00:00:00-05:00,1.4500000476837158,1.475000023841858,1.4249999523162842,1.440000057220459,982200,0.0,0.0
2024-11-19 00:00:00-05:00,1.4800000190734863,1.5099999904632568,1.4500000476837158,1.4800000190734863,1213900,0.0,0.0
2024-11-20 00:00:00-05:00,1.4700000286102295,1.4950000047683716,1.4450000524520874,1.4800000190734863,1034400,0.0,0.0
2024-11-21 00:00:00-05:00,1.5099999904632568,1.5700000524520874,1.4700000286102295,1.5700000524520874,1237700,0.0,0.0
2024-11-22 00:00:00-05:00,1.5800000429153442,1.6399999856948853,1.559999942779541,1.6100000143051147,1252600,0.0,0.0
2024-11-25 00:00:00-05:00,1.690000057220459,1.7100000381469727,1.6100000143051147,1.6200000047683716,4473700,0.0,0.0
2024-11-26 00:00:00-05:00,1.6100000143051147,1.899999976158142,1.6100000143051147,1.850000023841858,2226300,0.0,0.0
2024-11-27 00:00:00-05:00,1.850000023841858,1.975000023841858,1.850000023841858,1.9600000381469727,1555200,0.0,0.0
2024-11-29 00:00:00-05:00,1.9900000095367432,1.9900000095367432,1.7699999809265137,1.7699999809265137,581200,0.0,0.0
2024-12-02 00:00:00-05:00,1.7799999713897705,1.7899999618530273,1.7300000190734863,1.7300000190734863,716200,0.0,0.0
2024-12-03 00:00:00-05:00,1.7300000190734863,1.7699999809265137,1.690000057220459,1.7100000381469727,707200,0.0,0.0
2024-12-04 00:00:00-05:00,1.7000000476837158,1.75,1.659999966621399,1.75,915200,0.0,0.0
2024-12-05 00:00:00-05:00,1.75,1.8200000524520874,1.7300000190734863,1.7999999523162842,964500,0.0,0.0
2024-12-06 00:00:00-05:00,1.850000023841858,1.8899999856948853,1.7949999570846558,1.840000033378601,936800,0.0,0.0
2024-12-09 00:00:00-05:00,1.8300000429153442,1.8949999809265137,1.7999999523162842,1.7999999523162842,616300,0.0,0.0
2024-12-10 00:00:00-05:00,1.7899999618530273,1.8700000047683716,1.7699999809265137,1.8200000524520874,738800,0.0,0.0
2024-12-11 00:00:00-05:00,1.850000023841858,1.8650000095367432,1.8049999475479126,1.840000033378601,673400,0.0,0.0
2024-12-12 00:00:00-05:00,1.850000023841858,1.899999976158142,1.8200000524520874,1.8600000143051147,1268500,0.0,0.0
2024-12-13 00:00:00-05:00,1.8600000143051147,1.8700000047683716,1.7949999570846558,1.8300000429153442,680200,0.0,0.0
2024-12-16 00:00:00-05:00,1.8200000524520874,1.8799999952316284,1.7899999618530273,1.809999942779541,825300,0.0,0.0
2024-12-17 00:00:00-05:00,1.809999942779541,1.850000023841858,1.7300000190734863,1.7599999904632568,738300,0.0,0.0
2024-12-18 00:00:00-05:00,1.7799999713897705,1.7899999618530273,1.6299999952316284,1.6699999570846558,1163200,0.0,0.0
2024-12-19 00:00:00-05:00,1.6699999570846558,1.690000057220459,1.5800000429153442,1.590000033378601,1243600,0.0,0.0
2024-12-20 00:00:00-05:00,1.5700000524520874,1.6399999856948853,1.5700000524520874,1.5800000429153442,2151800,0.0,0.0
2024-12-23 00:00:00-05:00,1.590000033378601,1.6050000190734863,1.534999966621399,1.5499999523162842,652100,0.0,0.0
2024-12-24 00:00:00-05:00,1.5700000524520874,1.590000033378601,1.5299999713897705,1.590000033378601,214300,0.0,0.0
2024-12-26 00:00:00-05:00,1.5700000524520874,1.690000057220459,1.5700000524520874,1.6799999475479126,962400,0.0,0.0
2024-12-27 00:00:00-05:00,1.6399999856948853,1.659999966621399,1.600000023841858,1.6299999952316284,1023600,0.0,0.0
2024-12-30 00:00:00-05:00,1.590000033378601,1.6799999475479126,1.5829999446868896,1.659999966621399,575100,0.0,0.0
2024-12-31 00:00:00-05:00,1.7000000476837158,1.7699999809265137,1.7000000476837158,1.75,846200,0.0,0.0
2025-01-02 00:00:00-05:00,1.75,1.809999942779541,1.7050000429153442,1.75,646900,0.0,0.0
2025-01-03 00:00:00-05:00,1.7799999713897705,1.7999999523162842,1.7350000143051147,1.7999999523162842,353500,0.0,0.0
2025-01-06 00:00:00-05:00,1.7799999713897705,1.850000023841858,1.7699999809265137,1.7699999809265137,500100,0.0,0.0
2025-01-07 00:00:00-05:00,1.7699999809265137,1.809999942779541,1.7200000286102295,1.7400000095367432,571800,0.0,0.0
2025-01-08 00:00:00-05:00,1.7100000381469727,1.7549999952316284,1.649999976158142,1.649999976158142,442700,0.0,0.0
2025-01-10 00:00:00-05:00,1.6100000143051147,1.6549999713897705,1.590000033378601,1.590000033378601,593300,0.0,0.0
2025-01-13 00:00:00-05:00,1.5800000429153442,1.590000033378601,1.5399999618530273,1.5800000429153442,809900,0.0,0.0
2025-01-14 00:00:00-05:00,1.5800000429153442,1.649999976158142,1.5800000429153442,1.600000023841858,791600,0.0,0.0
2025-01-15 00:00:00-05:00,1.649999976158142,1.7300000190734863,1.649999976158142,1.7000000476837158,787700,0.0,0.0
2025-01-16 00:00:00-05:00,1.690000057220459,1.6950000524520874,1.590000033378601,1.600000023841858,770900,0.0,0.0
2025-01-17 00:00:00-05:00,1.6299999952316284,1.659999966621399,1.5700000524520874,1.5800000429153442,648800,0.0,0.0
2025-01-21 00:00:00-05:00,1.590000033378601,1.625,1.5700000524520874,1.5800000429153442,698500,0.0,0.0
2025-01-22 00:00:00-05:00,1.5800000429153442,1.590000033378601,1.5399999618530273,1.5399999618530273,946500,0.0,0.0
2025-01-23 00:00:00-05:00,1.5399999618530273,1.5850000381469727,1.524999976158142,1.5800000429153442,837900,0.0,0.0
2025-01-24 00:00:00-05:00,1.5499999523162842,1.625,1.5499999523162842,1.5800000429153442,769400,0.0,0.0
2025-01-27 00:00:00-05:00,1.5800000429153442,1.6399999856948853,1.5099999904632568,1.5199999809265137,1106100,0.0,0.0
2025-01-28 00:00:00-05:00,1.5499999523162842,1.5499999523162842,1.4900000095367432,1.5299999713897705,992500,0.0,0.0
2025-01-29 00:00:00-05:00,1.5199999809265137,1.5299999713897705,1.4550000429153442,1.5,1092000,0.0,0.0
2025-01-30 00:00:00-05:00,1.5299999713897705,1.5499999523162842,1.4800000190734863,1.5,566100,0.0,0.0
2025-01-31 00:00:00-05:00,1.4900000095367432,1.5199999809265137,1.440000057220459,1.4700000286102295,992200,0.0,0.0
2025-02-03 00:00:00-05:00,1.4299999475479126,1.4600000381469727,1.3899999856948853,1.399999976158142,1314300,0.0,0.0
2025-02-04 00:00:00-05:00,1.409999966621399,1.4700000286102295,1.3899999856948853,1.4700000286102295,537300,0.0,0.0
2025-02-05 00:00:00-05:00,1.4700000286102295,1.5,1.4199999570846558,1.440000057220459,519300,0.0,0.0
2025-02-06 00:00:00-05:00,1.4500000476837158,1.475000023841858,1.399999976158142,1.4299999475479126,523000,0.0,0.0
2025-02-07 00:00:00-05:00,1.4199999570846558,1.440000057220459,1.340000033378601,1.3600000143051147,1103000,0.0,0.0
2025-02-10 00:00:00-05:00,1.3600000143051147,1.4299999475479126,1.3300000429153442,1.340000033378601,1137700,0.0,0.0
2025-02-11 00:00:00-05:00,1.3300000429153442,1.409999966621399,1.3300000429153442,1.3799999952316284,1157500,0.0,0.0
2025-02-12 00:00:00-05:00,1.3700000047683716,1.4800000190734863,1.3700000047683716,1.4700000286102295,1092700,0.0,0.0
2025-02-13 00:00:00-05:00,1.5199999809265137,1.5199999809265137,1.4800000190734863,1.5099999904632568,849500,0.0,0.0
2025-02-14 00:00:00-05:00,1.5199999809265137,1.5399999618530273,1.4900000095367432,1.4900000095367432,647700,0.0,0.0
2025-02-18 00:00:00-05:00,1.4800000190734863,1.5700000524520874,1.4800000190734863,1.5700000524520874,1163800,0.0,0.0
2025-02-19 00:00:00-05:00,1.5700000524520874,1.6100000143051147,1.5299999713897705,1.5499999523162842,1019100,0.0,0.0
2025-02-20 00:00:00-05:00,1.5399999618530273,1.5509999990463257,1.4900000095367432,1.5299999713897705,963200,0.0,0.0
2025-02-21 00:00:00-05:00,1.559999942779541,1.5700000524520874,1.440000057220459,1.4500000476837158,941500,0.0,0.0
2025-02-24 00:00:00-05:00,1.4800000190734863,1.4800000190734863,1.409999966621399,1.409999966621399,1470500,0.0,0.0
2025-02-25 00:00:00-05:00,1.4199999570846558,1.4199999570846558,1.309999942779541,1.3200000524520874,1074300,0.0,0.0
2025-02-26 00:00:00-05:00,1.309999942779541,1.315999984741211,1.2400000095367432,1.2599999904632568,4784900,0.0,0.0
2025-02-27 00:00:00-05:00,1.25,1.2599999904632568,1.2200000286102295,1.2400000095367432,5515600,0.0,0.0
2025-02-28 00:00:00-05:00,1.2300000190734863,1.25,1.215000033378601,1.2400000095367432,4980200,0.0,0.0
2025-03-03 00:00:00-05:00,1.25,1.350000023841858,1.2450000047683716,1.2599999904632568,3843900,0.0,0.0
2025-03-04 00:00:00-05:00,1.25,1.2999999523162842,1.2200000286102295,1.2699999809265137,3249100,0.0,0.0
2025-03-05 00:00:00-05:00,1.090000033378601,1.3600000143051147,1.090000033378601,1.3600000143051147,3105600,0.0,0.0
2025-03-06 00:00:00-05:00,1.309999942779541,1.3300000429153442,1.2300000190734863,1.2599999904632568,1931600,0.0,0.0
2025-03-07 00:00:00-05:00,1.2400000095367432,1.2599999904632568,1.190000057220459,1.2200000286102295,2888700,0.0,0.0
2025-03-10 00:00:00-04:00,1.2400000095367432,1.2599999904632568,1.1349999904632568,1.159999966621399,2018800,0.0,0.0
2025-03-11 00:00:00-04:00,1.159999966621399,1.1799999475479126,1.1100000143051147,1.1200000047683716,2217400,0.0,0.0
2025-03-12 00:00:00-04:00,1.2000000476837158,1.2100000381469727,1.1200000047683716,1.159999966621399,4771700,0.0,0.0
2025-03-13 00:00:00-04:00,1.1399999856948853,1.159999966621399,1.0700000524520874,1.0800000429153442,1900100,0.0,0.0
2025-03-14 00:00:00-04:00,1.1399999856948853,1.1950000524520874,1.1100000143051147,1.1799999475479126,2820500,0.0,0.0
2025-03-17 00:00:00-04:00,1.1799999475479126,1.2259999513626099,1.1399999856948853,1.1699999570846558,2014200,0.0,0.0
2025-03-18 00:00:00-04:00,1.159999966621399,1.1699999570846558,1.1100000143051147,1.149999976158142,1049700,0.0,0.0
2025-03-19 00:00:00-04:00,1.1799999475479126,1.215000033378601,1.159999966621399,1.1799999475479126,1162900,0.0,0.0
2025-03-20 00:00:00-04:00,1.149999976158142,1.2350000143051147,1.149999976158142,1.190000057220459,1169400,0.0,0.0
2025-03-21 00:00:00-04:00,1.149999976158142,1.1799999475479126,1.1349999904632568,1.1699999570846558,2144600,0.0,0.0
2025-03-24 00:00:00-04:00,1.1799999475479126,1.2200000286102295,1.1799999475479126,1.2000000476837158,869200,0.0,0.0
2025-03-25 00:00:00-04:00,1.2000000476837158,1.215000033378601,1.159999966621399,1.190000057220459,751200,0.0,0.0
2025-03-26 00:00:00-04:00,1.1699999570846558,1.190000057220459,1.1399999856948853,1.149999976158142,796700,0.0,0.0
2025-03-27 00:00:00-04:00,1.149999976158142,1.1799999475479126,1.149999976158142,1.159999966621399,626800,0.0,0.0
2025-03-28 00:00:00-04:00,1.159999966621399,1.159999966621399,1.1100000143051147,1.1200000047683716,1448700,0.0,0.0
2025-03-31 00:00:00-04:00,1.1100000143051147,1.2280000448226929,1.0700000524520874,1.2100000381469727,2198000,0.0,0.0
2025-04-01 00:00:00-04:00,1.2000000476837158,1.2100000381469727,1.125,1.149999976158142,1053900,0.0,0.0
2025-04-02 00:00:00-04:00,1.1299999952316284,1.190000057220459,1.1299999952316284,1.149999976158142,808000,0.0,0.0
2025-04-03 00:00:00-04:00,1.0800000429153442,1.1200000047683716,1.0700000524520874,1.0700000524520874,1010400,0.0,0.0
2025-04-04 00:00:00-04:00,1.059999942779541,1.059999942779541,0.9750000238418579,1.0099999904632568,2357300,0.0,0.0
2025-04-07 00:00:00-04:00,0.9599999785423279,1.1200000047683716,0.9300000071525574,1.059999942779541,1621600,0.0,0.0
2025-04-08 00:00:00-04:00,1.100000023841858,1.100000023841858,1.0099999904632568,1.0299999713897705,1236400,0.0,0.0
2025-04-09 00:00:00-04:00,1.0199999809265137,1.1950000524520874,1.0,1.149999976158142,1602500,0.0,0.0
2025-04-10 00:00:00-04:00,1.0,1.0800000429153442,0.7599999904632568,0.8090000152587891,6231700,0.0,0.0
2025-04-11 00:00:00-04:00,0.7799999713897705,0.7799999713897705,0.6710000038146973,0.7540000081062317,3518400,0.0,0.0
2025-04-14 00:00:00-04:00,0.7799999713897705,0.8299999833106995,0.7160000205039978,0.7300000190734863,3631000,0.0,0.0
2025-04-15 00:00:00-04:00,0.7099999785423279,0.7960000038146973,0.7099999785423279,0.7200000286102295,3624900,0.0,0.0
2025-04-16 00:00:00-04:00,0.7200000286102295,0.7480000257492065,0.7099999785423279,0.7260000109672546,1622900,0.0,0.0
2025-04-17 00:00:00-04:00,0.7200000286102295,0.8339999914169312,0.7200000286102295,0.7919999957084656,4219700,0.0,0.0
2025-04-21 00:00:00-04:00,0.8209999799728394,0.8209999799728394,0.777999997138977,0.7960000038146973,1796200,0.0,0.0
2025-04-22 00:00:00-04:00,0.800000011920929,0.8339999914169312,0.7900000214576721,0.8080000281333923,864900,0.0,0.0
2025-04-23 00:00:00-04:00,0.8309999704360962,0.8930000066757202,0.8159999847412109,0.8460000157356262,2730000,0.0,0.0
2025-04-24 00:00:00-04:00,0.8600000143051147,0.9169999957084656,0.8420000076293945,0.8899999856948853,1576300,0.0,0.0
2025-04-25 00:00:00-04:00,0.8700000047683716,0.8999999761581421,0.8569999933242798,0.8880000114440918,1767600,0.0,0.0
2025-04-28 00:00:00-04:00,0.8799999952316284,0.9350000023841858,0.8769999742507935,0.9210000038146973,1609300,0.0,0.0
2025-04-29 00:00:00-04:00,0.9110000133514404,0.9449999928474426,0.9039999842643738,0.9129999876022339,1262800,0.0,0.0
2025-04-30 00:00:00-04:00,0.8999999761581421,0.9710000157356262,0.8799999952316284,0.953000009059906,1107800,0.0,0.0
2025-05-01 00:00:00-04:00,0.9779999852180481,0.9879999756813049,0.9539999961853027,0.9599999785423279,802600,0.0,0.0
2025-05-02 00:00:00-04:00,0.9919999837875366,1.0399999618530273,0.9639999866485596,0.9700000286102295,1765600,0.0,0.0
2025-05-05 00:00:00-04:00,0.949999988079071,0.9879999756813049,0.9350000023841858,0.9629999995231628,2687800,0.0,0.0
2025-05-06 00:00:00-04:00,0.9300000071525574,0.9819999933242798,0.8899999856948853,0.8999999761581421,2831900,0.0,0.0
2025-05-07 00:00:00-04:00,0.8199999928474426,0.9890000224113464,0.8109999895095825,0.9350000023841858,1234800,0.0,0.0
2025-05-08 00:00:00-04:00,0.953000009059906,0.953000009059906,0.8399999737739563,0.8799999952316284,2152100,0.0,0.0
2025-05-09 00:00:00-04:00,0.8799999952316284,0.9279999732971191,0.8489999771118164,0.8500000238418579,1631300,0.0,0.0
2025-05-12 00:00:00-04:00,0.906000018119812,0.9380000233650208,0.7200000286102295,0.8069999814033508,7957900,0.0,0.0
2025-05-13 00:00:00-04:00,0.8100000023841858,0.8330000042915344,0.800000011920929,0.8199999928474426,4089100,0.0,0.0
2025-05-14 00:00:00-04:00,0.8109999895095825,0.8510000109672546,0.7400000095367432,0.7900000214576721,3309000,0.0,0.0
2025-05-15 00:00:00-04:00,0.7599999904632568,0.800000011920929,0.75,0.7509999871253967,2662400,0.0,0.0
2025-05-16 00:00:00-04:00,0.75,0.8840000033378601,0.7450000047683716,0.8619999885559082,3136300,0.0,0.0
2025-05-19 00:00:00-04:00,0.8500000238418579,0.8939999938011169,0.8240000009536743,0.8650000095367432,2166600,0.0,0.0
2025-05-20 00:00:00-04:00,0.8949999809265137,0.8999999761581421,0.8220000267028809,0.8619999885559082,1139900,0.0,0.0
2025-05-21 00:00:00-04:00,0.8399999737739563,0.8579999804496765,0.8100000023841858,0.8320000171661377,1162600,0.0,0.0
2025-05-22 00:00:00-04:00,0.8149999976158142,0.8529999852180481,0.800000011920929,0.8140000104904175,908800,0.0,0.0
2025-05-23 00:00:00-04:00,0.8009999990463257,0.8299999833106995,0.7820000052452087,0.7960000038146973,1639100,0.0,0.0
2025-05-27 00:00:00-04:00,0.800000011920929,0.8399999737739563,0.7850000262260437,0.8370000123977661,1614400,0.0,0.0
2025-05-28 00:00:00-04:00,0.8330000042915344,0.8560000061988831,0.8159999847412109,0.8399999737739563,1269500,0.0,0.0
2025-05-29 00:00:00-04:00,0.8399999737739563,0.8519999980926514,0.8140000104904175,0.8429999947547913,1235100,0.0,0.0
2025-05-30 00:00:00-04:00,0.8199999928474426,0.8790000081062317,0.7839999794960022,0.843999981880188,1353400,0.0,0.0
2025-06-02 00:00:00-04:00,0.8399999737739563,0.8700000047683716,0.8100000023841858,0.8429999947547913,1017700,0.0,0.0
2025-06-03 00:00:00-04:00,0.8299999833106995,0.9290000200271606,0.8259999752044678,0.8999999761581421,2072000,0.0,0.0
2025-06-04 00:00:00-04:00,0.9049999713897705,0.925000011920929,0.8500000238418579,0.9089999794960022,1330700,0.0,0.0
2025-06-05 00:00:00-04:00,0.925000011920929,0.9900000095367432,0.8999999761581421,0.9269999861717224,1486900,0.0,0.0
2025-06-06 00:00:00-04:00,0.9599999785423279,0.9639999866485596,0.9049999713897705,0.9160000085830688,1212800,0.0,0.0
2025-06-09 00:00:00-04:00,0.9120000004768372,0.949999988079071,0.8999999761581421,0.9150000214576721,1711100,0.0,0.0
2025-06-10 00:00:00-04:00,0.9100000262260437,0.9240000247955322,0.8809999823570251,0.8899999856948853,1730800,0.0,0.0
2025-06-11 00:00:00-04:00,0.8899999856948853,0.9380000233650208,0.8610000014305115,0.9160000085830688,2016300,0.0,0.0
2025-06-12 00:00:00-04:00,0.8999999761581421,0.9300000071525574,0.8610000014305115,0.8999999761581421,2232300,0.0,0.0
2025-06-13 00:00:00-04:00,0.8849999904632568,0.9020000100135803,0.8510000109672546,0.8849999904632568,1884400,0.0,0.0
2025-06-16 00:00:00-04:00,0.8949999809265137,0.9449999928474426,0.8830000162124634,0.8880000114440918,3909500,0.0,0.0
2025-06-17 00:00:00-04:00,0.8709999918937683,0.9229999780654907,0.8709999918937683,0.9010000228881836,1990200,0.0,0.0
2025-06-18 00:00:00-04:00,0.8799999952316284,0.9620000123977661,0.8799999952316284,0.9150000214576721,2037200,0.0,0.0
2025-06-20 00:00:00-04:00,0.9100000262260437,0.9399999976158142,0.8679999709129333,0.8899999856948853,3111600,0.0,0.0
2025-06-23 00:00:00-04:00,0.8920000195503235,0.9380000233650208,0.8799999952316284,0.9120000004768372,2271400,0.0,0.0
2025-06-24 00:00:00-04:00,0.9160000085830688,0.949999988079071,0.8899999856948853,0.9380000233650208,3131600,0.0,0.0
2025-06-25 00:00:00-04:00,0.9300000071525574,0.9319999814033508,0.8999999761581421,0.9210000038146973,1187100,0.0,0.0
2025-06-26 00:00:00-04:00,0.9279999732971191,0.972000002861023,0.9039999842643738,0.9539999961853027,1707200,0.0,0.0
2025-06-27 00:00:00-04:00,0.9589999914169312,0.9829999804496765,0.9300000071525574,0.9300000071525574,26447800,0.0,0.0
2025-06-30 00:00:00-04:00,0.9509999752044678,1.0299999713897705,0.9380000233650208,0.9900000095367432,5629000,0.0,0.0
2025-07-01 00:00:00-04:00,0.9900000095367432,1.100000023841858,0.9739999771118164,1.0299999713897705,2133700,0.0,0.0
2025-07-02 00:00:00-04:00,1.0199999809265137,1.1349999904632568,1.0199999809265137,1.1100000143051147,2006400,0.0,0.0
2025-07-03 00:00:00-04:00,1.1200000047683716,1.125,1.0700000524520874,1.1100000143051147,758900,0.0,0.0
2025-07-07 00:00:00-04:00,1.100000023841858,1.1100000143051147,1.0399999618530273,1.0800000429153442,1204100,0.0,0.0
2025-07-08 00:00:00-04:00,1.0700000524520874,1.1100000143051147,1.0700000524520874,1.090000033378601,4842200,0.0,0.0
2025-07-09 00:00:00-04:00,1.090000033378601,1.090000033378601,1.0099999904632568,1.0299999713897705,1477100,0.0,0.0
2025-07-10 00:00:00-04:00,1.0199999809265137,1.0399999618530273,0.996999979019165,1.0199999809265137,1103600,0.0,0.0
2025-07-11 00:00:00-04:00,1.0,1.0099999904632568,0.9700000286102295,0.9800000190734863,1142600,0.0,0.0
2025-07-14 00:00:00-04:00,0.9599999785423279,1.0199999809265137,0.9599999785423279,0.9639999866485596,2418100,0.0,0.0
2025-07-15 00:00:00-04:00,0.9900000095367432,1.0099999904632568,0.9369999766349792,0.9369999766349792,708000,0.0,0.0
2025-07-16 00:00:00-04:00,0.9399999976158142,0.9980000257492065,0.9300000071525574,0.9860000014305115,1664200,0.0,0.0
2025-07-17 00:00:00-04:00,1.0099999904632568,1.0399999618530273,0.9570000171661377,0.9819999933242798,1415500,0.0,0.0
2025-07-18 00:00:00-04:00,0.9900000095367432,1.0,0.953000009059906,0.9660000205039978,680700,0.0,0.0
2025-07-21 00:00:00-04:00,0.9800000190734863,0.9950000047683716,0.949999988079071,0.953000009059906,751700,0.0,0.0
2025-07-22 00:00:00-04:00,0.9599999785423279,1.0499999523162842,0.9580000042915344,1.0199999809265137,1248200,0.0,0.0
2025-07-23 00:00:00-04:00,1.0099999904632568,1.0800000429153442,1.0,1.0700000524520874,2080300,0.0,0.0
2025-07-24 00:00:00-04:00,1.059999942779541,1.090000033378601,1.0399999618530273,1.090000033378601,1558100,0.0,0.0
2025-07-25 00:00:00-04:00,1.100000023841858,1.190000057220459,1.100000023841858,1.1399999856948853,1229500,0.0,0.0
2025-07-28 00:00:00-04:00,1.159999966621399,1.1690000295639038,1.1200000047683716,1.149999976158142,1282900,0.0,0.0
2025-07-29 00:00:00-04:00,1.149999976158142,1.159999966621399,1.0700000524520874,1.0700000524520874,1468500,0.0,0.0
2025-07-30 00:00:00-04:00,1.090000033378601,1.090000033378601,1.0199999809265137,1.0299999713897705,802000,0.0,0.0
2025-07-31 00:00:00-04:00,1.0099999904632568,1.0700000524520874,0.9929999709129333,1.0099999904632568,1431700,0.0,0.0
2025-08-01 00:00:00-04:00,0.9800000190734863,0.9900000095367432,0.9459999799728394,0.9599999785423279,1595100,0.0,0.0
2025-08-04 00:00:00-04:00,0.9599999785423279,1.0399999618530273,0.949999988079071,1.0099999904632568,1632700,0.0,0.0
2025-08-05 00:00:00-04:00,1.0199999809265137,1.0299999713897705,0.9599999785423279,0.9860000014305115,1895700,0.0,0.0
2025-08-06 00:00:00-04:00,0.9100000262260437,1.190000057220459,0.8999999761581421,1.1399999856948853,2288900,0.0,0.0
2025-08-07 00:00:00-04:00,1.1699999570846558,1.1699999570846558,1.100000023841858,1.1699999570846558,1234900,0.0,0.0
2025-08-08 00:00:00-04:00,1.149999976158142,1.2999999523162842,1.1239999532699585,1.2699999809265137,2128600,0.0,0.0
2025-08-11 00:00:00-04:00,1.2699999809265137,1.2799999713897705,1.2100000381469727,1.25,1062200,0.0,0.0
2025-08-12 00:00:00-04:00,1.3600000143051147,1.3949999809265137,1.3300000429153442,1.3600000143051147,2046700,0.0,0.0
2025-08-13 00:00:00-04:00,1.440000057220459,1.440000057220459,1.2799999713897705,1.3600000143051147,1561200,0.0,0.0
2025-08-14 00:00:00-04:00,1.340000033378601,1.3799999952316284,1.309999942779541,1.340000033378601,613700,0.0,0.0
2025-08-15 00:00:00-04:00,1.3200000524520874,1.3700000047683716,1.3200000524520874,1.3200000524520874,624800,0.0,0.0
2025-08-18 00:00:00-04:00,1.350000023841858,1.559999942779541,1.350000023841858,1.5,4409400,0.0,0.0
2025-08-19 00:00:00-04:00,1.5199999809265137,1.6299999952316284,1.465000033378601,1.5,3600100,0.0,0.0
2025-08-20 00:00:00-04:00,1.5399999618530273,1.5499999523162842,1.3949999809265137,1.4500000476837158,1084600,0.0,0.0
2025-08-21 00:00:00-04:00,1.409999966621399,1.434999942779541,1.3799999952316284,1.399999976158142,1053800,0.0,0.0
2025-08-22 00:00:00-04:00,1.4199999570846558,1.4900000095367432,1.4049999713897705,1.4800000190734863,777800,0.0,0.0
2025-08-25 00:00:00-04:00,1.4800000190734863,1.5499999523162842,1.4199999570846558,1.440000057220459,540400,0.0,0.0
2025-08-26 00:00:00-04:00,1.4900000095367432,1.5149999856948853,1.465000033378601,1.4900000095367432,1380800,0.0,0.0
2025-08-27 00:00:00-04:00,1.4800000190734863,1.5099999904632568,1.4299999475479126,1.4700000286102295,976100,0.0,0.0
2025-08-28 00:00:00-04:00,1.4700000286102295,1.5,1.4500000476837158,1.4500000476837158,740000,0.0,0.0
2025-08-29 00:00:00-04:00,1.4600000381469727,1.4800000190734863,1.434999942779541,1.4800000190734863,519300,0.0,0.0
2025-09-02 00:00:00-04:00,1.4800000190734863,1.5299999713897705,1.4299999475479126,1.4500000476837158,859200,0.0,0.0
2025-09-03 00:00:00-04:00,1.4600000381469727,1.4869999885559082,1.4249999523162842,1.440000057220459,937800,0.0,0.0
2025-09-04 00:00:00-04:00,1.4299999475479126,1.4299999475479126,1.3700000047683716,1.4199999570846558,844500,0.0,0.0
2025-09-05 00:00:00-04:00,1.409999966621399,1.5099999904632568,1.409999966621399,1.4600000381469727,580000,0.0,0.0
2025-09-08 00:00:00-04:00,1.5,1.5049999952316284,1.440000057220459,1.4600000381469727,345600,0.0,0.0
2025-09-09 00:00:00-04:00,1.4500000476837158,1.4850000143051147,1.4299999475479126,1.4600000381469727,424100,0.0,0.0
2025-09-10 00:00:00-04:00,1.4500000476837158,1.4800000190734863,1.4299999475479126,1.4299999475479126,788300,0.0,0.0
2025-09-11 00:00:00-04:00,1.4199999570846558,1.4900000095367432,1.402999997138977,1.4900000095367432,1482700,0.0,0.0
2025-09-12 00:00:00-04:00,1.4800000190734863,1.4800000190734863,1.409999966621399,1.4500000476837158,915000,0.0,0.0
2025-09-15 00:00:00-04:00,1.440000057220459,1.5700000524520874,1.440000057220459,1.5199999809265137,1689000,0.0,0.0
2025-09-16 00:00:00-04:00,1.6299999952316284,1.659999966621399,1.5399999618530273,1.5499999523162842,1635600,0.0,0.0
2025-09-17 00:00:00-04:00,1.649999976158142,1.7799999713897705,1.6200000047683716,1.6399999856948853,3012900,0.0,0.0
2025-09-18 00:00:00-04:00,1.6799999475479126,1.6890000104904175,1.559999942779541,1.600000023841858,1410900,0.0,0.0
2025-09-19 00:00:00-04:00,1.590000033378601,1.6299999952316284,1.5700000524520874,1.5800000429153442,1035000,0.0,0.0
2025-09-22 00:00:00-04:00,1.5800000429153442,1.6549999713897705,1.5700000524520874,1.6200000047683716,1608200,0.0,0.0
2025-09-23 00:00:00-04:00,1.6100000143051147,1.6299999952316284,1.5700000524520874,1.600000023841858,646000,0.0,0.0
2025-09-24 00:00:00-04:00,1.6100000143051147,1.6100000143051147,1.5099999904632568,1.5299999713897705,638700,0.0,0.0
2025-09-25 00:00:00-04:00,1.5099999904632568,1.5099999904632568,1.4600000381469727,1.4800000190734863,641400,0.0,0.0
2025-09-26 00:00:00-04:00,1.4800000190734863,1.5049999952316284,1.4199999570846558,1.4500000476837158,994300,0.0,0.0
2025-09-29 00:00:00-04:00,1.4500000476837158,1.4950000047683716,1.4299999475479126,1.4500000476837158,622000,0.0,0.0
2025-09-30 00:00:00-04:00,1.4299999475479126,1.4500000476837158,1.3899999856948853,1.409999966621399,503100,0.0,0.0
2025-10-01 00:00:00-04:00,1.4299999475479126,1.4900000095367432,1.3799999952316284,1.399999976158142,824300,0.0,0.0
2025-10-02 00:00:00-04:00,1.3899999856948853,1.4199999570846558,1.340000033378601,1.3600000143051147,552600,0.0,0.0
2025-10-03 00:00:00-04:00,1.3799999952316284,1.4199999570846558,1.350000023841858,1.3799999952316284,980900,0.0,0.0
2025-10-06 00:00:00-04:00,1.3899999856948853,1.399999976158142,1.3550000190734863,1.3700000047683716,998800,0.0,0.0
2025-10-07 00:00:00-04:00,1.3799999952316284,1.4299999475479126,1.3300000429153442,1.3700000047683716,1266300,0.0,0.0
2025-10-08 00:00:00-04:00,1.3899999856948853,1.5099999904632568,1.3799999952316284,1.5099999904632568,1115400,0.0,0.0
2025-10-09 00:00:00-04:00,1.5,1.5199999809265137,1.440000057220459,1.4700000286102295,853500,0.0,0.0
2025-10-10 00:00:00-04:00,1.4700000286102295,1.5,1.3680000305175781,1.3899999856948853,895600,0.0,0.0
2025-10-13 00:00:00-04:00,1.4299999475479126,1.440000057220459,1.3899999856948853,1.399999976158142,569400,0.0,0.0
2025-10-14 00:00:00-04:00,1.3700000047683716,1.475000023841858,1.3700000047683716,1.4500000476837158,434700,0.0,0.0
2025-10-15 00:00:00-04:00,1.4600000381469727,1.5099999904632568,1.4500000476837158,1.5,482200,0.0,0.0
2025-10-16 00:00:00-04:00,1.4800000190734863,1.5,1.440000057220459,1.4600000381469727,555600,0.0,0.0
2025-10-17 00:00:00-04:00,1.4700000286102295,1.4700000286102295,1.409999966621399,1.4199999570846558,519000,0.0,0.0
2025-10-20 00:00:00-04:00,1.4199999570846558,1.4900000095367432,1.399999976158142,1.409999966621399,5696300,0.0,0.0
2025-10-21 00:00:00-04:00,1.4199999570846558,1.5199999809265137,1.4199999570846558,1.4700000286102295,1185300,0.0,0.0
2025-10-22 00:00:00-04:00,1.5,1.5399999618530273,1.409999966621399,1.4600000381469727,817600,0.0,0.0
2025-10-23 00:00:00-04:00,1.4600000381469727,1.5099999904632568,1.4600000381469727,1.4700000286102295,1180900,0.0,0.0
2025-10-24 00:00:00-04:00,1.4900000095367432,1.524999976158142,1.4900000095367432,1.4900000095367432,661000,0.0,0.0
2025-10-27 00:00:00-04:00,1.5,1.5199999809265137,1.4500000476837158,1.4500000476837158,351200,0.0,0.0
2025-10-28 00:00:00-04:00,1.4600000381469727,1.4600000381469727,1.3899999856948853,1.3899999856948853,533300,0.0,0.0
2025-10-29 00:00:00-04:00,1.409999966621399,1.4329999685287476,1.3600000143051147,1.3799999952316284,317200,0.0,0.0
2025-10-30 00:00:00-04:00,1.350000023841858,1.3799999952316284,1.340000033378601,1.350000023841858,216600,0.0,0.0
2025-10-31 00:00:00-04:00,1.340000033378601,1.399999976158142,1.309999942779541,1.3899999856948853,623700,0.0,0.0
2025-11-03 00:00:00-05:00,1.409999966621399,1.4539999961853027,1.3350000381469727,1.3600000143051147,784800,0.0,0.0
2025-11-04 00:00:00-05:00,1.340000033378601,1.3700000047683716,1.3250000476837158,1.350000023841858,691800,0.0,0.0
2025-11-05 00:00:00-05:00,1.4700000286102295,1.4700000286102295,1.3200000524520874,1.399999976158142,1317000,0.0,0.0
2025-11-06 00:00:00-05:00,1.4199999570846558,1.5399999618530273,1.4199999570846558,1.4800000190734863,973000,0.0,0.0
2025-11-07 00:00:00-05:00,1.4600000381469727,1.4700000286102295,1.409999966621399,1.4500000476837158,648000,0.0,0.0
2025-11-10 00:00:00-05:00,1.4700000286102295,1.4900000095367432,1.440000057220459,1.4600000381469727,723000,0.0,0.0
2025-11-11 00:00:00-05:00,1.4700000286102295,1.5299999713897705,1.4620000123977661,1.5099999904632568,489700,0.0,0.0
2025-11-12 00:00:00-05:00,1.4900000095367432,1.5199999809265137,1.4850000143051147,1.4900000095367432,501600,0.0,0.0
2025-11-13 00:00:00-05:00,1.5,1.5049999952316284,1.475000023841858,1.4800000190734863,673400,0.0,0.0
2025-11-14 00:00:00-05:00,1.4700000286102295,1.4900000095367432,1.440000057220459,1.4500000476837158,618200,0.0,0.0
2025-11-17 00:00:00-05:00,1.4600000381469727,1.4900000095367432,1.4199999570846558,1.440000057220459,785700,0.0,0.0
2025-11-18 00:00:00-05:00,1.399999976158142,1.440000057220459,1.3700000047683716,1.399999976158142,642900,0.0,0.0
2025-11-19 00:00:00-05:00,1.3799999952316284,1.4299999475479126,1.3799999952316284,1.409999966621399,496900,0.0,0.0
2025-11-20 00:00:00-05:00,1.4600000381469727,1.5,1.4249999523162842,1.440000057220459,947800,0.0,0.0
2025-11-21 00:00:00-05:00,1.4199999570846558,1.4709999561309814,1.399999976158142,1.4500000476837158,543600,0.0,0.0
2025-11-24 00:00:00-05:00,1.5399999618530273,1.6699999570846558,1.503999948501587,1.6699999570846558,1708600,0.0,0.0
2025-11-25 00:00:00-05:00,1.690000057220459,1.7599999904632568,1.684999942779541,1.7400000095367432,1516700,0.0,0.0
2025-11-26 00:00:00-05:00,1.7999999523162842,1.809999942779541,1.7100000381469727,1.7400000095367432,782300,0.0,0.0
2025-11-28 00:00:00-05:00,1.7400000095367432,1.7649999856948853,1.6799999475479126,1.7200000286102295,812600,0.0,0.0
2025-12-01 00:00:00-05:00,1.7100000381469727,1.7350000143051147,1.6699999570846558,1.6799999475479126,797400,0.0,0.0
2025-12-02 00:00:00-05:00,1.690000057220459,1.7200000286102295,1.6699999570846558,1.7100000381469727,570000,0.0,0.0
2025-12-03 00:00:00-05:00,1.7999999523162842,1.9149999618530273,1.75,1.8200000524520874,1704400,0.0,0.0
2025-12-04 00:00:00-05:00,1.8600000143051147,1.9299999475479126,1.840000033378601,1.8799999952316284,2167800,0.0,0.0
2025-12-05 00:00:00-05:00,1.9600000381469727,2.140000104904175,1.8650000095367432,1.9700000286102295,2603500,0.0,0.0
2025-12-08 00:00:00-05:00,2.049999952316284,2.058000087738037,1.8600000143051147,1.8899999856948853,958900,0.0,0.0
2025-12-09 00:00:00-05:00,1.899999976158142,2.0850000381469727,1.8839999437332153,2.0199999809265137,1489200,0.0,0.0
2025-12-10 00:00:00-05:00,2.0199999809265137,2.059999942779541,1.934999942779541,2.0,1124200,0.0,0.0
2025-12-11 00:00:00-05:00,2.0399999618530273,2.0799999237060547,1.9900000095367432,2.0399999618530273,1047700,0.0,0.0
2025-12-12 00:00:00-05:00,2.0399999618530273,2.1449999809265137,2.0199999809265137,2.069999933242798,1840000,0.0,0.0
2025-12-15 00:00:00-05:00,2.200000047683716,2.200000047683716,2.0199999809265137,2.049999952316284,1934300,0.0,0.0
2025-12-16 00:00:00-05:00,2.0299999713897705,2.0789999961853027,1.9800000190734863,2.049999952316284,1690700,0.0,0.0
2025-12-17 00:00:00-05:00,2.1500000953674316,2.1500000953674316,2.055000066757202,2.0799999237060547,1321000,0.0,0.0
2025-12-18 00:00:00-05:00,2.109999895095825,2.177000045776367,2.0810000896453857,2.119999885559082,971400,0.0,0.0
2025-12-19 00:00:00-05:00,2.109999895095825,2.140000104904175,2.0399999618530273,2.0899999141693115,1728100,0.0,0.0
2025-12-22 00:00:00-05:00,2.119999885559082,2.130000114440918,1.9900000095367432,2.049999952316284,2314600,0.0,0.0
2025-12-23 00:00:00-05:00,2.049999952316284,2.075000047683716,1.965000033378601,2.069999933242798,2002400,0.0,0.0
2025-12-24 00:00:00-05:00,2.059999942779541,2.062999963760376,1.9950000047683716,2.009999990463257,664600,0.0,0.0
2025-12-26 00:00:00-05:00,2.0,2.0399999618530273,2.0,2.0299999713897705,470400,0.0,0.0
2025-12-29 00:00:00-05:00,2.0199999809265137,2.0350000858306885,2.009999990463257,2.0199999809265137,681100,0.0,0.0
2025-12-30 00:00:00-05:00,2.0199999809265137,2.049999952316284,2.005000114440918,2.0299999713897705,712900,0.0,0.0
2025-12-31 00:00:00-05:00,2.0199999809265137,2.049999952316284,2.009999990463257,2.0199999809265137,942600,0.0,0.0
2026-01-02 00:00:00-05:00,2.0199999809265137,2.0299999713897705,1.9299999475479126,1.9299999475479126,1858200,0.0,0.0
2026-01-05 00:00:00-05:00,1.9299999475479126,1.9299999475479126,1.8650000095367432,1.8899999856948853,1357700,0.0,0.0
2026-01-06 00:00:00-05:00,1.899999976158142,1.9199999570846558,1.8700000047683716,1.8700000047683716,835300,0.0,0.0
2026-01-07 00:00:00-05:00,1.8700000047683716,1.875,1.8200000524520874,1.840000033378601,1035400,0.0,0.0
2026-01-08 00:00:00-05:00,1.809999942779541,1.8600000143051147,1.809999942779541,1.8300000429153442,1163500,0.0,0.0
2026-01-09 00:00:00-05:00,1.8300000429153442,1.8300000429153442,1.8049999475479126,1.809999942779541,548400,0.0,0.0
2026-01-12 00:00:00-05:00,1.8200000524520874,1.8289999961853027,1.7799999713897705,1.7799999713897705,628500,0.0,0.0
2026-01-13 00:00:00-05:00,1.7699999809265137,1.7899999618530273,1.7599999904632568,1.7799999713897705,712100,0.0,0.0
2026-01-14 00:00:00-05:00,1.7699999809265137,1.809999942779541,1.7599999904632568,1.7799999713897705,433000,0.0,0.0
2026-01-15 00:00:00-05:00,1.7899999618530273,1.809999942779541,1.7400000095367432,1.7400000095367432,1105100,0.0,0.0
2026-01-16 00:00:00-05:00,1.7599999904632568,1.8700000047683716,1.7400000095367432,1.840000033378601,1860700,0.0,0.0
2026-01-20 00:00:00-05:00,1.809999942779541,1.8200000524520874,1.7200000286102295,1.7200000286102295,1533600,0.0,0.0
2026-01-21 00:00:00-05:00,1.7200000286102295,1.75,1.7000000476837158,1.7200000286102295,544600,0.0,0.0
2026-01-22 00:00:00-05:00,1.7300000190734863,1.75,1.7100000381469727,1.7300000190734863,902100,0.0,0.0
2026-01-23 00:00:00-05:00,1.7300000190734863,1.809999942779541,1.7050000429153442,1.7999999523162842,1002200,0.0,0.0
2026-01-26 00:00:00-05:00,1.7899999618530273,1.8140000104904175,1.7000000476837158,1.7300000190734863,2246900,0.0,0.0
2026-01-27 00:00:00-05:00,1.7200000286102295,1.75,1.7100000381469727,1.7200000286102295,4566800,0.0,0.0
2026-01-28 00:00:00-05:00,1.7200000286102295,1.725000023841858,1.6699999570846558,1.6799999475479126,1112800,0.0,0.0
2026-01-29 00:00:00-05:00,1.7000000476837158,1.7000000476837158,1.6299999952316284,1.6699999570846558,669800,0.0,0.0
2026-01-30 00:00:00-05:00,1.6399999856948853,1.659999966621399,1.6100000143051147,1.6200000047683716,1797700,0.0,0.0
2026-02-02 00:00:00-05:00,1.6100000143051147,1.7000000476837158,1.6100000143051147,1.659999966621399,808200,0.0,0.0
2026-02-03 00:00:00-05:00,1.6799999475479126,1.7200000286102295,1.6299999952316284,1.7100000381469727,891200,0.0,0.0
2026-02-04 00:00:00-05:00,1.7100000381469727,1.7100000381469727,1.659999966621399,1.659999966621399,2475100,0.0,0.0
2026-02-05 00:00:00-05:00,1.7000000476837158,1.7050000429153442,1.6399999856948853,1.6799999475479126,3494300,0.0,0.0
2026-02-06 00:00:00-05:00,1.6799999475479126,1.7599999904632568,1.6549999713897705,1.75,3753700,0.0,0.0
2026-02-09 00:00:00-05:00,1.75,1.784999966621399,1.725000023841858,1.7400000095367432,766500,0.0,0.0
2026-02-10 00:00:00-05:00,1.7400000095367432,1.815000057220459,1.7350000143051147,1.7599999904632568,924100,0.0,0.0
2026-02-11 00:00:00-05:00,1.7999999523162842,1.7999999523162842,1.7000000476837158,1.7400000095367432,828100,0.0,0.0
2026-02-12 00:00:00-05:00,1.7200000286102295,1.7350000143051147,1.600000023841858,1.6100000143051147,836700,0.0,0.0
2026-02-13 00:00:00-05:00,1.6200000047683716,1.649999976158142,1.6039999723434448,1.6200000047683716,667600,0.0,0.0
2026-02-17 00:00:00-05:00,1.600000023841858,1.649999976158142,1.559999942779541,1.6100000143051147,656400,0.0,0.0
2026-02-18 00:00:00-05:00,1.6100000143051147,1.6799999475479126,1.590000033378601,1.6699999570846558,1403700,0.0,0.0
2026-02-19 00:00:00-05:00,1.649999976158142,1.684999942779541,1.600000023841858,1.659999966621399,1301700,0.0,0.0
2026-02-20 00:00:00-05:00,1.649999976158142,1.7000000476837158,1.6399999856948853,1.6399999856948853,811000,0.0,0.0
2026-02-23 00:00:00-05:00,1.6299999952316284,1.6299999952316284,1.5800000429153442,1.600000023841858,552400,0.0,0.0
2026-02-24 00:00:00-05:00,1.5800000429153442,1.6200000047683716,1.5700000524520874,1.5800000429153442,449400,0.0,0.0
2026-02-25 00:00:00-05:00,1.600000023841858,1.6399999856948853,1.5800000429153442,1.6299999952316284,699600,0.0,0.0
2026-02-26 00:00:00-05:00,1.6200000047683716,1.659999966621399,1.6100000143051147,1.6200000047683716,445700,0.0,0.0
2026-02-27 00:00:00-05:00,1.600000023841858,1.600000023841858,1.5,1.5199999809265137,911000,0.0,0.0
2026-03-02 00:00:00-05:00,1.5,1.590000033378601,1.4919999837875366,1.5700000524520874,1064100,0.0,0.0
2026-03-03 00:00:00-05:00,1.5499999523162842,1.6100000143051147,1.5,1.5399999618530273,1246900,0.0,0.0
2026-03-04 00:00:00-05:00,1.7200000286102295,1.7899999618530273,1.659999966621399,1.7899999618530273,2082800,0.0,0.0
2026-03-05 00:00:00-05:00,1.7400000095367432,1.7862000465393066,1.7000000476837158,1.75,1196449,0.0,0.0
