Date,Open,High,Low,Close,Volume,Dividends,Stock Splits
2022-01-03 00:00:00-05:00,17.440000534057617,18.190000534057617,17.299999237060547,17.690000534057617,751800,0.0,0.0
2022-01-04 00:00:00-05:00,17.850000381469727,17.850000381469727,16.030000686645508,16.239999771118164,1300200,0.0,0.0
2022-01-05 00:00:00-05:00,16.270000457763672,16.898000717163086,15.329999923706055,15.369999885559082,1346400,0.0,0.0
2022-01-06 00:00:00-05:00,15.550000190734863,16.0,14.75,15.670000076293945,821900,0.0,0.0
2022-01-07 00:00:00-05:00,15.619999885559082,16.299999237060547,15.460000038146973,15.529999732971191,619800,0.0,0.0
2022-01-10 00:00:00-05:00,15.069999694824219,15.630000114440918,14.864999771118164,15.470000267028809,924300,0.0,0.0
2022-01-11 00:00:00-05:00,15.529999732971191,15.569999694824219,14.960000038146973,15.399999618530273,765800,0.0,0.0
2022-01-12 00:00:00-05:00,15.430000305175781,15.479999542236328,14.649999618530273,14.6899995803833,772200,0.0,0.0
2022-01-13 00:00:00-05:00,14.65999984741211,14.859999656677246,13.539999961853027,13.720000267028809,1642300,0.0,0.0
2022-01-14 00:00:00-05:00,13.630000114440918,14.460000038146973,13.430000305175781,14.390000343322754,1147000,0.0,0.0
2022-01-18 00:00:00-05:00,14.079999923706055,14.229999542236328,13.170000076293945,13.220000267028809,1087800,0.0,0.0
2022-01-19 00:00:00-05:00,13.5,14.229999542236328,13.48799991607666,13.579999923706055,1298100,0.0,0.0
2022-01-20 00:00:00-05:00,13.869999885559082,13.989999771118164,12.600000381469727,12.649999618530273,951300,0.0,0.0
2022-01-21 00:00:00-05:00,12.5,13.010000228881836,12.289999961853027,12.380000114440918,1197300,0.0,0.0
2022-01-24 00:00:00-05:00,12.020000457763672,12.6899995803833,11.100000381469727,12.600000381469727,2237700,0.0,0.0
2022-01-25 00:00:00-05:00,12.399999618530273,13.130000114440918,12.050000190734863,12.9399995803833,1131000,0.0,0.0
2022-01-26 00:00:00-05:00,13.229999542236328,13.420000076293945,12.199999809265137,12.289999961853027,1162800,0.0,0.0
2022-01-27 00:00:00-05:00,12.510000228881836,12.739999771118164,11.5,11.5600004196167,821300,0.0,0.0
2022-01-28 00:00:00-05:00,11.550000190734863,12.170000076293945,11.34000015258789,12.170000076293945,796100,0.0,0.0
2022-01-31 00:00:00-05:00,12.130000114440918,13.079999923706055,12.029999732971191,13.079999923706055,944300,0.0,0.0
2022-02-01 00:00:00-05:00,12.199999809265137,12.199999809265137,10.060999870300293,11.039999961853027,7574100,0.0,0.0
2022-02-02 00:00:00-05:00,11.6899995803833,11.6899995803833,10.5,10.550000190734863,3231700,0.0,0.0
2022-02-03 00:00:00-05:00,10.4399995803833,10.5,10.069999694824219,10.229999542236328,1972000,0.0,0.0
2022-02-04 00:00:00-05:00,10.180000305175781,10.609999656677246,9.930000305175781,10.430000305175781,1756600,0.0,0.0
2022-02-07 00:00:00-05:00,10.520000457763672,11.130000114440918,10.520000457763672,11.0,1200700,0.0,0.0
2022-02-08 00:00:00-05:00,10.899999618530273,11.180000305175781,10.579999923706055,11.100000381469727,955000,0.0,0.0
2022-02-09 00:00:00-05:00,11.239999771118164,11.850000381469727,11.020000457763672,11.739999771118164,1362200,0.0,0.0
2022-02-10 00:00:00-05:00,11.609999656677246,13.279999732971191,11.40999984741211,12.640000343322754,2117700,0.0,0.0
2022-02-11 00:00:00-05:00,12.680000305175781,13.220000267028809,12.270000457763672,12.5,963200,0.0,0.0
2022-02-14 00:00:00-05:00,12.449999809265137,12.680000305175781,12.0600004196167,12.119999885559082,929100,0.0,0.0
2022-02-15 00:00:00-05:00,12.430000305175781,12.819999694824219,12.34000015258789,12.720000267028809,798300,0.0,0.0
2022-02-16 00:00:00-05:00,12.529999732971191,12.819999694824219,12.3100004196167,12.65999984741211,625300,0.0,0.0
2022-02-17 00:00:00-05:00,12.5,12.600000381469727,11.529999732971191,11.640000343322754,942200,0.0,0.0
2022-02-18 00:00:00-05:00,11.6899995803833,11.989999771118164,11.3100004196167,11.390000343322754,723500,0.0,0.0
2022-02-22 00:00:00-05:00,11.039999961853027,11.260000228881836,10.699999809265137,10.739999771118164,1045700,0.0,0.0
2022-02-23 00:00:00-05:00,10.850000381469727,10.859999656677246,9.729999542236328,9.739999771118164,1780400,0.0,0.0
2022-02-24 00:00:00-05:00,9.369999885559082,10.65999984741211,9.279999732971191,10.619999885559082,1639000,0.0,0.0
2022-02-25 00:00:00-05:00,10.670000076293945,10.75,10.149999618530273,10.739999771118164,772700,0.0,0.0
2022-02-28 00:00:00-05:00,10.680000305175781,11.020000457763672,10.380000114440918,10.960000038146973,894600,0.0,0.0
2022-03-01 00:00:00-05:00,10.869999885559082,10.90999984741211,10.329999923706055,10.529999732971191,1923500,0.0,0.0
2022-03-02 00:00:00-05:00,10.670000076293945,11.0,10.609999656677246,10.779999732971191,692600,0.0,0.0
2022-03-03 00:00:00-05:00,10.880000114440918,10.979999542236328,10.420000076293945,10.630000114440918,749400,0.0,0.0
2022-03-04 00:00:00-05:00,10.529999732971191,10.819999694824219,10.270000457763672,10.369999885559082,665700,0.0,0.0
2022-03-07 00:00:00-05:00,10.279999732971191,10.630000114440918,10.119999885559082,10.149999618530273,722400,0.0,0.0
2022-03-08 00:00:00-05:00,10.15999984741211,10.739999771118164,9.890000343322754,10.220000267028809,914600,0.0,0.0
2022-03-09 00:00:00-05:00,10.694999694824219,11.300000190734863,10.4399995803833,11.1899995803833,1124600,0.0,0.0
2022-03-10 00:00:00-05:00,10.899999618530273,11.350000381469727,10.770000457763672,11.1899995803833,711500,0.0,0.0
2022-03-11 00:00:00-05:00,11.260000228881836,11.350000381469727,10.960000038146973,10.970000267028809,969900,0.0,0.0
2022-03-14 00:00:00-04:00,10.970000267028809,11.140000343322754,9.989999771118164,10.079999923706055,1048100,0.0,0.0
2022-03-15 00:00:00-04:00,10.119999885559082,10.760000228881836,10.119999885559082,10.649999618530273,1201900,0.0,0.0
2022-03-16 00:00:00-04:00,10.819999694824219,11.699999809265137,10.760000228881836,11.699999809265137,1165500,0.0,0.0
2022-03-17 00:00:00-04:00,11.5,12.479999542236328,11.46500015258789,12.470000267028809,936700,0.0,0.0
2022-03-18 00:00:00-04:00,12.40999984741211,13.390000343322754,12.40999984741211,13.100000381469727,3267500,0.0,0.0
2022-03-21 00:00:00-04:00,12.890000343322754,13.079999923706055,12.420000076293945,12.539999961853027,1041200,0.0,0.0
2022-03-22 00:00:00-04:00,12.65999984741211,13.010000228881836,12.560999870300293,12.880000114440918,854300,0.0,0.0
2022-03-23 00:00:00-04:00,12.699999809265137,13.140000343322754,12.399999618530273,12.40999984741211,1057900,0.0,0.0
2022-03-24 00:00:00-04:00,12.550000190734863,12.890000343322754,12.199999809265137,12.729999542236328,754500,0.0,0.0
2022-03-25 00:00:00-04:00,12.850000381469727,12.90999984741211,12.449999809265137,12.479999542236328,666600,0.0,0.0
2022-03-28 00:00:00-04:00,12.520000457763672,12.770000457763672,12.319999694824219,12.600000381469727,592100,0.0,0.0
2022-03-29 00:00:00-04:00,12.779999732971191,13.100000381469727,12.729999542236328,12.930000305175781,1030400,0.0,0.0
2022-03-30 00:00:00-04:00,12.880000114440918,13.079999923706055,12.210000038146973,12.270000457763672,748600,0.0,0.0
2022-03-31 00:00:00-04:00,12.359999656677246,12.6850004196167,12.279999732971191,12.3100004196167,699700,0.0,0.0
2022-04-01 00:00:00-04:00,12.390000343322754,12.770000457763672,12.329999923706055,12.640000343322754,736900,0.0,0.0
2022-04-04 00:00:00-04:00,12.699999809265137,13.0,12.550000190734863,12.84000015258789,766300,0.0,0.0
2022-04-05 00:00:00-04:00,12.850000381469727,12.850000381469727,11.989999771118164,12.039999961853027,955100,0.0,0.0
2022-04-06 00:00:00-04:00,12.130000114440918,12.425000190734863,11.819999694824219,12.300000190734863,933500,0.0,0.0
2022-04-07 00:00:00-04:00,12.279999732971191,12.460000038146973,11.75100040435791,11.979999542236328,585600,0.0,0.0
2022-04-08 00:00:00-04:00,11.949999809265137,12.1899995803833,11.70199966430664,11.800000190734863,578000,0.0,0.0
2022-04-11 00:00:00-04:00,11.579999923706055,11.87600040435791,11.279999732971191,11.329999923706055,654100,0.0,0.0
2022-04-12 00:00:00-04:00,11.539999961853027,11.899999618530273,11.114999771118164,11.260000228881836,577100,0.0,0.0
2022-04-13 00:00:00-04:00,11.270000457763672,11.770000457763672,11.270000457763672,11.670000076293945,711200,0.0,0.0
2022-04-14 00:00:00-04:00,11.640000343322754,11.680000305175781,11.079999923706055,11.100000381469727,547000,0.0,0.0
2022-04-18 00:00:00-04:00,11.119999885559082,11.119999885559082,10.470000267028809,10.510000228881836,933300,0.0,0.0
2022-04-19 00:00:00-04:00,10.5600004196167,10.890000343322754,10.390000343322754,10.729999542236328,581700,0.0,0.0
2022-04-20 00:00:00-04:00,10.75,10.789999961853027,10.399999618530273,10.4399995803833,625500,0.0,0.0
2022-04-21 00:00:00-04:00,10.609999656677246,10.644000053405762,9.859999656677246,9.880000114440918,858500,0.0,0.0
2022-04-22 00:00:00-04:00,9.84000015258789,10.149999618530273,9.609999656677246,9.630000114440918,834600,0.0,0.0
2022-04-25 00:00:00-04:00,9.539999961853027,9.770999908447266,9.420000076293945,9.670000076293945,598000,0.0,0.0
2022-04-26 00:00:00-04:00,9.600000381469727,9.779999732971191,9.029999732971191,9.029999732971191,1112300,0.0,0.0
2022-04-27 00:00:00-04:00,9.069999694824219,9.369999885559082,8.880000114440918,8.920000076293945,633700,0.0,0.0
2022-04-28 00:00:00-04:00,9.100000381469727,9.135000228881836,8.5,8.989999771118164,741200,0.0,0.0
2022-04-29 00:00:00-04:00,8.899999618530273,9.295999526977539,8.569999694824219,8.59000015258789,719700,0.0,0.0
2022-05-02 00:00:00-04:00,8.5600004196167,9.050000190734863,8.550000190734863,9.050000190734863,1068000,0.0,0.0
2022-05-03 00:00:00-04:00,9.09000015258789,9.329999923706055,9.0,9.260000228881836,535200,0.0,0.0
2022-05-04 00:00:00-04:00,9.25,9.835000038146973,8.890000343322754,9.760000228881836,759900,0.0,0.0
2022-05-05 00:00:00-04:00,9.5600004196167,9.710000038146973,8.770000457763672,9.029999732971191,816100,0.0,0.0
2022-05-06 00:00:00-04:00,8.859999656677246,8.859999656677246,8.260000228881836,8.350000381469727,997100,0.0,0.0
2022-05-09 00:00:00-04:00,8.050000190734863,8.390000343322754,7.380000114440918,7.590000152587891,1481700,0.0,0.0
2022-05-10 00:00:00-04:00,8.149999618530273,8.5,7.284999847412109,7.690000057220459,1347000,0.0,0.0
2022-05-11 00:00:00-04:00,7.690000057220459,8.15999984741211,7.229000091552734,7.309999942779541,1424900,0.0,0.0
2022-05-12 00:00:00-04:00,7.139999866485596,8.220000267028809,7.130000114440918,7.75,1230800,0.0,0.0
2022-05-13 00:00:00-04:00,7.989999771118164,8.680000305175781,7.954999923706055,8.59000015258789,856300,0.0,0.0
2022-05-16 00:00:00-04:00,8.520000457763672,9.119999885559082,8.4399995803833,8.720000267028809,630700,0.0,0.0
2022-05-17 00:00:00-04:00,8.819999694824219,9.4350004196167,8.819999694824219,9.430000305175781,855900,0.0,0.0
2022-05-18 00:00:00-04:00,8.979999542236328,9.239999771118164,8.510000228881836,8.720000267028809,955000,0.0,0.0
2022-05-19 00:00:00-04:00,8.6899995803833,9.390000343322754,8.6899995803833,9.270000457763672,960100,0.0,0.0
2022-05-20 00:00:00-04:00,9.380000114440918,9.65999984741211,8.939000129699707,9.619999885559082,857800,0.0,0.0
2022-05-23 00:00:00-04:00,9.319999694824219,9.789999961853027,9.149999618530273,9.270000457763672,581500,0.0,0.0
2022-05-24 00:00:00-04:00,9.119999885559082,9.210000038146973,8.65999984741211,9.039999961853027,675100,0.0,0.0
2022-05-25 00:00:00-04:00,9.020000457763672,9.1899995803833,8.789999961853027,9.100000381469727,718900,0.0,0.0
2022-05-26 00:00:00-04:00,9.119999885559082,9.359999656677246,9.01099967956543,9.0600004196167,461200,0.0,0.0
2022-05-27 00:00:00-04:00,9.100000381469727,9.770000457763672,8.84000015258789,9.710000038146973,995400,0.0,0.0
2022-05-31 00:00:00-04:00,9.359999656677246,9.795000076293945,8.9399995803833,9.109999656677246,1204000,0.0,0.0
2022-06-01 00:00:00-04:00,9.210000038146973,9.329999923706055,8.130000114440918,8.239999771118164,1070700,0.0,0.0
2022-06-02 00:00:00-04:00,8.239999771118164,8.524999618530273,8.109999656677246,8.369999885559082,638200,0.0,0.0
2022-06-03 00:00:00-04:00,8.34000015258789,8.890000343322754,8.319999694824219,8.579999923706055,938900,0.0,0.0
2022-06-06 00:00:00-04:00,8.739999771118164,8.880000114440918,8.170000076293945,8.260000228881836,601800,0.0,0.0
2022-06-07 00:00:00-04:00,8.170000076293945,8.930000305175781,8.119999885559082,8.90999984741211,687400,0.0,0.0
2022-06-08 00:00:00-04:00,8.800000190734863,9.319999694824219,8.800000190734863,9.039999961853027,677400,0.0,0.0
2022-06-09 00:00:00-04:00,8.949999809265137,9.069999694824219,8.520000457763672,8.539999961853027,621900,0.0,0.0
2022-06-10 00:00:00-04:00,8.350000381469727,8.475000381469727,7.96999979019165,8.100000381469727,849700,0.0,0.0
2022-06-13 00:00:00-04:00,7.880000114440918,7.880000114440918,7.400000095367432,7.550000190734863,1200100,0.0,0.0
2022-06-14 00:00:00-04:00,7.630000114440918,7.760000228881836,7.360000133514404,7.539999961853027,828600,0.0,0.0
2022-06-15 00:00:00-04:00,7.670000076293945,8.189000129699707,7.579999923706055,8.100000381469727,929700,0.0,0.0
2022-06-16 00:00:00-04:00,7.679999828338623,7.880000114440918,7.380000114440918,7.71999979019165,1149000,0.0,0.0
2022-06-17 00:00:00-04:00,7.829999923706055,8.75,7.809999942779541,8.470000267028809,3578500,0.0,0.0
2022-06-21 00:00:00-04:00,8.75,9.557999610900879,8.710000038146973,9.09000015258789,1075300,0.0,0.0
2022-06-22 00:00:00-04:00,8.819999694824219,9.619999885559082,8.779999732971191,9.460000038146973,730800,0.0,0.0
2022-06-23 00:00:00-04:00,9.850000381469727,10.484999656677246,9.800000190734863,10.449999809265137,1646300,0.0,0.0
2022-06-24 00:00:00-04:00,10.5600004196167,10.65999984741211,9.779999732971191,10.170000076293945,1228300,0.0,0.0
2022-06-27 00:00:00-04:00,10.199999809265137,10.3100004196167,9.970000267028809,10.09000015258789,651800,0.0,0.0
2022-06-28 00:00:00-04:00,10.180000305175781,10.25,9.710000038146973,9.90999984741211,695500,0.0,0.0
2022-06-29 00:00:00-04:00,9.859999656677246,9.9399995803833,9.59000015258789,9.890000343322754,446300,0.0,0.0
2022-06-30 00:00:00-04:00,9.680000305175781,10.199999809265137,9.5600004196167,10.010000228881836,723100,0.0,0.0
2022-07-01 00:00:00-04:00,10.010000228881836,10.329999923706055,9.930000305175781,10.300000190734863,635600,0.0,0.0
2022-07-05 00:00:00-04:00,10.329999923706055,11.050000190734863,10.100000381469727,11.039999961853027,1113200,0.0,0.0
2022-07-06 00:00:00-04:00,11.079999923706055,11.989999771118164,11.0,11.90999984741211,1177600,0.0,0.0
2022-07-07 00:00:00-04:00,12.010000228881836,13.100000381469727,11.949999809265137,12.550000190734863,1342900,0.0,0.0
2022-07-08 00:00:00-04:00,12.210000038146973,12.819999694824219,12.170000076293945,12.779999732971191,731500,0.0,0.0
2022-07-11 00:00:00-04:00,12.8100004196167,12.949999809265137,12.100000381469727,12.170000076293945,750500,0.0,0.0
2022-07-12 00:00:00-04:00,12.220000267028809,12.5600004196167,11.569999694824219,12.3100004196167,784000,0.0,0.0
2022-07-13 00:00:00-04:00,11.90999984741211,12.770000457763672,11.569999694824219,12.630000114440918,702800,0.0,0.0
2022-07-14 00:00:00-04:00,12.4399995803833,12.958000183105469,12.220000267028809,12.859999656677246,1038000,0.0,0.0
2022-07-15 00:00:00-04:00,13.0600004196167,13.199999809265137,12.569999694824219,12.699999809265137,917000,0.0,0.0
2022-07-18 00:00:00-04:00,12.970000267028809,13.388999938964844,10.510000228881836,10.600000381469727,1878500,0.0,0.0
2022-07-19 00:00:00-04:00,10.859999656677246,11.598999977111816,10.489999771118164,11.199999809265137,1255800,0.0,0.0
2022-07-20 00:00:00-04:00,11.180000305175781,12.0,11.135000228881836,11.470000267028809,936200,0.0,0.0
2022-07-21 00:00:00-04:00,11.479999542236328,11.9350004196167,11.390000343322754,11.880000114440918,537800,0.0,0.0
2022-07-22 00:00:00-04:00,11.90999984741211,11.968000411987305,11.15999984741211,11.170000076293945,657700,0.0,0.0
2022-07-25 00:00:00-04:00,11.210000038146973,11.454999923706055,10.890000343322754,11.0600004196167,518700,0.0,0.0
2022-07-26 00:00:00-04:00,10.979999542236328,11.279999732971191,10.770000457763672,10.789999961853027,572200,0.0,0.0
2022-07-27 00:00:00-04:00,11.069999694824219,11.09000015258789,10.470000267028809,10.760000228881836,779800,0.0,0.0
2022-07-28 00:00:00-04:00,10.770000457763672,10.899999618530273,10.300000190734863,10.630000114440918,610700,0.0,0.0
2022-07-29 00:00:00-04:00,10.520000457763672,10.571000099182129,9.960000038146973,10.260000228881836,836500,0.0,0.0
2022-08-01 00:00:00-04:00,10.760000228881836,10.869999885559082,9.800000190734863,9.880000114440918,1097900,0.0,0.0
2022-08-02 00:00:00-04:00,9.770000457763672,10.407999992370605,9.649999618530273,10.34000015258789,696200,0.0,0.0
2022-08-03 00:00:00-04:00,10.5600004196167,10.880000114440918,10.329999923706055,10.529999732971191,629300,0.0,0.0
2022-08-04 00:00:00-04:00,10.5600004196167,10.899999618530273,10.359999656677246,10.829999923706055,754700,0.0,0.0
2022-08-05 00:00:00-04:00,10.609999656677246,11.65999984741211,10.399999618530273,11.65999984741211,928100,0.0,0.0
2022-08-08 00:00:00-04:00,11.600000381469727,11.864999771118164,11.25,11.449999809265137,882500,0.0,0.0
2022-08-09 00:00:00-04:00,10.90999984741211,11.25,10.550000190734863,10.800000190734863,855300,0.0,0.0
2022-08-10 00:00:00-04:00,11.130000114440918,11.670000076293945,11.045000076293945,11.670000076293945,742000,0.0,0.0
2022-08-11 00:00:00-04:00,11.670000076293945,11.960000038146973,10.960000038146973,10.989999771118164,793800,0.0,0.0
2022-08-12 00:00:00-04:00,11.109999656677246,11.649999618530273,11.109999656677246,11.649999618530273,683900,0.0,0.0
2022-08-15 00:00:00-04:00,11.640000343322754,11.970000267028809,11.538999557495117,11.869999885559082,599600,0.0,0.0
2022-08-16 00:00:00-04:00,11.75,11.779999732971191,11.09000015258789,11.4399995803833,751700,0.0,0.0
2022-08-17 00:00:00-04:00,11.25,11.489999771118164,10.979999542236328,11.0600004196167,579100,0.0,0.0
2022-08-18 00:00:00-04:00,11.029999732971191,11.140000343322754,10.470000267028809,10.579999923706055,894300,0.0,0.0
2022-08-19 00:00:00-04:00,10.380000114440918,10.430000305175781,9.960000038146973,10.079999923706055,898900,0.0,0.0
2022-08-22 00:00:00-04:00,9.979999542236328,10.279999732971191,9.8100004196167,9.90999984741211,569300,0.0,0.0
2022-08-23 00:00:00-04:00,10.0,10.289999961853027,9.890000343322754,10.15999984741211,676300,0.0,0.0
2022-08-24 00:00:00-04:00,10.130000114440918,10.59000015258789,10.050000190734863,10.239999771118164,707900,0.0,0.0
2022-08-25 00:00:00-04:00,10.369999885559082,10.614999771118164,10.09000015258789,10.569999694824219,591200,0.0,0.0
2022-08-26 00:00:00-04:00,10.5,10.5,9.59000015258789,9.6899995803833,874900,0.0,0.0
2022-08-29 00:00:00-04:00,9.520000457763672,9.989999771118164,9.489999771118164,9.75,522800,0.0,0.0
2022-08-30 00:00:00-04:00,9.989999771118164,10.079999923706055,9.329999923706055,9.529999732971191,667700,0.0,0.0
2022-08-31 00:00:00-04:00,9.699999809265137,9.930000305175781,9.460000038146973,9.59000015258789,770300,0.0,0.0
2022-09-01 00:00:00-04:00,9.510000228881836,9.680000305175781,9.25,9.649999618530273,417800,0.0,0.0
2022-09-02 00:00:00-04:00,9.800000190734863,9.800000190734863,9.1899995803833,9.220000267028809,527300,0.0,0.0
2022-09-06 00:00:00-04:00,9.430000305175781,9.430000305175781,8.930000305175781,8.970000267028809,827000,0.0,0.0
2022-09-07 00:00:00-04:00,9.010000228881836,9.595000267028809,9.010000228881836,9.569999694824219,926400,0.0,0.0
2022-09-08 00:00:00-04:00,9.420000076293945,10.029999732971191,9.34000015258789,9.970000267028809,596000,0.0,0.0
2022-09-09 00:00:00-04:00,10.020000457763672,10.390000343322754,9.9350004196167,10.300000190734863,555300,0.0,0.0
2022-09-12 00:00:00-04:00,10.319999694824219,10.329999923706055,9.8149995803833,9.930000305175781,837400,0.0,0.0
2022-09-13 00:00:00-04:00,9.5,9.739999771118164,9.3100004196167,9.40999984741211,847800,0.0,0.0
2022-09-14 00:00:00-04:00,9.449999809265137,9.869999885559082,9.3100004196167,9.619999885559082,718000,0.0,0.0
2022-09-15 00:00:00-04:00,9.5,9.680000305175781,9.260000228881836,9.510000228881836,595800,0.0,0.0
2022-09-16 00:00:00-04:00,9.34000015258789,9.399999618530273,8.970000267028809,9.25,1177300,0.0,0.0
2022-09-19 00:00:00-04:00,9.130000114440918,9.319999694824219,8.899999618530273,9.079999923706055,651300,0.0,0.0
2022-09-20 00:00:00-04:00,8.979999542236328,9.270000457763672,8.960000038146973,9.199999809265137,709200,0.0,0.0
2022-09-21 00:00:00-04:00,9.579999923706055,9.680000305175781,9.164999961853027,9.199999809265137,861000,0.0,0.0
2022-09-22 00:00:00-04:00,9.119999885559082,9.510000228881836,8.899999618530273,9.34000015258789,789300,0.0,0.0
2022-09-23 00:00:00-04:00,9.279999732971191,9.375,8.90999984741211,9.180000305175781,864300,0.0,0.0
2022-09-26 00:00:00-04:00,9.09000015258789,9.489999771118164,8.869999885559082,8.899999618530273,665800,0.0,0.0
2022-09-27 00:00:00-04:00,9.0600004196167,9.359999656677246,8.930000305175781,9.25,856400,0.0,0.0
2022-09-28 00:00:00-04:00,9.550000190734863,10.600000381469727,9.359999656677246,10.449999809265137,1621400,0.0,0.0
2022-09-29 00:00:00-04:00,10.149999618530273,10.4399995803833,9.649999618530273,9.75,1085400,0.0,0.0
2022-09-30 00:00:00-04:00,9.550000190734863,10.65999984741211,9.550000190734863,10.319999694824219,1047400,0.0,0.0
2022-10-03 00:00:00-04:00,10.59000015258789,10.720000267028809,10.239999771118164,10.489999771118164,819400,0.0,0.0
2022-10-04 00:00:00-04:00,10.680000305175781,10.899999618530273,10.454999923706055,10.890000343322754,872700,0.0,0.0
2022-10-05 00:00:00-04:00,10.699999809265137,10.90999984741211,10.444999694824219,10.8100004196167,551300,0.0,0.0
2022-10-06 00:00:00-04:00,10.710000038146973,11.149999618530273,10.586000442504883,11.029999732971191,641300,0.0,0.0
2022-10-07 00:00:00-04:00,10.859999656677246,11.050000190734863,10.479999542236328,10.510000228881836,803300,0.0,0.0
2022-10-10 00:00:00-04:00,10.40999984741211,10.520000457763672,10.199999809265137,10.329999923706055,531000,0.0,0.0
2022-10-11 00:00:00-04:00,10.300000190734863,11.260000228881836,10.157999992370605,10.869999885559082,928400,0.0,0.0
2022-10-12 00:00:00-04:00,11.0,11.170000076293945,10.390000343322754,10.569999694824219,604800,0.0,0.0
2022-10-13 00:00:00-04:00,10.279999732971191,10.989999771118164,10.0600004196167,10.970000267028809,786800,0.0,0.0
2022-10-14 00:00:00-04:00,10.960000038146973,11.109999656677246,10.529000282287598,10.600000381469727,663400,0.0,0.0
2022-10-17 00:00:00-04:00,11.069999694824219,12.619999885559082,11.0600004196167,12.489999771118164,1957300,0.0,0.0
2022-10-18 00:00:00-04:00,13.0,13.34000015258789,12.211000442504883,12.289999961853027,1484600,0.0,0.0
2022-10-19 00:00:00-04:00,12.130000114440918,12.270000457763672,11.045000076293945,11.199999809265137,1365200,0.0,0.0
2022-10-20 00:00:00-04:00,11.100000381469727,11.479999542236328,11.024999618530273,11.149999618530273,685600,0.0,0.0
2022-10-21 00:00:00-04:00,11.220000267028809,12.020000457763672,11.074999809265137,11.949999809265137,917300,0.0,0.0
2022-10-24 00:00:00-04:00,12.119999885559082,12.119999885559082,11.5,11.770000457763672,824500,0.0,0.0
2022-10-25 00:00:00-04:00,11.890000343322754,12.34000015258789,11.800000190734863,11.869999885559082,740800,0.0,0.0
2022-10-26 00:00:00-04:00,11.75,12.510000228881836,11.699999809265137,11.920000076293945,884700,0.0,0.0
2022-10-27 00:00:00-04:00,12.09000015258789,12.180000305175781,11.5600004196167,11.680000305175781,631000,0.0,0.0
2022-10-28 00:00:00-04:00,11.710000038146973,12.324999809265137,11.510000228881836,12.260000228881836,742300,0.0,0.0
2022-10-31 00:00:00-04:00,12.220000267028809,12.4350004196167,12.0600004196167,12.170000076293945,634000,0.0,0.0
2022-11-01 00:00:00-04:00,12.34000015258789,12.569999694824219,12.09000015258789,12.399999618530273,685300,0.0,0.0
2022-11-02 00:00:00-04:00,12.399999618530273,12.739999771118164,11.760000228881836,11.779999732971191,770600,0.0,0.0
2022-11-03 00:00:00-04:00,11.65999984741211,12.010000228881836,11.53600025177002,11.720000267028809,533900,0.0,0.0
2022-11-04 00:00:00-04:00,11.850000381469727,11.850000381469727,11.130000114440918,11.729999542236328,795800,0.0,0.0
2022-11-07 00:00:00-05:00,11.859999656677246,11.989999771118164,11.420000076293945,11.489999771118164,675700,0.0,0.0
2022-11-08 00:00:00-05:00,11.550000190734863,12.479999542236328,11.489999771118164,12.170000076293945,873800,0.0,0.0
2022-11-09 00:00:00-05:00,12.0,12.289999961853027,11.75,11.789999961853027,827500,0.0,0.0
2022-11-10 00:00:00-05:00,12.300000190734863,13.550000190734863,12.270999908447266,13.399999618530273,1780100,0.0,0.0
2022-11-11 00:00:00-05:00,13.5,14.727999687194824,13.5,14.430000305175781,1356100,0.0,0.0
2022-11-14 00:00:00-05:00,14.600000381469727,15.239999771118164,14.079999923706055,14.109999656677246,1561700,0.0,0.0
2022-11-15 00:00:00-05:00,14.510000228881836,14.67199993133545,13.970000267028809,14.050000190734863,1025000,0.0,0.0
2022-11-16 00:00:00-05:00,14.220000267028809,14.550000190734863,13.609999656677246,13.770000457763672,935900,0.0,0.0
2022-11-17 00:00:00-05:00,13.59000015258789,13.779999732971191,12.40999984741211,12.789999961853027,1538600,0.0,0.0
2022-11-18 00:00:00-05:00,13.220000267028809,13.25,12.630000114440918,12.680000305175781,873100,0.0,0.0
2022-11-21 00:00:00-05:00,12.680000305175781,12.730999946594238,11.369999885559082,11.430000305175781,1255200,0.0,0.0
2022-11-22 00:00:00-05:00,11.800000190734863,11.800000190734863,10.970000267028809,11.420000076293945,1052800,0.0,0.0
2022-11-23 00:00:00-05:00,11.720000267028809,11.859999656677246,11.09000015258789,11.359999656677246,958200,0.0,0.0
2022-11-25 00:00:00-05:00,11.300000190734863,11.949999809265137,11.25,11.890000343322754,778700,0.0,0.0
2022-11-28 00:00:00-05:00,12.460000038146973,12.489999771118164,8.864999771118164,9.100000381469727,4344800,0.0,0.0
2022-11-29 00:00:00-05:00,9.239999771118164,9.460000038146973,8.770000457763672,8.9399995803833,2155400,0.0,0.0
2022-11-30 00:00:00-05:00,8.960000038146973,9.140000343322754,8.289999961853027,8.819999694824219,4017300,0.0,0.0
2022-12-01 00:00:00-05:00,8.899999618530273,9.569999694824219,8.800000190734863,8.869999885559082,2157500,0.0,0.0
2022-12-02 00:00:00-05:00,12.569999694824219,13.229999542236328,10.65999984741211,12.050000190734863,45682600,0.0,0.0
2022-12-05 00:00:00-05:00,12.029999732971191,12.109999656677246,9.5600004196167,9.579999923706055,8403500,0.0,0.0
2022-12-06 00:00:00-05:00,9.210000038146973,9.210000038146973,8.34000015258789,8.380000114440918,6006800,0.0,0.0
2022-12-07 00:00:00-05:00,8.34000015258789,9.100000381469727,8.3100004196167,8.489999771118164,2737500,0.0,0.0
2022-12-08 00:00:00-05:00,8.5,8.52400016784668,7.949999809265137,8.079999923706055,2636000,0.0,0.0
2022-12-09 00:00:00-05:00,7.989999771118164,8.069999694824219,7.630000114440918,7.650000095367432,2292200,0.0,0.0
2022-12-12 00:00:00-05:00,7.75,8.850000381469727,7.730000019073486,8.670000076293945,3394900,0.0,0.0
2022-12-13 00:00:00-05:00,8.9399995803833,9.048999786376953,8.369999885559082,8.739999771118164,1780900,0.0,0.0
2022-12-14 00:00:00-05:00,8.680000305175781,8.979999542236328,8.5,8.829999923706055,1320000,0.0,0.0
2022-12-15 00:00:00-05:00,8.699999809265137,8.800000190734863,8.300000190734863,8.350000381469727,1533300,0.0,0.0
2022-12-16 00:00:00-05:00,8.270000457763672,8.694999694824219,8.1850004196167,8.640000343322754,3155200,0.0,0.0
2022-12-19 00:00:00-05:00,8.649999618530273,8.6850004196167,8.175000190734863,8.510000228881836,1634800,0.0,0.0
2022-12-20 00:00:00-05:00,8.470000267028809,8.907999992370605,8.359999656677246,8.710000038146973,1094300,0.0,0.0
2022-12-21 00:00:00-05:00,8.680000305175781,8.859999656677246,8.4399995803833,8.609999656677246,1171600,0.0,0.0
2022-12-22 00:00:00-05:00,8.600000381469727,8.6899995803833,8.281000137329102,8.569999694824219,1203500,0.0,0.0
2022-12-23 00:00:00-05:00,8.600000381469727,8.6899995803833,8.220000267028809,8.449999809265137,850500,0.0,0.0
2022-12-27 00:00:00-05:00,8.449999809265137,8.550000190734863,8.130000114440918,8.15999984741211,1206500,0.0,0.0
2022-12-28 00:00:00-05:00,8.109999656677246,8.34000015258789,8.010000228881836,8.1899995803833,1011500,0.0,0.0
2022-12-29 00:00:00-05:00,8.289999961853027,9.279999732971191,8.199999809265137,9.130000114440918,1862800,0.0,0.0
2022-12-30 00:00:00-05:00,9.0,9.260000228881836,8.90999984741211,9.260000228881836,1088600,0.0,0.0
2023-01-03 00:00:00-05:00,9.890000343322754,9.890000343322754,9.319999694824219,9.680000305175781,1769000,0.0,0.0
2023-01-04 00:00:00-05:00,9.739999771118164,10.09000015258789,9.460000038146973,9.970000267028809,1366400,0.0,0.0
2023-01-05 00:00:00-05:00,9.90999984741211,9.970000267028809,9.460000038146973,9.869999885559082,1126900,0.0,0.0
2023-01-06 00:00:00-05:00,10.020000457763672,10.199999809265137,9.680000305175781,10.0,1543800,0.0,0.0
2023-01-09 00:00:00-05:00,10.140000343322754,10.170000076293945,9.569999694824219,9.850000381469727,1121500,0.0,0.0
2023-01-10 00:00:00-05:00,9.829999923706055,10.390000343322754,9.774999618530273,10.390000343322754,1170300,0.0,0.0
2023-01-11 00:00:00-05:00,10.390000343322754,10.819999694824219,10.100000381469727,10.800000190734863,1483100,0.0,0.0
2023-01-12 00:00:00-05:00,10.859999656677246,11.239999771118164,10.380000114440918,11.210000038146973,1923900,0.0,0.0
2023-01-13 00:00:00-05:00,11.050000190734863,11.335000038146973,10.149999618530273,10.579999923706055,2105400,0.0,0.0
2023-01-17 00:00:00-05:00,10.5,10.630000114440918,10.210000038146973,10.460000038146973,1621900,0.0,0.0
2023-01-18 00:00:00-05:00,10.5600004196167,10.75,10.055000305175781,10.130000114440918,1206500,0.0,0.0
2023-01-19 00:00:00-05:00,9.989999771118164,10.239999771118164,9.649999618530273,10.100000381469727,1116600,0.0,0.0
2023-01-20 00:00:00-05:00,10.220000267028809,10.40999984741211,9.979999542236328,10.300000190734863,981700,0.0,0.0
2023-01-23 00:00:00-05:00,10.329999923706055,10.579999923706055,10.130000114440918,10.470000267028809,971000,0.0,0.0
2023-01-24 00:00:00-05:00,10.380000114440918,10.90999984741211,10.222000122070312,10.720000267028809,1157900,0.0,0.0
2023-01-25 00:00:00-05:00,10.520000457763672,10.829999923706055,10.319999694824219,10.789999961853027,872000,0.0,0.0
2023-01-26 00:00:00-05:00,10.90999984741211,10.989999771118164,10.390000343322754,10.520000457763672,596000,0.0,0.0
2023-01-27 00:00:00-05:00,10.520000457763672,10.6899995803833,10.40999984741211,10.5600004196167,615700,0.0,0.0
2023-01-30 00:00:00-05:00,10.739999771118164,10.760000228881836,9.84000015258789,10.050000190734863,1927400,0.0,0.0
2023-01-31 00:00:00-05:00,10.130000114440918,10.890000343322754,10.0600004196167,10.869999885559082,1377300,0.0,0.0
2023-02-01 00:00:00-05:00,10.890000343322754,11.220000267028809,10.569999694824219,10.989999771118164,1188300,0.0,0.0
2023-02-02 00:00:00-05:00,11.09000015258789,11.710000038146973,10.970000267028809,11.369999885559082,1438400,0.0,0.0
2023-02-03 00:00:00-05:00,11.109999656677246,11.59000015258789,11.050000190734863,11.260000228881836,1073000,0.0,0.0
2023-02-06 00:00:00-05:00,11.239999771118164,11.59000015258789,11.109999656677246,11.109999656677246,1313300,0.0,0.0
2023-02-07 00:00:00-05:00,11.0,11.925000190734863,10.779999732971191,11.75,2043100,0.0,0.0
2023-02-08 00:00:00-05:00,11.510000228881836,11.899999618530273,10.92300033569336,10.930000305175781,1419600,0.0,0.0
2023-02-09 00:00:00-05:00,11.039999961853027,11.100000381469727,10.399999618530273,10.40999984741211,1177300,0.0,0.0
2023-02-10 00:00:00-05:00,10.390000343322754,10.630000114440918,10.180000305175781,10.539999961853027,777400,0.0,0.0
2023-02-13 00:00:00-05:00,10.550000190734863,10.670999526977539,10.399999618530273,10.5,727800,0.0,0.0
2023-02-14 00:00:00-05:00,10.430000305175781,10.720000267028809,10.270000457763672,10.600000381469727,917600,0.0,0.0
2023-02-15 00:00:00-05:00,10.479999542236328,10.625,10.28499984741211,10.470000267028809,745500,0.0,0.0
2023-02-16 00:00:00-05:00,10.329999923706055,10.600000381469727,10.25,10.420000076293945,1004800,0.0,0.0
2023-02-17 00:00:00-05:00,10.40999984741211,10.579999923706055,10.25,10.579999923706055,747500,0.0,0.0
2023-02-21 00:00:00-05:00,10.380000114440918,10.449999809265137,9.970000267028809,10.0,1127500,0.0,0.0
2023-02-22 00:00:00-05:00,10.029999732971191,10.220000267028809,9.989999771118164,10.109999656677246,756700,0.0,0.0
2023-02-23 00:00:00-05:00,10.149999618530273,10.180000305175781,9.84000015258789,9.930000305175781,768700,0.0,0.0
2023-02-24 00:00:00-05:00,9.800000190734863,9.829999923706055,9.600000381469727,9.720000267028809,857000,0.0,0.0
2023-02-27 00:00:00-05:00,9.789999961853027,9.859999656677246,9.5649995803833,9.649999618530273,747700,0.0,0.0
2023-02-28 00:00:00-05:00,9.680000305175781,9.819999694824219,9.470000267028809,9.520000457763672,810600,0.0,0.0
2023-03-01 00:00:00-05:00,9.520000457763672,9.734999656677246,9.4399995803833,9.680000305175781,836700,0.0,0.0
2023-03-02 00:00:00-05:00,9.5,9.739999771118164,9.369999885559082,9.670000076293945,745200,0.0,0.0
2023-03-03 00:00:00-05:00,9.770000457763672,10.04800033569336,9.59000015258789,9.930000305175781,866200,0.0,0.0
2023-03-06 00:00:00-05:00,9.960000038146973,10.010000228881836,9.640000343322754,9.869999885559082,816000,0.0,0.0
2023-03-07 00:00:00-05:00,9.880000114440918,10.180000305175781,9.694000244140625,9.829999923706055,880200,0.0,0.0
2023-03-08 00:00:00-05:00,9.770000457763672,10.130000114440918,9.739999771118164,10.109999656677246,905500,0.0,0.0
2023-03-09 00:00:00-05:00,10.149999618530273,10.369999885559082,9.569999694824219,9.680000305175781,1052100,0.0,0.0
2023-03-10 00:00:00-05:00,9.65999984741211,9.65999984741211,8.53499984741211,8.979999542236328,2219000,0.0,0.0
2023-03-13 00:00:00-04:00,8.59000015258789,9.479999542236328,8.59000015258789,9.399999618530273,1829200,0.0,0.0
2023-03-14 00:00:00-04:00,9.630000114440918,9.859999656677246,9.210000038146973,9.529999732971191,1323500,0.0,0.0
2023-03-15 00:00:00-04:00,9.25,9.510000228881836,9.149999618530273,9.359999656677246,1471100,0.0,0.0
2023-03-16 00:00:00-04:00,9.3100004196167,9.720000267028809,9.050000190734863,9.539999961853027,1018400,0.0,0.0
2023-03-17 00:00:00-04:00,9.399999618530273,9.550000190734863,9.210000038146973,9.510000228881836,1908500,0.0,0.0
2023-03-20 00:00:00-04:00,9.489999771118164,9.494999885559082,9.1899995803833,9.260000228881836,916800,0.0,0.0
2023-03-21 00:00:00-04:00,9.34000015258789,9.449999809265137,8.920000076293945,9.100000381469727,1178900,0.0,0.0
2023-03-22 00:00:00-04:00,9.069999694824219,9.069999694824219,8.475000381469727,8.520000457763672,1642300,0.0,0.0
2023-03-23 00:00:00-04:00,8.649999618530273,8.920000076293945,8.380000114440918,8.680000305175781,1203600,0.0,0.0
2023-03-24 00:00:00-04:00,8.600000381469727,8.789999961853027,8.420000076293945,8.720000267028809,1081900,0.0,0.0
2023-03-27 00:00:00-04:00,8.760000228881836,8.800000190734863,8.484999656677246,8.510000228881836,858000,0.0,0.0
2023-03-28 00:00:00-04:00,8.5,8.609999656677246,8.270000457763672,8.319999694824219,785100,0.0,0.0
2023-03-29 00:00:00-04:00,8.510000228881836,8.59000015258789,8.319999694824219,8.5600004196167,1049900,0.0,0.0
2023-03-30 00:00:00-04:00,8.859999656677246,8.979999542236328,8.25,8.319999694824219,2170700,0.0,0.0
2023-03-31 00:00:00-04:00,8.449999809265137,8.699999809265137,8.359999656677246,8.569999694824219,1544300,0.0,0.0
2023-04-03 00:00:00-04:00,8.529999732971191,8.619999885559082,8.359999656677246,8.510000228881836,835800,0.0,0.0
2023-04-04 00:00:00-04:00,8.5,8.51099967956543,7.942999839782715,8.069999694824219,1265100,0.0,0.0
2023-04-05 00:00:00-04:00,7.96999979019165,8.100000381469727,7.795000076293945,7.869999885559082,838300,0.0,0.0
2023-04-06 00:00:00-04:00,7.869999885559082,7.869999885559082,7.684999942779541,7.789999961853027,910700,0.0,0.0
2023-04-10 00:00:00-04:00,7.78000020980835,7.78000020980835,7.440000057220459,7.699999809265137,1250500,0.0,0.0
2023-04-11 00:00:00-04:00,7.699999809265137,7.800000190734863,7.599999904632568,7.670000076293945,801800,0.0,0.0
2023-04-12 00:00:00-04:00,7.75,7.880000114440918,7.590000152587891,7.659999847412109,696600,0.0,0.0
2023-04-13 00:00:00-04:00,7.690000057220459,8.149999618530273,7.690000057220459,8.069999694824219,1391500,0.0,0.0
2023-04-14 00:00:00-04:00,8.020000457763672,8.039999961853027,7.644999980926514,7.880000114440918,866300,0.0,0.0
2023-04-17 00:00:00-04:00,7.949999809265137,8.260000228881836,7.85699987411499,8.130000114440918,1222700,0.0,0.0
2023-04-18 00:00:00-04:00,8.15999984741211,8.15999984741211,7.989999771118164,8.119999885559082,703600,0.0,0.0
2023-04-19 00:00:00-04:00,8.0600004196167,8.279999732971191,8.0,8.1899995803833,605500,0.0,0.0
2023-04-20 00:00:00-04:00,8.149999618530273,8.149999618530273,7.929999828338623,7.96999979019165,857500,0.0,0.0
2023-04-21 00:00:00-04:00,7.96999979019165,8.079999923706055,7.929999828338623,8.029999732971191,642200,0.0,0.0
2023-04-24 00:00:00-04:00,8.010000228881836,8.039999961853027,7.679999828338623,7.849999904632568,621900,0.0,0.0
2023-04-25 00:00:00-04:00,7.809999942779541,7.880000114440918,7.650000095367432,7.769999980926514,697900,0.0,0.0
2023-04-26 00:00:00-04:00,7.760000228881836,8.289999961853027,7.659999847412109,8.239999771118164,1237900,0.0,0.0
2023-04-27 00:00:00-04:00,8.3100004196167,8.369999885559082,8.0600004196167,8.1899995803833,727500,0.0,0.0
2023-04-28 00:00:00-04:00,8.199999809265137,8.229999542236328,8.050000190734863,8.140000343322754,695200,0.0,0.0
2023-05-01 00:00:00-04:00,8.149999618530273,8.270000457763672,7.980000019073486,8.220000267028809,853800,0.0,0.0
2023-05-02 00:00:00-04:00,8.279999732971191,8.390000343322754,7.949999809265137,8.0,994300,0.0,0.0
2023-05-03 00:00:00-04:00,8.050000190734863,8.5,8.029999732971191,8.34000015258789,1268200,0.0,0.0
2023-05-04 00:00:00-04:00,8.319999694824219,8.484999656677246,8.109999656677246,8.399999618530273,798600,0.0,0.0
2023-05-05 00:00:00-04:00,8.5,8.630000114440918,8.40999984741211,8.4399995803833,796300,0.0,0.0
2023-05-08 00:00:00-04:00,8.420000076293945,8.449999809265137,8.199999809265137,8.40999984741211,880200,0.0,0.0
2023-05-09 00:00:00-04:00,8.149999618530273,9.279999732971191,8.020000457763672,9.069999694824219,1230200,0.0,0.0
2023-05-10 00:00:00-04:00,9.319999694824219,9.630000114440918,9.039999961853027,9.359999656677246,1250400,0.0,0.0
2023-05-11 00:00:00-04:00,9.369999885559082,9.449999809265137,9.029999732971191,9.1899995803833,860400,0.0,0.0
2023-05-12 00:00:00-04:00,9.260000228881836,9.319999694824219,8.880000114440918,9.100000381469727,533400,0.0,0.0
2023-05-15 00:00:00-04:00,9.140000343322754,9.65999984741211,9.069999694824219,9.489999771118164,884300,0.0,0.0
2023-05-16 00:00:00-04:00,9.359999656677246,9.380000114440918,8.869999885559082,9.010000228881836,954700,0.0,0.0
2023-05-17 00:00:00-04:00,9.09000015258789,9.510000228881836,8.9399995803833,9.5,800900,0.0,0.0
2023-05-18 00:00:00-04:00,9.5,9.5,9.029999732971191,9.289999961853027,734700,0.0,0.0
2023-05-19 00:00:00-04:00,9.449999809265137,9.529999732971191,9.270000457763672,9.449999809265137,547900,0.0,0.0
2023-05-22 00:00:00-04:00,9.449999809265137,9.59000015258789,9.350000381469727,9.5,665400,0.0,0.0
2023-05-23 00:00:00-04:00,9.4399995803833,9.729000091552734,9.199999809265137,9.260000228881836,957700,0.0,0.0
2023-05-24 00:00:00-04:00,9.170000076293945,9.270000457763672,9.055000305175781,9.210000038146973,762300,0.0,0.0
2023-05-25 00:00:00-04:00,9.220000267028809,9.260000228881836,8.880000114440918,8.960000038146973,711700,0.0,0.0
2023-05-26 00:00:00-04:00,8.970000267028809,9.354999542236328,8.944999694824219,9.319999694824219,960600,0.0,0.0
2023-05-30 00:00:00-04:00,9.449999809265137,9.5,9.069999694824219,9.180000305175781,651100,0.0,0.0
2023-05-31 00:00:00-04:00,9.180000305175781,9.470000267028809,9.0,9.239999771118164,684000,0.0,0.0
2023-06-01 00:00:00-04:00,9.220000267028809,9.34000015258789,9.050000190734863,9.100000381469727,653800,0.0,0.0
2023-06-02 00:00:00-04:00,9.170000076293945,9.239999771118164,8.914999961853027,9.140000343322754,811400,0.0,0.0
2023-06-05 00:00:00-04:00,9.050000190734863,9.229999542236328,9.029999732971191,9.069999694824219,702300,0.0,0.0
2023-06-06 00:00:00-04:00,9.109999656677246,9.21500015258789,8.9399995803833,9.109999656677246,715500,0.0,0.0
2023-06-07 00:00:00-04:00,9.069999694824219,9.470000267028809,9.013999938964844,9.380000114440918,920600,0.0,0.0
2023-06-08 00:00:00-04:00,9.390000343322754,9.5,9.119999885559082,9.239999771118164,892700,0.0,0.0
2023-06-09 00:00:00-04:00,9.279999732971191,10.170000076293945,8.90999984741211,9.149999618530273,3978400,0.0,0.0
2023-06-12 00:00:00-04:00,9.199999809265137,9.359999656677246,8.489999771118164,8.654999732971191,1656100,0.0,0.0
2023-06-13 00:00:00-04:00,8.75,8.989999771118164,8.510000228881836,8.829999923706055,884500,0.0,0.0
2023-06-14 00:00:00-04:00,8.850000381469727,8.9350004196167,8.59000015258789,8.75,796100,0.0,0.0
2023-06-15 00:00:00-04:00,8.760000228881836,8.9399995803833,8.579999923706055,8.829999923706055,849100,0.0,0.0
2023-06-16 00:00:00-04:00,8.949999809265137,8.960000038146973,8.40999984741211,8.569999694824219,4097300,0.0,0.0
2023-06-20 00:00:00-04:00,8.529999732971191,8.579999923706055,8.300000190734863,8.40999984741211,963600,0.0,0.0
2023-06-21 00:00:00-04:00,8.359999656677246,8.619999885559082,8.220000267028809,8.520000457763672,608500,0.0,0.0
2023-06-22 00:00:00-04:00,8.460000038146973,8.460000038146973,8.260000228881836,8.300000190734863,590500,0.0,0.0
2023-06-23 00:00:00-04:00,8.25,8.25,8.079999923706055,8.15999984741211,966300,0.0,0.0
2023-06-26 00:00:00-04:00,8.119999885559082,8.279999732971191,8.0,8.199999809265137,704700,0.0,0.0
2023-06-27 00:00:00-04:00,8.199999809265137,8.220000267028809,8.010000228881836,8.079999923706055,688100,0.0,0.0
2023-06-28 00:00:00-04:00,8.09000015258789,8.09000015258789,7.869999885559082,7.980000019073486,1317500,0.0,0.0
2023-06-29 00:00:00-04:00,7.980000019073486,8.199999809265137,7.869999885559082,7.909999847412109,874300,0.0,0.0
2023-06-30 00:00:00-04:00,8.010000228881836,8.180000305175781,7.900000095367432,8.130000114440918,710700,0.0,0.0
2023-07-03 00:00:00-04:00,8.130000114440918,8.180999755859375,7.925000190734863,8.010000228881836,570300,0.0,0.0
2023-07-05 00:00:00-04:00,8.010000228881836,8.029999732971191,7.800000190734863,7.949999809265137,755500,0.0,0.0
2023-07-06 00:00:00-04:00,7.880000114440918,7.918000221252441,7.730000019073486,7.880000114440918,645200,0.0,0.0
2023-07-07 00:00:00-04:00,7.909999847412109,8.180000305175781,7.900000095367432,8.15999984741211,631600,0.0,0.0
2023-07-10 00:00:00-04:00,8.140000343322754,8.680000305175781,8.130000114440918,8.65999984741211,1057400,0.0,0.0
2023-07-11 00:00:00-04:00,8.630000114440918,8.739999771118164,8.484999656677246,8.609999656677246,537600,0.0,0.0
2023-07-12 00:00:00-04:00,8.710000038146973,8.710000038146973,8.4399995803833,8.550000190734863,548300,0.0,0.0
2023-07-13 00:00:00-04:00,8.569999694824219,8.619999885559082,8.430000305175781,8.449999809265137,398100,0.0,0.0
2023-07-14 00:00:00-04:00,8.460000038146973,8.539999961853027,8.34000015258789,8.420000076293945,484500,0.0,0.0
2023-07-17 00:00:00-04:00,8.40999984741211,8.5600004196167,8.270000457763672,8.369999885559082,1006900,0.0,0.0
2023-07-18 00:00:00-04:00,8.399999618530273,8.569999694824219,8.364999771118164,8.380000114440918,426900,0.0,0.0
2023-07-19 00:00:00-04:00,8.380000114440918,8.489999771118164,8.291999816894531,8.329999923706055,426000,0.0,0.0
2023-07-20 00:00:00-04:00,8.25,8.289999961853027,7.991000175476074,8.0,555300,0.0,0.0
2023-07-21 00:00:00-04:00,8.079999923706055,8.170000076293945,7.920000076293945,8.109999656677246,778000,0.0,0.0
2023-07-24 00:00:00-04:00,7.909999847412109,8.210000038146973,7.909999847412109,8.170000076293945,718600,0.0,0.0
2023-07-25 00:00:00-04:00,8.140000343322754,8.220000267028809,7.929999828338623,8.020000457763672,547500,0.0,0.0
2023-07-26 00:00:00-04:00,8.029999732971191,8.100000381469727,7.949999809265137,7.989999771118164,481500,0.0,0.0
2023-07-27 00:00:00-04:00,8.039999961853027,8.0600004196167,7.619999885559082,7.659999847412109,1040500,0.0,0.0
2023-07-28 00:00:00-04:00,7.699999809265137,7.949999809265137,7.659999847412109,7.929999828338623,675300,0.0,0.0
2023-07-31 00:00:00-04:00,7.940000057220459,8.270000457763672,7.934999942779541,8.25,745900,0.0,0.0
2023-08-01 00:00:00-04:00,8.210000038146973,8.229999542236328,7.96999979019165,8.149999618530273,683000,0.0,0.0
2023-08-02 00:00:00-04:00,8.039999961853027,8.3100004196167,7.965000152587891,8.220000267028809,624500,0.0,0.0
2023-08-03 00:00:00-04:00,8.15999984741211,8.359999656677246,8.100000381469727,8.300000190734863,666200,0.0,0.0
2023-08-04 00:00:00-04:00,8.300000190734863,8.5,8.1899995803833,8.220000267028809,650800,0.0,0.0
2023-08-07 00:00:00-04:00,8.180000305175781,8.210000038146973,7.630000114440918,7.679999828338623,1072500,0.0,0.0
2023-08-08 00:00:00-04:00,8.0,8.069999694824219,7.580999851226807,8.029999732971191,1131200,0.0,0.0
2023-08-09 00:00:00-04:00,8.130000114440918,9.460000038146973,8.079999923706055,9.369999885559082,3091300,0.0,0.0
2023-08-10 00:00:00-04:00,9.300000190734863,9.890000343322754,8.9399995803833,9.050000190734863,1983000,0.0,0.0
2023-08-11 00:00:00-04:00,8.9399995803833,9.010000228881836,8.680000305175781,8.819999694824219,571300,0.0,0.0
2023-08-14 00:00:00-04:00,8.75,9.149999618530273,8.609999656677246,9.149999618530273,710400,0.0,0.0
2023-08-15 00:00:00-04:00,9.0600004196167,9.069999694824219,8.6899995803833,8.9399995803833,677100,0.0,0.0
2023-08-16 00:00:00-04:00,8.880000114440918,8.885000228881836,8.619999885559082,8.619999885559082,667400,0.0,0.0
2023-08-17 00:00:00-04:00,8.600000381469727,8.75,8.100000381469727,8.119999885559082,961700,0.0,0.0
2023-08-18 00:00:00-04:00,8.010000228881836,8.329999923706055,7.96999979019165,8.15999984741211,467800,0.0,0.0
2023-08-21 00:00:00-04:00,8.15999984741211,8.319999694824219,8.010000228881836,8.170000076293945,614100,0.0,0.0
2023-08-22 00:00:00-04:00,8.210000038146973,8.279999732971191,8.010000228881836,8.140000343322754,492200,0.0,0.0
2023-08-23 00:00:00-04:00,8.180000305175781,8.229999542236328,8.0,8.020000457763672,400200,0.0,0.0
2023-08-24 00:00:00-04:00,8.029999732971191,8.079999923706055,7.59499979019165,7.75,1000700,0.0,0.0
2023-08-25 00:00:00-04:00,7.860000133514404,8.079999923706055,7.763000011444092,8.039999961853027,603400,0.0,0.0
2023-08-28 00:00:00-04:00,8.069999694824219,8.149999618530273,7.874000072479248,7.929999828338623,409000,0.0,0.0
2023-08-29 00:00:00-04:00,7.909999847412109,7.980000019073486,7.764999866485596,7.949999809265137,598800,0.0,0.0
2023-08-30 00:00:00-04:00,7.940000057220459,8.020000457763672,7.822000026702881,7.920000076293945,536300,0.0,0.0
2023-08-31 00:00:00-04:00,7.900000095367432,8.020000457763672,7.800000190734863,7.900000095367432,715000,0.0,0.0
2023-09-01 00:00:00-04:00,7.920000076293945,8.09000015258789,7.875,7.940000057220459,574100,0.0,0.0
2023-09-05 00:00:00-04:00,7.920000076293945,8.020000457763672,7.800000190734863,7.869999885559082,573900,0.0,0.0
2023-09-06 00:00:00-04:00,7.840000152587891,7.889999866485596,7.710000038146973,7.809999942779541,672600,0.0,0.0
2023-09-07 00:00:00-04:00,7.75,7.829999923706055,7.679999828338623,7.710000038146973,798300,0.0,0.0
2023-09-08 00:00:00-04:00,7.71999979019165,7.880000114440918,7.639999866485596,7.869999885559082,653400,0.0,0.0
2023-09-11 00:00:00-04:00,7.869999885559082,7.900000095367432,7.650000095367432,7.75,626900,0.0,0.0
2023-09-12 00:00:00-04:00,7.75,7.849999904632568,7.670000076293945,7.75,656500,0.0,0.0
2023-09-13 00:00:00-04:00,7.730000019073486,8.020000457763672,7.639999866485596,7.659999847412109,738400,0.0,0.0
2023-09-14 00:00:00-04:00,7.980000019073486,8.390000343322754,7.570000171661377,7.949999809265137,2770300,0.0,0.0
2023-09-15 00:00:00-04:00,8.0,8.029999732971191,7.550000190734863,7.570000171661377,2941000,0.0,0.0
2023-09-18 00:00:00-04:00,7.789999961853027,7.840000152587891,7.065000057220459,7.130000114440918,1660100,0.0,0.0
2023-09-19 00:00:00-04:00,7.119999885559082,7.130000114440918,6.809999942779541,7.119999885559082,1119300,0.0,0.0
2023-09-20 00:00:00-04:00,7.119999885559082,7.920000076293945,7.070000171661377,7.239999771118164,1467100,0.0,0.0
2023-09-21 00:00:00-04:00,7.130000114440918,7.199999809265137,6.860000133514404,6.96999979019165,768800,0.0,0.0
2023-09-22 00:00:00-04:00,7.0,7.0,6.840000152587891,6.889999866485596,668700,0.0,0.0
2023-09-25 00:00:00-04:00,6.849999904632568,6.909999847412109,6.75,6.789999961853027,548900,0.0,0.0
2023-09-26 00:00:00-04:00,6.739999771118164,7.039999961853027,6.739999771118164,6.800000190734863,606100,0.0,0.0
2023-09-27 00:00:00-04:00,6.829999923706055,6.949999809265137,6.664999961853027,6.809999942779541,548000,0.0,0.0
2023-09-28 00:00:00-04:00,6.809999942779541,6.820000171661377,6.599999904632568,6.71999979019165,607700,0.0,0.0
2023-09-29 00:00:00-04:00,6.809999942779541,6.849999904632568,6.514999866485596,6.550000190734863,898100,0.0,0.0
2023-10-02 00:00:00-04:00,6.570000171661377,6.630000114440918,6.289999961853027,6.360000133514404,828400,0.0,0.0
2023-10-03 00:00:00-04:00,6.300000190734863,6.324999809265137,6.09499979019165,6.260000228881836,836700,0.0,0.0
2023-10-04 00:00:00-04:00,6.230000019073486,6.394999980926514,6.170000076293945,6.349999904632568,693200,0.0,0.0
2023-10-05 00:00:00-04:00,6.340000152587891,6.489999771118164,6.295000076293945,6.409999847412109,618500,0.0,0.0
2023-10-06 00:00:00-04:00,6.360000133514404,6.389999866485596,6.110000133514404,6.139999866485596,699000,0.0,0.0
2023-10-09 00:00:00-04:00,6.059999942779541,6.139999866485596,5.974999904632568,6.139999866485596,655900,0.0,0.0
2023-10-10 00:00:00-04:00,6.090000152587891,6.375,5.920000076293945,6.320000171661377,745700,0.0,0.0
2023-10-11 00:00:00-04:00,6.329999923706055,6.429999828338623,6.144999980926514,6.190000057220459,496400,0.0,0.0
2023-10-12 00:00:00-04:00,6.190000057220459,6.25,5.840000152587891,5.889999866485596,900000,0.0,0.0
2023-10-13 00:00:00-04:00,5.889999866485596,6.21999979019165,5.800000190734863,6.050000190734863,790500,0.0,0.0
2023-10-16 00:00:00-04:00,6.050000190734863,6.130000114440918,5.913000106811523,6.059999942779541,490600,0.0,0.0
2023-10-17 00:00:00-04:00,6.019999980926514,6.190000057220459,5.989999771118164,5.989999771118164,597600,0.0,0.0
2023-10-18 00:00:00-04:00,5.940000057220459,5.949999809265137,5.610000133514404,5.650000095367432,657500,0.0,0.0
2023-10-19 00:00:00-04:00,5.659999847412109,5.690000057220459,5.53000020980835,5.590000152587891,556900,0.0,0.0
2023-10-20 00:00:00-04:00,5.610000133514404,5.659999847412109,5.159999847412109,5.199999809265137,1600600,0.0,0.0
2023-10-23 00:00:00-04:00,5.139999866485596,5.239999771118164,4.900000095367432,5.039999961853027,1261700,0.0,0.0
2023-10-24 00:00:00-04:00,5.150000095367432,5.360000133514404,4.980000019073486,5.130000114440918,1281700,0.0,0.0
2023-10-25 00:00:00-04:00,5.170000076293945,5.699999809265137,5.039999961853027,5.590000152587891,1747400,0.0,0.0
2023-10-26 00:00:00-04:00,5.619999885559082,5.909999847412109,5.480000019073486,5.619999885559082,1107400,0.0,0.0
2023-10-27 00:00:00-04:00,5.650000095367432,5.78000020980835,5.175000190734863,5.199999809265137,1014000,0.0,0.0
2023-10-30 00:00:00-04:00,5.190000057220459,5.550000190734863,5.190000057220459,5.5,722700,0.0,0.0
2023-10-31 00:00:00-04:00,5.449999809265137,5.644999980926514,5.320000171661377,5.579999923706055,744200,0.0,0.0
2023-11-01 00:00:00-04:00,5.570000171661377,5.690000057220459,5.454999923706055,5.619999885559082,620400,0.0,0.0
2023-11-02 00:00:00-04:00,5.619999885559082,5.78000020980835,5.525000095367432,5.690000057220459,891200,0.0,0.0
2023-11-03 00:00:00-04:00,5.710000038146973,6.179999828338623,5.599999904632568,6.039999961853027,1255000,0.0,0.0
2023-11-06 00:00:00-05:00,6.019999980926514,6.139999866485596,5.840000152587891,5.929999828338623,773800,0.0,0.0
2023-11-07 00:00:00-05:00,5.96999979019165,6.230000019073486,5.869999885559082,6.210000038146973,1360600,0.0,0.0
2023-11-08 00:00:00-05:00,6.210000038146973,6.269999980926514,5.869999885559082,5.96999979019165,1150700,0.0,0.0
2023-11-09 00:00:00-05:00,5.980000019073486,6.010000228881836,5.650000095367432,5.710000038146973,1210700,0.0,0.0
2023-11-10 00:00:00-05:00,5.800000190734863,5.829999923706055,5.550000190734863,5.739999771118164,733200,0.0,0.0
2023-11-13 00:00:00-05:00,5.630000114440918,5.769999980926514,5.46999979019165,5.75,712200,0.0,0.0
2023-11-14 00:00:00-05:00,6.039999961853027,6.239999771118164,5.980000019073486,6.21999979019165,1182900,0.0,0.0
2023-11-15 00:00:00-05:00,6.25,6.539999961853027,6.170000076293945,6.179999828338623,947000,0.0,0.0
2023-11-16 00:00:00-05:00,6.21999979019165,6.21999979019165,5.875,6.010000228881836,866100,0.0,0.0
2023-11-17 00:00:00-05:00,6.090000152587891,6.329999923706055,6.011000156402588,6.269999980926514,759800,0.0,0.0
2023-11-20 00:00:00-05:00,7.0,7.074999809265137,6.619999885559082,7.0,2152700,0.0,0.0
2023-11-21 00:00:00-05:00,7.0,7.539999961853027,6.699999809265137,6.71999979019165,2402900,0.0,0.0
2023-11-22 00:00:00-05:00,6.760000228881836,6.88700008392334,6.534999847412109,6.699999809265137,948200,0.0,0.0
2023-11-24 00:00:00-05:00,6.849999904632568,7.249000072479248,6.809999942779541,7.070000171661377,676600,0.0,0.0
2023-11-27 00:00:00-05:00,6.849999904632568,7.0,6.179999828338623,6.360000133514404,2263000,0.0,0.0
2023-11-28 00:00:00-05:00,6.53000020980835,6.860000133514404,6.289999961853027,6.78000020980835,860400,0.0,0.0
2023-11-29 00:00:00-05:00,6.880000114440918,7.230000019073486,6.829999923706055,7.090000152587891,1148600,0.0,0.0
2023-11-30 00:00:00-05:00,7.269999980926514,7.420000076293945,7.072000026702881,7.210000038146973,1182400,0.0,0.0
2023-12-01 00:00:00-05:00,7.150000095367432,7.619999885559082,7.010000228881836,7.570000171661377,1070500,0.0,0.0
2023-12-04 00:00:00-05:00,7.610000133514404,8.319999694824219,7.579999923706055,8.199999809265137,1337000,0.0,0.0
2023-12-05 00:00:00-05:00,8.149999618530273,8.170000076293945,7.929999828338623,7.949999809265137,965600,0.0,0.0
2023-12-06 00:00:00-05:00,8.09000015258789,8.1899995803833,7.914999961853027,8.010000228881836,834600,0.0,0.0
2023-12-07 00:00:00-05:00,8.020000457763672,8.1899995803833,7.920000076293945,8.130000114440918,815000,0.0,0.0
2023-12-08 00:00:00-05:00,8.119999885559082,8.239999771118164,7.929999828338623,7.960000038146973,694700,0.0,0.0
2023-12-11 00:00:00-05:00,8.010000228881836,8.020000457763672,7.659999847412109,7.909999847412109,711900,0.0,0.0
2023-12-12 00:00:00-05:00,7.849999904632568,8.029999732971191,7.789999961853027,7.889999866485596,851800,0.0,0.0
2023-12-13 00:00:00-05:00,7.900000095367432,8.449999809265137,7.840000152587891,8.449999809265137,1138600,0.0,0.0
2023-12-14 00:00:00-05:00,8.600000381469727,8.899999618530273,8.600000381469727,8.779999732971191,1331200,0.0,0.0
2023-12-15 00:00:00-05:00,8.869999885559082,9.0,8.6899995803833,8.84000015258789,1813200,0.0,0.0
2023-12-18 00:00:00-05:00,8.949999809265137,9.130000114440918,8.699000358581543,8.789999961853027,1007700,0.0,0.0
2023-12-19 00:00:00-05:00,9.0,10.449999809265137,8.930999755859375,9.949999809265137,4297200,0.0,0.0
2023-12-20 00:00:00-05:00,9.949999809265137,10.210000038146973,8.75,8.850000381469727,2575000,0.0,0.0
2023-12-21 00:00:00-05:00,9.324999809265137,9.340999603271484,8.5,8.75,1977500,0.0,0.0
2023-12-22 00:00:00-05:00,8.829999923706055,9.399999618530273,8.800000190734863,8.949999809265137,1268000,0.0,0.0
2023-12-26 00:00:00-05:00,9.079999923706055,9.479999542236328,8.9399995803833,9.380000114440918,1240500,0.0,0.0
2023-12-27 00:00:00-05:00,9.420000076293945,9.90999984741211,9.359999656677246,9.90999984741211,1380100,0.0,0.0
2023-12-28 00:00:00-05:00,9.90999984741211,10.065999984741211,9.4399995803833,9.600000381469727,1269300,0.0,0.0
2023-12-29 00:00:00-05:00,9.579999923706055,9.579999923706055,9.260000228881836,9.3100004196167,1014600,0.0,0.0
2024-01-02 00:00:00-05:00,5.900000095367432,6.949999809265137,5.789999961853027,6.045000076293945,9264800,0.0,0.0
2024-01-03 00:00:00-05:00,6.090000152587891,6.932000160217285,6.0,6.53000020980835,3363000,0.0,0.0
2024-01-04 00:00:00-05:00,6.590000152587891,6.849999904632568,6.210000038146973,6.289999961853027,2533200,0.0,0.0
2024-01-05 00:00:00-05:00,6.150000095367432,6.179999828338623,5.940000057220459,6.010000228881836,2444200,0.0,0.0
2024-01-08 00:00:00-05:00,5.940000057220459,6.559999942779541,5.829999923706055,6.559999942779541,2041900,0.0,0.0
2024-01-09 00:00:00-05:00,6.460000038146973,6.534999847412109,6.340000152587891,6.409999847412109,1115000,0.0,0.0
2024-01-10 00:00:00-05:00,6.400000095367432,6.539999961853027,6.190000057220459,6.25,1163200,0.0,0.0
2024-01-11 00:00:00-05:00,6.199999809265137,6.199999809265137,5.949999809265137,6.010000228881836,1565500,0.0,0.0
2024-01-12 00:00:00-05:00,6.03000020980835,6.199999809265137,5.909999847412109,5.989999771118164,1365400,0.0,0.0
2024-01-16 00:00:00-05:00,5.960000038146973,6.011000156402588,5.784999847412109,5.980000019073486,1276500,0.0,0.0
2024-01-17 00:00:00-05:00,5.869999885559082,6.065000057220459,5.75,6.050000190734863,791200,0.0,0.0
2024-01-18 00:00:00-05:00,6.099999904632568,6.099999904632568,5.900000095367432,6.010000228881836,730100,0.0,0.0
2024-01-19 00:00:00-05:00,6.010000228881836,6.099999904632568,5.800000190734863,6.050000190734863,1209900,0.0,0.0
2024-01-22 00:00:00-05:00,6.090000152587891,6.619999885559082,6.090000152587891,6.599999904632568,1334400,0.0,0.0
2024-01-23 00:00:00-05:00,6.699999809265137,6.800000190734863,6.46999979019165,6.599999904632568,738700,0.0,0.0
2024-01-24 00:00:00-05:00,6.730000019073486,6.829999923706055,6.570000171661377,6.579999923706055,849800,0.0,0.0
2024-01-25 00:00:00-05:00,6.579999923706055,6.729000091552734,6.480000019073486,6.639999866485596,771600,0.0,0.0
2024-01-26 00:00:00-05:00,6.730000019073486,6.89900016784668,6.309999942779541,6.329999923706055,1022500,0.0,0.0
2024-01-29 00:00:00-05:00,6.340000152587891,6.818999767303467,6.25,6.75,976900,0.0,0.0
2024-01-30 00:00:00-05:00,6.670000076293945,6.670000076293945,6.289999961853027,6.289999961853027,1027400,0.0,0.0
2024-01-31 00:00:00-05:00,6.269999980926514,6.361000061035156,5.96999979019165,5.96999979019165,1046300,0.0,0.0
2024-02-01 00:00:00-05:00,6.0,6.150000095367432,5.869999885559082,6.150000095367432,810200,0.0,0.0
2024-02-02 00:00:00-05:00,6.039999961853027,6.110000133514404,5.703000068664551,5.730000019073486,1625600,0.0,0.0
2024-02-05 00:00:00-05:00,5.690000057220459,5.710000038146973,5.289999961853027,5.360000133514404,1814300,0.0,0.0
2024-02-06 00:00:00-05:00,5.309999942779541,5.789999961853027,5.300000190734863,5.789999961853027,1580400,0.0,0.0
2024-02-07 00:00:00-05:00,5.940000057220459,6.019999980926514,5.46999979019165,5.590000152587891,1557900,0.0,0.0
2024-02-08 00:00:00-05:00,5.659999847412109,5.800000190734863,5.53000020980835,5.690000057220459,1129300,0.0,0.0
2024-02-09 00:00:00-05:00,5.769999980926514,5.829999923706055,5.650000095367432,5.78000020980835,830600,0.0,0.0
2024-02-12 00:00:00-05:00,5.820000171661377,6.150000095367432,5.810999870300293,6.139999866485596,972900,0.0,0.0
2024-02-13 00:00:00-05:00,5.940000057220459,5.949999809265137,5.519999980926514,5.574999809265137,1175400,0.0,0.0
2024-02-14 00:00:00-05:00,5.679999828338623,5.909999847412109,5.550000190734863,5.840000152587891,706800,0.0,0.0
2024-02-15 00:00:00-05:00,5.880000114440918,5.96999979019165,5.639999866485596,5.829999923706055,861800,0.0,0.0
2024-02-16 00:00:00-05:00,5.739999771118164,5.820000171661377,5.630000114440918,5.670000076293945,786000,0.0,0.0
2024-02-20 00:00:00-05:00,5.599999904632568,5.664999961853027,5.320000171661377,5.360000133514404,1083000,0.0,0.0
2024-02-21 00:00:00-05:00,5.380000114440918,5.440000057220459,5.039999961853027,5.079999923706055,1359800,0.0,0.0
2024-02-22 00:00:00-05:00,5.070000171661377,5.119999885559082,4.949999809265137,5.010000228881836,1862200,0.0,0.0
2024-02-23 00:00:00-05:00,5.0,5.139999866485596,4.869999885559082,4.920000076293945,1612200,0.0,0.0
2024-02-26 00:00:00-05:00,4.949999809265137,5.050000190734863,4.795000076293945,4.980000019073486,1609300,0.0,0.0
2024-02-27 00:00:00-05:00,5.019999980926514,5.369999885559082,4.949999809265137,5.329999923706055,1583900,0.0,0.0
2024-02-28 00:00:00-05:00,5.260000228881836,5.395999908447266,5.210000038146973,5.300000190734863,811500,0.0,0.0
2024-02-29 00:00:00-05:00,5.429999828338623,5.507999897003174,5.114999771118164,5.139999866485596,1002900,0.0,0.0
2024-03-01 00:00:00-05:00,5.190000057220459,5.419000148773193,5.125,5.28000020980835,990100,0.0,0.0
2024-03-04 00:00:00-05:00,5.329999923706055,5.349999904632568,4.985000133514404,5.110000133514404,1003100,0.0,0.0
2024-03-05 00:00:00-05:00,5.050000190734863,5.150000095367432,4.960000038146973,4.980000019073486,913500,0.0,0.0
2024-03-06 00:00:00-05:00,5.079999923706055,5.110000133514404,4.960000038146973,5.019999980926514,1213000,0.0,0.0
2024-03-07 00:00:00-05:00,5.099999904632568,5.340000152587891,5.03000020980835,5.190000057220459,1393900,0.0,0.0
2024-03-08 00:00:00-05:00,5.230000019073486,5.480000019073486,5.2220001220703125,5.449999809265137,1140000,0.0,0.0
2024-03-11 00:00:00-04:00,5.429999828338623,5.514999866485596,5.159999847412109,5.190000057220459,1446300,0.0,0.0
2024-03-12 00:00:00-04:00,5.210000038146973,5.300000190734863,5.079999923706055,5.199999809265137,1151300,0.0,0.0
2024-03-13 00:00:00-04:00,5.269999980926514,5.572999954223633,5.184999942779541,5.380000114440918,1302700,0.0,0.0
2024-03-14 00:00:00-04:00,5.340000152587891,5.360000133514404,5.090000152587891,5.139999866485596,1249400,0.0,0.0
2024-03-15 00:00:00-04:00,5.090000152587891,5.28000020980835,5.079999923706055,5.110000133514404,6456900,0.0,0.0
2024-03-18 00:00:00-04:00,5.110000133514404,5.150000095367432,4.809999942779541,4.820000171661377,1534100,0.0,0.0
2024-03-19 00:00:00-04:00,4.849999904632568,4.920000076293945,4.800000190734863,4.840000152587891,1530200,0.0,0.0
2024-03-20 00:00:00-04:00,4.849999904632568,5.119999885559082,4.820000171661377,5.119999885559082,988600,0.0,0.0
2024-03-21 00:00:00-04:00,5.190000057220459,5.289999961853027,5.099999904632568,5.110000133514404,1097300,0.0,0.0
2024-03-22 00:00:00-04:00,5.050000190734863,5.079999923706055,4.630000114440918,4.659999847412109,1299000,0.0,0.0
2024-03-25 00:00:00-04:00,4.659999847412109,4.710000038146973,4.480000019073486,4.550000190734863,1354600,0.0,0.0
2024-03-26 00:00:00-04:00,4.659999847412109,5.03000020980835,4.614999771118164,4.840000152587891,1343800,0.0,0.0
2024-03-27 00:00:00-04:00,4.909999847412109,5.110000133514404,4.800000190734863,5.059999942779541,932800,0.0,0.0
2024-03-28 00:00:00-04:00,5.010000228881836,5.199999809265137,4.980999946594238,5.090000152587891,978000,0.0,0.0
2024-04-01 00:00:00-04:00,5.079999923706055,5.079999923706055,4.875,5.019999980926514,819500,0.0,0.0
2024-04-02 00:00:00-04:00,4.849999904632568,4.864999771118164,4.514999866485596,4.539999961853027,1470200,0.0,0.0
2024-04-03 00:00:00-04:00,4.519999980926514,4.760000228881836,4.454999923706055,4.619999885559082,1077100,0.0,0.0
2024-04-04 00:00:00-04:00,4.690000057220459,4.702000141143799,4.460000038146973,4.480000019073486,1524900,0.0,0.0
2024-04-05 00:00:00-04:00,4.449999809265137,4.519999980926514,4.340000152587891,4.420000076293945,1116000,0.0,0.0
2024-04-08 00:00:00-04:00,4.449999809265137,4.510000228881836,4.340000152587891,4.389999866485596,862100,0.0,0.0
2024-04-09 00:00:00-04:00,4.400000095367432,4.445000171661377,4.289999961853027,4.389999866485596,975400,0.0,0.0
2024-04-10 00:00:00-04:00,4.230000019073486,4.295000076293945,4.170000076293945,4.289999961853027,1411500,0.0,0.0
2024-04-11 00:00:00-04:00,4.300000190734863,4.5,4.300000190734863,4.449999809265137,803800,0.0,0.0
2024-04-12 00:00:00-04:00,4.409999847412109,4.466000080108643,4.159999847412109,4.295000076293945,1127600,0.0,0.0
2024-04-15 00:00:00-04:00,4.309999942779541,4.363999843597412,4.175000190734863,4.230000019073486,1089900,0.0,0.0
2024-04-16 00:00:00-04:00,4.150000095367432,4.190000057220459,4.059999942779541,4.119999885559082,1252000,0.0,0.0
2024-04-17 00:00:00-04:00,4.199999809265137,4.201000213623047,4.019999980926514,4.070000171661377,1337400,0.0,0.0
2024-04-18 00:00:00-04:00,4.050000190734863,4.079999923706055,3.7899999618530273,3.799999952316284,1659800,0.0,0.0
2024-04-19 00:00:00-04:00,3.759999990463257,3.799999952316284,3.5999999046325684,3.7799999713897705,2084000,0.0,0.0
2024-04-22 00:00:00-04:00,3.8499999046325684,3.8499999046325684,3.640000104904175,3.680000066757202,1358500,0.0,0.0
2024-04-23 00:00:00-04:00,3.690000057220459,3.9100000858306885,3.6700000762939453,3.680000066757202,1365900,0.0,0.0
2024-04-24 00:00:00-04:00,3.7100000381469727,3.799999952316284,3.390000104904175,3.4100000858306885,1955800,0.0,0.0
2024-04-25 00:00:00-04:00,3.380000114440918,3.4649999141693115,3.25,3.390000104904175,1272900,0.0,0.0
2024-04-26 00:00:00-04:00,3.4000000953674316,3.4800000190734863,3.369999885559082,3.440000057220459,950000,0.0,0.0
2024-04-29 00:00:00-04:00,3.4200000762939453,3.744999885559082,3.4100000858306885,3.6500000953674316,1161500,0.0,0.0
2024-04-30 00:00:00-04:00,3.5999999046325684,3.744999885559082,3.5399999618530273,3.6500000953674316,882400,0.0,0.0
2024-05-01 00:00:00-04:00,3.6600000858306885,3.8499999046325684,3.5299999713897705,3.690000057220459,1434800,0.0,0.0
2024-05-02 00:00:00-04:00,3.7300000190734863,3.7699999809265137,3.625,3.759999990463257,743300,0.0,0.0
2024-05-03 00:00:00-04:00,3.890000104904175,3.9800000190734863,3.819999933242798,3.8499999046325684,872300,0.0,0.0
2024-05-06 00:00:00-04:00,3.869999885559082,3.869999885559082,3.759999990463257,3.8399999141693115,673100,0.0,0.0
2024-05-07 00:00:00-04:00,3.859999895095825,3.950000047683716,3.759999990463257,3.8399999141693115,876800,0.0,0.0
2024-05-08 00:00:00-04:00,3.759999990463257,3.7950000762939453,3.6500000953674316,3.7100000381469727,1010000,0.0,0.0
2024-05-09 00:00:00-04:00,3.7200000286102295,3.930000066757202,3.5799999237060547,3.880000114440918,1001700,0.0,0.0
2024-05-10 00:00:00-04:00,3.880000114440918,3.9200000762939453,3.744999885559082,3.809999942779541,887100,0.0,0.0
2024-05-13 00:00:00-04:00,3.8499999046325684,4.260000228881836,3.8499999046325684,3.990000009536743,1105500,0.0,0.0
2024-05-14 00:00:00-04:00,4.039999961853027,4.460000038146973,4.03000020980835,4.309999942779541,1449500,0.0,0.0
2024-05-15 00:00:00-04:00,4.449999809265137,4.589000225067139,4.400000095367432,4.489999771118164,1472700,0.0,0.0
2024-05-16 00:00:00-04:00,4.550000190734863,4.670000076293945,4.434999942779541,4.5,880100,0.0,0.0
2024-05-17 00:00:00-04:00,4.559999942779541,4.659999847412109,4.429999828338623,4.550000190734863,942700,0.0,0.0
2024-05-20 00:00:00-04:00,4.590000152587891,4.593999862670898,4.409999847412109,4.429999828338623,618500,0.0,0.0
2024-05-21 00:00:00-04:00,4.409999847412109,4.4770002365112305,4.300000190734863,4.349999904632568,728900,0.0,0.0
2024-05-22 00:00:00-04:00,4.329999923706055,4.565000057220459,4.300000190734863,4.5,797000,0.0,0.0
2024-05-23 00:00:00-04:00,4.5,4.510000228881836,4.105000019073486,4.170000076293945,1199900,0.0,0.0
2024-05-24 00:00:00-04:00,4.179999828338623,4.210000038146973,3.9549999237060547,4.0,854700,0.0,0.0
2024-05-28 00:00:00-04:00,4.059999942779541,4.090000152587891,3.9800000190734863,4.070000171661377,794700,0.0,0.0
2024-05-29 00:00:00-04:00,4.019999980926514,4.019999980926514,3.890000104904175,3.890000104904175,776400,0.0,0.0
2024-05-30 00:00:00-04:00,3.9700000286102295,4.144999980926514,3.924999952316284,4.139999866485596,841700,0.0,0.0
2024-05-31 00:00:00-04:00,4.170000076293945,4.224999904632568,4.03000020980835,4.059999942779541,3048200,0.0,0.0
2024-06-03 00:00:00-04:00,4.159999847412109,4.210000038146973,3.934999942779541,4.019999980926514,1093500,0.0,0.0
2024-06-04 00:00:00-04:00,4.0,4.210000038146973,3.9800000190734863,4.119999885559082,760300,0.0,0.0
2024-06-05 00:00:00-04:00,4.130000114440918,4.170000076293945,4.065000057220459,4.159999847412109,844900,0.0,0.0
2024-06-06 00:00:00-04:00,4.150000095367432,4.150000095367432,3.9700000286102295,4.03000020980835,792500,0.0,0.0
2024-06-07 00:00:00-04:00,3.9800000190734863,4.070000171661377,3.869999885559082,3.869999885559082,702100,0.0,0.0
2024-06-10 00:00:00-04:00,3.8399999141693115,3.869999885559082,3.690000057220459,3.7899999618530273,1869800,0.0,0.0
2024-06-11 00:00:00-04:00,3.75,3.7750000953674316,3.6549999713897705,3.700000047683716,1608500,0.0,0.0
2024-06-12 00:00:00-04:00,3.819999933242798,4.010000228881836,3.7100000381469727,3.75,1279400,0.0,0.0
2024-06-13 00:00:00-04:00,3.819999933242798,3.8299999237060547,3.6500000953674316,3.7300000190734863,752500,0.0,0.0
2024-06-14 00:00:00-04:00,3.7100000381469727,3.809999942779541,3.509999990463257,3.7699999809265137,1159000,0.0,0.0
2024-06-17 00:00:00-04:00,3.7699999809265137,3.7699999809265137,3.6500000953674316,3.7300000190734863,882300,0.0,0.0
2024-06-18 00:00:00-04:00,3.7200000286102295,3.890000104904175,3.634000062942505,3.880000114440918,930500,0.0,0.0
2024-06-20 00:00:00-04:00,3.8499999046325684,4.039999961853027,3.759999990463257,3.9700000286102295,1173000,0.0,0.0
2024-06-21 00:00:00-04:00,4.019999980926514,4.269999980926514,3.9600000381469727,4.079999923706055,5786200,0.0,0.0
2024-06-24 00:00:00-04:00,4.119999885559082,4.309999942779541,4.099999904632568,4.210000038146973,846000,0.0,0.0
2024-06-25 00:00:00-04:00,4.190000057220459,4.28000020980835,4.010000228881836,4.050000190734863,765600,0.0,0.0
2024-06-26 00:00:00-04:00,4.019999980926514,4.039999961853027,3.805000066757202,3.819999933242798,807000,0.0,0.0
2024-06-27 00:00:00-04:00,3.8399999141693115,4.320000171661377,3.7799999713897705,4.289999961853027,1009900,0.0,0.0
2024-06-28 00:00:00-04:00,4.260000228881836,4.309999942779541,4.130000114440918,4.21999979019165,3069200,0.0,0.0
2024-07-01 00:00:00-04:00,4.21999979019165,4.340000152587891,4.079999923706055,4.110000133514404,640100,0.0,0.0
2024-07-02 00:00:00-04:00,4.099999904632568,4.179999828338623,4.070000171661377,4.130000114440918,560900,0.0,0.0
2024-07-03 00:00:00-04:00,4.150000095367432,4.284999847412109,4.110000133514404,4.119999885559082,339800,0.0,0.0
2024-07-05 00:00:00-04:00,4.099999904632568,4.199999809265137,4.0,4.190000057220459,554900,0.0,0.0
2024-07-08 00:00:00-04:00,4.269999980926514,4.544000148773193,4.239999771118164,4.510000228881836,943800,0.0,0.0
2024-07-09 00:00:00-04:00,4.46999979019165,4.579999923706055,4.440000057220459,4.539999961853027,794500,0.0,0.0
2024-07-10 00:00:00-04:00,4.550000190734863,4.639999866485596,4.519999980926514,4.619999885559082,495100,0.0,0.0
2024-07-11 00:00:00-04:00,4.599999904632568,4.994999885559082,4.599999904632568,4.940000057220459,1214800,0.0,0.0
2024-07-12 00:00:00-04:00,5.050000190734863,5.434999942779541,5.019999980926514,5.389999866485596,1284600,0.0,0.0
2024-07-15 00:00:00-04:00,5.389999866485596,5.880000114440918,5.389999866485596,5.829999923706055,1332200,0.0,0.0
2024-07-16 00:00:00-04:00,5.949999809265137,6.150000095367432,5.710000038146973,5.829999923706055,1698600,0.0,0.0
2024-07-17 00:00:00-04:00,5.699999809265137,5.980000019073486,5.579999923706055,5.920000076293945,923100,0.0,0.0
2024-07-18 00:00:00-04:00,5.949999809265137,6.139999866485596,5.639999866485596,5.710000038146973,952800,0.0,0.0
2024-07-19 00:00:00-04:00,5.710000038146973,5.789999961853027,5.46999979019165,5.480000019073486,692300,0.0,0.0
2024-07-22 00:00:00-04:00,5.659999847412109,5.940000057220459,5.5,5.909999847412109,1037500,0.0,0.0
2024-07-23 00:00:00-04:00,5.880000114440918,6.820000171661377,5.849999904632568,6.579999923706055,2178400,0.0,0.0
2024-07-24 00:00:00-04:00,6.53000020980835,6.78000020980835,6.389999866485596,6.460000038146973,1405100,0.0,0.0
2024-07-25 00:00:00-04:00,6.5,7.090000152587891,6.389999866485596,6.840000152587891,1473600,0.0,0.0
2024-07-26 00:00:00-04:00,7.0,7.239999771118164,6.715000152587891,6.739999771118164,1367500,0.0,0.0
2024-07-29 00:00:00-04:00,7.0,7.489999771118164,6.420000076293945,7.039999961853027,3466000,0.0,0.0
2024-07-30 00:00:00-04:00,6.940000057220459,7.070000171661377,6.150000095367432,6.309999942779541,2016000,0.0,0.0
2024-07-31 00:00:00-04:00,6.21999979019165,6.929999828338623,6.210000038146973,6.795000076293945,1278400,0.0,0.0
2024-08-01 00:00:00-04:00,6.769999980926514,6.78000020980835,6.409999847412109,6.579999923706055,1523900,0.0,0.0
2024-08-02 00:00:00-04:00,6.309999942779541,6.619999885559082,6.159999847412109,6.494999885559082,1265300,0.0,0.0
2024-08-05 00:00:00-04:00,5.809999942779541,6.760000228881836,5.769999980926514,6.449999809265137,1382600,0.0,0.0
2024-08-06 00:00:00-04:00,6.650000095367432,7.099999904632568,6.329999923706055,6.815000057220459,1148100,0.0,0.0
2024-08-07 00:00:00-04:00,7.0,7.159999847412109,6.054999828338623,6.079999923706055,1303000,0.0,0.0
2024-08-08 00:00:00-04:00,6.099999904632568,6.730000019073486,6.099999904632568,6.639999866485596,812300,0.0,0.0
2024-08-09 00:00:00-04:00,6.710000038146973,6.710000038146973,6.230000019073486,6.304999828338623,651900,0.0,0.0
2024-08-12 00:00:00-04:00,6.369999885559082,6.385000228881836,6.079999923706055,6.159999847412109,598100,0.0,0.0
2024-08-13 00:00:00-04:00,6.210000038146973,6.53000020980835,6.199999809265137,6.420000076293945,494600,0.0,0.0
2024-08-14 00:00:00-04:00,6.46999979019165,6.46999979019165,6.125,6.175000190734863,546500,0.0,0.0
2024-08-15 00:00:00-04:00,6.320000171661377,6.460000038146973,6.210000038146973,6.309999942779541,549200,0.0,0.0
2024-08-16 00:00:00-04:00,6.289999961853027,6.360000133514404,5.929999828338623,6.090000152587891,717100,0.0,0.0
2024-08-19 00:00:00-04:00,6.079999923706055,6.300000190734863,5.989999771118164,6.28000020980835,642800,0.0,0.0
2024-08-20 00:00:00-04:00,6.25,6.269999980926514,6.03000020980835,6.130000114440918,369400,0.0,0.0
2024-08-21 00:00:00-04:00,6.190000057220459,6.389999866485596,6.059999942779541,6.349999904632568,802900,0.0,0.0
2024-08-22 00:00:00-04:00,6.360000133514404,6.360000133514404,6.105000019073486,6.130000114440918,467200,0.0,0.0
2024-08-23 00:00:00-04:00,6.170000076293945,6.5,6.150000095367432,6.320000171661377,682300,0.0,0.0
2024-08-26 00:00:00-04:00,6.329999923706055,6.639999866485596,6.269999980926514,6.360000133514404,632700,0.0,0.0
2024-08-27 00:00:00-04:00,6.300000190734863,6.349999904632568,6.070000171661377,6.079999923706055,440500,0.0,0.0
2024-08-28 00:00:00-04:00,6.059999942779541,6.156000137329102,5.840000152587891,5.880000114440918,631800,0.0,0.0
2024-08-29 00:00:00-04:00,5.920000076293945,6.199999809265137,5.909999847412109,5.96999979019165,544000,0.0,0.0
2024-08-30 00:00:00-04:00,6.0,6.019999980926514,5.849999904632568,6.019999980926514,550000,0.0,0.0
2024-09-03 00:00:00-04:00,6.019999980926514,6.059999942779541,5.260000228881836,5.460000038146973,1405300,0.0,0.0
2024-09-04 00:00:00-04:00,5.510000228881836,5.789999961853027,5.440000057220459,5.619999885559082,501600,0.0,0.0
2024-09-05 00:00:00-04:00,5.619999885559082,5.620999813079834,5.449999809265137,5.559999942779541,526100,0.0,0.0
2024-09-06 00:00:00-04:00,5.53000020980835,5.599999904632568,5.090000152587891,5.150000095367432,865900,0.0,0.0
2024-09-09 00:00:00-04:00,5.199999809265137,5.53000020980835,5.125,5.150000095367432,827100,0.0,0.0
2024-09-10 00:00:00-04:00,5.150000095367432,5.195000171661377,4.940000057220459,5.005000114440918,851000,0.0,0.0
2024-09-11 00:00:00-04:00,5.010000228881836,5.139999866485596,4.929999828338623,5.130000114440918,532900,0.0,0.0
2024-09-12 00:00:00-04:00,5.139999866485596,5.239999771118164,5.050000190734863,5.210000038146973,542300,0.0,0.0
2024-09-13 00:00:00-04:00,5.25,5.480000019073486,5.170000076293945,5.309999942779541,912500,0.0,0.0
2024-09-16 00:00:00-04:00,5.360000133514404,5.730000019073486,5.181000232696533,5.699999809265137,928800,0.0,0.0
2024-09-17 00:00:00-04:00,5.760000228881836,5.800000190734863,5.289999961853027,5.460000038146973,1150000,0.0,0.0
2024-09-18 00:00:00-04:00,5.460000038146973,5.728000164031982,5.28000020980835,5.5,735800,0.0,0.0
2024-09-19 00:00:00-04:00,5.670000076293945,5.934999942779541,5.5,5.760000228881836,820100,0.0,0.0
2024-09-20 00:00:00-04:00,5.71999979019165,5.78000020980835,5.460000038146973,5.639999866485596,2003500,0.0,0.0
2024-09-23 00:00:00-04:00,5.659999847412109,5.695000171661377,5.480000019073486,5.489999771118164,498800,0.0,0.0
2024-09-24 00:00:00-04:00,5.53000020980835,5.670000076293945,5.4019999504089355,5.559999942779541,418900,0.0,0.0
2024-09-25 00:00:00-04:00,5.579999923706055,5.679999828338623,5.401000022888184,5.449999809265137,466100,0.0,0.0
2024-09-26 00:00:00-04:00,5.510000228881836,5.710000038146973,5.449999809265137,5.670000076293945,517500,0.0,0.0
2024-09-27 00:00:00-04:00,5.739999771118164,5.789999961853027,5.610000133514404,5.679999828338623,475800,0.0,0.0
2024-09-30 00:00:00-04:00,5.650000095367432,5.880000114440918,5.559999942779541,5.679999828338623,503400,0.0,0.0
2024-10-01 00:00:00-04:00,5.630000114440918,5.670000076293945,5.329999923706055,5.440000057220459,650500,0.0,0.0
2024-10-02 00:00:00-04:00,5.400000095367432,5.690000057220459,5.269999980926514,5.65500020980835,525200,0.0,0.0
2024-10-03 00:00:00-04:00,5.599999904632568,5.75,5.46999979019165,5.599999904632568,492200,0.0,0.0
2024-10-04 00:00:00-04:00,5.650000095367432,5.730000019073486,5.570000171661377,5.59499979019165,405700,0.0,0.0
2024-10-07 00:00:00-04:00,5.599999904632568,5.599999904632568,5.360000133514404,5.369999885559082,345200,0.0,0.0
2024-10-08 00:00:00-04:00,5.340000152587891,5.539999961853027,5.210000038146973,5.239999771118164,620300,0.0,0.0
2024-10-09 00:00:00-04:00,5.210000038146973,5.300000190734863,5.099999904632568,5.130000114440918,600800,0.0,0.0
2024-10-10 00:00:00-04:00,5.059999942779541,5.139999866485596,5.03000020980835,5.110000133514404,406900,0.0,0.0
2024-10-11 00:00:00-04:00,5.110000133514404,5.400000095367432,5.110000133514404,5.380000114440918,498200,0.0,0.0
2024-10-14 00:00:00-04:00,5.360000133514404,5.554999828338623,5.329999923706055,5.409999847412109,489000,0.0,0.0
2024-10-15 00:00:00-04:00,5.409999847412109,5.510000228881836,5.322000026702881,5.389999866485596,380300,0.0,0.0
2024-10-16 00:00:00-04:00,5.400000095367432,5.599999904632568,5.389999866485596,5.525000095367432,536400,0.0,0.0
2024-10-17 00:00:00-04:00,5.650000095367432,5.650000095367432,5.429999828338623,5.505000114440918,467300,0.0,0.0
2024-10-18 00:00:00-04:00,5.519999980926514,5.699999809265137,5.460000038146973,5.650000095367432,440000,0.0,0.0
2024-10-21 00:00:00-04:00,5.630000114440918,5.769999980926514,5.394999980926514,5.449999809265137,758400,0.0,0.0
2024-10-22 00:00:00-04:00,5.400000095367432,5.679999828338623,5.284999847412109,5.639999866485596,645200,0.0,0.0
2024-10-23 00:00:00-04:00,5.590000152587891,5.701000213623047,5.309999942779541,5.389999866485596,701600,0.0,0.0
2024-10-24 00:00:00-04:00,5.400000095367432,5.460000038146973,5.300000190734863,5.329999923706055,443400,0.0,0.0
2024-10-25 00:00:00-04:00,5.380000114440918,5.570000171661377,5.21999979019165,5.239999771118164,615100,0.0,0.0
2024-10-28 00:00:00-04:00,5.289999961853027,5.789999961853027,5.289999961853027,5.78000020980835,699800,0.0,0.0
2024-10-29 00:00:00-04:00,5.739999771118164,5.829999923706055,5.639999866485596,5.715000152587891,504800,0.0,0.0
2024-10-30 00:00:00-04:00,5.659999847412109,5.848999977111816,5.620999813079834,5.710000038146973,313500,0.0,0.0
2024-10-31 00:00:00-04:00,5.880000114440918,7.369999885559082,5.869999885559082,6.619999885559082,5850700,0.0,0.0
2024-11-01 00:00:00-04:00,6.809999942779541,7.070000171661377,6.5,6.835000038146973,2000400,0.0,0.0
2024-11-04 00:00:00-05:00,6.820000171661377,7.440000057220459,6.619999885559082,7.300000190734863,2158200,0.0,0.0
2024-11-05 00:00:00-05:00,7.21999979019165,8.100000381469727,7.190000057220459,7.699999809265137,2123500,0.0,0.0
2024-11-06 00:00:00-05:00,7.849999904632568,8.100000381469727,7.650000095367432,7.789999961853027,1450600,0.0,0.0
2024-11-07 00:00:00-05:00,7.800000190734863,8.079999923706055,7.550000190734863,7.635000228881836,1252500,0.0,0.0
2024-11-08 00:00:00-05:00,7.619999885559082,9.255000114440918,7.590000152587891,9.239999771118164,2945800,0.0,0.0
2024-11-11 00:00:00-05:00,9.699999809265137,10.449999809265137,8.720000267028809,9.149999618530273,2869400,0.0,0.0
2024-11-12 00:00:00-05:00,8.979999542236328,9.597999572753906,8.880000114440918,9.020000457763672,1314300,0.0,0.0
2024-11-13 00:00:00-05:00,9.149999618530273,9.390000343322754,8.880000114440918,8.890000343322754,971500,0.0,0.0
2024-11-14 00:00:00-05:00,8.899999618530273,9.239999771118164,8.0,8.029999732971191,1701700,0.0,0.0
2024-11-15 00:00:00-05:00,8.0,8.060999870300293,7.420000076293945,7.445000171661377,2010900,0.0,0.0
2024-11-18 00:00:00-05:00,7.590000152587891,7.599999904632568,7.179999828338623,7.449999809265137,1449400,0.0,0.0
2024-11-19 00:00:00-05:00,7.570000171661377,8.319999694824219,7.309999942779541,8.239999771118164,1475500,0.0,0.0
2024-11-20 00:00:00-05:00,8.279999732971191,8.479999542236328,8.050000190734863,8.475000381469727,924300,0.0,0.0
2024-11-21 00:00:00-05:00,8.489999771118164,9.390000343322754,8.229999542236328,9.020000457763672,1522500,0.0,0.0
2024-11-22 00:00:00-05:00,9.020000457763672,9.199999809265137,8.600000381469727,9.109999656677246,1975500,0.0,0.0
2024-11-25 00:00:00-05:00,9.520000457763672,9.78600025177002,8.986000061035156,9.130000114440918,1701500,0.0,0.0
2024-11-26 00:00:00-05:00,10.300000190734863,10.350000381469727,8.6899995803833,9.03499984741211,2679700,0.0,0.0
2024-11-27 00:00:00-05:00,9.09000015258789,9.4399995803833,8.880000114440918,9.029999732971191,1428400,0.0,0.0
2024-11-29 00:00:00-05:00,9.100000381469727,9.800000190734863,8.875,9.460000038146973,1250900,0.0,0.0
2024-12-02 00:00:00-05:00,9.510000228881836,10.010000228881836,9.300000190734863,9.319999694824219,1438900,0.0,0.0
2024-12-03 00:00:00-05:00,9.300000190734863,9.388999938964844,8.779999732971191,8.979999542236328,1067200,0.0,0.0
2024-12-04 00:00:00-05:00,8.989999771118164,9.270000457763672,8.770000457763672,9.0600004196167,1101000,0.0,0.0
2024-12-05 00:00:00-05:00,9.020000457763672,9.050000190734863,7.590000152587891,7.599999904632568,2500000,0.0,0.0
2024-12-06 00:00:00-05:00,7.809999942779541,8.380000114440918,7.789999961853027,8.140000343322754,1803700,0.0,0.0
2024-12-09 00:00:00-05:00,8.15999984741211,8.545999526977539,8.039999961853027,8.300000190734863,1075500,0.0,0.0
2024-12-10 00:00:00-05:00,8.270000457763672,8.779999732971191,8.130000114440918,8.380000114440918,1018100,0.0,0.0
2024-12-11 00:00:00-05:00,8.40999984741211,8.449999809265137,8.119999885559082,8.180000305175781,830300,0.0,0.0
2024-12-12 00:00:00-05:00,8.109999656677246,8.350000381469727,7.929999828338623,8.300000190734863,732600,0.0,0.0
2024-12-13 00:00:00-05:00,8.600000381469727,8.800000190734863,8.199999809265137,8.460000038146973,1239600,0.0,0.0
2024-12-16 00:00:00-05:00,8.510000228881836,9.369999885559082,8.279999732971191,9.180000305175781,1543800,0.0,0.0
2024-12-17 00:00:00-05:00,9.180000305175781,9.479999542236328,9.020000457763672,9.210000038146973,1027300,0.0,0.0
2024-12-18 00:00:00-05:00,9.210000038146973,9.399999618530273,8.479999542236328,8.6899995803833,1594700,0.0,0.0
2024-12-19 00:00:00-05:00,8.899999618530273,9.0,8.470000267028809,8.470000267028809,1214300,0.0,0.0
2024-12-20 00:00:00-05:00,8.539999961853027,8.779999732971191,8.260000228881836,8.630000114440918,2514200,0.0,0.0
2024-12-23 00:00:00-05:00,8.920000076293945,11.5,8.920000076293945,11.180000305175781,7407900,0.0,0.0
2024-12-24 00:00:00-05:00,11.520000457763672,12.479999542236328,10.819999694824219,10.869999885559082,2884400,0.0,0.0
2024-12-26 00:00:00-05:00,10.842000007629395,14.440999984741211,10.767000198364258,12.5600004196167,6295000,0.0,0.0
2024-12-27 00:00:00-05:00,13.0,13.3100004196167,11.760000228881836,12.109999656677246,3048600,0.0,0.0
2024-12-30 00:00:00-05:00,11.90999984741211,12.350000381469727,10.90999984741211,11.039999961853027,2789700,0.0,0.0
2024-12-31 00:00:00-05:00,11.050000190734863,11.420000076293945,10.399999618530273,10.739999771118164,2703400,0.0,0.0
2025-01-02 00:00:00-05:00,11.270000457763672,12.460000038146973,10.949999809265137,12.149999618530273,3390500,0.0,0.0
2025-01-03 00:00:00-05:00,12.300000190734863,13.015000343322754,11.979999542236328,12.350000381469727,2328500,0.0,0.0
2025-01-06 00:00:00-05:00,12.65999984741211,13.319999694824219,12.369999885559082,13.109999656677246,2229200,0.0,0.0
2025-01-07 00:00:00-05:00,13.199999809265137,14.25,12.930000305175781,13.460000038146973,2637400,0.0,0.0
2025-01-08 00:00:00-05:00,13.100000381469727,13.130000114440918,11.154999732971191,11.430000305175781,3358000,0.0,0.0
2025-01-10 00:00:00-05:00,11.359999656677246,11.520000457763672,10.779999732971191,11.229999542236328,1800300,0.0,0.0
2025-01-13 00:00:00-05:00,11.020000457763672,11.069999694824219,10.041000366210938,10.550000190734863,2649200,0.0,0.0
2025-01-14 00:00:00-05:00,10.579999923706055,10.890000343322754,10.1850004196167,10.470000267028809,1764500,0.0,0.0
2025-01-15 00:00:00-05:00,10.699999809265137,11.680000305175781,10.609999656677246,11.329999923706055,1592500,0.0,0.0
2025-01-16 00:00:00-05:00,11.359999656677246,11.430000305175781,9.970000267028809,10.149999618530273,2111600,0.0,0.0
2025-01-17 00:00:00-05:00,10.15999984741211,10.204999923706055,8.970000267028809,9.210000038146973,2934800,0.0,0.0
2025-01-21 00:00:00-05:00,9.25,9.850000381469727,9.100000381469727,9.850000381469727,1537200,0.0,0.0
2025-01-22 00:00:00-05:00,9.84000015258789,10.270000457763672,9.6899995803833,9.989999771118164,1173400,0.0,0.0
2025-01-23 00:00:00-05:00,9.9399995803833,10.25,9.76099967956543,10.199999809265137,1144700,0.0,0.0
2025-01-24 00:00:00-05:00,10.199999809265137,10.800000190734863,10.010000228881836,10.489999771118164,931100,0.0,0.0
2025-01-27 00:00:00-05:00,10.170000076293945,10.220000267028809,9.430000305175781,9.819999694824219,1359200,0.0,0.0
2025-01-28 00:00:00-05:00,9.869999885559082,10.020000457763672,9.545000076293945,9.90999984741211,609900,0.0,0.0
2025-01-29 00:00:00-05:00,9.899999618530273,10.050000190734863,9.649999618530273,9.699999809265137,579700,0.0,0.0
2025-01-30 00:00:00-05:00,9.829999923706055,10.029999732971191,9.239999771118164,9.569999694824219,1036200,0.0,0.0
2025-01-31 00:00:00-05:00,9.600000381469727,9.675000190734863,9.069999694824219,9.270000457763672,1513800,0.0,0.0
2025-02-03 00:00:00-05:00,8.989999771118164,9.100000381469727,8.460000038146973,8.640000343322754,1666400,0.0,0.0
2025-02-04 00:00:00-05:00,8.65999984741211,9.085000038146973,8.59000015258789,8.869999885559082,952800,0.0,0.0
2025-02-05 00:00:00-05:00,8.949999809265137,9.029999732971191,8.75,8.9399995803833,830600,0.0,0.0
2025-02-06 00:00:00-05:00,9.0,9.274999618530273,8.6899995803833,8.6899995803833,930000,0.0,0.0
2025-02-07 00:00:00-05:00,8.6899995803833,8.859999656677246,8.446000099182129,8.510000228881836,768600,0.0,0.0
2025-02-10 00:00:00-05:00,8.649999618530273,8.880000114440918,8.449999809265137,8.8100004196167,690400,0.0,0.0
2025-02-11 00:00:00-05:00,8.699999809265137,8.710000038146973,8.270000457763672,8.289999961853027,1076300,0.0,0.0
2025-02-12 00:00:00-05:00,8.050000190734863,8.699999809265137,7.909999847412109,8.699999809265137,1686000,0.0,0.0
2025-02-13 00:00:00-05:00,8.699999809265137,8.852999687194824,8.449999809265137,8.470000267028809,1075600,0.0,0.0
2025-02-14 00:00:00-05:00,8.53499984741211,8.949999809265137,8.449999809265137,8.520000457763672,839100,0.0,0.0
2025-02-18 00:00:00-05:00,8.539999961853027,9.20199966430664,8.520000457763672,8.699999809265137,1202300,0.0,0.0
2025-02-19 00:00:00-05:00,8.680000305175781,8.800000190734863,8.494999885559082,8.720000267028809,690200,0.0,0.0
2025-02-20 00:00:00-05:00,8.720000267028809,8.890000343322754,8.619999885559082,8.680000305175781,717800,0.0,0.0
2025-02-21 00:00:00-05:00,8.859999656677246,8.923999786376953,8.329999923706055,8.350000381469727,1143700,0.0,0.0
2025-02-24 00:00:00-05:00,8.359999656677246,8.5649995803833,8.010000228881836,8.260000228881836,1045600,0.0,0.0
2025-02-25 00:00:00-05:00,8.199999809265137,8.329999923706055,7.960000038146973,7.989999771118164,1285100,0.0,0.0
2025-02-26 00:00:00-05:00,8.09000015258789,8.3100004196167,7.960000038146973,8.069999694824219,712900,0.0,0.0
2025-02-27 00:00:00-05:00,8.149999618530273,8.399999618530273,7.829999923706055,7.849999904632568,746100,0.0,0.0
2025-02-28 00:00:00-05:00,7.800000190734863,8.100000381469727,7.710000038146973,7.909999847412109,2027000,0.0,0.0
2025-03-03 00:00:00-05:00,7.96999979019165,8.720000267028809,7.949999809265137,8.270000457763672,1724200,0.0,0.0
2025-03-04 00:00:00-05:00,8.0,8.569999694824219,7.869999885559082,8.40999984741211,1185200,0.0,0.0
2025-03-05 00:00:00-05:00,8.569999694824219,8.75,8.3100004196167,8.729999542236328,800400,0.0,0.0
2025-03-06 00:00:00-05:00,8.520000457763672,8.930000305175781,8.470000267028809,8.59000015258789,618300,0.0,0.0
2025-03-07 00:00:00-05:00,8.569999694824219,8.859999656677246,8.369999885559082,8.670000076293945,720300,0.0,0.0
2025-03-10 00:00:00-04:00,8.460000038146973,9.248000144958496,8.40999984741211,8.989999771118164,909100,0.0,0.0
2025-03-11 00:00:00-04:00,9.0,9.223999977111816,8.510000228881836,8.979999542236328,1022800,0.0,0.0
2025-03-12 00:00:00-04:00,9.0600004196167,9.25,8.829999923706055,8.899999618530273,954500,0.0,0.0
2025-03-13 00:00:00-04:00,8.850000381469727,9.199999809265137,8.800000190734863,9.0,768000,0.0,0.0
2025-03-14 00:00:00-04:00,9.140000343322754,9.5,9.069999694824219,9.430000305175781,909500,0.0,0.0
2025-03-17 00:00:00-04:00,9.520000457763672,9.569999694824219,9.0,9.199999809265137,902100,0.0,0.0
2025-03-18 00:00:00-04:00,9.100000381469727,9.430000305175781,8.85099983215332,9.3100004196167,803500,0.0,0.0
2025-03-19 00:00:00-04:00,9.3100004196167,9.989999771118164,9.291999816894531,9.84000015258789,762600,0.0,0.0
2025-03-20 00:00:00-04:00,9.84000015258789,10.199999809265137,9.765000343322754,9.930000305175781,1187000,0.0,0.0
2025-03-21 00:00:00-04:00,9.829999923706055,10.027000427246094,9.649999618530273,9.739999771118164,2371600,0.0,0.0
2025-03-24 00:00:00-04:00,9.899999618530273,9.968999862670898,9.300000190734863,9.609999656677246,1005700,0.0,0.0
2025-03-25 00:00:00-04:00,9.579999923706055,9.729999542236328,9.350000381469727,9.5600004196167,1071700,0.0,0.0
2025-03-26 00:00:00-04:00,9.550000190734863,9.869999885559082,9.210000038146973,9.359999656677246,1049300,0.0,0.0
2025-03-27 00:00:00-04:00,9.390000343322754,9.859999656677246,9.239999771118164,9.539999961853027,1016500,0.0,0.0
2025-03-28 00:00:00-04:00,9.470000267028809,9.529999732971191,8.630000114440918,8.720000267028809,1556300,0.0,0.0
2025-03-31 00:00:00-04:00,8.40999984741211,8.850000381469727,8.350000381469727,8.579999923706055,1437700,0.0,0.0
2025-04-01 00:00:00-04:00,8.569999694824219,8.699999809265137,7.894999980926514,8.020000457763672,1715300,0.0,0.0
2025-04-02 00:00:00-04:00,7.829999923706055,8.734999656677246,7.75,8.5600004196167,1234800,0.0,0.0
2025-04-03 00:00:00-04:00,7.940000057220459,8.399999618530273,7.829999923706055,8.300000190734863,1154200,0.0,0.0
2025-04-04 00:00:00-04:00,8.020000457763672,8.390000343322754,7.789999961853027,8.1899995803833,1483700,0.0,0.0
2025-04-07 00:00:00-04:00,7.889999866485596,8.680000305175781,7.820000171661377,8.329999923706055,1939600,0.0,0.0
2025-04-08 00:00:00-04:00,8.529999732971191,8.6899995803833,7.420000076293945,7.599999904632568,1493100,0.0,0.0
2025-04-09 00:00:00-04:00,7.449999809265137,8.720000267028809,7.264999866485596,8.720000267028809,2379200,0.0,0.0
2025-04-10 00:00:00-04:00,8.5,8.760000228881836,8.079999923706055,8.539999961853027,1445500,0.0,0.0
2025-04-11 00:00:00-04:00,8.630000114440918,8.979999542236328,8.40999984741211,8.859999656677246,700100,0.0,0.0
2025-04-14 00:00:00-04:00,9.0,9.069999694824219,8.569999694824219,8.819999694824219,697800,0.0,0.0
2025-04-15 00:00:00-04:00,8.8100004196167,9.164999961853027,8.739999771118164,9.119999885559082,631300,0.0,0.0
2025-04-16 00:00:00-04:00,9.020000457763672,9.09000015258789,8.609999656677246,8.84000015258789,602300,0.0,0.0
2025-04-17 00:00:00-04:00,8.8100004196167,8.989999771118164,8.699999809265137,8.949999809265137,351300,0.0,0.0
2025-04-21 00:00:00-04:00,8.869999885559082,9.234999656677246,8.609999656677246,8.760000228881836,666400,0.0,0.0
2025-04-22 00:00:00-04:00,8.899999618530273,9.239999771118164,8.779999732971191,9.210000038146973,698700,0.0,0.0
2025-04-23 00:00:00-04:00,9.470000267028809,9.800000190734863,9.260000228881836,9.3100004196167,976100,0.0,0.0
2025-04-24 00:00:00-04:00,9.3100004196167,9.581999778747559,9.270000457763672,9.449999809265137,472200,0.0,0.0
2025-04-25 00:00:00-04:00,9.460000038146973,9.654999732971191,9.312000274658203,9.420000076293945,308100,0.0,0.0
2025-04-28 00:00:00-04:00,9.449999809265137,9.720000267028809,9.329999923706055,9.579999923706055,471800,0.0,0.0
2025-04-29 00:00:00-04:00,9.569999694824219,9.670000076293945,9.420000076293945,9.630000114440918,440800,0.0,0.0
2025-04-30 00:00:00-04:00,9.399999618530273,9.690999984741211,9.329999923706055,9.5,639500,0.0,0.0
2025-05-01 00:00:00-04:00,9.399999618530273,9.5,9.25,9.3100004196167,763800,0.0,0.0
2025-05-02 00:00:00-04:00,9.4399995803833,9.585000038146973,9.229999542236328,9.359999656677246,526800,0.0,0.0
2025-05-05 00:00:00-04:00,9.359999656677246,9.479999542236328,8.800000190734863,8.90999984741211,921500,0.0,0.0
2025-05-06 00:00:00-04:00,8.6899995803833,8.789999961853027,8.199999809265137,8.229999542236328,1120800,0.0,0.0
2025-05-07 00:00:00-04:00,8.329999923706055,8.555000305175781,8.274999618530273,8.479999542236328,870100,0.0,0.0
2025-05-08 00:00:00-04:00,8.545000076293945,8.8100004196167,8.300000190734863,8.5600004196167,834300,0.0,0.0
2025-05-09 00:00:00-04:00,8.5,8.678000450134277,8.229999542236328,8.25,811600,0.0,0.0
2025-05-12 00:00:00-04:00,8.520000457763672,8.680000305175781,8.39799976348877,8.550000190734863,735100,0.0,0.0
2025-05-13 00:00:00-04:00,8.630000114440918,8.65999984741211,8.020000457763672,8.119999885559082,1057300,0.0,0.0
2025-05-14 00:00:00-04:00,8.25,8.5600004196167,8.024999618530273,8.170000076293945,894000,0.0,0.0
2025-05-15 00:00:00-04:00,8.229999542236328,8.413000106811523,7.974999904632568,8.369999885559082,690600,0.0,0.0
2025-05-16 00:00:00-04:00,8.4399995803833,8.460000038146973,8.210000038146973,8.319999694824219,656000,0.0,0.0
2025-05-19 00:00:00-04:00,8.199999809265137,8.460000038146973,8.119999885559082,8.4399995803833,631200,0.0,0.0
2025-05-20 00:00:00-04:00,8.40999984741211,8.40999984741211,7.159999847412109,7.53000020980835,3119900,0.0,0.0
2025-05-21 00:00:00-04:00,7.539999961853027,7.809999942779541,7.343999862670898,7.78000020980835,1029300,0.0,0.0
2025-05-22 00:00:00-04:00,7.699999809265137,7.929999828338623,7.572999954223633,7.670000076293945,873500,0.0,0.0
2025-05-23 00:00:00-04:00,7.489999771118164,7.764999866485596,7.489999771118164,7.53000020980835,667100,0.0,0.0
2025-05-27 00:00:00-04:00,7.670000076293945,7.809999942779541,7.260000228881836,7.369999885559082,832600,0.0,0.0
2025-05-28 00:00:00-04:00,7.460000038146973,7.659999847412109,7.269999980926514,7.579999923706055,1105500,0.0,0.0
2025-05-29 00:00:00-04:00,7.670000076293945,7.800000190734863,7.515999794006348,7.630000114440918,748000,0.0,0.0
2025-05-30 00:00:00-04:00,7.5,7.619999885559082,7.309999942779541,7.53000020980835,842300,0.0,0.0
2025-06-02 00:00:00-04:00,7.5,7.739999771118164,7.480000019073486,7.559999942779541,625900,0.0,0.0
2025-06-03 00:00:00-04:00,7.579999923706055,7.869999885559082,7.510000228881836,7.840000152587891,1783800,0.0,0.0
2025-06-04 00:00:00-04:00,7.860000133514404,7.900000095367432,7.65500020980835,7.71999979019165,512000,0.0,0.0
2025-06-05 00:00:00-04:00,7.739999771118164,7.849999904632568,7.6579999923706055,7.78000020980835,581900,0.0,0.0
2025-06-06 00:00:00-04:00,7.800000190734863,8.329999923706055,7.800000190734863,8.270000457763672,1188400,0.0,0.0
2025-06-09 00:00:00-04:00,8.350000381469727,8.40999984741211,7.869999885559082,7.929999828338623,889800,0.0,0.0
2025-06-10 00:00:00-04:00,7.960000038146973,8.25,7.894999980926514,8.119999885559082,458200,0.0,0.0
2025-06-11 00:00:00-04:00,8.220000267028809,8.470000267028809,8.119999885559082,8.199999809265137,536000,0.0,0.0
2025-06-12 00:00:00-04:00,8.050000190734863,8.260000228881836,8.050000190734863,8.220000267028809,307900,0.0,0.0
2025-06-13 00:00:00-04:00,8.050000190734863,8.220000267028809,7.96999979019165,8.029999732971191,441900,0.0,0.0
2025-06-16 00:00:00-04:00,8.180000305175781,8.619999885559082,8.050000190734863,8.609999656677246,889500,0.0,0.0
2025-06-17 00:00:00-04:00,8.510000228881836,8.944999694824219,8.430000305175781,8.920000076293945,759000,0.0,0.0
2025-06-18 00:00:00-04:00,8.90999984741211,9.350000381469727,8.90999984741211,9.029999732971191,848200,0.0,0.0
2025-06-20 00:00:00-04:00,9.170000076293945,9.300000190734863,8.8100004196167,9.09000015258789,1612600,0.0,0.0
2025-06-23 00:00:00-04:00,9.0,9.305000305175781,8.930000305175781,9.300000190734863,678200,0.0,0.0
2025-06-24 00:00:00-04:00,9.399999618530273,9.800000190734863,9.1899995803833,9.5600004196167,1210400,0.0,0.0
2025-06-25 00:00:00-04:00,9.489999771118164,9.524999618530273,9.100000381469727,9.40999984741211,884900,0.0,0.0
2025-06-26 00:00:00-04:00,9.479999542236328,9.600000381469727,9.288000106811523,9.569999694824219,623900,0.0,0.0
2025-06-27 00:00:00-04:00,9.65999984741211,9.779999732971191,9.279999732971191,9.479999542236328,2817400,0.0,0.0
2025-06-30 00:00:00-04:00,9.5,9.531000137329102,9.09000015258789,9.220000267028809,1178300,0.0,0.0
2025-07-01 00:00:00-04:00,9.119999885559082,9.609999656677246,9.074999809265137,9.329999923706055,683100,0.0,0.0
2025-07-02 00:00:00-04:00,9.25,10.755000114440918,9.25,10.569999694824219,1468300,0.0,0.0
2025-07-03 00:00:00-04:00,10.529999732971191,10.989999771118164,10.5,10.789999961853027,800400,0.0,0.0
2025-07-07 00:00:00-04:00,10.829999923706055,11.09000015258789,9.949999809265137,9.989999771118164,1606500,0.0,0.0
2025-07-08 00:00:00-04:00,10.0,10.354999542236328,9.90999984741211,10.1899995803833,673200,0.0,0.0
2025-07-09 00:00:00-04:00,10.380000114440918,10.930000305175781,10.3100004196167,10.760000228881836,729100,0.0,0.0
2025-07-10 00:00:00-04:00,10.75,11.1899995803833,10.640000343322754,11.180000305175781,1102300,0.0,0.0
2025-07-11 00:00:00-04:00,11.180000305175781,11.180000305175781,10.869999885559082,11.109999656677246,882700,0.0,0.0
2025-07-14 00:00:00-04:00,11.010000228881836,11.5600004196167,11.010000228881836,11.479999542236328,1001100,0.0,0.0
2025-07-15 00:00:00-04:00,11.399999618530273,11.454999923706055,10.729999542236328,10.869999885559082,1058800,0.0,0.0
2025-07-16 00:00:00-04:00,10.9399995803833,11.300000190734863,10.729999542236328,11.260000228881836,1170300,0.0,0.0
2025-07-17 00:00:00-04:00,11.199999809265137,11.329999923706055,11.010000228881836,11.0600004196167,584500,0.0,0.0
2025-07-18 00:00:00-04:00,11.199999809265137,11.229999542236328,10.77299976348877,10.979999542236328,763600,0.0,0.0
2025-07-21 00:00:00-04:00,11.0600004196167,11.319999694824219,10.989999771118164,11.15999984741211,614100,0.0,0.0
2025-07-22 00:00:00-04:00,11.180000305175781,11.350000381469727,10.975000381469727,11.170000076293945,882700,0.0,0.0
2025-07-23 00:00:00-04:00,11.210000038146973,13.720000267028809,11.210000038146973,13.40999984741211,2376100,0.0,0.0
2025-07-24 00:00:00-04:00,13.399999618530273,13.989999771118164,12.460000038146973,12.739999771118164,3179600,0.0,0.0
2025-07-25 00:00:00-04:00,12.739999771118164,12.805000305175781,12.069999694824219,12.130000114440918,1274100,0.0,0.0
2025-07-28 00:00:00-04:00,12.020000457763672,12.199999809265137,11.229999542236328,11.569999694824219,2392100,0.0,0.0
2025-07-29 00:00:00-04:00,11.640000343322754,11.670000076293945,11.350000381469727,11.359999656677246,717000,0.0,0.0
2025-07-30 00:00:00-04:00,11.4399995803833,11.625,10.930000305175781,11.170000076293945,759900,0.0,0.0
2025-07-31 00:00:00-04:00,11.149999618530273,12.682999610900879,11.149999618530273,11.300000190734863,1489800,0.0,0.0
2025-08-01 00:00:00-04:00,10.989999771118164,11.244999885559082,10.600000381469727,11.199999809265137,866300,0.0,0.0
2025-08-04 00:00:00-04:00,11.09000015258789,11.425000190734863,10.680000305175781,10.819999694824219,860200,0.0,0.0
2025-08-05 00:00:00-04:00,10.819999694824219,11.170000076293945,10.649999618530273,10.890000343322754,855200,0.0,0.0
2025-08-06 00:00:00-04:00,10.710000038146973,10.989999771118164,10.520000457763672,10.970000267028809,495300,0.0,0.0
2025-08-07 00:00:00-04:00,11.15999984741211,11.649999618530273,10.833999633789062,11.21500015258789,924600,0.0,0.0
2025-08-08 00:00:00-04:00,11.300000190734863,11.399999618530273,10.899999618530273,11.079999923706055,696700,0.0,0.0
2025-08-11 00:00:00-04:00,11.0,11.479999542236328,11.0,11.350000381469727,979400,0.0,0.0
2025-08-12 00:00:00-04:00,11.319999694824219,11.699999809265137,10.5,10.779999732971191,1633500,0.0,0.0
2025-08-13 00:00:00-04:00,10.75,10.982999801635742,10.25,10.5600004196167,1191300,0.0,0.0
2025-08-14 00:00:00-04:00,10.369999885559082,10.640000343322754,9.899999618530273,10.109999656677246,1079500,0.0,0.0
2025-08-15 00:00:00-04:00,10.0,10.25,9.899999618530273,9.944999694824219,950400,0.0,0.0
2025-08-18 00:00:00-04:00,9.899999618530273,10.029999732971191,9.550000190734863,9.59000015258789,790500,0.0,0.0
2025-08-19 00:00:00-04:00,9.680000305175781,9.760000228881836,9.265000343322754,9.4399995803833,1082300,0.0,0.0
2025-08-20 00:00:00-04:00,9.399999618530273,9.720000267028809,9.3100004196167,9.680000305175781,593700,0.0,0.0
2025-08-21 00:00:00-04:00,9.699999809265137,9.729999542236328,9.3100004196167,9.550000190734863,670400,0.0,0.0
2025-08-22 00:00:00-04:00,9.5,9.760000228881836,9.420000076293945,9.529999732971191,750400,0.0,0.0
2025-08-25 00:00:00-04:00,9.510000228881836,9.720000267028809,9.305000305175781,9.399999618530273,658800,0.0,0.0
2025-08-26 00:00:00-04:00,9.390000343322754,9.630000114440918,9.336999893188477,9.529999732971191,908800,0.0,0.0
2025-08-27 00:00:00-04:00,9.369999885559082,9.520000457763672,9.270000457763672,9.449999809265137,871300,0.0,0.0
2025-08-28 00:00:00-04:00,9.380000114440918,9.489999771118164,9.149999618530273,9.220000267028809,780500,0.0,0.0
2025-08-29 00:00:00-04:00,9.199999809265137,9.739999771118164,9.14900016784668,9.640000343322754,883000,0.0,0.0
2025-09-02 00:00:00-04:00,9.539999961853027,9.899999618530273,9.40999984741211,9.479999542236328,950700,0.0,0.0
2025-09-03 00:00:00-04:00,9.739999771118164,9.930000305175781,9.46500015258789,9.510000228881836,1784100,0.0,0.0
2025-09-04 00:00:00-04:00,9.585000038146973,9.585000038146973,9.100000381469727,9.359999656677246,844800,0.0,0.0
2025-09-05 00:00:00-04:00,9.449999809265137,9.510000228881836,9.180000305175781,9.399999618530273,702000,0.0,0.0
2025-09-08 00:00:00-04:00,9.40999984741211,9.479999542236328,9.239999771118164,9.350000381469727,625800,0.0,0.0
2025-09-09 00:00:00-04:00,9.600000381469727,10.399999618530273,9.444999694824219,10.260000228881836,2010800,0.0,0.0
2025-09-10 00:00:00-04:00,10.279999732971191,10.35099983215332,8.819999694824219,8.875,2174600,0.0,0.0
2025-09-11 00:00:00-04:00,9.050000190734863,9.654999732971191,9.0,9.579999923706055,996400,0.0,0.0
2025-09-12 00:00:00-04:00,9.520000457763672,9.6850004196167,9.329999923706055,9.369999885559082,717100,0.0,0.0
2025-09-15 00:00:00-04:00,9.510000228881836,9.5600004196167,8.847999572753906,9.085000038146973,1042000,0.0,0.0
2025-09-16 00:00:00-04:00,9.069999694824219,9.239999771118164,8.949999809265137,8.960000038146973,553100,0.0,0.0
2025-09-17 00:00:00-04:00,8.979999542236328,9.020000457763672,8.75,8.779999732971191,731800,0.0,0.0
2025-09-18 00:00:00-04:00,8.770000457763672,8.930999755859375,8.550000190734863,8.670000076293945,1216700,0.0,0.0
2025-09-19 00:00:00-04:00,8.680000305175781,8.729999542236328,8.369999885559082,8.460000038146973,1916000,0.0,0.0
2025-09-22 00:00:00-04:00,8.479999542236328,8.920000076293945,8.336000442504883,8.739999771118164,1306400,0.0,0.0
2025-09-23 00:00:00-04:00,8.6899995803833,8.880000114440918,8.479999542236328,8.510000228881836,735300,0.0,0.0
2025-09-24 00:00:00-04:00,8.520000457763672,8.765000343322754,8.359999656677246,8.4399995803833,809000,0.0,0.0
2025-09-25 00:00:00-04:00,8.319999694824219,8.710000038146973,8.319999694824219,8.5,690500,0.0,0.0
2025-09-26 00:00:00-04:00,8.4399995803833,8.739999771118164,8.430000305175781,8.65999984741211,806400,0.0,0.0
2025-09-29 00:00:00-04:00,8.680000305175781,8.824999809265137,8.569999694824219,8.649999618530273,752300,0.0,0.0
2025-09-30 00:00:00-04:00,8.699999809265137,9.010000228881836,8.680000305175781,8.899999618530273,1106500,0.0,0.0
2025-10-01 00:00:00-04:00,8.920000076293945,9.319999694824219,8.890000343322754,9.010000228881836,1069400,0.0,0.0
2025-10-02 00:00:00-04:00,9.1899995803833,9.649999618530273,8.800000190734863,9.130000114440918,2585200,0.0,0.0
2025-10-03 00:00:00-04:00,9.130000114440918,10.039999961853027,9.020000457763672,9.960000038146973,1868200,0.0,0.0
2025-10-06 00:00:00-04:00,10.0,10.065999984741211,9.53499984741211,9.609999656677246,1056500,0.0,0.0
2025-10-07 00:00:00-04:00,9.654999732971191,10.380000114440918,9.600000381469727,9.779999732971191,1800300,0.0,0.0
2025-10-08 00:00:00-04:00,9.8100004196167,10.100000381469727,9.729999542236328,9.850000381469727,1177100,0.0,0.0
2025-10-09 00:00:00-04:00,9.829999923706055,9.949999809265137,9.510000228881836,9.520000457763672,1385600,0.0,0.0
2025-10-10 00:00:00-04:00,9.4399995803833,9.524999618530273,9.0,9.270000457763672,3566700,0.0,0.0
2025-10-13 00:00:00-04:00,9.289999961853027,9.289999961853027,8.34000015258789,8.619999885559082,2318500,0.0,0.0
2025-10-14 00:00:00-04:00,8.579999923706055,9.038000106811523,8.059000015258789,8.795000076293945,1111800,0.0,0.0
2025-10-15 00:00:00-04:00,8.800000190734863,9.079999923706055,8.664999961853027,9.029999732971191,1055000,0.0,0.0
2025-10-16 00:00:00-04:00,9.0,9.279999732971191,8.890000343322754,9.010000228881836,987100,0.0,0.0
2025-10-17 00:00:00-04:00,8.899999618530273,9.248000144958496,8.895000457763672,8.979999542236328,749300,0.0,0.0
2025-10-20 00:00:00-04:00,9.140000343322754,9.5,9.029999732971191,9.359999656677246,1061800,0.0,0.0
2025-10-21 00:00:00-04:00,9.350000381469727,9.479999542236328,9.260000228881836,9.350000381469727,516800,0.0,0.0
2025-10-22 00:00:00-04:00,9.350000381469727,9.5,9.180000305175781,9.350000381469727,568600,0.0,0.0
2025-10-23 00:00:00-04:00,9.289999961853027,9.402000427246094,8.40999984741211,8.739999771118164,1494900,0.0,0.0
2025-10-24 00:00:00-04:00,8.8100004196167,8.967000007629395,8.579999923706055,8.614999771118164,804500,0.0,0.0
2025-10-27 00:00:00-04:00,8.699999809265137,8.789999961853027,8.350000381469727,8.489999771118164,1059400,0.0,0.0
2025-10-28 00:00:00-04:00,8.430000305175781,8.449999809265137,8.0600004196167,8.100000381469727,1239300,0.0,0.0
2025-10-29 00:00:00-04:00,8.100000381469727,8.319999694824219,7.880000114440918,8.020000457763672,1545000,0.0,0.0
2025-10-30 00:00:00-04:00,8.0,8.350000381469727,7.980000019073486,8.029999732971191,805900,0.0,0.0
2025-10-31 00:00:00-04:00,8.050000190734863,8.140000343322754,7.849999904632568,7.96999979019165,1351000,0.0,0.0
2025-11-03 00:00:00-05:00,7.900000095367432,7.938000202178955,7.449999809265137,7.739999771118164,1657000,0.0,0.0
2025-11-04 00:00:00-05:00,7.650000095367432,7.790999889373779,7.440000057220459,7.46999979019165,1031300,0.0,0.0
2025-11-05 00:00:00-05:00,7.400000095367432,7.510000228881836,7.269999980926514,7.309999942779541,1545700,0.0,0.0
2025-11-06 00:00:00-05:00,7.300000190734863,7.590000152587891,7.21999979019165,7.400000095367432,1142400,0.0,0.0
2025-11-07 00:00:00-05:00,7.409999847412109,7.539999961853027,7.110000133514404,7.289999961853027,1599300,0.0,0.0
2025-11-10 00:00:00-05:00,7.559999942779541,7.599999904632568,6.349999904632568,6.489999771118164,4638700,0.0,0.0
2025-11-11 00:00:00-05:00,6.590000152587891,6.949999809265137,6.489999771118164,6.849999904632568,2288900,0.0,0.0
2025-11-12 00:00:00-05:00,6.789999961853027,6.989999771118164,6.550000190734863,6.900000095367432,1704400,0.0,0.0
2025-11-13 00:00:00-05:00,6.900000095367432,7.25,5.099999904632568,5.690000057220459,8747200,0.0,0.0
2025-11-14 00:00:00-05:00,2.9549999237060547,4.139999866485596,2.859999895095825,3.6449999809265137,22984300,0.0,0.0
2025-11-17 00:00:00-05:00,3.5,4.039999961853027,3.2799999713897705,3.5799999237060547,6351900,0.0,0.0
2025-11-18 00:00:00-05:00,3.5399999618530273,3.640000104904175,3.440000057220459,3.5,2697000,0.0,0.0
2025-11-19 00:00:00-05:00,3.4700000286102295,3.740000009536743,3.4000000953674316,3.5999999046325684,2212400,0.0,0.0
2025-11-20 00:00:00-05:00,3.5799999237060547,3.6500000953674316,3.049999952316284,3.1700000762939453,5827600,0.0,0.0
2025-11-21 00:00:00-05:00,3.1700000762939453,3.369999885559082,3.130000114440918,3.259999990463257,2795400,0.0,0.0
2025-11-24 00:00:00-05:00,3.2300000190734863,3.2920000553131104,2.994999885559082,3.0799999237060547,3999700,0.0,0.0
2025-11-25 00:00:00-05:00,3.2899999618530273,3.690000057220459,3.180000066757202,3.4600000381469727,4525600,0.0,0.0
2025-11-26 00:00:00-05:00,3.549999952316284,3.9149999618530273,3.4609999656677246,3.859999895095825,3767700,0.0,0.0
2025-11-28 00:00:00-05:00,3.930000066757202,3.9549999237060547,3.7300000190734863,3.8299999237060547,1682900,0.0,0.0
2025-12-01 00:00:00-05:00,3.8350000381469727,4.050000190734863,3.674999952316284,3.819999933242798,3082900,0.0,0.0
2025-12-02 00:00:00-05:00,3.799999952316284,3.940000057220459,3.619999885559082,3.6700000762939453,1834800,0.0,0.0
2025-12-03 00:00:00-05:00,3.799999952316284,4.840000152587891,3.799999952316284,4.570000171661377,7460200,0.0,0.0
2025-12-04 00:00:00-05:00,4.489999771118164,4.579999923706055,4.289999961853027,4.449999809265137,1868200,0.0,0.0
2025-12-05 00:00:00-05:00,4.429999828338623,4.519999980926514,4.318999767303467,4.400000095367432,1077700,0.0,0.0
2025-12-08 00:00:00-05:00,4.480000019073486,4.880000114440918,4.329999923706055,4.340000152587891,1529300,0.0,0.0
2025-12-09 00:00:00-05:00,4.300000190734863,4.579999923706055,4.210000038146973,4.409999847412109,1150000,0.0,0.0
2025-12-10 00:00:00-05:00,4.360000133514404,4.400000095367432,3.9600000381469727,4.079999923706055,1610000,0.0,0.0
2025-12-11 00:00:00-05:00,4.001999855041504,4.165999889373779,3.9800000190734863,4.110000133514404,1566300,0.0,0.0
2025-12-12 00:00:00-05:00,3.6700000762939453,4.159999847412109,3.6600000858306885,4.019999980926514,4862000,0.0,0.0
2025-12-15 00:00:00-05:00,3.930000066757202,4.21999979019165,3.869999885559082,4.139999866485596,2329300,0.0,0.0
2025-12-16 00:00:00-05:00,4.039999961853027,4.21999979019165,3.940000057220459,4.019999980926514,1935200,0.0,0.0
2025-12-17 00:00:00-05:00,3.990000009536743,4.090000152587891,3.805000066757202,3.9200000762939453,2887500,0.0,0.0
2025-12-18 00:00:00-05:00,3.9800000190734863,4.079999923706055,3.7899999618530273,3.890000104904175,1793000,0.0,0.0
2025-12-19 00:00:00-05:00,3.9000000953674316,4.010000228881836,3.5999999046325684,3.6700000762939453,5279900,0.0,0.0
2025-12-22 00:00:00-05:00,3.625,3.819999933242798,3.559999942779541,3.75,2555300,0.0,0.0
2025-12-23 00:00:00-05:00,3.759999990463257,3.809999942779541,3.6600000858306885,3.7300000190734863,2094300,0.0,0.0
2025-12-24 00:00:00-05:00,3.7100000381469727,3.799999952316284,3.6500000953674316,3.7200000286102295,953800,0.0,0.0
2025-12-26 00:00:00-05:00,3.690000057220459,3.740000009536743,3.569999933242798,3.640000104904175,1614400,0.0,0.0
2025-12-29 00:00:00-05:00,3.5899999141693115,3.7200000286102295,3.569999933242798,3.6500000953674316,1714500,0.0,0.0
2025-12-30 00:00:00-05:00,3.6500000953674316,3.819999933242798,3.619999885559082,3.799999952316284,4948300,0.0,0.0
2025-12-31 00:00:00-05:00,3.7699999809265137,3.7799999713897705,3.5250000953674316,3.559999942779541,1513800,0.0,0.0
2026-01-02 00:00:00-05:00,3.630000114440918,3.7100000381469727,3.494999885559082,3.680000066757202,1554100,0.0,0.0
2026-01-05 00:00:00-05:00,3.6600000858306885,3.9760000705718994,3.6449999809265137,3.950000047683716,1559400,0.0,0.0
2026-01-06 00:00:00-05:00,4.125,4.369999885559082,3.984999895095825,4.010000228881836,2708700,0.0,0.0
2026-01-07 00:00:00-05:00,3.990000009536743,4.195000171661377,3.9700000286102295,4.099999904632568,1600200,0.0,0.0
2026-01-08 00:00:00-05:00,4.090000152587891,4.309999942779541,3.9700000286102295,4.269999980926514,1270500,0.0,0.0
2026-01-09 00:00:00-05:00,4.369999885559082,4.434999942779541,4.199999809265137,4.28000020980835,1485000,0.0,0.0
2026-01-12 00:00:00-05:00,4.300000190734863,4.340000152587891,4.110000133514404,4.289999961853027,987600,0.0,0.0
2026-01-13 00:00:00-05:00,4.369999885559082,4.699999809265137,4.210000038146973,4.639999866485596,1874600,0.0,0.0
2026-01-14 00:00:00-05:00,4.679999828338623,4.909999847412109,4.670000076293945,4.820000171661377,2134800,0.0,0.0
2026-01-15 00:00:00-05:00,4.880000114440918,4.960000038146973,4.669000148773193,4.849999904632568,1138600,0.0,0.0
2026-01-16 00:00:00-05:00,4.869999885559082,5.190000057220459,4.729000091552734,5.010000228881836,1736000,0.0,0.0
2026-01-20 00:00:00-05:00,4.869999885559082,5.204999923706055,4.78000020980835,5.03000020980835,1708900,0.0,0.0
2026-01-21 00:00:00-05:00,5.03000020980835,5.349999904632568,4.949999809265137,5.300000190734863,1425500,0.0,0.0
2026-01-22 00:00:00-05:00,5.300000190734863,5.360000133514404,5.182000160217285,5.300000190734863,1134200,0.0,0.0
2026-01-23 00:00:00-05:00,5.25,5.315000057220459,5.050000190734863,5.260000228881836,1229400,0.0,0.0
2026-01-26 00:00:00-05:00,5.199999809265137,5.199999809265137,4.949999809265137,5.019999980926514,873900,0.0,0.0
2026-01-27 00:00:00-05:00,4.960000038146973,5.065000057220459,4.860000133514404,5.050000190734863,830600,0.0,0.0
2026-01-28 00:00:00-05:00,5.059999942779541,5.059999942779541,4.849999904632568,4.869999885559082,908300,0.0,0.0
2026-01-29 00:00:00-05:00,4.860000133514404,4.985000133514404,4.78000020980835,4.909999847412109,744900,0.0,0.0
2026-01-30 00:00:00-05:00,4.829999923706055,5.050000190734863,4.679999828338623,4.699999809265137,1834400,0.0,0.0
2026-02-02 00:00:00-05:00,4.619999885559082,4.695000171661377,4.489999771118164,4.519999980926514,1391900,0.0,0.0
2026-02-03 00:00:00-05:00,4.5,4.6479997634887695,4.329999923706055,4.389999866485596,1268600,0.0,0.0
2026-02-04 00:00:00-05:00,4.440000057220459,4.440000057220459,4.099999904632568,4.130000114440918,2621200,0.0,0.0
2026-02-05 00:00:00-05:00,4.139999866485596,4.190000057220459,3.809999942779541,3.809999942779541,1440400,0.0,0.0
2026-02-06 00:00:00-05:00,3.859999895095825,4.260000228881836,3.819999933242798,4.099999904632568,1681800,0.0,0.0
2026-02-09 00:00:00-05:00,4.199999809265137,4.539999961853027,4.070000171661377,4.349999904632568,1800200,0.0,0.0
2026-02-10 00:00:00-05:00,4.340000152587891,4.349999904632568,3.950000047683716,3.9600000381469727,1669400,0.0,0.0
2026-02-11 00:00:00-05:00,3.9700000286102295,4.039999961853027,3.744999885559082,3.880000114440918,1407000,0.0,0.0
2026-02-12 00:00:00-05:00,3.9000000953674316,4.0,3.7750000953674316,3.9200000762939453,1338000,0.0,0.0
2026-02-13 00:00:00-05:00,3.9800000190734863,4.179999828338623,3.9100000858306885,3.930000066757202,1080100,0.0,0.0
2026-02-17 00:00:00-05:00,3.9700000286102295,4.085999965667725,3.890000104904175,4.039999961853027,886600,0.0,0.0
2026-02-18 00:00:00-05:00,4.03000020980835,4.15500020980835,4.0,4.039999961853027,933200,0.0,0.0
2026-02-19 00:00:00-05:00,4.130000114440918,4.139999866485596,3.994999885559082,4.119999885559082,735700,0.0,0.0
2026-02-20 00:00:00-05:00,4.150000095367432,4.184999942779541,4.070000171661377,4.119999885559082,800200,0.0,0.0
2026-02-23 00:00:00-05:00,4.090000152587891,4.235000133514404,4.070000171661377,4.159999847412109,573800,0.0,0.0
2026-02-24 00:00:00-05:00,4.170000076293945,4.425000190734863,4.150000095367432,4.360000133514404,1013100,0.0,0.0
2026-02-25 00:00:00-05:00,4.400000095367432,4.699999809265137,4.360000133514404,4.400000095367432,1189400,0.0,0.0
2026-02-26 00:00:00-05:00,4.429999828338623,4.489999771118164,4.235000133514404,4.460000038146973,858900,0.0,0.0
2026-02-27 00:00:00-05:00,4.400000095367432,4.454999923706055,4.28000020980835,4.429999828338623,2385100,0.0,0.0
2026-03-02 00:00:00-05:00,4.309999942779541,4.659999847412109,4.301000118255615,4.53000020980835,922700,0.0,0.0
2026-03-03 00:00:00-05:00,4.449999809265137,4.739999771118164,4.449999809265137,4.690000057220459,1217900,0.0,0.0
2026-03-04 00:00:00-05:00,4.659999847412109,5.176000118255615,4.619999885559082,5.0,1499500,0.0,0.0
2026-03-05 00:00:00-05:00,5.0,5.019999980926514,4.695000171661377,4.760000228881836,1085700,0.0,0.0
2026-03-06 00:00:00-05:00,4.659999847412109,4.735000133514404,4.425000190734863,4.650000095367432,1206800,0.0,0.0
2026-03-09 00:00:00-04:00,4.679999828338623,4.900000095367432,4.619999885559082,4.789999961853027,900600,0.0,0.0
2026-03-10 00:00:00-04:00,4.78000020980835,4.829999923706055,4.554999828338623,4.639999866485596,701300,0.0,0.0
2026-03-11 00:00:00-04:00,4.619999885559082,4.690000057220459,4.519999980926514,4.650000095367432,594700,0.0,0.0
2026-03-12 00:00:00-04:00,4.579999923706055,4.684999942779541,4.389999866485596,4.650000095367432,963500,0.0,0.0
2026-03-13 00:00:00-04:00,4.710000038146973,4.869999885559082,4.635000228881836,4.650000095367432,989400,0.0,0.0
2026-03-16 00:00:00-04:00,4.75,4.835000038146973,4.670000076293945,4.710000038146973,493300,0.0,0.0
2026-03-17 00:00:00-04:00,4.75,4.823999881744385,4.519999980926514,4.550000190734863,1047700,0.0,0.0
2026-03-18 00:00:00-04:00,4.510000228881836,4.510000228881836,4.255000114440918,4.260000228881836,907600,0.0,0.0
2026-03-19 00:00:00-04:00,4.199999809265137,4.320000171661377,4.059999942779541,4.199999809265137,1577000,0.0,0.0
2026-03-20 00:00:00-04:00,4.199999809265137,4.2789998054504395,4.039999961853027,4.059999942779541,2767800,0.0,0.0
2026-03-23 00:00:00-04:00,4.099999904632568,4.605000019073486,4.099999904632568,4.440000057220459,2108100,0.0,0.0
2026-03-24 00:00:00-04:00,4.46999979019165,4.550000190734863,4.159999847412109,4.190000057220459,1040700,0.0,0.0
2026-03-25 00:00:00-04:00,3.009999990463257,3.115000009536743,2.609999895095825,2.740000009536743,14061100,0.0,0.0
2026-03-26 00:00:00-04:00,2.7100000381469727,3.0199999809265137,2.6500000953674316,2.880000114440918,3912000,0.0,0.0
2026-03-27 00:00:00-04:00,2.8350000381469727,2.890000104904175,2.75,2.819999933242798,2432200,0.0,0.0
2026-03-30 00:00:00-04:00,2.75,2.8499999046325684,2.691999912261963,2.819999933242798,1570300,0.0,0.0
2026-03-31 00:00:00-04:00,2.8499999046325684,3.0899999141693115,2.8499999046325684,3.069999933242798,1875500,0.0,0.0
2026-04-01 00:00:00-04:00,3.0799999237060547,3.190000057220459,3.059999942779541,3.0999999046325684,1345700,0.0,0.0
2026-04-02 00:00:00-04:00,3.0399999618530273,3.065000057220459,2.950000047683716,2.990000009536743,1166300,0.0,0.0
2026-04-06 00:00:00-04:00,3.0199999809265137,3.0899999141693115,2.950000047683716,2.9600000381469727,1004600,0.0,0.0
2026-04-07 00:00:00-04:00,2.9200000762939453,3.1050000190734863,2.872999906539917,3.0799999237060547,1073100,0.0,0.0
2026-04-08 00:00:00-04:00,3.180000066757202,3.2300000190734863,3.015000104904175,3.0399999618530273,1022200,0.0,0.0
2026-04-09 00:00:00-04:00,3.0,3.119999885559082,2.984999895095825,3.049999952316284,795300,0.0,0.0
2026-04-10 00:00:00-04:00,3.059999942779541,3.075000047683716,2.9049999713897705,2.950000047683716,1039900,0.0,0.0
2026-04-13 00:00:00-04:00,2.950000047683716,3.134999990463257,2.931999921798706,3.109999895095825,907700,0.0,0.0
2026-04-14 00:00:00-04:00,3.1500000953674316,3.305000066757202,3.0399999618530273,3.119999885559082,1789100,0.0,0.0
2026-04-15 00:00:00-04:00,3.1500000953674316,3.25,3.109999895095825,3.240000009536743,993700,0.0,0.0
2026-04-16 00:00:00-04:00,3.25,3.4200000762939453,3.240000009536743,3.4000000953674316,817200,0.0,0.0
2026-04-17 00:00:00-04:00,3.4600000381469727,3.680000066757202,3.450000047683716,3.640000104904175,1541700,0.0,0.0
2026-04-20 00:00:00-04:00,3.569999933242798,3.755000114440918,3.5399999618530273,3.6500000953674316,1138300,0.0,0.0
2026-04-21 00:00:00-04:00,3.6700000762939453,3.684999942779541,3.484999895095825,3.5,769800,0.0,0.0
2026-04-22 00:00:00-04:00,3.5799999237060547,3.690000057220459,3.5199999809265137,3.609999895095825,752300,0.0,0.0
2026-04-23 00:00:00-04:00,3.5299999713897705,3.5799999237060547,3.259999990463257,3.309999942779541,986900,0.0,0.0
2026-04-24 00:00:00-04:00,3.3399999141693115,3.4100000858306885,3.2300000190734863,3.3399999141693115,617600,0.0,0.0
2026-04-27 00:00:00-04:00,3.3399999141693115,3.444999933242798,3.25,3.2899999618530273,739600,0.0,0.0
2026-04-28 00:00:00-04:00,3.2300000190734863,3.384999990463257,3.2300000190734863,3.369999885559082,616700,0.0,0.0
2026-04-29 00:00:00-04:00,3.299999952316284,3.3399999141693115,3.2300000190734863,3.259999990463257,618700,0.0,0.0
2026-04-30 00:00:00-04:00,3.2799999713897705,3.4200000762939453,3.259999990463257,3.3399999141693115,651100,0.0,0.0
2026-05-01 00:00:00-04:00,3.319999933242798,3.3550000190734863,3.2750000953674316,3.319999933242798,505400,0.0,0.0
2026-05-04 00:00:00-04:00,3.3499999046325684,3.5,3.3499999046325684,3.4100000858306885,726100,0.0,0.0
2026-05-05 00:00:00-04:00,3.450000047683716,3.490000009536743,3.3299999237060547,3.359999895095825,404606,0.0,0.0
