Date,Open,High,Low,Close,Volume,Dividends,Stock Splits
2022-01-03 00:00:00-05:00,6.400000095367432,6.400000095367432,6.130000114440918,6.369999885559082,13000,0.0,0.0
2022-01-04 00:00:00-05:00,6.320000171661377,6.489999771118164,6.300000190734863,6.420000076293945,11100,0.0,0.0
2022-01-05 00:00:00-05:00,6.380000114440918,6.519999980926514,6.369999885559082,6.440000057220459,10700,0.0,0.0
2022-01-06 00:00:00-05:00,6.409999847412109,6.5,6.400000095367432,6.420000076293945,4100,0.0,0.0
2022-01-07 00:00:00-05:00,6.429999828338623,6.5,6.400000095367432,6.449999809265137,4700,0.0,0.0
2022-01-10 00:00:00-05:00,6.510000228881836,6.559999942779541,6.369999885559082,6.380000114440918,14800,0.0,0.0
2022-01-11 00:00:00-05:00,6.409999847412109,6.409999847412109,6.349999904632568,6.349999904632568,8300,0.0,0.0
2022-01-12 00:00:00-05:00,6.389999866485596,6.429999828338623,6.300000190734863,6.300000190734863,4300,0.0,0.0
2022-01-13 00:00:00-05:00,6.309999942779541,6.320000171661377,6.130000114440918,6.25,17400,0.0,0.0
2022-01-14 00:00:00-05:00,6.130000114440918,6.28000020980835,6.119999885559082,6.239999771118164,14400,0.0,0.0
2022-01-18 00:00:00-05:00,6.269999980926514,6.28000020980835,6.210000038146973,6.230000019073486,8200,0.0,0.0
2022-01-19 00:00:00-05:00,6.28000020980835,6.28000020980835,6.159999847412109,6.190000057220459,8400,0.0,0.0
2022-01-20 00:00:00-05:00,6.179999828338623,6.28000020980835,6.179999828338623,6.190000057220459,9100,0.0,0.0
2022-01-21 00:00:00-05:00,6.110000133514404,6.269999980926514,6.110000133514404,6.139999866485596,21500,0.0,0.0
2022-01-24 00:00:00-05:00,6.110000133514404,6.269999980926514,6.019999980926514,6.03000020980835,20400,0.0,0.0
2022-01-25 00:00:00-05:00,6.010000228881836,6.170000076293945,6.010000228881836,6.059999942779541,10500,0.0,0.0
2022-01-26 00:00:00-05:00,6.110000133514404,6.25,6.039999961853027,6.139999866485596,6300,0.0,0.0
2022-01-27 00:00:00-05:00,6.130000114440918,6.210000038146973,6.03000020980835,6.039999961853027,5400,0.0,0.0
2022-01-28 00:00:00-05:00,6.010000228881836,6.230000019073486,6.010000228881836,6.079999923706055,11300,0.0,0.0
2022-01-31 00:00:00-05:00,6.110000133514404,6.25,6.099999904632568,6.25,7500,0.0,0.0
2022-02-01 00:00:00-05:00,6.21999979019165,6.289999961853027,6.21999979019165,6.269999980926514,13500,0.0,0.0
2022-02-02 00:00:00-05:00,6.28000020980835,6.539999961853027,5.989999771118164,6.059999942779541,111800,0.0,0.0
2022-02-03 00:00:00-05:00,6.139999866485596,6.139999866485596,5.989999771118164,6.0,26200,0.0,0.0
2022-02-04 00:00:00-05:00,6.199999809265137,6.199999809265137,6.0,6.0,8200,0.0,0.0
2022-02-07 00:00:00-05:00,6.0,6.090000152587891,5.949999809265137,5.960000038146973,43700,0.0,0.0
2022-02-08 00:00:00-05:00,6.0,6.099999904632568,5.960000038146973,5.960000038146973,19800,0.0,0.0
2022-02-09 00:00:00-05:00,6.039999961853027,6.050000190734863,6.0,6.0,8100,0.0,0.0
2022-02-10 00:00:00-05:00,6.050000190734863,6.079999923706055,5.96999979019165,5.96999979019165,5200,0.0,0.0
2022-02-11 00:00:00-05:00,5.980000019073486,5.980000019073486,5.940000057220459,5.96999979019165,20000,0.0,0.0
2022-02-14 00:00:00-05:00,5.949999809265137,5.989999771118164,5.929999828338623,5.929999828338623,9200,0.0,0.0
2022-02-15 00:00:00-05:00,5.96999979019165,5.96999979019165,5.940000057220459,5.940000057220459,1900,0.0,0.0
2022-02-16 00:00:00-05:00,5.940000057220459,5.989999771118164,5.929999828338623,5.940000057220459,18700,0.0,0.0
2022-02-17 00:00:00-05:00,6.0,6.0,5.929999828338623,6.0,1700,0.0,0.0
2022-02-18 00:00:00-05:00,5.96999979019165,5.96999979019165,5.900000095367432,5.929999828338623,31200,0.0,0.0
2022-02-22 00:00:00-05:00,5.940000057220459,5.940000057220459,5.900000095367432,5.900000095367432,9900,0.0,0.0
2022-02-23 00:00:00-05:00,5.900000095367432,5.900000095367432,5.880000114440918,5.880000114440918,9400,0.0,0.0
2022-02-24 00:00:00-05:00,5.880000114440918,5.880000114440918,5.840000152587891,5.849999904632568,25500,0.0,0.0
2022-02-25 00:00:00-05:00,5.840000152587891,5.920000076293945,5.829999923706055,5.829999923706055,27300,0.0,0.0
2022-02-28 00:00:00-05:00,5.889999866485596,5.949999809265137,5.829999923706055,5.840000152587891,8400,0.0,0.0
2022-03-01 00:00:00-05:00,5.920000076293945,5.920000076293945,5.900000095367432,5.900000095367432,3300,0.0,0.0
2022-03-02 00:00:00-05:00,5.920000076293945,5.920000076293945,5.840000152587891,5.840000152587891,14200,0.0,0.0
2022-03-03 00:00:00-05:00,5.840000152587891,5.929999828338623,5.840000152587891,5.929999828338623,2700,0.0,0.0
2022-03-04 00:00:00-05:00,5.929999828338623,6.0,5.860000133514404,5.869999885559082,10900,0.0,0.0
2022-03-07 00:00:00-05:00,5.860000133514404,5.929999828338623,5.789999961853027,5.789999961853027,55600,0.0,0.0
2022-03-08 00:00:00-05:00,5.789999961853027,5.920000076293945,5.789999961853027,5.789999961853027,10400,0.0,0.0
2022-03-09 00:00:00-05:00,5.800000190734863,5.889999866485596,5.78000020980835,5.78000020980835,19400,0.0,0.0
2022-03-10 00:00:00-05:00,5.78000020980835,5.800000190734863,5.659999847412109,5.789999961853027,46300,0.0,0.0
2022-03-11 00:00:00-05:00,5.78000020980835,5.900000095367432,5.679999828338623,5.739999771118164,14400,0.0,0.0
2022-03-14 00:00:00-04:00,5.800000190734863,5.800000190734863,5.699999809265137,5.699999809265137,30300,0.0,0.0
2022-03-15 00:00:00-04:00,5.699999809265137,5.730000019073486,5.679999828338623,5.679999828338623,4300,0.0,0.0
2022-03-16 00:00:00-04:00,5.739999771118164,5.789999961853027,5.679999828338623,5.679999828338623,19600,0.0,0.0
2022-03-17 00:00:00-04:00,5.769999980926514,5.769999980926514,5.739999771118164,5.739999771118164,4000,0.0,0.0
2022-03-18 00:00:00-04:00,5.760000228881836,5.869999885559082,5.690000057220459,5.860000133514404,9800,0.0,0.0
2022-03-21 00:00:00-04:00,5.820000171661377,5.900000095367432,5.809999942779541,5.849999904632568,5500,0.0,0.0
2022-03-22 00:00:00-04:00,5.889999866485596,5.96999979019165,5.789999961853027,5.869999885559082,11500,0.0,0.0
2022-03-23 00:00:00-04:00,5.789999961853027,5.800000190734863,5.699999809265137,5.71999979019165,11000,0.0,0.0
2022-03-24 00:00:00-04:00,5.849999904632568,5.849999904632568,5.690000057220459,5.710000038146973,9100,0.0,0.0
2022-03-25 00:00:00-04:00,5.260000228881836,5.840000152587891,5.260000228881836,5.710000038146973,2300,0.0,0.0
2022-03-28 00:00:00-04:00,5.75,5.840000152587891,5.739999771118164,5.789999961853027,6200,0.0,0.0
2022-03-29 00:00:00-04:00,5.829999923706055,5.829999923706055,5.699999809265137,5.699999809265137,10800,0.0,0.0
2022-03-30 00:00:00-04:00,5.309999942779541,5.78000020980835,5.309999942779541,5.670000076293945,22500,0.0,0.0
2022-03-31 00:00:00-04:00,5.260000228881836,5.739999771118164,5.260000228881836,5.650000095367432,25500,0.0,0.0
2022-04-01 00:00:00-04:00,5.630000114440918,5.679999828338623,5.630000114440918,5.650000095367432,5300,0.0,0.0
2022-04-04 00:00:00-04:00,5.739999771118164,5.739999771118164,5.639999866485596,5.650000095367432,6000,0.0,0.0
2022-04-05 00:00:00-04:00,5.349999904632568,5.71999979019165,5.349999904632568,5.610000133514404,11300,0.0,0.0
2022-04-06 00:00:00-04:00,5.650000095367432,5.699999809265137,5.610000133514404,5.630000114440918,7200,0.0,0.0
2022-04-07 00:00:00-04:00,5.659999847412109,5.659999847412109,5.590000152587891,5.610000133514404,7100,0.0,0.0
2022-04-08 00:00:00-04:00,5.650000095367432,5.699999809265137,5.599999904632568,5.650000095367432,4100,0.0,0.0
2022-04-11 00:00:00-04:00,5.690000057220459,5.699999809265137,5.590000152587891,5.610000133514404,3900,0.0,0.0
2022-04-12 00:00:00-04:00,5.599999904632568,5.650000095367432,5.599999904632568,5.630000114440918,5900,0.0,0.0
2022-04-13 00:00:00-04:00,5.619999885559082,5.619999885559082,5.579999923706055,5.619999885559082,10100,0.0,0.0
2022-04-14 00:00:00-04:00,5.579999923706055,5.650000095367432,5.579999923706055,5.639999866485596,8200,0.0,0.0
2022-04-18 00:00:00-04:00,5.579999923706055,5.650000095367432,5.559999942779541,5.559999942779541,12400,0.0,0.0
2022-04-19 00:00:00-04:00,5.550000190734863,5.630000114440918,5.53000020980835,5.550000190734863,21600,0.0,0.0
2022-04-20 00:00:00-04:00,5.610000133514404,5.659999847412109,5.519999980926514,5.619999885559082,9400,0.0,0.0
2022-04-21 00:00:00-04:00,5.639999866485596,5.639999866485596,5.510000228881836,5.570000171661377,18100,0.0,0.0
2022-04-22 00:00:00-04:00,5.510000228881836,5.699999809265137,5.510000228881836,5.559999942779541,5300,0.0,0.0
2022-04-25 00:00:00-04:00,5.599999904632568,5.599999904632568,5.5,5.599999904632568,13900,0.0,0.0
2022-04-26 00:00:00-04:00,5.639999866485596,5.639999866485596,5.489999771118164,5.539999961853027,5300,0.0,0.0
2022-04-27 00:00:00-04:00,5.5,5.5,5.460000038146973,5.460000038146973,13300,0.0,0.0
2022-04-28 00:00:00-04:00,5.46999979019165,5.519999980926514,5.440000057220459,5.46999979019165,16000,0.0,0.0
2022-04-29 00:00:00-04:00,5.449999809265137,5.5,5.340000152587891,5.369999885559082,36900,0.0,0.0
2022-05-02 00:00:00-04:00,5.420000076293945,5.420000076293945,5.28000020980835,5.289999961853027,15900,0.0,0.0
2022-05-03 00:00:00-04:00,5.480000019073486,5.480000019073486,5.28000020980835,5.28000020980835,6400,0.0,0.0
2022-05-04 00:00:00-04:00,5.28000020980835,5.349999904632568,5.260000228881836,5.349999904632568,11100,0.0,0.0
2022-05-05 00:00:00-04:00,5.340000152587891,5.5,5.320000171661377,5.5,10200,0.0,0.0
2022-05-06 00:00:00-04:00,5.5,5.519999980926514,5.28000020980835,5.429999828338623,22500,0.0,0.0
2022-05-09 00:00:00-04:00,5.429999828338623,5.449999809265137,5.309999942779541,5.389999866485596,4800,0.0,0.0
2022-05-10 00:00:00-04:00,5.309999942779541,5.340000152587891,5.25,5.300000190734863,9200,0.0,0.0
2022-05-11 00:00:00-04:00,5.329999923706055,5.329999923706055,5.079999923706055,5.079999923706055,7700,0.0,0.0
2022-05-12 00:00:00-04:00,5.130000114440918,5.130000114440918,5.010000228881836,5.050000190734863,24500,0.0,0.0
2022-05-13 00:00:00-04:00,5.110000133514404,5.110000133514404,5.0,5.0,10600,0.0,0.0
2022-05-16 00:00:00-04:00,5.010000228881836,5.090000152587891,5.010000228881836,5.059999942779541,6600,0.0,0.0
2022-05-17 00:00:00-04:00,5.039999961853027,5.159999847412109,5.019999980926514,5.039999961853027,4300,0.0,0.0
2022-05-18 00:00:00-04:00,5.079999923706055,5.150000095367432,5.059999942779541,5.099999904632568,2300,0.0,0.0
2022-05-19 00:00:00-04:00,5.269999980926514,5.269999980926514,5.110000133514404,5.159999847412109,5300,0.0,0.0
2022-05-20 00:00:00-04:00,5.059999942779541,5.190000057220459,5.03000020980835,5.03000020980835,3200,0.0,0.0
2022-05-23 00:00:00-04:00,5.039999961853027,5.130000114440918,5.0,5.119999885559082,18600,0.0,0.0
2022-05-24 00:00:00-04:00,5.010000228881836,5.110000133514404,4.980000019073486,5.110000133514404,11000,0.0,0.0
2022-05-25 00:00:00-04:00,5.150000095367432,5.230000019073486,4.96999979019165,5.130000114440918,3600,0.0,0.0
2022-05-26 00:00:00-04:00,5.25,5.260000228881836,5.079999923706055,5.079999923706055,4000,0.0,0.0
2022-05-27 00:00:00-04:00,5.010000228881836,5.190000057220459,4.96999979019165,5.190000057220459,24200,0.0,0.0
2022-05-31 00:00:00-04:00,5.059999942779541,5.139999866485596,5.03000020980835,5.03000020980835,3900,0.0,0.0
2022-06-01 00:00:00-04:00,5.159999847412109,5.159999847412109,5.03000020980835,5.039999961853027,3800,0.0,0.0
2022-06-02 00:00:00-04:00,5.03000020980835,5.070000171661377,4.980000019073486,4.980000019073486,4700,0.0,0.0
2022-06-03 00:00:00-04:00,4.980000019073486,5.070000171661377,4.980000019073486,5.03000020980835,26800,0.0,0.0
2022-06-06 00:00:00-04:00,5.079999923706055,5.079999923706055,5.0,5.0,12500,0.0,0.0
2022-06-07 00:00:00-04:00,4.980000019073486,5.110000133514404,4.980000019073486,5.03000020980835,5800,0.0,0.0
2022-06-08 00:00:00-04:00,5.050000190734863,5.050000190734863,4.980000019073486,5.0,11200,0.0,0.0
2022-06-09 00:00:00-04:00,5.059999942779541,5.059999942779541,4.940000057220459,4.960000038146973,18500,0.0,0.0
2022-06-10 00:00:00-04:00,5.039999961853027,5.039999961853027,4.960000038146973,4.960000038146973,2200,0.0,0.0
2022-06-13 00:00:00-04:00,5.079999923706055,5.079999923706055,4.96999979019165,5.03000020980835,18600,0.0,0.0
2022-06-14 00:00:00-04:00,4.989999771118164,5.010000228881836,4.900000095367432,4.940000057220459,8900,0.0,0.0
2022-06-15 00:00:00-04:00,4.929999828338623,5.019999980926514,4.809999942779541,4.860000133514404,37700,0.0,0.0
2022-06-16 00:00:00-04:00,4.980000019073486,5.010000228881836,4.739999771118164,4.739999771118164,10700,0.0,0.0
2022-06-17 00:00:00-04:00,4.820000171661377,4.96999979019165,4.570000171661377,4.690000057220459,20900,0.0,0.0
2022-06-21 00:00:00-04:00,4.730000019073486,4.730000019073486,4.590000152587891,4.599999904632568,8100,0.0,0.0
2022-06-22 00:00:00-04:00,4.650000095367432,4.710000038146973,4.400000095367432,4.429999828338623,32900,0.0,0.0
2022-06-23 00:00:00-04:00,4.349999904632568,4.5,4.340000152587891,4.360000133514404,9100,0.0,0.0
2022-06-24 00:00:00-04:00,4.429999828338623,4.46999979019165,4.400000095367432,4.46999979019165,5700,0.0,0.0
2022-06-27 00:00:00-04:00,4.409999847412109,4.71999979019165,4.369999885559082,4.559999942779541,3500,0.0,0.0
2022-06-28 00:00:00-04:00,4.53000020980835,4.579999923706055,4.510000228881836,4.550000190734863,3300,0.0,0.0
2022-06-29 00:00:00-04:00,4.539999961853027,4.539999961853027,4.389999866485596,4.46999979019165,8200,0.0,0.0
2022-06-30 00:00:00-04:00,4.440000057220459,4.440000057220459,4.349999904632568,4.409999847412109,7600,0.0,0.0
2022-07-01 00:00:00-04:00,4.360000133514404,4.539999961853027,4.269999980926514,4.269999980926514,3300,0.0,0.0
2022-07-05 00:00:00-04:00,4.260000228881836,4.400000095367432,4.260000228881836,4.269999980926514,4900,0.0,0.0
2022-07-06 00:00:00-04:00,4.260000228881836,4.289999961853027,4.25,4.25,7000,0.0,0.0
2022-07-07 00:00:00-04:00,4.25,4.360000133514404,4.239999771118164,4.269999980926514,13000,0.0,0.0
2022-07-08 00:00:00-04:00,4.369999885559082,4.369999885559082,4.260000228881836,4.369999885559082,5200,0.0,0.0
2022-07-11 00:00:00-04:00,4.320000171661377,4.389999866485596,4.320000171661377,4.329999923706055,6700,0.0,0.0
2022-07-12 00:00:00-04:00,4.380000114440918,4.380000114440918,4.329999923706055,4.329999923706055,3400,0.0,0.0
2022-07-13 00:00:00-04:00,4.360000133514404,4.389999866485596,4.329999923706055,4.389999866485596,5800,0.0,0.0
2022-07-14 00:00:00-04:00,4.420000076293945,4.420000076293945,4.349999904632568,4.380000114440918,1800,0.0,0.0
2022-07-15 00:00:00-04:00,4.329999923706055,4.440000057220459,4.329999923706055,4.389999866485596,5200,0.0,0.0
2022-07-18 00:00:00-04:00,4.380000114440918,4.559999942779541,4.380000114440918,4.46999979019165,7200,0.0,0.0
2022-07-19 00:00:00-04:00,4.5,4.650000095367432,4.460000038146973,4.460000038146973,4100,0.0,0.0
2022-07-20 00:00:00-04:00,4.53000020980835,4.599999904632568,4.46999979019165,4.489999771118164,10500,0.0,0.0
2022-07-21 00:00:00-04:00,4.71999979019165,4.71999979019165,4.690000057220459,4.690000057220459,2800,0.0,0.0
2022-07-22 00:00:00-04:00,4.699999809265137,4.730000019073486,4.610000133514404,4.619999885559082,3700,0.0,0.0
2022-07-25 00:00:00-04:00,4.610000133514404,4.670000076293945,4.480000019073486,4.550000190734863,5300,0.0,0.0
2022-07-26 00:00:00-04:00,4.480000019073486,4.630000114440918,4.46999979019165,4.5,4800,0.0,0.0
2022-07-27 00:00:00-04:00,4.710000038146973,5.150000095367432,4.710000038146973,4.920000076293945,12200,0.0,0.0
2022-07-28 00:00:00-04:00,4.949999809265137,4.980000019073486,4.900000095367432,4.980000019073486,2100,0.0,0.0
2022-07-29 00:00:00-04:00,4.75,5.110000133514404,4.75,5.099999904632568,4100,0.0,0.0
2022-08-01 00:00:00-04:00,5.0,5.03000020980835,4.96999979019165,5.03000020980835,5100,0.0,0.0
2022-08-02 00:00:00-04:00,4.940000057220459,5.489999771118164,4.940000057220459,5.139999866485596,4900,0.0,0.0
2022-08-03 00:00:00-04:00,5.039999961853027,5.5,4.940000057220459,5.0,21900,0.0,0.0
2022-08-04 00:00:00-04:00,5.190000057220459,5.21999979019165,4.909999847412109,5.070000171661377,9300,0.0,0.0
2022-08-05 00:00:00-04:00,5.190000057220459,5.230000019073486,4.909999847412109,5.059999942779541,12000,0.0,0.0
2022-08-08 00:00:00-04:00,4.96999979019165,5.409999847412109,4.849999904632568,4.880000114440918,20900,0.0,0.0
2022-08-09 00:00:00-04:00,5.0,5.130000114440918,4.889999866485596,5.0,10800,0.0,0.0
2022-08-10 00:00:00-04:00,4.960000038146973,5.050000190734863,4.920000076293945,5.050000190734863,9100,0.0,0.0
2022-08-11 00:00:00-04:00,5.0,5.25,4.920000076293945,5.090000152587891,6500,0.0,0.0
2022-08-12 00:00:00-04:00,5.03000020980835,5.409999847412109,5.019999980926514,5.03000020980835,4300,0.0,0.0
2022-08-15 00:00:00-04:00,5.380000114440918,5.380000114440918,5.019999980926514,5.210000038146973,27200,0.0,0.0
2022-08-16 00:00:00-04:00,5.400000095367432,5.489999771118164,5.210000038146973,5.230000019073486,15900,0.0,0.0
2022-08-17 00:00:00-04:00,5.320000171661377,5.460000038146973,5.090000152587891,5.309999942779541,19100,0.0,0.0
2022-08-18 00:00:00-04:00,5.130000114440918,5.389999866485596,5.079999923706055,5.389999866485596,15000,0.0,0.0
2022-08-19 00:00:00-04:00,5.139999866485596,5.239999771118164,5.0,5.239999771118164,4800,0.0,0.0
2022-08-22 00:00:00-04:00,5.239999771118164,5.239999771118164,5.170000076293945,5.179999828338623,3700,0.0,0.0
2022-08-23 00:00:00-04:00,5.119999885559082,5.139999866485596,4.96999979019165,5.099999904632568,12900,0.0,0.0
2022-08-24 00:00:00-04:00,5.050000190734863,5.099999904632568,4.920000076293945,5.0,9800,0.0,0.0
2022-08-25 00:00:00-04:00,5.039999961853027,5.070000171661377,5.039999961853027,5.070000171661377,1100,0.0,0.0
2022-08-26 00:00:00-04:00,4.960000038146973,5.079999923706055,4.940000057220459,4.949999809265137,4800,0.0,0.0
2022-08-29 00:00:00-04:00,4.880000114440918,4.96999979019165,4.869999885559082,4.96999979019165,6400,0.0,0.0
2022-08-30 00:00:00-04:00,4.980000019073486,4.980000019073486,4.670000076293945,4.760000228881836,10900,0.0,0.0
2022-08-31 00:00:00-04:00,4.800000190734863,4.840000152587891,4.75,4.760000228881836,5200,0.0,0.0
2022-09-01 00:00:00-04:00,4.659999847412109,4.690000057220459,4.46999979019165,4.510000228881836,13400,0.0,0.0
2022-09-02 00:00:00-04:00,4.75,4.829999923706055,4.550000190734863,4.599999904632568,8500,0.0,0.0
2022-09-06 00:00:00-04:00,4.610000133514404,4.610000133514404,4.610000133514404,4.610000133514404,1400,0.0,0.0
2022-09-07 00:00:00-04:00,4.659999847412109,4.760000228881836,4.639999866485596,4.699999809265137,3300,0.0,0.0
2022-09-08 00:00:00-04:00,4.639999866485596,4.679999828338623,4.480000019073486,4.480000019073486,7100,0.0,0.0
2022-09-09 00:00:00-04:00,4.659999847412109,4.659999847412109,4.400000095367432,4.5,4100,0.0,0.0
2022-09-12 00:00:00-04:00,4.559999942779541,4.619999885559082,4.409999847412109,4.420000076293945,5200,0.0,0.0
2022-09-13 00:00:00-04:00,4.400000095367432,4.53000020980835,4.400000095367432,4.409999847412109,3400,0.0,0.0
2022-09-14 00:00:00-04:00,4.5,4.510000228881836,4.340000152587891,4.340000152587891,12000,0.0,0.0
2022-09-15 00:00:00-04:00,4.380000114440918,4.449999809265137,4.309999942779541,4.400000095367432,5800,0.0,0.0
2022-09-16 00:00:00-04:00,4.300000190734863,4.349999904632568,4.28000020980835,4.28000020980835,18500,0.0,0.0
2022-09-19 00:00:00-04:00,4.25,4.5,4.25,4.5,18400,0.0,0.0
2022-09-20 00:00:00-04:00,4.389999866485596,4.489999771118164,4.369999885559082,4.489999771118164,6100,0.0,0.0
2022-09-21 00:00:00-04:00,4.300000190734863,4.409999847412109,4.300000190734863,4.409999847412109,1100,0.0,0.0
2022-09-22 00:00:00-04:00,4.440000057220459,4.510000228881836,4.440000057220459,4.510000228881836,2800,0.0,0.0
2022-09-23 00:00:00-04:00,4.360000133514404,4.440000057220459,4.269999980926514,4.349999904632568,9600,0.0,0.0
2022-09-26 00:00:00-04:00,4.309999942779541,4.449999809265137,4.269999980926514,4.269999980926514,9900,0.0,0.0
2022-09-27 00:00:00-04:00,4.269999980926514,4.28000020980835,4.099999904632568,4.170000076293945,15600,0.0,0.0
2022-09-28 00:00:00-04:00,4.070000171661377,4.25,4.039999961853027,4.099999904632568,5300,0.0,0.0
2022-09-29 00:00:00-04:00,4.170000076293945,4.25,4.0,4.130000114440918,12200,0.0,0.0
2022-09-30 00:00:00-04:00,4.059999942779541,4.110000133514404,4.019999980926514,4.039999961853027,16700,0.0,0.0
2022-10-03 00:00:00-04:00,4.050000190734863,4.150000095367432,4.050000190734863,4.079999923706055,16700,0.0,0.0
2022-10-04 00:00:00-04:00,4.239999771118164,4.25,4.090000152587891,4.090000152587891,3400,0.0,0.0
2022-10-05 00:00:00-04:00,4.190000057220459,4.449999809265137,4.150000095367432,4.150000095367432,20500,0.0,0.0
2022-10-06 00:00:00-04:00,4.099999904632568,4.21999979019165,4.099999904632568,4.199999809265137,2400,0.0,0.0
2022-10-07 00:00:00-04:00,4.159999847412109,4.210000038146973,4.150000095367432,4.190000057220459,12300,0.0,0.0
2022-10-10 00:00:00-04:00,4.190000057220459,4.199999809265137,4.139999866485596,4.159999847412109,6900,0.0,0.0
2022-10-11 00:00:00-04:00,4.179999828338623,4.190000057220459,4.050000190734863,4.050000190734863,17700,0.0,0.0
2022-10-12 00:00:00-04:00,4.199999809265137,4.199999809265137,4.050000190734863,4.090000152587891,3900,0.0,0.0
2022-10-13 00:00:00-04:00,4.099999904632568,4.179999828338623,4.099999904632568,4.179999828338623,2500,0.0,0.0
2022-10-14 00:00:00-04:00,4.199999809265137,4.199999809265137,4.110000133514404,4.139999866485596,1200,0.0,0.0
2022-10-17 00:00:00-04:00,4.199999809265137,4.199999809265137,4.119999885559082,4.119999885559082,2300,0.0,0.0
2022-10-18 00:00:00-04:00,4.159999847412109,4.210000038146973,4.119999885559082,4.119999885559082,8200,0.0,0.0
2022-10-19 00:00:00-04:00,4.119999885559082,4.210000038146973,4.079999923706055,4.090000152587891,4500,0.0,0.0
2022-10-20 00:00:00-04:00,4.139999866485596,4.139999866485596,4.03000020980835,4.059999942779541,13200,0.0,0.0
2022-10-21 00:00:00-04:00,4.170000076293945,4.199999809265137,4.090000152587891,4.150000095367432,6900,0.0,0.0
2022-10-24 00:00:00-04:00,4.179999828338623,4.289999961853027,4.179999828338623,4.25,3900,0.0,0.0
2022-10-25 00:00:00-04:00,4.28000020980835,4.349999904632568,4.269999980926514,4.349999904632568,8900,0.0,0.0
2022-10-26 00:00:00-04:00,4.239999771118164,4.369999885559082,4.159999847412109,4.159999847412109,10800,0.0,0.0
2022-10-27 00:00:00-04:00,4.309999942779541,4.369999885559082,4.309999942779541,4.369999885559082,2300,0.0,0.0
2022-10-28 00:00:00-04:00,4.369999885559082,4.400000095367432,4.199999809265137,4.380000114440918,6600,0.0,0.0
2022-10-31 00:00:00-04:00,4.389999866485596,4.489999771118164,4.230000019073486,4.380000114440918,14800,0.0,0.0
2022-11-01 00:00:00-04:00,4.420000076293945,4.480000019073486,4.420000076293945,4.480000019073486,7100,0.0,0.0
2022-11-02 00:00:00-04:00,4.769999980926514,4.889999866485596,4.599999904632568,4.860000133514404,94600,0.0,0.0
2022-11-03 00:00:00-04:00,4.909999847412109,4.96999979019165,4.610000133514404,4.940000057220459,27800,0.0,0.0
2022-11-04 00:00:00-04:00,4.96999979019165,5.0,4.829999923706055,4.900000095367432,16000,0.0,0.0
2022-11-07 00:00:00-05:00,4.909999847412109,4.980000019073486,4.849999904632568,4.889999866485596,29600,0.0,0.0
2022-11-08 00:00:00-05:00,4.900000095367432,4.909999847412109,4.880000114440918,4.880000114440918,10500,0.0,0.0
2022-11-09 00:00:00-05:00,4.920000076293945,4.989999771118164,4.860000133514404,4.929999828338623,14400,0.0,0.0
2022-11-10 00:00:00-05:00,5.0,5.179999828338623,4.96999979019165,5.03000020980835,22100,0.0,0.0
2022-11-11 00:00:00-05:00,4.96999979019165,5.059999942779541,4.909999847412109,5.050000190734863,4000,0.0,0.0
2022-11-14 00:00:00-05:00,4.980000019073486,5.03000020980835,4.96999979019165,4.989999771118164,3000,0.0,0.0
2022-11-15 00:00:00-05:00,4.989999771118164,5.050000190734863,4.920000076293945,5.039999961853027,1200,0.0,0.0
2022-11-16 00:00:00-05:00,4.980000019073486,4.980000019073486,4.860000133514404,4.909999847412109,5200,0.0,0.0
2022-11-17 00:00:00-05:00,5.039999961853027,5.039999961853027,4.96999979019165,5.019999980926514,3800,0.0,0.0
2022-11-18 00:00:00-05:00,5.010000228881836,5.039999961853027,4.909999847412109,4.909999847412109,3300,0.0,0.0
2022-11-21 00:00:00-05:00,4.889999866485596,4.889999866485596,4.840000152587891,4.840000152587891,4000,0.0,0.0
2022-11-22 00:00:00-05:00,4.840000152587891,4.840000152587891,4.78000020980835,4.78000020980835,10800,0.0,0.0
2022-11-23 00:00:00-05:00,4.809999942779541,4.849999904632568,4.760000228881836,4.789999961853027,2300,0.0,0.0
2022-11-25 00:00:00-05:00,4.820000171661377,4.909999847412109,4.800000190734863,4.800000190734863,10400,0.0,0.0
2022-11-28 00:00:00-05:00,4.800000190734863,4.920000076293945,4.75,4.840000152587891,17300,0.0,0.0
2022-11-29 00:00:00-05:00,4.849999904632568,4.920000076293945,4.849999904632568,4.880000114440918,5100,0.0,0.0
2022-11-30 00:00:00-05:00,4.860000133514404,4.880000114440918,4.840000152587891,4.869999885559082,5600,0.0,0.0
2022-12-01 00:00:00-05:00,4.849999904632568,4.880000114440918,4.769999980926514,4.789999961853027,14200,0.0,0.0
2022-12-02 00:00:00-05:00,4.869999885559082,4.869999885559082,4.78000020980835,4.840000152587891,10200,0.0,0.0
2022-12-05 00:00:00-05:00,4.769999980926514,4.920000076293945,4.760000228881836,4.809999942779541,15100,0.0,0.0
2022-12-06 00:00:00-05:00,4.849999904632568,4.889999866485596,4.829999923706055,4.849999904632568,6300,0.0,0.0
2022-12-07 00:00:00-05:00,4.880000114440918,4.880000114440918,4.800000190734863,4.849999904632568,5500,0.0,0.0
2022-12-08 00:00:00-05:00,4.800000190734863,4.800000190734863,4.75,4.75,6600,0.0,0.0
2022-12-09 00:00:00-05:00,4.699999809265137,4.75,4.699999809265137,4.730000019073486,5300,0.0,0.0
2022-12-12 00:00:00-05:00,4.699999809265137,4.769999980926514,4.679999828338623,4.710000038146973,26200,0.0,0.0
2022-12-13 00:00:00-05:00,4.78000020980835,4.789999961853027,4.710000038146973,4.710000038146973,2500,0.0,0.0
2022-12-14 00:00:00-05:00,4.769999980926514,4.789999961853027,4.670000076293945,4.670000076293945,10000,0.0,0.0
2022-12-15 00:00:00-05:00,4.690000057220459,4.690000057220459,4.659999847412109,4.659999847412109,4200,0.0,0.0
2022-12-16 00:00:00-05:00,4.619999885559082,4.650000095367432,4.599999904632568,4.599999904632568,10600,0.0,0.0
2022-12-19 00:00:00-05:00,4.639999866485596,4.639999866485596,4.559999942779541,4.559999942779541,4800,0.0,0.0
2022-12-20 00:00:00-05:00,4.559999942779541,4.610000133514404,4.480000019073486,4.5,16400,0.0,0.0
2022-12-21 00:00:00-05:00,4.480000019073486,4.639999866485596,4.480000019073486,4.489999771118164,21600,0.0,0.0
2022-12-22 00:00:00-05:00,4.5,4.5,4.309999942779541,4.369999885559082,12400,0.0,0.0
2022-12-23 00:00:00-05:00,4.369999885559082,4.440000057220459,4.369999885559082,4.369999885559082,13200,0.0,0.0
2022-12-27 00:00:00-05:00,4.369999885559082,4.400000095367432,4.369999885559082,4.369999885559082,18200,0.0,0.0
2022-12-28 00:00:00-05:00,4.369999885559082,4.400000095367432,4.349999904632568,4.369999885559082,19600,0.0,0.0
2022-12-29 00:00:00-05:00,4.380000114440918,4.380000114440918,4.329999923706055,4.369999885559082,16600,0.0,0.0
2022-12-30 00:00:00-05:00,4.360000133514404,4.420000076293945,4.300000190734863,4.329999923706055,30800,0.0,0.0
2023-01-03 00:00:00-05:00,4.349999904632568,4.510000228881836,4.349999904632568,4.369999885559082,30700,0.0,0.0
2023-01-04 00:00:00-05:00,4.400000095367432,4.550000190734863,4.360000133514404,4.449999809265137,21900,0.0,0.0
2023-01-05 00:00:00-05:00,4.5,4.5,4.329999923706055,4.360000133514404,16900,0.0,0.0
2023-01-06 00:00:00-05:00,4.409999847412109,4.539999961853027,4.409999847412109,4.510000228881836,12200,0.0,0.0
2023-01-09 00:00:00-05:00,4.389999866485596,4.619999885559082,4.389999866485596,4.599999904632568,15300,0.0,0.0
2023-01-10 00:00:00-05:00,4.610000133514404,4.619999885559082,4.570000171661377,4.610000133514404,2700,0.0,0.0
2023-01-11 00:00:00-05:00,4.659999847412109,4.809999942779541,4.650000095367432,4.800000190734863,12500,0.0,0.0
2023-01-12 00:00:00-05:00,4.800000190734863,4.909999847412109,4.789999961853027,4.900000095367432,6200,0.0,0.0
2023-01-13 00:00:00-05:00,4.849999904632568,4.900000095367432,4.849999904632568,4.849999904632568,6200,0.0,0.0
2023-01-17 00:00:00-05:00,4.900000095367432,4.900000095367432,4.679999828338623,4.71999979019165,8000,0.0,0.0
2023-01-18 00:00:00-05:00,4.78000020980835,4.849999904632568,4.75,4.75,4500,0.0,0.0
2023-01-19 00:00:00-05:00,4.769999980926514,4.78000020980835,4.679999828338623,4.760000228881836,9900,0.0,0.0
2023-01-20 00:00:00-05:00,4.789999961853027,4.829999923706055,4.789999961853027,4.829999923706055,1800,0.0,0.0
2023-01-23 00:00:00-05:00,4.849999904632568,4.949999809265137,4.650000095367432,4.699999809265137,173200,0.0,0.0
2023-01-24 00:00:00-05:00,4.889999866485596,4.889999866485596,4.690000057220459,4.690000057220459,8600,0.0,0.0
2023-01-25 00:00:00-05:00,4.800000190734863,4.800000190734863,4.619999885559082,4.659999847412109,38100,0.0,0.0
2023-01-26 00:00:00-05:00,4.75,4.75,4.650000095367432,4.699999809265137,22900,0.0,0.0
2023-01-27 00:00:00-05:00,4.659999847412109,4.71999979019165,4.559999942779541,4.570000171661377,62100,0.0,0.0
2023-01-30 00:00:00-05:00,4.570000171661377,4.800000190734863,4.570000171661377,4.639999866485596,29000,0.0,0.0
2023-01-31 00:00:00-05:00,4.75,4.800000190734863,4.639999866485596,4.650000095367432,20600,0.0,0.0
2023-02-01 00:00:00-05:00,4.849999904632568,5.690000057220459,4.820000171661377,5.559999942779541,237800,0.0,0.0
2023-02-02 00:00:00-05:00,5.730000019073486,6.590000152587891,5.630000114440918,6.489999771118164,290500,0.0,0.0
2023-02-03 00:00:00-05:00,6.409999847412109,6.789999961853027,6.389999866485596,6.610000133514404,152400,0.0,0.0
2023-02-06 00:00:00-05:00,6.539999961853027,6.800000190734863,6.369999885559082,6.559999942779541,58500,0.0,0.0
2023-02-07 00:00:00-05:00,6.550000190734863,6.820000171661377,6.440000057220459,6.800000190734863,47400,0.0,0.0
2023-02-08 00:00:00-05:00,6.889999866485596,7.230000019073486,6.670000076293945,7.110000133514404,47900,0.0,0.0
2023-02-09 00:00:00-05:00,7.260000228881836,7.28000020980835,6.75,7.210000038146973,64000,0.0,0.0
2023-02-10 00:00:00-05:00,7.190000057220459,7.389999866485596,6.909999847412109,7.309999942779541,38500,0.0,0.0
2023-02-13 00:00:00-05:00,7.329999923706055,7.360000133514404,7.099999904632568,7.130000114440918,31400,0.0,0.0
2023-02-14 00:00:00-05:00,7.199999809265137,7.400000095367432,7.059999942779541,7.079999923706055,44600,0.0,0.0
2023-02-15 00:00:00-05:00,7.099999904632568,7.190000057220459,6.869999885559082,6.869999885559082,46600,0.0,0.0
2023-02-16 00:00:00-05:00,6.929999828338623,7.139999866485596,6.769999980926514,6.980000019073486,47100,0.0,0.0
2023-02-17 00:00:00-05:00,7.110000133514404,7.110000133514404,6.690000057220459,6.860000133514404,18400,0.0,0.0
2023-02-21 00:00:00-05:00,6.940000057220459,7.110000133514404,6.760000228881836,6.809999942779541,28600,0.0,0.0
2023-02-22 00:00:00-05:00,6.809999942779541,7.010000228881836,6.730000019073486,6.739999771118164,24200,0.0,0.0
2023-02-23 00:00:00-05:00,6.860000133514404,6.860000133514404,6.480000019073486,6.71999979019165,30900,0.0,0.0
2023-02-24 00:00:00-05:00,6.619999885559082,6.829999923706055,6.519999980926514,6.769999980926514,46500,0.0,0.0
2023-02-27 00:00:00-05:00,6.699999809265137,7.139999866485596,6.53000020980835,6.650000095367432,35300,0.0,0.0
2023-02-28 00:00:00-05:00,6.579999923706055,7.039999961853027,6.550000190734863,6.840000152587891,43400,0.0,0.0
2023-03-01 00:00:00-05:00,6.739999771118164,6.900000095367432,6.690000057220459,6.690000057220459,13700,0.0,0.0
2023-03-02 00:00:00-05:00,6.730000019073486,7.159999847412109,6.699999809265137,6.940000057220459,44900,0.0,0.0
2023-03-03 00:00:00-05:00,6.940000057220459,6.989999771118164,6.690000057220459,6.869999885559082,52900,0.0,0.0
2023-03-06 00:00:00-05:00,6.789999961853027,6.849999904632568,6.650000095367432,6.670000076293945,24100,0.0,0.0
2023-03-07 00:00:00-05:00,6.619999885559082,6.889999866485596,6.519999980926514,6.630000114440918,27200,0.0,0.0
2023-03-08 00:00:00-05:00,6.739999771118164,6.809999942779541,6.309999942779541,6.489999771118164,27500,0.0,0.0
2023-03-09 00:00:00-05:00,6.420000076293945,6.710000038146973,6.340000152587891,6.480000019073486,21800,0.0,0.0
2023-03-10 00:00:00-05:00,6.539999961853027,6.579999923706055,6.360000133514404,6.550000190734863,23400,0.0,0.0
2023-03-13 00:00:00-04:00,6.429999828338623,6.710000038146973,6.409999847412109,6.409999847412109,35700,0.0,0.0
2023-03-14 00:00:00-04:00,6.400000095367432,6.619999885559082,6.239999771118164,6.260000228881836,32000,0.0,0.0
2023-03-15 00:00:00-04:00,6.230000019073486,6.449999809265137,6.159999847412109,6.199999809265137,41000,0.0,0.0
2023-03-16 00:00:00-04:00,6.269999980926514,6.760000228881836,6.21999979019165,6.360000133514404,24700,0.0,0.0
2023-03-17 00:00:00-04:00,6.420000076293945,6.960000038146973,6.21999979019165,6.590000152587891,88000,0.0,0.0
2023-03-20 00:00:00-04:00,6.610000133514404,6.710000038146973,6.230000019073486,6.300000190734863,18500,0.0,0.0
2023-03-21 00:00:00-04:00,6.409999847412109,6.75,6.260000228881836,6.380000114440918,32400,0.0,0.0
2023-03-22 00:00:00-04:00,6.610000133514404,6.610000133514404,6.360000133514404,6.409999847412109,15000,0.0,0.0
2023-03-23 00:00:00-04:00,6.510000228881836,7.0,6.409999847412109,6.690000057220459,37900,0.0,0.0
2023-03-24 00:00:00-04:00,6.590000152587891,7.059999942779541,6.46999979019165,6.849999904632568,15900,0.0,0.0
2023-03-27 00:00:00-04:00,6.739999771118164,7.0,6.739999771118164,6.900000095367432,15500,0.0,0.0
2023-03-28 00:00:00-04:00,6.929999828338623,7.199999809265137,6.869999885559082,6.880000114440918,19300,0.0,0.0
2023-03-29 00:00:00-04:00,6.829999923706055,7.199999809265137,6.800000190734863,7.050000190734863,46800,0.0,0.0
2023-03-30 00:00:00-04:00,7.099999904632568,7.130000114440918,6.989999771118164,7.059999942779541,14100,0.0,0.0
2023-03-31 00:00:00-04:00,7.119999885559082,7.5,6.940000057220459,7.269999980926514,32100,0.0,0.0
2023-04-03 00:00:00-04:00,7.320000171661377,7.53000020980835,7.21999979019165,7.239999771118164,24700,0.0,0.0
2023-04-04 00:00:00-04:00,7.170000076293945,7.199999809265137,7.070000171661377,7.070000171661377,18700,0.0,0.0
2023-04-05 00:00:00-04:00,7.28000020980835,7.289999961853027,7.099999904632568,7.210000038146973,15000,0.0,0.0
2023-04-06 00:00:00-04:00,7.119999885559082,7.190000057220459,6.889999866485596,7.050000190734863,11900,0.0,0.0
2023-04-10 00:00:00-04:00,7.139999866485596,7.230000019073486,6.940000057220459,7.03000020980835,7000,0.0,0.0
2023-04-11 00:00:00-04:00,7.239999771118164,7.239999771118164,6.800000190734863,6.900000095367432,13800,0.0,0.0
2023-04-12 00:00:00-04:00,6.849999904632568,7.119999885559082,6.809999942779541,6.980000019073486,11200,0.0,0.0
2023-04-13 00:00:00-04:00,7.110000133514404,7.110000133514404,6.849999904632568,7.019999980926514,13000,0.0,0.0
2023-04-14 00:00:00-04:00,7.199999809265137,7.21999979019165,6.840000152587891,6.96999979019165,12700,0.0,0.0
2023-04-17 00:00:00-04:00,7.010000228881836,7.010000228881836,6.800000190734863,6.849999904632568,18100,0.0,0.0
2023-04-18 00:00:00-04:00,6.929999828338623,7.039999961853027,6.809999942779541,6.809999942779541,21500,0.0,0.0
2023-04-19 00:00:00-04:00,6.650000095367432,6.960000038146973,6.650000095367432,6.880000114440918,10300,0.0,0.0
2023-04-20 00:00:00-04:00,6.960000038146973,7.0,6.599999904632568,6.949999809265137,16300,0.0,0.0
2023-04-21 00:00:00-04:00,7.0,7.0,6.559999942779541,6.869999885559082,13300,0.0,0.0
2023-04-24 00:00:00-04:00,6.78000020980835,6.96999979019165,6.730000019073486,6.769999980926514,8600,0.0,0.0
2023-04-25 00:00:00-04:00,6.800000190734863,6.800000190734863,6.389999866485596,6.599999904632568,10500,0.0,0.0
2023-04-26 00:00:00-04:00,6.619999885559082,6.670000076293945,6.420000076293945,6.599999904632568,41300,0.0,0.0
2023-04-27 00:00:00-04:00,6.53000020980835,6.889999866485596,6.5,6.809999942779541,10000,0.0,0.0
2023-04-28 00:00:00-04:00,6.619999885559082,6.840000152587891,6.619999885559082,6.840000152587891,6200,0.0,0.0
2023-05-01 00:00:00-04:00,6.860000133514404,7.019999980926514,6.75,6.880000114440918,19800,0.0,0.0
2023-05-02 00:00:00-04:00,6.829999923706055,7.010000228881836,6.800000190734863,6.809999942779541,40300,0.0,0.0
2023-05-03 00:00:00-04:00,6.269999980926514,6.349999904632568,5.309999942779541,5.800000190734863,108300,0.0,0.0
2023-05-04 00:00:00-04:00,5.739999771118164,5.880000114440918,5.559999942779541,5.730000019073486,88400,0.0,0.0
2023-05-05 00:00:00-04:00,5.670000076293945,5.989999771118164,5.599999904632568,5.940000057220459,55600,0.0,0.0
2023-05-08 00:00:00-04:00,6.0,6.0,5.539999961853027,5.75,42600,0.0,0.0
2023-05-09 00:00:00-04:00,5.699999809265137,6.03000020980835,5.650000095367432,5.869999885559082,53900,0.0,0.0
2023-05-10 00:00:00-04:00,5.840000152587891,6.230000019073486,5.71999979019165,6.070000171661377,38000,0.0,0.0
2023-05-11 00:00:00-04:00,5.78000020980835,6.059999942779541,5.78000020980835,5.900000095367432,14100,0.0,0.0
2023-05-12 00:00:00-04:00,5.929999828338623,5.949999809265137,5.659999847412109,5.900000095367432,21000,0.0,0.0
2023-05-15 00:00:00-04:00,5.940000057220459,5.940000057220459,5.710000038146973,5.710000038146973,7500,0.0,0.0
2023-05-16 00:00:00-04:00,5.630000114440918,5.739999771118164,5.579999923706055,5.710000038146973,10700,0.0,0.0
2023-05-17 00:00:00-04:00,5.650000095367432,5.820000171661377,5.449999809265137,5.78000020980835,51800,0.0,0.0
2023-05-18 00:00:00-04:00,5.829999923706055,5.849999904632568,5.400000095367432,5.730000019073486,66400,0.0,0.0
2023-05-19 00:00:00-04:00,5.789999961853027,5.789999961853027,5.489999771118164,5.739999771118164,42400,0.0,0.0
2023-05-22 00:00:00-04:00,5.739999771118164,5.739999771118164,5.409999847412109,5.610000133514404,63200,0.0,0.0
2023-05-23 00:00:00-04:00,5.539999961853027,5.590000152587891,5.179999828338623,5.360000133514404,84900,0.0,0.0
2023-05-24 00:00:00-04:00,5.309999942779541,5.519999980926514,5.309999942779541,5.389999866485596,9000,0.0,0.0
2023-05-25 00:00:00-04:00,5.440000057220459,5.480000019073486,5.199999809265137,5.300000190734863,12600,0.0,0.0
2023-05-26 00:00:00-04:00,5.230000019073486,5.360000133514404,5.230000019073486,5.320000171661377,5100,0.0,0.0
2023-05-30 00:00:00-04:00,5.340000152587891,5.449999809265137,5.21999979019165,5.269999980926514,12100,0.0,0.0
2023-05-31 00:00:00-04:00,5.420000076293945,5.460000038146973,5.329999923706055,5.449999809265137,6100,0.0,0.0
2023-06-01 00:00:00-04:00,5.389999866485596,5.460000038146973,5.329999923706055,5.349999904632568,15700,0.0,0.0
2023-06-02 00:00:00-04:00,5.320000171661377,5.389999866485596,5.269999980926514,5.380000114440918,8500,0.0,0.0
2023-06-05 00:00:00-04:00,5.340000152587891,5.389999866485596,5.239999771118164,5.300000190734863,19700,0.0,0.0
2023-06-06 00:00:00-04:00,5.25,5.550000190734863,5.25,5.510000228881836,15900,0.0,0.0
2023-06-07 00:00:00-04:00,5.550000190734863,5.929999828338623,5.440000057220459,5.590000152587891,14300,0.0,0.0
2023-06-08 00:00:00-04:00,5.650000095367432,5.840000152587891,5.650000095367432,5.760000228881836,13600,0.0,0.0
2023-06-09 00:00:00-04:00,5.78000020980835,5.78000020980835,5.489999771118164,5.679999828338623,21400,0.0,0.0
2023-06-12 00:00:00-04:00,5.690000057220459,5.869999885559082,5.619999885559082,5.739999771118164,14900,0.0,0.0
2023-06-13 00:00:00-04:00,5.840000152587891,5.960000038146973,5.699999809265137,5.699999809265137,13400,0.0,0.0
2023-06-14 00:00:00-04:00,5.800000190734863,5.900000095367432,5.599999904632568,5.610000133514404,16300,0.0,0.0
2023-06-15 00:00:00-04:00,5.670000076293945,5.789999961853027,5.579999923706055,5.670000076293945,16800,0.0,0.0
2023-06-16 00:00:00-04:00,5.619999885559082,5.670000076293945,5.570000171661377,5.619999885559082,25400,0.0,0.0
2023-06-20 00:00:00-04:00,5.650000095367432,5.659999847412109,5.449999809265137,5.449999809265137,10600,0.0,0.0
2023-06-21 00:00:00-04:00,5.539999961853027,5.539999961853027,5.429999828338623,5.519999980926514,5600,0.0,0.0
2023-06-22 00:00:00-04:00,5.550000190734863,5.650000095367432,5.539999961853027,5.630000114440918,12600,0.0,0.0
2023-06-23 00:00:00-04:00,5.599999904632568,5.599999904632568,5.480000019073486,5.559999942779541,21200,0.0,0.0
2023-06-26 00:00:00-04:00,5.570000171661377,5.579999923706055,5.420000076293945,5.449999809265137,33300,0.0,0.0
2023-06-27 00:00:00-04:00,5.460000038146973,5.599999904632568,5.460000038146973,5.489999771118164,5900,0.0,0.0
2023-06-28 00:00:00-04:00,5.53000020980835,5.670000076293945,5.46999979019165,5.610000133514404,19200,0.0,0.0
2023-06-29 00:00:00-04:00,5.599999904632568,5.679999828338623,5.5,5.639999866485596,21200,0.0,0.0
2023-06-30 00:00:00-04:00,5.639999866485596,5.679999828338623,5.579999923706055,5.670000076293945,13400,0.0,0.0
2023-07-03 00:00:00-04:00,5.679999828338623,5.679999828338623,5.579999923706055,5.630000114440918,5000,0.0,0.0
2023-07-05 00:00:00-04:00,5.579999923706055,5.590000152587891,5.449999809265137,5.480000019073486,12700,0.0,0.0
2023-07-06 00:00:00-04:00,5.5,5.579999923706055,5.400000095367432,5.460000038146973,11600,0.0,0.0
2023-07-07 00:00:00-04:00,5.460000038146973,5.5,5.440000057220459,5.489999771118164,10800,0.0,0.0
2023-07-10 00:00:00-04:00,5.5,5.519999980926514,5.360000133514404,5.360000133514404,13600,0.0,0.0
2023-07-11 00:00:00-04:00,5.449999809265137,5.449999809265137,5.320000171661377,5.320000171661377,3200,0.0,0.0
2023-07-12 00:00:00-04:00,5.340000152587891,5.460000038146973,5.28000020980835,5.349999904632568,27300,0.0,0.0
2023-07-13 00:00:00-04:00,5.28000020980835,5.480000019073486,5.28000020980835,5.480000019073486,9000,0.0,0.0
2023-07-14 00:00:00-04:00,5.409999847412109,5.519999980926514,5.409999847412109,5.46999979019165,12000,0.0,0.0
2023-07-17 00:00:00-04:00,5.519999980926514,5.75,5.519999980926514,5.610000133514404,29600,0.0,0.0
2023-07-18 00:00:00-04:00,5.519999980926514,5.739999771118164,5.519999980926514,5.739999771118164,8800,0.0,0.0
2023-07-19 00:00:00-04:00,5.710000038146973,5.869999885559082,5.639999866485596,5.78000020980835,12600,0.0,0.0
2023-07-20 00:00:00-04:00,5.849999904632568,5.869999885559082,5.699999809265137,5.71999979019165,7800,0.0,0.0
2023-07-21 00:00:00-04:00,5.829999923706055,5.889999866485596,5.659999847412109,5.71999979019165,14700,0.0,0.0
2023-07-24 00:00:00-04:00,5.71999979019165,5.840000152587891,5.699999809265137,5.699999809265137,16400,0.0,0.0
2023-07-25 00:00:00-04:00,5.699999809265137,5.880000114440918,5.699999809265137,5.699999809265137,5000,0.0,0.0
2023-07-26 00:00:00-04:00,5.699999809265137,5.869999885559082,5.659999847412109,5.710000038146973,4900,0.0,0.0
2023-07-27 00:00:00-04:00,5.670000076293945,5.820000171661377,5.670000076293945,5.730000019073486,6800,0.0,0.0
2023-07-28 00:00:00-04:00,5.679999828338623,5.889999866485596,5.679999828338623,5.78000020980835,9900,0.0,0.0
2023-07-31 00:00:00-04:00,5.789999961853027,5.96999979019165,5.75,5.849999904632568,12500,0.0,0.0
2023-08-01 00:00:00-04:00,5.820000171661377,5.989999771118164,5.820000171661377,5.869999885559082,35400,0.0,0.0
2023-08-02 00:00:00-04:00,5.880000114440918,6.0,5.880000114440918,5.909999847412109,10900,0.0,0.0
2023-08-03 00:00:00-04:00,5.849999904632568,5.960000038146973,5.840000152587891,5.840000152587891,7400,0.0,0.0
2023-08-04 00:00:00-04:00,6.239999771118164,6.239999771118164,5.860000133514404,6.039999961853027,16100,0.0,0.0
2023-08-07 00:00:00-04:00,5.920000076293945,6.210000038146973,5.900000095367432,6.0,17700,0.0,0.0
2023-08-08 00:00:00-04:00,5.940000057220459,6.239999771118164,5.940000057220459,6.0,9200,0.0,0.0
2023-08-09 00:00:00-04:00,6.119999885559082,6.119999885559082,5.849999904632568,5.869999885559082,3700,0.0,0.0
2023-08-10 00:00:00-04:00,5.800000190734863,5.96999979019165,5.800000190734863,5.96999979019165,12100,0.0,0.0
2023-08-11 00:00:00-04:00,5.980000019073486,5.989999771118164,5.71999979019165,5.849999904632568,33600,0.0,0.0
2023-08-14 00:00:00-04:00,5.760000228881836,5.920000076293945,5.599999904632568,5.639999866485596,28700,0.0,0.0
2023-08-15 00:00:00-04:00,5.75,5.75,5.46999979019165,5.559999942779541,35100,0.0,0.0
2023-08-16 00:00:00-04:00,5.329999923706055,5.329999923706055,4.909999847412109,4.929999828338623,174000,0.0,0.0
2023-08-17 00:00:00-04:00,4.980000019073486,5.099999904632568,4.869999885559082,4.869999885559082,74900,0.0,0.0
2023-08-18 00:00:00-04:00,4.909999847412109,4.909999847412109,4.71999979019165,4.769999980926514,27500,0.0,0.0
2023-08-21 00:00:00-04:00,4.690000057220459,4.849999904632568,4.670000076293945,4.739999771118164,19300,0.0,0.0
2023-08-22 00:00:00-04:00,4.760000228881836,4.849999904632568,4.429999828338623,4.429999828338623,71400,0.0,0.0
2023-08-23 00:00:00-04:00,4.5,4.699999809265137,4.409999847412109,4.5,54200,0.0,0.0
2023-08-24 00:00:00-04:00,4.429999828338623,4.550000190734863,4.380000114440918,4.46999979019165,15600,0.0,0.0
2023-08-25 00:00:00-04:00,4.539999961853027,4.539999961853027,4.420000076293945,4.460000038146973,15300,0.0,0.0
2023-08-28 00:00:00-04:00,4.449999809265137,4.630000114440918,4.340000152587891,4.539999961853027,93800,0.0,0.0
2023-08-29 00:00:00-04:00,4.570000171661377,4.699999809265137,4.570000171661377,4.599999904632568,16500,0.0,0.0
2023-08-30 00:00:00-04:00,4.75,4.789999961853027,4.619999885559082,4.769999980926514,5600,0.0,0.0
2023-08-31 00:00:00-04:00,4.769999980926514,4.949999809265137,4.769999980926514,4.789999961853027,22300,0.0,0.0
2023-09-01 00:00:00-04:00,4.840000152587891,4.840000152587891,4.800000190734863,4.800000190734863,8100,0.0,0.0
2023-09-05 00:00:00-04:00,4.809999942779541,4.849999904632568,4.599999904632568,4.599999904632568,21900,0.0,0.0
2023-09-06 00:00:00-04:00,4.590000152587891,4.610000133514404,4.46999979019165,4.46999979019165,6700,0.0,0.0
2023-09-07 00:00:00-04:00,4.429999828338623,4.630000114440918,4.369999885559082,4.440000057220459,13300,0.0,0.0
2023-09-08 00:00:00-04:00,4.400000095367432,4.71999979019165,4.400000095367432,4.590000152587891,15600,0.0,0.0
2023-09-11 00:00:00-04:00,4.590000152587891,4.670000076293945,4.519999980926514,4.519999980926514,11000,0.0,0.0
2023-09-12 00:00:00-04:00,4.539999961853027,4.75,4.539999961853027,4.650000095367432,5900,0.0,0.0
2023-09-13 00:00:00-04:00,4.639999866485596,4.690000057220459,4.53000020980835,4.550000190734863,12500,0.0,0.0
2023-09-14 00:00:00-04:00,4.739999771118164,4.829999923706055,4.699999809265137,4.739999771118164,17000,0.0,0.0
2023-09-15 00:00:00-04:00,4.630000114440918,4.769999980926514,4.449999809265137,4.460000038146973,15700,0.0,0.0
2023-09-18 00:00:00-04:00,4.46999979019165,4.699999809265137,4.46999979019165,4.590000152587891,4600,0.0,0.0
2023-09-19 00:00:00-04:00,4.630000114440918,4.630000114440918,4.460000038146973,4.519999980926514,12900,0.0,0.0
2023-09-20 00:00:00-04:00,4.46999979019165,4.570000171661377,4.340000152587891,4.340000152587891,24600,0.0,0.0
2023-09-21 00:00:00-04:00,4.340000152587891,4.389999866485596,4.329999923706055,4.349999904632568,2100,0.0,0.0
2023-09-22 00:00:00-04:00,4.389999866485596,4.480000019073486,4.380000114440918,4.389999866485596,2400,0.0,0.0
2023-09-25 00:00:00-04:00,4.329999923706055,4.480000019073486,4.329999923706055,4.349999904632568,7700,0.0,0.0
2023-09-26 00:00:00-04:00,4.349999904632568,4.349999904632568,4.329999923706055,4.329999923706055,3300,0.0,0.0
2023-09-27 00:00:00-04:00,4.320000171661377,4.460000038146973,4.320000171661377,4.349999904632568,4400,0.0,0.0
2023-09-28 00:00:00-04:00,4.380000114440918,4.46999979019165,4.320000171661377,4.380000114440918,12200,0.0,0.0
2023-09-29 00:00:00-04:00,4.46999979019165,4.46999979019165,4.349999904632568,4.46999979019165,10700,0.0,0.0
2023-10-02 00:00:00-04:00,4.480000019073486,4.480000019073486,4.400000095367432,4.46999979019165,4300,0.0,0.0
2023-10-03 00:00:00-04:00,4.46999979019165,4.489999771118164,4.329999923706055,4.329999923706055,9600,0.0,0.0
2023-10-04 00:00:00-04:00,4.329999923706055,4.389999866485596,4.210000038146973,4.239999771118164,8000,0.0,0.0
2023-10-05 00:00:00-04:00,4.300000190734863,4.300000190734863,4.159999847412109,4.199999809265137,21500,0.0,0.0
2023-10-06 00:00:00-04:00,4.159999847412109,4.360000133514404,4.099999904632568,4.130000114440918,13200,0.0,0.0
2023-10-09 00:00:00-04:00,4.03000020980835,4.21999979019165,4.03000020980835,4.130000114440918,19200,0.0,0.0
2023-10-10 00:00:00-04:00,4.25,4.260000228881836,4.110000133514404,4.110000133514404,12400,0.0,0.0
2023-10-11 00:00:00-04:00,4.130000114440918,4.320000171661377,4.130000114440918,4.269999980926514,14800,0.0,0.0
2023-10-12 00:00:00-04:00,4.260000228881836,4.320000171661377,4.210000038146973,4.320000171661377,18300,0.0,0.0
2023-10-13 00:00:00-04:00,4.320000171661377,4.409999847412109,4.119999885559082,4.239999771118164,36500,0.0,0.0
2023-10-16 00:00:00-04:00,4.320000171661377,4.420000076293945,4.320000171661377,4.380000114440918,12500,0.0,0.0
2023-10-17 00:00:00-04:00,4.489999771118164,4.5,4.349999904632568,4.349999904632568,21900,0.0,0.0
2023-10-18 00:00:00-04:00,4.460000038146973,4.460000038146973,4.360000133514404,4.360000133514404,2000,0.0,0.0
2023-10-19 00:00:00-04:00,4.309999942779541,4.400000095367432,4.210000038146973,4.210000038146973,15700,0.0,0.0
2023-10-20 00:00:00-04:00,4.170000076293945,4.21999979019165,4.130000114440918,4.199999809265137,7200,0.0,0.0
2023-10-23 00:00:00-04:00,4.179999828338623,4.199999809265137,4.179999828338623,4.179999828338623,2200,0.0,0.0
2023-10-24 00:00:00-04:00,4.21999979019165,4.21999979019165,4.010000228881836,4.019999980926514,61500,0.0,0.0
2023-10-25 00:00:00-04:00,3.950000047683716,4.019999980926514,3.7799999713897705,3.859999895095825,72600,0.0,0.0
2023-10-26 00:00:00-04:00,3.8399999141693115,3.9600000381469727,3.7200000286102295,3.880000114440918,15200,0.0,0.0
2023-10-27 00:00:00-04:00,3.990000009536743,4.019999980926514,3.890000104904175,3.890000104904175,25400,0.0,0.0
2023-10-30 00:00:00-04:00,3.799999952316284,3.950000047683716,3.799999952316284,3.8299999237060547,25500,0.0,0.0
2023-10-31 00:00:00-04:00,3.8299999237060547,3.869999885559082,3.809999942779541,3.809999942779541,13300,0.0,0.0
2023-11-01 00:00:00-04:00,3.799999952316284,3.930000066757202,3.799999952316284,3.8299999237060547,18500,0.0,0.0
2023-11-02 00:00:00-04:00,3.819999933242798,3.940000057220459,3.819999933242798,3.940000057220459,17000,0.0,0.0
2023-11-03 00:00:00-04:00,3.890000104904175,4.099999904632568,3.890000104904175,3.9600000381469727,32600,0.0,0.0
2023-11-06 00:00:00-05:00,4.0,4.079999923706055,3.9800000190734863,3.9800000190734863,14700,0.0,0.0
2023-11-07 00:00:00-05:00,3.9800000190734863,4.110000133514404,3.8299999237060547,3.8299999237060547,31000,0.0,0.0
2023-11-08 00:00:00-05:00,3.8399999141693115,3.8399999141693115,3.809999942779541,3.809999942779541,6300,0.0,0.0
2023-11-09 00:00:00-05:00,3.9200000762939453,3.950000047683716,3.759999990463257,3.819999933242798,15500,0.0,0.0
2023-11-10 00:00:00-05:00,3.819999933242798,4.019999980926514,3.7699999809265137,4.019999980926514,6800,0.0,0.0
2023-11-13 00:00:00-05:00,3.9200000762939453,4.010000228881836,3.8499999046325684,3.9000000953674316,6800,0.0,0.0
2023-11-14 00:00:00-05:00,3.9100000858306885,4.0,3.8399999141693115,3.990000009536743,13500,0.0,0.0
2023-11-15 00:00:00-05:00,4.019999980926514,4.039999961853027,3.819999933242798,3.819999933242798,13900,0.0,0.0
2023-11-16 00:00:00-05:00,3.869999885559082,3.9100000858306885,3.819999933242798,3.8299999237060547,8400,0.0,0.0
2023-11-17 00:00:00-05:00,3.8299999237060547,3.9000000953674316,3.799999952316284,3.809999942779541,14000,0.0,0.0
2023-11-20 00:00:00-05:00,3.859999895095825,3.869999885559082,3.799999952316284,3.809999942779541,27900,0.0,0.0
2023-11-21 00:00:00-05:00,3.8399999141693115,3.8399999141693115,3.7799999713897705,3.799999952316284,34900,0.0,0.0
2023-11-22 00:00:00-05:00,3.8399999141693115,3.9800000190734863,3.819999933242798,3.9600000381469727,6300,0.0,0.0
2023-11-24 00:00:00-05:00,3.9800000190734863,4.110000133514404,3.9800000190734863,4.050000190734863,8400,0.0,0.0
2023-11-27 00:00:00-05:00,4.179999828338623,4.21999979019165,4.079999923706055,4.090000152587891,46500,0.0,0.0
2023-11-28 00:00:00-05:00,4.010000228881836,4.130000114440918,4.010000228881836,4.010000228881836,9800,0.0,0.0
2023-11-29 00:00:00-05:00,4.039999961853027,4.190000057220459,4.039999961853027,4.099999904632568,6700,0.0,0.0
2023-11-30 00:00:00-05:00,4.119999885559082,4.130000114440918,4.099999904632568,4.099999904632568,7400,0.0,0.0
2023-12-01 00:00:00-05:00,4.099999904632568,4.099999904632568,4.0,4.070000171661377,10200,0.0,0.0
2023-12-04 00:00:00-05:00,4.070000171661377,4.150000095367432,4.019999980926514,4.019999980926514,15300,0.0,0.0
2023-12-05 00:00:00-05:00,4.039999961853027,4.079999923706055,4.0,4.0,11700,0.0,0.0
2023-12-06 00:00:00-05:00,4.039999961853027,4.130000114440918,4.0,4.0,20200,0.0,0.0
2023-12-07 00:00:00-05:00,4.019999980926514,4.159999847412109,4.019999980926514,4.159999847412109,20400,0.0,0.0
2023-12-08 00:00:00-05:00,4.010000228881836,4.210000038146973,4.0,4.210000038146973,24800,0.0,0.0
2023-12-11 00:00:00-05:00,4.230000019073486,4.400000095367432,4.230000019073486,4.349999904632568,31900,0.0,0.0
2023-12-12 00:00:00-05:00,4.269999980926514,4.369999885559082,4.269999980926514,4.300000190734863,7400,0.0,0.0
2023-12-13 00:00:00-05:00,4.25,4.289999961853027,4.110000133514404,4.130000114440918,37600,0.0,0.0
2023-12-14 00:00:00-05:00,4.329999923706055,4.329999923706055,4.210000038146973,4.25,6800,0.0,0.0
2023-12-15 00:00:00-05:00,4.320000171661377,4.369999885559082,4.210000038146973,4.210000038146973,21600,0.0,0.0
2023-12-18 00:00:00-05:00,4.199999809265137,4.289999961853027,4.199999809265137,4.199999809265137,45500,0.0,0.0
2023-12-19 00:00:00-05:00,4.139999866485596,4.239999771118164,4.119999885559082,4.119999885559082,32300,0.0,0.0
2023-12-20 00:00:00-05:00,4.099999904632568,4.21999979019165,4.010000228881836,4.179999828338623,20500,0.0,0.0
2023-12-21 00:00:00-05:00,4.179999828338623,4.179999828338623,4.070000171661377,4.159999847412109,18400,0.0,0.0
2023-12-22 00:00:00-05:00,4.159999847412109,4.159999847412109,4.090000152587891,4.150000095367432,11100,0.0,0.0
2023-12-26 00:00:00-05:00,4.150000095367432,4.329999923706055,4.150000095367432,4.300000190734863,14300,0.0,0.0
2023-12-27 00:00:00-05:00,4.329999923706055,4.409999847412109,4.329999923706055,4.360000133514404,11400,0.0,0.0
2023-12-28 00:00:00-05:00,4.25,4.300000190734863,4.199999809265137,4.239999771118164,17300,0.0,0.0
2023-12-29 00:00:00-05:00,4.25,4.360000133514404,4.25,4.320000171661377,23700,0.0,0.0
2024-01-02 00:00:00-05:00,4.320000171661377,4.360000133514404,4.25,4.320000171661377,13200,0.0,0.0
2024-01-03 00:00:00-05:00,4.349999904632568,4.409999847412109,4.340000152587891,4.340000152587891,13600,0.0,0.0
2024-01-04 00:00:00-05:00,4.400000095367432,4.400000095367432,4.340000152587891,4.389999866485596,10000,0.0,0.0
2024-01-05 00:00:00-05:00,4.389999866485596,4.400000095367432,4.179999828338623,4.199999809265137,19100,0.0,0.0
2024-01-08 00:00:00-05:00,4.199999809265137,4.309999942779541,4.159999847412109,4.159999847412109,6600,0.0,0.0
2024-01-09 00:00:00-05:00,4.190000057220459,4.25,4.179999828338623,4.190000057220459,5400,0.0,0.0
2024-01-10 00:00:00-05:00,4.199999809265137,4.269999980926514,4.150000095367432,4.269999980926514,12500,0.0,0.0
2024-01-11 00:00:00-05:00,4.28000020980835,4.28000020980835,4.150000095367432,4.150000095367432,17800,0.0,0.0
2024-01-12 00:00:00-05:00,4.159999847412109,4.210000038146973,4.159999847412109,4.210000038146973,4300,0.0,0.0
2024-01-16 00:00:00-05:00,4.210000038146973,4.210000038146973,4.159999847412109,4.159999847412109,4900,0.0,0.0
2024-01-17 00:00:00-05:00,4.159999847412109,4.179999828338623,4.110000133514404,4.110000133514404,17800,0.0,0.0
2024-01-18 00:00:00-05:00,4.190000057220459,4.190000057220459,4.099999904632568,4.170000076293945,8400,0.0,0.0
2024-01-19 00:00:00-05:00,4.150000095367432,4.190000057220459,4.119999885559082,4.190000057220459,23300,0.0,0.0
2024-01-22 00:00:00-05:00,4.159999847412109,4.369999885559082,4.119999885559082,4.289999961853027,25300,0.0,0.0
2024-01-23 00:00:00-05:00,4.289999961853027,4.380000114440918,4.190000057220459,4.190000057220459,15500,0.0,0.0
2024-01-24 00:00:00-05:00,4.039999961853027,4.309999942779541,4.039999961853027,4.190000057220459,17000,0.0,0.0
2024-01-25 00:00:00-05:00,4.199999809265137,4.360000133514404,4.199999809265137,4.360000133514404,13500,0.0,0.0
2024-01-26 00:00:00-05:00,4.389999866485596,4.429999828338623,4.360000133514404,4.420000076293945,5200,0.0,0.0
2024-01-29 00:00:00-05:00,4.420000076293945,4.429999828338623,4.349999904632568,4.369999885559082,9100,0.0,0.0
2024-01-30 00:00:00-05:00,4.309999942779541,4.389999866485596,4.289999961853027,4.369999885559082,5600,0.0,0.0
2024-01-31 00:00:00-05:00,4.349999904632568,4.360000133514404,4.260000228881836,4.260000228881836,7300,0.0,0.0
2024-02-01 00:00:00-05:00,4.260000228881836,4.389999866485596,4.25,4.25,5600,0.0,0.0
2024-02-02 00:00:00-05:00,4.429999828338623,4.429999828338623,4.260000228881836,4.400000095367432,12800,0.0,0.0
2024-02-05 00:00:00-05:00,4.349999904632568,4.349999904632568,4.190000057220459,4.309999942779541,8200,0.0,0.0
2024-02-06 00:00:00-05:00,4.429999828338623,4.449999809265137,4.28000020980835,4.440000057220459,68600,0.0,0.0
2024-02-07 00:00:00-05:00,4.449999809265137,4.739999771118164,4.449999809265137,4.599999904632568,81000,0.0,0.0
2024-02-08 00:00:00-05:00,4.610000133514404,4.71999979019165,4.610000133514404,4.670000076293945,23700,0.0,0.0
2024-02-09 00:00:00-05:00,4.71999979019165,4.75,4.590000152587891,4.699999809265137,11900,0.0,0.0
2024-02-12 00:00:00-05:00,4.650000095367432,4.860000133514404,4.650000095367432,4.71999979019165,29900,0.0,0.0
2024-02-13 00:00:00-05:00,4.650000095367432,4.75,4.650000095367432,4.659999847412109,15400,0.0,0.0
2024-02-14 00:00:00-05:00,4.659999847412109,4.789999961853027,4.619999885559082,4.78000020980835,6500,0.0,0.0
2024-02-15 00:00:00-05:00,4.670000076293945,4.78000020980835,4.659999847412109,4.769999980926514,13700,0.0,0.0
2024-02-16 00:00:00-05:00,4.710000038146973,4.909999847412109,4.690000057220459,4.75,15800,0.0,0.0
2024-02-20 00:00:00-05:00,4.769999980926514,4.940000057220459,4.760000228881836,4.809999942779541,18600,0.0,0.0
2024-02-21 00:00:00-05:00,4.730000019073486,4.849999904632568,4.599999904632568,4.840000152587891,23800,0.0,0.0
2024-02-22 00:00:00-05:00,4.880000114440918,4.880000114440918,4.71999979019165,4.880000114440918,22300,0.0,0.0
2024-02-23 00:00:00-05:00,4.78000020980835,4.900000095367432,4.699999809265137,4.809999942779541,19200,0.0,0.0
2024-02-26 00:00:00-05:00,4.71999979019165,4.889999866485596,4.679999828338623,4.699999809265137,10200,0.0,0.0
2024-02-27 00:00:00-05:00,4.679999828338623,4.78000020980835,4.659999847412109,4.670000076293945,5100,0.0,0.0
2024-02-28 00:00:00-05:00,4.920000076293945,4.920000076293945,4.699999809265137,4.699999809265137,7800,0.0,0.0
2024-02-29 00:00:00-05:00,4.809999942779541,4.869999885559082,4.659999847412109,4.659999847412109,6000,0.0,0.0
2024-03-01 00:00:00-05:00,4.659999847412109,4.730000019073486,4.659999847412109,4.699999809265137,24000,0.0,0.0
2024-03-04 00:00:00-05:00,4.659999847412109,4.900000095367432,4.659999847412109,4.730000019073486,17200,0.0,0.0
2024-03-05 00:00:00-05:00,4.679999828338623,4.849999904632568,4.679999828338623,4.710000038146973,22000,0.0,0.0
2024-03-06 00:00:00-05:00,4.710000038146973,4.789999961853027,4.650000095367432,4.739999771118164,6500,0.0,0.0
2024-03-07 00:00:00-05:00,4.809999942779541,4.809999942779541,4.670000076293945,4.789999961853027,8400,0.0,0.0
2024-03-08 00:00:00-05:00,4.699999809265137,4.909999847412109,4.670000076293945,4.909999847412109,7600,0.0,0.0
2024-03-11 00:00:00-04:00,4.809999942779541,4.949999809265137,4.739999771118164,4.789999961853027,5400,0.0,0.0
2024-03-12 00:00:00-04:00,4.800000190734863,4.96999979019165,4.760000228881836,4.820000171661377,19500,0.0,0.0
2024-03-13 00:00:00-04:00,4.75,4.820000171661377,4.71999979019165,4.820000171661377,4500,0.0,0.0
2024-03-14 00:00:00-04:00,4.849999904632568,4.96999979019165,4.75,4.820000171661377,14600,0.0,0.0
2024-03-15 00:00:00-04:00,4.71999979019165,4.960000038146973,4.71999979019165,4.960000038146973,41500,0.0,0.0
2024-03-18 00:00:00-04:00,5.0,5.139999866485596,4.869999885559082,4.940000057220459,13400,0.0,0.0
2024-03-19 00:00:00-04:00,5.0,5.0,4.909999847412109,4.920000076293945,24000,0.0,0.0
2024-03-20 00:00:00-04:00,5.0,5.0,4.809999942779541,4.900000095367432,15000,0.0,0.0
2024-03-21 00:00:00-04:00,4.949999809265137,4.960000038146973,4.820000171661377,4.849999904632568,17900,0.0,0.0
2024-03-22 00:00:00-04:00,4.769999980926514,4.840000152587891,4.679999828338623,4.760000228881836,21300,0.0,0.0
2024-03-25 00:00:00-04:00,4.760000228881836,4.920000076293945,4.650000095367432,4.650000095367432,22600,0.0,0.0
2024-03-26 00:00:00-04:00,4.610000133514404,4.789999961853027,4.590000152587891,4.610000133514404,27800,0.0,0.0
2024-03-27 00:00:00-04:00,4.610000133514404,4.760000228881836,4.610000133514404,4.679999828338623,10200,0.0,0.0
2024-03-28 00:00:00-04:00,4.670000076293945,4.820000171661377,4.659999847412109,4.659999847412109,4200,0.0,0.0
2024-04-01 00:00:00-04:00,4.659999847412109,4.849999904632568,4.579999923706055,4.619999885559082,37000,0.0,0.0
2024-04-02 00:00:00-04:00,4.599999904632568,4.670000076293945,4.5,4.590000152587891,25600,0.0,0.0
2024-04-03 00:00:00-04:00,4.590000152587891,4.650000095367432,4.539999961853027,4.539999961853027,13000,0.0,0.0
2024-04-04 00:00:00-04:00,4.639999866485596,4.710000038146973,4.579999923706055,4.670000076293945,10600,0.0,0.0
2024-04-05 00:00:00-04:00,4.579999923706055,4.71999979019165,4.519999980926514,4.679999828338623,12600,0.0,0.0
2024-04-08 00:00:00-04:00,4.71999979019165,4.730000019073486,4.559999942779541,4.590000152587891,12500,0.0,0.0
2024-04-09 00:00:00-04:00,4.559999942779541,4.679999828338623,4.559999942779541,4.599999904632568,9300,0.0,0.0
2024-04-10 00:00:00-04:00,4.599999904632568,4.650000095367432,4.550000190734863,4.630000114440918,22100,0.0,0.0
2024-04-11 00:00:00-04:00,4.559999942779541,4.659999847412109,4.559999942779541,4.590000152587891,2600,0.0,0.0
2024-04-12 00:00:00-04:00,4.539999961853027,4.590000152587891,4.519999980926514,4.53000020980835,5900,0.0,0.0
2024-04-15 00:00:00-04:00,4.610000133514404,4.610000133514404,4.5,4.5,14400,0.0,0.0
2024-04-16 00:00:00-04:00,4.599999904632568,4.599999904632568,4.480000019073486,4.5,13700,0.0,0.0
2024-04-17 00:00:00-04:00,4.550000190734863,4.550000190734863,4.46999979019165,4.5,12800,0.0,0.0
2024-04-18 00:00:00-04:00,4.510000228881836,4.570000171661377,4.5,4.519999980926514,8400,0.0,0.0
2024-04-19 00:00:00-04:00,4.579999923706055,4.579999923706055,4.460000038146973,4.559999942779541,43100,0.0,0.0
2024-04-22 00:00:00-04:00,4.559999942779541,4.559999942779541,4.409999847412109,4.409999847412109,14900,0.0,0.0
2024-04-23 00:00:00-04:00,4.409999847412109,4.599999904632568,4.409999847412109,4.510000228881836,7700,0.0,0.0
2024-04-24 00:00:00-04:00,4.5,4.610000133514404,4.5,4.610000133514404,13300,0.0,0.0
2024-04-25 00:00:00-04:00,4.610000133514404,4.610000133514404,4.539999961853027,4.570000171661377,23500,0.0,0.0
2024-04-26 00:00:00-04:00,4.239999771118164,4.400000095367432,4.210000038146973,4.289999961853027,63100,0.0,0.0
2024-04-29 00:00:00-04:00,4.28000020980835,4.420000076293945,4.25,4.329999923706055,11400,0.0,0.0
2024-04-30 00:00:00-04:00,4.360000133514404,4.400000095367432,4.260000228881836,4.320000171661377,10300,0.0,0.0
2024-05-01 00:00:00-04:00,4.28000020980835,4.429999828338623,4.28000020980835,4.28000020980835,12300,0.0,0.0
2024-05-02 00:00:00-04:00,4.329999923706055,4.420000076293945,4.289999961853027,4.340000152587891,7900,0.0,0.0
2024-05-03 00:00:00-04:00,4.400000095367432,4.429999828338623,4.360000133514404,4.360000133514404,7200,0.0,0.0
2024-05-06 00:00:00-04:00,4.300000190734863,4.420000076293945,4.300000190734863,4.400000095367432,12800,0.0,0.0
2024-05-07 00:00:00-04:00,4.309999942779541,4.429999828338623,4.309999942779541,4.360000133514404,24300,0.0,0.0
2024-05-08 00:00:00-04:00,4.369999885559082,4.599999904632568,4.369999885559082,4.539999961853027,29000,0.0,0.0
2024-05-09 00:00:00-04:00,4.380000114440918,4.550000190734863,4.380000114440918,4.489999771118164,28400,0.0,0.0
2024-05-10 00:00:00-04:00,4.429999828338623,4.510000228881836,4.429999828338623,4.460000038146973,8500,0.0,0.0
2024-05-13 00:00:00-04:00,4.5,4.510000228881836,4.369999885559082,4.380000114440918,22300,0.0,0.0
2024-05-14 00:00:00-04:00,4.369999885559082,4.449999809265137,4.369999885559082,4.380000114440918,5100,0.0,0.0
2024-05-15 00:00:00-04:00,4.300000190734863,4.420000076293945,4.289999961853027,4.409999847412109,28400,0.0,0.0
2024-05-16 00:00:00-04:00,4.400000095367432,4.449999809265137,4.340000152587891,4.369999885559082,48100,0.0,0.0
2024-05-17 00:00:00-04:00,4.389999866485596,4.420000076293945,4.360000133514404,4.380000114440918,26600,0.0,0.0
2024-05-20 00:00:00-04:00,4.420000076293945,4.440000057220459,4.28000020980835,4.300000190734863,29100,0.0,0.0
2024-05-21 00:00:00-04:00,4.369999885559082,4.369999885559082,4.269999980926514,4.28000020980835,12500,0.0,0.0
2024-05-22 00:00:00-04:00,4.230000019073486,4.349999904632568,4.230000019073486,4.300000190734863,16100,0.0,0.0
2024-05-23 00:00:00-04:00,4.25,4.309999942779541,4.210000038146973,4.25,35800,0.0,0.0
2024-05-24 00:00:00-04:00,4.260000228881836,4.320000171661377,4.179999828338623,4.239999771118164,11400,0.0,0.0
2024-05-28 00:00:00-04:00,4.199999809265137,4.239999771118164,4.059999942779541,4.130000114440918,17300,0.0,0.0
2024-05-29 00:00:00-04:00,4.130000114440918,4.130000114440918,4.010000228881836,4.099999904632568,13500,0.0,0.0
2024-05-30 00:00:00-04:00,4.090000152587891,4.190000057220459,4.070000171661377,4.190000057220459,17800,0.0,0.0
2024-05-31 00:00:00-04:00,4.159999847412109,4.190000057220459,4.110000133514404,4.190000057220459,15300,0.0,0.0
2024-06-03 00:00:00-04:00,4.139999866485596,4.139999866485596,3.9000000953674316,4.090000152587891,58300,0.0,0.0
2024-06-04 00:00:00-04:00,4.050000190734863,4.050000190734863,3.9200000762939453,4.010000228881836,20600,0.0,0.0
2024-06-05 00:00:00-04:00,3.9700000286102295,4.099999904632568,3.9600000381469727,4.099999904632568,23900,0.0,0.0
2024-06-06 00:00:00-04:00,4.03000020980835,4.099999904632568,3.940000057220459,4.0,8400,0.0,0.0
2024-06-07 00:00:00-04:00,3.940000057220459,4.110000133514404,3.940000057220459,4.079999923706055,15600,0.0,0.0
2024-06-10 00:00:00-04:00,3.990000009536743,4.070000171661377,3.990000009536743,4.070000171661377,7900,0.0,0.0
2024-06-11 00:00:00-04:00,4.059999942779541,4.059999942779541,3.950000047683716,4.039999961853027,5100,0.0,0.0
2024-06-12 00:00:00-04:00,4.03000020980835,4.110000133514404,4.03000020980835,4.079999923706055,9100,0.0,0.0
2024-06-13 00:00:00-04:00,4.070000171661377,4.150000095367432,4.070000171661377,4.150000095367432,8400,0.0,0.0
2024-06-14 00:00:00-04:00,4.139999866485596,4.150000095367432,4.010000228881836,4.150000095367432,13000,0.0,0.0
2024-06-17 00:00:00-04:00,4.079999923706055,4.079999923706055,3.799999952316284,3.869999885559082,39200,0.0,0.0
2024-06-18 00:00:00-04:00,3.880000114440918,3.940000057220459,3.700000047683716,3.7699999809265137,53800,0.0,0.0
2024-06-20 00:00:00-04:00,3.7699999809265137,3.7699999809265137,3.7100000381469727,3.7300000190734863,11400,0.0,0.0
2024-06-21 00:00:00-04:00,3.690000057220459,3.9000000953674316,3.690000057220459,3.7200000286102295,30400,0.0,0.0
2024-06-24 00:00:00-04:00,3.799999952316284,4.019999980926514,3.7200000286102295,3.9100000858306885,27800,0.0,0.0
2024-06-25 00:00:00-04:00,3.859999895095825,3.859999895095825,3.819999933242798,3.8399999141693115,8500,0.0,0.0
2024-06-26 00:00:00-04:00,3.819999933242798,3.930000066757202,3.819999933242798,3.930000066757202,14500,0.0,0.0
2024-06-27 00:00:00-04:00,3.9800000190734863,4.010000228881836,3.859999895095825,4.010000228881836,7000,0.0,0.0
2024-06-28 00:00:00-04:00,3.9200000762939453,4.050000190734863,3.9100000858306885,4.050000190734863,17600,0.0,0.0
2024-07-01 00:00:00-04:00,3.9600000381469727,3.9600000381469727,3.8399999141693115,3.880000114440918,6500,0.0,0.0
2024-07-02 00:00:00-04:00,3.890000104904175,3.890000104904175,3.7899999618530273,3.7899999618530273,11800,0.0,0.0
2024-07-03 00:00:00-04:00,3.809999942779541,3.809999942779541,3.75,3.7699999809265137,2000,0.0,0.0
2024-07-05 00:00:00-04:00,3.7699999809265137,3.7699999809265137,3.700000047683716,3.7200000286102295,10800,0.0,0.0
2024-07-08 00:00:00-04:00,3.700000047683716,3.740000009536743,3.5999999046325684,3.700000047683716,43400,0.0,0.0
2024-07-09 00:00:00-04:00,3.700000047683716,3.799999952316284,3.690000057220459,3.7200000286102295,16500,0.0,0.0
2024-07-10 00:00:00-04:00,3.7100000381469727,3.890000104904175,3.700000047683716,3.7300000190734863,13500,0.0,0.0
2024-07-11 00:00:00-04:00,3.75,3.799999952316284,3.75,3.7699999809265137,6000,0.0,0.0
2024-07-12 00:00:00-04:00,3.740000009536743,3.890000104904175,3.740000009536743,3.819999933242798,40900,0.0,0.0
2024-07-15 00:00:00-04:00,3.75,3.8499999046325684,3.75,3.799999952316284,24600,0.0,0.0
2024-07-16 00:00:00-04:00,3.8499999046325684,3.9000000953674316,3.8399999141693115,3.9000000953674316,70200,0.0,0.0
2024-07-17 00:00:00-04:00,3.940000057220459,3.940000057220459,3.8399999141693115,3.930000066757202,36000,0.0,0.0
2024-07-18 00:00:00-04:00,3.9200000762939453,4.050000190734863,3.819999933242798,3.8499999046325684,28200,0.0,0.0
2024-07-19 00:00:00-04:00,3.799999952316284,3.9100000858306885,3.7100000381469727,3.75,18200,0.0,0.0
2024-07-22 00:00:00-04:00,3.809999942779541,3.9800000190734863,3.799999952316284,3.9200000762939453,19900,0.0,0.0
2024-07-23 00:00:00-04:00,3.9700000286102295,3.9700000286102295,3.819999933242798,3.8299999237060547,12500,0.0,0.0
2024-07-24 00:00:00-04:00,3.890000104904175,3.9100000858306885,3.880000114440918,3.9000000953674316,9100,0.0,0.0
2024-07-25 00:00:00-04:00,3.890000104904175,3.990000009536743,3.869999885559082,3.930000066757202,9700,0.0,0.0
2024-07-26 00:00:00-04:00,3.9100000858306885,3.950000047683716,3.869999885559082,3.9000000953674316,13600,0.0,0.0
2024-07-29 00:00:00-04:00,3.869999885559082,3.950000047683716,3.869999885559082,3.9000000953674316,2400,0.0,0.0
2024-07-30 00:00:00-04:00,3.859999895095825,3.950000047683716,3.859999895095825,3.859999895095825,6400,0.0,0.0
2024-07-31 00:00:00-04:00,3.8299999237060547,3.950000047683716,3.819999933242798,3.869999885559082,5700,0.0,0.0
2024-08-01 00:00:00-04:00,3.869999885559082,3.869999885559082,3.819999933242798,3.819999933242798,2100,0.0,0.0
2024-08-02 00:00:00-04:00,3.819999933242798,4.099999904632568,3.819999933242798,4.070000171661377,40900,0.0,0.0
2024-08-05 00:00:00-04:00,3.940000057220459,4.059999942779541,3.940000057220459,4.03000020980835,9400,0.0,0.0
2024-08-06 00:00:00-04:00,4.099999904632568,4.099999904632568,3.9700000286102295,3.9700000286102295,9900,0.0,0.0
2024-08-07 00:00:00-04:00,4.0,4.0,3.880000114440918,3.990000009536743,25800,0.0,0.0
2024-08-08 00:00:00-04:00,3.950000047683716,3.950000047683716,3.8399999141693115,3.890000104904175,26500,0.0,0.0
2024-08-09 00:00:00-04:00,3.8399999141693115,3.950000047683716,3.8399999141693115,3.869999885559082,4100,0.0,0.0
2024-08-12 00:00:00-04:00,3.8299999237060547,3.9000000953674316,3.8299999237060547,3.869999885559082,7700,0.0,0.0
2024-08-13 00:00:00-04:00,3.8499999046325684,3.990000009536743,3.8499999046325684,3.869999885559082,40600,0.0,0.0
2024-08-14 00:00:00-04:00,4.150000095367432,4.610000133514404,4.130000114440918,4.489999771118164,90900,0.0,0.0
2024-08-15 00:00:00-04:00,4.389999866485596,4.570000171661377,4.329999923706055,4.53000020980835,17000,0.0,0.0
2024-08-16 00:00:00-04:00,4.570000171661377,4.570000171661377,4.409999847412109,4.480000019073486,8400,0.0,0.0
2024-08-19 00:00:00-04:00,4.420000076293945,4.590000152587891,4.420000076293945,4.420000076293945,8900,0.0,0.0
2024-08-20 00:00:00-04:00,4.420000076293945,4.570000171661377,4.329999923706055,4.329999923706055,17400,0.0,0.0
2024-08-21 00:00:00-04:00,4.449999809265137,4.449999809265137,4.320000171661377,4.389999866485596,3200,0.0,0.0
2024-08-22 00:00:00-04:00,4.320000171661377,4.429999828338623,4.320000171661377,4.389999866485596,3000,0.0,0.0
2024-08-23 00:00:00-04:00,4.5,4.510000228881836,4.349999904632568,4.360000133514404,14400,0.0,0.0
2024-08-26 00:00:00-04:00,4.320000171661377,4.489999771118164,4.309999942779541,4.360000133514404,5700,0.0,0.0
2024-08-27 00:00:00-04:00,4.429999828338623,4.429999828338623,4.400000095367432,4.400000095367432,2300,0.0,0.0
2024-08-28 00:00:00-04:00,4.329999923706055,4.5,4.329999923706055,4.489999771118164,10900,0.0,0.0
2024-08-29 00:00:00-04:00,4.480000019073486,4.510000228881836,4.360000133514404,4.5,7400,0.0,0.0
2024-08-30 00:00:00-04:00,4.460000038146973,4.599999904632568,4.460000038146973,4.550000190734863,12200,0.0,0.0
2024-09-03 00:00:00-04:00,4.489999771118164,4.599999904632568,4.489999771118164,4.510000228881836,4400,0.0,0.0
2024-09-04 00:00:00-04:00,4.570000171661377,4.599999904632568,4.480000019073486,4.510000228881836,10200,0.0,0.0
2024-09-05 00:00:00-04:00,4.550000190734863,4.659999847412109,4.539999961853027,4.570000171661377,20000,0.0,0.0
2024-09-06 00:00:00-04:00,4.489999771118164,4.690000057220459,4.489999771118164,4.670000076293945,25800,0.0,0.0
2024-09-09 00:00:00-04:00,4.670000076293945,4.75,4.570000171661377,4.679999828338623,31300,0.0,0.0
2024-09-10 00:00:00-04:00,4.730000019073486,4.889999866485596,4.730000019073486,4.760000228881836,27700,0.0,0.0
2024-09-11 00:00:00-04:00,4.699999809265137,4.860000133514404,4.650000095367432,4.860000133514404,11900,0.0,0.0
2024-09-12 00:00:00-04:00,4.869999885559082,4.989999771118164,4.869999885559082,4.889999866485596,12200,0.0,0.0
2024-09-13 00:00:00-04:00,4.829999923706055,5.099999904632568,4.829999923706055,5.03000020980835,37100,0.0,0.0
2024-09-16 00:00:00-04:00,4.960000038146973,5.099999904632568,4.800000190734863,5.099999904632568,21500,0.0,0.0
2024-09-17 00:00:00-04:00,5.050000190734863,5.170000076293945,4.929999828338623,5.150000095367432,13200,0.0,0.0
2024-09-18 00:00:00-04:00,5.230000019073486,5.289999961853027,4.96999979019165,5.150000095367432,30600,0.0,0.0
2024-09-19 00:00:00-04:00,5.230000019073486,5.230000019073486,5.150000095367432,5.21999979019165,12500,0.0,0.0
2024-09-20 00:00:00-04:00,5.210000038146973,5.329999923706055,5.099999904632568,5.329999923706055,28800,0.0,0.0
2024-09-23 00:00:00-04:00,5.340000152587891,5.480000019073486,5.329999923706055,5.460000038146973,24000,0.0,0.0
2024-09-24 00:00:00-04:00,5.159999847412109,5.710000038146973,5.159999847412109,5.320000171661377,43500,0.0,0.0
2024-09-25 00:00:00-04:00,5.300000190734863,5.599999904632568,5.199999809265137,5.480000019073486,14700,0.0,0.0
2024-09-26 00:00:00-04:00,5.550000190734863,6.139999866485596,5.409999847412109,6.0,130500,0.0,0.0
2024-09-27 00:00:00-04:00,6.0,6.0,5.710000038146973,5.869999885559082,62700,0.0,0.0
2024-09-30 00:00:00-04:00,5.980000019073486,5.989999771118164,5.599999904632568,5.71999979019165,13400,0.0,0.0
2024-10-01 00:00:00-04:00,5.550000190734863,5.599999904632568,5.420000076293945,5.5,34500,0.0,0.0
2024-10-02 00:00:00-04:00,5.429999828338623,5.730000019073486,5.300000190734863,5.429999828338623,27100,0.0,0.0
2024-10-03 00:00:00-04:00,5.389999866485596,5.75,5.349999904632568,5.510000228881836,13400,0.0,0.0
2024-10-04 00:00:00-04:00,5.579999923706055,5.789999961853027,5.519999980926514,5.599999904632568,6300,0.0,0.0
2024-10-07 00:00:00-04:00,5.5,5.599999904632568,5.400000095367432,5.429999828338623,19700,0.0,0.0
2024-10-08 00:00:00-04:00,5.519999980926514,5.75,5.429999828338623,5.630000114440918,10600,0.0,0.0
2024-10-09 00:00:00-04:00,5.630000114440918,5.789999961853027,5.480000019073486,5.75,27000,0.0,0.0
2024-10-10 00:00:00-04:00,5.599999904632568,5.789999961853027,5.429999828338623,5.78000020980835,15800,0.0,0.0
2024-10-11 00:00:00-04:00,5.610000133514404,5.860000133514404,5.550000190734863,5.860000133514404,14700,0.0,0.0
2024-10-14 00:00:00-04:00,5.909999847412109,5.920000076293945,5.71999979019165,5.809999942779541,17600,0.0,0.0
2024-10-15 00:00:00-04:00,5.849999904632568,5.849999904632568,5.630000114440918,5.71999979019165,33100,0.0,0.0
2024-10-16 00:00:00-04:00,5.510000228881836,5.869999885559082,5.460000038146973,5.860000133514404,33700,0.0,0.0
2024-10-17 00:00:00-04:00,5.75,5.900000095367432,5.75,5.900000095367432,11400,0.0,0.0
2024-10-18 00:00:00-04:00,5.78000020980835,5.909999847412109,5.440000057220459,5.860000133514404,21800,0.0,0.0
2024-10-21 00:00:00-04:00,5.75,5.949999809265137,5.630000114440918,5.800000190734863,18100,0.0,0.0
2024-10-22 00:00:00-04:00,5.860000133514404,5.920000076293945,5.75,5.849999904632568,16300,0.0,0.0
2024-10-23 00:00:00-04:00,5.78000020980835,5.900000095367432,5.78000020980835,5.900000095367432,6500,0.0,0.0
2024-10-24 00:00:00-04:00,5.920000076293945,5.960000038146973,5.800000190734863,5.960000038146973,22700,0.0,0.0
2024-10-25 00:00:00-04:00,5.880000114440918,5.940000057220459,5.880000114440918,5.929999828338623,4600,0.0,0.0
2024-10-28 00:00:00-04:00,5.829999923706055,6.059999942779541,5.829999923706055,6.0,17800,0.0,0.0
2024-10-29 00:00:00-04:00,6.059999942779541,6.070000171661377,5.940000057220459,6.0,17600,0.0,0.0
2024-10-30 00:00:00-04:00,6.0,6.039999961853027,6.0,6.010000228881836,6100,0.0,0.0
2024-10-31 00:00:00-04:00,6.0,6.03000020980835,5.829999923706055,6.0,22400,0.0,0.0
2024-11-01 00:00:00-04:00,5.980000019073486,6.050000190734863,5.840000152587891,6.03000020980835,14600,0.0,0.0
2024-11-04 00:00:00-05:00,5.980000019073486,6.050000190734863,5.920000076293945,6.03000020980835,11700,0.0,0.0
2024-11-05 00:00:00-05:00,5.989999771118164,6.110000133514404,5.929999828338623,6.019999980926514,57200,0.0,0.0
2024-11-06 00:00:00-05:00,5.980000019073486,5.980000019073486,5.510000228881836,5.71999979019165,66300,0.0,0.0
2024-11-07 00:00:00-05:00,5.849999904632568,6.110000133514404,5.679999828338623,5.96999979019165,98000,0.0,0.0
2024-11-08 00:00:00-05:00,6.0,6.0,5.840000152587891,5.940000057220459,14000,0.0,0.0
2024-11-11 00:00:00-05:00,5.900000095367432,5.960000038146973,5.599999904632568,5.880000114440918,36400,0.0,0.0
2024-11-12 00:00:00-05:00,5.880000114440918,5.940000057220459,5.829999923706055,5.900000095367432,31200,0.0,0.0
2024-11-13 00:00:00-05:00,5.880000114440918,5.880000114440918,5.679999828338623,5.840000152587891,14700,0.0,0.0
2024-11-14 00:00:00-05:00,5.840000152587891,5.880000114440918,5.679999828338623,5.880000114440918,17700,0.0,0.0
2024-11-15 00:00:00-05:00,5.920000076293945,5.920000076293945,5.699999809265137,5.789999961853027,12600,0.0,0.0
2024-11-18 00:00:00-05:00,5.789999961853027,5.809999942779541,5.650000095367432,5.650000095367432,25000,0.0,0.0
2024-11-19 00:00:00-05:00,5.699999809265137,5.71999979019165,5.53000020980835,5.679999828338623,11600,0.0,0.0
2024-11-20 00:00:00-05:00,5.650000095367432,6.079999923706055,5.630000114440918,5.809999942779541,68300,0.0,0.0
2024-11-21 00:00:00-05:00,5.760000228881836,5.760000228881836,5.480000019073486,5.599999904632568,35200,0.0,0.0
2024-11-22 00:00:00-05:00,5.769999980926514,5.769999980926514,5.559999942779541,5.610000133514404,8700,0.0,0.0
2024-11-25 00:00:00-05:00,5.630000114440918,5.630000114440918,5.349999904632568,5.389999866485596,21900,0.0,0.0
2024-11-26 00:00:00-05:00,5.449999809265137,5.650000095367432,5.380000114440918,5.610000133514404,53800,0.0,0.0
2024-11-27 00:00:00-05:00,5.610000133514404,5.610000133514404,5.380000114440918,5.539999961853027,8500,0.0,0.0
2024-11-29 00:00:00-05:00,5.610000133514404,5.75,5.559999942779541,5.639999866485596,21500,0.0,0.0
2024-12-02 00:00:00-05:00,5.699999809265137,5.699999809265137,5.550000190734863,5.559999942779541,24400,0.0,0.0
2024-12-03 00:00:00-05:00,5.550000190734863,5.559999942779541,5.409999847412109,5.550000190734863,14500,0.0,0.0
2024-12-04 00:00:00-05:00,5.420000076293945,5.53000020980835,5.389999866485596,5.519999980926514,20700,0.0,0.0
2024-12-05 00:00:00-05:00,5.300000190734863,5.489999771118164,5.300000190734863,5.440000057220459,9700,0.0,0.0
2024-12-06 00:00:00-05:00,5.409999847412109,5.489999771118164,5.320000171661377,5.400000095367432,12600,0.0,0.0
2024-12-09 00:00:00-05:00,5.349999904632568,5.349999904632568,5.079999923706055,5.099999904632568,55900,0.0,0.0
2024-12-10 00:00:00-05:00,5.03000020980835,5.139999866485596,4.960000038146973,4.980000019073486,32500,0.0,0.0
2024-12-11 00:00:00-05:00,4.980000019073486,5.050000190734863,4.889999866485596,5.050000190734863,33800,0.0,0.0
2024-12-12 00:00:00-05:00,5.03000020980835,5.03000020980835,4.880000114440918,4.929999828338623,33800,0.0,0.0
2024-12-13 00:00:00-05:00,4.940000057220459,4.96999979019165,4.800000190734863,4.820000171661377,24000,0.0,0.0
2024-12-16 00:00:00-05:00,4.809999942779541,4.880000114440918,4.71999979019165,4.769999980926514,21300,0.0,0.0
2024-12-17 00:00:00-05:00,4.309999942779541,4.559999942779541,4.300000190734863,4.510000228881836,120100,0.0,0.0
2024-12-18 00:00:00-05:00,4.360000133514404,4.510000228881836,4.210000038146973,4.230000019073486,88300,0.0,0.0
2024-12-19 00:00:00-05:00,4.199999809265137,4.25,4.0,4.010000228881836,123900,0.0,0.0
2024-12-20 00:00:00-05:00,3.990000009536743,4.139999866485596,3.940000057220459,3.990000009536743,60600,0.0,0.0
2024-12-23 00:00:00-05:00,3.9000000953674316,4.130000114440918,3.9000000953674316,4.059999942779541,68700,0.0,0.0
2024-12-24 00:00:00-05:00,4.070000171661377,4.099999904632568,4.070000171661377,4.070000171661377,12400,0.0,0.0
2024-12-26 00:00:00-05:00,4.010000228881836,4.099999904632568,4.010000228881836,4.090000152587891,42400,0.0,0.0
2024-12-27 00:00:00-05:00,4.050000190734863,4.119999885559082,4.050000190734863,4.090000152587891,29300,0.0,0.0
2024-12-30 00:00:00-05:00,4.010000228881836,4.269999980926514,4.0,4.269999980926514,39600,0.0,0.0
2024-12-31 00:00:00-05:00,4.230000019073486,4.329999923706055,4.139999866485596,4.170000076293945,21700,0.0,0.0
2025-01-02 00:00:00-05:00,4.170000076293945,4.289999961853027,4.139999866485596,4.170000076293945,21500,0.0,0.0
2025-01-03 00:00:00-05:00,4.170000076293945,4.300000190734863,4.110000133514404,4.269999980926514,53200,0.0,0.0
2025-01-06 00:00:00-05:00,4.300000190734863,4.46999979019165,4.230000019073486,4.230000019073486,23300,0.0,0.0
2025-01-07 00:00:00-05:00,4.179999828338623,4.28000020980835,4.119999885559082,4.28000020980835,38400,0.0,0.0
2025-01-08 00:00:00-05:00,4.170000076293945,4.420000076293945,4.150000095367432,4.260000228881836,24200,0.0,0.0
2025-01-10 00:00:00-05:00,4.170000076293945,4.179999828338623,4.079999923706055,4.119999885559082,36400,0.0,0.0
2025-01-13 00:00:00-05:00,3.9800000190734863,4.059999942779541,3.690000057220459,3.799999952316284,64000,0.0,0.0
2025-01-14 00:00:00-05:00,3.809999942779541,3.9700000286102295,3.809999942779541,3.9100000858306885,24800,0.0,0.0
2025-01-15 00:00:00-05:00,3.940000057220459,4.130000114440918,3.8399999141693115,4.079999923706055,20700,0.0,0.0
2025-01-16 00:00:00-05:00,4.130000114440918,4.300000190734863,3.9700000286102295,4.130000114440918,26600,0.0,0.0
2025-01-17 00:00:00-05:00,4.03000020980835,4.079999923706055,3.930000066757202,3.950000047683716,39500,0.0,0.0
2025-01-21 00:00:00-05:00,4.0,4.179999828338623,3.990000009536743,4.03000020980835,28400,0.0,0.0
2025-01-22 00:00:00-05:00,4.079999923706055,4.159999847412109,3.9800000190734863,4.03000020980835,14100,0.0,0.0
2025-01-23 00:00:00-05:00,4.050000190734863,4.25,4.019999980926514,4.170000076293945,29600,0.0,0.0
2025-01-24 00:00:00-05:00,3.9000000953674316,3.990000009536743,3.799999952316284,3.8499999046325684,154000,0.0,0.0
2025-01-27 00:00:00-05:00,3.799999952316284,3.9000000953674316,3.609999895095825,3.609999895095825,55400,0.0,0.0
2025-01-28 00:00:00-05:00,3.6600000858306885,3.819999933242798,3.609999895095825,3.6700000762939453,26000,0.0,0.0
2025-01-29 00:00:00-05:00,3.640000104904175,3.75,3.609999895095825,3.7300000190734863,33500,0.0,0.0
2025-01-30 00:00:00-05:00,3.75,3.7699999809265137,3.5999999046325684,3.630000114440918,21000,0.0,0.0
2025-01-31 00:00:00-05:00,3.6500000953674316,3.7300000190734863,3.640000104904175,3.6500000953674316,25500,0.0,0.0
2025-02-03 00:00:00-05:00,3.609999895095825,3.7300000190734863,3.5799999237060547,3.5899999141693115,29400,0.0,0.0
2025-02-04 00:00:00-05:00,3.5799999237060547,3.6600000858306885,3.5799999237060547,3.5999999046325684,20700,0.0,0.0
2025-02-05 00:00:00-05:00,3.549999952316284,3.9700000286102295,3.549999952316284,3.9200000762939453,70200,0.0,0.0
2025-02-06 00:00:00-05:00,3.869999885559082,3.869999885559082,3.700000047683716,3.7100000381469727,26100,0.0,0.0
2025-02-07 00:00:00-05:00,3.690000057220459,3.690000057220459,3.4000000953674316,3.440000057220459,47000,0.0,0.0
2025-02-10 00:00:00-05:00,3.4100000858306885,3.4100000858306885,3.0399999618530273,3.200000047683716,86100,0.0,0.0
2025-02-11 00:00:00-05:00,3.200000047683716,3.369999885559082,3.200000047683716,3.259999990463257,23300,0.0,0.0
2025-02-12 00:00:00-05:00,3.2100000381469727,3.2699999809265137,3.2100000381469727,3.25,16000,0.0,0.0
2025-02-13 00:00:00-05:00,3.25,3.3399999141693115,3.1700000762939453,3.309999942779541,20800,0.0,0.0
2025-02-14 00:00:00-05:00,3.259999990463257,3.390000104904175,3.1700000762939453,3.180000066757202,25300,0.0,0.0
2025-02-18 00:00:00-05:00,3.1600000858306885,3.3499999046325684,3.119999885559082,3.140000104904175,46100,0.0,0.0
2025-02-19 00:00:00-05:00,3.119999885559082,3.2100000381469727,3.0799999237060547,3.0999999046325684,39300,0.0,0.0
2025-02-20 00:00:00-05:00,3.069999933242798,3.299999952316284,3.0299999713897705,3.0999999046325684,53900,0.0,0.0
2025-02-21 00:00:00-05:00,3.0999999046325684,3.180000066757202,3.069999933242798,3.1600000858306885,11800,0.0,0.0
2025-02-24 00:00:00-05:00,3.200000047683716,3.2200000286102295,3.049999952316284,3.0999999046325684,88000,0.0,0.0
2025-02-25 00:00:00-05:00,3.0199999809265137,3.1600000858306885,2.859999895095825,3.069999933242798,67200,0.0,0.0
2025-02-26 00:00:00-05:00,3.0299999713897705,3.0999999046325684,2.9800000190734863,3.0999999046325684,21600,0.0,0.0
2025-02-27 00:00:00-05:00,3.0299999713897705,3.0299999713897705,2.950000047683716,2.9800000190734863,8900,0.0,0.0
2025-02-28 00:00:00-05:00,2.940000057220459,3.069999933242798,2.940000057220459,3.059999942779541,15800,0.0,0.0
2025-03-03 00:00:00-05:00,3.130000114440918,3.130000114440918,2.799999952316284,2.799999952316284,32500,0.0,0.0
2025-03-04 00:00:00-05:00,2.819999933242798,2.9800000190734863,2.819999933242798,2.9000000953674316,22300,0.0,0.0
2025-03-05 00:00:00-05:00,2.880000114440918,2.950000047683716,2.880000114440918,2.9100000858306885,6300,0.0,0.0
2025-03-06 00:00:00-05:00,2.869999885559082,2.950000047683716,2.869999885559082,2.950000047683716,23100,0.0,0.0
2025-03-07 00:00:00-05:00,2.930000066757202,3.0,2.609999895095825,2.9100000858306885,77700,0.0,0.0
2025-03-10 00:00:00-04:00,2.9600000381469727,2.9600000381469727,2.609999895095825,2.680000066757202,42700,0.0,0.0
2025-03-11 00:00:00-04:00,2.75,2.809999942779541,2.5,2.6600000858306885,34700,0.0,0.0
2025-03-12 00:00:00-04:00,2.6500000953674316,2.799999952316284,2.6500000953674316,2.7899999618530273,32800,0.0,0.0
2025-03-13 00:00:00-04:00,2.7100000381469727,2.7799999713897705,2.680000066757202,2.700000047683716,12100,0.0,0.0
2025-03-14 00:00:00-04:00,2.6700000762939453,2.700000047683716,2.630000114440918,2.690000057220459,13300,0.0,0.0
2025-03-17 00:00:00-04:00,2.619999885559082,2.700000047683716,2.619999885559082,2.6700000762939453,25600,0.0,0.0
2025-03-18 00:00:00-04:00,2.700000047683716,2.700000047683716,2.6700000762939453,2.6700000762939453,26500,0.0,0.0
2025-03-19 00:00:00-04:00,2.690000057220459,2.799999952316284,2.690000057220459,2.7100000381469727,88300,0.0,0.0
2025-03-20 00:00:00-04:00,2.700000047683716,2.7899999618530273,2.700000047683716,2.7799999713897705,28200,0.0,0.0
2025-03-21 00:00:00-04:00,2.75,2.799999952316284,2.7200000286102295,2.75,36300,0.0,0.0
2025-03-24 00:00:00-04:00,2.75,2.799999952316284,2.690000057220459,2.690000057220459,28100,0.0,0.0
2025-03-25 00:00:00-04:00,2.6600000858306885,2.7200000286102295,2.5899999141693115,2.5899999141693115,19100,0.0,0.0
2025-03-26 00:00:00-04:00,2.5299999713897705,2.640000104904175,2.5299999713897705,2.609999895095825,15400,0.0,0.0
2025-03-27 00:00:00-04:00,2.690000057220459,2.690000057220459,2.619999885559082,2.6600000858306885,9000,0.0,0.0
2025-03-28 00:00:00-04:00,2.6500000953674316,2.6600000858306885,2.5299999713897705,2.559999942779541,20200,0.0,0.0
2025-03-31 00:00:00-04:00,2.6500000953674316,2.700000047683716,2.5799999237060547,2.5799999237060547,17600,0.0,0.0
2025-04-01 00:00:00-04:00,2.549999952316284,2.630000114440918,2.549999952316284,2.549999952316284,21400,0.0,0.0
2025-04-02 00:00:00-04:00,2.569999933242798,2.5999999046325684,2.569999933242798,2.5799999237060547,12100,0.0,0.0
2025-04-03 00:00:00-04:00,2.5399999618530273,2.5999999046325684,2.5399999618530273,2.569999933242798,44800,0.0,0.0
2025-04-04 00:00:00-04:00,2.5399999618530273,2.569999933242798,2.380000114440918,2.4800000190734863,53200,0.0,0.0
2025-04-07 00:00:00-04:00,2.390000104904175,2.490000009536743,2.25,2.299999952316284,48500,0.0,0.0
2025-04-08 00:00:00-04:00,2.299999952316284,2.4200000762939453,2.2100000381469727,2.299999952316284,49000,0.0,0.0
2025-04-09 00:00:00-04:00,2.2699999809265137,2.4000000953674316,2.2100000381469727,2.3499999046325684,25000,0.0,0.0
2025-04-10 00:00:00-04:00,2.299999952316284,2.4000000953674316,2.259999990463257,2.259999990463257,24800,0.0,0.0
2025-04-11 00:00:00-04:00,2.3399999141693115,2.390000104904175,2.25,2.3499999046325684,16500,0.0,0.0
2025-04-14 00:00:00-04:00,2.4000000953674316,2.4000000953674316,2.2799999713897705,2.299999952316284,4000,0.0,0.0
2025-04-15 00:00:00-04:00,2.3499999046325684,2.369999885559082,2.2799999713897705,2.309999942779541,41200,0.0,0.0
2025-04-16 00:00:00-04:00,2.3399999141693115,2.380000114440918,2.299999952316284,2.309999942779541,12000,0.0,0.0
2025-04-17 00:00:00-04:00,2.369999885559082,2.390000104904175,2.3299999237060547,2.390000104904175,6100,0.0,0.0
2025-04-21 00:00:00-04:00,2.4000000953674316,2.5399999618530273,2.390000104904175,2.5,18000,0.0,0.0
2025-04-22 00:00:00-04:00,2.549999952316284,2.569999933242798,2.369999885559082,2.390000104904175,23600,0.0,0.0
2025-04-23 00:00:00-04:00,2.5,2.569999933242798,2.380000114440918,2.5399999618530273,22600,0.0,0.0
2025-04-24 00:00:00-04:00,2.509999990463257,2.569999933242798,2.509999990463257,2.559999942779541,19800,0.0,0.0
2025-04-25 00:00:00-04:00,2.5199999809265137,2.569999933242798,2.4000000953674316,2.440000057220459,25700,0.0,0.0
2025-04-28 00:00:00-04:00,2.4200000762939453,2.509999990463257,2.390000104904175,2.4600000381469727,12600,0.0,0.0
2025-04-29 00:00:00-04:00,2.509999990463257,2.559999942779541,2.440000057220459,2.4800000190734863,30200,0.0,0.0
2025-04-30 00:00:00-04:00,2.509999990463257,2.5899999141693115,2.4600000381469727,2.4600000381469727,11500,0.0,0.0
2025-05-01 00:00:00-04:00,2.5199999809265137,2.5899999141693115,2.4200000762939453,2.4200000762939453,48000,0.0,0.0
2025-05-02 00:00:00-04:00,2.4000000953674316,2.4200000762939453,2.3399999141693115,2.4200000762939453,18200,0.0,0.0
2025-05-05 00:00:00-04:00,2.440000057220459,2.490000009536743,2.359999895095825,2.369999885559082,16000,0.0,0.0
2025-05-06 00:00:00-04:00,2.380000114440918,2.4800000190734863,2.3499999046325684,2.430000066757202,17000,0.0,0.0
2025-05-07 00:00:00-04:00,2.380000114440918,2.430000066757202,2.240000009536743,2.309999942779541,19800,0.0,0.0
2025-05-08 00:00:00-04:00,2.319999933242798,2.4200000762939453,2.259999990463257,2.2699999809265137,37800,0.0,0.0
2025-05-09 00:00:00-04:00,2.359999895095825,2.5,2.2300000190734863,2.4100000858306885,41600,0.0,0.0
2025-05-12 00:00:00-04:00,2.4000000953674316,2.440000057220459,2.3399999141693115,2.3399999141693115,14500,0.0,0.0
2025-05-13 00:00:00-04:00,2.3399999141693115,2.430000066757202,2.3399999141693115,2.380000114440918,13700,0.0,0.0
2025-05-14 00:00:00-04:00,2.390000104904175,2.450000047683716,2.299999952316284,2.359999895095825,83800,0.0,0.0
2025-05-15 00:00:00-04:00,2.430000066757202,2.75,2.380000114440918,2.5999999046325684,152000,0.0,0.0
2025-05-16 00:00:00-04:00,2.609999895095825,2.859999895095825,2.509999990463257,2.75,212900,0.0,0.0
2025-05-19 00:00:00-04:00,2.7100000381469727,2.869999885559082,2.6700000762939453,2.7699999809265137,186000,0.0,0.0
2025-05-20 00:00:00-04:00,2.8499999046325684,3.3399999141693115,2.8399999141693115,3.130000114440918,263500,0.0,0.0
2025-05-21 00:00:00-04:00,3.0999999046325684,3.2799999713897705,3.0,3.049999952316284,195900,0.0,0.0
2025-05-22 00:00:00-04:00,3.049999952316284,3.1500000953674316,3.009999990463257,3.130000114440918,21300,0.0,0.0
2025-05-23 00:00:00-04:00,3.0999999046325684,3.200000047683716,3.0,3.069999933242798,165300,0.0,0.0
2025-05-27 00:00:00-04:00,3.069999933242798,3.140000104904175,3.0,3.0899999141693115,71800,0.0,0.0
2025-05-28 00:00:00-04:00,3.109999895095825,3.140000104904175,3.0,3.009999990463257,15500,0.0,0.0
2025-05-29 00:00:00-04:00,3.049999952316284,3.049999952316284,2.930000066757202,2.990000009536743,15100,0.0,0.0
2025-05-30 00:00:00-04:00,2.9200000762939453,2.990000009536743,2.880000114440918,2.890000104904175,15200,0.0,0.0
2025-06-02 00:00:00-04:00,2.950000047683716,3.059999942779541,2.8399999141693115,2.8399999141693115,15300,0.0,0.0
2025-06-03 00:00:00-04:00,2.930000066757202,2.940000057220459,2.7799999713897705,2.8499999046325684,50700,0.0,0.0
2025-06-04 00:00:00-04:00,2.809999942779541,2.9200000762939453,2.809999942779541,2.819999933242798,7100,0.0,0.0
2025-06-05 00:00:00-04:00,2.859999895095825,2.9200000762939453,2.859999895095825,2.869999885559082,15000,0.0,0.0
2025-06-06 00:00:00-04:00,2.9000000953674316,2.930000066757202,2.8299999237060547,2.930000066757202,19400,0.0,0.0
2025-06-09 00:00:00-04:00,2.890000104904175,2.9700000286102295,2.869999885559082,2.880000114440918,21800,0.0,0.0
2025-06-10 00:00:00-04:00,2.859999895095825,2.9800000190734863,2.859999895095825,2.890000104904175,10000,0.0,0.0
2025-06-11 00:00:00-04:00,2.9200000762939453,3.059999942779541,2.890000104904175,2.990000009536743,45300,0.0,0.0
2025-06-12 00:00:00-04:00,2.9200000762939453,3.009999990463257,2.859999895095825,3.0,14200,0.0,0.0
2025-06-13 00:00:00-04:00,2.9600000381469727,3.0399999618530273,2.8299999237060547,2.940000057220459,20500,0.0,0.0
2025-06-16 00:00:00-04:00,2.9700000286102295,3.069999933242798,2.9600000381469727,2.9600000381469727,5500,0.0,0.0
2025-06-17 00:00:00-04:00,2.950000047683716,3.069999933242798,2.9000000953674316,2.940000057220459,14400,0.0,0.0
2025-06-18 00:00:00-04:00,2.9700000286102295,2.990000009536743,2.859999895095825,2.9000000953674316,6600,0.0,0.0
2025-06-20 00:00:00-04:00,2.859999895095825,2.950000047683716,2.759999990463257,2.759999990463257,92000,0.0,0.0
2025-06-23 00:00:00-04:00,2.7699999809265137,2.890000104904175,2.7699999809265137,2.8499999046325684,18600,0.0,0.0
2025-06-24 00:00:00-04:00,2.9000000953674316,2.9000000953674316,2.7899999618530273,2.8299999237060547,6000,0.0,0.0
2025-06-25 00:00:00-04:00,2.759999990463257,2.819999933242798,2.6500000953674316,2.7300000190734863,32500,0.0,0.0
2025-06-26 00:00:00-04:00,2.75,2.9000000953674316,2.740000009536743,2.8299999237060547,84600,0.0,0.0
2025-06-27 00:00:00-04:00,2.869999885559082,2.9000000953674316,2.7200000286102295,2.7300000190734863,40900,0.0,0.0
2025-06-30 00:00:00-04:00,2.799999952316284,2.9700000286102295,2.799999952316284,2.859999895095825,17400,0.0,0.0
2025-07-01 00:00:00-04:00,2.9600000381469727,2.990000009536743,2.869999885559082,2.9000000953674316,18500,0.0,0.0
2025-07-02 00:00:00-04:00,2.9700000286102295,3.0399999618530273,2.890000104904175,3.009999990463257,29700,0.0,0.0
2025-07-03 00:00:00-04:00,2.950000047683716,3.059999942779541,2.9200000762939453,2.950000047683716,13800,0.0,0.0
2025-07-07 00:00:00-04:00,2.890000104904175,3.059999942779541,2.890000104904175,2.930000066757202,25500,0.0,0.0
2025-07-08 00:00:00-04:00,2.890000104904175,3.0899999141693115,2.890000104904175,2.9600000381469727,20100,0.0,0.0
2025-07-09 00:00:00-04:00,3.0,3.0899999141693115,2.930000066757202,2.9600000381469727,15700,0.0,0.0
2025-07-10 00:00:00-04:00,2.9600000381469727,3.0899999141693115,2.940000057220459,3.059999942779541,9800,0.0,0.0
2025-07-11 00:00:00-04:00,3.0299999713897705,3.109999895095825,2.9600000381469727,3.0199999809265137,9300,0.0,0.0
2025-07-14 00:00:00-04:00,2.9600000381469727,3.0999999046325684,2.9600000381469727,3.0,22100,0.0,0.0
2025-07-15 00:00:00-04:00,3.0299999713897705,3.059999942779541,2.9700000286102295,2.9700000286102295,5300,0.0,0.0
2025-07-16 00:00:00-04:00,2.9600000381469727,3.049999952316284,2.950000047683716,2.9700000286102295,13900,0.0,0.0
2025-07-17 00:00:00-04:00,2.9800000190734863,3.0899999141693115,2.9800000190734863,3.0,17600,0.0,0.0
2025-07-18 00:00:00-04:00,2.9700000286102295,3.0799999237060547,2.9700000286102295,2.990000009536743,3900,0.0,0.0
2025-07-21 00:00:00-04:00,2.9600000381469727,3.0799999237060547,2.9200000762939453,2.950000047683716,31300,0.0,0.0
2025-07-22 00:00:00-04:00,2.9200000762939453,3.0799999237060547,2.9200000762939453,2.9200000762939453,17200,0.0,0.0
2025-07-23 00:00:00-04:00,2.940000057220459,3.069999933242798,2.9200000762939453,3.049999952316284,95800,0.0,0.0
2025-07-24 00:00:00-04:00,3.0199999809265137,3.049999952316284,3.0,3.0,7500,0.0,0.0
2025-07-25 00:00:00-04:00,3.0,3.0299999713897705,2.9800000190734863,3.009999990463257,27100,0.0,0.0
2025-07-28 00:00:00-04:00,3.0199999809265137,3.0799999237060547,2.990000009536743,3.0399999618530273,12900,0.0,0.0
2025-07-29 00:00:00-04:00,2.990000009536743,3.049999952316284,2.990000009536743,2.990000009536743,13600,0.0,0.0
2025-07-30 00:00:00-04:00,2.9700000286102295,3.0299999713897705,2.9200000762939453,2.930000066757202,13800,0.0,0.0
2025-07-31 00:00:00-04:00,3.0,3.0199999809265137,2.9200000762939453,2.940000057220459,9500,0.0,0.0
2025-08-01 00:00:00-04:00,2.9800000190734863,3.009999990463257,2.859999895095825,2.950000047683716,14900,0.0,0.0
2025-08-04 00:00:00-04:00,2.9000000953674316,2.990000009536743,2.859999895095825,2.859999895095825,11000,0.0,0.0
2025-08-05 00:00:00-04:00,2.9000000953674316,3.0,2.869999885559082,2.9200000762939453,5800,0.0,0.0
2025-08-06 00:00:00-04:00,2.890000104904175,3.0399999618530273,2.880000114440918,2.940000057220459,6400,0.0,0.0
2025-08-07 00:00:00-04:00,2.890000104904175,2.940000057220459,2.880000114440918,2.9000000953674316,11000,0.0,0.0
2025-08-08 00:00:00-04:00,2.8499999046325684,2.9200000762939453,2.7799999713897705,2.7899999618530273,43000,0.0,0.0
2025-08-11 00:00:00-04:00,2.759999990463257,2.8499999046325684,2.7100000381469727,2.75,31000,0.0,0.0
2025-08-12 00:00:00-04:00,2.75,2.8399999141693115,2.75,2.7799999713897705,11700,0.0,0.0
2025-08-13 00:00:00-04:00,2.7799999713897705,2.8499999046325684,2.7699999809265137,2.8499999046325684,17300,0.0,0.0
2025-08-14 00:00:00-04:00,2.809999942779541,2.809999942779541,2.7899999618530273,2.7899999618530273,1400,0.0,0.0
2025-08-15 00:00:00-04:00,2.809999942779541,2.8399999141693115,2.759999990463257,2.7799999713897705,6800,0.0,0.0
2025-08-18 00:00:00-04:00,2.809999942779541,2.8499999046325684,2.799999952316284,2.809999942779541,12600,0.0,0.0
2025-08-19 00:00:00-04:00,2.819999933242798,2.819999933242798,2.759999990463257,2.799999952316284,45100,0.0,0.0
2025-08-20 00:00:00-04:00,2.7799999713897705,2.8499999046325684,2.759999990463257,2.7799999713897705,16200,0.0,0.0
2025-08-21 00:00:00-04:00,2.75,2.809999942779541,2.75,2.7799999713897705,4500,0.0,0.0
2025-08-22 00:00:00-04:00,2.7699999809265137,2.9200000762939453,2.700000047683716,2.9200000762939453,31000,0.0,0.0
2025-08-25 00:00:00-04:00,2.890000104904175,2.9100000858306885,2.8399999141693115,2.859999895095825,20000,0.0,0.0
2025-08-26 00:00:00-04:00,2.869999885559082,2.930000066757202,2.8299999237060547,2.8299999237060547,4000,0.0,0.0
2025-08-27 00:00:00-04:00,2.880000114440918,3.0299999713897705,2.8299999237060547,2.9800000190734863,46100,0.0,0.0
2025-08-28 00:00:00-04:00,2.759999990463257,2.950000047683716,2.759999990463257,2.8499999046325684,51000,0.0,0.0
2025-08-29 00:00:00-04:00,2.869999885559082,2.990000009536743,2.869999885559082,2.9100000858306885,39100,0.0,0.0
2025-09-02 00:00:00-04:00,2.930000066757202,3.0,2.9100000858306885,2.930000066757202,35300,0.0,0.0
2025-09-03 00:00:00-04:00,2.940000057220459,2.950000047683716,2.8299999237060547,2.8499999046325684,70800,0.0,0.0
2025-09-04 00:00:00-04:00,2.890000104904175,2.940000057220459,2.869999885559082,2.869999885559082,68300,0.0,0.0
2025-09-05 00:00:00-04:00,3.119999885559082,3.2100000381469727,3.069999933242798,3.180000066757202,65700,0.0,0.0
2025-09-08 00:00:00-04:00,3.0799999237060547,3.2799999713897705,3.0399999618530273,3.2100000381469727,19500,0.0,0.0
2025-09-09 00:00:00-04:00,3.240000009536743,3.299999952316284,3.180000066757202,3.2699999809265137,16500,0.0,0.0
2025-09-10 00:00:00-04:00,3.2699999809265137,3.4200000762939453,3.109999895095825,3.3299999237060547,27300,0.0,0.0
2025-09-11 00:00:00-04:00,3.2899999618530273,3.450000047683716,3.2699999809265137,3.4100000858306885,40300,0.0,0.0
2025-09-12 00:00:00-04:00,3.4100000858306885,3.609999895095825,3.369999885559082,3.609999895095825,51000,0.0,0.0
2025-09-15 00:00:00-04:00,3.609999895095825,3.700000047683716,3.359999895095825,3.5299999713897705,66900,0.0,0.0
2025-09-16 00:00:00-04:00,3.5199999809265137,3.690000057220459,3.380000114440918,3.619999885559082,26300,0.0,0.0
2025-09-17 00:00:00-04:00,3.5999999046325684,3.5999999046325684,3.440000057220459,3.440000057220459,5500,0.0,0.0
2025-09-18 00:00:00-04:00,3.509999990463257,3.5899999141693115,3.5,3.5899999141693115,15200,0.0,0.0
2025-09-19 00:00:00-04:00,3.559999942779541,3.6500000953674316,3.450000047683716,3.569999933242798,76400,0.0,0.0
2025-09-22 00:00:00-04:00,3.569999933242798,3.6500000953674316,3.509999990463257,3.559999942779541,33900,0.0,0.0
2025-09-23 00:00:00-04:00,3.5399999618530273,3.5799999237060547,3.4100000858306885,3.4600000381469727,12900,0.0,0.0
2025-09-24 00:00:00-04:00,3.4200000762939453,3.5899999141693115,3.4200000762939453,3.4600000381469727,8600,0.0,0.0
2025-09-25 00:00:00-04:00,3.4200000762939453,3.5799999237060547,3.4100000858306885,3.5399999618530273,18700,0.0,0.0
2025-09-26 00:00:00-04:00,3.559999942779541,3.559999942779541,3.450000047683716,3.490000009536743,6600,0.0,0.0
2025-09-29 00:00:00-04:00,3.5299999713897705,3.5299999713897705,3.390000104904175,3.4800000190734863,8700,0.0,0.0
2025-09-30 00:00:00-04:00,3.4700000286102295,3.569999933242798,3.299999952316284,3.569999933242798,76300,0.0,0.0
2025-10-01 00:00:00-04:00,3.549999952316284,3.549999952316284,3.380000114440918,3.4200000762939453,5700,0.0,0.0
2025-10-02 00:00:00-04:00,3.4200000762939453,3.5,3.319999933242798,3.490000009536743,11900,0.0,0.0
2025-10-03 00:00:00-04:00,3.4100000858306885,3.5,3.3299999237060547,3.4200000762939453,16700,0.0,0.0
2025-10-06 00:00:00-04:00,3.319999933242798,3.4700000286102295,3.319999933242798,3.4100000858306885,10700,0.0,0.0
2025-10-07 00:00:00-04:00,3.3299999237060547,3.430000066757202,3.3299999237060547,3.3299999237060547,5400,0.0,0.0
2025-10-08 00:00:00-04:00,3.319999933242798,3.4000000953674316,3.319999933242798,3.4000000953674316,8700,0.0,0.0
2025-10-09 00:00:00-04:00,3.369999885559082,3.380000114440918,3.3299999237060547,3.3299999237060547,7200,0.0,0.0
2025-10-10 00:00:00-04:00,3.3299999237060547,3.3299999237060547,3.140000104904175,3.2100000381469727,12800,0.0,0.0
2025-10-13 00:00:00-04:00,3.0399999618530273,3.3499999046325684,3.0399999618530273,3.200000047683716,29800,0.0,0.0
2025-10-14 00:00:00-04:00,3.2200000286102295,3.3299999237060547,3.200000047683716,3.2899999618530273,10400,0.0,0.0
2025-10-15 00:00:00-04:00,3.299999952316284,3.380000114440918,3.2100000381469727,3.299999952316284,7900,0.0,0.0
2025-10-16 00:00:00-04:00,3.309999942779541,3.4000000953674316,3.1600000858306885,3.2200000286102295,20300,0.0,0.0
2025-10-17 00:00:00-04:00,3.2100000381469727,3.319999933242798,3.140000104904175,3.140000104904175,17700,0.0,0.0
2025-10-20 00:00:00-04:00,3.2899999618530273,3.3399999141693115,3.200000047683716,3.259999990463257,11900,0.0,0.0
2025-10-21 00:00:00-04:00,3.299999952316284,3.3299999237060547,3.200000047683716,3.299999952316284,21300,0.0,0.0
2025-10-22 00:00:00-04:00,3.25,3.3399999141693115,3.2300000190734863,3.2300000190734863,24000,0.0,0.0
2025-10-23 00:00:00-04:00,3.1700000762939453,3.299999952316284,3.1700000762939453,3.2899999618530273,30500,0.0,0.0
2025-10-24 00:00:00-04:00,3.299999952316284,3.369999885559082,3.25,3.25,49000,0.0,0.0
2025-10-27 00:00:00-04:00,3.2899999618530273,3.369999885559082,3.180000066757202,3.2799999713897705,91000,0.0,0.0
2025-10-28 00:00:00-04:00,3.2899999618530273,3.5299999713897705,3.2899999618530273,3.4600000381469727,46000,0.0,0.0
2025-10-29 00:00:00-04:00,3.440000057220459,3.640000104904175,3.359999895095825,3.5899999141693115,76900,0.0,0.0
2025-10-30 00:00:00-04:00,3.5799999237060547,3.5799999237060547,3.359999895095825,3.430000066757202,10200,0.0,0.0
2025-10-31 00:00:00-04:00,3.3399999141693115,3.559999942779541,3.3399999141693115,3.559999942779541,13800,0.0,0.0
2025-11-03 00:00:00-05:00,3.549999952316284,3.549999952316284,3.3399999141693115,3.369999885559082,4200,0.0,0.0
2025-11-04 00:00:00-05:00,3.319999933242798,3.4600000381469727,3.309999942779541,3.4100000858306885,6400,0.0,0.0
2025-11-05 00:00:00-05:00,3.0799999237060547,3.0999999046325684,2.880000114440918,2.9600000381469727,39800,0.0,0.0
2025-11-06 00:00:00-05:00,2.950000047683716,2.9800000190734863,2.880000114440918,2.9000000953674316,18900,0.0,0.0
2025-11-07 00:00:00-05:00,2.869999885559082,2.9800000190734863,2.8399999141693115,2.9200000762939453,23000,0.0,0.0
2025-11-10 00:00:00-05:00,2.9700000286102295,2.990000009536743,2.9100000858306885,2.9600000381469727,35100,0.0,0.0
2025-11-11 00:00:00-05:00,2.9200000762939453,3.0,2.9200000762939453,2.9700000286102295,3100,0.0,0.0
2025-11-12 00:00:00-05:00,2.9100000858306885,2.950000047683716,2.880000114440918,2.890000104904175,11700,0.0,0.0
2025-11-13 00:00:00-05:00,2.890000104904175,2.9000000953674316,2.8499999046325684,2.8499999046325684,12200,0.0,0.0
2025-11-14 00:00:00-05:00,2.809999942779541,2.940000057220459,2.809999942779541,2.8399999141693115,9700,0.0,0.0
2025-11-17 00:00:00-05:00,2.819999933242798,2.9000000953674316,2.7100000381469727,2.7100000381469727,36100,0.0,0.0
2025-11-18 00:00:00-05:00,2.7100000381469727,2.890000104904175,2.5,2.559999942779541,32500,0.0,0.0
2025-11-19 00:00:00-05:00,2.6700000762939453,2.7200000286102295,2.440000057220459,2.630000114440918,103600,0.0,0.0
2025-11-20 00:00:00-05:00,2.700000047683716,2.7200000286102295,2.559999942779541,2.609999895095825,13000,0.0,0.0
2025-11-21 00:00:00-05:00,2.609999895095825,2.799999952316284,2.609999895095825,2.630000114440918,24200,0.0,0.0
2025-11-24 00:00:00-05:00,2.619999885559082,2.700000047683716,2.619999885559082,2.690000057220459,8600,0.0,0.0
2025-11-25 00:00:00-05:00,2.609999895095825,2.75,2.5999999046325684,2.619999885559082,19900,0.0,0.0
2025-11-26 00:00:00-05:00,2.5999999046325684,2.7300000190734863,2.5999999046325684,2.7200000286102295,47300,0.0,0.0
2025-11-28 00:00:00-05:00,2.759999990463257,2.759999990463257,2.430000066757202,2.5999999046325684,60100,0.0,0.0
2025-12-01 00:00:00-05:00,2.549999952316284,2.6700000762939453,2.549999952316284,2.609999895095825,6600,0.0,0.0
2025-12-02 00:00:00-05:00,2.609999895095825,2.680000066757202,2.549999952316284,2.609999895095825,7800,0.0,0.0
2025-12-03 00:00:00-05:00,2.640000104904175,2.6700000762939453,2.5199999809265137,2.5199999809265137,6900,0.0,0.0
2025-12-04 00:00:00-05:00,2.5299999713897705,2.680000066757202,2.5,2.630000114440918,8900,0.0,0.0
2025-12-05 00:00:00-05:00,2.6700000762939453,2.6700000762939453,2.5399999618530273,2.5399999618530273,10800,0.0,0.0
2025-12-08 00:00:00-05:00,2.5399999618530273,2.630000114440918,2.5199999809265137,2.5199999809265137,35300,0.0,0.0
2025-12-09 00:00:00-05:00,2.5,2.6500000953674316,2.5,2.5199999809265137,71500,0.0,0.0
2025-12-10 00:00:00-05:00,2.549999952316284,2.6500000953674316,2.5199999809265137,2.630000114440918,21600,0.0,0.0
2025-12-11 00:00:00-05:00,2.5399999618530273,2.6500000953674316,2.5,2.569999933242798,103200,0.0,0.0
2025-12-12 00:00:00-05:00,2.559999942779541,2.609999895095825,2.5199999809265137,2.5399999618530273,15600,0.0,0.0
2025-12-15 00:00:00-05:00,2.549999952316284,2.5799999237060547,2.4200000762939453,2.4200000762939453,75400,0.0,0.0
2025-12-16 00:00:00-05:00,2.4200000762939453,2.5,2.4000000953674316,2.440000057220459,33400,0.0,0.0
2025-12-17 00:00:00-05:00,2.4600000381469727,2.5,2.4200000762939453,2.430000066757202,36900,0.0,0.0
2025-12-18 00:00:00-05:00,2.5,2.559999942779541,2.4800000190734863,2.4800000190734863,13300,0.0,0.0
2025-12-19 00:00:00-05:00,2.4700000286102295,2.619999885559082,2.430000066757202,2.609999895095825,128700,0.0,0.0
2025-12-22 00:00:00-05:00,2.559999942779541,2.7799999713897705,2.559999942779541,2.7200000286102295,27000,0.0,0.0
2025-12-23 00:00:00-05:00,2.6700000762939453,2.700000047683716,2.559999942779541,2.640000104904175,98300,0.0,0.0
2025-12-24 00:00:00-05:00,2.609999895095825,2.640000104904175,2.5199999809265137,2.569999933242798,21000,0.0,0.0
2025-12-26 00:00:00-05:00,2.5899999141693115,2.640000104904175,2.509999990463257,2.5799999237060547,9300,0.0,0.0
2025-12-29 00:00:00-05:00,2.5199999809265137,2.5799999237060547,2.4600000381469727,2.5799999237060547,27500,0.0,0.0
2025-12-30 00:00:00-05:00,2.509999990463257,2.640000104904175,2.509999990463257,2.630000114440918,39100,0.0,0.0
2025-12-31 00:00:00-05:00,2.630000114440918,2.7899999618530273,2.630000114440918,2.7899999618530273,52000,0.0,0.0
2026-01-02 00:00:00-05:00,2.7899999618530273,2.7899999618530273,2.640000104904175,2.7799999713897705,7500,0.0,0.0
2026-01-05 00:00:00-05:00,2.7799999713897705,2.799999952316284,2.75,2.7799999713897705,21500,0.0,0.0
2026-01-06 00:00:00-05:00,2.759999990463257,2.799999952316284,2.700000047683716,2.7100000381469727,26300,0.0,0.0
2026-01-07 00:00:00-05:00,2.700000047683716,2.7200000286102295,2.6600000858306885,2.690000057220459,11100,0.0,0.0
2026-01-08 00:00:00-05:00,2.700000047683716,2.700000047683716,2.640000104904175,2.700000047683716,3000,0.0,0.0
2026-01-09 00:00:00-05:00,2.6700000762939453,2.7200000286102295,2.569999933242798,2.6500000953674316,18900,0.0,0.0
2026-01-12 00:00:00-05:00,2.7699999809265137,2.7699999809265137,2.6700000762939453,2.7100000381469727,15700,0.0,0.0
2026-01-13 00:00:00-05:00,2.7699999809265137,2.7799999713897705,2.740000009536743,2.759999990463257,3600,0.0,0.0
2026-01-14 00:00:00-05:00,2.7799999713897705,2.7799999713897705,2.700000047683716,2.740000009536743,9200,0.0,0.0
2026-01-15 00:00:00-05:00,2.7699999809265137,2.7699999809265137,2.740000009536743,2.7699999809265137,8600,0.0,0.0
2026-01-16 00:00:00-05:00,2.7699999809265137,2.7899999618530273,2.6700000762939453,2.690000057220459,16400,0.0,0.0
2026-01-20 00:00:00-05:00,2.6700000762939453,2.7699999809265137,2.6500000953674316,2.700000047683716,18500,0.0,0.0
2026-01-21 00:00:00-05:00,2.740000009536743,2.7899999618530273,2.700000047683716,2.7100000381469727,7800,0.0,0.0
2026-01-22 00:00:00-05:00,2.799999952316284,2.799999952316284,2.7100000381469727,2.75,6500,0.0,0.0
2026-01-23 00:00:00-05:00,2.75,2.7899999618530273,2.75,2.75,4500,0.0,0.0
2026-01-26 00:00:00-05:00,2.7799999713897705,2.859999895095825,2.7200000286102295,2.759999990463257,21400,0.0,0.0
2026-01-27 00:00:00-05:00,2.7899999618530273,2.8499999046325684,2.759999990463257,2.759999990463257,8700,0.0,0.0
2026-01-28 00:00:00-05:00,2.7699999809265137,2.880000114440918,2.7699999809265137,2.880000114440918,14200,0.0,0.0
2026-01-29 00:00:00-05:00,2.869999885559082,2.930000066757202,2.740000009536743,2.9000000953674316,17300,0.0,0.0
2026-01-30 00:00:00-05:00,2.9000000953674316,2.9600000381469727,2.759999990463257,2.8299999237060547,12600,0.0,0.0
2026-02-02 00:00:00-05:00,2.8499999046325684,2.9800000190734863,2.759999990463257,2.890000104904175,12500,0.0,0.0
2026-02-03 00:00:00-05:00,2.9200000762939453,2.9200000762939453,2.8399999141693115,2.9100000858306885,6500,0.0,0.0
2026-02-04 00:00:00-05:00,2.8499999046325684,2.9200000762939453,2.799999952316284,2.9100000858306885,57500,0.0,0.0
2026-02-05 00:00:00-05:00,2.8299999237060547,2.9600000381469727,2.8299999237060547,2.950000047683716,25200,0.0,0.0
2026-02-06 00:00:00-05:00,2.940000057220459,3.2100000381469727,2.9200000762939453,3.109999895095825,20900,0.0,0.0
2026-02-09 00:00:00-05:00,3.140000104904175,3.1700000762939453,2.950000047683716,3.069999933242798,23700,0.0,0.0
2026-02-10 00:00:00-05:00,3.059999942779541,3.130000114440918,2.9600000381469727,3.0199999809265137,7900,0.0,0.0
2026-02-11 00:00:00-05:00,3.0299999713897705,3.240000009536743,3.0299999713897705,3.240000009536743,12800,0.0,0.0
2026-02-12 00:00:00-05:00,3.240000009536743,3.25,3.0,3.1500000953674316,24500,0.0,0.0
2026-02-13 00:00:00-05:00,3.119999885559082,3.140000104904175,2.9700000286102295,3.0899999141693115,8000,0.0,0.0
2026-02-17 00:00:00-05:00,3.049999952316284,3.059999942779541,2.990000009536743,3.0299999713897705,13200,0.0,0.0
2026-02-18 00:00:00-05:00,3.059999942779541,3.059999942779541,2.940000057220459,2.940000057220459,1600,0.0,0.0
2026-02-19 00:00:00-05:00,3.0,3.130000114440918,3.0,3.130000114440918,7500,0.0,0.0
2026-02-20 00:00:00-05:00,3.109999895095825,3.240000009536743,3.109999895095825,3.200000047683716,9100,0.0,0.0
2026-02-23 00:00:00-05:00,3.2300000190734863,3.2300000190734863,3.0399999618530273,3.0399999618530273,4400,0.0,0.0
2026-02-24 00:00:00-05:00,3.059999942779541,3.130000114440918,3.0,3.0799999237060547,8800,0.0,0.0
2026-02-25 00:00:00-05:00,3.049999952316284,3.0999999046325684,3.009999990463257,3.0999999046325684,6200,0.0,0.0
2026-02-26 00:00:00-05:00,3.0899999141693115,3.0899999141693115,2.930000066757202,2.9800000190734863,17900,0.0,0.0
2026-02-27 00:00:00-05:00,2.950000047683716,2.950000047683716,2.869999885559082,2.880000114440918,27900,0.0,0.0
2026-03-02 00:00:00-05:00,2.869999885559082,2.9000000953674316,2.8399999141693115,2.8399999141693115,7800,0.0,0.0
2026-03-03 00:00:00-05:00,2.940000057220459,2.940000057220459,2.7899999618530273,2.859999895095825,7400,0.0,0.0
2026-03-04 00:00:00-05:00,2.8299999237060547,2.9000000953674316,2.8299999237060547,2.880000114440918,11000,0.0,0.0
2026-03-05 00:00:00-05:00,2.890000104904175,2.890000104904175,2.799999952316284,2.809999942779541,900,0.0,0.0
2026-03-06 00:00:00-05:00,2.880000114440918,2.880000114440918,2.809999942779541,2.8299999237060547,8300,0.0,0.0
2026-03-09 00:00:00-04:00,2.8299999237060547,2.880000114440918,2.8299999237060547,2.880000114440918,700,0.0,0.0
2026-03-10 00:00:00-04:00,2.8299999237060547,2.890000104904175,2.819999933242798,2.819999933242798,3400,0.0,0.0
2026-03-11 00:00:00-04:00,2.859999895095825,2.859999895095825,2.799999952316284,2.809999942779541,5600,0.0,0.0
2026-03-12 00:00:00-04:00,2.8399999141693115,2.8399999141693115,2.7899999618530273,2.8299999237060547,2800,0.0,0.0
2026-03-13 00:00:00-04:00,2.8499999046325684,2.8499999046325684,2.690000057220459,2.7899999618530273,17300,0.0,0.0
2026-03-16 00:00:00-04:00,2.75,2.8399999141693115,2.75,2.75,8500,0.0,0.0
2026-03-17 00:00:00-04:00,2.75,2.75,2.6600000858306885,2.680000066757202,9000,0.0,0.0
2026-03-18 00:00:00-04:00,2.809999942779541,2.809999942779541,2.680000066757202,2.680000066757202,4200,0.0,0.0
2026-03-19 00:00:00-04:00,2.7200000286102295,2.759999990463257,2.680000066757202,2.75,9800,0.0,0.0
2026-03-20 00:00:00-04:00,2.799999952316284,2.8299999237060547,2.6700000762939453,2.7200000286102295,10400,0.0,0.0
2026-03-23 00:00:00-04:00,2.680000066757202,2.7300000190734863,2.630000114440918,2.7200000286102295,13900,0.0,0.0
2026-03-24 00:00:00-04:00,2.759999990463257,2.799999952316284,2.6600000858306885,2.6700000762939453,12800,0.0,0.0
2026-03-25 00:00:00-04:00,2.680000066757202,2.740000009536743,2.619999885559082,2.6600000858306885,12000,0.0,0.0
2026-03-26 00:00:00-04:00,2.8399999141693115,2.8399999141693115,2.690000057220459,2.7699999809265137,4500,0.0,0.0
2026-03-27 00:00:00-04:00,2.700000047683716,2.700000047683716,2.6500000953674316,2.690000057220459,11100,0.0,0.0
2026-03-30 00:00:00-04:00,2.690000057220459,2.759999990463257,2.640000104904175,2.690000057220459,18800,0.0,0.0
2026-03-31 00:00:00-04:00,2.630000114440918,2.8399999141693115,2.630000114440918,2.7300000190734863,6000,0.0,0.0
2026-04-01 00:00:00-04:00,2.7100000381469727,2.7699999809265137,2.700000047683716,2.7200000286102295,7700,0.0,0.0
2026-04-02 00:00:00-04:00,2.799999952316284,2.8499999046325684,2.690000057220459,2.8399999141693115,26600,0.0,0.0
2026-04-06 00:00:00-04:00,2.7899999618530273,2.9100000858306885,2.7200000286102295,2.7200000286102295,9500,0.0,0.0
2026-04-07 00:00:00-04:00,2.7799999713897705,2.799999952316284,2.690000057220459,2.690000057220459,3700,0.0,0.0
2026-04-08 00:00:00-04:00,2.7799999713897705,2.7799999713897705,2.6600000858306885,2.6600000858306885,7100,0.0,0.0
2026-04-09 00:00:00-04:00,2.7100000381469727,2.7799999713897705,2.690000057220459,2.700000047683716,9400,0.0,0.0
2026-04-10 00:00:00-04:00,2.740000009536743,2.7899999618530273,2.700000047683716,2.75,3000,0.0,0.0
2026-04-13 00:00:00-04:00,2.7100000381469727,2.799999952316284,2.7100000381469727,2.7300000190734863,6000,0.0,0.0
2026-04-14 00:00:00-04:00,2.7799999713897705,2.7799999713897705,2.640000104904175,2.640000104904175,9700,0.0,0.0
2026-04-15 00:00:00-04:00,2.740000009536743,2.740000009536743,2.619999885559082,2.740000009536743,8500,0.0,0.0
2026-04-16 00:00:00-04:00,2.700000047683716,2.75,2.690000057220459,2.75,5200,0.0,0.0
2026-04-17 00:00:00-04:00,2.75,2.8399999141693115,2.6600000858306885,2.7899999618530273,30900,0.0,0.0
2026-04-20 00:00:00-04:00,2.7899999618530273,2.9000000953674316,2.7200000286102295,2.8299999237060547,33300,0.0,0.0
2026-04-21 00:00:00-04:00,2.880000114440918,2.880000114440918,2.8399999141693115,2.8399999141693115,5800,0.0,0.0
2026-04-22 00:00:00-04:00,2.9000000953674316,2.9000000953674316,2.799999952316284,2.8499999046325684,5700,0.0,0.0
2026-04-23 00:00:00-04:00,2.809999942779541,2.9100000858306885,2.7899999618530273,2.9000000953674316,46200,0.0,0.0
2026-04-24 00:00:00-04:00,2.950000047683716,2.9800000190734863,2.950000047683716,2.9800000190734863,1600,0.0,0.0
2026-04-27 00:00:00-04:00,3.0,3.0,2.950000047683716,2.950000047683716,6100,0.0,0.0
2026-04-28 00:00:00-04:00,2.950000047683716,2.950000047683716,2.8299999237060547,2.8299999237060547,6200,0.0,0.0
2026-04-29 00:00:00-04:00,2.8499999046325684,2.950000047683716,2.819999933242798,2.950000047683716,4100,0.0,0.0
2026-04-30 00:00:00-04:00,2.880000114440918,2.950000047683716,2.8399999141693115,2.8399999141693115,6000,0.0,0.0
2026-05-01 00:00:00-04:00,2.9200000762939453,2.930000066757202,2.8299999237060547,2.930000066757202,4600,0.0,0.0
2026-05-04 00:00:00-04:00,2.950000047683716,2.990000009536743,2.9100000858306885,2.9100000858306885,1900,0.0,0.0
2026-05-05 00:00:00-04:00,2.900099992752075,3.0,2.9000000953674316,2.9000000953674316,6295,0.0,0.0
