Date,Open,High,Low,Close,Volume,Dividends,Stock Splits
2022-01-03 00:00:00-05:00,51.400001525878906,57.52000045776367,51.400001525878906,52.709999084472656,121000,0.0,0.0
2022-01-04 00:00:00-05:00,54.4900016784668,54.75,51.72999954223633,52.599998474121094,97200,0.0,0.0
2022-01-05 00:00:00-05:00,53.63999938964844,57.66999816894531,50.40999984741211,51.2400016784668,216200,0.0,0.0
2022-01-06 00:00:00-05:00,52.13999938964844,53.93000030517578,47.5099983215332,48.77000045776367,141300,0.0,0.0
2022-01-07 00:00:00-05:00,48.16999816894531,52.5099983215332,47.5099983215332,51.83000183105469,151200,0.0,0.0
2022-01-10 00:00:00-05:00,52.11000061035156,52.5,47.650001525878906,48.709999084472656,145900,0.0,0.0
2022-01-11 00:00:00-05:00,49.779998779296875,50.869998931884766,46.9900016784668,49.61000061035156,102100,0.0,0.0
2022-01-12 00:00:00-05:00,50.34000015258789,51.91999816894531,48.7400016784668,48.9900016784668,89700,0.0,0.0
2022-01-13 00:00:00-05:00,48.630001068115234,50.75,45.45000076293945,46.0099983215332,125800,0.0,0.0
2022-01-14 00:00:00-05:00,45.0,47.97999954223633,44.7400016784668,46.099998474121094,110900,0.0,0.0
2022-01-18 00:00:00-05:00,45.29999923706055,46.599998474121094,43.2599983215332,44.66999816894531,117300,0.0,0.0
2022-01-19 00:00:00-05:00,45.0,45.5099983215332,42.779998779296875,43.400001525878906,122800,0.0,0.0
2022-01-20 00:00:00-05:00,43.61000061035156,46.59000015258789,42.380001068115234,42.81999969482422,134500,0.0,0.0
2022-01-21 00:00:00-05:00,41.849998474121094,43.099998474121094,40.04999923706055,40.119998931884766,252700,0.0,0.0
2022-01-24 00:00:00-05:00,39.25,42.33000183105469,37.0,41.7400016784668,236800,0.0,0.0
2022-01-25 00:00:00-05:00,40.9900016784668,43.0,39.75,42.119998931884766,151100,0.0,0.0
2022-01-26 00:00:00-05:00,43.0,46.529998779296875,41.2400016784668,41.59000015258789,204600,0.0,0.0
2022-01-27 00:00:00-05:00,42.2400016784668,42.72999954223633,37.68000030517578,37.7400016784668,200900,0.0,0.0
2022-01-28 00:00:00-05:00,37.58000183105469,39.70000076293945,36.16999816894531,39.650001525878906,139600,0.0,0.0
2022-01-31 00:00:00-05:00,39.47999954223633,43.66999816894531,39.38999938964844,43.45000076293945,134300,0.0,0.0
2022-02-01 00:00:00-05:00,43.439998626708984,45.2400016784668,42.130001068115234,43.2599983215332,112500,0.0,0.0
2022-02-02 00:00:00-05:00,44.060001373291016,44.689998626708984,42.31999969482422,43.04999923706055,117900,0.0,0.0
2022-02-03 00:00:00-05:00,41.7599983215332,42.470001220703125,39.09000015258789,39.58000183105469,97700,0.0,0.0
2022-02-04 00:00:00-05:00,39.86000061035156,42.880001068115234,39.81999969482422,42.150001525878906,263800,0.0,0.0
2022-02-07 00:00:00-05:00,42.099998474121094,43.91999816894531,41.65999984741211,42.779998779296875,80100,0.0,0.0
2022-02-08 00:00:00-05:00,42.060001373291016,44.310001373291016,42.060001373291016,42.970001220703125,102000,0.0,0.0
2022-02-09 00:00:00-05:00,43.83000183105469,46.900001525878906,43.83000183105469,46.77000045776367,150200,0.0,0.0
2022-02-10 00:00:00-05:00,45.20000076293945,48.93000030517578,44.060001373291016,44.86000061035156,186300,0.0,0.0
2022-02-11 00:00:00-05:00,43.43000030517578,46.77000045776367,43.43000030517578,44.279998779296875,150700,0.0,0.0
2022-02-14 00:00:00-05:00,44.02000045776367,45.54999923706055,42.349998474121094,42.66999816894531,124200,0.0,0.0
2022-02-15 00:00:00-05:00,43.650001525878906,45.060001373291016,43.5,44.75,107000,0.0,0.0
2022-02-16 00:00:00-05:00,44.84000015258789,46.02000045776367,43.66999816894531,44.459999084472656,104700,0.0,0.0
2022-02-17 00:00:00-05:00,43.72999954223633,44.81999969482422,42.09000015258789,42.099998474121094,118500,0.0,0.0
2022-02-18 00:00:00-05:00,42.0,42.97999954223633,39.7599983215332,40.040000915527344,120400,0.0,0.0
2022-02-22 00:00:00-05:00,39.560001373291016,40.56999969482422,36.91999816894531,37.599998474121094,142000,0.0,0.0
2022-02-23 00:00:00-05:00,38.54999923706055,39.59000015258789,37.220001220703125,37.27000045776367,193900,0.0,0.0
2022-02-24 00:00:00-05:00,35.70000076293945,41.0,34.33000183105469,40.81999969482422,205900,0.0,0.0
2022-02-25 00:00:00-05:00,40.810001373291016,41.08000183105469,38.619998931884766,40.77000045776367,89600,0.0,0.0
2022-02-28 00:00:00-05:00,40.779998779296875,45.68000030517578,40.779998779296875,45.27000045776367,254100,0.0,0.0
2022-03-01 00:00:00-05:00,46.16999816894531,47.310001373291016,41.470001220703125,43.040000915527344,210700,0.0,0.0
2022-03-02 00:00:00-05:00,43.43000030517578,46.5,42.630001068115234,43.36000061035156,180200,0.0,0.0
2022-03-03 00:00:00-05:00,45.40999984741211,45.40999984741211,41.84000015258789,43.11000061035156,206300,0.0,0.0
2022-03-04 00:00:00-05:00,40.0,42.52000045776367,38.90999984741211,40.59000015258789,261700,0.0,0.0
2022-03-07 00:00:00-05:00,41.70000076293945,47.849998474121094,41.61000061035156,42.15999984741211,423000,0.0,0.0
2022-03-08 00:00:00-05:00,43.209999084472656,48.369998931884766,42.540000915527344,45.08000183105469,388100,0.0,0.0
2022-03-09 00:00:00-05:00,47.0099983215332,50.060001373291016,44.099998474121094,49.779998779296875,385100,0.0,0.0
2022-03-10 00:00:00-05:00,52.04999923706055,52.36000061035156,45.529998779296875,47.4900016784668,434000,0.0,0.0
2022-03-11 00:00:00-05:00,51.0,55.77000045776367,39.31999969482422,39.70000076293945,748200,0.0,0.0
2022-03-14 00:00:00-04:00,38.849998474121094,39.349998474121094,32.43000030517578,32.86000061035156,854900,0.0,0.0
2022-03-15 00:00:00-04:00,33.02000045776367,33.41999816894531,29.200000762939453,31.719999313354492,515300,0.0,0.0
2022-03-16 00:00:00-04:00,33.0,35.25,31.520000457763672,35.25,345400,0.0,0.0
2022-03-17 00:00:00-04:00,35.29999923706055,39.0099983215332,34.91999816894531,36.86000061035156,398300,0.0,0.0
2022-03-18 00:00:00-04:00,36.459999084472656,38.38999938964844,35.709999084472656,36.63999938964844,242300,0.0,0.0
2022-03-21 00:00:00-04:00,36.27000045776367,39.47999954223633,36.13999938964844,37.7599983215332,330700,0.0,0.0
2022-03-22 00:00:00-04:00,38.0,38.88999938964844,35.619998931884766,37.59000015258789,242400,0.0,0.0
2022-03-23 00:00:00-04:00,37.36000061035156,38.560001373291016,35.5099983215332,36.13999938964844,199500,0.0,0.0
2022-03-24 00:00:00-04:00,36.45000076293945,37.36000061035156,34.61000061035156,36.84000015258789,173000,0.0,0.0
2022-03-25 00:00:00-04:00,37.22999954223633,37.22999954223633,34.310001373291016,34.400001525878906,281500,0.0,0.0
2022-03-28 00:00:00-04:00,34.619998931884766,34.83000183105469,31.229999542236328,32.0099983215332,308200,0.0,0.0
2022-03-29 00:00:00-04:00,32.13999938964844,35.45000076293945,31.219999313354492,34.34000015258789,310300,0.0,0.0
2022-03-30 00:00:00-04:00,34.09000015258789,36.33000183105469,33.459999084472656,34.0099983215332,289800,0.0,0.0
2022-03-31 00:00:00-04:00,33.72999954223633,35.41999816894531,33.310001373291016,33.70000076293945,234100,0.0,0.0
2022-04-01 00:00:00-04:00,33.599998474121094,34.709999084472656,32.209999084472656,32.790000915527344,211600,0.0,0.0
2022-04-04 00:00:00-04:00,33.45000076293945,34.0,32.2599983215332,33.40999984741211,166900,0.0,0.0
2022-04-05 00:00:00-04:00,33.0,35.31999969482422,33.0,33.84000015258789,280600,0.0,0.0
2022-04-06 00:00:00-04:00,33.27000045776367,33.439998626708984,31.760000228881836,32.47999954223633,141200,0.0,0.0
2022-04-07 00:00:00-04:00,32.470001220703125,33.0,29.110000610351562,31.059999465942383,355800,0.0,0.0
2022-04-08 00:00:00-04:00,31.280000686645508,32.0,30.34000015258789,30.709999084472656,181200,0.0,0.0
2022-04-11 00:00:00-04:00,30.0,31.0,28.809999465942383,30.18000030517578,233800,0.0,0.0
2022-04-12 00:00:00-04:00,30.290000915527344,31.40999984741211,29.639999389648438,30.0,152600,0.0,0.0
2022-04-13 00:00:00-04:00,29.950000762939453,31.479999542236328,29.950000762939453,30.889999389648438,151200,0.0,0.0
2022-04-14 00:00:00-04:00,31.079999923706055,32.599998474121094,30.5,32.5099983215332,177700,0.0,0.0
2022-04-18 00:00:00-04:00,33.0,33.5,31.309999465942383,32.189998626708984,145300,0.0,0.0
2022-04-19 00:00:00-04:00,32.47999954223633,34.459999084472656,31.729999542236328,33.880001068115234,183600,0.0,0.0
2022-04-20 00:00:00-04:00,35.0,36.27000045776367,33.5099983215332,35.9900016784668,158100,0.0,0.0
2022-04-21 00:00:00-04:00,36.369998931884766,36.7400016784668,30.579999923706055,30.809999465942383,289000,0.0,0.0
2022-04-22 00:00:00-04:00,30.8799991607666,32.31999969482422,29.360000610351562,29.920000076293945,188300,0.0,0.0
2022-04-25 00:00:00-04:00,29.149999618530273,30.559999465942383,28.0,30.1299991607666,192100,0.0,0.0
2022-04-26 00:00:00-04:00,29.899999618530273,30.489999771118164,28.31999969482422,28.649999618530273,196800,0.0,0.0
2022-04-27 00:00:00-04:00,28.75,29.969999313354492,27.75,27.799999237060547,177800,0.0,0.0
2022-04-28 00:00:00-04:00,28.049999237060547,29.799999237060547,26.700000762939453,29.469999313354492,169800,0.0,0.0
2022-04-29 00:00:00-04:00,29.5,30.5,27.649999618530273,27.760000228881836,146300,0.0,0.0
2022-05-02 00:00:00-04:00,27.389999389648438,28.989999771118164,26.899999618530273,28.920000076293945,129200,0.0,0.0
2022-05-03 00:00:00-04:00,29.200000762939453,30.450000762939453,29.0,29.739999771118164,114800,0.0,0.0
2022-05-04 00:00:00-04:00,30.15999984741211,30.559999465942383,28.25,30.5,130200,0.0,0.0
2022-05-05 00:00:00-04:00,30.020000457763672,30.260000228881836,27.450000762939453,28.649999618530273,212200,0.0,0.0
2022-05-06 00:00:00-04:00,26.25,27.68000030517578,20.31999969482422,26.809999465942383,465900,0.0,0.0
2022-05-09 00:00:00-04:00,25.979999542236328,25.979999542236328,20.579999923706055,20.65999984741211,370000,0.0,0.0
2022-05-10 00:00:00-04:00,22.010000228881836,22.260000228881836,19.200000762939453,20.700000762939453,554800,0.0,0.0
2022-05-11 00:00:00-04:00,20.979999542236328,21.350000381469727,18.6299991607666,18.700000762939453,220000,0.0,0.0
2022-05-12 00:00:00-04:00,17.8799991607666,19.450000762939453,17.360000610351562,18.6299991607666,333400,0.0,0.0
2022-05-13 00:00:00-04:00,19.3700008392334,22.020000457763672,19.3700008392334,21.290000915527344,316000,0.0,0.0
2022-05-16 00:00:00-04:00,21.40999984741211,23.100000381469727,21.020000457763672,22.6299991607666,241900,0.0,0.0
2022-05-17 00:00:00-04:00,23.8799991607666,24.610000610351562,22.850000381469727,24.420000076293945,206000,0.0,0.0
2022-05-18 00:00:00-04:00,24.420000076293945,26.0,22.049999237060547,23.0,213900,0.0,0.0
2022-05-19 00:00:00-04:00,22.799999237060547,24.479999542236328,22.799999237060547,23.3799991607666,159900,0.0,0.0
2022-05-20 00:00:00-04:00,23.690000534057617,24.260000228881836,22.1200008392334,23.559999465942383,123600,0.0,0.0
2022-05-23 00:00:00-04:00,24.31999969482422,24.31999969482422,22.719999313354492,24.100000381469727,135300,0.0,0.0
2022-05-24 00:00:00-04:00,23.600000381469727,23.600000381469727,22.079999923706055,22.729999542236328,107300,0.0,0.0
2022-05-25 00:00:00-04:00,22.75,23.489999771118164,22.010000228881836,23.09000015258789,161100,0.0,0.0
2022-05-26 00:00:00-04:00,23.190000534057617,25.290000915527344,22.90999984741211,24.90999984741211,135100,0.0,0.0
2022-05-27 00:00:00-04:00,25.020000457763672,25.850000381469727,24.899999618530273,25.610000610351562,67600,0.0,0.0
2022-05-31 00:00:00-04:00,25.84000015258789,26.670000076293945,24.770000457763672,25.59000015258789,146300,0.0,0.0
2022-06-01 00:00:00-04:00,26.0,27.0,24.149999618530273,24.450000762939453,122300,0.0,0.0
2022-06-02 00:00:00-04:00,24.889999389648438,28.100000381469727,24.010000228881836,27.510000228881836,145000,0.0,0.0
2022-06-03 00:00:00-04:00,26.93000030517578,27.489999771118164,26.100000381469727,26.350000381469727,76600,0.0,0.0
2022-06-06 00:00:00-04:00,27.270000457763672,27.270000457763672,26.100000381469727,26.31999969482422,77100,0.0,0.0
2022-06-07 00:00:00-04:00,25.959999084472656,30.760000228881836,25.510000228881836,30.270000457763672,415100,0.0,0.0
2022-06-08 00:00:00-04:00,32.06999969482422,34.91999816894531,32.0,34.5099983215332,855000,0.0,0.0
2022-06-09 00:00:00-04:00,34.20000076293945,34.47999954223633,31.200000762939453,31.200000762939453,338200,0.0,0.0
2022-06-10 00:00:00-04:00,30.399999618530273,31.489999771118164,29.09000015258789,30.110000610351562,269200,0.0,0.0
2022-06-13 00:00:00-04:00,28.0,29.93000030517578,26.540000915527344,28.709999084472656,269100,0.0,0.0
2022-06-14 00:00:00-04:00,29.1200008392334,29.479999542236328,26.31999969482422,26.760000228881836,112200,0.0,0.0
2022-06-15 00:00:00-04:00,26.850000381469727,28.860000610351562,26.399999618530273,28.360000610351562,181700,0.0,0.0
2022-06-16 00:00:00-04:00,27.020000457763672,27.100000381469727,24.93000030517578,25.200000762939453,171200,0.0,0.0
2022-06-17 00:00:00-04:00,25.950000762939453,27.889999389648438,25.43000030517578,27.510000228881836,203500,0.0,0.0
2022-06-21 00:00:00-04:00,28.520000457763672,29.600000381469727,27.940000534057617,28.219999313354492,175600,0.0,0.0
2022-06-22 00:00:00-04:00,27.139999389648438,27.950000762939453,25.549999237060547,26.40999984741211,136300,0.0,0.0
2022-06-23 00:00:00-04:00,26.260000228881836,27.3700008392334,25.5,27.100000381469727,135400,0.0,0.0
2022-06-24 00:00:00-04:00,27.15999984741211,29.3700008392334,27.15999984741211,28.90999984741211,259100,0.0,0.0
2022-06-27 00:00:00-04:00,29.100000381469727,30.3700008392334,27.489999771118164,27.90999984741211,176200,0.0,0.0
2022-06-28 00:00:00-04:00,27.8799991607666,28.510000228881836,25.510000228881836,25.770000457763672,177600,0.0,0.0
2022-06-29 00:00:00-04:00,25.600000381469727,25.600000381469727,23.600000381469727,24.5,218400,0.0,0.0
2022-06-30 00:00:00-04:00,24.030000686645508,24.75,23.420000076293945,24.75,152400,0.0,0.0
2022-07-01 00:00:00-04:00,24.75,26.75,24.260000228881836,26.729999542236328,194400,0.0,0.0
2022-07-05 00:00:00-04:00,25.670000076293945,26.860000610351562,25.190000534057617,26.84000015258789,96800,0.0,0.0
2022-07-06 00:00:00-04:00,26.850000381469727,27.450000762939453,25.239999771118164,25.81999969482422,76200,0.0,0.0
2022-07-07 00:00:00-04:00,26.270000457763672,28.31999969482422,26.270000457763672,27.90999984741211,151100,0.0,0.0
2022-07-08 00:00:00-04:00,27.43000030517578,27.920000076293945,26.610000610351562,27.649999618530273,64500,0.0,0.0
2022-07-11 00:00:00-04:00,26.799999237060547,27.8700008392334,26.200000762939453,27.270000457763672,99600,0.0,0.0
2022-07-12 00:00:00-04:00,27.34000015258789,28.440000534057617,26.579999923706055,27.350000381469727,102600,0.0,0.0
2022-07-13 00:00:00-04:00,26.559999465942383,27.989999771118164,26.139999389648438,27.209999084472656,63300,0.0,0.0
2022-07-14 00:00:00-04:00,26.40999984741211,26.889999389648438,25.31999969482422,26.799999237060547,68700,0.0,0.0
2022-07-15 00:00:00-04:00,27.170000076293945,28.290000915527344,25.90999984741211,27.950000762939453,70700,0.0,0.0
2022-07-18 00:00:00-04:00,28.670000076293945,29.68000030517578,27.600000381469727,28.1200008392334,102700,0.0,0.0
2022-07-19 00:00:00-04:00,28.530000686645508,30.299999237060547,28.149999618530273,29.600000381469727,170400,0.0,0.0
2022-07-20 00:00:00-04:00,29.84000015258789,31.200000762939453,29.299999237060547,31.059999465942383,101600,0.0,0.0
2022-07-21 00:00:00-04:00,31.139999389648438,31.559999465942383,28.84000015258789,29.3799991607666,90900,0.0,0.0
2022-07-22 00:00:00-04:00,29.479999542236328,29.479999542236328,26.299999237060547,26.719999313354492,143500,0.0,0.0
2022-07-25 00:00:00-04:00,27.1200008392334,29.5,26.809999465942383,28.799999237060547,119800,0.0,0.0
2022-07-26 00:00:00-04:00,28.729999542236328,29.600000381469727,28.149999618530273,29.25,86000,0.0,0.0
2022-07-27 00:00:00-04:00,30.459999084472656,31.25,29.559999465942383,30.84000015258789,180200,0.0,0.0
2022-07-28 00:00:00-04:00,31.989999771118164,32.5099983215332,30.280000686645508,32.25,123100,0.0,0.0
2022-07-29 00:00:00-04:00,32.59000015258789,33.5,31.65999984741211,33.150001525878906,182800,0.0,0.0
2022-08-01 00:00:00-04:00,32.86000061035156,33.47999954223633,32.13999938964844,32.5099983215332,127800,0.0,0.0
2022-08-02 00:00:00-04:00,33.61000061035156,35.41999816894531,33.06999969482422,34.27000045776367,138200,0.0,0.0
2022-08-03 00:00:00-04:00,34.31999969482422,34.9900016784668,33.130001068115234,34.63999938964844,84100,0.0,0.0
2022-08-04 00:00:00-04:00,34.63999938964844,34.9900016784668,33.08000183105469,33.08000183105469,148300,0.0,0.0
2022-08-05 00:00:00-04:00,34.279998779296875,39.0,33.86000061035156,38.79999923706055,284500,0.0,0.0
2022-08-08 00:00:00-04:00,41.7599983215332,42.869998931884766,40.5,41.709999084472656,335100,0.0,0.0
2022-08-09 00:00:00-04:00,41.709999084472656,42.720001220703125,39.439998626708984,40.209999084472656,175600,0.0,0.0
2022-08-10 00:00:00-04:00,41.369998931884766,43.369998931884766,40.900001525878906,42.75,165100,0.0,0.0
2022-08-11 00:00:00-04:00,44.90999984741211,46.0,43.61000061035156,44.380001068115234,275700,0.0,0.0
2022-08-12 00:00:00-04:00,44.84000015258789,45.689998626708984,42.0099983215332,43.56999969482422,187900,0.0,0.0
2022-08-15 00:00:00-04:00,43.5099983215332,43.5099983215332,42.11000061035156,42.43000030517578,165100,0.0,0.0
2022-08-16 00:00:00-04:00,42.470001220703125,42.900001525878906,40.0099983215332,40.970001220703125,256800,0.0,0.0
2022-08-17 00:00:00-04:00,40.15999984741211,40.5,37.11000061035156,37.459999084472656,313300,0.0,0.0
2022-08-18 00:00:00-04:00,37.54999923706055,40.599998474121094,36.75,39.790000915527344,165600,0.0,0.0
2022-08-19 00:00:00-04:00,38.970001220703125,40.0,37.970001220703125,38.439998626708984,163200,0.0,0.0
2022-08-22 00:00:00-04:00,37.4900016784668,38.0,36.59000015258789,36.779998779296875,142900,0.0,0.0
2022-08-23 00:00:00-04:00,37.4900016784668,40.58000183105469,37.4900016784668,39.72999954223633,157800,0.0,0.0
2022-08-24 00:00:00-04:00,41.54999923706055,46.22999954223633,40.849998474121094,45.66999816894531,339000,0.0,0.0
2022-08-25 00:00:00-04:00,46.209999084472656,47.400001525878906,43.0099983215332,45.81999969482422,314200,0.0,0.0
2022-08-26 00:00:00-04:00,45.470001220703125,45.61000061035156,42.599998474121094,43.13999938964844,185600,0.0,0.0
2022-08-29 00:00:00-04:00,42.470001220703125,51.5,42.0,50.540000915527344,590700,0.0,0.0
2022-08-30 00:00:00-04:00,52.38999938964844,52.5,46.70000076293945,48.630001068115234,561400,0.0,0.0
2022-08-31 00:00:00-04:00,47.70000076293945,50.5099983215332,46.650001525878906,49.810001373291016,282900,0.0,0.0
2022-09-01 00:00:00-04:00,49.20000076293945,49.31999969482422,43.560001373291016,46.09000015258789,355700,0.0,0.0
2022-09-02 00:00:00-04:00,47.900001525878906,49.470001220703125,46.0,47.349998474121094,304800,0.0,0.0
2022-09-06 00:00:00-04:00,49.04999923706055,50.81999969482422,46.970001220703125,47.16999816894531,307900,0.0,0.0
2022-09-07 00:00:00-04:00,46.790000915527344,49.2400016784668,46.29999923706055,48.720001220703125,235100,0.0,0.0
2022-09-08 00:00:00-04:00,48.2400016784668,52.869998931884766,47.84000015258789,52.7400016784668,284500,0.0,0.0
2022-09-09 00:00:00-04:00,53.220001220703125,55.0,52.75,54.61000061035156,287700,0.0,0.0
2022-09-12 00:00:00-04:00,55.13999938964844,55.59000015258789,49.91999816894531,50.40999984741211,338600,0.0,0.0
2022-09-13 00:00:00-04:00,47.75,50.279998779296875,47.599998474121094,48.58000183105469,269000,0.0,0.0
2022-09-14 00:00:00-04:00,49.4900016784668,51.400001525878906,48.56999969482422,49.25,193800,0.0,0.0
2022-09-15 00:00:00-04:00,49.70000076293945,50.220001220703125,46.400001525878906,46.810001373291016,188700,0.0,0.0
2022-09-16 00:00:00-04:00,45.91999816894531,46.810001373291016,44.52000045776367,45.880001068115234,208600,0.0,0.0
2022-09-19 00:00:00-04:00,44.2400016784668,45.470001220703125,43.099998474121094,44.619998931884766,250200,0.0,0.0
2022-09-20 00:00:00-04:00,43.43000030517578,44.36000061035156,41.70000076293945,43.61000061035156,241300,0.0,0.0
2022-09-21 00:00:00-04:00,44.5099983215332,44.810001373291016,41.540000915527344,41.540000915527344,179200,0.0,0.0
2022-09-22 00:00:00-04:00,41.02000045776367,41.630001068115234,39.56999969482422,39.56999969482422,197000,0.0,0.0
2022-09-23 00:00:00-04:00,38.7400016784668,38.7400016784668,36.439998626708984,36.650001525878906,271600,0.0,0.0
2022-09-26 00:00:00-04:00,36.56999969482422,39.310001373291016,36.2599983215332,38.25,245300,0.0,0.0
2022-09-27 00:00:00-04:00,39.66999816894531,41.0,38.47999954223633,39.380001068115234,209100,0.0,0.0
2022-09-28 00:00:00-04:00,39.470001220703125,43.43000030517578,39.0099983215332,42.849998474121094,214800,0.0,0.0
2022-09-29 00:00:00-04:00,42.4900016784668,42.4900016784668,39.119998931884766,40.84000015258789,201400,0.0,0.0
2022-09-30 00:00:00-04:00,40.529998779296875,42.709999084472656,40.029998779296875,40.97999954223633,520300,0.0,0.0
2022-10-03 00:00:00-04:00,42.029998779296875,44.099998474121094,41.209999084472656,41.5,170400,0.0,0.0
2022-10-04 00:00:00-04:00,42.900001525878906,43.810001373291016,41.43000030517578,42.900001525878906,156400,0.0,0.0
2022-10-05 00:00:00-04:00,42.040000915527344,42.880001068115234,39.47999954223633,42.79999923706055,231600,0.0,0.0
2022-10-06 00:00:00-04:00,42.25,43.0,40.470001220703125,40.5,169300,0.0,0.0
2022-10-07 00:00:00-04:00,40.349998474121094,40.709999084472656,38.349998474121094,39.13999938964844,191400,0.0,0.0
2022-10-10 00:00:00-04:00,39.380001068115234,39.470001220703125,36.099998474121094,36.79999923706055,193600,0.0,0.0
2022-10-11 00:00:00-04:00,36.720001220703125,37.5,34.540000915527344,36.0,205500,0.0,0.0
2022-10-12 00:00:00-04:00,36.54999923706055,37.290000915527344,34.599998474121094,36.54999923706055,169100,0.0,0.0
2022-10-13 00:00:00-04:00,35.29999923706055,39.40999984741211,33.779998779296875,39.18000030517578,196400,0.0,0.0
2022-10-14 00:00:00-04:00,39.18000030517578,39.18000030517578,37.279998779296875,37.66999816894531,146400,0.0,0.0
2022-10-17 00:00:00-04:00,38.47999954223633,40.72999954223633,38.47999954223633,40.72999954223633,124100,0.0,0.0
2022-10-18 00:00:00-04:00,41.65999984741211,42.029998779296875,39.70000076293945,40.36000061035156,110500,0.0,0.0
2022-10-19 00:00:00-04:00,40.33000183105469,40.4900016784668,38.849998474121094,39.97999954223633,66600,0.0,0.0
2022-10-20 00:00:00-04:00,40.4900016784668,42.70000076293945,39.86000061035156,40.810001373291016,172500,0.0,0.0
2022-10-21 00:00:00-04:00,41.11000061035156,42.869998931884766,39.58000183105469,42.7400016784668,135600,0.0,0.0
2022-10-24 00:00:00-04:00,43.0,43.0,40.72999954223633,42.290000915527344,128000,0.0,0.0
2022-10-25 00:00:00-04:00,42.34000015258789,44.70000076293945,42.34000015258789,43.369998931884766,146900,0.0,0.0
2022-10-26 00:00:00-04:00,43.619998931884766,46.5,43.369998931884766,44.380001068115234,150900,0.0,0.0
2022-10-27 00:00:00-04:00,45.150001525878906,45.84000015258789,43.88999938964844,44.099998474121094,94800,0.0,0.0
2022-10-28 00:00:00-04:00,45.47999954223633,47.060001373291016,43.810001373291016,47.060001373291016,136500,0.0,0.0
2022-10-31 00:00:00-04:00,47.540000915527344,47.56999969482422,45.849998474121094,47.310001373291016,109400,0.0,0.0
2022-11-01 00:00:00-04:00,48.02000045776367,48.290000915527344,46.68000030517578,46.84000015258789,127800,0.0,0.0
2022-11-02 00:00:00-04:00,47.22999954223633,47.5099983215332,43.459999084472656,43.790000915527344,167800,0.0,0.0
2022-11-03 00:00:00-04:00,43.15999984741211,45.150001525878906,41.52000045776367,41.56999969482422,128300,0.0,0.0
2022-11-04 00:00:00-04:00,43.0099983215332,44.25,41.33000183105469,43.5,88000,0.0,0.0
2022-11-07 00:00:00-05:00,43.720001220703125,46.630001068115234,42.91999816894531,46.04999923706055,101300,0.0,0.0
2022-11-08 00:00:00-05:00,45.34000015258789,47.02000045776367,44.25,45.06999969482422,145700,0.0,0.0
2022-11-09 00:00:00-05:00,38.56999969482422,39.7599983215332,30.15999984741211,30.90999984741211,1188900,0.0,0.0
2022-11-10 00:00:00-05:00,33.7599983215332,37.029998779296875,32.720001220703125,36.86000061035156,453000,0.0,0.0
2022-11-11 00:00:00-05:00,37.31999969482422,40.79999923706055,37.220001220703125,39.45000076293945,308100,0.0,0.0
2022-11-14 00:00:00-05:00,39.119998931884766,41.650001525878906,38.529998779296875,39.849998474121094,209600,0.0,0.0
2022-11-15 00:00:00-05:00,40.70000076293945,41.119998931884766,39.09000015258789,40.0,173100,0.0,0.0
2022-11-16 00:00:00-05:00,39.790000915527344,39.900001525878906,38.02000045776367,38.279998779296875,106000,0.0,0.0
2022-11-17 00:00:00-05:00,36.970001220703125,38.209999084472656,36.09000015258789,37.560001373291016,160900,0.0,0.0
2022-11-18 00:00:00-05:00,38.459999084472656,38.459999084472656,36.5,37.86000061035156,93600,0.0,0.0
2022-11-21 00:00:00-05:00,37.959999084472656,39.099998474121094,36.650001525878906,38.9900016784668,154400,0.0,0.0
2022-11-22 00:00:00-05:00,38.9900016784668,38.9900016784668,37.54999923706055,37.61000061035156,182000,0.0,0.0
2022-11-23 00:00:00-05:00,36.959999084472656,38.27000045776367,36.939998626708984,37.900001525878906,123000,0.0,0.0
2022-11-25 00:00:00-05:00,37.959999084472656,38.349998474121094,37.540000915527344,37.91999816894531,31300,0.0,0.0
2022-11-28 00:00:00-05:00,37.5,38.400001525878906,36.189998626708984,36.43000030517578,136200,0.0,0.0
2022-11-29 00:00:00-05:00,37.34000015258789,37.810001373291016,36.689998626708984,37.209999084472656,97500,0.0,0.0
2022-11-30 00:00:00-05:00,37.79999923706055,38.29999923706055,36.439998626708984,38.0,196500,0.0,0.0
2022-12-01 00:00:00-05:00,38.380001068115234,38.619998931884766,36.939998626708984,37.31999969482422,82800,0.0,0.0
2022-12-02 00:00:00-05:00,38.91999816894531,38.91999816894531,36.900001525878906,38.25,177500,0.0,0.0
2022-12-05 00:00:00-05:00,38.15999984741211,38.5,35.369998931884766,35.75,123500,0.0,0.0
2022-12-06 00:00:00-05:00,35.45000076293945,35.83000183105469,33.209999084472656,33.88999938964844,208900,0.0,0.0
2022-12-07 00:00:00-05:00,33.689998626708984,35.41999816894531,33.650001525878906,34.20000076293945,76900,0.0,0.0
2022-12-08 00:00:00-05:00,34.349998474121094,35.40999984741211,34.220001220703125,34.83000183105469,95800,0.0,0.0
2022-12-09 00:00:00-05:00,34.38999938964844,35.20000076293945,33.349998474121094,33.540000915527344,84700,0.0,0.0
2022-12-12 00:00:00-05:00,33.58000183105469,34.45000076293945,33.209999084472656,33.540000915527344,101300,0.0,0.0
2022-12-13 00:00:00-05:00,34.529998779296875,35.790000915527344,33.310001373291016,34.18000030517578,174900,0.0,0.0
2022-12-14 00:00:00-05:00,34.56999969482422,35.15999984741211,33.40999984741211,33.95000076293945,116300,0.0,0.0
2022-12-15 00:00:00-05:00,33.470001220703125,34.5,33.470001220703125,33.83000183105469,83300,0.0,0.0
2022-12-16 00:00:00-05:00,33.18000030517578,34.15999984741211,32.529998779296875,33.25,129100,0.0,0.0
2022-12-19 00:00:00-05:00,33.08000183105469,33.09000015258789,31.399999618530273,31.739999771118164,83200,0.0,0.0
2022-12-20 00:00:00-05:00,31.459999084472656,33.220001220703125,31.459999084472656,31.920000076293945,83100,0.0,0.0
2022-12-21 00:00:00-05:00,32.939998626708984,33.47999954223633,32.369998931884766,33.15999984741211,117700,0.0,0.0
2022-12-22 00:00:00-05:00,32.810001373291016,32.9900016784668,30.959999084472656,32.09000015258789,86300,0.0,0.0
2022-12-23 00:00:00-05:00,31.5,32.150001525878906,30.809999465942383,31.40999984741211,134100,0.0,0.0
2022-12-27 00:00:00-05:00,31.799999237060547,33.06999969482422,31.1299991607666,32.060001373291016,117700,0.0,0.0
2022-12-28 00:00:00-05:00,31.709999084472656,32.290000915527344,30.260000228881836,30.969999313354492,122400,0.0,0.0
2022-12-29 00:00:00-05:00,31.010000228881836,33.119998931884766,31.0,32.93000030517578,112800,0.0,0.0
2022-12-30 00:00:00-05:00,32.7599983215332,33.189998626708984,31.850000381469727,32.47999954223633,317700,0.0,0.0
2023-01-03 00:00:00-05:00,33.0,34.75,32.849998474121094,33.43000030517578,132500,0.0,0.0
2023-01-04 00:00:00-05:00,33.86000061035156,34.5,32.209999084472656,33.0,103100,0.0,0.0
2023-01-05 00:00:00-05:00,32.790000915527344,33.40999984741211,32.0,32.93000030517578,77700,0.0,0.0
2023-01-06 00:00:00-05:00,33.459999084472656,34.75,33.27000045776367,34.54999923706055,93800,0.0,0.0
2023-01-09 00:00:00-05:00,35.0,36.20000076293945,34.95000076293945,35.290000915527344,130800,0.0,0.0
2023-01-10 00:00:00-05:00,35.369998931884766,36.0099983215332,34.540000915527344,36.0099983215332,55500,0.0,0.0
2023-01-11 00:00:00-05:00,36.380001068115234,36.61000061035156,35.0,36.5,92900,0.0,0.0
2023-01-12 00:00:00-05:00,36.61000061035156,37.0,35.70000076293945,36.70000076293945,82600,0.0,0.0
2023-01-13 00:00:00-05:00,35.95000076293945,37.119998931884766,35.79999923706055,36.959999084472656,68500,0.0,0.0
2023-01-17 00:00:00-05:00,36.52000045776367,36.709999084472656,36.0,36.400001525878906,65500,0.0,0.0
2023-01-18 00:00:00-05:00,36.7599983215332,37.52000045776367,34.27000045776367,34.720001220703125,80800,0.0,0.0
2023-01-19 00:00:00-05:00,34.13999938964844,34.709999084472656,33.599998474121094,34.11000061035156,83900,0.0,0.0
2023-01-20 00:00:00-05:00,34.0,35.4900016784668,33.650001525878906,35.47999954223633,78700,0.0,0.0
2023-01-23 00:00:00-05:00,35.9900016784668,37.11000061035156,35.2599983215332,37.02000045776367,66200,0.0,0.0
2023-01-24 00:00:00-05:00,37.06999969482422,37.9900016784668,36.349998474121094,37.41999816894531,79200,0.0,0.0
2023-01-25 00:00:00-05:00,37.29999923706055,38.150001525878906,36.33000183105469,38.11000061035156,41000,0.0,0.0
2023-01-26 00:00:00-05:00,38.290000915527344,39.400001525878906,37.81999969482422,39.310001373291016,98300,0.0,0.0
2023-01-27 00:00:00-05:00,39.75,41.470001220703125,39.5,40.689998626708984,131900,0.0,0.0
2023-01-30 00:00:00-05:00,40.599998474121094,43.099998474121094,40.06999969482422,41.099998474121094,121200,0.0,0.0
2023-01-31 00:00:00-05:00,40.5099983215332,42.5099983215332,40.5099983215332,41.04999923706055,173600,0.0,0.0
2023-02-01 00:00:00-05:00,41.209999084472656,43.18000030517578,40.279998779296875,42.20000076293945,110200,0.0,0.0
2023-02-02 00:00:00-05:00,42.88999938964844,43.790000915527344,41.52000045776367,42.439998626708984,100100,0.0,0.0
2023-02-03 00:00:00-05:00,41.81999969482422,42.939998626708984,40.15999984741211,40.599998474121094,108400,0.0,0.0
2023-02-06 00:00:00-05:00,40.439998626708984,40.79999923706055,39.33000183105469,39.369998931884766,85600,0.0,0.0
2023-02-07 00:00:00-05:00,39.2599983215332,41.5,39.0,41.220001220703125,84300,0.0,0.0
2023-02-08 00:00:00-05:00,41.33000183105469,41.4900016784668,39.58000183105469,39.75,76800,0.0,0.0
2023-02-09 00:00:00-05:00,40.54999923706055,41.27000045776367,40.09000015258789,40.630001068115234,82800,0.0,0.0
2023-02-10 00:00:00-05:00,40.22999954223633,41.720001220703125,40.18000030517578,41.720001220703125,57900,0.0,0.0
2023-02-13 00:00:00-05:00,41.91999816894531,42.75,41.4900016784668,42.029998779296875,82200,0.0,0.0
2023-02-14 00:00:00-05:00,41.81999969482422,43.52000045776367,40.75,43.27000045776367,108600,0.0,0.0
2023-02-15 00:00:00-05:00,43.0,46.220001220703125,42.93000030517578,45.599998474121094,137500,0.0,0.0
2023-02-16 00:00:00-05:00,45.97999954223633,50.66999816894531,44.72999954223633,46.95000076293945,238000,0.0,0.0
2023-02-17 00:00:00-05:00,46.400001525878906,46.5,42.02000045776367,42.349998474121094,174800,0.0,0.0
2023-02-21 00:00:00-05:00,42.83000183105469,44.290000915527344,41.66999816894531,42.09000015258789,150900,0.0,0.0
2023-02-22 00:00:00-05:00,45.970001220703125,48.79999923706055,44.619998931884766,47.95000076293945,314500,0.0,0.0
2023-02-23 00:00:00-05:00,48.81999969482422,51.209999084472656,48.02000045776367,50.369998931884766,233200,0.0,0.0
2023-02-24 00:00:00-05:00,49.22999954223633,49.72999954223633,46.70000076293945,48.65999984741211,173400,0.0,0.0
2023-02-27 00:00:00-05:00,49.0,49.130001068115234,46.709999084472656,46.84000015258789,143500,0.0,0.0
2023-02-28 00:00:00-05:00,45.43000030517578,46.83000183105469,44.61000061035156,44.810001373291016,243500,0.0,0.0
2023-03-01 00:00:00-05:00,44.790000915527344,45.16999816894531,43.81999969482422,44.0,203100,0.0,0.0
2023-03-02 00:00:00-05:00,43.91999816894531,43.91999816894531,42.18000030517578,42.70000076293945,205300,0.0,0.0
2023-03-03 00:00:00-05:00,42.810001373291016,43.689998626708984,42.40999984741211,42.709999084472656,448500,0.0,0.0
2023-03-06 00:00:00-05:00,42.720001220703125,42.720001220703125,40.41999816894531,40.52000045776367,254300,0.0,0.0
2023-03-07 00:00:00-05:00,40.709999084472656,42.790000915527344,40.400001525878906,42.25,434900,0.0,0.0
2023-03-08 00:00:00-05:00,42.70000076293945,42.70000076293945,41.029998779296875,41.54999923706055,151400,0.0,0.0
2023-03-09 00:00:00-05:00,41.47999954223633,42.16999816894531,39.25,39.70000076293945,172000,0.0,0.0
2023-03-10 00:00:00-05:00,39.45000076293945,39.77000045776367,37.560001373291016,38.09000015258789,184300,0.0,0.0
2023-03-13 00:00:00-04:00,36.779998779296875,37.13999938964844,34.220001220703125,35.15999984741211,294200,0.0,0.0
2023-03-14 00:00:00-04:00,36.25,37.18000030517578,34.40999984741211,34.560001373291016,218400,0.0,0.0
2023-03-15 00:00:00-04:00,33.439998626708984,33.439998626708984,31.989999771118164,33.0,246100,0.0,0.0
2023-03-16 00:00:00-04:00,32.09000015258789,33.279998779296875,31.700000762939453,33.130001068115234,399800,0.0,0.0
2023-03-17 00:00:00-04:00,32.54999923706055,33.2400016784668,32.16999816894531,33.060001373291016,290100,0.0,0.0
2023-03-20 00:00:00-04:00,33.20000076293945,33.41999816894531,32.4900016784668,32.560001373291016,212400,0.0,0.0
2023-03-21 00:00:00-04:00,33.0,34.20000076293945,32.56999969482422,33.59000015258789,259800,0.0,0.0
2023-03-22 00:00:00-04:00,33.59000015258789,34.470001220703125,33.040000915527344,33.060001373291016,138100,0.0,0.0
2023-03-23 00:00:00-04:00,33.16999816894531,33.20000076293945,31.079999923706055,31.34000015258789,299300,0.0,0.0
2023-03-24 00:00:00-04:00,30.760000228881836,32.0,30.270000457763672,31.729999542236328,170400,0.0,0.0
2023-03-27 00:00:00-04:00,32.0099983215332,32.31999969482422,31.40999984741211,32.099998474121094,225300,0.0,0.0
2023-03-28 00:00:00-04:00,32.11000061035156,32.119998931884766,31.56999969482422,31.56999969482422,112900,0.0,0.0
2023-03-29 00:00:00-04:00,31.90999984741211,32.439998626708984,31.75,32.369998931884766,252000,0.0,0.0
2023-03-30 00:00:00-04:00,32.630001068115234,33.099998474121094,31.770000457763672,31.81999969482422,127100,0.0,0.0
2023-03-31 00:00:00-04:00,31.899999618530273,32.22999954223633,31.84000015258789,32.20000076293945,149700,0.0,0.0
2023-04-03 00:00:00-04:00,32.540000915527344,33.119998931884766,31.75,32.869998931884766,237300,0.0,0.0
2023-04-04 00:00:00-04:00,33.040000915527344,33.119998931884766,30.399999618530273,30.760000228881836,185400,0.0,0.0
2023-04-05 00:00:00-04:00,30.940000534057617,30.940000534057617,29.100000381469727,29.15999984741211,206900,0.0,0.0
2023-04-06 00:00:00-04:00,29.5,30.0,28.81999969482422,29.90999984741211,138700,0.0,0.0
2023-04-10 00:00:00-04:00,29.829999923706055,30.25,29.399999618530273,29.950000762939453,82000,0.0,0.0
2023-04-11 00:00:00-04:00,30.0,30.299999237060547,29.450000762939453,29.68000030517578,101100,0.0,0.0
2023-04-12 00:00:00-04:00,29.899999618530273,30.670000076293945,29.530000686645508,29.969999313354492,182500,0.0,0.0
2023-04-13 00:00:00-04:00,30.1200008392334,32.20000076293945,30.079999923706055,31.639999389648438,179000,0.0,0.0
2023-04-14 00:00:00-04:00,31.780000686645508,32.72999954223633,30.969999313354492,31.559999465942383,121200,0.0,0.0
2023-04-17 00:00:00-04:00,31.549999237060547,31.81999969482422,30.899999618530273,31.440000534057617,49200,0.0,0.0
2023-04-18 00:00:00-04:00,31.5,31.68000030517578,30.25,30.81999969482422,105600,0.0,0.0
2023-04-19 00:00:00-04:00,30.579999923706055,30.579999923706055,29.8700008392334,30.299999237060547,65600,0.0,0.0
2023-04-20 00:00:00-04:00,30.010000228881836,30.010000228881836,29.219999313354492,29.6200008392334,74800,0.0,0.0
2023-04-21 00:00:00-04:00,29.5,29.56999969482422,28.450000762939453,28.700000762939453,113000,0.0,0.0
2023-04-24 00:00:00-04:00,28.459999084472656,29.440000534057617,28.459999084472656,29.309999465942383,115600,0.0,0.0
2023-04-25 00:00:00-04:00,28.969999313354492,28.969999313354492,27.610000610351562,27.739999771118164,91100,0.0,0.0
2023-04-26 00:00:00-04:00,27.829999923706055,28.34000015258789,27.389999389648438,27.729999542236328,120700,0.0,0.0
2023-04-27 00:00:00-04:00,27.790000915527344,28.399999618530273,27.639999389648438,28.049999237060547,98100,0.0,0.0
2023-04-28 00:00:00-04:00,28.030000686645508,29.450000762939453,28.030000686645508,29.299999237060547,146800,0.0,0.0
2023-05-01 00:00:00-04:00,29.219999313354492,29.34000015258789,27.899999618530273,28.219999313354492,86700,0.0,0.0
2023-05-02 00:00:00-04:00,28.309999465942383,28.309999465942383,27.0,27.229999542236328,92300,0.0,0.0
2023-05-03 00:00:00-04:00,27.1299991607666,28.809999465942383,27.1299991607666,27.59000015258789,152200,0.0,0.0
2023-05-04 00:00:00-04:00,27.299999237060547,28.18000030517578,27.139999389648438,27.8799991607666,72100,0.0,0.0
2023-05-05 00:00:00-04:00,28.290000915527344,29.100000381469727,28.290000915527344,28.760000228881836,86900,0.0,0.0
2023-05-08 00:00:00-04:00,29.270000457763672,29.399999618530273,27.809999465942383,28.790000915527344,110100,0.0,0.0
2023-05-09 00:00:00-04:00,30.0,32.560001373291016,29.84000015258789,30.290000915527344,258000,0.0,0.0
2023-05-10 00:00:00-04:00,30.889999389648438,30.959999084472656,29.3799991607666,29.959999084472656,107800,0.0,0.0
2023-05-11 00:00:00-04:00,30.5,30.809999465942383,29.770000457763672,30.68000030517578,90800,0.0,0.0
2023-05-12 00:00:00-04:00,30.93000030517578,31.229999542236328,29.950000762939453,30.709999084472656,107900,0.0,0.0
2023-05-15 00:00:00-04:00,31.0,31.850000381469727,30.280000686645508,31.139999389648438,109300,0.0,0.0
2023-05-16 00:00:00-04:00,31.139999389648438,31.139999389648438,30.350000381469727,30.850000381469727,78900,0.0,0.0
2023-05-17 00:00:00-04:00,30.950000762939453,31.729999542236328,30.479999542236328,31.479999542236328,86900,0.0,0.0
2023-05-18 00:00:00-04:00,31.6200008392334,31.809999465942383,30.860000610351562,31.68000030517578,73100,0.0,0.0
2023-05-19 00:00:00-04:00,31.520000457763672,31.780000686645508,30.510000228881836,30.549999237060547,73600,0.0,0.0
2023-05-22 00:00:00-04:00,30.709999084472656,32.849998474121094,30.579999923706055,32.209999084472656,133200,0.0,0.0
2023-05-23 00:00:00-04:00,32.349998474121094,32.790000915527344,31.450000762939453,31.649999618530273,93300,0.0,0.0
2023-05-24 00:00:00-04:00,31.3799991607666,31.5,30.68000030517578,31.1200008392334,63700,0.0,0.0
2023-05-25 00:00:00-04:00,31.0,31.209999084472656,29.780000686645508,30.309999465942383,97700,0.0,0.0
2023-05-26 00:00:00-04:00,30.299999237060547,30.299999237060547,29.799999237060547,30.219999313354492,60600,0.0,0.0
2023-05-30 00:00:00-04:00,30.170000076293945,30.43000030517578,29.190000534057617,29.68000030517578,93700,0.0,0.0
2023-05-31 00:00:00-04:00,29.18000030517578,29.8799991607666,28.399999618530273,29.489999771118164,125900,0.0,0.0
2023-06-01 00:00:00-04:00,28.979999542236328,29.450000762939453,24.8799991607666,28.719999313354492,433700,0.0,0.0
2023-06-02 00:00:00-04:00,29.469999313354492,30.860000610351562,29.18000030517578,29.860000610351562,196100,0.0,0.0
2023-06-05 00:00:00-04:00,29.8799991607666,31.93000030517578,29.8799991607666,31.110000610351562,198200,0.0,0.0
2023-06-06 00:00:00-04:00,31.010000228881836,32.599998474121094,30.860000610351562,32.45000076293945,167100,0.0,0.0
2023-06-07 00:00:00-04:00,32.369998931884766,32.849998474121094,31.520000457763672,31.549999237060547,116300,0.0,0.0
2023-06-08 00:00:00-04:00,31.479999542236328,32.25,31.479999542236328,31.979999542236328,102200,0.0,0.0
2023-06-09 00:00:00-04:00,32.310001373291016,33.060001373291016,31.75,32.189998626708984,150200,0.0,0.0
2023-06-12 00:00:00-04:00,32.25,34.529998779296875,32.20000076293945,34.47999954223633,185900,0.0,0.0
2023-06-13 00:00:00-04:00,34.880001068115234,35.83000183105469,33.43000030517578,33.83000183105469,177200,0.0,0.0
2023-06-14 00:00:00-04:00,34.619998931884766,35.15999984741211,32.880001068115234,33.099998474121094,127800,0.0,0.0
2023-06-15 00:00:00-04:00,32.959999084472656,35.279998779296875,32.959999084472656,35.2599983215332,127200,0.0,0.0
2023-06-16 00:00:00-04:00,35.849998474121094,36.0,34.09000015258789,35.400001525878906,346800,0.0,0.0
2023-06-20 00:00:00-04:00,35.150001525878906,36.20000076293945,34.66999816894531,35.95000076293945,167400,0.0,0.0
2023-06-21 00:00:00-04:00,35.59000015258789,36.380001068115234,35.04999923706055,35.630001068115234,115500,0.0,0.0
2023-06-22 00:00:00-04:00,35.18000030517578,35.689998626708984,34.029998779296875,34.099998474121094,97800,0.0,0.0
2023-06-23 00:00:00-04:00,33.40999984741211,33.959999084472656,32.290000915527344,32.56999969482422,274200,0.0,0.0
2023-06-26 00:00:00-04:00,32.5,33.31999969482422,32.0,32.13999938964844,135900,0.0,0.0
2023-06-27 00:00:00-04:00,32.0,32.38999938964844,31.309999465942383,31.469999313354492,111500,0.0,0.0
2023-06-28 00:00:00-04:00,31.600000381469727,32.790000915527344,31.06999969482422,32.650001525878906,85600,0.0,0.0
2023-06-29 00:00:00-04:00,32.31999969482422,33.02000045776367,31.5,32.939998626708984,112600,0.0,0.0
2023-06-30 00:00:00-04:00,33.220001220703125,33.220001220703125,31.260000228881836,32.560001373291016,140300,0.0,0.0
2023-07-03 00:00:00-04:00,32.599998474121094,33.08000183105469,32.310001373291016,32.540000915527344,41200,0.0,0.0
2023-07-05 00:00:00-04:00,32.15999984741211,32.18000030517578,30.0,30.1200008392334,238900,0.0,0.0
2023-07-06 00:00:00-04:00,30.350000381469727,30.350000381469727,28.43000030517578,29.25,176600,0.0,0.0
2023-07-07 00:00:00-04:00,29.010000228881836,30.790000915527344,29.010000228881836,30.6200008392334,133700,0.0,0.0
2023-07-10 00:00:00-04:00,30.93000030517578,31.780000686645508,30.690000534057617,31.690000534057617,103200,0.0,0.0
2023-07-11 00:00:00-04:00,31.639999389648438,32.2400016784668,31.270000457763672,32.130001068115234,91600,0.0,0.0
2023-07-12 00:00:00-04:00,32.79999923706055,32.849998474121094,31.6200008392334,31.65999984741211,173900,0.0,0.0
2023-07-13 00:00:00-04:00,31.479999542236328,33.70000076293945,31.479999542236328,33.099998474121094,173000,0.0,0.0
2023-07-14 00:00:00-04:00,32.7599983215332,33.04999923706055,31.440000534057617,31.549999237060547,104800,0.0,0.0
2023-07-17 00:00:00-04:00,31.729999542236328,35.5,31.649999618530273,35.20000076293945,274500,0.0,0.0
2023-07-18 00:00:00-04:00,35.33000183105469,37.060001373291016,35.189998626708984,35.869998931884766,242400,0.0,0.0
2023-07-19 00:00:00-04:00,35.650001525878906,36.75,35.59000015258789,36.470001220703125,128700,0.0,0.0
2023-07-20 00:00:00-04:00,36.61000061035156,36.66999816894531,34.27000045776367,35.97999954223633,155200,0.0,0.0
2023-07-21 00:00:00-04:00,36.40999984741211,36.650001525878906,33.880001068115234,34.130001068115234,124500,0.0,0.0
2023-07-24 00:00:00-04:00,34.369998931884766,34.939998626708984,33.459999084472656,34.209999084472656,87200,0.0,0.0
2023-07-25 00:00:00-04:00,34.25,35.470001220703125,34.25,35.02000045776367,198700,0.0,0.0
2023-07-26 00:00:00-04:00,35.0,36.849998474121094,35.0,36.5,218100,0.0,0.0
2023-07-27 00:00:00-04:00,36.439998626708984,36.439998626708984,33.95000076293945,34.15999984741211,119000,0.0,0.0
2023-07-28 00:00:00-04:00,34.970001220703125,35.560001373291016,34.16999816894531,35.400001525878906,80200,0.0,0.0
2023-07-31 00:00:00-04:00,35.349998474121094,37.72999954223633,35.310001373291016,37.599998474121094,196500,0.0,0.0
2023-08-01 00:00:00-04:00,37.599998474121094,37.599998474121094,35.970001220703125,37.060001373291016,132400,0.0,0.0
2023-08-02 00:00:00-04:00,36.18000030517578,36.4900016784668,34.439998626708984,34.95000076293945,123200,0.0,0.0
2023-08-03 00:00:00-04:00,34.099998474121094,35.65999984741211,33.959999084472656,35.029998779296875,129600,0.0,0.0
2023-08-04 00:00:00-04:00,36.0,43.68000030517578,36.0,42.25,668000,0.0,0.0
2023-08-07 00:00:00-04:00,40.869998931884766,44.619998931884766,40.0099983215332,43.20000076293945,266400,0.0,0.0
2023-08-08 00:00:00-04:00,42.150001525878906,43.88999938964844,41.400001525878906,43.13999938964844,114000,0.0,0.0
2023-08-09 00:00:00-04:00,43.13999938964844,44.599998474121094,42.5,43.79999923706055,146700,0.0,0.0
2023-08-10 00:00:00-04:00,43.58000183105469,45.310001373291016,42.290000915527344,42.33000183105469,143100,0.0,0.0
2023-08-11 00:00:00-04:00,42.0,43.459999084472656,42.0,42.7400016784668,92500,0.0,0.0
2023-08-14 00:00:00-04:00,42.619998931884766,42.869998931884766,41.7400016784668,42.310001373291016,115000,0.0,0.0
2023-08-15 00:00:00-04:00,42.2400016784668,42.2400016784668,40.65999984741211,40.70000076293945,78300,0.0,0.0
2023-08-16 00:00:00-04:00,40.65999984741211,41.310001373291016,40.209999084472656,40.400001525878906,76900,0.0,0.0
2023-08-17 00:00:00-04:00,41.02000045776367,41.70000076293945,40.349998474121094,40.43000030517578,104600,0.0,0.0
2023-08-18 00:00:00-04:00,40.400001525878906,42.83000183105469,40.25,42.650001525878906,140200,0.0,0.0
2023-08-21 00:00:00-04:00,43.5099983215332,45.25,43.08000183105469,44.7400016784668,169400,0.0,0.0
2023-08-22 00:00:00-04:00,45.22999954223633,45.470001220703125,42.400001525878906,43.290000915527344,153700,0.0,0.0
2023-08-23 00:00:00-04:00,43.63999938964844,45.11000061035156,42.9900016784668,44.939998626708984,144300,0.0,0.0
2023-08-24 00:00:00-04:00,45.0,45.29999923706055,43.27000045776367,43.61000061035156,126200,0.0,0.0
2023-08-25 00:00:00-04:00,44.060001373291016,44.31999969482422,42.2599983215332,44.25,131700,0.0,0.0
2023-08-28 00:00:00-04:00,44.79999923706055,46.15999984741211,44.7599983215332,45.900001525878906,149400,0.0,0.0
2023-08-29 00:00:00-04:00,46.22999954223633,47.63999938964844,45.75,46.459999084472656,165500,0.0,0.0
2023-08-30 00:00:00-04:00,47.0,47.959999084472656,46.0,47.849998474121094,127000,0.0,0.0
2023-08-31 00:00:00-04:00,48.0,48.900001525878906,46.650001525878906,47.459999084472656,258500,0.0,0.0
2023-09-01 00:00:00-04:00,48.45000076293945,49.380001068115234,48.11000061035156,49.09000015258789,130400,0.0,0.0
2023-09-05 00:00:00-04:00,49.5,51.349998474121094,48.7599983215332,51.31999969482422,186900,0.0,0.0
2023-09-06 00:00:00-04:00,51.81999969482422,52.04999923706055,49.939998626708984,50.470001220703125,139200,0.0,0.0
2023-09-07 00:00:00-04:00,50.22999954223633,50.22999954223633,47.529998779296875,49.29999923706055,181100,0.0,0.0
2023-09-08 00:00:00-04:00,49.560001373291016,51.650001525878906,49.36000061035156,51.13999938964844,113800,0.0,0.0
2023-09-11 00:00:00-04:00,51.7400016784668,52.16999816894531,49.869998931884766,50.31999969482422,180700,0.0,0.0
2023-09-12 00:00:00-04:00,50.41999816894531,50.849998474121094,49.52000045776367,49.810001373291016,104700,0.0,0.0
2023-09-13 00:00:00-04:00,49.33000183105469,50.349998474121094,48.59000015258789,50.040000915527344,109300,0.0,0.0
2023-09-14 00:00:00-04:00,50.439998626708984,52.68000030517578,50.439998626708984,52.13999938964844,191300,0.0,0.0
2023-09-15 00:00:00-04:00,52.75,54.11000061035156,51.38999938964844,53.16999816894531,402900,0.0,0.0
2023-09-18 00:00:00-04:00,53.400001525878906,53.790000915527344,51.11000061035156,51.84000015258789,118100,0.0,0.0
2023-09-19 00:00:00-04:00,52.83000183105469,53.34000015258789,50.86000061035156,50.88999938964844,110300,0.0,0.0
2023-09-20 00:00:00-04:00,50.86000061035156,53.54999923706055,50.86000061035156,51.72999954223633,129100,0.0,0.0
2023-09-21 00:00:00-04:00,50.4900016784668,51.61000061035156,49.20000076293945,50.88999938964844,106200,0.0,0.0
2023-09-22 00:00:00-04:00,50.970001220703125,55.2400016784668,50.970001220703125,54.20000076293945,214800,0.0,0.0
2023-09-25 00:00:00-04:00,55.099998474121094,60.119998931884766,54.45000076293945,60.0,356100,0.0,0.0
2023-09-26 00:00:00-04:00,59.93000030517578,59.9900016784668,56.88999938964844,57.93000030517578,274500,0.0,0.0
2023-09-27 00:00:00-04:00,58.93000030517578,60.099998474121094,57.88999938964844,59.220001220703125,227700,0.0,0.0
2023-09-28 00:00:00-04:00,60.099998474121094,61.349998474121094,58.209999084472656,59.709999084472656,194600,0.0,0.0
2023-09-29 00:00:00-04:00,60.2599983215332,60.2599983215332,55.97999954223633,56.7599983215332,209400,0.0,0.0
2023-10-02 00:00:00-04:00,56.79999923706055,57.0,53.7400016784668,54.93000030517578,281900,0.0,0.0
2023-10-03 00:00:00-04:00,53.52000045776367,55.08000183105469,52.61000061035156,54.560001373291016,219400,0.0,0.0
2023-10-04 00:00:00-04:00,54.029998779296875,54.189998626708984,50.83000183105469,51.95000076293945,223700,0.0,0.0
2023-10-05 00:00:00-04:00,51.959999084472656,54.4900016784668,51.38999938964844,54.06999969482422,254300,0.0,0.0
2023-10-06 00:00:00-04:00,54.099998474121094,56.900001525878906,54.099998474121094,55.15999984741211,329300,0.0,0.0
2023-10-09 00:00:00-04:00,55.150001525878906,55.540000915527344,51.7400016784668,53.5,185000,0.0,0.0
2023-10-10 00:00:00-04:00,53.29999923706055,55.099998474121094,53.279998779296875,55.0,99800,0.0,0.0
2023-10-11 00:00:00-04:00,54.810001373291016,55.56999969482422,52.7599983215332,52.97999954223633,131300,0.0,0.0
2023-10-12 00:00:00-04:00,53.529998779296875,53.529998779296875,51.04999923706055,51.06999969482422,122700,0.0,0.0
2023-10-13 00:00:00-04:00,52.709999084472656,53.72999954223633,51.68000030517578,52.81999969482422,131900,0.0,0.0
2023-10-16 00:00:00-04:00,53.5,54.4900016784668,51.86000061035156,52.869998931884766,129000,0.0,0.0
2023-10-17 00:00:00-04:00,52.029998779296875,54.81999969482422,52.029998779296875,53.790000915527344,112300,0.0,0.0
2023-10-18 00:00:00-04:00,53.970001220703125,54.959999084472656,52.470001220703125,53.02000045776367,116200,0.0,0.0
2023-10-19 00:00:00-04:00,53.09000015258789,53.869998931884766,52.0,53.529998779296875,113800,0.0,0.0
2023-10-20 00:00:00-04:00,53.11000061035156,53.7400016784668,50.689998626708984,51.630001068115234,150300,0.0,0.0
2023-10-23 00:00:00-04:00,50.83000183105469,52.5,49.68000030517578,51.470001220703125,106400,0.0,0.0
2023-10-24 00:00:00-04:00,51.599998474121094,53.349998474121094,51.599998474121094,52.72999954223633,84100,0.0,0.0
2023-10-25 00:00:00-04:00,52.5099983215332,54.630001068115234,52.29999923706055,52.720001220703125,112100,0.0,0.0
2023-10-26 00:00:00-04:00,52.060001373291016,53.0,49.7400016784668,51.70000076293945,101800,0.0,0.0
2023-10-27 00:00:00-04:00,51.97999954223633,51.97999954223633,49.310001373291016,49.619998931884766,109600,0.0,0.0
2023-10-30 00:00:00-04:00,49.560001373291016,50.45000076293945,47.22999954223633,49.52000045776367,178700,0.0,0.0
2023-10-31 00:00:00-04:00,50.150001525878906,53.06999969482422,49.849998474121094,53.06999969482422,162100,0.0,0.0
2023-11-01 00:00:00-04:00,53.27000045776367,53.45000076293945,51.400001525878906,52.27000045776367,117600,0.0,0.0
2023-11-02 00:00:00-04:00,53.02000045776367,55.70000076293945,52.7599983215332,54.56999969482422,109900,0.0,0.0
2023-11-03 00:00:00-04:00,54.849998474121094,55.70000076293945,54.04999923706055,54.88999938964844,98000,0.0,0.0
2023-11-06 00:00:00-05:00,55.349998474121094,55.47999954223633,53.52000045776367,53.83000183105469,97600,0.0,0.0
2023-11-07 00:00:00-05:00,53.29999923706055,55.59000015258789,51.36000061035156,54.459999084472656,129700,0.0,0.0
2023-11-08 00:00:00-05:00,52.560001373291016,52.650001525878906,47.400001525878906,48.5099983215332,321700,0.0,0.0
2023-11-09 00:00:00-05:00,49.279998779296875,51.97999954223633,48.130001068115234,50.619998931884766,164600,0.0,0.0
2023-11-10 00:00:00-05:00,51.16999816894531,51.36000061035156,49.18000030517578,50.529998779296875,115500,0.0,0.0
2023-11-13 00:00:00-05:00,50.25,52.439998626708984,50.25,51.7400016784668,105700,0.0,0.0
2023-11-14 00:00:00-05:00,52.279998779296875,53.83000183105469,51.33000183105469,53.18000030517578,237000,0.0,0.0
2023-11-15 00:00:00-05:00,53.88999938964844,53.88999938964844,50.63999938964844,50.900001525878906,91600,0.0,0.0
2023-11-16 00:00:00-05:00,50.630001068115234,51.22999954223633,49.599998474121094,51.15999984741211,74300,0.0,0.0
2023-11-17 00:00:00-05:00,51.130001068115234,52.88999938964844,51.0,52.52000045776367,93000,0.0,0.0
2023-11-20 00:00:00-05:00,52.15999984741211,53.2400016784668,49.529998779296875,51.130001068115234,158600,0.0,0.0
2023-11-21 00:00:00-05:00,51.0,51.27000045776367,49.900001525878906,51.189998626708984,86900,0.0,0.0
2023-11-22 00:00:00-05:00,51.209999084472656,51.209999084472656,49.709999084472656,50.720001220703125,102000,0.0,0.0
2023-11-24 00:00:00-05:00,51.150001525878906,52.47999954223633,50.810001373291016,51.279998779296875,60100,0.0,0.0
2023-11-27 00:00:00-05:00,50.970001220703125,51.599998474121094,50.52000045776367,51.369998931884766,83900,0.0,0.0
2023-11-28 00:00:00-05:00,50.959999084472656,51.31999969482422,50.029998779296875,50.5099983215332,76400,0.0,0.0
2023-11-29 00:00:00-05:00,50.75,51.43000030517578,48.20000076293945,48.90999984741211,117300,0.0,0.0
2023-11-30 00:00:00-05:00,48.9900016784668,50.2599983215332,48.13999938964844,50.02000045776367,95200,0.0,0.0
2023-12-01 00:00:00-05:00,49.86000061035156,51.400001525878906,48.7599983215332,49.09000015258789,146200,0.0,0.0
2023-12-04 00:00:00-05:00,49.09000015258789,51.79999923706055,49.0099983215332,51.65999984741211,92700,0.0,0.0
2023-12-05 00:00:00-05:00,50.400001525878906,51.790000915527344,50.400001525878906,50.5,97300,0.0,0.0
2023-12-06 00:00:00-05:00,51.70000076293945,52.90999984741211,51.119998931884766,51.380001068115234,170800,0.0,0.0
2023-12-07 00:00:00-05:00,52.56999969482422,52.56999969482422,49.65999984741211,49.70000076293945,145000,0.0,0.0
2023-12-08 00:00:00-05:00,50.11000061035156,51.56999969482422,50.11000061035156,51.209999084472656,98500,0.0,0.0
2023-12-11 00:00:00-05:00,51.22999954223633,51.2400016784668,48.63999938964844,48.75,159500,0.0,0.0
2023-12-12 00:00:00-05:00,49.2400016784668,51.66999816894531,47.70000076293945,50.900001525878906,225000,0.0,0.0
2023-12-13 00:00:00-05:00,50.7599983215332,53.2400016784668,50.099998474121094,52.849998474121094,311000,0.0,0.0
2023-12-14 00:00:00-05:00,53.0,55.150001525878906,51.77000045776367,54.61000061035156,257300,0.0,0.0
2023-12-15 00:00:00-05:00,54.90999984741211,55.7599983215332,52.439998626708984,52.439998626708984,176500,0.0,0.0
2023-12-18 00:00:00-05:00,52.79999923706055,55.0,52.43000030517578,53.61000061035156,110100,0.0,0.0
2023-12-19 00:00:00-05:00,53.93000030517578,54.65999984741211,51.90999984741211,52.220001220703125,139300,0.0,0.0
2023-12-20 00:00:00-05:00,52.029998779296875,53.9900016784668,51.09000015258789,52.220001220703125,129200,0.0,0.0
2023-12-21 00:00:00-05:00,52.060001373291016,54.41999816894531,52.060001373291016,54.15999984741211,119000,0.0,0.0
2023-12-22 00:00:00-05:00,54.9900016784668,58.45000076293945,53.5,54.16999816894531,302700,0.0,0.0
2023-12-26 00:00:00-05:00,54.54999923706055,55.84000015258789,53.81999969482422,55.540000915527344,143400,0.0,0.0
2023-12-27 00:00:00-05:00,55.95000076293945,57.209999084472656,55.599998474121094,55.91999816894531,118700,0.0,0.0
2023-12-28 00:00:00-05:00,55.599998474121094,56.0099983215332,54.209999084472656,54.5,166400,0.0,0.0
2023-12-29 00:00:00-05:00,54.7599983215332,55.25,53.5,54.40999984741211,170300,0.0,0.0
2024-01-02 00:00:00-05:00,54.4900016784668,54.869998931884766,52.720001220703125,52.849998474121094,133100,0.0,0.0
2024-01-03 00:00:00-05:00,53.08000183105469,53.08000183105469,50.36000061035156,51.599998474121094,112200,0.0,0.0
2024-01-04 00:00:00-05:00,51.91999816894531,52.380001068115234,50.58000183105469,50.58000183105469,140600,0.0,0.0
2024-01-05 00:00:00-05:00,50.90999984741211,51.279998779296875,50.040000915527344,50.130001068115234,137700,0.0,0.0
2024-01-08 00:00:00-05:00,50.0,50.33000183105469,48.34000015258789,48.619998931884766,131400,0.0,0.0
2024-01-09 00:00:00-05:00,48.459999084472656,51.47999954223633,46.560001373291016,49.91999816894531,339200,0.0,0.0
2024-01-10 00:00:00-05:00,51.290000915527344,52.349998474121094,49.369998931884766,49.58000183105469,171400,0.0,0.0
2024-01-11 00:00:00-05:00,49.439998626708984,51.0,48.20000076293945,50.529998779296875,173300,0.0,0.0
2024-01-12 00:00:00-05:00,51.70000076293945,54.77000045776367,51.70000076293945,54.52000045776367,285200,0.0,0.0
2024-01-16 00:00:00-05:00,54.619998931884766,56.0,53.54999923706055,54.54999923706055,274300,0.0,0.0
2024-01-17 00:00:00-05:00,53.619998931884766,55.810001373291016,52.13999938964844,54.66999816894531,163800,0.0,0.0
2024-01-18 00:00:00-05:00,56.470001220703125,57.0,52.630001068115234,54.9900016784668,187600,0.0,0.0
2024-01-19 00:00:00-05:00,55.150001525878906,55.97999954223633,53.16999816894531,54.20000076293945,125700,0.0,0.0
2024-01-22 00:00:00-05:00,55.0,56.959999084472656,53.52000045776367,54.189998626708984,288800,0.0,0.0
2024-01-23 00:00:00-05:00,54.33000183105469,55.59000015258789,53.599998474121094,54.689998626708984,116300,0.0,0.0
2024-01-24 00:00:00-05:00,55.849998474121094,56.9900016784668,54.36000061035156,54.41999816894531,191500,0.0,0.0
2024-01-25 00:00:00-05:00,54.9900016784668,54.9900016784668,52.29999923706055,52.56999969482422,204300,0.0,0.0
2024-01-26 00:00:00-05:00,52.650001525878906,53.06999969482422,51.349998474121094,51.540000915527344,83800,0.0,0.0
2024-01-29 00:00:00-05:00,51.529998779296875,52.29999923706055,50.400001525878906,51.72999954223633,233200,0.0,0.0
2024-01-30 00:00:00-05:00,51.380001068115234,52.41999816894531,50.0099983215332,52.09000015258789,159000,0.0,0.0
2024-01-31 00:00:00-05:00,51.7400016784668,52.689998626708984,50.150001525878906,50.220001220703125,195700,0.0,0.0
2024-02-01 00:00:00-05:00,51.29999923706055,54.97999954223633,50.29999923706055,51.58000183105469,237400,0.0,0.0
2024-02-02 00:00:00-05:00,50.849998474121094,51.029998779296875,49.720001220703125,50.2400016784668,126300,0.0,0.0
2024-02-05 00:00:00-05:00,49.5,50.0,48.130001068115234,48.25,188700,0.0,0.0
2024-02-06 00:00:00-05:00,48.5,48.7599983215332,47.15999984741211,47.5,186700,0.0,0.0
2024-02-07 00:00:00-05:00,47.56999969482422,48.40999984741211,47.09000015258789,47.63999938964844,116300,0.0,0.0
2024-02-08 00:00:00-05:00,47.34000015258789,48.220001220703125,45.56999969482422,46.540000915527344,232000,0.0,0.0
2024-02-09 00:00:00-05:00,53.36000061035156,53.400001525878906,45.68000030517578,45.689998626708984,387800,0.0,0.0
2024-02-12 00:00:00-05:00,46.0,48.59000015258789,46.0,46.97999954223633,345400,0.0,0.0
2024-02-13 00:00:00-05:00,46.5099983215332,47.84000015258789,45.290000915527344,45.41999816894531,278100,0.0,0.0
2024-02-14 00:00:00-05:00,46.2400016784668,46.34000015258789,43.790000915527344,44.81999969482422,231400,0.0,0.0
2024-02-15 00:00:00-05:00,45.18000030517578,45.81999969482422,44.689998626708984,45.4900016784668,197000,0.0,0.0
2024-02-16 00:00:00-05:00,45.560001373291016,46.0,43.849998474121094,44.02000045776367,149800,0.0,0.0
2024-02-20 00:00:00-05:00,43.400001525878906,43.65999984741211,41.900001525878906,42.470001220703125,257300,0.0,0.0
2024-02-21 00:00:00-05:00,41.689998626708984,43.380001068115234,41.220001220703125,42.790000915527344,162800,0.0,0.0
2024-02-22 00:00:00-05:00,42.880001068115234,43.43000030517578,41.31999969482422,41.91999816894531,197300,0.0,0.0
2024-02-23 00:00:00-05:00,41.25,42.13999938964844,40.880001068115234,40.95000076293945,144100,0.0,0.0
2024-02-26 00:00:00-05:00,40.66999816894531,41.869998931884766,40.099998474121094,41.11000061035156,247000,0.0,0.0
2024-02-27 00:00:00-05:00,41.13999938964844,41.650001525878906,39.86000061035156,39.970001220703125,183800,0.0,0.0
2024-02-28 00:00:00-05:00,40.029998779296875,41.2400016784668,39.810001373291016,40.84000015258789,195500,0.0,0.0
2024-02-29 00:00:00-05:00,41.0099983215332,41.70000076293945,40.209999084472656,40.790000915527344,143400,0.0,0.0
2024-03-01 00:00:00-05:00,40.91999816894531,42.84000015258789,40.529998779296875,41.439998626708984,246400,0.0,0.0
2024-03-04 00:00:00-05:00,44.040000915527344,44.20000076293945,40.93000030517578,41.38999938964844,300400,0.0,0.0
2024-03-05 00:00:00-05:00,41.31999969482422,41.709999084472656,39.88999938964844,40.0,187700,0.0,0.0
2024-03-06 00:00:00-05:00,40.290000915527344,41.70000076293945,40.0,40.79999923706055,152400,0.0,0.0
2024-03-07 00:00:00-05:00,40.7400016784668,41.869998931884766,40.59000015258789,41.70000076293945,218500,0.0,0.0
2024-03-08 00:00:00-05:00,42.22999954223633,42.25,39.25,40.04999923706055,188700,0.0,0.0
2024-03-11 00:00:00-04:00,40.470001220703125,40.47999954223633,39.0,39.369998931884766,182700,0.0,0.0
2024-03-12 00:00:00-04:00,39.33000183105469,40.150001525878906,38.880001068115234,40.029998779296875,189600,0.0,0.0
2024-03-13 00:00:00-04:00,39.83000183105469,40.61000061035156,38.209999084472656,38.66999816894531,268900,0.0,0.0
2024-03-14 00:00:00-04:00,38.880001068115234,39.810001373291016,38.09000015258789,38.5099983215332,185000,0.0,0.0
2024-03-15 00:00:00-04:00,37.869998931884766,38.900001525878906,37.779998779296875,38.25,200900,0.0,0.0
2024-03-18 00:00:00-04:00,38.06999969482422,39.349998474121094,37.04999923706055,38.77000045776367,169100,0.0,0.0
2024-03-19 00:00:00-04:00,38.86000061035156,39.22999954223633,38.290000915527344,39.06999969482422,135300,0.0,0.0
2024-03-20 00:00:00-04:00,39.7400016784668,41.58000183105469,38.849998474121094,41.04999923706055,192800,0.0,0.0
2024-03-21 00:00:00-04:00,40.97999954223633,41.540000915527344,40.40999984741211,41.290000915527344,147500,0.0,0.0
2024-03-22 00:00:00-04:00,41.27000045776367,41.290000915527344,40.369998931884766,40.369998931884766,121700,0.0,0.0
2024-03-25 00:00:00-04:00,40.15999984741211,41.45000076293945,40.15999984741211,40.869998931884766,227000,0.0,0.0
2024-03-26 00:00:00-04:00,41.220001220703125,41.25,39.220001220703125,39.31999969482422,168900,0.0,0.0
2024-03-27 00:00:00-04:00,39.52000045776367,41.150001525878906,39.33000183105469,41.06999969482422,121800,0.0,0.0
2024-03-28 00:00:00-04:00,41.06999969482422,41.72999954223633,40.560001373291016,41.529998779296875,208400,0.0,0.0
2024-04-01 00:00:00-04:00,41.58000183105469,43.869998931884766,41.540000915527344,43.66999816894531,249900,0.0,0.0
2024-04-02 00:00:00-04:00,43.900001525878906,44.959999084472656,43.08000183105469,44.709999084472656,208300,0.0,0.0
2024-04-03 00:00:00-04:00,45.099998474121094,47.31999969482422,45.02000045776367,47.20000076293945,241400,0.0,0.0
2024-04-04 00:00:00-04:00,47.810001373291016,47.81999969482422,44.38999938964844,45.47999954223633,246000,0.0,0.0
2024-04-05 00:00:00-04:00,45.56999969482422,46.29999923706055,44.380001068115234,44.779998779296875,193500,0.0,0.0
2024-04-08 00:00:00-04:00,45.86000061035156,45.86000061035156,43.38999938964844,44.400001525878906,116100,0.0,0.0
2024-04-09 00:00:00-04:00,44.2599983215332,44.380001068115234,42.869998931884766,43.5099983215332,147300,0.0,0.0
2024-04-10 00:00:00-04:00,42.529998779296875,44.38999938964844,42.45000076293945,43.34000015258789,206700,0.0,0.0
2024-04-11 00:00:00-04:00,43.63999938964844,44.59000015258789,42.40999984741211,44.18000030517578,186600,0.0,0.0
2024-04-12 00:00:00-04:00,44.43000030517578,45.56999969482422,42.91999816894531,43.40999984741211,112000,0.0,0.0
2024-04-15 00:00:00-04:00,44.4900016784668,44.54999923706055,41.66999816894531,41.86000061035156,120800,0.0,0.0
2024-04-16 00:00:00-04:00,40.959999084472656,42.130001068115234,39.709999084472656,41.65999984741211,175200,0.0,0.0
2024-04-17 00:00:00-04:00,41.59000015258789,42.380001068115234,40.61000061035156,40.689998626708984,73600,0.0,0.0
2024-04-18 00:00:00-04:00,40.4900016784668,42.290000915527344,40.209999084472656,40.630001068115234,122400,0.0,0.0
2024-04-19 00:00:00-04:00,40.20000076293945,41.59000015258789,40.20000076293945,41.369998931884766,95300,0.0,0.0
2024-04-22 00:00:00-04:00,42.0,42.650001525878906,40.75,42.0,181400,0.0,0.0
2024-04-23 00:00:00-04:00,41.91999816894531,42.7400016784668,41.58000183105469,41.93000030517578,157200,0.0,0.0
2024-04-24 00:00:00-04:00,41.619998931884766,41.79999923706055,40.59000015258789,40.779998779296875,131000,0.0,0.0
2024-04-25 00:00:00-04:00,40.34000015258789,41.0099983215332,40.0,40.88999938964844,111500,0.0,0.0
2024-04-26 00:00:00-04:00,40.83000183105469,42.290000915527344,40.59000015258789,41.56999969482422,79900,0.0,0.0
2024-04-29 00:00:00-04:00,41.61000061035156,43.369998931884766,41.52000045776367,42.97999954223633,160800,0.0,0.0
2024-04-30 00:00:00-04:00,42.33000183105469,43.5099983215332,41.77000045776367,42.93000030517578,249500,0.0,0.0
2024-05-01 00:00:00-04:00,44.029998779296875,45.0,41.310001373291016,43.060001373291016,531200,0.0,0.0
2024-05-02 00:00:00-04:00,43.02000045776367,45.11000061035156,43.02000045776367,45.06999969482422,214500,0.0,0.0
2024-05-03 00:00:00-04:00,46.310001373291016,46.310001373291016,43.900001525878906,45.04999923706055,192400,0.0,0.0
2024-05-06 00:00:00-04:00,45.5,47.0,45.18000030517578,45.63999938964844,335700,0.0,0.0
2024-05-07 00:00:00-04:00,46.09000015258789,46.540000915527344,44.0099983215332,44.29999923706055,270200,0.0,0.0
2024-05-08 00:00:00-04:00,39.0,42.65999984741211,38.22999954223633,42.130001068115234,451700,0.0,0.0
2024-05-09 00:00:00-04:00,41.81999969482422,44.0099983215332,41.77000045776367,44.0099983215332,271500,0.0,0.0
2024-05-10 00:00:00-04:00,44.20000076293945,44.47999954223633,43.439998626708984,43.88999938964844,159100,0.0,0.0
2024-05-13 00:00:00-04:00,44.310001373291016,44.40999984741211,43.22999954223633,43.38999938964844,167800,0.0,0.0
2024-05-14 00:00:00-04:00,43.630001068115234,44.79999923706055,43.150001525878906,43.25,285000,0.0,0.0
2024-05-15 00:00:00-04:00,43.66999816894531,44.040000915527344,42.5,43.20000076293945,235000,0.0,0.0
2024-05-16 00:00:00-04:00,43.0,44.400001525878906,42.52000045776367,43.63999938964844,243100,0.0,0.0
2024-05-17 00:00:00-04:00,44.0,47.04999923706055,43.2400016784668,46.61000061035156,513600,0.0,0.0
2024-05-20 00:00:00-04:00,47.66999816894531,51.119998931884766,47.119998931884766,50.83000183105469,715500,0.0,0.0
2024-05-21 00:00:00-04:00,50.150001525878906,50.38999938964844,48.040000915527344,48.31999969482422,275700,0.0,0.0
2024-05-22 00:00:00-04:00,49.029998779296875,49.029998779296875,47.20000076293945,47.54999923706055,237400,0.0,0.0
2024-05-23 00:00:00-04:00,47.86000061035156,47.91999816894531,45.810001373291016,45.93000030517578,242200,0.0,0.0
2024-05-24 00:00:00-04:00,46.65999984741211,48.400001525878906,46.5,47.970001220703125,186100,0.0,0.0
2024-05-28 00:00:00-04:00,50.40999984741211,51.84000015258789,49.20000076293945,50.970001220703125,312700,0.0,0.0
2024-05-29 00:00:00-04:00,50.0099983215332,50.41999816894531,49.16999816894531,49.16999816894531,243200,0.0,0.0
2024-05-30 00:00:00-04:00,50.0,51.720001220703125,49.5,50.77000045776367,298800,0.0,0.0
2024-05-31 00:00:00-04:00,50.869998931884766,52.16999816894531,48.41999816894531,49.630001068115234,318900,0.0,0.0
2024-06-03 00:00:00-04:00,50.2599983215332,50.459999084472656,46.63999938964844,47.09000015258789,205700,0.0,0.0
2024-06-04 00:00:00-04:00,46.9900016784668,46.9900016784668,43.540000915527344,45.099998474121094,310100,0.0,0.0
2024-06-05 00:00:00-04:00,45.099998474121094,45.61000061035156,44.70000076293945,45.380001068115234,173600,0.0,0.0
2024-06-06 00:00:00-04:00,46.040000915527344,47.61000061035156,45.869998931884766,46.95000076293945,280500,0.0,0.0
2024-06-07 00:00:00-04:00,46.93000030517578,46.95000076293945,43.099998474121094,43.560001373291016,274000,0.0,0.0
2024-06-10 00:00:00-04:00,44.189998626708984,45.25,43.959999084472656,44.70000076293945,218100,0.0,0.0
2024-06-11 00:00:00-04:00,44.5,44.70000076293945,41.70000076293945,41.97999954223633,243500,0.0,0.0
2024-06-12 00:00:00-04:00,42.84000015258789,42.970001220703125,41.900001525878906,42.59000015258789,292800,0.0,0.0
2024-06-13 00:00:00-04:00,42.630001068115234,43.5,42.630001068115234,43.189998626708984,179100,0.0,0.0
2024-06-14 00:00:00-04:00,43.29999923706055,43.7599983215332,41.45000076293945,41.720001220703125,171200,0.0,0.0
2024-06-17 00:00:00-04:00,41.709999084472656,44.0,40.2400016784668,41.849998474121094,313200,0.0,0.0
2024-06-18 00:00:00-04:00,42.0,43.68000030517578,41.630001068115234,41.689998626708984,197500,0.0,0.0
2024-06-20 00:00:00-04:00,42.380001068115234,44.2400016784668,42.290000915527344,42.630001068115234,261200,0.0,0.0
2024-06-21 00:00:00-04:00,42.5,43.7599983215332,41.65999984741211,43.75,898800,0.0,0.0
2024-06-24 00:00:00-04:00,43.81999969482422,44.869998931884766,43.099998474121094,43.79999923706055,272000,0.0,0.0
2024-06-25 00:00:00-04:00,43.29999923706055,45.04999923706055,43.099998474121094,44.61000061035156,342800,0.0,0.0
2024-06-26 00:00:00-04:00,44.16999816894531,45.27000045776367,42.72999954223633,44.0,228200,0.0,0.0
2024-06-27 00:00:00-04:00,43.880001068115234,44.08000183105469,41.70000076293945,42.52000045776367,244000,0.0,0.0
2024-06-28 00:00:00-04:00,43.25,43.7400016784668,41.77000045776367,42.75,733100,0.0,0.0
2024-07-01 00:00:00-04:00,43.459999084472656,43.459999084472656,41.290000915527344,41.900001525878906,187800,0.0,0.0
2024-07-02 00:00:00-04:00,41.220001220703125,42.560001373291016,41.220001220703125,41.9900016784668,186100,0.0,0.0
2024-07-03 00:00:00-04:00,42.5,43.15999984741211,42.0,42.22999954223633,146300,0.0,0.0
2024-07-05 00:00:00-04:00,42.06999969482422,42.31999969482422,40.72999954223633,41.380001068115234,192000,0.0,0.0
2024-07-08 00:00:00-04:00,41.790000915527344,42.11000061035156,38.689998626708984,39.220001220703125,320600,0.0,0.0
2024-07-09 00:00:00-04:00,39.11000061035156,41.09000015258789,38.900001525878906,40.75,256000,0.0,0.0
2024-07-10 00:00:00-04:00,40.97999954223633,43.0,40.97999954223633,41.97999954223633,331600,0.0,0.0
2024-07-11 00:00:00-04:00,43.0,46.13999938964844,41.58000183105469,46.130001068115234,270300,0.0,0.0
2024-07-12 00:00:00-04:00,46.61000061035156,48.93000030517578,46.0099983215332,48.790000915527344,359400,0.0,0.0
2024-07-15 00:00:00-04:00,49.40999984741211,49.45000076293945,46.79999923706055,47.25,302200,0.0,0.0
2024-07-16 00:00:00-04:00,48.06999969482422,48.959999084472656,46.70000076293945,48.880001068115234,226100,0.0,0.0
2024-07-17 00:00:00-04:00,48.15999984741211,48.83000183105469,44.79999923706055,45.040000915527344,277300,0.0,0.0
2024-07-18 00:00:00-04:00,44.900001525878906,45.81999969482422,43.91999816894531,44.0099983215332,151800,0.0,0.0
2024-07-19 00:00:00-04:00,44.02000045776367,45.41999816894531,42.5,44.349998474121094,366800,0.0,0.0
2024-07-22 00:00:00-04:00,44.099998474121094,44.619998931884766,42.7599983215332,43.65999984741211,201400,0.0,0.0
2024-07-23 00:00:00-04:00,43.189998626708984,44.470001220703125,42.2400016784668,43.58000183105469,161600,0.0,0.0
2024-07-24 00:00:00-04:00,43.86000061035156,43.86000061035156,42.310001373291016,42.54999923706055,146700,0.0,0.0
2024-07-25 00:00:00-04:00,42.189998626708984,43.25,41.7400016784668,41.79999923706055,209700,0.0,0.0
2024-07-26 00:00:00-04:00,42.06999969482422,42.849998474121094,41.4900016784668,42.689998626708984,112100,0.0,0.0
2024-07-29 00:00:00-04:00,42.790000915527344,43.29999923706055,41.25,41.599998474121094,165600,0.0,0.0
2024-07-30 00:00:00-04:00,41.54999923706055,42.720001220703125,41.2400016784668,42.54999923706055,142000,0.0,0.0
2024-07-31 00:00:00-04:00,42.849998474121094,44.650001525878906,42.63999938964844,43.689998626708984,176200,0.0,0.0
2024-08-01 00:00:00-04:00,43.91999816894531,43.91999816894531,39.5,40.72999954223633,297100,0.0,0.0
2024-08-02 00:00:00-04:00,39.45000076293945,39.7400016784668,37.25,37.599998474121094,264200,0.0,0.0
2024-08-05 00:00:00-04:00,34.779998779296875,36.5,33.5099983215332,36.47999954223633,306000,0.0,0.0
2024-08-06 00:00:00-04:00,36.90999984741211,37.5,35.41999816894531,36.0,220600,0.0,0.0
2024-08-07 00:00:00-04:00,43.790000915527344,43.790000915527344,39.9900016784668,42.29999923706055,547200,0.0,0.0
2024-08-08 00:00:00-04:00,42.720001220703125,42.720001220703125,40.09000015258789,40.66999816894531,236200,0.0,0.0
2024-08-09 00:00:00-04:00,40.43000030517578,40.83000183105469,39.619998931884766,39.880001068115234,188700,0.0,0.0
2024-08-12 00:00:00-04:00,40.849998474121094,40.849998474121094,38.369998931884766,39.16999816894531,252500,0.0,0.0
2024-08-13 00:00:00-04:00,39.040000915527344,39.2400016784668,37.439998626708984,37.70000076293945,253200,0.0,0.0
2024-08-14 00:00:00-04:00,38.02000045776367,38.349998474121094,36.70000076293945,36.849998474121094,275300,0.0,0.0
2024-08-15 00:00:00-04:00,37.41999816894531,38.34000015258789,36.849998474121094,37.119998931884766,273200,0.0,0.0
2024-08-16 00:00:00-04:00,36.849998474121094,37.849998474121094,36.150001525878906,37.31999969482422,287600,0.0,0.0
2024-08-19 00:00:00-04:00,37.400001525878906,39.349998474121094,37.400001525878906,39.04999923706055,199000,0.0,0.0
2024-08-20 00:00:00-04:00,39.29999923706055,39.7400016784668,38.529998779296875,38.7599983215332,143600,0.0,0.0
2024-08-21 00:00:00-04:00,38.36000061035156,40.310001373291016,38.36000061035156,39.650001525878906,274200,0.0,0.0
2024-08-22 00:00:00-04:00,39.4900016784668,39.90999984741211,37.529998779296875,37.529998779296875,196000,0.0,0.0
2024-08-23 00:00:00-04:00,38.16999816894531,40.0099983215332,38.08000183105469,39.900001525878906,325000,0.0,0.0
2024-08-26 00:00:00-04:00,40.18000030517578,40.349998474121094,38.29999923706055,38.599998474121094,188500,0.0,0.0
2024-08-27 00:00:00-04:00,38.599998474121094,39.75,38.119998931884766,39.470001220703125,157100,0.0,0.0
2024-08-28 00:00:00-04:00,39.27000045776367,39.29999923706055,37.72999954223633,38.0,171200,0.0,0.0
2024-08-29 00:00:00-04:00,38.47999954223633,39.63999938964844,38.15999984741211,39.349998474121094,122300,0.0,0.0
2024-08-30 00:00:00-04:00,39.25,39.849998474121094,38.79999923706055,39.599998474121094,176700,0.0,0.0
2024-09-03 00:00:00-04:00,38.650001525878906,38.9900016784668,35.58000183105469,35.869998931884766,308600,0.0,0.0
2024-09-04 00:00:00-04:00,35.939998626708984,36.7599983215332,35.849998474121094,36.7599983215332,191900,0.0,0.0
2024-09-05 00:00:00-04:00,37.04999923706055,37.83000183105469,36.79999923706055,37.22999954223633,179800,0.0,0.0
2024-09-06 00:00:00-04:00,37.119998931884766,37.189998626708984,34.90999984741211,35.36000061035156,207400,0.0,0.0
2024-09-09 00:00:00-04:00,36.0,36.52000045776367,35.599998474121094,35.849998474121094,144000,0.0,0.0
2024-09-10 00:00:00-04:00,37.08000183105469,37.08000183105469,35.560001373291016,36.31999969482422,209100,0.0,0.0
2024-09-11 00:00:00-04:00,37.52000045776367,40.119998931884766,37.2400016784668,39.88999938964844,478600,0.0,0.0
2024-09-12 00:00:00-04:00,40.0,40.150001525878906,38.77000045776367,39.400001525878906,192600,0.0,0.0
2024-09-13 00:00:00-04:00,39.83000183105469,40.04999923706055,39.029998779296875,39.529998779296875,185400,0.0,0.0
2024-09-16 00:00:00-04:00,39.75,40.11000061035156,39.119998931884766,39.86000061035156,153100,0.0,0.0
2024-09-17 00:00:00-04:00,40.13999938964844,40.65999984741211,39.189998626708984,39.86000061035156,133700,0.0,0.0
2024-09-18 00:00:00-04:00,40.11000061035156,41.16999816894531,39.5099983215332,39.81999969482422,190700,0.0,0.0
2024-09-19 00:00:00-04:00,41.119998931884766,41.5,40.34000015258789,41.45000076293945,171700,0.0,0.0
2024-09-20 00:00:00-04:00,42.47999954223633,45.70000076293945,42.20000076293945,45.0099983215332,768100,0.0,0.0
2024-09-23 00:00:00-04:00,46.459999084472656,51.4900016784668,45.91999816894531,50.29999923706055,822600,0.0,0.0
2024-09-24 00:00:00-04:00,51.95000076293945,53.650001525878906,50.5099983215332,53.040000915527344,552200,0.0,0.0
2024-09-25 00:00:00-04:00,53.029998779296875,57.540000915527344,52.470001220703125,55.040000915527344,702700,0.0,0.0
2024-09-26 00:00:00-04:00,56.400001525878906,57.380001068115234,54.599998474121094,54.790000915527344,409500,0.0,0.0
2024-09-27 00:00:00-04:00,54.869998931884766,57.84000015258789,54.16999816894531,57.720001220703125,329000,0.0,0.0
2024-09-30 00:00:00-04:00,58.0,58.790000915527344,54.279998779296875,54.849998474121094,448000,0.0,0.0
2024-10-01 00:00:00-04:00,54.7599983215332,59.9900016784668,54.7599983215332,59.790000915527344,420100,0.0,0.0
2024-10-02 00:00:00-04:00,60.56999969482422,65.44000244140625,59.0099983215332,64.30000305175781,643000,0.0,0.0
2024-10-03 00:00:00-04:00,67.01000213623047,67.01000213623047,62.7599983215332,64.87000274658203,546400,0.0,0.0
2024-10-04 00:00:00-04:00,64.83000183105469,67.93000030517578,64.12999725341797,67.81999969482422,466400,0.0,0.0
2024-10-07 00:00:00-04:00,69.5,69.5,63.959999084472656,64.66000366210938,757800,0.0,0.0
2024-10-08 00:00:00-04:00,61.20000076293945,65.7300033569336,61.09000015258789,65.25,492100,0.0,0.0
2024-10-09 00:00:00-04:00,66.16000366210938,67.16000366210938,62.810001373291016,63.04999923706055,500000,0.0,0.0
2024-10-10 00:00:00-04:00,60.869998931884766,61.4900016784668,55.02000045776367,55.79999923706055,1289200,0.0,0.0
2024-10-11 00:00:00-04:00,56.36000061035156,59.84000015258789,55.380001068115234,59.459999084472656,498900,0.0,0.0
2024-10-14 00:00:00-04:00,59.630001068115234,59.900001525878906,56.95000076293945,59.119998931884766,499400,0.0,0.0
2024-10-15 00:00:00-04:00,59.599998474121094,64.37999725341797,58.970001220703125,61.29999923706055,600800,0.0,0.0
2024-10-16 00:00:00-04:00,62.81999969482422,77.48999786376953,62.81999969482422,77.38999938964844,2265100,0.0,0.0
2024-10-17 00:00:00-04:00,84.0,90.19999694824219,79.33999633789062,81.05000305175781,3148400,0.0,0.0
2024-10-18 00:00:00-04:00,84.52999877929688,100.87000274658203,82.3499984741211,98.58999633789062,2990200,0.0,0.0
2024-10-21 00:00:00-04:00,104.0,104.5,92.1500015258789,94.4800033569336,2281700,0.0,0.0
2024-10-22 00:00:00-04:00,95.0,99.9000015258789,87.19000244140625,93.36000061035156,1870900,0.0,0.0
2024-10-23 00:00:00-04:00,90.6500015258789,93.91999816894531,88.1500015258789,90.52999877929688,1508800,0.0,0.0
2024-10-24 00:00:00-04:00,90.7300033569336,92.86000061035156,84.2300033569336,85.33000183105469,1039000,0.0,0.0
2024-10-25 00:00:00-04:00,85.33000183105469,91.6500015258789,84.01000213623047,85.98999786376953,905700,0.0,0.0
2024-10-28 00:00:00-04:00,90.23999786376953,98.0,89.0,93.87999725341797,1835000,0.0,0.0
2024-10-29 00:00:00-04:00,89.05000305175781,105.27999877929688,82.55999755859375,104.94999694824219,2103200,0.0,0.0
2024-10-30 00:00:00-04:00,106.16000366210938,108.7300033569336,99.8499984741211,103.29000091552734,1011300,0.0,0.0
2024-10-31 00:00:00-04:00,102.0,108.25,98.0,103.80999755859375,844800,0.0,0.0
2024-11-01 00:00:00-04:00,106.30000305175781,118.36000061035156,102.7699966430664,109.52999877929688,1314100,0.0,0.0
2024-11-04 00:00:00-05:00,93.5,94.98999786376953,76.0,78.0,5727300,0.0,0.0
2024-11-05 00:00:00-05:00,75.80999755859375,78.0,72.70999908447266,75.7300033569336,5244900,0.0,0.0
2024-11-06 00:00:00-05:00,81.5,87.98999786376953,78.0,87.08999633789062,2799400,0.0,0.0
2024-11-07 00:00:00-05:00,88.47000122070312,91.76000213623047,84.30999755859375,86.5999984741211,1857500,0.0,0.0
2024-11-08 00:00:00-05:00,88.69999694824219,94.58999633789062,86.66000366210938,91.76000213623047,1711500,0.0,0.0
2024-11-11 00:00:00-05:00,95.0,95.0,87.66999816894531,91.58999633789062,1082700,0.0,0.0
2024-11-12 00:00:00-05:00,89.11000061035156,92.43000030517578,86.16999816894531,91.51000213623047,1385200,0.0,0.0
2024-11-13 00:00:00-05:00,93.48999786376953,95.0,80.30000305175781,81.5999984741211,1596500,0.0,0.0
2024-11-14 00:00:00-05:00,82.36000061035156,83.37999725341797,78.38999938964844,79.33999633789062,832600,0.0,0.0
2024-11-15 00:00:00-05:00,76.48999786376953,81.80000305175781,68.6500015258789,70.16000366210938,2605700,0.0,0.0
2024-11-18 00:00:00-05:00,72.0,79.37000274658203,70.5,76.45999908447266,1229000,0.0,0.0
2024-11-19 00:00:00-05:00,71.44999694824219,71.8499984741211,64.55999755859375,68.5,2514400,0.0,0.0
2024-11-20 00:00:00-05:00,70.0,75.80000305175781,66.37000274658203,75.13999938964844,1453500,0.0,0.0
2024-11-21 00:00:00-05:00,76.08999633789062,82.13999938964844,72.91999816894531,79.9000015258789,1269500,0.0,0.0
2024-11-22 00:00:00-05:00,83.91999816894531,87.8499984741211,78.5,86.8499984741211,1802400,0.0,0.0
2024-11-25 00:00:00-05:00,88.41999816894531,88.7699966430664,81.80000305175781,83.16999816894531,935600,0.0,0.0
2024-11-26 00:00:00-05:00,82.76000213623047,89.18000030517578,81.41000366210938,81.44999694824219,725600,0.0,0.0
2024-11-27 00:00:00-05:00,82.30000305175781,86.3499984741211,82.08999633789062,82.48999786376953,787100,0.0,0.0
2024-11-29 00:00:00-05:00,83.88999938964844,92.4000015258789,83.04000091552734,91.0,838100,0.0,0.0
2024-12-02 00:00:00-05:00,92.81999969482422,92.81999969482422,82.0999984741211,82.47000122070312,1011700,0.0,0.0
2024-12-03 00:00:00-05:00,82.0,82.5,74.4000015258789,76.91999816894531,1211700,0.0,0.0
2024-12-04 00:00:00-05:00,77.30000305175781,80.72000122070312,76.05000305175781,76.55000305175781,967700,0.0,0.0
2024-12-05 00:00:00-05:00,76.0,80.04000091552734,73.75,78.80000305175781,776500,0.0,0.0
2024-12-06 00:00:00-05:00,79.7300033569336,81.94999694824219,76.62999725341797,78.29000091552734,625500,0.0,0.0
2024-12-09 00:00:00-05:00,78.41000366210938,79.12000274658203,72.19999694824219,72.61000061035156,690500,0.0,0.0
2024-12-10 00:00:00-05:00,72.16000366210938,74.95999908447266,70.69999694824219,71.56999969482422,506100,0.0,0.0
2024-12-11 00:00:00-05:00,76.0,79.33999633789062,74.3499984741211,75.11000061035156,994700,0.0,0.0
2024-12-12 00:00:00-05:00,75.61000061035156,78.0,73.5999984741211,74.54000091552734,486300,0.0,0.0
2024-12-13 00:00:00-05:00,74.62000274658203,76.98999786376953,72.08000183105469,72.41999816894531,333900,0.0,0.0
2024-12-16 00:00:00-05:00,72.41999816894531,78.0,70.05999755859375,76.73999786376953,715000,0.0,0.0
2024-12-17 00:00:00-05:00,76.73999786376953,76.73999786376953,68.80000305175781,71.9000015258789,769400,0.0,0.0
2024-12-18 00:00:00-05:00,73.0,74.6500015258789,68.0,69.31999969482422,703300,0.0,0.0
2024-12-19 00:00:00-05:00,70.0,71.41999816894531,67.0,68.2300033569336,666500,0.0,0.0
2024-12-20 00:00:00-05:00,66.73999786376953,70.61000061035156,66.51000213623047,66.80000305175781,722000,0.0,0.0
2024-12-23 00:00:00-05:00,67.05000305175781,68.66000366210938,65.5999984741211,68.23999786376953,534900,0.0,0.0
2024-12-24 00:00:00-05:00,68.47000122070312,69.56999969482422,66.51000213623047,69.04000091552734,215800,0.0,0.0
2024-12-26 00:00:00-05:00,68.0,73.0,67.80000305175781,72.62999725341797,468800,0.0,0.0
2024-12-27 00:00:00-05:00,73.30000305175781,74.7699966430664,68.76000213623047,70.70999908447266,458700,0.0,0.0
2024-12-30 00:00:00-05:00,69.76000213623047,70.76000213623047,67.1500015258789,67.86000061035156,504000,0.0,0.0
2024-12-31 00:00:00-05:00,68.79000091552734,69.87999725341797,65.11000061035156,66.61000061035156,576100,0.0,0.0
2025-01-02 00:00:00-05:00,67.5199966430664,74.33999633789062,67.5199966430664,74.05000305175781,641100,0.0,0.0
2025-01-03 00:00:00-05:00,75.16000366210938,82.01000213623047,74.7699966430664,80.80000305175781,763200,0.0,0.0
2025-01-06 00:00:00-05:00,83.80000305175781,84.23999786376953,80.5,81.58000183105469,568300,0.0,0.0
2025-01-07 00:00:00-05:00,81.06999969482422,82.02999877929688,72.52999877929688,73.6500015258789,806400,0.0,0.0
2025-01-08 00:00:00-05:00,72.33000183105469,73.61000061035156,69.51000213623047,72.41999816894531,715500,0.0,0.0
2025-01-10 00:00:00-05:00,72.41999816894531,74.66000366210938,69.5,70.83000183105469,379000,0.0,0.0
2025-01-13 00:00:00-05:00,69.44999694824219,72.44000244140625,68.0999984741211,69.76000213623047,580300,0.0,0.0
2025-01-14 00:00:00-05:00,72.02999877929688,72.75,68.5999984741211,69.86000061035156,250000,0.0,0.0
2025-01-15 00:00:00-05:00,72.0,74.13999938964844,70.1500015258789,73.62000274658203,782100,0.0,0.0
2025-01-16 00:00:00-05:00,74.51000213623047,75.05000305175781,72.0199966430664,74.05999755859375,295400,0.0,0.0
2025-01-17 00:00:00-05:00,75.22000122070312,79.12000274658203,74.12999725341797,77.83000183105469,699600,0.0,0.0
2025-01-21 00:00:00-05:00,81.62999725341797,89.37999725341797,79.06999969482422,88.52999877929688,1369500,0.0,0.0
2025-01-22 00:00:00-05:00,94.38999938964844,94.38999938964844,88.63999938964844,90.80999755859375,1199400,0.0,0.0
2025-01-23 00:00:00-05:00,89.3499984741211,97.69999694824219,89.0,94.19999694824219,1111900,0.0,0.0
2025-01-24 00:00:00-05:00,97.9000015258789,99.56999969482422,91.30999755859375,92.0,883000,0.0,0.0
2025-01-27 00:00:00-05:00,83.5,84.2300033569336,76.5,78.19000244140625,1896400,0.0,0.0
2025-01-28 00:00:00-05:00,80.0,81.02999877929688,75.0,78.91999816894531,629200,0.0,0.0
2025-01-29 00:00:00-05:00,79.58000183105469,82.69999694824219,79.19999694824219,81.37999725341797,508400,0.0,0.0
2025-01-30 00:00:00-05:00,82.77999877929688,86.87999725341797,82.63999938964844,85.37999725341797,552700,0.0,0.0
2025-01-31 00:00:00-05:00,86.91000366210938,87.45999908447266,82.13999938964844,82.30000305175781,689900,0.0,0.0
2025-02-03 00:00:00-05:00,78.0,83.2300033569336,77.01000213623047,81.87000274658203,390200,0.0,0.0
2025-02-04 00:00:00-05:00,85.33000183105469,85.5999984741211,78.75,80.4000015258789,517100,0.0,0.0
2025-02-05 00:00:00-05:00,79.6500015258789,86.83000183105469,79.51000213623047,84.4000015258789,700100,0.0,0.0
2025-02-06 00:00:00-05:00,85.23999786376953,85.54000091552734,78.83999633789062,81.80999755859375,669500,0.0,0.0
2025-02-07 00:00:00-05:00,94.9000015258789,111.9000015258789,86.9000015258789,108.91000366210938,4301500,0.0,0.0
2025-02-10 00:00:00-05:00,107.0,119.41999816894531,104.5,114.38999938964844,1627800,0.0,0.0
2025-02-11 00:00:00-05:00,112.56999969482422,118.97000122070312,112.4000015258789,114.0,1123700,0.0,0.0
2025-02-12 00:00:00-05:00,113.37000274658203,122.94999694824219,113.0,118.70999908447266,1221100,0.0,0.0
2025-02-13 00:00:00-05:00,121.5,122.0,111.77999877929688,117.7699966430664,939000,0.0,0.0
2025-02-14 00:00:00-05:00,118.0,118.0,112.5,113.98999786376953,562700,0.0,0.0
2025-02-18 00:00:00-05:00,112.2300033569336,115.7699966430664,108.08000183105469,111.66000366210938,653300,0.0,0.0
2025-02-19 00:00:00-05:00,108.80999755859375,110.0,104.33999633789062,106.0,963200,0.0,0.0
2025-02-20 00:00:00-05:00,105.31999969482422,106.12999725341797,101.0,104.16000366210938,660100,0.0,0.0
2025-02-21 00:00:00-05:00,104.62000274658203,104.94999694824219,94.63999938964844,98.2699966430664,989700,0.0,0.0
2025-02-24 00:00:00-05:00,97.33000183105469,97.33000183105469,88.08999633789062,89.58000183105469,909400,0.0,0.0
2025-02-25 00:00:00-05:00,92.3499984741211,93.66999816894531,85.5,87.62999725341797,909400,0.0,0.0
2025-02-26 00:00:00-05:00,90.36000061035156,95.5,88.86000061035156,93.5,741200,0.0,0.0
2025-02-27 00:00:00-05:00,96.5,98.0,89.33000183105469,89.5199966430664,707000,0.0,0.0
2025-02-28 00:00:00-05:00,88.52999877929688,91.88999938964844,84.69999694824219,90.7300033569336,739000,0.0,0.0
2025-03-03 00:00:00-05:00,92.66000366210938,93.33000183105469,82.62000274658203,84.0,912700,0.0,0.0
2025-03-04 00:00:00-05:00,80.66000366210938,90.47000122070312,79.61000061035156,88.80000305175781,939800,0.0,0.0
2025-03-05 00:00:00-05:00,90.33999633789062,90.33999633789062,81.41000366210938,84.55999755859375,929000,0.0,0.0
2025-03-06 00:00:00-05:00,81.5,82.76000213623047,78.05000305175781,79.72000122070312,632500,0.0,0.0
2025-03-07 00:00:00-05:00,79.33999633789062,81.5,75.91999816894531,79.80999755859375,570200,0.0,0.0
2025-03-10 00:00:00-04:00,76.87999725341797,77.5,71.62999725341797,74.01000213623047,749600,0.0,0.0
2025-03-11 00:00:00-04:00,73.0,77.33999633789062,72.11000061035156,73.95999908447266,600300,0.0,0.0
2025-03-12 00:00:00-04:00,77.0,78.5999984741211,73.0999984741211,74.23999786376953,596600,0.0,0.0
2025-03-13 00:00:00-04:00,74.08000183105469,75.19999694824219,70.98999786376953,71.95999908447266,323800,0.0,0.0
2025-03-14 00:00:00-04:00,75.05000305175781,77.5999984741211,73.6500015258789,76.37999725341797,478900,0.0,0.0
2025-03-17 00:00:00-04:00,76.75,80.12000274658203,74.19999694824219,76.05000305175781,488900,0.0,0.0
2025-03-18 00:00:00-04:00,75.9000015258789,76.70999908447266,72.3499984741211,73.0999984741211,402900,0.0,0.0
2025-03-19 00:00:00-04:00,73.55999755859375,77.58000183105469,72.79000091552734,75.97000122070312,555300,0.0,0.0
2025-03-20 00:00:00-04:00,74.37000274658203,78.55999755859375,74.06999969482422,74.27999877929688,635900,0.0,0.0
2025-03-21 00:00:00-04:00,73.16000366210938,74.56999969482422,71.87999725341797,74.0199966430664,667300,0.0,0.0
2025-03-24 00:00:00-04:00,76.44999694824219,77.69999694824219,75.19999694824219,76.87000274658203,514400,0.0,0.0
2025-03-25 00:00:00-04:00,76.06999969482422,77.23999786376953,72.76000213623047,73.7300033569336,490400,0.0,0.0
2025-03-26 00:00:00-04:00,74.2300033569336,74.36000061035156,69.18000030517578,69.98999786376953,473700,0.0,0.0
2025-03-27 00:00:00-04:00,69.47000122070312,70.62999725341797,67.30999755859375,69.0999984741211,411000,0.0,0.0
2025-03-28 00:00:00-04:00,68.5,69.76000213623047,65.58000183105469,66.25,366800,0.0,0.0
2025-03-31 00:00:00-04:00,63.779998779296875,63.900001525878906,61.0099983215332,62.209999084472656,980400,0.0,0.0
2025-04-01 00:00:00-04:00,64.66000366210938,68.19000244140625,60.650001525878906,64.91000366210938,888600,0.0,0.0
2025-04-02 00:00:00-04:00,62.709999084472656,65.7699966430664,62.220001220703125,63.0099983215332,728600,0.0,0.0
2025-04-03 00:00:00-04:00,60.099998474121094,62.0,57.220001220703125,57.709999084472656,862900,0.0,0.0
2025-04-04 00:00:00-04:00,54.79999923706055,56.0,49.400001525878906,54.43000030517578,1243600,0.0,0.0
2025-04-07 00:00:00-04:00,50.75,63.400001525878906,50.0,58.560001373291016,1327900,0.0,0.0
2025-04-08 00:00:00-04:00,63.65999984741211,64.30000305175781,53.75,55.45000076293945,687400,0.0,0.0
2025-04-09 00:00:00-04:00,55.209999084472656,65.41999816894531,53.790000915527344,64.3499984741211,1298700,0.0,0.0
2025-04-10 00:00:00-04:00,62.34000015258789,63.130001068115234,58.810001373291016,60.380001068115234,617900,0.0,0.0
2025-04-11 00:00:00-04:00,60.459999084472656,64.69999694824219,59.86000061035156,64.33999633789062,522100,0.0,0.0
2025-04-14 00:00:00-04:00,67.18000030517578,67.18000030517578,61.40999984741211,64.87000274658203,613300,0.0,0.0
2025-04-15 00:00:00-04:00,64.38999938964844,66.13999938964844,62.16999816894531,63.65999984741211,378000,0.0,0.0
2025-04-16 00:00:00-04:00,62.29999923706055,68.37999725341797,62.099998474121094,65.1500015258789,634500,0.0,0.0
2025-04-17 00:00:00-04:00,65.47000122070312,68.2300033569336,65.47000122070312,67.26000213623047,441000,0.0,0.0
2025-04-21 00:00:00-04:00,67.12999725341797,67.12999725341797,60.52000045776367,62.630001068115234,564600,0.0,0.0
2025-04-22 00:00:00-04:00,64.01000213623047,65.79000091552734,63.0,65.2300033569336,300500,0.0,0.0
2025-04-23 00:00:00-04:00,67.61000061035156,68.87999725341797,65.93000030517578,67.2699966430664,413900,0.0,0.0
2025-04-24 00:00:00-04:00,67.37000274658203,69.58000183105469,67.37000274658203,68.75,388600,0.0,0.0
2025-04-25 00:00:00-04:00,67.4000015258789,70.66000366210938,67.2699966430664,69.55999755859375,232700,0.0,0.0
2025-04-28 00:00:00-04:00,72.0,72.52999877929688,67.69999694824219,70.37000274658203,277000,0.0,0.0
2025-04-29 00:00:00-04:00,70.0,71.25,68.48999786376953,70.95999908447266,226400,0.0,0.0
2025-04-30 00:00:00-04:00,67.69000244140625,69.83999633789062,66.37999725341797,69.29000091552734,300800,0.0,0.0
2025-05-01 00:00:00-04:00,70.87999725341797,72.05000305175781,69.5,71.08999633789062,324000,0.0,0.0
2025-05-02 00:00:00-04:00,72.43000030517578,74.52999877929688,72.0,73.41999816894531,341700,0.0,0.0
2025-05-05 00:00:00-04:00,73.38999938964844,73.87000274658203,71.0,71.66000366210938,330700,0.0,0.0
2025-05-06 00:00:00-04:00,70.43000030517578,75.55999755859375,70.43000030517578,74.45999908447266,474600,0.0,0.0
2025-05-07 00:00:00-04:00,76.0,76.0,71.52999877929688,72.5,693400,0.0,0.0
2025-05-08 00:00:00-04:00,80.75,89.9000015258789,80.44999694824219,88.45999908447266,1899800,0.0,0.0
2025-05-09 00:00:00-04:00,90.83999633789062,94.05999755859375,88.47000122070312,93.5999984741211,1266600,0.0,0.0
2025-05-12 00:00:00-04:00,99.8499984741211,101.52999877929688,92.0999984741211,94.70999908447266,1046000,0.0,0.0
2025-05-13 00:00:00-04:00,94.91000366210938,97.5,92.13999938964844,92.56999969482422,769300,0.0,0.0
2025-05-14 00:00:00-04:00,94.06999969482422,98.68000030517578,92.77999877929688,96.91999816894531,2138100,0.0,0.0
2025-05-15 00:00:00-04:00,95.16000366210938,96.52999877929688,91.62999725341797,96.30999755859375,626700,0.0,0.0
2025-05-16 00:00:00-04:00,96.38999938964844,97.48999786376953,94.0,95.75,566100,0.0,0.0
2025-05-19 00:00:00-04:00,93.36000061035156,95.54000091552734,90.25,95.19999694824219,466800,0.0,0.0
2025-05-20 00:00:00-04:00,96.4800033569336,97.0,92.98999786376953,95.08999633789062,357100,0.0,0.0
2025-05-21 00:00:00-04:00,93.69999694824219,98.70999908447266,92.83999633789062,93.33999633789062,839300,0.0,0.0
2025-05-22 00:00:00-04:00,92.91000366210938,94.76000213623047,90.83000183105469,93.16999816894531,576700,0.0,0.0
2025-05-23 00:00:00-04:00,111.75,118.2699966430664,100.5,113.29000091552734,4260200,0.0,0.0
2025-05-27 00:00:00-04:00,115.80999755859375,129.1199951171875,115.80999755859375,127.86000061035156,3199400,0.0,0.0
2025-05-28 00:00:00-04:00,130.5500030517578,136.0,126.5,127.73999786376953,2487700,0.0,0.0
2025-05-29 00:00:00-04:00,129.60000610351562,130.0,122.38999938964844,123.5,1252100,0.0,0.0
2025-05-30 00:00:00-04:00,118.0,128.69000244140625,117.63999938964844,126.91999816894531,1169300,0.0,0.0
2025-06-02 00:00:00-04:00,125.04000091552734,127.98999786376953,123.26000213623047,124.58000183105469,771700,0.0,0.0
2025-06-03 00:00:00-04:00,135.47000122070312,139.0,130.2100067138672,131.4499969482422,1905100,0.0,0.0
2025-06-04 00:00:00-04:00,133.99000549316406,142.69000244140625,128.17999267578125,141.0,1903200,0.0,0.0
2025-06-05 00:00:00-04:00,144.3800048828125,146.8300018310547,130.80999755859375,136.33999633789062,1869400,0.0,0.0
2025-06-06 00:00:00-04:00,136.97999572753906,143.64999389648438,133.0,143.11000061035156,995700,0.0,0.0
2025-06-09 00:00:00-04:00,149.33999633789062,152.72000122070312,144.14999389648438,146.0800018310547,1263500,0.0,0.0
2025-06-10 00:00:00-04:00,147.58999633789062,149.38999938964844,140.64999389648438,145.9199981689453,970100,0.0,0.0
2025-06-11 00:00:00-04:00,147.1199951171875,165.0,147.1199951171875,158.1300048828125,2092600,0.0,0.0
2025-06-12 00:00:00-04:00,155.9600067138672,160.55999755859375,154.0500030517578,158.44000244140625,692000,0.0,0.0
2025-06-13 00:00:00-04:00,153.9499969482422,165.25,152.16000366210938,162.24000549316406,1045600,0.0,0.0
2025-06-16 00:00:00-04:00,172.60000610351562,176.6199951171875,166.5,169.92999267578125,1303600,0.0,0.0
2025-06-17 00:00:00-04:00,175.0,176.47000122070312,168.5800018310547,173.02999877929688,1129400,0.0,0.0
2025-06-18 00:00:00-04:00,176.0,182.38999938964844,174.6300048828125,180.9600067138672,1101300,0.0,0.0
2025-06-20 00:00:00-04:00,193.19000244140625,211.30999755859375,188.47999572753906,190.0399932861328,2947300,0.0,0.0
2025-06-23 00:00:00-04:00,198.75999450683594,204.9499969482422,183.61000061035156,192.25,1892000,0.0,0.0
2025-06-24 00:00:00-04:00,198.10000610351562,203.4600067138672,184.8800048828125,192.17999267578125,1965400,0.0,0.0
2025-06-25 00:00:00-04:00,195.6999969482422,195.6999969482422,177.0,181.17999267578125,1639700,0.0,0.0
2025-06-26 00:00:00-04:00,163.4600067138672,184.0,151.0,174.9600067138672,2570300,0.0,0.0
2025-06-27 00:00:00-04:00,177.30999755859375,178.66000366210938,161.74000549316406,168.64999389648438,1712900,0.0,0.0
2025-06-30 00:00:00-04:00,168.9499969482422,184.42999267578125,163.30999755859375,183.17999267578125,1367000,0.0,0.0
2025-07-01 00:00:00-04:00,173.1699981689453,176.83999633789062,166.8000030517578,168.7100067138672,1055300,0.0,0.0
2025-07-02 00:00:00-04:00,167.88999938964844,176.8000030517578,164.91000366210938,176.4600067138672,853800,0.0,0.0
2025-07-03 00:00:00-04:00,174.58999633789062,177.4199981689453,170.9499969482422,175.64999389648438,462100,0.0,0.0
2025-07-07 00:00:00-04:00,174.0,186.22999572753906,167.25999450683594,183.64999389648438,1050600,0.0,0.0
2025-07-08 00:00:00-04:00,185.5,188.5,171.13999938964844,173.85000610351562,1087300,0.0,0.0
2025-07-09 00:00:00-04:00,180.14999389648438,180.14999389648438,172.05999755859375,179.3699951171875,476000,0.0,0.0
2025-07-10 00:00:00-04:00,182.91000366210938,197.97999572753906,178.0,197.4600067138672,1517200,0.0,0.0
2025-07-11 00:00:00-04:00,192.5,206.9600067138672,192.0,206.39999389648438,1244900,0.0,0.0
2025-07-14 00:00:00-04:00,204.0,217.0,199.22999572753906,216.27000427246094,1015000,0.0,0.0
2025-07-15 00:00:00-04:00,219.33999633789062,221.0,208.0,215.25999450683594,1119800,0.0,0.0
2025-07-16 00:00:00-04:00,216.0,229.49000549316406,210.27999877929688,227.25999450683594,1217900,0.0,0.0
2025-07-17 00:00:00-04:00,228.3000030517578,235.82000732421875,225.39999389648438,233.88999938964844,1052000,0.0,0.0
2025-07-18 00:00:00-04:00,239.0,249.4199981689453,234.9499969482422,249.33999633789062,1219600,0.0,0.0
2025-07-21 00:00:00-04:00,249.66000366210938,250.8800048828125,222.22000122070312,224.0,1929000,0.0,0.0
2025-07-22 00:00:00-04:00,219.4499969482422,225.24000549316406,208.0,215.8300018310547,1350200,0.0,0.0
2025-07-23 00:00:00-04:00,221.5,233.89999389648438,218.0,229.50999450683594,1454100,0.0,0.0
2025-07-24 00:00:00-04:00,235.0,246.58999633789062,232.72999572753906,242.3300018310547,1084100,0.0,0.0
2025-07-25 00:00:00-04:00,245.0,246.0,239.0,241.0,747700,0.0,0.0
2025-07-28 00:00:00-04:00,246.0,246.1199951171875,227.57000732421875,239.39999389648438,821700,0.0,0.0
2025-07-29 00:00:00-04:00,239.6300048828125,242.0,222.89999389648438,224.0800018310547,1127600,0.0,0.0
2025-07-30 00:00:00-04:00,217.0,233.8699951171875,216.0,225.19000244140625,1003800,0.0,0.0
2025-07-31 00:00:00-04:00,225.16000366210938,227.24000549316406,213.0,215.39999389648438,1073000,0.0,0.0
2025-08-01 00:00:00-04:00,201.22000122070312,214.2100067138672,192.94000244140625,208.3300018310547,1299000,0.0,0.0
2025-08-04 00:00:00-04:00,212.0,212.0,198.60000610351562,210.0500030517578,1065100,0.0,0.0
2025-08-05 00:00:00-04:00,212.7899932861328,218.9600067138672,206.1199951171875,213.8000030517578,1086100,0.0,0.0
2025-08-06 00:00:00-04:00,237.0,264.8999938964844,230.10000610351562,232.38999938964844,2838200,0.0,0.0
2025-08-07 00:00:00-04:00,235.0,237.8300018310547,222.22000122070312,234.94000244140625,1528400,0.0,0.0
2025-08-08 00:00:00-04:00,230.16000366210938,246.0,217.02000427246094,223.14999389648438,1282800,0.0,0.0
2025-08-11 00:00:00-04:00,219.77000427246094,225.0,211.0,219.10000610351562,774700,0.0,0.0
2025-08-12 00:00:00-04:00,216.0,229.9600067138672,215.0,217.3699951171875,1028100,0.0,0.0
2025-08-13 00:00:00-04:00,200.99000549316406,201.8000030517578,183.3300018310547,187.44000244140625,5105500,0.0,0.0
2025-08-14 00:00:00-04:00,188.61000061035156,192.64999389648438,182.47000122070312,189.0800018310547,2849800,0.0,0.0
2025-08-15 00:00:00-04:00,187.0,187.55999755859375,177.0500030517578,183.41000366210938,1666500,0.0,0.0
2025-08-18 00:00:00-04:00,181.88999938964844,182.25,175.2100067138672,177.57000732421875,1075200,0.0,0.0
2025-08-19 00:00:00-04:00,178.7100067138672,179.0,164.75999450683594,166.5800018310547,1368200,0.0,0.0
2025-08-20 00:00:00-04:00,168.0,177.6699981689453,162.10000610351562,175.99000549316406,1543400,0.0,0.0
2025-08-21 00:00:00-04:00,177.07000732421875,179.94000244140625,173.82000732421875,177.27999877929688,833900,0.0,0.0
2025-08-22 00:00:00-04:00,178.92999267578125,191.99000549316406,174.32000732421875,186.47000122070312,1713600,0.0,0.0
2025-08-25 00:00:00-04:00,192.0,193.10000610351562,184.41000366210938,185.27999877929688,978600,0.0,0.0
2025-08-26 00:00:00-04:00,194.25,211.52000427246094,192.16000366210938,208.6699981689453,2440500,0.0,0.0
2025-08-27 00:00:00-04:00,205.58999633789062,210.47999572753906,197.67999267578125,198.2899932861328,1394600,0.0,0.0
2025-08-28 00:00:00-04:00,206.05999755859375,215.2899932861328,202.0,209.3800048828125,1529800,0.0,0.0
2025-08-29 00:00:00-04:00,211.69000244140625,212.0,195.0,201.72999572753906,1440300,0.0,0.0
2025-09-02 00:00:00-04:00,192.47000122070312,205.0,186.5,203.88999938964844,956100,0.0,0.0
2025-09-03 00:00:00-04:00,207.5,209.9499969482422,197.8800048828125,201.5399932861328,1061700,0.0,0.0
2025-09-04 00:00:00-04:00,202.0,205.8800048828125,198.05999755859375,199.00999450683594,619600,0.0,0.0
2025-09-05 00:00:00-04:00,201.0,205.39999389648438,191.67999267578125,205.38999938964844,928400,0.0,0.0
2025-09-08 00:00:00-04:00,205.5,208.22000122070312,198.1999969482422,204.67999267578125,767700,0.0,0.0
2025-09-09 00:00:00-04:00,205.0,223.97999572753906,202.44000244140625,217.89999389648438,1521700,0.0,0.0
2025-09-10 00:00:00-04:00,221.52999877929688,225.5,215.75999450683594,219.3000030517578,884200,0.0,0.0
2025-09-11 00:00:00-04:00,218.0,232.6699981689453,214.0,224.32000732421875,1182100,0.0,0.0
2025-09-12 00:00:00-04:00,220.3300018310547,228.0,219.89999389648438,222.1300048828125,663200,0.0,0.0
2025-09-15 00:00:00-04:00,222.6999969482422,243.8000030517578,220.1300048828125,243.47999572753906,1491600,0.0,0.0
2025-09-16 00:00:00-04:00,243.0,243.24000549316406,226.42999267578125,233.6199951171875,1311400,0.0,0.0
2025-09-17 00:00:00-04:00,233.0,235.0,221.22999572753906,230.14999389648438,950800,0.0,0.0
2025-09-18 00:00:00-04:00,236.02000427246094,264.8800048828125,231.6199951171875,262.6499938964844,1886100,0.0,0.0
2025-09-19 00:00:00-04:00,260.0,301.57000732421875,260.0,294.489990234375,3395600,0.0,0.0
2025-09-22 00:00:00-04:00,296.8800048828125,312.5400085449219,282.55999755859375,306.2200012207031,1943700,0.0,0.0
2025-09-23 00:00:00-04:00,310.0,312.0,295.04998779296875,302.5899963378906,1287500,0.0,0.0
2025-09-24 00:00:00-04:00,303.489990234375,304.9700012207031,276.0,276.0,1618000,0.0,0.0
2025-09-25 00:00:00-04:00,265.25,318.0799865722656,261.55999755859375,312.19000244140625,2995300,0.0,0.0
2025-09-26 00:00:00-04:00,316.1499938964844,338.0,297.0,305.3500061035156,1763800,0.0,0.0
2025-09-29 00:00:00-04:00,316.70001220703125,322.0,299.4599914550781,315.6199951171875,1350400,0.0,0.0
2025-09-30 00:00:00-04:00,307.989990234375,320.760009765625,306.0,310.07000732421875,1056800,0.0,0.0
2025-10-01 00:00:00-04:00,303.989990234375,334.7799987792969,303.5799865722656,331.1099853515625,1124800,0.0,0.0
2025-10-02 00:00:00-04:00,339.9700012207031,350.0299987792969,325.5,349.0899963378906,1005800,0.0,0.0
2025-10-03 00:00:00-04:00,351.5,360.1400146484375,334.04998779296875,343.489990234375,1077000,0.0,0.0
2025-10-06 00:00:00-04:00,348.9599914550781,361.3699951171875,339.0,356.2799987792969,977300,0.0,0.0
2025-10-07 00:00:00-04:00,357.8999938964844,388.6199951171875,357.0,370.07000732421875,1303200,0.0,0.0
2025-10-08 00:00:00-04:00,378.8800048828125,386.0,359.010009765625,364.2200012207031,1266700,0.0,0.0
2025-10-09 00:00:00-04:00,367.1199951171875,389.4100036621094,362.9800109863281,371.0899963378906,1101200,0.0,0.0
2025-10-10 00:00:00-04:00,380.9800109863281,423.239990234375,362.6499938964844,363.7099914550781,2618500,0.0,0.0
2025-10-13 00:00:00-04:00,414.760009765625,430.0,387.04998779296875,400.739990234375,1944300,0.0,0.0
2025-10-14 00:00:00-04:00,387.0,415.1300048828125,370.0,396.1600036621094,1373700,0.0,0.0
2025-10-15 00:00:00-04:00,430.0,460.5,412.1600036621094,436.0,2025900,0.0,0.0
2025-10-16 00:00:00-04:00,454.0,464.25,406.010009765625,415.42999267578125,2058200,0.0,0.0
2025-10-17 00:00:00-04:00,398.67999267578125,411.510009765625,365.6400146484375,380.17999267578125,2461100,0.0,0.0
2025-10-20 00:00:00-04:00,400.0,408.989990234375,372.6000061035156,399.8699951171875,1452000,0.0,0.0
2025-10-21 00:00:00-04:00,385.0,395.0,367.7699890136719,377.010009765625,1063400,0.0,0.0
2025-10-22 00:00:00-04:00,351.2300109863281,365.0,293.82000732421875,314.8299865722656,3387000,0.0,0.0
2025-10-23 00:00:00-04:00,320.0,349.9599914550781,308.0,344.2300109863281,1691000,0.0,0.0
2025-10-24 00:00:00-04:00,364.3299865722656,388.0,354.0,383.0,1539600,0.0,0.0
2025-10-27 00:00:00-04:00,391.1499938964844,391.79998779296875,350.6000061035156,359.7300109863281,1540100,0.0,0.0
2025-10-28 00:00:00-04:00,374.0,382.2699890136719,354.1000061035156,363.70001220703125,1233000,0.0,0.0
2025-10-29 00:00:00-04:00,366.239990234375,402.0,355.989990234375,390.82000732421875,1538500,0.0,0.0
2025-10-30 00:00:00-04:00,375.0,393.9800109863281,371.0,383.30999755859375,817500,0.0,0.0
2025-10-31 00:00:00-04:00,386.0,390.0,360.17999267578125,367.4599914550781,1041400,0.0,0.0
2025-11-03 00:00:00-05:00,350.7300109863281,362.0799865722656,332.0,342.989990234375,1412400,0.0,0.0
2025-11-04 00:00:00-05:00,313.75,340.0,312.0199890136719,327.20001220703125,1013300,0.0,0.0
2025-11-05 00:00:00-05:00,331.0,338.8599853515625,321.0,325.7300109863281,1076700,0.0,0.0
2025-11-06 00:00:00-05:00,287.3500061035156,299.8999938964844,266.0,277.7799987792969,2501900,0.0,0.0
2025-11-07 00:00:00-05:00,254.17999267578125,298.9599914550781,254.00999450683594,294.1600036621094,1907300,0.0,0.0
2025-11-10 00:00:00-05:00,308.989990234375,317.1700134277344,280.4800109863281,290.20001220703125,1478400,0.0,0.0
2025-11-11 00:00:00-05:00,279.07000732421875,283.79998779296875,267.1600036621094,275.5400085449219,989100,0.0,0.0
2025-11-12 00:00:00-05:00,277.04998779296875,283.8900146484375,266.7900085449219,275.6000061035156,723200,0.0,0.0
2025-11-13 00:00:00-05:00,263.6099853515625,269.0,247.8699951171875,253.85000610351562,1219600,0.0,0.0
2025-11-14 00:00:00-05:00,231.0,261.0,230.00999450683594,250.0,1396900,0.0,0.0
2025-11-17 00:00:00-05:00,240.0,251.83999633789062,240.0,245.63999938964844,850200,0.0,0.0
2025-11-18 00:00:00-05:00,240.0800018310547,251.3000030517578,235.35000610351562,246.0800018310547,884400,0.0,0.0
2025-11-19 00:00:00-05:00,252.32000732421875,267.989990234375,247.94000244140625,264.2699890136719,1345300,0.0,0.0
2025-11-20 00:00:00-05:00,282.9599914550781,286.0,239.63999938964844,241.30999755859375,1462000,0.0,0.0
2025-11-21 00:00:00-05:00,236.1999969482422,243.64999389648438,221.35000610351562,241.72999572753906,1161100,0.0,0.0
2025-11-24 00:00:00-05:00,237.0,253.0,235.0,249.83999633789062,1052400,0.0,0.0
2025-11-25 00:00:00-05:00,249.83999633789062,252.5,232.19000244140625,248.97999572753906,580600,0.0,0.0
2025-11-26 00:00:00-05:00,254.0,258.32000732421875,250.35000610351562,254.22000122070312,486000,0.0,0.0
2025-11-28 00:00:00-05:00,259.0,263.6000061035156,253.55999755859375,259.29998779296875,434500,0.0,0.0
2025-12-01 00:00:00-05:00,250.0,257.4200134277344,248.0399932861328,251.36000061035156,531500,0.0,0.0
2025-12-02 00:00:00-05:00,252.67999267578125,271.0,252.5,265.5799865722656,745500,0.0,0.0
2025-12-03 00:00:00-05:00,265.0,269.989990234375,253.8000030517578,268.1000061035156,721300,0.0,0.0
2025-12-04 00:00:00-05:00,267.510009765625,286.0,264.0,278.6300048828125,1098500,0.0,0.0
2025-12-05 00:00:00-05:00,287.0,287.17999267578125,259.0,266.2300109863281,1088700,0.0,0.0
2025-12-08 00:00:00-05:00,269.260009765625,269.5299987792969,258.0,268.5,675900,0.0,0.0
2025-12-09 00:00:00-05:00,264.0,266.7699890136719,258.0,264.69000244140625,785400,0.0,0.0
2025-12-10 00:00:00-05:00,260.0,270.5,248.92999267578125,264.5799865722656,1299000,0.0,0.0
2025-12-11 00:00:00-05:00,256.7900085449219,274.0,255.57000732421875,273.1099853515625,1001200,0.0,0.0
2025-12-12 00:00:00-05:00,272.739990234375,272.739990234375,243.47999572753906,249.00999450683594,1021200,0.0,0.0
2025-12-15 00:00:00-05:00,250.25,251.99000549316406,228.52999877929688,228.74000549316406,1056300,0.0,0.0
2025-12-16 00:00:00-05:00,222.60000610351562,236.91000366210938,220.22000122070312,235.82000732421875,761500,0.0,0.0
2025-12-17 00:00:00-05:00,235.8699951171875,241.3000030517578,220.8699951171875,221.08999633789062,831500,0.0,0.0
2025-12-18 00:00:00-05:00,227.61000061035156,237.97000122070312,220.5,229.67999267578125,861700,0.0,0.0
2025-12-19 00:00:00-05:00,235.1999969482422,265.8800048828125,234.74000549316406,261.7699890136719,1573400,0.0,0.0
2025-12-22 00:00:00-05:00,270.25,281.3299865722656,259.0,261.1600036621094,1262900,0.0,0.0
2025-12-23 00:00:00-05:00,255.0,269.1499938964844,253.13999938964844,258.04998779296875,744900,0.0,0.0
2025-12-24 00:00:00-05:00,257.010009765625,262.07000732421875,252.0,260.17999267578125,341700,0.0,0.0
2025-12-26 00:00:00-05:00,260.3900146484375,260.3900146484375,245.89999389648438,254.3000030517578,553100,0.0,0.0
2025-12-29 00:00:00-05:00,247.4600067138672,263.7300109863281,245.13999938964844,249.24000549316406,763300,0.0,0.0
2025-12-30 00:00:00-05:00,248.7100067138672,254.74000549316406,243.5399932861328,247.02999877929688,615700,0.0,0.0
2025-12-31 00:00:00-05:00,247.02999877929688,248.5,239.0,242.75999450683594,607700,0.0,0.0
2026-01-02 00:00:00-05:00,247.85000610351562,272.70001220703125,246.11000061035156,272.5,1071200,0.0,0.0
2026-01-05 00:00:00-05:00,280.67999267578125,305.760009765625,276.0,300.4100036621094,1923000,0.0,0.0
2026-01-06 00:00:00-05:00,311.0,321.7099914550781,299.0,311.8900146484375,1486400,0.0,0.0
2026-01-07 00:00:00-05:00,310.4599914550781,326.3599853515625,306.0,322.9700012207031,967300,0.0,0.0
2026-01-08 00:00:00-05:00,317.9800109863281,317.9800109863281,285.1199951171875,286.25,1536300,0.0,0.0
2026-01-09 00:00:00-05:00,304.989990234375,318.04998779296875,300.010009765625,306.19000244140625,1228700,0.0,0.0
2026-01-12 00:00:00-05:00,308.4800109863281,315.8699951171875,296.0,309.260009765625,763400,0.0,0.0
2026-01-13 00:00:00-05:00,319.8900146484375,332.0,297.1099853515625,298.2699890136719,1159800,0.0,0.0
2026-01-14 00:00:00-05:00,296.1400146484375,312.5,286.0,307.57000732421875,949800,0.0,0.0
2026-01-15 00:00:00-05:00,314.239990234375,333.489990234375,303.80999755859375,306.1000061035156,1403400,0.0,0.0
2026-01-16 00:00:00-05:00,309.0,331.3599853515625,298.0,331.0299987792969,1612900,0.0,0.0
2026-01-20 00:00:00-05:00,323.0,337.7300109863281,309.2300109863281,315.9200134277344,1376200,0.0,0.0
2026-01-21 00:00:00-05:00,329.2099914550781,345.6000061035156,290.1000061035156,303.94000244140625,2238500,0.0,0.0
2026-01-22 00:00:00-05:00,305.0,319.0,293.6000061035156,302.3699951171875,1240400,0.0,0.0
2026-01-23 00:00:00-05:00,308.7900085449219,309.0299987792969,290.29998779296875,296.19000244140625,1005200,0.0,0.0
2026-01-26 00:00:00-05:00,301.44000244140625,312.70001220703125,279.0899963378906,281.70001220703125,1404100,0.0,0.0
2026-01-27 00:00:00-05:00,282.0,317.45001220703125,275.0,309.3900146484375,1348800,0.0,0.0
2026-01-28 00:00:00-05:00,313.0,338.1300048828125,303.57000732421875,337.760009765625,1844300,0.0,0.0
2026-01-29 00:00:00-05:00,336.0,339.7099914550781,291.05999755859375,301.5,2082100,0.0,0.0
2026-01-30 00:00:00-05:00,292.25,304.92999267578125,276.0,278.2799987792969,1590600,0.0,0.0
2026-02-02 00:00:00-05:00,279.2099914550781,290.0,263.0,267.2099914550781,1148700,0.0,0.0
2026-02-03 00:00:00-05:00,279.8999938964844,291.6300048828125,270.80999755859375,280.4700012207031,1015200,0.0,0.0
2026-02-04 00:00:00-05:00,274.7200012207031,277.0,230.50999450683594,251.42999267578125,2049400,0.0,0.0
2026-02-05 00:00:00-05:00,243.0,254.0,236.0,242.08999633789062,937400,0.0,0.0
2026-02-06 00:00:00-05:00,248.1300048828125,266.489990234375,244.77999877929688,263.4700012207031,971300,0.0,0.0
2026-02-09 00:00:00-05:00,259.29998779296875,276.8900146484375,254.00999450683594,276.239990234375,950000,0.0,0.0
2026-02-10 00:00:00-05:00,275.25,276.79998779296875,261.0,264.989990234375,881400,0.0,0.0
2026-02-11 00:00:00-05:00,253.0,258.0,206.22999572753906,210.16000366210938,3218100,0.0,0.0
2026-02-12 00:00:00-05:00,211.16000366210938,211.16000366210938,184.0,185.1999969482422,2725200,0.0,0.0
2026-02-13 00:00:00-05:00,186.25,199.33999633789062,183.4499969482422,199.19000244140625,1572000,0.0,0.0
2026-02-17 00:00:00-05:00,194.5399932861328,200.3000030517578,187.36000061035156,199.35000610351562,1095900,0.0,0.0
2026-02-18 00:00:00-05:00,200.52000427246094,210.50999450683594,197.58999633789062,206.6699981689453,833300,0.0,0.0
2026-02-19 00:00:00-05:00,202.58999633789062,210.22000122070312,197.8300018310547,208.8800048828125,673000,0.0,0.0
2026-02-20 00:00:00-05:00,205.1699981689453,214.44000244140625,196.77000427246094,203.72999572753906,764900,0.0,0.0
2026-02-23 00:00:00-05:00,199.97999572753906,201.74000549316406,192.3000030517578,200.99000549316406,728700,0.0,0.0
2026-02-24 00:00:00-05:00,197.39999389648438,207.60000610351562,189.0,207.1699981689453,713800,0.0,0.0
2026-02-25 00:00:00-05:00,212.0,213.4199981689453,205.60000610351562,210.6300048828125,646300,0.0,0.0
2026-02-26 00:00:00-05:00,208.47000122070312,216.89999389648438,204.08999633789062,210.9600067138672,670900,0.0,0.0
2026-02-27 00:00:00-05:00,203.6999969482422,210.47999572753906,197.9499969482422,202.58999633789062,625300,0.0,0.0
2026-03-02 00:00:00-05:00,193.5,210.8800048828125,192.3300018310547,207.99000549316406,703700,0.0,0.0
2026-03-03 00:00:00-05:00,198.6999969482422,200.52999877929688,186.39999389648438,197.35000610351562,794300,0.0,0.0
2026-03-04 00:00:00-05:00,198.67999267578125,204.77999877929688,192.5,203.0800018310547,585400,0.0,0.0
2026-03-05 00:00:00-05:00,199.39999389648438,202.07000732421875,187.27999877929688,194.27999877929688,771000,0.0,0.0
2026-03-06 00:00:00-05:00,188.9499969482422,203.85000610351562,187.27999877929688,188.88999938964844,964400,0.0,0.0
2026-03-09 00:00:00-04:00,185.0,197.22000122070312,182.10000610351562,195.85000610351562,677600,0.0,0.0
2026-03-10 00:00:00-04:00,197.66000366210938,206.69000244140625,194.0,200.83999633789062,817700,0.0,0.0
2026-03-11 00:00:00-04:00,197.8300018310547,208.75,196.50999450683594,200.35000610351562,641800,0.0,0.0
2026-03-12 00:00:00-04:00,201.0,218.0,196.77999877929688,214.85000610351562,1151500,0.0,0.0
2026-03-13 00:00:00-04:00,218.0,227.3699951171875,207.88999938964844,209.63999938964844,907600,0.0,0.0
2026-03-16 00:00:00-04:00,210.6999969482422,217.85000610351562,210.1300048828125,212.83999633789062,523600,0.0,0.0
2026-03-17 00:00:00-04:00,214.3800048828125,220.89999389648438,210.05999755859375,213.60000610351562,526800,0.0,0.0
2026-03-18 00:00:00-04:00,214.85000610351562,216.39999389648438,207.97999572753906,208.4600067138672,561400,0.0,0.0
2026-03-19 00:00:00-04:00,200.0,209.47000122070312,196.8000030517578,205.08999633789062,569500,0.0,0.0
2026-03-20 00:00:00-04:00,201.8000030517578,203.1999969482422,184.5,186.75999450683594,1764900,0.0,0.0
2026-03-23 00:00:00-04:00,187.91000366210938,197.0,187.27999877929688,193.61000061035156,795600,0.0,0.0
2026-03-24 00:00:00-04:00,189.2100067138672,197.2899932861328,184.27000427246094,195.83999633789062,566300,0.0,0.0
2026-03-25 00:00:00-04:00,199.75,203.0,192.0,193.25999450683594,520200,0.0,0.0
2026-03-26 00:00:00-04:00,190.0,197.39999389648438,188.5,193.30999755859375,534700,0.0,0.0
2026-03-27 00:00:00-04:00,189.0,191.36000061035156,182.5,182.89999389648438,495400,0.0,0.0
2026-03-30 00:00:00-04:00,184.22999572753906,184.94000244140625,165.89999389648438,168.52000427246094,975100,0.0,0.0
2026-03-31 00:00:00-04:00,170.97000122070312,175.83999633789062,165.27999877929688,173.58999633789062,1177300,0.0,0.0
2026-04-01 00:00:00-04:00,179.33999633789062,189.5,178.0,183.16000366210938,755800,0.0,0.0
2026-04-02 00:00:00-04:00,175.17999267578125,188.2899932861328,173.89999389648438,183.2100067138672,513800,0.0,0.0
2026-04-06 00:00:00-04:00,183.72000122070312,187.38999938964844,179.10000610351562,183.52999877929688,440700,0.0,0.0
2026-04-07 00:00:00-04:00,179.64999389648438,180.41000366210938,165.6699981689453,173.47000122070312,1074600,0.0,0.0
2026-04-08 00:00:00-04:00,186.0,193.14999389648438,180.07000732421875,190.1300048828125,1272700,0.0,0.0
2026-04-09 00:00:00-04:00,185.3800048828125,189.77000427246094,179.08999633789062,180.1699981689453,906100,0.0,0.0
2026-04-10 00:00:00-04:00,182.25,191.0,179.5,187.22000122070312,503300,0.0,0.0
2026-04-13 00:00:00-04:00,182.5500030517578,192.39999389648438,180.02999877929688,191.99000549316406,487700,0.0,0.0
2026-04-14 00:00:00-04:00,201.1999969482422,204.5,190.57000732421875,193.11000061035156,728200,0.0,0.0
2026-04-15 00:00:00-04:00,196.0,203.8300018310547,194.83999633789062,197.7899932861328,787600,0.0,0.0
2026-04-16 00:00:00-04:00,206.33999633789062,210.0,197.38999938964844,202.02000427246094,927300,0.0,0.0
2026-04-17 00:00:00-04:00,204.5399932861328,209.8300018310547,195.11000061035156,203.6300048828125,1074000,0.0,0.0
2026-04-20 00:00:00-04:00,198.3300018310547,200.91000366210938,193.0,199.61000061035156,762600,0.0,0.0
2026-04-21 00:00:00-04:00,199.63999938964844,201.49000549316406,189.11000061035156,191.5500030517578,718700,0.0,0.0
2026-04-22 00:00:00-04:00,196.0,217.25,195.8300018310547,217.0800018310547,1347200,0.0,0.0
2026-04-23 00:00:00-04:00,224.7899932861328,230.49000549316406,213.6699981689453,219.5800018310547,1813500,0.0,0.0
2026-04-24 00:00:00-04:00,226.1699981689453,227.49000549316406,205.25,205.6300048828125,897400,0.0,0.0
2026-04-27 00:00:00-04:00,210.72000122070312,224.77999877929688,210.5,221.97999572753906,1038300,0.0,0.0
2026-04-28 00:00:00-04:00,209.0,215.58999633789062,201.86000061035156,205.58999633789062,852400,0.0,0.0
2026-04-29 00:00:00-04:00,207.1199951171875,207.6699981689453,189.5,191.97999572753906,1109900,0.0,0.0
2026-04-30 00:00:00-04:00,195.3000030517578,211.16000366210938,194.47999572753906,210.9600067138672,782900,0.0,0.0
2026-05-01 00:00:00-04:00,208.0800018310547,210.80999755859375,202.0,206.63999938964844,484200,0.0,0.0
2026-05-04 00:00:00-04:00,207.16000366210938,210.7100067138672,202.0,206.9199981689453,678500,0.0,0.0
2026-05-05 00:00:00-04:00,209.4199981689453,209.94009399414062,199.4499969482422,206.0399932861328,907177,0.0,0.0
