Date,Open,High,Low,Close,Volume,Dividends,Stock Splits
2022-01-03 00:00:00-05:00,77.89158492711019,79.17581580065797,77.59102631634053,79.12117004394531,1899800,0.0,0.0
2022-01-04 00:00:00-05:00,79.22135516826992,80.15947767882807,78.82971104796557,80.1503677368164,3346300,0.0,0.0
2022-01-05 00:00:00-05:00,80.15949428788855,80.9792155175405,79.9226843884666,80.02287292480469,2966500,0.0,0.0
2022-01-06 00:00:00-05:00,80.11395152664338,80.31432859934304,79.01188457564636,79.0392074584961,1507300,0.0,0.0
2022-01-07 00:00:00-05:00,79.52193315622242,80.1594972243524,79.3579889042863,79.64944458007812,1750600,0.0,0.0
2022-01-10 00:00:00-05:00,79.57658228926806,79.86803795193504,78.27413827666386,78.61112976074219,2912800,0.0,0.0
2022-01-11 00:00:00-05:00,78.59291391000463,78.85704668026818,77.24492717708215,78.65666961669922,2403300,0.0,0.0
2022-01-12 00:00:00-05:00,78.32878382300088,79.0847493345983,77.95535256467525,78.72953796386719,2169400,0.0,0.0
2022-01-13 00:00:00-05:00,78.65668426620472,78.96635291386708,77.84607286632128,78.22860717773438,2568400,0.0,0.0
2022-01-14 00:00:00-05:00,78.00090138198837,78.39254560942044,76.79864581503325,78.09197998046875,2246700,0.0,0.0
2022-01-18 00:00:00-05:00,77.95535122079997,78.62934807315627,77.58192691776291,78.2012710571289,2258900,0.0,0.0
2022-01-19 00:00:00-05:00,78.31968131411942,78.67489271857086,77.60014856055444,77.96446990966797,1827000,0.0,0.0
2022-01-20 00:00:00-05:00,78.11020678947034,79.75875249922456,78.06466401176958,78.31968688964844,2504900,0.0,0.0
2022-01-21 00:00:00-05:00,78.92080734052124,79.07564164523347,77.88249608126654,78.58380889892578,2348400,0.0,0.0
2022-01-24 00:00:00-05:00,77.59104553447031,78.37433400266065,76.5345143173385,78.2923583984375,3510600,0.0,0.0
2022-01-25 00:00:00-05:00,77.34511387585562,78.26502357823443,76.42521112232753,77.48173522949219,2697900,0.0,0.0
2022-01-26 00:00:00-05:00,77.22673268340343,77.90983268207256,76.44344412902129,76.75311279296875,3888000,0.0,0.0
2022-01-27 00:00:00-05:00,77.06275782891726,78.50182292284798,76.56181524911551,77.08097076416016,2665400,0.0,0.0
2022-01-28 00:00:00-05:00,77.35421757534502,77.73675177556993,75.75120818302376,77.6821060180664,2588600,0.0,0.0
2022-01-31 00:00:00-05:00,77.68212709444462,77.91893702262702,76.88062565524918,77.8187484741211,2568500,0.0,0.0
2022-02-01 00:00:00-05:00,77.95534170802817,77.95534170802817,76.31590644424726,77.35421752929688,3340700,0.0,0.0
2022-02-02 00:00:00-05:00,77.01721811559288,78.02820630840415,76.47984964403827,77.91891479492188,3203500,0.0,0.0
2022-02-03 00:00:00-05:00,77.81873658946523,78.52004937304866,77.38154963103916,78.41986083984375,4585100,0.0,0.0
2022-02-04 00:00:00-05:00,78.01911300243077,79.46728132668935,77.50906039706378,78.97544860839844,3673200,0.0,0.0
2022-02-07 00:00:00-05:00,79.22135856381855,79.54013705939245,78.38341758407424,79.12117004394531,2676200,0.0,0.0
2022-02-08 00:00:00-05:00,79.12117885476175,80.56023721629677,79.02099032373167,80.52381134033203,4744300,0.0,0.0
2022-02-09 00:00:00-05:00,80.91544281057735,81.69873111621052,80.69685282609959,81.47103118896484,2887900,0.0,0.0
2022-02-10 00:00:00-05:00,80.9700971627986,81.2797657346938,79.75873185752525,79.92267608642578,3295100,0.0,0.0
2022-02-11 00:00:00-05:00,79.55838111738106,79.8589467945775,78.16485818528288,78.24683380126953,3490000,0.0,0.0
2022-02-14 00:00:00-05:00,77.95535413272447,78.15573120718814,76.80775134982541,77.82784271240234,2384900,0.0,0.0
2022-02-15 00:00:00-05:00,78.53826337094921,78.89347470791195,77.65478652558274,77.9553451538086,1702200,0.0,0.0
2022-02-16 00:00:00-05:00,77.66388835685117,77.77318682383803,76.32501861772634,77.536376953125,2879700,0.0,0.0
2022-02-17 00:00:00-05:00,73.59261575677104,76.31590481111682,72.46321916830492,75.41421508789062,5189300,0.0,0.0
2022-02-18 00:00:00-05:00,75.04077394114265,75.72387359975156,73.93870732578216,75.00434112548828,5029000,0.0,0.0
2022-02-22 00:00:00-05:00,75.14098820442838,77.19939782697962,74.63094250812776,76.92615509033203,3888300,0.0,0.0
2022-02-23 00:00:00-05:00,76.9717000163421,78.41075854957586,76.68024433189393,78.09197998046875,3153200,0.0,0.0
2022-02-24 00:00:00-05:00,77.59851756636003,77.75385913705705,76.21870906670954,77.35179901123047,5266900,0.28,0.0
2022-02-25 00:00:00-05:00,77.45232974784008,79.46265165422263,77.18733156508286,78.82300567626953,3174200,0.0,0.0
2022-02-28 00:00:00-05:00,77.90006916467604,78.98747412059018,77.10507474670304,77.64421081542969,4376200,0.0,0.0
2022-03-01 00:00:00-05:00,77.50716138505054,78.40267280472787,76.28269412744686,76.88578796386719,2961700,0.0,0.0
2022-03-02 00:00:00-05:00,77.2604245161018,78.74988962803162,77.0959431501769,77.88179779052734,2454000,0.0,0.0
2022-03-03 00:00:00-05:00,78.10111136831162,78.52145112743892,77.58939461313368,77.84525299072266,1540500,0.0,0.0
2022-03-04 00:00:00-05:00,76.88577234865937,78.72247983365548,76.84922015817587,78.60368347167969,1979600,0.0,0.0
2022-03-07 00:00:00-05:00,78.23819496821022,78.23819496821022,76.59338084546805,77.65337371826172,3204700,0.0,0.0
2022-03-08 00:00:00-05:00,77.23301641461468,77.33353320688076,73.50478319568683,73.513916015625,3159800,0.0,0.0
2022-03-09 00:00:00-05:00,74.31803983470495,74.71096715659745,72.42650760411016,72.86511993408203,3453500,0.0,0.0
2022-03-10 00:00:00-05:00,72.06101295650942,72.70065902253006,70.9918872583238,72.17066955566406,2751000,0.0,0.0
2022-03-11 00:00:00-05:00,72.57271320496532,72.57271320496532,70.05980756514006,70.22428894042969,3833000,0.0,0.0
2022-03-14 00:00:00-04:00,70.77255473629485,72.01530130091798,70.54410877914526,71.26599884033203,2452700,0.0,0.0
2022-03-15 00:00:00-04:00,71.8142781172877,72.13410808079288,71.22945694023227,71.88738250732422,1720700,0.0,0.0
2022-03-16 00:00:00-04:00,72.31685564470463,72.82857238615696,71.25686997003653,72.15237426757812,2288900,0.0,0.0
2022-03-17 00:00:00-04:00,71.91479067796367,72.73719758842384,71.24773233009225,72.59099578857422,2662700,0.0,0.0
2022-03-18 00:00:00-04:00,72.66409963154034,72.76461642791288,71.08325723698776,72.29859161376953,3895600,0.0,0.0
2022-03-21 00:00:00-04:00,72.19805169744025,73.02959123468935,72.05184295985744,72.23460388183594,3016700,0.0,0.0
2022-03-22 00:00:00-04:00,72.42650091092054,72.43563372872204,71.28427124023438,71.28427124023438,4193000,0.0,0.0
2022-03-23 00:00:00-04:00,71.3025397273425,71.37564409523019,70.28823928065371,70.42530822753906,4620600,0.0,0.0
2022-03-24 00:00:00-04:00,70.7086119173352,71.27516057528071,70.23344724767924,70.98274993896484,7617400,0.0,0.0
2022-03-25 00:00:00-04:00,70.90962833250933,71.57669363843081,70.14205321277068,70.55325317382812,2990100,0.0,0.0
2022-03-28 00:00:00-04:00,70.68118890919126,72.12496925955556,70.13291991977728,72.11582946777344,3536600,0.0,0.0
2022-03-29 00:00:00-04:00,72.78288217915984,73.76063058127161,72.11581692743069,72.65495300292969,6771000,0.0,0.0
2022-03-30 00:00:00-04:00,72.75548413767525,73.1392717421019,71.82342055936071,72.53617095947266,2861100,0.0,0.0
2022-03-31 00:00:00-04:00,72.2346128664728,72.81029415617233,70.53497442455928,70.85479736328125,4662200,0.0,0.0
2022-04-01 00:00:00-04:00,70.98273076317882,71.8416898253948,70.30653265655008,71.80513763427734,3183400,0.0,0.0
2022-04-04 00:00:00-04:00,69.58464542600817,70.37963295770606,68.91758011104875,68.96327209472656,5406800,0.0,0.0
2022-04-05 00:00:00-04:00,68.82619927613881,71.27514027204293,68.82619927613881,69.89532470703125,4263500,0.0,0.0
2022-04-06 00:00:00-04:00,69.48412695583622,70.44359584526437,69.24654119537975,70.36135864257812,3513200,0.0,0.0
2022-04-07 00:00:00-04:00,70.0232452219622,71.5127171743716,69.95014782146694,71.28427124023438,2976400,0.0,0.0
2022-04-08 00:00:00-04:00,71.1380628423176,73.38597000857699,71.1380628423176,73.10269927978516,4260900,0.0,0.0
2022-04-11 00:00:00-04:00,73.10271710868308,73.63271348090944,71.82341816495746,71.978759765625,3590700,0.0,0.0
2022-04-12 00:00:00-04:00,71.457900729562,72.70978722681188,71.22945474644752,71.339111328125,3045100,0.0,0.0
2022-04-13 00:00:00-04:00,71.32084039187369,72.00617835731148,70.90049363804773,71.67721557617188,2459100,0.0,0.0
2022-04-14 00:00:00-04:00,71.89652162240466,71.96962601175323,69.42016794907265,69.84964752197266,3843100,0.0,0.0
2022-04-18 00:00:00-04:00,69.67602041750912,69.78567699221085,68.1682756305444,68.50637817382812,1824000,0.0,0.0
2022-04-19 00:00:00-04:00,68.73482272613951,70.02325433715285,68.60689354409898,69.91360473632812,2523800,0.0,0.0
2022-04-20 00:00:00-04:00,69.89531787069983,71.94219851325995,69.33790921920817,71.78684997558594,2492200,0.0,0.0
2022-04-21 00:00:00-04:00,71.87823974116961,71.87823974116961,71.08324529567072,71.25686645507812,2224300,0.0,0.0
2022-04-22 00:00:00-04:00,70.72687346165765,70.72687346165765,66.60570622506106,66.77932739257812,4266500,0.0,0.0
2022-04-25 00:00:00-04:00,66.52347612500834,66.90726372106815,65.91123556372993,66.62399291992188,3140100,0.0,0.0
2022-04-26 00:00:00-04:00,66.01175031426544,66.38640507854352,64.42176820010324,64.44918060302734,2280900,0.0,0.0
2022-04-27 00:00:00-04:00,64.62281154738673,65.90211065953721,64.23902390522738,64.94263458251953,4639300,0.0,0.0
2022-04-28 00:00:00-04:00,65.02486271013237,68.21396642389604,63.85521351522139,64.6958999633789,8441000,0.0,0.0
2022-04-29 00:00:00-04:00,64.1841768175724,65.89295515735475,63.709012274602884,64.93347930908203,4019200,0.0,0.0
2022-05-02 00:00:00-04:00,65.1802187300554,66.18537980261162,63.7090258344378,64.52229309082031,3854700,0.0,0.0
2022-05-03 00:00:00-04:00,64.98830790326095,66.60570220001337,64.88779112515358,65.83812713623047,4496600,0.0,0.0
2022-05-04 00:00:00-04:00,65.74674720379647,67.28190439700873,65.47261622349076,66.88897705078125,3550800,0.0,0.0
2022-05-05 00:00:00-04:00,66.46865175924107,67.06261280317094,65.88383050812777,66.69709777832031,3029700,0.0,0.0
2022-05-06 00:00:00-04:00,66.25846963760029,66.87984294123636,65.60054414297178,66.51432800292969,3174400,0.0,0.0
2022-05-09 00:00:00-04:00,65.93866503124235,68.08605630542499,65.68279962308968,67.27278900146484,4362400,0.0,0.0
2022-05-10 00:00:00-04:00,67.49206717710625,67.82102987920297,65.99346241049523,66.2127685546875,3417400,0.0,0.0
2022-05-11 00:00:00-04:00,66.13967770202645,67.83931635306847,65.71020511525178,65.79244232177734,2543400,0.0,0.0
2022-05-12 00:00:00-04:00,65.90210156253002,66.53260775286665,65.12537962091429,66.38640594482422,2270600,0.0,0.0
2022-05-13 00:00:00-04:00,66.5234685626164,67.16311448333443,66.32243499564284,66.73363494873047,2069400,0.0,0.0
2022-05-16 00:00:00-04:00,66.76104269688642,67.4189681532707,66.28587818484066,67.33673095703125,2864000,0.0,0.0
2022-05-17 00:00:00-04:00,67.77534537191454,67.94896653149019,67.09000749563266,67.9306869506836,1981000,0.0,0.0
2022-05-18 00:00:00-04:00,67.52863389099423,67.75707987372992,65.62796164144493,65.902099609375,1994300,0.0,0.0
2022-05-19 00:00:00-04:00,65.38124453463534,66.44123029339588,65.0248693511917,66.34071350097656,2580700,0.0,0.0
2022-05-20 00:00:00-04:00,66.83415291967718,66.98036168793483,65.85640443971191,66.91639709472656,1695500,0.0,0.0
2022-05-23 00:00:00-04:00,67.79362929610281,68.06776028120807,66.71536402280599,67.04432678222656,2322900,0.0,0.0
2022-05-24 00:00:00-04:00,67.153970776837,67.58345028639806,66.64225407010072,67.52862548828125,3259600,0.0,0.0
2022-05-25 00:00:00-04:00,67.46466607521991,70.43446370906256,67.19966791129828,68.70741271972656,4050000,0.0,0.0
2022-05-26 00:00:00-04:00,68.69828248971524,69.72172309574901,68.2688028874366,69.2191390991211,1824200,0.0,0.0
2022-05-27 00:00:00-04:00,69.59378051757812,70.05067243703192,69.08205682709003,69.59378051757812,2576200,0.0,0.0
2022-05-31 00:00:00-04:00,68.88103790283249,69.91361832203467,68.30535647178287,69.49327850341797,3853400,0.0,0.0
2022-06-01 00:00:00-04:00,69.65774577691691,69.8861917388394,67.65655691955831,68.04948425292969,1862400,0.0,0.0
2022-06-02 00:00:00-04:00,68.34302726681418,68.34302726681418,66.32484671083265,68.12286376953125,2189400,0.29,0.0
2022-06-03 00:00:00-04:00,67.88436808178577,68.2788315816754,66.4808140236983,66.54502868652344,1881800,0.0,0.0
2022-06-06 00:00:00-04:00,66.25147265639028,67.2146925655322,66.0129580603238,66.50833129882812,1917700,0.0,0.0
2022-06-07 00:00:00-04:00,66.3248674140653,66.61842116836547,65.89370880643332,66.58172607421875,1989000,0.0,0.0
2022-06-08 00:00:00-04:00,66.50832583222977,67.01287455188535,66.21477212230448,66.82939910888672,1526200,0.0,0.0
2022-06-09 00:00:00-04:00,66.3248537811489,66.8293954744934,65.59096604681056,66.07716369628906,2865200,0.0,0.0
2022-06-10 00:00:00-04:00,65.52676064842377,67.54494170454626,65.30659709658043,67.07709503173828,3268800,0.0,0.0
2022-06-13 00:00:00-04:00,65.89371176678712,66.64594373340584,65.37081889973355,65.65519714355469,3779600,0.0,0.0
2022-06-14 00:00:00-04:00,65.58177936874199,66.18723769640205,61.67384779498889,61.9031867980957,6008400,0.0,0.0
2022-06-15 00:00:00-04:00,62.233442204593366,63.059064197051335,61.38030764440469,62.224273681640625,3746200,0.0,0.0
2022-06-16 00:00:00-04:00,61.00418033322306,61.27938996134262,59.42632672959694,59.89418029785156,2918100,0.0,0.0
2022-06-17 00:00:00-04:00,60.022620142604296,60.8849372633515,58.041130768546566,58.55485153198242,7244100,0.0,0.0
2022-06-21 00:00:00-04:00,59.233701490667684,59.334611252912545,58.02279134260309,58.72915267944336,3698000,0.0,0.0
2022-06-22 00:00:00-04:00,58.307158770090474,60.160218632609215,58.03194912263277,59.39881134033203,2541700,0.0,0.0
2022-06-23 00:00:00-04:00,59.563940879704084,60.14187279069427,59.031872581341425,59.70154571533203,2413300,0.0,0.0
2022-06-24 00:00:00-04:00,58.481466414668915,61.49039407665488,58.481466414668915,61.26105499267578,4080300,0.0,0.0
2022-06-27 00:00:00-04:00,61.25187751766776,61.84816051678584,60.829894456458725,61.19683837890625,2300600,0.0,0.0
2022-06-28 00:00:00-04:00,61.462863849040644,61.55459806695134,59.79327588712607,59.85749053955078,2548900,0.0,0.0
2022-06-29 00:00:00-04:00,60.07766208447675,60.4721255731504,59.44469099716183,60.3712158203125,2589600,0.0,0.0
2022-06-30 00:00:00-04:00,59.91253432010144,60.09600976903385,58.79335857766837,58.92179489135742,3410800,0.0,0.0
2022-07-01 00:00:00-04:00,58.80253869706937,60.18774869959687,58.44477029227145,60.07766342163086,2517700,0.0,0.0
2022-07-05 00:00:00-04:00,59.63733850174287,60.02262649048983,58.28882354225497,59.985931396484375,1937600,0.0,0.0
2022-07-06 00:00:00-04:00,60.06849310387463,60.30700070070215,59.49055416040292,59.729068756103516,2242100,0.0,0.0
2022-07-07 00:00:00-04:00,59.72905893747295,60.00426857949245,59.23368578116101,59.82079315185547,2509200,0.0,0.0
2022-07-08 00:00:00-04:00,59.96757765912197,60.426255761764835,59.47220446840299,59.793277740478516,2268800,0.0,0.0
2022-07-11 00:00:00-04:00,59.29790368770315,59.62815247671474,58.91261576681373,59.17864990234375,2530700,0.0,0.0
2022-07-12 00:00:00-04:00,58.94013888965888,59.74740986769738,58.83922914254498,59.33460235595703,2648800,0.0,0.0
2022-07-13 00:00:00-04:00,58.79335415854541,59.1236029429283,58.18790271975827,58.508975982666016,2579500,0.0,0.0
2022-07-14 00:00:00-04:00,57.78427005438748,58.41724458876566,57.51823590972448,58.17873001098633,2288600,0.0,0.0
2022-07-15 00:00:00-04:00,59.0869265256661,59.79328784358416,58.73832662947723,59.54560470581055,1855100,0.0,0.0
2022-07-18 00:00:00-04:00,59.56393890150019,60.04096105044547,58.88509726685298,59.041046142578125,1903400,0.0,0.0
2022-07-19 00:00:00-04:00,59.75659036449781,60.169397910603735,59.518075760656906,59.921714782714844,2285200,0.0,0.0
2022-07-20 00:00:00-04:00,59.81161947107261,60.224433946803565,59.43550708087026,60.16938781738281,2526600,0.0,0.0
2022-07-21 00:00:00-04:00,60.48130196237338,61.08675348920222,60.059318898493096,60.573036193847656,2298000,0.0,0.0
2022-07-22 00:00:00-04:00,60.793197826682466,60.94915371401747,60.17857079648073,60.69229507446289,1480600,0.0,0.0
2022-07-25 00:00:00-04:00,60.802374960958375,60.97667489907921,60.41708699141324,60.78403091430664,2115900,0.0,0.0
2022-07-26 00:00:00-04:00,61.123451660311304,61.2610565138904,60.45378543783252,61.224361419677734,2437400,0.0,0.0
2022-07-27 00:00:00-04:00,61.37113791681913,61.52708680820912,60.35287186312872,61.27940368652344,3136400,0.0,0.0
2022-07-28 00:00:00-04:00,56.64675045814835,57.48154453544886,54.04145847523743,54.582698822021484,9053900,0.0,0.0
2022-07-29 00:00:00-04:00,54.509311618184135,54.894603097687984,53.13327711890997,53.8121223449707,6232100,0.0,0.0
2022-08-01 00:00:00-04:00,53.518563322211406,54.279967183705295,53.234181627267034,53.8212890625,5197900,0.0,0.0
2022-08-02 00:00:00-04:00,53.91302153766322,54.58269110949444,53.50938609009585,54.01393127441406,3866800,0.0,0.0
2022-08-03 00:00:00-04:00,54.07814504178897,54.20657434121537,52.99566451885794,53.37178039550781,4056300,0.0,0.0
2022-08-04 00:00:00-04:00,53.61029356933507,53.75707041725395,52.97731906882917,53.12409591674805,4493500,0.0,0.0
2022-08-05 00:00:00-04:00,52.995673845516855,53.76625327712476,52.73881520145974,53.74790573120117,2448300,0.0,0.0
2022-08-08 00:00:00-04:00,54.11484691130583,54.958812984446844,53.63782123975102,54.77534103393555,3053300,0.0,0.0
2022-08-09 00:00:00-04:00,54.62856405377291,54.876250661505246,53.876332207816795,54.07815170288086,2530900,0.0,0.0
2022-08-10 00:00:00-04:00,54.30749209007121,55.096419045176276,54.15153970387216,54.949642181396484,3130400,0.0,0.0
2022-08-11 00:00:00-04:00,55.10558920494075,56.01377342473347,54.75699285296172,55.01385498046875,2073600,0.0,0.0
2022-08-12 00:00:00-04:00,55.05054880699674,55.6926989026968,55.05054880699674,55.46335983276367,2114000,0.0,0.0
2022-08-15 00:00:00-04:00,55.34410134629088,57.09625155213031,55.16062940600397,56.894432067871094,2991900,0.0,0.0
2022-08-16 00:00:00-04:00,56.58253603086703,56.756832465503635,55.793609064572884,56.729312896728516,2889500,0.0,0.0
2022-08-17 00:00:00-04:00,56.46328380287729,56.65592780047111,55.885348310659,56.307334899902344,2124400,0.0,0.0
2022-08-18 00:00:00-04:00,56.34402904629806,56.47246188327944,55.160641936469716,56.004608154296875,2508400,0.0,0.0
2022-08-19 00:00:00-04:00,56.42658712875967,56.98617505800449,55.775264964972344,56.18807601928711,5992300,0.0,0.0
2022-08-22 00:00:00-04:00,55.995428082135824,56.0963378326854,54.610218141851306,54.7386474609375,3753600,0.0,0.0
2022-08-23 00:00:00-04:00,54.40840536109752,54.62856892129684,53.8121223449707,53.8121223449707,2433300,0.0,0.0
2022-08-24 00:00:00-04:00,53.71120958512407,54.2157548400917,53.5185656058624,53.85798645019531,2938400,0.0,0.0
2022-08-25 00:00:00-04:00,54.151536766644504,54.995506312178016,53.61029645466953,54.96798324584961,2171500,0.0,0.0
2022-08-26 00:00:00-04:00,55.041383161096995,55.142292923468915,52.39939578952201,52.44526290893555,2544700,0.0,0.0
2022-08-29 00:00:00-04:00,52.10582857102906,52.58285418851202,51.73888821103632,52.280128479003906,1859100,0.0,0.0
2022-08-30 00:00:00-04:00,52.463604684808836,52.53699486734599,51.738895879155216,51.81228256225586,2745700,0.0,0.0
2022-08-31 00:00:00-04:00,52.53699202719991,54.02310814887291,52.22509076715137,52.71128845214844,4137300,0.0,0.0
2022-09-01 00:00:00-04:00,52.49922157995185,52.738946028326204,51.76161465646778,52.33325958251953,4454900,0.29,0.0
2022-09-02 00:00:00-04:00,52.58220804573542,52.877250845805186,51.52189908210584,51.8261604309082,2656500,0.0,0.0
2022-09-06 00:00:00-04:00,52.08432440983331,52.121202121166085,50.2034239615477,50.39704513549805,3081200,0.0,0.0
2022-09-07 00:00:00-04:00,50.48924460057076,54.29714526748317,50.2587421985066,54.14962387084961,6328700,0.0,0.0
2022-09-08 00:00:00-04:00,53.59641831736694,54.49076522574102,53.47655608615445,54.12196350097656,4250300,0.0,0.0
2022-09-09 00:00:00-04:00,54.334029347023446,55.14539882967701,54.103526932864064,54.88723373413086,2383600,0.0,0.0
2022-09-12 00:00:00-04:00,55.117733001708984,55.68015942289989,54.988652219898775,55.117733001708984,2252300,0.0,0.0
2022-09-13 00:00:00-04:00,54.158850574736114,54.55531150442696,53.4581212428254,53.5964241027832,2121700,0.0,0.0
2022-09-14 00:00:00-04:00,53.75315950635987,54.841131126458045,53.614860175309275,54.4999885559082,3048500,0.0,0.0
2022-09-15 00:00:00-04:00,54.50920998288497,55.624844341856196,54.01132744074878,54.37091064453125,2788700,0.0,0.0
2022-09-16 00:00:00-04:00,54.14961779939167,54.2418208601917,53.56875082650647,53.642513275146484,4271000,0.0,0.0
2022-09-19 00:00:00-04:00,53.3751341535803,54.011323016331296,52.194963013802976,53.87302017211914,2660300,0.0,0.0
2022-09-20 00:00:00-04:00,53.50421610242201,53.50421610242201,51.8077182932979,52.16730499267578,1900500,0.0,0.0
2022-09-21 00:00:00-04:00,52.130425141332225,52.63752973261462,51.12543450747253,51.14387512207031,1903300,0.0,0.0
2022-09-22 00:00:00-04:00,50.91337835483664,51.62332626814492,50.710535088980556,51.05167770385742,2752000,0.0,0.0
2022-09-23 00:00:00-04:00,50.885711134552686,51.24529785119886,50.30484758951403,51.08855438232422,2610800,0.0,0.0
2022-09-26 00:00:00-04:00,50.85804679127396,51.16231163194497,49.62255384984629,50.62754440307617,2646700,0.0,0.0
2022-09-27 00:00:00-04:00,51.024011527453624,51.18075147158074,49.585675281805415,50.065120697021484,2546600,0.0,0.0
2022-09-28 00:00:00-04:00,50.59066733694935,51.558776743551014,50.29562453716956,51.22685623168945,3031500,0.0,0.0
2022-09-29 00:00:00-04:00,51.09776555354395,51.61409214732795,50.41548048313038,50.987125396728516,3165000,0.0,0.0
2022-09-30 00:00:00-04:00,51.17153824372077,51.36515943619354,49.65022083500527,49.65944290161133,3972800,0.0,0.0
2022-10-03 00:00:00-04:00,50.019024705617774,51.56800123594096,49.613341716128474,51.28217697143555,3253800,0.0,0.0
2022-10-04 00:00:00-04:00,51.78927723171992,53.11697329872056,51.697077679150425,52.969451904296875,3320900,0.0,0.0
2022-10-05 00:00:00-04:00,52.49922726994301,53.688620541388175,52.29638754224267,53.20917510986328,2320300,0.0,0.0
2022-10-06 00:00:00-04:00,53.043204304594546,53.19994774526683,51.595649701122504,51.863033294677734,3195900,0.0,0.0
2022-10-07 00:00:00-04:00,51.53112000493618,51.761622422934416,50.95025292676804,51.28217697143555,2686600,0.0,0.0
2022-10-10 00:00:00-04:00,51.52189527828757,51.63253544084836,50.26796171197414,50.69208526611328,1937900,0.0,0.0
2022-10-11 00:00:00-04:00,50.627549230454775,51.78006128133673,50.24030686960852,51.457359313964844,3161800,0.0,0.0
2022-10-12 00:00:00-04:00,51.30061878317501,51.30061878317501,50.58145234775094,50.710533142089844,2391400,0.0,0.0
2022-10-13 00:00:00-04:00,50.0651193874187,52.0105601599607,49.65021437383599,51.706298828125,4562100,0.0,0.0
2022-10-14 00:00:00-04:00,52.01977990528274,52.324044761307746,50.15732360978498,50.2495231628418,3896000,0.0,0.0
2022-10-17 00:00:00-04:00,50.95024332769396,51.51266968439805,50.59066018611256,50.94102478027344,4559100,0.0,0.0
2022-10-18 00:00:00-04:00,52.21340131479748,52.379363313626065,51.12542977456002,51.263729095458984,4374200,0.0,0.0
2022-10-19 00:00:00-04:00,51.07933955275852,52.075108214751374,50.2771885693558,51.005577087402344,6516600,0.0,0.0
2022-10-20 00:00:00-04:00,51.28217816724262,51.94602627205737,50.6091115130556,50.710533142089844,3831100,0.0,0.0
2022-10-21 00:00:00-04:00,50.618325838797354,52.1304209421376,50.092780675250744,52.02899932861328,4516000,0.0,0.0
2022-10-24 00:00:00-04:00,52.48078203971046,52.88646849380772,51.79849694048978,52.02899932861328,3902100,0.0,0.0
2022-10-25 00:00:00-04:00,51.8077208225325,52.73895253605522,51.595659025687645,52.65597152709961,4747400,0.0,0.0
2022-10-26 00:00:00-04:00,52.99711127694459,53.58719685698103,52.6375280964341,53.135414123535156,5030900,0.0,0.0
2022-10-27 00:00:00-04:00,52.96945756746104,53.12619752702434,49.392058973729185,49.7608642578125,8921400,0.0,0.0
2022-10-28 00:00:00-04:00,49.41971816432514,51.29140023380274,49.41971816432514,50.710533142089844,6383000,0.0,0.0
2022-10-31 00:00:00-04:00,50.599884950632195,50.75662488545425,49.90837779002059,50.1112174987793,4766700,0.0,0.0
2022-11-01 00:00:00-04:00,50.424703916427106,50.68286899692668,49.52113492764736,49.548797607421875,3555600,0.0,0.0
2022-11-02 00:00:00-04:00,49.309073291874725,49.77007809473502,47.8615184922684,47.87995910644531,3947000,0.0,0.0
2022-11-03 00:00:00-04:00,47.4005150189153,47.4005150189153,46.49694600202799,46.50616455078125,3176700,0.0,0.0
2022-11-04 00:00:00-04:00,46.89341166974829,46.98561122847879,45.94374284951088,46.635250091552734,3864000,0.0,0.0
2022-11-07 00:00:00-05:00,46.83808108253475,48.26719507925987,46.69978177025061,48.25797653198242,4623300,0.0,0.0
2022-11-08 00:00:00-05:00,48.193450916712514,49.106238615916375,47.031716641304506,48.54381561279297,4665200,0.0,0.0
2022-11-09 00:00:00-05:00,48.691326613841895,48.921829006133386,47.60335504085107,47.621795654296875,3358200,0.0,0.0
2022-11-10 00:00:00-05:00,49.17999807465939,49.89916452299686,48.7650930017001,49.539581298828125,5843300,0.0,0.0
2022-11-11 00:00:00-05:00,49.760863003781076,50.876493860095515,49.604119530980036,50.599891662597656,10218300,0.0,0.0
2022-11-14 00:00:00-05:00,50.581452403263306,50.75663297903152,49.447380901085396,49.49348068237305,4128600,0.0,0.0
2022-11-15 00:00:00-05:00,49.81618074443869,50.59989106480959,49.475038155461185,50.10200500488281,4134100,0.0,0.0
2022-11-16 00:00:00-05:00,50.30484745521533,51.2729568782162,50.30484745521533,50.655208587646484,5892600,0.0,0.0
2022-11-17 00:00:00-05:00,50.046683527548566,50.33250779009661,49.51191975039246,50.08356475830078,5058500,0.0,0.0
2022-11-18 00:00:00-05:00,50.710533142089844,50.977916797327765,50.267968911275965,50.710533142089844,4643500,0.0,0.0
2022-11-21 00:00:00-05:00,50.7381890395097,52.10276287592827,50.7381890395097,51.475799560546875,2537100,0.0,0.0
2022-11-22 00:00:00-05:00,51.47580401107814,51.4850225606537,50.48925038147291,51.005577087402344,3429800,0.0,0.0
2022-11-23 00:00:00-05:00,51.070116669741914,52.056666766391196,51.005576272180775,51.90914535522461,3460400,0.0,0.0
2022-11-25 00:00:00-05:00,52.05665372359363,52.30559670203729,51.35592807541616,51.632530212402344,2125100,0.0,0.0
2022-11-28 00:00:00-05:00,51.35593086440882,51.66019217646108,50.72896411069164,50.885704040527344,4321100,0.0,0.0
2022-11-29 00:00:00-05:00,50.71974865042739,51.50345895321937,50.4523685284088,51.02401351928711,3962100,0.0,0.0
2022-11-30 00:00:00-05:00,51.153098691237936,52.13964880732562,50.60911281737004,52.12120819091797,7416300,0.0,0.0
2022-12-01 00:00:00-05:00,52.362162129291434,52.75140128356258,48.469752909960754,48.54389572143555,11120100,0.29,0.0
2022-12-02 00:00:00-05:00,48.08051619334411,49.683817451872656,47.98783767430187,49.32238006591797,7442900,0.0,0.0
2022-12-05 00:00:00-05:00,48.91460190928521,49.09995541301765,47.38544345797164,47.542991638183594,5018300,0.0,0.0
2022-12-06 00:00:00-05:00,47.264958023887516,48.071241612051445,47.15374734783958,47.737606048583984,4969200,0.0,0.0
2022-12-07 00:00:00-05:00,47.70979926006312,48.905325392005146,47.57078681341238,48.516082763671875,5133900,0.0,0.0
2022-12-08 00:00:00-05:00,48.590231591805725,49.26676881501214,48.28439780764906,48.76631546020508,3184800,0.0,0.0
2022-12-09 00:00:00-05:00,48.5994992947178,49.21116334808949,48.43268150422335,48.54389572143555,4494200,0.0,0.0
2022-12-12 00:00:00-05:00,48.39560833099902,48.83118492705294,47.97856390045936,48.77558135986328,3590500,0.0,0.0
2022-12-13 00:00:00-05:00,49.702357088915385,49.859905280768864,48.6643788054452,49.27604293823242,4534900,0.0,0.0
2022-12-14 00:00:00-05:00,49.09995302624239,49.44285469351815,48.256597983813556,48.46975326538086,6972900,0.0,0.0
2022-12-15 00:00:00-05:00,47.172283789814195,47.71907463067025,46.26405205931537,47.04253387451172,7366100,0.0,0.0
2022-12-16 00:00:00-05:00,46.70890450792508,47.144481160533466,45.847013751344605,46.069435119628906,9392900,0.0,0.0
2022-12-19 00:00:00-05:00,45.411432238949274,46.5976889293978,45.411432238949274,46.2918586730957,5556700,0.0,0.0
2022-12-20 00:00:00-05:00,46.19917643953994,46.66255836384956,45.95821939444129,46.273319244384766,8072500,0.0,0.0
2022-12-21 00:00:00-05:00,46.4030709167186,46.68109939599021,46.17137992810493,46.6440315246582,3579800,0.0,0.0
2022-12-22 00:00:00-05:00,46.46794509887695,46.699636092417684,45.420700818182134,46.46794509887695,3015100,0.0,0.0
2022-12-23 00:00:00-05:00,46.301123228870416,46.53281420203569,45.91188409090813,46.49574279785156,1837000,0.0,0.0
2022-12-27 00:00:00-05:00,46.47721051889041,47.28349411366861,45.91188398008001,47.116676330566406,2643200,0.0,0.0
2022-12-28 00:00:00-05:00,47.32056850970929,47.91369687143066,46.59769022545296,46.67183303833008,2247900,0.0,0.0
2022-12-29 00:00:00-05:00,47.0054676612521,47.67273528683684,46.92205876613853,47.37617111206055,2884900,0.0,0.0
2022-12-30 00:00:00-05:00,47.088873835486496,47.302029102832726,46.75523827431027,47.23715591430664,1823000,0.0,0.0
2023-01-03 00:00:00-05:00,46.70890411319225,47.598596649458564,46.44014172140641,47.302032470703125,2787400,0.0,0.0
2023-01-04 00:00:00-05:00,47.83028742679392,48.65510676632359,47.72834282791743,48.49755859375,3266600,0.0,0.0
2023-01-05 00:00:00-05:00,48.03417878177794,49.22970162916709,48.03417878177794,48.7199821472168,3051500,0.0,0.0
2023-01-06 00:00:00-05:00,46.33818987460472,46.69036110754225,44.35491591362337,44.90170669555664,11099000,0.0,0.0
2023-01-09 00:00:00-05:00,44.11396705974478,44.438336596188414,41.21319814880793,41.426353454589844,13897300,0.0,0.0
2023-01-10 00:00:00-05:00,42.000939817338676,43.0203786969025,41.72291135339615,42.39018249511719,5839600,0.0,0.0
2023-01-11 00:00:00-05:00,42.53846234492062,42.64967301759418,41.95460012656818,42.11214828491211,5362600,0.0,0.0
2023-01-12 00:00:00-05:00,42.06580920049775,42.29750015536749,41.46341483903048,41.78778076171875,8526900,0.0,0.0
2023-01-13 00:00:00-05:00,41.67656777361354,41.75997665413717,41.083439527811436,41.556087493896484,6519100,0.0,0.0
2023-01-17 00:00:00-05:00,41.732175888377775,41.81558477799795,40.990765500267166,41.463417053222656,6301800,0.0,0.0
2023-01-18 00:00:00-05:00,41.519025060868444,41.68584285794052,40.703471779107616,40.77761459350586,7749400,0.0,0.0
2023-01-19 00:00:00-05:00,40.77761293654421,40.91662894023014,40.184484586755374,40.44397735595703,12849500,0.0,0.0
2023-01-20 00:00:00-05:00,40.5366545291154,40.777611587499095,40.08253866271218,40.66640090942383,9199200,0.0,0.0
2023-01-23 00:00:00-05:00,40.77761142820442,42.251166164409305,40.7683453447859,41.83412170410156,7252900,0.0,0.0
2023-01-24 00:00:00-05:00,41.60243216219141,41.97313914752026,41.29660190432036,41.620967864990234,4432500,0.0,0.0
2023-01-25 00:00:00-05:00,41.24099118799959,42.872094003038804,41.157582300363735,42.76088333129883,4504200,0.0,0.0
2023-01-26 00:00:00-05:00,42.91843876329037,42.97404233634355,42.492124669714315,42.779422760009766,3086800,0.0,0.0
2023-01-27 00:00:00-05:00,42.66820161499946,42.936963936593635,42.445776771360805,42.63113021850586,2936800,0.0,0.0
2023-01-30 00:00:00-05:00,42.57553211391327,42.779421302357875,41.769248514200775,41.83412170410156,4313600,0.0,0.0
2023-01-31 00:00:00-05:00,41.98240797752083,42.408718563809266,41.48195457518707,42.34384536743164,5078800,0.0,0.0
2023-02-01 00:00:00-05:00,42.52919905264762,42.974045344834614,41.98240815562784,42.8906364440918,7610800,0.0,0.0
2023-02-02 00:00:00-05:00,43.02037834947504,43.771058377848796,42.6311392101637,43.567169189453125,8985300,0.0,0.0
2023-02-03 00:00:00-05:00,43.38182522264121,43.69692513211601,42.95551108488764,43.26134490966797,4749800,0.0,0.0
2023-02-06 00:00:00-05:00,43.13159641319107,43.24280710073407,41.824859344757755,41.8526611328125,3932300,0.0,0.0
2023-02-07 00:00:00-05:00,41.58388855016125,42.47358443866607,41.27805835045892,42.26969528198242,5983800,0.0,0.0
2023-02-08 00:00:00-05:00,42.047281357330554,42.73308826744541,42.0194795688543,42.33457946777344,4019400,0.0,0.0
2023-02-09 00:00:00-05:00,38.39583233255574,38.46070552893525,35.75455637903559,37.2003059387207,22036000,0.0,0.0
2023-02-10 00:00:00-05:00,37.34858696534299,38.54411332492263,36.95007817881645,37.950984954833984,12300000,0.0,0.0
2023-02-13 00:00:00-05:00,37.997321328999085,37.997321328999085,37.070557394145446,37.533939361572266,7348800,0.0,0.0
2023-02-14 00:00:00-05:00,37.53393527363882,37.73782444840406,36.977878387417995,36.987144470214844,5902200,0.0,0.0
2023-02-15 00:00:00-05:00,36.894472505319854,37.191036673497045,36.58863871826752,37.126163482666016,6183300,0.0,0.0
2023-02-16 00:00:00-05:00,36.8017916126261,37.34858242520628,36.35694538913564,36.88520050048828,5538300,0.0,0.0
2023-02-17 00:00:00-05:00,36.99641531607329,38.03439348912656,36.68131896588531,37.99732208251953,10318700,0.0,0.0
2023-02-21 00:00:00-05:00,37.80269675684465,37.84903424040067,37.18176316415911,37.71928787231445,6028900,0.0,0.0
2023-02-22 00:00:00-05:00,37.83050410463424,38.358759272588635,37.49686851743695,38.006587982177734,6130700,0.0,0.0
2023-02-23 00:00:00-05:00,37.93191954710916,38.305266641750706,37.39057017643086,37.81058120727539,5099800,0.29,0.0
2023-02-24 00:00:00-05:00,37.40923089417237,37.67990374866279,37.00788408863351,37.4838981628418,4388400,0.0,0.0
2023-02-27 00:00:00-05:00,37.60523956816073,37.87591600538038,37.06388669372141,37.16655731201172,5094900,0.0,0.0
2023-02-28 00:00:00-05:00,37.0638862598527,37.39989789377805,36.73721026048158,37.28789520263672,8207200,0.0,0.0
2023-03-01 00:00:00-05:00,37.00788787103874,37.28789638804441,36.29852916342281,36.45720291137695,6337500,0.0,0.0
2023-03-02 00:00:00-05:00,36.13052762933953,37.11055933542704,36.037192632760494,36.979888916015625,4236600,0.0,0.0
2023-03-03 00:00:00-05:00,37.390570719445165,37.64257947791281,37.045223405710715,37.278564453125,4104400,0.0,0.0
2023-03-06 00:00:00-05:00,37.334568843135145,37.47457490049768,37.05456028891202,37.06389236450195,4330400,0.0,0.0
2023-03-07 00:00:00-05:00,36.979885423119455,37.19455874337602,36.37320088165565,36.391868591308594,6239000,0.0,0.0
2023-03-08 00:00:00-05:00,36.21452576005228,36.91454882330265,36.20519368582957,36.8118782043457,4862600,0.0,0.0
2023-03-09 00:00:00-05:00,37.15722688457168,37.185226668800325,36.382532956231344,36.391868591308594,4225500,0.0,0.0
2023-03-10 00:00:00-05:00,36.20520217110278,36.429207609961395,35.421176014093135,35.48651123046875,5830400,0.0,0.0
2023-03-13 00:00:00-04:00,35.46783974977156,36.62521292927966,35.22516662336763,36.30786895751953,6119800,0.0,0.0
2023-03-14 00:00:00-04:00,36.737211809830896,36.923885343273426,36.223862263240065,36.746543884277344,6177500,0.0,0.0
2023-03-15 00:00:00-04:00,36.19586380658451,36.289202366160445,35.45850876869556,35.68251419067383,7016000,0.0,0.0
2023-03-16 00:00:00-04:00,35.33716866242605,36.046523877381766,35.30916887619808,35.81318283081055,7920500,0.0,0.0
2023-03-17 00:00:00-04:00,35.99984929144228,36.0371847060624,34.861144069036435,35.07582092285156,11701700,0.0,0.0
2023-03-20 00:00:00-04:00,35.085155108134224,35.775846078176684,35.01981990886685,35.645172119140625,6256700,0.0,0.0
2023-03-21 00:00:00-04:00,36.02785828893705,37.0638931664304,36.0185262131452,36.970558166503906,8958300,0.0,0.0
2023-03-22 00:00:00-04:00,36.961212163876,37.4745652010001,36.522533514653155,36.550533294677734,6557700,0.0,0.0
2023-03-23 00:00:00-04:00,36.63454413615868,36.78388226282868,35.542509752478374,35.57984161376953,4855000,0.0,0.0
2023-03-24 00:00:00-04:00,35.7105108776259,36.83988420717065,35.598508176361726,36.615875244140625,7628700,0.0,0.0
2023-03-27 00:00:00-04:00,37.31589181301535,37.717238612695816,36.886545233055195,37.39989471435547,5650400,0.0,0.0
2023-03-28 00:00:00-04:00,37.23189260768798,37.539904463345145,37.02655137058321,37.194557189941406,2860400,0.0,0.0
2023-03-29 00:00:00-04:00,37.25056822205343,37.903923929271166,37.0732302908738,37.83858871459961,4161700,0.0,0.0
2023-03-30 00:00:00-04:00,38.25859300460804,38.370595690823556,37.57723413216887,37.623905181884766,4395800,0.0,0.0
2023-03-31 00:00:00-04:00,37.78257556736617,37.931913669984176,37.586569975274024,37.85724639892578,4620100,0.0,0.0
2023-04-03 00:00:00-04:00,38.10926057193853,38.12792472199992,37.18522848182355,37.31589889526367,6032200,0.0,0.0
2023-04-04 00:00:00-04:00,37.30656103688913,37.978580710474894,37.026548982352125,37.80124282836914,8661300,0.0,0.0
2023-04-05 00:00:00-04:00,37.978588209928496,39.63997891554366,37.90392092500862,39.4439697265625,11518600,0.0,0.0
2023-04-06 00:00:00-04:00,39.63064229533378,39.87331897642538,39.070625210586954,39.48130416870117,4393700,0.0,0.0
2023-04-10 00:00:00-04:00,39.20128467647711,39.47196106804917,38.83727331701852,39.359954833984375,7271400,0.0,0.0
2023-04-11 00:00:00-04:00,39.62130353307291,40.339994258852464,39.565300409849414,40.031982421875,4701100,0.0,0.0
2023-04-12 00:00:00-04:00,40.21865197095372,40.54532792294245,39.52796109467647,39.826637268066406,6255800,0.0,0.0
2023-04-13 00:00:00-04:00,39.91998275932824,40.64800561386568,39.91998275932824,40.30266189575195,8364400,0.0,0.0
2023-04-14 00:00:00-04:00,40.274666375479384,40.45200429047145,40.00398990483216,40.18132781982422,3531400,0.0,0.0
2023-04-17 00:00:00-04:00,40.32133609935121,40.414671099657916,40.022659825767285,40.10666275024414,5033900,0.0,0.0
2023-04-18 00:00:00-04:00,40.143993651733595,40.19066471127018,39.87332073313189,39.96665573120117,3636900,0.0,0.0
2023-04-19 00:00:00-04:00,40.097320600021476,40.844011162679884,40.059985181763196,40.713340759277344,6144900,0.0,0.0
2023-04-20 00:00:00-04:00,40.56400181691437,40.685340143520804,40.25599352383819,40.36799621582031,3545900,0.0,0.0
2023-04-21 00:00:00-04:00,40.58267011345652,42.421398505926724,40.58267011345652,42.27206039428711,11375900,0.0,0.0
2023-04-24 00:00:00-04:00,42.46806796008986,42.916082315705346,42.30939776686216,42.374732971191406,7830200,0.0,0.0
2023-04-25 00:00:00-04:00,42.08538380115977,42.944076990456765,42.066716093500986,42.41205978393555,6439500,0.0,0.0
2023-04-26 00:00:00-04:00,41.833377753630714,43.48543260141951,41.74937484406513,43.00941848754883,6618300,0.0,0.0
2023-04-27 00:00:00-04:00,43.86811197506036,44.77347627645929,42.05738693276391,43.68143844604492,10785100,0.0,0.0
2023-04-28 00:00:00-04:00,43.81210899625235,44.6894735174392,43.569435900063255,44.50279998779297,6017900,0.0,0.0
2023-05-01 00:00:00-04:00,44.41880302394152,45.0161555503775,44.157462183751264,44.22279739379883,3730000,0.0,0.0
2023-05-02 00:00:00-04:00,44.04545104549729,44.400130404047495,43.70944295689877,43.877445220947266,4229700,0.0,0.0
2023-05-03 00:00:00-04:00,44.017452220624925,44.37213158690288,43.37343225281896,43.401432037353516,3526200,0.0,0.0
2023-05-04 00:00:00-04:00,43.05608637052046,43.27075968347107,42.206725192976116,42.27206039428711,4159800,0.0,0.0
2023-05-05 00:00:00-04:00,42.50540068491748,43.09341748659914,42.29072737566049,42.981414794921875,3290100,0.0,0.0
2023-05-08 00:00:00-04:00,43.40142938653379,44.110784515262985,41.83337745934149,42.570735931396484,7650300,0.0,0.0
2023-05-09 00:00:00-04:00,41.8707107072466,41.99204902736758,39.61196791657709,40.20932388305664,9329700,0.0,0.0
2023-05-10 00:00:00-04:00,40.43332857190889,41.23602218906839,40.22798735063521,40.918678283691406,7169200,0.0,0.0
2023-05-11 00:00:00-04:00,40.890680938936114,40.94668050407349,40.181322256184366,40.48933410644531,7875700,0.0,0.0
2023-05-12 00:00:00-04:00,40.53600522894633,40.601340434460504,39.462635034639234,39.639976501464844,5003200,0.0,0.0
2023-05-15 00:00:00-04:00,39.73331467552602,40.265331997625225,39.41597069738772,39.96665573120117,3811200,0.0,0.0
2023-05-16 00:00:00-04:00,39.78930997705381,40.76934150584306,39.75197456097582,40.143985748291016,4691200,0.0,0.0
2023-05-17 00:00:00-04:00,40.12533048662817,40.349335911700315,39.66798043964432,39.9293212890625,4206600,0.0,0.0
2023-05-18 00:00:00-04:00,39.75198351821183,40.20933356696793,39.649312881113396,40.162662506103516,3338200,0.0,0.0
2023-05-19 00:00:00-04:00,40.36800118655803,40.470671817059625,39.901319091915745,40.125328063964844,3147800,0.0,0.0
2023-05-22 00:00:00-04:00,40.12532440395258,40.40533292309675,39.602639223849046,39.742645263671875,3625900,0.0,0.0
2023-05-23 00:00:00-04:00,39.76130754653131,40.36799560995663,39.35996071574251,39.667972564697266,3967700,0.0,0.0
2023-05-24 00:00:00-04:00,39.49063874017057,39.57464165666899,39.0239566619575,39.313297271728516,4319300,0.0,0.0
2023-05-25 00:00:00-04:00,38.762611647737195,38.85595019816555,38.267929792222645,38.58527374267578,3966400,0.0,0.0
2023-05-26 00:00:00-04:00,38.69727492508124,38.883948458115455,38.165257670259685,38.538604736328125,2695100,0.0,0.0
2023-05-30 00:00:00-04:00,38.37059713893101,38.37059713893101,37.54923576784954,37.642574310302734,9412000,0.0,0.0
2023-05-31 00:00:00-04:00,37.53057405556436,38.2212651380634,37.259897579956494,38.006591796875,12626500,0.0,0.0
2023-06-01 00:00:00-04:00,38.138201362290935,38.85264836069766,37.8091820775255,38.75864028930664,3516700,0.29,0.0
2023-06-02 00:00:00-04:00,39.14405806827147,39.209861914552064,38.3732099380925,38.85264205932617,3666300,0.0,0.0
2023-06-05 00:00:00-04:00,38.93724092219688,39.24746210444155,38.64582493576867,39.15345764160156,2479200,0.0,0.0
2023-06-06 00:00:00-04:00,39.01244684709118,39.04064746836339,38.39200807682001,38.50481414794922,3132500,0.0,0.0
2023-06-07 00:00:00-04:00,38.71163408897598,39.68929641524445,38.48601832674445,39.61408996582031,4682200,0.0,0.0
2023-06-08 00:00:00-04:00,39.71749506991443,39.83970375114403,38.20399941774408,38.86204147338867,4973300,0.0,0.0
2023-06-09 00:00:00-04:00,39.050055160777845,39.68929562397519,38.76803815314155,39.454280853271484,3477100,0.0,0.0
2023-06-12 00:00:00-04:00,39.60468526665609,40.56354584290584,39.46367498725099,40.14991760253906,3086200,0.0,0.0
2023-06-13 00:00:00-04:00,40.319128699449045,41.108778378668255,40.23452324860269,40.86436462402344,3956900,0.0,0.0
2023-06-14 00:00:00-04:00,41.53181234004462,41.804430346358025,40.8455696105957,40.8455696105957,5805500,0.0,0.0
2023-06-15 00:00:00-04:00,40.77976667562494,41.91723737934935,40.71396282242046,41.79502868652344,4353900,0.0,0.0
2023-06-16 00:00:00-04:00,42.462469233683194,42.80089109467122,42.105249345787826,42.641082763671875,7918400,0.0,0.0
2023-06-20 00:00:00-04:00,42.0394396111759,42.866688948904866,41.7856232509498,42.24625015258789,5599600,0.0,0.0
2023-06-21 00:00:00-04:00,42.13343914505699,42.19924298044589,41.353192131428564,42.15224075317383,3422100,0.0,0.0
2023-06-22 00:00:00-04:00,42.35906781221371,42.78209157308689,42.12405301793253,42.53767776489258,4618000,0.0,0.0
2023-06-23 00:00:00-04:00,42.31204771829521,42.603467255921615,42.11463621830956,42.34025192260742,12036700,0.0,0.0
2023-06-26 00:00:00-04:00,42.19924783273777,42.32145650652939,41.230988212645435,42.03003692626953,3958900,0.0,0.0
2023-06-27 00:00:00-04:00,42.01124330858197,42.84789898797683,41.578816948023615,42.678688049316406,4666800,0.0,0.0
2023-06-28 00:00:00-04:00,42.65988184304046,42.65988184304046,42.152249081706834,42.377864837646484,3311600,0.0,0.0
2023-06-29 00:00:00-04:00,41.96423649148707,42.23685448360916,41.324996034254966,42.0206413269043,4764900,0.0,0.0
2023-06-30 00:00:00-04:00,42.37786222043702,43.00770004071745,42.22744933507273,42.8290901184082,4265600,0.0,0.0
2023-07-03 00:00:00-04:00,42.59407689028254,43.0077015817333,41.710419087307656,42.00183868408203,2155900,0.0,0.0
2023-07-05 00:00:00-04:00,42.07703790941446,42.631672845025214,41.597609412685344,42.434261322021484,3972200,0.0,0.0
2023-07-06 00:00:00-04:00,42.11464567934572,43.01710152719352,41.91723413501166,42.876094818115234,6381900,0.0,0.0
2023-07-07 00:00:00-04:00,42.70688734312683,42.9607037431895,42.50947578286955,42.584678649902344,3139400,0.0,0.0
2023-07-10 00:00:00-04:00,42.688080543294106,43.07350460336628,42.41546256308582,42.9136962890625,3243500,0.0,0.0
2023-07-11 00:00:00-04:00,42.89489452489046,43.85375516541071,42.80088647030576,43.27091598510742,3428600,0.0,0.0
2023-07-12 00:00:00-04:00,43.684542892435324,43.91015504432961,43.261515625082914,43.599937438964844,3739900,0.0,0.0
2023-07-13 00:00:00-04:00,43.70335012588891,44.11697484827475,43.70335012588891,43.91956329345703,4110800,0.0,0.0
2023-07-14 00:00:00-04:00,44.05116271972656,44.65279987053149,44.01355950129118,44.05116271972656,4290600,0.0,0.0
2023-07-17 00:00:00-04:00,43.8067564227742,43.994768976279396,43.6657496971762,43.7597541809082,3388800,0.0,0.0
2023-07-18 00:00:00-04:00,43.947765077885094,44.30498855747597,43.63754383838855,44.22978210449219,4561000,0.0,0.0
2023-07-19 00:00:00-04:00,44.370790515025234,45.01943000711182,44.28618505205386,44.98182678222656,6409200,0.0,0.0
2023-07-20 00:00:00-04:00,46.391915319743006,47.20036672245741,45.235643052851785,46.335514068603516,9346700,0.0,0.0
2023-07-21 00:00:00-04:00,46.38251014504181,46.43891497472929,45.43305215456525,45.64926528930664,6256900,0.0,0.0
2023-07-24 00:00:00-04:00,45.348443917142625,45.921876846555506,44.878414456743734,45.386043548583984,4583200,0.0,0.0
2023-07-25 00:00:00-04:00,45.13223797387748,46.33551611799301,45.0476325073853,45.87488555908203,4918700,0.0,0.0
2023-07-26 00:00:00-04:00,45.733867443391006,46.128690464615254,45.639859400689886,46.01588439941406,6713400,0.0,0.0
2023-07-27 00:00:00-04:00,44.39898266850276,44.86901213175522,42.321453301576526,42.75387954711914,11084300,0.0,0.0
2023-07-28 00:00:00-04:00,42.83849300258442,44.66220636997195,42.077043838788356,44.192176818847656,9516600,0.0,0.0
2023-07-31 00:00:00-04:00,44.13577009560472,44.361382243988956,42.17104667205982,42.51886749267578,11976800,0.0,0.0
2023-08-01 00:00:00-04:00,42.58467124425839,42.75388214820705,42.086441130432,42.30265426635742,6711600,0.0,0.0
2023-08-02 00:00:00-04:00,42.06763809686308,42.161642557635474,41.014773074842935,41.27798843383789,5458500,0.0,0.0
2023-08-03 00:00:00-04:00,41.080585930333385,41.362602960583686,40.94897822195264,41.30619812011719,3376700,0.0,0.0
2023-08-04 00:00:00-04:00,41.268593637355394,41.94543371333785,41.13698235837481,41.287391662597656,4074100,0.0,0.0
2023-08-07 00:00:00-04:00,41.20278995216143,41.65401786659616,40.836163909770065,40.930171966552734,3120000,0.0,0.0
2023-08-08 00:00:00-04:00,40.657553439430735,40.770359520026794,39.7456950240076,40.20632553100586,3482100,0.0,0.0
2023-08-09 00:00:00-04:00,40.25333061574174,40.695159542915974,40.12172291472156,40.40373992919922,4146200,0.0,0.0
2023-08-10 00:00:00-04:00,40.38493513380825,40.83616303861699,40.27212905411622,40.41313934326172,3113800,0.0,0.0
2023-08-11 00:00:00-04:00,40.27213393450334,40.76096512046207,40.12172461467304,40.64815902709961,2624200,0.0,0.0
2023-08-14 00:00:00-04:00,40.65755167016637,40.751556135565586,40.20632378137724,40.243927001953125,2745600,0.0,0.0
2023-08-15 00:00:00-04:00,40.04651531899606,40.10292015469386,39.62349160240532,39.811500549316406,2806800,0.0,0.0
2023-08-16 00:00:00-04:00,39.65169032098707,39.94310991235459,39.52008263006001,39.55768585205078,2919200,0.0,0.0
2023-08-17 00:00:00-04:00,39.56708342956712,39.73629433634826,39.012448476460165,39.24746322631836,3325500,0.0,0.0
2023-08-18 00:00:00-04:00,39.050057541627794,39.50128549856501,39.03125592850028,39.285072326660156,3956300,0.0,0.0
2023-08-21 00:00:00-04:00,39.53888154523687,39.68929083690419,39.21926135218876,39.510677337646484,3121300,0.0,0.0
2023-08-22 00:00:00-04:00,39.38847798681752,39.48248246302742,38.213404103989326,39.11585998535156,3606900,0.0,0.0
2023-08-23 00:00:00-04:00,39.37907677246802,39.717498636390815,38.786838510603125,38.92784881591797,3156100,0.0,0.0
2023-08-24 00:00:00-04:00,38.8620398085653,39.37907154940794,38.47661575600545,38.97484588623047,2200600,0.0,0.0
2023-08-25 00:00:00-04:00,39.00305359019582,39.29446961578101,38.73043559087216,39.040653228759766,3903000,0.0,0.0
2023-08-28 00:00:00-04:00,39.34146656728154,39.81149605356228,38.90904030055296,39.15345764160156,2453600,0.0,0.0
2023-08-29 00:00:00-04:00,39.34146644534762,39.89610138088149,39.14405492237126,39.79269790649414,2348300,0.0,0.0
2023-08-30 00:00:00-04:00,39.858506545765124,40.055918092506445,39.38847700435771,39.454280853271484,2088200,0.0,0.0
2023-08-31 00:00:00-04:00,39.58681036100411,39.58681036100411,38.41302842319195,38.43195724487305,3672500,0.29,0.0
2023-09-01 00:00:00-04:00,38.6970076913083,38.85792795254371,38.337298692498365,38.43195724487305,2548900,0.0,0.0
2023-09-05 00:00:00-04:00,38.2804953131418,38.2804953131418,36.56715195479696,36.907928466796875,5005200,0.0,0.0
2023-09-06 00:00:00-04:00,36.76593337684326,37.67466824406494,35.96132505688494,37.52321243286133,7249800,0.0,0.0
2023-09-07 00:00:00-04:00,37.54214481757587,37.78825915637769,36.7280684791684,36.88899230957031,5980400,0.0,0.0
2023-09-08 00:00:00-04:00,36.88898995883267,36.90792238537886,36.21690145491168,36.60500717163086,2449900,0.0,0.0
2023-09-11 00:00:00-04:00,36.851128918792874,37.04991400160988,36.51035242768286,36.6334114074707,2790700,0.0,0.0
2023-09-12 00:00:00-04:00,36.860591585379275,36.90792445990082,36.17904224636335,36.28316879272461,2127900,0.0,0.0
2023-09-13 00:00:00-04:00,36.18850614442459,37.04044731992153,36.18850614442459,37.021514892578125,3529800,0.0,0.0
2023-09-14 00:00:00-04:00,37.20136736557544,37.2960295018592,36.728067517130484,37.05937957763672,3233500,0.0,0.0
2023-09-15 00:00:00-04:00,37.22030403180199,37.494818841802086,36.907927973967695,36.99312210083008,6595100,0.0,0.0
2023-09-18 00:00:00-04:00,36.945783373477056,37.049909913269694,36.51034839888158,36.66180419921875,3291800,0.0,0.0
2023-09-19 00:00:00-04:00,36.54821955372393,36.89846047533485,36.40622813661564,36.8795280456543,3682000,0.0,0.0
2023-09-20 00:00:00-04:00,37.14457357327195,37.17297040856854,36.25476755007216,36.41569137573242,3122200,0.0,0.0
2023-09-21 00:00:00-04:00,36.207440226067106,36.396760897159865,35.9518578617406,36.07491683959961,3970500,0.0,0.0
2023-09-22 00:00:00-04:00,35.980253136809694,36.09384770112957,35.42175916737317,35.68680953979492,4388600,0.0,0.0
2023-09-25 00:00:00-04:00,35.59214845794719,35.67734257821692,35.37443095303374,35.49748992919922,2949300,0.0,0.0
2023-09-26 00:00:00-04:00,35.34603890634348,35.48803032969808,35.21351550374154,35.32710647583008,4231600,0.0,0.0
2023-09-27 00:00:00-04:00,35.4028324340024,35.63001435402644,35.07152035172936,35.336570739746094,3639300,0.0,0.0
2023-09-28 00:00:00-04:00,35.50695416697683,35.77200454598144,35.38389880239435,35.53535461425781,4066100,0.0,0.0
2023-09-29 00:00:00-04:00,35.77200348759964,35.9045268676853,35.355497309054684,35.724674224853516,3609800,0.0,0.0
2023-10-02 00:00:00-04:00,35.45016140930547,35.68681134713663,35.24190830849678,35.355499267578125,3953400,0.0,0.0
2023-10-03 00:00:00-04:00,35.22297521651624,35.39336345742371,34.702346085295154,34.81593704223633,5685300,0.0,0.0
2023-10-04 00:00:00-04:00,34.92005881220777,35.06205019719766,34.70234133661661,34.98632049560547,3686600,0.0,0.0
2023-10-05 00:00:00-04:00,35.0052602938167,35.21351340606659,34.82540763114104,35.04312515258789,5590300,0.0,0.0
2023-10-06 00:00:00-04:00,34.797001675740674,35.06205203420923,34.626617060213114,34.66447830200195,6766200,0.0,0.0
2023-10-09 00:00:00-04:00,34.42783303862214,34.569824450229525,34.087056539557686,34.54142761230469,6186400,0.0,0.0
2023-10-10 00:00:00-04:00,34.74021557388209,35.36497133685689,34.40890345638533,35.32710647583008,5493500,0.0,0.0
2023-10-11 00:00:00-04:00,33.888269154220225,34.34263658516609,30.575170143955848,30.991676330566406,19699700,0.0,0.0
2023-10-12 00:00:00-04:00,31.237790442107908,31.54070206054601,29.940948044487154,30.01667594909668,18394900,0.0,0.0
2023-10-13 00:00:00-04:00,29.86522138148024,30.47104464354266,29.789493473722437,30.13973617553711,6349200,0.0,0.0
2023-10-16 00:00:00-04:00,30.139733475864436,30.62249771614349,29.35405582619096,30.27225685119629,8613100,0.0,0.0
2023-10-17 00:00:00-04:00,29.950415503394733,30.840221579166453,29.647503872363526,30.13973617553711,6261200,0.0,0.0
2023-10-18 00:00:00-04:00,30.111336394683086,30.68876099244541,29.969346798692207,30.34798812866211,7611500,0.0,0.0
2023-10-19 00:00:00-04:00,30.31958843055827,31.464976857058225,30.00721239496114,30.86861801147461,6037100,0.0,0.0
2023-10-20 00:00:00-04:00,30.840218729929106,31.3703122297642,30.811818284587126,30.9443416595459,5810800,0.0,0.0
2023-10-23 00:00:00-04:00,30.764490044046113,31.228325482777116,30.764490044046113,31.09579849243164,4269400,0.0,0.0
2023-10-24 00:00:00-04:00,31.162059864071608,31.4365746390701,30.755025322062657,30.830751419067383,4201400,0.0,0.0
2023-10-25 00:00:00-04:00,30.660365443987743,30.688762281080916,30.17759935295065,30.44264793395996,4167100,0.0,0.0
2023-10-26 00:00:00-04:00,30.29119246963495,30.925412578691997,30.187065917761934,30.7171630859375,5123100,0.0,0.0
2023-10-27 00:00:00-04:00,30.93488023919336,31.020074361464363,30.3479894029884,30.44264793395996,4608900,0.0,0.0
2023-10-30 00:00:00-04:00,30.717161525494433,30.821288072077785,30.05454100168423,30.329055786132812,4730000,0.0,0.0
2023-10-31 00:00:00-04:00,30.35745236323513,30.755026118527418,30.34798795498615,30.69822883605957,5732000,0.0,0.0
2023-11-01 00:00:00-04:00,30.717163122081413,31.09580086180246,30.499445609268715,31.03900718688965,5278500,0.0,0.0
2023-11-02 00:00:00-04:00,31.124199009124432,32.69555435971999,30.55623702504706,32.42103958129883,8537600,0.0,0.0
2023-11-03 00:00:00-04:00,33.216185055042516,33.396037705869716,31.71109132246212,32.14652633666992,6502400,0.0,0.0
2023-11-06 00:00:00-05:00,32.24118573409035,32.752346806367505,32.03293265327931,32.648223876953125,4231500,0.0,0.0
2023-11-07 00:00:00-05:00,32.61035657179852,32.73341552947822,32.33584182427873,32.38317108154297,4745000,0.0,0.0
2023-11-08 00:00:00-05:00,32.61982571419561,32.61982571419561,32.02347048631124,32.231719970703125,3910700,0.0,0.0
2023-11-09 00:00:00-05:00,32.13706259268033,32.26012157262873,31.05793944341837,31.076871871948242,4905000,0.0,0.0
2023-11-10 00:00:00-05:00,31.23778628536121,31.23778628536121,30.783418918165765,31.067398071289062,4841500,0.0,0.0
2023-11-13 00:00:00-05:00,31.49337140816819,32.30744770093641,31.247253472173018,31.909873962402344,9132800,0.0,0.0
2023-11-14 00:00:00-05:00,32.184385260675434,32.875402510894574,32.184385260675434,32.51569366455078,4244400,0.0,0.0
2023-11-15 00:00:00-05:00,32.50623556343244,33.4433709048838,32.449438278468534,33.4244384765625,5844500,0.0,0.0
2023-11-16 00:00:00-05:00,33.405505247621264,33.65161958791669,33.14992288789636,33.55696105957031,5426800,0.0,0.0
2023-11-17 00:00:00-05:00,33.75574599035535,33.831475701499514,33.38657267600601,33.56642532348633,4437200,0.0,0.0
2023-11-20 00:00:00-05:00,33.60428929628257,33.954530173645146,33.329774517083486,33.71788024902344,3717500,0.0,0.0
2023-11-21 00:00:00-05:00,33.85040711055389,33.916672418375306,33.65162202006459,33.79361343383789,2688400,0.0,0.0
2023-11-22 00:00:00-05:00,34.030266161114575,34.05866300179097,33.822013033509215,33.95453643798828,2403400,0.0,0.0
2023-11-24 00:00:00-05:00,33.90720261351008,34.30477638455349,33.90720261351008,34.09652328491211,1289400,0.0,0.0
2023-11-27 00:00:00-05:00,34.01132686929735,34.55088839925575,33.99239444233498,34.47515869140625,3529400,0.0,0.0
2023-11-28 00:00:00-05:00,34.39943313598633,34.60768622485907,34.19118004711358,34.39943313598633,2636100,0.0,0.0
2023-11-29 00:00:00-05:00,34.408897290276855,34.86326831919106,34.33317119278532,34.45623016357422,2890300,0.0,0.0
2023-11-30 00:00:00-05:00,34.513479347850655,34.73294897769099,34.265388467148966,34.42760467529297,5290200,0.29,0.0
2023-12-01 00:00:00-05:00,34.44669550141928,34.990590425337,34.30356736564698,34.8760871887207,4206900,0.0,0.0
2023-12-04 00:00:00-05:00,34.60890394863684,35.47722754706179,34.51348157299092,35.20050811767578,3930700,0.0,0.0
2023-12-05 00:00:00-05:00,35.00967401623628,35.1146368304674,34.08410044709096,34.16043472290039,3015700,0.0,0.0
2023-12-06 00:00:00-05:00,34.20813932873317,34.47531835677894,33.98867331140419,34.28447723388672,3338700,0.0,0.0
2023-12-07 00:00:00-05:00,34.41805885697347,34.90470381650977,34.26538671358759,34.856990814208984,3973800,0.0,0.0
2023-12-08 00:00:00-05:00,34.952416498067116,34.99058180754468,34.42760618283912,34.49440002441406,3086500,0.0,0.0
2023-12-11 00:00:00-05:00,34.542115071721696,34.81883454089103,34.42761184447617,34.752037048339844,3452800,0.0,0.0
2023-12-12 00:00:00-05:00,34.93333598995424,35.10509264207573,34.31310323062753,35.00967025756836,3783500,0.0,0.0
2023-12-13 00:00:00-05:00,34.89516465871846,35.944785336845705,34.7424924939001,35.906620025634766,3886800,0.0,0.0
2023-12-14 00:00:00-05:00,36.51730682083917,37.41425528836227,36.393259555759045,37.16616439819336,6347000,0.0,0.0
2023-12-15 00:00:00-05:00,36.97532166916561,37.376084698771116,36.74631162368304,36.9276123046875,6879700,0.0,0.0
2023-12-18 00:00:00-05:00,37.070743877891395,37.070743877891395,36.565018014967684,36.574562072753906,2721400,0.0,0.0
2023-12-19 00:00:00-05:00,36.68905773756133,36.94669264490852,36.52684154849497,36.91806411743164,2196900,0.0,0.0
2023-12-20 00:00:00-05:00,36.93715425749623,37.09937047145644,36.72723231706542,36.832191467285156,4702400,0.0,0.0
2023-12-21 00:00:00-05:00,36.93716102593881,37.22342091715666,36.38372572158324,37.12800216674805,5045500,0.0,0.0
2023-12-22 00:00:00-05:00,37.3570045511889,37.65280480038146,36.54593078019763,36.62226867675781,4402800,0.0,0.0
2023-12-26 00:00:00-05:00,36.51730645777129,37.05166082204181,36.45051261723639,36.8131103515625,2396200,0.0,0.0
2023-12-27 00:00:00-05:00,36.584098150757676,36.98486117044161,36.536388787460695,36.889442443847656,2889200,0.0,0.0
2023-12-28 00:00:00-05:00,36.87036478203715,37.18525318995431,36.65089875833357,37.02303695678711,2368800,0.0,0.0
2023-12-29 00:00:00-05:00,36.94669586379869,37.20433079359169,36.832189023896625,36.889442443847656,2475600,0.0,0.0
2024-01-02 00:00:00-05:00,36.708157002600316,37.97724393913312,36.55548480782963,37.07075119018555,5707000,0.0,0.0
2024-01-03 00:00:00-05:00,36.83219282724002,37.09937184127636,36.30738249679842,36.38372039794922,4911700,0.0,0.0
2024-01-04 00:00:00-05:00,36.41235224472826,37.185257261523915,36.21197067592678,36.8608283996582,4271400,0.0,0.0
2024-01-05 00:00:00-05:00,36.717689041192436,37.83410716811609,36.62227030623788,37.366546630859375,3453700,0.0,0.0
2024-01-08 00:00:00-05:00,37.566930295425685,40.30549255231234,37.423802184851354,38.80739212036133,11038200,0.0,0.0
2024-01-09 00:00:00-05:00,38.59746622942782,39.35128657759011,38.52112833290904,38.797847747802734,4144500,0.0,0.0
2024-01-10 00:00:00-05:00,38.84555673401037,38.94097910372754,38.28257749264828,38.444793701171875,2353400,0.0,0.0
2024-01-11 00:00:00-05:00,38.39708269897126,38.51158589775799,37.96769115353222,38.206241607666016,2459700,0.0,0.0
2024-01-12 00:00:00-05:00,38.406626033782956,38.559298190429395,38.02494382217119,38.16807556152344,2910800,0.0,0.0
2024-01-16 00:00:00-05:00,37.86272572784535,37.90089467143976,37.15661483131194,37.26157760620117,4272800,0.0,0.0
2024-01-17 00:00:00-05:00,37.04211136318935,37.36654010133128,36.79402051166471,36.91806411743164,4003300,0.0,0.0
2024-01-18 00:00:00-05:00,36.746314619716294,37.07074342060669,36.269213656053445,37.06120300292969,3508500,0.0,0.0
2024-01-19 00:00:00-05:00,37.09937047145644,37.09937047145644,36.5745601603924,36.832191467285156,2790200,0.0,0.0
2024-01-22 00:00:00-05:00,36.93715699181099,37.4619673417247,36.813113357825735,36.94670104980469,2799000,0.0,0.0
2024-01-23 00:00:00-05:00,37.16616419781211,37.232958038650985,36.45051278311737,36.66043472290039,1882900,0.0,0.0
2024-01-24 00:00:00-05:00,36.545931347633044,36.82265076697334,36.13562424722952,36.14516830444336,2073800,0.0,0.0
2024-01-25 00:00:00-05:00,36.469602087212465,37.22341891079012,36.40280823752827,37.20433807373047,2840700,0.0,0.0
2024-01-26 00:00:00-05:00,37.41425177913609,37.519214559744306,36.86081662682593,37.01348876953125,2228900,0.0,0.0
2024-01-29 00:00:00-05:00,36.84173845023678,37.566930342024484,36.71769117559186,37.29021453857422,3052800,0.0,0.0
2024-01-30 00:00:00-05:00,37.376084698771116,37.376084698771116,36.870358883319064,36.9276123046875,2026600,0.0,0.0
2024-01-31 00:00:00-05:00,37.21386796808748,37.58600606536983,36.84172987080513,36.91806411743164,3080700,0.0,0.0
2024-02-01 00:00:00-05:00,36.79402752736473,37.71006050149212,36.679520675605204,37.395172119140625,2862100,0.0,0.0
2024-02-02 00:00:00-05:00,37.24250307340181,37.471513156093955,36.68906780354942,37.194793701171875,2688400,0.0,0.0
2024-02-05 00:00:00-05:00,36.92761615699881,37.37608859786734,36.75585951496692,36.76539993286133,2609800,0.0,0.0
2024-02-06 00:00:00-05:00,36.77494292113075,37.9104418971003,36.71768949545484,37.891357421875,3651900,0.0,0.0
2024-02-07 00:00:00-05:00,37.977232446382935,38.063110757452286,37.29975001460868,37.57646942138672,5802200,0.0,0.0
2024-02-08 00:00:00-05:00,37.213875919190265,39.41808372633927,36.36463676907406,38.60700988769531,7956200,0.0,0.0
2024-02-09 00:00:00-05:00,38.645178169514345,38.645178169514345,37.00394968492535,37.738685607910156,4745100,0.0,0.0
2024-02-12 00:00:00-05:00,37.87226709627403,38.50204012145804,37.366541320896374,38.46387481689453,3560500,0.0,0.0
2024-02-13 00:00:00-05:00,38.19671132669953,38.587934066973276,37.29022218605984,37.80548858642578,3567800,0.0,0.0
2024-02-14 00:00:00-05:00,37.929528687601696,38.16807918249227,37.671893716320874,37.82456588745117,4198700,0.0,0.0
2024-02-15 00:00:00-05:00,37.929526354164,39.37036965306556,37.929526354164,39.065025329589844,6525600,0.0,0.0
2024-02-16 00:00:00-05:00,39.03639144426102,39.95242420366905,38.90280378851284,39.33219528198242,5250000,0.0,0.0
2024-02-20 00:00:00-05:00,39.274953721404664,40.12419290921089,39.16045050192303,39.857017517089844,5002700,0.0,0.0
2024-02-21 00:00:00-05:00,39.76159362461779,40.3436573982045,39.475333766785916,40.29594802856445,3910400,0.0,0.0
2024-02-22 00:00:00-05:00,40.14327484945913,40.20052827557843,39.36082955911959,40.086021423339844,4115900,0.0,0.0
2024-02-23 00:00:00-05:00,40.06694090182747,40.90663598487267,39.713883564646686,40.60129165649414,3262600,0.0,0.0
2024-02-26 00:00:00-05:00,40.49632840224374,40.59175077877548,39.89518381005543,40.076480865478516,2346200,0.0,0.0
2024-02-27 00:00:00-05:00,40.00013963269104,40.2482341510186,39.65663002576169,39.933345794677734,2137600,0.0,0.0
2024-02-28 00:00:00-05:00,39.73296190534205,39.74250596162549,39.27494548349266,39.6566276550293,2792000,0.0,0.0
2024-02-29 00:00:00-05:00,39.78155108358336,39.78155108358336,39.02243367733197,39.3203125,5249100,0.29,0.0
2024-03-01 00:00:00-05:00,39.320306110142695,39.59896997331488,38.695718863852186,39.40678787231445,2825000,0.0,0.0
2024-03-04 00:00:00-05:00,39.39718995935777,40.97307697124094,39.24344497443184,40.83855056762695,6431100,0.0,0.0
2024-03-05 00:00:00-05:00,41.85710821397087,42.212642760405714,40.58871132859925,40.7520637512207,6879200,0.0,0.0
2024-03-06 00:00:00-05:00,40.790500393659904,41.33821705698708,40.42535472958542,41.309391021728516,3445700,0.0,0.0
2024-03-07 00:00:00-05:00,41.60727364605929,41.972419343644724,41.35743943122888,41.78984832763672,3949700,0.0,0.0
2024-03-08 00:00:00-05:00,41.68414200962038,42.28951071249133,41.5976602427004,42.058895111083984,2816300,0.0,0.0
2024-03-11 00:00:00-04:00,41.9435913841617,42.25108132628245,41.684146058203076,41.780235290527344,1973200,0.0,0.0
2024-03-12 00:00:00-04:00,41.56883334532399,41.67453369708087,41.14603560386562,41.21329879760742,3648600,0.0,0.0
2024-03-13 00:00:00-04:00,41.28056555453855,41.65531871360999,40.71363025437242,41.011512756347656,3852000,0.0,0.0
2024-03-14 00:00:00-04:00,40.742449686614876,40.97306526533265,40.04098449862959,40.37730407714844,3795700,0.0,0.0
2024-03-15 00:00:00-04:00,39.69506606036128,40.27160874432622,39.685454938472766,39.98333740234375,5489400,0.0,0.0
2024-03-18 00:00:00-04:00,40.01216589152226,40.290829794280576,39.627805300489015,39.91607666015625,2697300,0.0,0.0
2024-03-19 00:00:00-04:00,39.925686683050294,40.33887700250405,39.8199863224129,40.31005096435547,3372300,0.0,0.0
2024-03-20 00:00:00-04:00,40.281218403722505,40.50223023241802,39.95451355302468,40.194740295410156,2059700,0.0,0.0
2024-03-21 00:00:00-04:00,40.33887263440644,40.694407173494504,39.85841916758564,40.367698669433594,3736100,0.0,0.0
2024-03-22 00:00:00-04:00,40.42535303605119,40.56949053744383,39.96411816339124,40.30043411254883,2060500,0.0,0.0
2024-03-25 00:00:00-04:00,40.50222665604502,40.675190188535296,39.93529144745329,40.15629959106445,4388200,0.0,0.0
2024-03-26 00:00:00-04:00,40.204348019823485,40.28121867180244,39.63741275739793,39.91607666015625,4566400,0.0,0.0
2024-03-27 00:00:00-04:00,40.213956144254425,41.117211062592794,40.10825945422501,41.0211181640625,4168600,0.0,0.0
2024-03-28 00:00:00-04:00,41.06916809082031,41.43431012315054,40.94424915051291,41.06916809082031,3951700,0.0,0.0
2024-04-01 00:00:00-04:00,41.79945522968726,42.27030128075725,41.367046339024895,41.84749984741211,4552700,0.0,0.0
2024-04-02 00:00:00-04:00,41.29977661503431,41.61687763993585,41.0115052886676,41.232513427734375,2900600,0.0,0.0
2024-04-03 00:00:00-04:00,41.28056091730319,42.01085223831213,41.07877134132798,41.588050842285156,2544700,0.0,0.0
2024-04-04 00:00:00-04:00,41.8763290320346,41.991636846260484,40.723239893067735,40.96346664428711,3126300,0.0,0.0
2024-04-05 00:00:00-04:00,40.790501183457565,41.126817153216244,40.723237989505826,40.953853607177734,2970200,0.0,0.0
2024-04-08 00:00:00-04:00,40.886591368936934,41.107599535025656,40.45418249373324,40.59832000732422,2397900,0.0,0.0
2024-04-09 00:00:00-04:00,40.75206444440216,41.18447331394517,40.52144515878949,41.15564727783203,2773000,0.0,0.0
2024-04-10 00:00:00-04:00,40.588712550350465,40.617538586840965,39.71428734296933,40.35809326171875,3615400,0.0,0.0
2024-04-11 00:00:00-04:00,40.780890049823455,40.81932720794783,40.06020983005269,40.4734001159668,3060600,0.0,0.0
2024-04-12 00:00:00-04:00,40.108254553468136,40.2619995067615,38.638064542933435,38.75337600708008,4126900,0.0,0.0
2024-04-15 00:00:00-04:00,39.118522100765176,39.25304849087126,38.263315478888615,38.47471618652344,3062100,0.0,0.0
2024-04-16 00:00:00-04:00,38.436276816878525,38.48432142978582,37.81168585237665,38.02308654785156,2658800,0.0,0.0
2024-04-17 00:00:00-04:00,38.15761908993298,38.29214549401736,37.917392321048126,37.97504806518555,2809400,0.0,0.0
2024-04-18 00:00:00-04:00,38.18644974210972,38.18644974210972,37.754040814275946,38.09996795654297,2332100,0.0,0.0
2024-04-19 00:00:00-04:00,38.36901059244455,38.5131480853407,37.85012001670086,37.92699432373047,2808400,0.0,0.0
2024-04-22 00:00:00-04:00,38.224879397726724,39.224223560357714,37.98465264703097,38.82064437866211,3272900,0.0,0.0
2024-04-23 00:00:00-04:00,38.82063966637491,39.570145864583836,38.67650216722602,39.41640090942383,2646300,0.0,0.0
2024-04-24 00:00:00-04:00,39.18579181524438,39.45484830578928,38.95517615542855,39.32992935180664,2161900,0.0,0.0
2024-04-25 00:00:00-04:00,39.15696739813464,39.19540456488801,38.215278806096975,38.65729522705078,3568000,0.0,0.0
2024-04-26 00:00:00-04:00,38.638073664940244,38.83986327648385,38.40745801333889,38.56120300292969,2013200,0.0,0.0
2024-04-29 00:00:00-04:00,38.6092417673407,39.358748019689436,38.50354141573887,39.0512580871582,3263000,0.0,0.0
2024-04-30 00:00:00-04:00,38.72454970286441,39.11852140931239,38.484322963187125,38.791812896728516,3465100,0.0,0.0
2024-05-01 00:00:00-04:00,38.56119945123177,39.10891615529939,38.397843352954595,38.76298904418945,3358200,0.0,0.0
2024-05-02 00:00:00-04:00,37.57146024701688,37.61950852693156,34.78483229371361,35.46707534790039,10810800,0.0,0.0
2024-05-03 00:00:00-04:00,35.77456541365808,35.96674753733611,35.073103777967034,35.44785690307617,6246800,0.0,0.0
2024-05-06 00:00:00-04:00,35.60160475716668,35.649649375591636,34.86170590360021,35.08271408081055,5784400,0.0,0.0
2024-05-07 00:00:00-04:00,35.332549209010566,35.370986366983914,34.563824377389174,34.70795822143555,5717600,0.0,0.0
2024-05-08 00:00:00-04:00,34.58304006990714,34.79443708997809,34.31398365211956,34.352420806884766,5194200,0.0,0.0
2024-05-09 00:00:00-04:00,34.352426927326675,34.54460906982422,34.17946336563583,34.54460906982422,5067900,0.0,0.0
2024-05-10 00:00:00-04:00,34.22750609079285,34.73678929006415,34.16024289447633,34.294769287109375,3963000,0.0,0.0
2024-05-13 00:00:00-04:00,34.30437863383953,34.669524298918084,34.0064961615953,34.0449333190918,4461700,0.0,0.0
2024-05-14 00:00:00-04:00,34.08337390211979,34.36203415805328,33.57409067802867,33.86236572265625,4472900,0.0,0.0
2024-05-15 00:00:00-04:00,33.97767012625747,34.179459704760454,33.862362319337066,34.0449333190918,4906900,0.0,0.0
2024-05-16 00:00:00-04:00,34.092972143336006,34.18906502075828,33.74704511575279,33.79508972167969,5884000,0.0,0.0
2024-05-17 00:00:00-04:00,33.80470412772509,34.05453830216772,33.516432798577796,33.87196731567383,3583400,0.0,0.0
2024-05-20 00:00:00-04:00,33.823930213283546,33.95845661904308,33.55487373619484,33.65096664428711,2307400,0.0,0.0
2024-05-21 00:00:00-04:00,33.65096144347581,33.7278320924995,33.07441508073732,33.10324478149414,4961100,0.0,0.0
2024-05-22 00:00:00-04:00,33.0359822587143,33.34347219218063,33.00715255737305,33.00715255737305,2781300,0.0,0.0
2024-05-23 00:00:00-04:00,32.709270742192,32.86301569480523,32.26725446162506,32.670833587646484,6329300,0.0,0.0
2024-05-24 00:00:00-04:00,33.01677306917937,33.0455991131492,32.45944511529476,32.57475662231445,4982200,0.0,0.0
2024-05-28 00:00:00-04:00,32.44021729330847,32.757318348961526,32.209601676078194,32.52669906616211,3571400,0.0,0.0
2024-05-29 00:00:00-04:00,32.38256645101773,32.545918880625884,31.85406833710348,31.892501831054688,4258800,0.0,0.0
2024-05-30 00:00:00-04:00,31.709932841701818,32.26726069354449,31.709932841701818,32.12312316894531,3888200,0.0,0.0
2024-05-31 00:00:00-04:00,32.210356212011654,33.06335495596032,32.181277927919304,33.043968200683594,5923100,0.29,0.0
2024-06-03 00:00:00-04:00,32.85980934727428,33.325080519389836,32.67563696617985,33.03428649902344,4443500,0.0,0.0
2024-06-04 00:00:00-04:00,32.95673136569029,33.11182171832889,32.22005311506837,32.2782096862793,5622200,0.0,0.0
2024-06-05 00:00:00-04:00,32.24913210985526,32.24913210985526,31.754779057817153,32.17158508300781,7123300,0.0,0.0
2024-06-06 00:00:00-04:00,32.13281789343072,32.50115520812289,31.948645538438576,32.29759979248047,4845900,0.0,0.0
2024-06-07 00:00:00-04:00,32.13281793011302,32.384838392960944,31.87110223928283,32.14250946044922,5069500,0.0,0.0
2024-06-10 00:00:00-04:00,32.064959211244656,32.113424247768165,31.686923052012652,31.880786895751953,4333600,0.0,0.0
2024-06-11 00:00:00-04:00,31.832326132656558,31.880791175686404,31.483371906608443,31.861404418945312,4440000,0.0,0.0
2024-06-12 00:00:00-04:00,32.1425040180847,32.491458213440076,31.89048359790884,32.28790283203125,4349100,0.0,0.0
2024-06-13 00:00:00-04:00,32.132819276169286,32.75318077776311,31.900181864248495,32.704715728759766,5476800,0.0,0.0
2024-06-14 00:00:00-04:00,32.53023375892615,32.79194942181821,32.384834935882004,32.74348068237305,4085300,0.0,0.0
2024-06-17 00:00:00-04:00,32.481767630985466,33.14090260586028,32.43330258528943,32.8694953918457,4010300,0.0,0.0
2024-06-18 00:00:00-04:00,32.95673061100639,33.11182096009354,32.636854686088505,32.69501495361328,4219500,0.0,0.0
2024-06-20 00:00:00-04:00,32.54961911809925,33.18936725627239,32.47207209643196,32.956729888916016,3964700,0.0,0.0
2024-06-21 00:00:00-04:00,33.04397105853156,33.30568673093398,32.90826745750345,33.23783493041992,6948300,0.0,0.0
2024-06-24 00:00:00-04:00,33.21845050615963,33.315380600087614,32.87918778211956,33.14090347290039,3766600,0.0,0.0
2024-06-25 00:00:00-04:00,33.034281669864825,33.169985279688035,32.801644268992156,32.91796112060547,3642000,0.0,0.0
2024-06-26 00:00:00-04:00,32.62717243686762,32.92766169140959,32.4430037504593,32.85980987548828,3279900,0.0,0.0
2024-06-27 00:00:00-04:00,32.85980370885815,32.85980370885815,32.39452891893255,32.49146270751953,3628000,0.0,0.0
2024-06-28 00:00:00-04:00,32.627162256810855,32.714400806868326,32.08434420115933,32.423606872558594,7320100,0.0,0.0
2024-07-01 00:00:00-04:00,32.47207557484982,33.1312105390465,32.04557800292969,32.04557800292969,4474800,0.0,0.0
2024-07-02 00:00:00-04:00,32.08434896564125,32.258826091665796,31.68692966695111,31.84202003479004,3932200,0.0,0.0
2024-07-03 00:00:00-04:00,31.890488997601295,32.190974507422354,31.72570340071737,32.14250946044922,1988700,0.0,0.0
2024-07-05 00:00:00-04:00,32.25882438608679,34.1199123994011,31.793553307169674,33.838809967041016,11285400,0.0,0.0
2024-07-08 00:00:00-04:00,33.703114967487686,33.800045080386894,32.384844725236434,32.57870864868164,7364000,0.0,0.0
2024-07-09 00:00:00-04:00,32.75317610991505,33.063356816506285,32.355756848492184,32.96642303466797,4687400,0.0,0.0
2024-07-10 00:00:00-04:00,32.85980333532903,33.247527392331705,32.63685747293626,33.19906234741211,2990000,0.0,0.0
2024-07-11 00:00:00-04:00,33.422006030653165,34.30408319979133,33.422006030653165,34.13930130004883,4238600,0.0,0.0
2024-07-12 00:00:00-04:00,34.17806486368516,34.44947573365356,33.945431201021265,34.23622512817383,3670900,0.0,0.0
2024-07-15 00:00:00-04:00,33.150600265729715,33.82912204819289,32.898576093386644,32.92765808105469,3645000,0.0,0.0
2024-07-16 00:00:00-04:00,33.05366128496783,34.478556434874804,32.840414362179615,34.44947814941406,11147600,0.0,0.0
2024-07-17 00:00:00-04:00,34.52702572890845,35.25401253612874,34.37193535794063,34.58518600463867,6069100,0.0,0.0
2024-07-18 00:00:00-04:00,34.43009563367085,35.25401253612874,34.391322116517365,34.58518600463867,5912100,0.0,0.0
2024-07-19 00:00:00-04:00,34.76935298584662,34.76935298584662,34.09083125900683,34.26530838012695,4497400,0.0,0.0
2024-07-22 00:00:00-04:00,34.34284950242797,34.439779576309775,33.88727002036381,34.27499771118164,3177200,0.0,0.0
2024-07-23 00:00:00-04:00,34.323470642513044,34.34285740127742,34.042368186898884,34.187767028808594,4712700,0.0,0.0
2024-07-24 00:00:00-04:00,34.342855961496745,34.52702461556801,34.052061987514634,34.40101623535156,3977900,0.0,0.0
2024-07-25 00:00:00-04:00,34.362240819114895,34.992293778291334,33.99389983369671,34.01328659057617,3403400,0.0,0.0
2024-07-26 00:00:00-04:00,34.26530455131134,34.759657571794484,34.02297565434974,34.42039489746094,3470500,0.0,0.0
2024-07-29 00:00:00-04:00,34.46886861283768,35.089230087026415,34.3428565328787,34.91475296020508,3824900,0.0,0.0
2024-07-30 00:00:00-04:00,34.69181150253403,35.128004328590066,34.67242474385975,34.808128356933594,3242900,0.0,0.0
2024-07-31 00:00:00-04:00,34.80812861101402,35.22493468143823,34.623959948733194,34.720890045166016,5261000,0.0,0.0
2024-08-01 00:00:00-04:00,34.84689942546601,34.972911499170465,33.712798157417666,34.90505599975586,9462800,0.0,0.0
2024-08-02 00:00:00-04:00,34.85659356677174,34.9535273605936,33.83881276634221,34.187767028808594,6025400,0.0,0.0
2024-08-05 00:00:00-04:00,34.1780658434027,34.41070321038056,33.12151170960068,33.577091217041016,6023100,0.0,0.0
2024-08-06 00:00:00-04:00,33.906661220722214,36.50442747595921,32.908267277771806,35.787132263183594,11776700,0.0,0.0
2024-08-07 00:00:00-04:00,36.368726181580996,36.72737196188535,35.40910199383623,35.467262268066406,5157400,0.0,0.0
2024-08-08 00:00:00-04:00,35.554498046343085,36.38811009013263,35.32186066528607,36.27178955078125,3730600,0.0,0.0
2024-08-09 00:00:00-04:00,36.252407346401334,36.53350607901216,35.93253140211361,36.01007843017578,3892900,0.0,0.0
2024-08-12 00:00:00-04:00,36.01007986163502,36.349338878778575,35.7677509357765,35.79682922363281,2839800,0.0,0.0
2024-08-13 00:00:00-04:00,34.410708334378846,35.069843325046236,32.811335904567606,33.45108413696289,9722800,0.0,0.0
2024-08-14 00:00:00-04:00,33.751575495236075,34.53672261589904,33.518941776433465,34.439788818359375,6968700,0.0,0.0
2024-08-15 00:00:00-04:00,34.67242143234653,34.99229367580633,34.48825278899972,34.63364791870117,4298200,0.0,0.0
2024-08-16 00:00:00-04:00,34.70149988764638,35.14738420380079,34.51733124340324,35.011680603027344,2923900,0.0,0.0
2024-08-19 00:00:00-04:00,35.01168387023852,35.37033336020333,34.99229711151236,35.341251373291016,2477000,0.0,0.0
2024-08-20 00:00:00-04:00,35.224928896693584,35.33155420384705,34.8759746906079,35.108612060546875,2947200,0.0,0.0
2024-08-21 00:00:00-04:00,35.2443165852001,35.38002018057077,34.9341358821684,35.06983947753906,2577700,0.0,0.0
2024-08-22 00:00:00-04:00,35.27339702390349,35.602964503199246,35.166771707418704,35.370330810546875,3393200,0.0,0.0
2024-08-23 00:00:00-04:00,35.53510856486659,36.43657233866181,35.42848326079365,36.38810729980469,2702100,0.0,0.0
2024-08-26 00:00:00-04:00,36.46565460883209,37.212028121289976,36.300872719175,36.766143798828125,2397100,0.0,0.0
2024-08-27 00:00:00-04:00,36.775835794656714,36.9503129139435,36.649827417785296,36.74675750732422,2621900,0.0,0.0
2024-08-28 00:00:00-04:00,36.77583604331901,36.93092640621749,36.29117819705555,36.65951919555664,2339900,0.0,0.0
2024-08-29 00:00:00-04:00,36.88246083484318,37.23141507079698,36.455963267369576,36.98908615112305,2353400,0.0,0.0
2024-08-30 00:00:00-04:00,37.07699218713075,37.575130903582185,36.862112252979095,37.057456970214844,4248900,0.29,0.0
2024-09-03 00:00:00-04:00,36.9500195950862,37.506760247307334,36.84257776290989,36.96955108642578,3255400,0.0,0.0
2024-09-04 00:00:00-04:00,36.72536526131058,37.44815337403832,36.51048532992795,36.6569938659668,2640000,0.0,0.0
2024-09-05 00:00:00-04:00,36.69606155269002,38.102563513582545,36.26629799612985,37.91698455810547,6375700,0.0,0.0
2024-09-06 00:00:00-04:00,37.91699102191995,38.56163832963567,37.51652835691415,38.053733825683594,6154900,0.0,0.0
2024-09-09 00:00:00-04:00,38.14163824636233,38.79605498858309,37.70210516964118,38.31745147705078,3392900,0.0,0.0
2024-09-10 00:00:00-04:00,38.317455446480075,38.50303444211519,37.99513364080204,38.29792022705078,4576000,0.0,0.0
2024-09-11 00:00:00-04:00,38.1221027254067,38.43465874948371,37.59466676350281,38.35652160644531,3649300,0.0,0.0
2024-09-12 00:00:00-04:00,38.278379858299544,38.483497771733,37.6435020790827,38.46396255493164,2877300,0.0,0.0
2024-09-13 00:00:00-04:00,38.58117117541076,39.12814608278812,38.551870212395414,38.79605484008789,3239800,0.0,0.0
2024-09-16 00:00:00-04:00,38.95233219766436,39.37233004830874,38.786284716126,39.323490142822266,2617900,0.0,0.0
2024-09-17 00:00:00-04:00,39.22581770583305,39.548143196787365,38.73744845963196,38.88396072387695,2198600,0.0,0.0
2024-09-18 00:00:00-04:00,38.82535478284276,39.11837558318132,38.288149361228456,38.454193115234375,3101200,0.0,0.0
2024-09-19 00:00:00-04:00,38.75698454945881,38.78628551258304,37.721640382848854,37.85838317871094,3340900,0.0,0.0
2024-09-20 00:00:00-04:00,37.60442745697861,37.89744822443815,37.37977807772759,37.594661712646484,5224000,0.0,0.0
2024-09-23 00:00:00-04:00,37.80954887759155,38.31745337744136,37.370015779071345,38.092803955078125,3278800,0.0,0.0
2024-09-24 00:00:00-04:00,38.04396411392039,38.307683947673944,37.946288031440425,38.073265075683594,1754400,0.0,0.0
2024-09-25 00:00:00-04:00,38.25884936879735,38.25884936879735,37.037926112566204,37.448158264160156,3648900,0.0,0.0
2024-09-26 00:00:00-04:00,37.536054255300634,37.9072158633302,37.52628478547929,37.809539794921875,2558700,0.0,0.0
2024-09-27 00:00:00-04:00,38.06349990696748,38.649541506877824,37.70210398525987,38.0048942565918,2662600,0.0,0.0
2024-09-30 00:00:00-04:00,36.87187781556195,37.24303948319978,36.45187996885743,37.086761474609375,4866400,0.0,0.0
2024-10-01 00:00:00-04:00,37.125825248146796,37.20396610924716,35.84630031829963,36.051414489746094,4316300,0.0,0.0
2024-10-02 00:00:00-04:00,35.99281273163768,35.99281273163768,35.02584368982341,35.13328552246094,6463000,0.0,0.0
2024-10-03 00:00:00-04:00,35.07467561041032,35.211418389537016,34.127238175087804,34.26398468017578,4135400,0.0,0.0
2024-10-04 00:00:00-04:00,34.43002979181962,35.52397579441816,34.12723953599225,35.47513961791992,5152700,0.0,0.0
2024-10-07 00:00:00-04:00,35.182119488490606,35.484909749959634,34.762121656049686,34.93793487548828,3850700,0.0,0.0
2024-10-08 00:00:00-04:00,35.123514291851336,36.52025059426913,35.10397907544447,36.25653076171875,5034200,0.0,0.0
2024-10-09 00:00:00-04:00,36.00258216630706,37.38954906557243,35.99281269464365,36.95978546142578,4758300,0.0,0.0
2024-10-10 00:00:00-04:00,36.901182633045565,37.15513675226275,36.05142110542934,36.16862869262695,3764400,0.0,0.0
2024-10-11 00:00:00-04:00,36.27606305604604,36.50071243768691,35.641185340789995,35.69002151489258,3294800,0.0,0.0
2024-10-14 00:00:00-04:00,35.738858497267294,36.11978588022825,35.465372935338685,36.051414489746094,2045600,0.0,0.0
2024-10-15 00:00:00-04:00,36.06118238511477,36.66676291687582,35.73886062875562,35.79746627807617,3927300,0.0,0.0
2024-10-16 00:00:00-04:00,35.914672882802805,36.29560027821596,35.79746531328217,35.904903411865234,2832100,0.0,0.0
2024-10-17 00:00:00-04:00,35.670489234195756,36.139323250875506,35.17235052987494,35.79746627807617,3868900,0.0,0.0
2024-10-18 00:00:00-04:00,36.04164916635842,36.12955577314315,35.74862465976839,36.00257873535156,1984300,0.0,0.0
2024-10-21 00:00:00-04:00,35.93421351546514,35.992815446078424,35.58258702793735,35.719329833984375,1593200,0.0,0.0
2024-10-22 00:00:00-04:00,35.7681620460371,35.89513909153491,35.38723463550528,35.738861083984375,1827200,0.0,0.0
2024-10-23 00:00:00-04:00,35.592346010101444,35.82676486588961,35.38723184001262,35.62165069580078,1818500,0.0,0.0
2024-10-24 00:00:00-04:00,35.85607131872668,36.236998757523835,35.631421899076095,35.875606536865234,2767200,0.0,0.0
2024-10-25 00:00:00-04:00,35.748628103265744,35.924441333770474,35.00630847243825,35.13328552246094,2171900,0.0,0.0
2024-10-28 00:00:00-04:00,35.387239338028415,35.621658243486365,35.15282415853256,35.17235565185547,1886500,0.0,0.0
2024-10-29 00:00:00-04:00,35.113750152557586,35.50444332067863,35.06491397228767,35.1528205871582,2515300,0.0,0.0
2024-10-30 00:00:00-04:00,34.96723511202528,35.34816250426013,34.8793285041279,35.025840759277344,2671800,0.0,0.0
2024-10-31 00:00:00-04:00,34.869564056396484,35.182120068111864,34.76212222875153,34.869564056396484,2722400,0.0,0.0
2024-11-01 00:00:00-04:00,35.16258725176418,35.64119077322528,34.98677401742841,35.03561019897461,3167100,0.0,0.0
2024-11-04 00:00:00-05:00,35.172353581357704,35.397006726929504,34.94770416174779,34.96723937988281,2725800,0.0,0.0
2024-11-05 00:00:00-05:00,34.86956456360089,35.260257720947266,34.4788676802929,35.260257720947266,2615200,0.0,0.0
2024-11-06 00:00:00-05:00,35.9244440402186,35.963514477932385,34.8597988312711,35.2700309753418,3696300,0.0,0.0
2024-11-07 00:00:00-05:00,34.86956510338859,35.279793483846944,34.30305498641847,35.201656341552734,5612400,0.0,0.0
2024-11-08 00:00:00-05:00,34.63514224942349,34.63514224942349,32.99422146399918,33.8342170715332,6636800,0.0,0.0
2024-11-11 00:00:00-05:00,34.18584698315647,34.18584698315647,33.08213145157388,33.42399215698242,5636800,0.0,0.0
2024-11-12 00:00:00-05:00,33.423991523296664,33.423991523296664,32.68166820205475,33.04306411743164,6113100,0.0,0.0
2024-11-13 00:00:00-05:00,32.92585498503816,33.0528320373346,31.86120983723364,31.87097930908203,5369100,0.0,0.0
2024-11-14 00:00:00-05:00,31.919813498252857,31.919813498252857,30.874703633410927,30.962610244750977,5660000,0.0,0.0
2024-11-15 00:00:00-05:00,31.011446180898297,31.499815412093547,30.864935784135877,31.21656036376953,4847300,0.0,0.0
2024-11-18 00:00:00-05:00,31.030984161870343,32.44725580370718,31.01144894376672,32.25190734863281,7004300,0.0,0.0
2024-11-19 00:00:00-05:00,31.949117345312185,32.22260667526931,31.55842415759929,31.763538360595703,4518600,0.0,0.0
2024-11-20 00:00:00-05:00,31.76353747452056,31.910046018590183,31.02121596741956,31.87097930908203,6315400,0.0,0.0
2024-11-21 00:00:00-05:00,31.73423738007055,32.37888467913387,31.577959359872228,32.22260665893555,3782800,0.0,0.0
2024-11-22 00:00:00-05:00,32.271437189244075,32.916084375396565,32.24213250399083,32.43748092651367,4646300,0.0,0.0
2024-11-25 00:00:00-05:00,32.759812323530205,32.886785654129476,32.47655724580212,32.642601013183594,5928900,0.0,0.0
2024-11-26 00:00:00-05:00,32.63283212392815,32.818411091826626,31.841672622117958,32.10539245605469,4311100,0.0,0.0
2024-11-27 00:00:00-05:00,32.37888205715404,32.59376198879997,32.21283457828596,32.535160064697266,3605700,0.0,0.0
2024-11-29 00:00:00-05:00,32.50570544574479,33.19293039870334,32.50570544574479,33.09475326538086,2928300,0.17,0.0
2024-12-02 00:00:00-05:00,33.075115894876056,33.163473437136126,32.7511407366388,32.93767166137695,4065100,0.0,0.0
2024-12-03 00:00:00-05:00,32.89840676564095,32.96713263990578,32.495889832497845,32.52534484863281,3717600,0.0,0.0
2024-12-04 00:00:00-05:00,32.505704499225736,32.60387788461485,32.08355220091829,32.4173469543457,3554400,0.0,0.0
2024-12-05 00:00:00-05:00,32.221000089815995,32.52534361113017,31.307973270948494,31.317790985107422,3549100,0.0,0.0
2024-12-06 00:00:00-05:00,31.386513333083315,31.533775301430975,31.07235396793164,31.219615936279297,3573600,0.0,0.0
2024-12-09 00:00:00-05:00,31.28834079703879,31.8970259881764,31.09199025214599,31.268705368041992,4419300,0.0,0.0
2024-12-10 00:00:00-05:00,31.249069547265723,31.27852269039165,30.709108364386555,30.866188049316406,3730700,0.0,0.0
2024-12-11 00:00:00-05:00,30.905456499640422,30.9741786265412,30.208415643889655,30.43421745300293,6650800,0.0,0.0
2024-12-12 00:00:00-05:00,30.542210422156373,30.80728121542757,30.228051057881235,30.277137756347656,3785900,0.0,0.0
2024-12-13 00:00:00-05:00,30.13969198877398,30.2476830944835,29.511371419245087,29.766626358032227,4259300,0.0,0.0
2024-12-16 00:00:00-05:00,29.472100596492634,29.599727121647533,28.765240233981473,28.8830509185791,6759000,0.0,0.0
2024-12-17 00:00:00-05:00,28.637617732703074,29.737177410810133,28.61798230375494,29.09903907775879,4614300,0.0,0.0
2024-12-18 00:00:00-05:00,29.049950007843737,29.167758826845795,28.372542744700947,28.382360458374023,4872300,0.0,0.0
2024-12-19 00:00:00-05:00,28.195828230244068,28.87323550747958,28.097654836545768,28.372543334960938,8152100,0.0,0.0
2024-12-20 00:00:00-05:00,28.804512050882586,29.44264844309978,28.637614667760793,28.961591720581055,12194900,0.0,0.0
2024-12-23 00:00:00-05:00,28.765243058246316,29.000864450575644,28.225281892790537,28.64743423461914,4988400,0.0,0.0
2024-12-24 00:00:00-05:00,28.48053515663385,28.637614827206892,28.34309091301678,28.549257278442383,1577900,0.0,0.0
2024-12-26 00:00:00-05:00,28.470719593834982,28.90268965681057,28.274369054517663,28.765243530273438,2534200,0.0,0.0
2024-12-27 00:00:00-05:00,28.54925968964546,28.824150072633564,28.490355276339987,28.667070388793945,2773300,0.0,0.0
2024-12-30 00:00:00-05:00,28.529623811939814,28.568894668550318,27.82276524578834,28.107471466064453,4993700,0.0,0.0
2024-12-31 00:00:00-05:00,28.343091870118137,28.71615563219254,28.254734318369934,28.627798080444336,3524200,0.0,0.0
2025-01-02 00:00:00-05:00,28.873237007355808,29.20703180637452,28.500173223325362,28.725975036621094,4014400,0.0,0.0
2025-01-03 00:00:00-05:00,28.745607642880003,29.059766982276937,28.549257119488235,28.961591720581055,2821200,0.0,0.0
2025-01-06 00:00:00-05:00,28.932140502225447,29.697905347276997,28.853600662158943,29.11867332458496,4164200,0.0,0.0
2025-01-07 00:00:00-05:00,29.177576770012266,29.442649423657926,28.902688275153746,29.040132522583008,4538700,0.0,0.0
2025-01-08 00:00:00-05:00,29.010680696563163,29.354293203251796,28.755427617633053,29.049951553344727,4035700,0.0,0.0
2025-01-10 00:00:00-05:00,28.745606680329622,28.96159075079842,28.519803024228946,28.8830509185791,5954500,0.0,0.0
2025-01-13 00:00:00-05:00,28.941956012513103,30.365492611927873,28.706336510254857,29.943340301513672,7315200,0.0,0.0
2025-01-14 00:00:00-05:00,30.09060468168547,30.257502076637632,29.72735862196091,30.061153411865234,4608100,0.0,0.0
2025-01-15 00:00:00-05:00,30.247683916497298,30.473487592835315,29.619365202430583,29.658634185791016,4328600,0.0,0.0
2025-01-16 00:00:00-05:00,29.639000522091926,30.630567159441647,29.570278397059145,30.385129928588867,6862500,0.0,0.0
2025-01-17 00:00:00-05:00,30.444034440741717,30.453852154712916,29.95315997740671,30.414581298828125,3877700,0.0,0.0
2025-01-21 00:00:00-05:00,30.60111489232255,31.023267241062047,30.54221047954466,30.90545654296875,6291100,0.0,0.0
2025-01-22 00:00:00-05:00,30.718923876029187,31.681037345369553,30.522573347677618,31.249067306518555,7346900,0.0,0.0
2025-01-23 00:00:00-05:00,31.33742426675878,31.985380249099244,31.209797736510396,31.857751846313477,4224400,0.0,0.0
2025-01-24 00:00:00-05:00,31.720307602578696,31.936289809129885,31.48468622397996,31.857751846313477,3244500,0.0,0.0
2025-01-27 00:00:00-05:00,32.15227859193204,32.96713203021858,32.1228273214169,32.84931945800781,4216900,0.0,0.0
2025-01-28 00:00:00-05:00,32.63333339336207,32.947492725482014,31.88720217077122,32.09336853027344,4277100,0.0,0.0
2025-01-29 00:00:00-05:00,32.09337461475704,32.378082733803495,32.0442879120086,32.181732177734375,3844300,0.0,0.0
2025-01-30 00:00:00-05:00,32.348623867971455,32.71186987713554,32.270082165949766,32.49588394165039,3816000,0.0,0.0
2025-01-31 00:00:00-05:00,32.319174316830164,32.63333743291376,31.906841546784694,31.965747833251953,3828100,0.0,0.0
2025-02-03 00:00:00-05:00,31.18034693777126,31.435601889975683,30.070969573477534,31.062536239624023,7195000,0.0,0.0
2025-02-04 00:00:00-05:00,30.93490753709183,31.01344737285333,30.650199462120526,30.84654998779297,4198200,0.0,0.0
2025-02-05 00:00:00-05:00,31.101805756950565,31.131257025815756,30.77782869167139,30.89563751220703,2708700,0.0,0.0
2025-02-06 00:00:00-05:00,30.75819244015718,31.04290051514388,30.22804901687274,30.247682571411133,2958500,0.0,0.0
2025-02-07 00:00:00-05:00,30.39494632923206,30.414581757470547,29.953160429091042,30.061153411865234,2894300,0.0,0.0
2025-02-10 00:00:00-05:00,30.296771139100596,30.345857834252666,29.95315865542393,30.247682571411133,5195800,0.0,0.0
2025-02-11 00:00:00-05:00,30.247681711161956,30.31640383143534,30.0022444973071,30.041515350341797,4715400,0.0,0.0
2025-02-12 00:00:00-05:00,29.972796420820647,29.972796420820647,29.344475813138995,29.7371768951416,2908600,0.0,0.0
2025-02-13 00:00:00-05:00,29.923707286733304,30.061153411865234,29.57027894112799,30.061153411865234,5124900,0.0,0.0
2025-02-14 00:00:00-05:00,30.394947768624768,30.522576185681462,30.051337120866563,30.257503509521484,3855400,0.0,0.0
2025-02-18 00:00:00-05:00,30.1593247602699,30.6698346245838,30.0120628035548,30.630565643310547,4416700,0.0,0.0
2025-02-19 00:00:00-05:00,30.50294075651311,30.679655873953095,30.002248547945683,30.257503509521484,9790800,0.0,0.0
2025-02-20 00:00:00-05:00,32.67260172454234,33.06530277693483,31.74975912001721,32.829681396484375,10688000,0.0,0.0
2025-02-21 00:00:00-05:00,32.898407618881,33.39910171033455,32.64315452456712,33.20275115966797,7264400,0.0,0.0
2025-02-24 00:00:00-05:00,33.39909926528701,34.488841183888326,32.82968308454669,34.439754486083984,7796500,0.0,0.0
2025-02-25 00:00:00-05:00,34.35139906574784,35.39205060611004,34.31212820703506,35.2840576171875,8927400,0.0,0.0
2025-02-26 00:00:00-05:00,35.28405611154583,35.59821547769184,34.37102928334804,34.6164665222168,6660600,0.0,0.0
2025-02-27 00:00:00-05:00,34.41030584071709,34.91099998819523,34.11578185429943,34.45939254760742,3729300,0.0,0.0
2025-02-28 00:00:00-05:00,34.479122082257696,34.69615548007952,33.54192060676129,34.045047760009766,4783300,0.17,0.0
2025-03-03 00:00:00-05:00,34.400198698090264,34.76521643227845,33.83787855583541,34.39033508300781,3896600,0.0,0.0
2025-03-04 00:00:00-05:00,34.40019400350695,34.834268273940936,34.123967659268374,34.32127380371094,4423200,0.0,0.0
2025-03-05 00:00:00-05:00,34.38045844019532,34.972376794798976,34.29167087516983,34.686283111572266,3354600,0.0,0.0
2025-03-06 00:00:00-05:00,34.775074208458356,34.99211133685276,34.25221614092811,34.9625129699707,2745900,0.0,0.0
2025-03-07 00:00:00-05:00,34.8638655936305,36.14634998743383,34.58763922787957,36.077293395996094,4549800,0.0,0.0
2025-03-10 00:00:00-04:00,36.19567056143421,37.23152681579394,35.87011864175371,36.06742477416992,5310600,0.0,0.0
2025-03-11 00:00:00-04:00,35.94903630079749,36.07728584231617,35.19927756646765,35.36698532104492,4151500,0.0,0.0
2025-03-12 00:00:00-04:00,35.011846901754545,35.28807327340243,33.74908971000263,33.94639587402344,6203700,0.0,0.0
2025-03-13 00:00:00-04:00,33.75895503648167,34.37060072080448,33.591243490100126,34.08450698852539,4771200,0.0,0.0
2025-03-14 00:00:00-04:00,34.163432016030725,34.5481769546272,33.74908870756394,34.12397003173828,2992100,0.0,0.0
2025-03-17 00:00:00-04:00,34.04504333349568,34.55803779826084,33.93652853034486,34.380462646484375,3691500,0.0,0.0
2025-03-18 00:00:00-04:00,34.42979648108465,34.44952371091215,33.94639655766368,34.045047760009766,3361800,0.0,0.0
2025-03-19 00:00:00-04:00,33.91680053056608,34.08450832019808,33.38407502826091,33.630706787109375,5109400,0.0,0.0
2025-03-20 00:00:00-04:00,33.62084040327429,33.69976060268815,32.92040340572982,32.98945999145508,5791700,0.0,0.0
2025-03-21 00:00:00-04:00,32.77243055506046,33.1867701191552,32.55539339483819,32.74283218383789,8139300,0.0,0.0
2025-03-24 00:00:00-04:00,32.85134719792752,33.42353464429255,32.85134719792752,33.14730453491211,3543800,0.0,0.0
2025-03-25 00:00:00-04:00,33.3051446442789,33.39393221089542,32.358079775903484,32.496192932128906,3684000,0.0,0.0
2025-03-26 00:00:00-04:00,32.515925457600254,33.07824548498431,32.35808130541002,32.91053771972656,2719500,0.0,0.0
2025-03-27 00:00:00-04:00,33.2262254318137,33.45312616133608,32.861211541999566,33.24595642089844,2761500,0.0,0.0
2025-03-28 00:00:00-04:00,33.147307522456956,33.551783464228116,33.038792707646884,33.2952880859375,2513100,0.0,0.0
2025-03-31 00:00:00-04:00,33.1769032219503,34.05491162754492,33.1769032219503,33.76881790161133,3598900,0.0,0.0
2025-04-01 00:00:00-04:00,33.650436903917274,33.82801206673229,33.344612176113216,33.561649322509766,3495900,0.0,0.0
2025-04-02 00:00:00-04:00,33.26568896863541,33.374207532035356,32.96972788179863,33.196632385253906,2491700,0.0,0.0
2025-04-03 00:00:00-04:00,32.85134836337937,33.147305710863506,30.86843074826402,30.927621841430664,5555500,0.0,0.0
2025-04-04 00:00:00-04:00,30.315973967672786,30.76977736177928,28.31332538113483,28.40211296081543,5995400,0.0,0.0
2025-04-07 00:00:00-04:00,27.968039479375477,28.915104450571913,26.754611779410983,28.254131317138672,8172000,0.0,0.0
2025-04-08 00:00:00-04:00,28.974297987668027,29.132142152612932,27.13935721811995,27.593158721923828,6382800,0.0,0.0
2025-04-09 00:00:00-04:00,26.932185950905286,30.404761391386156,25.89633336881312,30.335704803466797,12042100,0.0,0.0
2025-04-10 00:00:00-04:00,29.694461893977824,29.84244056175553,27.238009987585137,27.760868072509766,6546800,0.0,0.0
2025-04-11 00:00:00-04:00,27.87925190250415,27.87925190250415,26.419192464449786,27.46491050720215,6639000,0.0,0.0
2025-04-14 00:00:00-04:00,27.99763298034668,28.313323173288758,27.681944669055362,27.99763298034668,4535700,0.0,0.0
2025-04-15 00:00:00-04:00,27.908849248800717,28.116019012012593,27.149223020388725,27.42544937133789,5152400,0.0,0.0
2025-04-16 00:00:00-04:00,27.49450646125523,28.204805175895274,27.19854725225045,27.445178985595703,5393700,0.0,0.0
2025-04-17 00:00:00-04:00,27.59315991819492,28.707936498305436,27.54383432013026,28.500764846801758,5523400,0.0,0.0
2025-04-21 00:00:00-04:00,28.362651104243884,28.42184219707744,27.889118598273594,28.155481338500977,4066800,0.0,0.0
2025-04-22 00:00:00-04:00,28.50076254523148,28.74739427894003,28.116017642774406,28.23440170288086,4604400,0.0,0.0
2025-04-23 00:00:00-04:00,28.846048267895885,29.891766325278365,28.77699168132122,29.20119857788086,4590500,0.0,0.0
2025-04-24 00:00:00-04:00,29.319580077213292,30.069340779912526,29.092679331852565,30.00028419494629,3601300,0.0,0.0
2025-04-25 00:00:00-04:00,29.812843322753906,30.020014957732215,29.556346093645466,29.812843322753906,3466700,0.0,0.0
2025-04-28 00:00:00-04:00,29.901632369072047,30.404761356893466,29.684597109907298,30.118669509887695,3970800,0.0,0.0
2025-04-29 00:00:00-04:00,30.10880340376313,30.927620708913167,30.000284835555615,30.562604904174805,3422700,0.0,0.0
2025-04-30 00:00:00-04:00,30.6908546849405,30.95721553718604,30.217320308574365,30.750045776367188,5553200,0.0,0.0
2025-05-01 00:00:00-04:00,31.716841891832658,32.16077599391088,30.108801963146654,30.25678062438965,7085600,0.0,0.0
2025-05-02 00:00:00-04:00,30.641526569413973,30.82896721695529,29.822709275397674,30.296241760253906,4175300,0.0,0.0
2025-05-05 00:00:00-04:00,29.911495248288638,30.66125591661668,29.773382084687672,30.0200138092041,3911600,0.0,0.0
2025-05-06 00:00:00-04:00,29.901631892073848,30.098938038458616,29.46756138066874,29.526752471923828,3321700,0.0,0.0
2025-05-07 00:00:00-04:00,29.585944223168422,30.483683634108825,29.45769654231304,30.306108474731445,3696900,0.0,0.0
2025-05-08 00:00:00-04:00,30.49354838164704,31.637919512167308,30.394895308674425,30.77964210510254,4087100,0.0,0.0
2025-05-09 00:00:00-04:00,30.868431357093915,31.0657356320912,30.434358941458342,30.483684539794922,2642400,0.0,0.0
2025-05-12 00:00:00-04:00,31.134791172772687,32.23970222578119,31.134791172772687,31.45047950744629,6269000,0.0,0.0
2025-05-13 00:00:00-04:00,31.213712236642724,31.233443227327907,30.493548011491047,30.730314254760742,5922300,0.0,0.0
2025-05-14 00:00:00-04:00,30.542873768148525,30.61193223591204,29.83257503458141,29.911497116088867,3704600,0.0,0.0
2025-05-15 00:00:00-04:00,29.95095893172351,30.651392166015054,29.635270607442767,30.621797561645508,2838400,0.0,0.0
2025-05-16 00:00:00-04:00,30.651393141825466,31.272906196484,30.493548974660005,31.233444213867188,3022300,0.0,0.0
2025-05-19 00:00:00-04:00,30.809237092589637,31.20384750773158,30.621798321429015,31.046003341674805,2749700,0.0,0.0
2025-05-20 00:00:00-04:00,30.878292467339556,31.19398266870579,30.828966873003075,31.036136627197266,1999800,0.0,0.0
2025-05-21 00:00:00-04:00,31.05586629951282,31.07559728907031,30.000282819646614,30.0200138092041,2789700,0.0,0.0
2025-05-22 00:00:00-04:00,29.75365260666731,30.108802910141453,29.664865030798772,29.862171173095703,2894900,0.0,0.0
2025-05-23 00:00:00-04:00,29.44783060900834,29.822710031950216,29.31958104840786,29.71419334411621,2096500,0.0,0.0
2025-05-27 00:00:00-04:00,30.34556964287543,30.533010292925077,29.990419333655222,30.45408821105957,2885100,0.0,0.0
2025-05-28 00:00:00-04:00,30.51328027770193,30.621798849355933,30.07920787273684,30.16799545288086,2723600,0.0,0.0
2025-05-29 00:00:00-04:00,30.246916878313378,30.375166438683333,29.694462299625936,30.286378860473633,3459800,0.0,0.0
2025-05-30 00:00:00-04:00,30.117734367628085,30.445100963270633,29.691165371945406,30.256616592407227,4932100,0.17,0.0
2025-06-02 00:00:00-04:00,30.097892485248586,30.24669513418224,29.066190587335704,29.31419563293457,4023900,0.0,0.0
2025-06-03 00:00:00-04:00,29.076113271788802,29.899490011365188,28.927310611311814,29.849889755249023,3134400,0.0,0.0
2025-06-04 00:00:00-04:00,29.86973052758148,29.98877189876509,29.443161514561844,29.730846405029297,3594900,0.0,0.0
2025-06-05 00:00:00-04:00,29.889567711279682,30.256616016806937,29.45308018681227,29.909408569335938,3903900,0.0,0.0
2025-06-06 00:00:00-04:00,30.27645920486053,30.464941694514973,29.770528638261126,30.01853370666504,2349700,0.0,0.0
2025-06-09 00:00:00-04:00,30.177255611864943,30.941111646608853,29.939170982619135,30.603824615478516,3224900,0.0,0.0
2025-06-10 00:00:00-04:00,30.94111129101268,31.4966420862017,30.722865630949254,31.466880798339844,4686400,0.0,0.0
2025-06-11 00:00:00-04:00,31.466883143016748,31.784331227478464,30.891511446380765,31.149436950683594,4152700,0.0,0.0
2025-06-12 00:00:00-04:00,30.990713204036016,31.3974413659419,30.871671830473986,31.109756469726562,2603500,0.0,0.0
2025-06-13 00:00:00-04:00,30.70302653925827,31.079993389995263,30.296298400780827,30.375659942626953,2890200,0.0,0.0
2025-06-16 00:00:00-04:00,30.504621235956975,30.732785428489095,30.08797267509779,30.57406234741211,3233300,0.0,0.0
2025-06-17 00:00:00-04:00,30.216935752185563,30.464940813416746,29.61180468942883,29.681245803833008,3364900,0.0,0.0
2025-06-18 00:00:00-04:00,29.631645459938515,29.859809661478923,29.304278855776225,29.56220245361328,3513800,0.0,0.0
2025-06-20 00:00:00-04:00,29.69116596115393,29.949091449525334,29.54236330420501,29.750686645507812,5596100,0.0,0.0
2025-06-23 00:00:00-04:00,29.54236330420501,29.85980947693029,29.086033011816095,29.750686645507812,3008200,0.0,0.0
2025-06-24 00:00:00-04:00,29.879648867792806,30.385577498137547,29.720923897099762,30.345897674560547,3914700,0.0,0.0
2025-06-25 00:00:00-04:00,30.335978534344388,30.554222303610022,30.117734765078755,30.365739822387695,3648400,0.0,0.0
2025-06-26 00:00:00-04:00,30.415339675620075,30.593903617266626,30.13757333393339,30.256616592407227,2863400,0.0,0.0
2025-06-27 00:00:00-04:00,30.355820509483586,30.395500336205604,29.95901278162095,30.14749526977539,3863900,0.0,0.0
2025-06-30 00:00:00-04:00,30.207017465867537,30.296299440023084,29.879650858006688,30.038373947143555,2916200,0.0,0.0
2025-07-01 00:00:00-04:00,29.820127356007912,31.506562490965283,29.820127356007912,30.980791091918945,3945400,0.0,0.0
2025-07-02 00:00:00-04:00,31.169274748294217,31.189115606397774,30.40541874046256,30.881587982177734,2959200,0.0,0.0
2025-07-03 00:00:00-04:00,30.851830421300754,30.970871792742404,30.633584753443586,30.762548446655273,1430700,0.0,0.0
2025-07-07 00:00:00-04:00,30.623665304028457,30.752627101271475,29.334037870956145,29.453081130981445,4929900,0.0,0.0
2025-07-08 00:00:00-04:00,29.453081471426493,30.683186342640592,29.453081471426493,30.415340423583984,6298000,0.0,0.0
2025-07-09 00:00:00-04:00,30.712945461753446,30.901429835551195,29.443160776282564,29.57212257385254,7165000,0.0,0.0
2025-07-10 00:00:00-04:00,29.492760646818493,30.47486043624206,29.13563465474618,29.463001251220703,6549900,0.0,0.0
2025-07-11 00:00:00-04:00,29.026512401588306,29.28443789061838,28.28249722281525,28.47098159790039,6805800,0.0,0.0
2025-07-14 00:00:00-04:00,28.27257826396782,28.699147291392812,28.173375856545732,28.302339553833008,6091200,0.0,0.0
2025-07-15 00:00:00-04:00,28.480900784261603,28.669385163642108,27.925369967913703,28.024572372436523,3586000,0.0,0.0
2025-07-16 00:00:00-04:00,28.18329363927224,28.2527347503066,27.88568833708829,28.143613815307617,4832400,0.0,0.0
2025-07-17 00:00:00-04:00,28.123772590249835,28.193213700378003,27.409516846923907,27.667442321777344,5476800,0.0,0.0
2025-07-18 00:00:00-04:00,27.82616724518825,28.004731192861676,27.399600127236514,27.548402786254883,3771000,0.0,0.0
2025-07-21 00:00:00-04:00,27.776564114682593,27.82616436517893,27.151592254638672,27.151592254638672,4306300,0.0,0.0
2025-07-22 00:00:00-04:00,27.31031861212218,27.955131406784798,27.151595520886104,27.290477752685547,6501300,0.0,0.0
2025-07-23 00:00:00-04:00,27.865849167626486,28.480900667311104,27.69720564826874,28.33209800720215,6781000,0.0,0.0
2025-07-24 00:00:00-04:00,28.084092150374232,28.91738929402084,28.044412325125,28.540422439575195,5127000,0.0,0.0
2025-07-25 00:00:00-04:00,28.53050324816648,29.07611364088431,28.47098256164582,28.986831665039062,4031200,0.0,0.0
2025-07-28 00:00:00-04:00,28.80826850200776,29.115794244734996,28.252735808665633,28.292417526245117,6889700,0.0,0.0
2025-07-29 00:00:00-04:00,28.14361445925938,28.768586364996953,28.103932742258436,28.60986328125,6929800,0.0,0.0
2025-07-30 00:00:00-04:00,28.599942598457158,28.709065427113952,27.677363499776543,27.8261661529541,7798700,0.0,0.0
2025-07-31 00:00:00-04:00,23.570401437310185,23.96720916006723,21.29867414981733,21.586360931396484,47022900,0.0,0.0
2025-08-01 00:00:00-04:00,21.33835536808978,22.181572941767868,21.159791424001664,21.78476333618164,22649400,0.0,0.0
2025-08-04 00:00:00-04:00,21.655801874723288,22.578381005401532,21.626040586204212,22.260934829711914,11387100,0.0,0.0
2025-08-05 00:00:00-04:00,22.419658812706274,23.044630759532406,22.260935718524127,22.657743453979492,14223600,0.0,0.0
2025-08-06 00:00:00-04:00,22.747024559976612,22.79662481546111,22.112132207558414,22.32045555114746,10175900,0.0,0.0
2025-08-07 00:00:00-04:00,22.717261490646283,23.471197046107562,22.61805909532511,23.352155685424805,12327700,0.0,0.0
2025-08-08 00:00:00-04:00,23.34223631351347,23.669602908405242,23.09423126004612,23.500959396362305,10460200,0.0,0.0
2025-08-11 00:00:00-04:00,23.371995213873305,23.649761549038978,23.09423077083599,23.27279281616211,7591800,0.0,0.0
2025-08-12 00:00:00-04:00,23.481119047473083,23.877926763205195,23.272793814133447,23.788644790649414,5662200,0.0,0.0
2025-08-13 00:00:00-04:00,23.887846973153746,24.1953727135048,23.709283029682677,23.9176082611084,8316600,0.0,0.0
2025-08-14 00:00:00-04:00,23.78864542981534,24.29457599051556,23.530719934627278,24.25489616394043,4145400,0.0,0.0
2025-08-15 00:00:00-04:00,24.473138781105003,24.65170272255554,23.848166878156515,23.987049102783203,7713400,0.0,0.0
2025-08-18 00:00:00-04:00,24.006888571470927,24.21521189635142,23.262873453249245,23.42159652709961,8252200,0.0,0.0
2025-08-19 00:00:00-04:00,23.53071985055206,24.28465547407063,23.491040024118707,24.135852813720703,5168700,0.0,0.0
2025-08-20 00:00:00-04:00,24.19537154675789,24.69138163597968,24.026728040737346,24.076330184936523,5385900,0.0,0.0
2025-08-21 00:00:00-04:00,23.92752914786627,24.10609120262262,23.639842368523315,23.659683227539062,6018900,0.0,0.0
2025-08-22 00:00:00-04:00,23.90768781700424,24.413618359149904,23.689442156395277,24.34417724609375,6488100,0.0,0.0
2025-08-25 00:00:00-04:00,24.31441532608105,24.42353815354878,24.10609010019978,24.364015579223633,9755900,0.0,0.0
2025-08-26 00:00:00-04:00,24.31441528682626,24.443377080065797,24.145771777434025,24.304494857788086,5085500,0.0,0.0
2025-08-27 00:00:00-04:00,24.264814119787914,24.502900642045013,24.11601146247356,24.334257125854492,5559800,0.0,0.0
2025-08-28 00:00:00-04:00,24.34417585837061,24.34417585837061,23.96720713451402,24.205291748046875,4495900,0.0,0.0
2025-08-29 00:00:00-04:00,24.225271677433902,24.694791720906892,24.19530158322784,24.664823532104492,4048500,0.17,0.0
2025-09-02 00:00:00-04:00,24.38510835455565,24.574915140273827,23.775729777220473,24.145353317260742,14049000,0.0,0.0
2025-09-03 00:00:00-04:00,23.965536920084233,24.255242118676854,23.33618017598159,23.5159969329834,7474600,0.0,0.0
2025-09-04 00:00:00-04:00,23.515997664821157,23.70580255387112,23.09642585389407,23.55595588684082,5967800,0.0,0.0
2025-09-05 00:00:00-04:00,23.75575284090954,24.564926371547916,23.5859261092542,24.395099639892578,7373500,0.0,0.0
2025-09-08 00:00:00-04:00,24.225272103985258,24.335160545938706,23.765742083823024,24.0654354095459,5637100,0.0,0.0
2025-09-09 00:00:00-04:00,24.065436280750287,24.554936413366917,23.99550796257702,24.42506980895996,4552100,0.0,0.0
2025-09-10 00:00:00-04:00,24.395099201874157,24.60488415199733,23.945557301033464,23.955547332763672,4466800,0.0,0.0
2025-09-11 00:00:00-04:00,23.915588463025706,24.494996949847046,23.87562833718798,24.46502685546875,4029100,0.0,0.0
2025-09-12 00:00:00-04:00,24.295201459468675,24.39509987411988,23.885619674262134,23.965538024902344,5749900,0.0,0.0
2025-09-15 00:00:00-04:00,23.98551890888498,24.14535561562959,23.555957044982392,23.775732040405273,7038000,0.0,0.0
2025-09-16 00:00:00-04:00,23.825679193810174,24.06543422365462,23.745760850528693,23.845659255981445,5747100,0.0,0.0
2025-09-17 00:00:00-04:00,23.90559908570712,24.085415846089965,23.076445505922464,23.17634391784668,5187500,0.0,0.0
2025-09-18 00:00:00-04:00,23.44606707702139,23.78572053322057,23.326190507423867,23.665843963623047,3610100,0.0,0.0
2025-09-19 00:00:00-04:00,23.685821745900665,23.725781872068445,22.99652671813965,22.99652671813965,13671600,0.0,0.0
2025-09-22 00:00:00-04:00,22.976546133546684,23.03648441603422,22.776749318050037,22.786739349365234,4954300,0.0,0.0
2025-09-23 00:00:00-04:00,22.786740743078855,23.136384238881536,22.726802456925295,22.83669090270996,4805500,0.0,0.0
2025-09-24 00:00:00-04:00,22.706821660541582,22.88663841860507,22.49703671306998,22.53699493408203,5869900,0.0,0.0
2025-09-25 00:00:00-04:00,22.317221081222392,22.40712946479127,21.567985821750927,21.687862396240234,7394200,0.0,0.0
2025-09-26 00:00:00-04:00,21.727821279346745,22.02751460379695,21.657892964001945,21.95758628845215,10542500,0.0,0.0
2025-09-29 00:00:00-04:00,21.977566067942693,22.566964583106177,21.77776925061811,22.357177734375,6710200,0.0,0.0
2025-09-30 00:00:00-04:00,22.32721049299361,22.83669068392732,22.057485349780986,22.746782302856445,6033700,0.0,0.0
2025-10-01 00:00:00-04:00,22.92659984859381,23.426090024768804,22.736793048134242,23.336181640625,6332800,0.0,0.0
2025-10-02 00:00:00-04:00,23.166353957914136,23.605903923097035,22.98653719697398,23.20631217956543,4734400,0.0,0.0
2025-10-03 00:00:00-04:00,23.346170354822394,24.245252240100246,23.23628191253827,23.835670471191406,6547600,0.0,0.0
2025-10-06 00:00:00-04:00,23.875629519785726,23.895609583694235,23.08643604943734,23.126394271850586,6328600,0.0,0.0
2025-10-07 00:00:00-04:00,23.24627148987631,23.256261521289073,22.856667886393225,22.87664794921875,4806700,0.0,0.0
2025-10-08 00:00:00-04:00,22.68684269757404,22.896629560623346,22.527005994966853,22.726802825927734,4836800,0.0,0.0
2025-10-09 00:00:00-04:00,22.91660903720357,23.01650745012255,22.407128846180136,22.48704719543457,5581400,0.0,0.0
2025-10-10 00:00:00-04:00,22.626903083272527,22.80671983950946,21.607942734865695,21.9276180267334,5515400,0.0,0.0
2025-10-13 00:00:00-04:00,22.017527431138657,22.367169023003967,21.927619048829357,22.08745574951172,4315500,0.0,0.0
2025-10-14 00:00:00-04:00,21.96757647234381,22.846680199527828,21.857688030094884,22.796730041503906,6023500,0.0,0.0
2025-10-15 00:00:00-04:00,22.74678289010458,23.276241252964468,22.586946187497393,22.726802825927734,4611900,0.0,0.0
2025-10-16 00:00:00-04:00,22.56696539210266,23.296220562294007,22.517017138682768,22.946577072143555,5414900,0.0,0.0
2025-10-17 00:00:00-04:00,22.906617247473125,23.06645393371582,22.54698375072526,23.06645393371582,3953000,0.0,0.0
2025-10-20 00:00:00-04:00,23.216301327386915,23.575934835574465,23.08643473021011,23.106412887573242,4500700,0.0,0.0
2025-10-21 00:00:00-04:00,23.00651800819221,23.11640455035728,22.556976091232123,22.726802825927734,6574500,0.0,0.0
2025-10-22 00:00:00-04:00,22.866659896525846,23.466048495332824,22.826701672820757,22.906620025634766,4731800,0.0,0.0
2025-10-23 00:00:00-04:00,22.94657648605314,23.08643502178336,22.507026532054397,22.966556549072266,5681400,0.0,0.0
2025-10-24 00:00:00-04:00,23.216301695851374,23.256261822019155,22.916608371207776,22.99652671813965,3719500,0.0,0.0
2025-10-27 00:00:00-04:00,23.236282128683786,23.326190508588276,22.986537052372142,23.146373748779297,6408700,0.0,0.0
2025-10-28 00:00:00-04:00,23.016507666574412,23.18633249310888,22.746782520777735,22.83669090270996,5722700,0.0,0.0
2025-10-29 00:00:00-04:00,22.71681198947635,22.896628749893384,22.31722024710723,22.397138595581055,7770300,0.0,0.0
2025-10-30 00:00:00-04:00,18.920686004354355,19.78979773350745,18.401215829801032,19.140460968017578,24018300,0.0,0.0
2025-10-31 00:00:00-04:00,18.790819620233496,18.93067816319805,18.421197962278953,18.4511661529541,11557700,0.0,0.0
2025-11-03 00:00:00-05:00,18.28133942840996,18.381237843318978,18.031594343839313,18.191431045532227,11396800,0.0,0.0
2025-11-04 00:00:00-05:00,18.16146219717765,18.3013188297435,17.72191033073734,17.921707153320312,11712400,0.0,0.0
2025-11-05 00:00:00-05:00,17.851779494562948,18.061564451138626,17.45218583467897,17.931697845458984,11329600,0.0,0.0
2025-11-06 00:00:00-05:00,17.921705981168163,18.14148094731229,17.492144174492456,17.9616641998291,10346300,0.0,0.0
2025-11-07 00:00:00-05:00,17.93169733075653,18.101524059711462,17.761870601801597,17.981645584106445,7414100,0.0,0.0
2025-11-10 00:00:00-05:00,17.961664259396855,17.98164432149538,17.55208251339508,17.73189926147461,7892800,0.0,0.0
2025-11-11 00:00:00-05:00,17.811820071572534,18.291330195932286,17.681953460751547,18.23139190673828,12070300,0.0,0.0
2025-11-12 00:00:00-05:00,18.28133934093323,18.900707986082406,18.25137115038657,18.680932998657227,12362500,0.0,0.0
2025-11-13 00:00:00-05:00,18.611002774772885,18.900707986082406,18.501116233762183,18.680932998657227,9828700,0.0,0.0
2025-11-14 00:00:00-05:00,18.581034663892343,18.670943046725345,18.29132945134071,18.4511661529541,7472600,0.0,0.0
2025-11-17 00:00:00-05:00,18.361257341915206,18.45116572265144,17.73190058216529,17.751880645751953,7790700,0.0,0.0
2025-11-18 00:00:00-05:00,17.67196071837134,18.201419018301124,17.382255538452082,18.13149070739746,9780700,0.0,0.0
2025-11-19 00:00:00-05:00,18.121502747538525,18.1514728436668,17.522116068203303,17.67196273803711,7690300,0.0,0.0
2025-11-20 00:00:00-05:00,17.64199198232769,17.84178880490548,17.38225687513804,17.402236938476562,8313700,0.0,0.0
2025-11-21 00:00:00-05:00,17.562073281601947,18.59102365802239,17.54209321866477,18.29132843017578,8278400,0.0,0.0
2025-11-24 00:00:00-05:00,18.291329388904646,18.441176057980236,18.091534465271785,18.161462783813477,8506100,0.0,0.0
2025-11-25 00:00:00-05:00,18.321298748169852,18.700910421590496,18.1814421167102,18.640972137451172,7339900,0.0,0.0
2025-11-26 00:00:00-05:00,18.57104504966444,18.93067858908724,18.511106761561916,18.890718460083008,7170000,0.0,0.0
2025-11-28 00:00:00-05:00,18.71080427283898,18.830746169090588,18.600859599887755,18.73079490661621,3766200,0.01,0.0
2025-12-01 00:00:00-05:00,18.610855955798776,19.190571022820873,18.530895322637516,19.070629119873047,9634800,0.0,0.0
2025-12-02 00:00:00-05:00,18.98067355630316,18.98067355630316,18.59086569999487,18.830747604370117,8457500,0.0,0.0
2025-12-03 00:00:00-05:00,18.99066863224217,19.160585217313443,18.85073799974061,18.880722045898438,6094200,0.0,0.0
2025-12-04 00:00:00-05:00,18.83074625405944,18.92070220005111,18.320996528910587,18.470922470092773,7934100,0.0,0.0
2025-12-05 00:00:00-05:00,18.630844594314325,18.80076117726298,18.450932693967296,18.530895233154297,8572200,0.0,0.0
2025-12-08 00:00:00-05:00,18.640840207012847,18.670826159682996,18.101106403833388,18.151081085205078,9194800,0.0,0.0
2025-12-09 00:00:00-05:00,18.091111086276673,18.29101171817533,18.00115513467811,18.151081085205078,6331000,0.0,0.0
2025-12-10 00:00:00-05:00,18.19106187825504,18.3809671876155,17.91119871324385,18.25103187561035,11642800,0.0,0.0
2025-12-11 00:00:00-05:00,18.37097150230196,18.90071186982867,18.24103619289976,18.890716552734375,8940700,0.0,0.0
2025-12-12 00:00:00-05:00,18.990668533179154,19.330501701548993,18.910707899822242,19.140594482421875,10800100,0.0,0.0
2025-12-15 00:00:00-05:00,19.240545464578055,19.810265207074732,19.11061015220991,19.520408630371094,9150200,0.0,0.0
2025-12-16 00:00:00-05:00,19.530404728333366,19.560388775087343,18.81075710364713,19.0406436920166,8966100,0.0,0.0
2025-12-17 00:00:00-05:00,18.990668626024817,19.40046711228398,18.96068267346492,19.280527114868164,8587500,0.0,0.0
2025-12-18 00:00:00-05:00,19.300514591369588,19.420456487416025,19.020653344614175,19.060632705688477,7948800,0.0,0.0
2025-12-19 00:00:00-05:00,19.050638677511948,19.30051589696771,18.930698679763843,18.950687408447266,15927000,0.0,0.0
2025-12-22 00:00:00-05:00,18.84074301221363,19.210560234991366,18.830747694515324,18.970678329467773,8131500,0.0,0.0
2025-12-23 00:00:00-05:00,18.970678570654425,18.98067388847981,18.64084070806455,18.920703887939453,5030600,0.0,0.0
2025-12-24 00:00:00-05:00,18.96068201373079,19.13059859283421,18.91070733428171,19.100614547729492,2312700,0.0,0.0
2025-12-26 00:00:00-05:00,19.070629586007968,19.380476808779818,19.020654903965124,19.370481491088867,3814600,0.0,0.0
2025-12-29 00:00:00-05:00,19.360487173089354,19.460436532494057,19.090619327308264,19.24054527282715,6447900,0.0,0.0
2025-12-30 00:00:00-05:00,19.260535669468993,19.480426926420975,19.230549718170714,19.29051971435547,4435100,0.0,0.0
2025-12-31 00:00:00-05:00,19.200563906627654,19.350491757798537,19.03064923393605,19.100614547729492,5064600,0.0,0.0
2026-01-02 00:00:00-05:00,19.290520663513842,19.630353835968073,19.160585347651647,19.49042320251465,6113200,0.0,0.0
2026-01-05 00:00:00-05:00,19.580378064552043,20.330009684461658,19.530403385789455,19.880229949951172,12216100,0.0,0.0
2026-01-06 00:00:00-05:00,20.01016709206056,20.609872767084827,19.98018114106522,20.539905548095703,7682700,0.0,0.0
2026-01-07 00:00:00-05:00,20.70982284560593,20.799778795313486,20.2200637340936,20.38998031616211,10850700,0.0,0.0
2026-01-08 00:00:00-05:00,20.27003971366556,20.79977817228486,20.07013718554505,20.679838180541992,15301700,0.0,0.0
2026-01-09 00:00:00-05:00,20.88973384638356,21.239562312818215,20.599877281448634,21.059650421142578,11530000,0.0,0.0
2026-01-12 00:00:00-05:00,21.019671217619855,21.019671217619855,19.790273917414837,20.14010238647461,11066800,0.0,0.0
2026-01-13 00:00:00-05:00,20.260044757531688,20.45994538280144,19.390471223052177,19.640348434448242,9384000,0.0,0.0
2026-01-14 00:00:00-05:00,19.600368933105877,20.010167404379377,19.350491723479994,19.83025550842285,8110600,0.0,0.0
2026-01-15 00:00:00-05:00,19.88023108270271,20.449950841270073,19.76029108427374,20.359996795654297,8914200,0.0,0.0
2026-01-16 00:00:00-05:00,20.190080311614825,20.399976263136143,20.050147770855368,20.10012435913086,7638900,0.0,0.0
2026-01-20 00:00:00-05:00,19.930207843310694,19.930207843310694,19.35049276211888,19.370481491088867,11486200,0.0,0.0
2026-01-21 00:00:00-05:00,19.560388655731288,20.000173100754687,19.51041397383832,19.700319290161133,10132600,0.0,0.0
2026-01-22 00:00:00-05:00,19.960191249797926,20.439956951516756,19.790274667325225,20.060142517089844,9629100,0.0,0.0
2026-01-23 00:00:00-05:00,19.870234870628845,20.010167404379377,19.42045703714935,19.83025550842285,7414800,0.0,0.0
2026-01-26 00:00:00-05:00,19.86024160058035,19.920211597520094,19.59037375473376,19.640348434448242,5744700,0.0,0.0
2026-01-27 00:00:00-05:00,19.5204092010168,19.65034451718338,19.260536662271733,19.560388565063477,5869000,0.0,0.0
2026-01-28 00:00:00-05:00,19.510412553766457,19.770285074801198,19.480426602966066,19.60036849975586,5981800,0.0,0.0
2026-01-29 00:00:00-05:00,19.72031021118164,19.790275529410188,19.22055575936409,19.72031021118164,6487700,0.0,0.0
2026-01-30 00:00:00-05:00,19.790274667325225,20.180084419122515,19.600369356523625,20.060142517089844,7301500,0.0,0.0
2026-02-02 00:00:00-05:00,19.88022966364939,20.10012282242634,19.73030372310896,19.860240936279297,7084400,0.0,0.0
2026-02-03 00:00:00-05:00,19.54039707817482,20.26004466376854,19.54039707817482,19.90022087097168,7999900,0.0,0.0
2026-02-04 00:00:00-05:00,19.89022629389888,21.119621756484296,19.89022629389888,21.019672393798828,10132700,0.0,0.0
2026-02-05 00:00:00-05:00,21.029666867109214,21.91922912289907,21.029666867109214,21.759307861328125,13910200,0.0,0.0
2026-02-06 00:00:00-05:00,21.72932324439927,21.859260468913224,21.299534112627153,21.719327926635742,13553700,0.0,0.0
2026-02-09 00:00:00-05:00,21.479446019546824,21.7393185621628,21.089638158828826,21.719327926635742,8335800,0.0,0.0
2026-02-10 00:00:00-05:00,21.679346809627635,22.329027160447218,21.659356175716443,21.929224014282227,8142700,0.0,0.0
2026-02-11 00:00:00-05:00,21.729321454007085,22.39899243769043,21.609381463551074,22.259061813354492,10787000,0.0,0.0
2026-02-12 00:00:00-05:00,19.510413011665335,20.10012337969747,18.57087416839877,18.700809478759766,28020700,0.0,0.0
2026-02-13 00:00:00-05:00,18.66083031548945,20.120112322172886,18.600860318253485,19.78028106689453,15813300,0.0,0.0
2026-02-17 00:00:00-05:00,20.08013227273329,20.909724514036945,19.960190375951612,20.729812622070312,11817300,0.0,0.0
2026-02-18 00:00:00-05:00,20.56989136360331,22.06915458808289,20.519916685352037,21.8592586517334,14098100,0.0,0.0
2026-02-19 00:00:00-05:00,21.879248383495575,21.919229653061247,21.19958205217401,21.329519271850586,6569000,0.0,0.0
2026-02-20 00:00:00-05:00,21.489440156052584,21.829273315684503,20.919720419731966,21.569400787353516,7378800,0.0,0.0
2026-02-23 00:00:00-05:00,21.239564084715347,21.46945067374046,21.05965217803067,21.24955940246582,6047600,0.0,0.0
2026-02-24 00:00:00-05:00,21.18958898696549,21.39948493637477,20.569892643468386,20.6198673248291,7121100,0.0,0.0
2026-02-25 00:00:00-05:00,20.429961538497903,20.91972064888231,20.19007964196749,20.719818115234375,6490000,0.0,0.0
2026-02-26 00:00:00-05:00,20.81976884509107,21.149606682614948,20.270039751355206,20.350000381469727,7145600,0.0,0.0
2026-02-27 00:00:00-05:00,20.190000534057617,20.489999771118164,19.90999984741211,20.3700008392334,36636900,0.01,0.0
2026-03-02 00:00:00-05:00,19.8799991607666,19.969999313354492,19.290000915527344,19.690000534057617,7287600,0.0,0.0
2026-03-03 00:00:00-05:00,19.059999465942383,19.31999969482422,18.469999313354492,19.030000686645508,9039500,0.0,0.0
2026-03-04 00:00:00-05:00,19.110000610351562,19.229999542236328,18.65999984741211,19.030000686645508,8653000,0.0,0.0
2026-03-05 00:00:00-05:00,18.709999084472656,18.959999084472656,18.40999984741211,18.600000381469727,10856300,0.0,0.0
2026-03-06 00:00:00-05:00,18.329999923706055,18.40999984741211,17.540000915527344,17.690000534057617,10709800,0.0,0.0
2026-03-09 00:00:00-04:00,17.260000228881836,17.969999313354492,17.0,17.90999984741211,10923600,0.0,0.0
2026-03-10 00:00:00-04:00,17.920000076293945,17.989999771118164,17.399999618530273,17.459999084472656,9355900,0.0,0.0
2026-03-11 00:00:00-04:00,17.510000228881836,18.260000228881836,17.290000915527344,18.049999237060547,12638900,0.0,0.0
2026-03-12 00:00:00-04:00,17.75,18.280000686645508,17.34000015258789,18.010000228881836,12051700,0.0,0.0
2026-03-13 00:00:00-04:00,18.399999618530273,18.559999465942383,17.219999313354492,17.399999618530273,8897400,0.0,0.0
2026-03-16 00:00:00-04:00,17.149999618530273,17.709999084472656,16.84000015258789,17.079999923706055,13190600,0.0,0.0
2026-03-17 00:00:00-04:00,17.34000015258789,17.84000015258789,17.31999969482422,17.6200008392334,7339000,0.0,0.0
2026-03-18 00:00:00-04:00,17.5,17.5,17.09000015258789,17.09000015258789,6157900,0.0,0.0
2026-03-19 00:00:00-04:00,16.899999618530273,17.049999237060547,16.360000610351562,16.65999984741211,9493600,0.0,0.0
2026-03-20 00:00:00-04:00,16.530000686645508,16.799999237060547,16.079999923706055,16.149999618530273,19145500,0.0,0.0
2026-03-23 00:00:00-04:00,16.6200008392334,16.90999984741211,16.329999923706055,16.610000610351562,11077900,0.0,0.0
2026-03-24 00:00:00-04:00,16.360000610351562,16.84000015258789,16.229999542236328,16.719999313354492,9013900,0.0,0.0
2026-03-25 00:00:00-04:00,16.979999542236328,17.229999542236328,16.450000762939453,17.1200008392334,6423200,0.0,0.0
2026-03-26 00:00:00-04:00,17.0,17.5,16.559999465942383,16.670000076293945,9618200,0.0,0.0
2026-03-27 00:00:00-04:00,16.59000015258789,16.65999984741211,15.869999885559082,15.970000267028809,6517600,0.0,0.0
2026-03-30 00:00:00-04:00,16.0,16.139999389648438,15.729999542236328,15.800000190734863,7451500,0.0,0.0
2026-03-31 00:00:00-04:00,16.079999923706055,16.950000762939453,15.899999618530273,16.799999237060547,9817300,0.0,0.0
2026-04-01 00:00:00-04:00,17.0,17.200000762939453,16.760000228881836,16.780000686645508,8409400,0.0,0.0
2026-04-02 00:00:00-04:00,16.489999771118164,17.040000915527344,16.309999465942383,16.68000030517578,6513600,0.0,0.0
2026-04-06 00:00:00-04:00,16.65999984741211,16.850000381469727,16.510000228881836,16.649999618530273,6418900,0.0,0.0
2026-04-07 00:00:00-04:00,16.709999084472656,16.799999237060547,16.3799991607666,16.6200008392334,4742300,0.0,0.0
2026-04-08 00:00:00-04:00,17.399999618530273,17.780000686645508,17.040000915527344,17.239999771118164,6358400,0.0,0.0
2026-04-09 00:00:00-04:00,17.18000030517578,17.5,16.979999542236328,17.299999237060547,5439800,0.0,0.0
2026-04-10 00:00:00-04:00,17.420000076293945,17.549999237060547,17.1200008392334,17.149999618530273,3536400,0.0,0.0
2026-04-13 00:00:00-04:00,16.959999084472656,17.68000030517578,16.809999465942383,17.6299991607666,12110000,0.0,0.0
2026-04-14 00:00:00-04:00,17.739999771118164,18.049999237060547,17.56999969482422,17.59000015258789,5761000,0.0,0.0
2026-04-15 00:00:00-04:00,17.610000610351562,17.760000228881836,17.530000686645508,17.600000381469727,4005400,0.0,0.0
2026-04-16 00:00:00-04:00,17.56999969482422,18.18000030517578,17.450000762939453,18.139999389648438,6056900,0.0,0.0
2026-04-17 00:00:00-04:00,18.260000228881836,19.190000534057617,18.25,18.709999084472656,8972800,0.0,0.0
2026-04-20 00:00:00-04:00,18.469999313354492,18.969999313354492,18.420000076293945,18.84000015258789,6730300,0.0,0.0
2026-04-21 00:00:00-04:00,18.860000610351562,19.190000534057617,18.479999542236328,18.489999771118164,7348700,0.0,0.0
2026-04-22 00:00:00-04:00,18.809999465942383,19.110000610351562,18.25,18.309999465942383,4560700,0.0,0.0
2026-04-23 00:00:00-04:00,18.309999465942383,18.489999771118164,18.079999923706055,18.40999984741211,4793700,0.0,0.0
2026-04-24 00:00:00-04:00,18.329999923706055,18.479999542236328,17.899999618530273,18.15999984741211,5051600,0.0,0.0
2026-04-27 00:00:00-04:00,18.139999389648438,18.670000076293945,18.139999389648438,18.489999771118164,7138200,0.0,0.0
2026-04-28 00:00:00-04:00,18.5,18.639999389648438,17.93000030517578,17.940000534057617,9652800,0.0,0.0
2026-04-29 00:00:00-04:00,17.790000915527344,17.81999969482422,16.829999923706055,16.899999618530273,15301400,0.0,0.0
2026-04-30 00:00:00-04:00,17.729999542236328,18.020000457763672,16.170000076293945,17.579999923706055,21192000,0.0,0.0
2026-05-01 00:00:00-04:00,17.84000015258789,17.850000381469727,17.049999237060547,17.209999084472656,10872000,0.0,0.0
2026-05-04 00:00:00-04:00,17.200000762939453,17.43000030517578,16.520000457763672,16.6200008392334,7425900,0.0,0.0
2026-05-05 00:00:00-04:00,16.739999771118164,16.959999084472656,16.479999542236328,16.75,7641400,0.0,0.0
2026-05-06 00:00:00-04:00,16.989999771118164,17.309999465942383,16.860000610351562,16.979999542236328,5871200,0.0,0.0
2026-05-07 00:00:00-04:00,17.15999984741211,17.56999969482422,17.15999984741211,17.489999771118164,6617600,0.0,0.0
2026-05-08 00:00:00-04:00,17.709999084472656,18.0,17.290000915527344,17.989999771118164,7865800,0.0,0.0
2026-05-11 00:00:00-04:00,17.959999084472656,18.09000015258789,17.280000686645508,17.530000686645508,7239900,0.0,0.0
2026-05-12 00:00:00-04:00,17.649999618530273,18.049999237060547,17.5,17.889999389648438,7160700,0.0,0.0
2026-05-13 00:00:00-04:00,17.709999084472656,17.950000762939453,17.09000015258789,17.309999465942383,7899300,0.0,0.0
2026-05-14 00:00:00-04:00,17.56999969482422,17.979999542236328,17.389999389648438,17.780000686645508,5340600,0.0,0.0
2026-05-15 00:00:00-04:00,17.65999984741211,17.815000534057617,17.229999542236328,17.299999237060547,5356434,0.0,0.0
