Date,Open,High,Low,Close,Volume,Dividends,Stock Splits
2022-01-03 00:00:00-05:00,80.07766561323669,80.53367791755733,77.87503717077443,78.53754425048828,89300,0.0,0.0
2022-01-04 00:00:00-05:00,78.92470751951755,81.22198013316483,78.92470751951755,80.0948486328125,65000,0.0,0.0
2022-01-05 00:00:00-05:00,80.29275030504097,80.29275030504097,77.48783669194361,77.5910873413086,89300,0.0,0.0
2022-01-06 00:00:00-05:00,77.69434385383421,78.95912994116802,77.53086528775682,77.9954833984375,79900,0.0,0.0
2022-01-07 00:00:00-05:00,77.99548592839342,78.7182208588848,77.53086780264182,78.21058654785156,68600,0.0,0.0
2022-01-10 00:00:00-05:00,77.4878263584641,77.4878263584641,75.49169335404927,76.09397888183594,105500,0.0,0.0
2022-01-11 00:00:00-05:00,76.42955257937359,77.48784393581356,74.92384826487537,77.2813491821289,108700,0.0,0.0
2022-01-12 00:00:00-05:00,78.01269260949731,79.08819572774124,76.95440121718134,77.50505828857422,134100,0.0,0.0
2022-01-13 00:00:00-05:00,78.02989446164364,78.02989446164364,76.59301748858387,76.95439147949219,72000,0.0,0.0
2022-01-14 00:00:00-05:00,76.24885724256922,76.66184668707226,74.8722082559621,75.19916534423828,74400,0.0,0.0
2022-01-18 00:00:00-05:00,74.45924081799674,75.11314862346364,73.85695506726248,74.57969665527344,94000,0.0,0.0
2022-01-19 00:00:00-05:00,75.53472182561275,75.95631713201432,74.08063977794245,75.20777130126953,102500,0.0,0.0
2022-01-20 00:00:00-05:00,75.207763263418,76.31767638102757,73.14279656592333,73.27185821533203,116700,0.0,0.0
2022-01-21 00:00:00-05:00,73.26326235064386,73.95158030082149,72.17915353778648,72.18775939941406,105800,0.0,0.0
2022-01-24 00:00:00-05:00,70.87994346395378,72.42006446326273,69.47748999198706,72.22217559814453,183400,0.0,0.0
2022-01-25 00:00:00-05:00,71.01762710468003,72.55774845343134,69.95932908225073,71.19831085205078,137300,0.0,0.0
2022-01-26 00:00:00-05:00,72.32541616446657,72.73841216207369,69.02147444100439,70.10558319091797,100000,0.0,0.0
2022-01-27 00:00:00-05:00,70.97458592100168,72.53191859234553,69.22797025229143,70.38091278076172,149000,0.0,0.0
2022-01-28 00:00:00-05:00,69.70981148925391,70.44115890589022,68.04063501136226,70.2604751586914,350100,0.0,0.0
2022-01-31 00:00:00-05:00,70.01094198070399,72.02428034026306,69.97652509878644,71.8694076538086,124500,0.0,0.0
2022-02-01 00:00:00-05:00,71.99846348162687,72.27379195029214,70.18301413487046,72.11031341552734,112800,0.0,0.0
2022-02-02 00:00:00-05:00,71.06063591823428,71.72314948751662,69.74422120662497,70.20023345947266,166700,0.0,0.0
2022-02-03 00:00:00-05:00,69.5205216302354,69.84747220298169,68.66011916730848,68.9354476928711,130700,0.0,0.0
2022-02-04 00:00:00-05:00,68.83218922575169,69.70979675006643,68.14386470775453,68.91822814941406,103000,0.0,0.0
2022-02-07 00:00:00-05:00,68.91823401015685,69.86467537962561,68.85800610203655,69.32262420654297,79900,0.0,0.0
2022-02-08 00:00:00-05:00,69.33122995634615,70.95739003730273,69.33122995634615,70.60462188720703,107900,0.0,0.0
2022-02-09 00:00:00-05:00,71.7919846476113,72.28241379601288,71.20691070176821,72.07591247558594,139600,0.0,0.0
2022-02-10 00:00:00-05:00,70.70787342007849,71.72314857101772,70.19163326428814,70.58741760253906,151300,0.0,0.0
2022-02-11 00:00:00-05:00,70.82832478156786,71.0004026345554,69.08170897278202,69.47749328613281,81800,0.0,0.0
2022-02-14 00:00:00-05:00,69.39145295662895,69.71840349643446,68.00620460573455,68.9010238647461,79400,0.0,0.0
2022-02-15 00:00:00-05:00,69.81305836133896,70.63043811102611,69.81305836133896,70.39813232421875,67300,0.0,0.0
2022-02-16 00:00:00-05:00,69.7442181887679,71.00040493648224,69.4516845163349,70.68206024169922,77500,0.0,0.0
2022-02-17 00:00:00-05:00,69.8474665295791,70.05396126589095,68.14386690304576,68.1868896484375,57200,0.0,0.0
2022-02-18 00:00:00-05:00,68.15247637499203,69.32262421665675,68.15247637499203,68.67732238769531,74500,0.0,0.0
2022-02-22 00:00:00-05:00,68.61709829506121,69.1849670870118,68.04063020457806,68.53966522216797,75200,0.0,0.0
2022-02-23 00:00:00-05:00,69.3828426247695,69.3828426247695,67.72226588303705,67.7997055053711,75200,0.0,0.0
2022-02-24 00:00:00-05:00,66.25099272050574,67.23185104862235,65.45942399331516,67.16301727294922,121400,0.0,0.0
2022-02-25 00:00:00-05:00,67.85993829495173,69.59794821990303,67.64483769925063,69.49469757080078,87000,0.0,0.0
2022-02-28 00:00:00-05:00,68.5998908321715,70.27767299873713,68.13527271734951,69.91630554199219,132100,0.0,0.0
2022-03-01 00:00:00-05:00,69.80444568127776,70.39812544920186,67.31788322296163,67.79110717773438,106100,0.0,0.0
2022-03-02 00:00:00-05:00,68.52245187145127,70.44115225906727,68.13527338746658,69.88188934326172,86800,0.0,0.0
2022-03-03 00:00:00-05:00,70.15721623745218,70.15721623745218,68.06643803101205,68.6343002319336,85900,0.0,0.0
2022-03-04 00:00:00-05:00,67.61198875946202,68.36573831395366,66.88422942927617,67.58599853515625,67500,0.55,0.0
2022-03-07 00:00:00-05:00,67.27409705541767,67.27409705541767,65.61065673828125,65.61065673828125,84600,0.0,0.0
2022-03-08 00:00:00-05:00,66.02652743677332,67.17014372221954,65.13416103501406,65.84458923339844,97100,0.0,0.0
2022-03-09 00:00:00-05:00,67.37804553809445,67.99317819547204,66.91886740477788,67.50800323486328,62800,0.0,0.0
2022-03-10 00:00:00-05:00,66.31242024033652,67.44737069212911,66.09582623900667,67.36940002441406,71400,0.0,0.0
2022-03-11 00:00:00-05:00,67.82856915761812,68.2444258828706,66.69361885795904,67.23943328857422,74000,0.0,0.0
2022-03-14 00:00:00-04:00,67.49933822445846,68.58230791788189,66.77157915331824,67.10079956054688,80700,0.0,0.0
2022-03-15 00:00:00-04:00,67.10081173806721,67.97585325993501,66.70227961175208,67.4386978149414,44800,0.0,0.0
2022-03-16 00:00:00-04:00,68.32240285819037,70.13312528609208,68.07115305820872,70.01183319091797,101200,0.0,0.0
2022-03-17 00:00:00-04:00,69.58731532776592,70.16778562194631,69.0934813057145,69.92520141601562,65100,0.0,0.0
2022-03-18 00:00:00-04:00,70.14178299831622,71.77056710006856,69.66528028090362,71.75324249267578,245800,0.0,0.0
2022-03-21 00:00:00-04:00,71.20743596131848,72.22975976797662,70.90419911423446,71.15544891357422,96200,0.0,0.0
2022-03-22 00:00:00-04:00,71.63195017999038,72.68892969545203,71.54531392346065,72.22975158691406,92400,0.0,0.0
2022-03-23 00:00:00-04:00,71.45002291220693,71.72726294117095,70.6442930452297,71.0514907836914,73900,0.0,0.0
2022-03-24 00:00:00-04:00,71.37204291349677,71.37204291349677,70.7915726578493,71.33738708496094,41600,0.0,0.0
2022-03-25 00:00:00-04:00,71.5626478533349,72.83622148099191,71.5626478533349,72.48966979980469,72600,0.0,0.0
2022-03-28 00:00:00-04:00,72.51566423327716,73.30406951904297,71.74459016803584,73.30406951904297,75800,0.0,0.0
2022-03-29 00:00:00-04:00,74.17043771698098,75.28806336676284,74.17043771698098,75.05413818359375,79800,0.0,0.0
2022-03-30 00:00:00-04:00,75.2360807700836,75.72125577390575,74.13578627394267,74.54298400878906,92900,0.0,0.0
2022-03-31 00:00:00-04:00,74.01450037338832,75.3487201782595,74.01450037338832,74.41303253173828,116000,0.0,0.0
2022-04-01 00:00:00-04:00,74.76824957259454,76.13711859479062,74.76824957259454,75.98117065429688,78900,0.0,0.0
2022-04-04 00:00:00-04:00,76.18911330769595,76.30173981662685,75.66062337899933,75.79924011230469,79700,0.0,0.0
2022-04-05 00:00:00-04:00,75.8425552923748,76.42302562185375,74.87221179972134,75.3227310180664,79700,0.0,0.0
2022-04-06 00:00:00-04:00,74.97616561631199,76.26706376075481,74.56896791593637,75.9378433227539,142100,0.0,0.0
2022-04-07 00:00:00-04:00,75.73858780919575,76.1804414169151,74.9761793140475,75.80789947509766,165300,0.0,0.0
2022-04-08 00:00:00-04:00,75.97251476361647,75.97251476361647,74.23109712513818,74.49101257324219,101500,0.0,0.0
2022-04-11 00:00:00-04:00,74.59498609785001,74.77692429836586,72.40305546935002,73.74594116210938,93800,0.0,0.0
2022-04-12 00:00:00-04:00,74.70759918351044,75.37470573973707,73.4513501218939,73.52932739257812,127300,0.0,0.0
2022-04-13 00:00:00-04:00,73.20009896404503,73.90186794760842,72.5849728596323,73.76324462890625,99000,0.0,0.0
2022-04-14 00:00:00-04:00,73.79791343368016,73.81523804660212,71.1468047916595,71.51068115234375,76200,0.0,0.0
2022-04-18 00:00:00-04:00,71.03416130209378,71.47601488122915,70.38437934862806,71.00817108154297,75300,0.0,0.0
2022-04-19 00:00:00-04:00,70.94752991106864,73.99717712402344,70.94752991106864,73.99717712402344,98000,0.0,0.0
2022-04-20 00:00:00-04:00,74.54298371905382,75.48733028349635,74.31772413279494,75.08013916015625,103700,0.0,0.0
2022-04-21 00:00:00-04:00,74.18777959187499,75.79923959126214,72.54167036684328,72.654296875,106500,0.0,0.0
2022-04-22 00:00:00-04:00,72.76691139730507,72.76691139730507,70.96485451400083,71.0514907836914,92700,0.0,0.0
2022-04-25 00:00:00-04:00,70.86956957624035,71.55400089736057,69.43138203785803,71.19012451171875,85300,0.0,0.0
2022-04-26 00:00:00-04:00,70.47102111305774,71.99584473348305,67.70728615032203,68.03650665283203,88400,0.0,0.0
2022-04-27 00:00:00-04:00,68.10581796900286,69.28408985918448,68.08848674742484,68.51301574707031,94900,0.0,0.0
2022-04-28 00:00:00-04:00,69.44002092839297,70.16777341962737,68.01049955212802,69.82988739013672,73900,0.0,0.0
2022-04-29 00:00:00-04:00,69.42269905647022,70.34106201274585,67.06616214148998,67.30874633789062,107300,0.0,0.0
2022-05-02 00:00:00-04:00,67.25675346365485,68.29640842808699,66.20843950004662,67.56864929199219,92500,0.0,0.0
2022-05-03 00:00:00-04:00,67.47335639947298,68.14913519073633,66.71094794538406,67.3347396850586,63300,0.0,0.0
2022-05-04 00:00:00-04:00,67.48201133648053,69.4053666929629,66.62430113504912,69.24075317382812,69500,0.0,0.0
2022-05-05 00:00:00-04:00,68.27042757651961,68.27908657688357,65.48935495733113,66.31241607666016,63400,0.0,0.0
2022-05-06 00:00:00-04:00,66.02651352748869,66.91887974126021,64.97819937083021,66.0351791381836,70800,0.0,0.0
2022-05-09 00:00:00-04:00,64.90021978555568,66.24309842205567,64.4497006302721,65.66262817382812,118600,0.0,0.0
2022-05-10 00:00:00-04:00,66.6243281377972,66.6243281377972,63.10683642754462,63.45338821411133,198800,0.0,0.0
2022-05-11 00:00:00-04:00,63.34941330887919,63.470705415890826,60.438389520751706,60.53369140625,163800,0.0,0.0
2022-05-12 00:00:00-04:00,60.58566335771502,61.65130855987188,60.10049499766867,61.5213508605957,91900,0.0,0.0
2022-05-13 00:00:00-04:00,62.47308642712775,64.3590628503074,62.47308642712775,63.62562942504883,89700,0.55,0.0
2022-05-16 00:00:00-04:00,63.29381195665929,63.29381195665929,62.106342989501876,62.202388763427734,62100,0.0,0.0
2022-05-17 00:00:00-04:00,63.30255488893685,64.18442682916682,62.656434124951105,63.9574089050293,58500,0.0,0.0
2022-05-18 00:00:00-04:00,63.07553043578769,63.85262325485818,61.76582253917198,62.30717086791992,74600,0.0,0.0
2022-05-19 00:00:00-04:00,61.59120689165627,63.56450228918321,61.59120689165627,62.813602447509766,97300,0.0,0.0
2022-05-20 00:00:00-04:00,63.625627860574795,63.625627860574795,61.95792952604432,63.276371002197266,90000,0.0,0.0
2022-05-23 00:00:00-04:00,64.30666012965115,64.58606421913271,63.520834046259615,64.04471588134766,98900,0.0,0.0
2022-05-24 00:00:00-04:00,63.58195754135923,64.44636295750901,62.1849370047739,64.1844253540039,103800,0.0,0.0
2022-05-25 00:00:00-04:00,63.52083873419691,65.89577700082374,63.52083873419691,65.78226470947266,121500,0.0,0.0
2022-05-26 00:00:00-04:00,65.8957889157782,65.99183472050974,64.29794324963044,65.48541259765625,94400,0.0,0.0
2022-05-27 00:00:00-04:00,65.67749894307704,67.37139027819121,65.67749894307704,67.33646392822266,83000,0.0,0.0
2022-05-31 00:00:00-04:00,66.64668732006406,67.58967883863775,65.67750270289453,66.54190826416016,175600,0.0,0.0
2022-06-01 00:00:00-04:00,66.3148807629529,66.3148807629529,64.61226298406179,65.00517272949219,103200,0.0,0.0
2022-06-02 00:00:00-04:00,65.23220641286139,66.79512584308206,64.75198401482382,66.72527313232422,66400,0.0,0.0
2022-06-03 00:00:00-04:00,66.41093407013697,66.46332692724015,65.30205074067058,65.6600341796875,71500,0.0,0.0
2022-06-06 00:00:00-04:00,66.48952705845886,66.48952705845886,65.25839803986669,65.5290756225586,52900,0.0,0.0
2022-06-07 00:00:00-04:00,64.66465667961889,66.13153011382198,64.65593008801028,66.03548431396484,56100,0.0,0.0
2022-06-08 00:00:00-04:00,65.23219065692903,65.45047532918278,63.51210637372633,63.7391242980957,112600,0.0,0.0
2022-06-09 00:00:00-04:00,63.33747198026617,63.44225100567651,61.28559769532316,61.468955993652344,155000,0.0,0.0
2022-06-10 00:00:00-04:00,60.63074524061462,61.67850887397249,60.10685676241697,61.02365493774414,193800,0.0,0.0
2022-06-13 00:00:00-04:00,59.49567623279676,59.49567623279676,57.40014181804886,57.72320556640625,149800,0.0,0.0
2022-06-14 00:00:00-04:00,57.68827889363424,58.02880248470895,56.59685541928705,56.7365608215332,155400,0.0,0.0
2022-06-15 00:00:00-04:00,57.17312430559691,58.832082486027026,56.317445459026814,57.9327507019043,218700,0.0,0.0
2022-06-16 00:00:00-04:00,56.27379212769916,56.8849932751872,55.811029636677816,56.457157135009766,125800,0.0,0.0
2022-06-17 00:00:00-04:00,57.120739234270026,58.0986570976115,56.98976708073458,57.26044464111328,168800,0.0,0.0
2022-06-21 00:00:00-04:00,58.46536510577152,58.48283160979027,57.82797760099598,58.054988861083984,96100,0.0,0.0
2022-06-22 00:00:00-04:00,57.45254047161787,58.09866137200276,57.15566979099502,57.21678924560547,184700,0.0,0.0
2022-06-23 00:00:00-04:00,57.27790004241999,57.60969702717072,56.42222780721217,57.181854248046875,92000,0.0,0.0
2022-06-24 00:00:00-04:00,57.71447055267348,59.74015220411204,57.44379966946818,59.65283966064453,221700,0.0,0.0
2022-06-27 00:00:00-04:00,60.15925782293597,60.36007599368738,59.373431659840044,59.87112045288086,92800,0.0,0.0
2022-06-28 00:00:00-04:00,60.3338868466021,60.5521715361061,58.561416233672816,58.60507583618164,70300,0.0,0.0
2022-06-29 00:00:00-04:00,59.085309175922504,59.085309175922504,56.36112000620872,56.52701187133789,164600,0.0,0.0
2022-06-30 00:00:00-04:00,55.44430937932614,55.79356620378335,54.14333120552097,55.522891998291016,308900,0.0,0.0
2022-07-01 00:00:00-04:00,54.99900817125955,56.84132803017762,54.99900817125955,56.780208587646484,106000,0.0,0.0
2022-07-05 00:00:00-04:00,55.62767618843551,57.74067063912144,54.623568493970865,57.7144775390625,122200,0.0,0.0
2022-07-06 00:00:00-04:00,57.88037155533665,58.0375368049936,56.87626060816839,57.60096740722656,106300,0.0,0.0
2022-07-07 00:00:00-04:00,58.24707888028793,58.98924540479294,57.87162899214737,58.48283004760742,84900,0.0,0.0
2022-07-08 00:00:00-04:00,58.36058400966594,58.779693491593974,56.97229675747284,57.731929779052734,117000,0.0,0.0
2022-07-11 00:00:00-04:00,57.33029706803471,57.61842781059852,56.815141709685314,57.10327911376953,72500,0.0,0.0
2022-07-12 00:00:00-04:00,57.12947456050955,58.36059686076469,56.771484438624434,57.36521911621094,92500,0.0,0.0
2022-07-13 00:00:00-04:00,56.55319088492588,57.66208076863168,56.046775499737684,57.15565872192383,83100,0.0,0.0
2022-07-14 00:00:00-04:00,56.31744440605804,58.25581332587709,56.02058045478023,58.11610794067383,101300,0.0,0.0
2022-07-15 00:00:00-04:00,59.198795993521784,59.757604129191826,58.22087842533998,59.29484176635742,92900,0.0,0.0
2022-07-18 00:00:00-04:00,59.81001544688897,60.6482280026745,58.64873909565143,58.78844451904297,87700,0.0,0.0
2022-07-19 00:00:00-04:00,59.347239934718694,61.04985777613266,59.347239934718694,60.8752326965332,222400,0.0,0.0
2022-07-20 00:00:00-04:00,60.77919683506313,61.530096790766606,59.80127890957187,61.119720458984375,107600,0.0,0.0
2022-07-21 00:00:00-04:00,60.290233191290206,64.31540335097509,59.0503711068422,60.58709716796875,120300,0.0,0.0
2022-07-22 00:00:00-04:00,60.491061013507604,61.0673358763433,59.81874700172034,60.656959533691406,94800,0.0,0.0
2022-07-25 00:00:00-04:00,60.63076111362142,61.31180831975264,60.19419170850956,60.88397216796875,101800,0.0,0.0
2022-07-26 00:00:00-04:00,60.70060405126857,61.399117728331596,60.38628022426234,61.01493453979492,69300,0.0,0.0
2022-07-27 00:00:00-04:00,61.41658065516511,62.35084557627513,60.901431955153136,61.949195861816406,69900,0.0,0.0
2022-07-28 00:00:00-04:00,62.21114872622211,63.451004407333976,61.879358331163296,63.38988494873047,50300,0.0,0.0
2022-07-29 00:00:00-04:00,63.38114804379691,64.36779924066944,63.38114804379691,64.34160614013672,65300,0.0,0.0
2022-08-01 00:00:00-04:00,63.712951987345065,65.02266044811321,63.4073546788035,64.83930206298828,80000,0.0,0.0
2022-08-02 00:00:00-04:00,64.56859309940215,64.87419692107675,63.58194893617854,64.3677749633789,61300,0.0,0.0
2022-08-03 00:00:00-04:00,64.41145502624563,65.19728138446264,63.97488556740522,64.91787719726562,78900,0.0,0.0
2022-08-04 00:00:00-04:00,64.82180817330305,65.36315650657765,64.57733042973352,64.97897338867188,126000,0.0,0.0
2022-08-05 00:00:00-04:00,64.66466524089115,65.38937213157143,64.21936919516622,65.2583999633789,85600,0.0,0.0
2022-08-08 00:00:00-04:00,65.48540058043787,66.51570448269753,65.38935479333168,66.18391418457031,97500,0.0,0.0
2022-08-09 00:00:00-04:00,66.11406095075381,66.11406095075381,65.47666679258565,65.65129852294922,109800,0.0,0.0
2022-08-10 00:00:00-04:00,66.68161812877538,68.40169611289794,66.38474744796619,68.06117248535156,95300,0.0,0.0
2022-08-11 00:00:00-04:00,68.31437719498973,68.31437719498973,67.14437441168246,67.44123840332031,114700,0.0,0.0
2022-08-12 00:00:00-04:00,67.69625784105142,68.48771297504618,67.21258485090459,68.29425048828125,87500,0.55,0.0
2022-08-15 00:00:00-04:00,67.76660844736337,68.7867163692187,67.57313924085328,68.48771667480469,90300,0.0,0.0
2022-08-16 00:00:00-04:00,68.16235895742312,68.29427042135455,67.68748171284739,67.7578353881836,66200,0.0,0.0
2022-08-17 00:00:00-04:00,66.77288137906797,67.45001682359725,66.27162335383908,67.27413940429688,68900,0.0,0.0
2022-08-18 00:00:00-04:00,67.10706107144006,67.52038044806771,66.82565313341827,67.309326171875,79800,0.0,0.0
2022-08-19 00:00:00-04:00,66.72891922831431,67.33570782671352,66.60580367346441,67.20379638671875,94700,0.0,0.0
2022-08-22 00:00:00-04:00,66.2540474825486,66.26284336841205,65.35706169403491,65.8231430053711,79200,0.0,0.0
2022-08-23 00:00:00-04:00,65.67363666778446,66.41232994672751,65.4186096902558,66.14851379394531,103400,0.0,0.0
2022-08-24 00:00:00-04:00,66.30682292616024,66.82566618759134,66.13093873722919,66.65858459472656,55400,0.0,0.0
2022-08-25 00:00:00-04:00,66.8520332653945,68.09199138018167,66.8520332653945,67.42364501953125,44400,0.0,0.0
2022-08-26 00:00:00-04:00,67.43243854153887,67.59952680317004,64.80303261580151,64.82061767578125,71300,0.0,0.0
2022-08-29 00:00:00-04:00,64.37213142925735,64.78545085019127,63.95002283162347,64.0027847290039,69700,0.0,0.0
2022-08-30 00:00:00-04:00,64.06433413448615,64.06433413448615,63.19372939508469,63.255287170410156,59100,0.0,0.0
2022-08-31 00:00:00-04:00,63.703798783093504,63.98520678257862,62.771629333496094,62.771629333496094,78500,0.0,0.0
2022-09-01 00:00:00-04:00,62.411062608235284,63.1585517877874,61.97136230152295,62.87714385986328,73300,0.0,0.0
2022-09-02 00:00:00-04:00,63.52791546028484,64.24902388817391,61.93620207039098,62.2967529296875,57200,0.0,0.0
2022-09-06 00:00:00-04:00,62.29673394855151,63.03543392555449,61.83944859844032,62.7804069519043,61200,0.0,0.0
2022-09-07 00:00:00-04:00,62.7100691308917,63.94123159726371,62.61333450579347,63.88846969604492,51500,0.0,0.0
2022-09-08 00:00:00-04:00,63.39598187217732,65.18117060880321,63.39598187217732,64.98770141601562,71400,0.0,0.0
2022-09-09 00:00:00-04:00,65.19875876736168,66.30680538191184,65.19875876736168,65.64725494384766,64100,0.0,0.0
2022-09-12 00:00:00-04:00,66.31560052288857,67.63470138422846,66.21886592298013,66.86082458496094,86400,0.0,0.0
2022-09-13 00:00:00-04:00,65.26911461926836,65.57690349219023,63.703782600442175,64.0995101928711,70700,0.0,0.0
2022-09-14 00:00:00-04:00,63.79171357339292,64.27537982659481,62.39346327863862,63.12336730957031,61300,0.0,0.0
2022-09-15 00:00:00-04:00,63.16735607131375,64.04675680166434,62.38468995804533,62.71006393432617,54600,0.0,0.0
2022-09-16 00:00:00-04:00,62.129662139044044,64.17866742453941,61.67237000796003,63.85328674316406,250200,0.0,0.0
2022-09-19 00:00:00-04:00,63.14097576703173,64.96133502905629,63.14097576703173,64.48645782470703,89800,0.0,0.0
2022-09-20 00:00:00-04:00,63.765356627852874,63.80932264416556,62.499017274438785,62.947513580322266,76200,0.0,0.0
2022-09-21 00:00:00-04:00,63.51031341404844,64.62714924169468,62.35830075672828,62.384681701660156,129200,0.0,0.0
2022-09-22 00:00:00-04:00,62.44624328424362,62.44624328424362,61.3118156179358,61.654781341552734,87600,0.0,0.0
2022-09-23 00:00:00-04:00,60.98642965209382,61.39095311889228,58.96381231810153,60.3444709777832,116300,0.0,0.0
2022-09-26 00:00:00-04:00,60.31808703002034,60.766583237646635,59.016577832410945,59.31557083129883,139900,0.0,0.0
2022-09-27 00:00:00-04:00,59.790446501526326,60.51155474428422,57.60074082803989,57.69747543334961,135100,0.0,0.0
2022-09-28 00:00:00-04:00,58.277889309199445,59.08694316155211,57.846984786594604,58.453773498535156,129900,0.0,0.0
2022-09-29 00:00:00-04:00,57.82939034744202,57.82939034744202,55.903500719525525,56.167320251464844,121800,0.0,0.0
2022-09-30 00:00:00-04:00,56.16731723659501,56.492694530033454,55.03289297468321,55.07686233520508,166400,0.0,0.0
2022-10-03 00:00:00-04:00,55.815557876475665,56.536666109418704,55.17359583274087,55.91229248046875,121400,0.0,0.0
2022-10-04 00:00:00-04:00,56.862043079455496,58.541694649866145,56.48390057261533,57.7414436340332,131000,0.0,0.0
2022-10-05 00:00:00-04:00,56.86204598639948,57.301746286167024,56.14972693845606,56.81807327270508,76300,0.0,0.0
2022-10-06 00:00:00-04:00,56.44873274416497,56.73892987437449,55.6133014132054,56.00023651123047,88900,0.0,0.0
2022-10-07 00:00:00-04:00,55.08565242817066,55.08565242817066,52.80800476558236,53.150970458984375,118700,0.0,0.0
2022-10-10 00:00:00-04:00,53.441179654182854,53.80173379831136,52.73765978205983,52.86956787109375,94000,0.0,0.0
2022-10-11 00:00:00-04:00,51.963782868271196,52.297956043804454,49.05296560289265,49.941162109375,321800,0.0,0.0
2022-10-12 00:00:00-04:00,50.23136017267077,50.23136017267077,48.921055187532914,48.929847717285156,190600,0.0,0.0
2022-10-13 00:00:00-04:00,47.83060069179901,50.40724485793932,46.92481909815249,50.152217864990234,334100,0.0,0.0
2022-10-14 00:00:00-04:00,50.671061666187875,50.882119286372074,48.73637967397981,48.82432174682617,173800,0.0,0.0
2022-10-17 00:00:00-04:00,49.74768840868358,51.260258414900555,49.34316496434778,50.72382354736328,156900,0.0,0.0
2022-10-18 00:00:00-04:00,51.937403864170975,52.19242750445253,51.34820368121979,51.620819091796875,224300,0.0,0.0
2022-10-19 00:00:00-04:00,50.5743237107585,50.90849685612787,50.11703838085958,50.72382354736328,159300,0.0,0.0
2022-10-20 00:00:00-04:00,46.02783143612298,50.91730039386806,46.02783143612298,49.993927001953125,272200,0.0,0.0
2022-10-21 00:00:00-04:00,50.70623663290261,50.9524677185343,49.74768987929033,50.873321533203125,284100,0.0,0.0
2022-10-24 00:00:00-04:00,51.24267805862049,51.85825920593994,51.02282788848121,51.462528228759766,104100,0.0,0.0
2022-10-25 00:00:00-04:00,51.392172252035195,52.62333449128613,51.392172252035195,52.5265998840332,117900,0.0,0.0
2022-10-26 00:00:00-04:00,52.80800703278256,53.30047259206385,52.26277958280315,52.27157211303711,125100,0.0,0.0
2022-10-27 00:00:00-04:00,52.80800863184876,53.581882147110775,52.447454497689286,52.535396575927734,145700,0.0,0.0
2022-10-28 00:00:00-04:00,52.588155755735876,53.61705621284799,52.588155755735876,53.23011779785156,99800,0.0,0.0
2022-10-31 00:00:00-04:00,53.01906239592648,53.880874571889244,52.86956255115445,52.90473937988281,114700,0.0,0.0
2022-11-01 00:00:00-04:00,53.362039203252856,53.60827034634051,52.88716198045718,53.2037467956543,90300,0.0,0.0
2022-11-02 00:00:00-04:00,53.24771357951101,54.55802214446025,52.27157823157022,52.30675506591797,160500,0.0,0.0
2022-11-03 00:00:00-04:00,51.58564070568176,51.88463705339569,50.926090234664024,50.987648010253906,125800,0.0,0.0
2022-11-04 00:00:00-04:00,51.664787698370205,52.394691841190614,51.488906899105885,52.15725326538086,87600,0.0,0.0
2022-11-07 00:00:00-05:00,52.57057501603376,52.878367286957676,51.95499718348109,52.06931686401367,133700,0.0,0.0
2022-11-08 00:00:00-05:00,52.33312421813303,53.42358235458395,51.6296044629938,52.42106628417969,121200,0.0,0.0
2022-11-09 00:00:00-05:00,51.867043696852164,52.32433238241577,50.978850623212075,51.51528549194336,91900,0.0,0.0
2022-11-10 00:00:00-05:00,53.645852727059655,57.329956145065175,53.645852727059655,57.21454620361328,194200,0.55,0.0
2022-11-11 00:00:00-05:00,57.5075017593462,60.02867397643178,56.957110111240134,59.211952209472656,171900,0.0,0.0
2022-11-14 00:00:00-05:00,58.70594956618863,59.71796755278741,57.48975619561689,57.693931579589844,131600,0.0,0.0
2022-11-15 00:00:00-05:00,58.581660229286626,58.84798357244094,57.64066282314025,57.94248962402344,96500,0.0,0.0
2022-11-16 00:00:00-05:00,57.83597235196847,58.58166696188646,56.61977221201966,58.350860595703125,104600,0.0,0.0
2022-11-17 00:00:00-05:00,57.64954140926443,58.883493124075216,57.23230467047963,58.084529876708984,104900,0.0,0.0
2022-11-18 00:00:00-05:00,59.12317633462868,59.65581622049525,57.747190527213675,58.51951599121094,155700,0.0,0.0
2022-11-21 00:00:00-05:00,58.04902105954484,58.83910507537163,57.480870908228596,57.76494598388672,88500,0.0,0.0
2022-11-22 00:00:00-05:00,58.02238566875346,58.421863885351506,57.569638723161084,57.79157257080078,89200,0.0,0.0
2022-11-23 00:00:00-05:00,57.471998686480816,58.04014890728593,57.17017184481523,58.004638671875,73000,0.0,0.0
2022-11-25 00:00:00-05:00,57.92473759578201,58.58165992651441,57.8359654061507,57.995758056640625,36200,0.0,0.0
2022-11-28 00:00:00-05:00,57.53414029974453,59.256349478117095,57.53414029974453,58.63493728637695,268100,0.0,0.0
2022-11-29 00:00:00-05:00,58.65269117237227,58.90125605819937,57.79158655155325,57.96025848388672,90600,0.0,0.0
2022-11-30 00:00:00-05:00,57.924745365358746,58.84799116170605,56.38896325093382,58.81248092651367,147200,0.0,0.0
2022-12-01 00:00:00-05:00,58.883497108478345,59.88663578128738,58.421870857482006,59.77123260498047,115400,0.0,0.0
2022-12-02 00:00:00-05:00,58.54614348146687,60.49916531046388,58.43961957437028,59.99315643310547,136000,0.0,0.0
2022-12-05 00:00:00-05:00,59.504911209365034,60.561318652366175,59.504911209365034,59.96653747558594,123800,0.0,0.0
2022-12-06 00:00:00-05:00,59.71796684394877,59.99316946713256,57.596279443466436,57.83597183227539,157200,0.0,0.0
2022-12-07 00:00:00-05:00,57.96025848388672,59.22084141794427,57.827096788512144,57.96025848388672,87000,0.0,0.0
2022-12-08 00:00:00-05:00,58.45737962450237,59.44276654274583,58.31534547052283,58.83022689819336,90700,0.0,0.0
2022-12-09 00:00:00-05:00,59.114295513800755,59.948768935649625,58.76807925854079,59.318477630615234,81000,0.0,0.0
2022-12-12 00:00:00-05:00,59.52266494423394,59.833370998788794,59.078797216902984,59.327362060546875,93200,0.0,0.0
2022-12-13 00:00:00-05:00,61.40465997581822,62.46994658865335,59.76235073385861,60.47254180908203,302800,0.0,0.0
2022-12-14 00:00:00-05:00,60.31274171822476,61.33363195024992,59.02552139972874,59.33622741699219,100300,0.0,0.0
2022-12-15 00:00:00-05:00,58.4218686595971,58.4218686595971,56.75292842719855,57.46311950683594,118200,0.0,0.0
2022-12-16 00:00:00-05:00,56.69079162807009,57.56964790853958,56.602016042984786,57.108028411865234,225100,0.0,0.0
2022-12-19 00:00:00-05:00,56.815071046288985,57.64066531834574,56.45109963285638,57.14353561401367,157900,0.0,0.0
2022-12-20 00:00:00-05:00,57.02812124477295,57.20567239175717,56.07824462027947,56.08712387084961,120100,0.0,0.0
2022-12-21 00:00:00-05:00,56.47773577417551,57.072520364487325,56.246926016995175,56.73517990112305,90700,0.0,0.0
2022-12-22 00:00:00-05:00,56.104884883316814,56.104884883316814,54.85317795025393,55.41244888305664,158200,0.0,0.0
2022-12-23 00:00:00-05:00,55.14612311048441,56.37119893314064,54.835417069366684,56.08712387084961,71000,0.0,0.0
2022-12-27 00:00:00-05:00,56.08713184533099,56.82395397108866,55.35030971957331,56.752933502197266,77800,0.0,0.0
2022-12-28 00:00:00-05:00,56.45110135757548,56.93935521200845,55.91846140481992,56.016109466552734,107000,0.0,0.0
2022-12-29 00:00:00-05:00,56.406712745898794,57.66729549159131,56.406712745898794,57.64954376220703,101300,0.0,0.0
2022-12-30 00:00:00-05:00,57.2944469099372,57.68505267631127,56.788437972990785,57.312198638916016,114500,0.0,0.0
2023-01-03 00:00:00-05:00,57.95136543140544,58.901242031984,57.6229076703007,58.723697662353516,144100,0.0,0.0
2023-01-04 00:00:00-05:00,59.35399390861861,60.1174469526246,59.22083223389494,59.78898239135742,118300,0.0,0.0
2023-01-05 00:00:00-05:00,59.3451157929116,59.5404186831916,58.56391100467589,58.98114776611328,77500,0.0,0.0
2023-01-06 00:00:00-05:00,59.54042556477951,61.05845260620117,59.42502237667788,61.05845260620117,98400,0.0,0.0
2023-01-09 00:00:00-05:00,61.147215798412645,62.1947439078769,60.88977170331132,61.59108352661133,99000,0.0,0.0
2023-01-10 00:00:00-05:00,61.67987706543925,62.363430548319116,61.52008437461354,61.73313903808594,125200,0.0,0.0
2023-01-11 00:00:00-05:00,61.875157371982255,63.95246182056564,61.875157371982255,63.92583084106445,104200,0.0,0.0
2023-01-12 00:00:00-05:00,64.10338807275181,64.36971146693084,63.23341096115282,64.36083221435547,103400,0.0,0.0
2023-01-13 00:00:00-05:00,64.11226024613295,66.05640319946835,63.72165445056998,65.63028717041016,124700,0.0,0.0
2023-01-17 00:00:00-05:00,65.4083492505505,65.8877272137988,64.25429043833597,64.81356811523438,91300,0.0,0.0
2023-01-18 00:00:00-05:00,65.15089047766166,65.94985356977112,63.75714638421394,63.97908020019531,128200,0.0,0.0
2023-01-19 00:00:00-05:00,63.33993099983196,63.561864890351956,62.83392200036174,63.54411315917969,66100,0.0,0.0
2023-01-20 00:00:00-05:00,64.08562551013766,64.90234051403168,63.19789004341354,64.8757095336914,100300,0.0,0.0
2023-01-23 00:00:00-05:00,64.67153413556458,65.34621505698959,64.40521753152551,65.16867065429688,108300,0.0,0.0
2023-01-24 00:00:00-05:00,65.48824048750875,65.48824048750875,63.49083574571602,65.10651397705078,143600,0.0,0.0
2023-01-25 00:00:00-05:00,64.22766153470171,64.23654078603526,62.70075540377609,63.59737014770508,194800,0.0,0.0
2023-01-26 00:00:00-05:00,62.92268458405069,63.117987461517174,61.06732079388673,61.51118850708008,304500,0.0,0.0
2023-01-27 00:00:00-05:00,61.26263775984218,63.33105663160307,61.26263775984218,63.100250244140625,119400,0.0,0.0
2023-01-30 00:00:00-05:00,62.336794474780824,64.280937592354,62.336794474780824,63.68614959716797,118500,0.0,0.0
2023-01-31 00:00:00-05:00,63.71276951714288,65.28406503797883,63.61512484984449,65.221923828125,123100,0.0,0.0
2023-02-01 00:00:00-05:00,64.76919006765563,67.14832180183141,64.63602836998564,66.5979232788086,107900,0.0,0.0
2023-02-02 00:00:00-05:00,67.19269147081667,70.01569018254467,67.1660604937156,68.72846984863281,133300,0.0,0.0
2023-02-03 00:00:00-05:00,67.29034996999424,68.32011957240294,66.44699722687335,67.52115631103516,151800,0.0,0.0
2023-02-06 00:00:00-05:00,67.33474775578644,67.33474775578644,66.06528550428011,66.31385040283203,91700,0.0,0.0
2023-02-07 00:00:00-05:00,65.84334365485628,66.90863037109375,65.67467850710432,66.90863037109375,99000,0.0,0.0
2023-02-08 00:00:00-05:00,66.47362928689816,67.06841719678796,65.88772740096417,65.95874786376953,68500,0.0,0.0
2023-02-09 00:00:00-05:00,66.58904232888294,66.67781452507592,64.95560547281754,65.38172149658203,66600,0.0,0.0
2023-02-10 00:00:00-05:00,64.97337368477416,65.93212302896268,64.72480878913693,65.63917541503906,75800,0.0,0.0
2023-02-13 00:00:00-05:00,65.58589666078767,66.88198968513653,65.5326346978191,66.82872772216797,58800,0.0,0.0
2023-02-14 00:00:00-05:00,66.34933345133672,66.93524199171715,65.36394674097524,65.61251831054688,108800,0.0,0.0
2023-02-15 00:00:00-05:00,64.91122551298423,66.44700421359481,64.39633727119879,65.82559204101562,47400,0.0,0.0
2023-02-16 00:00:00-05:00,64.91121766120823,66.13629012734228,64.76917674015182,65.04437255859375,54100,0.0,0.0
2023-02-17 00:00:00-05:00,65.19529056564546,65.98537453735653,64.73366436042419,65.86996459960938,102700,0.0,0.0
2023-02-21 00:00:00-05:00,65.00000105418823,65.61254077927796,64.34307861328125,64.34307861328125,186300,0.0,0.0
2023-02-22 00:00:00-05:00,64.40522572205727,65.05326896989489,63.93472012660533,64.20992279052734,94400,0.0,0.0
2023-02-23 00:00:00-05:00,64.60939425766897,64.86683838793351,63.45534207045559,64.45848083496094,117400,0.0,0.0
2023-02-24 00:00:00-05:00,63.783788192221344,64.10337348334706,63.322168756641815,64.00572204589844,113100,0.0,0.0
2023-02-27 00:00:00-05:00,64.78692618406664,65.01773248918916,63.6683777922218,63.91694259643555,54100,0.0,0.0
2023-02-28 00:00:00-05:00,63.91697160697021,65.355105906366,63.91697160697021,64.23655700683594,127300,0.0,0.0
2023-03-01 00:00:00-05:00,64.08562479321432,64.44959280859977,63.020338181332214,63.42869567871094,98600,0.0,0.0
2023-03-02 00:00:00-05:00,62.73626897807456,63.38431890225878,62.26577022559786,63.26003646850586,117900,0.0,0.0
2023-03-03 00:00:00-05:00,63.56428944949301,64.27125619203758,63.06315123300415,64.15492248535156,83900,0.57,0.0
2023-03-06 00:00:00-05:00,64.06542342986567,64.32494336838639,63.63587836627638,63.96699142456055,70000,0.0,0.0
2023-03-07 00:00:00-05:00,64.0117423285322,64.02964402510834,63.081052103979275,63.13475036621094,70000,0.0,0.0
2023-03-08 00:00:00-05:00,63.39426206940525,63.7253751735243,63.06315579278284,63.501651763916016,75700,0.0,0.0
2023-03-09 00:00:00-05:00,63.43004771088004,63.573233945569456,60.97804147553513,61.04068374633789,134100,0.0,0.0
2023-03-10 00:00:00-05:00,60.57535043707873,60.76327727523195,57.577451391906294,58.087547302246094,133400,0.0,0.0
2023-03-13 00:00:00-04:00,56.78100140937,58.04280128896719,56.15457518668915,57.33583450317383,205700,0.0,0.0
2023-03-14 00:00:00-04:00,58.8571504243491,59.1793126739735,57.326883152381455,58.06069564819336,134500,0.0,0.0
2023-03-15 00:00:00-04:00,56.75415132705603,57.487963816993656,56.26196052240248,57.11211013793945,281600,0.0,0.0
2023-03-16 00:00:00-04:00,56.44989481930806,57.953316470714704,55.76082627793431,57.13001251220703,137700,0.0,0.0
2023-03-17 00:00:00-04:00,56.74521130399762,57.38058844698451,55.90401242643216,56.63782501220703,380900,0.0,0.0
2023-03-20 00:00:00-04:00,57.18370114180583,57.2642417005759,55.134394023793575,55.46550369262695,196800,0.0,0.0
2023-03-21 00:00:00-04:00,56.503580699828284,57.55955540863154,56.19036930897483,56.85258865356445,247300,0.0,0.0
2023-03-22 00:00:00-04:00,56.933128617994434,56.933128617994434,55.411808848864204,55.46550369262695,253100,0.0,0.0
2023-03-23 00:00:00-04:00,55.7787251428681,56.127733134558035,54.02473092210179,54.17686462402344,171100,0.0,0.0
2023-03-24 00:00:00-04:00,53.550435957417015,54.499024451909854,52.83452172277541,54.45427703857422,227300,0.0,0.0
2023-03-27 00:00:00-04:00,54.91067733155531,55.393920743164145,54.73169791091332,54.78539276123047,99400,0.0,0.0
2023-03-28 00:00:00-04:00,54.57060891404533,55.232831650917916,54.04262157675779,54.63325119018555,360700,0.0,0.0
2023-03-29 00:00:00-04:00,55.188089896229535,55.5013047227693,54.32899280936025,54.910675048828125,139800,0.0,0.0
2023-03-30 00:00:00-04:00,55.322326777189225,55.58184676252871,54.85698165601967,55.49235534667969,164100,0.0,0.0
2023-03-31 00:00:00-04:00,55.993494630199706,57.26424537071059,55.841364350410515,57.237396240234375,191800,0.0,0.0
2023-04-03 00:00:00-04:00,57.13896177322978,57.19265662454926,56.25301891582418,56.51253890991211,150100,0.0,0.0
2023-04-04 00:00:00-04:00,56.54832840163098,56.54832840163098,55.501304471820966,55.65343475341797,107400,0.0,0.0
2023-04-05 00:00:00-04:00,55.25073017473655,55.61763639963467,54.99121022172987,55.24177932739258,85500,0.0,0.0
2023-04-06 00:00:00-04:00,55.35811914480297,56.333553314208984,55.15229402458404,56.333553314208984,109900,0.0,0.0
2023-04-10 00:00:00-04:00,56.100885281676895,57.004729837748926,56.100885281676895,56.816802978515625,127500,0.0,0.0
2023-04-11 00:00:00-04:00,57.201599315476706,58.096492947424075,57.10316388351106,57.81012725830078,114600,0.0,0.0
2023-04-12 00:00:00-04:00,58.45445660098011,58.45445660098011,55.22388977622203,55.31338119506836,271100,0.0,0.0
2023-04-13 00:00:00-04:00,55.340223157736915,56.449892779874666,54.9285729002295,55.04490661621094,197000,0.0,0.0
2023-04-14 00:00:00-04:00,54.91067386984246,55.41181211954877,53.944187107554654,54.2126579284668,201700,0.0,0.0
2023-04-17 00:00:00-04:00,53.89049236168787,55.49234927192259,53.82785008432524,55.295475006103516,108000,0.0,0.0
2023-04-18 00:00:00-04:00,55.47446027635878,55.56394827813527,54.48112775339692,55.018062591552734,115700,0.0,0.0
2023-04-19 00:00:00-04:00,54.874872115282514,55.60868455187728,54.77643327875795,55.15229034423828,143600,0.0,0.0
2023-04-20 00:00:00-04:00,55.97559499700419,56.09193212293152,54.14106376698812,54.57956314086914,200900,0.0,0.0
2023-04-21 00:00:00-04:00,54.686951086862074,55.85925957475611,54.481125958558145,55.769771575927734,163500,0.0,0.0
2023-04-24 00:00:00-04:00,55.73397334143741,55.92190359534506,54.758539162933694,55.474456787109375,116400,0.0,0.0
2023-04-25 00:00:00-04:00,55.259676400889546,55.259676400889546,53.70256013062105,53.81889724731445,154900,0.0,0.0
2023-04-26 00:00:00-04:00,53.54149024541759,53.997884517887364,52.48551543519511,52.63764572143555,109800,0.0,0.0
2023-04-27 00:00:00-04:00,52.798724240088696,53.02244764788568,52.41391970557802,53.01350021362305,232600,0.0,0.0
2023-04-28 00:00:00-04:00,52.941908793557076,53.80100588793059,52.941908793557076,53.747314453125,202200,0.0,0.0
2023-05-01 00:00:00-04:00,53.756255982464054,54.337938163114195,53.30880920157872,53.45199203491211,120100,0.0,0.0
2023-05-02 00:00:00-04:00,53.013505888753656,53.013505888753656,51.47428758593661,51.82329559326172,234200,0.0,0.0
2023-05-03 00:00:00-04:00,51.921732573529376,52.54815884253754,50.57044118290124,50.61518859863281,118500,0.0,0.0
2023-05-04 00:00:00-04:00,50.131945490951615,50.131945490951615,48.53903579711914,48.53903579711914,163800,0.0,0.0
2023-05-05 00:00:00-04:00,49.46971908561144,49.568157931731236,49.004373985430426,49.317588806152344,110400,0.0,0.0
2023-05-08 00:00:00-04:00,49.48761560438428,49.48761560438428,48.35110031797754,48.58377456665039,120700,0.0,0.0
2023-05-09 00:00:00-04:00,48.12737721675009,48.556925739573195,47.70677954171917,48.467437744140625,153500,0.0,0.0
2023-05-10 00:00:00-04:00,49.21020460828501,49.63080231348509,48.941733775233686,49.47867202758789,189700,0.0,0.0
2023-05-11 00:00:00-04:00,48.98647988210614,49.156508446584034,48.37795192726643,48.93278503417969,114500,0.0,0.0
2023-05-12 00:00:00-04:00,48.9960777063235,49.44823788932781,48.90564704960601,49.10459518432617,102600,0.57,0.0
2023-05-15 00:00:00-04:00,49.176949363339865,49.357814151837815,48.98703943807712,49.31259536743164,136500,0.0,0.0
2023-05-16 00:00:00-04:00,49.077476991645824,49.18599449245514,48.5891430634402,49.06843185424805,175700,0.0,0.0
2023-05-17 00:00:00-04:00,49.339724628904065,50.578642670320704,49.20407518252403,50.5424690246582,204800,0.0,0.0
2023-05-18 00:00:00-04:00,50.47012439529752,51.24783706665039,50.31638812848578,51.24783706665039,179900,0.0,0.0
2023-05-19 00:00:00-04:00,51.82660745872024,51.82660745872024,50.62385957587732,50.92228698730469,91500,0.0,0.0
2023-05-22 00:00:00-04:00,51.03080711761245,51.564356361334724,50.3616084162776,51.482967376708984,132800,0.0,0.0
2023-05-23 00:00:00-04:00,51.40157860951308,52.04364535221596,50.2711779569901,50.488216400146484,103400,0.0,0.0
2023-05-24 00:00:00-04:00,50.262132597965234,50.262132597965234,48.92373528740475,49.041297912597656,94100,0.0,0.0
2023-05-25 00:00:00-04:00,48.941827385926764,49.303556987184,48.14602778269548,48.525840759277344,106000,0.0,0.0
2023-05-26 00:00:00-04:00,48.48062204617681,48.91469546763848,48.29975725814056,48.86948013305664,85500,0.0,0.0
2023-05-30 00:00:00-04:00,48.977996416546254,49.43015665061692,48.67052731938985,49.33068084716797,141100,0.0,0.0
2023-05-31 00:00:00-04:00,49.240256140047734,49.91849657324478,48.634359559209564,49.20408248901367,280300,0.0,0.0
2023-06-01 00:00:00-04:00,49.33068179633672,50.39778024525217,48.851393042906665,50.36160659790039,226800,0.0,0.0
2023-06-02 00:00:00-04:00,51.09410735657596,52.929876835569104,50.92228770647559,52.848487854003906,364700,0.0,0.0
2023-06-05 00:00:00-04:00,52.45962829593775,53.12882695330658,52.34206912008671,52.423458099365234,236000,0.0,0.0
2023-06-06 00:00:00-04:00,52.17929323242026,54.41296250845392,52.17929323242026,53.73472213745117,199500,0.0,0.0
2023-06-07 00:00:00-04:00,54.078363683020605,54.88320835334038,53.59907493546138,54.64808654785156,215500,0.0,0.0
2023-06-08 00:00:00-04:00,54.349659596495556,55.90509192967647,53.924631315693624,55.68805694580078,193400,0.0,0.0
2023-06-09 00:00:00-04:00,55.796576926182205,55.823705437949336,54.31349182128906,54.31349182128906,220600,0.0,0.0
2023-06-12 00:00:00-04:00,54.394874435165015,54.747558845664834,53.22830026988976,53.59907150268555,183600,0.0,0.0
2023-06-13 00:00:00-04:00,53.7166391418085,54.79277929615387,53.68950718097515,53.97888946533203,211500,0.0,0.0
2023-06-14 00:00:00-04:00,54.16879992522263,54.91938415462324,53.56290338971491,53.825157165527344,186700,0.0,0.0
2023-06-15 00:00:00-04:00,53.77993690514528,56.2125576122216,53.77993690514528,55.579532623291016,239200,0.0,0.0
2023-06-16 00:00:00-04:00,56.031697973676415,56.14926060589914,54.865123687804484,55.217811584472656,388600,0.0,0.0
2023-06-20 00:00:00-04:00,54.67521850416427,54.910343774181044,53.798029934449865,54.40392303466797,121400,0.0,0.0
2023-06-21 00:00:00-04:00,54.25018045293142,54.25018045293142,53.34586008395226,53.4362907409668,120700,0.0,0.0
2023-06-22 00:00:00-04:00,53.35491576131228,53.35491576131228,51.75426787450779,51.96226119995117,187600,0.0,0.0
2023-06-23 00:00:00-04:00,51.193587617616856,51.627661073842866,49.954669412364986,50.108402252197266,360100,0.0,0.0
2023-06-26 00:00:00-04:00,50.02701180410248,51.12123882535697,50.02701180410248,50.623863220214844,141800,0.0,0.0
2023-06-27 00:00:00-04:00,50.922291656411346,51.70904957276288,50.524388404690775,51.157413482666016,87700,0.0,0.0
2023-06-28 00:00:00-04:00,51.36539879528716,51.39253075349318,50.84993643558462,51.01271438598633,97000,0.0,0.0
2023-06-29 00:00:00-04:00,51.04888753655947,52.85752834600563,50.66907117272732,52.71283721923828,227800,0.0,0.0
2023-06-30 00:00:00-04:00,53.24638821484423,53.24638821484423,52.31493582036037,52.44154357910156,163900,0.0,0.0
2023-07-03 00:00:00-04:00,52.1702498131049,53.119789123535156,52.1702498131049,53.119789123535156,58600,0.0,0.0
2023-07-05 00:00:00-04:00,52.55006570231183,52.803274342719185,51.77234950710751,52.57719421386719,140400,0.0,0.0
2023-07-06 00:00:00-04:00,51.781392099137996,51.980343719910806,50.64194974768702,51.9713020324707,133100,0.0,0.0
2023-07-07 00:00:00-04:00,52.03461034923072,52.821368338535066,52.03461034923072,52.586246490478516,104900,0.0,0.0
2023-07-10 00:00:00-04:00,52.33302661456719,53.12882962421867,52.10694648850668,52.287811279296875,180900,0.0,0.0
2023-07-11 00:00:00-04:00,52.44154857844232,53.020313160456205,52.233551822678876,52.82136154174805,176000,0.0,0.0
2023-07-12 00:00:00-04:00,53.942719295080146,56.366298515109285,53.942719295080146,56.06787109375,265700,0.0,0.0
2023-07-13 00:00:00-04:00,56.56524633731662,57.98503268983054,56.32107938942094,57.91268539428711,263600,0.0,0.0
2023-07-14 00:00:00-04:00,57.74990586267526,57.74990586267526,56.4657689992804,57.532867431640625,121600,0.0,0.0
2023-07-17 00:00:00-04:00,57.3881737964129,58.10258776574278,56.791322449181166,57.27061462402344,111500,0.0,0.0
2023-07-18 00:00:00-04:00,57.49669643999949,58.762746462503245,57.49669643999949,58.690399169921875,160900,0.0,0.0
2023-07-19 00:00:00-04:00,58.85318508482539,59.78463417962516,58.265375327117056,59.63090133666992,159300,0.0,0.0
2023-07-20 00:00:00-04:00,56.3934188625228,59.287241288673656,56.3934188625228,59.11542510986328,259200,0.0,0.0
2023-07-21 00:00:00-04:00,59.36864884965108,59.36864884965108,58.47337338628542,58.961700439453125,138300,0.0,0.0
2023-07-24 00:00:00-04:00,59.42289853708686,60.20965984674189,59.27821084646418,59.802711486816406,120200,0.0,0.0
2023-07-25 00:00:00-04:00,59.56759580621713,60.76129863006739,59.55855066907834,59.76654052734375,142100,0.0,0.0
2023-07-26 00:00:00-04:00,59.83888662719546,61.16823888383154,59.83888662719546,60.53521728515625,203100,0.0,0.0
2023-07-27 00:00:00-04:00,60.6346915077388,61.023549593732334,59.26916563840089,59.45907211303711,216600,0.0,0.0
2023-07-28 00:00:00-04:00,60.236786627127806,60.61659956594666,57.876509665383,58.138763427734375,210300,0.0,0.0
2023-07-31 00:00:00-04:00,57.95790109603128,59.034044764997034,57.71373758176608,58.15685272216797,141800,0.0,0.0
2023-08-01 00:00:00-04:00,57.87650719820953,58.193017967066275,56.65567600438076,57.52382278442383,109900,0.0,0.0
2023-08-02 00:00:00-04:00,56.67376169791142,57.53286682675668,56.33916409288851,57.342960357666016,90800,0.0,0.0
2023-08-03 00:00:00-04:00,56.99027453138701,58.0212027305365,56.72802077590927,57.858421325683594,97600,0.0,0.0
2023-08-04 00:00:00-04:00,58.10259968824554,59.11544126387809,57.460532877597515,58.31059646606445,65900,0.0,0.0
2023-08-07 00:00:00-04:00,58.55475384871799,59.820803960465774,58.46432317632559,59.77558517456055,97600,0.0,0.0
2023-08-08 00:00:00-04:00,58.99787003100906,59.50429422444042,57.89459786955046,59.46812057495117,112600,0.0,0.0
2023-08-09 00:00:00-04:00,59.468126063055486,60.11923801511452,59.26012928415153,59.93836975097656,141700,0.0,0.0
2023-08-10 00:00:00-04:00,60.05592120158595,60.634685706845566,59.68514652508867,59.98357391357422,110000,0.0,0.0
2023-08-11 00:00:00-04:00,60.14776268525072,60.457893384191344,59.627832368211116,60.18424987792969,129400,0.57,0.0
2023-08-14 00:00:00-04:00,59.93796296943077,60.23897708912621,59.63694884973534,59.64607238769531,115200,0.0,0.0
2023-08-15 00:00:00-04:00,59.12614792240761,59.12614792240761,57.75790938027301,58.040679931640625,134600,0.0,0.0
2023-08-16 00:00:00-04:00,58.122778249112834,58.879871962994855,57.967709394626425,58.07716751098633,114500,0.0,0.0
2023-08-17 00:00:00-04:00,58.04979840516912,58.75216473477576,57.61196250119951,57.858245849609375,124700,0.0,0.0
2023-08-18 00:00:00-04:00,57.30182823676297,58.60621588820788,57.30182823676297,57.95858383178711,112900,0.0,0.0
2023-08-21 00:00:00-04:00,57.821760962952375,57.821760962952375,56.58122411237056,56.76365661621094,60800,0.0,0.0
2023-08-22 00:00:00-04:00,56.99169926450572,56.99169926450572,56.06129657941561,56.17987823486328,80600,0.0,0.0
2023-08-23 00:00:00-04:00,56.499128478919054,57.57547640151236,56.380550311569834,57.42953109741211,83200,0.0,0.0
2023-08-24 00:00:00-04:00,57.32007869622047,58.19575060800683,56.89136280041197,57.073795318603516,65300,0.0,0.0
2023-08-25 00:00:00-04:00,57.3474377060547,57.39304496200179,56.62683471102521,56.964332580566406,60400,0.0,0.0
2023-08-28 00:00:00-04:00,57.119399783304274,57.940344335190645,57.119399783304274,57.55723571777344,62100,0.0,0.0
2023-08-29 00:00:00-04:00,57.420416705049284,59.34506950543681,57.11940252835455,59.3085823059082,140400,0.0,0.0
2023-08-30 00:00:00-04:00,58.95284405912307,59.79203577609548,58.95284405912307,59.299468994140625,114100,0.0,0.0
2023-08-31 00:00:00-04:00,59.39067795168928,59.98358274250022,59.35419075356937,59.45452880859375,126400,0.0,0.0
2023-09-01 00:00:00-04:00,59.85588265081709,60.59472929490933,59.49101761895144,59.67344665527344,94000,0.0,0.0
2023-09-05 00:00:00-04:00,59.24471992474821,59.25384346266147,58.30519733707352,58.49674987792969,127300,0.0,0.0
2023-09-06 00:00:00-04:00,58.66094441441796,59.13527100250869,57.82175978529873,58.104530334472656,112500,0.0,0.0
2023-09-07 00:00:00-04:00,57.92210142983941,58.159261258995855,57.092036808375745,57.73054885864258,86400,0.0,0.0
2023-09-08 00:00:00-04:00,57.79439753128811,57.79439753128811,57.06467099268308,57.13764190673828,55500,0.0,0.0
2023-09-11 00:00:00-04:00,57.374807313184704,57.68494153843043,56.763658922431034,57.155887603759766,61500,0.0,0.0
2023-09-12 00:00:00-04:00,56.91871622189363,57.602835390524035,56.91871622189363,57.593711853027344,84400,0.0,0.0
2023-09-13 00:00:00-04:00,57.69405548946817,58.6244545870831,57.45689568567836,57.475135803222656,104900,0.0,0.0
2023-09-14 00:00:00-04:00,57.995074960998814,58.83425962968979,57.621086404321815,58.569732666015625,103100,0.0,0.0
2023-09-15 00:00:00-04:00,58.25959823136706,58.98020820402182,57.96770761031818,58.19574737548828,271700,0.0,0.0
2023-09-18 00:00:00-04:00,58.004186613122904,58.478509675218476,57.356554606642675,57.5481071472168,98100,0.0,0.0
2023-09-19 00:00:00-04:00,57.675811591291534,58.28695991414655,57.03729961265254,57.064666748046875,90400,0.0,0.0
2023-09-20 00:00:00-04:00,57.429531453953906,57.89473450589383,56.72716858623265,56.791019439697266,92100,0.0,0.0
2023-09-21 00:00:00-04:00,56.444403838671896,56.79102177757432,55.422783181960696,56.371429443359375,111800,0.0,0.0
2023-09-22 00:00:00-04:00,56.353176728734354,57.04641945362032,55.787639174987476,55.85149002075195,79100,0.0,0.0
2023-09-25 00:00:00-04:00,55.349811391178854,56.11602513179308,55.349811391178854,55.68730926513672,57800,0.0,0.0
2023-09-26 00:00:00-04:00,55.222110581484024,55.65994651474444,54.76603104938643,54.88460922241211,87500,0.0,0.0
2023-09-27 00:00:00-04:00,55.304204289641014,55.304204289641014,54.465016152515915,54.67481231689453,206000,0.0,0.0
2023-09-28 00:00:00-04:00,54.87548770331184,56.96433273986979,54.87548770331184,56.626834869384766,202100,0.0,0.0
2023-09-29 00:00:00-04:00,57.04642865551361,57.55723550402532,56.88223974574608,57.183250427246094,258900,0.0,0.0
2023-10-02 00:00:00-04:00,56.89134606422439,57.35654902274086,55.96094362680132,56.55384826660156,199800,0.0,0.0
2023-10-03 00:00:00-04:00,56.4352730685685,56.68155640177668,53.80825780690169,54.483253479003906,142400,0.0,0.0
2023-10-04 00:00:00-04:00,54.51062602943847,55.17650523137451,53.5711032743182,54.52886962890625,143600,0.0,0.0
2023-10-05 00:00:00-04:00,54.59272170937543,55.358935506120844,54.29171101044556,55.24947738647461,121900,0.0,0.0
2023-10-06 00:00:00-04:00,54.80251637600893,54.80251637600893,53.48900514146253,54.42852783203125,139900,0.0,0.0
2023-10-09 00:00:00-04:00,53.972449005101744,54.78427347776392,53.762652842372404,54.60184097290039,184300,0.0,0.0
2023-10-10 00:00:00-04:00,54.60184359315805,54.87549062377993,53.06941604614258,53.06941604614258,216700,0.0,0.0
2023-10-11 00:00:00-04:00,53.1423798318865,53.74440461030463,52.65893669334764,52.90522003173828,119900,0.0,0.0
2023-10-12 00:00:00-04:00,52.93258863495662,53.29745364733117,51.18124492662433,51.66468811035156,255900,0.0,0.0
2023-10-13 00:00:00-04:00,51.664690152530454,51.664690152530454,50.761654604605155,51.108272552490234,120800,0.0,0.0
2023-10-16 00:00:00-04:00,51.74677683308913,51.993060167223945,51.04441402380323,51.071781158447266,180900,0.0,0.0
2023-10-17 00:00:00-04:00,50.57009826047479,52.047798478840676,50.2599640333671,51.50962448120117,168100,0.0,0.0
2023-10-18 00:00:00-04:00,50.75253147514809,50.89847679112365,49.55760528797661,49.621456146240234,195900,0.0,0.0
2023-10-19 00:00:00-04:00,49.54847475825227,49.621449145750375,47.021794004700496,48.344425201416016,270700,0.0,0.0
2023-10-20 00:00:00-04:00,48.32618860276011,48.709297233383325,47.331935046585464,47.35929870605469,163700,0.0,0.0
2023-10-23 00:00:00-04:00,47.20423214364546,47.897471509798784,46.77551626480745,47.21335220336914,193600,0.0,0.0
2023-10-24 00:00:00-04:00,47.39578346877595,47.57821597495167,46.51099155518128,47.030921936035156,118900,0.0,0.0
2023-10-25 00:00:00-04:00,46.54747155904286,46.72990405066361,45.69916343067517,46.155242919921875,159600,0.0,0.0
2023-10-26 00:00:00-04:00,46.319435201745186,47.076528879473706,45.65355951630297,46.89409637451172,124800,0.0,0.0
2023-10-27 00:00:00-04:00,46.62956760672051,46.62956760672051,45.85423384023411,46.337677001953125,151200,0.0,0.0
2023-10-30 00:00:00-04:00,46.95794499731521,47.45051169341684,46.59308348434435,47.0765266418457,148400,0.0,0.0
2023-10-31 00:00:00-04:00,47.3319339467233,47.8701079413142,47.10389417748326,47.65119171142578,152700,0.0,0.0
2023-11-01 00:00:00-04:00,47.651187180729195,48.526858976245066,47.17686408825549,48.253211975097656,166700,0.0,0.0
2023-11-02 00:00:00-04:00,49.10152283285005,50.45151779558106,49.05591209712494,50.4423942565918,133200,0.0,0.0
2023-11-03 00:00:00-04:00,51.57347105297896,52.385292011874576,51.15387874517388,51.71029281616211,140200,0.0,0.0
2023-11-06 00:00:00-05:00,51.40016200960043,51.62820177624393,50.43327562598284,50.825504302978516,105100,0.0,0.0
2023-11-07 00:00:00-05:00,50.98056875777323,50.98056875777323,49.703548175288844,50.27820587158203,124300,0.0,0.0
2023-11-08 00:00:00-05:00,50.13225765372246,50.497122644466415,49.87685424796796,50.1505012512207,113100,0.0,0.0
2023-11-09 00:00:00-05:00,50.214355660373904,50.214355660373904,48.34443027944941,48.390037536621094,188800,0.0,0.0
2023-11-10 00:00:00-05:00,48.76808134068728,48.93405354007209,47.587837716087286,48.70353698730469,139300,0.57,0.0
2023-11-13 00:00:00-05:00,48.307049823050136,48.56522724506705,47.753811485184286,48.06731414794922,157400,0.0,0.0
2023-11-14 00:00:00-05:00,49.717807070040706,52.37335867108901,49.717807070040706,52.364139556884766,211000,0.0,0.0
2023-11-15 00:00:00-05:00,52.26271623208604,54.76151496847338,52.26271623208604,54.43879318237305,576800,0.0,0.0
2023-11-16 00:00:00-05:00,54.1621694610011,54.1621694610011,53.13867542896543,54.033077239990234,328000,0.0,0.0
2023-11-17 00:00:00-05:00,54.70618935116321,54.70618935116321,53.249323066361924,53.728797912597656,376500,0.0,0.0
2023-11-20 00:00:00-05:00,53.77490594431249,53.77490594431249,52.97270925400785,53.34153366088867,163400,0.0,0.0
2023-11-21 00:00:00-05:00,53.34153181592691,53.34153181592691,51.67259413390314,51.87544631958008,140800,0.0,0.0
2023-11-22 00:00:00-05:00,52.603878402470094,52.852836709897815,52.050640064233086,52.23505401611328,134000,0.0,0.0
2023-11-24 00:00:00-05:00,52.30881536172743,52.78829021017904,52.161284909696434,52.18894577026367,69600,0.0,0.0
2023-11-27 00:00:00-05:00,51.92155220638321,52.391804449872126,51.847785217457464,52.0875244140625,173300,0.0,0.0
2023-11-28 00:00:00-05:00,51.93076973372641,52.917380317323065,51.903108872426685,52.72374725341797,145100,0.0,0.0
2023-11-29 00:00:00-05:00,53.42451470102828,54.5863200901527,53.23088164197536,53.79334259033203,231000,0.0,0.0
2023-11-30 00:00:00-05:00,54.20827505209566,54.28203852218908,53.70113932396631,53.93165588378906,173100,0.0,0.0
2023-12-01 00:00:00-05:00,53.64581883573724,55.978645502235594,53.64581883573724,55.88644027709961,207000,0.0,0.0
2023-12-04 00:00:00-05:00,55.665138393908165,56.72551598582237,55.6005940379555,56.46733856201172,153200,0.0,0.0
2023-12-05 00:00:00-05:00,56.21837866834085,56.356686491167835,55.56370897764055,56.20915603637695,97500,0.0,0.0
2023-12-06 00:00:00-05:00,56.76239820545062,57.472389622392406,56.59642600318353,57.16810607910156,189100,0.0,0.0
2023-12-07 00:00:00-05:00,57.42628461967923,58.47743957631636,56.63330708610285,58.1639404296875,206100,0.0,0.0
2023-12-08 00:00:00-05:00,58.10861877042087,59.132109410956375,57.8596604468083,58.4405632019043,162400,0.0,0.0
2023-12-11 00:00:00-05:00,58.38523192226637,59.344181621335885,58.21004060927237,58.94769287109375,145200,0.0,0.0
2023-12-12 00:00:00-05:00,59.27042158363622,59.768338237753575,58.532769235353385,59.713016510009766,146200,0.0,0.0
2023-12-13 00:00:00-05:00,59.713012678573705,62.70972800908158,59.49171171218267,62.2763557434082,287600,0.0,0.0
2023-12-14 00:00:00-05:00,63.94529367770292,68.20524232834673,63.94529367770292,68.113037109375,485700,0.0,0.0
2023-12-15 00:00:00-05:00,68.07614969840824,69.12730461078911,66.70226598598198,68.08536529541016,454900,0.0,0.0
2023-12-18 00:00:00-05:00,68.50029920509094,68.50029920509094,66.08448321576151,66.41642761230469,353600,0.0,0.0
2023-12-19 00:00:00-05:00,66.4994196463677,68.12225116090106,66.4994196463677,67.67044067382812,303100,0.0,0.0
2023-12-20 00:00:00-05:00,67.67044847302861,69.02588712527243,67.03422044406325,67.05266571044922,153700,0.0,0.0
2023-12-21 00:00:00-05:00,67.64278411865234,67.9470676850519,66.720717821544,67.64278411865234,164600,0.0,0.0
2023-12-22 00:00:00-05:00,68.56485466322995,69.72666023930434,67.67044917405883,69.03511047363281,174100,0.0,0.0
2023-12-26 00:00:00-05:00,69.54223761869855,71.08208662833968,69.3301663123591,70.97144317626953,133200,0.0,0.0
2023-12-27 00:00:00-05:00,71.2757213544647,72.4559649860999,70.98987604366056,71.42324829101562,153900,0.0,0.0
2023-12-28 00:00:00-05:00,70.99910862054463,72.31766377631848,70.75936940091086,71.25728607177734,113700,0.0,0.0
2023-12-29 00:00:00-05:00,70.91612541296317,71.24806282252948,69.51458064009267,69.82808685302734,116400,0.0,0.0
2024-01-02 00:00:00-05:00,69.24717650284472,70.29833150353788,68.47264420120028,70.28911590576172,183000,0.0,0.0
2024-01-03 00:00:00-05:00,69.71742345452274,69.901833874013,66.72070841156349,66.88668060302734,226200,0.0,0.0
2024-01-04 00:00:00-05:00,66.83136228730807,66.87746137712479,66.06604564131983,66.29656219482422,172500,0.0,0.0
2024-01-05 00:00:00-05:00,64.78437396088881,65.10709572780873,62.76504670746476,63.70555114746094,359100,0.0,0.0
2024-01-08 00:00:00-05:00,64.00063286696454,64.6091930391994,63.68712662960055,64.18504333496094,287000,0.0,0.0
2024-01-09 00:00:00-05:00,63.30907469142255,64.44321228582345,62.82037364969374,63.62257385253906,224300,0.0,0.0
2024-01-10 00:00:00-05:00,63.85308987753732,65.4298223718527,63.65945680295201,64.54463958740234,352100,0.0,0.0
2024-01-11 00:00:00-05:00,64.59073897733276,64.74748854019657,62.65439436386055,62.94945526123047,164200,0.0,0.0
2024-01-12 00:00:00-05:00,63.880741694122236,64.00983039223202,62.46075898010822,62.86647033691406,205000,0.0,0.0
2024-01-16 00:00:00-05:00,62.23947528550266,63.21686331292175,61.51104206391023,62.765052795410156,234000,0.0,0.0
2024-01-17 00:00:00-05:00,61.81532287597656,62.58985515718541,61.455717597585696,61.81532287597656,248400,0.0,0.0
2024-01-18 00:00:00-05:00,62.165708040109365,62.165708040109365,60.533653790135766,61.03157043457031,245900,0.0,0.0
2024-01-19 00:00:00-05:00,61.43728097236001,62.35013176261845,60.34002675301567,62.165714263916016,336200,0.0,0.0
2024-01-22 00:00:00-05:00,62.765046551600804,64.26801193941377,62.765046551600804,63.54880142211914,129600,0.0,0.0
2024-01-23 00:00:00-05:00,63.899188065922544,63.99139327548649,62.54374967743229,63.336727142333984,266200,0.0,0.0
2024-01-24 00:00:00-05:00,64.35099469192002,64.75670603165244,62.85724506047386,63.21685028076172,303500,0.0,0.0
2024-01-25 00:00:00-05:00,65.47592979120004,65.79865158854086,63.58569106636333,64.80281829833984,309700,0.0,0.0
2024-01-26 00:00:00-05:00,64.99645856928805,65.50359790323506,64.59075413693878,65.10710906982422,172300,0.0,0.0
2024-01-29 00:00:00-05:00,64.98723177107891,66.44409108563154,64.51697601834995,66.43487548828125,127200,0.0,0.0
2024-01-30 00:00:00-05:00,66.08448940510218,67.02500096166324,65.54968926782686,66.77603912353516,178300,0.0,0.0
2024-01-31 00:00:00-05:00,66.04759928066964,67.46758207085132,64.7474895985959,64.93190002441406,153400,0.0,0.0
2024-02-01 00:00:00-05:00,65.50359083435065,65.87241876152711,64.12971401629612,65.48514556884766,102100,0.0,0.0
2024-02-02 00:00:00-05:00,64.35100781415876,65.37450196824126,64.08360774342655,64.55386352539062,199800,0.0,0.0
2024-02-05 00:00:00-05:00,63.66868427956774,63.66868427956774,62.23025598994025,62.54376220703125,142100,0.0,0.0
2024-02-06 00:00:00-05:00,62.55297767906928,63.34595530122845,62.35012899172378,62.91259002685547,131400,0.0,0.0
2024-02-07 00:00:00-05:00,63.25373617898261,64.38788063334569,62.36855352341439,63.69633102416992,131100,0.0,0.0
2024-02-08 00:00:00-05:00,63.88997285943964,64.38788949071773,63.3828335956914,63.797767639160156,149300,0.0,0.0
2024-02-09 00:00:00-05:00,64.36944474309816,64.82126228527133,63.419717600452714,64.54463958740234,126500,0.0,0.0
2024-02-12 00:00:00-05:00,64.54463364606217,67.09875391074135,64.54463364606217,66.65616607666016,172900,0.0,0.0
2024-02-13 00:00:00-05:00,64.02828035026634,64.20346814780203,61.75999830095448,62.25790786743164,144700,0.0,0.0
2024-02-14 00:00:00-05:00,62.995564398396176,63.94529148740817,62.49764779123505,63.55802536010742,160700,0.0,0.0
2024-02-15 00:00:00-05:00,64.37866809382493,65.84475715319374,64.23114114550783,65.72488403320312,117800,0.0,0.0
2024-02-16 00:00:00-05:00,65.09787266486742,66.9973338308019,64.68294568654763,66.16747283935547,167000,0.0,0.0
2024-02-20 00:00:00-05:00,65.27307247124159,66.72993887453761,64.50775577440548,65.90007781982422,125700,0.0,0.0
2024-02-21 00:00:00-05:00,65.72487241702997,65.94616631779802,65.05176808370867,65.56812286376953,86800,0.0,0.0
2024-02-22 00:00:00-05:00,65.44827284397952,66.55474965387144,65.44827284397952,66.13059997558594,125600,0.0,0.0
2024-02-23 00:00:00-05:00,66.61929433362037,66.62851696694221,65.7248888412191,66.19514465332031,103200,0.0,0.0
2024-02-26 00:00:00-05:00,65.78020618549486,66.74837861029975,65.65111746682855,66.59162902832031,90200,0.0,0.0
2024-02-27 00:00:00-05:00,67.10797752264952,67.47680541297565,66.13058959287109,66.84980010986328,104100,0.0,0.0
2024-02-28 00:00:00-05:00,66.16747153298085,66.90512026151973,65.72487666801214,66.15824890136719,152600,0.0,0.0
2024-02-29 00:00:00-05:00,67.33849949878599,68.0577100737097,67.2924004055363,67.81797790527344,126200,0.0,0.0
2024-03-01 00:00:00-05:00,67.98528785300903,68.8218596784893,67.58559281926262,67.9016342163086,91300,0.59,0.0
2024-03-04 00:00:00-05:00,68.47793420052076,70.49499671608531,68.29203250101718,68.49652862548828,107700,0.0,0.0
2024-03-05 00:00:00-05:00,67.9945841189547,69.81644768480989,67.9945841189547,69.40745544433594,174100,0.0,0.0
2024-03-06 00:00:00-05:00,70.28120680177403,70.29979413407594,68.84044388490325,69.91869354248047,153400,0.0,0.0
2024-03-07 00:00:00-05:00,70.76455021856187,71.49887389485801,69.9558701268605,70.4206314086914,132100,0.0,0.0
2024-03-08 00:00:00-05:00,70.89468364631617,71.7405525932384,70.06740912223532,70.22543334960938,155000,0.0,0.0
2024-03-11 00:00:00-04:00,70.32769107826431,70.7924524295348,69.45393746853325,69.63983917236328,93000,0.0,0.0
2024-03-12 00:00:00-04:00,69.43534947830979,69.43534947830979,67.6692618531596,67.85516357421875,100400,0.0,0.0
2024-03-13 00:00:00-04:00,67.8923323882435,68.5429953795512,67.07435504321457,67.1951904296875,119500,0.0,0.0
2024-03-14 00:00:00-04:00,66.91632885034788,66.91632885034788,64.54605051567357,65.26177978515625,147400,0.0,0.0
2024-03-15 00:00:00-04:00,65.01081378425162,66.15412262621882,65.01081378425162,65.39191436767578,453000,0.0,0.0
2024-03-18 00:00:00-04:00,65.53134546544769,66.32143828321693,65.34544377598252,65.56852722167969,115900,0.0,0.0
2024-03-19 00:00:00-04:00,65.51275517579212,66.41438612986097,65.23389556248783,65.78231048583984,124600,0.0,0.0
2024-03-20 00:00:00-04:00,65.83808967455762,68.1525990407347,65.83808967455762,68.04105377197266,114900,0.0,0.0
2024-03-21 00:00:00-04:00,68.28272488208277,71.05270516938434,68.28272488208277,70.73666381835938,153600,0.0,0.0
2024-03-22 00:00:00-04:00,71.10848625984467,71.10848625984467,69.59336681803741,69.9837646484375,181000,0.0,0.0
2024-03-25 00:00:00-04:00,70.33697987426972,70.84822018771474,69.23085270143594,69.24014282226562,176900,0.0,0.0
2024-03-26 00:00:00-04:00,69.75137970195678,69.75137970195678,68.04105435801536,68.26414489746094,130300,0.0,0.0
2024-03-27 00:00:00-04:00,68.8962160425071,70.69019490192676,68.8962160425071,70.52288055419922,142900,0.0,0.0
2024-03-28 00:00:00-04:00,70.51359341386286,71.69408413632055,70.51359341386286,71.47100067138672,127900,0.0,0.0
2024-04-01 00:00:00-04:00,71.57324897938594,71.57324897938594,69.416756566532,69.44464111328125,149900,0.0,0.0
2024-04-02 00:00:00-04:00,68.71961789446776,68.71961789446776,67.68784706407261,67.87374877929688,101000,0.0,0.0
2024-04-03 00:00:00-04:00,67.39039505427914,68.75679454384405,67.39039505427914,68.4500503540039,79900,0.0,0.0
2024-04-04 00:00:00-04:00,69.593357036101,70.23472278398167,67.75289923595689,67.97598266601562,127300,0.0,0.0
2024-04-05 00:00:00-04:00,67.92022773438778,68.29203825642507,67.32533373580644,67.65066528320312,105200,0.0,0.0
2024-04-08 00:00:00-04:00,68.38497047869532,69.3423775251475,68.03175447944609,69.14717864990234,77300,0.0,0.0
2024-04-09 00:00:00-04:00,69.4353404635849,71.03412058723139,69.16578513055406,70.94116973876953,114600,0.0,0.0
2024-04-10 00:00:00-04:00,68.51511573238587,68.51511573238587,66.2006062502456,67.26026153564453,161900,0.0,0.0
2024-04-11 00:00:00-04:00,67.89233567992355,67.89233567992355,66.9721102356881,67.50193786621094,92500,0.0,0.0
2024-04-12 00:00:00-04:00,66.6467811129261,66.88845902366234,64.46240397782641,65.01082611083984,115600,0.0,0.0
2024-04-15 00:00:00-04:00,65.14093885546588,65.44768298413682,63.151761262007966,63.662994384765625,138300,0.0,0.0
2024-04-16 00:00:00-04:00,63.30978157008691,63.30978157008691,61.75748061059603,62.84502029418945,189500,0.0,0.0
2024-04-17 00:00:00-04:00,63.64441948092846,63.64441948092846,61.72960501603275,62.15718460083008,201300,0.0,0.0
2024-04-18 00:00:00-04:00,61.93408945499434,62.25942804449607,59.61028291109503,61.450740814208984,282900,0.0,0.0
2024-04-19 00:00:00-04:00,68.53370329451795,68.70101764344209,65.61499585402036,67.28813934326172,2006600,0.0,0.0
2024-04-22 00:00:00-04:00,66.9256359552896,67.07436299475965,64.17424955035337,64.4531021118164,6195500,0.0,0.0
2024-04-23 00:00:00-04:00,64.95503234629979,66.96280443065798,64.86208151091894,66.53522491455078,485700,0.0,0.0
2024-04-24 00:00:00-04:00,65.71724260166324,67.18588995844469,65.19671223387007,65.8009033203125,275200,0.0,0.0
2024-04-25 00:00:00-04:00,65.05729781152256,65.17814031239743,63.99764240273587,64.93646240234375,180200,0.0,0.0
2024-04-26 00:00:00-04:00,65.32684648137898,66.0518729668063,65.27107739532906,65.41050720214844,152100,0.0,0.0
2024-04-29 00:00:00-04:00,65.72654127820012,66.1262362742927,64.60181979889181,65.33614349365234,146400,0.0,0.0
2024-04-30 00:00:00-04:00,65.05728528532717,65.2431940617642,63.755952217046776,63.93256378173828,275200,0.0,0.0
2024-05-01 00:00:00-04:00,64.22072763388017,67.01859328179368,63.98834693103644,64.76914978027344,280400,0.0,0.0
2024-05-02 00:00:00-04:00,65.76373332014673,65.76373332014673,64.2950857008842,64.75055694580078,184800,0.0,0.0
2024-05-03 00:00:00-04:00,66.22848833984828,67.16730819532283,65.51275902480202,65.5964126586914,189900,0.0,0.0
2024-05-06 00:00:00-04:00,66.25637055204866,67.03717323267105,65.82879100215568,66.97210693359375,169100,0.0,0.0
2024-05-07 00:00:00-04:00,67.30673087926037,67.74360051833399,65.9589189341581,66.0425796508789,173400,0.0,0.0
2024-05-08 00:00:00-04:00,65.49417370733171,66.62819262459134,65.22461125227034,66.51664733886719,107200,0.0,0.0
2024-05-09 00:00:00-04:00,66.51663871035011,68.86832988532984,66.51663871035011,68.5151138305664,159500,0.0,0.0
2024-05-10 00:00:00-04:00,68.53385186015028,68.7212535738185,66.19129469471196,66.2662582397461,286200,0.59,0.0
2024-05-13 00:00:00-04:00,66.74414760600303,67.0814692896441,66.00389862060547,66.00389862060547,263000,0.0,0.0
2024-05-14 00:00:00-04:00,67.00650892552125,67.70927609364973,66.74414365991338,67.35320281982422,178000,0.0,0.0
2024-05-15 00:00:00-04:00,68.27148236032184,69.26472424911255,68.27148236032184,69.24598693847656,148200,0.0,0.0
2024-05-16 00:00:00-04:00,69.1241798405752,69.5458444572099,68.87118678972857,69.11481475830078,117600,0.0,0.0
2024-05-17 00:00:00-04:00,69.3584311457284,69.3584311457284,68.21526922545651,68.69314575195312,222100,0.0,0.0
2024-05-20 00:00:00-04:00,68.52448224659754,69.61143224434947,68.21527012212854,68.50574493408203,235600,0.0,0.0
2024-05-21 00:00:00-04:00,68.28086343089271,69.11481326604643,68.04660769857048,68.87118530273438,102500,0.0,0.0
2024-05-22 00:00:00-04:00,68.40267744393185,69.0773351324112,67.55935533333265,67.93416595458984,154900,0.0,0.0
2024-05-23 00:00:00-04:00,67.95288171961126,67.95288171961126,66.53798261770822,66.83782958984375,151700,0.0,0.0
2024-05-24 00:00:00-04:00,67.31572614090655,67.62494543402556,66.45366673183342,66.6598129272461,201000,0.0,0.0
2024-05-28 00:00:00-04:00,66.86595611796156,66.89406566172418,64.27039862714406,64.29851531982422,208900,0.0,0.0
2024-05-29 00:00:00-04:00,63.17408896186547,63.78315534181884,62.86486965603894,63.211570739746094,214500,0.0,0.0
2024-05-30 00:00:00-04:00,63.9799151782918,64.6826822732184,63.595739550501875,64.07361602783203,176600,0.0,0.0
2024-05-31 00:00:00-04:00,64.56088099074546,65.94767091696299,64.56088099074546,65.86334228515625,175400,0.0,0.0
2024-06-03 00:00:00-04:00,66.46303752759681,66.86595767840485,65.48853281055136,66.62232971191406,210100,0.0,0.0
2024-06-04 00:00:00-04:00,66.06011431381025,66.65043616598298,65.49790200475279,65.80712127685547,100400,0.0,0.0
2024-06-05 00:00:00-04:00,66.50051537256627,66.70666155134192,65.31986453434398,66.20066833496094,110600,0.0,0.0
2024-06-06 00:00:00-04:00,65.74153664251081,66.31311409142873,65.2167989049897,65.8914566040039,137200,0.0,0.0
2024-06-07 00:00:00-04:00,65.02004152325291,65.28240688449341,63.95183561024808,64.26105499267578,97600,0.0,0.0
2024-06-10 00:00:00-04:00,63.75503195174105,65.10434706677788,63.68006841225754,64.69205474853516,126500,0.0,0.0
2024-06-11 00:00:00-04:00,64.35473145257254,65.57286405175213,64.34535922210947,65.56349182128906,210300,0.0,0.0
2024-06-12 00:00:00-04:00,68.4495294238473,69.69576451538563,67.28761581749293,67.46565246582031,251500,0.0,0.0
2024-06-13 00:00:00-04:00,67.61556585163173,67.61556585163173,65.85395848599981,66.67854309082031,155500,0.0,0.0
2024-06-14 00:00:00-04:00,65.81648827931856,66.24751796713848,65.31049504172539,65.86334228515625,124800,0.0,0.0
2024-06-17 00:00:00-04:00,65.54473350389985,66.45364664590451,65.16055792313699,66.425537109375,95300,0.0,0.0
2024-06-18 00:00:00-04:00,66.6785419880987,67.38130904708498,65.9851400093459,66.35057830810547,231200,0.0,0.0
2024-06-20 00:00:00-04:00,66.20066525120366,67.30635249129021,65.87270868611802,66.95027923583984,194000,0.0,0.0
2024-06-21 00:00:00-04:00,66.83785917321816,67.33448027041824,65.95705517506322,67.12833404541016,606800,0.0,0.0
2024-06-24 00:00:00-04:00,67.4750175825647,68.87117963052067,67.26887141127249,67.58745574951172,185300,0.0,0.0
2024-06-25 00:00:00-04:00,67.23139893596408,67.79361129519202,66.26626640865447,66.59422302246094,177200,0.0,0.0
2024-06-26 00:00:00-04:00,66.13507786139587,66.52862576284436,65.74152995994739,65.80712127685547,153000,0.0,0.0
2024-06-27 00:00:00-04:00,65.97578203656302,66.3412203746906,65.35734352655204,66.33184814453125,153300,0.0,0.0
2024-06-28 00:00:00-04:00,67.17517398583739,68.09345242440516,66.50988858473538,67.9903793334961,689400,0.0,0.0
2024-07-01 00:00:00-04:00,68.22463803341815,68.22463803341815,66.24751905637547,66.41618347167969,219900,0.0,0.0
2024-07-02 00:00:00-04:00,66.56610512137587,67.69052969869257,66.56610512137587,67.29698181152344,92400,0.0,0.0
2024-07-03 00:00:00-04:00,67.76549764831293,68.42141083622916,67.34384019164074,67.6155776977539,54500,0.0,0.0
2024-07-05 00:00:00-04:00,67.43753961688795,68.04660593492335,67.03461948178,67.57809448242188,105900,0.0,0.0
2024-07-08 00:00:00-04:00,68.45889796509688,68.63693462241976,67.45628364291724,67.86857604980469,107900,0.0,0.0
2024-07-09 00:00:00-04:00,67.58745959286516,68.03723373298065,67.17517437575317,67.68116760253906,76700,0.0,0.0
2024-07-10 00:00:00-04:00,67.60620244418374,68.71188973217774,66.92217259400994,68.67440795898438,113200,0.0,0.0
2024-07-11 00:00:00-04:00,69.33969156748319,71.37302945581658,69.18039939718987,70.59529876708984,197200,0.0,0.0
2024-07-12 00:00:00-04:00,70.74522698025544,72.0102064302514,70.63278166177597,71.12940979003906,182500,0.0,0.0
2024-07-15 00:00:00-04:00,71.21374525028911,72.59117015093078,71.21374525028911,71.83218383789062,190900,0.0,0.0
2024-07-16 00:00:00-04:00,72.60990601721647,75.99255942108599,72.60990601721647,75.93634033203125,268200,0.0,0.0
2024-07-17 00:00:00-04:00,75.45845384795489,77.43557276126477,75.45845384795489,76.17059326171875,294000,0.0,0.0
2024-07-18 00:00:00-04:00,75.18672352826972,80.5371240011088,74.7650660377811,76.89210510253906,342600,0.0,0.0
2024-07-19 00:00:00-04:00,76.92021461222461,79.04726082489165,76.53603889979337,76.68595886230469,269300,0.0,0.0
2024-07-22 00:00:00-04:00,76.82649878312805,76.95768140562714,75.19608108284163,76.2736587524414,213700,0.0,0.0
2024-07-23 00:00:00-04:00,75.96444429248695,78.5881112055834,75.96444429248695,77.95093536376953,170600,0.0,0.0
2024-07-24 00:00:00-04:00,77.66982987750879,78.61622503584604,75.84263802871085,75.89885711669922,226200,0.0,0.0
2024-07-25 00:00:00-04:00,76.31115420098939,81.13681685554944,76.264300192163,80.48090362548828,393900,0.0,0.0
2024-07-26 00:00:00-04:00,81.81147185861086,81.8395814034152,80.0123895019559,81.4366683959961,275400,0.0,0.0
2024-07-29 00:00:00-04:00,80.77137373814931,81.09933748291218,78.11960427838542,78.80362701416016,206300,0.0,0.0
2024-07-30 00:00:00-04:00,79.44080918846537,80.18105821999102,78.560005276462,79.07537078857422,200800,0.0,0.0
2024-07-31 00:00:00-04:00,79.43142917329219,82.24249791171907,78.36322362460336,80.4153060913086,163100,0.0,0.0
2024-08-01 00:00:00-04:00,80.68704368722662,81.14618291333721,77.39809125776581,78.9722900390625,201500,0.0,0.0
2024-08-02 00:00:00-04:00,76.58287987983287,77.58549403295255,75.33663778654929,77.5667495727539,184400,0.0,0.0
2024-08-05 00:00:00-04:00,73.75307375515946,77.20131841382546,72.86290483372818,75.89885711669922,232700,0.0,0.0
2024-08-06 00:00:00-04:00,76.2549180582113,77.96967161416072,76.12373542923434,77.62297058105469,188000,0.0,0.0
2024-08-07 00:00:00-04:00,78.9629210618035,79.4876587764686,76.30177930817891,76.47044372558594,254400,0.0,0.0
2024-08-08 00:00:00-04:00,77.62298398707756,78.68182458101121,76.77966898341283,77.97905731201172,150000,0.0,0.0
2024-08-09 00:00:00-04:00,78.27888921883978,78.3913345336914,77.44493945987855,78.3913345336914,115400,0.0,0.0
2024-08-12 00:00:00-04:00,78.92923566132464,78.92923566132464,77.10793664141454,77.40047454833984,158600,0.59,0.0
2024-08-13 00:00:00-04:00,78.41020767462112,79.31614496094917,77.39104082696363,78.797119140625,134600,0.0,0.0
2024-08-14 00:00:00-04:00,79.35389562007053,79.35389562007053,77.96669472713492,78.57064819335938,90200,0.0,0.0
2024-08-15 00:00:00-04:00,80.21263751006171,80.81659091063266,79.1085358746141,79.37276458740234,144200,0.0,0.0
2024-08-16 00:00:00-04:00,79.19345487520773,80.3164339827045,79.08964972074878,79.91065216064453,111200,0.0,0.0
2024-08-19 00:00:00-04:00,79.86347152792567,80.86377516608911,79.53318564726935,80.66560363769531,120700,0.0,0.0
2024-08-20 00:00:00-04:00,80.43912517270694,80.65617431961205,79.12741309274405,79.750244140625,94500,0.0,0.0
2024-08-21 00:00:00-04:00,79.92952566411456,80.2126319508768,78.7876761203063,79.83515930175781,94700,0.0,0.0
2024-08-22 00:00:00-04:00,79.68418152310537,80.97701591968759,79.68418152310537,80.47686767578125,105700,0.0,0.0
2024-08-23 00:00:00-04:00,80.78828765238825,84.56300028298807,80.22208219773687,83.52495574951172,196000,0.0,0.0
2024-08-26 00:00:00-04:00,83.95903090048581,84.5912934181653,82.41139959169551,82.57182312011719,179600,0.0,0.0
2024-08-27 00:00:00-04:00,82.21324593758116,82.5057838705614,81.4960485022143,82.12831115722656,115000,0.0,0.0
2024-08-28 00:00:00-04:00,82.11886992740155,83.2607268313372,81.13745098136765,81.56210327148438,179500,0.0,0.0
2024-08-29 00:00:00-04:00,81.92069292489467,83.15691612214533,81.5054794598899,82.87380981445312,160800,0.0,0.0
2024-08-30 00:00:00-04:00,82.87381456293258,84.61018609686276,82.75113899573958,84.32707977294922,157200,0.0,0.0
2024-09-03 00:00:00-04:00,83.7231107594115,84.40256005064721,82.05279671850842,82.6284408569336,142000,0.0,0.0
2024-09-04 00:00:00-04:00,82.30760643977649,83.49664288199932,81.76971020157686,82.38310241699219,97800,0.0,0.0
2024-09-05 00:00:00-04:00,82.78888261692403,83.26072166541975,81.78857893832219,82.97761535644531,91500,0.0,0.0
2024-09-06 00:00:00-04:00,83.30790163374698,83.74199269639716,81.97731925470725,82.496337890625,147500,0.0,0.0
2024-09-09 00:00:00-04:00,82.51521558854833,83.47776408525749,81.91126217890876,82.76056671142578,108600,0.0,0.0
2024-09-10 00:00:00-04:00,83.19466234699257,83.86467291466187,81.71308086111496,83.78917694091797,107700,0.0,0.0
2024-09-11 00:00:00-04:00,82.87380683645753,84.26101473485481,81.64702248013133,83.79861450195312,152300,0.0,0.0
2024-09-12 00:00:00-04:00,84.41199369926173,84.93101947593581,83.76086077906993,84.42143249511719,105000,0.0,0.0
2024-09-13 00:00:00-04:00,84.45918661210746,86.81838176887024,83.88354241788196,86.45034790039062,244300,0.0,0.0
2024-09-16 00:00:00-04:00,85.31793841451776,89.47955499108161,85.31793841451776,89.1492691040039,269500,0.0,0.0
2024-09-17 00:00:00-04:00,90.09294576625427,92.0746682572893,89.4323668027811,90.8573226928711,400400,0.0,0.0
2024-09-18 00:00:00-04:00,90.58366441243906,91.69720492738226,88.30940379444661,89.99858856201172,282400,0.0,0.0
2024-09-19 00:00:00-04:00,92.07467668256481,92.07467668256481,90.0174580303688,90.21562957763672,149500,0.0,0.0
2024-09-20 00:00:00-04:00,90.847887180578,90.847887180578,88.82841663007925,89.7720947265625,457900,0.0,0.0
2024-09-23 00:00:00-04:00,90.6780229451014,90.6780229451014,89.3191314102816,90.42323303222656,124900,0.0,0.0
2024-09-24 00:00:00-04:00,90.33831580262118,91.86706985425874,89.96084308874646,91.67833709716797,102400,0.0,0.0
2024-09-25 00:00:00-04:00,91.59339231946221,92.0557997633422,90.17787519670262,90.20618438720703,162100,0.0,0.0
2024-09-26 00:00:00-04:00,91.34803676575405,91.34803676575405,89.13038762137425,89.7060317993164,304300,0.0,0.0
2024-09-27 00:00:00-04:00,90.33830631951423,92.01805216025055,89.49842619945365,90.30998992919922,145400,0.0,0.0
2024-09-30 00:00:00-04:00,89.5644947767898,90.66859646099604,89.5644947767898,90.54591369628906,133400,0.0,0.0
2024-10-01 00:00:00-04:00,89.97026747865088,89.97026747865088,88.11122765119892,88.2244644165039,143700,0.0,0.0
2024-10-02 00:00:00-04:00,88.27164937366285,88.86616397827893,87.29966209323187,87.60163879394531,157800,0.0,0.0
2024-10-03 00:00:00-04:00,87.29022528590417,87.43177844252254,86.13893683829062,87.21472930908203,166600,0.0,0.0
2024-10-04 00:00:00-04:00,88.65855643188952,89.6588601341784,87.66769872640066,88.96053314208984,322600,0.0,0.0
2024-10-07 00:00:00-04:00,88.29996114711594,88.47926229330325,85.47836559232388,86.30879974365234,265600,0.0,0.0
2024-10-08 00:00:00-04:00,86.87500355855757,86.87500355855757,85.21413528678625,85.62934875488281,197300,0.0,0.0
2024-10-09 00:00:00-04:00,85.92188432568408,87.7809239281159,85.865258750193,87.29021453857422,211500,0.0,0.0
2024-10-10 00:00:00-04:00,85.96907839345265,86.6768370089855,85.61048328680546,86.65796661376953,207500,0.0,0.0
2024-10-11 00:00:00-04:00,87.04486038215732,88.97940324377792,87.04486038215732,88.53587341308594,143700,0.0,0.0
2024-10-14 00:00:00-04:00,88.65855521749279,91.12155565120247,88.12065898482588,91.09324645996094,135100,0.0,0.0
2024-10-15 00:00:00-04:00,91.53677104124147,93.57511908935228,91.38577909707378,92.66918182373047,140300,0.0,0.0
2024-10-16 00:00:00-04:00,93.60343002343724,96.4344642321136,93.43356768292897,95.47190856933594,372700,0.0,0.0
2024-10-17 00:00:00-04:00,99.05788595135053,104.4368479505494,96.07585986078264,99.4164810180664,829800,0.0,0.0
2024-10-18 00:00:00-04:00,99.7467741416885,101.17173011505339,98.44450093140416,100.48284912109375,431600,0.0,0.0
2024-10-21 00:00:00-04:00,100.07706679848694,100.50171906960823,97.95379104349522,98.94464874267578,352700,0.0,0.0
2024-10-22 00:00:00-04:00,98.66154265598688,99.46366755569163,96.98178968522802,97.61405944824219,208500,0.0,0.0
2024-10-23 00:00:00-04:00,97.33095309381642,97.71786454854991,94.8585140212713,95.16992950439453,393300,0.0,0.0
2024-10-24 00:00:00-04:00,95.16992900164223,95.40584851190891,94.49991845644789,94.80189514160156,261700,0.0,0.0
2024-10-25 00:00:00-04:00,95.3775419603863,96.13248729399527,94.26400155314383,94.35836791992188,209600,0.0,0.0
2024-10-28 00:00:00-04:00,95.5568443550802,95.9154394334347,94.70753264351175,94.93401336669922,245900,0.0,0.0
2024-10-29 00:00:00-04:00,94.32061211837156,95.28316769895541,94.15074979236803,95.10386657714844,184100,0.0,0.0
2024-10-30 00:00:00-04:00,95.0755711334117,96.71756905568272,94.49992690094615,95.27374267578125,187200,0.0,0.0
2024-10-31 00:00:00-04:00,95.45304318702591,95.70783311131846,93.17877546413952,93.20708465576172,120100,0.0,0.0
2024-11-01 00:00:00-04:00,94.30174702944484,94.30174702944484,92.15960104186946,92.51819610595703,197500,0.0,0.0
2024-11-04 00:00:00-05:00,91.87649026005407,93.49961756501024,91.48957882586933,92.44269561767578,175300,0.0,0.0
2024-11-05 00:00:00-05:00,92.32947144820643,95.65122273741702,92.32947144820643,95.43417358398438,348100,0.0,0.0
2024-11-06 00:00:00-05:00,100.24691620828165,102.6344203749063,95.76444574850586,96.53826141357422,469600,0.0,0.0
2024-11-07 00:00:00-05:00,96.8685528731822,97.18939995300755,94.27343824637829,96.44389343261719,222600,0.0,0.0
2024-11-08 00:00:00-05:00,97.01010715684008,98.29350989056516,96.38727618325633,98.0292739868164,197600,0.0,0.0
2024-11-11 00:00:00-05:00,99.45422952905831,100.30354121754529,98.5766086509038,99.09563446044922,130100,0.0,0.0
2024-11-12 00:00:00-05:00,98.28408001479391,98.97296102722558,96.27404096278076,96.48165130615234,193600,0.0,0.0
2024-11-13 00:00:00-05:00,97.50081412858474,97.50081412858474,93.858216343473,94.59428405761719,211100,0.0,0.0
2024-11-14 00:00:00-05:00,95.14163047386398,96.90631120029678,94.53767703587805,95.0472640991211,182400,0.0,0.0
2024-11-15 00:00:00-05:00,95.48135860572107,95.84939252019744,94.1035893259415,94.81134796142578,135400,0.0,0.0
2024-11-18 00:00:00-05:00,95.21951560923675,95.89348401270519,94.32722318721103,94.82083129882812,132100,0.59,0.0
2024-11-19 00:00:00-05:00,93.94752185422301,95.42835344885638,92.96979292996011,94.91575622558594,166700,0.0,0.0
2024-11-20 00:00:00-05:00,95.25748377989201,95.4947968970528,94.34620227906122,94.59300994873047,102500,0.0,0.0
2024-11-21 00:00:00-05:00,94.93473897678075,97.66858340900711,94.46011275465817,96.81425476074219,112800,0.0,0.0
2024-11-22 00:00:00-05:00,97.3553341644661,98.77921291566506,97.3553341644661,98.17169189453125,96800,0.0,0.0
2024-11-25 00:00:00-05:00,98.86465610541084,100.62077190243338,98.86465610541084,100.19361114501953,182400,0.0,0.0
2024-11-26 00:00:00-05:00,99.49115239924058,101.35168643375981,99.27282837946402,101.19031524658203,111600,0.0,0.0
2024-11-27 00:00:00-05:00,101.45610001096674,101.86427885722195,99.09246342053245,99.32028198242188,168700,0.0,0.0
2024-11-29 00:00:00-05:00,100.32649135351869,100.32649135351869,98.90261271264433,99.34876251220703,93400,0.0,0.0
2024-12-02 00:00:00-05:00,99.70947129813493,99.70947129813493,97.91538487150595,98.39950561523438,154900,0.0,0.0
2024-12-03 00:00:00-05:00,98.46596665341897,99.48166655566608,97.65909622118758,97.67808532714844,91000,0.0,0.0
2024-12-04 00:00:00-05:00,97.26990366954102,98.31407995859901,94.37468068230494,96.25420379638672,182000,0.0,0.0
2024-12-05 00:00:00-05:00,95.95044872929371,96.71934097116964,95.29546215748996,96.08334350585938,94000,0.0,0.0
2024-12-06 00:00:00-05:00,96.97564327419234,97.36483305088707,95.41886244074695,95.49480438232422,105000,0.0,0.0
2024-12-09 00:00:00-05:00,95.4948026635895,96.98512883966495,94.51707372060153,95.34292602539062,160700,0.0,0.0
2024-12-10 00:00:00-05:00,95.66566263109742,95.66566263109742,94.25127848064122,94.59300994873047,168300,0.0,0.0
2024-12-11 00:00:00-05:00,95.92195344436806,96.56744533595977,94.78284627214818,95.50428009033203,435600,0.0,0.0
2024-12-12 00:00:00-05:00,95.1340844051029,96.51999215247679,95.1340844051029,95.5517578125,222600,0.0,0.0
2024-12-13 00:00:00-05:00,95.31444796675986,95.8650089182482,92.81790923144904,94.01396942138672,179900,0.0,0.0
2024-12-16 00:00:00-05:00,94.01397352958915,95.1056154117937,93.02675000738292,93.43492889404297,153500,0.0,0.0
2024-12-17 00:00:00-05:00,92.59959690944405,93.85261009076049,90.85296830511709,92.21989440917969,317500,0.0,0.0
2024-12-18 00:00:00-05:00,93.07422040567974,93.12167869038636,85.1479553951918,85.93583679199219,278700,0.0,0.0
2024-12-19 00:00:00-05:00,87.11290192569732,87.87230685037105,85.27135693302996,86.0687255859375,189100,0.0,0.0
2024-12-20 00:00:00-05:00,84.81571148751644,87.9672295744072,84.75875865364351,87.7963638305664,704300,0.0,0.0
2024-12-23 00:00:00-05:00,87.48310588568133,88.1665615397891,86.8565958166394,87.88179016113281,133500,0.0,0.0
2024-12-24 00:00:00-05:00,88.0906324856195,89.15379062149613,87.72991191047139,88.94495391845703,59400,0.0,0.0
2024-12-26 00:00:00-05:00,88.24251183529563,89.80877991414229,88.24251183529563,89.76131439208984,96400,0.0,0.0
2024-12-27 00:00:00-05:00,88.85002979243524,90.07456634847549,87.48311115959393,88.61271667480469,101700,0.0,0.0
2024-12-30 00:00:00-05:00,87.83433585328608,88.52729339000743,86.79965406700946,87.87230682373047,96500,0.0,0.0
2024-12-31 00:00:00-05:00,88.12859504174395,88.47032650723202,87.30275003533242,87.65396881103516,86600,0.0,0.0
2025-01-02 00:00:00-05:00,87.91976565092143,88.48931567976317,86.32502122483167,86.73320007324219,98400,0.0,0.0
2025-01-03 00:00:00-05:00,87.35021153803875,88.14758740102384,86.48639553221186,87.9007797241211,173800,0.0,0.0
2025-01-06 00:00:00-05:00,88.13809380886485,88.46084342713563,85.85988634407646,86.15415954589844,106000,0.0,0.0
2025-01-07 00:00:00-05:00,86.26806832527498,86.58132340196151,84.3031158549482,84.91063690185547,119100,0.0,0.0
2025-01-08 00:00:00-05:00,84.17021404014396,84.99606628901621,83.62914042666807,84.94860076904297,182100,0.0,0.0
2025-01-10 00:00:00-05:00,83.03111117697416,83.53421380591347,80.99971155698078,81.42687225341797,186500,0.0,0.0
2025-01-13 00:00:00-05:00,80.80985470050263,81.07565145759877,78.64556037398182,80.37319946289062,337200,0.0,0.0
2025-01-14 00:00:00-05:00,80.91428312864574,82.1198378899296,80.80986477161416,82.05339050292969,239000,0.0,0.0
2025-01-15 00:00:00-05:00,83.89492855954846,84.57839147933646,82.07236560159475,82.42359161376953,194000,0.0,0.0
2025-01-16 00:00:00-05:00,82.86024648584642,83.64812775040785,82.40460212735866,83.60066223144531,203400,0.0,0.0
2025-01-17 00:00:00-05:00,84.2746440147314,84.71129933827343,83.0026490168771,83.7430648803711,181900,0.0,0.0
2025-01-21 00:00:00-05:00,84.72079010936207,85.43272952204578,83.99935614335368,84.67332458496094,225800,0.0,0.0
2025-01-22 00:00:00-05:00,84.09426846511047,84.69230212511306,81.69266099973579,82.25272369384766,376500,0.0,0.0
2025-01-23 00:00:00-05:00,82.76532969748436,85.5181562170675,80.03147779953852,84.75875854492188,363500,0.0,0.0
2025-01-24 00:00:00-05:00,83.81899869780122,85.28084117553395,83.23045954024388,84.31260681152344,311400,0.0,0.0
2025-01-27 00:00:00-05:00,84.08478374404955,85.85039388011054,83.67660490093391,85.46119689941406,207200,0.0,0.0
2025-01-28 00:00:00-05:00,85.05303428177679,86.4484368079814,85.05303428177679,85.53715515136719,138100,0.0,0.0
2025-01-29 00:00:00-05:00,85.11946549653405,85.70800462303224,83.28740797741608,83.95188903808594,146600,0.0,0.0
2025-01-30 00:00:00-05:00,84.76826293289665,85.25237656080711,83.57220258877672,84.32211303710938,160700,0.0,0.0
2025-01-31 00:00:00-05:00,84.36956870482936,84.8536895599372,83.45828707547632,84.13225555419922,143400,0.0,0.0
2025-02-03 00:00:00-05:00,82.36663537578714,83.5342191251365,81.4648484071204,82.72735595703125,190700,0.0,0.0
2025-02-04 00:00:00-05:00,82.33816246006218,82.9172070829909,81.34145164846345,82.69888305664062,268800,0.0,0.0
2025-02-05 00:00:00-05:00,83.05958791422329,83.86645103408861,82.67988549245686,83.8569564819336,221700,0.0,0.0
2025-02-06 00:00:00-05:00,84.64484570472527,84.93911891145133,83.81900064505983,84.77774047851562,215500,0.0,0.0
2025-02-07 00:00:00-05:00,84.66383502872011,85.11947218511054,83.4677748193067,84.48347473144531,176200,0.0,0.0
2025-02-10 00:00:00-05:00,85.05301770227575,85.05301770227575,82.3571442322469,82.42359161376953,237900,0.0,0.0
2025-02-11 00:00:00-05:00,81.65469220800635,82.41409706159878,81.65469220800635,81.83505249023438,129100,0.0,0.0
2025-02-12 00:00:00-05:00,80.05046744321463,80.37320982654401,78.89237820002653,79.385986328125,149100,0.0,0.0
2025-02-13 00:00:00-05:00,79.77518136074131,80.16437112169679,78.74049236470591,80.11691284179688,221300,0.0,0.0
2025-02-14 00:00:00-05:00,80.74342607423368,81.47435465211737,80.47763649762972,80.93328094482422,82000,0.0,0.0
2025-02-18 00:00:00-05:00,80.80038106048299,82.12932885968675,80.29727111681603,82.06288146972656,95000,0.0,0.0
2025-02-19 00:00:00-05:00,81.01870495911652,82.84126814544148,81.01870495911652,82.02491760253906,114400,0.0,0.0
2025-02-20 00:00:00-05:00,81.92048924036949,82.56598119533722,81.11361886499374,82.14830780029297,178900,0.0,0.0
2025-02-21 00:00:00-05:00,84.2081852377824,84.26513806812869,80.92377258041796,81.94896697998047,186300,0.0,0.0
2025-02-24 00:00:00-05:00,82.0249108931856,83.04061076477556,81.25601145386187,82.41410064697266,156200,0.0,0.0
2025-02-25 00:00:00-05:00,83.00265189433361,83.62915486123117,82.62294939567487,82.77482604980469,200200,0.0,0.0
2025-02-26 00:00:00-05:00,82.6514198398753,83.39183567550425,80.64849636543171,82.3001937866211,297300,0.0,0.0
2025-02-27 00:00:00-05:00,82.10085230363586,83.11655225830654,81.80658632605217,82.02491760253906,122200,0.0,0.0
2025-02-28 00:00:00-05:00,81.63570584511997,83.52471608045842,81.08513771872914,82.96466064453125,206200,0.0,0.0
2025-03-03 00:00:00-05:00,83.05071569347385,83.987625374323,80.93788042417142,81.8365478515625,208000,0.62,0.0
2025-03-04 00:00:00-05:00,81.10995596034495,81.10995596034495,78.28965736436054,78.9301986694336,227200,0.0,0.0
2025-03-05 00:00:00-05:00,78.82503388029349,79.72370855626613,78.44262595295197,79.34129333496094,355900,0.0,0.0
2025-03-06 00:00:00-05:00,78.74855292023648,83.35663824725971,76.57835083673017,82.24763488769531,424100,0.0,0.0
2025-03-07 00:00:00-05:00,82.26676345114205,84.59948243897342,80.55546099126367,83.56697082519531,241700,0.0,0.0
2025-03-10 00:00:00-04:00,83.20368301612876,83.20368301612876,80.19217282268156,81.51150512695312,323400,0.0,0.0
2025-03-11 00:00:00-04:00,81.64535261272111,82.08512763359062,76.65485105899464,76.81737518310547,329500,0.0,0.0
2025-03-12 00:00:00-04:00,77.12330237620161,77.55352228322414,73.42345348080181,73.68157958984375,450400,0.0,0.0
2025-03-13 00:00:00-04:00,73.96839195166528,74.17871341490817,71.3106099125492,72.19972229003906,359900,0.0,0.0
2025-03-14 00:00:00-04:00,73.16531594576709,74.886180888742,72.83070534406754,74.28387451171875,163700,0.0,0.0
2025-03-17 00:00:00-04:00,74.02574998256833,75.63188819865287,73.80585884310801,75.5840835571289,239900,0.0,0.0
2025-03-18 00:00:00-04:00,75.60320085658485,76.09077314089568,74.48464237757034,75.50759887695312,157100,0.0,0.0
2025-03-19 00:00:00-04:00,75.31638898538945,76.92252707171606,75.31638898538945,75.93781280517578,174200,0.0,0.0
2025-03-20 00:00:00-04:00,74.94353188303099,76.41582565278908,74.94353188303099,75.440673828125,180400,0.0,0.0
2025-03-21 00:00:00-04:00,75.27815458688185,76.48276010077916,75.04870834888955,75.45024108886719,569900,0.0,0.0
2025-03-24 00:00:00-04:00,76.368029131751,77.77340093829,76.368029131751,77.41011047363281,137500,0.0,0.0
2025-03-25 00:00:00-04:00,77.73516243040297,78.05065556420709,76.94165934321063,77.37187194824219,182500,0.0,0.0
2025-03-26 00:00:00-04:00,77.60131800890848,78.62427462416755,76.893854526739,77.14242553710938,187600,0.0,0.0
2025-03-27 00:00:00-04:00,77.12329219779441,77.87856023830113,76.21506244832976,76.45407104492188,135800,0.0,0.0
2025-03-28 00:00:00-04:00,76.62616240678005,76.69308452632978,74.30299840817672,75.10606384277344,129500,0.0,0.0
2025-03-31 00:00:00-04:00,74.39859963591192,77.5248290372525,73.81541804550868,76.72176361083984,221600,0.0,0.0
2025-04-01 00:00:00-04:00,76.17682865733411,78.17493724563953,75.97606228917645,77.14242553710938,179700,0.0,0.0
2025-04-02 00:00:00-04:00,76.32023947136861,77.97417514945678,76.02386380254796,77.48660278320312,118800,0.0,0.0
2025-04-03 00:00:00-04:00,73.72938537597656,74.69497499695757,72.20928668460957,73.72938537597656,282700,0.0,0.0
2025-04-04 00:00:00-04:00,71.798195520011,73.76763171527786,71.08116958480325,72.4100570678711,422000,0.0,0.0
2025-04-07 00:00:00-04:00,69.9625971606052,75.11562195455578,68.67195218904887,70.07732391357422,384900,0.0,0.0
2025-04-08 00:00:00-04:00,72.27620874363261,72.29533351878253,66.35835998457333,67.15186309814453,223200,0.0,0.0
2025-04-09 00:00:00-04:00,65.95683002896915,74.4559776859748,65.95683002896915,73.61466979980469,434400,0.0,0.0
2025-04-10 00:00:00-04:00,72.20928574061432,72.20928574061432,69.14041582317786,70.5075454711914,298600,0.0,0.0
2025-04-11 00:00:00-04:00,69.47502435189193,70.39281658323995,67.88801089788318,70.33545684814453,218000,0.0,0.0
2025-04-14 00:00:00-04:00,71.0715965316943,71.7790672665911,70.12512448155773,71.16720581054688,199700,0.0,0.0
2025-04-15 00:00:00-04:00,71.14808300170981,72.54389244272411,70.88995690598668,71.415771484375,196100,0.0,0.0
2025-04-16 00:00:00-04:00,71.24368704281086,71.7121491949423,70.2685350715701,70.64138793945312,255800,0.0,0.0
2025-04-17 00:00:00-04:00,68.51899164097115,73.1366400788542,68.51899164097115,70.99512481689453,335800,0.0,0.0
2025-04-21 00:00:00-04:00,69.723601504106,70.22073627132006,67.36219494841814,68.08878326416016,300500,0.0,0.0
2025-04-22 00:00:00-04:00,69.51326650122988,71.10984233998893,68.31822339545857,71.05248260498047,307500,0.0,0.0
2025-04-23 00:00:00-04:00,73.16532278784648,75.23036091252911,70.9377605405633,70.98556518554688,162200,0.0,0.0
2025-04-24 00:00:00-04:00,71.186323097712,73.64333130193221,71.186323097712,73.47124481201172,139200,0.0,0.0
2025-04-25 00:00:00-04:00,73.13663625388303,73.16531612067382,72.07543741883897,72.84982299804688,99300,0.0,0.0
2025-04-28 00:00:00-04:00,72.60125476638214,73.53816439500542,71.73125996012546,72.84026336669922,109900,0.0,0.0
2025-04-29 00:00:00-04:00,72.45785466607994,73.99707077411476,71.87467304532319,73.73893737792969,98200,0.0,0.0
2025-04-30 00:00:00-04:00,73.10796046893272,73.10796046893272,70.6127098033186,72.96455383300781,173900,0.0,0.0
2025-05-01 00:00:00-04:00,73.3278420743628,74.25519669175159,71.95115737600028,73.35652923583984,191000,0.0,0.0
2025-05-02 00:00:00-04:00,74.15003500290118,75.76573567502396,73.65290026207506,75.01046752929688,158500,0.0,0.0
2025-05-05 00:00:00-04:00,74.38905501251173,75.6510204796207,73.93971755254711,74.02576446533203,122000,0.0,0.0
2025-05-06 00:00:00-04:00,73.13663246106793,74.16915137577548,72.74465485135049,73.60508728027344,113100,0.0,0.0
2025-05-07 00:00:00-04:00,74.09266875885722,74.75233485348839,73.57640928835855,74.26475524902344,103800,0.0,0.0
2025-05-08 00:00:00-04:00,75.1060692614452,76.80780953331127,74.35080111834289,76.44451904296875,157500,0.0,0.0
2025-05-09 00:00:00-04:00,76.49232790674613,77.33363570162497,76.02386571628907,76.7886962890625,198900,0.0,0.0
2025-05-12 00:00:00-04:00,79.79471898670414,80.75819060323073,78.04120093865394,79.8428955078125,219100,0.62,0.0
2025-05-13 00:00:00-04:00,79.97778211936294,80.09339401059094,78.7059998609187,78.95649719238281,233000,0.0,0.0
2025-05-14 00:00:00-04:00,78.49403408192637,79.33224968713581,78.49403408192637,78.96613311767578,154100,0.0,0.0
2025-05-15 00:00:00-04:00,79.01430348532614,80.9027068319597,78.77343559901006,80.45951080322266,222500,0.0,0.0
2025-05-16 00:00:00-04:00,80.50768079837937,80.92197386113374,79.03357049507103,79.81398010253906,190000,0.0,0.0
2025-05-19 00:00:00-04:00,78.22426068280274,78.87942165751566,78.07010170018565,78.67709350585938,115500,0.0,0.0
2025-05-20 00:00:00-04:00,78.11827509219829,78.63855061164269,77.18370651193918,77.5979995727539,119200,0.0,0.0
2025-05-21 00:00:00-04:00,76.53819002454094,76.58635919648955,74.85211464152796,74.90028381347656,157900,0.0,0.0
2025-05-22 00:00:00-04:00,74.49562212646268,74.78466654018158,73.2045737401158,73.2912826538086,210200,0.0,0.0
2025-05-23 00:00:00-04:00,72.17365860356259,73.71521164043484,72.17365860356259,72.98297119140625,166200,0.0,0.0
2025-05-27 00:00:00-04:00,73.85010462711777,75.3723916227029,73.47435126564751,75.04480743408203,183300,0.0,0.0
2025-05-28 00:00:00-04:00,74.91955594226629,75.33384903683654,74.6497850622122,75.0737075805664,170300,0.0,0.0
2025-05-29 00:00:00-04:00,75.55544799041648,75.9793778852592,74.42818787989998,74.6305160522461,158300,0.0,0.0
2025-05-30 00:00:00-04:00,74.17767192060168,74.6883106614751,73.53214775197695,74.03314971923828,155300,0.0,0.0
2025-06-02 00:00:00-04:00,73.74411890075693,73.74411890075693,72.27000849379465,72.78064727783203,203300,0.0,0.0
2025-06-03 00:00:00-04:00,72.58795160921535,73.37800543006558,71.8268154635719,73.22384643554688,125400,0.0,0.0
2025-06-04 00:00:00-04:00,73.21420316063504,73.81155818530272,72.66502465515363,72.97333526611328,130000,0.0,0.0
2025-06-05 00:00:00-04:00,72.73247332887745,73.12750023658681,72.29891402350874,72.35671997070312,138600,0.0,0.0
2025-06-06 00:00:00-04:00,73.72484079240292,74.04278817247396,72.64575734591405,73.54178619384766,198300,0.0,0.0
2025-06-09 00:00:00-04:00,74.12950529887834,74.87137517697951,73.5417870503403,74.16804504394531,131000,0.0,0.0
2025-06-10 00:00:00-04:00,75.01589284493049,75.46872563369064,74.01388158592394,74.61123657226562,148100,0.0,0.0
2025-06-11 00:00:00-04:00,74.61124739692535,74.77503581428496,73.02151769429777,73.38763427734375,311500,0.0,0.0
2025-06-12 00:00:00-04:00,72.85772118602723,74.5437963968789,72.57831355471583,74.50525665283203,262600,0.0,0.0
2025-06-13 00:00:00-04:00,73.3490874554158,73.91753950003344,72.52050132306104,72.90589141845703,161400,0.0,0.0
2025-06-16 00:00:00-04:00,73.94644476293175,74.36073784195096,72.55904331678278,72.64575958251953,150900,0.0,0.0
2025-06-17 00:00:00-04:00,71.88461700396905,72.46269849656157,70.78625996283178,71.28726196289062,277300,0.0,0.0
2025-06-18 00:00:00-04:00,71.07528723201919,72.43378553543536,71.06565780980918,71.78826141357422,148400,0.0,0.0
2025-06-20 00:00:00-04:00,72.15439210448181,72.35672027120786,71.47996488206167,72.11585235595703,248900,0.0,0.0
2025-06-23 00:00:00-04:00,71.78826740333227,73.3009174460624,70.8440620479884,73.23347473144531,112500,0.0,0.0
2025-06-24 00:00:00-04:00,73.9849915507713,75.179694381611,73.48398215832829,74.15841674804688,113900,0.0,0.0
2025-06-25 00:00:00-04:00,74.18731639534504,74.18731639534504,72.8384546271068,73.00224304199219,124000,0.0,0.0
2025-06-26 00:00:00-04:00,73.46471091326588,74.50526202545251,73.117860542537,74.37037658691406,143400,0.0,0.0
2025-06-27 00:00:00-04:00,74.54379278994712,75.51689371490332,74.3607308522584,75.25675964355469,298300,0.0,0.0
2025-06-30 00:00:00-04:00,75.66142773610353,75.66142773610353,71.1523801059086,72.59758758544922,374200,0.0,0.0
2025-07-01 00:00:00-04:00,71.87497328605404,75.27602654545566,71.87497328605404,73.50324249267578,250800,0.0,0.0
2025-07-02 00:00:00-04:00,73.58032819418233,75.07370475271695,72.67466254465346,75.0255355834961,187000,0.0,0.0
2025-07-03 00:00:00-04:00,75.29531636089784,75.67106974350543,74.51489926950023,75.16043090820312,123900,0.0,0.0
2025-07-07 00:00:00-04:00,74.64978798244313,75.68070237195262,73.29128940383518,73.6959457397461,164800,0.0,0.0
2025-07-08 00:00:00-04:00,73.72484726919006,74.89065443186767,73.52251910519871,74.18731689453125,130100,0.0,0.0
2025-07-09 00:00:00-04:00,74.48599103094745,75.17005502148024,73.8501035632755,74.26439666748047,195900,0.0,0.0
2025-07-10 00:00:00-04:00,74.3029282387118,75.93119015220438,74.22584875089909,74.74612426757812,285400,0.0,0.0
2025-07-11 00:00:00-04:00,74.17767843483021,74.29329767621543,73.48397768792924,73.96571350097656,191100,0.0,0.0
2025-07-14 00:00:00-04:00,73.86936386145706,74.58233811917857,73.62849596780366,74.2451171875,212200,0.0,0.0
2025-07-15 00:00:00-04:00,74.23549211485967,74.4956262209405,71.23909475414996,71.58594512939453,217100,0.0,0.0
2025-07-16 00:00:00-04:00,72.20256966213171,73.53215792710897,71.29690393558899,73.2142105102539,283600,0.0,0.0
2025-07-17 00:00:00-04:00,72.70356580948834,74.3992778779848,72.27000653122793,72.79991149902344,370500,0.0,0.0
2025-07-18 00:00:00-04:00,73.59960183538091,75.84449263799259,69.57228987582097,70.03475952148438,619300,0.0,0.0
2025-07-21 00:00:00-04:00,69.67826753463012,71.9038846332369,69.4181334305314,71.11383819580078,317500,0.0,0.0
2025-07-22 00:00:00-04:00,71.47032894927703,72.53014631872576,70.92115039006325,72.10621643066406,259900,0.0,0.0
2025-07-23 00:00:00-04:00,72.38562404130745,72.98297912395553,71.77863953445132,72.74211120605469,228900,0.0,0.0
2025-07-24 00:00:00-04:00,72.52049827136531,74.41853834698884,72.52049827136531,73.49360656738281,287100,0.0,0.0
2025-07-25 00:00:00-04:00,74.07169775791424,74.07169775791424,71.88462034813689,72.44343566894531,169100,0.0,0.0
2025-07-28 00:00:00-04:00,72.47234212638666,72.54942162621172,71.32580845628227,71.61485290527344,125700,0.0,0.0
2025-07-29 00:00:00-04:00,72.12549022586855,72.51088036626246,71.4606924174567,72.5012435913086,148000,0.0,0.0
2025-07-30 00:00:00-04:00,72.37599677860311,72.86736205328745,70.63210800244015,71.05603790283203,241100,0.0,0.0
2025-07-31 00:00:00-04:00,70.43941887159615,71.36435085166707,70.08293168471953,70.87297821044922,185100,0.0,0.0
2025-08-01 00:00:00-04:00,69.88059915401877,70.70918537952059,68.86895830942156,69.5722885131836,214900,0.0,0.0
2025-08-04 00:00:00-04:00,69.6204662899328,71.3547109193257,69.42776754175206,71.14274597167969,135300,0.0,0.0
2025-08-05 00:00:00-04:00,71.39323993500628,72.05803765254281,70.71881279453771,72.04840087890625,177100,0.0,0.0
2025-08-06 00:00:00-04:00,72.09657965682369,72.2507312863191,71.08493156369818,71.86534118652344,214700,0.0,0.0
2025-08-07 00:00:00-04:00,72.578321835469,72.578321835469,70.13110293956382,70.29489135742188,142100,0.0,0.0
2025-08-08 00:00:00-04:00,70.6802783588606,71.15237739264374,70.20817932507745,70.56465911865234,238400,0.0,0.0
2025-08-11 00:00:00-04:00,70.8756024135388,72.55663456678937,70.56465957855556,71.27399444580078,381200,0.62,0.0
2025-08-12 00:00:00-04:00,71.50720181869194,73.62550226093222,71.50720181869194,73.20767211914062,198200,0.0,0.0
2025-08-13 00:00:00-04:00,73.72268087016093,75.85069303291944,73.21739409486179,75.75352478027344,188200,0.0,0.0
2025-08-14 00:00:00-04:00,74.78182062914091,74.8206894093586,73.9753101199131,74.4611587524414,192500,0.0,0.0
2025-08-15 00:00:00-04:00,74.71379842181176,74.71379842181176,72.2068178227291,72.80927276611328,176900,0.0,0.0
2025-08-18 00:00:00-04:00,72.90644027078503,73.21738308055366,71.97361184147914,72.09992980957031,145700,0.0,0.0
2025-08-19 00:00:00-04:00,72.32343481963174,73.37286974792819,72.10966021422367,72.44975280761719,145900,0.0,0.0
2025-08-20 00:00:00-04:00,72.51776356263348,72.51776356263348,71.11852455483488,71.24484252929688,231300,0.0,0.0
2025-08-21 00:00:00-04:00,71.27399023997192,71.51691454713847,69.29172700387754,69.81644439697266,422700,0.0,0.0
2025-08-22 00:00:00-04:00,69.76787023892204,74.25710709324414,69.66098294110844,74.1113510131836,352300,0.0,0.0
2025-08-25 00:00:00-04:00,74.0530563474891,74.88871668632008,73.70324469804996,74.37371826171875,214800,0.0,0.0
2025-08-26 00:00:00-04:00,74.64578062421386,74.99559221874185,73.94615743515789,74.12106323242188,185900,0.0,0.0
2025-08-27 00:00:00-04:00,73.57691658875397,74.34455830203622,72.58578124716458,73.23682403564453,326000,0.0,0.0
2025-08-28 00:00:00-04:00,73.28541132281688,73.43116740595097,71.13796109925913,71.92503356933594,355700,0.0,0.0
2025-08-29 00:00:00-04:00,72.20682257864239,72.3914474343398,70.86588299971164,71.76956176757812,474100,0.0,0.0
2025-09-02 00:00:00-04:00,70.78815443819296,70.78815443819296,69.2237210238033,69.37919616699219,206600,0.0,0.0
2025-09-03 00:00:00-04:00,68.98078856771853,69.51522504280777,68.25201559993975,69.27230072021484,266600,0.0,0.0
2025-09-04 00:00:00-04:00,69.66098466104863,70.6618317348668,69.60267777950749,70.62296295166016,191500,0.0,0.0
2025-09-05 00:00:00-04:00,71.00191391684248,71.46833183351326,69.38890042417282,70.4869155883789,143200,0.0,0.0
2025-09-08 00:00:00-04:00,70.80757858126778,70.91446586777636,69.60266869943665,70.00106811523438,429700,0.0,0.0
2025-09-09 00:00:00-04:00,69.72899754063833,70.01079063600642,68.33947016056081,68.54352569580078,222200,0.0,0.0
2025-09-10 00:00:00-04:00,68.04796790841095,69.26258966149115,68.03824885861671,69.07796478271484,276700,0.0,0.0
2025-09-11 00:00:00-04:00,69.46664118814196,70.44805758334843,69.21400521588082,69.826171875,242100,0.0,0.0
2025-09-12 00:00:00-04:00,69.45692554492373,70.32173553986958,69.1168255626845,69.57352447509766,177000,0.0,0.0
2025-09-15 00:00:00-04:00,69.94277246545948,70.2051274653445,68.26173293343184,68.34918212890625,218400,0.0,0.0
2025-09-16 00:00:00-04:00,67.43578941454679,68.04795600214254,66.37663557617904,67.41635131835938,261200,0.0,0.0
2025-09-17 00:00:00-04:00,67.41635676442436,69.40833921724372,67.12485201921857,67.38720703125,294700,0.0,0.0
2025-09-18 00:00:00-04:00,67.64956831230302,68.38805291843437,67.44551277007236,67.57183074951172,167000,0.0,0.0
2025-09-19 00:00:00-04:00,67.76616550084833,67.76616550084833,66.5126751335467,66.64871215820312,520900,0.0,0.0
2025-09-22 00:00:00-04:00,66.43494656098095,66.61956400541264,65.28834345922499,65.36607360839844,327300,0.0,0.0
2025-09-23 00:00:00-04:00,65.29805807340063,66.18230620842945,65.08429088659393,65.40494537353516,438000,0.0,0.0
2025-09-24 00:00:00-04:00,65.43409138170637,65.51182894346194,64.40409463556188,64.75390625,259900,0.0,0.0
2025-09-25 00:00:00-04:00,64.4818352112147,64.76362832565326,63.976548449648234,64.4915542602539,208800,0.0,0.0
2025-09-26 00:00:00-04:00,64.52069934765679,65.07456648760973,64.30692476496236,64.5304183959961,216700,0.0,0.0
2025-09-29 00:00:00-04:00,64.82192423842034,65.22032367909601,63.850226964727696,64.64701843261719,279800,0.0,0.0
2025-09-30 00:00:00-04:00,64.57900445991451,64.66646107569524,62.98542141210632,63.7530632019043,218600,0.0,0.0
2025-10-01 00:00:00-04:00,63.4712703328576,63.655895200872635,62.655048120825185,62.70362854003906,148200,0.0,0.0
2025-10-02 00:00:00-04:00,62.70362569978059,63.41296799202673,62.470420423115065,63.2672119140625,254600,0.0,0.0
2025-10-03 00:00:00-04:00,63.461549409825224,64.5887218561645,63.344950476384746,63.78221130371094,303900,0.0,0.0
2025-10-06 00:00:00-04:00,64.00570622269856,64.66646070804258,63.179757555921796,64.20004272460938,305000,0.0,0.0
2025-10-07 00:00:00-04:00,64.1125934759545,64.86079716257312,64.1125934759545,64.50126647949219,233200,0.0,0.0
2025-10-08 00:00:00-04:00,64.94824525374877,65.10372038327516,63.95711725013571,64.3846664428711,202900,0.0,0.0
2025-10-09 00:00:00-04:00,65.24947810208,65.56042095547753,63.966837905132394,64.608154296875,328300,0.0,0.0
2025-10-10 00:00:00-04:00,64.73447754795536,65.15230768835481,63.40324956262176,64.27777862548828,282400,0.0,0.0
2025-10-13 00:00:00-04:00,64.6761640514686,65.18145075319273,64.36522124020044,64.79277038574219,335000,0.0,0.0
2025-10-14 00:00:00-04:00,64.2875023564114,65.76447911523876,64.09315843191918,65.14259338378906,253400,0.0,0.0
2025-10-15 00:00:00-04:00,65.48268030152138,65.67701679568427,64.19032111629826,64.66645812988281,307900,0.0,0.0
2025-10-16 00:00:00-04:00,64.71504033172126,64.98711439643871,63.082588529954315,63.937686920166016,366600,0.0,0.0
2025-10-17 00:00:00-04:00,63.16032971432072,68.0674044498184,62.723068858606645,67.64957427978516,580900,0.0,0.0
2025-10-20 00:00:00-04:00,68.30060110717844,69.53465336206143,66.94022346422733,68.64069366455078,281400,0.0,0.0
2025-10-21 00:00:00-04:00,68.61155127457263,69.60267932117661,68.29088936611215,68.73786926269531,255600,0.0,0.0
2025-10-22 00:00:00-04:00,68.65040906350023,69.28201372988005,66.7653141121867,66.89163208007812,357000,0.0,0.0
2025-10-23 00:00:00-04:00,68.893342211284,69.50550886061829,67.64957081446762,68.7087173461914,396400,0.0,0.0
2025-10-24 00:00:00-04:00,69.26258523647472,69.99135824176332,68.93221169920582,69.32088470458984,409100,0.0,0.0
2025-10-27 00:00:00-04:00,69.4957956207984,70.08853163499485,68.4657987367351,69.486083984375,388800,0.0,0.0
2025-10-28 00:00:00-04:00,69.11682399851695,69.51522343682704,68.82531926621714,69.25286102294922,245800,0.0,0.0
2025-10-29 00:00:00-04:00,68.7087156824848,69.9330563649696,67.16372052294861,67.484375,272400,0.0,0.0
2025-10-30 00:00:00-04:00,66.88192576816324,67.99937912630634,66.70701996068466,67.5621109008789,398300,0.0,0.0
2025-10-31 00:00:00-04:00,67.08598342040133,67.23173950013343,66.18230462221698,66.38636016845703,366000,0.0,0.0
2025-11-03 00:00:00-05:00,65.92965944373088,66.7847578009516,64.86079391066697,65.86164093017578,391100,0.0,0.0
2025-11-04 00:00:00-05:00,65.80334072260713,66.46409516688317,65.20088574258835,65.24947357177734,350200,0.0,0.0
2025-11-05 00:00:00-05:00,65.2591964345429,66.62928581890036,65.10372130282052,66.50296783447266,573500,0.0,0.0
2025-11-06 00:00:00-05:00,67.97994634798215,67.97994634798215,65.81306538888876,66.0268325805664,433600,0.0,0.0
2025-11-07 00:00:00-05:00,65.80334888428219,66.64872087471282,64.81221338820535,66.56127166748047,375900,0.0,0.0
2025-11-10 00:00:00-05:00,66.93388115765781,66.97310495552352,65.64932609137276,65.65913391113281,180600,0.62,0.0
2025-11-11 00:00:00-05:00,66.0023329879293,67.58105532115609,66.0023329879293,67.01232147216797,209200,0.0,0.0
2025-11-12 00:00:00-05:00,67.04174630200605,68.28707011842369,64.73739488075448,64.9237060546875,850600,0.0,0.0
2025-11-13 00:00:00-05:00,64.62953564077083,65.84544341922911,63.89410628198832,64.21768951416016,337000,0.0,0.0
2025-11-14 00:00:00-05:00,64.06080670187993,64.06080670187993,63.12925828755005,63.50188064575195,233400,0.0,0.0
2025-11-17 00:00:00-05:00,63.12925674287946,63.62935082754954,58.363677392592315,58.52056884765625,434400,0.0,0.0
2025-11-18 00:00:00-05:00,58.47154164990245,59.128523456696215,57.96164347986276,58.08911895751953,537300,0.0,0.0
2025-11-19 00:00:00-05:00,58.04989663120137,59.00104947622674,57.65766610872933,58.44212341308594,599900,0.0,0.0
2025-11-20 00:00:00-05:00,59.13833259138689,60.491520034423075,58.08912024875178,58.31465148925781,725700,0.0,0.0
2025-11-21 00:00:00-05:00,59.167749096682535,60.51113247188136,58.94221785417379,60.197349548339844,1275800,0.0,0.0
2025-11-24 00:00:00-05:00,59.96201379401632,61.148505698897,59.72667473276179,60.75627517700195,528900,0.0,0.0
2025-11-25 00:00:00-05:00,60.98180726729851,62.1584951087862,60.98180726729851,61.540733337402344,496300,0.0,0.0
2025-11-26 00:00:00-05:00,61.25636908957205,63.00178705136106,60.854334489140165,62.53111267089844,454000,0.0,0.0
2025-11-28 00:00:00-05:00,62.94295411866541,62.94295411866541,61.550539158307444,62.02121353149414,167200,0.0,0.0
2025-12-01 00:00:00-05:00,61.354425378175705,61.5799566203042,60.45230040966172,60.47190856933594,409900,0.0,0.0
2025-12-02 00:00:00-05:00,60.97199940431494,61.707428792040915,60.393461469680354,60.589576721191406,434600,0.0,0.0
2025-12-03 00:00:00-05:00,60.94258574327183,62.47227653393589,60.844526243493725,61.18772888183594,1694900,0.0,0.0
2025-12-04 00:00:00-05:00,61.60937613339,63.17829074316571,61.12889393006573,61.4328727722168,482700,0.0,0.0
2025-12-05 00:00:00-05:00,60.9523914944233,61.39364990405659,60.24637803901003,60.991615295410156,361400,0.0,0.0
2025-12-08 00:00:00-05:00,61.02102934852112,61.19753270679962,58.648045572579534,58.88338088989258,549900,0.0,0.0
2025-12-09 00:00:00-05:00,58.92260315162715,60.373850039134865,58.86376745354092,59.61880874633789,397400,0.0,0.0
2025-12-10 00:00:00-05:00,58.74610116814288,61.01122509936527,57.25563044714745,60.65821838378906,548300,0.0,0.0
2025-12-11 00:00:00-05:00,60.77588396854523,61.74665240325877,60.77588396854523,61.41325759887695,358600,0.0,0.0
2025-12-12 00:00:00-05:00,61.687815352491064,61.98198635211856,60.93277408440858,61.32500457763672,303800,0.0,0.0
2025-12-15 00:00:00-05:00,61.834902722598414,61.96237445339844,60.746466657448174,61.32500457763672,352400,0.0,0.0
2025-12-16 00:00:00-05:00,61.579954972498804,62.354608179464094,61.35442373640525,61.619178771972656,320500,0.0,0.0
2025-12-17 00:00:00-05:00,61.56034420418624,62.325193345634005,61.11908954405143,61.44267654418945,258400,0.0,0.0
2025-12-18 00:00:00-05:00,61.93296140526621,62.67819488894728,61.452479215362544,61.766265869140625,204800,0.0,0.0
2025-12-19 00:00:00-05:00,61.51131367517156,62.217327085921816,60.942583559190645,61.12889099121094,705800,0.0,0.0
2025-12-22 00:00:00-05:00,61.23675893898787,62.47227875542712,60.87394812837606,62.06044006347656,213900,0.0,0.0
2025-12-23 00:00:00-05:00,61.981989731915064,62.080049230862755,61.29558820163085,62.02121353149414,206700,0.0,0.0
2025-12-24 00:00:00-05:00,62.089854160581744,62.295773500310176,61.6093757012154,61.991798400878906,105700,0.0,0.0
2025-12-26 00:00:00-05:00,61.893738561150116,63.15868179413925,61.736847102133524,62.952754974365234,324500,0.0,0.0
2025-12-29 00:00:00-05:00,62.96256102819525,63.56071086784825,62.32519113032902,62.7468376159668,191400,0.0,0.0
2025-12-30 00:00:00-05:00,62.63897614044503,62.952755319611605,61.883934820853305,61.991798400878906,138400,0.0,0.0
2025-12-31 00:00:00-05:00,62.325193843603735,62.325193843603735,61.32500937417105,61.56034469604492,155000,0.0,0.0
2026-01-02 00:00:00-05:00,61.34462241701426,62.384026965727266,61.217146933282216,62.334999084472656,207100,0.0,0.0
2026-01-05 00:00:00-05:00,62.050629975166665,64.55109297852464,62.050629975166665,63.50188064575195,310400,0.0,0.0
2026-01-06 00:00:00-05:00,63.24692634579418,65.4336063158229,63.24692634579418,65.2571029663086,413200,0.0,0.0
2026-01-07 00:00:00-05:00,65.43361076162238,65.70816988370487,63.95294408904898,64.82565307617188,310000,0.0,0.0
2026-01-08 00:00:00-05:00,64.23730774667999,65.95330965312044,64.23730774667999,65.89447021484375,318400,0.0,0.0
2026-01-09 00:00:00-05:00,65.90427792321037,67.73795122192614,65.74739021081214,66.71815490722656,311000,0.0,0.0
2026-01-12 00:00:00-05:00,66.2867015906977,67.00252282995098,64.85506659336586,66.9534912109375,315100,0.0,0.0
2026-01-13 00:00:00-05:00,66.37495986881052,67.38494842214132,65.923897382914,66.58087921142578,519700,0.0,0.0
2026-01-14 00:00:00-05:00,66.47301807432706,68.08115655489486,66.26709872413944,67.30650329589844,395400,0.0,0.0
2026-01-15 00:00:00-05:00,67.71833380627,69.14996874479259,67.08096767232507,68.27725982666016,405300,0.0,0.0
2026-01-16 00:00:00-05:00,68.02231381261588,69.28725317574552,67.4633878132027,69.05191040039062,375200,0.0,0.0
2026-01-20 00:00:00-05:00,67.95368371430766,68.1890190419919,66.89466351796581,67.3457260131836,357000,0.0,0.0
2026-01-21 00:00:00-05:00,67.57125755498211,68.79697323420172,67.09077162228218,68.01251220703125,391500,0.0,0.0
2026-01-22 00:00:00-05:00,68.30668762620601,69.24803637925217,67.13980389427516,67.44377899169922,380500,0.0,0.0
2026-01-23 00:00:00-05:00,66.49262132467712,67.60067307918372,63.53129555533617,64.6295394897461,581700,0.0,0.0
2026-01-26 00:00:00-05:00,64.64915049343702,65.41399590878737,63.354794987188335,63.98236083984375,402900,0.0,0.0
2026-01-27 00:00:00-05:00,64.00196569582995,65.95331041558688,63.44303965337476,63.825462341308594,649300,0.0,0.0
2026-01-28 00:00:00-05:00,63.91371867819573,64.11963801456919,62.56052752093636,62.70761489868164,343300,0.0,0.0
2026-01-29 00:00:00-05:00,63.27634679695857,64.04119220519726,62.119270864163504,63.32537841796875,487700,0.0,0.0
2026-01-30 00:00:00-05:00,63.10964862174357,63.58031924662942,62.34480324542302,63.011592864990234,262200,0.0,0.0
2026-02-02 00:00:00-05:00,62.89392212034043,63.168481234566585,62.256552213660086,62.4428596496582,244600,0.0,0.0
2026-02-03 00:00:00-05:00,61.834907687372905,62.2663582720956,59.31483647859965,60.197349548339844,314000,0.0,0.0
2026-02-04 00:00:00-05:00,60.265988097075365,62.236941019653024,59.157943807477906,61.736846923828125,251200,0.0,0.0
2026-02-05 00:00:00-05:00,61.88393236864562,62.12907549877615,60.148318558450974,60.854331970214844,226600,0.0,0.0
2026-02-06 00:00:00-05:00,61.4034513552987,61.932961424190076,61.10928034166596,61.491703033447266,238600,0.0,0.0
2026-02-09 00:00:00-05:00,61.42306533584575,63.109651357339885,60.85433518896662,63.050819396972656,288300,0.0,0.0
2026-02-10 00:00:00-05:00,63.49207844769294,64.60993065893433,62.80568059207999,64.24711608886719,245000,0.0,0.0
2026-02-11 00:00:00-05:00,64.22750028891197,64.8256501267378,62.89392105846502,63.570518493652344,333900,0.0,0.0
2026-02-12 00:00:00-05:00,63.83526809685561,65.22767924795113,62.88411157720567,64.85506439208984,383600,0.0,0.0
2026-02-13 00:00:00-05:00,64.91389740651108,66.97310566996826,64.06080410764841,65.3649673461914,626900,0.0,0.0
2026-02-17 00:00:00-05:00,65.6885490468896,66.82601672688567,64.64914460088757,64.87467956542969,335400,0.0,0.0
2026-02-18 00:00:00-05:00,64.89429799763208,66.23768521558765,64.35498004997731,64.77662658691406,179900,0.0,0.0
2026-02-19 00:00:00-05:00,64.57070102790308,65.83564051723312,63.894111054484604,65.54146575927734,240400,0.0,0.0
2026-02-20 00:00:00-05:00,65.37477027238737,65.99253576834523,63.354793208439055,65.81603240966797,252000,0.0,0.0
2026-02-23 00:00:00-05:00,65.44341277696499,65.67875558578461,63.80585834176485,64.49225616455078,234000,0.0,0.0
2026-02-24 00:00:00-05:00,64.53147403631063,65.83563726094128,64.53147403631063,65.65913391113281,182100,0.0,0.0
2026-02-25 00:00:00-05:00,66.17883739323841,66.74757125129287,65.11001693557452,66.2965087890625,229800,0.0,0.0
2026-02-26 00:00:00-05:00,66.90446791593912,67.63989732335766,64.94332282948969,65.83563995361328,288000,0.0,0.0
2026-02-27 00:00:00-05:00,65.60030831494196,66.20825853786572,63.97255421098751,65.57089233398438,336100,0.0,0.0
2026-03-02 00:00:00-05:00,64.2176999869483,67.28689713275146,64.2176999869483,67.1005859375,330400,0.0,0.0
2026-03-03 00:00:00-05:00,65.73758620004423,67.05154985706778,64.90410100912295,66.58087921142578,320500,0.0,0.0
2026-03-04 00:00:00-05:00,66.68873913005919,67.2966893040528,65.46302348097578,65.61991119384766,519700,0.0,0.0
2026-03-05 00:00:00-05:00,64.84525845711836,66.1101979135156,64.14905286133532,64.9237060546875,226700,0.0,0.0
2026-03-06 00:00:00-05:00,63.85488943676228,65.5904996207219,62.766453268776125,63.697994232177734,321700,0.0,0.0
2026-03-09 00:00:00-04:00,62.57840029549004,63.826796108141096,60.517555634377,63.658363342285156,338500,0.67,0.0
2026-03-10 00:00:00-04:00,63.60881998567128,64.51044400250859,62.58830581040465,62.64775466918945,330800,0.0,0.0
2026-03-11 00:00:00-04:00,62.578399658203125,63.509742436582926,61.627240593529685,62.578399658203125,274900,0.0,0.0
2026-03-12 00:00:00-04:00,61.77585698293905,62.87563630345522,61.468713994752825,61.865028381347656,471500,0.0,0.0
2026-03-13 00:00:00-04:00,62.618032038873466,64.0744931710751,61.835305740739635,61.934383392333984,430900,0.0,0.0
2026-03-16 00:00:00-04:00,62.766647438720284,63.44038604079185,62.05328004443338,62.69729232788086,401800,0.0,0.0
2026-03-17 00:00:00-04:00,63.4205749149878,64.65906446346516,63.4205749149878,63.64845275878906,274000,0.0,0.0
2026-03-18 00:00:00-04:00,63.0638880480889,63.955602016831854,62.53876592002024,62.62793731689453,519700,0.0,0.0
2026-03-19 00:00:00-04:00,62.22171365171576,62.95490112144072,61.270554593345636,62.49913787841797,327100,0.0,0.0
2026-03-20 00:00:00-04:00,62.99453162423051,63.04407044822374,61.448895370479654,61.607421875,1355900,0.0,0.0
2026-03-23 00:00:00-04:00,63.14314956365678,64.21320254914463,62.211806800401604,62.91526794433594,315100,0.0,0.0
2026-03-24 00:00:00-04:00,62.05328140043544,63.01434672002741,61.696595805712576,62.5090446472168,240200,0.0,0.0
2026-03-25 00:00:00-04:00,63.271952468799306,63.97541360090526,59.61592902922915,61.33000183105469,549300,0.0,0.0
2026-03-26 00:00:00-04:00,61.14175109766704,61.904661112772224,60.14105320590864,61.369632720947266,393900,0.0,0.0
2026-03-27 00:00:00-04:00,60.814790129294565,61.07239428509221,60.11132521315204,60.26985549926758,311400,0.0,0.0
2026-03-30 00:00:00-04:00,60.89405018013852,62.023551987373615,60.725617424126604,60.814788818359375,332900,0.0,0.0
2026-03-31 00:00:00-04:00,61.74613266609036,62.19198964530034,60.616630838471764,61.97401428222656,294400,0.0,0.0
2026-04-01 00:00:00-04:00,62.063186277917026,62.86572884825167,60.91386815349523,61.557884216308594,239500,0.0,0.0
2026-04-02 00:00:00-04:00,60.78506558903793,62.10282028414687,59.94289420704796,62.083003997802734,251300,0.0,0.0
2026-04-06 00:00:00-04:00,61.65696283488081,63.053978885476646,61.33990981485694,62.78646469116211,239000,0.0,0.0
2026-04-07 00:00:00-04:00,62.618032186225676,62.86573009536457,62.083003795388834,62.22171401977539,311200,0.0,0.0
2026-04-08 00:00:00-04:00,63.826792776362836,64.55998399971065,63.2620418692187,63.31158447265625,447200,0.0,0.0
2026-04-09 00:00:00-04:00,63.03416006037738,63.77725753436724,62.479319187468654,63.450294494628906,392900,0.0,0.0
2026-04-10 00:00:00-04:00,63.30167709985502,63.60882008848094,62.518950799322226,62.578399658203125,501400,0.0,0.0
2026-04-13 00:00:00-04:00,62.211807044081766,63.98532496002081,61.716411231556,63.91596984863281,620400,0.0,0.0
2026-04-14 00:00:00-04:00,64.04477238509362,65.97681310107478,64.00513981154268,65.66967010498047,295300,0.0,0.0
2026-04-15 00:00:00-04:00,65.67957642191386,66.04617203716238,65.01574786056173,65.60031127929688,196700,0.0,0.0
2026-04-16 00:00:00-04:00,65.63003435676255,66.11552768992206,63.94569163759483,64.04476928710938,310900,0.0,0.0
2026-04-17 00:00:00-04:00,62.42977884112197,66.1551537008145,61.77585651757493,66.05607604980469,775800,0.0,0.0
2026-04-20 00:00:00-04:00,66.57129191850814,67.96830418353453,66.03626353217668,67.62152862548828,372400,0.0,0.0
2026-04-21 00:00:00-04:00,67.52245228838078,68.5925090818654,67.12613411755606,68.21600341796875,471200,0.0,0.0
2026-04-22 00:00:00-04:00,68.56277368288231,69.05816946833417,67.30447171385607,67.69087982177734,244800,0.0,0.0
2026-04-23 00:00:00-04:00,67.69088348994738,67.93858139609607,66.3136837364919,66.6208267211914,253200,0.0,0.0
2026-04-24 00:00:00-04:00,66.37313087389633,67.45309770895742,65.98672273304945,67.08650207519531,261300,0.0,0.0
2026-04-27 00:00:00-04:00,66.94779232968811,68.15655936734514,66.6802819068472,67.52245330810547,229000,0.0,0.0
2026-04-28 00:00:00-04:00,67.86922505539998,68.77084904583705,67.54226201101247,68.30517578125,222000,0.0,0.0
2026-04-29 00:00:00-04:00,68.85010895430153,68.85010895430153,66.68028040268813,67.06668853759766,389200,0.0,0.0
2026-04-30 00:00:00-04:00,66.83880378854633,69.82108877100967,66.77935870848313,69.64274597167969,369800,0.0,0.0
2026-05-01 00:00:00-04:00,70.12823209959936,71.14874629432357,68.62223211070487,68.6519546508789,386300,0.0,0.0
2026-05-04 00:00:00-04:00,68.33490084889057,69.27614988638358,67.37383174541267,67.64134216308594,189300,0.0,0.0
2026-05-05 00:00:00-04:00,67.9187689806267,69.35541381455788,67.70079361346137,68.89965057373047,209300,0.0,0.0
2026-05-06 00:00:00-04:00,69.57338887798589,70.60381307154333,69.01854798881658,69.89044189453125,415800,0.0,0.0
2026-05-07 00:00:00-04:00,70.257036716675,71.37662851505408,69.60311062547194,70.44528198242188,258300,0.0,0.0
2026-05-08 00:00:00-04:00,70.38584108680496,72.37733445844896,69.0680863525801,72.09000396728516,304300,0.0,0.0
2026-05-11 00:00:00-04:00,71.98999786376953,72.36000061035156,70.83000183105469,72.1500015258789,391600,0.67,0.0
2026-05-12 00:00:00-04:00,72.2300033569336,72.62999725341797,70.04000091552734,72.26000213623047,204300,0.0,0.0
2026-05-13 00:00:00-04:00,71.76000213623047,73.08999633789062,71.06999969482422,72.7699966430664,285700,0.0,0.0
2026-05-14 00:00:00-04:00,73.43000030517578,74.01000213623047,71.55999755859375,72.5,312100,0.0,0.0
2026-05-15 00:00:00-04:00,72.08000183105469,72.87000274658203,70.86499786376953,71.44999694824219,237173,0.0,0.0
