Date,Open,High,Low,Close,Volume,Dividends,Stock Splits
2022-01-03 00:00:00-05:00,36.98164677484126,37.88385427066042,36.98164677484126,37.5831184387207,19400,0.0,0.0
2022-01-04 00:00:00-05:00,37.61849606819409,37.76886566934152,36.685330632705806,36.76051712036133,9200,0.0,0.0
2022-01-05 00:00:00-05:00,36.70743405364315,36.981635378139984,36.39785463418108,36.55706787109375,16200,0.0,0.0
2022-01-06 00:00:00-05:00,36.53938487678638,37.415054491139365,35.973291373311355,37.14970016479492,17800,0.0,0.0
2022-01-07 00:00:00-05:00,37.24699909861588,37.30449146991368,36.618993045990216,36.84012222290039,12700,0.0,0.0
2022-01-10 00:00:00-05:00,36.45978069475968,37.10547750283846,36.38901773675258,36.795894622802734,9000,0.0,0.0
2022-01-11 00:00:00-05:00,36.8843525882235,37.308920262902426,36.32710603901069,36.85781478881836,16200,0.0,0.0
2022-01-12 00:00:00-05:00,36.70743204236353,36.96394261824168,36.27490490941954,36.40669631958008,27500,0.0,0.0
2022-01-13 00:00:00-05:00,36.56592060652028,36.61014576680074,36.11481857299805,36.11481857299805,19700,0.0,0.0
2022-01-14 00:00:00-05:00,36.061750213319996,36.22096350668984,35.83177395660187,35.94676208496094,18400,0.0,0.0
2022-01-18 00:00:00-05:00,36.048476284418456,36.94626012609443,35.44258117675781,35.44258117675781,11900,0.0,0.0
2022-01-19 00:00:00-05:00,35.82292494468314,36.141351484057566,35.73447462781838,36.026363372802734,25100,0.0,0.0
2022-01-20 00:00:00-05:00,35.80523101630029,36.23864562831313,35.692898381574736,35.82292175292969,18300,0.0,0.0
2022-01-21 00:00:00-05:00,35.82292036681217,36.141346865494334,34.87206439829261,35.469112396240234,53200,0.0,0.0
2022-01-24 00:00:00-05:00,35.469118619348,35.86715181253621,34.47403732345922,35.68140411376953,56700,0.0,0.0
2022-01-25 00:00:00-05:00,35.469120868916974,35.469120868916974,34.51384451884196,35.000328063964844,13300,0.0,0.0
2022-01-26 00:00:00-05:00,34.81722899237026,35.592952519465136,34.02735759837133,34.4696159362793,15200,0.0,0.0
2022-01-27 00:00:00-05:00,34.29270965129182,34.77919311588442,34.16887786475878,34.39000701904297,23900,0.0,0.0
2022-01-28 00:00:00-05:00,34.08042954217544,34.90303039550781,34.05389511921751,34.90303039550781,13100,0.0,0.0
2022-01-31 00:00:00-05:00,34.93840831996712,35.65928818832588,34.91187389970953,35.39835739135742,31600,0.0,0.0
2022-02-01 00:00:00-05:00,35.822931981524846,36.46862886913167,35.36740634928034,35.8317756652832,45200,0.0,0.0
2022-02-02 00:00:00-05:00,36.22980352762691,36.22980352762691,35.59295379268925,35.68140411376953,32000,0.0,0.0
2022-02-03 00:00:00-05:00,35.82291662173854,35.92463749924659,35.09761339463881,35.20375442504883,31500,0.0,0.0
2022-02-04 00:00:00-05:00,35.51334094173618,36.20768630066197,35.06223561031316,35.86714553833008,31200,0.0,0.0
2022-02-07 00:00:00-05:00,35.78754818914736,35.822929670225896,35.124160602661696,35.159542083740234,11600,0.0,0.0
2022-02-08 00:00:00-05:00,35.0622383021444,35.4691151378378,34.938406515121464,35.38066482543945,9800,0.0,0.0
2022-02-09 00:00:00-05:00,35.371826570801055,35.73447830593526,34.805733012443866,34.90303039550781,29700,0.0,0.0
2022-02-10 00:00:00-05:00,34.540370323535875,34.80572461155889,34.41653854740265,34.51383590698242,13000,0.0,0.0
2022-02-11 00:00:00-05:00,34.36347111705445,34.36347111705445,33.44357634897613,33.61163330078125,15000,0.0,0.0
2022-02-14 00:00:00-05:00,33.761994034534425,34.25732450169082,33.761994034534425,34.12464904785156,8400,0.0,0.0
2022-02-15 00:00:00-05:00,34.27502658345856,34.87649828763043,34.27502658345856,34.75266647338867,9200,0.0,0.0
2022-02-16 00:00:00-05:00,34.38116935487386,34.69075227993503,34.38116935487386,34.63768005371094,6700,0.0,0.0
2022-02-17 00:00:00-05:00,34.28386597843925,34.50499515454265,34.053893119923636,34.1600341796875,11900,0.0,0.0
2022-02-18 00:00:00-05:00,34.0538879585315,35.55756680296158,34.0538879585315,34.770347595214844,27800,0.0,0.0
2022-02-22 00:00:00-05:00,34.903024443360266,35.63717484552627,34.248484044819165,34.55806350708008,34000,0.0,0.0
2022-02-23 00:00:00-05:00,34.93840789794922,34.96936584593024,34.86764494589931,34.93840789794922,12400,0.0,0.0
2022-02-24 00:00:00-05:00,34.221951554102944,34.93841133025776,33.912372043880026,34.47846221923828,33700,0.0,0.0
2022-02-25 00:00:00-05:00,34.4961546132117,35.49565952497574,34.4961546132117,35.29222106933594,8100,0.0,0.0
2022-02-28 00:00:00-05:00,35.21848767105915,35.21848767105915,34.21737289428711,34.21737289428711,22400,0.17,0.0
2022-03-01 00:00:00-05:00,34.55492399631831,34.55492399631831,33.000396628155414,33.657737731933594,45800,0.0,0.0
2022-03-02 00:00:00-05:00,34.08412927720739,35.5320617420024,34.08412927720739,35.3988151550293,19300,0.0,0.0
2022-03-03 00:00:00-05:00,35.15009360437935,36.224937713766344,35.15009360437935,35.567596435546875,15400,0.0,0.0
2022-03-04 00:00:00-05:00,35.37216393183238,35.514292030152404,35.20338787401521,35.44322967529297,7500,0.0,0.0
2022-03-07 00:00:00-05:00,35.5231786897853,35.73725696699844,35.10390027082657,35.18562316894531,13400,0.0,0.0
2022-03-08 00:00:00-05:00,35.08791236553338,35.38105351309065,34.86583697081481,35.007965087890625,16400,0.0,0.0
2022-03-09 00:00:00-05:00,35.5320506195448,35.5320506195448,34.85694314875763,35.0168342590332,8800,0.0,0.0
2022-03-10 00:00:00-05:00,35.08791352666958,35.26557452604395,34.8569565995041,34.901371002197266,20400,0.0,0.0
2022-03-11 00:00:00-05:00,35.194496846120174,35.34550983043219,34.82141192358561,35.283329010009766,25400,0.0,0.0
2022-03-14 00:00:00-04:00,35.40769033553902,35.5320519752764,34.51050412554699,34.81252670288086,19100,0.0,0.0
2022-03-15 00:00:00-04:00,34.96354172962512,35.46098831765265,34.64375270097843,34.697052001953125,54300,0.0,0.0
2022-03-16 00:00:00-04:00,35.087906981779476,35.78966593467933,35.01684123984482,35.683067321777344,29200,0.0,0.0
2022-03-17 00:00:00-04:00,35.4876432772531,37.49076397729912,35.4876432772531,36.953338623046875,32700,0.0,0.0
2022-03-18 00:00:00-04:00,36.953338623046875,36.953338623046875,36.073922093290825,36.953338623046875,41300,0.0,0.0
2022-03-21 00:00:00-04:00,36.95333287506385,36.95333287506385,35.88293156627659,36.08279800415039,15000,0.0,0.0
2022-03-22 00:00:00-04:00,36.43812197662649,36.43812197662649,35.97620486554786,36.153865814208984,7800,0.0,0.0
2022-03-23 00:00:00-04:00,35.99397590187397,36.020623861570385,35.71860122680664,35.71860122680664,14400,0.0,0.0
2022-03-24 00:00:00-04:00,36.056150916062926,36.402587890625,35.97620366127163,36.402587890625,27300,0.0,0.0
2022-03-25 00:00:00-04:00,35.97620147093238,36.85562122009492,35.97620147093238,36.287105560302734,30300,0.0,0.0
2022-03-28 00:00:00-04:00,36.26046921825884,36.944461822509766,35.88738419154098,36.944461822509766,27100,0.0,0.0
2022-03-29 00:00:00-04:00,37.05993778877278,37.21094740960165,36.60690214908389,36.99775695800781,16400,0.0,0.0
2022-03-30 00:00:00-04:00,36.89115562722003,36.89115562722003,36.01173914909714,36.3226432800293,18700,0.0,0.0
2022-03-31 00:00:00-04:00,36.42923284871841,37.10434369776533,36.207157535747776,36.864501953125,92500,0.0,0.0
2022-04-01 00:00:00-04:00,37.3086578707075,38.125893511823165,36.997753743891934,37.93046951293945,44600,0.0,0.0
2022-04-04 00:00:00-04:00,38.35685166714466,38.818768764975204,37.530731159874755,37.85940170288086,27100,0.0,0.0
2022-04-05 00:00:00-04:00,37.93934960018651,38.87650778947149,37.22870920249667,38.27690505981445,42300,0.0,0.0
2022-04-06 00:00:00-04:00,38.01041885275659,39.277135521252085,37.401931155714806,37.619564056396484,35900,0.0,0.0
2022-04-07 00:00:00-04:00,37.814993877929936,37.91270758328189,37.40637600882289,37.45079040527344,16700,0.0,0.0
2022-04-08 00:00:00-04:00,37.655100861956114,37.99265638810751,37.15765417983971,37.477439880371094,25300,0.0,0.0
2022-04-11 00:00:00-04:00,37.30865577844079,37.55737906594485,36.9817608626066,37.15764617919922,22200,0.0,0.0
2022-04-12 00:00:00-04:00,36.979985551506424,37.49075949721963,36.02950339345955,36.20716094970703,38400,0.0,0.0
2022-04-13 00:00:00-04:00,36.37594194942955,36.94445428671359,36.242695387865744,36.80232620239258,45600,0.0,0.0
2022-04-14 00:00:00-04:00,36.85562702406216,36.96222224454695,36.29599618646529,36.828975677490234,23900,0.0,0.0
2022-04-18 00:00:00-04:00,36.86450416496572,37.17096919960497,36.76679047921984,36.979984283447266,11500,0.0,0.0
2022-04-19 00:00:00-04:00,37.08658670061359,37.686189520448174,36.95778257969189,37.54850387573242,23100,0.0,0.0
2022-04-20 00:00:00-04:00,37.62844216743457,38.19695443546071,37.459662758201524,37.752803802490234,16700,0.0,0.0
2022-04-21 00:00:00-04:00,37.84163671153522,38.19695861220535,37.47743328821869,37.51296615600586,23600,0.0,0.0
2022-04-22 00:00:00-04:00,36.961338821438765,37.33531164530953,36.961338821438765,37.246482849121094,17300,0.0,0.0
2022-04-25 00:00:00-04:00,36.91780969150984,37.299779588266695,36.493201026714,36.99775695800781,42600,0.0,0.0
2022-04-26 00:00:00-04:00,36.97998929278886,36.97998929278886,35.967326209883645,35.9762077331543,32700,0.0,0.0
2022-04-27 00:00:00-04:00,36.15387368476299,36.3404161965964,35.95844625983191,36.24270248413086,23400,0.0,0.0
2022-04-28 00:00:00-04:00,36.384826429340265,36.68684905664421,36.3182031431436,36.482540130615234,16600,0.0,0.0
2022-04-29 00:00:00-04:00,36.50030708439673,36.67352559780672,35.54982479439277,35.585357666015625,20200,0.0,0.0
2022-05-02 00:00:00-04:00,35.69195338109221,36.42036031633073,35.69195338109221,36.3315315246582,39000,0.0,0.0
2022-05-03 00:00:00-04:00,36.002854463971545,36.002854463971545,34.91912906605004,35.52317428588867,49300,0.0,0.0
2022-05-04 00:00:00-04:00,35.37216534016319,36.1138962769088,35.15897487849563,35.79854965209961,21700,0.0,0.0
2022-05-05 00:00:00-04:00,35.54093268662538,35.57646555105431,35.061252571236686,35.389923095703125,60600,0.0,0.0
2022-05-06 00:00:00-04:00,35.16784945548139,35.36682808402554,34.95465564732649,35.13231658935547,54900,0.0,0.0
2022-05-09 00:00:00-04:00,34.94577892708712,35.096788545971975,34.6792891717249,34.9813117980957,56400,0.0,0.0
2022-05-10 00:00:00-04:00,35.025728517603554,35.5142936662993,33.81763793192592,34.199607849121094,65500,0.0,0.0
2022-05-11 00:00:00-04:00,34.244021183382664,34.61710956495369,33.542262204871385,33.79098892211914,29800,0.0,0.0
2022-05-12 00:00:00-04:00,33.50672925480551,33.90646216631888,32.92045047750492,33.551143646240234,37400,0.0,0.0
2022-05-13 00:00:00-04:00,33.75545535585828,33.97308826394958,33.46675670469979,33.5156135559082,50300,0.0,0.0
2022-05-16 00:00:00-04:00,33.533383688079255,33.64886383899232,33.186946623941566,33.4712028503418,33600,0.0,0.0
2022-05-17 00:00:00-04:00,33.83539610556143,33.83539610556143,33.382363940869375,33.59555435180664,33500,0.0,0.0
2022-05-18 00:00:00-04:00,33.391252578965954,33.72880808825581,32.96486827762144,33.03593063354492,26200,0.0,0.0
2022-05-19 00:00:00-04:00,33.089229832506696,33.41346136077619,32.91156886038374,33.17805862426758,46200,0.0,0.0
2022-05-20 00:00:00-04:00,33.311303701547345,33.391250965975104,32.707258456671205,33.33795166015625,49000,0.0,0.0
2022-05-23 00:00:00-04:00,33.48895373928339,33.933104310391656,33.355707212510936,33.38235855102539,19400,0.0,0.0
2022-05-24 00:00:00-04:00,33.36460148845101,34.048593966616316,32.58289531503338,33.311302185058594,50700,0.0,0.0
2022-05-25 00:00:00-04:00,33.41790135369419,33.85317057801811,33.266891725798956,33.35572052001953,20700,0.0,0.0
2022-05-26 00:00:00-04:00,33.604442760361785,33.99529414683309,33.604442760361785,33.83539962768555,30800,0.0,0.0
2022-05-27 00:00:00-04:00,34.19960677259485,34.19960677259485,33.55114710275961,33.60444641113281,12700,0.0,0.0
2022-05-31 00:00:00-04:00,33.61336102313694,33.934593597400045,32.917359381498265,33.30997848510742,33800,0.17,0.0
2022-06-01 00:00:00-04:00,33.24750703676994,33.24750703676994,32.44442916281589,32.57827377319336,33100,0.0,0.0
2022-06-02 00:00:00-04:00,32.43551050612752,32.837051223783384,32.43551050612752,32.685359954833984,25300,0.0,0.0
2022-06-03 00:00:00-04:00,32.685358168117396,32.685358168117396,31.213043418494394,31.97150993347168,56200,0.0,0.0
2022-06-06 00:00:00-04:00,32.03398176055276,32.413213438257074,31.837672156325507,32.069671630859375,26000,0.0,0.0
2022-06-07 00:00:00-04:00,32.21243710304306,32.21243710304306,31.596743521228014,31.81089973449707,32200,0.0,0.0
2022-06-08 00:00:00-04:00,31.561044446710937,31.81981549734545,30.918582732866135,31.23089027404785,34700,0.0,0.0
2022-06-09 00:00:00-04:00,31.150587990109916,31.15950960557926,30.927510160503314,30.96320343017578,20300,0.0,0.0
2022-06-10 00:00:00-04:00,30.60627344848309,30.63304509910623,29.98165492833097,30.053041458129883,19100,0.0,0.0
2022-06-13 00:00:00-04:00,29.829964203157033,29.829964203157033,28.46472743089248,28.553958892822266,40500,0.0,0.0
2022-06-14 00:00:00-04:00,28.705651261630177,28.705651261630177,27.857956595801355,28.295188903808594,45800,0.0,0.0
2022-06-15 00:00:00-04:00,28.27734397230013,28.652114765156142,27.84011166429289,28.295188903808594,78100,0.0,0.0
2022-06-16 00:00:00-04:00,27.768725949199283,27.86687902619422,27.26903043998552,27.840110778808594,54500,0.0,0.0
2022-06-17 00:00:00-04:00,27.822262069750835,28.134571314216977,27.81333875397198,27.929338455200195,40600,0.0,0.0
2022-06-21 00:00:00-04:00,28.03641982032627,28.607500183298683,27.759803806636473,28.58072853088379,47700,0.0,0.0
2022-06-22 00:00:00-04:00,28.241649263073818,28.884112717180987,28.1345728716969,28.714574813842773,28800,0.0,0.0
2022-06-23 00:00:00-04:00,28.69672768900589,29.01796026152302,28.143495705169194,28.518264770507812,18600,0.0,0.0
2022-06-24 00:00:00-04:00,28.910885640346994,29.294579747222937,28.304112020729303,29.009037017822266,60200,0.0,0.0
2022-06-27 00:00:00-04:00,29.232112213500372,29.24995884523493,28.741341754439464,28.884111404418945,28400,0.0,0.0
2022-06-28 00:00:00-04:00,28.910887872951307,30.365352860835504,28.643191756209283,28.652116775512695,28600,0.0,0.0
2022-06-29 00:00:00-04:00,28.625346607934734,28.64318983755129,28.045342932375142,28.250574111938477,34000,0.0,0.0
2022-06-30 00:00:00-04:00,28.152421434286765,28.152421434286765,27.51888121471831,27.75980567932129,106200,0.0,0.0
2022-07-01 00:00:00-04:00,27.715190628994158,28.785963250022125,27.697345695105344,28.696733474731445,71300,0.0,0.0
2022-07-05 00:00:00-04:00,28.339808520155028,28.678886082382245,27.759806486320965,28.616424560546875,25300,0.0,0.0
2022-07-06 00:00:00-04:00,29.026881602875324,29.053653252931497,27.938262575724675,28.098878860473633,26000,0.0,0.0
2022-07-07 00:00:00-04:00,28.134574397995745,28.84396191165913,28.07211118069727,28.250574111938477,20100,0.0,0.0
2022-07-08 00:00:00-04:00,28.107805229087454,28.545037550639417,27.840112526732767,28.018573760986328,21800,0.0,0.0
2022-07-11 00:00:00-04:00,28.009650919693293,28.009650919693293,27.66165006033206,27.813343048095703,15900,0.0,0.0
2022-07-12 00:00:00-04:00,27.777647936098916,28.134573790879216,27.670571541223715,27.679494857788086,6800,0.0,0.0
2022-07-13 00:00:00-04:00,27.49210972601257,27.89900480845517,27.29580185950076,27.50995635986328,14000,0.0,0.0
2022-07-14 00:00:00-04:00,27.269027363050245,27.269027363050245,26.938873201591264,27.206565856933594,17000,0.0,0.0
2022-07-15 00:00:00-04:00,27.55456863413215,27.98287929626053,27.3761074183648,27.92041778564453,15300,0.0,0.0
2022-07-18 00:00:00-04:00,28.188113765872806,28.63426941053436,27.79103551443582,27.85795783996582,12800,0.0,0.0
2022-07-19 00:00:00-04:00,28.188111591726816,28.857345007101245,28.188111591726816,28.705650329589844,10500,0.0,0.0
2022-07-20 00:00:00-04:00,28.879652708565533,29.43734719355802,28.768113811567037,29.125036239624023,13500,0.0,0.0
2022-07-21 00:00:00-04:00,29.053657438949408,29.401658304746046,29.00903915039291,29.0982723236084,17000,0.0,0.0
2022-07-22 00:00:00-04:00,29.89688757484374,29.89688757484374,27.66164707578956,28.607498168945312,20300,0.0,0.0
2022-07-25 00:00:00-04:00,28.777036861100427,29.236576595033988,28.536112423097972,28.705650329589844,12700,0.0,0.0
2022-07-26 00:00:00-04:00,28.536113221609636,29.125038507462847,28.348728676996632,28.562881469726562,21900,0.0,0.0
2022-07-27 00:00:00-04:00,28.634269238074666,29.47304061958352,28.50042288587208,29.24104118347168,19900,0.0,0.0
2022-07-28 00:00:00-04:00,29.044729805389252,29.718425735963027,28.527189360964034,29.19642448425293,46400,0.0,0.0
2022-07-29 00:00:00-04:00,29.392734015826584,30.1690473245524,28.812733693052834,29.000118255615234,27100,0.0,0.0
2022-08-01 00:00:00-04:00,28.69672946394104,29.07150195635694,28.205958960639233,28.768115997314453,16300,0.0,0.0
2022-08-02 00:00:00-04:00,28.455805036470387,29.02688368820619,28.04534268102244,28.785959243774414,13000,0.0,0.0
2022-08-03 00:00:00-04:00,29.821043046211035,29.821043046211035,28.55396259014423,29.000118255615234,210500,0.0,0.0
2022-08-04 00:00:00-04:00,29.205348480480307,29.94596849436414,28.857347617627898,29.81212043762207,29900,0.0,0.0
2022-08-05 00:00:00-04:00,29.669345136700453,30.57950289973753,29.54442212285363,30.213655471801758,20200,0.0,0.0
2022-08-08 00:00:00-04:00,30.25827682118192,30.570584422615173,29.35704388283341,29.713966369628906,31300,0.0,0.0
2022-08-09 00:00:00-04:00,29.67826928589199,30.155655646105004,28.919806120509595,29.089344024658203,29100,0.0,0.0
2022-08-10 00:00:00-04:00,29.499812501509496,30.7222780169078,29.348117812035213,30.5527400970459,49200,0.0,0.0
2022-08-11 00:00:00-04:00,30.606278350512696,31.05243402152279,30.347507244391412,30.8204345703125,41800,0.0,0.0
2022-08-12 00:00:00-04:00,30.427815961738162,32.37305499548071,30.16012323498136,32.167823791503906,119200,0.0,0.0
2022-08-15 00:00:00-04:00,32.15889994229281,33.27428906290038,31.337971779498957,31.703819274902344,35700,0.0,0.0
2022-08-16 00:00:00-04:00,31.605666452855093,31.69489963039055,31.029233401176953,31.480743408203125,27300,0.0,0.0
2022-08-17 00:00:00-04:00,31.150592703932098,31.32905567540256,31.07920955768275,31.195207595825195,10000,0.0,0.0
2022-08-18 00:00:00-04:00,31.54319798718827,31.54319798718827,30.81150311194776,31.141660690307617,21800,0.0,0.0
2022-08-19 00:00:00-04:00,30.927509827165505,31.221974192943293,30.543815692065817,30.900741577148438,45000,0.0,0.0
2022-08-22 00:00:00-04:00,30.695505521454002,30.695505521454002,30.204731656245077,30.311811447143555,11600,0.0,0.0
2022-08-23 00:00:00-04:00,30.164580207913577,30.204732577802844,29.919193267822266,29.919193267822266,7400,0.0,0.0
2022-08-24 00:00:00-04:00,29.64257716984148,30.035192846168336,29.54442239978555,29.874576568603516,19600,0.0,0.0
2022-08-25 00:00:00-04:00,30.044112212283473,31.00334729712028,30.044112212283473,30.704423904418945,19300,0.0,0.0
2022-08-26 00:00:00-04:00,30.740124362104677,30.89895361912238,29.865659713745117,29.865659713745117,11900,0.0,0.0
2022-08-29 00:00:00-04:00,29.91919277599485,30.606272793058864,29.294577673115768,29.481962203979492,12900,0.0,0.0
2022-08-30 00:00:00-04:00,29.60688887602868,29.60688887602868,28.955502042763,29.169654846191406,22100,0.0,0.0
2022-08-31 00:00:00-04:00,29.044079186803923,29.066501530197957,28.685287475585938,28.685287475585938,18900,0.17,0.0
2022-09-01 00:00:00-04:00,28.6942621783862,28.77499186650408,28.174016164214883,28.6494140625,17700,0.0,0.0
2022-09-02 00:00:00-04:00,28.774987157817904,28.89159155570271,27.91388944477448,28.120193481445312,16800,0.0,0.0
2022-09-06 00:00:00-04:00,27.985650292380004,28.34444032980111,27.90492232010452,28.218862533569336,14600,0.0,0.0
2022-09-07 00:00:00-04:00,28.23679827827857,28.74807421968503,27.994614397345323,28.640438079833984,13000,0.0,0.0
2022-09-08 00:00:00-04:00,28.487952863733096,28.757046642051865,28.156071050393646,28.541770935058594,15900,0.0,0.0
2022-09-09 00:00:00-04:00,28.42964532576649,28.42964532576649,28.066371252138442,28.299583435058594,9700,0.0,0.0
2022-09-12 00:00:00-04:00,29.008200991084816,29.008200991084816,28.389287135752088,28.6135311126709,8200,0.0,0.0
2022-09-13 00:00:00-04:00,28.138134544917833,28.5776525276352,27.67170666947852,27.842132568359375,47000,0.0,0.0
2022-09-14 00:00:00-04:00,27.67170547440563,28.46104347419004,27.67170547440563,28.308557510375977,31000,0.0,0.0
2022-09-15 00:00:00-04:00,28.344437455674946,28.6583793481519,28.308557600148127,28.559711456298828,45000,0.0,0.0
2022-09-16 00:00:00-04:00,28.389284653954853,28.88710822377586,27.83316059788632,28.59558868408203,40400,0.0,0.0
2022-09-19 00:00:00-04:00,28.425166010074737,28.712196306021706,28.1650421846403,28.577651977539062,19100,0.0,0.0
2022-09-20 00:00:00-04:00,28.487955542795603,28.496925507334346,27.92285975277544,28.00358772277832,20400,0.0,0.0
2022-09-21 00:00:00-04:00,28.371347737765895,28.371347737765895,27.501281706948227,27.564069747924805,18100,0.0,0.0
2022-09-22 00:00:00-04:00,27.061763732041864,27.12455177307129,27.02588387382745,27.12455177307129,6300,0.0,0.0
2022-09-23 00:00:00-04:00,27.02588253756278,27.048308303260875,26.595334525352584,26.76576042175293,20800,0.0,0.0
2022-09-26 00:00:00-04:00,26.57739709530217,26.756792972675115,25.814968893581874,26.030242919921875,28900,0.0,0.0
2022-09-27 00:00:00-04:00,26.08405965944299,26.227575669633794,25.1960537048202,25.294721603393555,23400,0.0,0.0
2022-09-28 00:00:00-04:00,24.864170025015998,25.877753696806746,24.79241202522206,25.671449661254883,56700,0.0,0.0
2022-09-29 00:00:00-04:00,25.671452226249574,26.438366246458006,25.16017450193145,25.384418487548828,30300,0.0,0.0
2022-09-30 00:00:00-04:00,25.42029509671772,25.54587116513911,24.837261150816886,24.96283721923828,118200,0.0,0.0
2022-10-03 00:00:00-04:00,25.240899222041016,25.42926503533381,24.935927304020776,25.025625228881836,24600,0.0,0.0
2022-10-04 00:00:00-04:00,25.249869235311245,25.64453907896938,24.675805252423498,24.900049209594727,38300,0.0,0.0
2022-10-05 00:00:00-04:00,24.756533534372437,24.935927675924496,24.595077609383633,24.84623146057129,16700,0.0,0.0
2022-10-06 00:00:00-04:00,24.783441344546798,25.521652409027343,24.44259128309588,24.523319244384766,12000,0.0,0.0
2022-10-07 00:00:00-04:00,24.487441574631045,24.487441574631045,23.94925739915449,24.155561447143555,19000,0.0,0.0
2022-10-10 00:00:00-04:00,24.155559673147383,24.254227563133227,23.59046393521383,23.59943389892578,14700,0.0,0.0
2022-10-11 00:00:00-04:00,23.366220077008172,23.841617890744224,22.971551937032302,23.348281860351562,36700,0.0,0.0
2022-10-12 00:00:00-04:00,23.312399899577397,23.765373618442098,23.30342993663651,23.65325164794922,8100,0.0,0.0
2022-10-13 00:00:00-04:00,23.321372285787177,24.835467286287276,23.321372285787177,24.23628807067871,30000,0.0,0.0
2022-10-14 00:00:00-04:00,24.3170176392941,24.3170176392941,23.83264982326759,23.850589752197266,14900,0.0,0.0
2022-10-17 00:00:00-04:00,23.7339816464454,24.43362346887928,23.7339816464454,24.21834945678711,18400,0.0,0.0
2022-10-18 00:00:00-04:00,24.433622597257383,24.433622597257383,23.684648563832752,23.689132690429688,9500,0.0,0.0
2022-10-19 00:00:00-04:00,23.536644343739514,23.536644343739514,23.12403630471066,23.357250213623047,12300,0.0,0.0
2022-10-20 00:00:00-04:00,23.18682686400734,23.18682686400734,22.31675916457157,22.630701065063477,22000,0.0,0.0
2022-10-21 00:00:00-04:00,22.702460748679346,22.872886657714844,22.28088266932401,22.872886657714844,17900,0.0,0.0
2022-10-24 00:00:00-04:00,22.904276604818143,22.985004562588536,22.424394695208328,22.73833656311035,15200,0.0,0.0
2022-10-25 00:00:00-04:00,22.899797610178357,23.02537370114081,22.621733821838742,22.78318977355957,18100,0.0,0.0
2022-10-26 00:00:00-04:00,22.872880234258343,22.962578145973527,22.47821044921875,22.47821044921875,17400,0.0,0.0
2022-10-27 00:00:00-04:00,22.72936696072959,22.74730688737346,22.17324121068862,22.316757202148438,23600,0.0,0.0
2022-10-28 00:00:00-04:00,22.23603188546202,22.93567194542681,22.074575960594565,22.72039794921875,24000,0.0,0.0
2022-10-31 00:00:00-04:00,22.1194218794972,23.168883576444678,22.1194218794972,22.20911979675293,20900,0.0,0.0
2022-11-01 00:00:00-04:00,22.388521017821596,22.599310933568425,22.083550739825995,22.505128860473633,39600,0.0,0.0
2022-11-02 00:00:00-04:00,22.558942551812798,23.769860305786132,22.424396514892578,22.424396514892578,63500,0.0,0.0
2022-11-03 00:00:00-04:00,22.388521016740977,22.469248996774333,22.191186904907227,22.191186904907227,16800,0.0,0.0
2022-11-04 00:00:00-04:00,22.46924462358409,22.514094443121284,22.222576604089408,22.424396514892578,38200,0.0,0.0
2022-11-07 00:00:00-05:00,22.42439582715723,22.42439582715723,21.59020802865168,21.652996063232422,40000,0.0,0.0
2022-11-08 00:00:00-05:00,21.706818117075684,21.98488017540037,21.536392211914062,21.536392211914062,17400,0.0,0.0
2022-11-09 00:00:00-05:00,21.509482909066154,21.742696861786925,21.348026964040557,21.554332733154297,18200,0.0,0.0
2022-11-10 00:00:00-05:00,22.020753999431346,22.424393771659403,21.931057793021086,22.20911979675293,22500,0.0,0.0
2022-11-11 00:00:00-05:00,22.433368018857735,22.487186095151312,21.922092016954235,22.164274215698242,12300,0.0,0.0
2022-11-14 00:00:00-05:00,22.334700239449035,22.334700239449035,21.52742224734284,21.536392211914062,16300,0.0,0.0
2022-11-15 00:00:00-05:00,21.814452855807573,22.200152753132667,21.59469472602187,21.742694854736328,15500,0.0,0.0
2022-11-16 00:00:00-05:00,21.7785731670323,22.424395130897746,21.48257121973827,21.56329917907715,57200,0.0,0.0
2022-11-17 00:00:00-05:00,21.437720964891696,22.27190872044985,21.437720964891696,22.23603057861328,17300,0.0,0.0
2022-11-18 00:00:00-05:00,22.53203804535198,22.823554221077224,21.751668166602673,21.8503360748291,21400,0.0,0.0
2022-11-21 00:00:00-05:00,22.0297276394783,22.424397514775155,21.4736035391855,22.0207576751709,14500,0.0,0.0
2022-11-22 00:00:00-05:00,22.01447786333745,22.702458525520456,21.9893626487649,22.487184524536133,13600,0.0,0.0
2022-11-23 00:00:00-05:00,22.53023965771726,22.53023965771726,21.79651269321379,22.047666549682617,12600,0.0,0.0
2022-11-25 00:00:00-05:00,22.20015463371903,22.523066521316522,21.86827278137207,21.86827278137207,5500,0.0,0.0
2022-11-28 00:00:00-05:00,21.85033194329164,21.85033194329164,21.222448172866574,21.401844024658203,18600,0.0,0.0
2022-11-29 00:00:00-05:00,21.348022359703517,21.54535812143829,21.22244630103265,21.339054107666016,12200,0.0,0.0
2022-11-30 00:00:00-05:00,21.28484816084981,21.709462118610777,20.878304971931122,21.573945999145508,28300,0.17,0.0
2022-12-01 00:00:00-05:00,21.411332058148872,21.61008641254382,21.06802704591488,21.366159439086914,26700,0.0,0.0
2022-12-02 00:00:00-05:00,21.058993590511626,21.709465552731153,21.049959066240877,21.564916610717773,25300,0.0,0.0
2022-12-05 00:00:00-05:00,21.528776269927498,21.682359720205316,20.86023705200026,21.040924072265625,12600,0.0,0.0
2022-12-06 00:00:00-05:00,21.126751479787327,21.21257687488448,20.797902036421217,21.10416603088379,27300,0.0,0.0
2022-12-07 00:00:00-05:00,21.221611229689472,21.455600751897478,20.7969989349506,20.88734245300293,16300,0.0,0.0
2022-12-08 00:00:00-05:00,21.013815528839018,21.04995189044405,20.688579658600126,20.932506561279297,20400,0.0,0.0
2022-12-09 00:00:00-05:00,20.706653087747714,20.959614565208458,20.6434131491723,20.8512020111084,11900,0.0,0.0
2022-12-12 00:00:00-05:00,20.751826314344797,21.03189139262294,20.607277374724784,20.88734245300293,19100,0.0,0.0
2022-12-13 00:00:00-05:00,21.32098635853001,21.32098635853001,20.598240036027864,20.995750427246094,77300,0.0,0.0
2022-12-14 00:00:00-05:00,20.95961380208853,21.14029908813126,20.53499984741211,20.53499984741211,13300,0.0,0.0
2022-12-15 00:00:00-05:00,20.535001993064483,20.571140087944425,19.68577744129629,19.776119232177734,41700,0.0,0.0
2022-12-16 00:00:00-05:00,19.523156688832735,20.128455906860097,19.514122166395435,19.911632537841797,81500,0.0,0.0
2022-12-19 00:00:00-05:00,19.73997895282046,20.083282170425147,19.559291960507135,19.62253189086914,43600,0.0,0.0
2022-12-20 00:00:00-05:00,19.667707001012094,19.947770323861068,19.631568908691406,19.631568908691406,14700,0.0,0.0
2022-12-21 00:00:00-05:00,19.712881151388842,20.28204413739702,19.550263155386506,20.11039161682129,27700,0.0,0.0
2022-12-22 00:00:00-05:00,20.08328599164169,20.227834923731915,19.785153603810706,20.137493133544922,20200,0.0,0.0
2022-12-23 00:00:00-05:00,20.23687526194402,20.309149748755406,20.001982749017102,20.047155380249023,6500,0.0,0.0
2022-12-27 00:00:00-05:00,20.20976711839083,20.345281523603884,19.821291226463355,19.8574275970459,13200,0.0,0.0
2022-12-28 00:00:00-05:00,19.965839774975098,19.965839774975098,19.306335085178056,19.42378044128418,48000,0.0,0.0
2022-12-29 00:00:00-05:00,19.586399577993355,20.020046381459967,19.586399577993355,19.992942810058594,11700,0.0,0.0
2022-12-30 00:00:00-05:00,19.84839161039615,19.998361586681998,19.65867180171576,19.893564224243164,11500,0.0,0.0
2023-01-03 00:00:00-05:00,19.667709543236086,19.667709543236086,19.28826814061818,19.550262451171875,15800,0.0,0.0
2023-01-04 00:00:00-05:00,19.622536251210732,19.92066864856479,19.28374935771025,19.721914291381836,13400,0.0,0.0
2023-01-05 00:00:00-05:00,19.69481224290794,19.992944663321776,19.59543591820958,19.8393611907959,12200,0.0,0.0
2023-01-06 00:00:00-05:00,20.011011161893993,20.67051586796396,20.011011161893993,20.589208602905273,14400,0.0,0.0
2023-01-09 00:00:00-05:00,20.73375716494941,21.131265852348985,20.55307014474296,20.706653594970703,17500,0.0,0.0
2023-01-10 00:00:00-05:00,20.625344608193714,21.031889542078655,20.55307014474296,20.706653594970703,12500,0.0,0.0
2023-01-11 00:00:00-05:00,20.652449707949096,21.167405513574618,20.562106191153912,20.824100494384766,10800,0.0,0.0
2023-01-12 00:00:00-05:00,20.853011973486232,21.13126773482245,20.318179517777946,20.553071975708008,21000,0.0,0.0
2023-01-13 00:00:00-05:00,20.29107837160559,20.489834479936075,20.092323986434597,20.16459846496582,20400,0.0,0.0
2023-01-17 00:00:00-05:00,19.965842818738523,20.300111614647978,19.78063937150237,20.083288192749023,27500,0.0,0.0
2023-01-18 00:00:00-05:00,19.875497446971096,20.128458943906228,19.56833053039244,19.992942810058594,26500,0.0,0.0
2023-01-19 00:00:00-05:00,19.79418854385809,19.89808298328605,19.468952578233726,19.595434188842773,20900,0.0,0.0
2023-01-20 00:00:00-05:00,19.70384758713287,19.767087539069415,19.333440677367875,19.514127731323242,24400,0.0,0.0
2023-01-23 00:00:00-05:00,19.56833006856605,19.6071769691479,19.22502678804699,19.496055603027344,25800,0.0,0.0
2023-01-24 00:00:00-05:00,19.152753829956055,19.414748141969852,19.071444834430558,19.152753829956055,24300,0.0,0.0
2023-01-25 00:00:00-05:00,19.10577361711109,19.116614011397346,18.800412582066198,19.03530502319336,18500,0.0,0.0
2023-01-26 00:00:00-05:00,19.141003075078597,19.26115893845612,18.646825254419106,19.06240463256836,33000,0.0,0.0
2023-01-27 00:00:00-05:00,19.18889048086733,19.694811786757572,18.88624166672385,19.67674446105957,29400,0.0,0.0
2023-01-30 00:00:00-05:00,19.61350536906145,20.07425583655229,19.455405478669306,19.749021530151367,36100,0.0,0.0
2023-01-31 00:00:00-05:00,19.85742756135499,20.1374926178723,19.8483930379358,19.947771072387695,21600,0.0,0.0
2023-02-01 00:00:00-05:00,19.902602927884264,20.60727862033627,19.767086781034827,20.480798721313477,24100,0.0,0.0
2023-02-02 00:00:00-05:00,20.55306787442162,21.736562728881836,20.55306787442162,21.736562728881836,31200,0.0,0.0
2023-02-03 00:00:00-05:00,21.54684741371445,22.1340777019926,21.54684741371445,22.05276870727539,32000,0.0,0.0
2023-02-06 00:00:00-05:00,22.1069709556785,22.134074524413,21.709462286526826,21.881113052368164,37200,0.0,0.0
2023-02-07 00:00:00-05:00,21.736562887889278,22.161176824629365,21.691391999076437,22.13407325744629,42900,0.0,0.0
2023-02-08 00:00:00-05:00,21.953390559344367,22.007597704336607,21.804325218513934,21.98952865600586,24000,0.0,0.0
2023-02-09 00:00:00-05:00,22.24067547746591,22.24067547746591,21.56039136084436,21.817869186401367,40900,0.0,0.0
2023-02-10 00:00:00-05:00,21.57394585487416,21.790770955305003,21.330020632417764,21.601049423217773,14300,0.0,0.0
2023-02-13 00:00:00-05:00,21.72753324895736,22.088907333318033,21.55136433056917,21.908220291137695,34500,0.0,0.0
2023-02-14 00:00:00-05:00,21.81787170667732,21.899180684472803,21.673322795742894,21.736562728881836,11500,0.0,0.0
2023-02-15 00:00:00-05:00,21.709467233119895,21.917256137952805,21.637192756518907,21.899187088012695,23200,0.0,0.0
2023-02-16 00:00:00-05:00,21.89918561775597,22.08890718307078,21.700431251236985,21.93532371520996,13700,0.0,0.0
2023-02-17 00:00:00-05:00,21.962421775311384,22.034696234588385,21.682358461007894,21.8449764251709,13900,0.0,0.0
2023-02-21 00:00:00-05:00,21.89918266821966,23.606667910280187,21.695910205317432,23.290468215942383,170200,0.0,0.0
2023-02-22 00:00:00-05:00,23.19108971268767,23.769285397038644,23.123331652045703,23.34467315673828,52600,0.0,0.0
2023-02-23 00:00:00-05:00,23.44405506337217,23.498260486954855,23.082680977729343,23.25433349609375,41200,0.0,0.0
2023-02-24 00:00:00-05:00,22.965235759986395,23.010406659414745,22.287661929605,22.522554397583008,18900,0.0,0.0
2023-02-27 00:00:00-05:00,22.93813067417313,24.813655106013464,22.93813067417313,24.482999801635742,99200,0.0,0.0
2023-02-28 00:00:00-05:00,24.81028938293457,24.992115301476066,24.546639460099442,24.81028938293457,42300,0.17,0.0
2023-03-01 00:00:00-05:00,24.746646510953255,24.746646510953255,23.646594329565755,24.282987594604492,50300,0.0,0.0
2023-03-02 00:00:00-05:00,24.419358269948376,24.464814310725046,24.064794562550478,24.2011661529541,21400,0.0,0.0
2023-03-03 00:00:00-05:00,24.182985013401936,24.20844067575683,23.07383949409779,23.146570205688477,65700,0.0,0.0
2023-03-06 00:00:00-05:00,23.328398078056537,23.665687341568784,22.919286737615923,23.0556583404541,86800,0.0,0.0
2023-03-07 00:00:00-05:00,22.94656366047017,23.373856420456924,22.882924497710135,23.037477493286133,53100,0.0,0.0
2023-03-08 00:00:00-05:00,23.39203840407164,23.692052824048652,22.73746196067736,23.437496185302734,56000,0.0,0.0
2023-03-09 00:00:00-05:00,23.364765738780843,23.65568860586616,22.510178516189917,22.728370666503906,89800,0.0,0.0
2023-03-10 00:00:00-05:00,22.61927271677458,22.61927271677458,20.67372482927627,21.337392807006836,95900,0.0,0.0
2023-03-13 00:00:00-04:00,21.1737507962913,21.1737507962913,18.571805650571555,19.482759475708008,110200,0.0,0.0
2023-03-14 00:00:00-04:00,21.037376907637775,21.819233323280457,19.555488074074532,19.710041046142578,119100,0.0,0.0
2023-03-15 00:00:00-04:00,19.13728380123627,20.864641033606603,19.13728380123627,20.428255081176758,137900,0.0,0.0
2023-03-16 00:00:00-04:00,20.34643252663675,21.2101111302216,19.960050997370047,20.928279876708984,88300,0.0,0.0
2023-03-17 00:00:00-04:00,20.728275894293397,20.728275894293397,19.21002047836143,19.237295150756836,98600,0.0,0.0
2023-03-20 00:00:00-04:00,19.382751709284708,19.56912425518026,18.982731951983215,19.06455421447754,102600,0.0,0.0
2023-03-21 00:00:00-04:00,19.419117347565408,21.219203600380368,19.419117347565408,20.664630889892578,73900,0.0,0.0
2023-03-22 00:00:00-04:00,20.68281718002788,20.81009550009004,19.800957027814096,19.873687744140625,42600,0.0,0.0
2023-03-23 00:00:00-04:00,20.0009640284947,20.801001826658258,18.973642548189154,19.091829299926758,24600,0.0,0.0
2023-03-24 00:00:00-04:00,19.073645987424328,19.45548263874525,18.755448488984086,19.31911277770996,31200,0.0,0.0
2023-03-27 00:00:00-04:00,19.62822132797948,19.664585819868442,18.182696794123682,19.3736629486084,29100,0.0,0.0
2023-03-28 00:00:00-04:00,19.42821317392647,19.937328221860362,19.37366383254853,19.728227615356445,24900,0.0,0.0
2023-03-29 00:00:00-04:00,19.755498120876467,20.019148036313297,19.660039386268082,19.88277816772461,15700,0.0,0.0
2023-03-30 00:00:00-04:00,19.89186807654385,19.89186807654385,18.759996254862205,18.96455192565918,24700,0.0,0.0
2023-03-31 00:00:00-04:00,18.919096533645835,19.064557977002064,18.519078431434803,18.764543533325195,47800,0.0,0.0
2023-04-03 00:00:00-04:00,18.6918112499712,19.137287099785382,18.019051697147514,18.491802215576172,93100,0.0,0.0
2023-04-04 00:00:00-04:00,18.62817260422562,18.62817260422562,17.4735709449316,17.55539321899414,65700,0.0,0.0
2023-04-05 00:00:00-04:00,17.519027494460648,17.982686436843412,17.264469133729826,17.74631118774414,36400,0.0,0.0
2023-04-06 00:00:00-04:00,17.591760819591467,17.9463228788797,17.309929483594082,17.45539093017578,23100,0.0,0.0
2023-04-10 00:00:00-04:00,17.091735826966648,17.582669516810594,17.091735826966648,17.228107452392578,67400,0.0,0.0
2023-04-11 00:00:00-04:00,17.291743456879868,17.49175247873364,17.146282034797682,17.282651901245117,34400,0.0,0.0
2023-04-12 00:00:00-04:00,17.282652001757775,17.37356582459711,17.00536562241442,17.1008243560791,31900,0.0,0.0
2023-04-13 00:00:00-04:00,17.082644701355655,17.226287134016424,16.873542367528206,16.98263931274414,28000,0.0,0.0
2023-04-14 00:00:00-04:00,17.037186214299837,17.037186214299837,16.00986463697228,16.1462345123291,62100,0.0,0.0
2023-04-17 00:00:00-04:00,16.064412778526812,16.418974813141133,15.77348990560869,16.382610321044922,116500,0.0,0.0
2023-04-18 00:00:00-04:00,16.528071679472035,16.528071679472035,15.564389233971196,15.691667556762695,48300,0.0,0.0
2023-04-19 00:00:00-04:00,15.828036980471826,16.218965228121874,15.791672489593962,16.1462345123291,52100,0.0,0.0
2023-04-20 00:00:00-04:00,16.09168786309737,16.273513796341547,15.59166264509229,15.882585525512695,33000,0.0,0.0
2023-04-21 00:00:00-04:00,15.764395114951562,15.855308927596447,15.582567489661791,15.746212005615234,25800,0.0,0.0
2023-04-24 00:00:00-04:00,15.791673124599017,15.971681783477306,15.509840072286707,15.682576179504395,37400,0.0,0.0
2023-04-25 00:00:00-04:00,15.509840606661971,16.09168811048504,15.218917721769024,15.400745391845703,57700,0.0,0.0
2023-04-26 00:00:00-04:00,15.455290763957661,15.918949694960823,14.782531256434524,15.191640853881836,49600,0.0,0.0
2023-04-27 00:00:00-04:00,15.100729758603638,16.137142887771475,15.055271977652481,15.973498344421387,44900,0.0,0.0
2023-04-28 00:00:00-04:00,15.637116548374426,16.882630037838332,15.637116548374426,16.591707229614258,71100,0.0,0.0
2023-05-01 00:00:00-04:00,16.4917037725693,16.846267503407336,15.973497243694762,16.246238708496094,60700,0.0,0.0
2023-05-02 00:00:00-04:00,16.291693643547745,16.291693643547745,15.009813874926792,15.464381217956543,46400,0.0,0.0
2023-05-03 00:00:00-04:00,15.418925291403786,16.082595009645225,15.368924334268117,15.555296897888184,38000,0.0,0.0
2023-05-04 00:00:00-04:00,15.355284907545819,15.718940183761404,14.937083767549515,15.609843254089355,50000,0.0,0.0
2023-05-05 00:00:00-04:00,16.09168887645598,16.37352021785666,15.355288338225918,16.055322647094727,62100,0.0,0.0
2023-05-08 00:00:00-04:00,16.18259977430654,16.18259977430654,15.273464916558147,15.637120246887207,50200,0.0,0.0
2023-05-09 00:00:00-04:00,15.546203070615265,16.0189535111338,15.382558553971407,15.791669845581055,34000,0.0,0.0
2023-05-10 00:00:00-04:00,16.018955021513445,16.428064617660063,16.018955021513445,16.246238708496094,54100,0.0,0.0
2023-05-11 00:00:00-04:00,15.973495388621659,15.973495388621659,15.337102179399563,15.58256721496582,21900,0.0,0.0
2023-05-12 00:00:00-04:00,15.59166087584977,15.791671633970713,15.209824205117096,15.228007316589355,24200,0.0,0.0
2023-05-15 00:00:00-04:00,15.218918373925183,15.400746051793483,15.100731597136862,15.328015327453613,37200,0.0,0.0
2023-05-16 00:00:00-04:00,15.200735916918864,15.400746718033966,15.028001522912417,15.255285263061523,22000,0.0,0.0
2023-05-17 00:00:00-04:00,15.391651760918172,16.01895523071289,15.328012605177843,16.01895523071289,24000,0.0,0.0
2023-05-18 00:00:00-04:00,16.037136285477033,16.091685618474656,15.58256891471828,15.809852600097656,44100,0.0,0.0
2023-05-19 00:00:00-04:00,16.064412943623058,16.064412943623058,15.109822040295368,15.20073413848877,32200,0.0,0.0
2023-05-22 00:00:00-04:00,15.29164844231328,15.637120668636197,15.000725557433249,15.528023719787598,73300,0.0,0.0
2023-05-23 00:00:00-04:00,15.637117218062928,16.828083165499322,15.591659443558154,16.555341720581055,59300,0.0,0.0
2023-05-24 00:00:00-04:00,16.709895903988212,16.782626614461183,16.037136398603998,16.246238708496094,34000,0.0,0.0
2023-05-25 00:00:00-04:00,16.09168190847948,16.318965541457796,16.018951215287878,16.10986328125,20000,0.0,0.0
2023-05-26 00:00:00-04:00,16.073504627939474,16.473524452509306,16.032593489812594,16.455341339111328,15600,0.0,0.0
2023-05-30 00:00:00-04:00,16.600798186191508,16.86899296549501,16.255326063341236,16.791715621948242,16000,0.0,0.0
2023-05-31 00:00:00-04:00,16.67243428822648,17.13122444282804,15.82826033375379,16.296226501464844,28200,0.17,0.0
2023-06-01 00:00:00-04:00,16.387984958316203,16.83759910189068,16.241172248175378,16.53479766845703,14200,0.0,0.0
2023-06-02 00:00:00-04:00,16.791719016287125,17.78270568363939,16.640319174821993,17.718475341796875,25600,0.0,0.0
2023-06-05 00:00:00-04:00,17.71847610056311,17.943284056784513,17.186279566604654,17.590015411376953,24900,0.0,0.0
2023-06-06 00:00:00-04:00,17.507428614048052,18.68927190624179,17.507428614048052,18.5764102935791,41700,0.0,0.0
2023-06-07 00:00:00-04:00,18.80122023063565,19.26918639598416,18.40390744071347,19.2049560546875,73900,0.0,0.0
2023-06-08 00:00:00-04:00,19.269182555776887,19.269182555776887,18.25984407187382,18.42500877380371,26400,0.0,0.0
2023-06-09 00:00:00-04:00,18.52594540506341,18.85168596793258,18.4250110193283,18.672758102416992,11900,0.0,0.0
2023-06-12 00:00:00-04:00,18.810395338161324,19.26918546836038,18.69111067437357,18.856273651123047,56600,0.0,0.0
2023-06-13 00:00:00-04:00,19.06731805672731,19.627040814187218,19.06731805672731,19.305889129638672,150900,0.0,0.0
2023-06-14 00:00:00-04:00,19.37929696949671,19.636218336896032,18.938857089398983,18.975561141967773,37700,0.0,0.0
2023-06-15 00:00:00-04:00,19.06731753809944,19.755502700805664,19.06731753809944,19.755502700805664,52400,0.0,0.0
2023-06-16 00:00:00-04:00,19.929843651219088,20.67308496048732,18.93885698900699,20.62720489501953,179100,0.0,0.0
2023-06-20 00:00:00-04:00,20.47121433971792,20.480390351989854,19.647228389355785,20.00324821472168,50700,0.0,0.0
2023-06-21 00:00:00-04:00,19.838086225091644,20.122535619003663,19.714212678514116,19.88396453857422,18900,0.0,0.0
2023-06-22 00:00:00-04:00,19.929842630975976,19.929842630975976,19.443526212931637,19.718799591064453,22000,0.0,0.0
2023-06-23 00:00:00-04:00,19.553635925566088,20.00325006766722,19.136136954318925,19.83808708190918,243200,0.0,0.0
2023-06-26 00:00:00-04:00,19.691273997735355,20.425339347461353,19.535287014202,19.975725173950195,39500,0.0,0.0
2023-06-27 00:00:00-04:00,20.12253555516913,20.12253555516913,18.62687873840332,18.62687873840332,56200,0.0,0.0
2023-06-28 00:00:00-04:00,18.672757375586414,18.691109399577616,18.26902159850664,18.64522933959961,39100,0.0,0.0
2023-06-29 00:00:00-04:00,18.865447182263974,19.333413263530204,18.727810511337488,19.296710968017578,36500,0.0,0.0
2023-06-30 00:00:00-04:00,19.35177206870759,19.45729361173893,19.02970148080614,19.34259605407715,42300,0.0,0.0
2023-07-03 00:00:00-04:00,19.4802263892958,19.975720516084255,19.37011775010632,19.70962142944336,9500,0.0,0.0
2023-07-05 00:00:00-04:00,19.73715188125458,19.828910258579057,19.06731870203319,19.57198715209961,24300,0.0,0.0
2023-07-06 00:00:00-04:00,19.397643593811274,19.397643593811274,18.544293783840654,19.140722274780273,24300,0.0,0.0
2023-07-07 00:00:00-04:00,19.250830669981113,19.691268711490956,19.14072203467625,19.443523406982422,60600,0.0,0.0
2023-07-10 00:00:00-04:00,19.315062171237127,19.718797942197998,19.232479814673646,19.415996551513672,20500,0.0,0.0
2023-07-11 00:00:00-04:00,19.40682332775872,19.92984382770418,19.29763174622589,19.691272735595703,34000,0.0,0.0
2023-07-12 00:00:00-04:00,19.93901786403366,20.250995280464217,19.593091127382294,20.159236907958984,29800,0.0,0.0
2023-07-13 00:00:00-04:00,20.195941166125525,20.535444872721065,20.195941166125525,20.480390548706055,21800,0.0,0.0
2023-07-14 00:00:00-04:00,20.507921293245513,20.553799610957316,19.957372729975678,20.19594383239746,13300,0.0,0.0
2023-07-17 00:00:00-04:00,20.361105268697745,20.792367335624636,20.361105268697745,20.69143295288086,18700,0.0,0.0
2023-07-18 00:00:00-04:00,20.8290695932953,21.494313785584293,20.8290695932953,21.397968292236328,25100,0.0,0.0
2023-07-19 00:00:00-04:00,21.3245660913198,22.19626808166504,21.3245660913198,22.19626808166504,23100,0.0,0.0
2023-07-20 00:00:00-04:00,22.32564627264961,22.489893934589098,21.728302336239373,22.29720115661621,20600,0.0,0.0
2023-07-21 00:00:00-04:00,22.4164858520686,22.434837877156347,21.645718299837643,21.755826950073242,23800,0.0,0.0
2023-07-24 00:00:00-04:00,21.66406820860755,22.251318952884613,21.66406820860755,22.132034301757812,23100,0.0,0.0
2023-07-25 00:00:00-04:00,22.11368453048544,22.159562843249788,21.8062942344989,21.99439811706543,43600,0.0,0.0
2023-07-26 00:00:00-04:00,22.06780236840371,23.8295563632098,22.06780236840371,23.78367805480957,46600,0.0,0.0
2023-07-27 00:00:00-04:00,23.83873452897644,24.572799780726868,23.555202217082876,23.792856216430664,27900,0.0,0.0
2023-07-28 00:00:00-04:00,24.14153629548426,24.81137121941592,23.64604386218539,24.517744064331055,23400,0.0,0.0
2023-07-31 00:00:00-04:00,24.51774573804724,24.985711915419905,23.297363971616964,23.480880737304688,41800,0.0,0.0
2023-08-01 00:00:00-04:00,23.57263868258437,23.948846470129865,23.370769894045925,23.857088088989258,25100,0.0,0.0
2023-08-02 00:00:00-04:00,23.664397063724977,23.898379272995253,23.63686902433913,23.857088088989258,32800,0.0,0.0
2023-08-03 00:00:00-04:00,23.62769372686021,24.058955856094173,23.62769372686021,23.88461685180664,29600,0.0,0.0
2023-08-04 00:00:00-04:00,23.774505720977263,24.077307153639385,23.774505720977263,23.857088088989258,19800,0.0,0.0
2023-08-07 00:00:00-04:00,24.003899122942222,24.43975009032234,23.655219399125382,23.866262435913086,30200,0.0,0.0
2023-08-08 00:00:00-04:00,23.49005702605325,24.10024704135082,23.471704999240163,23.88461685180664,24800,0.0,0.0
2023-08-09 00:00:00-04:00,23.976370859871395,24.095657270947527,23.435000129336903,23.70109748840332,32400,0.0,0.0
2023-08-10 00:00:00-04:00,23.508405336534892,23.89378908795826,23.223954216336345,23.260658264160156,23100,0.0,0.0
2023-08-11 00:00:00-04:00,23.306540839887525,23.48546873041673,23.260662521855398,23.43500328063965,13000,0.0,0.0
2023-08-14 00:00:00-04:00,23.43499919055019,23.893789291381836,23.223954414057175,23.893789291381836,13000,0.0,0.0
2023-08-15 00:00:00-04:00,23.590983757995435,24.14612105394899,22.967030754111764,23.095491409301758,21300,0.0,0.0
2023-08-16 00:00:00-04:00,23.123022777599967,23.44876334318123,23.06796670302493,23.0771427154541,15100,0.0,0.0
2023-08-17 00:00:00-04:00,23.28818491967607,23.28818491967607,23.06796587967233,23.196428298950195,10700,0.0,0.0
2023-08-18 00:00:00-04:00,23.02208827885261,23.187253001482148,22.820221256830624,22.99456024169922,66300,0.0,0.0
2023-08-21 00:00:00-04:00,23.09090881670755,23.820383466447733,23.09090881670755,23.123023986816406,16000,0.0,0.0
2023-08-22 00:00:00-04:00,23.242307898482593,23.242307898482593,22.352255676997896,22.388957977294922,12000,0.0,0.0
2023-08-23 00:00:00-04:00,22.41648703215686,22.861514038162692,22.41648703215686,22.820222854614258,13300,0.0,0.0
2023-08-24 00:00:00-04:00,22.96703147927201,23.24230482055495,22.645878081011766,22.655054092407227,14200,0.0,0.0
2023-08-25 00:00:00-04:00,22.50090203725962,22.852336486968902,21.84758500496764,22.054040908813477,8100,0.0,0.0
2023-08-28 00:00:00-04:00,21.58148942728181,22.343081018671178,21.397972664236793,21.654895782470703,21400,0.0,0.0
2023-08-29 00:00:00-04:00,21.61818944251884,22.017338097388507,21.480552759870328,21.875112533569336,15300,0.0,0.0
2023-08-30 00:00:00-04:00,22.00449211584336,22.35225475373789,21.806293401902384,22.269672393798828,13500,0.0,0.0
2023-08-31 00:00:00-04:00,22.36207963389943,22.436003791263936,21.701381706364383,21.75220489501953,18800,0.17,0.0
2023-09-01 00:00:00-04:00,22.047898087587786,22.50992443971668,21.8261256500648,21.918529510498047,27600,0.0,0.0
2023-09-05 00:00:00-04:00,21.853848233029982,22.001696539120967,21.705999926938993,21.872329711914062,10700,0.0,0.0
2023-09-06 00:00:00-04:00,21.946254224654627,21.946254224654627,21.368721218742664,21.57663345336914,21600,0.0,0.0
2023-09-07 00:00:00-04:00,21.60435364097931,21.60435364097931,20.112008583761032,20.403085708618164,62900,0.0,0.0
2023-09-08 00:00:00-04:00,20.624855956944874,21.096123044871224,20.08982900719718,21.00371742248535,14200,0.0,0.0
2023-09-11 00:00:00-04:00,21.21625379844102,21.25321676054201,20.486252921856874,20.513975143432617,9900,0.0,0.0
2023-09-12 00:00:00-04:00,20.578656920087397,21.059164814054526,20.199795401283943,20.319921493530273,24900,0.0,0.0
2023-09-13 00:00:00-04:00,20.34764394048779,20.69878324385855,20.02422509429653,20.578657150268555,21600,0.0,0.0
2023-09-14 00:00:00-04:00,20.615617985515186,21.290177885728976,20.245997208851325,21.179290771484375,12900,0.0,0.0
2023-09-15 00:00:00-04:00,21.105367839688686,21.715242597162916,20.15359274242266,20.24599838256836,113900,0.0,0.0
2023-09-18 00:00:00-04:00,20.375366043377642,20.518594879506985,20.125873096156067,20.218276977539062,11300,0.0,0.0
2023-09-19 00:00:00-04:00,19.9040987780706,20.38460490954683,19.9040987780706,20.319921493530273,11500,0.0,0.0
2023-09-20 00:00:00-04:00,20.301442078961394,20.578659013289787,19.97802496598155,20.0704288482666,11400,0.0,0.0
2023-09-21 00:00:00-04:00,20.051947687058394,20.4770111549682,19.737769574911603,19.978023529052734,23300,0.0,0.0
2023-09-22 00:00:00-04:00,19.97802496598155,20.0704288482666,19.673087571964068,20.0704288482666,16900,0.0,0.0
2023-09-25 00:00:00-04:00,19.978026125142254,20.59252043794909,19.978026125142254,20.458532333374023,15900,0.0,0.0
2023-09-26 00:00:00-04:00,20.32916397289362,20.421569616177713,20.08891000535141,20.16283416748047,11300,0.0,0.0
2023-09-27 00:00:00-04:00,20.874354380993775,20.874354380993775,20.199796211906794,20.292200088500977,11500,0.0,0.0
2023-09-28 00:00:00-04:00,20.44004898670471,20.943657839985033,20.338402613339056,20.615617752075195,11600,0.0,0.0
2023-09-29 00:00:00-04:00,20.980620823431924,20.994481052802293,20.712646401489017,20.865114212036133,18000,0.0,0.0
2023-10-02 00:00:00-04:00,20.689542643344875,20.694163894566536,20.06118642650968,20.32916259765625,13500,0.0,0.0
2023-10-03 00:00:00-04:00,20.356884817513425,20.421568234689236,19.867136174982242,20.32916259765625,13700,0.0,0.0
2023-10-04 00:00:00-04:00,20.53245404512599,20.744987543769142,20.135112793294475,20.292200088500977,16700,0.0,0.0
2023-10-05 00:00:00-04:00,21.18390924019948,22.768659896182857,20.241376745707772,20.744985580444336,28000,0.0,0.0
2023-10-06 00:00:00-04:00,20.541691787608393,21.308655483856544,20.541691787608393,21.022199630737305,15500,0.0,0.0
2023-10-09 00:00:00-04:00,20.975999423884122,21.377961901431448,20.975999423884122,21.1700496673584,18500,0.0,0.0
2023-10-10 00:00:00-04:00,22.237331917180246,22.237331917180246,21.234733676990984,21.438026428222656,23500,0.0,0.0
2023-10-11 00:00:00-04:00,21.253215156646757,21.438026428222656,21.086885364726626,21.438026428222656,20100,0.0,0.0
2023-10-12 00:00:00-04:00,21.391821553758888,21.544291108805552,20.523211445061392,20.698781967163086,25800,0.0,0.0
2023-10-13 00:00:00-04:00,20.523213083262306,20.64334094152259,20.144351553347768,20.282960891723633,18000,0.0,0.0
2023-10-16 00:00:00-04:00,20.52321271092771,20.72188421233844,20.504732993638346,20.578657150268555,11000,0.0,0.0
2023-10-17 00:00:00-04:00,20.59713550397257,21.299414004127613,20.59713550397257,21.00371742248535,18000,0.0,0.0
2023-10-18 00:00:00-04:00,21.00372098186199,21.04992468213012,20.421568458411166,20.58789825439453,9600,0.0,0.0
2023-10-19 00:00:00-04:00,20.606377104036632,20.661821542022977,20.06118580127371,20.209035873413086,11200,0.0,0.0
2023-10-20 00:00:00-04:00,20.190554853703638,20.190554853703638,19.183337119738052,19.257261276245117,21000,0.0,0.0
2023-10-23 00:00:00-04:00,19.275745120488153,19.72853085494706,19.007768918721442,19.220300674438477,23300,0.0,0.0
2023-10-24 00:00:00-04:00,19.174094625672762,19.174094625672762,18.68434603206252,18.804473876953125,14000,0.0,0.0
2023-10-25 00:00:00-04:00,18.80447555601523,18.80447555601523,18.27776572174819,18.545740127563477,10100,0.0,0.0
2023-10-26 00:00:00-04:00,18.34245034562002,19.118654919577605,18.34245034562002,18.62890625,33500,0.0,0.0
2023-10-27 00:00:00-04:00,18.71206790608382,18.87839768058086,17.89890227380918,18.1391544342041,13400,0.0,0.0
2023-10-30 00:00:00-04:00,18.092953457827658,18.314725914704578,17.834218043559172,18.111434936523438,11400,0.0,0.0
2023-10-31 00:00:00-04:00,18.102195871081392,18.157638549804688,17.880423393697217,18.157638549804688,7800,0.0,0.0
2023-11-01 00:00:00-04:00,18.296246706237028,18.591945114587816,17.8527017374474,18.425615310668945,19100,0.0,0.0
2023-11-02 00:00:00-04:00,18.51801874779792,19.24340004656486,18.370168679984587,19.127893447875977,46700,0.0,0.0
2023-11-03 00:00:00-04:00,19.645364236568923,19.77473107443022,18.952324583756013,19.174097061157227,42900,0.0,0.0
2023-11-06 00:00:00-05:00,19.063207180039512,19.215676727569882,18.7859920640634,19.100170135498047,44600,0.0,0.0
2023-11-07 00:00:00-05:00,18.869156516956537,19.02624554905742,18.43485237526147,18.481054306030273,20100,0.0,0.0
2023-11-08 00:00:00-05:00,18.63814890633435,18.63814890633435,17.372195532667988,17.5570068359375,29000,0.0,0.0
2023-11-09 00:00:00-05:00,17.640169788003462,18.065233270851248,17.168902603221557,17.455358505249023,24100,0.0,0.0
2023-11-10 00:00:00-05:00,17.70485590432299,17.778780076183764,17.464601905152648,17.575489044189453,31400,0.0,0.0
2023-11-13 00:00:00-05:00,16.873205217592304,17.92662490041593,16.873205217592304,17.584726333618164,24700,0.0,0.0
2023-11-14 00:00:00-05:00,18.194601876311218,18.943084222838067,18.194601876311218,18.878400802612305,76500,0.0,0.0
2023-11-15 00:00:00-05:00,18.61042602620448,18.915363432108336,18.176121770066,18.407135009765625,33400,0.0,0.0
2023-11-16 00:00:00-05:00,18.50877779273549,18.518018532021824,18.13915527124532,18.360929489135742,20000,0.0,0.0
2023-11-17 00:00:00-05:00,18.54573975962091,18.54573975962091,18.02364942439377,18.2315616607666,31400,0.0,0.0
2023-11-20 00:00:00-05:00,18.028269871789107,18.481055520543524,18.028269871789107,18.2592830657959,16200,0.0,0.0
2023-11-21 00:00:00-05:00,18.046751350307442,18.287005283573404,18.046751350307442,18.2592830657959,36400,0.0,0.0
2023-11-22 00:00:00-05:00,18.471817016601562,19.174097422865685,18.097574962525975,18.471817016601562,41500,0.0,0.0
2023-11-24 00:00:00-05:00,18.31472678616657,18.79523468017578,18.31472678616657,18.79523468017578,3800,0.0,0.0
2023-11-27 00:00:00-05:00,18.48567446759762,18.751801757999726,18.04675082183069,18.397890090942383,12600,0.0,0.0
2023-11-28 00:00:00-05:00,18.444092251054474,18.462573729259724,18.333206906804516,18.351688385009766,8900,0.0,0.0
2023-11-29 00:00:00-05:00,18.739788430819047,18.87839597622273,18.58269940936406,18.601179122924805,12000,0.0,0.0
2023-11-30 00:00:00-05:00,18.647783559293625,18.75029568072106,18.507995433939595,18.6291446685791,12300,0.17,0.0
2023-12-01 00:00:00-05:00,18.480033044907877,20.157493736267835,18.480033044907877,20.036344528198242,45800,0.0,0.0
2023-12-04 00:00:00-05:00,19.803364111197507,19.840641885078412,19.27216827590925,19.43991470336914,29100,0.0,0.0
2023-12-05 00:00:00-05:00,19.22557188009017,19.570384193214423,19.22557188009017,19.38399887084961,20900,0.0,0.0
2023-12-06 00:00:00-05:00,19.38399669985515,19.607659772643682,18.796886021915668,19.057825088500977,51300,0.0,0.0
2023-12-07 00:00:00-05:00,18.87143898010254,19.337400436401367,18.81552410304721,19.337400436401367,25800,0.0,0.0
2023-12-08 00:00:00-05:00,19.244209236983856,20.19477110592497,18.739107151007758,19.943151473999023,59900,0.0,0.0
2023-12-11 00:00:00-05:00,19.64493655872847,19.901215025486263,19.22650369078572,19.700851440429688,43900,0.0,0.0
2023-12-12 00:00:00-05:00,19.81268232519796,19.81268232519796,19.01122801151341,19.048505783081055,17600,0.0,0.0
2023-12-13 00:00:00-05:00,19.104420607912182,20.744605224623417,19.099761775230636,20.213409423828125,92800,0.0,0.0
2023-12-14 00:00:00-05:00,20.744606134727658,21.29444084537536,20.567540267527026,20.9682674407959,75000,0.0,0.0
2023-12-15 00:00:00-05:00,20.968265799621268,21.41558837674606,20.076414878383307,21.30375862121582,107300,0.0,0.0
2023-12-18 00:00:00-05:00,21.294441133862417,21.415590343060718,20.63277487246562,20.837799072265625,14500,0.0,0.0
2023-12-19 00:00:00-05:00,21.005544385321276,21.247842790877794,20.893712847947356,21.13601303100586,27500,0.0,0.0
2023-12-20 00:00:00-05:00,21.24784376875986,21.424909637125115,20.483667190291605,20.958948135375977,38000,0.0,0.0
2023-12-21 00:00:00-05:00,20.460370107866346,21.219887877070363,20.460370107866346,21.154653549194336,18600,0.0,0.0
2023-12-22 00:00:00-05:00,21.15465191464657,21.42490864889432,20.68962184543,21.24784278869629,30800,0.0,0.0
2023-12-26 00:00:00-05:00,21.24784315767612,21.806997299194336,21.03536589925069,21.806997299194336,25700,0.0,0.0
2023-12-27 00:00:00-05:00,21.601976382783516,21.891803439020677,20.791202554712196,21.71380615234375,15800,0.0,0.0
2023-12-28 00:00:00-05:00,21.68585133475968,21.84427833557129,21.308421832899064,21.84427833557129,9500,0.0,0.0
2023-12-29 00:00:00-05:00,21.900189441320155,21.900189441320155,20.98690537206983,21.024181365966797,16300,0.0,0.0
2024-01-02 00:00:00-05:00,20.930989951263356,21.261823970712793,20.399794119967133,20.837799072265625,50500,0.0,0.0
2024-01-03 00:00:00-05:00,20.781882195507347,20.809840525416845,20.04566394957786,20.269325256347656,18400,0.0,0.0
2024-01-04 00:00:00-05:00,20.35320100061073,20.604820668592726,19.975771498637734,20.576862335205078,69600,0.0,0.0
2024-01-05 00:00:00-05:00,20.306602676956288,21.583336169785753,20.306602676956288,21.331716537475586,133400,0.0,0.0
2024-01-08 00:00:00-05:00,21.368995957003925,21.43423028651907,21.080100307364493,21.238527297973633,20700,0.0,0.0
2024-01-09 00:00:00-05:00,20.91235174353336,21.350354895323438,20.884393414801316,21.014862060546875,21300,0.0,0.0
2024-01-10 00:00:00-05:00,20.88439394939975,21.098735809326172,20.61506861914424,21.098735809326172,16500,0.0,0.0
2024-01-11 00:00:00-05:00,20.27864781885003,21.014866178022356,20.27864781885003,20.884397506713867,45000,0.0,0.0
2024-01-12 00:00:00-05:00,21.089415826330335,21.089415826330335,20.809839649017857,21.014862060546875,37600,0.0,0.0
2024-01-16 00:00:00-05:00,20.71664959317986,20.893715475664923,19.42127708382066,20.74460792541504,21900,0.0,0.0
2024-01-17 00:00:00-05:00,20.37183980131997,20.79120413530505,20.353200912475586,20.353200912475586,16400,0.0,0.0
2024-01-18 00:00:00-05:00,20.30660535803905,20.315923024908578,20.013049081585596,20.241369247436523,11300,0.0,0.0
2024-01-19 00:00:00-05:00,20.297282767745926,20.511624622568974,20.082939135420887,20.315919876098633,86000,0.0,0.0
2024-01-22 00:00:00-05:00,20.24136737908931,21.098736629630963,20.222730269568263,21.052141189575195,26100,0.0,0.0
2024-01-23 00:00:00-05:00,21.15465303786374,21.15465303786374,20.604818319767134,20.837799072265625,27500,0.0,0.0
2024-01-24 00:00:00-05:00,21.07077707290655,21.154650275052276,20.884391784248972,21.005542755126953,23200,0.0,0.0
2024-01-25 00:00:00-05:00,21.154653290700402,21.154653290700402,20.70732888965538,21.052141189575195,23200,0.0,0.0
2024-01-26 00:00:00-05:00,21.061458990774874,21.331715721528262,20.865754247296525,21.266481399536133,45000,0.0,0.0
2024-01-29 00:00:00-05:00,21.35967488499879,21.508782420382563,20.800520738558625,21.098735809326172,35900,0.0,0.0
2024-01-30 00:00:00-05:00,20.93751363413473,21.163970956709875,20.93751363413473,21.052141189575195,14300,0.0,0.0
2024-01-31 00:00:00-05:00,20.837800020751704,21.23852721768957,19.644937873762498,19.971111297607422,28900,0.0,0.0
2024-02-01 00:00:00-05:00,20.15749316287241,20.558220326437713,19.345789759141333,20.418432235717773,36400,0.0,0.0
2024-02-02 00:00:00-05:00,20.39979354035074,20.39979354035074,19.64493642140386,19.71017074584961,17100,0.0,0.0
2024-02-05 00:00:00-05:00,19.262849380661855,19.53776674960039,18.927356516193914,19.402637481689453,21100,0.0,0.0
2024-02-06 00:00:00-05:00,19.449233863555232,19.71017116691257,18.685055507645995,19.570383071899414,62700,0.0,0.0
2024-02-07 00:00:00-05:00,19.495829302725596,19.89655647859815,18.81552593682673,19.570383071899414,48800,0.0,0.0
2024-02-08 00:00:00-05:00,19.25352906489638,20.06430285813833,18.94599454556365,20.036344528198242,23100,0.0,0.0
2024-02-09 00:00:00-05:00,20.4510527689668,20.4510527689668,19.6635783653454,19.9897518157959,43500,0.0,0.0
2024-02-12 00:00:00-05:00,20.2040935808001,20.781884921365968,20.143518080135163,20.567543029785156,29500,0.0,0.0
2024-02-13 00:00:00-05:00,19.952472762372057,20.64209562003786,19.952472762372057,20.297285079956055,98400,0.0,0.0
2024-02-14 00:00:00-05:00,20.50230588781935,20.50230588781935,19.6309583852876,20.045663833618164,17000,0.0,0.0
2024-02-15 00:00:00-05:00,20.96826778811058,21.862913027202296,20.800521361405362,21.527421951293945,47600,0.0,0.0
2024-02-16 00:00:00-05:00,21.443551831249838,21.900193960096246,20.52094812878436,21.10805892944336,89800,0.0,0.0
2024-02-20 00:00:00-05:00,20.763245142676812,21.43422906480474,20.744606256019964,21.08009910583496,82100,0.0,0.0
2024-02-21 00:00:00-05:00,20.67936937648765,20.9729238063221,20.194769048266238,20.539581298828125,32400,0.0,0.0
2024-02-22 00:00:00-05:00,20.362520767279022,20.595501550022483,19.477193081852942,19.756771087646484,31900,0.0,0.0
2024-02-23 00:00:00-05:00,19.644936696183066,20.120217637724036,19.22557063673455,19.691532135009766,18400,0.0,0.0
2024-02-26 00:00:00-05:00,19.523787083430555,19.83132159480789,19.20693312898094,19.6076602935791,9000,0.0,0.0
2024-02-27 00:00:00-05:00,19.766087930511873,19.80336570739746,19.654258154859587,19.80336570739746,11000,0.0,0.0
2024-02-28 00:00:00-05:00,19.570382653822712,19.989748707405436,19.43059456179581,19.71017074584961,22600,0.0,0.0
2024-02-29 00:00:00-05:00,20.12354214550673,20.931490720013244,19.50818575539941,20.114147186279297,33800,0.17,0.0
2024-03-01 00:00:00-05:00,19.97322607032306,20.085961995484325,19.343778147139453,19.82291030883789,37400,0.0,0.0
2024-03-04 00:00:00-05:00,19.90276526282146,19.945041683773336,19.324988704415997,19.371963500976562,10000,0.0,0.0
2024-03-05 00:00:00-05:00,19.700775871003327,19.728960745725903,19.564553456273543,19.6538028717041,16300,0.0,0.0
2024-03-06 00:00:00-05:00,19.860487209565843,20.630855890791008,19.25640553149714,19.635013580322266,13200,0.0,0.0
2024-03-07 00:00:00-05:00,19.91685777375441,19.91685777375441,19.353172781684908,19.503488540649414,22200,0.0,0.0
2024-03-08 00:00:00-05:00,19.813511382642766,20.020195065325808,19.681985565653996,19.93564224243164,39200,0.0,0.0
2024-03-11 00:00:00-04:00,19.667894001527607,19.667894001527607,19.390749010889763,19.447118759155273,11700,0.0,0.0
2024-03-12 00:00:00-04:00,19.494091114290743,19.69607822581531,19.08635926652889,19.43772315979004,14300,0.0,0.0
2024-03-13 00:00:00-04:00,19.390748246881166,20.062472489386078,19.390748246881166,19.606828689575195,17400,0.0,0.0
2024-03-14 00:00:00-04:00,19.818211919066574,19.818211919066574,18.99147523149377,19.193462371826172,27200,0.0,0.0
2024-03-15 00:00:00-04:00,19.005565940573394,20.273856689480933,19.005565940573394,20.01080322265625,75400,0.0,0.0
2024-03-18 00:00:00-04:00,19.954433227639196,19.954433227639196,19.461209595558767,19.522275924682617,29600,0.0,0.0
2024-03-19 00:00:00-04:00,19.588038774227027,19.74774947087655,19.259222423253895,19.606828689575195,29300,0.0,0.0
2024-03-20 00:00:00-04:00,19.597435654737463,20.189303711037294,18.88343492859623,20.179908752441406,52500,0.0,0.0
2024-03-21 00:00:00-04:00,20.534090555319484,20.534090555319484,19.710170816375317,20.339618682861328,17300,0.0,0.0
2024-03-22 00:00:00-04:00,20.095354886720752,20.17051275972947,19.945039140703315,19.992013931274414,15300,0.0,0.0
2024-03-25 00:00:00-04:00,19.954433569133975,20.142329142620667,19.785327911376953,19.785327911376953,5300,0.0,0.0
2024-03-26 00:00:00-04:00,19.061934169667097,20.178968324349654,19.061934169667097,19.757144927978516,10300,0.0,0.0
2024-03-27 00:00:00-04:00,19.728960002681635,20.57448650155842,19.728960002681635,20.52751350402832,17000,0.0,0.0
2024-03-28 00:00:00-04:00,20.84129967197855,20.959672927856445,20.518120614093935,20.959672927856445,21500,0.0,0.0
2024-04-01 00:00:00-04:00,20.912698252832943,20.959671251340033,20.518118972896282,20.76238250732422,49100,0.0,0.0
2024-04-02 00:00:00-04:00,20.546304349563442,20.57918580770346,20.226882934570312,20.226882934570312,18800,0.0,0.0
2024-04-03 00:00:00-04:00,20.10474784925654,20.367801274629134,20.04837989807129,20.04837989807129,18000,0.0,0.0
2024-04-04 00:00:00-04:00,20.358409061369862,20.367804019817807,19.91685676574707,19.91685676574707,19400,0.0,0.0
2024-04-05 00:00:00-04:00,19.992013621075515,20.255065276571962,19.79002650451645,20.245670318603516,12000,0.0,0.0
2024-04-08 00:00:00-04:00,20.179910910558284,20.179910910558284,19.94598304655254,19.954437255859375,9300,0.0,0.0
2024-04-09 00:00:00-04:00,20.057778498519475,20.057778498519475,19.558917470560214,19.588041305541992,4900,0.0,0.0
2024-04-10 00:00:00-04:00,19.071327080374807,19.09951195373223,18.352629832857815,18.582801818847656,24000,0.0,0.0
2024-04-11 00:00:00-04:00,18.676749557160853,18.949197982678932,18.394907964884695,18.695539474487305,16000,0.0,0.0
2024-04-12 00:00:00-04:00,18.272774748341174,18.845852818239834,18.25398483341862,18.573406219482422,11900,0.0,0.0
2024-04-15 00:00:00-04:00,18.629775229303412,18.977381507472455,18.470064527210344,18.789485931396484,13200,0.0,0.0
2024-04-16 00:00:00-04:00,18.798882071091043,19.11830349535606,18.399604394807213,18.83646011352539,12600,0.0,0.0
2024-04-17 00:00:00-04:00,19.30619809939608,19.353172894286544,18.67675018310547,18.67675018310547,16200,0.0,0.0
2024-04-18 00:00:00-04:00,18.799818189381302,18.808274188401818,18.47006289805899,18.47945785522461,23800,0.0,0.0
2024-04-19 00:00:00-04:00,18.385513420496554,18.958593368530273,18.385513420496554,18.958593368530273,12600,0.0,0.0
2024-04-22 00:00:00-04:00,19.061935550901236,19.353172099643103,18.648566332364144,18.86464500427246,15600,0.0,0.0
2024-04-23 00:00:00-04:00,18.808274367212576,19.381352424524696,18.808274367212576,18.99616813659668,9400,0.0,0.0
2024-04-24 00:00:00-04:00,18.902225393273536,18.9867764392752,18.00032905290223,18.357330322265625,24600,0.0,0.0
2024-04-25 00:00:00-04:00,18.310355269503237,18.52643394470215,18.160039513547027,18.52643394470215,24500,0.0,0.0
2024-04-26 00:00:00-04:00,18.592199373742144,19.02435674082666,18.225803136534374,18.451276779174805,9600,0.0,0.0
2024-04-29 00:00:00-04:00,18.172254155102326,18.366724256892088,18.037909642294608,18.141250610351562,11500,0.0,0.0
2024-04-30 00:00:00-04:00,17.85940697863359,17.85940697863359,16.685064082552252,16.882352828979492,21000,0.0,0.0
2024-05-01 00:00:00-04:00,16.85417126451529,17.521197229460714,16.703855503628848,17.276933670043945,27400,0.0,0.0
2024-05-02 00:00:00-04:00,17.276931697753454,17.704392429958666,17.042063124192236,17.36148452758789,25000,0.0,0.0
2024-05-03 00:00:00-04:00,17.605748725167363,17.699696516527013,17.079643602220433,17.399065017700195,26400,0.0,0.0
2024-05-06 00:00:00-04:00,17.605746658048552,17.784247261483337,17.53998374938965,17.53998374938965,14700,0.0,0.0
2024-05-07 00:00:00-04:00,17.276934067562625,17.850014039068725,17.276934067562625,17.511802673339844,24200,0.0,0.0
2024-05-08 00:00:00-04:00,17.192379669797397,17.488314588020778,17.192379669797397,17.25814437866211,15000,0.0,0.0
2024-05-09 00:00:00-04:00,17.40845844858882,17.71848487854004,16.966904405512444,17.71848487854004,26700,0.0,0.0
2024-05-10 00:00:00-04:00,17.699698274723723,17.699698274723723,17.370881868254564,17.511802673339844,6900,0.0,0.0
2024-05-13 00:00:00-04:00,17.615143582743254,17.638630082472567,17.18298625362772,17.427248001098633,12200,0.0,0.0
2024-05-14 00:00:00-04:00,17.624537279254838,17.821826013143,17.455431626262165,17.464826583862305,8400,0.0,0.0
2024-05-15 00:00:00-04:00,17.333300066189544,17.58695674360176,17.305115194519356,17.53998374938965,15700,0.0,0.0
2024-05-16 00:00:00-04:00,18.128092765947482,18.128092765947482,17.380271786447313,17.52119255065918,10200,0.0,0.0
2024-05-17 00:00:00-04:00,17.58695718728712,17.86880053538476,16.959389080932823,17.774852752685547,10700,0.0,0.0
2024-05-20 00:00:00-04:00,17.6245388398413,18.007843467580596,17.6245388398413,17.859407424926758,6100,0.0,0.0
2024-05-21 00:00:00-04:00,17.906376734533666,18.103667237132942,17.568167260213762,17.577560424804688,56200,0.0,0.0
2024-05-22 00:00:00-04:00,17.774856646250253,17.774856646250253,17.286329502726886,17.690303802490234,8400,0.0,0.0
2024-05-23 00:00:00-04:00,17.878195950717586,17.878195950717586,17.21116828918457,17.21116828918457,18800,0.0,0.0
2024-05-24 00:00:00-04:00,17.211171542487573,17.286329426397355,17.013882769188886,17.117223739624023,8000,0.0,0.0
2024-05-28 00:00:00-04:00,17.0514571720789,17.07024708701813,16.647482960410052,17.004484176635742,20600,0.0,0.0
2024-05-29 00:00:00-04:00,16.882352433023982,16.957510304934246,16.703853607177734,16.703853607177734,16100,0.0,0.0
2024-05-30 00:00:00-04:00,16.90114312673118,17.333302254030976,16.685064459033832,17.25814437866211,19800,0.0,0.0
2024-05-31 00:00:00-04:00,17.665888260863184,17.940881497580175,17.48572214919599,17.760713577270508,9600,0.17,0.0
2024-06-03 00:00:00-04:00,17.883990776599113,17.883990776599113,17.542620289497236,17.580551147460938,14500,0.0,0.0
2024-06-04 00:00:00-04:00,17.390898665343254,17.40038137884747,16.660746003302716,16.784019470214844,19100,0.0,0.0
2024-06-05 00:00:00-04:00,16.78401712077365,17.220211029052734,16.727120847712754,17.220211029052734,11900,0.0,0.0
2024-06-06 00:00:00-04:00,17.011598753610045,17.4288272857666,17.011598753610045,17.4288272857666,4500,0.0,0.0
2024-06-07 00:00:00-04:00,17.42882891778343,17.447794346105347,17.229697346331694,17.305557250976562,17200,0.0,0.0
2024-06-10 00:00:00-04:00,16.60384936346698,17.16331672668457,16.60384936346698,17.16331672668457,29000,0.0,0.0
2024-06-11 00:00:00-04:00,17.06849246464079,17.1538350716554,16.807724191492845,16.97366714477539,20300,0.0,0.0
2024-06-12 00:00:00-04:00,17.457274766137456,18.00725945469782,17.163317900348954,17.447792053222656,24400,0.0,0.0
2024-06-13 00:00:00-04:00,17.514169861506478,17.514169861506478,17.163318514320974,17.457275390625,5200,0.0,0.0
2024-06-14 00:00:00-04:00,17.182284352695703,17.751232692433657,17.182284352695703,17.552101135253906,13200,0.0,0.0
2024-06-17 00:00:00-04:00,17.618476829003914,18.206392354561018,17.618476829003914,18.14949607849121,12000,0.0,0.0
2024-06-18 00:00:00-04:00,18.244320026602992,18.253802738569203,17.883986015098817,17.92191505432129,19500,0.0,0.0
2024-06-20 00:00:00-04:00,17.770196589501452,17.921916374855204,17.38141441345215,17.38141441345215,12300,0.0,0.0
2024-06-21 00:00:00-04:00,17.37193420073089,17.386157367453837,17.134871775920388,17.153837203979492,37700,0.0,0.0
2024-06-24 00:00:00-04:00,17.153835787200183,17.381415479184746,17.144353073953834,17.19176483154297,14400,0.0,0.0
2024-06-25 00:00:00-04:00,17.12538798533117,17.761664853623415,17.07797622680664,17.07797622680664,22000,0.0,0.0
2024-06-26 00:00:00-04:00,17.021081132612988,17.172800924716284,17.021081132612988,17.068492889404297,24600,0.0,0.0
2024-06-27 00:00:00-04:00,17.182283268991863,17.296072206305606,17.030561671502625,17.210729598999023,28900,0.0,0.0
2024-06-28 00:00:00-04:00,17.400383494258204,18.239584750657134,17.239180962374068,17.67537498474121,145800,0.0,0.0
2024-07-01 00:00:00-04:00,17.77968107864458,18.220617314086383,17.438310623168945,17.438310623168945,32500,0.0,0.0
2024-07-02 00:00:00-04:00,17.48572561643035,17.77494207493214,17.28659223162468,17.40038299560547,19000,0.0,0.0
2024-07-03 00:00:00-04:00,17.504686295237526,17.51891126874667,17.09694049704027,17.267623901367188,19100,0.0,0.0
2024-07-05 00:00:00-04:00,17.210729039937842,17.229694465088254,16.603849904264514,16.64177894592285,59100,0.0,0.0
2024-07-08 00:00:00-04:00,16.72712236180574,17.817610848496283,16.72712236180574,17.627960205078125,31100,0.0,0.0
2024-07-09 00:00:00-04:00,17.552100844431592,18.016742945461647,17.53123996030393,17.902952194213867,25700,0.0,0.0
2024-07-10 00:00:00-04:00,17.798646660140417,18.433974008536435,17.798646660140417,18.386560440063477,13200,0.0,0.0
2024-07-11 00:00:00-04:00,18.8796462998619,19.486525365722894,18.8796462998619,19.43911361694336,28900,0.0,0.0
2024-07-12 00:00:00-04:00,19.439116498557027,19.91324129120476,19.420151072776903,19.80893325805664,26500,0.0,0.0
2024-07-15 00:00:00-04:00,19.90375778754413,20.804595581241813,19.808932471053456,20.15030288696289,28600,0.0,0.0
2024-07-16 00:00:00-04:00,20.302023147570758,21.345098036225387,20.302023147570758,21.27872085571289,37700,0.0,0.0
2024-07-17 00:00:00-04:00,21.127003076632775,21.80974218074472,21.127003076632775,21.72439956665039,30100,0.0,0.0
2024-07-18 00:00:00-04:00,21.511041116261005,22.293347739595106,21.02269316358819,21.458887100219727,33100,0.0,0.0
2024-07-19 00:00:00-04:00,21.468369387221173,21.49207707305521,20.501156213851903,20.86149024963379,29700,0.0,0.0
2024-07-22 00:00:00-04:00,20.927868296831047,22.985569992741954,20.785631219142612,22.852815628051758,86800,0.0,0.0
2024-07-23 00:00:00-04:00,22.615756901173867,23.526075793103594,22.615756901173867,23.355390548706055,34700,0.0,0.0
2024-07-24 00:00:00-04:00,23.14677315024705,23.68727514591605,22.549376683624107,22.568340301513672,27600,0.0,0.0
2024-07-25 00:00:00-04:00,22.69161495533955,23.706241815667273,22.69161495533955,23.620899200439453,62500,0.0,0.0
2024-07-26 00:00:00-04:00,23.592450150995223,23.933820598765987,23.099361714778468,23.488143920898438,68600,0.0,0.0
2024-07-29 00:00:00-04:00,23.450211372829788,23.450211372829788,22.60626983642578,22.60626983642578,12900,0.0,0.0
2024-07-30 00:00:00-04:00,22.757992380720268,22.757992380720268,22.38817558329924,22.530412673950195,15300,0.0,0.0
2024-07-31 00:00:00-04:00,22.38817487655701,22.75799166230379,21.781293869018555,21.781293869018555,47200,0.0,0.0
2024-08-01 00:00:00-04:00,21.7718087846787,21.78129149720919,20.690804877197653,20.918384552001953,42100,0.0,0.0
2024-08-02 00:00:00-04:00,20.169269713604958,20.311506793904158,19.846864700317383,19.846864700317383,18700,0.0,0.0
2024-08-05 00:00:00-04:00,18.974475117183044,19.382222743250658,18.927061550987613,19.258949279785156,27800,0.0,0.0
2024-08-06 00:00:00-04:00,19.2684312763633,19.334808457925483,18.917579942779604,19.040851593017578,28100,0.0,0.0
2024-08-07 00:00:00-04:00,19.287397419502412,19.44859992728164,19.159383503738677,19.258949279785156,12400,0.0,0.0
2024-08-08 00:00:00-04:00,19.514977615002763,19.68566284042654,19.458083142742396,19.562389373779297,9200,0.0,0.0
2024-08-09 00:00:00-04:00,19.47704777455755,19.47704777455755,18.889132223059892,19.135677337646484,16000,0.0,0.0
2024-08-12 00:00:00-04:00,19.249467743780038,19.391706642422573,18.396043395138463,18.803791046142578,25900,0.0,0.0
2024-08-13 00:00:00-04:00,19.088263495529517,19.505493822525004,18.064154008280646,19.486528396606445,30400,0.0,0.0
2024-08-14 00:00:00-04:00,18.98395902842376,19.230504162270623,18.77534294128418,18.77534294128418,9000,0.0,0.0
2024-08-15 00:00:00-04:00,19.287397129908605,19.600319427529552,19.0218865891286,19.135677337646484,11800,0.0,0.0
2024-08-16 00:00:00-04:00,19.107227985502632,19.837380569818414,19.107227985502632,19.382221221923828,60800,0.0,0.0
2024-08-19 00:00:00-04:00,19.571873470739714,19.837384041127354,19.35377647112279,19.55290985107422,10400,0.0,0.0
2024-08-20 00:00:00-04:00,18.946027013038073,19.021886910450576,18.727930034057454,18.756378173828125,9100,0.0,0.0
2024-08-21 00:00:00-04:00,18.775340666996367,19.35661847518927,18.680517157392934,19.211536407470703,46500,0.0,0.0
2024-08-22 00:00:00-04:00,19.76152240293191,19.76152240293191,18.91758081231972,19.202054977416992,9900,0.0,0.0
2024-08-23 00:00:00-04:00,20.358919396071794,20.903215941167055,20.320990350451066,20.77614974975586,20400,0.0,0.0
2024-08-26 00:00:00-04:00,21.098552703857422,21.12700084176044,20.681322391158993,21.098552703857422,35000,0.0,0.0
2024-08-27 00:00:00-04:00,20.45848742081613,20.501158728451813,19.86583137512207,19.86583137512207,12600,0.0,0.0
2024-08-28 00:00:00-04:00,19.69988670410151,20.197717423458922,19.69988670410151,20.045997619628906,9800,0.0,0.0
2024-08-29 00:00:00-04:00,20.311506693380178,20.40633201599121,19.889535906835807,20.40633201599121,15500,0.0,0.0
2024-08-30 00:00:00-04:00,20.497132892927592,20.57837684956948,19.93799070839443,20.071802139282227,8400,0.17,0.0
2024-09-03 00:00:00-04:00,19.842409645871008,19.842409645871008,18.72412349251988,19.50787925720215,21700,0.0,0.0
2024-09-04 00:00:00-04:00,19.326278352241847,19.47920623020475,19.268930853766783,19.297605514526367,9500,0.0,0.0
2024-09-05 00:00:00-04:00,19.2689316713853,19.421859555837234,18.999396411767083,19.173351287841797,27200,0.0,0.0
2024-09-06 00:00:00-04:00,19.20202401363028,19.354951882662114,18.17931820583838,18.56163787841797,28600,0.0,0.0
2024-09-09 00:00:00-04:00,18.51958294937904,19.192466698665147,18.51958294937904,18.90572738647461,15000,0.0,0.0
2024-09-10 00:00:00-04:00,18.91528469017533,19.17812935078919,18.494732139366757,18.88661003112793,17100,0.0,0.0
2024-09-11 00:00:00-04:00,18.85793851702887,18.88661318085836,18.198437656349302,18.791032791137695,10300,0.0,0.0
2024-09-12 00:00:00-04:00,18.915283973596317,19.047183024911963,18.561637150918433,18.647659301757812,19800,0.0,0.0
2024-09-13 00:00:00-04:00,18.819703097213512,19.74682846982368,18.724122729624742,19.307161331176758,27200,0.0,0.0
2024-09-16 00:00:00-04:00,19.488763567497195,20.19701252490481,19.488763567497195,20.0335693359375,21400,0.0,0.0
2024-09-17 00:00:00-04:00,20.348984856253878,20.37765769229744,19.65124940280851,19.966663360595703,22200,0.0,0.0
2024-09-18 00:00:00-04:00,19.823293253621515,20.16260184129334,19.326276779174805,19.326276779174805,50700,0.0,0.0
2024-09-19 00:00:00-04:00,19.727711907804824,19.727711907804824,19.087325818938798,19.48876190185547,53200,0.0,0.0
2024-09-20 00:00:00-04:00,19.19246332807856,19.450529757554786,18.74323799839473,18.89616584777832,83900,0.0,0.0
2024-09-23 00:00:00-04:00,18.924839902447438,19.06821136566789,18.69544811355616,18.800586700439453,11100,0.0,0.0
2024-09-24 00:00:00-04:00,18.848376673997272,18.857934893437136,18.56163738297713,18.571195602416992,18500,0.0,0.0
2024-09-25 00:00:00-04:00,18.580753838221124,18.580753838221124,18.098073782824574,18.24622344970703,20000,0.0,0.0
2024-09-26 00:00:00-04:00,18.494734053413087,18.494734053413087,18.246225785082455,18.418270111083984,14100,0.0,0.0
2024-09-27 00:00:00-04:00,18.5807548483453,18.5807548483453,18.0072744115793,18.227108001708984,25800,0.0,0.0
2024-09-30 00:00:00-04:00,18.169761116464418,18.532964372248504,18.169761116464418,18.504291534423828,42200,0.0,0.0
2024-10-01 00:00:00-04:00,18.198434146309932,18.265339859296606,17.949925910185165,18.102853775024414,28500,0.0,0.0
2024-10-02 00:00:00-04:00,18.016829978305786,18.16497780838127,17.79317167469065,17.844785690307617,13100,0.0,0.0
2024-10-03 00:00:00-04:00,17.80655445759488,17.80655445759488,17.586720879573157,17.777881622314453,27400,0.0,0.0
2024-10-04 00:00:00-04:00,18.10285332038043,18.1697590316868,17.844786871303924,17.930809020996094,17900,0.0,0.0
2024-10-07 00:00:00-04:00,17.796997598383346,17.930809020996094,17.720533667884077,17.930809020996094,23000,0.0,0.0
2024-10-08 00:00:00-04:00,18.055064386963956,18.20321406763265,17.596280749017453,17.854347229003906,13100,0.0,0.0
2024-10-09 00:00:00-04:00,17.86390685593556,17.940370801614037,17.67274608021723,17.720537185668945,8900,0.0,0.0
2024-10-10 00:00:00-04:00,17.51025949323888,18.150645704583162,17.452911991295217,18.016834259033203,21300,0.0,0.0
2024-10-11 00:00:00-04:00,18.07418025210796,18.51384925842285,17.978599874818283,18.51384925842285,34000,0.0,0.0
2024-10-14 00:00:00-04:00,18.485174713918433,18.824483323526767,18.485174713918433,18.76235580444336,22700,0.0,0.0
2024-10-15 00:00:00-04:00,18.705006298046012,19.029978454135268,18.59031131533444,18.657217025756836,66200,0.0,0.0
2024-10-16 00:00:00-04:00,18.752799924166485,19.861527962907637,18.752799924166485,19.689483642578125,88500,0.0,0.0
2024-10-17 00:00:00-04:00,19.574787809235072,20.061290858584172,19.36451241991144,19.670368194580078,40600,0.0,0.0
2024-10-18 00:00:00-04:00,19.804179465627183,20.47324033409902,19.565229415893555,19.565229415893555,35000,0.0,0.0
2024-10-21 00:00:00-04:00,19.130337603657203,19.154234063575032,18.580753663381994,18.609426498413086,10700,0.0,0.0
2024-10-22 00:00:00-04:00,18.53296480381372,19.001306670645228,18.53296480381372,18.67633628845215,10300,0.0,0.0
2024-10-23 00:00:00-04:00,18.54252217424518,19.106444397301274,18.43260537796056,19.08732795715332,22500,0.0,0.0
2024-10-24 00:00:00-04:00,19.278488655226223,19.51743868723297,18.867494308487565,19.268930435180664,20100,0.0,0.0
2024-10-25 00:00:00-04:00,19.182907283470392,19.182907283470392,18.819704055786133,18.819704055786133,20100,0.0,0.0
2024-10-28 00:00:00-04:00,18.829262464064374,19.517437871174106,18.829262464064374,19.393184661865234,10600,0.0,0.0
2024-10-29 00:00:00-04:00,19.20680336693449,19.593903084161365,19.163792287242618,19.5843448638916,9300,0.0,0.0
2024-10-30 00:00:00-04:00,20.051730428493734,20.129149638801657,19.60346031188965,19.60346031188965,11600,0.0,0.0
2024-10-31 00:00:00-04:00,18.82926334461147,18.93440011954522,17.796999274151236,18.150644302368164,32700,0.0,0.0
2024-11-01 00:00:00-04:00,18.16975902405004,18.40392901352393,18.16975902405004,18.255781173706055,39300,0.0,0.0
2024-11-04 00:00:00-05:00,18.055063247680664,18.30357149164839,17.921251817484197,18.055063247680664,37300,0.0,0.0
2024-11-05 00:00:00-05:00,18.074178958619097,18.27967611701996,18.074178958619097,18.141084671020508,28800,0.0,0.0
2024-11-06 00:00:00-05:00,19.06821416076833,21.59152603149414,18.74802015516284,21.59152603149414,101600,0.0,0.0
2024-11-07 00:00:00-05:00,21.591523414640832,21.591523414640832,20.05746476202442,20.23428726196289,29000,0.0,0.0
2024-11-08 00:00:00-05:00,20.511470744202615,21.104067650906043,20.482797905891317,20.836442947387695,35400,0.0,0.0
2024-11-11 00:00:00-05:00,21.027602461851323,21.505502517802487,20.731304937613928,21.40036392211914,39300,0.0,0.0
2024-11-12 00:00:00-05:00,21.505501756973032,21.562849251205982,21.218762462764317,21.343015670776367,19600,0.0,0.0
2024-11-13 00:00:00-05:00,21.419479326722467,21.419479326722467,20.683512838595053,20.807767868041992,21300,0.0,0.0
2024-11-14 00:00:00-05:00,21.065836498194784,21.065836498194784,20.463681373724995,20.731306076049805,11800,0.0,0.0
2024-11-15 00:00:00-05:00,20.941581168627614,21.132741928100586,20.645283632184206,21.132741928100586,25500,0.0,0.0
2024-11-18 00:00:00-05:00,21.037159775144055,21.037159775144055,20.110034362848904,20.119590759277344,12700,0.0,0.0
2024-11-19 00:00:00-05:00,19.78506112469101,20.272517530155962,19.78506112469101,20.24862289428711,15900,0.0,0.0
2024-11-20 00:00:00-05:00,20.071801578370774,20.68351304309943,19.923651910425065,20.587934494018555,49400,0.0,0.0
2024-11-21 00:00:00-05:00,20.578378526484663,21.027603954675,20.578378526484663,20.759979248046875,26600,0.0,0.0
2024-11-22 00:00:00-05:00,20.78865314838266,21.371691820056242,20.75997848774419,21.314342498779297,21900,0.0,0.0
2024-11-25 00:00:00-05:00,21.5724076318958,21.983401960230626,21.304784774780273,21.304784774780273,36000,0.0,0.0
2024-11-26 00:00:00-05:00,21.08494871603404,21.08494871603404,20.425447990263223,20.55925941467285,23800,0.0,0.0
2024-11-27 00:00:00-05:00,20.77909259751402,20.912904019396603,20.51146793070496,20.673954010009766,20900,0.0,0.0
2024-11-29 00:00:00-05:00,20.808828192160696,20.962967510529726,20.664322810875436,20.789560317993164,16900,0.17,0.0
2024-12-02 00:00:00-05:00,20.83772633605445,21.02076744960096,20.57279952071517,20.799192428588867,25500,0.0,0.0
2024-12-03 00:00:00-05:00,20.673957542856037,20.808830841716354,20.37531280517578,20.37531280517578,20600,0.0,0.0
2024-12-04 00:00:00-05:00,20.55835263080765,20.962968826293945,20.55835263080765,20.962968826293945,35700,0.0,0.0
2024-12-05 00:00:00-05:00,20.86663185436353,21.271248060853367,20.673956770326168,21.0400390625,25800,0.0,0.0
2024-12-06 00:00:00-05:00,21.06893689255819,21.261610102678404,20.712488605733373,21.020767211914062,18600,0.0,0.0
2024-12-09 00:00:00-05:00,21.32904885100678,21.3868524759992,20.77992727597869,20.905166625976562,16000,0.0,0.0
2024-12-10 00:00:00-05:00,20.885899082274477,21.28088133855945,20.722125817169555,20.95333480834961,29300,0.0,0.0
2024-12-11 00:00:00-05:00,21.232711548474054,21.382032974720346,21.097838271156863,21.20380973815918,39500,0.0,0.0
2024-12-12 00:00:00-05:00,21.290513760871562,21.290513760871562,20.866629721801623,21.01113510131836,20800,0.0,0.0
2024-12-13 00:00:00-05:00,20.808829008363094,21.068939807370487,20.794377183427784,20.895532608032227,31000,0.0,0.0
2024-12-16 00:00:00-05:00,20.808829195012187,21.589159761548004,20.664323806762695,20.664323806762695,46900,0.0,0.0
2024-12-17 00:00:00-05:00,20.413846969604492,20.413846969604492,20.230805830923945,20.413846969604492,24800,0.0,0.0
2024-12-18 00:00:00-05:00,20.423480965200145,20.49091669083047,19.15182876586914,19.15182876586914,67700,0.0,0.0
2024-12-19 00:00:00-05:00,19.344504419090384,19.758754560289983,18.93988821576587,19.228899002075195,30900,0.0,0.0
2024-12-20 00:00:00-05:00,18.785748650045957,20.702858163577996,18.785748650045957,20.471649169921875,196400,0.0,0.0
2024-12-23 00:00:00-05:00,20.327143302510304,20.587254103338797,19.171096523818594,19.383039474487305,29700,0.0,0.0
2024-12-24 00:00:00-05:00,19.373406515744975,19.517911911010742,19.281885023337548,19.517911911010742,11500,0.0,0.0
2024-12-26 00:00:00-05:00,19.479373663676984,19.989961288195577,19.363770097267285,19.94179344177246,27700,0.0,0.0
2024-12-27 00:00:00-05:00,19.70094971735562,19.97069258611118,19.43602106056286,19.8358211517334,67600,0.0,0.0
2024-12-30 00:00:00-05:00,19.691316777974706,20.384943695232575,19.402304184336412,19.720216751098633,83800,0.0,0.0
2024-12-31 00:00:00-05:00,19.72021657076368,19.94179344177246,19.594979067572243,19.94179344177246,47600,0.0,0.0
2025-01-02 00:00:00-05:00,20.221171406668752,20.221171406668752,19.315601510108117,19.334869384765625,58600,0.0,0.0
2025-01-03 00:00:00-05:00,19.334870008630887,19.787655890263775,19.238532469720546,19.67205047607422,23400,0.0,0.0
2025-01-06 00:00:00-05:00,19.70094995942655,20.018862513998656,19.556442749405637,19.614246368408203,45400,0.0,0.0
2025-01-07 00:00:00-05:00,19.749119524135278,19.749119524135278,18.959155037167573,19.084392547607422,25500,0.0,0.0
2025-01-08 00:00:00-05:00,18.77611328215952,19.074757979865907,18.07285241700213,18.23662567138672,61100,0.0,0.0
2025-01-10 00:00:00-05:00,17.89944467165473,18.04395004752539,17.21063381460286,17.408124923706055,111100,0.0,0.0
2025-01-13 00:00:00-05:00,17.24435294806931,17.83201026916504,17.24435294806931,17.83201026916504,21100,0.0,0.0
2025-01-14 00:00:00-05:00,17.91871513061655,18.323331343928356,17.716406105217743,18.255895614624023,46400,0.0,0.0
2025-01-15 00:00:00-05:00,18.89172222868622,19.469743858361632,18.323332700350907,19.219268798828125,44400,0.0,0.0
2025-01-16 00:00:00-05:00,19.238532919381274,19.238532919381274,18.487104140786116,18.70867919921875,37600,0.0,0.0
2025-01-17 00:00:00-05:00,18.891718581209584,18.891718581209584,18.477468479099596,18.72794532775879,32900,0.0,0.0
2025-01-21 00:00:00-05:00,18.824284342542924,18.978423671167807,18.40040027008162,18.930253982543945,28800,0.0,0.0
2025-01-22 00:00:00-05:00,18.891720388705128,19.04585971993745,18.70867924380958,18.96879005432129,28200,0.0,0.0
2025-01-23 00:00:00-05:00,18.785748703666545,19.23853275451646,18.45820216901401,18.689411163330078,39100,0.0,0.0
2025-01-24 00:00:00-05:00,18.689410325168016,18.935071133883163,18.400399554605603,18.83391571044922,26800,0.0,0.0
2025-01-27 00:00:00-05:00,18.747210536885017,19.52754285932429,18.554537318524545,19.122926712036133,45100,0.0,0.0
2025-01-28 00:00:00-05:00,18.9206177196493,19.257798148637015,18.800196269116938,19.122926712036133,28300,0.0,0.0
2025-01-29 00:00:00-05:00,18.99768885801525,19.498642572345744,18.780931700118895,19.065126419067383,32500,0.0,0.0
2025-01-30 00:00:00-05:00,19.142198324056846,19.320421591160155,18.882087499104422,19.113296508789062,20600,0.0,0.0
2025-01-31 00:00:00-05:00,19.099806979750404,19.12292806158305,18.68459402421048,18.795381546020508,17200,0.0,0.0
2025-02-03 00:00:00-05:00,18.294428576897232,18.766480494931006,18.284794639286048,18.64124298095703,51700,0.0,0.0
2025-02-04 00:00:00-05:00,18.58344100672731,19.045858982520393,18.447604876500954,18.872451782226562,38200,0.0,0.0
2025-02-05 00:00:00-05:00,18.679776387817846,18.83391571044922,18.55453887723698,18.83391571044922,27500,0.0,0.0
2025-02-06 00:00:00-05:00,18.862818255956274,18.968789733443035,18.70867892733139,18.930253982543945,50100,0.0,0.0
2025-02-07 00:00:00-05:00,18.795383890786947,19.190366178683945,18.60270879730681,19.113296508789062,19700,0.0,0.0
2025-02-10 00:00:00-05:00,19.81655452636542,19.81655452636542,19.171095448021887,19.74911880493164,27800,0.0,0.0
2025-02-11 00:00:00-05:00,19.60461317479601,20.028497209449785,19.34450239188445,19.970693588256836,29100,0.0,0.0
2025-02-12 00:00:00-05:00,19.53718143014398,19.643151082258637,19.151831227045776,19.219268798828125,19200,0.0,0.0
2025-02-13 00:00:00-05:00,19.3445028256705,19.3830385739966,18.973604516717025,19.267433166503906,21500,0.0,0.0
2025-02-14 00:00:00-05:00,20.02849868295458,20.02849868295458,19.11329482574224,19.402305603027344,27000,0.0,0.0
2025-02-18 00:00:00-05:00,19.267436124880884,19.63833449078315,19.267436124880884,19.411941528320312,20000,0.0,0.0
2025-02-19 00:00:00-05:00,19.18072959990538,19.681683304005404,18.540088401621343,18.7664794921875,39800,0.0,0.0
2025-02-20 00:00:00-05:00,18.525637179213753,18.525637179213753,17.899445947483812,18.332963943481445,15200,0.0,0.0
2025-02-21 00:00:00-05:00,18.650874421550338,18.650874421550338,18.005415387902065,18.31369400024414,30000,0.0,0.0
2025-02-24 00:00:00-05:00,18.487103956906218,18.51600393272734,18.169191360473633,18.169191360473633,20600,0.0,0.0
2025-02-25 00:00:00-05:00,18.342596309654503,18.756844557862802,18.28479269014919,18.38113021850586,35100,0.0,0.0
2025-02-26 00:00:00-05:00,18.438932590516405,18.438932590516405,17.768426752673154,18.20772361755371,26800,0.0,0.0
2025-02-27 00:00:00-05:00,18.35223061664589,18.35223061664589,17.860912654140613,17.909080505371094,15900,0.0,0.0
2025-02-28 00:00:00-05:00,18.157006613738645,18.278539460830455,17.928526122228018,17.97713851928711,39000,0.17,0.0
2025-03-03 00:00:00-05:00,17.724350141196247,18.200758683735295,17.520175846298407,17.841022491455078,37600,0.0,0.0
2025-03-04 00:00:00-05:00,17.500729983608217,17.714627126919115,17.218772888183594,17.218772888183594,29000,0.0,0.0
2025-03-05 00:00:00-05:00,17.393780569671343,17.393780569671343,16.927094879562695,17.150714874267578,23600,0.0,0.0
2025-03-06 00:00:00-05:00,17.01459976456198,17.2382197735439,16.859037857927234,17.140993118286133,18700,0.0,0.0
2025-03-07 00:00:00-05:00,16.888206047106827,17.354891756959784,16.81042509546467,17.228496551513672,17600,0.0,0.0
2025-03-10 00:00:00-04:00,17.014598943570228,17.063211341631355,16.34373709455082,16.440963745117188,34400,0.0,0.0
2025-03-11 00:00:00-04:00,16.606248659529832,17.0914083340149,16.557636260986328,16.557636260986328,78000,0.0,0.0
2025-03-12 00:00:00-04:00,16.54791184139876,17.2382174783747,16.431239499734847,16.975706100463867,36300,0.0,0.0
2025-03-13 00:00:00-04:00,16.87848237083766,17.082656663495822,16.343736731813003,16.528467178344727,17700,0.0,0.0
2025-03-14 00:00:00-04:00,16.737503823367554,16.917371917534613,16.528467178344727,16.528467178344727,68100,0.0,0.0
2025-03-17 00:00:00-04:00,16.547914114320953,17.247942697124277,16.392352207031326,16.888206481933594,54400,0.0,0.0
2025-03-18 00:00:00-04:00,16.620831752901907,16.81042455497528,16.460409356617184,16.761810302734375,38400,0.0,0.0
2025-03-19 00:00:00-04:00,16.88820601385008,17.53962217798694,16.810425062361087,17.29655647277832,27400,0.0,0.0
2025-03-20 00:00:00-04:00,17.155577112641193,17.35002855500535,17.03404426574707,17.03404426574707,22000,0.0,0.0
2025-03-21 00:00:00-04:00,16.839589792731957,17.160436411944282,16.771531699936002,16.85903549194336,45200,0.0,0.0
2025-03-24 00:00:00-04:00,17.189606883108187,17.364614486694336,16.95626402980804,17.364614486694336,22800,0.0,0.0
2025-03-25 00:00:00-04:00,17.452117641803934,17.452117641803934,16.95626340149831,16.965986251831055,16500,0.0,0.0
2025-03-26 00:00:00-04:00,17.131269840830402,17.131269840830402,16.849312763568257,16.975706100463867,9900,0.0,0.0
2025-03-27 00:00:00-04:00,16.97570796163655,17.359752220932766,16.97570796163655,17.29655647277832,22200,0.0,0.0
2025-03-28 00:00:00-04:00,17.01459811496582,17.01459811496582,16.75208672755407,16.936817169189453,19300,0.0,0.0
2025-03-31 00:00:00-04:00,16.741393596985308,17.22849674250252,16.674307224103075,16.83959197998047,45500,0.0,0.0
2025-04-01 00:00:00-04:00,16.761811115145026,16.956264424645187,16.654861609475514,16.771533966064453,23400,0.0,0.0
2025-04-02 00:00:00-04:00,16.54791340201942,17.014599103799913,16.518744850241593,16.8104248046875,20300,0.0,0.0
2025-04-03 00:00:00-04:00,16.29512586809746,16.29512586809746,15.604818268443342,15.799271583557129,39600,0.0,0.0
2025-04-04 00:00:00-04:00,15.429810485166762,16.081227560896163,15.400642860863734,15.935386657714844,47000,0.0,0.0
2025-04-07 00:00:00-04:00,15.51731429141663,16.59652566327482,15.410365717448649,15.682598114013672,58000,0.0,0.0
2025-04-08 00:00:00-04:00,16.090948215474313,16.479854809778868,15.585372980877732,15.896496772766113,30700,0.0,0.0
2025-04-09 00:00:00-04:00,15.682598955638134,17.09238083001413,15.458978945189154,16.38262939453125,34500,0.0,0.0
2025-04-10 00:00:00-04:00,16.061780602522614,16.061780602522614,15.410364505009774,15.702042579650879,16800,0.0,0.0
2025-04-11 00:00:00-04:00,16.30484745150515,16.30484745150515,15.361752284533814,15.439533233642578,19600,0.0,0.0
2025-04-14 00:00:00-04:00,15.65343079448265,16.265955516841814,15.157576564742355,15.410365104675293,21800,0.0,0.0
2025-04-15 00:00:00-04:00,15.468701522579364,15.760379630662186,15.468701522579364,15.585373878479004,16200,0.0,0.0
2025-04-16 00:00:00-04:00,15.565926995877604,15.847882231708477,15.283970832824707,15.283970832824707,23900,0.0,0.0
2025-04-17 00:00:00-04:00,15.283970974114478,16.34373661247422,15.283970974114478,15.400642395019531,24900,0.0,0.0
2025-04-21 00:00:00-04:00,15.22563515998245,15.585373208638051,15.15271563609574,15.439533233642578,14900,0.0,0.0
2025-04-22 00:00:00-04:00,15.643709066605293,16.29512523619806,15.580511463477379,16.217344284057617,17300,0.0,0.0
2025-04-23 00:00:00-04:00,16.606247839944206,16.606247839944206,16.090947910372183,16.295124053955078,92200,0.0,0.0
2025-04-24 00:00:00-04:00,15.925661849119617,16.353457946668726,15.682596179628241,16.2562313079834,29100,0.0,0.0
2025-04-25 00:00:00-04:00,16.05205711192824,16.28539993321416,15.828437140001386,16.188173294067383,21300,0.0,0.0
2025-04-28 00:00:00-04:00,16.27567851983775,16.810424155102996,15.939274949220371,16.159008026123047,18800,0.0,0.0
2025-04-29 00:00:00-04:00,16.061783530854818,16.78125785332654,16.042337827815075,16.57708168029785,21500,0.0,0.0
2025-04-30 00:00:00-04:00,16.32429388035844,16.684030090612,16.13956342257072,16.586803436279297,18700,0.0,0.0
2025-05-01 00:00:00-04:00,16.761809496918524,17.42294846005806,16.28540097452539,17.00487518310547,27500,0.0,0.0
2025-05-02 00:00:00-04:00,16.9076487110361,17.510452434913503,16.9076487110361,17.37433624267578,9200,0.0,0.0
2025-05-05 00:00:00-04:00,17.413226885715307,17.621291810768913,17.257664983515212,17.364614486694336,31000,0.0,0.0
2025-05-06 00:00:00-04:00,17.364614945864382,17.384058793320428,16.936818776279882,17.20905303955078,12900,0.0,0.0
2025-05-07 00:00:00-04:00,17.286831822287105,17.403502310151826,16.92709380007561,17.160436630249023,16800,0.0,0.0
2025-05-08 00:00:00-04:00,17.18960759873037,17.695184729150494,16.650001416690067,17.44239616394043,20500,0.0,0.0
2025-05-09 00:00:00-04:00,16.995154285662867,17.690322376379477,16.995154285662867,17.44239616394043,14000,0.0,0.0
2025-05-12 00:00:00-04:00,18.453548724700905,18.70147679365811,17.967417292409873,17.996585845947266,23300,0.0,0.0
2025-05-13 00:00:00-04:00,18.336877104135922,18.716059004837785,17.792408597886322,18.00630760192871,12200,0.0,0.0
2025-05-14 00:00:00-04:00,17.99658312497765,18.113253612598882,17.7486550935056,17.986860275268555,14700,0.0,0.0
2025-05-15 00:00:00-04:00,18.0111692981713,18.147287361010854,17.646570721874536,18.113256454467773,18400,0.0,0.0
2025-05-16 00:00:00-04:00,18.064642202446752,18.122977449434785,17.806993161675877,17.8604679107666,25700,0.0,0.0
2025-05-19 00:00:00-04:00,17.63684703348398,18.453547953978497,16.771533713568385,18.424381256103516,40400,0.0,0.0
2025-05-20 00:00:00-04:00,18.191034598322737,19.07579537947772,18.191034598322737,18.74522590637207,20600,0.0,0.0
2025-05-21 00:00:00-04:00,18.49243910740765,18.95426431344958,18.327154355385616,18.37576675415039,61600,0.0,0.0
2025-05-22 00:00:00-04:00,18.327151819485433,18.618829880603315,18.327151819485433,18.48271369934082,22800,0.0,0.0
2025-05-23 00:00:00-04:00,18.278538126560367,18.62855329405698,18.278538126560367,18.443822860717773,91000,0.0,0.0
2025-05-27 00:00:00-04:00,18.89106674841355,19.396643856109343,18.51188484486378,19.284832000732422,22800,0.0,0.0
2025-05-28 00:00:00-04:00,19.299417224107998,19.33830677234761,19.05635152066695,19.06607437133789,33500,0.0,0.0
2025-05-29 00:00:00-04:00,19.12440800002312,19.309138438225784,19.0077356563046,19.299415588378906,23400,0.0,0.0
2025-05-30 00:00:00-04:00,19.38767585404966,19.38767585404966,19.18173599243164,19.18173599243164,53500,0.17,0.0
2025-06-02 00:00:00-04:00,19.132704336584254,19.132704336584254,18.676696631225013,18.838504791259766,75700,0.0,0.0
2025-06-03 00:00:00-04:00,18.82869894354749,19.25038175902544,18.735534916838628,19.103282928466797,77000,0.0,0.0
2025-06-04 00:00:00-04:00,18.92676446781079,19.41709517288841,18.838504791259766,18.838504791259766,25600,0.0,0.0
2025-06-05 00:00:00-04:00,18.80908569102551,18.90224784936974,18.593338988914212,18.681598663330078,31200,0.0,0.0
2025-06-06 00:00:00-04:00,19.015024668746424,19.57400138867591,19.010122184564256,19.34844970703125,32000,0.0,0.0
2025-06-09 00:00:00-04:00,19.603420134617686,19.7211003194568,19.33864112157699,19.475934982299805,43600,0.0,0.0
2025-06-10 00:00:00-04:00,19.466129009499127,19.902523029759323,19.466129009499127,19.61322784423828,40800,0.0,0.0
2025-06-11 00:00:00-04:00,19.623034617261546,19.971168961426155,19.623034617261546,19.83877944946289,78900,0.0,0.0
2025-06-12 00:00:00-04:00,19.613226913824313,20.211430933244138,19.613226913824313,20.103557586669922,27500,0.0,0.0
2025-06-13 00:00:00-04:00,19.858392535340545,20.348723215225498,19.760326025270935,19.956459045410156,49100,0.0,0.0
2025-06-16 00:00:00-04:00,20.2016255986848,20.94692850132922,19.985878889481047,20.123172760009766,51900,0.0,0.0
2025-06-17 00:00:00-04:00,19.97607354417055,20.24085070066051,19.868200191605233,19.917232513427734,49100,0.0,0.0
2025-06-18 00:00:00-04:00,19.966264679718392,20.40756114273169,19.917230492408255,20.191816329956055,51500,0.0,0.0
2025-06-20 00:00:00-04:00,20.358530592691345,20.549759263639107,19.946652735856485,20.0643310546875,163400,0.0,0.0
2025-06-23 00:00:00-04:00,20.015299992437242,20.73118240015096,20.015299992437242,20.584083557128906,41100,0.0,0.0
2025-06-24 00:00:00-04:00,20.554662593610477,21.368613372933098,20.554662593610477,21.005767822265625,40200,0.0,0.0
2025-06-25 00:00:00-04:00,21.054798983826746,21.260738844591028,20.986152987059693,21.015573501586914,40800,0.0,0.0
2025-06-26 00:00:00-04:00,21.13325005202008,21.574548380719996,21.084217735703632,21.545127868652344,49400,0.0,0.0
2025-06-27 00:00:00-04:00,21.62358310954071,22.069783971468908,21.62358310954071,21.878555297851562,87100,0.0,0.0
2025-06-30 00:00:00-04:00,22.153140381917055,22.28062553634562,21.986427875071634,22.094301223754883,50000,0.0,0.0
2025-07-01 00:00:00-04:00,21.99623565969481,23.055349904504208,21.99623565969481,22.761150360107422,27000,0.0,0.0
2025-07-02 00:00:00-04:00,22.839605406124853,23.0435812909121,22.633665534954844,22.790571212768555,21900,0.0,0.0
2025-07-03 00:00:00-04:00,23.006314519556824,23.09457419125543,22.888636204267417,22.996509552001953,13500,0.0,0.0
2025-07-07 00:00:00-04:00,22.849408641377465,23.168124327399944,22.408112157419126,22.692502975463867,46800,0.0,0.0
2025-07-08 00:00:00-04:00,23.045541763305664,23.148510756315673,22.84940874479442,23.045541763305664,48500,0.0,0.0
2025-07-09 00:00:00-04:00,23.23186911236071,23.23186911236071,22.761150218350146,23.035736083984375,24900,0.0,0.0
2025-07-10 00:00:00-04:00,22.97689789236677,23.2318700918204,22.97689789236677,23.12399673461914,17600,0.0,0.0
2025-07-11 00:00:00-04:00,22.76115005952186,22.947476248132865,22.56501890297732,22.731731414794922,41400,0.0,0.0
2025-07-14 00:00:00-04:00,22.967091049796032,23.452519286660408,22.967091049796032,23.413291931152344,80600,0.0,0.0
2025-07-15 00:00:00-04:00,23.418193619900336,23.43780729698814,22.751345433083774,22.93766975402832,56800,0.0,0.0
2025-07-16 00:00:00-04:00,22.94747489916844,23.202447071104686,22.408111912298384,22.839603424072266,210500,0.0,0.0
2025-07-17 00:00:00-04:00,22.780762799831923,23.673164482151666,22.726826126098903,23.222061157226562,565600,0.0,0.0
2025-07-18 00:00:00-04:00,23.4770343821979,24.212530430395525,22.918057684841813,24.065431594848633,101900,0.0,0.0
2025-07-21 00:00:00-04:00,24.251754869020996,24.63911655329741,24.104656039810344,24.202722549438477,51100,0.0,0.0
2025-07-22 00:00:00-04:00,24.45769503084329,24.487113674773894,24.13897933819886,24.232141494750977,33300,0.0,0.0
2025-07-23 00:00:00-04:00,24.467503605172205,24.53614960649885,24.16349721292099,24.330209732055664,30200,0.0,0.0
2025-07-24 00:00:00-04:00,24.01639544538045,24.23214026190204,23.24167397705877,23.26128578186035,40800,0.0,0.0
2025-07-25 00:00:00-04:00,23.27109474950436,23.378968102870353,22.751345400660636,23.163223266601562,47400,0.0,0.0
2025-07-28 00:00:00-04:00,23.241676250163646,23.467227926377163,22.84450770429473,22.88863754272461,23000,0.0,0.0
2025-07-29 00:00:00-04:00,23.27109438827756,23.63884241035703,21.71282461818555,22.555212020874023,46600,0.0,0.0
2025-07-30 00:00:00-04:00,22.525792099681112,22.96807060872217,21.966815390655825,22.261014938354492,164400,0.0,0.0
2025-07-31 00:00:00-04:00,22.074687894436284,22.47675891071181,22.074687894436284,22.30023956298828,68100,0.0,0.0
2025-08-01 00:00:00-04:00,22.025653904500686,22.123720417517283,21.80010223388672,21.80010223388672,68200,0.0,0.0
2025-08-04 00:00:00-04:00,22.064882056474925,22.594440123652674,22.055075217772018,22.565019607543945,70400,0.0,0.0
2025-08-05 00:00:00-04:00,22.56502008824558,23.02593029432171,22.466953569590608,22.89844512939453,80800,0.0,0.0
2025-08-06 00:00:00-04:00,22.996509559407073,22.996509559407073,22.574824876814198,22.594438552856445,32600,0.0,0.0
2025-08-07 00:00:00-04:00,22.790570235928957,22.878829909724125,22.555211729296225,22.70231056213379,150200,0.0,0.0
2025-08-08 00:00:00-04:00,22.88863592164317,23.02592791127326,22.682696066734966,22.74153709411621,59800,0.0,0.0
2025-08-11 00:00:00-04:00,22.800376892089844,22.9523800780705,22.672891736772257,22.800376892089844,67200,0.0,0.0
2025-08-12 00:00:00-04:00,23.065156976236235,23.477034846185568,23.065156976236235,23.241676330566406,59200,0.0,0.0
2025-08-13 00:00:00-04:00,23.44761405997974,23.496646382078062,22.92296035758229,22.986703872680664,43500,0.0,0.0
2025-08-14 00:00:00-04:00,22.663083467917513,23.114186772601105,22.663083467917513,22.9572811126709,38400,0.0,0.0
2025-08-15 00:00:00-04:00,23.045542371663956,23.045542371663956,22.506179362214525,22.52579116821289,35500,0.0,0.0
2025-08-18 00:00:00-04:00,22.4669521186307,22.643471466717035,22.42282228160912,22.47675895690918,62400,0.0,0.0
2025-08-19 00:00:00-04:00,22.44733807420076,22.751344444462042,22.40811259219283,22.56011390686035,71200,0.0,0.0
2025-08-20 00:00:00-04:00,22.555211910991275,22.697408261080422,22.47675907481505,22.604244232177734,53300,0.0,0.0
2025-08-21 00:00:00-04:00,22.49637222290039,22.75134440209809,22.42772622666699,22.49637222290039,56100,0.0,0.0
2025-08-22 00:00:00-04:00,22.64347353083849,23.732008362956854,22.457147327488656,23.53587532043457,62900,0.0,0.0
2025-08-25 00:00:00-04:00,23.820265883725714,23.83007085154519,23.34954699847534,23.457420349121094,28300,0.0,0.0
2025-08-26 00:00:00-04:00,23.540776419561517,23.75161877320405,23.447614258600268,23.467227935791016,22500,0.0,0.0
2025-08-27 00:00:00-04:00,23.50645341970931,23.80555545024701,23.349547743109728,23.467227935791016,20200,0.0,0.0
2025-08-28 00:00:00-04:00,23.526066869910352,23.687876899478006,23.339740679322404,23.388774871826172,24300,0.0,0.0
2025-08-29 00:00:00-04:00,23.517174277966742,24.14930457520315,23.309757848797098,24.099918365478516,40600,0.17,0.0
2025-09-02 00:00:00-04:00,23.84311733519644,23.94188787741814,23.615946406810508,23.7048397064209,31900,0.0,0.0
2025-09-03 00:00:00-04:00,23.615943592918786,23.73446860624059,23.438157014881668,23.69495964050293,22500,0.0,0.0
2025-09-04 00:00:00-04:00,23.70483972209859,24.045596114902853,23.660393072264,23.932010650634766,25500,0.0,0.0
2025-09-05 00:00:00-04:00,24.070289994537664,24.070289994537664,23.391738690972335,23.744348526000977,21600,0.0,0.0
2025-09-08 00:00:00-04:00,23.704837725290666,24.025841489710473,23.507296657356747,23.724592208862305,15400,0.0,0.0
2025-09-09 00:00:00-04:00,23.724594175649113,23.892503532145383,23.290004920501456,23.47766876220703,34000,0.0,0.0
2025-09-10 00:00:00-04:00,23.45791346000134,23.803609403558575,23.45791346000134,23.675207138061523,30600,0.0,0.0
2025-09-11 00:00:00-04:00,23.714715318134598,23.951763472829672,23.635699266569574,23.87274742126465,16700,0.0,0.0
2025-09-12 00:00:00-04:00,24.05053296902502,24.11967177567049,23.606066520745298,23.655452728271484,15900,0.0,0.0
2025-09-15 00:00:00-04:00,23.72459283355348,24.144365259102017,23.72459283355348,24.04065704345703,23000,0.0,0.0
2025-09-16 00:00:00-04:00,24.011024401549328,24.09498001379178,23.586312429230528,24.030778884887695,24300,0.0,0.0
2025-09-17 00:00:00-04:00,24.139427580024712,24.574014926696446,23.783854401937575,24.04065704345703,46600,0.0,0.0
2025-09-18 00:00:00-04:00,24.178933949853977,24.29745896701116,23.917193636991378,24.218442916870117,88900,0.0,0.0
2025-09-19 00:00:00-04:00,24.25795179287344,24.25795179287344,23.852994270484224,24.01102638244629,67100,0.0,0.0
2025-09-22 00:00:00-04:00,24.011026896856343,24.223382905084495,23.902380994986913,24.119674682617188,17100,0.0,0.0
2025-09-23 00:00:00-04:00,24.149305568364635,24.292520872727746,23.912255519720045,24.090042114257812,19900,0.0,0.0
2025-09-24 00:00:00-04:00,24.178935237904597,24.307337503656008,23.862871020503178,23.902379989624023,11600,0.0,0.0
2025-09-25 00:00:00-04:00,24.070290045597357,24.514754657876733,23.94682733931563,24.425861358642578,23600,0.0,0.0
2025-09-26 00:00:00-04:00,24.504874647822177,24.70241570911998,24.317212711869566,24.64315414428711,19200,0.0,0.0
2025-09-29 00:00:00-04:00,24.80118723675197,24.811064478603036,24.40116741929456,24.633277893066406,27000,0.0,0.0
2025-09-30 00:00:00-04:00,24.66290724610223,24.830816586461143,24.341905369813073,24.751800537109375,26400,0.0,0.0
2025-10-01 00:00:00-04:00,24.583892500946767,25.19132876579311,24.524630931761866,25.137006759643555,43900,0.0,0.0
2025-10-02 00:00:00-04:00,25.18639106398717,25.660487384822424,24.79624847576404,25.611103057861328,67500,0.0,0.0
2025-10-03 00:00:00-04:00,25.759256790735808,26.035813907683032,25.625916853130427,25.887657165527344,25100,0.0,0.0
2025-10-06 00:00:00-04:00,26.154338365113475,26.376571605708985,25.828396906870502,26.272863388061523,55400,0.0,0.0
2025-10-07 00:00:00-04:00,26.519787336682324,26.885235859921654,26.351877995658754,26.628433227539062,65700,0.0,0.0
2025-10-08 00:00:00-04:00,26.83585217982313,26.83585217982313,26.470401763916016,26.470401763916016,17000,0.0,0.0
2025-10-09 00:00:00-04:00,26.539543376126893,26.539543376126893,26.32224781389058,26.48027992248535,27900,0.0,0.0
2025-10-10 00:00:00-04:00,26.53954332800502,26.707452678568927,26.025938034057617,26.025938034057617,64400,0.0,0.0
2025-10-13 00:00:00-04:00,26.2531078227381,26.2531078227381,25.393806622443652,25.82839584350586,43700,0.0,0.0
2025-10-14 00:00:00-04:00,25.69011993561503,26.66300665587299,25.630858364582014,26.342002868652344,38000,0.0,0.0
2025-10-15 00:00:00-04:00,26.450649484412597,26.613619268531654,26.055567337923733,26.391386032104492,34900,0.0,0.0
2025-10-16 00:00:00-04:00,26.21360177037954,26.21360177037954,25.216022913009915,25.344423294067383,46100,0.0,0.0
2025-10-17 00:00:00-04:00,25.433317706725312,25.70987484931003,24.682664220188006,24.840696334838867,59000,0.0,0.0
2025-10-20 00:00:00-04:00,24.899955840453536,25.453070079720924,24.899955840453536,25.354299545288086,25300,0.0,0.0
2025-10-21 00:00:00-04:00,25.334545777878905,25.482700641771153,25.008604323759435,25.176513671875,29000,0.0,0.0
2025-10-22 00:00:00-04:00,25.166636139537484,25.59134812598437,25.166636139537484,25.48270034790039,26600,0.0,0.0
2025-10-23 00:00:00-04:00,25.57159441133814,25.601226138222895,25.275284678055932,25.532087326049805,31900,0.0,0.0
2025-10-24 00:00:00-04:00,25.798767402524017,26.63732512177702,25.690119620387158,26.421018600463867,13800,0.0,0.0
2025-10-27 00:00:00-04:00,26.480280356688322,26.658066952745482,25.872844076087276,25.907413482666016,17800,0.0,0.0
2025-10-28 00:00:00-04:00,25.91728945629212,27.03339330628136,25.680241301117984,26.697574615478516,32500,0.0,0.0
2025-10-29 00:00:00-04:00,26.56917263857059,27.151916732741217,25.680241576173607,25.91728973388672,29500,0.0,0.0
2025-10-30 00:00:00-04:00,26.17409314970938,26.396326392853105,25.72962666342192,25.966676712036133,43500,0.0,0.0
2025-10-31 00:00:00-04:00,25.877783400367395,26.292618159374214,25.23577583522275,25.26540756225586,70500,0.0,0.0
2025-11-03 00:00:00-05:00,25.206145305686743,25.986428590730462,24.811065042127186,25.670364379882812,35100,0.0,0.0
2025-11-04 00:00:00-05:00,25.581471998064444,25.897536220192006,25.39874772287658,25.68024253845215,32700,0.0,0.0
2025-11-05 00:00:00-05:00,25.680241487172722,26.41114044189453,25.591348192851974,26.41114044189453,45300,0.0,0.0
2025-11-06 00:00:00-05:00,26.025938303944884,26.480280149069696,26.016061061586775,26.19384765625,24200,0.0,0.0
2025-11-07 00:00:00-05:00,26.154338761687196,26.45657521992332,25.867906268047555,26.17409324645996,29900,0.0,0.0
2025-11-10 00:00:00-05:00,26.174092255668175,26.401263170281574,26.055567235409587,26.183969497680664,32000,0.0,0.0
2025-11-11 00:00:00-05:00,26.183970339050415,26.307433042336832,25.958773735268494,26.21360206604004,34500,0.0,0.0
2025-11-12 00:00:00-05:00,26.2136014707179,26.297555202778195,25.83629948818556,26.12470817565918,32100,0.0,0.0
2025-11-13 00:00:00-05:00,26.075322781243692,26.24323213451085,25.966676882464725,26.154338836669922,18900,0.0,0.0
2025-11-14 00:00:00-05:00,26.045691130527455,26.134582538308663,25.47282429746684,26.011119842529297,21500,0.0,0.0
2025-11-17 00:00:00-05:00,26.055567242235,26.055567242235,25.201205588789357,25.235774993896484,25700,0.0,0.0
2025-11-18 00:00:00-05:00,25.206145992080987,25.704934485177933,25.196268749736614,25.26540756225586,53700,0.0,0.0
2025-11-19 00:00:00-05:00,25.83333472654154,25.83333472654154,25.23577385684708,25.285160064697266,69000,0.0,0.0
2025-11-20 00:00:00-05:00,25.56171682086033,25.683205203930797,25.186391038222524,25.38393211364746,34100,0.0,0.0
2025-11-21 00:00:00-05:00,25.37405531362829,25.82839715757468,25.37405531362829,25.739503860473633,49700,0.0,0.0
2025-11-24 00:00:00-05:00,25.601225323937,25.788889153788848,25.472824945969705,25.729625701904297,77100,0.0,0.0
2025-11-25 00:00:00-05:00,25.788888406312438,26.682757114913045,25.788888406312438,26.628433227539062,83800,0.0,0.0
2025-11-26 00:00:00-05:00,26.618557722810593,26.786467062907363,26.603740918405055,26.66794204711914,71100,0.0,0.0
2025-11-28 00:00:00-05:00,26.816098572890073,26.816098572890073,26.421018302159414,26.727205276489258,32600,0.0,0.0
2025-12-01 00:00:00-05:00,26.687447519458484,27.144661718767594,26.66756814667078,26.975690841674805,140200,0.17,0.0
2025-12-02 00:00:00-05:00,26.96575164966121,27.149633007616654,26.6973876953125,26.6973876953125,67900,0.0,0.0
2025-12-03 00:00:00-05:00,26.69738791525125,27.19436087334125,26.637749795303453,27.114845275878906,107100,0.0,0.0
2025-12-04 00:00:00-05:00,27.03532840384073,27.154600846510476,25.842592602335497,27.025388717651367,97900,0.0,0.0
2025-12-05 00:00:00-05:00,26.935934484024237,27.303693408309037,26.886236051146987,26.96575164794922,93300,0.0,0.0
2025-12-08 00:00:00-05:00,27.114844679065612,27.134722156142644,26.359445571899414,26.359445571899414,64400,0.0,0.0
2025-12-09 00:00:00-05:00,26.52841568960548,27.08502484364127,26.52841568960548,26.79677963256836,86400,0.0,0.0
2025-12-10 00:00:00-05:00,27.0651463876533,28.27776159832304,26.83653928576687,28.198246002197266,209800,0.0,0.0
2025-12-11 00:00:00-05:00,28.12866789119826,28.546125240274055,27.343451624961247,27.820545196533203,84100,0.0,0.0
2025-12-12 00:00:00-05:00,27.820544978927057,28.049152076542008,27.373270470002332,27.67145347595215,57500,0.0,0.0
2025-12-15 00:00:00-05:00,27.69133263731698,28.0392121763375,27.492542704332706,27.790725708007812,54600,0.0,0.0
2025-12-16 00:00:00-05:00,27.989516429159288,28.128668248685926,27.512422851523944,27.62175750732422,52200,0.0,0.0
2025-12-17 00:00:00-05:00,28.069032324921885,28.327458489515383,27.55217999573489,28.267822265625,54600,0.0,0.0
2025-12-18 00:00:00-05:00,28.43679242123248,28.78467196488857,28.04915223632789,28.1286678314209,54900,0.0,0.0
2025-12-19 00:00:00-05:00,28.188307155166534,28.277762440447216,27.025390342319074,27.18442153930664,126600,0.0,0.0
2025-12-22 00:00:00-05:00,27.293753426648767,27.49751415554049,26.44890093068466,26.58805274963379,36900,0.0,0.0
2025-12-23 00:00:00-05:00,26.429020885341895,26.717264202374658,25.837623774053068,25.872411727905273,38300,0.0,0.0
2025-12-24 00:00:00-05:00,25.971805370507006,26.28986964899204,25.94198820700625,26.091079711914062,25400,0.0,0.0
2025-12-26 00:00:00-05:00,26.04138316175899,26.458840512760666,25.56925848329974,25.82271385192871,23200,0.0,0.0
2025-12-29 00:00:00-05:00,25.822713087278004,26.120897983907394,25.64380252846063,25.991683959960938,62100,0.0,0.0
2025-12-30 00:00:00-05:00,25.99168530634999,26.82660002687944,25.74319882752102,26.30974769592285,88800,0.0,0.0
2025-12-31 00:00:00-05:00,26.21035381918274,26.24017098241714,25.509622046154487,25.673622131347656,40100,0.0,0.0
2026-01-02 00:00:00-05:00,25.922109736510603,25.922109736510603,25.13689343890131,25.305862426757812,37500,0.0,0.0
2026-01-05 00:00:00-05:00,25.196528773326865,26.1646311027128,24.465977935123593,25.82271385192871,45600,0.0,0.0
2026-01-06 00:00:00-05:00,25.65374388944726,26.14077716702405,25.39233752067006,25.842594146728516,40100,0.0,0.0
2026-01-07 00:00:00-05:00,25.842594000106267,26.041383943043027,25.30586229165785,25.653743743896484,55200,0.0,0.0
2026-01-08 00:00:00-05:00,25.435075771506813,26.24017142091192,25.435075771506813,25.971805572509766,22000,0.0,0.0
2026-01-09 00:00:00-05:00,25.90223037162734,26.30477915524758,25.842594146728516,25.842594146728516,33800,0.0,0.0
2026-01-12 00:00:00-05:00,25.86247180993877,25.86247180993877,25.62889392548019,25.723318099975586,29000,0.0,0.0
2026-01-13 00:00:00-05:00,25.98174476623535,26.14077595579782,25.564287419683538,25.98174476623535,62600,0.0,0.0
2026-01-14 00:00:00-05:00,26.379324295078018,26.379324295078018,25.04743667785155,26.18053436279297,60500,0.0,0.0
2026-01-15 00:00:00-05:00,26.081139383476284,27.2390872312194,26.081139383476284,27.025388717651367,33600,0.0,0.0
2026-01-16 00:00:00-05:00,26.975690349188007,27.323571783416266,26.82659884760484,26.98563003540039,48900,0.0,0.0
2026-01-20 00:00:00-05:00,26.607931283039164,27.045266099023785,26.54332427093639,26.79677963256836,38600,0.0,0.0
2026-01-21 00:00:00-05:00,26.836538407844955,28.237008528714348,26.58805194110565,28.17836570739746,56600,0.0,0.0
2026-01-22 00:00:00-05:00,28.257882300738355,28.66042917778606,28.14357874949016,28.42685317993164,43700,0.0,0.0
2026-01-23 00:00:00-05:00,28.277761011979603,28.28272990722134,27.591937824739603,27.979576110839844,64900,0.0,0.0
2026-01-26 00:00:00-05:00,27.900061639605266,28.208184343633366,27.651575159885518,27.88018226623535,58500,0.0,0.0
2026-01-27 00:00:00-05:00,27.755937988231477,28.32745762853114,27.755937988231477,28.20818328857422,39600,0.0,0.0
2026-01-28 00:00:00-05:00,28.26782179501896,28.327458017916513,27.0552065893602,27.164541244506836,41900,0.0,0.0
2026-01-29 00:00:00-05:00,26.538356000178208,28.23800256073951,26.538356000178208,28.088911056518555,38400,0.0,0.0
2026-01-30 00:00:00-05:00,27.452787257774613,28.317519150092203,27.323573225992924,28.069032669067383,74500,0.0,0.0
2026-02-02 00:00:00-05:00,28.322489814835,29.41085991437307,28.178367201492115,29.222009658813477,89200,0.0,0.0
2026-02-03 00:00:00-05:00,29.023221392226365,29.32140440754183,27.949759882968753,28.80455207824707,85700,0.0,0.0
2026-02-04 00:00:00-05:00,28.98346213645964,29.32140389230626,28.486489189132413,28.546125411987305,52100,0.0,0.0
2026-02-05 00:00:00-05:00,28.605764108650742,28.938735080103342,28.158487688698052,28.764795303344727,63300,0.0,0.0
2026-02-06 00:00:00-05:00,29.162373355382215,29.321404550432312,27.066142159659687,28.72503662109375,69300,0.0,0.0
2026-02-09 00:00:00-05:00,28.54612513634893,28.82443066665337,28.387093946403912,28.705156326293945,40300,0.0,0.0
2026-02-10 00:00:00-05:00,28.62564100772761,29.04309835931453,27.606846844867064,28.546125411987305,54000,0.0,0.0
2026-02-11 00:00:00-05:00,28.84430943849035,29.32140299838705,28.069030981807245,28.218122482299805,37000,0.0,0.0
2026-02-12 00:00:00-05:00,28.2380026216685,28.2380026216685,27.537270844096838,27.78078842163086,50900,0.0,0.0
2026-02-13 00:00:00-05:00,27.820545603218733,28.12866830238798,27.03532932550329,27.31363296508789,38700,0.0,0.0
2026-02-17 00:00:00-05:00,27.562119325414155,28.327458122668038,27.562119325414155,27.929880142211914,47700,0.0,0.0
2026-02-18 00:00:00-05:00,27.860304425187085,28.327458318476985,27.29872445752272,27.542240142822266,36400,0.0,0.0
2026-02-19 00:00:00-05:00,27.293754235349418,27.89012217048932,27.244057697338345,27.760910034179688,39000,0.0,0.0
2026-02-20 00:00:00-05:00,27.681393543437487,28.327457995759453,27.681393543437487,28.277761459350586,48300,0.0,0.0
2026-02-23 00:00:00-05:00,28.30757776063866,28.30757776063866,27.104904174804688,27.104904174804688,47300,0.0,0.0
2026-02-24 00:00:00-05:00,27.035329453977365,27.263936557808606,26.945874170599687,26.96575164794922,31600,0.0,0.0
2026-02-25 00:00:00-05:00,27.18442043443726,27.830484882916117,27.18442043443726,27.820545196533203,27800,0.0,0.0
2026-02-26 00:00:00-05:00,27.74102897432395,28.178365686281765,27.6167857410474,27.90999984741211,29300,0.0,0.0
2026-02-27 00:00:00-05:00,26.96500015258789,27.05500030517578,26.399999618530273,27.0,60700,0.17,0.0
2026-03-02 00:00:00-05:00,26.559999465942383,27.469999313354492,26.559999465942383,26.829999923706055,29600,0.0,0.0
2026-03-03 00:00:00-05:00,26.3700008392334,26.854999542236328,26.110000610351562,26.68000030517578,16700,0.0,0.0
2026-03-04 00:00:00-05:00,26.940000534057617,27.280000686645508,26.530000686645508,26.93000030517578,37900,0.0,0.0
2026-03-05 00:00:00-05:00,26.530000686645508,26.530000686645508,25.209999084472656,25.420000076293945,48900,0.0,0.0
2026-03-06 00:00:00-05:00,25.200000762939453,25.350000381469727,24.549999237060547,25.34000015258789,47000,0.0,0.0
2026-03-09 00:00:00-04:00,24.950000762939453,25.614999771118164,24.649999618530273,25.479999542236328,42700,0.0,0.0
2026-03-10 00:00:00-04:00,25.290000915527344,26.030000686645508,25.290000915527344,25.5,26300,0.0,0.0
2026-03-11 00:00:00-04:00,25.239999771118164,25.31999969482422,25.06999969482422,25.290000915527344,25200,0.0,0.0
2026-03-12 00:00:00-04:00,24.799999237060547,25.5,24.774999618530273,25.290000915527344,25900,0.0,0.0
2026-03-13 00:00:00-04:00,25.40999984741211,26.399999618530273,25.0049991607666,25.020000457763672,45100,0.0,0.0
2026-03-16 00:00:00-04:00,25.420000076293945,25.780000686645508,25.239999771118164,25.280000686645508,41000,0.0,0.0
2026-03-17 00:00:00-04:00,25.3799991607666,25.875,25.0,25.06999969482422,32400,0.0,0.0
2026-03-18 00:00:00-04:00,24.860000610351562,24.90999984741211,24.329999923706055,24.399999618530273,30600,0.0,0.0
2026-03-19 00:00:00-04:00,24.18000030517578,24.700000762939453,23.989999771118164,24.68000030517578,20000,0.0,0.0
2026-03-20 00:00:00-04:00,24.65999984741211,25.079999923706055,24.1200008392334,24.719999313354492,66100,0.0,0.0
2026-03-23 00:00:00-04:00,25.100000381469727,25.8799991607666,25.100000381469727,25.3799991607666,48500,0.0,0.0
2026-03-24 00:00:00-04:00,25.260000228881836,25.649999618530273,25.059999465942383,25.260000228881836,39300,0.0,0.0
2026-03-25 00:00:00-04:00,25.420000076293945,25.770000457763672,24.899999618530273,25.1200008392334,21000,0.0,0.0
2026-03-26 00:00:00-04:00,24.709999084472656,25.55299949645996,24.709999084472656,25.459999084472656,40800,0.0,0.0
2026-03-27 00:00:00-04:00,25.34000015258789,25.34000015258789,24.6299991607666,24.709999084472656,33100,0.0,0.0
2026-03-30 00:00:00-04:00,25.040000915527344,25.420000076293945,24.78499984741211,25.110000610351562,33700,0.0,0.0
2026-03-31 00:00:00-04:00,25.389999389648438,25.389999389648438,24.719999313354492,24.829999923706055,32500,0.0,0.0
2026-04-01 00:00:00-04:00,24.959999084472656,25.415000915527344,24.844999313354492,25.1200008392334,66600,0.0,0.0
2026-04-02 00:00:00-04:00,24.739999771118164,25.05500030517578,24.40999984741211,24.850000381469727,28200,0.0,0.0
2026-04-06 00:00:00-04:00,24.850000381469727,25.850000381469727,24.690000534057617,25.649999618530273,39500,0.0,0.0
2026-04-07 00:00:00-04:00,25.719999313354492,25.739999771118164,25.229999542236328,25.479999542236328,44900,0.0,0.0
2026-04-08 00:00:00-04:00,25.81999969482422,26.459999084472656,25.81999969482422,26.350000381469727,55400,0.0,0.0
2026-04-09 00:00:00-04:00,26.100000381469727,26.850000381469727,25.915000915527344,26.75,37500,0.0,0.0
2026-04-10 00:00:00-04:00,26.459999084472656,26.459999084472656,25.979999542236328,26.3700008392334,18000,0.0,0.0
2026-04-13 00:00:00-04:00,26.145000457763672,26.364999771118164,26.145000457763672,26.290000915527344,12400,0.0,0.0
2026-04-14 00:00:00-04:00,26.209999084472656,26.3700008392334,26.075000762939453,26.31999969482422,21600,0.0,0.0
2026-04-15 00:00:00-04:00,26.18000030517578,26.239999771118164,26.0,26.149999618530273,19300,0.0,0.0
2026-04-16 00:00:00-04:00,25.920000076293945,26.049999237060547,25.670000076293945,25.93000030517578,14700,0.0,0.0
2026-04-17 00:00:00-04:00,26.34000015258789,27.239999771118164,26.34000015258789,26.780000686645508,53400,0.0,0.0
2026-04-20 00:00:00-04:00,26.69499969482422,26.760000228881836,26.239999771118164,26.239999771118164,12800,0.0,0.0
2026-04-21 00:00:00-04:00,26.110000610351562,26.719999313354492,25.760000228881836,25.899999618530273,27000,0.0,0.0
2026-04-22 00:00:00-04:00,25.829999923706055,26.1200008392334,25.80299949645996,25.989999771118164,12200,0.0,0.0
2026-04-23 00:00:00-04:00,25.969999313354492,26.139999389648438,25.739999771118164,25.979999542236328,12300,0.0,0.0
2026-04-24 00:00:00-04:00,25.8799991607666,26.040000915527344,25.25,26.0,28800,0.0,0.0
2026-04-27 00:00:00-04:00,25.899999618530273,26.53499984741211,25.899999618530273,26.049999237060547,17700,0.0,0.0
2026-04-28 00:00:00-04:00,26.200000762939453,26.579999923706055,26.05500030517578,26.549999237060547,18900,0.0,0.0
2026-04-29 00:00:00-04:00,26.299999237060547,26.600000381469727,25.459999084472656,25.809999465942383,25800,0.0,0.0
2026-04-30 00:00:00-04:00,24.010000228881836,26.485000610351562,24.010000228881836,26.1299991607666,77700,0.0,0.0
2026-05-01 00:00:00-04:00,26.049999237060547,26.40999984741211,25.68000030517578,25.68000030517578,95000,0.0,0.0
2026-05-04 00:00:00-04:00,25.450000762939453,25.889999389648438,24.899999618530273,25.030000686645508,52200,0.0,0.0
2026-05-05 00:00:00-04:00,25.309999465942383,26.0,25.059999465942383,26.0,52300,0.0,0.0
2026-05-06 00:00:00-04:00,26.25,26.6200008392334,25.93000030517578,26.0,53900,0.0,0.0
2026-05-07 00:00:00-04:00,26.09000015258789,26.625,25.8799991607666,26.389999389648438,24400,0.0,0.0
2026-05-08 00:00:00-04:00,26.25,26.415000915527344,26.0,26.059999465942383,21300,0.0,0.0
2026-05-11 00:00:00-04:00,25.950000762939453,26.53499984741211,25.700000762939453,25.81999969482422,30900,0.0,0.0
2026-05-12 00:00:00-04:00,25.639999389648438,25.684999465942383,25.299999237060547,25.559999465942383,37100,0.0,0.0
2026-05-13 00:00:00-04:00,25.3700008392334,25.770000457763672,25.3700008392334,25.6200008392334,33000,0.0,0.0
2026-05-14 00:00:00-04:00,25.559999465942383,26.110000610351562,25.40999984741211,25.479999542236328,36600,0.0,0.0
2026-05-15 00:00:00-04:00,25.3799991607666,25.55500030517578,25.0,25.059999465942383,46948,0.0,0.0
