Date,Open,High,Low,Close,Volume,Dividends,Stock Splits
2022-01-03 00:00:00-05:00,42.810001373291016,43.939998626708984,42.779998779296875,43.91999816894531,617700,0.0,0.0
2022-01-04 00:00:00-05:00,43.349998474121094,43.849998474121094,42.5099983215332,43.79999923706055,749000,0.0,0.0
2022-01-05 00:00:00-05:00,43.77000045776367,43.849998474121094,42.22999954223633,42.61000061035156,1126600,0.0,0.0
2022-01-06 00:00:00-05:00,42.5099983215332,43.66999816894531,42.189998626708984,42.84000015258789,682200,0.0,0.0
2022-01-07 00:00:00-05:00,42.650001525878906,43.2400016784668,42.15999984741211,42.380001068115234,600800,0.0,0.0
2022-01-10 00:00:00-05:00,41.91999816894531,44.81999969482422,41.90999984741211,44.77000045776367,1270000,0.0,0.0
2022-01-11 00:00:00-05:00,44.790000915527344,45.43000030517578,43.959999084472656,45.189998626708984,938300,0.0,0.0
2022-01-12 00:00:00-05:00,45.220001220703125,46.2599983215332,44.630001068115234,44.77000045776367,573900,0.0,0.0
2022-01-13 00:00:00-05:00,45.0,45.0,43.27000045776367,43.459999084472656,630300,0.0,0.0
2022-01-14 00:00:00-05:00,43.099998474121094,43.849998474121094,42.72999954223633,43.79999923706055,641800,0.0,0.0
2022-01-18 00:00:00-05:00,43.4900016784668,43.86000061035156,42.61000061035156,42.7599983215332,478900,0.0,0.0
2022-01-19 00:00:00-05:00,42.84000015258789,43.400001525878906,42.15999984741211,42.310001373291016,682100,0.0,0.0
2022-01-20 00:00:00-05:00,42.38999938964844,42.970001220703125,41.04999923706055,41.06999969482422,1021200,0.0,0.0
2022-01-21 00:00:00-05:00,40.900001525878906,41.54999923706055,39.34000015258789,39.400001525878906,1319700,0.0,0.0
2022-01-24 00:00:00-05:00,38.52000045776367,40.79999923706055,37.349998474121094,40.560001373291016,1427500,0.0,0.0
2022-01-25 00:00:00-05:00,39.880001068115234,40.25,39.130001068115234,39.880001068115234,1207400,0.0,0.0
2022-01-26 00:00:00-05:00,40.189998626708984,41.45000076293945,39.380001068115234,39.560001373291016,694500,0.0,0.0
2022-01-27 00:00:00-05:00,40.02000045776367,41.16999816894531,38.83000183105469,38.869998931884766,652400,0.0,0.0
2022-01-28 00:00:00-05:00,38.90999984741211,40.16999816894531,38.38999938964844,40.15999984741211,707700,0.0,0.0
2022-01-31 00:00:00-05:00,40.029998779296875,40.95000076293945,39.630001068115234,40.34000015258789,1062400,0.0,0.0
2022-02-01 00:00:00-05:00,40.33000183105469,41.709999084472656,40.08000183105469,41.709999084472656,796200,0.0,0.0
2022-02-02 00:00:00-05:00,41.529998779296875,42.220001220703125,41.09000015258789,41.93000030517578,1496500,0.0,0.0
2022-02-03 00:00:00-05:00,41.13999938964844,41.36000061035156,40.439998626708984,41.20000076293945,1120200,0.0,0.0
2022-02-04 00:00:00-05:00,41.18000030517578,42.66999816894531,40.97999954223633,41.77000045776367,1440300,0.0,0.0
2022-02-07 00:00:00-05:00,42.13999938964844,42.68000030517578,40.150001525878906,40.279998779296875,1554100,0.0,0.0
2022-02-08 00:00:00-05:00,45.65999984741211,51.70000076293945,45.099998474121094,50.88999938964844,5820600,0.0,0.0
2022-02-09 00:00:00-05:00,52.41999816894531,52.529998779296875,49.599998474121094,50.9900016784668,2395300,0.0,0.0
2022-02-10 00:00:00-05:00,50.709999084472656,51.849998474121094,50.310001373291016,51.0,1424800,0.0,0.0
2022-02-11 00:00:00-05:00,51.060001373291016,51.97999954223633,49.77000045776367,50.06999969482422,947300,0.0,0.0
2022-02-14 00:00:00-05:00,50.119998931884766,50.790000915527344,48.83000183105469,49.41999816894531,883200,0.0,0.0
2022-02-15 00:00:00-05:00,49.90999984741211,51.0,49.720001220703125,50.65999984741211,1024400,0.0,0.0
2022-02-16 00:00:00-05:00,50.33000183105469,51.810001373291016,50.15999984741211,51.2599983215332,959900,0.0,0.0
2022-02-17 00:00:00-05:00,50.5,51.189998626708984,49.83000183105469,50.13999938964844,696400,0.0,0.0
2022-02-18 00:00:00-05:00,50.54999923706055,51.65999984741211,48.7400016784668,48.90999984741211,721000,0.0,0.0
2022-02-22 00:00:00-05:00,48.04999923706055,49.2599983215332,47.400001525878906,47.790000915527344,735400,0.0,0.0
2022-02-23 00:00:00-05:00,48.040000915527344,49.61000061035156,47.2599983215332,47.529998779296875,860600,0.0,0.0
2022-02-24 00:00:00-05:00,46.220001220703125,49.720001220703125,46.0,49.5099983215332,879500,0.0,0.0
2022-02-25 00:00:00-05:00,49.150001525878906,50.220001220703125,48.04999923706055,49.75,784400,0.0,0.0
2022-02-28 00:00:00-05:00,49.38999938964844,50.40999984741211,49.279998779296875,49.9900016784668,608200,0.0,0.0
2022-03-01 00:00:00-05:00,50.08000183105469,51.0,49.130001068115234,49.45000076293945,660200,0.0,0.0
2022-03-02 00:00:00-05:00,48.939998626708984,49.2599983215332,47.91999816894531,49.040000915527344,1198300,0.0,0.0
2022-03-03 00:00:00-05:00,49.290000915527344,49.290000915527344,46.52000045776367,47.439998626708984,1160000,0.0,0.0
2022-03-04 00:00:00-05:00,47.15999984741211,47.72999954223633,45.599998474121094,46.29999923706055,966500,0.0,0.0
2022-03-07 00:00:00-05:00,46.400001525878906,46.900001525878906,44.540000915527344,44.970001220703125,892100,0.0,0.0
2022-03-08 00:00:00-05:00,44.43000030517578,45.779998779296875,43.959999084472656,44.15999984741211,1057200,0.0,0.0
2022-03-09 00:00:00-05:00,44.720001220703125,45.72999954223633,44.720001220703125,45.470001220703125,807300,0.0,0.0
2022-03-10 00:00:00-05:00,44.7599983215332,45.849998474121094,44.33000183105469,45.22999954223633,569300,0.0,0.0
2022-03-11 00:00:00-05:00,45.470001220703125,45.779998779296875,44.099998474121094,44.25,893900,0.0,0.0
2022-03-14 00:00:00-04:00,43.81999969482422,44.290000915527344,42.83000183105469,43.310001373291016,1002400,0.0,0.0
2022-03-15 00:00:00-04:00,43.5099983215332,44.56999969482422,43.189998626708984,44.5099983215332,699600,0.0,0.0
2022-03-16 00:00:00-04:00,45.040000915527344,46.95000076293945,44.81999969482422,46.939998626708984,1062000,0.0,0.0
2022-03-17 00:00:00-04:00,46.869998931884766,47.720001220703125,46.59000015258789,47.560001373291016,757100,0.0,0.0
2022-03-18 00:00:00-04:00,47.650001525878906,48.40999984741211,47.45000076293945,48.349998474121094,2010600,0.0,0.0
2022-03-21 00:00:00-04:00,48.04999923706055,49.060001373291016,47.93000030517578,49.040000915527344,686300,0.0,0.0
2022-03-22 00:00:00-04:00,49.189998626708984,49.90999984741211,49.060001373291016,49.40999984741211,1106100,0.0,0.0
2022-03-23 00:00:00-04:00,49.02000045776367,50.40999984741211,48.68000030517578,49.70000076293945,947300,0.0,0.0
2022-03-24 00:00:00-04:00,49.70000076293945,50.9900016784668,49.31999969482422,50.459999084472656,1182100,0.0,0.0
2022-03-25 00:00:00-04:00,50.5,50.58000183105469,50.029998779296875,50.36000061035156,639800,0.0,0.0
2022-03-28 00:00:00-04:00,50.20000076293945,50.68000030517578,49.59000015258789,49.9900016784668,892900,0.0,0.0
2022-03-29 00:00:00-04:00,50.310001373291016,50.93000030517578,49.77000045776367,50.65999984741211,1001800,0.0,0.0
2022-03-30 00:00:00-04:00,50.310001373291016,50.5,49.2400016784668,49.81999969482422,908200,0.0,0.0
2022-03-31 00:00:00-04:00,49.91999816894531,50.349998474121094,49.189998626708984,49.290000915527344,795500,0.0,0.0
2022-04-01 00:00:00-04:00,49.29999923706055,50.0,48.56999969482422,49.18000030517578,747500,0.0,0.0
2022-04-04 00:00:00-04:00,49.060001373291016,49.4900016784668,48.09000015258789,48.68000030517578,680900,0.0,0.0
2022-04-05 00:00:00-04:00,48.52000045776367,48.86000061035156,47.54999923706055,47.79999923706055,780100,0.0,0.0
2022-04-06 00:00:00-04:00,47.150001525878906,47.650001525878906,46.72999954223633,47.38999938964844,876800,0.0,0.0
2022-04-07 00:00:00-04:00,47.09000015258789,48.0099983215332,47.09000015258789,47.5,696800,0.0,0.0
2022-04-08 00:00:00-04:00,47.560001373291016,47.849998474121094,46.86000061035156,46.97999954223633,780000,0.0,0.0
2022-04-11 00:00:00-04:00,46.72999954223633,47.33000183105469,46.5,46.72999954223633,1020000,0.0,0.0
2022-04-12 00:00:00-04:00,47.0099983215332,47.529998779296875,45.970001220703125,46.400001525878906,1635500,0.0,0.0
2022-04-13 00:00:00-04:00,46.439998626708984,47.54999923706055,46.13999938964844,47.31999969482422,796200,0.0,0.0
2022-04-14 00:00:00-04:00,47.2400016784668,47.29999923706055,45.560001373291016,45.68000030517578,1680200,0.0,0.0
2022-04-18 00:00:00-04:00,45.720001220703125,46.099998474121094,45.060001373291016,45.29999923706055,763800,0.0,0.0
2022-04-19 00:00:00-04:00,44.900001525878906,45.810001373291016,44.900001525878906,45.43000030517578,729500,0.0,0.0
2022-04-20 00:00:00-04:00,45.81999969482422,46.47999954223633,45.13999938964844,45.779998779296875,467600,0.0,0.0
2022-04-21 00:00:00-04:00,46.06999969482422,46.27000045776367,44.880001068115234,45.13999938964844,721800,0.0,0.0
2022-04-22 00:00:00-04:00,45.08000183105469,45.310001373291016,43.65999984741211,43.7400016784668,1119600,0.0,0.0
2022-04-25 00:00:00-04:00,43.279998779296875,44.060001373291016,43.04999923706055,43.650001525878906,1661300,0.0,0.0
2022-04-26 00:00:00-04:00,43.349998474121094,43.66999816894531,42.40999984741211,42.720001220703125,1582300,0.0,0.0
2022-04-27 00:00:00-04:00,42.56999969482422,43.06999969482422,42.0,42.0099983215332,1244000,0.0,0.0
2022-04-28 00:00:00-04:00,42.279998779296875,42.75,41.22999954223633,42.25,821400,0.0,0.0
2022-04-29 00:00:00-04:00,41.91999816894531,42.709999084472656,41.29999923706055,41.349998474121094,851800,0.0,0.0
2022-05-02 00:00:00-04:00,41.27000045776367,41.599998474121094,40.380001068115234,41.279998779296875,999600,0.0,0.0
2022-05-03 00:00:00-04:00,41.279998779296875,41.65999984741211,40.68000030517578,41.380001068115234,1139000,0.0,0.0
2022-05-04 00:00:00-04:00,41.619998931884766,41.84000015258789,40.439998626708984,41.54999923706055,1391900,0.0,0.0
2022-05-05 00:00:00-04:00,40.9900016784668,40.9900016784668,39.40999984741211,39.88999938964844,2823500,0.0,0.0
2022-05-06 00:00:00-04:00,36.599998474121094,37.790000915527344,34.93000030517578,35.84000015258789,3886400,0.0,0.0
2022-05-09 00:00:00-04:00,35.029998779296875,36.150001525878906,33.93000030517578,34.5,1790500,0.0,0.0
2022-05-10 00:00:00-04:00,35.060001373291016,35.20000076293945,33.380001068115234,34.40999984741211,1662100,0.0,0.0
2022-05-11 00:00:00-04:00,34.22999954223633,34.779998779296875,33.59000015258789,33.7599983215332,1447400,0.0,0.0
2022-05-12 00:00:00-04:00,33.5099983215332,35.150001525878906,33.400001525878906,34.66999816894531,1308100,0.0,0.0
2022-05-13 00:00:00-04:00,35.189998626708984,37.189998626708984,35.189998626708984,36.58000183105469,1271400,0.0,0.0
2022-05-16 00:00:00-04:00,36.279998779296875,37.150001525878906,36.02000045776367,36.099998474121094,830100,0.0,0.0
2022-05-17 00:00:00-04:00,36.65999984741211,37.209999084472656,36.349998474121094,37.099998474121094,627900,0.0,0.0
2022-05-18 00:00:00-04:00,36.650001525878906,36.88999938964844,36.04999923706055,36.36000061035156,744700,0.0,0.0
2022-05-19 00:00:00-04:00,36.25,36.52000045776367,35.7400016784668,35.95000076293945,802900,0.0,0.0
2022-05-20 00:00:00-04:00,36.13999938964844,36.939998626708984,34.939998626708984,35.65999984741211,690200,0.0,0.0
2022-05-23 00:00:00-04:00,35.84000015258789,36.29999923706055,35.459999084472656,35.63999938964844,703700,0.0,0.0
2022-05-24 00:00:00-04:00,35.119998931884766,35.119998931884766,34.189998626708984,34.91999816894531,901400,0.0,0.0
2022-05-25 00:00:00-04:00,34.91999816894531,36.31999969482422,34.84000015258789,36.060001373291016,701100,0.0,0.0
2022-05-26 00:00:00-04:00,35.540000915527344,37.599998474121094,35.22999954223633,37.34000015258789,786000,0.0,0.0
2022-05-27 00:00:00-04:00,37.810001373291016,38.630001068115234,37.75,38.36000061035156,658900,0.0,0.0
2022-05-31 00:00:00-04:00,38.099998474121094,38.619998931884766,37.470001220703125,38.43000030517578,1395300,0.0,0.0
2022-06-01 00:00:00-04:00,38.86000061035156,39.2400016784668,37.63999938964844,37.869998931884766,869700,0.0,0.0
2022-06-02 00:00:00-04:00,37.91999816894531,39.11000061035156,37.91999816894531,39.04999923706055,561800,0.0,0.0
2022-06-03 00:00:00-04:00,38.529998779296875,38.970001220703125,38.0,38.31999969482422,535300,0.0,0.0
2022-06-06 00:00:00-04:00,38.709999084472656,38.880001068115234,38.0099983215332,38.2599983215332,591500,0.0,0.0
2022-06-07 00:00:00-04:00,37.95000076293945,39.22999954223633,37.90999984741211,39.189998626708984,535000,0.0,0.0
2022-06-08 00:00:00-04:00,39.2599983215332,39.529998779296875,38.72999954223633,38.77000045776367,568500,0.0,0.0
2022-06-09 00:00:00-04:00,38.470001220703125,39.15999984741211,38.189998626708984,38.369998931884766,654200,0.0,0.0
2022-06-10 00:00:00-04:00,37.65999984741211,37.880001068115234,37.06999969482422,37.18000030517578,482300,0.0,0.0
2022-06-13 00:00:00-04:00,36.279998779296875,37.130001068115234,35.959999084472656,36.91999816894531,1133900,0.0,0.0
2022-06-14 00:00:00-04:00,36.790000915527344,37.18000030517578,35.56999969482422,35.970001220703125,724900,0.0,0.0
2022-06-15 00:00:00-04:00,36.29999923706055,36.68000030517578,35.529998779296875,36.2400016784668,671600,0.0,0.0
2022-06-16 00:00:00-04:00,35.380001068115234,35.529998779296875,34.189998626708984,34.630001068115234,813600,0.0,0.0
2022-06-17 00:00:00-04:00,34.900001525878906,36.0099983215332,34.79999923706055,35.630001068115234,1957600,0.0,0.0
2022-06-21 00:00:00-04:00,36.060001373291016,36.88999938964844,35.5,36.81999969482422,808600,0.0,0.0
2022-06-22 00:00:00-04:00,36.099998474121094,36.9900016784668,36.099998474121094,36.56999969482422,912600,0.0,0.0
2022-06-23 00:00:00-04:00,36.91999816894531,37.849998474121094,35.939998626708984,37.810001373291016,947700,0.0,0.0
2022-06-24 00:00:00-04:00,38.130001068115234,39.84000015258789,38.130001068115234,39.75,1799500,0.0,0.0
2022-06-27 00:00:00-04:00,39.65999984741211,39.65999984741211,37.66999816894531,37.86000061035156,613800,0.0,0.0
2022-06-28 00:00:00-04:00,38.02000045776367,38.439998626708984,37.04999923706055,37.25,973000,0.0,0.0
2022-06-29 00:00:00-04:00,37.400001525878906,37.58000183105469,36.790000915527344,37.459999084472656,641000,0.0,0.0
2022-06-30 00:00:00-04:00,36.790000915527344,37.380001068115234,36.25,37.0099983215332,480300,0.0,0.0
2022-07-01 00:00:00-04:00,37.060001373291016,37.5,36.439998626708984,37.369998931884766,541100,0.0,0.0
2022-07-05 00:00:00-04:00,36.5,38.5,36.18000030517578,38.4900016784668,653300,0.0,0.0
2022-07-06 00:00:00-04:00,38.689998626708984,38.86000061035156,38.0099983215332,38.5099983215332,567800,0.0,0.0
2022-07-07 00:00:00-04:00,38.52000045776367,39.84000015258789,38.52000045776367,39.459999084472656,678800,0.0,0.0
2022-07-08 00:00:00-04:00,39.0,39.58000183105469,38.66999816894531,39.189998626708984,319300,0.0,0.0
2022-07-11 00:00:00-04:00,38.91999816894531,38.91999816894531,38.33000183105469,38.52000045776367,259100,0.0,0.0
2022-07-12 00:00:00-04:00,38.439998626708984,39.029998779296875,37.13999938964844,37.380001068115234,493800,0.0,0.0
2022-07-13 00:00:00-04:00,36.720001220703125,37.630001068115234,36.529998779296875,37.36000061035156,285300,0.0,0.0
2022-07-14 00:00:00-04:00,36.86000061035156,36.95000076293945,36.29999923706055,36.56999969482422,554700,0.0,0.0
2022-07-15 00:00:00-04:00,37.15999984741211,37.34000015258789,36.70000076293945,37.099998474121094,476100,0.0,0.0
2022-07-18 00:00:00-04:00,37.099998474121094,37.54999923706055,36.630001068115234,36.7400016784668,397900,0.0,0.0
2022-07-19 00:00:00-04:00,37.40999984741211,38.11000061035156,37.15999984741211,37.9900016784668,281900,0.0,0.0
2022-07-20 00:00:00-04:00,38.25,38.810001373291016,37.9900016784668,38.59000015258789,469800,0.0,0.0
2022-07-21 00:00:00-04:00,38.439998626708984,39.560001373291016,38.36000061035156,39.54999923706055,472500,0.0,0.0
2022-07-22 00:00:00-04:00,39.540000915527344,39.54999923706055,38.08000183105469,38.36000061035156,359000,0.0,0.0
2022-07-25 00:00:00-04:00,38.5099983215332,38.5099983215332,37.9900016784668,38.209999084472656,523900,0.0,0.0
2022-07-26 00:00:00-04:00,38.0099983215332,38.0099983215332,36.380001068115234,36.619998931884766,466300,0.0,0.0
2022-07-27 00:00:00-04:00,36.9900016784668,38.38999938964844,36.79999923706055,38.27000045776367,648500,0.0,0.0
2022-07-28 00:00:00-04:00,38.189998626708984,38.869998931884766,37.810001373291016,38.38999938964844,663900,0.0,0.0
2022-07-29 00:00:00-04:00,38.279998779296875,38.59000015258789,37.84000015258789,38.290000915527344,1195600,0.0,0.0
2022-08-01 00:00:00-04:00,37.90999984741211,38.63999938964844,37.470001220703125,38.25,1613000,0.0,0.0
2022-08-02 00:00:00-04:00,37.650001525878906,37.9900016784668,36.7599983215332,37.20000076293945,920500,0.0,0.0
2022-08-03 00:00:00-04:00,37.41999816894531,38.72999954223633,37.22999954223633,38.52000045776367,1050700,0.0,0.0
2022-08-04 00:00:00-04:00,38.63999938964844,38.900001525878906,38.02000045776367,38.84000015258789,1170300,0.0,0.0
2022-08-05 00:00:00-04:00,37.33000183105469,37.33000183105469,35.150001525878906,35.709999084472656,2309300,0.0,0.0
2022-08-08 00:00:00-04:00,35.869998931884766,36.220001220703125,35.06999969482422,35.15999984741211,775700,0.0,0.0
2022-08-09 00:00:00-04:00,34.86000061035156,35.34000015258789,34.599998474121094,34.65999984741211,763400,0.0,0.0
2022-08-10 00:00:00-04:00,35.4900016784668,35.91999816894531,35.060001373291016,35.68000030517578,718500,0.0,0.0
2022-08-11 00:00:00-04:00,35.9900016784668,36.220001220703125,35.689998626708984,35.84000015258789,870700,0.0,0.0
2022-08-12 00:00:00-04:00,35.86000061035156,36.06999969482422,35.540000915527344,35.72999954223633,853300,0.0,0.0
2022-08-15 00:00:00-04:00,35.75,36.189998626708984,35.75,35.790000915527344,989200,0.0,0.0
2022-08-16 00:00:00-04:00,35.38999938964844,35.810001373291016,35.02000045776367,35.66999816894531,899700,0.0,0.0
2022-08-17 00:00:00-04:00,35.310001373291016,35.400001525878906,34.70000076293945,35.040000915527344,548500,0.0,0.0
2022-08-18 00:00:00-04:00,35.0099983215332,35.97999954223633,34.75,35.88999938964844,896900,0.0,0.0
2022-08-19 00:00:00-04:00,35.70000076293945,35.880001068115234,34.900001525878906,35.220001220703125,552800,0.0,0.0
2022-08-22 00:00:00-04:00,34.709999084472656,34.810001373291016,33.939998626708984,34.189998626708984,504900,0.0,0.0
2022-08-23 00:00:00-04:00,34.29999923706055,34.54999923706055,34.06999969482422,34.16999816894531,550800,0.0,0.0
2022-08-24 00:00:00-04:00,34.279998779296875,34.36000061035156,34.04999923706055,34.06999969482422,519100,0.0,0.0
2022-08-25 00:00:00-04:00,34.380001068115234,34.93000030517578,34.20000076293945,34.77000045776367,517900,0.0,0.0
2022-08-26 00:00:00-04:00,34.779998779296875,35.0099983215332,33.369998931884766,33.380001068115234,547500,0.0,0.0
2022-08-29 00:00:00-04:00,33.060001373291016,33.439998626708984,32.540000915527344,32.54999923706055,889400,0.0,0.0
2022-08-30 00:00:00-04:00,32.70000076293945,33.189998626708984,32.59000015258789,32.900001525878906,1178600,0.0,0.0
2022-08-31 00:00:00-04:00,33.27000045776367,33.279998779296875,32.790000915527344,32.900001525878906,911800,0.0,0.0
2022-09-01 00:00:00-04:00,32.7599983215332,32.9900016784668,32.060001373291016,32.54999923706055,1114400,0.0,0.0
2022-09-02 00:00:00-04:00,32.7400016784668,32.790000915527344,31.90999984741211,32.02000045776367,942300,0.0,0.0
2022-09-06 00:00:00-04:00,32.18000030517578,32.84000015258789,31.979999542236328,32.560001373291016,868200,0.0,0.0
2022-09-07 00:00:00-04:00,32.560001373291016,32.63999938964844,31.860000610351562,32.470001220703125,724300,0.0,0.0
2022-09-08 00:00:00-04:00,32.06999969482422,32.349998474121094,31.65999984741211,31.799999237060547,818400,0.0,0.0
2022-09-09 00:00:00-04:00,32.119998931884766,32.70000076293945,32.119998931884766,32.599998474121094,651300,0.0,0.0
2022-09-12 00:00:00-04:00,32.81999969482422,33.349998474121094,32.7400016784668,32.939998626708984,633500,0.0,0.0
2022-09-13 00:00:00-04:00,32.02000045776367,32.650001525878906,31.84000015258789,32.380001068115234,930500,0.0,0.0
2022-09-14 00:00:00-04:00,32.45000076293945,32.45000076293945,31.440000534057617,31.979999542236328,829800,0.0,0.0
2022-09-15 00:00:00-04:00,31.579999923706055,32.349998474121094,31.489999771118164,31.860000610351562,722500,0.0,0.0
2022-09-16 00:00:00-04:00,31.59000015258789,31.59000015258789,30.889999389648438,31.18000030517578,1834400,0.0,0.0
2022-09-19 00:00:00-04:00,30.989999771118164,31.709999084472656,30.760000228881836,31.690000534057617,773700,0.0,0.0
2022-09-20 00:00:00-04:00,31.389999389648438,31.459999084472656,30.549999237060547,30.600000381469727,592500,0.0,0.0
2022-09-21 00:00:00-04:00,30.860000610351562,31.729999542236328,30.6299991607666,30.969999313354492,987700,0.0,0.0
2022-09-22 00:00:00-04:00,30.920000076293945,31.0,30.59000015258789,30.6200008392334,631300,0.0,0.0
2022-09-23 00:00:00-04:00,30.290000915527344,30.690000534057617,30.18000030517578,30.649999618530273,868200,0.0,0.0
2022-09-26 00:00:00-04:00,30.549999237060547,30.959999084472656,30.219999313354492,30.260000228881836,741800,0.0,0.0
2022-09-27 00:00:00-04:00,30.709999084472656,30.8799991607666,30.190000534057617,30.649999618530273,660200,0.0,0.0
2022-09-28 00:00:00-04:00,30.8700008392334,31.75,30.8700008392334,31.530000686645508,800100,0.0,0.0
2022-09-29 00:00:00-04:00,31.139999389648438,31.530000686645508,30.920000076293945,31.450000762939453,849100,0.0,0.0
2022-09-30 00:00:00-04:00,31.559999465942383,32.150001525878906,31.049999237060547,31.059999465942383,983900,0.0,0.0
2022-10-03 00:00:00-04:00,31.239999771118164,31.489999771118164,30.770000457763672,31.3799991607666,2121500,0.0,0.0
2022-10-04 00:00:00-04:00,31.950000762939453,32.209999084472656,31.770000457763672,32.02000045776367,1239000,0.0,0.0
2022-10-05 00:00:00-04:00,31.540000915527344,32.0099983215332,31.25,31.899999618530273,674200,0.0,0.0
2022-10-06 00:00:00-04:00,31.93000030517578,32.04999923706055,31.280000686645508,31.360000610351562,959100,0.0,0.0
2022-10-07 00:00:00-04:00,30.979999542236328,30.979999542236328,29.979999542236328,30.049999237060547,885000,0.0,0.0
2022-10-10 00:00:00-04:00,30.149999618530273,30.149999618530273,29.43000030517578,29.709999084472656,818300,0.0,0.0
2022-10-11 00:00:00-04:00,29.600000381469727,29.780000686645508,28.799999237060547,29.09000015258789,2942100,0.0,0.0
2022-10-12 00:00:00-04:00,29.209999084472656,29.760000228881836,29.030000686645508,29.540000915527344,1041000,0.0,0.0
2022-10-13 00:00:00-04:00,28.90999984741211,30.329999923706055,28.649999618530273,30.1299991607666,1053600,0.0,0.0
2022-10-14 00:00:00-04:00,30.489999771118164,30.579999923706055,29.34000015258789,29.459999084472656,1009000,0.0,0.0
2022-10-17 00:00:00-04:00,30.059999465942383,30.84000015258789,30.059999465942383,30.6299991607666,1027200,0.0,0.0
2022-10-18 00:00:00-04:00,31.229999542236328,31.809999465942383,30.760000228881836,31.010000228881836,1270700,0.0,0.0
2022-10-19 00:00:00-04:00,30.860000610351562,31.09000015258789,29.850000381469727,30.1299991607666,657400,0.0,0.0
2022-10-20 00:00:00-04:00,30.229999542236328,30.729999542236328,30.0,30.260000228881836,754900,0.0,0.0
2022-10-21 00:00:00-04:00,30.09000015258789,30.850000381469727,29.850000381469727,30.75,625000,0.0,0.0
2022-10-24 00:00:00-04:00,30.920000076293945,31.049999237060547,30.479999542236328,30.8700008392334,605200,0.0,0.0
2022-10-25 00:00:00-04:00,31.09000015258789,31.81999969482422,31.09000015258789,31.649999618530273,900600,0.0,0.0
2022-10-26 00:00:00-04:00,31.469999313354492,32.369998931884766,31.329999923706055,31.59000015258789,837300,0.0,0.0
2022-10-27 00:00:00-04:00,31.709999084472656,31.969999313354492,31.219999313354492,31.479999542236328,629600,0.0,0.0
2022-10-28 00:00:00-04:00,31.200000762939453,31.780000686645508,30.950000762939453,31.6299991607666,725000,0.0,0.0
2022-10-31 00:00:00-04:00,31.399999618530273,31.84000015258789,31.15999984741211,31.59000015258789,877900,0.0,0.0
2022-11-01 00:00:00-04:00,31.93000030517578,32.279998779296875,31.479999542236328,32.08000183105469,972500,0.0,0.0
2022-11-02 00:00:00-04:00,31.979999542236328,32.029998779296875,30.59000015258789,30.6299991607666,829700,0.0,0.0
2022-11-03 00:00:00-04:00,30.3799991607666,30.3799991607666,29.700000762939453,30.020000457763672,567100,0.0,0.0
2022-11-04 00:00:00-04:00,30.280000686645508,30.280000686645508,29.18000030517578,29.549999237060547,896100,0.0,0.0
2022-11-07 00:00:00-05:00,29.639999389648438,30.100000381469727,29.280000686645508,30.040000915527344,983400,0.0,0.0
2022-11-08 00:00:00-05:00,31.5,32.599998474121094,30.489999771118164,30.979999542236328,1625000,0.0,0.0
2022-11-09 00:00:00-05:00,30.6299991607666,30.90999984741211,29.8799991607666,29.8799991607666,1243700,0.0,0.0
2022-11-10 00:00:00-05:00,30.799999237060547,31.489999771118164,30.65999984741211,31.209999084472656,2709300,0.0,0.0
2022-11-11 00:00:00-05:00,31.5,33.939998626708984,31.030000686645508,32.790000915527344,3379000,0.0,0.0
2022-11-14 00:00:00-05:00,32.5,33.220001220703125,31.530000686645508,32.619998931884766,2725700,0.0,0.0
2022-11-15 00:00:00-05:00,33.22999954223633,34.119998931884766,33.22999954223633,33.9900016784668,1649000,0.0,0.0
2022-11-16 00:00:00-05:00,33.68000030517578,33.689998626708984,32.93000030517578,33.099998474121094,1287800,0.0,0.0
2022-11-17 00:00:00-05:00,32.5,32.900001525878906,32.2400016784668,32.54999923706055,828100,0.0,0.0
2022-11-18 00:00:00-05:00,32.900001525878906,32.900001525878906,31.770000457763672,31.829999923706055,1096900,0.0,0.0
2022-11-21 00:00:00-05:00,31.59000015258789,32.09000015258789,31.459999084472656,32.0,800800,0.0,0.0
2022-11-22 00:00:00-05:00,32.09000015258789,32.97999954223633,31.829999923706055,32.88999938964844,3080500,0.0,0.0
2022-11-23 00:00:00-05:00,33.040000915527344,33.33000183105469,32.84000015258789,33.209999084472656,766500,0.0,0.0
2022-11-25 00:00:00-05:00,32.95000076293945,33.5099983215332,32.86000061035156,33.41999816894531,350900,0.0,0.0
2022-11-28 00:00:00-05:00,33.29999923706055,33.5,32.77000045776367,32.83000183105469,594800,0.0,0.0
2022-11-29 00:00:00-05:00,32.849998474121094,33.099998474121094,32.52000045776367,32.95000076293945,641300,0.0,0.0
2022-11-30 00:00:00-05:00,32.900001525878906,34.150001525878906,32.68000030517578,34.150001525878906,947200,0.0,0.0
2022-12-01 00:00:00-05:00,34.20000076293945,34.90999984741211,34.15999984741211,34.75,667800,0.0,0.0
2022-12-02 00:00:00-05:00,34.060001373291016,35.04999923706055,34.0,34.779998779296875,558200,0.0,0.0
2022-12-05 00:00:00-05:00,34.459999084472656,34.709999084472656,33.959999084472656,34.189998626708984,598900,0.0,0.0
2022-12-06 00:00:00-05:00,34.20000076293945,34.279998779296875,33.209999084472656,33.7599983215332,945900,0.0,0.0
2022-12-07 00:00:00-05:00,33.65999984741211,33.88999938964844,33.040000915527344,33.040000915527344,719200,0.0,0.0
2022-12-08 00:00:00-05:00,33.279998779296875,34.06999969482422,33.209999084472656,33.88999938964844,484200,0.0,0.0
2022-12-09 00:00:00-05:00,33.720001220703125,34.2599983215332,33.630001068115234,33.70000076293945,631900,0.0,0.0
2022-12-12 00:00:00-05:00,33.75,34.189998626708984,33.59000015258789,34.040000915527344,462900,0.0,0.0
2022-12-13 00:00:00-05:00,35.380001068115234,35.5,34.38999938964844,34.83000183105469,789300,0.0,0.0
2022-12-14 00:00:00-05:00,34.66999816894531,35.099998474121094,34.2400016784668,34.77000045776367,718700,0.0,0.0
2022-12-15 00:00:00-05:00,34.06999969482422,34.119998931884766,33.2400016784668,33.33000183105469,626700,0.0,0.0
2022-12-16 00:00:00-05:00,33.130001068115234,33.41999816894531,32.7400016784668,33.189998626708984,1963800,0.0,0.0
2022-12-19 00:00:00-05:00,33.119998931884766,33.20000076293945,32.52000045776367,32.650001525878906,602000,0.0,0.0
2022-12-20 00:00:00-05:00,32.369998931884766,33.36000061035156,32.279998779296875,33.20000076293945,674200,0.0,0.0
2022-12-21 00:00:00-05:00,33.34000015258789,33.77000045776367,33.16999816894531,33.349998474121094,656400,0.0,0.0
2022-12-22 00:00:00-05:00,32.959999084472656,33.45000076293945,32.5099983215332,33.43000030517578,709200,0.0,0.0
2022-12-23 00:00:00-05:00,33.33000183105469,33.61000061035156,32.7599983215332,33.220001220703125,380600,0.0,0.0
2022-12-27 00:00:00-05:00,33.04999923706055,33.52000045776367,32.849998474121094,33.349998474121094,619000,0.0,0.0
2022-12-28 00:00:00-05:00,33.16999816894531,33.43000030517578,32.790000915527344,32.84000015258789,527900,0.0,0.0
2022-12-29 00:00:00-05:00,33.220001220703125,33.81999969482422,33.13999938964844,33.7400016784668,358800,0.0,0.0
2022-12-30 00:00:00-05:00,33.189998626708984,33.7599983215332,33.119998931884766,33.65999984741211,472600,0.0,0.0
2023-01-03 00:00:00-05:00,34.16999816894531,34.41999816894531,32.970001220703125,33.380001068115234,674600,0.0,0.0
2023-01-04 00:00:00-05:00,33.77000045776367,34.310001373291016,33.369998931884766,34.150001525878906,841700,0.0,0.0
2023-01-05 00:00:00-05:00,33.810001373291016,34.29999923706055,33.5,33.810001373291016,887800,0.0,0.0
2023-01-06 00:00:00-05:00,34.02000045776367,34.02000045776367,33.20000076293945,33.65999984741211,437500,0.0,0.0
2023-01-09 00:00:00-05:00,33.88999938964844,34.380001068115234,33.52000045776367,33.59000015258789,385400,0.0,0.0
2023-01-10 00:00:00-05:00,33.189998626708984,33.43000030517578,32.72999954223633,33.0099983215332,620900,0.0,0.0
2023-01-11 00:00:00-05:00,33.04999923706055,33.68000030517578,33.02000045776367,33.290000915527344,720200,0.0,0.0
2023-01-12 00:00:00-05:00,33.349998474121094,33.66999816894531,33.060001373291016,33.650001525878906,744300,0.0,0.0
2023-01-13 00:00:00-05:00,33.369998931884766,33.529998779296875,33.0099983215332,33.130001068115234,655300,0.0,0.0
2023-01-17 00:00:00-05:00,33.060001373291016,33.36000061035156,32.959999084472656,33.22999954223633,622400,0.0,0.0
2023-01-18 00:00:00-05:00,33.47999954223633,33.720001220703125,32.849998474121094,32.880001068115234,736400,0.0,0.0
2023-01-19 00:00:00-05:00,32.70000076293945,32.91999816894531,32.33000183105469,32.5,396100,0.0,0.0
2023-01-20 00:00:00-05:00,32.529998779296875,33.119998931884766,32.380001068115234,33.02000045776367,487400,0.0,0.0
2023-01-23 00:00:00-05:00,33.09000015258789,33.9900016784668,32.93000030517578,33.959999084472656,600100,0.0,0.0
2023-01-24 00:00:00-05:00,33.939998626708984,34.38999938964844,33.470001220703125,33.47999954223633,398600,0.0,0.0
2023-01-25 00:00:00-05:00,33.099998474121094,33.97999954223633,32.900001525878906,33.959999084472656,585100,0.0,0.0
2023-01-26 00:00:00-05:00,34.43000030517578,34.560001373291016,33.88999938964844,34.5,571800,0.0,0.0
2023-01-27 00:00:00-05:00,34.22999954223633,34.88999938964844,34.22999954223633,34.7599983215332,468200,0.0,0.0
2023-01-30 00:00:00-05:00,34.52000045776367,34.869998931884766,34.380001068115234,34.619998931884766,712200,0.0,0.0
2023-01-31 00:00:00-05:00,34.66999816894531,35.040000915527344,34.59000015258789,34.880001068115234,691800,0.0,0.0
2023-02-01 00:00:00-05:00,34.900001525878906,36.029998779296875,34.70000076293945,35.7599983215332,661900,0.0,0.0
2023-02-02 00:00:00-05:00,36.310001373291016,36.650001525878906,35.72999954223633,36.279998779296875,792500,0.0,0.0
2023-02-03 00:00:00-05:00,35.529998779296875,36.2599983215332,35.349998474121094,35.5,608500,0.0,0.0
2023-02-06 00:00:00-05:00,35.029998779296875,35.36000061035156,34.810001373291016,34.93000030517578,716300,0.0,0.0
2023-02-07 00:00:00-05:00,34.83000183105469,35.65999984741211,34.650001525878906,35.439998626708984,548100,0.0,0.0
2023-02-08 00:00:00-05:00,35.36000061035156,35.79999923706055,35.0,35.09000015258789,730300,0.0,0.0
2023-02-09 00:00:00-05:00,35.560001373291016,35.84000015258789,34.970001220703125,35.06999969482422,548000,0.0,0.0
2023-02-10 00:00:00-05:00,34.81999969482422,34.95000076293945,34.18000030517578,34.27000045776367,1073000,0.0,0.0
2023-02-13 00:00:00-05:00,36.709999084472656,39.95000076293945,36.31999969482422,39.58000183105469,3921800,0.0,0.0
2023-02-14 00:00:00-05:00,39.709999084472656,41.099998474121094,39.040000915527344,40.65999984741211,2330300,0.0,0.0
2023-02-15 00:00:00-05:00,40.720001220703125,42.45000076293945,40.63999938964844,42.41999816894531,1753700,0.0,0.0
2023-02-16 00:00:00-05:00,41.880001068115234,42.790000915527344,41.61000061035156,42.2599983215332,1354300,0.0,0.0
2023-02-17 00:00:00-05:00,42.11000061035156,42.16999816894531,41.0,41.38999938964844,1491500,0.0,0.0
2023-02-21 00:00:00-05:00,40.90999984741211,41.20000076293945,40.529998779296875,40.779998779296875,974400,0.0,0.0
2023-02-22 00:00:00-05:00,40.790000915527344,41.2400016784668,40.56999969482422,41.20000076293945,1258800,0.0,0.0
2023-02-23 00:00:00-05:00,41.79999923706055,41.79999923706055,40.880001068115234,41.540000915527344,693700,0.0,0.0
2023-02-24 00:00:00-05:00,40.619998931884766,41.439998626708984,40.619998931884766,41.22999954223633,511500,0.0,0.0
2023-02-27 00:00:00-05:00,41.5,41.72999954223633,41.16999816894531,41.29999923706055,754500,0.0,0.0
2023-02-28 00:00:00-05:00,41.119998931884766,41.5099983215332,40.7599983215332,40.7599983215332,1401200,0.0,0.0
2023-03-01 00:00:00-05:00,40.7400016784668,41.2400016784668,40.58000183105469,40.88999938964844,928200,0.0,0.0
2023-03-02 00:00:00-05:00,40.31999969482422,40.470001220703125,39.02000045776367,40.2599983215332,1501200,0.0,0.0
2023-03-03 00:00:00-05:00,40.5,40.970001220703125,40.2400016784668,40.43000030517578,1711800,0.0,0.0
2023-03-06 00:00:00-05:00,40.45000076293945,40.45000076293945,39.65999984741211,40.15999984741211,1623400,0.0,0.0
2023-03-07 00:00:00-05:00,40.2400016784668,40.77000045776367,39.439998626708984,39.75,1076100,0.0,0.0
2023-03-08 00:00:00-05:00,39.849998474121094,40.29999923706055,39.83000183105469,39.93000030517578,911900,0.0,0.0
2023-03-09 00:00:00-05:00,40.040000915527344,40.2400016784668,38.75,38.79999923706055,641600,0.0,0.0
2023-03-10 00:00:00-05:00,38.630001068115234,38.77000045776367,37.5099983215332,37.779998779296875,858200,0.0,0.0
2023-03-13 00:00:00-04:00,37.459999084472656,37.7599983215332,36.66999816894531,37.0099983215332,1332700,0.0,0.0
2023-03-14 00:00:00-04:00,37.66999816894531,38.099998474121094,37.34000015258789,37.72999954223633,1295800,0.0,0.0
2023-03-15 00:00:00-04:00,37.04999923706055,37.45000076293945,36.709999084472656,37.16999816894531,1184400,0.0,0.0
2023-03-16 00:00:00-04:00,36.93000030517578,38.20000076293945,36.93000030517578,37.9900016784668,766400,0.0,0.0
2023-03-17 00:00:00-04:00,37.86000061035156,38.2599983215332,37.349998474121094,37.849998474121094,1370900,0.0,0.0
2023-03-20 00:00:00-04:00,37.86000061035156,38.689998626708984,37.81999969482422,38.630001068115234,900700,0.0,0.0
2023-03-21 00:00:00-04:00,38.88999938964844,39.15999984741211,38.66999816894531,39.04999923706055,877300,0.0,0.0
2023-03-22 00:00:00-04:00,38.93000030517578,39.560001373291016,38.2599983215332,38.33000183105469,949800,0.0,0.0
2023-03-23 00:00:00-04:00,38.63999938964844,39.029998779296875,38.040000915527344,38.25,758200,0.0,0.0
2023-03-24 00:00:00-04:00,38.15999984741211,38.47999954223633,38.029998779296875,38.380001068115234,564000,0.0,0.0
2023-03-27 00:00:00-04:00,38.54999923706055,39.130001068115234,38.459999084472656,39.060001373291016,663800,0.0,0.0
2023-03-28 00:00:00-04:00,39.0,39.029998779296875,38.439998626708984,38.72999954223633,920000,0.0,0.0
2023-03-29 00:00:00-04:00,39.06999969482422,39.4900016784668,38.900001525878906,39.25,929900,0.0,0.0
2023-03-30 00:00:00-04:00,39.439998626708984,39.709999084472656,39.189998626708984,39.29999923706055,481300,0.0,0.0
2023-03-31 00:00:00-04:00,39.470001220703125,40.31999969482422,39.38999938964844,40.279998779296875,1063100,0.0,0.0
2023-04-03 00:00:00-04:00,40.150001525878906,40.91999816894531,40.04999923706055,40.91999816894531,779000,0.0,0.0
2023-04-04 00:00:00-04:00,40.880001068115234,41.0099983215332,40.5,40.790000915527344,593300,0.0,0.0
2023-04-05 00:00:00-04:00,40.619998931884766,40.779998779296875,39.90999984741211,40.22999954223633,522000,0.0,0.0
2023-04-06 00:00:00-04:00,40.08000183105469,40.369998931884766,39.689998626708984,40.189998626708984,762700,0.0,0.0
2023-04-10 00:00:00-04:00,39.790000915527344,40.34000015258789,39.75,40.18000030517578,624000,0.0,0.0
2023-04-11 00:00:00-04:00,40.0,40.43000030517578,39.880001068115234,40.20000076293945,665900,0.0,0.0
2023-04-12 00:00:00-04:00,40.4900016784668,40.4900016784668,39.939998626708984,40.099998474121094,949800,0.0,0.0
2023-04-13 00:00:00-04:00,40.400001525878906,40.810001373291016,40.27000045776367,40.72999954223633,830400,0.0,0.0
2023-04-14 00:00:00-04:00,40.52000045776367,40.90999984741211,40.470001220703125,40.7400016784668,757300,0.0,0.0
2023-04-17 00:00:00-04:00,40.7400016784668,40.959999084472656,40.599998474121094,40.84000015258789,552800,0.0,0.0
2023-04-18 00:00:00-04:00,41.04999923706055,41.099998474121094,40.650001525878906,40.84000015258789,648900,0.0,0.0
2023-04-19 00:00:00-04:00,40.54999923706055,40.779998779296875,40.06999969482422,40.56999969482422,417300,0.0,0.0
2023-04-20 00:00:00-04:00,40.15999984741211,40.36000061035156,39.869998931884766,39.90999984741211,409300,0.0,0.0
2023-04-21 00:00:00-04:00,39.97999954223633,40.349998474121094,39.95000076293945,40.0099983215332,685600,0.0,0.0
2023-04-24 00:00:00-04:00,40.08000183105469,40.22999954223633,39.369998931884766,39.439998626708984,483300,0.0,0.0
2023-04-25 00:00:00-04:00,38.97999954223633,38.97999954223633,37.72999954223633,37.7400016784668,833200,0.0,0.0
2023-04-26 00:00:00-04:00,37.880001068115234,38.61000061035156,37.66999816894531,38.099998474121094,509900,0.0,0.0
2023-04-27 00:00:00-04:00,38.40999984741211,38.68000030517578,38.08000183105469,38.56999969482422,458400,0.0,0.0
2023-04-28 00:00:00-04:00,38.34000015258789,38.77000045776367,38.09000015258789,38.709999084472656,687400,0.0,0.0
2023-05-01 00:00:00-04:00,40.849998474121094,41.95000076293945,40.75,41.040000915527344,1276900,0.0,0.0
2023-05-02 00:00:00-04:00,40.939998626708984,41.2400016784668,40.29999923706055,40.970001220703125,967800,0.0,0.0
2023-05-03 00:00:00-04:00,41.0099983215332,41.619998931884766,41.0099983215332,41.130001068115234,1022300,0.0,0.0
2023-05-04 00:00:00-04:00,41.16999816894531,41.56999969482422,40.72999954223633,41.09000015258789,985900,0.0,0.0
2023-05-05 00:00:00-04:00,43.0,45.38999938964844,41.630001068115234,44.54999923706055,1960100,0.0,0.0
2023-05-08 00:00:00-04:00,44.06999969482422,44.43000030517578,43.16999816894531,44.25,1298200,0.0,0.0
2023-05-09 00:00:00-04:00,44.20000076293945,44.45000076293945,43.88999938964844,44.0099983215332,713100,0.0,0.0
2023-05-10 00:00:00-04:00,44.4900016784668,45.400001525878906,44.04999923706055,44.84000015258789,1131100,0.0,0.0
2023-05-11 00:00:00-04:00,44.52000045776367,44.65999984741211,43.779998779296875,44.16999816894531,821700,0.0,0.0
2023-05-12 00:00:00-04:00,44.209999084472656,44.380001068115234,43.88999938964844,44.0,645100,0.0,0.0
2023-05-15 00:00:00-04:00,43.9900016784668,44.880001068115234,43.790000915527344,44.650001525878906,591500,0.0,0.0
2023-05-16 00:00:00-04:00,44.4900016784668,44.560001373291016,43.9900016784668,44.09000015258789,522200,0.0,0.0
2023-05-17 00:00:00-04:00,44.40999984741211,45.18000030517578,44.099998474121094,44.9900016784668,754400,0.0,0.0
2023-05-18 00:00:00-04:00,45.040000915527344,46.5099983215332,45.040000915527344,46.400001525878906,884400,0.0,0.0
2023-05-19 00:00:00-04:00,46.52000045776367,46.529998779296875,45.7400016784668,46.0099983215332,786000,0.0,0.0
2023-05-22 00:00:00-04:00,45.880001068115234,46.279998779296875,45.5,45.59000015258789,561700,0.0,0.0
2023-05-23 00:00:00-04:00,45.5,45.779998779296875,44.47999954223633,44.709999084472656,779500,0.0,0.0
2023-05-24 00:00:00-04:00,44.380001068115234,44.7599983215332,44.18000030517578,44.65999984741211,592000,0.0,0.0
2023-05-25 00:00:00-04:00,44.93000030517578,45.27000045776367,44.720001220703125,45.0099983215332,694400,0.0,0.0
2023-05-26 00:00:00-04:00,45.16999816894531,47.290000915527344,45.119998931884766,46.810001373291016,1966900,0.0,0.0
2023-05-30 00:00:00-04:00,47.150001525878906,47.439998626708984,46.59000015258789,47.31999969482422,635200,0.0,0.0
2023-05-31 00:00:00-04:00,47.0,47.349998474121094,45.869998931884766,46.86000061035156,1304200,0.0,0.0
2023-06-01 00:00:00-04:00,46.619998931884766,47.189998626708984,46.54999923706055,46.91999816894531,764500,0.0,0.0
2023-06-02 00:00:00-04:00,47.22999954223633,48.79999923706055,46.970001220703125,48.65999984741211,984900,0.0,0.0
2023-06-05 00:00:00-04:00,48.099998474121094,48.599998474121094,47.83000183105469,48.2400016784668,472100,0.0,0.0
2023-06-06 00:00:00-04:00,48.290000915527344,48.77000045776367,48.11000061035156,48.540000915527344,564300,0.0,0.0
2023-06-07 00:00:00-04:00,48.58000183105469,48.900001525878906,47.400001525878906,47.709999084472656,809800,0.0,0.0
2023-06-08 00:00:00-04:00,47.61000061035156,48.93000030517578,47.61000061035156,48.540000915527344,755000,0.0,0.0
2023-06-09 00:00:00-04:00,48.5,49.25,48.380001068115234,49.11000061035156,589900,0.0,0.0
2023-06-12 00:00:00-04:00,49.279998779296875,50.400001525878906,49.209999084472656,50.220001220703125,817200,0.0,0.0
2023-06-13 00:00:00-04:00,50.529998779296875,50.95000076293945,50.29999923706055,50.75,1123500,0.0,0.0
2023-06-14 00:00:00-04:00,50.7400016784668,51.75,50.40999984741211,51.290000915527344,932800,0.0,0.0
2023-06-15 00:00:00-04:00,50.84000015258789,51.689998626708984,50.7400016784668,51.27000045776367,1771300,0.0,0.0
2023-06-16 00:00:00-04:00,51.65999984741211,52.20000076293945,51.400001525878906,51.880001068115234,1914300,0.0,0.0
2023-06-20 00:00:00-04:00,51.41999816894531,52.16999816894531,51.38999938964844,51.47999954223633,795400,0.0,0.0
2023-06-21 00:00:00-04:00,51.38999938964844,51.77000045776367,50.900001525878906,51.400001525878906,1056400,0.0,0.0
2023-06-22 00:00:00-04:00,51.22999954223633,51.959999084472656,50.90999984741211,51.86000061035156,786700,0.0,0.0
2023-06-23 00:00:00-04:00,51.38999938964844,51.83000183105469,51.20000076293945,51.310001373291016,2026900,0.0,0.0
2023-06-26 00:00:00-04:00,51.09000015258789,51.43000030517578,50.59000015258789,50.689998626708984,643700,0.0,0.0
2023-06-27 00:00:00-04:00,50.90999984741211,51.75,50.7400016784668,51.5099983215332,682100,0.0,0.0
2023-06-28 00:00:00-04:00,51.369998931884766,52.68000030517578,51.2599983215332,52.31999969482422,1086200,0.0,0.0
2023-06-29 00:00:00-04:00,52.41999816894531,52.869998931884766,52.189998626708984,52.709999084472656,591500,0.0,0.0
2023-06-30 00:00:00-04:00,52.9900016784668,53.7400016784668,52.93000030517578,53.40999984741211,708700,0.0,0.0
2023-07-03 00:00:00-04:00,53.29999923706055,53.86000061035156,53.06999969482422,53.709999084472656,329800,0.0,0.0
2023-07-05 00:00:00-04:00,53.279998779296875,53.63999938964844,52.869998931884766,52.91999816894531,741900,0.0,0.0
2023-07-06 00:00:00-04:00,52.68000030517578,52.84000015258789,51.91999816894531,52.61000061035156,844900,0.0,0.0
2023-07-07 00:00:00-04:00,52.630001068115234,53.61000061035156,52.630001068115234,53.220001220703125,929600,0.0,0.0
2023-07-10 00:00:00-04:00,53.099998474121094,54.58000183105469,53.099998474121094,54.560001373291016,721900,0.0,0.0
2023-07-11 00:00:00-04:00,54.70000076293945,55.11000061035156,54.220001220703125,54.959999084472656,769500,0.0,0.0
2023-07-12 00:00:00-04:00,55.630001068115234,55.959999084472656,55.380001068115234,55.66999816894531,923000,0.0,0.0
2023-07-13 00:00:00-04:00,55.900001525878906,56.75,55.869998931884766,56.380001068115234,1677500,0.0,0.0
2023-07-14 00:00:00-04:00,56.2599983215332,56.400001525878906,55.84000015258789,56.0099983215332,768900,0.0,0.0
2023-07-17 00:00:00-04:00,55.779998779296875,56.75,55.619998931884766,56.290000915527344,2028300,0.0,0.0
2023-07-18 00:00:00-04:00,56.13999938964844,57.060001373291016,55.869998931884766,57.0099983215332,1243600,0.0,0.0
2023-07-19 00:00:00-04:00,57.09000015258789,57.20000076293945,55.86000061035156,55.900001525878906,878100,0.0,0.0
2023-07-20 00:00:00-04:00,55.72999954223633,56.189998626708984,54.650001525878906,54.83000183105469,1246900,0.0,0.0
2023-07-21 00:00:00-04:00,55.38999938964844,55.619998931884766,54.97999954223633,55.040000915527344,695200,0.0,0.0
2023-07-24 00:00:00-04:00,55.20000076293945,55.36000061035156,54.79999923706055,55.33000183105469,670500,0.0,0.0
2023-07-25 00:00:00-04:00,55.4900016784668,56.0099983215332,55.4900016784668,55.939998626708984,561900,0.0,0.0
2023-07-26 00:00:00-04:00,55.77000045776367,56.029998779296875,54.84000015258789,55.06999969482422,787200,0.0,0.0
2023-07-27 00:00:00-04:00,55.709999084472656,56.029998779296875,54.84000015258789,54.939998626708984,774700,0.0,0.0
2023-07-28 00:00:00-04:00,55.4900016784668,55.65999984741211,55.119998931884766,55.34000015258789,724300,0.0,0.0
2023-07-31 00:00:00-04:00,55.5099983215332,56.90999984741211,55.5099983215332,56.849998474121094,880700,0.0,0.0
2023-08-01 00:00:00-04:00,56.45000076293945,57.72999954223633,56.31999969482422,57.40999984741211,1013800,0.0,0.0
2023-08-02 00:00:00-04:00,56.58000183105469,56.58000183105469,55.0,55.41999816894531,1031800,0.0,0.0
2023-08-03 00:00:00-04:00,55.439998626708984,55.7599983215332,55.040000915527344,55.43000030517578,1170300,0.0,0.0
2023-08-04 00:00:00-04:00,55.84000015258789,56.310001373291016,54.91999816894531,55.70000076293945,992500,0.0,0.0
2023-08-07 00:00:00-04:00,56.119998931884766,56.119998931884766,54.619998931884766,55.47999954223633,1439700,0.0,0.0
2023-08-08 00:00:00-04:00,54.279998779296875,54.279998779296875,46.06999969482422,46.08000183105469,4002100,0.0,0.0
2023-08-09 00:00:00-04:00,46.369998931884766,46.689998626708984,45.58000183105469,45.90999984741211,2683000,0.0,0.0
2023-08-10 00:00:00-04:00,46.279998779296875,46.880001068115234,45.040000915527344,45.18000030517578,1754000,0.0,0.0
2023-08-11 00:00:00-04:00,45.04999923706055,46.33000183105469,44.689998626708984,44.939998626708984,1470000,0.0,0.0
2023-08-14 00:00:00-04:00,44.900001525878906,45.52000045776367,44.58000183105469,45.0099983215332,1520200,0.0,0.0
2023-08-15 00:00:00-04:00,44.86000061035156,46.0,44.79999923706055,45.11000061035156,1119200,0.0,0.0
2023-08-16 00:00:00-04:00,44.84000015258789,45.2599983215332,44.27000045776367,44.31999969482422,1197700,0.0,0.0
2023-08-17 00:00:00-04:00,44.2599983215332,44.56999969482422,43.880001068115234,43.90999984741211,1054900,0.0,0.0
2023-08-18 00:00:00-04:00,43.5,44.220001220703125,43.4900016784668,43.81999969482422,1352900,0.0,0.0
2023-08-21 00:00:00-04:00,43.880001068115234,44.119998931884766,43.29999923706055,43.810001373291016,1436300,0.0,0.0
2023-08-22 00:00:00-04:00,44.22999954223633,44.720001220703125,44.02000045776367,44.20000076293945,1456300,0.0,0.0
2023-08-23 00:00:00-04:00,44.40999984741211,44.84000015258789,44.369998931884766,44.66999816894531,1001600,0.0,0.0
2023-08-24 00:00:00-04:00,45.0099983215332,45.029998779296875,43.75,43.849998474121094,737100,0.0,0.0
2023-08-25 00:00:00-04:00,44.040000915527344,44.77000045776367,43.810001373291016,44.33000183105469,749200,0.0,0.0
2023-08-28 00:00:00-04:00,44.47999954223633,45.5,44.47999954223633,45.08000183105469,662100,0.0,0.0
2023-08-29 00:00:00-04:00,45.11000061035156,46.220001220703125,45.09000015258789,45.77000045776367,898900,0.0,0.0
2023-08-30 00:00:00-04:00,45.59000015258789,46.400001525878906,45.5,46.099998474121094,624800,0.0,0.0
2023-08-31 00:00:00-04:00,46.29999923706055,46.70000076293945,45.91999816894531,46.27000045776367,1086000,0.0,0.0
2023-09-01 00:00:00-04:00,46.52000045776367,46.75,45.75,45.869998931884766,925600,0.0,0.0
2023-09-05 00:00:00-04:00,45.290000915527344,45.4900016784668,44.45000076293945,44.88999938964844,976600,0.0,0.0
2023-09-06 00:00:00-04:00,44.65999984741211,45.11000061035156,44.459999084472656,44.810001373291016,661700,0.0,0.0
2023-09-07 00:00:00-04:00,44.25,44.779998779296875,43.900001525878906,44.36000061035156,879200,0.0,0.0
2023-09-08 00:00:00-04:00,44.33000183105469,44.630001068115234,43.970001220703125,44.099998474121094,662100,0.0,0.0
2023-09-11 00:00:00-04:00,44.43000030517578,44.59000015258789,44.209999084472656,44.41999816894531,791000,0.0,0.0
2023-09-12 00:00:00-04:00,43.75,44.33000183105469,43.529998779296875,44.029998779296875,924800,0.0,0.0
2023-09-13 00:00:00-04:00,44.06999969482422,44.709999084472656,43.939998626708984,44.2599983215332,824700,0.0,0.0
2023-09-14 00:00:00-04:00,44.2599983215332,44.900001525878906,44.130001068115234,44.869998931884766,1149200,0.0,0.0
2023-09-15 00:00:00-04:00,44.720001220703125,44.9900016784668,44.150001525878906,44.630001068115234,2051100,0.0,0.0
2023-09-18 00:00:00-04:00,45.0099983215332,45.65999984741211,44.38999938964844,44.84000015258789,1164200,0.0,0.0
2023-09-19 00:00:00-04:00,44.869998931884766,45.2400016784668,44.56999969482422,44.93000030517578,819700,0.0,0.0
2023-09-20 00:00:00-04:00,45.040000915527344,45.869998931884766,45.029998779296875,45.2599983215332,784200,0.0,0.0
2023-09-21 00:00:00-04:00,44.79999923706055,44.900001525878906,43.9900016784668,44.040000915527344,801000,0.0,0.0
2023-09-22 00:00:00-04:00,44.349998474121094,44.90999984741211,44.20000076293945,44.369998931884766,618200,0.0,0.0
2023-09-25 00:00:00-04:00,44.13999938964844,44.9900016784668,44.13999938964844,44.529998779296875,617700,0.0,0.0
2023-09-26 00:00:00-04:00,44.41999816894531,44.630001068115234,43.560001373291016,44.0,688500,0.0,0.0
2023-09-27 00:00:00-04:00,44.08000183105469,44.540000915527344,43.689998626708984,44.33000183105469,624200,0.0,0.0
2023-09-28 00:00:00-04:00,44.869998931884766,45.959999084472656,44.70000076293945,45.5099983215332,734400,0.0,0.0
2023-09-29 00:00:00-04:00,45.88999938964844,46.08000183105469,45.0,45.02000045776367,995000,0.0,0.0
2023-10-02 00:00:00-04:00,45.0099983215332,45.599998474121094,44.90999984741211,45.2400016784668,520800,0.0,0.0
2023-10-03 00:00:00-04:00,45.0,45.16999816894531,43.58000183105469,43.9900016784668,645800,0.0,0.0
2023-10-04 00:00:00-04:00,44.2599983215332,44.900001525878906,44.09000015258789,44.880001068115234,931300,0.0,0.0
2023-10-05 00:00:00-04:00,44.720001220703125,45.279998779296875,44.65999984741211,45.099998474121094,792300,0.0,0.0
2023-10-06 00:00:00-04:00,44.81999969482422,46.41999816894531,44.79999923706055,46.209999084472656,764100,0.0,0.0
2023-10-09 00:00:00-04:00,45.7599983215332,46.029998779296875,45.189998626708984,45.7400016784668,597500,0.0,0.0
2023-10-10 00:00:00-04:00,45.959999084472656,46.619998931884766,45.959999084472656,46.04999923706055,601000,0.0,0.0
2023-10-11 00:00:00-04:00,46.150001525878906,46.72999954223633,46.0,46.11000061035156,586000,0.0,0.0
2023-10-12 00:00:00-04:00,46.06999969482422,46.06999969482422,44.5,44.560001373291016,708600,0.0,0.0
2023-10-13 00:00:00-04:00,44.52000045776367,44.59000015258789,43.88999938964844,44.16999816894531,476800,0.0,0.0
2023-10-16 00:00:00-04:00,44.58000183105469,45.31999969482422,44.400001525878906,45.08000183105469,454700,0.0,0.0
2023-10-17 00:00:00-04:00,44.11000061035156,45.650001525878906,44.11000061035156,45.040000915527344,789900,0.0,0.0
2023-10-18 00:00:00-04:00,44.66999816894531,45.15999984741211,44.439998626708984,44.65999984741211,405000,0.0,0.0
2023-10-19 00:00:00-04:00,44.720001220703125,44.93000030517578,43.849998474121094,44.04999923706055,417000,0.0,0.0
2023-10-20 00:00:00-04:00,44.209999084472656,44.209999084472656,43.13999938964844,43.47999954223633,433700,0.0,0.0
2023-10-23 00:00:00-04:00,43.290000915527344,43.91999816894531,43.13999938964844,43.52000045776367,690400,0.0,0.0
2023-10-24 00:00:00-04:00,43.77000045776367,44.13999938964844,43.310001373291016,43.900001525878906,569500,0.0,0.0
2023-10-25 00:00:00-04:00,43.560001373291016,43.72999954223633,42.459999084472656,42.66999816894531,796700,0.0,0.0
2023-10-26 00:00:00-04:00,43.0099983215332,43.04999923706055,42.20000076293945,42.2599983215332,465800,0.0,0.0
2023-10-27 00:00:00-04:00,42.310001373291016,42.810001373291016,42.13999938964844,42.220001220703125,503500,0.0,0.0
2023-10-30 00:00:00-04:00,42.4900016784668,42.65999984741211,41.84000015258789,42.22999954223633,882700,0.0,0.0
2023-10-31 00:00:00-04:00,42.52000045776367,42.790000915527344,42.15999984741211,42.720001220703125,770900,0.0,0.0
2023-11-01 00:00:00-04:00,42.65999984741211,42.83000183105469,42.189998626708984,42.45000076293945,868700,0.0,0.0
2023-11-02 00:00:00-04:00,43.29999923706055,43.5099983215332,42.779998779296875,43.11000061035156,1034300,0.0,0.0
2023-11-03 00:00:00-04:00,43.58000183105469,44.63999938964844,43.45000076293945,44.5,1252200,0.0,0.0
2023-11-06 00:00:00-05:00,44.439998626708984,45.0,44.130001068115234,44.959999084472656,1845600,0.0,0.0
2023-11-07 00:00:00-05:00,46.400001525878906,48.25,45.29999923706055,45.630001068115234,1663800,0.0,0.0
2023-11-08 00:00:00-05:00,45.58000183105469,46.56999969482422,45.36000061035156,46.34000015258789,941200,0.0,0.0
2023-11-09 00:00:00-05:00,46.439998626708984,46.650001525878906,46.04999923706055,46.13999938964844,878200,0.0,0.0
2023-11-10 00:00:00-05:00,46.0,46.709999084472656,45.5099983215332,46.70000076293945,507000,0.0,0.0
2023-11-13 00:00:00-05:00,46.599998474121094,46.849998474121094,46.2400016784668,46.5099983215332,556400,0.0,0.0
2023-11-14 00:00:00-05:00,47.540000915527344,47.88999938964844,47.06999969482422,47.790000915527344,752800,0.0,0.0
2023-11-15 00:00:00-05:00,47.95000076293945,48.400001525878906,47.29999923706055,47.349998474121094,834500,0.0,0.0
2023-11-16 00:00:00-05:00,47.04999923706055,47.290000915527344,46.130001068115234,46.619998931884766,950200,0.0,0.0
2023-11-17 00:00:00-05:00,46.56999969482422,47.34000015258789,46.540000915527344,47.279998779296875,596100,0.0,0.0
2023-11-20 00:00:00-05:00,47.36000061035156,47.880001068115234,47.36000061035156,47.4900016784668,452300,0.0,0.0
2023-11-21 00:00:00-05:00,47.349998474121094,47.70000076293945,46.9900016784668,47.470001220703125,537900,0.0,0.0
2023-11-22 00:00:00-05:00,47.81999969482422,47.81999969482422,47.02000045776367,47.15999984741211,496200,0.0,0.0
2023-11-24 00:00:00-05:00,47.06999969482422,47.310001373291016,46.900001525878906,47.27000045776367,186200,0.0,0.0
2023-11-27 00:00:00-05:00,47.04999923706055,47.31999969482422,46.84000015258789,47.130001068115234,468700,0.0,0.0
2023-11-28 00:00:00-05:00,46.939998626708984,47.349998474121094,46.75,47.209999084472656,449500,0.0,0.0
2023-11-29 00:00:00-05:00,47.650001525878906,47.7599983215332,47.060001373291016,47.310001373291016,608500,0.0,0.0
2023-11-30 00:00:00-05:00,47.439998626708984,47.5,46.66999816894531,47.25,1261600,0.0,0.0
2023-12-01 00:00:00-05:00,47.38999938964844,47.720001220703125,47.04999923706055,47.720001220703125,847000,0.0,0.0
2023-12-04 00:00:00-05:00,47.5,47.86000061035156,47.09000015258789,47.84000015258789,882100,0.0,0.0
2023-12-05 00:00:00-05:00,47.439998626708984,48.060001373291016,47.34000015258789,47.56999969482422,719600,0.0,0.0
2023-12-06 00:00:00-05:00,47.630001068115234,47.810001373291016,46.2400016784668,46.290000915527344,748000,0.0,0.0
2023-12-07 00:00:00-05:00,46.38999938964844,46.68000030517578,41.88999938964844,43.400001525878906,3029300,0.0,0.0
2023-12-08 00:00:00-05:00,43.290000915527344,44.0,42.529998779296875,43.43000030517578,1425800,0.0,0.0
2023-12-11 00:00:00-05:00,43.41999816894531,43.86000061035156,42.689998626708984,43.79999923706055,816900,0.0,0.0
2023-12-12 00:00:00-05:00,43.5099983215332,43.68000030517578,42.439998626708984,42.709999084472656,1324600,0.0,0.0
2023-12-13 00:00:00-05:00,42.7400016784668,42.959999084472656,42.0099983215332,42.810001373291016,1195600,0.0,0.0
2023-12-14 00:00:00-05:00,42.849998474121094,43.220001220703125,41.939998626708984,42.439998626708984,2886100,0.0,0.0
2023-12-15 00:00:00-05:00,42.619998931884766,43.15999984741211,42.099998474121094,42.869998931884766,2775500,0.0,0.0
2023-12-18 00:00:00-05:00,42.86000061035156,43.900001525878906,42.77000045776367,43.459999084472656,814400,0.0,0.0
2023-12-19 00:00:00-05:00,43.63999938964844,43.84000015258789,43.04999923706055,43.75,730700,0.0,0.0
2023-12-20 00:00:00-05:00,43.459999084472656,44.040000915527344,43.25,43.34000015258789,831500,0.0,0.0
2023-12-21 00:00:00-05:00,43.869998931884766,44.130001068115234,43.29999923706055,44.02000045776367,585800,0.0,0.0
2023-12-22 00:00:00-05:00,44.11000061035156,44.29999923706055,43.90999984741211,44.099998474121094,473800,0.0,0.0
2023-12-26 00:00:00-05:00,44.11000061035156,44.380001068115234,43.95000076293945,44.119998931884766,458000,0.0,0.0
2023-12-27 00:00:00-05:00,44.04999923706055,44.31999969482422,43.900001525878906,43.959999084472656,427500,0.0,0.0
2023-12-28 00:00:00-05:00,43.88999938964844,43.97999954223633,43.540000915527344,43.66999816894531,364600,0.0,0.0
2023-12-29 00:00:00-05:00,43.650001525878906,43.79999923706055,43.380001068115234,43.5099983215332,501300,0.0,0.0
2024-01-02 00:00:00-05:00,43.209999084472656,43.810001373291016,42.7400016784668,43.779998779296875,1081800,0.0,0.0
2024-01-03 00:00:00-05:00,43.18000030517578,43.43000030517578,42.45000076293945,42.5,784800,0.0,0.0
2024-01-04 00:00:00-05:00,42.310001373291016,42.939998626708984,42.29999923706055,42.65999984741211,868300,0.0,0.0
2024-01-05 00:00:00-05:00,42.540000915527344,42.939998626708984,42.220001220703125,42.4900016784668,804900,0.0,0.0
2024-01-08 00:00:00-05:00,42.93000030517578,43.59000015258789,42.650001525878906,43.59000015258789,560800,0.0,0.0
2024-01-09 00:00:00-05:00,43.34000015258789,43.939998626708984,43.290000915527344,43.869998931884766,712600,0.0,0.0
2024-01-10 00:00:00-05:00,43.849998474121094,44.61000061035156,43.790000915527344,44.56999969482422,712200,0.0,0.0
2024-01-11 00:00:00-05:00,44.70000076293945,45.63999938964844,44.15999984741211,45.58000183105469,963900,0.0,0.0
2024-01-12 00:00:00-05:00,45.900001525878906,48.02000045776367,45.86000061035156,47.869998931884766,1300000,0.0,0.0
2024-01-16 00:00:00-05:00,47.43000030517578,48.2400016784668,46.93000030517578,47.52000045776367,1053900,0.0,0.0
2024-01-17 00:00:00-05:00,47.04999923706055,47.22999954223633,46.650001525878906,46.95000076293945,830100,0.0,0.0
2024-01-18 00:00:00-05:00,47.56999969482422,48.15999984741211,47.04999923706055,47.970001220703125,873100,0.0,0.0
2024-01-19 00:00:00-05:00,48.2400016784668,48.2400016784668,47.689998626708984,48.0,538600,0.0,0.0
2024-01-22 00:00:00-05:00,48.5099983215332,49.290000915527344,48.36000061035156,48.689998626708984,602200,0.0,0.0
2024-01-23 00:00:00-05:00,48.849998474121094,48.970001220703125,47.720001220703125,47.7599983215332,573000,0.0,0.0
2024-01-24 00:00:00-05:00,48.189998626708984,48.34000015258789,47.59000015258789,47.849998474121094,538700,0.0,0.0
2024-01-25 00:00:00-05:00,48.31999969482422,48.45000076293945,47.400001525878906,47.7599983215332,561600,0.0,0.0
2024-01-26 00:00:00-05:00,47.72999954223633,48.13999938964844,47.5,47.619998931884766,1372400,0.0,0.0
2024-01-29 00:00:00-05:00,47.630001068115234,48.029998779296875,47.290000915527344,47.630001068115234,753900,0.0,0.0
2024-01-30 00:00:00-05:00,47.540000915527344,47.9900016784668,47.189998626708984,47.540000915527344,521400,0.0,0.0
2024-01-31 00:00:00-05:00,47.27000045776367,47.27000045776367,46.099998474121094,46.18000030517578,760500,0.0,0.0
2024-02-01 00:00:00-05:00,46.27000045776367,47.84000015258789,46.209999084472656,47.709999084472656,859900,0.0,0.0
2024-02-02 00:00:00-05:00,47.70000076293945,48.22999954223633,47.279998779296875,47.93000030517578,524600,0.0,0.0
2024-02-05 00:00:00-05:00,47.86000061035156,47.970001220703125,47.220001220703125,47.540000915527344,448800,0.0,0.0
2024-02-06 00:00:00-05:00,47.66999816894531,47.95000076293945,47.25,47.38999938964844,463700,0.0,0.0
2024-02-07 00:00:00-05:00,47.709999084472656,48.400001525878906,47.38999938964844,48.2400016784668,726900,0.0,0.0
2024-02-08 00:00:00-05:00,48.11000061035156,49.150001525878906,48.11000061035156,48.66999816894531,526700,0.0,0.0
2024-02-09 00:00:00-05:00,48.97999954223633,49.29999923706055,48.810001373291016,48.9900016784668,740900,0.0,0.0
2024-02-12 00:00:00-05:00,49.0,49.439998626708984,48.52000045776367,48.790000915527344,1479300,0.0,0.0
2024-02-13 00:00:00-05:00,38.9900016784668,39.119998931884766,36.720001220703125,38.220001220703125,7190700,0.0,0.0
2024-02-14 00:00:00-05:00,38.27000045776367,39.09000015258789,37.75,38.81999969482422,2677000,0.0,0.0
2024-02-15 00:00:00-05:00,38.83000183105469,38.93000030517578,37.790000915527344,37.959999084472656,2855700,0.0,0.0
2024-02-16 00:00:00-05:00,37.79999923706055,38.29999923706055,37.349998474121094,37.38999938964844,1535600,0.0,0.0
2024-02-20 00:00:00-05:00,37.25,38.13999938964844,37.220001220703125,38.130001068115234,1465000,0.0,0.0
2024-02-21 00:00:00-05:00,37.439998626708984,38.130001068115234,37.439998626708984,37.689998626708984,978500,0.0,0.0
2024-02-22 00:00:00-05:00,38.290000915527344,38.529998779296875,37.540000915527344,38.40999984741211,1273400,0.0,0.0
2024-02-23 00:00:00-05:00,39.0,39.0,37.72999954223633,37.810001373291016,1165900,0.0,0.0
2024-02-26 00:00:00-05:00,37.810001373291016,38.43000030517578,37.59000015258789,37.599998474121094,913100,0.0,0.0
2024-02-27 00:00:00-05:00,37.59000015258789,37.95000076293945,37.209999084472656,37.27000045776367,1274800,0.0,0.0
2024-02-28 00:00:00-05:00,37.0,37.47999954223633,36.84000015258789,36.88999938964844,1627600,0.0,0.0
2024-02-29 00:00:00-05:00,37.11000061035156,37.75,37.11000061035156,37.619998931884766,1862500,0.0,0.0
2024-03-01 00:00:00-05:00,37.45000076293945,38.619998931884766,37.27000045776367,38.560001373291016,1124200,0.0,0.0
2024-03-04 00:00:00-05:00,38.47999954223633,38.7400016784668,37.93000030517578,38.060001373291016,1358500,0.0,0.0
2024-03-05 00:00:00-05:00,37.70000076293945,37.900001525878906,37.2400016784668,37.709999084472656,1168500,0.0,0.0
2024-03-06 00:00:00-05:00,38.279998779296875,38.88999938964844,38.0099983215332,38.81999969482422,1371900,0.0,0.0
2024-03-07 00:00:00-05:00,38.9900016784668,39.189998626708984,38.220001220703125,38.40999984741211,1132600,0.0,0.0
2024-03-08 00:00:00-05:00,38.630001068115234,38.81999969482422,37.91999816894531,38.060001373291016,893300,0.0,0.0
2024-03-11 00:00:00-04:00,37.83000183105469,38.47999954223633,37.83000183105469,38.02000045776367,899800,0.0,0.0
2024-03-12 00:00:00-04:00,38.099998474121094,38.41999816894531,37.869998931884766,38.099998474121094,806400,0.0,0.0
2024-03-13 00:00:00-04:00,38.040000915527344,38.31999969482422,37.93000030517578,38.060001373291016,899400,0.0,0.0
2024-03-14 00:00:00-04:00,38.08000183105469,38.08000183105469,37.529998779296875,37.75,1194400,0.0,0.0
2024-03-15 00:00:00-04:00,37.459999084472656,38.33000183105469,37.459999084472656,37.939998626708984,5145700,0.0,0.0
2024-03-18 00:00:00-04:00,38.0099983215332,38.290000915527344,37.61000061035156,37.68000030517578,1309100,0.0,0.0
2024-03-19 00:00:00-04:00,37.5099983215332,38.220001220703125,37.5099983215332,38.16999816894531,833200,0.0,0.0
2024-03-20 00:00:00-04:00,38.150001525878906,38.15999984741211,37.349998474121094,38.099998474121094,1034300,0.0,0.0
2024-03-21 00:00:00-04:00,38.43000030517578,38.970001220703125,38.029998779296875,38.2400016784668,825800,0.0,0.0
2024-03-22 00:00:00-04:00,38.25,38.36000061035156,37.97999954223633,38.08000183105469,648100,0.0,0.0
2024-03-25 00:00:00-04:00,37.91999816894531,38.58000183105469,37.91999816894531,38.2400016784668,932900,0.0,0.0
2024-03-26 00:00:00-04:00,38.459999084472656,38.79999923706055,38.41999816894531,38.709999084472656,972000,0.0,0.0
2024-03-27 00:00:00-04:00,39.0,39.439998626708984,38.72999954223633,39.369998931884766,1168800,0.0,0.0
2024-03-28 00:00:00-04:00,39.41999816894531,39.70000076293945,38.630001068115234,38.66999816894531,1199800,0.0,0.0
2024-04-01 00:00:00-04:00,38.810001373291016,39.119998931884766,38.20000076293945,38.40999984741211,825300,0.0,0.0
2024-04-02 00:00:00-04:00,37.95000076293945,38.380001068115234,37.68000030517578,38.18000030517578,731700,0.0,0.0
2024-04-03 00:00:00-04:00,37.939998626708984,38.61000061035156,37.939998626708984,38.439998626708984,807700,0.0,0.0
2024-04-04 00:00:00-04:00,38.7599983215332,38.9900016784668,38.439998626708984,38.619998931884766,702400,0.0,0.0
2024-04-05 00:00:00-04:00,38.27000045776367,38.650001525878906,38.130001068115234,38.209999084472656,938000,0.0,0.0
2024-04-08 00:00:00-04:00,38.45000076293945,38.52000045776367,38.04999923706055,38.209999084472656,585100,0.0,0.0
2024-04-09 00:00:00-04:00,38.380001068115234,38.81999969482422,38.36000061035156,38.59000015258789,598900,0.0,0.0
2024-04-10 00:00:00-04:00,37.869998931884766,38.220001220703125,37.560001373291016,37.75,676100,0.0,0.0
2024-04-11 00:00:00-04:00,37.97999954223633,38.31999969482422,37.47999954223633,37.5,865800,0.0,0.0
2024-04-12 00:00:00-04:00,37.25,37.29999923706055,36.22999954223633,36.310001373291016,977800,0.0,0.0
2024-04-15 00:00:00-04:00,36.25,36.5099983215332,35.689998626708984,35.77000045776367,981400,0.0,0.0
2024-04-16 00:00:00-04:00,35.65999984741211,36.5,35.36000061035156,36.25,830700,0.0,0.0
2024-04-17 00:00:00-04:00,36.43000030517578,36.59000015258789,36.22999954223633,36.310001373291016,1134700,0.0,0.0
2024-04-18 00:00:00-04:00,36.5099983215332,37.02000045776367,36.20000076293945,36.75,784100,0.0,0.0
2024-04-19 00:00:00-04:00,36.650001525878906,36.90999984741211,36.18000030517578,36.33000183105469,928300,0.0,0.0
2024-04-22 00:00:00-04:00,36.63999938964844,36.939998626708984,36.439998626708984,36.70000076293945,880000,0.0,0.0
2024-04-23 00:00:00-04:00,36.72999954223633,37.369998931884766,36.70000076293945,36.79999923706055,681800,0.0,0.0
2024-04-24 00:00:00-04:00,36.95000076293945,37.220001220703125,36.70000076293945,37.150001525878906,933800,0.0,0.0
2024-04-25 00:00:00-04:00,36.5099983215332,37.650001525878906,36.5099983215332,37.61000061035156,1010800,0.0,0.0
2024-04-26 00:00:00-04:00,37.619998931884766,38.279998779296875,37.529998779296875,37.66999816894531,886300,0.0,0.0
2024-04-29 00:00:00-04:00,37.779998779296875,38.06999969482422,37.689998626708984,37.86000061035156,820300,0.0,0.0
2024-04-30 00:00:00-04:00,37.599998474121094,38.040000915527344,37.09000015258789,37.099998474121094,1346800,0.0,0.0
2024-05-01 00:00:00-04:00,37.029998779296875,38.20000076293945,37.02000045776367,37.369998931884766,861500,0.0,0.0
2024-05-02 00:00:00-04:00,37.79999923706055,37.79999923706055,37.15999984741211,37.2599983215332,899500,0.0,0.0
2024-05-03 00:00:00-04:00,37.7599983215332,37.95000076293945,36.869998931884766,37.2400016784668,869800,0.0,0.0
2024-05-06 00:00:00-04:00,37.630001068115234,38.45000076293945,37.630001068115234,37.959999084472656,1826700,0.0,0.0
2024-05-07 00:00:00-04:00,32.06999969482422,34.310001373291016,31.610000610351562,32.720001220703125,4526800,0.0,0.0
2024-05-08 00:00:00-04:00,32.7599983215332,33.09000015258789,32.4900016784668,32.70000076293945,1748500,0.0,0.0
2024-05-09 00:00:00-04:00,32.75,33.310001373291016,32.630001068115234,32.880001068115234,1178300,0.0,0.0
2024-05-10 00:00:00-04:00,33.06999969482422,33.470001220703125,32.689998626708984,33.02000045776367,775700,0.0,0.0
2024-05-13 00:00:00-04:00,33.11000061035156,34.20000076293945,32.970001220703125,34.13999938964844,1166100,0.0,0.0
2024-05-14 00:00:00-04:00,34.40999984741211,34.459999084472656,33.52000045776367,33.93000030517578,1116300,0.0,0.0
2024-05-15 00:00:00-04:00,34.33000183105469,34.47999954223633,33.90999984741211,34.279998779296875,808700,0.0,0.0
2024-05-16 00:00:00-04:00,34.2599983215332,34.2599983215332,33.900001525878906,33.959999084472656,569200,0.0,0.0
2024-05-17 00:00:00-04:00,33.95000076293945,34.099998474121094,33.54999923706055,33.56999969482422,478600,0.0,0.0
2024-05-20 00:00:00-04:00,33.529998779296875,33.560001373291016,33.25,33.529998779296875,602000,0.0,0.0
2024-05-21 00:00:00-04:00,33.310001373291016,33.5,32.70000076293945,32.880001068115234,644600,0.0,0.0
2024-05-22 00:00:00-04:00,32.900001525878906,33.29999923706055,32.849998474121094,33.0,690800,0.0,0.0
2024-05-23 00:00:00-04:00,33.18000030517578,33.18000030517578,32.369998931884766,32.65999984741211,886900,0.0,0.0
2024-05-24 00:00:00-04:00,32.65999984741211,32.7400016784668,31.65999984741211,31.850000381469727,964000,0.0,0.0
2024-05-28 00:00:00-04:00,32.150001525878906,32.279998779296875,31.690000534057617,31.8700008392334,762600,0.0,0.0
2024-05-29 00:00:00-04:00,31.530000686645508,31.93000030517578,31.510000228881836,31.760000228881836,754600,0.0,0.0
2024-05-30 00:00:00-04:00,31.670000076293945,31.8799991607666,31.540000915527344,31.670000076293945,924100,0.0,0.0
2024-05-31 00:00:00-04:00,31.709999084472656,32.70000076293945,31.479999542236328,32.61000061035156,1787900,0.0,0.0
2024-06-03 00:00:00-04:00,33.04999923706055,33.060001373291016,32.08000183105469,32.15999984741211,801400,0.0,0.0
2024-06-04 00:00:00-04:00,31.979999542236328,32.2400016784668,31.6200008392334,31.899999618530273,660100,0.0,0.0
2024-06-05 00:00:00-04:00,32.220001220703125,32.290000915527344,31.579999923706055,32.13999938964844,733600,0.0,0.0
2024-06-06 00:00:00-04:00,32.18000030517578,32.25,31.959999084472656,32.15999984741211,636600,0.0,0.0
2024-06-07 00:00:00-04:00,32.029998779296875,32.40999984741211,31.850000381469727,32.310001373291016,538300,0.0,0.0
2024-06-10 00:00:00-04:00,32.0,32.83000183105469,31.860000610351562,32.779998779296875,691300,0.0,0.0
2024-06-11 00:00:00-04:00,32.65999984741211,33.31999969482422,32.439998626708984,33.27000045776367,662900,0.0,0.0
2024-06-12 00:00:00-04:00,33.70000076293945,34.0,33.470001220703125,33.709999084472656,819400,0.0,0.0
2024-06-13 00:00:00-04:00,33.68000030517578,33.849998474121094,33.36000061035156,33.47999954223633,843600,0.0,0.0
2024-06-14 00:00:00-04:00,33.27000045776367,33.5099983215332,32.84000015258789,33.439998626708984,737800,0.0,0.0
2024-06-17 00:00:00-04:00,33.279998779296875,33.43000030517578,32.79999923706055,33.31999969482422,483200,0.0,0.0
2024-06-18 00:00:00-04:00,33.25,33.380001068115234,32.84000015258789,32.93000030517578,521300,0.0,0.0
2024-06-20 00:00:00-04:00,33.0,33.790000915527344,32.84000015258789,33.72999954223633,748300,0.0,0.0
2024-06-21 00:00:00-04:00,33.810001373291016,34.41999816894531,33.810001373291016,34.369998931884766,1952000,0.0,0.0
2024-06-24 00:00:00-04:00,34.119998931884766,34.70000076293945,34.060001373291016,34.29999923706055,615900,0.0,0.0
2024-06-25 00:00:00-04:00,34.349998474121094,34.349998474121094,33.88999938964844,34.09000015258789,536500,0.0,0.0
2024-06-26 00:00:00-04:00,33.9900016784668,34.11000061035156,33.68000030517578,33.91999816894531,551500,0.0,0.0
2024-06-27 00:00:00-04:00,34.06999969482422,34.70000076293945,33.91999816894531,34.63999938964844,528800,0.0,0.0
2024-06-28 00:00:00-04:00,34.790000915527344,35.029998779296875,34.400001525878906,34.560001373291016,1030400,0.0,0.0
2024-07-01 00:00:00-04:00,34.540000915527344,34.90999984741211,34.43000030517578,34.70000076293945,482700,0.0,0.0
2024-07-02 00:00:00-04:00,34.810001373291016,34.91999816894531,34.189998626708984,34.45000076293945,660600,0.0,0.0
2024-07-03 00:00:00-04:00,34.45000076293945,34.7400016784668,34.36000061035156,34.560001373291016,249000,0.0,0.0
2024-07-05 00:00:00-04:00,34.29999923706055,34.33000183105469,33.720001220703125,34.06999969482422,1200000,0.0,0.0
2024-07-08 00:00:00-04:00,34.08000183105469,34.279998779296875,33.810001373291016,33.93000030517578,718000,0.0,0.0
2024-07-09 00:00:00-04:00,33.939998626708984,33.939998626708984,33.11000061035156,33.20000076293945,686800,0.0,0.0
2024-07-10 00:00:00-04:00,33.20000076293945,33.380001068115234,32.86000061035156,33.15999984741211,635600,0.0,0.0
2024-07-11 00:00:00-04:00,33.619998931884766,34.380001068115234,33.41999816894531,34.349998474121094,817000,0.0,0.0
2024-07-12 00:00:00-04:00,34.4900016784668,34.4900016784668,33.970001220703125,34.119998931884766,637300,0.0,0.0
2024-07-15 00:00:00-04:00,34.22999954223633,34.29999923706055,33.790000915527344,33.9900016784668,706900,0.0,0.0
2024-07-16 00:00:00-04:00,34.150001525878906,35.06999969482422,34.060001373291016,34.900001525878906,643700,0.0,0.0
2024-07-17 00:00:00-04:00,34.75,35.13999938964844,34.66999816894531,34.970001220703125,515900,0.0,0.0
2024-07-18 00:00:00-04:00,34.9900016784668,35.599998474121094,34.33000183105469,34.38999938964844,598000,0.0,0.0
2024-07-19 00:00:00-04:00,33.459999084472656,33.650001525878906,30.600000381469727,30.8700008392334,1292700,0.0,0.0
2024-07-22 00:00:00-04:00,31.049999237060547,31.68000030517578,30.520000457763672,31.549999237060547,2578100,0.0,0.0
2024-07-23 00:00:00-04:00,31.68000030517578,32.779998779296875,31.68000030517578,32.29999923706055,727100,0.0,0.0
2024-07-24 00:00:00-04:00,32.189998626708984,32.560001373291016,31.290000915527344,31.329999923706055,969400,0.0,0.0
2024-07-25 00:00:00-04:00,31.459999084472656,32.040000915527344,31.049999237060547,31.709999084472656,658800,0.0,0.0
2024-07-26 00:00:00-04:00,32.060001373291016,32.29999923706055,31.6200008392334,32.13999938964844,814400,0.0,0.0
2024-07-29 00:00:00-04:00,32.209999084472656,32.400001525878906,32.0,32.220001220703125,458600,0.0,0.0
2024-07-30 00:00:00-04:00,32.27000045776367,32.599998474121094,32.08000183105469,32.130001068115234,481200,0.0,0.0
2024-07-31 00:00:00-04:00,32.540000915527344,32.720001220703125,32.0099983215332,32.41999816894531,703000,0.0,0.0
2024-08-01 00:00:00-04:00,32.36000061035156,32.619998931884766,31.020000457763672,31.350000381469727,692900,0.0,0.0
2024-08-02 00:00:00-04:00,30.549999237060547,30.670000076293945,29.950000762939453,30.459999084472656,794300,0.0,0.0
2024-08-05 00:00:00-04:00,29.030000686645508,29.639999389648438,29.0,29.149999618530273,977400,0.0,0.0
2024-08-06 00:00:00-04:00,25.0,25.790000915527344,24.020000457763672,25.049999237060547,3440600,0.0,0.0
2024-08-07 00:00:00-04:00,25.3799991607666,25.700000762939453,24.5,24.510000228881836,2503900,0.0,0.0
2024-08-08 00:00:00-04:00,24.940000534057617,25.260000228881836,24.450000762939453,25.1200008392334,1971800,0.0,0.0
2024-08-09 00:00:00-04:00,25.170000076293945,25.979999542236328,25.139999389648438,25.950000762939453,1252900,0.0,0.0
2024-08-12 00:00:00-04:00,25.989999771118164,26.239999771118164,25.770000457763672,25.81999969482422,981700,0.0,0.0
2024-08-13 00:00:00-04:00,25.940000534057617,27.030000686645508,25.940000534057617,26.940000534057617,1136100,0.0,0.0
2024-08-14 00:00:00-04:00,26.979999542236328,27.15999984741211,26.459999084472656,26.670000076293945,579700,0.0,0.0
2024-08-15 00:00:00-04:00,27.200000762939453,27.549999237060547,27.040000915527344,27.3799991607666,792000,0.0,0.0
2024-08-16 00:00:00-04:00,27.280000686645508,27.68000030517578,27.270000457763672,27.600000381469727,655000,0.0,0.0
2024-08-19 00:00:00-04:00,27.610000610351562,27.920000076293945,27.540000915527344,27.889999389648438,572900,0.0,0.0
2024-08-20 00:00:00-04:00,27.739999771118164,28.059999465942383,27.459999084472656,27.479999542236328,597500,0.0,0.0
2024-08-21 00:00:00-04:00,27.670000076293945,28.09000015258789,27.649999618530273,28.06999969482422,827300,0.0,0.0
2024-08-22 00:00:00-04:00,28.06999969482422,28.139999389648438,27.549999237060547,27.600000381469727,592900,0.0,0.0
2024-08-23 00:00:00-04:00,27.809999465942383,28.170000076293945,27.790000915527344,28.1299991607666,635200,0.0,0.0
2024-08-26 00:00:00-04:00,28.290000915527344,28.579999923706055,28.06999969482422,28.100000381469727,690800,0.0,0.0
2024-08-27 00:00:00-04:00,27.729999542236328,27.979999542236328,27.59000015258789,27.959999084472656,410800,0.0,0.0
2024-08-28 00:00:00-04:00,27.829999923706055,28.18000030517578,27.520000457763672,27.90999984741211,666700,0.0,0.0
2024-08-29 00:00:00-04:00,28.219999313354492,28.799999237060547,28.100000381469727,28.280000686645508,615900,0.0,0.0
2024-08-30 00:00:00-04:00,28.450000762939453,28.520000457763672,27.920000076293945,28.239999771118164,1540300,0.0,0.0
2024-09-03 00:00:00-04:00,28.06999969482422,28.420000076293945,27.700000762939453,27.75,723800,0.0,0.0
2024-09-04 00:00:00-04:00,27.469999313354492,27.959999084472656,27.209999084472656,27.920000076293945,766000,0.0,0.0
2024-09-05 00:00:00-04:00,27.8700008392334,27.90999984741211,27.459999084472656,27.65999984741211,637700,0.0,0.0
2024-09-06 00:00:00-04:00,27.6200008392334,27.799999237060547,27.290000915527344,27.399999618530273,614400,0.0,0.0
2024-09-09 00:00:00-04:00,27.479999542236328,27.68000030517578,27.25,27.360000610351562,586800,0.0,0.0
2024-09-10 00:00:00-04:00,27.510000228881836,27.709999084472656,27.3799991607666,27.579999923706055,575200,0.0,0.0
2024-09-11 00:00:00-04:00,27.399999618530273,27.729999542236328,27.030000686645508,27.670000076293945,636700,0.0,0.0
2024-09-12 00:00:00-04:00,27.770000457763672,27.950000762939453,27.389999389648438,27.780000686645508,617600,0.0,0.0
2024-09-13 00:00:00-04:00,28.010000228881836,28.719999313354492,27.780000686645508,28.510000228881836,637300,0.0,0.0
2024-09-16 00:00:00-04:00,28.690000534057617,29.020000457763672,28.440000534057617,28.829999923706055,657500,0.0,0.0
2024-09-17 00:00:00-04:00,29.139999389648438,29.139999389648438,28.530000686645508,28.829999923706055,715100,0.0,0.0
2024-09-18 00:00:00-04:00,28.770000457763672,29.3799991607666,28.540000915527344,28.639999389648438,700900,0.0,0.0
2024-09-19 00:00:00-04:00,29.3799991607666,29.3799991607666,28.90999984741211,29.09000015258789,588300,0.0,0.0
2024-09-20 00:00:00-04:00,29.059999465942383,29.579999923706055,28.90999984741211,29.06999969482422,1748000,0.0,0.0
2024-09-23 00:00:00-04:00,29.100000381469727,29.469999313354492,28.920000076293945,29.31999969482422,467500,0.0,0.0
2024-09-24 00:00:00-04:00,29.5,29.5,29.079999923706055,29.25,443300,0.0,0.0
2024-09-25 00:00:00-04:00,29.170000076293945,29.549999237060547,29.06999969482422,29.239999771118164,742900,0.0,0.0
2024-09-26 00:00:00-04:00,29.520000457763672,30.170000076293945,29.520000457763672,30.15999984741211,987300,0.0,0.0
2024-09-27 00:00:00-04:00,30.3700008392334,30.780000686645508,30.139999389648438,30.350000381469727,601800,0.0,0.0
2024-09-30 00:00:00-04:00,30.239999771118164,30.459999084472656,30.06999969482422,30.34000015258789,668000,0.0,0.0
2024-10-01 00:00:00-04:00,30.31999969482422,30.329999923706055,29.450000762939453,29.6200008392334,613300,0.0,0.0
2024-10-02 00:00:00-04:00,29.579999923706055,30.1200008392334,29.420000076293945,29.969999313354492,444200,0.0,0.0
2024-10-03 00:00:00-04:00,29.6299991607666,29.780000686645508,29.469999313354492,29.739999771118164,410000,0.0,0.0
2024-10-04 00:00:00-04:00,30.09000015258789,30.360000610351562,29.979999542236328,30.350000381469727,401100,0.0,0.0
2024-10-07 00:00:00-04:00,30.190000534057617,30.389999389648438,30.100000381469727,30.209999084472656,451000,0.0,0.0
2024-10-08 00:00:00-04:00,30.200000762939453,30.90999984741211,30.079999923706055,30.25,483800,0.0,0.0
2024-10-09 00:00:00-04:00,30.40999984741211,30.760000228881836,30.100000381469727,30.760000228881836,536200,0.0,0.0
2024-10-10 00:00:00-04:00,30.700000762939453,31.290000915527344,30.549999237060547,31.170000076293945,482800,0.0,0.0
2024-10-11 00:00:00-04:00,31.229999542236328,31.6200008392334,31.200000762939453,31.469999313354492,470200,0.0,0.0
2024-10-14 00:00:00-04:00,31.670000076293945,31.760000228881836,31.450000762939453,31.719999313354492,435700,0.0,0.0
2024-10-15 00:00:00-04:00,31.969999313354492,32.18000030517578,31.75,32.0,794800,0.0,0.0
2024-10-16 00:00:00-04:00,32.20000076293945,32.380001068115234,31.950000762939453,32.220001220703125,955600,0.0,0.0
2024-10-17 00:00:00-04:00,32.5,32.54999923706055,32.220001220703125,32.34000015258789,446000,0.0,0.0
2024-10-18 00:00:00-04:00,32.290000915527344,32.529998779296875,32.2599983215332,32.36000061035156,318800,0.0,0.0
2024-10-21 00:00:00-04:00,32.36000061035156,32.599998474121094,32.150001525878906,32.2599983215332,421300,0.0,0.0
2024-10-22 00:00:00-04:00,32.13999938964844,32.439998626708984,31.93000030517578,32.0,404300,0.0,0.0
2024-10-23 00:00:00-04:00,31.920000076293945,32.11000061035156,31.520000457763672,31.600000381469727,676200,0.0,0.0
2024-10-24 00:00:00-04:00,31.700000762939453,32.060001373291016,31.56999969482422,31.790000915527344,578800,0.0,0.0
2024-10-25 00:00:00-04:00,31.920000076293945,32.27000045776367,31.889999389648438,31.979999542236328,371100,0.0,0.0
2024-10-28 00:00:00-04:00,32.2599983215332,32.61000061035156,32.130001068115234,32.130001068115234,381000,0.0,0.0
2024-10-29 00:00:00-04:00,32.150001525878906,32.720001220703125,32.119998931884766,32.599998474121094,634600,0.0,0.0
2024-10-30 00:00:00-04:00,32.599998474121094,33.13999938964844,32.400001525878906,32.40999984741211,525600,0.0,0.0
2024-10-31 00:00:00-04:00,32.459999084472656,32.54999923706055,31.809999465942383,32.22999954223633,689500,0.0,0.0
2024-11-01 00:00:00-04:00,32.470001220703125,33.25,32.310001373291016,33.22999954223633,1369900,0.0,0.0
2024-11-04 00:00:00-05:00,33.31999969482422,33.689998626708984,32.880001068115234,33.380001068115234,1209300,0.0,0.0
2024-11-05 00:00:00-05:00,30.420000076293945,30.809999465942383,28.299999237060547,28.469999313354492,2838500,0.0,0.0
2024-11-06 00:00:00-05:00,29.489999771118164,29.899999618530273,28.799999237060547,29.329999923706055,1550300,0.0,0.0
2024-11-07 00:00:00-05:00,29.34000015258789,29.420000076293945,28.8799991607666,29.309999465942383,1473500,0.0,0.0
2024-11-08 00:00:00-05:00,29.360000610351562,30.059999465942383,28.790000915527344,29.889999389648438,1570700,0.0,0.0
2024-11-11 00:00:00-05:00,30.0,30.09000015258789,29.239999771118164,29.790000915527344,1034600,0.0,0.0
2024-11-12 00:00:00-05:00,29.6200008392334,29.850000381469727,29.219999313354492,29.450000762939453,871000,0.0,0.0
2024-11-13 00:00:00-05:00,29.520000457763672,30.010000228881836,29.43000030517578,29.760000228881836,753900,0.0,0.0
2024-11-14 00:00:00-05:00,29.790000915527344,30.020000457763672,29.350000381469727,29.59000015258789,1134600,0.0,0.0
2024-11-15 00:00:00-05:00,29.479999542236328,29.5,28.770000457763672,28.969999313354492,746800,0.0,0.0
2024-11-18 00:00:00-05:00,29.149999618530273,29.489999771118164,28.690000534057617,29.209999084472656,711500,0.0,0.0
2024-11-19 00:00:00-05:00,28.920000076293945,29.600000381469727,28.6299991607666,29.5,635200,0.0,0.0
2024-11-20 00:00:00-05:00,29.579999923706055,30.020000457763672,29.299999237060547,29.969999313354492,636400,0.0,0.0
2024-11-21 00:00:00-05:00,30.229999542236328,30.770000457763672,30.059999465942383,30.3700008392334,871300,0.0,0.0
2024-11-22 00:00:00-05:00,30.579999923706055,30.8700008392334,30.479999542236328,30.700000762939453,707200,0.0,0.0
2024-11-25 00:00:00-05:00,31.020000457763672,31.549999237060547,31.020000457763672,31.1299991607666,1004500,0.0,0.0
2024-11-26 00:00:00-05:00,31.200000762939453,31.530000686645508,31.010000228881836,31.270000457763672,505900,0.0,0.0
2024-11-27 00:00:00-05:00,31.25,31.350000381469727,30.780000686645508,30.93000030517578,634100,0.0,0.0
2024-11-29 00:00:00-05:00,30.979999542236328,31.06999969482422,30.84000015258789,30.899999618530273,267200,0.0,0.0
2024-12-02 00:00:00-05:00,30.90999984741211,31.649999618530273,30.700000762939453,31.40999984741211,921400,0.0,0.0
2024-12-03 00:00:00-05:00,31.200000762939453,31.950000762939453,31.190000534057617,31.690000534057617,888700,0.0,0.0
2024-12-04 00:00:00-05:00,32.0,32.209999084472656,31.530000686645508,31.829999923706055,836800,0.0,0.0
2024-12-05 00:00:00-05:00,32.0,32.70000076293945,31.8799991607666,32.33000183105469,1392100,0.0,0.0
2024-12-06 00:00:00-05:00,32.75,32.790000915527344,31.969999313354492,32.11000061035156,632600,0.0,0.0
2024-12-09 00:00:00-05:00,32.22999954223633,32.779998779296875,32.15999984741211,32.41999816894531,674100,0.0,0.0
2024-12-10 00:00:00-05:00,32.15999984741211,32.63999938964844,31.969999313354492,32.5099983215332,665700,0.0,0.0
2024-12-11 00:00:00-05:00,32.5,32.7599983215332,32.18000030517578,32.56999969482422,1295600,0.0,0.0
2024-12-12 00:00:00-05:00,32.459999084472656,33.099998474121094,32.459999084472656,33.08000183105469,646200,0.0,0.0
2024-12-13 00:00:00-05:00,32.9900016784668,33.099998474121094,32.08000183105469,32.29999923706055,748900,0.0,0.0
2024-12-16 00:00:00-05:00,32.150001525878906,33.08000183105469,32.150001525878906,32.79999923706055,718000,0.0,0.0
2024-12-17 00:00:00-05:00,32.720001220703125,33.150001525878906,32.63999938964844,32.810001373291016,579900,0.0,0.0
2024-12-18 00:00:00-05:00,32.970001220703125,33.20000076293945,31.479999542236328,31.6299991607666,805000,0.0,0.0
2024-12-19 00:00:00-05:00,31.809999465942383,32.36000061035156,31.65999984741211,32.22999954223633,631900,0.0,0.0
2024-12-20 00:00:00-05:00,31.90999984741211,32.75,31.84000015258789,32.22999954223633,2337500,0.0,0.0
2024-12-23 00:00:00-05:00,32.25,32.400001525878906,32.0099983215332,32.150001525878906,468000,0.0,0.0
2024-12-24 00:00:00-05:00,32.16999816894531,32.2599983215332,31.81999969482422,32.099998474121094,350600,0.0,0.0
2024-12-26 00:00:00-05:00,31.979999542236328,32.380001068115234,31.850000381469727,32.18000030517578,409000,0.0,0.0
2024-12-27 00:00:00-05:00,32.11000061035156,32.220001220703125,31.5,31.610000610351562,434100,0.0,0.0
2024-12-30 00:00:00-05:00,31.389999389648438,31.389999389648438,30.90999984741211,31.020000457763672,511400,0.0,0.0
2024-12-31 00:00:00-05:00,31.190000534057617,31.389999389648438,30.93000030517578,31.149999618530273,828500,0.0,0.0
2025-01-02 00:00:00-05:00,31.520000457763672,31.610000610351562,30.639999389648438,30.65999984741211,877000,0.0,0.0
2025-01-03 00:00:00-05:00,30.770000457763672,31.049999237060547,30.309999465942383,30.90999984741211,550300,0.0,0.0
2025-01-06 00:00:00-05:00,31.06999969482422,32.02000045776367,31.06999969482422,31.610000610351562,799900,0.0,0.0
2025-01-07 00:00:00-05:00,31.75,32.13999938964844,30.989999771118164,31.290000915527344,617300,0.0,0.0
2025-01-08 00:00:00-05:00,31.010000228881836,31.260000228881836,30.5,31.1200008392334,672600,0.0,0.0
2025-01-10 00:00:00-05:00,30.6200008392334,30.760000228881836,30.049999237060547,30.31999969482422,654700,0.0,0.0
2025-01-13 00:00:00-05:00,30.059999465942383,30.6200008392334,29.770000457763672,30.329999923706055,903600,0.0,0.0
2025-01-14 00:00:00-05:00,30.610000610351562,30.940000534057617,30.360000610351562,30.6299991607666,696200,0.0,0.0
2025-01-15 00:00:00-05:00,31.079999923706055,31.3799991607666,30.81999969482422,31.149999618530273,740600,0.0,0.0
2025-01-16 00:00:00-05:00,31.25,31.420000076293945,31.0,31.0,1011100,0.0,0.0
2025-01-17 00:00:00-05:00,31.100000381469727,31.190000534057617,30.229999542236328,30.59000015258789,1141300,0.0,0.0
2025-01-21 00:00:00-05:00,30.639999389648438,31.68000030517578,30.639999389648438,31.6200008392334,909500,0.0,0.0
2025-01-22 00:00:00-05:00,31.790000915527344,32.369998931884766,31.709999084472656,32.08000183105469,668500,0.0,0.0
2025-01-23 00:00:00-05:00,31.809999465942383,32.189998626708984,31.56999969482422,32.16999816894531,832400,0.0,0.0
2025-01-24 00:00:00-05:00,32.290000915527344,32.36000061035156,31.899999618530273,31.950000762939453,598900,0.0,0.0
2025-01-27 00:00:00-05:00,31.540000915527344,32.58000183105469,31.389999389648438,32.25,907900,0.0,0.0
2025-01-28 00:00:00-05:00,32.189998626708984,33.029998779296875,32.099998474121094,32.779998779296875,760200,0.0,0.0
2025-01-29 00:00:00-05:00,32.459999084472656,32.599998474121094,32.060001373291016,32.36000061035156,744800,0.0,0.0
2025-01-30 00:00:00-05:00,32.31999969482422,32.7400016784668,32.31999969482422,32.40999984741211,506400,0.0,0.0
2025-01-31 00:00:00-05:00,32.5,32.66999816894531,31.729999542236328,31.90999984741211,880800,0.0,0.0
2025-02-03 00:00:00-05:00,31.209999084472656,31.799999237060547,30.8799991607666,31.530000686645508,620400,0.0,0.0
2025-02-04 00:00:00-05:00,31.780000686645508,31.969999313354492,31.479999542236328,31.920000076293945,694600,0.0,0.0
2025-02-05 00:00:00-05:00,32.0,32.11000061035156,31.610000610351562,31.649999618530273,850400,0.0,0.0
2025-02-06 00:00:00-05:00,31.690000534057617,31.780000686645508,30.780000686645508,30.799999237060547,800600,0.0,0.0
2025-02-07 00:00:00-05:00,30.969999313354492,31.299999237060547,30.770000457763672,30.850000381469727,884200,0.0,0.0
2025-02-10 00:00:00-05:00,31.190000534057617,31.34000015258789,30.81999969482422,30.93000030517578,1137100,0.0,0.0
2025-02-11 00:00:00-05:00,30.790000915527344,31.170000076293945,30.43000030517578,30.889999389648438,1160200,0.0,0.0
2025-02-12 00:00:00-05:00,23.25,25.690000534057617,22.729999542236328,24.6200008392334,4134500,0.0,0.0
2025-02-13 00:00:00-05:00,24.790000915527344,25.100000381469727,24.56999969482422,24.829999923706055,2113500,0.0,0.0
2025-02-14 00:00:00-05:00,24.940000534057617,24.940000534057617,24.510000228881836,24.799999237060547,1501200,0.0,0.0
2025-02-18 00:00:00-05:00,24.799999237060547,24.93000030517578,24.479999542236328,24.93000030517578,1554800,0.0,0.0
2025-02-19 00:00:00-05:00,24.75,24.780000686645508,24.3799991607666,24.389999389648438,1329400,0.0,0.0
2025-02-20 00:00:00-05:00,24.360000610351562,24.3799991607666,23.459999084472656,23.899999618530273,1751100,0.0,0.0
2025-02-21 00:00:00-05:00,23.940000534057617,24.06999969482422,23.200000762939453,23.31999969482422,1267700,0.0,0.0
2025-02-24 00:00:00-05:00,23.549999237060547,24.229999542236328,23.200000762939453,24.219999313354492,1857400,0.0,0.0
2025-02-25 00:00:00-05:00,24.18000030517578,24.530000686645508,24.049999237060547,24.299999237060547,2172000,0.0,0.0
2025-02-26 00:00:00-05:00,24.25,24.389999389648438,23.950000762939453,23.979999542236328,1469600,0.0,0.0
2025-02-27 00:00:00-05:00,24.049999237060547,24.079999923706055,23.450000762939453,23.459999084472656,1218200,0.0,0.0
2025-02-28 00:00:00-05:00,23.389999389648438,23.84000015258789,23.190000534057617,23.84000015258789,2099500,0.0,0.0
2025-03-03 00:00:00-05:00,23.979999542236328,23.979999542236328,23.25,23.3799991607666,2297400,0.0,0.0
2025-03-04 00:00:00-05:00,23.15999984741211,23.75,23.149999618530273,23.260000228881836,1779300,0.0,0.0
2025-03-05 00:00:00-05:00,23.18000030517578,23.559999465942383,22.81999969482422,23.530000686645508,1610000,0.0,0.0
2025-03-06 00:00:00-05:00,23.209999084472656,23.389999389648438,22.790000915527344,22.979999542236328,1009700,0.0,0.0
2025-03-07 00:00:00-05:00,22.8799991607666,23.239999771118164,22.6200008392334,23.049999237060547,1327100,0.0,0.0
2025-03-10 00:00:00-04:00,23.170000076293945,23.56999969482422,22.459999084472656,22.520000457763672,2033100,0.0,0.0
2025-03-11 00:00:00-04:00,22.389999389648438,22.81999969482422,22.139999389648438,22.34000015258789,1928500,0.0,0.0
2025-03-12 00:00:00-04:00,22.459999084472656,22.540000915527344,22.190000534057617,22.280000686645508,1619500,0.0,0.0
2025-03-13 00:00:00-04:00,22.1200008392334,22.25,21.799999237060547,21.950000762939453,1220500,0.0,0.0
2025-03-14 00:00:00-04:00,22.219999313354492,22.889999389648438,22.100000381469727,22.690000534057617,1393500,0.0,0.0
2025-03-17 00:00:00-04:00,22.739999771118164,23.68000030517578,22.739999771118164,23.290000915527344,1639700,0.0,0.0
2025-03-18 00:00:00-04:00,23.149999618530273,23.489999771118164,23.1299991607666,23.270000457763672,1448900,0.0,0.0
2025-03-19 00:00:00-04:00,23.3700008392334,23.809999465942383,23.239999771118164,23.350000381469727,1138600,0.0,0.0
2025-03-20 00:00:00-04:00,23.149999618530273,23.280000686645508,22.780000686645508,22.8700008392334,1082100,0.0,0.0
2025-03-21 00:00:00-04:00,22.6200008392334,22.989999771118164,22.520000457763672,22.899999618530273,19696000,0.0,0.0
2025-03-24 00:00:00-04:00,23.440000534057617,24.329999923706055,23.239999771118164,24.260000228881836,2117700,0.0,0.0
2025-03-25 00:00:00-04:00,24.1299991607666,24.399999618530273,23.5,23.860000610351562,1419200,0.0,0.0
2025-03-26 00:00:00-04:00,23.760000228881836,23.8799991607666,23.440000534057617,23.719999313354492,1287800,0.0,0.0
2025-03-27 00:00:00-04:00,23.59000015258789,23.850000381469727,23.399999618530273,23.6200008392334,1110600,0.0,0.0
2025-03-28 00:00:00-04:00,23.5,23.65999984741211,22.920000076293945,22.979999542236328,2241400,0.0,0.0
2025-03-31 00:00:00-04:00,22.700000762939453,22.760000228881836,22.15999984741211,22.479999542236328,1476300,0.0,0.0
2025-04-01 00:00:00-04:00,22.549999237060547,22.90999984741211,22.420000076293945,22.75,1036800,0.0,0.0
2025-04-02 00:00:00-04:00,22.479999542236328,23.190000534057617,22.389999389648438,22.93000030517578,1028600,0.0,0.0
2025-04-03 00:00:00-04:00,22.139999389648438,22.149999618530273,21.290000915527344,21.299999237060547,1249500,0.0,0.0
2025-04-04 00:00:00-04:00,20.600000381469727,20.860000610351562,19.43000030517578,19.729999542236328,1487100,0.0,0.0
2025-04-07 00:00:00-04:00,18.93000030517578,20.209999084472656,18.43000030517578,19.200000762939453,1460000,0.0,0.0
2025-04-08 00:00:00-04:00,20.31999969482422,20.31999969482422,18.989999771118164,19.31999969482422,1453200,0.0,0.0
2025-04-09 00:00:00-04:00,19.170000076293945,21.700000762939453,19.15999984741211,21.579999923706055,1508400,0.0,0.0
2025-04-10 00:00:00-04:00,21.06999969482422,21.190000534057617,20.229999542236328,20.6200008392334,1323200,0.0,0.0
2025-04-11 00:00:00-04:00,20.600000381469727,20.600000381469727,19.899999618530273,20.450000762939453,1036100,0.0,0.0
2025-04-14 00:00:00-04:00,20.979999542236328,20.979999542236328,20.290000915527344,20.510000228881836,786800,0.0,0.0
2025-04-15 00:00:00-04:00,20.510000228881836,20.850000381469727,20.3700008392334,20.530000686645508,976600,0.0,0.0
2025-04-16 00:00:00-04:00,20.469999313354492,20.59000015258789,20.0,20.270000457763672,1252400,0.0,0.0
2025-04-17 00:00:00-04:00,20.350000381469727,20.5,20.18000030517578,20.350000381469727,819600,0.0,0.0
2025-04-21 00:00:00-04:00,20.110000610351562,20.190000534057617,19.75,19.950000762939453,1107500,0.0,0.0
2025-04-22 00:00:00-04:00,20.190000534057617,20.420000076293945,19.709999084472656,20.190000534057617,1389300,0.0,0.0
2025-04-23 00:00:00-04:00,21.059999465942383,21.3700008392334,20.600000381469727,20.770000457763672,1495000,0.0,0.0
2025-04-24 00:00:00-04:00,20.950000762939453,21.559999465942383,20.729999542236328,21.510000228881836,777700,0.0,0.0
2025-04-25 00:00:00-04:00,21.479999542236328,21.700000762939453,21.329999923706055,21.610000610351562,710200,0.0,0.0
2025-04-28 00:00:00-04:00,21.75,22.149999618530273,21.389999389648438,21.579999923706055,738100,0.0,0.0
2025-04-29 00:00:00-04:00,21.520000457763672,21.81999969482422,21.520000457763672,21.719999313354492,728700,0.0,0.0
2025-04-30 00:00:00-04:00,21.43000030517578,21.549999237060547,21.100000381469727,21.5,877900,0.0,0.0
2025-05-01 00:00:00-04:00,21.81999969482422,21.959999084472656,21.450000762939453,21.639999389648438,863800,0.0,0.0
2025-05-02 00:00:00-04:00,22.010000228881836,22.190000534057617,21.770000457763672,22.06999969482422,664100,0.0,0.0
2025-05-05 00:00:00-04:00,21.940000534057617,22.459999084472656,21.75,22.100000381469727,743100,0.0,0.0
2025-05-06 00:00:00-04:00,21.860000610351562,22.219999313354492,21.799999237060547,21.950000762939453,1318700,0.0,0.0
2025-05-07 00:00:00-04:00,21.510000228881836,22.780000686645508,21.299999237060547,22.34000015258789,1958300,0.0,0.0
2025-05-08 00:00:00-04:00,22.350000381469727,22.8799991607666,22.280000686645508,22.649999618530273,1245800,0.0,0.0
2025-05-09 00:00:00-04:00,22.860000610351562,22.920000076293945,22.3700008392334,22.479999542236328,1164300,0.0,0.0
2025-05-12 00:00:00-04:00,23.360000610351562,23.639999389648438,23.1200008392334,23.59000015258789,1370100,0.0,0.0
2025-05-13 00:00:00-04:00,23.6200008392334,23.68000030517578,23.3799991607666,23.549999237060547,1130500,0.0,0.0
2025-05-14 00:00:00-04:00,23.43000030517578,23.68000030517578,23.200000762939453,23.34000015258789,846200,0.0,0.0
2025-05-15 00:00:00-04:00,23.190000534057617,23.40999984741211,23.040000915527344,23.1200008392334,1064500,0.0,0.0
2025-05-16 00:00:00-04:00,23.149999618530273,23.15999984741211,22.709999084472656,22.899999618530273,1051600,0.0,0.0
2025-05-19 00:00:00-04:00,22.6299991607666,22.809999465942383,22.530000686645508,22.65999984741211,862100,0.0,0.0
2025-05-20 00:00:00-04:00,22.670000076293945,22.81999969482422,22.440000534057617,22.489999771118164,823500,0.0,0.0
2025-05-21 00:00:00-04:00,22.190000534057617,22.299999237060547,21.700000762939453,21.81999969482422,1180300,0.0,0.0
2025-05-22 00:00:00-04:00,21.829999923706055,22.239999771118164,21.719999313354492,22.079999923706055,886800,0.0,0.0
2025-05-23 00:00:00-04:00,21.600000381469727,21.799999237060547,21.5,21.540000915527344,738300,0.0,0.0
2025-05-27 00:00:00-04:00,21.920000076293945,21.969999313354492,21.540000915527344,21.93000030517578,937100,0.0,0.0
2025-05-28 00:00:00-04:00,21.899999618530273,22.110000610351562,21.600000381469727,21.670000076293945,1012200,0.0,0.0
2025-05-29 00:00:00-04:00,21.8700008392334,21.8700008392334,21.420000076293945,21.809999465942383,834600,0.0,0.0
2025-05-30 00:00:00-04:00,21.770000457763672,21.969999313354492,21.489999771118164,21.959999084472656,1743200,0.0,0.0
2025-06-02 00:00:00-04:00,21.959999084472656,22.010000228881836,21.520000457763672,21.889999389648438,905200,0.0,0.0
2025-06-03 00:00:00-04:00,21.8700008392334,22.280000686645508,21.739999771118164,22.270000457763672,840500,0.0,0.0
2025-06-04 00:00:00-04:00,22.350000381469727,22.469999313354492,22.079999923706055,22.329999923706055,872800,0.0,0.0
2025-06-05 00:00:00-04:00,22.3799991607666,22.520000457763672,22.139999389648438,22.170000076293945,766000,0.0,0.0
2025-06-06 00:00:00-04:00,22.43000030517578,22.510000228881836,22.209999084472656,22.3799991607666,826200,0.0,0.0
2025-06-09 00:00:00-04:00,22.469999313354492,22.799999237060547,22.469999313354492,22.579999923706055,897000,0.0,0.0
2025-06-10 00:00:00-04:00,22.75,22.899999618530273,22.59000015258789,22.770000457763672,1153500,0.0,0.0
2025-06-11 00:00:00-04:00,22.809999465942383,22.889999389648438,22.15999984741211,22.190000534057617,900500,0.0,0.0
2025-06-12 00:00:00-04:00,21.959999084472656,22.329999923706055,21.860000610351562,22.190000534057617,815200,0.0,0.0
2025-06-13 00:00:00-04:00,21.760000228881836,22.010000228881836,21.350000381469727,21.450000762939453,734800,0.0,0.0
2025-06-16 00:00:00-04:00,21.5,22.079999923706055,21.5,22.040000915527344,941100,0.0,0.0
2025-06-17 00:00:00-04:00,21.90999984741211,22.3700008392334,21.90999984741211,22.149999618530273,1152700,0.0,0.0
2025-06-18 00:00:00-04:00,22.100000381469727,22.489999771118164,21.899999618530273,21.989999771118164,1315400,0.0,0.0
2025-06-20 00:00:00-04:00,22.020000457763672,22.190000534057617,21.299999237060547,21.350000381469727,2309400,0.0,0.0
2025-06-23 00:00:00-04:00,21.290000915527344,21.3700008392334,20.799999237060547,21.350000381469727,1335600,0.0,0.0
2025-06-24 00:00:00-04:00,21.59000015258789,21.989999771118164,21.56999969482422,21.81999969482422,1064700,0.0,0.0
2025-06-25 00:00:00-04:00,21.959999084472656,22.030000686645508,21.450000762939453,21.579999923706055,845100,0.0,0.0
2025-06-26 00:00:00-04:00,21.6200008392334,21.75,21.31999969482422,21.729999542236328,940500,0.0,0.0
2025-06-27 00:00:00-04:00,21.770000457763672,22.0,21.579999923706055,21.920000076293945,3200900,0.0,0.0
2025-06-30 00:00:00-04:00,22.0,22.3700008392334,21.940000534057617,22.309999465942383,1100500,0.0,0.0
2025-07-01 00:00:00-04:00,22.5,23.459999084472656,22.479999542236328,23.139999389648438,1211300,0.0,0.0
2025-07-02 00:00:00-04:00,23.18000030517578,23.280000686645508,22.93000030517578,23.190000534057617,963000,0.0,0.0
2025-07-03 00:00:00-04:00,23.31999969482422,23.579999923706055,23.209999084472656,23.209999084472656,1204900,0.0,0.0
2025-07-07 00:00:00-04:00,23.200000762939453,23.489999771118164,22.760000228881836,22.81999969482422,1058700,0.0,0.0
2025-07-08 00:00:00-04:00,22.889999389648438,23.280000686645508,22.829999923706055,22.889999389648438,831900,0.0,0.0
2025-07-09 00:00:00-04:00,22.899999618530273,22.989999771118164,22.579999923706055,22.729999542236328,828100,0.0,0.0
2025-07-10 00:00:00-04:00,22.739999771118164,22.81999969482422,22.229999542236328,22.270000457763672,860100,0.0,0.0
2025-07-11 00:00:00-04:00,22.079999923706055,22.219999313354492,21.420000076293945,21.43000030517578,798100,0.0,0.0
2025-07-14 00:00:00-04:00,21.34000015258789,21.850000381469727,21.260000228881836,21.780000686645508,864500,0.0,0.0
2025-07-15 00:00:00-04:00,21.8799991607666,22.040000915527344,21.299999237060547,21.309999465942383,851600,0.0,0.0
2025-07-16 00:00:00-04:00,21.479999542236328,21.59000015258789,21.1299991607666,21.520000457763672,821100,0.0,0.0
2025-07-17 00:00:00-04:00,21.520000457763672,21.93000030517578,21.43000030517578,21.799999237060547,953900,0.0,0.0
2025-07-18 00:00:00-04:00,21.850000381469727,21.90999984741211,21.510000228881836,21.59000015258789,789200,0.0,0.0
2025-07-21 00:00:00-04:00,21.760000228881836,21.829999923706055,21.489999771118164,21.540000915527344,615900,0.0,0.0
2025-07-22 00:00:00-04:00,21.709999084472656,22.139999389648438,21.670000076293945,22.09000015258789,1230400,0.0,0.0
2025-07-23 00:00:00-04:00,22.309999465942383,22.34000015258789,22.030000686645508,22.200000762939453,720300,0.0,0.0
2025-07-24 00:00:00-04:00,22.09000015258789,22.219999313354492,21.579999923706055,21.610000610351562,823000,0.0,0.0
2025-07-25 00:00:00-04:00,21.68000030517578,22.059999465942383,21.530000686645508,22.059999465942383,952700,0.0,0.0
2025-07-28 00:00:00-04:00,22.239999771118164,22.549999237060547,22.15999984741211,22.510000228881836,822900,0.0,0.0
2025-07-29 00:00:00-04:00,22.540000915527344,22.6299991607666,21.950000762939453,22.110000610351562,1030200,0.0,0.0
2025-07-30 00:00:00-04:00,22.1200008392334,22.229999542236328,21.420000076293945,21.649999618530273,1172800,0.0,0.0
2025-07-31 00:00:00-04:00,21.59000015258789,22.0,20.889999389648438,20.93000030517578,1296600,0.0,0.0
2025-08-01 00:00:00-04:00,20.3799991607666,20.440000534057617,19.829999923706055,20.110000610351562,1223100,0.0,0.0
2025-08-04 00:00:00-04:00,20.229999542236328,20.469999313354492,20.0,20.360000610351562,1038700,0.0,0.0
2025-08-05 00:00:00-04:00,20.6200008392334,20.670000076293945,20.1200008392334,20.229999542236328,1373300,0.0,0.0
2025-08-06 00:00:00-04:00,21.6200008392334,22.149999618530273,20.440000534057617,21.84000015258789,2584600,0.0,0.0
2025-08-07 00:00:00-04:00,22.0,22.09000015258789,20.610000610351562,20.799999237060547,1374700,0.0,0.0
2025-08-08 00:00:00-04:00,20.760000228881836,20.969999313354492,20.329999923706055,20.530000686645508,1133400,0.0,0.0
2025-08-11 00:00:00-04:00,20.450000762939453,20.709999084472656,20.1299991607666,20.15999984741211,1235900,0.0,0.0
2025-08-12 00:00:00-04:00,20.209999084472656,20.670000076293945,19.959999084472656,20.6200008392334,1026400,0.0,0.0
2025-08-13 00:00:00-04:00,20.739999771118164,21.469999313354492,20.579999923706055,21.40999984741211,994700,0.0,0.0
2025-08-14 00:00:00-04:00,21.100000381469727,21.209999084472656,20.940000534057617,21.170000076293945,786300,0.0,0.0
2025-08-15 00:00:00-04:00,21.399999618530273,21.68000030517578,21.040000915527344,21.079999923706055,985700,0.0,0.0
2025-08-18 00:00:00-04:00,21.15999984741211,21.420000076293945,21.079999923706055,21.25,818500,0.0,0.0
2025-08-19 00:00:00-04:00,21.399999618530273,21.649999618530273,21.100000381469727,21.1200008392334,828500,0.0,0.0
2025-08-20 00:00:00-04:00,21.09000015258789,21.100000381469727,20.549999237060547,20.59000015258789,914800,0.0,0.0
2025-08-21 00:00:00-04:00,20.440000534057617,20.850000381469727,20.170000076293945,20.729999542236328,940800,0.0,0.0
2025-08-22 00:00:00-04:00,20.84000015258789,21.420000076293945,20.760000228881836,21.40999984741211,676000,0.0,0.0
2025-08-25 00:00:00-04:00,21.270000457763672,21.3799991607666,20.8700008392334,20.899999618530273,649100,0.0,0.0
2025-08-26 00:00:00-04:00,20.790000915527344,20.989999771118164,20.510000228881836,20.549999237060547,877800,0.0,0.0
2025-08-27 00:00:00-04:00,20.600000381469727,21.139999389648438,20.579999923706055,21.100000381469727,814700,0.0,0.0
2025-08-28 00:00:00-04:00,21.15999984741211,21.329999923706055,20.940000534057617,21.1200008392334,765500,0.0,0.0
2025-08-29 00:00:00-04:00,21.200000762939453,21.299999237060547,20.8700008392334,20.979999542236328,686300,0.0,0.0
2025-09-02 00:00:00-04:00,20.65999984741211,20.90999984741211,20.459999084472656,20.729999542236328,745400,0.0,0.0
2025-09-03 00:00:00-04:00,20.670000076293945,20.850000381469727,20.520000457763672,20.709999084472656,1020600,0.0,0.0
2025-09-04 00:00:00-04:00,20.709999084472656,20.719999313354492,20.25,20.530000686645508,981900,0.0,0.0
2025-09-05 00:00:00-04:00,20.690000534057617,21.229999542236328,20.530000686645508,21.010000228881836,1115600,0.0,0.0
2025-09-08 00:00:00-04:00,21.040000915527344,21.3799991607666,20.649999618530273,21.260000228881836,842400,0.0,0.0
2025-09-09 00:00:00-04:00,21.280000686645508,21.290000915527344,20.84000015258789,21.059999465942383,751700,0.0,0.0
2025-09-10 00:00:00-04:00,21.079999923706055,21.579999923706055,20.860000610351562,21.040000915527344,979500,0.0,0.0
2025-09-11 00:00:00-04:00,21.06999969482422,21.56999969482422,20.989999771118164,21.549999237060547,814300,0.0,0.0
2025-09-12 00:00:00-04:00,21.549999237060547,21.549999237060547,21.079999923706055,21.149999618530273,807400,0.0,0.0
2025-09-15 00:00:00-04:00,21.18000030517578,21.540000915527344,21.1299991607666,21.479999542236328,1019800,0.0,0.0
2025-09-16 00:00:00-04:00,21.540000915527344,21.56999969482422,21.299999237060547,21.489999771118164,860800,0.0,0.0
2025-09-17 00:00:00-04:00,21.540000915527344,22.149999618530273,21.360000610351562,21.809999465942383,1319600,0.0,0.0
2025-09-18 00:00:00-04:00,22.059999465942383,22.510000228881836,21.940000534057617,22.209999084472656,1115800,0.0,0.0
2025-09-19 00:00:00-04:00,22.299999237060547,22.3700008392334,21.8799991607666,22.0,2156500,0.0,0.0
2025-09-22 00:00:00-04:00,21.8700008392334,22.520000457763672,21.65999984741211,22.510000228881836,1044800,0.0,0.0
2025-09-23 00:00:00-04:00,22.600000381469727,22.649999618530273,22.270000457763672,22.31999969482422,827300,0.0,0.0
2025-09-24 00:00:00-04:00,22.469999313354492,22.56999969482422,22.209999084472656,22.420000076293945,629300,0.0,0.0
2025-09-25 00:00:00-04:00,22.149999618530273,22.260000228881836,21.760000228881836,21.8799991607666,800100,0.0,0.0
2025-09-26 00:00:00-04:00,21.850000381469727,22.229999542236328,21.780000686645508,22.190000534057617,771800,0.0,0.0
2025-09-29 00:00:00-04:00,22.31999969482422,22.31999969482422,21.56999969482422,22.18000030517578,2289100,0.0,0.0
2025-09-30 00:00:00-04:00,22.209999084472656,22.31999969482422,21.31999969482422,21.510000228881836,854700,0.0,0.0
2025-10-01 00:00:00-04:00,21.360000610351562,21.780000686645508,21.290000915527344,21.399999618530273,1025300,0.0,0.0
2025-10-02 00:00:00-04:00,21.510000228881836,22.020000457763672,21.510000228881836,21.969999313354492,957100,0.0,0.0
2025-10-03 00:00:00-04:00,21.90999984741211,22.600000381469727,21.90999984741211,22.18000030517578,1048500,0.0,0.0
2025-10-06 00:00:00-04:00,22.299999237060547,23.079999923706055,22.149999618530273,23.020000457763672,2736100,0.0,0.0
2025-10-07 00:00:00-04:00,23.18000030517578,23.25,21.329999923706055,21.729999542236328,1811000,0.0,0.0
2025-10-08 00:00:00-04:00,21.799999237060547,22.459999084472656,21.700000762939453,22.170000076293945,1501100,0.0,0.0
2025-10-09 00:00:00-04:00,22.15999984741211,22.270000457763672,21.399999618530273,21.719999313354492,1930700,0.0,0.0
2025-10-10 00:00:00-04:00,21.760000228881836,21.8799991607666,20.329999923706055,20.420000076293945,1302900,0.0,0.0
2025-10-13 00:00:00-04:00,20.780000686645508,21.350000381469727,20.420000076293945,21.31999969482422,1088400,0.0,0.0
2025-10-14 00:00:00-04:00,20.90999984741211,21.469999313354492,20.75,21.34000015258789,1259200,0.0,0.0
2025-10-15 00:00:00-04:00,21.559999465942383,21.559999465942383,21.059999465942383,21.260000228881836,962200,0.0,0.0
2025-10-16 00:00:00-04:00,21.399999618530273,21.520000457763672,20.81999969482422,20.850000381469727,1080100,0.0,0.0
2025-10-17 00:00:00-04:00,20.649999618530273,20.8799991607666,20.6299991607666,20.760000228881836,825700,0.0,0.0
2025-10-20 00:00:00-04:00,20.959999084472656,21.31999969482422,20.850000381469727,20.860000610351562,1183000,0.0,0.0
2025-10-21 00:00:00-04:00,20.81999969482422,21.610000610351562,20.81999969482422,21.31999969482422,966800,0.0,0.0
2025-10-22 00:00:00-04:00,21.15999984741211,21.399999618530273,20.93000030517578,21.18000030517578,809500,0.0,0.0
2025-10-23 00:00:00-04:00,21.1200008392334,21.389999389648438,20.709999084472656,21.31999969482422,1980900,0.0,0.0
2025-10-24 00:00:00-04:00,21.610000610351562,21.6299991607666,21.309999465942383,21.389999389648438,819800,0.0,0.0
2025-10-27 00:00:00-04:00,21.639999389648438,21.690000534057617,21.31999969482422,21.3700008392334,881900,0.0,0.0
2025-10-28 00:00:00-04:00,21.3700008392334,21.549999237060547,21.149999618530273,21.450000762939453,837200,0.0,0.0
2025-10-29 00:00:00-04:00,21.329999923706055,21.3700008392334,20.959999084472656,21.040000915527344,861900,0.0,0.0
2025-10-30 00:00:00-04:00,20.90999984741211,21.229999542236328,20.760000228881836,20.889999389648438,2189000,0.0,0.0
2025-10-31 00:00:00-04:00,20.920000076293945,21.010000228881836,20.549999237060547,20.850000381469727,1552400,0.0,0.0
2025-11-03 00:00:00-05:00,20.829999923706055,21.6200008392334,20.6200008392334,21.59000015258789,1975400,0.0,0.0
2025-11-04 00:00:00-05:00,21.260000228881836,21.329999923706055,20.540000915527344,20.709999084472656,1716000,0.0,0.0
2025-11-05 00:00:00-05:00,24.899999618530273,27.65999984741211,24.579999923706055,27.459999084472656,6802500,0.0,0.0
2025-11-06 00:00:00-05:00,27.520000457763672,28.6200008392334,27.139999389648438,28.299999237060547,4374500,0.0,0.0
2025-11-07 00:00:00-05:00,27.780000686645508,27.90999984741211,27.1299991607666,27.600000381469727,1923500,0.0,0.0
2025-11-10 00:00:00-05:00,28.43000030517578,29.25,27.520000457763672,27.920000076293945,2195600,0.0,0.0
2025-11-11 00:00:00-05:00,27.93000030517578,28.15999984741211,27.719999313354492,28.040000915527344,1223200,0.0,0.0
2025-11-12 00:00:00-05:00,28.0,28.309999465942383,27.709999084472656,27.760000228881836,1398400,0.0,0.0
2025-11-13 00:00:00-05:00,27.5,27.68000030517578,26.93000030517578,26.979999542236328,1503600,0.0,0.0
2025-11-14 00:00:00-05:00,26.40999984741211,27.239999771118164,26.350000381469727,27.239999771118164,1492800,0.0,0.0
2025-11-17 00:00:00-05:00,27.110000610351562,27.229999542236328,26.059999465942383,26.1299991607666,1578700,0.0,0.0
2025-11-18 00:00:00-05:00,26.1299991607666,26.850000381469727,25.950000762939453,26.790000915527344,1581800,0.0,0.0
2025-11-19 00:00:00-05:00,26.59000015258789,26.889999389648438,26.270000457763672,26.600000381469727,1163000,0.0,0.0
2025-11-20 00:00:00-05:00,26.899999618530273,27.559999465942383,26.43000030517578,26.610000610351562,1417900,0.0,0.0
2025-11-21 00:00:00-05:00,26.579999923706055,27.399999618530273,26.25,27.200000762939453,2927200,0.0,0.0
2025-11-24 00:00:00-05:00,27.149999618530273,27.780000686645508,26.829999923706055,27.670000076293945,1453700,0.0,0.0
2025-11-25 00:00:00-05:00,27.799999237060547,28.729999542236328,27.790000915527344,28.5,1507600,0.0,0.0
2025-11-26 00:00:00-05:00,28.309999465942383,28.670000076293945,28.049999237060547,28.260000228881836,1649700,0.0,0.0
2025-11-28 00:00:00-05:00,28.399999618530273,28.709999084472656,28.200000762939453,28.639999389648438,470500,0.0,0.0
2025-12-01 00:00:00-05:00,28.5,29.649999618530273,28.5,29.420000076293945,1971300,0.0,0.0
2025-12-02 00:00:00-05:00,29.709999084472656,31.299999237060547,29.709999084472656,30.709999084472656,2247800,0.0,0.0
2025-12-03 00:00:00-05:00,30.6299991607666,30.8700008392334,30.229999542236328,30.299999237060547,1515600,0.0,0.0
2025-12-04 00:00:00-05:00,30.479999542236328,30.479999542236328,29.649999618530273,29.75,1514900,0.0,0.0
2025-12-05 00:00:00-05:00,29.709999084472656,30.440000534057617,29.540000915527344,29.860000610351562,2103200,0.0,0.0
2025-12-08 00:00:00-05:00,30.239999771118164,31.40999984741211,29.940000534057617,31.389999389648438,2077900,0.0,0.0
2025-12-09 00:00:00-05:00,31.0,31.549999237060547,30.770000457763672,31.399999618530273,1352800,0.0,0.0
2025-12-10 00:00:00-05:00,31.469999313354492,32.029998779296875,31.290000915527344,31.65999984741211,1164100,0.0,0.0
2025-12-11 00:00:00-05:00,31.450000762939453,31.889999389648438,31.389999389648438,31.809999465942383,1124000,0.0,0.0
2025-12-12 00:00:00-05:00,31.790000915527344,31.790000915527344,30.860000610351562,31.299999237060547,1749300,0.0,0.0
2025-12-15 00:00:00-05:00,31.350000381469727,31.459999084472656,29.950000762939453,30.149999618530273,1243100,0.0,0.0
2025-12-16 00:00:00-05:00,30.059999465942383,30.280000686645508,29.530000686645508,29.68000030517578,1220200,0.0,0.0
2025-12-17 00:00:00-05:00,29.860000610351562,30.09000015258789,29.520000457763672,29.8799991607666,1243300,0.0,0.0
2025-12-18 00:00:00-05:00,29.989999771118164,30.200000762939453,29.6200008392334,29.860000610351562,1474100,0.0,0.0
2025-12-19 00:00:00-05:00,30.25,30.809999465942383,30.059999465942383,30.709999084472656,3753300,0.0,0.0
2025-12-22 00:00:00-05:00,30.799999237060547,31.15999984741211,30.75,30.979999542236328,1096600,0.0,0.0
2025-12-23 00:00:00-05:00,30.770000457763672,30.959999084472656,30.3799991607666,30.56999969482422,776800,0.0,0.0
2025-12-24 00:00:00-05:00,30.559999465942383,30.790000915527344,30.3799991607666,30.56999969482422,306500,0.0,0.0
2025-12-26 00:00:00-05:00,30.459999084472656,30.670000076293945,30.43000030517578,30.670000076293945,556000,0.0,0.0
2025-12-29 00:00:00-05:00,30.520000457763672,30.760000228881836,30.40999984741211,30.739999771118164,859100,0.0,0.0
2025-12-30 00:00:00-05:00,30.68000030517578,30.93000030517578,30.600000381469727,30.889999389648438,820500,0.0,0.0
2025-12-31 00:00:00-05:00,30.700000762939453,30.940000534057617,30.389999389648438,30.440000534057617,863500,0.0,0.0
2026-01-02 00:00:00-05:00,30.729999542236328,31.0,29.290000915527344,29.690000534057617,1252000,0.0,0.0
2026-01-05 00:00:00-05:00,30.280000686645508,30.65999984741211,29.829999923706055,30.5,1225200,0.0,0.0
2026-01-06 00:00:00-05:00,30.399999618530273,31.1299991607666,30.3700008392334,31.09000015258789,1379600,0.0,0.0
2026-01-07 00:00:00-05:00,31.229999542236328,31.5,31.079999923706055,31.459999084472656,1096100,0.0,0.0
2026-01-08 00:00:00-05:00,31.270000457763672,31.5,30.979999542236328,31.030000686645508,1211500,0.0,0.0
2026-01-09 00:00:00-05:00,30.899999618530273,31.8700008392334,30.6299991607666,31.760000228881836,1262200,0.0,0.0
2026-01-12 00:00:00-05:00,31.549999237060547,31.790000915527344,31.209999084472656,31.739999771118164,1106700,0.0,0.0
2026-01-13 00:00:00-05:00,31.799999237060547,32.029998779296875,31.06999969482422,31.190000534057617,803100,0.0,0.0
2026-01-14 00:00:00-05:00,31.0,31.329999923706055,30.329999923706055,30.59000015258789,875800,0.0,0.0
2026-01-15 00:00:00-05:00,30.790000915527344,30.940000534057617,30.350000381469727,30.899999618530273,1283200,0.0,0.0
2026-01-16 00:00:00-05:00,31.06999969482422,31.09000015258789,29.75,29.770000457763672,1146200,0.0,0.0
2026-01-20 00:00:00-05:00,29.18000030517578,29.780000686645508,29.139999389648438,29.440000534057617,998800,0.0,0.0
2026-01-21 00:00:00-05:00,29.670000076293945,29.979999542236328,29.25,29.540000915527344,1222900,0.0,0.0
2026-01-22 00:00:00-05:00,29.75,29.989999771118164,29.559999465942383,29.90999984741211,913100,0.0,0.0
2026-01-23 00:00:00-05:00,29.850000381469727,30.1299991607666,29.31999969482422,29.360000610351562,1167300,0.0,0.0
2026-01-26 00:00:00-05:00,29.56999969482422,29.850000381469727,29.450000762939453,29.700000762939453,1004300,0.0,0.0
2026-01-27 00:00:00-05:00,29.75,29.979999542236328,29.15999984741211,29.579999923706055,835000,0.0,0.0
2026-01-28 00:00:00-05:00,29.729999542236328,30.09000015258789,29.479999542236328,29.690000534057617,954700,0.0,0.0
2026-01-29 00:00:00-05:00,29.25,29.389999389648438,28.290000915527344,28.829999923706055,1451400,0.0,0.0
2026-01-30 00:00:00-05:00,28.56999969482422,29.1200008392334,28.43000030517578,28.520000457763672,1813800,0.0,0.0
2026-02-02 00:00:00-05:00,28.469999313354492,29.229999542236328,27.829999923706055,28.020000457763672,1808000,0.0,0.0
2026-02-03 00:00:00-05:00,27.93000030517578,27.940000534057617,25.75,26.030000686645508,2239700,0.0,0.0
2026-02-04 00:00:00-05:00,25.81999969482422,27.299999237060547,25.760000228881836,27.139999389648438,2050700,0.0,0.0
2026-02-05 00:00:00-05:00,27.0,27.68000030517578,26.540000915527344,26.75,2076400,0.0,0.0
2026-02-06 00:00:00-05:00,27.010000228881836,27.600000381469727,26.690000534057617,27.469999313354492,1673900,0.0,0.0
2026-02-09 00:00:00-05:00,27.440000534057617,28.350000381469727,27.350000381469727,28.290000915527344,1422100,0.0,0.0
2026-02-10 00:00:00-05:00,28.549999237060547,29.489999771118164,28.280000686645508,29.229999542236328,3437300,0.0,0.0
2026-02-11 00:00:00-05:00,38.68000030517578,41.779998779296875,35.209999084472656,37.880001068115234,11375300,0.0,0.0
2026-02-12 00:00:00-05:00,37.18000030517578,37.2599983215332,32.630001068115234,33.540000915527344,4866300,0.0,0.0
2026-02-13 00:00:00-05:00,33.459999084472656,33.849998474121094,32.779998779296875,33.560001373291016,2123200,0.0,0.0
2026-02-17 00:00:00-05:00,33.310001373291016,33.52000045776367,31.770000457763672,32.599998474121094,2550200,0.0,0.0
2026-02-18 00:00:00-05:00,32.66999816894531,33.16999816894531,32.04999923706055,32.810001373291016,1713200,0.0,0.0
2026-02-19 00:00:00-05:00,32.7599983215332,33.2599983215332,32.029998779296875,32.119998931884766,1406000,0.0,0.0
2026-02-20 00:00:00-05:00,32.040000915527344,32.900001525878906,30.68000030517578,30.90999984741211,1600200,0.0,0.0
2026-02-23 00:00:00-05:00,31.200000762939453,31.270000457763672,27.969999313354492,28.1299991607666,3445600,0.0,0.0
2026-02-24 00:00:00-05:00,28.489999771118164,30.559999465942383,28.3700008392334,30.030000686645508,2512700,0.0,0.0
2026-02-25 00:00:00-05:00,30.030000686645508,30.729999542236328,29.6200008392334,30.40999984741211,1679800,0.0,0.0
2026-02-26 00:00:00-05:00,30.690000534057617,31.020000457763672,29.959999084472656,30.969999313354492,1651200,0.0,0.0
2026-02-27 00:00:00-05:00,30.06999969482422,31.549999237060547,30.010000228881836,31.489999771118164,2645900,0.0,0.0
2026-03-02 00:00:00-05:00,30.579999923706055,30.90999984741211,29.770000457763672,30.40999984741211,2224400,0.0,0.0
2026-03-03 00:00:00-05:00,29.450000762939453,30.579999923706055,28.489999771118164,30.360000610351562,2166100,0.0,0.0
2026-03-04 00:00:00-05:00,30.299999237060547,30.40999984741211,28.65999984741211,28.719999313354492,2400200,0.0,0.0
2026-03-05 00:00:00-05:00,28.649999618530273,29.639999389648438,28.6299991607666,28.959999084472656,2502600,0.0,0.0
2026-03-06 00:00:00-05:00,28.670000076293945,28.780000686645508,27.670000076293945,28.020000457763672,2016900,0.0,0.0
2026-03-09 00:00:00-04:00,27.790000915527344,28.6299991607666,27.100000381469727,28.540000915527344,2052800,0.0,0.0
2026-03-10 00:00:00-04:00,28.469999313354492,28.59000015258789,27.170000076293945,27.889999389648438,2468300,0.0,0.0
2026-03-11 00:00:00-04:00,28.09000015258789,28.350000381469727,26.5,27.290000915527344,2148300,0.0,0.0
2026-03-12 00:00:00-04:00,26.979999542236328,27.6299991607666,26.65999984741211,26.760000228881836,1645100,0.0,0.0
2026-03-13 00:00:00-04:00,26.649999618530273,27.239999771118164,26.1299991607666,26.579999923706055,1288600,0.0,0.0
2026-03-16 00:00:00-04:00,26.780000686645508,26.950000762939453,26.0,26.670000076293945,1888800,0.0,0.0
2026-03-17 00:00:00-04:00,26.790000915527344,27.75,26.690000534057617,27.239999771118164,1920800,0.0,0.0
2026-03-18 00:00:00-04:00,26.850000381469727,27.239999771118164,26.56999969482422,26.690000534057617,1649000,0.0,0.0
2026-03-19 00:00:00-04:00,26.270000457763672,27.280000686645508,26.170000076293945,27.020000457763672,2405500,0.0,0.0
2026-03-20 00:00:00-04:00,26.780000686645508,27.1299991607666,26.219999313354492,26.829999923706055,2880400,0.0,0.0
2026-03-23 00:00:00-04:00,27.110000610351562,27.489999771118164,26.549999237060547,26.940000534057617,1976400,0.0,0.0
2026-03-24 00:00:00-04:00,26.799999237060547,26.799999237060547,25.809999465942383,26.110000610351562,1341000,0.0,0.0
2026-03-25 00:00:00-04:00,26.6200008392334,26.780000686645508,25.6200008392334,26.010000228881836,1470200,0.0,0.0
2026-03-26 00:00:00-04:00,25.739999771118164,26.75,25.739999771118164,26.229999542236328,1616700,0.0,0.0
2026-03-27 00:00:00-04:00,25.84000015258789,25.84000015258789,25.020000457763672,25.309999465942383,2000900,0.0,0.0
2026-03-30 00:00:00-04:00,25.530000686645508,25.729999542236328,24.520000457763672,24.75,1649500,0.0,0.0
2026-03-31 00:00:00-04:00,25.1200008392334,26.010000228881836,24.709999084472656,25.6299991607666,2223000,0.0,0.0
2026-04-01 00:00:00-04:00,25.790000915527344,25.920000076293945,24.93000030517578,25.239999771118164,1571700,0.0,0.0
2026-04-02 00:00:00-04:00,24.790000915527344,25.639999389648438,23.860000610351562,25.479999542236328,2752900,0.0,0.0
2026-04-06 00:00:00-04:00,25.309999465942383,26.1299991607666,25.100000381469727,25.93000030517578,1672900,0.0,0.0
2026-04-07 00:00:00-04:00,25.799999237060547,26.190000534057617,25.469999313354492,25.8700008392334,1211700,0.0,0.0
2026-04-08 00:00:00-04:00,26.84000015258789,27.219999313354492,25.6200008392334,25.700000762939453,1627100,0.0,0.0
2026-04-09 00:00:00-04:00,25.5,25.530000686645508,24.770000457763672,25.1200008392334,1566000,0.0,0.0
2026-04-10 00:00:00-04:00,25.200000762939453,25.31999969482422,24.329999923706055,24.559999465942383,1512500,0.0,0.0
2026-04-13 00:00:00-04:00,24.649999618530273,26.200000762939453,24.540000915527344,26.020000457763672,1941400,0.0,0.0
2026-04-14 00:00:00-04:00,26.190000534057617,26.649999618530273,25.719999313354492,25.719999313354492,1216000,0.0,0.0
2026-04-15 00:00:00-04:00,26.219999313354492,26.950000762939453,26.219999313354492,26.670000076293945,1588700,0.0,0.0
2026-04-16 00:00:00-04:00,27.149999618530273,27.530000686645508,26.579999923706055,26.770000457763672,941300,0.0,0.0
2026-04-17 00:00:00-04:00,27.170000076293945,27.559999465942383,26.899999618530273,27.100000381469727,1258900,0.0,0.0
2026-04-20 00:00:00-04:00,27.0,27.670000076293945,26.979999542236328,27.079999923706055,2276800,0.0,0.0
2026-04-21 00:00:00-04:00,27.209999084472656,27.899999618530273,27.049999237060547,27.510000228881836,1380700,0.0,0.0
2026-04-22 00:00:00-04:00,27.700000762939453,28.06999969482422,27.299999237060547,27.479999542236328,1245400,0.0,0.0
2026-04-23 00:00:00-04:00,27.100000381469727,27.100000381469727,25.489999771118164,25.90999984741211,1628000,0.0,0.0
2026-04-24 00:00:00-04:00,26.149999618530273,26.5,25.670000076293945,26.43000030517578,1562000,0.0,0.0
2026-04-27 00:00:00-04:00,26.399999618530273,26.899999618530273,26.329999923706055,26.469999313354492,1238500,0.0,0.0
2026-04-28 00:00:00-04:00,26.579999923706055,27.299999237060547,25.68000030517578,25.780000686645508,1422800,0.0,0.0
2026-04-29 00:00:00-04:00,25.579999923706055,26.469999313354492,25.299999237060547,26.270000457763672,1891400,0.0,0.0
2026-04-30 00:00:00-04:00,26.09000015258789,26.770000457763672,25.6200008392334,26.350000381469727,2739100,0.0,0.0
2026-05-01 00:00:00-04:00,26.989999771118164,28.229999542236328,26.920000076293945,27.959999084472656,1944700,0.0,0.0
2026-05-04 00:00:00-04:00,28.200000762939453,29.40999984741211,28.200000762939453,29.31999969482422,4316000,0.0,0.0
2026-05-05 00:00:00-04:00,29.309999465942383,30.610000610351562,28.739999771118164,30.079999923706055,3580700,0.0,0.0
2026-05-06 00:00:00-04:00,27.200000762939453,30.5,26.8700008392334,30.280000686645508,5185300,0.0,0.0
2026-05-07 00:00:00-04:00,30.84000015258789,31.510000228881836,29.329999923706055,29.6299991607666,4693100,0.0,0.0
2026-05-08 00:00:00-04:00,29.700000762939453,31.65999984741211,29.25,31.59000015258789,2516300,0.0,0.0
2026-05-11 00:00:00-04:00,31.450000762939453,32.369998931884766,31.049999237060547,32.310001373291016,2656600,0.0,0.0
2026-05-12 00:00:00-04:00,32.13999938964844,32.66999816894531,31.229999542236328,31.739999771118164,2592400,0.0,0.0
2026-05-13 00:00:00-04:00,31.540000915527344,33.5099983215332,31.3700008392334,32.70000076293945,3682700,0.0,0.0
2026-05-14 00:00:00-04:00,32.65999984741211,34.040000915527344,32.54999923706055,33.459999084472656,2491200,0.0,0.0
2026-05-15 00:00:00-04:00,33.36000061035156,34.029998779296875,33.0099983215332,33.810001373291016,1920276,0.0,0.0
