Date,Open,High,Low,Close,Volume,Dividends,Stock Splits
2022-01-03 00:00:00-05:00,229.5802401240804,229.80687412222858,223.46112217408026,224.6124267578125,2450200,0.0,0.0
2022-01-04 00:00:00-05:00,226.63399151833397,230.62274423600022,226.05380905335267,228.47425842285156,2647500,0.0,0.0
2022-01-05 00:00:00-05:00,229.21764230698696,230.90379988777738,228.1388622105885,229.16323852539062,3651300,0.0,0.0
2022-01-06 00:00:00-05:00,230.26011885710955,230.89469122129012,228.33826717340844,229.79779052734375,2342300,0.0,0.0
2022-01-07 00:00:00-05:00,229.1632126329707,232.17290474039785,228.05725151969634,230.96722412109375,2346800,0.0,0.0
2022-01-10 00:00:00-05:00,230.74054863229833,230.74054863229833,225.1834799309179,226.8877716064453,3341400,0.0,0.0
2022-01-11 00:00:00-05:00,227.31385147207808,227.7127294366371,222.16473477630527,223.3885498046875,3087200,0.0,0.0
2022-01-12 00:00:00-05:00,224.4673551290149,225.6911841291248,223.04408712395906,223.91436767578125,2480800,0.0,0.0
2022-01-13 00:00:00-05:00,224.36763003308351,225.518934472453,223.63333818437943,224.47640991210938,2615100,0.0,0.0
2022-01-14 00:00:00-05:00,222.34605811839043,225.02939656433279,221.675216590585,223.25259399414062,2525500,0.0,0.0
2022-01-18 00:00:00-05:00,221.9200008896278,222.5908286323713,214.66771336926507,215.79180908203125,5752100,0.0,0.0
2022-01-19 00:00:00-05:00,217.56862106462117,219.1097293639675,214.87620827233525,217.10629272460938,4910900,0.0,0.0
2022-01-20 00:00:00-05:00,215.04842519843993,222.69958962115135,214.8489862143303,219.44512939453125,4256100,0.0,0.0
2022-01-21 00:00:00-05:00,221.79304796205815,227.11440858118678,219.59923302737744,223.3069610595703,4932400,0.0,0.0
2022-01-24 00:00:00-05:00,220.21566985689915,222.9352771949135,216.7799053395685,222.19192504882812,5093200,0.0,0.0
2022-01-25 00:00:00-05:00,219.9618738100781,222.70867652526482,216.8343276705986,221.3035430908203,3325400,0.0,0.0
2022-01-26 00:00:00-05:00,223.5427072543172,226.76997317704485,219.70806387603278,221.99253845214844,3529100,0.0,0.0
2022-01-27 00:00:00-05:00,224.21354305341453,225.42829793301982,220.03441167965028,221.72962951660156,3045500,0.0,0.0
2022-01-28 00:00:00-05:00,222.1012795096539,223.08033987108251,217.2059915351498,222.94435119628906,2659900,0.0,0.0
2022-01-31 00:00:00-05:00,222.1013283413706,222.454876841343,220.1160122135862,221.69338989257812,3522000,0.0,0.0
2022-02-01 00:00:00-05:00,221.92903237878747,225.16537190311357,221.03157076786326,223.65145874023438,2438500,0.0,0.0
2022-02-02 00:00:00-05:00,223.03503552122424,228.26575175197289,223.03503552122424,227.77621459960938,2640200,0.0,0.0
2022-02-03 00:00:00-05:00,226.90594032433003,228.16602468195268,220.77774873915607,221.51205444335938,3666700,0.0,0.0
2022-02-04 00:00:00-05:00,221.77488900318997,223.08936297741195,218.62014869852985,219.7351837158203,3603500,0.0,0.0
2022-02-07 00:00:00-05:00,221.33979626093964,222.08314846431264,217.70457865275134,218.61111450195312,3067400,0.0,0.0
2022-02-08 00:00:00-05:00,220.46949282544404,222.25536936921043,219.4269822403628,220.24285888671875,3027700,0.0,0.0
2022-02-09 00:00:00-05:00,222.2554379382399,223.56991242185353,220.94096345462629,223.4520721435547,3135200,0.0,0.0
2022-02-10 00:00:00-05:00,220.78678606285462,223.09845500637104,218.42072718721934,219.4904327392578,2034800,0.0,0.0
2022-02-11 00:00:00-05:00,218.7833569631759,221.63895316734002,215.49264126028245,216.4898223876953,2379100,0.0,0.0
2022-02-14 00:00:00-05:00,217.68646438050666,220.96811982593846,216.10002659714095,219.88027954101562,2429400,0.0,0.0
2022-02-15 00:00:00-05:00,222.1012757111078,226.61582021772938,221.62987321196982,226.01751708984375,3248500,0.0,0.0
2022-02-16 00:00:00-05:00,225.22885730855316,231.03069577308253,225.22885730855316,230.087890625,3493100,0.0,0.0
2022-02-17 00:00:00-05:00,228.72805320890646,229.62552866096402,226.23507967471895,227.53143310546875,2697500,0.0,0.0
2022-02-18 00:00:00-05:00,227.9575065850859,230.69523484043563,226.93311666765453,227.71273803710938,3319300,0.0,0.0
2022-02-22 00:00:00-05:00,227.54050481329995,228.70086962764904,222.34605811839043,223.25259399414062,4360300,0.0,0.0
2022-02-23 00:00:00-05:00,224.85718940039678,228.07539505346764,221.47581390260598,221.9381561279297,3346900,0.0,0.0
2022-02-24 00:00:00-05:00,217.94031357957172,220.10693397182067,214.67677858877624,219.46328735351562,3944100,0.0,0.0
2022-02-25 00:00:00-05:00,220.6930885129568,226.2409441177873,220.0554079550434,224.47364807128906,2548100,1.18,0.0
2022-02-28 00:00:00-05:00,219.11715132739857,224.54657676149188,218.3063828913091,224.0546417236328,3358100,0.0,0.0
2022-03-01 00:00:00-05:00,223.0616254877562,224.60117743874324,219.5270335008933,220.8479461669922,3327000,0.0,0.0
2022-03-02 00:00:00-05:00,221.56763417917088,230.82315577841044,221.32166671116997,229.90306091308594,3528900,0.0,0.0
2022-03-03 00:00:00-05:00,231.32418068084004,240.12421414267888,230.77760329898035,232.71798706054688,7218000,0.0,0.0
2022-03-04 00:00:00-05:00,232.00743024800192,241.21741481303167,231.05091628285282,241.0716552734375,5924800,0.0,0.0
2022-03-07 00:00:00-05:00,240.49772530467098,246.09113271484742,238.01986884101558,238.183837890625,5794000,0.0,0.0
2022-03-08 00:00:00-05:00,238.22030529015902,239.8145138341658,230.5681098390845,230.90516662597656,6229800,0.0,0.0
2022-03-09 00:00:00-05:00,234.43969466210163,236.26164678257527,229.14691207579682,231.08729553222656,6204400,0.0,0.0
2022-03-10 00:00:00-05:00,229.56601052794767,236.7718358611695,227.34322629718542,236.53497314453125,4501100,0.0,0.0
2022-03-11 00:00:00-05:00,235.95193320397226,239.9511039053221,235.95193320397226,238.23846435546875,3873800,0.0,0.0
2022-03-14 00:00:00-04:00,239.91466965644588,240.37927639720849,232.8910512030584,234.7221221923828,3839200,0.0,0.0
2022-03-15 00:00:00-04:00,238.26581490321405,238.93995619833416,233.93867793662346,236.9722442626953,2913800,0.0,0.0
2022-03-16 00:00:00-04:00,238.7668635793025,241.34491394975743,237.09067073548383,240.6343536376953,3958600,0.0,0.0
2022-03-17 00:00:00-04:00,237.69193051619274,240.8803473259178,235.4326994541609,240.09689331054688,3761500,0.0,0.0
2022-03-18 00:00:00-04:00,240.49771445161204,240.64347397828323,236.53496246014964,238.05630493164062,6342900,0.0,0.0
2022-03-21 00:00:00-04:00,237.62819493019808,241.80957318968842,237.07248488047264,240.96237182617188,5158400,0.0,0.0
2022-03-22 00:00:00-04:00,242.3196734276892,243.4128560070766,240.306423774785,242.19212341308594,3704700,0.0,0.0
2022-03-23 00:00:00-04:00,241.46332939877513,245.75401916206746,240.97139450719723,243.85008239746094,2877100,0.0,0.0
2022-03-24 00:00:00-04:00,245.0525880761547,248.48695820559323,244.38756546825977,246.1548614501953,3400200,0.0,0.0
2022-03-25 00:00:00-04:00,247.21157747546206,249.22482685323953,246.22773552909356,249.0426483154297,2814300,0.0,0.0
2022-03-28 00:00:00-04:00,248.44147815662578,250.88288816997203,247.46672676297135,250.82823181152344,2548400,0.0,0.0
2022-03-29 00:00:00-04:00,250.7006586136594,252.17643559336494,245.3987705155575,249.25218200683594,2759500,0.0,0.0
2022-03-30 00:00:00-04:00,249.7259170041092,252.22198296432433,249.47993563085802,252.05801391601562,2770400,0.0,0.0
2022-03-31 00:00:00-04:00,251.03775121354653,254.10773696429638,248.88783264160156,248.88783264160156,3793000,0.0,0.0
2022-04-01 00:00:00-04:00,249.78968767694226,250.00831307089297,234.1208857587644,236.81736755371094,6367000,0.0,0.0
2022-04-04 00:00:00-04:00,236.63518789545918,237.48238909387868,230.7867084272992,234.7949981689453,4633400,0.0,0.0
2022-04-05 00:00:00-04:00,233.5378800324486,236.38014955197144,229.27451745435164,229.66624450683594,5042600,0.0,0.0
2022-04-06 00:00:00-04:00,227.6802852246291,228.19044359588375,218.96224982708873,221.30345153808594,6794200,0.0,0.0
2022-04-07 00:00:00-04:00,221.92291001249538,224.09103779097074,218.65250882928126,223.06163024902344,4793100,0.0,0.0
2022-04-08 00:00:00-04:00,219.7456818852696,223.51712282830536,218.34277074149853,220.43801879882812,3530700,0.0,0.0
2022-04-11 00:00:00-04:00,219.463292764712,222.54238305205075,218.24258792001575,221.46743774414062,2912100,0.0,0.0
2022-04-12 00:00:00-04:00,221.91378758549504,226.05871779611417,220.90260353995504,223.24380493164062,3097700,0.0,0.0
2022-04-13 00:00:00-04:00,222.97052926990594,224.38254515721124,221.0574875938997,222.85211181640625,3062000,0.0,0.0
2022-04-14 00:00:00-04:00,224.4645319329501,225.8309962439877,222.76101087331594,224.2914581298828,3180200,0.0,0.0
2022-04-18 00:00:00-04:00,223.1891676460223,224.85625574995615,218.83470254847015,220.5655517578125,3173200,0.0,0.0
2022-04-19 00:00:00-04:00,222.97964586408102,224.1821272063834,221.93201490560017,223.75396728515625,2269000,0.0,0.0
2022-04-20 00:00:00-04:00,224.18210827903877,227.0516913748013,224.18210827903877,225.0748748779297,2937700,0.0,0.0
2022-04-21 00:00:00-04:00,223.61732933296278,228.21776193141324,220.9481618339008,222.642578125,4179600,0.0,0.0
2022-04-22 00:00:00-04:00,220.69305790628897,221.0574566748414,213.02264105825483,213.4416961669922,5105300,0.0,0.0
2022-04-25 00:00:00-04:00,213.01354578871144,215.8649054654119,209.57916195675253,215.3729705810547,4129900,0.0,0.0
2022-04-26 00:00:00-04:00,214.62597749715374,216.6847785056509,212.64914710223087,212.79490661621094,2316200,0.0,0.0
2022-04-27 00:00:00-04:00,211.8384035647002,216.8396680044144,211.61065951025702,215.71005249023438,3489800,0.0,0.0
2022-04-28 00:00:00-04:00,215.71007250246467,218.52499984083317,215.3821204776254,217.95108032226562,4531800,0.0,0.0
2022-04-29 00:00:00-04:00,216.90343283185854,218.52496931135846,213.02266543003165,213.43260192871094,4407100,0.0,0.0
2022-05-02 00:00:00-04:00,214.51665583066196,215.30009586077986,208.26735900448227,212.13900756835938,3665800,0.0,0.0
2022-05-03 00:00:00-04:00,212.24832921835966,212.6673704454217,209.16922551342455,211.43756103515625,2285000,0.0,0.0
2022-05-04 00:00:00-04:00,212.50343066453118,216.4843923714849,210.8090143079551,215.9833526611328,2598400,0.0,0.0
2022-05-05 00:00:00-04:00,214.48021313654928,215.30008605847382,209.12366927215888,210.87274169921875,3005500,0.0,0.0
2022-05-06 00:00:00-04:00,210.00735138334775,210.06200773365558,205.67110948739858,209.15103149414062,2774900,0.0,0.0
2022-05-09 00:00:00-04:00,206.79159603478774,207.4839329380753,204.44127578625702,205.1973876953125,3288900,0.0,0.0
2022-05-10 00:00:00-04:00,207.69347115314298,207.91209654732367,198.8478860365451,202.78330993652344,3845200,0.0,0.0
2022-05-11 00:00:00-04:00,203.0201716523749,207.81190181814597,202.65578670531505,203.94937133789062,2457500,0.0,0.0
2022-05-12 00:00:00-04:00,203.50297529426345,207.68435276819974,202.10918280295135,205.8168487548828,3230900,0.0,0.0
2022-05-13 00:00:00-04:00,206.67317613398643,211.66533596194674,206.52743049917152,210.2168731689453,3263800,0.0,0.0
2022-05-16 00:00:00-04:00,209.62470873108822,210.82718994228767,207.08309155488553,207.6023406982422,3091900,0.0,0.0
2022-05-17 00:00:00-04:00,210.8636578049875,212.3394347706197,208.87772250147881,211.51956176757812,2916400,0.0,0.0
2022-05-18 00:00:00-04:00,211.6379822468685,211.66531041887308,204.13153389417616,204.9605255126953,2620700,0.0,0.0
2022-05-19 00:00:00-04:00,199.8955024921058,200.68806124471052,193.7828599254517,197.22634887695312,5428100,0.0,0.0
2022-05-20 00:00:00-04:00,196.77086018547024,198.0917729020069,191.52364225133277,194.56629943847656,3796000,0.0,0.0
2022-05-23 00:00:00-04:00,196.30625819577804,197.77293037292947,195.2495225115362,197.5816192626953,3079300,0.0,0.0
2022-05-24 00:00:00-04:00,196.5430741691449,198.23749010386092,194.28385755632044,197.76377868652344,2159700,0.0,0.0
2022-05-25 00:00:00-04:00,198.30131722112165,200.00485237938324,196.45203641702216,198.06446838378906,2006700,0.0,0.0
2022-05-26 00:00:00-04:00,198.80233505643093,202.7650871428505,198.80233505643093,201.5899200439453,2045300,0.0,0.0
2022-05-27 00:00:00-04:00,203.12024552410656,205.49361321952907,202.35966547843321,203.88998413085938,1537400,1.3,0.0
2022-05-31 00:00:00-04:00,203.18438969833184,203.23021047021763,200.93015313993067,201.39749145507812,4405400,0.0,0.0
2022-06-01 00:00:00-04:00,202.67120774379794,203.97243641982428,201.5257584885774,202.8086700439453,2796200,0.0,0.0
2022-06-02 00:00:00-04:00,204.2748750301453,206.9964640898164,202.1580866465205,206.5382843017578,2091900,0.0,0.0
2022-06-03 00:00:00-04:00,205.0904005805205,206.47411226047552,203.32183360267663,205.26451110839844,1964400,0.0,0.0
2022-06-06 00:00:00-04:00,206.49247990184227,207.41801209594178,205.36536144894512,206.33670043945312,2151300,0.0,0.0
2022-06-07 00:00:00-04:00,200.60940321131199,209.90128720151108,199.03326388510158,209.61721801757812,3772300,0.0,0.0
2022-06-08 00:00:00-04:00,206.7123754645594,206.95979644200835,201.5990878316522,203.13856506347656,2409300,0.0,0.0
2022-06-09 00:00:00-04:00,202.12141389733233,203.7800222917,198.5567621554126,198.65756225585938,2198300,0.0,0.0
2022-06-10 00:00:00-04:00,195.94513211771465,197.163891797232,192.44463249920895,193.4617919921875,2752200,0.0,0.0
2022-06-13 00:00:00-04:00,190.14462995072776,192.16061841152893,187.12981281370557,190.66696166992188,3374500,0.0,0.0
2022-06-14 00:00:00-04:00,192.01393923880093,194.50643788276324,190.21788267574652,191.05177307128906,2631600,0.0,0.0
2022-06-15 00:00:00-04:00,193.4892927811801,195.19372192194493,189.73222741586272,192.2888641357422,2236000,0.0,0.0
2022-06-16 00:00:00-04:00,188.53177785593223,192.0505944069838,188.1469086065235,190.77685546875,3124500,0.0,0.0
2022-06-17 00:00:00-04:00,190.74022720015978,191.73906969690705,188.48599062648302,189.1824188232422,6079700,0.0,0.0
2022-06-21 00:00:00-04:00,192.48131929920774,193.7917066966064,190.68524849397429,191.9498291015625,2956000,0.0,0.0
2022-06-22 00:00:00-04:00,189.68643390083898,193.55347246418373,189.23741267093504,191.50999450683594,2098400,0.0,0.0
2022-06-23 00:00:00-04:00,192.178900716571,193.67257106140326,190.1262505603166,192.20639038085938,2504700,0.0,0.0
2022-06-24 00:00:00-04:00,192.49049295710276,199.6289419829997,192.49049295710276,197.73207092285156,5516500,0.0,0.0
2022-06-27 00:00:00-04:00,198.6850590952488,198.6850590952488,194.66222775870366,195.96347045898438,1827600,0.0,0.0
2022-06-28 00:00:00-04:00,198.05273871552367,200.54523711416994,195.3219779515814,195.51441955566406,2156400,0.0,0.0
2022-06-29 00:00:00-04:00,196.12843763913756,196.12843763913756,192.8570412453131,195.32203674316406,2179000,0.0,0.0
2022-06-30 00:00:00-04:00,192.43547388026974,195.56942134841566,191.53744558393822,195.44113159179688,2314100,0.0,0.0
2022-07-01 00:00:00-04:00,194.72640684287876,198.12610696878141,193.62677816544996,197.25555419921875,1765900,0.0,0.0
2022-07-05 00:00:00-04:00,195.35868773357316,195.3770188390297,190.30037928288456,192.59127807617188,2236000,0.0,0.0
2022-07-06 00:00:00-04:00,191.9773090996136,194.79969794709694,189.85134841610565,192.1789093017578,2655800,0.0,0.0
2022-07-07 00:00:00-04:00,192.4629948591278,195.38618405614406,191.31754542346545,194.8455352783203,2007200,0.0,0.0
2022-07-08 00:00:00-04:00,194.32320789626004,195.25789857142018,188.4493397052369,192.1605987548828,1850900,0.0,0.0
2022-07-11 00:00:00-04:00,191.34502165759167,193.4618098288768,190.8227040225192,192.3163604736328,1818500,0.0,0.0
2022-07-12 00:00:00-04:00,189.2098946039673,191.21672402906904,187.94532807588297,189.2282257080078,2653900,0.0,0.0
2022-07-13 00:00:00-04:00,187.84454530245424,191.1617623304223,187.2030824446939,189.42068481445312,1902500,0.0,0.0
2022-07-14 00:00:00-04:00,186.47913506158866,188.74254386373994,185.45281702362144,188.33018493652344,2306600,0.0,0.0
2022-07-15 00:00:00-04:00,191.65657700961714,193.21439929019263,190.47447944901205,191.6382598876953,3997500,0.0,0.0
2022-07-18 00:00:00-04:00,192.8203235080693,194.98293202972638,192.0230953861878,192.63705444335938,1990100,0.0,0.0
2022-07-19 00:00:00-04:00,194.3690061434978,199.10658288655574,193.91082641226356,198.75836181640625,2387700,0.0,0.0
2022-07-20 00:00:00-04:00,198.75839923202088,199.6289520712733,196.18343089496076,196.51332092285156,3152100,0.0,0.0
2022-07-21 00:00:00-04:00,194.7263960064169,196.43082525546865,192.26138668564747,194.17657470703125,4130900,0.0,0.0
2022-07-22 00:00:00-04:00,194.4606608544902,196.3391866937634,193.16859056908302,195.55111694335938,2612600,0.0,0.0
2022-07-25 00:00:00-04:00,195.541937815858,199.372327496487,194.81802001992673,199.1798858642578,2534200,0.0,0.0
2022-07-26 00:00:00-04:00,198.26352279960278,199.42730316713067,196.51327296811047,197.90614318847656,1927900,0.0,0.0
2022-07-27 00:00:00-04:00,198.3001762925292,202.69870438039766,197.64039638022217,201.49827575683594,2041500,0.0,0.0
2022-07-28 00:00:00-04:00,201.92899113798495,205.356180891086,200.7835416996869,205.0262908935547,2337200,0.0,0.0
2022-07-29 00:00:00-04:00,204.7329889218631,209.140674827102,204.60469918180016,208.28846740722656,2337000,0.0,0.0
2022-08-01 00:00:00-04:00,207.17971313632287,208.91163200808927,206.4832849596594,208.0869140625,2245100,0.0,0.0
2022-08-02 00:00:00-04:00,206.76735233637098,206.76735233637098,203.01944542208875,203.88998413085938,2954300,0.0,0.0
2022-08-03 00:00:00-04:00,204.84299202958692,207.52793257720322,204.2290328558232,206.75819396972656,1922300,0.0,0.0
2022-08-04 00:00:00-04:00,207.07889815279665,209.82797641726128,205.6585382529829,208.33432006835938,1891900,0.0,0.0
2022-08-05 00:00:00-04:00,207.09722028667463,209.88294665502974,207.09722028667463,209.49807739257812,1482200,0.0,0.0
2022-08-08 00:00:00-04:00,210.762674936833,211.98143469154593,208.73751438621122,208.80166625976562,1662500,0.0,0.0
2022-08-09 00:00:00-04:00,209.54392053866897,210.90930119709307,209.13156156932382,209.3789825439453,1778700,0.0,0.0
2022-08-10 00:00:00-04:00,212.6961872379304,216.673183796754,211.59655872163592,216.0408935546875,2411500,0.0,0.0
2022-08-11 00:00:00-04:00,217.35130018328655,221.65818680179098,217.1771896505804,219.23899841308594,2746600,0.0,0.0
2022-08-12 00:00:00-04:00,219.91714011860788,221.0075962709014,218.64340086471714,219.88047790527344,2186700,0.0,0.0
2022-08-15 00:00:00-04:00,218.64337044785265,218.73499800336685,216.70067890497467,218.24932861328125,2070500,0.0,0.0
2022-08-16 00:00:00-04:00,217.86449101903168,222.08890925908074,217.86449101903168,221.16339111328125,2486800,0.0,0.0
2022-08-17 00:00:00-04:00,218.20350176716133,221.22749066562193,217.79114282249287,220.7418212890625,1686800,0.0,0.0
2022-08-18 00:00:00-04:00,221.33742070282568,222.01553162323472,219.97205428518947,221.67648315429688,1457500,0.0,0.0
2022-08-19 00:00:00-04:00,220.84262055047685,220.84262055047685,218.35928036624526,218.57005310058594,2082500,0.0,0.0
2022-08-22 00:00:00-04:00,215.78430752840413,217.99273703751155,215.12452764201075,217.64451599121094,2891100,0.0,0.0
2022-08-23 00:00:00-04:00,217.3971336665766,219.0557421308776,216.61822249550633,217.763671875,1638900,0.0,0.0
2022-08-24 00:00:00-04:00,217.4796014178729,219.02825120726575,217.03975277378203,218.3592987060547,1779700,0.0,0.0
2022-08-25 00:00:00-04:00,218.63420354716087,220.04540496734944,217.3421333330045,219.07406616210938,1624100,0.0,0.0
2022-08-26 00:00:00-04:00,218.5883599921095,219.11985010953643,211.63319566519712,211.9264373779297,1728800,0.0,0.0
2022-08-29 00:00:00-04:00,210.41444919713257,214.52890809803992,209.69968995573277,212.97109985351562,2139900,0.0,0.0
2022-08-30 00:00:00-04:00,212.84205321451358,213.32124434949196,206.89829174577025,207.56178283691406,3159400,1.3,0.0
2022-08-31 00:00:00-04:00,208.4003353789879,209.0546163486305,206.38223201550954,206.88905334472656,2420700,0.0,0.0
2022-09-01 00:00:00-04:00,206.10583106174,208.52019331768193,205.31332843450275,208.3174591064453,2263200,0.0,0.0
2022-09-02 00:00:00-04:00,210.21573647903816,210.21573647903816,205.43307731324361,206.3638153076172,1571800,0.0,0.0
2022-09-06 00:00:00-04:00,206.36383604772053,211.67175133344745,205.95836766025494,210.0867462158203,2956400,0.0,0.0
2022-09-07 00:00:00-04:00,208.99014771349934,211.9574238309397,208.99014771349934,210.8331756591797,2858500,0.0,0.0
2022-09-08 00:00:00-04:00,209.86560763316749,212.47349399283956,209.39562648457672,212.26153564453125,2181800,0.0,0.0
2022-09-09 00:00:00-04:00,212.97110957592486,214.9707933481437,212.86053239110538,213.68067932128906,2016400,0.0,0.0
2022-09-12 00:00:00-04:00,215.9936367591581,216.82299362279952,214.30726467931385,215.7816925048828,2635500,0.0,0.0
2022-09-13 00:00:00-04:00,212.08643288612325,213.6806621656129,207.84747709451162,208.52938842773438,2378300,0.0,0.0
2022-09-14 00:00:00-04:00,205.8477917090949,206.3085486864642,197.21319639158673,200.84396362304688,5915000,0.0,0.0
2022-09-15 00:00:00-04:00,203.96790959738888,207.0549871856142,200.92691052235267,201.2218017578125,4148500,0.0,0.0
2022-09-16 00:00:00-04:00,197.0749784631145,197.84904682431545,191.28787184829102,195.3609619140625,7984100,0.0,0.0
2022-09-19 00:00:00-04:00,194.3196668358382,199.5907284247092,193.99714534905644,199.23133850097656,2863800,0.0,0.0
2022-09-20 00:00:00-04:00,197.08418044091798,198.31901979820248,194.08926015730356,196.53128051757812,2094100,0.0,0.0
2022-09-21 00:00:00-04:00,198.02413973415733,199.93168043305488,195.13979646065405,195.2595977783203,1917600,0.0,0.0
2022-09-22 00:00:00-04:00,194.77118477273382,195.83092016757135,192.44896573241303,192.75306701660156,2508400,0.0,0.0
2022-09-23 00:00:00-04:00,190.29262601087513,190.8731842847253,186.25639050922453,187.96119689941406,2585500,0.0,0.0
2022-09-26 00:00:00-04:00,187.01204182631483,187.8506228890584,183.46420752159162,185.0952911376953,3708100,0.0,0.0
2022-09-27 00:00:00-04:00,185.0861024424783,186.53287218818713,181.06830062473333,181.76864624023438,5466100,0.0,0.0
2022-09-28 00:00:00-04:00,182.70857877622643,187.58338149079597,181.962154710287,185.98916625976562,3284900,0.0,0.0
2022-09-29 00:00:00-04:00,184.4410330770077,184.78200284006263,181.87922512076304,183.5655975341797,2072400,0.0,0.0
2022-09-30 00:00:00-04:00,182.47823081296468,183.6854120658879,179.44644147005144,179.52938842773438,3267600,0.0,0.0
2022-10-03 00:00:00-04:00,181.5566925497066,185.88780554540276,180.65359870399715,184.54238891601562,2489900,0.0,0.0
2022-10-04 00:00:00-04:00,186.9198904631359,189.2789639786034,186.30247779003992,189.2605438232422,2896500,0.0,0.0
2022-10-05 00:00:00-04:00,186.6710783526573,187.50964531911023,183.82358970172783,184.87411499023438,3065800,0.0,0.0
2022-10-06 00:00:00-04:00,184.4502238114843,185.60211617532323,182.3030947579462,182.6532745361328,2586800,0.0,0.0
2022-10-07 00:00:00-04:00,180.6352003856619,181.68572591214055,178.41434799842182,180.26658630371094,2875700,0.0,0.0
2022-10-10 00:00:00-04:00,181.6580429946613,182.52426832660694,178.506467085224,178.8197784423828,2859500,0.0,0.0
2022-10-11 00:00:00-04:00,177.77851540136825,180.4324807614898,176.6081884458715,177.52049255371094,3094700,0.0,0.0
2022-10-12 00:00:00-04:00,177.68631548045946,180.47850144951335,176.8569445405947,177.04124450683594,2381300,0.0,0.0
2022-10-13 00:00:00-04:00,173.55792002470733,182.63483732744442,172.22172771679413,181.29864501953125,3482900,0.0,0.0
2022-10-14 00:00:00-04:00,183.18775475755254,183.55636877994718,178.2392292693472,178.58018493652344,2719400,0.0,0.0
2022-10-17 00:00:00-04:00,180.76418371727777,184.03556112278707,180.7088951288716,183.01268005371094,3002200,0.0,0.0
2022-10-18 00:00:00-04:00,186.3577615091566,187.73082235180482,183.39048547580566,185.81407165527344,2551300,0.0,0.0
2022-10-19 00:00:00-04:00,184.2935793384513,185.93387303935782,183.13246276597155,184.3580780029297,2386900,0.0,0.0
2022-10-20 00:00:00-04:00,177.43754101752106,179.49251350312392,171.2449652016911,171.81629943847656,6103200,0.0,0.0
2022-10-21 00:00:00-04:00,170.89474245175603,176.1750129301683,169.28209319744496,175.57603454589844,6711600,0.0,0.0
2022-10-24 00:00:00-04:00,177.70477935850744,179.6952532305156,176.87542227576552,178.30377197265625,2994300,0.0,0.0
2022-10-25 00:00:00-04:00,178.3867027992561,179.72289544425698,177.5481215858898,179.3358612060547,2770000,0.0,0.0
2022-10-26 00:00:00-04:00,181.72254959708158,182.6809319870953,179.13309762643448,180.41400146484375,4134600,0.0,0.0
2022-10-27 00:00:00-04:00,181.76863307662543,184.2382838007427,180.22970641295163,180.65359497070312,3148200,0.0,0.0
2022-10-28 00:00:00-04:00,181.18808918792794,183.23385151710676,179.80581810395245,183.0587615966797,3724100,0.0,0.0
2022-10-31 00:00:00-04:00,182.98503915901023,183.02189353156993,179.73208184841124,181.66726684570312,3130300,0.0,0.0
2022-11-01 00:00:00-04:00,181.72254121435247,182.46896523566576,178.3774552647193,181.37237548828125,3042400,0.0,0.0
2022-11-02 00:00:00-04:00,180.9392571774186,183.33518484479487,177.0781117445026,177.4190673828125,3020000,0.0,0.0
2022-11-03 00:00:00-04:00,175.34565870971406,179.88872941749779,175.2903701270985,178.0272674560547,3238800,0.0,0.0
2022-11-04 00:00:00-04:00,180.21125451048613,182.25701647608366,178.93956083965895,181.26177978515625,3334000,0.0,0.0
2022-11-07 00:00:00-05:00,182.92053175363282,182.92053175363282,180.12834541649508,180.89320373535156,3757800,0.0,0.0
2022-11-08 00:00:00-05:00,182.59798964463462,189.02094321477662,182.24782389358873,187.99806213378906,6285100,0.0,0.0
2022-11-09 00:00:00-05:00,187.53731813863757,188.48647647960013,186.09054840055606,187.44517517089844,4682700,0.0,0.0
2022-11-10 00:00:00-05:00,194.32887457334792,196.45756963895246,192.67935665814943,196.2732696533203,4923400,0.0,0.0
2022-11-11 00:00:00-05:00,199.14838690095547,202.327607321645,197.90433740272647,200.42929077148438,5176500,0.0,0.0
2022-11-14 00:00:00-05:00,199.8303271245983,204.07850745239318,199.3142674458259,199.92247009277344,3999000,0.0,0.0
2022-11-15 00:00:00-05:00,200.71496394561137,201.87608059550485,192.35683920016683,194.1261444091797,6235200,0.0,0.0
2022-11-16 00:00:00-05:00,194.5776817126134,196.4575782071377,193.96026900016508,195.6097869873047,3864600,0.0,0.0
2022-11-17 00:00:00-05:00,194.0984441455505,195.68344890806125,190.76255483500935,193.35202026367188,4561400,0.0,0.0
2022-11-18 00:00:00-05:00,195.0015875402617,195.53606737347235,192.87289234702575,194.05242919921875,2499500,0.0,0.0
2022-11-21 00:00:00-05:00,193.42578917569008,196.5957996870932,191.859218137712,195.6097869873047,2365400,0.0,0.0
2022-11-22 00:00:00-05:00,196.80775135717377,200.6412389034213,196.11661585848083,196.46678161621094,2962500,0.0,0.0
2022-11-23 00:00:00-05:00,195.99683515219613,196.49444657666646,194.0432297700093,195.84017944335938,2405000,0.0,0.0
2022-11-25 00:00:00-05:00,196.28247706943705,198.51253920607596,195.80328586434163,196.58657836914062,1101900,0.0,0.0
2022-11-28 00:00:00-05:00,194.65139351531133,195.7572074759893,191.38001608319894,192.1540985107422,2755400,0.0,0.0
2022-11-29 00:00:00-05:00,192.55956024044812,196.50363880233098,191.77626776229087,196.07052612304688,2280600,0.0,0.0
2022-11-30 00:00:00-05:00,196.02446859643723,201.76549715435763,194.17223042972398,200.3647918701172,5173000,0.0,0.0
2022-12-01 00:00:00-05:00,201.95904477813528,201.95904477813528,198.02417541486255,198.9825439453125,2638400,0.0,0.0
2022-12-02 00:00:00-05:00,196.96438869270656,198.89955947197873,196.46676330576057,197.87667846679688,1760000,0.0,0.0
2022-12-05 00:00:00-05:00,196.22720187084354,196.7893259975291,193.89577247521046,194.4947509765625,2504500,0.0,0.0
2022-12-06 00:00:00-05:00,194.92785608553325,196.4944270796481,192.3199697676158,194.56846618652344,3097600,0.0,0.0
2022-12-07 00:00:00-05:00,194.43944204974815,197.9319737081745,194.0616179582842,195.56369018554688,2828600,0.0,0.0
2022-12-08 00:00:00-05:00,196.0336778633571,197.72005024451298,194.93707390556816,196.3101348876953,1585400,0.0,0.0
2022-12-09 00:00:00-05:00,195.72957187854732,196.3285644272044,194.48553639045278,194.76199340820312,2334400,0.0,0.0
2022-12-12 00:00:00-05:00,195.9507337308022,198.95486426789054,194.22750707383418,198.89036560058594,3017500,0.0,0.0
2022-12-13 00:00:00-05:00,203.56245935089305,204.06929491884142,198.90882438832068,200.90850830078125,3585000,0.0,0.0
2022-12-14 00:00:00-05:00,202.10646068971508,204.30887862497605,199.37877301609066,200.50302124023438,2749800,0.0,0.0
2022-12-15 00:00:00-05:00,197.9043434722633,198.22687899982563,194.21828743698129,195.64663696289062,3373200,0.0,0.0
2022-12-16 00:00:00-05:00,193.365781270589,195.40559964730792,191.60410901283535,194.90492248535156,5194100,1.3,0.0
2022-12-19 00:00:00-05:00,194.89561862471248,195.09033503293665,189.84242860496192,191.36302185058594,2355300,0.0,0.0
2022-12-20 00:00:00-05:00,191.42791461882138,191.94713946308772,188.84104306910146,190.45436096191406,4081900,0.0,0.0
2022-12-21 00:00:00-05:00,192.35508263941753,193.92202380230026,191.66895609365145,193.24517822265625,2756400,0.0,0.0
2022-12-22 00:00:00-05:00,191.95640141163773,193.4862612995178,190.2040105327977,193.4677276611328,2399300,0.0,0.0
2022-12-23 00:00:00-05:00,193.04125120430007,195.40559215963873,193.04125120430007,194.6267547607422,1639500,0.0,0.0
2022-12-27 00:00:00-05:00,195.13670319937114,196.05461360692024,193.64392451824096,195.00689697265625,1139700,0.0,0.0
2022-12-28 00:00:00-05:00,194.92339201286438,195.8505831652891,191.72458536656188,191.8080291748047,1631200,0.0,0.0
2022-12-29 00:00:00-05:00,192.8928910530145,195.04398187437027,192.05842445896798,193.9869842529297,1484800,0.0,0.0
2022-12-30 00:00:00-05:00,192.549836625571,193.77373606633714,189.77752924224868,191.9935302734375,1554200,0.0,0.0
2023-01-03 00:00:00-05:00,192.1974609946237,192.73523359779549,190.1947387198299,192.4663543701172,1766300,0.0,0.0
2023-01-04 00:00:00-05:00,192.93921478777324,194.90486976629836,192.4570855467634,194.0054931640625,1830900,0.0,0.0
2023-01-05 00:00:00-05:00,192.60545573742817,193.4862846929409,187.99731358262525,188.2940216064453,2317500,0.0,0.0
2023-01-06 00:00:00-05:00,191.74314839723417,197.07449794759253,191.00139258675168,196.5738067626953,3375200,0.0,0.0
2023-01-09 00:00:00-05:00,196.74071896056518,200.16205702991638,195.73008386601023,196.06387329101562,2259500,0.0,0.0
2023-01-10 00:00:00-05:00,195.98966085951812,196.91685196715468,194.58959323238625,196.82412719726562,1225300,0.0,0.0
2023-01-11 00:00:00-05:00,197.71426353249706,199.04014020416136,196.6850806984002,198.6599884033203,1840500,0.0,0.0
2023-01-12 00:00:00-05:00,199.63355463473775,200.50511671207323,196.62946390600095,199.05870056152344,2034600,0.0,0.0
2023-01-13 00:00:00-05:00,197.4083079645757,198.53020154256674,196.71291447236385,197.7050018310547,1693500,0.0,0.0
2023-01-17 00:00:00-05:00,198.85469859256216,201.16340978302568,196.98176839966985,198.7063446044922,2186200,0.0,0.0
2023-01-18 00:00:00-05:00,199.02160461225017,200.0971499034391,193.9684149145411,194.22802734375,2719400,0.0,0.0
2023-01-19 00:00:00-05:00,192.4942008947303,193.9869795663672,190.5285597176001,190.53782653808594,3065600,0.0,0.0
2023-01-20 00:00:00-05:00,190.87158935786204,193.5233568719189,188.71123206950315,193.4677276611328,5344000,0.0,0.0
2023-01-23 00:00:00-05:00,194.07968107938794,197.4639235148192,192.874329613407,194.83070373535156,3155600,0.0,0.0
2023-01-24 00:00:00-05:00,190.07422907740423,191.92861180011062,186.36546363199147,188.38673400878906,4462600,0.0,0.0
2023-01-25 00:00:00-05:00,186.32838152233134,187.0052272522593,182.68451212865125,185.54953002929688,4163900,0.0,0.0
2023-01-26 00:00:00-05:00,184.0196603499237,186.9217736763012,180.33870971895064,186.8105010986328,4207000,0.0,0.0
2023-01-27 00:00:00-05:00,186.9681244271206,189.00795665382802,186.05021407291906,187.6542510986328,3429400,0.0,0.0
2023-01-30 00:00:00-05:00,186.22635524454336,189.0913726119204,185.43823707783667,185.62367248535156,2617500,0.0,0.0
2023-01-31 00:00:00-05:00,185.54023920353643,189.34172893849222,185.1044581898478,189.32318115234375,2958700,0.0,0.0
2023-02-01 00:00:00-05:00,188.4145782443549,193.87573524546033,187.86752454387346,192.79090881347656,3080100,0.0,0.0
2023-02-02 00:00:00-05:00,192.85577917062716,199.24412628974156,191.88222553275077,197.87188720703125,3446000,0.0,0.0
2023-02-03 00:00:00-05:00,195.23870681740124,197.3805167637569,194.3300490267267,194.9790802001953,2142100,0.0,0.0
2023-02-06 00:00:00-05:00,193.8015245986883,195.06250530079234,192.92069571547077,193.7458953857422,1665600,0.0,0.0
2023-02-07 00:00:00-05:00,191.96567059651375,195.06250013065426,191.52062275692484,193.82005310058594,2067500,0.0,0.0
2023-02-08 00:00:00-05:00,193.19886736317852,194.32077518147796,191.4835717630015,192.0584259033203,1805100,0.0,0.0
2023-02-09 00:00:00-05:00,192.98558646222807,193.44918208783616,187.70986597915734,188.0436553955078,2989900,0.0,0.0
2023-02-10 00:00:00-05:00,187.4966399762621,191.09414701922196,187.07012572101547,190.53782653808594,2599900,0.0,0.0
2023-02-13 00:00:00-05:00,190.0000293693191,193.72734215800386,189.63842534750896,191.04776000976562,4095400,0.0,0.0
2023-02-14 00:00:00-05:00,190.8715969405386,190.9364929730953,186.9217671918409,189.17483520507812,2174600,0.0,0.0
2023-02-15 00:00:00-05:00,186.93105133385927,188.3311051993256,184.9004999844399,188.32183837890625,2880000,0.0,0.0
2023-02-16 00:00:00-05:00,185.14152829402815,188.25689122915912,184.9282782837138,185.92037963867188,3375000,0.0,0.0
2023-02-17 00:00:00-05:00,184.34416608002604,186.9681047957673,184.1030873070098,186.9124755859375,7063800,0.0,0.0
2023-02-21 00:00:00-05:00,184.89118517943447,185.59584533949774,179.57836985975504,179.64328002929688,4462300,0.0,0.0
2023-02-22 00:00:00-05:00,179.55987212588224,180.32944260935935,176.24052554507674,177.4458770751953,5816000,0.0,0.0
2023-02-23 00:00:00-05:00,178.60486464560185,179.55987055277282,176.8524736545214,179.24462890625,3125400,0.0,0.0
2023-02-24 00:00:00-05:00,177.37170001000624,180.42215318759975,176.46305648975957,179.89366149902344,3371400,0.0,0.0
2023-02-27 00:00:00-05:00,199.69203843647026,200.5041459080156,195.8089150195958,198.04917907714844,12140400,1.3,0.0
2023-02-28 00:00:00-05:00,196.51834859245827,197.33044190317176,192.85924266402395,193.48464965820312,6091200,0.0,0.0
2023-03-01 00:00:00-05:00,192.37382919111602,196.1636166176378,192.27114958995773,194.1473846435547,2775200,0.0,0.0
2023-03-02 00:00:00-05:00,192.89654022933735,198.03983493928706,192.53249699112453,197.29307556152344,2812900,0.0,0.0
2023-03-03 00:00:00-05:00,197.89981865659325,198.7119261048087,194.1567065096271,195.4261932373047,3665800,0.0,0.0
2023-03-06 00:00:00-05:00,195.61286885844098,196.77967592525576,194.00734119504386,194.93145751953125,2300400,0.0,0.0
2023-03-07 00:00:00-05:00,193.62464532226872,193.8766796631871,191.02966727355886,191.72975158691406,3898000,0.0,0.0
2023-03-08 00:00:00-05:00,190.88029840557772,191.49636168488658,188.05195933949042,190.0215301513672,2980800,0.0,0.0
2023-03-09 00:00:00-05:00,191.1883867566639,191.1883867566639,186.1477705963799,186.2877960205078,3342100,0.0,0.0
2023-03-10 00:00:00-05:00,185.6436761185887,189.57347434344834,182.18991580617484,183.0113525390625,3909500,0.0,0.0
2023-03-13 00:00:00-04:00,181.66720069374816,185.89570864785344,180.83643457622142,182.11526489257812,2774700,0.0,0.0
2023-03-14 00:00:00-04:00,183.767438651549,186.40909152283876,179.8096382522811,182.1619110107422,3168900,0.0,0.0
2023-03-15 00:00:00-04:00,178.4468027185605,180.22035799471266,176.7945999344201,179.25889587402344,5749600,0.0,0.0
2023-03-16 00:00:00-04:00,178.36280705463074,180.71509421979,176.55192010766496,180.07101440429688,6357200,0.0,0.0
2023-03-17 00:00:00-04:00,180.47238958559203,180.47238958559203,175.23575859922659,177.364013671875,11852800,0.0,0.0
2023-03-20 00:00:00-04:00,177.46669770328214,179.08156907199222,176.41191371335617,177.06532287597656,2956800,0.0,0.0
2023-03-21 00:00:00-04:00,178.67086153490303,179.87500033328294,175.84252193932812,176.92530822753906,3338900,0.0,0.0
2023-03-22 00:00:00-04:00,176.0105408048108,177.52271846905117,173.3128829660132,173.35955810546875,3325400,0.0,0.0
2023-03-23 00:00:00-04:00,173.6302144646008,175.34776522845027,171.46462803498602,173.8075714111328,3854900,0.0,0.0
2023-03-24 00:00:00-04:00,171.88468368357317,176.01051180168625,171.6139907085405,175.96383666992188,4263600,0.0,0.0
2023-03-27 00:00:00-04:00,177.93341139969638,180.82709871208618,177.5133636913174,180.3697052001953,3666800,0.0,0.0
2023-03-28 00:00:00-04:00,180.36970121407504,184.32751594707534,180.36970121407504,183.4967498779297,5635300,0.0,0.0
2023-03-29 00:00:00-04:00,185.2610050503825,186.56782358583803,184.3368885010758,185.83973693847656,3152100,0.0,0.0
2023-03-30 00:00:00-04:00,187.02518612871242,188.04263855111512,184.35553078408375,185.15829467773438,3050700,0.0,0.0
2023-03-31 00:00:00-04:00,185.63436053178356,187.98664792124112,185.4290013176026,187.86529541015625,3422600,0.0,0.0
2023-04-03 00:00:00-04:00,187.5479253658166,188.49070048085852,184.81293605321594,186.259765625,1908400,0.0,0.0
2023-04-04 00:00:00-04:00,186.1104133107827,186.43711076876167,182.07792093980237,182.84335327148438,3556700,0.0,0.0
2023-04-05 00:00:00-04:00,182.1432684779985,183.23539826466538,181.1538182905867,181.2845001220703,2382200,0.0,0.0
2023-04-06 00:00:00-04:00,181.6485030822037,185.466291823661,181.17243675344005,185.41961669921875,3280000,0.0,0.0
2023-04-10 00:00:00-04:00,184.05678480834385,186.03569903928297,183.97277812809253,185.16758728027344,2402000,0.0,0.0
2023-04-11 00:00:00-04:00,186.16642219559148,186.74515400131057,185.29831024376108,185.662353515625,3598000,0.0,0.0
2023-04-12 00:00:00-04:00,186.46511005198812,187.33322196947688,185.03693925399966,185.503662109375,2315400,0.0,0.0
2023-04-13 00:00:00-04:00,185.6530173338286,186.4091060826216,183.6367711748797,184.74757385253906,2894400,0.0,0.0
2023-04-14 00:00:00-04:00,184.94359824825062,186.35309610595525,184.23417041150458,185.3169708251953,1947800,0.0,0.0
2023-04-17 00:00:00-04:00,186.36242769519214,189.19076701743631,185.24229570752382,186.72647094726562,2740800,0.0,0.0
2023-04-18 00:00:00-04:00,187.34256179064565,188.53737122785864,185.78370907558266,186.19442749023438,2388100,0.0,0.0
2023-04-19 00:00:00-04:00,184.90626915329653,188.7520754109494,184.90626915329653,188.55604553222656,2619800,0.0,0.0
2023-04-20 00:00:00-04:00,188.92004377640686,193.9886605054888,188.01460045593134,189.11607360839844,2989200,0.0,0.0
2023-04-21 00:00:00-04:00,189.48014137777105,190.17088205678576,184.971597089693,185.6156768798828,6029400,0.0,0.0
2023-04-24 00:00:00-04:00,184.74758318287144,188.27600701760284,184.20618293266767,186.9505157470703,2723700,0.0,0.0
2023-04-25 00:00:00-04:00,184.9062332909994,186.25972654628512,181.21912606341098,181.7885284423828,2594400,0.0,0.0
2023-04-26 00:00:00-04:00,180.6964056436787,181.43382141977432,177.70003892293602,178.7548370361328,2377500,0.0,0.0
2023-04-27 00:00:00-04:00,178.52147343110764,180.8830896918082,177.77471409228835,180.6590576171875,2287500,0.0,0.0
2023-04-28 00:00:00-04:00,180.033670404997,184.00081469178113,180.033670404997,182.67532348632812,1814900,0.0,0.0
2023-05-01 00:00:00-04:00,182.51662170642587,186.56777229587664,182.51662170642587,185.41030883789062,2195000,0.0,0.0
2023-05-02 00:00:00-04:00,184.30885156397008,184.74757218468582,180.14569169678586,183.0207061767578,2693800,0.0,0.0
2023-05-03 00:00:00-04:00,184.05682210833302,184.88760248111976,182.26460801686096,182.3299560546875,2017400,0.0,0.0
2023-05-04 00:00:00-04:00,182.404644369917,184.2621923674516,181.11648462803694,183.94482421875,1866300,0.0,0.0
2023-05-05 00:00:00-04:00,185.4756486488807,189.0227449836436,184.95292136142623,187.83726501464844,2065000,0.0,0.0
2023-05-08 00:00:00-04:00,189.0134377384278,189.33080587956974,186.22242977858653,186.63314819335938,1973000,0.0,0.0
2023-05-09 00:00:00-04:00,185.69971873426852,187.34257829434898,184.66359327630357,187.23989868164062,1606700,0.0,0.0
2023-05-10 00:00:00-04:00,188.6680327322921,189.1160969053983,183.8047888072577,185.8116912841797,1703500,0.0,0.0
2023-05-11 00:00:00-04:00,185.5036455817236,185.65300030051708,183.9354637641419,184.89691162109375,1397200,0.0,0.0
2023-05-12 00:00:00-04:00,186.157087852001,186.22243589433916,184.23419179537083,185.7463836669922,1459500,0.0,0.0
2023-05-15 00:00:00-04:00,185.59701488071084,186.75449270522188,184.3742032620568,186.3531036376953,1630500,0.0,0.0
2023-05-16 00:00:00-04:00,185.8677089443009,186.0263930089926,183.42208569290267,183.7674560546875,1893900,0.0,0.0
2023-05-17 00:00:00-04:00,183.9261334020003,186.80114785063728,183.75812001372813,185.60633850097656,2273000,0.0,0.0
2023-05-18 00:00:00-04:00,184.8035769774922,185.9703841105713,182.1712674917563,185.57833862304688,1947800,0.0,0.0
2023-05-19 00:00:00-04:00,185.8490441489578,186.7451440427201,184.12216391054454,185.72769165039062,1798800,0.0,0.0
2023-05-22 00:00:00-04:00,187.63189925540175,188.50934041855632,183.03001917803775,185.09292602539062,1744000,0.0,0.0
2023-05-23 00:00:00-04:00,184.99962371519524,184.99962371519524,181.89124751999256,183.31008911132812,2434100,0.0,0.0
2023-05-24 00:00:00-04:00,182.74064319388626,182.94600235870894,178.57746968541127,179.13754272460938,2970800,0.0,0.0
2023-05-25 00:00:00-04:00,178.34415714789685,180.9298060727411,178.0174596549112,180.35107421875,2467500,0.0,0.0
2023-05-26 00:00:00-04:00,180.6964172498593,181.04178759516014,179.3055780528831,180.2483673095703,2287400,0.0,0.0
2023-05-30 00:00:00-04:00,180.53970872921025,182.96432367699836,179.70331171673925,182.5038299560547,2453400,1.3,0.0
2023-05-31 00:00:00-04:00,181.44188078710698,182.23128623393652,179.59992040471457,180.9250030517578,3569300,0.0,0.0
2023-06-01 00:00:00-04:00,180.86862945015494,184.25180199200585,180.67127090714627,183.89468383789062,2713800,0.0,0.0
2023-06-02 00:00:00-04:00,185.30433208322032,188.63113471711762,185.02241180898338,186.69520568847656,2522700,0.0,0.0
2023-06-05 00:00:00-04:00,186.77039323066225,188.1612525260832,186.23471601849496,186.760986328125,2140600,0.0,0.0
2023-06-06 00:00:00-04:00,185.1727603173544,185.82120561300243,183.40599783303543,184.53372192382812,2341900,0.0,0.0
2023-06-07 00:00:00-04:00,184.47735407223686,189.50512860103103,182.43804936349937,189.3265838623047,2582800,0.0,0.0
2023-06-08 00:00:00-04:00,189.3359744986985,189.72128468107388,185.63326840225238,188.8848876953125,2180700,0.0,0.0
2023-06-09 00:00:00-04:00,189.6273146868271,189.6273146868271,186.74222025229872,187.64439392089844,1806800,0.0,0.0
2023-06-12 00:00:00-04:00,187.54101253317862,187.6068034964445,184.07324944148965,186.97715759277344,2096400,0.0,0.0
2023-06-13 00:00:00-04:00,185.50168555219307,187.52219060796082,182.87972669481803,186.9489288330078,3577800,0.0,0.0
2023-06-14 00:00:00-04:00,188.08608083115016,192.69096066974762,187.3060678804065,190.5294952392578,3259400,0.0,0.0
2023-06-15 00:00:00-04:00,190.91477059188662,194.38253328324825,190.5294747793496,193.5179443359375,2288600,0.0,0.0
2023-06-16 00:00:00-04:00,193.94085693009453,194.43893523537514,192.1646873807488,192.34324645996094,4139800,0.0,0.0
2023-06-20 00:00:00-04:00,190.71743133925628,191.93913844372932,188.9130698799474,189.2513885498047,2412600,0.0,0.0
2023-06-21 00:00:00-04:00,188.3962042463547,191.87335981340888,188.07668502090343,191.38467407226562,2191200,0.0,0.0
2023-06-22 00:00:00-04:00,191.3658710136637,191.3846561382539,189.7118623031831,191.12152099609375,1809300,0.0,0.0
2023-06-23 00:00:00-04:00,189.72128779877508,189.82466335331137,187.07112231327628,187.85113525390625,7413900,0.0,0.0
2023-06-26 00:00:00-04:00,188.1330514464929,189.65547824607353,187.78534022431458,189.2043914794922,1764800,0.0,0.0
2023-06-27 00:00:00-04:00,189.49572841924333,191.1309377496275,188.5747553742132,190.75502014160156,2433900,0.0,0.0
2023-06-28 00:00:00-04:00,190.81139168831464,191.16850980757908,189.4957159959555,190.85838317871094,2498200,0.0,0.0
2023-06-29 00:00:00-04:00,190.18176735376403,192.52180617788073,189.50512996702648,192.32444763183594,1957400,0.0,0.0
2023-06-30 00:00:00-04:00,193.1890600894593,194.17580984672867,191.11215633583913,192.2962646484375,2298700,0.0,0.0
2023-07-03 00:00:00-04:00,191.00875224370003,194.63627450811907,189.890420723405,193.71530151367188,1057400,0.0,0.0
2023-07-05 00:00:00-04:00,192.31505828173653,193.39579100205347,191.22491865824668,191.6290283203125,1818100,0.0,0.0
2023-07-06 00:00:00-04:00,189.86223718936685,190.7832102250092,188.51836939632275,190.31332397460938,1518500,0.0,0.0
2023-07-07 00:00:00-04:00,188.96002795063848,192.0988640692704,188.42435084319814,190.60462951660156,2074800,0.0,0.0
2023-07-10 00:00:00-04:00,190.4543080713626,193.0480751422278,190.23815006061383,192.5218048095703,2025200,0.0,0.0
2023-07-11 00:00:00-04:00,193.59312683729544,194.7114583595083,192.68154640354828,194.33554077148438,2101000,0.0,0.0
2023-07-12 00:00:00-04:00,195.53846700965252,197.93487536443033,193.5931310908347,196.33726501464844,3261500,0.0,0.0
2023-07-13 00:00:00-04:00,196.81655230091135,198.21681852031557,196.00836169859468,197.9254913330078,2214300,0.0,0.0
2023-07-14 00:00:00-04:00,197.69992410812458,198.91223858903626,197.23003788695033,198.2825927734375,1603000,0.0,0.0
2023-07-17 00:00:00-04:00,197.8784952304247,198.13223782046956,196.50643541122878,197.2206573486328,1471700,0.0,0.0
2023-07-18 00:00:00-04:00,196.84473739971764,200.1715254569599,196.50641875493122,199.8144073486328,1893600,0.0,0.0
2023-07-19 00:00:00-04:00,200.03996927687157,202.05108179651037,199.70165061283,201.34625244140625,2036600,0.0,0.0
2023-07-20 00:00:00-04:00,202.0792599784366,204.5132670764183,201.69394984916227,203.72386169433594,3137600,0.0,0.0
2023-07-21 00:00:00-04:00,200.6696013648086,204.18435533711178,199.26933531294742,203.72386169433594,6040100,0.0,0.0
2023-07-24 00:00:00-04:00,203.29159794699453,205.90416439946748,202.77472019421234,203.87425231933594,2165200,0.0,0.0
2023-07-25 00:00:00-04:00,203.26340042127777,204.35354003097095,201.81615699031983,202.56797790527344,2766100,0.0,0.0
2023-07-26 00:00:00-04:00,222.56631570959664,225.99647948792804,219.32410355723863,223.6658477783203,14540700,0.0,0.0
2023-07-27 00:00:00-04:00,221.269429797657,222.1528182322047,216.53298275980984,218.12120056152344,5806700,0.0,0.0
2023-07-28 00:00:00-04:00,217.89565805354138,221.08148633726464,216.38262371585625,218.7508544921875,3595800,0.0,0.0
2023-07-31 00:00:00-04:00,218.71325095572053,220.414236894488,216.54237876470611,218.0460205078125,2988700,0.0,0.0
2023-08-01 00:00:00-04:00,217.54794996624238,218.17759584587623,215.3300862031512,217.55734252929688,3486300,0.0,0.0
2023-08-02 00:00:00-04:00,217.22841335475135,218.4501205048547,216.02550567028393,216.33563232421875,2740200,0.0,0.0
2023-08-03 00:00:00-04:00,215.76237688972563,217.7734895785101,214.78501974462105,216.0443115234375,1914100,0.0,0.0
2023-08-04 00:00:00-04:00,216.63637263298085,218.79785236984864,214.49369236228858,214.76622009277344,3176300,0.0,0.0
2023-08-07 00:00:00-04:00,216.4389997070792,217.8674579058955,214.83199678072728,215.86573791503906,2211300,0.0,0.0
2023-08-08 00:00:00-04:00,216.4390099481702,216.49539400582725,212.73630387092146,214.86019897460938,2513700,0.0,0.0
2023-08-09 00:00:00-04:00,213.56331074588823,215.96912616553476,213.10281703674065,215.44285583496094,2562500,0.0,0.0
2023-08-10 00:00:00-04:00,216.11948455800422,217.4069683037185,215.69658979785922,216.4296112060547,2737700,0.0,0.0
2023-08-11 00:00:00-04:00,215.9127164074765,217.07803938631977,215.47102221693527,215.6683807373047,2346200,0.0,0.0
2023-08-14 00:00:00-04:00,214.89778449921076,216.13829113221365,214.50308175410734,215.95973205566406,1682100,0.0,0.0
2023-08-15 00:00:00-04:00,215.05753569064234,215.32067084374322,211.88111438827028,211.95628356933594,2146200,0.0,0.0
2023-08-16 00:00:00-04:00,211.77774960753771,212.5389630776975,210.1895317057026,211.09170532226562,2169200,0.0,0.0
2023-08-17 00:00:00-04:00,211.721347266372,213.01823794829477,210.57483797079732,210.8661651611328,2075400,0.0,0.0
2023-08-18 00:00:00-04:00,209.81361589689092,212.09727066691164,209.71024034203745,211.6931610107422,1660100,0.0,0.0
2023-08-21 00:00:00-04:00,211.67438066792522,212.19124411408202,209.94518822586235,210.48086547851562,2000600,0.0,0.0
2023-08-22 00:00:00-04:00,210.76277841435,211.07290505398038,208.2253955825806,209.01480102539062,1636200,0.0,0.0
2023-08-23 00:00:00-04:00,209.4094869190726,210.1988922984476,208.0374128970065,209.69142150878906,2026500,0.0,0.0
2023-08-24 00:00:00-04:00,209.84179381681685,210.7345891576983,209.0805803912571,209.11817932128906,1738900,0.0,0.0
2023-08-25 00:00:00-04:00,209.78544152000478,211.89992995101352,208.8926603837596,210.67822265625,1609900,0.0,0.0
2023-08-28 00:00:00-04:00,210.42447830413147,213.56331522719688,210.38687937127807,211.0165252685547,1731300,0.0,0.0
2023-08-29 00:00:00-04:00,210.91313843856295,211.67436622034379,209.56927062661285,209.98277282714844,2362100,0.0,0.0
2023-08-30 00:00:00-04:00,210.61610317535502,211.84495995861178,209.51958392729762,210.6917266845703,2690700,1.3,0.0
2023-08-31 00:00:00-04:00,210.70119002919853,211.58030076906496,208.47034682288765,208.49871826171875,2410300,0.0,0.0
2023-09-01 00:00:00-04:00,209.51013408671554,210.22853578077277,207.68576562703853,208.9335174560547,2303700,0.0,0.0
2023-09-05 00:00:00-04:00,207.4589122489411,207.7897633224909,203.4036860161169,203.90469360351562,2679700,0.0,0.0
2023-09-06 00:00:00-04:00,204.01809805801736,204.35839662263092,200.11411930616018,201.18228149414062,2344800,0.0,0.0
2023-09-07 00:00:00-04:00,200.7947504386606,202.02360737584783,198.41266008297427,199.04600524902344,2882100,0.0,0.0
2023-09-08 00:00:00-04:00,198.80966505951025,200.5584100547321,197.59970331872805,200.2086639404297,3188200,0.0,0.0
2023-09-11 00:00:00-04:00,200.8798072767237,201.1633918458137,198.5544455423485,200.02906799316406,1943900,0.0,0.0
2023-09-12 00:00:00-04:00,199.49023745744503,203.14845065601924,195.53900661025958,202.1653594970703,2828200,0.0,0.0
2023-09-13 00:00:00-04:00,202.19372079889217,202.29770131937732,199.24447610688992,200.52059936523438,2919700,0.0,0.0
2023-09-14 00:00:00-04:00,202.42059551893792,204.7081525933232,200.15194792786266,203.8952178955078,2798700,0.0,0.0
2023-09-15 00:00:00-04:00,201.3996972860589,202.4867689954471,200.57731506860992,201.64547729492188,4222800,0.0,0.0
2023-09-18 00:00:00-04:00,202.4583703145583,202.69468833822756,200.27479408364744,201.4847412109375,2206800,0.0,0.0
2023-09-19 00:00:00-04:00,201.01212757951893,201.82506224854416,198.4126290292732,200.1802978515625,2156000,0.0,0.0
2023-09-20 00:00:00-04:00,201.45640369121844,203.13898702862292,201.24844265637438,201.32406616210938,2116800,0.0,0.0
2023-09-21 00:00:00-04:00,200.45444961077885,201.61713054742899,199.3201256903608,199.83056640625,2370300,0.0,0.0
2023-09-22 00:00:00-04:00,199.17830859106508,201.37133256151407,197.32556876070035,197.78875732421875,2416500,0.0,0.0
2023-09-25 00:00:00-04:00,196.56936512852303,198.0439875579292,195.794249369555,197.0703582763672,1427400,0.0,0.0
2023-09-26 00:00:00-04:00,196.0116524638045,196.8434966514423,193.42160133102024,193.6295623779297,1990200,0.0,0.0
2023-09-27 00:00:00-04:00,193.97931662652888,194.300705716348,190.43454583782284,191.32308959960938,2760800,0.0,0.0
2023-09-28 00:00:00-04:00,191.35141905758888,193.6106331616936,190.55739397694788,192.93948364257812,2112600,0.0,0.0
2023-09-29 00:00:00-04:00,194.61264121557832,194.61264121557832,192.20219426958738,192.48577880859375,2246700,0.0,0.0
2023-10-02 00:00:00-04:00,190.84100312818745,191.97532687897075,189.17732925528588,191.54995727539062,1888000,0.0,0.0
2023-10-03 00:00:00-04:00,190.88829637097317,193.9131649381581,190.56690724089654,192.62759399414062,2087500,0.0,0.0
2023-10-04 00:00:00-04:00,192.3628913303722,193.78079962027667,190.33056188432607,191.20021057128906,1911900,0.0,0.0
2023-10-05 00:00:00-04:00,191.10567384284062,191.34199188653366,188.59124639625662,189.65940856933594,2037200,0.0,0.0
2023-10-06 00:00:00-04:00,188.89375120016774,193.03404817764056,188.42111508579723,191.37982177734375,1760500,0.0,0.0
2023-10-09 00:00:00-04:00,190.4345255194394,193.45939338498886,189.79173298467455,193.1190948486328,1557700,0.0,0.0
2023-10-10 00:00:00-04:00,193.79973190496565,195.70917157496166,193.0056922071748,195.05694580078125,1972900,0.0,0.0
2023-10-11 00:00:00-04:00,195.89822441139881,198.450456577279,195.67135388103023,198.015625,2851100,0.0,0.0
2023-10-12 00:00:00-04:00,198.50715433165382,198.61113484658543,194.54646165886223,196.60716247558594,1851200,0.0,0.0
2023-10-13 00:00:00-04:00,197.4579045047903,198.92307926409134,195.69025014913456,196.3802947998047,1874600,0.0,0.0
2023-10-16 00:00:00-04:00,197.76041163399384,201.63601916292848,197.30667057382112,199.291748046875,2358900,0.0,0.0
2023-10-17 00:00:00-04:00,198.41262472334492,201.70218229333685,198.10069759694883,199.77381896972656,2479900,0.0,0.0
2023-10-18 00:00:00-04:00,198.63948596686998,198.88525152955248,194.22506682515555,194.6504364013672,3487200,0.0,0.0
2023-10-19 00:00:00-04:00,206.60813945669514,208.05440468325313,198.63948778170496,198.819091796875,6031000,0.0,0.0
2023-10-20 00:00:00-04:00,200.8608906304633,203.19571406791067,198.51660524004654,199.77381896972656,5485700,0.0,0.0
2023-10-23 00:00:00-04:00,198.78130830521462,200.0574316969336,196.12509541413476,196.3897705078125,2576500,0.0,0.0
2023-10-24 00:00:00-04:00,197.04199582126165,197.62807441901114,193.08130282228,194.1967315673828,2937500,0.0,0.0
2023-10-25 00:00:00-04:00,192.6937360258879,195.7469610710277,191.25691830076562,193.98875427246094,2457300,0.0,0.0
2023-10-26 00:00:00-04:00,193.1569535915039,195.00023183749332,190.86939617549245,191.17189025878906,2626300,0.0,0.0
2023-10-27 00:00:00-04:00,191.47435363469978,192.86390506128356,189.02610185403714,190.68032836914062,2427600,0.0,0.0
2023-10-30 00:00:00-04:00,192.117138414589,195.70916144678716,191.3325607116207,194.5370330810547,2230100,0.0,0.0
2023-10-31 00:00:00-04:00,195.09473729284352,196.53155513816904,193.44051087067126,196.2479705810547,2057800,0.0,0.0
2023-11-01 00:00:00-04:00,195.72804752248976,196.98526120288696,194.215620748682,196.20068359375,2444200,0.0,0.0
2023-11-02 00:00:00-04:00,197.15544563756862,200.31265157946154,196.38031544743967,199.82110595703125,1776600,0.0,0.0
2023-11-03 00:00:00-04:00,201.34298157580207,201.7305466452204,199.99124923320417,200.52059936523438,1634800,0.0,0.0
2023-11-06 00:00:00-05:00,200.39771005036474,201.52258629664848,197.89274444421892,201.43751525878906,1547200,0.0,0.0
2023-11-07 00:00:00-05:00,201.08774812329392,201.22008565240805,199.35789829177506,199.83999633789062,2324200,0.0,0.0
2023-11-08 00:00:00-05:00,200.48279137914025,201.31463558857882,199.4808050852493,200.39772033691406,2483100,0.0,0.0
2023-11-09 00:00:00-05:00,201.1539199908223,201.20118648390658,198.04396648460278,198.7245635986328,1496400,0.0,0.0
2023-11-10 00:00:00-05:00,199.669854138103,200.32209430104004,197.0892649237829,199.91563415527344,2673600,0.0,0.0
2023-11-13 00:00:00-05:00,199.55642432766962,199.55642432766962,196.74896460459257,197.94000244140625,2185100,0.0,0.0
2023-11-14 00:00:00-05:00,200.85141239068216,205.40763085015615,200.84196486218767,203.8857421875,2610400,0.0,0.0
2023-11-15 00:00:00-05:00,204.5190891945621,208.33798245071463,203.99918661144872,206.14495849609375,2709700,0.0,0.0
2023-11-16 00:00:00-05:00,206.40961681381344,207.68573992126943,204.9255326899764,207.35488891601562,1438200,0.0,0.0
2023-11-17 00:00:00-05:00,208.70663684815614,209.17927293492315,205.90863929177215,207.21311950683594,2002600,0.0,0.0
2023-11-20 00:00:00-05:00,207.01463249507762,209.5479553209514,205.0484643916764,208.9997100830078,2548000,0.0,0.0
2023-11-21 00:00:00-05:00,208.99967892209764,210.79569024438257,207.10913461497313,209.8504180908203,2422300,0.0,0.0
2023-11-22 00:00:00-05:00,210.54992649394472,212.00563927656106,209.9638479455568,211.25888061523438,1716200,0.0,0.0
2023-11-24 00:00:00-05:00,211.09820771973884,212.67681066079905,210.9186036828063,212.0056610107422,1045600,0.0,0.0
2023-11-27 00:00:00-05:00,211.49522380374648,211.8260604454617,207.3643741577269,207.818115234375,2369200,0.0,0.0
2023-11-28 00:00:00-05:00,207.68578558514034,210.4932310761428,207.46836256875957,209.12258911132812,1827600,0.0,0.0
2023-11-29 00:00:00-05:00,210.63502768807987,211.62756648475082,208.76339257851023,209.34945678710938,1228900,0.0,0.0
2023-11-30 00:00:00-05:00,210.08675632709364,213.2912286588015,208.57431496650355,212.9414825439453,4430100,0.0,0.0
2023-12-01 00:00:00-05:00,214.9643414754318,219.63398816908276,213.85837479909998,218.70761108398438,3239000,0.0,0.0
2023-12-04 00:00:00-05:00,218.13099761719587,221.86483417392324,217.93249854162963,221.09915161132812,3881900,0.0,0.0
2023-12-05 00:00:00-05:00,220.0499160957785,220.37131961602773,218.26335215786037,219.46385192871094,2632400,0.0,0.0
2023-12-06 00:00:00-05:00,220.36186258284363,221.18425924950546,219.15191525521163,220.22007751464844,1804900,0.0,0.0
2023-12-07 00:00:00-05:00,220.93300998205993,221.3892826853522,219.1459213459142,220.04898071289062,2075100,1.3,0.0
2023-12-08 00:00:00-05:00,220.19154439724738,221.40828118183816,218.16681176922128,218.41397094726562,2544800,0.0,0.0
2023-12-11 00:00:00-05:00,218.55656917950327,220.856962800926,218.1953454315893,220.56228637695312,1810200,0.0,0.0
2023-12-12 00:00:00-05:00,221.56990054004797,222.94823373603666,221.03757995439565,221.3988037109375,2427500,0.0,0.0
2023-12-13 00:00:00-05:00,221.41779663989803,225.10603842548974,220.1155113619463,224.99197387695312,3926700,0.0,0.0
2023-12-14 00:00:00-05:00,227.81518303954036,232.9578057370918,227.2258157061047,230.85702514648438,4863600,0.0,0.0
2023-12-15 00:00:00-05:00,225.89502408213662,230.85703512610263,225.66688047501074,230.02052307128906,4768500,0.0,0.0
2023-12-18 00:00:00-05:00,231.0376578225694,231.83613872793464,229.03194050967554,229.1840362548828,2457600,0.0,0.0
2023-12-19 00:00:00-05:00,229.40265607945568,231.3988582667828,228.13838744182448,230.65740966796875,2314200,0.0,0.0
2023-12-20 00:00:00-05:00,228.34750567083756,230.15359535882075,225.95204864406142,226.0851287841797,2724800,0.0,0.0
2023-12-21 00:00:00-05:00,226.35126808748188,230.36270201669387,225.85697875836334,230.14407348632812,2603100,0.0,0.0
2023-12-22 00:00:00-05:00,230.9901219418917,232.8437434762982,230.35323733800064,231.5414581298828,1824800,0.0,0.0
2023-12-26 00:00:00-05:00,231.57945479339216,234.25057258188437,231.57945479339216,233.1669158935547,1454100,0.0,0.0
2023-12-27 00:00:00-05:00,232.55856724963283,234.50725224643645,232.235374675823,233.66123962402344,2206000,0.0,0.0
2023-12-28 00:00:00-05:00,233.87984093083142,234.78290022983091,233.08136013401287,233.86083984375,1208500,0.0,0.0
2023-12-29 00:00:00-05:00,233.83234454529176,234.35515007490403,232.63460873868704,233.48062133789062,1228700,0.0,0.0
2024-01-02 00:00:00-05:00,232.87226144050783,233.8323531308501,230.7524795924738,231.39886474609375,2622200,0.0,0.0
2024-01-03 00:00:00-05:00,230.80000408779446,231.90267643784227,229.0699476932731,229.75436401367188,1748200,0.0,0.0
2024-01-04 00:00:00-05:00,229.31710742657023,232.01674152737274,229.02241649252696,229.14599609375,2305400,0.0,0.0
2024-01-05 00:00:00-05:00,229.94446399863776,230.03952745647038,226.62696108812816,228.05282592773438,2316900,0.0,0.0
2024-01-08 00:00:00-05:00,227.34941942105314,228.7752844197671,225.7809737243273,228.72775268554688,2567800,0.0,0.0
2024-01-09 00:00:00-05:00,227.46345034709998,227.46345034709998,224.38359168823578,225.67637634277344,2055200,0.0,0.0
2024-01-10 00:00:00-05:00,225.1440561861248,227.30185445872715,225.09652445885297,227.1877899169922,1683400,0.0,0.0
2024-01-11 00:00:00-05:00,226.664966724153,226.664966724153,223.19536825202732,224.69728088378906,2219300,0.0,0.0
2024-01-12 00:00:00-05:00,225.5433375593915,226.23725448874842,223.19541195117412,225.9615936279297,3018700,0.0,0.0
2024-01-16 00:00:00-05:00,226.04711888264538,226.47487545266523,223.6611623283751,224.53570556640625,2578700,0.0,0.0
2024-01-17 00:00:00-05:00,223.26191225482816,226.44634953624026,222.8816874322628,224.15545654296875,2311100,0.0,0.0
2024-01-18 00:00:00-05:00,223.91781357013176,226.9691707290899,223.45204033575789,226.22772216796875,2326500,0.0,0.0
2024-01-19 00:00:00-05:00,226.7030094499652,228.33800229666625,224.82085741421693,227.4444580078125,2272100,0.0,0.0
2024-01-22 00:00:00-05:00,230.7619579331625,231.94067807620632,229.19351242835847,231.09466552734375,3005300,0.0,0.0
2024-01-23 00:00:00-05:00,231.94067176170878,232.44447615885224,230.2866633889484,231.3037872314453,2398300,0.0,0.0
2024-01-24 00:00:00-05:00,231.71252791422967,233.29048842277183,230.35321044921875,230.35321044921875,2843400,0.0,0.0
2024-01-25 00:00:00-05:00,232.03572516243577,233.3189947109254,225.41970646269542,229.63076782226562,4154600,0.0,0.0
2024-01-26 00:00:00-05:00,229.53571864369158,230.2391505060969,226.4843615633347,228.50909423828125,2493400,0.0,0.0
2024-01-29 00:00:00-05:00,227.83418584271834,233.40456513550856,227.35889755665994,233.0528564453125,2844600,0.0,0.0
2024-01-30 00:00:00-05:00,231.81708419738615,234.7733776643104,230.33418719230576,234.50721740722656,2435400,0.0,0.0
2024-01-31 00:00:00-05:00,235.06808349749846,235.74299927262246,231.750580411677,231.8741455078125,2798900,0.0,0.0
2024-02-01 00:00:00-05:00,233.21445236496203,237.11182210653288,232.61559898860554,236.95022583007812,2116300,0.0,0.0
2024-02-02 00:00:00-05:00,235.85704368948123,237.3969875293304,233.727761547897,236.05667114257812,1994200,0.0,0.0
2024-02-05 00:00:00-05:00,235.12511103238032,236.80762105096318,234.2980995862387,234.4501953125,2701300,0.0,0.0
2024-02-06 00:00:00-05:00,234.45019544948775,238.42361289866713,234.45019544948775,237.5205535888672,2357300,0.0,0.0
2024-02-07 00:00:00-05:00,238.3475853979859,239.2125990931279,236.65556018556586,236.84567260742188,2337200,0.0,0.0
2024-02-08 00:00:00-05:00,236.7600897976689,236.9216860580028,234.23155289084116,236.52244567871094,1871500,0.0,0.0
2024-02-09 00:00:00-05:00,235.87605446645452,237.21637082584712,234.31710957119714,237.12130737304688,2012500,0.0,0.0
2024-02-12 00:00:00-05:00,236.49392344886425,236.76009821583543,234.79239787867053,235.17262268066406,2259600,0.0,0.0
2024-02-13 00:00:00-05:00,233.841808833423,234.09846853856536,231.6935112584957,233.47108459472656,2664100,0.0,0.0
2024-02-14 00:00:00-05:00,234.18405594791383,237.98636241597242,232.93880290036836,237.74871826171875,2579500,0.0,0.0
2024-02-15 00:00:00-05:00,237.6441568826395,238.96545781472102,236.49395278128227,238.16697692871094,2252300,0.0,0.0
2024-02-16 00:00:00-05:00,237.08331240764642,237.37798883180966,233.88937446330854,234.40267944335938,2202400,0.0,0.0
2024-02-20 00:00:00-05:00,234.40267132213154,235.09660265686153,232.76767847247152,234.9254913330078,1907200,0.0,0.0
2024-02-21 00:00:00-05:00,237.11180678481946,239.0319753947792,235.0965892267239,238.89889526367188,1721700,0.0,0.0
2024-02-22 00:00:00-05:00,239.53580132117625,242.35901496781946,237.74871268164515,241.93124389648438,2507600,0.0,0.0
2024-02-23 00:00:00-05:00,242.65370138504147,245.3343199500907,242.3495098999772,244.212646484375,1943500,0.0,0.0
2024-02-26 00:00:00-05:00,244.2886707653312,245.8761464489149,239.91602711502364,240.15367126464844,2806400,0.0,0.0
2024-02-27 00:00:00-05:00,240.18217732650854,243.06242313876197,239.73540518358433,240.7715301513672,2206300,0.0,0.0
2024-02-28 00:00:00-05:00,241.26837349352138,244.4596894133298,240.11225026411054,242.6824951171875,1885800,1.3,0.0
2024-02-29 00:00:00-05:00,242.99780086922618,244.35458139122477,242.1665229437494,242.39584350585938,3022100,0.0,0.0
2024-03-01 00:00:00-05:00,241.60280000826924,242.19519325331547,239.60584926073085,241.7174530029297,2811400,0.0,0.0
2024-03-04 00:00:00-05:00,242.08055024392428,243.49465736114172,241.22062358955006,242.18565368652344,1834900,0.0,0.0
2024-03-05 00:00:00-05:00,242.54875686350326,244.23994703331206,241.1537487683825,242.40542602539062,1368800,0.0,0.0
2024-03-06 00:00:00-05:00,242.15696666289523,243.62840013534938,239.67271167052115,239.82559204101562,1911000,0.0,0.0
2024-03-07 00:00:00-05:00,242.07099894591238,242.07099894591238,237.65666896797595,237.95286560058594,2395600,0.0,0.0
2024-03-08 00:00:00-05:00,237.19804065078466,240.04536853686713,236.5865336971399,239.7873992919922,2409100,0.0,0.0
2024-03-11 00:00:00-04:00,239.08031937504558,240.2842194934835,236.28075407510534,238.7458953857422,1539600,0.0,0.0
2024-03-12 00:00:00-04:00,238.31593349920232,240.95305430819113,238.12484032396685,239.99757385253906,1633900,0.0,0.0
2024-03-13 00:00:00-04:00,239.11856407018468,239.61541805272492,237.39871069431163,238.15353393554688,2129000,0.0,0.0
2024-03-14 00:00:00-04:00,236.4145334063269,236.94005059786545,232.75505591678447,235.10552978515625,2519700,0.0,0.0
2024-03-15 00:00:00-04:00,232.6117250286455,235.41129047761498,232.4015181520891,233.26145935058594,3258900,0.0,0.0
2024-03-18 00:00:00-04:00,234.1500345647544,234.68510127905793,233.00346095132196,233.481201171875,2280700,0.0,0.0
2024-03-19 00:00:00-04:00,233.42385812167774,234.26467093617072,230.53830331195294,231.90464782714844,3244300,0.0,0.0
2024-03-20 00:00:00-04:00,232.06709987418083,236.52919189368558,231.84732887013246,235.34439086914062,2564800,0.0,0.0
2024-03-21 00:00:00-04:00,236.51007435084094,239.2140857707761,235.6501477786172,237.0642547607422,3215400,0.0,0.0
2024-03-22 00:00:00-04:00,237.3031191988517,238.00061582762098,233.96848726329983,234.0640411376953,1676900,0.0,0.0
2024-03-25 00:00:00-04:00,233.5863355472718,234.28383227942533,231.84735391594413,232.9939422607422,1974700,0.0,0.0
2024-03-26 00:00:00-04:00,233.11813388017325,233.35700401088317,229.79306574294435,229.974609375,2801900,0.0,0.0
2024-03-27 00:00:00-04:00,231.3982579148338,233.87296346267502,231.21672886861478,233.73919677734375,2150500,0.0,0.0
2024-03-28 00:00:00-04:00,234.92399674225038,235.77437384342826,233.34745967607574,234.9813232421875,2265900,0.0,0.0
2024-04-01 00:00:00-04:00,234.57045314589126,235.00041643739203,231.82822888859934,232.46839904785156,2493800,0.0,0.0
2024-04-02 00:00:00-04:00,231.48426159648162,233.02258576325704,230.14658016740827,231.73268127441406,2019400,0.0,0.0
2024-04-03 00:00:00-04:00,232.05753706377067,234.0927151301299,230.0797000723655,230.7963104248047,2097200,0.0,0.0
2024-04-04 00:00:00-04:00,232.43975087346348,234.0258374609758,229.08600490743171,229.974609375,2062500,0.0,0.0
2024-04-05 00:00:00-04:00,230.81544065362442,232.00022719034595,230.00327636421449,231.23583984375,1503700,0.0,0.0
2024-04-08 00:00:00-04:00,231.22628532710763,232.65950610392855,229.35353709709233,229.5924072265625,2139200,0.0,0.0
2024-04-09 00:00:00-04:00,230.29946522339995,231.0829662365654,227.41391001266874,230.0701446533203,1736900,0.0,0.0
2024-04-10 00:00:00-04:00,227.5763181134571,228.0253950746024,225.3787248238216,226.3055419921875,2181000,0.0,0.0
2024-04-11 00:00:00-04:00,226.31510416345066,227.14636750492082,224.5665731580161,225.64627075195312,1692400,0.0,0.0
2024-04-12 00:00:00-04:00,224.35638064284936,224.99655084763117,222.8658333505841,223.96463012695312,2595000,0.0,0.0
2024-04-15 00:00:00-04:00,227.12726611741664,227.3279088491184,222.13965695961204,223.5251007080078,2298000,0.0,0.0
2024-04-16 00:00:00-04:00,223.9932879574976,223.9932879574976,220.66821987984952,220.96441650390625,2025400,0.0,0.0
2024-04-17 00:00:00-04:00,221.48038746694172,221.79569778810023,217.72534144175924,219.02479553222656,1997000,0.0,0.0
2024-04-18 00:00:00-04:00,220.4484549592039,221.10773881548553,218.90058126496004,219.57896423339844,1570200,0.0,0.0
2024-04-19 00:00:00-04:00,220.4198074412677,222.4454215145329,220.1713731707515,221.7479248046875,2971900,0.0,0.0
2024-04-22 00:00:00-04:00,222.61740237071504,225.15896936810614,221.7096842507806,224.03150939941406,2200000,0.0,0.0
2024-04-23 00:00:00-04:00,224.9201154481087,226.75465093249719,224.35638542315945,225.77049255371094,1980800,0.0,0.0
2024-04-24 00:00:00-04:00,223.45821654373262,223.7066508008993,219.11079199701774,221.65235900878906,2951100,0.0,0.0
2024-04-25 00:00:00-04:00,229.54465236460635,232.76461714964393,225.60806258826693,232.70729064941406,3897500,0.0,0.0
2024-04-26 00:00:00-04:00,233.0417089107365,233.9303134363471,230.01283720503054,231.9811248779297,2255500,0.0,0.0
2024-04-29 00:00:00-04:00,232.55441261584147,233.51944273158767,228.8089305750004,230.22303771972656,1625800,0.0,0.0
2024-04-30 00:00:00-04:00,229.0477886329706,229.38221264269052,226.22912404917227,226.6017608642578,1737000,0.0,0.0
2024-05-01 00:00:00-04:00,225.32142391590813,226.52532412619084,223.74487230538531,224.4997100830078,1651700,0.0,0.0
2024-05-02 00:00:00-04:00,225.493405126912,227.45214312971467,222.8276208626268,227.10816955566406,2440900,0.0,0.0
2024-05-03 00:00:00-04:00,231.48427307700467,232.54485705302713,229.08600760556624,229.6593017578125,2174700,0.0,0.0
2024-05-06 00:00:00-04:00,231.04474169745265,231.04474169745265,228.39805658065347,228.5605010986328,1527700,0.0,0.0
2024-05-07 00:00:00-04:00,230.6243108861685,232.3155153600456,229.12421416532015,231.58935546875,1585300,0.0,0.0
2024-05-08 00:00:00-04:00,230.71989529307072,235.43040752316855,230.45236189879822,234.95266723632812,1739000,0.0,0.0
2024-05-09 00:00:00-04:00,234.64689874940083,237.81908637142726,234.04494137971798,235.63104248046875,1765100,0.0,0.0
2024-05-10 00:00:00-04:00,236.95917367179146,237.4273643845124,235.6406058625403,236.38587951660156,1299500,0.0,0.0
2024-05-13 00:00:00-04:00,236.3954233281964,237.3413396496135,234.42713591980245,234.742431640625,1317200,0.0,0.0
2024-05-14 00:00:00-04:00,235.83170842973595,236.0036879248122,232.33464623509576,234.035400390625,1357500,0.0,0.0
2024-05-15 00:00:00-04:00,234.9049091058328,235.889052948107,234.45583206174922,235.56417846679688,1769200,0.0,0.0
2024-05-16 00:00:00-04:00,235.18198782262309,236.2616855363149,234.03541405010137,234.95266723632812,1526000,0.0,0.0
2024-05-17 00:00:00-04:00,235.3443814095387,235.92722505261284,232.49705382213978,234.0640411376953,2105700,0.0,0.0
2024-05-20 00:00:00-04:00,234.0258195862785,234.0258195862785,231.07338849528227,232.78370666503906,1130300,0.0,0.0
2024-05-21 00:00:00-04:00,229.3153255036144,229.36310244565612,224.09839543343782,224.4997100830078,2967600,0.0,0.0
2024-05-22 00:00:00-04:00,224.3181754999958,224.77680208725096,222.16834423667459,224.26084899902344,2634200,0.0,0.0
2024-05-23 00:00:00-04:00,223.8021886058687,224.42325966515895,221.4803780390928,222.34986877441406,2815700,0.0,0.0
2024-05-24 00:00:00-04:00,221.67146134351384,223.70663933938394,220.7541937091926,221.71923828125,2305500,0.0,0.0
2024-05-28 00:00:00-04:00,221.81478326063757,221.9294508300373,218.07886573732793,218.8145751953125,2480900,0.0,0.0
2024-05-29 00:00:00-04:00,216.69342028285806,218.174418001794,215.6232867680285,215.82394409179688,3279100,0.0,0.0
2024-05-30 00:00:00-04:00,215.98636251130944,219.20632702011568,215.45129578243095,219.0343475341797,2840400,0.0,0.0
2024-05-31 00:00:00-04:00,219.24575724498754,224.18493606833272,218.20795125149616,223.72369384765625,5524500,1.3,0.0
2024-06-03 00:00:00-04:00,223.8966813204145,224.3771463017888,218.45781421222702,219.3995361328125,2593900,0.0,0.0
2024-06-04 00:00:00-04:00,219.1977133320521,220.82168715911203,217.40077916637395,218.7268524169922,1820800,0.0,0.0
2024-06-05 00:00:00-04:00,219.79350537026542,220.1394407419377,217.17017068828338,218.52508544921875,2920800,0.0,0.0
2024-06-06 00:00:00-04:00,218.7556753555779,219.97606037545623,217.57373574092264,219.389892578125,2023200,0.0,0.0
2024-06-07 00:00:00-04:00,218.64996394116005,221.70572838144483,217.83318239491084,219.06317138671875,2555600,0.0,0.0
2024-06-10 00:00:00-04:00,218.46741902607798,220.04334347842968,217.4103902691112,220.00489807128906,1884800,0.0,0.0
2024-06-11 00:00:00-04:00,218.8806248419331,219.98568842949945,217.48727933420193,218.52508544921875,1619900,0.0,0.0
2024-06-12 00:00:00-04:00,219.9952628301966,222.2342309430274,216.94911723348352,217.62176513671875,1931900,0.0,0.0
2024-06-13 00:00:00-04:00,216.83380777231767,217.36232210524406,212.7306480026561,213.4417266845703,3283900,0.0,0.0
2024-06-14 00:00:00-04:00,212.69221503876204,213.50901129765967,210.01122713874878,213.4225311279297,2130500,0.0,0.0
2024-06-17 00:00:00-04:00,210.95291066195966,213.81647726324482,210.72228223924137,212.7306365966797,3134500,0.0,0.0
2024-06-18 00:00:00-04:00,212.73064570719583,215.0849208056001,212.50962129414086,213.88375854492188,2057100,0.0,0.0
2024-06-20 00:00:00-04:00,213.62432894365944,216.6224256128882,212.81715132696354,216.37258911132812,2267800,0.0,0.0
2024-06-21 00:00:00-04:00,217.2950863512947,217.7467245843139,214.42190062715946,217.27586364746094,3322600,0.0,0.0
2024-06-24 00:00:00-04:00,217.80437993197336,220.4181104963327,217.12211323488148,217.51609802246094,2407600,0.0,0.0
2024-06-25 00:00:00-04:00,216.06508150930955,216.33414069289452,211.00097712071786,215.30593872070312,3079500,0.0,0.0
2024-06-26 00:00:00-04:00,215.24826665929692,216.34372600132588,214.16241133634188,214.87350463867188,1921500,0.0,0.0
2024-06-27 00:00:00-04:00,215.8056158166923,216.52631316526688,214.07593924758822,214.73898315429688,1815000,0.0,0.0
2024-06-28 00:00:00-04:00,216.11311772568146,218.55388775943078,215.54617263235716,217.41998291015625,3492600,0.0,0.0
2024-07-01 00:00:00-04:00,217.30468083656737,218.9767040936931,215.39242511125482,216.07469177246094,1697300,0.0,0.0
2024-07-02 00:00:00-04:00,216.0746874869801,216.72811274942808,215.07532689069913,216.68968200683594,1530500,0.0,0.0
2024-07-03 00:00:00-04:00,217.1317200709426,219.18810940807666,216.21882496352524,216.7569580078125,1219800,0.0,0.0
2024-07-05 00:00:00-04:00,216.36298509063903,217.8235880172429,214.11441258871744,216.37258911132812,1659400,0.0,0.0
2024-07-08 00:00:00-04:00,215.73836140397495,215.9017177235477,213.45135826732997,214.66212463378906,1781600,0.0,0.0
2024-07-09 00:00:00-04:00,213.5955009696739,214.20089150996847,212.00997247025,213.1150360107422,1514200,0.0,0.0
2024-07-10 00:00:00-04:00,213.65315622317004,215.75759510708465,213.25917143448808,215.6422882080078,1832700,0.0,0.0
2024-07-11 00:00:00-04:00,216.06506571670235,220.0240916966162,215.49810600600736,219.7838592529297,1517900,0.0,0.0
2024-07-12 00:00:00-04:00,220.6967816112812,223.34894301581713,219.7839010840503,221.2252960205078,1912300,0.0,0.0
2024-07-15 00:00:00-04:00,221.59042521566948,227.21185593761328,221.28292063124232,226.76983642578125,2569500,0.0,0.0
2024-07-16 00:00:00-04:00,226.7794364807228,234.2939146767459,226.68333763411303,233.5635986328125,3417400,0.0,0.0
2024-07-17 00:00:00-04:00,233.92876004634684,236.44639150767034,233.2753201377024,234.36117553710938,2933000,0.0,0.0
2024-07-18 00:00:00-04:00,233.16002460264747,236.26382399761064,232.71799040798686,233.51556396484375,2491300,0.0,0.0
2024-07-19 00:00:00-04:00,235.23562568026068,235.23562568026068,232.06455430383227,232.85252380371094,3870100,0.0,0.0
2024-07-22 00:00:00-04:00,233.29455046654604,233.86149556547173,231.4495668930521,233.76541137695312,2187000,0.0,0.0
2024-07-23 00:00:00-04:00,232.76603459304738,233.40985583616634,229.94089847427475,230.1427001953125,2538300,0.0,0.0
2024-07-24 00:00:00-04:00,228.89349993976262,231.33427010421565,227.58663468530494,228.1055450439453,3288800,0.0,0.0
2024-07-25 00:00:00-04:00,226.64491513664015,230.33488224371237,221.8786966263691,226.15484619140625,3017600,0.0,0.0
2024-07-26 00:00:00-04:00,227.95178178849488,233.65008880089317,226.67374331951768,230.96910095214844,2818600,0.0,0.0
2024-07-29 00:00:00-04:00,231.57449569736158,234.36118646791655,230.63277386341088,232.6891632080078,2023000,0.0,0.0
2024-07-30 00:00:00-04:00,233.6500845574061,237.5995067833777,233.32337193107895,235.84100341796875,1914400,0.0,0.0
2024-07-31 00:00:00-04:00,235.9274930918779,239.44448508322074,234.928117869787,237.0902099609375,2285700,0.0,0.0
2024-08-01 00:00:00-04:00,237.70520872440932,239.59824167342455,234.26507815367665,234.91851806640625,2166100,0.0,0.0
2024-08-02 00:00:00-04:00,234.01525312869413,234.3707924932037,226.4911703886741,230.59434509277344,2114600,0.0,0.0
2024-08-05 00:00:00-04:00,227.7499775409427,228.67247664473513,222.22463092598107,225.69358825683594,2494400,0.0,0.0
2024-08-06 00:00:00-04:00,226.18366683718858,232.07415669220336,225.5590536535382,229.2298126220703,2514600,0.0,0.0
2024-08-07 00:00:00-04:00,230.4790324033862,232.4873722884215,227.23108478993845,227.5866241455078,1939200,0.0,0.0
2024-08-08 00:00:00-04:00,227.971017605407,231.47840591921755,227.64429029172493,231.14207458496094,1444800,0.0,0.0
2024-08-09 00:00:00-04:00,231.07479126027076,231.07479126027076,227.6923142429082,228.24005126953125,1621100,0.0,0.0
2024-08-12 00:00:00-04:00,229.03763092266948,229.03763092266948,225.72241127795274,227.50013732910156,1782100,0.0,0.0
2024-08-13 00:00:00-04:00,228.7301335689053,229.66223670679233,226.03952702642604,227.9998321533203,1486200,0.0,0.0
2024-08-14 00:00:00-04:00,228.67246461473036,232.7852429665788,228.0382474306521,231.7954864501953,1903100,0.0,0.0
2024-08-15 00:00:00-04:00,234.3996082377333,235.68726536365804,233.2657180674739,234.18821716308594,2128000,0.0,0.0
2024-08-16 00:00:00-04:00,234.46687414409942,235.8121700159417,233.89031039180972,234.97616577148438,1951400,0.0,0.0
2024-08-19 00:00:00-04:00,235.4278221534766,237.02296928383254,234.63024858829863,236.45602416992188,1686500,0.0,0.0
2024-08-20 00:00:00-04:00,236.45600887381946,237.580295008594,235.725692823363,236.86920166015625,1552000,0.0,0.0
2024-08-21 00:00:00-04:00,238.0511628009553,238.5988998884115,235.42782824886066,236.12930297851562,1482900,0.0,0.0
2024-08-22 00:00:00-04:00,236.41756534623994,237.34966845610188,233.3425928169856,234.77438354492188,2722300,0.0,0.0
2024-08-23 00:00:00-04:00,235.427809826969,237.34006547921084,234.49570671301134,237.20553588867188,2449200,0.0,0.0
2024-08-26 00:00:00-04:00,238.07998420086895,239.80005691455582,237.34968276321996,238.1568603515625,1680600,0.0,0.0
2024-08-27 00:00:00-04:00,238.78147171244072,240.7129354971659,238.35866021824185,240.5688018798828,1466200,0.0,0.0
2024-08-28 00:00:00-04:00,240.6840987590874,244.4509419811566,240.0498815441782,242.7981414794922,2359700,0.0,0.0
2024-08-29 00:00:00-04:00,243.893601874614,244.7007794262482,241.5681534067388,243.30743408203125,1287700,0.0,0.0
2024-08-30 00:00:00-04:00,243.36537370077733,247.59662893816878,243.36537370077733,247.39376831054688,2386600,1.34,0.0
2024-09-03 00:00:00-04:00,247.1812473921334,248.22458962282414,245.42305800861206,246.54367065429688,2585800,0.0,0.0
2024-09-04 00:00:00-04:00,246.76584785803908,249.30654382803257,243.5296002517024,247.0170135498047,2880300,0.0,0.0
2024-09-05 00:00:00-04:00,247.11365270028514,247.41310874978984,241.38501351431594,242.9886474609375,2562500,0.0,0.0
2024-09-06 00:00:00-04:00,242.86303678312112,245.05595700788263,240.77639654532263,241.1531524658203,2406200,0.0,0.0
2024-09-09 00:00:00-04:00,242.19647471334517,243.57790814506055,241.3366976446305,242.5828857421875,2162500,0.0,0.0
2024-09-10 00:00:00-04:00,243.2977838993012,244.0416259327065,241.14349873791141,244.00299072265625,1694700,0.0,0.0
2024-09-11 00:00:00-04:00,242.12884653888625,242.95964352386167,235.16367492454899,239.09547424316406,2372100,0.0,0.0
2024-09-12 00:00:00-04:00,239.50121594613086,241.0468895914335,237.07645497144068,240.4382781982422,1867900,0.0,0.0
2024-09-13 00:00:00-04:00,241.45263852384173,243.4426834987022,240.109840184645,240.6604766845703,2267800,0.0,0.0
2024-09-16 00:00:00-04:00,242.36070889777776,244.97867540517817,241.00824076667286,243.85806274414062,1651000,0.0,0.0
2024-09-17 00:00:00-04:00,244.66954228888386,246.39875155421458,244.40870673534556,244.94003295898438,1640400,0.0,0.0
2024-09-18 00:00:00-04:00,245.3844223402558,245.91574860323612,242.02259894820125,242.6698455810547,1568200,0.0,0.0
2024-09-19 00:00:00-04:00,241.51060966121364,245.3844345335499,237.694744976694,240.0035858154297,3406700,0.0,0.0
2024-09-20 00:00:00-04:00,235.21199964158416,237.2793297898656,234.30391742624457,237.05714416503906,6802600,0.0,0.0
2024-09-23 00:00:00-04:00,236.76732286412962,237.02815843354355,234.61305248876937,235.71434020996094,2740600,0.0,0.0
2024-09-24 00:00:00-04:00,234.93182187037118,240.57350518631057,233.35716825413542,240.50588989257812,2772700,0.0,0.0
2024-09-25 00:00:00-04:00,239.13411097310848,240.82468504418074,236.7576551051002,237.16339111328125,2347200,0.0,0.0
2024-09-26 00:00:00-04:00,238.61247348783002,239.8683315595776,234.12038221113588,234.97048950195312,2398600,0.0,0.0
2024-09-27 00:00:00-04:00,236.3712358516378,239.07615738810907,235.65637394443996,235.92686462402344,1954500,0.0,0.0
2024-09-30 00:00:00-04:00,236.68038407972406,238.6221239649325,235.19268529424608,238.11012268066406,2923200,0.0,0.0
2024-10-01 00:00:00-04:00,237.8106419755329,238.95057960620954,235.38588099951798,237.21170043945312,1925000,0.0,0.0
2024-10-02 00:00:00-04:00,236.72867956062726,237.8299672441634,233.98512283892478,235.08641052246094,2568300,0.0,0.0
2024-10-03 00:00:00-04:00,234.19765052762338,234.74830176776962,231.46376352406392,232.4587860107422,1990200,0.0,0.0
2024-10-04 00:00:00-04:00,233.51176793633798,234.9221815724688,229.13559708427334,230.74888610839844,2137900,0.0,0.0
2024-10-07 00:00:00-04:00,229.6282634518987,230.0629795609023,227.30009785262277,228.82644653320312,1684100,0.0,0.0
2024-10-08 00:00:00-04:00,229.60894710265083,230.82616994234883,229.2515161370313,229.49302673339844,1783200,0.0,0.0
2024-10-09 00:00:00-04:00,229.05831125775862,230.55567990760932,227.87008324764045,229.60894775390625,2046700,0.0,0.0
2024-10-10 00:00:00-04:00,229.38674758416056,230.82615595793257,228.26613494715562,230.71023559570312,1900700,0.0,0.0
2024-10-11 00:00:00-04:00,231.9274708186792,234.30392696688153,231.4154695046097,234.0817413330078,1663800,0.0,0.0
2024-10-14 00:00:00-04:00,234.4101669417079,237.81064009191576,233.74361011198084,236.9412078857422,1735800,0.0,0.0
2024-10-15 00:00:00-04:00,238.332345045138,240.25476013276588,237.0281818100841,237.44357299804688,1858000,0.0,0.0
2024-10-16 00:00:00-04:00,237.5787850188553,241.7327700188093,237.16339388917802,239.67510986328125,1500100,0.0,0.0
2024-10-17 00:00:00-04:00,238.49654672898484,238.49654672898484,232.33319164728385,233.5117645263672,2177900,0.0,0.0
2024-10-18 00:00:00-04:00,234.29426519869264,236.4002453237421,233.2606074821212,235.8109588623047,2866100,0.0,0.0
2024-10-21 00:00:00-04:00,235.4535376460231,235.4535376460231,231.28989677208222,232.18832397460938,1547900,0.0,0.0
2024-10-22 00:00:00-04:00,232.89349982087666,233.7242968611605,230.52669892701218,233.2509307861328,1818400,0.0,0.0
2024-10-23 00:00:00-04:00,233.10603758251148,233.96581474184828,231.95644475067786,233.1543426513672,2156100,0.0,0.0
2024-10-24 00:00:00-04:00,221.62942283557888,226.0538983412192,219.83258356683095,222.9142608642578,5181100,0.0,0.0
2024-10-25 00:00:00-04:00,222.3732879759305,224.00590188442774,221.49418591125718,222.47955322265625,2952000,0.0,0.0
2024-10-28 00:00:00-04:00,222.24769380044435,225.53224653311776,222.24769380044435,224.1024932861328,2493000,0.0,0.0
2024-10-29 00:00:00-04:00,224.22808772198542,226.42100795720236,223.60016609837422,224.11216735839844,3682100,0.0,0.0
2024-10-30 00:00:00-04:00,223.63880989593963,226.68183748207025,223.4262793941094,224.2860565185547,3079400,0.0,0.0
2024-10-31 00:00:00-04:00,222.9046150427448,225.8993374551107,222.4698841968369,224.189453125,2594700,0.0,0.0
2024-11-01 00:00:00-04:00,225.6192187333313,226.86540701672016,224.41166566233363,224.78842163085938,2653300,0.0,0.0
2024-11-04 00:00:00-05:00,224.07353374855947,225.31006685243742,221.64877260936572,222.10281372070312,2195600,0.0,0.0
2024-11-05 00:00:00-05:00,222.76939650508268,225.94766970308328,221.70674390600996,225.9283447265625,1483700,0.0,0.0
2024-11-06 00:00:00-05:00,239.65578372975688,243.17217723210823,234.12036528927044,240.05186462402344,5318700,0.0,0.0
2024-11-07 00:00:00-05:00,240.83437327018504,241.40433474843698,233.97546633387154,234.3232421875,2921300,0.0,0.0
2024-11-08 00:00:00-05:00,233.74363768836918,235.839948035997,232.63268002648408,233.2895965576172,2209300,0.0,0.0
2024-11-11 00:00:00-05:00,235.57910759192455,237.588477615393,233.62769775575964,233.7339630126953,3299100,0.0,0.0
2024-11-12 00:00:00-05:00,234.12039915799053,234.40054498919613,230.48807002658518,230.79721069335938,2362900,0.0,0.0
2024-11-13 00:00:00-05:00,231.28021917723404,232.74859304153242,230.21756661958884,232.2462615966797,2563900,0.0,0.0
2024-11-14 00:00:00-05:00,232.10134796749733,232.9031649499655,226.8460895521167,227.5802764892578,2766000,0.0,0.0
2024-11-15 00:00:00-05:00,226.90401562596514,229.75383740613097,226.05389370187785,227.57058715820312,2068500,0.0,0.0
2024-11-18 00:00:00-05:00,227.09724357143534,227.46434439140396,225.93799566809483,226.4499969482422,1401400,0.0,0.0
2024-11-19 00:00:00-05:00,225.22312626854534,226.1408636074354,223.98659316634115,225.36802673339844,1773900,0.0,0.0
2024-11-20 00:00:00-05:00,225.5418896896099,226.36303151439358,223.96723607436752,225.6288299560547,1158000,0.0,0.0
2024-11-21 00:00:00-05:00,226.1215507290671,231.78254501916226,225.7351249262475,230.90345764160156,3490700,0.0,0.0
2024-11-22 00:00:00-05:00,231.85015603448,234.42948725148725,231.3381547858214,234.15899658203125,2664900,0.0,0.0
2024-11-25 00:00:00-05:00,235.19268966539772,242.07090685030033,234.796608742844,240.85369873046875,4224400,0.0,0.0
2024-11-26 00:00:00-05:00,238.38061936257608,238.7767002877272,234.2266487994465,237.28900146484375,3305300,0.0,0.0
2024-11-27 00:00:00-05:00,237.6850646140548,239.47224894282013,236.54514166233773,236.90257263183594,2040800,0.0,0.0
2024-11-29 00:00:00-05:00,236.76733513825607,238.2550487321174,235.81096256855432,236.35194396972656,1484900,0.0,0.0
2024-12-02 00:00:00-05:00,235.74333667675413,236.26500785181722,232.24626774281887,232.60369873046875,3100000,0.0,0.0
2024-12-03 00:00:00-05:00,233.52141413708085,233.52141413708085,227.12621846972712,228.9423828125,4196800,0.0,0.0
2024-12-04 00:00:00-05:00,228.66222758815087,229.773185165599,225.67716018227424,227.01995849609375,3264900,0.0,0.0
2024-12-05 00:00:00-05:00,227.338763363683,227.54162401614104,225.6385340193676,226.66253662109375,2011400,0.0,0.0
2024-12-06 00:00:00-05:00,227.6865243568446,228.633241734657,225.44529902415314,225.63851928710938,2585100,0.0,0.0
2024-12-09 00:00:00-05:00,225.65795230298673,228.300750605357,225.11384938644449,226.9113311767578,3095700,1.34,0.0
2024-12-10 00:00:00-05:00,226.72674378081456,232.2358082267691,225.21100940288343,230.36058044433594,3092600,0.0,0.0
2024-12-11 00:00:00-05:00,229.7970558968493,231.6625581453736,226.68788548264212,227.14454650878906,2862600,0.0,0.0
2024-12-12 00:00:00-05:00,227.60120456354716,227.8926925291942,225.3081886331876,227.0765380859375,2242700,0.0,0.0
2024-12-13 00:00:00-05:00,226.56155768946255,230.797806771011,226.56155768946255,228.3104705810547,2715600,0.0,0.0
2024-12-16 00:00:00-05:00,227.39715362924738,228.40764324490974,224.99727414985955,226.27980041503906,2839500,0.0,0.0
2024-12-17 00:00:00-05:00,224.13250601440362,225.91056613850685,222.8208325241485,223.355224609375,3642400,0.0,0.0
2024-12-18 00:00:00-05:00,223.27749122187103,224.5503065591437,218.0404784915576,218.16677856445312,3582400,0.0,0.0
2024-12-19 00:00:00-05:00,218.0501956367624,220.16832753454855,216.72879646746898,216.8162384033203,2785300,0.0,0.0
2024-12-20 00:00:00-05:00,216.78708584600338,221.441137550718,215.56285429662802,219.89627075195312,5949400,0.0,0.0
2024-12-23 00:00:00-05:00,219.2258484800631,221.0622031795973,218.38053199407986,220.6832733154297,1939300,0.0,0.0
2024-12-24 00:00:00-05:00,221.26622755884804,223.48151205451623,220.20716910250587,223.22889709472656,669000,0.0,0.0
2024-12-26 00:00:00-05:00,222.22816143654802,224.24912584819955,222.05326273013821,223.69529724121094,1021700,0.0,0.0
2024-12-27 00:00:00-05:00,222.09213501533225,225.15272152400047,221.82008354014812,223.40380859375,1455900,0.0,0.0
2024-12-30 00:00:00-05:00,221.70346906621697,223.1123249992784,220.3432117540733,221.3245391845703,1659700,0.0,0.0
2024-12-31 00:00:00-05:00,221.528570450689,222.98599525628563,220.508370121633,221.5674285888672,1784700,0.0,0.0
2025-01-02 00:00:00-05:00,223.4523816409764,224.07421567229426,221.84922018036264,222.61679077148438,3177200,0.0,0.0
2025-01-03 00:00:00-05:00,223.2872105537115,225.77454670076912,222.35446691141135,224.9292449951172,1994500,0.0,0.0
2025-01-06 00:00:00-05:00,225.61912072739352,225.70656267234205,222.41278264803267,223.48155212402344,2798800,0.0,0.0
2025-01-07 00:00:00-05:00,224.44342536063238,225.9299975113812,223.2483411430228,223.99647521972656,2752700,0.0,0.0
2025-01-08 00:00:00-05:00,223.12202627065477,225.51220953183014,222.5099030935639,225.2401580810547,2062800,0.0,0.0
2025-01-10 00:00:00-05:00,222.32531603650742,223.4815273291672,218.36111855602445,218.81777954101562,2711300,0.0,0.0
2025-01-13 00:00:00-05:00,217.37976406001604,220.576390774842,216.18467986856552,220.32376098632812,2278100,0.0,0.0
2025-01-14 00:00:00-05:00,222.33503842266057,223.06375090565095,221.1691014150147,222.8694305419922,1823400,0.0,0.0
2025-01-15 00:00:00-05:00,226.3866624462537,226.67815038449893,223.89932638118674,224.30740356445312,1892300,0.0,0.0
2025-01-16 00:00:00-05:00,223.75358017301113,228.45621578206425,223.0540298610164,228.2230224609375,2296900,0.0,0.0
2025-01-17 00:00:00-05:00,232.46898391092526,232.46898391092526,225.60937304182525,227.61090087890625,3643700,0.0,0.0
2025-01-21 00:00:00-05:00,228.90314565987646,230.60347466845735,228.3201846094927,230.0107879638672,2630500,0.0,0.0
2025-01-22 00:00:00-05:00,230.01080461703137,230.27314526282876,227.51375754442796,229.10720825195312,2757500,0.0,0.0
2025-01-23 00:00:00-05:00,239.6492340583917,242.58352041013626,235.18951731837035,241.00950622558594,5226200,0.0,0.0
2025-01-24 00:00:00-05:00,240.45567595176934,243.38996228298177,238.73592521612508,241.71878051757812,4048500,0.0,0.0
2025-01-27 00:00:00-05:00,243.51627946576028,249.55001040456733,242.90415624779405,247.19869995117188,4537400,0.0,0.0
2025-01-28 00:00:00-05:00,246.79063381295185,249.00591863120158,241.74794093104077,242.0880126953125,3167200,0.0,0.0
2025-01-29 00:00:00-05:00,242.61268603701953,245.80931326939267,241.9908519445792,242.46694946289062,3026900,0.0,0.0
2025-01-30 00:00:00-05:00,242.30174958114665,244.48788690524273,240.05731763385216,242.826416015625,2490500,0.0,0.0
2025-01-31 00:00:00-05:00,241.61190910488156,244.88625245121727,240.630581631608,240.7568817138672,2987200,0.0,0.0
2025-02-03 00:00:00-05:00,235.35468326559206,239.68809979541487,230.34115291122765,236.1222686767578,3962300,0.0,0.0
2025-02-04 00:00:00-05:00,235.80163124439667,238.56101878597622,235.46155950957353,236.58863830566406,2895100,0.0,0.0
2025-02-05 00:00:00-05:00,237.2979283589959,238.2695450011373,236.10284404035616,237.54083251953125,2436900,0.0,0.0
2025-02-06 00:00:00-05:00,238.39585483427373,238.76507389465004,235.87937134286057,236.59835815429688,1574500,0.0,0.0
2025-02-07 00:00:00-05:00,237.06474516538012,237.1910452448894,233.955560111457,235.20895385742188,2185500,0.0,0.0
2025-02-10 00:00:00-05:00,236.8509776541848,237.56025360578118,234.7231349737032,237.39508056640625,2315000,0.0,0.0
2025-02-11 00:00:00-05:00,237.84202268440654,240.95120768710177,236.9384263563044,240.69857788085938,2584800,0.0,0.0
2025-02-12 00:00:00-05:00,236.44290576400905,242.15600129594395,236.44290576400905,241.45643615722656,2656900,0.0,0.0
2025-02-13 00:00:00-05:00,242.09770581176465,244.69192034791837,240.32937131373495,243.84661865234375,2279800,0.0,0.0
2025-02-14 00:00:00-05:00,244.3518752032047,246.01333136250784,242.02971201644147,242.14630126953125,1696300,0.0,0.0
2025-02-18 00:00:00-05:00,242.90414968959053,244.63362604932502,241.38843016763832,244.0409393310547,1709300,0.0,0.0
2025-02-19 00:00:00-05:00,242.56407557102577,243.15676228348386,237.46308847756757,240.04759216308594,2488500,0.0,0.0
2025-02-20 00:00:00-05:00,239.5812427299403,240.69859598164618,238.3764327095083,240.62086486816406,1425400,0.0,0.0
2025-02-21 00:00:00-05:00,239.76583303526417,240.70830232529312,234.94660816586787,238.58045959472656,3292500,0.0,0.0
2025-02-24 00:00:00-05:00,238.2792510154631,239.01767426537523,235.34496484686508,235.45184326171875,5576700,0.0,0.0
2025-02-25 00:00:00-05:00,235.99594741749962,239.85326637539328,235.8793581736555,238.91079711914062,2911600,0.0,0.0
2025-02-26 00:00:00-05:00,238.9496451258641,240.92204031330527,237.83229205122663,238.51242065429688,2477000,0.0,0.0
2025-02-27 00:00:00-05:00,238.03637411166775,240.28080625471617,236.85100058427264,238.11410522460938,3012400,0.0,0.0
2025-02-28 00:00:00-05:00,239.27665405910722,241.41619538067582,236.902652257719,241.00587463378906,3252600,1.34,0.0
2025-03-03 00:00:00-05:00,242.6178523106705,243.94651636837528,238.1531600486847,240.14614868164062,2218000,0.0,0.0
2025-03-04 00:00:00-05:00,238.0554718663174,238.39741329839612,235.30045669481612,235.95501708984375,3037800,0.0,0.0
2025-03-05 00:00:00-05:00,236.24809241701786,239.40366394143322,235.63260384175572,237.99684143066406,3051700,0.0,0.0
2025-03-06 00:00:00-05:00,237.69399720130417,239.8237594967275,236.27741041036992,239.6186065673828,2311100,0.0,0.0
2025-03-07 00:00:00-05:00,240.41969861607038,244.5620077629946,239.31574571717243,243.5655059814453,2835800,0.0,0.0
2025-03-10 00:00:00-04:00,241.91443988971193,245.47056795250816,240.44900225547389,242.56900024414062,2420700,0.0,0.0
2025-03-11 00:00:00-04:00,241.74834847830942,242.37360124607162,231.95922132338083,232.30116271972656,3357900,0.0,0.0
2025-03-12 00:00:00-04:00,231.23629829925505,232.90688890349278,228.62782102229215,232.0178680419922,1927500,0.0,0.0
2025-03-13 00:00:00-04:00,231.68568803785317,232.60403135642616,228.1393390382439,228.89158630371094,2399900,0.0,0.0
2025-03-14 00:00:00-04:00,230.21049487592492,232.26211364007787,229.49731936188076,232.05694580078125,2116800,0.0,0.0
2025-03-17 00:00:00-04:00,231.98854085260103,233.99129358320934,230.53286751625686,232.3793182373047,2139000,0.0,0.0
2025-03-18 00:00:00-04:00,232.985031495471,234.47001241478114,230.10300724097968,231.62705993652344,2184200,0.0,0.0
2025-03-19 00:00:00-04:00,231.54891625419904,232.6431198521969,229.4875333338745,230.94320678710938,2058300,0.0,0.0
2025-03-20 00:00:00-04:00,228.8818224794025,230.50357707000245,227.88532069506724,229.38006591796875,2869500,0.0,0.0
2025-03-21 00:00:00-04:00,227.70947336294395,228.85251294074203,226.00956032285305,228.4910430908203,4167700,0.0,0.0
2025-03-24 00:00:00-04:00,231.50008080174266,232.3500298826828,228.4910469877807,229.78062438964844,3291100,0.0,0.0
2025-03-25 00:00:00-04:00,229.78060802115704,231.08972867278013,228.94042321797173,230.3570098876953,1849000,0.0,0.0
2025-03-26 00:00:00-04:00,230.42541218614713,233.24882140710102,230.25933104458542,232.54541015625,1709900,0.0,0.0
2025-03-27 00:00:00-04:00,232.8385051892263,232.8385051892263,229.25306952800324,230.5328826904297,1913900,0.0,0.0
2025-03-28 00:00:00-04:00,230.18117070651815,231.24605179166534,226.66411448092842,226.80088806152344,1918000,0.0,0.0
2025-03-31 00:00:00-04:00,225.24754471870367,232.61382000446775,224.97399753693452,230.7966766357422,3478100,0.0,0.0
2025-04-01 00:00:00-04:00,229.25307040262985,232.1937099313874,228.45195732883786,231.70523071289062,2367300,0.0,0.0
2025-04-02 00:00:00-04:00,229.7220059747301,233.01435113274172,229.20421919638417,232.96551513671875,2023600,0.0,0.0
2025-04-03 00:00:00-04:00,226.01932964160267,227.6117616814778,217.93987957684467,218.8093719482422,5754800,0.0,0.0
2025-04-04 00:00:00-04:00,214.93085069504195,216.64052791647978,207.65251350521848,208.3461456298828,6784500,0.0,0.0
2025-04-07 00:00:00-04:00,206.24568999603346,211.257491396629,200.0713057054033,205.1319580078125,5055900,0.0,0.0
2025-04-08 00:00:00-04:00,212.51777573590363,212.71316444933584,199.9443249411393,203.4711456298828,5126200,0.0,0.0
2025-04-09 00:00:00-04:00,201.8591459773574,219.52255617546444,201.62468549483555,218.3795166015625,5361000,0.0,0.0
2025-04-10 00:00:00-04:00,216.27907260665447,216.58192734964933,209.2645029836241,214.26654052734375,5088800,0.0,0.0
2025-04-11 00:00:00-04:00,213.71944114541301,215.19465805589527,210.14378428036466,213.55335998535156,2965000,0.0,0.0
2025-04-14 00:00:00-04:00,216.0543559658127,218.1255180235284,214.23721264654301,217.1485595703125,3197700,0.0,0.0
2025-04-15 00:00:00-04:00,217.65658244838704,219.1415635751017,214.5303181609909,215.009033203125,2807000,0.0,0.0
2025-04-16 00:00:00-04:00,214.63776941717194,215.4584109410128,210.44662420761094,211.6092071533203,3293600,0.0,0.0
2025-04-17 00:00:00-04:00,212.4884753742633,217.11926406625437,212.29308665421047,215.18487548828125,4545800,0.0,0.0
2025-04-21 00:00:00-04:00,213.1332517518826,213.93434990178204,208.44384837057075,211.07186889648438,3379600,0.0,0.0
2025-04-22 00:00:00-04:00,213.00625053819542,213.58265244834064,210.0069958360884,211.90228271484375,3353300,0.0,0.0
2025-04-23 00:00:00-04:00,216.21067236116963,219.4053306692991,213.29934035180548,214.71592712402344,3879500,0.0,0.0
2025-04-24 00:00:00-04:00,203.4516044073361,210.8569515090822,201.86893643267177,210.48570251464844,5205100,0.0,0.0
2025-04-25 00:00:00-04:00,209.06910481076463,209.81158785378,206.69510297234265,208.37545776367188,3454900,0.0,0.0
2025-04-28 00:00:00-04:00,208.1507641836525,209.75297543929736,205.9428434616062,207.7111358642578,3053300,0.0,0.0
2025-04-29 00:00:00-04:00,206.4215493885757,210.00700010608267,206.4215493885757,209.59666442871094,2886400,0.0,0.0
2025-04-30 00:00:00-04:00,208.55131560357748,211.0034758769884,205.679055456827,210.69085693359375,3139100,0.0,0.0
2025-05-01 00:00:00-04:00,210.5345571155757,210.5345571155757,207.672075861063,209.14727783203125,4458500,0.0,0.0
2025-05-02 00:00:00-04:00,211.8241386965826,214.54984621821643,210.86670868053372,213.26025390625,2926800,0.0,0.0
2025-05-05 00:00:00-04:00,211.80460022283648,213.74873804620412,211.27703429864786,211.5408172607422,1895600,0.0,0.0
2025-05-06 00:00:00-04:00,209.8116047742033,211.2379707615978,208.09216315882702,208.2875518798828,2265100,0.0,0.0
2025-05-07 00:00:00-04:00,208.81509562427192,209.9581351734889,207.79905053127754,208.9225616455078,3277100,0.0,0.0
2025-05-08 00:00:00-04:00,209.9581358678572,213.87573373277252,208.9420907715026,211.84365844726562,3335500,0.0,0.0
2025-05-09 00:00:00-04:00,211.74598360927618,212.70339873339452,210.16330075505243,211.33566284179688,2172900,0.0,0.0
2025-05-12 00:00:00-04:00,221.82819035212106,226.20496017380123,221.30063933145206,225.55039978027344,4965900,0.0,0.0
2025-05-13 00:00:00-04:00,225.68716841486975,226.6445984385881,222.78560059690523,222.9907684326172,3028100,0.0,0.0
2025-05-14 00:00:00-04:00,222.10173112221761,223.48901033658157,217.99850860115194,223.0786895751953,3253000,0.0,0.0
2025-05-15 00:00:00-04:00,223.96771386396946,226.11701936890083,222.44366114060364,225.53085327148438,2607600,0.0,0.0
2025-05-16 00:00:00-04:00,225.9997848426674,226.62503761236917,224.81765863842398,226.08770751953125,2006800,0.0,0.0
2025-05-19 00:00:00-04:00,223.8016543177145,224.7688485964938,222.902854289194,224.21197509765625,2509400,0.0,0.0
2025-05-20 00:00:00-04:00,223.38155818160413,224.59299210511492,222.56091660787288,223.06893920898438,1982900,0.0,0.0
2025-05-21 00:00:00-04:00,220.43113371464932,221.662095960829,218.33066416123177,218.46743774414062,2183600,0.0,0.0
2025-05-22 00:00:00-04:00,218.21344096137625,219.18063519778232,216.81638261990076,217.73472595214844,2848900,0.0,0.0
2025-05-23 00:00:00-04:00,215.04808067176907,217.87148988343841,214.9406146502646,216.9922332763672,3227900,0.0,0.0
2025-05-27 00:00:00-04:00,218.50652983134682,219.77657879387345,217.60772984898105,219.18063354492188,2613300,0.0,0.0
2025-05-28 00:00:00-04:00,219.81565317756153,220.25528150247607,216.84570602268738,217.0606231689453,3073200,0.0,0.0
2025-05-29 00:00:00-04:00,217.31464678115967,218.43814307082016,214.70616942716603,217.38302612304688,2980600,0.0,0.0
2025-05-30 00:00:00-04:00,217.1373045029634,218.75906144371484,216.5279252269046,217.86463928222656,4179600,1.34,0.0
2025-06-02 00:00:00-04:00,215.0339421992855,216.23305397110875,213.66774304909612,215.14205932617188,4587000,0.0,0.0
2025-06-03 00:00:00-04:00,214.11004963504112,218.5624838977442,213.83484511089114,217.9825897216797,6229300,0.0,0.0
2025-06-04 00:00:00-04:00,218.0513961053276,218.36590913074988,215.60402554343085,217.08816528320312,3976800,0.0,0.0
2025-06-05 00:00:00-04:00,217.16678397866636,217.9629123663557,215.64332083063917,216.87191772460938,3084600,0.0,0.0
2025-06-06 00:00:00-04:00,219.152209065314,220.32183575231014,218.34624227351048,219.6043243408203,2953400,0.0,0.0
2025-06-09 00:00:00-04:00,220.1350824187811,221.40298783832293,219.42740939472768,220.3021697998047,3128500,0.0,0.0
2025-06-10 00:00:00-04:00,220.6560133700927,225.27553492666607,219.53553354575345,222.72006225585938,3122200,0.0,0.0
2025-06-11 00:00:00-04:00,223.13286158938777,223.13286158938777,220.78378488701438,221.85511779785156,2655100,0.0,0.0
2025-06-12 00:00:00-04:00,220.72481331326088,221.62905883789062,219.68295053730836,221.62905883789062,1939200,0.0,0.0
2025-06-13 00:00:00-04:00,219.85003875585176,221.60939793351767,218.95563160148757,219.54534912109375,1670100,0.0,0.0
2025-06-16 00:00:00-04:00,220.20388037207456,222.3170761095072,219.93851423098363,220.80343627929688,2659500,0.0,0.0
2025-06-17 00:00:00-04:00,219.93850073022938,220.17438173005306,215.8890352621859,216.8129425048828,2767900,0.0,0.0
2025-06-18 00:00:00-04:00,217.19628596223524,218.33642756773781,216.47878951977322,218.20864868164062,2414500,0.0,0.0
2025-06-20 00:00:00-04:00,218.79836699394463,219.94833190140275,217.42234445447014,218.7000732421875,4274300,0.0,0.0
2025-06-23 00:00:00-04:00,218.62143549912884,222.10083025367567,218.02189462072573,222.0123748779297,2665300,0.0,0.0
2025-06-24 00:00:00-04:00,223.65379287129994,224.12556990310122,221.97306563657082,224.00762939453125,2777100,0.0,0.0
2025-06-25 00:00:00-04:00,223.02474638981047,223.11320176908038,221.60940033140764,222.92645263671875,2005400,0.0,0.0
2025-06-26 00:00:00-04:00,223.52601030289395,226.29773218875593,222.98542465165974,225.4622802734375,2960200,0.0,0.0
2025-06-27 00:00:00-04:00,225.1477781542424,227.71307428263384,225.1477781542424,227.4477081298828,7430700,0.0,0.0
2025-06-30 00:00:00-04:00,226.98574771961918,228.02759554102215,225.87509126971682,226.14047241210938,3579000,0.0,0.0
2025-07-01 00:00:00-04:00,225.68833516481527,233.05009331338073,225.50158603324968,231.53646850585938,2687500,0.0,0.0
2025-07-02 00:00:00-04:00,232.2146595721663,233.34497782623268,230.4946237484986,233.09925842285156,1752100,0.0,0.0
2025-07-03 00:00:00-04:00,233.62017495540417,235.0944913289735,232.23431396484375,232.23431396484375,1327600,0.0,0.0
2025-07-07 00:00:00-04:00,231.69373475825174,233.44325570388946,229.8262732986454,231.32025146484375,2580900,0.0,0.0
2025-07-08 00:00:00-04:00,231.02537493007918,234.770136057621,230.29804013199836,232.48985290527344,2574300,0.0,0.0
2025-07-09 00:00:00-04:00,233.26633315563262,234.3966363508234,232.15567671342995,232.4407196044922,2432800,0.0,0.0
2025-07-10 00:00:00-04:00,233.10905820287797,236.6179381267763,231.55610993100754,232.9419708251953,2630100,0.0,0.0
2025-07-11 00:00:00-04:00,231.58560946666364,232.2441356423372,230.06216122313901,231.07452392578125,3211700,0.0,0.0
2025-07-14 00:00:00-04:00,230.07197492968822,230.8386182063108,227.4378553401863,229.31515502929688,1973400,0.0,0.0
2025-07-15 00:00:00-04:00,229.04977332240182,230.00316572767753,227.08401825956872,227.18231201171875,2419300,0.0,0.0
2025-07-16 00:00:00-04:00,228.02758542031174,228.95149269187667,225.76696411707172,227.22161865234375,2356500,0.0,0.0
2025-07-17 00:00:00-04:00,223.60464149157696,226.39601012002277,222.86748333281352,223.59481811523438,5211300,0.0,0.0
2025-07-18 00:00:00-04:00,224.50888686073765,224.50888686073765,218.53298959191912,221.01966857910156,5794500,0.0,0.0
2025-07-21 00:00:00-04:00,222.10083540118902,223.42772605821335,221.06881100100577,221.98289489746094,2814100,0.0,0.0
2025-07-22 00:00:00-04:00,222.8969645364166,226.58275526536454,222.1303212645971,225.31484985351562,3806300,0.0,0.0
2025-07-23 00:00:00-04:00,225.51143686845495,227.20198752470031,223.41790280051256,227.0447235107422,3740100,0.0,0.0
2025-07-24 00:00:00-04:00,222.1303361562646,226.7105493419008,215.45660389455017,216.74417114257812,9784100,0.0,0.0
2025-07-25 00:00:00-04:00,219.26032640032037,222.40553157152607,217.38302667402274,220.89190673828125,8254700,0.0,0.0
2025-07-28 00:00:00-04:00,221.36367799277758,227.01522377716446,220.97053298069815,225.31484985351562,6858400,0.0,0.0
2025-07-29 00:00:00-04:00,222.51364138596878,226.43532809398397,215.37795598240206,219.93850708007812,19091000,0.0,0.0
2025-07-30 00:00:00-04:00,221.98290060038548,222.6905736359764,218.70007818624725,221.4226531982422,8361200,0.0,0.0
2025-07-31 00:00:00-04:00,218.67058892398958,219.94833271394813,217.01936187052016,218.16932678222656,5546800,0.0,0.0
2025-08-01 00:00:00-04:00,216.77364397270617,217.04884848350298,214.88652089973337,215.64332580566406,4637300,0.0,0.0
2025-08-04 00:00:00-04:00,216.10527779142595,219.57483427364062,215.86939678256343,218.25778198242188,4181100,0.0,0.0
2025-08-05 00:00:00-04:00,218.91631041205383,219.57483656453383,217.79583061570384,219.15220642089844,2430000,0.0,0.0
2025-08-06 00:00:00-04:00,220.03679215596577,222.4153540254977,218.6116227090279,221.59957885742188,3135700,0.0,0.0
2025-08-07 00:00:00-04:00,223.28029127307047,224.4990648343925,218.29710989240502,218.84751892089844,3113700,0.0,0.0
2025-08-08 00:00:00-04:00,219.0637639635604,220.6167123689687,218.3069440133724,218.43472290039062,2345500,0.0,0.0
2025-08-11 00:00:00-04:00,218.88684841857992,219.9385346969478,214.9455144634603,215.88906860351562,4419600,0.0,0.0
2025-08-12 00:00:00-04:00,216.5377591444409,217.42235797269225,214.44422508152,215.05361938476562,3224200,0.0,0.0
2025-08-13 00:00:00-04:00,215.68265949375782,219.67314008632655,214.77841391592386,219.35861206054688,3096800,0.0,0.0
2025-08-14 00:00:00-04:00,218.36589992052754,218.58213417780075,215.5450461972647,217.72703552246094,6245600,0.0,0.0
2025-08-15 00:00:00-04:00,219.4470806469593,219.83040230179301,216.63605017900503,216.9997100830078,3739200,0.0,0.0
2025-08-18 00:00:00-04:00,216.9210858629039,217.59927381445607,215.16174153719328,216.31170654296875,3188400,0.0,0.0
2025-08-19 00:00:00-04:00,217.13730014613571,221.167103981365,216.29202487814953,219.93850708007812,4899200,0.0,0.0
2025-08-20 00:00:00-04:00,221.14744637043918,222.99526094376336,220.597037347965,221.8157958984375,4521500,0.0,0.0
2025-08-21 00:00:00-04:00,221.61923254293643,222.30724384944403,219.70262426140752,221.44232177734375,3435500,0.0,0.0
2025-08-22 00:00:00-04:00,222.8085126255031,227.35924044886582,218.37572530809535,223.9486541748047,5317300,0.0,0.0
2025-08-25 00:00:00-04:00,224.3221330641973,225.02980608115587,217.34371164352356,219.4962158203125,5993000,0.0,0.0
2025-08-26 00:00:00-04:00,218.74923695245218,219.17188212050846,216.58690922507608,218.92616271972656,3758000,0.0,0.0
2025-08-27 00:00:00-04:00,218.69027240616293,219.1817112205588,216.6360617613936,217.16680908203125,3464900,0.0,0.0
2025-08-28 00:00:00-04:00,220.42995453601498,221.00984869689282,217.05867670718433,218.54283142089844,6299300,0.0,0.0
2025-08-29 00:00:00-04:00,218.96809547183767,221.25273468178426,218.7702953270136,221.11427307128906,5012800,1.38,0.0
2025-09-02 00:00:00-04:00,219.76920516432313,220.32305159170107,216.93071958723607,219.55162048339844,3955400,0.0,0.0
2025-09-03 00:00:00-04:00,218.98789593507672,220.0560349042056,216.34722532716845,219.32415771484375,5881000,0.0,0.0
2025-09-04 00:00:00-04:00,220.21427822673326,221.02526339636555,218.0878850419568,220.60987854003906,3601000,0.0,0.0
2025-09-05 00:00:00-04:00,219.72964573602974,220.71866156871178,216.46589046994217,217.89007568359375,4001800,0.0,0.0
2025-09-08 00:00:00-04:00,216.91096628670826,217.68239745244603,213.89446488674162,214.8735809326172,4131200,0.0,0.0
2025-09-09 00:00:00-04:00,215.09114996112226,216.22852717527059,213.28124925298707,213.67686462402344,3111200,0.0,0.0
2025-09-10 00:00:00-04:00,212.63840903566495,213.69666324533185,208.52409945290458,212.82632446289062,5004700,0.0,0.0
2025-09-11 00:00:00-04:00,212.41092249968335,214.3988387772036,211.80762227249812,213.66696166992188,4126700,0.0,0.0
2025-09-12 00:00:00-04:00,212.81641610494063,213.90433953933018,211.5405923420508,212.5493927001953,6207200,0.0,0.0
2025-09-15 00:00:00-04:00,213.6373103263804,214.6757799968425,211.96588620082233,213.8746795654297,4484400,0.0,0.0
2025-09-16 00:00:00-04:00,216.04061183367028,216.61424280348,213.07356446021652,213.62741088867188,4425900,0.0,0.0
2025-09-17 00:00:00-04:00,213.9340221572815,217.25711611103517,213.75600654300874,214.78457641601562,4797500,0.0,0.0
2025-09-18 00:00:00-04:00,215.09115899261607,218.1274448416801,214.39885092821214,217.9395294189453,4349300,0.0,0.0
2025-09-19 00:00:00-04:00,219.22525247654121,219.22525247654121,216.81205143700655,218.18678283691406,8632100,0.0,0.0
2025-09-22 00:00:00-04:00,218.22633776724211,226.48462601881212,216.84172163591512,223.36923217773438,8136000,0.0,0.0
2025-09-23 00:00:00-04:00,223.36923657196297,226.48463047432827,222.97362117581253,225.475830078125,5183000,0.0,0.0
2025-09-24 00:00:00-04:00,226.81101151540213,229.51102061779605,225.8813341820397,227.82969665527344,5925900,0.0,0.0
2025-09-25 00:00:00-04:00,228.512113383085,229.94618333619218,227.94836710920208,229.45167541503906,6034400,0.0,0.0
2025-09-26 00:00:00-04:00,229.47146812535775,232.91323915356017,229.24398360787754,232.6165313720703,4940900,0.0,0.0
2025-09-29 00:00:00-04:00,233.16048482610356,234.7528009358804,232.50773074829053,233.58575439453125,5097300,0.0,0.0
2025-09-30 00:00:00-04:00,234.3967511825126,234.3967511825126,232.24070392173286,233.77366638183594,3797500,0.0,0.0
2025-10-01 00:00:00-04:00,233.32860672260412,234.64399955316983,231.42969818942777,232.1615753173828,3950800,0.0,0.0
2025-10-02 00:00:00-04:00,232.8538776921438,234.3868551696066,230.95496920520563,231.94398498535156,3873400,0.0,0.0
2025-10-03 00:00:00-04:00,232.2802510282096,235.1286213569316,231.94398927861977,234.19894409179688,3176600,0.0,0.0
2025-10-06 00:00:00-04:00,234.39676122389614,235.61324651864038,232.9132374186816,234.80226135253906,3261100,0.0,0.0
2025-10-07 00:00:00-04:00,235.16818922444554,235.60335861603042,228.71980161252756,229.31321716308594,3024100,0.0,0.0
2025-10-08 00:00:00-04:00,227.6516578761409,231.17256692873198,226.70221112468803,230.0945281982422,3580300,0.0,0.0
2025-10-09 00:00:00-04:00,230.18355043304206,230.91541249119268,227.59231868826404,228.99671936035156,2331300,0.0,0.0
2025-10-10 00:00:00-04:00,229.99562029734508,231.29122854126206,222.74613289338714,222.97360229492188,2762700,0.0,0.0
2025-10-13 00:00:00-04:00,224.23955584977537,224.91209446440845,222.35054707586153,223.36923217773438,2079700,0.0,0.0
2025-10-14 00:00:00-04:00,221.46041508298595,225.34725500611202,220.8768993856157,224.58570861816406,2306200,0.0,0.0
2025-10-15 00:00:00-04:00,224.64504697968147,225.49560116667678,222.12305368523852,223.2406463623047,2483700,0.0,0.0
2025-10-16 00:00:00-04:00,223.78461774547014,225.00110299989407,220.7681164232787,221.5791015625,2971200,0.0,0.0
2025-10-17 00:00:00-04:00,222.63735143909037,226.15824533729995,222.35054349193265,223.55712890625,3237300,0.0,0.0
2025-10-20 00:00:00-04:00,224.17032942891325,226.6923227886656,223.31977521989202,224.8032989501953,2922100,0.0,0.0
2025-10-21 00:00:00-04:00,223.8043817888213,225.64395180551313,222.94394286028572,224.0516357421875,2727700,0.0,0.0
2025-10-22 00:00:00-04:00,224.49670787201714,226.33627791280662,222.73626090828333,222.76593017578125,3756800,0.0,0.0
2025-10-23 00:00:00-04:00,220.8274637484236,223.4582496024031,216.69338462747126,217.623046875,5148500,0.0,0.0
2025-10-24 00:00:00-04:00,218.0878684714325,218.83953013726006,213.62741264940297,214.230712890625,4128600,0.0,0.0
2025-10-27 00:00:00-04:00,215.80324699272333,216.52522430939175,214.02301551426788,215.83291625976562,4692000,0.0,0.0
2025-10-28 00:00:00-04:00,215.96149758772407,218.483490976493,215.1702819042223,215.199951171875,2782500,0.0,0.0
2025-10-29 00:00:00-04:00,214.26038566368197,215.76369392875523,213.1625775048429,213.99334716796875,3587900,0.0,0.0
2025-10-30 00:00:00-04:00,213.67686783392946,217.8801850080405,213.33070626547044,216.42633056640625,2806900,0.0,0.0
2025-10-31 00:00:00-04:00,215.11094646593227,218.5626172006717,213.96368446289642,217.9494171142578,2586300,0.0,0.0
2025-11-03 00:00:00-05:00,217.5241357290671,218.57249005410378,215.63511194427207,216.41644287109375,3552700,0.0,0.0
2025-11-04 00:00:00-05:00,216.2087505696292,218.70107467949475,215.07138840491854,218.48348999023438,2737800,0.0,0.0
2025-11-05 00:00:00-05:00,217.33622645831005,218.90875799032224,214.89335617546575,214.9922637939453,2707600,0.0,0.0
2025-11-06 00:00:00-05:00,214.5471963415396,216.15929697048819,213.94391117394758,215.59556579589844,3429800,0.0,0.0
2025-11-07 00:00:00-05:00,216.81205556683517,219.24502610365846,215.8032551755946,219.04722595214844,3735400,0.0,0.0
2025-11-10 00:00:00-05:00,218.6318360472636,222.1725145147398,218.315358830408,221.42086791992188,4095300,0.0,0.0
2025-11-11 00:00:00-05:00,222.03405699904286,222.42965730020669,220.98570261889296,222.3307647705078,2698000,0.0,0.0
2025-11-12 00:00:00-05:00,222.33076750096393,224.56593790323973,221.05492859535124,221.09449768066406,1945700,0.0,0.0
2025-11-13 00:00:00-05:00,219.9472339963809,221.16371926479255,218.523048759614,219.04722595214844,2682200,0.0,0.0
2025-11-14 00:00:00-05:00,219.2845889151916,221.76701319166915,217.99886533038318,220.5703125,2886400,0.0,0.0
2025-11-17 00:00:00-05:00,220.40219518248986,221.23296490089118,218.44393287187788,218.572509765625,2921100,0.0,0.0
2025-11-18 00:00:00-05:00,219.27470896936313,219.53184765545618,217.4746928931595,218.3944854736328,3863100,0.0,0.0
2025-11-19 00:00:00-05:00,218.87909271720346,219.55163133453294,217.55381511602224,218.74063110351562,3396500,0.0,0.0
2025-11-20 00:00:00-05:00,219.12634362736526,221.02525219916626,218.0285354586946,218.7801971435547,3955100,0.0,0.0
2025-11-21 00:00:00-05:00,219.8779976541095,224.94175366921363,219.2549128772945,223.7351531982422,3595600,0.0,0.0
2025-11-24 00:00:00-05:00,224.10109711521386,224.10109711521386,220.0560259234932,222.0340576171875,4483200,0.0,0.0
2025-11-25 00:00:00-05:00,223.26044185163192,226.92968217842727,222.78570338129686,226.6132049560547,2582500,0.0,0.0
2025-11-26 00:00:00-05:00,226.48461869632283,229.28353522739846,225.92087244531936,228.1263885498047,3233700,0.0,0.0
2025-11-28 00:00:00-05:00,228.39341552775787,229.9066236126621,227.93847670269855,229.28353881835938,1207600,0.0,0.0
2025-12-01 00:00:00-05:00,228.91761794977518,231.54838867214391,228.60112563031717,228.81871032714844,3463000,0.0,0.0
2025-12-02 00:00:00-05:00,229.04617179531635,231.24178813895625,226.85055545167643,229.6890411376953,5190100,0.0,0.0
2025-12-03 00:00:00-05:00,230.22309354088083,233.26926397380228,229.78792418029445,232.64617919921875,3576500,0.0,0.0
2025-12-04 00:00:00-05:00,233.13081620310498,235.10884789321028,231.74620005650493,234.68356323242188,3162200,0.0,0.0
2025-12-05 00:00:00-05:00,234.53434271773577,235.83754513644712,233.75839893895474,234.08668518066406,2494700,1.38,0.0
2025-12-08 00:00:00-05:00,233.5495036324839,236.126035336348,232.9128314126205,234.2160186767578,2461800,0.0,0.0
2025-12-09 00:00:00-05:00,232.94267535716642,233.54950475553727,230.29650026397783,230.35618591308594,3785200,0.0,0.0
2025-12-10 00:00:00-05:00,230.80383957710035,235.53910338617032,230.64468290864463,234.2359161376953,4938300,0.0,0.0
2025-12-11 00:00:00-05:00,232.58454025746423,234.97205723671323,231.52009561106942,234.89247131347656,2888600,0.0,0.0
2025-12-12 00:00:00-05:00,234.5840837961954,238.7423609758911,234.0070972411437,238.7025604248047,2928000,0.0,0.0
2025-12-15 00:00:00-05:00,238.7523060778421,239.91622174843604,236.9019750985603,239.21986389160156,3289100,0.0,0.0
2025-12-16 00:00:00-05:00,240.26441094807387,240.26441094807387,233.93747415922027,234.6537322998047,2755700,0.0,0.0
2025-12-17 00:00:00-05:00,234.06678807563267,236.7030205931438,233.3107445623249,235.50926208496094,2530100,0.0,0.0
2025-12-18 00:00:00-05:00,235.56894105684148,236.7726420791691,232.8630804192709,233.20130920410156,3053400,0.0,0.0
2025-12-19 00:00:00-05:00,233.20131325510334,234.2757004545195,230.83368136123465,233.01229858398438,4721900,0.0,0.0
2025-12-22 00:00:00-05:00,233.5196641102577,233.99716448704177,231.30124626794964,233.3903350830078,2095600,0.0,0.0
2025-12-23 00:00:00-05:00,233.45995219318624,234.00709592156906,232.03739367885342,232.93270874023438,1980700,0.0,0.0
2025-12-24 00:00:00-05:00,232.6044473567541,234.245863430707,232.6044473567541,233.8280487060547,921900,0.0,0.0
2025-12-26 00:00:00-05:00,233.4400686707165,233.71861181077753,231.5200943344429,232.22640991210938,902500,0.0,0.0
2025-12-29 00:00:00-05:00,232.22641547664762,233.44007426433606,231.87822895349686,233.3107452392578,1554100,0.0,0.0
2025-12-30 00:00:00-05:00,232.76360404682336,233.41023399984317,231.7091170969799,231.848388671875,1884300,0.0,0.0
2025-12-31 00:00:00-05:00,231.9279773948885,232.2761639260576,229.9682175948573,230.11744689941406,1768600,0.0,0.0
2026-01-02 00:00:00-05:00,230.14728991394458,231.51016285579772,228.44617298916225,230.70437622070312,2569900,0.0,0.0
2026-01-05 00:00:00-05:00,229.8189951678595,233.22121371225862,228.86397926337034,230.76405334472656,2560800,0.0,0.0
2026-01-06 00:00:00-05:00,230.28655538257158,233.06204429422138,229.9980545088544,232.4054718017578,2240400,0.0,0.0
2026-01-07 00:00:00-05:00,232.68401456754913,234.02700237453354,223.2931031847567,223.31298828125,4476700,0.0,0.0
2026-01-08 00:00:00-05:00,223.32293972667793,229.76924762404403,223.15382533446427,228.6550750732422,2198200,0.0,0.0
2026-01-09 00:00:00-05:00,229.41112788327231,230.2567150581523,225.68062301667783,227.25241088867188,2620800,0.0,0.0
2026-01-12 00:00:00-05:00,224.8350379973445,228.49591470151444,223.8302941415824,228.30690002441406,3279400,0.0,0.0
2026-01-13 00:00:00-05:00,229.0430500353251,229.56033576688668,226.62567505415336,228.0979766845703,2249700,0.0,0.0
2026-01-14 00:00:00-05:00,226.1481821568568,229.18232916856755,224.67588047785705,225.95916748046875,3015200,0.0,0.0
2026-01-15 00:00:00-05:00,226.5958421698678,229.56034583640175,225.8298409075632,229.3116455078125,2426800,0.0,0.0
2026-01-16 00:00:00-05:00,228.8341373063749,230.71431111907285,227.71996472980217,228.2969512939453,3863400,0.0,0.0
2026-01-20 00:00:00-05:00,223.46222440035154,226.81469997679073,218.83638917472578,220.53750610351562,6026700,0.0,0.0
2026-01-21 00:00:00-05:00,222.30824225958838,228.7346499990865,221.989898565273,228.1974639892578,3477800,0.0,0.0
2026-01-22 00:00:00-05:00,228.27705886708478,231.63949216773537,228.0979867371425,230.16717529296875,3785800,0.0,0.0
2026-01-23 00:00:00-05:00,230.71431895602544,232.4651638043218,228.1178869189166,228.45611572265625,3189000,0.0,0.0
2026-01-26 00:00:00-05:00,228.65508009663924,231.0724399189608,228.19746482924208,229.68966674804688,4165200,0.0,0.0
2026-01-27 00:00:00-05:00,233.7782939643895,235.6485251735326,227.97860085003532,231.34103393554688,5212400,0.0,0.0
2026-01-28 00:00:00-05:00,230.545189712289,233.11177875910045,226.44661341927628,226.5261993408203,4248100,0.0,0.0
2026-01-29 00:00:00-05:00,228.66503004590163,232.55470681655228,226.71521279659103,232.36569213867188,3539900,0.0,0.0
2026-01-30 00:00:00-05:00,231.26146007462486,234.146377780939,229.4509144173994,233.87779235839844,3841100,0.0,0.0
2026-02-02 00:00:00-05:00,233.6688665527452,234.5144536926299,229.53048968226867,234.00709533691406,5532400,0.0,0.0
2026-02-03 00:00:00-05:00,233.5892927326468,240.98067434535326,232.78350610177787,240.2345733642578,4636700,0.0,0.0
2026-02-04 00:00:00-05:00,241.27909662889334,250.3516946567402,241.27909662889334,248.46156311035156,5382000,0.0,0.0
2026-02-05 00:00:00-05:00,249.36683271244513,250.81924924667507,247.21805832459648,250.1427764892578,4418600,0.0,0.0
2026-02-06 00:00:00-05:00,250.5805009553041,251.973216715221,248.54115523727603,251.30670166015625,4345000,0.0,0.0
2026-02-09 00:00:00-05:00,250.4014441104286,253.6146480875184,247.7751692624442,253.01776123046875,3412100,0.0,0.0
2026-02-10 00:00:00-05:00,253.5151633686096,260.1902716890502,252.7690623826625,259.96148681640625,4828100,0.0,0.0
2026-02-11 00:00:00-05:00,260.9264398423926,262.54797080865944,259.4541229984054,261.4437255859375,4634600,0.0,0.0
2026-02-12 00:00:00-05:00,263.0652514127341,263.99040931171953,258.3001448081907,260.40911865234375,5965900,0.0,0.0
2026-02-13 00:00:00-05:00,259.4939281648595,261.6725454656604,256.817910208331,259.3247985839844,3976700,0.0,0.0
2026-02-17 00:00:00-05:00,259.6331888804985,262.7867224481942,259.1357882164973,261.43377685546875,3257800,0.0,0.0
2026-02-18 00:00:00-05:00,259.7923538870793,263.6919883479698,259.2153824899767,263.6223449707031,3266200,0.0,0.0
2026-02-19 00:00:00-05:00,263.87105107681896,264.2590381652961,260.7473603485256,261.6029052734375,3243200,0.0,0.0
2026-02-20 00:00:00-05:00,261.3243379271018,265.7810583733604,260.17036485551006,264.71661376953125,3374900,0.0,0.0
2026-02-23 00:00:00-05:00,264.7763109329492,266.41772696451653,261.2348208235209,262.3887939453125,2758900,0.0,0.0
2026-02-24 00:00:00-05:00,262.4186373507455,265.86064126854063,262.4186373507455,265.2737121582031,2385400,0.0,0.0
2026-02-25 00:00:00-05:00,265.46274074820786,266.4873849028473,260.160432662984,262.8762512207031,3540000,0.0,0.0
2026-02-26 00:00:00-05:00,263.5726066928745,265.2140227045254,262.45840377716627,264.07000732421875,3821900,0.0,0.0
2026-02-27 00:00:00-05:00,262.7900085449219,266.3800048828125,261.5400085449219,264.9800109863281,3819800,1.38,0.0
2026-03-02 00:00:00-05:00,264.9800109863281,268.1400146484375,262.3299865722656,266.9700012207031,2687500,0.0,0.0
2026-03-03 00:00:00-05:00,263.54998779296875,265.9200134277344,258.5799865722656,265.8399963378906,3146100,0.0,0.0
2026-03-04 00:00:00-05:00,266.2200012207031,266.9800109863281,262.2699890136719,266.70001220703125,2327600,0.0,0.0
2026-03-05 00:00:00-05:00,265.0899963378906,266.8900146484375,259.3299865722656,260.20001220703125,3137600,0.0,0.0
2026-03-06 00:00:00-05:00,259.8999938964844,259.8999938964844,252.0,254.11000061035156,4099100,0.0,0.0
2026-03-09 00:00:00-04:00,251.25,254.6822052001953,247.64500427246094,253.61000061035156,2392322,0.0,0.0
