Date,Open,High,Low,Close,Volume,Dividends,Stock Splits
2022-01-03 00:00:00-05:00,8.31215511374208,8.31215511374208,8.141161918640137,8.141161918640137,20400,0.0,0.0
2022-01-04 00:00:00-05:00,8.14353884570546,8.264658444182041,8.086540801393836,8.21716022491455,20400,0.0,0.0
2022-01-05 00:00:00-05:00,8.086538200930326,8.198158844421059,8.086538200930326,8.138786315917969,13200,0.0,0.0
2022-01-06 00:00:00-05:00,8.086539713315876,8.086539713315876,7.632933546954662,7.801551342010498,78400,0.0,0.0
2022-01-07 00:00:00-05:00,7.694681982424624,7.758803532019577,7.659058094024658,7.659058094024658,37200,0.0,0.0
2022-01-10 00:00:00-05:00,7.659057745215428,8.0461669639893,7.575936097695302,7.647183418273926,54800,0.0,0.0
2022-01-11 00:00:00-05:00,7.723182170251818,8.069917678833008,7.723182170251818,8.069917678833008,7600,0.0,0.0
2022-01-12 00:00:00-05:00,7.879923683452509,8.029542739859426,7.879923683452509,7.884673595428467,28400,0.0,0.0
2022-01-13 00:00:00-05:00,7.887048538510621,8.058041755373656,7.768303450345319,7.972545146942139,31200,0.0,0.0
2022-01-14 00:00:00-05:00,7.7873028968218785,7.913172397099209,7.545062814549074,7.765928745269775,28400,0.0,0.0
2022-01-18 00:00:00-05:00,7.718431389788075,7.818176837506261,7.599686291483644,7.602060794830322,19600,0.0,0.0
2022-01-19 00:00:00-05:00,7.554561973958385,7.59968523185596,7.279073420541729,7.328946590423584,54000,0.0,0.0
2022-01-20 00:00:00-05:00,7.326572978973687,7.594936713662921,7.129456125217418,7.205452919006348,101600,0.0,0.0
2022-01-21 00:00:00-05:00,7.172203034689401,7.3004474859260196,6.875340333799551,6.887214660644531,63200,0.0,0.0
2022-01-24 00:00:00-05:00,6.868216423145841,7.005960717437412,6.709097975173115,6.934713840484619,45200,0.0,0.0
2022-01-25 00:00:00-05:00,6.839716553965715,6.915713787078857,6.839716553965715,6.915713787078857,4000,0.0,0.0
2022-01-26 00:00:00-05:00,6.846841430824683,7.048708161433941,6.846841430824683,6.92283821105957,24400,0.0,0.0
2022-01-27 00:00:00-05:00,6.896715456544891,6.937088354698712,6.528605383773051,6.649725437164307,37600,0.0,0.0
2022-01-28 00:00:00-05:00,6.649725179046662,7.003585500288741,6.649725179046662,6.958462238311768,93600,0.0,0.0
2022-01-31 00:00:00-05:00,6.96321097795224,7.616308876611119,6.96321097795224,7.578310489654541,49600,0.0,0.0
2022-02-01 00:00:00-05:00,7.473815989562802,7.67805814743042,7.473815989562802,7.67805814743042,2800,0.0,0.0
2022-02-02 00:00:00-05:00,7.913171967188882,7.99154415393979,7.167453018367406,7.27194881439209,132800,0.0,0.0
2022-02-03 00:00:00-05:00,7.2671999394755895,7.469066692539805,7.124705734196344,7.157954216003418,70400,0.0,0.0
2022-02-04 00:00:00-05:00,7.172202721382092,7.176952180126691,6.792218390246843,6.984585285186768,42000,0.0,0.0
2022-02-07 00:00:00-05:00,7.053458561689435,7.241075569259262,7.029709452977963,7.065332889556885,18800,0.0,0.0
2022-02-08 00:00:00-05:00,7.250575789347865,7.267200030459534,7.112831494881267,7.13183069229126,7200,0.0,0.0
2022-02-09 00:00:00-05:00,7.214951734551447,7.269574822223398,7.131830530874408,7.136579990386963,3600,0.0,0.0
2022-02-10 00:00:00-05:00,7.131830018524814,7.359820365905762,7.131830018524814,7.359820365905762,17200,0.0,0.0
2022-02-11 00:00:00-05:00,7.350320686659188,7.3859441203230185,7.184077392259269,7.2671990394592285,9200,0.0,0.0
2022-02-14 00:00:00-05:00,7.2648249646406615,7.457191892138895,7.096206693814449,7.24582576751709,23200,0.0,0.0
2022-02-15 00:00:00-05:00,7.243450197429009,7.469066040506763,7.219701089792948,7.250575065612793,21600,0.0,0.0
2022-02-16 00:00:00-05:00,7.345571284193358,7.385944632606372,7.245825391230416,7.369320392608643,11200,0.0,0.0
2022-02-17 00:00:00-05:00,7.2648252727618665,7.2648252727618665,7.210202635336977,7.243451118469238,7200,0.0,0.0
2022-02-18 00:00:00-05:00,7.264823590958792,7.3360704534562,7.12470436880092,7.219700336456299,26400,0.0,0.0
2022-02-22 00:00:00-05:00,7.077207582878072,7.1603292411721835,6.960837442456952,7.029709815979004,13600,0.0,0.0
2022-02-23 00:00:00-05:00,7.077206992432047,7.143704404114827,7.00596012153922,7.096206188201904,41200,0.0,0.0
2022-02-24 00:00:00-05:00,7.017835270194078,7.124706042014946,6.979836874208127,7.005960941314697,28400,0.0,0.0
2022-02-25 00:00:00-05:00,7.00595982997937,7.051083087921143,7.00595982997937,7.051083087921143,4000,0.0,0.0
2022-02-28 00:00:00-05:00,6.958461317837119,7.148453712463379,6.958461317837119,7.148453712463379,17600,0.0,0.0
2022-03-01 00:00:00-05:00,7.245825251244021,7.255324622640671,7.096206188201904,7.096206188201904,11600,0.0,0.0
2022-03-02 00:00:00-05:00,7.100956829774135,7.3645710945129395,7.100956829774135,7.3645710945129395,7200,0.0,0.0
2022-03-03 00:00:00-05:00,7.4666913137117055,7.929796888440163,7.438192293078054,7.891798496246338,66800,0.0,0.0
2022-03-04 00:00:00-05:00,7.718431876622668,7.887049709421642,7.124706347651693,7.649559497833252,95200,0.0,0.0
2022-03-07 00:00:00-05:00,7.478565119384408,7.7398043872142575,7.402568340301514,7.402568340301514,88800,0.0,0.0
2022-03-08 00:00:00-05:00,7.447691255623956,7.682805997000872,7.2790730134251245,7.397818088531494,50400,0.0,0.0
2022-03-09 00:00:00-05:00,7.45481627834254,7.7540543993542554,7.419192843499996,7.480940341949463,169600,0.0,0.0
2022-03-10 00:00:00-05:00,7.480940119850337,7.777802823019001,7.393068560402736,7.606809616088867,18000,0.0,0.0
2022-03-11 00:00:00-05:00,7.473105552545859,7.795428550834391,7.473105552545859,7.566221237182617,22400,0.0425,0.0
2022-03-14 00:00:00-04:00,7.563833645301161,7.972108534315455,7.563833645301161,7.575771331787109,93600,0.0,0.0
2022-03-15 00:00:00-04:00,7.65694751921708,8.215639709233443,7.645009834844876,8.0317964553833,142000,0.0,0.0
2022-03-16 00:00:00-04:00,8.112975727226182,8.349345936040661,7.742901967458741,8.141626358032227,49200,0.0,0.0
2022-03-17 00:00:00-04:00,8.165502520790664,8.654954964194589,7.938682829226762,8.547513961791992,80000,0.0,0.0
2022-03-18 00:00:00-04:00,8.55467709031117,8.654954749541849,8.105812975176612,8.21325397491455,98800,0.0,0.0
2022-03-21 00:00:00-04:00,8.144013470848977,8.399483766144376,7.993596083174624,8.184601783752441,202000,0.0,0.0
2022-03-22 00:00:00-04:00,8.296819314754956,8.466336843316427,8.220417022705078,8.220417022705078,89200,0.0,0.0
2022-03-23 00:00:00-04:00,8.210866948659486,8.475887811883778,7.893320076077135,8.041349411010742,148000,0.0,0.0
2022-03-24 00:00:00-04:00,8.04612448054658,8.232354959205763,7.735740045852212,7.759615421295166,101200,0.0,0.0
2022-03-25 00:00:00-04:00,8.00314719632244,8.101037682136823,7.668886512143665,7.852729797363281,60800,0.0,0.0
2022-03-28 00:00:00-04:00,7.676050106743047,7.862280571095026,7.520857445924984,7.709475994110107,116400,0.0,0.0
2022-03-29 00:00:00-04:00,7.833628435504143,7.995983495053541,7.804976899734052,7.933906078338623,27600,0.0,0.0
2022-03-30 00:00:00-04:00,7.890930626766166,8.35650766451816,7.778715286034977,8.284880638122559,92800,0.0,0.0
2022-03-31 00:00:00-04:00,8.356509275897572,8.356509275897572,7.857506256991056,8.249068260192871,131200,0.0,0.0
2022-04-01 00:00:00-04:00,8.25622889613963,8.356506537410834,8.012696310612084,8.139237403869629,92400,0.0,0.0
2022-04-04 00:00:00-04:00,8.117752621020513,8.452013387377459,8.117752621020513,8.337409019470215,54400,0.0,0.0
2022-04-05 00:00:00-04:00,8.631080488247239,8.631080488247239,8.010310693580607,8.041349411010742,65600,0.0,0.0
2022-04-06 00:00:00-04:00,8.034184873477553,8.444846879870791,7.998370908081801,8.02463436126709,104800,0.0,0.0
2022-04-07 00:00:00-04:00,8.022247095590112,8.222803318519219,7.926744696111103,8.048510551452637,128800,0.0,0.0
2022-04-08 00:00:00-04:00,7.933909842242918,8.263395373613719,7.933909842242918,7.9983744621276855,58800,0.0,0.0
2022-04-11 00:00:00-04:00,8.117751369123548,8.213254690722223,7.900482177734375,7.900482177734375,158000,0.0,0.0
2022-04-12 00:00:00-04:00,8.069998165290276,8.167888641357422,7.986433457959908,8.167888641357422,114400,0.0,0.0
2022-04-13 00:00:00-04:00,8.327857668153438,8.327857668153438,8.27055549621582,8.27055549621582,5200,0.0,0.0
2022-04-14 00:00:00-04:00,8.117752614445068,8.244293760806537,7.974498520858022,8.232356071472168,34000,0.0,0.0
2022-04-18 00:00:00-04:00,8.354122102565125,8.404260939631575,8.249068260192871,8.249068260192871,27200,0.0,0.0
2022-04-19 00:00:00-04:00,8.194152039662224,8.327856481269729,7.924355983734131,7.924355983734131,94000,0.0,0.0
2022-04-20 00:00:00-04:00,8.058063823785355,8.177442547100693,7.97449908177957,7.9983744621276855,71600,0.0,0.0
2022-04-21 00:00:00-04:00,8.027023392396014,8.110589027404785,7.974497384651241,8.110589027404785,18800,0.0,0.0
2022-04-22 00:00:00-04:00,8.000760413399137,8.09148848427678,7.716639423203368,7.867056846618652,53200,0.0,0.0
2022-04-25 00:00:00-04:00,7.831243009800343,8.182216700404032,7.781104171367604,8.096263885498047,37200,0.0,0.0
2022-04-26 00:00:00-04:00,8.105814504058722,8.213255524061701,7.702313885690566,7.723802089691162,112800,0.0,0.0
2022-04-27 00:00:00-04:00,7.7476779867027,7.843180402381927,7.738127471898611,7.785879135131836,72000,0.0,0.0
2022-04-28 00:00:00-04:00,7.824078856901878,8.35889483739029,7.816916427498435,8.284880638122559,137600,0.0,0.0
2022-04-29 00:00:00-04:00,8.296819338833329,8.373221631104935,7.962558627054673,8.177440643310547,241200,0.0,0.0
2022-05-02 00:00:00-04:00,8.10581117986311,8.292041597636945,8.10581117986311,8.189375877380371,22800,0.0,0.0
2022-05-03 00:00:00-04:00,8.105813214241142,8.19415318961459,8.022247584963882,8.144014358520508,23600,0.0,0.0
2022-05-04 00:00:00-04:00,8.258617411017505,8.358895068587499,8.046123498825498,8.237129211425781,40400,0.0,0.0
2022-05-05 00:00:00-04:00,8.117751295549155,8.177440643310547,7.871831474224119,8.177440643310547,37200,0.0,0.0
2022-05-06 00:00:00-04:00,8.554676664625761,8.554676664625761,8.244291367319528,8.392321586608887,88800,0.0,0.0
2022-05-09 00:00:00-04:00,8.363668328856482,8.363668328856482,8.110586161616576,8.132074356079102,18400,0.0,0.0
2022-05-10 00:00:00-04:00,8.175053470146445,8.19176641465666,8.117751295549155,8.177440643310547,17200,0.0,0.0
2022-05-11 00:00:00-04:00,8.070001726812539,8.571392924434004,8.070001726812539,8.425750732421875,94000,0.0,0.0
2022-05-12 00:00:00-04:00,8.27294468903659,8.3565094189108,8.27294468903659,8.351734161376953,74800,0.0,0.0
2022-05-13 00:00:00-04:00,8.48848924387444,8.48848924387444,8.298949558412184,8.445302963256836,16400,0.0425,0.0
2022-05-16 00:00:00-04:00,8.428508071307117,8.490887743522894,8.246165801319455,8.454899787902832,36000,0.0,0.0
2022-05-17 00:00:00-04:00,8.51728084077169,8.630045133510677,8.46929597693158,8.543672561645508,60800,0.0,0.0
2022-05-18 00:00:00-04:00,8.543671796797618,8.62764461457402,8.543671796797618,8.598854064941406,20400,0.0,0.0
2022-05-19 00:00:00-04:00,8.5988536786424,8.622845649719238,8.452500275462604,8.622845649719238,12400,0.0,0.0
2022-05-20 00:00:00-04:00,8.637243347167969,9.46497935098528,8.625247358899506,8.9971284866333,144000,0.0,0.0
2022-05-23 00:00:00-04:00,9.179469711368348,9.309028578740401,9.040314602707243,9.076303482055664,33600,0.0,0.0
2022-05-24 00:00:00-04:00,9.052308560189083,9.052308560189083,8.697222085558616,8.985130310058594,29200,0.0,0.0
2022-05-25 00:00:00-04:00,8.987528633493207,8.987528633493207,8.769198417663574,8.769198417663574,15200,0.0,0.0
2022-05-26 00:00:00-04:00,8.84837441346037,8.985130665339204,8.81478528706698,8.826781272888184,25200,0.0,0.0
2022-05-27 00:00:00-04:00,8.805188338830467,9.404996796308904,8.805188338830467,9.292232513427734,85600,0.0,0.0
2022-05-31 00:00:00-04:00,9.29703031730794,9.352212580976019,9.006723267701304,9.071502685546875,46800,0.0,0.0
2022-06-01 00:00:00-04:00,9.208258912988112,9.237049460234735,9.174669788661221,9.220254898071289,11600,0.0,0.0
2022-06-02 00:00:00-04:00,9.021117702244693,9.333018793178413,8.997125733050542,9.251444816589355,48000,0.0,0.0
2022-06-03 00:00:00-04:00,9.14348241734158,9.24904840113942,9.057109832763672,9.057109832763672,21600,0.0,0.0
2022-06-06 00:00:00-04:00,9.057109750515568,9.114691778123031,8.915554886017306,9.08590030670166,24800,0.0,0.0
2022-06-07 00:00:00-04:00,8.94674281035617,9.117088185749287,8.817183969112797,8.88436222076416,26400,0.0,0.0
2022-06-08 00:00:00-04:00,8.805189225164948,8.805189225164948,8.224574103958593,8.358931541442871,76800,0.0,0.0
2022-06-09 00:00:00-04:00,8.337339779929398,8.356534094994705,8.147800037218412,8.19338607788086,78400,0.0,0.0
2022-06-10 00:00:00-04:00,8.12860527775406,8.12860527775406,7.682347594717612,7.828701019287109,117600,0.0,0.0
2022-06-13 00:00:00-04:00,7.509602532194609,8.205380785643337,7.5072037008037595,7.8526930809021,50800,0.0,0.0
2022-06-14 00:00:00-04:00,7.845494535702443,8.056627361703324,7.845494535702443,7.871886253356934,36400,0.0,0.0
2022-06-15 00:00:00-04:00,7.9822500309094595,8.25096392888506,7.845493793487549,7.845493793487549,13200,0.0,0.0
2022-06-16 00:00:00-04:00,7.886281283596449,8.241367777936059,7.850293325558318,7.987049579620361,34400,0.0,0.0
2022-06-17 00:00:00-04:00,7.862289032362195,8.157394670923274,7.790312203606938,7.975053310394287,108800,0.0,0.0
2022-06-21 00:00:00-04:00,7.895877199575571,8.558065225066386,7.761519797703774,8.205378532409668,64400,0.0,0.0
2022-06-22 00:00:00-04:00,8.116607819276153,8.418910854313038,7.970254421234131,7.970254421234131,19200,0.0,0.0
2022-06-23 00:00:00-04:00,8.066223364854219,8.380523305988653,7.9726533978998875,8.114208221435547,17600,0.0,0.0
2022-06-24 00:00:00-04:00,9.00672382289509,9.00672382289509,8.169390831611405,8.253364562988281,17600,0.0,0.0
2022-06-27 00:00:00-04:00,8.111809078391394,8.44530240018747,7.821501119098606,8.10940933227539,82000,0.0,0.0
2022-06-28 00:00:00-04:00,8.102213421167507,8.147798538208008,7.943864011952692,8.147798538208008,34000,0.0,0.0
2022-06-29 00:00:00-04:00,8.107012760835214,8.107012760835214,7.799910154080203,7.905477046966553,26800,0.0,0.0
2022-06-30 00:00:00-04:00,7.907874143685684,8.03263440730448,7.780715049043561,7.975053310394287,28800,0.0,0.0
2022-07-01 00:00:00-04:00,7.869487029124889,7.876685353203208,7.76152132030112,7.775917053222656,9200,0.0,0.0
2022-07-05 00:00:00-04:00,7.727933450925079,8.011043171187866,7.7111388840650195,7.915074348449707,79600,0.0,0.0
2022-07-06 00:00:00-04:00,7.910275400332354,8.104612783554835,7.739929077629103,7.797511100769043,159200,0.0,0.0
2022-07-07 00:00:00-04:00,7.905477046966553,8.003845614733683,7.691945344879506,7.905477046966553,38400,0.0,0.0
2022-07-08 00:00:00-04:00,7.768720733248954,7.946263554656925,7.691945310710064,7.778316974639893,33600,0.0,0.0
2022-07-11 00:00:00-04:00,7.7255337300354485,7.946262820636534,7.615168727117333,7.617568016052246,54000,0.0,0.0
2022-07-12 00:00:00-04:00,7.845495209854492,7.845495209854492,7.538393099108697,7.569582939147949,42400,0.0,0.0
2022-07-13 00:00:00-04:00,7.569582987601874,7.648757690257999,7.452020578058994,7.547989845275879,15600,0.0,0.0
2022-07-14 00:00:00-04:00,7.389640310134035,7.547989712664225,7.2840743468589455,7.329659461975098,28000,0.0,0.0
2022-07-15 00:00:00-04:00,7.168911427996762,7.545591573375368,7.168911427996762,7.31766414642334,32800,0.0,0.0
2022-07-18 00:00:00-04:00,7.370446347696607,7.672749872847465,7.320062655646905,7.5215983390808105,35200,0.0,0.0
2022-07-19 00:00:00-04:00,7.521597670024349,7.672749190345868,7.377643557859683,7.4664154052734375,62400,0.0,0.0
2022-07-20 00:00:00-04:00,7.454419596949669,7.711137549063346,7.264880358263445,7.5287957191467285,48400,0.0,0.0
2022-07-21 00:00:00-04:00,7.5623855785715834,7.682347276997081,7.492807573828365,7.547989845275879,110000,0.0,0.0
2022-07-22 00:00:00-04:00,7.092134926984623,7.583978126554833,7.092134926984623,7.464016437530518,65200,0.0,0.0
2022-07-25 00:00:00-04:00,7.454419578204742,7.677548401852385,7.4136325840152,7.543191432952881,18800,0.0,0.0
2022-07-26 00:00:00-04:00,7.365648199595851,7.543191451921033,7.202500222427428,7.5287957191467285,10800,0.0,0.0
2022-07-27 00:00:00-04:00,7.420830174553384,7.4568185898258745,7.394438456465377,7.449620723724365,48000,0.0,0.0
2022-07-28 00:00:00-04:00,7.4568191558242285,7.59837399657572,7.437625302380852,7.547989845275879,9200,0.0,0.0
2022-07-29 00:00:00-04:00,7.677547878689236,7.677547878689236,7.54559020757127,7.557586193084717,24400,0.0,0.0
2022-08-01 00:00:00-04:00,7.593575391425944,8.236570623504164,7.593575391425944,7.703940391540527,22400,0.0,0.0
2022-08-02 00:00:00-04:00,7.929468246392858,7.936666570806711,7.547990000923863,7.550389289855957,37200,0.0,0.0
2022-08-03 00:00:00-04:00,7.749524502130899,8.087816409982825,7.636760685386091,7.725532531738281,13600,0.0,0.0
2022-08-04 00:00:00-04:00,7.545591605097269,8.080620712158458,7.377645031098397,7.437625885009766,81600,0.0,0.0
2022-08-05 00:00:00-04:00,7.092135210770785,7.557586710942709,7.092135210770785,7.401636600494385,87600,0.0,0.0
2022-08-08 00:00:00-04:00,7.615168659098196,7.864688757071931,7.44242397588561,7.5791802406311035,61600,0.0,0.0
2022-08-09 00:00:00-04:00,7.454420419547517,7.454420419547517,7.300869580617577,7.31766414642334,27600,0.0,0.0
2022-08-10 00:00:00-04:00,7.7495255125487175,7.7495255125487175,7.329659569288887,7.353652000427246,31600,0.0,0.0
2022-08-11 00:00:00-04:00,7.425629173796892,7.7231336676797655,7.416032018449674,7.61276912689209,66400,0.0,0.0
2022-08-12 00:00:00-04:00,7.574174642366571,7.574174642366571,7.398087250999768,7.535580158233643,54400,0.0425,0.0
2022-08-15 00:00:00-04:00,7.550052825455765,7.550052825455765,7.275067016426035,7.366729259490967,28000,0.0,0.0
2022-08-16 00:00:00-04:00,7.332958923885669,7.332958923885669,7.178580986566774,7.238884925842285,47600,0.0,0.0
2022-08-17 00:00:00-04:00,7.236472500185552,7.352255949768713,7.103804021715162,7.234060287475586,27600,0.0,0.0
2022-08-18 00:00:00-04:00,7.229235514288282,7.366728871646921,7.156870976800585,7.193053245544434,82400,0.0,0.0
2022-08-19 00:00:00-04:00,7.197877556823897,7.328133814256913,7.103803567562136,7.113451957702637,87600,0.0,0.0
2022-08-22 00:00:00-04:00,7.135161886855547,7.323310338019468,7.002493408011874,7.036263465881348,82800,0.0,0.0
2022-08-23 00:00:00-04:00,6.963897848749948,7.284714729189641,6.963897848749948,7.098978519439697,96000,0.0,0.0
2022-08-24 00:00:00-04:00,7.065210121656228,7.294364827026139,7.065210121656228,7.214763641357422,29600,0.0,0.0
2022-08-25 00:00:00-04:00,7.125512545852308,7.390849468155796,7.125512545852308,7.212349891662598,70400,0.0,0.0
2022-08-26 00:00:00-04:00,7.2581819250687865,7.470451581777397,7.0362634175594305,7.123101234436035,78800,0.0,0.0
2022-08-29 00:00:00-04:00,7.14722280109263,7.156871652379139,6.995257073990538,7.065209865570068,27600,0.0,0.0
2022-08-30 00:00:00-04:00,7.096567413963198,7.096567413963198,6.9373650550842285,6.9373650550842285,36800,0.0,0.0
2022-08-31 00:00:00-04:00,7.219587709943055,7.219587709943055,6.995256981408807,7.041088104248047,18800,0.0,0.0
2022-09-01 00:00:00-04:00,7.041087290106542,7.0820939826248885,6.725094352431207,6.879472732543945,22400,0.0,0.0
2022-09-02 00:00:00-04:00,6.918068299191433,6.995257271330839,6.893946630377227,6.992845058441162,18400,0.0,0.0
2022-09-06 00:00:00-04:00,7.02179057935411,7.183405149098035,6.766101554928927,6.968722820281982,80400,0.0,0.0
2022-09-07 00:00:00-04:00,6.898769750203836,6.995255947113037,6.893945325337756,6.995255947113037,15200,0.0,0.0
2022-09-08 00:00:00-04:00,6.809520737620268,6.973547526666251,6.809520737620268,6.9638991355896,7200,0.0,0.0
2022-09-09 00:00:00-04:00,6.99525655802413,7.084506585511091,6.877060898977763,7.031438827514648,36400,0.0,0.0
2022-09-12 00:00:00-04:00,7.127924410352879,7.16651888911656,6.937364228967516,6.995255947113037,25600,0.0,0.0
2022-09-13 00:00:00-04:00,7.20993779274632,7.20993779274632,6.840878032058314,6.995255947113037,19200,0.0,0.0
2022-09-14 00:00:00-04:00,7.03143775908869,7.115863348459788,6.930127143859863,6.930127143859863,20800,0.0,0.0
2022-09-15 00:00:00-04:00,6.997669019406725,6.997669019406725,6.930128443229784,6.971135139465332,18000,0.0,0.0
2022-09-16 00:00:00-04:00,6.754040855850867,6.908418785329623,6.667203040477807,6.867412090301514,46400,0.0,0.0
2022-09-19 00:00:00-04:00,6.850527018364612,6.903594776348545,6.558656189783052,6.778162479400635,69600,0.0,0.0
2022-09-20 00:00:00-04:00,6.729920349607932,6.729920349607932,6.348799425438955,6.375333309173584,224000,0.0,0.0
2022-09-21 00:00:00-04:00,6.503176284354473,6.503176284354473,6.315028297128824,6.317440509796143,85200,0.0,0.0
2022-09-22 00:00:00-04:00,6.37291974194124,6.392216982352589,6.20889296840352,6.223365783691406,72000,0.0,0.0
2022-09-23 00:00:00-04:00,6.143764762552261,6.53935889096465,5.945967928387324,6.512825012207031,236800,0.0,0.0
2022-09-26 00:00:00-04:00,6.510412737699374,6.529709978408069,6.225778092184249,6.423574924468994,38800,0.0,0.0
2022-09-27 00:00:00-04:00,6.35120987551927,6.452520496104395,6.218541413837963,6.411513805389404,25600,0.0,0.0
2022-09-28 00:00:00-04:00,6.440460234316058,6.848114490509033,6.440460234316058,6.848114490509033,46000,0.0,0.0
2022-09-29 00:00:00-04:00,6.693736319108443,6.744391400143186,6.573128457502886,6.633432388305664,72400,0.0,0.0
2022-09-30 00:00:00-04:00,6.527298477542192,6.7082103014436685,6.41151502066506,6.483879566192627,93600,0.0,0.0
2022-10-03 00:00:00-04:00,6.329500164242752,6.517648583347019,6.274020661458497,6.416337966918945,127200,0.0,0.0
2022-10-04 00:00:00-04:00,6.459758287972124,6.98560826396381,6.4452850109568764,6.746804714202881,91600,0.0,0.0
2022-10-05 00:00:00-04:00,6.749216558998923,6.9735472795942375,6.667203167381657,6.8264055252075195,50000,0.0,0.0
2022-10-06 00:00:00-04:00,6.874648621602124,6.992844279535557,6.754040751047701,6.864999771118164,30800,0.0,0.0
2022-10-07 00:00:00-04:00,6.920479797563949,6.920479797563949,6.75404080602104,6.877060890197754,33600,0.0,0.0
2022-10-10 00:00:00-04:00,6.879473473392673,6.997669138654601,6.659967172180155,6.8746490478515625,56400,0.0,0.0
2022-10-11 00:00:00-04:00,6.7661014668432,6.951837701012547,6.754040863619744,6.7685136795043945,26000,0.0,0.0
2022-10-12 00:00:00-04:00,6.6575546386154825,6.8891215324401855,6.6575546386154825,6.8891215324401855,16800,0.0,0.0
2022-10-13 00:00:00-04:00,6.782986407717734,7.1158639066786105,6.782986407717734,7.019377708435059,12800,0.0,0.0
2022-10-14 00:00:00-04:00,6.947013553204501,7.016966342926025,6.947013553204501,7.016966342926025,5200,0.0,0.0
2022-10-17 00:00:00-04:00,7.038674850742797,7.045911027959439,6.901181962636875,6.995255947113037,22400,0.0,0.0
2022-10-18 00:00:00-04:00,7.000081986623752,7.043500900268555,6.922893011291919,7.043500900268555,7600,0.0,0.0
2022-10-19 00:00:00-04:00,7.11104009167941,7.294364114107609,7.04591172974784,7.154458999633789,56000,0.0,0.0
2022-10-20 00:00:00-04:00,7.164108064625361,7.238884819404393,7.094155275254707,7.2364726066589355,15600,0.0,0.0
2022-10-21 00:00:00-04:00,6.922892169440571,7.234060245918066,6.922892169440571,7.144810676574707,7600,0.0,0.0
2022-10-24 00:00:00-04:00,7.115865185125648,7.424621535059129,7.115865185125648,7.258182525634766,24000,0.0,0.0
2022-10-25 00:00:00-04:00,7.337783017104371,7.337783017104371,7.3305463790893555,7.3305463790893555,3200,0.0,0.0
2022-10-26 00:00:00-04:00,7.243709469745707,7.29677677154541,7.243709469745707,7.29677677154541,6400,0.0,0.0
2022-10-27 00:00:00-04:00,7.236472754340193,7.427033424377441,7.19546605699563,7.427033424377441,9600,0.0,0.0
2022-10-28 00:00:00-04:00,7.412559205147993,7.622417090778039,7.412559205147993,7.504221439361572,12800,0.0,0.0
2022-10-31 00:00:00-04:00,7.012142284674478,7.480101002251573,7.012142284674478,7.477688789367676,5200,0.0,0.0
2022-11-01 00:00:00-04:00,7.68272261922537,7.897404974443093,7.5404052734375,7.5404052734375,9200,0.0,0.0
2022-11-02 00:00:00-04:00,8.09278692384693,8.23992865485295,7.646538226351708,7.952882289886475,80400,0.0,0.0
2022-11-03 00:00:00-04:00,7.779208113261941,7.79850581537718,7.40291166358308,7.480100631713867,40400,0.0,0.0
2022-11-04 00:00:00-04:00,7.364316528481802,7.682721223914287,7.364316528481802,7.509045600891113,182000,0.0,0.0
2022-11-07 00:00:00-05:00,7.559701245256167,7.598295726425059,7.340194961077155,7.434268951416016,48000,0.0,0.0
2022-11-08 00:00:00-05:00,7.484924899713121,7.487337112426758,7.484924899713121,7.487337112426758,2800,0.0,0.0
2022-11-09 00:00:00-05:00,7.559701591893569,8.150680359524637,7.427033114302527,7.926349639892578,34000,0.0,0.0
2022-11-10 00:00:00-05:00,7.926347337322134,8.122748453814284,7.666904863477297,8.06213092803955,24800,0.0425,0.0
2022-11-11 00:00:00-05:00,7.856032070240561,8.122748825886656,7.856032070240561,8.096076965332031,32000,0.0,0.0
2022-11-14 00:00:00-05:00,7.916650046527191,8.122749285278072,7.8802791573593245,8.01363754272461,29200,0.0,0.0
2022-11-15 00:00:00-05:00,8.086379051208496,8.086379051208496,8.086379051208496,8.086379051208496,4800,0.0,0.0
2022-11-16 00:00:00-05:00,7.763893041321818,8.05000784541735,7.763893041321818,8.047582626342773,9200,0.0,0.0
2022-11-17 00:00:00-05:00,7.977267265319824,7.977267265319824,7.977267265319824,7.977267265319824,2800,0.0,0.0
2022-11-18 00:00:00-05:00,8.001516142887855,8.122751235961914,7.856034401179127,8.122751235961914,11600,0.0,0.0
2022-11-21 00:00:00-05:00,8.36764214730013,8.36764214730013,7.904524326324463,7.904524326324463,4800,0.0,0.0
2022-11-22 00:00:00-05:00,8.076679893765979,8.076679893765979,7.785715569690379,8.037884712219238,8800,0.0,0.0
2022-11-23 00:00:00-05:00,7.98939066588202,8.001513986932807,7.805112856089689,7.972417831420898,10800,0.0,0.0
2022-11-25 00:00:00-05:00,7.904526953193647,8.00151538848877,7.904526953193647,8.00151538848877,9600,0.0,0.0
2022-11-28 00:00:00-05:00,8.091229438781738,8.091229438781738,8.091229438781738,8.091229438781738,4400,0.0,0.0
2022-11-29 00:00:00-05:00,7.953021743466779,8.023338317871094,7.834211872873606,8.023338317871094,4800,0.0,0.0
2022-11-30 00:00:00-05:00,7.897251864389633,7.994240283966065,7.7614682619726505,7.9942402839660645,16000,0.0,0.0
2022-12-01 00:00:00-05:00,7.989389410242493,7.989389410242493,7.759042646679212,7.904524326324463,12400,0.0,0.0
2022-12-02 00:00:00-05:00,7.766318973072694,7.868156921827156,7.625686760445427,7.756620407104492,13600,0.0,0.0
2022-12-05 00:00:00-05:00,7.797841149525423,8.122751235961914,7.797841149525423,8.122751235961914,18400,0.0,0.0
2022-12-06 00:00:00-05:00,8.122750045174048,8.122750045174048,7.904526539651971,7.969993591308594,7200,0.0,0.0
2022-12-07 00:00:00-05:00,7.969993543586072,7.969993543586072,7.928774062206616,7.945746898651123,8000,0.0,0.0
2022-12-08 00:00:00-05:00,7.94574724069595,7.953021049499512,7.94574724069595,7.953021049499512,2400,0.0,0.0
2022-12-09 00:00:00-05:00,7.928774356842041,7.943321974363518,7.928774356842041,7.928774356842041,3600,0.0,0.0
2022-12-12 00:00:00-05:00,8.103352241751512,8.103352241751512,7.928774356842041,7.928774356842041,8000,0.0,0.0
2022-12-13 00:00:00-05:00,7.928774356842041,8.12275029838048,7.928774356842041,7.928774356842041,38800,0.0,0.0
2022-12-14 00:00:00-05:00,8.028187110123007,8.028187110123007,7.8172383308410645,7.8172383308410645,10400,0.0,0.0
2022-12-15 00:00:00-05:00,8.003940725746016,8.003940725746016,7.819663784621479,7.831787109375,9600,0.0,0.0
2022-12-16 00:00:00-05:00,7.759045638665,7.7760184770035545,7.567493977472382,7.67418098449707,16400,0.0,0.0
2022-12-19 00:00:00-05:00,7.472930066384841,7.577192306518555,7.375942097356426,7.577192306518555,34400,0.0,0.0
2022-12-20 00:00:00-05:00,7.739647305155647,7.880279975449276,7.645084093442293,7.688728332519531,18000,0.0,0.0
2022-12-21 00:00:00-05:00,8.001516063448175,8.001516063448175,7.7154011726379395,7.7154011726379395,4400,0.0,0.0
2022-12-22 00:00:00-05:00,7.703277245540196,7.955446438882622,7.64023494720459,7.64023494720459,27200,0.0,0.0
2022-12-23 00:00:00-05:00,7.657208361717212,7.948172303873004,7.543247542182257,7.579617977142334,54800,0.0,0.0
2022-12-27 00:00:00-05:00,7.654782713296106,7.759044953859613,7.395339721647444,7.686304092407227,58800,0.0,0.0
2022-12-28 00:00:00-05:00,8.093653792409546,8.093653792409546,7.8730059949133855,7.8924031257629395,14800,0.0,0.0
2022-12-29 00:00:00-05:00,7.892402484147397,8.054857950937814,7.892402484147397,7.957869529724121,10000,0.0,0.0
2022-12-30 00:00:00-05:00,7.843908888409755,7.965143961955194,7.645083904266357,7.645083904266357,29200,0.0,0.0
2023-01-03 00:00:00-05:00,7.759044508080617,8.110626397343056,7.759044508080617,7.989391326904297,15200,0.0,0.0
2023-01-04 00:00:00-05:00,7.989391943417828,8.12275034620123,7.928774403520804,7.953021049499512,20000,0.0,0.0
2023-01-05 00:00:00-05:00,7.761467773094468,8.120324347953593,7.761467773094468,7.882702827453613,37600,0.0,0.0
2023-01-06 00:00:00-05:00,7.928774891901647,7.928774891901647,7.7954164809039,7.814813613891602,35200,0.0,0.0
2023-01-09 00:00:00-05:00,7.800265270610935,8.040311156527261,7.722675349243526,8.023338317871094,36800,0.0,0.0
2023-01-10 00:00:00-05:00,8.0087890659318,8.120326042175293,7.6766052066670465,8.120326042175293,17200,0.0,0.0
2023-01-11 00:00:00-05:00,7.8439085268975575,8.755596755913231,7.8439085268975575,8.44281005859375,52400,0.0,0.0
2023-01-12 00:00:00-05:00,8.53979834140102,9.223564039354919,8.53979834140102,9.007765769958496,77200,0.0,0.0
2023-01-13 00:00:00-05:00,8.898654895069392,9.007766650074037,8.522826338898051,8.845311164855957,38400,0.0,0.0
2023-01-17 00:00:00-05:00,8.845311909657767,8.932601321011514,8.207615087779292,8.748324394226074,39200,0.0,0.0
2023-01-18 00:00:00-05:00,8.74347381787619,8.845310835454598,8.588292147120672,8.753171920776367,66800,0.0,0.0
2023-01-19 00:00:00-05:00,8.72892687527914,8.72892687527914,8.6634598127205,8.716803550720215,8800,0.0,0.0
2023-01-20 00:00:00-05:00,8.697406144844162,8.784695568146489,8.619815751897747,8.733777046203613,21200,0.0,0.0
2023-01-23 00:00:00-05:00,8.733773502186509,8.755595849156952,8.365218822769052,8.437959671020508,37200,0.0,0.0
2023-01-24 00:00:00-05:00,8.307029037398427,8.789545165167914,8.307029037398427,8.728927612304688,66000,0.0,0.0
2023-01-25 00:00:00-05:00,8.748324762384359,8.808942308936523,8.668309156959332,8.670733451843262,28800,0.0,0.0
2023-01-26 00:00:00-05:00,8.6149660129663,8.636788368225098,8.607692202863507,8.636788368225098,5200,0.0,0.0
2023-01-27 00:00:00-05:00,8.610114090911098,8.971394999208654,8.486454728981158,8.888955116271973,37600,0.0,0.0
2023-01-30 00:00:00-05:00,8.850160384279356,8.862283706665039,8.610114531261905,8.862283706665039,15200,0.0,0.0
2023-01-31 00:00:00-05:00,8.486456213812366,9.79337032274742,8.486456213812366,9.184770584106445,82000,0.0,0.0
2023-02-01 00:00:00-05:00,9.153249399556048,9.553325571106184,9.044137632319615,9.228415489196777,136400,0.0,0.0
2023-02-02 00:00:00-05:00,9.616367476633773,9.616367476633773,9.276908848482062,9.27933406829834,13600,0.0,0.0
2023-02-03 00:00:00-05:00,9.310854507151559,9.359347799155788,9.218715587433062,9.223565101623535,37600,0.0,0.0
2023-02-06 00:00:00-05:00,9.126578851554335,9.623642613138898,9.126578851554335,9.259937286376953,39600,0.0,0.0
2023-02-07 00:00:00-05:00,9.259933235400334,9.432087717716971,9.160520526573862,9.218713760375977,26800,0.0,0.0
2023-02-08 00:00:00-05:00,8.901079723121551,9.145975112915039,8.901079723121551,9.145975112915039,6000,0.0,0.0
2023-02-09 00:00:00-05:00,9.2235655434308,9.507255200035306,9.177495618889681,9.25266170501709,154400,0.0,0.0
2023-02-10 00:00:00-05:00,9.250236697243484,9.335100880724525,9.092630727978433,9.238112449645996,80400,0.0,0.0
2023-02-13 00:00:00-05:00,9.238112651235788,9.238112651235788,9.0320133868843,9.172646522521973,42000,0.0,0.0
2023-02-14 00:00:00-05:00,9.179921656346412,9.225990660041171,9.032014690602207,9.095056533813477,33200,0.0,0.0
2023-02-15 00:00:00-05:00,9.092631489651492,9.415117263793945,9.092631489651492,9.415117263793945,17200,0.0,0.0
2023-02-16 00:00:00-05:00,9.272059626869112,9.844288446117533,9.272059626869112,9.371472358703613,125600,0.0,0.0
2023-02-17 00:00:00-05:00,9.347223965858287,9.696381568908691,9.335100643519084,9.696381568908691,44000,0.0,0.0
2023-02-21 00:00:00-05:00,9.754573896574444,9.972797398714896,9.42481434887341,9.473308563232422,106000,0.0,0.0
2023-02-22 00:00:00-05:00,9.681834062438389,9.686683576882684,9.456336728005315,9.579996109008789,42000,0.0,0.0
2023-02-23 00:00:00-05:00,9.553325290956673,9.93885290725298,9.48058349829863,9.793370246887207,59600,0.0,0.0
2023-02-24 00:00:00-05:00,9.33510145975808,9.638189169490484,9.33510145975808,9.592120170593262,49200,0.0,0.0
2023-02-27 00:00:00-05:00,9.475732459192495,9.67455787783921,9.424813032504861,9.439361572265625,30400,0.0,0.0
2023-02-28 00:00:00-05:00,9.36904635043257,9.708504926877312,9.361772541992393,9.638188362121582,65200,0.0,0.0
2023-03-01 00:00:00-05:00,9.473309939555728,9.577572191842702,9.369047687268756,9.558174133300781,27600,0.0,0.0
2023-03-02 00:00:00-05:00,10.183746328414104,11.590073017347912,10.052812225060727,11.512482643127441,175200,0.0,0.0
2023-03-03 00:00:00-05:00,11.614321236719466,11.873764238452276,11.30395879753561,11.805871963500977,170400,0.0,0.0
2023-03-06 00:00:00-05:00,11.876187190414631,12.10168449165258,11.405795457967276,11.883460998535156,116000,0.0,0.0
2023-03-07 00:00:00-05:00,11.944079416233924,12.104109681373956,11.519756645413358,11.999848365783691,126000,0.0,0.0
2023-03-08 00:00:00-05:00,12.079861830422226,12.317482447375417,11.95620247081552,12.290810585021973,120000,0.0,0.0
2023-03-09 00:00:00-05:00,12.244742099457916,12.426594704895411,12.128356542971943,12.261714935302734,90000,0.0,0.0
2023-03-10 00:00:00-05:00,12.261716614427,12.393091440270819,11.660794906319525,11.921113014221191,93200,0.0425,0.0
2023-03-13 00:00:00-04:00,11.72648190509972,12.23981973882153,11.663226504735947,11.66565990447998,57600,0.0,0.0
2023-03-14 00:00:00-04:00,11.957606710215325,12.31037360136106,11.74837886179472,11.857858657836914,139200,0.0,0.0
2023-03-15 00:00:00-04:00,12.176564221442272,12.342000135783747,11.677824006767267,11.90164852142334,68800,0.0,0.0
2023-03-16 00:00:00-04:00,11.899216691051821,11.899216691051821,11.716750681112524,11.797036170959473,64400,0.0,0.0
2023-03-17 00:00:00-04:00,11.840828417942296,11.938144004813827,11.65836238861084,11.65836238861084,70800,0.0,0.0
2023-03-20 00:00:00-04:00,11.629166081584174,12.181429946645885,11.373713870115381,11.945440292358398,60400,0.0,0.0
2023-03-21 00:00:00-04:00,12.067084717097677,12.113310032167009,11.772706452800746,12.088980674743652,40000,0.0,0.0
2023-03-22 00:00:00-04:00,12.113310296163359,12.492838999538224,11.904082458113058,11.981934547424316,125200,0.0,0.0
2023-03-23 00:00:00-04:00,11.923545115059333,12.407688669535185,11.860290639996869,11.969770431518555,152800,0.0,0.0
2023-03-24 00:00:00-04:00,11.838394977030188,13.093761118966762,11.838394977030188,12.522034645080566,71600,0.0,0.0
2023-03-27 00:00:00-04:00,12.65097796448297,13.551143889877531,12.541498161868594,12.83587646484375,225200,0.0,0.0
2023-03-28 00:00:00-04:00,12.835872612446483,12.911292215627611,12.653406638875635,12.714228630065918,85600,0.0,0.0
2023-03-29 00:00:00-04:00,12.809113514078211,12.913727427857065,12.449046458983045,12.879666328430176,116800,0.0,0.0
2023-03-30 00:00:00-04:00,12.894264579138982,13.23000229407808,12.767754702088451,12.94778823852539,65600,0.0,0.0
2023-03-31 00:00:00-04:00,12.962384601025784,13.198374262705434,12.884532513721792,12.964818000793457,88800,0.0,0.0
2023-04-03 00:00:00-04:00,13.0961936082884,13.378407653812172,12.59015411806918,12.733694076538086,246800,0.0,0.0
2023-04-04 00:00:00-04:00,12.699634385886005,12.731262087240568,12.378494284952323,12.570691108703613,160000,0.0,0.0
2023-04-05 00:00:00-04:00,12.650977737180941,12.650977737180941,12.106012133997645,12.648545265197754,64400,0.0,0.0
2023-04-06 00:00:00-04:00,12.65097633173544,13.20810608908138,12.407688325355911,12.831009864807129,60000,0.0,0.0
2023-04-10 00:00:00-04:00,12.831010342247746,12.976982780279045,12.344434311383244,12.840741157531738,122000,0.0,0.0
2023-04-11 00:00:00-04:00,12.984280558584413,13.181344176612065,12.840740598604535,12.964818000793457,122400,0.0,0.0
2023-04-12 00:00:00-04:00,12.945354804822253,12.962384891296983,12.765322196926522,12.87723445892334,73200,0.0,0.0
2023-04-13 00:00:00-04:00,12.753157500377105,12.86750316619873,12.704500639071863,12.86750316619873,22000,0.0,0.0
2023-04-14 00:00:00-04:00,12.862637845368631,12.938057468534247,12.767755662461354,12.84560775756836,66400,0.0,0.0
2023-04-17 00:00:00-04:00,12.950221229870186,13.015909106824447,12.740993383587018,12.855339050292969,89600,0.0,0.0
2023-04-18 00:00:00-04:00,12.789650205694429,12.789650205694429,12.444181687928292,12.733694076538086,50800,0.0,0.0
2023-04-19 00:00:00-04:00,12.70936486729487,12.76045512190068,12.359029571552119,12.485539436340332,59600,0.0,0.0
2023-04-20 00:00:00-04:00,12.575556547438273,12.624214333677337,12.232520500154491,12.529332160949707,59600,0.0,0.0
2023-04-21 00:00:00-04:00,12.483108908484814,12.563393474213123,12.042757248719314,12.261716842651367,116400,0.0,0.0
2023-04-24 00:00:00-04:00,12.166833972468828,12.458779794095335,12.028159869608519,12.033025741577148,70000,0.0,0.0
2023-04-25 00:00:00-04:00,11.908949533368451,11.908949533368451,10.819019244778966,10.9722900390625,94000,0.0,0.0
2023-04-26 00:00:00-04:00,11.040411816922061,11.096367956283565,10.354339599609375,10.354339599609375,146400,0.0,0.0
2023-04-27 00:00:00-04:00,10.31784462873158,10.68764252109737,10.181603006890462,10.658448219299316,75200,0.0,0.0
2023-04-28 00:00:00-04:00,10.568429527962572,10.947959111258047,10.529503488245343,10.801986694335938,102800,0.0,0.0
2023-05-01 00:00:00-04:00,10.748464685945356,11.337221242742253,10.748464685945356,11.030678749084473,122000,0.0,0.0
2023-05-02 00:00:00-04:00,10.98445460589714,11.22530922886495,10.70467300831538,10.974722862243652,52000,0.0,0.0
2023-05-03 00:00:00-04:00,10.870108993583301,11.220443414264219,10.801988643801774,11.064739227294922,52000,0.0,0.0
2023-05-04 00:00:00-04:00,11.200980668313903,11.590241129251861,11.125561047976486,11.261802673339844,96800,0.0,0.0
2023-05-05 00:00:00-04:00,11.463732241290778,11.865157880492092,11.327491532186023,11.767842292785645,51200,0.0,0.0
2023-05-08 00:00:00-04:00,11.852991814263186,11.896783729089877,11.512388238515591,11.736213684082031,64800,0.0,0.0
2023-05-09 00:00:00-04:00,11.570777875129197,11.643764091161673,11.468596430227661,11.621868133544922,43200,0.0,0.0
2023-05-10 00:00:00-04:00,11.244774090805368,11.361552244712465,11.237474818137864,11.239908218383789,27200,0.0,0.0
2023-05-11 00:00:00-04:00,11.264237276116102,11.624303502617224,11.264237276116102,11.519689559936523,41200,0.0,0.0
2023-05-12 00:00:00-04:00,11.605144874621624,11.8444261066184,11.534337837912435,11.8175687789917,46800,0.0425,0.0
2023-05-15 00:00:00-04:00,11.939647916618155,12.279036521911621,11.805356657187856,12.279036521911621,67200,0.0,0.0
2023-05-16 00:00:00-04:00,12.093473337109478,12.330313316690503,12.093473337109478,12.117890357971191,31200,0.0,0.0
2023-05-17 00:00:00-04:00,12.33031518781799,12.33031518781799,11.922560657398689,12.091033935546875,168800,0.0,0.0
2023-05-18 00:00:00-04:00,12.076383838758183,12.1838168850738,11.78094482421875,11.78094482421875,95200,0.0,0.0
2023-05-19 00:00:00-04:00,11.927442511900795,12.05685040685441,11.822451640247012,11.939651489257812,66000,0.0,0.0
2023-05-22 00:00:00-04:00,12.086149215698242,12.30101435143995,11.820009731065694,12.086149215698242,140800,0.0,0.0
2023-05-23 00:00:00-04:00,12.122774763745895,12.337638976596736,12.120332595750893,12.313222885131836,83600,0.0,0.0
2023-05-24 00:00:00-04:00,12.208232274555499,12.23997393926532,11.639328203482394,11.68083667755127,62800,0.0,0.0
2023-05-25 00:00:00-04:00,11.756527811445784,11.756527811445784,11.19494839322151,11.65153694152832,69600,0.0,0.0
2023-05-26 00:00:00-04:00,11.771177667101401,12.239974283982548,11.702811862491036,12.061734199523926,81600,0.0,0.0
2023-05-30 00:00:00-04:00,12.044642418070907,12.044642418070907,11.480621751259832,11.719902992248535,156400,0.0,0.0
2023-05-31 00:00:00-04:00,11.58561093819579,11.793150484262954,11.45132058889268,11.463528633117676,114400,0.0,0.0
2023-06-01 00:00:00-04:00,11.570961690195855,11.91035037755952,11.43667132970569,11.839543342590332,162400,0.0,0.0
2023-06-02 00:00:00-04:00,11.973834087845216,12.208231917114409,11.634445389575703,11.754085540771484,243200,0.0,0.0
2023-06-05 00:00:00-04:00,11.88349282222785,11.917676654907602,11.497713167555542,11.563637733459473,271200,0.0,0.0
2023-06-06 00:00:00-04:00,11.487946392577442,12.203348878909082,11.487946392577442,11.719902992248535,194000,0.0,0.0
2023-06-07 00:00:00-04:00,11.73455320629796,11.780944153666496,11.544104149312261,11.719902992248535,422000,0.0,0.0
2023-06-08 00:00:00-04:00,11.732111038249286,11.90790988118556,11.61735428814518,11.719902992248535,126400,0.0,0.0
2023-06-09 00:00:00-04:00,11.761412012797608,11.780945633984645,11.236458517489373,11.610030174255371,579600,0.0,0.0
2023-06-12 00:00:00-04:00,11.66618472832352,11.780942392688218,11.627118428112102,11.683276176452637,198800,0.0,0.0
2023-06-13 00:00:00-04:00,11.66130363000981,11.719903557620182,11.48794694675943,11.558754920959473,171600,0.0,0.0
2023-06-14 00:00:00-04:00,11.597820669412613,11.719902992248535,11.451322254575189,11.719902992248535,647200,0.0,0.0
2023-06-15 00:00:00-04:00,11.81024247048451,12.008016149029835,11.705251608821277,11.7687349319458,170000,0.0,0.0
2023-06-16 00:00:00-04:00,11.844427249743946,11.944534723112445,11.463530976153685,11.53433895111084,284800,0.0,0.0
2023-06-20 00:00:00-04:00,11.588053281961685,12.13986587524414,11.588053281961685,12.13986587524414,236000,0.0,0.0
2023-06-21 00:00:00-04:00,11.990925926952576,12.501230074896702,11.990925926952576,12.330314636230469,194800,0.0,0.0
2023-06-22 00:00:00-04:00,12.286364254051563,12.584245404267229,12.200907005095015,12.269272804260254,175200,0.0,0.0
2023-06-23 00:00:00-04:00,12.261948822699212,12.384031145724368,11.268198787787579,11.51236343383789,2106800,0.0,0.0
2023-06-26 00:00:00-04:00,11.451322930926324,11.746761946099404,10.960551442547454,11.287732124328613,265600,0.0,0.0
2023-06-27 00:00:00-04:00,11.268197900004893,11.783384480193332,11.268197900004893,11.668627738952637,162400,0.0,0.0
2023-06-28 00:00:00-04:00,11.646654215419778,11.905468153295484,11.502597031890865,11.54410457611084,236800,0.0,0.0
2023-06-29 00:00:00-04:00,11.614911533462777,11.724785804748535,11.524570879923004,11.724785804748535,65200,0.0,0.0
2023-06-30 00:00:00-04:00,11.822450123659245,11.920116341501524,11.646652235522858,11.685718536376953,84000,0.0,0.0
2023-07-03 00:00:00-04:00,11.695485411159618,12.181372472590736,11.695485411159618,12.17893123626709,92800,0.0,0.0
2023-07-05 00:00:00-04:00,12.032433896845953,12.271715146906612,11.810244098117181,11.829777717590332,117600,0.0,0.0
2023-07-06 00:00:00-04:00,11.729669827318416,11.981159114858967,11.485505181111526,11.837101936340332,131200,0.0,0.0
2023-07-07 00:00:00-04:00,11.888375099966977,12.18137283240571,11.8297761123277,11.846867561340332,124400,0.0,0.0
2023-07-10 00:00:00-04:00,11.844426374693136,12.29124811667327,11.844426374693136,11.964067459106445,92400,0.0,0.0
2023-07-11 00:00:00-04:00,11.910350973224606,12.093474455255313,11.820010316218767,11.834660530090332,99200,0.0,0.0
2023-07-12 00:00:00-04:00,12.005573519275613,12.005573519275613,11.78094252342075,11.866399765014648,78800,0.0,0.0
2023-07-13 00:00:00-04:00,11.87616962008697,11.915235930755111,11.70769632997079,11.790712356567383,63200,0.0,0.0
2023-07-14 00:00:00-04:00,11.758969316526455,11.890818448933032,11.463530318344986,11.51236343383789,88400,0.0,0.0
2023-07-17 00:00:00-04:00,11.45132224609874,11.70036936485517,11.356097251969274,11.68083667755127,80000,0.0,0.0
2023-07-18 00:00:00-04:00,11.612468987883533,11.986040536728407,11.612468987883533,11.978715896606445,77600,0.0,0.0
2023-07-19 00:00:00-04:00,11.954300389382487,12.249739376252307,11.954300389382487,12.103240966796875,120000,0.0,0.0
2023-07-20 00:00:00-04:00,12.239972791531242,12.239972791531242,12.049523752544795,12.171606063842773,63200,0.0,0.0
2023-07-21 00:00:00-04:00,12.205791212186893,12.318106727176943,12.049525054453614,12.176490783691406,100000,0.0,0.0
2023-07-24 00:00:00-04:00,12.11056541658896,12.308339104503203,12.008016717872495,12.022666931152344,99200,0.0,0.0
2023-07-25 00:00:00-04:00,11.995808536493282,12.215556144714355,11.995808536493282,12.215556144714355,53200,0.0,0.0
2023-07-26 00:00:00-04:00,12.2155571144689,12.303456537301047,11.84442673551885,12.293689727783203,52800,0.0,0.0
2023-07-27 00:00:00-04:00,12.249740403868259,12.257065976945485,12.02755060308692,12.091033935546875,50400,0.0,0.0
2023-07-28 00:00:00-04:00,12.117891411106292,12.20579083101936,11.995809090430187,12.093474388122559,49200,0.0,0.0
2023-07-31 00:00:00-04:00,12.093473777342702,12.193581237984622,11.75652725991232,11.812685012817383,53600,0.0,0.0
2023-08-01 00:00:00-04:00,11.78826962529307,12.05929255010464,11.656421415218317,11.990926742553711,78800,0.0,0.0
2023-08-02 00:00:00-04:00,11.84686664127331,11.84686664127331,11.47329509698985,11.666184425354004,73200,0.0,0.0
2023-08-03 00:00:00-04:00,10.03516620818081,10.716385768953367,9.266048160475751,9.366155624389648,627200,0.0,0.0
2023-08-04 00:00:00-04:00,9.224540077412554,10.130391626816618,9.224540077412554,10.020517349243164,327600,0.0,0.0
2023-08-07 00:00:00-04:00,9.971683613402279,9.971683613402279,9.197681245218194,9.532187461853027,274400,0.0,0.0
2023-08-08 00:00:00-04:00,9.519979778940693,9.519979778940693,9.226982022949157,9.368597030639648,118000,0.0,0.0
2023-08-09 00:00:00-04:00,9.324647381327768,9.405222160600616,9.207448464451604,9.356389045715332,86000,0.0,0.0
2023-08-10 00:00:00-04:00,9.346621596964434,9.490678763741899,9.322205506899426,9.412546157836914,101600,0.0,0.0
2023-08-11 00:00:00-04:00,9.417452522058774,9.603839184180645,9.417452522058774,9.567051887512207,79600,0.0425,0.0
2023-08-14 00:00:00-04:00,9.510643834371274,9.699483451096654,9.491024632076769,9.625909805297852,106400,0.0,0.0
2023-08-15 00:00:00-04:00,9.687221780902172,9.81965491079087,9.655339523216439,9.731366157531738,78800,0.0,0.0
2023-08-16 00:00:00-04:00,9.755891148497376,9.959445893728722,9.689674578441629,9.863800048828125,97200,0.0,0.0
2023-08-17 00:00:00-04:00,9.988876288770943,10.373912696854983,9.988876288770943,10.29543399810791,123600,0.0,0.0
2023-08-18 00:00:00-04:00,10.295433151160777,10.462200606164263,10.270908910647245,10.454843521118164,208400,0.0,0.0
2023-08-21 00:00:00-04:00,10.54067690392644,10.702539286948928,10.486722464405746,10.511247634887695,105200,0.0,0.0
2023-08-22 00:00:00-04:00,10.45974792643682,10.469557060727638,10.38862632347483,10.400888442993164,62000,0.0,0.0
2023-08-23 00:00:00-04:00,10.400889243458483,10.599538962886935,10.364101946532532,10.403341293334961,65600,0.0,0.0
2023-08-24 00:00:00-04:00,10.383721162207143,10.462199848817232,10.253741012922884,10.322409629821777,88000,0.0,0.0
2023-08-25 00:00:00-04:00,10.398436138303763,10.4842719083669,10.24393081665039,10.24393081665039,42800,0.0,0.0
2023-08-28 00:00:00-04:00,10.23657601627484,10.38127130062351,10.229217994670712,10.285624504089355,84000,0.0,0.0
2023-08-29 00:00:00-04:00,10.315053434014557,10.366554901125898,10.266004016772401,10.339577674865723,32800,0.0,0.0
2023-08-30 00:00:00-04:00,10.300339821804716,10.60444550437177,10.300339821804716,10.55539608001709,67600,0.0,0.0
2023-08-31 00:00:00-04:00,10.631419343122209,10.658396567062482,10.432770576907,10.548035621643066,65200,0.0,0.0
2023-09-01 00:00:00-04:00,10.616705038390133,10.749138171200673,10.48181985595261,10.550488471984863,41600,0.0,0.0
2023-09-05 00:00:00-04:00,10.545583284338305,10.69027853426593,10.408245118724718,10.552940368652344,88400,0.0,0.0
2023-09-06 00:00:00-04:00,10.594632985008898,10.61670517409278,10.528416417757247,10.548035621643066,48400,0.0,0.0
2023-09-07 00:00:00-04:00,10.462200484283999,10.587275606309635,10.315053171837391,10.376364707946777,93200,0.0,0.0
2023-09-08 00:00:00-04:00,10.302789439280302,10.442580593121898,9.836822356787343,9.839274406433105,69200,0.0,0.0
2023-09-11 00:00:00-04:00,9.883418526719849,10.209596317947419,9.814749911951816,10.182619094848633,82000,0.0,0.0
2023-09-12 00:00:00-04:00,10.180166783246209,10.283170647752696,10.072258819251589,10.219406127929688,50400,0.0,0.0
2023-09-13 00:00:00-04:00,10.160548368957363,10.21204983744648,10.05999748191391,10.189977645874023,77600,0.0,0.0
2023-09-14 00:00:00-04:00,10.175262138480903,10.31995738966093,9.834369238857654,10.26109790802002,74400,0.0,0.0
2023-09-15 00:00:00-04:00,10.300338538351319,10.373912197945861,10.118855971514266,10.207144737243652,148000,0.0,0.0
2023-09-18 00:00:00-04:00,10.064901414841678,10.150737186254661,9.912848140424762,10.047734260559082,60000,0.0,0.0
2023-09-19 00:00:00-04:00,10.268455943653588,10.268455943653588,9.993780520143131,10.03547191619873,59200,0.0,0.0
2023-09-20 00:00:00-04:00,10.07961702264253,10.359198437022028,10.07961702264253,10.280718803405762,61600,0.0,0.0
2023-09-21 00:00:00-04:00,10.072259239989215,10.327315458855894,10.072259239989215,10.292981147766113,74800,0.0,0.0
2023-09-22 00:00:00-04:00,10.319956947846801,10.587274314549967,10.28807469100875,10.543130874633789,86800,0.0,0.0
2023-09-25 00:00:00-04:00,10.543132149071974,10.719708736700047,10.334672365212175,10.601990699768066,38000,0.0,0.0
2023-09-26 00:00:00-04:00,10.506343626827892,10.842330543156114,10.354291297148942,10.525962829589844,62800,0.0,0.0
2023-09-27 00:00:00-04:00,10.594632849588377,10.597084899215359,10.435222493182387,10.550488471984863,40800,0.0,0.0
2023-09-28 00:00:00-04:00,10.557846527406431,10.719708948325826,10.557846527406431,10.695184707641602,26400,0.0,0.0
2023-09-29 00:00:00-04:00,10.781019631853002,10.781019631853002,10.545583571984741,10.548035621643066,31200,0.0,0.0
2023-10-02 00:00:00-04:00,10.641230811473362,10.641230811473362,10.334673109204413,10.395984649658203,36000,0.0,0.0
2023-10-03 00:00:00-04:00,10.297886883980574,10.297886883980574,10.074712911165633,10.104142189025879,28800,0.0,0.0
2023-10-04 00:00:00-04:00,10.131117448687231,10.49162860517293,10.131117448687231,10.23412036895752,73600,0.0,0.0
2023-10-05 00:00:00-04:00,10.371460225699138,10.486725283562539,10.23166999076066,10.334672927856445,34000,0.0,0.0
2023-10-06 00:00:00-04:00,10.415603608627137,10.609347343444824,10.373911279373372,10.609347343444824,18000,0.0,0.0
2023-10-09 00:00:00-04:00,10.609348229450926,10.950241169976438,10.609348229450926,10.852142333984375,52800,0.0,0.0
2023-10-10 00:00:00-04:00,10.918359189241569,11.090031688880622,10.918359189241569,11.072864532470703,59200,0.0,0.0
2023-10-11 00:00:00-04:00,10.987026332371386,11.200390201490507,10.785924582527667,11.033623695373535,97600,0.0,0.0
2023-10-12 00:00:00-04:00,11.038529284111005,11.197939662820096,10.874214805461817,11.072864532470703,90400,0.0,0.0
2023-10-13 00:00:00-04:00,11.193033356788852,11.266607009556944,10.62651538848877,10.62651538848877,66400,0.0,0.0
2023-10-16 00:00:00-04:00,10.660850736826937,10.86195251058537,10.660850736826937,10.78592586517334,32000,0.0,0.0
2023-10-17 00:00:00-04:00,10.852141407076582,11.094935490872396,10.489177241771333,10.884023666381836,26400,0.0,0.0
2023-10-18 00:00:00-04:00,10.766304702479022,10.94288126714005,10.766304702479022,10.91590404510498,35600,0.0,0.0
2023-10-19 00:00:00-04:00,10.913452334975373,10.928167438962891,10.800639344356842,10.861950874328613,49600,0.0,0.0
2023-10-20 00:00:00-04:00,10.937976768118096,10.937976768118096,10.577465601611767,10.729517936706543,72800,0.0,0.0
2023-10-23 00:00:00-04:00,10.638777881298155,10.876666002410184,10.638777881298155,10.749138832092285,62400,0.0,0.0
2023-10-24 00:00:00-04:00,10.849689893230957,10.923263549804688,10.641230108142283,10.923263549804688,46000,0.0,0.0
2023-10-25 00:00:00-04:00,11.031171061351865,11.07531544058035,10.881570769026416,11.011551856994629,55600,0.0,0.0
2023-10-26 00:00:00-04:00,11.011552063535856,11.129270098506574,10.63387278329244,10.766305923461914,95200,0.0,0.0
2023-10-27 00:00:00-04:00,10.879119228770257,10.879119228770257,10.680469512939453,10.680469512939453,31600,0.0,0.0
2023-10-30 00:00:00-04:00,10.832521558006873,10.913453233290367,10.678017163348931,10.766305923461914,39200,0.0,0.0
2023-10-31 00:00:00-04:00,10.950239728676134,10.950239728676134,10.908547401428223,10.908547401428223,22400,0.0,0.0
2023-11-01 00:00:00-04:00,10.837426773632028,11.021361381751959,10.601990699768066,10.601990699768066,48400,0.0,0.0
2023-11-02 00:00:00-04:00,10.582371907795935,10.6485875460288,10.305243492126465,10.305243492126465,29200,0.0,0.0
2023-11-03 00:00:00-04:00,10.437676730717678,10.57746696472168,10.366555120985161,10.57746696472168,36800,0.0,0.0
2023-11-06 00:00:00-05:00,10.50389311352725,10.697636862123098,10.31750551456084,10.403341293334961,39200,0.0,0.0
2023-11-07 00:00:00-05:00,10.51615575473742,10.812903388096643,10.02566342764851,10.523512840270996,34800,0.0,0.0
2023-11-08 00:00:00-05:00,10.543132348575984,10.631420176290764,10.300338249625858,10.437676429748535,37600,0.0,0.0
2023-11-09 00:00:00-05:00,10.717255753456524,10.717255753456524,10.41560313467761,10.4401273727417,59200,0.0,0.0
2023-11-10 00:00:00-05:00,10.48937371335723,10.747915375436023,10.004302357814979,10.65680980682373,65200,0.0425,0.0
2023-11-13 00:00:00-05:00,10.546007016820527,10.94736031444005,10.546007016820527,10.834095001220703,41600,0.0,0.0
2023-11-14 00:00:00-05:00,11.203440421220442,11.442283297806343,11.033542432098287,11.385650634765625,114000,0.0,0.0
2023-11-15 00:00:00-05:00,11.471831023918963,11.8485618117578,11.46690632181305,11.718060493469238,83600,0.0,0.0
2023-11-16 00:00:00-05:00,11.695900345816481,11.826401670154599,11.553086795997393,11.789467811584473,82000,0.0,0.0
2023-11-17 00:00:00-05:00,11.878108161378258,12.12433759230882,11.853484654710758,12.05293083190918,78000,0.0,0.0
2023-11-20 00:00:00-05:00,12.070168161000352,12.070168161000352,11.801778013827919,11.880571365356445,33600,0.0,0.0
2023-11-21 00:00:00-05:00,11.661427338238239,11.661427338238239,11.27484716242956,11.550623893737793,38000,0.0,0.0
2023-11-22 00:00:00-05:00,11.58017156969874,11.658964924249005,11.50876573790004,11.612181663513184,20800,0.0,0.0
2023-11-24 00:00:00-05:00,11.722982530264856,11.764841079711914,11.722982530264856,11.764841079711914,7200,0.0,0.0
2023-11-27 00:00:00-05:00,11.75745556046279,11.8731836958718,11.550622796801344,11.705747604370117,78000,0.0,0.0
2023-11-28 00:00:00-05:00,11.550623749072596,11.695899165755721,11.526001179176811,11.54077434539795,39200,0.0,0.0
2023-11-29 00:00:00-05:00,11.668812920896414,11.905192956035012,11.636802830943031,11.779616355895996,63600,0.0,0.0
2023-11-30 00:00:00-05:00,11.673737561562307,11.819012966851487,11.673737561562307,11.742681503295898,30000,0.0,0.0
2023-12-01 00:00:00-05:00,11.846098703417326,12.04062018964473,11.76976723761788,11.932278633117676,44800,0.0,0.0
2023-12-04 00:00:00-05:00,11.971674416565943,12.311471287091056,11.971674416565943,12.29916000366211,55600,0.0,0.0
2023-12-05 00:00:00-05:00,12.31147177052536,12.715287894312072,11.875645557133872,12.498605728149414,61200,0.0,0.0
2023-12-06 00:00:00-05:00,12.786695015069824,12.786695015069824,12.5552396774292,12.5552396774292,29200,0.0,0.0
2023-12-07 00:00:00-05:00,12.488756823949771,12.934431485171846,12.321320738635057,12.863025665283203,42000,0.0,0.0
2023-12-08 00:00:00-05:00,11.858409107682098,13.205284367236395,11.858409107682098,13.124028205871582,41200,0.0,0.0
2023-12-11 00:00:00-05:00,13.222521419211157,13.296390065047708,12.796544590953227,13.197897911071777,62000,0.0,0.0
2023-12-12 00:00:00-05:00,13.09448149271295,13.421966154439103,13.047698237978,13.195435523986816,58800,0.0,0.0
2023-12-13 00:00:00-05:00,13.30623919190077,13.943973480456116,13.293927907732213,13.907038688659668,101200,0.0,0.0
2023-12-14 00:00:00-05:00,14.035078048706055,14.059700616934846,13.815933997881203,14.035078048706055,64400,0.0,0.0
2023-12-15 00:00:00-05:00,14.138493203359209,14.138493203359209,13.675582558333108,13.916887283325195,112400,0.0,0.0
2023-12-18 00:00:00-05:00,13.91688676273891,14.128644211663435,13.670657345717961,13.914423942565918,46000,0.0,0.0
2023-12-19 00:00:00-05:00,13.729753059388742,14.035077976014538,13.729753059388742,14.030153274536133,58000,0.0,0.0
2023-12-20 00:00:00-05:00,14.03015408339525,14.342865600621552,13.961210137304379,14.020304679870605,68000,0.0,0.0
2023-12-21 00:00:00-05:00,13.899650824947024,14.207437597247486,13.82578218745305,14.180352210998535,59600,0.0,0.0
2023-12-22 00:00:00-05:00,13.951360594012135,14.46598018188398,13.916888621312047,14.441357612609863,50400,0.0,0.0
2023-12-26 00:00:00-05:00,14.525073529692863,14.525073529692863,14.106483338480118,14.229598045349121,63200,0.0,0.0
2023-12-27 00:00:00-05:00,14.229599048882177,14.229599048882177,13.803622245788574,13.803622245788574,52000,0.0,0.0
2023-12-28 00:00:00-05:00,13.852867999817178,13.852867999817178,13.67804532134891,13.746990203857422,27600,0.0,0.0
2023-12-29 00:00:00-05:00,13.545081468424295,13.727291672522409,13.500761032104492,13.500761032104492,19600,0.0,0.0
2024-01-02 00:00:00-05:00,13.343174255929295,13.461364285402167,12.98860416751068,13.261919021606445,52000,0.0,0.0
2024-01-03 00:00:00-05:00,13.318551259740207,13.318551259740207,12.397652684667985,12.434587478637695,34400,0.0,0.0
2024-01-04 00:00:00-05:00,12.547850819558604,12.65372954362935,11.983985231235918,12.594635009765625,90000,0.0,0.0
2024-01-05 00:00:00-05:00,12.594634671101602,12.85810006411206,12.439509880121866,12.702975273132324,64800,0.0,0.0
2024-01-08 00:00:00-05:00,12.803930861231532,13.658347317352144,12.577400227623158,12.811317443847656,59200,0.0,0.0
2024-01-09 00:00:00-05:00,12.64388233321239,13.084633289878461,12.64388233321239,12.747299194335938,36400,0.0,0.0
2024-01-10 00:00:00-05:00,12.794082180234055,12.995990256989256,12.680816857037883,12.828554153442383,39600,0.0,0.0
2024-01-11 00:00:00-05:00,12.803931362049342,12.823630168850544,12.557701912779162,12.7128267288208,49600,0.0,0.0
2024-01-12 00:00:00-05:00,12.909808361813978,13.032923069869202,12.594635009765625,12.594635009765625,51200,0.0,0.0
2024-01-16 00:00:00-05:00,12.557701741291808,12.872875131480587,12.469058990478516,12.469058990478516,28800,0.0,0.0
2024-01-17 00:00:00-05:00,12.32132064094088,12.641418705284265,11.993835055136698,12.560162544250488,33600,0.0,0.0
2024-01-18 00:00:00-05:00,12.3139328866063,12.658654450481984,12.3139328866063,12.609408378601074,12000,0.0,0.0
2024-01-19 00:00:00-05:00,12.823628282300703,12.978752136230469,12.720211440390191,12.978752136230469,20800,0.0,0.0
2024-01-22 00:00:00-05:00,12.988602923052344,13.665733881126163,12.988602923052344,13.60417652130127,35200,0.0,0.0
2024-01-23 00:00:00-05:00,13.685432553795678,13.685432553795678,13.084632126612094,13.429353713989258,19600,0.0,0.0
2024-01-24 00:00:00-05:00,13.552469366642123,13.606639207776592,13.343173767274923,13.461363792419434,20000,0.0,0.0
2024-01-25 00:00:00-05:00,13.663271438317418,13.867641376103116,13.663271438317418,13.862716674804688,24800,0.0,0.0
2024-01-26 00:00:00-05:00,13.862717287518134,14.104022026062012,13.862717287518134,14.104022026062012,16800,0.0,0.0
2024-01-29 00:00:00-05:00,14.10402154136306,14.10402154136306,13.66819533471963,14.0375394821167,22000,0.0,0.0
2024-01-30 00:00:00-05:00,13.961208332336316,14.182814247245677,13.961208332336316,14.158191680908203,19200,0.0,0.0
2024-01-31 00:00:00-05:00,13.77899861137082,14.069549412522383,13.596789360046387,13.596789360046387,19600,0.0,0.0
2024-02-01 00:00:00-05:00,13.833168689586385,14.219748798221623,13.788847319487635,14.207437515258789,58800,0.0,0.0
2024-02-02 00:00:00-05:00,14.458592714113584,14.520150072822458,14.271457817635783,14.281307220458984,34800,0.0,0.0
2024-02-05 00:00:00-05:00,14.30592921334427,14.401959478075382,13.911962509155273,13.911962509155273,24400,0.0,0.0
2024-02-06 00:00:00-05:00,13.958746054010398,14.394572257995605,13.958746054010398,14.394572257995605,14800,0.0,0.0
2024-02-07 00:00:00-05:00,14.328090286545653,14.384722943098316,14.0375394821167,14.0375394821167,20000,0.0,0.0
2024-02-08 00:00:00-05:00,14.23206149323761,14.305930137634277,14.23206149323761,14.305930137634277,14800,0.0,0.0
2024-02-09 00:00:00-05:00,14.281306485819622,14.315778454636812,14.170503057985295,14.296080589294434,37200,0.0,0.0
2024-02-12 00:00:00-05:00,14.419196630908138,15.258839000411701,14.283769684785959,14.58663272857666,76800,0.0,0.0
2024-02-13 00:00:00-05:00,14.291155910413638,14.291155910413638,14.067087173461914,14.067087173461914,43600,0.0,0.0
2024-02-14 00:00:00-05:00,14.24437300275305,14.522612538315759,14.15080649003951,14.453668594360352,34000,0.0,0.0
2024-02-15 00:00:00-05:00,14.60386966920118,14.820550918579102,14.227137955175419,14.820550918579102,56400,0.0,0.0
2024-02-16 00:00:00-05:00,14.820549773467004,15.820241645971933,14.675274365138588,14.77376651763916,25600,0.0,0.0
2024-02-20 00:00:00-05:00,14.84271152093351,14.89934418391447,14.416734668631717,14.847636222839355,18400,0.0,0.0
2024-02-21 00:00:00-05:00,14.677738115691719,14.776229335142919,14.52753799629099,14.539849281311035,44000,0.0,0.0
2024-02-22 00:00:00-05:00,14.761456901689996,14.761456901689996,14.520152134011989,14.557085990905762,23200,0.0,0.0
2024-02-23 00:00:00-05:00,14.773767847083375,14.773767847083375,14.712210481053862,14.76638126373291,13600,0.0,0.0
2024-02-26 00:00:00-05:00,14.76391925282297,14.76391925282297,14.61371912118662,14.756532669067383,21200,0.0,0.0
2024-02-27 00:00:00-05:00,14.756530531845176,14.798389086118913,14.61125512351676,14.77376651763916,92000,0.0,0.0
2024-02-28 00:00:00-05:00,14.591555809546058,14.680198555853844,14.308392524719238,14.308392524719238,38800,0.0,0.0
2024-02-29 00:00:00-05:00,15.537077524138258,16.923350494674224,15.537077524138258,16.736215591430664,68400,0.0,0.0
2024-03-01 00:00:00-05:00,17.12525818940606,17.824548892630773,16.073857435601028,17.80238914489746,155600,0.0,0.0
2024-03-04 00:00:00-05:00,17.82454832435917,18.036305784884608,16.47521209716797,16.47521209716797,153200,0.0,0.0
2024-03-05 00:00:00-05:00,16.70174140149648,17.420730830864883,16.70174140149648,16.748523712158203,60000,0.0,0.0
2024-03-06 00:00:00-05:00,17.23359668460024,17.568468848123214,16.77560981032856,16.861791610717773,47200,0.0,0.0
2024-03-07 00:00:00-05:00,17.40841917527851,17.40841917527851,16.554004669189453,16.554004669189453,36400,0.0,0.0
2024-03-08 00:00:00-05:00,16.74901758268857,16.985996829656866,16.642870451753886,16.7934513092041,36400,0.0425,0.0
2024-03-11 00:00:00-04:00,16.509568870900424,16.519443241368702,15.946742937613667,16.29480743408203,24800,0.0,0.0
2024-03-12 00:00:00-04:00,16.472542150911462,16.472542150911462,16.04548457883439,16.35405158996582,43200,0.0,0.0
2024-03-13 00:00:00-04:00,16.509571211428536,16.61325117437217,16.270124756165412,16.470075607299805,38800,0.0,0.0
2024-03-14 00:00:00-04:00,16.83047849458356,17.032898370904043,16.16644170904796,16.24296760559082,35600,0.0,0.0
2024-03-15 00:00:00-04:00,16.045486450195312,16.662620544433594,16.045486450195312,16.662620544433594,96400,0.0,0.0
2024-03-18 00:00:00-04:00,16.435514212100035,16.832948684692383,16.435514212100035,16.832948684692383,29200,0.0,0.0
2024-03-19 00:00:00-04:00,16.608312360311515,16.73667730594801,16.479949298018806,16.692243576049805,32400,0.0,0.0
2024-03-20 00:00:00-04:00,16.953908130378604,16.98353124528694,16.84282474532402,16.902069091796875,28400,0.0,0.0
2024-03-21 00:00:00-04:00,17.089681899001654,17.58585646313486,16.971191298356224,17.583389282226562,54400,0.0,0.0
2024-03-22 00:00:00-04:00,17.61053937792681,17.81296118917763,17.203232341495916,17.63275718688965,27600,0.0,0.0
2024-03-25 00:00:00-04:00,17.477238330134476,17.798146929645654,17.18348189813694,17.269880294799805,36800,0.0,0.0
2024-03-26 00:00:00-04:00,17.26988018476048,17.272349248461914,16.958844075412216,16.995872497558594,31200,0.0,0.0
2024-03-27 00:00:00-04:00,16.850229756018308,17.000810624961463,16.746549797339696,16.995872497558594,40000,0.0,0.0
2024-03-28 00:00:00-04:00,17.008215352843568,17.496984481811523,16.973655995576895,17.496984481811523,34000,0.0,0.0
2024-04-01 00:00:00-04:00,17.526609061420828,17.526609061420828,16.98846803180683,17.032901763916016,42000,0.0,0.0
2024-04-02 00:00:00-04:00,17.057587121821744,17.462426963882514,16.7514891180708,17.218042373657227,38400,0.0,0.0
2024-04-03 00:00:00-04:00,17.52660619726905,17.52660619726905,17.010683059692383,17.010683059692383,23600,0.0,0.0
2024-04-04 00:00:00-04:00,17.010683460112865,17.482172883940144,17.010683460112865,17.190885543823242,40800,0.0,0.0
2024-04-05 00:00:00-04:00,16.93168725066146,17.245192372346875,16.93168725066146,16.97365379333496,20400,0.0,0.0
2024-04-08 00:00:00-04:00,16.958843805105083,17.25506929421077,16.855165731422783,17.084739685058594,42400,0.0,0.0
2024-04-09 00:00:00-04:00,17.079804277068337,17.47230066808126,17.064991777714596,17.425397872924805,30000,0.0,0.0
2024-04-10 00:00:00-04:00,17.279752089090973,17.287157395794193,17.032898487818247,17.17360496520996,36400,0.0,0.0
2024-04-11 00:00:00-04:00,17.63028467304426,17.63028467304426,16.74901734573985,16.87244415283203,20400,0.0,0.0
2024-04-12 00:00:00-04:00,16.749018804246756,16.786047226267574,16.41083052870462,16.707054138183594,24000,0.0,0.0
2024-04-15 00:00:00-04:00,16.68483590682457,17.06252354180814,16.065234653049806,16.223220825195312,21200,0.0,0.0
2024-04-16 00:00:00-04:00,16.282463558719453,16.43798065185547,16.18372174005729,16.43798065185547,18800,0.0,0.0
2024-04-17 00:00:00-04:00,16.692242171582432,16.692242171582432,16.294807699639257,16.524381637573242,39600,0.0,0.0
2024-04-18 00:00:00-04:00,16.53919233173141,16.53919233173141,15.951681401533317,16.181255340576172,42400,0.0,0.0
2024-04-19 00:00:00-04:00,15.971429122367534,16.203472137451172,15.613492111875471,16.203472137451172,35600,0.0,0.0
2024-04-22 00:00:00-04:00,16.386143242924604,16.386143242924604,16.21828269958496,16.21828269958496,32400,0.0,0.0
2024-04-23 00:00:00-04:00,16.539194132998176,16.66015189111219,16.366397335692447,16.534257888793945,41200,0.0,0.0
2024-04-24 00:00:00-04:00,16.378740950381758,16.475013732910156,16.378740950381758,16.475013732910156,22800,0.0,0.0
2024-04-25 00:00:00-04:00,16.102262468000166,16.539192546911547,16.102262468000166,16.42070198059082,34400,0.0,0.0
2024-04-26 00:00:00-04:00,16.423172783862437,16.479949951171875,16.34664875619411,16.479949951171875,18400,0.0,0.0
2024-04-29 00:00:00-04:00,16.366397626219523,17.032901722908843,16.366397626219523,16.739145278930664,34000,0.0,0.0
2024-04-30 00:00:00-04:00,16.186194334596006,16.250376813229884,15.889970697329415,15.912186622619629,34000,0.0,0.0
2024-05-01 00:00:00-04:00,15.317269079958855,16.630531388800204,15.317269079958855,16.302215576171875,36400,0.0,0.0
2024-05-02 00:00:00-04:00,14.564365317720254,15.072884174595098,13.310348326497062,14.58658218383789,206400,0.0,0.0
2024-05-03 00:00:00-04:00,14.095343195037964,14.603862058693386,14.095343195037964,14.524868965148926,41200,0.0,0.0
2024-05-06 00:00:00-04:00,14.31751032265033,14.811217575155514,14.06078232534639,14.411314964294434,95600,0.0,0.0
2024-05-07 00:00:00-04:00,14.366882389640008,14.366882389640008,13.996601920534193,14.041035652160645,50400,0.0,0.0
2024-05-08 00:00:00-04:00,13.752213963596269,14.115089060456421,13.752213963596269,13.91266918182373,31600,0.0,0.0
2024-05-09 00:00:00-04:00,13.749747628658087,13.823803530666567,13.547327723721363,13.636195182800293,65200,0.0,0.0
2024-05-10 00:00:00-04:00,13.646099106680502,13.977904127233282,13.618861233081734,13.675812721252441,130800,0.0425,0.0
2024-05-13 00:00:00-04:00,13.710480601885653,13.809527256519583,13.5297212600708,13.5297212600708,54800,0.0,0.0
2024-05-14 00:00:00-04:00,13.50991148505227,13.646099916549849,13.420769691467285,13.420769691467285,128800,0.0,0.0
2024-05-15 00:00:00-04:00,13.789716799810282,13.95066736871577,13.497530223525116,13.92838191986084,161600,0.0,0.0
2024-05-16 00:00:00-04:00,13.86647792198605,13.953143031166924,13.760003105233062,13.779812812805176,58000,0.0,0.0
2024-05-17 00:00:00-04:00,13.920953694949995,13.920953694949995,13.762479812441233,13.81943130493164,55600,0.0,0.0
2024-05-20 00:00:00-04:00,13.712956427125023,13.854097287143883,13.685718551581237,13.722860336303711,18400,0.0,0.0
2024-05-21 00:00:00-04:00,13.710478704417836,13.886286539291001,13.586670875549316,13.586670875549316,16400,0.0,0.0
2024-05-22 00:00:00-04:00,13.60648138536509,13.745145557358965,13.242486044723513,13.321722984313965,110400,0.0,0.0
2024-05-23 00:00:00-04:00,13.358864371654786,13.358864371654786,12.410495988323898,12.754681587219238,88000,0.0,0.0
2024-05-24 00:00:00-04:00,12.628399525547458,13.764955520629883,12.306499334400254,13.764955520629883,52800,0.0,0.0
2024-05-28 00:00:00-04:00,13.690671830545828,13.698099999036872,13.433151284295421,13.519816398620605,41200,0.0,0.0
2024-05-29 00:00:00-04:00,13.430674574982357,13.643623261201625,13.376198824430608,13.470293045043945,91200,0.0,0.0
2024-05-30 00:00:00-04:00,13.371244890466233,14.138853015605953,13.371244890466233,14.05466365814209,41600,0.0,0.0
2024-05-31 00:00:00-04:00,14.054665676119592,14.361709537008261,13.76248004075853,14.255234718322754,117200,0.0,0.0
2024-06-03 00:00:00-04:00,14.255233533284285,14.255233533284285,13.705526463403157,13.876381874084473,59200,0.0,0.0
2024-06-04 00:00:00-04:00,13.636195315135945,13.9407624857989,13.56686322754469,13.87885856628418,32800,0.0,0.0
2024-06-05 00:00:00-04:00,14.314661828649163,14.314661828649163,13.866477138239832,14.067046165466309,20000,0.0,0.0
2024-06-06 00:00:00-04:00,13.893714922222625,14.126473304056717,13.86647704831654,13.930856704711914,28800,0.0,0.0
2024-06-07 00:00:00-04:00,13.955618814242518,13.955618814242518,13.866477025091466,13.88133430480957,20800,0.0,0.0
2024-06-10 00:00:00-04:00,13.705526384656507,13.987809030121404,13.618861281605078,13.755049705505371,22400,0.0,0.0
2024-06-11 00:00:00-04:00,13.698098382013644,14.024950981140137,13.623813872135585,14.024950981140137,18400,0.0,0.0
2024-06-12 00:00:00-04:00,14.35675707161313,14.35675707161313,14.027428707050772,14.180950164794922,21200,0.0,0.0
2024-06-13 00:00:00-04:00,14.334470628828559,14.334470628828559,13.992760748241013,14.128950119018555,24400,0.0,0.0
2024-06-14 00:00:00-04:00,13.859049813469749,13.982857652590747,13.859049813469749,13.886287689208984,23200,0.0,0.0
2024-06-17 00:00:00-04:00,13.841716885534586,14.126474350698873,13.841716885534586,14.069522857666016,24400,0.0,0.0
2024-06-18 00:00:00-04:00,13.819430413466696,14.188377220273823,13.819430413466696,13.920952796936035,47200,0.0,0.0
2024-06-20 00:00:00-04:00,14.116568593120979,14.161139488220215,13.965523831483345,14.161139488220215,24400,0.0,0.0
2024-06-21 00:00:00-04:00,14.071998629683762,14.128950119018555,14.071998629683762,14.128950119018555,53200,0.0,0.0
2024-06-24 00:00:00-04:00,14.23790199505362,14.856941212229865,14.08190384784312,14.842083930969238,132400,0.0,0.0
2024-06-25 00:00:00-04:00,14.849513079220442,15.047605440272385,14.67122948198425,14.908940315246582,89600,0.0,0.0
2024-06-26 00:00:00-04:00,14.782656714961655,15.08722389687243,14.651419758430185,14.881702423095703,128800,0.0,0.0
2024-06-27 00:00:00-04:00,14.755418079977433,15.20360279083252,14.755418079977433,15.20360279083252,94800,0.0,0.0
2024-06-28 00:00:00-04:00,15.297697198503794,15.740929515302708,14.943606682243086,15.552742004394531,308400,0.0,0.0
2024-07-01 00:00:00-04:00,15.65921573185512,15.745880840435415,15.10703194434465,15.310077667236328,121600,0.0,0.0
2024-07-02 00:00:00-04:00,15.317505864578692,15.701309973364854,15.272934967343772,15.376933097839355,84800,0.0,0.0
2024-07-03 00:00:00-04:00,15.535406718043903,15.545310626432723,14.988175398819305,14.990652084350586,32000,0.0,0.0
2024-07-05 00:00:00-04:00,14.88913128189342,14.88913128189342,13.596577114487866,14.403803825378418,114800,0.0,0.0
2024-07-08 00:00:00-04:00,14.374090418023616,14.92379754453357,14.374090418023616,14.807417869567871,90800,0.0,0.0
2024-07-09 00:00:00-04:00,14.606850586051328,14.790085675431303,14.475613622491146,14.537517547607422,64000,0.0,0.0
2024-07-10 00:00:00-04:00,14.393899311493655,15.010461807250977,14.393899311493655,15.010461807250977,24800,0.0,0.0
2024-07-11 00:00:00-04:00,15.267982540475577,15.649310908117062,15.267982540475577,15.376933097839355,44400,0.0,0.0
2024-07-12 00:00:00-04:00,15.570074125299021,15.859784960264308,15.550264417625323,15.656739234924316,31200,0.0,0.0
2024-07-15 00:00:00-04:00,15.852355058151021,16.320350433022877,15.822642385507407,15.936545372009277,111600,0.0,0.0
2024-07-16 00:00:00-04:00,16.14701721326045,17.286048889160156,16.14701721326045,17.286048889160156,164800,0.0,0.0
2024-07-17 00:00:00-04:00,16.434252761712948,16.835388939607277,16.404538201100994,16.49120330810547,112400,0.0,0.0
2024-07-18 00:00:00-04:00,16.59520148685206,16.783389926316676,16.310444975710354,16.565488815307617,60000,0.0,0.0
2024-07-19 00:00:00-04:00,16.570440978202736,16.570440978202736,15.406648029016413,16.05292510986328,46000,0.0,0.0
2024-07-22 00:00:00-04:00,15.941496387452945,16.894818242209745,15.748356464295854,16.808151245117188,27600,0.0,0.0
2024-07-23 00:00:00-04:00,17.204336840617685,17.26624075544709,16.761104583740234,16.761104583740234,101200,0.0,0.0
2024-07-24 00:00:00-04:00,16.335206767108915,16.644726368155673,15.9216890335083,15.9216890335083,58400,0.0,0.0
2024-07-25 00:00:00-04:00,16.36491783516533,17.021099702877247,16.164349757883237,16.468917846679688,54000,0.0,0.0
2024-07-26 00:00:00-04:00,16.75120174210698,17.0037689137092,16.535775412536125,16.993864059448242,97600,0.0,0.0
2024-07-29 00:00:00-04:00,16.79081802144091,16.79081802144091,16.389681844068036,16.441680908203125,15200,0.0,0.0
2024-07-30 00:00:00-04:00,16.763577878197133,17.828325873529195,16.21634754683353,17.34052276611328,131200,0.0,0.0
2024-07-31 00:00:00-04:00,17.60547451406756,18.363179781384137,17.60547451406756,17.684711456298828,90800,0.0,0.0
2024-08-01 00:00:00-04:00,18.03137250122339,18.03137250122339,16.83786508131968,17.167194366455078,52400,0.0,0.0
2024-08-02 00:00:00-04:00,16.746245200942848,17.27366772785979,16.392154757050562,16.461488723754883,47600,0.0,0.0
2024-08-05 00:00:00-04:00,16.243588952700797,16.243588952700797,14.819798729369072,15.327411651611328,81600,0.0,0.0
2024-08-06 00:00:00-04:00,15.307600491490282,16.468918576763127,15.307600491490282,16.109874725341797,198400,0.0,0.0
2024-08-07 00:00:00-04:00,18.57117828703807,18.940125166709667,17.766427227933086,18.209659576416016,154400,0.0,0.0
2024-08-08 00:00:00-04:00,18.64546012471821,20.304484306275228,18.57365135596052,20.193058013916016,85200,0.0,0.0
2024-08-09 00:00:00-04:00,20.396105335295637,20.40105681793173,19.363546458572007,19.512117385864258,116400,0.0,0.0
2024-08-12 00:00:00-04:00,20.51248185622223,22.240840119680797,20.48772066625679,20.79971694946289,187200,0.0,0.0
2024-08-13 00:00:00-04:00,21.90655752402077,21.90655752402077,20.874000685514876,21.086950302124023,62800,0.0,0.0
2024-08-14 00:00:00-04:00,21.317234864958916,21.344472743294393,20.874004421116993,21.01266860961914,69200,0.0,0.0
2024-08-15 00:00:00-04:00,21.52523100806949,21.52523100806949,20.893810272216797,20.893810272216797,78400,0.0,0.0
2024-08-16 00:00:00-04:00,20.836744664763355,21.203954617692297,20.8069701173753,21.184104919433594,93600,0.0425,0.0
2024-08-19 00:00:00-04:00,21.491769409500463,22.206341504949815,21.107189553622828,21.39252281188965,120400,0.0,0.0
2024-08-20 00:00:00-04:00,21.412374331743763,22.275815450584115,21.275910011797258,22.136871337890625,164400,0.0,0.0
2024-08-21 00:00:00-04:00,22.124463287382184,22.327917964026117,21.692742757522407,21.988000869750977,100400,0.0,0.0
2024-08-22 00:00:00-04:00,21.958226097416155,22.670318404869867,21.61830711364746,21.61830711364746,53200,0.0,0.0
2024-08-23 00:00:00-04:00,21.868904542758127,22.660393757250585,21.821761982254635,22.60828971862793,100000,0.0,0.0
2024-08-26 00:00:00-04:00,22.667835844797082,23.47421134833712,22.330398559570312,23.13677406311035,135200,0.0,0.0
2024-08-27 00:00:00-04:00,22.89362113481965,23.089632647925118,22.509043165259747,23.00031089782715,84800,0.0,0.0
2024-08-28 00:00:00-04:00,22.925877449777456,23.26083306735305,22.7745268111815,22.958131790161133,73200,0.0,0.0
2024-08-29 00:00:00-04:00,23.15414245713121,23.570976646171843,22.90850859895572,23.298049926757812,74400,0.0,0.0
2024-08-30 00:00:00-04:00,23.570976721511606,23.891046000991857,22.96805587281093,23.566015243530273,54000,0.0,0.0
2024-09-03 00:00:00-04:00,23.600749286267778,23.608192449100372,22.377539679202684,22.449493408203125,154000,0.0,0.0
2024-09-04 00:00:00-04:00,22.618214319351637,23.23353981982515,22.44701398506414,22.858884811401367,72000,0.0,0.0
2024-09-05 00:00:00-04:00,23.01271668658389,23.022641535492077,22.48671105227799,22.491674423217773,85600,0.0,0.0
2024-09-06 00:00:00-04:00,22.518966982065646,22.702571951973123,21.712591475574797,21.791988372802734,114400,0.0,0.0
2024-09-09 00:00:00-04:00,21.990480203246666,22.233634271706624,21.58109106592817,21.806875228881836,69200,0.0,0.0
2024-09-10 00:00:00-04:00,21.84409340152399,22.00784868132108,21.33545576328756,21.863943099975586,78800,0.0,0.0
2024-09-11 00:00:00-04:00,21.362750584310547,21.784548196713,20.938473179102825,21.635677337646484,60000,0.0,0.0
2024-09-12 00:00:00-04:00,21.677857281993422,21.844094253825972,21.484325553996374,21.648082733154297,134400,0.0,0.0
2024-09-13 00:00:00-04:00,21.86890424261136,23.082189120523545,21.861461079049057,22.777008056640625,70000,0.0,0.0
2024-09-16 00:00:00-04:00,22.767084336429164,23.288126634310824,22.417240487883273,22.888660430908203,95600,0.0,0.0
2024-09-17 00:00:00-04:00,23.226095650949727,24.06720717287326,23.025122671030168,23.469247817993164,136000,0.0,0.0
2024-09-18 00:00:00-04:00,23.54616840213336,24.20863653183334,23.53376186621788,23.762027740478516,222000,0.0,0.0
2024-09-19 00:00:00-04:00,24.419530791446846,24.977790751850826,23.833977970429853,24.83388328552246,117600,0.0,0.0
2024-09-20 00:00:00-04:00,24.83388406005043,25.709733526452005,24.253294591748894,24.598175048828125,212400,0.0,0.0
2024-09-23 00:00:00-04:00,24.555993760109946,24.69741953334152,23.47669160724041,23.752099990844727,164800,0.0,0.0
2024-09-24 00:00:00-04:00,24.089538597015334,24.31532466322877,23.74713980873756,23.779394149780273,164000,0.0,0.0
2024-09-25 00:00:00-04:00,23.963000952213168,23.987812129321814,23.61812047938001,23.883604049682617,150800,0.0,0.0
2024-09-26 00:00:00-04:00,23.98532829164542,24.434418696794786,23.925781093333224,24.072168350219727,181200,0.0,0.0
2024-09-27 00:00:00-04:00,24.188783342577242,25.027415075049447,24.02254638592874,24.667646408081055,127200,0.0,0.0
2024-09-30 00:00:00-04:00,24.630431671325123,25.18124853670079,24.47908291595575,24.697423934936523,494400,0.0,0.0
2024-10-01 00:00:00-04:00,24.543590838697042,24.655243976924897,23.80172584137261,23.920822143554688,80000,0.0,0.0
2024-10-02 00:00:00-04:00,23.88112285368268,24.0275101267049,23.36256223748618,23.444438934326172,83200,0.0,0.0
2024-10-03 00:00:00-04:00,23.322861568760242,23.436994493961436,22.858884811401367,22.858884811401367,64000,0.0,0.0
2024-10-04 00:00:00-04:00,23.13925758234544,24.0746524076754,23.074747006917736,24.067209243774414,127600,0.0,0.0
2024-10-07 00:00:00-04:00,24.0672069026135,25.7469482421875,24.0672069026135,25.7469482421875,328800,0.0,0.0
2024-10-08 00:00:00-04:00,25.804016193156308,26.40941871728504,25.364852519699408,25.761837005615234,166000,0.0,0.0
2024-10-09 00:00:00-04:00,25.714694750068382,26.282879571247033,25.5559009538318,25.84123420715332,79200,0.0,0.0
2024-10-10 00:00:00-04:00,25.665073862688953,25.836272310070893,25.218465102189374,25.41199493408203,78800,0.0,0.0
2024-10-11 00:00:00-04:00,25.39959164732554,26.389572244125233,25.39959164732554,26.22333526611328,103600,0.0,0.0
2024-10-14 00:00:00-04:00,26.540920786342244,27.091737612292334,26.404456476139682,26.55580711364746,130000,0.0,0.0
2024-10-15 00:00:00-04:00,26.71956397360688,27.004895339469652,26.337465802476885,26.724525451660156,105600,0.0,0.0
2024-10-16 00:00:00-04:00,27.213314235461468,27.30759746519435,26.694751739501953,26.694751739501953,154000,0.0,0.0
2024-10-17 00:00:00-04:00,26.927980959545536,27.119030997514876,26.689790253209768,26.818809509277344,133600,0.0,0.0
2024-10-18 00:00:00-04:00,26.860990929853287,26.908131598811927,26.548364795685163,26.588064193725586,96400,0.0,0.0
2024-10-21 00:00:00-04:00,26.70716056161255,26.803925485222102,26.384609554266287,26.731971740722656,113200,0.0,0.0
2024-10-22 00:00:00-04:00,26.69723190534158,26.883318561595782,26.134010458652934,26.297765731811523,73200,0.0,0.0
2024-10-23 00:00:00-04:00,26.16130463489742,26.29776705389481,25.63033750046285,25.890857696533203,96800,0.0,0.0
2024-10-24 00:00:00-04:00,26.158823056230837,26.158823056230837,25.364854036907627,25.476505279541016,116800,0.0,0.0
2024-10-25 00:00:00-04:00,25.58815437544806,25.779204396957024,25.139065864035867,25.23086929321289,68800,0.0,0.0
2024-10-28 00:00:00-04:00,25.585675721736152,26.057093743593587,25.295379094975573,25.900781631469727,106000,0.0,0.0
2024-10-29 00:00:00-04:00,25.806498316710922,26.483852693216832,25.679958858968078,26.37716293334961,79200,0.0,0.0
2024-10-30 00:00:00-04:00,26.414382117074933,26.7021970734122,25.942962177574756,26.196041107177734,137200,0.0,0.0
2024-10-31 00:00:00-04:00,29.27763656720611,29.424023841415803,25.034860799196817,25.404552459716797,262400,0.0,0.0
2024-11-01 00:00:00-04:00,25.429362758232454,25.647705658617717,24.553515150018285,24.856216430664062,304400,0.0,0.0
2024-11-04 00:00:00-05:00,24.992681344072643,27.315041258296883,24.719752712031568,26.791519165039062,259200,0.0,0.0
2024-11-05 00:00:00-05:00,26.74437513519574,27.498646627965435,26.68978941178252,27.158727645874023,157200,0.0,0.0
2024-11-06 00:00:00-05:00,29.317332984977025,30.43137122460327,28.6598264282994,30.374303817749023,207200,0.0,0.0
2024-11-07 00:00:00-05:00,30.518214615231596,30.76633018120909,29.290043320831625,29.347108840942383,163600,0.0,0.0
2024-11-08 00:00:00-05:00,29.516069796400306,30.06519419007433,29.168207666301548,29.58315658569336,152400,0.0425,0.0
2024-11-11 00:00:00-05:00,29.794357611382118,29.898715673758165,29.021607486067,29.84902000427246,124800,0.0,0.0
2024-11-12 00:00:00-05:00,29.89623192022472,30.8677609809614,29.844052886411948,30.104949951171875,140000,0.0,0.0
2024-11-13 00:00:00-05:00,30.283845448030654,30.93484446377506,30.095007601747174,30.206819534301758,97200,0.0,0.0
2024-11-14 00:00:00-05:00,30.37578432061535,30.82800451033777,29.983197041709055,30.117372512817383,143600,0.0,0.0
2024-11-15 00:00:00-05:00,30.286333413738397,30.42796275896458,29.771995065738476,30.015499114990234,88000,0.0,0.0
2024-11-18 00:00:00-05:00,30.062707766792983,31.45663959502911,30.062707766792983,31.34482765197754,174000,0.0,0.0
2024-11-19 00:00:00-05:00,31.0715111963218,33.34255147172501,31.064055423104183,33.21831512451172,179600,0.0,0.0
2024-11-20 00:00:00-05:00,33.29533792681512,33.51896181424436,32.5051966525992,33.34006118774414,209600,0.0,0.0
2024-11-21 00:00:00-05:00,33.49659605995498,35.253299448198476,33.47671779374753,33.92893981933594,190400,0.0,0.0
2024-11-22 00:00:00-05:00,34.301653648710555,34.7563591003418,33.78234666627956,34.7563591003418,116800,0.0,0.0
2024-11-25 00:00:00-05:00,35.40735646351611,35.40735646351611,33.63823221697048,34.127723693847656,175600,0.0,0.0
2024-11-26 00:00:00-05:00,34.040755169506696,34.48055284897986,33.63574351154377,33.859371185302734,112800,0.0,0.0
2024-11-27 00:00:00-05:00,33.96372964245114,34.259412724402246,32.808329459820165,33.27545928955078,93200,0.0,0.0
2024-11-29 00:00:00-05:00,33.357452924011774,33.70531311392523,33.357452924011774,33.446903228759766,72000,0.0,0.0
2024-12-02 00:00:00-05:00,33.342548504309946,34.17492968172338,32.71639630849129,34.020877838134766,154400,0.0,0.0
2024-12-03 00:00:00-05:00,34.04323943317925,34.5128526317051,33.03692814447535,34.015907287597656,136400,0.0,0.0
2024-12-04 00:00:00-05:00,33.886704020460954,34.386132723330036,33.31024560495748,33.9786376953125,108800,0.0,0.0
2024-12-05 00:00:00-05:00,34.18983968152195,34.761323768898386,33.29533658506784,33.759979248046875,151600,0.0,0.0
2024-12-06 00:00:00-05:00,33.79228519530382,34.040757880563405,33.429513406612216,33.665565490722656,91200,0.0,0.0
2024-12-09 00:00:00-05:00,33.75252787593656,33.75252787593656,31.819410732589557,32.21696853637695,125600,0.0,0.0
2024-12-10 00:00:00-05:00,31.938675264654627,32.8654810515566,31.25537731932541,32.64930725097656,95600,0.0,0.0
2024-12-11 00:00:00-05:00,33.06674198440982,33.51896025321957,32.38344217071906,32.425682067871094,267600,0.0,0.0
2024-12-12 00:00:00-05:00,32.351140958856355,33.106500000777004,32.28902279119673,32.674156188964844,98400,0.0,0.0
2024-12-13 00:00:00-05:00,32.552402551155254,32.9723219625878,31.28270897414338,31.58336067199707,76400,0.0,0.0
2024-12-16 00:00:00-05:00,31.436767055344546,34.314083444577776,31.088906771038292,33.70283889770508,182800,0.0,0.0
2024-12-17 00:00:00-05:00,33.648167049650624,33.648167049650624,32.14242334171135,33.06425857543945,80800,0.0,0.0
2024-12-18 00:00:00-05:00,33.275460555692426,34.31656168228727,30.465235176423903,30.53729248046875,134800,0.0,0.0
2024-12-19 00:00:00-05:00,31.016845047454154,31.60820934241379,30.16706893824349,30.905031204223633,114000,0.0,0.0
2024-12-20 00:00:00-05:00,30.14718912224222,31.74238318836565,29.381892853418695,30.959693908691406,185200,0.0,0.0
2024-12-23 00:00:00-05:00,31.006905755999224,31.30755746929223,29.96331936960516,30.549715042114258,72800,0.0,0.0
2024-12-24 00:00:00-05:00,30.54971392466082,32.03557942512047,30.512444540831783,31.988372802734375,69600,0.0,0.0
2024-12-26 00:00:00-05:00,31.966007226525342,32.24429919287443,31.14604855941772,31.963523864746094,94000,0.0,0.0
2024-12-27 00:00:00-05:00,31.792075592392983,31.8044999834774,30.780791957808688,31.37961196899414,64800,0.0,0.0
2024-12-30 00:00:00-05:00,31.146049376530907,32.08279052550303,29.985682441318627,31.451671600341797,246400,0.0,0.0
2024-12-31 00:00:00-05:00,31.55602800117207,32.229390581850474,31.307555339745516,31.49390983581543,128400,0.0,0.0
2025-01-02 00:00:00-05:00,31.493910993235783,31.69765850726556,30.793218138089856,31.03920555114746,113600,0.0,0.0
2025-01-03 00:00:00-05:00,31.13362628740007,32.274114931964526,31.13362628740007,31.675296783447266,155200,0.0,0.0
2025-01-06 00:00:00-05:00,31.89146762873812,32.54991866533507,31.175865150178463,31.496395111083984,123200,0.0,0.0
2025-01-07 00:00:00-05:00,31.213137072501915,32.925111698669205,30.29875758324159,30.95720863342285,126800,0.0,0.0
2025-01-08 00:00:00-05:00,30.57953063049073,31.09635422569619,30.31615021372271,30.890121459960938,62000,0.0,0.0
2025-01-10 00:00:00-05:00,30.480142968746605,30.93484842465437,30.313666729380188,30.872730255126953,114800,0.0,0.0
2025-01-13 00:00:00-05:00,30.114885635284825,30.947270562884796,29.993134562673372,30.81557846069336,99600,0.0,0.0
2025-01-14 00:00:00-05:00,30.837943889645715,32.617009155103226,30.837943889645715,31.469064712524414,218400,0.0,0.0
2025-01-15 00:00:00-05:00,32.371016600297935,32.69900231879021,31.650445534787348,32.22690200805664,95200,0.0,0.0
2025-01-16 00:00:00-05:00,32.269145589412595,32.269145589412595,31.546091079711914,31.546091079711914,72400,0.0,0.0
2025-01-17 00:00:00-05:00,31.806987055087895,32.34368896484375,31.344829604837432,32.34368896484375,87200,0.0,0.0
2025-01-21 00:00:00-05:00,32.71639583900629,34.22959348174401,32.592159504632576,33.936397552490234,140800,0.0,0.0
2025-01-22 00:00:00-05:00,34.413462634189955,34.483034674110186,33.29533568939678,33.60344314575195,96000,0.0,0.0
2025-01-23 00:00:00-05:00,33.44193605361785,33.76743464769542,33.19843389636314,33.367393493652344,69600,0.0,0.0
2025-01-24 00:00:00-05:00,33.15370452687499,33.15370452687499,32.266659120313804,32.9698371887207,85200,0.0,0.0
2025-01-27 00:00:00-05:00,32.01321680641533,32.246781714911435,31.083929582947963,31.496395111083984,141600,0.0,0.0
2025-01-28 00:00:00-05:00,31.804501051357814,32.61452057260847,31.52372762296435,32.535011291503906,104400,0.0,0.0
2025-01-29 00:00:00-05:00,32.38344321776369,32.78348436418729,31.804501447387178,32.604583740234375,57200,0.0,0.0
2025-01-30 00:00:00-05:00,32.59961451328605,33.06426099812347,32.08527804264429,32.16975784301758,69600,0.0,0.0
2025-01-31 00:00:00-05:00,32.39338159430901,32.636887546872764,31.31998160427249,31.488943099975586,88800,0.0,0.0
2025-02-03 00:00:00-05:00,30.12731114925299,31.123687083829356,29.54340075560255,31.011873245239258,152800,0.0,0.0
2025-02-04 00:00:00-05:00,31.04666050962168,31.493912090486916,30.57953255514829,31.225561141967773,48800,0.0,0.0
2025-02-05 00:00:00-05:00,31.379614480482346,31.705113079429548,31.170896446874007,31.483972549438477,65600,0.0,0.0
2025-02-06 00:00:00-05:00,31.625599597025765,31.74983592598686,31.277737496795503,31.742382049560547,62400,0.0,0.0
2025-02-07 00:00:00-05:00,31.742381716127774,31.742381716127774,31.160956612631374,31.362218856811523,77600,0.0,0.0
2025-02-10 00:00:00-05:00,31.30755443149396,32.110120043029056,31.270283154222046,31.339855194091797,72400,0.0,0.0
2025-02-11 00:00:00-05:00,31.061568909909276,31.81692605181971,31.061568909909276,31.662872314453125,72800,0.0,0.0
2025-02-12 00:00:00-05:00,31.056596638924024,31.62063062775001,31.056596638924024,31.35973358154297,60800,0.0,0.0
2025-02-13 00:00:00-05:00,31.585846648794842,32.14739541656218,31.06156916085072,32.035579681396484,86000,0.0,0.0
2025-02-14 00:00:00-05:00,32.30144793377747,33.04686596301849,31.426824946907615,32.147396087646484,112000,0.0,0.0
2025-02-18 00:00:00-05:00,32.35114143251528,32.9996552640325,31.25537792471809,31.446701049804688,106800,0.0,0.0
2025-02-19 00:00:00-05:00,31.40446104321655,31.40446104321655,30.681406549295943,30.773340225219727,86400,0.0,0.0
2025-02-20 00:00:00-05:00,30.81060942402357,31.640507187285,29.804294406331525,31.39203453063965,100800,0.0,0.0
2025-02-21 00:00:00-05:00,31.854196819056178,31.854196819056178,30.512445863556845,30.912487030029297,124000,0.0,0.0
2025-02-24 00:00:00-05:00,30.942303629522186,30.942303629522186,29.779451370239258,29.779451370239258,165200,0.0,0.0
2025-02-25 00:00:00-05:00,29.81671990814611,30.29378697170941,29.45891866262564,29.96331787109375,91600,0.0,0.0
2025-02-26 00:00:00-05:00,29.960835630635096,31.141080837837144,29.960835630635096,30.810611724853516,111200,0.0,0.0
2025-02-27 00:00:00-05:00,30.842913104763845,30.905031274801736,30.065194298340028,30.259002685546875,114400,0.0,0.0
2025-02-28 00:00:00-05:00,30.065193564074345,31.46657929424824,30.01549978753612,30.460264205932617,122400,0.0,0.0
2025-03-03 00:00:00-05:00,30.621771745120597,30.62674226017938,28.919734311130785,29.135906219482422,160000,0.0,0.0
2025-03-04 00:00:00-05:00,28.69362398594615,29.816719589719348,27.82645302631071,29.25765609741211,143600,0.0,0.0
2025-03-05 00:00:00-05:00,29.29741227047584,30.38820709696263,28.6364740844919,29.52103614807129,271200,0.0,0.0
2025-03-06 00:00:00-05:00,32.19957598491134,36.028541166390944,31.332406800735914,33.29534149169922,555600,0.0,0.0
2025-03-07 00:00:00-05:00,32.959898769872346,33.80470813836657,31.620633101100065,32.763607025146484,215200,0.0,0.0
2025-03-10 00:00:00-04:00,31.806983141994298,32.30144508941798,29.376922779659186,30.69879722595215,438000,0.0,0.0
2025-03-11 00:00:00-04:00,30.72116282469596,30.810613143542582,29.55831057538602,30.065195083618164,187600,0.0,0.0
2025-03-12 00:00:00-04:00,30.517411810453613,31.05908228126674,29.481281280517578,29.481281280517578,109200,0.0,0.0
2025-03-13 00:00:00-04:00,29.60054564816469,29.60054564816469,27.582948975028806,27.63264274597168,162000,0.0,0.0
2025-03-14 00:00:00-04:00,27.878632725374352,28.191708819354645,27.327024992146633,27.74445915222168,135200,0.0,0.0
2025-03-17 00:00:00-04:00,27.62749788793709,28.24465055932513,27.361226808827887,27.816625595092773,111200,0.0425,0.0
2025-03-18 00:00:00-04:00,27.610077261873585,28.50843146204282,27.152191345261766,28.217275619506836,91200,0.0,0.0
2025-03-19 00:00:00-04:00,28.47110700084108,29.643197583968085,28.35414646752369,29.38190269470215,101200,0.0,0.0
2025-03-20 00:00:00-04:00,29.0708386306884,29.113142939452583,28.486037855119104,28.8170108795166,134800,0.0,0.0
2025-03-21 00:00:00-04:00,28.433776172996925,29.215169820462126,27.941049311275815,29.21019172668457,228000,0.0,0.0
2025-03-24 00:00:00-04:00,29.859695370614514,30.397215601452622,28.4860357227836,28.919036865234375,126000,0.0,0.0
2025-03-25 00:00:00-04:00,29.03102173831394,29.15793465747737,28.32428237329597,28.600507736206055,89600,0.0,0.0
2025-03-26 00:00:00-04:00,28.535804830880654,28.983738349674944,27.622520160513627,28.18990135192871,63600,0.0,0.0
2025-03-27 00:00:00-04:00,27.878838922168573,28.3317486685157,27.37367057800293,27.37367057800293,97600,0.0,0.0
2025-03-28 00:00:00-04:00,27.373670428201354,27.61256768774435,26.900852104724184,27.12979507446289,76000,0.0,0.0
2025-03-31 00:00:00-04:00,26.875966753309015,27.993309654319184,26.58232185543125,27.56279754638672,156400,0.0,0.0
2025-04-01 00:00:00-04:00,27.522979659115464,27.652383521783186,26.945644168240733,27.518003463745117,70000,0.0,0.0
2025-04-02 00:00:00-04:00,27.331366594742953,27.863908767700195,27.052652171146384,27.863908767700195,85200,0.0,0.0
2025-04-03 00:00:00-04:00,26.56490245576243,26.56490245576243,24.70349206189155,25.576961517333984,125600,0.0,0.0
2025-04-04 00:00:00-04:00,24.39740488402843,25.186263799646195,23.643385031659072,24.7034912109375,158000,0.0,0.0
2025-04-07 00:00:00-04:00,23.62098745774782,25.60682356018238,22.12290203903067,24.355100631713867,137600,0.0,0.0
2025-04-08 00:00:00-04:00,24.860269705477474,25.450046651563735,23.573707674509834,24.049013137817383,162800,0.0,0.0
2025-04-09 00:00:00-04:00,23.718038496539137,26.94066691927013,23.718038496539137,26.634578704833984,163600,0.0,0.0
2025-04-10 00:00:00-04:00,25.766088723675495,26.211533208870794,25.223592289600468,25.897979736328125,108800,0.0,0.0
2025-04-11 00:00:00-04:00,25.557051523048276,26.500199055168924,25.532166749618078,26.19162368774414,53600,0.0,0.0
2025-04-14 00:00:00-04:00,26.6072060296847,26.7515403776154,25.718806113552933,26.353378295898438,82000,0.0,0.0
2025-04-15 00:00:00-04:00,26.27623193991449,26.97052793112159,26.141853785500906,26.637067794799805,82400,0.0,0.0
2025-04-16 00:00:00-04:00,26.46038668854211,26.579834373492886,25.96517071981572,26.368310928344727,87600,0.0,0.0
2025-04-17 00:00:00-04:00,26.380752517453857,26.76149507320599,26.09954905970199,26.495223999023438,166800,0.0,0.0
2025-04-21 00:00:00-04:00,26.40812626761781,26.93817936752458,26.02489466587529,26.25632667541504,90400,0.0,0.0
2025-04-22 00:00:00-04:00,26.669418990725855,26.781403322477164,26.05226823694228,26.47531509399414,119600,0.0,0.0
2025-04-23 00:00:00-04:00,27.38362441040305,27.38362441040305,26.007475661744824,26.05475616455078,129600,0.0,0.0
2025-04-24 00:00:00-04:00,26.154297400404634,26.773937225341797,26.039825915781595,26.773937225341797,101600,0.0,0.0
2025-04-25 00:00:00-04:00,26.51513195684971,27.26417371426176,26.243882794970137,27.159656524658203,140000,0.0,0.0
2025-04-28 00:00:00-04:00,27.19698472383093,27.249243318803728,26.517619192011438,26.696792602539062,181200,0.0,0.0
2025-04-29 00:00:00-04:00,26.637069253178097,27.08748993613748,26.380752468983825,26.726655960083008,180400,0.0,0.0
2025-04-30 00:00:00-04:00,26.512643008436292,26.542505876399694,25.67650169132658,26.228952407836914,140800,0.0,0.0
2025-05-01 00:00:00-04:00,25.611801359196292,27.015323965138684,23.63592132095069,25.036954879760742,276000,0.0,0.0
2025-05-02 00:00:00-04:00,25.38783341924088,26.18913568635401,24.81298696613215,25.201194763183594,149600,0.0,0.0
2025-05-05 00:00:00-04:00,24.885154820330797,25.499818448166828,24.820452886193678,25.360462188720703,170000,0.0,0.0
2025-05-06 00:00:00-04:00,24.92248213462434,26.99541592047359,24.92248213462434,26.48278045654297,166000,0.0,0.0
2025-05-07 00:00:00-04:00,26.306095657235794,26.567390529614503,25.397787170617608,25.753644943237305,160400,0.0,0.0
2025-05-08 00:00:00-04:00,26.211534457283314,26.485270785073666,25.567007949613778,26.20904541015625,80400,0.0,0.0
2025-05-09 00:00:00-04:00,26.209043935518473,26.75651656029593,25.63170844265647,26.70425796508789,112400,0.0,0.0
2025-05-12 00:00:00-04:00,26.74663010831899,27.58659114622352,26.70425867744286,27.347314834594727,118400,0.0425,0.0
2025-05-13 00:00:00-04:00,27.581606205570655,28.159857749597993,27.167856288772278,27.3697452545166,226400,0.0,0.0
2025-05-14 00:00:00-04:00,27.367254305351903,28.08259022560834,26.856298446655273,26.856298446655273,115200,0.0,0.0
2025-05-15 00:00:00-04:00,26.83137349061256,27.61899107148406,26.355311986663818,27.48689079284668,98400,0.0,0.0
2025-05-16 00:00:00-04:00,27.40463991333777,27.646409216718293,26.818911275159657,27.055696487426758,173200,0.0,0.0
2025-05-19 00:00:00-04:00,26.821403772293007,26.946026965398506,26.355312345502803,26.91611671447754,140800,0.0,0.0
2025-05-20 00:00:00-04:00,26.841344244397625,27.24761517395972,26.69179488969346,27.162872314453125,226000,0.0,0.0
2025-05-21 00:00:00-04:00,26.74164558500266,27.167856686479396,26.245645798128432,26.696781158447266,125200,0.0,0.0
2025-05-22 00:00:00-04:00,26.464980448296142,26.639452151967756,25.742165572972837,26.07366371154785,82000,0.0,0.0
2025-05-23 00:00:00-04:00,25.78204824000521,26.684318991523984,25.78204824000521,26.163394927978516,397200,0.0,0.0
2025-05-27 00:00:00-04:00,26.464981730178938,27.02578610691428,26.170870914315994,26.906147003173828,204400,0.0,0.0
2025-05-28 00:00:00-04:00,26.828882436637002,26.848822605089737,26.40516431581158,26.619516372680664,522400,0.0,0.0
2025-05-29 00:00:00-04:00,26.332882984734756,27.616502346717976,25.924119033964057,27.576622009277344,876400,0.0,0.0
2025-05-30 00:00:00-04:00,27.32488119241327,27.551696321253605,26.43756464793691,27.46196746826172,1271600,0.0,0.0
2025-06-02 00:00:00-04:00,27.322390312431544,27.322390312431544,26.609545475614073,26.793987274169922,396800,0.0,0.0
2025-06-03 00:00:00-04:00,26.838851433425948,27.150409421879722,26.10606643607097,26.69927406311035,458000,0.0,0.0
2025-06-04 00:00:00-04:00,26.826387682284725,26.99587529982843,25.647453348357818,25.697301864624023,226000,0.0,0.0
2025-06-05 00:00:00-04:00,25.797001819544164,26.432580885882707,25.70976596182687,25.772077560424805,261200,0.0,0.0
2025-06-06 00:00:00-04:00,26.173362820288883,26.27555284696085,25.752135830799673,26.273061752319336,582800,0.0,0.0
2025-06-09 00:00:00-04:00,26.539756357376387,26.686810814229403,26.17585495575565,26.499876022338867,371600,0.0,0.0
2025-06-10 00:00:00-04:00,26.524800713078207,26.841344697398764,26.096096612435637,26.793987274169922,476800,0.0,0.0
2025-06-11 00:00:00-04:00,26.90614634631078,26.918609426129144,26.021322825577972,26.362789154052734,343200,0.0,0.0
2025-06-12 00:00:00-04:00,26.25063005495922,26.494892356991357,26.121022767202764,26.437564849853516,258400,0.0,0.0
2025-06-13 00:00:00-04:00,26.063695707641976,26.579635674346218,25.672378939674015,26.17087173461914,334000,0.0,0.0
2025-06-16 00:00:00-04:00,26.280540268354716,26.544740836241285,25.998890627435046,26.38771629333496,244000,0.0,0.0
2025-06-17 00:00:00-04:00,26.317924815107776,26.779032147510843,26.07366442329976,26.462488174438477,446400,0.0,0.0
2025-06-18 00:00:00-04:00,26.407654499177163,27.015816304800264,26.08114233382987,26.083635330200195,378800,0.0,0.0
2025-06-20 00:00:00-04:00,26.342852346626877,26.342852346626877,24.520859888759265,24.847373962402344,490400,0.0,0.0
2025-06-23 00:00:00-04:00,24.87728144979129,25.099110583625595,24.42365309838194,25.074186325073242,305200,0.0,0.0
2025-06-24 00:00:00-04:00,25.301001365894386,25.420638567180138,24.3089999054383,24.9744873046875,367600,0.0,0.0
2025-06-25 00:00:00-04:00,25.049261654423987,25.360819635200404,24.204316562686262,25.0343074798584,411200,0.0,0.0
2025-06-26 00:00:00-04:00,25.049262840235595,25.595113056907664,24.590650383589892,25.56270980834961,530800,0.0,0.0
2025-06-27 00:00:00-04:00,25.73219597189712,25.968981176001876,25.19133177878041,25.754629135131836,502000,0.0,0.0
2025-06-30 00:00:00-04:00,25.754630064849056,26.72170537834603,25.47048933094533,26.64693260192871,632000,0.0,0.0
2025-07-01 00:00:00-04:00,26.66936236944896,27.357282903202076,26.240658296263668,26.686809539794922,941600,0.0,0.0
2025-07-02 00:00:00-04:00,26.764077395681156,27.247616013838037,25.45553381287851,27.140439987182617,634400,0.0,0.0
2025-07-03 00:00:00-04:00,27.16037977943645,27.98289173628463,26.853805879004568,27.965444564819336,124800,0.0,0.0
2025-07-07 00:00:00-04:00,27.683797543593723,28.11499465185588,27.591575691112453,27.793466567993164,278800,0.0,0.0
2025-07-08 00:00:00-04:00,27.99037035260771,28.100037471100645,27.614007771327636,27.975414276123047,232800,0.0,0.0
2025-07-09 00:00:00-04:00,28.257062957348765,28.979875942473765,27.898147559450187,28.969907760620117,156400,0.0,0.0
2025-07-10 00:00:00-04:00,28.86522414776984,28.86522414776984,27.880701656640948,28.01778793334961,393200,0.0,0.0
2025-07-11 00:00:00-04:00,27.900641027451478,27.955475536568557,26.963474084648087,26.96845817565918,405600,0.0,0.0
2025-07-14 00:00:00-04:00,26.968457647849704,27.367253378496564,26.89617787080891,27.23764419555664,420800,0.0,0.0
2025-07-15 00:00:00-04:00,27.466950150048103,27.484397320479136,26.542246314005393,26.83635711669922,376400,0.0,0.0
2025-07-16 00:00:00-04:00,27.005846525268808,27.292480259916516,25.752137462333977,26.33038902282715,199600,0.0,0.0
2025-07-17 00:00:00-04:00,26.3702680973717,26.70675033429754,25.75213623046875,25.75213623046875,168000,0.0,0.0
2025-07-18 00:00:00-04:00,25.966488124542984,26.01135254931808,24.862326577421605,25.14397430419922,219600,0.0,0.0
2025-07-21 00:00:00-04:00,25.18634838167704,25.333402838492994,24.66043834849628,24.665422439575195,162400,0.0,0.0
2025-07-22 00:00:00-04:00,24.63800520505937,24.929623024192985,24.461040496826172,24.461040496826172,162800,0.0,0.0
2025-07-23 00:00:00-04:00,24.59812702501669,25.198809840661593,24.52335234680739,25.116558074951172,129600,0.0,0.0
2025-07-24 00:00:00-04:00,25.191332304838678,25.191332304838678,24.40371470928655,24.466026306152344,108400,0.0,0.0
2025-07-25 00:00:00-04:00,24.620559081316397,24.802509789972508,24.299030997208444,24.687856674194336,182400,0.0,0.0
2025-07-28 00:00:00-04:00,24.80001480132762,25.3134617354364,24.78256763079768,25.14896011352539,115200,0.0,0.0
2025-07-29 00:00:00-04:00,25.375775292622798,25.764600968440476,25.036800037601804,25.198810577392578,176000,0.0,0.0
2025-07-30 00:00:00-04:00,25.301000314663582,25.86678875493404,25.301000314663582,25.3084774017334,190800,0.0,0.0
2025-07-31 00:00:00-04:00,28.164841748900333,30.906552007642844,27.050710094046394,29.411073684692383,728800,0.0,0.0
2025-08-01 00:00:00-04:00,29.072098458739354,29.406089606509138,27.491877276231694,27.728660583496094,666400,0.0,0.0
2025-08-04 00:00:00-04:00,27.7286610128199,28.21219962011695,26.417624463046927,26.749122619628906,350400,0.0,0.0
2025-08-05 00:00:00-04:00,26.79149273954681,26.980920519987038,26.011352258047985,26.886207580566406,174800,0.0,0.0
2025-08-06 00:00:00-04:00,27.701243246004452,27.701243246004452,26.569664422999534,27.068157196044922,98400,0.0,0.0
2025-08-07 00:00:00-04:00,27.14293194962509,28.349283551048906,27.14293194962509,28.289464950561523,150400,0.0,0.0
2025-08-08 00:00:00-04:00,28.19475165588508,28.925043637411708,28.19475165588508,28.65585708618164,145200,0.0,0.0
2025-08-11 00:00:00-04:00,28.70578167061754,29.694258793528128,28.70578167061754,29.624366760253906,319200,0.0425,0.0
2025-08-12 00:00:00-04:00,29.85900573073963,31.561383303851812,29.581932383267574,31.17447853088379,608000,0.0,0.0
2025-08-13 00:00:00-04:00,31.196946398861364,32.529894175005424,31.17448001329838,32.08308029174805,321200,0.0,0.0
2025-08-14 00:00:00-04:00,31.925821614745157,32.265296929751734,30.854970932006836,30.854970932006836,215600,0.0,0.0
2025-08-15 00:00:00-04:00,30.897405614097554,30.897405614097554,29.397215958450506,29.6418399810791,308400,0.0,0.0
2025-08-18 00:00:00-04:00,29.646831747838895,30.131086421547565,29.15509081833996,29.352285385131836,150000,0.0,0.0
2025-08-19 00:00:00-04:00,29.529513468196125,30.086154948937033,29.34979000923249,29.616878509521484,222400,0.0,0.0
2025-08-20 00:00:00-04:00,29.52951381114807,30.51549425432759,28.892993537328575,29.01780128479004,266000,0.0,0.0
2025-08-21 00:00:00-04:00,29.067722165053876,29.6692963917848,28.793145515284216,29.36726188659668,308400,0.0,0.0
2025-08-22 00:00:00-04:00,29.64932838465034,31.201937078376783,29.64932838465034,30.917375564575195,153200,0.0,0.0
2025-08-25 00:00:00-04:00,30.91737552448769,31.094602298333264,30.50301288650486,30.60036277770996,114800,0.0,0.0
2025-08-26 00:00:00-04:00,30.667760034096975,31.266837606223568,30.55543382250485,30.75762176513672,126000,0.0,0.0
2025-08-27 00:00:00-04:00,30.577897241932597,31.14702024915767,30.577897241932597,31.1395320892334,94000,0.0,0.0
2025-08-28 00:00:00-04:00,31.13204437654023,31.731121936483547,30.777590835989162,31.019716262817383,149200,0.0,0.0
2025-08-29 00:00:00-04:00,31.179471676575833,31.206927628331698,30.66775916184339,30.84248924255371,106800,0.0,0.0
2025-09-02 00:00:00-04:00,30.6078513671164,31.27182756498616,30.45308908127788,31.104585647583008,143200,0.0,0.0
2025-09-03 00:00:00-04:00,31.05715868166003,31.45155161130586,30.715186680584956,31.30927085876465,101200,0.0,0.0
2025-09-04 00:00:00-04:00,31.45155076249819,32.801971435546875,31.34171934089889,32.801971435546875,206400,0.0,0.0
2025-09-05 00:00:00-04:00,33.06407144916283,33.31368695401922,32.10055544806395,32.103050231933594,173600,0.0,0.0
2025-09-08 00:00:00-04:00,32.10304830044293,32.17543511661076,31.60381732076655,31.631275177001953,136800,0.0,0.0
2025-09-09 00:00:00-04:00,31.631274422110607,31.88338659406665,31.08711259107336,31.256851196289062,152000,0.0,0.0
2025-09-10 00:00:00-04:00,31.46403410035785,31.820984336583532,31.224401547796255,31.701168060302734,131600,0.0,0.0
2025-09-11 00:00:00-04:00,31.88588245221447,32.784497843584646,31.88588245221447,32.597286224365234,137200,0.0,0.0
2025-09-12 00:00:00-04:00,32.72209371087482,33.01664197003459,32.290259979107574,32.88933563232422,149600,0.0,0.0
2025-09-15 00:00:00-04:00,32.88933751224384,33.333652805689304,32.58979966851426,33.04410171508789,143200,0.0,0.0
2025-09-16 00:00:00-04:00,33.061570400775935,33.18138476773516,32.504928932763875,33.15892028808594,103200,0.0,0.0
2025-09-17 00:00:00-04:00,33.30120371198843,33.42351286545441,32.49244814648309,32.594791412353516,130000,0.0,0.0
2025-09-18 00:00:00-04:00,32.814454153350965,33.58576510714113,32.814454153350965,33.525856018066406,139600,0.0,0.0
2025-09-19 00:00:00-04:00,33.610725518178064,33.610725518178064,32.97919860850998,32.99168014526367,177200,0.0,0.0
2025-09-22 00:00:00-04:00,32.95174111835065,34.0824990401238,32.95174111835065,33.96518325805664,165600,0.0,0.0
2025-09-23 00:00:00-04:00,34.40450534626021,35.61014868668949,34.31214882867871,35.23822021484375,304800,0.0,0.0
2025-09-24 00:00:00-04:00,35.51529116634039,35.67005154937061,34.6840711380228,34.72900390625,286800,0.0,0.0
2025-09-25 00:00:00-04:00,34.30465379719592,34.35707472420052,32.86437521117719,33.106502532958984,158800,0.0,0.0
2025-09-26 00:00:00-04:00,33.223823513561626,33.96767661335732,33.223823513561626,33.847862243652344,194400,0.0,0.0
2025-09-29 00:00:00-04:00,33.9127616685103,34.5392951965332,33.84786301028979,34.5392951965332,196800,0.0,0.0
2025-09-30 00:00:00-04:00,34.21978841607826,34.87877319210583,33.236302724157724,33.65815353393555,484800,0.0,0.0
2025-10-01 00:00:00-04:00,33.32366970168883,34.35208435680289,32.894330731162896,34.28968048095703,242000,0.0,0.0
2025-10-02 00:00:00-04:00,34.504346557296536,34.696551542385,33.78295797614259,34.324623107910156,199600,0.0,0.0
2025-10-03 00:00:00-04:00,34.61917132474482,35.15334829641506,34.47938726618886,34.9461669921875,199600,0.0,0.0
2025-10-06 00:00:00-04:00,35.29562984453865,36.19924053604544,35.11590638152239,35.79486083984375,203600,0.0,0.0
2025-10-07 00:00:00-04:00,36.03199629919512,36.03199629919512,33.87531869012311,34.0450553894043,157200,0.0,0.0
2025-10-08 00:00:00-04:00,34.20481048960148,34.43944966098357,33.49590340798376,34.15488815307617,132000,0.0,0.0
2025-10-09 00:00:00-04:00,34.219788453891915,34.219788453891915,32.52989423789074,32.717105865478516,192800,0.0,0.0
2025-10-10 00:00:00-04:00,32.846899624279104,33.02912166440265,32.11552810668945,32.11552810668945,196400,0.0,0.0
2025-10-13 00:00:00-04:00,32.801972604794166,33.303698370806224,32.350169175244034,33.211341857910156,136000,0.0,0.0
2025-10-14 00:00:00-04:00,32.60727399463788,34.11744472307443,32.25282044157998,33.93772506713867,164000,0.0,0.0
2025-10-15 00:00:00-04:00,34.12493433777013,35.01356484734138,34.12493433777013,34.996089935302734,239200,0.0,0.0
2025-10-16 00:00:00-04:00,34.93368580770692,35.00607643014901,33.41352844238281,33.41352844238281,190400,0.0,0.0
2025-10-17 00:00:00-04:00,33.056578437501535,33.30369915069569,31.401630282494708,31.54890251159668,252400,0.0,0.0
2025-10-20 00:00:00-04:00,31.888379173763482,33.026625210396546,31.888379173763482,32.59978485107422,100800,0.0,0.0
2025-10-21 00:00:00-04:00,32.34766882757217,32.999165376451444,32.15796243577783,32.44002914428711,86000,0.0,0.0
2025-10-22 00:00:00-04:00,32.16794822520828,32.562341171765645,31.79103019186718,32.362648010253906,91200,0.0,0.0
2025-10-23 00:00:00-04:00,32.509921112206214,33.15891906743861,31.701165595135794,32.74705505371094,94800,0.0,0.0
2025-10-24 00:00:00-04:00,33.26875270835777,33.29621056502849,32.786996633570936,32.926780700683594,74400,0.0,0.0
2025-10-27 00:00:00-04:00,33.308691900931066,33.411035166890244,32.40258644508345,32.597286224365234,72000,0.0,0.0
2025-10-28 00:00:00-04:00,32.62225063349214,33.98265436044926,32.5273955237096,33.336151123046875,138000,0.0,0.0
2025-10-29 00:00:00-04:00,33.63319390676625,33.7055807260221,32.31023099242032,33.31368637084961,184000,0.0,0.0
2025-10-30 00:00:00-04:00,32.38511436018104,32.65220094825162,29.309849760056494,30.640300750732422,277200,0.0,0.0
2025-10-31 00:00:00-04:00,30.702705395756634,30.702705395756634,26.77625288403147,27.7272891998291,332400,0.0,0.0
2025-11-03 00:00:00-05:00,27.747259594487737,29.82655523967876,27.747259594487737,29.197525024414062,225200,0.0,0.0
2025-11-04 00:00:00-05:00,28.927939994996166,28.927939994996166,27.924486528060534,28.26895523071289,181600,0.0,0.0
2025-11-05 00:00:00-05:00,28.373792029622756,28.71576593335904,27.822142030338995,28.166610717773438,128800,0.0,0.0
2025-11-06 00:00:00-05:00,27.849599592037663,27.951942855031728,27.347871933829595,27.360353469848633,112800,0.0,0.0
2025-11-07 00:00:00-05:00,27.360354355954296,27.764732140438294,27.307935330923698,27.59000015258789,109600,0.0,0.0
2025-11-10 00:00:00-05:00,27.852500915527344,28.375,26.7450008392334,26.905000686645508,146000,0.0425,0.0
2025-11-11 00:00:00-05:00,26.702499389648438,27.02750015258789,26.362499237060547,26.767499923706055,170400,0.0,0.0
2025-11-12 00:00:00-05:00,27.0049991607666,27.75,26.770000457763672,27.657499313354492,160000,0.0,0.0
2025-11-13 00:00:00-05:00,27.677499771118164,27.844999313354492,27.09000015258789,27.625,210000,0.0,0.0
2025-11-14 00:00:00-05:00,27.334999084472656,28.137500762939453,26.927499771118164,27.325000762939453,202800,0.0,0.0
2025-11-17 00:00:00-05:00,27.18000030517578,27.479999542236328,25.84000015258789,25.860000610351562,240400,0.0,0.0
2025-11-18 00:00:00-05:00,25.850000381469727,26.110000610351562,25.377500534057617,25.985000610351562,121200,0.0,0.0
2025-11-19 00:00:00-05:00,25.875,26.227500915527344,25.5,25.912500381469727,100800,0.0,0.0
2025-11-20 00:00:00-05:00,26.397499084472656,26.764999389648438,25.135000228881836,25.147499084472656,168400,0.0,0.0
2025-11-21 00:00:00-05:00,25.19499969482422,26.280000686645508,25.0,26.2450008392334,150800,0.0,0.0
2025-11-24 00:00:00-05:00,26.647499084472656,27.15999984741211,24.795000076293945,25.579999923706055,482400,0.0,0.0
2025-11-25 00:00:00-05:00,24.40250015258789,25.422500610351562,23.0575008392334,25.290000915527344,387600,0.0,0.0
2025-11-26 00:00:00-05:00,25.165000915527344,25.75,24.96500015258789,25.0049991607666,220400,0.0,0.0
2025-11-28 00:00:00-05:00,25.065000534057617,25.524999618530273,25.0,25.264999389648438,296800,0.0,0.0
2025-12-01 00:00:00-05:00,24.700000762939453,25.77750015258789,24.700000762939453,25.407499313354492,222400,0.0,0.0
2025-12-02 00:00:00-05:00,25.447500228881836,26.0,25.177499771118164,25.75,156000,0.0,0.0
2025-12-03 00:00:00-05:00,25.797500610351562,26.65250015258789,25.420000076293945,26.577499389648438,192800,0.0,0.0
2025-12-04 00:00:00-05:00,26.780000686645508,26.915000915527344,26.149999618530273,26.895000457763672,114000,0.0,0.0
2025-12-05 00:00:00-05:00,26.907499313354492,27.549999237060547,26.532499313354492,27.417499542236328,165600,0.0,0.0
2025-12-08 00:00:00-05:00,27.40999984741211,27.802499771118164,27.274999618530273,27.672500610351562,202400,0.0,0.0
2025-12-09 00:00:00-05:00,27.647499084472656,28.0,26.514999389648438,27.012500762939453,186800,0.0,0.0
2025-12-10 00:00:00-05:00,27.0,27.552499771118164,26.737499237060547,27.524999618530273,202400,0.0,0.0
2025-12-11 00:00:00-05:00,27.397499084472656,27.982500076293945,27.147499084472656,27.452499389648438,149200,0.0,0.0
2025-12-12 00:00:00-05:00,27.329999923706055,27.790000915527344,26.8174991607666,26.979999542236328,182400,0.0,0.0
2025-12-15 00:00:00-05:00,27.110000610351562,27.497499465942383,26.46500015258789,27.135000228881836,422000,0.0,0.0
2025-12-16 00:00:00-05:00,27.700000762939453,27.947500228881836,27.475000381469727,27.827499389648438,445600,0.0,0.0
2025-12-17 00:00:00-05:00,27.700000762939453,28.3700008392334,27.142499923706055,27.272499084472656,360800,0.0,0.0
2025-12-18 00:00:00-05:00,27.672500610351562,27.787500381469727,26.74250030517578,26.950000762939453,343200,0.0,0.0
2025-12-19 00:00:00-05:00,26.837499618530273,27.489999771118164,26.61750030517578,26.954999923706055,557200,0.0,0.0
2025-12-22 00:00:00-05:00,27.252500534057617,27.625,26.497499465942383,26.707500457763672,508800,0.0,0.0
2025-12-23 00:00:00-05:00,26.475000381469727,27.217500686645508,26.3174991607666,27.012500762939453,676000,0.0,0.0
2025-12-24 00:00:00-05:00,26.782499313354492,26.950000762939453,25.475000381469727,26.329999923706055,335200,0.0,0.0
2025-12-26 00:00:00-05:00,26.280000686645508,26.579999923706055,25.9375,26.02750015258789,258400,0.0,0.0
2025-12-29 00:00:00-05:00,26.107500076293945,26.485000610351562,25.72249984741211,26.170000076293945,199200,0.0,0.0
2025-12-30 00:00:00-05:00,26.209999084472656,26.209999084472656,25.350000381469727,25.857500076293945,606000,0.0,0.0
2025-12-31 00:00:00-05:00,25.802499771118164,25.97249984741211,25.3174991607666,25.697500228881836,706400,0.0,0.0
2026-01-02 00:00:00-05:00,25.790000915527344,26.1299991607666,24.790000915527344,25.13249969482422,517200,0.0,0.0
2026-01-05 00:00:00-05:00,25.270000457763672,27.2450008392334,25.229999542236328,27.137500762939453,478400,0.0,0.0
2026-01-06 00:00:00-05:00,26.822500228881836,27.790000915527344,26.0049991607666,27.657499313354492,661600,0.0,0.0
2026-01-07 00:00:00-05:00,27.610000610351562,28.149999618530273,27.610000610351562,27.887500762939453,248000,0.0,0.0
2026-01-08 00:00:00-05:00,28.06999969482422,29.012500762939453,27.987499237060547,29.012500762939453,251600,0.0,0.0
2026-01-09 00:00:00-05:00,29.200000762939453,29.899999618530273,28.97249984741211,29.850000381469727,290400,0.0,0.0
2026-01-12 00:00:00-05:00,29.747499465942383,29.842500686645508,28.594999313354492,29.565000534057617,321600,0.0,0.0
2026-01-13 00:00:00-05:00,29.75749969482422,30.767499923706055,29.352500915527344,30.559999465942383,460800,0.0,0.0
2026-01-14 00:00:00-05:00,30.704999923706055,30.927499771118164,29.834999084472656,30.56999969482422,286400,0.0,0.0
2026-01-15 00:00:00-05:00,30.690000534057617,32.45750045776367,30.575000762939453,31.877500534057617,251600,0.0,0.0
2026-01-16 00:00:00-05:00,31.88249969482422,32.0,31.325000762939453,31.889999389648438,264800,0.0,0.0
2026-01-20 00:00:00-05:00,31.375,31.612499237060547,29.967500686645508,29.975000381469727,192400,0.0,0.0
2026-01-21 00:00:00-05:00,30.36750030517578,30.522499084472656,29.00749969482422,30.1299991607666,248000,0.0,0.0
2026-01-22 00:00:00-05:00,30.49250030517578,30.792499542236328,30.049999237060547,30.110000610351562,248000,0.0,0.0
2026-01-23 00:00:00-05:00,30.110000610351562,30.110000610351562,29.232500076293945,29.674999237060547,178000,0.0,0.0
2026-01-26 00:00:00-05:00,29.65999984741211,30.139999389648438,29.172500610351562,29.397499084472656,243200,0.0,0.0
2026-01-27 00:00:00-05:00,29.44499969482422,30.2549991607666,28.75,29.795000076293945,354000,0.0,0.0
2026-01-28 00:00:00-05:00,29.950000762939453,30.149999618530273,29.572500228881836,30.082500457763672,142800,0.0,0.0
2026-01-29 00:00:00-05:00,30.322500228881836,30.8174991607666,29.737499237060547,30.8174991607666,171200,0.0,0.0
2026-01-30 00:00:00-05:00,30.337499618530273,30.9325008392334,29.467500686645508,29.647499084472656,415600,0.0,0.0
2026-02-02 00:00:00-05:00,29.81999969482422,30.112499237060547,29.582500457763672,29.864999771118164,191200,0.0,0.0
2026-02-03 00:00:00-05:00,29.762500762939453,30.412500381469727,29.34749984741211,30.032499313354492,166400,0.0,0.0
2026-02-04 00:00:00-05:00,30.24250030517578,30.262500762939453,29.540000915527344,29.967500686645508,141200,0.0,0.0
2026-02-05 00:00:00-05:00,29.967500686645508,30.235000610351562,29.479999542236328,29.674999237060547,155200,0.0,0.0
2026-02-06 00:00:00-05:00,30.204999923706055,31.22249984741211,30.1924991607666,30.662500381469727,178800,0.0,0.0
2026-02-09 00:00:00-05:00,30.662500381469727,30.799999237060547,29.93000030517578,30.045000076293945,299600,0.0,0.0
2026-02-10 00:00:00-05:00,30.024999618530273,30.127500534057617,29.334999084472656,29.337499618530273,198400,0.0,0.0
2026-02-11 00:00:00-05:00,29.5049991607666,29.75,28.5575008392334,29.05500030517578,308800,0.0,0.0
2026-02-12 00:00:00-05:00,29.417499542236328,31.22249984741211,28.770000457763672,29.139999389648438,260000,0.0,0.0
2026-02-13 00:00:00-05:00,29.372499465942383,30.517499923706055,29.147499084472656,30.262500762939453,184800,0.0,0.0
2026-02-17 00:00:00-05:00,30.18000030517578,30.387500762939453,29.219999313354492,29.357500076293945,171600,0.0,0.0
2026-02-18 00:00:00-05:00,29.282499313354492,29.737499237060547,28.827499389648438,29.520000457763672,320400,0.0,0.0
2026-02-19 00:00:00-05:00,29.174999237060547,29.8174991607666,29.174999237060547,29.670000076293945,233200,0.0,0.0
2026-02-20 00:00:00-05:00,29.610000610351562,30.1299991607666,29.5049991607666,29.625,324400,0.0,0.0
2026-02-23 00:00:00-05:00,29.610000610351562,29.899999618530273,27.112499237060547,27.197500228881836,416800,0.0,0.0
2026-02-24 00:00:00-05:00,27.25,27.987499237060547,24.760000228881836,24.9424991607666,410800,0.0,0.0
2026-02-25 00:00:00-05:00,25.389999389648438,25.389999389648438,22.81999969482422,23.247499465942383,460000,0.0,0.0
2026-02-26 00:00:00-05:00,23.0,23.0,20.020000457763672,22.50749969482422,457200,0.0,0.0
2026-02-27 00:00:00-05:00,22.385000228881836,24.112499237060547,22.385000228881836,23.670000076293945,337200,0.0,0.0
2026-03-02 00:00:00-05:00,23.040000915527344,24.010000228881836,22.184999465942383,22.190000534057617,438800,0.0,0.0
2026-03-03 00:00:00-05:00,22.190000534057617,22.524999618530273,21.280000686645508,22.334999084472656,436800,0.0,0.0
2026-03-04 00:00:00-05:00,22.477500915527344,23.372499465942383,22.440000534057617,22.645000457763672,348800,0.0,0.0
2026-03-05 00:00:00-05:00,22.59000015258789,23.457500457763672,22.15250015258789,22.4325008392334,340400,0.0,0.0
2026-03-06 00:00:00-05:00,21.982500076293945,22.032499313354492,21.31999969482422,21.780000686645508,299200,0.0,0.0
2026-03-09 00:00:00-04:00,21.252500534057617,21.397499084472656,20.1924991607666,21.014999389648438,208000,0.0,0.0
2026-03-10 00:00:00-04:00,20.940000534057617,21.74250030517578,20.790000915527344,21.190000534057617,445600,0.0,0.0
2026-03-11 00:00:00-04:00,20.872499465942383,21.225000381469727,20.165000915527344,20.512500762939453,249600,0.0,0.0
2026-03-12 00:00:00-04:00,20.375,20.752500534057617,19.857500076293945,20.077499389648438,326400,0.0,0.0
2026-03-13 00:00:00-04:00,20.15999984741211,20.647499084472656,19.815000534057617,20.135000228881836,237600,0.0,0.0
2026-03-16 00:00:00-04:00,20.22249984741211,20.93000030517578,20.0625,20.079999923706055,434400,0.0,0.0
2026-03-17 00:00:00-04:00,20.0625,20.3075008392334,19.645000457763672,19.982500076293945,384400,0.0,0.0
2026-03-18 00:00:00-04:00,19.950000762939453,20.079999923706055,19.174999237060547,19.350000381469727,432400,0.0,0.0
2026-03-19 00:00:00-04:00,19.287500381469727,19.719999313354492,18.957500457763672,19.454999923706055,436000,0.0,0.0
2026-03-20 00:00:00-04:00,19.462499618530273,19.780000686645508,18.905000686645508,19.637500762939453,397600,0.0,0.0
2026-03-23 00:00:00-04:00,20.639999389648438,21.049999237060547,19.90999984741211,20.010000228881836,291100,0.0,4.0
2026-03-24 00:00:00-04:00,19.760000228881836,20.760000228881836,19.6200008392334,19.760000228881836,302000,0.0,0.0
2026-03-25 00:00:00-04:00,20.010000228881836,20.899999618530273,19.450000762939453,20.81999969482422,303800,0.0,0.0
2026-03-26 00:00:00-04:00,20.81999969482422,21.18000030517578,19.760000228881836,20.0,185000,0.0,0.0
2026-03-27 00:00:00-04:00,19.90999984741211,20.329999923706055,19.540000915527344,19.59000015258789,160900,0.0,0.0
2026-03-30 00:00:00-04:00,19.59000015258789,19.940000534057617,19.200000762939453,19.389999389648438,182000,0.0,0.0
2026-03-31 00:00:00-04:00,19.56999969482422,19.950000762939453,19.15999984741211,19.81999969482422,197700,0.0,0.0
2026-04-01 00:00:00-04:00,20.170000076293945,20.59000015258789,19.729999542236328,20.309999465942383,192800,0.0,0.0
2026-04-02 00:00:00-04:00,20.18000030517578,20.799999237060547,19.43000030517578,20.65999984741211,164100,0.0,0.0
2026-04-06 00:00:00-04:00,20.65999984741211,21.059999465942383,20.309999465942383,20.780000686645508,97200,0.0,0.0
2026-04-07 00:00:00-04:00,20.770000457763672,21.360000610351562,20.3799991607666,20.899999618530273,115700,0.0,0.0
2026-04-08 00:00:00-04:00,21.959999084472656,22.510000228881836,20.950000762939453,21.079999923706055,115900,0.0,0.0
2026-04-09 00:00:00-04:00,20.93000030517578,21.729999542236328,20.799999237060547,21.489999771118164,183700,0.0,0.0
2026-04-10 00:00:00-04:00,21.549999237060547,21.8700008392334,21.18000030517578,21.360000610351562,121500,0.0,0.0
2026-04-13 00:00:00-04:00,21.219999313354492,22.90999984741211,21.219999313354492,22.84000015258789,174100,0.0,0.0
2026-04-14 00:00:00-04:00,23.0,23.520000457763672,22.75,22.81999969482422,132300,0.0,0.0
2026-04-15 00:00:00-04:00,22.649999618530273,23.049999237060547,22.360000610351562,22.940000534057617,102200,0.0,0.0
2026-04-16 00:00:00-04:00,22.649999618530273,23.110000610351562,22.56999969482422,22.8799991607666,120500,0.0,0.0
2026-04-17 00:00:00-04:00,23.079999923706055,23.600000381469727,22.600000381469727,22.84000015258789,92600,0.0,0.0
2026-04-20 00:00:00-04:00,22.5,22.809999465942383,21.600000381469727,22.260000228881836,84200,0.0,0.0
2026-04-21 00:00:00-04:00,22.329999923706055,23.020000457763672,22.290000915527344,22.549999237060547,129400,0.0,0.0
2026-04-22 00:00:00-04:00,22.559999465942383,22.719999313354492,22.059999465942383,22.200000762939453,77200,0.0,0.0
2026-04-23 00:00:00-04:00,21.989999771118164,22.229999542236328,21.100000381469727,21.25,100900,0.0,0.0
2026-04-24 00:00:00-04:00,21.030000686645508,21.3799991607666,20.559999465942383,21.1299991607666,202000,0.0,0.0
2026-04-27 00:00:00-04:00,21.1299991607666,21.799999237060547,20.68000030517578,20.989999771118164,127900,0.0,0.0
2026-04-28 00:00:00-04:00,20.979999542236328,21.270000457763672,20.540000915527344,21.190000534057617,189200,0.0,0.0
2026-04-29 00:00:00-04:00,21.549999237060547,21.649999618530273,20.770000457763672,21.270000457763672,158300,0.0,0.0
2026-04-30 00:00:00-04:00,18.639999389648438,18.81999969482422,15.25,16.68000030517578,975100,0.0,0.0
2026-05-01 00:00:00-04:00,16.8799991607666,19.010000228881836,16.739999771118164,18.889999389648438,452600,0.0,0.0
2026-05-04 00:00:00-04:00,18.760000228881836,19.5,18.239999771118164,18.760000228881836,218900,0.0,0.0
2026-05-05 00:00:00-04:00,18.899999618530273,20.270000457763672,18.709999084472656,19.690000534057617,231800,0.0,0.0
2026-05-06 00:00:00-04:00,19.940000534057617,20.100000381469727,19.299999237060547,19.6299991607666,126500,0.0,0.0
2026-05-07 00:00:00-04:00,19.549999237060547,20.459999084472656,19.479999542236328,20.260000228881836,161900,0.0,0.0
2026-05-08 00:00:00-04:00,20.260000228881836,20.530000686645508,19.809999465942383,20.1200008392334,166600,0.0,0.0
2026-05-11 00:00:00-04:00,20.170000076293945,20.43000030517578,19.530000686645508,19.760000228881836,89000,0.0,0.0
2026-05-12 00:00:00-04:00,19.639999389648438,19.899999618530273,18.799999237060547,19.280000686645508,239400,0.0,0.0
2026-05-13 00:00:00-04:00,19.170000076293945,19.399999618530273,18.770000457763672,19.170000076293945,104000,0.0,0.0
2026-05-14 00:00:00-04:00,19.18000030517578,19.84000015258789,19.059999465942383,19.6200008392334,83500,0.0,0.0
2026-05-15 00:00:00-04:00,19.239999771118164,19.739999771118164,18.889999389648438,19.59000015258789,205600,0.0,0.0
2026-05-18 00:00:00-04:00,19.59000015258789,20.270000457763672,19.219999313354492,20.030000686645508,123300,0.0,0.0
2026-05-19 00:00:00-04:00,19.860000610351562,20.649999618530273,19.040000915527344,20.40999984741211,206500,0.0,0.0
2026-05-20 00:00:00-04:00,20.350000381469727,20.56999969482422,19.06999969482422,20.3799991607666,194700,0.0,0.0
2026-05-21 00:00:00-04:00,20.350000381469727,20.899999618530273,19.65999984741211,20.729999542236328,106400,0.0,0.0
2026-05-22 00:00:00-04:00,20.739999771118164,21.239999771118164,20.59000015258789,20.959999084472656,107400,0.0,0.0
2026-05-26 00:00:00-04:00,21.049999237060547,21.450000762939453,20.940000534057617,21.219999313354492,100700,0.0,0.0
2026-05-27 00:00:00-04:00,21.219999313354492,21.709999084472656,20.579999923706055,20.899999618530273,135500,0.0,0.0
2026-05-28 00:00:00-04:00,20.799999237060547,21.1200008392334,20.440000534057617,20.790000915527344,103200,0.0,0.0
2026-05-29 00:00:00-04:00,20.790000915527344,21.860000610351562,20.6200008392334,21.649999618530273,164300,0.0,0.0
2026-06-01 00:00:00-04:00,21.719999313354492,22.760000228881836,21.299999237060547,22.670000076293945,169600,0.0,0.0
2026-06-02 00:00:00-04:00,22.600000381469727,23.059999465942383,22.170000076293945,22.489999771118164,130000,0.0,0.0
2026-06-03 00:00:00-04:00,22.420000076293945,22.540000915527344,21.5,21.889999389648438,107600,0.0,0.0
2026-06-04 00:00:00-04:00,22.09000015258789,23.079999923706055,22.010000228881836,22.8799991607666,136600,0.0,0.0
2026-06-05 00:00:00-04:00,23.219999313354492,23.889999389648438,22.809999465942383,23.81999969482422,147800,0.0,0.0
2026-06-08 00:00:00-04:00,23.709999084472656,24.170000076293945,23.139999389648438,23.770000457763672,139300,0.0,0.0
2026-06-09 00:00:00-04:00,23.850000381469727,24.290000915527344,23.329999923706055,24.0,150000,0.0,0.0
2026-06-10 00:00:00-04:00,24.0,25.1200008392334,22.899999618530273,22.959999084472656,243100,0.0,0.0
2026-06-11 00:00:00-04:00,23.020000457763672,23.479999542236328,22.209999084472656,23.200000762939453,212600,0.0,0.0
2026-06-12 00:00:00-04:00,23.450000762939453,23.559999465942383,21.81999969482422,22.639999389648438,142700,0.0,0.0
2026-06-15 00:00:00-04:00,22.649999618530273,23.110000610351562,21.770000457763672,23.079999923706055,221000,0.0,0.0
2026-06-16 00:00:00-04:00,23.100000381469727,23.530000686645508,22.34000015258789,22.719999313354492,107687,0.0,0.0
