Date,Open,High,Low,Close,Volume,Dividends,Stock Splits
2022-01-03 00:00:00-05:00,342.9373209552626,348.25138562402856,341.4668973980489,344.6125183105469,1026700,0.0,0.0
2022-01-04 00:00:00-05:00,346.3063028571149,348.0466529936797,342.61162673776437,346.0736389160156,1012700,0.0,0.0
2022-01-05 00:00:00-05:00,341.5506880959588,343.09558017507396,331.4065452741986,331.41583251953125,2075000,0.0,0.0
2022-01-06 00:00:00-05:00,332.2441001698522,332.77458075955883,328.5214771987614,330.7457580566406,1096200,0.0,0.0
2022-01-07 00:00:00-05:00,330.3827186224726,332.6721233118156,325.79459359989943,330.31756591796875,936500,0.0,0.0
2022-01-10 00:00:00-05:00,325.2641720613851,325.35724331306204,310.243375203924,312.59796142578125,1863400,0.0,0.0
2022-01-11 00:00:00-05:00,312.7003266546581,317.3070838989534,308.5775285689601,316.95343017578125,1029700,0.0,0.0
2022-01-12 00:00:00-05:00,320.1175894286082,325.21759204732507,318.6099319876692,321.5880126953125,1589800,0.0,0.0
2022-01-13 00:00:00-05:00,321.58803419660313,322.7420664642081,308.96834641588305,311.192626953125,1255800,0.0,0.0
2022-01-14 00:00:00-05:00,307.4793447570574,308.1959394085207,296.544140481166,299.7176513671875,2548000,0.0,0.0
2022-01-18 00:00:00-05:00,292.87734887738657,295.15743821380875,287.96348810658054,289.38739013671875,2446100,0.0,0.0
2022-01-19 00:00:00-05:00,293.05419416042133,296.9443282650711,287.5819339666016,288.0565490722656,2036700,0.0,0.0
2022-01-20 00:00:00-05:00,289.7782863821904,293.8731661439204,279.2525717567893,280.1832275390625,2036300,0.0,0.0
2022-01-21 00:00:00-05:00,279.1966731708229,281.5884648206447,276.1813581890114,276.4233093261719,2239800,0.0,0.0
2022-01-24 00:00:00-05:00,273.6127935379063,282.6680843104361,263.87814223720375,280.86260986328125,2642500,0.0,0.0
2022-01-25 00:00:00-05:00,277.19576640153997,279.47585550062047,272.62624415791856,273.80816650390625,1816500,0.0,0.0
2022-01-26 00:00:00-05:00,277.7355808126281,283.32883080060384,269.08980958827266,272.2819519042969,1834700,0.0,0.0
2022-01-27 00:00:00-05:00,277.46571612234396,283.74764237110435,273.8361360130839,277.5122375488281,2220900,0.0,0.0
2022-01-28 00:00:00-05:00,274.4503052867999,283.0588687878016,271.7607256211361,282.7238464355469,1938300,0.0,0.0
2022-01-31 00:00:00-05:00,281.59773995367374,290.1970164304529,281.59773995367374,290.1690979003906,1514700,0.0,0.0
2022-02-01 00:00:00-05:00,290.40183487637995,294.3105720756638,287.37720361915973,293.1751708984375,1726800,0.0,0.0
2022-02-02 00:00:00-05:00,295.26911553112427,297.37240644326613,290.55071284792695,297.0373840332031,2246700,0.0,0.0
2022-02-03 00:00:00-05:00,283.6824984831911,295.92061617218377,279.15020942981795,282.1003723144531,2395200,0.0,0.0
2022-02-04 00:00:00-05:00,288.3915650583769,294.98059428257653,283.86856402370205,291.6209411621094,2579300,0.0,0.0
2022-02-07 00:00:00-05:00,293.6497950766329,296.43244656144304,289.8248137407109,292.6260681152344,1341300,0.0,0.0
2022-02-08 00:00:00-05:00,289.5642603299157,293.6219060004701,288.60565758701637,293.23101806640625,1247400,0.0,0.0
2022-02-09 00:00:00-05:00,297.51196460829874,302.1838737278317,295.05504868205475,297.8470153808594,1321000,0.0,0.0
2022-02-10 00:00:00-05:00,291.825665271225,297.1769346404748,289.26636252940983,293.72418212890625,1418200,0.0,0.0
2022-02-11 00:00:00-05:00,291.58379335802357,293.6219320203851,279.2898370568736,279.9133605957031,1982000,0.0,0.0
2022-02-14 00:00:00-05:00,279.9133190307943,283.9803085056694,278.87098913751504,282.7797546386719,1352400,0.0,0.0
2022-02-15 00:00:00-05:00,288.2519825841144,289.9829884477631,284.89230094355867,286.20452880859375,1327900,0.0,0.0
2022-02-16 00:00:00-05:00,284.78056442046807,288.61486028609625,281.92344540554654,287.2467956542969,983900,0.0,0.0
2022-02-17 00:00:00-05:00,285.8044106256263,288.49399120140544,282.3423698073943,283.18927001953125,1036200,0.0,0.0
2022-02-18 00:00:00-05:00,283.9616713633026,285.8229828204835,279.98778162671056,281.9793701171875,1024800,0.0,0.0
2022-02-22 00:00:00-05:00,279.19670895655025,280.8346720708632,273.1939683534412,275.17626953125,1930800,0.0,0.0
2022-02-23 00:00:00-05:00,279.2432208709633,279.3083735838269,270.42991058899213,270.7556457519531,1399700,0.0,0.0
2022-02-24 00:00:00-05:00,262.42629556493245,273.30566259918646,259.9972695020266,272.8031005859375,1998400,0.0,0.0
2022-02-25 00:00:00-05:00,274.88272469914716,280.4594422674656,273.2880188925049,280.07708740234375,926700,0.6,0.0
2022-02-28 00:00:00-05:00,275.5915181576785,278.0814785035306,272.793823973835,276.3468933105469,1517600,0.0,0.0
2022-03-01 00:00:00-05:00,275.0972801510313,275.0972801510313,263.32831697536824,266.3311767578125,2020400,0.0,0.0
2022-03-02 00:00:00-05:00,269.9494680237526,274.22060124489906,268.34545582017023,272.0757141113281,1062200,0.0,0.0
2022-03-03 00:00:00-05:00,274.5470169226253,276.02048495148637,266.73212089656704,272.4953918457031,1559600,0.0,0.0
2022-03-04 00:00:00-05:00,267.44083878560207,270.16393957262557,264.7084317063704,266.4243469238281,1612400,0.0,0.0
2022-03-07 00:00:00-05:00,265.85544253862327,266.25646685375335,245.08724391567577,246.0757598876953,2455500,0.0,0.0
2022-03-08 00:00:00-05:00,244.84484503458845,260.2508317424865,244.5464459666808,251.64324951171875,2624600,0.0,0.0
2022-03-09 00:00:00-05:00,263.8971382168527,264.79239225555574,257.4810892769863,258.95452880859375,1435900,0.0,0.0
2022-03-10 00:00:00-05:00,256.2967133688154,257.5183991627542,251.74582208241364,254.92584228515625,1513400,0.0,0.0
2022-03-11 00:00:00-05:00,259.3648517847063,260.1855131539268,246.26233105452715,246.4115447998047,1857900,0.0,0.0
2022-03-14 00:00:00-04:00,248.1274376002102,248.30462712787636,231.66766601843366,233.49549865722656,2877600,0.0,0.0
2022-03-15 00:00:00-04:00,237.86923889769275,242.4574403977654,235.72433765617367,241.44094848632812,2174000,0.0,0.0
2022-03-16 00:00:00-04:00,246.54209361779576,254.0119450154205,245.26448469592154,252.61309814453125,2006300,0.0,0.0
2022-03-17 00:00:00-04:00,251.34475639854656,255.92365119178675,250.35624037373222,254.021240234375,1687500,0.0,0.0
2022-03-18 00:00:00-04:00,255.2149982185285,260.3627452027357,252.96751383897188,258.1991882324219,2017200,0.0,0.0
2022-03-21 00:00:00-04:00,257.07071082546514,259.96166621256174,252.22136446907035,255.4946746826172,1261300,0.0,0.0
2022-03-22 00:00:00-04:00,259.88712464827694,263.77593198271455,258.19918481231394,262.8899841308594,1642800,0.0,0.0
2022-03-23 00:00:00-04:00,260.4746346942905,262.0413365035281,254.82329509270008,254.99114990234375,1029600,0.0,0.0
2022-03-24 00:00:00-04:00,257.2665367331029,258.13381479566914,254.65536779432057,258.02191162109375,836000,0.0,0.0
2022-03-25 00:00:00-04:00,260.1014981336099,261.612247663627,254.17970945985942,256.35260009765625,982000,0.0,0.0
2022-03-28 00:00:00-04:00,258.0126099318057,259.03840802344865,253.54561840294687,258.8985290527344,1071100,0.0,0.0
2022-03-29 00:00:00-04:00,268.8863513049759,270.0613918635916,262.68480211377556,265.71563720703125,1210800,0.0,0.0
2022-03-30 00:00:00-04:00,264.0369991077965,264.38204342928105,258.51620458521023,260.334716796875,1194400,0.0,0.0
2022-03-31 00:00:00-04:00,259.79379736061685,260.57717655936096,253.95596313476562,253.95596313476562,1437200,0.0,0.0
2022-04-01 00:00:00-04:00,256.65105421394645,258.25506620569416,253.76943347974316,255.90501403808594,1190200,0.0,0.0
2022-04-04 00:00:00-04:00,255.8210396743258,260.74497792576534,253.87198374767297,259.8310546875,1293900,0.0,0.0
2022-04-05 00:00:00-04:00,255.60653982504073,258.1151400124081,253.23781858760765,254.27297973632812,1016200,0.0,0.0
2022-04-06 00:00:00-04:00,250.49618037862987,250.49618037862987,243.43668751154067,246.8778533935547,2039900,0.0,0.0
2022-04-07 00:00:00-04:00,249.80605222936637,253.07002803382437,245.2085159979649,249.01336669921875,1789300,0.0,0.0
2022-04-08 00:00:00-04:00,249.5915916564613,252.21209578444626,248.2953132618235,248.65902709960938,1078900,0.0,0.0
2022-04-11 00:00:00-04:00,246.1970296673726,248.08079972467084,242.979670736739,244.593017578125,1314500,0.0,0.0
2022-04-12 00:00:00-04:00,247.3067564333508,251.47532045525227,243.59513986207608,244.98468017578125,1286400,0.0,0.0
2022-04-13 00:00:00-04:00,246.05717472448967,249.6102435639385,244.7329204739058,248.60305786132812,967500,0.0,0.0
2022-04-14 00:00:00-04:00,248.9946909683141,252.44519057905842,245.90790512858405,246.0757598876953,1552800,0.0,0.0
2022-04-18 00:00:00-04:00,245.36706059882707,248.33263768457735,244.70494769516807,246.3089599609375,1091500,0.0,0.0
2022-04-19 00:00:00-04:00,244.6862632647076,257.5929517489471,244.6862632647076,256.0448913574219,1780800,0.0,0.0
2022-04-20 00:00:00-04:00,264.03700719577705,266.51763232896934,259.08509168202465,259.49542236328125,1571800,0.0,0.0
2022-04-21 00:00:00-04:00,261.94802892175636,264.4845767776859,252.91147757638265,253.61090087890625,948600,0.0,0.0
2022-04-22 00:00:00-04:00,255.01910214990104,257.3505136005574,245.76807745107968,246.23435974121094,1495500,0.0,0.0
2022-04-25 00:00:00-04:00,245.30181399900283,250.65472599371287,240.3778737754651,250.1324920654297,1404600,0.0,0.0
2022-04-26 00:00:00-04:00,248.01555674584554,248.13676623287952,237.5894775390625,237.5894775390625,1352000,0.0,0.0
2022-04-27 00:00:00-04:00,238.1676594376908,245.35773836669784,237.98114937397898,242.13107299804688,1442500,0.0,0.0
2022-04-28 00:00:00-04:00,244.61169453910625,256.1848251769204,244.44383973362974,253.96531677246094,1482500,0.0,0.0
2022-04-29 00:00:00-04:00,250.3096366627639,254.08651144058626,245.10591090264248,246.2529754638672,1512000,0.0,0.0
2022-05-02 00:00:00-04:00,243.50187294462773,245.63745335529984,236.27451318955642,243.05426025390625,2710800,0.0,0.0
2022-05-03 00:00:00-04:00,212.15843932770093,235.0062712552995,212.1491188047464,228.9632568359375,4803700,0.0,0.0
2022-05-04 00:00:00-04:00,230.10100648977001,240.77886886895487,226.65984066009344,239.91159057617188,2196600,0.0,0.0
2022-05-05 00:00:00-04:00,233.90583962116196,235.47254118368147,222.22079309991324,225.52207946777344,2590400,0.0,0.0
2022-05-06 00:00:00-04:00,223.41449249387125,226.36138560999865,218.46256285968286,224.0952606201172,1833000,0.0,0.0
2022-05-09 00:00:00-04:00,219.24591692376376,224.09524941768188,216.35496131768312,217.8284149169922,1977300,0.0,0.0
2022-05-10 00:00:00-04:00,221.34418844449385,222.40731139895001,211.87865028816304,214.19140625,2240400,0.0,0.0
2022-05-11 00:00:00-04:00,216.8399058025609,223.12538154949712,213.24952671480133,214.0142364501953,1724400,0.0,0.0
2022-05-12 00:00:00-04:00,211.75743724032026,219.34851203792027,210.1907214113114,215.4224090576172,2166100,0.0,0.0
2022-05-13 00:00:00-04:00,218.7050347916877,225.22365166680285,218.36931099594491,224.17918395996094,1792900,0.0,0.0
2022-05-16 00:00:00-04:00,222.76169075117892,223.76886217839012,218.82626718977815,219.50704956054688,1559900,0.0,0.0
2022-05-17 00:00:00-04:00,224.72937254209205,226.60383615500996,218.9288206443317,226.2214813232422,2159900,0.0,0.0
2022-05-18 00:00:00-04:00,221.95035529476573,222.34203068476808,213.0257060267663,213.6785125732422,2140700,0.0,0.0
2022-05-19 00:00:00-04:00,213.06302506884307,222.97619084433907,212.35428112960815,219.50704956054688,2183400,0.0,0.0
2022-05-20 00:00:00-04:00,221.157672480857,222.77101936236545,214.01423899947926,221.21363830566406,1791800,0.0,0.0
2022-05-23 00:00:00-04:00,223.99266317669677,223.99266317669677,215.71148609811095,220.64476013183594,1499800,0.0,0.0
2022-05-24 00:00:00-04:00,219.4137780677377,220.29971151149877,212.42886472393567,216.41091918945312,1662400,0.0,0.0
2022-05-25 00:00:00-04:00,214.6483423512615,217.1755980905843,210.47977842040643,216.45751953125,1350600,0.0,0.0
2022-05-26 00:00:00-04:00,219.60035109098447,225.21439506833894,218.02431433112807,224.18856811523438,1188200,0.0,0.0
2022-05-27 00:00:00-04:00,230.4336387165296,238.0063176860735,227.26433529173153,235.46339416503906,1820400,0.6,0.0
2022-05-31 00:00:00-04:00,237.16486431185623,245.77529349239433,235.25767909870808,238.07171630859375,3734600,0.0,0.0
2022-06-01 00:00:00-04:00,240.6053057986725,244.30752196253673,233.91144778907352,234.11712646484375,1555900,0.0,0.0
2022-06-02 00:00:00-04:00,236.64136400766427,247.3646446113168,235.5288331671969,247.18701171875,1938900,0.0,0.0
2022-06-03 00:00:00-04:00,242.54049370752782,247.71047663933513,242.35353129353643,247.01866149902344,1813700,0.0,0.0
2022-06-06 00:00:00-04:00,250.44040762716398,252.20734949484222,247.2617610621174,248.3836212158203,1345900,0.0,0.0
2022-06-07 00:00:00-04:00,243.83067916990692,253.98368354073676,243.83067916990692,253.65646362304688,1500200,0.0,0.0
2022-06-08 00:00:00-04:00,250.10390628760163,254.95602925988373,248.90723797161593,250.42176818847656,1502200,0.0,0.0
2022-06-09 00:00:00-04:00,249.1035671157214,249.1409424910689,241.8581080926353,241.94224548339844,1626000,0.0,0.0
2022-06-10 00:00:00-04:00,237.22097022155563,237.77255649361217,232.52777932438107,233.23829650878906,1319800,0.0,0.0
2022-06-13 00:00:00-04:00,225.1888480786225,227.80656499905174,220.68264770927328,222.74876403808594,1653500,0.0,0.0
2022-06-14 00:00:00-04:00,222.52439284996117,230.69539102452052,222.5056908984282,225.10470581054688,1309900,0.0,0.0
2022-06-15 00:00:00-04:00,225.81521809872186,233.08873642138033,222.51502986326534,227.2923583984375,1606600,0.0,0.0
2022-06-16 00:00:00-04:00,221.52405049586628,224.34744609648536,215.20414594312976,217.94338989257812,1585100,0.0,0.0
2022-06-17 00:00:00-04:00,217.83119768244512,225.0766559744578,217.73770219186846,222.3467559814453,1940900,0.0,0.0
2022-06-21 00:00:00-04:00,226.17048661455246,231.80791952014596,222.1317353124509,230.6953887939453,1725300,0.0,0.0
2022-06-22 00:00:00-04:00,228.81625758677126,233.68708184936182,227.6943829767107,231.77053833007812,1231600,0.0,0.0
2022-06-23 00:00:00-04:00,233.88336611762375,241.97024013525626,233.88336611762375,241.72715759277344,1767900,0.0,0.0
2022-06-24 00:00:00-04:00,244.88715509081675,252.7028877405215,243.69984504402746,252.6094207763672,2114400,0.0,0.0
2022-06-27 00:00:00-04:00,251.15093943144097,252.31020348470068,244.42902248233455,245.75656127929688,1412500,0.0,0.0
2022-06-28 00:00:00-04:00,244.09252211433403,251.11361541743523,239.62371069257415,240.6147003173828,1703300,0.0,0.0
2022-06-29 00:00:00-04:00,239.89478883766924,241.3064651597397,236.67873802062715,240.25938415527344,1035000,0.0,0.0
2022-06-30 00:00:00-04:00,236.6133136604354,240.165942912634,232.45302072536148,238.0904541015625,1313100,0.0,0.0
2022-07-01 00:00:00-04:00,237.88480629367334,240.40902817903162,234.39764055673544,239.82003784179688,944600,0.0,0.0
2022-07-05 00:00:00-04:00,233.45336939036764,242.44706868566252,232.99526426713155,242.16661071777344,1114100,0.0,0.0
2022-07-06 00:00:00-04:00,242.95188882759342,244.89649224571153,240.25937857531724,240.49310302734375,1317100,0.0,0.0
2022-07-07 00:00:00-04:00,241.3812940065817,243.07345694360814,239.43669037377362,242.4564208984375,1019000,0.0,0.0
2022-07-08 00:00:00-04:00,240.28745195402672,240.5211764328855,232.57455841709748,235.10812377929688,1357300,0.0,0.0
2022-07-11 00:00:00-04:00,233.28506235866718,234.9398355686866,228.8629994658158,229.6015625,1368400,0.0,0.0
2022-07-12 00:00:00-04:00,228.0870355784392,231.20024721231113,226.72207840491632,228.3955535888672,1213300,0.0,0.0
2022-07-13 00:00:00-04:00,223.78651222296932,232.61195093639031,222.9918575442587,229.4613494873047,1037200,0.0,0.0
2022-07-14 00:00:00-04:00,227.17084996264106,228.7414716156332,225.0018799480404,228.0963897705078,906300,0.0,0.0
2022-07-15 00:00:00-04:00,230.70475952090302,231.90142769552725,228.64798698735578,229.55482482910156,791700,0.0,0.0
2022-07-18 00:00:00-04:00,232.65869810692766,237.7725908961699,228.95649604840725,229.76986694335938,889600,0.0,0.0
2022-07-19 00:00:00-04:00,233.34113434429128,238.98792494487802,231.27501823152448,238.77288818359375,1058000,0.0,0.0
2022-07-20 00:00:00-04:00,238.9505311388221,241.8580782041575,236.90310262414138,241.0166473388672,1008700,0.0,0.0
2022-07-21 00:00:00-04:00,241.278469501191,245.71923511557446,240.02570957262168,245.47618103027344,1239000,0.0,0.0
2022-07-22 00:00:00-04:00,246.19597554111445,248.4958160686759,241.1475332849096,243.1669158935547,800900,0.0,0.0
2022-07-25 00:00:00-04:00,242.9238358477968,244.05505417350983,237.49208202586172,241.8487091064453,586400,0.0,0.0
2022-07-26 00:00:00-04:00,238.76358841680644,239.26842703627543,234.36957087660423,235.42601013183594,970700,0.0,0.0
2022-07-27 00:00:00-04:00,238.55790596605186,247.15896417279924,237.32384810156805,246.2708282470703,1255300,0.0,0.0
2022-07-28 00:00:00-04:00,247.80397982095405,254.18934703101098,243.84002273894345,253.62840270996094,1453200,0.0,0.0
2022-07-29 00:00:00-04:00,254.8812602269147,256.3022949934375,253.38541763904504,255.32066345214844,1375900,0.0,0.0
2022-08-01 00:00:00-04:00,252.768340615521,256.8071063902379,250.77700352392506,255.7039337158203,1379400,0.0,0.0
2022-08-02 00:00:00-04:00,252.88988776527063,255.55435254770464,249.7766902402425,250.91726684570312,1288200,0.0,0.0
2022-08-03 00:00:00-04:00,251.99240545144596,252.6842208156191,247.67318141847653,252.01109313964844,1350500,0.0,0.0
2022-08-04 00:00:00-04:00,251.9830545068137,256.0965999632337,251.06684420405102,255.5169677734375,844000,0.0,0.0
2022-08-05 00:00:00-04:00,251.25386549146444,254.27359663898014,249.11294084431987,253.1143035888672,999200,0.0,0.0
2022-08-08 00:00:00-04:00,251.8802061644117,255.58239388025459,250.95463783733607,252.572021484375,1103300,0.0,0.0
2022-08-09 00:00:00-04:00,251.24449435605393,251.64652220342688,247.74798475764013,248.33697509765625,1040900,0.0,0.0
2022-08-10 00:00:00-04:00,252.45987862321726,256.28360824238405,252.45987862321726,254.7597198486328,797000,0.0,0.0
2022-08-11 00:00:00-04:00,256.9005913782884,258.5647084307075,251.83343241484454,252.75897216796875,1021700,0.0,0.0
2022-08-12 00:00:00-04:00,256.0685501955925,257.4989429591777,253.15167307226739,257.45220947265625,1080200,0.0,0.0
2022-08-15 00:00:00-04:00,255.58244097790134,259.0509048566056,254.68494681218147,258.3777770996094,1038500,0.0,0.0
2022-08-16 00:00:00-04:00,257.0875624794049,259.9857516540175,255.3112621887776,258.1346435546875,1077200,0.0,0.0
2022-08-17 00:00:00-04:00,255.29262413154754,260.0418937979409,254.10528531683042,258.51800537109375,1200600,0.0,0.0
2022-08-18 00:00:00-04:00,253.3573382845744,265.9317268184064,250.7209192823343,263.28594970703125,2450500,0.0,0.0
2022-08-19 00:00:00-04:00,261.9490393784982,262.50998381287366,254.00240739549994,255.4888916015625,1448500,0.0,0.0
2022-08-22 00:00:00-04:00,250.01971841846066,252.94595317477658,247.50484098748854,248.00033569335938,1230300,0.0,0.0
2022-08-23 00:00:00-04:00,246.47648123337916,250.49653054937818,246.40167342861736,248.27146911621094,923700,0.0,0.0
2022-08-24 00:00:00-04:00,248.68286207360413,250.07585093054433,246.63543321993086,248.14996337890625,1174700,0.0,0.0
2022-08-25 00:00:00-04:00,249.5803423098443,259.49026603055677,249.21574695476966,259.2658996582031,1166100,0.0,0.0
2022-08-26 00:00:00-04:00,260.07925262017733,261.13569182647456,244.52253765783442,244.83106994628906,1144600,0.0,0.0
2022-08-29 00:00:00-04:00,241.85810510073063,247.2991893518509,241.85810510073063,242.9238739013672,778600,0.0,0.0
2022-08-30 00:00:00-04:00,244.32007387365184,246.0536149037422,238.7539115518215,240.92788696289062,981400,0.6,0.0
2022-08-31 00:00:00-04:00,242.03368101255955,243.0269641535377,238.3322757592238,238.36976623535156,1492600,0.0,0.0
2022-09-01 00:00:00-04:00,236.28947024269198,236.84233318725362,231.52919532177205,235.3711395263672,1854700,0.0,0.0
2022-09-02 00:00:00-04:00,239.28811708733915,239.70042659339444,231.31372580797986,232.6912078857422,1027600,0.0,0.0
2022-09-06 00:00:00-04:00,233.6282282531231,235.35241833729316,229.4770375163322,230.65773010253906,1439700,0.0,0.0
2022-09-07 00:00:00-04:00,231.52918274052064,234.13421285473586,228.57743011003336,232.3819122314453,1780100,0.0,0.0
2022-09-08 00:00:00-04:00,229.85183070219088,233.99365550508,228.08078487224557,232.33505249023438,1569800,0.0,0.0
2022-09-09 00:00:00-04:00,234.3216280508522,238.05112932101784,234.246661404916,236.98287963867188,1578600,0.0,0.0
2022-09-12 00:00:00-04:00,237.99492817153478,243.89841978113392,237.67633062300317,239.34429931640625,1345400,0.0,0.0
2022-09-13 00:00:00-04:00,232.39129991434896,234.91199815681335,229.50514818347247,229.82374572753906,1227400,0.0,0.0
2022-09-14 00:00:00-04:00,230.19854514541566,232.3537895826538,227.40609141528532,230.64833068847656,1037500,0.0,0.0
2022-09-15 00:00:00-04:00,228.5118673518239,233.42207582053456,228.0620817381672,229.37396240234375,1283500,0.0,0.0
2022-09-16 00:00:00-04:00,226.60026028101447,227.24682082371592,222.67396958941023,224.31382751464844,1696700,0.0,0.0
2022-09-19 00:00:00-04:00,221.41828669688581,226.45968285169766,221.14654511495868,226.4503173828125,1036100,0.0,0.0
2022-09-20 00:00:00-04:00,223.9764839340787,226.24417145528477,222.51467001945218,224.42626953125,1156200,0.0,0.0
2022-09-21 00:00:00-04:00,230.10486805777097,231.85716885589437,222.88949584960938,222.88949584960938,1280100,0.0,0.0
2022-09-22 00:00:00-04:00,221.76501045270467,222.68332685344132,218.33536142952852,220.12515258789062,1110000,0.0,0.0
2022-09-23 00:00:00-04:00,217.38893975390934,218.7195655959291,211.36362584207077,214.60586547851562,1394300,0.0,0.0
2022-09-26 00:00:00-04:00,213.52823705227223,219.59102716938398,211.33551618754584,217.82936096191406,1630800,0.0,0.0
2022-09-27 00:00:00-04:00,220.7061363901347,221.29648982414784,209.64880570426462,211.8509063720703,2150200,0.0,0.0
2022-09-28 00:00:00-04:00,211.94458769767365,214.53088688752052,210.14543112558587,213.78123474121094,1577600,0.0,0.0
2022-09-29 00:00:00-04:00,211.11999334755046,212.36628706224693,202.88321340794923,205.5444793701172,1838200,0.0,0.0
2022-09-30 00:00:00-04:00,204.14824681332047,207.19369710380286,202.274123557639,202.3115997314453,1693800,0.0,0.0
2022-10-03 00:00:00-04:00,204.14824523658422,207.21244073951638,199.66909183397422,205.3008270263672,2109100,0.0,0.0
2022-10-04 00:00:00-04:00,209.53638008608237,213.14407357044365,209.47077889983726,212.95664978027344,1576000,0.0,0.0
2022-10-05 00:00:00-04:00,209.98616315989892,212.82545910546338,207.1000112673645,212.0008544921875,1224500,0.0,0.0
2022-10-06 00:00:00-04:00,211.3636406504696,217.02350148320878,211.35427518064242,214.68084716796875,1919600,0.0,0.0
2022-10-07 00:00:00-04:00,211.85092192346193,212.36630874508216,205.029113534818,205.9380645751953,1387300,0.0,0.0
2022-10-10 00:00:00-04:00,205.97550993975523,206.37845386671492,200.70922827386758,203.2486572265625,930000,0.0,0.0
2022-10-11 00:00:00-04:00,202.0867185319635,204.9541248884101,197.40141028981517,200.5780487060547,1550200,0.0,0.0
2022-10-12 00:00:00-04:00,202.4709322112355,202.66770716483774,198.48841991092095,201.56198120117188,1802300,0.0,0.0
2022-10-13 00:00:00-04:00,195.91147717060298,202.0773299661989,193.2127351651303,199.83775329589844,1863700,0.0,0.0
2022-10-14 00:00:00-04:00,202.227236937204,203.49227566224363,195.6490613041604,196.13633728027344,1400400,0.0,0.0
2022-10-17 00:00:00-04:00,198.45093768720852,201.487022926307,197.65442947465385,199.57540893554688,1280000,0.0,0.0
2022-10-18 00:00:00-04:00,205.29148995883807,206.4347064380076,199.90338489494633,201.69317626953125,2087000,0.0,0.0
2022-10-19 00:00:00-04:00,200.9528802705299,200.9997362155802,193.60631991693023,194.24351501464844,1890200,0.0,0.0
2022-10-20 00:00:00-04:00,193.31580590064513,196.86726298076442,188.09636606145278,188.30252075195312,2872200,0.0,0.0
2022-10-21 00:00:00-04:00,188.44315011870447,190.40160601972485,184.5637145006206,189.09909057617188,2584300,0.0,0.0
2022-10-24 00:00:00-04:00,189.09903033380286,189.66125870462133,181.30267109897974,184.4043426513672,3041000,0.0,0.0
2022-10-25 00:00:00-04:00,186.1379422349779,192.35066610573165,184.8073162887583,192.21009826660156,2065400,0.0,0.0
2022-10-26 00:00:00-04:00,189.72687202992677,196.20197141562923,188.48057832874275,193.03469848632812,1491600,0.0,0.0
2022-10-27 00:00:00-04:00,193.32515676701485,194.53397411532092,190.92628160248117,191.5634765625,1237200,0.0,0.0
2022-10-28 00:00:00-04:00,190.76702442482724,194.7214259804906,190.03611743571665,193.447021484375,2050600,0.0,0.0
2022-10-31 00:00:00-04:00,191.5072643091102,191.61034165149934,186.07231876037264,187.87147521972656,2636500,0.0,0.0
2022-11-01 00:00:00-04:00,192.95034769016289,196.59551655713477,190.7107711518191,193.74684143066406,3042900,0.0,0.0
2022-11-02 00:00:00-04:00,179.5128810347076,185.06028347975212,176.0270110600259,178.00421142578125,7665000,0.0,0.0
2022-11-03 00:00:00-04:00,176.15820592767997,183.31735559757016,174.7338683681555,181.5837860107422,3467200,0.0,0.0
2022-11-04 00:00:00-04:00,198.40404255948448,203.9514453477741,191.9851793728149,197.27957153320312,6164600,0.0,0.0
2022-11-07 00:00:00-05:00,196.23945107426752,197.02657943685622,190.09232887389177,193.0440673828125,2725300,0.0,0.0
2022-11-08 00:00:00-05:00,195.46168063327403,199.47230323837047,192.7629528802607,194.8057403564453,2118000,0.0,0.0
2022-11-09 00:00:00-05:00,193.97178424052638,195.4148530590269,191.16059896167815,191.91961669921875,1855700,0.0,0.0
2022-11-10 00:00:00-05:00,199.28489412617063,205.53509345077904,198.05734568484084,205.11341857910156,1764500,0.0,0.0
2022-11-11 00:00:00-05:00,208.29940354283636,217.7075094164113,207.74654066557275,213.85618591308594,3516900,0.0,0.0
2022-11-14 00:00:00-05:00,211.56977281072048,213.25648659749513,206.71580045045164,206.78138732910156,1829700,0.0,0.0
2022-11-15 00:00:00-05:00,214.04363077283898,215.75845539143555,211.07314691387995,212.6942596435547,2011500,0.0,0.0
2022-11-16 00:00:00-05:00,214.0061608981635,215.66474985319138,208.64616669813006,208.88043212890625,1507400,0.0,0.0
2022-11-17 00:00:00-05:00,203.5860073102549,213.90306514558492,202.7707682567436,213.79998779296875,1940500,0.0,0.0
2022-11-18 00:00:00-05:00,217.89495888791663,220.71550949542072,215.8896473948813,218.7664337158203,2460400,0.0,0.0
2022-11-21 00:00:00-05:00,214.06237169221703,215.14936666870537,204.84168822601075,205.14154052734375,2672600,0.0,0.0
2022-11-22 00:00:00-05:00,206.52839243996445,208.4400063102642,201.47763046163465,208.2994384765625,1753600,0.0,0.0
2022-11-23 00:00:00-05:00,208.9647652913842,210.97944228670602,207.3249072677971,208.69302368164062,825100,0.0,0.0
2022-11-25 00:00:00-05:00,206.81887265154037,207.774665191559,203.68907603129063,206.1629180908203,1076000,0.0,0.0
2022-11-28 00:00:00-05:00,202.9768993751297,206.3503266156272,200.66235624314862,203.62347412109375,1568900,0.0,0.0
2022-11-29 00:00:00-05:00,204.41301612834408,205.36234087805184,201.37709015023668,202.025634765625,1257100,0.66,0.0
2022-11-30 00:00:00-05:00,203.3885208237976,221.72628567068637,202.439210368763,221.62289428710938,3410200,0.0,0.0
2022-12-01 00:00:00-05:00,219.17910338787615,221.09652649646,215.6732192991788,218.02301025390625,1605600,0.0,0.0
2022-12-02 00:00:00-05:00,214.61109919706553,225.33554805674575,214.31031908472394,224.64939880371094,2002500,0.0,0.0
2022-12-05 00:00:00-05:00,221.34092223630705,222.24323396525273,216.61314380543266,217.5624542236328,1325300,0.0,0.0
2022-12-06 00:00:00-05:00,221.42551165843324,223.51212725549507,218.74674412810114,222.80718994140625,1902200,0.0,0.0
2022-12-07 00:00:00-05:00,220.8897656984704,221.70750278453764,217.1395081408726,218.55877685546875,1575300,0.0,0.0
2022-12-08 00:00:00-05:00,224.54602085231588,228.51246918345896,222.18683586583407,228.04251098632812,2017500,0.0,0.0
2022-12-09 00:00:00-05:00,226.41648794113212,228.91666930445706,224.00090996377517,225.96533203125,2468000,0.0,0.0
2022-12-12 00:00:00-05:00,225.42014355274213,230.04453034778604,223.7282912272418,229.75315856933594,1665200,0.0,0.0
2022-12-13 00:00:00-05:00,237.27252099466622,239.5095268299661,228.48429607769174,233.2496795654297,2803900,0.0,0.0
2022-12-14 00:00:00-05:00,233.54103436366452,237.39469742805136,231.44502475977905,234.2459716796875,1737300,0.0,0.0
2022-12-15 00:00:00-05:00,226.1908899889813,228.54068113510405,222.6943996161917,226.14390563964844,2070600,0.0,0.0
2022-12-16 00:00:00-05:00,223.59673750015898,227.00863901341714,222.79780273161492,226.46348571777344,2745800,0.0,0.0
2022-12-19 00:00:00-05:00,226.01231649715606,227.14021337185116,220.57958620663268,222.04586791992188,1230100,0.0,0.0
2022-12-20 00:00:00-05:00,220.269436412008,224.09488909007428,218.25801568573036,223.36175537109375,1374900,0.0,0.0
2022-12-21 00:00:00-05:00,226.65142438964244,233.2590350756259,225.58931434193173,229.21739196777344,2012900,0.0,0.0
2022-12-22 00:00:00-05:00,225.78671689808033,227.96731547031038,224.03847183478163,227.6665496826172,1053000,0.0,0.0
2022-12-23 00:00:00-05:00,227.5537619267744,228.24929087091292,224.4050363087887,226.5386505126953,551000,0.0,0.0
2022-12-27 00:00:00-05:00,227.252990704316,234.80992674677827,227.252990704316,233.37184143066406,1826200,0.0,0.0
2022-12-28 00:00:00-05:00,232.9582748488007,234.65011281802703,231.32281522429847,231.39801025390625,1394300,0.0,0.0
2022-12-29 00:00:00-05:00,233.84181062471237,236.0882103986156,233.03348189248848,234.91331481933594,775800,0.0,0.0
2022-12-30 00:00:00-05:00,233.40943472704555,233.88878691436386,230.3922968579632,233.20265197753906,866100,0.0,0.0
2023-01-03 00:00:00-05:00,240.78777469071045,240.78777469071045,235.5242514947496,238.6541748046875,1689000,0.0,0.0
2023-01-04 00:00:00-05:00,243.25980634908186,247.15107473578036,241.42695755523502,246.17355346679688,1553100,0.0,0.0
2023-01-05 00:00:00-05:00,244.54746001677265,246.3427039146139,241.53974452640017,245.47799682617188,1421500,0.0,0.0
2023-01-06 00:00:00-05:00,246.4554482317932,251.2960115036413,245.07377010526864,247.95932006835938,1708500,0.0,0.0
2023-01-09 00:00:00-05:00,245.8727346668809,251.098667705646,240.80660004163443,245.91033935546875,2025500,0.0,0.0
2023-01-10 00:00:00-05:00,245.64717744522804,248.95567312402372,244.50988653751304,246.68109130859375,1266000,0.0,0.0
2023-01-11 00:00:00-05:00,247.84657168392175,249.0778599421253,245.48737220899454,247.7713623046875,1092400,0.0,0.0
2023-01-12 00:00:00-05:00,248.7018817561804,249.7075991745012,243.94590713231122,246.49307250976562,1259100,0.0,0.0
2023-01-13 00:00:00-05:00,246.08890150189225,251.70020316436796,246.08890150189225,251.16444396972656,914200,0.0,0.0
2023-01-17 00:00:00-05:00,250.01780953873134,253.25112485906322,248.57032997830916,250.99533081054688,1389100,0.0,0.0
2023-01-18 00:00:00-05:00,251.61565373500443,252.6119629113253,247.2732154931077,247.43301391601562,1414000,0.0,0.0
2023-01-19 00:00:00-05:00,244.61329950324708,246.10776348176583,243.43840373233812,243.9177703857422,1292300,0.0,0.0
2023-01-20 00:00:00-05:00,244.37825851796987,251.73779114392894,244.37825851796987,251.48402404785156,1251700,0.0,0.0
2023-01-23 00:00:00-05:00,253.77746459831843,258.0822697101848,252.54617623146692,257.9976806640625,1555900,0.0,0.0
2023-01-24 00:00:00-05:00,256.69120445020326,260.99600944224346,254.76435839557598,260.50726318359375,1530100,0.0,0.0
2023-01-25 00:00:00-05:00,257.1422671002723,259.0597042224742,253.55180893614576,257.48065185546875,1299600,0.0,0.0
2023-01-26 00:00:00-05:00,259.5767815732187,260.21591798083176,254.10646004481504,256.80401611328125,1950600,0.0,0.0
2023-01-27 00:00:00-05:00,258.94700308128466,259.1913905570758,253.8808392345438,254.52000427246094,1805100,0.0,0.0
2023-01-30 00:00:00-05:00,252.93155421390404,255.52570443676981,252.06681835029724,254.91476440429688,1147300,0.0,0.0
2023-01-31 00:00:00-05:00,255.62913797169603,260.49789943974895,253.11016817941928,260.4320983886719,1338900,0.0,0.0
2023-02-01 00:00:00-05:00,258.67436840565654,264.8966099991872,256.6065696639957,263.9284973144531,1727500,0.0,0.0
2023-02-02 00:00:00-05:00,257.2833365710857,266.57909521535686,249.7264003877132,252.28297424316406,3688200,0.0,0.0
2023-02-03 00:00:00-05:00,251.94462808012815,254.34143257222334,249.56664027739993,253.34512329101562,1913500,0.0,0.0
2023-02-06 00:00:00-05:00,250.60993271532575,251.8130246482696,244.58506470704492,245.47799682617188,1828600,0.0,0.0
2023-02-07 00:00:00-05:00,243.10000876408444,245.9009414776656,240.57161683145208,245.32760620117188,2679200,0.0,0.0
2023-02-08 00:00:00-05:00,242.49845569446768,244.2466866067477,240.27085819089638,243.61695861816406,1404900,0.0,0.0
2023-02-09 00:00:00-05:00,246.51189804247525,247.01946100028246,237.3195298667217,237.33831787109375,1967100,0.0,0.0
2023-02-10 00:00:00-05:00,233.25907786009356,236.99994154282155,231.72700936399173,235.2047119140625,3101700,0.0,0.0
2023-02-13 00:00:00-05:00,238.14662557065628,241.0697806362925,236.41718275037147,239.95126342773438,1922300,0.0,0.0
2023-02-14 00:00:00-05:00,239.08656783287077,246.50252316823546,238.55082285810371,240.16748046875,1602400,0.0,0.0
2023-02-15 00:00:00-05:00,237.02810631694967,240.06404655689016,236.21038365408535,239.34970092773438,1175700,0.0,0.0
2023-02-16 00:00:00-05:00,234.72530339750975,237.46985738722609,233.6819956872079,234.53732299804688,1191400,0.0,0.0
2023-02-17 00:00:00-05:00,233.09928398097503,238.76697913363734,232.6387197487037,237.6860809326172,1200300,0.0,0.0
2023-02-21 00:00:00-05:00,232.62934446537017,237.25373213734014,232.62934446537017,234.96974182128906,1297400,0.0,0.0
2023-02-22 00:00:00-05:00,234.33998621913156,238.25002791842496,233.0992895679225,234.27418518066406,852500,0.0,0.0
2023-02-23 00:00:00-05:00,235.9660291988842,237.74247072743384,233.51284667450736,234.6595458984375,862400,0.0,0.0
2023-02-24 00:00:00-05:00,230.27952873024017,231.7364020865227,227.17780159731305,228.1365203857422,1132400,0.0,0.0
2023-02-27 00:00:00-05:00,230.30420364884293,231.6519419185961,228.14593274195673,228.21189880371094,1142000,0.66,0.0
2023-02-28 00:00:00-05:00,227.5992844563472,230.73774160466104,225.42214564164706,229.06954956054688,1245900,0.0,0.0
2023-03-01 00:00:00-05:00,232.08550629193056,235.7140570158349,230.50214811639583,231.68966674804688,2013200,0.0,0.0
2023-03-02 00:00:00-05:00,229.48424977269048,235.28991031502483,229.20150315595475,234.52650451660156,902000,0.0,0.0
2023-03-03 00:00:00-05:00,236.53400367078157,239.55935381990525,234.59249883866534,238.66400146484375,1055900,0.0,0.0
2023-03-06 00:00:00-05:00,237.73095187079645,239.75727634112906,236.18528660169537,237.21258544921875,867800,0.0,0.0
2023-03-07 00:00:00-05:00,236.9769637680263,238.7488292018162,230.76602951638648,231.3409423828125,798500,0.0,0.0
2023-03-08 00:00:00-05:00,232.4624715502069,235.23336249204803,231.64251930945034,234.1872100830078,769300,0.0,0.0
2023-03-09 00:00:00-05:00,234.1118498969592,234.17783035018746,227.88206121445901,229.474853515625,1092700,0.0,0.0
2023-03-10 00:00:00-05:00,228.9093236432703,229.51250967946632,221.1244372354809,222.61355590820312,1260300,0.0,0.0
2023-03-13 00:00:00-04:00,221.58625135982493,223.33926297866222,217.99540845859914,221.44488525390625,1570600,0.0,0.0
2023-03-14 00:00:00-04:00,227.3636753773968,229.02243350459963,223.97074468415167,226.59083557128906,1362000,0.0,0.0
2023-03-15 00:00:00-04:00,223.42413183847108,224.93210441206347,219.1264286991528,223.17909240722656,1322900,0.0,0.0
2023-03-16 00:00:00-04:00,222.67012935782188,225.4598741017538,221.08677121368385,223.58433532714844,1083200,0.0,0.0
2023-03-17 00:00:00-04:00,225.233657624736,225.629497132136,219.1735237442516,221.06790161132812,2149800,0.0,0.0
2023-03-20 00:00:00-04:00,221.12445609439607,223.45238077194824,220.27623060215282,223.1979217529297,1201400,0.0,0.0
2023-03-21 00:00:00-04:00,225.40333551802794,226.92072764966554,223.47125022528317,224.7812957763672,1273200,0.0,0.0
2023-03-22 00:00:00-04:00,225.31850652158263,229.38058952347507,223.47124098424607,223.6503143310547,1290800,0.0,0.0
2023-03-23 00:00:00-04:00,228.30614747639382,230.8602578412084,223.5089178202836,224.98861694335938,985400,0.0,0.0
2023-03-24 00:00:00-04:00,224.20635723031918,228.14592742918575,223.52777111358705,227.78778076171875,897100,0.0,0.0
2023-03-27 00:00:00-04:00,229.30518064455254,230.34189908349032,227.12805610358353,227.95742797851562,854400,0.0,0.0
2023-03-28 00:00:00-04:00,228.25905345723598,229.5408258214574,225.53528898090198,226.60028076171875,729100,0.0,0.0
2023-03-29 00:00:00-04:00,229.67275257679668,231.2561106887008,227.4579207619524,230.55868530273438,865100,0.0,0.0
2023-03-30 00:00:00-04:00,233.08454748063875,234.10242682459855,231.33153545177893,232.5284881591797,1646300,0.0,0.0
2023-03-31 00:00:00-04:00,233.97044809241305,235.2710739163863,230.91681048090257,232.28341674804688,1893200,0.0,0.0
2023-04-03 00:00:00-04:00,231.34093678181597,233.47093446792638,230.92624365789754,232.59442138671875,1333500,0.0,0.0
2023-04-04 00:00:00-04:00,233.05626625118342,234.46056550160725,229.5785155406642,230.4927215576172,1596000,0.0,0.0
2023-04-05 00:00:00-04:00,230.16285500787748,231.2561199656769,224.1781062509806,225.6577911376953,1530800,0.0,0.0
2023-04-06 00:00:00-04:00,226.7887856956225,228.15537772687958,222.96232225566587,227.38253784179688,1317500,0.0,0.0
2023-04-10 00:00:00-04:00,225.7520411556095,226.7416471897679,222.93402317628235,226.72279357910156,1144400,0.0,0.0
2023-04-11 00:00:00-04:00,227.59935140672343,228.6266504828611,226.12907148893794,227.84439086914062,960700,0.0,0.0
2023-04-12 00:00:00-04:00,230.10630952706137,234.12128044748997,226.42122648682542,232.83950805664062,2112900,0.0,0.0
2023-04-13 00:00:00-04:00,235.11084201060345,238.2115919139703,234.29087541656565,237.0334930419922,1418600,0.0,0.0
2023-04-14 00:00:00-04:00,237.6555766388359,242.70725173005383,237.6555766388359,239.39915466308594,1637000,0.0,0.0
2023-04-17 00:00:00-04:00,239.578213706642,240.8317127890024,237.4199426308024,238.682861328125,1096700,0.0,0.0
2023-04-18 00:00:00-04:00,240.41703222946225,243.2539040206818,239.40858689419738,242.2925567626953,1383300,0.0,0.0
2023-04-19 00:00:00-04:00,242.6412785581138,243.09365016074852,237.22200884373024,241.86843872070312,1583400,0.0,0.0
2023-04-20 00:00:00-04:00,240.85997815445847,245.34618827778021,240.85997815445847,243.61203002929688,1058800,0.0,0.0
2023-04-21 00:00:00-04:00,243.61206405760439,245.47815469627835,240.76577249536862,241.49148559570312,1308900,0.0,0.0
2023-04-24 00:00:00-04:00,240.83170374478004,241.08617715011707,238.51321301510347,239.01272583007812,864300,0.0,0.0
2023-04-25 00:00:00-04:00,237.58959728091028,238.67345707717348,232.7452543765856,232.83950805664062,928000,0.0,0.0
2023-04-26 00:00:00-04:00,231.5105819539368,233.4049599019829,226.66623961190317,226.98667907714844,1301500,0.0,0.0
2023-04-27 00:00:00-04:00,228.84335795806282,231.68964899099646,227.67469302695307,231.53884887695312,1168600,0.0,0.0
2023-04-28 00:00:00-04:00,230.90742265373547,232.95260095722315,229.135557012647,232.5284881591797,1252900,0.0,0.0
2023-05-01 00:00:00-04:00,233.9233293560907,236.21356123927214,232.46248375239435,232.66983032226562,890400,0.0,0.0
2023-05-02 00:00:00-04:00,231.0016684452142,232.30228002272622,226.6097117169331,231.11476135253906,2021700,0.0,0.0
2023-05-03 00:00:00-04:00,182.92578101027289,197.9300478642257,179.35379123763877,191.04052734375,14857500,0.0,0.0
2023-05-04 00:00:00-04:00,194.9895260272784,194.9895260272784,187.55336552710082,189.43832397460938,4884100,0.0,0.0
2023-05-05 00:00:00-04:00,192.6521810570555,195.27227214150554,188.0717314667774,191.83221435546875,3312800,0.0,0.0
2023-05-08 00:00:00-04:00,195.0931852739683,197.58132967033467,191.69083494587912,194.16012573242188,3816100,0.0,0.0
2023-05-09 00:00:00-04:00,193.2082423695628,195.5078939943508,189.2498324752828,189.68336486816406,2370600,0.0,0.0
2023-05-10 00:00:00-04:00,191.49291020224018,192.08667667925693,188.40157968570836,189.6173858642578,2230300,0.0,0.0
2023-05-11 00:00:00-04:00,190.12633013435845,191.16306303485032,188.05287871446646,190.18287658691406,2087700,0.0,0.0
2023-05-12 00:00:00-04:00,188.2413723444592,189.38177853900538,185.00867549254872,187.69473266601562,4015800,0.0,0.0
2023-05-15 00:00:00-04:00,188.53352619381312,190.0226450030471,186.62029463574893,189.6173858642578,2190900,0.0,0.0
2023-05-16 00:00:00-04:00,189.90958590095696,190.0980788916375,183.68921654084556,183.73634338378906,2021000,0.0,0.0
2023-05-17 00:00:00-04:00,184.25469095281676,185.88517600717688,182.68075235173856,185.73439025878906,2031900,0.0,0.0
2023-05-18 00:00:00-04:00,185.90401015623746,189.05188702884084,185.583570700459,188.35446166992188,1918200,0.0,0.0
2023-05-19 00:00:00-04:00,190.07920255929608,190.07920255929608,186.62030554084646,188.38275146484375,1795900,0.0,0.0
2023-05-22 00:00:00-04:00,187.55336352359407,188.26964254880278,186.46008418425586,186.58261108398438,1571400,0.0,0.0
2023-05-23 00:00:00-04:00,185.30084772411408,185.49877469622405,180.65441749815136,180.72039794921875,1839500,0.0,0.0
2023-05-24 00:00:00-04:00,179.32550812160372,179.90984058035193,177.44996947539957,178.9673614501953,1646100,0.0,0.0
2023-05-25 00:00:00-04:00,179.10874801380822,181.38956042451744,177.68560954200294,180.1077880859375,1681700,0.0,0.0
2023-05-26 00:00:00-04:00,179.4669054800522,184.066209037806,179.32553933835598,183.25567626953125,2062100,0.0,0.0
2023-05-30 00:00:00-04:00,183.60554765265545,183.64338330051584,179.72823069111973,181.48721313476562,2474500,0.66,0.0
2023-05-31 00:00:00-04:00,179.88900537393403,179.91737489625302,172.4369696699378,174.03518676757812,4465100,0.0,0.0
2023-06-01 00:00:00-04:00,173.57178447562163,174.21486061694495,172.13434732221023,172.95709228515625,2906600,0.0,0.0
2023-06-02 00:00:00-04:00,174.26213714692022,178.63121623772562,173.38263876691158,178.0637969970703,2499200,0.0,0.0
2023-06-05 00:00:00-04:00,173.99734410628028,175.898174017776,171.217015821059,171.2548370361328,2270500,0.0,0.0
2023-06-06 00:00:00-04:00,170.2429774697586,174.5364001804601,169.07031764182304,174.1297607421875,2467300,0.0,0.0
2023-06-07 00:00:00-04:00,173.28810932432154,173.47724429481147,170.63071031917065,171.41563415527344,2075600,0.0,0.0
2023-06-08 00:00:00-04:00,172.3613284585148,172.739612840587,169.5810140081712,171.29270935058594,2227600,0.0,0.0
2023-06-09 00:00:00-04:00,171.16975219270003,171.20757341301342,166.2805405605725,166.94252014160156,3677200,0.0,0.0
2023-06-12 00:00:00-04:00,167.16948899535493,169.94035150897196,165.54290236760812,169.87416076660156,2290400,0.0,0.0
2023-06-13 00:00:00-04:00,171.98305726128717,175.13220437262768,171.075189180961,174.64044189453125,2371000,0.0,0.0
2023-06-14 00:00:00-04:00,180.09706142184848,182.13975364627237,177.95034280367875,181.72364807128906,3769600,0.0,0.0
2023-06-15 00:00:00-04:00,182.35725808186191,189.66743187470124,182.14920529442674,188.57989501953125,3371000,0.0,0.0
2023-06-16 00:00:00-04:00,191.63445575164837,193.30832964847426,189.53502460785234,192.87330627441406,5234900,0.0,0.0
2023-06-20 00:00:00-04:00,189.32696278082267,190.6131005873307,186.74523547124025,186.82089233398438,2807600,0.0,0.0
2023-06-21 00:00:00-04:00,185.63879479421004,186.71687991632118,182.99086212040677,184.1729736328125,2074500,0.0,0.0
2023-06-22 00:00:00-04:00,185.0524551144586,186.99112085402896,183.40696514717425,184.92005920410156,1566800,0.0,0.0
2023-06-23 00:00:00-04:00,183.1421503336308,183.5677075327747,180.39964334901532,181.51556396484375,3713400,0.0,0.0
2023-06-26 00:00:00-04:00,182.16813632169647,184.80660314618757,181.29810388849324,183.5393829345703,1149200,0.0,0.0
2023-06-27 00:00:00-04:00,182.90579893176093,186.66018718099207,182.03576637439292,185.7996063232422,1241600,0.0,0.0
2023-06-28 00:00:00-04:00,184.97681197131436,185.29834283380137,181.75200835912182,183.34075927734375,1225100,0.0,0.0
2023-06-29 00:00:00-04:00,182.5085554656131,183.52043535919734,180.85359944212033,182.0735321044922,1688100,0.0,0.0
2023-06-30 00:00:00-04:00,183.5677285281833,186.7452447713245,181.64798063441793,185.71444702148438,1603300,0.0,0.0
2023-07-03 00:00:00-04:00,186.4142488545992,187.82333094509073,185.79955665200873,187.2464599609375,952200,0.0,0.0
2023-07-05 00:00:00-04:00,184.44722910275954,188.0597690451227,183.53937548326255,185.0146484375,1492800,0.0,0.0
2023-07-06 00:00:00-04:00,181.85604880551548,183.56774406880103,179.85117774839946,183.48263549804688,1535400,0.0,0.0
2023-07-07 00:00:00-04:00,182.51802056899916,183.7095837986132,181.4021142090535,182.00735473632812,1214800,0.0,0.0
2023-07-10 00:00:00-04:00,181.50612397770783,186.688511261825,181.38319419229555,182.7071533203125,1605300,0.0,0.0
2023-07-11 00:00:00-04:00,184.19191073414865,184.69312491345778,181.7141949323903,182.4234619140625,1254900,0.0,0.0
2023-07-12 00:00:00-04:00,185.2226791460925,185.39289626817452,180.5793419150144,180.65499877929688,1740700,0.0,0.0
2023-07-13 00:00:00-04:00,182.3950672955218,183.6244661139626,181.22242194906863,182.76388549804688,1542700,0.0,0.0
2023-07-14 00:00:00-04:00,182.54638077032462,183.86088814978845,181.1089291801683,183.11380004882812,1139400,0.0,0.0
2023-07-17 00:00:00-04:00,181.22240398287585,182.53691123387165,180.56987620539047,182.18699645996094,935900,0.0,0.0
2023-07-18 00:00:00-04:00,179.86060684246698,180.86303494958548,177.06136084120595,177.9597625732422,2601200,0.0,0.0
2023-07-19 00:00:00-04:00,179.662029104319,180.9387152887354,176.69256561122776,180.5982666015625,3220800,0.0,0.0
2023-07-20 00:00:00-04:00,175.89819576074225,176.31430132834268,171.5858552057421,172.36131286621094,3320900,0.0,0.0
2023-07-21 00:00:00-04:00,172.11543614265702,173.06112535223207,169.8174182898243,169.90252685546875,4666700,0.0,0.0
2023-07-24 00:00:00-04:00,166.59263839434857,169.18381796309345,162.59236207736382,167.42483520507812,5137600,0.0,0.0
2023-07-25 00:00:00-04:00,168.56910290332712,169.15542560015035,166.47912338485912,168.69204711914062,2778900,0.0,0.0
2023-07-26 00:00:00-04:00,167.50046373557956,169.13651641436311,166.24269538862677,168.3988800048828,2098800,0.0,0.0
2023-07-27 00:00:00-04:00,169.93090663378334,170.66854310736724,163.42455986158373,164.02980041503906,3475500,0.0,0.0
2023-07-28 00:00:00-04:00,166.1954158730688,171.45344522108587,166.081923362991,170.64015197753906,2100600,0.0,0.0
2023-07-31 00:00:00-04:00,171.90738572032294,173.25026268473204,169.44858796966986,170.22406005859375,2954400,0.0,0.0
2023-08-01 00:00:00-04:00,167.44371938684517,168.67311817370862,165.39157565319013,165.5239715576172,2859000,0.0,0.0
2023-08-02 00:00:00-04:00,162.68690311947054,164.89036056786182,161.61826976366555,163.13137817382812,4455600,0.0,0.0
2023-08-03 00:00:00-04:00,162.86659918848696,163.93523262842174,161.74122670396665,162.50723266601562,3216100,0.0,0.0
2023-08-04 00:00:00-04:00,162.84769736077598,163.25435127037323,160.81447110301107,161.39134216308594,2363400,0.0,0.0
2023-08-07 00:00:00-04:00,161.88308591498188,162.96118555964586,160.038994683455,160.90902709960938,1724900,0.0,0.0
2023-08-08 00:00:00-04:00,159.0176456676412,159.97280106972755,157.2397596447857,159.00819396972656,2905300,0.0,0.0
2023-08-09 00:00:00-04:00,158.80013131981488,158.92307553544114,156.59667371630402,157.16409301757812,2778500,0.0,0.0
2023-08-10 00:00:00-04:00,160.341600504731,165.78876488987464,160.07680869344375,160.71041870117188,2724500,0.0,0.0
2023-08-11 00:00:00-04:00,159.2067915818928,161.21164818147713,158.29892354939687,158.52589416503906,1965400,0.0,0.0
2023-08-14 00:00:00-04:00,157.47617386434587,159.1311300089043,157.1924642106928,158.0908660888672,1836100,0.0,0.0
2023-08-15 00:00:00-04:00,156.01978185130358,156.511544217967,153.66502525511208,154.6390838623047,2341600,0.0,0.0
2023-08-16 00:00:00-04:00,153.24894334935163,155.81175309421693,153.24894334935163,153.32460021972656,2494900,0.0,0.0
2023-08-17 00:00:00-04:00,153.07872431468297,155.97253130056976,152.5207710838248,153.25840759277344,4463500,0.0,0.0
2023-08-18 00:00:00-04:00,143.74475393316243,153.1543582947466,141.3332436620852,148.18003845214844,8014500,0.0,0.0
2023-08-21 00:00:00-04:00,146.93174599227288,148.04766690081368,141.77774205056073,142.7045135498047,5334900,0.0,0.0
2023-08-22 00:00:00-04:00,141.74936212888358,141.8439368265956,139.18653789364512,141.4656524658203,5636900,0.0,0.0
2023-08-23 00:00:00-04:00,141.85338146834133,144.97415874665927,141.67369820966988,144.5675048828125,2675400,0.0,0.0
2023-08-24 00:00:00-04:00,143.2529986024592,146.58182868792127,142.30730938511778,142.54373168945312,2918700,0.0,0.0
2023-08-25 00:00:00-04:00,143.2529760260438,145.93874394687612,142.85578834896512,144.8795623779297,2131700,0.0,0.0
2023-08-28 00:00:00-04:00,146.307565780112,148.78526658365752,146.1846215805231,147.8963165283203,2032600,0.0,0.0
2023-08-29 00:00:00-04:00,148.6339657852882,151.10221510728397,148.47320035727427,150.6199188232422,2078100,0.0,0.0
2023-08-30 00:00:00-04:00,150.66740380062166,156.37464096374052,150.66740380062166,155.33006286621094,2844100,0.66,0.0
2023-08-31 00:00:00-04:00,155.83335731927383,157.41922820108005,152.4052129310229,152.4431915283203,2252500,0.0,0.0
2023-09-01 00:00:00-04:00,154.59886823670723,155.26360247466044,152.1773229147666,153.5542755126953,1413600,0.0,0.0
2023-09-05 00:00:00-04:00,152.53815664002352,154.9976801105885,152.49067252678404,152.95599365234375,1772800,0.0,0.0
2023-09-06 00:00:00-04:00,151.6740043674726,151.9968731731577,148.59721621592644,148.6921844482422,1845400,0.0,0.0
2023-09-07 00:00:00-04:00,148.5117581206056,149.88871059130952,147.01134984207448,147.57162475585938,1676600,0.0,0.0
2023-09-08 00:00:00-04:00,147.7520717107479,148.14142123135653,145.84333169209475,146.24217224121094,1516700,0.0,0.0
2023-09-11 00:00:00-04:00,147.59060671260406,147.7140625082285,145.04562054825004,145.57740783691406,1927600,0.0,0.0
2023-09-12 00:00:00-04:00,145.083586140678,145.66285749036334,143.15585014699568,143.6781463623047,1658500,0.0,0.0
2023-09-13 00:00:00-04:00,143.04190808241583,144.83669736878835,142.54809940597258,144.71324157714844,1967000,0.0,0.0
2023-09-14 00:00:00-04:00,145.82432536643873,146.99235935982003,145.30202903114827,146.47007751464844,1564100,0.0,0.0
2023-09-15 00:00:00-04:00,149.04353676870377,150.92378889841018,147.590612692551,147.85650634765625,5414800,0.0,0.0
2023-09-18 00:00:00-04:00,147.01133928837135,148.14139455241428,146.11869010534187,146.43206787109375,1375700,0.0,0.0
2023-09-19 00:00:00-04:00,144.96965097158196,145.50143826797137,142.6050812178678,144.35238647460938,1567100,0.0,0.0
2023-09-20 00:00:00-04:00,145.1215841884621,145.75783069429053,143.0323992557525,143.24131774902344,1074500,0.0,0.0
2023-09-21 00:00:00-04:00,142.32021669183558,142.41518493622448,138.65466560626774,138.74014282226562,3139600,0.0,0.0
2023-09-22 00:00:00-04:00,139.5947702933012,141.1236659761182,138.13235526587985,140.18353271484375,2213600,0.0,0.0
2023-09-25 00:00:00-04:00,138.8255769991708,139.42384493752587,137.1922220643893,138.1608428955078,1629900,0.0,0.0
2023-09-26 00:00:00-04:00,136.74590716465852,137.27769448521337,132.07375707534683,132.5865478515625,2930600,0.0,0.0
2023-09-27 00:00:00-04:00,133.327247411497,133.82105611023923,131.18110168599438,132.98538208007812,2075700,0.0,0.0
2023-09-28 00:00:00-04:00,132.43460863184524,134.96059820734942,131.59893462755167,134.79916381835938,1799800,0.0,0.0
2023-09-29 00:00:00-04:00,138.55969344078653,139.94613688787368,136.46101723566053,137.26820373535156,2148700,0.0,0.0
2023-10-02 00:00:00-04:00,136.02418806994635,137.98990280893904,135.02707967069304,136.17611694335938,1493200,0.0,0.0
2023-10-03 00:00:00-04:00,135.41643963979521,136.57498251912648,133.69760737512863,133.95401000976562,1322900,0.0,0.0
2023-10-04 00:00:00-04:00,134.57127295583982,135.321469816363,133.08984679878293,135.20751953125,1207200,0.0,0.0
2023-10-05 00:00:00-04:00,134.48580457703602,135.3119876686733,133.13733965094627,134.26739501953125,1195600,0.0,0.0
2023-10-06 00:00:00-04:00,133.19429208037002,139.65173987799628,132.59603865618575,137.94241333007812,2218900,0.0,0.0
2023-10-09 00:00:00-04:00,136.15717979001275,136.97385752564864,133.11836947780012,134.76123046875,1442800,0.0,0.0
2023-10-10 00:00:00-04:00,136.2616272950555,138.1228832357424,133.17534761176404,133.58367919921875,2015200,0.0,0.0
2023-10-11 00:00:00-04:00,134.38133946726606,135.28349421143113,132.07375920196293,133.35574340820312,1655300,0.0,0.0
2023-10-12 00:00:00-04:00,134.51428413363263,134.84665845403828,129.55724383970434,132.5865478515625,1892400,0.0,0.0
2023-10-13 00:00:00-04:00,132.59604161612884,133.06134823531298,129.43379105441835,130.7442626953125,1506600,0.0,0.0
2023-10-16 00:00:00-04:00,131.57996154847416,133.95402267482544,130.71579982085368,133.1468505859375,2124600,0.0,0.0
2023-10-17 00:00:00-04:00,132.15922478698718,136.48001866505248,131.8078683990744,135.48291015625,1642500,0.0,0.0
2023-10-18 00:00:00-04:00,134.61873759058497,134.92262432644395,131.0386643582429,131.64642333984375,1516200,0.0,0.0
2023-10-19 00:00:00-04:00,132.70051046583518,134.14392902950902,131.48499247004798,131.81735229492188,2535400,0.0,0.0
2023-10-20 00:00:00-04:00,132.1781967791781,132.55804066905978,129.9275920268923,130.38340759277344,1593600,0.0,0.0
2023-10-23 00:00:00-04:00,128.7405696555435,132.52007020513503,127.62000547845872,130.07003784179688,1724000,0.0,0.0
2023-10-24 00:00:00-04:00,130.3454301670324,133.48869886735764,130.3454301670324,131.06715393066406,1275200,0.0,0.0
2023-10-25 00:00:00-04:00,129.40532786959665,129.80416839981584,126.66091378847103,127.77197265625,2014100,0.0,0.0
2023-10-26 00:00:00-04:00,127.24966905944221,129.53826733134864,126.87931612462022,127.46807861328125,1665400,0.0,0.0
2023-10-27 00:00:00-04:00,128.57913374939702,128.57913374939702,117.4115563878895,118.25672149658203,4227400,0.0,0.0
2023-10-30 00:00:00-04:00,118.3611790295881,122.26413570830852,118.3611790295881,121.52342987060547,3792000,0.0,0.0
2023-10-31 00:00:00-04:00,121.30500183255488,122.60598968650783,119.76661515692072,122.3780746459961,3239200,0.0,0.0
2023-11-01 00:00:00-04:00,103.77496001088886,104.50617490359973,97.07061362999524,99.24525451660156,15176000,0.0,0.0
2023-11-02 00:00:00-04:00,98.59949453948161,109.11183543530376,98.59949453948161,108.61802673339844,6950600,0.0,0.0
2023-11-03 00:00:00-04:00,110.54578053896249,110.67872737614829,105.14241535241372,105.37032318115234,4036400,0.0,0.0
2023-11-06 00:00:00-05:00,106.41491489990645,107.52598102676077,105.53176386038925,106.99418640136719,4303400,0.0,0.0
2023-11-07 00:00:00-05:00,106.59532419412909,110.40331954139535,106.35791812688159,109.71009063720703,3546800,0.0,0.0
2023-11-08 00:00:00-05:00,107.65891373657,112.44502126635349,107.35503423841193,110.7261962890625,4895300,0.0,0.0
2023-11-09 00:00:00-05:00,111.82777470520897,112.03669323864445,108.76048461397426,109.51068878173828,2965600,0.0,0.0
2023-11-10 00:00:00-05:00,110.09943842139168,110.09943842139168,106.08252463570882,108.9693832397461,2901800,0.0,0.0
2023-11-13 00:00:00-05:00,108.91240899149889,109.08334164856214,106.68078617843486,108.00077056884766,3117700,0.0,0.0
2023-11-14 00:00:00-05:00,110.62174184958945,117.39256830676898,109.25428767085904,116.63286590576172,4274100,0.0,0.0
2023-11-15 00:00:00-05:00,117.75342452820996,120.83020552758857,117.33558747759417,119.71914672851562,4116100,0.0,0.0
2023-11-16 00:00:00-05:00,118.22823866452872,119.52922671026333,115.40785301669554,116.44294738769531,2414700,0.0,0.0
2023-11-17 00:00:00-05:00,117.8673865460317,118.73154100760021,115.36986966494261,117.572998046875,2208700,0.0,0.0
2023-11-20 00:00:00-05:00,117.01270891831314,117.17414331258664,114.46771547160122,116.281494140625,2169600,0.0,0.0
2023-11-21 00:00:00-05:00,114.90454557605929,114.91404384811179,113.30917638900256,114.09736633300781,2034500,0.0,0.0
2023-11-22 00:00:00-05:00,115.23690517392882,116.66134159695652,114.06887136427876,116.45242309570312,2067500,0.0,0.0
2023-11-24 00:00:00-05:00,117.35457572540564,118.55109715747537,116.67084505276087,117.66795349121094,928000,0.0,0.0
2023-11-27 00:00:00-05:00,117.27860132370893,118.41814758834506,115.85416487038452,116.54739379882812,1798800,0.0,0.0
2023-11-28 00:00:00-05:00,117.23111985005507,121.15307294334916,116.07258426111568,119.68115234375,2383100,0.0,0.0
2023-11-29 00:00:00-05:00,120.64532390672271,122.42093160912968,119.44250345489839,119.90071868896484,2458700,0.66,0.0
2023-11-30 00:00:00-05:00,121.68587092583184,122.27773289399875,119.3661352966356,121.89588928222656,4817400,0.0,0.0
2023-12-01 00:00:00-05:00,121.90543173784025,126.39215977883008,121.66677583601738,125.95304107666016,3112600,0.0,0.0
2023-12-04 00:00:00-05:00,124.74066117752247,134.11507170446987,124.74066117752247,132.6449432373047,6849900,0.0,0.0
2023-12-05 00:00:00-05:00,130.66886756685022,131.45165125169325,125.96256620123143,126.1725845336914,3716400,0.0,0.0
2023-12-06 00:00:00-05:00,127.48044191153274,131.16528995950327,127.00313006369407,127.3086166381836,3272400,0.0,0.0
2023-12-07 00:00:00-05:00,127.17494693842279,130.38248255934366,127.17494693842279,129.67605590820312,2291200,0.0,0.0
2023-12-08 00:00:00-05:00,129.28464588008018,129.86696676290512,127.45177061767986,127.66178894042969,1659800,0.0,0.0
2023-12-11 00:00:00-05:00,128.12001846343168,129.25600812278105,127.48040793934395,128.68324279785156,1998900,0.0,0.0
2023-12-12 00:00:00-05:00,128.62598395912696,130.41112535842137,126.01985114763988,130.39202880859375,2439900,0.0,0.0
2023-12-13 00:00:00-05:00,129.84790409453032,136.91211279611286,129.61878919025418,136.53981018066406,3471200,0.0,0.0
2023-12-14 00:00:00-05:00,138.8786286101937,141.42747171566995,138.64952828294142,139.43231201171875,4176900,0.0,0.0
2023-12-15 00:00:00-05:00,139.46097173976273,140.39651344621095,135.7665827110793,137.1221466064453,4399600,0.0,0.0
2023-12-18 00:00:00-05:00,137.46578007352582,138.3631284685184,136.30113827147994,136.3966064453125,2333500,0.0,0.0
2023-12-19 00:00:00-05:00,138.21038679107843,144.32952681692467,137.4657816391781,142.25799560546875,3924800,0.0,0.0
2023-12-20 00:00:00-05:00,141.59934650830462,142.78308523500354,136.84532418019293,137.09352111816406,2546000,0.0,0.0
2023-12-21 00:00:00-05:00,139.8236919878104,140.25326960890746,136.78798197035664,138.85952758789062,1873900,0.0,0.0
2023-12-22 00:00:00-05:00,137.48486669560202,140.13871859288773,136.15794074695916,137.87625122070312,1843200,0.0,0.0
2023-12-26 00:00:00-05:00,137.62808183496963,139.08865476885921,136.96938922431352,138.42996215820312,930200,0.0,0.0
2023-12-27 00:00:00-05:00,138.84046411527413,139.77599120107246,137.76173474406542,139.10775756835938,1272800,0.0,0.0
2023-12-28 00:00:00-05:00,140.80695646679462,141.18880001370485,139.4895714670784,140.8546905517578,1074800,0.0,0.0
2023-12-29 00:00:00-05:00,140.10056131258605,141.37021251217675,139.42278667980662,139.61370849609375,1270100,0.0,0.0
2024-01-02 00:00:00-05:00,137.7903581337008,139.1554773691012,135.9861202275109,138.84999084472656,2086300,0.0,0.0
2024-01-03 00:00:00-05:00,136.64482814277844,136.97895224552923,131.51850382361883,132.3681182861328,2463400,0.0,0.0
2024-01-04 00:00:00-05:00,132.1485659791706,133.16047944553017,131.0602954270511,132.4254150390625,2040800,0.0,0.0
2024-01-05 00:00:00-05:00,130.78341899778096,133.49454623143436,129.92426367763963,131.06980895996094,2404200,0.0,0.0
2024-01-08 00:00:00-05:00,130.50659437361676,132.7881441181857,129.68561752258697,132.7213134765625,2486300,0.0,0.0
2024-01-09 00:00:00-05:00,131.45167333482178,132.99817354877558,130.83117379056685,132.950439453125,1649800,0.0,0.0
2024-01-10 00:00:00-05:00,132.24400269397964,132.25354368582677,129.03646689897096,129.51377868652344,2573500,0.0,0.0
2024-01-11 00:00:00-05:00,128.87419911743848,132.5017720799504,126.97449271617312,132.20584106445312,2794800,0.0,0.0
2024-01-12 00:00:00-05:00,132.93135709505975,133.07454483089919,128.22506900270565,128.6928253173828,1978200,0.0,0.0
2024-01-16 00:00:00-05:00,127.67136050923874,127.90046084177277,122.63094926389594,123.8719482421875,5142600,0.0,0.0
2024-01-17 00:00:00-05:00,120.28257228289516,120.8935307975491,118.50697182368214,120.54986572265625,4909300,0.0,0.0
2024-01-18 00:00:00-05:00,121.06535336928721,122.8791394967611,120.32074819604621,121.86724090576172,2232400,0.0,0.0
2024-01-19 00:00:00-05:00,122.26818805725826,122.26818805725826,119.23248482664589,120.12028503417969,2766200,0.0,0.0
2024-01-22 00:00:00-05:00,120.52122514977562,121.4090253570584,119.15611315972146,119.51886749267578,2909800,0.0,0.0
2024-01-23 00:00:00-05:00,121.55222294791017,126.77401512840856,121.55222294791017,122.33500671386719,3663900,0.0,0.0
2024-01-24 00:00:00-05:00,123.92925174835726,123.97697127870435,120.4353256225586,120.4353256225586,2276800,0.0,0.0
2024-01-25 00:00:00-05:00,121.71450964804689,123.66193539319954,119.84344825606877,122.8218765258789,3084000,0.0,0.0
2024-01-26 00:00:00-05:00,126.22988915479964,128.7787327137448,124.85522868112093,124.86478424072266,3077500,0.0,0.0
2024-01-29 00:00:00-05:00,124.83613168693466,129.39923130901943,123.9483241684152,129.3610382080078,3201500,0.0,0.0
2024-01-30 00:00:00-05:00,127.7858976944256,130.33474059974054,126.24895333207485,128.09136962890625,2177200,0.0,0.0
2024-01-31 00:00:00-05:00,128.1104727495943,128.87417447457526,125.48525808437148,126.00076293945312,2383500,0.0,0.0
2024-02-01 00:00:00-05:00,127.14632264580474,128.7882764422611,125.30389147935293,128.58779907226562,2451200,0.0,0.0
2024-02-02 00:00:00-05:00,125.05569754011746,129.65699050254992,124.27289915906265,128.03411865234375,6052700,0.0,0.0
2024-02-05 00:00:00-05:00,152.2242827427608,152.50111717222998,143.05989053214196,143.46083068847656,12224600,0.0,0.0
2024-02-06 00:00:00-05:00,143.19354824906944,144.5586530838381,138.54453571049797,139.57553100585938,6008100,0.0,0.0
2024-02-07 00:00:00-05:00,140.04328983100552,140.8451702199036,134.8405937295867,135.48973083496094,4119900,0.0,0.0
2024-02-08 00:00:00-05:00,135.4897223150285,136.19614903210325,131.75715506103717,134.3823699951172,4338500,0.0,0.0
2024-02-09 00:00:00-05:00,135.1651629594237,138.63999256179136,134.22963583435583,136.83575439453125,2578800,0.0,0.0
2024-02-12 00:00:00-05:00,137.38941745595648,140.7687929281893,137.23667419436873,139.28912353515625,2677400,0.0,0.0
2024-02-13 00:00:00-05:00,135.84295154109483,138.1626800739277,133.8382360018259,135.7093048095703,1981500,0.0,0.0
2024-02-14 00:00:00-05:00,136.8643932075484,138.70682449615109,135.60429751649292,136.17706298828125,1943500,0.0,0.0
2024-02-15 00:00:00-05:00,137.68537073823282,140.9120034718717,136.74030260757402,138.72592163085938,3148000,0.0,0.0
2024-02-16 00:00:00-05:00,139.07910396039642,140.94061692451422,138.2008520636434,139.72824096679688,2419500,0.0,0.0
2024-02-20 00:00:00-05:00,137.4658035827607,138.678179679062,136.5684550343047,138.5254364013672,1934700,0.0,0.0
2024-02-21 00:00:00-05:00,138.19131015831672,140.90245231293628,137.80946653640436,140.7878875732422,2394600,0.0,0.0
2024-02-22 00:00:00-05:00,141.55158653803545,144.30090717301994,140.0146419561726,141.92388916015625,2421500,0.0,0.0
2024-02-23 00:00:00-05:00,142.63983286625674,144.84501068527078,141.52292518778464,143.18397521972656,2234500,0.0,0.0
2024-02-26 00:00:00-05:00,142.23891188907106,143.97633377784297,137.89537173354097,138.43951416015625,1658700,0.0,0.0
2024-02-27 00:00:00-05:00,139.44186427456575,142.67803741812554,138.27722241722338,141.77113342285156,1831600,0.0,0.0
2024-02-28 00:00:00-05:00,140.03557840716613,142.29854790665343,139.87256969030202,141.32049560546875,1582300,0.66,0.0
2024-02-29 00:00:00-05:00,142.1546965757277,144.31218775478598,142.1546965757277,142.47113037109375,2913100,0.0,0.0
2024-03-01 00:00:00-05:00,140.34239899866273,144.07246079266346,138.41504555587014,142.71084594726562,2156600,0.0,0.0
2024-03-04 00:00:00-05:00,142.44237082128848,143.59302990425311,140.2752813397573,141.7040252685547,1934000,0.0,0.0
2024-03-05 00:00:00-05:00,140.09309863039383,142.3944166838257,140.09309863039383,141.262939453125,1733900,0.0,0.0
2024-03-06 00:00:00-05:00,139.98762783974234,141.41635714014848,137.17808715285383,139.4314727783203,2847200,0.0,0.0
2024-03-07 00:00:00-05:00,139.21091627423618,142.7683860364397,139.0383239985628,142.07798767089844,1483100,0.0,0.0
2024-03-08 00:00:00-05:00,143.0848306129752,144.22590618169738,142.01088402190723,143.3533172607422,1750600,0.0,0.0
2024-03-11 00:00:00-04:00,143.90946821860376,148.99156184486876,143.62179978099923,147.59158325195312,2212900,0.0,0.0
2024-03-12 00:00:00-04:00,148.11895917322587,148.75182675081126,143.46836132018305,145.8272247314453,1846400,0.0,0.0
2024-03-13 00:00:00-04:00,147.22721623460347,152.9805270072659,147.07380573388284,151.44631958007812,3541100,0.0,0.0
2024-03-14 00:00:00-04:00,150.31479640935757,151.0147929431143,145.24230156580074,146.55596923828125,2391300,0.0,0.0
2024-03-15 00:00:00-04:00,144.95466322337708,146.5847650167092,143.30537963066195,143.59304809570312,4432000,0.0,0.0
2024-03-18 00:00:00-04:00,143.1423497523011,143.89987708596422,141.0903364644684,141.7423858642578,1613300,0.0,0.0
2024-03-19 00:00:00-04:00,141.17663152449367,142.03003857153277,140.0547378535382,140.1793975830078,1499000,0.0,0.0
2024-03-20 00:00:00-04:00,139.16297960538466,141.1766292523488,137.8301300897429,140.7259521484375,2204800,0.0,0.0
2024-03-21 00:00:00-04:00,141.43552939912192,142.22182207716963,139.86295867444963,140.23692321777344,1462000,0.0,0.0
2024-03-22 00:00:00-04:00,139.54650651472426,139.76704592625867,135.2315248299612,137.29312133789062,2003200,0.0,0.0
2024-03-25 00:00:00-04:00,137.90683698741114,137.90683698741114,132.6905006524609,133.44801330566406,2241100,0.0,0.0
2024-03-26 00:00:00-04:00,134.35896994833107,135.7493649907109,133.28502336300167,133.582275390625,2305500,0.0,0.0
2024-03-27 00:00:00-04:00,134.92471619731865,139.09585721203814,134.6753967306028,139.07667541503906,1838200,0.0,0.0
2024-03-28 00:00:00-04:00,146.0190233162056,148.67513916653914,142.43278773906619,147.8121337890625,4845600,0.0,0.0
2024-04-01 00:00:00-04:00,147.84087846042146,148.82854344583504,144.1779454633201,145.77928161621094,1829000,0.0,0.0
2024-04-02 00:00:00-04:00,147.946371115563,149.32716795835316,144.19714160913355,146.48887634277344,2470800,0.0,0.0
2024-04-03 00:00:00-04:00,145.0409272272322,145.78885629171603,139.35474669449962,140.45745849609375,3396100,0.0,0.0
2024-04-04 00:00:00-04:00,141.91499740946338,143.87111661160435,138.31917821834523,138.376708984375,2064800,0.0,0.0
2024-04-05 00:00:00-04:00,138.6068211373962,140.6492361122047,138.02190073817334,138.4917449951172,1442500,0.0,0.0
2024-04-08 00:00:00-04:00,138.80818662642253,141.5314311324487,138.80818662642253,139.4506378173828,1680200,0.0,0.0
2024-04-09 00:00:00-04:00,140.2465277663981,142.5286789589166,139.88216138216404,142.4423828125,1349100,0.0,0.0
2024-04-10 00:00:00-04:00,137.86849977322,139.78626999082655,137.35070825229351,138.91368103027344,1675800,0.0,0.0
2024-04-11 00:00:00-04:00,139.9876257050467,140.03555824966367,136.8424840915633,139.4506378173828,1370000,0.0,0.0
2024-04-12 00:00:00-04:00,137.3794322582997,138.19447557644756,132.4411666564433,133.0932159423828,2166800,0.0,0.0
2024-04-15 00:00:00-04:00,134.8575847125824,135.9411294357825,130.76314169924666,131.59738159179688,1778000,0.0,0.0
2024-04-16 00:00:00-04:00,130.76312143313052,132.31652482905142,129.21931624975494,131.3000946044922,2178500,0.0,0.0
2024-04-17 00:00:00-04:00,133.3713035545803,133.9082767830186,131.73161849141493,132.36447143554688,2200900,0.0,0.0
2024-04-18 00:00:00-04:00,133.60143953919268,140.6013024799679,132.49871308682327,138.8561248779297,3921100,0.0,0.0
2024-04-19 00:00:00-04:00,138.07943361269918,139.20132725503154,137.85889416969962,138.4725799560547,2324700,0.0,0.0
2024-04-22 00:00:00-04:00,139.3931235436298,141.72322196567694,137.4274207763024,141.3588409423828,1777400,0.0,0.0
2024-04-23 00:00:00-04:00,140.95608719489718,143.74644590192955,140.38075037418548,142.85467529296875,1884900,0.0,0.0
2024-04-24 00:00:00-04:00,141.20542094071288,142.34649660231386,139.44107578851234,141.3013153076172,1840400,0.0,0.0
2024-04-25 00:00:00-04:00,140.95608575609617,141.74237842761457,137.46574517024976,139.0287322998047,2969500,0.0,0.0
2024-04-26 00:00:00-04:00,139.76710069864012,141.6369385332658,137.80139775483678,141.3876190185547,2435900,0.0,0.0
2024-04-29 00:00:00-04:00,142.12592804869686,142.9313878928271,139.68076850697997,140.7547149658203,2126400,0.0,0.0
2024-04-30 00:00:00-04:00,140.23694596666573,142.5958097520348,139.4602513761861,140.67803955078125,3755300,0.0,0.0
2024-05-01 00:00:00-04:00,134.63704774687454,135.2027863911539,118.93050660320819,122.13318634033203,11758400,0.0,0.0
2024-05-02 00:00:00-04:00,125.2111835305303,129.42068737161128,124.31941302549545,129.3919219970703,4842600,0.0,0.0
2024-05-03 00:00:00-04:00,129.4590588451961,130.5809525417001,125.10572737419521,127.47417449951172,3791900,0.0,0.0
2024-05-06 00:00:00-04:00,127.53171606359378,128.01115860518624,123.55234882094646,124.73177337646484,3473600,0.0,0.0
2024-05-07 00:00:00-04:00,124.65504167502823,125.24954565326917,123.22629785313295,124.166015625,3269400,0.0,0.0
2024-05-08 00:00:00-04:00,123.38931051687904,124.3098465229239,121.40442624374796,124.2043685913086,2981200,0.0,0.0
2024-05-09 00:00:00-04:00,124.94271154090576,126.62076019843137,123.30301184344026,126.24679565429688,1591700,0.0,0.0
2024-05-10 00:00:00-04:00,126.2947447403461,127.20568252765489,124.17560253721295,126.57281494140625,1772500,0.0,0.0
2024-05-13 00:00:00-04:00,127.5221186429074,129.23851631773846,126.87006924875311,129.17140197753906,1836900,0.0,0.0
2024-05-14 00:00:00-04:00,130.31245571590603,131.30010602012015,128.14538104837825,128.54811096191406,3701300,0.0,0.0
2024-05-15 00:00:00-04:00,129.7754881221541,130.99327612891864,129.3535763949964,130.40835571289062,1802000,0.0,0.0
2024-05-16 00:00:00-04:00,130.43713201837744,133.61103918889276,129.7946807914493,132.5562744140625,2618800,0.0,0.0
2024-05-17 00:00:00-04:00,132.41241954339594,132.489132095346,128.94126069833953,129.20974731445312,2908000,0.0,0.0
2024-05-20 00:00:00-04:00,128.92206007387483,129.09466694840964,125.59472860503054,125.74815368652344,3543700,0.0,0.0
2024-05-21 00:00:00-04:00,125.1344883120574,127.66594404207888,124.6646294104698,127.26321411132812,2690900,0.0,0.0
2024-05-22 00:00:00-04:00,126.57282661444506,127.66595498631283,124.86601239576424,125.39340209960938,2268900,0.0,0.0
2024-05-23 00:00:00-04:00,125.61392504562788,125.61392504562788,120.75237877351333,120.94415283203125,4541600,0.0,0.0
2024-05-24 00:00:00-04:00,121.11675829098098,122.03728698483755,120.6373158056987,120.87703704833984,2202800,0.0,0.0
2024-05-28 00:00:00-04:00,120.83868077163186,121.82633843651122,119.62090007792804,120.87703704833984,2787600,0.0,0.0
2024-05-29 00:00:00-04:00,119.07433989840565,119.54419150121285,116.53329317873796,116.55247497558594,3322100,0.0,0.0
2024-05-30 00:00:00-04:00,116.29356229537703,116.8113610317022,115.02783448959704,116.39904022216797,2903100,0.0,0.0
2024-05-31 00:00:00-04:00,117.35353241766283,119.03111123515147,116.71720510596089,118.93470001220703,2969100,0.66,0.0
2024-06-03 00:00:00-04:00,120.35196536157405,121.38358087322537,118.33693627091775,119.76384735107422,1702300,0.0,0.0
2024-06-04 00:00:00-04:00,119.16609111354333,120.43873841002535,118.5490504458978,119.10824584960938,2603500,0.0,0.0
2024-06-05 00:00:00-04:00,118.46228148232248,119.25286529034952,117.71989960857098,118.5490493774414,3054800,0.0,0.0
2024-06-06 00:00:00-04:00,118.4719257133472,120.25556658707652,118.2019713243324,119.07933044433594,1333400,0.0,0.0
2024-06-07 00:00:00-04:00,118.0091340469263,118.0091340469263,115.88805045321988,116.14836883544922,2187000,0.0,0.0
2024-06-10 00:00:00-04:00,115.79166029591423,115.87843555767589,114.38403564837495,114.54793548583984,2409100,0.0,0.0
2024-06-11 00:00:00-04:00,114.09478430948563,114.09478430948563,111.87729664894799,113.38133239746094,2487700,0.0,0.0
2024-06-12 00:00:00-04:00,114.73109588607538,115.29029122803198,109.81405039067013,109.92974090576172,3112600,0.0,0.0
2024-06-13 00:00:00-04:00,110.28647918110902,111.74231290826508,109.48625206204865,109.99723815917969,3297700,0.0,0.0
2024-06-14 00:00:00-04:00,109.332008133833,110.81676466255423,108.99456513996581,109.81407165527344,2782300,0.0,0.0
2024-06-17 00:00:00-04:00,108.86921552766869,111.24096698771233,108.60890448265994,110.75890350341797,1713800,0.0,0.0
2024-06-18 00:00:00-04:00,109.07168942479235,111.22169596124488,106.42998339387812,106.81563568115234,2989700,0.0,0.0
2024-06-20 00:00:00-04:00,106.2564304425406,108.72459308456456,105.88042151991054,108.6571044921875,3118400,0.0,0.0
2024-06-21 00:00:00-04:00,109.73693124969657,110.28648332745955,109.08132461695256,109.76585388183594,4748300,0.0,0.0
2024-06-24 00:00:00-04:00,109.76585758061259,111.66518894928612,109.67908968127068,110.99993896484375,2684400,0.0,0.0
2024-06-25 00:00:00-04:00,110.7396245855156,111.64590629296507,108.36787311722715,109.7947769165039,2058600,0.0,0.0
2024-06-26 00:00:00-04:00,108.95598911738968,109.76585222790914,108.09791671689433,109.15845489501953,1922600,0.0,0.0
2024-06-27 00:00:00-04:00,108.88850356113637,109.40913301343271,105.98647928944398,106.88311767578125,2747400,0.0,0.0
2024-06-28 00:00:00-04:00,106.05396247729018,106.23714894812193,100.27884421653324,102.5831069946289,7457700,0.0,0.0
2024-07-01 00:00:00-04:00,104.4824381169346,104.4824381169346,101.04050526892874,101.59969329833984,2996000,0.0,0.0
2024-07-02 00:00:00-04:00,102.18781119038414,103.4315358120297,100.73198482305656,102.0721206665039,1739000,0.0,0.0
2024-07-03 00:00:00-04:00,102.35172682771496,102.96876752514837,101.97571052687692,102.6216812133789,1682600,0.0,0.0
2024-07-05 00:00:00-04:00,102.92055674924515,103.71114059117039,101.19476854495726,102.53490447998047,3075400,0.0,0.0
2024-07-08 00:00:00-04:00,102.76627991179949,103.44117313664694,101.70574182212985,102.67951202392578,2120800,0.0,0.0
2024-07-09 00:00:00-04:00,102.12032831704595,102.22638287367707,99.86427470661323,100.47167205810547,2691300,0.0,0.0
2024-07-10 00:00:00-04:00,99.6907323575892,100.51988215844742,98.29274380697701,98.54341888427734,3303800,0.0,0.0
2024-07-11 00:00:00-04:00,100.2499187132409,101.80215626141432,97.71426024810009,97.96493530273438,4288000,0.0,0.0
2024-07-12 00:00:00-04:00,99.32435366148557,100.75126476257569,98.8230108915216,99.65216064453125,3050600,0.0,0.0
2024-07-15 00:00:00-04:00,98.65910696289406,99.35327950443315,96.21986709466128,97.4153823852539,3379700,0.0,0.0
2024-07-16 00:00:00-04:00,97.41538916100619,98.7169590890708,96.68265061000416,97.36717987060547,2785500,0.0,0.0
2024-07-17 00:00:00-04:00,97.18398857949937,99.26649873247364,96.63443657399326,97.06829071044922,2267400,0.0,0.0
2024-07-18 00:00:00-04:00,97.6082119180673,98.08063942722364,93.27928390299347,93.42390441894531,4414100,0.0,0.0
2024-07-19 00:00:00-04:00,93.52031147437702,95.67995372099213,92.43085070010034,95.62210845947266,3803100,0.0,0.0
2024-07-22 00:00:00-04:00,95.342508089187,98.3120206921245,94.08914018299647,97.4153823852539,3221300,0.0,0.0
2024-07-23 00:00:00-04:00,96.82727109812413,97.57928895165084,95.80529887212168,96.37413024902344,2543500,0.0,0.0
2024-07-24 00:00:00-04:00,98.27345925443196,98.34094784598042,95.43892369798698,96.2198715209961,2468800,0.0,0.0
2024-07-25 00:00:00-04:00,95.80529048204099,98.07098717342272,95.57389473529327,96.31627655029297,3646200,0.0,0.0
2024-07-26 00:00:00-04:00,97.28042335574703,98.50486150470178,95.85351204798556,97.10688018798828,2046000,0.0,0.0
2024-07-29 00:00:00-04:00,96.79836004176548,97.52145534981297,94.87010588697217,97.11652374267578,2286900,0.0,0.0
2024-07-30 00:00:00-04:00,94.87974543179593,96.17167213322286,94.2337747253769,95.87279510498047,3140300,0.0,0.0
2024-07-31 00:00:00-04:00,96.41269869475391,97.70462532652513,95.4292924045777,96.03668975830078,2009800,0.0,0.0
2024-08-01 00:00:00-04:00,96.08489247835237,96.59587856957364,92.37299794790951,93.6360092163086,2072200,0.0,0.0
2024-08-02 00:00:00-04:00,93.00933155094648,93.52031767680383,90.16515252776493,92.07412719726562,2596100,0.0,0.0
2024-08-05 00:00:00-04:00,87.89945224965362,89.7023722938694,87.02210055028462,88.89250183105469,4730200,0.0,0.0
2024-08-06 00:00:00-04:00,89.36491654499707,91.38958137875933,88.53576689834239,90.02052307128906,3540500,0.0,0.0
2024-08-07 00:00:00-04:00,91.16784031051203,91.4088720434444,88.12120303121341,88.28510284423828,3845000,0.0,0.0
2024-08-08 00:00:00-04:00,88.69967956541902,89.78914037289704,87.87052979841633,88.41043853759766,4569100,0.0,0.0
2024-08-09 00:00:00-04:00,88.04408109887267,88.2176242604986,85.74946138911261,85.9519271850586,3447900,0.0,0.0
2024-08-12 00:00:00-04:00,85.95191340898415,85.98083603866858,82.96312153175359,83.10773468017578,4523800,0.0,0.0
2024-08-13 00:00:00-04:00,83.53196164504389,88.84430340808764,83.17523201145916,88.62255096435547,6367500,0.0,0.0
2024-08-14 00:00:00-04:00,87.88017210130998,88.90214430445624,86.55931554471724,88.34294891357422,3716100,0.0,0.0
2024-08-15 00:00:00-04:00,90.30977527010492,92.85506998829578,90.0687435175815,91.72704315185547,3774400,0.0,0.0
2024-08-16 00:00:00-04:00,88.56469798017874,91.987351431285,88.4875660624981,91.5631332397461,3905200,0.0,0.0
2024-08-19 00:00:00-04:00,91.68846580113895,93.1442994651646,89.04676018117733,89.51918029785156,11614000,0.0,0.0
2024-08-20 00:00:00-04:00,88.69967644054407,88.94070817000205,84.58285773791145,87.70662689208984,10044500,0.0,0.0
2024-08-21 00:00:00-04:00,88.7478938703728,89.72165685060797,87.62950301234925,88.22726440429688,5145200,0.0,0.0
2024-08-22 00:00:00-04:00,92.51761755481816,92.51761755481816,88.0440692734328,88.1597671508789,9527100,0.0,0.0
2024-08-23 00:00:00-04:00,88.5839734863528,91.76559507516846,88.31401914174138,90.33868408203125,5478300,0.0,0.0
2024-08-26 00:00:00-04:00,90.14587361976584,92.26695005677236,89.66381012447296,91.11000061035156,3193900,0.0,0.0
2024-08-27 00:00:00-04:00,90.89789024974942,91.44744233262344,88.3718822766852,89.5384750366211,2817000,0.0,0.0
2024-08-28 00:00:00-04:00,88.8924971291483,89.26850603123269,87.88016829880742,89.07568359375,3064900,0.0,0.0
2024-08-29 00:00:00-04:00,89.76021622731912,90.00124796120328,87.11851048354609,87.32097625732422,3191000,0.0,0.0
2024-08-30 00:00:00-04:00,88.26304614032117,89.13713151230353,87.56378525243623,89.02059173583984,2653400,0.66,0.0
2024-09-03 00:00:00-04:00,88.11738360418445,90.37057764702138,87.84544013219731,89.86554718017578,4223900,0.0,0.0
2024-09-04 00:00:00-04:00,89.36050971798056,90.7104831022085,88.64181320099388,89.74899291992188,4040400,0.0,0.0
2024-09-05 00:00:00-04:00,89.8946684184453,89.99179477705036,86.85480160050881,87.47637176513672,2963700,0.0,0.0
2024-09-06 00:00:00-04:00,87.12673783502674,87.82600612437352,84.96095637131748,84.98037719726562,3868900,0.0,0.0
2024-09-09 00:00:00-04:00,85.04836252304841,85.29116360452447,84.03830913494386,84.4073715209961,3090500,0.0,0.0
2024-09-10 00:00:00-04:00,84.39766293308111,84.49478189009496,81.13441559144616,82.67862701416016,4147700,0.0,0.0
2024-09-11 00:00:00-04:00,82.45524400543556,82.55236295049603,80.01751921300476,82.086181640625,2994400,0.0,0.0
2024-09-12 00:00:00-04:00,82.10562688644485,82.8048952912785,80.69737595734874,81.7754135131836,2792800,0.0,0.0
2024-09-13 00:00:00-04:00,81.86280862552914,83.22249608244742,81.2800875467643,82.12503051757812,4165900,0.0,0.0
2024-09-16 00:00:00-04:00,82.65920618663797,84.4462187067373,82.10561998098747,82.67862701416016,2712700,0.0,0.0
2024-09-17 00:00:00-04:00,83.20307582854969,85.61166590409846,83.18365500159823,85.56310272216797,3482500,0.0,0.0
2024-09-18 00:00:00-04:00,85.57281359822346,86.6314227549473,84.91239436137799,85.46598052978516,3574400,0.0,0.0
2024-09-19 00:00:00-04:00,87.6706142154769,88.3504617125109,84.72786619363451,84.92211151123047,3381000,0.0,0.0
2024-09-20 00:00:00-04:00,84.22283886253662,84.62102877618457,82.08618493690332,82.56208038330078,9790700,0.0,0.0
2024-09-23 00:00:00-04:00,82.14446641920732,85.17461927547977,81.72684824866961,84.20341491699219,3658000,0.0,0.0
2024-09-24 00:00:00-04:00,88.37958409598936,90.16659630566976,87.43751481622733,89.33136749267578,7132700,0.0,0.0
2024-09-25 00:00:00-04:00,89.02058618722081,90.67163046828891,87.69974779848614,88.9720230102539,4799000,0.0,0.0
2024-09-26 00:00:00-04:00,95.57622584351279,98.91716384593596,94.66329136236219,97.87797546386719,9735000,0.0,0.0
2024-09-27 00:00:00-04:00,97.84882821532906,98.77146928921131,96.76107678752754,96.99417114257812,3820400,0.0,0.0
2024-09-30 00:00:00-04:00,100.0049077371424,100.46137494269304,96.21720949351241,96.8193588256836,5288800,0.0,0.0
2024-10-01 00:00:00-04:00,96.12980406198244,96.42116090370004,93.19676295133387,94.43990325927734,3915700,0.0,0.0
2024-10-02 00:00:00-04:00,94.59529262479612,96.139503779815,93.6823582857836,94.32335662841797,3108200,0.0,0.0
2024-10-03 00:00:00-04:00,93.24533405771916,93.98344404725333,91.79823420492694,92.66261291503906,3095800,0.0,0.0
2024-10-04 00:00:00-04:00,93.93487613941038,94.32335932091149,92.86655294755761,93.09963989257812,2269100,0.0,0.0
2024-10-07 00:00:00-04:00,93.87661683795159,94.59530598843861,92.41981030037718,93.27446746826172,2675300,0.0,0.0
2024-10-08 00:00:00-04:00,90.59394702068299,91.45831836083512,88.56413334158688,91.205810546875,3378500,0.0,0.0
2024-10-09 00:00:00-04:00,91.04068774470736,91.45830588430375,89.39935753906629,91.00183868408203,2225200,0.0,0.0
2024-10-10 00:00:00-04:00,91.04069653800997,92.22556706757248,90.4482612732287,92.20614624023438,2113900,0.0,0.0
2024-10-11 00:00:00-04:00,91.7496727889373,94.63415078894964,91.37090369900649,93.33273315429688,2861000,0.0,0.0
2024-10-14 00:00:00-04:00,92.750009451918,92.92482652004787,90.63278380887887,91.72053527832031,2284900,0.0,0.0
2024-10-15 00:00:00-04:00,90.10835051893683,91.46803827363308,88.52528988314961,88.79722595214844,4638400,0.0,0.0
2024-10-16 00:00:00-04:00,87.41810154757837,88.9040429483331,86.69940502705977,88.2339096069336,3293000,0.0,0.0
2024-10-17 00:00:00-04:00,88.37958946576454,88.62239053572543,86.53429985212163,88.32131958007812,3116600,0.0,0.0
2024-10-18 00:00:00-04:00,89.0497236668845,89.13712849627485,87.22385486058982,87.44723510742188,3125000,0.0,0.0
2024-10-21 00:00:00-04:00,87.14616446887516,87.79686956683994,85.55338261147223,86.689697265625,2248900,0.0,0.0
2024-10-22 00:00:00-04:00,86.42747476969137,87.03933826470363,83.74695604477559,85.06778717041016,2647200,0.0,0.0
2024-10-23 00:00:00-04:00,84.79585020264518,85.60195159884329,84.23255730586814,85.26203155517578,2132200,0.0,0.0
2024-10-24 00:00:00-04:00,85.53395546086966,86.42746156600566,84.6016002977234,86.07782745361328,2234200,0.0,0.0
2024-10-25 00:00:00-04:00,86.27206845844917,86.41775056632652,84.62101691867223,84.73756408691406,2882500,0.0,0.0
2024-10-28 00:00:00-04:00,85.31058809978535,89.79755494592948,84.7570019065995,86.16525268554688,6038100,0.0,0.0
2024-10-29 00:00:00-04:00,85.95158063861686,86.83538010918443,84.91239233293348,86.19438171386719,3728400,0.0,0.0
2024-10-30 00:00:00-04:00,85.46598703922156,86.40805649100159,84.05774362575137,84.64046478271484,4669300,0.0,0.0
2024-10-31 00:00:00-04:00,64.00236441401795,70.50943021561446,61.535504619732805,66.95482635498047,27601100,0.0,0.0
2024-11-01 00:00:00-04:00,66.06130984352023,66.95482338514665,64.65306664449987,64.66278076171875,11486400,0.0,0.0
2024-11-04 00:00:00-05:00,65.34263097290403,66.47893834477473,64.27430761277684,64.53652954101562,6304900,0.0,0.0
2024-11-05 00:00:00-05:00,64.09948042271432,64.64335243095445,62.75922122682243,63.9635124206543,4955500,0.0,0.0
2024-11-06 00:00:00-05:00,63.60417015042897,63.837264527008415,61.0693299351614,61.45780944824219,8126300,0.0,0.0
2024-11-07 00:00:00-05:00,62.32218174273119,65.80880923362221,61.93370222326312,64.40055847167969,6386500,0.0,0.0
2024-11-08 00:00:00-05:00,63.93438803235665,63.93438803235665,61.76859893969416,62.05996322631836,5676900,0.0,0.0
2024-11-11 00:00:00-05:00,62.632964515526524,64.80846752708344,61.96283486854285,62.73008346557617,5866400,0.0,0.0
2024-11-12 00:00:00-05:00,62.39016383785761,62.39016383785761,60.49631836572431,60.9333610534668,5974700,0.0,0.0
2024-11-13 00:00:00-05:00,61.24414547371339,62.05995724698784,60.63228571754493,61.049903869628906,4223300,0.0,0.0
2024-11-14 00:00:00-05:00,61.60349295378741,63.4293544861359,61.3315569180867,62.96318054199219,4010600,0.0,0.0
2024-11-15 00:00:00-05:00,62.86605188135222,62.86605188135222,61.61319385429014,61.914268493652344,3633100,0.0,0.0
2024-11-18 00:00:00-05:00,63.39049904798697,64.04121153620831,62.399873959022464,62.71065902709961,3266800,0.0,0.0
2024-11-19 00:00:00-05:00,61.81715178713351,63.22539498103075,61.137308073443364,62.92432403564453,3945500,0.0,0.0
2024-11-20 00:00:00-05:00,63.079721468189106,63.52648200317978,61.57435912617763,63.44878387451172,4745300,0.0,0.0
2024-11-21 00:00:00-05:00,63.74013453719972,65.50772603896101,63.28367474754049,64.91529083251953,4159300,0.0,0.0
2024-11-22 00:00:00-05:00,64.66278043151576,68.09113023193174,64.66278043151576,67.91631317138672,8249500,0.0,0.0
2024-11-25 00:00:00-05:00,69.3245632861495,72.54896140620991,69.28571422329321,70.86878204345703,10287400,0.0,0.0
2024-11-26 00:00:00-05:00,71.043596074599,72.05364943644066,69.86843975997473,71.0727310180664,4799500,0.0,0.0
2024-11-27 00:00:00-05:00,71.8691331879182,74.21944630573508,71.55834804349368,71.83028411865234,5396300,0.0,0.0
2024-11-29 00:00:00-05:00,70.57146610203095,71.35212689416159,69.78105244757518,70.37630462646484,3620900,0.35,0.0
2024-12-02 00:00:00-05:00,70.75687787175801,74.23080291735269,69.82984220913092,74.14298248291016,4469300,0.0,0.0
2024-12-03 00:00:00-05:00,73.61603402801862,75.79211350903874,72.9915083742335,75.6067123413086,6544300,0.0,0.0
2024-12-04 00:00:00-05:00,75.7140453881119,77.49004904395046,75.58719117480899,77.3729476928711,5700500,0.0,0.0
2024-12-05 00:00:00-05:00,77.72424961247964,77.84134352662764,75.38227454538392,76.280029296875,4243800,0.0,0.0
2024-12-06 00:00:00-05:00,77.87061964215991,79.10015033440054,77.0899588530169,77.4022216796875,4895200,0.0,0.0
2024-12-09 00:00:00-05:00,79.62709448119301,82.2325381140216,79.2367640903918,79.70516204833984,5419200,0.0,0.0
2024-12-10 00:00:00-05:00,78.84644209812242,80.64195149461736,78.65127317789488,80.58340454101562,3781100,0.0,0.0
2024-12-11 00:00:00-05:00,79.78322386455768,80.71025196157221,78.86594862903378,79.25627899169922,4532700,0.0,0.0
2024-12-12 00:00:00-05:00,79.1977334076749,79.83201188238644,77.9291615683867,79.06111145019531,3392500,0.0,0.0
2024-12-13 00:00:00-05:00,79.04160107474948,80.12476435173882,77.25584459701756,78.10481262207031,2842800,0.0,0.0
2024-12-16 00:00:00-05:00,76.56301586337415,78.32925182320488,76.14341198151604,77.64617919921875,4447400,0.0,0.0
2024-12-17 00:00:00-05:00,77.50956516077612,78.14385114127651,76.28002698495278,76.28978729248047,3502800,0.0,0.0
2024-12-18 00:00:00-05:00,75.6262179830816,76.50445942283933,73.05004805641379,73.14762878417969,4068700,0.0,0.0
2024-12-19 00:00:00-05:00,73.17691025132291,74.55282323139333,72.10350723878274,72.8939208984375,3906300,0.0,0.0
2024-12-20 00:00:00-05:00,72.21084482103038,73.72337225133587,72.18157134540027,72.56214141845703,7621000,0.0,0.0
2024-12-23 00:00:00-05:00,72.14254450031486,73.54773102514757,71.85955513378973,72.94271850585938,2995200,0.0,0.0
2024-12-24 00:00:00-05:00,72.96222241711953,73.4696541288831,71.68389772102148,73.26473236083984,1162700,0.0,0.0
2024-12-26 00:00:00-05:00,73.06955942919944,74.05514187877067,72.70851000084076,73.18666076660156,1740500,0.0,0.0
2024-12-27 00:00:00-05:00,72.3279458222736,73.40134877819138,71.90834196874097,72.81585693359375,1853400,0.0,0.0
2024-12-30 00:00:00-05:00,72.05470415450814,72.81585168706889,71.03009536152055,72.39624786376953,2277100,0.0,0.0
2024-12-31 00:00:00-05:00,73.06956422807484,73.67457667698876,72.55237964921368,73.16715240478516,1939800,0.0,0.0
2025-01-02 00:00:00-05:00,73.68434452475202,73.98684705770181,71.41067676146692,72.19133758544922,2364800,0.0,0.0
2025-01-03 00:00:00-05:00,71.8693096659716,72.13277839573794,69.40048058305669,70.41533660888672,3519700,0.0,0.0
2025-01-06 00:00:00-05:00,72.14254112159149,73.15739718144832,71.07889096998908,71.79124450683594,3308700,0.0,0.0
2025-01-07 00:00:00-05:00,72.87441865031306,74.74799591062083,71.9766638103657,72.37674713134766,3037700,0.0,0.0
2025-01-08 00:00:00-05:00,70.83492957135442,72.60117280710469,70.01524250100779,71.87906646728516,2341100,0.0,0.0
2025-01-10 00:00:00-05:00,70.63001894388677,73.16716300735739,69.63468342362907,71.67414855957031,4702900,0.0,0.0
2025-01-13 00:00:00-05:00,71.74244071837049,73.48916324872523,71.58631304676645,73.18666076660156,2908800,0.0,0.0
2025-01-14 00:00:00-05:00,73.30376205360471,73.57699106242303,71.215503263428,72.083984375,2838600,0.0,0.0
2025-01-15 00:00:00-05:00,74.3186168583587,74.69918689276766,72.39624607458765,72.71826171875,2252500,0.0,0.0
2025-01-16 00:00:00-05:00,74.58209383904133,77.60714128342984,73.80143307181012,76.18244171142578,4885000,0.0,0.0
2025-01-17 00:00:00-05:00,75.85066197001696,76.46542726845153,75.01145429250994,75.9775161743164,2963900,0.0,0.0
2025-01-21 00:00:00-05:00,76.1141327226204,77.11922841225552,75.28468532937325,76.914306640625,2944600,0.0,0.0
2025-01-22 00:00:00-05:00,78.14384270940259,78.92449599391782,77.48028332285178,77.77302551269531,3349700,0.0,0.0
2025-01-23 00:00:00-05:00,77.17778329061655,78.32925391967873,76.58253852803024,78.17312622070312,2787000,0.0,0.0
2025-01-24 00:00:00-05:00,79.36361995576802,80.8468663986361,78.631753318282,80.4858169555664,3090100,0.0,0.0
2025-01-27 00:00:00-05:00,80.31017271648466,84.23297481554795,80.21258453728383,81.53970336914062,4777700,0.0,0.0
2025-01-28 00:00:00-05:00,81.47139829779883,82.32036634308035,80.26138078153983,80.96397399902344,2658800,0.0,0.0
2025-01-29 00:00:00-05:00,81.09082332015808,81.35429948328505,79.24651995799958,80.2906494140625,3072600,0.0,0.0
2025-01-30 00:00:00-05:00,81.96907167819451,83.43280510101941,81.0810698281128,83.41329193115234,3526100,0.0,0.0
2025-01-31 00:00:00-05:00,82.26180203363954,83.82311582922107,81.33476661646853,81.41283416748047,3042300,0.0,0.0
2025-02-03 00:00:00-05:00,79.63685648944274,81.05179581077202,78.86595599849973,80.76880645751953,4432600,0.0,0.0
2025-02-04 00:00:00-05:00,74.65039576865682,75.24564788606683,64.97999452100579,67.79036712646484,17784100,0.0,0.0
2025-02-05 00:00:00-05:00,67.33173992304424,67.34150023080286,63.47724474600277,64.3457260131836,11901100,0.0,0.0
2025-02-06 00:00:00-05:00,64.67749061872853,65.37032344870784,62.550198043538046,62.70633316040039,8460800,0.0,0.0
2025-02-07 00:00:00-05:00,63.11618540101413,64.0627342042956,62.37455838324724,63.45772171020508,4670100,0.0,0.0
2025-02-10 00:00:00-05:00,64.50184025864799,67.52688732363538,64.4432933141751,67.04873657226562,5056500,0.0,0.0
2025-02-11 00:00:00-05:00,66.8535905597178,69.15653187639441,66.8535905597178,69.00039672851562,6675000,0.0,0.0
2025-02-12 00:00:00-05:00,68.30755644956288,68.47344444272794,66.64866162804663,67.36100769042969,4259200,0.0,0.0
2025-02-13 00:00:00-05:00,67.60494941102615,68.0635869587833,66.2680779874878,67.98551940917969,3742800,0.0,0.0
2025-02-14 00:00:00-05:00,68.51248245278103,69.24434917418296,66.90237417671011,67.02923583984375,3722100,0.0,0.0
2025-02-18 00:00:00-05:00,67.9172197416764,70.53242338571185,67.53664970106468,70.4446029663086,4245600,0.0,0.0
2025-02-19 00:00:00-05:00,70.47387995498369,70.47387995498369,68.32706666387092,69.6737060546875,3947500,0.0,0.0
2025-02-20 00:00:00-05:00,69.42974930080244,70.28847013537587,68.74666931074714,69.61515045166016,2669200,0.0,0.0
2025-02-21 00:00:00-05:00,70.16161423453764,70.67879878403197,69.24433902906034,70.06403350830078,3565600,0.0,0.0
2025-02-24 00:00:00-05:00,70.06403214968977,73.71360484369127,69.7712825317237,73.28424072265625,4223500,0.0,0.0
2025-02-25 00:00:00-05:00,73.06956559688693,73.6062707991173,71.64486604043228,72.97198486328125,3382300,0.0,0.0
2025-02-26 00:00:00-05:00,73.93804249247692,74.05514383296916,70.80565422239944,71.50824737548828,3125500,0.0,0.0
2025-02-27 00:00:00-05:00,71.13744225322667,72.58165498846863,71.03986151894267,71.20574951171875,2135800,0.0,0.0
2025-02-28 00:00:00-05:00,70.76450607101819,71.06847398793694,68.93092862636848,70.50957489013672,4709100,0.35,0.0
2025-03-03 00:00:00-05:00,71.11749580072147,72.08821371199006,68.03864708755518,68.81326293945312,2839400,0.0,0.0
2025-03-04 00:00:00-05:00,68.13669866098355,68.4014446721421,65.90110225073589,66.76396179199219,3906800,0.0,0.0
2025-03-05 00:00:00-05:00,68.07786895885697,70.77431341822565,67.72487926752903,70.50957489013672,3106400,0.0,0.0
2025-03-06 00:00:00-05:00,69.8428214676468,71.28418739657816,69.40158058747988,70.14678192138672,2168400,0.0,0.0
2025-03-07 00:00:00-05:00,69.68593433337007,72.46082278994841,69.29372270841806,71.88230895996094,3043400,0.0,0.0
2025-03-10 00:00:00-04:00,71.7940592669582,73.38250536797597,69.55846291677474,70.63703918457031,3098700,0.0,0.0
2025-03-11 00:00:00-04:00,70.7350875248803,70.99002617221215,67.62682442769164,68.24455261230469,3641900,0.0,0.0
2025-03-12 00:00:00-04:00,67.11696121956807,67.20521239635706,64.60681856766634,65.14611053466797,4725900,0.0,0.0
2025-03-13 00:00:00-04:00,65.04803974948673,66.29331097284182,63.33212060801122,63.596866607666016,3676800,0.0,0.0
2025-03-14 00:00:00-04:00,64.74408540037217,65.6363670284726,63.74395286989134,65.22454071044922,3996300,0.0,0.0
2025-03-17 00:00:00-04:00,65.45986947672343,68.17592119787346,65.45986947672343,67.54838562011719,2775600,0.0,0.0
2025-03-18 00:00:00-04:00,67.45033691398991,67.64643898349375,66.46000425712238,66.7149429321289,2031700,0.0,0.0
2025-03-19 00:00:00-04:00,66.45019580517103,67.13656799865755,65.55792167869714,66.28350830078125,2668500,0.0,0.0
2025-03-20 00:00:00-04:00,65.6951952421828,67.3130634868472,65.6951952421828,66.69532775878906,2738300,0.0,0.0
2025-03-21 00:00:00-04:00,66.52864591297654,66.90125034720475,64.79311927212281,65.64617156982422,5875400,0.0,0.0
2025-03-24 00:00:00-04:00,66.03837779866612,66.81299368734997,65.53830779846477,66.13642883300781,2874900,0.0,0.0
2025-03-25 00:00:00-04:00,65.89129725828508,66.31292343709745,64.2930437101804,64.7931137084961,2363200,0.0,0.0
2025-03-26 00:00:00-04:00,64.90097210624089,64.90097210624089,63.94986136676626,64.6068115234375,2235300,0.0,0.0
2025-03-27 00:00:00-04:00,64.4695440994978,66.01877600405243,64.02831066832913,65.64617156982422,3133500,0.0,0.0
2025-03-28 00:00:00-04:00,64.95980339905746,65.47948062931958,63.94986350163265,64.14596557617188,2037700,0.0,0.0
2025-03-31 00:00:00-04:00,63.33213150913996,65.22454581584844,62.98894911793688,64.71467590332031,3121400,0.0,0.0
2025-04-01 00:00:00-04:00,65.90111317596589,66.62669989869381,65.05786070868128,66.54826354980469,3269100,0.0,0.0
2025-04-02 00:00:00-04:00,65.97954794623946,67.63663808734385,65.97954794623946,67.4209213256836,3908300,0.0,0.0
2025-04-03 00:00:00-04:00,63.53804315566746,64.67544862659265,56.988130037460955,57.056766510009766,11321500,0.0,0.0
2025-04-04 00:00:00-04:00,51.967840725687594,54.174022643287536,50.47744182583788,51.89920425415039,10911300,0.0,0.0
2025-04-07 00:00:00-04:00,49.349840362740714,54.15441210975393,47.869245058561894,51.91881561279297,8610100,0.0,0.0
2025-04-08 00:00:00-04:00,53.9288961328679,53.9288961328679,48.251653260455456,49.08510208129883,6309800,0.0,0.0
2025-04-09 00:00:00-04:00,48.51639028510475,55.81149700364742,47.428006628541624,55.06629943847656,9087800,0.0,0.0
2025-04-10 00:00:00-04:00,54.02694199729114,54.02694199729114,50.59510348137301,52.26199722290039,5799200,0.0,0.0
2025-04-11 00:00:00-04:00,51.19322809748277,54.29168808241485,49.624389019190865,54.154415130615234,4459900,0.0,0.0
2025-04-14 00:00:00-04:00,55.78208653363939,57.41956581228832,53.928894221581146,54.50740432739258,6687900,0.0,0.0
2025-04-15 00:00:00-04:00,53.428827581373874,53.99753033525442,52.87973204279322,53.35038375854492,2754100,0.0,0.0
2025-04-16 00:00:00-04:00,52.71303674756255,53.517070908278335,50.95789936102932,51.63446044921875,2713900,0.0,0.0
2025-04-17 00:00:00-04:00,52.32083034377476,54.232855417256374,52.10511358192752,53.40921401977539,6345200,0.0,0.0
2025-04-21 00:00:00-04:00,52.95816793704913,53.45823791701762,51.48738003898873,53.33076858520508,4923200,0.0,0.0
2025-04-22 00:00:00-04:00,53.99752994267747,55.41929242765324,53.68376213445752,54.8505859375,3122900,0.0,0.0
2025-04-23 00:00:00-04:00,56.733191971226546,58.58638410858097,55.527146353907106,56.144874572753906,3363700,0.0,0.0
2025-04-24 00:00:00-04:00,56.11546829905756,57.73333670827398,55.085917375196004,57.507816314697266,2721800,0.0,0.0
2025-04-25 00:00:00-04:00,57.37053510441985,58.70405014452355,56.93910530808341,58.2333984375,2585800,0.0,0.0
2025-04-28 00:00:00-04:00,57.45878142833862,58.73346731830691,57.02735164029851,57.98826599121094,4026400,0.0,0.0
2025-04-29 00:00:00-04:00,57.782354055781134,58.61579903328311,57.46858627081048,58.429500579833984,2919500,0.0,0.0
2025-04-30 00:00:00-04:00,57.85099395259774,58.909963094922134,57.27248386345548,58.79229736328125,4161000,0.0,0.0
2025-05-01 00:00:00-04:00,57.99807221413435,58.74326978637142,56.60572436177659,57.743133544921875,5809600,0.0,0.0
2025-05-02 00:00:00-04:00,58.87074139474015,59.5669134776037,56.164489403845636,58.2333984375,4292000,0.0,0.0
2025-05-05 00:00:00-04:00,57.85099521615813,58.75307673599761,56.38020720218801,56.57631301879883,3439900,0.0,0.0
2025-05-06 00:00:00-04:00,55.9781892691844,57.77254861492079,55.5565630928908,57.39014434814453,3674200,0.0,0.0
2025-05-07 00:00:00-04:00,57.360732711570705,58.39028357626102,56.78222260811122,58.10593032836914,2876500,0.0,0.0
2025-05-08 00:00:00-04:00,58.69424122300902,60.9494485176348,58.10592383718908,60.047367095947266,4019300,0.0,0.0
2025-05-09 00:00:00-04:00,60.1552244231626,61.22399712782476,59.73359825359083,59.80223846435547,2802600,0.0,0.0
2025-05-12 00:00:00-04:00,63.390963237597866,66.3815609658358,63.390963237597866,64.0871353149414,5516600,0.0,0.0
2025-05-13 00:00:00-04:00,63.94004983404489,64.5675853875245,63.3909580949537,64.20479583740234,2836300,0.0,0.0
2025-05-14 00:00:00-04:00,63.75375102147133,63.75375102147133,62.62614918297209,62.86147689819336,3107100,0.0,0.0
2025-05-15 00:00:00-04:00,60.90042523653321,62.841861085650734,60.82198141938535,62.4300422668457,2434900,0.0,0.0
2025-05-16 00:00:00-04:00,63.50861771553597,64.54797957672945,62.47907068237165,63.90082931518555,4460300,0.0,0.0
2025-05-19 00:00:00-04:00,63.20466456064087,64.52837231624267,63.04778439119621,64.07733154296875,3754100,0.0,0.0
2025-05-20 00:00:00-04:00,64.46953856365568,65.95013386331975,63.891032226651035,64.7931137084961,3863700,0.0,0.0
2025-05-21 00:00:00-04:00,63.93024456690627,65.37161790972719,62.21432908601493,62.42023849487305,5315500,0.0,0.0
2025-05-22 00:00:00-04:00,62.06725228964224,63.92044829479601,61.95939390548752,63.16543960571289,2927500,0.0,0.0
2025-05-23 00:00:00-04:00,61.880954689070734,62.684985167120615,61.351470108772325,62.44965744018555,2537400,0.0,0.0
2025-05-27 00:00:00-04:00,63.86160666437222,65.78343525140711,63.28310035924853,65.75402069091797,3758700,0.0,0.0
2025-05-28 00:00:00-04:00,65.74422428115814,66.24428679739246,64.86175001601765,64.97940826416016,2650900,0.0,0.0
2025-05-29 00:00:00-04:00,66.49922709095001,68.13670258457849,66.23448854536083,67.33267211914062,5809700,0.0,0.0
2025-05-30 00:00:00-04:00,67.2144037824372,67.51007133608998,65.94305285148971,65.97261810302734,4619400,0.35,0.0
2025-06-02 00:00:00-04:00,65.54883715693713,66.00218859449501,64.47458531124263,65.68681335449219,2530000,0.0,0.0
2025-06-03 00:00:00-04:00,65.72622678558689,68.12110975604944,63.89310611589272,67.93385314941406,4211400,0.0,0.0
2025-06-04 00:00:00-04:00,68.20980997895111,69.274204151002,67.82544667001133,67.8353042602539,3081300,0.0,0.0
2025-06-05 00:00:00-04:00,67.82545453672324,67.94372307593676,66.29785119488992,66.47525024414062,2452800,0.0,0.0
2025-06-06 00:00:00-04:00,67.13557442838177,67.57906829792326,66.27814442557712,67.47065734863281,2264000,0.0,0.0
2025-06-09 00:00:00-04:00,68.77156466714013,69.56000637780686,67.96341529731855,68.00283813476562,4188100,0.0,0.0
2025-06-10 00:00:00-04:00,68.68288050158667,70.14148813735034,68.1999563007961,69.4417495727539,3180700,0.0,0.0
2025-06-11 00:00:00-04:00,69.70785570814206,70.82152291800138,68.64346141674395,68.85042572021484,3181800,0.0,0.0
2025-06-12 00:00:00-04:00,68.03241284034375,69.79654558586356,67.79588330191841,68.9785385131836,2649900,0.0,0.0
2025-06-13 00:00:00-04:00,67.77617267137406,68.87013219885505,66.14016593531119,66.33727264404297,3201700,0.0,0.0
2025-06-16 00:00:00-04:00,67.85500850981717,73.5219120331063,67.78602041986439,73.51205444335938,6399900,0.0,0.0
2025-06-17 00:00:00-04:00,71.96475000935573,74.15266893859516,70.71310669063922,73.70917510986328,6569400,0.0,0.0
2025-06-18 00:00:00-04:00,73.69931299688277,73.97526536397292,72.02388361432797,73.64018249511719,4884200,0.0,0.0
2025-06-20 00:00:00-04:00,73.9161369349946,74.33006549723737,73.20654081735653,74.1033935546875,5265400,0.0,0.0
2025-06-23 00:00:00-04:00,76.24203829149413,78.10472449495306,75.39446591626384,77.6907958984375,6611200,0.0,0.0
2025-06-24 00:00:00-04:00,78.49894043381926,78.90301141352575,75.00024021082842,75.93651580810547,8580000,0.0,0.0
2025-06-25 00:00:00-04:00,75.40431889187657,76.93191457669599,74.53703138753366,76.43914031982422,3718300,0.0,0.0
2025-06-26 00:00:00-04:00,76.98119843772936,78.17371129016065,76.32088270871297,77.88790130615234,4245900,0.0,0.0
2025-06-27 00:00:00-04:00,80.32220609254192,82.22431507746214,78.54821571106345,78.93257904052734,10753400,0.0,0.0
2025-06-30 00:00:00-04:00,78.94244329967653,80.0561180573434,77.9963175226803,79.63233184814453,4377700,0.0,0.0
2025-07-01 00:00:00-04:00,79.5830504768125,84.43194784678154,79.23810996618975,83.88004302978516,6024800,0.0,0.0
2025-07-02 00:00:00-04:00,83.85046883411978,87.96020430636162,83.27884889509868,87.29988861083984,6990200,0.0,0.0
2025-07-03 00:00:00-04:00,87.73352625651438,88.5613909262344,86.64942438445544,87.4378662109375,2288200,0.0,0.0
2025-07-07 00:00:00-04:00,86.80711607485132,87.20133698953397,84.03771960058114,84.55020904541016,4270900,0.0,0.0
2025-07-08 00:00:00-04:00,84.75716820693172,84.97399007284876,83.35769118764297,84.32352447509766,3056300,0.0,0.0
2025-07-09 00:00:00-04:00,84.98385454941106,85.95954550596316,83.95888315783424,85.35836029052734,3350700,0.0,0.0
2025-07-10 00:00:00-04:00,87.63497538633317,91.3110747914946,87.63497538633317,90.7690200805664,5899000,0.0,0.0
2025-07-11 00:00:00-04:00,89.73419817439895,90.57191293517013,89.05416727112956,89.76376342773438,2976000,0.0,0.0
2025-07-14 00:00:00-04:00,89.48780067668297,89.49765074722852,87.15204818481983,88.29528045654297,2477800,0.0,0.0
2025-07-15 00:00:00-04:00,88.60080765880852,88.89646768399417,84.50092247448634,84.85572052001953,3790900,0.0,0.0
2025-07-16 00:00:00-04:00,86.11723109016158,86.31434531507372,82.87477540196083,85.15139770507812,2982600,0.0,0.0
2025-07-17 00:00:00-04:00,85.15139816959893,85.6146072017458,83.78148625532656,85.30908203125,2843900,0.0,0.0
2025-07-18 00:00:00-04:00,85.32879129235297,86.07780274171377,84.93457038687245,85.9496841430664,2294000,0.0,0.0
2025-07-21 00:00:00-04:00,85.94967490430312,86.70855138163043,84.79658508300781,84.79658508300781,2459300,0.0,0.0
2025-07-22 00:00:00-04:00,84.85572171648323,87.83208230496292,84.5896269381504,87.71381378173828,3027500,0.0,0.0
2025-07-23 00:00:00-04:00,88.89646932468757,89.12314878207108,87.54627272789706,88.38398742675781,3629900,0.0,0.0
2025-07-24 00:00:00-04:00,87.72367096236593,89.19213606964564,85.43719882466098,85.51603698730469,4803700,0.0,0.0
2025-07-25 00:00:00-04:00,88.41356645314504,89.18229317937987,85.77229583120474,89.09359741210938,7610800,0.0,0.0
2025-07-28 00:00:00-04:00,89.07387948492985,91.74471528035203,88.95561846554554,91.18295288085938,4329800,0.0,0.0
2025-07-29 00:00:00-04:00,91.56731238204662,92.30647373797866,89.4483816578805,90.07913208007812,3738800,0.0,0.0
2025-07-30 00:00:00-04:00,91.38990485208983,93.32157878022137,90.7295817210215,92.30646514892578,5796200,0.0,0.0
2025-07-31 00:00:00-04:00,91.77428213531466,93.92277823885046,91.06468598821827,91.99109649658203,3758300,0.0,0.0
2025-08-01 00:00:00-04:00,89.2906833860076,89.91158368921145,87.16190275553922,89.72432708740234,3145600,0.0,0.0
2025-08-04 00:00:00-04:00,90.38465428866094,91.65601278769003,89.98058330352745,91.16323852539062,3006000,0.0,0.0
2025-08-05 00:00:00-04:00,91.27165091126336,91.69543708432332,89.23156573377445,89.60607147216797,2513400,0.0,0.0
2025-08-06 00:00:00-04:00,89.94115791925769,90.20725270496081,88.61066895246556,88.84719848632812,2350500,0.0,0.0
2025-08-07 00:00:00-04:00,89.67506155015316,90.08899766073465,88.19673870716746,89.90174102783203,2470600,0.0,0.0
2025-08-08 00:00:00-04:00,89.74405031905584,90.7394564794601,89.10344976428823,89.37940216064453,2407600,0.0,0.0
2025-08-11 00:00:00-04:00,89.5370783894738,90.47335396203144,87.6743923537089,87.85179138183594,2821500,0.0,0.0
2025-08-12 00:00:00-04:00,88.3149938049633,90.94640626053278,87.9996186138741,90.37478637695312,2711900,0.0,0.0
2025-08-13 00:00:00-04:00,90.8675706006629,94.0903184740616,90.45364202656316,93.88335418701172,3639700,0.0,0.0
2025-08-14 00:00:00-04:00,90.96612749004986,90.96612749004986,86.89580746531726,88.20658874511719,4713700,0.0,0.0
2025-08-15 00:00:00-04:00,88.47267947164111,90.4831991761135,87.98976284510454,89.65534210205078,4144900,0.0,0.0
2025-08-18 00:00:00-04:00,89.68490986610891,90.91684544119283,87.55612158317766,89.42866516113281,5075500,0.0,0.0
2025-08-19 00:00:00-04:00,90.25653025955123,90.28609551044904,88.29528339976432,88.57124328613281,6460900,0.0,0.0
2025-08-20 00:00:00-04:00,84.75717682613485,88.50226439122426,83.20000828450323,85.31893920898438,12990300,0.0,0.0
2025-08-21 00:00:00-04:00,83.93917198991534,87.24075827769964,83.28871382749034,86.45232391357422,6316800,0.0,0.0
2025-08-22 00:00:00-04:00,86.93523735131718,90.61133677906689,86.50159357991005,89.9115982055664,4051400,0.0,0.0
2025-08-25 00:00:00-04:00,89.22170843085506,89.78347079982699,86.69870656587783,87.39844512939453,4378500,0.0,0.0
2025-08-26 00:00:00-04:00,87.60540463084736,88.59095312035551,87.339309847101,88.52196502685547,3811900,0.0,0.0
2025-08-27 00:00:00-04:00,88.61067413253785,91.902402694945,88.21645320696234,91.27165222167969,4059600,0.0,0.0
2025-08-28 00:00:00-04:00,91.75456024991728,92.39516825363677,90.07913087323988,90.44377899169922,1852700,0.0,0.0
2025-08-29 00:00:00-04:00,89.08372666405097,90.99569312477448,89.08372666405097,90.40436553955078,2357900,0.0,0.0
2025-09-02 00:00:00-04:00,89.1776017965629,90.04820358465642,88.21795698640355,89.82066345214844,2808000,0.35,0.0
2025-09-03 00:00:00-04:00,89.7711967804023,91.0375294341395,88.92037811343425,90.94849395751953,3137300,0.0,0.0
2025-09-04 00:00:00-04:00,90.80998628463624,91.22550025762983,86.19973610028394,86.52621459960938,4786800,0.0,0.0
2025-09-05 00:00:00-04:00,86.52621446795696,88.92037503015848,85.94251734696422,88.24763488769531,3698900,0.0,0.0
2025-09-08 00:00:00-04:00,88.60379346310374,88.66315799445883,86.32835437283542,87.90137481689453,3489400,0.0,0.0
2025-09-09 00:00:00-04:00,88.40593247807027,88.59390632420836,87.37703531952894,87.75297546386719,1906500,0.0,0.0
2025-09-10 00:00:00-04:00,86.72408393453864,87.45618106171077,86.27888392163057,86.49653625488281,2380500,0.0,0.0
2025-09-11 00:00:00-04:00,86.51632214982982,87.47596698716183,85.86337267725565,85.8831558227539,2302900,0.0,0.0
2025-09-12 00:00:00-04:00,85.28956224871428,85.55668377113666,82.55902778050303,82.75689697265625,3243800,0.0,0.0
2025-09-15 00:00:00-04:00,84.60692527589404,86.72408408152103,84.20130664791284,86.46685791015625,3341600,0.0,0.0
2025-09-16 00:00:00-04:00,86.61526047720598,88.14870710846543,85.85347728699482,87.57489776611328,2257400,0.0,0.0
2025-09-17 00:00:00-04:00,87.13960221709094,89.6326937304904,86.49654053193984,87.2286376953125,2099100,0.0,0.0
2025-09-18 00:00:00-04:00,87.04067217623974,88.19817869117833,86.55589829731616,87.06045532226562,1800200,0.0,0.0
2025-09-19 00:00:00-04:00,87.2088486133982,87.51553641475904,85.60614218305872,86.86258697509766,5342300,0.0,0.0
2025-09-22 00:00:00-04:00,86.76365090056525,87.9310527033413,86.26898924765909,86.33824157714844,2016400,0.0,0.0
2025-09-23 00:00:00-04:00,87.77277063609873,88.15860614674841,86.48664723530756,86.783447265625,1852300,0.0,0.0
2025-09-24 00:00:00-04:00,86.81312119033215,86.81312119033215,84.16173439508027,84.41896057128906,2352300,0.0,0.0
2025-09-25 00:00:00-04:00,83.54835720143848,83.88473107870524,82.2325628301936,83.09326934814453,4390800,0.0,0.0
2025-09-26 00:00:00-04:00,83.38016972386256,85.94252109436071,82.88550805483354,85.7347640991211,2349900,0.0,0.0
2025-09-29 00:00:00-04:00,86.83290258380899,88.50486137352851,85.51710833330402,88.17838287353516,6036700,0.0,0.0
2025-09-30 00:00:00-04:00,88.11903049401306,88.94017068612473,86.4668623108039,87.1791763305664,2877600,0.0,0.0
2025-10-01 00:00:00-04:00,87.22863894454484,87.37703895831086,84.10238104811492,85.27967071533203,3156900,0.0,0.0
2025-10-02 00:00:00-04:00,85.0818052126205,88.30700133759127,84.86415287533676,87.82222747802734,2544200,0.0,0.0
2025-10-03 00:00:00-04:00,87.55511687353953,88.94017107943175,86.93184587746022,87.08023834228516,1825500,0.0,0.0
2025-10-06 00:00:00-04:00,87.70350644864352,88.27731573747111,86.29866926394476,87.7134017944336,2051000,0.0,0.0
2025-10-07 00:00:00-04:00,88.0497730732589,91.72016158438042,88.03987772690675,91.69048309326172,3041200,0.0,0.0
2025-10-08 00:00:00-04:00,92.1059911900637,95.40043935699119,91.09688481670234,94.73759460449219,3855700,0.0,0.0
2025-10-09 00:00:00-04:00,94.97503806984196,95.46969972645572,92.64023444678999,92.96671295166016,2340700,0.0,0.0
2025-10-10 00:00:00-04:00,93.53062446621027,93.75816459539337,84.3299148771996,86.71418762207031,4181100,0.0,0.0
2025-10-13 00:00:00-04:00,91.51240430658518,94.02528636843205,90.66158567352137,91.74983978271484,3773500,0.0,0.0
2025-10-14 00:00:00-04:00,90.26585255544572,95.17289504247694,90.12734790222633,93.98571014404297,3874100,0.0,0.0
2025-10-15 00:00:00-04:00,95.96435542264821,96.11275542000267,93.42179496749142,94.25282287597656,3692700,0.0,0.0
2025-10-16 00:00:00-04:00,94.52984820473581,97.92322756459654,94.48037901853517,95.7665023803711,4060900,0.0,0.0
2025-10-17 00:00:00-04:00,96.42933724745244,99.723785442588,96.26115410844172,99.70399475097656,4414600,0.0,0.0
2025-10-20 00:00:00-04:00,102.51368435047202,103.41396463984877,101.03958718044731,101.42542266845703,4417400,0.0,0.0
2025-10-21 00:00:00-04:00,101.36606834335134,101.36606834335134,97.27027032634616,97.48792266845703,5338000,0.0,0.0
2025-10-22 00:00:00-04:00,96.81517448681478,98.75424716384015,96.48869600065844,97.57695007324219,3464300,0.0,0.0
2025-10-23 00:00:00-04:00,98.08151087825446,100.2679144548039,98.08151087825446,98.42777252197266,2717500,0.0,0.0
2025-10-24 00:00:00-04:00,100.16899461147892,101.44522270783706,99.56550673146604,101.06928253173828,2705900,0.0,0.0
2025-10-27 00:00:00-04:00,101.54414581188738,102.41474762352522,98.53660198813213,99.38742065429688,3265900,0.0,0.0
2025-10-28 00:00:00-04:00,98.96200361423703,99.27858675271753,96.94378327594741,97.70556640625,2441900,0.0,0.0
2025-10-29 00:00:00-04:00,97.74513873948897,98.78392360856394,95.55872774566555,96.32051086425781,3615000,0.0,0.0
2025-10-30 00:00:00-04:00,93.58008760378806,99.13019193721752,91.40357935645555,96.5678482055664,5636600,0.0,0.0
2025-10-31 00:00:00-04:00,96.09296617210973,96.95368013134961,93.60977020734221,95.65766906738281,3833700,0.0,0.0
2025-11-03 00:00:00-05:00,95.26193816488454,95.4993736352422,92.20492534878746,92.25439453125,3911200,0.0,0.0
2025-11-04 00:00:00-05:00,89.49418327759544,91.9575961389301,89.2963216401635,91.88834381103516,2243400,0.0,0.0
2025-11-05 00:00:00-05:00,90.43404522645442,91.2947516548816,89.50407892196397,90.1174545288086,8579000,0.0,0.0
2025-11-06 00:00:00-05:00,90.12734931393166,90.12734931393166,86.80322248872426,86.8427963256836,7269200,0.0,0.0
2025-11-07 00:00:00-05:00,86.10080401036635,87.13959647546737,83.70664347983245,86.81311798095703,5083200,0.0,0.0
2025-11-10 00:00:00-05:00,87.1692817425633,89.88992097910288,87.15938639555318,88.67304992675781,3513000,0.0,0.0
2025-11-11 00:00:00-05:00,90.0284125248392,91.30464037737235,88.86101082974248,89.8701171875,4283400,0.0,0.0
2025-11-12 00:00:00-05:00,90.52308428693853,92.40280011505271,90.06799646294255,91.02764129638672,3401600,0.0,0.0
2025-11-13 00:00:00-05:00,90.93859219762143,91.75973231447428,88.66315322963685,88.95994567871094,3828300,0.0,0.0
2025-11-14 00:00:00-05:00,87.86180401122635,89.39525821789375,87.10992370219726,87.23853302001953,2321500,0.0,0.0
2025-11-17 00:00:00-05:00,86.99120395172645,87.65404879603125,84.76522637624515,85.17084503173828,3659600,0.0,0.0
2025-11-18 00:00:00-05:00,84.93340087037473,87.3275613624167,84.28045143978942,87.11980438232422,3142000,0.0,0.0
2025-11-19 00:00:00-05:00,87.04067405238865,87.2781095495082,84.62672259653506,84.9927749633789,3513200,0.0,0.0
2025-11-20 00:00:00-05:00,86.3283567857463,88.36636045137088,85.08180726357818,85.68529510498047,2916900,0.0,0.0
2025-11-21 00:00:00-05:00,86.34814040509222,88.97974412766654,85.67540022809818,88.94017028808594,2933000,0.0,0.0
2025-11-24 00:00:00-05:00,89.03910066765167,92.91724635189314,88.70273435480638,92.39290618896484,3734000,0.0,0.0
2025-11-25 00:00:00-05:00,90.74073694217977,92.61055743012649,89.83056129101863,90.95838928222656,2920600,0.0,0.0
2025-11-26 00:00:00-05:00,91.25518144069632,93.97582058611943,90.52308429316874,92.69959259033203,2640600,0.0,0.0
2025-11-28 00:00:00-05:00,93.12659331463804,93.68268913011232,92.96771204288994,93.4145736694336,1012700,0.35,0.0
2025-12-01 00:00:00-05:00,92.78896941274425,95.39070999962722,92.36196508780917,94.05011749267578,3096100,0.0,0.0
2025-12-02 00:00:00-05:00,95.1126637206267,99.20396086781791,94.9935046542806,98.94577026367188,4870500,0.0,0.0
2025-12-03 00:00:00-05:00,99.57137519255487,101.38862666381648,99.30325972484229,101.3191146850586,4253200,0.0,0.0
2025-12-04 00:00:00-05:00,101.54751314931954,103.29524502485341,100.81266358959103,103.09664154052734,4941900,0.0,0.0
2025-12-05 00:00:00-05:00,102.90796544564866,105.0330546001443,102.37172693335947,104.39751434326172,3807100,0.0,0.0
2025-12-08 00:00:00-05:00,105.04297847244192,105.04297847244192,102.00430139376532,102.06388092041016,3775500,0.0,0.0
2025-12-09 00:00:00-05:00,101.74611955114246,103.16615647588057,101.43828186873883,101.92486572265625,2604900,0.0,0.0
2025-12-10 00:00:00-05:00,102.29229336978804,106.9098966159865,102.07382497892137,106.53253936767578,2741000,0.0,0.0
2025-12-11 00:00:00-05:00,106.25448563019842,108.85623370671973,104.26842047823209,104.82451629638672,4637700,0.0,0.0
2025-12-12 00:00:00-05:00,104.52660859226033,105.1820061372342,102.88810336546999,103.37468719482422,3648400,0.0,0.0
2025-12-15 00:00:00-05:00,104.02016273121906,104.1591866862883,99.43234948522247,100.32608032226562,3818100,0.0,0.0
2025-12-16 00:00:00-05:00,103.59315434599911,104.04994840558687,101.25952939052887,103.66266632080078,4839100,0.0,0.0
2025-12-17 00:00:00-05:00,103.25552730049316,105.51964028953242,103.25552730049316,104.56632995605469,4065500,0.0,0.0
2025-12-18 00:00:00-05:00,104.68549608132238,108.44909058788653,104.62591654903109,107.18794250488281,4145400,0.0,0.0
2025-12-19 00:00:00-05:00,107.66458466004244,109.601002631654,106.54246063300955,107.24751281738281,7304100,0.0,0.0
2025-12-22 00:00:00-05:00,107.94263719500093,108.67748675078289,107.37660893385049,107.89299011230469,2133800,0.0,0.0
2025-12-23 00:00:00-05:00,107.27731202037873,108.21076510143145,106.4630255803873,106.89002990722656,1692100,0.0,0.0
2025-12-24 00:00:00-05:00,106.65170333938116,108.37957795149828,106.28427854792328,106.73114776611328,1475100,0.0,0.0
2025-12-26 00:00:00-05:00,106.76093941778824,106.99926512595658,106.11546669760455,106.89996337890625,981500,0.0,0.0
2025-12-29 00:00:00-05:00,106.25448629147206,107.74403516471699,105.42034255904882,105.95657348632812,2542400,0.0,0.0
2025-12-30 00:00:00-05:00,105.54943114603165,106.25448335070564,104.81458917691523,105.1025619506836,1913100,0.0,0.0
2025-12-31 00:00:00-05:00,105.00326158963415,105.00326158963415,103.60308960878875,103.99037170410156,1770300,0.0,0.0
2026-01-02 00:00:00-05:00,104.88410253644614,106.42329847076392,104.15918542842182,106.01615905761719,2543000,0.0,0.0
2026-01-05 00:00:00-05:00,108.19089930832064,109.42226519368556,106.37365539870693,107.40641021728516,2561400,0.0,0.0
2026-01-06 00:00:00-05:00,108.31999961698307,110.35571193489385,107.70431666735945,107.79369354248047,2580600,0.0,0.0
2026-01-07 00:00:00-05:00,106.74107072723415,107.25745191551516,103.01719852347401,104.53653717041016,3750200,0.0,0.0
2026-01-08 00:00:00-05:00,103.60309286893461,109.77975684673181,103.2753902929772,109.50170135498047,3382500,0.0,0.0
2026-01-09 00:00:00-05:00,110.44508527339171,113.06669069068377,110.22661689257782,112.9375991821289,3804600,0.0,0.0
2026-01-12 00:00:00-05:00,112.17295678686344,112.80849701756907,110.97138830142819,112.23253631591797,3886500,0.0,0.0
2026-01-13 00:00:00-05:00,113.1659901856812,118.59787952782578,112.71912856197572,114.56616973876953,5997100,0.0,0.0
2026-01-14 00:00:00-05:00,115.0626889229078,117.31686956850979,113.89091016373813,116.09544372558594,4071200,0.0,0.0
2026-01-15 00:00:00-05:00,115.68829154142595,116.68132408684593,114.00013924470684,114.8442153930664,4007000,0.0,0.0
2026-01-16 00:00:00-05:00,114.08950898266707,114.893862923202,112.08358656663086,114.24839782714844,2913700,0.0,0.0
2026-01-20 00:00:00-05:00,112.21267947257594,114.02993087879157,111.71616319172384,113.66250610351562,3880000,0.0,0.0
2026-01-21 00:00:00-05:00,113.91076527117748,117.24735531469165,113.72208665835629,117.04875183105469,2899500,0.0,0.0
2026-01-22 00:00:00-05:00,117.71408513564799,119.43202728836451,116.35362774825391,118.65746307373047,3602700,0.0,0.0
2026-01-23 00:00:00-05:00,118.50850812261764,119.34265945523703,115.20171528697536,116.87001037597656,2725300,0.0,0.0
2026-01-26 00:00:00-05:00,116.80049684398205,117.01895765138993,115.47976167102604,115.57906341552734,2984000,0.0,0.0
2026-01-27 00:00:00-05:00,115.83725144684237,117.10833193127914,115.03288990884934,115.62871551513672,3098700,0.0,0.0
2026-01-28 00:00:00-05:00,115.57906018896485,117.17784323238708,113.59299504943287,113.82139587402344,3406900,0.0,0.0
2026-01-29 00:00:00-05:00,114.86408169513156,115.52941173430834,112.74892493538421,114.40728759765625,2294700,0.0,0.0
2026-01-30 00:00:00-05:00,113.92070316944746,115.09248196194567,113.09648427806364,114.47679901123047,2851300,0.0,0.0
2026-02-02 00:00:00-05:00,115.96634072767387,119.30293072337696,115.03288770023397,117.93254852294922,4868800,0.0,0.0
2026-02-03 00:00:00-05:00,118.47871216071417,120.79247984091124,114.12923228081078,115.45989227294922,3543400,0.0,0.0
2026-02-04 00:00:00-05:00,115.19178579369877,119.20363855290371,114.94352763466063,118.7766342163086,5171600,0.0,0.0
2026-02-05 00:00:00-05:00,104.0201558950607,105.47991490359024,90.17728021837712,95.98652648925781,18416600,0.0,0.0
2026-02-06 00:00:00-05:00,97.04907253975283,104.40743965114824,97.0093503293842,98.77694702148438,8558300,0.0,0.0
2026-02-09 00:00:00-05:00,98.63793004126919,99.99837985537332,96.36388447662279,98.32015991210938,4715400,0.0,0.0
2026-02-10 00:00:00-05:00,98.48896935651956,103.44419969712935,97.57538122191072,100.6041259765625,4211300,0.0,0.0
2026-02-11 00:00:00-05:00,100.47503452347941,105.95657091020362,99.30325580196671,104.65570068359375,4716100,0.0,0.0
2026-02-12 00:00:00-05:00,105.53950387365886,109.87905907781865,105.46005944709249,105.67852783203125,5382900,0.0,0.0
2026-02-13 00:00:00-05:00,105.46999248914135,108.47888008211063,105.26145655040698,107.48584747314453,3413900,0.0,0.0
2026-02-17 00:00:00-05:00,109.36267548531956,111.56720902869286,107.43619742883658,111.35867309570312,4393800,0.0,0.0
2026-02-18 00:00:00-05:00,111.20971556849202,113.04682431064434,110.41529405698041,110.82243347167969,5347700,0.0,0.0
2026-02-19 00:00:00-05:00,109.90884420805143,111.4778374734924,109.21372444550781,110.96145629882812,2067200,0.0,0.0
2026-02-20 00:00:00-05:00,110.45501487180938,113.70222800621546,110.45501487180938,113.43411254882812,2666900,0.0,0.0
2026-02-23 00:00:00-05:00,114.19874411332655,114.58602620465538,110.10744724895156,112.23253631591797,3556600,0.0,0.0
2026-02-24 00:00:00-05:00,112.84822713301341,116.7508456604092,111.71617054426389,114.48673248291016,3379700,0.0,0.0
2026-02-25 00:00:00-05:00,113.8213919731879,114.25832113706936,110.63375844263268,112.13323211669922,2900500,0.0,0.0
2026-02-26 00:00:00-05:00,112.21268038080427,113.2553676095279,109.41232883718237,111.12034606933594,3531800,0.0,0.0
2026-02-27 00:00:00-05:00,109.15793966008368,110.30351179982897,106.86679538059312,109.0483627319336,5885200,0.35,0.0
2026-03-02 00:00:00-05:00,106.33883854407489,106.53806517815858,99.59491742022507,99.80410766601562,5245100,0.0,0.0
2026-03-03 00:00:00-05:00,96.78577807252057,99.52518605592341,94.5145534331828,98.32980346679688,5841800,0.0,0.0
2026-03-04 00:00:00-05:00,99.44548792010134,102.45385248163923,97.7420752167129,98.82787322998047,3580400,0.0,0.0
2026-03-05 00:00:00-05:00,97.62254098859665,98.72826629554984,94.67394270339115,95.50074768066406,3353700,0.0,0.0
2026-03-06 00:00:00-05:00,93.33909802610395,93.8371722046851,92.14372303751273,92.36287689208984,4607400,0.0,0.0
2026-03-09 00:00:00-04:00,90.64949722016746,92.40272039330716,87.83039564745032,92.2732162475586,4666200,0.0,0.0
2026-03-10 00:00:00-04:00,91.64564516297422,95.98885243304629,90.96826400342145,93.90689849853516,4947200,0.0,0.0
2026-03-11 00:00:00-04:00,93.56821772857383,94.79348358117169,91.13761324700255,91.18742370605469,2854000,0.0,0.0
2026-03-12 00:00:00-04:00,88.0296344767461,88.90624230916943,83.78604027886055,83.96534729003906,5679600,0.0,0.0
2026-03-13 00:00:00-04:00,84.59291342347535,87.84035907134087,84.27414626540325,87.54151153564453,4275500,0.0,0.0
2026-03-16 00:00:00-04:00,87.95990164194878,90.03188441738095,87.94993803052596,88.41812896728516,3365300,0.0,0.0
2026-03-17 00:00:00-04:00,89.55373536664085,91.63568170461535,88.37828004663345,88.56755065917969,2578500,0.0,0.0
2026-03-18 00:00:00-04:00,87.68097156174413,88.83650725804029,85.6687553044117,85.68867492675781,3541300,0.0,0.0
2026-03-19 00:00:00-04:00,84.01514518535363,87.07332780645557,83.72626886219591,85.27029418945312,3755100,0.0,0.0
2026-03-20 00:00:00-04:00,84.99137805377244,86.33617682424175,84.17453669985701,85.58906555175781,5640400,0.0,0.0
2026-03-23 00:00:00-04:00,87.30244111575172,90.70926666161762,77.70953520502125,78.98460388183594,9878800,0.0,0.0
2026-03-24 00:00:00-04:00,76.94249818072753,76.98234502763732,70.19857704143134,71.2046890258789,19705800,0.0,0.0
2026-03-25 00:00:00-04:00,72.49967650443445,74.09351236218339,70.30815315003075,72.82840728759766,6761800,0.0,0.0
2026-03-26 00:00:00-04:00,71.22460571070299,72.57936804970446,68.8637314287647,69.4813461303711,5360300,0.0,0.0
2026-03-27 00:00:00-04:00,68.73423323794415,68.96335069274103,66.76185624450378,66.97105407714844,4195100,0.0,0.0
2026-03-30 00:00:00-04:00,67.46913307120093,67.99709049620664,66.38332738580418,67.71817016601562,5267000,0.0,0.0
2026-03-31 00:00:00-04:00,68.813927007883,71.72267824608322,67.84766193217746,71.49356079101562,5428700,0.0,0.0
2026-04-01 00:00:00-04:00,72.04144431987676,73.61536044843803,69.87980434584485,70.4376449584961,7895100,0.0,0.0
2026-04-02 00:00:00-04:00,68.0468897124034,69.22234504100335,65.96494335920991,68.85377502441406,8326300,0.0,0.0
2026-04-06 00:00:00-04:00,68.43539194764256,71.07518672408197,68.43539194764256,70.63688659667969,4161100,0.0,0.0
2026-04-07 00:00:00-04:00,69.79015113755462,70.25834207918679,67.90743135950817,68.90357971191406,4225200,0.0,0.0
2026-04-08 00:00:00-04:00,71.782447812471,73.20694025981854,70.7364966028857,71.16484069824219,4558500,0.0,0.0
2026-04-09 00:00:00-04:00,70.21849490419538,74.34254845583858,69.33192348270741,73.0077133178711,3494000,0.0,0.0
2026-04-10 00:00:00-04:00,73.25675036990143,74.1134385565504,71.52345437366202,72.39009857177734,4912200,0.0,0.0
2026-04-13 00:00:00-04:00,71.7724922631644,74.54178348353199,71.57325803147786,74.26286315917969,4792900,0.0,0.0
2026-04-14 00:00:00-04:00,74.6812440406066,76.21531343266491,74.36247686823143,76.12565612792969,3927700,0.0,0.0
2026-04-15 00:00:00-04:00,76.40457547329041,76.70342301856104,74.57166615565627,76.30496215820312,2726900,0.0,0.0
2026-04-16 00:00:00-04:00,75.76704033797591,76.49423197046363,73.93413103966455,75.04981231689453,3201600,0.0,0.0
2026-04-17 00:00:00-04:00,76.57392694527448,78.57617967101282,75.70727513860568,75.90650177001953,4179300,0.0,0.0
2026-04-20 00:00:00-04:00,75.50804844004693,77.68960817212135,75.22912051630323,77.5501480102539,3231700,0.0,0.0
2026-04-21 00:00:00-04:00,77.44057393050302,78.23749568476964,75.06974349157392,75.56781768798828,3371800,0.0,0.0
2026-04-22 00:00:00-04:00,76.45438817055766,76.96242597239711,75.06974253025773,76.36473846435547,3545200,0.0,0.0
2026-04-23 00:00:00-04:00,76.17546585960034,76.9026499021416,74.39235939362986,76.1057357788086,2502300,0.0,0.0
2026-04-24 00:00:00-04:00,77.64976022033426,78.01833784288422,76.80303564962033,77.520263671875,2251300,0.0,0.0
2026-04-27 00:00:00-04:00,77.8589548035978,78.57617519584494,76.16549813299258,77.02218627929688,3105500,0.0,0.0
2026-04-28 00:00:00-04:00,77.4405739140555,77.59996130487862,75.34866380956129,76.80303955078125,3821900,0.0,0.0
2026-04-29 00:00:00-04:00,75.56781140627986,76.563959716302,75.15938695116671,75.39846801757812,3164800,0.0,0.0
2026-04-30 00:00:00-04:00,75.56781098367898,77.35091736064788,74.9302766768308,76.41453552246094,4812400,0.0,0.0
2026-05-01 00:00:00-04:00,85.66875883321259,86.08713931979128,77.64976150707695,78.99456787109375,7022700,0.0,0.0
2026-05-04 00:00:00-04:00,78.36698828189387,82.62054596045087,78.22752812194203,81.0167465209961,5333600,0.0,0.0
2026-05-05 00:00:00-04:00,80.89720869007787,83.53700340605934,79.24360633818584,82.53089141845703,3988300,0.0,0.0
2026-05-06 00:00:00-04:00,83.47723316568116,87.09324887068294,83.41745909782398,86.33617401123047,3745600,0.0,0.0
2026-05-07 00:00:00-04:00,86.70475407394183,87.56144227062899,84.55306997063207,84.96149444580078,3023300,0.0,0.0
2026-05-08 00:00:00-04:00,85.38983402604553,85.87794456809591,83.94541442200682,85.86798095703125,2310600,0.0,0.0
2026-05-11 00:00:00-04:00,85.01129494409366,85.2702956382309,81.72401001084923,82.4312744140625,3091300,0.0,0.0
2026-05-12 00:00:00-04:00,81.96308621817269,85.02126139330353,81.50485888248636,84.56303405761719,3118100,0.0,0.0
2026-05-13 00:00:00-04:00,84.25422763829575,84.78218503758848,81.80370365666752,81.81365966796875,2465100,0.0,0.0
2026-05-14 00:00:00-04:00,81.98300834933694,82.47111888964045,80.2297852086441,80.51866912841797,3218000,0.0,0.0
2026-05-15 00:00:00-04:00,80.18994089785087,80.89720530308554,79.28344226578406,79.97078704833984,2720900,0.0,0.0
2026-05-18 00:00:00-04:00,79.85125176866615,81.98300853314822,79.41294408250812,79.70182800292969,1895200,0.0,0.0
2026-05-19 00:00:00-04:00,79.07425154829176,79.09417877085849,74.97012530053995,75.84673309326172,4504000,0.0,0.0
2026-05-20 00:00:00-04:00,76.49423089337633,78.11794992934409,75.37854203184725,77.89879608154297,3312300,0.0,0.0
2026-05-21 00:00:00-04:00,77.56011264436347,79.1439849036006,76.18543063068545,78.60607147216797,3754200,0.0,0.0
2026-05-22 00:00:00-04:00,88.6173545750255,90.22115399523518,85.66875642855533,87.97982025146484,8105900,0.0,0.0
2026-05-26 00:00:00-04:00,88.21889890521149,88.457979990598,85.74845515629006,86.26644897460938,3597800,0.0,0.0
2026-05-27 00:00:00-04:00,88.00970315382241,91.89468314839021,88.00970315382241,90.84872436523438,4249100,0.0,0.0
2026-05-28 00:00:00-04:00,90.20123710103853,91.99429959028626,89.31466566801967,90.52000427246094,3102400,0.0,0.0
2026-05-29 00:00:00-04:00,90.8499984741211,90.98999786376953,88.87999725341797,88.94999694824219,5559700,0.35,0.0
2026-06-01 00:00:00-04:00,87.7699966430664,88.4000015258789,84.7300033569336,85.58000183105469,4159200,0.0,0.0
2026-06-02 00:00:00-04:00,85.79000091552734,86.93000030517578,82.58999633789062,83.41000366210938,4309700,0.0,0.0
2026-06-03 00:00:00-04:00,83.04000091552734,83.5,81.31999969482422,82.05000305175781,5990900,0.0,0.0
2026-06-04 00:00:00-04:00,82.97000122070312,84.5,81.4000015258789,82.9000015258789,4418000,0.0,0.0
2026-06-05 00:00:00-04:00,82.6500015258789,83.9800033569336,82.30999755859375,83.48999786376953,3165600,0.0,0.0
2026-06-08 00:00:00-04:00,83.83000183105469,85.22000122070312,82.69999694824219,84.63999938964844,2958200,0.0,0.0
2026-06-09 00:00:00-04:00,85.91000366210938,88.05999755859375,85.48999786376953,86.55999755859375,3847500,0.0,0.0
2026-06-10 00:00:00-04:00,85.83000183105469,88.16999816894531,84.80000305175781,85.38999938964844,4072000,0.0,0.0
2026-06-11 00:00:00-04:00,85.30000305175781,88.95999908447266,85.27999877929688,88.0199966430664,2968100,0.0,0.0
2026-06-12 00:00:00-04:00,87.83999633789062,89.93000030517578,87.83999633789062,89.68000030517578,2798100,0.0,0.0
2026-06-15 00:00:00-04:00,91.0,91.5,89.3499984741211,90.0,3554600,0.0,0.0
2026-06-16 00:00:00-04:00,90.0,91.5250015258789,87.51000213623047,87.58000183105469,3664879,0.0,0.0
