Date,Open,High,Low,Close,Volume,Dividends,Stock Splits
2022-01-03 00:00:00-05:00,2.5164105203311644,2.623667458277981,2.4751579275469577,2.5824148654937744,18200,0.0,0.0
2022-01-04 00:00:00-05:00,2.590665209516431,2.648418835523435,2.5164103507995605,2.5164103507995605,9000,0.0,0.0
2022-01-05 00:00:00-05:00,2.5246610439471953,2.590665389242072,2.4834084510803223,2.4834084510803223,18900,0.0,0.0
2022-01-06 00:00:00-05:00,2.458656852294693,2.54116203658329,2.4009032232926755,2.491658926010132,33900,0.0,0.0
2022-01-07 00:00:00-05:00,2.491658861432198,2.582414758505351,2.475157825002147,2.549412488937378,26700,0.0,0.0
2022-01-10 00:00:00-05:00,2.4834081349055066,2.6154166119807365,2.3761514071070136,2.5989155769348145,25000,0.0,0.0
2022-01-11 00:00:00-05:00,2.508159875869751,2.6154168084324856,2.458656767013659,2.508159875869751,72500,0.0,0.0
2022-01-12 00:00:00-05:00,2.524660845276685,2.5494123990490607,2.425654630187182,2.4751577377319336,70000,0.0,0.0
2022-01-13 00:00:00-05:00,2.4339052125856133,2.532911430297797,2.4256546944429314,2.508159875869751,11000,0.0,0.0
2022-01-14 00:00:00-05:00,2.5246609772964446,2.5411620140075684,2.400903201963015,2.5411620140075684,29200,0.0,0.0
2022-01-18 00:00:00-05:00,2.4586568726046347,2.565913613065814,2.4586568726046347,2.532911539077759,17400,0.0,0.0
2022-01-19 00:00:00-05:00,2.508159781431338,2.6071661921235547,2.310147156754766,2.3348987102508545,41400,0.0,0.0
2022-01-20 00:00:00-05:00,2.475157803299023,2.623667326575168,2.475157803299023,2.508159875869751,32600,0.0,0.0
2022-01-21 00:00:00-05:00,2.4504062488709772,2.557662984725843,2.3596503525936066,2.508159875869751,31900,0.0,0.0
2022-01-24 00:00:00-05:00,2.4669071922711896,2.475157710103219,2.2276419784344696,2.3348987102508545,51700,0.0,0.0
2022-01-25 00:00:00-05:00,2.4009031603835727,2.4586567878723145,2.334898817974283,2.4586567878723145,4800,0.0,0.0
2022-01-26 00:00:00-05:00,2.5659134796171497,2.5659134796171497,2.384402082122936,2.466907262802124,14300,0.0,0.0
2022-01-27 00:00:00-05:00,2.4256547615935693,2.4256547615935693,2.2111410872374773,2.2606441974639893,11300,0.0,0.0
2022-01-28 00:00:00-05:00,2.359650509271456,2.359650509271456,2.2028906541518394,2.24414324760437,12600,0.0,0.0
2022-01-31 00:00:00-05:00,2.2028905271984294,2.590665276720377,2.2028905271984294,2.549412488937378,26300,0.0,0.0
2022-02-01 00:00:00-05:00,2.466907267764333,2.796928384560659,2.4339051954262736,2.747425079345703,64500,0.0,0.0
2022-02-02 00:00:00-05:00,2.722673499295473,2.805178876066769,2.5741639784734316,2.6154167652130127,30000,0.0,0.0
2022-02-03 00:00:00-05:00,2.656669553043904,2.66492007166453,2.5741641701297673,2.6236674785614014,10600,0.0,0.0
2022-02-04 00:00:00-05:00,2.681420634149947,2.7309237371089865,2.5906649453917088,2.7144227027893066,10300,0.0,0.0
2022-02-07 00:00:00-05:00,2.6814208509365725,2.7969282972206835,2.590665154840947,2.7639260292053223,25200,0.0,0.0
2022-02-08 00:00:00-05:00,2.763926004909446,2.763926004909446,2.697921862874645,2.7226734161376953,5000,0.0,0.0
2022-02-09 00:00:00-05:00,2.714422745148087,2.838180701184783,2.6896711932823174,2.706172227859497,5200,0.0,0.0
2022-02-10 00:00:00-05:00,2.6401681392039276,2.8381807545619187,2.6401681392039276,2.7969281673431396,29300,0.0,0.0
2022-02-11 00:00:00-05:00,2.8134292893390165,2.8134292893390165,2.7226733979399005,2.772176504135132,5400,0.0,0.0
2022-02-14 00:00:00-05:00,2.788677553935711,2.7969280710955506,2.6484185655105876,2.7144227027893066,19100,0.0,0.0
2022-02-15 00:00:00-05:00,2.656669174091439,2.8381807545619187,2.656669174091439,2.7969281673431396,12000,0.0,0.0
2022-02-16 00:00:00-05:00,2.7721766975742046,2.813429485656658,2.6484189234504605,2.788677930831909,21500,0.0,0.0
2022-02-17 00:00:00-05:00,2.788677736241401,2.8381808424366324,2.7474249510375164,2.772176504135132,10000,0.0,0.0
2022-02-18 00:00:00-05:00,2.7391747149380086,2.7804273076749904,2.5576631101874105,2.673170566558838,16200,0.0,0.0
2022-02-22 00:00:00-05:00,2.541161901603074,2.5741639735655246,2.3679008270923436,2.425654649734497,4400,0.0,0.0
2022-02-23 00:00:00-05:00,2.5081598970338486,2.6979220126246344,2.442155751335443,2.64841890335083,5000,0.0,0.0
2022-02-24 00:00:00-05:00,2.4009031182587734,2.6154167847325294,2.392652600190855,2.466907262802124,26300,0.0,0.0
2022-02-25 00:00:00-05:00,2.3844020441903804,2.607166225188183,2.3844020441903804,2.565913438796997,8500,0.0,0.0
2022-02-28 00:00:00-05:00,2.532911554545221,2.689671603653631,2.499909480355636,2.673170566558838,13700,0.0,0.0
2022-03-01 00:00:00-05:00,2.739174535308159,2.805178876066769,2.524660870435373,2.6154167652130127,10700,0.0,0.0
2022-03-02 00:00:00-05:00,2.5659135253674292,2.6154168313654536,2.475157825002147,2.549412488937378,13300,0.0,0.0
2022-03-03 00:00:00-05:00,2.5494125996673196,2.5494125996673196,2.433905339640074,2.4834084510803223,14700,0.0,0.0
2022-03-04 00:00:00-05:00,2.541161856644678,2.541161856644678,2.3926525354410866,2.4339051246643066,11400,0.0,0.0
2022-03-07 00:00:00-05:00,2.38440203666687,2.417404108309396,2.1946399280144817,2.38440203666687,36200,0.0,0.0
2022-03-08 00:00:00-05:00,2.2276420608800205,2.3596503510781517,2.2276420608800205,2.3183977603912354,6700,0.0,0.0
2022-03-09 00:00:00-05:00,2.409153723809548,2.4586568340146524,2.3513998985290527,2.3513998985290527,9300,0.0,0.0
2022-03-10 00:00:00-05:00,2.475157825185656,2.475157825185656,2.285395709518126,2.3596503734588623,11400,0.0,0.0
2022-03-11 00:00:00-05:00,2.46690713323164,2.46690713323164,1.9883767170106863,2.1533870697021484,28000,0.0,0.0
2022-03-14 00:00:00-04:00,1.9223725387573714,1.9223725387573714,1.66660627415258,1.740860939025879,56800,0.0,0.0
2022-03-15 00:00:00-04:00,1.7408608336950708,1.7408608336950708,1.5180967541995816,1.6006020307540894,38100,0.0,0.0
2022-03-16 00:00:00-04:00,1.765612438484004,2.046130217976221,1.6171029332432563,1.9141217470169067,109000,0.0,0.0
2022-03-17 00:00:00-04:00,1.8893704849110637,1.9636253472558893,1.683107328100548,1.881119966506958,42400,0.0,0.0
2022-03-18 00:00:00-04:00,1.8316167007511193,2.161637605635625,1.8316167007511193,2.103883981704712,55700,0.0,0.0
2022-03-21 00:00:00-04:00,2.021378827790008,2.260644040663708,1.930622935295105,2.145136594772339,45000,0.0,0.0
2022-03-22 00:00:00-04:00,2.145136782400161,2.4751579166345907,2.145136782400161,2.343149423599243,58900,0.0,0.0
2022-03-23 00:00:00-04:00,2.3348987363139413,2.524660845276685,2.28539562876919,2.4751577377319336,19000,0.0,0.0
2022-03-24 00:00:00-04:00,2.565913794403617,2.6236676246721595,2.070882256182255,2.268894910812378,95900,0.0,0.0
2022-03-25 00:00:00-04:00,2.3431492475576365,2.4999092843769493,2.2523935506510075,2.285395622253418,17000,0.0,0.0
2022-03-28 00:00:00-04:00,2.3761515840607865,2.4834083198467685,2.2358925790174036,2.3183977603912354,19600,0.0,0.0
2022-03-29 00:00:00-04:00,2.359650434440501,2.5246609997255707,2.359650434440501,2.491658926010132,22000,0.0,0.0
2022-03-30 00:00:00-04:00,2.516410509236925,2.6071664096699383,2.252393719874108,2.343149423599243,61200,0.0,0.0
2022-03-31 00:00:00-04:00,2.268894866822059,2.409153885172129,2.260644347901931,2.2771453857421875,14500,0.0,0.0
2022-04-01 00:00:00-04:00,2.3431493811748423,2.623667399207491,2.2276421239796482,2.2606441974639893,128200,0.0,0.0
2022-04-04 00:00:00-04:00,2.384402082122936,2.4916588170058804,2.3101472228038,2.466907262802124,57500,0.0,0.0
2022-04-05 00:00:00-04:00,2.5329112811574936,2.5329112811574936,2.1533870755251425,2.2523934841156006,33300,0.0,0.0
2022-04-06 00:00:00-04:00,2.244143139273051,2.4421557749944345,2.2193915843963623,2.2193915843963623,86100,0.0,0.0
2022-04-07 00:00:00-04:00,2.2688948036758885,2.310147397128419,2.0626316397053532,2.24414324760437,53300,0.0,0.0
2022-04-08 00:00:00-04:00,2.227642247784182,2.425654896402951,2.136886343950475,2.326648473739624,68800,0.0,0.0
2022-04-11 00:00:00-04:00,2.3183976938558284,2.334898729657034,2.235892514849802,2.285395622253418,8800,0.0,0.0
2022-04-12 00:00:00-04:00,2.2936462042433816,2.367900867423639,2.0461304636013233,2.1286356449127197,24300,0.0,0.0
2022-04-13 00:00:00-04:00,2.120384915051297,2.202890284832018,2.120384915051297,2.1781387329101562,39700,0.0,0.0
2022-04-14 00:00:00-04:00,2.136886274094832,2.178139063602248,2.062631607055664,2.062631607055664,39400,0.0,0.0
2022-04-18 00:00:00-04:00,1.9883767811238608,2.4009030695697176,1.9883767811238608,2.285395622253418,17400,0.0,0.0
2022-04-19 00:00:00-04:00,2.301896830996909,2.35139994211971,2.178139053189906,2.343149423599243,16900,0.0,0.0
2022-04-20 00:00:00-04:00,2.367900555358336,2.367900555358336,2.128635364380145,2.13688588142395,6500,0.0,0.0
2022-04-21 00:00:00-04:00,2.1946400532846986,2.219391608429414,2.136886227905822,2.161637783050537,6400,0.0,0.0
2022-04-22 00:00:00-04:00,2.277145124117042,2.301896678033678,2.120385085937148,2.2358925342559814,15500,0.0,0.0
2022-04-25 00:00:00-04:00,2.10388409064388,2.310147240642454,2.029629427459226,2.227642059326172,11100,0.0,0.0
2022-04-26 00:00:00-04:00,2.2276421045808776,2.2276421045808776,2.0708820601874818,2.12038516998291,12200,0.0,0.0
2022-04-27 00:00:00-04:00,2.1863895321242217,2.2606441974639893,2.070882078221153,2.2606441974639893,9200,0.0,0.0
2022-04-28 00:00:00-04:00,2.2193916915328518,2.3431494718904435,2.11213475184839,2.24414324760437,36200,0.0,0.0
2022-04-29 00:00:00-04:00,2.3926525354410866,2.4586566781982384,2.2771450889082097,2.4339051246643066,23700,0.0,0.0
2022-05-02 00:00:00-04:00,2.3926525354410866,2.4339051246643066,2.3679007851992933,2.4339051246643066,5700,0.0,0.0
2022-05-03 00:00:00-04:00,2.4586566781982384,2.4586566781982384,2.3679007851992933,2.4339051246643066,13100,0.0,0.0
2022-05-04 00:00:00-04:00,2.4421556181712116,2.4421556181712116,2.3266481727894446,2.3926525115966797,3700,0.0,0.0
2022-05-05 00:00:00-04:00,2.384402059781434,2.43390516772511,2.359650309101731,2.425654649734497,4900,0.0,0.0
2022-05-06 00:00:00-04:00,2.384402025739327,2.400903061484967,2.0956335067749023,2.0956335067749023,16000,0.0,0.0
2022-05-09 00:00:00-04:00,2.194639892634764,2.194639892634764,1.9883767514862738,2.0543808937072754,15700,0.0,0.0
2022-05-10 00:00:00-04:00,2.1038838702993017,2.1038838702993017,1.9966271458213776,2.079132318496704,6500,0.0,0.0
2022-05-11 00:00:00-04:00,2.0461304416323176,2.0873830318450928,2.0213788875046523,2.0873830318450928,26400,0.0,0.0
2022-05-12 00:00:00-04:00,2.079132226103249,2.103883776805926,1.9801260232925417,1.9801260232925415,10200,0.0,0.0
2022-05-13 00:00:00-04:00,2.0378798816651624,2.0956335067749023,2.0296293637923424,2.0956335067749023,14000,0.0,0.0
2022-05-16 00:00:00-04:00,2.1203849481841464,2.1863892843816677,2.0626313261306857,2.0708818435668945,20400,0.0,0.0
2022-05-17 00:00:00-04:00,2.227642144507585,2.301896810531616,2.161637800222792,2.301896810531616,32100,0.0,0.0
2022-05-18 00:00:00-04:00,2.211140919722912,2.3761514713514025,2.211140919722912,2.2936460971832275,8800,0.0,0.0
2022-05-19 00:00:00-04:00,2.301896590056901,2.3183976253706677,2.2028903781743,2.2523934841156006,2500,0.0,0.0
2022-05-20 00:00:00-04:00,2.2688947168983464,2.277145235273298,2.169888496398926,2.169888496398926,5500,0.0,0.0
2022-05-23 00:00:00-04:00,2.202890424938381,2.3348987102508545,2.186389389274322,2.3348987102508545,10600,0.0,0.0
2022-05-24 00:00:00-04:00,2.4751579676464237,2.5164105610989544,2.2028906541518394,2.24414324760437,53000,0.0,0.0
2022-05-25 00:00:00-04:00,2.367901067887725,2.425654896402951,2.277145360761903,2.326648473739624,30500,0.0,0.0
2022-05-26 00:00:00-04:00,2.3761514713514025,2.3761514713514025,2.0956334745706107,2.2936460971832275,23200,0.0,0.0
2022-05-27 00:00:00-04:00,2.2028907750185356,2.3761518737334173,2.2028907750185356,2.310147523880005,32100,0.0,0.0
2022-05-31 00:00:00-04:00,2.301896614929259,2.3761514713514025,2.219391437468943,2.2936460971832275,49800,0.0,0.0
2022-06-01 00:00:00-04:00,2.2358925774578,2.2936462043791974,2.1616377175652777,2.227642059326172,33200,0.0,0.0
2022-06-02 00:00:00-04:00,2.244142966458717,2.2688945194293675,2.1698883075467665,2.2523934841156006,15100,0.0,0.0
2022-06-03 00:00:00-04:00,2.1698883075467665,2.301896590056901,2.1698883075467665,2.2523934841156006,6500,0.0,0.0
2022-06-06 00:00:00-04:00,2.1946402558753455,2.3761518737334173,2.1286359060219335,2.310147523880005,24300,0.0,0.0
2022-06-07 00:00:00-04:00,2.310147178763323,2.433905144130659,2.277145107120797,2.38440203666687,24200,0.0,0.0
2022-06-08 00:00:00-04:00,2.3926525115966797,2.4339051004087895,2.268894548452491,2.3926525115966797,45700,0.0,0.0
2022-06-09 00:00:00-04:00,2.3513995749145478,2.38440184055051,2.268894402594259,2.3761513233184814,26700,0.0,0.0
2022-06-10 00:00:00-04:00,2.3266481681673534,2.3266481681673534,2.219391437468943,2.2936460971832275,9300,0.0,0.0
2022-06-13 00:00:00-04:00,2.2936462043791974,2.3183977587740823,2.2193915411945437,2.227642059326172,8500,0.0,0.0
2022-06-14 00:00:00-04:00,2.161637800222792,2.310147328978731,2.161637800222792,2.301896810531616,14900,0.0,0.0
2022-06-15 00:00:00-04:00,2.30189698713275,2.30189698713275,2.227642315411913,2.268894910812378,19500,0.0,0.0
2022-06-16 00:00:00-04:00,2.2523934841156006,2.2523934841156006,2.1946398605174164,2.2523934841156006,3200,0.0,0.0
2022-06-17 00:00:00-04:00,2.202890416071954,2.235892487267242,2.1038840057782284,2.145136594772339,22700,0.0,0.0
2022-06-21 00:00:00-04:00,2.128635516798429,2.227641925121163,2.120384999163856,2.1533870697021484,16700,0.0,0.0
2022-06-22 00:00:00-04:00,2.1203850048976087,2.2523934841156006,2.1203850048976087,2.2523934841156006,6000,0.0,0.0
2022-06-23 00:00:00-04:00,2.161637610789861,2.244142984738608,2.1451365753416836,2.202890396118164,24100,0.0,0.0
2022-06-24 00:00:00-04:00,2.1863893664848173,2.301896614929259,2.1368860633007682,2.2936460971832275,34000,0.0,0.0
2022-06-27 00:00:00-04:00,2.2936461600614657,2.2936461600614657,2.169888390478285,2.2358925342559814,14900,0.0,0.0
2022-06-28 00:00:00-04:00,2.2276420162837693,2.26889460614483,2.1121345679649357,2.2358925342559814,22200,0.0,0.0
2022-06-29 00:00:00-04:00,2.227642146374612,2.26064422019073,2.1863895541044642,2.2111411094665527,3800,0.0,0.0
2022-06-30 00:00:00-04:00,2.2111411094665527,2.244143183282671,2.2028905910125234,2.2111411094665527,2400,0.0,0.0
2022-07-01 00:00:00-04:00,2.26889460614483,2.26889460614483,2.2276420162837693,2.2358925342559814,2000,0.0,0.0
2022-07-05 00:00:00-04:00,2.202890547811903,2.2193915843963623,2.128635686473964,2.2193915843963623,2200,0.0,0.0
2022-07-06 00:00:00-04:00,2.2111408958311833,2.2523934841156006,2.145136557868259,2.2523934841156006,7600,0.0,0.0
2022-07-07 00:00:00-04:00,2.1946401354613334,2.252393766294876,2.1946401354613334,2.24414324760437,3400,0.0,0.0
2022-07-08 00:00:00-04:00,2.211140913842253,2.2276419492904305,2.202890396118164,2.202890396118164,2700,0.0,0.0
2022-07-11 00:00:00-04:00,2.202890547811903,2.2193915843963623,2.202890547811903,2.2193915843963623,1800,0.0,0.0
2022-07-12 00:00:00-04:00,2.2193916915328518,2.24414324760437,2.1286357892294023,2.24414324760437,26000,0.0,0.0
2022-07-13 00:00:00-04:00,2.227641955214975,2.2936460971832275,2.161637616538863,2.2936460971832275,22300,0.0,0.0
2022-07-14 00:00:00-04:00,2.2358924670145193,2.30189660880723,2.103883986721239,2.202890396118164,14600,0.0,0.0
2022-07-15 00:00:00-04:00,2.128635364380145,2.2193912485698437,2.1038838132487294,2.13688588142395,15500,0.0,0.0
2022-07-18 00:00:00-04:00,2.136886076973517,2.145136594772339,2.136886076973517,2.145136594772339,700,0.0,0.0
2022-07-19 00:00:00-04:00,2.219391319446592,2.2276418367538793,2.1781387329101562,2.1781387329101562,12800,0.0,0.0
2022-07-20 00:00:00-04:00,2.1863893428605334,2.2523934841156006,2.1698883075467665,2.2523934841156006,2500,0.0,0.0
2022-07-21 00:00:00-04:00,2.153387139135913,2.351399765458239,2.153387139135913,2.285395622253418,10900,0.0,0.0
2022-07-22 00:00:00-04:00,2.2936462699564317,2.3513998985290527,2.2688947148538796,2.3513998985290527,10200,0.0,0.0
2022-07-25 00:00:00-04:00,2.3183976550270224,2.3926525115966797,2.3018966195021786,2.3926525115966797,2200,0.0,0.0
2022-07-26 00:00:00-04:00,2.392652731429922,2.392652731429922,2.3266483865583094,2.343149423599243,4000,0.0,0.0
2022-07-27 00:00:00-04:00,2.3101471077137843,2.376151445676709,2.2523934841156006,2.2523934841156006,6100,0.0,0.0
2022-07-28 00:00:00-04:00,2.1946400495462237,2.35965041689657,2.1946400495462237,2.3513998985290527,5300,0.0,0.0
2022-07-29 00:00:00-04:00,2.318398043023195,2.318398043023195,2.2358928515912955,2.310147523880005,3500,0.0,0.0
2022-08-01 00:00:00-04:00,2.301896810531616,2.376151673263524,2.21939162606047,2.301896810531616,5000,0.0,0.0
2022-08-02 00:00:00-04:00,2.2771450556349633,2.3761514650318882,2.202890396118164,2.202890396118164,15200,0.0,0.0
2022-08-03 00:00:00-04:00,2.2771451043528153,2.3596502833588415,2.2771451043528153,2.285395622253418,1900,0.0,0.0
2022-08-04 00:00:00-04:00,2.2936459542903456,2.3761513233184814,2.2853954370583165,2.3761513233184814,6000,0.0,0.0
2022-08-05 00:00:00-04:00,2.268894632464206,2.4751577808700427,2.219391524056693,2.466907262802124,34500,0.0,0.0
2022-08-08 00:00:00-04:00,2.466907152693101,2.466907152693101,2.3844019756964854,2.442155599594116,16200,0.0,0.0
2022-08-09 00:00:00-04:00,2.351399831300595,2.4174041730614895,2.153387199433649,2.227642059326172,18400,0.0,0.0
2022-08-10 00:00:00-04:00,2.2276422102233577,2.3348989531999376,2.169888579389815,2.24414324760437,13300,0.0,0.0
2022-08-11 00:00:00-04:00,2.277145233221397,2.3513998985290527,2.227642123016293,2.3513998985290527,8900,0.0,0.0
2022-08-12 00:00:00-04:00,2.2028906087513067,2.35139994211971,2.2028906087513067,2.343149423599243,11400,0.0,0.0
2022-08-15 00:00:00-04:00,2.3513998985290527,2.3513998985290527,2.252393678118845,2.3513998985290527,8800,0.0,0.0
2022-08-16 00:00:00-04:00,2.351399921214304,2.351399921214304,2.2111411076133556,2.301896810531616,10200,0.0,0.0
2022-08-17 00:00:00-04:00,2.211141066104133,2.2936462490264287,2.211141066104133,2.2193915843963623,2900,0.0,0.0
2022-08-18 00:00:00-04:00,2.178138889545584,2.3101471759552257,2.178138889545584,2.285395622253418,4200,0.0,0.0
2022-08-19 00:00:00-04:00,2.219391479048597,2.326648211756431,2.219391479048597,2.285395622253418,14300,0.0,0.0
2022-08-22 00:00:00-04:00,2.202890715461032,2.2771453857421875,2.202890715461032,2.2771453857421875,600,0.0,0.0
2022-08-23 00:00:00-04:00,2.161637924152503,2.3018969425025726,2.1451368863122466,2.2771453857421875,17900,0.0,0.0
2022-08-24 00:00:00-04:00,2.268894423290315,2.310147009826751,2.153386984280446,2.1781387329101562,22700,0.0,0.0
2022-08-25 00:00:00-04:00,2.2441430522281935,2.26889460614483,2.1863894264227093,2.2358925342559814,8800,0.0,0.0
2022-08-26 00:00:00-04:00,2.2441430522281935,2.2606440881726177,2.2358925342559814,2.2358925342559814,4900,0.0,0.0
2022-08-29 00:00:00-04:00,2.145136681302021,2.227642059326172,2.145136681302021,2.227642059326172,2700,0.0,0.0
2022-08-30 00:00:00-04:00,2.2523937017367004,2.2523937017367004,2.1946400725584936,2.2111411094665527,12000,0.0,0.0
2022-08-31 00:00:00-04:00,2.1533870697021484,2.227641925121163,2.145136552067575,2.1533870697021484,4200,0.0,0.0
2022-09-01 00:00:00-04:00,2.145136552067575,2.2358924427557363,2.112134481529283,2.1533870697021484,30700,0.0,0.0
2022-09-02 00:00:00-04:00,2.095633526479857,2.1451366341822475,2.0213788649262705,2.046130418777466,13800,0.0,0.0
2022-09-06 00:00:00-04:00,1.988377034244964,2.136886375361103,1.815115939568247,1.9471242427825928,39500,0.0,0.0
2022-09-07 00:00:00-04:00,1.8646190353568708,1.988377015139042,1.856368516485252,1.9058716297149658,17500,0.0,0.0
2022-09-08 00:00:00-04:00,1.9883768793701082,1.9966273976783713,1.8151157981887127,1.9306230545043945,16900,0.0,0.0
2022-09-09 00:00:00-04:00,1.9718759687860383,2.0378801194707976,1.9306231779001783,2.004878044128418,8900,0.0,0.0
2022-09-12 00:00:00-04:00,2.04613049440498,2.04613049440498,1.905871487356195,1.9636253118515015,1300,0.0,0.0
2022-09-13 00:00:00-04:00,1.9388733920883177,2.0296292817276353,1.8151156289999584,1.9966272115707397,26600,0.0,0.0
2022-09-14 00:00:00-04:00,1.9718759773958041,2.0131285717538994,1.856368516485252,1.9058716297149658,16000,0.0,0.0
2022-09-15 00:00:00-04:00,1.971875845380777,1.971875845380777,1.740860939025879,1.740860939025879,13100,0.0,0.0
2022-09-16 00:00:00-04:00,1.7491114578186853,1.889370465991874,1.6501052379608154,1.6501052379608154,38300,0.0,0.0
2022-09-19 00:00:00-04:00,1.6913578170603634,1.782113714633461,1.650105225757988,1.7738631963729858,15600,0.0,0.0
2022-09-20 00:00:00-04:00,1.8151157265887778,1.9553745322965317,1.6666062061903497,1.9223724603652954,26800,0.0,0.0
2022-09-21 00:00:00-04:00,1.8398671228490984,1.9058712610546038,1.773862984643593,1.8151155710220337,10700,0.0,0.0
2022-09-22 00:00:00-04:00,1.8233661494247821,1.9058713249475916,1.707858706984994,1.749111294746399,4500,0.0,0.0
2022-09-23 00:00:00-04:00,1.8233662950047436,1.8233662950047436,1.7821137039496777,1.798614740371704,1300,0.0,0.0
2022-09-26 00:00:00-04:00,1.8068652086059687,1.9223724603652954,1.7986146906231597,1.9223724603652954,4700,0.0,0.0
2022-09-27 00:00:00-04:00,1.856368316502823,1.9388734963309135,1.856368316502823,1.9223724603652954,3700,0.0,0.0
2022-09-28 00:00:00-04:00,1.7986147105179817,1.9801263048553805,1.7986147105179817,1.971875786781311,6800,0.0,0.0
2022-09-29 00:00:00-04:00,1.8976211290772131,1.9553747617334893,1.88112009117542,1.9471242427825928,1000,0.0,0.0
2022-09-30 00:00:00-04:00,1.9718755875779357,1.9718755875779357,1.839867115020752,1.839867115020752,5500,0.0,0.0
2022-10-03 00:00:00-04:00,1.7656126770152818,1.9801263483621971,1.6831072977539319,1.9636253118515015,4700,0.0,0.0
2022-10-04 00:00:00-04:00,1.8893704629630794,1.9636253244453192,1.8398673531135017,1.9306230545043945,6200,0.0,0.0
2022-10-05 00:00:00-04:00,1.8976211290772131,1.9553747617334893,1.839867496420937,1.9471242427825928,11200,0.0,0.0
2022-10-06 00:00:00-04:00,1.8316167129062861,1.9718757115200212,1.823366195147117,1.9553744792938232,3700,0.0,0.0
2022-10-07 00:00:00-04:00,1.9553744792938232,1.9553744792938232,1.9553744792938232,1.9553744792938232,0,0.0,0.0
2022-10-10 00:00:00-04:00,1.897621110843347,1.95537474294468,1.8068654032555378,1.9058716297149658,6300,0.0,0.0
2022-10-11 00:00:00-04:00,1.8316167642867918,1.8316167642867918,1.584100929506615,1.617103099822998,64800,0.0,0.0
2022-10-12 00:00:00-04:00,1.683107311246772,1.6913578295682612,1.6088526463533697,1.6501052379608154,7200,0.0,0.0
2022-10-13 00:00:00-04:00,1.6501051717854487,1.732610351691575,1.6006020638417728,1.617103099822998,21100,0.0,0.0
2022-10-14 00:00:00-04:00,1.6088525465697452,1.6088525465697452,1.4190904402369728,1.5510988235473633,14900,0.0,0.0
2022-10-17 00:00:00-04:00,1.5180969070671613,1.6501053038348457,1.427341103553772,1.427341103553772,22600,0.0,0.0
2022-10-18 00:00:00-04:00,1.551098899160197,1.5593494173721711,1.377837820000866,1.4190905094146729,25200,0.0,0.0
2022-10-19 00:00:00-04:00,1.4355914938887007,1.5015957355499268,1.410839940148465,1.5015957355499268,7000,0.0,0.0
2022-10-20 00:00:00-04:00,1.5675999359000996,1.5675999359000996,1.5180968266182764,1.5593494176864624,4700,0.0,0.0
2022-10-21 00:00:00-04:00,1.5510989302137848,1.6253536939620972,1.5510989302137848,1.6253536939620972,5200,0.0,0.0
2022-10-24 00:00:00-04:00,1.6253536614219009,1.6253536614219009,1.4190905094146729,1.4190905094146729,14900,0.0,0.0
2022-10-25 00:00:00-04:00,1.5510987959178888,1.5510987959178888,1.443841967947383,1.4603430032730103,16600,0.0,0.0
2022-10-26 00:00:00-04:00,1.5098463084046392,1.5593494176864624,1.4850946554097924,1.5593494176864624,6200,0.0,0.0
2022-10-27 00:00:00-04:00,1.476844148205874,1.542848392760962,1.4355915568301543,1.485094666481018,23700,0.0,0.0
2022-10-28 00:00:00-04:00,1.476844136898493,1.4850946551104673,1.4025894729907242,1.4190905094146729,35300,0.0,0.0
2022-10-31 00:00:00-04:00,1.4190905671073217,1.4685936783916997,1.336585283279419,1.336585283279419,23700,0.0,0.0
2022-11-01 00:00:00-04:00,1.336585289037399,1.4520926475524902,1.336585289037399,1.4520926475524902,19900,0.0,0.0
2022-11-02 00:00:00-04:00,1.4933450739242649,1.4933450739242649,1.4108398972961287,1.4603430032730103,5900,0.0,0.0
2022-11-03 00:00:00-04:00,1.4603431116555863,1.485094666481018,1.4520925933804423,1.485094666481018,4200,0.0,0.0
2022-11-04 00:00:00-04:00,1.5428483589010609,1.5510988769951362,1.485094633888601,1.5180968046188354,2300,0.0,0.0
2022-11-07 00:00:00-05:00,1.5841008081238046,1.617102975911374,1.534597703973338,1.5675997734069824,12300,0.0,0.0
2022-11-08 00:00:00-05:00,1.608852744102478,1.608852744102478,1.5345979763436401,1.608852744102478,1700,0.0,0.0
2022-11-09 00:00:00-05:00,1.6088526586474512,1.6088526586474512,1.5345978948326928,1.575850486755371,2800,0.0,0.0
2022-11-10 00:00:00-05:00,1.6418547196393263,1.6748567929252829,1.5758504747134765,1.6501052379608154,19000,0.0,0.0
2022-11-11 00:00:00-05:00,1.6501052158655967,1.8563683678487963,1.5923514900345692,1.798614740371704,18500,0.0,0.0
2022-11-14 00:00:00-05:00,1.8398671575221148,1.8398671575221148,1.7491112690713664,1.8316166400909424,5500,0.0,0.0
2022-11-15 00:00:00-05:00,1.8728691919518512,2.0956333551032804,1.7243596842816156,1.8151155710220337,140800,0.0,0.0
2022-11-16 00:00:00-05:00,1.806865239651807,2.0873830525950807,1.806865239651807,2.0378799438476562,38800,0.0,0.0
2022-11-17 00:00:00-05:00,2.0956333530317695,2.0956333530317695,2.029629214891508,2.079132318496704,14500,0.0,0.0
2022-11-18 00:00:00-05:00,1.9801264962674232,1.988377015139042,1.897621110843347,1.9058716297149658,12900,0.0,0.0
2022-11-21 00:00:00-05:00,1.947123903327735,1.947123903327735,1.6501050761688056,1.6583555936813354,35700,0.0,0.0
2022-11-22 00:00:00-05:00,1.6996083353208384,1.8151157876753612,1.6913578170603634,1.7738631963729858,16900,0.0,0.0
2022-11-23 00:00:00-05:00,1.7738632286209635,1.8151158206732911,1.7491114766816918,1.7903642654418945,6100,0.0,0.0
2022-11-25 00:00:00-05:00,1.782113670257587,1.7903641883126185,1.6666062207792804,1.6831072568893433,18600,0.0,0.0
2022-11-28 00:00:00-05:00,1.6831071804304774,1.7738630716209027,1.6748566627502441,1.6748566627502441,9300,0.0,0.0
2022-11-29 00:00:00-05:00,1.6666062012211087,1.7986146852603153,1.6666062012211087,1.7326103448867798,22100,0.0,0.0
2022-11-30 00:00:00-05:00,1.782113501919281,1.815115571022034,1.6831070979031748,1.8151155710220337,42100,0.0,0.0
2022-12-01 00:00:00-05:00,1.8233662950047436,1.8976209589038622,1.7821137039496777,1.798614740371704,8200,0.0,0.0
2022-12-02 00:00:00-05:00,1.8068653008700075,1.881119966506958,1.8068653008700075,1.881119966506958,3400,0.0,0.0
2022-12-05 00:00:00-05:00,1.897621079380883,1.897621079380883,1.856368485706754,1.8893705606460571,23000,0.0,0.0
2022-12-06 00:00:00-05:00,1.8646188974380495,1.8976209704834868,1.831616824392612,1.8646188974380493,6700,0.0,0.0
2022-12-07 00:00:00-05:00,1.8316168574942222,1.8893704863674807,1.7408609582712262,1.7903642654418945,3600,0.0,0.0
2022-12-08 00:00:00-05:00,1.8563684112946413,1.8976210033151693,1.7986147824659018,1.881119966506958,9700,0.0,0.0
2022-12-09 00:00:00-05:00,1.889370286852974,2.054380834345307,1.8316166640784064,1.9966272115707397,32100,0.0,0.0
2022-12-12 00:00:00-05:00,1.9058713727388084,2.0461303713525436,1.7986146418696096,1.9553744792938232,56700,0.0,0.0
2022-12-13 00:00:00-05:00,1.9801262933351296,2.0213788834654727,1.8976209163665771,1.8976209163665771,18000,0.0,0.0
2022-12-14 00:00:00-05:00,1.8068652153015137,1.8068652153015137,1.8068652153015137,1.8068652153015137,300,0.0,0.0
2022-12-15 00:00:00-05:00,1.8068652694148861,1.8068652694148861,1.7326104083627387,1.7738631963729858,4000,0.0,0.0
2022-12-16 00:00:00-05:00,1.773863079316387,2.0461303606531143,1.773863079316387,1.9883767366409302,45600,0.0,0.0
2022-12-19 00:00:00-05:00,1.9718757122974413,2.4421556181712116,1.9718757122974413,2.3926525115966797,78000,0.0,0.0
2022-12-20 00:00:00-05:00,2.3018965664562225,2.8464313163511425,2.277145013739343,2.7804269790649414,182100,0.0,0.0
2022-12-21 00:00:00-05:00,2.780427332353289,2.780427332353289,2.5741641701297673,2.6236674785614014,24000,0.0,0.0
2022-12-22 00:00:00-05:00,2.516410144272467,2.5329111789201932,2.3761513497667925,2.4174039363861084,20200,0.0,0.0
2022-12-23 00:00:00-05:00,2.475157718567899,2.52466082572937,2.4174040935461827,2.52466082572937,7100,0.0,0.0
2022-12-27 00:00:00-05:00,2.4256547785792546,2.5576630734410095,2.4256547785792546,2.491658926010132,26900,0.0,0.0
2022-12-28 00:00:00-05:00,2.4916585869981716,2.615416543300589,2.4504060004666486,2.5576627254486084,18800,0.0,0.0
2022-12-29 00:00:00-05:00,2.499909357727069,2.6071662902898036,2.483408321441705,2.508159875869751,19200,0.0,0.0
2022-12-30 00:00:00-05:00,2.582414825435464,2.5989158622931834,2.491658926010132,2.491658926010132,16000,0.0,0.0
2023-01-03 00:00:00-05:00,2.4751578242976695,2.5411619699990884,2.3679008908249926,2.4586567878723145,29400,0.0,0.0
2023-01-04 00:00:00-05:00,2.442155858213449,2.6319179821089453,2.442155858213449,2.4834084510803223,39100,0.0,0.0
2023-01-05 00:00:00-05:00,2.549412760112936,2.780427491414066,2.549412760112936,2.6401686668395996,13900,0.0,0.0
2023-01-06 00:00:00-05:00,2.640168440253782,3.209454798910367,2.640168440253782,3.151700973510742,121600,0.0,0.0
2023-01-09 00:00:00-05:00,3.168202221889252,3.4239687023086702,3.027943399984028,3.2094550132751465,85400,0.0,0.0
2023-01-10 00:00:00-05:00,3.1269495187353793,3.3414633970351684,2.9949412203452086,3.275459051132202,39500,0.0,0.0
2023-01-11 00:00:00-05:00,3.366214359818698,3.366214359818698,3.201204006265121,3.357964038848877,25000,0.0,0.0
2023-01-12 00:00:00-05:00,3.324961901583055,3.38271532746291,3.1351996053791598,3.316711187362671,51700,0.0,0.0
2023-01-13 00:00:00-05:00,3.2424569129943848,3.4652209121624393,3.2259558760189733,3.2424569129943848,57100,0.0,0.0
2023-01-17 00:00:00-05:00,3.143450389271505,3.217705249884575,2.6484189031544334,3.0279431343078613,47500,0.0,0.0
2023-01-18 00:00:00-05:00,2.9866904809343744,3.0196927519740115,2.805179072109708,2.9041852951049805,25400,0.0,0.0
2023-01-19 00:00:00-05:00,2.986690261619923,3.2589577482799177,2.970189225665725,3.0444440841674805,23900,0.0,0.0
2023-01-20 00:00:00-05:00,3.0361936954870803,3.159951470413805,2.9454377971662753,3.1104483604431152,34200,0.0,0.0
2023-01-23 00:00:00-05:00,3.2012041678270418,3.2012041678270418,3.0114420549554453,3.036193609237671,15700,0.0,0.0
2023-01-24 00:00:00-05:00,2.9454374508626597,3.1847026509644314,2.9289364161458376,3.135199546813965,11700,0.0,0.0
2023-01-25 00:00:00-05:00,3.1434502601623535,3.159951295907993,3.1186987065438934,3.1434502601623535,6800,0.0,0.0
2023-01-26 00:00:00-05:00,3.1682017276705476,3.2012039949727034,3.0774460335362255,3.1599512100219727,19000,0.0,0.0
2023-01-27 00:00:00-05:00,3.159951659737708,3.2424570446732544,3.110448546801111,3.217705488204956,13100,0.0,0.0
2023-01-30 00:00:00-05:00,3.20120425876392,3.20120425876392,3.0609452504724253,3.1104483604431152,14500,0.0,0.0
2023-01-31 00:00:00-05:00,3.06094527128085,3.184703047048885,3.06094527128085,3.151700973510742,6400,0.0,0.0
2023-02-01 00:00:00-05:00,3.2094547329709133,3.4074673668393998,3.1764524634029403,3.399216651916504,54400,0.0,0.0
2023-02-02 00:00:00-05:00,3.382715568630293,3.382715568630293,3.201204170413959,3.2259557247161865,10200,0.0,0.0
2023-02-03 00:00:00-05:00,3.2259558760189733,3.333212616359148,3.2094548390435618,3.2424569129943848,7400,0.0,0.0
2023-02-06 00:00:00-05:00,3.168201784146987,3.168201784146987,2.8051788044305863,3.011441946029663,22800,0.0,0.0
2023-02-07 00:00:00-05:00,2.895934581756592,3.036193584941352,2.895934581756592,2.895934581756592,21400,0.0,0.0
2023-02-08 00:00:00-05:00,2.887683804916322,2.895934322204912,2.483408064359723,2.706172227859497,70500,0.0,0.0
2023-02-09 00:00:00-05:00,2.887684189596621,3.0774463092210294,2.887684189596621,3.0609452724456787,24300,0.0,0.0
2023-02-10 00:00:00-05:00,3.1682021125480664,3.1682021125480664,2.846431688456685,2.854682207107544,36300,0.0,0.0
2023-02-13 00:00:00-05:00,2.970189288338686,2.970189288338686,2.8711830705244017,2.8876841068267822,3900,0.0,0.0
2023-02-14 00:00:00-05:00,2.846431228866524,2.8546817461852387,2.805178642272949,2.805178642272949,2700,0.0,0.0
2023-02-15 00:00:00-05:00,2.7474251015486777,2.8876841068267822,2.7474251015486777,2.8876841068267822,1400,0.0,0.0
2023-02-16 00:00:00-05:00,2.7556756821482113,2.862932617252181,2.74742516381005,2.829930543899536,3300,0.0,0.0
2023-02-17 00:00:00-05:00,2.7474249087757685,2.7804269790649414,2.7226733560588885,2.7804269790649414,1000,0.0,0.0
2023-02-21 00:00:00-05:00,2.524661035997825,2.673170566558838,2.524661035997825,2.673170566558838,9000,0.0,0.0
2023-02-22 00:00:00-05:00,2.739174647831352,2.763926202867156,2.7144230927955477,2.730924129486084,2100,0.0,0.0
2023-02-23 00:00:00-05:00,2.80517899130137,2.80517899130137,2.6896715377597435,2.730924129486084,900,0.0,0.0
2023-02-24 00:00:00-05:00,2.6401686668395996,2.7144233386731407,2.557663279205552,2.6401686668395996,3400,0.0,0.0
2023-02-27 00:00:00-05:00,2.706172613750644,2.8216800689697266,2.706172613750644,2.8216800689697266,7100,0.0,0.0
2023-02-28 00:00:00-05:00,2.7144233386731407,2.846431840862883,2.6401686668395996,2.6401686668395996,7700,0.0,0.0
2023-03-01 00:00:00-05:00,2.780427491414066,2.780427491414066,2.6401686668395996,2.6401686668395996,1600,0.0,0.0
2023-03-02 00:00:00-05:00,2.6401686668395996,2.6401686668395996,2.6401686668395996,2.6401686668395996,300,0.0,0.0
2023-03-03 00:00:00-05:00,2.5329114956520065,2.598915839204376,2.5081599405853208,2.5411620140075684,8500,0.0,0.0
2023-03-06 00:00:00-05:00,2.615417109561753,2.6401686668395996,2.615417109561753,2.6401686668395996,4800,0.0,0.0
2023-03-07 00:00:00-05:00,2.5576627254486084,2.615416543300589,2.5576627254486084,2.5576627254486084,1800,0.0,0.0
2023-03-08 00:00:00-05:00,2.5576627254486084,2.640168095219503,2.5576627254486084,2.5576627254486084,2600,0.0,0.0
2023-03-09 00:00:00-05:00,2.557663050718692,2.598915839204376,2.5411620140075684,2.5411620140075684,9800,0.0,0.0
2023-03-10 00:00:00-05:00,2.5246609809547906,2.5246609809547906,2.3513998985290527,2.3513998985290527,63200,0.0,0.0
2023-03-13 00:00:00-04:00,2.3844017702167934,2.466906940103392,2.1863891657811156,2.1946396827697754,28300,0.0,0.0
2023-03-14 00:00:00-04:00,2.19463996902754,2.4751577799391447,2.19463996902754,2.367900848388672,19900,0.0,0.0
2023-03-15 00:00:00-04:00,2.310147264165038,2.3596503734588623,2.310147264165038,2.3596503734588623,4400,0.0,0.0
2023-03-16 00:00:00-04:00,2.475158009380672,2.475158009380672,2.326648473739624,2.326648473739624,3200,0.0,0.0
2023-03-17 00:00:00-04:00,2.359650201742478,2.450406092217875,2.1863893318226277,2.4009029865264893,15300,0.0,0.0
2023-03-20 00:00:00-04:00,2.442155574602644,2.442155574602644,2.4009029865264893,2.4009029865264893,2700,0.0,0.0
2023-03-21 00:00:00-04:00,2.4256548210666997,2.516410525373821,2.4256548210666997,2.4834084510803223,15500,0.0,0.0
2023-03-22 00:00:00-04:00,2.4256545641947933,2.450406117293778,2.4256545641947933,2.442155599594116,10100,0.0,0.0
2023-03-23 00:00:00-04:00,2.4174040464951316,2.6649197741928363,2.4174040464951316,2.442155599594116,3400,0.0,0.0
2023-03-24 00:00:00-04:00,2.45040604880154,2.4834081186777324,2.409153461456299,2.409153461456299,3100,0.0,0.0
2023-03-27 00:00:00-04:00,2.3348986075270126,2.4339050138634435,2.3266480900579647,2.409153461456299,4700,0.0,0.0
2023-03-28 00:00:00-04:00,2.30189698713275,2.351400101613308,2.202890758171634,2.268894910812378,11900,0.0,0.0
2023-03-29 00:00:00-04:00,2.3596501599341573,2.5164101885539254,2.2688944677746274,2.409153461456299,5600,0.0,0.0
2023-03-30 00:00:00-04:00,2.4586567683705716,2.8051789239701956,2.4586567683705716,2.6979219913482666,33600,0.0,0.0
2023-03-31 00:00:00-04:00,2.8051788055095455,2.8051788055095455,2.5659133959279847,2.5741639137268066,17800,0.0,0.0
2023-04-03 00:00:00-04:00,2.6649197944644634,2.747424972088683,2.3926525115966797,2.3926525115966797,13000,0.0,0.0
2023-04-04 00:00:00-04:00,2.4751579325069475,2.4834084510803223,2.4586568953601984,2.4834084510803223,1100,0.0,0.0
2023-04-05 00:00:00-04:00,2.4339051481113074,2.4751577377319336,2.4339051481113074,2.4751577377319336,700,0.0,0.0
2023-04-06 00:00:00-04:00,2.541161904802562,2.5576629408045632,2.483408278795558,2.5164103507995605,2800,0.0,0.0
2023-04-10 00:00:00-04:00,2.557663279205552,2.722673857765756,2.5411622410203205,2.6401686668395996,15400,0.0,0.0
2023-04-11 00:00:00-04:00,2.673170414436406,2.681420932514289,2.6566693782806396,2.6566693782806396,2100,0.0,0.0
2023-04-12 00:00:00-04:00,2.5659137982981672,2.6484191859322155,2.5659137982981672,2.6401686668395996,4200,0.0,0.0
2023-04-13 00:00:00-04:00,2.5576627850104376,2.6484186742011238,2.491658645022923,2.4999091625213623,9100,0.0,0.0
2023-04-14 00:00:00-04:00,2.5576627926121556,2.6896712696873855,2.5576627926121556,2.5989155769348145,5100,0.0,0.0
2023-04-17 00:00:00-04:00,2.722673629066689,2.871183156967163,2.6566694818699785,2.871183156967163,20700,0.0,0.0
2023-04-18 00:00:00-04:00,2.8876840166635707,2.8876840166635707,2.72267346208408,2.813429355621338,11500,0.0,0.0
2023-04-19 00:00:00-04:00,2.7969286195122147,2.8464317321777344,2.6319180472526,2.8464317321777344,4800,0.0,0.0
2023-04-20 00:00:00-04:00,2.6979220330999585,2.788677930831909,2.689671514825042,2.788677930831909,2500,0.0,0.0
2023-04-21 00:00:00-04:00,2.8381807726616217,2.8381807726616217,2.7309238485009435,2.7391743659973145,3700,0.0,0.0
2023-04-24 00:00:00-04:00,2.7309239486122863,2.7721765376063963,2.5576628781291624,2.5741639137268066,16600,0.0,0.0
2023-04-25 00:00:00-04:00,2.6566691916995633,2.6566691916995633,2.491658645022923,2.4999091625213623,26100,0.0,0.0
2023-04-26 00:00:00-04:00,2.5989160713765216,2.6484191859322155,2.5164106837424733,2.6401686668395996,26800,0.0,0.0
2023-04-27 00:00:00-04:00,2.557662984719368,2.6401683628538475,2.557662984719368,2.607166290283203,13100,0.0,0.0
2023-04-28 00:00:00-04:00,2.6071663714724456,2.953688340963051,2.5989158530728567,2.871183156967163,63300,0.0,0.0
2023-05-01 00:00:00-04:00,3.46522079623524,3.7127367360016463,2.904185164424658,3.0279431343078613,1297900,0.0,0.0
2023-05-02 00:00:00-04:00,2.7061722124080427,2.945437409118862,2.5576627053535232,2.7556753158569336,71900,0.0,0.0
2023-05-03 00:00:00-04:00,2.83818099791964,3.135199848070361,2.730924065246297,2.8876841068267822,62700,0.0,0.0
2023-05-04 00:00:00-04:00,2.8464315131354505,2.8794335857061784,2.508159875869751,2.508159875869751,43700,0.0,0.0
2023-05-05 00:00:00-04:00,2.673170143442116,2.79692809877219,2.5906649710272975,2.7556753158569336,22500,0.0,0.0
2023-05-08 00:00:00-04:00,2.772176569445568,2.9866902313865475,2.6979219084033357,2.813429355621338,19300,0.0,0.0
2023-05-09 00:00:00-04:00,2.7474251842654556,2.937187304163874,2.722673629066689,2.871183156967163,8200,0.0,0.0
2023-05-10 00:00:00-04:00,2.871183179760243,2.871183179760243,2.7474252060760747,2.8216800689697266,18900,0.0,0.0
2023-05-11 00:00:00-04:00,2.862932638567574,2.887684193766341,2.813429528170041,2.871183156967163,4800,0.0,0.0
2023-05-12 00:00:00-04:00,2.8216800039315744,2.838181040481407,2.714423069649791,2.788677930831909,6600,0.0,0.0
2023-05-15 00:00:00-04:00,2.928936446443232,2.970189033662011,2.7969281673431396,2.7969281673431396,12600,0.0,0.0
2023-05-16 00:00:00-04:00,2.755675288588506,2.7969280710955506,2.640168048350748,2.7144227027893066,2900,0.0,0.0
2023-05-17 00:00:00-04:00,2.6649200916290283,2.74742527845338,2.648419054264158,2.6649200916290283,5600,0.0,0.0
2023-05-18 00:00:00-04:00,2.6401681560408607,2.747424883493686,2.6401681560408607,2.7391743659973145,2600,0.0,0.0
2023-05-19 00:00:00-04:00,2.6979219452764434,2.7061724632827864,2.6071662472066697,2.6154167652130127,13500,0.0,0.0
2023-05-22 00:00:00-04:00,2.6071663336204165,2.7639261809366933,2.6071663336204165,2.689671516418457,44600,0.0,0.0
2023-05-23 00:00:00-04:00,2.7226732199491464,2.763925805748346,2.532911128564984,2.7144227027893066,36800,0.0,0.0
2023-05-24 00:00:00-04:00,2.640168095219503,2.640168095219503,2.5329111735296945,2.5576627254486084,57500,0.0,0.0
2023-05-25 00:00:00-04:00,3.085696717196281,3.283709348123075,2.582414720140775,2.9371871948242188,2581100,0.0,0.0
2023-05-26 00:00:00-04:00,2.6484187563485446,2.838180861406456,2.6484187563485446,2.7226734161376953,114200,0.0,0.0
2023-05-30 00:00:00-04:00,2.739174584686834,3.151700885856267,2.681420957601316,2.9784398078918457,127000,0.0,0.0
2023-05-31 00:00:00-04:00,2.9701891715850586,2.9701891715850586,2.7639260292053223,2.7639260292053223,84800,0.0,0.0
2023-06-01 00:00:00-04:00,2.7639261391520553,3.05269466799538,2.7639261391520553,2.9784398078918457,62100,0.0,0.0
2023-06-02 00:00:00-04:00,3.060944915908362,3.176452159881592,3.003191293921747,3.176452159881592,116900,0.0,0.0
2023-06-05 00:00:00-04:00,3.1764525286643495,3.201204280525831,3.06094527128085,3.151700973510742,87100,0.0,0.0
2023-06-06 00:00:00-04:00,3.077446142423156,3.3744651816967584,3.0691956244826595,3.2837092876434326,92700,0.0,0.0
2023-06-07 00:00:00-04:00,3.2094544262960807,3.3002101179893324,3.176452159881592,3.176452159881592,40000,0.0,0.0
2023-06-08 00:00:00-04:00,3.3167113398571315,3.3414630902406013,3.201204089370966,3.333212375640869,23700,0.0,0.0
2023-06-09 00:00:00-04:00,3.1929534379151603,3.3744652285415846,3.1929534379151603,3.3662145137786865,39700,0.0,0.0
2023-06-12 00:00:00-04:00,3.3414631099347725,3.415717574691377,3.2094546261789643,3.2837092876434326,29600,0.0,0.0
2023-06-13 00:00:00-04:00,3.2837093136814266,3.415717601776123,3.2837093136814266,3.415717601776123,34400,0.0,0.0
2023-06-14 00:00:00-04:00,3.3827156956168665,3.6384819630491725,3.3827156956168665,3.580728530883789,124500,0.0,0.0
2023-06-15 00:00:00-04:00,3.5064736926035187,3.5724778403413,3.4239685079312925,3.522974729537964,51900,0.0,0.0
2023-06-16 00:00:00-04:00,3.456970541878025,3.456970541878025,3.3167115328471177,3.4322187900543213,66400,0.0,0.0
2023-06-20 00:00:00-04:00,3.3744652740693777,3.638481855392456,3.3744652740693777,3.638481855392456,39600,0.0,0.0
2023-06-21 00:00:00-04:00,3.456970198439248,3.671483654798552,3.399216378865426,3.498222589492798,57700,0.0,0.0
2023-06-22 00:00:00-04:00,3.4569706939260247,3.7787411212921143,3.4569706939260247,3.7787411212921143,50800,0.0,0.0
2023-06-23 00:00:00-04:00,3.7787406081040844,3.9850037451701654,3.630231291046163,3.8859975337982178,47700,0.0,0.0
2023-06-26 00:00:00-04:00,3.819993495941162,3.918999709984146,3.6962355316795708,3.819993495941162,84000,0.0,0.0
2023-06-27 00:00:00-04:00,3.745738724576743,3.91899979983205,3.6384817935299845,3.7952418327331543,42600,0.0,0.0
2023-06-28 00:00:00-04:00,3.8694969567812385,3.8694969567812385,3.6632337952902283,3.7539896965026855,18900,0.0,0.0
2023-06-29 00:00:00-04:00,3.7622393310807793,3.861245536089716,3.638481378111765,3.6467320919036865,48700,0.0,0.0
2023-06-30 00:00:00-04:00,3.630231620604034,3.7869916662150533,3.5064736484463093,3.621980905532837,133300,0.0,0.0
2023-07-03 00:00:00-04:00,3.5889782756072965,3.7127362285763112,3.5889782756072965,3.6467320919036865,17200,0.0,0.0
2023-07-05 00:00:00-04:00,3.6467325026565565,3.795241826897438,3.5889786798550145,3.6137304306030273,12100,0.0,0.0
2023-07-06 00:00:00-04:00,3.6302314193386023,3.6962355625858216,3.5064734540422027,3.5312252044677734,47900,0.0,0.0
2023-07-07 00:00:00-04:00,3.465220863542094,3.5477264406772737,3.374465358158594,3.4322187900543213,28800,0.0,0.0
2023-07-10 00:00:00-04:00,3.5889785853129292,3.5889785853129292,3.3909661582078647,3.440469264984131,12100,0.0,0.0
2023-07-11 00:00:00-04:00,3.5642274094590194,3.6302315551760076,3.4817218338970433,3.5889787673950195,7200,0.0,0.0
2023-07-12 00:00:00-04:00,3.5559764235954647,3.6879847049713135,3.539475388423484,3.6879847049713135,7700,0.0,0.0
2023-07-13 00:00:00-04:00,3.6879848960156023,3.8777470070312607,3.5559766078014854,3.6137304306030273,36100,0.0,0.0
2023-07-14 00:00:00-04:00,3.6302317459708777,3.712736932453356,3.481722016886656,3.6962358951568604,24100,0.0,0.0
2023-07-17 00:00:00-04:00,3.613730107492691,3.7127363148009493,3.613730107492691,3.6302311420440674,7000,0.0,0.0
2023-07-18 00:00:00-04:00,3.671483516093073,3.7127362990038377,3.6384814471307387,3.679734230041504,12900,0.0,0.0
2023-07-19 00:00:00-04:00,3.6797346429320568,3.7952418972609037,3.506473564730917,3.638481855392456,38600,0.0,0.0
2023-07-20 00:00:00-04:00,3.671483928057841,3.696235679264749,3.547726352270517,3.638481855392456,12300,0.0,0.0
2023-07-21 00:00:00-04:00,3.7127367155974413,3.7127367155974413,3.56422738860321,3.638481855392456,2600,0.0,0.0
2023-07-24 00:00:00-04:00,3.6384817498336397,3.7044858932495117,3.531225213490711,3.7044858932495117,9600,0.0,0.0
2023-07-25 00:00:00-04:00,3.753989523460529,3.803492632726608,3.572477729402498,3.597229480743408,6800,0.0,0.0
2023-07-26 00:00:00-04:00,3.6467327832673733,3.69623589515686,3.5972296713778866,3.6962358951568604,2600,0.0,0.0
2023-07-27 00:00:00-04:00,3.6467327832673733,3.69623589515686,3.588978956021758,3.6962358951568604,4800,0.0,0.0
2023-07-28 00:00:00-04:00,3.679734957484028,3.836495012752675,3.6632339197407897,3.8117432594299316,33400,0.0,0.0
2023-07-31 00:00:00-04:00,3.8117431154190853,4.125263214111328,3.7952420782992706,4.125263214111328,114400,0.0,0.0
2023-08-01 00:00:00-04:00,4.125263041124677,4.125263041124677,3.9024988526405746,3.968502998352051,15400,0.0,0.0
2023-08-02 00:00:00-04:00,3.9685030852817547,4.084010342807014,3.869496864545818,3.9520020484924316,28000,0.0,0.0
2023-08-03 00:00:00-04:00,4.009755525922239,4.0427575966363545,3.894247885007118,4.026256561279297,36500,0.0,0.0
2023-08-04 00:00:00-04:00,4.018006040984983,4.100511221755733,3.836494643289334,3.9355008602142334,19200,0.0,0.0
2023-08-07 00:00:00-04:00,3.7952422581544263,4.067509580241903,3.7952422581544263,3.8942484855651855,37200,0.0,0.0
2023-08-08 00:00:00-04:00,3.9520020484924316,3.9520020484924316,3.8777471862326043,3.9520020484924316,2400,0.0,0.0
2023-08-09 00:00:00-04:00,4.03450705072731,4.03450705072731,3.795241831350614,3.803492546081543,11700,0.0,0.0
2023-08-10 00:00:00-04:00,3.869496691675638,3.8777470129938405,3.7209873672064027,3.7952418327331543,44000,0.0,0.0
2023-08-11 00:00:00-04:00,3.8529956496989795,3.8529956496989795,3.547726286495969,3.6137304306030273,5800,0.0,0.0
2023-08-14 00:00:00-04:00,3.5064733884848676,3.6054796015046677,3.465220603018758,3.4899723529815674,23800,0.0,0.0
2023-08-15 00:00:00-04:00,3.489972547377026,3.6549829116012917,3.3827156139233825,3.4074673652648926,22400,0.0,0.0
2023-08-16 00:00:00-04:00,3.39096635183643,3.481721856067314,3.2177052715182057,3.258957862854004,19500,0.0,0.0
2023-08-17 00:00:00-04:00,3.1847031918966238,3.407467591826681,2.912435876115719,3.2672085762023926,10200,0.0,0.0
2023-08-18 00:00:00-04:00,3.159951098889198,3.1764521336060203,3.135199546813965,3.135199546813965,2200,0.0,0.0
2023-08-21 00:00:00-04:00,3.0279431350229156,3.168201944654748,3.0279431350229156,3.118698835372925,12700,0.0,0.0
2023-08-22 00:00:00-04:00,3.126949269060167,3.2754587895990595,3.0939471970977164,3.234206199645996,7700,0.0,0.0
2023-08-23 00:00:00-04:00,3.225955560296987,3.3579640398885795,3.20945452493652,3.3497133255004883,10500,0.0,0.0
2023-08-24 00:00:00-04:00,3.1929532806162717,3.2919596891070255,3.1434501747248236,3.1599512100219727,7100,0.0,0.0
2023-08-25 00:00:00-04:00,3.102197597425117,3.357964038848877,3.102197597425117,3.357964038848877,7600,0.0,0.0
2023-08-28 00:00:00-04:00,3.4404690479953914,3.6632332111468204,3.4239680134440147,3.6302311420440674,51700,0.0,0.0
2023-08-29 00:00:00-04:00,3.8612457709849703,3.8612457709849703,3.564227137889311,3.6879847049713135,15300,0.0,0.0
2023-08-30 00:00:00-04:00,3.5889788714994464,3.7127368450164795,3.5147244021218285,3.7127368450164795,21300,0.0,0.0
2023-08-31 00:00:00-04:00,3.696235721434523,3.696235721434523,3.456970495172874,3.5477263927459717,63500,0.0,0.0
2023-09-01 00:00:00-04:00,3.4982224722173605,3.687984566266037,3.432218334011855,3.6302311420440674,46900,0.0,0.0
2023-09-05 00:00:00-04:00,3.671483969945226,3.671483969945226,3.399216670641677,3.5477263927459717,77400,0.0,0.0
2023-09-06 00:00:00-04:00,3.6219809280227193,3.6219809280227193,3.390966412415231,3.5724778175354004,34900,0.0,0.0
2023-09-07 00:00:00-04:00,3.588979030736192,3.588979030736192,3.448720014088223,3.539475917816162,39500,0.0,0.0
2023-09-08 00:00:00-04:00,3.465220903559529,3.5312254447130633,3.4157177927561935,3.522974729537964,11000,0.0,0.0
2023-09-11 00:00:00-04:00,3.514724114043187,3.6879847906671013,3.514724114043187,3.6714837551116943,77800,0.0,0.0
2023-09-12 00:00:00-04:00,3.4982224722173605,3.6714835317146606,3.4982224722173605,3.6302311420440674,11700,0.0,0.0
2023-09-13 00:00:00-04:00,3.5229745555983722,3.6302314870845533,3.5229745555983722,3.564227342605591,13500,0.0,0.0
2023-09-14 00:00:00-04:00,3.547725969287186,3.7292373493523256,3.547725969287186,3.6302311420440674,46200,0.0,0.0
2023-09-15 00:00:00-04:00,3.5889783589577786,3.654982497163284,3.4404690479953914,3.6302311420440674,47400,0.0,0.0
2023-09-18 00:00:00-04:00,3.6130673072771473,3.707470604805845,3.570156605884073,3.5873208045959473,6900,0.17,0.0
2023-09-19 00:00:00-04:00,3.6903064060939705,3.6903064060939705,3.570156605884073,3.5873208045959473,7300,0.0,0.0
2023-09-20 00:00:00-04:00,3.5444105124296503,3.595903108565273,3.3556041219856443,3.5873208045959473,24500,0.0,0.0
2023-09-21 00:00:00-04:00,3.492918084204711,3.664560079574585,3.398514782137882,3.664560079574585,5800,0.0,0.0
2023-09-22 00:00:00-04:00,3.690306614374976,3.733216908963131,3.5186642083419533,3.6817243099212646,21300,0.0,0.0
2023-09-25 00:00:00-04:00,3.595903304507887,3.655978207886348,3.527246505919246,3.5444107055664062,9700,0.0,0.0
2023-09-26 00:00:00-04:00,3.4671713205512136,3.5959030120483995,3.4671713205512136,3.535828113555908,9100,0.0,0.0
2023-09-27 00:00:00-04:00,3.5186640406300467,3.604485034942627,3.5186640406300467,3.604485034942627,17600,0.0,0.0
2023-09-28 00:00:00-04:00,3.5873210000709075,3.621649399365228,3.5100823062720856,3.5444107055664062,20700,0.0,0.0
2023-09-29 00:00:00-04:00,3.518663900931616,3.5615746009976506,3.347021919121006,3.5100820064544678,18700,0.0,0.0
2023-10-02 00:00:00-04:00,3.510081996922227,3.510081996922227,3.261200714745959,3.286947011947632,13700,0.0,0.0
2023-10-03 00:00:00-04:00,3.2612010750723677,3.3641864798711816,3.2612010750723677,3.338440179824829,3100,0.0,0.0
2023-10-04 00:00:00-04:00,3.2955290224687643,3.3041111213054,3.0037374574097733,3.115304946899414,30400,0.0,0.0
2023-10-05 00:00:00-04:00,3.1067229123132205,3.132469415664673,3.089558713154515,3.132469415664673,2000,0.0,0.0
2023-10-06 00:00:00-04:00,3.235454575014595,3.312693470378848,3.1496335801654247,3.2440366744995117,2700,0.0,0.0
2023-10-09 00:00:00-04:00,3.3041114263223696,3.3041114263223696,2.9264988380379524,3.0294840335845947,44300,0.0,0.0
2023-10-10 00:00:00-04:00,3.020901931517188,3.1753799293258496,3.020901931517188,3.1410515308380127,1500,0.0,0.0
2023-10-11 00:00:00-04:00,3.0723945894369877,3.2011262909016183,3.055230389856823,3.175379991531372,2400,0.0,0.0
2023-10-12 00:00:00-04:00,3.1582155227661133,3.1925439190005194,3.038065931332309,3.1582155227661133,3700,0.0,0.0
2023-10-13 00:00:00-04:00,3.029483811340056,3.1496334019436296,3.012319613341457,3.0380659103393555,2900,0.0,0.0
2023-10-16 00:00:00-04:00,3.106722723801122,3.183961819941918,3.0123196341565044,3.1582155227661133,17300,0.0,0.0
2023-10-17 00:00:00-04:00,3.1238871265317067,3.183961819941918,3.080976426625317,3.1582155227661133,4000,0.0,0.0
2023-10-18 00:00:00-04:00,3.166797650095347,3.2182902449066413,3.063812255859375,3.063812255859375,4100,0.0,0.0
2023-10-19 00:00:00-04:00,3.098140603334452,3.2182901939380257,3.029483811340056,3.0380659103393555,9900,0.0,0.0
2023-10-20 00:00:00-04:00,3.1324694925809613,3.175379991531372,3.0723945894369877,3.175379991531372,7200,0.0,0.0
2023-10-23 00:00:00-04:00,3.218290574995114,3.34702227984028,3.0895588701499475,3.338440179824829,14300,0.0,0.0
2023-10-24 00:00:00-04:00,3.1324693507366836,3.2354545435543,3.1324693507366836,3.226872444152832,2900,0.0,0.0
2023-10-25 00:00:00-04:00,3.1067226718298904,3.3727681474227253,3.1067226718298904,3.3641860485076904,8500,0.0,0.0
2023-10-26 00:00:00-04:00,3.261200750051922,3.4156787395477295,3.261200750051922,3.4156787395477295,3800,0.0,0.0
2023-10-27 00:00:00-04:00,3.432842878413911,3.561574568199785,3.3899323833564132,3.492917776107788,18600,0.0,0.0
2023-10-30 00:00:00-04:00,3.5100821321909295,3.5100821321909295,3.4671714305877686,3.4671714305877686,7800,0.0,0.0
2023-10-31 00:00:00-04:00,3.475753702812886,3.492917901451826,3.3985146043242698,3.450007200241089,12100,0.0,0.0
2023-11-01 00:00:00-04:00,3.3985147320883953,3.4500073299410325,3.389932632446289,3.389932632446289,8700,0.0,0.0
2023-11-02 00:00:00-04:00,3.4414253549476217,3.4671714486623104,3.407096752563458,3.458589553833008,1400,0.0,0.0
2023-11-03 00:00:00-04:00,3.4757539369375374,3.561574935913086,3.4671716324265813,3.561574935913086,5000,0.0,0.0
2023-11-06 00:00:00-05:00,3.5186640903863573,3.5615747927628245,3.501499891281128,3.501499891281128,2900,0.0,0.0
2023-11-07 00:00:00-05:00,3.578738909853399,3.6388134007315704,3.5272463137177756,3.5873208045959473,3000,0.0,0.0
2023-11-08 00:00:00-05:00,3.604485212079899,3.621649411785925,3.518664213549768,3.5701568126678467,15900,0.0,0.0
2023-11-09 00:00:00-05:00,3.5701568311972394,3.5701568311972394,3.5272465363228664,3.561574935913086,1200,0.0,0.0
2023-11-10 00:00:00-05:00,3.6044851461345067,3.6473958492279053,3.552992547958504,3.6473958492279053,4200,0.0,0.0
2023-11-13 00:00:00-05:00,3.6388132125224812,3.947769182582972,3.5701564212260957,3.9391872882843018,21400,0.0,0.0
2023-11-14 00:00:00-05:00,3.9048593149961532,4.0078445130798865,3.664560110240642,3.6817243099212646,14800,0.0,0.0
2023-11-15 00:00:00-05:00,3.6473955735321875,3.6988881678160186,3.286947004318607,3.5186638832092285,31900,0.0,0.0
2023-11-16 00:00:00-05:00,3.5100821000907656,3.5100821000907656,3.450007200241089,3.450007200241089,3100,0.0,0.0
2023-11-17 00:00:00-05:00,3.47575353509438,3.60448481406126,3.4328428359542498,3.595902919769287,8500,0.0,0.0
2023-11-20 00:00:00-05:00,3.604484748620891,3.810455527836605,3.604484748620891,3.7932913303375244,9700,0.0,0.0
2023-11-21 00:00:00-05:00,3.7847094977621167,3.9134411996317855,3.7847094977621167,3.9048593044281006,9200,0.0,0.0
2023-11-22 00:00:00-05:00,3.767545223236084,3.810455926081921,3.6216493246323878,3.767545223236084,17800,0.0,0.0
2023-11-24 00:00:00-05:00,3.8619483799291228,3.8619483799291228,3.6473956921552824,3.673142194747925,5800,0.0,0.0
2023-11-27 00:00:00-05:00,3.690306470563011,3.690306470563011,3.6216492652893066,3.6216492652893066,3600,0.0,0.0
2023-11-28 00:00:00-05:00,3.6559780586023916,3.7246348543875816,3.621649251483014,3.707470655441284,9300,0.0,0.0
2023-11-29 00:00:00-05:00,3.6302316805006103,3.7332168777225347,3.621649376118718,3.664560079574585,18900,0.0,0.0
2023-11-30 00:00:00-05:00,3.655978027494106,3.707470623894854,3.655978027494106,3.6903064250946045,4100,0.0,0.0
2023-12-01 00:00:00-05:00,3.716052532196045,3.716052532196045,3.604485034975289,3.716052532196045,7700,0.0,0.0
2023-12-04 00:00:00-05:00,3.6388135386967706,3.6388135386967706,3.3727684485756497,3.398514747619629,28300,0.0,0.0
2023-12-05 00:00:00-05:00,3.3727683220622566,3.4156788188593055,3.2011261302606724,3.218290328979492,15700,0.0,0.0
2023-12-06 00:00:00-05:00,3.226872590271865,3.432843189847235,3.175379991531372,3.175379991531372,7500,0.0,0.0
2023-12-07 00:00:00-05:00,3.2097079200278698,3.3126931024073563,3.192543722964622,3.3041110038757324,18000,0.0,0.0
2023-12-08 00:00:00-05:00,3.235454667429212,3.3384400688031906,3.235454667429212,3.295529365539551,12000,0.0,0.0
2023-12-11 00:00:00-05:00,3.2783650244953604,3.321275521292409,3.209708229620082,3.218290328979492,21100,0.0,0.0
2023-12-12 00:00:00-05:00,3.1067230088352455,3.355604313595697,3.072394609451294,3.072394609451294,27000,0.0,0.0
2023-12-13 00:00:00-05:00,3.0723941821767013,3.2097079652298275,3.046647886219248,3.0981404781341553,16000,0.0,0.0
2023-12-14 00:00:00-05:00,3.1667977172205197,3.2097082138061523,3.14105141926914,3.2097082138061523,12500,0.0,0.0
2023-12-15 00:00:00-05:00,3.269782977043081,3.4156788730825025,2.986573489073278,3.003737688064575,51900,0.0,0.0
2023-12-18 00:00:00-05:00,3.0895584457761305,3.2955290224687643,3.046647951592952,3.115304946899414,11300,0.0,0.0
2023-12-19 00:00:00-05:00,3.201126243997354,3.329857943575753,3.1496336460113525,3.1496336460113525,17500,0.0,0.0
2023-12-20 00:00:00-05:00,3.149633534104214,3.261200825776541,3.141051434744804,3.218290328979492,8300,0.0,0.0
2023-12-21 00:00:00-05:00,3.25261867808262,3.261200777314498,3.1839618842275943,3.1925439834594727,4000,0.0,0.0
2023-12-22 00:00:00-05:00,3.201126306367805,3.304111504346362,3.183962106704712,3.183962106704712,4700,0.0,0.0
2023-12-26 00:00:00-05:00,3.1839619158547725,3.3041113062945446,3.1667977172205197,3.2097082138061523,9400,0.0,0.0
2023-12-27 00:00:00-05:00,3.226872574596784,3.2354546743451773,3.1153052778676735,3.1667978763580322,9700,0.0,0.0
2023-12-28 00:00:00-05:00,3.1153052778676735,3.2526188738419637,3.1153052778676735,3.1667978763580322,7900,0.0,0.0
2023-12-29 00:00:00-05:00,3.1324694312160535,3.2268725270576053,3.1324694312160535,3.1410515308380127,7300,0.0,0.0
2024-01-02 00:00:00-05:00,3.2011263974419,3.278365298123314,3.158215897063337,3.235454797744751,2600,0.0,0.0
2024-01-03 00:00:00-05:00,3.235454619413878,3.5615748135427685,3.20112622100313,3.381350517272949,44000,0.0,0.0
2024-01-04 00:00:00-05:00,3.4328431812118567,3.664560079574585,3.4328431812118567,3.664560079574585,17300,0.0,0.0
2024-01-05 00:00:00-05:00,3.5358282262324305,3.6903064246425292,3.527246331446747,3.5787389278411865,10500,0.0,0.0
2024-01-08 00:00:00-05:00,3.5014998588589323,3.733216749247339,3.5014998588589323,3.707470655441284,16100,0.0,0.0
2024-01-09 00:00:00-05:00,3.724634803517719,3.724634803517719,3.5186640097484503,3.5873208045959473,15600,0.0,0.0
2024-01-10 00:00:00-05:00,3.5358282262324305,3.5787389278411865,3.518664027434284,3.5787389278411865,9100,0.0,0.0
2024-01-11 00:00:00-05:00,3.5186640406300467,3.604485034942627,3.441425350362114,3.604485034942627,7100,0.0,0.0
2024-01-12 00:00:00-05:00,3.6130673885345463,3.647395786730336,3.5615747912408615,3.613067388534546,5500,0.0,0.0
2024-01-16 00:00:00-05:00,3.6044849879915466,3.6044849879915466,3.3470220084074507,3.450007200241089,29100,0.0,0.0
2024-01-17 00:00:00-05:00,3.4500073613947144,3.4500073613947144,3.2612009629336356,3.4070968627929688,5600,0.0,0.0
2024-01-18 00:00:00-05:00,3.3556042644708737,3.475753865169159,3.2869472620946834,3.4070968627929688,6700,0.0,0.0
2024-01-19 00:00:00-05:00,3.467171592128687,3.467171592128687,3.4242610931396484,3.4242610931396484,600,0.0,0.0
2024-01-22 00:00:00-05:00,3.347021919121006,3.5100820064544678,3.3041112190549717,3.5100820064544678,9600,0.0,0.0
2024-01-23 00:00:00-05:00,3.441425213730224,3.5100820064544678,3.441425213730224,3.5100820064544678,1600,0.0,0.0
2024-01-24 00:00:00-05:00,3.5186638832092285,3.5701564774930596,3.5100819887753043,3.5186638832092285,16200,0.0,0.0
2024-01-25 00:00:00-05:00,3.475753896539894,3.475753896539894,3.415678993341841,3.4242610931396484,6100,0.0,0.0
2024-01-26 00:00:00-05:00,3.432842969894409,3.432842969894409,3.3470219774924033,3.432842969894409,7200,0.0,0.0
2024-01-29 00:00:00-05:00,3.4328431929374563,3.4328431929374563,3.3212756909525574,3.4242610931396484,3100,0.0,0.0
2024-01-30 00:00:00-05:00,3.4328431929374563,3.4328431929374563,3.3727684943528025,3.4242610931396484,1000,0.0,0.0
2024-01-31 00:00:00-05:00,3.364186255465566,3.4242609515664824,3.34702205657959,3.34702205657959,1500,0.0,0.0
2024-02-01 00:00:00-05:00,3.415678752389851,3.415678752389851,3.3126933574676514,3.3126933574676514,1200,0.0,0.0
2024-02-02 00:00:00-05:00,3.347021701147221,3.4070963908685883,3.3041110038757324,3.3041110038757324,4000,0.0,0.0
2024-02-05 00:00:00-05:00,3.34702214953167,3.432843146344935,3.34702214953167,3.398514747619629,5300,0.0,0.0
2024-02-06 00:00:00-05:00,3.432842969894409,3.475753670708798,3.3899324736934062,3.432842969894409,13400,0.0,0.0
2024-02-07 00:00:00-05:00,3.3556041717529297,3.407096768652244,3.3126934697234427,3.3556041717529297,7800,0.0,0.0
2024-02-08 00:00:00-05:00,3.398514572933607,3.432842969894409,3.3041112766780145,3.432842969894409,12500,0.0,0.0
2024-02-09 00:00:00-05:00,3.3641863025365426,3.432843099041078,3.3470221034104086,3.3727684020996094,4900,0.0,0.0
2024-02-12 00:00:00-05:00,3.372768275213005,3.432842969894409,3.372768275213005,3.432842969894409,5600,0.0,0.0
2024-02-13 00:00:00-05:00,3.4242610931396484,3.4242610931396484,3.4242610931396484,3.4242610931396484,600,0.0,0.0
2024-02-14 00:00:00-05:00,3.3985147937462257,3.4328431929374563,3.389932693948418,3.4242610931396484,8700,0.0,0.0
2024-02-15 00:00:00-05:00,3.432842969894409,3.432842969894409,3.4070966721738074,3.432842969894409,4600,0.0,0.0
2024-02-16 00:00:00-05:00,3.432842878413911,3.5014996705059076,3.4242607794024114,3.492917776107788,17900,0.0,0.0
2024-02-20 00:00:00-05:00,3.5186642318119103,3.561574935913086,3.3470222338608133,3.561574935913086,35200,0.0,0.0
2024-02-21 00:00:00-05:00,3.450007108207372,3.5529922972937378,3.450007108207372,3.5100820064544678,5700,0.0,0.0
2024-02-22 00:00:00-05:00,3.561574647719085,3.561574647719085,3.4414252588755145,3.552992343902588,4100,0.0,0.0
2024-02-23 00:00:00-05:00,3.561574647719085,3.587320740715036,3.518663947090139,3.552992343902588,6400,0.0,0.0
2024-02-26 00:00:00-05:00,3.501499891281128,3.5529924885968165,3.501499891281128,3.501499891281128,19400,0.0,0.0
2024-02-27 00:00:00-05:00,3.4757539369375374,3.561574935913086,3.4757539369375374,3.561574935913086,9600,0.0,0.0
2024-02-28 00:00:00-05:00,3.484335802187945,3.5444107055664062,3.484335802187945,3.5444107055664062,9100,0.0,0.0
2024-02-29 00:00:00-05:00,3.4328428927361765,3.5529922793984494,3.4328428927361765,3.5186638832092285,12000,0.0,0.0
2024-03-01 00:00:00-05:00,3.5186641491745028,3.655978153537302,3.5186641491745028,3.6473958492279053,49700,0.0,0.0
2024-03-04 00:00:00-05:00,3.6473957230337732,3.6473957230337732,3.552992425030577,3.5787389278411865,14100,0.0,0.0
2024-03-05 00:00:00-05:00,3.518663933018971,3.587320726369309,3.355604048811918,3.5272462368011475,23700,0.0,0.0
2024-03-06 00:00:00-05:00,3.5787387687085634,3.6731420625140108,3.5272461746037993,3.6388132572174072,53300,0.0,0.0
2024-03-07 00:00:00-05:00,3.673142289990571,3.673142289990571,3.587320885274311,3.613067388534546,7200,0.0,0.0
2024-03-08 00:00:00-05:00,3.587320836080111,3.673142239619472,3.527246344674695,3.604485034942627,26900,0.0,0.0
2024-03-11 00:00:00-04:00,3.4929179773147236,3.6645599674320235,3.3899325786309515,3.6216492652893066,84100,0.0,0.0
2024-03-12 00:00:00-04:00,3.6302313153906893,3.6731420145308196,3.5615745241478853,3.595902919769287,32200,0.0,0.0
2024-03-13 00:00:00-04:00,3.6044852366284608,3.7160527400908685,3.6044852366284608,3.6988885402679443,48400,0.0,0.0
2024-03-14 00:00:00-04:00,3.655978153537302,3.6988884474039074,3.587320946742506,3.6473958492279053,7000,0.0,0.0
2024-03-15 00:00:00-04:00,3.647395422676941,3.6903061207520738,3.647395422676941,3.655977725982666,5100,0.0,0.0
2024-03-18 00:00:00-04:00,3.673141994104152,3.8791123666871448,3.673141994104152,3.8362016677856445,33800,0.0,0.0
2024-03-19 00:00:00-04:00,3.853365816970932,3.9220230161940024,3.7932913303375244,3.7932913303375244,20300,0.0,0.0
2024-03-20 00:00:00-04:00,3.7932916953799345,3.8619484919833527,3.741799097927371,3.7503809928894043,17400,0.0,0.0
2024-03-21 00:00:00-04:00,3.8018736530165733,3.8018736530165733,3.7503810547151444,3.7847094535827637,120600,0.0,0.0
2024-03-22 00:00:00-04:00,3.741799203290093,3.9735161029647776,3.741799203290093,3.9048593044281006,27800,0.0,0.0
2024-03-25 00:00:00-04:00,3.904859002056252,4.025008390191697,3.8362017996092304,4.016426086425781,16700,0.0,0.0
2024-03-26 00:00:00-04:00,3.982097850935486,4.007844354048196,3.904859160050926,3.9563517570495605,32200,0.0,0.0
2024-03-27 00:00:00-04:00,3.6473958579237475,3.6473958579237475,3.0123198650654297,3.0466482639312744,210700,0.0,0.0
2024-03-28 00:00:00-04:00,3.055230177082229,3.381350355620246,2.9865733835430195,3.3126933574676514,86600,0.0,0.0
2024-04-01 00:00:00-04:00,3.381350532804183,3.424261031014714,3.2440367339170875,3.389932632446289,16700,0.0,0.0
2024-04-02 00:00:00-04:00,3.312693564999648,3.389932667183481,3.261200966619357,3.295529365539551,10200,0.0,0.0
2024-04-03 00:00:00-04:00,3.278365135192871,3.3384400373506216,3.1410515408057744,3.278365135192871,17600,0.0,0.0
2024-04-04 00:00:00-04:00,3.2869472658095025,3.312693564999648,3.2869472658095025,3.295529365539551,2600,0.0,0.0
2024-04-05 00:00:00-04:00,3.295529111014856,3.3041112100820804,3.1925439222081646,3.286947011947632,7000,0.0,0.0
2024-04-08 00:00:00-04:00,3.20970835001705,3.724634944736828,3.2011262503357236,3.398514747619629,31600,0.0,0.0
2024-04-09 00:00:00-04:00,3.2440364685474705,3.3384397615016286,3.1667975780868325,3.2612006664276123,36000,0.0,0.0
2024-04-10 00:00:00-04:00,3.192543874907045,3.286946963247825,3.192543874907045,3.2612006664276123,2900,0.0,0.0
2024-04-11 00:00:00-04:00,3.2783650717905664,3.3641862712361488,3.2783650717905664,3.3556041717529297,13600,0.0,0.0
2024-04-12 00:00:00-04:00,3.34702184373728,3.484335426093105,3.192543858973599,3.2526185512542725,5500,0.0,0.0
2024-04-15 00:00:00-04:00,3.3212754441728647,3.424260838707864,3.286947047532326,3.4156787395477295,5400,0.0,0.0
2024-04-16 00:00:00-04:00,3.3384400373506216,3.347022136999815,3.1753799394025486,3.278365135192871,13700,0.0,0.0
2024-04-17 00:00:00-04:00,3.2955290457404676,3.2955290457404676,3.2526185512542725,3.2526185512542725,1000,0.0,0.0
2024-04-18 00:00:00-04:00,3.2869471719240972,3.304111370893931,3.209708276559844,3.2440366744995117,4900,0.0,0.0
2024-04-19 00:00:00-04:00,3.1839619781050925,3.2440366744995117,3.1839619781050925,3.2440366744995117,5600,0.0,0.0
2024-04-22 00:00:00-04:00,3.2097082608783905,3.38993255379453,3.1839619625494264,3.34702205657959,6000,0.0,0.0
2024-04-23 00:00:00-04:00,3.32985782623291,3.32985782623291,3.32985782623291,3.32985782623291,300,0.0,0.0
2024-04-24 00:00:00-04:00,3.2440365166115104,3.3126933091493047,3.2440365166115104,3.286947011947632,5400,0.0,0.0
2024-04-25 00:00:00-04:00,3.235454353459794,3.2612006501515114,3.1839617600763597,3.2526185512542725,3800,0.0,0.0
2024-04-26 00:00:00-04:00,3.3126931024073563,3.424260587931836,3.278364708280861,3.3041110038757324,13000,0.0,0.0
2024-04-29 00:00:00-04:00,3.286947155865283,3.355604156022578,3.261200857536319,3.34702205657959,2500,0.0,0.0
2024-04-30 00:00:00-04:00,3.4328429507746536,3.4328429507746536,3.183961869581633,3.3126933574676514,10300,0.0,0.0
2024-05-01 00:00:00-04:00,3.2182905060308977,3.2612010051886298,3.183962106704712,3.183962106704712,11200,0.0,0.0
2024-05-02 00:00:00-04:00,3.252618773340909,3.4328430671019015,3.252618773340909,3.3556041717529297,21900,0.0,0.0
2024-05-03 00:00:00-04:00,3.3212756334388387,3.329857937701428,3.261200935894484,3.278365135192871,7900,0.0,0.0
2024-05-06 00:00:00-04:00,3.321275630696044,3.4156789313726077,3.321275630696044,3.389932632446289,7300,0.0,0.0
2024-05-07 00:00:00-04:00,3.424260902282679,3.450007200241089,3.38135040568533,3.450007200241089,5100,0.0,0.0
2024-05-08 00:00:00-04:00,3.424260740912934,3.424260740912934,3.3641860485076904,3.3641860485076904,5000,0.0,0.0
2024-05-09 00:00:00-04:00,3.4718400486511403,3.5346383449232635,3.4090419662682145,3.4897825717926025,4300,0.17,0.0
2024-05-10 00:00:00-04:00,3.4538974120217136,3.4808110872383,3.319330105384673,3.4090416431427,10300,0.0,0.0
2024-05-13 00:00:00-04:00,3.382128362241298,3.498753581437503,3.382128362241298,3.4718399047851562,5900,0.0,0.0
2024-05-14 00:00:00-04:00,3.4987537264187347,3.5436094995493956,3.4808114171664704,3.4897825717926025,9300,0.0,0.0
2024-05-15 00:00:00-04:00,3.426984100436881,3.552580472675249,3.426984100436881,3.498753547668457,16700,0.0,0.0
2024-05-16 00:00:00-04:00,3.516695856004054,3.54360931850745,3.4628687171080754,3.498753547668457,2100,0.0,0.0
2024-05-17 00:00:00-04:00,3.5436092628386042,3.561551570892334,3.4628686627076357,3.561551570892334,2900,0.0,0.0
2024-05-20 00:00:00-04:00,3.561551471220524,3.5794937787721297,3.4090416431427,3.4090416431427,22400,0.0,0.0
2024-05-21 00:00:00-04:00,3.5256669830718006,3.5346381371706426,3.4090417658976717,3.4628686904907227,10300,0.0,0.0
2024-05-22 00:00:00-04:00,3.426984275520479,3.4897825717926025,3.426984275520479,3.4897825717926025,2400,0.0,0.0
2024-05-23 00:00:00-04:00,3.3462438583374023,3.418013094798517,3.337272703779763,3.3462438583374023,27700,0.0,0.0
2024-05-24 00:00:00-04:00,3.3193301611915547,3.4808111457601116,3.3013878533382903,3.3821282386779785,24200,0.0,0.0
2024-05-28 00:00:00-04:00,3.3193302773054256,3.4808112675227676,3.30138796882452,3.3641860485076904,23000,0.0,0.0
2024-05-29 00:00:00-04:00,3.3193303946644845,3.4269842493561558,3.3193303946644845,3.3462438583374023,15200,0.0,0.0
2024-05-30 00:00:00-04:00,3.3462437702853496,3.561551687892341,3.3462437702853496,3.5077247619628906,16200,0.0,0.0
2024-05-31 00:00:00-04:00,3.570523102865644,3.740975261307937,3.570523102865644,3.7230329513549805,59000,0.0,0.0
2024-06-03 00:00:00-04:00,3.75891745089679,3.75891745089679,3.62434991666939,3.6333212852478027,17500,0.0,0.0
2024-06-04 00:00:00-04:00,3.63332128525666,3.8486289977983055,3.63332128525666,3.776859760284424,62800,0.0,0.0
2024-06-05 00:00:00-04:00,3.929369568334375,3.9921674367015743,3.812744344540441,3.875542640686035,46700,0.0,0.0
2024-06-06 00:00:00-04:00,3.9383402984205853,3.9383402984205853,3.7678881560945334,3.812744140625,40000,0.0,0.0
2024-06-07 00:00:00-04:00,3.7858307010844596,3.929369603890622,3.767888391705989,3.776859760284424,47600,0.0,0.0
2024-06-10 00:00:00-04:00,3.7948021866649175,3.8665714263916016,3.7948021866649175,3.8665714263916016,3600,0.0,0.0
2024-06-11 00:00:00-04:00,3.803772772607558,3.8486287571380244,3.803772772607558,3.812744140625,16500,0.0,0.0
2024-06-12 00:00:00-04:00,3.794801712036133,3.82171538745666,3.794801712036133,3.794801712036133,2900,0.0,0.0
2024-06-13 00:00:00-04:00,3.8217155933380127,3.8306865337758937,3.81274422512175,3.8217155933380127,6500,0.0,0.0
2024-06-14 00:00:00-04:00,3.812743990909488,3.857599973678589,3.812743990909488,3.857599973678589,17400,0.0,0.0
2024-06-17 00:00:00-04:00,3.857600096654759,3.9383402693233536,3.848628728703599,3.9114270210266113,30300,0.0,0.0
2024-06-18 00:00:00-04:00,3.893484752621535,3.9921672344207764,3.893484752621535,3.9921672344207764,30600,0.0,0.0
2024-06-20 00:00:00-04:00,3.9473121511581,3.9921677134183455,3.893485219778751,3.9562830924987793,25000,0.0,0.0
2024-06-21 00:00:00-04:00,3.9293693604747677,3.9293693604747677,3.812744142850188,3.8486287593841553,21200,0.0,0.0
2024-06-24 00:00:00-04:00,3.848628731152071,3.956282579964265,3.8396577909735727,3.9473116397857666,22100,0.0,0.0
2024-06-25 00:00:00-04:00,3.8934847153796697,3.965253947921132,3.8934847153796697,3.9473116397857666,10700,0.0,0.0
2024-06-26 00:00:00-04:00,3.9742248880996303,3.992167196234996,3.9203979636935333,3.9473116397857666,22300,0.0,0.0
2024-06-27 00:00:00-04:00,3.9293693291505623,3.9383402693233536,3.884513344951501,3.9114270210266113,25000,0.0,0.0
2024-06-28 00:00:00-04:00,3.9024560462549434,3.929369725041656,3.8665714263916016,3.8665714263916016,20700,0.0,0.0
2024-07-01 00:00:00-04:00,3.875542435673817,3.902455684185106,3.8396578191398496,3.8486287593841553,13200,0.0,0.0
2024-07-02 00:00:00-04:00,3.8396576985361754,3.884513253905535,3.8217153908327597,3.830686330795288,28900,0.0,0.0
2024-07-03 00:00:00-04:00,3.8486287593841553,3.8845133759181225,3.8396578191398496,3.8486287593841553,35100,0.0,0.0
2024-07-05 00:00:00-04:00,3.8396576661266195,3.893484588782527,3.82171535857465,3.857599973678589,21400,0.0,0.0
2024-07-08 00:00:00-04:00,3.830686330795288,3.8576000062395908,3.8127440230918723,3.830686330795288,31800,0.0,0.0
2024-07-09 00:00:00-04:00,3.857599973678589,3.893484588782527,3.7948016833575187,3.857599973678589,27600,0.0,0.0
2024-07-10 00:00:00-04:00,3.821715480406857,3.9293693291505623,3.821715480406857,3.9114270210266113,46400,0.0,0.0
2024-07-11 00:00:00-04:00,3.911427142333423,3.992167317506048,3.875542524972616,3.965254068374634,17000,0.0,0.0
2024-07-12 00:00:00-04:00,3.974225127485461,3.974225127485461,3.7948020353243277,3.875542640686035,2900,0.0,0.0
2024-07-15 00:00:00-04:00,3.848628997807001,4.10879269768461,3.7858307010930132,3.920398235321045,12100,0.0,0.0
2024-07-16 00:00:00-04:00,3.983196378447115,4.019080995820463,3.9473117610737662,4.001138687133789,35300,0.0,0.0
2024-07-17 00:00:00-04:00,3.9921674728328966,4.037023460168349,3.821715747626335,3.8845136165618896,8200,0.0,0.0
2024-07-18 00:00:00-04:00,3.920398199837121,3.929369568334375,3.821715713037695,3.875542640686035,6500,0.0,0.0
2024-07-19 00:00:00-04:00,3.8306864596578936,4.010109542727763,3.8306864596578936,3.9921672344207764,18500,0.0,0.0
2024-07-22 00:00:00-04:00,3.9383402742893003,3.983196258544922,3.9383402742893003,3.983196258544922,800,0.0,0.0
2024-07-23 00:00:00-04:00,3.992167196234996,3.992167196234996,3.9473116397857666,3.9473116397857666,3800,0.0,0.0
2024-07-24 00:00:00-04:00,3.9293697217664834,3.9742252826690674,3.9293697217664834,3.9742252826690674,2800,0.0,0.0
2024-07-25 00:00:00-04:00,3.9652543437830428,3.9652543437830428,3.8845137352241625,3.902456045150757,3600,0.0,0.0
2024-07-26 00:00:00-04:00,3.884513616564023,3.9383405446995563,3.884513616564023,3.920398235321045,4100,0.0,0.0
2024-07-29 00:00:00-04:00,3.9203978693123664,3.9203978693123664,3.830686330795288,3.830686330795288,13300,0.0,0.0
2024-07-30 00:00:00-04:00,3.8127444944586415,3.938340663909912,3.7678885057654106,3.938340663909912,3000,0.0,0.0
2024-07-31 00:00:00-04:00,3.929369688034058,3.929369688034058,3.929369688034058,3.9293696880340576,1000,0.0,0.0
2024-08-01 00:00:00-04:00,3.8845132247641594,3.902455532332973,3.812743994488905,3.893484592437744,1900,0.0,0.0
2024-08-02 00:00:00-04:00,3.812744344540441,3.875542640686035,3.812744344540441,3.875542640686035,3300,0.0,0.0
2024-08-05 00:00:00-04:00,3.8217154204587076,3.839657728301212,3.3910993905710574,3.767888069152832,13100,0.0,0.0
2024-08-06 00:00:00-04:00,3.9114272591182617,3.9473118775504883,3.857600331469922,3.875542640686035,5400,0.0,0.0
2024-08-07 00:00:00-04:00,3.723032798459874,3.875542640686035,3.723032798459874,3.875542640686035,600,0.0,0.0
2024-08-08 00:00:00-04:00,3.929369725041656,3.929369725041656,3.8306868065282593,3.8665714263916016,700,0.0,0.0
2024-08-09 00:00:00-04:00,3.9024555286693343,3.9024555286693343,3.7768593758055493,3.857599973678589,2800,0.0,0.0
2024-08-12 00:00:00-04:00,3.8845136165552465,3.8845136165552465,3.776859760284424,3.776859760284424,1400,0.0,0.0
2024-08-13 00:00:00-04:00,3.8845136165618896,3.8845136165618896,3.6333212852628733,3.8845136165618896,4100,0.0,0.0
2024-08-14 00:00:00-04:00,3.785830497741699,3.875542467593883,3.785830497741699,3.785830497741699,700,0.0,0.0
2024-08-15 00:00:00-04:00,3.812744344215804,3.83965802192688,3.7948020350012186,3.83965802192688,1000,0.0,0.0
2024-08-16 00:00:00-04:00,3.7948021866649175,3.911427415109985,3.785830817809876,3.8665714263916016,2400,0.0,0.0
2024-08-19 00:00:00-04:00,3.9203979611994026,3.9203979611994026,3.9024556530754517,3.9114270210266113,2100,0.0,0.0
2024-08-20 00:00:00-04:00,4.001138687133789,4.180561774000531,3.938340392841238,4.001138687133789,9200,0.0,0.0
2024-08-21 00:00:00-04:00,3.9562826178068025,4.0370232190774304,3.9562826178068025,3.9921672344207764,5500,0.0,0.0
2024-08-22 00:00:00-04:00,4.377927695288731,4.377927695288731,3.9652541584832464,4.333071708679199,29800,0.0,0.0
2024-08-23 00:00:00-04:00,4.368956112982192,4.368956112982192,4.108792430050825,4.1985039710998535,5700,0.0,0.0
2024-08-26 00:00:00-04:00,4.216446638827479,4.306158615304223,4.14467739986881,4.1805620193481445,10800,0.0,0.0
2024-08-27 00:00:00-04:00,4.1446771283183335,4.252330979703085,4.1446771283183335,4.171590805053711,3900,0.0,0.0
2024-08-28 00:00:00-04:00,4.14467710223208,4.351013863310044,4.14467710223208,4.342042922973633,9400,0.0,0.0
2024-08-29 00:00:00-04:00,4.3510137480739,4.395869731903076,4.270273576071093,4.395869731903076,21200,0.0,0.0
2024-08-30 00:00:00-04:00,4.431754112243652,4.431754112243652,4.342042577133122,4.431754112243652,7900,0.0,0.0
2024-09-03 00:00:00-04:00,4.386898275660076,4.440725198503826,4.3420427205127945,4.351013660430908,27700,0.0,0.0
2024-09-04 00:00:00-04:00,4.36960769569721,4.47187523813088,4.053508704210816,4.304528713226318,17800,0.17,0.0
2024-09-05 00:00:00-04:00,4.192964161111432,4.304528505668339,4.192964161111432,4.2859344482421875,6000,0.0,0.0
2024-09-06 00:00:00-04:00,4.211558580452717,4.481172657959514,4.211558580452717,4.406795978546143,6900,0.0,0.0
2024-09-09 00:00:00-04:00,4.351013427575068,4.434686907651398,4.192964161111432,4.2859344482421875,15800,0.0,0.0
2024-09-10 00:00:00-04:00,4.28593485978726,4.332419786157576,4.28593485978726,4.323122978210449,7400,0.0,0.0
2024-09-11 00:00:00-04:00,4.211558360002387,4.37890488245886,4.211558360002387,4.341716766357422,6700,0.0,0.0
2024-09-12 00:00:00-04:00,4.239449510313283,4.4253905466331345,4.239449510313283,4.369607925415039,2400,0.0,0.0
2024-09-13 00:00:00-04:00,4.304529141284788,4.38820219039917,4.304529141284788,4.38820219039917,14600,0.0,0.0
2024-09-16 00:00:00-04:00,4.397499234046444,4.602033886257221,4.397499234046444,4.583439826965332,21400,0.0,0.0
2024-09-17 00:00:00-04:00,4.6020340253726255,4.639222145080566,4.425390678418581,4.639222145080566,9900,0.0,0.0
2024-09-18 00:00:00-04:00,4.509063634709511,4.518360886106731,4.499766826629639,4.499766826629639,2600,0.0,0.0
2024-09-19 00:00:00-04:00,4.471875581715536,4.629925311260723,4.434687462212827,4.462578773498535,6900,0.0,0.0
2024-09-20 00:00:00-04:00,4.6020337996460965,4.6020337996460965,4.574142932891846,4.574142932891846,1500,0.0,0.0
2024-09-23 00:00:00-04:00,4.602033533192802,4.648518899514874,4.509063243865967,4.509063243865967,10200,0.0,0.0
2024-09-24 00:00:00-04:00,4.648519181743825,4.973915435802425,4.648519181743825,4.91813325881958,35500,0.0,0.0
2024-09-25 00:00:00-04:00,4.9181329268797205,4.973915100097656,4.862350753661785,4.973915100097656,13100,0.0,0.0
2024-09-26 00:00:00-04:00,4.98321243181254,5.206341128319501,4.927430257685801,5.066885471343994,52500,0.0,0.0
2024-09-27 00:00:00-04:00,5.252826896195848,5.336499942116674,5.1040739771816135,5.271420955657959,63000,0.0,0.0
2024-09-30 00:00:00-04:00,5.299311883915135,6.229015754308481,5.299311883915135,6.136045455932617,199500,0.0,0.0
2024-10-01 00:00:00-04:00,6.321986106694505,6.879808305916415,6.266203487786722,6.870511054992676,180500,0.0,0.0
2024-10-02 00:00:00-04:00,7.828106072259124,7.986155789297474,6.043074704113336,6.2662034034729,279800,0.0,0.0
2024-10-03 00:00:00-04:00,6.043074905321557,6.786838147918836,5.764163578518245,6.498629570007324,123600,0.0,0.0
2024-10-04 00:00:00-04:00,6.879808763929318,7.112234732688298,6.414956826411355,6.824026584625244,102100,0.0,0.0
2024-10-07 00:00:00-04:00,7.2516895830823405,7.763026833892016,6.851916678272749,7.651461601257324,226800,0.0,0.0
2024-10-08 00:00:00-04:00,7.140125192138046,7.223798677965204,6.693867339922085,6.833323001861572,89900,0.0,0.0
2024-10-09 00:00:00-04:00,6.712461440567964,6.926293338659985,6.424253307194776,6.749650001525879,74500,0.0,0.0
2024-10-10 00:00:00-04:00,6.545114907722147,6.740352746890571,6.414956496048975,6.535818099975586,41300,0.0,0.0
2024-10-11 00:00:00-04:00,6.377768516540527,6.507926931032318,6.312689087635961,6.377768516540527,49200,0.0,0.0
2024-10-14 00:00:00-04:00,6.275500718173716,6.3870650689895365,6.12674825041929,6.229015350341797,49000,0.0,0.0
2024-10-15 00:00:00-04:00,6.145342624781321,6.145342624781321,5.801351860440863,5.912916660308838,61300,0.0,0.0
2024-10-16 00:00:00-04:00,5.950104670375726,6.507926886247783,5.950104670375726,6.461441516876221,22900,0.0,0.0
2024-10-17 00:00:00-04:00,6.442847456910526,6.461441515993142,5.801351753584266,6.033777713775635,94300,0.0,0.0
2024-10-18 00:00:00-04:00,6.340580121204901,6.340580121204901,6.145342286335081,6.182530403137207,9200,0.0,0.0
2024-10-21 00:00:00-04:00,6.061669068758339,6.13604530563727,5.810649047633275,5.950104713439941,13100,0.0,0.0
2024-10-22 00:00:00-04:00,5.950104526597493,6.452144553082791,5.950104526597493,6.275500774383545,16200,0.0,0.0
2024-10-23 00:00:00-04:00,6.2476097348580595,6.442847580633375,6.163936689038171,6.256906986236572,19400,0.0,0.0
2024-10-24 00:00:00-04:00,6.182530826779225,6.368471423530954,6.136045455932617,6.136045455932617,6800,0.0,0.0
2024-10-25 00:00:00-04:00,6.219718542765807,6.433550436821456,6.145342308888593,6.229015350341797,8400,0.0,0.0
2024-10-28 00:00:00-04:00,6.229015479498977,6.27550084829476,6.108154318601139,6.15463924407959,15100,0.0,0.0
2024-10-29 00:00:00-04:00,6.238313073538146,6.3405806245206575,5.9501049237850285,6.098857402801514,23600,0.0,0.0
2024-10-30 00:00:00-04:00,5.968698728645148,6.070966275258205,5.950104669562531,6.033777713775635,6600,0.0,0.0
2024-10-31 00:00:00-04:00,6.024480950318873,6.024480950318873,5.931510654220209,5.950104713439941,19900,0.0,0.0
2024-11-01 00:00:00-04:00,6.154639013789081,6.163936264527291,6.089560031890869,6.089560031890869,1400,0.0,0.0
2024-11-04 00:00:00-05:00,6.108154232818677,6.18253046719353,5.959401320751646,6.1453423500061035,15800,0.0,0.0
2024-11-05 00:00:00-05:00,6.080262929067411,6.3591742515563965,5.987292636010191,6.3591742515563965,21200,0.0,0.0
2024-11-06 00:00:00-05:00,6.312688835112323,6.312688835112323,5.9872925902408545,6.229015350341797,13900,0.0,0.0
2024-11-07 00:00:00-05:00,6.2011242780908225,6.41495616503593,6.0988567382516905,6.210421085357666,17300,0.0,0.0
2024-11-08 00:00:00-05:00,6.14534208957035,6.210421070231676,5.90361889477883,5.996589183807373,12900,0.0,0.0
2024-11-11 00:00:00-05:00,6.005886434368881,6.052371800541806,5.8199458563117945,5.996589183807373,18100,0.0,0.0
2024-11-12 00:00:00-05:00,5.847837102285537,6.033777692454657,5.847837102285537,5.987292766571045,8300,0.0,0.0
2024-11-13 00:00:00-05:00,6.043074861325065,6.043074861325065,5.671193242733903,5.680490493774414,37200,0.0,0.0
2024-11-14 00:00:00-05:00,5.615411066442828,5.792054846356564,5.615411066442828,5.680490493774414,11500,0.0,0.0
2024-11-15 00:00:00-05:00,5.643302461891864,5.726975505939664,5.643302461891864,5.6897873878479,5000,0.0,0.0
2024-11-18 00:00:00-05:00,5.773460951107754,5.801351818384547,5.652599344062074,5.782757759094238,9300,0.0,0.0
2024-11-19 00:00:00-05:00,5.857134286824002,5.950104580850966,5.736272682930284,5.8106489181518555,4800,0.0,0.0
2024-11-20 00:00:00-05:00,5.754866741735677,5.8106489181518555,5.717678624124892,5.8106489181518555,19700,0.0,0.0
2024-11-21 00:00:00-05:00,5.8106489181518555,5.950104580850966,5.8106489181518555,5.8106489181518555,5300,0.0,0.0
2024-11-22 00:00:00-05:00,5.764163603970423,5.885025209006689,5.764163603970423,5.8571343421936035,11000,0.0,0.0
2024-11-25 00:00:00-05:00,5.903619417145435,6.043075084686279,5.866431298243522,6.043075084686279,10800,0.0,0.0
2024-11-26 00:00:00-05:00,5.996589596429951,6.461441516876221,5.996589596429951,6.461441516876221,38900,0.0,0.0
2024-11-27 00:00:00-05:00,6.4614414248353595,7.047154942650547,6.2290154679230465,6.749650001525879,131000,0.0,0.0
2024-11-29 00:00:00-05:00,7.047154903411865,7.242392741596507,6.703164595493146,7.047154903411865,54800,0.0,0.0
2024-12-02 00:00:00-05:00,6.9727789932627875,7.0657492911761555,6.517224311828613,6.517224311828613,124500,0.0,0.0
2024-12-03 00:00:00-05:00,6.545115133806098,6.647382682454821,6.424253525704637,6.600897312164307,54100,0.0,0.0
2024-12-04 00:00:00-05:00,6.554412180530632,6.582303047180176,6.303392164098078,6.582303047180176,51200,0.0,0.0
2024-12-05 00:00:00-05:00,6.507926731686351,6.796134862320096,6.507926731686351,6.786838054656982,11600,0.0,0.0
2024-12-06 00:00:00-05:00,6.786837934562261,6.963481266891611,6.675273141357778,6.777540683746338,27900,0.0,0.0
2024-12-09 00:00:00-05:00,6.972778975871006,7.763027614456933,6.972778975871006,7.7165422439575195,132600,0.0,0.0
2024-12-10 00:00:00-05:00,7.632868297336371,7.670056414182171,7.344660170122755,7.549194812774658,46600,0.0,0.0
2024-12-11 00:00:00-05:00,7.530601190379216,7.697947272706001,7.270283929393287,7.63286828994751,21700,0.0,0.0
2024-12-12 00:00:00-05:00,7.539897960752954,7.697947687366843,7.409739544907483,7.6700568199157715,27500,0.0,0.0
2024-12-13 00:00:00-05:00,7.558492192500614,7.604977561009,7.1029370883973515,7.474818706512451,29400,0.0,0.0
2024-12-16 00:00:00-05:00,7.474819014786426,7.893185575346716,7.391145525347429,7.800215721130371,52800,0.0,0.0
2024-12-17 00:00:00-05:00,7.790918616552738,7.800215868140005,7.465521904076085,7.6421661376953125,18700,0.0,0.0
2024-12-18 00:00:00-05:00,7.753730297245696,7.753730297245696,6.982076168060303,6.982076168060303,19500,0.0,0.0
2024-12-19 00:00:00-05:00,7.484116174759315,7.595680530436679,7.093640486571199,7.4097394943237305,24800,0.0,0.0
2024-12-20 00:00:00-05:00,7.567789452555215,7.567789452555215,7.140125214393052,7.3911452293396,15100,0.0,0.0
2024-12-23 00:00:00-05:00,7.214501875739889,7.5677894347030685,7.205204624722123,7.558492183685303,16700,0.0,0.0
2024-12-24 00:00:00-05:00,7.456225670326895,7.604978151801842,7.437631166825163,7.5677900314331055,4700,0.0,0.0
2024-12-26 00:00:00-05:00,7.502709492870051,7.716541831072041,7.363254275468275,7.679353713989258,16100,0.0,0.0
2024-12-27 00:00:00-05:00,7.772323782834281,7.902482639616446,7.632868561494919,7.82810640335083,42000,0.0,0.0
2024-12-30 00:00:00-05:00,7.846700174839282,7.846700174839282,7.493413488882994,7.58638334274292,31900,0.0,0.0
2024-12-31 00:00:00-05:00,7.716542059200002,7.8095119113381495,7.50270971467638,7.7444329261779785,25700,0.0,0.0
2025-01-02 00:00:00-05:00,7.809511781390671,7.902482518616494,7.6328684446232,7.8188090324401855,47700,0.0,0.0
2025-01-03 00:00:00-05:00,7.846700125989512,7.902482747265946,7.790918391347765,7.883888244628906,20800,0.0,0.0
2025-01-06 00:00:00-05:00,7.725839000085429,7.837403350150878,7.288877964019775,7.288877964019775,31100,0.0,0.0
2025-01-07 00:00:00-05:00,7.168016694828972,7.400442656546339,7.019264221191406,7.019264221191406,52500,0.0,0.0
2025-01-08 00:00:00-05:00,7.019264230954932,7.242392941721644,7.019264230954932,7.149422645568848,16100,0.0,0.0
2025-01-10 00:00:00-05:00,7.186610638640074,7.186610638640074,6.229015496680758,6.712461471557617,26900,0.0,0.0
2025-01-13 00:00:00-05:00,6.740352630615234,6.97277858339507,6.554412045718295,6.740352630615234,23300,0.0,0.0
2025-01-14 00:00:00-05:00,6.824026100044333,6.935590450730183,6.610194206237793,6.610194206237793,17500,0.0,0.0
2025-01-15 00:00:00-05:00,6.758947088363314,7.112234663853904,6.647382730834922,6.861214637756348,17900,0.0,0.0
2025-01-16 00:00:00-05:00,6.92629342711926,6.92629342711926,6.684570659368301,6.758946895599365,10800,0.0,0.0
2025-01-17 00:00:00-05:00,6.712461273705395,7.037857959947583,6.712461273705395,6.907699108123779,23300,0.0,0.0
2025-01-21 00:00:00-05:00,7.0564522097286595,7.093640327453613,6.889105236649034,7.093640327453613,11400,0.0,0.0
2025-01-22 00:00:00-05:00,7.168016440345052,7.391145142879729,7.037858030533156,7.381848335266113,23800,0.0,0.0
2025-01-23 00:00:00-05:00,7.2981752541940335,7.3632546843615305,7.075046539306641,7.075046539306641,26000,0.0,0.0
2025-01-24 00:00:00-05:00,7.028560923364439,7.409739352983135,7.028560923364439,7.353957176208496,59900,0.0,0.0
2025-01-27 00:00:00-05:00,7.353957166669261,7.530601391202481,7.158719326552614,7.437630653381348,47900,0.0,0.0
2025-01-28 00:00:00-05:00,7.502709559481386,7.502709559481386,7.279580855003681,7.34466028213501,22100,0.0,0.0
2025-01-29 00:00:00-05:00,7.326066299976787,7.5584922578949545,7.288878182175267,7.437630653381348,33900,0.0,0.0
2025-01-30 00:00:00-05:00,7.493412955569499,7.623570919036865,7.428333087201188,7.623570919036865,45200,0.0,0.0
2025-01-31 00:00:00-05:00,7.6421656213568285,7.6421656213568285,7.17731326970014,7.428333282470703,34300,0.0,0.0
2025-02-03 00:00:00-05:00,7.446928418576029,7.61427451691798,7.251690564981479,7.5677900314331055,18900,0.0,0.0
2025-02-04 00:00:00-05:00,7.623571242388948,7.781620964704075,7.437630653381348,7.437630653381348,57800,0.0,0.0
2025-02-05 00:00:00-05:00,7.428333087201188,7.70724440219996,7.428333087201188,7.623570919036865,6100,0.0,0.0
2025-02-06 00:00:00-05:00,7.623571373908533,7.790918350219727,7.558492388291816,7.790918350219727,37900,0.0,0.0
2025-02-07 00:00:00-05:00,7.828106313976413,7.855997180598917,7.549194987847379,7.604977607727051,29400,0.0,0.0
2025-02-10 00:00:00-05:00,7.660759331676577,7.7537300691516675,7.586383096350371,7.688651084899902,17900,0.0,0.0
2025-02-11 00:00:00-05:00,7.707244807995784,7.772323793155955,7.67005668981359,7.7444329261779785,21000,0.0,0.0
2025-02-12 00:00:00-05:00,7.855997021746131,7.90248238960012,7.7630271726728,7.893185138702393,52000,0.0,0.0
2025-02-13 00:00:00-05:00,7.893184844664316,7.9024820952157,7.818808613522466,7.865293979644775,75000,0.0,0.0
2025-02-14 00:00:00-05:00,7.9024826072949805,8.553275115274692,7.8838881049872915,8.041937828063965,221500,0.0,0.0
2025-02-18 00:00:00-05:00,8.525384725229866,9.929237809122702,8.385929496661849,8.850781440734863,276600,0.0,0.0
2025-02-19 00:00:00-05:00,9.297037838625524,10.849643228606757,9.287740587994591,10.12447452545166,352300,0.0,0.0
2025-02-20 00:00:00-05:00,10.514950904779736,11.500436486561407,9.641028791661235,10.27322769165039,293300,0.0,0.0
2025-02-21 00:00:00-05:00,10.821753105916653,10.896129342798442,9.622435177904434,9.845563888549805,202200,0.0,0.0
2025-02-24 00:00:00-05:00,9.864156910562864,10.031503876788793,8.683433556176094,9.11109733581543,157600,0.0,0.0
2025-02-25 00:00:00-05:00,9.213364860305983,9.4829789369121,8.915859916915696,9.06461238861084,51400,0.0,0.0
2025-02-26 00:00:00-05:00,9.204067997784296,9.854861418880619,9.204067997784296,9.613138198852539,54600,0.0,0.0
2025-02-27 00:00:00-05:00,9.538761805557934,9.87345487558929,9.157583365252437,9.85486125946045,74700,0.0,0.0
2025-02-28 00:00:00-05:00,9.408602953581578,9.687514288812997,9.28774134542681,9.427197456359863,46700,0.0,0.0
2025-03-03 00:00:00-05:00,9.464385775335552,9.733999864876804,9.120395446378415,9.278444290161133,28100,0.0,0.0
2025-03-04 00:00:00-05:00,9.297038085768715,9.455087804157555,9.138988367379875,9.213364601135254,34300,0.0,0.0
2025-03-05 00:00:00-05:00,9.29703823364666,10.672999466641729,9.29703823364666,10.505653381347656,127700,0.0,0.0
2025-03-06 00:00:00-05:00,10.831049468139634,11.063475430002155,10.226742321950951,10.27322769165039,73500,0.0,0.0
2025-03-07 00:00:00-05:00,10.41268267872933,10.803158356762214,10.41268267872933,10.682296752929688,39600,0.0,0.0
2025-03-10 00:00:00-04:00,10.580028918331129,10.682296012966297,9.83626573137785,10.02220630645752,91800,0.0,0.0
2025-03-11 00:00:00-04:00,10.263929920767836,10.356900655460036,9.919939621022118,10.059394836425781,50200,0.0,0.0
2025-03-12 00:00:00-04:00,10.02220657269868,10.53354383272746,9.938533090031383,10.468464851379395,42400,0.0,0.0
2025-03-13 00:00:00-04:00,10.487059031474374,10.924020083054252,10.319712943751927,10.691594123840332,64600,0.0,0.0
2025-03-14 00:00:00-04:00,10.98909883686548,11.807238302493275,10.858940869888443,11.612000465393066,307200,0.0,0.0
2025-03-17 00:00:00-04:00,11.983882003687853,12.132634466133522,11.6677825776735,11.993178367614746,276500,0.0,0.0
2025-03-18 00:00:00-04:00,12.458031346092016,12.476625848841959,11.993179416959705,12.16982364654541,195300,0.0,0.0
2025-03-19 00:00:00-04:00,12.365061238572247,12.365061238572247,11.109960701010019,12.234902381896973,441800,0.0,0.0
2025-03-20 00:00:00-04:00,13.285467836335068,13.285467836335068,11.156446078488834,11.723565101623535,632600,0.0,0.0
2025-03-21 00:00:00-04:00,11.714268570218474,12.709051380991742,11.268010272385036,12.643972396850586,334900,0.0,0.0
2025-03-24 00:00:00-04:00,12.922883287982936,12.95077504213539,11.900209574862997,12.086150169372559,351100,0.0,0.0
2025-03-25 00:00:00-04:00,11.81653608567502,12.365061504454248,11.81653608567502,12.086150169372559,299200,0.0,0.0
2025-03-26 00:00:00-04:00,12.179120163739599,14.401111683599915,12.011773195616863,14.233765602111816,501800,0.0,0.0
2025-03-27 00:00:00-04:00,14.996121179658171,16.455757602684656,14.41040857894593,14.968231201171875,1023800,0.0,0.0
2025-03-28 00:00:00-04:00,14.633537988582676,15.061202670062169,13.545784442708527,14.7822904586792,456600,0.0,0.0
2025-03-31 00:00:00-04:00,13.954855240050911,14.540568781968254,13.294765459791812,13.378438949584961,265800,0.0,0.0
2025-04-01 00:00:00-04:00,13.350547099950505,13.806102664835915,13.201794624328613,13.201794624328613,313100,0.0,0.0
2025-04-02 00:00:00-04:00,13.238982227922698,15.228547841876104,13.238982227922698,15.033310890197754,540700,0.0,0.0
2025-04-03 00:00:00-04:00,13.657348393976942,14.50337959440201,13.211090996800085,14.317438125610352,642800,0.0,0.0
2025-04-04 00:00:00-04:00,12.876399103163909,12.876399103163909,11.435357910660754,11.853724479675293,463800,0.0,0.0
2025-04-07 00:00:00-04:00,10.951910538648267,12.523110460449834,10.561434870900815,11.165742874145508,470600,0.0,0.0
2025-04-08 00:00:00-04:00,11.890911487361912,12.24419903540579,10.79386072694327,11.58410930633545,500400,0.0,0.0
2025-04-09 00:00:00-04:00,11.165743066656644,11.528326988220215,10.329009098499508,11.528326988220215,408900,0.0,0.0
2025-04-10 00:00:00-04:00,11.379574785963584,11.807238587722086,10.9983963535204,11.29590129852295,171100,0.0,0.0
2025-04-11 00:00:00-04:00,11.435357478434048,11.751456927805874,9.57594978719712,10.012910842895508,406500,0.0,0.0
2025-04-14 00:00:00-04:00,10.505653514435773,11.621297939279689,10.45916814535172,10.858941078186035,252100,0.0,0.0
2025-04-15 00:00:00-04:00,10.682296579960292,11.249416472348075,10.505653245917397,10.663702964782715,99300,0.0,0.0
2025-04-16 00:00:00-04:00,10.394089306798175,10.989099202211374,10.226742330395872,10.617218017578125,63000,0.0,0.0
2025-04-17 00:00:00-04:00,10.896128827602999,11.128554778527599,10.756672725067453,10.914722442626953,35500,0.0,0.0
2025-04-21 00:00:00-04:00,10.784565578357366,10.784565578357366,9.910643417162497,10.412683486938477,100900,0.0,0.0
2025-04-22 00:00:00-04:00,10.561434845912295,11.007693130839803,10.468464997918598,10.821752548217773,95900,0.0,0.0
2025-04-23 00:00:00-04:00,11.100663180187949,12.969368064363637,11.02628694579003,12.802021980285645,194100,0.0,0.0
2025-04-24 00:00:00-04:00,12.690457188024048,13.44351769606046,12.560299216570984,13.359844207763672,134700,0.0,0.0
2025-04-25 00:00:00-04:00,13.471407963550936,13.471407963550936,12.551001406530979,12.792724609375,124500,0.0,0.0
2025-04-28 00:00:00-04:00,12.95077447441387,12.95077447441387,12.32787284513688,12.55100154876709,71400,0.0,0.0
2025-04-29 00:00:00-04:00,12.736941573614926,13.36914042599789,12.736941573614926,12.83920955657959,104700,0.0,0.0
2025-04-30 00:00:00-04:00,12.885694786620256,13.15530886231537,12.207011415145706,12.997259140014648,66900,0.0,0.0
2025-05-01 00:00:00-04:00,13.099527087918778,13.434220147053976,12.272090361207876,12.392951965332031,132600,0.0,0.0
2025-05-02 00:00:00-04:00,12.73694271441768,13.015854049958003,12.485923133075673,12.690457344055176,73400,0.0,0.0
2025-05-05 00:00:00-04:00,12.606785155838308,13.006557226175898,11.444655291741789,11.779348373413086,157400,0.0,0.0
2025-05-06 00:00:00-04:00,11.807238332615624,12.420842711743221,11.658485863328286,12.383654594421387,130300,0.0,0.0
2025-05-07 00:00:00-04:00,11.788644654647616,12.29998104344782,11.621297684271024,11.946694374084473,114200,0.0,0.0
2025-05-08 00:00:00-04:00,12.281386958491517,12.569595520157916,11.6398917409735,12.420842170715332,129900,0.0,0.0
2025-05-09 00:00:00-04:00,12.54170473884048,13.45281497398986,12.54170473884048,12.764833450317383,196500,0.0,0.0
2025-05-12 00:00:00-04:00,13.824695874573148,14.270954174955069,13.276170471866148,13.424922943115234,276100,0.0,0.0
2025-05-13 00:00:00-04:00,13.806102502377,14.168686435780097,13.424923179787942,13.87118148803711,312600,0.0,0.0
2025-05-14 00:00:00-04:00,14.401111940610766,15.330815759423102,13.387734636243776,13.573676109313965,368000,0.0,0.0
2025-05-15 00:00:00-04:00,13.610864106259864,14.856666467680455,13.025150599190553,13.56437873840332,334500,0.0,0.0
2025-05-16 00:00:00-04:00,13.871181358060493,14.159389051827262,13.564379161916682,13.945557594299316,305300,0.0,0.0
2025-05-19 00:00:00-04:00,14.33603327787047,14.60564735589487,13.741022501325217,13.945557594299316,402000,0.0,0.0
2025-05-20 00:00:00-04:00,16.083875861154215,17.106550448612026,14.326736155873641,14.726509094238281,1578000,0.0,0.0
2025-05-21 00:00:00-04:00,15.46097503140133,16.176847457885742,14.689321754230752,16.176847457885742,793600,0.0,0.0
2025-05-22 00:00:00-04:00,15.8514493248178,16.892718377092688,15.423786421400685,16.38138198852539,409000,0.0,0.0
2025-05-23 00:00:00-04:00,15.637618949860718,16.139659895330592,15.135579777660265,16.055986404418945,240000,0.0,0.0
2025-05-27 00:00:00-04:00,16.39997519113705,16.725371890207253,15.256439892058575,15.488865852355957,356400,0.0,0.0
2025-05-28 00:00:00-04:00,15.36800518472582,16.037391314247895,15.265737194406162,15.925826072692871,139000,0.0,0.0
2025-05-29 00:00:00-04:00,16.05598485930329,17.89679793567368,16.05598485930329,17.45054054260254,636200,0.0,0.0
2025-05-30 00:00:00-04:00,17.329677229787684,17.57140041614655,16.27911277875604,17.459836959838867,264700,0.0,0.0
2025-06-02 00:00:00-04:00,17.329678876104097,17.571402085426627,16.316301556481296,16.58591651916504,453500,0.0,0.0
2025-06-03 00:00:00-04:00,17.115846375065544,17.655074494238942,16.73466796875,17.43194580078125,477900,0.0,0.0
2025-06-04 00:00:00-04:00,17.813125313968722,18.05484852355206,17.050768453966302,17.35757064819336,362200,0.0,0.0
2025-06-05 00:00:00-04:00,17.89679834462518,18.40813473087818,17.47843092076778,18.0920352935791,297900,0.0,0.0
2025-06-06 00:00:00-04:00,18.21289825439453,18.380245228278724,17.487728625319473,18.21289825439453,255400,0.0,0.0
2025-06-09 00:00:00-04:00,18.38024460636914,18.408134585559935,17.208817602085247,17.218114852905273,392500,0.0,0.0
2025-06-10 00:00:00-04:00,17.38546074891182,17.748044642184706,16.167547565640298,16.62310218811035,522600,0.0,0.0
2025-06-11 00:00:00-04:00,16.73466876100233,17.906095787064807,16.68818427930727,17.506322860717773,450000,0.0,0.0
2025-06-12 00:00:00-04:00,17.478431160865867,18.08274006435434,16.967094767588726,18.02695655822754,410600,0.0,0.0
2025-06-13 00:00:00-04:00,17.385462431255895,17.63648111912874,16.92061051355675,17.106550216674805,183500,0.0,0.0
2025-06-16 00:00:00-04:00,17.246005419827476,17.66437285463984,16.325598836509617,16.334896087646484,559600,0.0,0.0
2025-06-17 00:00:00-04:00,16.288410952708247,16.52083690201081,15.42378613757963,15.758480072021484,376000,0.0,0.0
2025-06-18 00:00:00-04:00,15.395895259171274,16.316301857860218,15.395895259171274,16.10247039794922,184900,0.0,0.0
2025-06-20 00:00:00-04:00,16.28170015582729,16.34773225472728,15.677976052467683,16.225101470947266,158300,0.25,0.0
2025-06-23 00:00:00-04:00,15.819473864203383,16.281700361584356,15.527043423608252,16.008136749267578,177200,0.0,0.0
2025-06-24 00:00:00-04:00,16.300567884716116,16.649595226544935,16.036437675279288,16.47979736328125,193900,0.0,0.0
2025-06-25 00:00:00-04:00,16.50809757745088,16.56469626535784,15.65911006188709,15.800607681274414,205300,0.0,0.0
2025-06-26 00:00:00-04:00,15.753442779468783,16.055304854412395,15.47044573477923,15.83834171295166,141200,0.0,0.0
2025-06-27 00:00:00-04:00,15.847773214188312,16.017571079929738,15.187450379820394,15.611943244934082,175500,0.0,0.0
2025-06-30 00:00:00-04:00,15.85720607802981,16.715626992356743,15.847772663678548,16.47036361694336,240500,0.0,0.0
2025-07-01 00:00:00-04:00,16.536398301394204,17.611782399064783,16.5080980569987,17.16842269897461,277100,0.0,0.0
2025-07-02 00:00:00-04:00,17.64951273216168,18.036275508481843,17.16842121373657,17.800445556640625,323800,0.0,0.0
2025-07-03 00:00:00-04:00,17.875911689358446,18.44190215401924,17.545749385479777,17.932510375976562,218000,0.0,0.0
2025-07-07 00:00:00-04:00,18.12117324914295,18.583401553726517,17.366518097406157,17.706113815307617,371300,0.0,0.0
2025-07-08 00:00:00-04:00,17.88534396693617,18.913562774658203,17.734412930870537,18.913562774658203,368900,0.0,0.0
2025-07-09 00:00:00-04:00,19.06449442690968,19.20599385212952,18.074009245810398,18.14004135131836,404100,0.0,0.0
2025-07-10 00:00:00-04:00,18.215505044305676,18.989027001348916,18.168339773457575,18.762630462646484,285600,0.0,0.0
2025-07-11 00:00:00-04:00,18.82866413367007,18.866397792891007,18.055142112039924,18.07400894165039,243900,0.0,0.0
2025-07-14 00:00:00-04:00,18.46077000645034,18.753198669308127,17.838179021403484,17.960811614990234,284700,0.0,0.0
2025-07-15 00:00:00-04:00,18.102309464895345,18.149474740408095,17.375952706863416,17.5174503326416,188300,0.0,0.0
2025-07-16 00:00:00-04:00,17.51744932424194,17.706114013912245,16.923158610488198,17.262752532958984,236000,0.0,0.0
2025-07-17 00:00:00-04:00,17.092956849562956,17.592915229544232,16.64016194418311,17.15898895263672,228400,0.0,0.0
2025-07-18 00:00:00-04:00,17.27218563795931,17.583481110871006,17.064655922431445,17.196720123291016,223900,0.0,0.0
2025-07-21 00:00:00-04:00,17.215587319962907,17.904210380943866,16.979757356675744,17.375951766967773,247700,0.0,0.0
2025-07-22 00:00:00-04:00,17.555183616424763,17.555183616424763,16.385467176211666,16.659029006958008,584200,0.0,0.0
2025-07-23 00:00:00-04:00,16.696762299251436,16.970324123989712,16.413765260732006,16.47979736328125,760300,0.0,0.0
2025-07-24 00:00:00-04:00,16.583562698014884,16.791092414873116,14.998785080581685,15.111984252929688,1030500,0.0,0.0
2025-07-25 00:00:00-04:00,14.89502102150265,15.02708612991607,13.30081080383614,13.555506706237793,1624400,0.0,0.0
2025-07-28 00:00:00-04:00,13.772470031974722,13.772470031974722,12.876315463750004,13.11214542388916,1061800,0.0,0.0
2025-07-29 00:00:00-04:00,13.159312018419364,13.904534680405266,12.923482050707118,13.772470474243164,589700,0.0,0.0
2025-07-30 00:00:00-04:00,13.697004902543423,13.904534625585647,13.215911554398401,13.40457534790039,401100,0.0,0.0
2025-07-31 00:00:00-04:00,13.272510275273914,13.753603624601864,13.017814378324955,13.574373245239258,299500,0.0,0.0
2025-08-01 00:00:00-04:00,13.29137708417542,13.583805739470817,12.451822077784904,13.376276016235352,470300,0.0,0.0
2025-08-04 00:00:00-04:00,13.470607764289374,13.612106287424611,12.781984677072387,12.98951530456543,390500,0.0,0.0
2025-08-05 00:00:00-04:00,12.961214724587604,13.451741486030942,12.829150519291264,12.866883277893066,486800,0.0,0.0
2025-08-06 00:00:00-04:00,12.810283395164095,13.527206691707747,12.527287262357927,13.423440933227539,406700,0.0,0.0
2025-08-07 00:00:00-04:00,13.47060744643074,13.583805722495882,12.829150548728277,13.291377067565918,363600,0.0,0.0
2025-08-08 00:00:00-04:00,13.036680211981803,13.168745316596091,12.555587765813879,12.810283660888672,450500,0.0,0.0
2025-08-11 00:00:00-04:00,12.715951331656695,13.159311919517107,12.593320541033531,12.895182609558105,337700,0.0,0.0
2025-08-12 00:00:00-04:00,12.829150868724524,13.470607782426784,12.810284039099775,13.300810813903809,308400,0.0,0.0
2025-08-13 00:00:00-04:00,13.49890798707384,13.810203478004981,13.244211185610206,13.385708808898926,196600,0.0,0.0
2025-08-14 00:00:00-04:00,13.385708161018707,13.432874333038711,13.112145442846566,13.197044372558594,263600,0.0,0.0
2025-08-15 00:00:00-04:00,13.064980097097942,13.281943227704035,12.527287178480417,12.715950965881348,487200,0.0,0.0
2025-08-18 00:00:00-04:00,12.885749089988156,13.017814193701241,12.027328164902901,12.13109302520752,488700,0.0,0.0
2025-08-19 00:00:00-04:00,12.942348619221685,13.197044511417769,11.36700439466915,11.621700286865234,1722200,0.0,0.0
2025-08-20 00:00:00-04:00,11.697166160272722,12.093360582117374,10.961376905255488,12.055627822875977,1043700,0.0,0.0
2025-08-21 00:00:00-04:00,12.159392898447877,14.234696338701275,12.093359898791615,13.951700210571289,1022200,0.0,0.0
2025-08-22 00:00:00-04:00,13.998866511541193,15.168582892386224,13.998866511541193,14.828988075256348,586300,0.0,0.0
2025-08-25 00:00:00-04:00,14.932752902020555,15.470444919585926,14.687489529242706,14.772388458251953,461600,0.0,0.0
2025-08-26 00:00:00-04:00,14.64975705947249,14.989352782176551,14.24413013458252,14.24413013458252,296200,0.0,0.0
2025-08-27 00:00:00-04:00,14.178097072928926,14.527125308965509,13.970567353957927,14.13093090057373,211200,0.0,0.0
2025-08-28 00:00:00-04:00,14.178097078448534,14.442227283892489,13.876235014649628,13.989433288574219,263000,0.0,0.0
2025-08-29 00:00:00-04:00,14.05546573436313,14.366761220184788,13.857368525238444,14.338461875915527,177100,0.0,0.0
2025-09-02 00:00:00-04:00,14.149798144049313,14.80068846284281,14.149798144049313,14.678057670593262,234900,0.0,0.0
2025-09-03 00:00:00-04:00,14.744089134632564,15.055384608331801,14.63089086234374,14.857287406921387,204400,0.0,0.0
2025-09-04 00:00:00-04:00,14.885587022554224,15.027085540220165,14.3856277525557,14.498826026916504,267700,0.0,0.0
2025-09-05 00:00:00-04:00,14.687489694743489,14.7629552103532,13.546072646621734,13.621538162231445,314200,0.0,0.0
2025-09-08 00:00:00-04:00,13.819636001375926,13.819636001375926,12.838583353697048,13.017814636230469,362000,0.0,0.0
2025-09-09 00:00:00-04:00,12.81028338566756,13.489473923974886,12.791417456625085,13.055546760559082,181600,0.0,0.0
2025-09-10 00:00:00-04:00,13.168745659325737,13.253644593100221,12.546154677806117,12.932915687561035,237800,0.0,0.0
2025-09-11 00:00:00-04:00,12.923481679679174,13.772470078841106,12.895182336259749,13.3951416015625,177000,0.0,0.0
2025-09-12 00:00:00-04:00,13.414008733192464,13.678138043518553,13.215911525542916,13.347975730895996,119400,0.0,0.0
2025-09-15 00:00:00-04:00,13.376276305136084,13.442308409444445,13.149878848213227,13.244211196899414,88100,0.0,0.0
2025-09-16 00:00:00-04:00,13.253644624822241,13.546073286723216,13.20647845043242,13.215911865234375,93000,0.0,0.0
2025-09-17 00:00:00-04:00,13.187611062322413,14.291295358050501,13.187611062322413,13.847935676574707,231800,0.0,0.0
2025-09-18 00:00:00-04:00,14.046032541839393,14.206396984329869,13.678137485604793,13.979999542236328,95600,0.0,0.0
2025-09-19 00:00:00-04:00,14.423360510749728,14.696923232028045,13.810202966387266,14.24413013458252,299900,0.0,0.0
2025-09-22 00:00:00-04:00,13.979999521775227,14.253562235102143,13.630971294400881,13.895100593566895,184300,0.0,0.0
2025-09-23 00:00:00-04:00,13.951700517603856,14.234696651961684,13.678137797635934,13.763036727905273,149000,0.0,0.0
2025-09-24 00:00:00-04:00,13.791336658423763,14.423361055528336,13.046113982682245,13.131012916564941,287300,0.0,0.0
2025-09-25 00:00:00-04:00,12.565020017664944,13.338542900468456,12.565020017664944,13.168745040893555,174600,0.0,0.0
2025-09-26 00:00:00-04:00,12.857449504588386,13.215911151113643,12.508421272355351,12.65935230255127,212100,0.0,0.0
2025-09-29 00:00:00-04:00,12.838582683731223,13.149878158602641,12.498987865586013,12.772550582885742,162000,0.0,0.0
2025-09-30 00:00:00-04:00,12.914048555936402,13.338543214879687,12.791417765152707,12.980081558227539,138900,0.0,0.0
2025-10-01 00:00:00-04:00,12.97064815248762,13.347975738893833,12.97064815248762,13.206478118896484,138000,0.0,0.0
2025-10-02 00:00:00-04:00,13.263077748078395,13.668704679826572,13.140446057208502,13.602672576904297,220900,0.0,0.0
2025-10-03 00:00:00-04:00,13.70643709714275,13.913967714954287,13.385708205875805,13.480040550231934,175300,0.0,0.0
2025-10-06 00:00:00-04:00,13.404575384733171,14.017732940204441,13.31967645251901,13.68757152557373,207400,0.0,0.0
2025-10-07 00:00:00-04:00,13.772470747089278,13.800770091881803,13.37627632151411,13.44230842590332,168200,0.0,0.0
2025-10-08 00:00:00-04:00,13.38570823735298,13.80076947395209,13.38570823735298,13.791336059570312,114900,0.0,0.0
2025-10-09 00:00:00-04:00,13.71587048037189,13.819635339232194,13.197044386830566,13.423440933227539,194700,0.0,0.0
2025-10-10 00:00:00-04:00,13.423441177566302,13.555506281845057,12.329190283776377,12.38578987121582,328000,0.0,0.0
2025-10-13 00:00:00-04:00,12.866883537995498,13.093280094182882,12.64048608218817,12.678218841552734,125300,0.0,0.0
2025-10-14 00:00:00-04:00,12.338624077307232,13.074413338902632,12.338624077307232,12.98951530456543,123500,0.0,0.0
2025-10-15 00:00:00-04:00,13.083846096633911,13.347975400420562,12.706518519795837,12.94234848022461,98800,0.0,0.0
2025-10-16 00:00:00-04:00,12.848016732811773,13.008381185319568,12.432956379016275,12.508421897888184,156000,0.0,0.0
2025-10-17 00:00:00-04:00,12.45182195601249,12.64048574784512,12.253724749683249,12.300890922546387,117200,0.0,0.0
2025-10-20 00:00:00-04:00,12.498987753545022,12.498987753545022,11.923562980829884,11.980161666870117,223200,0.0,0.0
2025-10-21 00:00:00-04:00,11.88583085350175,12.357490793726106,11.687733642622721,11.942429542541504,219100,0.0,0.0
2025-10-22 00:00:00-04:00,11.942429524110905,12.206558838335333,11.60283469153664,11.744332313537598,106400,0.0,0.0
2025-10-23 00:00:00-04:00,11.763198548858568,12.149959535773888,11.725465791589267,11.951862335205078,78300,0.0,0.0
2025-10-24 00:00:00-04:00,12.046194706380533,12.366922694110265,12.046194706380533,12.149959564208984,66700,0.0,0.0
2025-10-27 00:00:00-04:00,12.244291619082967,12.414089485479229,11.951862959867118,12.055627822875977,107600,0.0,0.0
2025-10-28 00:00:00-04:00,11.88583080990596,11.914130154322038,10.848178585370382,11.319838523864746,628400,0.0,0.0
2025-10-29 00:00:00-04:00,11.187772760548961,11.414170201448853,10.989675562023985,11.300971031188965,222700,0.0,0.0
2025-10-30 00:00:00-04:00,11.150040045953697,11.47076893045996,11.017975846182804,11.32927131652832,151100,0.0,0.0
2025-10-31 00:00:00-04:00,11.508501723683292,12.074493980429967,11.508501723683292,11.782064437866211,148400,0.0,0.0
2025-11-03 00:00:00-05:00,11.857530635010392,12.121660849833717,11.583967905073331,11.885830879211426,86200,0.0,0.0
2025-11-04 00:00:00-05:00,11.659433038807375,11.819797485506255,11.470769248461608,11.508502006530762,114400,0.0,0.0
2025-11-05 00:00:00-05:00,11.423602808650848,11.77263103752802,11.423602808650848,11.61226749420166,80100,0.0,0.0
2025-11-06 00:00:00-05:00,11.612267771917033,11.650000530005622,11.32927163644266,11.36700439453125,107100,0.0,0.0
2025-11-07 00:00:00-05:00,11.367004120221518,11.76319852040065,11.187772848911013,11.753765106201172,91200,0.0,0.0
2025-11-10 00:00:00-05:00,11.753765389986855,11.857530249826752,11.253806120402013,11.621700286865234,139900,0.0,0.0
2025-11-11 00:00:00-05:00,11.612267765935869,11.612267765935869,11.253806114468954,11.508502006530762,201500,0.0,0.0
2025-11-12 00:00:00-05:00,11.433036465893808,11.433036465893808,11.121740987585357,11.310404777526855,232500,0.0,0.0
2025-11-13 00:00:00-05:00,11.348137203613051,11.376437445991504,10.942510292007288,11.159473419189453,174700,0.0,0.0
2025-11-14 00:00:00-05:00,10.876477262525832,11.206639559064747,10.772712406286116,10.961376190185547,212100,0.0,0.0
2025-11-17 00:00:00-05:00,10.90477781485676,11.084008189751902,10.584048923299221,10.63121509552002,89800,0.0,0.0
2025-11-18 00:00:00-05:00,10.489716541565059,10.734979916545335,10.376518268409527,10.461417198181152,210600,0.0,0.0
2025-11-19 00:00:00-05:00,10.282185740609208,10.282185740609208,9.112469372612763,9.159635543823242,457900,0.0,0.0
2025-11-20 00:00:00-05:00,9.452064975576487,9.527530488786608,8.452145576112555,8.593643188476562,408100,0.0,0.0
2025-11-21 00:00:00-05:00,8.376680207397289,8.386113621616246,7.225829761661338,7.244696140289307,743800,0.0,0.0
2025-11-24 00:00:00-05:00,7.329595380503194,7.357895174552766,6.773036512611315,6.942834377288818,632600,0.0,0.0
2025-11-25 00:00:00-05:00,7.0937650894426305,7.206963360862207,6.820202375273682,6.961700439453125,210700,0.0,0.0
2025-11-26 00:00:00-05:00,6.980566787974436,7.169230572861606,6.716437039322455,6.763603210449219,224700,0.0,0.0
2025-11-28 00:00:00-05:00,6.763603503977261,6.867368815073401,6.4900407791137695,6.4900407791137695,107100,0.0,0.0
2025-12-01 00:00:00-05:00,6.508907136313995,6.763603481004936,6.254210791623055,6.291943550109863,189600,0.0,0.0
2025-12-02 00:00:00-05:00,6.244777377096371,6.461740963300503,6.103279307865857,6.291943550109863,163600,0.0,0.0
2025-12-03 00:00:00-05:00,6.291943433170817,6.7636033552998445,6.273077054278055,6.754169940948486,203800,0.0,0.0
2025-12-04 00:00:00-05:00,6.839069051225453,7.056032639118796,6.725870774883698,6.914534568786621,168000,0.0,0.0
2025-12-05 00:00:00-05:00,6.952267133175808,7.05603244182603,6.527773383858461,6.584372520446777,198600,0.0,0.0
2025-12-08 00:00:00-05:00,6.5843726532876135,6.5843726532876135,6.2825101355831805,6.291943550109863,156800,0.0,0.0
2025-12-09 00:00:00-05:00,6.291943573637665,6.574939263346952,6.291943573637665,6.546639919281006,129500,0.0,0.0
2025-12-10 00:00:00-05:00,6.546639912427103,6.584372671015504,6.329676325638814,6.376842498779297,102200,0.0,0.0
2025-12-11 00:00:00-05:00,6.3485426973342385,6.574939248593665,6.301376524250211,6.518340110778809,102300,0.0,0.0
2025-12-12 00:00:00-05:00,6.518340131884323,6.867368824254324,6.518340131884323,6.716437339782715,165100,0.0,0.0
2025-12-15 00:00:00-05:00,6.688137986747327,6.688137986747327,6.3862754680176295,6.4900407791137695,169000,0.0,0.0
2025-12-16 00:00:00-05:00,6.480607505559819,6.53720664471375,6.141012670636228,6.254210948944092,117100,0.0,0.0
2025-12-17 00:00:00-05:00,6.282510261222411,6.367409194420542,5.999514566911925,6.027813911437988,208700,0.0,0.0
2025-12-18 00:00:00-05:00,6.065546544594298,6.2542107866894785,6.037247200656496,6.178745269775391,117300,0.0,0.0
2025-12-19 00:00:00-05:00,6.188178214273952,6.357975626776087,6.037247180938721,6.037247180938721,148500,0.0,0.0
2025-12-22 00:00:00-05:00,6.103279086849754,6.263643529516446,5.725951515645709,5.763684272766113,519200,0.0,0.0
2025-12-23 00:00:00-05:00,5.782550939236541,5.895749216233838,5.48068841743378,5.631619453430176,569100,0.0,0.0
2025-12-24 00:00:00-05:00,5.631619143471303,5.659918936068019,5.480688115782004,5.565587043762207,192700,0.0,0.0
2025-12-26 00:00:00-05:00,5.490121825309354,5.5089882047856085,5.150526544926826,5.4052228927612305,480200,0.0,0.0
2025-12-29 00:00:00-05:00,5.3674899631388815,5.452388892987478,5.131660002279404,5.414655685424805,191700,0.0,0.0
2025-12-30 00:00:00-05:00,5.433522384999677,5.697651682992473,5.424088970880678,5.452388763427734,246100,0.0,0.0
2025-12-31 00:00:00-05:00,5.442955797679723,5.546721112486817,5.282591342926025,5.282591342926025,139600,0.0,0.0
2026-01-02 00:00:00-05:00,5.3674898355965075,5.641052547708303,5.310890700312337,5.452388763427734,217600,0.0,0.0
2026-01-05 00:00:00-05:00,5.5278544664177796,5.801417187896564,5.490121708269668,5.725951671600342,198500,0.0,0.0
2026-01-06 00:00:00-05:00,5.782550646780359,5.782550646780359,5.565587068603626,5.707085132598877,187300,0.0,0.0
2026-01-07 00:00:00-05:00,5.716518414921675,5.829716692490031,5.6599192761374955,5.68821907043457,144600,0.0,0.0
2026-01-08 00:00:00-05:00,5.659919116995999,5.773117391381529,5.650485702558893,5.6693525314331055,150900,0.0,0.0
2026-01-09 00:00:00-05:00,5.688218767210498,5.914615310278604,5.622186217243994,5.876882553100586,217600,0.0,0.0
2026-01-12 00:00:00-05:00,5.971214772575891,6.357975779705207,5.971214772575891,6.027813911437988,216700,0.0,0.0
2026-01-13 00:00:00-05:00,6.112712822510171,6.188178340719808,5.6693526781235715,5.716518402099609,242400,0.0,0.0
2026-01-14 00:00:00-05:00,5.791983615701444,5.9051823368726035,5.688218758525304,5.763684272766113,131100,0.0,0.0
2026-01-15 00:00:00-05:00,5.735384780121876,5.848583057406131,5.659919261932373,5.659919261932373,152200,0.0,0.0
2026-01-16 00:00:00-05:00,5.659918965780028,5.782550651326315,5.641052587219826,5.763684272766113,162000,0.0,0.0
2026-01-20 00:00:00-05:00,5.7448181948005494,5.867449436953507,5.659919261932373,5.659919261932373,250800,0.0,0.0
2026-01-21 00:00:00-05:00,5.659919242397165,5.78255093393683,5.358056720871061,5.461822032928467,271300,0.0,0.0
2026-01-22 00:00:00-05:00,5.461822051779943,5.801417333442677,5.414655878006519,5.659919261932373,350400,0.0,0.0
2026-01-23 00:00:00-05:00,5.6599189297194545,5.782550614484428,5.650485515594482,5.650485515594482,131100,0.0,0.0
2026-01-26 00:00:00-05:00,5.650485651286533,5.697651823424165,5.1505263857154135,5.273158073425293,424500,0.0,0.0
2026-01-27 00:00:00-05:00,5.320323963565245,5.537287552583844,5.263724825100824,5.518421173095703,234400,0.0,0.0
2026-01-28 00:00:00-05:00,5.508988029616558,5.575020130778841,5.3769229276720845,5.414655685424805,147000,0.0,0.0
2026-01-29 00:00:00-05:00,5.414655986333132,5.414655986333132,4.8109313789289105,4.91469669342041,722100,0.0,0.0
2026-01-30 00:00:00-05:00,4.858097553253174,5.027894972562827,4.7637656536367,4.858097553253174,310800,0.0,0.0
2026-02-02 00:00:00-05:00,4.810931224778869,4.98072908847163,4.7448991220627645,4.952429294586182,185200,0.0,0.0
2026-02-03 00:00:00-05:00,4.942996038003011,5.093927527199347,4.716599478923474,4.858097553253174,306500,0.0,0.0
2026-02-04 00:00:00-05:00,4.85809755364595,4.98072924806227,4.74489927409703,4.91469669342041,191700,0.0,0.0
2026-02-05 00:00:00-05:00,4.876963611284442,4.952429125996704,4.650566617337704,4.820364475250244,315000,0.0,0.0
2026-02-06 00:00:00-05:00,4.886396599202021,5.018461700393121,4.829797462895814,4.961862564086914,287800,0.0,0.0
2026-02-09 00:00:00-05:00,4.980729248840452,5.122226873393721,4.80149841462167,5.027894973754883,164300,0.0,0.0
2026-02-10 00:00:00-05:00,5.018461851483774,5.207125644851224,5.018461851483774,5.065627574920654,61900,0.0,0.0
2026-02-11 00:00:00-05:00,5.084493785262124,5.084493785262124,4.8486638264862005,4.933562755584717,120000,0.0,0.0
2026-02-12 00:00:00-05:00,4.914696516505765,4.914696516505765,4.678866551029711,4.810931205749512,173300,0.0,0.0
2026-02-13 00:00:00-05:00,4.820364622683966,4.961862692002236,4.810931208151433,4.867530345916748,103200,0.0,0.0
2026-02-17 00:00:00-05:00,4.867530345916748,4.961862692002236,4.754332070386117,4.867530345916748,95400,0.0,0.0
2026-02-18 00:00:00-05:00,4.905263104426958,4.924129483682063,4.810931208151433,4.867530345916748,97200,0.0,0.0
2026-02-19 00:00:00-05:00,4.895830299200024,5.018461993258266,4.763765640111906,4.829797744750977,165500,0.0,0.0
2026-02-20 00:00:00-05:00,4.792064657905045,4.810931036486957,4.631700215053822,4.678866386413574,137800,0.0,0.0
2026-02-23 00:00:00-05:00,4.697732917668845,4.697732917668845,4.509069125718273,4.52793550491333,190500,0.0,0.0
2026-02-24 00:00:00-05:00,4.527935380835252,4.876963611284442,4.527935380835252,4.820364475250244,173400,0.0,0.0
2026-02-25 00:00:00-05:00,4.820364632672874,4.876963770555475,4.6977329423555885,4.782631874084473,54100,0.0,0.0
2026-02-26 00:00:00-05:00,4.7354655265808105,4.792064662379393,4.707165733776547,4.7354655265808105,45500,0.0,0.0
2026-02-27 00:00:00-05:00,4.697732925415039,4.763765477611602,4.688299510896975,4.697732925415039,64600,0.0,0.0
2026-03-02 00:00:00-05:00,4.697732753715281,4.763765303498388,4.669432961005394,4.707165718078613,138000,0.0,0.0
2026-03-03 00:00:00-05:00,4.650566744776222,4.650566744776222,4.52793550491333,4.52793550491333,185100,0.0,0.0
2026-03-04 00:00:00-05:00,4.546802043914795,4.697733082780024,4.527935664056641,4.546802043914795,150200,0.0,0.0
2026-03-05 00:00:00-05:00,4.575101070446814,4.6599999988059535,4.556234691901444,4.565668106079102,90500,0.0,0.0
2026-03-06 00:00:00-05:00,4.54680203224627,4.744899245153492,4.5279356524365335,4.688299655914307,92900,0.0,0.0
2026-03-09 00:00:00-04:00,4.678866370593531,4.7543318846660165,4.593967442357013,4.650566577911377,65100,0.0,0.0
2026-03-10 00:00:00-04:00,4.735465506147896,4.773198263184138,4.641133613557289,4.650566577911377,74600,0.0,0.0
2026-03-11 00:00:00-04:00,4.650566908229651,4.669433288087805,4.546802043914795,4.546802043914795,61000,0.0,0.0
2026-03-12 00:00:00-04:00,4.565668394719835,4.669433258374395,4.424170321779101,4.433603286743164,116800,0.0,0.0
2026-03-13 00:00:00-04:00,4.518502072728809,4.527935487194403,4.405303798001439,4.4430365562438965,116100,0.0,0.0
2026-03-16 00:00:00-04:00,4.443036553404171,4.518502069840851,4.36757103696749,4.38643741607666,110500,0.0,0.0
2026-03-17 00:00:00-04:00,4.3770040310514675,4.763765480105278,4.3770040310514675,4.754332065582275,205500,0.0,0.0
2026-03-18 00:00:00-04:00,4.716599462638177,4.792064982070792,4.509069284198487,4.546802043914795,129400,0.0,0.0
2026-03-19 00:00:00-04:00,4.480769441905679,4.490202856639529,4.009109500652449,4.1789069175720215,238700,0.0,0.0
2026-03-20 00:00:00-04:00,4.178906612306097,4.339271052587291,4.056275378393954,4.169473648071289,174500,0.0,0.0
2026-03-23 00:00:00-04:00,4.141173886243357,4.424170012330669,4.141173886243357,4.367570877075195,112700,0.0,0.0
2026-03-24 00:00:00-04:00,4.339271222327776,4.499635668881991,4.150607432152204,4.24493932723999,182700,0.0,0.0
2026-03-25 00:00:00-04:00,4.263805712351847,4.575101191491457,4.254372747734564,4.358137607574463,234300,0.0,0.0
2026-03-26 00:00:00-04:00,3.6317813889980575,3.9525102869233284,3.207287629822816,3.2167208194732666,977200,0.0,0.0
2026-03-27 00:00:00-04:00,3.122388645978076,3.72611344825088,3.112955456484984,3.4336843490600586,292300,0.0,0.0
2026-03-30 00:00:00-04:00,3.480850321583608,3.8487449393675783,3.4619839424616083,3.660081148147583,251400,0.0,0.0
2026-03-31 00:00:00-04:00,3.7072471066408,3.886477708816528,3.5657490379128762,3.8864777088165283,209600,0.0,0.0
2026-04-01 00:00:00-04:00,3.886477708816528,4.009109398368059,3.8015792274277422,3.8864777088165283,149400,0.0,0.0
2026-04-02 00:00:00-04:00,3.7827129279473763,4.094008415821356,3.7827129279473763,3.9808096885681152,174400,0.0,0.0
2026-04-06 00:00:00-04:00,3.980809562056828,4.254372731899104,3.980809562056828,4.075141906738281,224900,0.0,0.0
2026-04-07 00:00:00-04:00,4.00910951110713,4.084575029934845,3.999676096348679,4.03740930557251,82200,0.0,0.0
2026-04-08 00:00:00-04:00,4.1600405508602165,4.263805864205634,4.084575031994449,4.150607585906982,127900,0.0,0.0
2026-04-09 00:00:00-04:00,4.084574874527755,4.131741046905518,3.9902429795821863,4.131741046905518,95600,0.0,0.0
2026-04-10 00:00:00-04:00,4.075142051965859,4.273239263160656,3.999676083569293,4.065708637237549,134300,0.0,0.0
2026-04-13 00:00:00-04:00,4.009109528128256,4.292105674743652,3.905344214394614,4.292105674743652,131100,0.0,0.0
2026-04-14 00:00:00-04:00,4.273238980113968,4.48076914248092,4.160040259922051,4.310971736907959,173600,0.0,0.0
2026-04-15 00:00:00-04:00,4.254372902259459,4.433603284787353,4.254372902259459,4.320405006408691,139600,0.0,0.0
2026-04-16 00:00:00-04:00,4.329838281516526,4.5845346245580885,4.329838281516526,4.4430365562438965,207700,0.0,0.0
2026-04-17 00:00:00-04:00,4.546802029237993,4.641133928224263,4.424170335650853,4.461903095245361,267200,0.0,0.0
2026-04-20 00:00:00-04:00,4.461902938145166,4.556234833810083,4.405303800746216,4.499635696411133,69000,0.0,0.0
2026-04-21 00:00:00-04:00,4.4996356784053715,4.5562348155778345,4.3392712315117485,4.414736747741699,155700,0.0,0.0
2026-04-22 00:00:00-04:00,4.433603033788384,4.763765335083008,4.39587027646499,4.763765335083008,161500,0.0,0.0
2026-04-23 00:00:00-04:00,4.716599289734168,4.716599289734168,4.537368462747073,4.669433116912842,163800,0.0,0.0
2026-04-24 00:00:00-04:00,4.622267254983647,4.754331905180338,4.61283384077891,4.7354655265808105,50200,0.0,0.0
2026-04-27 00:00:00-04:00,4.792064657905045,4.792064657905045,4.622267250667839,4.678866386413574,124000,0.0,0.0
2026-04-28 00:00:00-04:00,4.688299508382946,4.697732922895952,4.5090691307354565,4.641133785247803,115200,0.0,0.0
2026-04-29 00:00:00-04:00,4.660000324249268,4.716599463838128,4.490202905482687,4.660000324249268,202200,0.0,0.0
2026-04-30 00:00:00-04:00,4.75,4.75,4.460000038146973,4.71999979019165,110100,0.28,0.0
2026-05-01 00:00:00-04:00,4.699999809265137,4.869999885559082,4.679999828338623,4.809999942779541,123800,0.0,0.0
2026-05-04 00:00:00-04:00,4.869999885559082,5.050000190734863,4.849999904632568,5.0,147700,0.0,0.0
2026-05-05 00:00:00-04:00,5.059999942779541,5.059999942779541,4.889999866485596,4.96999979019165,126400,0.0,0.0
2026-05-06 00:00:00-04:00,5.010000228881836,5.070000171661377,4.869999885559082,5.0,76800,0.0,0.0
2026-05-07 00:00:00-04:00,5.070000171661377,5.25,4.989999771118164,5.170000076293945,122900,0.0,0.0
2026-05-08 00:00:00-04:00,5.21999979019165,5.21999979019165,4.96999979019165,5.0,104400,0.0,0.0
2026-05-11 00:00:00-04:00,4.989999771118164,5.0,4.829999923706055,4.900000095367432,114500,0.0,0.0
2026-05-12 00:00:00-04:00,4.869999885559082,5.039999961853027,4.789999961853027,4.800000190734863,159600,0.0,0.0
2026-05-13 00:00:00-04:00,4.769999980926514,4.900000095367432,4.539999961853027,4.539999961853027,131200,0.0,0.0
2026-05-14 00:00:00-04:00,4.599999904632568,4.860000133514404,4.5,4.760000228881836,138800,0.0,0.0
2026-05-15 00:00:00-04:00,4.639999866485596,4.760000228881836,4.570000171661377,4.710000038146973,120300,0.0,0.0
2026-05-18 00:00:00-04:00,4.730000019073486,4.800000190734863,4.559999942779541,4.619999885559082,86400,0.0,0.0
2026-05-19 00:00:00-04:00,4.630000114440918,4.820000171661377,4.570000171661377,4.679999828338623,103900,0.0,0.0
2026-05-20 00:00:00-04:00,4.630000114440918,4.849999904632568,4.610000133514404,4.75,112600,0.0,0.0
2026-05-21 00:00:00-04:00,4.659999847412109,5.079999923706055,4.659999847412109,5.010000228881836,144300,0.0,0.0
2026-05-22 00:00:00-04:00,4.679999828338623,4.800000190734863,4.550000190734863,4.570000171661377,300800,0.0,0.0
2026-05-26 00:00:00-04:00,4.670000076293945,4.739999771118164,4.239999771118164,4.420000076293945,178900,0.0,0.0
2026-05-27 00:00:00-04:00,4.429999828338623,5.099999904632568,4.429999828338623,4.869999885559082,185300,0.0,0.0
2026-05-28 00:00:00-04:00,4.519999980926514,4.800000190734863,4.099999904632568,4.730000019073486,293800,0.0,0.0
2026-05-29 00:00:00-04:00,4.730000019073486,5.0,4.650000095367432,4.809999942779541,96100,0.0,0.0
2026-06-01 00:00:00-04:00,4.860000133514404,5.079999923706055,4.860000133514404,4.909999847412109,129400,0.0,0.0
2026-06-02 00:00:00-04:00,4.980000019073486,5.019999980926514,4.880000114440918,4.909999847412109,75900,0.0,0.0
2026-06-03 00:00:00-04:00,4.889999866485596,4.949999809265137,4.789999961853027,4.829999923706055,103100,0.0,0.0
2026-06-04 00:00:00-04:00,4.800000190734863,4.96999979019165,4.800000190734863,4.929999828338623,35200,0.0,0.0
2026-06-05 00:00:00-04:00,4.820000171661377,4.889999866485596,4.650000095367432,4.710000038146973,71400,0.0,0.0
2026-06-08 00:00:00-04:00,4.800000190734863,4.989999771118164,4.800000190734863,4.840000152587891,143700,0.0,0.0
2026-06-09 00:00:00-04:00,4.929999828338623,4.980000019073486,4.820000171661377,4.889999866485596,99600,0.0,0.0
2026-06-10 00:00:00-04:00,4.889999866485596,5.0,4.760000228881836,4.860000133514404,115800,0.0,0.0
2026-06-11 00:00:00-04:00,4.949999809265137,5.090000152587891,4.840000152587891,5.079999923706055,104200,0.0,0.0
2026-06-12 00:00:00-04:00,5.099999904632568,5.099999904632568,5.0,5.03000020980835,22900,0.0,0.0
2026-06-15 00:00:00-04:00,5.019999980926514,5.340000152587891,5.019999980926514,5.099999904632568,186600,0.0,0.0
2026-06-16 00:00:00-04:00,5.150000095367432,5.320000171661377,4.940000057220459,4.949999809265137,84722,0.0,0.0
