Date,Open,High,Low,Close,Volume,Dividends,Stock Splits
2022-01-03 00:00:00-05:00,7.0,7.0,5.510000228881836,6.070000171661377,45700,0.0,0.0
2022-01-04 00:00:00-05:00,6.0,6.302999973297119,5.75,5.849999904632568,28800,0.0,0.0
2022-01-05 00:00:00-05:00,5.599999904632568,5.650000095367432,5.0,5.340000152587891,44200,0.0,0.0
2022-01-06 00:00:00-05:00,5.340000152587891,5.340000152587891,5.0,5.184999942779541,19400,0.0,0.0
2022-01-07 00:00:00-05:00,5.019999980926514,5.348999977111816,4.945000171661377,5.210000038146973,62300,0.0,0.0
2022-01-10 00:00:00-05:00,4.999000072479248,5.099999904632568,4.9029998779296875,5.050000190734863,29200,0.0,0.0
2022-01-11 00:00:00-05:00,5.025000095367432,5.385000228881836,5.0,5.349999904632568,17600,0.0,0.0
2022-01-12 00:00:00-05:00,5.349999904632568,5.349999904632568,5.130000114440918,5.235000133514404,10700,0.0,0.0
2022-01-13 00:00:00-05:00,5.21999979019165,5.340000152587891,4.96999979019165,5.0,14700,0.0,0.0
2022-01-14 00:00:00-05:00,5.050000190734863,5.099999904632568,4.849999904632568,5.099999904632568,26400,0.0,0.0
2022-01-18 00:00:00-05:00,4.860000133514404,5.099999904632568,4.860000133514404,5.019999980926514,16800,0.0,0.0
2022-01-19 00:00:00-05:00,5.1570000648498535,5.21999979019165,4.900000095367432,5.010000228881836,15600,0.0,0.0
2022-01-20 00:00:00-05:00,4.880000114440918,5.269999980926514,4.880000114440918,5.199999809265137,31000,0.0,0.0
2022-01-21 00:00:00-05:00,5.019999980926514,5.090000152587891,4.860000133514404,5.0,20700,0.0,0.0
2022-01-24 00:00:00-05:00,5.107999801635742,5.218999862670898,4.730000019073486,5.0,26700,0.0,0.0
2022-01-25 00:00:00-05:00,5.070000171661377,5.079999923706055,4.789999961853027,5.010000228881836,9900,0.0,0.0
2022-01-26 00:00:00-05:00,5.079999923706055,5.079999923706055,4.900000095367432,4.900000095367432,15100,0.0,0.0
2022-01-27 00:00:00-05:00,5.0,5.0,4.840000152587891,5.0,26300,0.0,0.0
2022-01-28 00:00:00-05:00,5.0,5.0,4.800000190734863,4.880000114440918,11100,0.0,0.0
2022-01-31 00:00:00-05:00,4.929999828338623,5.0,4.801000118255615,4.849999904632568,12300,0.0,0.0
2022-02-01 00:00:00-05:00,4.949999809265137,4.960000038146973,4.610000133514404,4.610000133514404,30100,0.0,0.0
2022-02-02 00:00:00-05:00,4.659999847412109,4.699999809265137,4.4070000648498535,4.429999828338623,28100,0.0,0.0
2022-02-03 00:00:00-05:00,4.400000095367432,4.489999771118164,4.239999771118164,4.239999771118164,24100,0.0,0.0
2022-02-04 00:00:00-05:00,4.389999866485596,4.389999866485596,3.880000114440918,3.880000114440918,54700,0.0,0.0
2022-02-07 00:00:00-05:00,3.9000000953674316,4.0,3.8310000896453857,3.8949999809265137,37500,0.0,0.0
2022-02-08 00:00:00-05:00,3.809999942779541,3.9119999408721924,3.75,3.759999990463257,23500,0.0,0.0
2022-02-09 00:00:00-05:00,3.75,3.950000047683716,3.75,3.859999895095825,13100,0.0,0.0
2022-02-10 00:00:00-05:00,3.8499999046325684,3.947000026702881,3.7799999713897705,3.809999942779541,9500,0.0,0.0
2022-02-11 00:00:00-05:00,3.75,3.8299999237060547,3.319999933242798,3.430000066757202,33100,0.0,0.0
2022-02-14 00:00:00-05:00,3.430000066757202,3.430000066757202,2.743000030517578,3.0,71000,0.0,0.0
2022-02-15 00:00:00-05:00,2.990000009536743,3.0,2.6700000762939453,2.75,33700,0.0,0.0
2022-02-16 00:00:00-05:00,2.697999954223633,2.736999988555908,2.0299999713897705,2.559999942779541,108500,0.0,0.0
2022-02-17 00:00:00-05:00,2.5,2.8499999046325684,2.0899999141693115,2.8499999046325684,103300,0.0,0.0
2022-02-18 00:00:00-05:00,3.0199999809265137,3.0199999809265137,2.759999990463257,2.9200000762939453,46200,0.0,0.0
2022-02-22 00:00:00-05:00,3.059999942779541,3.059999942779541,2.809999942779541,2.884999990463257,48100,0.0,0.0
2022-02-23 00:00:00-05:00,2.880000114440918,2.990000009536743,2.875,2.9200000762939453,24400,0.0,0.0
2022-02-24 00:00:00-05:00,2.9100000858306885,2.9100000858306885,2.7100000381469727,2.869999885559082,13100,0.0,0.0
2022-02-25 00:00:00-05:00,2.8299999237060547,3.1500000953674316,2.8299999237060547,2.9700000286102295,33300,0.0,0.0
2022-02-28 00:00:00-05:00,3.0369999408721924,3.0380001068115234,2.819999933242798,2.859999895095825,30300,0.0,0.0
2022-03-01 00:00:00-05:00,2.9000000953674316,2.990000009536743,2.6600000858306885,2.809999942779541,22700,0.0,0.0
2022-03-02 00:00:00-05:00,2.875999927520752,2.9000000953674316,2.7750000953674316,2.7990000247955322,3500,0.0,0.0
2022-03-03 00:00:00-05:00,2.680000066757202,2.7799999713897705,2.6700000762939453,2.7200000286102295,13800,0.0,0.0
2022-03-04 00:00:00-05:00,2.890000104904175,2.990000009536743,2.700000047683716,2.859999895095825,27600,0.0,0.0
2022-03-07 00:00:00-05:00,2.822999954223633,2.8450000286102295,2.75,2.75,19600,0.0,0.0
2022-03-08 00:00:00-05:00,2.753000020980835,2.9000000953674316,2.740000009536743,2.890000104904175,31100,0.0,0.0
2022-03-09 00:00:00-05:00,2.9000000953674316,2.9000000953674316,2.765000104904175,2.859999895095825,24300,0.0,0.0
2022-03-10 00:00:00-05:00,2.859999895095825,2.9600000381469727,2.825000047683716,2.9549999237060547,25600,0.0,0.0
2022-03-11 00:00:00-05:00,2.930000066757202,2.953000068664551,2.7809998989105225,2.799999952316284,17000,0.0,0.0
2022-03-14 00:00:00-04:00,2.869999885559082,2.869999885559082,2.7200000286102295,2.7200000286102295,13400,0.0,0.0
2022-03-15 00:00:00-04:00,2.700000047683716,2.865000009536743,2.619999885559082,2.7799999713897705,4500,0.0,0.0
2022-03-16 00:00:00-04:00,2.700000047683716,2.8299999237060547,2.5999999046325684,2.809999942779541,3700,0.0,0.0
2022-03-17 00:00:00-04:00,2.9000000953674316,2.950000047683716,2.7300000190734863,2.799999952316284,16900,0.0,0.0
2022-03-18 00:00:00-04:00,2.618000030517578,2.9000000953674316,2.618000030517578,2.619999885559082,17000,0.0,0.0
2022-03-21 00:00:00-04:00,2.7699999809265137,2.799999952316284,2.6070001125335693,2.609999895095825,40600,0.0,0.0
2022-03-22 00:00:00-04:00,2.619999885559082,2.700000047683716,2.619999885559082,2.6500000953674316,12500,0.0,0.0
2022-03-23 00:00:00-04:00,2.6500000953674316,2.700000047683716,2.569999933242798,2.700000047683716,12900,0.0,0.0
2022-03-24 00:00:00-04:00,2.700000047683716,2.700000047683716,2.569999933242798,2.690000057220459,24300,0.0,0.0
2022-03-25 00:00:00-04:00,2.5,2.75,2.4000000953674316,2.559999942779541,10100,0.0,0.0
2022-03-28 00:00:00-04:00,2.5399999618530273,2.5999999046325684,2.4600000381469727,2.5,12400,0.0,0.0
2022-03-29 00:00:00-04:00,2.4700000286102295,2.5999999046325684,2.450000047683716,2.549999952316284,25000,0.0,0.0
2022-03-30 00:00:00-04:00,2.549999952316284,2.549999952316284,2.4000000953674316,2.430000066757202,13100,0.0,0.0
2022-03-31 00:00:00-04:00,2.4600000381469727,2.4800000190734863,2.4200000762939453,2.4700000286102295,5700,0.0,0.0
2022-04-01 00:00:00-04:00,2.4030001163482666,2.740000009536743,2.375,2.640000104904175,66900,0.0,0.0
2022-04-04 00:00:00-04:00,2.75,2.75,2.561000108718872,2.6500000953674316,26100,0.0,0.0
2022-04-05 00:00:00-04:00,2.615000009536743,2.631999969482422,2.450000047683716,2.450000047683716,25400,0.0,0.0
2022-04-06 00:00:00-04:00,2.450000047683716,2.549999952316284,2.430000066757202,2.440000057220459,23400,0.0,0.0
2022-04-07 00:00:00-04:00,2.5,2.5,2.371000051498413,2.5,25400,0.0,0.0
2022-04-08 00:00:00-04:00,2.4100000858306885,2.5450000762939453,2.4000000953674316,2.4100000858306885,37500,0.0,0.0
2022-04-11 00:00:00-04:00,2.3499999046325684,2.4600000381469727,2.3499999046325684,2.450000047683716,13700,0.0,0.0
2022-04-12 00:00:00-04:00,2.380000114440918,2.484999895095825,2.380000114440918,2.4800000190734863,600,0.0,0.0
2022-04-13 00:00:00-04:00,2.450000047683716,2.6500000953674316,2.450000047683716,2.619999885559082,9300,0.0,0.0
2022-04-14 00:00:00-04:00,2.5799999237060547,2.630000114440918,2.3499999046325684,2.450000047683716,28700,0.0,0.0
2022-04-18 00:00:00-04:00,2.450000047683716,2.450000047683716,2.299999952316284,2.3589999675750732,16400,0.0,0.0
2022-04-19 00:00:00-04:00,2.2699999809265137,2.359999895095825,2.2699999809265137,2.3499999046325684,10300,0.0,0.0
2022-04-20 00:00:00-04:00,2.299999952316284,2.3429999351501465,2.259999990463257,2.2920000553131104,12300,0.0,0.0
2022-04-21 00:00:00-04:00,2.3299999237060547,2.5,2.2950000762939453,2.5,71100,0.0,0.0
2022-04-22 00:00:00-04:00,2.5999999046325684,2.8450000286102295,2.5999999046325684,2.5999999046325684,117900,0.0,0.0
2022-04-25 00:00:00-04:00,2.490000009536743,2.490000009536743,2.0,2.0999999046325684,317400,0.0,0.0
2022-04-26 00:00:00-04:00,2.0299999713897705,2.0799999237060547,2.0,2.0199999809265137,50000,0.0,0.0
2022-04-27 00:00:00-04:00,2.0199999809265137,2.049999952316284,1.9500000476837158,1.9600000381469727,37100,0.0,0.0
2022-04-28 00:00:00-04:00,1.9900000095367432,1.9900000095367432,1.906000018119812,1.9600000381469727,19600,0.0,0.0
2022-04-29 00:00:00-04:00,1.940000057220459,1.9900000095367432,1.899999976158142,1.940000057220459,36100,0.0,0.0
2022-05-02 00:00:00-04:00,1.9500000476837158,2.109999895095825,1.940000057220459,2.0399999618530273,48300,0.0,0.0
2022-05-03 00:00:00-04:00,1.9800000190734863,2.25,1.9600000381469727,2.069999933242798,127700,0.0,0.0
2022-05-04 00:00:00-04:00,2.0999999046325684,2.3499999046325684,2.0999999046325684,2.130000114440918,57400,0.0,0.0
2022-05-05 00:00:00-04:00,2.140000104904175,2.1500000953674316,2.009999990463257,2.009999990463257,20100,0.0,0.0
2022-05-06 00:00:00-04:00,2.009999990463257,2.0999999046325684,2.009999990463257,2.0299999713897705,9300,0.0,0.0
2022-05-09 00:00:00-04:00,2.1500000953674316,2.1500000953674316,1.9800000190734863,1.9800000190734863,49300,0.0,0.0
2022-05-10 00:00:00-04:00,1.9800000190734863,2.0,1.909999966621399,1.9500000476837158,52600,0.0,0.0
2022-05-11 00:00:00-04:00,1.9500000476837158,1.9980000257492065,1.5099999904632568,1.5299999713897705,60000,0.0,0.0
2022-05-12 00:00:00-04:00,1.5,1.63100004196167,1.2400000095367432,1.2400000095367432,82700,0.0,0.0
2022-05-13 00:00:00-04:00,1.2799999713897705,1.600000023841858,1.2799999713897705,1.5,65800,0.0,0.0
2022-05-16 00:00:00-04:00,1.5,1.6260000467300415,1.4900000095367432,1.5700000524520874,49100,0.0,0.0
2022-05-17 00:00:00-04:00,1.6799999475479126,1.8899999856948853,1.6399999856948853,1.7400000095367432,30400,0.0,0.0
2022-05-18 00:00:00-04:00,1.8600000143051147,1.8600000143051147,1.5800000429153442,1.649999976158142,18400,0.0,0.0
2022-05-19 00:00:00-04:00,1.6050000190734863,1.850000023841858,1.5410000085830688,1.8009999990463257,42400,0.0,0.0
2022-05-20 00:00:00-04:00,1.840000033378601,1.8799999952316284,1.628000020980835,1.6469999551773071,17800,0.0,0.0
2022-05-23 00:00:00-04:00,2.0199999809265137,2.0199999809265137,1.7000000476837158,1.850000023841858,105600,0.0,0.0
2022-05-24 00:00:00-04:00,1.9459999799728394,1.9459999799728394,1.6990000009536743,1.7100000381469727,22400,0.0,0.0
2022-05-25 00:00:00-04:00,1.7899999618530273,1.8760000467300415,1.75600004196167,1.7699999809265137,28800,0.0,0.0
2022-05-26 00:00:00-04:00,1.7999999523162842,1.7999999523162842,1.6799999475479126,1.715000033378601,53000,0.0,0.0
2022-05-27 00:00:00-04:00,1.6200000047683716,1.7020000219345093,1.6200000047683716,1.6799999475479126,11300,0.0,0.0
2022-05-31 00:00:00-04:00,1.6799999475479126,1.6799999475479126,1.5399999618530273,1.5399999618530273,9400,0.0,0.0
2022-06-01 00:00:00-04:00,1.534999966621399,1.590000033378601,1.5099999904632568,1.5740000009536743,11300,0.0,0.0
2022-06-02 00:00:00-04:00,1.5399999618530273,1.6100000143051147,1.5199999809265137,1.5199999809265137,17600,0.0,0.0
2022-06-03 00:00:00-04:00,1.6200000047683716,1.6200000047683716,1.5,1.5829999446868896,15500,0.0,0.0
2022-06-06 00:00:00-04:00,1.5449999570846558,1.5740000009536743,1.5,1.5099999904632568,24000,0.0,0.0
2022-06-07 00:00:00-04:00,1.5099999904632568,1.7300000190734863,1.4559999704360962,1.4700000286102295,12100,0.0,0.0
2022-06-08 00:00:00-04:00,1.472000002861023,1.5,1.399999976158142,1.4199999570846558,8300,0.0,0.0
2022-06-09 00:00:00-04:00,1.5800000429153442,2.299999952316284,1.5399999618530273,1.9900000095367432,328100,0.0,0.0
2022-06-10 00:00:00-04:00,2.0399999618530273,2.0799999237060547,1.8650000095367432,1.9600000381469727,84500,0.0,0.0
2022-06-13 00:00:00-04:00,1.8609999418258667,1.940000057220459,1.590000033378601,1.7300000190734863,42800,0.0,0.0
2022-06-14 00:00:00-04:00,1.7640000581741333,1.7649999856948853,1.4500000476837158,1.4500000476837158,26100,0.0,0.0
2022-06-15 00:00:00-04:00,1.5,1.7699999809265137,1.3600000143051147,1.4500000476837158,35800,0.0,0.0
2022-06-16 00:00:00-04:00,1.3949999809265137,1.4199999570846558,1.3799999952316284,1.3799999952316284,12500,0.0,0.0
2022-06-17 00:00:00-04:00,1.4500000476837158,1.4800000190734863,1.350000023841858,1.399999976158142,18600,0.0,0.0
2022-06-21 00:00:00-04:00,1.399999976158142,1.600000023841858,1.399999976158142,1.4600000381469727,17000,0.0,0.0
2022-06-22 00:00:00-04:00,1.4850000143051147,1.5390000343322754,1.3899999856948853,1.4240000247955322,10000,0.0,0.0
2022-06-23 00:00:00-04:00,1.4170000553131104,1.4170000553131104,1.309999942779541,1.3799999952316284,14500,0.0,0.0
2022-06-24 00:00:00-04:00,1.440000057220459,1.7999999523162842,1.350000023841858,1.7999999523162842,70800,0.0,0.0
2022-06-27 00:00:00-04:00,1.75,1.75,1.409999966621399,1.5399999618530273,27500,0.0,0.0
2022-06-28 00:00:00-04:00,1.621000051498413,1.6399999856948853,1.5700000524520874,1.6200000047683716,49300,0.0,0.0
2022-06-29 00:00:00-04:00,1.6200000047683716,1.6200000047683716,1.4800000190734863,1.4800000190734863,9200,0.0,0.0
2022-06-30 00:00:00-04:00,1.409999966621399,1.600000023841858,1.3799999952316284,1.4199999570846558,24200,0.0,0.0
2022-07-01 00:00:00-04:00,1.4199999570846558,1.4199999570846558,1.3200000524520874,1.350000023841858,8800,0.0,0.0
2022-07-05 00:00:00-04:00,1.2999999523162842,1.3849999904632568,1.2599999904632568,1.350000023841858,14900,0.0,0.0
2022-07-06 00:00:00-04:00,1.350000023841858,1.3799999952316284,1.340000033378601,1.350000023841858,6500,0.0,0.0
2022-07-07 00:00:00-04:00,1.350000023841858,1.440000057220459,1.2000000476837158,1.2400000095367432,61700,0.0,0.0
2022-07-08 00:00:00-04:00,1.2999999523162842,1.4600000381469727,1.25,1.4600000381469727,31800,0.0,0.0
2022-07-11 00:00:00-04:00,1.350000023841858,1.350000023841858,1.2430000305175781,1.2890000343322754,11700,0.0,0.0
2022-07-12 00:00:00-04:00,1.309999942779541,1.340000033378601,1.2000000476837158,1.2100000381469727,39100,0.0,0.0
2022-07-13 00:00:00-04:00,1.2000000476837158,1.2899999618530273,1.1829999685287476,1.2549999952316284,46900,0.0,0.0
2022-07-14 00:00:00-04:00,1.2200000286102295,1.409999966621399,1.1699999570846558,1.409999966621399,280100,0.0,0.0
2022-07-15 00:00:00-04:00,1.3899999856948853,1.3899999856948853,1.284000039100647,1.3700000047683716,57100,0.0,0.0
2022-07-18 00:00:00-04:00,1.409999966621399,1.409999966621399,1.2100000381469727,1.2359999418258667,33600,0.0,0.0
2022-07-19 00:00:00-04:00,1.25,1.25,1.149999976158142,1.180999994277954,41100,0.0,0.0
2022-07-20 00:00:00-04:00,1.1699999570846558,1.1699999570846558,1.1510000228881836,1.1699999570846558,52900,0.0,0.0
2022-07-21 00:00:00-04:00,1.149999976158142,1.149999976158142,1.0800000429153442,1.1299999952316284,23600,0.0,0.0
2022-07-22 00:00:00-04:00,1.1299999952316284,1.2699999809265137,1.1200000047683716,1.2450000047683716,28800,0.0,0.0
2022-07-25 00:00:00-04:00,1.222000002861023,1.3200000524520874,1.2120000123977661,1.3200000524520874,17700,0.0,0.0
2022-07-26 00:00:00-04:00,1.25,1.2699999809265137,1.190000057220459,1.2300000190734863,61300,0.0,0.0
2022-07-27 00:00:00-04:00,1.2200000286102295,1.2300000190734863,1.1699999570846558,1.2300000190734863,32300,0.0,0.0
2022-07-28 00:00:00-04:00,1.2000000476837158,1.2100000381469727,1.190000057220459,1.2000000476837158,30100,0.0,0.0
2022-07-29 00:00:00-04:00,1.2000000476837158,1.2000000476837158,1.159999966621399,1.190000057220459,44800,0.0,0.0
2022-08-01 00:00:00-04:00,1.159999966621399,1.2100000381469727,1.159999966621399,1.1699999570846558,45700,0.0,0.0
2022-08-02 00:00:00-04:00,1.2000000476837158,1.2000000476837158,1.1699999570846558,1.1799999475479126,39200,0.0,0.0
2022-08-03 00:00:00-04:00,1.159999966621399,1.2000000476837158,1.1050000190734863,1.1699999570846558,74300,0.0,0.0
2022-08-04 00:00:00-04:00,1.1299999952316284,1.149999976158142,1.100000023841858,1.1200000047683716,24800,0.0,0.0
2022-08-05 00:00:00-04:00,1.1100000143051147,1.1200000047683716,1.0800000429153442,1.1200000047683716,51400,0.0,0.0
2022-08-08 00:00:00-04:00,1.1299999952316284,1.1299999952316284,1.0199999809265137,1.100000023841858,92400,0.0,0.0
2022-08-09 00:00:00-04:00,1.100000023841858,1.1009999513626099,1.0,1.059999942779541,31900,0.0,0.0
2022-08-10 00:00:00-04:00,1.059999942779541,1.0800000429153442,0.9100000262260437,1.0800000429153442,248400,0.0,0.0
2022-08-11 00:00:00-04:00,1.0789999961853027,1.440000057220459,1.0700000524520874,1.1399999856948853,159000,0.0,0.0
2022-08-12 00:00:00-04:00,1.090000033378601,1.2960000038146973,1.0,1.0199999809265137,343200,0.0,0.0
2022-08-15 00:00:00-04:00,1.0,1.0199999809265137,0.9700000286102295,1.0199999809265137,74400,0.0,0.0
2022-08-16 00:00:00-04:00,0.9890000224113464,1.0199999809265137,0.9399999976158142,0.9900000095367432,105000,0.0,0.0
2022-08-17 00:00:00-04:00,0.9700000286102295,1.0,0.9380000233650208,0.9800000190734863,30800,0.0,0.0
2022-08-18 00:00:00-04:00,1.0,1.0,0.9419999718666077,0.9750000238418579,44300,0.0,0.0
2022-08-19 00:00:00-04:00,0.9800000190734863,0.9990000128746033,0.9120000004768372,0.9779999852180481,92900,0.0,0.0
2022-08-22 00:00:00-04:00,0.9700000286102295,1.0,0.8799999952316284,0.9940000176429749,104300,0.0,0.0
2022-08-23 00:00:00-04:00,0.9620000123977661,1.0299999713897705,0.9470000267028809,1.0,25300,0.0,0.0
2022-08-24 00:00:00-04:00,0.9800000190734863,1.0549999475479126,0.9200000166893005,1.0299999713897705,303900,0.0,0.0
2022-08-25 00:00:00-04:00,0.9890000224113464,1.0,0.9200000166893005,0.9559999704360962,60000,0.0,0.0
2022-08-26 00:00:00-04:00,0.9629999995231628,0.9850000143051147,0.8669999837875366,0.9290000200271606,59300,0.0,0.0
2022-08-29 00:00:00-04:00,0.9549999833106995,0.9800000190734863,0.8899999856948853,0.8999999761581421,23000,0.0,0.0
2022-08-30 00:00:00-04:00,0.9300000071525574,0.949999988079071,0.8299999833106995,0.9229999780654907,143800,0.0,0.0
2022-08-31 00:00:00-04:00,0.8500000238418579,0.9380000233650208,0.8500000238418579,0.9300000071525574,80300,0.0,0.0
2022-09-01 00:00:00-04:00,0.9300000071525574,0.9300000071525574,0.8799999952316284,0.8999999761581421,14400,0.0,0.0
2022-09-02 00:00:00-04:00,0.8650000095367432,0.8999999761581421,0.8450000286102295,0.8939999938011169,144700,0.0,0.0
2022-09-06 00:00:00-04:00,0.8700000047683716,0.8700000047683716,0.8299999833106995,0.8510000109672546,43300,0.0,0.0
2022-09-07 00:00:00-04:00,0.8500000238418579,0.8500000238418579,0.800000011920929,0.8299999833106995,93400,0.0,0.0
2022-09-08 00:00:00-04:00,0.8199999928474426,0.8700000047683716,0.7960000038146973,0.8479999899864197,210200,0.0,0.0
2022-09-09 00:00:00-04:00,0.7900000214576721,0.8479999899864197,0.7170000076293945,0.7599999904632568,237800,0.0,0.0
2022-09-12 00:00:00-04:00,0.7599999904632568,0.7599999904632568,0.699999988079071,0.699999988079071,83100,0.0,0.0
2022-09-13 00:00:00-04:00,0.7099999785423279,0.7099999785423279,0.6930000185966492,0.7059999704360962,20500,0.0,0.0
2022-09-14 00:00:00-04:00,0.6930000185966492,0.7350000143051147,0.6700000166893005,0.7269999980926514,41200,0.0,0.0
2022-09-15 00:00:00-04:00,0.7269999980926514,0.7269999980926514,0.6819999814033508,0.7099999785423279,30100,0.0,0.0
2022-09-16 00:00:00-04:00,0.7099999785423279,0.7300000190734863,0.6899999976158142,0.699999988079071,34700,0.0,0.0
2022-09-19 00:00:00-04:00,0.6539999842643738,0.7300000190734863,0.6539999842643738,0.699999988079071,53200,0.0,0.0
2022-09-20 00:00:00-04:00,0.699999988079071,0.7160000205039978,0.6499999761581421,0.699999988079071,34600,0.0,0.0
2022-09-21 00:00:00-04:00,0.6930000185966492,0.699999988079071,0.6700000166893005,0.6800000071525574,4200,0.0,0.0
2022-09-22 00:00:00-04:00,0.6700000166893005,0.6729999780654907,0.6200000047683716,0.6200000047683716,153800,0.0,0.0
2022-09-23 00:00:00-04:00,0.6650000214576721,0.6650000214576721,0.6420000195503235,0.6600000262260437,43000,0.0,0.0
2022-09-26 00:00:00-04:00,0.6660000085830688,0.8199999928474426,0.6299999952316284,0.7900000214576721,132300,0.0,0.0
2022-09-27 00:00:00-04:00,0.8109999895095825,1.0800000429153442,0.800000011920929,1.059000015258789,1067700,0.0,0.0
2022-09-28 00:00:00-04:00,1.0499999523162842,1.9299999475479126,1.0499999523162842,1.7000000476837158,4666700,0.0,0.0
2022-09-29 00:00:00-04:00,1.590000033378601,2.0899999141693115,1.3700000047683716,1.850000023841858,2660900,0.0,0.0
2022-09-30 00:00:00-04:00,1.8200000524520874,3.7699999809265137,1.8200000524520874,3.369999885559082,31728800,0.0,0.0
2022-10-03 00:00:00-04:00,4.210000038146973,6.5,4.179999828338623,6.5,73569000,0.0,0.0
2022-10-04 00:00:00-04:00,7.769999980926514,7.860000133514404,4.940000057220459,6.860000133514404,25989300,0.0,0.0
2022-10-05 00:00:00-04:00,6.320000171661377,9.359999656677246,5.25,8.859999656677246,25386000,0.0,0.0
2022-10-06 00:00:00-04:00,8.0,8.199999809265137,6.570000171661377,7.179999828338623,8888100,0.0,0.0
2022-10-07 00:00:00-04:00,6.5,8.100000381469727,6.25,7.380000114440918,6702500,0.0,0.0
2022-10-10 00:00:00-04:00,7.380000114440918,8.5,7.019999980926514,7.900000095367432,7416300,0.0,0.0
2022-10-11 00:00:00-04:00,8.0,8.5,7.619999885559082,7.909999847412109,4384900,0.0,0.0
2022-10-12 00:00:00-04:00,8.09000015258789,9.795000076293945,7.920000076293945,8.949999809265137,13054200,0.0,0.0
2022-10-13 00:00:00-04:00,9.100000381469727,9.479999542236328,8.569999694824219,8.600000381469727,2479900,0.0,0.0
2022-10-14 00:00:00-04:00,8.869999885559082,9.4399995803833,6.110000133514404,6.630000114440918,3526000,0.0,0.0
2022-10-17 00:00:00-04:00,6.880000114440918,7.150000095367432,4.820000171661377,4.900000095367432,2445700,0.0,0.0
2022-10-18 00:00:00-04:00,4.690000057220459,5.440000057220459,4.610000133514404,5.210000038146973,1802300,0.0,0.0
2022-10-19 00:00:00-04:00,5.010000228881836,6.090000152587891,5.010000228881836,5.78000020980835,1914000,0.0,0.0
2022-10-20 00:00:00-04:00,5.460000038146973,7.690000057220459,5.289999961853027,7.570000171661377,4807800,0.0,0.0
2022-10-21 00:00:00-04:00,7.449999809265137,7.909999847412109,6.800000190734863,7.03000020980835,2017600,0.0,0.0
2022-10-24 00:00:00-04:00,6.550000190734863,6.960000038146973,6.309999942779541,6.539999961853027,987500,0.0,0.0
2022-10-25 00:00:00-04:00,6.539999961853027,6.75,6.349999904632568,6.679999828338623,544900,0.0,0.0
2022-10-26 00:00:00-04:00,6.659999847412109,7.329999923706055,6.130000114440918,6.309999942779541,1094000,0.0,0.0
2022-10-27 00:00:00-04:00,6.349999904632568,6.809999942779541,6.0,6.760000228881836,984500,0.0,0.0
2022-10-28 00:00:00-04:00,6.300000190734863,7.0,6.300000190734863,6.940000057220459,601500,0.0,0.0
2022-10-31 00:00:00-04:00,7.099999904632568,7.880000114440918,7.070000171661377,7.349999904632568,1299300,0.0,0.0
2022-11-01 00:00:00-04:00,7.369999885559082,7.75,7.10099983215332,7.75,377000,0.0,0.0
2022-11-02 00:00:00-04:00,7.900000095367432,8.1899995803833,7.349999904632568,7.670000076293945,649500,0.0,0.0
2022-11-03 00:00:00-04:00,7.460000038146973,7.550000190734863,6.824999809265137,6.849999904632568,364900,0.0,0.0
2022-11-04 00:00:00-04:00,6.849999904632568,6.989999771118164,6.510000228881836,6.710000038146973,369500,0.0,0.0
2022-11-07 00:00:00-05:00,6.699999809265137,7.1620001792907715,6.570000171661377,6.610000133514404,233300,0.0,0.0
2022-11-08 00:00:00-05:00,6.599999904632568,6.840000152587891,5.909999847412109,6.610000133514404,626200,0.0,0.0
2022-11-09 00:00:00-05:00,6.670000076293945,6.735000133514404,6.190000057220459,6.679999828338623,180300,0.0,0.0
2022-11-10 00:00:00-05:00,6.820000171661377,6.820000171661377,6.110000133514404,6.230000019073486,533000,0.0,0.0
2022-11-11 00:00:00-05:00,6.070000171661377,6.619999885559082,5.889999866485596,6.510000228881836,382500,0.0,0.0
2022-11-14 00:00:00-05:00,6.550000190734863,6.730000019073486,5.949999809265137,5.989999771118164,264500,0.0,0.0
2022-11-15 00:00:00-05:00,6.099999904632568,6.150000095367432,5.599999904632568,5.699999809265137,364500,0.0,0.0
2022-11-16 00:00:00-05:00,5.670000076293945,5.800000190734863,5.349999904632568,5.440000057220459,197900,0.0,0.0
2022-11-17 00:00:00-05:00,5.349999904632568,5.440000057220459,5.079999923706055,5.099999904632568,206000,0.0,0.0
2022-11-18 00:00:00-05:00,5.21999979019165,5.900000095367432,5.21999979019165,5.860000133514404,469200,0.0,0.0
2022-11-21 00:00:00-05:00,5.599999904632568,5.650000095367432,5.210000038146973,5.579999923706055,296400,0.0,0.0
2022-11-22 00:00:00-05:00,5.480000019073486,5.5229997634887695,4.96999979019165,5.059999942779541,322500,0.0,0.0
2022-11-23 00:00:00-05:00,4.860000133514404,5.190000057220459,4.599999904632568,4.900000095367432,397700,0.0,0.0
2022-11-25 00:00:00-05:00,4.710000038146973,4.849999904632568,4.210000038146973,4.28000020980835,349500,0.0,0.0
2022-11-28 00:00:00-05:00,4.03000020980835,4.159999847412109,3.809999942779541,3.950000047683716,409300,0.0,0.0
2022-11-29 00:00:00-05:00,3.990000009536743,4.46999979019165,3.869999885559082,4.050000190734863,564900,0.0,0.0
2022-11-30 00:00:00-05:00,4.079999923706055,4.269999980926514,3.9000000953674316,4.239999771118164,382800,0.0,0.0
2022-12-01 00:00:00-05:00,4.199999809265137,4.639999866485596,4.150000095367432,4.320000171661377,219400,0.0,0.0
2022-12-02 00:00:00-05:00,4.28000020980835,4.659999847412109,4.199999809265137,4.340000152587891,203900,0.0,0.0
2022-12-05 00:00:00-05:00,4.340000152587891,4.400000095367432,3.9200000762939453,4.0,192000,0.0,0.0
2022-12-06 00:00:00-05:00,4.050000190734863,4.190000057220459,3.9100000858306885,4.119999885559082,119700,0.0,0.0
2022-12-07 00:00:00-05:00,4.119999885559082,4.190000057220459,3.869999885559082,4.130000114440918,165300,0.0,0.0
2022-12-08 00:00:00-05:00,4.139999866485596,4.190000057220459,3.572000026702881,3.7300000190734863,195400,0.0,0.0
2022-12-09 00:00:00-05:00,3.6600000858306885,4.090000152587891,3.6600000858306885,3.8399999141693115,201900,0.0,0.0
2022-12-12 00:00:00-05:00,3.8299999237060547,3.8299999237060547,3.2200000286102295,3.380000114440918,267200,0.0,0.0
2022-12-13 00:00:00-05:00,3.5299999713897705,3.559999942779541,3.25,3.450000047683716,156000,0.0,0.0
2022-12-14 00:00:00-05:00,3.450000047683716,3.5439999103546143,3.3299999237060547,3.4000000953674316,108500,0.0,0.0
2022-12-15 00:00:00-05:00,3.3299999237060547,3.4100000858306885,3.2249999046325684,3.390000104904175,108800,0.0,0.0
2022-12-16 00:00:00-05:00,3.359999895095825,3.7100000381469727,3.2799999713897705,3.6700000762939453,366800,0.0,0.0
2022-12-19 00:00:00-05:00,3.549999952316284,3.565999984741211,3.2699999809265137,3.309999942779541,91300,0.0,0.0
2022-12-20 00:00:00-05:00,3.319000005722046,3.549999952316284,3.265000104904175,3.390000104904175,64300,0.0,0.0
2022-12-21 00:00:00-05:00,3.3499999046325684,3.430000066757202,3.2100000381469727,3.2200000286102295,79200,0.0,0.0
2022-12-22 00:00:00-05:00,3.2300000190734863,3.3299999237060547,2.8399999141693115,2.9000000953674316,193900,0.0,0.0
2022-12-23 00:00:00-05:00,2.8299999237060547,3.299999952316284,2.809999942779541,3.240000009536743,227100,0.0,0.0
2022-12-27 00:00:00-05:00,3.200000047683716,3.2300000190734863,3.0299999713897705,3.0999999046325684,127400,0.0,0.0
2022-12-28 00:00:00-05:00,3.109999895095825,3.299999952316284,3.049999952316284,3.0999999046325684,125500,0.0,0.0
2022-12-29 00:00:00-05:00,3.0,3.119999885559082,2.9149999618530273,3.0,117200,0.0,0.0
2022-12-30 00:00:00-05:00,2.9100000858306885,2.993000030517578,2.558000087738037,2.809999942779541,182800,0.0,0.0
2023-01-03 00:00:00-05:00,2.7699999809265137,2.950000047683716,2.7100000381469727,2.819999933242798,175200,0.0,0.0
2023-01-04 00:00:00-05:00,3.0199999809265137,3.0199999809265137,2.7100000381469727,2.880000114440918,121800,0.0,0.0
2023-01-05 00:00:00-05:00,2.880000114440918,3.369999885559082,2.7899999618530273,3.119999885559082,148400,0.0,0.0
2023-01-06 00:00:00-05:00,3.200000047683716,4.079999923706055,3.130000114440918,3.8399999141693115,420900,0.0,0.0
2023-01-09 00:00:00-05:00,3.8399999141693115,4.119999885559082,3.7100000381469727,3.8399999141693115,182800,0.0,0.0
2023-01-10 00:00:00-05:00,3.7300000190734863,4.020999908447266,3.7300000190734863,3.9000000953674316,137700,0.0,0.0
2023-01-11 00:00:00-05:00,3.880000114440918,4.389999866485596,3.8329999446868896,4.210000038146973,261200,0.0,0.0
2023-01-12 00:00:00-05:00,4.159999847412109,4.199999809265137,3.799999952316284,3.869999885559082,177800,0.0,0.0
2023-01-13 00:00:00-05:00,3.940000057220459,4.099999904632568,3.760999917984009,4.03000020980835,149100,0.0,0.0
2023-01-17 00:00:00-05:00,4.0,4.420000076293945,3.869999885559082,3.9800000190734863,250800,0.0,0.0
2023-01-18 00:00:00-05:00,3.990000009536743,3.990000009536743,3.609999895095825,3.609999895095825,171400,0.0,0.0
2023-01-19 00:00:00-05:00,3.640000104904175,3.75,3.5199999809265137,3.569999933242798,100200,0.0,0.0
2023-01-20 00:00:00-05:00,3.5999999046325684,3.7799999713897705,3.5,3.75,106200,0.0,0.0
2023-01-23 00:00:00-05:00,3.690000057220459,3.990000009536743,3.6600000858306885,3.7899999618530273,150400,0.0,0.0
2023-01-24 00:00:00-05:00,3.7899999618530273,3.9100000858306885,3.6500000953674316,3.700000047683716,62900,0.0,0.0
2023-01-25 00:00:00-05:00,3.5999999046325684,3.890000104904175,3.5999999046325684,3.7699999809265137,73100,0.0,0.0
2023-01-26 00:00:00-05:00,3.8299999237060547,3.890000104904175,3.690000057220459,3.7799999713897705,68400,0.0,0.0
2023-01-27 00:00:00-05:00,3.690000057220459,4.090000152587891,3.690000057220459,3.930000066757202,120500,0.0,0.0
2023-01-30 00:00:00-05:00,3.9100000858306885,4.039999961853027,3.630000114440918,3.740000009536743,85900,0.0,0.0
2023-01-31 00:00:00-05:00,3.740000009536743,3.740000009536743,3.4000000953674316,3.4800000190734863,144400,0.0,0.0
2023-02-01 00:00:00-05:00,3.490000009536743,3.5999999046325684,3.3499999046325684,3.559999942779541,69600,0.0,0.0
2023-02-02 00:00:00-05:00,3.549999952316284,3.75,3.4600000381469727,3.619999885559082,73100,0.0,0.0
2023-02-03 00:00:00-05:00,3.619999885559082,3.619999885559082,3.3529999256134033,3.390000104904175,75900,0.0,0.0
2023-02-06 00:00:00-05:00,3.390000104904175,3.6519999504089355,3.25,3.2699999809265137,79200,0.0,0.0
2023-02-07 00:00:00-05:00,3.4600000381469727,3.5450000762939453,3.069999933242798,3.2799999713897705,105800,0.0,0.0
2023-02-08 00:00:00-05:00,3.1600000858306885,3.4800000190734863,3.1600000858306885,3.380000114440918,54700,0.0,0.0
2023-02-09 00:00:00-05:00,3.490000009536743,3.490000009536743,3.1700000762939453,3.2300000190734863,99900,0.0,0.0
2023-02-10 00:00:00-05:00,3.240000009536743,3.299999952316284,3.200000047683716,3.2899999618530273,52400,0.0,0.0
2023-02-13 00:00:00-05:00,3.240000009536743,3.299999952316284,3.0,3.119999885559082,88000,0.0,0.0
2023-02-14 00:00:00-05:00,3.0999999046325684,3.2750000953674316,3.069999933242798,3.0799999237060547,71400,0.0,0.0
2023-02-15 00:00:00-05:00,3.009999990463257,3.121000051498413,2.809999942779541,2.9000000953674316,101500,0.0,0.0
2023-02-16 00:00:00-05:00,2.9200000762939453,3.0299999713897705,2.7799999713897705,2.809999942779541,106900,0.0,0.0
2023-02-17 00:00:00-05:00,2.75,2.9600000381469727,2.75,2.859999895095825,50700,0.0,0.0
2023-02-21 00:00:00-05:00,2.940000057220459,3.0299999713897705,2.450000047683716,2.4600000381469727,140200,0.0,0.0
2023-02-22 00:00:00-05:00,2.430000066757202,2.5,2.0799999237060547,2.2200000286102295,129900,0.0,0.0
2023-02-23 00:00:00-05:00,2.200000047683716,2.3499999046325684,2.0999999046325684,2.1600000858306885,246400,0.0,0.0
2023-02-24 00:00:00-05:00,2.140000104904175,2.2660000324249268,1.809999942779541,1.850000023841858,182500,0.0,0.0
2023-02-27 00:00:00-05:00,1.7599999904632568,1.809999942779541,1.5199999809265137,1.6299999952316284,280900,0.0,0.0
2023-02-28 00:00:00-05:00,1.5700000524520874,1.6399999856948853,1.3899999856948853,1.440000057220459,354700,0.0,0.0
2023-03-01 00:00:00-05:00,1.409999966621399,1.5499999523162842,1.25,1.2599999904632568,308600,0.0,0.0
2023-03-02 00:00:00-05:00,1.25,1.2899999618530273,1.1100000143051147,1.1299999952316284,375200,0.0,0.0
2023-03-03 00:00:00-05:00,1.1799999475479126,1.4600000381469727,1.090000033378601,1.399999976158142,735900,0.0,0.0
2023-03-06 00:00:00-05:00,1.6299999952316284,1.7200000286102295,1.4199999570846558,1.4500000476837158,1516900,0.0,0.0
2023-03-07 00:00:00-05:00,1.409999966621399,1.4500000476837158,1.2799999713897705,1.2999999523162842,461300,0.0,0.0
2023-03-08 00:00:00-05:00,1.2999999523162842,1.3320000171661377,1.2000000476837158,1.2799999713897705,324100,0.0,0.0
2023-03-09 00:00:00-05:00,1.2699999809265137,1.2799999713897705,1.100000023841858,1.149999976158142,334000,0.0,0.0
2023-03-10 00:00:00-05:00,1.1699999570846558,1.1699999570846558,1.0499999523162842,1.1200000047683716,288300,0.0,0.0
2023-03-13 00:00:00-04:00,1.059999942779541,1.1299999952316284,1.0399999618530273,1.1100000143051147,243000,0.0,0.0
2023-03-14 00:00:00-04:00,1.0499999523162842,1.159999966621399,1.0099999904632568,1.059999942779541,388100,0.0,0.0
2023-03-15 00:00:00-04:00,1.0499999523162842,1.3669999837875366,1.0399999618530273,1.2699999809265137,539900,0.0,0.0
2023-03-16 00:00:00-04:00,1.3300000429153442,1.649999976158142,1.2799999713897705,1.559999942779541,1241400,0.0,0.0
2023-03-17 00:00:00-04:00,1.6399999856948853,1.7089999914169312,1.2999999523162842,1.3200000524520874,738100,0.0,0.0
2023-03-20 00:00:00-04:00,1.2799999713897705,1.2799999713897705,1.190000057220459,1.2400000095367432,171200,0.0,0.0
2023-03-21 00:00:00-04:00,1.2599999904632568,1.5299999713897705,1.2200000286102295,1.4299999475479126,323200,0.0,0.0
2023-03-22 00:00:00-04:00,1.4900000095367432,1.4900000095367432,1.3700000047683716,1.3799999952316284,77200,0.0,0.0
2023-03-23 00:00:00-04:00,1.399999976158142,1.440999984741211,1.25,1.2799999713897705,142400,0.0,0.0
2023-03-24 00:00:00-04:00,1.25,1.4800000190734863,1.25,1.4600000381469727,255900,0.0,0.0
2023-03-27 00:00:00-04:00,1.4900000095367432,1.5700000524520874,1.4600000381469727,1.5700000524520874,131200,0.0,0.0
2023-03-28 00:00:00-04:00,1.5499999523162842,1.5499999523162842,1.4700000286102295,1.5,50400,0.0,0.0
2023-03-29 00:00:00-04:00,1.5700000524520874,1.6160000562667847,1.5,1.5299999713897705,121700,0.0,0.0
2023-03-30 00:00:00-04:00,1.5199999809265137,1.5410000085830688,1.399999976158142,1.409999966621399,72100,0.0,0.0
2023-03-31 00:00:00-04:00,1.3899999856948853,1.5299999713897705,1.3799999952316284,1.5,169300,0.0,0.0
2023-04-03 00:00:00-04:00,1.5499999523162842,1.7000000476837158,1.4800000190734863,1.6100000143051147,228600,0.0,0.0
2023-04-04 00:00:00-04:00,1.6200000047683716,1.659999966621399,1.5199999809265137,1.5549999475479126,103700,0.0,0.0
2023-04-05 00:00:00-04:00,1.569000005722046,1.5950000286102295,1.399999976158142,1.409999966621399,53800,0.0,0.0
2023-04-06 00:00:00-04:00,1.4299999475479126,1.4700000286102295,1.4079999923706055,1.4500000476837158,22500,0.0,0.0
2023-04-10 00:00:00-04:00,1.4500000476837158,1.5449999570846558,1.4500000476837158,1.4500000476837158,79900,0.0,0.0
2023-04-11 00:00:00-04:00,1.4589999914169312,1.7699999809265137,1.4589999914169312,1.7300000190734863,247000,0.0,0.0
2023-04-12 00:00:00-04:00,1.7300000190734863,2.069999933242798,1.559999942779541,1.559999942779541,880600,0.0,0.0
2023-04-13 00:00:00-04:00,1.5700000524520874,1.940000057220459,1.5700000524520874,1.809999942779541,395700,0.0,0.0
2023-04-14 00:00:00-04:00,1.809999942779541,1.8799999952316284,1.649999976158142,1.8799999952316284,168400,0.0,0.0
2023-04-17 00:00:00-04:00,1.8200000524520874,1.8799999952316284,1.7599999904632568,1.809999942779541,117800,0.0,0.0
2023-04-18 00:00:00-04:00,1.809999942779541,1.8259999752044678,1.7100000381469727,1.7450000047683716,91200,0.0,0.0
2023-04-19 00:00:00-04:00,1.690000057220459,1.75,1.649999976158142,1.7300000190734863,37300,0.0,0.0
2023-04-20 00:00:00-04:00,1.6799999475479126,1.840000033378601,1.6799999475479126,1.809999942779541,76400,0.0,0.0
2023-04-21 00:00:00-04:00,1.7899999618530273,1.8300000429153442,1.600000023841858,1.6399999856948853,85400,0.0,0.0
2023-04-24 00:00:00-04:00,1.6619999408721924,1.7400000095367432,1.6200000047683716,1.684999942779541,92700,0.0,0.0
2023-04-25 00:00:00-04:00,1.6799999475479126,1.7300000190734863,1.559999942779541,1.590000033378601,131300,0.0,0.0
2023-04-26 00:00:00-04:00,1.600000023841858,1.7100000381469727,1.600000023841858,1.6699999570846558,69000,0.0,0.0
2023-04-27 00:00:00-04:00,1.7100000381469727,1.7400000095367432,1.6799999475479126,1.6799999475479126,43100,0.0,0.0
2023-04-28 00:00:00-04:00,1.6699999570846558,1.850000023841858,1.649999976158142,1.7400000095367432,122000,0.0,0.0
2023-05-01 00:00:00-04:00,1.7999999523162842,2.5,1.75,2.059999942779541,939300,0.0,0.0
2023-05-02 00:00:00-04:00,2.069999933242798,2.0999999046325684,1.850000023841858,2.0799999237060547,232700,0.0,0.0
2023-05-03 00:00:00-04:00,2.059999942779541,2.2149999141693115,1.9900000095367432,2.015000104904175,149400,0.0,0.0
2023-05-04 00:00:00-04:00,2.0199999809265137,2.2899999618530273,1.9800000190734863,2.2290000915527344,315300,0.0,0.0
2023-05-05 00:00:00-04:00,2.2799999713897705,2.380000114440918,2.1700000762939453,2.1700000762939453,206200,0.0,0.0
2023-05-08 00:00:00-04:00,2.240000009536743,2.3299999237060547,2.109999895095825,2.190000057220459,131900,0.0,0.0
2023-05-09 00:00:00-04:00,2.190000057220459,2.190000057220459,2.009999990463257,2.009999990463257,147100,0.0,0.0
2023-05-10 00:00:00-04:00,2.055000066757202,2.0999999046325684,1.7999999523162842,1.850000023841858,151900,0.0,0.0
2023-05-11 00:00:00-04:00,1.8200000524520874,1.9900000095367432,1.809999942779541,1.9700000286102295,87400,0.0,0.0
2023-05-12 00:00:00-04:00,2.0999999046325684,2.119999885559082,1.809000015258789,1.8250000476837158,103300,0.0,0.0
2023-05-15 00:00:00-04:00,1.8700000047683716,1.9600000381469727,1.659999966621399,1.7400000095367432,125200,0.0,0.0
2023-05-16 00:00:00-04:00,1.7400000095367432,1.7899999618530273,1.7000000476837158,1.75,44900,0.0,0.0
2023-05-17 00:00:00-04:00,1.7100000381469727,1.7619999647140503,1.6200000047683716,1.6399999856948853,160900,0.0,0.0
2023-05-18 00:00:00-04:00,1.649999976158142,1.6799999475479126,1.5399999618530273,1.6100000143051147,70400,0.0,0.0
2023-05-19 00:00:00-04:00,1.6200000047683716,1.659999966621399,1.5299999713897705,1.5499999523162842,75000,0.0,0.0
2023-05-22 00:00:00-04:00,1.5499999523162842,1.5499999523162842,1.399999976158142,1.399999976158142,138400,0.0,0.0
2023-05-23 00:00:00-04:00,1.3700000047683716,1.4600000381469727,1.3700000047683716,1.440000057220459,102100,0.0,0.0
2023-05-24 00:00:00-04:00,1.4880000352859497,1.4880000352859497,1.2999999523162842,1.3300000429153442,163500,0.0,0.0
2023-05-25 00:00:00-04:00,1.309999942779541,1.3600000143051147,1.2799999713897705,1.340000033378601,81000,0.0,0.0
2023-05-26 00:00:00-04:00,1.3799999952316284,1.534999966621399,1.340000033378601,1.5099999904632568,109400,0.0,0.0
2023-05-30 00:00:00-04:00,1.559999942779541,1.7300000190734863,1.5,1.7200000286102295,196800,0.0,0.0
2023-05-31 00:00:00-04:00,1.659999966621399,1.6920000314712524,1.5299999713897705,1.6299999952316284,127700,0.0,0.0
2023-06-01 00:00:00-04:00,1.590000033378601,1.6139999628067017,1.5199999809265137,1.5399999618530273,85800,0.0,0.0
2023-06-02 00:00:00-04:00,1.5299999713897705,1.600000023841858,1.3899999856948853,1.4500000476837158,98600,0.0,0.0
2023-06-05 00:00:00-04:00,1.4500000476837158,1.4739999771118164,1.4299999475479126,1.4700000286102295,48400,0.0,0.0
2023-06-06 00:00:00-04:00,1.4299999475479126,1.5399999618530273,1.399999976158142,1.399999976158142,149500,0.0,0.0
2023-06-07 00:00:00-04:00,1.3899999856948853,1.4500000476837158,1.3799999952316284,1.3799999952316284,70900,0.0,0.0
2023-06-08 00:00:00-04:00,1.3799999952316284,1.409999966621399,1.340000033378601,1.3600000143051147,71900,0.0,0.0
2023-06-09 00:00:00-04:00,1.340000033378601,1.3799999952316284,1.2999999523162842,1.3200000524520874,110300,0.0,0.0
2023-06-12 00:00:00-04:00,1.2999999523162842,1.4500000476837158,1.2999999523162842,1.409999966621399,69300,0.0,0.0
2023-06-13 00:00:00-04:00,1.440000057220459,1.4670000076293945,1.3799999952316284,1.3799999952316284,113100,0.0,0.0
2023-06-14 00:00:00-04:00,1.3980000019073486,1.8200000524520874,1.3799999952316284,1.7100000381469727,538800,0.0,0.0
2023-06-15 00:00:00-04:00,1.7400000095367432,2.049999952316284,1.6699999570846558,2.0299999713897705,481900,0.0,0.0
2023-06-16 00:00:00-04:00,2.3299999237060547,2.4600000381469727,2.0199999809265137,2.0199999809265137,2204400,0.0,0.0
2023-06-20 00:00:00-04:00,2.2100000381469727,2.5799999237060547,2.0199999809265137,2.3499999046325684,1347900,0.0,0.0
2023-06-21 00:00:00-04:00,2.3299999237060547,2.9000000953674316,2.1700000762939453,2.890000104904175,1721800,0.0,0.0
2023-06-22 00:00:00-04:00,3.049999952316284,3.309999942779541,2.6500000953674316,2.990000009536743,2380700,0.0,0.0
2023-06-23 00:00:00-04:00,2.8499999046325684,3.569999933242798,2.6600000858306885,3.430000066757202,1210600,0.0,0.0
2023-06-26 00:00:00-04:00,3.7200000286102295,4.159999847412109,3.490000009536743,4.150000095367432,2521600,0.0,0.0
2023-06-27 00:00:00-04:00,4.21999979019165,4.349999904632568,3.759999990463257,4.010000228881836,1354400,0.0,0.0
2023-06-28 00:00:00-04:00,3.7699999809265137,3.7890000343322754,3.0399999618530273,3.140000104904175,1400700,0.0,0.0
2023-06-29 00:00:00-04:00,2.890000104904175,3.125,2.5299999713897705,2.9000000953674316,1034000,0.0,0.0
2023-06-30 00:00:00-04:00,2.9100000858306885,3.200000047683716,2.869999885559082,2.990000009536743,454800,0.0,0.0
2023-07-03 00:00:00-04:00,3.130000114440918,3.6600000858306885,3.0899999141693115,3.630000114440918,496300,0.0,0.0
2023-07-05 00:00:00-04:00,3.5999999046325684,4.239999771118164,3.559999942779541,4.199999809265137,896400,0.0,0.0
2023-07-06 00:00:00-04:00,4.199999809265137,4.400000095367432,3.880000114440918,4.389999866485596,1082600,0.0,0.0
2023-07-07 00:00:00-04:00,4.380000114440918,5.050000190734863,4.099999904632568,4.550000190734863,1612100,0.0,0.0
2023-07-10 00:00:00-04:00,4.840000152587891,5.668000221252441,4.650000095367432,5.559999942779541,1617100,0.0,0.0
2023-07-11 00:00:00-04:00,5.800000190734863,7.0,5.449999809265137,6.71999979019165,3318600,0.0,0.0
2023-07-12 00:00:00-04:00,7.0,7.159999847412109,5.25,5.949999809265137,3151800,0.0,0.0
2023-07-13 00:00:00-04:00,5.929999828338623,6.300000190734863,4.900000095367432,6.019999980926514,1528500,0.0,0.0
2023-07-14 00:00:00-04:00,6.179999828338623,6.599999904632568,5.599999904632568,5.699999809265137,987000,0.0,0.0
2023-07-17 00:00:00-04:00,5.699999809265137,6.210000038146973,5.409999847412109,5.449999809265137,826700,0.0,0.0
2023-07-18 00:00:00-04:00,5.690000057220459,5.710000038146973,4.699999809265137,4.989999771118164,1287800,0.0,0.0
2023-07-19 00:00:00-04:00,4.940000057220459,5.170000076293945,4.429999828338623,4.429999828338623,1292900,0.0,0.0
2023-07-20 00:00:00-04:00,4.449999809265137,4.8979997634887695,4.449999809265137,4.570000171661377,748100,0.0,0.0
2023-07-21 00:00:00-04:00,4.409999847412109,4.449999809265137,3.8499999046325684,4.039999961853027,1082000,0.0,0.0
2023-07-24 00:00:00-04:00,3.9000000953674316,4.343999862670898,3.8489999771118164,4.230000019073486,508300,0.0,0.0
2023-07-25 00:00:00-04:00,4.110000133514404,4.960000038146973,4.110000133514404,4.690000057220459,891300,0.0,0.0
2023-07-26 00:00:00-04:00,4.800000190734863,5.25,4.610000133514404,4.78000020980835,882800,0.0,0.0
2023-07-27 00:00:00-04:00,4.75,4.78000020980835,4.46999979019165,4.619999885559082,400000,0.0,0.0
2023-07-28 00:00:00-04:00,4.5,5.349999904632568,4.5,5.130000114440918,808600,0.0,0.0
2023-07-31 00:00:00-04:00,5.139999866485596,6.0,5.139999866485596,5.920000076293945,1028900,0.0,0.0
2023-08-01 00:00:00-04:00,5.710000038146973,6.179999828338623,5.150000095367432,5.349999904632568,1267700,0.0,0.0
2023-08-02 00:00:00-04:00,5.309999942779541,6.0,5.309999942779541,5.739999771118164,936600,0.0,0.0
2023-08-03 00:00:00-04:00,5.760000228881836,5.849999904632568,5.514999866485596,5.809999942779541,486300,0.0,0.0
2023-08-04 00:00:00-04:00,5.989999771118164,6.0,5.150000095367432,5.210000038146973,702000,0.0,0.0
2023-08-07 00:00:00-04:00,5.130000114440918,5.460000038146973,4.900000095367432,5.150000095367432,530000,0.0,0.0
2023-08-08 00:00:00-04:00,5.019999980926514,5.440000057220459,4.941999912261963,5.409999847412109,424600,0.0,0.0
2023-08-09 00:00:00-04:00,5.389999866485596,5.630000114440918,5.150000095367432,5.150000095367432,432200,0.0,0.0
2023-08-10 00:00:00-04:00,5.150000095367432,5.400000095367432,5.139999866485596,5.199999809265137,208500,0.0,0.0
2023-08-11 00:00:00-04:00,5.150000095367432,5.800000190734863,5.150000095367432,5.460000038146973,781900,0.0,0.0
2023-08-14 00:00:00-04:00,5.570000171661377,5.900000095367432,5.409999847412109,5.5,567800,0.0,0.0
2023-08-15 00:00:00-04:00,5.5,5.539999961853027,4.909999847412109,4.980000019073486,473000,0.0,0.0
2023-08-16 00:00:00-04:00,4.900000095367432,4.999000072479248,4.5,4.820000171661377,383700,0.0,0.0
2023-08-17 00:00:00-04:00,4.800000190734863,4.867000102996826,4.610000133514404,4.75,229400,0.0,0.0
2023-08-18 00:00:00-04:00,4.670000076293945,5.079999923706055,4.650000095367432,4.96999979019165,390100,0.0,0.0
2023-08-21 00:00:00-04:00,5.0,5.039999961853027,4.300000190734863,4.420000076293945,406700,0.0,0.0
2023-08-22 00:00:00-04:00,4.46999979019165,4.546999931335449,4.050000190734863,4.25,326500,0.0,0.0
2023-08-23 00:00:00-04:00,4.25,4.550000190734863,3.9600000381469727,4.309999942779541,340800,0.0,0.0
2023-08-24 00:00:00-04:00,4.269999980926514,4.5,4.059999942779541,4.349999904632568,226500,0.0,0.0
2023-08-25 00:00:00-04:00,4.309999942779541,4.730000019073486,4.309999942779541,4.489999771118164,263000,0.0,0.0
2023-08-28 00:00:00-04:00,4.519999980926514,5.139999866485596,4.519999980926514,4.860000133514404,543700,0.0,0.0
2023-08-29 00:00:00-04:00,4.849999904632568,5.380000114440918,4.849999904632568,5.139999866485596,529900,0.0,0.0
2023-08-30 00:00:00-04:00,5.239999771118164,5.590000152587891,4.920000076293945,5.010000228881836,634700,0.0,0.0
2023-08-31 00:00:00-04:00,4.949999809265137,5.190000057220459,4.820000171661377,5.110000133514404,560300,0.0,0.0
2023-09-01 00:00:00-04:00,5.179999828338623,5.269999980926514,4.949999809265137,5.269999980926514,385900,0.0,0.0
2023-09-05 00:00:00-04:00,5.300000190734863,5.940000057220459,5.269999980926514,5.849999904632568,1061400,0.0,0.0
2023-09-06 00:00:00-04:00,5.840000152587891,6.0,5.510000228881836,6.0,858100,0.0,0.0
2023-09-07 00:00:00-04:00,6.0,6.1529998779296875,5.72599983215332,6.110000133514404,789300,0.0,0.0
2023-09-08 00:00:00-04:00,6.239999771118164,6.800000190734863,5.869999885559082,6.590000152587891,1629800,0.0,0.0
2023-09-11 00:00:00-04:00,6.590000152587891,7.110000133514404,6.400000095367432,6.849999904632568,1802100,0.0,0.0
2023-09-12 00:00:00-04:00,7.25,7.876999855041504,6.46999979019165,7.829999923706055,2998800,0.0,0.0
2023-09-13 00:00:00-04:00,7.880000114440918,7.96999979019165,7.320000171661377,7.739999771118164,1803200,0.0,0.0
2023-09-14 00:00:00-04:00,7.449999809265137,7.53000020980835,6.699999809265137,7.019999980926514,1212600,0.0,0.0
2023-09-15 00:00:00-04:00,7.039999961853027,7.130000114440918,5.929999828338623,6.039999961853027,1428200,0.0,0.0
2023-09-18 00:00:00-04:00,5.909999847412109,5.940000057220459,5.159999847412109,5.199999809265137,1043800,0.0,0.0
2023-09-19 00:00:00-04:00,5.170000076293945,5.894999980926514,5.113999843597412,5.559999942779541,1257900,0.0,0.0
2023-09-20 00:00:00-04:00,5.510000228881836,5.636000156402588,5.0,5.010000228881836,652800,0.0,0.0
2023-09-21 00:00:00-04:00,4.989999771118164,5.170000076293945,4.820000171661377,4.849999904632568,561800,0.0,0.0
2023-09-22 00:00:00-04:00,4.889999866485596,5.349999904632568,4.860000133514404,5.0,524700,0.0,0.0
2023-09-25 00:00:00-04:00,5.110000133514404,5.179999828338623,4.860000133514404,5.010000228881836,797800,0.0,0.0
2023-09-26 00:00:00-04:00,4.900000095367432,5.230000019073486,4.900000095367432,5.230000019073486,431500,0.0,0.0
2023-09-27 00:00:00-04:00,5.210000038146973,5.409999847412109,5.019999980926514,5.25,555000,0.0,0.0
2023-09-28 00:00:00-04:00,5.190000057220459,5.809999942779541,5.159999847412109,5.75,810500,0.0,0.0
2023-09-29 00:00:00-04:00,5.800000190734863,6.78000020980835,5.660999774932861,6.210000038146973,1672500,0.0,0.0
2023-10-02 00:00:00-04:00,6.260000228881836,7.369999885559082,6.260000228881836,7.0,2735300,0.0,0.0
2023-10-03 00:00:00-04:00,7.070000171661377,7.070000171661377,4.510000228881836,4.579999923706055,4680300,0.0,0.0
2023-10-04 00:00:00-04:00,4.909999847412109,5.5,4.599999904632568,5.440000057220459,2584400,0.0,0.0
2023-10-05 00:00:00-04:00,5.349999904632568,6.489999771118164,5.130000114440918,5.75,2679200,0.0,0.0
2023-10-06 00:00:00-04:00,5.75,6.650000095367432,5.670000076293945,6.449999809265137,1718700,0.0,0.0
2023-10-09 00:00:00-04:00,6.360000133514404,6.590000152587891,5.800000190734863,6.039999961853027,850400,0.0,0.0
2023-10-10 00:00:00-04:00,6.360000133514404,6.360000133514404,5.619999885559082,5.699999809265137,809200,0.0,0.0
2023-10-11 00:00:00-04:00,5.75,6.21999979019165,5.559999942779541,6.099999904632568,882900,0.0,0.0
2023-10-12 00:00:00-04:00,6.050000190734863,6.829999923706055,6.019999980926514,6.71999979019165,1428400,0.0,0.0
2023-10-13 00:00:00-04:00,6.679999828338623,7.0,6.230000019073486,6.630000114440918,889200,0.0,0.0
2023-10-16 00:00:00-04:00,6.980000019073486,7.0,6.168000221252441,6.739999771118164,993600,0.0,0.0
2023-10-17 00:00:00-04:00,6.409999847412109,6.980000019073486,6.409999847412109,6.539999961853027,935000,0.0,0.0
2023-10-18 00:00:00-04:00,6.889999866485596,6.889999866485596,6.320000171661377,6.349999904632568,1049900,0.0,0.0
2023-10-19 00:00:00-04:00,6.349999904632568,6.730000019073486,6.199999809265137,6.670000076293945,873800,0.0,0.0
2023-10-20 00:00:00-04:00,6.489999771118164,7.25,6.190000057220459,6.320000171661377,2466700,0.0,0.0
2023-10-23 00:00:00-04:00,6.099999904632568,6.150000095367432,5.5,5.630000114440918,1705100,0.0,0.0
2023-10-24 00:00:00-04:00,5.579999923706055,5.789999961853027,5.159999847412109,5.210000038146973,959700,0.0,0.0
2023-10-25 00:00:00-04:00,5.25,5.420000076293945,4.900000095367432,4.980000019073486,1026800,0.0,0.0
2023-10-26 00:00:00-04:00,5.0,5.550000190734863,4.800000190734863,5.480000019073486,746400,0.0,0.0
2023-10-27 00:00:00-04:00,5.349999904632568,5.739999771118164,5.21999979019165,5.650000095367432,423700,0.0,0.0
2023-10-30 00:00:00-04:00,5.599999904632568,6.150000095367432,5.599999904632568,6.079999923706055,641700,0.0,0.0
2023-10-31 00:00:00-04:00,6.099999904632568,6.139999866485596,5.789999961853027,5.980000019073486,455400,0.0,0.0
2023-11-01 00:00:00-04:00,5.960000038146973,6.099999904632568,5.360000133514404,5.53000020980835,831800,0.0,0.0
2023-11-02 00:00:00-04:00,5.559999942779541,5.78000020980835,5.559999942779541,5.659999847412109,397200,0.0,0.0
2023-11-03 00:00:00-04:00,5.5,5.769999980926514,5.234000205993652,5.309999942779541,637400,0.0,0.0
2023-11-06 00:00:00-05:00,5.329999923706055,5.35099983215332,4.960000038146973,5.050000190734863,627100,0.0,0.0
2023-11-07 00:00:00-05:00,5.0,5.25,4.849999904632568,5.050000190734863,576700,0.0,0.0
2023-11-08 00:00:00-05:00,5.139999866485596,5.139999866485596,4.659999847412109,4.760000228881836,569300,0.0,0.0
2023-11-09 00:00:00-05:00,4.690000057220459,4.829999923706055,4.489999771118164,4.53000020980835,538000,0.0,0.0
2023-11-10 00:00:00-05:00,4.71999979019165,4.730000019073486,4.5,4.550000190734863,366400,0.0,0.0
2023-11-13 00:00:00-05:00,4.46999979019165,4.820000171661377,4.25,4.71999979019165,436100,0.0,0.0
2023-11-14 00:00:00-05:00,4.769999980926514,5.119999885559082,4.760000228881836,5.010000228881836,429700,0.0,0.0
2023-11-15 00:00:00-05:00,5.199999809265137,5.260000228881836,4.739999771118164,4.920000076293945,463700,0.0,0.0
2023-11-16 00:00:00-05:00,4.96999979019165,5.117000102996826,4.639999866485596,4.699999809265137,369700,0.0,0.0
2023-11-17 00:00:00-05:00,4.630000114440918,4.702000141143799,4.449999809265137,4.53000020980835,445700,0.0,0.0
2023-11-20 00:00:00-05:00,4.510000228881836,4.550000190734863,4.010000228881836,4.034999847412109,1180900,0.0,0.0
2023-11-21 00:00:00-05:00,4.010000228881836,4.340000152587891,4.0,4.019999980926514,445100,0.0,0.0
2023-11-22 00:00:00-05:00,4.0,4.150000095367432,3.9000000953674316,4.059999942779541,402700,0.0,0.0
2023-11-24 00:00:00-05:00,3.9700000286102295,4.28000020980835,3.950000047683716,4.230000019073486,196700,0.0,0.0
2023-11-27 00:00:00-05:00,4.130000114440918,4.449999809265137,4.130000114440918,4.289999961853027,319100,0.0,0.0
2023-11-28 00:00:00-05:00,4.269999980926514,4.400000095367432,4.099999904632568,4.369999885559082,272400,0.0,0.0
2023-11-29 00:00:00-05:00,4.329999923706055,4.349999904632568,3.880000114440918,4.130000114440918,708400,0.0,0.0
2023-11-30 00:00:00-05:00,4.099999904632568,4.300000190734863,3.9800000190734863,4.230000019073486,228200,0.0,0.0
2023-12-01 00:00:00-05:00,4.25,4.360000133514404,4.132999897003174,4.329999923706055,435400,0.0,0.0
2023-12-04 00:00:00-05:00,4.400000095367432,4.5,4.190000057220459,4.320000171661377,347200,0.0,0.0
2023-12-05 00:00:00-05:00,4.210000038146973,4.289999961853027,4.039999961853027,4.139999866485596,292500,0.0,0.0
2023-12-06 00:00:00-05:00,4.179999828338623,4.21999979019165,4.059999942779541,4.130000114440918,153200,0.0,0.0
2023-12-07 00:00:00-05:00,4.21999979019165,4.21999979019165,3.930000066757202,4.010000228881836,211900,0.0,0.0
2023-12-08 00:00:00-05:00,3.990000009536743,4.179999828338623,3.990000009536743,4.130000114440918,157700,0.0,0.0
2023-12-11 00:00:00-05:00,4.199999809265137,4.360000133514404,4.052000045776367,4.230000019073486,502800,0.0,0.0
2023-12-12 00:00:00-05:00,4.230000019073486,4.400000095367432,4.119999885559082,4.309999942779541,292600,0.0,0.0
2023-12-13 00:00:00-05:00,4.260000228881836,4.480000019073486,4.21999979019165,4.349999904632568,362900,0.0,0.0
2023-12-14 00:00:00-05:00,4.389999866485596,4.5,4.079999923706055,4.130000114440918,657700,0.0,0.0
2023-12-15 00:00:00-05:00,4.150000095367432,4.28000020980835,3.950000047683716,3.950000047683716,1061300,0.0,0.0
2023-12-18 00:00:00-05:00,4.010000228881836,4.130000114440918,3.555000066757202,3.755000114440918,811800,0.0,0.0
2023-12-19 00:00:00-05:00,3.6600000858306885,4.03000020980835,3.6600000858306885,3.990000009536743,383100,0.0,0.0
2023-12-20 00:00:00-05:00,4.0,4.010000228881836,3.75,3.7699999809265137,462200,0.0,0.0
2023-12-21 00:00:00-05:00,3.809999942779541,3.881999969482422,3.700000047683716,3.819999933242798,362800,0.0,0.0
2023-12-22 00:00:00-05:00,3.859999895095825,4.179999828338623,3.8299999237060547,4.03000020980835,384300,0.0,0.0
2023-12-26 00:00:00-05:00,4.010000228881836,4.053999900817871,3.9000000953674316,3.9800000190734863,450600,0.0,0.0
2023-12-27 00:00:00-05:00,3.819999933242798,4.199999809265137,3.819999933242798,4.190000057220459,361200,0.0,0.0
2023-12-28 00:00:00-05:00,4.190000057220459,4.36299991607666,4.039999961853027,4.070000171661377,470700,0.0,0.0
2023-12-29 00:00:00-05:00,4.050000190734863,4.119999885559082,3.9100000858306885,4.019999980926514,357500,0.0,0.0
2024-01-02 00:00:00-05:00,4.010000228881836,4.119999885559082,3.8299999237060547,3.990000009536743,340900,0.0,0.0
2024-01-03 00:00:00-05:00,3.950000047683716,3.990000009536743,3.759999990463257,3.7899999618530273,343700,0.0,0.0
2024-01-04 00:00:00-05:00,3.9000000953674316,3.9040000438690186,3.5399999618530273,3.6600000858306885,485600,0.0,0.0
2024-01-05 00:00:00-05:00,3.569999933242798,3.7899999618530273,3.569999933242798,3.7200000286102295,234900,0.0,0.0
2024-01-08 00:00:00-05:00,3.75,3.75,3.4000000953674316,3.4200000762939453,476400,0.0,0.0
2024-01-09 00:00:00-05:00,3.369999885559082,3.5,3.2899999618530273,3.3499999046325684,323400,0.0,0.0
2024-01-10 00:00:00-05:00,3.390000104904175,3.4790000915527344,3.2899999618530273,3.299999952316284,220800,0.0,0.0
2024-01-11 00:00:00-05:00,3.359999895095825,3.4000000953674316,3.049999952316284,3.1600000858306885,329200,0.0,0.0
2024-01-12 00:00:00-05:00,3.309999942779541,3.309999942779541,3.0299999713897705,3.0799999237060547,232200,0.0,0.0
2024-01-16 00:00:00-05:00,2.75,3.0999999046325684,2.5999999046325684,2.944999933242798,829500,0.0,0.0
2024-01-17 00:00:00-05:00,2.9000000953674316,2.934000015258789,2.6500000953674316,2.6649999618530273,456800,0.0,0.0
2024-01-18 00:00:00-05:00,2.6600000858306885,2.7920000553131104,2.609999895095825,2.740000009536743,236400,0.0,0.0
2024-01-19 00:00:00-05:00,2.700000047683716,2.700000047683716,2.4600000381469727,2.615000009536743,297800,0.0,0.0
2024-01-22 00:00:00-05:00,2.5,2.6700000762939453,2.5,2.5999999046325684,224500,0.0,0.0
2024-01-23 00:00:00-05:00,2.569999933242798,2.690000057220459,2.3450000286102295,2.430000066757202,464100,0.0,0.0
2024-01-24 00:00:00-05:00,2.430000066757202,2.6500000953674316,2.299999952316284,2.440000057220459,465900,0.0,0.0
2024-01-25 00:00:00-05:00,2.3499999046325684,2.436000108718872,2.2149999141693115,2.2899999618530273,387400,0.0,0.0
2024-01-26 00:00:00-05:00,2.25,2.3499999046325684,2.2300000190734863,2.2699999809265137,311100,0.0,0.0
2024-01-29 00:00:00-05:00,2.3299999237060547,2.3399999141693115,2.1600000858306885,2.319999933242798,422100,0.0,0.0
2024-01-30 00:00:00-05:00,2.319999933242798,2.3399999141693115,2.2200000286102295,2.319999933242798,335700,0.0,0.0
2024-01-31 00:00:00-05:00,2.380000114440918,2.7699999809265137,2.25,2.369999885559082,1133100,0.0,0.0
2024-02-01 00:00:00-05:00,2.390000104904175,2.4800000190734863,2.2699999809265137,2.299999952316284,317100,0.0,0.0
2024-02-02 00:00:00-05:00,2.3399999141693115,2.4200000762939453,2.240000009536743,2.380000114440918,248300,0.0,0.0
2024-02-05 00:00:00-05:00,2.4000000953674316,2.4000000953674316,2.200000047683716,2.2300000190734863,170300,0.0,0.0
2024-02-06 00:00:00-05:00,2.259999990463257,2.299999952316284,2.1700000762939453,2.2300000190734863,255400,0.0,0.0
2024-02-07 00:00:00-05:00,2.259999990463257,2.259999990463257,2.049999952316284,2.140000104904175,278400,0.0,0.0
2024-02-08 00:00:00-05:00,2.180000066757202,2.25,2.0899999141693115,2.25,242400,0.0,0.0
2024-02-09 00:00:00-05:00,2.200000047683716,2.359999895095825,2.200000047683716,2.299999952316284,291400,0.0,0.0
2024-02-12 00:00:00-05:00,2.2899999618530273,2.3299999237060547,2.190000057220459,2.3299999237060547,225200,0.0,0.0
2024-02-13 00:00:00-05:00,2.309999942779541,2.309999942779541,2.1570000648498535,2.200000047683716,205200,0.0,0.0
2024-02-14 00:00:00-05:00,2.240000009536743,2.5,2.200000047683716,2.3299999237060547,396200,0.0,0.0
2024-02-15 00:00:00-05:00,2.380000114440918,2.630000114440918,2.325000047683716,2.619999885559082,263300,0.0,0.0
2024-02-16 00:00:00-05:00,2.6500000953674316,2.6600000858306885,2.450000047683716,2.549999952316284,221400,0.0,0.0
2024-02-20 00:00:00-05:00,2.640000104904175,2.700000047683716,2.509999990463257,2.559999942779541,282200,0.0,0.0
2024-02-21 00:00:00-05:00,2.630000114440918,2.630000114440918,2.430000066757202,2.509999990463257,194300,0.0,0.0
2024-02-22 00:00:00-05:00,2.5,2.7799999713897705,2.5,2.75,204900,0.0,0.0
2024-02-23 00:00:00-05:00,2.759999990463257,3.140000104904175,2.609999895095825,2.9800000190734863,432600,0.0,0.0
2024-02-26 00:00:00-05:00,3.0,3.009999990463257,2.7799999713897705,2.799999952316284,373900,0.0,0.0
2024-02-27 00:00:00-05:00,2.890000104904175,2.890000104904175,2.7009999752044678,2.799999952316284,210400,0.0,0.0
2024-02-28 00:00:00-05:00,2.759999990463257,2.8399999141693115,2.640000104904175,2.6600000858306885,186500,0.0,0.0
2024-02-29 00:00:00-05:00,2.7300000190734863,2.799999952316284,2.559999942779541,2.6700000762939453,249300,0.0,0.0
2024-03-01 00:00:00-05:00,2.7100000381469727,2.7100000381469727,2.4800000190734863,2.569999933242798,249800,0.0,0.0
2024-03-04 00:00:00-05:00,2.549999952316284,2.5799999237060547,2.369999885559082,2.390000104904175,238300,0.0,0.0
2024-03-05 00:00:00-05:00,2.430000066757202,2.4700000286102295,2.299999952316284,2.390000104904175,229100,0.0,0.0
2024-03-06 00:00:00-05:00,2.450000047683716,2.450000047683716,2.319999933242798,2.4000000953674316,147900,0.0,0.0
2024-03-07 00:00:00-05:00,2.4000000953674316,2.450000047683716,2.299999952316284,2.319999933242798,168700,0.0,0.0
2024-03-08 00:00:00-05:00,2.369999885559082,2.384000062942505,2.190000057220459,2.2200000286102295,207500,0.0,0.0
2024-03-11 00:00:00-04:00,2.2799999713897705,2.3299999237060547,2.2100000381469727,2.2699999809265137,217200,0.0,0.0
2024-03-12 00:00:00-04:00,2.299999952316284,2.312000036239624,2.2100000381469727,2.299999952316284,104900,0.0,0.0
2024-03-13 00:00:00-04:00,2.299999952316284,2.4200000762939453,2.259999990463257,2.319999933242798,205700,0.0,0.0
2024-03-14 00:00:00-04:00,2.2799999713897705,2.309999942779541,2.200000047683716,2.240000009536743,118500,0.0,0.0
2024-03-15 00:00:00-04:00,2.2100000381469727,2.240000009536743,2.0799999237060547,2.140000104904175,240500,0.0,0.0
2024-03-18 00:00:00-04:00,2.190000057220459,2.2100000381469727,2.1500000953674316,2.180000066757202,101700,0.0,0.0
2024-03-19 00:00:00-04:00,2.1500000953674316,2.187999963760376,2.009999990463257,2.049999952316284,311300,0.0,0.0
2024-03-20 00:00:00-04:00,2.049999952316284,2.130000114440918,1.9199999570846558,2.130000114440918,298200,0.0,0.0
2024-03-21 00:00:00-04:00,2.119999885559082,2.299999952316284,2.119999885559082,2.259999990463257,154200,0.0,0.0
2024-03-22 00:00:00-04:00,2.240000009536743,2.2980000972747803,2.0799999237060547,2.1500000953674316,181600,0.0,0.0
2024-03-25 00:00:00-04:00,2.25,2.25,2.119999885559082,2.2100000381469727,133700,0.0,0.0
2024-03-26 00:00:00-04:00,2.2100000381469727,2.25,2.049999952316284,2.065000057220459,213700,0.0,0.0
2024-03-27 00:00:00-04:00,2.0799999237060547,2.190000057220459,2.0320000648498535,2.1700000762939453,129900,0.0,0.0
2024-03-28 00:00:00-04:00,2.1600000858306885,2.2100000381469727,2.0299999713897705,2.0999999046325684,239100,0.0,0.0
2024-04-01 00:00:00-04:00,2.140000104904175,2.4200000762939453,2.119999885559082,2.4200000762939453,329400,0.0,0.0
2024-04-02 00:00:00-04:00,2.369999885559082,2.3929998874664307,2.1700000762939453,2.2100000381469727,158700,0.0,0.0
2024-04-03 00:00:00-04:00,2.200000047683716,2.3299999237060547,2.200000047683716,2.2799999713897705,184200,0.0,0.0
2024-04-04 00:00:00-04:00,2.309999942779541,2.609999895095825,2.2799999713897705,2.4700000286102295,297500,0.0,0.0
2024-04-05 00:00:00-04:00,2.5,2.940000057220459,2.496999979019165,2.640000104904175,532000,0.0,0.0
2024-04-08 00:00:00-04:00,2.6500000953674316,3.200000047683716,2.559999942779541,3.140000104904175,609300,0.0,0.0
2024-04-09 00:00:00-04:00,3.180000066757202,3.6700000762939453,3.059999942779541,3.2899999618530273,883200,0.0,0.0
2024-04-10 00:00:00-04:00,3.2100000381469727,3.940000057220459,3.119999885559082,3.190000057220459,1110700,0.0,0.0
2024-04-11 00:00:00-04:00,3.4000000953674316,3.4800000190734863,3.119999885559082,3.3299999237060547,525700,0.0,0.0
2024-04-12 00:00:00-04:00,3.359999895095825,3.440999984741211,3.0399999618530273,3.0799999237060547,744900,0.0,0.0
2024-04-15 00:00:00-04:00,3.0999999046325684,3.259000062942505,2.869999885559082,2.9200000762939453,340200,0.0,0.0
2024-04-16 00:00:00-04:00,2.9200000762939453,3.190000057220459,2.9200000762939453,3.115000009536743,253200,0.0,0.0
2024-04-17 00:00:00-04:00,3.119999885559082,3.4200000762939453,3.0,3.119999885559082,362900,0.0,0.0
2024-04-18 00:00:00-04:00,3.2200000286102295,3.2699999809265137,3.119999885559082,3.2100000381469727,232600,0.0,0.0
2024-04-19 00:00:00-04:00,3.2100000381469727,3.359999895095825,3.009999990463257,3.049999952316284,523700,0.0,0.0
2024-04-22 00:00:00-04:00,3.119999885559082,3.1700000762939453,3.0199999809265137,3.069999933242798,259500,0.0,0.0
2024-04-23 00:00:00-04:00,3.059999942779541,3.2360000610351562,3.0299999713897705,3.1500000953674316,330900,0.0,0.0
2024-04-24 00:00:00-04:00,3.109999895095825,3.2300000190734863,3.049999952316284,3.140000104904175,225500,0.0,0.0
2024-04-25 00:00:00-04:00,3.0999999046325684,3.240000009536743,3.049999952316284,3.1500000953674316,246400,0.0,0.0
2024-04-26 00:00:00-04:00,3.1500000953674316,3.5799999237060547,3.1449999809265137,3.5799999237060547,556300,0.0,0.0
2024-04-29 00:00:00-04:00,3.630000114440918,3.9600000381469727,3.619999885559082,3.869999885559082,533100,0.0,0.0
2024-04-30 00:00:00-04:00,3.799999952316284,3.950000047683716,3.299999952316284,3.5,782700,0.0,0.0
2024-05-01 00:00:00-04:00,3.5299999713897705,3.5999999046325684,3.390000104904175,3.4800000190734863,284800,0.0,0.0
2024-05-02 00:00:00-04:00,3.5199999809265137,3.635999917984009,3.3399999141693115,3.430000066757202,267700,0.0,0.0
2024-05-03 00:00:00-04:00,3.5,3.7899999618530273,3.4100000858306885,3.75,566100,0.0,0.0
2024-05-06 00:00:00-04:00,3.759999990463257,3.799999952316284,3.369999885559082,3.4700000286102295,374300,0.0,0.0
2024-05-07 00:00:00-04:00,3.4700000286102295,3.515000104904175,3.1600000858306885,3.2899999618530273,296300,0.0,0.0
2024-05-08 00:00:00-04:00,3.2699999809265137,3.390000104904175,3.109999895095825,3.2899999618530273,221100,0.0,0.0
2024-05-09 00:00:00-04:00,3.2699999809265137,3.369999885559082,3.1619999408721924,3.240000009536743,147900,0.0,0.0
2024-05-10 00:00:00-04:00,3.319999933242798,3.319999933242798,3.0799999237060547,3.1500000953674316,242500,0.0,0.0
2024-05-13 00:00:00-04:00,3.180000066757202,3.4700000286102295,3.180000066757202,3.4000000953674316,274800,0.0,0.0
2024-05-14 00:00:00-04:00,3.5899999141693115,3.6500000953674316,3.299999952316284,3.509999990463257,526800,0.0,0.0
2024-05-15 00:00:00-04:00,3.5399999618530273,3.5399999618530273,3.25,3.299999952316284,293300,0.0,0.0
2024-05-16 00:00:00-04:00,3.380000114440918,3.5799999237060547,3.25,3.299999952316284,373400,0.0,0.0
2024-05-17 00:00:00-04:00,3.2699999809265137,3.4200000762939453,3.180000066757202,3.2200000286102295,369000,0.0,0.0
2024-05-20 00:00:00-04:00,3.200000047683716,3.2300000190734863,2.9700000286102295,3.0,442500,0.0,0.0
2024-05-21 00:00:00-04:00,3.0199999809265137,3.200000047683716,2.9600000381469727,3.180000066757202,490800,0.0,0.0
2024-05-22 00:00:00-04:00,3.1700000762939453,3.2200000286102295,3.009999990463257,3.109999895095825,231700,0.0,0.0
2024-05-23 00:00:00-04:00,3.140000104904175,3.140000104904175,2.9000000953674316,2.950000047683716,622000,0.0,0.0
2024-05-24 00:00:00-04:00,2.9700000286102295,3.130000114440918,2.9700000286102295,3.109999895095825,287500,0.0,0.0
2024-05-28 00:00:00-04:00,3.200000047683716,3.200000047683716,3.0,3.1500000953674316,315200,0.0,0.0
2024-05-29 00:00:00-04:00,3.069999933242798,3.3299999237060547,3.069999933242798,3.130000114440918,389200,0.0,0.0
2024-05-30 00:00:00-04:00,3.1500000953674316,3.190000057220459,2.990000009536743,3.0799999237060547,415300,0.0,0.0
2024-05-31 00:00:00-04:00,3.130000114440918,3.25,3.0799999237060547,3.140000104904175,215100,0.0,0.0
2024-06-03 00:00:00-04:00,3.140000104904175,3.25,3.0,3.009999990463257,377700,0.0,0.0
2024-06-04 00:00:00-04:00,3.0,3.069999933242798,2.7200000286102295,2.950000047683716,529200,0.0,0.0
2024-06-05 00:00:00-04:00,2.9700000286102295,3.0999999046325684,2.9000000953674316,3.049999952316284,202500,0.0,0.0
2024-06-06 00:00:00-04:00,3.109999895095825,3.259999990463257,3.049999952316284,3.0799999237060547,330800,0.0,0.0
2024-06-07 00:00:00-04:00,3.0199999809265137,3.1700000762939453,2.880000114440918,2.9000000953674316,335300,0.0,0.0
2024-06-10 00:00:00-04:00,2.940000057220459,3.049999952316284,2.809999942779541,3.0199999809265137,261900,0.0,0.0
2024-06-11 00:00:00-04:00,3.0199999809265137,3.0199999809265137,2.7699999809265137,2.7899999618530273,220200,0.0,0.0
2024-06-12 00:00:00-04:00,2.869999885559082,2.890000104904175,2.75,2.7799999713897705,161300,0.0,0.0
2024-06-13 00:00:00-04:00,2.759999990463257,2.809999942779541,2.700000047683716,2.7899999618530273,173900,0.0,0.0
2024-06-14 00:00:00-04:00,2.75,2.7899999618530273,2.630000114440918,2.700000047683716,235200,0.0,0.0
2024-06-17 00:00:00-04:00,2.690000057220459,2.7699999809265137,2.549999952316284,2.5799999237060547,281500,0.0,0.0
2024-06-18 00:00:00-04:00,2.5899999141693115,2.9600000381469727,2.549999952316284,2.759999990463257,545500,0.0,0.0
2024-06-20 00:00:00-04:00,2.75,2.9800000190734863,2.619999885559082,2.859999895095825,286900,0.0,0.0
2024-06-21 00:00:00-04:00,2.880000114440918,2.880000114440918,2.759999990463257,2.7899999618530273,724600,0.0,0.0
2024-06-24 00:00:00-04:00,2.869999885559082,2.880000114440918,2.630000114440918,2.6600000858306885,254100,0.0,0.0
2024-06-25 00:00:00-04:00,2.680000066757202,2.7100000381469727,2.5899999141693115,2.6500000953674316,142500,0.0,0.0
2024-06-26 00:00:00-04:00,2.619999885559082,2.700000047683716,2.5,2.549999952316284,224200,0.0,0.0
2024-06-27 00:00:00-04:00,2.5899999141693115,2.6389999389648438,2.5299999713897705,2.569999933242798,136300,0.0,0.0
2024-06-28 00:00:00-04:00,2.559999942779541,2.6700000762939453,2.5199999809265137,2.549999952316284,246000,0.0,0.0
2024-07-01 00:00:00-04:00,2.4600000381469727,2.5250000953674316,2.0299999713897705,2.0899999141693115,768000,0.0,0.0
2024-07-02 00:00:00-04:00,2.109999895095825,2.1600000858306885,1.899999976158142,1.940000057220459,621900,0.0,0.0
2024-07-03 00:00:00-04:00,2.0199999809265137,2.0999999046325684,1.850000023841858,2.069999933242798,307600,0.0,0.0
2024-07-05 00:00:00-04:00,2.0299999713897705,2.0799999237060547,1.909999966621399,1.9299999475479126,418300,0.0,0.0
2024-07-08 00:00:00-04:00,1.9299999475479126,2.069999933242798,1.9299999475479126,1.9800000190734863,172400,0.0,0.0
2024-07-09 00:00:00-04:00,2.0,2.1700000762939453,1.9600000381469727,2.119999885559082,343200,0.0,0.0
2024-07-10 00:00:00-04:00,2.1500000953674316,2.430000066757202,2.109999895095825,2.200000047683716,532400,0.0,0.0
2024-07-11 00:00:00-04:00,2.2300000190734863,2.240000009536743,2.0,2.0399999618530273,251800,0.0,0.0
2024-07-12 00:00:00-04:00,2.059999942779541,2.140000104904175,2.0299999713897705,2.119999885559082,147200,0.0,0.0
2024-07-15 00:00:00-04:00,2.0899999141693115,2.25,2.0,2.194999933242798,186900,0.0,0.0
2024-07-16 00:00:00-04:00,2.200000047683716,2.25,2.119999885559082,2.130000114440918,156000,0.0,0.0
2024-07-17 00:00:00-04:00,2.2100000381469727,2.2200000286102295,2.1070001125335693,2.180000066757202,111900,0.0,0.0
2024-07-18 00:00:00-04:00,2.1700000762939453,2.2100000381469727,2.0899999141693115,2.140000104904175,137300,0.0,0.0
2024-07-19 00:00:00-04:00,2.0999999046325684,2.1549999713897705,2.0,2.0299999713897705,150500,0.0,0.0
2024-07-22 00:00:00-04:00,2.0399999618530273,2.069999933242798,1.9700000286102295,1.9800000190734863,164100,0.0,0.0
2024-07-23 00:00:00-04:00,2.0,2.049999952316284,1.9500000476837158,2.0199999809265137,212100,0.0,0.0
2024-07-24 00:00:00-04:00,1.9900000095367432,2.0299999713897705,1.972000002861023,2.0199999809265137,101000,0.0,0.0
2024-07-25 00:00:00-04:00,2.0199999809265137,2.2300000190734863,2.0199999809265137,2.109999895095825,222700,0.0,0.0
2024-07-26 00:00:00-04:00,2.119999885559082,2.1600000858306885,2.0199999809265137,2.1050000190734863,88200,0.0,0.0
2024-07-29 00:00:00-04:00,2.0899999141693115,2.0999999046325684,2.0,2.0199999809265137,191200,0.0,0.0
2024-07-30 00:00:00-04:00,2.0199999809265137,2.1600000858306885,2.009999990463257,2.130000114440918,185800,0.0,0.0
2024-07-31 00:00:00-04:00,2.109999895095825,2.240000009536743,2.0999999046325684,2.119999885559082,259800,0.0,0.0
2024-08-01 00:00:00-04:00,2.0999999046325684,2.180000066757202,2.0199999809265137,2.0299999713897705,141200,0.0,0.0
2024-08-02 00:00:00-04:00,2.009999990463257,2.049999952316284,1.9550000429153442,2.0199999809265137,147700,0.0,0.0
2024-08-05 00:00:00-04:00,1.899999976158142,1.9900000095367432,1.8200000524520874,1.9500000476837158,192600,0.0,0.0
2024-08-06 00:00:00-04:00,1.9500000476837158,2.0399999618530273,1.9500000476837158,2.0199999809265137,172500,0.0,0.0
2024-08-07 00:00:00-04:00,2.0299999713897705,2.0299999713897705,1.850000023841858,1.8619999885559082,169900,0.0,0.0
2024-08-08 00:00:00-04:00,1.899999976158142,1.9800000190734863,1.8300000429153442,1.9299999475479126,273100,0.0,0.0
2024-08-09 00:00:00-04:00,1.9500000476837158,1.9800000190734863,1.8600000143051147,1.8899999856948853,135800,0.0,0.0
2024-08-12 00:00:00-04:00,1.8799999952316284,1.9299999475479126,1.6299999952316284,1.684999942779541,313600,0.0,0.0
2024-08-13 00:00:00-04:00,1.7699999809265137,1.7699999809265137,1.659999966621399,1.7400000095367432,148200,0.0,0.0
2024-08-14 00:00:00-04:00,1.7000000476837158,1.850000023841858,1.7000000476837158,1.7699999809265137,95800,0.0,0.0
2024-08-15 00:00:00-04:00,1.7999999523162842,1.8899999856948853,1.7699999809265137,1.8200000524520874,118600,0.0,0.0
2024-08-16 00:00:00-04:00,1.7999999523162842,1.8550000190734863,1.7599999904632568,1.7999999523162842,99100,0.0,0.0
2024-08-19 00:00:00-04:00,1.840000033378601,1.9600000381469727,1.7209999561309814,1.8200000524520874,300600,0.0,0.0
2024-08-20 00:00:00-04:00,1.850000023841858,1.850000023841858,1.6950000524520874,1.7899999618530273,166600,0.0,0.0
2024-08-21 00:00:00-04:00,1.7799999713897705,1.909999966621399,1.7000000476837158,1.899999976158142,284800,0.0,0.0
2024-08-22 00:00:00-04:00,1.899999976158142,2.0999999046325684,1.8899999856948853,2.0999999046325684,345100,0.0,0.0
2024-08-23 00:00:00-04:00,2.0999999046325684,2.630000114440918,2.0999999046325684,2.4700000286102295,789800,0.0,0.0
2024-08-26 00:00:00-04:00,2.5999999046325684,3.180000066757202,2.380000114440918,2.549999952316284,1732700,0.0,0.0
2024-08-27 00:00:00-04:00,2.549999952316284,2.559999942779541,2.25,2.3399999141693115,443400,0.0,0.0
2024-08-28 00:00:00-04:00,2.3499999046325684,2.4700000286102295,2.2100000381469727,2.259999990463257,307800,0.0,0.0
2024-08-29 00:00:00-04:00,2.25,2.319999933242798,2.2200000286102295,2.2300000190734863,163000,0.0,0.0
2024-08-30 00:00:00-04:00,2.2100000381469727,2.2699999809265137,2.119999885559082,2.2200000286102295,177500,0.0,0.0
2024-09-03 00:00:00-04:00,2.180000066757202,2.200000047683716,2.049999952316284,2.0799999237060547,196800,0.0,0.0
2024-09-04 00:00:00-04:00,2.0739998817443848,2.2190001010894775,2.059999942779541,2.115000009536743,155700,0.0,0.0
2024-09-05 00:00:00-04:00,2.115000009536743,2.125999927520752,2.049999952316284,2.059999942779541,126900,0.0,0.0
2024-09-06 00:00:00-04:00,2.069999933242798,2.109999895095825,1.9900000095367432,2.0399999618530273,129600,0.0,0.0
2024-09-09 00:00:00-04:00,2.0399999618530273,2.140000104904175,2.009999990463257,2.0199999809265137,142900,0.0,0.0
2024-09-10 00:00:00-04:00,2.0299999713897705,2.1500000953674316,2.0299999713897705,2.1500000953674316,126800,0.0,0.0
2024-09-11 00:00:00-04:00,2.130000114440918,2.1600000858306885,2.009999990463257,2.049999952316284,203300,0.0,0.0
2024-09-12 00:00:00-04:00,2.059999942779541,2.119999885559082,2.0399999618530273,2.109999895095825,106800,0.0,0.0
2024-09-13 00:00:00-04:00,2.130000114440918,2.130000114440918,2.069999933242798,2.1050000190734863,144600,0.0,0.0
2024-09-16 00:00:00-04:00,2.1500000953674316,2.4100000858306885,2.130000114440918,2.3299999237060547,292500,0.0,0.0
2024-09-17 00:00:00-04:00,2.3399999141693115,2.4200000762939453,2.240000009536743,2.3399999141693115,141100,0.0,0.0
2024-09-18 00:00:00-04:00,2.3399999141693115,2.369999885559082,2.2100000381469727,2.259999990463257,113000,0.0,0.0
2024-09-19 00:00:00-04:00,2.2699999809265137,2.299999952316284,2.190000057220459,2.190000057220459,139200,0.0,0.0
2024-09-20 00:00:00-04:00,2.2200000286102295,2.2200000286102295,2.069999933242798,2.069999933242798,116900,0.0,0.0
2024-09-23 00:00:00-04:00,2.0799999237060547,2.1600000858306885,2.0799999237060547,2.130000114440918,130600,0.0,0.0
2024-09-24 00:00:00-04:00,2.1500000953674316,2.190000057220459,2.0899999141693115,2.0899999141693115,97100,0.0,0.0
2024-09-25 00:00:00-04:00,2.0999999046325684,2.138000011444092,2.0399999618530273,2.059999942779541,168000,0.0,0.0
2024-09-26 00:00:00-04:00,2.0820000171661377,2.140000104904175,2.0799999237060547,2.0899999141693115,82600,0.0,0.0
2024-09-27 00:00:00-04:00,2.140000104904175,2.2100000381469727,2.0999999046325684,2.1700000762939453,124500,0.0,0.0
2024-09-30 00:00:00-04:00,2.140000104904175,2.240000009536743,2.140000104904175,2.180000066757202,97800,0.0,0.0
2024-10-01 00:00:00-04:00,2.2100000381469727,2.2100000381469727,2.0899999141693115,2.140000104904175,95300,0.0,0.0
2024-10-02 00:00:00-04:00,2.130000114440918,2.140000104904175,2.069999933242798,2.0799999237060547,112700,0.0,0.0
2024-10-03 00:00:00-04:00,2.0899999141693115,2.130000114440918,2.069999933242798,2.0799999237060547,46600,0.0,0.0
2024-10-04 00:00:00-04:00,2.0999999046325684,2.1700000762939453,2.069999933242798,2.1600000858306885,78400,0.0,0.0
2024-10-07 00:00:00-04:00,2.180000066757202,2.180000066757202,2.059999942779541,2.0999999046325684,219500,0.0,0.0
2024-10-08 00:00:00-04:00,2.109999895095825,2.2100000381469727,2.0799999237060547,2.190000057220459,193600,0.0,0.0
2024-10-09 00:00:00-04:00,2.1600000858306885,2.3429999351501465,2.1600000858306885,2.1700000762939453,253000,0.0,0.0
2024-10-10 00:00:00-04:00,2.200000047683716,2.2899999618530273,2.1600000858306885,2.259999990463257,108800,0.0,0.0
2024-10-11 00:00:00-04:00,2.25,2.4600000381469727,2.25,2.4000000953674316,242800,0.0,0.0
2024-10-14 00:00:00-04:00,2.3499999046325684,2.380000114440918,2.132999897003174,2.184999942779541,394100,0.0,0.0
2024-10-15 00:00:00-04:00,2.190000057220459,2.2170000076293945,2.119999885559082,2.134999990463257,156300,0.0,0.0
2024-10-16 00:00:00-04:00,2.109999895095825,2.180000066757202,2.059999942779541,2.0999999046325684,261200,0.0,0.0
2024-10-17 00:00:00-04:00,2.0799999237060547,2.140000104904175,2.009999990463257,2.0399999618530273,190200,0.0,0.0
2024-10-18 00:00:00-04:00,2.0199999809265137,2.0799999237060547,1.9600000381469727,1.9800000190734863,210000,0.0,0.0
2024-10-21 00:00:00-04:00,1.9700000286102295,2.009999990463257,1.8200000524520874,1.8700000047683716,387400,0.0,0.0
2024-10-22 00:00:00-04:00,1.8799999952316284,1.9199999570846558,1.809999942779541,1.9199999570846558,237800,0.0,0.0
2024-10-23 00:00:00-04:00,1.8700000047683716,1.9900000095367432,1.8600000143051147,1.8799999952316284,184600,0.0,0.0
2024-10-24 00:00:00-04:00,1.899999976158142,1.9299999475479126,1.8799999952316284,1.909999966621399,73400,0.0,0.0
2024-10-25 00:00:00-04:00,1.8899999856948853,1.9700000286102295,1.8600000143051147,1.940000057220459,143600,0.0,0.0
2024-10-28 00:00:00-04:00,1.9600000381469727,2.0899999141693115,1.9320000410079956,2.049999952316284,156000,0.0,0.0
2024-10-29 00:00:00-04:00,2.049999952316284,2.059999942779541,2.0,2.049999952316284,213200,0.0,0.0
2024-10-30 00:00:00-04:00,2.0199999809265137,2.0399999618530273,1.9299999475479126,1.940000057220459,177300,0.0,0.0
2024-10-31 00:00:00-04:00,1.940000057220459,1.9600000381469727,1.8600000143051147,1.8799999952316284,111400,0.0,0.0
2024-11-01 00:00:00-04:00,1.8799999952316284,1.9299999475479126,1.7899999618530273,1.850000023841858,113900,0.0,0.0
2024-11-04 00:00:00-05:00,1.8799999952316284,1.9199999570846558,1.7999999523162842,1.840000033378601,126600,0.0,0.0
2024-11-05 00:00:00-05:00,1.809999942779541,1.9199999570846558,1.809999942779541,1.8899999856948853,110900,0.0,0.0
2024-11-06 00:00:00-05:00,1.9800000190734863,2.0,1.9299999475479126,1.9800000190734863,133300,0.0,0.0
2024-11-07 00:00:00-05:00,2.0,2.1679999828338623,1.9520000219345093,2.115000009536743,203500,0.0,0.0
2024-11-08 00:00:00-05:00,2.109999895095825,2.390000104904175,2.109999895095825,2.2699999809265137,293100,0.0,0.0
2024-11-11 00:00:00-05:00,2.299999952316284,2.319999933242798,2.059999942779541,2.109999895095825,239600,0.0,0.0
2024-11-12 00:00:00-05:00,2.134999990463257,2.1700000762939453,2.0299999713897705,2.069999933242798,182700,0.0,0.0
2024-11-13 00:00:00-05:00,2.049999952316284,2.130000114440918,2.009999990463257,2.0299999713897705,109400,0.0,0.0
2024-11-14 00:00:00-05:00,2.049999952316284,2.049999952316284,1.9500000476837158,1.9900000095367432,104300,0.0,0.0
2024-11-15 00:00:00-05:00,1.9500000476837158,2.006999969482422,1.909999966621399,1.9600000381469727,195500,0.0,0.0
2024-11-18 00:00:00-05:00,1.9500000476837158,2.0199999809265137,1.9199999570846558,1.9800000190734863,121100,0.0,0.0
2024-11-19 00:00:00-05:00,1.9900000095367432,2.0269999504089355,1.8700000047683716,1.909999966621399,128700,0.0,0.0
2024-11-20 00:00:00-05:00,1.8899999856948853,2.0,1.8209999799728394,1.909999966621399,197900,0.0,0.0
2024-11-21 00:00:00-05:00,1.9199999570846558,2.1500000953674316,1.8700000047683716,2.059999942779541,303300,0.0,0.0
2024-11-22 00:00:00-05:00,2.0399999618530273,2.119999885559082,1.8899999856948853,1.899999976158142,176500,0.0,0.0
2024-11-25 00:00:00-05:00,1.9500000476837158,2.0199999809265137,1.940000057220459,1.940000057220459,142800,0.0,0.0
2024-11-26 00:00:00-05:00,1.9500000476837158,2.009999990463257,1.9199999570846558,1.9299999475479126,165400,0.0,0.0
2024-11-27 00:00:00-05:00,1.9700000286102295,1.9700000286102295,1.9299999475479126,1.9700000286102295,78600,0.0,0.0
2024-11-29 00:00:00-05:00,1.9700000286102295,2.049999952316284,1.9700000286102295,2.0399999618530273,91100,0.0,0.0
2024-12-02 00:00:00-05:00,2.0,2.049999952316284,1.9900000095367432,2.0199999809265137,122600,0.0,0.0
2024-12-03 00:00:00-05:00,1.9800000190734863,2.0299999713897705,1.9800000190734863,1.9900000095367432,94200,0.0,0.0
2024-12-04 00:00:00-05:00,1.9900000095367432,2.0399999618530273,1.9700000286102295,2.009999990463257,94200,0.0,0.0
2024-12-05 00:00:00-05:00,2.0199999809265137,2.0199999809265137,1.9500000476837158,1.9700000286102295,114100,0.0,0.0
2024-12-06 00:00:00-05:00,1.9600000381469727,2.009999990463257,1.9500000476837158,1.9600000381469727,121900,0.0,0.0
2024-12-09 00:00:00-05:00,1.9900000095367432,2.0,1.899999976158142,1.9800000190734863,337300,0.0,0.0
2024-12-10 00:00:00-05:00,1.9600000381469727,1.9900000095367432,1.9600000381469727,1.9800000190734863,108500,0.0,0.0
2024-12-11 00:00:00-05:00,1.9600000381469727,2.0,1.9500000476837158,1.9700000286102295,233200,0.0,0.0
2024-12-12 00:00:00-05:00,1.9700000286102295,2.0399999618530273,1.9600000381469727,2.0399999618530273,252400,0.0,0.0
2024-12-13 00:00:00-05:00,2.049999952316284,2.2360000610351562,1.9700000286102295,2.190000057220459,247000,0.0,0.0
2024-12-16 00:00:00-05:00,2.2799999713897705,2.700000047683716,2.2300000190734863,2.2699999809265137,989900,0.0,0.0
2024-12-17 00:00:00-05:00,2.259999990463257,2.2850000858306885,2.059999942779541,2.0799999237060547,206600,0.0,0.0
2024-12-18 00:00:00-05:00,2.059999942779541,2.1600000858306885,2.0250000953674316,2.059999942779541,170200,0.0,0.0
2024-12-19 00:00:00-05:00,2.119999885559082,2.119999885559082,1.9800000190734863,2.0,180700,0.0,0.0
2024-12-20 00:00:00-05:00,1.5,1.5499999523162842,1.0299999713897705,1.0700000524520874,4475000,0.0,0.0
2024-12-23 00:00:00-05:00,1.190000057220459,1.25,1.1100000143051147,1.1200000047683716,1140900,0.0,0.0
2024-12-24 00:00:00-05:00,1.1200000047683716,1.159000039100647,1.0800000429153442,1.100000023841858,431100,0.0,0.0
2024-12-26 00:00:00-05:00,1.1699999570846558,1.3300000429153442,1.1100000143051147,1.2699999809265137,792300,0.0,0.0
2024-12-27 00:00:00-05:00,1.25,1.2999999523162842,1.2000000476837158,1.2699999809265137,304700,0.0,0.0
2024-12-30 00:00:00-05:00,1.2699999809265137,1.2699999809265137,1.1299999952316284,1.1799999475479126,477000,0.0,0.0
2024-12-31 00:00:00-05:00,1.2000000476837158,1.2699999809265137,1.2000000476837158,1.2000000476837158,313400,0.0,0.0
2025-01-02 00:00:00-05:00,1.2400000095367432,1.2699999809265137,1.149999976158142,1.1799999475479126,269400,0.0,0.0
2025-01-03 00:00:00-05:00,1.1699999570846558,1.2300000190734863,1.1399999856948853,1.2100000381469727,246300,0.0,0.0
2025-01-06 00:00:00-05:00,1.2200000286102295,1.2710000276565552,1.2100000381469727,1.2300000190734863,243400,0.0,0.0
2025-01-07 00:00:00-05:00,1.25,1.25,1.159999966621399,1.1799999475479126,206600,0.0,0.0
2025-01-08 00:00:00-05:00,1.190000057220459,1.2100000381469727,1.100000023841858,1.1399999856948853,231500,0.0,0.0
2025-01-10 00:00:00-05:00,1.190000057220459,1.190000057220459,1.1100000143051147,1.149999976158142,194000,0.0,0.0
2025-01-13 00:00:00-05:00,1.1200000047683716,1.1799999475479126,1.1100000143051147,1.1699999570846558,222700,0.0,0.0
2025-01-14 00:00:00-05:00,1.159999966621399,1.1799999475479126,1.1200000047683716,1.1299999952316284,122600,0.0,0.0
2025-01-15 00:00:00-05:00,1.1699999570846558,1.1699999570846558,1.1200000047683716,1.1699999570846558,124700,0.0,0.0
2025-01-16 00:00:00-05:00,1.159999966621399,1.2300000190734863,1.1299999952316284,1.2000000476837158,247000,0.0,0.0
2025-01-17 00:00:00-05:00,1.2000000476837158,1.25,1.1699999570846558,1.1799999475479126,299600,0.0,0.0
2025-01-21 00:00:00-05:00,1.2000000476837158,1.2089999914169312,1.1200000047683716,1.159999966621399,176100,0.0,0.0
2025-01-22 00:00:00-05:00,1.159999966621399,1.1660000085830688,1.1399999856948853,1.159999966621399,79900,0.0,0.0
2025-01-23 00:00:00-05:00,1.1399999856948853,1.2000000476837158,1.1100000143051147,1.1799999475479126,196400,0.0,0.0
2025-01-24 00:00:00-05:00,1.2000000476837158,1.3300000429153442,1.1799999475479126,1.309999942779541,481800,0.0,0.0
2025-01-27 00:00:00-05:00,1.350000023841858,1.4299999475479126,1.2899999618530273,1.350000023841858,365000,0.0,0.0
2025-01-28 00:00:00-05:00,1.350000023841858,1.3700000047683716,1.25,1.3600000143051147,157400,0.0,0.0
2025-01-29 00:00:00-05:00,1.350000023841858,1.3680000305175781,1.2799999713897705,1.3300000429153442,113700,0.0,0.0
2025-01-30 00:00:00-05:00,1.2899999618530273,1.3300000429153442,1.2300000190734863,1.2300000190734863,226000,0.0,0.0
2025-01-31 00:00:00-05:00,1.2200000286102295,1.284999966621399,1.2200000286102295,1.2599999904632568,110300,0.0,0.0
2025-02-03 00:00:00-05:00,1.2200000286102295,1.2699999809265137,1.2000000476837158,1.25,162200,0.0,0.0
2025-02-04 00:00:00-05:00,1.25,1.3200000524520874,1.2400000095367432,1.2999999523162842,118100,0.0,0.0
2025-02-05 00:00:00-05:00,1.3200000524520874,1.3799999952316284,1.2999999523162842,1.3200000524520874,163500,0.0,0.0
2025-02-06 00:00:00-05:00,1.309999942779541,1.350000023841858,1.2599999904632568,1.2899999618530273,87300,0.0,0.0
2025-02-07 00:00:00-05:00,1.2999999523162842,1.3300000429153442,1.2200000286102295,1.2400000095367432,158700,0.0,0.0
2025-02-10 00:00:00-05:00,1.2400000095367432,1.2999999523162842,1.2400000095367432,1.2799999713897705,136300,0.0,0.0
2025-02-11 00:00:00-05:00,1.2699999809265137,1.2699999809265137,1.2100000381469727,1.2300000190734863,200400,0.0,0.0
2025-02-12 00:00:00-05:00,1.2200000286102295,1.2400000095367432,1.1399999856948853,1.190000057220459,325100,0.0,0.0
2025-02-13 00:00:00-05:00,1.2000000476837158,1.2400000095367432,1.1200000047683716,1.159999966621399,359700,0.0,0.0
2025-02-14 00:00:00-05:00,1.2100000381469727,1.2230000495910645,1.1399999856948853,1.1699999570846558,301700,0.0,0.0
2025-02-18 00:00:00-05:00,1.159999966621399,1.2009999752044678,1.1200000047683716,1.149999976158142,225300,0.0,0.0
2025-02-19 00:00:00-05:00,1.149999976158142,1.1660000085830688,1.1200000047683716,1.1399999856948853,187200,0.0,0.0
2025-02-20 00:00:00-05:00,1.1399999856948853,1.3200000524520874,1.1349999904632568,1.2999999523162842,574700,0.0,0.0
2025-02-21 00:00:00-05:00,1.2699999809265137,1.3899999856948853,1.2699999809265137,1.3700000047683716,644300,0.0,0.0
2025-02-24 00:00:00-05:00,1.399999976158142,1.4700000286102295,1.25,1.2599999904632568,416900,0.0,0.0
2025-02-25 00:00:00-05:00,1.2599999904632568,1.340000033378601,1.159999966621399,1.2000000476837158,294600,0.0,0.0
2025-02-26 00:00:00-05:00,1.2200000286102295,1.2400000095367432,1.1799999475479126,1.2400000095367432,93000,0.0,0.0
2025-02-27 00:00:00-05:00,1.2699999809265137,1.2970000505447388,1.2300000190734863,1.25,148000,0.0,0.0
2025-02-28 00:00:00-05:00,1.2699999809265137,1.2869999408721924,1.1299999952316284,1.190000057220459,333600,0.0,0.0
2025-03-03 00:00:00-05:00,1.2300000190734863,1.25,1.149999976158142,1.159999966621399,133200,0.0,0.0
2025-03-04 00:00:00-05:00,1.1399999856948853,1.2799999713897705,1.1200000047683716,1.2599999904632568,359700,0.0,0.0
2025-03-05 00:00:00-05:00,1.2899999618530273,1.399999976158142,1.2200000286102295,1.399999976158142,269500,0.0,0.0
2025-03-06 00:00:00-05:00,1.4299999475479126,1.4299999475479126,1.3200000524520874,1.3300000429153442,142500,0.0,0.0
2025-03-07 00:00:00-05:00,1.3300000429153442,1.371000051498413,1.2400000095367432,1.2899999618530273,209900,0.0,0.0
2025-03-10 00:00:00-04:00,1.2999999523162842,1.2999999523162842,1.2100000381469727,1.25,159200,0.0,0.0
2025-03-11 00:00:00-04:00,1.25,1.2929999828338623,1.1799999475479126,1.2610000371932983,142800,0.0,0.0
2025-03-12 00:00:00-04:00,1.2799999713897705,1.399999976158142,1.25,1.3899999856948853,471900,0.0,0.0
2025-03-13 00:00:00-04:00,1.3799999952316284,1.399999976158142,1.2799999713897705,1.2999999523162842,163500,0.0,0.0
2025-03-14 00:00:00-04:00,1.340000033378601,1.3899999856948853,1.309999942779541,1.350000023841858,118400,0.0,0.0
2025-03-17 00:00:00-04:00,1.350000023841858,1.3899999856948853,1.3300000429153442,1.3899999856948853,102800,0.0,0.0
2025-03-18 00:00:00-04:00,1.3899999856948853,1.4199999570846558,1.340000033378601,1.4149999618530273,168000,0.0,0.0
2025-03-19 00:00:00-04:00,1.409999966621399,1.6699999570846558,1.399999976158142,1.5099999904632568,660000,0.0,0.0
2025-03-20 00:00:00-04:00,1.590000033378601,1.590000033378601,1.4199999570846558,1.4600000381469727,518100,0.0,0.0
2025-03-21 00:00:00-04:00,1.4700000286102295,1.6799999475479126,1.4600000381469727,1.559999942779541,454800,0.0,0.0
2025-03-24 00:00:00-04:00,1.649999976158142,1.8300000429153442,1.5399999618530273,1.559999942779541,669800,0.0,0.0
2025-03-25 00:00:00-04:00,1.600000023841858,1.7200000286102295,1.5800000429153442,1.6299999952316284,309400,0.0,0.0
2025-03-26 00:00:00-04:00,1.6299999952316284,1.690000057220459,1.5499999523162842,1.5700000524520874,242100,0.0,0.0
2025-03-27 00:00:00-04:00,1.5700000524520874,1.6100000143051147,1.5700000524520874,1.590000033378601,121800,0.0,0.0
2025-03-28 00:00:00-04:00,1.5700000524520874,1.5800000429153442,1.4299999475479126,1.4500000476837158,274900,0.0,0.0
2025-03-31 00:00:00-04:00,1.4299999475479126,1.4500000476837158,1.3300000429153442,1.3700000047683716,154400,0.0,0.0
2025-04-01 00:00:00-04:00,1.409999966621399,1.4199999570846558,1.3600000143051147,1.399999976158142,145700,0.0,0.0
2025-04-02 00:00:00-04:00,1.3899999856948853,1.5,1.3899999856948853,1.4500000476837158,107500,0.0,0.0
2025-04-03 00:00:00-04:00,1.409999966621399,1.4299999475479126,1.3600000143051147,1.3799999952316284,83100,0.0,0.0
2025-04-04 00:00:00-04:00,1.3700000047683716,1.409999966621399,1.2999999523162842,1.409999966621399,252600,0.0,0.0
2025-04-07 00:00:00-04:00,1.3700000047683716,1.437000036239624,1.3220000267028809,1.3600000143051147,166800,0.0,0.0
2025-04-08 00:00:00-04:00,1.3700000047683716,1.399999976158142,1.2300000190734863,1.2300000190734863,149500,0.0,0.0
2025-04-09 00:00:00-04:00,1.2300000190734863,1.2999999523162842,1.2130000591278076,1.2899999618530273,169700,0.0,0.0
2025-04-10 00:00:00-04:00,1.2899999618530273,1.3600000143051147,1.2799999713897705,1.3600000143051147,96800,0.0,0.0
2025-04-11 00:00:00-04:00,1.350000023841858,1.350000023841858,1.2899999618530273,1.2999999523162842,92500,0.0,0.0
2025-04-14 00:00:00-04:00,1.340000033378601,1.350000023841858,1.2450000047683716,1.2899999618530273,125600,0.0,0.0
2025-04-15 00:00:00-04:00,1.2999999523162842,1.3600000143051147,1.25,1.2999999523162842,120000,0.0,0.0
2025-04-16 00:00:00-04:00,1.309999942779541,1.3300000429153442,1.2400000095367432,1.2699999809265137,75200,0.0,0.0
2025-04-17 00:00:00-04:00,1.2599999904632568,1.5,1.2400000095367432,1.4900000095367432,375900,0.0,0.0
2025-04-21 00:00:00-04:00,1.4900000095367432,1.5299999713897705,1.350000023841858,1.4199999570846558,327700,0.0,0.0
2025-04-22 00:00:00-04:00,1.440000057220459,1.4600000381469727,1.399999976158142,1.4199999570846558,149700,0.0,0.0
2025-04-23 00:00:00-04:00,1.4800000190734863,1.649999976158142,1.4500000476837158,1.5800000429153442,582500,0.0,0.0
2025-04-24 00:00:00-04:00,1.6399999856948853,1.8300000429153442,1.600000023841858,1.8250000476837158,579800,0.0,0.0
2025-04-25 00:00:00-04:00,1.9700000286102295,1.9700000286102295,1.7999999523162842,1.8600000143051147,739200,0.0,0.0
2025-04-28 00:00:00-04:00,2.0199999809265137,2.130000114440918,1.9199999570846558,1.9600000381469727,716400,0.0,0.0
2025-04-29 00:00:00-04:00,2.0199999809265137,2.0199999809265137,1.7599999904632568,1.7799999713897705,535700,0.0,0.0
2025-04-30 00:00:00-04:00,1.8700000047683716,2.25,1.7999999523162842,2.25,864000,0.0,0.0
2025-05-01 00:00:00-04:00,2.4000000953674316,3.0899999141693115,2.299999952316284,2.380000114440918,3485100,0.0,0.0
2025-05-02 00:00:00-04:00,2.5,2.75,2.4600000381469727,2.7200000286102295,1016200,0.0,0.0
2025-05-05 00:00:00-04:00,3.25,3.515000104904175,2.9800000190734863,3.3299999237060547,3547300,0.0,0.0
2025-05-06 00:00:00-04:00,3.299999952316284,3.299999952316284,2.750999927520752,2.990000009536743,1070000,0.0,0.0
2025-05-07 00:00:00-04:00,3.0199999809265137,3.200000047683716,2.930999994277954,3.1600000858306885,636000,0.0,0.0
2025-05-08 00:00:00-04:00,3.1600000858306885,3.5,3.130000114440918,3.2200000286102295,828400,0.0,0.0
2025-05-09 00:00:00-04:00,3.299999952316284,3.5199999809265137,3.2200000286102295,3.5,860500,0.0,0.0
2025-05-12 00:00:00-04:00,3.549999952316284,3.8499999046325684,3.3949999809265137,3.5199999809265137,1605900,0.0,0.0
2025-05-13 00:00:00-04:00,3.5950000286102295,4.380000114440918,3.5490000247955322,4.380000114440918,2325000,0.0,0.0
2025-05-14 00:00:00-04:00,5.199999809265137,5.199999809265137,4.380000114440918,4.570000171661377,2680500,0.0,0.0
2025-05-15 00:00:00-04:00,4.400000095367432,4.980000019073486,4.019999980926514,4.539999961853027,1811600,0.0,0.0
2025-05-16 00:00:00-04:00,4.630000114440918,4.789999961853027,3.7699999809265137,4.039999961853027,2048600,0.0,0.0
2025-05-19 00:00:00-04:00,3.819999933242798,4.230000019073486,3.559999942779541,3.805000066757202,1510300,0.0,0.0
2025-05-20 00:00:00-04:00,3.75,4.179999828338623,3.700000047683716,4.03000020980835,1196600,0.0,0.0
2025-05-21 00:00:00-04:00,3.940000057220459,4.079999923706055,3.880000114440918,3.940000057220459,533600,0.0,0.0
2025-05-22 00:00:00-04:00,3.9700000286102295,4.300000190734863,3.859999895095825,4.110000133514404,1381500,0.0,0.0
2025-05-23 00:00:00-04:00,4.090000152587891,4.380000114440918,4.0,4.079999923706055,567100,0.0,0.0
2025-05-27 00:00:00-04:00,4.079999923706055,4.184999942779541,3.930000066757202,3.950000047683716,646900,0.0,0.0
2025-05-28 00:00:00-04:00,3.950000047683716,3.994999885559082,3.5309998989105225,3.559999942779541,621100,0.0,0.0
2025-05-29 00:00:00-04:00,3.075000047683716,3.2300000190734863,2.5,2.9600000381469727,1572000,0.0,0.0
2025-05-30 00:00:00-04:00,2.9000000953674316,3.131999969482422,2.819999933242798,3.0199999809265137,489800,0.0,0.0
2025-06-02 00:00:00-04:00,2.950000047683716,3.0,2.559999942779541,2.619999885559082,645700,0.0,0.0
2025-06-03 00:00:00-04:00,2.609999895095825,2.8369998931884766,2.4600000381469727,2.6600000858306885,507200,0.0,0.0
2025-06-04 00:00:00-04:00,2.6500000953674316,2.799999952316284,2.5350000858306885,2.569999933242798,411800,0.0,0.0
2025-06-05 00:00:00-04:00,2.5999999046325684,2.6489999294281006,2.4600000381469727,2.5,458900,0.0,0.0
2025-06-06 00:00:00-04:00,2.4700000286102295,2.5450000762939453,2.369999885559082,2.440000057220459,289100,0.0,0.0
2025-06-09 00:00:00-04:00,2.440000057220459,2.4700000286102295,2.200000047683716,2.200000047683716,433700,0.0,0.0
2025-06-10 00:00:00-04:00,2.2200000286102295,2.4049999713897705,2.2109999656677246,2.2899999618530273,253800,0.0,0.0
2025-06-11 00:00:00-04:00,2.240000009536743,2.3499999046325684,2.190000057220459,2.25,311200,0.0,0.0
2025-06-12 00:00:00-04:00,2.25,2.259999990463257,2.1600000858306885,2.1700000762939453,198600,0.0,0.0
2025-06-13 00:00:00-04:00,2.1700000762939453,2.2109999656677246,2.069999933242798,2.109999895095825,354200,0.0,0.0
2025-06-16 00:00:00-04:00,2.190000057220459,2.3299999237060547,2.1600000858306885,2.2300000190734863,375000,0.0,0.0
2025-06-17 00:00:00-04:00,2.200000047683716,2.25,2.109999895095825,2.140000104904175,172900,0.0,0.0
2025-06-18 00:00:00-04:00,2.130000114440918,2.180000066757202,2.0250000953674316,2.0899999141693115,299400,0.0,0.0
2025-06-20 00:00:00-04:00,2.0899999141693115,2.11299991607666,1.934999942779541,1.9900000095367432,367000,0.0,0.0
2025-06-23 00:00:00-04:00,1.9800000190734863,2.059999942779541,1.9199999570846558,2.059999942779541,426500,0.0,0.0
2025-06-24 00:00:00-04:00,2.059999942779541,2.299999952316284,2.0299999713897705,2.0999999046325684,429800,0.0,0.0
2025-06-25 00:00:00-04:00,2.0999999046325684,2.1600000858306885,2.0299999713897705,2.049999952316284,142500,0.0,0.0
2025-06-26 00:00:00-04:00,2.049999952316284,2.140000104904175,2.0299999713897705,2.059999942779541,184400,0.0,0.0
2025-06-27 00:00:00-04:00,2.0899999141693115,2.119999885559082,2.0299999713897705,2.049999952316284,198600,0.0,0.0
2025-06-30 00:00:00-04:00,2.0,2.130000114440918,2.0,2.0299999713897705,337700,0.0,0.0
2025-07-01 00:00:00-04:00,2.049999952316284,2.0799999237060547,2.0,2.0,233500,0.0,0.0
2025-07-02 00:00:00-04:00,2.0,2.049999952316284,1.940000057220459,2.009999990463257,397600,0.0,0.0
2025-07-03 00:00:00-04:00,2.059999942779541,2.0799999237060547,1.9910000562667847,2.0799999237060547,208600,0.0,0.0
2025-07-07 00:00:00-04:00,2.049999952316284,2.069999933242798,1.9600000381469727,1.9700000286102295,269000,0.0,0.0
2025-07-08 00:00:00-04:00,2.0,2.005000114440918,1.9500000476837158,1.9900000095367432,378000,0.0,0.0
2025-07-09 00:00:00-04:00,1.9700000286102295,2.0,1.9500000476837158,1.9900000095367432,302700,0.0,0.0
2025-07-10 00:00:00-04:00,1.9900000095367432,2.009999990463257,1.9500000476837158,1.9900000095367432,295400,0.0,0.0
2025-07-11 00:00:00-04:00,1.9700000286102295,2.0,1.9249999523162842,1.9600000381469727,377800,0.0,0.0
2025-07-14 00:00:00-04:00,1.9450000524520874,1.9900000095367432,1.8700000047683716,1.9299999475479126,399700,0.0,0.0
2025-07-15 00:00:00-04:00,1.9199999570846558,1.940000057220459,1.8700000047683716,1.8899999856948853,215000,0.0,0.0
2025-07-16 00:00:00-04:00,1.8799999952316284,1.9199999570846558,1.75,1.75,465400,0.0,0.0
2025-07-17 00:00:00-04:00,1.75,1.75,1.600000023841858,1.649999976158142,551500,0.0,0.0
2025-07-18 00:00:00-04:00,1.649999976158142,1.7200000286102295,1.6200000047683716,1.6299999952316284,348200,0.0,0.0
2025-07-21 00:00:00-04:00,1.6299999952316284,1.7000000476837158,1.5499999523162842,1.590000033378601,358600,0.0,0.0
2025-07-22 00:00:00-04:00,1.590000033378601,1.6200000047683716,1.559999942779541,1.559999942779541,246800,0.0,0.0
2025-07-23 00:00:00-04:00,1.5800000429153442,1.6200000047683716,1.5299999713897705,1.559999942779541,305100,0.0,0.0
2025-07-24 00:00:00-04:00,1.5499999523162842,1.5700000524520874,1.4299999475479126,1.4500000476837158,389000,0.0,0.0
2025-07-25 00:00:00-04:00,1.4700000286102295,1.8300000429153442,1.440000057220459,1.7999999523162842,1409400,0.0,0.0
2025-07-28 00:00:00-04:00,1.9500000476837158,2.3499999046325684,1.8799999952316284,2.0899999141693115,3011700,0.0,0.0
2025-07-29 00:00:00-04:00,2.009999990463257,2.0329999923706055,1.7300000190734863,1.8600000143051147,866300,0.0,0.0
2025-07-30 00:00:00-04:00,1.840000033378601,1.840000033378601,1.7000000476837158,1.7100000381469727,535300,0.0,0.0
2025-07-31 00:00:00-04:00,1.690000057220459,1.7000000476837158,1.600000023841858,1.6200000047683716,351400,0.0,0.0
2025-08-01 00:00:00-04:00,1.600000023841858,1.600000023841858,1.534999966621399,1.5700000524520874,244700,0.0,0.0
2025-08-04 00:00:00-04:00,1.559999942779541,1.590000033378601,1.5299999713897705,1.5399999618530273,160200,0.0,0.0
2025-08-05 00:00:00-04:00,1.5399999618530273,1.5700000524520874,1.5,1.5199999809265137,179600,0.0,0.0
2025-08-06 00:00:00-04:00,1.524999976158142,1.5440000295639038,1.5,1.5299999713897705,127600,0.0,0.0
2025-08-07 00:00:00-04:00,1.5299999713897705,1.5299999713897705,1.4199999570846558,1.4299999475479126,278800,0.0,0.0
2025-08-08 00:00:00-04:00,1.440000057220459,1.4600000381469727,1.399999976158142,1.4199999570846558,181800,0.0,0.0
2025-08-11 00:00:00-04:00,1.4299999475479126,1.4500000476837158,1.3600000143051147,1.3799999952316284,206900,0.0,0.0
2025-08-12 00:00:00-04:00,1.3600000143051147,1.4390000104904175,1.3600000143051147,1.4199999570846558,229400,0.0,0.0
2025-08-13 00:00:00-04:00,1.4299999475479126,1.5,1.3899999856948853,1.4800000190734863,321600,0.0,0.0
2025-08-14 00:00:00-04:00,1.4600000381469727,1.4900000095367432,1.409999966621399,1.434999942779541,216400,0.0,0.0
2025-08-15 00:00:00-04:00,1.4199999570846558,1.4450000524520874,1.4199999570846558,1.4199999570846558,99500,0.0,0.0
2025-08-18 00:00:00-04:00,1.4299999475479126,1.6109999418258667,1.4199999570846558,1.6100000143051147,308600,0.0,0.0
2025-08-19 00:00:00-04:00,1.649999976158142,1.649999976158142,1.5199999809265137,1.559999942779541,269000,0.0,0.0
2025-08-20 00:00:00-04:00,1.590000033378601,1.600000023841858,1.503000020980835,1.600000023841858,130800,0.0,0.0
2025-08-21 00:00:00-04:00,1.5800000429153442,1.6299999952316284,1.5499999523162842,1.600000023841858,49400,0.0,0.0
2025-08-22 00:00:00-04:00,1.600000023841858,1.6699999570846558,1.590000033378601,1.6200000047683716,172700,0.0,0.0
2025-08-25 00:00:00-04:00,1.6299999952316284,1.75,1.6200000047683716,1.7200000286102295,239800,0.0,0.0
2025-08-26 00:00:00-04:00,1.7100000381469727,1.7799999713897705,1.6299999952316284,1.6699999570846558,187800,0.0,0.0
2025-08-27 00:00:00-04:00,1.6399999856948853,1.6779999732971191,1.6100000143051147,1.6100000143051147,147700,0.0,0.0
2025-08-28 00:00:00-04:00,1.6200000047683716,1.625,1.5199999809265137,1.5449999570846558,193400,0.0,0.0
2025-08-29 00:00:00-04:00,1.5399999618530273,1.600000023841858,1.4900000095367432,1.5099999904632568,132000,0.0,0.0
2025-09-02 00:00:00-04:00,1.4900000095367432,1.5499999523162842,1.4700000286102295,1.5399999618530273,207400,0.0,0.0
2025-09-03 00:00:00-04:00,1.559999942779541,1.5800000429153442,1.4700000286102295,1.4800000190734863,173500,0.0,0.0
2025-09-04 00:00:00-04:00,1.4900000095367432,1.5199999809265137,1.4500000476837158,1.4600000381469727,160700,0.0,0.0
2025-09-05 00:00:00-04:00,1.4500000476837158,1.5219999551773071,1.4500000476837158,1.5,135400,0.0,0.0
2025-09-08 00:00:00-04:00,1.5199999809265137,1.649999976158142,1.5,1.6100000143051147,312700,0.0,0.0
2025-09-09 00:00:00-04:00,1.5850000381469727,1.8200000524520874,1.5850000381469727,1.7899999618530273,617400,0.0,0.0
2025-09-10 00:00:00-04:00,1.840000033378601,1.8450000286102295,1.6130000352859497,1.6399999856948853,311800,0.0,0.0
2025-09-11 00:00:00-04:00,1.6299999952316284,1.7300000190734863,1.6200000047683716,1.690000057220459,149600,0.0,0.0
2025-09-12 00:00:00-04:00,1.7000000476837158,1.7000000476837158,1.600000023841858,1.6100000143051147,197100,0.0,0.0
2025-09-15 00:00:00-04:00,1.6100000143051147,1.6490000486373901,1.5800000429153442,1.6100000143051147,186500,0.0,0.0
2025-09-16 00:00:00-04:00,1.600000023841858,1.659999966621399,1.5499999523162842,1.559999942779541,185400,0.0,0.0
2025-09-17 00:00:00-04:00,1.5700000524520874,1.6200000047683716,1.5299999713897705,1.559999942779541,195200,0.0,0.0
2025-09-18 00:00:00-04:00,1.600000023841858,1.75,1.5740000009536743,1.6799999475479126,323200,0.0,0.0
2025-09-19 00:00:00-04:00,1.690000057220459,1.7200000286102295,1.6100000143051147,1.6100000143051147,159600,0.0,0.0
2025-09-22 00:00:00-04:00,1.6399999856948853,1.6699999570846558,1.6050000190734863,1.6299999952316284,184800,0.0,0.0
2025-09-23 00:00:00-04:00,1.649999976158142,1.8200000524520874,1.590000033378601,1.7100000381469727,377600,0.0,0.0
2025-09-24 00:00:00-04:00,1.7000000476837158,1.7400000095367432,1.6100000143051147,1.659999966621399,197400,0.0,0.0
2025-09-25 00:00:00-04:00,1.6299999952316284,1.659999966621399,1.6100000143051147,1.6200000047683716,216700,0.0,0.0
2025-09-26 00:00:00-04:00,1.600000023841858,1.6200000047683716,1.5950000286102295,1.6100000143051147,117600,0.0,0.0
2025-09-29 00:00:00-04:00,1.6100000143051147,1.649999976158142,1.5299999713897705,1.5700000524520874,137900,0.0,0.0
2025-09-30 00:00:00-04:00,1.5700000524520874,1.600000023841858,1.565000057220459,1.5800000429153442,105200,0.0,0.0
2025-10-01 00:00:00-04:00,1.590000033378601,1.590000033378601,1.5149999856948853,1.5399999618530273,139200,0.0,0.0
2025-10-02 00:00:00-04:00,1.5299999713897705,1.6399999856948853,1.5299999713897705,1.5700000524520874,300400,0.0,0.0
2025-10-03 00:00:00-04:00,1.6699999570846558,1.7480000257492065,1.6299999952316284,1.690000057220459,591700,0.0,0.0
2025-10-06 00:00:00-04:00,1.659999966621399,1.7300000190734863,1.6519999504089355,1.7300000190734863,300500,0.0,0.0
2025-10-07 00:00:00-04:00,1.7400000095367432,1.7699999809265137,1.5499999523162842,1.7100000381469727,313500,0.0,0.0
2025-10-08 00:00:00-04:00,1.7599999904632568,2.200000047683716,1.7330000400543213,2.009999990463257,1162500,0.0,0.0
2025-10-09 00:00:00-04:00,2.1500000953674316,2.190000057220459,2.009999990463257,2.119999885559082,789900,0.0,0.0
2025-10-10 00:00:00-04:00,2.119999885559082,2.1500000953674316,1.7799999713897705,1.809999942779541,731700,0.0,0.0
2025-10-13 00:00:00-04:00,1.8300000429153442,1.850000023841858,1.6799999475479126,1.7200000286102295,325300,0.0,0.0
2025-10-14 00:00:00-04:00,1.7000000476837158,1.7400000095367432,1.649999976158142,1.7300000190734863,236200,0.0,0.0
2025-10-15 00:00:00-04:00,1.690000057220459,1.7100000381469727,1.6100000143051147,1.6100000143051147,382000,0.0,0.0
2025-10-16 00:00:00-04:00,1.6100000143051147,1.6299999952316284,1.4800000190734863,1.4900000095367432,454500,0.0,0.0
2025-10-17 00:00:00-04:00,1.5260000228881836,1.5399999618530273,1.4800000190734863,1.5199999809265137,230000,0.0,0.0
2025-10-20 00:00:00-04:00,1.5800000429153442,1.5800000429153442,1.4500000476837158,1.4800000190734863,312500,0.0,0.0
2025-10-21 00:00:00-04:00,1.4900000095367432,1.5490000247955322,1.4900000095367432,1.5399999618530273,260100,0.0,0.0
2025-10-22 00:00:00-04:00,1.5299999713897705,1.5700000524520874,1.4900000095367432,1.5499999523162842,217000,0.0,0.0
2025-10-23 00:00:00-04:00,1.5499999523162842,1.7000000476837158,1.5219999551773071,1.690000057220459,317100,0.0,0.0
2025-10-24 00:00:00-04:00,1.7100000381469727,1.7350000143051147,1.5299999713897705,1.5499999523162842,293300,0.0,0.0
2025-10-27 00:00:00-04:00,1.559999942779541,1.5700000524520874,1.5099999904632568,1.5199999809265137,243100,0.0,0.0
2025-10-28 00:00:00-04:00,1.5299999713897705,1.7000000476837158,1.5299999713897705,1.6699999570846558,491000,0.0,0.0
2025-10-29 00:00:00-04:00,1.6699999570846558,1.7000000476837158,1.5750000476837158,1.600000023841858,301600,0.0,0.0
2025-10-30 00:00:00-04:00,1.6299999952316284,1.6579999923706055,1.5449999570846558,1.559999942779541,205400,0.0,0.0
2025-10-31 00:00:00-04:00,1.5499999523162842,1.5800000429153442,1.5199999809265137,1.5199999809265137,165900,0.0,0.0
2025-11-03 00:00:00-05:00,1.5399999618530273,1.5499999523162842,1.4850000143051147,1.5099999904632568,201700,0.0,0.0
2025-11-04 00:00:00-05:00,1.4900000095367432,1.5099999904632568,1.3899999856948853,1.409999966621399,327200,0.0,0.0
2025-11-05 00:00:00-05:00,1.399999976158142,1.4600000381469727,1.399999976158142,1.4299999475479126,154900,0.0,0.0
2025-11-06 00:00:00-05:00,1.4299999475479126,1.465000033378601,1.3700000047683716,1.3799999952316284,223700,0.0,0.0
2025-11-07 00:00:00-05:00,1.3700000047683716,1.3839999437332153,1.2999999523162842,1.350000023841858,397000,0.0,0.0
2025-11-10 00:00:00-05:00,1.350000023841858,1.3799999952316284,1.309999942779541,1.3600000143051147,144200,0.0,0.0
2025-11-11 00:00:00-05:00,1.350000023841858,1.3960000276565552,1.3300000429153442,1.350000023841858,145000,0.0,0.0
2025-11-12 00:00:00-05:00,1.340000033378601,1.3899999856948853,1.3300000429153442,1.350000023841858,147900,0.0,0.0
2025-11-13 00:00:00-05:00,1.340000033378601,1.340000033378601,1.25,1.2599999904632568,318800,0.0,0.0
2025-11-14 00:00:00-05:00,1.2400000095367432,1.3259999752044678,1.2100000381469727,1.2999999523162842,253900,0.0,0.0
2025-11-17 00:00:00-05:00,1.2699999809265137,1.340000033378601,1.25,1.2699999809265137,180300,0.0,0.0
2025-11-18 00:00:00-05:00,1.2799999713897705,1.5499999523162842,1.2699999809265137,1.5099999904632568,479500,0.0,0.0
2025-11-19 00:00:00-05:00,1.5299999713897705,1.5299999713897705,1.350000023841858,1.3600000143051147,191500,0.0,0.0
2025-11-20 00:00:00-05:00,1.402999997138977,1.4279999732971191,1.3799999952316284,1.3799999952316284,85400,0.0,0.0
2025-11-21 00:00:00-05:00,1.3799999952316284,1.3899999856948853,1.274999976158142,1.3799999952316284,224500,0.0,0.0
2025-11-24 00:00:00-05:00,1.3700000047683716,1.4299999475479126,1.315000057220459,1.4299999475479126,147200,0.0,0.0
2025-11-25 00:00:00-05:00,1.399999976158142,1.4420000314712524,1.3600000143051147,1.3600000143051147,99400,0.0,0.0
2025-11-26 00:00:00-05:00,1.3600000143051147,1.399999976158142,1.350000023841858,1.3600000143051147,51000,0.0,0.0
2025-11-28 00:00:00-05:00,1.3700000047683716,1.3899999856948853,1.3450000286102295,1.350000023841858,36300,0.0,0.0
2025-12-01 00:00:00-05:00,1.340000033378601,1.3730000257492065,1.2999999523162842,1.3300000429153442,131000,0.0,0.0
2025-12-02 00:00:00-05:00,1.309999942779541,1.3200000524520874,1.2599999904632568,1.2599999904632568,177700,0.0,0.0
2025-12-03 00:00:00-05:00,1.2599999904632568,1.340000033378601,1.2599999904632568,1.2799999713897705,89600,0.0,0.0
2025-12-04 00:00:00-05:00,1.2699999809265137,1.3300000429153442,1.2699999809265137,1.2999999523162842,82100,0.0,0.0
2025-12-05 00:00:00-05:00,1.2999999523162842,1.5399999618530273,1.2999999523162842,1.440000057220459,555400,0.0,0.0
2025-12-08 00:00:00-05:00,1.4800000190734863,1.6100000143051147,1.4199999570846558,1.4500000476837158,343000,0.0,0.0
2025-12-09 00:00:00-05:00,1.4199999570846558,1.5,1.3799999952316284,1.399999976158142,155700,0.0,0.0
2025-12-10 00:00:00-05:00,1.468999981880188,1.5110000371932983,1.3799999952316284,1.4199999570846558,79700,0.0,0.0
2025-12-11 00:00:00-05:00,1.4199999570846558,1.5700000524520874,1.4199999570846558,1.559999942779541,297100,0.0,0.0
2025-12-12 00:00:00-05:00,1.649999976158142,1.6799999475479126,1.534999966621399,1.5700000524520874,514000,0.0,0.0
2025-12-15 00:00:00-05:00,1.5700000524520874,1.5800000429153442,1.4700000286102295,1.4900000095367432,372500,0.0,0.0
2025-12-16 00:00:00-05:00,1.4800000190734863,1.5099999904632568,1.4500000476837158,1.5,163200,0.0,0.0
2025-12-17 00:00:00-05:00,1.5,1.5149999856948853,1.4199999570846558,1.4299999475479126,129600,0.0,0.0
2025-12-18 00:00:00-05:00,1.440000057220459,1.4620000123977661,1.4199999570846558,1.440000057220459,105800,0.0,0.0
2025-12-19 00:00:00-05:00,1.440000057220459,1.5099999904632568,1.440000057220459,1.4900000095367432,164100,0.0,0.0
2025-12-22 00:00:00-05:00,1.4900000095367432,1.5299999713897705,1.4299999475479126,1.4500000476837158,176700,0.0,0.0
2025-12-23 00:00:00-05:00,1.4700000286102295,1.4700000286102295,1.3600000143051147,1.4299999475479126,226200,0.0,0.0
2025-12-24 00:00:00-05:00,1.4299999475479126,1.4329999685287476,1.3899999856948853,1.4199999570846558,42400,0.0,0.0
2025-12-26 00:00:00-05:00,1.4199999570846558,1.4199999570846558,1.3700000047683716,1.409999966621399,87800,0.0,0.0
2025-12-29 00:00:00-05:00,1.409999966621399,1.4299999475479126,1.340000033378601,1.3700000047683716,160400,0.0,0.0
2025-12-30 00:00:00-05:00,1.3600000143051147,1.3600000143051147,1.2999999523162842,1.3200000524520874,196700,0.0,0.0
2025-12-31 00:00:00-05:00,1.340000033378601,1.340000033378601,1.215000033378601,1.2300000190734863,399200,0.0,0.0
2026-01-02 00:00:00-05:00,1.2599999904632568,1.3380000591278076,1.25,1.3300000429153442,137800,0.0,0.0
2026-01-05 00:00:00-05:00,1.309999942779541,1.3799999952316284,1.2799999713897705,1.2799999713897705,312400,0.0,0.0
2026-01-06 00:00:00-05:00,1.3200000524520874,1.350000023841858,1.2899999618530273,1.340000033378601,235500,0.0,0.0
2026-01-07 00:00:00-05:00,1.350000023841858,1.350000023841858,1.2699999809265137,1.2799999713897705,171300,0.0,0.0
2026-01-08 00:00:00-05:00,1.2899999618530273,1.3300000429153442,1.2699999809265137,1.2899999618530273,73500,0.0,0.0
2026-01-09 00:00:00-05:00,1.2899999618530273,1.3200000524520874,1.2699999809265137,1.309999942779541,148700,0.0,0.0
2026-01-12 00:00:00-05:00,1.309999942779541,1.3300000429153442,1.2599999904632568,1.2599999904632568,188800,0.0,0.0
2026-01-13 00:00:00-05:00,1.2799999713897705,1.2890000343322754,1.2000000476837158,1.2000000476837158,322300,0.0,0.0
2026-01-14 00:00:00-05:00,1.2100000381469727,1.25,1.149999976158142,1.159999966621399,284700,0.0,0.0
2026-01-15 00:00:00-05:00,1.159999966621399,1.2699999809265137,1.149999976158142,1.2200000286102295,249300,0.0,0.0
2026-01-16 00:00:00-05:00,1.190000057220459,1.2200000286102295,1.1299999952316284,1.1299999952316284,376300,0.0,0.0
2026-01-20 00:00:00-05:00,1.1299999952316284,1.149999976158142,1.0700000524520874,1.090000033378601,392400,0.0,0.0
2026-01-21 00:00:00-05:00,1.1100000143051147,1.190000057220459,1.1100000143051147,1.1799999475479126,203500,0.0,0.0
2026-01-22 00:00:00-05:00,1.1699999570846558,1.2300000190734863,1.156999945640564,1.2200000286102295,131000,0.0,0.0
2026-01-23 00:00:00-05:00,1.2300000190734863,1.2300000190734863,1.1699999570846558,1.1799999475479126,238400,0.0,0.0
2026-01-26 00:00:00-05:00,1.1699999570846558,1.2300000190734863,1.1699999570846558,1.2000000476837158,134700,0.0,0.0
2026-01-27 00:00:00-05:00,1.2100000381469727,1.2400000095367432,1.190000057220459,1.2300000190734863,89200,0.0,0.0
2026-01-28 00:00:00-05:00,1.2300000190734863,1.25,1.2100000381469727,1.2200000286102295,110200,0.0,0.0
2026-01-29 00:00:00-05:00,1.2300000190734863,1.2300000190734863,1.1799999475479126,1.215000033378601,129500,0.0,0.0
2026-01-30 00:00:00-05:00,1.2100000381469727,1.2799999713897705,1.190000057220459,1.2699999809265137,187000,0.0,0.0
2026-02-02 00:00:00-05:00,1.2899999618530273,1.5180000066757202,1.2899999618530273,1.4199999570846558,854100,0.0,0.0
2026-02-03 00:00:00-05:00,1.4299999475479126,1.4579999446868896,1.2549999952316284,1.2949999570846558,296200,0.0,0.0
2026-02-04 00:00:00-05:00,1.2999999523162842,1.3200000524520874,1.2000000476837158,1.2050000429153442,157500,0.0,0.0
2026-02-05 00:00:00-05:00,1.190000057220459,1.2100000381469727,1.0700000524520874,1.0800000429153442,310200,0.0,0.0
2026-02-06 00:00:00-05:00,1.090000033378601,1.159999966621399,1.090000033378601,1.156999945640564,123000,0.0,0.0
2026-02-09 00:00:00-05:00,1.149999976158142,1.190000057220459,1.1200000047683716,1.1200000047683716,139500,0.0,0.0
2026-02-10 00:00:00-05:00,1.1200000047683716,1.1790000200271606,1.100000023841858,1.149999976158142,112500,0.0,0.0
2026-02-11 00:00:00-05:00,1.159999966621399,1.1799999475479126,1.1150000095367432,1.1299999952316284,66200,0.0,0.0
2026-02-12 00:00:00-05:00,1.1299999952316284,1.1699999570846558,1.059999942779541,1.1399999856948853,244000,0.0,0.0
2026-02-13 00:00:00-05:00,1.1399999856948853,1.1699999570846558,1.1200000047683716,1.1299999952316284,70000,0.0,0.0
2026-02-17 00:00:00-05:00,1.1299999952316284,1.1799999475479126,1.0499999523162842,1.0700000524520874,160300,0.0,0.0
2026-02-18 00:00:00-05:00,1.0700000524520874,1.128000020980835,1.0700000524520874,1.100000023841858,101600,0.0,0.0
2026-02-19 00:00:00-05:00,1.100000023841858,1.1100000143051147,1.090000033378601,1.090000033378601,38200,0.0,0.0
2026-02-20 00:00:00-05:00,1.1269999742507935,1.1399999856948853,1.090000033378601,1.1100000143051147,86000,0.0,0.0
2026-02-23 00:00:00-05:00,1.1200000047683716,1.1299999952316284,1.1100000143051147,1.1100000143051147,62000,0.0,0.0
2026-02-24 00:00:00-05:00,1.1100000143051147,1.1399999856948853,1.1100000143051147,1.1200000047683716,63900,0.0,0.0
2026-02-25 00:00:00-05:00,1.1299999952316284,1.25,1.1100000143051147,1.2300000190734863,256200,0.0,0.0
2026-02-26 00:00:00-05:00,1.2100000381469727,1.225000023841858,1.1699999570846558,1.1699999570846558,76300,0.0,0.0
2026-02-27 00:00:00-05:00,1.149999976158142,1.2400000095367432,1.149999976158142,1.2300000190734863,92300,0.0,0.0
2026-03-02 00:00:00-05:00,1.2200000286102295,1.2999999523162842,1.2100000381469727,1.2899999618530273,127400,0.0,0.0
2026-03-03 00:00:00-05:00,1.25,1.2999999523162842,1.2300000190734863,1.2300000190734863,79600,0.0,0.0
2026-03-04 00:00:00-05:00,1.2799999713897705,1.2899999618530273,1.2000000476837158,1.2000000476837158,121000,0.0,0.0
2026-03-05 00:00:00-05:00,1.190000057220459,1.2690000534057617,1.149999976158142,1.1799999475479126,100200,0.0,0.0
2026-03-06 00:00:00-05:00,1.1699999570846558,1.2300000190734863,1.159999966621399,1.1699999570846558,77700,0.0,0.0
2026-03-09 00:00:00-04:00,1.1699999570846558,1.2400000095367432,1.1699999570846558,1.2300000190734863,171500,0.0,0.0
2026-03-10 00:00:00-04:00,1.2400000095367432,1.25,1.190000057220459,1.1950000524520874,83500,0.0,0.0
2026-03-11 00:00:00-04:00,1.2100000381469727,1.2999999523162842,1.190000057220459,1.2899999618530273,184200,0.0,0.0
2026-03-12 00:00:00-04:00,1.2899999618530273,1.399999976158142,1.2200000286102295,1.3600000143051147,261600,0.0,0.0
2026-03-13 00:00:00-04:00,1.3650000095367432,1.4149999618530273,1.309999942779541,1.399999976158142,277300,0.0,0.0
2026-03-16 00:00:00-04:00,1.4299999475479126,1.5700000524520874,1.3600000143051147,1.440000057220459,507300,0.0,0.0
2026-03-17 00:00:00-04:00,1.4199999570846558,1.4800000190734863,1.309999942779541,1.350000023841858,275900,0.0,0.0
2026-03-18 00:00:00-04:00,1.3600000143051147,1.3799999952316284,1.1799999475479126,1.1799999475479126,323200,0.0,0.0
2026-03-19 00:00:00-04:00,1.159999966621399,1.1699999570846558,1.1160000562667847,1.1349999904632568,139000,0.0,0.0
2026-03-20 00:00:00-04:00,1.149999976158142,1.2200000286102295,1.1390000581741333,1.1399999856948853,168700,0.0,0.0
2026-03-23 00:00:00-04:00,1.149999976158142,1.1690000295639038,1.1030000448226929,1.1200000047683716,159000,0.0,0.0
2026-03-24 00:00:00-04:00,1.1200000047683716,1.1369999647140503,1.059999942779541,1.090000033378601,214500,0.0,0.0
2026-03-25 00:00:00-04:00,1.090000033378601,1.1399999856948853,1.090000033378601,1.100000023841858,88300,0.0,0.0
2026-03-26 00:00:00-04:00,1.100000023841858,1.1200000047683716,1.059999942779541,1.059999942779541,119800,0.0,0.0
2026-03-27 00:00:00-04:00,1.0700000524520874,1.0750000476837158,1.0199999809265137,1.0199999809265137,175200,0.0,0.0
2026-03-30 00:00:00-04:00,1.0099999904632568,1.0399999618530273,0.9210000038146973,0.9309999942779541,308000,0.0,0.0
2026-03-31 00:00:00-04:00,1.0,1.0099999904632568,0.9419999718666077,0.9950000047683716,143000,0.0,0.0
2026-04-01 00:00:00-04:00,1.0,1.0800000429153442,0.996999979019165,1.0099999904632568,199500,0.0,0.0
2026-04-02 00:00:00-04:00,1.0099999904632568,1.0499999523162842,1.0,1.0199999809265137,108500,0.0,0.0
2026-04-06 00:00:00-04:00,1.0199999809265137,1.0499999523162842,0.9559999704360962,0.9599999785423279,281100,0.0,0.0
2026-04-07 00:00:00-04:00,0.9700000286102295,1.00600004196167,0.890999972820282,0.9150000214576721,235700,0.0,0.0
2026-04-08 00:00:00-04:00,0.9240000247955322,0.9800000190734863,0.8899999856948853,0.8989999890327454,129100,0.0,0.0
2026-04-09 00:00:00-04:00,0.9010000228881836,0.9279999732971191,0.8109999895095825,0.8209999799728394,303600,0.0,0.0
2026-04-10 00:00:00-04:00,0.8399999737739563,0.8989999890327454,0.8399999737739563,0.8510000109672546,114100,0.0,0.0
2026-04-13 00:00:00-04:00,0.8500000238418579,0.8510000109672546,0.8209999799728394,0.8320000171661377,186400,0.0,0.0
2026-04-14 00:00:00-04:00,0.8399999737739563,0.9599999785423279,0.8259999752044678,0.9179999828338623,258100,0.0,0.0
2026-04-15 00:00:00-04:00,0.9399999976158142,1.090000033378601,0.9309999942779541,1.0,388200,0.0,0.0
2026-04-16 00:00:00-04:00,1.0800000429153442,1.1200000047683716,1.0,1.0800000429153442,536000,0.0,0.0
2026-04-17 00:00:00-04:00,1.0800000429153442,1.1100000143051147,1.0399999618530273,1.059999942779541,144200,0.0,0.0
2026-04-20 00:00:00-04:00,1.059999942779541,1.0700000524520874,1.0099999904632568,1.0299999713897705,88500,0.0,0.0
2026-04-21 00:00:00-04:00,1.0299999713897705,1.0549999475479126,1.0,1.0099999904632568,89500,0.0,0.0
2026-04-22 00:00:00-04:00,1.0,1.0299999713897705,0.9800000190734863,1.0199999809265137,183900,0.0,0.0
2026-04-23 00:00:00-04:00,1.0,1.1200000047683716,1.0,1.0700000524520874,275700,0.0,0.0
2026-04-24 00:00:00-04:00,1.0700000524520874,1.1399999856948853,1.059999942779541,1.0800000429153442,290900,0.0,0.0
2026-04-27 00:00:00-04:00,1.090000033378601,1.090000033378601,1.059999942779541,1.0700000524520874,106100,0.0,0.0
2026-04-28 00:00:00-04:00,1.0499999523162842,1.090000033378601,1.0099999904632568,1.0199999809265137,165900,0.0,0.0
2026-04-29 00:00:00-04:00,1.0399999618530273,1.0499999523162842,0.9490000009536743,0.9900000095367432,240800,0.0,0.0
2026-04-30 00:00:00-04:00,0.9900000095367432,1.0399999618530273,0.9890000224113464,1.0099999904632568,158800,0.0,0.0
2026-05-01 00:00:00-04:00,1.0099999904632568,1.0099999904632568,0.9700000286102295,0.9810000061988831,155500,0.0,0.0
2026-05-04 00:00:00-04:00,0.9900000095367432,1.0099999904632568,0.9700000286102295,0.9869999885559082,120600,0.0,0.0
2026-05-05 00:00:00-04:00,1.0099999904632568,1.0099999904632568,0.9610000252723694,0.9649999737739563,155200,0.0,0.0
2026-05-06 00:00:00-04:00,0.9599999785423279,0.9789999723434448,0.8619999885559082,0.902999997138977,462600,0.0,0.0
2026-05-07 00:00:00-04:00,0.9100000262260437,0.9390000104904175,0.8320000171661377,0.8610000014305115,423800,0.0,0.0
2026-05-08 00:00:00-04:00,0.8370000123977661,0.8600000143051147,0.8149999976158142,0.8199999928474426,200900,0.0,0.0
2026-05-11 00:00:00-04:00,0.8190000057220459,0.8500000238418579,0.7680000066757202,0.843999981880188,515300,0.0,0.0
2026-05-12 00:00:00-04:00,0.8479999899864197,0.8479999899864197,0.7919999957084656,0.8100000023841858,94300,0.0,0.0
2026-05-13 00:00:00-04:00,0.8040000200271606,1.100000023841858,0.800000011920929,1.0700000524520874,1166700,0.0,0.0
2026-05-14 00:00:00-04:00,1.100000023841858,1.100000023841858,0.9200000166893005,0.9399999976158142,609700,0.0,0.0
2026-05-15 00:00:00-04:00,0.8999999761581421,0.9100000262260437,0.7799999713897705,0.8500000238418579,812000,0.0,0.0
2026-05-18 00:00:00-04:00,0.8479999899864197,0.8479999899864197,0.7770000100135803,0.7770000100135803,246000,0.0,0.0
2026-05-19 00:00:00-04:00,0.800000011920929,0.8230000138282776,0.75,0.8100000023841858,280200,0.0,0.0
2026-05-20 00:00:00-04:00,0.7910000085830688,0.824999988079071,0.7900000214576721,0.8159999847412109,95100,0.0,0.0
2026-05-21 00:00:00-04:00,0.824999988079071,0.8399999737739563,0.7900000214576721,0.7979999780654907,214800,0.0,0.0
2026-05-22 00:00:00-04:00,0.796999990940094,0.8059999942779541,0.7540000081062317,0.7839999794960022,436500,0.0,0.0
2026-05-26 00:00:00-04:00,0.796999990940094,0.8600000143051147,0.7609999775886536,0.8330000042915344,384000,0.0,0.0
2026-05-27 00:00:00-04:00,0.8399999737739563,0.8399999737739563,0.7699999809265137,0.7699999809265137,143500,0.0,0.0
2026-05-28 00:00:00-04:00,0.7799999713897705,0.8199999928474426,0.7730000019073486,0.7839999794960022,187700,0.0,0.0
2026-05-29 00:00:00-04:00,0.800000011920929,0.8191999793052673,0.7664999961853027,0.7699999809265137,122591,0.0,0.0
