Date,Open,High,Low,Close,Volume,Dividends,Stock Splits
2022-01-03 00:00:00-05:00,10.483116442007567,10.667338608355545,10.421709332094617,10.623476028442383,311500,0.0,0.0
2022-01-04 00:00:00-05:00,10.702427630579574,10.798925465826516,10.605930631941693,10.74629020690918,406500,0.0,0.0
2022-01-05 00:00:00-05:00,10.807697068552978,10.948056640361347,10.491888031984145,10.553295135498047,287400,0.0,0.0
2022-01-06 00:00:00-05:00,10.483117030276462,10.719974473133513,10.360302803558739,10.535752296447754,138300,0.0,0.0
2022-01-07 00:00:00-05:00,10.570841386150713,10.676111073828945,10.526978807132505,10.605931282043457,297400,0.0,0.0
2022-01-10 00:00:00-05:00,10.377846906026459,10.553296391670907,10.088355045560837,10.325212478637695,311600,0.0,0.0
2022-01-11 00:00:00-05:00,10.939286249297208,10.939286249297208,10.369074367237065,10.395392417907715,101000,0.0,0.0
2022-01-12 00:00:00-05:00,10.395391044537833,10.834015125124086,10.395391044537833,10.790152549743652,205700,0.0,0.0
2022-01-13 00:00:00-05:00,10.869105741570618,11.079645113479666,10.79015326795245,10.834015846252441,165100,0.0,0.0
2022-01-14 00:00:00-05:00,10.719973604611877,10.96560287475586,10.667338342705042,10.96560287475586,183400,0.0,0.0
2022-01-18 00:00:00-05:00,10.948056640361347,10.965602005141914,10.526977924936237,10.553295135498047,109700,0.0,0.0
2022-01-19 00:00:00-05:00,10.597159508872437,10.605932192751192,10.404164646585752,10.421710014343262,82500,0.0,0.0
2022-01-20 00:00:00-05:00,10.421707452953191,10.526977123798094,10.21993995637706,10.263802528381348,175300,0.0,0.0
2022-01-21 00:00:00-05:00,10.255031889111367,10.360302417531546,9.88658838607731,10.026947975158691,198700,0.0,0.0
2022-01-24 00:00:00-05:00,9.755000300017219,10.08835473064016,9.597095349561847,10.070809364318848,187500,0.0,0.0
2022-01-25 00:00:00-05:00,10.009402126981982,10.062037388661448,9.711137596219583,9.93922233581543,161700,0.0,0.0
2022-01-26 00:00:00-05:00,9.956767263746684,10.018174369162816,9.632184698123822,9.667275428771973,165900,0.0,0.0
2022-01-27 00:00:00-05:00,9.658501066525925,9.90413028208534,9.570775928378819,9.623411178588867,198000,0.0,0.0
2022-01-28 00:00:00-05:00,9.711138864220723,9.781318664550781,9.50059946323055,9.781318664550781,116700,0.0,0.0
2022-01-31 00:00:00-05:00,10.562068518374469,10.790153255994381,10.307666568447367,10.658565521240234,453800,0.0,0.0
2022-02-01 00:00:00-05:00,10.719973228519395,11.149824645343015,10.719973228519395,10.939285278320312,402600,0.0,0.0
2022-02-02 00:00:00-05:00,10.983148512817706,11.28141221564299,10.737518399984001,11.167369842529297,320800,0.0,0.0
2022-02-03 00:00:00-05:00,11.00946607275775,11.255095356716117,10.605931830807288,10.641021728515625,195600,0.0,0.0
2022-02-04 00:00:00-05:00,10.667339767582256,11.105963941161193,10.63224986716031,10.816472053527832,182500,0.0,0.0
2022-02-07 00:00:00-05:00,10.886650488671382,11.228777602323367,10.772608117454055,10.851560592651367,192600,0.0,0.0
2022-02-08 00:00:00-05:00,10.807699240689908,11.10596380903258,10.807699240689908,10.991921424865723,251700,0.0,0.0
2022-02-09 00:00:00-05:00,11.114735401894505,11.141052615161628,10.851560759395905,10.860333442687988,170200,0.0,0.0
2022-02-10 00:00:00-05:00,10.76383719216691,11.193688664354733,10.746291824350664,10.912968635559082,316800,0.0,0.0
2022-02-11 00:00:00-05:00,10.790153328474931,11.351591656714861,10.790153328474931,11.018238067626953,361900,0.0,0.0
2022-02-14 00:00:00-05:00,11.105962068061016,11.220004434350582,10.886650018260099,10.939285278320312,252000,0.0,0.0
2022-02-15 00:00:00-05:00,11.06209907880629,11.360363589285075,10.956829399215373,11.272639274597168,197600,0.0,0.0
2022-02-16 00:00:00-05:00,11.272640589023581,11.439317391991993,11.149825530209021,11.36036491394043,233800,0.0,0.0
2022-02-17 00:00:00-05:00,11.32527444085418,11.64985618342339,11.184914858836047,11.623538970947266,499600,0.0,0.0
2022-02-18 00:00:00-05:00,11.597222974872297,12.342883541706215,11.377910895813642,11.518270492553711,525400,0.0,0.0
2022-02-22 00:00:00-05:00,11.553360310922859,12.09725416279068,11.307731018345915,11.877942085266113,479200,0.0,0.0
2022-02-23 00:00:00-05:00,12.035845716129792,12.281474981509437,11.518269136623012,11.553359031677246,292200,0.0,0.0
2022-02-24 00:00:00-05:00,11.325276240748423,11.579678232739957,11.220006537504606,11.500725746154785,243000,0.0,0.0
2022-02-25 00:00:00-05:00,11.500723455454487,11.790215290866657,11.395453773178158,11.711263656616211,154800,0.0,0.0
2022-02-28 00:00:00-05:00,11.66740129636665,11.746353768691323,11.527041717393487,11.728808403015137,329800,0.0,0.0
2022-03-01 00:00:00-05:00,11.72003625390092,11.781444199954972,11.37790997372587,11.456862449645996,300500,0.0,0.0
2022-03-02 00:00:00-05:00,11.439316415264878,11.658628463745117,11.237549732235413,11.658628463745117,234000,0.0,0.0
2022-03-03 00:00:00-05:00,11.728808319909866,11.763898214404525,11.448089163952599,11.605993270874023,238400,0.0,0.0
2022-03-04 00:00:00-05:00,11.456862034317544,11.456862034317544,11.132279459166051,11.31650161743164,225100,0.0,0.0
2022-03-07 00:00:00-05:00,11.211232274871927,11.474406914238878,11.062100007117625,11.097189903259277,262900,0.0,0.0
2022-03-08 00:00:00-05:00,11.088418025514098,11.605993782996427,10.983148337385026,11.395454406738281,260000,0.0,0.0
2022-03-09 00:00:00-05:00,11.579677525975235,11.877942085266113,11.456863297991355,11.877942085266113,266100,0.0,0.0
2022-03-10 00:00:00-05:00,11.904257804896476,12.55342210864365,11.746353697809068,12.448151588439941,398900,0.0,0.0
2022-03-11 00:00:00-05:00,12.570967560061078,12.860459420341463,12.55342302981243,12.746417045593262,445300,0.0,0.0
2022-03-14 00:00:00-04:00,12.746417498615097,13.11486184963217,12.430608413432962,12.588513374328613,281400,0.0,0.0
2022-03-15 00:00:00-04:00,12.588512958976187,12.614830172720747,12.106026245077153,12.14111614227295,299900,0.0,0.0
2022-03-16 00:00:00-04:00,12.316564881104375,12.465697144292125,11.939347881675467,12.158659934997559,294800,0.0,0.0
2022-03-17 00:00:00-04:00,12.167432135199684,12.342881603574957,11.790215150736056,12.307791709899902,178000,0.0,0.0
2022-03-18 00:00:00-04:00,12.299021876023192,12.632375502167394,12.123571542335684,12.61483097076416,650400,0.0,0.0
2022-03-21 00:00:00-04:00,12.588514599468605,12.860461129022875,12.553424697700013,12.728874206542969,225300,0.0,0.0
2022-03-22 00:00:00-04:00,12.869231159427544,12.93941094849063,12.448151588439941,12.448151588439941,165000,0.0,0.0
2022-03-23 00:00:00-04:00,12.48324203491211,12.667464198500278,12.421834925919091,12.48324203491211,157400,0.0,0.0
2022-03-24 00:00:00-04:00,12.623603654770374,12.895550166089464,12.535878487926619,12.61483097076416,199800,0.0,0.0
2022-03-25 00:00:00-04:00,12.667465783402402,12.983275724271621,12.553424234320982,12.641148567199707,388600,0.0,0.0
2022-03-28 00:00:00-04:00,12.737643787573992,12.77273368079283,12.492013698433077,12.535876274108887,366800,0.0,0.0
2022-03-29 00:00:00-04:00,12.540286321620506,12.725480453579866,12.47855438361864,12.487373352050781,377100,0.075,0.0
2022-03-30 00:00:00-04:00,12.505012696039508,12.681387879413315,12.319818543241206,12.408005714416504,182400,0.0,0.0
2022-03-31 00:00:00-04:00,12.39918630817346,12.513829534784064,12.28454224053973,12.302179336547852,168400,0.0,0.0
2022-04-01 00:00:00-04:00,12.284543246868475,12.478555523966593,12.196355236534279,12.460918426513672,273900,0.0,0.0
2022-04-04 00:00:00-04:00,12.40800400451283,12.416822972722013,12.134622718212952,12.2669038772583,150800,0.0,0.0
2022-04-05 00:00:00-04:00,12.125804216833258,12.36391132150945,12.0640731190386,12.143442153930664,226000,0.0,0.0
2022-04-06 00:00:00-04:00,12.055254270358631,12.25808550285682,11.90533516763252,11.958248138427734,400900,0.0,0.0
2022-04-07 00:00:00-04:00,12.240448387026142,12.505011558532715,12.037616313829286,12.505011558532715,410100,0.0,0.0
2022-04-08 00:00:00-04:00,12.505011900992706,12.67256810428909,12.425642863264834,12.496192932128906,385200,0.0,0.0
2022-04-11 00:00:00-04:00,12.566741759615965,12.840123880226185,12.531466728668493,12.5931978225708,401500,0.0,0.0
2022-04-12 00:00:00-04:00,12.681387030178783,12.8754001394091,12.610836961553787,12.725481033325195,381500,0.0,0.0
2022-04-13 00:00:00-04:00,12.840125195991778,13.175237603821188,12.699024216719776,13.087050437927246,261900,0.0,0.0
2022-04-14 00:00:00-04:00,13.157600857019366,14.286403675080459,13.104687883257084,13.783733367919922,865100,0.0,0.0
2022-04-18 00:00:00-04:00,13.730819888331952,14.101208167953748,13.669088788736039,13.704363822937012,255900,0.0,0.0
2022-04-19 00:00:00-04:00,13.73963885659943,14.418684316220492,13.730819887793743,14.20703411102295,695600,0.0,0.0
2022-04-20 00:00:00-04:00,14.330495322218978,15.141821893897223,14.312857385823623,14.436321258544922,719800,0.0,0.0
2022-04-21 00:00:00-04:00,14.665608406066895,15.044815646502292,14.54214620947724,14.665608406066895,727900,0.0,0.0
2022-04-22 00:00:00-04:00,14.665611359371258,14.753799381285523,13.977748488942547,14.030660629272461,599700,0.0,0.0
2022-04-25 00:00:00-04:00,13.792550376902092,14.21585158377272,13.422162136273943,14.171756744384766,426500,0.0,0.0
2022-04-26 00:00:00-04:00,14.180577483016956,14.462777762154195,13.669089056569126,13.722002029418945,342000,0.0,0.0
2022-04-27 00:00:00-04:00,13.713183087951943,14.004202336651865,13.624995080033045,13.924833297729492,285800,0.0,0.0
2022-04-28 00:00:00-04:00,14.05711426745357,14.436322359669804,13.660269919542978,14.383408546447754,377000,0.0,0.0
2022-04-29 00:00:00-04:00,14.79789139130353,15.03599681808286,13.713182630580956,14.11884593963623,460900,0.0,0.0
2022-05-02 00:00:00-04:00,14.268765319492951,14.348134357303437,13.325156675663262,13.633813858032227,343400,0.0,0.0
2022-05-03 00:00:00-04:00,13.642630947230982,14.46277559588621,13.642630947230982,14.409863471984863,590100,0.0,0.0
2022-05-04 00:00:00-04:00,14.498052809957187,14.7273409441711,14.277583644218375,14.603877067565918,683600,0.0,0.0
2022-05-05 00:00:00-04:00,14.630334933399945,14.859623082665484,14.101208564483033,14.356953620910645,565300,0.0,0.0
2022-05-06 00:00:00-04:00,14.224672894279829,14.330498856706788,13.774916338570128,13.942473411560059,295100,0.0,0.0
2022-05-09 00:00:00-04:00,13.633812672262732,13.924831891575012,13.43098061094088,13.457437515258789,263300,0.0,0.0
2022-05-10 00:00:00-04:00,13.563265054549015,13.75727818274019,12.981226510998734,13.148782730102539,332700,0.0,0.0
2022-05-11 00:00:00-04:00,13.21051375705714,13.422164823376294,13.00768250140436,13.10468864440918,240400,0.0,0.0
2022-05-12 00:00:00-04:00,12.990043484128515,13.369250737082298,12.743118241774573,12.972406387329102,311400,0.0,0.0
2022-05-13 00:00:00-04:00,12.972406970764057,13.289882296640458,12.840125795238025,13.095870018005371,262200,0.0,0.0
2022-05-16 00:00:00-04:00,13.007681094089586,13.36043143141835,12.954768122978699,13.298700332641602,281300,0.0,0.0
2022-05-17 00:00:00-04:00,13.545626952505124,13.78373408529288,13.46625874926577,13.65145206451416,238900,0.0,0.0
2022-05-18 00:00:00-04:00,13.43980243158414,13.616177626022921,13.087052042706578,13.18405818939209,490600,0.0,0.0
2022-05-19 00:00:00-04:00,13.007682160934946,13.32515749056907,12.8930380816446,13.113507270812988,258400,0.0,0.0
2022-05-20 00:00:00-04:00,13.254605838079591,13.325155902925838,12.408004218901512,12.557923316955566,345600,0.0,0.0
2022-05-23 00:00:00-04:00,12.593200042615532,12.866582211420067,12.540287907378024,12.69902515411377,194700,0.0,0.0
2022-05-24 00:00:00-04:00,12.610838267863208,12.92831360956177,12.169899872770252,12.32863712310791,346600,0.0,0.0
2022-05-25 00:00:00-04:00,12.231629652190016,12.699024064803732,12.231629652190016,12.566742897033691,221000,0.0,0.0
2022-05-26 00:00:00-04:00,12.566742888365109,13.02531917289481,12.566742888365109,12.998862266540527,216400,0.0,0.0
2022-05-27 00:00:00-04:00,12.99004396228473,13.272245090671493,12.99004396228473,13.166419982910156,164200,0.0,0.0
2022-05-31 00:00:00-04:00,13.139962328888904,13.201694269010877,12.919493156652358,13.02531909942627,250300,0.0,0.0
2022-06-01 00:00:00-04:00,13.007680994967693,13.069412093274035,12.796030794183263,12.93713092803955,246400,0.0,0.0
2022-06-02 00:00:00-04:00,12.972408670776895,13.157602845396655,12.82248953698836,13.12232780456543,202900,0.0,0.0
2022-06-03 00:00:00-04:00,13.104689706946575,13.554447102934471,13.087052607253504,13.30752182006836,189800,0.0,0.0
2022-06-06 00:00:00-04:00,13.492715498533965,14.136486013718379,13.457440459415864,13.977747917175293,456800,0.0,0.0
2022-06-07 00:00:00-04:00,13.907196570999155,14.242308991556767,13.774914555599175,14.189396858215332,218400,0.0,0.0
2022-06-08 00:00:00-04:00,14.198216269382925,14.524509730865503,13.854284027865514,14.498054504394531,303000,0.0,0.0
2022-06-09 00:00:00-04:00,14.50687375713124,14.50687375713124,14.039478456476838,14.05711555480957,291300,0.0,0.0
2022-06-10 00:00:00-04:00,13.774916366969496,13.774916366969496,12.857764471890325,12.919495582580566,333000,0.0,0.0
2022-06-13 00:00:00-04:00,12.56674133736233,12.751935453869645,12.25808419617579,12.443278312683105,320200,0.0,0.0
2022-06-14 00:00:00-04:00,12.60201789829258,12.672567966388941,12.293360719603632,12.363911628723145,183200,0.0,0.0
2022-06-15 00:00:00-04:00,12.46973686656067,12.66374913542529,12.258085818945291,12.496192932128906,243000,0.0,0.0
2022-06-16 00:00:00-04:00,12.258087496212116,12.355094484940997,11.658411828814234,11.843605995178223,287800,0.0,0.0
2022-06-17 00:00:00-04:00,11.843605495434206,12.064074691754138,11.623136299114273,11.764236450195312,1157900,0.0,0.0
2022-06-21 00:00:00-04:00,12.019980430603027,12.319818665833749,11.905336350013444,12.019980430603027,220300,0.0,0.0
2022-06-22 00:00:00-04:00,11.737779244715913,11.922973385320011,11.429122063368032,11.790691375732422,271500,0.0,0.0
2022-06-23 00:00:00-04:00,11.74659828898835,11.74659828898835,11.27920383710238,11.314478874206543,271800,0.0,0.0
2022-06-24 00:00:00-04:00,11.34975354081524,11.649591766924477,11.19983442776062,11.437941551208496,212000,0.0,0.0
2022-06-27 00:00:00-04:00,11.52612945687169,11.71132361770924,11.437942281868203,11.579042434692383,140200,0.0,0.0
2022-06-28 00:00:00-04:00,11.725385227751028,12.018076313411012,11.62782096862793,11.62782096862793,170900,0.075,0.0
2022-06-29 00:00:00-04:00,11.63669370309242,11.89390717560979,11.414957921754862,11.503652572631836,159700,0.0,0.0
2022-06-30 00:00:00-04:00,11.352870961019457,11.734255889001862,11.317393273629122,11.663300514221191,238700,0.0,0.0
2022-07-01 00:00:00-04:00,11.610084773572614,11.82295090465276,11.494782074440497,11.796342849731445,201800,0.0,0.0
2022-07-05 00:00:00-04:00,11.66330150526671,11.707648829736574,10.616709215394158,10.989225387573242,855700,0.0,0.0
2022-07-06 00:00:00-04:00,11.716518077304542,12.479288818775947,11.441565351345236,12.293030738830566,660000,0.0,0.0
2022-07-07 00:00:00-04:00,12.514764925276005,12.887281038054883,12.408331871032715,12.408331871032715,368900,0.0,0.0
2022-07-08 00:00:00-04:00,12.434941243950838,12.603460041475794,12.257551967581717,12.470418930053711,199200,0.0,0.0
2022-07-11 00:00:00-04:00,12.40833344030674,12.51476650801055,12.239814627906076,12.293030738830566,175000,0.0,0.0
2022-07-12 00:00:00-04:00,12.37285437391148,12.630067803696924,12.168857894982045,12.2664213180542,126500,0.0,0.0
2022-07-13 00:00:00-04:00,12.11564130533996,12.381724375843492,12.062425198752113,12.328507423400879,132700,0.0,0.0
2022-07-14 00:00:00-04:00,12.124511129804777,12.293029931133132,11.955991482621647,12.186596870422363,107300,0.0,0.0
2022-07-15 00:00:00-04:00,12.390593575605797,12.452679313072128,12.142248934031002,12.35511589050293,131400,0.0,0.0
2022-07-18 00:00:00-04:00,12.452679682003561,12.674415431929447,12.346246623541706,12.41720199584961,192700,0.0,0.0
2022-07-19 00:00:00-04:00,12.523636729361014,12.9937163452382,12.461550981751254,12.922760963439941,291800,0.0,0.0
2022-07-20 00:00:00-04:00,12.887282842564794,14.084656350706842,12.842935518956784,13.951614379882812,1087000,0.0,0.0
2022-07-21 00:00:00-04:00,14.075785602313724,14.08465523550401,13.321884544089738,13.6943998336792,359800,0.0,0.0
2022-07-22 00:00:00-04:00,13.614576434491388,13.747617556372418,13.144495999354794,13.472664833068848,395300,0.0,0.0
2022-07-25 00:00:00-04:00,13.685531542015019,14.430563839887553,13.685531542015019,14.37734603881836,565600,0.0,0.0
2022-07-26 00:00:00-04:00,14.421694393885863,14.918382035022244,14.350739016580665,14.35960865020752,509200,0.0,0.0
2022-07-27 00:00:00-04:00,14.421694120995017,14.563604872920141,14.093525295704467,14.155611038208008,249700,0.0,0.0
2022-07-28 00:00:00-04:00,14.395086859329034,14.412826128266483,13.942746497537778,14.315261840820312,599900,0.0,0.0
2022-07-29 00:00:00-04:00,14.634560248882703,14.909512119273932,14.111263716767706,14.155611038208008,525100,0.0,0.0
2022-08-01 00:00:00-04:00,14.510388014211616,14.554734487506002,14.23543446631597,14.324129104614258,455600,0.0,0.0
2022-08-02 00:00:00-04:00,14.439433454492814,14.519258464282467,13.268668054002571,13.392840385437012,430800,0.0,0.0
2022-08-03 00:00:00-04:00,13.525879697374169,13.63231274758865,13.153363598696144,13.215449333190918,420700,0.0,0.0
2022-08-04 00:00:00-04:00,13.16223465091832,13.28640613330316,12.896151573750432,13.27753734588623,418500,0.0,0.0
2022-08-05 00:00:00-04:00,13.2331898028505,13.561358615692257,13.126756742944101,13.401708602905273,296600,0.0,0.0
2022-08-08 00:00:00-04:00,13.525880843425293,13.8983969736667,13.525880843425293,13.543620109558105,347900,0.0,0.0
2022-08-09 00:00:00-04:00,13.534750694724188,13.74761681662157,13.437186421130138,13.712139129638672,374300,0.0,0.0
2022-08-10 00:00:00-04:00,13.747616802052896,14.173349045396499,13.623444474816957,14.129002571105957,671500,0.0,0.0
2022-08-11 00:00:00-04:00,14.315258947800265,14.65229822265917,14.12013210405158,14.421692848205566,1587400,0.0,0.0
2022-08-12 00:00:00-04:00,14.785338813981094,15.42393711902361,14.785338813981094,15.335244178771973,1194300,0.0,0.0
2022-08-15 00:00:00-04:00,15.379592715156107,15.521503468675801,14.705515790082746,14.794210433959961,723200,0.0,0.0
2022-08-16 00:00:00-04:00,14.856295173680602,15.299766671402411,14.767600535794337,15.122377395629883,828600,0.0,0.0
2022-08-17 00:00:00-04:00,14.998205401660915,15.086900036495992,14.678905392938423,14.87403392791748,313500,0.0,0.0
2022-08-18 00:00:00-04:00,14.811945752511521,14.980463670074169,14.749858334151988,14.953856468200684,310100,0.0,0.0
2022-08-19 00:00:00-04:00,14.927250621889515,14.944989887899274,14.7764702442256,14.811948776245117,247700,0.0,0.0
2022-08-22 00:00:00-04:00,14.332999836928822,14.563605237507561,13.58796752481587,13.907267570495605,605900,0.0,0.0
2022-08-23 00:00:00-04:00,13.836312802361732,14.129003959893762,13.827443168289886,14.102395057678223,283500,0.0,0.0
2022-08-24 00:00:00-04:00,14.075787924177646,14.33300140814101,14.02257180796725,14.226569175720215,238200,0.0,0.0
2022-08-25 00:00:00-04:00,14.279783529523662,14.803080067518644,14.17334961852908,14.794210433959961,344300,0.0,0.0
2022-08-26 00:00:00-04:00,14.74099137897686,14.74099137897686,14.359605670704779,14.412821769714355,408700,0.0,0.0
2022-08-29 00:00:00-04:00,14.191087835150235,14.30638967945865,14.004829773479697,14.066915512084961,303100,0.0,0.0
2022-08-30 00:00:00-04:00,14.09352503100196,14.23543493440695,13.862919640527426,14.02256965637207,380300,0.0,0.0
2022-08-31 00:00:00-04:00,13.951612407257354,14.474908890962062,13.951612407257354,14.386214256286621,686700,0.0,0.0
2022-09-01 00:00:00-04:00,14.26204317221299,14.687775400229022,14.129002062421668,14.59021282196045,745000,0.0,0.0
2022-09-02 00:00:00-04:00,14.811951220810089,15.15785850654135,14.262045725717766,14.315261840820312,783500,0.0,0.0
2022-09-06 00:00:00-04:00,14.35960701882596,14.572473126558032,14.253173119105202,14.492648124694824,921000,0.0,0.0
2022-09-07 00:00:00-04:00,14.474909579506432,14.492648845627235,13.96935233703029,14.253173828125,809200,0.0,0.0
2022-09-08 00:00:00-04:00,14.155609642533543,14.199956959601415,12.195465671655146,12.479287147521973,1393400,0.0,0.0
2022-09-09 00:00:00-04:00,12.49702674672866,12.825195548435103,12.328507106537266,12.647807121276855,594400,0.0,0.0
2022-09-12 00:00:00-04:00,12.674416368572862,13.055802157303441,12.674416368572862,12.834066390991211,520900,0.0,0.0
2022-09-13 00:00:00-04:00,12.603459817116036,12.754240191832826,12.168857958628697,12.177726745605469,392300,0.0,0.0
2022-09-14 00:00:00-04:00,12.2043353518388,12.319638038323081,11.982599611489352,12.097902297973633,539000,0.0,0.0
2022-09-15 00:00:00-04:00,12.000337907688836,12.097902173788114,11.698777168572365,11.805211067199707,353300,0.0,0.0
2022-09-16 00:00:00-04:00,11.867296589350449,11.991468904941751,11.610083171654301,11.92938232421875,2218400,0.0,0.0
2022-09-19 00:00:00-04:00,11.7431258441421,11.920514285955235,11.681040100971206,11.831820487976074,432800,0.0,0.0
2022-09-20 00:00:00-04:00,11.59234524086502,11.618954141031672,11.166612988456157,11.22869873046875,567900,0.0,0.0
2022-09-21 00:00:00-04:00,11.157742737771816,11.20209005640795,10.767488194654291,10.980354309082031,544900,0.0,0.0
2022-09-22 00:00:00-04:00,11.042440047659769,11.104526632092256,10.909398937606118,10.980354309082031,563000,0.0,0.0
2022-09-23 00:00:00-04:00,10.70540299340071,10.758619951810854,10.350626090182612,10.590100288391113,525800,0.0,0.0
2022-09-26 00:00:00-04:00,10.563491558208755,10.820705008096494,10.35949506333615,10.430450439453125,722200,0.0,0.0
2022-09-27 00:00:00-04:00,10.497398416332373,10.675925426552189,10.229607475360684,10.666998863220215,653400,0.075,0.0
2022-09-28 00:00:00-04:00,10.550955034892352,10.970494105268116,10.550955034892352,10.890156745910645,684400,0.0,0.0
2022-09-29 00:00:00-04:00,10.800895106885045,11.041906365615757,10.497398754103886,10.997274398803711,825700,0.0,0.0
2022-09-30 00:00:00-04:00,11.193654024860129,11.568561166706289,10.979421615600586,10.979421615600586,1774000,0.0,0.0
2022-10-03 00:00:00-04:00,11.220432318253227,11.916688891457492,11.220432318253227,11.52392864227295,801800,0.0,0.0
2022-10-04 00:00:00-04:00,11.67567749012689,11.997026107285674,11.488223917296617,11.970247268676758,681100,0.0,0.0
2022-10-05 00:00:00-04:00,11.747088614891222,12.166627737218466,11.738162051349716,12.041658401489258,565600,0.0,0.0
2022-10-06 00:00:00-04:00,11.916689624050527,12.238038242088184,11.898836497406469,12.184479713439941,729500,0.0,0.0
2022-10-07 00:00:00-04:00,12.121996373060535,12.175554905686598,11.756015762515094,12.104144096374512,760200,0.0,0.0
2022-10-10 00:00:00-04:00,12.113069676156794,12.496903410460382,12.113069676156794,12.238039016723633,485600,0.0,0.0
2022-10-11 00:00:00-04:00,12.121995781241841,12.514756064567012,12.086290378329004,12.345154762268066,730500,0.0,0.0
2022-10-12 00:00:00-04:00,12.363007754906691,12.612945572578239,12.202333017904438,12.523681640625,381700,0.0,0.0
2022-10-13 00:00:00-04:00,12.327302200479844,12.845030956347486,12.291596798395314,12.836104393005371,417000,0.0,0.0
2022-10-14 00:00:00-04:00,12.969999445523749,13.15745301939723,12.746840469545027,12.791472434997559,459600,0.0,0.0
2022-10-17 00:00:00-04:00,12.943221233031517,13.103895975921402,12.755767650087977,12.764694213867188,467400,0.0,0.0
2022-10-18 00:00:00-04:00,12.916440184669467,13.112819446533512,12.604017316083475,12.818249702453613,770300,0.0,0.0
2022-10-19 00:00:00-04:00,12.746840081058386,12.746840081058386,11.916689294591205,12.157700538635254,650800,0.0,0.0
2022-10-20 00:00:00-04:00,12.05950951203737,12.487974274976288,12.05950951203737,12.220183372497559,446700,0.0,0.0
2022-10-21 00:00:00-04:00,12.229112305090224,12.791473053920843,12.166628061203703,12.764694213867188,334900,0.0,0.0
2022-10-24 00:00:00-04:00,12.693282321497684,13.041409766297917,12.621871519934357,13.03248405456543,420200,0.0,0.0
2022-10-25 00:00:00-04:00,12.978925250444139,13.318126976264523,12.952146413251022,13.086041450500488,338200,0.0,0.0
2022-10-26 00:00:00-04:00,13.14852614170256,13.255643196741316,12.95214686046064,13.023557662963867,321700,0.0,0.0
2022-10-27 00:00:00-04:00,13.139599981043661,13.36275894406479,12.76469285506545,13.041409492492676,553400,0.0,0.0
2022-10-28 00:00:00-04:00,12.479049353013158,12.88073618516571,12.166627301797082,12.407638549804688,729900,0.0,0.0
2022-10-31 00:00:00-04:00,12.36300736373504,12.800398743641955,11.934541695713879,11.97917366027832,680700,0.0,0.0
2022-11-01 00:00:00-04:00,12.050586103116592,12.104144638139864,11.443593345511681,11.51500415802002,622000,0.0,0.0
2022-11-02 00:00:00-04:00,11.497150442285438,11.988100355327335,11.211507227984956,11.36325454711914,682400,0.0,0.0
2022-11-03 00:00:00-04:00,11.229358990563444,11.568560717701068,11.03297886405558,11.43466567993164,357600,0.0,0.0
2022-11-04 00:00:00-04:00,11.666750766020652,12.041657906513667,11.648898490955418,11.934541702270508,611000,0.0,0.0
2022-11-07 00:00:00-05:00,11.979174134426568,12.273743920413784,11.916689892333508,12.175554275512695,333700,0.0,0.0
2022-11-08 00:00:00-05:00,12.157699418252774,12.220183651453436,12.005951265093593,12.077362060546875,254200,0.0,0.0
2022-11-09 00:00:00-05:00,11.970246949789617,12.104142841835076,11.773866818893293,11.809572219848633,270600,0.0,0.0
2022-11-10 00:00:00-05:00,12.11306904144692,12.470123916664088,12.059511363498906,12.398713111877441,257800,0.0,0.0
2022-11-11 00:00:00-05:00,12.541534097837,12.666502574357741,12.389785932389902,12.425491333007812,308200,0.0,0.0
2022-11-14 00:00:00-05:00,12.398712672707834,12.595091953273268,12.068437499447153,12.371932983398438,348800,0.0,0.0
2022-11-15 00:00:00-05:00,12.487976026547965,12.675429599447055,12.300522453648874,12.363007545471191,329700,0.0,0.0
2022-11-16 00:00:00-05:00,12.273743644092368,12.354081011422766,12.014879266741051,12.184479713439941,332100,0.0,0.0
2022-11-17 00:00:00-05:00,12.041658999763438,12.354081928966812,11.95239591376533,12.104144096374512,237800,0.0,0.0
2022-11-18 00:00:00-05:00,12.220185074703174,12.577239944838562,11.970247261507156,12.01487922668457,230700,0.0,0.0
2022-11-21 00:00:00-05:00,11.970245867366954,12.327300695917188,11.83635083871301,12.077362060546875,313100,0.0,0.0
2022-11-22 00:00:00-05:00,12.220184640991896,12.434417895983266,12.175553528682432,12.425491333007812,486500,0.0,0.0
2022-11-23 00:00:00-05:00,12.345153350941848,12.604017705286946,12.166626356787274,12.541533470153809,455200,0.0,0.0
2022-11-25 00:00:00-05:00,12.54153251652142,12.675427539135283,12.514753682255405,12.586164474487305,248800,0.0,0.0
2022-11-28 00:00:00-05:00,12.496901977157908,12.675428978003385,12.273743013280088,12.300521850585938,373000,0.0,0.0
2022-11-29 00:00:00-05:00,12.309448894781651,12.675429473646677,12.291596619640977,12.496902465820312,415800,0.0,0.0
2022-11-30 00:00:00-05:00,12.496902597166109,12.496902597166109,11.550708168815746,12.318375587463379,655000,0.0,0.0
2022-12-01 00:00:00-05:00,12.327302450267801,12.505829464307938,12.130922309181674,12.175554275512695,283300,0.0,0.0
2022-12-02 00:00:00-05:00,12.175553375636047,12.541533940190249,12.023805212096418,12.300521850585938,369200,0.0,0.0
2022-12-05 00:00:00-05:00,12.202333612459391,12.318376389139173,12.04165886762831,12.238039016723633,221500,0.0,0.0
2022-12-06 00:00:00-05:00,12.29159592050534,12.479048629597928,11.934541073877671,12.095215797424316,423700,0.0,0.0
2022-12-07 00:00:00-05:00,12.130920751706974,12.354079703427017,12.077362228729271,12.113067626953125,210500,0.0,0.0
2022-12-08 00:00:00-05:00,11.506078251817339,11.693531844326772,10.568810289270166,10.836601257324219,1482100,0.0,0.0
2022-12-09 00:00:00-05:00,10.756263276885532,11.220433524296451,10.72948443697128,10.818747520446777,707000,0.0,0.0
2022-12-12 00:00:00-05:00,10.800894002191358,11.050831798978136,10.72055664040321,11.006199836730957,464600,0.0,0.0
2022-12-13 00:00:00-05:00,11.113316832406129,11.336475808363216,10.863379017693694,10.970495223999023,294600,0.0,0.0
2022-12-14 00:00:00-05:00,10.979422285270385,11.175802431378107,10.765189862944126,11.032979965209961,396900,0.0,0.0
2022-12-15 00:00:00-05:00,10.872305514720436,10.899084353312436,10.461692967412723,10.542030334472656,400800,0.0,0.0
2022-12-16 00:00:00-05:00,10.497399006137814,10.800895366205674,10.327797698436843,10.729484558105469,1818300,0.0,0.0
2022-12-19 00:00:00-05:00,10.836598501891299,11.006198922806782,10.461691412200436,10.568807601928711,332400,0.0,0.0
2022-12-20 00:00:00-05:00,10.663133429501967,10.95059758082532,10.591267391671128,10.717033386230469,354400,0.075,0.0
2022-12-21 00:00:00-05:00,10.78889961435644,10.878731734874076,10.60025104754541,10.734999656677246,406200,0.0,0.0
2022-12-22 00:00:00-05:00,10.663134115535618,10.788900118186362,10.30380390326321,10.483469009399414,322300,0.0,0.0
2022-12-23 00:00:00-05:00,10.474485057961575,10.743983133121102,10.38465293738224,10.591267585754395,215900,0.0,0.0
2022-12-27 00:00:00-05:00,10.582283307372373,10.627199792582303,10.357701738033423,10.600250244140625,215200,0.0,0.0
2022-12-28 00:00:00-05:00,10.636182960572805,10.770931555686243,10.321768429693883,10.366684913635254,273700,0.0,0.0
2022-12-29 00:00:00-05:00,10.438551570018973,10.65414967778859,10.294819498172561,10.339735984802246,271800,0.0,0.0
2022-12-30 00:00:00-05:00,10.294818230275528,10.465499830394526,10.178035722105426,10.456517219543457,337200,0.0,0.0
2023-01-03 00:00:00-05:00,10.465502220644169,10.609235164326966,10.258887559799646,10.420586585998535,315300,0.0,0.0
2023-01-04 00:00:00-05:00,10.438551101190477,10.708049152153848,10.312785115618054,10.663132667541504,316400,0.0,0.0
2023-01-05 00:00:00-05:00,10.582283020019531,10.734998551560015,10.420584877049537,10.582283020019531,301500,0.0,0.0
2023-01-06 00:00:00-05:00,10.690082364957648,10.986529968145318,10.591266782798659,10.887714385986328,279400,0.0,0.0
2023-01-09 00:00:00-05:00,10.995513252944173,11.229078286922729,10.887714204194996,11.085346221923828,190200,0.0,0.0
2023-01-10 00:00:00-05:00,10.83381354365316,10.932629109892172,9.953453487602598,10.690080642700195,855700,0.0,0.0
2023-01-11 00:00:00-05:00,10.75296673792235,10.995514408929965,10.411602619306159,10.743983268737793,389400,0.0,0.0
2023-01-12 00:00:00-05:00,10.779915619207932,11.085346698825871,10.564317512434346,11.049413681030273,342000,0.0,0.0
2023-01-13 00:00:00-05:00,11.013481324517496,11.112296915210896,10.672117206607421,11.103313446044922,291300,0.0,0.0
2023-01-17 00:00:00-05:00,11.103314897313608,11.18416441695334,10.73500118047561,10.995515823364258,429900,0.0,0.0
2023-01-18 00:00:00-05:00,10.74398340055319,11.265012625699034,10.74398340055319,10.896698951721191,234700,0.0,0.0
2023-01-19 00:00:00-05:00,10.87873246801701,11.094331456552734,10.779916871774969,11.076364517211914,261100,0.0,0.0
2023-01-20 00:00:00-05:00,11.1661958694458,11.24704537124814,10.995513397482927,11.1661958694458,223600,0.0,0.0
2023-01-23 00:00:00-05:00,11.166194771185554,11.273993810749111,11.058395731621994,11.157211303710938,238200,0.0,0.0
2023-01-24 00:00:00-05:00,11.121278426352443,11.372809521739478,10.779914368543297,11.094328880310059,1023200,0.0,0.0
2023-01-25 00:00:00-05:00,11.076364032373064,11.336878644435847,10.609234767199805,11.184163093566895,494000,0.0,0.0
2023-01-26 00:00:00-05:00,11.184161479415652,11.687224549093191,10.977546856124777,11.273994445800781,628200,0.0,0.0
2023-01-27 00:00:00-05:00,11.318910923903243,11.543492483054413,11.094329364752074,11.202128410339355,332600,0.0,0.0
2023-01-30 00:00:00-05:00,11.049413205674103,11.363826883681527,10.806864703455442,11.085346221923828,306800,0.0,0.0
2023-01-31 00:00:00-05:00,11.121279112710008,11.480609271153517,11.121279112710008,11.43569278717041,355800,0.0,0.0
2023-02-01 00:00:00-05:00,11.336877494619277,11.615359016992079,11.175178490873087,11.52552604675293,382500,0.0,0.0
2023-02-02 00:00:00-05:00,11.507559636371283,11.795023762146894,11.291960685328904,11.570442199707031,644900,0.0,0.0
2023-02-03 00:00:00-05:00,11.570442820096988,11.90282344752446,11.50756025338957,11.61535930633545,389300,0.0,0.0
2023-02-06 00:00:00-05:00,11.570442191570914,11.633324754862443,11.318911081694127,11.42671012878418,422700,0.0,0.0
2023-02-07 00:00:00-05:00,11.444676208277185,11.642308222964282,11.18416163029856,11.42671012878418,547100,0.0,0.0
2023-02-08 00:00:00-05:00,11.211111021605301,11.471626452662893,11.12127891197123,11.202128410339355,528500,0.0,0.0
2023-02-09 00:00:00-05:00,11.265012464189372,11.327895034929647,11.067380426091797,11.103313446044922,253600,0.0,0.0
2023-02-10 00:00:00-05:00,10.609233551157624,10.977547182197718,9.477342253294884,10.160070419311523,960400,0.0,0.0
2023-02-13 00:00:00-05:00,10.160072275526128,10.537368587033923,10.106172312904533,10.519402503967285,353100,0.0,0.0
2023-02-14 00:00:00-05:00,10.42956829071045,10.573301221877205,10.267870135302802,10.42956829071045,310000,0.0,0.0
2023-02-15 00:00:00-05:00,10.40261964677163,10.492452629484527,10.196004985927107,10.420586585998535,426300,0.0,0.0
2023-02-16 00:00:00-05:00,10.204987659878807,10.483469222586088,9.989389528131065,10.285837173461914,462100,0.0,0.0
2023-02-17 00:00:00-05:00,10.11515493000544,10.564318106044288,10.007355870561408,10.16905403137207,445500,0.0,0.0
2023-02-21 00:00:00-05:00,9.980405820984046,10.061255332643372,9.764807694366375,9.836673736572266,424600,0.0,0.0
2023-02-22 00:00:00-05:00,9.86362117433931,10.02532016300409,9.710906509913325,9.74683952331543,410800,0.0,0.0
2023-02-23 00:00:00-05:00,9.800740857425849,10.016338987166298,9.737858283762588,9.845657348632812,250800,0.0,0.0
2023-02-24 00:00:00-05:00,9.701926291354054,9.881591418530611,9.558194189612808,9.639042854309082,572100,0.0,0.0
2023-02-27 00:00:00-05:00,9.69293975094916,9.818705728496633,9.594124176475837,9.621073722839355,329600,0.0,0.0
2023-02-28 00:00:00-05:00,9.531240624490001,9.755822173333211,9.225810437700158,9.683956146240234,763800,0.0,0.0
2023-03-01 00:00:00-05:00,9.701924467248663,9.899556498340582,9.657007979721762,9.710907936096191,446900,0.0,0.0
2023-03-02 00:00:00-05:00,9.692940380266695,9.80972289770493,9.55819178298987,9.7378568649292,273100,0.0,0.0
2023-03-03 00:00:00-05:00,9.746841089685466,10.05227132433234,9.710908070508731,9.935489654541016,358100,0.0,0.0
2023-03-06 00:00:00-05:00,9.890573083545494,9.908539164627994,9.486326407015644,9.504292488098145,442900,0.0,0.0
2023-03-07 00:00:00-05:00,9.486326696730965,9.513276247533136,9.396493718442695,9.450393676757812,491000,0.0,0.0
2023-03-08 00:00:00-05:00,9.432425326279821,9.68395642843497,9.414458390627702,9.630057334899902,466800,0.0,0.0
2023-03-09 00:00:00-05:00,9.621073860758324,9.773789386858509,9.549207831618315,9.558191299438477,390800,0.0,0.0
2023-03-10 00:00:00-05:00,9.54022391118901,9.594123858842208,9.333609301391391,9.387508392333984,385300,0.0,0.0
2023-03-13 00:00:00-04:00,9.369545219932553,9.369545219932553,9.019197593313747,9.10004711151123,447200,0.0,0.0
2023-03-14 00:00:00-04:00,9.270727012007308,9.423442549405241,9.055128908637535,9.118011474609375,260600,0.0,0.0
2023-03-15 00:00:00-04:00,8.956313466837592,8.956313466837592,8.686815405015249,8.839530944824219,422100,0.0,0.0
2023-03-16 00:00:00-04:00,8.758679873156446,8.902411918616604,8.480198392544462,8.794612884521484,289500,0.0,0.0
2023-03-17 00:00:00-04:00,8.695799066859726,8.767665104047762,8.561049604599104,8.570033073425293,871100,0.0,0.0
2023-03-20 00:00:00-04:00,8.623932884346525,8.848514460952313,8.614949415671719,8.704781532287598,326900,0.0,0.0
2023-03-21 00:00:00-04:00,8.974277954232818,9.019194432681255,8.848512842629878,8.86647891998291,293100,0.0,0.0
2023-03-22 00:00:00-04:00,8.866480689232144,8.947330195230217,8.641899108886719,8.641899108886719,182300,0.0,0.0
2023-03-23 00:00:00-04:00,8.785631186774415,8.785631186774415,8.417317531933215,8.498167037963867,345000,0.0,0.0
2023-03-24 00:00:00-04:00,8.399351774371729,8.65088291426517,8.39036830519784,8.596982955932617,270800,0.0,0.0
2023-03-27 00:00:00-04:00,8.65088176727295,8.713764329731221,8.57003226884908,8.65088176727295,174200,0.0,0.0
2023-03-28 00:00:00-04:00,8.691626349118875,8.818378675741453,8.637303306683865,8.682572364807129,238100,0.075,0.0
2023-03-29 00:00:00-04:00,8.727839945206627,8.89080731804847,8.664462929190329,8.800270080566406,268700,0.0,0.0
2023-03-30 00:00:00-04:00,8.845537796605871,8.93607502042968,8.655408504110126,8.736891746520996,294400,0.0,0.0
2023-03-31 00:00:00-04:00,8.809323272471651,8.872700289009982,8.73689313651527,8.854592323303223,337100,0.0,0.0
2023-04-03 00:00:00-04:00,8.845538725759111,9.035667174791142,8.74594664662582,8.782161712646484,301100,0.0,0.0
2023-04-04 00:00:00-04:00,8.727840030386744,8.863646319652913,8.392850435219575,8.420011520385742,288300,0.0,0.0
2023-04-05 00:00:00-04:00,8.465279646166891,8.465279646166891,8.257042380155719,8.374741554260254,385200,0.0,0.0
2023-04-06 00:00:00-04:00,8.392849922180176,8.501495119638896,8.365687975239037,8.392849922180176,238700,0.0,0.0
2023-04-10 00:00:00-04:00,8.410957730380364,8.682571178576081,8.410957730380364,8.573925971984863,323300,0.0,0.0
2023-04-11 00:00:00-04:00,8.646355628967285,8.755000829517734,8.564871512695625,8.646355628967285,218800,0.0,0.0
2023-04-12 00:00:00-04:00,8.736894030311847,8.79121706955412,8.57392663945586,8.655410766601562,235000,0.0,0.0
2023-04-13 00:00:00-04:00,8.664464396183638,8.709733454306901,8.56487315906083,8.682572364807129,312600,0.0,0.0
2023-04-14 00:00:00-04:00,8.700678842538611,8.764055864714882,8.438119360480933,8.555818557739258,238900,0.0,0.0
2023-04-17 00:00:00-04:00,8.564871512695625,8.70067779752486,8.50149536156669,8.646355628967285,222500,0.0,0.0
2023-04-18 00:00:00-04:00,8.727840588970208,8.727840588970208,8.429066042714744,8.546764373779297,343400,0.0,0.0
2023-04-19 00:00:00-04:00,8.420010644765021,8.510547873715469,8.275150387696115,8.474332809448242,484700,0.0,0.0
2023-04-20 00:00:00-04:00,8.40190355465141,8.510548758751412,8.338527401451909,8.420011520385742,481200,0.0,0.0
2023-04-21 00:00:00-04:00,8.42001058861494,8.42001058861494,8.175558258864895,8.229881286621094,383600,0.0,0.0
2023-04-24 00:00:00-04:00,8.166506269219559,8.537710942650383,8.08502214804004,8.528656959533691,1003300,0.0,0.0
2023-04-25 00:00:00-04:00,8.510547036001304,8.564870058772616,8.356632812156938,8.42906379699707,724600,0.0,0.0
2023-04-26 00:00:00-04:00,8.374742469485243,8.429065503252907,8.229882197351907,8.420011520385742,518900,0.0,0.0
2023-04-27 00:00:00-04:00,8.420012256598715,8.564872541398069,8.266097988140553,8.555818557739258,462000,0.0,0.0
2023-04-28 00:00:00-04:00,8.546762925757104,8.809322357177734,8.483386779238923,8.809322357177734,354600,0.0,0.0
2023-05-01 00:00:00-04:00,8.736892588760139,8.972290947577859,8.664462457344728,8.727839469909668,247800,0.0,0.0
2023-05-02 00:00:00-04:00,8.800271097295004,8.800271097295004,8.510549658947951,8.61014175415039,565500,0.0,0.0
2023-05-03 00:00:00-04:00,8.582977636141537,8.818375975555174,8.564870536497905,8.69162368774414,556000,0.0,0.0
2023-05-04 00:00:00-04:00,8.6825719417101,8.773109190109327,8.356635429853684,8.564872741699219,642200,0.0,0.0
2023-05-05 00:00:00-04:00,8.238936534719647,8.383796813085953,7.587064418635903,8.247989654541016,1005000,0.0,0.0
2023-05-08 00:00:00-04:00,8.220828018962788,8.284204170654968,7.713817078554726,8.266097068786621,1216800,0.0,0.0
2023-05-09 00:00:00-04:00,8.175558270126793,8.410956618335861,8.012590913504175,8.374741554260254,1309500,0.0,0.0
2023-05-10 00:00:00-04:00,8.465280649438684,8.4743337689541,8.184613222012697,8.329473495483398,821100,0.0,0.0
2023-05-11 00:00:00-04:00,8.193666222595372,8.338526478698258,8.11218211267869,8.229881286621094,813200,0.0,0.0
2023-05-12 00:00:00-04:00,8.26609714435969,8.293258229128188,8.121236874347282,8.175559043884277,703000,0.0,0.0
2023-05-15 00:00:00-04:00,8.302312690646064,8.3113666739028,8.148398429023022,8.247989654541016,675600,0.0,0.0
2023-05-16 00:00:00-04:00,8.14839815364502,8.329473495483398,8.085021999860423,8.329473495483398,477600,0.0,0.0
2023-05-17 00:00:00-04:00,8.33852776023764,8.383796813085953,8.22988255146291,8.247989654541016,512700,0.0,0.0
2023-05-18 00:00:00-04:00,8.238936415622243,8.392850675020387,8.112183242166314,8.383796691894531,435900,0.0,0.0
2023-05-19 00:00:00-04:00,8.410957817924716,8.592033164128111,8.32947369627435,8.33852767944336,397100,0.0,0.0
2023-05-22 00:00:00-04:00,8.338526753948624,8.374741819169786,8.121236362621655,8.148397445678711,433600,0.0,0.0
2023-05-23 00:00:00-04:00,8.130289919315123,8.474333489166819,8.094074852143118,8.266097068786621,627500,0.0,0.0
2023-05-24 00:00:00-04:00,8.257045026445203,8.257045026445203,8.057861678475732,8.121238708496094,389700,0.0,0.0
2023-05-25 00:00:00-04:00,8.057859350908176,8.157451427842817,7.949214155244691,8.148397445678711,537900,0.0,0.0
2023-05-26 00:00:00-04:00,8.139344445766286,8.293258707389327,8.057860323326397,8.247989654541016,435200,0.0,0.0
2023-05-30 00:00:00-04:00,8.28420496735953,8.356635108669256,8.085022510475481,8.211774826049805,530600,0.0,0.0
2023-05-31 00:00:00-04:00,8.229881620987689,8.275150668717856,7.777192870556553,7.840569019317627,803900,0.0,0.0
2023-06-01 00:00:00-04:00,7.858676731917969,7.931106860590787,7.596117299620191,7.659493446350098,687600,0.0,0.0
2023-06-02 00:00:00-04:00,7.740977061944055,8.148396725533704,7.659492956539089,8.112181663513184,743300,0.0,0.0
2023-06-05 00:00:00-04:00,8.094076338223266,8.112184306851564,7.903946984803485,8.003539085388184,370800,0.0,0.0
2023-06-06 00:00:00-04:00,7.940162444656712,8.347582216507083,7.940162444656712,8.320420265197754,292400,0.0,0.0
2023-06-07 00:00:00-04:00,8.329473884067527,8.510549234353377,8.329473884067527,8.49244213104248,664000,0.0,0.0
2023-06-08 00:00:00-04:00,8.45622730255127,8.54676454856285,8.392851143999623,8.45622730255127,366600,0.0,0.0
2023-06-09 00:00:00-04:00,8.456226311907884,8.582978614162197,8.401903279916533,8.501495361328125,439500,0.0,0.0
2023-06-12 00:00:00-04:00,8.501496486851622,8.582979750473363,8.266098089449926,8.320420265197754,565300,0.0,0.0
2023-06-13 00:00:00-04:00,8.32041974331299,8.601087178523745,8.266097570972432,8.438118934631348,903400,0.0,0.0
2023-06-14 00:00:00-04:00,8.4471724818752,8.655409767594524,8.139343976381175,8.175559043884277,1022600,0.0,0.0
2023-06-15 00:00:00-04:00,8.130290392984376,8.266097550367975,8.048807134676647,8.1936674118042,809900,0.0,0.0
2023-06-16 00:00:00-04:00,8.202721623511186,8.420012045256222,8.075968445775558,8.302312850952148,3746900,0.0,0.0
2023-06-20 00:00:00-04:00,8.26609632662716,8.293257408708719,7.903944823987054,7.940160751342773,842200,0.0,0.0
2023-06-21 00:00:00-04:00,7.903946141754525,7.903946141754525,7.65949463539442,7.695709705352783,580400,0.0,0.0
2023-06-22 00:00:00-04:00,7.73192433874383,7.73192433874383,7.4512569148373,7.505579948425293,1180300,0.0,0.0
2023-06-23 00:00:00-04:00,7.451256472248184,7.614224699896862,7.26112802457176,7.315450191497803,739200,0.0,0.0
2023-06-26 00:00:00-04:00,7.324505143253988,7.460311441979417,7.170590877532959,7.170590877532959,848100,0.0,0.0
2023-06-27 00:00:00-04:00,7.175160521957652,7.230002461573145,6.955792763495682,6.97407341003418,1020700,0.075,0.0
2023-06-28 00:00:00-04:00,6.992354137228104,7.010634783977465,6.754705293641411,6.836968421936035,805500,0.0,0.0
2023-06-29 00:00:00-04:00,6.836968590075599,7.202581969899242,6.73642481255897,7.129459381103516,929200,0.0,0.0
2023-06-30 00:00:00-04:00,7.12031836237334,7.376247406005859,7.065476424452086,7.376247406005859,809100,0.0,0.0
2023-07-03 00:00:00-04:00,7.357967131075803,7.650457464079876,7.357967131075803,7.577334880828857,497700,0.0,0.0
2023-07-05 00:00:00-04:00,7.549913874097047,7.760141075894727,7.458510212286799,7.741860866546631,674800,0.0,0.0
2023-07-06 00:00:00-04:00,7.668738011578108,7.851544456972424,7.4950712346860895,7.778421878814697,545300,0.0,0.0
2023-07-07 00:00:00-04:00,7.805843237194248,8.1348948645969,7.723580112421095,8.016071319580078,624400,0.0,0.0
2023-07-10 00:00:00-04:00,8.016070308928217,8.198876745548448,7.878964827695658,7.95208740234375,452300,0.0,0.0
2023-07-11 00:00:00-04:00,7.988648872022057,8.180595852777271,7.988648872022057,8.125754356384277,369800,0.0,0.0
2023-07-12 00:00:00-04:00,8.235439231892622,8.39082494356531,8.217158149724082,8.3634033203125,571200,0.0,0.0
2023-07-13 00:00:00-04:00,8.482227638950803,8.601052056570099,8.34512301106929,8.381684303283691,437500,0.0,0.0
2023-07-14 00:00:00-04:00,8.390825013504978,8.390825013504978,7.997790460505077,8.23543930053711,496700,0.0,0.0
2023-07-17 00:00:00-04:00,8.208017366360213,8.418245446643155,8.134894783224395,8.335982322692871,386700,0.0,0.0
2023-07-18 00:00:00-04:00,8.345122585122223,8.527929036863524,8.25371892340661,8.372543334960938,553700,0.0,0.0
2023-07-19 00:00:00-04:00,8.409105465563561,8.445666759565098,8.043492525548192,8.134895324707031,629500,0.0,0.0
2023-07-20 00:00:00-04:00,7.760141836223233,7.942948306064945,7.549914613827766,7.705300331115723,895400,0.0,0.0
2023-07-21 00:00:00-04:00,7.769282266581911,7.769282266581911,7.531633423339689,7.595616340637207,578100,0.0,0.0
2023-07-24 00:00:00-04:00,7.58647712273126,7.860687307252178,7.513354523084369,7.851546764373779,1113600,0.0,0.0
2023-07-25 00:00:00-04:00,7.814984176170851,7.9703698927261195,7.751001258260444,7.769282341003418,691900,0.0,0.0
2023-07-26 00:00:00-04:00,7.769281089567538,8.061771392822266,7.769281089567538,8.061771392822266,486300,0.0,0.0
2023-07-27 00:00:00-04:00,8.116613863428121,8.153175151798479,7.924666881561279,7.924666881561279,447300,0.0,0.0
2023-07-28 00:00:00-04:00,8.006931690943613,8.125756121188651,7.924668556797814,8.08005428314209,542300,0.0,0.0
2023-07-31 00:00:00-04:00,8.116615113551267,8.24458007840165,8.10747457212838,8.134895324707031,476500,0.0,0.0
2023-08-01 00:00:00-04:00,8.089194435111557,8.162317023784812,7.979509680411657,8.00693130493164,401500,0.0,0.0
2023-08-02 00:00:00-04:00,7.8972463070407235,8.04349146374131,7.81498318847417,7.833263397216797,630300,0.0,0.0
2023-08-03 00:00:00-04:00,7.82412421975571,7.8698251803255515,7.586475389356764,7.641316890716553,962300,0.0,0.0
2023-08-04 00:00:00-04:00,7.257423022845118,8.81127958786901,6.864388938271492,8.390824317932129,1941000,0.0,0.0
2023-08-07 00:00:00-04:00,8.454806899554717,8.509649273798116,7.431089844427643,7.495071887969971,875000,0.0,0.0
2023-08-08 00:00:00-04:00,7.458509970765012,7.495071259967197,7.211721050727785,7.449369430541992,651800,0.0,0.0
2023-08-09 00:00:00-04:00,7.4493693818642965,7.458509922027588,7.239142188247927,7.458509922027588,545800,0.0,0.0
2023-08-10 00:00:00-04:00,7.449369965040226,7.4859312568657135,7.156879630436326,7.257423400878906,523500,0.0,0.0
2023-08-11 00:00:00-04:00,7.239142664921791,7.312265247663228,7.166020082180355,7.266563415527344,542000,0.0,0.0
2023-08-14 00:00:00-04:00,7.239143339416348,7.467651649696687,7.047196323913262,7.431090354919434,1115000,0.0,0.0
2023-08-15 00:00:00-04:00,7.476791272454186,7.6961590141585345,7.230001909269355,7.613895893096924,856200,0.0,0.0
2023-08-16 00:00:00-04:00,7.6230367132832315,7.8698252138329305,7.577334880828857,7.577334880828857,460300,0.0,0.0
2023-08-17 00:00:00-04:00,7.586474744770261,7.760140646573961,7.568193664743622,7.732719898223877,446500,0.0,0.0
2023-08-18 00:00:00-04:00,7.6961599636045595,8.006931405202705,7.668739210431202,7.988650321960449,528800,0.0,0.0
2023-08-21 00:00:00-04:00,7.952088244190248,8.18059653207899,7.805843079411844,8.16231632232666,451400,0.0,0.0
2023-08-22 00:00:00-04:00,8.20801642063048,8.20801642063048,7.988648696498629,8.144034385681152,520400,0.0,0.0
2023-08-23 00:00:00-04:00,8.153175692938245,8.153175692938245,7.878965576115851,7.915526866912842,388300,0.0,0.0
2023-08-24 00:00:00-04:00,7.796702366280842,7.96122860886332,7.650457204736383,7.741860866546631,359800,0.0,0.0
2023-08-25 00:00:00-04:00,7.7784213878059765,8.05263147443303,7.7784213878059765,8.034350395202637,285300,0.0,0.0
2023-08-28 00:00:00-04:00,8.061771694966192,8.21715739231637,8.061771694966192,8.153175354003906,319500,0.0,0.0
2023-08-29 00:00:00-04:00,8.171455978293388,8.354263305664062,8.03435135445532,8.354263305664062,205900,0.0,0.0
2023-08-30 00:00:00-04:00,8.372544007617696,8.564491015289718,8.317702503534257,8.40910530090332,320700,0.0,0.0
2023-08-31 00:00:00-04:00,8.445664977045249,8.518787549615265,8.281139624607626,8.308560371398926,328000,0.0,0.0
2023-09-01 00:00:00-04:00,8.38168377752939,8.573630767537313,8.335981947205617,8.390824317932129,229500,0.0,0.0
2023-09-05 00:00:00-04:00,8.326841133179977,8.363402421899597,8.016070614908147,8.04349136352539,360800,0.0,0.0
2023-09-06 00:00:00-04:00,7.961228998467402,8.070912874993422,7.677878330341047,7.687018871307373,330200,0.0,0.0
2023-09-07 00:00:00-04:00,7.641316723138241,7.732720385653287,7.48593101987662,7.540773391723633,305800,0.0,0.0
2023-09-08 00:00:00-04:00,7.513353332731217,7.787563473808563,7.449370414409498,7.760141849517822,324100,0.0,0.0
2023-09-11 00:00:00-04:00,7.796702681415015,7.970369471535923,7.5590547201447595,7.568194389343262,342000,0.0,0.0
2023-09-12 00:00:00-04:00,7.549914578227746,7.769282341003418,7.549914578227746,7.769282341003418,301800,0.0,0.0
2023-09-13 00:00:00-04:00,7.796703018743708,7.814984101311568,7.586475799353277,7.595616340637207,593200,0.0,0.0
2023-09-14 00:00:00-04:00,7.650458175257036,7.9795098304748535,7.650458175257036,7.9795098304748535,344900,0.0,0.0
2023-09-15 00:00:00-04:00,7.979510579515859,8.281142381392407,7.942949281059628,8.19887924194336,838600,0.0,0.0
2023-09-18 00:00:00-04:00,8.244578909779895,8.317701487418264,7.8698246097709035,7.906385898590088,302500,0.0,0.0
2023-09-19 00:00:00-04:00,7.9155274291646975,8.052632933159671,7.824124631524708,7.842404842376709,277700,0.0,0.0
2023-09-20 00:00:00-04:00,7.878965053175865,8.03435074667235,7.796701936420092,7.924666881561279,431700,0.0,0.0
2023-09-21 00:00:00-04:00,7.869825281586794,7.8789658224943535,7.68701882188541,7.696159362792969,439500,0.0,0.0
2023-09-22 00:00:00-04:00,7.769282266581911,7.805843560027638,7.586475799353277,7.595616340637207,291800,0.0,0.0
2023-09-25 00:00:00-04:00,7.513352168043453,7.796701934937365,7.45850979965341,7.732719898223877,446300,0.0,0.0
2023-09-26 00:00:00-04:00,7.728109520225418,7.746553238106328,7.552889363179329,7.598999977111816,368800,0.075,0.0
2023-09-27 00:00:00-04:00,7.654332846631737,7.82032982457254,7.608222232958868,7.663555145263672,319600,0.0,0.0
2023-09-28 00:00:00-04:00,7.663555864901943,7.847997457426412,7.506780291384422,7.838775157928467,553600,0.0,0.0
2023-09-29 00:00:00-04:00,7.9125518798828125,8.152326392482145,7.8387752420810015,7.9125518798828125,498100,0.0,0.0
2023-10-02 00:00:00-04:00,7.903327723634415,7.903327723634415,7.497556311048363,7.571332931518555,397400,0.0,0.0
2023-10-03 00:00:00-04:00,7.497556311048363,7.626665836614543,7.386891380343077,7.571332931518555,391900,0.0,0.0
2023-10-04 00:00:00-04:00,7.589777183080366,7.645110092085404,7.396114200279611,7.552888870239258,563300,0.0,0.0
2023-10-05 00:00:00-04:00,7.552888535540407,7.64510975329986,7.350002823904992,7.396113872528076,475900,0.0,0.0
2023-10-06 00:00:00-04:00,7.396114425681893,7.5344453831801035,7.239338431714249,7.42378044128418,386300,0.0,0.0
2023-10-09 00:00:00-04:00,7.442224234745649,7.580556073147414,7.414558218860011,7.451446533203125,265700,0.0,0.0
2023-10-10 00:00:00-04:00,7.50678083709207,7.645111821669712,7.50678083709207,7.589778900146484,317900,0.0,0.0
2023-10-11 00:00:00-04:00,7.635887191497418,7.755774418643064,7.5528882742822265,7.7281084060668945,287500,0.0,0.0
2023-10-12 00:00:00-04:00,7.7557759146408465,8.041661031360746,7.562112030278812,7.709665298461914,410600,0.0,0.0
2023-10-13 00:00:00-04:00,7.728109817183163,8.161548197624805,7.71888751814493,8.14310359954834,503900,0.0,0.0
2023-10-16 00:00:00-04:00,8.207658469792449,8.475099002956826,8.170770150717601,8.401322364807129,335700,0.0,0.0
2023-10-17 00:00:00-04:00,8.48432009966496,8.890092431443577,8.179991290574383,8.871647834777832,708700,0.0,0.0
2023-10-18 00:00:00-04:00,8.807093662140504,8.853204275138612,8.641095807142033,8.742538452148438,408000,0.0,0.0
2023-10-19 00:00:00-04:00,8.687205361027795,8.687205361027795,8.226101046236455,8.345988273620605,685800,0.0,0.0
2023-10-20 00:00:00-04:00,8.34599071984134,8.576542944812168,8.216881157242378,8.327546119689941,551700,0.0,0.0
2023-10-23 00:00:00-04:00,8.281435086679053,8.290657386295813,7.672777383763369,7.681999683380127,625700,0.0,0.0
2023-10-24 00:00:00-04:00,7.7188875928266745,7.94943979409206,7.645110958780699,7.9402174949646,310900,0.0,0.0
2023-10-25 00:00:00-04:00,7.921772253073448,7.986326575580072,7.681997798782157,7.7281084060668945,366400,0.0,0.0
2023-10-26 00:00:00-04:00,7.728110190480901,7.9309963816879865,7.728110190480901,7.792664527893066,248400,0.0,0.0
2023-10-27 00:00:00-04:00,7.838774413795004,7.857219011039953,7.313115265385833,7.433002948760986,450400,0.0,0.0
2023-10-30 00:00:00-04:00,7.534445951223873,7.6174448837750415,7.202450660762621,7.359226226806641,352000,0.0,0.0
2023-10-31 00:00:00-04:00,7.350004122669856,7.433003497165584,7.239339169495754,7.322338104248047,380700,0.0,0.0
2023-11-01 00:00:00-04:00,7.303893663244612,7.303893663244612,7.045675009402964,7.054897308349609,381600,0.0,0.0
2023-11-02 00:00:00-04:00,7.1102299699763245,7.6266672912548525,7.1102299699763245,7.61744499206543,756600,0.0,0.0
2023-11-03 00:00:00-04:00,7.700443010545056,9.203642420280914,7.700443010545056,8.63187313079834,1708300,0.0,0.0
2023-11-06 00:00:00-05:00,8.631873632699188,8.770205473681566,8.447432057542821,8.493542671203613,453300,0.0,0.0
2023-11-07 00:00:00-05:00,8.43820918893853,8.576541020577022,8.32754425131978,8.41976547241211,319700,0.0,0.0
2023-11-08 00:00:00-05:00,8.447432249805601,8.548875778065552,8.216880055741097,8.45665454864502,231300,0.0,0.0
2023-11-09 00:00:00-05:00,8.530432323920614,8.576542944812168,8.309102399025486,8.327546119689941,235400,0.0,0.0
2023-11-10 00:00:00-05:00,8.318323848101711,8.558097469131447,8.207658017488784,8.447432518005371,303400,0.0,0.0
2023-11-13 00:00:00-05:00,8.447431757634975,8.447431757634975,8.152325247861908,8.226101875305176,303300,0.0,0.0
2023-11-14 00:00:00-05:00,8.576540869085827,8.742537832838499,8.299878090182402,8.548874855041504,272700,0.0,0.0
2023-11-15 00:00:00-05:00,8.604207229299606,8.89009231754861,8.558096617712764,8.751760482788086,263000,0.0,0.0
2023-11-16 00:00:00-05:00,8.6872065449895,8.779427772311085,8.484320372574095,8.493542671203613,202200,0.0,0.0
2023-11-17 00:00:00-05:00,8.604207422160126,8.604207422160126,8.419765851165327,8.530430793762207,269300,0.0,0.0
2023-11-20 00:00:00-05:00,8.567318952820788,8.714872206944674,8.447431713973437,8.659540176391602,173600,0.0,0.0
2023-11-21 00:00:00-05:00,8.631873100088066,9.295863609167688,8.558096474577749,9.24975299835205,917900,0.0,0.0
2023-11-22 00:00:00-05:00,9.249752802337142,9.332751724149078,9.00997921425311,9.10219955444336,246500,0.0,0.0
2023-11-24 00:00:00-05:00,9.14831121241149,9.194421827532913,8.926981315212867,8.945425033569336,77100,0.0,0.0
2023-11-27 00:00:00-05:00,8.880869257661619,9.111421416335638,8.834758650029476,8.899312973022461,191600,0.0,0.0
2023-11-28 00:00:00-05:00,8.880871014037005,8.94542534979694,8.770206061525602,8.843982696533203,148600,0.0,0.0
2023-11-29 00:00:00-05:00,8.936201015618204,9.046866822415907,8.85320297974992,8.90853500366211,228000,0.0,0.0
2023-11-30 00:00:00-05:00,8.890092623927739,9.065311898612197,8.770205381464985,8.834759712219238,245300,0.0,0.0
2023-12-01 00:00:00-05:00,8.797871557619356,8.917758802262998,8.687206611676027,8.705650329589844,196400,0.0,0.0
2023-12-04 00:00:00-05:00,8.631874211271201,8.926981630788472,8.594985893767399,8.843982696533203,260400,0.0,0.0
2023-12-05 00:00:00-05:00,8.788650241865767,8.816317141061049,8.12466049194336,8.12466049194336,314600,0.0,0.0
2023-12-06 00:00:00-05:00,8.124659613470982,8.290656593259836,8.115437314736374,8.152325630187988,391500,0.0,0.0
2023-12-07 00:00:00-05:00,8.143102836936912,8.37365501438017,8.060103912339457,8.290656089782715,404000,0.0,0.0
2023-12-08 00:00:00-05:00,8.244545040863967,8.29065564980291,7.884884226010982,7.903327941894531,189900,0.0,0.0
2023-12-11 00:00:00-05:00,8.041660385067683,8.087770997540792,7.903328547648354,8.069326400756836,339900,0.0,0.0
2023-12-12 00:00:00-05:00,8.032437378549329,8.041659676128283,7.626665959429019,7.691220283508301,320100,0.0,0.0
2023-12-13 00:00:00-05:00,7.654333574820512,8.189214633542937,7.589778357742366,8.161548614501953,303400,0.0,0.0
2023-12-14 00:00:00-05:00,8.290656602997519,8.742538687682243,8.272212884993456,8.61343002319336,400600,0.0,0.0
2023-12-15 00:00:00-05:00,8.68720701852196,8.714873036431765,8.419766500095566,8.447432518005371,1192600,0.0,0.0
2023-12-18 00:00:00-05:00,8.447431866942852,8.58576370480404,8.364432940123496,8.530430793762207,272800,0.0,0.0
2023-12-19 00:00:00-05:00,8.600162184933232,8.916276396301654,8.600162184933232,8.823301315307617,289800,0.075,0.0
2023-12-20 00:00:00-05:00,8.832598141714792,9.009249714411647,8.655946569017935,8.739623069763184,259300,0.0,0.0
2023-12-21 00:00:00-05:00,8.860491544934126,9.018548657299966,8.711732118395952,8.786111831665039,165900,0.0,0.0
2023-12-22 00:00:00-05:00,8.832597732543945,8.999952499633716,8.804705566920969,8.832597732543945,162500,0.0,0.0
2023-12-26 00:00:00-05:00,8.86978738706051,9.037142150467142,8.851192905946405,8.97205924987793,173700,0.0,0.0
2023-12-27 00:00:00-05:00,9.027845481934833,9.092927503167887,8.869788384646524,8.944168090820312,125800,0.0,0.0
2023-12-28 00:00:00-05:00,8.953465876046842,8.972060359460542,8.814003260401872,8.860490798950195,130800,0.0,0.0
2023-12-29 00:00:00-05:00,8.814002990722656,8.85119372976424,8.730326487907154,8.814002990722656,172600,0.0,0.0
2024-01-02 00:00:00-05:00,8.776812934037384,8.832598154625089,8.665243379537976,8.767516136169434,176900,0.0,0.0
2024-01-03 00:00:00-05:00,8.655946198770913,8.655946198770913,8.25615464782597,8.293344497680664,238600,0.0,0.0
2024-01-04 00:00:00-05:00,8.228262482103938,8.321236663402695,8.20966711383861,8.293344497680664,270300,0.0,0.0
2024-01-05 00:00:00-05:00,8.218965015288024,8.414211953856668,8.20036964653102,8.367724418640137,170500,0.0,0.0
2024-01-08 00:00:00-05:00,8.386321646046586,8.451403677768184,8.293346555007576,8.423511505126953,103800,0.0,0.0
2024-01-09 00:00:00-05:00,8.349128829124727,8.377021881522719,8.181774948116578,8.293344497680664,192200,0.0,0.0
2024-01-10 00:00:00-05:00,8.302643981071268,8.395618182518374,8.181776721181492,8.377023696899414,171100,0.0,0.0
2024-01-11 00:00:00-05:00,8.35842773395284,8.395617589238878,8.228263683789752,8.31194019317627,199400,0.0,0.0
2024-01-12 00:00:00-05:00,8.68383948535258,9.325364699819415,8.68383948535258,9.148713111877441,590100,0.0,0.0
2024-01-16 00:00:00-05:00,8.916275186726168,9.418338605297015,8.45140161817257,8.535079002380371,341700,0.0,0.0
2024-01-17 00:00:00-05:00,8.423509415510077,8.43280621296678,8.23755927956064,8.293344497680664,301200,0.0,0.0
2024-01-18 00:00:00-05:00,8.321237173097414,8.36772470993224,8.098098060301464,8.116692543029785,283400,0.0,0.0
2024-01-19 00:00:00-05:00,8.125990284388076,8.16318013678003,7.902851170036353,7.995826244354248,193700,0.0,0.0
2024-01-22 00:00:00-05:00,8.014420780100194,8.218965412943762,7.921446591844775,8.060908317565918,221600,0.0,0.0
2024-01-23 00:00:00-05:00,8.14458537768647,8.181775228817076,7.949338437581795,8.042312622070312,225000,0.0,0.0
2024-01-24 00:00:00-05:00,8.172477919536144,8.31193964600913,7.949338802508953,8.005123138427734,198800,0.0,0.0
2024-01-25 00:00:00-05:00,8.135289251489269,8.135289251489269,7.884257043267327,8.107397079467773,309400,0.0,0.0
2024-01-26 00:00:00-05:00,8.098098329530462,8.163180351257324,8.042313106138835,8.163180351257324,164100,0.0,0.0
2024-01-29 00:00:00-05:00,8.172478137297269,8.172478137297269,7.995826553279419,8.079503059387207,174000,0.0,0.0
2024-01-30 00:00:00-05:00,8.060908575810828,8.107396114765859,7.949339014324388,8.079503059387207,171600,0.0,0.0
2024-01-31 00:00:00-05:00,8.088800744053957,8.116692912754967,7.847066250842372,7.86566162109375,311100,0.0,0.0
2024-02-01 00:00:00-05:00,7.893553898813843,7.995826663256818,7.689010143280029,7.689010143280029,315300,0.0,0.0
2024-02-02 00:00:00-05:00,7.642522859436799,7.6890104005869055,7.261326174684848,7.465870380401611,460200,0.0,0.0
2024-02-05 00:00:00-05:00,7.372894481036446,7.428679254877287,7.0381858379913975,7.084672927856445,332400,0.0,0.0
2024-02-06 00:00:00-05:00,7.047484004730808,7.34500328098326,6.9731042965022025,7.1125664710998535,364000,0.0,0.0
2024-02-07 00:00:00-05:00,7.131161114691263,7.36359791533524,6.945211408173274,7.21483850479126,610900,0.0,0.0
2024-02-08 00:00:00-05:00,7.224135911612564,7.605332574862587,7.093971424407641,7.4379777908325195,510600,0.0,0.0
2024-02-09 00:00:00-05:00,7.437977705306813,7.475167558366306,7.317110461194453,7.372895240783691,364400,0.0,0.0
2024-02-12 00:00:00-05:00,7.3728957414394465,7.605333003851933,7.345003571419822,7.465870380401611,231800,0.0,0.0
2024-02-13 00:00:00-05:00,7.196242661697676,7.205540345913992,6.908021101061675,7.066078186035156,421700,0.0,0.0
2024-02-14 00:00:00-05:00,7.093971961956476,7.159053988821545,6.945212093397625,7.140459060668945,348300,0.0,0.0
2024-02-15 00:00:00-05:00,7.131161689627474,7.345003581194044,7.131161689627474,7.252028942108154,503600,0.0,0.0
2024-02-16 00:00:00-05:00,6.880128577502377,7.809875227250196,6.5175273353335506,7.791280746459961,978000,0.0,0.0
2024-02-20 00:00:00-05:00,7.670414772771828,7.995826663256818,7.568142895004921,7.689010143280029,422600,0.0,0.0
2024-02-21 00:00:00-05:00,7.633225020870464,7.8098766096887315,7.549547625812728,7.605332851409912,382000,0.0,0.0
2024-02-22 00:00:00-05:00,7.633224508438144,7.8749589920043945,7.5495471189978245,7.8749589920043945,278500,0.0,0.0
2024-02-23 00:00:00-05:00,7.828471090105958,7.986528176866546,7.744793704564942,7.912148475646973,252500,0.0,0.0
2024-02-26 00:00:00-05:00,7.902850791325531,8.16317974559404,7.828471090105958,7.912148475646973,339400,0.0,0.0
2024-02-27 00:00:00-05:00,7.9493399602190316,8.153884623954372,7.89355472949988,8.107397079467773,227800,0.0,0.0
2024-02-28 00:00:00-05:00,8.125991385222552,8.479295474146506,7.986529641528738,8.460700988769531,275100,0.0,0.0
2024-02-29 00:00:00-05:00,8.50718594986046,8.711730568293314,8.377021918138071,8.535079002380371,323100,0.0,0.0
2024-03-01 00:00:00-05:00,8.535080160243057,8.832599000742238,8.49789030518066,8.823301315307617,291600,0.0,0.0
2024-03-04 00:00:00-05:00,8.869788363239712,9.55780108702478,8.869788363239712,9.45552921295166,477200,0.0,0.0
2024-03-05 00:00:00-05:00,9.492718891605504,9.687965837923581,9.269579777720852,9.325364112854004,332100,0.0,0.0
2024-03-06 00:00:00-05:00,9.455528762963006,9.48342092971446,9.241686453399192,9.278876304626465,234000,0.0,0.0
2024-03-07 00:00:00-05:00,9.409041017801274,9.492718402868856,9.20449639726673,9.232389450073242,119300,0.0,0.0
2024-03-08 00:00:00-05:00,9.297472639265505,9.381150034887069,9.139415533463904,9.306770324707031,173500,0.0,0.0
2024-03-11 00:00:00-04:00,9.306768554450695,9.529907642547139,9.250983339088625,9.464825630187988,168300,0.0,0.0
2024-03-12 00:00:00-04:00,9.464827816500376,9.52061215807234,8.990656479758062,9.027846336364746,154200,0.0,0.0
2024-03-13 00:00:00-04:00,8.999953313788673,9.167307209341674,8.90697823773342,8.944168090820312,162500,0.0,0.0
2024-03-14 00:00:00-04:00,8.888384609452295,8.897681408611199,8.497890671142452,8.544377326965332,158400,0.0,0.0
2024-03-15 00:00:00-04:00,8.572269384852769,9.176604706839546,8.50718647827307,8.6001615524292,431200,0.0,0.0
2024-03-18 00:00:00-04:00,8.609459391729409,8.702433580878509,8.423510126755176,8.488592147827148,233900,0.0,0.0
2024-03-19 00:00:00-04:00,8.432806249825962,8.618756386588174,8.432806249825962,8.535079002380371,243000,0.0,0.0
2024-03-20 00:00:00-04:00,8.53507996337278,9.083630977897323,8.53507996337278,8.990655899047852,246300,0.0,0.0
2024-03-21 00:00:00-04:00,9.009250128036843,9.241686931911309,8.9813579598412,9.18590259552002,216600,0.0,0.0
2024-03-22 00:00:00-04:00,9.18590173338509,9.260281432709995,9.074332184397736,9.102224349975586,126300,0.0,0.0
2024-03-25 00:00:00-04:00,9.130117741211931,9.334662385152171,9.027845862579849,9.148713111877441,158200,0.0,0.0
2024-03-26 00:00:00-04:00,9.256455791805955,9.52815334195015,9.172135708401509,9.406357765197754,177800,0.075,0.0
2024-03-27 00:00:00-04:00,9.434463397138869,9.574997155917577,9.359512416518024,9.481307983398438,135200,0.0,0.0
2024-03-28 00:00:00-04:00,9.53752147833245,9.640578851290977,9.284561253589494,9.322036743164062,137900,0.0,0.0
2024-04-01 00:00:00-04:00,9.406357010996395,9.406357010996395,9.115921290722232,9.396987915039062,133000,0.0,0.0
2024-04-02 00:00:00-04:00,9.359512124350783,9.490676783085897,9.209610167788446,9.453201293945312,205800,0.0,0.0
2024-04-03 00:00:00-04:00,9.471938489700038,9.556258562729228,9.415725703337998,9.500045776367188,161400,0.0,0.0
2024-04-04 00:00:00-04:00,9.509414659950293,9.584365642795298,9.228348921024624,9.303299903869629,129200,0.0,0.0
2024-04-05 00:00:00-04:00,9.312668189413168,9.453201953611737,9.200241714146035,9.425095558166504,94400,0.0,0.0
2024-04-08 00:00:00-04:00,9.42509606706442,9.434464270394523,9.153398513793945,9.153398513793945,114900,0.0,0.0
2024-04-09 00:00:00-04:00,9.181504068937398,9.462570693254229,9.115921290722232,9.396987915039062,115300,0.0,0.0
2024-04-10 00:00:00-04:00,9.097184858813476,9.190874040338503,8.956651980012188,8.984758377075195,190900,0.0,0.0
2024-04-11 00:00:00-04:00,9.078445329214741,9.256454569220864,8.825486005898306,9.209609985351562,142900,0.0,0.0
2024-04-12 00:00:00-04:00,9.209609692853428,9.293929762442934,8.797379333565518,8.844223022460938,139200,0.0,0.0
2024-04-15 00:00:00-04:00,8.816116896284527,8.90043696841678,8.59126396625593,8.666214942932129,129900,0.0,0.0
2024-04-16 00:00:00-04:00,8.628739851675128,8.741166321863117,8.478837891424478,8.647477149963379,107200,0.0,0.0
2024-04-17 00:00:00-04:00,8.750535497381014,9.078445815041789,8.675584516573627,8.853592872619629,207500,0.0,0.0
2024-04-18 00:00:00-04:00,8.956650474968512,9.13465881777067,8.68495296638452,8.966018676757812,151600,0.0,0.0
2024-04-19 00:00:00-04:00,8.937912940979004,9.106553094379832,8.900437450610616,8.937912940979004,158100,0.0,0.0
2024-04-22 00:00:00-04:00,8.900436051539131,9.153396241877221,8.900436051539131,9.040968894958496,125900,0.0,0.0
2024-04-23 00:00:00-04:00,8.984757870947885,9.434463772568275,8.984757870947885,9.340775489807129,131600,0.0,0.0
2024-04-24 00:00:00-04:00,9.34077466265491,9.603103082036878,9.34077466265491,9.584364891052246,137300,0.0,0.0
2024-04-25 00:00:00-04:00,9.396988925573835,9.69679377404579,9.396988925573835,9.603104591369629,168500,0.0,0.0
2024-04-26 00:00:00-04:00,9.659316831660478,9.790480595561045,9.406356612447448,9.415725708007812,118300,0.0,0.0
2024-04-29 00:00:00-04:00,9.44383203261201,9.668684963510838,9.44383203261201,9.584364891052246,139200,0.0,0.0
2024-04-30 00:00:00-04:00,9.52815332684567,9.734268986675769,9.47193964016974,9.490677833557129,202900,0.0,0.0
2024-05-01 00:00:00-04:00,9.481307324419328,9.921644975076633,9.415725444305767,9.593733787536621,227200,0.0,0.0
2024-05-02 00:00:00-04:00,9.678054788657647,9.902907736508741,9.64057929734913,9.846694946289062,144200,0.0,0.0
2024-05-03 00:00:00-04:00,9.968490505917496,10.155867962262786,9.79985034846364,9.931015014648438,159800,0.0,0.0
2024-05-06 00:00:00-04:00,9.931014093830585,10.193342508390524,9.931014093830585,10.137128829956055,181900,0.0,0.0
2024-05-07 00:00:00-04:00,10.221449075973872,10.221449075973872,9.799849607694082,9.837325096130371,176700,0.0,0.0
2024-05-08 00:00:00-04:00,9.827956917860336,10.165237238750318,9.827956917860336,10.090286254882812,214900,0.0,0.0
2024-05-09 00:00:00-04:00,10.09028539839326,10.127760887145996,9.659316830993724,10.127760887145996,185500,0.0,0.0
2024-05-10 00:00:00-04:00,10.165237069154541,10.493147394732507,9.574997410930775,9.846694946289062,363800,0.0,0.0
2024-05-13 00:00:00-04:00,9.912276093714306,10.333875562875015,9.809218723670705,10.212080001831055,411900,0.0,0.0
2024-05-14 00:00:00-04:00,10.240187271128386,10.465040201838201,9.7248986348038,9.753005027770996,187800,0.0,0.0
2024-05-15 00:00:00-04:00,9.762374877929688,9.912276843324308,9.546890132560277,9.762374877929688,309200,0.0,0.0
2024-05-16 00:00:00-04:00,9.724899952990329,9.771744543276075,9.574997978864937,9.696793556213379,244600,0.0,0.0
2024-05-17 00:00:00-04:00,9.743635131430167,9.743635131430167,9.509413124487269,9.537520408630371,186800,0.0,0.0
2024-05-20 00:00:00-04:00,9.5468892857974,9.584364773822161,8.97538787004827,9.003494262695312,309000,0.0,0.0
2024-05-21 00:00:00-04:00,8.928544377712301,9.368882085927012,8.675585026005107,9.331406593322754,198500,0.0,0.0
2024-05-22 00:00:00-04:00,9.265823938607186,9.368881311377324,9.012863714326647,9.031601905822754,208000,0.0,0.0
2024-05-23 00:00:00-04:00,9.04096994573719,9.17213460339618,8.872330692731213,9.078445434570312,264200,0.0,0.0
2024-05-24 00:00:00-04:00,9.125290093850596,9.481307687429217,9.040970019912747,9.453201293945312,151200,0.0,0.0
2024-05-28 00:00:00-04:00,9.48130759962005,9.565627672776987,9.21897917806546,9.247085571289062,218800,0.0,0.0
2024-05-29 00:00:00-04:00,9.172134979152966,9.228348661448633,8.909806546574256,8.937912940979004,156000,0.0,0.0
2024-05-30 00:00:00-04:00,8.94728098217686,9.16276480302086,8.862960915416663,8.900436401367188,145800,0.0,0.0
2024-05-31 00:00:00-04:00,8.900436401367188,8.956650077036006,8.816116334606992,8.900436401367188,165300,0.0,0.0
2024-06-03 00:00:00-04:00,8.900437742679726,8.994126918418202,8.619371108950496,8.67558479309082,185200,0.0,0.0
2024-06-04 00:00:00-04:00,8.638108154253137,8.759903709142835,8.441361626121484,8.684952735900879,193600,0.0,0.0
2024-06-05 00:00:00-04:00,8.713059726989997,8.816117098916942,8.591264163720254,8.656846046447754,120900,0.0,0.0
2024-06-06 00:00:00-04:00,8.647477142384126,8.83485548601937,8.535050672294675,8.731797218322754,241800,0.0,0.0
2024-06-07 00:00:00-04:00,8.61936975905095,8.694320730509006,8.357041358947754,8.357041358947754,120300,0.0,0.0
2024-06-10 00:00:00-04:00,8.253984291321931,8.385148049314479,8.075975057637628,8.300827980041504,166100,0.0,0.0
2024-06-11 00:00:00-04:00,8.207140828788853,8.291460909565334,8.066607062999315,8.169665336608887,397300,0.0,0.0
2024-06-12 00:00:00-04:00,8.385148630500222,8.516313291070057,8.029131031941658,8.066606521606445,221800,0.0,0.0
2024-06-13 00:00:00-04:00,7.982287142984016,8.122820002387288,7.888597974391082,8.07597541809082,152200,0.0,0.0
2024-06-14 00:00:00-04:00,8.01039352687556,8.038499920026387,7.832384285452699,7.8885979652404785,378800,0.0,0.0
2024-06-17 00:00:00-04:00,7.897967331096897,7.99165560930154,7.719958083581605,7.982287406921387,137300,0.0,0.0
2024-06-18 00:00:00-04:00,7.954179957238063,8.057238222695132,7.813647096051693,8.029130935668945,419700,0.0,0.0
2024-06-20 00:00:00-04:00,8.019762924911113,8.197771279561977,7.972918338902098,8.104082107543945,171500,0.0,0.0
2024-06-21 00:00:00-04:00,8.113450707066606,8.197770778026946,8.019762434266534,8.085344314575195,732100,0.0,0.0
2024-06-24 00:00:00-04:00,8.150926693552961,8.2633531638829,8.094713905131073,8.104082107543945,338500,0.0,0.0
2024-06-25 00:00:00-04:00,8.132189298634438,8.188402086388546,7.954180052612081,8.066606521606445,287500,0.0,0.0
2024-06-26 00:00:00-04:00,7.986271172701029,8.005174022746505,7.721637581426868,7.844503402709961,319900,0.075,0.0
2024-06-27 00:00:00-04:00,7.806698679455118,8.213100044650657,7.731089081216994,8.203649520874023,169300,0.0,0.0
2024-06-28 00:00:00-04:00,8.269807391288666,8.307612189023914,7.939014735102129,8.071331977844238,237500,0.0,0.0
2024-07-01 00:00:00-04:00,8.061880570717614,8.109136793324454,7.570418199083924,7.598771572113037,199500,0.0,0.0
2024-07-02 00:00:00-04:00,7.6176749929447185,7.844503796862602,7.6176749929447185,7.768894195556641,233600,0.0,0.0
2024-07-03 00:00:00-04:00,7.8256005526644845,7.872856776440674,7.71218615640413,7.844503402709961,94500,0.0,0.0
2024-07-05 00:00:00-04:00,7.787796581374393,7.787796581374393,7.6176754195770195,7.683833599090576,201800,0.0,0.0
2024-07-08 00:00:00-04:00,7.693284710969256,7.853955341516422,7.683833285328233,7.835052490234375,241200,0.0,0.0
2024-07-09 00:00:00-04:00,7.844503914078891,7.882308715296769,7.655479907989502,7.655479907989502,272200,0.0,0.0
2024-07-10 00:00:00-04:00,7.598771829493621,7.844503474302464,7.598771829493621,7.825600624084473,164200,0.0,0.0
2024-07-11 00:00:00-04:00,7.986270298266484,8.099684682108844,7.853953967785762,7.920112133026123,221700,0.0,0.0
2024-07-12 00:00:00-04:00,7.939014997670938,8.03352744580363,7.844503450875751,8.01462459564209,228300,0.0,0.0
2024-07-15 00:00:00-04:00,8.014624770993793,8.052430472144023,7.627125347579178,7.70273494720459,239900,0.0,0.0
2024-07-16 00:00:00-04:00,7.797247616875881,7.948466820383102,7.740539964891897,7.853955268859863,141400,0.0,0.0
2024-07-17 00:00:00-04:00,7.835051626433295,8.024075611726401,7.778343980176633,7.910661220550537,193100,0.0,0.0
2024-07-18 00:00:00-04:00,7.844503867212793,7.920113469196828,7.5609674091038865,7.570418834686279,725200,0.0,0.0
2024-07-19 00:00:00-04:00,7.56096749019802,7.787796298582945,7.428650685306813,7.646028518676758,167400,0.0,0.0
2024-07-22 00:00:00-04:00,7.598771866976713,7.8066987137127395,7.560967067691754,7.731089115142822,184700,0.0,0.0
2024-07-23 00:00:00-04:00,7.664930440876512,7.674381866525959,7.45700403394528,7.466455459594727,197200,0.0,0.0
2024-07-24 00:00:00-04:00,7.466455129882149,7.551515703627058,7.324686906082288,7.3435893058776855,183400,0.0,0.0
2024-07-25 00:00:00-04:00,7.343589014109517,7.589320201686537,7.3057842160207445,7.400296211242676,184500,0.0,0.0
2024-07-26 00:00:00-04:00,7.504260161763568,7.5704187884297465,7.400296734336367,7.485357761383057,124300,0.0,0.0
2024-07-29 00:00:00-04:00,7.438101389879635,7.466455215231224,7.305784589799339,7.419198989868164,155400,0.0,0.0
2024-07-30 00:00:00-04:00,7.419198918567189,7.4948085178864385,7.220723495019778,7.249077320098877,230000,0.0,0.0
2024-07-31 00:00:00-04:00,7.258528047934055,7.362491468798287,7.041150231946341,7.2018208503723145,413100,0.0,0.0
2024-08-01 00:00:00-04:00,6.974992955603333,6.9938953572173475,6.530785841670792,6.663103103637695,508100,0.0,0.0
2024-08-02 00:00:00-04:00,6.64420005735288,6.64420005735288,6.228346811525006,6.322858810424805,553000,0.0,0.0
2024-08-05 00:00:00-04:00,6.124382972717285,6.237797363717727,5.93535898771655,6.124382972717285,394800,0.0,0.0
2024-08-06 00:00:00-04:00,6.143285948317643,6.332309951075293,6.096029722293845,6.105481147766113,236200,0.0,0.0
2024-08-07 00:00:00-04:00,6.228346775190753,6.322858773539197,6.1149319265038615,6.143285751342773,314000,0.0,0.0
2024-08-08 00:00:00-04:00,6.0960296714796876,6.266151723212272,5.840847044549579,6.209444522857666,387000,0.0,0.0
2024-08-09 00:00:00-04:00,6.16218842650907,6.946638723875185,6.16218842650907,6.54968786239624,468300,0.0,0.0
2024-08-12 00:00:00-04:00,6.530785197479169,6.549687597228664,5.954261779785156,5.954261779785156,342100,0.0,0.0
2024-08-13 00:00:00-04:00,5.973164390922826,6.322859023998454,5.963712965379217,6.190542221069336,275800,0.0,0.0
2024-08-14 00:00:00-04:00,6.181090614102218,6.190542039368416,5.925907990608779,5.944810390472412,241600,0.0,0.0
2024-08-15 00:00:00-04:00,6.058224538253708,6.124383160365398,5.850298148382137,5.89755392074585,266900,0.0,0.0
2024-08-16 00:00:00-04:00,5.850298818718195,5.93535984965554,5.76523778778085,5.859749794006348,237000,0.0,0.0
2024-08-19 00:00:00-04:00,5.859749719009001,6.086578981715862,5.859749719009001,6.058225154876709,248900,0.0,0.0
2024-08-20 00:00:00-04:00,6.058224943211301,6.077127343554052,5.784139912907028,5.821944713592529,253500,0.0,0.0
2024-08-21 00:00:00-04:00,5.84084715984176,6.020420189843644,5.7557865829652295,5.907005786895752,315400,0.0,0.0
2024-08-22 00:00:00-04:00,5.888103019051522,5.9920664406019695,5.727432399565034,5.793591022491455,286000,0.0,0.0
2024-08-23 00:00:00-04:00,5.869200888154661,6.096029690272345,5.774688887272293,5.925908088684082,331600,0.0,0.0
2024-08-26 00:00:00-04:00,5.973164041289956,6.020419814235615,5.746334798877047,5.793591022491455,306800,0.0,0.0
2024-08-27 00:00:00-04:00,5.774688535576762,5.793590934602024,5.65182271657819,5.717981338500977,360100,0.0,0.0
2024-08-28 00:00:00-04:00,5.699079184105279,5.755786383615186,5.557310959996128,5.576213359832764,243700,0.0,0.0
2024-08-29 00:00:00-04:00,5.5856645155762825,5.717981769392935,5.576213540685822,5.632920742034912,201200,0.0,0.0
2024-08-30 00:00:00-04:00,5.632920546027663,5.708530145195482,5.557310946859843,5.670725345611572,641300,0.0,0.0
2024-09-03 00:00:00-04:00,5.585664669031035,5.831396332296844,5.510055065155029,5.510055065155029,557500,0.0,0.0
2024-09-04 00:00:00-04:00,5.4817013751958985,5.557310974743081,5.254872125885588,5.29267692565918,683200,0.0,0.0
2024-09-05 00:00:00-04:00,5.330481493681721,5.406091089941658,5.037494082840094,5.339932918548584,701000,0.0,0.0
2024-09-06 00:00:00-04:00,5.472249549925071,5.736883579665599,5.3115789372971145,5.3682861328125,827600,0.0,0.0
2024-09-09 00:00:00-04:00,5.2832258160864605,6.199992863179739,5.2265186178746985,6.067676067352295,1602700,0.0,0.0
2024-09-10 00:00:00-04:00,6.086578872429601,6.114932248090872,5.755786635479153,5.803042411804199,795900,0.0,0.0
2024-09-11 00:00:00-04:00,5.70853000025302,5.831395821115482,5.5384084064449,5.793591022491455,701700,0.0,0.0
2024-09-12 00:00:00-04:00,5.859749719009001,6.181090986731726,5.7746891398291185,6.058225154876709,491700,0.0,0.0
2024-09-13 00:00:00-04:00,6.124383597735391,6.370114803314209,5.973164394302272,6.370114803314209,621500,0.0,0.0
2024-09-16 00:00:00-04:00,6.332309864030516,6.3512122640464455,5.935359463695985,6.029871463775635,724900,0.0,0.0
2024-09-17 00:00:00-04:00,6.086578369140625,6.171639390428448,5.916456777233722,6.086578369140625,1089500,0.0,0.0
2024-09-18 00:00:00-04:00,6.0771276557157865,6.3134078974714845,5.9731646738248125,6.039322853088379,741700,0.0,0.0
2024-09-19 00:00:00-04:00,6.18109036464446,6.275602360148294,5.954261575435257,6.086578369140625,784700,0.0,0.0
2024-09-20 00:00:00-04:00,6.029871378783141,6.143285777280118,5.869200755578044,5.954261779785156,8704700,0.0,0.0
2024-09-23 00:00:00-04:00,6.039322474591943,6.16218830076517,5.94481047394668,6.020420074462891,653000,0.0,0.0
2024-09-24 00:00:00-04:00,6.058225154876709,6.171640011564533,6.010969377703171,6.058225154876709,522700,0.0,0.0
2024-09-25 00:00:00-04:00,6.043880369503059,6.043880369503059,5.900433754441261,5.957812309265137,418300,0.075,0.0
2024-09-26 00:00:00-04:00,6.034317000693605,6.082132690665926,5.938686076753179,6.072569370269775,402900,0.0,0.0
2024-09-27 00:00:00-04:00,6.139511157374658,6.388151556069858,6.082132603829612,6.340336322784424,423400,0.0,0.0
2024-09-30 00:00:00-04:00,6.31164653316185,6.502908825684445,6.263831302034343,6.47421932220459,675000,0.0,0.0
2024-10-01 00:00:00-04:00,6.502909255920912,6.675044920176079,6.397715010873979,6.588976860046387,523000,0.0,0.0
2024-10-02 00:00:00-04:00,6.5602880220684066,6.694171320803287,6.426404267329294,6.646355628967285,700600,0.0,0.0
2024-10-03 00:00:00-04:00,6.588976709204546,6.808928058719565,6.416841048890092,6.694170951843262,537800,0.0,0.0
2024-10-04 00:00:00-04:00,6.780238859585062,7.019316388275602,6.780238859585062,6.799365043640137,615300,0.0,0.0
2024-10-07 00:00:00-04:00,6.7802389260514095,6.971500768477093,6.665481364591797,6.96193790435791,367400,0.0,0.0
2024-10-08 00:00:00-04:00,6.9236853865725045,6.952374892209339,6.646355474768061,6.75154972076416,541600,0.0,0.0
2024-10-09 00:00:00-04:00,6.761113289036644,6.8471808970922,6.684608089870027,6.732423782348633,434100,0.0,0.0
2024-10-10 00:00:00-04:00,6.7132974751948895,6.837617908588406,6.665481783580697,6.761113166809082,454200,0.0,0.0
2024-10-11 00:00:00-04:00,6.761113391533635,7.076695689864723,6.69417151224961,7.05756950378418,549800,0.0,0.0
2024-10-14 00:00:00-04:00,7.057569028641261,7.076695213434156,6.703734381970607,6.7419867515563965,451100,0.0,0.0
2024-10-15 00:00:00-04:00,6.713297350584528,6.837617781670444,6.703734486041731,6.75154972076416,301300,0.0,0.0
2024-10-16 00:00:00-04:00,6.808928186496771,6.904559110688312,6.675044892628613,6.703734397888184,374300,0.0,0.0
2024-10-17 00:00:00-04:00,6.627229296467638,6.646355481577047,6.158637533284977,6.435967445373535,488800,0.0,0.0
2024-10-18 00:00:00-04:00,6.397715196179592,6.569850865420555,6.263831897881065,6.407278060913086,399600,0.0,0.0
2024-10-21 00:00:00-04:00,6.311647073611307,6.349899444190436,5.976938603041811,6.0056281089782715,791400,0.0,0.0
2024-10-22 00:00:00-04:00,5.948249253661679,6.072569689318044,5.871744510489836,5.9004340171813965,477600,0.0,0.0
2024-10-23 00:00:00-04:00,5.890870483009677,5.948249038311226,5.8334919277081285,5.843055248260498,427300,0.0,0.0
2024-10-24 00:00:00-04:00,5.852618001968897,6.177763598524129,5.795239447754011,6.110821723937988,345700,0.0,0.0
2024-10-25 00:00:00-04:00,6.1395114295346,6.311647097800384,6.129948108851053,6.244705677032471,251500,0.0,0.0
2024-10-28 00:00:00-04:00,6.263831779388844,6.560287876586813,6.254268458832027,6.435967445373535,433800,0.0,0.0
2024-10-29 00:00:00-04:00,6.416841562006105,6.416841562006105,6.263832073935791,6.302084445953369,345700,0.0,0.0
2024-10-30 00:00:00-04:00,6.292520925987325,6.4550937299238615,6.158637628158977,6.168200492858887,274900,0.0,0.0
2024-10-31 00:00:00-04:00,6.177763676052586,6.3020841064137825,6.101258936139301,6.235142230987549,324600,0.0,0.0
2024-11-01 00:00:00-04:00,6.311647004287055,6.455093620385351,5.976938537393844,6.158637523651123,672600,0.0,0.0
2024-11-04 00:00:00-05:00,6.13951174636516,6.263832185641473,5.88130800263972,6.034317493438721,417200,0.0,0.0
2024-11-05 00:00:00-05:00,6.00562786288796,6.235142076958021,6.00562786288796,6.024754047393799,553400,0.0,0.0
2024-11-06 00:00:00-05:00,6.273394732806244,6.522035598754883,6.273394732806244,6.522035598754883,450500,0.0,0.0
2024-11-07 00:00:00-05:00,6.522035241960411,6.713297085300632,6.493345737457275,6.493345737457275,265700,0.0,0.0
2024-11-08 00:00:00-05:00,6.493346306041262,6.493346306041262,6.244705887927001,6.302084445953369,285100,0.0,0.0
2024-11-11 00:00:00-05:00,6.349899592730848,6.4072781499417735,6.158637735361096,6.2160162925720215,303800,0.0,0.0
2024-11-12 00:00:00-05:00,6.12038541747181,6.196890161089518,6.034317352899767,6.101259231567383,244000,0.0,0.0
2024-11-13 00:00:00-05:00,6.168200492858887,6.302084246691464,6.101259071946828,6.168200492858887,275200,0.0,0.0
2024-11-14 00:00:00-05:00,6.225579304578673,6.235142168970608,6.063006505877841,6.072569370269775,241000,0.0,0.0
2024-11-15 00:00:00-05:00,6.110821422005798,6.110821422005798,5.890870080380966,5.929122447967529,211900,0.0,0.0
2024-11-18 00:00:00-05:00,5.967375157596884,6.072569402491635,5.938686108264635,5.99606466293335,253900,0.0,0.0
2024-11-19 00:00:00-05:00,5.948248988792381,5.99606467914772,5.823929014676094,5.957812309265137,236600,0.0,0.0
2024-11-20 00:00:00-05:00,5.94824909710535,6.110821900068764,5.871744355947091,6.0056281089782715,252900,0.0,0.0
2024-11-21 00:00:00-05:00,6.00562807558187,6.129948051270603,5.95781238462174,6.082132816314697,263800,0.0,0.0
2024-11-22 00:00:00-05:00,6.08213279972086,6.216016095638035,6.072569479153236,6.12038516998291,269300,0.0,0.0
2024-11-25 00:00:00-05:00,6.15863777108351,6.311647257866824,6.139511585235596,6.139511585235596,265400,0.0,0.0
2024-11-26 00:00:00-05:00,6.158637881591806,6.158637881591806,5.852618446529839,5.871744632720947,368700,0.0,0.0
2024-11-27 00:00:00-05:00,5.890870678509353,6.072569670996393,5.890870678509353,5.938686370849609,228100,0.0,0.0
2024-11-29 00:00:00-05:00,5.96737543945464,5.97693876035324,5.881307831388436,5.9004340171813965,105600,0.0,0.0
2024-12-02 00:00:00-05:00,5.900433692624495,5.919559877365408,5.795239448547363,5.795239448547363,285500,0.0,0.0
2024-12-03 00:00:00-05:00,5.8239289536608405,5.843055138401755,5.690045204470232,5.795239448547363,206600,0.0,0.0
2024-12-04 00:00:00-05:00,5.795239887956518,5.8813079538186255,5.737861329383195,5.871744632720947,333900,0.0,0.0
2024-12-05 00:00:00-05:00,5.909996499501941,6.053443111665487,5.833491761282504,5.986501693725586,499100,0.0,0.0
2024-12-06 00:00:00-05:00,6.043880305356062,6.120385044309243,5.862181322340151,6.110821723937988,416500,0.0,0.0
2024-12-09 00:00:00-05:00,6.139511316970014,6.57941402825476,6.139511316970014,6.512472152709961,357600,0.0,0.0
2024-12-10 00:00:00-05:00,6.522035395147367,6.579413949497118,6.216015982611148,6.3881516456604,349300,0.0,0.0
2024-12-11 00:00:00-05:00,6.407277939707309,6.502909321258582,6.273394643941438,6.435967445373535,276300,0.0,0.0
2024-12-12 00:00:00-05:00,6.455093735293394,6.522035612265366,6.369025672901461,6.445530414581299,177500,0.0,0.0
2024-12-13 00:00:00-05:00,6.416841119258158,6.416841119258158,6.101258843885496,6.149074077606201,407400,0.0,0.0
2024-12-16 00:00:00-05:00,6.168200251805777,6.359462554375977,6.1490740671491775,6.225579261779785,246400,0.0,0.0
2024-12-17 00:00:00-05:00,6.187326185808161,6.244705193457694,6.129947634162822,6.206452369689941,335200,0.0,0.0
2024-12-18 00:00:00-05:00,6.249990298302616,6.327389484691973,5.775919589664492,5.8049445152282715,655700,0.075,0.0
2024-12-19 00:00:00-05:00,5.872668998532905,6.03714203794958,5.795269351275276,5.892018795013428,626100,0.0,0.0
2024-12-20 00:00:00-05:00,5.901693094275125,6.114541303613058,5.901693094275125,6.008117198944092,782000,0.0,0.0
2024-12-23 00:00:00-05:00,6.0081174134639355,6.520887237173249,6.0081174134639355,6.491862773895264,491600,0.0,0.0
2024-12-24 00:00:00-05:00,6.482187864514566,6.646661366438447,6.375764213781326,6.598287105560303,168200,0.0,0.0
2024-12-26 00:00:00-05:00,6.636986471919863,6.636986471919863,6.327389275273666,6.3660888671875,157200,0.0,0.0
2024-12-27 00:00:00-05:00,6.317714760023946,6.395113945714534,6.201615520152528,6.2693400382995605,222100,0.0,0.0
2024-12-30 00:00:00-05:00,6.2886898347222076,6.327389427567501,6.1629159273072345,6.2693400382995605,301900,0.0,0.0
2024-12-31 00:00:00-05:00,6.298365219451555,6.337064813868892,6.220965569281327,6.288690090179443,239800,0.0,0.0
2025-01-02 00:00:00-05:00,6.337064592102092,6.462838038889192,6.172591090916415,6.182265758514404,312000,0.0,0.0
2025-01-03 00:00:00-05:00,6.220965031650838,6.356414061741247,6.114541386868322,6.337064266204834,377700,0.0,0.0
2025-01-06 00:00:00-05:00,6.317714725451201,6.501537559792634,6.201615486215118,6.356414318084717,263800,0.0,0.0
2025-01-07 00:00:00-05:00,6.385439076222785,6.395114205494897,6.2112909013447695,6.288690090179443,218000,0.0,0.0
2025-01-08 00:00:00-05:00,6.279014857892625,6.346739377679641,6.133891611876309,6.298365116119385,217300,0.0,0.0
2025-01-10 00:00:00-05:00,6.220965177893456,6.220965177893456,6.056492142635264,6.114541530609131,411200,0.0,0.0
2025-01-13 00:00:00-05:00,6.104866470843093,6.24031504431074,6.104866470843093,6.191940784454346,259800,0.0,0.0
2025-01-14 00:00:00-05:00,6.279014895187956,6.29836515352965,6.191941039328086,6.2112908363342285,186400,0.0,0.0
2025-01-15 00:00:00-05:00,6.298365158186986,6.395114143289244,6.046817335585562,6.085516929626465,284100,0.0,0.0
2025-01-16 00:00:00-05:00,6.10486657238833,6.191940887447934,6.017792257328727,6.182265758514404,317300,0.0,0.0
2025-01-17 00:00:00-05:00,6.259664756429459,6.395113789413046,6.191940701273192,6.240314960479736,152600,0.0,0.0
2025-01-21 00:00:00-05:00,6.240315264110201,6.337064709901808,6.182265873436565,6.298365116119385,289900,0.0,0.0
2025-01-22 00:00:00-05:00,6.269340190114793,6.337064709901808,6.182265873436565,6.298365116119385,197700,0.0,0.0
2025-01-23 00:00:00-05:00,6.298365219451555,6.385439076222785,6.201615772072658,6.288690090179443,285800,0.0,0.0
2025-01-24 00:00:00-05:00,6.308039696878361,6.5208874597454765,6.288689900254078,6.472513198852539,289600,0.0,0.0
2025-01-27 00:00:00-05:00,6.356414125268017,6.443487975384346,6.124216115174927,6.1629157066345215,238500,0.0,0.0
2025-01-28 00:00:00-05:00,6.143565849505185,6.337064266204834,6.075841795795496,6.337064266204834,284800,0.0,0.0
2025-01-29 00:00:00-05:00,6.308039332034392,6.569261802021417,6.308039332034392,6.4628376960754395,226300,0.0,0.0
2025-01-30 00:00:00-05:00,6.520887490847915,6.656336529199486,6.520887490847915,6.63698673248291,205000,0.0,0.0
2025-01-31 00:00:00-05:00,6.656336531875578,6.666011199569983,6.462838103296488,6.5112128257751465,180800,0.0,0.0
2025-02-03 00:00:00-05:00,6.337064266204834,6.491862630496141,6.308039342232456,6.337064266204834,179900,0.0,0.0
2025-02-04 00:00:00-05:00,6.337064472780993,6.4821877133670744,6.317714676613813,6.443488121032715,112700,0.0,0.0
2025-02-05 00:00:00-05:00,6.4628376960754395,6.472512824495762,6.346738923044653,6.4628376960754395,183700,0.0,0.0
2025-02-06 00:00:00-05:00,6.501537147236215,6.569261660715162,6.38543837670274,6.433813095092773,140100,0.0,0.0
2025-02-07 00:00:00-05:00,6.453163404279939,6.453163404279939,6.230640512362164,6.346739292144775,200300,0.0,0.0
2025-02-10 00:00:00-05:00,6.3854388161293025,6.414463741427832,6.308039630447274,6.395113945007324,132200,0.0,0.0
2025-02-11 00:00:00-05:00,6.308039512156586,6.308039512156586,6.124216218941124,6.279014587402344,174200,0.0,0.0
2025-02-12 00:00:00-05:00,6.2306402931726375,6.259664756429459,6.075841925574854,6.240314960479736,253300,0.0,0.0
2025-02-13 00:00:00-05:00,6.288689987006005,6.375764303684233,6.162916076545353,6.298365116119385,174300,0.0,0.0
2025-02-14 00:00:00-05:00,6.317714573007726,6.404788423664319,6.17259087346604,6.327389240264893,140400,0.0,0.0
2025-02-18 00:00:00-05:00,6.327389626554677,6.511212929018566,6.288690032492338,6.501537799835205,184600,0.0,0.0
2025-02-19 00:00:00-05:00,6.44348846784879,6.44348846784879,6.288690090179443,6.288690090179443,221400,0.0,0.0
2025-02-20 00:00:00-05:00,6.240314962799777,6.472512975618306,6.191940703575248,6.3660888671875,417700,0.0,0.0
2025-02-21 00:00:00-05:00,6.753085407214289,8.001148890597355,6.724060481925388,7.440003871917725,1402500,0.0,0.0
2025-02-24 00:00:00-05:00,7.44000382243417,7.846349544427411,7.28520545215103,7.652851581573486,807300,0.0,0.0
2025-02-25 00:00:00-05:00,7.7109010898506725,7.875375052827066,7.546428049545361,7.643177032470703,512500,0.0,0.0
2025-02-26 00:00:00-05:00,7.6915512081253725,7.972123486170893,7.672201411754494,7.817325115203857,363600,0.0,0.0
2025-02-27 00:00:00-05:00,7.865699904909193,8.010823148279666,7.730250867804626,7.894724369049072,327200,0.0,0.0
2025-02-28 00:00:00-05:00,7.8173246768553915,7.87537452404848,7.565777338139219,7.6044769287109375,883600,0.0,0.0
2025-03-03 00:00:00-05:00,7.614152108710971,7.730250888248609,7.488378200210759,7.5174031257629395,388500,0.0,0.0
2025-03-04 00:00:00-05:00,7.3626045823074255,7.372279249710103,7.159431492160369,7.198131084442139,369600,0.0,0.0
2025-03-05 00:00:00-05:00,7.2852057873891365,7.48837842706724,7.246505731701985,7.372279644012451,384500,0.0,0.0
2025-03-06 00:00:00-05:00,7.285205587990994,7.285205587990994,7.130406753485941,7.140081882476807,235100,0.0,0.0
2025-03-07 00:00:00-05:00,7.149756339689879,7.188455931843192,6.704710568591242,6.782110214233398,538000,0.0,0.0
2025-03-10 00:00:00-04:00,6.714385818128894,6.888533985952762,6.124216335166922,6.143566131591797,445000,0.0,0.0
2025-03-11 00:00:00-04:00,6.211290545835228,6.269339934138717,5.979092531285741,6.153241157531738,443900,0.0,0.0
2025-03-12 00:00:00-04:00,6.182265724441545,6.20161552086642,5.998442427737471,6.143566131591797,268800,0.0,0.0
2025-03-13 00:00:00-04:00,6.104866731351706,6.172591251643255,5.959743022918701,5.959743022918701,215500,0.0,0.0
2025-03-14 00:00:00-04:00,5.998442208491499,6.162915702759112,5.959742617056238,6.037141799926758,287700,0.0,0.0
2025-03-17 00:00:00-04:00,6.056492561100292,6.298365258371028,6.056492561100292,6.201615810394287,219300,0.0,0.0
2025-03-18 00:00:00-04:00,6.201615451891412,6.230640376873674,6.027467286004437,6.191940784454346,230200,0.0,0.0
2025-03-19 00:00:00-04:00,6.230640444765246,6.4531633342688455,6.230640444765246,6.395113945007324,198000,0.0,0.0
2025-03-20 00:00:00-04:00,6.414464100366686,6.520887755966933,6.375764505360131,6.404788970947266,169500,0.0,0.0
2025-03-21 00:00:00-04:00,6.327389580788428,6.424138565244489,6.240315264110201,6.298365116119385,925000,0.0,0.0
2025-03-24 00:00:00-04:00,6.385439037843007,6.511212949611163,6.3273896465659085,6.3757643699646,354600,0.0,0.0
2025-03-25 00:00:00-04:00,6.385438732531176,6.559587359371323,6.385438732531176,6.443488121032715,309000,0.0,0.0
2025-03-26 00:00:00-04:00,6.4973062207586185,6.526661725838625,6.242893865288242,6.2624640464782715,368400,0.075,0.0
2025-03-27 00:00:00-04:00,6.262464264610195,6.389670680071154,6.135257849149236,6.370100498199463,361600,0.0,0.0
2025-03-28 00:00:00-04:00,6.340744865399054,6.340744865399054,5.861274719238281,5.861274719238281,282300,0.0,0.0
2025-03-31 00:00:00-04:00,5.822134291520042,6.04719160933925,5.734068709131605,6.017836570739746,352200,0.0,0.0
2025-04-01 00:00:00-04:00,6.017836770955132,6.047191810531287,5.7340688999059415,5.792779445648193,270800,0.0,0.0
2025-04-02 00:00:00-04:00,5.753638944319399,5.861274708979608,5.675358218533818,5.8319196701049805,383100,0.0,0.0
2025-04-03 00:00:00-04:00,5.567722103538605,5.646002830958701,5.098037272428092,5.156747817993164,386000,0.0,0.0
2025-04-04 00:00:00-04:00,4.9512607259579084,5.058896960558499,4.638137346478891,4.941475868225098,938000,0.0,0.0
2025-04-07 00:00:00-04:00,4.706633225816592,5.166533204871924,4.647922679539517,4.970830917358398,390700,0.0,0.0
2025-04-08 00:00:00-04:00,5.127392111835869,5.557936562435739,4.657707765643199,4.804483890533447,569600,0.0,0.0
2025-04-09 00:00:00-04:00,4.755558927481238,5.342664858463997,4.657708016749104,5.303524494171143,1066800,0.0,0.0
2025-04-10 00:00:00-04:00,5.176318159902071,5.195888342362213,4.96104615284051,5.146963119506836,295400,0.0,0.0
2025-04-11 00:00:00-04:00,5.146962759354999,5.2448136648087225,4.961045805697964,5.078466892242432,350000,0.0,0.0
2025-04-14 00:00:00-04:00,5.176317918255796,5.1958880998023425,4.990400960268639,5.0099711418151855,406400,0.0,0.0
2025-04-15 00:00:00-04:00,5.009971004253579,5.078466871080728,4.94147560401635,5.049111366271973,260600,0.0,0.0
2025-04-16 00:00:00-04:00,4.9512604612259885,5.107821909299563,4.902335241997957,5.049111366271973,324200,0.0,0.0
2025-04-17 00:00:00-04:00,5.009971222029959,5.039326728114756,4.843624442925966,4.853409767150879,288800,0.0,0.0
2025-04-21 00:00:00-04:00,4.824053994515294,4.824053994515294,4.647922367508397,4.657707691192627,546500,0.0,0.0
2025-04-22 00:00:00-04:00,4.647922625635565,4.716418495459415,4.471790988847017,4.550071716308594,673500,0.0,0.0
2025-04-23 00:00:00-04:00,4.726203536443698,4.755559043675566,4.5794269334642745,4.598997116088867,739600,0.0,0.0
2025-04-24 00:00:00-04:00,4.598997031145784,4.608782355572326,4.413080532940996,4.422865390777588,349100,0.0,0.0
2025-04-25 00:00:00-04:00,4.413080343597028,4.530501432137854,4.256518425619331,4.373939514160156,494000,0.0,0.0
2025-04-28 00:00:00-04:00,4.39350974616863,4.550071665948914,4.334799201222248,4.462005615234375,775500,0.0,0.0
2025-04-29 00:00:00-04:00,4.471791126912568,4.579426897200497,4.3347993830352785,4.510931491851807,361000,0.0,0.0
2025-04-30 00:00:00-04:00,4.383724838166857,4.422865201013798,4.285873931049502,4.373939514160156,494400,0.0,0.0
2025-05-01 00:00:00-04:00,4.354369527522232,4.4032952165644845,4.090171833191961,4.119527339935303,886500,0.0,0.0
2025-05-02 00:00:00-04:00,4.06081663790845,4.178237727216228,3.6987678126195314,3.825974225997925,749300,0.0,0.0
2025-05-05 00:00:00-04:00,3.8259743372319526,3.8259743372319526,3.4247851371765137,3.4247851371765137,789300,0.0,0.0
2025-05-06 00:00:00-04:00,3.4639255299985283,3.5030658945620186,3.131232197913887,3.4834957122802734,1570800,0.0,0.0
2025-05-07 00:00:00-04:00,3.6204870304190786,3.6889826647892474,3.2975785732269287,3.2975785732269287,745400,0.0,0.0
2025-05-08 00:00:00-04:00,3.4247850142233047,3.50306573989402,3.3171490164260713,3.4932806491851807,724800,0.0,0.0
2025-05-09 00:00:00-04:00,3.503065913457778,3.8944700277938886,3.4834957310704704,3.6791977882385254,1360300,0.0,0.0
2025-05-12 00:00:00-04:00,3.825974324760342,4.0314612363533255,3.767263545295946,3.865114688873291,1624100,0.0,0.0
2025-05-13 00:00:00-04:00,3.86511451861927,4.051031239966353,3.86511451861927,3.9825358390808105,742200,0.0,0.0
2025-05-14 00:00:00-04:00,3.9923209068928434,4.002106231300988,3.9140401779874856,3.92382550239563,480100,0.0,0.0
2025-05-15 00:00:00-04:00,3.904254913330078,4.011890910790522,3.894469822651856,3.904254913330078,414400,0.0,0.0
2025-05-16 00:00:00-04:00,3.884684900792235,4.129312178378674,3.884684900792235,4.090171813964844,768800,0.0,0.0
2025-05-19 00:00:00-04:00,4.0901719470323785,4.0901719470323785,3.9629659918439524,4.021676540374756,402200,0.0,0.0
2025-05-20 00:00:00-04:00,4.011891027609914,4.129312119167681,3.962965806089148,3.972750663757324,467200,0.0,0.0
2025-05-21 00:00:00-04:00,3.9336103179550554,3.9727506819872493,3.6889828094588704,3.698767900466919,552200,0.0,0.0
2025-05-22 00:00:00-04:00,3.66941251284954,3.7183379663618745,3.610701968634739,3.630272150039673,462800,0.0,0.0
2025-05-23 00:00:00-04:00,3.542206102729378,3.600916880277379,3.4834955584763416,3.4932806491851807,516400,0.0,0.0
2025-05-27 00:00:00-04:00,3.5422062591255083,3.5519915835613562,3.424785165435038,3.4834957122802734,474600,0.0,0.0
2025-05-28 00:00:00-04:00,3.5128509713334712,3.5128509713334712,3.3954298781233154,3.4541404247283936,514200,0.0,0.0
2025-05-29 00:00:00-04:00,3.483495740070425,3.581346885554749,3.4052150103189476,3.542206287384033,419700,0.0,0.0
2025-05-30 00:00:00-04:00,3.542206188289439,3.600916967255567,3.424785096947123,3.503065824508667,374300,0.0,0.0
2025-06-02 00:00:00-04:00,3.5324211961650986,3.5715617943358144,3.463925557632556,3.542206287384033,262000,0.0,0.0
2025-06-03 00:00:00-04:00,3.5324210627180532,3.659627477053604,3.4932806993209504,3.5813467502593994,238800,0.0,0.0
2025-06-04 00:00:00-04:00,3.571561574935913,3.64984229987863,3.5519913937002334,3.571561574935913,217600,0.0,0.0
2025-06-05 00:00:00-04:00,3.571561574935913,3.6302721186429507,3.4834955260803935,3.571561574935913,463700,0.0,0.0
2025-06-06 00:00:00-04:00,3.64984229987863,3.718337934203508,3.522635888551752,3.571561574935913,412200,0.0,0.0
2025-06-09 00:00:00-04:00,3.5911317501544944,3.7476931997776033,3.5911317501544944,3.708552837371826,555900,0.0,0.0
2025-06-10 00:00:00-04:00,3.708553047623836,3.7868337768734235,3.6204872272180504,3.6498425006866455,433500,0.0,0.0
2025-06-11 00:00:00-04:00,3.679197619079077,3.7379081635416505,3.6400572561040283,3.6596274375915527,274700,0.0,0.0
2025-06-12 00:00:00-04:00,3.649842486489172,3.69876794207985,3.5617766664259523,3.6204872131347656,226600,0.0,0.0
2025-06-13 00:00:00-04:00,3.5617767031168794,3.5911319767736836,3.4737106488514904,3.542206287384033,248100,0.0,0.0
2025-06-16 00:00:00-04:00,3.630272255215101,3.757478438032559,3.51285093008863,3.532421112060547,414300,0.0,0.0
2025-06-17 00:00:00-04:00,3.503065880232625,3.561776660132677,3.4541404247283936,3.4541404247283936,417200,0.0,0.0
2025-06-18 00:00:00-04:00,3.4345701125946264,3.522635929170655,3.336719205287928,3.3562893867492676,347000,0.0,0.0
2025-06-20 00:00:00-04:00,3.3758597373962402,3.4345702847226156,3.3465044637330528,3.3758597373962402,677000,0.0,0.0
2025-06-23 00:00:00-04:00,3.375859681875844,3.4639255014170494,3.356289499755576,3.4247851371765137,316200,0.0,0.0
2025-06-24 00:00:00-04:00,3.424785122680787,3.5226360328679633,3.385644758605916,3.395429849624634,376300,0.0,0.0
2025-06-25 00:00:00-04:00,3.4247850526717194,3.483495597583871,3.3758595985782596,3.4149999618530273,485800,0.0,0.0
2025-06-26 00:00:00-04:00,3.4100000858306885,3.509999990463257,3.390000104904175,3.4800000190734863,468300,0.075,0.0
2025-06-27 00:00:00-04:00,3.4600000381469727,3.549999952316284,3.430000066757202,3.509999990463257,460000,0.0,0.0
2025-06-30 00:00:00-04:00,3.5199999809265137,3.5299999713897705,3.4200000762939453,3.5,312500,0.0,0.0
2025-07-01 00:00:00-04:00,3.490000009536743,3.690000057220459,3.450000047683716,3.640000104904175,456200,0.0,0.0
2025-07-02 00:00:00-04:00,3.640000104904175,3.759999990463257,3.619999885559082,3.7300000190734863,369500,0.0,0.0
2025-07-03 00:00:00-04:00,3.759999990463257,3.7699999809265137,3.680000066757202,3.7200000286102295,237000,0.0,0.0
2025-07-07 00:00:00-04:00,3.75,3.75,3.490000009536743,3.5899999141693115,468000,0.0,0.0
2025-07-08 00:00:00-04:00,3.5899999141693115,3.7100000381469727,3.5799999237060547,3.619999885559082,380200,0.0,0.0
2025-07-09 00:00:00-04:00,3.6500000953674316,3.75,3.5199999809265137,3.680000066757202,735900,0.0,0.0
2025-07-10 00:00:00-04:00,3.8499999046325684,4.039999961853027,3.7899999618530273,4.0,1025600,0.0,0.0
2025-07-11 00:00:00-04:00,3.9700000286102295,4.0,3.8299999237060547,3.890000104904175,399400,0.0,0.0
2025-07-14 00:00:00-04:00,3.869999885559082,3.940000057220459,3.7699999809265137,3.819999933242798,346300,0.0,0.0
2025-07-15 00:00:00-04:00,3.819999933242798,3.9000000953674316,3.6700000762939453,3.6700000762939453,530800,0.0,0.0
2025-07-16 00:00:00-04:00,3.680000066757202,3.700000047683716,3.619999885559082,3.700000047683716,285400,0.0,0.0
2025-07-17 00:00:00-04:00,3.6700000762939453,3.7100000381469727,3.490000009536743,3.5199999809265137,525100,0.0,0.0
2025-07-18 00:00:00-04:00,3.549999952316284,3.5899999141693115,3.4000000953674316,3.4100000858306885,317600,0.0,0.0
2025-07-21 00:00:00-04:00,3.4100000858306885,3.4800000190734863,3.2200000286102295,3.240000009536743,908500,0.0,0.0
2025-07-22 00:00:00-04:00,3.2699999809265137,3.4700000286102295,3.180000066757202,3.4100000858306885,2798800,0.0,0.0
2025-07-23 00:00:00-04:00,3.440000057220459,3.5299999713897705,3.369999885559082,3.490000009536743,644300,0.0,0.0
2025-07-24 00:00:00-04:00,3.7699999809265137,3.940000057220459,3.5999999046325684,3.809999942779541,1814800,0.0,0.0
2025-07-25 00:00:00-04:00,3.9200000762939453,4.059999942779541,3.759999990463257,3.9600000381469727,956400,0.0,0.0
2025-07-28 00:00:00-04:00,3.930000066757202,4.46999979019165,3.859999895095825,4.360000133514404,2934600,0.0,0.0
2025-07-29 00:00:00-04:00,4.409999847412109,4.409999847412109,4.130000114440918,4.260000228881836,1429600,0.0,0.0
2025-07-30 00:00:00-04:00,4.300000190734863,4.309999942779541,4.010000228881836,4.019999980926514,1048700,0.0,0.0
2025-07-31 00:00:00-04:00,4.03000020980835,4.130000114440918,3.690000057220459,3.7100000381469727,2045700,0.0,0.0
2025-08-01 00:00:00-04:00,3.450000047683716,3.5,2.8299999237060547,3.0199999809265137,3573900,0.0,0.0
2025-08-04 00:00:00-04:00,3.059999942779541,3.390000104904175,3.0399999618530273,3.3299999237060547,1726800,0.0,0.0
2025-08-05 00:00:00-04:00,3.299999952316284,3.359999895095825,3.180000066757202,3.240000009536743,1148600,0.0,0.0
2025-08-06 00:00:00-04:00,3.2300000190734863,3.2699999809265137,3.0799999237060547,3.1700000762939453,984600,0.0,0.0
2025-08-07 00:00:00-04:00,3.200000047683716,3.25,2.9600000381469727,3.0199999809265137,1131500,0.0,0.0
2025-08-08 00:00:00-04:00,3.009999990463257,3.0899999141693115,2.930000066757202,2.950000047683716,1060100,0.0,0.0
2025-08-11 00:00:00-04:00,2.890000104904175,2.9000000953674316,2.6500000953674316,2.6500000953674316,2281700,0.0,0.0
2025-08-12 00:00:00-04:00,2.6500000953674316,2.9200000762939453,2.5899999141693115,2.880000114440918,1058100,0.0,0.0
2025-08-13 00:00:00-04:00,2.880000114440918,3.119999885559082,2.799999952316284,3.049999952316284,1368600,0.0,0.0
2025-08-14 00:00:00-04:00,3.0299999713897705,3.0999999046325684,2.950000047683716,3.049999952316284,872000,0.0,0.0
2025-08-15 00:00:00-04:00,3.049999952316284,3.0999999046325684,2.990000009536743,3.0,494800,0.0,0.0
2025-08-18 00:00:00-04:00,2.990000009536743,3.130000114440918,2.940000057220459,3.059999942779541,865800,0.0,0.0
2025-08-19 00:00:00-04:00,3.069999933242798,3.240000009536743,3.0199999809265137,3.119999885559082,1097100,0.0,0.0
2025-08-20 00:00:00-04:00,3.130000114440918,3.2100000381469727,3.0799999237060547,3.1700000762939453,715400,0.0,0.0
2025-08-21 00:00:00-04:00,3.130000114440918,3.299999952316284,3.0899999141693115,3.2300000190734863,952100,0.0,0.0
2025-08-22 00:00:00-04:00,3.190000057220459,3.359999895095825,3.190000057220459,3.25,846600,0.0,0.0
2025-08-25 00:00:00-04:00,3.25,3.3399999141693115,3.200000047683716,3.2799999713897705,799700,0.0,0.0
2025-08-26 00:00:00-04:00,3.2899999618530273,3.3299999237060547,3.2200000286102295,3.240000009536743,303600,0.0,0.0
2025-08-27 00:00:00-04:00,3.2100000381469727,3.2899999618530273,3.1500000953674316,3.25,313100,0.0,0.0
2025-08-28 00:00:00-04:00,3.2699999809265137,3.2699999809265137,3.1600000858306885,3.240000009536743,344800,0.0,0.0
2025-08-29 00:00:00-04:00,3.25,3.380000114440918,3.240000009536743,3.3299999237060547,359200,0.0,0.0
2025-09-02 00:00:00-04:00,3.299999952316284,3.3499999046325684,3.1500000953674316,3.1600000858306885,711100,0.0,0.0
2025-09-03 00:00:00-04:00,3.130000114440918,3.1700000762939453,3.109999895095825,3.140000104904175,313300,0.0,0.0
2025-09-04 00:00:00-04:00,3.1700000762939453,3.200000047683716,3.069999933242798,3.190000057220459,356200,0.0,0.0
2025-09-05 00:00:00-04:00,3.2100000381469727,3.309999942779541,3.200000047683716,3.2300000190734863,305200,0.0,0.0
2025-09-08 00:00:00-04:00,3.2300000190734863,3.259999990463257,3.1600000858306885,3.200000047683716,325800,0.0,0.0
2025-09-09 00:00:00-04:00,3.1600000858306885,3.2300000190734863,3.0399999618530273,3.200000047683716,611200,0.0,0.0
2025-09-10 00:00:00-04:00,3.190000057220459,3.2200000286102295,3.0399999618530273,3.049999952316284,641300,0.0,0.0
2025-09-11 00:00:00-04:00,3.059999942779541,3.1700000762939453,3.049999952316284,3.119999885559082,468600,0.0,0.0
2025-09-12 00:00:00-04:00,3.119999885559082,3.130000114440918,3.049999952316284,3.0799999237060547,262300,0.0,0.0
2025-09-15 00:00:00-04:00,3.0799999237060547,3.140000104904175,3.049999952316284,3.0999999046325684,321600,0.0,0.0
2025-09-16 00:00:00-04:00,3.0999999046325684,3.2899999618530273,3.059999942779541,3.1700000762939453,666400,0.0,0.0
2025-09-17 00:00:00-04:00,3.180000066757202,3.2300000190734863,3.0299999713897705,3.049999952316284,413700,0.0,0.0
2025-09-18 00:00:00-04:00,3.059999942779541,3.0899999141693115,3.0199999809265137,3.069999933242798,522300,0.0,0.0
2025-09-19 00:00:00-04:00,3.0199999809265137,3.0199999809265137,2.8499999046325684,2.859999895095825,1058400,0.0,0.0
2025-09-22 00:00:00-04:00,2.8499999046325684,2.9000000953674316,2.799999952316284,2.809999942779541,592400,0.0,0.0
2025-09-23 00:00:00-04:00,2.819999933242798,2.9100000858306885,2.7799999713897705,2.819999933242798,433600,0.0,0.0
2025-09-24 00:00:00-04:00,2.809999942779541,2.9000000953674316,2.7899999618530273,2.809999942779541,175100,0.0,0.0
2025-09-25 00:00:00-04:00,2.7799999713897705,2.7799999713897705,2.619999885559082,2.690000057220459,526600,0.0,0.0
2025-09-26 00:00:00-04:00,2.700000047683716,2.759999990463257,2.700000047683716,2.7300000190734863,347700,0.0,0.0
2025-09-29 00:00:00-04:00,2.890000104904175,2.890000104904175,2.75,2.890000104904175,685700,0.0,0.0
2025-09-30 00:00:00-04:00,2.869999885559082,2.9000000953674316,2.819999933242798,2.880000114440918,399100,0.0,0.0
2025-10-01 00:00:00-04:00,2.890000104904175,2.9000000953674316,2.7899999618530273,2.8399999141693115,349900,0.0,0.0
2025-10-02 00:00:00-04:00,2.8299999237060547,2.8299999237060547,2.75,2.7799999713897705,286300,0.0,0.0
2025-10-03 00:00:00-04:00,2.7799999713897705,2.8399999141693115,2.75,2.819999933242798,239900,0.0,0.0
2025-10-06 00:00:00-04:00,2.859999895095825,2.930000066757202,2.819999933242798,2.9000000953674316,589100,0.0,0.0
2025-10-07 00:00:00-04:00,2.9100000858306885,2.9600000381469727,2.819999933242798,2.8399999141693115,911500,0.0,0.0
2025-10-08 00:00:00-04:00,2.8499999046325684,2.930000066757202,2.8399999141693115,2.8499999046325684,736300,0.0,0.0
2025-10-09 00:00:00-04:00,2.8299999237060547,2.8499999046325684,2.700000047683716,2.75,515200,0.0,0.0
2025-10-10 00:00:00-04:00,2.759999990463257,2.7899999618530273,2.5999999046325684,2.619999885559082,464500,0.0,0.0
2025-10-13 00:00:00-04:00,2.6600000858306885,2.7200000286102295,2.5999999046325684,2.5999999046325684,527400,0.0,0.0
2025-10-14 00:00:00-04:00,2.5999999046325684,2.690000057220459,2.559999942779541,2.6500000953674316,402300,0.0,0.0
2025-10-15 00:00:00-04:00,2.6600000858306885,2.7300000190734863,2.549999952316284,2.609999895095825,882800,0.0,0.0
2025-10-16 00:00:00-04:00,2.619999885559082,2.6500000953674316,2.509999990463257,2.5299999713897705,376800,0.0,0.0
2025-10-17 00:00:00-04:00,2.5,2.5199999809265137,2.380000114440918,2.4200000762939453,665500,0.0,0.0
2025-10-20 00:00:00-04:00,2.440000057220459,2.5399999618530273,2.4200000762939453,2.440000057220459,278100,0.0,0.0
2025-10-21 00:00:00-04:00,2.440000057220459,2.5,2.4200000762939453,2.450000047683716,275400,0.0,0.0
2025-10-22 00:00:00-04:00,2.4600000381469727,2.4600000381469727,2.369999885559082,2.4000000953674316,538700,0.0,0.0
2025-10-23 00:00:00-04:00,2.4200000762939453,2.509999990463257,2.390000104904175,2.509999990463257,504100,0.0,0.0
2025-10-24 00:00:00-04:00,2.5199999809265137,2.6600000858306885,2.5199999809265137,2.6500000953674316,623500,0.0,0.0
2025-10-27 00:00:00-04:00,2.6700000762939453,2.7200000286102295,2.609999895095825,2.609999895095825,508300,0.0,0.0
2025-10-28 00:00:00-04:00,2.5999999046325684,2.619999885559082,2.430000066757202,2.440000057220459,904300,0.0,0.0
2025-10-29 00:00:00-04:00,2.4100000858306885,2.430000066757202,2.25,2.299999952316284,823000,0.0,0.0
2025-10-30 00:00:00-04:00,2.299999952316284,2.299999952316284,2.0399999618530273,2.049999952316284,899900,0.0,0.0
2025-10-31 00:00:00-04:00,2.009999990463257,2.130000114440918,2.009999990463257,2.0999999046325684,560600,0.0,0.0
2025-11-03 00:00:00-05:00,2.0999999046325684,2.130000114440918,1.8899999856948853,1.909999966621399,717200,0.0,0.0
2025-11-04 00:00:00-05:00,1.909999966621399,2.0299999713897705,1.899999976158142,1.9500000476837158,475600,0.0,0.0
2025-11-05 00:00:00-05:00,1.9500000476837158,1.9700000286102295,1.8600000143051147,1.9199999570846558,781600,0.0,0.0
2025-11-06 00:00:00-05:00,1.940000057220459,1.9700000286102295,1.840000033378601,1.8799999952316284,923900,0.0,0.0
2025-11-07 00:00:00-05:00,1.7999999523162842,1.9600000381469727,1.5499999523162842,1.840000033378601,1540500,0.0,0.0
2025-11-10 00:00:00-05:00,1.840000033378601,1.840000033378601,1.7000000476837158,1.7699999809265137,577400,0.0,0.0
2025-11-11 00:00:00-05:00,1.7699999809265137,1.7899999618530273,1.6299999952316284,1.649999976158142,689500,0.0,0.0
2025-11-12 00:00:00-05:00,1.6399999856948853,1.7400000095367432,1.6299999952316284,1.690000057220459,531200,0.0,0.0
2025-11-13 00:00:00-05:00,1.690000057220459,1.7699999809265137,1.649999976158142,1.7200000286102295,651800,0.0,0.0
2025-11-14 00:00:00-05:00,1.7000000476837158,1.7300000190734863,1.6299999952316284,1.6799999475479126,693800,0.0,0.0
2025-11-17 00:00:00-05:00,1.659999966621399,1.6699999570846558,1.5299999713897705,1.5299999713897705,351200,0.0,0.0
2025-11-18 00:00:00-05:00,1.5499999523162842,1.5700000524520874,1.5,1.5499999523162842,369900,0.0,0.0
2025-11-19 00:00:00-05:00,1.5700000524520874,1.5800000429153442,1.5199999809265137,1.5800000429153442,337700,0.0,0.0
2025-11-20 00:00:00-05:00,1.600000023841858,1.6200000047683716,1.4800000190734863,1.5,636500,0.0,0.0
2025-11-21 00:00:00-05:00,1.5299999713897705,1.6100000143051147,1.4800000190734863,1.590000033378601,677200,0.0,0.0
2025-11-24 00:00:00-05:00,1.6100000143051147,1.649999976158142,1.5099999904632568,1.6399999856948853,482800,0.0,0.0
2025-11-25 00:00:00-05:00,1.659999966621399,1.7999999523162842,1.649999976158142,1.7699999809265137,392200,0.0,0.0
2025-11-26 00:00:00-05:00,1.7899999618530273,1.840000033378601,1.75,1.7899999618530273,412600,0.0,0.0
2025-11-28 00:00:00-05:00,1.7999999523162842,1.840000033378601,1.7599999904632568,1.809999942779541,376000,0.0,0.0
2025-12-01 00:00:00-05:00,1.7999999523162842,1.8300000429153442,1.75,1.7599999904632568,581600,0.0,0.0
2025-12-02 00:00:00-05:00,1.840000033378601,1.8799999952316284,1.7300000190734863,1.7400000095367432,598600,0.0,0.0
2025-12-03 00:00:00-05:00,1.7400000095367432,1.9299999475479126,1.7300000190734863,1.9199999570846558,1022900,0.0,0.0
2025-12-04 00:00:00-05:00,1.9500000476837158,1.9500000476837158,1.8300000429153442,1.8700000047683716,488400,0.0,0.0
2025-12-05 00:00:00-05:00,1.8700000047683716,1.909999966621399,1.8300000429153442,1.850000023841858,557900,0.0,0.0
2025-12-08 00:00:00-05:00,1.8300000429153442,1.8700000047683716,1.809999942779541,1.8300000429153442,450300,0.0,0.0
2025-12-09 00:00:00-05:00,1.840000033378601,1.840000033378601,1.7799999713897705,1.8300000429153442,494300,0.0,0.0
2025-12-10 00:00:00-05:00,2.0899999141693115,2.1500000953674316,1.9800000190734863,2.0799999237060547,1686500,0.0,0.0
2025-12-11 00:00:00-05:00,2.3299999237060547,2.3299999237060547,2.069999933242798,2.0999999046325684,2228300,0.0,0.0
2025-12-12 00:00:00-05:00,2.109999895095825,2.119999885559082,1.940000057220459,1.9600000381469727,735200,0.0,0.0
2025-12-15 00:00:00-05:00,1.9199999570846558,1.9600000381469727,1.8700000047683716,1.8799999952316284,933500,0.0,0.0
2025-12-16 00:00:00-05:00,1.840000033378601,1.899999976158142,1.8200000524520874,1.8700000047683716,602600,0.0,0.0
2025-12-17 00:00:00-05:00,1.8600000143051147,1.9199999570846558,1.7899999618530273,1.909999966621399,1018700,0.0,0.0
2025-12-18 00:00:00-05:00,1.9199999570846558,2.0299999713897705,1.9199999570846558,1.9900000095367432,718400,0.0,0.0
2025-12-19 00:00:00-05:00,2.049999952316284,2.1500000953674316,2.0399999618530273,2.0799999237060547,942800,0.0,0.0
2025-12-22 00:00:00-05:00,2.0899999141693115,2.0899999141693115,1.9900000095367432,2.0299999713897705,535300,0.0,0.0
2025-12-23 00:00:00-05:00,2.0199999809265137,2.0899999141693115,1.9800000190734863,2.0899999141693115,256400,0.0,0.0
2025-12-24 00:00:00-05:00,2.0799999237060547,2.0799999237060547,1.9900000095367432,2.0399999618530273,190500,0.0,0.0
2025-12-26 00:00:00-05:00,2.0299999713897705,2.0799999237060547,2.0,2.049999952316284,143400,0.0,0.0
2025-12-29 00:00:00-05:00,2.0299999713897705,2.0399999618530273,1.9900000095367432,2.0,363100,0.0,0.0
2025-12-30 00:00:00-05:00,2.0299999713897705,2.069999933242798,1.9900000095367432,2.0199999809265137,321900,0.0,0.0
2025-12-31 00:00:00-05:00,2.009999990463257,2.0299999713897705,1.9800000190734863,1.9800000190734863,333300,0.0,0.0
2026-01-02 00:00:00-05:00,1.9900000095367432,2.0,1.9299999475479126,1.9600000381469727,650700,0.0,0.0
2026-01-05 00:00:00-05:00,1.940000057220459,2.190000057220459,1.940000057220459,2.140000104904175,712700,0.0,0.0
2026-01-06 00:00:00-05:00,2.130000114440918,2.299999952316284,2.119999885559082,2.259999990463257,872400,0.0,0.0
2026-01-07 00:00:00-05:00,2.2799999713897705,2.440000057220459,2.259999990463257,2.4100000858306885,869500,0.0,0.0
2026-01-08 00:00:00-05:00,2.390000104904175,2.5,2.390000104904175,2.4200000762939453,928200,0.0,0.0
2026-01-09 00:00:00-05:00,2.4700000286102295,2.549999952316284,2.4000000953674316,2.549999952316284,962500,0.0,0.0
2026-01-12 00:00:00-05:00,2.549999952316284,2.559999942779541,2.4700000286102295,2.549999952316284,375300,0.0,0.0
2026-01-13 00:00:00-05:00,2.5399999618530273,2.6700000762939453,2.5299999713897705,2.5899999141693115,668800,0.0,0.0
2026-01-14 00:00:00-05:00,2.5999999046325684,2.6700000762939453,2.559999942779541,2.6600000858306885,379100,0.0,0.0
2026-01-15 00:00:00-05:00,2.690000057220459,2.819999933242798,2.609999895095825,2.740000009536743,1102200,0.0,0.0
2026-01-16 00:00:00-05:00,2.75,2.8499999046325684,2.7100000381469727,2.7899999618530273,451200,0.0,0.0
2026-01-20 00:00:00-05:00,2.75,2.7899999618530273,2.5399999618530273,2.5399999618530273,828600,0.0,0.0
2026-01-21 00:00:00-05:00,2.4000000953674316,2.569999933242798,2.3499999046325684,2.4800000190734863,720300,0.0,0.0
2026-01-22 00:00:00-05:00,2.509999990463257,2.5899999141693115,2.430000066757202,2.450000047683716,335100,0.0,0.0
2026-01-23 00:00:00-05:00,2.440000057220459,2.5199999809265137,2.430000066757202,2.4600000381469727,347000,0.0,0.0
2026-01-26 00:00:00-05:00,2.4200000762939453,2.5299999713897705,2.3499999046325684,2.380000114440918,465000,0.0,0.0
2026-01-27 00:00:00-05:00,2.380000114440918,2.4200000762939453,2.180000066757202,2.190000057220459,770400,0.0,0.0
2026-01-28 00:00:00-05:00,2.190000057220459,2.190000057220459,2.109999895095825,2.130000114440918,395400,0.0,0.0
2026-01-29 00:00:00-05:00,2.130000114440918,2.1600000858306885,2.0399999618530273,2.109999895095825,397600,0.0,0.0
2026-01-30 00:00:00-05:00,2.0899999141693115,2.109999895095825,2.009999990463257,2.0299999713897705,384400,0.0,0.0
2026-02-02 00:00:00-05:00,2.0299999713897705,2.069999933242798,1.940000057220459,1.940000057220459,738800,0.0,0.0
2026-02-03 00:00:00-05:00,1.9500000476837158,1.9900000095367432,1.809999942779541,1.8300000429153442,578200,0.0,0.0
2026-02-04 00:00:00-05:00,1.8700000047683716,1.9299999475479126,1.7999999523162842,1.8799999952316284,714800,0.0,0.0
2026-02-05 00:00:00-05:00,1.8799999952316284,1.899999976158142,1.6699999570846558,1.6799999475479126,678300,0.0,0.0
2026-02-06 00:00:00-05:00,1.7100000381469727,1.8799999952316284,1.6799999475479126,1.690000057220459,561600,0.0,0.0
2026-02-09 00:00:00-05:00,1.7000000476837158,1.8899999856948853,1.659999966621399,1.809999942779541,1181900,0.0,0.0
2026-02-10 00:00:00-05:00,1.8300000429153442,1.8799999952316284,1.7599999904632568,1.7899999618530273,1110200,0.0,0.0
2026-02-11 00:00:00-05:00,1.7999999523162842,1.850000023841858,1.7100000381469727,1.7300000190734863,679900,0.0,0.0
2026-02-12 00:00:00-05:00,1.809999942779541,1.840000033378601,1.659999966621399,1.7000000476837158,863600,0.0,0.0
2026-02-13 00:00:00-05:00,1.6100000143051147,1.809999942779541,1.5199999809265137,1.7799999713897705,1074600,0.0,0.0
2026-02-17 00:00:00-05:00,1.8200000524520874,2.130000114440918,1.8200000524520874,2.0899999141693115,2956900,0.0,0.0
2026-02-18 00:00:00-05:00,2.0899999141693115,2.259999990463257,2.0,2.119999885559082,1200900,0.0,0.0
2026-02-19 00:00:00-05:00,2.130000114440918,2.2799999713897705,2.059999942779541,2.069999933242798,772700,0.0,0.0
2026-02-20 00:00:00-05:00,2.049999952316284,2.109999895095825,1.9700000286102295,2.059999942779541,716500,0.0,0.0
2026-02-23 00:00:00-05:00,2.0399999618530273,2.0399999618530273,1.909999966621399,1.9700000286102295,450100,0.0,0.0
2026-02-24 00:00:00-05:00,1.9600000381469727,1.9900000095367432,1.8799999952316284,1.8899999856948853,294200,0.0,0.0
2026-02-25 00:00:00-05:00,1.9199999570846558,1.9199999570846558,1.8600000143051147,1.8700000047683716,419600,0.0,0.0
2026-02-26 00:00:00-05:00,1.8899999856948853,1.8899999856948853,1.7999999523162842,1.840000033378601,361700,0.0,0.0
2026-02-27 00:00:00-05:00,1.8200000524520874,1.840000033378601,1.7599999904632568,1.7999999523162842,393600,0.0,0.0
2026-03-02 00:00:00-05:00,1.7799999713897705,1.8200000524520874,1.7400000095367432,1.7899999618530273,335000,0.0,0.0
2026-03-03 00:00:00-05:00,1.7100000381469727,1.7599999904632568,1.690000057220459,1.7100000381469727,268500,0.0,0.0
2026-03-04 00:00:00-05:00,1.7300000190734863,1.7999999523162842,1.7000000476837158,1.7899999618530273,346000,0.0,0.0
2026-03-05 00:00:00-05:00,1.7699999809265137,1.809999942779541,1.75,1.7999999523162842,215000,0.0,0.0
2026-03-06 00:00:00-05:00,1.7699999809265137,1.7699999809265137,1.649999976158142,1.6799999475479126,477600,0.0,0.0
2026-03-09 00:00:00-04:00,1.649999976158142,1.6799999475479126,1.600000023841858,1.649999976158142,458200,0.0,0.0
2026-03-10 00:00:00-04:00,1.649999976158142,1.7400000095367432,1.6299999952316284,1.6699999570846558,281300,0.0,0.0
2026-03-11 00:00:00-04:00,1.6799999475479126,1.6799999475479126,1.6200000047683716,1.6399999856948853,185500,0.0,0.0
2026-03-12 00:00:00-04:00,1.6299999952316284,1.659999966621399,1.5399999618530273,1.559999942779541,524700,0.0,0.0
2026-03-13 00:00:00-04:00,1.559999942779541,1.649999976158142,1.4900000095367432,1.4900000095367432,636500,0.0,0.0
2026-03-16 00:00:00-04:00,1.5299999713897705,1.5800000429153442,1.4299999475479126,1.4600000381469727,331800,0.0,0.0
2026-03-17 00:00:00-04:00,1.4600000381469727,1.5399999618530273,1.4299999475479126,1.440000057220459,185300,0.0,0.0
2026-03-18 00:00:00-04:00,1.4299999475479126,1.4700000286102295,1.350000023841858,1.3600000143051147,506000,0.0,0.0
2026-03-19 00:00:00-04:00,1.3300000429153442,1.3700000047683716,1.2699999809265137,1.2999999523162842,444500,0.0,0.0
2026-03-20 00:00:00-04:00,1.2899999618530273,1.340000033378601,1.2300000190734863,1.2699999809265137,556000,0.0,0.0
2026-03-23 00:00:00-04:00,1.3899999856948853,1.399999976158142,1.2799999713897705,1.2999999523162842,313300,0.0,0.0
2026-03-24 00:00:00-04:00,1.2799999713897705,1.340000033378601,1.2799999713897705,1.2999999523162842,541300,0.0,0.0
2026-03-25 00:00:00-04:00,1.2999999523162842,1.340000033378601,1.2799999713897705,1.2999999523162842,218500,0.0,0.0
2026-03-26 00:00:00-04:00,1.2999999523162842,1.3700000047683716,1.2899999618530273,1.2999999523162842,460200,0.0,0.0
2026-03-27 00:00:00-04:00,1.2899999618530273,1.409999966621399,1.2599999904632568,1.340000033378601,638200,0.0,0.0
2026-03-30 00:00:00-04:00,1.3799999952316284,1.3799999952316284,1.2999999523162842,1.350000023841858,399200,0.0,0.0
2026-03-31 00:00:00-04:00,1.350000023841858,1.4600000381469727,1.350000023841858,1.4199999570846558,356900,0.0,0.0
2026-04-01 00:00:00-04:00,1.4500000476837158,1.4600000381469727,1.3799999952316284,1.3799999952316284,238600,0.0,0.0
2026-04-02 00:00:00-04:00,1.350000023841858,1.409999966621399,1.3300000429153442,1.409999966621399,283300,0.0,0.0
2026-04-06 00:00:00-04:00,1.399999976158142,1.4500000476837158,1.3899999856948853,1.399999976158142,215000,0.0,0.0
2026-04-07 00:00:00-04:00,1.440000057220459,1.440000057220459,1.309999942779541,1.3300000429153442,290800,0.0,0.0
2026-04-08 00:00:00-04:00,1.399999976158142,1.440000057220459,1.3700000047683716,1.409999966621399,707800,0.0,0.0
2026-04-09 00:00:00-04:00,1.3899999856948853,1.4199999570846558,1.2999999523162842,1.2999999523162842,489400,0.0,0.0
2026-04-10 00:00:00-04:00,1.2799999713897705,1.2999999523162842,1.1200000047683716,1.1200000047683716,525800,0.0,0.0
2026-04-13 00:00:00-04:00,1.149999976158142,1.1799999475479126,1.059999942779541,1.090000033378601,717100,0.0,0.0
2026-04-14 00:00:00-04:00,1.090000033378601,1.1399999856948853,1.0,1.1299999952316284,1636600,0.0,0.0
2026-04-15 00:00:00-04:00,1.1399999856948853,1.159999966621399,1.0700000524520874,1.090000033378601,844200,0.0,0.0
2026-04-16 00:00:00-04:00,1.100000023841858,1.1200000047683716,1.0199999809265137,1.0399999618530273,844800,0.0,0.0
2026-04-17 00:00:00-04:00,1.0499999523162842,1.1200000047683716,1.0399999618530273,1.059999942779541,632800,0.0,0.0
2026-04-20 00:00:00-04:00,1.0700000524520874,1.1799999475479126,1.0700000524520874,1.1299999952316284,835300,0.0,0.0
2026-04-21 00:00:00-04:00,1.149999976158142,1.1799999475479126,1.0800000429153442,1.090000033378601,556800,0.0,0.0
2026-04-22 00:00:00-04:00,1.1100000143051147,1.2200000286102295,1.100000023841858,1.1399999856948853,519300,0.0,0.0
2026-04-23 00:00:00-04:00,1.1399999856948853,1.1799999475479126,1.1100000143051147,1.1699999570846558,478600,0.0,0.0
2026-04-24 00:00:00-04:00,1.1699999570846558,1.1699999570846558,1.1200000047683716,1.1200000047683716,263600,0.0,0.0
2026-04-27 00:00:00-04:00,1.1299999952316284,1.1699999570846558,1.1200000047683716,1.1200000047683716,203000,0.0,0.0
2026-04-28 00:00:00-04:00,1.1299999952316284,1.159999966621399,1.0700000524520874,1.0800000429153442,349900,0.0,0.0
2026-04-29 00:00:00-04:00,1.0800000429153442,1.0800000429153442,1.0499999523162842,1.0700000524520874,321700,0.0,0.0
2026-04-30 00:00:00-04:00,1.0800000429153442,1.1399999856948853,1.059999942779541,1.1200000047683716,416600,0.0,0.0
2026-05-01 00:00:00-04:00,1.1299999952316284,1.1799999475479126,1.1200000047683716,1.149999976158142,339100,0.0,0.0
2026-05-04 00:00:00-04:00,1.1399999856948853,1.1399999856948853,1.0700000524520874,1.0700000524520874,313500,0.0,0.0
2026-05-05 00:00:00-04:00,1.0700000524520874,1.100000023841858,1.0700000524520874,1.0800000429153442,228600,0.0,0.0
2026-05-06 00:00:00-04:00,1.090000033378601,1.149999976158142,1.0800000429153442,1.1100000143051147,322100,0.0,0.0
2026-05-07 00:00:00-04:00,1.1100000143051147,1.149999976158142,1.1100000143051147,1.1100000143051147,529200,0.0,0.0
2026-05-08 00:00:00-04:00,1.1100000143051147,1.1100000143051147,0.9800000190734863,0.9800000190734863,771100,0.0,0.0
2026-05-11 00:00:00-04:00,1.0099999904632568,1.0099999904632568,0.8399999737739563,0.8399999737739563,863500,0.0,0.0
2026-05-12 00:00:00-04:00,0.8500000238418579,0.8999999761581421,0.8199999928474426,0.8799999952316284,602600,0.0,0.0
2026-05-13 00:00:00-04:00,0.8899999856948853,0.8899999856948853,0.75,0.8100000023841858,1585500,0.0,0.0
2026-05-14 00:00:00-04:00,0.8199999928474426,0.9399999976158142,0.7799999713897705,0.9300000071525574,963700,0.0,0.0
2026-05-15 00:00:00-04:00,0.9300000071525574,1.0,0.8799999952316284,0.9399999976158142,720100,0.0,0.0
2026-05-18 00:00:00-04:00,0.9900000095367432,0.9900000095367432,0.9100000262260437,0.9300000071525574,1022300,0.0,0.0
2026-05-19 00:00:00-04:00,0.9399999976158142,1.0099999904632568,0.9399999976158142,0.9700000286102295,619400,0.0,0.0
2026-05-20 00:00:00-04:00,0.9800000190734863,1.0700000524520874,0.949999988079071,1.0,1010700,0.0,0.0
2026-05-21 00:00:00-04:00,1.0199999809265137,1.0199999809265137,0.9200000166893005,0.9700000286102295,752300,0.0,0.0
2026-05-22 00:00:00-04:00,0.9700000286102295,1.0399999618530273,0.9700000286102295,1.0399999618530273,456700,0.0,0.0
2026-05-26 00:00:00-04:00,1.059999942779541,1.090000033378601,0.9900000095367432,0.9900000095367432,508800,0.0,0.0
2026-05-27 00:00:00-04:00,0.9900000095367432,1.0499999523162842,0.9599999785423279,0.9599999785423279,398400,0.0,0.0
2026-05-28 00:00:00-04:00,0.949999988079071,1.0199999809265137,0.9300000071525574,0.9700000286102295,340300,0.0,0.0
2026-05-29 00:00:00-04:00,0.949999988079071,0.9757999777793884,0.9294000267982483,0.9300000071525574,382830,0.0,0.0
