Date,Open,High,Low,Close,Volume,Dividends,Stock Splits
2022-01-04 00:00:00-05:00,84.88999938964844,86.01000213623047,80.6500015258789,80.70999908447266,149100,0.0,0.0
2022-01-05 00:00:00-05:00,79.63999938964844,80.37000274658203,70.04000091552734,70.47000122070312,386400,0.0,0.0
2022-01-06 00:00:00-05:00,69.33999633789062,71.77999877929688,67.6500015258789,69.47000122070312,177100,0.0,0.0
2022-01-07 00:00:00-05:00,69.51000213623047,70.7300033569336,66.19000244140625,67.08999633789062,103300,0.0,0.0
2022-01-10 00:00:00-05:00,65.0,65.9000015258789,61.279998779296875,65.7300033569336,219000,0.0,0.0
2022-01-11 00:00:00-05:00,65.08999633789062,69.98999786376953,64.5199966430664,68.31999969482422,160400,0.0,0.0
2022-01-12 00:00:00-05:00,69.63999938964844,70.83999633789062,68.80000305175781,70.30000305175781,102500,0.0,0.0
2022-01-13 00:00:00-05:00,70.37000274658203,70.37000274658203,67.91500091552734,69.0199966430664,105300,0.0,0.0
2022-01-14 00:00:00-05:00,67.5,70.58000183105469,67.5,70.1500015258789,109900,0.0,0.0
2022-01-17 00:00:00-05:00,70.41000366210938,70.51000213623047,69.56999969482422,69.7699966430664,19100,0.0,0.0
2022-01-18 00:00:00-05:00,68.79000091552734,70.19000244140625,65.18000030517578,65.2699966430664,125900,0.0,0.0
2022-01-19 00:00:00-05:00,66.0,68.29000091552734,64.52999877929688,64.66999816894531,97800,0.0,0.0
2022-01-20 00:00:00-05:00,65.95999908447266,69.91999816894531,65.83000183105469,66.52999877929688,111100,0.0,0.0
2022-01-21 00:00:00-05:00,66.0999984741211,66.9800033569336,64.91000366210938,65.77999877929688,151600,0.0,0.0
2022-01-24 00:00:00-05:00,63.75,67.38999938964844,61.43000030517578,67.27999877929688,221300,0.0,0.0
2022-01-25 00:00:00-05:00,65.31999969482422,66.6500015258789,63.439998626708984,65.02999877929688,122900,0.0,0.0
2022-01-26 00:00:00-05:00,66.02999877929688,68.54000091552734,65.51000213623047,66.44999694824219,107900,0.0,0.0
2022-01-27 00:00:00-05:00,66.91999816894531,67.62999725341797,65.58000183105469,66.37999725341797,109800,0.0,0.0
2022-01-28 00:00:00-05:00,67.41999816894531,68.70999908447266,64.8499984741211,68.70999908447266,101800,0.0,0.0
2022-01-31 00:00:00-05:00,69.38999938964844,72.0,69.01000213623047,71.83999633789062,74600,0.0,0.0
2022-02-01 00:00:00-05:00,72.16000366210938,72.66000366210938,70.70999908447266,72.56999969482422,67100,0.0,0.0
2022-02-02 00:00:00-05:00,73.05999755859375,73.05999755859375,67.4800033569336,67.48999786376953,92900,0.0,0.0
2022-02-03 00:00:00-05:00,64.98999786376953,67.1500015258789,64.41000366210938,66.66000366210938,83400,0.0,0.0
2022-02-04 00:00:00-05:00,66.80000305175781,68.70999908447266,66.51000213623047,68.26000213623047,52400,0.0,0.0
2022-02-07 00:00:00-05:00,68.02999877929688,70.52999877929688,67.52999877929688,68.19000244140625,43400,0.0,0.0
2022-02-08 00:00:00-05:00,67.5999984741211,69.58999633789062,67.5999984741211,69.1500015258789,45200,0.0,0.0
2022-02-09 00:00:00-05:00,70.30999755859375,71.30999755859375,69.4800033569336,69.93000030517578,39100,0.0,0.0
2022-02-10 00:00:00-05:00,68.11000061035156,71.77999877929688,68.11000061035156,70.66999816894531,92300,0.0,0.0
2022-02-11 00:00:00-05:00,70.66999816894531,71.91000366210938,68.86000061035156,69.69000244140625,82500,0.0,0.0
2022-02-14 00:00:00-05:00,69.69000244140625,72.80000305175781,69.69000244140625,70.77999877929688,46100,0.0,0.0
2022-02-15 00:00:00-05:00,71.77999877929688,72.73999786376953,70.66000366210938,71.41000366210938,71700,0.0,0.0
2022-02-16 00:00:00-05:00,70.9000015258789,71.4800033569336,68.54000091552734,70.86000061035156,61200,0.0,0.0
2022-02-17 00:00:00-05:00,70.48999786376953,70.48999786376953,66.55999755859375,66.58000183105469,87500,0.0,0.0
2022-02-18 00:00:00-05:00,66.25,67.0,62.73500061035156,63.08000183105469,134900,0.0,0.0
2022-02-22 00:00:00-05:00,63.09000015258789,65.37999725341797,62.08000183105469,63.7400016784668,130000,0.0,0.0
2022-02-23 00:00:00-05:00,64.4000015258789,65.18000030517578,60.720001220703125,60.91999816894531,106100,0.0,0.0
2022-02-24 00:00:00-05:00,58.20000076293945,64.91999816894531,58.20000076293945,64.77999877929688,203500,0.0,0.0
2022-02-25 00:00:00-05:00,64.87999725341797,65.45999908447266,62.59000015258789,65.33999633789062,66000,0.0,0.0
2022-02-28 00:00:00-05:00,64.91000366210938,66.69999694824219,64.91000366210938,66.66000366210938,54100,0.0,0.0
2022-03-01 00:00:00-05:00,66.62000274658203,67.61000061035156,65.20999908447266,65.37999725341797,46900,0.0,0.0
2022-03-02 00:00:00-05:00,65.54000091552734,66.08999633789062,62.709999084472656,62.849998474121094,103000,0.0,0.0
2022-03-03 00:00:00-05:00,63.4900016784668,63.4900016784668,56.130001068115234,56.209999084472656,316900,0.0,0.0
2022-03-04 00:00:00-05:00,55.93000030517578,57.22999954223633,54.790000915527344,55.20000076293945,147500,0.0,0.0
2022-03-07 00:00:00-05:00,55.0,56.310001373291016,51.56999969482422,51.869998931884766,194100,0.0,0.0
2022-03-08 00:00:00-05:00,51.7599983215332,55.04999923706055,51.11000061035156,54.13999938964844,154500,0.0,0.0
2022-03-09 00:00:00-05:00,55.45000076293945,58.29999923706055,54.540000915527344,58.11000061035156,110300,0.0,0.0
2022-03-10 00:00:00-05:00,59.13999938964844,59.13999938964844,53.11000061035156,55.40999984741211,129000,0.0,0.0
2022-03-11 00:00:00-05:00,56.099998474121094,56.77000045776367,51.43000030517578,51.91999816894531,137900,0.0,0.0
2022-03-14 00:00:00-04:00,51.5,52.40999984741211,49.11000061035156,49.38999938964844,89100,0.0,0.0
2022-03-15 00:00:00-04:00,49.459999084472656,53.18000030517578,49.459999084472656,53.11000061035156,77100,0.0,0.0
2022-03-16 00:00:00-04:00,54.77000045776367,58.040000915527344,54.130001068115234,58.040000915527344,92200,0.0,0.0
2022-03-17 00:00:00-04:00,57.70000076293945,60.16999816894531,57.529998779296875,60.16999816894531,62100,0.0,0.0
2022-03-18 00:00:00-04:00,59.7599983215332,62.959999084472656,59.7599983215332,61.810001373291016,57900,0.0,0.0
2022-03-21 00:00:00-04:00,61.31999969482422,62.709999084472656,59.86000061035156,62.0,51100,0.0,0.0
2022-03-22 00:00:00-04:00,62.0099983215332,64.80000305175781,61.77000045776367,63.189998626708984,148100,0.0,0.0
2022-03-23 00:00:00-04:00,62.79999923706055,64.97000122070312,61.5,62.16999816894531,74200,0.0,0.0
2022-03-24 00:00:00-04:00,62.29999923706055,63.11000061035156,61.02000045776367,62.369998931884766,45800,0.0,0.0
2022-03-25 00:00:00-04:00,61.79999923706055,62.27000045776367,59.900001525878906,61.040000915527344,39700,0.0,0.0
2022-03-28 00:00:00-04:00,61.52000045776367,63.040000915527344,60.75,62.22999954223633,46400,0.0,0.0
2022-03-29 00:00:00-04:00,62.9900016784668,66.0999984741211,62.9900016784668,65.62000274658203,69300,0.0,0.0
2022-03-30 00:00:00-04:00,64.95999908447266,65.05999755859375,63.119998931884766,63.68000030517578,39500,0.0,0.0
2022-03-31 00:00:00-04:00,63.959999084472656,65.7300033569336,63.15999984741211,64.62000274658203,56100,0.0,0.0
2022-04-01 00:00:00-04:00,64.5,65.55999755859375,62.709999084472656,63.63999938964844,41000,0.0,0.0
2022-04-04 00:00:00-04:00,63.56999969482422,65.27999877929688,63.56999969482422,64.55000305175781,38500,0.0,0.0
2022-04-05 00:00:00-04:00,64.4800033569336,64.4800033569336,61.0,61.880001068115234,51000,0.0,0.0
2022-04-06 00:00:00-04:00,61.0,61.720001220703125,59.27000045776367,61.040000915527344,71500,0.0,0.0
2022-04-07 00:00:00-04:00,60.779998779296875,62.4900016784668,60.150001525878906,61.65999984741211,33800,0.0,0.0
2022-04-08 00:00:00-04:00,60.709999084472656,62.5099983215332,60.709999084472656,61.689998626708984,46400,0.0,0.0
2022-04-11 00:00:00-04:00,61.0,62.33000183105469,59.79999923706055,60.810001373291016,66800,0.0,0.0
2022-04-12 00:00:00-04:00,62.36000061035156,64.27999877929688,61.369998931884766,62.08000183105469,95400,0.0,0.0
2022-04-13 00:00:00-04:00,62.08000183105469,64.43000030517578,61.900001525878906,62.9900016784668,27500,0.0,0.0
2022-04-14 00:00:00-04:00,62.27000045776367,63.09000015258789,60.77000045776367,61.63999938964844,48200,0.0,0.0
2022-04-18 00:00:00-04:00,62.0099983215332,62.27000045776367,59.84000015258789,61.20000076293945,45800,0.0,0.0
2022-04-19 00:00:00-04:00,60.56999969482422,63.11000061035156,60.56999969482422,62.2599983215332,29700,0.0,0.0
2022-04-20 00:00:00-04:00,61.560001373291016,61.560001373291016,60.02000045776367,60.599998474121094,38500,0.0,0.0
2022-04-21 00:00:00-04:00,60.91999816894531,62.52000045776367,58.040000915527344,58.400001525878906,80700,0.0,0.0
2022-04-22 00:00:00-04:00,58.400001525878906,59.97999954223633,57.060001373291016,57.66999816894531,36200,0.0,0.0
2022-04-25 00:00:00-04:00,57.66999816894531,58.849998474121094,56.83000183105469,58.41999816894531,65900,0.0,0.0
2022-04-26 00:00:00-04:00,58.47999954223633,58.47999954223633,56.0,56.08000183105469,49100,0.0,0.0
2022-04-27 00:00:00-04:00,56.099998474121094,57.900001525878906,55.869998931884766,55.869998931884766,30700,0.0,0.0
2022-04-28 00:00:00-04:00,56.90999984741211,58.959999084472656,56.0099983215332,58.45000076293945,40300,0.0,0.0
2022-04-29 00:00:00-04:00,57.0,58.7400016784668,55.0,55.0099983215332,20500,0.0,0.0
2022-05-02 00:00:00-04:00,55.63999938964844,57.900001525878906,54.959999084472656,57.38999938964844,73400,0.0,0.0
2022-05-03 00:00:00-04:00,56.790000915527344,57.790000915527344,55.72999954223633,57.209999084472656,61000,0.0,0.0
2022-05-04 00:00:00-04:00,57.529998779296875,60.290000915527344,56.7400016784668,60.209999084472656,53600,0.0,0.0
2022-05-05 00:00:00-04:00,59.150001525878906,60.060001373291016,53.22999954223633,53.52000045776367,60600,0.0,0.0
2022-05-06 00:00:00-04:00,52.59000015258789,53.36000061035156,49.47999954223633,52.06999969482422,49800,0.0,0.0
2022-05-09 00:00:00-04:00,51.279998779296875,51.279998779296875,47.70000076293945,47.86000061035156,64800,0.0,0.0
2022-05-10 00:00:00-04:00,48.599998474121094,48.95000076293945,45.880001068115234,47.29999923706055,101000,0.0,0.0
2022-05-11 00:00:00-04:00,47.040000915527344,47.810001373291016,44.25,44.439998626708984,128900,0.0,0.0
2022-05-12 00:00:00-04:00,41.65999984741211,42.439998626708984,37.56999969482422,38.75,298800,0.0,0.0
2022-05-13 00:00:00-04:00,39.5099983215332,42.439998626708984,39.4900016784668,42.22999954223633,157700,0.0,0.0
2022-05-16 00:00:00-04:00,42.0,42.0099983215332,39.18000030517578,39.27000045776367,83700,0.0,0.0
2022-05-17 00:00:00-04:00,41.060001373291016,42.7599983215332,40.279998779296875,42.63999938964844,188100,0.0,0.0
2022-05-18 00:00:00-04:00,41.93000030517578,42.790000915527344,40.630001068115234,42.02000045776367,118800,0.0,0.0
2022-05-19 00:00:00-04:00,42.0,44.5,41.70000076293945,44.029998779296875,123100,0.0,0.0
2022-05-20 00:00:00-04:00,44.7599983215332,45.34000015258789,43.400001525878906,45.16999816894531,100700,0.0,0.0
2022-05-24 00:00:00-04:00,45.06999969482422,45.22999954223633,41.90999984741211,42.0,86500,0.0,0.0
2022-05-25 00:00:00-04:00,42.290000915527344,43.22999954223633,41.630001068115234,42.68000030517578,54100,0.0,0.0
2022-05-26 00:00:00-04:00,42.66999816894531,44.06999969482422,42.560001373291016,43.41999816894531,56600,0.0,0.0
2022-05-27 00:00:00-04:00,43.86000061035156,44.810001373291016,43.560001373291016,44.16999816894531,67000,0.0,0.0
2022-05-30 00:00:00-04:00,44.16999816894531,45.56999969482422,44.16999816894531,45.09000015258789,24500,0.0,0.0
2022-05-31 00:00:00-04:00,44.5,44.959999084472656,43.0,43.16999816894531,176100,0.0,0.0
2022-06-01 00:00:00-04:00,43.41999816894531,44.16999816894531,41.650001525878906,41.650001525878906,80800,0.0,0.0
2022-06-02 00:00:00-04:00,41.650001525878906,44.04999923706055,40.0099983215332,43.54999923706055,101800,0.0,0.0
2022-06-03 00:00:00-04:00,43.02000045776367,43.02000045776367,40.20000076293945,41.65999984741211,150300,0.0,0.0
2022-06-06 00:00:00-04:00,42.40999984741211,43.61000061035156,41.77000045776367,42.61000061035156,89700,0.0,0.0
2022-06-07 00:00:00-04:00,41.900001525878906,43.209999084472656,41.560001373291016,41.97999954223633,82000,0.0,0.0
2022-06-08 00:00:00-04:00,41.90999984741211,42.599998474121094,41.59000015258789,41.88999938964844,71100,0.0,0.0
2022-06-09 00:00:00-04:00,41.66999816894531,41.709999084472656,40.18000030517578,40.70000076293945,53200,0.0,0.0
2022-06-10 00:00:00-04:00,39.5,40.18000030517578,39.040000915527344,39.650001525878906,60400,0.0,0.0
2022-06-13 00:00:00-04:00,37.790000915527344,38.31999969482422,36.11000061035156,36.189998626708984,99200,0.0,0.0
2022-06-14 00:00:00-04:00,36.310001373291016,36.849998474121094,34.849998474121094,35.83000183105469,121700,0.0,0.0
2022-06-15 00:00:00-04:00,36.689998626708984,36.689998626708984,34.970001220703125,35.56999969482422,136500,0.0,0.0
2022-06-16 00:00:00-04:00,34.310001373291016,34.310001373291016,32.349998474121094,32.56999969482422,142500,0.0,0.0
2022-06-17 00:00:00-04:00,32.7400016784668,34.5,32.7400016784668,33.459999084472656,657000,0.0,0.0
2022-06-20 00:00:00-04:00,34.0099983215332,34.099998474121094,33.380001068115234,34.0,46200,0.0,0.0
2022-06-21 00:00:00-04:00,34.04999923706055,35.9900016784668,34.04999923706055,34.939998626708984,104400,0.0,0.0
2022-06-22 00:00:00-04:00,34.41999816894531,39.380001068115234,34.400001525878906,37.630001068115234,159600,0.0,0.0
2022-06-23 00:00:00-04:00,38.45000076293945,39.08000183105469,37.38999938964844,38.720001220703125,91800,0.0,0.0
2022-06-24 00:00:00-04:00,39.16999816894531,42.68000030517578,38.869998931884766,42.150001525878906,88600,0.0,0.0
2022-06-27 00:00:00-04:00,42.34000015258789,42.439998626708984,39.630001068115234,40.150001525878906,50300,0.0,0.0
2022-06-28 00:00:00-04:00,40.34000015258789,41.09000015258789,37.9900016784668,38.31999969482422,65100,0.0,0.0
2022-06-29 00:00:00-04:00,38.13999938964844,38.13999938964844,36.779998779296875,37.15999984741211,38000,0.0,0.0
2022-06-30 00:00:00-04:00,36.619998931884766,37.33000183105469,35.36000061035156,36.970001220703125,60200,0.0,0.0
2022-07-04 00:00:00-04:00,36.880001068115234,36.880001068115234,35.43000030517578,35.65999984741211,12500,0.0,0.0
2022-07-05 00:00:00-04:00,35.04999923706055,38.5,34.58000183105469,38.209999084472656,78300,0.0,0.0
2022-07-06 00:00:00-04:00,38.38999938964844,38.900001525878906,37.7599983215332,38.540000915527344,83300,0.0,0.0
2022-07-07 00:00:00-04:00,38.33000183105469,39.41999816894531,38.209999084472656,39.290000915527344,35500,0.0,0.0
2022-07-08 00:00:00-04:00,39.130001068115234,40.9900016784668,38.310001373291016,39.47999954223633,50100,0.0,0.0
2022-07-11 00:00:00-04:00,39.029998779296875,39.290000915527344,36.4900016784668,36.61000061035156,100900,0.0,0.0
2022-07-12 00:00:00-04:00,36.709999084472656,37.47999954223633,35.11000061035156,35.2400016784668,35500,0.0,0.0
2022-07-13 00:00:00-04:00,34.40999984741211,35.790000915527344,34.150001525878906,35.540000915527344,29800,0.0,0.0
2022-07-14 00:00:00-04:00,35.0,36.560001373291016,34.84000015258789,35.20000076293945,85400,0.0,0.0
2022-07-15 00:00:00-04:00,35.869998931884766,35.93000030517578,34.849998474121094,34.970001220703125,41400,0.0,0.0
2022-07-18 00:00:00-04:00,35.279998779296875,36.66999816894531,33.880001068115234,34.47999954223633,46100,0.0,0.0
2022-07-19 00:00:00-04:00,35.189998626708984,36.29999923706055,34.9900016784668,35.77000045776367,40700,0.0,0.0
2022-07-20 00:00:00-04:00,35.790000915527344,39.5,35.790000915527344,39.09000015258789,52800,0.0,0.0
2022-07-21 00:00:00-04:00,39.130001068115234,40.40999984741211,38.66999816894531,39.849998474121094,31800,0.0,0.0
2022-07-22 00:00:00-04:00,39.869998931884766,40.220001220703125,38.18000030517578,38.66999816894531,60000,0.0,0.0
2022-07-25 00:00:00-04:00,38.70000076293945,38.7599983215332,37.66999816894531,38.47999954223633,33700,0.0,0.0
2022-07-26 00:00:00-04:00,38.02000045776367,38.02000045776367,36.5099983215332,37.13999938964844,34700,0.0,0.0
2022-07-27 00:00:00-04:00,37.34000015258789,39.43000030517578,37.34000015258789,39.029998779296875,29800,0.0,0.0
2022-07-28 00:00:00-04:00,39.130001068115234,39.720001220703125,38.029998779296875,38.91999816894531,42400,0.0,0.0
2022-07-29 00:00:00-04:00,39.36000061035156,40.540000915527344,38.459999084472656,40.529998779296875,25200,0.0,0.0
2022-08-02 00:00:00-04:00,40.5,40.939998626708984,39.470001220703125,40.310001373291016,79400,0.0,0.0
2022-08-03 00:00:00-04:00,40.95000076293945,44.41999816894531,40.86000061035156,44.029998779296875,84200,0.0,0.0
2022-08-04 00:00:00-04:00,44.38999938964844,45.56999969482422,42.97999954223633,45.16999816894531,108200,0.0,0.0
2022-08-05 00:00:00-04:00,44.150001525878906,45.68000030517578,42.59000015258789,45.54999923706055,95000,0.0,0.0
2022-08-08 00:00:00-04:00,45.93000030517578,46.90999984741211,45.2599983215332,46.290000915527344,62800,0.0,0.0
2022-08-09 00:00:00-04:00,45.310001373291016,45.38999938964844,44.34000015258789,44.54999923706055,36600,0.0,0.0
2022-08-10 00:00:00-04:00,46.470001220703125,46.470001220703125,44.86000061035156,45.68000030517578,49200,0.0,0.0
2022-08-11 00:00:00-04:00,49.38999938964844,51.63999938964844,46.709999084472656,46.79999923706055,118600,0.0,0.0
2022-08-12 00:00:00-04:00,47.029998779296875,47.099998474121094,45.15999984741211,46.599998474121094,47100,0.0,0.0
2022-08-15 00:00:00-04:00,46.290000915527344,47.22999954223633,45.84000015258789,47.029998779296875,56500,0.0,0.0
2022-08-16 00:00:00-04:00,46.790000915527344,46.97999954223633,45.540000915527344,46.790000915527344,64700,0.0,0.0
2022-08-17 00:00:00-04:00,46.459999084472656,46.459999084472656,44.15999984741211,44.2400016784668,75100,0.0,0.0
2022-08-18 00:00:00-04:00,44.25,44.25,43.040000915527344,43.63999938964844,28600,0.0,0.0
2022-08-19 00:00:00-04:00,43.040000915527344,43.16999816894531,40.720001220703125,40.72999954223633,42500,0.0,0.0
2022-08-22 00:00:00-04:00,40.56999969482422,40.56999969482422,38.90999984741211,39.33000183105469,66900,0.0,0.0
2022-08-23 00:00:00-04:00,39.459999084472656,40.0,38.689998626708984,39.849998474121094,59900,0.0,0.0
2022-08-24 00:00:00-04:00,39.849998474121094,41.150001525878906,39.709999084472656,40.68000030517578,184400,0.0,0.0
2022-08-25 00:00:00-04:00,41.09000015258789,42.0,40.90999984741211,41.119998931884766,47900,0.0,0.0
2022-08-26 00:00:00-04:00,41.060001373291016,41.060001373291016,38.04999923706055,38.470001220703125,87500,0.0,0.0
2022-08-29 00:00:00-04:00,37.880001068115234,39.2400016784668,37.439998626708984,37.650001525878906,111200,0.0,0.0
2022-08-30 00:00:00-04:00,38.130001068115234,39.86000061035156,38.02000045776367,39.86000061035156,80400,0.0,0.0
2022-08-31 00:00:00-04:00,40.220001220703125,41.43000030517578,39.2599983215332,39.4900016784668,65600,0.0,0.0
2022-09-01 00:00:00-04:00,38.88999938964844,39.41999816894531,37.77000045776367,39.25,80500,0.0,0.0
2022-09-02 00:00:00-04:00,40.150001525878906,40.150001525878906,38.709999084472656,38.959999084472656,57800,0.0,0.0
2022-09-06 00:00:00-04:00,38.90999984741211,39.22999954223633,38.0,38.4900016784668,37100,0.0,0.0
2022-09-07 00:00:00-04:00,38.70000076293945,39.689998626708984,38.29999923706055,39.68000030517578,55600,0.0,0.0
2022-09-08 00:00:00-04:00,39.09000015258789,40.900001525878906,38.45500183105469,40.779998779296875,38800,0.0,0.0
2022-09-09 00:00:00-04:00,41.029998779296875,41.849998474121094,40.75,41.09000015258789,27800,0.0,0.0
2022-09-12 00:00:00-04:00,41.400001525878906,41.599998474121094,40.849998474121094,41.400001525878906,33300,0.0,0.0
2022-09-13 00:00:00-04:00,39.61000061035156,41.959999084472656,39.54999923706055,41.060001373291016,99600,0.0,0.0
2022-09-14 00:00:00-04:00,41.40999984741211,41.75,39.91999816894531,40.70000076293945,66700,0.0,0.0
2022-09-15 00:00:00-04:00,40.380001068115234,41.63999938964844,39.84000015258789,40.13999938964844,53100,0.0,0.0
2022-09-16 00:00:00-04:00,39.400001525878906,39.400001525878906,37.709999084472656,37.970001220703125,70900,0.0,0.0
2022-09-19 00:00:00-04:00,37.45000076293945,38.029998779296875,36.79999923706055,37.560001373291016,39000,0.0,0.0
2022-09-20 00:00:00-04:00,37.06999969482422,37.59000015258789,36.310001373291016,36.900001525878906,53700,0.0,0.0
2022-09-21 00:00:00-04:00,36.790000915527344,37.7599983215332,36.0,37.369998931884766,50500,0.0,0.0
2022-09-22 00:00:00-04:00,36.88999938964844,37.369998931884766,35.59000015258789,36.0,60200,0.0,0.0
2022-09-23 00:00:00-04:00,35.58000183105469,36.0099983215332,34.529998779296875,35.54999923706055,91600,0.0,0.0
2022-09-26 00:00:00-04:00,35.529998779296875,36.689998626708984,35.529998779296875,35.810001373291016,34400,0.0,0.0
2022-09-27 00:00:00-04:00,36.5099983215332,37.15999984741211,36.310001373291016,36.84000015258789,50500,0.0,0.0
2022-09-28 00:00:00-04:00,36.93000030517578,38.439998626708984,36.65999984741211,38.119998931884766,28400,0.0,0.0
2022-09-29 00:00:00-04:00,37.47999954223633,37.91999816894531,37.02000045776367,37.18000030517578,40900,0.0,0.0
2022-09-30 00:00:00-04:00,36.970001220703125,38.84000015258789,36.970001220703125,37.29999923706055,31600,0.0,0.0
2022-10-03 00:00:00-04:00,37.47999954223633,38.31999969482422,36.43000030517578,37.79999923706055,30900,0.0,0.0
2022-10-04 00:00:00-04:00,38.97999954223633,39.689998626708984,38.59000015258789,39.650001525878906,33800,0.0,0.0
2022-10-05 00:00:00-04:00,38.77000045776367,39.880001068115234,38.77000045776367,39.380001068115234,19600,0.0,0.0
2022-10-06 00:00:00-04:00,39.369998931884766,40.25,39.130001068115234,39.150001525878906,17700,0.0,0.0
2022-10-07 00:00:00-04:00,38.439998626708984,38.439998626708984,36.5,37.290000915527344,31400,0.0,0.0
2022-10-11 00:00:00-04:00,36.2599983215332,37.189998626708984,35.45000076293945,36.88999938964844,57300,0.0,0.0
2022-10-12 00:00:00-04:00,36.880001068115234,37.16999816894531,35.7599983215332,36.689998626708984,51800,0.0,0.0
2022-10-13 00:00:00-04:00,35.470001220703125,36.790000915527344,34.650001525878906,35.75,84800,0.0,0.0
2022-10-14 00:00:00-04:00,36.27000045776367,37.5099983215332,36.13999938964844,36.36000061035156,43600,0.0,0.0
2022-10-17 00:00:00-04:00,37.40999984741211,39.77000045776367,37.15999984741211,39.400001525878906,61100,0.0,0.0
2022-10-18 00:00:00-04:00,40.86000061035156,40.86000061035156,38.959999084472656,39.04999923706055,32000,0.0,0.0
2022-10-19 00:00:00-04:00,38.43000030517578,38.43000030517578,37.459999084472656,37.84000015258789,22100,0.0,0.0
2022-10-20 00:00:00-04:00,37.81999969482422,39.529998779296875,37.81999969482422,38.33000183105469,28600,0.0,0.0
2022-10-21 00:00:00-04:00,38.220001220703125,39.11000061035156,37.599998474121094,38.709999084472656,58800,0.0,0.0
2022-10-24 00:00:00-04:00,38.689998626708984,38.849998474121094,37.08000183105469,38.81999969482422,28000,0.0,0.0
2022-10-25 00:00:00-04:00,38.81999969482422,40.880001068115234,38.619998931884766,40.349998474121094,38600,0.0,0.0
2022-10-26 00:00:00-04:00,40.130001068115234,41.029998779296875,39.790000915527344,39.970001220703125,44500,0.0,0.0
2022-10-27 00:00:00-04:00,40.220001220703125,40.779998779296875,39.650001525878906,40.09000015258789,51900,0.0,0.0
2022-10-28 00:00:00-04:00,39.95000076293945,40.5,39.630001068115234,40.349998474121094,29200,0.0,0.0
2022-10-31 00:00:00-04:00,40.06999969482422,40.54999923706055,38.79999923706055,39.61000061035156,71300,0.0,0.0
2022-11-01 00:00:00-04:00,39.97999954223633,41.470001220703125,39.5,40.04999923706055,45500,0.0,0.0
2022-11-02 00:00:00-04:00,40.36000061035156,40.40999984741211,37.7400016784668,37.77000045776367,75400,0.0,0.0
2022-11-03 00:00:00-04:00,37.310001373291016,38.060001373291016,35.91999816894531,36.68000030517578,49200,0.0,0.0
2022-11-04 00:00:00-04:00,37.61000061035156,37.61000061035156,34.15999984741211,35.38999938964844,104600,0.0,0.0
2022-11-07 00:00:00-05:00,35.40999984741211,36.58000183105469,34.9900016784668,35.790000915527344,59500,0.0,0.0
2022-11-08 00:00:00-05:00,35.790000915527344,35.95000076293945,34.099998474121094,34.36000061035156,85900,0.0,0.0
2022-11-09 00:00:00-05:00,34.45000076293945,34.45000076293945,31.65999984741211,32.20000076293945,156700,0.0,0.0
2022-11-10 00:00:00-05:00,36.7599983215332,39.439998626708984,35.810001373291016,38.40999984741211,211000,0.0,0.0
2022-11-11 00:00:00-05:00,38.400001525878906,41.2599983215332,37.630001068115234,40.75,87100,0.0,0.0
2022-11-14 00:00:00-05:00,40.54999923706055,40.54999923706055,38.779998779296875,39.61000061035156,43800,0.0,0.0
2022-11-15 00:00:00-05:00,40.810001373291016,42.619998931884766,40.810001373291016,41.220001220703125,49000,0.0,0.0
2022-11-16 00:00:00-05:00,40.61000061035156,42.02000045776367,40.349998474121094,42.0099983215332,51100,0.0,0.0
2022-11-17 00:00:00-05:00,41.220001220703125,42.060001373291016,40.56999969482422,41.06999969482422,38700,0.0,0.0
2022-11-18 00:00:00-05:00,41.849998474121094,41.849998474121094,40.0,40.61000061035156,34500,0.0,0.0
2022-11-21 00:00:00-05:00,40.18000030517578,40.97999954223633,39.84000015258789,40.7400016784668,37900,0.0,0.0
2022-11-22 00:00:00-05:00,40.84000015258789,41.099998474121094,39.75,41.0,26900,0.0,0.0
2022-11-23 00:00:00-05:00,40.619998931884766,42.02000045776367,40.619998931884766,41.599998474121094,15300,0.0,0.0
2022-11-24 00:00:00-05:00,41.790000915527344,42.099998474121094,41.619998931884766,42.09000015258789,6300,0.0,0.0
2022-11-25 00:00:00-05:00,41.66999816894531,41.68000030517578,40.9900016784668,41.369998931884766,15700,0.0,0.0
2022-11-28 00:00:00-05:00,41.869998931884766,41.869998931884766,40.29999923706055,40.77000045776367,47600,0.0,0.0
2022-11-29 00:00:00-05:00,40.90999984741211,41.52000045776367,40.5,41.369998931884766,37200,0.0,0.0
2022-11-30 00:00:00-05:00,41.369998931884766,43.939998626708984,41.189998626708984,43.119998931884766,79800,0.0,0.0
2022-12-01 00:00:00-05:00,43.5099983215332,44.22999954223633,42.900001525878906,44.150001525878906,73500,0.0,0.0
2022-12-02 00:00:00-05:00,43.40999984741211,44.900001525878906,42.630001068115234,44.2599983215332,64400,0.0,0.0
2022-12-05 00:00:00-05:00,44.16999816894531,44.16999816894531,41.40999984741211,41.970001220703125,42800,0.0,0.0
2022-12-06 00:00:00-05:00,41.59000015258789,42.16999816894531,40.83000183105469,40.970001220703125,29500,0.0,0.0
2022-12-07 00:00:00-05:00,40.84000015258789,42.83000183105469,40.7599983215332,42.540000915527344,42400,0.0,0.0
2022-12-08 00:00:00-05:00,42.66999816894531,43.77000045776367,41.790000915527344,43.439998626708984,31900,0.0,0.0
2022-12-09 00:00:00-05:00,43.25,44.310001373291016,43.25,43.91999816894531,19100,0.0,0.0
2022-12-12 00:00:00-05:00,44.09000015258789,45.099998474121094,43.650001525878906,44.849998474121094,29900,0.0,0.0
2022-12-13 00:00:00-05:00,46.16999816894531,47.59000015258789,45.31999969482422,45.900001525878906,52300,0.0,0.0
2022-12-14 00:00:00-05:00,45.619998931884766,46.2400016784668,44.90999984741211,45.400001525878906,24900,0.0,0.0
2022-12-15 00:00:00-05:00,44.369998931884766,46.52000045776367,44.369998931884766,46.41999816894531,77500,0.0,0.0
2022-12-16 00:00:00-05:00,45.939998626708984,46.900001525878906,45.41999816894531,46.2400016784668,46400,0.0,0.0
2022-12-19 00:00:00-05:00,46.130001068115234,46.65999984741211,44.779998779296875,44.790000915527344,42800,0.0,0.0
2022-12-20 00:00:00-05:00,44.720001220703125,44.880001068115234,44.02000045776367,44.47999954223633,25200,0.0,0.0
2022-12-21 00:00:00-05:00,44.88999938964844,45.869998931884766,44.41999816894531,45.290000915527344,17200,0.0,0.0
2022-12-22 00:00:00-05:00,44.91999816894531,45.130001068115234,44.13999938964844,44.939998626708984,37000,0.0,0.0
2022-12-23 00:00:00-05:00,44.790000915527344,44.900001525878906,43.130001068115234,43.290000915527344,16100,0.0,0.0
2022-12-28 00:00:00-05:00,42.13999938964844,42.900001525878906,41.279998779296875,42.290000915527344,40100,0.0,0.0
2022-12-29 00:00:00-05:00,42.20000076293945,45.13999938964844,42.20000076293945,44.90999984741211,24000,0.0,0.0
2022-12-30 00:00:00-05:00,44.310001373291016,45.7400016784668,44.0099983215332,44.7400016784668,47100,0.0,0.0
2023-01-03 00:00:00-05:00,45.83000183105469,47.4900016784668,45.470001220703125,46.2599983215332,30100,0.0,0.0
2023-01-04 00:00:00-05:00,46.9900016784668,46.9900016784668,45.040000915527344,45.47999954223633,22500,0.0,0.0
2023-01-05 00:00:00-05:00,44.81999969482422,45.060001373291016,43.25,43.40999984741211,25300,0.0,0.0
2023-01-06 00:00:00-05:00,43.040000915527344,43.599998474121094,42.14500045776367,43.560001373291016,54700,0.0,0.0
2023-01-09 00:00:00-05:00,43.63999938964844,45.5,43.63999938964844,44.459999084472656,28400,0.0,0.0
2023-01-10 00:00:00-05:00,44.25,45.40999984741211,44.0,45.2400016784668,12300,0.0,0.0
2023-01-11 00:00:00-05:00,45.52000045776367,46.0,45.25,45.9900016784668,14700,0.0,0.0
2023-01-12 00:00:00-05:00,45.560001373291016,47.88999938964844,45.150001525878906,47.20000076293945,67300,0.0,0.0
2023-01-13 00:00:00-05:00,46.650001525878906,47.65999984741211,46.5099983215332,47.13999938964844,60400,0.0,0.0
2023-01-16 00:00:00-05:00,46.81999969482422,47.97999954223633,46.81999969482422,47.599998474121094,9400,0.0,0.0
2023-01-17 00:00:00-05:00,46.83000183105469,47.810001373291016,46.22999954223633,47.400001525878906,35800,0.0,0.0
2023-01-18 00:00:00-05:00,47.959999084472656,48.84000015258789,46.68000030517578,46.689998626708984,20000,0.0,0.0
2023-01-19 00:00:00-05:00,46.5099983215332,46.7400016784668,45.4900016784668,45.56999969482422,35900,0.0,0.0
2023-01-20 00:00:00-05:00,46.0,47.56999969482422,45.560001373291016,47.56999969482422,27700,0.0,0.0
2023-01-23 00:00:00-05:00,47.470001220703125,48.40999984741211,46.900001525878906,48.09000015258789,21900,0.0,0.0
2023-01-24 00:00:00-05:00,48.470001220703125,48.91999816894531,47.5099983215332,48.0099983215332,31200,0.0,0.0
2023-01-25 00:00:00-05:00,47.810001373291016,48.5,46.18000030517578,47.900001525878906,33600,0.0,0.0
2023-01-26 00:00:00-05:00,48.2400016784668,49.79999923706055,48.2400016784668,49.45000076293945,90300,0.0,0.0
2023-01-27 00:00:00-05:00,49.209999084472656,49.63999938964844,48.27000045776367,49.040000915527344,55100,0.0,0.0
2023-01-30 00:00:00-05:00,48.880001068115234,50.47999954223633,48.349998474121094,49.97999954223633,44900,0.0,0.0
2023-01-31 00:00:00-05:00,50.25,51.5,50.25,50.880001068115234,54100,0.0,0.0
2023-02-01 00:00:00-05:00,50.880001068115234,52.20000076293945,50.2400016784668,51.900001525878906,61700,0.0,0.0
2023-02-02 00:00:00-05:00,52.61000061035156,54.02000045776367,52.38999938964844,52.4900016784668,53800,0.0,0.0
2023-02-03 00:00:00-05:00,51.0099983215332,54.41999816894531,51.0,53.900001525878906,157700,0.0,0.0
2023-02-06 00:00:00-05:00,53.29999923706055,54.630001068115234,53.0,53.310001373291016,45200,0.0,0.0
2023-02-07 00:00:00-05:00,53.15999984741211,53.25,51.650001525878906,53.0099983215332,55100,0.0,0.0
2023-02-08 00:00:00-05:00,53.2599983215332,53.2599983215332,52.5,52.619998931884766,52500,0.0,0.0
2023-02-09 00:00:00-05:00,53.11000061035156,53.529998779296875,51.369998931884766,51.54999923706055,47400,0.0,0.0
2023-02-10 00:00:00-05:00,51.0,51.040000915527344,49.77000045776367,49.97999954223633,53300,0.0,0.0
2023-02-13 00:00:00-05:00,49.779998779296875,51.16999816894531,49.779998779296875,50.130001068115234,33700,0.0,0.0
2023-02-14 00:00:00-05:00,49.18000030517578,50.5099983215332,49.0,49.880001068115234,38500,0.0,0.0
2023-02-15 00:00:00-05:00,49.58000183105469,53.93000030517578,49.58000183105469,53.220001220703125,74000,0.0,0.0
2023-02-16 00:00:00-05:00,52.29999923706055,52.540000915527344,51.29999923706055,51.45000076293945,44400,0.0,0.0
2023-02-17 00:00:00-05:00,51.45000076293945,51.58000183105469,50.56999969482422,50.86000061035156,37500,0.0,0.0
2023-02-21 00:00:00-05:00,50.689998626708984,50.689998626708984,49.0,49.20000076293945,23600,0.0,0.0
2023-02-22 00:00:00-05:00,49.4900016784668,50.38999938964844,48.9900016784668,49.790000915527344,24600,0.0,0.0
2023-02-23 00:00:00-05:00,50.45000076293945,50.45000076293945,48.400001525878906,49.0099983215332,37400,0.0,0.0
2023-02-24 00:00:00-05:00,48.20000076293945,48.20000076293945,46.650001525878906,46.97999954223633,12900,0.0,0.0
2023-02-27 00:00:00-05:00,47.04999923706055,47.83000183105469,46.79999923706055,47.13999938964844,15200,0.0,0.0
2023-02-28 00:00:00-05:00,46.90999984741211,48.15999984741211,46.900001525878906,47.970001220703125,58100,0.0,0.0
2023-03-01 00:00:00-05:00,47.2599983215332,48.0099983215332,47.029998779296875,47.61000061035156,29000,0.0,0.0
2023-03-02 00:00:00-05:00,46.869998931884766,48.65999984741211,46.869998931884766,48.560001373291016,36500,0.0,0.0
2023-03-03 00:00:00-05:00,48.70000076293945,49.470001220703125,48.70000076293945,49.130001068115234,31800,0.0,0.0
2023-03-06 00:00:00-05:00,48.970001220703125,50.2599983215332,48.959999084472656,49.540000915527344,30500,0.0,0.0
2023-03-07 00:00:00-05:00,49.540000915527344,50.15999984741211,48.58000183105469,48.91999816894531,31800,0.0,0.0
2023-03-08 00:00:00-05:00,48.720001220703125,49.869998931884766,48.470001220703125,49.38999938964844,27200,0.0,0.0
2023-03-09 00:00:00-05:00,50.4900016784668,54.400001525878906,48.75,50.779998779296875,66500,0.0,0.0
2023-03-10 00:00:00-05:00,51.08000183105469,51.15999984741211,48.529998779296875,49.119998931884766,53600,0.0,0.0
2023-03-13 00:00:00-04:00,48.9900016784668,51.22999954223633,48.29999923706055,51.08000183105469,64600,0.0,0.0
2023-03-14 00:00:00-04:00,52.029998779296875,53.90999984741211,51.619998931884766,53.720001220703125,74200,0.0,0.0
2023-03-15 00:00:00-04:00,53.0,53.869998931884766,52.02000045776367,52.66999816894531,49000,0.0,0.0
2023-03-16 00:00:00-04:00,52.47999954223633,53.59000015258789,51.689998626708984,52.849998474121094,31200,0.0,0.0
2023-03-17 00:00:00-04:00,52.849998474121094,53.59000015258789,52.41999816894531,52.709999084472656,100000,0.0,0.0
2023-03-20 00:00:00-04:00,53.310001373291016,53.310001373291016,50.880001068115234,51.43000030517578,40000,0.0,0.0
2023-03-21 00:00:00-04:00,51.81999969482422,52.349998474121094,51.310001373291016,52.349998474121094,11600,0.0,0.0
2023-03-22 00:00:00-04:00,52.310001373291016,52.709999084472656,51.33000183105469,51.779998779296875,16900,0.0,0.0
2023-03-23 00:00:00-04:00,52.0099983215332,54.38999938964844,52.0099983215332,53.220001220703125,54300,0.0,0.0
2023-03-24 00:00:00-04:00,53.22999954223633,53.4900016784668,51.459999084472656,52.439998626708984,19300,0.0,0.0
2023-03-27 00:00:00-04:00,53.0,53.54999923706055,52.529998779296875,52.970001220703125,25000,0.0,0.0
2023-03-28 00:00:00-04:00,53.58000183105469,53.58000183105469,51.849998474121094,52.119998931884766,21700,0.0,0.0
2023-03-29 00:00:00-04:00,52.52000045776367,53.56999969482422,52.47999954223633,52.83000183105469,24300,0.0,0.0
2023-03-30 00:00:00-04:00,53.63999938964844,53.63999938964844,52.220001220703125,52.4900016784668,33300,0.0,0.0
2023-03-31 00:00:00-04:00,53.45000076293945,55.08000183105469,52.54999923706055,55.02000045776367,55100,0.0,0.0
2023-04-03 00:00:00-04:00,55.720001220703125,55.720001220703125,52.06999969482422,52.560001373291016,50000,0.0,0.0
2023-04-04 00:00:00-04:00,53.52000045776367,53.56999969482422,52.52000045776367,53.5,19800,0.0,0.0
2023-04-05 00:00:00-04:00,53.209999084472656,53.209999084472656,50.779998779296875,51.099998474121094,37300,0.0,0.0
2023-04-06 00:00:00-04:00,50.75,51.13999938964844,49.70000076293945,50.970001220703125,25800,0.0,0.0
2023-04-10 00:00:00-04:00,50.810001373291016,51.79999923706055,50.38999938964844,51.7400016784668,14400,0.0,0.0
2023-04-11 00:00:00-04:00,51.33000183105469,52.369998931884766,51.33000183105469,52.209999084472656,60600,0.0,0.0
2023-04-12 00:00:00-04:00,52.52000045776367,53.09000015258789,51.59000015258789,51.790000915527344,41400,0.0,0.0
2023-04-13 00:00:00-04:00,51.93000030517578,52.70000076293945,51.75,52.2400016784668,20300,0.0,0.0
2023-04-14 00:00:00-04:00,51.86000061035156,52.41999816894531,51.75,52.34000015258789,20300,0.0,0.0
2023-04-17 00:00:00-04:00,52.279998779296875,52.709999084472656,51.439998626708984,51.439998626708984,30000,0.0,0.0
2023-04-18 00:00:00-04:00,51.5,51.54999923706055,49.6150016784668,50.349998474121094,67900,0.0,0.0
2023-04-19 00:00:00-04:00,50.439998626708984,50.88999938964844,50.22999954223633,50.84000015258789,23700,0.0,0.0
2023-04-20 00:00:00-04:00,50.650001525878906,50.86000061035156,50.40999984741211,50.70000076293945,16900,0.0,0.0
2023-04-21 00:00:00-04:00,51.0,51.0,50.470001220703125,50.59000015258789,25500,0.0,0.0
2023-04-24 00:00:00-04:00,50.61000061035156,50.939998626708984,49.720001220703125,49.7400016784668,30200,0.0,0.0
2023-04-25 00:00:00-04:00,49.869998931884766,49.869998931884766,48.83000183105469,48.83000183105469,22700,0.0,0.0
2023-04-26 00:00:00-04:00,48.88999938964844,49.619998931884766,48.77000045776367,49.619998931884766,44900,0.0,0.0
2023-04-27 00:00:00-04:00,50.20000076293945,50.97999954223633,49.880001068115234,50.869998931884766,34400,0.0,0.0
2023-04-28 00:00:00-04:00,51.290000915527344,52.75,51.17499923706055,52.599998474121094,60000,0.0,0.0
2023-05-01 00:00:00-04:00,52.400001525878906,52.79999923706055,51.279998779296875,51.72999954223633,21900,0.0,0.0
2023-05-02 00:00:00-04:00,52.0,52.54999923706055,51.02000045776367,52.38999938964844,54600,0.0,0.0
2023-05-03 00:00:00-04:00,52.56999969482422,52.59000015258789,50.900001525878906,51.029998779296875,19800,0.0,0.0
2023-05-04 00:00:00-04:00,50.5099983215332,51.119998931884766,48.22999954223633,48.290000915527344,53200,0.0,0.0
2023-05-05 00:00:00-04:00,48.400001525878906,48.90999984741211,48.099998474121094,48.58000183105469,43900,0.0,0.0
2023-05-08 00:00:00-04:00,48.77000045776367,50.54999923706055,48.189998626708984,50.54999923706055,33600,0.0,0.0
2023-05-09 00:00:00-04:00,50.650001525878906,50.68000030517578,49.790000915527344,50.380001068115234,52200,0.0,0.0
2023-05-10 00:00:00-04:00,49.790000915527344,51.06999969482422,49.209999084472656,49.5099983215332,22900,0.0,0.0
2023-05-11 00:00:00-04:00,47.939998626708984,47.95000076293945,40.75,41.119998931884766,184500,0.0,0.0
2023-05-12 00:00:00-04:00,41.119998931884766,42.08000183105469,39.810001373291016,40.599998474121094,143400,0.0,0.0
2023-05-15 00:00:00-04:00,40.83000183105469,43.470001220703125,40.2400016784668,43.470001220703125,59700,0.0,0.0
2023-05-16 00:00:00-04:00,43.279998779296875,44.43000030517578,42.970001220703125,43.54999923706055,68800,0.0,0.0
2023-05-17 00:00:00-04:00,43.59000015258789,43.59000015258789,42.86000061035156,43.27000045776367,37900,0.0,0.0
2023-05-18 00:00:00-04:00,43.47999954223633,44.150001525878906,43.0099983215332,43.369998931884766,42000,0.0,0.0
2023-05-19 00:00:00-04:00,43.369998931884766,45.2400016784668,43.369998931884766,45.22999954223633,70900,0.0,0.0
2023-05-23 00:00:00-04:00,44.5099983215332,45.439998626708984,43.25,43.25,37000,0.0,0.0
2023-05-24 00:00:00-04:00,43.0,43.869998931884766,42.59000015258789,43.61000061035156,40500,0.0,0.0
2023-05-25 00:00:00-04:00,44.310001373291016,44.560001373291016,43.29999923706055,43.34000015258789,23700,0.0,0.0
2023-05-26 00:00:00-04:00,43.220001220703125,44.5099983215332,43.220001220703125,44.0099983215332,29400,0.0,0.0
2023-05-29 00:00:00-04:00,44.04999923706055,44.7400016784668,44.04999923706055,44.709999084472656,10600,0.0,0.0
2023-05-30 00:00:00-04:00,44.959999084472656,45.15999984741211,44.380001068115234,44.689998626708984,42900,0.0,0.0
2023-05-31 00:00:00-04:00,44.290000915527344,46.540000915527344,44.0,46.47999954223633,168500,0.0,0.0
2023-06-01 00:00:00-04:00,46.380001068115234,47.29999923706055,45.709999084472656,47.0,57200,0.0,0.0
2023-06-02 00:00:00-04:00,47.47999954223633,47.52000045776367,46.20000076293945,46.540000915527344,32300,0.0,0.0
2023-06-05 00:00:00-04:00,46.5,47.34000015258789,46.130001068115234,46.72999954223633,34800,0.0,0.0
2023-06-06 00:00:00-04:00,47.02000045776367,47.84000015258789,46.04999923706055,47.65999984741211,78900,0.0,0.0
2023-06-07 00:00:00-04:00,47.65999984741211,48.849998474121094,47.40999984741211,47.7599983215332,59500,0.0,0.0
2023-06-08 00:00:00-04:00,47.65999984741211,48.599998474121094,46.89500045776367,48.2400016784668,78500,0.0,0.0
2023-06-09 00:00:00-04:00,48.400001525878906,48.68000030517578,47.0099983215332,47.36000061035156,38100,0.0,0.0
2023-06-12 00:00:00-04:00,47.54999923706055,49.709999084472656,47.54999923706055,49.540000915527344,51600,0.0,0.0
2023-06-13 00:00:00-04:00,49.630001068115234,50.04999923706055,48.95000076293945,49.380001068115234,35600,0.0,0.0
2023-06-14 00:00:00-04:00,49.9900016784668,50.5099983215332,49.38999938964844,50.150001525878906,47200,0.0,0.0
2023-06-15 00:00:00-04:00,50.09000015258789,50.7400016784668,49.40999984741211,50.599998474121094,49900,0.0,0.0
2023-06-16 00:00:00-04:00,50.959999084472656,50.959999084472656,49.88999938964844,49.900001525878906,40700,0.0,0.0
2023-06-19 00:00:00-04:00,50.0099983215332,51.5099983215332,50.0,51.5099983215332,24000,0.0,0.0
2023-06-20 00:00:00-04:00,50.959999084472656,51.540000915527344,50.029998779296875,50.31999969482422,29200,0.0,0.0
2023-06-21 00:00:00-04:00,50.0099983215332,50.22999954223633,47.529998779296875,49.02000045776367,58900,0.0,0.0
2023-06-22 00:00:00-04:00,48.83000183105469,49.0,47.720001220703125,47.91999816894531,45500,0.0,0.0
2023-06-23 00:00:00-04:00,47.54999923706055,48.7400016784668,47.06999969482422,48.7400016784668,50100,0.0,0.0
2023-06-26 00:00:00-04:00,48.709999084472656,49.470001220703125,48.11000061035156,48.2599983215332,28100,0.0,0.0
2023-06-27 00:00:00-04:00,48.33000183105469,50.380001068115234,48.029998779296875,50.150001525878906,66400,0.0,0.0
2023-06-28 00:00:00-04:00,50.47999954223633,51.7599983215332,50.279998779296875,51.599998474121094,58600,0.0,0.0
2023-06-29 00:00:00-04:00,51.45000076293945,52.349998474121094,50.77000045776367,50.90999984741211,32400,0.0,0.0
2023-06-30 00:00:00-04:00,51.0,52.599998474121094,50.939998626708984,52.439998626708984,55400,0.0,0.0
2023-07-04 00:00:00-04:00,51.29999923706055,53.65999984741211,51.29999923706055,52.689998626708984,35000,0.0,0.0
2023-07-05 00:00:00-04:00,52.5,52.5,50.75,51.790000915527344,43100,0.0,0.0
2023-07-06 00:00:00-04:00,51.349998474121094,51.349998474121094,49.810001373291016,49.849998474121094,49600,0.0,0.0
2023-07-07 00:00:00-04:00,50.20000076293945,50.54999923706055,49.43000030517578,49.630001068115234,38800,0.0,0.0
2023-07-10 00:00:00-04:00,49.97999954223633,50.88999938964844,49.59000015258789,50.459999084472656,47500,0.0,0.0
2023-07-11 00:00:00-04:00,50.810001373291016,51.029998779296875,49.650001525878906,50.380001068115234,37200,0.0,0.0
2023-07-12 00:00:00-04:00,50.810001373291016,50.810001373291016,49.11000061035156,49.11000061035156,32800,0.0,0.0
2023-07-13 00:00:00-04:00,50.0,51.77000045776367,49.72999954223633,50.65999984741211,45400,0.0,0.0
2023-07-14 00:00:00-04:00,51.2400016784668,52.0,50.400001525878906,50.90999984741211,43800,0.0,0.0
2023-07-17 00:00:00-04:00,50.619998931884766,52.04999923706055,50.619998931884766,51.72999954223633,18100,0.0,0.0
2023-07-18 00:00:00-04:00,51.38999938964844,51.93000030517578,50.689998626708984,51.36000061035156,29200,0.0,0.0
2023-07-19 00:00:00-04:00,51.959999084472656,52.0,50.060001373291016,50.18000030517578,56800,0.0,0.0
2023-07-20 00:00:00-04:00,50.040000915527344,50.154998779296875,49.06999969482422,50.09000015258789,51300,0.0,0.0
2023-07-21 00:00:00-04:00,50.93000030517578,51.439998626708984,50.290000915527344,51.15999984741211,48500,0.0,0.0
2023-07-24 00:00:00-04:00,51.13999938964844,52.0,51.03499984741211,51.720001220703125,61000,0.0,0.0
2023-07-25 00:00:00-04:00,51.70000076293945,52.0,49.97999954223633,50.099998474121094,40400,0.0,0.0
2023-07-26 00:00:00-04:00,49.79999923706055,50.540000915527344,49.40999984741211,50.13999938964844,38800,0.0,0.0
2023-07-27 00:00:00-04:00,50.27000045776367,50.875,49.40999984741211,49.7599983215332,32000,0.0,0.0
2023-07-28 00:00:00-04:00,50.130001068115234,50.7599983215332,49.58000183105469,50.22999954223633,34800,0.0,0.0
2023-07-31 00:00:00-04:00,50.59000015258789,51.16999816894531,50.40999984741211,50.7400016784668,75100,0.0,0.0
2023-08-01 00:00:00-04:00,50.9900016784668,52.0,50.369998931884766,51.959999084472656,134200,0.0,0.0
2023-08-02 00:00:00-04:00,50.959999084472656,51.34000015258789,48.7599983215332,50.29999923706055,68700,0.0,0.0
2023-08-03 00:00:00-04:00,49.68000030517578,50.5099983215332,49.20000076293945,49.65999984741211,30800,0.0,0.0
2023-08-04 00:00:00-04:00,50.06999969482422,50.52000045776367,48.970001220703125,49.97999954223633,28000,0.0,0.0
2023-08-08 00:00:00-04:00,49.400001525878906,49.400001525878906,46.9900016784668,47.5,67900,0.0,0.0
2023-08-09 00:00:00-04:00,47.369998931884766,47.939998626708984,46.95000076293945,47.4900016784668,100500,0.0,0.0
2023-08-10 00:00:00-04:00,46.0,49.439998626708984,46.0,49.279998779296875,74300,0.0,0.0
2023-08-11 00:00:00-04:00,49.06999969482422,49.099998474121094,48.31999969482422,48.59000015258789,57700,0.0,0.0
2023-08-14 00:00:00-04:00,48.40999984741211,50.63999938964844,48.20000076293945,50.43000030517578,44800,0.0,0.0
2023-08-15 00:00:00-04:00,50.689998626708984,51.0099983215332,50.0099983215332,50.84000015258789,33800,0.0,0.0
2023-08-16 00:00:00-04:00,50.779998779296875,52.150001525878906,50.779998779296875,51.599998474121094,36600,0.0,0.0
2023-08-17 00:00:00-04:00,51.59000015258789,55.150001525878906,50.47999954223633,54.91999816894531,85700,0.0,0.0
2023-08-18 00:00:00-04:00,54.56999969482422,55.349998474121094,53.900001525878906,55.150001525878906,102400,0.0,0.0
2023-08-21 00:00:00-04:00,55.560001373291016,58.75,55.15999984741211,58.33000183105469,86700,0.0,0.0
2023-08-22 00:00:00-04:00,58.029998779296875,60.0,58.029998779296875,60.0,173500,0.0,0.0
2023-08-23 00:00:00-04:00,59.86000061035156,62.95000076293945,59.86000061035156,62.119998931884766,147600,0.0,0.0
2023-08-24 00:00:00-04:00,62.900001525878906,62.900001525878906,60.33000183105469,61.33000183105469,59500,0.0,0.0
2023-08-25 00:00:00-04:00,61.29999923706055,62.0,60.7400016784668,61.279998779296875,73600,0.0,0.0
2023-08-28 00:00:00-04:00,61.77000045776367,62.0,58.650001525878906,58.65999984741211,44500,0.0,0.0
2023-08-29 00:00:00-04:00,58.5,58.5,57.060001373291016,57.5,68700,0.0,0.0
2023-08-30 00:00:00-04:00,57.5,59.349998474121094,57.0,57.5,112200,0.0,0.0
2023-08-31 00:00:00-04:00,57.54999923706055,59.849998474121094,57.54999923706055,59.029998779296875,188300,0.0,0.0
2023-09-01 00:00:00-04:00,59.18000030517578,59.90999984741211,58.5,58.689998626708984,41600,0.0,0.0
2023-09-05 00:00:00-04:00,58.34000015258789,59.0,57.810001373291016,58.97999954223633,56400,0.0,0.0
2023-09-06 00:00:00-04:00,58.91999816894531,59.0,55.93000030517578,55.97999954223633,50200,0.0,0.0
2023-09-07 00:00:00-04:00,55.5099983215332,56.4900016784668,55.15999984741211,56.45000076293945,38400,0.0,0.0
2023-09-08 00:00:00-04:00,56.400001525878906,56.400001525878906,54.29999923706055,55.099998474121094,51900,0.0,0.0
2023-09-11 00:00:00-04:00,55.4900016784668,56.040000915527344,54.7400016784668,55.66999816894531,38300,0.0,0.0
2023-09-12 00:00:00-04:00,55.459999084472656,55.9900016784668,54.72999954223633,54.900001525878906,41000,0.0,0.0
2023-09-13 00:00:00-04:00,54.790000915527344,54.81999969482422,53.58000183105469,53.91999816894531,66100,0.0,0.0
2023-09-14 00:00:00-04:00,53.689998626708984,56.119998931884766,53.31999969482422,55.790000915527344,87700,0.0,0.0
2023-09-15 00:00:00-04:00,55.65999984741211,56.08000183105469,54.59000015258789,55.900001525878906,72100,0.0,0.0
2023-09-18 00:00:00-04:00,55.9900016784668,57.5,55.75,56.619998931884766,42000,0.0,0.0
2023-09-19 00:00:00-04:00,55.63999938964844,55.83000183105469,54.279998779296875,55.2400016784668,51900,0.0,0.0
2023-09-20 00:00:00-04:00,55.630001068115234,56.099998474121094,54.77000045776367,54.77000045776367,45600,0.0,0.0
2023-09-21 00:00:00-04:00,54.40999984741211,54.619998931884766,52.70000076293945,52.880001068115234,43100,0.0,0.0
2023-09-22 00:00:00-04:00,53.2400016784668,53.7400016784668,52.599998474121094,52.599998474121094,43400,0.0,0.0
2023-09-25 00:00:00-04:00,52.33000183105469,53.029998779296875,52.0,52.65999984741211,28900,0.0,0.0
2023-09-26 00:00:00-04:00,52.33000183105469,52.33000183105469,50.369998931884766,51.22999954223633,23100,0.0,0.0
2023-09-27 00:00:00-04:00,52.349998474121094,52.349998474121094,50.310001373291016,51.02000045776367,45900,0.0,0.0
2023-09-28 00:00:00-04:00,51.060001373291016,53.77000045776367,51.0,52.91999816894531,43000,0.0,0.0
2023-09-29 00:00:00-04:00,53.91999816894531,55.2599983215332,53.66999816894531,55.08000183105469,69000,0.0,0.0
2023-10-02 00:00:00-04:00,55.11000061035156,55.22999954223633,53.34000015258789,53.9900016784668,33800,0.0,0.0
2023-10-03 00:00:00-04:00,53.66999816894531,54.0,51.52000045776367,51.779998779296875,43300,0.0,0.0
2023-10-04 00:00:00-04:00,52.18000030517578,53.70000076293945,52.0,53.619998931884766,31000,0.0,0.0
2023-10-05 00:00:00-04:00,53.61000061035156,54.0,52.869998931884766,53.27000045776367,32500,0.0,0.0
2023-10-06 00:00:00-04:00,52.90999984741211,55.22999954223633,52.72999954223633,54.9900016784668,37100,0.0,0.0
2023-10-10 00:00:00-04:00,54.0099983215332,55.599998474121094,54.0099983215332,54.86000061035156,45100,0.0,0.0
2023-10-11 00:00:00-04:00,54.900001525878906,55.459999084472656,54.86000061035156,55.029998779296875,28200,0.0,0.0
2023-10-12 00:00:00-04:00,55.0,56.70000076293945,54.33000183105469,55.310001373291016,46800,0.0,0.0
2023-10-13 00:00:00-04:00,55.90999984741211,55.90999984741211,54.7400016784668,55.459999084472656,23200,0.0,0.0
2023-10-16 00:00:00-04:00,55.47999954223633,55.77000045776367,54.79999923706055,55.0,31900,0.0,0.0
2023-10-17 00:00:00-04:00,54.4900016784668,55.5,53.7599983215332,55.13999938964844,19100,0.0,0.0
2023-10-18 00:00:00-04:00,54.7599983215332,55.189998626708984,54.47999954223633,54.70000076293945,27100,0.0,0.0
2023-10-19 00:00:00-04:00,54.77000045776367,55.439998626708984,54.54999923706055,55.0,25500,0.0,0.0
2023-10-20 00:00:00-04:00,54.650001525878906,55.08000183105469,53.779998779296875,54.27000045776367,30000,0.0,0.0
2023-10-23 00:00:00-04:00,53.52000045776367,54.85499954223633,53.09000015258789,54.4900016784668,27100,0.0,0.0
2023-10-24 00:00:00-04:00,54.66999816894531,57.15999984741211,54.650001525878906,56.7599983215332,56600,0.0,0.0
2023-10-25 00:00:00-04:00,56.70000076293945,56.70000076293945,52.5,52.95000076293945,56500,0.0,0.0
2023-10-26 00:00:00-04:00,53.2599983215332,54.119998931884766,51.650001525878906,51.880001068115234,36700,0.0,0.0
2023-10-27 00:00:00-04:00,52.34000015258789,52.63999938964844,51.29999923706055,51.7400016784668,23900,0.0,0.0
2023-10-30 00:00:00-04:00,52.220001220703125,53.5099983215332,52.220001220703125,52.88999938964844,34000,0.0,0.0
2023-10-31 00:00:00-04:00,52.849998474121094,54.81999969482422,52.810001373291016,54.72999954223633,60700,0.0,0.0
2023-11-01 00:00:00-04:00,54.099998474121094,55.11000061035156,52.970001220703125,53.939998626708984,36000,0.0,0.0
2023-11-02 00:00:00-04:00,54.13999938964844,56.22999954223633,54.13999938964844,55.34000015258789,22400,0.0,0.0
2023-11-03 00:00:00-04:00,55.20000076293945,59.529998779296875,55.0,59.5,57000,0.0,0.0
2023-11-06 00:00:00-05:00,59.5,60.04999923706055,58.380001068115234,59.59000015258789,21200,0.0,0.0
2023-11-07 00:00:00-05:00,59.22999954223633,61.2599983215332,59.22999954223633,60.5,41300,0.0,0.0
2023-11-08 00:00:00-05:00,61.209999084472656,61.209999084472656,58.70000076293945,59.459999084472656,72100,0.0,0.0
2023-11-09 00:00:00-05:00,60.720001220703125,63.349998474121094,60.13999938964844,62.0,101600,0.0,0.0
2023-11-10 00:00:00-05:00,62.43000030517578,63.18000030517578,62.09000015258789,62.900001525878906,98700,0.0,0.0
2023-11-13 00:00:00-05:00,62.70000076293945,65.45999908447266,62.189998626708984,65.08000183105469,91300,0.0,0.0
2023-11-14 00:00:00-05:00,65.5,71.70999908447266,65.5,70.16999816894531,91300,0.0,0.0
2023-11-15 00:00:00-05:00,70.56999969482422,71.0,69.12999725341797,69.97000122070312,59200,0.0,0.0
2023-11-16 00:00:00-05:00,69.80000305175781,70.76499938964844,69.01000213623047,69.58000183105469,66500,0.0,0.0
2023-11-17 00:00:00-05:00,69.58000183105469,70.11000061035156,69.0999984741211,69.41999816894531,51300,0.0,0.0
2023-11-20 00:00:00-05:00,69.37000274658203,70.0,69.37000274658203,69.8499984741211,128900,0.0,0.0
2023-11-21 00:00:00-05:00,69.83000183105469,69.86000061035156,68.5,69.20999908447266,47700,0.0,0.0
2023-11-22 00:00:00-05:00,71.5,72.48999786376953,67.55000305175781,67.7699966430664,136500,0.0,0.0
2023-11-23 00:00:00-05:00,67.5,67.5,66.1500015258789,66.68000030517578,35800,0.0,0.0
2023-11-24 00:00:00-05:00,66.33999633789062,66.58000183105469,64.95999908447266,65.29000091552734,69800,0.0,0.0
2023-11-27 00:00:00-05:00,64.88999938964844,65.97000122070312,62.9900016784668,63.189998626708984,144100,0.0,0.0
2023-11-28 00:00:00-05:00,62.900001525878906,63.040000915527344,60.61000061035156,62.84000015258789,185300,0.0,0.0
2023-11-29 00:00:00-05:00,63.130001068115234,64.23999786376953,60.0,61.2400016784668,111400,0.0,0.0
2023-11-30 00:00:00-05:00,61.369998931884766,61.66999816894531,60.31999969482422,60.439998626708984,191100,0.0,0.0
2023-12-01 00:00:00-05:00,60.119998931884766,61.369998931884766,60.04999923706055,61.0,51300,0.0,0.0
2023-12-04 00:00:00-05:00,61.15999984741211,61.55500030517578,60.16999816894531,60.599998474121094,66700,0.0,0.0
2023-12-05 00:00:00-05:00,60.25,61.06999969482422,60.16999816894531,60.529998779296875,94100,0.0,0.0
2023-12-06 00:00:00-05:00,60.90999984741211,61.099998474121094,59.93000030517578,59.970001220703125,60800,0.0,0.0
2023-12-07 00:00:00-05:00,60.25,61.59000015258789,59.779998779296875,61.529998779296875,133600,0.0,0.0
2023-12-08 00:00:00-05:00,61.540000915527344,63.38999938964844,61.529998779296875,62.849998474121094,73800,0.0,0.0
2023-12-11 00:00:00-05:00,62.75,63.380001068115234,62.220001220703125,63.02000045776367,74100,0.0,0.0
2023-12-12 00:00:00-05:00,63.13999938964844,63.61000061035156,62.66999816894531,63.09000015258789,45000,0.0,0.0
2023-12-13 00:00:00-05:00,63.029998779296875,64.7300033569336,63.029998779296875,64.2300033569336,65900,0.0,0.0
2023-12-14 00:00:00-05:00,64.98999786376953,64.98999786376953,63.20000076293945,64.27999877929688,87300,0.0,0.0
2023-12-15 00:00:00-05:00,64.41000366210938,65.58000183105469,63.91999816894531,65.4800033569336,73600,0.0,0.0
2023-12-18 00:00:00-05:00,65.7300033569336,66.66999816894531,65.18000030517578,66.56999969482422,59900,0.0,0.0
2023-12-19 00:00:00-05:00,66.80999755859375,69.36000061035156,66.80000305175781,69.27999877929688,69400,0.0,0.0
2023-12-20 00:00:00-05:00,68.69000244140625,70.41999816894531,68.08999633789062,68.20999908447266,123500,0.0,0.0
2023-12-21 00:00:00-05:00,68.91000366210938,69.41999816894531,68.44999694824219,69.20999908447266,23100,0.0,0.0
2023-12-22 00:00:00-05:00,69.0,69.0,67.2300033569336,67.97000122070312,70400,0.0,0.0
2023-12-27 00:00:00-05:00,67.68000030517578,68.20999908447266,67.01000213623047,67.11000061035156,24800,0.0,0.0
2023-12-28 00:00:00-05:00,67.76000213623047,67.76000213623047,65.33000183105469,65.37000274658203,303400,0.0,0.0
2023-12-29 00:00:00-05:00,65.26000213623047,65.97000122070312,63.959999084472656,63.9900016784668,60700,0.0,0.0
2024-01-02 00:00:00-05:00,63.970001220703125,63.970001220703125,59.459999084472656,60.06999969482422,80800,0.0,0.0
2024-01-03 00:00:00-05:00,59.16999816894531,60.400001525878906,59.060001373291016,59.150001525878906,193200,0.0,0.0
2024-01-04 00:00:00-05:00,58.790000915527344,60.349998474121094,58.2599983215332,59.970001220703125,217800,0.0,0.0
2024-01-05 00:00:00-05:00,59.65999984741211,59.900001525878906,57.47999954223633,58.5,109000,0.0,0.0
2024-01-08 00:00:00-05:00,58.779998779296875,61.06999969482422,58.779998779296875,60.83000183105469,57800,0.0,0.0
2024-01-09 00:00:00-05:00,60.36000061035156,62.22999954223633,59.959999084472656,61.619998931884766,63500,0.0,0.0
2024-01-10 00:00:00-05:00,61.59000015258789,63.7400016784668,61.59000015258789,63.130001068115234,54700,0.0,0.0
2024-01-11 00:00:00-05:00,62.970001220703125,63.459999084472656,61.88999938964844,62.869998931884766,37700,0.0,0.0
2024-01-12 00:00:00-05:00,62.900001525878906,63.45000076293945,61.75,62.130001068115234,32500,0.0,0.0
2024-01-15 00:00:00-05:00,62.47999954223633,62.47999954223633,61.619998931884766,62.18000030517578,21900,0.0,0.0
2024-01-16 00:00:00-05:00,62.290000915527344,62.290000915527344,60.029998779296875,60.08000183105469,49700,0.0,0.0
2024-01-17 00:00:00-05:00,59.84000015258789,61.720001220703125,59.0,61.5,43700,0.0,0.0
2024-01-18 00:00:00-05:00,62.439998626708984,63.81999969482422,62.0,62.09000015258789,63800,0.0,0.0
2024-01-19 00:00:00-05:00,62.630001068115234,62.630001068115234,60.709999084472656,62.0099983215332,36200,0.0,0.0
2024-01-22 00:00:00-05:00,61.81999969482422,63.20000076293945,60.61000061035156,60.880001068115234,37300,0.0,0.0
2024-01-23 00:00:00-05:00,61.599998474121094,61.599998474121094,59.630001068115234,60.369998931884766,30700,0.0,0.0
2024-01-24 00:00:00-05:00,60.9900016784668,61.400001525878906,59.709999084472656,59.709999084472656,27800,0.0,0.0
2024-01-25 00:00:00-05:00,60.16999816894531,61.400001525878906,59.209999084472656,60.939998626708984,50100,0.0,0.0
2024-01-26 00:00:00-05:00,60.220001220703125,61.119998931884766,59.849998474121094,60.119998931884766,31300,0.0,0.0
2024-01-29 00:00:00-05:00,59.709999084472656,61.939998626708984,59.709999084472656,61.88999938964844,40700,0.0,0.0
2024-01-30 00:00:00-05:00,61.68000030517578,62.0099983215332,60.86000061035156,61.06999969482422,30100,0.0,0.0
2024-01-31 00:00:00-05:00,60.540000915527344,60.54999923706055,58.900001525878906,59.040000915527344,64400,0.0,0.0
2024-02-01 00:00:00-05:00,60.0,60.0,57.75,59.38999938964844,81200,0.0,0.0
2024-02-02 00:00:00-05:00,58.7599983215332,59.35499954223633,58.22999954223633,58.630001068115234,71500,0.0,0.0
2024-02-05 00:00:00-05:00,58.560001373291016,58.869998931884766,56.02000045776367,56.47999954223633,79900,0.0,0.0
2024-02-06 00:00:00-05:00,56.529998779296875,57.97999954223633,56.5,57.810001373291016,92100,0.0,0.0
2024-02-07 00:00:00-05:00,58.040000915527344,60.29999923706055,57.400001525878906,60.13999938964844,63300,0.0,0.0
2024-02-08 00:00:00-05:00,59.93000030517578,61.040000915527344,59.83000183105469,61.029998779296875,59000,0.0,0.0
2024-02-09 00:00:00-05:00,60.93000030517578,62.77000045776367,60.93000030517578,62.04999923706055,30500,0.0,0.0
2024-02-12 00:00:00-05:00,62.459999084472656,62.56999969482422,61.099998474121094,61.11000061035156,39200,0.0,0.0
2024-02-13 00:00:00-05:00,59.65999984741211,61.540000915527344,59.65999984741211,60.16999816894531,75900,0.0,0.0
2024-02-14 00:00:00-05:00,60.13999938964844,62.40999984741211,60.0099983215332,62.040000915527344,14200,0.0,0.0
2024-02-15 00:00:00-05:00,62.060001373291016,62.209999084472656,61.34000015258789,61.869998931884766,24500,0.0,0.0
2024-02-16 00:00:00-05:00,61.56999969482422,62.43000030517578,61.290000915527344,61.369998931884766,25700,0.0,0.0
2024-02-20 00:00:00-05:00,62.4900016784668,63.9900016784668,61.709999084472656,62.209999084472656,36100,0.0,0.0
2024-02-21 00:00:00-05:00,62.040000915527344,62.9900016784668,61.72999954223633,62.040000915527344,48600,0.0,0.0
2024-02-22 00:00:00-05:00,62.459999084472656,63.70000076293945,61.400001525878906,61.619998931884766,37800,0.0,0.0
2024-02-23 00:00:00-05:00,68.68000030517578,73.7300033569336,68.48999786376953,72.12999725341797,299100,0.0,0.0
2024-02-26 00:00:00-05:00,72.23999786376953,72.73999786376953,70.4000015258789,71.68000030517578,56300,0.0,0.0
2024-02-27 00:00:00-05:00,71.75,74.25,71.75,73.44999694824219,56900,0.0,0.0
2024-02-28 00:00:00-05:00,73.08000183105469,73.98999786376953,71.87999725341797,73.1500015258789,48400,0.0,0.0
2024-02-29 00:00:00-05:00,73.0,74.30000305175781,72.5,74.08000183105469,183900,0.0,0.0
2024-03-01 00:00:00-05:00,74.30000305175781,76.2699966430664,72.69999694824219,72.93000030517578,114600,0.0,0.0
2024-03-04 00:00:00-05:00,73.0,74.33999633789062,72.18000030517578,73.76000213623047,44300,0.0,0.0
2024-03-05 00:00:00-05:00,73.29000091552734,73.37999725341797,70.62999725341797,70.91000366210938,50100,0.0,0.0
2024-03-06 00:00:00-05:00,72.12999725341797,72.12999725341797,70.37000274658203,70.98999786376953,47800,0.0,0.0
2024-03-07 00:00:00-05:00,70.68000030517578,72.69999694824219,70.5,71.19000244140625,35300,0.0,0.0
2024-03-08 00:00:00-05:00,71.61000061035156,71.61000061035156,69.04000091552734,70.36000061035156,46500,0.0,0.0
2024-03-11 00:00:00-04:00,70.2699966430664,70.8499984741211,69.44000244140625,70.76000213623047,35800,0.0,0.0
2024-03-12 00:00:00-04:00,70.72000122070312,71.23999786376953,70.23999786376953,70.98999786376953,24400,0.0,0.0
2024-03-13 00:00:00-04:00,70.38999938964844,70.86000061035156,69.37000274658203,69.5,23900,0.0,0.0
2024-03-14 00:00:00-04:00,70.12999725341797,71.58999633789062,69.26000213623047,71.04000091552734,35800,0.0,0.0
2024-03-15 00:00:00-04:00,71.05000305175781,71.7300033569336,70.36000061035156,70.44999694824219,25100,0.0,0.0
2024-03-18 00:00:00-04:00,70.69999694824219,70.70999908447266,69.1500015258789,69.25,17300,0.0,0.0
2024-03-19 00:00:00-04:00,68.6500015258789,69.06999969482422,67.62000274658203,68.43000030517578,22000,0.0,0.0
2024-03-20 00:00:00-04:00,68.37999725341797,70.06999969482422,67.81999969482422,69.5999984741211,24900,0.0,0.0
2024-03-21 00:00:00-04:00,69.69999694824219,70.33000183105469,69.22000122070312,69.66999816894531,30700,0.0,0.0
2024-03-22 00:00:00-04:00,69.6500015258789,69.6500015258789,68.0999984741211,68.55000305175781,23300,0.0,0.0
2024-03-25 00:00:00-04:00,68.51000213623047,68.66999816894531,67.88999938964844,68.48999786376953,13300,0.0,0.0
2024-03-26 00:00:00-04:00,68.22000122070312,69.16999816894531,67.69999694824219,67.83000183105469,26000,0.0,0.0
2024-03-27 00:00:00-04:00,68.0999984741211,68.48999786376953,67.30000305175781,67.86000061035156,21700,0.0,0.0
2024-03-28 00:00:00-04:00,67.31999969482422,68.2699966430664,66.22000122070312,66.22000122070312,33800,0.0,0.0
2024-04-01 00:00:00-04:00,65.98999786376953,66.88999938964844,65.80000305175781,66.41000366210938,22400,0.0,0.0
2024-04-02 00:00:00-04:00,65.27999877929688,65.27999877929688,62.849998474121094,64.05999755859375,89200,0.0,0.0
2024-04-03 00:00:00-04:00,64.05999755859375,65.26000213623047,63.900001525878906,64.33000183105469,28900,0.0,0.0
2024-04-04 00:00:00-04:00,65.0,65.58999633789062,64.3499984741211,64.63999938964844,31500,0.0,0.0
2024-04-05 00:00:00-04:00,64.77999877929688,65.7699966430664,64.77999877929688,65.0,15300,0.0,0.0
2024-04-08 00:00:00-04:00,65.12000274658203,65.86000061035156,64.9000015258789,64.9800033569336,11400,0.0,0.0
2024-04-09 00:00:00-04:00,65.01000213623047,65.16000366210938,64.27999877929688,64.69000244140625,10100,0.0,0.0
2024-04-10 00:00:00-04:00,63.5,64.37000274658203,63.40999984741211,63.58000183105469,21200,0.0,0.0
2024-04-11 00:00:00-04:00,63.630001068115234,63.90999984741211,62.529998779296875,63.779998779296875,22000,0.0,0.0
2024-04-12 00:00:00-04:00,63.279998779296875,63.279998779296875,61.61000061035156,62.029998779296875,30000,0.0,0.0
2024-04-15 00:00:00-04:00,61.810001373291016,61.9900016784668,59.61000061035156,59.72999954223633,14000,0.0,0.0
2024-04-16 00:00:00-04:00,59.849998474121094,61.209999084472656,59.720001220703125,60.970001220703125,20200,0.0,0.0
2024-04-17 00:00:00-04:00,61.36000061035156,61.93000030517578,60.66999816894531,60.849998474121094,19300,0.0,0.0
2024-04-18 00:00:00-04:00,60.97999954223633,61.72999954223633,60.400001525878906,61.209999084472656,17200,0.0,0.0
2024-04-19 00:00:00-04:00,61.13999938964844,61.35499954223633,60.56999969482422,61.16999816894531,10600,0.0,0.0
2024-04-22 00:00:00-04:00,61.16999816894531,61.279998779296875,59.970001220703125,60.619998931884766,36900,0.0,0.0
2024-04-23 00:00:00-04:00,60.040000915527344,61.869998931884766,60.040000915527344,61.4900016784668,28400,0.0,0.0
2024-04-24 00:00:00-04:00,61.97999954223633,62.0,60.59000015258789,61.06999969482422,15400,0.0,0.0
2024-04-25 00:00:00-04:00,60.54999923706055,60.54999923706055,59.79999923706055,60.2400016784668,19700,0.0,0.0
2024-04-26 00:00:00-04:00,60.36000061035156,61.33000183105469,60.2400016784668,61.06999969482422,20200,0.0,0.0
2024-04-29 00:00:00-04:00,63.27000045776367,66.30000305175781,63.27000045776367,63.5,58600,0.0,0.0
2024-04-30 00:00:00-04:00,63.34000015258789,63.349998474121094,61.540000915527344,61.540000915527344,32600,0.0,0.0
2024-05-01 00:00:00-04:00,61.59000015258789,62.75,61.04999923706055,62.16999816894531,50800,0.0,0.0
2024-05-02 00:00:00-04:00,62.599998474121094,62.599998474121094,61.119998931884766,61.599998474121094,16600,0.0,0.0
2024-05-03 00:00:00-04:00,63.0099983215332,63.0099983215332,61.83000183105469,62.5,19100,0.0,0.0
2024-05-06 00:00:00-04:00,62.75,64.18000030517578,62.5,63.7400016784668,24100,0.0,0.0
2024-05-07 00:00:00-04:00,63.93000030517578,65.16000366210938,63.22999954223633,64.29000091552734,29700,0.0,0.0
2024-05-08 00:00:00-04:00,63.84000015258789,64.23999786376953,62.119998931884766,63.150001525878906,51200,0.0,0.0
2024-05-09 00:00:00-04:00,63.13999938964844,64.18000030517578,62.72999954223633,63.470001220703125,37400,0.0,0.0
2024-05-10 00:00:00-04:00,62.470001220703125,62.470001220703125,48.540000915527344,48.68000030517578,267000,0.0,0.0
2024-05-13 00:00:00-04:00,49.25,51.599998474121094,48.529998779296875,49.529998779296875,159500,0.0,0.0
2024-05-14 00:00:00-04:00,49.58000183105469,51.29999923706055,49.43000030517578,51.06999969482422,78600,0.0,0.0
2024-05-15 00:00:00-04:00,51.79999923706055,51.79999923706055,49.66999816894531,50.11000061035156,59900,0.0,0.0
2024-05-16 00:00:00-04:00,50.22999954223633,50.97999954223633,49.36000061035156,50.470001220703125,90600,0.0,0.0
2024-05-17 00:00:00-04:00,50.2400016784668,50.93000030517578,50.13999938964844,50.86000061035156,20900,0.0,0.0
2024-05-21 00:00:00-04:00,51.529998779296875,51.529998779296875,49.2599983215332,50.08000183105469,58100,0.0,0.0
2024-05-22 00:00:00-04:00,49.27000045776367,50.84000015258789,49.27000045776367,50.060001373291016,53800,0.0,0.0
2024-05-23 00:00:00-04:00,50.15999984741211,50.279998779296875,49.099998474121094,49.209999084472656,54200,0.0,0.0
2024-05-24 00:00:00-04:00,49.54999923706055,49.54999923706055,48.5,48.86000061035156,72800,0.0,0.0
2024-05-27 00:00:00-04:00,49.47999954223633,49.47999954223633,48.5,48.52000045776367,12800,0.0,0.0
2024-05-28 00:00:00-04:00,49.040000915527344,50.63999938964844,47.779998779296875,49.959999084472656,81800,0.0,0.0
2024-05-29 00:00:00-04:00,49.470001220703125,50.540000915527344,49.470001220703125,49.720001220703125,38900,0.0,0.0
2024-05-30 00:00:00-04:00,49.380001068115234,49.400001525878906,47.380001068115234,47.380001068115234,49000,0.0,0.0
2024-05-31 00:00:00-04:00,47.099998474121094,47.459999084472656,46.09000015258789,46.880001068115234,138300,0.0,0.0
2024-06-03 00:00:00-04:00,47.060001373291016,48.63999938964844,47.04999923706055,48.61000061035156,93400,0.0,0.0
2024-06-04 00:00:00-04:00,48.54999923706055,49.36000061035156,48.369998931884766,49.16999816894531,37100,0.0,0.0
2024-06-05 00:00:00-04:00,49.52000045776367,51.209999084472656,49.20000076293945,51.11000061035156,41700,0.0,0.0
2024-06-06 00:00:00-04:00,51.099998474121094,51.529998779296875,50.685001373291016,50.97999954223633,38000,0.0,0.0
2024-06-07 00:00:00-04:00,51.150001525878906,52.58000183105469,51.150001525878906,52.27000045776367,83900,0.0,0.0
2024-06-10 00:00:00-04:00,52.099998474121094,52.5,51.84000015258789,52.36000061035156,32400,0.0,0.0
2024-06-11 00:00:00-04:00,52.400001525878906,52.880001068115234,51.880001068115234,52.33000183105469,32500,0.0,0.0
2024-06-12 00:00:00-04:00,52.959999084472656,53.10499954223633,51.91999816894531,52.47999954223633,62300,0.0,0.0
2024-06-13 00:00:00-04:00,52.58000183105469,53.08000183105469,51.56999969482422,51.9900016784668,47100,0.0,0.0
2024-06-14 00:00:00-04:00,52.130001068115234,52.380001068115234,51.34000015258789,51.79999923706055,48300,0.0,0.0
2024-06-17 00:00:00-04:00,51.529998779296875,52.0,50.880001068115234,51.95000076293945,85500,0.0,0.0
2024-06-18 00:00:00-04:00,51.88999938964844,52.36000061035156,51.13999938964844,51.13999938964844,25500,0.0,0.0
2024-06-19 00:00:00-04:00,51.04999923706055,52.29999923706055,50.0,50.29999923706055,29000,0.0,0.0
2024-06-20 00:00:00-04:00,51.099998474121094,51.29999923706055,49.16999816894531,50.33000183105469,34000,0.0,0.0
2024-06-21 00:00:00-04:00,50.22999954223633,50.88999938964844,49.9900016784668,50.540000915527344,67100,0.0,0.0
2024-06-24 00:00:00-04:00,50.310001373291016,50.68000030517578,49.91999816894531,50.22999954223633,22400,0.0,0.0
2024-06-25 00:00:00-04:00,51.209999084472656,52.04999923706055,50.459999084472656,51.959999084472656,31400,0.0,0.0
2024-06-26 00:00:00-04:00,52.060001373291016,52.72999954223633,52.060001373291016,52.09000015258789,14200,0.0,0.0
2024-06-27 00:00:00-04:00,52.060001373291016,53.0,52.060001373291016,52.70000076293945,27100,0.0,0.0
2024-06-28 00:00:00-04:00,52.95000076293945,53.15999984741211,52.5,52.83000183105469,37100,0.0,0.0
2024-07-02 00:00:00-04:00,51.7400016784668,52.970001220703125,51.7400016784668,52.77000045776367,22100,0.0,0.0
2024-07-03 00:00:00-04:00,52.779998779296875,52.86000061035156,52.29999923706055,52.58000183105469,20400,0.0,0.0
2024-07-04 00:00:00-04:00,52.59000015258789,53.380001068115234,52.459999084472656,53.18000030517578,28300,0.0,0.0
2024-07-05 00:00:00-04:00,52.63999938964844,53.0099983215332,51.775001525878906,51.91999816894531,25100,0.0,0.0
2024-07-08 00:00:00-04:00,51.81999969482422,52.65999984741211,51.2400016784668,52.459999084472656,45300,0.0,0.0
2024-07-09 00:00:00-04:00,52.34000015258789,52.34000015258789,51.5,51.9900016784668,19200,0.0,0.0
2024-07-10 00:00:00-04:00,52.0,52.27000045776367,51.150001525878906,51.619998931884766,36000,0.0,0.0
2024-07-11 00:00:00-04:00,52.13999938964844,52.279998779296875,51.70000076293945,51.810001373291016,21400,0.0,0.0
2024-07-12 00:00:00-04:00,52.08000183105469,52.400001525878906,51.810001373291016,52.22999954223633,45100,0.0,0.0
2024-07-15 00:00:00-04:00,52.400001525878906,52.880001068115234,51.93000030517578,52.06999969482422,20500,0.0,0.0
2024-07-16 00:00:00-04:00,52.43000030517578,53.310001373291016,52.43000030517578,52.9900016784668,40600,0.0,0.0
2024-07-17 00:00:00-04:00,52.2400016784668,52.7599983215332,51.255001068115234,51.4900016784668,21200,0.0,0.0
2024-07-18 00:00:00-04:00,51.630001068115234,51.630001068115234,50.68000030517578,50.83000183105469,51000,0.0,0.0
2024-07-19 00:00:00-04:00,51.220001220703125,51.5,51.02000045776367,51.459999084472656,11200,0.0,0.0
2024-07-22 00:00:00-04:00,51.81999969482422,52.27000045776367,51.54999923706055,52.15999984741211,22700,0.0,0.0
2024-07-23 00:00:00-04:00,51.970001220703125,53.11000061035156,51.970001220703125,52.90999984741211,18600,0.0,0.0
2024-07-24 00:00:00-04:00,52.439998626708984,52.9900016784668,51.97999954223633,52.220001220703125,19300,0.0,0.0
2024-07-25 00:00:00-04:00,52.119998931884766,53.41999816894531,51.93000030517578,52.33000183105469,21800,0.0,0.0
2024-07-26 00:00:00-04:00,52.90999984741211,53.5,52.5,53.06999969482422,20400,0.0,0.0
2024-07-29 00:00:00-04:00,53.220001220703125,53.29999923706055,52.5,53.150001525878906,19400,0.0,0.0
2024-07-30 00:00:00-04:00,53.29999923706055,53.5,52.47999954223633,52.900001525878906,31200,0.0,0.0
2024-07-31 00:00:00-04:00,53.5,55.16999816894531,53.20000076293945,55.119998931884766,68900,0.0,0.0
2024-08-01 00:00:00-04:00,55.029998779296875,55.29999923706055,52.43000030517578,52.43000030517578,44400,0.0,0.0
2024-08-02 00:00:00-04:00,50.470001220703125,51.220001220703125,49.810001373291016,50.81999969482422,93000,0.0,0.0
2024-08-06 00:00:00-04:00,48.54999923706055,51.04999923706055,48.54999923706055,50.40999984741211,42200,0.0,0.0
2024-08-07 00:00:00-04:00,50.540000915527344,51.27000045776367,49.560001373291016,50.02000045776367,31600,0.0,0.0
2024-08-08 00:00:00-04:00,53.119998931884766,57.689998626708984,51.59000015258789,57.16999816894531,172500,0.0,0.0
2024-08-09 00:00:00-04:00,57.18000030517578,57.90999984741211,54.16999816894531,57.25,62900,0.0,0.0
2024-08-12 00:00:00-04:00,57.349998474121094,58.34000015258789,57.130001068115234,57.91999816894531,51400,0.0,0.0
2024-08-13 00:00:00-04:00,58.36000061035156,58.44499969482422,57.20000076293945,57.31999969482422,36600,0.0,0.0
2024-08-14 00:00:00-04:00,57.540000915527344,57.900001525878906,56.20000076293945,56.619998931884766,39000,0.0,0.0
2024-08-15 00:00:00-04:00,57.38999938964844,58.18000030517578,57.31999969482422,57.66999816894531,26500,0.0,0.0
2024-08-16 00:00:00-04:00,57.66999816894531,58.09000015258789,57.310001373291016,57.599998474121094,18600,0.0,0.0
2024-08-19 00:00:00-04:00,57.5,57.9900016784668,57.28499984741211,57.77000045776367,25100,0.0,0.0
2024-08-20 00:00:00-04:00,57.970001220703125,58.27000045776367,57.724998474121094,57.869998931884766,20500,0.0,0.0
2024-08-21 00:00:00-04:00,57.880001068115234,59.59000015258789,57.720001220703125,59.470001220703125,29300,0.0,0.0
2024-08-22 00:00:00-04:00,59.470001220703125,59.81999969482422,58.7599983215332,59.119998931884766,46200,0.0,0.0
2024-08-23 00:00:00-04:00,58.540000915527344,60.41999816894531,58.540000915527344,59.650001525878906,34300,0.0,0.0
2024-08-26 00:00:00-04:00,59.68000030517578,60.90999984741211,59.64500045776367,60.310001373291016,34800,0.0,0.0
2024-08-27 00:00:00-04:00,60.279998779296875,61.470001220703125,59.869998931884766,61.310001373291016,28400,0.0,0.0
2024-08-28 00:00:00-04:00,61.02000045776367,61.34000015258789,57.90999984741211,57.90999984741211,46600,0.0,0.0
2024-08-29 00:00:00-04:00,57.45000076293945,58.86000061035156,57.45000076293945,58.09000015258789,45400,0.0,0.0
2024-08-30 00:00:00-04:00,58.040000915527344,58.93000030517578,57.869998931884766,57.900001525878906,125700,0.0,0.0
2024-09-03 00:00:00-04:00,57.720001220703125,58.689998626708984,57.47999954223633,57.72999954223633,30500,0.0,0.0
2024-09-04 00:00:00-04:00,57.900001525878906,58.77000045776367,57.08000183105469,57.47999954223633,21900,0.0,0.0
2024-09-05 00:00:00-04:00,57.06999969482422,58.0,57.06999969482422,57.400001525878906,15500,0.0,0.0
2024-09-06 00:00:00-04:00,57.43000030517578,58.04999923706055,54.220001220703125,54.47999954223633,55300,0.0,0.0
2024-09-09 00:00:00-04:00,54.66999816894531,55.7400016784668,54.619998931884766,55.349998474121094,40700,0.0,0.0
2024-09-10 00:00:00-04:00,55.0099983215332,56.650001525878906,54.619998931884766,56.650001525878906,23800,0.0,0.0
2024-09-11 00:00:00-04:00,56.20000076293945,56.95000076293945,55.900001525878906,56.029998779296875,18200,0.0,0.0
2024-09-12 00:00:00-04:00,56.09000015258789,58.08000183105469,55.650001525878906,57.2400016784668,32300,0.0,0.0
2024-09-13 00:00:00-04:00,57.380001068115234,58.0,57.150001525878906,57.70000076293945,11400,0.0,0.0
2024-09-16 00:00:00-04:00,57.66999816894531,58.77000045776367,57.41999816894531,58.290000915527344,14000,0.0,0.0
2024-09-17 00:00:00-04:00,58.86000061035156,58.900001525878906,57.599998474121094,58.47999954223633,26400,0.0,0.0
2024-09-18 00:00:00-04:00,58.47999954223633,60.04999923706055,57.959999084472656,59.2400016784668,41300,0.0,0.0
2024-09-19 00:00:00-04:00,60.09000015258789,61.33000183105469,60.0,61.29999923706055,51000,0.0,0.0
2024-09-20 00:00:00-04:00,61.5,63.439998626708984,61.369998931884766,63.119998931884766,52000,0.0,0.0
2024-09-23 00:00:00-04:00,63.130001068115234,63.4900016784668,61.20000076293945,61.34000015258789,26700,0.0,0.0
2024-09-24 00:00:00-04:00,61.209999084472656,61.209999084472656,60.459999084472656,60.68000030517578,25900,0.0,0.0
2024-09-25 00:00:00-04:00,60.81999969482422,60.81999969482422,60.08000183105469,60.25,13700,0.0,0.0
2024-09-26 00:00:00-04:00,60.540000915527344,61.099998474121094,60.11000061035156,60.619998931884766,10600,0.0,0.0
2024-09-27 00:00:00-04:00,60.650001525878906,60.650001525878906,59.34000015258789,59.79999923706055,16700,0.0,0.0
2024-09-30 00:00:00-04:00,59.68000030517578,59.79999923706055,58.0,59.68000030517578,24700,0.0,0.0
2024-10-01 00:00:00-04:00,59.94499969482422,59.94499969482422,58.41999816894531,58.90999984741211,16500,0.0,0.0
2024-10-02 00:00:00-04:00,59.04999923706055,59.22999954223633,57.310001373291016,57.40999984741211,36500,0.0,0.0
2024-10-03 00:00:00-04:00,57.38999938964844,57.59000015258789,56.599998474121094,57.59000015258789,17100,0.0,0.0
2024-10-04 00:00:00-04:00,57.900001525878906,59.40999984741211,57.84000015258789,58.84000015258789,22700,0.0,0.0
2024-10-07 00:00:00-04:00,58.18000030517578,58.75,57.869998931884766,58.400001525878906,13600,0.0,0.0
2024-10-08 00:00:00-04:00,58.689998626708984,60.20000076293945,58.470001220703125,59.369998931884766,27200,0.0,0.0
2024-10-09 00:00:00-04:00,59.369998931884766,60.209999084472656,59.130001068115234,60.0,16800,0.0,0.0
2024-10-10 00:00:00-04:00,59.970001220703125,59.970001220703125,58.939998626708984,59.68000030517578,17400,0.0,0.0
2024-10-11 00:00:00-04:00,59.41999816894531,61.43000030517578,59.41999816894531,61.2400016784668,19900,0.0,0.0
2024-10-15 00:00:00-04:00,61.97999954223633,62.349998474121094,61.150001525878906,61.810001373291016,20700,0.0,0.0
2024-10-16 00:00:00-04:00,62.439998626708984,63.16999816894531,61.84000015258789,62.63999938964844,24200,0.0,0.0
2024-10-17 00:00:00-04:00,63.04999923706055,63.7599983215332,62.91999816894531,63.33000183105469,19100,0.0,0.0
2024-10-18 00:00:00-04:00,63.599998474121094,64.12000274658203,63.209999084472656,63.560001373291016,23100,0.0,0.0
2024-10-21 00:00:00-04:00,64.06999969482422,64.25,63.13999938964844,64.04000091552734,17100,0.0,0.0
2024-10-22 00:00:00-04:00,63.95000076293945,64.62000274658203,63.53499984741211,63.810001373291016,42900,0.0,0.0
2024-10-23 00:00:00-04:00,63.36000061035156,63.540000915527344,61.43000030517578,62.22999954223633,34300,0.0,0.0
2024-10-24 00:00:00-04:00,62.77000045776367,64.05000305175781,62.7599983215332,63.720001220703125,16600,0.0,0.0
2024-10-25 00:00:00-04:00,64.01000213623047,64.30000305175781,63.459999084472656,63.95000076293945,14800,0.0,0.0
2024-10-28 00:00:00-04:00,64.33999633789062,64.76000213623047,64.02999877929688,64.02999877929688,16200,0.0,0.0
2024-10-29 00:00:00-04:00,64.05000305175781,64.86000061035156,63.84000015258789,64.48999786376953,39600,0.0,0.0
2024-10-30 00:00:00-04:00,63.91999816894531,64.62000274658203,63.7599983215332,63.970001220703125,28300,0.0,0.0
2024-10-31 00:00:00-04:00,63.529998779296875,63.7599983215332,62.43000030517578,63.41999816894531,42000,0.0,0.0
2024-11-01 00:00:00-04:00,63.72999954223633,67.81999969482422,63.72999954223633,67.54000091552734,58900,0.0,0.0
2024-11-04 00:00:00-05:00,66.44999694824219,67.80000305175781,65.26000213623047,66.6500015258789,31000,0.0,0.0
2024-11-05 00:00:00-05:00,67.06999969482422,69.06999969482422,67.06999969482422,68.5,44500,0.0,0.0
2024-11-06 00:00:00-05:00,68.5,70.83000183105469,68.5,70.4000015258789,43500,0.0,0.0
2024-11-07 00:00:00-05:00,69.93000030517578,71.69000244140625,69.93000030517578,70.91999816894531,53000,0.0,0.0
2024-11-08 00:00:00-05:00,71.8499984741211,75.08000183105469,70.11000061035156,71.55000305175781,89000,0.0,0.0
2024-11-11 00:00:00-05:00,72.0,72.0,69.41999816894531,69.75,89900,0.0,0.0
2024-11-12 00:00:00-05:00,69.70999908447266,70.9800033569336,69.62000274658203,69.63999938964844,65500,0.0,0.0
2024-11-13 00:00:00-05:00,69.72000122070312,71.5999984741211,69.33999633789062,69.83000183105469,105800,0.0,0.0
2024-11-14 00:00:00-05:00,70.27999877929688,70.73999786376953,66.5,66.55999755859375,51900,0.0,0.0
2024-11-15 00:00:00-05:00,66.66999816894531,67.0199966430664,65.5,65.9000015258789,39900,0.0,0.0
2024-11-18 00:00:00-05:00,65.94999694824219,66.52999877929688,65.30000305175781,65.7699966430664,37600,0.0,0.0
2024-11-19 00:00:00-05:00,65.01000213623047,66.91999816894531,64.98999786376953,66.38999938964844,44800,0.0,0.0
2024-11-20 00:00:00-05:00,67.30000305175781,67.33000183105469,65.91000366210938,67.22000122070312,33700,0.0,0.0
2024-11-21 00:00:00-05:00,67.54000091552734,67.77999877929688,66.81999969482422,67.77999877929688,39200,0.0,0.0
2024-11-22 00:00:00-05:00,68.04000091552734,68.62999725341797,67.33000183105469,68.44999694824219,46100,0.0,0.0
2024-11-25 00:00:00-05:00,68.95999908447266,69.8499984741211,68.37999725341797,69.54000091552734,73600,0.0,0.0
2024-11-26 00:00:00-05:00,69.30000305175781,70.55999755859375,68.69999694824219,68.91999816894531,49100,0.0,0.0
2024-11-27 00:00:00-05:00,68.33000183105469,69.79000091552734,67.80000305175781,69.33999633789062,50700,0.0,0.0
2024-11-28 00:00:00-05:00,69.1500015258789,69.5999984741211,69.12999725341797,69.51000213623047,12100,0.0,0.0
2024-11-29 00:00:00-05:00,69.91000366210938,70.31999969482422,69.55000305175781,69.73999786376953,34600,0.0,0.0
2024-12-02 00:00:00-05:00,70.31999969482422,70.31999969482422,68.29000091552734,68.47000122070312,22600,0.0,0.0
2024-12-03 00:00:00-05:00,68.43000030517578,70.19999694824219,68.38999938964844,69.81999969482422,47700,0.0,0.0
2024-12-04 00:00:00-05:00,69.94000244140625,71.23999786376953,69.94000244140625,70.37000274658203,85400,0.0,0.0
2024-12-05 00:00:00-05:00,70.9000015258789,70.9000015258789,69.55999755859375,69.55999755859375,36300,0.0,0.0
2024-12-06 00:00:00-05:00,69.95999908447266,70.80000305175781,69.48999786376953,69.48999786376953,26900,0.0,0.0
2024-12-09 00:00:00-05:00,69.47000122070312,69.63999938964844,66.94000244140625,69.12999725341797,50800,0.0,0.0
2024-12-10 00:00:00-05:00,69.27999877929688,71.93000030517578,68.87999725341797,70.83000183105469,74300,0.0,0.0
2024-12-11 00:00:00-05:00,72.0,72.0,70.43000030517578,70.62000274658203,30500,0.0,0.0
2024-12-12 00:00:00-05:00,70.52999877929688,71.25,70.05999755859375,71.05000305175781,35000,0.0,0.0
2024-12-13 00:00:00-05:00,71.08000183105469,71.94999694824219,70.80999755859375,71.55999755859375,63400,0.0,0.0
2024-12-16 00:00:00-05:00,71.58999633789062,71.94000244140625,70.29000091552734,70.56999969482422,54100,0.0,0.0
2024-12-17 00:00:00-05:00,70.37999725341797,71.76000213623047,69.01000213623047,70.91000366210938,81800,0.0,0.0
2024-12-18 00:00:00-05:00,71.08999633789062,71.11000061035156,67.76000213623047,67.77999877929688,57900,0.0,0.0
2024-12-19 00:00:00-05:00,67.52999877929688,69.69999694824219,66.33000183105469,66.41000366210938,58500,0.0,0.0
2024-12-20 00:00:00-05:00,65.8499984741211,67.63999938964844,65.55999755859375,66.44999694824219,37900,0.0,0.0
2024-12-23 00:00:00-05:00,66.41000366210938,66.91999816894531,65.83000183105469,65.87999725341797,25200,0.0,0.0
2024-12-24 00:00:00-05:00,66.68000030517578,67.02999877929688,65.43000030517578,66.68000030517578,15400,0.0,0.0
2024-12-27 00:00:00-05:00,66.18000030517578,66.51000213623047,64.87999725341797,65.83000183105469,25600,0.0,0.0
2024-12-30 00:00:00-05:00,64.77999877929688,65.16000366210938,64.16999816894531,64.68000030517578,26300,0.0,0.0
2024-12-31 00:00:00-05:00,64.72000122070312,65.69000244140625,64.27999877929688,64.45999908447266,18800,0.0,0.0
2025-01-02 00:00:00-05:00,64.47000122070312,65.80999755859375,64.47000122070312,65.29000091552734,19900,0.0,0.0
2025-01-03 00:00:00-05:00,64.94999694824219,65.06999969482422,60.90999984741211,63.880001068115234,56100,0.0,0.0
2025-01-06 00:00:00-05:00,64.05000305175781,65.0199966430664,63.5099983215332,63.84000015258789,61300,0.0,0.0
2025-01-07 00:00:00-05:00,63.58000183105469,63.83000183105469,62.11000061035156,62.16999816894531,61500,0.0,0.0
2025-01-08 00:00:00-05:00,62.0099983215332,62.79999923706055,61.84000015258789,62.45000076293945,68700,0.0,0.0
2025-01-09 00:00:00-05:00,62.5,62.56999969482422,62.04999923706055,62.29999923706055,6600,0.0,0.0
2025-01-10 00:00:00-05:00,61.5,61.5,60.130001068115234,61.040000915527344,37600,0.0,0.0
2025-01-13 00:00:00-05:00,60.36000061035156,60.5099983215332,59.880001068115234,60.310001373291016,43900,0.0,0.0
2025-01-14 00:00:00-05:00,60.439998626708984,61.61000061035156,60.04999923706055,60.4900016784668,33900,0.0,0.0
2025-01-15 00:00:00-05:00,61.20000076293945,61.939998626708984,60.81999969482422,61.119998931884766,31000,0.0,0.0
2025-01-16 00:00:00-05:00,61.25,61.9900016784668,61.060001373291016,61.79999923706055,13400,0.0,0.0
2025-01-17 00:00:00-05:00,61.79999923706055,62.849998474121094,60.790000915527344,60.84000015258789,30300,0.0,0.0
2025-01-20 00:00:00-05:00,60.790000915527344,61.5,60.68000030517578,60.790000915527344,3700,0.0,0.0
2025-01-21 00:00:00-05:00,60.790000915527344,61.470001220703125,60.58000183105469,60.7400016784668,32700,0.0,0.0
2025-01-22 00:00:00-05:00,61.04999923706055,61.880001068115234,60.709999084472656,61.810001373291016,46200,0.0,0.0
2025-01-23 00:00:00-05:00,62.0,62.0,60.81999969482422,61.43000030517578,35800,0.0,0.0
2025-01-24 00:00:00-05:00,61.400001525878906,62.880001068115234,61.11000061035156,62.0,31600,0.0,0.0
2025-01-27 00:00:00-05:00,61.4900016784668,62.790000915527344,60.19499969482422,61.54999923706055,50200,0.0,0.0
2025-01-28 00:00:00-05:00,61.54999923706055,62.290000915527344,60.91999816894531,61.90999984741211,80400,0.0,0.0
2025-01-29 00:00:00-05:00,62.130001068115234,62.43000030517578,60.27000045776367,62.25,67400,0.0,0.0
2025-01-30 00:00:00-05:00,62.529998779296875,63.14500045776367,61.689998626708984,62.06999969482422,35500,0.0,0.0
2025-01-31 00:00:00-05:00,62.08000183105469,62.93000030517578,60.779998779296875,60.79999923706055,43900,0.0,0.0
2025-02-03 00:00:00-05:00,59.75,60.45000076293945,58.810001373291016,60.0,38400,0.0,0.0
2025-02-04 00:00:00-05:00,60.18000030517578,60.45000076293945,59.560001373291016,59.61000061035156,22200,0.0,0.0
2025-02-05 00:00:00-05:00,59.349998474121094,60.810001373291016,59.349998474121094,60.810001373291016,21500,0.0,0.0
2025-02-06 00:00:00-05:00,61.470001220703125,61.97999954223633,60.349998474121094,60.540000915527344,33500,0.0,0.0
2025-02-07 00:00:00-05:00,60.630001068115234,61.0099983215332,59.630001068115234,59.900001525878906,25500,0.0,0.0
2025-02-10 00:00:00-05:00,59.95000076293945,61.349998474121094,59.95000076293945,61.15999984741211,19900,0.0,0.0
2025-02-11 00:00:00-05:00,60.130001068115234,61.59000015258789,60.130001068115234,60.650001525878906,50900,0.0,0.0
2025-02-12 00:00:00-05:00,59.86000061035156,60.400001525878906,59.31999969482422,59.31999969482422,24400,0.0,0.0
2025-02-13 00:00:00-05:00,59.880001068115234,60.41999816894531,59.66999816894531,60.41999816894531,18600,0.0,0.0
2025-02-14 00:00:00-05:00,60.38999938964844,61.63999938964844,59.4900016784668,59.88999938964844,48000,0.0,0.0
2025-02-18 00:00:00-05:00,60.33000183105469,60.33000183105469,58.810001373291016,59.43000030517578,25800,0.0,0.0
2025-02-19 00:00:00-05:00,59.209999084472656,59.45000076293945,58.029998779296875,58.849998474121094,28900,0.0,0.0
2025-02-20 00:00:00-05:00,58.369998931884766,58.369998931884766,56.84000015258789,57.0,42700,0.0,0.0
2025-02-21 00:00:00-05:00,56.59000015258789,56.88999938964844,55.810001373291016,55.9900016784668,61000,0.0,0.0
2025-02-24 00:00:00-05:00,55.790000915527344,56.0,54.119998931884766,55.060001373291016,67900,0.0,0.0
2025-02-25 00:00:00-05:00,55.029998779296875,55.130001068115234,53.91999816894531,55.02000045776367,67700,0.0,0.0
2025-02-26 00:00:00-05:00,55.58000183105469,55.88999938964844,54.130001068115234,54.470001220703125,58000,0.0,0.0
2025-02-27 00:00:00-05:00,54.84000015258789,55.459999084472656,53.849998474121094,53.849998474121094,36700,0.0,0.0
2025-02-28 00:00:00-05:00,50.5,50.5,40.29999923706055,46.400001525878906,385700,0.0,0.0
2025-03-03 00:00:00-05:00,46.220001220703125,49.31999969482422,46.220001220703125,48.04999923706055,99400,0.0,0.0
2025-03-04 00:00:00-05:00,47.720001220703125,47.720001220703125,44.7400016784668,45.0,150400,0.0,0.0
2025-03-05 00:00:00-05:00,46.0,47.970001220703125,45.599998474121094,47.650001525878906,143300,0.0,0.0
2025-03-06 00:00:00-05:00,46.470001220703125,47.13999938964844,45.16999816894531,45.529998779296875,86000,0.0,0.0
2025-03-07 00:00:00-05:00,45.79999923706055,46.0,43.970001220703125,44.689998626708984,51900,0.0,0.0
2025-03-10 00:00:00-04:00,43.7400016784668,43.7400016784668,41.939998626708984,42.7599983215332,96700,0.0,0.0
2025-03-11 00:00:00-04:00,42.40999984741211,44.11000061035156,42.40999984741211,42.91999816894531,115000,0.0,0.0
2025-03-12 00:00:00-04:00,43.209999084472656,43.939998626708984,42.279998779296875,42.43000030517578,65900,0.0,0.0
2025-03-13 00:00:00-04:00,42.43000030517578,42.650001525878906,41.43000030517578,41.79999923706055,77000,0.0,0.0
2025-03-14 00:00:00-04:00,42.36000061035156,43.2599983215332,42.25,42.36000061035156,41600,0.0,0.0
2025-03-17 00:00:00-04:00,41.439998626708984,42.970001220703125,41.439998626708984,42.2400016784668,33600,0.0,0.0
2025-03-18 00:00:00-04:00,42.290000915527344,42.650001525878906,41.66999816894531,42.4900016784668,59100,0.0,0.0
2025-03-19 00:00:00-04:00,42.7599983215332,43.5,42.7599983215332,43.209999084472656,47000,0.0,0.0
2025-03-20 00:00:00-04:00,43.0,44.119998931884766,42.0099983215332,43.5099983215332,85700,0.0,0.0
2025-03-21 00:00:00-04:00,43.34000015258789,43.5099983215332,42.529998779296875,43.16999816894531,47600,0.0,0.0
2025-03-24 00:00:00-04:00,43.58000183105469,44.650001525878906,43.58000183105469,44.380001068115234,45000,0.0,0.0
2025-03-25 00:00:00-04:00,44.36000061035156,44.970001220703125,44.33000183105469,44.63999938964844,31900,0.0,0.0
2025-03-26 00:00:00-04:00,44.33000183105469,44.880001068115234,43.32500076293945,43.54999923706055,40400,0.0,0.0
2025-03-27 00:00:00-04:00,43.209999084472656,45.08000183105469,43.209999084472656,44.290000915527344,78700,0.0,0.0
2025-03-28 00:00:00-04:00,44.38999938964844,44.439998626708984,41.90999984741211,41.9900016784668,42400,0.0,0.0
2025-03-31 00:00:00-04:00,42.0,42.0,40.11000061035156,41.38999938964844,59700,0.0,0.0
2025-04-01 00:00:00-04:00,41.02000045776367,42.43000030517578,41.02000045776367,42.33000183105469,45800,0.0,0.0
2025-04-02 00:00:00-04:00,42.54999923706055,44.119998931884766,42.529998779296875,43.959999084472656,62200,0.0,0.0
2025-04-03 00:00:00-04:00,41.220001220703125,42.09000015258789,40.685001373291016,40.81999969482422,64200,0.0,0.0
2025-04-04 00:00:00-04:00,39.209999084472656,40.34000015258789,38.220001220703125,39.349998474121094,124000,0.0,0.0
2025-04-07 00:00:00-04:00,37.97999954223633,40.11000061035156,37.25,38.709999084472656,95500,0.0,0.0
2025-04-08 00:00:00-04:00,40.18000030517578,40.59000015258789,37.959999084472656,38.47999954223633,81100,0.0,0.0
2025-04-09 00:00:00-04:00,38.810001373291016,43.220001220703125,38.130001068115234,42.900001525878906,82900,0.0,0.0
2025-04-10 00:00:00-04:00,42.25,42.2599983215332,40.22999954223633,41.099998474121094,52000,0.0,0.0
2025-04-11 00:00:00-04:00,40.599998474121094,41.4900016784668,40.119998931884766,41.29999923706055,41200,0.0,0.0
2025-04-14 00:00:00-04:00,41.7599983215332,42.959999084472656,40.9900016784668,41.08000183105469,40100,0.0,0.0
2025-04-15 00:00:00-04:00,40.939998626708984,41.86000061035156,40.939998626708984,41.060001373291016,28000,0.0,0.0
2025-04-16 00:00:00-04:00,40.5,41.25,40.0,40.540000915527344,58700,0.0,0.0
2025-04-17 00:00:00-04:00,40.27000045776367,40.91999816894531,40.27000045776367,40.41999816894531,42200,0.0,0.0
2025-04-21 00:00:00-04:00,40.29999923706055,40.29999923706055,39.060001373291016,39.72999954223633,43200,0.0,0.0
2025-04-22 00:00:00-04:00,39.439998626708984,41.13999938964844,39.31999969482422,40.7400016784668,68300,0.0,0.0
2025-04-23 00:00:00-04:00,41.630001068115234,42.849998474121094,41.630001068115234,41.970001220703125,51900,0.0,0.0
2025-04-24 00:00:00-04:00,41.5,44.369998931884766,41.5,44.27000045776367,52600,0.0,0.0
2025-04-25 00:00:00-04:00,44.38999938964844,44.880001068115234,44.09000015258789,44.18000030517578,31400,0.0,0.0
2025-04-28 00:00:00-04:00,44.36000061035156,44.61000061035156,43.189998626708984,43.7400016784668,25100,0.0,0.0
2025-04-29 00:00:00-04:00,43.77000045776367,44.04999923706055,43.529998779296875,43.7599983215332,34200,0.0,0.0
2025-04-30 00:00:00-04:00,42.939998626708984,43.59000015258789,42.939998626708984,43.18000030517578,54600,0.0,0.0
2025-05-01 00:00:00-04:00,43.209999084472656,44.13999938964844,43.209999084472656,43.47999954223633,58100,0.0,0.0
2025-05-02 00:00:00-04:00,44.0099983215332,44.27000045776367,43.72999954223633,43.79999923706055,46200,0.0,0.0
2025-05-05 00:00:00-04:00,43.31999969482422,44.130001068115234,43.31999969482422,43.880001068115234,59700,0.0,0.0
2025-05-06 00:00:00-04:00,43.380001068115234,43.7599983215332,43.2599983215332,43.439998626708984,44600,0.0,0.0
2025-05-07 00:00:00-04:00,43.470001220703125,45.279998779296875,43.470001220703125,45.279998779296875,61600,0.0,0.0
2025-05-08 00:00:00-04:00,45.619998931884766,46.959999084472656,44.099998474121094,44.560001373291016,115400,0.0,0.0
2025-05-09 00:00:00-04:00,41.0,41.0,36.41999816894531,36.939998626708984,420800,0.0,0.0
2025-05-12 00:00:00-04:00,38.279998779296875,38.279998779296875,35.75,36.20000076293945,178300,0.0,0.0
2025-05-13 00:00:00-04:00,36.279998779296875,37.59000015258789,36.0,37.040000915527344,279700,0.0,0.0
2025-05-14 00:00:00-04:00,36.75,37.40999984741211,36.75,36.97999954223633,219900,0.0,0.0
2025-05-15 00:00:00-04:00,37.779998779296875,37.779998779296875,36.599998474121094,36.91999816894531,55000,0.0,0.0
2025-05-16 00:00:00-04:00,37.20000076293945,37.5099983215332,36.88999938964844,37.31999969482422,72300,0.0,0.0
2025-05-20 00:00:00-04:00,37.2599983215332,37.349998474121094,36.93000030517578,37.040000915527344,53100,0.0,0.0
2025-05-21 00:00:00-04:00,37.25,37.314998626708984,36.150001525878906,36.209999084472656,71500,0.0,0.0
2025-05-22 00:00:00-04:00,36.31999969482422,36.869998931884766,35.970001220703125,36.540000915527344,127500,0.0,0.0
2025-05-23 00:00:00-04:00,35.9900016784668,36.404998779296875,35.709999084472656,36.040000915527344,91100,0.0,0.0
2025-05-26 00:00:00-04:00,36.290000915527344,36.5,35.61000061035156,36.31999969482422,46100,0.0,0.0
2025-05-27 00:00:00-04:00,37.040000915527344,37.439998626708984,36.5,37.08000183105469,41600,0.0,0.0
2025-05-28 00:00:00-04:00,37.08000183105469,37.25,36.540000915527344,37.220001220703125,77100,0.0,0.0
2025-05-29 00:00:00-04:00,37.4900016784668,37.5,37.04999923706055,37.36000061035156,63200,0.0,0.0
2025-05-30 00:00:00-04:00,37.38999938964844,37.529998779296875,36.70000076293945,37.5,454100,0.0,0.0
2025-06-02 00:00:00-04:00,37.25,37.63999938964844,36.7599983215332,36.83000183105469,65800,0.0,0.0
2025-06-03 00:00:00-04:00,36.79999923706055,37.209999084472656,36.28499984741211,37.189998626708984,71000,0.0,0.0
2025-06-04 00:00:00-04:00,36.9900016784668,37.650001525878906,36.91999816894531,37.06999969482422,39700,0.0,0.0
2025-06-05 00:00:00-04:00,36.810001373291016,37.70000076293945,36.650001525878906,36.720001220703125,71800,0.0,0.0
2025-06-06 00:00:00-04:00,36.939998626708984,37.119998931884766,36.720001220703125,36.970001220703125,58000,0.0,0.0
2025-06-09 00:00:00-04:00,36.9900016784668,38.56999969482422,36.9900016784668,38.40999984741211,60500,0.0,0.0
2025-06-10 00:00:00-04:00,38.4900016784668,38.4900016784668,37.38999938964844,37.470001220703125,45200,0.0,0.0
2025-06-11 00:00:00-04:00,37.72999954223633,38.5,37.41999816894531,37.68000030517578,47600,0.0,0.0
2025-06-12 00:00:00-04:00,37.52000045776367,37.66999816894531,37.08000183105469,37.29999923706055,50700,0.0,0.0
2025-06-13 00:00:00-04:00,36.959999084472656,36.959999084472656,35.56999969482422,35.61000061035156,69000,0.0,0.0
2025-06-16 00:00:00-04:00,36.0,37.189998626708984,35.95000076293945,36.79999923706055,83700,0.0,0.0
2025-06-17 00:00:00-04:00,36.25,36.66999816894531,36.099998474121094,36.43000030517578,37200,0.0,0.0
2025-06-18 00:00:00-04:00,36.2599983215332,36.68000030517578,36.119998931884766,36.36000061035156,34200,0.0,0.0
2025-06-19 00:00:00-04:00,36.34000015258789,36.470001220703125,36.0099983215332,36.29999923706055,22300,0.0,0.0
2025-06-20 00:00:00-04:00,36.689998626708984,36.689998626708984,35.83000183105469,36.0099983215332,57300,0.0,0.0
2025-06-23 00:00:00-04:00,36.060001373291016,36.790000915527344,35.75,36.7400016784668,47900,0.0,0.0
2025-06-24 00:00:00-04:00,36.7599983215332,37.70000076293945,36.72999954223633,37.66999816894531,62700,0.0,0.0
2025-06-25 00:00:00-04:00,37.97999954223633,38.0,37.16999816894531,37.279998779296875,76600,0.0,0.0
2025-06-26 00:00:00-04:00,37.599998474121094,38.130001068115234,37.0,38.0099983215332,47600,0.0,0.0
2025-06-27 00:00:00-04:00,38.130001068115234,38.5099983215332,37.849998474121094,38.47999954223633,60200,0.0,0.0
2025-06-30 00:00:00-04:00,38.54999923706055,39.4900016784668,38.5,39.470001220703125,79700,0.0,0.0
2025-07-02 00:00:00-04:00,38.81999969482422,39.209999084472656,38.81999969482422,39.119998931884766,54300,0.0,0.0
2025-07-03 00:00:00-04:00,39.15999984741211,40.13999938964844,39.15999984741211,40.08000183105469,34000,0.0,0.0
2025-07-04 00:00:00-04:00,40.09000015258789,40.09000015258789,39.57500076293945,39.63999938964844,16600,0.0,0.0
2025-07-07 00:00:00-04:00,39.77000045776367,39.959999084472656,39.36000061035156,39.599998474121094,38200,0.0,0.0
2025-07-08 00:00:00-04:00,39.630001068115234,40.02000045776367,39.630001068115234,39.810001373291016,41200,0.0,0.0
2025-07-09 00:00:00-04:00,40.040000915527344,40.58000183105469,39.959999084472656,40.459999084472656,45500,0.0,0.0
2025-07-10 00:00:00-04:00,40.7599983215332,40.7599983215332,39.439998626708984,39.790000915527344,41500,0.0,0.0
2025-07-11 00:00:00-04:00,39.5,39.58000183105469,38.81999969482422,38.939998626708984,50600,0.0,0.0
2025-07-14 00:00:00-04:00,39.310001373291016,39.779998779296875,39.29999923706055,39.720001220703125,24400,0.0,0.0
2025-07-15 00:00:00-04:00,39.79999923706055,40.15999984741211,39.34000015258789,39.470001220703125,30600,0.0,0.0
2025-07-16 00:00:00-04:00,39.81999969482422,40.529998779296875,39.63999938964844,40.5,25200,0.0,0.0
2025-07-17 00:00:00-04:00,40.4900016784668,41.290000915527344,40.33000183105469,41.18000030517578,50500,0.0,0.0
2025-07-18 00:00:00-04:00,41.41999816894531,41.41999816894531,40.790000915527344,41.400001525878906,40100,0.0,0.0
2025-07-21 00:00:00-04:00,41.439998626708984,41.90999984741211,41.43000030517578,41.869998931884766,67800,0.0,0.0
2025-07-22 00:00:00-04:00,41.86000061035156,43.470001220703125,41.52000045776367,43.40999984741211,85100,0.0,0.0
2025-07-23 00:00:00-04:00,43.380001068115234,43.380001068115234,42.310001373291016,43.040000915527344,46300,0.0,0.0
2025-07-24 00:00:00-04:00,42.630001068115234,42.959999084472656,42.400001525878906,42.779998779296875,36400,0.0,0.0
2025-07-25 00:00:00-04:00,42.779998779296875,43.709999084472656,42.779998779296875,43.119998931884766,45800,0.0,0.0
2025-07-28 00:00:00-04:00,43.06999969482422,43.31999969482422,42.630001068115234,42.65999984741211,32400,0.0,0.0
2025-07-29 00:00:00-04:00,42.77000045776367,42.79999923706055,41.5,41.61000061035156,31000,0.0,0.0
2025-07-30 00:00:00-04:00,41.83000183105469,42.470001220703125,41.65999984741211,42.119998931884766,34000,0.0,0.0
2025-07-31 00:00:00-04:00,43.02000045776367,43.02000045776367,41.939998626708984,42.0099983215332,101100,0.0,0.0
2025-08-01 00:00:00-04:00,41.369998931884766,42.130001068115234,40.7400016784668,41.4900016784668,78900,0.0,0.0
2025-08-05 00:00:00-04:00,42.470001220703125,42.470001220703125,41.33000183105469,42.400001525878906,66300,0.0,0.0
2025-08-06 00:00:00-04:00,42.470001220703125,42.93000030517578,41.34000015258789,41.45000076293945,59800,0.0,0.0
2025-08-07 00:00:00-04:00,42.0099983215332,42.099998474121094,39.779998779296875,40.0,67800,0.0,0.0
2025-08-08 00:00:00-04:00,44.7599983215332,45.619998931884766,41.93000030517578,42.02000045776367,188800,0.0,0.0
2025-08-11 00:00:00-04:00,42.349998474121094,45.2400016784668,42.0,42.9900016784668,96400,0.0,0.0
2025-08-12 00:00:00-04:00,43.29999923706055,43.7400016784668,42.38999938964844,43.540000915527344,73300,0.0,0.0
2025-08-13 00:00:00-04:00,44.2400016784668,44.560001373291016,43.25,44.25,68400,0.0,0.0
2025-08-14 00:00:00-04:00,44.2400016784668,44.2400016784668,43.08000183105469,43.220001220703125,57500,0.0,0.0
2025-08-15 00:00:00-04:00,43.220001220703125,43.75,43.099998474121094,43.619998931884766,76100,0.0,0.0
2025-08-18 00:00:00-04:00,43.88999938964844,44.45000076293945,43.5,43.68000030517578,33400,0.0,0.0
2025-08-19 00:00:00-04:00,43.939998626708984,44.5,43.040000915527344,43.099998474121094,65700,0.0,0.0
2025-08-20 00:00:00-04:00,43.06999969482422,43.48500061035156,41.22999954223633,41.2599983215332,35900,0.0,0.0
2025-08-21 00:00:00-04:00,41.27000045776367,42.650001525878906,41.0,42.529998779296875,45900,0.0,0.0
2025-08-22 00:00:00-04:00,42.529998779296875,43.209999084472656,42.20000076293945,42.970001220703125,42100,0.0,0.0
2025-08-25 00:00:00-04:00,42.68000030517578,42.779998779296875,42.29999923706055,42.43000030517578,25900,0.0,0.0
2025-08-26 00:00:00-04:00,42.31999969482422,43.290000915527344,41.619998931884766,41.97999954223633,122500,0.0,0.0
2025-08-27 00:00:00-04:00,41.970001220703125,42.689998626708984,41.93000030517578,42.619998931884766,39000,0.0,0.0
2025-08-28 00:00:00-04:00,43.04999923706055,43.2599983215332,42.61000061035156,43.0099983215332,40200,0.0,0.0
2025-08-29 00:00:00-04:00,43.2599983215332,43.2599983215332,42.689998626708984,42.790000915527344,32600,0.0,0.0
2025-09-02 00:00:00-04:00,42.7599983215332,43.189998626708984,41.970001220703125,42.36000061035156,45300,0.0,0.0
2025-09-03 00:00:00-04:00,42.63999938964844,42.63999938964844,42.099998474121094,42.29999923706055,25200,0.0,0.0
2025-09-04 00:00:00-04:00,42.29999923706055,43.130001068115234,41.689998626708984,43.11000061035156,77000,0.0,0.0
2025-09-05 00:00:00-04:00,43.47999954223633,43.5099983215332,42.099998474121094,43.09000015258789,50600,0.0,0.0
2025-09-08 00:00:00-04:00,43.18000030517578,43.95000076293945,43.0,43.810001373291016,49300,0.0,0.0
2025-09-09 00:00:00-04:00,43.810001373291016,43.970001220703125,42.86000061035156,42.95000076293945,35200,0.0,0.0
2025-09-10 00:00:00-04:00,43.0,43.36000061035156,41.61000061035156,41.619998931884766,35300,0.0,0.0
2025-09-11 00:00:00-04:00,41.720001220703125,42.375,41.5,41.68000030517578,25400,0.0,0.0
2025-09-12 00:00:00-04:00,41.81999969482422,42.58000183105469,41.779998779296875,41.849998474121094,23700,0.0,0.0
2025-09-15 00:00:00-04:00,41.880001068115234,42.18000030517578,41.58000183105469,42.029998779296875,22000,0.0,0.0
2025-09-16 00:00:00-04:00,42.02000045776367,42.02000045776367,40.88999938964844,41.06999969482422,32800,0.0,0.0
2025-09-17 00:00:00-04:00,41.11000061035156,41.709999084472656,41.060001373291016,41.63999938964844,29600,0.0,0.0
2025-09-18 00:00:00-04:00,42.16999816894531,42.52000045776367,42.0099983215332,42.2400016784668,31300,0.0,0.0
2025-09-19 00:00:00-04:00,42.220001220703125,42.220001220703125,41.29999923706055,41.41999816894531,53200,0.0,0.0
2025-09-22 00:00:00-04:00,41.47999954223633,41.91999816894531,41.060001373291016,41.540000915527344,22900,0.0,0.0
2025-09-23 00:00:00-04:00,41.2400016784668,41.43000030517578,40.689998626708984,41.040000915527344,43700,0.0,0.0
2025-09-24 00:00:00-04:00,41.02000045776367,41.22999954223633,40.189998626708984,40.400001525878906,61000,0.0,0.0
2025-09-25 00:00:00-04:00,40.0099983215332,40.02000045776367,39.290000915527344,39.4900016784668,40200,0.0,0.0
2025-09-26 00:00:00-04:00,39.130001068115234,39.310001373291016,38.66999816894531,38.810001373291016,34300,0.0,0.0
2025-09-29 00:00:00-04:00,39.41999816894531,39.41999816894531,38.470001220703125,38.63999938964844,47800,0.0,0.0
2025-09-30 00:00:00-04:00,38.63999938964844,38.63999938964844,37.79999923706055,37.970001220703125,51600,0.0,0.0
2025-10-01 00:00:00-04:00,37.970001220703125,38.529998779296875,37.709999084472656,37.95000076293945,41600,0.0,0.0
2025-10-02 00:00:00-04:00,37.95000076293945,38.150001525878906,37.70000076293945,38.0099983215332,27000,0.0,0.0
2025-10-03 00:00:00-04:00,38.0099983215332,39.029998779296875,38.0099983215332,38.369998931884766,29200,0.0,0.0
2025-10-06 00:00:00-04:00,38.34000015258789,39.130001068115234,38.040000915527344,38.63999938964844,40200,0.0,0.0
2025-10-07 00:00:00-04:00,38.88999938964844,38.88999938964844,37.75,38.209999084472656,37100,0.0,0.0
2025-10-08 00:00:00-04:00,38.459999084472656,38.880001068115234,38.209999084472656,38.599998474121094,35000,0.0,0.0
2025-10-09 00:00:00-04:00,38.59000015258789,38.689998626708984,38.29999923706055,38.61000061035156,20900,0.0,0.0
2025-10-10 00:00:00-04:00,38.86000061035156,38.86000061035156,37.29999923706055,37.369998931884766,31200,0.0,0.0
2025-10-14 00:00:00-04:00,37.560001373291016,38.0099983215332,37.404998779296875,37.72999954223633,35700,0.0,0.0
2025-10-15 00:00:00-04:00,38.060001373291016,38.13999938964844,37.25,37.310001373291016,23800,0.0,0.0
2025-10-16 00:00:00-04:00,37.34000015258789,37.400001525878906,36.209999084472656,36.29999923706055,34200,0.0,0.0
2025-10-17 00:00:00-04:00,36.27000045776367,37.0099983215332,36.25,36.900001525878906,38000,0.0,0.0
2025-10-20 00:00:00-04:00,36.970001220703125,37.970001220703125,36.970001220703125,37.84000015258789,32700,0.0,0.0
2025-10-21 00:00:00-04:00,37.15999984741211,38.36000061035156,37.15999984741211,37.97999954223633,31800,0.0,0.0
2025-10-22 00:00:00-04:00,37.959999084472656,38.099998474121094,37.599998474121094,37.84000015258789,28600,0.0,0.0
2025-10-23 00:00:00-04:00,37.880001068115234,39.04999923706055,37.84000015258789,38.97999954223633,38500,0.0,0.0
2025-10-24 00:00:00-04:00,39.47999954223633,39.529998779296875,38.900001525878906,39.439998626708984,39400,0.0,0.0
2025-10-27 00:00:00-04:00,39.83000183105469,40.08000183105469,39.09000015258789,39.349998474121094,34800,0.0,0.0
2025-10-28 00:00:00-04:00,39.369998931884766,39.369998931884766,38.63999938964844,38.70000076293945,54700,0.0,0.0
2025-10-29 00:00:00-04:00,38.75,38.75,35.68000030517578,35.77000045776367,88100,0.0,0.0
2025-10-30 00:00:00-04:00,35.810001373291016,36.0099983215332,34.72999954223633,34.86000061035156,60900,0.0,0.0
2025-10-31 00:00:00-04:00,35.459999084472656,35.5099983215332,34.34000015258789,35.150001525878906,93600,0.0,0.0
2025-11-03 00:00:00-05:00,35.54999923706055,36.04999923706055,35.09000015258789,35.91999816894531,71600,0.0,0.0
2025-11-04 00:00:00-05:00,35.310001373291016,35.790000915527344,34.2400016784668,34.619998931884766,37100,0.0,0.0
2025-11-05 00:00:00-05:00,35.130001068115234,35.650001525878906,34.66999816894531,35.61000061035156,35200,0.0,0.0
2025-11-06 00:00:00-05:00,35.02000045776367,35.529998779296875,34.22999954223633,34.439998626708984,50400,0.0,0.0
2025-11-07 00:00:00-05:00,35.06999969482422,36.08000183105469,31.940000534057617,32.90999984741211,170500,0.0,0.0
2025-11-10 00:00:00-05:00,33.189998626708984,33.90999984741211,32.72999954223633,33.119998931884766,126500,0.0,0.0
2025-11-11 00:00:00-05:00,32.97999954223633,33.02000045776367,32.58000183105469,33.02000045776367,57400,0.0,0.0
2025-11-12 00:00:00-05:00,33.31999969482422,33.380001068115234,32.63999938964844,33.0,49700,0.0,0.0
2025-11-13 00:00:00-05:00,32.90999984741211,32.90999984741211,31.790000915527344,31.8799991607666,56700,0.0,0.0
2025-11-14 00:00:00-05:00,31.1200008392334,31.53499984741211,30.889999389648438,31.100000381469727,71000,0.0,0.0
2025-11-17 00:00:00-05:00,30.950000762939453,31.219999313354492,29.809999465942383,29.860000610351562,60500,0.0,0.0
2025-11-18 00:00:00-05:00,29.799999237060547,29.989999771118164,28.760000228881836,28.93000030517578,56700,0.0,0.0
2025-11-19 00:00:00-05:00,28.989999771118164,29.399999618530273,28.31999969482422,29.219999313354492,99000,0.0,0.0
2025-11-20 00:00:00-05:00,29.559999465942383,29.8700008392334,28.860000610351562,28.899999618530273,201700,0.0,0.0
2025-11-21 00:00:00-05:00,28.920000076293945,29.969999313354492,28.729999542236328,29.760000228881836,166300,0.0,0.0
2025-11-24 00:00:00-05:00,30.010000228881836,30.010000228881836,29.579999923706055,29.729999542236328,116700,0.0,0.0
2025-11-25 00:00:00-05:00,29.290000915527344,30.06999969482422,29.290000915527344,29.950000762939453,46300,0.0,0.0
2025-11-26 00:00:00-05:00,30.010000228881836,30.010000228881836,28.790000915527344,29.209999084472656,69900,0.0,0.0
2025-11-27 00:00:00-05:00,28.959999084472656,29.31999969482422,28.959999084472656,29.260000228881836,35900,0.0,0.0
2025-11-28 00:00:00-05:00,29.260000228881836,29.709999084472656,29.110000610351562,29.31999969482422,43700,0.0,0.0
2025-12-01 00:00:00-05:00,29.110000610351562,29.610000610351562,28.770000457763672,28.809999465942383,160300,0.0,0.0
2025-12-02 00:00:00-05:00,29.18000030517578,29.950000762939453,28.8799991607666,29.780000686645508,62500,0.0,0.0
2025-12-03 00:00:00-05:00,29.530000686645508,30.200000762939453,29.530000686645508,30.18000030517578,31200,0.0,0.0
2025-12-04 00:00:00-05:00,30.15999984741211,30.549999237060547,30.059999465942383,30.3700008392334,34300,0.0,0.0
2025-12-05 00:00:00-05:00,30.389999389648438,30.389999389648438,29.899999618530273,30.0,36700,0.0,0.0
2025-12-08 00:00:00-05:00,30.15999984741211,30.190000534057617,29.790000915527344,29.8700008392334,46600,0.0,0.0
2025-12-09 00:00:00-05:00,29.829999923706055,30.280000686645508,29.68000030517578,29.979999542236328,67200,0.0,0.0
2025-12-10 00:00:00-05:00,30.469999313354492,31.260000228881836,30.0,30.59000015258789,61300,0.0,0.0
2025-12-11 00:00:00-05:00,30.610000610351562,30.90999984741211,30.030000686645508,30.270000457763672,35700,0.0,0.0
2025-12-12 00:00:00-05:00,30.280000686645508,30.440000534057617,30.0,30.290000915527344,25400,0.0,0.0
2025-12-15 00:00:00-05:00,30.329999923706055,30.450000762939453,29.920000076293945,30.200000762939453,43200,0.0,0.0
2025-12-16 00:00:00-05:00,29.959999084472656,30.90999984741211,29.959999084472656,30.770000457763672,24100,0.0,0.0
2025-12-17 00:00:00-05:00,30.610000610351562,31.3700008392334,29.90999984741211,29.93000030517578,34400,0.0,0.0
2025-12-18 00:00:00-05:00,30.40999984741211,30.469999313354492,29.920000076293945,30.34000015258789,78000,0.0,0.0
2025-12-19 00:00:00-05:00,30.389999389648438,30.610000610351562,29.979999542236328,30.229999542236328,41200,0.0,0.0
2025-12-22 00:00:00-05:00,30.1299991607666,30.799999237060547,29.959999084472656,30.5,51600,0.0,0.0
2025-12-23 00:00:00-05:00,30.649999618530273,30.649999618530273,30.299999237060547,30.440000534057617,27700,0.0,0.0
2025-12-24 00:00:00-05:00,30.280000686645508,30.3700008392334,30.100000381469727,30.100000381469727,10200,0.0,0.0
2025-12-29 00:00:00-05:00,29.850000381469727,30.34000015258789,29.850000381469727,30.270000457763672,43400,0.0,0.0
2025-12-30 00:00:00-05:00,30.290000915527344,31.0,30.290000915527344,30.579999923706055,78500,0.0,0.0
2025-12-31 00:00:00-05:00,30.700000762939453,30.700000762939453,30.280000686645508,30.489999771118164,21900,0.0,0.0
2026-01-02 00:00:00-05:00,30.56999969482422,30.90999984741211,30.049999237060547,30.790000915527344,49800,0.0,0.0
2026-01-05 00:00:00-05:00,30.899999618530273,32.380001068115234,30.899999618530273,31.43000030517578,40600,0.0,0.0
2026-01-06 00:00:00-05:00,31.3799991607666,31.3799991607666,30.350000381469727,30.559999465942383,38800,0.0,0.0
2026-01-07 00:00:00-05:00,30.56999969482422,31.170000076293945,30.3700008392334,31.06999969482422,44000,0.0,0.0
2026-01-08 00:00:00-05:00,31.0,31.0,30.469999313354492,30.479999542236328,36500,0.0,0.0
2026-01-09 00:00:00-05:00,30.510000228881836,30.81999969482422,30.25,30.3799991607666,64900,0.0,0.0
2026-01-12 00:00:00-05:00,30.299999237060547,30.459999084472656,29.899999618530273,30.010000228881836,62300,0.0,0.0
2026-01-13 00:00:00-05:00,30.030000686645508,30.110000610351562,28.75,29.06999969482422,96200,0.0,0.0
2026-01-14 00:00:00-05:00,29.030000686645508,29.270000457763672,27.989999771118164,28.09000015258789,78100,0.0,0.0
2026-01-15 00:00:00-05:00,28.3700008392334,28.440000534057617,27.6200008392334,27.75,56100,0.0,0.0
2026-01-16 00:00:00-05:00,28.020000457763672,28.020000457763672,27.149999618530273,27.399999618530273,76400,0.0,0.0
2026-01-19 00:00:00-05:00,27.219999313354492,27.219999313354492,26.229999542236328,26.690000534057617,54600,0.0,0.0
2026-01-20 00:00:00-05:00,26.719999313354492,27.219999313354492,26.139999389648438,26.309999465942383,84100,0.0,0.0
2026-01-21 00:00:00-05:00,26.670000076293945,26.670000076293945,25.1299991607666,25.200000762939453,110900,0.0,0.0
2026-01-22 00:00:00-05:00,25.65999984741211,26.020000457763672,25.299999237060547,25.329999923706055,73700,0.0,0.0
2026-01-23 00:00:00-05:00,25.360000610351562,26.309999465942383,25.18000030517578,25.489999771118164,128100,0.0,0.0
2026-01-26 00:00:00-05:00,25.520000457763672,25.979999542236328,25.170000076293945,25.84000015258789,177900,0.0,0.0
2026-01-27 00:00:00-05:00,26.139999389648438,26.139999389648438,25.100000381469727,25.450000762939453,58500,0.0,0.0
2026-01-28 00:00:00-05:00,25.59000015258789,26.0,24.899999618530273,25.170000076293945,91300,0.0,0.0
2026-01-29 00:00:00-05:00,26.5,27.440000534057617,26.25,26.489999771118164,286600,0.0,0.0
2026-01-30 00:00:00-05:00,26.690000534057617,27.149999618530273,26.15999984741211,26.6299991607666,189800,0.0,0.0
2026-02-02 00:00:00-05:00,26.790000915527344,27.229999542236328,26.579999923706055,26.8700008392334,97400,0.0,0.0
2026-02-03 00:00:00-05:00,26.770000457763672,26.780000686645508,25.530000686645508,26.0,265200,0.0,0.0
2026-02-04 00:00:00-05:00,26.1200008392334,26.844999313354492,25.549999237060547,26.6200008392334,183900,0.0,0.0
2026-02-05 00:00:00-05:00,26.350000381469727,26.420000076293945,25.780000686645508,26.110000610351562,135100,0.0,0.0
2026-02-06 00:00:00-05:00,26.280000686645508,26.350000381469727,25.93000030517578,26.09000015258789,83600,0.0,0.0
2026-02-09 00:00:00-05:00,26.1299991607666,26.450000762939453,25.799999237060547,26.3799991607666,103000,0.0,0.0
2026-02-10 00:00:00-05:00,26.40999984741211,27.149999618530273,26.40999984741211,26.510000228881836,139500,0.0,0.0
2026-02-11 00:00:00-05:00,26.68000030517578,26.68000030517578,25.239999771118164,25.579999923706055,238600,0.0,0.0
2026-02-12 00:00:00-05:00,25.579999923706055,25.850000381469727,25.225000381469727,25.489999771118164,229000,0.0,0.0
2026-02-13 00:00:00-05:00,25.600000381469727,26.040000915527344,25.489999771118164,25.790000915527344,160100,0.0,0.0
2026-02-17 00:00:00-05:00,25.860000610351562,25.969999313354492,25.040000915527344,25.559999465942383,136500,0.0,0.0
2026-02-18 00:00:00-05:00,25.399999618530273,25.670000076293945,22.010000228881836,22.18000030517578,564400,0.0,0.0
2026-02-19 00:00:00-05:00,22.56999969482422,23.405000686645508,22.0,23.290000915527344,331200,0.0,0.0
2026-02-20 00:00:00-05:00,23.43000030517578,24.450000762939453,23.309999465942383,23.469999313354492,316500,0.0,0.0
2026-02-23 00:00:00-05:00,23.459999084472656,23.459999084472656,22.209999084472656,22.600000381469727,135800,0.0,0.0
2026-02-24 00:00:00-05:00,22.65999984741211,23.0,22.3700008392334,22.56999969482422,185200,0.0,0.0
2026-02-25 00:00:00-05:00,22.6299991607666,23.34000015258789,22.34000015258789,23.280000686645508,95500,0.0,0.0
2026-02-26 00:00:00-05:00,23.889999389648438,24.549999237060547,23.729999542236328,24.479999542236328,208700,0.0,0.0
2026-02-27 00:00:00-05:00,24.760000228881836,25.649999618530273,23.549999237060547,23.559999465942383,304200,0.0,0.0
2026-03-02 00:00:00-05:00,24.110000610351562,24.809999465942383,23.670000076293945,24.18000030517578,154100,0.0,0.0
2026-03-03 00:00:00-05:00,23.979999542236328,25.40999984741211,23.565000534057617,25.09000015258789,99600,0.0,0.0
2026-03-04 00:00:00-05:00,25.09000015258789,25.549999237060547,24.959999084472656,25.389999389648438,71100,0.0,0.0
2026-03-05 00:00:00-05:00,25.399999618530273,26.65999984741211,25.399999618530273,26.020000457763672,181700,0.0,0.0
2026-03-06 00:00:00-05:00,25.770000457763672,26.700000762939453,25.770000457763672,26.350000381469727,130800,0.0,0.0
2026-03-09 00:00:00-04:00,26.049999237060547,26.434999465942383,25.219999313354492,25.739999771118164,70400,0.0,0.0
2026-03-10 00:00:00-04:00,25.639999389648438,25.65999984741211,24.700000762939453,25.399999618530273,78400,0.0,0.0
2026-03-11 00:00:00-04:00,26.1299991607666,30.75,26.100000381469727,30.649999618530273,390600,0.0,0.0
2026-03-12 00:00:00-04:00,30.329999923706055,30.329999923706055,26.700000762939453,26.790000915527344,302300,0.0,0.0
2026-03-13 00:00:00-04:00,27.18000030517578,27.18000030517578,25.969999313354492,26.09000015258789,142800,0.0,0.0
2026-03-16 00:00:00-04:00,26.520000457763672,27.5,26.100000381469727,27.299999237060547,105600,0.0,0.0
2026-03-17 00:00:00-04:00,27.309999465942383,27.75,27.020000457763672,27.25,175300,0.0,0.0
2026-03-18 00:00:00-04:00,27.010000228881836,27.739999771118164,27.010000228881836,27.15999984741211,76300,0.0,0.0
2026-03-19 00:00:00-04:00,27.170000076293945,27.8700008392334,26.799999237060547,26.969999313354492,79400,0.0,0.0
2026-03-20 00:00:00-04:00,26.43000030517578,26.979999542236328,26.290000915527344,26.6200008392334,148753,0.0,0.0
