Date,Open,High,Low,Close,Volume,Dividends,Stock Splits
2024-03-26 00:00:00-04:00,8.25,32.0,8.25,9.0,617000,0.0,0.0
2024-03-27 00:00:00-04:00,11.0,17.600000381469727,10.119999885559082,17.600000381469727,1467600,0.0,0.0
2024-03-28 00:00:00-04:00,17.049999237060547,29.200000762939453,15.020000457763672,25.0,2258600,0.0,0.0
2024-04-01 00:00:00-04:00,28.239999771118164,28.799999237060547,20.889999389648438,24.43000030517578,1102300,0.0,0.0
2024-04-02 00:00:00-04:00,23.530000686645508,24.649999618530273,21.139999389648438,21.219999313354492,261800,0.0,0.0
2024-04-03 00:00:00-04:00,22.520000457763672,28.711000442504883,22.520000457763672,27.020000457763672,908400,0.0,0.0
2024-04-04 00:00:00-04:00,28.790000915527344,40.0,27.1299991607666,33.540000915527344,3155100,0.0,0.0
2024-04-05 00:00:00-04:00,42.79999923706055,75.79000091552734,40.02000045776367,59.20000076293945,5762900,0.0,0.0
2024-04-08 00:00:00-04:00,64.98999786376953,105.0,64.30000305175781,99.79000091552734,8269300,0.0,0.0
2024-04-09 00:00:00-04:00,98.04000091552734,98.77999877929688,55.349998474121094,64.0,9114700,0.0,0.0
2024-04-10 00:00:00-04:00,50.41999816894531,60.0,46.61000061035156,56.0,4822700,0.0,0.0
2024-04-11 00:00:00-04:00,61.20000076293945,61.75,49.52299880981445,50.40999984741211,2706800,0.0,0.0
2024-04-12 00:00:00-04:00,47.5,47.970001220703125,28.75,29.0,3753400,0.0,0.0
2024-04-15 00:00:00-04:00,34.5,44.47999954223633,31.719999313354492,36.880001068115234,4683100,0.0,0.0
2024-04-16 00:00:00-04:00,41.380001068115234,45.349998474121094,38.209999084472656,43.5,3152300,0.0,0.0
2024-04-17 00:00:00-04:00,32.0,36.47999954223633,29.049999237060547,29.530000686645508,1918800,0.0,0.0
2024-04-18 00:00:00-04:00,30.989999771118164,33.529998779296875,30.010000228881836,32.2599983215332,966100,0.0,0.0
2024-04-19 00:00:00-04:00,30.510000228881836,30.700000762939453,25.299999237060547,28.389999389648438,1027900,0.0,0.0
2024-04-22 00:00:00-04:00,25.010000228881836,28.427000045776367,24.0,24.690000534057617,738100,0.0,0.0
2024-04-23 00:00:00-04:00,25.860000610351562,31.0,25.84000015258789,28.489999771118164,1066700,0.0,0.0
2024-04-24 00:00:00-04:00,31.149999618530273,31.709999084472656,26.270000457763672,26.5,731000,0.0,0.0
2024-04-25 00:00:00-04:00,25.059999465942383,26.6200008392334,23.5,24.559999465942383,929900,0.0,0.0
2024-04-26 00:00:00-04:00,23.600000381469727,23.600000381469727,16.6560001373291,18.829999923706055,3775100,0.0,0.0
2024-04-29 00:00:00-04:00,18.139999389648438,19.8799991607666,16.799999237060547,17.25,1636800,0.0,0.0
2024-04-30 00:00:00-04:00,17.690000534057617,19.31999969482422,16.709999084472656,17.489999771118164,1207400,0.0,0.0
2024-05-01 00:00:00-04:00,17.5,17.5,14.300000190734863,14.90999984741211,1207100,0.0,0.0
2024-05-02 00:00:00-04:00,14.9399995803833,15.489999771118164,12.850000381469727,13.199999809265137,1503900,0.0,0.0
2024-05-03 00:00:00-04:00,13.40999984741211,16.389999389648438,12.65999984741211,13.0,2507800,0.0,0.0
2024-05-06 00:00:00-04:00,13.609999656677246,14.359999656677246,13.0,13.5,1060900,0.0,0.0
2024-05-07 00:00:00-04:00,13.960000038146973,16.850000381469727,13.760000228881836,13.770000457763672,2738000,0.0,0.0
2024-05-08 00:00:00-04:00,14.399999618530273,15.390000343322754,14.020000457763672,14.40999984741211,1002000,0.0,0.0
2024-05-09 00:00:00-04:00,14.960000038146973,15.204000473022461,13.5,13.859999656677246,919600,0.0,0.0
2024-05-10 00:00:00-04:00,14.100000381469727,14.729999542236328,14.100000381469727,14.449999809265137,683600,0.0,0.0
2024-05-13 00:00:00-04:00,15.149999618530273,17.799999237060547,15.100000381469727,16.040000915527344,2506600,0.0,0.0
2024-05-14 00:00:00-04:00,17.579999923706055,18.200000762939453,16.700000762939453,16.940000534057617,1408200,0.0,0.0
2024-05-15 00:00:00-04:00,17.399999618530273,17.5,16.06999969482422,16.719999313354492,525500,0.0,0.0
2024-05-16 00:00:00-04:00,17.149999618530273,17.149999618530273,14.770000457763672,15.489999771118164,758700,0.0,0.0
2024-05-17 00:00:00-04:00,15.0,15.237000465393066,14.390000343322754,14.779999732971191,477800,0.0,0.0
2024-05-20 00:00:00-04:00,15.029999732971191,15.600000381469727,14.779999732971191,15.1899995803833,448600,0.0,0.0
2024-05-21 00:00:00-04:00,15.0,15.3100004196167,14.449999809265137,15.140000343322754,554600,0.0,0.0
2024-05-22 00:00:00-04:00,15.100000381469727,15.100000381469727,13.680000305175781,13.779999732971191,561500,0.0,0.0
2024-05-23 00:00:00-04:00,14.199999809265137,14.449999809265137,13.329999923706055,13.979999542236328,381500,0.0,0.0
2024-05-24 00:00:00-04:00,14.210000038146973,15.75,14.199999809265137,15.079999923706055,1114300,0.0,0.0
2024-05-28 00:00:00-04:00,14.970000267028809,15.949999809265137,14.600000381469727,15.25,626400,0.0,0.0
2024-05-29 00:00:00-04:00,15.0,15.510000228881836,14.949999809265137,15.489999771118164,280700,0.0,0.0
2024-05-30 00:00:00-04:00,15.449999809265137,15.949999809265137,15.09000015258789,15.5,346900,0.0,0.0
2024-05-31 00:00:00-04:00,15.399999618530273,15.710000038146973,14.420000076293945,14.869999885559082,387900,0.0,0.0
2024-06-03 00:00:00-04:00,15.109999656677246,15.350000381469727,7.75,13.819999694824219,677800,0.0,0.0
2024-06-04 00:00:00-04:00,13.699999809265137,14.300000190734863,13.470000267028809,13.800000190734863,273600,0.0,0.0
2024-06-05 00:00:00-04:00,13.850000381469727,14.199999809265137,13.75,14.100000381469727,233300,0.0,0.0
2024-06-06 00:00:00-04:00,14.050000190734863,14.050000190734863,13.16100025177002,13.399999618530273,378300,0.0,0.0
2024-06-07 00:00:00-04:00,13.380000114440918,13.449999809265137,12.420000076293945,12.899999618530273,342400,0.0,0.0
2024-06-10 00:00:00-04:00,12.720000267028809,13.470000267028809,12.529999732971191,13.140000343322754,326900,0.0,0.0
2024-06-11 00:00:00-04:00,13.0,13.050000190734863,12.550000190734863,12.699999809265137,144300,0.0,0.0
2024-06-12 00:00:00-04:00,12.800000190734863,14.100000381469727,12.699999809265137,13.289999961853027,524500,0.0,0.0
2024-06-13 00:00:00-04:00,13.649999618530273,13.649999618530273,13.050000190734863,13.1899995803833,126200,0.0,0.0
2024-06-14 00:00:00-04:00,13.149999618530273,13.206999778747559,12.850000381469727,12.989999771118164,120500,0.0,0.0
2024-06-17 00:00:00-04:00,12.899999618530273,13.25,12.70199966430664,12.800000190734863,137600,0.0,0.0
2024-06-18 00:00:00-04:00,12.800000190734863,13.329999923706055,12.800000190734863,13.069999694824219,122600,0.0,0.0
2024-06-20 00:00:00-04:00,13.069999694824219,13.199999809265137,12.40999984741211,12.5,184500,0.0,0.0
2024-06-21 00:00:00-04:00,12.520000457763672,12.715999603271484,12.449999809265137,12.600000381469727,75900,0.0,0.0
2024-06-24 00:00:00-04:00,12.449999809265137,12.600000381469727,11.399999618530273,11.520000457763672,303200,0.0,0.0
2024-06-25 00:00:00-04:00,11.369999885559082,11.550000190734863,11.239999771118164,11.470000267028809,154400,0.0,0.0
2024-06-26 00:00:00-04:00,11.399999618530273,11.460000038146973,10.710000038146973,10.800000190734863,205300,0.0,0.0
2024-06-27 00:00:00-04:00,11.699999809265137,15.100000381469727,11.210000038146973,14.4399995803833,2657700,0.0,0.0
2024-06-28 00:00:00-04:00,16.299999237060547,18.290000915527344,14.899999618530273,15.220000267028809,2785500,0.0,0.0
2024-07-01 00:00:00-04:00,15.300000190734863,16.149999618530273,13.0,13.59000015258789,908600,0.0,0.0
2024-07-02 00:00:00-04:00,13.449999809265137,14.789999961853027,13.399999618530273,13.979999542236328,442800,0.0,0.0
2024-07-03 00:00:00-04:00,14.020000457763672,14.210000038146973,13.199999809265137,13.5,250400,0.0,0.0
2024-07-05 00:00:00-04:00,13.779999732971191,15.550000190734863,13.6899995803833,14.489999771118164,826700,0.0,0.0
2024-07-08 00:00:00-04:00,15.119999885559082,15.979999542236328,14.90999984741211,15.180000305175781,475800,0.0,0.0
2024-07-09 00:00:00-04:00,15.920000076293945,15.920000076293945,14.40999984741211,14.859999656677246,306500,0.0,0.0
2024-07-10 00:00:00-04:00,14.789999961853027,14.967000007629395,14.0600004196167,14.210000038146973,216700,0.0,0.0
2024-07-11 00:00:00-04:00,14.4399995803833,15.229999542236328,13.380000114440918,13.680000305175781,515500,0.0,0.0
2024-07-12 00:00:00-04:00,13.699999809265137,14.979000091552734,13.649999618530273,14.579999923706055,265200,0.0,0.0
2024-07-15 00:00:00-04:00,15.010000228881836,15.699999809265137,14.09000015258789,14.25,457000,0.0,0.0
2024-07-16 00:00:00-04:00,14.5600004196167,14.90999984741211,14.229999542236328,14.729999542236328,206300,0.0,0.0
2024-07-17 00:00:00-04:00,14.460000038146973,14.725000381469727,13.979999542236328,14.239999771118164,192500,0.0,0.0
2024-07-18 00:00:00-04:00,14.25,14.5,13.609999656677246,13.890000343322754,185800,0.0,0.0
2024-07-19 00:00:00-04:00,13.800000190734863,13.84000015258789,13.260000228881836,13.550000190734863,164200,0.0,0.0
2024-07-22 00:00:00-04:00,13.5600004196167,13.84000015258789,13.364999771118164,13.84000015258789,132000,0.0,0.0
2024-07-23 00:00:00-04:00,13.670000076293945,13.819999694824219,13.319999694824219,13.539999961853027,160300,0.0,0.0
2024-07-24 00:00:00-04:00,13.220000267028809,13.420000076293945,12.310999870300293,13.119999885559082,357300,0.0,0.0
2024-07-25 00:00:00-04:00,12.430000305175781,12.947999954223633,11.699999809265137,12.220000267028809,399900,0.0,0.0
2024-07-26 00:00:00-04:00,12.579999923706055,13.0,12.510000228881836,13.0,241400,0.0,0.0
2024-07-29 00:00:00-04:00,13.100000381469727,13.51200008392334,12.329999923706055,12.350000381469727,205100,0.0,0.0
2024-07-30 00:00:00-04:00,12.5,12.550000190734863,11.899999618530273,12.039999961853027,140700,0.0,0.0
2024-07-31 00:00:00-04:00,12.199999809265137,12.640000343322754,12.199999809265137,12.279999732971191,104900,0.0,0.0
2024-08-01 00:00:00-04:00,12.1899995803833,12.199999809265137,11.029999732971191,11.140000343322754,527600,0.0,0.0
2024-08-02 00:00:00-04:00,10.930000305175781,11.255000114440918,10.550000190734863,10.829999923706055,250200,0.0,0.0
2024-08-05 00:00:00-04:00,9.3100004196167,10.170000076293945,9.0,9.75,580300,0.0,0.0
2024-08-06 00:00:00-04:00,10.175000190734863,10.479999542236328,9.899999618530273,9.90999984741211,198100,0.0,0.0
2024-08-07 00:00:00-04:00,10.300000190734863,10.670000076293945,9.510000228881836,9.630000114440918,184900,0.0,0.0
2024-08-08 00:00:00-04:00,10.0,10.279999732971191,9.569999694824219,10.279999732971191,134000,0.0,0.0
2024-08-09 00:00:00-04:00,10.279999732971191,10.5,10.010000228881836,10.229999542236328,95200,0.0,0.0
2024-08-12 00:00:00-04:00,10.25,10.350000381469727,10.109999656677246,10.260000228881836,58600,0.0,0.0
2024-08-13 00:00:00-04:00,10.380000114440918,10.449999809265137,10.119999885559082,10.369999885559082,83000,0.0,0.0
2024-08-14 00:00:00-04:00,10.449999809265137,10.579999923706055,9.890000343322754,10.020000457763672,120200,0.0,0.0
2024-08-15 00:00:00-04:00,10.0,11.493000030517578,10.0,10.899999618530273,249600,0.0,0.0
2024-08-16 00:00:00-04:00,11.079999923706055,11.9399995803833,11.010000228881836,11.380000114440918,226000,0.0,0.0
2024-08-19 00:00:00-04:00,11.699999809265137,13.800000190734863,11.699999809265137,13.149999618530273,615100,0.0,0.0
2024-08-20 00:00:00-04:00,13.779999732971191,14.149999618530273,12.399999618530273,13.010000228881836,396900,0.0,0.0
2024-08-21 00:00:00-04:00,13.0,13.5,12.550000190734863,13.069999694824219,303000,0.0,0.0
2024-08-22 00:00:00-04:00,13.15999984741211,13.399999618530273,12.420000076293945,12.569999694824219,188300,0.0,0.0
2024-08-23 00:00:00-04:00,13.0,13.050000190734863,12.319999694824219,12.470000267028809,209000,0.0,0.0
2024-08-26 00:00:00-04:00,12.819999694824219,13.399999618530273,12.600000381469727,12.729999542236328,200700,0.0,0.0
2024-08-27 00:00:00-04:00,12.720000267028809,13.25,12.654999732971191,13.020000457763672,115900,0.0,0.0
2024-08-28 00:00:00-04:00,13.050000190734863,13.090999603271484,11.859999656677246,12.470000267028809,225000,0.0,0.0
2024-08-29 00:00:00-04:00,12.289999961853027,12.899999618530273,12.289999961853027,12.529999732971191,123300,0.0,0.0
2024-08-30 00:00:00-04:00,12.680000305175781,13.149999618530273,12.60099983215332,13.029999732971191,135100,0.0,0.0
2024-09-03 00:00:00-04:00,12.59000015258789,12.850000381469727,11.520000457763672,11.520000457763672,282600,0.0,0.0
2024-09-04 00:00:00-04:00,11.289999961853027,11.970000267028809,11.25,11.510000228881836,84400,0.0,0.0
2024-09-05 00:00:00-04:00,11.100000381469727,11.430000305175781,10.600000381469727,10.979999542236328,164000,0.0,0.0
2024-09-06 00:00:00-04:00,10.979999542236328,11.579999923706055,10.119999885559082,10.260000228881836,225700,0.0,0.0
2024-09-09 00:00:00-04:00,10.670000076293945,11.029999732971191,10.520000457763672,10.800000190734863,92700,0.0,0.0
2024-09-10 00:00:00-04:00,11.050000190734863,11.470000267028809,11.029999732971191,11.3100004196167,98900,0.0,0.0
2024-09-11 00:00:00-04:00,11.34000015258789,11.800000190734863,10.90999984741211,11.6899995803833,119300,0.0,0.0
2024-09-12 00:00:00-04:00,11.800000190734863,11.949999809265137,11.59000015258789,11.649999618530273,115200,0.0,0.0
2024-09-13 00:00:00-04:00,12.0,12.0,11.579999923706055,11.819999694824219,97900,0.0,0.0
2024-09-16 00:00:00-04:00,11.869999885559082,11.920000076293945,11.270000457763672,11.40999984741211,101100,0.0,0.0
2024-09-17 00:00:00-04:00,11.5,11.850000381469727,11.329999923706055,11.529999732971191,133500,0.0,0.0
2024-09-18 00:00:00-04:00,11.449999809265137,11.960000038146973,11.380000114440918,11.819999694824219,101000,0.0,0.0
2024-09-19 00:00:00-04:00,12.25,12.265999794006348,11.630000114440918,11.729999542236328,113600,0.0,0.0
2024-09-20 00:00:00-04:00,11.90999984741211,11.944000244140625,11.100000381469727,11.100000381469727,115600,0.0,0.0
2024-09-23 00:00:00-04:00,11.199999809265137,11.345000267028809,10.760000228881836,10.880000114440918,138900,0.0,0.0
2024-09-24 00:00:00-04:00,10.84000015258789,10.899999618530273,10.390000343322754,10.479999542236328,304300,0.0,0.0
2024-09-25 00:00:00-04:00,10.550000190734863,10.6899995803833,10.199999809265137,10.300000190734863,159600,0.0,0.0
2024-09-26 00:00:00-04:00,10.539999961853027,10.6899995803833,10.260000228881836,10.34000015258789,199300,0.0,0.0
2024-09-27 00:00:00-04:00,10.34000015258789,10.619999885559082,10.0600004196167,10.199999809265137,243800,0.0,0.0
2024-09-30 00:00:00-04:00,10.100000381469727,10.192999839782715,9.859999656677246,9.949999809265137,255400,0.0,0.0
2024-10-01 00:00:00-04:00,9.949999809265137,10.0,9.630000114440918,9.880000114440918,221500,0.0,0.0
2024-10-02 00:00:00-04:00,9.819999694824219,10.180000305175781,9.75,9.979999542236328,204400,0.0,0.0
2024-10-03 00:00:00-04:00,10.100000381469727,10.880000114440918,10.100000381469727,10.260000228881836,317000,0.0,0.0
2024-10-04 00:00:00-04:00,10.5600004196167,10.739999771118164,9.90999984741211,10.109999656677246,298400,0.0,0.0
2024-10-07 00:00:00-04:00,10.010000228881836,10.0600004196167,9.75,9.949999809265137,181700,0.0,0.0
2024-10-08 00:00:00-04:00,9.930000305175781,10.050000190734863,9.8100004196167,9.899999618530273,139400,0.0,0.0
2024-10-09 00:00:00-04:00,10.0,10.239999771118164,9.854999542236328,9.9399995803833,138200,0.0,0.0
2024-10-10 00:00:00-04:00,10.0,10.050000190734863,9.86400032043457,9.930000305175781,93100,0.0,0.0
2024-10-11 00:00:00-04:00,10.0,10.029999732971191,9.859999656677246,9.979999542236328,155000,0.0,0.0
2024-10-14 00:00:00-04:00,11.460000038146973,13.430000305175781,10.800000190734863,12.079999923706055,2396300,0.0,0.0
2024-10-15 00:00:00-04:00,12.649999618530273,13.5,11.149999618530273,11.960000038146973,1350100,0.0,0.0
2024-10-16 00:00:00-04:00,12.0,12.029999732971191,11.031999588012695,11.329999923706055,357300,0.0,0.0
2024-10-17 00:00:00-04:00,11.600000381469727,11.649999618530273,10.88700008392334,10.930000305175781,245400,0.0,0.0
2024-10-18 00:00:00-04:00,10.942000389099121,12.0,10.942000389099121,11.710000038146973,392600,0.0,0.0
2024-10-21 00:00:00-04:00,11.75,12.329999923706055,11.239999771118164,11.399999618530273,241000,0.0,0.0
2024-10-22 00:00:00-04:00,11.40999984741211,11.850000381469727,11.329999923706055,11.520000457763672,169000,0.0,0.0
2024-10-23 00:00:00-04:00,11.5,11.722000122070312,11.109999656677246,11.15999984741211,151800,0.0,0.0
2024-10-24 00:00:00-04:00,11.520000457763672,11.989999771118164,11.350000381469727,11.600000381469727,245000,0.0,0.0
2024-10-25 00:00:00-04:00,11.800000190734863,12.09000015258789,11.65999984741211,11.989999771118164,270100,0.0,0.0
2024-10-28 00:00:00-04:00,12.149999618530273,12.199999809265137,11.600000381469727,11.779999732971191,236400,0.0,0.0
2024-10-29 00:00:00-04:00,11.779999732971191,11.779999732971191,11.25,11.359999656677246,255200,0.0,0.0
2024-10-30 00:00:00-04:00,11.40999984741211,11.539999961853027,11.050000190734863,11.359999656677246,139700,0.0,0.0
2024-10-31 00:00:00-04:00,11.220000267028809,11.289999961853027,10.65999984741211,10.789999961853027,207200,0.0,0.0
2024-11-01 00:00:00-04:00,11.010000228881836,11.270999908447266,10.901000022888184,11.180000305175781,175300,0.0,0.0
2024-11-04 00:00:00-05:00,11.199999809265137,11.34000015258789,10.899999618530273,10.90999984741211,129900,0.0,0.0
2024-11-05 00:00:00-05:00,11.100000381469727,11.989999771118164,11.086000442504883,11.59000015258789,275400,0.0,0.0
2024-11-06 00:00:00-05:00,13.600000381469727,17.450000762939453,12.329999923706055,15.890000343322754,5363700,0.0,0.0
2024-11-07 00:00:00-05:00,21.670000076293945,27.8799991607666,20.010000228881836,22.100000381469727,12205800,0.0,0.0
2024-11-08 00:00:00-05:00,25.200000762939453,42.77000045776367,23.010000228881836,36.20000076293945,19061100,0.0,0.0
2024-11-11 00:00:00-05:00,47.4900016784668,50.0,36.880001068115234,42.43000030517578,20218900,0.0,0.0
2024-11-12 00:00:00-05:00,36.38999938964844,36.749000549316406,30.020000457763672,30.399999618530273,7425300,0.0,0.0
2024-11-13 00:00:00-05:00,34.0,35.87799835205078,31.700000762939453,33.0099983215332,5303200,0.0,0.0
2024-11-14 00:00:00-05:00,31.489999771118164,31.979999542236328,26.59000015258789,28.68000030517578,3031400,0.0,0.0
2024-11-15 00:00:00-05:00,27.5,35.849998474121094,26.940000534057617,32.189998626708984,5547200,0.0,0.0
2024-11-18 00:00:00-05:00,36.16999816894531,38.5,34.0,36.560001373291016,5116700,0.0,0.0
2024-11-19 00:00:00-05:00,36.79999923706055,45.499000549316406,34.959999084472656,45.36000061035156,6273600,0.0,0.0
2024-11-20 00:00:00-05:00,38.209999084472656,40.4900016784668,35.9900016784668,37.849998474121094,3450400,0.0,0.0
2024-11-21 00:00:00-05:00,39.5,40.540000915527344,36.849998474121094,39.47999954223633,2322900,0.0,0.0
2024-11-22 00:00:00-05:00,39.0,46.20000076293945,38.29999923706055,41.970001220703125,3551200,0.0,0.0
2024-11-25 00:00:00-05:00,47.47999954223633,47.599998474121094,40.599998474121094,43.88999938964844,2875200,0.0,0.0
2024-11-26 00:00:00-05:00,41.790000915527344,47.0,39.5099983215332,43.59000015258789,2237300,0.0,0.0
2024-11-27 00:00:00-05:00,43.6349983215332,44.27000045776367,38.79999923706055,39.97999954223633,1703100,0.0,0.0
2024-11-29 00:00:00-05:00,41.11000061035156,42.400001525878906,40.189998626708984,41.2599983215332,700500,0.0,0.0
2024-12-02 00:00:00-05:00,42.599998474121094,45.0,39.20000076293945,40.56999969482422,1921900,0.0,0.0
2024-12-03 00:00:00-05:00,42.41999816894531,43.08000183105469,40.79999923706055,42.45000076293945,1064100,0.0,0.0
2024-12-04 00:00:00-05:00,42.900001525878906,48.439998626708984,42.2599983215332,46.400001525878906,2973200,0.0,0.0
2024-12-05 00:00:00-05:00,48.720001220703125,53.77000045776367,48.56999969482422,51.599998474121094,3762900,0.0,0.0
2024-12-06 00:00:00-05:00,54.42499923706055,67.26000213623047,54.099998474121094,67.26000213623047,4652100,0.0,0.0
2024-12-09 00:00:00-05:00,71.1500015258789,72.87000274658203,51.099998474121094,60.040000915527344,8136800,0.0,0.0
2024-12-10 00:00:00-05:00,57.52000045776367,64.20999908447266,56.599998474121094,61.36000061035156,2944100,0.0,0.0
2024-12-11 00:00:00-05:00,64.3949966430664,77.3499984741211,63.849998474121094,66.31999969482422,5879500,0.0,0.0
2024-12-12 00:00:00-05:00,68.19999694824219,77.0,67.0,72.54000091552734,4272700,0.0,0.0
2024-12-13 00:00:00-05:00,69.46499633789062,71.80000305175781,65.27999877929688,70.12999725341797,2987700,0.0,0.0
2024-12-16 00:00:00-05:00,71.18000030517578,75.0,69.0,69.2699966430664,2319800,0.0,0.0
2024-12-17 00:00:00-05:00,69.57499694824219,69.7699966430664,64.08000183105469,69.7699966430664,2159200,0.0,0.0
2024-12-18 00:00:00-05:00,66.3499984741211,71.51000213623047,60.0,61.810001373291016,2433000,0.0,0.0
2024-12-19 00:00:00-05:00,65.02999877929688,66.87000274658203,58.61000061035156,60.11000061035156,1497700,0.0,0.0
2024-12-20 00:00:00-05:00,56.79999923706055,63.779998779296875,55.07600021362305,60.119998931884766,1730100,0.0,0.0
2024-12-23 00:00:00-05:00,62.84000015258789,68.0,61.0,68.0,1533700,0.0,0.0
2024-12-24 00:00:00-05:00,66.87999725341797,70.45500183105469,65.36000061035156,68.98999786376953,1132400,0.0,0.0
2024-12-26 00:00:00-05:00,66.88099670410156,69.46299743652344,65.19999694824219,68.0,921600,0.0,0.0
2024-12-27 00:00:00-05:00,69.08999633789062,69.12999725341797,61.52000045776367,65.30000305175781,1172000,0.0,0.0
2024-12-30 00:00:00-05:00,61.220001220703125,62.959999084472656,58.0,60.189998626708984,1231800,0.0,0.0
2024-12-31 00:00:00-05:00,62.79999923706055,65.5,57.5,58.86000061035156,1412400,0.0,0.0
2025-01-02 00:00:00-05:00,59.52000045776367,61.05400085449219,55.189998626708984,57.15999984741211,1131700,0.0,0.0
2025-01-03 00:00:00-05:00,56.26499938964844,62.34000015258789,56.0,61.70000076293945,1153400,0.0,0.0
2025-01-06 00:00:00-05:00,65.7699966430664,67.0,61.59000015258789,61.779998779296875,1346300,0.0,0.0
2025-01-07 00:00:00-05:00,60.369998931884766,61.849998474121094,57.5,59.040000915527344,996900,0.0,0.0
2025-01-08 00:00:00-05:00,58.59000015258789,59.79999923706055,54.189998626708984,58.099998474121094,1055000,0.0,0.0
2025-01-10 00:00:00-05:00,56.119998931884766,56.88999938964844,52.0,56.45000076293945,1227200,0.0,0.0
2025-01-13 00:00:00-05:00,52.025001525878906,52.45000076293945,48.47999954223633,48.4900016784668,1321500,0.0,0.0
2025-01-14 00:00:00-05:00,53.060001373291016,55.0,49.0,49.810001373291016,1157500,0.0,0.0
2025-01-15 00:00:00-05:00,53.20000076293945,55.5099983215332,51.29999923706055,55.279998779296875,890100,0.0,0.0
2025-01-16 00:00:00-05:00,56.83000183105469,57.380001068115234,53.79999923706055,57.380001068115234,828000,0.0,0.0
2025-01-17 00:00:00-05:00,56.20000076293945,57.9900016784668,54.61000061035156,56.540000915527344,1112300,0.0,0.0
2025-01-21 00:00:00-05:00,61.18000030517578,62.0,58.22999954223633,61.279998779296875,1980200,0.0,0.0
2025-01-22 00:00:00-05:00,64.1500015258789,67.69000244140625,63.0,65.27999877929688,2010000,0.0,0.0
2025-01-23 00:00:00-05:00,63.564998626708984,64.5999984741211,60.0,64.44999694824219,1327100,0.0,0.0
2025-01-24 00:00:00-05:00,64.3499984741211,65.9000015258789,62.33000183105469,62.90999984741211,886300,0.0,0.0
2025-01-27 00:00:00-05:00,60.0,62.375,56.040000915527344,58.70000076293945,1439700,0.0,0.0
2025-01-28 00:00:00-05:00,58.91999816894531,59.0,53.38999938964844,56.599998474121094,860900,0.0,0.0
2025-01-29 00:00:00-05:00,57.099998474121094,58.38999938964844,55.0,56.16999816894531,683600,0.0,0.0
2025-01-30 00:00:00-05:00,56.880001068115234,58.41999816894531,54.11000061035156,56.86000061035156,785700,0.0,0.0
2025-01-31 00:00:00-05:00,57.97999954223633,60.88999938964844,54.68000030517578,54.68000030517578,1051700,0.0,0.0
2025-02-03 00:00:00-05:00,50.57500076293945,54.13999938964844,49.0,52.560001373291016,824300,0.0,0.0
2025-02-04 00:00:00-05:00,54.45000076293945,56.448001861572266,53.400001525878906,53.459999084472656,780800,0.0,0.0
2025-02-05 00:00:00-05:00,53.86000061035156,54.5,51.220001220703125,51.470001220703125,574400,0.0,0.0
2025-02-06 00:00:00-05:00,53.29999923706055,54.5,51.400001525878906,52.439998626708984,621100,0.0,0.0
2025-02-07 00:00:00-05:00,52.75,53.439998626708984,50.70000076293945,50.79999923706055,588900,0.0,0.0
2025-02-10 00:00:00-05:00,51.099998474121094,52.5,50.119998931884766,52.189998626708984,597600,0.0,0.0
2025-02-11 00:00:00-05:00,51.59000015258789,51.97999954223633,45.79999923706055,46.310001373291016,900100,0.0,0.0
2025-02-12 00:00:00-05:00,46.345001220703125,50.39400100708008,46.345001220703125,49.04999923706055,661000,0.0,0.0
2025-02-13 00:00:00-05:00,50.849998474121094,52.965999603271484,50.380001068115234,51.0,626100,0.0,0.0
2025-02-14 00:00:00-05:00,52.849998474121094,53.5,50.31999969482422,50.31999969482422,470000,0.0,0.0
2025-02-18 00:00:00-05:00,51.56999969482422,51.61000061035156,49.5099983215332,50.54999923706055,379100,0.0,0.0
2025-02-19 00:00:00-05:00,50.494998931884766,55.380001068115234,49.95000076293945,54.0,906600,0.0,0.0
2025-02-20 00:00:00-05:00,53.52000045776367,53.52000045776367,49.5099983215332,50.83000183105469,705400,0.0,0.0
2025-02-21 00:00:00-05:00,51.5,52.07500076293945,47.5099983215332,48.27000045776367,638500,0.0,0.0
2025-02-24 00:00:00-05:00,48.599998474121094,49.130001068115234,43.209999084472656,44.7599983215332,869800,0.0,0.0
2025-02-25 00:00:00-05:00,44.02000045776367,44.4900016784668,34.880001068115234,37.029998779296875,1390500,0.0,0.0
2025-02-26 00:00:00-05:00,38.95000076293945,42.41999816894531,38.939998626708984,40.900001525878906,757700,0.0,0.0
2025-02-27 00:00:00-05:00,42.685001373291016,43.18000030517578,39.099998474121094,40.689998626708984,497600,0.0,0.0
2025-02-28 00:00:00-05:00,39.0,41.5099983215332,37.58000183105469,40.599998474121094,627100,0.0,0.0
2025-03-03 00:00:00-05:00,41.849998474121094,42.47999954223633,37.0,37.13999938964844,460400,0.0,0.0
2025-03-04 00:00:00-05:00,35.57500076293945,36.95000076293945,32.099998474121094,35.20000076293945,913600,0.0,0.0
2025-03-05 00:00:00-05:00,35.11000061035156,36.58000183105469,34.104000091552734,36.58000183105469,349400,0.0,0.0
2025-03-06 00:00:00-05:00,34.54999923706055,35.880001068115234,33.11000061035156,33.2400016784668,404100,0.0,0.0
2025-03-07 00:00:00-05:00,32.9900016784668,33.45000076293945,29.899999618530273,32.33000183105469,573300,0.0,0.0
2025-03-10 00:00:00-04:00,30.229999542236328,30.795000076293945,28.200000762939453,29.200000762939453,584000,0.0,0.0
2025-03-11 00:00:00-04:00,28.704999923706055,29.469999313354492,25.190000534057617,28.790000915527344,783100,0.0,0.0
2025-03-12 00:00:00-04:00,30.315000534057617,31.899999618530273,28.799999237060547,30.18000030517578,490800,0.0,0.0
2025-03-13 00:00:00-04:00,30.239999771118164,31.8799991607666,28.6299991607666,29.360000610351562,250100,0.0,0.0
2025-03-14 00:00:00-04:00,30.55500030517578,33.59000015258789,30.135000228881836,33.29999923706055,466000,0.0,0.0
2025-03-17 00:00:00-04:00,36.375,40.04999923706055,34.880001068115234,38.9900016784668,1360400,0.0,0.0
2025-03-18 00:00:00-04:00,38.41999816894531,38.95000076293945,35.0,37.779998779296875,604300,0.0,0.0
2025-03-19 00:00:00-04:00,38.06999969482422,41.380001068115234,37.7400016784668,40.54999923706055,621800,0.0,0.0
2025-03-20 00:00:00-04:00,38.65999984741211,41.77000045776367,37.79499816894531,39.2599983215332,411800,0.0,0.0
2025-03-21 00:00:00-04:00,38.4900016784668,40.21099853515625,38.09000015258789,39.959999084472656,201800,0.0,0.0
2025-03-24 00:00:00-04:00,41.869998931884766,44.779998779296875,41.0,43.779998779296875,629700,0.0,0.0
2025-03-25 00:00:00-04:00,44.9900016784668,46.79999923706055,42.7400016784668,44.130001068115234,471200,0.0,0.0
2025-03-26 00:00:00-04:00,44.2599983215332,45.73400115966797,39.619998931884766,40.90999984741211,465200,0.0,0.0
2025-03-27 00:00:00-04:00,39.63999938964844,41.93000030517578,37.09000015258789,40.25,336800,0.0,0.0
2025-03-28 00:00:00-04:00,39.349998474121094,39.54999923706055,35.150001525878906,36.11000061035156,555800,0.0,0.0
2025-03-31 00:00:00-04:00,33.68000030517578,35.529998779296875,32.1870002746582,35.38999938964844,350100,0.0,0.0
2025-04-01 00:00:00-04:00,36.529998779296875,39.5,35.349998474121094,37.40999984741211,483100,0.0,0.0
2025-04-02 00:00:00-04:00,36.220001220703125,40.970001220703125,36.220001220703125,40.0,517600,0.0,0.0
2025-04-03 00:00:00-04:00,35.20000076293945,39.33000183105469,35.20000076293945,37.0,499800,0.0,0.0
2025-04-04 00:00:00-04:00,34.55500030517578,35.33100128173828,32.02000045776367,32.5099983215332,724100,0.0,0.0
2025-04-07 00:00:00-04:00,30.165000915527344,30.739999771118164,25.209999084472656,29.43000030517578,1555700,0.0,0.0
2025-04-08 00:00:00-04:00,32.54999923706055,32.54999923706055,26.010000228881836,26.68000030517578,946000,0.0,0.0
2025-04-09 00:00:00-04:00,26.729999542236328,31.865999221801758,26.34000015258789,30.940000534057617,1093500,0.0,0.0
2025-04-10 00:00:00-04:00,29.940000534057617,30.940000534057617,27.799999237060547,29.579999923706055,492000,0.0,0.0
2025-04-11 00:00:00-04:00,29.59000015258789,31.200000762939453,29.110000610351562,31.200000762939453,433800,0.0,0.0
2025-04-14 00:00:00-04:00,33.43000030517578,34.880001068115234,32.209999084472656,33.459999084472656,602300,0.0,0.0
2025-04-15 00:00:00-04:00,33.099998474121094,34.0,32.650001525878906,32.849998474121094,309200,0.0,0.0
2025-04-16 00:00:00-04:00,31.1200008392334,32.15999984741211,29.239999771118164,30.0,362500,0.0,0.0
2025-04-17 00:00:00-04:00,30.94499969482422,31.0,29.809999465942383,30.270000457763672,151300,0.0,0.0
2025-04-21 00:00:00-04:00,29.5,29.6200008392334,28.18000030517578,28.739999771118164,278700,0.0,0.0
2025-04-22 00:00:00-04:00,29.709999084472656,30.8799991607666,29.201000213623047,30.40999984741211,317900,0.0,0.0
2025-04-23 00:00:00-04:00,32.790000915527344,33.33000183105469,31.59000015258789,31.899999618530273,508000,0.0,0.0
2025-04-24 00:00:00-04:00,32.130001068115234,35.9900016784668,32.04999923706055,35.599998474121094,614500,0.0,0.0
2025-04-25 00:00:00-04:00,35.41999816894531,39.380001068115234,34.20000076293945,39.0,834400,0.0,0.0
2025-04-28 00:00:00-04:00,39.040000915527344,40.89500045776367,35.75,38.189998626708984,643700,0.0,0.0
2025-04-29 00:00:00-04:00,37.970001220703125,38.310001373291016,36.834999084472656,37.9900016784668,270100,0.0,0.0
2025-04-30 00:00:00-04:00,36.08000183105469,37.09000015258789,34.5,37.09000015258789,293500,0.0,0.0
2025-05-01 00:00:00-04:00,37.72999954223633,38.2400016784668,37.130001068115234,37.77000045776367,280400,0.0,0.0
2025-05-02 00:00:00-04:00,38.31999969482422,39.47999954223633,38.08000183105469,38.20000076293945,424000,0.0,0.0
2025-05-05 00:00:00-04:00,37.79999923706055,38.13999938964844,36.340999603271484,36.97999954223633,261200,0.0,0.0
2025-05-06 00:00:00-04:00,35.849998474121094,36.220001220703125,35.220001220703125,35.599998474121094,213300,0.0,0.0
2025-05-07 00:00:00-04:00,35.91999816894531,36.29999923706055,35.0,35.599998474121094,259500,0.0,0.0
2025-05-08 00:00:00-04:00,36.560001373291016,38.70000076293945,36.20000076293945,37.790000915527344,444800,0.0,0.0
2025-05-09 00:00:00-04:00,38.72999954223633,39.900001525878906,37.29999923706055,37.9900016784668,384200,0.0,0.0
2025-05-12 00:00:00-04:00,40.97999954223633,40.97999954223633,38.5,39.880001068115234,541700,0.0,0.0
2025-05-13 00:00:00-04:00,40.060001373291016,42.77000045776367,39.52299880981445,41.959999084472656,711000,0.0,0.0
2025-05-14 00:00:00-04:00,43.790000915527344,44.970001220703125,42.0,42.47999954223633,612300,0.0,0.0
2025-05-15 00:00:00-04:00,41.20000076293945,41.58100128173828,39.119998931884766,40.84000015258789,466800,0.0,0.0
2025-05-16 00:00:00-04:00,41.79999923706055,41.90999984741211,39.810001373291016,40.33000183105469,358900,0.0,0.0
2025-05-19 00:00:00-04:00,38.77000045776367,42.029998779296875,38.505001068115234,41.2400016784668,492600,0.0,0.0
2025-05-20 00:00:00-04:00,42.099998474121094,42.130001068115234,40.380001068115234,40.88999938964844,440000,0.0,0.0
2025-05-21 00:00:00-04:00,40.47999954223633,41.26900100708008,39.0,39.150001525878906,333300,0.0,0.0
2025-05-22 00:00:00-04:00,39.189998626708984,43.880001068115234,39.16999816894531,43.349998474121094,782500,0.0,0.0
2025-05-23 00:00:00-04:00,42.939998626708984,47.733001708984375,41.45000076293945,46.75,1344700,0.0,0.0
2025-05-27 00:00:00-04:00,49.09000015258789,50.5,47.527000427246094,47.869998931884766,1059500,0.0,0.0
2025-05-28 00:00:00-04:00,45.9900016784668,46.060001373291016,43.029998779296875,43.439998626708984,879900,0.0,0.0
2025-05-29 00:00:00-04:00,45.400001525878906,45.84000015258789,42.61000061035156,42.61000061035156,459900,0.0,0.0
2025-05-30 00:00:00-04:00,42.119998931884766,43.9900016784668,40.599998474121094,42.459999084472656,528800,0.0,0.0
2025-06-02 00:00:00-04:00,42.459999084472656,43.7599983215332,41.869998931884766,43.369998931884766,332600,0.0,0.0
2025-06-03 00:00:00-04:00,44.18000030517578,44.5,42.327999114990234,42.869998931884766,349900,0.0,0.0
2025-06-04 00:00:00-04:00,43.93000030517578,44.18000030517578,42.5099983215332,42.93000030517578,290800,0.0,0.0
2025-06-05 00:00:00-04:00,43.25,43.32600021362305,34.58000183105469,37.5,1730900,0.0,0.0
2025-06-06 00:00:00-04:00,39.119998931884766,40.380001068115234,38.709999084472656,39.7400016784668,783800,0.0,0.0
2025-06-09 00:00:00-04:00,38.93000030517578,43.59000015258789,38.0,42.75,832800,0.0,0.0
2025-06-10 00:00:00-04:00,42.005001068115234,42.209999084472656,40.400001525878906,41.20000076293945,481100,0.0,0.0
2025-06-11 00:00:00-04:00,42.7599983215332,42.970001220703125,39.79999923706055,40.77000045776367,457000,0.0,0.0
2025-06-12 00:00:00-04:00,40.0,41.08000183105469,39.81999969482422,40.2599983215332,308400,0.0,0.0
2025-06-13 00:00:00-04:00,39.0,40.18899917602539,39.0,39.41999816894531,248500,0.0,0.0
2025-06-16 00:00:00-04:00,40.16999816894531,40.79499816894531,38.70000076293945,38.9900016784668,343000,0.0,0.0
2025-06-17 00:00:00-04:00,39.349998474121094,39.5,37.79999923706055,37.9900016784668,267000,0.0,0.0
2025-06-18 00:00:00-04:00,38.97999954223633,39.4900016784668,38.29999923706055,39.380001068115234,262100,0.0,0.0
2025-06-20 00:00:00-04:00,38.38999938964844,38.75,37.0,37.0,418100,0.0,0.0
2025-06-23 00:00:00-04:00,37.31999969482422,40.7599983215332,37.099998474121094,39.43000030517578,693300,0.0,0.0
2025-06-24 00:00:00-04:00,41.29999923706055,41.393001556396484,39.79999923706055,40.5,318700,0.0,0.0
2025-06-25 00:00:00-04:00,41.380001068115234,41.380001068115234,38.61000061035156,38.95000076293945,334200,0.0,0.0
2025-06-26 00:00:00-04:00,39.16999816894531,39.58300018310547,38.86000061035156,39.09000015258789,213700,0.0,0.0
2025-06-27 00:00:00-04:00,39.290000915527344,39.41999816894531,38.5,38.689998626708984,230200,0.0,0.0
2025-06-30 00:00:00-04:00,38.79999923706055,39.08599853515625,37.0,38.09000015258789,338900,0.0,0.0
2025-07-01 00:00:00-04:00,35.994998931884766,37.29999923706055,35.689998626708984,35.689998626708984,681100,0.0,0.0
2025-07-02 00:00:00-04:00,36.11000061035156,37.16999816894531,36.11000061035156,37.16999816894531,385200,0.0,0.0
2025-07-03 00:00:00-04:00,37.470001220703125,37.880001068115234,36.33000183105469,36.380001068115234,218500,0.0,0.0
2025-07-07 00:00:00-04:00,35.56999969482422,35.875999450683594,34.720001220703125,35.290000915527344,440600,0.0,0.0
2025-07-08 00:00:00-04:00,35.5,37.400001525878906,35.400001525878906,36.97999954223633,450000,0.0,0.0
2025-07-09 00:00:00-04:00,37.7400016784668,39.349998474121094,37.369998931884766,39.349998474121094,468400,0.0,0.0
2025-07-10 00:00:00-04:00,39.349998474121094,40.47999954223633,39.0890007019043,40.41999816894531,353100,0.0,0.0
2025-07-11 00:00:00-04:00,39.70000076293945,39.959999084472656,38.810001373291016,39.13999938964844,215000,0.0,0.0
2025-07-14 00:00:00-04:00,38.779998779296875,38.85100173950195,38.06999969482422,38.189998626708984,239300,0.0,0.0
2025-07-15 00:00:00-04:00,39.09000015258789,39.880001068115234,38.439998626708984,38.61000061035156,276500,0.0,0.0
2025-07-16 00:00:00-04:00,32.439998626708984,36.06999969482422,31.489999771118164,34.45000076293945,4123700,0.0,0.0
2025-07-17 00:00:00-04:00,35.20000076293945,35.20000076293945,33.08000183105469,33.40999984741211,1003200,0.0,0.0
2025-07-18 00:00:00-04:00,33.560001373291016,33.560001373291016,31.799999237060547,31.809999465942383,907800,0.0,0.0
2025-07-21 00:00:00-04:00,32.84000015258789,33.83000183105469,32.7599983215332,33.220001220703125,781200,0.0,0.0
2025-07-22 00:00:00-04:00,32.48500061035156,32.702999114990234,31.5,32.0,441500,0.0,0.0
2025-07-23 00:00:00-04:00,32.47999954223633,32.79999923706055,32.02000045776367,32.29999923706055,311600,0.0,0.0
2025-07-24 00:00:00-04:00,32.400001525878906,32.61000061035156,32.0099983215332,32.20000076293945,276800,0.0,0.0
2025-07-25 00:00:00-04:00,32.20000076293945,33.29999923706055,32.20000076293945,32.880001068115234,289800,0.0,0.0
2025-07-28 00:00:00-04:00,33.04999923706055,33.18000030517578,32.150001525878906,32.150001525878906,225000,0.0,0.0
2025-07-29 00:00:00-04:00,32.130001068115234,32.32500076293945,30.56999969482422,30.729999542236328,372000,0.0,0.0
2025-07-30 00:00:00-04:00,30.81999969482422,31.479999542236328,30.190000534057617,30.399999618530273,225300,0.0,0.0
2025-07-31 00:00:00-04:00,30.5,30.649999618530273,29.6200008392334,29.700000762939453,332100,0.0,0.0
2025-08-01 00:00:00-04:00,29.5,29.5,28.229999542236328,28.469999313354492,392200,0.0,0.0
2025-08-04 00:00:00-04:00,29.68000030517578,30.84000015258789,29.510000228881836,30.25,281200,0.0,0.0
2025-08-05 00:00:00-04:00,30.360000610351562,30.530000686645508,29.760000228881836,30.290000915527344,152000,0.0,0.0
2025-08-06 00:00:00-04:00,30.239999771118164,31.010000228881836,29.770000457763672,30.75,192600,0.0,0.0
2025-08-07 00:00:00-04:00,30.8799991607666,31.59000015258789,30.55299949645996,31.0,170400,0.0,0.0
2025-08-08 00:00:00-04:00,31.100000381469727,32.04800033569336,30.5,30.579999923706055,582700,0.0,0.0
2025-08-11 00:00:00-04:00,26.34000015258789,28.600000381469727,25.899999618530273,28.59000015258789,1581000,0.0,0.0
2025-08-12 00:00:00-04:00,29.229999542236328,29.43000030517578,28.690000534057617,29.110000610351562,631500,0.0,0.0
2025-08-13 00:00:00-04:00,29.350000381469727,29.350000381469727,28.600000381469727,29.059999465942383,387100,0.0,0.0
2025-08-14 00:00:00-04:00,29.0,29.099000930786133,28.084999084472656,28.260000228881836,321600,0.0,0.0
2025-08-15 00:00:00-04:00,28.979999542236328,28.989999771118164,28.229999542236328,28.530000686645508,285100,0.0,0.0
2025-08-18 00:00:00-04:00,28.540000915527344,29.100000381469727,28.360000610351562,29.079999923706055,435200,0.0,0.0
2025-08-19 00:00:00-04:00,29.5,29.5,26.899999618530273,27.030000686645508,432400,0.0,0.0
2025-08-20 00:00:00-04:00,27.280000686645508,27.68400001525879,26.350000381469727,26.959999084472656,404800,0.0,0.0
2025-08-21 00:00:00-04:00,27.200000762939453,27.3700008392334,26.902000427246094,27.350000381469727,354800,0.0,0.0
2025-08-22 00:00:00-04:00,27.799999237060547,29.65999984741211,27.559999465942383,28.450000762939453,979400,0.0,0.0
2025-08-25 00:00:00-04:00,28.5,29.56999969482422,28.200000762939453,28.780000686645508,394100,0.0,0.0
2025-08-26 00:00:00-04:00,28.729999542236328,28.893999099731445,27.719999313354492,28.079999923706055,374300,0.0,0.0
2025-08-27 00:00:00-04:00,30.18000030517578,30.25,28.209999084472656,28.34000015258789,860200,0.0,0.0
2025-08-28 00:00:00-04:00,28.520000457763672,28.959999084472656,28.100000381469727,28.329999923706055,317000,0.0,0.0
2025-08-29 00:00:00-04:00,28.31999969482422,28.325000762939453,27.0,27.360000610351562,398500,0.0,0.0
2025-09-02 00:00:00-04:00,26.790000915527344,27.18000030517578,26.31999969482422,27.079999923706055,416400,0.0,0.0
2025-09-03 00:00:00-04:00,27.5,27.549999237060547,26.722999572753906,26.940000534057617,245900,0.0,0.0
2025-09-04 00:00:00-04:00,26.950000762939453,27.0,26.0,26.450000762939453,328800,0.0,0.0
2025-09-05 00:00:00-04:00,26.65999984741211,26.65999984741211,25.530000686645508,25.81999969482422,332700,0.0,0.0
2025-09-08 00:00:00-04:00,26.459999084472656,26.459999084472656,25.549999237060547,25.68000030517578,246700,0.0,0.0
2025-09-09 00:00:00-04:00,26.149999618530273,26.799999237060547,25.899999618530273,26.34000015258789,393700,0.0,0.0
2025-09-10 00:00:00-04:00,26.809999465942383,27.0,26.200000762939453,26.3700008392334,353300,0.0,0.0
2025-09-11 00:00:00-04:00,26.31999969482422,26.709999084472656,26.200000762939453,26.510000228881836,333700,0.0,0.0
2025-09-12 00:00:00-04:00,26.829999923706055,26.920000076293945,26.0,26.100000381469727,369300,0.0,0.0
2025-09-15 00:00:00-04:00,27.309999465942383,27.950000762939453,26.25,26.84000015258789,640600,0.0,0.0
2025-09-16 00:00:00-04:00,26.899999618530273,26.917999267578125,26.273000717163086,26.3799991607666,288400,0.0,0.0
2025-09-17 00:00:00-04:00,26.270000457763672,26.290000915527344,25.799999237060547,25.829999923706055,328200,0.0,0.0
2025-09-18 00:00:00-04:00,26.5,27.139999389648438,26.290000915527344,27.010000228881836,606500,0.0,0.0
2025-09-19 00:00:00-04:00,27.139999389648438,27.139999389648438,26.0,26.190000534057617,426500,0.0,0.0
2025-09-22 00:00:00-04:00,26.440000534057617,27.097999572753906,26.36199951171875,26.8700008392334,514600,0.0,0.0
2025-09-23 00:00:00-04:00,27.40999984741211,27.8799991607666,26.049999237060547,26.290000915527344,406600,0.0,0.0
2025-09-24 00:00:00-04:00,26.700000762939453,26.809999465942383,26.200000762939453,26.360000610351562,256500,0.0,0.0
2025-09-25 00:00:00-04:00,25.899999618530273,26.010000228881836,24.920000076293945,25.06999969482422,592300,0.0,0.0
2025-09-26 00:00:00-04:00,25.520000457763672,25.700000762939453,23.899999618530273,24.020000457763672,543000,0.0,0.0
2025-09-29 00:00:00-04:00,24.440000534057617,24.469999313354492,22.850000381469727,23.0,694800,0.0,0.0
2025-09-30 00:00:00-04:00,22.989999771118164,23.079999923706055,21.020000457763672,21.299999237060547,1080800,0.0,0.0
2025-10-01 00:00:00-04:00,21.329999923706055,28.5,21.299999237060547,28.06999969482422,3953600,0.0,0.0
2025-10-02 00:00:00-04:00,32.689998626708984,32.93000030517578,29.0,29.979999542236328,3150500,0.0,0.0
2025-10-03 00:00:00-04:00,30.690000534057617,30.979999542236328,28.010000228881836,29.280000686645508,1362100,0.0,0.0
2025-10-06 00:00:00-04:00,30.270000457763672,30.275999069213867,28.610000610351562,29.059999465942383,811000,0.0,0.0
2025-10-07 00:00:00-04:00,29.079999923706055,29.299999237060547,27.270000457763672,28.459999084472656,870800,0.0,0.0
2025-10-08 00:00:00-04:00,28.299999237060547,28.459999084472656,27.670000076293945,28.010000228881836,497700,0.0,0.0
2025-10-09 00:00:00-04:00,29.0,29.0,27.84000015258789,27.940000534057617,573900,0.0,0.0
2025-10-10 00:00:00-04:00,28.450000762939453,28.450000762939453,25.100000381469727,25.280000686645508,1019900,0.0,0.0
2025-10-13 00:00:00-04:00,26.209999084472656,26.3700008392334,25.5,25.829999923706055,474700,0.0,0.0
2025-10-14 00:00:00-04:00,25.940000534057617,26.010000228881836,24.579999923706055,25.329999923706055,604300,0.0,0.0
2025-10-15 00:00:00-04:00,26.040000915527344,26.489999771118164,25.649999618530273,26.270000457763672,590300,0.0,0.0
2025-10-16 00:00:00-04:00,26.645000457763672,28.549999237060547,25.90999984741211,26.8700008392334,1094000,0.0,0.0
2025-10-17 00:00:00-04:00,26.079999923706055,26.239999771118164,25.0,25.979999542236328,518000,0.0,0.0
2025-10-20 00:00:00-04:00,26.719999313354492,26.795000076293945,25.31999969482422,25.59000015258789,354200,0.0,0.0
2025-10-21 00:00:00-04:00,25.600000381469727,25.75,24.600000381469727,24.649999618530273,294900,0.0,0.0
2025-10-22 00:00:00-04:00,24.25,24.40999984741211,23.0,23.600000381469727,437700,0.0,0.0
2025-10-23 00:00:00-04:00,24.190000534057617,24.219999313354492,23.790000915527344,23.940000534057617,187700,0.0,0.0
2025-10-24 00:00:00-04:00,24.510000228881836,25.059999465942383,24.40999984741211,24.81999969482422,281900,0.0,0.0
2025-10-27 00:00:00-04:00,25.43000030517578,26.235000610351562,25.290000915527344,26.030000686645508,296400,0.0,0.0
2025-10-28 00:00:00-04:00,25.809999465942383,26.0,25.100000381469727,25.18000030517578,235600,0.0,0.0
2025-10-29 00:00:00-04:00,25.25,25.25,24.010000228881836,24.389999389648438,336400,0.0,0.0
2025-10-30 00:00:00-04:00,24.0,25.600000381469727,23.700000762939453,25.18000030517578,425400,0.0,0.0
2025-10-31 00:00:00-04:00,25.799999237060547,28.579999923706055,25.389999389648438,28.579999923706055,895800,0.0,0.0
2025-11-03 00:00:00-05:00,28.350000381469727,28.510000228881836,26.43000030517578,27.850000381469727,627600,0.0,0.0
2025-11-04 00:00:00-05:00,26.0,27.100000381469727,25.1200008392334,25.149999618530273,443900,0.0,0.0
2025-11-05 00:00:00-05:00,25.850000381469727,26.149999618530273,25.209999084472656,25.209999084472656,332900,0.0,0.0
2025-11-06 00:00:00-05:00,26.860000610351562,27.190000534057617,24.81800079345703,25.200000762939453,442200,0.0,0.0
2025-11-07 00:00:00-05:00,24.510000228881836,25.049999237060547,23.399999618530273,25.049999237060547,453400,0.0,0.0
2025-11-10 00:00:00-05:00,25.540000915527344,25.540000915527344,24.600000381469727,24.639999389648438,241000,0.0,0.0
2025-11-11 00:00:00-05:00,24.190000534057617,24.549999237060547,23.75,24.059999465942383,208300,0.0,0.0
2025-11-12 00:00:00-05:00,24.110000610351562,24.309999465942383,23.579999923706055,23.8700008392334,254900,0.0,0.0
2025-11-13 00:00:00-05:00,23.709999084472656,23.709999084472656,22.020000457763672,22.829999923706055,480200,0.0,0.0
2025-11-14 00:00:00-05:00,22.0,22.850000381469727,21.81599998474121,22.25,416100,0.0,0.0
2025-11-17 00:00:00-05:00,23.0,23.049999237060547,21.920000076293945,22.219999313354492,359700,0.0,0.0
2025-11-18 00:00:00-05:00,22.0,22.290000915527344,21.229999542236328,21.639999389648438,338900,0.0,0.0
2025-11-19 00:00:00-05:00,21.899999618530273,21.989999771118164,21.389999389648438,21.850000381469727,238600,0.0,0.0
2025-11-20 00:00:00-05:00,22.149999618530273,22.280000686645508,21.18000030517578,21.510000228881836,299900,0.0,0.0
2025-11-21 00:00:00-05:00,21.5,21.6299991607666,19.711000442504883,20.81999969482422,650100,0.0,0.0
2025-11-24 00:00:00-05:00,21.670000076293945,21.700000762939453,21.020000457763672,21.280000686645508,362800,0.0,0.0
2025-11-25 00:00:00-05:00,21.670000076293945,21.709999084472656,20.799999237060547,21.200000762939453,236400,0.0,0.0
2025-11-26 00:00:00-05:00,21.479999542236328,21.8799991607666,21.31999969482422,21.709999084472656,259200,0.0,0.0
2025-11-28 00:00:00-05:00,22.290000915527344,22.600000381469727,22.059999465942383,22.510000228881836,238000,0.0,0.0
2025-12-01 00:00:00-05:00,22.520000457763672,22.799999237060547,22.18000030517578,22.75,340300,0.0,0.0
2025-12-02 00:00:00-05:00,23.0,23.378999710083008,22.889999389648438,23.350000381469727,368700,0.0,0.0
2025-12-03 00:00:00-05:00,23.920000076293945,24.489999771118164,23.760000228881836,24.489999771118164,546600,0.0,0.0
2025-12-04 00:00:00-05:00,25.579999923706055,26.75,25.170000076293945,26.440000534057617,1175200,0.0,0.0
2025-12-05 00:00:00-05:00,27.760000228881836,28.0,25.149999618530273,26.290000915527344,1938300,0.0,0.0
2025-12-08 00:00:00-05:00,28.729999542236328,28.799999237060547,26.861000061035156,27.459999084472656,1711000,0.0,0.0
2025-12-09 00:00:00-05:00,28.149999618530273,28.3799991607666,26.799999237060547,27.850000381469727,1731100,0.0,0.0
2025-12-10 00:00:00-05:00,31.190000534057617,32.5,29.969999313354492,31.850000381469727,3972400,0.0,0.0
2025-12-11 00:00:00-05:00,34.29999923706055,37.0,33.5,37.0,4729400,0.0,0.0
2025-12-12 00:00:00-05:00,40.470001220703125,40.97999954223633,36.0,37.959999084472656,7577200,0.0,0.0
2025-12-15 00:00:00-05:00,39.619998931884766,39.90999984741211,32.34700012207031,34.099998474121094,4409700,0.0,0.0
2025-12-16 00:00:00-05:00,32.869998931884766,32.939998626708984,28.600000381469727,30.0,3767700,0.0,0.0
2025-12-17 00:00:00-05:00,32.54999923706055,34.779998779296875,30.18000030517578,30.770000457763672,3794600,0.0,0.0
2025-12-18 00:00:00-05:00,32.59000015258789,32.599998474121094,29.110000610351562,30.43000030517578,1893400,0.0,0.0
2025-12-19 00:00:00-05:00,31.459999084472656,31.5,29.18199920654297,31.229999542236328,2001300,0.0,0.0
2025-12-22 00:00:00-05:00,33.505001068115234,33.619998931884766,31.6200008392334,32.849998474121094,2209600,0.0,0.0
2025-12-23 00:00:00-05:00,32.22999954223633,32.5,30.06999969482422,31.860000610351562,1333400,0.0,0.0
2025-12-24 00:00:00-05:00,31.65999984741211,31.670000076293945,30.5,30.8799991607666,578200,0.0,0.0
2025-12-26 00:00:00-05:00,31.030000686645508,31.389999389648438,30.610000610351562,30.979999542236328,1030900,0.0,0.0
2025-12-29 00:00:00-05:00,30.700000762939453,32.97999954223633,30.100000381469727,32.2400016784668,1733500,0.0,0.0
2025-12-30 00:00:00-05:00,32.5,32.880001068115234,30.850000381469727,31.6200008392334,982500,0.0,0.0
2025-12-31 00:00:00-05:00,31.959999084472656,31.959999084472656,30.360000610351562,30.6299991607666,921300,0.0,0.0
2026-01-02 00:00:00-05:00,30.75,31.239999771118164,30.010000228881836,30.93000030517578,1322000,0.0,0.0
2026-01-05 00:00:00-05:00,31.0,31.049999237060547,29.950000762939453,30.43000030517578,1456000,0.0,0.0
2026-01-06 00:00:00-05:00,30.6299991607666,30.6299991607666,27.899999618530273,29.219999313354492,1843100,0.0,0.0
2026-01-07 00:00:00-05:00,28.459999084472656,28.799999237060547,27.600000381469727,28.15999984741211,1085100,0.0,0.0
2026-01-08 00:00:00-05:00,28.0,28.0,26.84000015258789,27.200000762939453,1118600,0.0,0.0
2026-01-09 00:00:00-05:00,27.440000534057617,29.149999618530273,27.385000228881836,28.760000228881836,1450200,0.0,0.0
2026-01-12 00:00:00-05:00,30.239999771118164,30.5,29.579999923706055,30.450000762939453,1745500,0.0,0.0
2026-01-13 00:00:00-05:00,30.899999618530273,31.139999389648438,29.149999618530273,30.100000381469727,1117900,0.0,0.0
2026-01-14 00:00:00-05:00,30.06999969482422,30.559999465942383,28.8700008392334,30.549999237060547,1118500,0.0,0.0
2026-01-15 00:00:00-05:00,30.700000762939453,32.29999923706055,30.049999237060547,30.690000534057617,1623100,0.0,0.0
2026-01-16 00:00:00-05:00,31.469999313354492,31.799999237060547,29.780000686645508,30.93000030517578,1011900,0.0,0.0
2026-01-20 00:00:00-05:00,30.290000915527344,30.579999923706055,29.510000228881836,29.75,1019500,0.0,0.0
2026-01-21 00:00:00-05:00,29.84000015258789,29.94499969482422,28.09000015258789,28.489999771118164,1025800,0.0,0.0
2026-01-22 00:00:00-05:00,29.600000381469727,30.3700008392334,28.959999084472656,29.540000915527344,974600,0.0,0.0
2026-01-23 00:00:00-05:00,30.25,30.700000762939453,29.75,30.149999618530273,860300,0.0,0.0
2026-01-26 00:00:00-05:00,30.309999465942383,30.450000762939453,29.100000381469727,29.25,898200,0.0,0.0
2026-01-27 00:00:00-05:00,29.399999618530273,29.649999618530273,28.84000015258789,29.639999389648438,642400,0.0,0.0
2026-01-28 00:00:00-05:00,30.010000228881836,35.61000061035156,29.915000915527344,35.41999816894531,3430900,0.0,0.0
2026-01-29 00:00:00-05:00,34.33000183105469,36.65999984741211,30.8799991607666,32.560001373291016,2489000,0.0,0.0
2026-01-30 00:00:00-05:00,33.130001068115234,36.2400016784668,33.0099983215332,34.33000183105469,2177500,0.0,0.0
2026-02-02 00:00:00-05:00,33.79999923706055,33.95000076293945,30.5,30.850000381469727,1635600,0.0,0.0
2026-02-03 00:00:00-05:00,33.7599983215332,34.439998626708984,32.31999969482422,33.150001525878906,1411800,0.0,0.0
2026-02-04 00:00:00-05:00,33.31999969482422,35.70000076293945,30.700000762939453,32.52000045776367,2323600,0.0,0.0
2026-02-05 00:00:00-05:00,31.239999771118164,31.34000015258789,29.0,29.280000686645508,1614500,0.0,0.0
2026-02-06 00:00:00-05:00,30.40999984741211,31.200000762939453,29.780000686645508,30.8799991607666,973900,0.0,0.0
2026-02-09 00:00:00-05:00,31.790000915527344,32.5,31.299999237060547,32.20000076293945,890600,0.0,0.0
2026-02-10 00:00:00-05:00,32.5,32.97999954223633,31.31999969482422,31.450000762939453,738400,0.0,0.0
2026-02-11 00:00:00-05:00,31.8700008392334,32.0,30.440000534057617,30.790000915527344,834800,0.0,0.0
2026-02-12 00:00:00-05:00,33.84000015258789,33.900001525878906,30.260000228881836,30.59000015258789,1261800,0.0,0.0
2026-02-13 00:00:00-05:00,30.600000381469727,30.950000762939453,29.549999237060547,30.0,908800,0.0,0.0
2026-02-17 00:00:00-05:00,30.190000534057617,30.299999237060547,28.611000061035156,29.450000762939453,812700,0.0,0.0
2026-02-18 00:00:00-05:00,29.209999084472656,29.690000534057617,28.899999618530273,29.139999389648438,527200,0.0,0.0
2026-02-19 00:00:00-05:00,29.049999237060547,29.399999618530273,28.389999389648438,28.600000381469727,642800,0.0,0.0
2026-02-20 00:00:00-05:00,28.489999771118164,28.700000762939453,27.72100067138672,28.100000381469727,727400,0.0,0.0
2026-02-23 00:00:00-05:00,27.649999618530273,27.756999969482422,26.270000457763672,27.190000534057617,955700,0.0,0.0
2026-02-24 00:00:00-05:00,27.280000686645508,27.350000381469727,26.799999237060547,27.190000534057617,501700,0.0,0.0
2026-02-25 00:00:00-05:00,27.299999237060547,28.239999771118164,27.209999084472656,28.139999389648438,634100,0.0,0.0
2026-02-26 00:00:00-05:00,28.270000457763672,28.360000610351562,27.600000381469727,27.920000076293945,449500,0.0,0.0
2026-02-27 00:00:00-05:00,27.5,29.860000610351562,26.799999237060547,28.420000076293945,1374500,0.0,0.0
2026-03-02 00:00:00-05:00,28.0,28.84000015258789,27.68000030517578,28.1200008392334,768800,0.0,0.0
2026-03-03 00:00:00-05:00,27.479999542236328,28.209999084472656,26.719999313354492,28.059999465942383,759400,0.0,0.0
2026-03-04 00:00:00-05:00,28.15999984741211,28.299999237060547,27.8700008392334,27.8700008392334,576400,0.0,0.0
2026-03-05 00:00:00-05:00,27.899999618530273,28.110000610351562,26.93000030517578,27.18000030517578,568700,0.0,0.0
2026-03-06 00:00:00-05:00,26.920000076293945,27.149999618530273,26.479999542236328,26.610000610351562,553500,0.0,0.0
2026-03-09 00:00:00-04:00,26.149999618530273,26.25,25.059999465942383,25.850000381469727,872400,0.0,0.0
2026-03-10 00:00:00-04:00,26.84000015258789,26.979999542236328,25.899999618530273,26.020000457763672,736100,0.0,0.0
2026-03-11 00:00:00-04:00,26.309999465942383,26.67799949645996,26.139999389648438,26.399999618530273,552100,0.0,0.0
2026-03-12 00:00:00-04:00,26.389999389648438,26.559999465942383,25.530000686645508,25.889999389648438,388200,0.0,0.0
2026-03-13 00:00:00-04:00,26.0,26.149999618530273,25.25,25.350000381469727,412000,0.0,0.0
2026-03-16 00:00:00-04:00,25.649999618530273,25.899999618530273,25.440000534057617,25.639999389648438,564100,0.0,0.0
2026-03-17 00:00:00-04:00,25.959999084472656,26.670000076293945,25.920000076293945,26.479999542236328,741300,0.0,0.0
2026-03-18 00:00:00-04:00,26.309999465942383,26.75,25.83300018310547,25.959999084472656,707600,0.0,0.0
2026-03-19 00:00:00-04:00,25.6200008392334,25.6200008392334,24.649999618530273,25.0,970700,0.0,0.0
2026-03-20 00:00:00-04:00,25.149999618530273,25.199899673461914,23.809999465942383,24.360000610351562,768872,0.0,0.0
