Date,Open,High,Low,Close,Volume,Dividends,Stock Splits
2022-01-03 00:00:00-05:00,41.354848384005095,42.07561008537386,40.71833164956933,41.523338317871094,90200,0.0,0.0
2022-01-04 00:00:00-05:00,41.96328488374916,43.14271085653413,41.96328488374916,42.30962371826172,109500,0.0,0.0
2022-01-05 00:00:00-05:00,42.53427660067686,42.81509555248496,41.95392433707864,41.99136734008789,79700,0.0,0.0
2022-01-06 00:00:00-05:00,42.39386545587576,43.22695253067933,42.34706349327932,42.88997268676758,113200,0.0,0.0
2022-01-07 00:00:00-05:00,43.226947034196286,43.695909281397356,42.730839866386525,43.460960388183594,141800,0.0,0.0
2022-01-10 00:00:00-05:00,43.56392444924706,43.900904231853936,43.18950167507048,43.80729675292969,109800,0.0,0.0
2022-01-11 00:00:00-05:00,43.89154486429973,43.89154486429973,42.805723025784005,43.22694778442383,82600,0.0,0.0
2022-01-12 00:00:00-05:00,43.2737548208727,43.52180843819646,42.59043616366131,42.96485900878906,108000,0.0,0.0
2022-01-13 00:00:00-05:00,43.226955968252,43.85036801491267,43.21759343253165,43.27375793457031,85200,0.0,0.0
2022-01-14 00:00:00-05:00,42.71211814224356,43.96736539499142,42.62787319242611,43.91962432861328,125500,0.0,0.0
2022-01-18 00:00:00-05:00,43.03973372223583,44.03195158447704,42.67467347757697,42.68403244018555,155100,0.0,0.0
2022-01-19 00:00:00-05:00,43.086540008834,43.1333455388636,41.448446439095015,41.48588943481445,157900,0.0,0.0
2022-01-20 00:00:00-05:00,41.364197710664186,41.91646934948286,40.17540948572364,40.212852478027344,170900,0.0,0.0
2022-01-21 00:00:00-05:00,40.034994636266006,41.11145364272173,39.85714581887579,39.94138717651367,216200,0.0,0.0
2022-01-24 00:00:00-05:00,39.398491473426844,41.86031314797181,39.398491473426844,41.60757827758789,150600,0.0,0.0
2022-01-25 00:00:00-05:00,41.06466465987231,41.79010752620381,40.21285614643846,41.48588943481445,111100,0.0,0.0
2022-01-26 00:00:00-05:00,41.60758345107523,42.20665718687675,40.10053657589639,40.88682174682617,116700,0.0,0.0
2022-01-27 00:00:00-05:00,40.877454245436155,41.48589044300104,39.37041112409116,39.800994873046875,137200,0.0,0.0
2022-01-28 00:00:00-05:00,39.87587350932521,41.16762820430075,39.78226959740017,41.14890670776367,218100,0.0,0.0
2022-01-31 00:00:00-05:00,40.62472066633128,41.785424930649036,40.62472066633128,41.673099517822266,170700,0.0,0.0
2022-02-01 00:00:00-05:00,41.3829207828647,42.094323380687406,40.53111231469622,42.01007843017578,153400,0.0,0.0
2022-02-02 00:00:00-05:00,41.76670121708315,41.95391260903394,41.29867452258633,41.73862075805664,156400,0.0,0.0
2022-02-03 00:00:00-05:00,41.607574705986025,42.501503853964564,41.560772749731086,42.03815841674805,161900,0.0,0.0
2022-02-04 00:00:00-05:00,41.99135805824184,42.41258282208441,41.5139688023001,42.10368347167969,118000,0.0,0.0
2022-02-07 00:00:00-05:00,42.02858108231888,42.69510450838592,41.840827046228206,42.19755935668945,97700,0.13,0.0
2022-02-08 00:00:00-05:00,42.36653515428265,42.985182679518594,42.16000536854575,42.83591842651367,132400,0.0,0.0
2022-02-09 00:00:00-05:00,42.9579634479858,42.9861288846864,42.0473621665117,42.16939926147461,97900,0.0,0.0
2022-02-10 00:00:00-05:00,41.82205235743236,42.497965472254855,41.709401365332106,41.85960388183594,88800,0.0,0.0
2022-02-11 00:00:00-05:00,41.671851062215865,42.62000738508643,41.52164854131001,41.775115966796875,85700,0.0,0.0
2022-02-14 00:00:00-05:00,41.915936048292416,42.103686529947254,41.19308523436643,41.756343841552734,97300,0.0,0.0
2022-02-15 00:00:00-05:00,42.16001450458656,42.713887029087296,41.972260438785966,42.554298400878906,66200,0.0,0.0
2022-02-16 00:00:00-05:00,42.44163736764487,42.854696965902114,41.89715459872906,42.48857498168945,58200,0.0,0.0
2022-02-17 00:00:00-05:00,41.981649022538654,42.14123764660677,41.29634974408981,41.44655227661133,77700,0.0,0.0
2022-02-18 00:00:00-05:00,40.98655626686716,42.24919869481076,40.98655626686716,41.850223541259766,87400,0.0,0.0
2022-02-22 00:00:00-05:00,41.54042964710099,42.04736456327803,41.08982202642509,41.24002456665039,96500,0.0,0.0
2022-02-23 00:00:00-05:00,41.70940618557083,41.74695771431413,40.348193708068685,40.54533386230469,87400,0.0,0.0
2022-02-24 00:00:00-05:00,39.53145977568174,40.15104555202377,38.780447256041434,40.0008430480957,129400,0.0,0.0
2022-02-25 00:00:00-05:00,40.41390369058552,41.47471101105938,40.41390369058552,41.30573272705078,74100,0.0,0.0
2022-02-28 00:00:00-05:00,40.73308389226809,41.81266695953675,40.73308389226809,41.718788146972656,138700,0.0,0.0
2022-03-01 00:00:00-05:00,41.39960319446762,41.472829735256816,39.4751324937924,40.0008430480957,167000,0.0,0.0
2022-03-02 00:00:00-05:00,40.58288542565553,42.01919738075822,40.54533389688021,41.756343841552734,102500,0.0,0.0
2022-03-03 00:00:00-05:00,42.00981188521491,42.00981188521491,41.061659047405016,41.577980041503906,80200,0.0,0.0
2022-03-04 00:00:00-05:00,40.76124076250116,40.76124076250116,40.27308532128602,40.59226608276367,137900,0.0,0.0
2022-03-07 00:00:00-05:00,40.59227263025445,40.71430971968764,39.95391100433209,39.972686767578125,144300,0.0,0.0
2022-03-08 00:00:00-05:00,40.17921259854201,41.071041647685306,39.54460756407069,40.16982650756836,148700,0.0,0.0
2022-03-09 00:00:00-05:00,41.296349629076104,41.418386724396235,40.72370135633555,41.193084716796875,97700,0.0,0.0
2022-03-10 00:00:00-05:00,40.68615248653566,41.45594096150268,40.68615248653566,41.31512451171875,95500,0.0,0.0
2022-03-11 00:00:00-05:00,41.70000976621428,42.42286046257434,41.5310350764295,41.868988037109375,122600,0.0,0.0
2022-03-14 00:00:00-04:00,42.61061927520758,42.64817080208828,41.56389642646067,41.96287155151367,101000,0.0,0.0
2022-03-15 00:00:00-04:00,42.87346789627604,43.361626946545925,42.33837123333046,43.258365631103516,414900,0.0,0.0
2022-03-16 00:00:00-04:00,43.46489699840525,44.281623015385954,43.43673514368166,44.16897201538086,189900,0.0,0.0
2022-03-17 00:00:00-04:00,43.896724640669994,44.497538272807624,43.31938518708709,44.36610794067383,152000,0.0,0.0
2022-03-18 00:00:00-04:00,44.488144127096035,44.488144127096035,42.9579537202679,43.568153381347656,269900,0.0,0.0
2022-03-21 00:00:00-04:00,43.53999488246392,43.56815673384352,42.58245254334414,42.80775451660156,96400,0.0,0.0
2022-03-22 00:00:00-04:00,43.03306926131224,43.71836857975059,42.87347704682054,42.99551773071289,75200,0.0,0.0
2022-03-23 00:00:00-04:00,42.58245517574652,42.58245517574652,41.33858866700526,41.4653205871582,97800,0.0,0.0
2022-03-24 00:00:00-04:00,41.418382138907525,41.636178114066695,41.09920134588636,41.35266876220703,89200,0.0,0.0
2022-03-25 00:00:00-04:00,41.305734155544236,42.056746787604716,41.305734155544236,41.96287155151367,113300,0.0,0.0
2022-03-28 00:00:00-04:00,41.70001555130422,41.850221662813944,41.05226781041712,41.624916076660156,78500,0.0,0.0
2022-03-29 00:00:00-04:00,42.131851543775426,42.723272001045636,42.08491392383331,42.676334381103516,126600,0.0,0.0
2022-03-30 00:00:00-04:00,42.9391905400363,43.14102552428062,41.474713195209354,41.587364196777344,136400,0.0,0.0
2022-03-31 00:00:00-04:00,41.634295020385416,42.27265656026598,41.54980588772151,41.700008392333984,112100,0.0,0.0
2022-04-01 00:00:00-04:00,41.72817923913258,42.01919461521056,40.47023175683978,40.695533752441406,241800,0.0,0.0
2022-04-04 00:00:00-04:00,40.43268028699227,41.17430681753034,39.99145880508292,40.676761627197266,172500,0.0,0.0
2022-04-05 00:00:00-04:00,40.57349686700842,40.86451224454522,39.86942186028029,39.972686767578125,153500,0.0,0.0
2022-04-06 00:00:00-04:00,39.82247676123915,40.17920906575262,39.109015733322536,39.24983215332031,168800,0.0,0.0
2022-04-07 00:00:00-04:00,39.24044531905333,39.25922108181783,38.58330794673808,38.66779708862305,213000,0.0,0.0
2022-04-08 00:00:00-04:00,38.780446517911514,38.99636238937907,38.132695322398746,38.2453498840332,170900,0.0,0.0
2022-04-11 00:00:00-04:00,38.11392432685256,39.05081446924142,37.89331717357078,38.611473083496094,187100,0.0,0.0
2022-04-12 00:00:00-04:00,38.86493733248368,39.3437067062884,38.555142646231594,38.705345153808594,225000,0.0,0.0
2022-04-13 00:00:00-04:00,38.40494808951654,39.456365860227415,38.40494808951654,39.23106384277344,116700,0.0,0.0
2022-04-14 00:00:00-04:00,39.31554908929416,39.59717837369226,38.54576070742107,38.74290084838867,154700,0.0,0.0
2022-04-18 00:00:00-04:00,38.55514913104749,39.29208086734448,38.498821838315756,39.04330825805664,150500,0.0,0.0
2022-04-19 00:00:00-04:00,39.52206613528997,39.92104474165732,38.958807697409895,39.27798843383789,196200,0.0,0.0
2022-04-20 00:00:00-04:00,39.40003368386779,40.47022698968978,39.40003368386779,40.09471893310547,208700,0.0,0.0
2022-04-21 00:00:00-04:00,40.4045191088938,40.78002363540792,39.69105442062875,39.81309509277344,146100,0.0,0.0
2022-04-22 00:00:00-04:00,39.58778875021978,39.79431856355042,38.43310617599152,38.508209228515625,152400,0.0,0.0
2022-04-25 00:00:00-04:00,38.16086789426403,38.16086789426403,37.175159991616226,37.95433807373047,221200,0.0,0.0
2022-04-26 00:00:00-04:00,37.49433171899556,37.95432886739337,36.9498490257207,37.0625,158700,0.0,0.0
2022-04-27 00:00:00-04:00,37.06250780614983,37.38825995615194,36.77618368450534,37.08128356933594,178100,0.0,0.0
2022-04-28 00:00:00-04:00,37.513118989719835,37.61638390662679,36.93108459937547,37.297203063964844,171300,0.0,0.0
2022-04-29 00:00:00-04:00,36.98740283246671,37.32066452194689,36.020470868326456,36.17067337036133,176600,0.0,0.0
2022-05-02 00:00:00-04:00,36.33965526892411,36.91230348432799,35.795172487483214,36.60251235961914,205600,0.0,0.0
2022-05-03 00:00:00-04:00,36.640055569945815,37.19862278676859,36.32087481477709,36.97801208496094,160900,0.0,0.0
2022-05-04 00:00:00-04:00,37.024961692975474,38.09515886438676,36.95924830277187,38.01066970825195,114000,0.0,0.0
2022-05-05 00:00:00-04:00,37.597611556071655,37.597611556071655,36.518031829254355,37.006187438964844,119900,0.0,0.0
2022-05-06 00:00:00-04:00,36.808389579265736,37.11261264440565,36.20088121141034,36.770713806152344,111900,0.13,0.0
2022-05-09 00:00:00-04:00,36.29035170778764,36.94966327507589,36.25267953279668,36.56349563598633,105000,0.0,0.0
2022-05-10 00:00:00-04:00,36.78955400578588,37.13616323571066,35.43796520227994,36.11140441894531,121000,0.0,0.0
2022-05-11 00:00:00-04:00,36.243269095471156,36.80839499646483,35.53686441394907,35.70640182495117,106500,0.0,0.0
2022-05-12 00:00:00-04:00,35.536865234375,35.602796052069046,34.84929842630845,35.536865234375,98000,0.0,0.0
2022-05-13 00:00:00-04:00,35.98896399124379,36.335573260136854,35.64047201125286,35.83826446533203,106500,0.0,0.0
2022-05-16 00:00:00-04:00,35.67813777849531,35.97953674573623,35.15068778934415,35.77232360839844,113100,0.0,0.0
2022-05-17 00:00:00-04:00,36.412803794487935,37.514796883926365,36.412803794487935,37.36409378051758,119800,0.0,0.0
2022-05-18 00:00:00-04:00,36.87431760061474,37.194554461972096,36.60117365561244,36.90257263183594,196100,0.0,0.0
2022-05-19 00:00:00-04:00,36.51641895367735,37.00619337584917,36.26211279641734,36.46932601928711,155000,0.0,0.0
2022-05-20 00:00:00-04:00,36.74245227734353,37.09565453822131,35.97011695432753,36.75187301635742,117800,0.0,0.0
2022-05-23 00:00:00-04:00,37.43943963844725,38.21177496116213,37.2322264957328,37.82560729980469,123800,0.0,0.0
2022-05-24 00:00:00-04:00,37.50537303380747,37.76909625698733,36.71419977130845,37.6183967590332,118200,0.0,0.0
2022-05-25 00:00:00-04:00,37.750264871974416,38.541434602468044,37.67491332071233,38.2117805480957,99700,0.0,0.0
2022-05-26 00:00:00-04:00,38.682717170529855,39.40795968696952,38.682717170529855,39.08772277832031,88800,0.0,0.0
2022-05-27 00:00:00-04:00,39.30434907539923,40.09552232205328,39.30434907539923,40.0107536315918,94800,0.0,0.0
2022-05-31 00:00:00-04:00,39.4833023333477,39.681098333371104,38.99353168527247,39.577491760253906,244200,0.0,0.0
2022-06-01 00:00:00-04:00,39.74703264891916,40.0107558816482,39.04533842300249,39.6999397277832,148500,0.0,0.0
2022-06-02 00:00:00-04:00,39.7752907067501,40.79251512682282,39.37970582758394,40.67007064819336,126400,0.0,0.0
2022-06-03 00:00:00-04:00,40.51937152013626,40.76425688677308,40.227389635373996,40.4722785949707,130600,0.0,0.0
2022-06-06 00:00:00-04:00,40.688902479535244,40.91494992170549,39.93540501736889,40.330989837646484,152700,0.0,0.0
2022-06-07 00:00:00-04:00,40.06727472760446,41.00914764404297,39.99192316966857,41.00914764404297,142200,0.0,0.0
2022-06-08 00:00:00-04:00,40.491119566335634,40.64181909411454,40.086113911749806,40.2933235168457,115000,0.0,0.0
2022-06-09 00:00:00-04:00,40.06726166854944,40.14260960896728,39.04062038052453,39.20073699951172,109700,0.0,0.0
2022-06-10 00:00:00-04:00,38.37189316210638,38.616778469056975,37.53362348944861,37.78792953491211,124200,0.0,0.0
2022-06-13 00:00:00-04:00,37.02502031715678,37.533628888283005,36.58704933024286,36.79896926879883,144300,0.0,0.0
2022-06-14 00:00:00-04:00,36.79896709088634,37.35467214254459,36.62942971289168,37.0344352722168,115600,0.0,0.0
2022-06-15 00:00:00-04:00,37.2981495370279,37.64193458019192,36.4127906811051,36.827213287353516,229100,0.0,0.0
2022-06-16 00:00:00-04:00,36.139655817235315,36.403382626111316,35.009407817227846,35.1883659362793,141900,0.0,0.0
2022-06-17 00:00:00-04:00,35.47092404945175,36.22442145498464,35.39086573607368,36.0172119140625,358500,0.0,0.0
2022-06-21 00:00:00-04:00,36.94025029710939,37.043856874180996,36.21500785056749,36.44105529785156,118300,0.0,0.0
2022-06-22 00:00:00-04:00,36.18674531938167,36.911987687649756,36.18674531938167,36.63884735107422,155200,0.0,0.0
2022-06-23 00:00:00-04:00,36.441058040259975,36.66710909751514,35.885352933840686,36.08314895629883,99800,0.0,0.0
2022-06-24 00:00:00-04:00,36.252683244727045,36.84606048237957,36.252683244727045,36.33745193481445,622800,0.0,0.0
2022-06-27 00:00:00-04:00,36.79896379623506,36.911987507125936,36.29035170778764,36.56349563598633,208600,0.0,0.0
2022-06-28 00:00:00-04:00,37.0250219948385,37.382931080930206,36.375127446960995,36.38454818725586,92500,0.0,0.0
2022-06-29 00:00:00-04:00,36.6953577088973,36.6953577088973,36.00779110316888,36.51640319824219,112200,0.0,0.0
2022-06-30 00:00:00-04:00,35.951284847645354,37.15688453509433,35.725237376408515,36.94025421142578,169900,0.0,0.0
2022-07-01 00:00:00-04:00,36.469312846278136,37.55246431785305,36.441054221482766,37.38292694091797,138500,0.0,0.0
2022-07-05 00:00:00-04:00,36.68593644764033,37.57129534891991,36.262093082628276,37.5618782043457,182100,0.0,0.0
2022-07-06 00:00:00-04:00,37.40176950301837,37.80677511045241,36.85548512577973,37.712589263916016,120000,0.0,0.0
2022-07-07 00:00:00-04:00,38.08933569559582,38.52259992513164,37.82561245471638,37.83502960205078,83400,0.0,0.0
2022-07-08 00:00:00-04:00,38.117592655612256,38.12889251332715,37.60427012083652,37.948055267333984,78000,0.0,0.0
2022-07-11 00:00:00-04:00,37.56188669290006,37.929216494603274,37.420604341648314,37.6183967590332,58900,0.0,0.0
2022-07-12 00:00:00-04:00,37.17571712970896,38.09875195724051,37.17571712970896,37.430023193359375,106800,0.0,0.0
2022-07-13 00:00:00-04:00,37.175715832939304,37.175715832939304,36.572917892554514,36.64826583862305,78900,0.0,0.0
2022-07-14 00:00:00-04:00,35.885359880827686,36.18675895354214,35.53686787668167,36.05489730834961,62500,0.0,0.0
2022-07-15 00:00:00-04:00,36.7330330687247,37.23222441965537,36.200876319014824,37.21338653564453,130600,0.0,0.0
2022-07-18 00:00:00-04:00,37.41118852549627,37.83032163136788,36.99676219666354,37.326419830322266,92000,0.0,0.0
2022-07-19 00:00:00-04:00,37.26990618896904,38.663877493600616,37.1474617196618,37.900962829589844,246800,0.0,0.0
2022-07-20 00:00:00-04:00,37.56188665740774,38.871089218327036,37.13804319701243,38.616783142089844,261400,0.0,0.0
2022-07-21 00:00:00-04:00,38.390728994077584,38.95585475988712,38.01398207649704,38.946434020996094,165000,0.0,0.0
2022-07-22 00:00:00-04:00,38.8805046081543,38.92760111837189,38.36247533239427,38.8805046081543,140700,0.0,0.0
2022-07-25 00:00:00-04:00,39.04062616412444,39.84121656358007,38.89934381459255,39.23841857910156,88100,0.0,0.0
2022-07-26 00:00:00-04:00,39.08771329240553,39.62458039235849,39.012361759028835,39.20073699951172,88300,0.0,0.0
2022-07-27 00:00:00-04:00,39.266674836774385,40.250933758509845,39.21016476956628,40.02017593383789,98400,0.0,0.0
2022-07-28 00:00:00-04:00,40.31215195197241,40.35924486967794,39.80353981765038,40.330989837646484,137400,0.0,0.0
2022-07-29 00:00:00-04:00,40.293314496209916,40.849019554166595,40.14261500216875,40.35924530029297,149500,0.0,0.0
2022-08-01 00:00:00-04:00,39.897725808527,40.46284795822235,39.5209753134241,40.13319396972656,96000,0.0,0.0
2022-08-02 00:00:00-04:00,39.812963719812124,40.1991314244105,39.56336800248093,39.6528434753418,90500,0.0,0.0
2022-08-03 00:00:00-04:00,39.82237348411593,40.18028608808359,39.652836123971184,39.9542350769043,87900,0.0,0.0
2022-08-04 00:00:00-04:00,39.77528561600747,40.123777525855004,39.65284115304939,40.08610534667969,82100,0.0,0.0
2022-08-05 00:00:00-04:00,40.010526203736994,40.615174749204996,40.010526203736994,40.59627914428711,91400,0.13,0.0
2022-08-08 00:00:00-04:00,40.596270924092984,40.785219727076026,40.13806250852757,40.35063171386719,125100,0.0,0.0
2022-08-09 00:00:00-04:00,40.44510930765267,40.58682090844753,40.04830889669886,40.55847930908203,124500,0.0,0.0
2022-08-10 00:00:00-04:00,41.134790482685936,41.503245761607225,40.97890444807522,41.257606506347656,136700,0.0,0.0
2022-08-11 00:00:00-04:00,41.79611549867825,41.97561830711472,41.408764677549826,41.44655227661133,119300,0.0,0.0
2022-08-12 00:00:00-04:00,41.81501287619852,41.90949089592665,41.257605173690344,41.88114929199219,245500,0.0,0.0
2022-08-15 00:00:00-04:00,41.833912426281316,42.10789330338524,41.29256755784815,42.079551696777344,108600,0.0,0.0
2022-08-16 00:00:00-04:00,41.6827439429462,42.750322055317,41.6827439429462,42.62750244140625,124100,0.0,0.0
2022-08-17 00:00:00-04:00,42.051211157724296,42.169306003667536,41.35209168796275,41.46546173095703,247000,0.0,0.0
2022-08-18 00:00:00-04:00,41.569376363000465,41.5882719665507,40.898598654822514,41.238712310791016,127200,0.0,0.0
2022-08-19 00:00:00-04:00,41.040313245969,41.040313245969,40.27506106861929,40.59627914428711,401000,0.0,0.0
2022-08-22 00:00:00-04:00,39.897151612811925,39.897151612811925,38.905155893928644,39.5003547668457,148700,0.0,0.0
2022-08-23 00:00:00-04:00,39.2547190812429,39.64206996280824,38.839026594967514,38.848472595214844,82800,0.0,0.0
2022-08-24 00:00:00-04:00,38.574490577228175,38.69730658511831,38.13045293710471,38.659515380859375,100100,0.0,0.0
2022-08-25 00:00:00-04:00,38.61227650287875,39.56648454721037,38.522526901615784,39.53813934326172,106400,0.0,0.0
2022-08-26 00:00:00-04:00,39.52868600105771,39.52868600105771,38.29105137493613,38.423316955566406,90000,0.0,0.0
2022-08-29 00:00:00-04:00,37.98873766408516,38.02652886828536,37.516358423485336,37.55414962768555,79700,0.0,0.0
2022-08-30 00:00:00-04:00,37.4691198175658,37.60138542334758,37.09782827793483,37.57304382324219,94000,0.0,0.0
2022-08-31 00:00:00-04:00,37.39355165434748,37.91316822659177,37.28962761910493,37.431339263916016,100900,0.0,0.0
2022-09-01 00:00:00-04:00,37.34629399787601,37.34629399787601,36.61882968312369,37.2518196105957,107700,0.0,0.0
2022-09-02 00:00:00-04:00,37.68641142887839,37.84702222851009,36.5243590469453,36.79833984375,81500,0.0,0.0
2022-09-06 00:00:00-04:00,36.71332369217665,36.71332369217665,34.97496753842973,35.031654357910156,229600,0.0,0.0
2022-09-07 00:00:00-04:00,35.173361695796245,36.288177114690136,34.98440925795579,36.193702697753906,140500,0.0,0.0
2022-09-08 00:00:00-04:00,35.79690147541028,36.902270871270716,35.49930382466258,36.85503005981445,102400,0.0,0.0
2022-09-09 00:00:00-04:00,36.94950954820004,37.535258873079535,36.94950954820004,37.4407844543457,84800,0.0,0.0
2022-09-12 00:00:00-04:00,37.459681112354225,37.98874363849126,37.15735863914216,37.97929763793945,127800,0.0,0.0
2022-09-13 00:00:00-04:00,37.979295208425356,37.979295208425356,36.968403827544634,37.15735626220703,158000,0.0,0.0
2022-09-14 00:00:00-04:00,37.100675486368516,37.65808327712253,36.69442894714261,37.62974166870117,133200,0.0,0.0
2022-09-15 00:00:00-04:00,37.5447002041501,38.42332219587606,37.5447002041501,37.799781799316406,104700,0.0,0.0
2022-09-16 00:00:00-04:00,37.497462821385234,37.676969239352424,36.845580766785815,37.55414962768555,424500,0.0,0.0
2022-09-19 00:00:00-04:00,37.45967527936284,38.69730658511831,37.45967527936284,38.659515380859375,127200,0.0,0.0
2022-09-20 00:00:00-04:00,38.22492198654954,38.75398796012304,38.22492198654954,38.631168365478516,83200,0.0,0.0
2022-09-21 00:00:00-04:00,39.08465910683025,39.43894355313139,38.281615803468114,38.33830261230469,93300,0.0,0.0
2022-09-22 00:00:00-04:00,38.40443613460097,38.40443613460097,37.34630397378656,37.72420883178711,76900,0.0,0.0
2022-09-23 00:00:00-04:00,37.591943490360215,37.591943490360215,36.8739249756489,37.317962646484375,107500,0.0,0.0
2022-09-26 00:00:00-04:00,37.32741035262537,37.601391209026126,36.78889824395795,36.892822265625,162300,0.0,0.0
2022-09-27 00:00:00-04:00,36.90227182787824,37.143182673504235,36.037816852957626,36.24094009399414,130200,0.0,0.0
2022-09-28 00:00:00-04:00,36.57160514786582,37.34630692440269,36.3637607031154,37.0817756652832,145300,0.0,0.0
2022-09-29 00:00:00-04:00,36.826685085135644,36.826685085135644,36.17480303194438,36.599945068359375,105000,0.0,0.0
2022-09-30 00:00:00-04:00,36.477125105488234,37.14790275427562,36.04253707421479,36.099220275878906,153800,0.0,0.0
2022-10-03 00:00:00-04:00,36.47712989279625,36.7369363437784,35.60795011220947,36.43933868408203,216600,0.0,0.0
2022-10-04 00:00:00-04:00,36.99674001296127,37.573043232492964,36.760550405216634,37.3274040222168,298000,0.0,0.0
2022-10-05 00:00:00-04:00,36.75110483105812,37.336854055918245,36.75110483105812,37.072322845458984,146000,0.0,0.0
2022-10-06 00:00:00-04:00,36.77945617604449,37.14791148937137,36.61884532430526,37.091224670410156,97500,0.0,0.0
2022-10-07 00:00:00-04:00,37.14790902299319,37.14790902299319,36.15591318282863,36.57160568237305,143400,0.0,0.0
2022-10-10 00:00:00-04:00,36.97785502790818,37.38410155817643,36.78418136801849,37.138465881347656,115300,0.0,0.0
2022-10-11 00:00:00-04:00,37.204592629833904,37.82813312736328,37.03453580287427,37.317962646484375,177300,0.0,0.0
2022-10-12 00:00:00-04:00,37.33685545393208,37.761997489494206,36.949504622412725,37.20458984375,85300,0.0,0.0
2022-10-13 00:00:00-04:00,36.60940442766462,39.73655743233394,36.54327159830635,39.67987060546875,211200,0.0,0.0
2022-10-14 00:00:00-04:00,40.12389607093802,40.45456011607527,39.31140315549472,39.38698196411133,112600,0.0,0.0
2022-10-17 00:00:00-04:00,39.89715369060401,40.397874575819536,39.745992464653966,40.227821350097656,153400,0.0,0.0
2022-10-18 00:00:00-04:00,38.89570118561035,39.67985237919879,37.36519360295208,37.90370559692383,381500,0.0,0.0
2022-10-19 00:00:00-04:00,35.95750607130089,36.656625270437736,34.09633086641472,36.033084869384766,427400,0.0,0.0
2022-10-20 00:00:00-04:00,35.976404357181586,36.288172778995595,34.71987385904505,35.343414306640625,285200,0.0,0.0
2022-10-21 00:00:00-04:00,35.72132179087771,35.86303340987806,34.98440767699814,35.25838851928711,156700,0.0,0.0
2022-10-24 00:00:00-04:00,35.7118707391674,35.834690353828485,35.182808283336925,35.428443908691406,122500,0.0,0.0
2022-10-25 00:00:00-04:00,35.872489867206525,37.74311170635513,35.6277948207446,37.62974166870117,342100,0.0,0.0
2022-10-26 00:00:00-04:00,38.06432610180371,38.2154873385806,37.35575712866798,37.8281364440918,168500,0.0,0.0
2022-10-27 00:00:00-04:00,38.376088014321894,39.50979889828919,37.95094598233821,38.21548080444336,188900,0.0,0.0
2022-10-28 00:00:00-04:00,38.55560318735178,39.481466265096714,38.130461058803505,39.254722595214844,122500,0.0,0.0
2022-10-31 00:00:00-04:00,39.19803289826535,39.963284999128746,39.018526471471006,39.642066955566406,165500,0.0,0.0
2022-11-01 00:00:00-04:00,39.82157416578643,40.133342611983785,39.566488925824316,39.783782958984375,153000,0.0,0.0
2022-11-02 00:00:00-04:00,39.80267794221347,39.90660195731595,38.508356159168905,38.73509979248047,149400,0.0,0.0
2022-11-03 00:00:00-04:00,38.4894696795893,38.60283971051895,38.01709034608607,38.30996322631836,93500,0.0,0.0
2022-11-04 00:00:00-04:00,38.678416728210856,39.764890586248654,38.44222707246073,39.689308166503906,80600,0.0,0.0
2022-11-07 00:00:00-05:00,40.25615695006294,40.27505255098466,39.523967731207584,39.80267333984375,71400,0.0,0.0
2022-11-08 00:00:00-05:00,39.81215238608295,40.05855193575893,39.10612972032001,39.414127349853516,85400,0.13,0.0
2022-11-09 00:00:00-05:00,39.12034614575901,39.64157459542603,38.99714998049508,39.186683654785156,114900,0.0,0.0
2022-11-10 00:00:00-05:00,40.27652126922949,41.16734184997516,40.18649024131768,41.01571273803711,150800,0.0,0.0
2022-11-11 00:00:00-05:00,41.18629037348858,41.80228559097638,40.371282651319255,40.53239059448242,137500,0.0,0.0
2022-11-14 00:00:00-05:00,40.333380599130294,41.07257201400607,39.87280670814276,40.76931381225586,244600,0.0,0.0
2022-11-15 00:00:00-05:00,41.082047179199414,41.735950612864734,40.76931374080884,41.09152603149414,182200,0.0,0.0
2022-11-16 00:00:00-05:00,40.76931356160908,40.86881981952884,40.06329090391772,40.1817512512207,132500,0.0,0.0
2022-11-17 00:00:00-05:00,39.84057924980724,39.84057924980724,39.18194010096723,39.44255065917969,86600,0.0,0.0
2022-11-18 00:00:00-05:00,40.22913683813316,40.3333825278052,39.53732880636421,39.89744567871094,109100,0.0,0.0
2022-11-21 00:00:00-05:00,39.73633368377327,40.54186248779297,39.73633368377327,40.54186248779297,69000,0.0,0.0
2022-11-22 00:00:00-05:00,40.52291030078377,40.75035573741397,40.001685543446015,40.636634826660156,119800,0.0,0.0
2022-11-23 00:00:00-05:00,40.46605364627569,40.75035774472597,40.38076205522833,40.60820388793945,93200,0.0,0.0
2022-11-25 00:00:00-05:00,40.75035246305668,41.09151878302742,40.5560757916369,41.0346565246582,64100,0.0,0.0
2022-11-28 00:00:00-05:00,40.97780247967517,41.03940055514558,39.44255386753118,39.6889533996582,96000,0.0,0.0
2022-11-29 00:00:00-05:00,39.52785319723349,40.148587959820574,39.38096350343635,39.82163619995117,62100,0.0,0.0
2022-11-30 00:00:00-05:00,40.105934903710384,40.608205619561225,39.02557711445687,40.5703010559082,150600,0.0,0.0
2022-12-01 00:00:00-05:00,40.93989846495674,41.01571121054077,40.13436590049767,40.665069580078125,93800,0.0,0.0
2022-12-02 00:00:00-05:00,40.27651317064543,40.83564608632517,40.200696822359546,40.55134201049805,69300,0.0,0.0
2022-12-05 00:00:00-05:00,40.13436648672795,40.13436648672795,38.99714998049508,39.186683654785156,111900,0.0,0.0
2022-12-06 00:00:00-05:00,38.940288939417165,39.466253216972625,38.618076621771685,38.883426666259766,91400,0.0,0.0
2022-12-07 00:00:00-05:00,38.949761734547444,39.1961612876527,38.674936469331115,38.71284103393555,83000,0.0,0.0
2022-12-08 00:00:00-05:00,38.71283886749015,39.14877567971365,38.40958067688767,38.60859680175781,59100,0.0,0.0
2022-12-09 00:00:00-05:00,38.62754943711034,38.779178540897036,38.23899963271174,38.71284103393555,69700,0.0,0.0
2022-12-12 00:00:00-05:00,38.95923733878314,38.97819142706654,38.325238811487154,38.65597915649414,87100,0.0,0.0
2022-12-13 00:00:00-05:00,39.17719549133128,39.34777863401009,36.14461070663481,36.32467269897461,351800,0.0,0.0
2022-12-14 00:00:00-05:00,35.65181960075591,35.898219109524725,33.9649456727699,34.33454132080078,283400,0.0,0.0
2022-12-15 00:00:00-05:00,32.63819049938964,34.41983496648944,32.24395415381444,33.140464782714844,421500,0.0,0.0
2022-12-16 00:00:00-05:00,32.38232305481744,33.63326781248106,32.38232305481744,33.00779724121094,533900,0.0,0.0
2022-12-19 00:00:00-05:00,33.01726673765121,33.64273720014764,33.01726673765121,33.623783111572266,208900,0.0,0.0
2022-12-20 00:00:00-05:00,33.983899579526984,34.49564906568947,33.58587099635983,34.201866149902344,156300,0.0,0.0
2022-12-21 00:00:00-05:00,34.39140271028951,34.855765163718644,34.39140271028951,34.51459884643555,103500,0.0,0.0
2022-12-22 00:00:00-05:00,34.48617620742973,34.59989713018574,33.79436820338601,34.49565505981445,122000,0.0,0.0
2022-12-23 00:00:00-05:00,34.51460561347731,34.79417391750042,34.44826810712395,34.56199264526367,65800,0.0,0.0
2022-12-27 00:00:00-05:00,34.7799592540137,34.7799592540137,34.230301498373926,34.56199264526367,94500,0.0,0.0
2022-12-28 00:00:00-05:00,34.59042260559812,34.912634905981214,33.91756867733793,33.92704391479492,132700,0.0,0.0
2022-12-29 00:00:00-05:00,34.33454452948359,34.72309430027896,34.22082361525931,34.5809440612793,123800,0.0,0.0
2022-12-30 00:00:00-05:00,34.41036409140456,34.6472847936213,34.14501044663815,34.2492561340332,110000,0.0,0.0
2023-01-03 00:00:00-05:00,34.647280890000594,34.8462933898109,34.19239362681019,34.57146453857422,157800,0.0,0.0
2023-01-04 00:00:00-05:00,34.922106803952104,35.07373589462536,34.48617362015684,34.5809440612793,138700,0.0,0.0
2023-01-05 00:00:00-05:00,34.29663657121411,34.54208894242846,33.9441006503394,34.39140701293945,119600,0.0,0.0
2023-01-06 00:00:00-05:00,34.5904222095397,35.41490523353265,34.57526038373291,35.14955520629883,76000,0.0,0.0
2023-01-09 00:00:00-05:00,35.05478753318612,35.05478753318612,34.5146050240548,34.61885070800781,89000,0.0,0.0
2023-01-10 00:00:00-05:00,34.495656192244994,35.538105851163216,34.48143791320115,34.903160095214844,135800,0.0,0.0
2023-01-11 00:00:00-05:00,34.91263376079894,35.310658793151276,34.91263376079894,35.07373809814453,75000,0.0,0.0
2023-01-12 00:00:00-05:00,35.34856780597654,35.898225566619516,35.02635550856035,35.60444259643555,72200,0.0,0.0
2023-01-13 00:00:00-05:00,35.244324448794615,35.898227939339975,34.732578449175364,35.70869064331055,77700,0.0,0.0
2023-01-17 00:00:00-05:00,34.7704847380637,35.91244438222474,34.23220370725287,35.02635955810547,165800,0.0,0.0
2023-01-18 00:00:00-05:00,34.599888313125106,34.74204214168739,33.82278891126123,33.83226776123047,170200,0.0,0.0
2023-01-19 00:00:00-05:00,33.52901235242333,34.277678880191786,33.37738327672211,34.201866149902344,134000,0.0,0.0
2023-01-20 00:00:00-05:00,34.647289345446254,34.90505849598211,34.2492606335667,34.713626861572266,157400,0.0,0.0
2023-01-23 00:00:00-05:00,34.74204961789943,35.00739963218673,34.52408301828874,34.666236877441406,101500,0.0,0.0
2023-01-24 00:00:00-05:00,34.18291548903166,34.533557083893214,34.18291548903166,34.258731842041016,85700,0.0,0.0
2023-01-25 00:00:00-05:00,33.98389834243381,34.457739638641485,33.51953228149653,34.438785552978516,104200,0.0,0.0
2023-01-26 00:00:00-05:00,34.77048153124283,35.50019773996,34.460589565746275,35.35804748535156,146600,0.0,0.0
2023-01-27 00:00:00-05:00,35.37700150656369,35.51820459864952,34.77996031602968,34.903160095214844,94900,0.0,0.0
2023-01-30 00:00:00-05:00,34.543031117022956,34.95148208180913,34.543031117022956,34.69466018676758,78400,0.0,0.0
2023-01-31 00:00:00-05:00,34.71362160465201,35.60444212567219,34.57146774012447,35.594966888427734,214400,0.0,0.0
2023-02-01 00:00:00-05:00,35.56653136049,36.17304772347966,35.15902750127082,35.68025588989258,136300,0.0,0.0
2023-02-02 00:00:00-05:00,35.75607185323152,36.902767181396484,35.75607185323152,36.902767181396484,110500,0.0,0.0
2023-02-03 00:00:00-05:00,36.67532405002085,37.3955613670804,36.40997041521121,37.139686584472656,144400,0.0,0.0
2023-02-06 00:00:00-05:00,36.75915512480657,37.01601301475163,36.21690078903789,36.56888961791992,62500,0.15,0.0
2023-02-07 00:00:00-05:00,36.21690277498526,37.36800389270145,36.07420272974217,37.17774200439453,110700,0.0,0.0
2023-02-08 00:00:00-05:00,36.721102241161965,36.99222941601282,36.473759616162845,36.77818298339844,100600,0.0,0.0
2023-02-09 00:00:00-05:00,37.15871997609707,37.20152781789144,36.01713035107312,36.12177658081055,75600,0.0,0.0
2023-02-10 00:00:00-05:00,35.9124803027549,36.49278851213024,35.550976173649886,36.21690368652344,75100,0.0,0.0
2023-02-13 00:00:00-05:00,36.42618959014347,36.616455078125,36.145547178842946,36.616455078125,78500,0.0,0.0
2023-02-14 00:00:00-05:00,36.64499728157443,36.83526278850933,35.97906982180863,36.521324157714844,110200,0.0,0.0
2023-02-15 00:00:00-05:00,36.102746292425266,37.25384745402112,35.950534598569725,37.16822814941406,75600,0.0,0.0
2023-02-16 00:00:00-05:00,36.56889122034213,36.98747607963737,36.473760277236586,36.55937957763672,134800,0.0,0.0
2023-02-17 00:00:00-05:00,36.93991310030521,36.97796330270684,36.17885098806297,36.949424743652344,110500,0.0,0.0
2023-02-21 00:00:00-05:00,36.5784084107943,36.75345022625346,35.27509555101578,35.665138244628906,121100,0.0,0.0
2023-02-22 00:00:00-05:00,35.74124201330356,35.919139860719135,35.01823737768295,35.28460693359375,178400,0.0,0.0
2023-02-23 00:00:00-05:00,35.54146563176325,35.73173115976673,34.97257427963214,35.351200103759766,163400,0.0,0.0
2023-02-24 00:00:00-05:00,34.970667462374124,35.4415754393623,34.91359034686982,35.36071014404297,129000,0.0,0.0
2023-02-27 00:00:00-05:00,35.63659745776638,35.90297065512814,35.29412022473925,35.703189849853516,86800,0.0,0.0
2023-02-28 00:00:00-05:00,35.71270746304171,36.03615780109801,35.66799438856324,35.855403900146484,164100,0.0,0.0
2023-03-01 00:00:00-05:00,35.70318285788121,35.76977523692716,35.194224744308606,35.531944274902344,84400,0.0,0.0
2023-03-02 00:00:00-05:00,35.27509088523847,35.27509088523847,34.1525284269264,34.33327865600586,122500,0.0,0.0
2023-03-03 00:00:00-05:00,34.628190006292016,35.26557525149897,34.29998211282759,35.07530975341797,106100,0.0,0.0
2023-03-06 00:00:00-05:00,34.94212778245026,35.14190493832535,34.1430155299371,34.39036178588867,131900,0.0,0.0
2023-03-07 00:00:00-05:00,34.33328169886747,34.39987408543087,33.876646635712845,34.21912384033203,137800,0.0,0.0
2023-03-08 00:00:00-05:00,34.1525327506042,34.21912513969625,33.400985926264774,33.971778869628906,94600,0.0,0.0
2023-03-09 00:00:00-05:00,33.69589446393908,33.69589446393908,31.10829564200242,31.679088592529297,161500,0.0,0.0
2023-03-10 00:00:00-05:00,30.87997575572775,31.869353573448684,29.844935881771356,31.19391441345215,224900,0.0,0.0
2023-03-13 00:00:00-04:00,29.433965105318823,31.99302717661987,28.026004204511686,29.93816566467285,345900,0.0,0.0
2023-03-14 00:00:00-04:00,31.78373505814485,32.287935622623955,29.995246716084328,30.461395263671875,234300,0.0,0.0
2023-03-15 00:00:00-04:00,29.833518555604858,31.469796850719803,29.253210386801875,31.04170036315918,249500,0.0,0.0
2023-03-16 00:00:00-04:00,30.499446396736595,32.78262164343063,29.78595163719842,31.850324630737305,209100,0.0,0.0
2023-03-17 00:00:00-04:00,31.260503701945513,31.260503701945513,29.39590792828187,29.900110244750977,696500,0.0,0.0
2023-03-20 00:00:00-04:00,30.385288270109807,31.23006260993222,29.65276837386504,29.68130874633789,173700,0.0,0.0
2023-03-21 00:00:00-04:00,31.013159466519557,31.393690499942196,30.56603967561278,30.794355392456055,223200,0.0,0.0
2023-03-22 00:00:00-04:00,30.727762219104154,30.89900081685809,29.224670481995474,29.31980323791504,149900,0.0,0.0
2023-03-23 00:00:00-04:00,29.481527076067675,29.481527076067675,28.083081613707552,28.444583892822266,171900,0.0,0.0
2023-03-24 00:00:00-04:00,28.168702405168414,29.83827511918153,28.084984708247738,29.79546546936035,188700,0.0,0.0
2023-03-27 00:00:00-04:00,30.775327489521356,30.775327489521356,29.567147485076948,29.643253326416016,168000,0.0,0.0
2023-03-28 00:00:00-04:00,29.738391368822356,29.900116537233842,29.20565038473434,29.538612365722656,87700,0.0,0.0
2023-03-29 00:00:00-04:00,29.909627922470662,29.909627922470662,28.825117297625717,29.110515594482422,154600,0.0,0.0
2023-03-30 00:00:00-04:00,29.605201177952775,29.61471282038368,28.465515165757843,28.65387725830078,124200,0.0,0.0
2023-03-31 00:00:00-04:00,28.91073604194301,29.624229048423395,28.65387993863505,29.567150115966797,288600,0.0,0.0
2023-04-03 00:00:00-04:00,29.424451259525362,29.957192185112245,28.63485242151915,29.034408569335938,195800,0.0,0.0
2023-04-04 00:00:00-04:00,29.205647341427532,29.205647341427532,27.921359586633926,28.568260192871094,191100,0.0,0.0
2023-04-05 00:00:00-04:00,28.04503112056991,28.56826040994643,27.796735861087825,28.244810104370117,187000,0.0,0.0
2023-04-06 00:00:00-04:00,27.702554880309158,28.416047859754375,27.702554880309158,28.083084106445312,164900,0.0,0.0
2023-04-10 00:00:00-04:00,27.702556212431645,28.50166671849086,27.702556212431645,28.492155075073242,197500,0.0,0.0
2023-04-11 00:00:00-04:00,28.46361508230164,28.825117415726698,28.225784074533248,28.54923439025879,109800,0.0,0.0
2023-04-12 00:00:00-04:00,28.82511395615166,28.86316778379057,27.873790039255482,28.60630989074707,162700,0.0,0.0
2023-04-13 00:00:00-04:00,28.710956442882296,29.30077626223214,28.29237340642001,29.177104949951172,133200,0.0,0.0
2023-04-14 00:00:00-04:00,29.6242313734796,29.71936414471145,28.377997332411752,28.634855270385742,228900,0.0,0.0
2023-04-17 00:00:00-04:00,28.530205732711238,29.02489463415595,28.22102653018815,28.977327346801758,153200,0.0,0.0
2023-04-18 00:00:00-04:00,29.652768859506505,29.652768859506505,27.445697491641184,27.721580505371094,155000,0.0,0.0
2023-04-19 00:00:00-04:00,27.702557095059202,29.081975876897143,27.702557095059202,28.98684310913086,183700,0.0,0.0
2023-04-20 00:00:00-04:00,28.834628990875604,28.958302122962998,28.358967006399563,28.7394962310791,151900,0.0,0.0
2023-04-21 00:00:00-04:00,28.701444504763785,28.86316965369377,28.149676669797927,28.463613510131836,145200,0.0,0.0
2023-04-24 00:00:00-04:00,28.720467009141906,28.720467009141906,28.054539600637995,28.216264724731445,142900,0.0,0.0
2023-04-25 00:00:00-04:00,27.645475123878537,28.07357165265339,26.79879733864221,26.979549407958984,187600,0.0,0.0
2023-04-26 00:00:00-04:00,26.73220387693976,27.645474015708928,26.73220387693976,27.236404418945312,118400,0.0,0.0
2023-04-27 00:00:00-04:00,27.597910704846022,27.854768631934586,27.31727003958406,27.66450309753418,174500,0.0,0.0
2023-04-28 00:00:00-04:00,27.550339823107034,28.50166374210117,27.550339823107034,27.99746322631836,154000,0.0,0.0
2023-05-01 00:00:00-04:00,27.883304479349107,28.211512403535195,27.43618287586439,27.59790802001953,110500,0.0,0.0
2023-05-02 00:00:00-04:00,27.674010269973728,27.674010269973728,25.676229870561393,25.733308792114258,176300,0.0,0.0
2023-05-03 00:00:00-04:00,26.05676433350117,26.84636319771313,25.352784776270585,25.438404083251953,214600,0.0,0.0
2023-05-04 00:00:00-04:00,24.743933291469922,24.753446747608873,23.155222406389566,23.868715286254883,313300,0.0,0.0
2023-05-05 00:00:00-04:00,24.810529037250475,25.51450855652177,24.434755634039508,25.029333114624023,235700,0.0,0.0
2023-05-08 00:00:00-04:00,25.62253288776811,25.966971960611236,24.120388875293052,24.206499099731445,184900,0.15,0.0
2023-05-09 00:00:00-04:00,23.93860576011824,24.42656316193291,23.493703476843407,23.77595329284668,141300,0.0,0.0
2023-05-10 00:00:00-04:00,24.330885432639114,24.780570816414738,23.857279118682573,24.5413761138916,237500,0.0,0.0
2023-05-11 00:00:00-04:00,24.082121638629577,24.23998918623262,23.7185465101266,24.024715423583984,211600,0.0,0.0
2023-05-12 00:00:00-04:00,24.216074407836228,24.254346441310396,23.364541737056975,24.1873722076416,163800,0.0,0.0
2023-05-15 00:00:00-04:00,24.35002111809488,24.85041529027366,24.35002111809488,24.570079803466797,107300,0.0,0.0
2023-05-16 00:00:00-04:00,24.474407196044922,24.995851833608512,24.359592910977486,24.474407196044922,115300,0.0,0.0
2023-05-17 00:00:00-04:00,24.943222440164387,26.703695536949578,24.503105078423435,26.4836368560791,194600,0.0,0.0
2023-05-18 00:00:00-04:00,26.378389770769807,26.770668911165412,26.043516844236557,26.349687576293945,224200,0.0,0.0
2023-05-19 00:00:00-04:00,26.818511481275983,26.818511481275983,25.622537933991463,26.100927352905273,322400,0.0,0.0
2023-05-22 00:00:00-04:00,26.617588271356848,27.05770750712351,26.1104966305805,26.90462303161621,122900,0.0,0.0
2023-05-23 00:00:00-04:00,26.837645880927163,27.976213217818803,26.4166645029274,27.593502044677734,142800,0.0,0.0
2023-05-24 00:00:00-04:00,27.325601821039797,27.325601821039797,26.875916445232903,27.10554313659668,105100,0.0,0.0
2023-05-25 00:00:00-04:00,26.76110417235002,27.10554514740317,26.464503235449175,26.694129943847656,108200,0.0,0.0
2023-05-26 00:00:00-04:00,26.60801829533322,26.93332323795121,26.244443149124695,26.856781005859375,84200,0.0,0.0
2023-05-30 00:00:00-04:00,26.828078470525536,26.866348673632675,26.16790058650302,26.37839126586914,143700,0.0,0.0
2023-05-31 00:00:00-04:00,26.426231458503437,26.603235026864976,25.287664166931187,25.507722854614258,143300,0.0,0.0
2023-06-01 00:00:00-04:00,25.813891217395714,26.646289564469683,25.45509917251931,26.263578414916992,101400,0.0,0.0
2023-06-02 00:00:00-04:00,26.818511196377965,28.67466080810954,26.598450679083143,28.588550567626953,194500,0.0,0.0
2023-06-05 00:00:00-04:00,28.263246242845472,28.35892266161321,26.655857588761844,26.818510055541992,163900,0.0,0.0
2023-06-06 00:00:00-04:00,27.182085557069385,28.932990687754895,27.08640731210462,28.454601287841797,190400,0.0,0.0
2023-06-07 00:00:00-04:00,28.703364576381375,30.1193967908376,28.492873893122454,29.77495765686035,197000,0.0,0.0
2023-06-08 00:00:00-04:00,29.392244337783808,29.430516366077885,28.4354655293609,29.296567916870117,160700,0.0,0.0
2023-06-09 00:00:00-04:00,29.34440612249149,29.34440612249149,28.52157576341194,28.741636276245117,102900,0.0,0.0
2023-06-12 00:00:00-04:00,28.980830210115077,29.449651594748683,28.291948318481445,28.291948318481445,138000,0.0,0.0
2023-06-13 00:00:00-04:00,28.454597643536815,29.21045367455087,28.454597643536815,29.057369232177734,160900,0.0,0.0
2023-06-14 00:00:00-04:00,28.942559889730102,29.1482674861789,27.70353121980142,27.861400604248047,153300,0.0,0.0
2023-06-15 00:00:00-04:00,27.832695919398283,28.521576010345566,27.66047544043377,28.014484405517578,268900,0.0,0.0
2023-06-16 00:00:00-04:00,28.3971948108038,28.3971948108038,27.555228452716335,28.024051666259766,457900,0.0,0.0
2023-06-20 00:00:00-04:00,28.110161656769474,28.239327019804502,27.68918027900066,28.100595474243164,138500,0.0,0.0
2023-06-21 00:00:00-04:00,28.167568702460223,28.167568702460223,27.44041658722335,27.82312774658203,156900,0.0,0.0
2023-06-22 00:00:00-04:00,27.603070069125128,27.603070069125128,26.655859230675897,27.038570404052734,173300,0.0,0.0
2023-06-23 00:00:00-04:00,26.560182265114243,27.493042049944112,26.560182265114243,27.287334442138672,547200,0.0,0.0
2023-06-26 00:00:00-04:00,27.402144889376732,27.80399206777841,27.115111972623012,27.143815994262695,193400,0.0,0.0
2023-06-27 00:00:00-04:00,27.27776094190266,27.526523622763463,26.417616730454725,27.115108489990234,158900,0.0,0.0
2023-06-28 00:00:00-04:00,26.990727352775554,26.990727352775554,26.502771801779012,26.617584228515625,126400,0.0,0.0
2023-06-29 00:00:00-04:00,27.086407122755354,27.603068547006895,26.952458675687495,27.10554313659668,163400,0.0,0.0
2023-06-30 00:00:00-04:00,27.363874011325567,27.363874011325567,26.741968157072634,26.837644577026367,141600,0.0,0.0
2023-07-03 00:00:00-04:00,26.674992602778552,27.574365201321534,26.674992602778552,27.55522918701172,81600,0.0,0.0
2023-07-05 00:00:00-04:00,27.28733296156833,27.335171173615908,26.564963915238533,26.799375534057617,150800,0.0,0.0
2023-07-06 00:00:00-04:00,26.435796647855316,26.435796647855316,25.55556010526965,26.292280197143555,125900,0.0,0.0
2023-07-07 00:00:00-04:00,26.445364917279868,27.057704577929737,26.445364917279868,26.627153396606445,119600,0.0,0.0
2023-07-10 00:00:00-04:00,26.45493374848774,27.15816675826028,26.45493374848774,26.71326446533203,84300,0.0,0.0
2023-07-11 00:00:00-04:00,26.95245850510156,27.258627424982148,26.685517865874203,26.914186477661133,88700,0.0,0.0
2023-07-12 00:00:00-04:00,27.698743305578198,27.92836996804481,27.12945882735948,27.58392906188965,127700,0.0,0.0
2023-07-13 00:00:00-04:00,27.851833083972767,28.224976253865965,27.57436633975722,28.11972999572754,140900,0.0,0.0
2023-07-14 00:00:00-04:00,28.349356808510073,28.349356808510073,27.4978242073918,27.612638473510742,125400,0.0,0.0
2023-07-17 00:00:00-04:00,27.670042574028102,29.25829521336417,27.670042574028102,28.89472007751465,344400,0.0,0.0
2023-07-18 00:00:00-04:00,30.282048770952144,31.44931825445315,28.9042867827024,30.77000617980957,521500,0.0,0.0
2023-07-19 00:00:00-04:00,31.631104145640673,32.54004096232714,31.21968902553542,32.49220275878906,340400,0.0,0.0
2023-07-20 00:00:00-04:00,32.501771950726386,32.501771950726386,31.45409815967071,31.67894172668457,249400,0.0,0.0
2023-07-21 00:00:00-04:00,32.013817814089435,32.013817814089435,30.7900983696508,31.133583068847656,220200,0.0,0.0
2023-07-24 00:00:00-04:00,30.884818393462297,32.300850574779865,30.884818393462297,32.14776611328125,260400,0.0,0.0
2023-07-25 00:00:00-04:00,32.38696131610015,33.10933034088331,32.13341551497122,32.72183609008789,270500,0.0,0.0
2023-07-26 00:00:00-04:00,33.27676450853143,33.95799271663095,33.27676450853143,33.53509521484375,185800,0.0,0.0
2023-07-27 00:00:00-04:00,33.611631564104194,34.35791766695242,32.76966541613407,33.02799606323242,156100,0.0,0.0
2023-07-28 00:00:00-04:00,33.24805998613873,33.64990529017217,32.70269641648128,33.32460403442383,115700,0.0,0.0
2023-07-31 00:00:00-04:00,33.20979461016359,33.94651479819445,33.20979461016359,33.88910675048828,155700,0.0,0.0
2023-08-01 00:00:00-04:00,33.47769140822437,33.879536747392315,32.9849472664045,33.697750091552734,150600,0.0,0.0
2023-08-02 00:00:00-04:00,33.28633533139589,33.879537165507166,32.93232454748786,33.76472473144531,150600,0.0,0.0
2023-08-03 00:00:00-04:00,33.52553448476163,34.00392394835758,33.25763390326897,33.70732116699219,101800,0.0,0.0
2023-08-04 00:00:00-04:00,33.52552920228076,34.14743321707144,33.28633450817171,33.630775451660156,53700,0.0,0.0
2023-08-07 00:00:00-04:00,33.49682730033639,34.02305860918104,33.45855891863826,33.91781234741211,60900,0.0,0.0
2023-08-08 00:00:00-04:00,33.047134643170246,33.353303511737806,32.5419556450517,33.018428802490234,133800,0.0,0.0
2023-08-09 00:00:00-04:00,32.83664793716505,32.85578395103474,32.286499400331245,32.463504791259766,263000,0.0,0.0
2023-08-10 00:00:00-04:00,32.587884907405,33.15238450495824,32.3965284311491,32.63572311401367,82300,0.0,0.0
2023-08-11 00:00:00-04:00,32.35702917829469,32.770261526910645,32.308979672490054,32.7029914855957,73100,0.15,0.0
2023-08-14 00:00:00-04:00,32.405085443805994,32.41469387950733,32.01684012088128,32.13600158691406,80400,0.0,0.0
2023-08-15 00:00:00-04:00,31.72276700076088,32.05912088208401,31.338367278317527,31.357587814331055,104100,0.0,0.0
2023-08-16 00:00:00-04:00,31.223047571510367,31.588226756107822,31.01162534236482,31.098115921020508,84600,0.0,0.0
2023-08-17 00:00:00-04:00,31.23265862131692,31.367198718057914,30.73774169432996,30.93474578857422,110100,0.0,0.0
2023-08-18 00:00:00-04:00,30.617611890493585,31.22304590884327,30.56956055325967,30.88669204711914,131700,0.0,0.0
2023-08-21 00:00:00-04:00,30.93474530543769,30.98279848147415,30.233212193428493,30.262042999267578,74600,0.0,0.0
2023-08-22 00:00:00-04:00,30.127504224100587,30.526320307665674,29.301039416897254,29.329870223999023,141100,0.0,0.0
2023-08-23 00:00:00-04:00,29.147275431752604,29.983350411995904,29.147275431752604,29.743099212646484,94300,0.0,0.0
2023-08-24 00:00:00-04:00,29.51245808369329,30.24282199014528,29.24818211635828,29.762319564819336,120000,0.0,0.0
2023-08-25 00:00:00-04:00,29.791146572789447,30.031397754828074,29.156883598845162,29.39713478088379,58900,0.0,0.0
2023-08-28 00:00:00-04:00,29.44518715870353,30.12750153544944,29.012736088598395,29.579729080200195,73200,0.0,0.0
2023-08-29 00:00:00-04:00,29.666221589141355,29.925691514881674,29.310648975391505,29.752710342407227,76400,0.0,0.0
2023-08-30 00:00:00-04:00,29.43557951742937,29.695051282431077,29.241456848669777,29.329870223999023,58300,0.0,0.0
2023-08-31 00:00:00-04:00,29.003125985733067,29.550898444104483,28.94546620931798,29.19532585144043,112100,0.0,0.0
2023-09-01 00:00:00-04:00,29.38752686413721,29.97374038174909,29.38752686413721,29.81036949157715,75800,0.0,0.0
2023-09-05 00:00:00-04:00,29.50285136046487,29.50285136046487,28.628337042254977,28.705217361450195,103100,0.0,0.0
2023-09-06 00:00:00-04:00,28.801309394012726,28.99351106182828,27.734595453252147,27.81147575378418,297800,0.0,0.0
2023-09-07 00:00:00-04:00,27.773039957705034,27.888361346873854,27.41746918762949,27.84992027282715,219300,0.0,0.0
2023-09-08 00:00:00-04:00,27.849917599166716,28.426520823712902,27.580837438557317,28.291980743408203,140500,0.0,0.0
2023-09-11 00:00:00-04:00,28.378472446835424,28.68599369002563,28.01328959581866,28.09016990661621,86400,0.0,0.0
2023-09-12 00:00:00-04:00,28.119002528217795,28.455354597063984,27.92680082231388,28.282373428344727,98200,0.0,0.0
2023-09-13 00:00:00-04:00,28.253543856182983,28.253543856182983,27.32136975768214,27.715381622314453,115500,0.0,0.0
2023-09-14 00:00:00-04:00,28.07095212962605,29.02234858958909,28.07095212962605,29.003128051757812,167400,0.0,0.0
2023-09-15 00:00:00-04:00,28.724435115553337,28.993517140313923,28.04212253440621,28.157442092895508,695100,0.0,0.0
2023-09-18 00:00:00-04:00,28.311200620877035,28.42652200376197,27.65771889443305,27.72498893737793,103800,0.0,0.0
2023-09-19 00:00:00-04:00,27.638500120284576,28.08056147808529,27.281006560009494,27.465518951416016,98100,0.0,0.0
2023-09-20 00:00:00-04:00,27.7057667153793,28.003677672993614,27.0426729283284,27.061893463134766,84100,0.0,0.0
2023-09-21 00:00:00-04:00,26.946574797900052,27.100335415416847,26.520848919631316,26.79281234741211,165100,0.0,0.0
2023-09-22 00:00:00-04:00,26.725540964688875,27.28292363344821,26.51412058445984,26.64866065979004,111200,0.0,0.0
2023-09-25 00:00:00-04:00,26.581393580819014,27.090726803073053,26.466074027120417,27.004236221313477,135500,0.0,0.0
2023-09-26 00:00:00-04:00,26.68710608464519,27.311758893026642,26.68710608464519,26.783206939697266,141700,0.0,0.0
2023-09-27 00:00:00-04:00,27.04267480471043,27.600057521971948,26.686141741089642,27.340587615966797,136500,0.0,0.0
2023-09-28 00:00:00-04:00,27.523176581248602,28.032509779488812,27.29253565175431,27.39824676513672,267900,0.0,0.0
2023-09-29 00:00:00-04:00,27.619278005977907,27.849918940308914,27.19643537655212,27.25409698486328,200500,0.0,0.0
2023-10-02 00:00:00-04:00,27.311756370531835,27.53278703365742,27.138775214008792,27.379026412963867,160000,0.0,0.0
2023-10-03 00:00:00-04:00,27.225269243062233,27.417470959776256,26.355559132739824,26.51412582397461,135300,0.0,0.0
2023-10-04 00:00:00-04:00,27.994069376995867,28.17666080457266,26.67749381055211,27.513566970825195,329800,0.0,0.0
2023-10-05 00:00:00-04:00,27.648107729255322,28.19588015599819,27.62888719390301,28.08055877685547,169800,0.0,0.0
2023-10-06 00:00:00-04:00,27.80187319364457,28.397695229684143,27.49435190627299,27.984464645385742,138400,0.0,0.0
2023-10-09 00:00:00-04:00,27.753818770740665,28.13822217032055,27.705769262278803,27.734600067138672,101700,0.0,0.0
2023-10-10 00:00:00-04:00,27.83070118451487,28.119003755958698,27.542400446042436,27.715381622314453,143300,0.0,0.0
2023-10-11 00:00:00-04:00,27.676937049376175,28.09881919073108,27.379026079531883,27.59044647216797,87100,0.0,0.0
2023-10-12 00:00:00-04:00,27.59044974087162,27.59044974087162,26.965796923785867,27.282928466796875,106800,0.0,0.0
2023-10-13 00:00:00-04:00,27.532786618397527,27.628887463124364,26.571781837071462,26.60061264038086,159000,0.0,0.0
2023-10-16 00:00:00-04:00,26.898525151940905,27.398248106801727,26.811074093083075,27.090726852416992,266700,0.0,0.0
2023-10-17 00:00:00-04:00,26.61983408457478,28.09017027709129,26.53334350466543,27.60005760192871,391600,0.0,0.0
2023-10-18 00:00:00-04:00,28.71482549071635,29.070398108802497,27.763430863475744,28.099782943725586,502200,0.0,0.0
2023-10-19 00:00:00-04:00,28.14783040113596,29.118443599201022,28.14783040113596,29.0223445892334,403200,0.0,0.0
2023-10-20 00:00:00-04:00,29.051173684369715,29.06078395200216,28.17665949249939,28.186269760131836,408300,0.0,0.0
2023-10-23 00:00:00-04:00,28.06134212641194,28.695605175648467,27.966201752540826,28.34003257751465,348300,0.0,0.0
2023-10-24 00:00:00-04:00,28.41691541271958,28.810927286354367,27.49435156215171,27.65772247314453,293000,0.0,0.0
2023-10-25 00:00:00-04:00,27.225265896700986,27.849918649785987,26.66307896881584,27.5520076751709,265300,0.0,0.0
2023-10-26 00:00:00-04:00,27.68654609803906,28.782092750111907,27.68654609803906,28.628332138061523,173900,0.0,0.0
2023-10-27 00:00:00-04:00,28.090172497437536,28.263153670929274,27.465519685472863,27.753820419311523,175900,0.0,0.0
2023-10-30 00:00:00-04:00,27.994069551595405,28.358291932104024,27.92679950758734,28.138221740722656,100000,0.0,0.0
2023-10-31 00:00:00-04:00,28.003681762564874,28.503404742681848,27.888362202827945,28.224714279174805,104700,0.0,0.0
2023-11-01 00:00:00-04:00,28.08056208004661,28.368864645331644,27.667331519189364,28.224714279174805,125500,0.0,0.0
2023-11-02 00:00:00-04:00,28.56106029249389,30.213989623,28.39768941291994,30.175548553466797,215600,0.0,0.0
2023-11-03 00:00:00-04:00,31.12694666270338,32.0735370313016,29.916080325610043,31.828479766845703,265400,0.0,0.0
2023-11-06 00:00:00-05:00,31.75124976010008,32.05051796356605,31.44232940673828,31.44232940673828,241800,0.15,0.0
2023-11-07 00:00:00-05:00,31.258909761467145,31.461638057173886,30.863103478843843,30.988601684570312,142800,0.0,0.0
2023-11-08 00:00:00-05:00,30.969297568432008,31.027217834623222,29.95661540669571,30.21630096435547,106500,0.0,0.0
2023-11-09 00:00:00-05:00,30.177685338788155,30.225953452420434,29.395730481820134,29.501920700073242,119300,0.0,0.0
2023-11-10 00:00:00-05:00,29.617767226061467,29.830149507287437,29.10708159003898,29.598459243774414,111800,0.0,0.0
2023-11-13 00:00:00-05:00,29.11577019608446,30.07149320589495,28.970964014230233,29.888071060180664,85000,0.0,0.0
2023-11-14 00:00:00-05:00,31.229949226916943,32.94832305245784,31.220297075802126,32.900054931640625,246400,0.0,0.0
2023-11-15 00:00:00-05:00,32.72628168183785,33.45996657943977,32.72628168183785,33.03520202636719,181500,0.0,0.0
2023-11-16 00:00:00-05:00,32.78420078431312,32.84212472784487,32.1663601171246,32.60078048706055,96400,0.0,0.0
2023-11-17 00:00:00-05:00,33.06416118359295,33.70130983573837,32.7938568107497,33.247581481933594,209000,0.0,0.0
2023-11-20 00:00:00-05:00,33.083463077313155,33.083463077313155,32.61042682925833,32.78419494628906,73800,0.0,0.0
2023-11-21 00:00:00-05:00,32.62973965463938,32.62973965463938,31.968458811281543,32.00224685668945,77200,0.0,0.0
2023-11-22 00:00:00-05:00,32.52355101951585,32.52355101951585,31.838134207733933,32.12774658203125,66300,0.0,0.0
2023-11-24 00:00:00-05:00,32.156708075090314,32.30151241047132,31.925015982811484,32.03120803833008,27400,0.0,0.0
2023-11-27 00:00:00-05:00,31.60644561113572,31.896057983873398,31.43267745096889,31.683673858642578,99500,0.0,0.0
2023-11-28 00:00:00-05:00,31.75124806297989,31.75124806297989,30.983775136855666,31.278215408325195,90000,0.0,0.0
2023-11-29 00:00:00-05:00,31.616092191121616,32.28220089932859,31.616092191121616,32.10843276977539,133900,0.0,0.0
2023-11-30 00:00:00-05:00,32.13741134557931,32.726292090451224,31.683682834096583,32.39806365966797,178800,0.0,0.0
2023-12-01 00:00:00-05:00,32.05051948041263,34.32880995624579,32.0312114970861,34.18400192260742,205600,0.0,0.0
2023-12-04 00:00:00-05:00,33.88473550188381,35.197648976741654,33.64821913817855,34.772884368896484,161100,0.0,0.0
2023-12-05 00:00:00-05:00,34.62807264946676,35.49691343984278,34.0778080431023,34.406036376953125,81000,0.0,0.0
2023-12-06 00:00:00-05:00,34.72460712182226,35.87340426904598,34.319146922282975,34.46395492553711,101400,0.0,0.0
2023-12-07 00:00:00-05:00,34.38672617860435,35.33279515458832,34.29018995594876,35.323143005371094,139900,0.0,0.0
2023-12-08 00:00:00-05:00,35.44864071294159,35.979597267920106,34.975604414704364,35.4293327331543,100300,0.0,0.0
2023-12-11 00:00:00-05:00,35.42934266287807,35.65137896873081,34.95148199773024,35.52587890625,114600,0.0,0.0
2023-12-12 00:00:00-05:00,35.55483509541369,35.75756337256293,35.11558681230282,35.323143005371094,86100,0.0,0.0
2023-12-13 00:00:00-05:00,35.323144903185906,37.36009098119754,34.99491657285293,37.33112716674805,200200,0.0,0.0
2023-12-14 00:00:00-05:00,38.55715781477784,39.088118135118314,37.688320684679304,38.81781005859375,188000,0.0,0.0
2023-12-15 00:00:00-05:00,38.62473907989965,38.72127900679395,37.49042163789868,37.87174606323242,809900,0.0,0.0
2023-12-18 00:00:00-05:00,38.10343677167236,38.16135704300826,37.35044010071186,37.56282424926758,135400,0.0,0.0
2023-12-19 00:00:00-05:00,37.948967003113424,38.83711197733243,37.71534523516574,38.557151794433594,141900,0.0,0.0
2023-12-20 00:00:00-05:00,38.61507957919797,39.58045656867792,38.09377512104977,38.15169906616211,291400,0.0,0.0
2023-12-21 00:00:00-05:00,38.46062124486187,38.653697388502344,37.82830046499491,37.929664611816406,129100,0.0,0.0
2023-12-22 00:00:00-05:00,38.344775606584435,38.90469235144842,38.33994769045205,38.6343879699707,94200,0.0,0.0
2023-12-26 00:00:00-05:00,39.030191218413115,39.2329194984228,38.615078826419435,39.17499923706055,122300,0.0,0.0
2023-12-27 00:00:00-05:00,39.38737900764032,39.38737900764032,38.82263437307873,39.05915069580078,94100,0.0,0.0
2023-12-28 00:00:00-05:00,38.885389561785566,39.37773395964234,38.885389561785566,39.34877014160156,112200,0.0,0.0
2023-12-29 00:00:00-05:00,39.16534468422425,39.47426503031526,38.431659782913364,38.470272064208984,108000,0.0,0.0
2024-01-02 00:00:00-05:00,37.997237630634956,38.78884644105478,37.78968143749922,38.08412170410156,147400,0.0,0.0
2024-01-03 00:00:00-05:00,37.794513656757665,37.862089756857024,36.91602067284476,37.18632507324219,158300,0.0,0.0
2024-01-04 00:00:00-05:00,37.37939738070215,37.98758221907632,37.34078141815179,37.3890495300293,106800,0.0,0.0
2024-01-05 00:00:00-05:00,37.15736637367048,37.934491554804545,36.96429021624042,37.49524688720703,104100,0.0,0.0
2024-01-08 00:00:00-05:00,37.46628511205773,37.95862579345703,37.292516946241214,37.95862579345703,126200,0.0,0.0
2024-01-09 00:00:00-05:00,37.23459188067757,37.91035654052824,36.96428748978575,37.52420425415039,101600,0.0,0.0
2024-01-10 00:00:00-05:00,37.205635161662485,37.8620918991608,37.05117496946414,37.85243606567383,107900,0.0,0.0
2024-01-11 00:00:00-05:00,37.41801553291642,37.688323630569485,36.549178334905626,37.20563507080078,152600,0.0,0.0
2024-01-12 00:00:00-05:00,37.804161174211295,38.07060615487689,36.761555984290624,37.0318603515625,96800,0.0,0.0
2024-01-16 00:00:00-05:00,34.821145809233336,36.529863428963246,34.80183782858647,35.57413864135742,208500,0.0,0.0
2024-01-17 00:00:00-05:00,33.87508051525384,35.101109799211564,33.59512028954089,34.1550407409668,188500,0.0,0.0
2024-01-18 00:00:00-05:00,34.41569329000527,35.52587468743116,33.913696782317444,35.245914459228516,289000,0.0,0.0
2024-01-19 00:00:00-05:00,35.525871604386566,36.240252179421105,34.927338916733326,36.17267608642578,201800,0.0,0.0
2024-01-22 00:00:00-05:00,36.693974951857044,37.268375395238174,36.36574665315649,37.16701126098633,169700,0.0,0.0
2024-01-23 00:00:00-05:00,37.63040090840239,37.63040090840239,36.86775207519531,36.86775207519531,173500,0.0,0.0
2024-01-24 00:00:00-05:00,37.3793976074825,37.630394000340864,36.61674891427992,37.224937438964844,141100,0.0,0.0
2024-01-25 00:00:00-05:00,37.697969120605684,37.80898909008995,36.56847985797322,37.0318603515625,226900,0.0,0.0
2024-01-26 00:00:00-05:00,37.504894497869884,37.82347067145852,36.86678098662331,37.13805389404297,74800,0.0,0.0
2024-01-29 00:00:00-05:00,37.01255145609565,38.03585232245774,37.01255145609565,38.016544342041016,90400,0.0,0.0
2024-01-30 00:00:00-05:00,38.10343298876423,38.142045271614236,37.427668323503546,37.96828079223633,82700,0.0,0.0
2024-01-31 00:00:00-05:00,37.07047782581684,37.707626490825206,35.75756453243694,35.96029281616211,163900,0.0,0.0
2024-02-01 00:00:00-05:00,36.19198514555307,36.616749697405886,34.52187970429724,35.796180725097656,249700,0.0,0.0
2024-02-02 00:00:00-05:00,34.8115018670058,35.87341527458356,34.71978985796733,35.52587890625,133700,0.0,0.0
2024-02-05 00:00:00-05:00,34.936995445399,35.15324265271155,34.34811851585543,34.70530700683594,137500,0.0,0.0
2024-02-06 00:00:00-05:00,34.65703910160643,35.0238797453517,34.328810742777634,34.74392318725586,159800,0.0,0.0
2024-02-07 00:00:00-05:00,34.66668733664866,34.66668733664866,33.45031395756491,34.33845901489258,126400,0.0,0.0
2024-02-08 00:00:00-05:00,34.1067731097202,34.579805804248544,33.82198496362476,34.47361373901367,155100,0.0,0.0
2024-02-09 00:00:00-05:00,34.531539398816015,35.34245631223206,34.09229104951419,35.22661209106445,130900,0.0,0.0
2024-02-12 00:00:00-05:00,35.25570307725656,36.48747091567264,35.25570307725656,35.95402908325195,121400,0.17,0.0
2024-02-13 00:00:00-05:00,34.53797768079794,35.2363035910638,33.57777955418237,34.11122131347656,169900,0.0,0.0
2024-02-14 00:00:00-05:00,34.71256034904968,34.7998510908271,34.130620837247676,34.664066314697266,118100,0.0,0.0
2024-02-15 00:00:00-05:00,35.02292869487345,36.652353505203415,35.02292869487345,36.46807098388672,136200,0.0,0.0
2024-02-16 00:00:00-05:00,36.10921731452979,36.49620772063579,35.740655903918984,36.264400482177734,101300,0.0,0.0
2024-02-20 00:00:00-05:00,35.57577043806565,36.414728049157596,35.57577043806565,35.721256256103516,105400,0.0,0.0
2024-02-21 00:00:00-05:00,35.653359681251416,35.653359681251416,34.79985423981494,35.03262710571289,115100,0.0,0.0
2024-02-22 00:00:00-05:00,34.86774953251715,34.916243575288945,34.23731587690889,34.71256637573242,120200,0.0,0.0
2024-02-23 00:00:00-05:00,34.64466847483136,35.18296077379973,34.130621343469976,34.52827835083008,66000,0.0,0.0
2024-02-26 00:00:00-05:00,34.208217873515196,34.605874917074836,33.782434509045046,34.198516845703125,90900,0.0,0.0
2024-02-27 00:00:00-05:00,34.36340463152487,34.71741448685424,34.004544261779664,34.091835021972656,63700,0.0,0.0
2024-02-28 00:00:00-05:00,33.68446731542037,34.12092099209589,33.68446731542037,33.80085372924805,63700,0.0,0.0
2024-02-29 00:00:00-05:00,34.61557549545583,35.1878140947858,34.247017800866516,34.567081451416016,105700,0.0,0.0
2024-03-01 00:00:00-05:00,34.42159126728462,34.42159126728462,33.65537297117329,33.994834899902344,87400,0.0,0.0
2024-03-04 00:00:00-05:00,33.975448654742806,34.673774813972045,33.74267573490563,33.85906219482422,62700,0.0,0.0
2024-03-05 00:00:00-05:00,33.72327077787932,35.168413163753,33.28681701374165,34.877445220947266,87700,0.0,0.0
2024-03-06 00:00:00-05:00,35.03262899411468,35.44968440950899,34.17912350667078,34.85804748535156,83800,0.0,0.0
2024-03-07 00:00:00-05:00,35.119915353045556,35.643659813785405,34.887142503733,35.34299087524414,70200,0.0,0.0
2024-03-08 00:00:00-05:00,35.92493174241228,35.99282413432352,35.43028294436424,35.53697204589844,104400,0.0,0.0
2024-03-11 00:00:00-04:00,35.45937877837626,35.627171015840965,35.16356037185264,35.29449462890625,67100,0.0,0.0
2024-03-12 00:00:00-04:00,35.12962145907044,35.12962145907044,34.31490896896961,34.60587692260742,69800,0.0,0.0
2024-03-13 00:00:00-04:00,34.3924986376187,35.03748012864486,34.25671383947809,34.37310028076172,82500,0.0,0.0
2024-03-14 00:00:00-04:00,34.023941323329844,34.130626737404796,33.203408948748326,33.43230438232422,137300,0.0,0.0
2024-03-15 00:00:00-04:00,33.374103986019676,34.12092396453299,33.374103986019676,33.8299560546875,307900,0.0,0.0
2024-03-18 00:00:00-04:00,33.752364816680824,33.94634466904697,33.27711806323462,33.29651641845703,91700,0.0,0.0
2024-03-19 00:00:00-04:00,33.306215331952544,33.65537834286476,33.28681697580652,33.364410400390625,79200,0.0,0.0
2024-03-20 00:00:00-04:00,33.141331782419726,35.27510290074587,33.1054468577918,34.85804748535156,123800,0.0,0.0
2024-03-21 00:00:00-04:00,36.05101528482812,36.7008472176514,35.488477798067066,36.12860870361328,192200,0.0,0.0
2024-03-22 00:00:00-04:00,36.409884762120456,36.409884762120456,35.25570653352265,35.26540756225586,79400,0.0,0.0
2024-03-25 00:00:00-04:00,35.47878089912947,36.20620255966523,34.88714402324978,34.945335388183594,103800,0.0,0.0
2024-03-26 00:00:00-04:00,35.31389898508493,35.31389898508493,34.7610587837966,34.877445220947266,82700,0.0,0.0
2024-03-27 00:00:00-04:00,35.22660811304252,36.565065085249024,35.206240394113635,36.516571044921875,98300,0.0,0.0
2024-03-28 00:00:00-04:00,36.47777015589939,37.234287457982134,36.08496366441146,36.52626419067383,143700,0.0,0.0
2024-04-01 00:00:00-04:00,36.82693194569515,36.82693194569515,35.52727187616457,35.74064636230469,122700,0.0,0.0
2024-04-02 00:00:00-04:00,35.11022114917346,35.323595663381155,34.84155965596757,35.01322937011719,135700,0.0,0.0
2024-04-03 00:00:00-04:00,34.58647859650034,35.11992046195415,34.58647859650034,34.955039978027344,138000,0.0,0.0
2024-04-04 00:00:00-04:00,35.40119013651143,35.808544521054436,34.654370064991085,34.75136184692383,160300,0.0,0.0
2024-04-05 00:00:00-04:00,34.479786924382765,35.178112921792604,34.35369946377088,35.03262710571289,105900,0.0,0.0
2024-04-08 00:00:00-04:00,35.1490188445296,35.7697514484303,35.1490188445296,35.566070556640625,120200,0.0,0.0
2024-04-09 00:00:00-04:00,35.653355634866855,35.934626207441305,35.33329205561746,35.50787353515625,75400,0.0,0.0
2024-04-10 00:00:00-04:00,34.3343004262002,34.3343004262002,33.23831753122115,33.64567184448242,152100,0.0,0.0
2024-04-11 00:00:00-04:00,33.742670946882,34.203369906087424,33.4129062740233,33.888153076171875,85700,0.0,0.0
2024-04-12 00:00:00-04:00,33.42259536095207,33.75235995249344,33.42259536095207,33.441993713378906,126100,0.0,0.0
2024-04-15 00:00:00-04:00,33.72327106155083,34.08213140403461,33.199526540180024,33.587486267089844,212000,0.0,0.0
2024-04-16 00:00:00-04:00,32.976452291593546,35.478784859064106,32.34601863548741,35.061729431152344,493800,0.0,0.0
2024-04-17 00:00:00-04:00,35.21691348109641,35.43998904356628,34.43129664816117,34.567081451416016,280600,0.0,0.0
2024-04-18 00:00:00-04:00,34.596175922228724,34.925940589913964,34.402199752885394,34.4894905090332,186500,0.0,0.0
2024-04-19 00:00:00-04:00,34.38279735625859,35.35269288845287,34.38279735625859,35.31389617919922,310300,0.0,0.0
2024-04-22 00:00:00-04:00,35.64366351960065,36.60870861158603,35.420587974209255,36.516571044921875,219900,0.0,0.0
2024-04-23 00:00:00-04:00,36.526270565066916,37.62225370155193,36.02289373859431,37.49616622924805,155100,0.0,0.0
2024-04-24 00:00:00-04:00,36.94332594261706,37.30703681615299,36.64265695521169,37.263389587402344,88900,0.0,0.0
2024-04-25 00:00:00-04:00,36.90453342947724,36.933632818576555,36.13831488069998,36.78814697265625,122800,0.0,0.0
2024-04-26 00:00:00-04:00,36.5941604716168,37.185797378423565,36.55536375972762,36.7590446472168,104000,0.0,0.0
2024-04-29 00:00:00-04:00,36.64265143484609,36.75904156074093,35.89583144304747,35.91522979736328,109100,0.0,0.0
2024-04-30 00:00:00-04:00,35.614569034457645,35.95403102803494,35.2508581699713,35.54667663574219,133400,0.0,0.0
2024-05-01 00:00:00-04:00,35.8279403533283,37.011214110537786,35.8279403533283,36.2255973815918,81200,0.0,0.0
2024-05-02 00:00:00-04:00,36.71054220755505,37.18385389231953,36.4292753320129,37.137298583984375,110200,0.0,0.0
2024-05-03 00:00:00-04:00,37.825935425257036,37.825935425257036,37.331290205326155,37.36038589477539,119200,0.0,0.0
2024-05-06 00:00:00-04:00,37.59314727783203,37.94716075692022,37.29248204613338,37.59314727783203,97600,0.0,0.0
2024-05-07 00:00:00-04:00,37.64164467440055,38.019903317248286,37.11790023052326,37.137298583984375,100000,0.0,0.0
2024-05-08 00:00:00-04:00,36.7978413885327,37.46707178694113,36.7978413885327,37.45737075805664,53500,0.0,0.0
2024-05-09 00:00:00-04:00,37.39917687779362,37.71924051222131,37.21489433992299,37.65134811401367,104500,0.0,0.0
2024-05-10 00:00:00-04:00,37.651347860990995,37.94231580847669,37.20519676152237,37.661048889160156,70500,0.0,0.0
2024-05-13 00:00:00-04:00,37.933810486979475,37.933810486979475,37.34931564331055,37.34931564331055,65900,0.17,0.0
2024-05-14 00:00:00-04:00,37.83639183863808,37.83639183863808,37.41750254992934,37.573368072509766,62900,0.0,0.0
2024-05-15 00:00:00-04:00,38.08968239354487,38.196840666560156,37.83640224325001,38.13839340209961,73700,0.0,0.0
2024-05-16 00:00:00-04:00,38.08967997797649,38.08967997797649,37.70001794714762,37.865623474121094,83100,0.0,0.0
2024-05-17 00:00:00-04:00,37.9532898677021,38.87874302934627,37.74871706708006,38.167606353759766,93400,0.0,0.0
2024-05-20 00:00:00-04:00,38.060457275245206,38.294257472343304,37.50518598778128,37.5246696472168,120100,0.0,0.0
2024-05-21 00:00:00-04:00,37.48569234152635,38.401401794266704,37.48569234152635,38.3624382019043,170800,0.0,0.0
2024-05-22 00:00:00-04:00,38.22606168192842,38.22606168192842,37.03758461975191,37.16422653198242,137100,0.0,0.0
2024-05-23 00:00:00-04:00,37.95329215379213,37.95329215379213,36.45308409327883,36.81352615356445,144100,0.0,0.0
2024-05-24 00:00:00-04:00,37.10577295022148,37.21293119794371,36.17057977830854,36.375152587890625,135400,0.0,0.0
2024-05-28 00:00:00-04:00,36.60895444172435,36.60895444172435,35.77117579270367,35.878334045410156,95600,0.0,0.0
2024-05-29 00:00:00-04:00,35.04055615860403,35.58608368806353,34.582699511126876,35.537376403808594,135600,0.0,0.0
2024-05-30 00:00:00-04:00,36.04393344206272,36.12186805486754,35.55685326041323,35.93677520751953,140700,0.0,0.0
2024-05-31 00:00:00-04:00,36.18032338456534,36.404379872265004,35.78091769499155,36.043941497802734,105700,0.0,0.0
2024-06-03 00:00:00-04:00,36.472571279445845,36.472571279445845,35.391256142308606,35.410736083984375,91000,0.0,0.0
2024-06-04 00:00:00-04:00,34.93339219436971,35.26460687575122,34.70933575051265,34.81649398803711,126700,0.0,0.0
2024-06-05 00:00:00-04:00,35.16719096792813,35.303576553286995,34.89442722946485,35.274349212646484,90300,0.0,0.0
2024-06-06 00:00:00-04:00,35.118486494743,35.41073391161155,34.75804813780938,35.099002838134766,82000,0.0,0.0
2024-06-07 00:00:00-04:00,34.6801105403743,35.14771082665827,34.64114694662331,34.94313430786133,88300,0.0,0.0
2024-06-10 00:00:00-04:00,34.49501915261775,34.57295376731326,33.90078072200891,34.2612190246582,130500,0.0,0.0
2024-06-11 00:00:00-04:00,34.04690987953942,34.34792362784586,33.60853691567471,34.30018997192383,126800,0.0,0.0
2024-06-12 00:00:00-04:00,35.33280422110067,35.83936816202044,35.128231393842974,35.42047882080078,214300,0.0,0.0
2024-06-13 00:00:00-04:00,35.40099723132517,35.40099723132517,34.74830768073846,35.21590805053711,128800,0.0,0.0
2024-06-14 00:00:00-04:00,34.641154977265955,35.01133335854336,34.49502938941093,34.865211486816406,139300,0.0,0.0
2024-06-17 00:00:00-04:00,34.67037318294967,35.57634276717168,34.42001395811796,35.547119140625,109900,0.0,0.0
2024-06-18 00:00:00-04:00,35.41073048029736,35.93677800936304,35.10874312245115,35.76142883300781,110600,0.0,0.0
2024-06-20 00:00:00-04:00,35.44970080864163,35.78091553483813,35.35228624287162,35.732208251953125,89200,0.0,0.0
2024-06-21 00:00:00-04:00,35.780914891871774,35.85884951598932,35.332801951578155,35.47892379760742,419600,0.0,0.0
2024-06-24 00:00:00-04:00,35.66402240754513,36.54076477310647,35.4136631473006,36.19981002807617,85500,0.0,0.0
2024-06-25 00:00:00-04:00,35.888075977578744,36.224162567417736,35.56660120188446,35.67375946044922,89500,0.0,0.0
2024-06-26 00:00:00-04:00,35.32306217490923,36.2874828164011,35.32306217490923,36.18032455444336,112300,0.0,0.0
2024-06-27 00:00:00-04:00,36.453088629426055,37.018103572965316,36.219292161575765,36.84275436401367,113200,0.0,0.0
2024-06-28 00:00:00-04:00,37.018100216195506,38.17734991147572,37.00836024597156,38.021484375,652500,0.0,0.0
2024-07-01 00:00:00-04:00,37.992261811444166,38.11890372466472,37.20319042063131,37.641563415527344,118400,0.0,0.0
2024-07-02 00:00:00-04:00,37.563633642680955,38.361471402756194,37.563633642680955,38.148128509521484,153600,0.0,0.0
2024-07-03 00:00:00-04:00,38.12864083626856,38.12864083626856,37.368796846173765,37.44672775268555,60300,0.0,0.0
2024-07-05 00:00:00-04:00,37.36879894692004,37.42724620105775,37.01810055758358,37.05706787109375,98100,0.0,0.0
2024-07-08 00:00:00-04:00,37.45647084577092,38.0312256721924,37.22267069768114,37.378536224365234,264800,0.0,0.0
2024-07-09 00:00:00-04:00,37.495439169992245,38.02148301419072,37.25189904570739,37.924068450927734,101700,0.0,0.0
2024-07-10 00:00:00-04:00,38.18709452302485,38.77158936993808,37.89484709956823,38.752105712890625,95100,0.0,0.0
2024-07-11 00:00:00-04:00,39.29764344249917,40.80759180947367,39.09307058395573,40.573795318603516,236400,0.0,0.0
2024-07-12 00:00:00-04:00,41.02190082535079,41.63075116123851,40.525076870235,40.534820556640625,191600,0.0,0.0
2024-07-15 00:00:00-04:00,41.22647514442739,42.37598491764451,41.0267741593858,41.70381546020508,267700,0.0,0.0
2024-07-16 00:00:00-04:00,42.2688262065273,45.55174626118863,41.664847698375446,45.03544235229492,593100,0.0,0.0
2024-07-17 00:00:00-04:00,43.924901168493896,45.444593027279346,43.924901168493896,44.8016471862793,382100,0.0,0.0
2024-07-18 00:00:00-04:00,44.39249950435225,45.47381839561525,43.47678985217488,44.11973571777344,365700,0.0,0.0
2024-07-19 00:00:00-04:00,44.15869962258928,44.89906000729293,43.973606739317674,44.226890563964844,251200,0.0,0.0
2024-07-22 00:00:00-04:00,44.499655581705255,45.73196812054831,43.866449718396254,45.249759674072266,229800,0.0,0.0
2024-07-23 00:00:00-04:00,44.96725011851698,47.051953067518184,44.96725011851698,46.00960159301758,257000,0.0,0.0
2024-07-24 00:00:00-04:00,45.85373593846336,46.52590536765703,45.04518462938641,45.12311553955078,167200,0.0,0.0
2024-07-25 00:00:00-04:00,44.97699463609996,46.76458222168289,44.733454477881196,45.85374069213867,221100,0.0,0.0
2024-07-26 00:00:00-04:00,46.0680592497922,46.62333053769999,45.56831434744957,46.019351959228516,189800,0.0,0.0
2024-07-29 00:00:00-04:00,46.25314225518473,46.37004048013098,45.33743268020521,45.376399993896484,318400,0.0,0.0
2024-07-30 00:00:00-04:00,45.76605992166814,46.0875346709544,45.13285782527088,45.580970764160156,151100,0.0,0.0
2024-07-31 00:00:00-04:00,45.51278218361787,46.73048287375211,44.48017066057811,45.48355484008789,198100,0.0,0.0
2024-08-01 00:00:00-04:00,45.21079274668721,45.21079274668721,43.27221154120292,43.73006820678711,235700,0.0,0.0
2024-08-02 00:00:00-04:00,41.95709592937787,43.12608936988695,41.29466643696032,43.0676383972168,357800,0.0,0.0
2024-08-05 00:00:00-04:00,40.963449381769735,42.434433857301556,39.91135794590407,41.723297119140625,224400,0.0,0.0
2024-08-06 00:00:00-04:00,41.410322868918506,42.61331479119215,41.1658122246124,42.173194885253906,161200,0.17,0.0
2024-08-07 00:00:00-04:00,42.799140166258724,43.32728403646062,41.43966162443018,41.625492095947266,160800,0.0,0.0
2024-08-08 00:00:00-04:00,42.231880186192996,42.50573092301499,41.62549481282869,42.47639083862305,120800,0.0,0.0
2024-08-09 00:00:00-04:00,42.29056471537878,42.388367485431935,41.45922624618084,42.09495544433594,116000,0.0,0.0
2024-08-12 00:00:00-04:00,42.32967749251711,42.623093222319625,41.42988019853498,41.59614562988281,96900,0.0,0.0
2024-08-13 00:00:00-04:00,42.09495529003143,42.16341797500499,41.429886009485585,42.00693130493164,78400,0.0,0.0
2024-08-14 00:00:00-04:00,42.31990385957761,42.388366543280426,41.59615069208667,42.05583190917969,88800,0.0,0.0
2024-08-15 00:00:00-04:00,43.17079666780968,43.71361057031587,42.85293209944196,42.89694595336914,116000,0.0,0.0
2024-08-16 00:00:00-04:00,42.818706602238144,44.09994383420451,42.818706602238144,43.88477325439453,96700,0.0,0.0
2024-08-19 00:00:00-04:00,44.10971780076019,44.61830037779471,43.88476846050312,44.49115753173828,90500,0.0,0.0
2024-08-20 00:00:00-04:00,44.25642531630268,44.95083463026086,43.54245470366363,43.58157730102539,82700,0.0,0.0
2024-08-21 00:00:00-04:00,43.94345567695192,43.99235706227861,43.28816517457737,43.98257827758789,69900,0.0,0.0
2024-08-22 00:00:00-04:00,43.82609229086104,44.4618177719157,43.77718717383356,44.178184509277344,74400,0.0,0.0
2024-08-23 00:00:00-04:00,44.70633040207683,47.72848245919617,44.686769100591725,46.877586364746094,160300,0.0,0.0
2024-08-26 00:00:00-04:00,46.94604263801276,47.366601235119866,46.32009599978906,46.35921859741211,141600,0.0,0.0
2024-08-27 00:00:00-04:00,45.811516737018756,46.35922195054783,45.49854339526973,46.095149993896484,89900,0.0,0.0
2024-08-28 00:00:00-04:00,45.879978797679726,46.729897320433764,45.655029444543864,46.476585388183594,146500,0.0,0.0
2024-08-29 00:00:00-04:00,46.936268715935654,47.112312961602264,45.928882242942215,46.73087692260742,117800,0.0,0.0
2024-08-30 00:00:00-04:00,46.71131429125938,47.20033560546448,46.329878263129245,47.161216735839844,115200,0.0,0.0
2024-09-03 00:00:00-04:00,46.545046513190826,47.43506511140446,46.21251188688373,46.57438659667969,184400,0.0,0.0
2024-09-04 00:00:00-04:00,46.44724656059137,46.68197470459084,45.82129613774074,46.202735900878906,208100,0.0,0.0
2024-09-05 00:00:00-04:00,46.564606273665746,46.564606273665746,45.254029111052965,45.44963836669922,96100,0.0,0.0
2024-09-06 00:00:00-04:00,45.67458653692108,45.76749803950164,44.354226893273946,44.588958740234375,87700,0.0,0.0
2024-09-09 00:00:00-04:00,44.569398364699865,44.833470298895804,43.88965909611515,44.38357162475586,125100,0.0,0.0
2024-09-10 00:00:00-04:00,44.44225195074112,44.57918104117876,43.26860388019402,44.471595764160156,94600,0.0,0.0
2024-09-11 00:00:00-04:00,43.92389219097655,44.2270867344135,42.74828533620082,43.7282829284668,134000,0.0,0.0
2024-09-12 00:00:00-04:00,44.07059945554698,44.354228964744635,43.52289427435067,44.109718322753906,153000,0.0,0.0
2024-09-13 00:00:00-04:00,44.81390330282605,45.508312524313816,44.66719544772379,45.439849853515625,91400,0.0,0.0
2024-09-16 00:00:00-04:00,45.70393245580952,46.27119898203343,44.98996177106801,45.977783203125,102700,0.0,0.0
2024-09-17 00:00:00-04:00,46.57438400784879,47.52308645124302,46.02668258150668,46.300533294677734,107400,0.0,0.0
2024-09-18 00:00:00-04:00,46.202731195491246,48.8727868799146,45.52690195032939,46.89714050292969,133600,0.0,0.0
2024-09-19 00:00:00-04:00,48.07079494011472,48.24684290533619,46.90692186660208,48.1490364074707,130500,0.0,0.0
2024-09-20 00:00:00-04:00,47.60133183337045,47.816502400545815,46.6721943426109,46.78955841064453,633600,0.0,0.0
2024-09-23 00:00:00-04:00,47.0340726165774,47.0340726165774,46.104931324663845,46.36900329589844,95600,0.0,0.0
2024-09-24 00:00:00-04:00,46.40812081797249,46.662410245247,45.6452450742763,45.90931701660156,100700,0.0,0.0
2024-09-25 00:00:00-04:00,45.8212924498898,45.850636263730486,44.804131022862315,44.823692321777344,95600,0.0,0.0
2024-09-26 00:00:00-04:00,45.27359024911316,45.733267707674585,44.74544638002263,45.36161422729492,122200,0.0,0.0
2024-09-27 00:00:00-04:00,45.67458674249809,46.1440467075958,45.03885760777669,45.1660041809082,101900,0.0,0.0
2024-09-30 00:00:00-04:00,45.16600799062129,46.212513283973934,44.784571969989116,45.899539947509766,121300,0.0,0.0
2024-10-01 00:00:00-04:00,45.694153198132284,45.694153198132284,44.0706025698221,44.158626556396484,131100,0.0,0.0
2024-10-02 00:00:00-04:00,44.05104213040209,44.696550134252654,43.69894617722239,43.9532356262207,94300,0.0,0.0
2024-10-03 00:00:00-04:00,43.47398973260617,44.49115482478843,43.42997588015972,43.9727897644043,116200,0.0,0.0
2024-10-04 00:00:00-04:00,44.91171166168974,45.312712684929025,44.57918077967196,45.273590087890625,120800,0.0,0.0
2024-10-07 00:00:00-04:00,45.07798527467624,45.07798527467624,44.25642931061194,44.647647857666016,80200,0.0,0.0
2024-10-08 00:00:00-04:00,44.4911542699969,45.18556353869962,44.41290908037271,44.59873580932617,142200,0.0,0.0
2024-10-09 00:00:00-04:00,44.364013356127906,45.258923239088986,44.364013356127906,44.9214973449707,146300,0.0,0.0
2024-10-10 00:00:00-04:00,44.46181867932198,44.7845745497947,44.13906653978595,44.706329345703125,136100,0.0,0.0
2024-10-11 00:00:00-04:00,45.009519808685944,46.55482513914095,45.009519808685944,46.48636245727539,88000,0.0,0.0
2024-10-14 00:00:00-04:00,46.427683071162306,47.28835786649734,46.39345172965394,46.68197250366211,125700,0.0,0.0
2024-10-15 00:00:00-04:00,46.49614606539773,48.178376799129865,44.81000157935142,46.8580207824707,195400,0.0,0.0
2024-10-16 00:00:00-04:00,47.59154982231626,50.271388022129116,47.3225866315822,49.49873352050781,200700,0.0,0.0
2024-10-17 00:00:00-04:00,49.31290575723666,49.655222903411165,48.305523080161926,48.882568359375,170300,0.0,0.0
2024-10-18 00:00:00-04:00,48.88256914413984,48.88256914413984,47.91430905067247,48.100135803222656,152900,0.0,0.0
2024-10-21 00:00:00-04:00,48.53047490570847,48.53047490570847,46.56461083469976,46.867801666259766,127400,0.0,0.0
2024-10-22 00:00:00-04:00,46.79933388182713,47.61697974064459,46.79933388182713,47.29813766479492,88300,0.0,0.0
2024-10-23 00:00:00-04:00,47.327475589056135,48.002327296308465,46.8384543430755,47.53286361694336,158100,0.0,0.0
2024-10-24 00:00:00-04:00,47.474194184600215,47.69914356087853,46.71131833142066,47.58177947998047,132800,0.0,0.0
2024-10-25 00:00:00-04:00,47.9338633562624,47.9338633562624,46.61350741653874,46.74065399169922,160300,0.0,0.0
2024-10-28 00:00:00-04:00,47.23945845830799,49.2688976692847,47.23945845830799,49.0488395690918,173600,0.0,0.0
2024-10-29 00:00:00-04:00,48.501127627578114,49.03905025531886,48.139252947961396,48.843441009521484,250400,0.0,0.0
2024-10-30 00:00:00-04:00,48.63805548855995,50.491446565655686,48.49037010861869,49.27378463745117,137300,0.0,0.0
2024-10-31 00:00:00-04:00,49.440049693879175,49.49873358946732,48.10013245757413,48.119693756103516,156300,0.0,0.0
2024-11-01 00:00:00-04:00,48.42288745224567,48.66739810208337,47.62089281925294,47.836063385009766,107500,0.0,0.0
2024-11-04 00:00:00-05:00,47.356815920783404,47.46929244956664,46.68196794089216,46.975379943847656,198900,0.0,0.0
2024-11-05 00:00:00-05:00,47.06372671890332,48.03052127168607,46.651487756128795,47.87838363647461,125400,0.17,0.0
2024-11-06 00:00:00-05:00,52.11853480395938,55.651997138719246,52.11853480395938,55.30846405029297,571100,0.0,0.0
2024-11-07 00:00:00-05:00,54.77844815795172,54.77844815795172,52.74670889653379,53.31598663330078,354400,0.0,0.0
2024-11-08 00:00:00-05:00,53.70858983198424,55.11215887688477,53.08041980375801,54.73918151855469,235600,0.0,0.0
2024-11-11 00:00:00-05:00,55.95625927851281,57.3794590861584,54.886406043158665,56.6629524230957,146900,0.0,0.0
2024-11-12 00:00:00-05:00,56.62368872844086,57.369643407228814,55.916999354659424,56.044593811035156,155700,0.0,0.0
2024-11-13 00:00:00-05:00,56.87888222704741,57.78678424554959,55.40660746919902,55.46549606323242,149500,0.0,0.0
2024-11-14 00:00:00-05:00,55.40661284223586,55.85810957982124,54.73918125441891,55.17104721069336,121700,0.0,0.0
2024-11-15 00:00:00-05:00,55.52439299211877,55.81884721919577,54.15026827350791,54.798072814941406,109600,0.0,0.0
2024-11-18 00:00:00-05:00,54.16989676179053,55.07289393002099,53.502465211764516,53.76747512817383,161500,0.0,0.0
2024-11-19 00:00:00-05:00,53.01171151051102,53.836185629037715,52.756518834290546,53.62025451660156,92200,0.0,0.0
2024-11-20 00:00:00-05:00,53.561361623903494,53.806740778766226,52.736887513797136,53.33561325073242,98400,0.0,0.0
2024-11-21 00:00:00-05:00,53.855809533633675,54.876587596541526,53.80673445726448,54.10118865966797,116400,0.0,0.0
2024-11-22 00:00:00-05:00,54.572326072312364,55.69125823595247,54.29750259923708,55.544029235839844,167400,0.0,0.0
2024-11-25 00:00:00-05:00,56.42739150030833,57.713175861850715,56.19182586669922,56.19182586669922,169200,0.0,0.0
2024-11-26 00:00:00-05:00,55.81884700504692,56.231085916724076,55.43605613689653,55.75014114379883,105900,0.0,0.0
2024-11-27 00:00:00-05:00,56.10348695766025,56.613876023055646,55.2593821088982,55.26919937133789,91800,0.0,0.0
2024-11-29 00:00:00-05:00,55.88755342982633,55.9562592917672,54.68519710167243,55.406612396240234,89000,0.0,0.0
2024-12-02 00:00:00-05:00,55.47531925806924,56.034783426350785,54.75881258192249,55.4556884765625,150100,0.0,0.0
2024-12-03 00:00:00-05:00,55.593104789340416,55.593104789340416,54.88150668591084,55.30846405029297,134300,0.0,0.0
2024-12-04 00:00:00-05:00,55.239753227780696,55.73542016075002,54.444727175500766,55.58328628540039,95900,0.0,0.0
2024-12-05 00:00:00-05:00,55.612723957301895,56.285064098244305,55.593093178275666,55.632354736328125,114300,0.0,0.0
2024-12-06 00:00:00-05:00,55.86791768061012,55.86791768061012,54.86677414015894,55.46549606323242,98600,0.0,0.0
2024-12-09 00:00:00-05:00,55.47532158297957,55.6127333150968,54.493804931640625,54.493804931640625,158000,0.0,0.0
2024-12-10 00:00:00-05:00,54.42509620533327,55.53911589861382,53.74784735522055,54.65084457397461,153600,0.0,0.0
2024-12-11 00:00:00-05:00,55.318278022942835,56.08385979837623,55.043454563902905,55.072898864746094,120400,0.0,0.0
2024-12-12 00:00:00-05:00,54.709742272097955,54.97474848508128,54.36620918204973,54.46436309814453,80900,0.0,0.0
2024-12-13 00:00:00-05:00,54.36620069207091,54.69991646630113,53.59571035594667,54.09137725830078,187400,0.0,0.0
2024-12-16 00:00:00-05:00,54.032487855937205,55.0189130831983,53.63988346408693,54.9747428894043,99700,0.0,0.0
2024-12-17 00:00:00-05:00,54.58214031176093,55.023823543438304,53.45339469127307,53.72822189331055,230600,0.0,0.0
2024-12-18 00:00:00-05:00,54.326942076932106,54.493801845187235,50.24383318839129,50.57754898071289,196000,0.0,0.0
2024-12-19 00:00:00-05:00,51.42165701092931,52.03019628930197,49.8904934237859,50.09661102294922,170800,0.0,0.0
2024-12-20 00:00:00-05:00,49.615665930648284,51.5590684492068,49.615665930648284,50.52847671508789,752100,0.0,0.0
2024-12-23 00:00:00-05:00,50.21438943609413,50.97997119098291,50.15549709179933,50.86219024658203,108500,0.0,0.0
2024-12-24 00:00:00-05:00,51.25479842019542,51.421654446189535,50.4990301834362,51.38239288330078,59800,0.0,0.0
2024-12-26 00:00:00-05:00,51.078125379982495,51.62777228634528,50.773853882396864,51.578697204589844,68400,0.0,0.0
2024-12-27 00:00:00-05:00,51.05849471762576,51.696478270313015,50.165314748512614,50.73459243774414,107100,0.0,0.0
2024-12-30 00:00:00-05:00,50.45976488483458,51.09775212988384,50.11623559546248,50.6462516784668,79500,0.0,0.0
2024-12-31 00:00:00-05:00,51.107569193905526,51.18118368793259,50.3714317420123,50.557918548583984,83700,0.0,0.0
2025-01-02 00:00:00-05:00,51.1860925561732,51.33331780071988,49.41052712691949,49.60585021972656,141500,0.0,0.0
2025-01-03 00:00:00-05:00,50.00827100383141,50.60699672273567,48.9286005084371,50.48921203613281,155900,0.0,0.0
2025-01-06 00:00:00-05:00,50.449957860190615,51.313689825834,49.97392168065697,50.29291534423828,169400,0.0,0.0
2025-01-07 00:00:00-05:00,50.773854708121995,50.773854708121995,48.87952731688325,49.546958923339844,119900,0.0,0.0
2025-01-08 00:00:00-05:00,49.537143452654504,49.61075420149,48.98749281482133,49.34083938598633,158400,0.0,0.0
2025-01-10 00:00:00-05:00,48.045239244418056,48.88934413574973,47.083353407190195,47.89801025390625,179700,0.0,0.0
2025-01-13 00:00:00-05:00,47.54466125836582,48.67340681048417,47.54466125836582,48.66359329223633,167700,0.0,0.0
2025-01-14 00:00:00-05:00,48.958055328464134,50.47940550452889,48.66360105957888,50.42051315307617,167500,0.0,0.0
2025-01-15 00:00:00-05:00,52.32465162175027,52.32465162175027,50.78857573684516,51.490360260009766,153300,0.0,0.0
2025-01-16 00:00:00-05:00,51.31368918881506,51.44128740150134,50.58736896562306,51.26461410522461,166400,0.0,0.0
2025-01-17 00:00:00-05:00,51.59832880778354,51.94480480631236,50.960341502237426,51.43147277832031,178800,0.0,0.0
2025-01-21 00:00:00-05:00,52.50132435024,53.044100661322496,51.47072892942754,52.570030212402344,176400,0.0,0.0
2025-01-22 00:00:00-05:00,52.20686325018012,52.51604335558646,51.32350061347681,51.90259552001953,154700,0.0,0.0
2025-01-23 00:00:00-05:00,51.509991041435406,52.36390944041283,51.0977558640631,51.490360260009766,168700,0.0,0.0
2025-01-24 00:00:00-05:00,51.28424287151497,52.09890345500991,51.05849450052195,51.79463195800781,88700,0.0,0.0
2025-01-27 00:00:00-05:00,52.1970548191184,53.16777321113849,51.794633149536025,52.147979736328125,171200,0.0,0.0
2025-01-28 00:00:00-05:00,52.04982462915987,52.550400196995945,51.421654597842135,51.79463195800781,158900,0.0,0.0
2025-01-29 00:00:00-05:00,51.382394371382965,52.46206491695957,51.07812661065506,51.82407760620117,111100,0.0,0.0
2025-01-30 00:00:00-05:00,52.49150911244244,52.64855162404137,51.45600876452213,52.04001235961914,93000,0.0,0.0
2025-01-31 00:00:00-05:00,51.87314682296579,52.38353586501643,51.38238856070807,51.83388900756836,148100,0.0,0.0
2025-02-03 00:00:00-05:00,50.400877181667184,51.54042103822449,50.116240206082026,51.01923370361328,121600,0.0,0.0
2025-02-04 00:00:00-05:00,50.78367226682774,52.12834900640534,50.78367226682774,52.04001235961914,170400,0.0,0.0
2025-02-05 00:00:00-05:00,52.619104221464326,52.619104221464326,51.809352297687695,52.52095031738281,132600,0.0,0.0
2025-02-06 00:00:00-05:00,52.86448705780676,53.37487616211394,52.422803819061244,53.36505889892578,100600,0.0,0.0
2025-02-07 00:00:00-05:00,53.2767220287307,53.443581804532926,51.43147344108098,52.020381927490234,173600,0.0,0.0
2025-02-10 00:00:00-05:00,52.020376623528726,52.020376623528726,51.22044199128231,51.470726013183594,143900,0.0,0.0
2025-02-11 00:00:00-05:00,51.13579960567877,52.56417465209961,51.03729253674097,52.56417465209961,175400,0.19,0.0
2025-02-12 00:00:00-05:00,51.549535730589675,51.77610498733858,50.78116634052418,50.8895263671875,199200,0.0,0.0
2025-02-13 00:00:00-05:00,51.42147976017478,51.657898248947525,50.77132327934355,51.46088409423828,156100,0.0,0.0
2025-02-14 00:00:00-05:00,51.45102454854598,52.19476528816369,51.17520176100189,51.18505096435547,113200,0.0,0.0
2025-02-18 00:00:00-05:00,51.11610421070697,51.62834930419922,51.06685066971439,51.62834930419922,88200,0.0,0.0
2025-02-19 00:00:00-05:00,50.85012536135374,51.401774734147295,50.76146749354413,50.978187561035156,94500,0.0,0.0
2025-02-20 00:00:00-05:00,50.810723432375376,50.97818620165915,49.855189077885704,50.229522705078125,99600,0.0,0.0
2025-02-21 00:00:00-05:00,50.948637851332954,51.628345688154134,48.870106249909455,49.08682632446289,124900,0.0,0.0
2025-02-24 00:00:00-05:00,49.717277359503434,49.717277359503434,48.55487591235115,48.59428024291992,139700,0.0,0.0
2025-02-25 00:00:00-05:00,49.08682730222152,49.254290084763745,48.38741352708675,48.60413360595703,157700,0.0,0.0
2025-02-26 00:00:00-05:00,48.46621778721399,49.047418507669136,48.03770414963819,48.48591995239258,95400,0.0,0.0
2025-02-27 00:00:00-05:00,48.397261465687116,49.12622277890285,48.36770633939737,48.6730842590332,109900,0.0,0.0
2025-02-28 00:00:00-05:00,49.09667804587087,49.79608808512639,49.047424505802944,49.766536712646484,193700,0.0,0.0
2025-03-03 00:00:00-05:00,50.06206021326104,50.28764495235979,49.1557830781488,49.72713088989258,123400,0.0,0.0
2025-03-04 00:00:00-05:00,49.08682110038656,49.08682110038656,47.284112507299994,47.62889099121094,193000,0.0,0.0
2025-03-05 00:00:00-05:00,47.776657581317544,47.96382251594014,46.505896096353915,47.077247619628906,148400,0.0,0.0
2025-03-06 00:00:00-05:00,46.59455292401096,46.75216648592062,45.59074960223814,46.64380645751953,115300,0.0,0.0
2025-03-07 00:00:00-05:00,46.70291470390546,46.70291470390546,45.53066402810235,46.18082046508789,106700,0.0,0.0
2025-03-10 00:00:00-04:00,45.24498867571456,45.56514229515917,43.61073103007442,43.954524993896484,182800,0.0,0.0
2025-03-11 00:00:00-04:00,44.58498030379372,45.3602453301502,44.26975315796835,44.38796615600586,187200,0.0,0.0
2025-03-12 00:00:00-04:00,44.683490003511444,45.65872278688906,44.240200666610754,45.274539947509766,184400,0.0,0.0
2025-03-13 00:00:00-04:00,45.52081089139416,45.58976659218792,44.55542732247774,44.752445220947266,136600,0.0,0.0
2025-03-14 00:00:00-04:00,45.41245271496285,45.96410210165792,45.11692773408493,45.717830657958984,107100,0.0,0.0
2025-03-17 00:00:00-04:00,45.35335140134463,46.29903287304881,45.35335140134463,46.0626106262207,152600,0.0,0.0
2025-03-18 00:00:00-04:00,45.72768036808722,46.18574540874627,45.67842683036342,45.93455123901367,160800,0.0,0.0
2025-03-19 00:00:00-04:00,46.21037339492236,47.145221084844785,46.10398244809456,46.73246765136719,146800,0.0,0.0
2025-03-20 00:00:00-04:00,45.91484293805516,46.95903132638882,45.91484293805516,46.27932357788086,136500,0.0,0.0
2025-03-21 00:00:00-04:00,45.914844203511876,46.79156985856053,45.688274947764754,46.5157470703125,551700,0.0,0.0
2025-03-24 00:00:00-04:00,47.51068696236451,47.991407803349645,47.17280401114913,47.76681137084961,161100,0.0,0.0
2025-03-25 00:00:00-04:00,47.500837145040606,47.9736778648304,47.185609998514074,47.343223571777344,135100,0.0,0.0
2025-03-26 00:00:00-04:00,47.49098343531706,48.04263281195611,47.13142923844117,47.32352066040039,129900,0.0,0.0
2025-03-27 00:00:00-04:00,47.46143215372934,47.530387856212485,46.880231405797176,47.22500991821289,132100,0.0,0.0
2025-03-28 00:00:00-04:00,47.36292269600391,47.47127896744685,46.037981214802734,46.34828186035156,116200,0.0,0.0
2025-03-31 00:00:00-04:00,44.48647165301931,45.75723315334878,44.161395314448896,45.668575286865234,399500,0.0,0.0
2025-04-01 00:00:00-04:00,45.77693864046922,45.88529868045636,44.92976424544703,45.45185852050781,331800,0.0,0.0
2025-04-02 00:00:00-04:00,45.244987785298925,46.279327048084085,44.83124982550256,46.26947784423828,401100,0.0,0.0
2025-04-03 00:00:00-04:00,44.31900766570261,44.49139691307822,41.137177521324105,41.26523971557617,479700,0.0,0.0
2025-04-04 00:00:00-04:00,39.61029935299858,40.240753667520075,38.25088364648817,40.152095794677734,411300,0.0,0.0
2025-04-07 00:00:00-04:00,38.92073690050199,42.34883866770096,38.61043623750555,40.00433349609375,337300,0.0,0.0
2025-04-08 00:00:00-04:00,41.531217363858005,41.747937443326805,38.75820217723701,39.334476470947266,445000,0.0,0.0
2025-04-09 00:00:00-04:00,38.61536406630889,43.2452680724441,38.566110527927435,42.486751556396484,392700,0.0,0.0
2025-04-10 00:00:00-04:00,41.28494323150153,41.61002332959238,39.3147717506228,40.18164825439453,297600,0.0,0.0
2025-04-11 00:00:00-04:00,39.57089531596016,40.25553341337389,38.97984533111011,39.955081939697266,263200,0.0,0.0
2025-04-14 00:00:00-04:00,40.654490827795186,40.77270006989702,39.69895641314493,40.53628158569336,379800,0.0,0.0
2025-04-15 00:00:00-04:00,38.88133403161721,40.77269678403838,38.88133403161721,39.73835754394531,430400,0.0,0.0
2025-04-16 00:00:00-04:00,39.501936660898934,40.24075096571229,39.15715815510759,39.87627029418945,350000,0.0,0.0
2025-04-17 00:00:00-04:00,40.21120060475804,40.47717421209954,39.81716479585123,40.00433349609375,289600,0.0,0.0
2025-04-21 00:00:00-04:00,39.50193766796066,39.62999986957821,39.12760778293086,39.39358139038086,251300,0.0,0.0
2025-04-22 00:00:00-04:00,39.79746490994915,40.68403981036944,39.58074484731573,40.575679779052734,306400,0.0,0.0
2025-04-23 00:00:00-04:00,41.629721475244274,42.723167241491296,41.07807586906838,41.29479217529297,279100,0.0,0.0
2025-04-24 00:00:00-04:00,41.3243498925009,41.944954996147125,41.13718118627199,41.66912841796875,325800,0.0,0.0
2025-04-25 00:00:00-04:00,41.37360052476933,41.64942332577056,41.0386712273519,41.5903205871582,261000,0.0,0.0
2025-04-28 00:00:00-04:00,41.531215202696565,41.98435374727485,41.27509456031003,41.92525100708008,185900,0.0,0.0
2025-04-29 00:00:00-04:00,41.846441741562934,42.422715997001966,41.57554541802168,42.41779327392578,283700,0.0,0.0
2025-04-30 00:00:00-04:00,41.5706195346957,42.11241594737009,41.112554509166536,41.92525100708008,395500,0.0,0.0
2025-05-01 00:00:00-04:00,42.07301185943029,42.95959054553414,41.580468979995686,42.64436340332031,287900,0.0,0.0
2025-05-02 00:00:00-04:00,43.25511755089946,44.23921881130156,42.92018822685895,44.02348327636719,174500,0.0,0.0
2025-05-05 00:00:00-04:00,43.294519346928,44.40766729360149,43.294519346928,43.954524993896484,159600,0.0,0.0
2025-05-06 00:00:00-04:00,43.31422285991845,43.954526360917725,43.077800619771445,43.481685638427734,307400,0.0,0.0
2025-05-07 00:00:00-04:00,43.915124921341345,44.151543399030864,43.15660843629656,43.2551155090332,405700,0.0,0.0
2025-05-08 00:00:00-04:00,43.81661375140363,45.09722447608031,43.7801668111781,44.77214813232422,276500,0.0,0.0
2025-05-09 00:00:00-04:00,44.772147616479245,44.8145055817838,44.25990258094966,44.55542755126953,163100,0.0,0.0
2025-05-12 00:00:00-04:00,46.486196859915914,46.88515915830709,45.609471112164236,45.629173278808594,270500,0.0,0.0
2025-05-13 00:00:00-04:00,45.99515477552673,46.08912457875477,45.559933163989115,45.906131744384766,149600,0.19,0.0
2025-05-14 00:00:00-04:00,45.490692490165415,45.80721797794358,45.16427345842337,45.21372985839844,182600,0.0,0.0
2025-05-15 00:00:00-04:00,45.30275134938516,45.53025380017065,45.03568227065055,45.44123077392578,201400,0.0,0.0
2025-05-16 00:00:00-04:00,45.421448115485575,45.4313416592563,44.966443207347844,45.27307891845703,177500,0.0,0.0
2025-05-19 00:00:00-04:00,44.64002940906736,45.30275347859704,44.585626236400714,45.174163818359375,129500,0.0,0.0
2025-05-20 00:00:00-04:00,45.22362498659974,45.22362498659974,44.73894319398963,44.85763931274414,92200,0.0,0.0
2025-05-21 00:00:00-04:00,44.244370384411184,44.37296004385503,43.23940214247466,43.304683685302734,161700,0.0,0.0
2025-05-22 00:00:00-04:00,43.116746324987375,43.789363910592904,42.928810501146344,43.53218460083008,275300,0.0,0.0
2025-05-23 00:00:00-04:00,42.40456397488751,43.50251342827108,42.40456397488751,43.156314849853516,258900,0.0,0.0
2025-05-27 00:00:00-04:00,43.74979714294461,44.056432850289916,43.11674618751808,44.046539306640625,114800,0.0,0.0
2025-05-28 00:00:00-04:00,43.8783916180017,44.07622100662684,42.92881508053915,42.978271484375,136900,0.0,0.0
2025-05-29 00:00:00-04:00,43.07718233519647,43.482730865478516,42.71614720764182,43.482730865478516,130400,0.0,0.0
2025-05-30 00:00:00-04:00,43.324467071060724,43.33436061510879,42.87935192093473,43.17609786987305,231000,0.0,0.0
2025-06-02 00:00:00-04:00,42.849679885324235,42.849679885324235,42.241358976313904,42.602394104003906,142300,0.0,0.0
2025-06-03 00:00:00-04:00,42.42434467266151,43.30468138057055,42.35510496124943,43.20576858520508,178800,0.0,0.0
2025-06-04 00:00:00-04:00,43.126637618720004,43.230500964630714,42.36500075277226,42.424346923828125,125100,0.0,0.0
2025-06-05 00:00:00-04:00,42.34521895391507,42.51337147563503,41.85064738657644,42.325435638427734,172500,0.0,0.0
2025-06-06 00:00:00-04:00,43.11674785479364,43.30963045731867,42.61722953306605,43.304683685302734,139100,0.0,0.0
2025-06-09 00:00:00-04:00,43.294795694414226,43.73991086210983,43.15136948630777,43.314579010009766,124600,0.0,0.0
2025-06-10 00:00:00-04:00,43.33435808582721,44.076215368310315,43.180049748591976,43.84871292114258,137900,0.0,0.0
2025-06-11 00:00:00-04:00,43.84871478441778,44.025768468627746,43.11180046907483,43.47283935546875,173500,0.0,0.0
2025-06-12 00:00:00-04:00,43.27501010815927,43.27501010815927,42.617229048927705,43.087074279785156,119000,0.0,0.0
2025-06-13 00:00:00-04:00,42.651848401628214,43.34424930982584,42.13749354906088,42.74087142944336,282500,0.0,0.0
2025-06-16 00:00:00-04:00,43.40359985108502,43.40359985108502,42.592502819047255,42.7013053894043,218000,0.0,0.0
2025-06-17 00:00:00-04:00,42.27597900766565,42.780440343378345,41.83086384481233,42.08803939819336,203900,0.0,0.0
2025-06-18 00:00:00-04:00,41.97923269176708,42.76560343497311,41.97923269176708,42.3650016784668,157200,0.0,0.0
2025-06-20 00:00:00-04:00,42.60239144083934,42.82000412224791,42.256192877945104,42.65184783935547,380600,0.0,0.0
2025-06-23 00:00:00-04:00,42.57272112113257,43.99708586661701,42.40456482731976,43.97730255126953,180500,0.0,0.0
2025-06-24 00:00:00-04:00,44.39274188793191,44.966442904484694,44.17512920581809,44.283935546875,142500,0.0,0.0
2025-06-25 00:00:00-04:00,44.16524156778292,44.28888445708435,43.774529584796625,44.016868591308594,198600,0.0,0.0
2025-06-26 00:00:00-04:00,43.94762690291672,44.8526937175739,43.94762690291672,44.778507232666016,175600,0.0,0.0
2025-06-27 00:00:00-04:00,44.926880220072036,45.18900632530193,44.55100853851089,44.907100677490234,350500,0.0,0.0
2025-06-30 00:00:00-04:00,45.29286354288403,45.475852601840614,44.79829199191988,44.80818176269531,584000,0.0,0.0
2025-07-01 00:00:00-04:00,44.61035027402574,46.97440534518245,44.61035027402574,46.212764739990234,1165300,0.0,0.0
2025-07-02 00:00:00-04:00,46.21276642286761,46.786467453589644,45.60444176160747,46.479835510253906,509500,0.0,0.0
2025-07-03 00:00:00-04:00,46.87548999380442,47.42941147741502,46.47983502546662,47.01396942138672,223700,0.0,0.0
2025-07-07 00:00:00-04:00,46.657878417270005,47.349290745164005,46.07527620785231,46.31167984008789,293800,0.0,0.0
2025-07-08 00:00:00-04:00,46.489728167344005,47.03375614656084,46.25233215050086,46.5391845703125,371200,0.0,0.0
2025-07-09 00:00:00-04:00,46.91505644933696,46.91505644933696,46.07428634310338,46.647987365722656,566100,0.0,0.0
2025-07-10 00:00:00-04:00,46.63809606357652,47.300820092303034,46.39674190057199,46.87548828125,307500,0.0,0.0
2025-07-11 00:00:00-04:00,47.38984787903317,47.864636135368634,46.66777383669288,47.69648361206055,527800,0.0,0.0
2025-07-14 00:00:00-04:00,47.55800265861003,48.87356103608534,47.55800265861003,48.67573165893555,1059400,0.0,0.0
2025-07-15 00:00:00-04:00,47.211797774086826,48.468009912364316,45.08514246026821,46.450157165527344,1785300,0.0,0.0
2025-07-16 00:00:00-04:00,46.95462365859991,48.072352632795756,46.50950851373891,47.617347717285156,787800,0.0,0.0
2025-07-17 00:00:00-04:00,47.52832319926597,48.82410196409133,47.52832319926597,48.72518539428711,697100,0.0,0.0
2025-07-18 00:00:00-04:00,48.97247250904116,49.37604382374988,48.126755623625705,48.260292053222656,428700,0.0,0.0
2025-07-21 00:00:00-04:00,48.31964007104396,48.487796364136265,47.736045477279326,48.01300811767578,319700,0.0,0.0
2025-07-22 00:00:00-04:00,47.91408876738612,48.68562292483797,47.51843380488287,48.44822692871094,624300,0.0,0.0
2025-07-23 00:00:00-04:00,48.66584242821914,48.66584242821914,47.57778272845916,48.01300811767578,310900,0.0,0.0
2025-07-24 00:00:00-04:00,47.68658627856859,48.44822689173987,47.56789016723633,47.56789016723633,395700,0.0,0.0
2025-07-25 00:00:00-04:00,47.518436605010834,48.79443214116161,47.18212779176059,48.636165618896484,593600,0.0,0.0
2025-07-28 00:00:00-04:00,48.63616434012345,49.06149617432395,48.34931570926385,48.97247314453125,353400,0.0,0.0
2025-07-29 00:00:00-04:00,49.457155827069116,49.457155827069116,48.60649214311848,49.041717529296875,398200,0.0,0.0
2025-07-30 00:00:00-04:00,49.1999790816717,49.89237622780326,48.794430564674016,48.99225616455078,505600,0.0,0.0
2025-07-31 00:00:00-04:00,48.537253252921445,48.95763832995013,48.11192140370703,48.23061752319336,520000,0.0,0.0
2025-08-01 00:00:00-04:00,47.35027530531289,47.61734437347523,46.71722437631232,46.954620361328125,599500,0.0,0.0
2025-08-04 00:00:00-04:00,46.95462544666546,47.795395595312236,46.92494858702366,47.498653411865234,380900,0.0,0.0
2025-08-05 00:00:00-04:00,47.53821876204603,47.88441733786208,46.83592429309114,47.8349609375,302600,0.0,0.0
2025-08-06 00:00:00-04:00,47.77560944855635,47.91408887440586,47.05353546142578,47.05353546142578,278400,0.0,0.0
2025-08-07 00:00:00-04:00,47.48876109112172,47.58273089805903,46.47983839606297,46.5391845703125,807600,0.0,0.0
2025-08-08 00:00:00-04:00,47.02386454467142,47.06343117481858,46.44026995648606,46.65787887573242,271200,0.0,0.0
2025-08-11 00:00:00-04:00,46.77657932542626,46.94967861778775,46.529293543972265,46.74690246582031,306700,0.0,0.0
2025-08-12 00:00:00-04:00,47.154091225241174,48.758007341701905,47.13919479317242,48.63386535644531,414600,0.19,0.0
2025-08-13 00:00:00-04:00,48.911941118491896,50.759174424763465,48.73317636056158,50.7293815612793,588500,0.0,0.0
2025-08-14 00:00:00-04:00,50.26260658022896,50.96078021225567,50.03418578659845,50.68965530395508,485400,0.0,0.0
2025-08-15 00:00:00-04:00,50.86841779091548,50.86841779091548,49.93486769770294,50.00438690185547,542900,0.0,0.0
2025-08-18 00:00:00-04:00,49.93486656634019,50.6697887216749,49.91004044456962,50.510887145996094,346800,0.0,0.0
2025-08-19 00:00:00-04:00,50.36191857367911,51.374917605949626,50.36191857367911,50.71944808959961,390200,0.0,0.0
2025-08-20 00:00:00-04:00,50.91807744136298,50.98759665045423,49.577341719218836,50.12356948852539,335200,0.0,0.0
2025-08-21 00:00:00-04:00,49.8156928591405,50.3122607719264,49.67665444972245,49.83555603027344,381500,0.0,0.0
2025-08-22 00:00:00-04:00,49.915005355873994,53.21221981058053,49.915005355873994,52.96393585205078,651400,0.0,0.0
2025-08-25 00:00:00-04:00,53.242013598623444,53.242013598623444,52.536888053386946,52.55674743652344,406900,0.0,0.0
2025-08-26 00:00:00-04:00,52.447504325208556,53.440640151024574,52.447504325208556,53.15262985229492,318900,0.0,0.0
2025-08-27 00:00:00-04:00,52.8745526703999,53.69885343014176,52.8745526703999,53.31153106689453,204100,0.0,0.0
2025-08-28 00:00:00-04:00,53.629333664619615,53.91734395835778,53.331393679740884,53.54988098144531,431700,0.0,0.0
2025-08-29 00:00:00-04:00,53.76837263439062,54.13583182663639,53.251941553890155,53.31153106689453,288700,0.0,0.0
2025-09-02 00:00:00-04:00,52.57660974492056,53.04338479972907,52.29853292342403,52.934139251708984,234100,0.0,0.0
2025-09-03 00:00:00-04:00,52.745444687703724,53.539952596264314,52.50709042087927,52.983795166015625,180800,0.0,0.0
2025-09-04 00:00:00-04:00,53.26187399120098,53.788234752643945,53.05331259402388,53.76837158203125,197500,0.0,0.0
2025-09-05 00:00:00-04:00,53.94713747064345,54.46356855196481,53.003657683393115,53.27180480957031,218100,0.0,0.0
2025-09-08 00:00:00-04:00,53.32146440747785,53.56974837921999,52.358125173307,53.38105392456055,240600,0.0,0.0
2025-09-09 00:00:00-04:00,53.23208019715675,53.4356748654763,52.40777940932088,52.526954650878906,345100,0.0,0.0
2025-09-10 00:00:00-04:00,52.73550780732236,53.251938861714414,52.41274171327558,52.80502700805664,175700,0.0,0.0
2025-09-11 00:00:00-04:00,52.82489004659692,53.13276349801996,52.149557422419605,52.874549865722656,227000,0.0,0.0
2025-09-12 00:00:00-04:00,52.7355119430026,53.00862581624308,52.34818956896162,52.665992736816406,182700,0.0,0.0
2025-09-15 00:00:00-04:00,52.98379323383716,53.13276511873391,52.07011011944022,52.15949249267578,192900,0.0,0.0
2025-09-16 00:00:00-04:00,52.97386763759816,52.97386763759816,51.26567272306151,52.0601806640625,258000,0.0,0.0
2025-09-17 00:00:00-04:00,52.14956216313753,53.93224299576168,52.08004295625652,52.447505950927734,392300,0.0,0.0
2025-09-18 00:00:00-04:00,52.77523919558333,54.086178232703745,52.70571998819912,53.9173469543457,287200,0.0,0.0
2025-09-19 00:00:00-04:00,53.91734804527862,53.91734804527862,52.67592819042424,53.4505729675293,1495400,0.0,0.0
2025-09-22 00:00:00-04:00,53.132769865892016,53.66906415322071,52.88448589455607,53.420780181884766,345900,0.0,0.0
2025-09-23 00:00:00-04:00,53.65912503892155,54.533085587047154,53.604502267881685,54.21528244018555,344100,0.0,0.0
2025-09-24 00:00:00-04:00,54.42384358145976,54.86082577817408,54.15569644852486,54.34439468383789,349800,0.0,0.0
2025-09-25 00:00:00-04:00,54.046450490920506,54.82109902082712,53.80810001134353,54.52315902709961,312000,0.0,0.0
2025-09-26 00:00:00-04:00,54.81116304454684,55.69505708255019,54.53805297461544,55.615604400634766,495300,0.0,0.0
2025-09-29 00:00:00-04:00,55.6255350212948,55.63546850095645,54.87075347304545,55.20841979980469,482400,0.0,0.0
2025-09-30 00:00:00-04:00,55.2680127920988,55.72485438397488,54.65226582373084,55.35739517211914,421900,0.0,0.0
2025-10-01 00:00:00-04:00,54.79129987406798,55.8688550885997,54.5231565438844,55.615604400634766,621800,0.0,0.0
2025-10-02 00:00:00-04:00,55.526223999286486,56.509430136082095,55.37526692909711,56.420047760009766,319400,0.0,0.0
2025-10-03 00:00:00-04:00,56.48956759539222,58.18286223122904,56.48956759539222,57.79057312011719,570300,0.0,0.0
2025-10-06 00:00:00-04:00,58.167963438750554,60.09961226453865,58.167963438750554,58.83336639404297,805500,0.0,0.0
2025-10-07 00:00:00-04:00,58.823433769006606,59.21075613004392,58.29210626041472,58.45597457885742,448800,0.0,0.0
2025-10-08 00:00:00-04:00,58.85322582598597,59.20082562900443,58.24741617049152,58.80356979370117,487600,0.0,0.0
2025-10-09 00:00:00-04:00,58.7042602192416,58.843298630941725,57.730987548828125,57.730987548828125,502600,0.0,0.0
2025-10-10 00:00:00-04:00,58.07858096667644,58.500662922791534,55.476566238749236,55.5063591003418,578000,0.0,0.0
2025-10-13 00:00:00-04:00,56.10224574334273,56.593846927519664,55.61560751067874,55.92348098754883,543900,0.0,0.0
2025-10-14 00:00:00-04:00,57.52242505812703,58.76384483705945,55.327595798217494,58.197757720947266,917400,0.0,0.0
2025-10-15 00:00:00-04:00,58.28714026592765,58.42618246392258,55.46663436845752,56.469703674316406,942300,0.0,0.0
2025-10-16 00:00:00-04:00,56.231348885477274,56.410113635579236,51.5437504064494,51.692718505859375,721000,0.0,0.0
2025-10-17 00:00:00-04:00,52.417707068972994,52.84574836249226,51.34512235950345,51.7523078918457,458900,0.0,0.0
2025-10-20 00:00:00-04:00,52.109838310890204,53.3115317582179,51.99065928333598,53.01359176635742,305900,0.0,0.0
2025-10-21 00:00:00-04:00,53.17249510757764,53.957073349967565,52.715653519038945,53.887550354003906,354100,0.0,0.0
2025-10-22 00:00:00-04:00,53.89747945122177,55.248144723596695,53.72864439791873,54.1457633972168,385300,0.0,0.0
2025-10-23 00:00:00-04:00,54.264938505456705,54.51322245087956,53.42077460642395,54.205352783203125,267500,0.0,0.0
2025-10-24 00:00:00-04:00,54.69199213348622,55.764580693056246,54.677095701577635,55.36732482910156,207100,0.0,0.0
2025-10-27 00:00:00-04:00,55.45670367555406,55.88375237611582,55.16869338196358,55.23821258544922,279000,0.0,0.0
2025-10-28 00:00:00-04:00,55.039585274811095,55.506360322101706,54.5628805362752,54.97006607055664,187800,0.0,0.0
2025-10-29 00:00:00-04:00,54.55295439589742,55.47657107083935,53.222152160170246,53.460506439208984,319300,0.0,0.0
2025-10-30 00:00:00-04:00,53.17249412490515,54.68702401754067,53.17249412490515,54.32453155517578,338500,0.0,0.0
2025-10-31 00:00:00-04:00,53.798164730311896,54.20038730746515,53.088076266815115,53.63926315307617,291300,0.0,0.0
2025-11-03 00:00:00-05:00,53.75844184905376,54.06631152202938,52.78516922086526,53.78823471069336,264900,0.0,0.0
2025-11-04 00:00:00-05:00,53.4803659978523,53.89251830018732,53.19235946990111,53.38105392456055,303200,0.0,0.0
2025-11-05 00:00:00-05:00,53.639262951066534,54.61253937004637,53.32145979779197,53.72864532470703,242100,0.0,0.0
2025-11-06 00:00:00-05:00,53.788238404050844,54.20535743820868,53.361189678168785,53.837894439697266,221300,0.0,0.0
2025-11-07 00:00:00-05:00,53.87761885438672,54.801235480685776,53.60947172528255,54.68206024169922,301000,0.0,0.0
2025-11-10 00:00:00-05:00,54.871406069288064,55.339793607850126,54.71195426435889,54.93119812011719,282800,0.19,0.0
2025-11-11 00:00:00-05:00,54.80164732690381,55.30989877809298,54.68205561939849,55.26007080078125,222500,0.0,0.0
2025-11-12 00:00:00-05:00,55.37966094839017,56.127092043214546,54.94614954480482,54.98102951049805,292900,0.0,0.0
2025-11-13 00:00:00-05:00,54.901302419881866,55.33979393562654,54.163835441697124,54.41297912597656,203400,0.0,0.0
2025-11-14 00:00:00-05:00,54.40301641558506,54.56246822545722,53.795105202437725,54.24356460571289,417600,0.0,0.0
2025-11-17 00:00:00-05:00,54.18376819167517,54.53257163578869,51.86175099679646,51.93151092529297,272400,0.0,0.0
2025-11-18 00:00:00-05:00,52.33013993628977,53.3366825912953,51.91158035418289,52.708839416503906,246000,0.0,0.0
2025-11-19 00:00:00-05:00,52.72877017554561,53.41640538843741,52.58925031799925,52.85832595825195,187000,0.0,0.0
2025-11-20 00:00:00-05:00,53.366577665290905,54.46281218283681,52.35007095336914,52.35007095336914,394500,0.0,0.0
2025-11-21 00:00:00-05:00,52.668974964288125,54.54752053074385,52.589250959702106,54.20370101928711,356800,0.0,0.0
2025-11-24 00:00:00-05:00,54.143906978729326,54.701986395238464,52.7237849452587,54.452842712402344,295700,0.0,0.0
2025-11-25 00:00:00-05:00,54.90130348551382,56.625377357996015,54.89133941066685,56.186885833740234,297500,0.0,0.0
2025-11-26 00:00:00-05:00,55.88791353968555,56.72503267614904,55.70852978140596,55.78825378417969,429700,0.0,0.0
2025-11-28 00:00:00-05:00,55.80818669808386,56.0573303887003,55.42948722389017,55.66866683959961,107700,0.0,0.0
2025-12-01 00:00:00-05:00,54.97106233095956,56.44100854711759,54.97106233095956,55.84804916381836,287400,0.0,0.0
2025-12-02 00:00:00-05:00,56.12709149185333,56.236715326278336,55.61884002508324,55.997535705566406,263600,0.0,0.0
2025-12-03 00:00:00-05:00,55.94770749124433,57.46250161169456,55.94770749124433,57.452537536621094,328800,0.0,0.0
2025-12-04 00:00:00-05:00,56.9143856277549,57.80133656331025,56.77486576844926,57.05390548706055,278300,0.0,0.0
2025-12-05 00:00:00-05:00,56.735000926390825,57.34291213327428,56.55561716692912,56.69513702392578,320600,0.0,0.0
2025-12-08 00:00:00-05:00,56.68517310717243,57.293084315750846,56.33138952547849,56.67520523071289,347900,0.0,0.0
2025-12-09 00:00:00-05:00,56.62537794749764,57.72659260865583,56.5157541148847,57.06386947631836,237300,0.0,0.0
2025-12-10 00:00:00-05:00,57.32298138088873,59.156679114689624,57.10373371437665,58.44911193847656,399400,0.0,0.0
2025-12-11 00:00:00-05:00,58.409246673746374,59.1566777358367,58.36938277137679,58.618526458740234,240800,0.0,0.0
2025-12-12 00:00:00-05:00,58.768016411840335,58.877640246682375,58.100309327634804,58.81784439086914,361600,0.0,0.0
2025-12-15 00:00:00-05:00,59.04705383216577,59.67489698800244,58.56869840921483,58.62849426269531,391100,0.0,0.0
2025-12-16 00:00:00-05:00,58.79791225933637,58.79791225933637,57.133634194744864,57.891029357910156,446000,0.0,0.0
2025-12-17 00:00:00-05:00,57.651848347883316,58.58863105536837,55.519178969650476,57.11370086669922,615600,0.0,0.0
2025-12-18 00:00:00-05:00,57.761470246638886,57.761470246638886,56.690151655119514,56.87451934814453,545400,0.0,0.0
2025-12-19 00:00:00-05:00,56.74496587930016,57.11868141702334,55.46935139372698,56.585514068603516,1123600,0.0,0.0
2025-12-22 00:00:00-05:00,56.6453084160238,57.502363301325644,56.206816898683044,56.774864196777344,269000,0.0,0.0
2025-12-23 00:00:00-05:00,56.80476261636947,57.4176577804743,56.28654327314722,56.47589111328125,216000,0.0,0.0
2025-12-24 00:00:00-05:00,56.60544395752868,57.18345912626143,55.88093674365143,56.84462356567383,104300,0.0,0.0
2025-12-26 00:00:00-05:00,56.52572178501857,57.00407721515709,56.515753908473236,56.615413665771484,197100,0.0,0.0
2025-12-29 00:00:00-05:00,56.76489735485414,57.004076969709054,56.14702206878954,56.64530944824219,231600,0.0,0.0
2025-12-30 00:00:00-05:00,56.52572212652476,56.64531003437414,56.09719467163086,56.09719467163086,234600,0.0,0.0
2025-12-31 00:00:00-05:00,56.316438634960235,56.316438634960235,55.409555745440144,55.60887145996094,351700,0.0,0.0
2026-01-02 00:00:00-05:00,55.549080652382685,56.04736804904276,54.7617856532683,55.92777633666992,234100,0.0,0.0
2026-01-05 00:00:00-05:00,55.65869931522791,57.37280913403658,55.65869931522791,56.5755500793457,266700,0.0,0.0
2026-01-06 00:00:00-05:00,56.26660995534305,57.19342478492506,56.115130166260776,57.12366485595703,224700,0.0,0.0
2026-01-07 00:00:00-05:00,57.27315195885988,57.313012059522784,56.11214146555973,56.725032806396484,198400,0.0,0.0
2026-01-08 00:00:00-05:00,56.32640468896814,58.748081608201886,56.32640468896814,58.6982536315918,193100,0.0,0.0
2026-01-09 00:00:00-05:00,58.99722806399477,59.23640388360973,57.602021843593405,57.881065368652344,162000,0.0,0.0
2026-01-12 00:00:00-05:00,57.26318365645602,58.48897013064114,56.85558419236628,58.209930419921875,358300,0.0,0.0
2026-01-13 00:00:00-05:00,58.10030893564955,58.18501687959013,57.23328994117832,57.442569732666016,139300,0.0,0.0
2026-01-14 00:00:00-05:00,57.412673152683425,59.39585481761487,56.74496607941516,58.93743133544922,348100,0.0,0.0
2026-01-15 00:00:00-05:00,58.917498998628666,60.521984977349156,58.917498998628666,60.41236114501953,376200,0.0,0.0
2026-01-16 00:00:00-05:00,60.16321766059011,60.591745114824455,59.296198677162245,59.43571853637695,314500,0.0,0.0
2026-01-20 00:00:00-05:00,58.43914510033174,59.669915574726964,58.299625237937825,58.319557189941406,171500,0.0,0.0
2026-01-21 00:00:00-05:00,58.588630957509736,62.15138647904189,58.588630957509736,61.408935546875,497400,0.0,0.0
2026-01-22 00:00:00-05:00,60.681435749904395,62.021830001435866,59.29619745953093,60.54191589355469,517400,0.0,0.0
2026-01-23 00:00:00-05:00,59.75462113157023,59.93400489080267,56.65527304904776,56.70510482788086,553700,0.0,0.0
2026-01-26 00:00:00-05:00,56.70510369797633,58.08037408918006,56.665239796356566,57.801334381103516,342600,0.0,0.0
2026-01-27 00:00:00-05:00,57.81130128098042,58.18003668653729,56.96421423913254,56.974178314208984,199100,0.0,0.0
2026-01-28 00:00:00-05:00,57.073838808738444,57.85614986859473,56.645311343937564,56.884490966796875,309900,0.0,0.0
2026-01-29 00:00:00-05:00,57.113701448676814,58.229864126842706,56.94428176089488,57.990684509277344,307900,0.0,0.0
2026-01-30 00:00:00-05:00,57.54222654504823,58.219893863501824,56.58551191563838,57.332942962646484,357400,0.0,0.0
2026-02-02 00:00:00-05:00,57.69171210451667,58.98725852896523,56.8396411430336,58.55873107910156,205800,0.0,0.0
2026-02-03 00:00:00-05:00,58.209932858390815,59.86923078263657,58.209932858390815,59.80445098876953,242200,0.0,0.0
2026-02-04 00:00:00-05:00,60.71133415569443,61.289349356522614,60.42731049366847,60.7213020324707,216400,0.0,0.0
2026-02-05 00:00:00-05:00,60.72129853289303,61.55842145719132,60.088471451160686,60.681434631347656,326200,0.0,0.0
2026-02-06 00:00:00-05:00,61.27938365090161,62.12647067605269,60.81099229728835,61.39897155761719,319600,0.0,0.0
2026-02-09 00:00:00-05:00,60.9305787920383,61.897257503134774,60.820954962743116,61.099998474121094,195200,0.0,0.0
2026-02-10 00:00:00-05:00,61.02000045776367,61.369998931884766,59.80500030517578,60.2599983215332,168100,0.21,0.0
2026-02-11 00:00:00-05:00,60.5,61.5,59.29999923706055,59.619998931884766,197400,0.0,0.0
2026-02-12 00:00:00-05:00,60.439998626708984,60.529998779296875,58.4900016784668,59.22999954223633,180700,0.0,0.0
2026-02-13 00:00:00-05:00,59.22999954223633,59.422000885009766,58.5099983215332,59.0,224400,0.0,0.0
2026-02-17 00:00:00-05:00,59.20000076293945,60.0,58.20000076293945,58.91999816894531,305900,0.0,0.0
2026-02-18 00:00:00-05:00,58.97999954223633,60.0,58.15999984741211,58.54999923706055,257200,0.0,0.0
2026-02-19 00:00:00-05:00,58.150001525878906,58.5099983215332,57.7400016784668,58.47999954223633,253800,0.0,0.0
2026-02-20 00:00:00-05:00,58.459999084472656,59.43000030517578,57.630001068115234,59.08000183105469,185300,0.0,0.0
2026-02-23 00:00:00-05:00,59.279998779296875,59.279998779296875,56.02000045776367,56.52000045776367,271000,0.0,0.0
2026-02-24 00:00:00-05:00,56.349998474121094,57.189998626708984,55.75,56.47999954223633,269500,0.0,0.0
2026-02-25 00:00:00-05:00,56.93000030517578,58.220001220703125,56.36000061035156,58.18000030517578,207500,0.0,0.0
2026-02-26 00:00:00-05:00,58.060001373291016,59.0,57.220001220703125,57.970001220703125,209600,0.0,0.0
2026-02-27 00:00:00-05:00,56.529998779296875,56.619998931884766,54.34000015258789,54.689998626708984,337800,0.0,0.0
2026-03-02 00:00:00-05:00,53.11000061035156,55.380001068115234,52.869998931884766,54.81999969482422,269900,0.0,0.0
2026-03-03 00:00:00-05:00,53.54999923706055,54.573001861572266,52.63999938964844,54.099998474121094,249100,0.0,0.0
2026-03-04 00:00:00-05:00,54.34000015258789,54.59000015258789,53.72999954223633,54.13999938964844,252900,0.0,0.0
2026-03-05 00:00:00-05:00,53.45000076293945,53.665000915527344,52.5099983215332,53.09000015258789,206600,0.0,0.0
2026-03-06 00:00:00-05:00,51.459999084472656,51.70000076293945,50.380001068115234,51.47999954223633,434600,0.0,0.0
2026-03-09 00:00:00-04:00,50.25,51.47999954223633,49.2400016784668,51.279998779296875,519300,0.0,0.0
2026-03-10 00:00:00-04:00,50.869998931884766,52.744998931884766,50.737998962402344,51.52000045776367,296900,0.0,0.0
2026-03-11 00:00:00-04:00,51.06999969482422,51.810001373291016,50.72999954223633,51.709999084472656,327300,0.0,0.0
2026-03-12 00:00:00-04:00,50.45000076293945,51.5099983215332,50.130001068115234,51.130001068115234,267600,0.0,0.0
2026-03-13 00:00:00-04:00,51.529998779296875,51.95000076293945,50.224998474121094,51.16999816894531,206000,0.0,0.0
2026-03-16 00:00:00-04:00,51.900001525878906,52.16999816894531,51.52000045776367,51.52000045776367,329100,0.0,0.0
2026-03-17 00:00:00-04:00,52.02000045776367,52.5,51.18000030517578,51.56999969482422,224200,0.0,0.0
2026-03-18 00:00:00-04:00,51.54999923706055,51.9900016784668,50.7599983215332,51.040000915527344,566400,0.0,0.0
2026-03-19 00:00:00-04:00,50.880001068115234,51.65999984741211,50.20000076293945,51.119998931884766,301500,0.0,0.0
2026-03-20 00:00:00-04:00,51.290000915527344,51.5,50.75,50.91999816894531,356773,0.0,0.0
