Date,Open,High,Low,Close,Volume,Dividends,Stock Splits
2022-01-03 00:00:00-05:00,8.140000343322754,8.699999809265137,8.130000114440918,8.6899995803833,611000,0.0,0.0
2022-01-04 00:00:00-05:00,8.819999694824219,9.390000343322754,8.720000267028809,9.199999809265137,1013300,0.0,0.0
2022-01-05 00:00:00-05:00,9.300000190734863,9.430000305175781,9.0600004196167,9.0600004196167,947100,0.0,0.0
2022-01-06 00:00:00-05:00,9.350000381469727,9.680000305175781,9.210000038146973,9.529999732971191,740700,0.0,0.0
2022-01-07 00:00:00-05:00,9.569999694824219,9.75,9.494999885559082,9.600000381469727,605500,0.0,0.0
2022-01-10 00:00:00-05:00,9.600000381469727,9.670000076293945,9.430000305175781,9.640000343322754,529000,0.0,0.0
2022-01-11 00:00:00-05:00,9.779999732971191,9.890000343322754,9.53499984741211,9.84000015258789,962500,0.0,0.0
2022-01-12 00:00:00-05:00,9.890000343322754,9.960000038146973,9.670000076293945,9.90999984741211,893400,0.0,0.0
2022-01-13 00:00:00-05:00,9.989999771118164,10.420000076293945,9.920000076293945,9.979999542236328,775300,0.0,0.0
2022-01-14 00:00:00-05:00,9.920000076293945,10.675000190734863,9.920000076293945,10.630000114440918,987100,0.0,0.0
2022-01-18 00:00:00-05:00,10.670000076293945,10.800000190734863,10.399999618530273,10.4399995803833,1027900,0.0,0.0
2022-01-19 00:00:00-05:00,10.569999694824219,10.609999656677246,10.140000343322754,10.279999732971191,886200,0.0,0.0
2022-01-20 00:00:00-05:00,10.09000015258789,10.649999618530273,10.09000015258789,10.15999984741211,870200,0.0,0.0
2022-01-21 00:00:00-05:00,10.010000228881836,10.289999961853027,9.84000015258789,9.989999771118164,950400,0.0,0.0
2022-01-24 00:00:00-05:00,9.649999618530273,10.350000381469727,9.470000267028809,10.279999732971191,1562100,0.0,0.0
2022-01-25 00:00:00-05:00,10.220000267028809,10.9350004196167,9.90999984741211,10.829999923706055,776900,0.0,0.0
2022-01-26 00:00:00-05:00,10.979999542236328,11.399999618530273,10.640000343322754,10.829999923706055,984700,0.0,0.0
2022-01-27 00:00:00-05:00,11.010000228881836,11.229999542236328,10.359999656677246,10.5,770500,0.0,0.0
2022-01-28 00:00:00-05:00,10.430000305175781,10.75,10.140000343322754,10.390000343322754,615700,0.0,0.0
2022-01-31 00:00:00-05:00,10.270000457763672,10.710000038146973,10.119999885559082,10.510000228881836,833200,0.0,0.0
2022-02-01 00:00:00-05:00,10.40999984741211,11.289999961853027,10.300000190734863,11.279999732971191,1224300,0.0,0.0
2022-02-02 00:00:00-05:00,11.180000305175781,11.329999923706055,10.920000076293945,11.069999694824219,668800,0.0,0.0
2022-02-03 00:00:00-05:00,10.899999618530273,11.09000015258789,10.710000038146973,10.880000114440918,696700,0.0,0.0
2022-02-04 00:00:00-05:00,11.020000457763672,11.529999732971191,10.859999656677246,11.239999771118164,975600,0.0,0.0
2022-02-07 00:00:00-05:00,11.029999732971191,11.300000190734863,10.960000038146973,11.130000114440918,819500,0.0,0.0
2022-02-08 00:00:00-05:00,11.109999656677246,11.229999542236328,10.8100004196167,10.920000076293945,775600,0.0,0.0
2022-02-09 00:00:00-05:00,10.930000305175781,11.119999885559082,10.729999542236328,11.100000381469727,810500,0.0,0.0
2022-02-10 00:00:00-05:00,11.0,11.779999732971191,10.920000076293945,11.760000228881836,1351600,0.0,0.0
2022-02-11 00:00:00-05:00,11.84000015258789,12.744999885559082,11.800000190734863,12.550000190734863,1208700,0.0,0.0
2022-02-14 00:00:00-05:00,12.399999618530273,12.670000076293945,12.15999984741211,12.460000038146973,974500,0.0,0.0
2022-02-15 00:00:00-05:00,12.020000457763672,12.569999694824219,11.829999923706055,12.510000228881836,810900,0.0,0.0
2022-02-16 00:00:00-05:00,12.65999984741211,13.010000228881836,12.324999809265137,12.4399995803833,883200,0.0,0.0
2022-02-17 00:00:00-05:00,12.319999694824219,12.609999656677246,12.140000343322754,12.520000457763672,630000,0.0,0.0
2022-02-18 00:00:00-05:00,12.229999542236328,12.510000228881836,11.859999656677246,12.1899995803833,538100,0.0,0.0
2022-02-22 00:00:00-05:00,12.5,12.579999923706055,11.890000343322754,11.9399995803833,1172800,0.0,0.0
2022-02-23 00:00:00-05:00,11.670000076293945,11.9399995803833,10.670000076293945,10.789999961853027,1808900,0.0,0.0
2022-02-24 00:00:00-05:00,10.819999694824219,11.979999542236328,10.819999694824219,11.9399995803833,1752000,0.0,0.0
2022-02-25 00:00:00-05:00,11.899999618530273,12.1899995803833,11.470000267028809,11.930000305175781,1025000,0.0,0.0
2022-02-28 00:00:00-05:00,11.970000267028809,12.899999618530273,11.899999618530273,12.770000457763672,1226500,0.0,0.0
2022-03-01 00:00:00-05:00,12.960000038146973,13.1899995803833,12.180000305175781,12.399999618530273,1098500,0.0,0.0
2022-03-02 00:00:00-05:00,12.710000038146973,13.15999984741211,12.699999809265137,13.039999961853027,933800,0.0,0.0
2022-03-03 00:00:00-05:00,12.949999809265137,13.390000343322754,12.66100025177002,13.350000381469727,1465200,0.0,0.0
2022-03-04 00:00:00-05:00,13.390000343322754,14.0,13.1899995803833,13.880000114440918,1245100,0.0,0.0
2022-03-07 00:00:00-05:00,14.1899995803833,16.048999786376953,14.0,14.699999809265137,2682900,0.0,0.0
2022-03-08 00:00:00-05:00,15.029999732971191,15.420000076293945,14.390000343322754,14.930000305175781,3091900,0.0,0.0
2022-03-09 00:00:00-05:00,14.1899995803833,14.460000038146973,13.460000038146973,14.239999771118164,2097900,0.0,0.0
2022-03-10 00:00:00-05:00,14.380000114440918,14.880000114440918,14.199999809265137,14.8100004196167,2314800,0.0,0.0
2022-03-11 00:00:00-05:00,14.59000015258789,14.9399995803833,14.104999542236328,14.529999732971191,1152600,0.0,0.0
2022-03-14 00:00:00-04:00,14.109999656677246,14.109999656677246,12.949999809265137,13.460000038146973,1510300,0.0,0.0
2022-03-15 00:00:00-04:00,12.930000305175781,13.430000305175781,12.789999961853027,12.90999984741211,1374300,0.0,0.0
2022-03-16 00:00:00-04:00,12.989999771118164,13.15999984741211,12.399999618530273,12.75,1126500,0.0,0.0
2022-03-17 00:00:00-04:00,12.970000267028809,13.680000305175781,12.829999923706055,13.289999961853027,1368600,0.0,0.0
2022-03-18 00:00:00-04:00,13.300000190734863,13.489999771118164,12.90999984741211,13.279999732971191,2828300,0.0,0.0
2022-03-21 00:00:00-04:00,13.65999984741211,14.119999885559082,13.614999771118164,13.899999618530273,1086700,0.0,0.0
2022-03-22 00:00:00-04:00,13.819999694824219,14.180000305175781,13.670000076293945,13.850000381469727,594500,0.0,0.0
2022-03-23 00:00:00-04:00,14.149999618530273,14.380000114440918,13.729999542236328,13.739999771118164,1017400,0.0,0.0
2022-03-24 00:00:00-04:00,13.75,14.279999732971191,13.75,13.9399995803833,736400,0.0,0.0
2022-03-25 00:00:00-04:00,13.869999885559082,14.675000190734863,13.84000015258789,14.579999923706055,1817600,0.0,0.0
2022-03-28 00:00:00-04:00,14.15999984741211,14.350000381469727,13.489999771118164,13.640000343322754,921700,0.0,0.0
2022-03-29 00:00:00-04:00,13.25,13.9399995803833,12.859999656677246,13.779999732971191,3357400,0.0,0.0
2022-03-30 00:00:00-04:00,14.09000015258789,14.479999542236328,13.880000114440918,14.050000190734863,826900,0.0,0.0
2022-03-31 00:00:00-04:00,13.649999618530273,14.399999618530273,13.520000457763672,13.930000305175781,1361700,0.0,0.0
2022-04-01 00:00:00-04:00,13.829999923706055,14.5,13.680000305175781,14.319999694824219,1222500,0.0,0.0
2022-04-04 00:00:00-04:00,14.460000038146973,14.920000076293945,13.850000381469727,14.430000305175781,1349400,0.0,0.0
2022-04-05 00:00:00-04:00,14.479999542236328,14.930000305175781,13.800000190734863,13.899999618530273,888100,0.0,0.0
2022-04-06 00:00:00-04:00,14.149999618530273,14.319999694824219,13.64900016784668,13.770000457763672,911200,0.0,0.0
2022-04-07 00:00:00-04:00,13.84000015258789,14.09000015258789,13.300000190734863,14.0,846000,0.0,0.0
2022-04-08 00:00:00-04:00,14.210000038146973,14.850000381469727,14.109999656677246,14.850000381469727,1008000,0.0,0.0
2022-04-11 00:00:00-04:00,14.529999732971191,14.847999572753906,14.229999542236328,14.449999809265137,1231800,0.0,0.0
2022-04-12 00:00:00-04:00,14.819999694824219,15.699999809265137,14.819999694824219,15.170000076293945,1257100,0.0,0.0
2022-04-13 00:00:00-04:00,15.5,15.708999633789062,14.925000190734863,15.329999923706055,731400,0.0,0.0
2022-04-14 00:00:00-04:00,15.25,15.774999618530273,15.09000015258789,15.65999984741211,599100,0.0,0.0
2022-04-18 00:00:00-04:00,15.9399995803833,16.280000686645508,15.520000457763672,15.75,686800,0.0,0.0
2022-04-19 00:00:00-04:00,15.619999885559082,16.110000610351562,15.449999809265137,16.049999237060547,970000,0.0,0.0
2022-04-20 00:00:00-04:00,16.1200008392334,16.34000015258789,15.619999885559082,16.229999542236328,1340100,0.0,0.0
2022-04-21 00:00:00-04:00,16.850000381469727,16.924999237060547,14.970000267028809,15.319999694824219,2296500,0.0,0.0
2022-04-22 00:00:00-04:00,15.199999809265137,15.430000305175781,14.350000381469727,14.359999656677246,1273500,0.0,0.0
2022-04-25 00:00:00-04:00,13.789999961853027,14.09000015258789,12.720000267028809,13.680000305175781,1518100,0.0,0.0
2022-04-26 00:00:00-04:00,13.640000343322754,14.550000190734863,13.600000381469727,13.8100004196167,1198900,0.0,0.0
2022-04-27 00:00:00-04:00,13.890000343322754,14.149999618530273,13.5600004196167,13.869999885559082,706700,0.0,0.0
2022-04-28 00:00:00-04:00,14.109999656677246,14.529999732971191,13.210000038146973,14.260000228881836,869300,0.0,0.0
2022-04-29 00:00:00-04:00,14.1899995803833,14.510000228881836,13.90999984741211,14.140000343322754,1751900,0.0,0.0
2022-05-02 00:00:00-04:00,14.0,14.40999984741211,13.670000076293945,14.180000305175781,902700,0.0,0.0
2022-05-03 00:00:00-04:00,14.1899995803833,14.489999771118164,14.020000457763672,14.210000038146973,969500,0.0,0.0
2022-05-04 00:00:00-04:00,14.579999923706055,14.760000228881836,13.0600004196167,13.880000114440918,2054800,0.0,0.0
2022-05-05 00:00:00-04:00,14.140000343322754,14.1899995803833,12.59000015258789,13.1899995803833,1723700,0.0,0.0
2022-05-06 00:00:00-04:00,13.449999809265137,13.579999923706055,13.0600004196167,13.449999809265137,1506300,0.0,0.0
2022-05-09 00:00:00-04:00,13.119999885559082,13.170000076293945,12.050000190734863,12.199999809265137,2740700,0.0,0.0
2022-05-10 00:00:00-04:00,12.380000114440918,12.670000076293945,11.699999809265137,11.989999771118164,2337800,0.0,0.0
2022-05-11 00:00:00-04:00,12.34000015258789,13.1899995803833,12.140000343322754,12.170000076293945,1618500,0.0,0.0
2022-05-12 00:00:00-04:00,12.029999732971191,12.520000457763672,11.789999961853027,12.289999961853027,960600,0.0,0.0
2022-05-13 00:00:00-04:00,12.489999771118164,12.880000114440918,12.34000015258789,12.699999809265137,1700100,0.0,0.0
2022-05-16 00:00:00-04:00,12.8100004196167,13.229999542236328,12.8100004196167,13.140000343322754,1184200,0.0,0.0
2022-05-17 00:00:00-04:00,13.079999923706055,13.359999656677246,12.829999923706055,12.899999618530273,1012200,0.0,0.0
2022-05-18 00:00:00-04:00,13.100000381469727,13.220000267028809,12.039999961853027,12.260000228881836,1315800,0.0,0.0
2022-05-19 00:00:00-04:00,11.760000228881836,12.4399995803833,11.729999542236328,12.020000457763672,1217900,0.0,0.0
2022-05-20 00:00:00-04:00,12.210000038146973,12.34000015258789,11.6899995803833,11.949999809265137,747000,0.0,0.0
2022-05-23 00:00:00-04:00,12.09000015258789,12.510000228881836,11.880000114440918,12.430000305175781,693200,0.0,0.0
2022-05-24 00:00:00-04:00,12.15999984741211,12.720000267028809,12.020000457763672,12.619999885559082,694000,0.0,0.0
2022-05-25 00:00:00-04:00,12.600000381469727,13.010000228881836,12.579999923706055,12.880000114440918,1010800,0.0,0.0
2022-05-26 00:00:00-04:00,12.5600004196167,12.880000114440918,12.359999656677246,12.779999732971191,1633400,0.0,0.0
2022-05-27 00:00:00-04:00,12.680000305175781,13.069999694824219,12.5,12.989999771118164,779800,0.0,0.0
2022-05-31 00:00:00-04:00,13.1899995803833,13.869999885559082,12.8100004196167,13.050000190734863,1463900,0.0,0.0
2022-06-01 00:00:00-04:00,13.34000015258789,13.779999732971191,13.180000305175781,13.569999694824219,1246400,0.0,0.0
2022-06-02 00:00:00-04:00,13.470000267028809,13.710000038146973,13.289999961853027,13.300000190734863,1305600,0.0,0.0
2022-06-03 00:00:00-04:00,13.359999656677246,13.579999923706055,13.050000190734863,13.359999656677246,1300400,0.0,0.0
2022-06-06 00:00:00-04:00,13.550000190734863,13.880000114440918,13.350000381469727,13.859999656677246,949100,0.0,0.0
2022-06-07 00:00:00-04:00,13.800000190734863,14.100000381469727,13.600000381469727,13.930000305175781,1079100,0.0,0.0
2022-06-08 00:00:00-04:00,14.0600004196167,14.335000038146973,13.729999542236328,14.220000267028809,1656900,0.0,0.0
2022-06-09 00:00:00-04:00,14.029999732971191,14.149999618530273,13.460000038146973,13.819999694824219,1307900,0.0,0.0
2022-06-10 00:00:00-04:00,13.539999961853027,13.619999885559082,12.949999809265137,13.479999542236328,1811000,0.0,0.0
2022-06-13 00:00:00-04:00,13.079999923706055,13.170000076293945,12.489999771118164,12.829999923706055,2439600,0.0,0.0
2022-06-14 00:00:00-04:00,13.170000076293945,13.319999694824219,12.539999961853027,12.84000015258789,2145300,0.0,0.0
2022-06-15 00:00:00-04:00,12.739999771118164,12.9399995803833,12.329999923706055,12.460000038146973,1347700,0.0,0.0
2022-06-16 00:00:00-04:00,12.109999656677246,12.425000190734863,11.920000076293945,12.1899995803833,1989400,0.0,0.0
2022-06-17 00:00:00-04:00,12.15999984741211,12.300000190734863,10.949999809265137,11.039999961853027,3882200,0.0,0.0
2022-06-21 00:00:00-04:00,11.260000228881836,11.779999732971191,11.119999885559082,11.489999771118164,1333400,0.0,0.0
2022-06-22 00:00:00-04:00,10.739999771118164,10.90999984741211,10.34000015258789,10.380000114440918,1921800,0.0,0.0
2022-06-23 00:00:00-04:00,10.34000015258789,10.390000343322754,9.305000305175781,9.449999809265137,1863100,0.0,0.0
2022-06-24 00:00:00-04:00,9.510000228881836,9.9399995803833,9.420000076293945,9.619999885559082,2036400,0.0,0.0
2022-06-27 00:00:00-04:00,9.789999961853027,10.180000305175781,9.59000015258789,10.180000305175781,1780200,0.0,0.0
2022-06-28 00:00:00-04:00,10.489999771118164,10.529999732971191,10.0,10.350000381469727,2204800,0.0,0.0
2022-06-29 00:00:00-04:00,10.5600004196167,10.579999923706055,10.100000381469727,10.210000038146973,1759800,0.0,0.0
2022-06-30 00:00:00-04:00,9.869999885559082,10.180000305175781,9.720000267028809,10.0,1295000,0.0,0.0
2022-07-01 00:00:00-04:00,10.09000015258789,10.239999771118164,9.470000267028809,10.0600004196167,904000,0.0,0.0
2022-07-05 00:00:00-04:00,9.760000228881836,10.010000228881836,8.625,8.890000343322754,2084000,0.0,0.0
2022-07-06 00:00:00-04:00,8.720000267028809,8.979999542236328,8.21500015258789,8.529999732971191,1391400,0.0,0.0
2022-07-07 00:00:00-04:00,8.859999656677246,9.34000015258789,8.850000381469727,9.199999809265137,1885600,0.0,0.0
2022-07-08 00:00:00-04:00,9.34000015258789,9.34000015258789,9.010000228881836,9.170000076293945,1072800,0.0,0.0
2022-07-11 00:00:00-04:00,9.020000457763672,9.170000076293945,8.699999809265137,8.890000343322754,904800,0.0,0.0
2022-07-12 00:00:00-04:00,8.59000015258789,8.8100004196167,8.399999618530273,8.770000457763672,983000,0.0,0.0
2022-07-13 00:00:00-04:00,8.6899995803833,9.010000228881836,8.619999885559082,8.819999694824219,1100100,0.0,0.0
2022-07-14 00:00:00-04:00,8.40999984741211,8.635000228881836,8.199999809265137,8.609999656677246,801600,0.0,0.0
2022-07-15 00:00:00-04:00,8.859999656677246,8.869999885559082,8.520000457763672,8.779999732971191,749000,0.0,0.0
2022-07-18 00:00:00-04:00,9.020000457763672,9.260000228881836,9.010000228881836,9.149999618530273,963000,0.0,0.0
2022-07-19 00:00:00-04:00,9.170000076293945,9.470000267028809,9.140000343322754,9.40999984741211,1344500,0.0,0.0
2022-07-20 00:00:00-04:00,9.300000190734863,9.649999618530273,9.190999984741211,9.630000114440918,972900,0.0,0.0
2022-07-21 00:00:00-04:00,9.229999542236328,9.319999694824219,8.649999618530273,9.0,1183300,0.0,0.0
2022-07-22 00:00:00-04:00,9.079999923706055,9.369999885559082,8.670000076293945,8.789999961853027,896300,0.0,0.0
2022-07-25 00:00:00-04:00,8.949999809265137,9.5600004196167,8.859999656677246,9.550000190734863,1304700,0.0,0.0
2022-07-26 00:00:00-04:00,9.739999771118164,9.949999809265137,9.479999542236328,9.65999984741211,1005300,0.0,0.0
2022-07-27 00:00:00-04:00,9.869999885559082,10.319999694824219,9.770000457763672,10.300000190734863,1684100,0.0,0.0
2022-07-28 00:00:00-04:00,10.40999984741211,10.510000228881836,9.90999984741211,10.239999771118164,969300,0.0,0.0
2022-07-29 00:00:00-04:00,10.430000305175781,10.930000305175781,10.329999923706055,10.520000457763672,1459300,0.0,0.0
2022-08-01 00:00:00-04:00,10.170000076293945,10.260000228881836,9.90999984741211,10.09000015258789,969000,0.0,0.0
2022-08-02 00:00:00-04:00,10.069999694824219,10.279999732971191,9.720000267028809,9.75,4715300,0.0,0.0
2022-08-03 00:00:00-04:00,9.75,9.819999694824219,8.210000038146973,8.539999961853027,2778800,0.0,0.0
2022-08-04 00:00:00-04:00,8.579999923706055,8.579999923706055,8.0,8.050000190734863,2409800,0.0,0.0
2022-08-05 00:00:00-04:00,7.96999979019165,8.819999694824219,7.929999828338623,8.4399995803833,1867600,0.0,0.0
2022-08-08 00:00:00-04:00,8.40999984741211,8.550000190734863,8.149999618530273,8.199999809265137,1539400,0.0,0.0
2022-08-09 00:00:00-04:00,8.289999961853027,8.569999694824219,8.210000038146973,8.420000076293945,1086900,0.0,0.0
2022-08-10 00:00:00-04:00,8.4399995803833,8.489999771118164,8.0600004196167,8.350000381469727,745300,0.0,0.0
2022-08-11 00:00:00-04:00,8.630000114440918,8.875,8.5,8.800000190734863,1219900,0.0,0.0
2022-08-12 00:00:00-04:00,8.8100004196167,9.15999984741211,8.6899995803833,9.109999656677246,1262100,0.0,0.0
2022-08-15 00:00:00-04:00,8.550000190734863,8.760000228881836,8.25,8.75,980900,0.0,0.0
2022-08-16 00:00:00-04:00,8.829999923706055,8.970000267028809,8.390000343322754,8.569999694824219,1674500,0.0,0.0
2022-08-17 00:00:00-04:00,8.470000267028809,8.84000015258789,8.470000267028809,8.640000343322754,1023300,0.0,0.0
2022-08-18 00:00:00-04:00,8.84000015258789,9.180000305175781,8.75,9.119999885559082,1653500,0.0,0.0
2022-08-19 00:00:00-04:00,8.989999771118164,9.239999771118164,8.829999923706055,9.069999694824219,1163300,0.0,0.0
2022-08-22 00:00:00-04:00,8.90999984741211,9.104999542236328,8.619999885559082,9.0600004196167,1339300,0.0,0.0
2022-08-23 00:00:00-04:00,9.319999694824219,9.725000381469727,9.300000190734863,9.5600004196167,1423600,0.0,0.0
2022-08-24 00:00:00-04:00,9.579999923706055,9.989999771118164,9.539999961853027,9.949999809265137,814100,0.0,0.0
2022-08-25 00:00:00-04:00,10.0,10.208999633789062,9.960000038146973,10.109999656677246,782700,0.0,0.0
2022-08-26 00:00:00-04:00,10.0,10.199999809265137,9.725000381469727,9.850000381469727,650500,0.0,0.0
2022-08-29 00:00:00-04:00,9.850000381469727,10.170000076293945,9.739999771118164,10.020000457763672,630600,0.0,0.0
2022-08-30 00:00:00-04:00,9.770000457763672,9.84000015258789,9.220000267028809,9.279999732971191,865600,0.0,0.0
2022-08-31 00:00:00-04:00,8.970000267028809,9.40999984741211,8.9399995803833,9.15999984741211,787800,0.0,0.0
2022-09-01 00:00:00-04:00,8.859999656677246,9.020000457763672,8.484999656677246,8.579999923706055,1022200,0.0,0.0
2022-09-02 00:00:00-04:00,8.930000305175781,9.130000114440918,8.75,8.979999542236328,989500,0.0,0.0
2022-09-06 00:00:00-04:00,9.140000343322754,9.260000228881836,8.729999542236328,8.819999694824219,860100,0.0,0.0
2022-09-07 00:00:00-04:00,8.529999732971191,8.640000343322754,8.109999656677246,8.539999961853027,919000,0.0,0.0
2022-09-08 00:00:00-04:00,8.609999656677246,8.6899995803833,8.40999984741211,8.539999961853027,743300,0.0,0.0
2022-09-09 00:00:00-04:00,8.850000381469727,9.100000381469727,8.800000190734863,9.100000381469727,717600,0.0,0.0
2022-09-12 00:00:00-04:00,9.300000190734863,9.40999984741211,9.055000305175781,9.300000190734863,791700,0.0,0.0
2022-09-13 00:00:00-04:00,9.119999885559082,9.3100004196167,8.664999961853027,8.729999542236328,939700,0.0,0.0
2022-09-14 00:00:00-04:00,8.819999694824219,9.430000305175781,8.819999694824219,9.319999694824219,1340400,0.0,0.0
2022-09-15 00:00:00-04:00,9.0600004196167,9.140000343322754,8.819999694824219,8.930000305175781,1174800,0.0,0.0
2022-09-16 00:00:00-04:00,8.869999885559082,8.890000343322754,8.520000457763672,8.699999809265137,2444600,0.0,0.0
2022-09-19 00:00:00-04:00,8.359999656677246,8.859999656677246,8.34000015258789,8.779999732971191,784400,0.0,0.0
2022-09-20 00:00:00-04:00,8.640000343322754,8.640000343322754,8.270000457763672,8.350000381469727,1011300,0.0,0.0
2022-09-21 00:00:00-04:00,8.59000015258789,8.649999618530273,8.204999923706055,8.25,865800,0.0,0.0
2022-09-22 00:00:00-04:00,8.4399995803833,8.579999923706055,8.114999771118164,8.130000114440918,479400,0.0,0.0
2022-09-23 00:00:00-04:00,7.679999828338623,7.679999828338623,7.300000190734863,7.440000057220459,900700,0.0,0.0
2022-09-26 00:00:00-04:00,7.400000095367432,7.650000095367432,7.25,7.349999904632568,1384900,0.0,0.0
2022-09-27 00:00:00-04:00,7.619999885559082,7.75,7.409999847412109,7.510000228881836,997500,0.0,0.0
2022-09-28 00:00:00-04:00,7.639999866485596,7.960000038146973,7.570000171661377,7.880000114440918,812400,0.0,0.0
2022-09-29 00:00:00-04:00,7.769999980926514,8.03499984741211,7.619999885559082,8.0,833300,0.0,0.0
2022-09-30 00:00:00-04:00,7.849999904632568,8.225000381469727,7.789999961853027,8.050000190734863,1380700,0.0,0.0
2022-10-03 00:00:00-04:00,8.529999732971191,8.720000267028809,8.449999809265137,8.649999618530273,1026300,0.0,0.0
2022-10-04 00:00:00-04:00,8.850000381469727,9.220000267028809,8.729999542236328,9.199999809265137,1953800,0.0,0.0
2022-10-05 00:00:00-04:00,9.210000038146973,9.989999771118164,9.109999656677246,9.880000114440918,1425800,0.0,0.0
2022-10-06 00:00:00-04:00,9.729999542236328,10.09000015258789,9.699999809265137,9.9399995803833,1020100,0.0,0.0
2022-10-07 00:00:00-04:00,9.970000267028809,10.125,9.8149995803833,10.0,916600,0.0,0.0
2022-10-10 00:00:00-04:00,9.960000038146973,10.119999885559082,9.475000381469727,9.510000228881836,1044400,0.0,0.0
2022-10-11 00:00:00-04:00,9.220000267028809,9.5,9.069999694824219,9.300000190734863,987300,0.0,0.0
2022-10-12 00:00:00-04:00,9.149999618530273,9.460000038146973,8.970000267028809,9.300000190734863,1420500,0.0,0.0
2022-10-13 00:00:00-04:00,9.15999984741211,9.9399995803833,9.130000114440918,9.850000381469727,1734200,0.0,0.0
2022-10-14 00:00:00-04:00,9.649999618530273,9.930000305175781,9.204999923706055,9.210000038146973,1300100,0.0,0.0
2022-10-17 00:00:00-04:00,9.460000038146973,9.890000343322754,9.399999618530273,9.5600004196167,1229000,0.0,0.0
2022-10-18 00:00:00-04:00,9.710000038146973,10.0,9.5600004196167,9.829999923706055,1021500,0.0,0.0
2022-10-19 00:00:00-04:00,9.960000038146973,10.71500015258789,9.859999656677246,10.630000114440918,2363200,0.0,0.0
2022-10-20 00:00:00-04:00,10.850000381469727,11.15999984741211,10.654999732971191,11.119999885559082,1784500,0.0,0.0
2022-10-21 00:00:00-04:00,11.279999732971191,11.449999809265137,11.069999694824219,11.279999732971191,1255900,0.0,0.0
2022-10-24 00:00:00-04:00,11.25,11.5600004196167,10.930000305175781,11.539999961853027,1366100,0.0,0.0
2022-10-25 00:00:00-04:00,11.420000076293945,11.600000381469727,11.069999694824219,11.119999885559082,1498900,0.0,0.0
2022-10-26 00:00:00-04:00,11.279999732971191,11.675000190734863,11.220000267028809,11.550000190734863,1256000,0.0,0.0
2022-10-27 00:00:00-04:00,11.829999923706055,12.079999923706055,11.3149995803833,11.430000305175781,1252600,0.0,0.0
2022-10-28 00:00:00-04:00,11.609999656677246,11.755000114440918,11.020000457763672,11.470000267028809,846500,0.0,0.0
2022-10-31 00:00:00-04:00,11.3100004196167,12.0,11.220000267028809,11.84000015258789,1631500,0.0,0.0
2022-11-01 00:00:00-04:00,12.109999656677246,12.279999732971191,11.789999961853027,11.859999656677246,1447800,0.0,0.0
2022-11-02 00:00:00-04:00,11.199999809265137,11.449999809265137,10.729999542236328,10.850000381469727,2460200,0.0,0.0
2022-11-03 00:00:00-04:00,10.90999984741211,11.565999984741211,10.890000343322754,11.34000015258789,1196100,0.0,0.0
2022-11-04 00:00:00-04:00,11.770000457763672,11.970000267028809,11.515000343322754,11.550000190734863,864200,0.0,0.0
2022-11-07 00:00:00-05:00,11.640000343322754,12.199999809265137,11.600000381469727,12.100000381469727,1271100,0.0,0.0
2022-11-08 00:00:00-05:00,12.029999732971191,12.079999923706055,11.600000381469727,11.829999923706055,1106100,0.0,0.0
2022-11-09 00:00:00-05:00,11.5600004196167,11.640000343322754,11.020000457763672,11.069999694824219,1278400,0.0,0.0
2022-11-10 00:00:00-05:00,11.470000267028809,11.84000015258789,11.210000038146973,11.84000015258789,1156600,0.0,0.0
2022-11-11 00:00:00-05:00,12.010000228881836,12.579999923706055,11.760000228881836,11.8100004196167,1472000,0.0,0.0
2022-11-14 00:00:00-05:00,11.779999732971191,11.84000015258789,11.319999694824219,11.329999923706055,1193700,0.0,0.0
2022-11-15 00:00:00-05:00,11.449999809265137,11.600000381469727,11.149999618530273,11.59000015258789,1289000,0.0,0.0
2022-11-16 00:00:00-05:00,11.510000228881836,11.539999961853027,11.119999885559082,11.220000267028809,1381000,0.0,0.0
2022-11-17 00:00:00-05:00,11.09000015258789,11.319999694824219,10.90999984741211,11.3100004196167,933800,0.0,0.0
2022-11-18 00:00:00-05:00,11.140000343322754,11.15999984741211,10.668999671936035,11.029999732971191,1027200,0.0,0.0
2022-11-21 00:00:00-05:00,10.6899995803833,10.930000305175781,10.154999732971191,10.90999984741211,988000,0.0,0.0
2022-11-22 00:00:00-05:00,11.100000381469727,11.390000343322754,11.029999732971191,11.199999809265137,856500,0.0,0.0
2022-11-23 00:00:00-05:00,10.890000343322754,11.015000343322754,10.729999542236328,10.979999542236328,675300,0.0,0.0
2022-11-25 00:00:00-05:00,11.010000228881836,11.154999732971191,10.859999656677246,10.930000305175781,359000,0.0,0.0
2022-11-28 00:00:00-05:00,10.510000228881836,10.760000228881836,10.470000267028809,10.529999732971191,913800,0.0,0.0
2022-11-29 00:00:00-05:00,10.760000228881836,10.875,10.600000381469727,10.8100004196167,975600,0.0,0.0
2022-11-30 00:00:00-05:00,11.020000457763672,11.109999656677246,10.574999809265137,10.979999542236328,1165600,0.0,0.0
2022-12-01 00:00:00-05:00,11.029999732971191,11.229999542236328,10.729999542236328,10.729999542236328,744900,0.0,0.0
2022-12-02 00:00:00-05:00,10.619999885559082,10.970000267028809,10.619999885559082,10.920000076293945,848900,0.0,0.0
2022-12-05 00:00:00-05:00,11.25,11.25,9.859999656677246,9.949999809265137,933500,0.0,0.0
2022-12-06 00:00:00-05:00,9.899999618530273,10.208000183105469,9.800000190734863,9.84000015258789,1193300,0.0,0.0
2022-12-07 00:00:00-05:00,9.960000038146973,10.300000190734863,9.729999542236328,9.890000343322754,1163300,0.0,0.0
2022-12-08 00:00:00-05:00,10.229999542236328,10.270000457763672,9.635000228881836,9.680000305175781,996000,0.0,0.0
2022-12-09 00:00:00-05:00,9.670000076293945,9.869999885559082,9.239999771118164,9.279999732971191,1003800,0.0,0.0
2022-12-12 00:00:00-05:00,9.34000015258789,9.930000305175781,9.34000015258789,9.779999732971191,1329100,0.0,0.0
2022-12-13 00:00:00-05:00,9.979999542236328,10.244999885559082,9.75,10.050000190734863,1556800,0.0,0.0
2022-12-14 00:00:00-05:00,10.130000114440918,10.154999732971191,9.654999732971191,10.020000457763672,1595700,0.0,0.0
2022-12-15 00:00:00-05:00,9.90999984741211,9.960000038146973,9.595000267028809,9.8100004196167,1430800,0.0,0.0
2022-12-16 00:00:00-05:00,9.449999809265137,9.71500015258789,9.369999885559082,9.6899995803833,4277200,0.0,0.0
2022-12-19 00:00:00-05:00,9.8100004196167,10.029999732971191,9.40999984741211,9.59000015258789,1505300,0.0,0.0
2022-12-20 00:00:00-05:00,9.579999923706055,10.050000190734863,9.520000457763672,10.020000457763672,1113500,0.0,0.0
2022-12-21 00:00:00-05:00,10.239999771118164,10.300000190734863,9.90999984741211,10.039999961853027,894700,0.0,0.0
2022-12-22 00:00:00-05:00,10.0600004196167,10.0600004196167,9.609999656677246,9.819999694824219,1009400,0.0,0.0
2022-12-23 00:00:00-05:00,9.930000305175781,10.300000190734863,9.850000381469727,10.279999732971191,642500,0.0,0.0
2022-12-27 00:00:00-05:00,10.449999809265137,10.5,10.194999694824219,10.34000015258789,742900,0.0,0.0
2022-12-28 00:00:00-05:00,10.300000190734863,10.3149995803833,9.805000305175781,9.829999923706055,623200,0.0,0.0
2022-12-29 00:00:00-05:00,9.760000228881836,10.300000190734863,9.689000129699707,10.279999732971191,808700,0.0,0.0
2022-12-30 00:00:00-05:00,10.149999618530273,10.385000228881836,10.130000114440918,10.369999885559082,491000,0.0,0.0
2023-01-03 00:00:00-05:00,10.350000381469727,10.350000381469727,9.335000038146973,9.510000228881836,1071900,0.0,0.0
2023-01-04 00:00:00-05:00,9.25,9.682999610900879,9.149999618530273,9.630000114440918,728300,0.0,0.0
2023-01-05 00:00:00-05:00,9.5600004196167,9.890000343322754,9.404999732971191,9.729999542236328,663400,0.0,0.0
2023-01-06 00:00:00-05:00,9.90999984741211,10.260000228881836,9.8149995803833,9.890000343322754,996000,0.0,0.0
2023-01-09 00:00:00-05:00,10.1899995803833,10.470000267028809,10.055000305175781,10.180000305175781,862700,0.0,0.0
2023-01-10 00:00:00-05:00,10.720000267028809,10.84000015258789,9.984999656677246,10.5600004196167,1654200,0.0,0.0
2023-01-11 00:00:00-05:00,10.630000114440918,10.640000343322754,10.220000267028809,10.430000305175781,1626200,0.0,0.0
2023-01-12 00:00:00-05:00,10.579999923706055,11.140000343322754,10.555000305175781,10.890000343322754,1218900,0.0,0.0
2023-01-13 00:00:00-05:00,10.829999923706055,10.979999542236328,10.640000343322754,10.899999618530273,709500,0.0,0.0
2023-01-17 00:00:00-05:00,10.65999984741211,10.869999885559082,10.295000076293945,10.329999923706055,1478200,0.0,0.0
2023-01-18 00:00:00-05:00,10.399999618530273,10.479999542236328,9.4350004196167,9.489999771118164,1638700,0.0,0.0
2023-01-19 00:00:00-05:00,9.449999809265137,9.5,9.199999809265137,9.229999542236328,1538900,0.0,0.0
2023-01-20 00:00:00-05:00,9.270000457763672,9.46500015258789,9.010000228881836,9.300000190734863,997700,0.0,0.0
2023-01-23 00:00:00-05:00,9.359999656677246,9.439000129699707,9.199999809265137,9.399999618530273,1364600,0.0,0.0
2023-01-24 00:00:00-05:00,9.40999984741211,9.515000343322754,9.210000038146973,9.279999732971191,896400,0.0,0.0
2023-01-25 00:00:00-05:00,9.289999961853027,9.770000457763672,9.029999732971191,9.649999618530273,1090800,0.0,0.0
2023-01-26 00:00:00-05:00,9.770000457763672,9.890000343322754,9.319999694824219,9.649999618530273,974700,0.0,0.0
2023-01-27 00:00:00-05:00,9.640000343322754,9.789999961853027,9.430000305175781,9.5,852700,0.0,0.0
2023-01-30 00:00:00-05:00,9.350000381469727,9.619999885559082,9.279999732971191,9.460000038146973,782200,0.0,0.0
2023-01-31 00:00:00-05:00,9.520000457763672,10.15999984741211,9.470000267028809,9.949999809265137,1251300,0.0,0.0
2023-02-01 00:00:00-05:00,9.84000015258789,10.0,9.3100004196167,9.75,1211900,0.0,0.0
2023-02-02 00:00:00-05:00,9.710000038146973,9.925000190734863,9.369999885559082,9.670000076293945,1659900,0.0,0.0
2023-02-03 00:00:00-05:00,9.720000267028809,10.149999618530273,9.680000305175781,9.739999771118164,1027600,0.0,0.0
2023-02-06 00:00:00-05:00,9.760000228881836,9.979999542236328,9.585000038146973,9.739999771118164,937100,0.0,0.0
2023-02-07 00:00:00-05:00,9.789999961853027,9.979999542236328,9.59000015258789,9.960000038146973,923800,0.0,0.0
2023-02-08 00:00:00-05:00,9.970000267028809,10.045000076293945,9.760000228881836,9.979999542236328,736200,0.0,0.0
2023-02-09 00:00:00-05:00,9.989999771118164,10.020000457763672,9.399999618530273,9.40999984741211,818700,0.0,0.0
2023-02-10 00:00:00-05:00,9.550000190734863,9.899999618530273,9.5,9.869999885559082,907800,0.0,0.0
2023-02-13 00:00:00-05:00,9.770000457763672,10.149999618530273,9.65999984741211,10.020000457763672,812000,0.0,0.0
2023-02-14 00:00:00-05:00,9.930000305175781,10.329999923706055,9.800000190734863,10.020000457763672,959600,0.0,0.0
2023-02-15 00:00:00-05:00,9.890000343322754,9.960000038146973,9.710000038146973,9.920000076293945,1437000,0.0,0.0
2023-02-16 00:00:00-05:00,9.930000305175781,10.220000267028809,9.8100004196167,9.859999656677246,2076300,0.0,0.0
2023-02-17 00:00:00-05:00,9.75,9.819999694824219,9.210000038146973,9.359999656677246,1376300,0.0,0.0
2023-02-21 00:00:00-05:00,9.380000114440918,9.510000228881836,8.920000076293945,9.050000190734863,2859800,0.0,0.0
2023-02-22 00:00:00-05:00,8.600000381469727,9.300000190734863,8.020000457763672,8.949999809265137,3392000,0.0,0.0
2023-02-23 00:00:00-05:00,9.140000343322754,9.149999618530273,8.404999732971191,8.609999656677246,1991300,0.0,0.0
2023-02-24 00:00:00-05:00,8.510000228881836,8.729999542236328,8.319999694824219,8.710000038146973,1396500,0.0,0.0
2023-02-27 00:00:00-05:00,8.8100004196167,9.079999923706055,8.694999694824219,9.069999694824219,1384800,0.0,0.0
2023-02-28 00:00:00-05:00,9.119999885559082,9.149999618530273,8.729999542236328,8.8100004196167,1719900,0.0,0.0
2023-03-01 00:00:00-05:00,8.850000381469727,9.1850004196167,8.850000381469727,9.119999885559082,1287200,0.0,0.0
2023-03-02 00:00:00-05:00,9.039999961853027,9.625,8.979999542236328,9.520000457763672,1235000,0.0,0.0
2023-03-03 00:00:00-05:00,9.470000267028809,10.119999885559082,9.40999984741211,9.890000343322754,2216600,0.0,0.0
2023-03-06 00:00:00-05:00,9.829999923706055,9.890000343322754,9.524999618530273,9.65999984741211,1220100,0.0,0.0
2023-03-07 00:00:00-05:00,9.649999618530273,9.680000305175781,9.3100004196167,9.329999923706055,1613700,0.0,0.0
2023-03-08 00:00:00-05:00,9.329999923706055,9.489999771118164,9.279999732971191,9.460000038146973,1796100,0.0,0.0
2023-03-09 00:00:00-05:00,9.510000228881836,9.609999656677246,8.90999984741211,8.949999809265137,1905500,0.0,0.0
2023-03-10 00:00:00-05:00,8.979999542236328,9.204999923706055,8.75,8.829999923706055,1878700,0.0,0.0
2023-03-13 00:00:00-04:00,8.449999809265137,8.699999809265137,8.130000114440918,8.170000076293945,1519700,0.0,0.0
2023-03-14 00:00:00-04:00,8.270000457763672,8.489999771118164,7.985000133514404,8.119999885559082,1957300,0.0,0.0
2023-03-15 00:00:00-04:00,7.690000057220459,7.820000171661377,7.204999923706055,7.289999961853027,2854100,0.0,0.0
2023-03-16 00:00:00-04:00,7.03000020980835,7.440000057220459,6.860000133514404,7.400000095367432,1718300,0.0,0.0
2023-03-17 00:00:00-04:00,7.309999942779541,7.389999866485596,7.065000057220459,7.230000019073486,4064800,0.0,0.0
2023-03-20 00:00:00-04:00,7.239999771118164,7.565000057220459,7.179999828338623,7.380000114440918,1495600,0.0,0.0
2023-03-21 00:00:00-04:00,7.650000095367432,7.829999923706055,7.5,7.539999961853027,1926800,0.0,0.0
2023-03-22 00:00:00-04:00,7.53000020980835,7.585000038146973,7.099999904632568,7.110000133514404,1497000,0.0,0.0
2023-03-23 00:00:00-04:00,7.179999828338623,7.289999961853027,6.784999847412109,6.820000171661377,2273100,0.0,0.0
2023-03-24 00:00:00-04:00,6.619999885559082,6.980000019073486,6.539999961853027,6.840000152587891,1335600,0.0,0.0
2023-03-27 00:00:00-04:00,7.090000152587891,7.34499979019165,6.900000095367432,7.289999961853027,1659100,0.0,0.0
2023-03-28 00:00:00-04:00,7.199999809265137,7.510000228881836,7.199999809265137,7.360000133514404,1349300,0.0,0.0
2023-03-29 00:00:00-04:00,7.53000020980835,7.559999942779541,7.329999923706055,7.400000095367432,1830700,0.0,0.0
2023-03-30 00:00:00-04:00,7.570000171661377,7.579999923706055,7.059999942779541,7.150000095367432,1475800,0.0,0.0
2023-03-31 00:00:00-04:00,7.210000038146973,7.28000020980835,7.099999904632568,7.190000057220459,1453300,0.0,0.0
2023-04-03 00:00:00-04:00,7.699999809265137,8.130000114440918,7.699999809265137,8.0,2973300,0.0,0.0
2023-04-04 00:00:00-04:00,8.050000190734863,8.085000038146973,7.65500020980835,7.849999904632568,2094000,0.0,0.0
2023-04-05 00:00:00-04:00,7.769999980926514,7.900000095367432,7.610000133514404,7.789999961853027,1057500,0.0,0.0
2023-04-06 00:00:00-04:00,7.829999923706055,7.829999923706055,7.659999847412109,7.710000038146973,929300,0.0,0.0
2023-04-10 00:00:00-04:00,7.71999979019165,8.069999694824219,7.71999979019165,7.840000152587891,1907300,0.0,0.0
2023-04-11 00:00:00-04:00,7.889999866485596,7.909999847412109,7.650000095367432,7.670000076293945,970600,0.0,0.0
2023-04-12 00:00:00-04:00,7.71999979019165,7.739999771118164,7.510000228881836,7.590000152587891,979200,0.0,0.0
2023-04-13 00:00:00-04:00,7.639999866485596,7.769999980926514,7.590000152587891,7.670000076293945,868500,0.0,0.0
2023-04-14 00:00:00-04:00,7.659999847412109,7.675000190734863,7.420000076293945,7.489999771118164,1168800,0.0,0.0
2023-04-17 00:00:00-04:00,7.440000057220459,7.559999942779541,7.269999980926514,7.360000133514404,1498500,0.0,0.0
2023-04-18 00:00:00-04:00,7.289999961853027,7.320000171661377,7.019999980926514,7.050000190734863,2126800,0.0,0.0
2023-04-19 00:00:00-04:00,6.960000038146973,7.070000171661377,6.789999961853027,7.0,2373500,0.0,0.0
2023-04-20 00:00:00-04:00,6.869999885559082,6.945000171661377,6.724999904632568,6.880000114440918,2301100,0.0,0.0
2023-04-21 00:00:00-04:00,6.940000057220459,6.980000019073486,6.735000133514404,6.860000133514404,1114100,0.0,0.0
2023-04-24 00:00:00-04:00,6.789999961853027,7.244999885559082,6.789999961853027,7.230000019073486,1096600,0.0,0.0
2023-04-25 00:00:00-04:00,7.010000228881836,7.09499979019165,6.789999961853027,6.809999942779541,1257200,0.0,0.0
2023-04-26 00:00:00-04:00,6.849999904632568,7.0,6.724999904632568,6.800000190734863,1744100,0.0,0.0
2023-04-27 00:00:00-04:00,6.800000190734863,6.960000038146973,6.699999809265137,6.800000190734863,1258300,0.0,0.0
2023-04-28 00:00:00-04:00,6.800000190734863,7.010000228881836,6.699999809265137,6.940000057220459,1180900,0.0,0.0
2023-05-01 00:00:00-04:00,6.800000190734863,7.21999979019165,6.75,7.179999828338623,1479500,0.0,0.0
2023-05-02 00:00:00-04:00,7.010000228881836,7.065000057220459,6.6539998054504395,6.730000019073486,3075100,0.0,0.0
2023-05-03 00:00:00-04:00,6.840000152587891,6.96999979019165,6.329999923706055,6.409999847412109,2093500,0.0,0.0
2023-05-04 00:00:00-04:00,6.349999904632568,6.690000057220459,6.329999923706055,6.630000114440918,1563600,0.0,0.0
2023-05-05 00:00:00-04:00,6.920000076293945,6.989999771118164,6.739999771118164,6.760000228881836,1325500,0.0,0.0
2023-05-08 00:00:00-04:00,6.960000038146973,7.050000190734863,6.610000133514404,6.679999828338623,1230100,0.0,0.0
2023-05-09 00:00:00-04:00,6.619999885559082,6.934999942779541,6.590000152587891,6.820000171661377,1325700,0.0,0.0
2023-05-10 00:00:00-04:00,6.909999847412109,6.920000076293945,6.610000133514404,6.690000057220459,995000,0.0,0.0
2023-05-11 00:00:00-04:00,6.539999961853027,6.690000057220459,6.480000019073486,6.630000114440918,1172600,0.0,0.0
2023-05-12 00:00:00-04:00,6.699999809265137,6.769999980926514,6.554999828338623,6.630000114440918,745700,0.0,0.0
2023-05-15 00:00:00-04:00,6.699999809265137,6.909999847412109,6.650000095367432,6.71999979019165,824500,0.0,0.0
2023-05-16 00:00:00-04:00,6.679999828338623,6.679999828338623,6.46999979019165,6.480000019073486,893600,0.0,0.0
2023-05-17 00:00:00-04:00,6.869999885559082,7.570000171661377,6.849999904632568,7.190000057220459,3136300,0.0,0.0
2023-05-18 00:00:00-04:00,7.050000190734863,7.369999885559082,6.949999809265137,7.340000152587891,1088800,0.0,0.0
2023-05-19 00:00:00-04:00,7.449999809265137,7.525000095367432,7.28000020980835,7.389999866485596,1351100,0.0,0.0
2023-05-22 00:00:00-04:00,7.389999866485596,7.704999923706055,7.360000133514404,7.590000152587891,1390400,0.0,0.0
2023-05-23 00:00:00-04:00,7.639999866485596,7.800000190734863,7.539999961853027,7.699999809265137,844400,0.0,0.0
2023-05-24 00:00:00-04:00,7.71999979019165,7.769999980926514,7.539999961853027,7.630000114440918,1059400,0.0,0.0
2023-05-25 00:00:00-04:00,7.440000057220459,7.53000020980835,7.21999979019165,7.28000020980835,919200,0.0,0.0
2023-05-26 00:00:00-04:00,7.320000171661377,7.375,7.074999809265137,7.119999885559082,717000,0.0,0.0
2023-05-30 00:00:00-04:00,6.960000038146973,7.010000228881836,6.784999847412109,6.929999828338623,992800,0.0,0.0
2023-05-31 00:00:00-04:00,6.760000228881836,6.929999828338623,6.619999885559082,6.670000076293945,1539800,0.0,0.0
2023-06-01 00:00:00-04:00,6.639999866485596,7.059999942779541,6.639999866485596,7.010000228881836,1225200,0.0,0.0
2023-06-02 00:00:00-04:00,7.230000019073486,7.610000133514404,7.130000114440918,7.510000228881836,1331800,0.0,0.0
2023-06-05 00:00:00-04:00,7.559999942779541,7.650000095367432,7.204999923706055,7.360000133514404,1117400,0.0,0.0
2023-06-06 00:00:00-04:00,7.210000038146973,7.550000190734863,7.210000038146973,7.480000019073486,1203500,0.0,0.0
2023-06-07 00:00:00-04:00,7.579999923706055,7.840000152587891,7.409999847412109,7.690000057220459,1587700,0.0,0.0
2023-06-08 00:00:00-04:00,7.659999847412109,7.929999828338623,7.659999847412109,7.889999866485596,1590900,0.0,0.0
2023-06-09 00:00:00-04:00,7.789999961853027,7.820000171661377,7.619999885559082,7.670000076293945,966900,0.0,0.0
2023-06-12 00:00:00-04:00,7.579999923706055,7.644999980926514,7.400000095367432,7.400000095367432,1122000,0.0,0.0
2023-06-13 00:00:00-04:00,7.599999904632568,8.119999885559082,7.590000152587891,8.039999961853027,2075900,0.0,0.0
2023-06-14 00:00:00-04:00,8.109999656677246,8.114999771118164,7.710000038146973,7.829999923706055,1518700,0.0,0.0
2023-06-15 00:00:00-04:00,7.829999923706055,8.104999542236328,7.7769999504089355,8.010000228881836,1522200,0.0,0.0
2023-06-16 00:00:00-04:00,8.079999923706055,8.100000381469727,7.809999942779541,7.869999885559082,2324800,0.0,0.0
2023-06-20 00:00:00-04:00,7.809999942779541,7.869999885559082,7.650000095367432,7.769999980926514,1581300,0.0,0.0
2023-06-21 00:00:00-04:00,7.670000076293945,8.039999961853027,7.670000076293945,7.860000133514404,1114100,0.0,0.0
2023-06-22 00:00:00-04:00,7.679999828338623,7.710000038146973,7.409999847412109,7.670000076293945,1304400,0.0,0.0
2023-06-23 00:00:00-04:00,7.5,7.730000019073486,7.440000057220459,7.550000190734863,2625400,0.0,0.0
2023-06-26 00:00:00-04:00,7.519999980926514,7.869999885559082,7.519999980926514,7.769999980926514,1244400,0.0,0.0
2023-06-27 00:00:00-04:00,7.670000076293945,7.929999828338623,7.650000095367432,7.889999866485596,640700,0.0,0.0
2023-06-28 00:00:00-04:00,7.880000114440918,8.024999618530273,7.739999771118164,8.0,773400,0.0,0.0
2023-06-29 00:00:00-04:00,8.039999961853027,8.260000228881836,8.039999961853027,8.130000114440918,678600,0.0,0.0
2023-06-30 00:00:00-04:00,8.25,8.329000473022461,8.095000267028809,8.239999771118164,751200,0.0,0.0
2023-07-03 00:00:00-04:00,8.270000457763672,8.489999771118164,8.25,8.430000305175781,459500,0.0,0.0
2023-07-05 00:00:00-04:00,8.489999771118164,8.579999923706055,8.229999542236328,8.489999771118164,1856400,0.0,0.0
2023-07-06 00:00:00-04:00,8.399999618530273,8.505000114440918,8.109999656677246,8.359999656677246,1089500,0.0,0.0
2023-07-07 00:00:00-04:00,8.300000190734863,9.21500015258789,8.300000190734863,9.09000015258789,1562700,0.0,0.0
2023-07-10 00:00:00-04:00,9.050000190734863,9.149999618530273,8.989999771118164,9.130000114440918,855100,0.0,0.0
2023-07-11 00:00:00-04:00,9.199999809265137,9.390000343322754,9.0600004196167,9.319999694824219,864400,0.0,0.0
2023-07-12 00:00:00-04:00,9.449999809265137,9.449999809265137,9.225000381469727,9.380000114440918,997600,0.0,0.0
2023-07-13 00:00:00-04:00,9.390000343322754,9.5649995803833,9.3100004196167,9.489999771118164,1180700,0.0,0.0
2023-07-14 00:00:00-04:00,9.470000267028809,9.470000267028809,9.180000305175781,9.239999771118164,893900,0.0,0.0
2023-07-17 00:00:00-04:00,9.140000343322754,9.479999542236328,9.140000343322754,9.270000457763672,954300,0.0,0.0
2023-07-18 00:00:00-04:00,9.359999656677246,9.699999809265137,9.289999961853027,9.649999618530273,986900,0.0,0.0
2023-07-19 00:00:00-04:00,9.890000343322754,10.369999885559082,9.65999984741211,10.239999771118164,2718500,0.0,0.0
2023-07-20 00:00:00-04:00,10.300000190734863,10.34000015258789,9.755000114440918,9.930000305175781,1467400,0.0,0.0
2023-07-21 00:00:00-04:00,9.949999809265137,9.989999771118164,9.729999542236328,9.84000015258789,800600,0.0,0.0
2023-07-24 00:00:00-04:00,9.819999694824219,10.239999771118164,9.8100004196167,10.170000076293945,1246900,0.0,0.0
2023-07-25 00:00:00-04:00,10.170000076293945,10.34000015258789,10.020000457763672,10.199999809265137,790800,0.0,0.0
2023-07-26 00:00:00-04:00,10.100000381469727,10.300000190734863,10.0600004196167,10.25,867600,0.0,0.0
2023-07-27 00:00:00-04:00,10.300000190734863,10.3100004196167,9.960000038146973,10.0,1186800,0.0,0.0
2023-07-28 00:00:00-04:00,10.050000190734863,10.170000076293945,9.930000305175781,10.039999961853027,986400,0.0,0.0
2023-07-31 00:00:00-04:00,10.100000381469727,10.489999771118164,10.100000381469727,10.4399995803833,1069100,0.0,0.0
2023-08-01 00:00:00-04:00,10.420000076293945,10.600000381469727,10.180000305175781,10.59000015258789,1122300,0.0,0.0
2023-08-02 00:00:00-04:00,10.449999809265137,10.569999694824219,9.40999984741211,9.460000038146973,2411100,0.0,0.0
2023-08-03 00:00:00-04:00,9.40999984741211,9.890000343322754,9.369999885559082,9.770000457763672,1396100,0.0,0.0
2023-08-04 00:00:00-04:00,9.8100004196167,10.074999809265137,9.744999885559082,9.949999809265137,981400,0.0,0.0
2023-08-07 00:00:00-04:00,9.899999618530273,10.125,9.880000114440918,9.970000267028809,1191100,0.0,0.0
2023-08-08 00:00:00-04:00,9.720000267028809,10.180000305175781,9.640000343322754,10.170000076293945,840600,0.0,0.0
2023-08-09 00:00:00-04:00,10.170000076293945,10.484999656677246,10.020000457763672,10.289999961853027,1209800,0.0,0.0
2023-08-10 00:00:00-04:00,10.149999618530273,10.385000228881836,10.039999961853027,10.140000343322754,702400,0.0,0.0
2023-08-11 00:00:00-04:00,10.149999618530273,10.515000343322754,10.119999885559082,10.270000457763672,983600,0.0,0.0
2023-08-14 00:00:00-04:00,10.130000114440918,10.220000267028809,10.005000114440918,10.180000305175781,587900,0.0,0.0
2023-08-15 00:00:00-04:00,10.0600004196167,10.130000114440918,9.920000076293945,9.930000305175781,608600,0.0,0.0
2023-08-16 00:00:00-04:00,9.899999618530273,10.1899995803833,9.899999618530273,9.960000038146973,1112400,0.0,0.0
2023-08-17 00:00:00-04:00,10.149999618530273,10.269000053405762,10.010000228881836,10.050000190734863,682700,0.0,0.0
2023-08-18 00:00:00-04:00,9.880000114440918,10.149999618530273,9.85099983215332,10.029999732971191,743600,0.0,0.0
2023-08-21 00:00:00-04:00,10.069999694824219,10.25,9.899999618530273,10.010000228881836,745200,0.0,0.0
2023-08-22 00:00:00-04:00,9.890000343322754,10.020000457763672,9.770000457763672,9.779999732971191,564300,0.0,0.0
2023-08-23 00:00:00-04:00,9.630000114440918,9.920000076293945,9.550000190734863,9.789999961853027,663400,0.0,0.0
2023-08-24 00:00:00-04:00,9.739999771118164,9.9399995803833,9.699999809265137,9.770000457763672,984700,0.0,0.0
2023-08-25 00:00:00-04:00,9.84000015258789,9.880000114440918,9.569999694824219,9.75,837400,0.0,0.0
2023-08-28 00:00:00-04:00,9.770000457763672,10.050000190734863,9.640000343322754,9.699999809265137,819600,0.0,0.0
2023-08-29 00:00:00-04:00,9.779999732971191,9.795000076293945,9.630000114440918,9.670000076293945,741500,0.0,0.0
2023-08-30 00:00:00-04:00,9.699999809265137,9.720000267028809,9.550000190734863,9.5600004196167,857400,0.0,0.0
2023-08-31 00:00:00-04:00,9.600000381469727,9.680000305175781,9.420000076293945,9.640000343322754,1253700,0.0,0.0
2023-09-01 00:00:00-04:00,9.850000381469727,10.149999618530273,9.850000381469727,10.050000190734863,1103300,0.0,0.0
2023-09-05 00:00:00-04:00,10.119999885559082,10.210000038146973,9.831000328063965,9.90999984741211,1153200,0.0,0.0
2023-09-06 00:00:00-04:00,9.899999618530273,10.069999694824219,9.84000015258789,9.970000267028809,931400,0.0,0.0
2023-09-07 00:00:00-04:00,9.930000305175781,10.079999923706055,9.829999923706055,10.079999923706055,1360500,0.0,0.0
2023-09-08 00:00:00-04:00,9.739999771118164,9.994999885559082,9.579000473022461,9.960000038146973,5462800,0.0,0.0
2023-09-11 00:00:00-04:00,10.039999961853027,10.28499984741211,9.930000305175781,10.140000343322754,3189200,0.0,0.0
2023-09-12 00:00:00-04:00,10.289999961853027,10.59000015258789,10.229999542236328,10.279999732971191,2508500,0.0,0.0
2023-09-13 00:00:00-04:00,10.300000190734863,10.324999809265137,10.0600004196167,10.199999809265137,1703100,0.0,0.0
2023-09-14 00:00:00-04:00,10.369999885559082,10.649999618530273,10.369999885559082,10.539999961853027,2047800,0.0,0.0
2023-09-15 00:00:00-04:00,10.460000038146973,10.569999694824219,10.270000457763672,10.520000457763672,6747000,0.0,0.0
2023-09-18 00:00:00-04:00,10.720000267028809,11.100000381469727,10.604999542236328,10.649999618530273,1968700,0.0,0.0
2023-09-19 00:00:00-04:00,10.789999961853027,10.824999809265137,10.305000305175781,10.350000381469727,1134600,0.0,0.0
2023-09-20 00:00:00-04:00,10.319999694824219,10.607999801635742,10.319999694824219,10.319999694824219,1165500,0.0,0.0
2023-09-21 00:00:00-04:00,10.369999885559082,10.369999885559082,9.9350004196167,10.0,1171100,0.0,0.0
2023-09-22 00:00:00-04:00,10.09000015258789,10.289999961853027,10.050000190734863,10.119999885559082,1092400,0.0,0.0
2023-09-25 00:00:00-04:00,10.050000190734863,10.359999656677246,10.050000190734863,10.279999732971191,1214200,0.0,0.0
2023-09-26 00:00:00-04:00,10.109999656677246,10.40999984741211,10.0600004196167,10.130000114440918,1528500,0.0,0.0
2023-09-27 00:00:00-04:00,10.369999885559082,10.899999618530273,10.369999885559082,10.800000190734863,1257700,0.0,0.0
2023-09-28 00:00:00-04:00,10.800000190734863,11.045000076293945,10.755000114440918,10.84000015258789,1503800,0.0,0.0
2023-09-29 00:00:00-04:00,10.800000190734863,10.8100004196167,10.5,10.630000114440918,1356700,0.0,0.0
2023-10-02 00:00:00-04:00,10.630000114440918,10.640000343322754,9.930000305175781,10.020000457763672,1355200,0.0,0.0
2023-10-03 00:00:00-04:00,9.819999694824219,10.0600004196167,9.800000190734863,10.0,986700,0.0,0.0
2023-10-04 00:00:00-04:00,9.779999732971191,9.845000267028809,9.295000076293945,9.359999656677246,1347300,0.0,0.0
2023-10-05 00:00:00-04:00,9.170000076293945,9.399999618530273,9.03499984741211,9.15999984741211,2008300,0.0,0.0
2023-10-06 00:00:00-04:00,9.1899995803833,9.479999542236328,9.069999694824219,9.319999694824219,1209300,0.0,0.0
2023-10-09 00:00:00-04:00,9.670000076293945,10.140000343322754,9.600000381469727,10.069999694824219,1851000,0.0,0.0
2023-10-10 00:00:00-04:00,10.09000015258789,10.274999618530273,9.970000267028809,10.15999984741211,1063300,0.0,0.0
2023-10-11 00:00:00-04:00,10.010000228881836,10.239999771118164,9.869999885559082,10.239999771118164,1609800,0.0,0.0
2023-10-12 00:00:00-04:00,10.460000038146973,10.460000038146973,10.029999732971191,10.1899995803833,1034700,0.0,0.0
2023-10-13 00:00:00-04:00,10.390000343322754,10.550000190734863,10.154999732971191,10.40999984741211,1232300,0.0,0.0
2023-10-16 00:00:00-04:00,10.479999542236328,10.59000015258789,10.335000038146973,10.369999885559082,851800,0.0,0.0
2023-10-17 00:00:00-04:00,10.3100004196167,10.84000015258789,10.291000366210938,10.729999542236328,1072200,0.0,0.0
2023-10-18 00:00:00-04:00,10.819999694824219,10.930000305175781,10.710000038146973,10.770000457763672,997500,0.0,0.0
2023-10-19 00:00:00-04:00,10.710000038146973,10.949999809265137,10.539999961853027,10.829999923706055,1941600,0.0,0.0
2023-10-20 00:00:00-04:00,10.8100004196167,10.960000038146973,10.489999771118164,10.6899995803833,1631700,0.0,0.0
2023-10-23 00:00:00-04:00,10.600000381469727,10.765000343322754,10.520000457763672,10.59000015258789,1223700,0.0,0.0
2023-10-24 00:00:00-04:00,10.630000114440918,10.850000381469727,10.53499984741211,10.720000267028809,1808000,0.0,0.0
2023-10-25 00:00:00-04:00,10.680000305175781,10.829999923706055,10.539999961853027,10.699999809265137,1662100,0.0,0.0
2023-10-26 00:00:00-04:00,10.550000190734863,10.569999694824219,10.255000114440918,10.460000038146973,1076300,0.0,0.0
2023-10-27 00:00:00-04:00,10.5600004196167,10.609999656677246,10.359999656677246,10.510000228881836,1160100,0.0,0.0
2023-10-30 00:00:00-04:00,10.520000457763672,10.699999809265137,10.28499984741211,10.4399995803833,1065700,0.0,0.0
2023-10-31 00:00:00-04:00,10.420000076293945,10.5649995803833,10.279999732971191,10.479999542236328,2223700,0.0,0.0
2023-11-01 00:00:00-04:00,10.9399995803833,11.369999885559082,9.970000267028809,10.479999542236328,4137200,0.0,0.0
2023-11-02 00:00:00-04:00,10.279999732971191,10.53499984741211,9.954999923706055,10.119999885559082,2899800,0.0,0.0
2023-11-03 00:00:00-04:00,10.210000038146973,10.619999885559082,10.180000305175781,10.220000267028809,3455700,0.0,0.0
2023-11-06 00:00:00-05:00,10.270000457763672,10.319999694824219,9.734999656677246,9.819999694824219,1913900,0.0,0.0
2023-11-07 00:00:00-05:00,9.609999656677246,9.609999656677246,9.119999885559082,9.1899995803833,2397500,0.0,0.0
2023-11-08 00:00:00-05:00,9.140000343322754,9.505000114440918,9.020000457763672,9.130000114440918,3147200,0.0,0.0
2023-11-09 00:00:00-05:00,9.199999809265137,9.350000381469727,9.024999618530273,9.079999923706055,1585000,0.0,0.0
2023-11-10 00:00:00-05:00,9.1899995803833,9.3100004196167,9.020000457763672,9.149999618530273,1531200,0.0,0.0
2023-11-13 00:00:00-05:00,9.109999656677246,9.4399995803833,9.039999961853027,9.399999618530273,1483000,0.0,0.0
2023-11-14 00:00:00-05:00,9.5,9.649999618530273,9.40999984741211,9.619999885559082,1304500,0.0,0.0
2023-11-15 00:00:00-05:00,9.5600004196167,9.890000343322754,9.399999618530273,9.430000305175781,1158500,0.0,0.0
2023-11-16 00:00:00-05:00,9.300000190734863,9.359999656677246,8.885000228881836,9.109999656677246,1283000,0.0,0.0
2023-11-17 00:00:00-05:00,9.279999732971191,9.354999542236328,9.149999618530273,9.289999961853027,1199400,0.0,0.0
2023-11-20 00:00:00-05:00,9.420000076293945,9.510000228881836,9.270000457763672,9.34000015258789,1163000,0.0,0.0
2023-11-21 00:00:00-05:00,9.279999732971191,9.279999732971191,9.010000228881836,9.170000076293945,1280100,0.0,0.0
2023-11-22 00:00:00-05:00,8.949999809265137,9.25,8.739999771118164,9.180000305175781,1065300,0.0,0.0
2023-11-24 00:00:00-05:00,9.229999542236328,9.359999656677246,9.130000114440918,9.239999771118164,546700,0.0,0.0
2023-11-27 00:00:00-05:00,9.229999542236328,9.229999542236328,9.057000160217285,9.170000076293945,730600,0.0,0.0
2023-11-28 00:00:00-05:00,9.180000305175781,9.229999542236328,9.019000053405762,9.109999656677246,900600,0.0,0.0
2023-11-29 00:00:00-05:00,9.229999542236328,9.25,9.050000190734863,9.15999984741211,1189100,0.0,0.0
2023-11-30 00:00:00-05:00,9.25,9.489999771118164,9.0600004196167,9.109999656677246,1081300,0.0,0.0
2023-12-01 00:00:00-05:00,9.069999694824219,9.274999618530273,8.989999771118164,9.109999656677246,1025500,0.0,0.0
2023-12-04 00:00:00-05:00,9.039999961853027,9.100000381469727,8.869999885559082,9.069999694824219,1039400,0.0,0.0
2023-12-05 00:00:00-05:00,9.09000015258789,9.09000015258789,8.770000457763672,8.779999732971191,1320400,0.0,0.0
2023-12-06 00:00:00-05:00,8.710000038146973,8.869999885559082,8.28499984741211,8.329999923706055,2030700,0.0,0.0
2023-12-07 00:00:00-05:00,8.329999923706055,8.470000267028809,8.25,8.279999732971191,2255500,0.0,0.0
2023-12-08 00:00:00-05:00,8.420000076293945,8.479999542236328,8.194999694824219,8.369999885559082,2164700,0.0,0.0
2023-12-11 00:00:00-05:00,8.390000343322754,8.5,8.204999923706055,8.229999542236328,2331200,0.0,0.0
2023-12-12 00:00:00-05:00,8.09000015258789,8.319999694824219,7.900000095367432,8.229999542236328,2909100,0.0,0.0
2023-12-13 00:00:00-05:00,8.279999732971191,8.479999542236328,8.119999885559082,8.470000267028809,2439200,0.0,0.0
2023-12-14 00:00:00-05:00,8.6899995803833,8.859999656677246,8.40999984741211,8.59000015258789,2188500,0.0,0.0
2023-12-15 00:00:00-05:00,8.5600004196167,8.59000015258789,8.300000190734863,8.529999732971191,4085300,0.0,0.0
2023-12-18 00:00:00-05:00,8.729999542236328,8.880000114440918,8.399999618530273,8.420000076293945,1156500,0.0,0.0
2023-12-19 00:00:00-05:00,8.539999961853027,8.645000457763672,8.444999694824219,8.579999923706055,1087100,0.0,0.0
2023-12-20 00:00:00-05:00,8.609999656677246,8.8100004196167,8.430000305175781,8.460000038146973,1525400,0.0,0.0
2023-12-21 00:00:00-05:00,8.420000076293945,8.550000190734863,8.41100025177002,8.489999771118164,843200,0.0,0.0
2023-12-22 00:00:00-05:00,8.609999656677246,8.6899995803833,8.430000305175781,8.470000267028809,877400,0.0,0.0
2023-12-26 00:00:00-05:00,8.609999656677246,8.704999923706055,8.524999618530273,8.630000114440918,1158400,0.0,0.0
2023-12-27 00:00:00-05:00,8.579999923706055,8.6899995803833,8.5,8.539999961853027,926900,0.0,0.0
2023-12-28 00:00:00-05:00,8.5,8.527000427246094,8.395000457763672,8.449999809265137,824500,0.0,0.0
2023-12-29 00:00:00-05:00,8.4399995803833,8.460000038146973,8.335000038146973,8.380000114440918,801900,0.0,0.0
2024-01-02 00:00:00-05:00,8.460000038146973,8.595000267028809,8.170000076293945,8.220000267028809,1932900,0.0,0.0
2024-01-03 00:00:00-05:00,8.210000038146973,8.460000038146973,8.130000114440918,8.25,1891500,0.0,0.0
2024-01-04 00:00:00-05:00,8.359999656677246,8.359999656677246,8.050000190734863,8.050000190734863,1329200,0.0,0.0
2024-01-05 00:00:00-05:00,8.140000343322754,8.529999732971191,8.08899974822998,8.380000114440918,1512200,0.0,0.0
2024-01-08 00:00:00-05:00,8.149999618530273,8.260000228881836,8.020000457763672,8.239999771118164,1695500,0.0,0.0
2024-01-09 00:00:00-05:00,8.229999542236328,8.260000228881836,7.890999794006348,7.960000038146973,1806500,0.0,0.0
2024-01-10 00:00:00-05:00,7.940000057220459,7.940000057220459,7.769999980926514,7.840000152587891,1490900,0.0,0.0
2024-01-11 00:00:00-05:00,7.889999866485596,7.900000095367432,7.650000095367432,7.739999771118164,1715600,0.0,0.0
2024-01-12 00:00:00-05:00,7.929999828338623,8.010000228881836,7.800000190734863,7.909999847412109,1213300,0.0,0.0
2024-01-16 00:00:00-05:00,7.739999771118164,7.840000152587891,7.605000019073486,7.619999885559082,1340800,0.0,0.0
2024-01-17 00:00:00-05:00,7.5,7.599999904632568,7.420000076293945,7.53000020980835,1524400,0.0,0.0
2024-01-18 00:00:00-05:00,7.599999904632568,7.71999979019165,7.514999866485596,7.710000038146973,1276300,0.0,0.0
2024-01-19 00:00:00-05:00,7.710000038146973,7.744999885559082,7.534999847412109,7.610000133514404,1154700,0.0,0.0
2024-01-22 00:00:00-05:00,7.639999866485596,7.795000076293945,7.545000076293945,7.730000019073486,1061300,0.0,0.0
2024-01-23 00:00:00-05:00,7.78000020980835,7.869999885559082,7.730000019073486,7.769999980926514,1149000,0.0,0.0
2024-01-24 00:00:00-05:00,7.900000095367432,8.100000381469727,7.829999923706055,8.100000381469727,1500600,0.0,0.0
2024-01-25 00:00:00-05:00,8.15999984741211,8.279999732971191,7.989999771118164,8.270000457763672,1462400,0.0,0.0
2024-01-26 00:00:00-05:00,8.289999961853027,8.53499984741211,8.265000343322754,8.399999618530273,1221600,0.0,0.0
2024-01-29 00:00:00-05:00,8.350000381469727,8.390000343322754,8.220000267028809,8.380000114440918,820400,0.0,0.0
2024-01-30 00:00:00-05:00,8.210000038146973,8.899999618530273,8.10099983215332,8.899999618530273,1847000,0.0,0.0
2024-01-31 00:00:00-05:00,8.899999618530273,8.930000305175781,8.460000038146973,8.460000038146973,1324600,0.0,0.0
2024-02-01 00:00:00-05:00,8.520000457763672,8.609999656677246,8.149999618530273,8.289999961853027,1323700,0.0,0.0
2024-02-02 00:00:00-05:00,8.239999771118164,8.239999771118164,7.949999809265137,8.020000457763672,1126200,0.0,0.0
2024-02-05 00:00:00-05:00,7.949999809265137,7.949999809265137,7.699999809265137,7.699999809265137,1002800,0.0,0.0
2024-02-06 00:00:00-05:00,7.760000228881836,8.0,7.760000228881836,7.929999828338623,897000,0.0,0.0
2024-02-07 00:00:00-05:00,7.949999809265137,7.96999979019165,7.679999828338623,7.800000190734863,1547300,0.0,0.0
2024-02-08 00:00:00-05:00,7.820000171661377,8.010000228881836,7.760000228881836,7.920000076293945,1307700,0.0,0.0
2024-02-09 00:00:00-05:00,7.889999866485596,7.974999904632568,7.829999923706055,7.929999828338623,1273200,0.0,0.0
2024-02-12 00:00:00-05:00,8.0,8.178000450134277,7.864999771118164,7.909999847412109,2037400,0.0,0.0
2024-02-13 00:00:00-05:00,7.840000152587891,7.940000057220459,7.599999904632568,7.730000019073486,1869000,0.0,0.0
2024-02-14 00:00:00-05:00,7.769999980926514,7.864999771118164,7.619999885559082,7.670000076293945,1332900,0.0,0.0
2024-02-15 00:00:00-05:00,7.699999809265137,8.234999656677246,7.699999809265137,8.220000267028809,1498100,0.0,0.0
2024-02-16 00:00:00-05:00,8.25,8.399999618530273,8.100000381469727,8.300000190734863,1380100,0.0,0.0
2024-02-20 00:00:00-05:00,8.239999771118164,8.369999885559082,8.119999885559082,8.210000038146973,2009700,0.0,0.0
2024-02-21 00:00:00-05:00,7.420000076293945,8.399999618530273,7.159999847412109,7.849999904632568,2968500,0.0,0.0
2024-02-22 00:00:00-05:00,7.690000057220459,7.75,7.304999828338623,7.409999847412109,2474900,0.0,0.0
2024-02-23 00:00:00-05:00,7.28000020980835,7.539999961853027,7.099999904632568,7.440000057220459,1803000,0.0,0.0
2024-02-26 00:00:00-05:00,7.440000057220459,7.730000019073486,7.360000133514404,7.400000095367432,2606200,0.0,0.0
2024-02-27 00:00:00-05:00,7.480000019073486,7.75,7.425000190734863,7.53000020980835,1806000,0.0,0.0
2024-02-28 00:00:00-05:00,7.53000020980835,7.619999885559082,7.289999961853027,7.309999942779541,1393900,0.0,0.0
2024-02-29 00:00:00-05:00,7.389999866485596,7.579999923706055,7.260000228881836,7.400000095367432,1964600,0.0,0.0
2024-03-01 00:00:00-05:00,7.46999979019165,7.650000095367432,7.46999979019165,7.519999980926514,1499000,0.0,0.0
2024-03-04 00:00:00-05:00,7.420000076293945,7.525000095367432,7.039999961853027,7.090000152587891,2295600,0.0,0.0
2024-03-05 00:00:00-05:00,7.050000190734863,7.199999809265137,6.989999771118164,7.090000152587891,1663300,0.0,0.0
2024-03-06 00:00:00-05:00,7.195000171661377,7.360000133514404,7.085000038146973,7.139999866485596,1772700,0.0,0.0
2024-03-07 00:00:00-05:00,7.170000076293945,7.440000057220459,7.090000152587891,7.369999885559082,1344700,0.0,0.0
2024-03-08 00:00:00-05:00,7.420000076293945,7.46999979019165,7.269999980926514,7.340000152587891,1306100,0.0,0.0
2024-03-11 00:00:00-04:00,7.309999942779541,7.429999828338623,7.139999866485596,7.349999904632568,1482000,0.0,0.0
2024-03-12 00:00:00-04:00,7.349999904632568,7.434999942779541,7.260000228881836,7.409999847412109,1374900,0.0,0.0
2024-03-13 00:00:00-04:00,7.199999809265137,7.559999942779541,7.159999847412109,7.46999979019165,2065700,0.0,0.0
2024-03-14 00:00:00-04:00,7.550000190734863,7.650000095367432,7.389999866485596,7.53000020980835,2022200,0.0,0.0
2024-03-15 00:00:00-04:00,7.510000228881836,7.730000019073486,7.510000228881836,7.699999809265137,2290100,0.0,0.0
2024-03-18 00:00:00-04:00,7.679999828338623,7.679999828338623,7.5,7.510000228881836,1706700,0.0,0.0
2024-03-19 00:00:00-04:00,7.519999980926514,7.730000019073486,7.5,7.710000038146973,1133200,0.0,0.0
2024-03-20 00:00:00-04:00,7.730000019073486,7.789999961853027,7.550000190734863,7.739999771118164,1153700,0.0,0.0
2024-03-21 00:00:00-04:00,7.760000228881836,8.069999694824219,7.710000038146973,7.889999866485596,1455900,0.0,0.0
2024-03-22 00:00:00-04:00,7.960000038146973,7.989999771118164,7.619999885559082,7.679999828338623,1132600,0.0,0.0
2024-03-25 00:00:00-04:00,7.71999979019165,7.920000076293945,7.71999979019165,7.789999961853027,740400,0.0,0.0
2024-03-26 00:00:00-04:00,7.849999904632568,7.860000133514404,7.630000114440918,7.670000076293945,905600,0.0,0.0
2024-03-27 00:00:00-04:00,7.699999809265137,8.104999542236328,7.650000095367432,7.949999809265137,1075000,0.0,0.0
2024-03-28 00:00:00-04:00,7.960000038146973,8.164999961853027,7.960000038146973,8.079999923706055,761700,0.0,0.0
2024-04-01 00:00:00-04:00,8.100000381469727,8.100000381469727,7.864999771118164,7.909999847412109,1004400,0.0,0.0
2024-04-02 00:00:00-04:00,8.0,8.050000190734863,7.880000114440918,7.96999979019165,1077100,0.0,0.0
2024-04-03 00:00:00-04:00,8.010000228881836,8.595000267028809,8.010000228881836,8.539999961853027,1690500,0.0,0.0
2024-04-04 00:00:00-04:00,8.529999732971191,8.670000076293945,8.430000305175781,8.479999542236328,1608300,0.0,0.0
2024-04-05 00:00:00-04:00,8.5,8.604999542236328,8.359999656677246,8.600000381469727,2444000,0.0,0.0
2024-04-08 00:00:00-04:00,8.670000076293945,8.6850004196167,8.359999656677246,8.359999656677246,615300,0.0,0.0
2024-04-09 00:00:00-04:00,8.40999984741211,8.520000457763672,8.322999954223633,8.390000343322754,911900,0.0,0.0
2024-04-10 00:00:00-04:00,8.369999885559082,8.699999809265137,8.25,8.65999984741211,1230400,0.0,0.0
2024-04-11 00:00:00-04:00,8.65999984741211,8.710000038146973,8.449999809265137,8.59000015258789,588900,0.0,0.0
2024-04-12 00:00:00-04:00,8.670000076293945,8.779999732971191,8.399999618530273,8.430000305175781,1549800,0.0,0.0
2024-04-15 00:00:00-04:00,8.460000038146973,8.645000457763672,8.329999923706055,8.34000015258789,2210300,0.0,0.0
2024-04-16 00:00:00-04:00,8.300000190734863,8.34000015258789,8.08899974822998,8.170000076293945,1751200,0.0,0.0
2024-04-17 00:00:00-04:00,8.170000076293945,8.319999694824219,8.0600004196167,8.1899995803833,2468600,0.0,0.0
2024-04-18 00:00:00-04:00,8.3100004196167,8.78499984741211,8.220000267028809,8.4399995803833,3675700,0.0,0.0
2024-04-19 00:00:00-04:00,8.369999885559082,8.609999656677246,8.369999885559082,8.539999961853027,1341400,0.0,0.0
2024-04-22 00:00:00-04:00,8.4399995803833,8.579999923706055,8.279999732971191,8.449999809265137,1000600,0.0,0.0
2024-04-23 00:00:00-04:00,8.380000114440918,8.699999809265137,8.329999923706055,8.640000343322754,1192500,0.0,0.0
2024-04-24 00:00:00-04:00,8.539999961853027,8.670000076293945,8.425000190734863,8.65999984741211,1132800,0.0,0.0
2024-04-25 00:00:00-04:00,8.760000228881836,8.970000267028809,8.579999923706055,8.739999771118164,2220700,0.0,0.0
2024-04-26 00:00:00-04:00,8.699999809265137,9.0,8.699999809265137,8.979999542236328,937400,0.0,0.0
2024-04-29 00:00:00-04:00,9.029999732971191,9.204999923706055,8.954999923706055,9.0,1372000,0.0,0.0
2024-04-30 00:00:00-04:00,8.90999984741211,8.989999771118164,8.649999618530273,8.720000267028809,2665100,0.0,0.0
2024-05-01 00:00:00-04:00,9.25,9.729999542236328,8.664999961853027,8.930000305175781,5556500,0.0,0.0
2024-05-02 00:00:00-04:00,9.140000343322754,9.229999542236328,8.899999618530273,9.15999984741211,1750100,0.0,0.0
2024-05-03 00:00:00-04:00,9.260000228881836,9.454999923706055,9.210000038146973,9.289999961853027,1744800,0.0,0.0
2024-05-06 00:00:00-04:00,9.460000038146973,9.789999961853027,9.420000076293945,9.600000381469727,2011100,0.0,0.0
2024-05-07 00:00:00-04:00,9.5600004196167,9.675000190734863,9.390000343322754,9.470000267028809,1883300,0.0,0.0
2024-05-08 00:00:00-04:00,9.430000305175781,9.619999885559082,9.300000190734863,9.470000267028809,1645800,0.0,0.0
2024-05-09 00:00:00-04:00,9.460000038146973,9.640000343322754,9.335000038146973,9.420000076293945,1922000,0.0,0.0
2024-05-10 00:00:00-04:00,9.430000305175781,9.489999771118164,9.180000305175781,9.239999771118164,1612200,0.0,0.0
2024-05-13 00:00:00-04:00,9.369999885559082,9.649999618530273,9.369999885559082,9.529999732971191,1625500,0.0,0.0
2024-05-14 00:00:00-04:00,9.670000076293945,9.710000038146973,9.5,9.670000076293945,1131900,0.0,0.0
2024-05-15 00:00:00-04:00,9.720000267028809,9.729999542236328,9.399999618530273,9.640000343322754,880600,0.0,0.0
2024-05-16 00:00:00-04:00,9.619999885559082,9.78499984741211,9.555000305175781,9.619999885559082,884100,0.0,0.0
2024-05-17 00:00:00-04:00,9.649999618530273,9.765000343322754,9.579999923706055,9.680000305175781,930000,0.0,0.0
2024-05-20 00:00:00-04:00,9.699999809265137,9.805000305175781,9.600000381469727,9.649999618530273,1488700,0.0,0.0
2024-05-21 00:00:00-04:00,9.640000343322754,10.015000343322754,9.640000343322754,9.899999618530273,1862900,0.0,0.0
2024-05-22 00:00:00-04:00,9.819999694824219,9.819999694824219,9.5,9.529999732971191,1159500,0.0,0.0
2024-05-23 00:00:00-04:00,9.529999732971191,9.65999984741211,9.425000190734863,9.539999961853027,1101300,0.0,0.0
2024-05-24 00:00:00-04:00,9.600000381469727,9.680000305175781,9.539999961853027,9.630000114440918,901700,0.0,0.0
2024-05-28 00:00:00-04:00,9.729999542236328,9.960000038146973,9.609999656677246,9.819999694824219,1068900,0.0,0.0
2024-05-29 00:00:00-04:00,9.729999542236328,9.829999923706055,9.539999961853027,9.550000190734863,1342500,0.0,0.0
2024-05-30 00:00:00-04:00,9.5,9.680000305175781,9.194999694824219,9.229999542236328,2124400,0.0,0.0
2024-05-31 00:00:00-04:00,9.260000228881836,9.600000381469727,9.229999542236328,9.579999923706055,2466900,0.0,0.0
2024-06-03 00:00:00-04:00,9.630000114440918,9.649999618530273,9.039999961853027,9.199999809265137,1789100,0.0,0.0
2024-06-04 00:00:00-04:00,9.039999961853027,9.170000076293945,8.807999610900879,8.84000015258789,1223200,0.0,0.0
2024-06-05 00:00:00-04:00,8.899999618530273,9.140000343322754,8.75,8.930000305175781,1068600,0.0,0.0
2024-06-06 00:00:00-04:00,8.899999618530273,9.020000457763672,8.819999694824219,8.989999771118164,1841300,0.0,0.0
2024-06-07 00:00:00-04:00,8.930000305175781,9.0600004196167,8.885000228881836,9.0600004196167,878800,0.0,0.0
2024-06-10 00:00:00-04:00,9.09000015258789,9.300000190734863,9.079999923706055,9.220000267028809,1143400,0.0,0.0
2024-06-11 00:00:00-04:00,9.109999656677246,9.229999542236328,8.9399995803833,9.210000038146973,840500,0.0,0.0
2024-06-12 00:00:00-04:00,9.359999656677246,9.444999694824219,9.109999656677246,9.109999656677246,1498900,0.0,0.0
2024-06-13 00:00:00-04:00,9.020000457763672,9.114999771118164,8.5600004196167,8.579999923706055,1607100,0.0,0.0
2024-06-14 00:00:00-04:00,8.5,8.550000190734863,8.109999656677246,8.229999542236328,1316100,0.0,0.0
2024-06-17 00:00:00-04:00,8.220000267028809,8.324999809265137,8.149999618530273,8.3100004196167,1354100,0.0,0.0
2024-06-18 00:00:00-04:00,8.329999923706055,8.470000267028809,8.220000267028809,8.239999771118164,1662800,0.0,0.0
2024-06-20 00:00:00-04:00,8.300000190734863,8.59000015258789,8.279999732971191,8.4399995803833,1681500,0.0,0.0
2024-06-21 00:00:00-04:00,8.40999984741211,8.510000228881836,8.305000305175781,8.430000305175781,6871400,0.0,0.0
2024-06-24 00:00:00-04:00,8.4399995803833,8.65999984741211,8.420000076293945,8.600000381469727,1483700,0.0,0.0
2024-06-25 00:00:00-04:00,8.550000190734863,8.65999984741211,8.489999771118164,8.550000190734863,938800,0.0,0.0
2024-06-26 00:00:00-04:00,8.529999732971191,8.59000015258789,8.479999542236328,8.579999923706055,1128100,0.0,0.0
2024-06-27 00:00:00-04:00,8.619999885559082,8.710000038146973,8.404999732971191,8.460000038146973,942400,0.0,0.0
2024-06-28 00:00:00-04:00,8.5600004196167,8.670000076293945,8.520000457763672,8.670000076293945,1533100,0.0,0.0
2024-07-01 00:00:00-04:00,8.65999984741211,8.739999771118164,8.420000076293945,8.4399995803833,1155900,0.0,0.0
2024-07-02 00:00:00-04:00,8.539999961853027,8.649999618530273,8.380000114440918,8.390000343322754,1570500,0.0,0.0
2024-07-03 00:00:00-04:00,8.449999809265137,8.670000076293945,8.369999885559082,8.649999618530273,821200,0.0,0.0
2024-07-05 00:00:00-04:00,8.600000381469727,8.704999923706055,8.255000114440918,8.279999732971191,1492700,0.0,0.0
2024-07-08 00:00:00-04:00,8.270000457763672,8.369999885559082,8.079999923706055,8.109999656677246,1504500,0.0,0.0
2024-07-09 00:00:00-04:00,8.039999961853027,8.079999923706055,7.869999885559082,7.980000019073486,1174400,0.0,0.0
2024-07-10 00:00:00-04:00,7.980000019073486,8.234999656677246,7.96999979019165,8.199999809265137,875900,0.0,0.0
2024-07-11 00:00:00-04:00,8.279999732971191,8.449999809265137,8.180000305175781,8.390000343322754,870800,0.0,0.0
2024-07-12 00:00:00-04:00,8.510000228881836,8.5600004196167,8.3100004196167,8.420000076293945,725300,0.0,0.0
2024-07-15 00:00:00-04:00,8.539999961853027,8.729999542236328,8.369999885559082,8.600000381469727,1097800,0.0,0.0
2024-07-16 00:00:00-04:00,8.5,8.890000343322754,8.460000038146973,8.859999656677246,1202000,0.0,0.0
2024-07-17 00:00:00-04:00,8.829999923706055,9.135000228881836,8.829999923706055,9.010000228881836,2167500,0.0,0.0
2024-07-18 00:00:00-04:00,8.949999809265137,8.970000267028809,8.755000114440918,8.779999732971191,1275600,0.0,0.0
2024-07-19 00:00:00-04:00,8.600000381469727,8.625,8.350000381469727,8.359999656677246,1172800,0.0,0.0
2024-07-22 00:00:00-04:00,8.279999732971191,8.420000076293945,8.255000114440918,8.390000343322754,1021400,0.0,0.0
2024-07-23 00:00:00-04:00,8.350000381469727,8.399999618530273,8.210000038146973,8.369999885559082,1180800,0.0,0.0
2024-07-24 00:00:00-04:00,8.369999885559082,8.430000305175781,8.21500015258789,8.239999771118164,731600,0.0,0.0
2024-07-25 00:00:00-04:00,8.239999771118164,8.859999656677246,8.199999809265137,8.829999923706055,1857800,0.0,0.0
2024-07-26 00:00:00-04:00,8.899999618530273,8.960000038146973,8.675000190734863,8.819999694824219,1303700,0.0,0.0
2024-07-29 00:00:00-04:00,8.789999961853027,8.84000015258789,8.489999771118164,8.619999885559082,808000,0.0,0.0
2024-07-30 00:00:00-04:00,8.630000114440918,8.930000305175781,8.630000114440918,8.90999984741211,1452600,0.0,0.0
2024-07-31 00:00:00-04:00,9.149999618530273,9.75,9.0600004196167,9.59000015258789,2646400,0.0,0.0
2024-08-01 00:00:00-04:00,9.550000190734863,9.600000381469727,9.0600004196167,9.210000038146973,2218500,0.0,0.0
2024-08-02 00:00:00-04:00,8.989999771118164,9.010000228881836,8.359999656677246,8.449999809265137,2183200,0.0,0.0
2024-08-05 00:00:00-04:00,7.929999828338623,8.180000305175781,7.769999980926514,8.069999694824219,2100100,0.0,0.0
2024-08-06 00:00:00-04:00,8.050000190734863,8.300000190734863,7.989999771118164,8.130000114440918,1575500,0.0,0.0
2024-08-07 00:00:00-04:00,8.319999694824219,8.460000038146973,8.15999984741211,8.170000076293945,1144100,0.0,0.0
2024-08-08 00:00:00-04:00,8.260000228881836,8.329999923706055,8.175000190734863,8.25,1207400,0.0,0.0
2024-08-09 00:00:00-04:00,8.270000457763672,8.359999656677246,8.239999771118164,8.260000228881836,922700,0.0,0.0
2024-08-12 00:00:00-04:00,8.329999923706055,8.40999984741211,8.28499984741211,8.350000381469727,1023500,0.0,0.0
2024-08-13 00:00:00-04:00,8.319999694824219,8.350000381469727,8.194000244140625,8.279999732971191,661300,0.0,0.0
2024-08-14 00:00:00-04:00,8.359999656677246,8.359999656677246,8.194999694824219,8.229999542236328,820300,0.0,0.0
2024-08-15 00:00:00-04:00,8.40999984741211,8.550000190734863,8.375,8.430000305175781,815000,0.0,0.0
2024-08-16 00:00:00-04:00,8.34000015258789,8.545000076293945,8.34000015258789,8.470000267028809,657400,0.0,0.0
2024-08-19 00:00:00-04:00,8.479999542236328,8.595000267028809,8.399999618530273,8.430000305175781,668200,0.0,0.0
2024-08-20 00:00:00-04:00,8.420000076293945,8.420000076293945,8.069999694824219,8.09000015258789,1027700,0.0,0.0
2024-08-21 00:00:00-04:00,8.199999809265137,8.199999809265137,7.980000019073486,8.010000228881836,1147600,0.0,0.0
2024-08-22 00:00:00-04:00,8.010000228881836,8.020000457763672,7.820000171661377,7.869999885559082,1215900,0.0,0.0
2024-08-23 00:00:00-04:00,7.949999809265137,8.1899995803833,7.900000095367432,8.100000381469727,1358700,0.0,0.0
2024-08-26 00:00:00-04:00,8.289999961853027,8.350000381469727,8.09000015258789,8.260000228881836,1180900,0.0,0.0
2024-08-27 00:00:00-04:00,8.210000038146973,8.21500015258789,8.029999732971191,8.170000076293945,1211400,0.0,0.0
2024-08-28 00:00:00-04:00,8.039999961853027,8.104999542236328,7.925000190734863,7.949999809265137,670800,0.0,0.0
2024-08-29 00:00:00-04:00,8.0,8.239999771118164,7.945000171661377,8.140000343322754,869400,0.0,0.0
2024-08-30 00:00:00-04:00,8.029999732971191,8.109999656677246,7.809999942779541,7.940000057220459,915900,0.0,0.0
2024-09-03 00:00:00-04:00,7.71999979019165,7.739999771118164,7.519999980926514,7.579999923706055,1098200,0.0,0.0
2024-09-04 00:00:00-04:00,7.630000114440918,7.71999979019165,7.539999961853027,7.590000152587891,1364300,0.0,0.0
2024-09-05 00:00:00-04:00,7.710000038146973,7.710000038146973,7.360000133514404,7.369999885559082,1054900,0.0,0.0
2024-09-06 00:00:00-04:00,7.369999885559082,7.505000114440918,7.215000152587891,7.329999923706055,1132400,0.0,0.0
2024-09-09 00:00:00-04:00,7.269999980926514,7.329999923706055,7.139999866485596,7.179999828338623,1602600,0.0,0.0
2024-09-10 00:00:00-04:00,7.239999771118164,7.244999885559082,7.079999923706055,7.159999847412109,1150300,0.0,0.0
2024-09-11 00:00:00-04:00,7.159999847412109,7.159999847412109,6.744999885559082,7.059999942779541,1669700,0.0,0.0
2024-09-12 00:00:00-04:00,7.119999885559082,7.375,7.050000190734863,7.199999809265137,1042300,0.0,0.0
2024-09-13 00:00:00-04:00,7.300000190734863,7.510000228881836,7.230000019073486,7.309999942779541,1046300,0.0,0.0
2024-09-16 00:00:00-04:00,7.440000057220459,7.630000114440918,7.394999980926514,7.610000133514404,896600,0.0,0.0
2024-09-17 00:00:00-04:00,7.670000076293945,8.029999732971191,7.625,8.010000228881836,858800,0.0,0.0
2024-09-18 00:00:00-04:00,8.010000228881836,8.279999732971191,7.985000133514404,8.039999961853027,1041100,0.0,0.0
2024-09-19 00:00:00-04:00,8.3100004196167,8.369999885559082,8.175000190734863,8.229999542236328,987300,0.0,0.0
2024-09-20 00:00:00-04:00,8.130000114440918,8.449999809265137,8.010000228881836,8.239999771118164,6216800,0.0,0.0
2024-09-23 00:00:00-04:00,8.1899995803833,8.475000381469727,8.164999961853027,8.350000381469727,1341800,0.0,0.0
2024-09-24 00:00:00-04:00,8.520000457763672,8.569999694824219,8.300000190734863,8.3100004196167,1601500,0.0,0.0
2024-09-25 00:00:00-04:00,8.260000228881836,8.329999923706055,7.84499979019165,7.880000114440918,1542800,0.0,0.0
2024-09-26 00:00:00-04:00,7.710000038146973,7.800000190734863,7.270999908447266,7.340000152587891,2199300,0.0,0.0
2024-09-27 00:00:00-04:00,7.46999979019165,7.644999980926514,7.425000190734863,7.539999961853027,1123000,0.0,0.0
2024-09-30 00:00:00-04:00,7.480000019073486,7.715000152587891,7.440000057220459,7.659999847412109,1238500,0.0,0.0
2024-10-01 00:00:00-04:00,7.559999942779541,8.079999923706055,7.550000190734863,7.960000038146973,1464900,0.0,0.0
2024-10-02 00:00:00-04:00,8.149999618530273,8.149999618530273,7.875,7.980000019073486,980400,0.0,0.0
2024-10-03 00:00:00-04:00,7.980000019073486,8.270000457763672,7.929999828338623,8.260000228881836,1009800,0.0,0.0
2024-10-04 00:00:00-04:00,8.390000343322754,8.574999809265137,8.260000228881836,8.4399995803833,997700,0.0,0.0
2024-10-07 00:00:00-04:00,8.470000267028809,8.614999771118164,8.414999961853027,8.539999961853027,633800,0.0,0.0
2024-10-08 00:00:00-04:00,8.34000015258789,8.390000343322754,8.09000015258789,8.210000038146973,1000000,0.0,0.0
2024-10-09 00:00:00-04:00,8.09000015258789,8.350000381469727,8.039999961853027,8.220000267028809,616800,0.0,0.0
2024-10-10 00:00:00-04:00,8.260000228881836,8.28499984741211,8.100000381469727,8.260000228881836,609500,0.0,0.0
2024-10-11 00:00:00-04:00,8.170000076293945,8.460000038146973,8.170000076293945,8.380000114440918,649700,0.0,0.0
2024-10-14 00:00:00-04:00,8.25,8.34000015258789,8.1899995803833,8.270000457763672,588800,0.0,0.0
2024-10-15 00:00:00-04:00,8.020000457763672,8.204999923706055,7.84499979019165,8.029999732971191,1238700,0.0,0.0
2024-10-16 00:00:00-04:00,8.170000076293945,8.255000114440918,8.104999542236328,8.170000076293945,928300,0.0,0.0
2024-10-17 00:00:00-04:00,8.020000457763672,8.029999732971191,7.715000152587891,8.010000228881836,1111200,0.0,0.0
2024-10-18 00:00:00-04:00,7.940000057220459,7.940000057220459,7.75,7.75,712800,0.0,0.0
2024-10-21 00:00:00-04:00,7.860000133514404,7.909999847412109,7.639999866485596,7.639999866485596,524700,0.0,0.0
2024-10-22 00:00:00-04:00,7.690000057220459,7.789999961853027,7.625,7.670000076293945,681500,0.0,0.0
2024-10-23 00:00:00-04:00,7.590000152587891,7.695000171661377,7.539999961853027,7.619999885559082,650200,0.0,0.0
2024-10-24 00:00:00-04:00,7.659999847412109,7.659999847412109,7.400000095367432,7.590000152587891,790600,0.0,0.0
2024-10-25 00:00:00-04:00,7.71999979019165,7.815000057220459,7.639999866485596,7.75,709000,0.0,0.0
2024-10-28 00:00:00-04:00,7.480000019073486,7.659999847412109,7.480000019073486,7.559999942779541,704600,0.0,0.0
2024-10-29 00:00:00-04:00,7.590000152587891,7.644999980926514,7.46999979019165,7.539999961853027,866300,0.0,0.0
2024-10-30 00:00:00-04:00,7.909999847412109,7.974999904632568,7.199999809265137,7.210000038146973,1659700,0.0,0.0
2024-10-31 00:00:00-04:00,7.349999904632568,7.385000228881836,6.900000095367432,6.909999847412109,1592800,0.0,0.0
2024-11-01 00:00:00-04:00,7.0,7.050000190734863,6.534999847412109,6.579999923706055,2155400,0.0,0.0
2024-11-04 00:00:00-05:00,6.630000114440918,7.119999885559082,6.630000114440918,7.039999961853027,2025700,0.0,0.0
2024-11-05 00:00:00-05:00,7.210000038146973,7.355000019073486,7.099999904632568,7.25,2077200,0.0,0.0
2024-11-06 00:00:00-05:00,7.699999809265137,8.479999542236328,7.699999809265137,8.430000305175781,2321300,0.0,0.0
2024-11-07 00:00:00-05:00,8.380000114440918,8.380000114440918,7.925000190734863,7.960000038146973,1361900,0.0,0.0
2024-11-08 00:00:00-05:00,7.849999904632568,7.880000114440918,7.590000152587891,7.699999809265137,1319600,0.0,0.0
2024-11-11 00:00:00-05:00,7.71999979019165,8.119999885559082,7.670000076293945,8.100000381469727,1448500,0.0,0.0
2024-11-12 00:00:00-05:00,8.029999732971191,8.244999885559082,7.960000038146973,8.029999732971191,1166500,0.0,0.0
2024-11-13 00:00:00-05:00,8.109999656677246,8.109999656677246,7.84499979019165,7.860000133514404,1433500,0.0,0.0
2024-11-14 00:00:00-05:00,7.960000038146973,8.050000190734863,7.730000019073486,7.800000190734863,1126900,0.0,0.0
2024-11-15 00:00:00-05:00,7.829999923706055,7.90500020980835,7.545000076293945,7.579999923706055,934200,0.0,0.0
2024-11-18 00:00:00-05:00,7.710000038146973,8.050000190734863,7.650000095367432,7.849999904632568,1502600,0.0,0.0
2024-11-19 00:00:00-05:00,7.739999771118164,7.84499979019165,7.684999942779541,7.769999980926514,894700,0.0,0.0
2024-11-20 00:00:00-05:00,7.809999942779541,7.849999904632568,7.610000133514404,7.809999942779541,962700,0.0,0.0
2024-11-21 00:00:00-05:00,7.880000114440918,8.300000190734863,7.840000152587891,8.220000267028809,1262400,0.0,0.0
2024-11-22 00:00:00-05:00,8.279999732971191,8.529999732971191,8.265000343322754,8.5,1201300,0.0,0.0
2024-11-25 00:00:00-05:00,8.59000015258789,8.680000305175781,8.319999694824219,8.449999809265137,1734500,0.0,0.0
2024-11-26 00:00:00-05:00,8.539999961853027,8.539999961853027,8.28499984741211,8.40999984741211,857900,0.0,0.0
2024-11-27 00:00:00-05:00,8.449999809265137,8.569999694824219,8.359999656677246,8.479999542236328,779900,0.0,0.0
2024-11-29 00:00:00-05:00,8.600000381469727,8.600000381469727,8.34000015258789,8.399999618530273,511400,0.0,0.0
2024-12-02 00:00:00-05:00,8.430000305175781,8.755000114440918,8.3100004196167,8.729999542236328,1144100,0.0,0.0
2024-12-03 00:00:00-05:00,8.8100004196167,8.84000015258789,8.470000267028809,8.520000457763672,1142200,0.0,0.0
2024-12-04 00:00:00-05:00,8.520000457763672,8.579999923706055,8.114999771118164,8.239999771118164,1058900,0.0,0.0
2024-12-05 00:00:00-05:00,8.260000228881836,8.399999618530273,8.199999809265137,8.239999771118164,1025900,0.0,0.0
2024-12-06 00:00:00-05:00,8.420000076293945,8.420000076293945,7.684999942779541,7.909999847412109,1487200,0.0,0.0
2024-12-09 00:00:00-05:00,8.020000457763672,8.104999542236328,7.860000133514404,7.880000114440918,1443100,0.0,0.0
2024-12-10 00:00:00-05:00,8.489999771118164,9.654999732971191,8.380000114440918,9.289999961853027,4344100,0.0,0.0
2024-12-11 00:00:00-05:00,9.210000038146973,9.729999542236328,9.0,9.670000076293945,3432700,0.0,0.0
2024-12-12 00:00:00-05:00,9.579999923706055,9.720000267028809,9.270000457763672,9.420000076293945,3173100,0.0,0.0
2024-12-13 00:00:00-05:00,9.390000343322754,9.404999732971191,9.010000228881836,9.119999885559082,2712400,0.0,0.0
2024-12-16 00:00:00-05:00,9.039999961853027,9.25,8.90999984741211,9.130000114440918,2625400,0.0,0.0
2024-12-17 00:00:00-05:00,9.010000228881836,9.359999656677246,8.904999732971191,9.3100004196167,2046000,0.0,0.0
2024-12-18 00:00:00-05:00,9.430000305175781,9.53499984741211,8.76099967956543,8.899999618530273,1770000,0.0,0.0
2024-12-19 00:00:00-05:00,9.15999984741211,9.279999732971191,8.84000015258789,8.949999809265137,2303400,0.0,0.0
2024-12-20 00:00:00-05:00,8.770000457763672,9.180000305175781,8.65999984741211,8.739999771118164,12954400,0.0,0.0
2024-12-23 00:00:00-05:00,8.75,9.130000114440918,8.75,8.920000076293945,1616900,0.0,0.0
2024-12-24 00:00:00-05:00,8.949999809265137,9.029999732971191,8.729999542236328,9.0,600800,0.0,0.0
2024-12-26 00:00:00-05:00,9.050000190734863,9.0649995803833,8.789999961853027,9.029999732971191,799600,0.0,0.0
2024-12-27 00:00:00-05:00,9.0,9.178999900817871,8.949999809265137,9.039999961853027,1203600,0.0,0.0
2024-12-30 00:00:00-05:00,9.100000381469727,9.470000267028809,9.029999732971191,9.239999771118164,973500,0.0,0.0
2024-12-31 00:00:00-05:00,9.34000015258789,9.609999656677246,9.3100004196167,9.329999923706055,1724200,0.0,0.0
2025-01-02 00:00:00-05:00,9.510000228881836,10.0600004196167,9.460000038146973,9.869999885559082,1783400,0.0,0.0
2025-01-03 00:00:00-05:00,9.949999809265137,9.989999771118164,9.670000076293945,9.869999885559082,894800,0.0,0.0
2025-01-06 00:00:00-05:00,9.960000038146973,10.130000114440918,9.779999732971191,9.8100004196167,1049700,0.0,0.0
2025-01-07 00:00:00-05:00,9.90999984741211,10.164999961853027,9.800000190734863,9.979999542236328,1422200,0.0,0.0
2025-01-08 00:00:00-05:00,9.890000343322754,10.170000076293945,9.850000381469727,10.020000457763672,976200,0.0,0.0
2025-01-10 00:00:00-05:00,10.300000190734863,10.550000190734863,10.0,10.1899995803833,1394700,0.0,0.0
2025-01-13 00:00:00-05:00,10.180000305175781,10.4399995803833,9.979999542236328,10.279999732971191,1600000,0.0,0.0
2025-01-14 00:00:00-05:00,10.239999771118164,10.637999534606934,10.140000343322754,10.489999771118164,1274400,0.0,0.0
2025-01-15 00:00:00-05:00,10.640000343322754,10.835000038146973,10.53499984741211,10.720000267028809,1125400,0.0,0.0
2025-01-16 00:00:00-05:00,10.619999885559082,11.069999694824219,10.510000228881836,10.949999809265137,1647500,0.0,0.0
2025-01-17 00:00:00-05:00,11.020000457763672,11.170000076293945,10.859999656677246,10.899999618530273,1510500,0.0,0.0
2025-01-21 00:00:00-05:00,10.979999542236328,11.100000381469727,10.729999542236328,11.0600004196167,1270500,0.0,0.0
2025-01-22 00:00:00-05:00,11.050000190734863,11.0600004196167,10.60099983215332,10.789999961853027,2310500,0.0,0.0
2025-01-23 00:00:00-05:00,10.819999694824219,10.949999809265137,10.630000114440918,10.6899995803833,2241200,0.0,0.0
2025-01-24 00:00:00-05:00,10.609999656677246,10.710000038146973,10.279999732971191,10.510000228881836,1511600,0.0,0.0
2025-01-27 00:00:00-05:00,10.15999984741211,10.359999656677246,9.369999885559082,9.380000114440918,2149900,0.0,0.0
2025-01-28 00:00:00-05:00,9.449999809265137,9.630000114440918,9.345000267028809,9.430000305175781,1557100,0.0,0.0
2025-01-29 00:00:00-05:00,9.239999771118164,9.380000114440918,9.15999984741211,9.350000381469727,1814700,0.0,0.0
2025-01-30 00:00:00-05:00,9.369999885559082,9.40999984741211,9.005000114440918,9.199999809265137,1230400,0.0,0.0
2025-01-31 00:00:00-05:00,9.229999542236328,9.229999542236328,8.859999656677246,8.880000114440918,1544600,0.0,0.0
2025-02-03 00:00:00-05:00,8.829999923706055,8.970000267028809,8.649999618530273,8.8100004196167,841800,0.0,0.0
2025-02-04 00:00:00-05:00,8.699999809265137,9.234999656677246,8.6899995803833,9.170000076293945,1512100,0.0,0.0
2025-02-05 00:00:00-05:00,9.260000228881836,9.270000457763672,9.03499984741211,9.130000114440918,883300,0.0,0.0
2025-02-06 00:00:00-05:00,9.229999542236328,9.229999542236328,8.6899995803833,8.800000190734863,874600,0.0,0.0
2025-02-07 00:00:00-05:00,8.819999694824219,8.920000076293945,8.5600004196167,8.59000015258789,853400,0.0,0.0
2025-02-10 00:00:00-05:00,8.6899995803833,8.930000305175781,8.619999885559082,8.90999984741211,1152200,0.0,0.0
2025-02-11 00:00:00-05:00,8.949999809265137,9.15999984741211,8.84000015258789,9.039999961853027,980000,0.0,0.0
2025-02-12 00:00:00-05:00,8.899999618530273,8.930000305175781,8.71500015258789,8.789999961853027,1283400,0.0,0.0
2025-02-13 00:00:00-05:00,8.789999961853027,8.789999961853027,8.479999542236328,8.680000305175781,892800,0.0,0.0
2025-02-14 00:00:00-05:00,8.710000038146973,9.0,8.699999809265137,8.8100004196167,829200,0.0,0.0
2025-02-18 00:00:00-05:00,8.930000305175781,9.21500015258789,8.819999694824219,9.029999732971191,1380200,0.0,0.0
2025-02-19 00:00:00-05:00,9.0,9.1899995803833,8.744999885559082,8.819999694824219,2847800,0.0,0.0
2025-02-20 00:00:00-05:00,8.859999656677246,9.199999809265137,8.789999961853027,9.029999732971191,1924700,0.0,0.0
2025-02-21 00:00:00-05:00,9.25,9.569000244140625,9.045000076293945,9.100000381469727,2470800,0.0,0.0
2025-02-24 00:00:00-05:00,9.149999618530273,9.430000305175781,8.9399995803833,8.9399995803833,3846500,0.0,0.0
2025-02-25 00:00:00-05:00,8.899999618530273,8.9399995803833,8.359999656677246,8.359999656677246,3022700,0.0,0.0
2025-02-26 00:00:00-05:00,8.479999542236328,8.619999885559082,8.34000015258789,8.470000267028809,2589600,0.0,0.0
2025-02-27 00:00:00-05:00,8.479999542236328,8.675000190734863,8.430000305175781,8.460000038146973,1585600,0.0,0.0
2025-02-28 00:00:00-05:00,8.300000190734863,8.449999809265137,8.1899995803833,8.4399995803833,2253400,0.0,0.0
2025-03-03 00:00:00-05:00,8.4399995803833,8.470000267028809,7.639999866485596,7.670000076293945,1711700,0.0,0.0
2025-03-04 00:00:00-05:00,7.260000228881836,7.605000019073486,6.960000038146973,7.519999980926514,3238200,0.0,0.0
2025-03-05 00:00:00-05:00,7.389999866485596,7.465000152587891,7.130000114440918,7.409999847412109,2477600,0.0,0.0
2025-03-06 00:00:00-05:00,7.21999979019165,7.400000095367432,7.110000133514404,7.199999809265137,1944400,0.0,0.0
2025-03-07 00:00:00-05:00,7.21999979019165,7.559999942779541,7.210000038146973,7.300000190734863,1662100,0.0,0.0
2025-03-10 00:00:00-04:00,7.130000114440918,7.320000171661377,6.949999809265137,6.989999771118164,2175000,0.0,0.0
2025-03-11 00:00:00-04:00,7.03000020980835,7.150000095367432,6.829999923706055,6.880000114440918,1613700,0.0,0.0
2025-03-12 00:00:00-04:00,6.980000019073486,7.079999923706055,6.829999923706055,6.929999828338623,2199900,0.0,0.0
2025-03-13 00:00:00-04:00,6.949999809265137,7.070000171661377,6.639999866485596,6.670000076293945,1195600,0.0,0.0
2025-03-14 00:00:00-04:00,6.769999980926514,6.980000019073486,6.710000038146973,6.880000114440918,1290400,0.0,0.0
2025-03-17 00:00:00-04:00,6.909999847412109,7.025000095367432,6.699999809265137,6.840000152587891,1448800,0.0,0.0
2025-03-18 00:00:00-04:00,6.909999847412109,6.920000076293945,6.71999979019165,6.820000171661377,1563100,0.0,0.0
2025-03-19 00:00:00-04:00,6.840000152587891,7.300000190734863,6.804999828338623,7.199999809265137,1633500,0.0,0.0
2025-03-20 00:00:00-04:00,7.090000152587891,7.449999809265137,7.070000171661377,7.289999961853027,1987500,0.0,0.0
2025-03-21 00:00:00-04:00,7.170000076293945,7.340000152587891,7.130000114440918,7.21999979019165,3607600,0.0,0.0
2025-03-24 00:00:00-04:00,7.409999847412109,7.675000190734863,7.375,7.590000152587891,1668500,0.0,0.0
2025-03-25 00:00:00-04:00,7.630000114440918,7.744999885559082,7.599999904632568,7.599999904632568,1456000,0.0,0.0
2025-03-26 00:00:00-04:00,7.730000019073486,7.820000171661377,7.525000095367432,7.53000020980835,1574700,0.0,0.0
2025-03-27 00:00:00-04:00,7.590000152587891,7.670000076293945,7.500999927520752,7.579999923706055,1225000,0.0,0.0
2025-03-28 00:00:00-04:00,7.53000020980835,7.610000133514404,7.300000190734863,7.380000114440918,1051500,0.0,0.0
2025-03-31 00:00:00-04:00,7.329999923706055,7.505000114440918,7.270999908447266,7.349999904632568,1352900,0.0,0.0
2025-04-01 00:00:00-04:00,7.409999847412109,7.619999885559082,7.25,7.539999961853027,1149000,0.0,0.0
2025-04-02 00:00:00-04:00,7.400000095367432,7.614999771118164,7.380000114440918,7.590000152587891,927900,0.0,0.0
2025-04-03 00:00:00-04:00,7.03000020980835,7.210000038146973,6.260000228881836,6.269999980926514,2323300,0.0,0.0
2025-04-04 00:00:00-04:00,5.940000057220459,6.0,5.131999969482422,5.230000019073486,3036500,0.0,0.0
2025-04-07 00:00:00-04:00,5.010000228881836,5.429999828338623,4.809999942779541,5.260000228881836,2272300,0.0,0.0
2025-04-08 00:00:00-04:00,5.559999942779541,5.559999942779541,4.730000019073486,4.829999923706055,1868800,0.0,0.0
2025-04-09 00:00:00-04:00,4.670000076293945,5.739999771118164,4.610000133514404,5.630000114440918,2372300,0.0,0.0
2025-04-10 00:00:00-04:00,5.239999771118164,5.239999771118164,4.810999870300293,4.929999828338623,1464900,0.0,0.0
2025-04-11 00:00:00-04:00,4.940000057220459,5.045000076293945,4.744999885559082,4.96999979019165,1268400,0.0,0.0
2025-04-14 00:00:00-04:00,5.170000076293945,5.230000019073486,4.96999979019165,5.170000076293945,2184100,0.0,0.0
2025-04-15 00:00:00-04:00,5.110000133514404,5.269999980926514,5.079999923706055,5.199999809265137,1809100,0.0,0.0
2025-04-16 00:00:00-04:00,5.230000019073486,5.360000133514404,5.105000019073486,5.190000057220459,1338700,0.0,0.0
2025-04-17 00:00:00-04:00,5.380000114440918,5.545000076293945,5.300000190734863,5.420000076293945,1327200,0.0,0.0
2025-04-21 00:00:00-04:00,5.300000190734863,5.300000190734863,4.894999980926514,4.960000038146973,1376600,0.0,0.0
2025-04-22 00:00:00-04:00,5.010000228881836,5.199999809265137,4.820000171661377,5.150000095367432,1892600,0.0,0.0
2025-04-23 00:00:00-04:00,5.309999942779541,5.429999828338623,5.011000156402588,5.050000190734863,1688000,0.0,0.0
2025-04-24 00:00:00-04:00,5.139999866485596,5.300000190734863,5.039999961853027,5.199999809265137,1879300,0.0,0.0
2025-04-25 00:00:00-04:00,5.090000152587891,5.320000171661377,5.065000057220459,5.320000171661377,1225100,0.0,0.0
2025-04-28 00:00:00-04:00,5.269999980926514,5.400000095367432,5.144999980926514,5.269999980926514,1442800,0.0,0.0
2025-04-29 00:00:00-04:00,5.980000019073486,6.139999866485596,5.369999885559082,5.599999904632568,4677800,0.0,0.0
2025-04-30 00:00:00-04:00,5.360000133514404,5.409999847412109,4.880000114440918,4.980000019073486,4824800,0.0,0.0
2025-05-01 00:00:00-04:00,4.960000038146973,5.440000057220459,4.909999847412109,5.360000133514404,2567400,0.0,0.0
2025-05-02 00:00:00-04:00,5.449999809265137,5.599999904632568,5.269999980926514,5.510000228881836,1686900,0.0,0.0
2025-05-05 00:00:00-04:00,5.369999885559082,5.400000095367432,5.195000171661377,5.289999961853027,1739600,0.0,0.0
2025-05-06 00:00:00-04:00,5.329999923706055,5.369999885559082,5.170000076293945,5.260000228881836,1970500,0.0,0.0
2025-05-07 00:00:00-04:00,5.320000171661377,5.340000152587891,5.059999942779541,5.159999847412109,1458000,0.0,0.0
2025-05-08 00:00:00-04:00,5.300000190734863,5.394999980926514,5.190000057220459,5.349999904632568,1830700,0.0,0.0
2025-05-09 00:00:00-04:00,5.449999809265137,5.510000228881836,5.389999866485596,5.440000057220459,912200,0.0,0.0
2025-05-12 00:00:00-04:00,5.860000133514404,6.099999904632568,5.769999980926514,6.0,2215300,0.0,0.0
2025-05-13 00:00:00-04:00,6.039999961853027,6.164999961853027,5.920000076293945,6.070000171661377,1401300,0.0,0.0
2025-05-14 00:00:00-04:00,6.019999980926514,6.109000205993652,5.954999923706055,6.050000190734863,1086200,0.0,0.0
2025-05-15 00:00:00-04:00,5.880000114440918,5.960000038146973,5.744999885559082,5.860000133514404,1167800,0.0,0.0
2025-05-16 00:00:00-04:00,5.860000133514404,5.901000022888184,5.715000152587891,5.809999942779541,1358800,0.0,0.0
2025-05-19 00:00:00-04:00,5.699999809265137,5.729000091552734,5.574999809265137,5.679999828338623,862800,0.0,0.0
2025-05-20 00:00:00-04:00,5.75,5.789999961853027,5.619999885559082,5.730000019073486,1330600,0.0,0.0
2025-05-21 00:00:00-04:00,5.650000095367432,5.679999828338623,5.449999809265137,5.5,1613200,0.0,0.0
2025-05-22 00:00:00-04:00,5.409999847412109,5.635000228881836,5.2729997634887695,5.619999885559082,2197700,0.0,0.0
2025-05-23 00:00:00-04:00,5.460000038146973,5.670000076293945,5.420000076293945,5.579999923706055,1678600,0.0,0.0
2025-05-27 00:00:00-04:00,5.710000038146973,5.710000038146973,5.474999904632568,5.659999847412109,1062800,0.0,0.0
2025-05-28 00:00:00-04:00,5.730000019073486,5.739999771118164,5.425000190734863,5.449999809265137,1110600,0.0,0.0
2025-05-29 00:00:00-04:00,5.489999771118164,5.614999771118164,5.425000190734863,5.550000190734863,1131100,0.0,0.0
2025-05-30 00:00:00-04:00,5.489999771118164,5.505000114440918,5.369999885559082,5.400000095367432,943200,0.0,0.0
2025-06-02 00:00:00-04:00,5.550000190734863,5.590000152587891,5.360000133514404,5.420000076293945,1063500,0.0,0.0
2025-06-03 00:00:00-04:00,5.440000057220459,5.960000038146973,5.309999942779541,5.909999847412109,1891900,0.0,0.0
2025-06-04 00:00:00-04:00,5.889999866485596,5.96999979019165,5.59499979019165,5.679999828338623,1211500,0.0,0.0
2025-06-05 00:00:00-04:00,5.699999809265137,5.784999847412109,5.625,5.739999771118164,1118300,0.0,0.0
2025-06-06 00:00:00-04:00,5.860000133514404,6.090000152587891,5.829999923706055,5.960000038146973,911300,0.0,0.0
2025-06-09 00:00:00-04:00,6.039999961853027,6.190000057220459,5.925000190734863,6.079999923706055,1207800,0.0,0.0
2025-06-10 00:00:00-04:00,6.199999809265137,6.460000038146973,6.139999866485596,6.179999828338623,1219500,0.0,0.0
2025-06-11 00:00:00-04:00,6.300000190734863,6.460000038146973,6.159999847412109,6.409999847412109,1425600,0.0,0.0
2025-06-12 00:00:00-04:00,6.239999771118164,6.324999809265137,6.150000095367432,6.260000228881836,1456600,0.0,0.0
2025-06-13 00:00:00-04:00,6.590000152587891,6.860000133514404,6.349999904632568,6.449999809265137,2259100,0.0,0.0
2025-06-16 00:00:00-04:00,6.409999847412109,6.525000095367432,6.28000020980835,6.440000057220459,1464000,0.0,0.0
2025-06-17 00:00:00-04:00,6.510000228881836,6.889999866485596,6.460000038146973,6.71999979019165,2764700,0.0,0.0
2025-06-18 00:00:00-04:00,6.670000076293945,6.840000152587891,6.625,6.650000095367432,1958900,0.0,0.0
2025-06-20 00:00:00-04:00,6.679999828338623,6.724999904632568,6.539999961853027,6.550000190734863,3802400,0.0,0.0
2025-06-23 00:00:00-04:00,6.610000133514404,6.618000030517578,6.050000190734863,6.139999866485596,3461300,0.0,0.0
2025-06-24 00:00:00-04:00,6.059999942779541,6.239999771118164,6.010000228881836,6.110000133514404,2425500,0.0,0.0
2025-06-25 00:00:00-04:00,6.090000152587891,6.110000133514404,5.929999828338623,5.96999979019165,1320300,0.0,0.0
2025-06-26 00:00:00-04:00,5.989999771118164,6.119999885559082,5.909999847412109,6.059999942779541,1219000,0.0,0.0
2025-06-27 00:00:00-04:00,6.070000171661377,6.144999980926514,5.864999771118164,5.96999979019165,2313000,0.0,0.0
2025-06-30 00:00:00-04:00,5.940000057220459,6.130000114440918,5.909999847412109,5.96999979019165,2511400,0.0,0.0
2025-07-01 00:00:00-04:00,5.940000057220459,6.40500020980835,5.880000114440918,6.210000038146973,1943200,0.0,0.0
2025-07-02 00:00:00-04:00,6.340000152587891,6.394999980926514,6.114999771118164,6.360000133514404,2245400,0.0,0.0
2025-07-03 00:00:00-04:00,6.320000171661377,6.388000011444092,6.239999771118164,6.309999942779541,766400,0.0,0.0
2025-07-07 00:00:00-04:00,6.170000076293945,6.329999923706055,5.991000175476074,6.170000076293945,1254400,0.0,0.0
2025-07-08 00:00:00-04:00,6.179999828338623,6.704999923706055,6.179999828338623,6.639999866485596,1903600,0.0,0.0
2025-07-09 00:00:00-04:00,6.639999866485596,6.679999828338623,6.485000133514404,6.579999923706055,1733800,0.0,0.0
2025-07-10 00:00:00-04:00,6.5,6.644999980926514,6.420000076293945,6.590000152587891,1333300,0.0,0.0
2025-07-11 00:00:00-04:00,6.519999980926514,6.695000171661377,6.460000038146973,6.539999961853027,1046000,0.0,0.0
2025-07-14 00:00:00-04:00,6.429999828338623,6.429999828338623,6.199999809265137,6.269999980926514,1665400,0.0,0.0
2025-07-15 00:00:00-04:00,6.150000095367432,6.239999771118164,5.75,5.75,2084300,0.0,0.0
2025-07-16 00:00:00-04:00,5.659999847412109,5.828999996185303,5.614999771118164,5.730000019073486,1800700,0.0,0.0
2025-07-17 00:00:00-04:00,5.730000019073486,5.855000019073486,5.710000038146973,5.789999961853027,1247000,0.0,0.0
2025-07-18 00:00:00-04:00,5.909999847412109,5.909999847412109,5.605000019073486,5.670000076293945,1304200,0.0,0.0
2025-07-21 00:00:00-04:00,5.730000019073486,5.739999771118164,5.59499979019165,5.690000057220459,1186800,0.0,0.0
2025-07-22 00:00:00-04:00,5.670000076293945,5.809999942779541,5.670000076293945,5.670000076293945,1513000,0.0,0.0
2025-07-23 00:00:00-04:00,5.809999942779541,6.239999771118164,5.809999942779541,6.110000133514404,2626400,0.0,0.0
2025-07-24 00:00:00-04:00,6.019999980926514,6.210000038146973,5.960000038146973,6.099999904632568,2097000,0.0,0.0
2025-07-25 00:00:00-04:00,6.119999885559082,6.139999866485596,5.940000057220459,6.0,2164500,0.0,0.0
2025-07-28 00:00:00-04:00,6.090000152587891,6.264999866485596,6.010000228881836,6.170000076293945,1442600,0.0,0.0
2025-07-29 00:00:00-04:00,6.179999828338623,6.355000019073486,6.045000076293945,6.340000152587891,2103300,0.0,0.0
2025-07-30 00:00:00-04:00,5.079999923706055,5.619999885559082,4.989999771118164,5.610000133514404,8350100,0.0,0.0
2025-07-31 00:00:00-04:00,5.559999942779541,5.599999904632568,5.164999961853027,5.360000133514404,4264200,0.0,0.0
2025-08-01 00:00:00-04:00,5.199999809265137,5.244999885559082,4.900000095367432,5.070000171661377,3023500,0.0,0.0
2025-08-04 00:00:00-04:00,5.050000190734863,5.074999809265137,4.795000076293945,4.909999847412109,2495600,0.0,0.0
2025-08-05 00:00:00-04:00,5.010000228881836,5.269999980926514,4.965000152587891,5.25,1870100,0.0,0.0
2025-08-06 00:00:00-04:00,5.159999847412109,5.309999942779541,4.724999904632568,4.78000020980835,1894000,0.0,0.0
2025-08-07 00:00:00-04:00,4.849999904632568,4.920000076293945,4.610000133514404,4.619999885559082,2140600,0.0,0.0
2025-08-08 00:00:00-04:00,4.699999809265137,4.90500020980835,4.599999904632568,4.820000171661377,2156000,0.0,0.0
2025-08-11 00:00:00-04:00,4.860000133514404,4.989999771118164,4.65500020980835,4.699999809265137,2261300,0.0,0.0
2025-08-12 00:00:00-04:00,4.739999771118164,4.940000057220459,4.730000019073486,4.880000114440918,1763900,0.0,0.0
2025-08-13 00:00:00-04:00,4.849999904632568,4.960000038146973,4.795000076293945,4.880000114440918,2022000,0.0,0.0
2025-08-14 00:00:00-04:00,4.829999923706055,4.869999885559082,4.639999866485596,4.820000171661377,2749100,0.0,0.0
2025-08-15 00:00:00-04:00,4.829999923706055,4.880000114440918,4.739999771118164,4.789999961853027,1336000,0.0,0.0
2025-08-18 00:00:00-04:00,4.789999961853027,4.96999979019165,4.710000038146973,4.840000152587891,1741600,0.0,0.0
2025-08-19 00:00:00-04:00,4.869999885559082,4.914999961853027,4.639999866485596,4.670000076293945,1280800,0.0,0.0
2025-08-20 00:00:00-04:00,4.670000076293945,4.695000171661377,4.574999809265137,4.659999847412109,1552500,0.0,0.0
2025-08-21 00:00:00-04:00,4.630000114440918,4.679999828338623,4.510000228881836,4.599999904632568,1794100,0.0,0.0
2025-08-22 00:00:00-04:00,4.610000133514404,4.989999771118164,4.610000133514404,4.920000076293945,2491400,0.0,0.0
2025-08-25 00:00:00-04:00,4.889999866485596,5.025000095367432,4.840000152587891,4.960000038146973,1335500,0.0,0.0
2025-08-26 00:00:00-04:00,4.849999904632568,4.920000076293945,4.800000190734863,4.849999904632568,1904400,0.0,0.0
2025-08-27 00:00:00-04:00,4.829999923706055,4.980000019073486,4.809999942779541,4.900000095367432,2088100,0.0,0.0
2025-08-28 00:00:00-04:00,4.940000057220459,5.065000057220459,4.809999942779541,5.03000020980835,1530000,0.0,0.0
2025-08-29 00:00:00-04:00,5.0,5.114999771118164,4.934999942779541,5.099999904632568,1614800,0.0,0.0
2025-09-02 00:00:00-04:00,5.050000190734863,5.139999866485596,4.985000133514404,5.010000228881836,1334400,0.0,0.0
2025-09-03 00:00:00-04:00,4.949999809265137,5.074999809265137,4.75,4.78000020980835,1673200,0.0,0.0
2025-09-04 00:00:00-04:00,4.800000190734863,4.980000019073486,4.710000038146973,4.940000057220459,1502000,0.0,0.0
2025-09-05 00:00:00-04:00,4.840000152587891,4.949999809265137,4.739999771118164,4.769999980926514,1619300,0.0,0.0
2025-09-08 00:00:00-04:00,4.769999980926514,4.78000020980835,4.550000190734863,4.659999847412109,3552400,0.0,0.0
2025-09-09 00:00:00-04:00,4.690000057220459,4.795000076293945,4.519999980926514,4.519999980926514,2844800,0.0,0.0
2025-09-10 00:00:00-04:00,4.539999961853027,4.860000133514404,4.53000020980835,4.860000133514404,3347500,0.0,0.0
2025-09-11 00:00:00-04:00,4.760000228881836,4.954999923706055,4.760000228881836,4.869999885559082,2572400,0.0,0.0
2025-09-12 00:00:00-04:00,4.889999866485596,4.920000076293945,4.639999866485596,4.659999847412109,2701600,0.0,0.0
2025-09-15 00:00:00-04:00,4.710000038146973,4.829999923706055,4.635000228881836,4.699999809265137,2505300,0.0,0.0
2025-09-16 00:00:00-04:00,4.710000038146973,4.829999923706055,4.639999866485596,4.809999942779541,2176800,0.0,0.0
2025-09-17 00:00:00-04:00,4.75,4.880000114440918,4.639999866485596,4.769999980926514,4828000,0.0,0.0
2025-09-18 00:00:00-04:00,4.869999885559082,5.010000228881836,4.739999771118164,4.929999828338623,9933500,0.0,0.0
2025-09-19 00:00:00-04:00,4.940000057220459,4.96999979019165,4.760000228881836,4.849999904632568,18457000,0.0,0.0
2025-09-22 00:00:00-04:00,4.78000020980835,4.989999771118164,4.730000019073486,4.949999809265137,2735900,0.0,0.0
2025-09-23 00:00:00-04:00,5.019999980926514,5.445000171661377,4.989999771118164,5.090000152587891,4258700,0.0,0.0
2025-09-24 00:00:00-04:00,5.179999828338623,5.440000057220459,5.119999885559082,5.320000171661377,3289500,0.0,0.0
2025-09-25 00:00:00-04:00,5.25,5.335000038146973,5.190000057220459,5.260000228881836,2209500,0.0,0.0
2025-09-26 00:00:00-04:00,5.28000020980835,5.545000076293945,5.239999771118164,5.519999980926514,3030000,0.0,0.0
2025-09-29 00:00:00-04:00,5.46999979019165,5.51800012588501,5.315000057220459,5.369999885559082,2490300,0.0,0.0
2025-09-30 00:00:00-04:00,5.260000228881836,5.313000202178955,5.119999885559082,5.239999771118164,3009000,0.0,0.0
2025-10-01 00:00:00-04:00,5.199999809265137,5.460000038146973,5.199999809265137,5.429999828338623,2112400,0.0,0.0
2025-10-02 00:00:00-04:00,5.400000095367432,5.489999771118164,5.324999809265137,5.369999885559082,1825700,0.0,0.0
2025-10-03 00:00:00-04:00,5.46999979019165,5.539999961853027,5.385000228881836,5.519999980926514,2210500,0.0,0.0
2025-10-06 00:00:00-04:00,5.610000133514404,5.710000038146973,5.510000228881836,5.510000228881836,1453300,0.0,0.0
2025-10-07 00:00:00-04:00,5.480000019073486,5.566999912261963,5.34499979019165,5.440000057220459,1465300,0.0,0.0
2025-10-08 00:00:00-04:00,5.570000171661377,5.715000152587891,5.5,5.690000057220459,1515600,0.0,0.0
2025-10-09 00:00:00-04:00,5.670000076293945,5.880000114440918,5.420000076293945,5.489999771118164,2258300,0.0,0.0
2025-10-10 00:00:00-04:00,5.429999828338623,5.449999809265137,5.019999980926514,5.03000020980835,1918100,0.0,0.0
2025-10-13 00:00:00-04:00,4.900000095367432,5.190000057220459,4.869999885559082,5.190000057220459,1367400,0.0,0.0
2025-10-14 00:00:00-04:00,5.03000020980835,5.179999828338623,4.980000019073486,5.119999885559082,1644900,0.0,0.0
2025-10-15 00:00:00-04:00,5.21999979019165,5.445000171661377,5.184999942779541,5.260000228881836,1297400,0.0,0.0
2025-10-16 00:00:00-04:00,5.309999942779541,5.330999851226807,5.014999866485596,5.119999885559082,1695900,0.0,0.0
2025-10-17 00:00:00-04:00,5.090000152587891,5.659999847412109,5.03000020980835,5.539999961853027,4186000,0.0,0.0
2025-10-20 00:00:00-04:00,5.610000133514404,6.025000095367432,5.559999942779541,5.789999961853027,2516500,0.0,0.0
2025-10-21 00:00:00-04:00,5.900000095367432,6.059999942779541,5.789999961853027,5.880000114440918,1799500,0.0,0.0
2025-10-22 00:00:00-04:00,5.96999979019165,6.050000190734863,5.679999828338623,5.769999980926514,3687200,0.0,0.0
2025-10-23 00:00:00-04:00,5.989999771118164,6.329999923706055,5.960000038146973,6.329999923706055,2180700,0.0,0.0
2025-10-24 00:00:00-04:00,6.329999923706055,6.474999904632568,6.284999847412109,6.309999942779541,1633100,0.0,0.0
2025-10-27 00:00:00-04:00,7.489999771118164,7.690000057220459,7.159999847412109,7.190000057220459,3902000,0.0,0.0
2025-10-28 00:00:00-04:00,7.059999942779541,7.400000095367432,6.909999847412109,7.300000190734863,4714800,0.0,0.0
2025-10-29 00:00:00-04:00,9.0,11.279999732971191,8.550000190734863,11.100000381469727,25627000,0.0,0.0
2025-10-30 00:00:00-04:00,10.420000076293945,11.65999984741211,10.369999885559082,10.84000015258789,7291000,0.0,0.0
2025-10-31 00:00:00-04:00,10.84000015258789,10.890000343322754,10.25,10.380000114440918,6081700,0.0,0.0
2025-11-03 00:00:00-05:00,11.180000305175781,11.180000305175781,10.380000114440918,10.949999809265137,6040500,0.0,0.0
2025-11-04 00:00:00-05:00,10.390000343322754,10.899999618530273,10.074999809265137,10.170000076293945,5708000,0.0,0.0
2025-11-05 00:00:00-05:00,10.25,10.907999992370605,10.152000427246094,10.84000015258789,3277700,0.0,0.0
2025-11-06 00:00:00-05:00,10.9399995803833,11.210000038146973,10.711999893188477,10.75,3182800,0.0,0.0
2025-11-07 00:00:00-05:00,10.550000190734863,10.760000228881836,10.135000228881836,10.739999771118164,2649700,0.0,0.0
2025-11-10 00:00:00-05:00,10.960000038146973,11.100000381469727,10.420000076293945,10.619999885559082,2671900,0.0,0.0
2025-11-11 00:00:00-05:00,10.699999809265137,11.020000457763672,10.494999885559082,10.75,2556300,0.0,0.0
2025-11-12 00:00:00-05:00,11.010000228881836,11.40999984741211,10.1850004196167,10.430000305175781,4624100,0.0,0.0
2025-11-13 00:00:00-05:00,10.630000114440918,10.65999984741211,9.619999885559082,9.710000038146973,4369600,0.0,0.0
2025-11-14 00:00:00-05:00,9.470000267028809,10.180000305175781,9.34000015258789,9.920000076293945,3237400,0.0,0.0
2025-11-17 00:00:00-05:00,9.899999618530273,10.640000343322754,9.65999984741211,9.75,2941300,0.0,0.0
2025-11-18 00:00:00-05:00,9.489999771118164,9.960000038146973,9.449999809265137,9.90999984741211,2587900,0.0,0.0
2025-11-19 00:00:00-05:00,9.569999694824219,9.71500015258789,9.364999771118164,9.680000305175781,2310400,0.0,0.0
2025-11-20 00:00:00-05:00,9.880000114440918,10.229999542236328,9.0600004196167,9.170000076293945,3503900,0.0,0.0
2025-11-21 00:00:00-05:00,9.170000076293945,9.359999656677246,8.805000305175781,9.289999961853027,2005900,0.0,0.0
2025-11-24 00:00:00-05:00,9.270000457763672,9.609999656677246,9.029999732971191,9.40999984741211,2090000,0.0,0.0
2025-11-25 00:00:00-05:00,9.319999694824219,9.550000190734863,9.229999542236328,9.550000190734863,3679500,0.0,0.0
2025-11-26 00:00:00-05:00,9.470000267028809,9.574999809265137,9.289999961853027,9.420000076293945,1529900,0.0,0.0
2025-11-28 00:00:00-05:00,9.5,9.680000305175781,9.359999656677246,9.569999694824219,960300,0.0,0.0
2025-12-01 00:00:00-05:00,9.569999694824219,10.140000343322754,9.4399995803833,9.75,2367500,0.0,0.0
2025-12-02 00:00:00-05:00,9.670000076293945,9.925000190734863,9.40999984741211,9.760000228881836,1951300,0.0,0.0
2025-12-03 00:00:00-05:00,9.90999984741211,10.595000267028809,9.729999542236328,10.5,2959400,0.0,0.0
2025-12-04 00:00:00-05:00,10.460000038146973,11.170000076293945,10.300000190734863,11.109999656677246,2962900,0.0,0.0
2025-12-05 00:00:00-05:00,11.109999656677246,11.270000457763672,10.84000015258789,10.90999984741211,2393600,0.0,0.0
2025-12-08 00:00:00-05:00,10.880000114440918,10.99899959564209,10.569999694824219,10.800000190734863,1898900,0.0,0.0
2025-12-09 00:00:00-05:00,10.75,11.029999732971191,10.710000038146973,10.970000267028809,1340900,0.0,0.0
2025-12-10 00:00:00-05:00,11.369999885559082,11.649999618530273,11.010000228881836,11.300000190734863,3254200,0.0,0.0
2025-12-11 00:00:00-05:00,11.020000457763672,11.444999694824219,10.890999794006348,11.140000343322754,2331300,0.0,0.0
2025-12-12 00:00:00-05:00,11.350000381469727,11.369999885559082,10.210000038146973,10.239999771118164,4439400,0.0,0.0
2025-12-15 00:00:00-05:00,10.319999694824219,10.364999771118164,10.069999694824219,10.1899995803833,2584600,0.0,0.0
2025-12-16 00:00:00-05:00,10.039999961853027,10.074999809265137,9.319999694824219,9.520000457763672,2513000,0.0,0.0
2025-12-17 00:00:00-05:00,9.630000114440918,9.710000038146973,8.789999961853027,9.039999961853027,3974900,0.0,0.0
2025-12-18 00:00:00-05:00,9.140000343322754,9.265000343322754,8.859999656677246,9.050000190734863,1934000,0.0,0.0
2025-12-19 00:00:00-05:00,9.220000267028809,9.470000267028809,9.010000228881836,9.109999656677246,2242900,0.0,0.0
2025-12-22 00:00:00-05:00,9.4399995803833,9.600000381469727,9.319999694824219,9.350000381469727,1979600,0.0,0.0
2025-12-23 00:00:00-05:00,9.319999694824219,9.550000190734863,9.244999885559082,9.390000343322754,972900,0.0,0.0
2025-12-24 00:00:00-05:00,9.4399995803833,9.57800006866455,9.239999771118164,9.350000381469727,420200,0.0,0.0
2025-12-26 00:00:00-05:00,9.270000457763672,9.350000381469727,9.210000038146973,9.260000228881836,1309700,0.0,0.0
2025-12-29 00:00:00-05:00,9.359999656677246,9.380000114440918,9.149999618530273,9.260000228881836,1296300,0.0,0.0
2025-12-30 00:00:00-05:00,9.34000015258789,9.5600004196167,9.194999694824219,9.529999732971191,1219100,0.0,0.0
2025-12-31 00:00:00-05:00,9.539999961853027,9.609999656677246,9.359999656677246,9.510000228881836,1558100,0.0,0.0
2026-01-02 00:00:00-05:00,9.5600004196167,9.90999984741211,9.329999923706055,9.819999694824219,1954300,0.0,0.0
2026-01-05 00:00:00-05:00,10.510000228881836,10.550000190734863,9.40999984741211,9.869999885559082,2533000,0.0,0.0
2026-01-06 00:00:00-05:00,9.890000343322754,9.984999656677246,9.305000305175781,9.4399995803833,1941800,0.0,0.0
2026-01-07 00:00:00-05:00,9.460000038146973,9.529999732971191,9.225000381469727,9.3100004196167,1675800,0.0,0.0
2026-01-08 00:00:00-05:00,9.539999961853027,9.609999656677246,9.140000343322754,9.3100004196167,2323700,0.0,0.0
2026-01-09 00:00:00-05:00,9.300000190734863,9.520000457763672,9.130000114440918,9.40999984741211,1743200,0.0,0.0
2026-01-12 00:00:00-05:00,9.380000114440918,9.494999885559082,9.199999809265137,9.420000076293945,1270500,0.0,0.0
2026-01-13 00:00:00-05:00,9.649999618530273,10.399999618530273,9.625,10.109999656677246,2362300,0.0,0.0
2026-01-14 00:00:00-05:00,10.420000076293945,10.970000267028809,10.359999656677246,10.489999771118164,1832700,0.0,0.0
2026-01-15 00:00:00-05:00,10.470000267028809,10.84000015258789,10.25,10.420000076293945,2494300,0.0,0.0
2026-01-16 00:00:00-05:00,10.5600004196167,10.5600004196167,10.210000038146973,10.289999961853027,2176600,0.0,0.0
2026-01-20 00:00:00-05:00,10.130000114440918,10.479999542236328,10.005000114440918,10.369999885559082,1501800,0.0,0.0
2026-01-21 00:00:00-05:00,10.630000114440918,11.399999618530273,10.585000038146973,11.069999694824219,2568000,0.0,0.0
2026-01-22 00:00:00-05:00,11.0,11.175000190734863,10.869999885559082,11.0,1582000,0.0,0.0
2026-01-23 00:00:00-05:00,11.319999694824219,11.770000457763672,10.920000076293945,10.9399995803833,2126400,0.0,0.0
2026-01-26 00:00:00-05:00,11.100000381469727,11.357999801635742,10.949999809265137,11.119999885559082,1772400,0.0,0.0
2026-01-27 00:00:00-05:00,10.869999885559082,10.9399995803833,10.270000457763672,10.75,11351400,0.0,0.0
2026-01-28 00:00:00-05:00,10.9399995803833,11.005999565124512,10.149999618530273,10.65999984741211,5318800,0.0,0.0
2026-01-29 00:00:00-05:00,11.130000114440918,11.869999885559082,11.074999809265137,11.4399995803833,7380700,0.0,0.0
2026-01-30 00:00:00-05:00,11.170000076293945,11.539999961853027,10.949999809265137,11.489999771118164,3917500,0.0,0.0
2026-02-02 00:00:00-05:00,11.050000190734863,12.020000457763672,11.010000228881836,11.829999923706055,2849100,0.0,0.0
2026-02-03 00:00:00-05:00,11.9399995803833,12.140000343322754,11.255000114440918,11.829999923706055,3527300,0.0,0.0
2026-02-04 00:00:00-05:00,11.84000015258789,12.03499984741211,10.760000228881836,11.180000305175781,4140300,0.0,0.0
2026-02-05 00:00:00-05:00,10.739999771118164,11.130000114440918,10.362000465393066,10.75,2937200,0.0,0.0
2026-02-06 00:00:00-05:00,10.770000457763672,11.399999618530273,10.75,11.239999771118164,2908400,0.0,0.0
2026-02-09 00:00:00-05:00,11.25,11.789999961853027,11.100000381469727,11.5600004196167,2532800,0.0,0.0
2026-02-10 00:00:00-05:00,11.640000343322754,11.640000343322754,10.836999893188477,11.140000343322754,2593000,0.0,0.0
2026-02-11 00:00:00-05:00,11.329999923706055,11.789999961853027,11.270000457763672,11.619999885559082,3014000,0.0,0.0
2026-02-12 00:00:00-05:00,11.729999542236328,11.800000190734863,10.90999984741211,11.270000457763672,2387500,0.0,0.0
2026-02-13 00:00:00-05:00,11.399999618530273,12.600000381469727,11.399999618530273,12.020000457763672,4718400,0.0,0.0
2026-02-17 00:00:00-05:00,12.0,12.34000015258789,11.430000305175781,12.010000228881836,4105200,0.0,0.0
2026-02-18 00:00:00-05:00,12.5600004196167,13.25,11.130000114440918,11.260000228881836,5102300,0.0,0.0
2026-02-19 00:00:00-05:00,11.75,12.180000305175781,11.260000228881836,11.5,3993200,0.0,0.0
2026-02-20 00:00:00-05:00,11.229999542236328,11.348999977111816,10.760000228881836,11.239999771118164,2835900,0.0,0.0
2026-02-23 00:00:00-05:00,11.239999771118164,11.515000343322754,10.609999656677246,10.899999618530273,3231000,0.0,0.0
2026-02-24 00:00:00-05:00,11.029999732971191,11.654999732971191,10.75,11.619999885559082,2451900,0.0,0.0
2026-02-25 00:00:00-05:00,11.729999542236328,11.880000114440918,11.359999656677246,11.649999618530273,2266400,0.0,0.0
2026-02-26 00:00:00-05:00,11.4399995803833,12.029999732971191,11.149999618530273,11.899999618530273,2275800,0.0,0.0
2026-02-27 00:00:00-05:00,11.90999984741211,12.25,11.899999618530273,12.130000114440918,3388800,0.0,0.0
2026-03-02 00:00:00-05:00,12.350000381469727,12.789999961853027,12.149999618530273,12.59000015258789,3530300,0.0,0.0
2026-03-03 00:00:00-05:00,12.4399995803833,12.619999885559082,12.1850004196167,12.319999694824219,3186600,0.0,0.0
2026-03-04 00:00:00-05:00,12.289999961853027,12.800000190734863,12.15999984741211,12.489999771118164,1746200,0.0,0.0
2026-03-05 00:00:00-05:00,12.529999732971191,12.850000381469727,12.140000343322754,12.600000381469727,2614800,0.0,0.0
2026-03-06 00:00:00-05:00,12.40999984741211,12.930000305175781,12.319999694824219,12.399999618530273,3224800,0.0,0.0
2026-03-09 00:00:00-04:00,12.300000190734863,12.454999923706055,12.0,12.220000267028809,3335100,0.0,0.0
2026-03-10 00:00:00-04:00,12.100000381469727,12.545000076293945,11.850000381469727,12.199999809265137,2868900,0.0,0.0
2026-03-11 00:00:00-04:00,12.020000457763672,13.15999984741211,12.020000457763672,13.09000015258789,2938800,0.0,0.0
2026-03-12 00:00:00-04:00,13.069999694824219,14.5600004196167,13.0,14.390000343322754,6363400,0.0,0.0
2026-03-13 00:00:00-04:00,14.079999923706055,14.449999809265137,13.84000015258789,14.350000381469727,2985000,0.0,0.0
2026-03-16 00:00:00-04:00,14.180000305175781,14.642999649047852,13.755000114440918,14.079999923706055,3284000,0.0,0.0
2026-03-17 00:00:00-04:00,14.079999923706055,15.020000457763672,14.079999923706055,14.649999618530273,4391500,0.0,0.0
2026-03-18 00:00:00-04:00,14.789999961853027,15.180000305175781,14.649999618530273,14.90999984741211,3105900,0.0,0.0
2026-03-19 00:00:00-04:00,14.970000267028809,15.119999885559082,14.670000076293945,14.699999809265137,3265600,0.0,0.0
2026-03-20 00:00:00-04:00,14.65999984741211,14.859999656677246,14.252599716186523,14.59000015258789,1763670,0.0,0.0
