Date,Open,High,Low,Close,Volume,Dividends,Stock Splits
2022-01-04 00:00:00-05:00,17.299999237060547,17.5,16.450000762939453,17.299999237060547,414000,0.0,0.0
2022-01-05 00:00:00-05:00,17.399999618530273,17.399999618530273,15.300000190734863,15.5,571940,0.0,0.0
2022-01-06 00:00:00-05:00,15.0,15.600000381469727,14.5,15.149999618530273,452500,0.0,0.0
2022-01-07 00:00:00-05:00,14.850000381469727,15.449999809265137,14.399999618530273,14.5,462960,0.0,0.0
2022-01-10 00:00:00-05:00,13.75,14.699999809265137,13.600000381469727,14.699999809265137,403580,0.0,0.0
2022-01-11 00:00:00-05:00,14.75,15.5,14.199999809265137,15.199999809265137,348620,0.0,0.0
2022-01-12 00:00:00-05:00,16.149999618530273,16.399999618530273,15.300000190734863,15.850000381469727,475460,0.0,0.0
2022-01-13 00:00:00-05:00,16.049999237060547,16.049999237060547,14.449999809265137,14.449999809265137,483540,0.0,0.0
2022-01-14 00:00:00-05:00,14.449999809265137,15.199999809265137,14.25,15.199999809265137,324560,0.0,0.0
2022-01-17 00:00:00-05:00,15.25,15.25,14.75,14.899999618530273,101060,0.0,0.0
2022-01-18 00:00:00-05:00,14.449999809265137,14.449999809265137,13.550000190734863,13.699999809265137,516680,0.0,0.0
2022-01-19 00:00:00-05:00,14.0,14.25,13.199999809265137,13.25,327060,0.0,0.0
2022-01-20 00:00:00-05:00,13.600000381469727,14.399999618530273,13.449999809265137,13.550000190734863,415720,0.0,0.0
2022-01-21 00:00:00-05:00,12.550000190734863,12.850000381469727,11.449999809265137,11.449999809265137,930880,0.0,0.0
2022-01-24 00:00:00-05:00,10.0,11.850000381469727,9.550000190734863,11.850000381469727,1237900,0.0,0.0
2022-01-25 00:00:00-05:00,11.949999809265137,12.0,11.125,11.699999809265137,448000,0.0,0.0
2022-01-26 00:00:00-05:00,12.550000190734863,13.050000190734863,11.649999618530273,11.850000381469727,759060,0.0,0.0
2022-01-27 00:00:00-05:00,11.800000190734863,12.100000381469727,10.899999618530273,11.100000381469727,453540,0.0,0.0
2022-01-28 00:00:00-05:00,11.100000381469727,11.899999618530273,10.699999809265137,11.899999618530273,384920,0.0,0.0
2022-01-31 00:00:00-05:00,11.850000381469727,12.899999618530273,11.649999618530273,12.5,413640,0.0,0.0
2022-02-01 00:00:00-05:00,12.899999618530273,13.5,12.550000190734863,13.350000381469727,613560,0.0,0.0
2022-02-02 00:00:00-05:00,13.25,13.25,12.350000381469727,12.5,540520,0.0,0.0
2022-02-03 00:00:00-05:00,12.050000190734863,12.300000190734863,11.699999809265137,11.850000381469727,259900,0.0,0.0
2022-02-04 00:00:00-05:00,12.100000381469727,13.449999809265137,12.050000190734863,12.75,784000,0.0,0.0
2022-02-07 00:00:00-05:00,13.850000381469727,14.5,13.0,13.100000381469727,1156560,0.0,0.0
2022-02-08 00:00:00-05:00,13.199999809265137,13.725000381469727,12.850000381469727,13.199999809265137,740800,0.0,0.0
2022-02-09 00:00:00-05:00,13.449999809265137,14.300000190734863,13.300000190734863,14.300000190734863,679900,0.0,0.0
2022-02-10 00:00:00-05:00,13.899999618530273,15.199999809265137,13.449999809265137,14.25,926280,0.0,0.0
2022-02-11 00:00:00-05:00,14.0,14.399999618530273,13.225000381469727,13.300000190734863,885160,0.0,0.0
2022-02-14 00:00:00-05:00,13.449999809265137,13.699999809265137,12.600000381469727,12.800000190734863,501000,0.0,0.0
2022-02-15 00:00:00-05:00,13.850000381469727,14.300000190734863,13.5,14.050000190734863,728600,0.0,0.0
2022-02-16 00:00:00-05:00,13.649999618530273,14.100000381469727,13.399999618530273,13.625,705840,0.0,0.0
2022-02-17 00:00:00-05:00,13.100000381469727,13.449999809265137,12.699999809265137,12.850000381469727,493100,0.0,0.0
2022-02-18 00:00:00-05:00,12.75,12.899999618530273,12.25,12.699999809265137,490240,0.0,0.0
2022-02-22 00:00:00-05:00,11.899999618530273,12.350000381469727,11.600000381469727,12.0,444200,0.0,0.0
2022-02-23 00:00:00-05:00,12.399999618530273,12.5,11.350000381469727,11.399999618530273,471560,0.0,0.0
2022-02-24 00:00:00-05:00,10.050000190734863,12.399999618530273,10.050000190734863,12.399999618530273,685540,0.0,0.0
2022-02-25 00:00:00-05:00,12.649999618530273,12.75,11.949999809265137,12.199999809265137,451160,0.0,0.0
2022-02-28 00:00:00-05:00,12.25,13.149999618530273,12.100000381469727,13.0,542420,0.0,0.0
2022-03-01 00:00:00-05:00,13.800000190734863,13.800000190734863,13.0,13.149999618530273,424800,0.0,0.0
2022-03-02 00:00:00-05:00,13.25,13.550000190734863,12.899999618530273,13.149999618530273,334500,0.0,0.0
2022-03-03 00:00:00-05:00,13.100000381469727,13.149999618530273,11.899999618530273,12.050000190734863,430260,0.0,0.0
2022-03-04 00:00:00-05:00,11.899999618530273,12.050000190734863,11.149999618530273,11.350000381469727,430700,0.0,0.0
2022-03-07 00:00:00-05:00,11.300000190734863,11.449999809265137,10.5,10.550000190734863,456640,0.0,0.0
2022-03-08 00:00:00-05:00,10.699999809265137,11.399999618530273,10.550000190734863,11.149999618530273,351660,0.0,0.0
2022-03-09 00:00:00-05:00,12.5,12.5,11.649999618530273,11.899999618530273,420020,0.0,0.0
2022-03-10 00:00:00-05:00,11.149999618530273,11.800000190734863,11.149999618530273,11.699999809265137,236460,0.0,0.0
2022-03-11 00:00:00-05:00,11.75,11.75,11.0,11.0,294480,0.0,0.0
2022-03-14 00:00:00-04:00,11.050000190734863,11.100000381469727,10.25,10.550000190734863,271900,0.0,0.0
2022-03-15 00:00:00-04:00,10.699999809265137,11.149999618530273,10.199999809265137,11.100000381469727,238280,0.0,0.0
2022-03-16 00:00:00-04:00,11.350000381469727,11.800000190734863,11.0,11.800000190734863,355720,0.0,0.0
2022-03-17 00:00:00-04:00,11.800000190734863,12.300000190734863,11.699999809265137,12.25,320320,0.0,0.0
2022-03-18 00:00:00-04:00,11.899999618530273,13.0,11.899999618530273,12.600000381469727,377700,0.0,0.0
2022-03-21 00:00:00-04:00,12.5,12.649999618530273,11.899999618530273,12.149999618530273,428560,0.0,0.0
2022-03-22 00:00:00-04:00,12.899999618530273,13.175000190734863,12.600000381469727,12.800000190734863,430940,0.0,0.0
2022-03-23 00:00:00-04:00,12.75,13.149999618530273,12.300000190734863,12.550000190734863,362420,0.0,0.0
2022-03-24 00:00:00-04:00,12.850000381469727,13.600000381469727,12.5,13.600000381469727,446720,0.0,0.0
2022-03-25 00:00:00-04:00,14.050000190734863,14.199999809265137,13.050000190734863,13.100000381469727,598420,0.0,0.0
2022-03-28 00:00:00-04:00,13.850000381469727,14.649999618530273,13.774999618530273,14.399999618530273,526160,0.0,0.0
2022-03-29 00:00:00-04:00,14.350000381469727,14.550000190734863,13.75,14.199999809265137,398860,0.0,0.0
2022-03-30 00:00:00-04:00,14.0,14.199999809265137,13.800000190734863,13.800000190734863,356500,0.0,0.0
2022-03-31 00:00:00-04:00,13.949999809265137,14.0,13.199999809265137,13.300000190734863,294640,0.0,0.0
2022-04-01 00:00:00-04:00,13.25,13.649999618530273,13.050000190734863,13.199999809265137,266180,0.0,0.0
2022-04-04 00:00:00-04:00,13.25,13.5,12.899999618530273,13.25,255340,0.0,0.0
2022-04-05 00:00:00-04:00,13.449999809265137,13.449999809265137,12.550000190734863,12.699999809265137,229940,0.0,0.0
2022-04-06 00:00:00-04:00,12.5,12.5,11.75,12.0,277420,0.0,0.0
2022-04-07 00:00:00-04:00,12.0,12.199999809265137,11.5,11.850000381469727,178800,0.0,0.0
2022-04-08 00:00:00-04:00,11.699999809265137,12.0,11.600000381469727,11.699999809265137,182220,0.0,0.0
2022-04-11 00:00:00-04:00,11.449999809265137,11.600000381469727,11.149999618530273,11.300000190734863,183040,0.0,0.0
2022-04-12 00:00:00-04:00,11.5,11.800000190734863,11.100000381469727,11.199999809265137,266400,0.0,0.0
2022-04-13 00:00:00-04:00,11.100000381469727,11.949999809265137,11.100000381469727,11.699999809265137,211280,0.0,0.0
2022-04-14 00:00:00-04:00,11.699999809265137,11.699999809265137,11.050000190734863,11.100000381469727,258960,0.0,0.0
2022-04-18 00:00:00-04:00,11.100000381469727,11.25,10.600000381469727,11.050000190734863,275360,0.0,0.0
2022-04-19 00:00:00-04:00,11.5,11.675000190734863,11.0,11.5,267940,0.0,0.0
2022-04-20 00:00:00-04:00,11.649999618530273,11.649999618530273,11.050000190734863,11.074999809265137,215200,0.0,0.0
2022-04-21 00:00:00-04:00,11.550000190734863,11.649999618530273,10.600000381469727,10.675000190734863,366840,0.0,0.0
2022-04-22 00:00:00-04:00,10.699999809265137,10.899999618530273,10.199999809265137,10.199999809265137,270940,0.0,0.0
2022-04-25 00:00:00-04:00,10.0,10.75,9.949999809265137,10.550000190734863,401440,0.0,0.0
2022-04-26 00:00:00-04:00,10.550000190734863,10.649999618530273,10.0,10.0,203740,0.0,0.0
2022-04-27 00:00:00-04:00,10.149999618530273,10.449999809265137,10.0,10.050000190734863,270460,0.0,0.0
2022-04-28 00:00:00-04:00,10.25,10.5,9.75,10.149999618530273,461940,0.0,0.0
2022-04-29 00:00:00-04:00,10.0,10.449999809265137,9.399999618530273,9.449999809265137,481340,0.0,0.0
2022-05-02 00:00:00-04:00,9.600000381469727,9.824999809265137,9.25,9.699999809265137,587580,0.0,0.0
2022-05-03 00:00:00-04:00,9.800000190734863,9.899999618530273,9.600000381469727,9.75,239400,0.0,0.0
2022-05-04 00:00:00-04:00,9.949999809265137,10.149999618530273,9.274999618530273,10.149999618530273,627060,0.0,0.0
2022-05-05 00:00:00-04:00,9.949999809265137,9.949999809265137,9.25,9.399999618530273,334440,0.0,0.0
2022-05-06 00:00:00-04:00,9.199999809265137,9.375,8.800000190734863,9.0,346060,0.0,0.0
2022-05-09 00:00:00-04:00,8.25,8.5,7.449999809265137,7.5,524420,0.0,0.0
2022-05-10 00:00:00-04:00,8.0,8.425000190734863,7.599999904632568,7.75,813960,0.0,0.0
2022-05-11 00:00:00-04:00,6.849999904632568,7.400000095367432,5.949999809265137,5.949999809265137,785680,0.0,0.0
2022-05-12 00:00:00-04:00,5.449999809265137,6.099999904632568,5.050000190734863,5.550000190734863,846940,0.0,0.0
2022-05-13 00:00:00-04:00,6.099999904632568,6.300000190734863,5.699999809265137,5.849999904632568,472600,0.0,0.0
2022-05-16 00:00:00-04:00,5.849999904632568,6.0,5.449999809265137,5.75,393660,0.0,0.0
2022-05-17 00:00:00-04:00,5.75,6.050000190734863,5.724999904632568,6.0,269040,0.0,0.0
2022-05-18 00:00:00-04:00,5.949999809265137,5.949999809265137,5.5,5.599999904632568,209640,0.0,0.0
2022-05-19 00:00:00-04:00,5.599999904632568,5.949999809265137,5.599999904632568,5.650000095367432,211120,0.0,0.0
2022-05-20 00:00:00-04:00,5.949999809265137,5.949999809265137,5.400000095367432,5.800000190734863,262640,0.0,0.2
2022-05-24 00:00:00-04:00,5.489999771118164,5.489999771118164,4.800000190734863,4.929999828338623,305200,0.0,0.2
2022-05-25 00:00:00-04:00,4.929999828338623,5.059999942779541,4.699999809265137,4.710000038146973,330400,0.0,0.0
2022-05-26 00:00:00-04:00,4.650000095367432,4.940000057220459,4.550000190734863,4.849999904632568,344800,0.0,0.0
2022-05-27 00:00:00-04:00,4.800000190734863,5.119999885559082,4.800000190734863,5.050000190734863,466100,0.0,0.0
2022-05-30 00:00:00-04:00,5.340000152587891,6.179999828338623,5.28000020980835,5.920000076293945,535300,0.0,0.0
2022-05-31 00:00:00-04:00,5.800000190734863,5.820000171661377,5.449999809265137,5.53000020980835,610100,0.0,0.0
2022-06-01 00:00:00-04:00,5.590000152587891,5.639999866485596,5.03000020980835,5.039999961853027,537000,0.0,0.0
2022-06-02 00:00:00-04:00,5.050000190734863,5.28000020980835,5.0,5.239999771118164,417000,0.0,0.0
2022-06-03 00:00:00-04:00,5.190000057220459,5.340000152587891,5.039999961853027,5.329999923706055,495900,0.0,0.0
2022-06-06 00:00:00-04:00,5.53000020980835,5.590000152587891,5.110000133514404,5.21999979019165,433400,0.0,0.0
2022-06-07 00:00:00-04:00,5.099999904632568,5.170000076293945,4.909999847412109,5.105000019073486,560800,0.0,0.0
2022-06-08 00:00:00-04:00,5.019999980926514,5.21999979019165,4.869999885559082,4.900000095367432,501800,0.0,0.0
2022-06-09 00:00:00-04:00,4.860000133514404,4.909999847412109,4.519999980926514,4.550000190734863,451300,0.0,0.0
2022-06-10 00:00:00-04:00,4.440000057220459,4.519999980926514,4.25,4.329999923706055,344600,0.0,0.0
2022-06-13 00:00:00-04:00,3.700000047683716,3.9800000190734863,3.6500000953674316,3.7899999618530273,1014500,0.0,0.0
2022-06-14 00:00:00-04:00,3.740000009536743,4.059999942779541,3.6500000953674316,3.930000066757202,576600,0.0,0.0
2022-06-15 00:00:00-04:00,3.9200000762939453,4.110000133514404,3.8299999237060547,4.0,405600,0.0,0.0
2022-06-16 00:00:00-04:00,3.9100000858306885,3.930000066757202,3.6700000762939453,3.690000057220459,415200,0.0,0.0
2022-06-17 00:00:00-04:00,3.75,3.930000066757202,3.740000009536743,3.819999933242798,367800,0.0,0.0
2022-06-20 00:00:00-04:00,3.890000104904175,3.9800000190734863,3.799999952316284,3.9100000858306885,359700,0.0,0.0
2022-06-21 00:00:00-04:00,4.010000228881836,4.21999979019165,3.9100000858306885,3.9700000286102295,597600,0.0,0.0
2022-06-22 00:00:00-04:00,3.890000104904175,4.0,3.809999942779541,3.859999895095825,242600,0.0,0.0
2022-06-23 00:00:00-04:00,3.9600000381469727,4.210000038146973,3.869999885559082,4.190000057220459,328200,0.0,0.0
2022-06-24 00:00:00-04:00,4.309999942779541,4.670000076293945,4.239999771118164,4.590000152587891,402000,0.0,0.0
2022-06-27 00:00:00-04:00,4.630000114440918,4.650000095367432,4.34499979019165,4.420000076293945,201600,0.0,0.0
2022-06-28 00:00:00-04:00,4.429999828338623,4.510000228881836,4.019999980926514,4.070000171661377,235700,0.0,0.0
2022-06-29 00:00:00-04:00,3.990000009536743,4.050000190734863,3.869999885559082,4.010000228881836,250200,0.0,0.0
2022-06-30 00:00:00-04:00,3.8299999237060547,3.930000066757202,3.7200000286102295,3.8499999046325684,487000,0.0,0.0
2022-07-04 00:00:00-04:00,3.8399999141693115,3.9200000762939453,3.809999942779541,3.869999885559082,125800,0.0,0.0
2022-07-05 00:00:00-04:00,3.809999942779541,4.429999828338623,3.7300000190734863,4.400000095367432,515400,0.0,0.0
2022-07-06 00:00:00-04:00,4.329999923706055,4.409999847412109,4.159999847412109,4.199999809265137,282600,0.0,0.0
2022-07-07 00:00:00-04:00,4.260000228881836,4.739999771118164,4.260000228881836,4.71999979019165,328100,0.0,0.0
2022-07-08 00:00:00-04:00,4.670000076293945,4.829999923706055,4.389999866485596,4.710000038146973,374300,0.0,0.0
2022-07-11 00:00:00-04:00,4.300000190734863,4.53000020980835,4.230000019073486,4.239999771118164,415800,0.0,0.0
2022-07-12 00:00:00-04:00,4.099999904632568,4.28000020980835,4.070000171661377,4.130000114440918,253700,0.0,0.0
2022-07-13 00:00:00-04:00,3.9700000286102295,4.199999809265137,3.930000066757202,4.159999847412109,176500,0.0,0.0
2022-07-14 00:00:00-04:00,4.090000152587891,4.300000190734863,4.010000228881836,4.25,274400,0.0,0.0
2022-07-15 00:00:00-04:00,4.349999904632568,4.599999904632568,4.329999923706055,4.599999904632568,371800,0.0,0.0
2022-07-18 00:00:00-04:00,4.809999942779541,5.190000057220459,4.744999885559082,4.800000190734863,559500,0.0,0.0
2022-07-19 00:00:00-04:00,4.949999809265137,5.190000057220459,4.800000190734863,5.150000095367432,497200,0.0,0.0
2022-07-20 00:00:00-04:00,5.320000171661377,5.659999847412109,5.289999961853027,5.550000190734863,588200,0.0,0.0
2022-07-21 00:00:00-04:00,5.300000190734863,5.71999979019165,5.300000190734863,5.71999979019165,371800,0.0,0.0
2022-07-22 00:00:00-04:00,5.800000190734863,5.840000152587891,5.050000190734863,5.079999923706055,409600,0.0,0.0
2022-07-25 00:00:00-04:00,4.949999809265137,4.989999771118164,4.599999904632568,4.679999828338623,366000,0.0,0.0
2022-07-26 00:00:00-04:00,4.5,4.550000190734863,4.360000133514404,4.380000114440918,266100,0.0,0.0
2022-07-27 00:00:00-04:00,4.53000020980835,5.039999961853027,4.5,4.980000019073486,425500,0.0,0.0
2022-07-28 00:00:00-04:00,4.980000019073486,5.400000095367432,4.769999980926514,5.320000171661377,361900,0.0,0.0
2022-07-29 00:00:00-04:00,5.289999961853027,5.78000020980835,5.150000095367432,5.78000020980835,337300,0.0,0.0
2022-08-02 00:00:00-04:00,5.679999828338623,6.380000114440918,5.610000133514404,6.230000019073486,537800,0.0,0.0
2022-08-03 00:00:00-04:00,6.429999828338623,6.489999771118164,6.239999771118164,6.420000076293945,609700,0.0,0.0
2022-08-04 00:00:00-04:00,6.449999809265137,6.75,6.269999980926514,6.309999942779541,374000,0.0,0.0
2022-08-05 00:00:00-04:00,6.389999866485596,6.610000133514404,6.25,6.5,368600,0.0,0.0
2022-08-08 00:00:00-04:00,6.659999847412109,7.099999904632568,6.650000095367432,7.090000152587891,538700,0.0,0.0
2022-08-09 00:00:00-04:00,6.880000114440918,7.110000133514404,6.570000171661377,7.050000190734863,434000,0.0,0.0
2022-08-10 00:00:00-04:00,7.309999942779541,7.769999980926514,7.179999828338623,7.760000228881836,495900,0.0,0.0
2022-08-11 00:00:00-04:00,8.199999809265137,8.579999923706055,7.900000095367432,8.050000190734863,538300,0.0,0.0
2022-08-12 00:00:00-04:00,8.050000190734863,9.149999618530273,8.029999732971191,9.149999618530273,531400,0.0,0.0
2022-08-15 00:00:00-04:00,9.149999618530273,9.699999809265137,8.5600004196167,9.350000381469727,450000,0.0,0.0
2022-08-16 00:00:00-04:00,9.25,9.34000015258789,8.579999923706055,8.65999984741211,449500,0.0,0.0
2022-08-17 00:00:00-04:00,8.260000228881836,8.350000381469727,7.610000133514404,7.989999771118164,488900,0.0,0.0
2022-08-18 00:00:00-04:00,8.220000267028809,8.350000381469727,8.029999732971191,8.1899995803833,306400,0.0,0.0
2022-08-19 00:00:00-04:00,7.210000038146973,7.400000095367432,6.75,6.880000114440918,570400,0.0,0.0
2022-08-22 00:00:00-04:00,6.480000019073486,6.599999904632568,6.369999885559082,6.460000038146973,211100,0.0,0.0
2022-08-23 00:00:00-04:00,6.630000114440918,7.170000076293945,6.550000190734863,7.050000190734863,285100,0.0,0.0
2022-08-24 00:00:00-04:00,7.039999961853027,7.059999942779541,6.485000133514404,6.590000152587891,734400,0.0,0.0
2022-08-25 00:00:00-04:00,6.630000114440918,6.710000038146973,6.28000020980835,6.28000020980835,360100,0.0,0.0
2022-08-26 00:00:00-04:00,6.230000019073486,6.269999980926514,5.625,5.670000076293945,464600,0.0,0.0
2022-08-29 00:00:00-04:00,5.429999828338623,6.230000019073486,5.409999847412109,6.199999809265137,318300,0.0,0.0
2022-08-30 00:00:00-04:00,6.400000095367432,6.690000057220459,6.0,6.409999847412109,444400,0.0,0.0
2022-08-31 00:00:00-04:00,6.349999904632568,6.769999980926514,6.349999904632568,6.699999809265137,450500,0.0,0.0
2022-09-01 00:00:00-04:00,6.550000190734863,6.550000190734863,6.230000019073486,6.369999885559082,319500,0.0,0.0
2022-09-02 00:00:00-04:00,6.510000228881836,6.579999923706055,6.260000228881836,6.28000020980835,268300,0.0,0.0
2022-09-06 00:00:00-04:00,6.099999904632568,6.269999980926514,5.590000152587891,5.590000152587891,449500,0.0,0.0
2022-09-07 00:00:00-04:00,5.5,5.699999809265137,5.320000171661377,5.670000076293945,267500,0.0,0.0
2022-09-08 00:00:00-04:00,5.599999904632568,6.070000171661377,5.579999923706055,6.070000171661377,345200,0.0,0.0
2022-09-09 00:00:00-04:00,6.489999771118164,6.690000057220459,6.400000095367432,6.610000133514404,396600,0.0,0.0
2022-09-12 00:00:00-04:00,6.829999923706055,6.880000114440918,6.550000190734863,6.639999866485596,350400,0.0,0.0
2022-09-13 00:00:00-04:00,6.019999980926514,6.25,5.940000057220459,5.989999771118164,313800,0.0,0.0
2022-09-14 00:00:00-04:00,5.960000038146973,6.090000152587891,5.880000114440918,5.960000038146973,146300,0.0,0.0
2022-09-15 00:00:00-04:00,5.929999828338623,6.070000171661377,5.710000038146973,5.980000019073486,231100,0.0,0.0
2022-09-16 00:00:00-04:00,5.789999961853027,5.800000190734863,5.599999904632568,5.659999847412109,246200,0.0,0.0
2022-09-19 00:00:00-04:00,5.320000171661377,5.710000038146973,5.320000171661377,5.670000076293945,176400,0.0,0.0
2022-09-20 00:00:00-04:00,5.480000019073486,5.710000038146973,5.420000076293945,5.550000190734863,127000,0.0,0.0
2022-09-21 00:00:00-04:00,5.699999809265137,5.880000114440918,5.570000171661377,5.619999885559082,224000,0.0,0.0
2022-09-22 00:00:00-04:00,5.550000190734863,5.619999885559082,5.289999961853027,5.380000114440918,178500,0.0,0.0
2022-09-23 00:00:00-04:00,5.25,5.329999923706055,5.019999980926514,5.079999923706055,142000,0.0,0.0
2022-09-26 00:00:00-04:00,5.03000020980835,5.329999923706055,4.940000057220459,4.940000057220459,182900,0.0,0.0
2022-09-27 00:00:00-04:00,5.289999961853027,5.300000190734863,5.010000228881836,5.070000171661377,208900,0.0,0.0
2022-09-28 00:00:00-04:00,5.099999904632568,5.53000020980835,5.019999980926514,5.489999771118164,269100,0.0,0.0
2022-09-29 00:00:00-04:00,5.360000133514404,5.400000095367432,5.179999828338623,5.320000171661377,219300,0.0,0.0
2022-09-30 00:00:00-04:00,5.230000019073486,5.599999904632568,5.210000038146973,5.210000038146973,117200,0.0,0.0
2022-10-03 00:00:00-04:00,5.349999904632568,5.349999904632568,5.050000190734863,5.289999961853027,256700,0.0,0.0
2022-10-04 00:00:00-04:00,5.389999866485596,5.570000171661377,5.389999866485596,5.480000019073486,255200,0.0,0.0
2022-10-05 00:00:00-04:00,5.269999980926514,5.590000152587891,5.25,5.539999961853027,177200,0.0,0.0
2022-10-06 00:00:00-04:00,5.710000038146973,5.789999961853027,5.449999809265137,5.519999980926514,213400,0.0,0.0
2022-10-07 00:00:00-04:00,5.440000057220459,5.440000057220459,5.110000133514404,5.190000057220459,185900,0.0,0.0
2022-10-11 00:00:00-04:00,4.929999828338623,4.929999828338623,4.550000190734863,4.670000076293945,267000,0.0,0.0
2022-10-12 00:00:00-04:00,4.630000114440918,4.699999809265137,4.440000057220459,4.559999942779541,125100,0.0,0.0
2022-10-13 00:00:00-04:00,4.289999961853027,4.71999979019165,4.239999771118164,4.670000076293945,220900,0.0,0.0
2022-10-14 00:00:00-04:00,4.78000020980835,4.809999942779541,4.420000076293945,4.420000076293945,163000,0.0,0.0
2022-10-17 00:00:00-04:00,4.489999771118164,4.699999809265137,4.46999979019165,4.519999980926514,166500,0.0,0.0
2022-10-18 00:00:00-04:00,4.519999980926514,4.730000019073486,4.369999885559082,4.420000076293945,181700,0.0,0.0
2022-10-19 00:00:00-04:00,4.400000095367432,4.460000038146973,4.289999961853027,4.329999923706055,211400,0.0,0.0
2022-10-20 00:00:00-04:00,4.329999923706055,4.400000095367432,4.139999866485596,4.190000057220459,234500,0.0,0.0
2022-10-21 00:00:00-04:00,4.139999866485596,4.300000190734863,4.070000171661377,4.25,221500,0.0,0.0
2022-10-24 00:00:00-04:00,4.300000190734863,4.349999904632568,4.090000152587891,4.300000190734863,204800,0.0,0.0
2022-10-25 00:00:00-04:00,4.25,4.840000152587891,4.25,4.769999980926514,365800,0.0,0.0
2022-10-26 00:00:00-04:00,4.829999923706055,5.090000152587891,4.570000171661377,4.579999923706055,499300,0.0,0.0
2022-10-27 00:00:00-04:00,4.699999809265137,4.699999809265137,4.5,4.5,171300,0.0,0.0
2022-10-28 00:00:00-04:00,4.550000190734863,4.619999885559082,4.440000057220459,4.570000171661377,190000,0.0,0.0
2022-10-31 00:00:00-04:00,4.619999885559082,4.619999885559082,4.210000038146973,4.25,725600,0.0,0.0
2022-11-01 00:00:00-04:00,4.230000019073486,4.349999904632568,4.150000095367432,4.199999809265137,219200,0.0,0.0
2022-11-02 00:00:00-04:00,4.199999809265137,4.269999980926514,4.019999980926514,4.03000020980835,326300,0.0,0.0
2022-11-03 00:00:00-04:00,4.050000190734863,4.119999885559082,3.8499999046325684,3.8499999046325684,368400,0.0,0.0
2022-11-04 00:00:00-04:00,4.039999961853027,4.039999961853027,3.7850000858306885,3.859999895095825,345400,0.0,0.0
2022-11-07 00:00:00-05:00,3.930000066757202,3.930000066757202,3.6500000953674316,3.6700000762939453,378800,0.0,0.0
2022-11-08 00:00:00-05:00,3.549999952316284,3.609999895095825,3.3299999237060547,3.4200000762939453,699600,0.0,0.0
2022-11-09 00:00:00-05:00,3.240000009536743,3.359999895095825,3.0799999237060547,3.0799999237060547,511800,0.0,0.0
2022-11-10 00:00:00-05:00,3.2899999618530273,3.2899999618530273,3.0799999237060547,3.259999990463257,588500,0.0,0.0
2022-11-11 00:00:00-05:00,3.109999895095825,3.5199999809265137,3.109999895095825,3.5199999809265137,455500,0.0,0.0
2022-11-14 00:00:00-05:00,3.4800000190734863,3.490000009536743,3.299999952316284,3.299999952316284,226400,0.0,0.0
2022-11-15 00:00:00-05:00,3.4100000858306885,3.509999990463257,3.319999933242798,3.4000000953674316,497900,0.0,0.0
2022-11-16 00:00:00-05:00,3.3499999046325684,3.3499999046325684,3.109999895095825,3.140000104904175,286900,0.0,0.0
2022-11-17 00:00:00-05:00,3.059999942779541,3.180000066757202,3.0199999809265137,3.1500000953674316,158100,0.0,0.0
2022-11-18 00:00:00-05:00,3.130000114440918,3.1500000953674316,2.9800000190734863,3.0,253700,0.0,0.0
2022-11-21 00:00:00-05:00,2.9000000953674316,2.9200000762939453,2.690000057220459,2.7200000286102295,329700,0.0,0.0
2022-11-22 00:00:00-05:00,2.7200000286102295,2.8299999237060547,2.6600000858306885,2.8299999237060547,235500,0.0,0.0
2022-11-23 00:00:00-05:00,2.859999895095825,2.930000066757202,2.7799999713897705,2.859999895095825,195200,0.0,0.0
2022-11-24 00:00:00-05:00,2.9800000190734863,3.009999990463257,2.9200000762939453,2.940000057220459,58000,0.0,0.0
2022-11-25 00:00:00-05:00,2.9000000953674316,2.9000000953674316,2.7899999618530273,2.880000114440918,135200,0.0,0.0
2022-11-28 00:00:00-05:00,2.809999942779541,2.869999885559082,2.690000057220459,2.7100000381469727,206200,0.0,0.0
2022-11-29 00:00:00-05:00,2.7200000286102295,2.799999952316284,2.7100000381469727,2.759999990463257,139700,0.0,0.0
2022-11-30 00:00:00-05:00,2.7799999713897705,2.869999885559082,2.7300000190734863,2.8399999141693115,253200,0.0,0.0
2022-12-01 00:00:00-05:00,2.8499999046325684,2.990000009536743,2.8499999046325684,2.940000057220459,166200,0.0,0.0
2022-12-02 00:00:00-05:00,2.869999885559082,3.0,2.859999895095825,3.0,167200,0.0,0.0
2022-12-05 00:00:00-05:00,3.049999952316284,3.059999942779541,2.759999990463257,2.765000104904175,251800,0.0,0.0
2022-12-06 00:00:00-05:00,2.759999990463257,2.8399999141693115,2.619999885559082,2.6500000953674316,252100,0.0,0.0
2022-12-07 00:00:00-05:00,2.609999895095825,2.640000104904175,2.509999990463257,2.549999952316284,163300,0.0,0.0
2022-12-08 00:00:00-05:00,2.5299999713897705,2.640000104904175,2.5199999809265137,2.5899999141693115,175700,0.0,0.0
2022-12-09 00:00:00-05:00,2.640000104904175,2.680000066757202,2.559999942779541,2.619999885559082,119000,0.0,0.0
2022-12-12 00:00:00-05:00,2.609999895095825,2.680000066757202,2.5799999237060547,2.5799999237060547,153300,0.0,0.0
2022-12-13 00:00:00-05:00,2.7300000190734863,2.9000000953674316,2.630000114440918,2.630000114440918,311200,0.0,0.0
2022-12-14 00:00:00-05:00,2.6600000858306885,2.7300000190734863,2.5999999046325684,2.7100000381469727,162600,0.0,0.0
2022-12-15 00:00:00-05:00,2.6600000858306885,2.6600000858306885,2.549999952316284,2.559999942779541,133400,0.0,0.0
2022-12-16 00:00:00-05:00,2.5299999713897705,2.630000114440918,2.430000066757202,2.5399999618530273,277300,0.0,0.0
2022-12-19 00:00:00-05:00,2.4700000286102295,2.4800000190734863,2.380000114440918,2.4000000953674316,197900,0.0,0.0
2022-12-20 00:00:00-05:00,2.390000104904175,2.490000009536743,2.369999885559082,2.4000000953674316,177800,0.0,0.0
2022-12-21 00:00:00-05:00,2.4200000762939453,2.430000066757202,2.359999895095825,2.369999885559082,227200,0.0,0.0
2022-12-22 00:00:00-05:00,2.3499999046325684,2.3499999046325684,2.140000104904175,2.200000047683716,282100,0.0,0.0
2022-12-23 00:00:00-05:00,2.200000047683716,2.259999990463257,2.140000104904175,2.140000104904175,184100,0.0,0.0
2022-12-28 00:00:00-05:00,2.0999999046325684,2.109999895095825,1.9299999475479126,1.9299999475479126,293200,0.0,0.0
2022-12-29 00:00:00-05:00,1.9299999475479126,2.0299999713897705,1.899999976158142,1.9700000286102295,262700,0.0,0.0
2022-12-30 00:00:00-05:00,1.899999976158142,1.9500000476837158,1.850000023841858,1.9500000476837158,178600,0.0,0.0
2023-01-03 00:00:00-05:00,2.009999990463257,2.0999999046325684,1.9800000190734863,2.0899999141693115,202200,0.0,0.0
2023-01-04 00:00:00-05:00,2.130000114440918,2.450000047683716,2.0899999141693115,2.450000047683716,199100,0.0,0.0
2023-01-05 00:00:00-05:00,2.4100000858306885,2.440000057220459,2.309999942779541,2.4100000858306885,112600,0.0,0.0
2023-01-06 00:00:00-05:00,2.430000066757202,2.440000057220459,2.299999952316284,2.440000057220459,124200,0.0,0.0
2023-01-09 00:00:00-05:00,2.5999999046325684,3.0,2.5899999141693115,2.819999933242798,379300,0.0,0.0
2023-01-10 00:00:00-05:00,2.9000000953674316,3.0,2.8299999237060547,2.9800000190734863,328700,0.0,0.0
2023-01-11 00:00:00-05:00,2.990000009536743,3.140000104904175,2.9000000953674316,3.0999999046325684,340300,0.0,0.0
2023-01-12 00:00:00-05:00,3.369999885559082,4.28000020980835,3.140000104904175,4.230000019073486,1165400,0.0,0.0
2023-01-13 00:00:00-05:00,4.099999904632568,4.820000171661377,3.9100000858306885,4.170000076293945,1416200,0.0,0.0
2023-01-16 00:00:00-05:00,4.670000076293945,4.71999979019165,4.449999809265137,4.550000190734863,577000,0.0,0.0
2023-01-17 00:00:00-05:00,4.650000095367432,4.809999942779541,4.260000228881836,4.440000057220459,916900,0.0,0.0
2023-01-18 00:00:00-05:00,4.5,4.619999885559082,3.819999933242798,3.8299999237060547,722500,0.0,0.0
2023-01-19 00:00:00-05:00,3.640000104904175,3.9700000286102295,3.549999952316284,3.880000114440918,507000,0.0,0.0
2023-01-20 00:00:00-05:00,4.019999980926514,4.210000038146973,3.880000114440918,4.199999809265137,628000,0.0,0.0
2023-01-23 00:00:00-05:00,4.46999979019165,4.710000038146973,4.300000190734863,4.599999904632568,869100,0.0,0.0
2023-01-24 00:00:00-05:00,4.53000020980835,4.650000095367432,4.400000095367432,4.449999809265137,555100,0.0,0.0
2023-01-25 00:00:00-05:00,4.309999942779541,4.5,4.079999923706055,4.460000038146973,422600,0.0,0.0
2023-01-26 00:00:00-05:00,4.590000152587891,4.75,4.460000038146973,4.53000020980835,448600,0.0,0.0
2023-01-27 00:00:00-05:00,4.53000020980835,4.639999866485596,4.449999809265137,4.53000020980835,464700,0.0,0.0
2023-01-30 00:00:00-05:00,4.5,4.699999809265137,4.239999771118164,4.309999942779541,695300,0.0,0.0
2023-01-31 00:00:00-05:00,4.610000133514404,4.610000133514404,4.409999847412109,4.579999923706055,476500,0.0,0.0
2023-02-01 00:00:00-05:00,4.599999904632568,4.96999979019165,4.440000057220459,4.96999979019165,787400,0.0,0.0
2023-02-02 00:00:00-05:00,5.150000095367432,5.699999809265137,5.150000095367432,5.510000228881836,914000,0.0,0.0
2023-02-03 00:00:00-05:00,5.309999942779541,5.480000019073486,4.989999771118164,5.019999980926514,647700,0.0,0.0
2023-02-06 00:00:00-05:00,4.860000133514404,5.119999885559082,4.769999980926514,4.829999923706055,890100,0.0,0.0
2023-02-07 00:00:00-05:00,4.909999847412109,4.909999847412109,4.599999904632568,4.820000171661377,496300,0.0,0.0
2023-02-08 00:00:00-05:00,4.900000095367432,4.954999923706055,4.710000038146973,4.800000190734863,326900,0.0,0.0
2023-02-09 00:00:00-05:00,4.849999904632568,4.849999904632568,4.139999866485596,4.150000095367432,594900,0.0,0.0
2023-02-10 00:00:00-05:00,4.0,4.079999923706055,3.8499999046325684,3.9200000762939453,567900,0.0,0.0
2023-02-13 00:00:00-05:00,3.930000066757202,4.039999961853027,3.8399999141693115,4.039999961853027,205000,0.0,0.0
2023-02-14 00:00:00-05:00,4.019999980926514,4.5,3.950000047683716,4.400000095367432,619100,0.0,0.0
2023-02-15 00:00:00-05:00,4.489999771118164,4.75,4.289999961853027,4.690000057220459,750700,0.0,0.0
2023-02-16 00:00:00-05:00,4.690000057220459,4.980000019073486,4.420000076293945,4.420000076293945,698400,0.0,0.0
2023-02-17 00:00:00-05:00,4.5,4.559999942779541,4.309999942779541,4.53000020980835,515800,0.0,0.0
2023-02-21 00:00:00-05:00,4.300000190734863,4.539999961853027,4.070000171661377,4.070000171661377,384100,0.0,0.0
2023-02-22 00:00:00-05:00,4.090000152587891,4.199999809265137,3.930000066757202,3.940000057220459,362900,0.0,0.0
2023-02-23 00:00:00-05:00,4.070000171661377,4.099999904632568,3.809999942779541,3.8299999237060547,263000,0.0,0.0
2023-02-24 00:00:00-05:00,3.799999952316284,3.809999942779541,3.5199999809265137,3.5999999046325684,298900,0.0,0.0
2023-02-27 00:00:00-05:00,3.809999942779541,3.880000114440918,3.7100000381469727,3.7100000381469727,275900,0.0,0.0
2023-02-28 00:00:00-05:00,3.7300000190734863,3.940000057220459,3.690000057220459,3.880000114440918,261200,0.0,0.0
2023-03-01 00:00:00-05:00,4.0,4.0,3.7899999618530273,3.809999942779541,139200,0.0,0.0
2023-03-02 00:00:00-05:00,3.7200000286102295,3.8499999046325684,3.640000104904175,3.7799999713897705,266800,0.0,0.0
2023-03-03 00:00:00-05:00,3.640000104904175,3.75,3.490000009536743,3.75,532100,0.0,0.0
2023-03-06 00:00:00-05:00,3.700000047683716,3.9200000762939453,3.690000057220459,3.75,325900,0.0,0.0
2023-03-07 00:00:00-05:00,3.759999990463257,3.759999990463257,3.575000047683716,3.5999999046325684,331800,0.0,0.0
2023-03-08 00:00:00-05:00,3.609999895095825,3.690000057220459,3.5199999809265137,3.6600000858306885,211700,0.0,0.0
2023-03-09 00:00:00-05:00,3.7200000286102295,3.7200000286102295,3.25,3.2799999713897705,423100,0.0,0.0
2023-03-10 00:00:00-05:00,3.140000104904175,3.359999895095825,3.049999952316284,3.2100000381469727,692800,0.0,0.0
2023-03-13 00:00:00-04:00,3.569999933242798,3.7200000286102295,3.25,3.700000047683716,909900,0.0,0.0
2023-03-14 00:00:00-04:00,4.150000095367432,4.199999809265137,3.819999933242798,3.869999885559082,662800,0.0,0.0
2023-03-15 00:00:00-04:00,3.880000114440918,3.890000104904175,3.6500000953674316,3.869999885559082,413900,0.0,0.0
2023-03-16 00:00:00-04:00,3.9000000953674316,4.03000020980835,3.799999952316284,3.9600000381469727,344600,0.0,0.0
2023-03-17 00:00:00-04:00,4.119999885559082,4.400000095367432,4.059999942779541,4.199999809265137,654900,0.0,0.0
2023-03-20 00:00:00-04:00,4.5,4.5,3.9100000858306885,4.110000133514404,631700,0.0,0.0
2023-03-21 00:00:00-04:00,4.150000095367432,4.53000020980835,4.099999904632568,4.519999980926514,593700,0.0,0.0
2023-03-22 00:00:00-04:00,4.53000020980835,4.679999828338623,4.150000095367432,4.150000095367432,479500,0.0,0.0
2023-03-23 00:00:00-04:00,4.21999979019165,4.579999923706055,4.21999979019165,4.409999847412109,684500,0.0,0.0
2023-03-24 00:00:00-04:00,4.389999866485596,4.429999828338623,4.239999771118164,4.269999980926514,242100,0.0,0.0
2023-03-27 00:00:00-04:00,4.300000190734863,4.329999923706055,3.950000047683716,3.9800000190734863,337800,0.0,0.0
2023-03-28 00:00:00-04:00,3.9600000381469727,4.010000228881836,3.8299999237060547,3.9800000190734863,228400,0.0,0.0
2023-03-29 00:00:00-04:00,4.150000095367432,4.349999904632568,4.150000095367432,4.28000020980835,550100,0.0,0.0
2023-03-30 00:00:00-04:00,4.340000152587891,4.349999904632568,4.239999771118164,4.329999923706055,314500,0.0,0.0
2023-03-31 00:00:00-04:00,4.260000228881836,4.489999771118164,4.260000228881836,4.460000038146973,349600,0.0,0.0
2023-04-03 00:00:00-04:00,4.409999847412109,4.559999942779541,4.320000171661377,4.53000020980835,284400,0.0,0.0
2023-04-04 00:00:00-04:00,4.53000020980835,4.53000020980835,4.340000152587891,4.409999847412109,194200,0.0,0.0
2023-04-05 00:00:00-04:00,4.5,4.5,4.179999828338623,4.239999771118164,251600,0.0,0.0
2023-04-06 00:00:00-04:00,4.21999979019165,4.380000114440918,4.079999923706055,4.349999904632568,163900,0.0,0.0
2023-04-10 00:00:00-04:00,4.300000190734863,4.75,4.190000057220459,4.744999885559082,570200,0.0,0.0
2023-04-11 00:00:00-04:00,4.840000152587891,5.179999828338623,4.809999942779541,5.059999942779541,727900,0.0,0.0
2023-04-12 00:00:00-04:00,5.130000114440918,5.139999866485596,4.809999942779541,4.809999942779541,379200,0.0,0.0
2023-04-13 00:00:00-04:00,4.960000038146973,5.480000019073486,4.920000076293945,5.340000152587891,695100,0.0,0.0
2023-04-14 00:00:00-04:00,5.5,5.590000152587891,5.170000076293945,5.420000076293945,726600,0.0,0.0
2023-04-17 00:00:00-04:00,5.070000171661377,5.210000038146973,4.849999904632568,5.139999866485596,519400,0.0,0.0
2023-04-18 00:00:00-04:00,5.400000095367432,5.480000019073486,5.25,5.269999980926514,377400,0.0,0.0
2023-04-19 00:00:00-04:00,5.0,5.059999942779541,4.869999885559082,4.889999866485596,384500,0.0,0.0
2023-04-20 00:00:00-04:00,4.849999904632568,4.900000095367432,4.489999771118164,4.489999771118164,414500,0.0,0.0
2023-04-21 00:00:00-04:00,4.489999771118164,4.559999942779541,4.320000171661377,4.369999885559082,331000,0.0,0.0
2023-04-24 00:00:00-04:00,4.480000019073486,4.480000019073486,4.25,4.289999961853027,201700,0.0,0.0
2023-04-25 00:00:00-04:00,4.25,4.380000114440918,4.090000152587891,4.289999961853027,324700,0.0,0.0
2023-04-26 00:00:00-04:00,4.590000152587891,4.699999809265137,4.480000019073486,4.519999980926514,579500,0.0,0.0
2023-04-27 00:00:00-04:00,4.559999942779541,4.639999866485596,4.460000038146973,4.639999866485596,419300,0.0,0.0
2023-04-28 00:00:00-04:00,4.570000171661377,4.659999847412109,4.349999904632568,4.409999847412109,316500,0.0,0.0
2023-05-01 00:00:00-04:00,4.349999904632568,4.349999904632568,4.090000152587891,4.130000114440918,514400,0.0,0.0
2023-05-02 00:00:00-04:00,4.130000114440918,4.320000171661377,4.019999980926514,4.25,373200,0.0,0.0
2023-05-03 00:00:00-04:00,4.21999979019165,4.260000228881836,4.110000133514404,4.110000133514404,318300,0.0,0.0
2023-05-04 00:00:00-04:00,4.190000057220459,4.239999771118164,4.079999923706055,4.079999923706055,325500,0.0,0.0
2023-05-05 00:00:00-04:00,4.150000095367432,4.269999980926514,4.110000133514404,4.260000228881836,336300,0.0,0.0
2023-05-08 00:00:00-04:00,4.139999866485596,4.139999866485596,4.039999961853027,4.110000133514404,278600,0.0,0.0
2023-05-09 00:00:00-04:00,4.099999904632568,4.170000076293945,4.039999961853027,4.170000076293945,168500,0.0,0.0
2023-05-10 00:00:00-04:00,4.170000076293945,4.380000114440918,4.150000095367432,4.199999809265137,501000,0.0,0.0
2023-05-11 00:00:00-04:00,4.199999809265137,4.199999809265137,3.880000114440918,4.019999980926514,458500,0.0,0.0
2023-05-12 00:00:00-04:00,3.880000114440918,3.890000104904175,3.75,3.8499999046325684,378400,0.0,0.0
2023-05-15 00:00:00-04:00,3.930000066757202,4.190000057220459,3.890000104904175,4.190000057220459,379500,0.0,0.0
2023-05-16 00:00:00-04:00,4.110000133514404,4.199999809265137,4.010000228881836,4.03000020980835,221500,0.0,0.0
2023-05-17 00:00:00-04:00,4.039999961853027,4.239999771118164,4.0,4.230000019073486,319100,0.0,0.0
2023-05-18 00:00:00-04:00,4.199999809265137,4.269999980926514,4.130000114440918,4.210000038146973,245100,0.0,0.0
2023-05-19 00:00:00-04:00,4.190000057220459,4.230000019073486,4.119999885559082,4.179999828338623,190000,0.0,0.0
2023-05-23 00:00:00-04:00,4.269999980926514,4.400000095367432,4.079999923706055,4.150000095367432,319200,0.0,0.0
2023-05-24 00:00:00-04:00,4.099999904632568,4.150000095367432,4.0,4.099999904632568,247800,0.0,0.0
2023-05-25 00:00:00-04:00,4.03000020980835,4.110000133514404,3.9700000286102295,4.090000152587891,161600,0.0,0.0
2023-05-26 00:00:00-04:00,4.079999923706055,4.190000057220459,4.050000190734863,4.070000171661377,256800,0.0,0.0
2023-05-29 00:00:00-04:00,4.179999828338623,4.300000190734863,4.170000076293945,4.239999771118164,219800,0.0,0.0
2023-05-30 00:00:00-04:00,4.329999923706055,4.429999828338623,4.190000057220459,4.289999961853027,271200,0.0,0.0
2023-05-31 00:00:00-04:00,4.199999809265137,4.429999828338623,4.179999828338623,4.429999828338623,287200,0.0,0.0
2023-06-01 00:00:00-04:00,4.28000020980835,4.489999771118164,4.275000095367432,4.420000076293945,214600,0.0,0.0
2023-06-02 00:00:00-04:00,4.5,4.570000171661377,4.320000171661377,4.360000133514404,190100,0.0,0.0
2023-06-05 00:00:00-04:00,4.239999771118164,4.28000020980835,4.130000114440918,4.150000095367432,256200,0.0,0.0
2023-06-06 00:00:00-04:00,4.099999904632568,4.260000228881836,4.010000228881836,4.230000019073486,308500,0.0,0.0
2023-06-07 00:00:00-04:00,4.25,4.309999942779541,4.099999904632568,4.119999885559082,251600,0.0,0.0
2023-06-08 00:00:00-04:00,4.150000095367432,4.210000038146973,4.059999942779541,4.099999904632568,106400,0.0,0.0
2023-06-09 00:00:00-04:00,4.159999847412109,4.190000057220459,3.9749999046325684,4.0,151300,0.0,0.0
2023-06-12 00:00:00-04:00,3.9100000858306885,4.159999847412109,3.9100000858306885,4.150000095367432,169300,0.0,0.0
2023-06-13 00:00:00-04:00,4.130000114440918,4.199999809265137,4.079999923706055,4.139999866485596,136600,0.0,0.0
2023-06-14 00:00:00-04:00,4.130000114440918,4.199999809265137,4.079999923706055,4.170000076293945,183600,0.0,0.0
2023-06-15 00:00:00-04:00,4.0,4.099999904632568,4.0,4.099999904632568,189800,0.0,0.0
2023-06-16 00:00:00-04:00,4.059999942779541,4.420000076293945,4.050000190734863,4.349999904632568,597700,0.0,0.0
2023-06-19 00:00:00-04:00,4.429999828338623,4.53000020980835,4.349999904632568,4.46999979019165,246300,0.0,0.0
2023-06-20 00:00:00-04:00,4.449999809265137,4.800000190734863,4.360000133514404,4.760000228881836,588100,0.0,0.0
2023-06-21 00:00:00-04:00,5.0,5.170000076293945,4.900000095367432,4.960000038146973,871700,0.0,0.0
2023-06-22 00:00:00-04:00,5.0,5.170000076293945,4.809999942779541,5.119999885559082,573000,0.0,0.0
2023-06-23 00:00:00-04:00,5.050000190734863,5.46999979019165,4.960000038146973,5.46999979019165,769400,0.0,0.0
2023-06-26 00:00:00-04:00,5.340000152587891,5.650000095367432,5.099999904632568,5.170000076293945,452200,0.0,0.0
2023-06-27 00:00:00-04:00,5.309999942779541,5.71999979019165,5.300000190734863,5.699999809265137,757300,0.0,0.0
2023-06-28 00:00:00-04:00,5.429999828338623,6.099999904632568,5.429999828338623,5.900000095367432,790100,0.0,0.0
2023-06-29 00:00:00-04:00,6.110000133514404,6.309999942779541,5.909999847412109,6.139999866485596,526800,0.0,0.0
2023-06-30 00:00:00-04:00,6.349999904632568,6.420000076293945,5.889999866485596,6.139999866485596,968500,0.0,0.0
2023-07-04 00:00:00-04:00,6.349999904632568,6.550000190734863,6.349999904632568,6.510000228881836,465200,0.0,0.0
2023-07-05 00:00:00-04:00,6.460000038146973,6.960000038146973,6.269999980926514,6.860000133514404,817000,0.0,0.0
2023-07-06 00:00:00-04:00,6.920000076293945,7.079999923706055,6.610000133514404,6.929999828338623,940500,0.0,0.0
2023-07-07 00:00:00-04:00,6.900000095367432,7.570000171661377,6.889999866485596,7.360000133514404,919800,0.0,0.0
2023-07-10 00:00:00-04:00,7.429999828338623,7.880000114440918,7.119999885559082,7.880000114440918,791900,0.0,0.0
2023-07-11 00:00:00-04:00,7.929999828338623,7.980000019073486,7.369999885559082,7.489999771118164,676100,0.0,0.0
2023-07-12 00:00:00-04:00,7.880000114440918,7.880000114440918,7.550000190734863,7.610000133514404,354200,0.0,0.0
2023-07-13 00:00:00-04:00,7.670000076293945,8.960000038146973,7.670000076293945,8.6899995803833,1345000,0.0,0.0
2023-07-14 00:00:00-04:00,8.699999809265137,8.739999771118164,7.679999828338623,7.900000095367432,1120000,0.0,0.0
2023-07-17 00:00:00-04:00,7.989999771118164,8.390000343322754,7.539999961853027,7.550000190734863,711500,0.0,0.0
2023-07-18 00:00:00-04:00,7.260000228881836,7.579999923706055,7.03000020980835,7.369999885559082,402200,0.0,0.0
2023-07-19 00:00:00-04:00,7.449999809265137,7.809999942779541,7.380000114440918,7.590000152587891,372600,0.0,0.0
2023-07-20 00:00:00-04:00,7.840000152587891,7.860000133514404,7.139999866485596,7.150000095367432,363300,0.0,0.0
2023-07-21 00:00:00-04:00,7.300000190734863,7.409999847412109,6.760000228881836,7.039999961853027,471300,0.0,0.0
2023-07-24 00:00:00-04:00,6.849999904632568,6.949999809265137,6.559999942779541,6.78000020980835,453300,0.0,0.0
2023-07-25 00:00:00-04:00,6.900000095367432,7.119999885559082,6.789999961853027,6.809999942779541,263300,0.0,0.0
2023-07-26 00:00:00-04:00,6.789999961853027,7.070000171661377,6.679999828338623,7.0,301100,0.0,0.0
2023-07-27 00:00:00-04:00,7.199999809265137,7.199999809265137,6.650000095367432,6.650000095367432,270500,0.0,0.0
2023-07-28 00:00:00-04:00,6.75,7.050000190734863,6.75,7.019999980926514,297800,0.0,0.0
2023-07-31 00:00:00-04:00,7.010000228881836,7.230000019073486,7.010000228881836,7.139999866485596,295100,0.0,0.0
2023-08-01 00:00:00-04:00,7.019999980926514,7.019999980926514,6.699999809265137,6.880000114440918,286700,0.0,0.0
2023-08-02 00:00:00-04:00,6.900000095367432,7.050000190734863,6.599999904632568,6.639999866485596,271800,0.0,0.0
2023-08-03 00:00:00-04:00,6.510000228881836,6.659999847412109,6.420000076293945,6.5,194800,0.0,0.0
2023-08-04 00:00:00-04:00,6.510000228881836,6.579999923706055,6.260000228881836,6.289999961853027,237000,0.0,0.0
2023-08-08 00:00:00-04:00,6.46999979019165,6.639999866485596,6.119999885559082,6.559999942779541,373000,0.0,0.0
2023-08-09 00:00:00-04:00,6.619999885559082,6.75,6.199999809265137,6.210000038146973,258000,0.0,0.0
2023-08-10 00:00:00-04:00,6.25,6.559999942779541,5.960000038146973,5.989999771118164,275700,0.0,0.0
2023-08-11 00:00:00-04:00,6.070000171661377,6.320000171661377,5.960000038146973,6.28000020980835,294900,0.0,0.0
2023-08-14 00:00:00-04:00,6.199999809265137,6.300000190734863,5.880000114440918,6.099999904632568,294200,0.0,0.0
2023-08-15 00:00:00-04:00,6.03000020980835,6.150000095367432,5.659999847412109,5.690000057220459,206300,0.0,0.0
2023-08-16 00:00:00-04:00,5.639999866485596,5.760000228881836,5.510000228881836,5.650000095367432,215600,0.0,0.0
2023-08-17 00:00:00-04:00,5.510000228881836,5.510000228881836,5.139999866485596,5.190000057220459,395600,0.0,0.0
2023-08-18 00:00:00-04:00,4.889999866485596,5.199999809265137,4.829999923706055,5.119999885559082,394800,0.0,0.0
2023-08-21 00:00:00-04:00,5.059999942779541,5.199999809265137,4.809999942779541,4.849999904632568,354100,0.0,0.0
2023-08-22 00:00:00-04:00,4.75,4.940000057220459,4.639999866485596,4.71999979019165,223200,0.0,0.0
2023-08-23 00:00:00-04:00,4.75,5.199999809265137,4.710000038146973,5.119999885559082,409700,0.0,0.0
2023-08-24 00:00:00-04:00,5.099999904632568,5.119999885559082,4.670000076293945,4.690000057220459,283100,0.0,0.0
2023-08-25 00:00:00-04:00,4.699999809265137,4.840000152587891,4.599999904632568,4.679999828338623,292500,0.0,0.0
2023-08-28 00:00:00-04:00,4.769999980926514,4.809999942779541,4.659999847412109,4.679999828338623,185000,0.0,0.0
2023-08-29 00:00:00-04:00,4.650000095367432,5.570000171661377,4.599999904632568,5.369999885559082,557200,0.0,0.0
2023-08-30 00:00:00-04:00,5.349999904632568,5.380000114440918,5.150000095367432,5.269999980926514,268100,0.0,0.0
2023-08-31 00:00:00-04:00,5.199999809265137,5.329999923706055,4.920000076293945,4.960000038146973,320200,0.0,0.0
2023-09-01 00:00:00-04:00,4.989999771118164,4.989999771118164,4.630000114440918,4.739999771118164,420300,0.0,0.0
2023-09-05 00:00:00-04:00,4.650000095367432,4.75,4.599999904632568,4.679999828338623,294000,0.0,0.0
2023-09-06 00:00:00-04:00,4.829999923706055,4.829999923706055,4.590000152587891,4.659999847412109,399000,0.0,0.0
2023-09-07 00:00:00-04:00,4.599999904632568,4.730000019073486,4.46999979019165,4.650000095367432,176400,0.0,0.0
2023-09-08 00:00:00-04:00,4.670000076293945,4.670000076293945,4.505000114440918,4.550000190734863,219800,0.0,0.0
2023-09-11 00:00:00-04:00,4.579999923706055,4.579999923706055,4.289999961853027,4.289999961853027,228100,0.0,0.0
2023-09-12 00:00:00-04:00,4.590000152587891,4.769999980926514,4.329999923706055,4.409999847412109,510300,0.0,0.0
2023-09-13 00:00:00-04:00,4.440000057220459,4.440000057220459,4.210000038146973,4.284999847412109,260600,0.0,0.0
2023-09-14 00:00:00-04:00,4.380000114440918,4.570000171661377,4.340000152587891,4.420000076293945,252300,0.0,0.0
2023-09-15 00:00:00-04:00,4.400000095367432,4.400000095367432,4.215000152587891,4.269999980926514,266200,0.0,0.0
2023-09-18 00:00:00-04:00,4.53000020980835,4.610000133514404,4.28000020980835,4.289999961853027,432100,0.0,0.0
2023-09-19 00:00:00-04:00,4.309999942779541,4.420000076293945,4.179999828338623,4.25,172700,0.0,0.0
2023-09-20 00:00:00-04:00,4.289999961853027,4.340000152587891,4.139999866485596,4.139999866485596,199900,0.0,0.0
2023-09-21 00:00:00-04:00,4.099999904632568,4.099999904632568,3.9700000286102295,4.079999923706055,265700,0.0,0.0
2023-09-22 00:00:00-04:00,4.130000114440918,4.159999847412109,4.010000228881836,4.039999961853027,211000,0.0,0.0
2023-09-25 00:00:00-04:00,4.039999961853027,4.090000152587891,3.9200000762939453,4.059999942779541,131800,0.0,0.0
2023-09-26 00:00:00-04:00,3.990000009536743,4.039999961853027,3.940000057220459,3.950000047683716,126500,0.0,0.0
2023-09-27 00:00:00-04:00,4.090000152587891,4.139999866485596,3.930000066757202,4.050000190734863,195000,0.0,0.0
2023-09-28 00:00:00-04:00,4.070000171661377,4.349999904632568,4.0,4.230000019073486,446000,0.0,0.0
2023-09-29 00:00:00-04:00,4.260000228881836,4.329999923706055,4.159999847412109,4.190000057220459,176600,0.0,0.0
2023-10-02 00:00:00-04:00,4.440000057220459,4.670000076293945,4.170000076293945,4.239999771118164,476800,0.0,0.0
2023-10-03 00:00:00-04:00,4.199999809265137,4.21999979019165,3.9000000953674316,3.9000000953674316,278200,0.0,0.0
2023-10-04 00:00:00-04:00,4.010000228881836,4.099999904632568,3.869999885559082,4.070000171661377,209400,0.0,0.0
2023-10-05 00:00:00-04:00,4.119999885559082,4.25,3.940000057220459,4.019999980926514,367900,0.0,0.0
2023-10-06 00:00:00-04:00,3.990000009536743,4.28000020980835,3.930000066757202,4.269999980926514,415400,0.0,0.0
2023-10-10 00:00:00-04:00,4.159999847412109,4.420000076293945,4.159999847412109,4.320000171661377,255400,0.0,0.0
2023-10-11 00:00:00-04:00,4.309999942779541,4.340000152587891,4.039999961853027,4.099999904632568,289100,0.0,0.0
2023-10-12 00:00:00-04:00,4.059999942779541,4.099999904632568,3.950000047683716,3.9800000190734863,303500,0.0,0.0
2023-10-13 00:00:00-04:00,4.03000020980835,4.050000190734863,3.869999885559082,3.890000104904175,337200,0.0,0.0
2023-10-16 00:00:00-04:00,4.159999847412109,4.309999942779541,3.9800000190734863,4.28000020980835,625900,0.0,0.0
2023-10-17 00:00:00-04:00,4.260000228881836,4.400000095367432,4.130000114440918,4.230000019073486,558000,0.0,0.0
2023-10-18 00:00:00-04:00,4.190000057220459,4.28000020980835,3.9600000381469727,3.9800000190734863,354300,0.0,0.0
2023-10-19 00:00:00-04:00,4.059999942779541,4.119999885559082,3.940000057220459,4.050000190734863,396100,0.0,0.0
2023-10-20 00:00:00-04:00,4.170000076293945,4.340000152587891,4.039999961853027,4.070000171661377,323200,0.0,0.0
2023-10-23 00:00:00-04:00,4.199999809265137,4.400000095367432,4.050000190734863,4.289999961853027,790400,0.0,0.0
2023-10-24 00:00:00-04:00,4.699999809265137,4.809999942779541,4.489999771118164,4.690000057220459,1036400,0.0,0.0
2023-10-25 00:00:00-04:00,4.730000019073486,4.849999904632568,4.519999980926514,4.590000152587891,690800,0.0,0.0
2023-10-26 00:00:00-04:00,4.489999771118164,4.539999961853027,4.179999828338623,4.269999980926514,634600,0.0,0.0
2023-10-27 00:00:00-04:00,4.28000020980835,4.420000076293945,4.079999923706055,4.099999904632568,467800,0.0,0.0
2023-10-30 00:00:00-04:00,4.309999942779541,4.320000171661377,4.0,4.099999904632568,452600,0.0,0.0
2023-10-31 00:00:00-04:00,4.0,4.289999961853027,3.869999885559082,4.25,576000,0.0,0.0
2023-11-01 00:00:00-04:00,4.28000020980835,4.340000152587891,4.119999885559082,4.260000228881836,390800,0.0,0.0
2023-11-02 00:00:00-04:00,4.400000095367432,4.590000152587891,4.309999942779541,4.539999961853027,612800,0.0,0.0
2023-11-03 00:00:00-04:00,4.380000114440918,4.659999847412109,4.380000114440918,4.519999980926514,471600,0.0,0.0
2023-11-06 00:00:00-05:00,4.599999904632568,4.679999828338623,4.449999809265137,4.53000020980835,302400,0.0,0.0
2023-11-07 00:00:00-05:00,4.53000020980835,4.644999980926514,4.360000133514404,4.599999904632568,408600,0.0,0.0
2023-11-08 00:00:00-05:00,4.590000152587891,4.610000133514404,4.380000114440918,4.449999809265137,297800,0.0,0.0
2023-11-09 00:00:00-05:00,4.699999809265137,4.900000095367432,4.380000114440918,4.440000057220459,997800,0.0,0.0
2023-11-10 00:00:00-05:00,4.489999771118164,4.559999942779541,4.230000019073486,4.309999942779541,539300,0.0,0.0
2023-11-13 00:00:00-05:00,4.260000228881836,4.260000228881836,3.9100000858306885,3.940000057220459,812700,0.0,0.0
2023-11-14 00:00:00-05:00,3.990000009536743,4.050000190734863,3.819999933242798,3.9000000953674316,482600,0.0,0.0
2023-11-15 00:00:00-05:00,3.9800000190734863,4.300000190734863,3.890000104904175,4.239999771118164,715700,0.0,0.0
2023-11-16 00:00:00-05:00,4.190000057220459,4.190000057220459,3.990000009536743,4.039999961853027,389700,0.0,0.0
2023-11-17 00:00:00-05:00,4.039999961853027,4.130000114440918,3.990000009536743,4.130000114440918,313000,0.0,0.0
2023-11-20 00:00:00-05:00,4.159999847412109,4.21999979019165,4.010000228881836,4.050000190734863,534700,0.0,0.0
2023-11-21 00:00:00-05:00,4.010000228881836,4.010000228881836,3.8399999141693115,3.930000066757202,530300,0.0,0.0
2023-11-22 00:00:00-05:00,3.9100000858306885,3.940000057220459,3.7899999618530273,3.930000066757202,485400,0.0,0.0
2023-11-23 00:00:00-05:00,3.930000066757202,3.930000066757202,3.8499999046325684,3.880000114440918,135400,0.0,0.0
2023-11-24 00:00:00-05:00,3.890000104904175,4.070000171661377,3.8499999046325684,3.9800000190734863,451200,0.0,0.0
2023-11-27 00:00:00-05:00,3.9100000858306885,4.099999904632568,3.859999895095825,3.930000066757202,277300,0.0,0.0
2023-11-28 00:00:00-05:00,3.950000047683716,4.269999980926514,3.950000047683716,4.269999980926514,794400,0.0,0.0
2023-11-29 00:00:00-05:00,4.309999942779541,4.440000057220459,4.230000019073486,4.284999847412109,488500,0.0,0.0
2023-11-30 00:00:00-05:00,4.269999980926514,4.269999980926514,4.159999847412109,4.170000076293945,264000,0.0,0.0
2023-12-01 00:00:00-05:00,4.210000038146973,4.710000038146973,4.159999847412109,4.679999828338623,803200,0.0,0.0
2023-12-04 00:00:00-05:00,5.099999904632568,5.260000228881836,4.849999904632568,5.230000019073486,1293500,0.0,0.0
2023-12-05 00:00:00-05:00,5.179999828338623,5.699999809265137,5.110000133514404,5.400000095367432,1474500,0.0,0.0
2023-12-06 00:00:00-05:00,5.519999980926514,5.630000114440918,5.090000152587891,5.239999771118164,972800,0.0,0.0
2023-12-07 00:00:00-05:00,5.059999942779541,5.480000019073486,5.059999942779541,5.340000152587891,494000,0.0,0.0
2023-12-08 00:00:00-05:00,5.349999904632568,5.710000038146973,5.349999904632568,5.699999809265137,828200,0.0,0.0
2023-12-11 00:00:00-05:00,5.400000095367432,5.400000095367432,4.510000228881836,4.519999980926514,1079500,0.0,0.0
2023-12-12 00:00:00-05:00,4.760000228881836,4.769999980926514,4.559999942779541,4.639999866485596,577300,0.0,0.0
2023-12-13 00:00:00-05:00,4.610000133514404,5.019999980926514,4.480000019073486,5.019999980926514,893900,0.0,0.0
2023-12-14 00:00:00-05:00,5.050000190734863,5.21999979019165,4.769999980926514,4.829999923706055,1079700,0.0,0.0
2023-12-15 00:00:00-05:00,4.730000019073486,4.929999828338623,4.619999885559082,4.920000076293945,1003100,0.0,0.0
2023-12-18 00:00:00-05:00,4.78000020980835,5.21999979019165,4.78000020980835,5.150000095367432,997200,0.0,0.0
2023-12-19 00:00:00-05:00,5.28000020980835,5.75,4.900000095367432,5.079999923706055,1602100,0.0,0.0
2023-12-20 00:00:00-05:00,5.429999828338623,6.199999809265137,5.25,5.579999923706055,2364700,0.0,0.0
2023-12-21 00:00:00-05:00,5.889999866485596,6.489999771118164,5.710000038146973,6.480000019073486,1605000,0.0,0.0
2023-12-22 00:00:00-05:00,6.550000190734863,7.199999809265137,6.360000133514404,6.760000228881836,2611700,0.0,0.0
2023-12-27 00:00:00-05:00,7.199999809265137,7.579999923706055,6.949999809265137,7.570000171661377,2398700,0.0,0.0
2023-12-28 00:00:00-05:00,7.210000038146973,7.429999828338623,6.829999923706055,7.039999961853027,1446000,0.0,0.0
2023-12-29 00:00:00-05:00,7.110000133514404,7.46999979019165,5.869999885559082,5.960000038146973,2270200,0.0,0.0
2024-01-02 00:00:00-05:00,6.699999809265137,6.699999809265137,5.840000152587891,5.849999904632568,1459700,0.0,0.0
2024-01-03 00:00:00-05:00,5.400000095367432,5.980000019073486,5.119999885559082,5.75,816200,0.0,0.0
2024-01-04 00:00:00-05:00,5.849999904632568,6.130000114440918,5.639999866485596,5.809999942779541,800000,0.0,0.0
2024-01-05 00:00:00-05:00,5.800000190734863,5.809999942779541,5.46999979019165,5.559999942779541,663000,0.0,0.0
2024-01-08 00:00:00-05:00,5.659999847412109,6.019999980926514,5.289999961853027,5.840000152587891,1297400,0.0,0.0
2024-01-09 00:00:00-05:00,5.809999942779541,5.960000038146973,5.610000133514404,5.630000114440918,675200,0.0,0.0
2024-01-10 00:00:00-05:00,5.570000171661377,6.090000152587891,5.380000114440918,5.880000114440918,876100,0.0,0.0
2024-01-11 00:00:00-05:00,6.25,6.349999904632568,5.230000019073486,5.440000057220459,1832600,0.0,0.0
2024-01-12 00:00:00-05:00,5.239999771118164,5.360000133514404,4.829999923706055,4.840000152587891,1190500,0.0,0.0
2024-01-15 00:00:00-05:00,4.710000038146973,5.0,4.679999828338623,4.889999866485596,287000,0.0,0.0
2024-01-16 00:00:00-05:00,4.869999885559082,4.940000057220459,4.550000190734863,4.789999961853027,599700,0.0,0.0
2024-01-17 00:00:00-05:00,4.699999809265137,4.730000019073486,4.610000133514404,4.639999866485596,367100,0.0,0.0
2024-01-18 00:00:00-05:00,4.679999828338623,4.730000019073486,4.230000019073486,4.300000190734863,931400,0.0,0.0
2024-01-19 00:00:00-05:00,4.309999942779541,4.309999942779541,4.010000228881836,4.269999980926514,681100,0.0,0.0
2024-01-22 00:00:00-05:00,4.239999771118164,4.360000133514404,4.039999961853027,4.210000038146973,666800,0.0,0.0
2024-01-23 00:00:00-05:00,4.050000190734863,4.199999809265137,4.050000190734863,4.090000152587891,374000,0.0,0.0
2024-01-24 00:00:00-05:00,4.199999809265137,4.300000190734863,3.990000009536743,4.039999961853027,597900,0.0,0.0
2024-01-25 00:00:00-05:00,4.059999942779541,4.190000057220459,4.010000228881836,4.170000076293945,489500,0.0,0.0
2024-01-26 00:00:00-05:00,4.320000171661377,4.5,4.25,4.480000019073486,906900,0.0,0.0
2024-01-29 00:00:00-05:00,4.510000228881836,4.75,4.320000171661377,4.639999866485596,750300,0.0,0.0
2024-01-30 00:00:00-05:00,4.699999809265137,4.75,4.460000038146973,4.53000020980835,603300,0.0,0.0
2024-01-31 00:00:00-05:00,4.320000171661377,4.619999885559082,4.289999961853027,4.320000171661377,386400,0.0,0.0
2024-02-01 00:00:00-05:00,4.360000133514404,4.480000019073486,4.190000057220459,4.349999904632568,498000,0.0,0.0
2024-02-02 00:00:00-05:00,4.260000228881836,4.320000171661377,4.110000133514404,4.210000038146973,549800,0.0,0.0
2024-02-05 00:00:00-05:00,4.199999809265137,4.199999809265137,4.010000228881836,4.059999942779541,281700,0.0,0.0
2024-02-06 00:00:00-05:00,4.079999923706055,4.199999809265137,4.03000020980835,4.150000095367432,313300,0.0,0.0
2024-02-07 00:00:00-05:00,4.210000038146973,4.21999979019165,4.019999980926514,4.179999828338623,462400,0.0,0.0
2024-02-08 00:00:00-05:00,4.28000020980835,4.590000152587891,4.28000020980835,4.590000152587891,866900,0.0,0.0
2024-02-09 00:00:00-05:00,4.949999809265137,4.949999809265137,4.650000095367432,4.860000133514404,1212600,0.0,0.0
2024-02-12 00:00:00-05:00,4.860000133514404,5.300000190734863,4.849999904632568,5.210000038146973,1580800,0.0,0.0
2024-02-13 00:00:00-05:00,5.0,5.210000038146973,4.730000019073486,4.920000076293945,1029300,0.0,0.0
2024-02-14 00:00:00-05:00,5.349999904632568,5.900000095367432,5.25,5.860000133514404,2487600,0.0,0.0
2024-02-15 00:00:00-05:00,5.96999979019165,6.070000171661377,5.639999866485596,5.989999771118164,1543800,0.0,0.0
2024-02-16 00:00:00-05:00,6.099999904632568,6.170000076293945,5.699999809265137,5.940000057220459,1134800,0.0,0.0
2024-02-20 00:00:00-05:00,6.0,6.050000190734863,5.420000076293945,5.739999771118164,1168100,0.0,0.0
2024-02-21 00:00:00-05:00,5.389999866485596,5.619999885559082,5.389999866485596,5.519999980926514,598900,0.0,0.0
2024-02-22 00:00:00-05:00,5.599999904632568,5.75,5.510000228881836,5.550000190734863,667800,0.0,0.0
2024-02-23 00:00:00-05:00,5.5,5.5,5.099999904632568,5.139999866485596,526900,0.0,0.0
2024-02-26 00:00:00-05:00,5.199999809265137,5.840000152587891,5.199999809265137,5.769999980926514,1211200,0.0,0.0
2024-02-27 00:00:00-05:00,6.130000114440918,6.190000057220459,5.679999828338623,5.860000133514404,1083100,0.0,0.0
2024-02-28 00:00:00-05:00,6.070000171661377,6.150000095367432,5.400000095367432,5.400000095367432,1537100,0.0,0.0
2024-02-29 00:00:00-05:00,5.5,5.619999885559082,4.980000019073486,5.159999847412109,975500,0.0,0.0
2024-03-01 00:00:00-05:00,5.28000020980835,5.28000020980835,5.0,5.239999771118164,496400,0.0,0.0
2024-03-04 00:00:00-05:00,5.349999904632568,5.429999828338623,4.730000019073486,4.860000133514404,1402600,0.0,0.0
2024-03-05 00:00:00-05:00,4.760000228881836,4.960000038146973,4.510000228881836,4.599999904632568,728900,0.0,0.0
2024-03-06 00:00:00-05:00,4.639999866485596,4.840000152587891,4.599999904632568,4.670000076293945,753400,0.0,0.0
2024-03-07 00:00:00-05:00,4.599999904632568,4.699999809265137,4.489999771118164,4.559999942779541,367400,0.0,0.0
2024-03-08 00:00:00-05:00,4.5,4.909999847412109,4.5,4.619999885559082,774300,0.0,0.0
2024-03-11 00:00:00-04:00,4.75,4.789999961853027,4.21999979019165,4.239999771118164,779600,0.0,0.0
2024-03-12 00:00:00-04:00,4.289999961853027,4.289999961853027,4.139999866485596,4.230000019073486,511800,0.0,0.0
2024-03-13 00:00:00-04:00,4.199999809265137,4.329999923706055,4.179999828338623,4.230000019073486,491500,0.0,0.0
2024-03-14 00:00:00-04:00,4.130000114440918,4.150000095367432,3.940000057220459,3.990000009536743,605400,0.0,0.0
2024-03-15 00:00:00-04:00,3.9800000190734863,4.199999809265137,3.9000000953674316,4.159999847412109,660800,0.0,0.0
2024-03-18 00:00:00-04:00,4.199999809265137,4.199999809265137,3.990000009536743,4.010000228881836,437700,0.0,0.0
2024-03-19 00:00:00-04:00,3.9600000381469727,4.090000152587891,3.7799999713897705,4.010000228881836,461200,0.0,0.0
2024-03-20 00:00:00-04:00,4.019999980926514,4.355000019073486,3.9800000190734863,4.320000171661377,634200,0.0,0.0
2024-03-21 00:00:00-04:00,4.420000076293945,4.420000076293945,4.199999809265137,4.199999809265137,338700,0.0,0.0
2024-03-22 00:00:00-04:00,4.21999979019165,4.21999979019165,4.019999980926514,4.150000095367432,421700,0.0,0.0
2024-03-25 00:00:00-04:00,4.320000171661377,4.369999885559082,4.179999828338623,4.329999923706055,523400,0.0,0.0
2024-03-26 00:00:00-04:00,4.329999923706055,4.369999885559082,4.21999979019165,4.28000020980835,334600,0.0,0.0
2024-03-27 00:00:00-04:00,4.369999885559082,4.440000057220459,4.150000095367432,4.409999847412109,476800,0.0,0.0
2024-03-28 00:00:00-04:00,4.480000019073486,4.760000228881836,4.380000114440918,4.559999942779541,686300,0.0,0.0
2024-04-01 00:00:00-04:00,4.539999961853027,4.610000133514404,4.449999809265137,4.539999961853027,252900,0.0,0.0
2024-04-02 00:00:00-04:00,4.400000095367432,4.400000095367432,4.230000019073486,4.349999904632568,466900,0.0,0.0
2024-04-03 00:00:00-04:00,4.28000020980835,4.409999847412109,4.28000020980835,4.329999923706055,266200,0.0,0.0
2024-04-04 00:00:00-04:00,4.320000171661377,4.460000038146973,4.320000171661377,4.349999904632568,482800,0.0,0.0
2024-04-05 00:00:00-04:00,4.320000171661377,4.360000133514404,4.25,4.340000152587891,239600,0.0,0.0
2024-04-08 00:00:00-04:00,4.409999847412109,4.5,4.260000228881836,4.300000190734863,386100,0.0,0.0
2024-04-09 00:00:00-04:00,4.25,4.309999942779541,4.119999885559082,4.159999847412109,254100,0.0,0.0
2024-04-10 00:00:00-04:00,4.099999904632568,4.179999828338623,4.03000020980835,4.159999847412109,243500,0.0,0.0
2024-04-11 00:00:00-04:00,4.159999847412109,4.190000057220459,4.019999980926514,4.099999904632568,182200,0.0,0.0
2024-04-12 00:00:00-04:00,4.059999942779541,4.099999904632568,3.8499999046325684,3.9200000762939453,341600,0.0,0.0
2024-04-15 00:00:00-04:00,3.950000047683716,3.950000047683716,3.6600000858306885,3.690000057220459,559800,0.0,0.0
2024-04-16 00:00:00-04:00,3.690000057220459,3.7200000286102295,3.5199999809265137,3.6700000762939453,398400,0.0,0.0
2024-04-17 00:00:00-04:00,3.609999895095825,3.759999990463257,3.549999952316284,3.569999933242798,193300,0.0,0.0
2024-04-18 00:00:00-04:00,3.6500000953674316,3.680000066757202,3.5299999713897705,3.569999933242798,305700,0.0,0.0
2024-04-19 00:00:00-04:00,3.6500000953674316,3.740000009536743,3.559999942779541,3.740000009536743,230600,0.0,0.0
2024-04-22 00:00:00-04:00,3.8299999237060547,4.03000020980835,3.680000066757202,4.03000020980835,417700,0.0,0.0
2024-04-23 00:00:00-04:00,4.019999980926514,4.190000057220459,3.950000047683716,4.159999847412109,410800,0.0,0.0
2024-04-24 00:00:00-04:00,4.199999809265137,4.329999923706055,4.139999866485596,4.199999809265137,503000,0.0,0.0
2024-04-25 00:00:00-04:00,4.099999904632568,4.21999979019165,3.9700000286102295,4.179999828338623,328600,0.0,0.0
2024-04-26 00:00:00-04:00,4.170000076293945,4.25,4.139999866485596,4.150000095367432,157000,0.0,0.0
2024-04-29 00:00:00-04:00,4.059999942779541,4.130000114440918,3.809999942779541,3.880000114440918,480300,0.0,0.0
2024-04-30 00:00:00-04:00,3.7899999618530273,3.8399999141693115,3.490000009536743,3.490000009536743,474900,0.0,0.0
2024-05-01 00:00:00-04:00,3.490000009536743,3.555000066757202,3.319999933242798,3.450000047683716,615200,0.0,0.0
2024-05-02 00:00:00-04:00,3.4800000190734863,3.5299999713897705,3.380000114440918,3.390000104904175,511200,0.0,0.0
2024-05-03 00:00:00-04:00,3.490000009536743,3.5,3.299999952316284,3.3399999141693115,425200,0.0,0.0
2024-05-06 00:00:00-04:00,3.4000000953674316,3.440000057220459,3.299999952316284,3.3299999237060547,632300,0.0,0.0
2024-05-07 00:00:00-04:00,3.3499999046325684,3.3499999046325684,3.119999885559082,3.119999885559082,385700,0.0,0.0
2024-05-08 00:00:00-04:00,3.119999885559082,3.180000066757202,3.0,3.130000114440918,379600,0.0,0.0
2024-05-09 00:00:00-04:00,3.0999999046325684,3.25,3.0899999141693115,3.25,206100,0.0,0.0
2024-05-10 00:00:00-04:00,3.25,3.2799999713897705,3.1600000858306885,3.240000009536743,330600,0.0,0.0
2024-05-13 00:00:00-04:00,3.240000009536743,3.3399999141693115,3.1500000953674316,3.180000066757202,269500,0.0,0.0
2024-05-14 00:00:00-04:00,3.1500000953674316,3.2200000286102295,3.109999895095825,3.1700000762939453,185900,0.0,0.0
2024-05-15 00:00:00-04:00,3.240000009536743,3.4200000762939453,3.200000047683716,3.4200000762939453,602400,0.0,0.0
2024-05-16 00:00:00-04:00,3.450000047683716,3.450000047683716,3.309999942779541,3.3399999141693115,287600,0.0,0.0
2024-05-17 00:00:00-04:00,3.3499999046325684,3.440000057220459,3.2899999618530273,3.309999942779541,394300,0.0,0.0
2024-05-21 00:00:00-04:00,3.6500000953674316,3.6500000953674316,3.5,3.5199999809265137,410500,0.0,0.0
2024-05-22 00:00:00-04:00,3.509999990463257,3.740000009536743,3.509999990463257,3.5899999141693115,624300,0.0,0.0
2024-05-23 00:00:00-04:00,3.5999999046325684,3.619999885559082,3.4000000953674316,3.430000066757202,429500,0.0,0.0
2024-05-24 00:00:00-04:00,3.430000066757202,3.5999999046325684,3.380000114440918,3.5899999141693115,275500,0.0,0.0
2024-05-27 00:00:00-04:00,3.5799999237060547,3.6600000858306885,3.549999952316284,3.619999885559082,264800,0.0,0.0
2024-05-28 00:00:00-04:00,3.630000114440918,3.6700000762939453,3.5299999713897705,3.5899999141693115,366900,0.0,0.0
2024-05-29 00:00:00-04:00,3.5999999046325684,3.630000114440918,3.4800000190734863,3.490000009536743,215100,0.0,0.0
2024-05-30 00:00:00-04:00,3.5199999809265137,3.5999999046325684,3.4600000381469727,3.5399999618530273,222700,0.0,0.0
2024-05-31 00:00:00-04:00,3.5399999618530273,3.5399999618530273,3.4000000953674316,3.440000057220459,169400,0.0,0.0
2024-06-03 00:00:00-04:00,3.4700000286102295,3.5999999046325684,3.4700000286102295,3.490000009536743,404300,0.0,0.0
2024-06-04 00:00:00-04:00,3.549999952316284,3.8399999141693115,3.509999990463257,3.799999952316284,588600,0.0,0.0
2024-06-05 00:00:00-04:00,3.8399999141693115,3.9800000190734863,3.7300000190734863,3.9100000858306885,477200,0.0,0.0
2024-06-06 00:00:00-04:00,3.9100000858306885,4.170000076293945,3.859999895095825,4.039999961853027,833900,0.0,0.0
2024-06-07 00:00:00-04:00,4.079999923706055,4.25,3.799999952316284,3.8399999141693115,937300,0.0,0.0
2024-06-10 00:00:00-04:00,3.8499999046325684,4.050000190734863,3.75,4.010000228881836,411500,0.0,0.0
2024-06-11 00:00:00-04:00,3.819999933242798,3.9600000381469727,3.5799999237060547,3.924999952316284,1000100,0.0,0.0
2024-06-12 00:00:00-04:00,4.070000171661377,4.289999961853027,4.070000171661377,4.070000171661377,1096000,0.0,0.0
2024-06-13 00:00:00-04:00,4.099999904632568,4.380000114440918,4.019999980926514,4.360000133514404,949500,0.0,0.0
2024-06-14 00:00:00-04:00,4.380000114440918,4.409999847412109,4.0,4.03000020980835,1000400,0.0,0.0
2024-06-17 00:00:00-04:00,3.990000009536743,4.590000152587891,3.990000009536743,4.460000038146973,982200,0.0,0.0
2024-06-18 00:00:00-04:00,4.380000114440918,4.570000171661377,4.309999942779541,4.519999980926514,806300,0.0,0.0
2024-06-19 00:00:00-04:00,4.409999847412109,4.510000228881836,4.409999847412109,4.489999771118164,141700,0.0,0.0
2024-06-20 00:00:00-04:00,4.579999923706055,4.96999979019165,4.460000038146973,4.599999904632568,1530200,0.0,0.0
2024-06-21 00:00:00-04:00,4.400000095367432,4.420000076293945,4.110000133514404,4.190000057220459,881900,0.0,0.0
2024-06-24 00:00:00-04:00,4.0,4.079999923706055,3.880000114440918,3.9800000190734863,446100,0.0,0.0
2024-06-25 00:00:00-04:00,4.199999809265137,4.380000114440918,4.050000190734863,4.090000152587891,591300,0.0,0.0
2024-06-26 00:00:00-04:00,4.090000152587891,4.769999980926514,4.090000152587891,4.510000228881836,1005900,0.0,0.0
2024-06-27 00:00:00-04:00,4.650000095367432,4.650000095367432,4.320000171661377,4.320000171661377,603200,0.0,0.0
2024-06-28 00:00:00-04:00,4.349999904632568,4.360000133514404,4.059999942779541,4.239999771118164,692900,0.0,0.0
2024-07-02 00:00:00-04:00,4.329999923706055,4.409999847412109,4.099999904632568,4.269999980926514,387900,0.0,0.0
2024-07-03 00:00:00-04:00,4.079999923706055,4.260000228881836,4.070000171661377,4.139999866485596,234300,0.0,0.0
2024-07-04 00:00:00-04:00,4.019999980926514,4.059999942779541,3.9700000286102295,4.050000190734863,346300,0.0,0.0
2024-07-05 00:00:00-04:00,3.869999885559082,4.559999942779541,3.809999942779541,4.559999942779541,993200,0.0,0.0
2024-07-08 00:00:00-04:00,4.599999904632568,4.760000228881836,4.380000114440918,4.690000057220459,688000,0.0,0.0
2024-07-09 00:00:00-04:00,4.710000038146973,4.75,4.380000114440918,4.480000019073486,469200,0.0,0.0
2024-07-10 00:00:00-04:00,4.440000057220459,4.619999885559082,4.389999866485596,4.400000095367432,362300,0.0,0.0
2024-07-11 00:00:00-04:00,4.480000019073486,4.690000057220459,4.400000095367432,4.5,535300,0.0,0.0
2024-07-12 00:00:00-04:00,4.420000076293945,4.900000095367432,4.420000076293945,4.800000190734863,876700,0.0,0.0
2024-07-15 00:00:00-04:00,5.0,5.269999980926514,4.980000019073486,5.25,1162200,0.0,0.0
2024-07-16 00:00:00-04:00,5.300000190734863,5.550000190734863,5.099999904632568,5.539999961853027,1170200,0.0,0.0
2024-07-17 00:00:00-04:00,5.46999979019165,5.710000038146973,5.400000095367432,5.539999961853027,732200,0.0,0.0
2024-07-18 00:00:00-04:00,5.570000171661377,5.650000095367432,4.880000114440918,5.0,790700,0.0,0.0
2024-07-19 00:00:00-04:00,5.090000152587891,5.860000133514404,5.070000171661377,5.710000038146973,1131300,0.0,0.0
2024-07-22 00:00:00-04:00,5.860000133514404,6.269999980926514,5.730000019073486,6.190000057220459,1227600,0.0,0.0
2024-07-23 00:00:00-04:00,6.03000020980835,6.230000019073486,5.789999961853027,5.920000076293945,811500,0.0,0.0
2024-07-24 00:00:00-04:00,5.889999866485596,6.150000095367432,5.650000095367432,5.690000057220459,728300,0.0,0.0
2024-07-25 00:00:00-04:00,5.559999942779541,5.559999942779541,5.110000133514404,5.119999885559082,550300,0.0,0.0
2024-07-26 00:00:00-04:00,5.480000019073486,5.630000114440918,5.21999979019165,5.260000228881836,518700,0.0,0.0
2024-07-29 00:00:00-04:00,5.5,5.699999809265137,5.090000152587891,5.090000152587891,570100,0.0,0.0
2024-07-30 00:00:00-04:00,5.079999923706055,5.179999828338623,4.909999847412109,4.96999979019165,333200,0.0,0.0
2024-07-31 00:00:00-04:00,4.989999771118164,5.340000152587891,4.989999771118164,5.03000020980835,665600,0.0,0.0
2024-08-01 00:00:00-04:00,5.099999904632568,5.099999904632568,4.630000114440918,4.679999828338623,683000,0.0,0.0
2024-08-02 00:00:00-04:00,4.679999828338623,4.679999828338623,4.25,4.269999980926514,834500,0.0,0.0
2024-08-06 00:00:00-04:00,4.130000114440918,4.130000114440918,3.9200000762939453,3.9700000286102295,1093600,0.0,0.0
2024-08-07 00:00:00-04:00,4.130000114440918,4.25,3.5899999141693115,3.5899999141693115,729300,0.0,0.0
2024-08-08 00:00:00-04:00,3.890000104904175,4.099999904632568,3.690000057220459,4.070000171661377,795200,0.0,0.0
2024-08-09 00:00:00-04:00,4.150000095367432,4.150000095367432,3.859999895095825,3.9800000190734863,738800,0.0,0.0
2024-08-12 00:00:00-04:00,3.9700000286102295,3.9700000286102295,3.819999933242798,3.8299999237060547,332100,0.0,0.0
2024-08-13 00:00:00-04:00,3.8299999237060547,4.0,3.7899999618530273,3.880000114440918,480200,0.0,0.0
2024-08-14 00:00:00-04:00,3.950000047683716,4.059999942779541,3.799999952316284,3.8299999237060547,359100,0.0,0.0
2024-08-15 00:00:00-04:00,3.930000066757202,4.130000114440918,3.930000066757202,3.9600000381469727,749200,0.0,0.0
2024-08-16 00:00:00-04:00,4.050000190734863,4.21999979019165,4.03000020980835,4.190000057220459,801100,0.0,0.0
2024-08-19 00:00:00-04:00,4.119999885559082,4.199999809265137,4.079999923706055,4.199999809265137,366200,0.0,0.0
2024-08-20 00:00:00-04:00,4.269999980926514,4.349999904632568,4.110000133514404,4.150000095367432,449900,0.0,0.0
2024-08-21 00:00:00-04:00,4.179999828338623,4.5,4.170000076293945,4.400000095367432,531500,0.0,0.0
2024-08-22 00:00:00-04:00,4.480000019073486,4.480000019073486,4.269999980926514,4.329999923706055,299600,0.0,0.0
2024-08-23 00:00:00-04:00,4.300000190734863,4.889999866485596,4.300000190734863,4.800000190734863,813000,0.0,0.0
2024-08-26 00:00:00-04:00,4.849999904632568,4.949999809265137,4.650000095367432,4.789999961853027,609300,0.0,0.0
2024-08-27 00:00:00-04:00,4.789999961853027,4.789999961853027,4.389999866485596,4.53000020980835,653700,0.0,0.0
2024-08-28 00:00:00-04:00,4.400000095367432,4.449999809265137,4.139999866485596,4.179999828338623,452400,0.0,0.0
2024-08-29 00:00:00-04:00,4.28000020980835,4.519999980926514,4.269999980926514,4.309999942779541,387500,0.0,0.0
2024-08-30 00:00:00-04:00,4.320000171661377,4.380000114440918,4.179999828338623,4.239999771118164,259300,0.0,0.0
2024-09-03 00:00:00-04:00,4.28000020980835,4.28000020980835,3.799999952316284,3.819999933242798,737900,0.0,0.0
2024-09-04 00:00:00-04:00,3.799999952316284,4.010000228881836,3.740000009536743,3.819999933242798,559400,0.0,0.0
2024-09-05 00:00:00-04:00,3.880000114440918,3.880000114440918,3.680000066757202,3.7200000286102295,503000,0.0,0.0
2024-09-06 00:00:00-04:00,3.890000104904175,3.890000104904175,3.490000009536743,3.5299999713897705,628000,0.0,0.0
2024-09-09 00:00:00-04:00,3.690000057220459,3.799999952316284,3.609999895095825,3.7899999618530273,431900,0.0,0.0
2024-09-10 00:00:00-04:00,3.809999942779541,3.9800000190734863,3.700000047683716,3.9700000286102295,295400,0.0,0.0
2024-09-11 00:00:00-04:00,3.9600000381469727,4.150000095367432,3.7300000190734863,4.079999923706055,555400,0.0,0.0
2024-09-12 00:00:00-04:00,4.079999923706055,4.179999828338623,3.9700000286102295,4.079999923706055,438400,0.0,0.0
2024-09-13 00:00:00-04:00,4.159999847412109,4.269999980926514,4.090000152587891,4.179999828338623,438300,0.0,0.0
2024-09-16 00:00:00-04:00,4.130000114440918,4.130000114440918,3.9200000762939453,4.019999980926514,495300,0.0,0.0
2024-09-17 00:00:00-04:00,4.090000152587891,4.230000019073486,4.03000020980835,4.130000114440918,402900,0.0,0.0
2024-09-18 00:00:00-04:00,4.170000076293945,4.369999885559082,4.059999942779541,4.059999942779541,570400,0.0,0.0
2024-09-19 00:00:00-04:00,4.300000190734863,4.389999866485596,4.199999809265137,4.21999979019165,661200,0.0,0.0
2024-09-20 00:00:00-04:00,4.25,4.389999866485596,4.050000190734863,4.389999866485596,1012600,0.0,0.0
2024-09-23 00:00:00-04:00,4.269999980926514,4.349999904632568,4.199999809265137,4.239999771118164,337900,0.0,0.0
2024-09-24 00:00:00-04:00,4.25,4.579999923706055,4.21999979019165,4.579999923706055,645900,0.0,0.0
2024-09-25 00:00:00-04:00,4.489999771118164,4.590000152587891,4.360000133514404,4.369999885559082,326700,0.0,0.0
2024-09-26 00:00:00-04:00,4.539999961853027,4.730000019073486,4.480000019073486,4.599999904632568,735000,0.0,0.0
2024-09-27 00:00:00-04:00,4.650000095367432,4.699999809265137,4.5,4.5,370400,0.0,0.0
2024-09-30 00:00:00-04:00,4.320000171661377,4.389999866485596,4.239999771118164,4.320000171661377,392700,0.0,0.0
2024-10-01 00:00:00-04:00,4.340000152587891,4.340000152587891,3.990000009536743,4.0,836500,0.0,0.0
2024-10-02 00:00:00-04:00,4.0,4.260000228881836,3.930000066757202,4.179999828338623,592200,0.0,0.0
2024-10-03 00:00:00-04:00,4.099999904632568,4.210000038146973,4.070000171661377,4.199999809265137,202100,0.0,0.0
2024-10-04 00:00:00-04:00,4.300000190734863,4.389999866485596,4.199999809265137,4.269999980926514,612200,0.0,0.0
2024-10-07 00:00:00-04:00,4.329999923706055,4.46999979019165,4.139999866485596,4.190000057220459,701200,0.0,0.0
2024-10-08 00:00:00-04:00,4.159999847412109,4.230000019073486,4.070000171661377,4.099999904632568,485000,0.0,0.0
2024-10-09 00:00:00-04:00,4.110000133514404,4.130000114440918,3.9700000286102295,3.990000009536743,543800,0.0,0.0
2024-10-10 00:00:00-04:00,4.03000020980835,4.059999942779541,3.9200000762939453,4.059999942779541,378600,0.0,0.0
2024-10-11 00:00:00-04:00,4.099999904632568,4.340000152587891,4.079999923706055,4.340000152587891,740800,0.0,0.0
2024-10-15 00:00:00-04:00,4.460000038146973,4.699999809265137,4.429999828338623,4.599999904632568,936300,0.0,0.0
2024-10-16 00:00:00-04:00,4.699999809265137,4.800000190734863,4.579999923706055,4.769999980926514,618600,0.0,0.0
2024-10-17 00:00:00-04:00,4.71999979019165,4.71999979019165,4.53000020980835,4.550000190734863,558400,0.0,0.0
2024-10-18 00:00:00-04:00,4.699999809265137,5.269999980926514,4.650000095367432,5.210000038146973,1259500,0.0,0.0
2024-10-21 00:00:00-04:00,5.150000095367432,5.320000171661377,4.880000114440918,5.239999771118164,910700,0.0,0.0
2024-10-22 00:00:00-04:00,5.099999904632568,5.369999885559082,5.099999904632568,5.340000152587891,578000,0.0,0.0
2024-10-23 00:00:00-04:00,5.210000038146973,5.269999980926514,4.889999866485596,4.96999979019165,783200,0.0,0.0
2024-10-24 00:00:00-04:00,5.170000076293945,5.349999904632568,5.019999980926514,5.230000019073486,841800,0.0,0.0
2024-10-25 00:00:00-04:00,5.28000020980835,5.369999885559082,5.019999980926514,5.019999980926514,587200,0.0,0.0
2024-10-28 00:00:00-04:00,5.260000228881836,5.710000038146973,5.210000038146973,5.699999809265137,985900,0.0,0.0
2024-10-29 00:00:00-04:00,5.949999809265137,6.130000114440918,5.809999942779541,5.880000114440918,1283800,0.0,0.0
2024-10-30 00:00:00-04:00,5.75,6.179999828338623,5.639999866485596,5.929999828338623,1331400,0.0,0.0
2024-10-31 00:00:00-04:00,5.800000190734863,5.900000095367432,5.099999904632568,5.110000133514404,1165400,0.0,0.0
2024-11-01 00:00:00-04:00,5.28000020980835,5.360000133514404,4.889999866485596,4.960000038146973,655600,0.0,0.0
2024-11-04 00:00:00-05:00,4.900000095367432,4.900000095367432,4.699999809265137,4.739999771118164,538100,0.0,0.0
2024-11-05 00:00:00-05:00,4.860000133514404,5.170000076293945,4.809999942779541,5.059999942779541,845100,0.0,0.0
2024-11-06 00:00:00-05:00,5.900000095367432,5.900000095367432,5.440000057220459,5.670000076293945,1665700,0.0,0.0
2024-11-07 00:00:00-05:00,5.519999980926514,6.340000152587891,5.519999980926514,6.28000020980835,1922700,0.0,0.0
2024-11-08 00:00:00-05:00,6.340000152587891,6.579999923706055,6.139999866485596,6.389999866485596,2444200,0.0,0.0
2024-11-11 00:00:00-05:00,7.0,7.590000152587891,6.880000114440918,7.349999904632568,2613000,0.0,0.0
2024-11-12 00:00:00-05:00,7.039999961853027,7.369999885559082,6.900000095367432,7.349999904632568,1483400,0.0,0.0
2024-11-13 00:00:00-05:00,7.349999904632568,7.75,6.489999771118164,6.570000171661377,2259400,0.0,0.0
2024-11-14 00:00:00-05:00,6.75,6.840000152587891,5.949999809265137,6.03000020980835,1129600,0.0,0.0
2024-11-15 00:00:00-05:00,6.079999923706055,6.28000020980835,5.940000057220459,6.230000019073486,790000,0.0,0.0
2024-11-18 00:00:00-05:00,6.28000020980835,6.519999980926514,5.880000114440918,6.0,958700,0.0,0.0
2024-11-19 00:00:00-05:00,6.099999904632568,6.159999847412109,5.900000095367432,6.0,937100,0.0,0.0
2024-11-20 00:00:00-05:00,6.190000057220459,6.400000095367432,5.739999771118164,5.78000020980835,1259800,0.0,0.0
2024-11-21 00:00:00-05:00,6.050000190734863,6.199999809265137,5.46999979019165,5.639999866485596,1473800,0.0,0.0
2024-11-22 00:00:00-05:00,5.5,5.869999885559082,5.349999904632568,5.739999771118164,1258700,0.0,0.0
2024-11-25 00:00:00-05:00,5.739999771118164,5.820000171661377,5.409999847412109,5.510000228881836,940700,0.0,0.0
2024-11-26 00:00:00-05:00,5.400000095367432,5.559999942779541,5.139999866485596,5.199999809265137,916200,0.0,0.0
2024-11-27 00:00:00-05:00,5.360000133514404,5.730000019073486,5.230000019073486,5.690000057220459,1214700,0.0,0.0
2024-11-28 00:00:00-05:00,5.739999771118164,5.739999771118164,5.619999885559082,5.699999809265137,286600,0.0,0.0
2024-11-29 00:00:00-05:00,5.849999904632568,6.150000095367432,5.710000038146973,5.800000190734863,1176300,0.0,0.0
2024-12-02 00:00:00-05:00,5.820000171661377,5.929999828338623,5.579999923706055,5.730000019073486,815000,0.0,0.0
2024-12-03 00:00:00-05:00,5.650000095367432,5.820000171661377,5.53000020980835,5.800000190734863,710900,0.0,0.0
2024-12-04 00:00:00-05:00,5.75,6.170000076293945,5.710000038146973,6.090000152587891,1585500,0.0,0.0
2024-12-05 00:00:00-05:00,6.449999809265137,6.53000020980835,5.75,5.75,1993900,0.0,0.0
2024-12-06 00:00:00-05:00,5.889999866485596,6.349999904632568,5.889999866485596,6.139999866485596,2108000,0.0,0.0
2024-12-09 00:00:00-05:00,6.139999866485596,6.239999771118164,5.670000076293945,5.710000038146973,1388700,0.0,0.0
2024-12-10 00:00:00-05:00,5.860000133514404,5.860000133514404,5.5,5.590000152587891,594300,0.0,0.0
2024-12-11 00:00:00-05:00,5.699999809265137,5.800000190734863,5.429999828338623,5.599999904632568,734400,0.0,0.0
2024-12-12 00:00:00-05:00,5.75,6.0,5.460000038146973,5.480000019073486,1230900,0.0,0.0
2024-12-13 00:00:00-05:00,5.5,5.590000152587891,5.380000114440918,5.460000038146973,549000,0.0,0.0
2024-12-16 00:00:00-05:00,5.599999904632568,5.900000095367432,5.420000076293945,5.570000171661377,1919700,0.0,0.0
2024-12-17 00:00:00-05:00,5.679999828338623,5.679999828338623,5.320000171661377,5.489999771118164,959500,0.0,0.0
2024-12-18 00:00:00-05:00,5.380000114440918,5.579999923706055,4.869999885559082,4.980000019073486,1428500,0.0,0.0
2024-12-19 00:00:00-05:00,5.050000190734863,5.059999942779541,4.5,4.5,1134600,0.0,0.0
2024-12-20 00:00:00-05:00,4.5,4.630000114440918,4.389999866485596,4.449999809265137,779400,0.0,0.0
2024-12-23 00:00:00-05:00,4.519999980926514,4.519999980926514,4.269999980926514,4.349999904632568,628500,0.0,0.0
2024-12-24 00:00:00-05:00,4.53000020980835,4.53000020980835,4.320000171661377,4.53000020980835,749300,0.0,0.0
2024-12-27 00:00:00-05:00,4.420000076293945,4.440000057220459,4.210000038146973,4.320000171661377,690600,0.0,0.0
2024-12-30 00:00:00-05:00,4.199999809265137,4.260000228881836,4.0,4.159999847412109,758000,0.0,0.0
2024-12-31 00:00:00-05:00,4.309999942779541,4.329999923706055,4.050000190734863,4.110000133514404,463200,0.0,0.0
2025-01-02 00:00:00-05:00,4.269999980926514,4.570000171661377,4.25,4.429999828338623,834200,0.0,0.0
2025-01-03 00:00:00-05:00,4.449999809265137,4.829999923706055,4.389999866485596,4.800000190734863,836200,0.0,0.0
2025-01-06 00:00:00-05:00,4.96999979019165,5.010000228881836,4.690000057220459,4.849999904632568,976100,0.0,0.0
2025-01-07 00:00:00-05:00,4.75,4.840000152587891,4.440000057220459,4.5,773700,0.0,0.0
2025-01-08 00:00:00-05:00,4.309999942779541,4.550000190734863,4.260000228881836,4.480000019073486,675300,0.0,0.0
2025-01-09 00:00:00-05:00,4.420000076293945,4.454999923706055,4.309999942779541,4.420000076293945,240500,0.0,0.0
2025-01-10 00:00:00-05:00,4.440000057220459,4.440000057220459,4.260000228881836,4.369999885559082,606700,0.0,0.0
2025-01-13 00:00:00-05:00,4.210000038146973,4.239999771118164,4.050000190734863,4.230000019073486,826500,0.0,0.0
2025-01-14 00:00:00-05:00,4.409999847412109,4.420000076293945,4.130000114440918,4.190000057220459,616400,0.0,0.0
2025-01-15 00:00:00-05:00,4.380000114440918,4.539999961853027,4.320000171661377,4.480000019073486,698100,0.0,0.0
2025-01-16 00:00:00-05:00,4.489999771118164,4.579999923706055,4.389999866485596,4.539999961853027,390900,0.0,0.0
2025-01-17 00:00:00-05:00,4.730000019073486,4.920000076293945,4.570000171661377,4.650000095367432,1134400,0.0,0.0
2025-01-20 00:00:00-05:00,4.789999961853027,4.829999923706055,4.599999904632568,4.659999847412109,751000,0.0,0.0
2025-01-21 00:00:00-05:00,4.710000038146973,4.710000038146973,4.389999866485596,4.460000038146973,761800,0.0,0.0
2025-01-22 00:00:00-05:00,4.480000019073486,4.650000095367432,4.394999980926514,4.510000228881836,908900,0.0,0.0
2025-01-23 00:00:00-05:00,4.460000038146973,4.659999847412109,4.400000095367432,4.460000038146973,546800,0.0,0.0
2025-01-24 00:00:00-05:00,4.539999961853027,4.639999866485596,4.400000095367432,4.420000076293945,727300,0.0,0.0
2025-01-27 00:00:00-05:00,4.210000038146973,4.239999771118164,3.869999885559082,3.990000009536743,1887900,0.0,0.0
2025-01-28 00:00:00-05:00,4.099999904632568,4.099999904632568,3.9600000381469727,4.019999980926514,636700,0.0,0.0
2025-01-29 00:00:00-05:00,4.019999980926514,4.190000057220459,3.9000000953674316,4.170000076293945,877100,0.0,0.0
2025-01-30 00:00:00-05:00,4.199999809265137,4.539999961853027,4.190000057220459,4.440000057220459,1501300,0.0,0.0
2025-01-31 00:00:00-05:00,4.539999961853027,4.599999904632568,4.21999979019165,4.260000228881836,1242200,0.0,0.0
2025-02-03 00:00:00-05:00,3.880000114440918,4.329999923706055,3.880000114440918,4.239999771118164,874000,0.0,0.0
2025-02-04 00:00:00-05:00,4.239999771118164,4.260000228881836,4.130000114440918,4.170000076293945,785600,0.0,0.0
2025-02-05 00:00:00-05:00,4.170000076293945,4.230000019073486,4.070000171661377,4.079999923706055,615700,0.0,0.0
2025-02-06 00:00:00-05:00,4.119999885559082,4.25,3.990000009536743,4.079999923706055,834400,0.0,0.0
2025-02-07 00:00:00-05:00,4.199999809265137,4.400000095367432,4.019999980926514,4.059999942779541,1588600,0.0,0.0
2025-02-10 00:00:00-05:00,4.130000114440918,4.130000114440918,4.039999961853027,4.059999942779541,493800,0.0,0.0
2025-02-11 00:00:00-05:00,4.03000020980835,4.070000171661377,3.890000104904175,3.9200000762939453,1026100,0.0,0.0
2025-02-12 00:00:00-05:00,3.9000000953674316,3.9700000286102295,3.809999942779541,3.930000066757202,582900,0.0,0.0
2025-02-13 00:00:00-05:00,3.950000047683716,4.070000171661377,3.8499999046325684,4.059999942779541,560800,0.0,0.0
2025-02-14 00:00:00-05:00,4.070000171661377,4.099999904632568,3.9800000190734863,4.010000228881836,601600,0.0,0.0
2025-02-18 00:00:00-05:00,4.050000190734863,4.099999904632568,3.9600000381469727,3.990000009536743,544200,0.0,0.0
2025-02-19 00:00:00-05:00,4.0,4.059999942779541,3.880000114440918,3.880000114440918,762200,0.0,0.0
2025-02-20 00:00:00-05:00,3.9600000381469727,3.9600000381469727,3.809999942779541,3.8299999237060547,744200,0.0,0.0
2025-02-21 00:00:00-05:00,3.859999895095825,3.869999885559082,3.5350000858306885,3.549999952316284,1334700,0.0,0.0
2025-02-24 00:00:00-05:00,3.5999999046325684,3.5999999046325684,3.3299999237060547,3.4000000953674316,738000,0.0,0.0
2025-02-25 00:00:00-05:00,3.259999990463257,3.3499999046325684,3.069999933242798,3.109999895095825,1316100,0.0,0.0
2025-02-26 00:00:00-05:00,3.109999895095825,3.259999990463257,2.9100000858306885,2.950000047683716,1435100,0.0,0.0
2025-02-27 00:00:00-05:00,3.0899999141693115,3.200000047683716,2.940000057220459,2.9600000381469727,855300,0.0,0.0
2025-02-28 00:00:00-05:00,2.9100000858306885,3.059999942779541,2.8499999046325684,3.049999952316284,1013000,0.0,0.0
2025-03-03 00:00:00-05:00,3.299999952316284,3.309999942779541,2.75,2.75,1507100,0.0,0.0
2025-03-04 00:00:00-05:00,2.6500000953674316,2.859999895095825,2.5899999141693115,2.75,967300,0.0,0.0
2025-03-05 00:00:00-05:00,2.75,2.819999933242798,2.6600000858306885,2.7899999618530273,915200,0.0,0.0
2025-03-06 00:00:00-05:00,2.740000009536743,2.7899999618530273,2.6500000953674316,2.7200000286102295,944400,0.0,0.0
2025-03-07 00:00:00-05:00,2.7699999809265137,2.930000066757202,2.690000057220459,2.9000000953674316,1319000,0.0,0.0
2025-03-10 00:00:00-04:00,2.799999952316284,2.799999952316284,2.450000047683716,2.4800000190734863,1346100,0.0,0.0
2025-03-11 00:00:00-04:00,2.5,2.5799999237060547,2.4200000762939453,2.5299999713897705,720100,0.0,0.0
2025-03-12 00:00:00-04:00,2.569999933242798,2.640000104904175,2.490000009536743,2.549999952316284,766200,0.0,0.0
2025-03-13 00:00:00-04:00,2.5799999237060547,2.5799999237060547,2.4000000953674316,2.4100000858306885,590300,0.0,0.0
2025-03-14 00:00:00-04:00,2.4600000381469727,2.559999942779541,2.434999942779541,2.5,802700,0.0,0.0
2025-03-17 00:00:00-04:00,2.5,2.5299999713897705,2.369999885559082,2.490000009536743,686500,0.0,0.0
2025-03-18 00:00:00-04:00,2.4600000381469727,2.4700000286102295,2.309999942779541,2.319999933242798,873700,0.0,0.0
2025-03-19 00:00:00-04:00,2.390000104904175,2.450000047683716,2.3299999237060547,2.4100000858306885,1134800,0.0,0.0
2025-03-20 00:00:00-04:00,2.4100000858306885,2.4700000286102295,2.359999895095825,2.369999885559082,814800,0.0,0.0
2025-03-21 00:00:00-04:00,2.359999895095825,2.430000066757202,2.319999933242798,2.3499999046325684,1523300,0.0,0.0
2025-03-24 00:00:00-04:00,2.450000047683716,2.5799999237060547,2.450000047683716,2.5799999237060547,812000,0.0,0.0
2025-03-25 00:00:00-04:00,2.609999895095825,2.619999885559082,2.5,2.5799999237060547,466300,0.0,0.0
2025-03-26 00:00:00-04:00,2.559999942779541,2.575000047683716,2.369999885559082,2.4000000953674316,732700,0.0,0.0
2025-03-27 00:00:00-04:00,2.4000000953674316,2.4000000953674316,2.299999952316284,2.299999952316284,489400,0.0,0.0
2025-03-28 00:00:00-04:00,2.2699999809265137,2.2699999809265137,2.130000114440918,2.1500000953674316,862000,0.0,0.0
2025-03-31 00:00:00-04:00,2.109999895095825,2.109999895095825,1.9900000095367432,2.0999999046325684,815700,0.0,0.0
2025-04-01 00:00:00-04:00,2.130000114440918,2.240000009536743,2.069999933242798,2.200000047683716,700000,0.0,0.0
2025-04-02 00:00:00-04:00,2.1500000953674316,2.319999933242798,2.119999885559082,2.309999942779541,620100,0.0,0.0
2025-04-03 00:00:00-04:00,2.109999895095825,2.140000104904175,2.0450000762939453,2.069999933242798,527800,0.0,0.0
2025-04-04 00:00:00-04:00,2.049999952316284,2.049999952316284,1.850000023841858,1.9800000190734863,753900,0.0,0.0
2025-04-07 00:00:00-04:00,1.8200000524520874,2.180000066757202,1.8200000524520874,2.009999990463257,833600,0.0,0.0
2025-04-08 00:00:00-04:00,2.1600000858306885,2.1600000858306885,1.840000033378601,1.8799999952316284,782200,0.0,0.0
2025-04-09 00:00:00-04:00,1.8899999856948853,2.180000066757202,1.7999999523162842,2.1700000762939453,1284500,0.0,0.0
2025-04-10 00:00:00-04:00,2.119999885559082,2.119999885559082,1.9600000381469727,2.0,639200,0.0,0.0
2025-04-11 00:00:00-04:00,2.069999933242798,2.069999933242798,1.9700000286102295,2.049999952316284,621200,0.0,0.0
2025-04-14 00:00:00-04:00,2.140000104904175,2.1500000953674316,2.009999990463257,2.0799999237060547,872000,0.0,0.0
2025-04-15 00:00:00-04:00,2.059999942779541,2.130000114440918,1.9800000190734863,2.009999990463257,787800,0.0,0.0
2025-04-16 00:00:00-04:00,2.0,2.049999952316284,1.9700000286102295,2.009999990463257,565500,0.0,0.0
2025-04-17 00:00:00-04:00,2.0399999618530273,2.069999933242798,1.9600000381469727,2.049999952316284,620500,0.0,0.0
2025-04-21 00:00:00-04:00,2.0799999237060547,2.140000104904175,2.015000104904175,2.049999952316284,601100,0.0,0.0
2025-04-22 00:00:00-04:00,2.119999885559082,2.2799999713897705,2.0799999237060547,2.2200000286102295,1000300,0.0,0.0
2025-04-23 00:00:00-04:00,2.299999952316284,2.4000000953674316,2.2799999713897705,2.3499999046325684,1014000,0.0,0.0
2025-04-24 00:00:00-04:00,2.3399999141693115,2.4000000953674316,2.319999933242798,2.390000104904175,534300,0.0,0.0
2025-04-25 00:00:00-04:00,2.440000057220459,2.5,2.380000114440918,2.4800000190734863,833300,0.0,0.0
2025-04-28 00:00:00-04:00,2.5399999618530273,2.5399999618530273,2.2950000762939453,2.430000066757202,780900,0.0,0.0
2025-04-29 00:00:00-04:00,2.430000066757202,2.450000047683716,2.369999885559082,2.380000114440918,309400,0.0,0.0
2025-04-30 00:00:00-04:00,2.380000114440918,2.380000114440918,2.2300000190734863,2.3299999237060547,549800,0.0,0.0
2025-05-01 00:00:00-04:00,2.380000114440918,2.5299999713897705,2.380000114440918,2.4700000286102295,525500,0.0,0.0
2025-05-02 00:00:00-04:00,2.490000009536743,2.569999933242798,2.430000066757202,2.509999990463257,917600,0.0,0.0
2025-05-05 00:00:00-04:00,2.4200000762939453,2.440000057220459,2.3399999141693115,2.390000104904175,362000,0.0,0.0
2025-05-06 00:00:00-04:00,2.359999895095825,2.390000104904175,2.299999952316284,2.380000114440918,395400,0.0,0.0
2025-05-07 00:00:00-04:00,2.4000000953674316,2.450000047683716,2.3499999046325684,2.359999895095825,340500,0.0,0.0
2025-05-08 00:00:00-04:00,2.450000047683716,2.619999885559082,2.450000047683716,2.559999942779541,1092200,0.0,0.0
2025-05-09 00:00:00-04:00,2.619999885559082,2.6500000953674316,2.4600000381469727,2.5799999237060547,2515400,0.0,0.0
2025-05-12 00:00:00-04:00,2.6500000953674316,2.7200000286102295,2.549999952316284,2.5999999046325684,1680500,0.0,0.0
2025-05-13 00:00:00-04:00,2.640000104904175,2.759999990463257,2.609999895095825,2.75,1238400,0.0,0.0
2025-05-14 00:00:00-04:00,2.75,2.759999990463257,2.6600000858306885,2.680000066757202,488800,0.0,0.0
2025-05-15 00:00:00-04:00,2.680000066757202,2.680000066757202,2.509999990463257,2.5799999237060547,899700,0.0,0.0
2025-05-16 00:00:00-04:00,2.5799999237060547,2.9000000953674316,2.5799999237060547,2.880000114440918,1250800,0.0,0.0
2025-05-20 00:00:00-04:00,2.9200000762939453,2.9700000286102295,2.7799999713897705,2.890000104904175,1338500,0.0,0.0
2025-05-21 00:00:00-04:00,2.859999895095825,2.9800000190734863,2.7300000190734863,2.7699999809265137,1585100,0.0,0.0
2025-05-22 00:00:00-04:00,2.9000000953674316,2.950000047683716,2.7699999809265137,2.809999942779541,1245500,0.0,0.0
2025-05-23 00:00:00-04:00,2.7699999809265137,2.7699999809265137,2.619999885559082,2.7100000381469727,860300,0.0,0.0
2025-05-26 00:00:00-04:00,2.7699999809265137,2.7699999809265137,2.7100000381469727,2.740000009536743,182000,0.0,0.0
2025-05-27 00:00:00-04:00,2.799999952316284,2.799999952316284,2.700000047683716,2.740000009536743,840100,0.0,0.0
2025-05-28 00:00:00-04:00,2.740000009536743,2.740000009536743,2.5799999237060547,2.609999895095825,916700,0.0,0.0
2025-05-29 00:00:00-04:00,2.6700000762939453,2.6700000762939453,2.509999990463257,2.509999990463257,630000,0.0,0.0
2025-05-30 00:00:00-04:00,2.490000009536743,2.509999990463257,2.440000057220459,2.4700000286102295,417000,0.0,0.0
2025-06-02 00:00:00-04:00,2.4200000762939453,2.5199999809265137,2.4200000762939453,2.434999942779541,368000,0.0,0.0
2025-06-03 00:00:00-04:00,2.4700000286102295,2.5899999141693115,2.4200000762939453,2.5799999237060547,646000,0.0,0.0
2025-06-04 00:00:00-04:00,2.5799999237060547,2.674999952316284,2.5199999809265137,2.6600000858306885,644500,0.0,0.0
2025-06-05 00:00:00-04:00,2.680000066757202,2.680000066757202,2.4700000286102295,2.5,598600,0.0,0.0
2025-06-06 00:00:00-04:00,2.569999933242798,2.819999933242798,2.569999933242798,2.7300000190734863,1140700,0.0,0.0
2025-06-09 00:00:00-04:00,2.869999885559082,2.9000000953674316,2.7200000286102295,2.759999990463257,783200,0.0,0.0
2025-06-10 00:00:00-04:00,2.799999952316284,2.819999933242798,2.7200000286102295,2.759999990463257,520000,0.0,0.0
2025-06-11 00:00:00-04:00,2.7899999618530273,2.7899999618530273,2.7100000381469727,2.740000009536743,341300,0.0,0.0
2025-06-12 00:00:00-04:00,2.700000047683716,2.740000009536743,2.619999885559082,2.6600000858306885,406800,0.0,0.0
2025-06-13 00:00:00-04:00,2.569999933242798,2.6500000953674316,2.5399999618530273,2.5899999141693115,568900,0.0,0.0
2025-06-16 00:00:00-04:00,2.6500000953674316,2.680000066757202,2.569999933242798,2.5799999237060547,722500,0.0,0.0
2025-06-17 00:00:00-04:00,2.5799999237060547,2.5799999237060547,2.369999885559082,2.4000000953674316,989200,0.0,0.0
2025-06-18 00:00:00-04:00,2.4000000953674316,2.440000057220459,2.3499999046325684,2.430000066757202,401200,0.0,0.0
2025-06-19 00:00:00-04:00,2.430000066757202,2.430000066757202,2.390000104904175,2.4200000762939453,62600,0.0,0.0
2025-06-20 00:00:00-04:00,2.4700000286102295,2.4700000286102295,2.299999952316284,2.380000114440918,770300,0.0,0.0
2025-06-23 00:00:00-04:00,2.299999952316284,2.359999895095825,2.2200000286102295,2.259999990463257,525000,0.0,0.0
2025-06-24 00:00:00-04:00,2.380000114440918,2.5299999713897705,2.3499999046325684,2.5199999809265137,772400,0.0,0.0
2025-06-25 00:00:00-04:00,2.5799999237060547,2.630000114440918,2.440000057220459,2.450000047683716,629300,0.0,0.0
2025-06-26 00:00:00-04:00,2.390000104904175,2.4600000381469727,2.3299999237060547,2.450000047683716,1036700,0.0,0.0
2025-06-27 00:00:00-04:00,2.4600000381469727,2.490000009536743,2.4100000858306885,2.4700000286102295,361000,0.0,0.0
2025-06-30 00:00:00-04:00,2.509999990463257,2.5399999618530273,2.440000057220459,2.4600000381469727,946100,0.0,0.0
2025-07-02 00:00:00-04:00,2.700000047683716,3.119999885559082,2.690000057220459,3.069999933242798,4699500,0.0,0.0
2025-07-03 00:00:00-04:00,3.0999999046325684,3.3299999237060547,3.049999952316284,3.1500000953674316,2036100,0.0,0.0
2025-07-04 00:00:00-04:00,3.190000057220459,3.190000057220459,3.009999990463257,3.059999942779541,637500,0.0,0.0
2025-07-07 00:00:00-04:00,3.0999999046325684,3.1600000858306885,2.9100000858306885,3.0899999141693115,1739200,0.0,0.0
2025-07-08 00:00:00-04:00,3.1700000762939453,3.3299999237060547,2.990000009536743,3.0299999713897705,2428000,0.0,0.0
2025-07-09 00:00:00-04:00,3.109999895095825,3.109999895095825,2.869999885559082,3.0299999713897705,1463600,0.0,0.0
2025-07-10 00:00:00-04:00,3.0299999713897705,3.2300000190734863,2.9700000286102295,3.180000066757202,1496100,0.0,0.0
2025-07-11 00:00:00-04:00,3.359999895095825,3.359999895095825,3.130000114440918,3.140000104904175,1917900,0.0,0.0
2025-07-14 00:00:00-04:00,3.2300000190734863,3.4200000762939453,3.119999885559082,3.1600000858306885,2362500,0.0,0.0
2025-07-15 00:00:00-04:00,3.0999999046325684,3.119999885559082,2.9200000762939453,2.9700000286102295,1706500,0.0,0.0
2025-07-16 00:00:00-04:00,3.0399999618530273,3.0799999237060547,2.9600000381469727,3.0,1492100,0.0,0.0
2025-07-17 00:00:00-04:00,3.0,3.0799999237060547,2.9700000286102295,3.0399999618530273,1016900,0.0,0.0
2025-07-18 00:00:00-04:00,3.0399999618530273,3.2200000286102295,3.0,3.049999952316284,1828200,0.0,0.0
2025-07-21 00:00:00-04:00,3.0999999046325684,3.390000104904175,3.049999952316284,3.109999895095825,3005300,0.0,0.0
2025-07-22 00:00:00-04:00,3.2100000381469727,3.4000000953674316,3.109999895095825,3.390000104904175,2716600,0.0,0.0
2025-07-23 00:00:00-04:00,3.5,3.5,3.180000066757202,3.259999990463257,2722400,0.0,0.0
2025-07-24 00:00:00-04:00,3.309999942779541,3.309999942779541,3.1700000762939453,3.200000047683716,1395200,0.0,0.0
2025-07-25 00:00:00-04:00,3.1500000953674316,3.1500000953674316,3.0299999713897705,3.130000114440918,1722400,0.0,0.0
2025-07-28 00:00:00-04:00,3.1700000762939453,3.1700000762939453,3.0299999713897705,3.049999952316284,1233000,0.0,0.0
2025-07-29 00:00:00-04:00,3.0799999237060547,3.0799999237060547,2.930000066757202,2.9600000381469727,1010000,0.0,0.0
2025-07-30 00:00:00-04:00,2.990000009536743,3.1500000953674316,2.9800000190734863,3.0399999618530273,1968100,0.0,0.0
2025-07-31 00:00:00-04:00,3.069999933242798,3.0899999141693115,2.9600000381469727,2.9700000286102295,2223000,0.0,0.0
2025-08-01 00:00:00-04:00,2.859999895095825,2.9100000858306885,2.7300000190734863,2.819999933242798,1245400,0.0,0.0
2025-08-05 00:00:00-04:00,2.819999933242798,2.869999885559082,2.75,2.859999895095825,527900,0.0,0.0
2025-08-06 00:00:00-04:00,2.869999885559082,2.930000066757202,2.819999933242798,2.9100000858306885,560900,0.0,0.0
2025-08-07 00:00:00-04:00,2.9600000381469727,3.0299999713897705,2.8399999141693115,2.9000000953674316,799000,0.0,0.0
2025-08-08 00:00:00-04:00,2.9600000381469727,2.9600000381469727,2.809999942779541,2.8499999046325684,1360000,0.0,0.0
2025-08-11 00:00:00-04:00,2.9100000858306885,3.049999952316284,2.9100000858306885,2.950000047683716,1534700,0.0,0.0
2025-08-12 00:00:00-04:00,2.9700000286102295,2.9800000190734863,2.9000000953674316,2.930000066757202,665000,0.0,0.0
2025-08-13 00:00:00-04:00,2.990000009536743,3.069999933242798,2.9700000286102295,3.049999952316284,1315800,0.0,0.0
2025-08-14 00:00:00-04:00,3.009999990463257,3.109999895095825,2.950000047683716,3.109999895095825,1832000,0.0,0.0
2025-08-15 00:00:00-04:00,3.0999999046325684,3.1500000953674316,2.9800000190734863,3.0899999141693115,1539100,0.0,0.0
2025-08-18 00:00:00-04:00,3.140000104904175,3.2950000762939453,3.130000114440918,3.25,2242500,0.0,0.0
2025-08-19 00:00:00-04:00,3.3399999141693115,3.4000000953674316,3.25,3.309999942779541,2152400,0.0,0.0
2025-08-20 00:00:00-04:00,3.3299999237060547,3.3350000381469727,3.109999895095825,3.309999942779541,1089000,0.0,0.0
2025-08-21 00:00:00-04:00,3.240000009536743,3.2950000762939453,3.190000057220459,3.25,772000,0.0,0.0
2025-08-22 00:00:00-04:00,3.299999952316284,3.5,3.190000057220459,3.4800000190734863,2428800,0.0,0.0
2025-08-25 00:00:00-04:00,3.369999885559082,3.700000047683716,3.359999895095825,3.640000104904175,1483000,0.0,0.0
2025-08-26 00:00:00-04:00,3.6500000953674316,3.940000057220459,3.630000114440918,3.890000104904175,1909300,0.0,0.0
2025-08-27 00:00:00-04:00,3.9700000286102295,4.179999828338623,3.869999885559082,4.070000171661377,2538000,0.0,0.0
2025-08-28 00:00:00-04:00,4.199999809265137,4.215000152587891,3.9600000381469727,4.039999961853027,2021300,0.0,0.0
2025-08-29 00:00:00-04:00,4.0,4.099999904632568,3.869999885559082,4.039999961853027,1691100,0.0,0.0
2025-09-02 00:00:00-04:00,4.03000020980835,4.119999885559082,3.8499999046325684,4.059999942779541,1614200,0.0,0.0
2025-09-03 00:00:00-04:00,4.119999885559082,4.159999847412109,3.9200000762939453,3.9700000286102295,1651100,0.0,0.0
2025-09-04 00:00:00-04:00,3.9800000190734863,3.9800000190734863,3.740000009536743,3.759999990463257,1193900,0.0,0.0
2025-09-05 00:00:00-04:00,3.880000114440918,3.880000114440918,3.625,3.680000066757202,1355400,0.0,0.0
2025-09-08 00:00:00-04:00,3.680000066757202,3.7200000286102295,3.5799999237060547,3.5799999237060547,922200,0.0,0.0
2025-09-09 00:00:00-04:00,3.6600000858306885,4.150000095367432,3.6600000858306885,4.130000114440918,3310100,0.0,0.0
2025-09-10 00:00:00-04:00,4.179999828338623,4.420000076293945,4.110000133514404,4.320000171661377,3350100,0.0,0.0
2025-09-11 00:00:00-04:00,4.460000038146973,4.940000057220459,4.380000114440918,4.679999828338623,3371200,0.0,0.0
2025-09-12 00:00:00-04:00,4.960000038146973,5.269999980926514,4.789999961853027,5.25,5993900,0.0,0.0
2025-09-15 00:00:00-04:00,5.590000152587891,5.989999771118164,5.380000114440918,5.409999847412109,4926200,0.0,0.0
2025-09-16 00:00:00-04:00,5.5,5.5,5.090000152587891,5.340000152587891,3138900,0.0,0.0
2025-09-17 00:00:00-04:00,5.210000038146973,5.480000019073486,5.150000095367432,5.340000152587891,3682000,0.0,0.0
2025-09-18 00:00:00-04:00,5.539999961853027,5.610000133514404,5.230000019073486,5.329999923706055,3755900,0.0,0.0
2025-09-19 00:00:00-04:00,5.289999961853027,5.369999885559082,5.139999866485596,5.150000095367432,2207500,0.0,0.0
2025-09-22 00:00:00-04:00,5.050000190734863,5.329999923706055,4.900000095367432,5.28000020980835,2025500,0.0,0.0
2025-09-23 00:00:00-04:00,5.300000190734863,5.519999980926514,5.099999904632568,5.170000076293945,2950300,0.0,0.0
2025-09-24 00:00:00-04:00,5.25,5.760000228881836,5.239999771118164,5.630000114440918,4447200,0.0,0.0
2025-09-25 00:00:00-04:00,5.409999847412109,5.409999847412109,4.880000114440918,4.980000019073486,3967600,0.0,0.0
2025-09-26 00:00:00-04:00,4.889999866485596,5.065000057220459,4.789999961853027,4.949999809265137,1524200,0.0,0.0
2025-09-29 00:00:00-04:00,5.010000228881836,5.380000114440918,5.010000228881836,5.380000114440918,2495100,0.0,0.0
2025-09-30 00:00:00-04:00,5.389999866485596,5.619999885559082,5.21999979019165,5.610000133514404,2267500,0.0,0.0
2025-10-01 00:00:00-04:00,5.699999809265137,5.809999942779541,5.539999961853027,5.789999961853027,3004000,0.0,0.0
2025-10-02 00:00:00-04:00,5.840000152587891,6.159999847412109,5.78000020980835,6.090000152587891,3111100,0.0,0.0
2025-10-03 00:00:00-04:00,6.170000076293945,6.539999961853027,6.079999923706055,6.239999771118164,3276600,0.0,0.0
2025-10-06 00:00:00-04:00,6.579999923706055,7.795000076293945,6.559999942779541,7.789999961853027,5686300,0.0,0.0
2025-10-07 00:00:00-04:00,8.5,8.739999771118164,7.769999980926514,8.670000076293945,7839900,0.0,0.0
2025-10-08 00:00:00-04:00,8.800000190734863,9.229999542236328,8.510000228881836,9.130000114440918,6344100,0.0,0.0
2025-10-09 00:00:00-04:00,9.050000190734863,9.850000381469727,8.989999771118164,9.850000381469727,5730300,0.0,0.0
2025-10-10 00:00:00-04:00,10.119999885559082,10.960000038146973,9.180000305175781,9.260000228881836,8289900,0.0,0.0
2025-10-14 00:00:00-04:00,8.5,9.989999771118164,8.5,9.699999809265137,4732100,0.0,0.0
2025-10-15 00:00:00-04:00,9.859999656677246,9.9399995803833,8.90999984741211,9.550000190734863,4068100,0.0,0.0
2025-10-16 00:00:00-04:00,9.420000076293945,9.4399995803833,8.170000076293945,8.199999809265137,4189200,0.0,0.0
2025-10-17 00:00:00-04:00,7.0,8.170000076293945,6.980000019073486,7.920000076293945,3977100,0.0,0.0
2025-10-20 00:00:00-04:00,8.649999618530273,8.649999618530273,7.710000038146973,7.78000020980835,2894500,0.0,0.0
2025-10-21 00:00:00-04:00,7.730000019073486,7.989999771118164,7.420000076293945,7.699999809265137,2388500,0.0,0.0
2025-10-22 00:00:00-04:00,7.25,7.610000133514404,6.630000114440918,6.920000076293945,3332500,0.0,0.0
2025-10-23 00:00:00-04:00,7.03000020980835,7.230000019073486,6.869999885559082,7.119999885559082,1749000,0.0,0.0
2025-10-24 00:00:00-04:00,7.550000190734863,8.460000038146973,7.389999866485596,8.430000305175781,2893000,0.0,0.0
2025-10-27 00:00:00-04:00,8.819999694824219,8.819999694824219,8.199999809265137,8.199999809265137,2592900,0.0,0.0
2025-10-28 00:00:00-04:00,8.149999618530273,8.289999961853027,7.699999809265137,7.769999980926514,1489600,0.0,0.0
2025-10-29 00:00:00-04:00,7.869999885559082,8.109999656677246,7.46999979019165,7.730000019073486,1944900,0.0,0.0
2025-10-30 00:00:00-04:00,7.389999866485596,7.75,7.295000076293945,7.429999828338623,1086700,0.0,0.0
2025-10-31 00:00:00-04:00,7.630000114440918,7.630000114440918,6.909999847412109,7.300000190734863,1696200,0.0,0.0
2025-11-03 00:00:00-05:00,7.630000114440918,7.849999904632568,7.150000095367432,7.590000152587891,2004500,0.0,0.0
2025-11-04 00:00:00-05:00,7.0,7.349999904632568,6.800000190734863,6.900000095367432,2163500,0.0,0.0
2025-11-05 00:00:00-05:00,7.150000095367432,7.210000038146973,6.820000171661377,7.179999828338623,1524400,0.0,0.0
2025-11-06 00:00:00-05:00,7.019999980926514,7.090000152587891,6.639999866485596,6.730000019073486,1076100,0.0,0.0
2025-11-07 00:00:00-05:00,6.300000190734863,6.639999866485596,6.260000228881836,6.570000171661377,1595400,0.0,0.0
2025-11-10 00:00:00-05:00,7.019999980926514,7.019999980926514,6.519999980926514,6.630000114440918,1560800,0.0,0.0
2025-11-11 00:00:00-05:00,6.519999980926514,6.519999980926514,6.269999980926514,6.489999771118164,1068500,0.0,0.0
2025-11-12 00:00:00-05:00,6.570000171661377,6.670000076293945,5.659999847412109,5.730000019073486,2136700,0.0,0.0
2025-11-13 00:00:00-05:00,5.5,5.650000095367432,5.110000133514404,5.139999866485596,2217000,0.0,0.0
2025-11-14 00:00:00-05:00,4.699999809265137,4.96999979019165,4.599999904632568,4.599999904632568,3589700,0.0,0.0
2025-11-17 00:00:00-05:00,4.670000076293945,5.300000190734863,4.599999904632568,5.019999980926514,2633200,0.0,0.0
2025-11-18 00:00:00-05:00,4.809999942779541,5.159999847412109,4.800000190734863,4.880000114440918,1879200,0.0,0.0
2025-11-19 00:00:00-05:00,4.960000038146973,4.960000038146973,4.309999942779541,4.309999942779541,1988600,0.0,0.0
2025-11-20 00:00:00-05:00,4.599999904632568,4.690000057220459,4.110000133514404,4.130000114440918,2314300,0.0,0.0
2025-11-21 00:00:00-05:00,4.0,4.170000076293945,3.869999885559082,4.119999885559082,2570200,0.0,0.0
2025-11-24 00:00:00-05:00,4.25,4.550000190734863,4.130000114440918,4.550000190734863,1972600,0.0,0.0
2025-11-25 00:00:00-05:00,4.460000038146973,4.5,4.210000038146973,4.46999979019165,1338300,0.0,0.0
2025-11-26 00:00:00-05:00,4.460000038146973,4.590000152587891,4.260000228881836,4.519999980926514,2604400,0.0,0.0
2025-11-27 00:00:00-05:00,4.650000095367432,4.75,4.570000171661377,4.679999828338623,691800,0.0,0.0
2025-11-28 00:00:00-05:00,4.730000019073486,4.949999809265137,4.570000171661377,4.710000038146973,2147700,0.0,0.0
2025-12-01 00:00:00-05:00,4.340000152587891,4.489999771118164,4.130000114440918,4.420000076293945,2219600,0.0,0.0
2025-12-02 00:00:00-05:00,4.630000114440918,4.710000038146973,4.400000095367432,4.400000095367432,2027300,0.0,0.0
2025-12-03 00:00:00-05:00,4.460000038146973,4.619999885559082,4.300000190734863,4.559999942779541,1270500,0.0,0.0
2025-12-04 00:00:00-05:00,4.599999904632568,4.699999809265137,4.460000038146973,4.650000095367432,1337400,0.0,0.0
2025-12-05 00:00:00-05:00,4.599999904632568,4.599999904632568,4.269999980926514,4.320000171661377,1913100,0.0,0.0
2025-12-08 00:00:00-05:00,4.429999828338623,4.429999828338623,4.139999866485596,4.320000171661377,1426600,0.0,0.0
2025-12-09 00:00:00-05:00,4.28000020980835,4.579999923706055,4.210000038146973,4.46999979019165,1743200,0.0,0.0
2025-12-10 00:00:00-05:00,4.460000038146973,4.510000228881836,4.28000020980835,4.409999847412109,1601000,0.0,0.0
2025-12-11 00:00:00-05:00,4.289999961853027,4.480000019073486,4.170000076293945,4.449999809265137,1127800,0.0,0.0
2025-12-12 00:00:00-05:00,4.5,4.550000190734863,4.139999866485596,4.21999979019165,2340200,0.0,0.0
2025-12-15 00:00:00-05:00,4.179999828338623,4.199999809265137,3.799999952316284,3.8399999141693115,1985500,0.0,0.0
2025-12-16 00:00:00-05:00,3.8399999141693115,3.9000000953674316,3.7699999809265137,3.8399999141693115,1218700,0.0,0.0
2025-12-17 00:00:00-05:00,3.869999885559082,4.090000152587891,3.6600000858306885,3.680000066757202,1652200,0.0,0.0
2025-12-18 00:00:00-05:00,3.8499999046325684,3.990000009536743,3.6600000858306885,3.680000066757202,1346900,0.0,0.0
2025-12-19 00:00:00-05:00,3.740000009536743,3.9600000381469727,3.740000009536743,3.9600000381469727,1600700,0.0,0.0
2025-12-22 00:00:00-05:00,4.050000190734863,4.150000095367432,3.940000057220459,4.010000228881836,1401100,0.0,0.0
2025-12-23 00:00:00-05:00,3.9100000858306885,4.0,3.880000114440918,3.880000114440918,819200,0.0,0.0
2025-12-24 00:00:00-05:00,3.869999885559082,3.9100000858306885,3.809999942779541,3.890000104904175,748400,0.0,0.0
2025-12-29 00:00:00-05:00,3.75,3.9200000762939453,3.6600000858306885,3.680000066757202,1233400,0.0,0.0
2025-12-30 00:00:00-05:00,3.700000047683716,3.740000009536743,3.5199999809265137,3.559999942779541,916400,0.0,0.0
2025-12-31 00:00:00-05:00,3.5899999141693115,3.6700000762939453,3.5,3.5399999618530273,514500,0.0,0.0
2026-01-02 00:00:00-05:00,3.619999885559082,3.859999895095825,3.5999999046325684,3.740000009536743,1876400,0.0,0.0
2026-01-05 00:00:00-05:00,4.0,4.139999866485596,3.940000057220459,4.099999904632568,1682400,0.0,0.0
2026-01-06 00:00:00-05:00,4.179999828338623,4.260000228881836,3.890000104904175,4.230000019073486,2608900,0.0,0.0
2026-01-07 00:00:00-05:00,4.309999942779541,4.5,4.170000076293945,4.260000228881836,2610300,0.0,0.0
2026-01-08 00:00:00-05:00,4.21999979019165,4.409999847412109,4.159999847412109,4.340000152587891,1540300,0.0,0.0
2026-01-09 00:00:00-05:00,4.489999771118164,4.599999904632568,4.315000057220459,4.349999904632568,1532800,0.0,0.0
2026-01-12 00:00:00-05:00,4.349999904632568,4.619999885559082,4.269999980926514,4.53000020980835,2092000,0.0,0.0
2026-01-13 00:00:00-05:00,4.670000076293945,5.099999904632568,4.599999904632568,4.920000076293945,3167400,0.0,0.0
2026-01-14 00:00:00-05:00,5.019999980926514,5.03000020980835,4.71999979019165,4.760000228881836,2668700,0.0,0.0
2026-01-15 00:00:00-05:00,4.760000228881836,4.900000095367432,4.610000133514404,4.710000038146973,1368700,0.0,0.0
2026-01-16 00:00:00-05:00,4.800000190734863,4.940000057220459,4.679999828338623,4.849999904632568,2207700,0.0,0.0
2026-01-19 00:00:00-05:00,4.699999809265137,4.710000038146973,4.590000152587891,4.630000114440918,828900,0.0,0.0
2026-01-20 00:00:00-05:00,4.480000019073486,4.659999847412109,4.320000171661377,4.409999847412109,1637100,0.0,0.0
2026-01-21 00:00:00-05:00,4.480000019073486,4.659999847412109,4.269999980926514,4.440000057220459,1806000,0.0,0.0
2026-01-22 00:00:00-05:00,4.550000190734863,4.599999904632568,4.210000038146973,4.239999771118164,1967800,0.0,0.0
2026-01-23 00:00:00-05:00,4.25,4.53000020980835,4.070000171661377,4.409999847412109,2152100,0.0,0.0
2026-01-26 00:00:00-05:00,4.400000095367432,4.400000095367432,4.159999847412109,4.170000076293945,1710100,0.0,0.0
2026-01-27 00:00:00-05:00,4.170000076293945,4.199999809265137,3.9700000286102295,4.150000095367432,1360100,0.0,0.0
2026-01-28 00:00:00-05:00,4.159999847412109,4.260000228881836,3.9200000762939453,4.010000228881836,1803100,0.0,0.0
2026-01-29 00:00:00-05:00,3.9200000762939453,3.9200000762939453,3.619999885559082,3.7300000190734863,1832000,0.0,0.0
2026-01-30 00:00:00-05:00,3.6500000953674316,3.799999952316284,3.5799999237060547,3.75,2244800,0.0,0.0
2026-02-02 00:00:00-05:00,3.5899999141693115,3.640000104904175,3.359999895095825,3.369999885559082,2389800,0.0,0.0
2026-02-03 00:00:00-05:00,3.4000000953674316,3.5,3.25,3.369999885559082,1800500,0.0,0.0
2026-02-04 00:00:00-05:00,3.319999933242798,3.319999933242798,3.069999933242798,3.119999885559082,1540900,0.0,0.0
2026-02-05 00:00:00-05:00,2.950000047683716,3.1500000953674316,2.740000009536743,2.7699999809265137,3393300,0.0,0.0
2026-02-06 00:00:00-05:00,3.0199999809265137,3.234999895095825,3.0199999809265137,3.180000066757202,3090900,0.0,0.0
2026-02-09 00:00:00-05:00,3.119999885559082,3.309999942779541,3.049999952316284,3.25,1833900,0.0,0.0
2026-02-10 00:00:00-05:00,3.200000047683716,3.2300000190734863,3.130000114440918,3.1500000953674316,853300,0.0,0.0
2026-02-11 00:00:00-05:00,3.1500000953674316,3.1500000953674316,2.9700000286102295,3.049999952316284,1662100,0.0,0.0
2026-02-12 00:00:00-05:00,3.069999933242798,3.0799999237060547,2.884999990463257,2.9200000762939453,1028700,0.0,0.0
2026-02-13 00:00:00-05:00,3.009999990463257,3.0899999141693115,2.9200000762939453,3.0299999713897705,2098700,0.0,0.0
2026-02-17 00:00:00-05:00,3.069999933242798,3.069999933242798,2.8399999141693115,2.8499999046325684,1429600,0.0,0.0
2026-02-18 00:00:00-05:00,2.8499999046325684,2.9200000762939453,2.7899999618530273,2.869999885559082,1963500,0.0,0.0
2026-02-19 00:00:00-05:00,2.8499999046325684,2.9700000286102295,2.7200000286102295,2.9600000381469727,1210500,0.0,0.0
2026-02-20 00:00:00-05:00,2.9600000381469727,3.0299999713897705,2.8399999141693115,2.9200000762939453,1734100,0.0,0.0
2026-02-23 00:00:00-05:00,2.859999895095825,2.890000104904175,2.7699999809265137,2.880000114440918,1119800,0.0,0.0
2026-02-24 00:00:00-05:00,2.869999885559082,3.059999942779541,2.809999942779541,3.009999990463257,1774600,0.0,0.0
2026-02-25 00:00:00-05:00,3.0999999046325684,3.2200000286102295,3.0999999046325684,3.140000104904175,1793100,0.0,0.0
2026-02-26 00:00:00-05:00,3.140000104904175,3.180000066757202,3.059999942779541,3.0799999237060547,1454800,0.0,0.0
2026-02-27 00:00:00-05:00,3.009999990463257,3.0399999618530273,2.8499999046325684,2.940000057220459,1221400,0.0,0.0
2026-03-02 00:00:00-05:00,2.809999942779541,3.0899999141693115,2.7699999809265137,3.009999990463257,1057800,0.0,0.0
2026-03-03 00:00:00-05:00,2.940000057220459,2.9600000381469727,2.825000047683716,2.869999885559082,1139200,0.0,0.0
2026-03-04 00:00:00-05:00,3.049999952316284,3.2100000381469727,3.0399999618530273,3.140000104904175,1572800,0.0,0.0
2026-03-05 00:00:00-05:00,3.119999885559082,3.1500000953674316,2.940000057220459,3.0299999713897705,1469500,0.0,0.0
2026-03-06 00:00:00-05:00,2.930000066757202,2.930000066757202,2.7300000190734863,2.799999952316284,2057700,0.0,0.0
2026-03-09 00:00:00-04:00,2.799999952316284,2.8299999237060547,2.690000057220459,2.809999942779541,1283700,0.0,0.0
2026-03-10 00:00:00-04:00,2.880000114440918,2.930000066757202,2.799999952316284,2.799999952316284,1493200,0.0,0.0
2026-03-11 00:00:00-04:00,2.809999942779541,2.9200000762939453,2.809999942779541,2.880000114440918,1140200,0.0,0.0
2026-03-12 00:00:00-04:00,2.8399999141693115,2.890000104904175,2.7799999713897705,2.859999895095825,715100,0.0,0.0
2026-03-13 00:00:00-04:00,2.950000047683716,3.0799999237060547,2.884999990463257,2.930000066757202,1980000,0.0,0.0
2026-03-16 00:00:00-04:00,3.0799999237060547,3.1500000953674316,2.9800000190734863,3.0199999809265137,1213000,0.0,0.0
2026-03-17 00:00:00-04:00,3.0299999713897705,3.109999895095825,3.0,3.059999942779541,1295600,0.0,0.0
2026-03-18 00:00:00-04:00,3.0,3.0899999141693115,2.9200000762939453,2.990000009536743,1429100,0.0,0.0
2026-03-19 00:00:00-04:00,2.869999885559082,2.9000000953674316,2.7699999809265137,2.869999885559082,1643200,0.0,0.0
2026-03-20 00:00:00-04:00,2.859999895095825,2.890000104904175,2.6700000762939453,2.7799999713897705,1479200,0.0,0.0
2026-03-23 00:00:00-04:00,2.799999952316284,2.940000057220459,2.7899999618530273,2.9000000953674316,1403800,0.0,0.0
2026-03-24 00:00:00-04:00,2.819999933242798,2.890000104904175,2.7699999809265137,2.859999895095825,1158200,0.0,0.0
2026-03-25 00:00:00-04:00,2.930000066757202,3.0299999713897705,2.9100000858306885,2.950000047683716,1501300,0.0,0.0
2026-03-26 00:00:00-04:00,2.890000104904175,2.9000000953674316,2.6700000762939453,2.690000057220459,2180600,0.0,0.0
2026-03-27 00:00:00-04:00,2.609999895095825,2.619999885559082,2.490000009536743,2.549999952316284,1510100,0.0,0.0
2026-03-30 00:00:00-04:00,2.609999895095825,2.630000114440918,2.4200000762939453,2.440000057220459,1116800,0.0,0.0
2026-03-31 00:00:00-04:00,2.4800000190734863,2.6700000762939453,2.4800000190734863,2.5999999046325684,1131000,0.0,0.0
2026-04-01 00:00:00-04:00,2.75,2.75,2.640000104904175,2.640000104904175,883500,0.0,0.0
2026-04-02 00:00:00-04:00,2.5199999809265137,2.700000047683716,2.5199999809265137,2.690000057220459,946300,0.0,0.0
2026-04-06 00:00:00-04:00,2.740000009536743,2.799999952316284,2.700000047683716,2.7300000190734863,1430500,0.0,0.0
2026-04-07 00:00:00-04:00,2.700000047683716,2.7200000286102295,2.5999999046325684,2.700000047683716,1055200,0.0,0.0
2026-04-08 00:00:00-04:00,2.950000047683716,2.990000009536743,2.8499999046325684,2.9000000953674316,2348200,0.0,0.0
2026-04-09 00:00:00-04:00,2.9000000953674316,3.005000114440918,2.8399999141693115,2.869999885559082,1948400,0.0,0.0
2026-04-10 00:00:00-04:00,2.940000057220459,3.049999952316284,2.880000114440918,2.9000000953674316,2043000,0.0,0.0
2026-04-13 00:00:00-04:00,2.869999885559082,3.049999952316284,2.7699999809265137,3.0199999809265137,2353400,0.0,0.0
2026-04-14 00:00:00-04:00,3.0899999141693115,3.380000114440918,3.0899999141693115,3.3299999237060547,2885000,0.0,0.0
2026-04-15 00:00:00-04:00,3.359999895095825,3.4000000953674316,3.240000009536743,3.4000000953674316,2327100,0.0,0.0
2026-04-16 00:00:00-04:00,3.2100000381469727,3.2200000286102295,2.819999933242798,3.0,6226300,0.0,0.0
2026-04-17 00:00:00-04:00,3.069999933242798,3.5199999809265137,2.9600000381469727,3.390000104904175,6449400,0.0,0.0
2026-04-20 00:00:00-04:00,3.25,3.490000009536743,3.25,3.430000066757202,3088700,0.0,0.0
2026-04-21 00:00:00-04:00,3.549999952316284,3.5799999237060547,3.380000114440918,3.380000114440918,2625400,0.0,0.0
2026-04-22 00:00:00-04:00,3.5299999713897705,3.740000009536743,3.5299999713897705,3.559999942779541,3481300,0.0,0.0
2026-04-23 00:00:00-04:00,3.5,3.5999999046325684,3.380000114440918,3.490000009536743,2265300,0.0,0.0
2026-04-24 00:00:00-04:00,3.549999952316284,3.700000047683716,3.4200000762939453,3.450000047683716,2965900,0.0,0.0
2026-04-27 00:00:00-04:00,3.430000066757202,3.450000047683716,3.2699999809265137,3.380000114440918,1663600,0.0,0.0
2026-04-28 00:00:00-04:00,3.2799999713897705,3.2799999713897705,3.0899999141693115,3.1500000953674316,2099400,0.0,0.0
2026-04-29 00:00:00-04:00,3.180000066757202,3.180000066757202,3.009999990463257,3.069999933242798,1406400,0.0,0.0
2026-04-30 00:00:00-04:00,3.059999942779541,3.2799999713897705,3.049999952316284,3.2799999713897705,1429700,0.0,0.0
2026-05-01 00:00:00-04:00,3.299999952316284,3.365000009536743,3.2699999809265137,3.2799999713897705,1853300,0.0,0.0
2026-05-04 00:00:00-04:00,3.390000104904175,3.575000047683716,3.359999895095825,3.5199999809265137,2499700,0.0,0.0
2026-05-05 00:00:00-04:00,3.6600000858306885,3.880000114440918,3.549999952316284,3.859999895095825,3709500,0.0,0.0
2026-05-06 00:00:00-04:00,3.990000009536743,4.079999923706055,3.8399999141693115,4.019999980926514,3758300,0.0,0.0
2026-05-07 00:00:00-04:00,3.9600000381469727,4.03000020980835,3.799999952316284,3.930000066757202,3492700,0.0,0.0
2026-05-08 00:00:00-04:00,3.950000047683716,3.9800000190734863,3.7899999618530273,3.859999895095825,3810400,0.0,0.0
2026-05-11 00:00:00-04:00,3.8499999046325684,4.269999980926514,3.7300000190734863,4.099999904632568,3831700,0.0,0.0
2026-05-12 00:00:00-04:00,4.0,4.010000228881836,3.7100000381469727,3.880000114440918,2563200,0.0,0.0
2026-05-13 00:00:00-04:00,3.880000114440918,3.884999990463257,3.740000009536743,3.819999933242798,1902500,0.0,0.0
2026-05-14 00:00:00-04:00,3.799999952316284,4.210000038146973,3.740000009536743,4.070000171661377,4269100,0.0,0.0
2026-05-15 00:00:00-04:00,3.940000057220459,3.940000057220459,3.690000057220459,3.75,3188900,0.0,0.0
2026-05-19 00:00:00-04:00,4.380000114440918,4.940000057220459,4.28000020980835,4.579999923706055,8686700,0.0,0.0
2026-05-20 00:00:00-04:00,4.659999847412109,5.579999923706055,4.409999847412109,5.289999961853027,10061600,0.0,0.0
2026-05-21 00:00:00-04:00,5.320000171661377,5.480000019073486,5.099999904632568,5.28000020980835,6210300,0.0,0.0
2026-05-22 00:00:00-04:00,5.300000190734863,5.829999923706055,5.170000076293945,5.630000114440918,7857500,0.0,0.0
2026-05-25 00:00:00-04:00,5.889999866485596,5.909999847412109,5.730000019073486,5.900000095367432,3415500,0.0,0.0
2026-05-26 00:00:00-04:00,5.920000076293945,6.0,5.630000114440918,5.699999809265137,6275100,0.0,0.0
2026-05-27 00:00:00-04:00,5.53000020980835,6.199999809265137,5.340000152587891,6.150000095367432,7378400,0.0,0.0
2026-05-28 00:00:00-04:00,6.050000190734863,6.269999980926514,5.989999771118164,6.119999885559082,7134900,0.0,0.0
2026-05-29 00:00:00-04:00,6.090000152587891,6.21999979019165,5.739999771118164,6.21999979019165,6511300,0.0,0.0
2026-06-01 00:00:00-04:00,6.150000095367432,6.940000057220459,6.019999980926514,6.639999866485596,7165900,0.0,0.0
2026-06-02 00:00:00-04:00,6.400000095367432,6.880000114440918,6.059999942779541,6.28000020980835,9371900,0.0,0.0
2026-06-03 00:00:00-04:00,6.159999847412109,6.849999904632568,6.005000114440918,6.079999923706055,8538700,0.0,0.0
2026-06-04 00:00:00-04:00,5.75,6.135000228881836,5.639999866485596,6.070000171661377,7078000,0.0,0.0
2026-06-05 00:00:00-04:00,5.829999923706055,5.829999923706055,5.039999961853027,5.25,6325700,0.0,0.0
2026-06-08 00:00:00-04:00,5.46999979019165,5.710000038146973,5.239999771118164,5.550000190734863,4080100,0.0,0.0
2026-06-09 00:00:00-04:00,5.650000095367432,5.96999979019165,5.025000095367432,5.210000038146973,5293100,0.0,0.0
2026-06-10 00:00:00-04:00,5.110000133514404,5.300000190734863,4.880000114440918,4.900000095367432,3857900,0.0,0.0
2026-06-11 00:00:00-04:00,5.0,5.320000171661377,4.789999961853027,5.260000228881836,4077700,0.0,0.0
2026-06-12 00:00:00-04:00,5.289999961853027,5.550000190734863,5.210000038146973,5.21999979019165,3307000,0.0,0.0
2026-06-15 00:00:00-04:00,5.570000171661377,5.71999979019165,5.460000038146973,5.53000020980835,4229500,0.0,0.0
2026-06-16 00:00:00-04:00,5.5,5.960000038146973,5.429999828338623,5.679999828338623,4606200,0.0,0.0
2026-06-17 00:00:00-04:00,5.670000076293945,5.980000019073486,5.579999923706055,5.619999885559082,4792400,0.0,0.0
2026-06-18 00:00:00-04:00,6.0,6.300000190734863,5.800000190734863,6.039999961853027,7038700,0.0,0.0
2026-06-19 00:00:00-04:00,6.039999961853027,6.900000095367432,5.960000038146973,6.619999885559082,6970700,0.0,0.0
2026-06-22 00:00:00-04:00,6.429999828338623,7.559999942779541,6.380000114440918,6.929999828338623,11637400,0.0,0.0
2026-06-23 00:00:00-04:00,6.5,6.909999847412109,6.28000020980835,6.559999942779541,5302300,0.0,0.0
2026-06-24 00:00:00-04:00,6.599999904632568,6.610000133514404,5.710000038146973,5.889999866485596,4318800,0.0,0.0
2026-06-25 00:00:00-04:00,6.0,6.0,5.159999847412109,5.360000133514404,4473100,0.0,0.0
2026-06-26 00:00:00-04:00,5.25,5.960000038146973,5.119999885559082,5.690000057220459,5993600,0.0,0.0
2026-06-29 00:00:00-04:00,5.849999904632568,5.860000133514404,5.079999923706055,5.340000152587891,4429100,0.0,0.0
2026-06-30 00:00:00-04:00,5.21999979019165,5.28000020980835,5.059999942779541,5.179999828338623,2811600,0.0,0.0
2026-07-02 00:00:00-04:00,5.170000076293945,5.210000038146973,4.539999961853027,4.610000133514404,4122400,0.0,0.0
2026-07-03 00:00:00-04:00,4.679999828338623,4.869999885559082,4.670000076293945,4.679999828338623,1012200,0.0,0.0
2026-07-06 00:00:00-04:00,4.599999904632568,4.960000038146973,4.590000152587891,4.78000020980835,4029800,0.0,0.0
2026-07-07 00:00:00-04:00,4.650000095367432,4.71999979019165,4.420000076293945,4.510000228881836,1809900,0.0,0.0
2026-07-08 00:00:00-04:00,4.380000114440918,4.610000133514404,4.380000114440918,4.579999923706055,1917300,0.0,0.0
2026-07-09 00:00:00-04:00,4.650000095367432,4.929999828338623,4.610000133514404,4.760000228881836,2561300,0.0,0.0
2026-07-10 00:00:00-04:00,4.920000076293945,5.019999980926514,4.664999961853027,4.710000038146973,1998200,0.0,0.0
2026-07-13 00:00:00-04:00,4.579999923706055,4.670000076293945,4.420000076293945,4.550000190734863,1841100,0.0,0.0
2026-07-14 00:00:00-04:00,4.659999847412109,4.769999980926514,4.440000057220459,4.460000038146973,2171500,0.0,0.0
2026-07-15 00:00:00-04:00,4.510000228881836,4.630000114440918,4.385000228881836,4.489999771118164,2225700,0.0,0.0
2026-07-16 00:00:00-04:00,4.360000133514404,4.360000133514404,4.03000020980835,4.050000190734863,1973800,0.0,0.0
2026-07-17 00:00:00-04:00,3.880000114440918,4.110000133514404,3.7899999618530273,3.990000009536743,2113400,0.0,0.0
2026-07-20 00:00:00-04:00,4.090000152587891,4.400000095367432,4.079999923706055,4.360000133514404,2487900,0.0,0.0
2026-07-21 00:00:00-04:00,4.449999809265137,4.630000114440918,4.400000095367432,4.570000171661377,2583600,0.0,0.0
2026-07-22 00:00:00-04:00,4.460000038146973,4.690000057220459,4.449999809265137,4.5,1760216,0.0,0.0
