Date,Open,High,Low,Close,Volume,Dividends,Stock Splits
2024-03-28 00:00:00-04:00,14.25,15.239999771118164,14.100000381469727,14.25,1754200,0.0,0.0
2024-04-01 00:00:00-04:00,14.579999923706055,14.720999717712402,13.300000190734863,13.539999961853027,596900,0.0,0.0
2024-04-02 00:00:00-04:00,13.479999542236328,13.90999984741211,12.100000381469727,13.619999885559082,132400,0.0,0.0
2024-04-03 00:00:00-04:00,13.899999618530273,14.180000305175781,13.300000190734863,13.449999809265137,397200,0.0,0.0
2024-04-04 00:00:00-04:00,13.609999656677246,13.715999603271484,12.9399995803833,13.0,473800,0.0,0.0
2024-04-05 00:00:00-04:00,13.34000015258789,13.4399995803833,13.199999809265137,13.220000267028809,241200,0.0,0.0
2024-04-08 00:00:00-04:00,13.220000267028809,13.460000038146973,12.359999656677246,12.460000038146973,290400,0.0,0.0
2024-04-09 00:00:00-04:00,12.619999885559082,13.100000381469727,11.90999984741211,12.0,264900,0.0,0.0
2024-04-10 00:00:00-04:00,11.779999732971191,12.140000343322754,11.720000267028809,11.869999885559082,164900,0.0,0.0
2024-04-11 00:00:00-04:00,11.53600025177002,12.164999961853027,11.5,11.630000114440918,156400,0.0,0.0
2024-04-12 00:00:00-04:00,11.5,11.901000022888184,11.199999809265137,11.289999961853027,64100,0.0,0.0
2024-04-15 00:00:00-04:00,11.350000381469727,11.4399995803833,10.350000381469727,10.789999961853027,111600,0.0,0.0
2024-04-16 00:00:00-04:00,10.600000381469727,10.979999542236328,10.350000381469727,10.5600004196167,116400,0.0,0.0
2024-04-17 00:00:00-04:00,10.449999809265137,11.59000015258789,10.449999809265137,11.289999961853027,123900,0.0,0.0
2024-04-18 00:00:00-04:00,11.770000457763672,11.899999618530273,11.170000076293945,11.300000190734863,151300,0.0,0.0
2024-04-19 00:00:00-04:00,11.5,11.5,9.9399995803833,10.09000015258789,160300,0.0,0.0
2024-04-22 00:00:00-04:00,9.899999618530273,10.604999542236328,9.829999923706055,10.010000228881836,184100,0.0,0.0
2024-04-23 00:00:00-04:00,9.970000267028809,10.904999732971191,9.970000267028809,10.65999984741211,111700,0.0,0.0
2024-04-24 00:00:00-04:00,10.859999656677246,11.210000038146973,10.029999732971191,11.029999732971191,158700,0.0,0.0
2024-04-25 00:00:00-04:00,10.800000190734863,12.180000305175781,10.4399995803833,12.069999694824219,154900,0.0,0.0
2024-04-26 00:00:00-04:00,12.180000305175781,12.64799976348877,11.204999923706055,11.640000343322754,95800,0.0,0.0
2024-04-29 00:00:00-04:00,11.9399995803833,11.970000267028809,10.859999656677246,11.460000038146973,90600,0.0,0.0
2024-04-30 00:00:00-04:00,11.140000343322754,11.84000015258789,9.850000381469727,9.899999618530273,109700,0.0,0.0
2024-05-01 00:00:00-04:00,9.84000015258789,10.390000343322754,8.968000411987305,10.0,105500,0.0,0.0
2024-05-02 00:00:00-04:00,10.029999732971191,10.359999656677246,8.989999771118164,9.050000190734863,150000,0.0,0.0
2024-05-03 00:00:00-04:00,9.0600004196167,9.420000076293945,8.529999732971191,9.350000381469727,108100,0.0,0.0
2024-05-06 00:00:00-04:00,9.470000267028809,10.0649995803833,9.260000228881836,9.8100004196167,85500,0.0,0.0
2024-05-07 00:00:00-04:00,9.510000228881836,10.029999732971191,9.454999923706055,10.0,79100,0.0,0.0
2024-05-08 00:00:00-04:00,9.949999809265137,10.449999809265137,9.5,9.899999618530273,51100,0.0,0.0
2024-05-09 00:00:00-04:00,9.65999984741211,10.359999656677246,9.050000190734863,9.100000381469727,95700,0.0,0.0
2024-05-10 00:00:00-04:00,8.989999771118164,9.3100004196167,8.5600004196167,8.59000015258789,56000,0.0,0.0
2024-05-13 00:00:00-04:00,8.510000228881836,9.619999885559082,8.510000228881836,9.520000457763672,79900,0.0,0.0
2024-05-14 00:00:00-04:00,9.170000076293945,9.789999961853027,8.970000267028809,9.279999732971191,76800,0.0,0.0
2024-05-15 00:00:00-04:00,9.4399995803833,10.104999542236328,9.045000076293945,9.529999732971191,109900,0.0,0.0
2024-05-16 00:00:00-04:00,9.140000343322754,9.979999542236328,8.944999694824219,9.960000038146973,50200,0.0,0.0
2024-05-17 00:00:00-04:00,9.75,10.010000228881836,9.430000305175781,9.670000076293945,92500,0.0,0.0
2024-05-20 00:00:00-04:00,9.40999984741211,11.904000282287598,9.265000343322754,10.619999885559082,219400,0.0,0.0
2024-05-21 00:00:00-04:00,10.25,11.640000343322754,10.25,10.989999771118164,87300,0.0,0.0
2024-05-22 00:00:00-04:00,10.649999618530273,11.329999923706055,10.649999618530273,11.020000457763672,61900,0.0,0.0
2024-05-23 00:00:00-04:00,10.710000038146973,11.279999732971191,10.470000267028809,10.520000457763672,123800,0.0,0.0
2024-05-24 00:00:00-04:00,10.569999694824219,12.260000228881836,10.319999694824219,11.3100004196167,316200,0.0,0.0
2024-05-28 00:00:00-04:00,11.470000267028809,11.869999885559082,9.5,9.600000381469727,117300,0.0,0.0
2024-05-29 00:00:00-04:00,9.359999656677246,9.524999618530273,8.65999984741211,8.720000267028809,58300,0.0,0.0
2024-05-30 00:00:00-04:00,8.630000114440918,8.9350004196167,8.270000457763672,8.550000190734863,41100,0.0,0.0
2024-05-31 00:00:00-04:00,8.25,9.36299991607666,8.25,9.119999885559082,33900,0.0,0.0
2024-06-03 00:00:00-04:00,8.770000457763672,9.600000381469727,8.75,9.079999923706055,39200,0.0,0.0
2024-06-04 00:00:00-04:00,9.0,9.600000381469727,8.604999542236328,9.1899995803833,38500,0.0,0.0
2024-06-05 00:00:00-04:00,9.390000343322754,9.390000343322754,8.760000228881836,8.960000038146973,44600,0.0,0.0
2024-06-06 00:00:00-04:00,9.289999961853027,9.550000190734863,8.760000228881836,9.319999694824219,25400,0.0,0.0
2024-06-07 00:00:00-04:00,9.140000343322754,9.9350004196167,9.140000343322754,9.619999885559082,41900,0.0,0.0
2024-06-10 00:00:00-04:00,9.710000038146973,10.130000114440918,9.210000038146973,9.390000343322754,42000,0.0,0.0
2024-06-11 00:00:00-04:00,9.399999618530273,9.600000381469727,9.09000015258789,9.220000267028809,15900,0.0,0.0
2024-06-12 00:00:00-04:00,9.399999618530273,9.609999656677246,7.210000038146973,7.71999979019165,154600,0.0,0.0
2024-06-13 00:00:00-04:00,7.730000019073486,8.079999923706055,6.840000152587891,7.25,57900,0.0,0.0
2024-06-14 00:00:00-04:00,7.550000190734863,7.550000190734863,6.03000020980835,6.559999942779541,178100,0.0,0.0
2024-06-17 00:00:00-04:00,6.440000057220459,6.880000114440918,6.119999885559082,6.170000076293945,68000,0.0,0.0
2024-06-18 00:00:00-04:00,6.300000190734863,6.614999771118164,5.860000133514404,5.980000019073486,339500,0.0,0.0
2024-06-20 00:00:00-04:00,5.920000076293945,6.239999771118164,5.460000038146973,5.5,260800,0.0,0.0
2024-06-21 00:00:00-04:00,5.53000020980835,5.53000020980835,4.769999980926514,4.769999980926514,256700,0.0,0.0
2024-06-24 00:00:00-04:00,4.730000019073486,5.880000114440918,4.730000019073486,5.409999847412109,128100,0.0,0.0
2024-06-25 00:00:00-04:00,5.090000152587891,5.440000057220459,4.420000076293945,4.429999828338623,317600,0.0,0.0
2024-06-26 00:00:00-04:00,4.309999942779541,4.309999942779541,3.869999885559082,4.0,113100,0.0,0.0
2024-06-27 00:00:00-04:00,4.0,4.659999847412109,3.9000000953674316,4.539999961853027,136500,0.0,0.0
2024-06-28 00:00:00-04:00,4.650000095367432,4.7179999351501465,3.5999999046325684,3.869999885559082,812700,0.0,0.0
2024-07-01 00:00:00-04:00,3.809999942779541,4.190000057220459,3.75,4.190000057220459,81900,0.0,0.0
2024-07-02 00:00:00-04:00,4.179999828338623,4.349999904632568,4.050000190734863,4.300000190734863,47400,0.0,0.0
2024-07-03 00:00:00-04:00,4.329999923706055,4.360000133514404,4.050000190734863,4.239999771118164,32800,0.0,0.0
2024-07-05 00:00:00-04:00,4.239999771118164,4.239999771118164,4.019999980926514,4.150000095367432,32400,0.0,0.0
2024-07-08 00:00:00-04:00,4.170000076293945,4.5,3.990000009536743,4.46999979019165,46800,0.0,0.0
2024-07-09 00:00:00-04:00,4.409999847412109,4.5279998779296875,3.9700000286102295,4.349999904632568,42900,0.0,0.0
2024-07-10 00:00:00-04:00,4.269999980926514,4.309999942779541,4.059999942779541,4.210000038146973,37000,0.0,0.0
2024-07-11 00:00:00-04:00,4.300000190734863,4.400000095367432,4.0,4.199999809265137,81100,0.0,0.0
2024-07-12 00:00:00-04:00,4.289999961853027,4.289999961853027,3.940000057220459,4.079999923706055,39800,0.0,0.0
2024-07-15 00:00:00-04:00,4.110000133514404,4.210000038146973,3.930000066757202,4.210000038146973,46800,0.0,0.0
2024-07-16 00:00:00-04:00,4.260000228881836,4.440000057220459,4.21999979019165,4.289999961853027,44900,0.0,0.0
2024-07-17 00:00:00-04:00,4.239999771118164,4.489999771118164,4.090000152587891,4.179999828338623,71000,0.0,0.0
2024-07-18 00:00:00-04:00,4.179999828338623,4.21999979019165,3.690000057220459,3.880000114440918,52500,0.0,0.0
2024-07-19 00:00:00-04:00,3.740000009536743,3.989000082015991,3.440000057220459,3.559999942779541,69800,0.0,0.0
2024-07-22 00:00:00-04:00,3.619999885559082,3.7899999618530273,3.4000000953674316,3.569999933242798,68200,0.0,0.0
2024-07-23 00:00:00-04:00,3.8499999046325684,3.8499999046325684,3.440000057220459,3.5999999046325684,88700,0.0,0.0
2024-07-24 00:00:00-04:00,3.6600000858306885,4.429999828338623,3.549999952316284,3.630000114440918,283600,0.0,0.0
2024-07-25 00:00:00-04:00,3.609999895095825,3.8399999141693115,3.5999999046325684,3.740000009536743,68100,0.0,0.0
2024-07-26 00:00:00-04:00,3.7799999713897705,4.118000030517578,3.619999885559082,3.7100000381469727,104300,0.0,0.0
2024-07-29 00:00:00-04:00,3.9210000038146973,3.9210000038146973,3.7200000286102295,3.859999895095825,28300,0.0,0.0
2024-07-30 00:00:00-04:00,3.7799999713897705,3.880000114440918,3.6600000858306885,3.809999942779541,69800,0.0,0.0
2024-07-31 00:00:00-04:00,3.759999990463257,3.984999895095825,3.6700000762939453,3.8499999046325684,61300,0.0,0.0
2024-08-01 00:00:00-04:00,3.809999942779541,3.9200000762939453,3.319999933242798,3.4100000858306885,165000,0.0,0.0
2024-08-02 00:00:00-04:00,3.380000114440918,3.380000114440918,3.049999952316284,3.180000066757202,61300,0.0,0.0
2024-08-05 00:00:00-04:00,3.0,3.109999895095825,2.9000000953674316,3.0,36000,0.0,0.0
2024-08-06 00:00:00-04:00,2.9200000762939453,3.190000057220459,2.8499999046325684,3.119999885559082,402800,0.0,0.0
2024-08-07 00:00:00-04:00,3.1700000762939453,3.3499999046325684,3.0199999809265137,3.299999952316284,109200,0.0,0.0
2024-08-08 00:00:00-04:00,3.3350000381469727,3.3350000381469727,3.190000057220459,3.240000009536743,17800,0.0,0.0
2024-08-09 00:00:00-04:00,3.2100000381469727,3.4100000858306885,3.009999990463257,3.069999933242798,21600,0.0,0.0
2024-08-12 00:00:00-04:00,3.059999942779541,3.1500000953674316,2.8610000610351562,2.880000114440918,29200,0.0,0.0
2024-08-13 00:00:00-04:00,2.950000047683716,3.109999895095825,2.930000066757202,2.9600000381469727,44100,0.0,0.0
2024-08-14 00:00:00-04:00,3.0399999618530273,3.5,2.880000114440918,2.9800000190734863,33300,0.0,0.0
2024-08-15 00:00:00-04:00,2.990000009536743,3.450000047683716,2.9800000190734863,3.3399999141693115,33600,0.0,0.0
2024-08-16 00:00:00-04:00,3.359999895095825,3.4800000190734863,3.1510000228881836,3.309999942779541,18900,0.0,0.0
2024-08-19 00:00:00-04:00,3.2899999618530273,3.615000009536743,3.2660000324249268,3.559999942779541,32000,0.0,0.0
2024-08-20 00:00:00-04:00,3.5199999809265137,3.5899999141693115,3.2699999809265137,3.4100000858306885,41800,0.0,0.0
2024-08-21 00:00:00-04:00,3.369999885559082,3.7200000286102295,3.322000026702881,3.640000104904175,22700,0.0,0.0
2024-08-22 00:00:00-04:00,3.680000066757202,3.8499999046325684,3.259999990463257,3.6500000953674316,209100,0.0,0.0
2024-08-23 00:00:00-04:00,3.6600000858306885,3.819999933242798,3.450000047683716,3.740000009536743,130100,0.0,0.0
2024-08-26 00:00:00-04:00,3.7899999618530273,3.930000066757202,3.630000114440918,3.930000066757202,72500,0.0,0.0
2024-08-27 00:00:00-04:00,3.9600000381469727,3.9600000381469727,3.609999895095825,3.809999942779541,24600,0.0,0.0
2024-08-28 00:00:00-04:00,3.819999933242798,3.8450000286102295,3.5299999713897705,3.5899999141693115,21600,0.0,0.0
2024-08-29 00:00:00-04:00,3.6549999713897705,3.6549999713897705,3.299999952316284,3.4600000381469727,39800,0.0,0.0
2024-08-30 00:00:00-04:00,3.609999895095825,3.630000114440918,3.390000104904175,3.619999885559082,45000,0.0,0.0
2024-09-03 00:00:00-04:00,3.640000104904175,3.690000057220459,3.4000000953674316,3.4000000953674316,23500,0.0,0.0
2024-09-04 00:00:00-04:00,3.4000000953674316,3.5299999713897705,3.319999933242798,3.369999885559082,24100,0.0,0.0
2024-09-05 00:00:00-04:00,3.3499999046325684,3.3499999046325684,3.055000066757202,3.200000047683716,37700,0.0,0.0
2024-09-06 00:00:00-04:00,3.1689999103546143,3.25,3.0399999618530273,3.130000114440918,17700,0.0,0.0
2024-09-09 00:00:00-04:00,3.1700000762939453,3.2899999618530273,3.0899999141693115,3.200000047683716,17700,0.0,0.0
2024-09-10 00:00:00-04:00,3.2100000381469727,3.3320000171661377,3.130000114440918,3.2300000190734863,19600,0.0,0.0
2024-09-11 00:00:00-04:00,3.1600000858306885,3.247999906539917,3.059999942779541,3.069999933242798,21000,0.0,0.0
2024-09-12 00:00:00-04:00,3.1449999809265137,3.299999952316284,3.069999933242798,3.2100000381469727,28300,0.0,0.0
2024-09-13 00:00:00-04:00,3.2799999713897705,3.5899999141693115,3.2300000190734863,3.5899999141693115,32900,0.0,0.0
2024-09-16 00:00:00-04:00,3.6700000762939453,3.799999952316284,3.490000009536743,3.7699999809265137,50500,0.0,0.0
2024-09-17 00:00:00-04:00,3.799999952316284,3.878000020980835,3.359999895095825,3.4200000762939453,53300,0.0,0.0
2024-09-18 00:00:00-04:00,3.490000009536743,3.6449999809265137,3.2899999618530273,3.4700000286102295,212500,0.0,0.0
2024-09-19 00:00:00-04:00,3.5399999618530273,4.440000057220459,3.4809999465942383,4.269999980926514,105400,0.0,0.0
2024-09-20 00:00:00-04:00,4.25,4.71999979019165,3.9600000381469727,4.400000095367432,237700,0.0,0.0
2024-09-23 00:00:00-04:00,4.460000038146973,4.565000057220459,3.619999885559082,3.700000047683716,51700,0.0,0.0
2024-09-24 00:00:00-04:00,3.75,3.8299999237060547,3.119999885559082,3.390000104904175,97100,0.0,0.0
2024-09-25 00:00:00-04:00,3.4200000762939453,3.5999999046325684,3.200000047683716,3.450000047683716,34100,0.0,0.0
2024-09-26 00:00:00-04:00,3.4800000190734863,3.559999942779541,3.319999933242798,3.5199999809265137,29600,0.0,0.0
2024-09-27 00:00:00-04:00,3.5199999809265137,3.5799999237060547,3.2699999809265137,3.390000104904175,39000,0.0,0.0
2024-09-30 00:00:00-04:00,3.365000009536743,3.509999990463257,3.2699999809265137,3.4700000286102295,48200,0.0,0.0
2024-10-01 00:00:00-04:00,3.490000009536743,3.490000009536743,3.25,3.259999990463257,58000,0.0,0.0
2024-10-02 00:00:00-04:00,3.259999990463257,3.3580000400543213,3.069999933242798,3.119999885559082,47400,0.0,0.0
2024-10-03 00:00:00-04:00,3.1600000858306885,3.25,3.0,3.130000114440918,52400,0.0,0.0
2024-10-04 00:00:00-04:00,3.190000057220459,3.2699999809265137,3.0799999237060547,3.180000066757202,40300,0.0,0.0
2024-10-07 00:00:00-04:00,3.3299999237060547,3.390000104904175,3.0999999046325684,3.180000066757202,29800,0.0,0.0
2024-10-08 00:00:00-04:00,3.180000066757202,3.2799999713897705,3.009999990463257,3.049999952316284,38700,0.0,0.0
2024-10-09 00:00:00-04:00,3.0199999809265137,3.049999952316284,2.9000000953674316,2.9000000953674316,24000,0.0,0.0
2024-10-10 00:00:00-04:00,2.9000000953674316,3.1500000953674316,2.9000000953674316,2.930000066757202,39400,0.0,0.0
2024-10-11 00:00:00-04:00,2.950000047683716,3.1489999294281006,2.9200000762939453,3.0199999809265137,46300,0.0,0.0
2024-10-14 00:00:00-04:00,3.0199999809265137,3.109999895095825,2.9600000381469727,3.0199999809265137,81000,0.0,0.0
2024-10-15 00:00:00-04:00,3.0,3.119999885559082,2.9700000286102295,3.0399999618530273,95100,0.0,0.0
2024-10-16 00:00:00-04:00,3.0399999618530273,3.0799999237060547,2.990000009536743,3.0399999618530273,58100,0.0,0.0
2024-10-17 00:00:00-04:00,3.059999942779541,3.078000068664551,2.9700000286102295,3.0299999713897705,51400,0.0,0.0
2024-10-18 00:00:00-04:00,3.049999952316284,3.049999952316284,2.9800000190734863,3.049999952316284,52500,0.0,0.0
2024-10-21 00:00:00-04:00,2.940000057220459,3.0799999237060547,2.940000057220459,3.0299999713897705,72700,0.0,0.0
2024-10-22 00:00:00-04:00,3.0,3.0899999141693115,2.9000000953674316,3.0299999713897705,61800,0.0,0.0
2024-10-23 00:00:00-04:00,3.0199999809265137,3.049999952316284,2.950000047683716,3.0199999809265137,91800,0.0,0.0
2024-10-24 00:00:00-04:00,3.0199999809265137,3.0889999866485596,2.890000104904175,2.990000009536743,84900,0.0,0.0
2024-10-25 00:00:00-04:00,2.990000009536743,3.059000015258789,2.819999933242798,2.9200000762939453,101700,0.0,0.0
2024-10-28 00:00:00-04:00,3.0299999713897705,3.119999885559082,2.880000114440918,3.0,59700,0.0,0.0
2024-10-29 00:00:00-04:00,3.0,3.2049999237060547,2.890000104904175,3.130000114440918,115900,0.0,0.0
2024-10-30 00:00:00-04:00,3.0899999141693115,3.109999895095825,2.9100000858306885,2.9200000762939453,37100,0.0,0.0
2024-10-31 00:00:00-04:00,2.9700000286102295,3.0,2.8329999446868896,2.9200000762939453,42400,0.0,0.0
2024-11-01 00:00:00-04:00,2.940000057220459,3.0,2.940000057220459,2.9800000190734863,28900,0.0,0.0
2024-11-04 00:00:00-05:00,3.009999990463257,3.0399999618530273,2.9100000858306885,2.9100000858306885,32700,0.0,0.0
2024-11-05 00:00:00-05:00,2.890000104904175,3.0799999237060547,2.819999933242798,2.990000009536743,44500,0.0,0.0
2024-11-06 00:00:00-05:00,3.0899999141693115,3.25,3.009000062942505,3.1700000762939453,83200,0.0,0.0
2024-11-07 00:00:00-05:00,3.180000066757202,3.430000066757202,3.1110000610351562,3.319999933242798,49600,0.0,0.0
2024-11-08 00:00:00-05:00,3.4000000953674316,3.569999933242798,3.244999885559082,3.5,49700,0.0,0.0
2024-11-11 00:00:00-05:00,3.5199999809265137,3.6600000858306885,3.309999942779541,3.5799999237060547,52300,0.0,0.0
2024-11-12 00:00:00-05:00,3.559999942779541,3.7049999237060547,3.559999942779541,3.700000047683716,53900,0.0,0.0
2024-11-13 00:00:00-05:00,3.700000047683716,3.75,3.559999942779541,3.569999933242798,44900,0.0,0.0
2024-11-14 00:00:00-05:00,3.549999952316284,3.5999999046325684,3.240000009536743,3.240000009536743,60300,0.0,0.0
2024-11-15 00:00:00-05:00,3.299999952316284,3.299999952316284,2.884999990463257,3.009999990463257,112100,0.0,0.0
2024-11-18 00:00:00-05:00,3.069999933242798,3.069999933242798,2.9560000896453857,2.990000009536743,299000,0.0,0.0
2024-11-19 00:00:00-05:00,2.950000047683716,3.0,2.625,2.690000057220459,87500,0.0,0.0
2024-11-20 00:00:00-05:00,2.740000009536743,2.7699999809265137,2.690000057220459,2.7100000381469727,50100,0.0,0.0
2024-11-21 00:00:00-05:00,2.740000009536743,2.740000009536743,2.5,2.569999933242798,96300,0.0,0.0
2024-11-22 00:00:00-05:00,2.615000009536743,2.700000047683716,2.3299999237060547,2.3499999046325684,295400,0.0,0.0
2024-11-25 00:00:00-05:00,2.430000066757202,2.634999990463257,2.4000000953674316,2.559999942779541,111500,0.0,0.0
2024-11-26 00:00:00-05:00,2.549999952316284,2.680000066757202,2.549999952316284,2.6600000858306885,85000,0.0,0.0
2024-11-27 00:00:00-05:00,2.5999999046325684,2.7300000190734863,2.4800000190734863,2.5199999809265137,131300,0.0,0.0
2024-11-29 00:00:00-05:00,2.559999942779541,2.890000104904175,2.559999942779541,2.7300000190734863,108700,0.0,0.0
2024-12-02 00:00:00-05:00,2.7200000286102295,3.0,2.7200000286102295,2.75,101500,0.0,0.0
2024-12-03 00:00:00-05:00,2.799999952316284,2.799999952316284,2.619999885559082,2.690000057220459,79200,0.0,0.0
2024-12-04 00:00:00-05:00,2.690000057220459,2.859999895095825,2.640000104904175,2.700000047683716,55800,0.0,0.0
2024-12-05 00:00:00-05:00,2.700000047683716,2.7300000190734863,2.5,2.5399999618530273,108800,0.0,0.0
2024-12-06 00:00:00-05:00,2.619999885559082,2.8550000190734863,2.549999952316284,2.8299999237060547,90100,0.0,0.0
2024-12-09 00:00:00-05:00,2.9100000858306885,2.9609999656677246,2.700000047683716,2.8499999046325684,136700,0.0,0.0
2024-12-10 00:00:00-05:00,2.8499999046325684,3.2899999618530273,2.7850000858306885,3.0999999046325684,110600,0.0,0.0
2024-12-11 00:00:00-05:00,3.0999999046325684,3.5399999618530273,3.0899999141693115,3.380000114440918,86100,0.0,0.0
2024-12-12 00:00:00-05:00,3.390000104904175,3.450000047683716,2.950000047683716,2.950000047683716,58200,0.0,0.0
2024-12-13 00:00:00-05:00,2.8399999141693115,2.8399999141693115,2.4600000381469727,2.4600000381469727,193300,0.0,0.0
2024-12-16 00:00:00-05:00,2.5,2.640000104904175,2.4200000762939453,2.509999990463257,68200,0.0,0.0
2024-12-17 00:00:00-05:00,2.5199999809265137,2.6449999809265137,2.4600000381469727,2.5299999713897705,46700,0.0,0.0
2024-12-18 00:00:00-05:00,2.615000009536743,2.8399999141693115,2.4800000190734863,2.5,71800,0.0,0.0
2024-12-19 00:00:00-05:00,2.5899999141693115,2.7300000190734863,2.380000114440918,2.5199999809265137,195600,0.0,0.0
2024-12-20 00:00:00-05:00,2.4800000190734863,2.859999895095825,2.4800000190734863,2.5899999141693115,972400,0.0,0.0
2024-12-23 00:00:00-05:00,2.6600000858306885,2.7300000190734863,2.509999990463257,2.559999942779541,193700,0.0,0.0
2024-12-24 00:00:00-05:00,2.5199999809265137,2.615000009536743,2.375,2.5799999237060547,44600,0.0,0.0
2024-12-26 00:00:00-05:00,2.5399999618530273,2.7699999809265137,2.500999927520752,2.6500000953674316,53400,0.0,0.0
2024-12-27 00:00:00-05:00,2.6500000953674316,2.6700000762939453,2.5,2.549999952316284,43800,0.0,0.0
2024-12-30 00:00:00-05:00,2.5299999713897705,2.759999990463257,2.5299999713897705,2.690000057220459,45500,0.0,0.0
2024-12-31 00:00:00-05:00,2.759999990463257,2.940000057220459,2.759999990463257,2.9000000953674316,64100,0.0,0.0
2025-01-02 00:00:00-05:00,2.880000114440918,3.119999885559082,2.7049999237060547,2.7300000190734863,69300,0.0,0.0
2025-01-03 00:00:00-05:00,2.759999990463257,2.799999952316284,2.6600000858306885,2.680000066757202,43100,0.0,0.0
2025-01-06 00:00:00-05:00,2.75,2.7699999809265137,2.6500000953674316,2.700000047683716,50800,0.0,0.0
2025-01-07 00:00:00-05:00,2.759999990463257,2.759999990463257,2.559999942779541,2.619999885559082,44200,0.0,0.0
2025-01-08 00:00:00-05:00,2.5999999046325684,2.619999885559082,2.5,2.5,31900,0.0,0.0
2025-01-10 00:00:00-05:00,2.4140000343322754,2.509999990463257,2.319999933242798,2.4200000762939453,65500,0.0,0.0
2025-01-13 00:00:00-05:00,2.5,2.5999999046325684,2.190000057220459,2.25,86800,0.0,0.0
2025-01-14 00:00:00-05:00,2.3499999046325684,2.5799999237060547,2.25,2.299999952316284,89800,0.0,0.0
2025-01-15 00:00:00-05:00,2.4000000953674316,2.5799999237060547,2.3550000190734863,2.490000009536743,96500,0.0,0.0
2025-01-16 00:00:00-05:00,2.484999895095825,2.7699999809265137,2.380000114440918,2.5399999618530273,261300,0.0,0.0
2025-01-17 00:00:00-05:00,2.559999942779541,2.7699999809265137,2.4100000858306885,2.5299999713897705,139100,0.0,0.0
2025-01-21 00:00:00-05:00,2.5799999237060547,2.5799999237060547,2.4700000286102295,2.569999933242798,170800,0.0,0.0
2025-01-22 00:00:00-05:00,2.5299999713897705,2.6700000762939453,2.5169999599456787,2.569999933242798,45600,0.0,0.0
2025-01-23 00:00:00-05:00,2.5299999713897705,2.630000114440918,2.490000009536743,2.5399999618530273,33800,0.0,0.0
2025-01-24 00:00:00-05:00,2.5299999713897705,2.630000114440918,2.390000104904175,2.4100000858306885,45600,0.0,0.0
2025-01-27 00:00:00-05:00,2.4000000953674316,2.450000047683716,2.3299999237060547,2.3499999046325684,22400,0.0,0.0
2025-01-28 00:00:00-05:00,2.4000000953674316,2.450000047683716,2.2799999713897705,2.440000057220459,24000,0.0,0.0
2025-01-29 00:00:00-05:00,2.490000009536743,2.5399999618530273,2.3499999046325684,2.4600000381469727,18100,0.0,0.0
2025-01-30 00:00:00-05:00,2.4600000381469727,2.4800000190734863,2.3499999046325684,2.440000057220459,21100,0.0,0.0
2025-01-31 00:00:00-05:00,2.444999933242798,2.444999933242798,2.2300000190734863,2.2899999618530273,60000,0.0,0.0
2025-02-03 00:00:00-05:00,2.240000009536743,2.380000114440918,2.2200000286102295,2.2300000190734863,21900,0.0,0.0
2025-02-04 00:00:00-05:00,2.2300000190734863,2.2799999713897705,2.1489999294281006,2.190000057220459,23900,0.0,0.0
2025-02-05 00:00:00-05:00,2.259999990463257,2.5399999618530273,2.2100000381469727,2.5,31900,0.0,0.0
2025-02-06 00:00:00-05:00,2.4700000286102295,2.4800000190734863,2.359999895095825,2.359999895095825,25800,0.0,0.0
2025-02-07 00:00:00-05:00,2.3499999046325684,2.3949999809265137,2.2200000286102295,2.2200000286102295,36500,0.0,0.0
2025-02-10 00:00:00-05:00,2.25,2.299999952316284,2.200000047683716,2.259999990463257,25900,0.0,0.0
2025-02-11 00:00:00-05:00,2.25,2.390000104904175,2.180000066757202,2.180000066757202,20700,0.0,0.0
2025-02-12 00:00:00-05:00,2.2100000381469727,2.309999942779541,2.130000114440918,2.200000047683716,43000,0.0,0.0
2025-02-13 00:00:00-05:00,2.2300000190734863,2.4800000190734863,2.1700000762939453,2.240000009536743,24300,0.0,0.0
2025-02-14 00:00:00-05:00,2.2899999618530273,2.440000057220459,2.240000009536743,2.240000009536743,43900,0.0,0.0
2025-02-18 00:00:00-05:00,2.2200000286102295,2.25,2.0799999237060547,2.109999895095825,69300,0.0,0.0
2025-02-19 00:00:00-05:00,2.0899999141693115,2.2100000381469727,2.0199999809265137,2.0199999809265137,77400,0.0,0.0
2025-02-20 00:00:00-05:00,2.009999990463257,2.0850000381469727,1.9900000095367432,2.0,35100,0.0,0.0
2025-02-21 00:00:00-05:00,2.009999990463257,2.0999999046325684,1.9199999570846558,1.9600000381469727,329100,0.0,0.0
2025-02-24 00:00:00-05:00,1.9800000190734863,2.0299999713897705,1.8799999952316284,1.9299999475479126,34900,0.0,0.0
2025-02-25 00:00:00-05:00,1.9199999570846558,1.9800000190734863,1.7999999523162842,1.840000033378601,84500,0.0,0.0
2025-02-26 00:00:00-05:00,1.840000033378601,2.049999952316284,1.8200000524520874,1.9199999570846558,66700,0.0,0.0
2025-02-27 00:00:00-05:00,1.899999976158142,2.0,1.8700000047683716,1.899999976158142,72800,0.0,0.0
2025-02-28 00:00:00-05:00,1.9299999475479126,2.0199999809265137,1.8899999856948853,1.9299999475479126,85800,0.0,0.0
2025-03-03 00:00:00-05:00,1.8799999952316284,1.9129999876022339,1.7200000286102295,1.725000023841858,122000,0.0,0.0
2025-03-04 00:00:00-05:00,1.7400000095367432,1.784999966621399,1.7000000476837158,1.7300000190734863,147500,0.0,0.0
2025-03-05 00:00:00-05:00,1.7050000429153442,1.8300000429153442,1.690000057220459,1.7000000476837158,212700,0.0,0.0
2025-03-06 00:00:00-05:00,1.6799999475479126,1.7999999523162842,1.659999966621399,1.7000000476837158,86600,0.0,0.0
2025-03-07 00:00:00-05:00,1.6799999475479126,1.7300000190734863,1.6399999856948853,1.690000057220459,97700,0.0,0.0
2025-03-10 00:00:00-04:00,1.6799999475479126,1.7200000286102295,1.600000023841858,1.6299999952316284,242200,0.0,0.0
2025-03-11 00:00:00-04:00,1.6299999952316284,1.649999976158142,1.5499999523162842,1.600000023841858,139100,0.0,0.0
2025-03-12 00:00:00-04:00,1.6200000047683716,1.7200000286102295,1.6100000143051147,1.7000000476837158,52400,0.0,0.0
2025-03-13 00:00:00-04:00,1.659999966621399,1.7899999618530273,1.600000023841858,1.6200000047683716,89000,0.0,0.0
2025-03-14 00:00:00-04:00,1.6100000143051147,1.6799999475479126,1.600000023841858,1.6799999475479126,38500,0.0,0.0
2025-03-17 00:00:00-04:00,1.690000057220459,1.7100000381469727,1.6299999952316284,1.6799999475479126,45600,0.0,0.0
2025-03-18 00:00:00-04:00,1.6299999952316284,1.6299999952316284,1.559999942779541,1.600000023841858,56300,0.0,0.0
2025-03-19 00:00:00-04:00,1.6399999856948853,1.6399999856948853,1.559999942779541,1.5700000524520874,23100,0.0,0.0
2025-03-20 00:00:00-04:00,1.5800000429153442,1.649999976158142,1.559999942779541,1.5700000524520874,21000,0.0,0.0
2025-03-21 00:00:00-04:00,1.590000033378601,1.7599999904632568,1.5700000524520874,1.7599999904632568,94600,0.0,0.0
2025-03-24 00:00:00-04:00,1.7799999713897705,1.7799999713897705,1.6200000047683716,1.7200000286102295,31500,0.0,0.0
2025-03-25 00:00:00-04:00,1.690000057220459,1.7100000381469727,1.5850000381469727,1.600000023841858,26200,0.0,0.0
2025-03-26 00:00:00-04:00,1.649999976158142,1.649999976158142,1.440000057220459,1.5199999809265137,135200,0.0,0.0
2025-03-27 00:00:00-04:00,1.465000033378601,1.5099999904632568,1.4199999570846558,1.5099999904632568,78800,0.0,0.0
2025-03-28 00:00:00-04:00,1.4900000095367432,1.6200000047683716,1.4299999475479126,1.5,23800,0.0,0.0
2025-03-31 00:00:00-04:00,1.5,1.5800000429153442,1.4299999475479126,1.5099999904632568,60400,0.0,0.0
2025-04-01 00:00:00-04:00,1.4700000286102295,1.5700000524520874,1.4299999475479126,1.4500000476837158,53700,0.0,0.0
2025-04-02 00:00:00-04:00,1.4160000085830688,1.5,1.4160000085830688,1.4900000095367432,39900,0.0,0.0
2025-04-03 00:00:00-04:00,1.4299999475479126,1.4500000476837158,1.3200000524520874,1.3799999952316284,68400,0.0,0.0
2025-04-04 00:00:00-04:00,1.340000033378601,1.3799999952316284,1.2699999809265137,1.2999999523162842,53900,0.0,0.0
2025-04-07 00:00:00-04:00,1.309999942779541,1.309999942779541,1.190000057220459,1.2000000476837158,123200,0.0,0.0
2025-04-08 00:00:00-04:00,1.1799999475479126,1.2899999618530273,1.100000023841858,1.100000023841858,97500,0.0,0.0
2025-04-09 00:00:00-04:00,1.0700000524520874,1.375,1.059999942779541,1.2000000476837158,159500,0.0,0.0
2025-04-10 00:00:00-04:00,1.1699999570846558,1.2699999809265137,1.1699999570846558,1.190000057220459,54900,0.0,0.0
2025-04-11 00:00:00-04:00,1.2000000476837158,1.3070000410079956,1.1449999809265137,1.2200000286102295,87400,0.0,0.0
2025-04-14 00:00:00-04:00,1.25,1.315000057220459,1.159999966621399,1.2400000095367432,41000,0.0,0.0
2025-04-15 00:00:00-04:00,1.2300000190734863,1.3700000047683716,1.1699999570846558,1.350000023841858,59600,0.0,0.0
2025-04-16 00:00:00-04:00,1.3600000143051147,1.3600000143051147,1.2899999618530273,1.309999942779541,37900,0.0,0.0
2025-04-17 00:00:00-04:00,1.2999999523162842,1.440000057220459,1.2699999809265137,1.4199999570846558,64600,0.0,0.0
2025-04-21 00:00:00-04:00,1.4199999570846558,1.4700000286102295,1.3799999952316284,1.399999976158142,144700,0.0,0.0
2025-04-22 00:00:00-04:00,1.4299999475479126,1.4600000381469727,1.340000033378601,1.4600000381469727,77100,0.0,0.0
2025-04-23 00:00:00-04:00,1.4800000190734863,1.6100000143051147,1.4450000524520874,1.5800000429153442,51700,0.0,0.0
2025-04-24 00:00:00-04:00,1.590000033378601,1.5950000286102295,1.4600000381469727,1.5399999618530273,32600,0.0,0.0
2025-04-25 00:00:00-04:00,1.5,1.5499999523162842,1.4600000381469727,1.4700000286102295,39400,0.0,0.0
2025-04-28 00:00:00-04:00,1.4600000381469727,1.4600000381469727,1.399999976158142,1.4500000476837158,32000,0.0,0.0
2025-04-29 00:00:00-04:00,1.4299999475479126,1.6200000047683716,1.409999966621399,1.600000023841858,53300,0.0,0.0
2025-04-30 00:00:00-04:00,1.590000033378601,1.7799999713897705,1.5399999618530273,1.7599999904632568,131600,0.0,0.0
2025-05-01 00:00:00-04:00,1.7799999713897705,1.7799999713897705,1.559999942779541,1.6100000143051147,53200,0.0,0.0
2025-05-02 00:00:00-04:00,1.6360000371932983,1.6360000371932983,1.559999942779541,1.6050000190734863,22900,0.0,0.0
2025-05-05 00:00:00-04:00,1.5,1.7000000476837158,1.5,1.5700000524520874,64100,0.0,0.0
2025-05-06 00:00:00-04:00,1.5199999809265137,1.6449999809265137,1.5,1.6100000143051147,86800,0.0,0.0
2025-05-07 00:00:00-04:00,1.6100000143051147,1.6299999952316284,1.4299999475479126,1.5299999713897705,100900,0.0,0.0
2025-05-08 00:00:00-04:00,1.5199999809265137,1.5299999713897705,1.4900000095367432,1.5,28600,0.0,0.0
2025-05-09 00:00:00-04:00,1.6699999570846558,1.6699999570846558,1.4199999570846558,1.440000057220459,42700,0.0,0.0
2025-05-12 00:00:00-04:00,1.5,1.5099999904632568,1.399999976158142,1.4900000095367432,32900,0.0,0.0
2025-05-13 00:00:00-04:00,1.5199999809265137,1.600000023841858,1.440000057220459,1.5499999523162842,21900,0.0,0.0
2025-05-14 00:00:00-04:00,1.5399999618530273,1.5399999618530273,1.465000033378601,1.4900000095367432,26800,0.0,0.0
2025-05-15 00:00:00-04:00,1.4900000095367432,1.718999981880188,1.4900000095367432,1.690000057220459,90000,0.0,0.0
2025-05-16 00:00:00-04:00,1.690000057220459,1.690000057220459,1.6100000143051147,1.649999976158142,27400,0.0,0.0
2025-05-19 00:00:00-04:00,1.6299999952316284,1.725000023841858,1.600000023841858,1.690000057220459,33100,0.0,0.0
2025-05-20 00:00:00-04:00,1.7100000381469727,1.7100000381469727,1.6100000143051147,1.659999966621399,22500,0.0,0.0
2025-05-21 00:00:00-04:00,1.6299999952316284,1.659999966621399,1.5850000381469727,1.659999966621399,42800,0.0,0.0
2025-05-22 00:00:00-04:00,1.659999966621399,1.659999966621399,1.5299999713897705,1.559999942779541,25300,0.0,0.0
2025-05-23 00:00:00-04:00,1.4600000381469727,1.6200000047683716,1.4600000381469727,1.5399999618530273,47200,0.0,0.0
2025-05-27 00:00:00-04:00,1.5800000429153442,1.5800000429153442,1.2200000286102295,1.2999999523162842,345900,0.0,0.0
2025-05-28 00:00:00-04:00,1.340000033378601,1.350000023841858,1.2000000476837158,1.2000000476837158,202300,0.0,0.0
2025-05-29 00:00:00-04:00,1.2000000476837158,1.2300000190734863,1.1299999952316284,1.1699999570846558,142000,0.0,0.0
2025-05-30 00:00:00-04:00,1.149999976158142,1.159999966621399,1.059999942779541,1.100000023841858,164300,0.0,0.0
2025-06-02 00:00:00-04:00,1.1399999856948853,1.190000057220459,1.100000023841858,1.1299999952316284,52100,0.0,0.0
2025-06-03 00:00:00-04:00,1.159999966621399,1.159999966621399,1.1200000047683716,1.1200000047683716,59000,0.0,0.0
2025-06-04 00:00:00-04:00,1.149999976158142,1.2300000190734863,1.1399999856948853,1.1799999475479126,110400,0.0,0.0
2025-06-05 00:00:00-04:00,1.1699999570846558,1.2300000190734863,1.1050000190734863,1.1699999570846558,63300,0.0,0.0
2025-06-06 00:00:00-04:00,1.190000057220459,1.2300000190734863,1.159999966621399,1.1799999475479126,112100,0.0,0.0
2025-06-09 00:00:00-04:00,1.1699999570846558,1.1950000524520874,1.090000033378601,1.100000023841858,390300,0.0,0.0
2025-06-10 00:00:00-04:00,1.100000023841858,1.1480000019073486,1.0399999618530273,1.0700000524520874,1373700,0.0,0.0
2025-06-11 00:00:00-04:00,1.0700000524520874,1.100000023841858,1.0399999618530273,1.059999942779541,240200,0.0,0.0
2025-06-12 00:00:00-04:00,1.0399999618530273,1.1200000047683716,1.0399999618530273,1.090000033378601,203600,0.0,0.0
2025-06-13 00:00:00-04:00,1.0700000524520874,1.1239999532699585,1.0399999618530273,1.0499999523162842,122100,0.0,0.0
2025-06-16 00:00:00-04:00,1.0499999523162842,1.090000033378601,1.0099999904632568,1.090000033378601,104600,0.0,0.0
2025-06-17 00:00:00-04:00,1.0700000524520874,1.0800000429153442,1.0299999713897705,1.0499999523162842,108400,0.0,0.0
2025-06-18 00:00:00-04:00,1.0399999618530273,1.065000057220459,1.0399999618530273,1.0399999618530273,35400,0.0,0.0
2025-06-20 00:00:00-04:00,1.059999942779541,1.0609999895095825,1.0199999809265137,1.0399999618530273,213400,0.0,0.0
2025-06-23 00:00:00-04:00,1.0399999618530273,1.0800000429153442,1.0199999809265137,1.0299999713897705,349100,0.0,0.0
2025-06-24 00:00:00-04:00,1.0299999713897705,1.1299999952316284,1.0,1.0800000429153442,1134900,0.0,0.0
2025-06-25 00:00:00-04:00,1.0800000429153442,1.100000023841858,1.0499999523162842,1.0700000524520874,131300,0.0,0.0
2025-06-26 00:00:00-04:00,1.059999942779541,1.100000023841858,1.0299999713897705,1.0700000524520874,407700,0.0,0.0
2025-06-27 00:00:00-04:00,1.059999942779541,1.065000057220459,1.0099999904632568,1.0099999904632568,1945600,0.0,0.0
2025-06-30 00:00:00-04:00,1.0299999713897705,1.0700000524520874,1.0099999904632568,1.0099999904632568,130100,0.0,0.0
2025-07-01 00:00:00-04:00,1.0199999809265137,1.090000033378601,1.0199999809265137,1.059999942779541,102900,0.0,0.0
2025-07-02 00:00:00-04:00,1.0499999523162842,1.090000033378601,1.0399999618530273,1.059999942779541,47100,0.0,0.0
2025-07-03 00:00:00-04:00,1.0499999523162842,1.090000033378601,1.0499999523162842,1.0700000524520874,56100,0.0,0.0
2025-07-07 00:00:00-04:00,1.0499999523162842,1.1150000095367432,1.0499999523162842,1.090000033378601,142000,0.0,0.0
2025-07-08 00:00:00-04:00,1.100000023841858,1.1200000047683716,1.090000033378601,1.100000023841858,19800,0.0,0.0
2025-07-09 00:00:00-04:00,1.1100000143051147,1.1610000133514404,1.1100000143051147,1.159999966621399,200800,0.0,0.0
2025-07-10 00:00:00-04:00,1.1549999713897705,1.1950000524520874,1.149999976158142,1.1799999475479126,168700,0.0,0.0
2025-07-11 00:00:00-04:00,1.159999966621399,1.2200000286102295,1.149999976158142,1.190000057220459,105200,0.0,0.0
2025-07-14 00:00:00-04:00,1.1799999475479126,1.2170000076293945,1.149999976158142,1.149999976158142,69500,0.0,0.0
2025-07-15 00:00:00-04:00,1.149999976158142,1.2100000381469727,1.1150000095367432,1.1200000047683716,105400,0.0,0.0
2025-07-16 00:00:00-04:00,1.1100000143051147,1.159999966621399,1.1100000143051147,1.1399999856948853,150700,0.0,0.0
2025-07-17 00:00:00-04:00,1.1299999952316284,1.190000057220459,1.1299999952316284,1.1799999475479126,58800,0.0,0.0
2025-07-18 00:00:00-04:00,1.190000057220459,1.2200000286102295,1.187000036239624,1.2100000381469727,58900,0.0,0.0
2025-07-21 00:00:00-04:00,1.2100000381469727,1.215000033378601,1.149999976158142,1.149999976158142,31300,0.0,0.0
2025-07-22 00:00:00-04:00,1.149999976158142,1.2200000286102295,1.149999976158142,1.190000057220459,84500,0.0,0.0
2025-07-23 00:00:00-04:00,1.2100000381469727,1.2589999437332153,1.2000000476837158,1.2400000095367432,148700,0.0,0.0
2025-07-24 00:00:00-04:00,1.2300000190734863,1.2790000438690186,1.2300000190734863,1.25,161600,0.0,0.0
2025-07-25 00:00:00-04:00,1.25,1.2899999618530273,1.25,1.2649999856948853,225400,0.0,0.0
2025-07-28 00:00:00-04:00,1.2799999713897705,1.3200000524520874,1.2000000476837158,1.2400000095367432,94900,0.0,0.0
2025-07-29 00:00:00-04:00,1.2799999713897705,1.2799999713897705,1.159999966621399,1.190000057220459,115700,0.0,0.0
2025-07-30 00:00:00-04:00,1.2100000381469727,1.2230000495910645,1.1549999713897705,1.190000057220459,105700,0.0,0.0
2025-07-31 00:00:00-04:00,1.1699999570846558,1.190000057220459,1.149999976158142,1.184999942779541,25300,0.0,0.0
2025-08-01 00:00:00-04:00,1.2000000476837158,1.2000000476837158,1.1349999904632568,1.159999966621399,71000,0.0,0.0
2025-08-04 00:00:00-04:00,1.149999976158142,1.2100000381469727,1.149999976158142,1.2000000476837158,45700,0.0,0.0
2025-08-05 00:00:00-04:00,1.1799999475479126,1.1950000524520874,1.1100000143051147,1.1799999475479126,74600,0.0,0.0
2025-08-06 00:00:00-04:00,1.1699999570846558,1.190000057220459,1.159999966621399,1.1799999475479126,37800,0.0,0.0
2025-08-07 00:00:00-04:00,1.159999966621399,1.184999942779541,1.1200000047683716,1.1399999856948853,84100,0.0,0.0
2025-08-08 00:00:00-04:00,1.1299999952316284,1.1399999856948853,1.0800000429153442,1.0800000429153442,66700,0.0,0.0
2025-08-11 00:00:00-04:00,1.100000023841858,1.1180000305175781,1.0499999523162842,1.1100000143051147,30300,0.0,0.0
2025-08-12 00:00:00-04:00,1.100000023841858,1.149999976158142,1.090000033378601,1.1200000047683716,54200,0.0,0.0
2025-08-13 00:00:00-04:00,1.1399999856948853,1.184999942779541,1.1399999856948853,1.1699999570846558,90500,0.0,0.0
2025-08-14 00:00:00-04:00,1.149999976158142,1.187999963760376,1.1399999856948853,1.1699999570846558,18200,0.0,0.0
2025-08-15 00:00:00-04:00,1.149999976158142,1.184999942779541,1.1299999952316284,1.159999966621399,66400,0.0,0.0
2025-08-18 00:00:00-04:00,1.1699999570846558,1.1799999475479126,1.149999976158142,1.1699999570846558,82300,0.0,0.0
2025-08-19 00:00:00-04:00,1.149999976158142,1.1740000247955322,1.1100000143051147,1.1100000143051147,273100,0.0,0.0
2025-08-20 00:00:00-04:00,1.090000033378601,1.1449999809265137,1.090000033378601,1.1399999856948853,41800,0.0,0.0
2025-08-21 00:00:00-04:00,1.1200000047683716,1.1699999570846558,1.1150000095367432,1.1399999856948853,105100,0.0,0.0
2025-08-22 00:00:00-04:00,1.1690000295639038,1.190000057220459,1.1549999713897705,1.1699999570846558,116100,0.0,0.0
2025-08-25 00:00:00-04:00,1.1799999475479126,1.1799999475479126,1.1100000143051147,1.1299999952316284,89700,0.0,0.0
2025-08-26 00:00:00-04:00,1.1299999952316284,1.159999966621399,1.128999948501587,1.1399999856948853,85200,0.0,0.0
2025-08-27 00:00:00-04:00,1.1399999856948853,1.159999966621399,1.1399999856948853,1.1399999856948853,38400,0.0,0.0
2025-08-28 00:00:00-04:00,1.1399999856948853,1.149999976158142,1.1299999952316284,1.1399999856948853,26100,0.0,0.0
2025-08-29 00:00:00-04:00,1.1399999856948853,1.149999976158142,1.1100000143051147,1.1200000047683716,17900,0.0,0.0
2025-09-02 00:00:00-04:00,1.1200000047683716,1.149999976158142,1.100000023841858,1.149999976158142,61100,0.0,0.0
2025-09-03 00:00:00-04:00,1.149999976158142,1.159999966621399,1.1299999952316284,1.149999976158142,149900,0.0,0.0
2025-09-04 00:00:00-04:00,1.1299999952316284,1.149999976158142,1.1299999952316284,1.1299999952316284,9800,0.0,0.0
2025-09-05 00:00:00-04:00,1.1699999570846558,1.1699999570846558,1.1299999952316284,1.149999976158142,53800,0.0,0.0
2025-09-08 00:00:00-04:00,1.149999976158142,1.1699999570846558,1.125,1.149999976158142,50800,0.0,0.0
2025-09-09 00:00:00-04:00,1.149999976158142,1.149999976158142,1.13100004196167,1.149999976158142,23300,0.0,0.0
2025-09-10 00:00:00-04:00,1.1299999952316284,1.1699999570846558,1.1299999952316284,1.159999966621399,97100,0.0,0.0
2025-09-11 00:00:00-04:00,1.159999966621399,1.1699999570846558,1.1399999856948853,1.159999966621399,91500,0.0,0.0
2025-09-12 00:00:00-04:00,1.159999966621399,1.1699999570846558,1.1299999952316284,1.149999976158142,117100,0.0,0.0
2025-09-15 00:00:00-04:00,1.1699999570846558,1.190000057220459,1.1200000047683716,1.149999976158142,66800,0.0,0.0
2025-09-16 00:00:00-04:00,1.1299999952316284,1.1510000228881836,1.1200000047683716,1.149999976158142,49900,0.0,0.0
2025-09-17 00:00:00-04:00,1.1299999952316284,1.149999976158142,1.1200000047683716,1.1399999856948853,29000,0.0,0.0
2025-09-18 00:00:00-04:00,1.1699999570846558,1.1699999570846558,1.1200000047683716,1.1399999856948853,31400,0.0,0.0
2025-09-19 00:00:00-04:00,1.1399999856948853,1.1649999618530273,1.1299999952316284,1.1399999856948853,116400,0.0,0.0
2025-09-22 00:00:00-04:00,1.149999976158142,1.159999966621399,1.1299999952316284,1.1299999952316284,95800,0.0,0.0
2025-09-23 00:00:00-04:00,1.1299999952316284,1.190000057220459,1.1200000047683716,1.1299999952316284,87000,0.0,0.0
2025-09-24 00:00:00-04:00,1.1399999856948853,1.1579999923706055,1.125,1.1449999809265137,64400,0.0,0.0
2025-09-25 00:00:00-04:00,1.1299999952316284,1.149999976158142,1.100000023841858,1.1299999952316284,71700,0.0,0.0
2025-09-26 00:00:00-04:00,1.159999966621399,1.159999966621399,1.1100000143051147,1.1399999856948853,106900,0.0,0.0
2025-09-29 00:00:00-04:00,1.2599999904632568,1.2599999904632568,1.1699999570846558,1.2000000476837158,502500,0.0,0.0
2025-09-30 00:00:00-04:00,1.2400000095367432,1.2400000095367432,1.190000057220459,1.2300000190734863,275600,0.0,0.0
2025-10-01 00:00:00-04:00,1.2400000095367432,1.2480000257492065,1.2000000476837158,1.2300000190734863,163600,0.0,0.0
2025-10-02 00:00:00-04:00,1.2200000286102295,1.24399995803833,1.2000000476837158,1.2100000381469727,209800,0.0,0.0
2025-10-03 00:00:00-04:00,1.2300000190734863,1.2400000095367432,1.2000000476837158,1.2300000190734863,139500,0.0,0.0
2025-10-06 00:00:00-04:00,1.2100000381469727,1.25,1.2100000381469727,1.2400000095367432,70800,0.0,0.0
2025-10-07 00:00:00-04:00,1.2400000095367432,1.2599999904632568,1.2200000286102295,1.2300000190734863,47100,0.0,0.0
2025-10-08 00:00:00-04:00,1.2400000095367432,1.340000033378601,1.2300000190734863,1.2999999523162842,425400,0.0,0.0
2025-10-09 00:00:00-04:00,1.3200000524520874,1.3300000429153442,1.2699999809265137,1.2799999713897705,159000,0.0,0.0
2025-10-10 00:00:00-04:00,1.2699999809265137,1.3200000524520874,1.246000051498413,1.2699999809265137,69200,0.0,0.0
2025-10-13 00:00:00-04:00,1.2599999904632568,1.2999999523162842,1.2300000190734863,1.2999999523162842,57900,0.0,0.0
2025-10-14 00:00:00-04:00,1.2699999809265137,1.444000005722046,1.2400000095367432,1.3200000524520874,391800,0.0,0.0
2025-10-15 00:00:00-04:00,1.3200000524520874,1.3600000143051147,1.2699999809265137,1.3200000524520874,175700,0.0,0.0
2025-10-16 00:00:00-04:00,1.3200000524520874,1.4600000381469727,1.2999999523162842,1.409999966621399,544600,0.0,0.0
2025-10-17 00:00:00-04:00,1.399999976158142,1.4199999570846558,1.350000023841858,1.3700000047683716,129100,0.0,0.0
2025-10-20 00:00:00-04:00,1.3700000047683716,1.4500000476837158,1.3700000047683716,1.399999976158142,200100,0.0,0.0
2025-10-21 00:00:00-04:00,1.399999976158142,1.5,1.399999976158142,1.4900000095367432,194600,0.0,0.0
2025-10-22 00:00:00-04:00,1.4900000095367432,1.5499999523162842,1.4500000476837158,1.5099999904632568,145700,0.0,0.0
2025-10-23 00:00:00-04:00,1.4900000095367432,1.5,1.3700000047683716,1.409999966621399,266400,0.0,0.0
2025-10-24 00:00:00-04:00,1.440000057220459,1.4800000190734863,1.4199999570846558,1.4600000381469727,126800,0.0,0.0
2025-10-27 00:00:00-04:00,1.4700000286102295,1.5,1.4600000381469727,1.4900000095367432,32100,0.0,0.0
2025-10-28 00:00:00-04:00,1.4700000286102295,1.5199999809265137,1.4500000476837158,1.4600000381469727,86400,0.0,0.0
2025-10-29 00:00:00-04:00,1.4600000381469727,1.4700000286102295,1.409999966621399,1.4299999475479126,85100,0.0,0.0
2025-10-30 00:00:00-04:00,1.409999966621399,1.440000057220459,1.3799999952316284,1.3799999952316284,76200,0.0,0.0
2025-10-31 00:00:00-04:00,1.3799999952316284,1.399999976158142,1.3600000143051147,1.399999976158142,114500,0.0,0.0
2025-11-03 00:00:00-05:00,1.3799999952316284,1.399999976158142,1.3200000524520874,1.3700000047683716,57300,0.0,0.0
2025-11-04 00:00:00-05:00,1.350000023841858,1.3600000143051147,1.2799999713897705,1.2999999523162842,64000,0.0,0.0
2025-11-05 00:00:00-05:00,1.2599999904632568,1.2999999523162842,1.253999948501587,1.2599999904632568,48300,0.0,0.0
2025-11-06 00:00:00-05:00,1.2999999523162842,1.2999999523162842,1.2300000190734863,1.2599999904632568,42800,0.0,0.0
2025-11-07 00:00:00-05:00,1.2400000095367432,1.25,1.149999976158142,1.2300000190734863,179600,0.0,0.0
2025-11-10 00:00:00-05:00,1.2200000286102295,1.2300000190734863,1.1799999475479126,1.2100000381469727,44500,0.0,0.0
2025-11-11 00:00:00-05:00,1.2200000286102295,1.2799999713897705,1.2200000286102295,1.2599999904632568,93900,0.0,0.0
2025-11-12 00:00:00-05:00,1.25,1.2599999904632568,1.190000057220459,1.2300000190734863,44300,0.0,0.0
2025-11-13 00:00:00-05:00,1.25,1.25,1.1859999895095825,1.2000000476837158,30900,0.0,0.0
2025-11-14 00:00:00-05:00,1.1799999475479126,1.2599999904632568,1.1649999618530273,1.2400000095367432,79800,0.0,0.0
2025-11-17 00:00:00-05:00,1.2200000286102295,1.2400000095367432,1.1799999475479126,1.1799999475479126,91300,0.0,0.0
2025-11-18 00:00:00-05:00,1.1699999570846558,1.2200000286102295,1.1699999570846558,1.190000057220459,134400,0.0,0.0
2025-11-19 00:00:00-05:00,1.2100000381469727,1.2100000381469727,1.1200000047683716,1.149999976158142,90700,0.0,0.0
2025-11-20 00:00:00-05:00,1.1399999856948853,1.1699999570846558,1.1100000143051147,1.1100000143051147,41500,0.0,0.0
2025-11-21 00:00:00-05:00,1.1100000143051147,1.149999976158142,1.1100000143051147,1.1299999952316284,181400,0.0,0.0
2025-11-24 00:00:00-05:00,1.149999976158142,1.1799999475479126,1.100000023841858,1.1100000143051147,111000,0.0,0.0
2025-11-25 00:00:00-05:00,1.149999976158142,1.149999976158142,1.0800000429153442,1.1100000143051147,116400,0.0,0.0
2025-11-26 00:00:00-05:00,1.1100000143051147,1.149999976158142,1.0,1.1100000143051147,1348200,0.0,0.0
2025-11-28 00:00:00-05:00,1.149999976158142,1.1799999475479126,1.1009999513626099,1.1699999570846558,89800,0.0,0.0
2025-12-01 00:00:00-05:00,1.1799999475479126,1.1799999475479126,1.090000033378601,1.090000033378601,181700,0.0,0.0
2025-12-02 00:00:00-05:00,1.1200000047683716,1.1200000047683716,1.0499999523162842,1.090000033378601,132300,0.0,0.0
2025-12-03 00:00:00-05:00,1.0800000429153442,1.1100000143051147,1.0499999523162842,1.0800000429153442,150200,0.0,0.0
2025-12-04 00:00:00-05:00,1.059999942779541,1.1200000047683716,1.0499999523162842,1.100000023841858,503200,0.0,0.0
2025-12-05 00:00:00-05:00,1.1399999856948853,1.190000057220459,1.1200000047683716,1.1399999856948853,268700,0.0,0.0
2025-12-08 00:00:00-05:00,1.149999976158142,1.1699999570846558,1.1100000143051147,1.1399999856948853,171600,0.0,0.0
2025-12-09 00:00:00-05:00,1.1200000047683716,1.190000057220459,1.1200000047683716,1.1799999475479126,130200,0.0,0.0
2025-12-10 00:00:00-05:00,1.1799999475479126,1.1979999542236328,1.1200000047683716,1.159999966621399,110500,0.0,0.0
2025-12-11 00:00:00-05:00,1.1799999475479126,1.2000000476837158,1.149999976158142,1.149999976158142,72400,0.0,0.0
2025-12-12 00:00:00-05:00,1.1759999990463257,1.1799999475479126,1.159999966621399,1.1699999570846558,45900,0.0,0.0
2025-12-15 00:00:00-05:00,1.159999966621399,1.1799999475479126,1.1299999952316284,1.1399999856948853,104800,0.0,0.0
2025-12-16 00:00:00-05:00,1.149999976158142,1.159999966621399,1.1200000047683716,1.1399999856948853,30100,0.0,0.0
2025-12-17 00:00:00-05:00,1.1299999952316284,1.2710000276565552,1.1200000047683716,1.2699999809265137,367200,0.0,0.0
2025-12-18 00:00:00-05:00,1.2599999904632568,1.3700000047683716,1.1399999856948853,1.2699999809265137,503900,0.0,0.0
2025-12-19 00:00:00-05:00,1.2799999713897705,1.2999999523162842,1.2200000286102295,1.2200000286102295,88700,0.0,0.0
2025-12-22 00:00:00-05:00,1.2300000190734863,1.2799999713897705,1.2000000476837158,1.2300000190734863,93100,0.0,0.0
2025-12-23 00:00:00-05:00,1.277999997138977,1.2799999713897705,1.1699999570846558,1.2100000381469727,99800,0.0,0.0
2025-12-24 00:00:00-05:00,1.190000057220459,1.2400000095367432,1.190000057220459,1.2100000381469727,70300,0.0,0.0
2025-12-26 00:00:00-05:00,1.2100000381469727,1.2400000095367432,1.190000057220459,1.2000000476837158,25600,0.0,0.0
2025-12-29 00:00:00-05:00,1.2100000381469727,1.2400000095367432,1.1799999475479126,1.2000000476837158,45900,0.0,0.0
2025-12-30 00:00:00-05:00,1.2100000381469727,1.2200000286102295,1.1799999475479126,1.2000000476837158,38000,0.0,0.0
2025-12-31 00:00:00-05:00,1.2300000190734863,1.2400000095367432,1.149999976158142,1.2000000476837158,100800,0.0,0.0
2026-01-02 00:00:00-05:00,1.215000033378601,1.2200000286102295,1.1799999475479126,1.2200000286102295,108600,0.0,0.0
2026-01-05 00:00:00-05:00,1.2300000190734863,1.2400000095367432,1.1399999856948853,1.1799999475479126,93300,0.0,0.0
2026-01-06 00:00:00-05:00,1.1699999570846558,1.2649999856948853,1.1699999570846558,1.2300000190734863,123400,0.0,0.0
2026-01-07 00:00:00-05:00,1.25,1.3049999475479126,1.2300000190734863,1.2799999713897705,236600,0.0,0.0
2026-01-08 00:00:00-05:00,1.309999942779541,1.3300000429153442,1.2719999551773071,1.309999942779541,205200,0.0,0.0
2026-01-09 00:00:00-05:00,1.309999942779541,1.350000023841858,1.2999999523162842,1.309999942779541,99300,0.0,0.0
2026-01-12 00:00:00-05:00,1.3300000429153442,1.3300000429153442,1.2300000190734863,1.2400000095367432,160400,0.0,0.0
2026-01-13 00:00:00-05:00,1.2599999904632568,1.2999999523162842,1.2100000381469727,1.2400000095367432,141700,0.0,0.0
2026-01-14 00:00:00-05:00,1.25,1.2799999713897705,1.2100000381469727,1.2599999904632568,75500,0.0,0.0
2026-01-15 00:00:00-05:00,1.2599999904632568,1.274999976158142,1.2100000381469727,1.25,72700,0.0,0.0
2026-01-16 00:00:00-05:00,1.2699999809265137,1.2699999809265137,1.2300000190734863,1.2400000095367432,32000,0.0,0.0
2026-01-20 00:00:00-05:00,1.2300000190734863,1.340000033378601,1.2200000286102295,1.2300000190734863,599200,0.0,0.0
2026-01-21 00:00:00-05:00,1.2300000190734863,1.2699999809265137,1.190000057220459,1.2400000095367432,170600,0.0,0.0
2026-01-22 00:00:00-05:00,1.25,1.309999942779541,1.25,1.2699999809265137,122700,0.0,0.0
2026-01-23 00:00:00-05:00,1.274999976158142,1.2999999523162842,1.25,1.2599999904632568,61200,0.0,0.0
2026-01-26 00:00:00-05:00,1.2799999713897705,1.2949999570846558,1.2000000476837158,1.2300000190734863,49800,0.0,0.0
2026-01-27 00:00:00-05:00,1.25,1.25,1.190000057220459,1.2200000286102295,128200,0.0,0.0
2026-01-28 00:00:00-05:00,1.2000000476837158,1.2300000190734863,1.190000057220459,1.2100000381469727,46100,0.0,0.0
2026-01-29 00:00:00-05:00,1.190000057220459,1.2000000476837158,1.149999976158142,1.1799999475479126,53200,0.0,0.0
2026-01-30 00:00:00-05:00,1.159999966621399,1.1699999570846558,1.1299999952316284,1.159999966621399,122300,0.0,0.0
2026-02-02 00:00:00-05:00,1.1799999475479126,1.190000057220459,1.0199999809265137,1.1299999952316284,588000,0.0,0.0
2026-02-03 00:00:00-05:00,1.149999976158142,1.159999966621399,1.0399999618530273,1.090000033378601,177900,0.0,0.0
2026-02-04 00:00:00-05:00,1.0800000429153442,1.100000023841858,1.0299999713897705,1.0499999523162842,101100,0.0,0.0
2026-02-05 00:00:00-05:00,1.0299999713897705,1.1150000095367432,0.9610000252723694,1.090000033378601,612000,0.0,0.0
2026-02-06 00:00:00-05:00,1.1399999856948853,1.190000057220459,1.125,1.159999966621399,285000,0.0,0.0
2026-02-09 00:00:00-05:00,1.1799999475479126,1.2000000476837158,1.1299999952316284,1.1449999809265137,105300,0.0,0.0
2026-02-10 00:00:00-05:00,1.1299999952316284,1.159999966621399,1.1200000047683716,1.1200000047683716,42300,0.0,0.0
2026-02-11 00:00:00-05:00,1.1299999952316284,1.1299999952316284,1.1100000143051147,1.1100000143051147,64000,0.0,0.0
2026-02-12 00:00:00-05:00,1.1100000143051147,1.1699999570846558,1.100000023841858,1.1299999952316284,128800,0.0,0.0
2026-02-13 00:00:00-05:00,1.1399999856948853,1.159999966621399,1.1299999952316284,1.1299999952316284,46200,0.0,0.0
2026-02-17 00:00:00-05:00,1.1299999952316284,1.159999966621399,1.1299999952316284,1.149999976158142,120200,0.0,0.0
2026-02-18 00:00:00-05:00,1.1679999828338623,1.1799999475479126,1.149999976158142,1.159999966621399,174400,0.0,0.0
2026-02-19 00:00:00-05:00,1.159999966621399,1.184999942779541,1.159999966621399,1.1799999475479126,72700,0.0,0.0
2026-02-20 00:00:00-05:00,1.1699999570846558,1.1799999475479126,1.1399999856948853,1.159999966621399,46600,0.0,0.0
2026-02-23 00:00:00-05:00,1.1699999570846558,1.1799999475479126,1.1399999856948853,1.149999976158142,51300,0.0,0.0
2026-02-24 00:00:00-05:00,1.1649999618530273,1.184999942779541,1.1549999713897705,1.1699999570846558,50600,0.0,0.0
2026-02-25 00:00:00-05:00,1.1649999618530273,1.2000000476837158,1.149999976158142,1.1699999570846558,88900,0.0,0.0
2026-02-26 00:00:00-05:00,1.1699999570846558,1.1699999570846558,1.159999966621399,1.159999966621399,28300,0.0,0.0
2026-02-27 00:00:00-05:00,1.149999976158142,1.1799999475479126,1.1410000324249268,1.159999966621399,90300,0.0,0.0
2026-03-02 00:00:00-05:00,1.149999976158142,1.1699999570846558,1.1299999952316284,1.159999966621399,43300,0.0,0.0
2026-03-03 00:00:00-05:00,1.159999966621399,1.159999966621399,1.1299999952316284,1.1299999952316284,68000,0.0,0.0
2026-03-04 00:00:00-05:00,1.1390000581741333,1.1549999713897705,1.1390000581741333,1.1399999856948853,10900,0.0,0.0
2026-03-05 00:00:00-05:00,1.159000039100647,1.159999966621399,1.1200000047683716,1.1200000047683716,54200,0.0,0.0
2026-03-06 00:00:00-05:00,1.1200000047683716,1.1449999809265137,1.1200000047683716,1.1299999952316284,51400,0.0,0.0
2026-03-09 00:00:00-04:00,1.149999976158142,1.149999976158142,1.1200000047683716,1.1399999856948853,76600,0.0,0.0
2026-03-10 00:00:00-04:00,1.159999966621399,1.1749999523162842,1.1349999904632568,1.149999976158142,77400,0.0,0.0
2026-03-11 00:00:00-04:00,1.149999976158142,1.1699999570846558,1.1299999952316284,1.159999966621399,48400,0.0,0.0
2026-03-12 00:00:00-04:00,1.159999966621399,1.1699999570846558,1.1200000047683716,1.1200000047683716,33000,0.0,0.0
2026-03-13 00:00:00-04:00,1.1299999952316284,1.1399999856948853,1.100000023841858,1.1100000143051147,42900,0.0,0.0
2026-03-16 00:00:00-04:00,1.1200000047683716,1.1399999856948853,1.1200000047683716,1.1200000047683716,57500,0.0,0.0
2026-03-17 00:00:00-04:00,1.1299999952316284,1.159999966621399,1.1299999952316284,1.149999976158142,29100,0.0,0.0
2026-03-18 00:00:00-04:00,1.159999966621399,1.1799999475479126,1.1399999856948853,1.1699999570846558,55200,0.0,0.0
2026-03-19 00:00:00-04:00,1.149999976158142,1.1699999570846558,1.1449999809265137,1.149999976158142,21500,0.0,0.0
2026-03-20 00:00:00-04:00,1.1699999570846558,1.2200000286102295,1.1649999618530273,1.190000057220459,124700,0.0,0.0
2026-03-23 00:00:00-04:00,1.1799999475479126,1.190000057220459,1.149999976158142,1.149999976158142,72500,0.0,0.0
2026-03-24 00:00:00-04:00,1.149999976158142,1.149999976158142,1.1299999952316284,1.1299999952316284,58900,0.0,0.0
2026-03-25 00:00:00-04:00,1.1699999570846558,1.1710000038146973,1.1299999952316284,1.1299999952316284,30000,0.0,0.0
2026-03-26 00:00:00-04:00,1.1299999952316284,1.1399999856948853,1.100000023841858,1.1100000143051147,53500,0.0,0.0
2026-03-27 00:00:00-04:00,1.1080000400543213,1.1399999856948853,1.100000023841858,1.1100000143051147,156700,0.0,0.0
2026-03-30 00:00:00-04:00,1.1399999856948853,1.1399999856948853,1.0700000524520874,1.0850000381469727,124700,0.0,0.0
2026-03-31 00:00:00-04:00,1.100000023841858,1.125,1.0700000524520874,1.100000023841858,173600,0.0,0.0
2026-04-01 00:00:00-04:00,1.128000020980835,1.1649999618530273,1.125,1.1299999952316284,65600,0.0,0.0
2026-04-02 00:00:00-04:00,1.1019999980926514,1.1150000095367432,1.0700000524520874,1.0800000429153442,268600,0.0,0.0
2026-04-06 00:00:00-04:00,1.100000023841858,1.2000000476837158,1.0950000286102295,1.1799999475479126,304000,0.0,0.0
2026-04-07 00:00:00-04:00,1.149999976158142,1.1799999475479126,1.1299999952316284,1.1399999856948853,35000,0.0,0.0
2026-04-08 00:00:00-04:00,1.190000057220459,1.190000057220459,1.149999976158142,1.149999976158142,58200,0.0,0.0
2026-04-09 00:00:00-04:00,1.1399999856948853,1.190000057220459,1.1399999856948853,1.1399999856948853,97800,0.0,0.0
2026-04-10 00:00:00-04:00,1.1299999952316284,1.1549999713897705,1.125,1.1299999952316284,105500,0.0,0.0
2026-04-13 00:00:00-04:00,1.1200000047683716,1.2300000190734863,1.1200000047683716,1.2000000476837158,193700,0.0,0.0
2026-04-14 00:00:00-04:00,1.4600000381469727,1.6799999475479126,1.399999976158142,1.559999942779541,6070600,0.0,0.0
2026-04-15 00:00:00-04:00,1.600000023841858,1.6699999570846558,1.559999942779541,1.6299999952316284,597400,0.0,0.0
2026-04-16 00:00:00-04:00,1.6399999856948853,1.659999966621399,1.565000057220459,1.6299999952316284,255000,0.0,0.0
2026-04-17 00:00:00-04:00,1.6399999856948853,1.6490000486373901,1.5700000524520874,1.5800000429153442,352300,0.0,0.0
2026-04-20 00:00:00-04:00,1.5800000429153442,1.6100000143051147,1.5299999713897705,1.600000023841858,188700,0.0,0.0
2026-04-21 00:00:00-04:00,1.600000023841858,1.6050000190734863,1.559999942779541,1.5800000429153442,74800,0.0,0.0
2026-04-22 00:00:00-04:00,1.555999994277954,1.6100000143051147,1.5299999713897705,1.5499999523162842,200700,0.0,0.0
2026-04-23 00:00:00-04:00,1.559999942779541,1.559999942779541,1.4800000190734863,1.5199999809265137,95700,0.0,0.0
2026-04-24 00:00:00-04:00,1.5399999618530273,1.5499999523162842,1.4600000381469727,1.5,123700,0.0,0.0
2026-04-27 00:00:00-04:00,1.5399999618530273,1.5399999618530273,1.4600000381469727,1.4700000286102295,63000,0.0,0.0
2026-04-28 00:00:00-04:00,1.4900000095367432,1.5,1.4299999475479126,1.440000057220459,142300,0.0,0.0
2026-04-29 00:00:00-04:00,1.4600000381469727,1.475000023841858,1.4199999570846558,1.4500000476837158,67800,0.0,0.0
2026-04-30 00:00:00-04:00,1.4700000286102295,1.4800000190734863,1.4299999475479126,1.4600000381469727,73700,0.0,0.0
2026-05-01 00:00:00-04:00,1.4700000286102295,1.5700000524520874,1.4500000476837158,1.5700000524520874,70300,0.0,0.0
2026-05-04 00:00:00-04:00,1.559999942779541,1.590000033378601,1.559999942779541,1.5700000524520874,28000,0.0,0.0
2026-05-05 00:00:00-04:00,1.590000033378601,1.590000033378601,1.524999976158142,1.5700000524520874,85500,0.0,0.0
2026-05-06 00:00:00-04:00,1.5399999618530273,1.590000033378601,1.5099999904632568,1.5800000429153442,84800,0.0,0.0
2026-05-07 00:00:00-04:00,1.590000033378601,1.649999976158142,1.5099999904632568,1.5299999713897705,115900,0.0,0.0
2026-05-08 00:00:00-04:00,1.5199999809265137,1.5549999475479126,1.409999966621399,1.440000057220459,399700,0.0,0.0
2026-05-11 00:00:00-04:00,1.409999966621399,1.5750000476837158,1.399999976158142,1.5499999523162842,332600,0.0,0.0
2026-05-12 00:00:00-04:00,1.5700000524520874,1.590000033378601,1.4600000381469727,1.5,261900,0.0,0.0
2026-05-13 00:00:00-04:00,1.5199999809265137,1.5800000429153442,1.4900000095367432,1.5399999618530273,118800,0.0,0.0
2026-05-14 00:00:00-04:00,1.559999942779541,1.5800000429153442,1.5199999809265137,1.5499999523162842,282900,0.0,0.0
2026-05-15 00:00:00-04:00,1.559999942779541,1.559999942779541,1.4900000095367432,1.4900000095367432,157900,0.0,0.0
2026-05-18 00:00:00-04:00,1.4900000095367432,1.5,1.399999976158142,1.4199999570846558,197200,0.0,0.0
2026-05-19 00:00:00-04:00,1.4500000476837158,1.475000023841858,1.399999976158142,1.399999976158142,50100,0.0,0.0
2026-05-20 00:00:00-04:00,1.399999976158142,1.4299999475479126,1.3849999904632568,1.4199999570846558,100200,0.0,0.0
2026-05-21 00:00:00-04:00,1.4199999570846558,1.465000033378601,1.409999966621399,1.4500000476837158,39600,0.0,0.0
2026-05-22 00:00:00-04:00,1.4600000381469727,1.4900000095367432,1.4299999475479126,1.440000057220459,72800,0.0,0.0
2026-05-26 00:00:00-04:00,1.4600000381469727,1.4800000190734863,1.399999976158142,1.4700000286102295,79300,0.0,0.0
2026-05-27 00:00:00-04:00,1.4900000095367432,1.5149999856948853,1.4600000381469727,1.4700000286102295,81900,0.0,0.0
2026-05-28 00:00:00-04:00,1.4500000476837158,1.475000023841858,1.4299999475479126,1.4600000381469727,46700,0.0,0.0
2026-05-29 00:00:00-04:00,1.4800000190734863,1.5080000162124634,1.430999994277954,1.4500000476837158,45300,0.0,0.0
2026-06-01 00:00:00-04:00,1.5099999904632568,1.5099999904632568,1.4199999570846558,1.440000057220459,71700,0.0,0.0
2026-06-02 00:00:00-04:00,1.4199999570846558,1.440000057220459,1.409999966621399,1.4299999475479126,27600,0.0,0.0
2026-06-03 00:00:00-04:00,1.440000057220459,1.4500000476837158,1.4299999475479126,1.440000057220459,134400,0.0,0.0
2026-06-04 00:00:00-04:00,1.4299999475479126,1.4900000095367432,1.4299999475479126,1.4700000286102295,72200,0.0,0.0
2026-06-05 00:00:00-04:00,1.4900000095367432,1.4900000095367432,1.3899999856948853,1.4199999570846558,60200,0.0,0.0
2026-06-08 00:00:00-04:00,1.4700000286102295,1.4700000286102295,1.409999966621399,1.4299999475479126,71000,0.0,0.0
2026-06-09 00:00:00-04:00,1.4500000476837158,1.4500000476837158,1.3799999952316284,1.399999976158142,116500,0.0,0.0
2026-06-10 00:00:00-04:00,1.3899999856948853,1.409999966621399,1.3799999952316284,1.3799999952316284,52600,0.0,0.0
2026-06-11 00:00:00-04:00,1.409999966621399,1.409999966621399,1.3799999952316284,1.3899999856948853,37092,0.0,0.0
