Date,Open,High,Low,Close,Volume,Dividends,Stock Splits
2022-01-03 00:00:00-05:00,8.312157061151781,8.312157061151781,8.14116382598877,8.14116382598877,20400,0.0,0.0
2022-01-04 00:00:00-05:00,8.14353790057556,8.264657484995135,8.086539862879063,8.217159271240234,20400,0.0,0.0
2022-01-05 00:00:00-05:00,8.086540096034458,8.19816076568382,8.086540096034458,8.138788223266602,13200,0.0,0.0
2022-01-06 00:00:00-05:00,8.086539219059997,8.086539219059997,7.632933080423561,7.80155086517334,78400,0.0,0.0
2022-01-07 00:00:00-05:00,7.694683419589707,7.758804981160887,7.659059524536133,7.659059524536133,37200,0.0,0.0
2022-01-10 00:00:00-05:00,7.659057745215428,8.0461669639893,7.575936097695302,7.647183418273926,54800,0.0,0.0
2022-01-11 00:00:00-05:00,7.723180344855137,8.069915771484375,7.723180344855137,8.069915771484375,7600,0.0,0.0
2022-01-12 00:00:00-05:00,7.8799251131022094,8.02954419665442,7.8799251131022094,7.884675025939941,28400,0.0,0.0
2022-01-13 00:00:00-05:00,7.887049010234235,8.058042237324358,7.7683039149668005,7.972545623779297,31200,0.0,0.0
2022-01-14 00:00:00-05:00,7.787304809420104,7.913174340611575,7.545064667651995,7.765930652618408,28400,0.0,0.0
2022-01-18 00:00:00-05:00,7.718431389788075,7.818176837506261,7.599686291483644,7.602060794830322,19600,0.0,0.0
2022-01-19 00:00:00-05:00,7.554561973958385,7.59968523185596,7.279073420541729,7.328946590423584,54000,0.0,0.0
2022-01-20 00:00:00-05:00,7.326572494121135,7.594936211050792,7.12945565340952,7.2054524421691895,101600,0.0,0.0
2022-01-21 00:00:00-05:00,7.172202538121038,7.300446980478635,6.875339857784513,6.887214183807373,63200,0.0,0.0
2022-01-24 00:00:00-05:00,6.86821547861637,7.005959753965096,6.709097052525897,6.934712886810303,45200,0.0,0.0
2022-01-25 00:00:00-05:00,6.839717025562879,6.915714263916016,6.839717025562879,6.915714263916016,4000,0.0,0.0
2022-01-26 00:00:00-05:00,6.846841430824683,7.048708161433941,6.846841430824683,6.92283821105957,24400,0.0,0.0
2022-01-27 00:00:00-05:00,6.896714961996622,6.937087857255392,6.528604915621145,6.649724960327148,37600,0.0,0.0
2022-01-28 00:00:00-05:00,6.649725179046662,7.003585500288741,6.649725179046662,6.958462238311768,93600,0.0,0.0
2022-01-31 00:00:00-05:00,6.963211854220834,7.616309835067252,6.963211854220834,7.578311443328857,49600,0.0,0.0
2022-02-01 00:00:00-05:00,7.473816453715731,7.678058624267578,7.473816453715731,7.678058624267578,2800,0.0,0.0
2022-02-02 00:00:00-05:00,7.9131724860724075,7.991544677962346,7.167453488352553,7.271949291229248,132800,0.0,0.0
2022-02-03 00:00:00-05:00,7.2671999394755895,7.469066692539805,7.124705734196344,7.157954216003418,70400,0.0,0.0
2022-02-04 00:00:00-05:00,7.172203211027881,7.176952670096725,6.792218853951128,6.984585762023926,42000,0.0,0.0
2022-02-07 00:00:00-05:00,7.053457609617908,7.241074591863306,7.029708504112076,7.065331935882568,18800,0.0,0.0
2022-02-08 00:00:00-05:00,7.25057530457136,7.267199544571525,7.112831019314403,7.131830215454102,7200,0.0,0.0
2022-02-09 00:00:00-05:00,7.214950770404171,7.269573850776738,7.131829577834771,7.1365790367126465,3600,0.0,0.0
2022-02-10 00:00:00-05:00,7.131829556458976,7.3598198890686035,7.131829556458976,7.3598198890686035,17200,0.0,0.0
2022-02-11 00:00:00-05:00,7.350321168950372,7.385944604951633,7.184077863642401,7.267199516296387,9200,0.0,0.0
2022-02-14 00:00:00-05:00,7.2648249646406615,7.457191892138895,7.096206693814449,7.24582576751709,23200,0.0,0.0
2022-02-15 00:00:00-05:00,7.243451150166185,7.469067022919383,7.219702039406384,7.250576019287109,21600,0.0,0.0
2022-02-16 00:00:00-05:00,7.345570808892902,7.38594415469353,7.24582492238409,7.369319915771484,11200,0.0,0.0
2022-02-17 00:00:00-05:00,7.264824794517645,7.264824794517645,7.21020216068857,7.24345064163208,7200,0.0,0.0
2022-02-18 00:00:00-05:00,7.26482455059359,7.336071422502234,7.124705309926902,7.219701290130615,26400,0.0,0.0
2022-02-22 00:00:00-05:00,7.0772071028190595,7.160328755474889,6.960836970291524,7.029709339141846,13600,0.0,0.0
2022-02-23 00:00:00-05:00,7.077207467992534,7.143704884143679,7.0059605923121975,7.0962066650390625,41200,0.0,0.0
2022-02-24 00:00:00-05:00,7.017834792548733,7.124705557095802,6.979836399149015,7.005960464477539,28400,0.0,0.0
2022-02-25 00:00:00-05:00,7.0059593561937215,7.051082611083984,7.0059593561937215,7.051082611083984,4000,0.0,0.0
2022-02-28 00:00:00-05:00,6.958462710328302,7.1484551429748535,6.958462710328302,7.1484551429748535,17600,0.0,0.0
2022-03-01 00:00:00-05:00,7.245825738134992,7.255325110169962,7.0962066650390625,7.0962066650390625,11600,0.0,0.0
2022-03-02 00:00:00-05:00,7.100956829774135,7.3645710945129395,7.100956829774135,7.3645710945129395,7200,0.0,0.0
2022-03-03 00:00:00-05:00,7.4666904114089245,7.92979593017398,7.438191394219201,7.8917975425720215,66800,0.0,0.0
2022-03-04 00:00:00-05:00,7.718430914361998,7.887048726139304,7.124705459411075,7.6495585441589355,95200,0.0,0.0
2022-03-07 00:00:00-05:00,7.478565601116906,7.739804885774508,7.402568817138672,7.402568817138672,88800,0.0,0.0
2022-03-08 00:00:00-05:00,7.4476926957793745,7.682807482620281,7.279074420974939,7.397819519042969,50400,0.0,0.0
2022-03-09 00:00:00-05:00,7.454815803170536,7.754053905108733,7.41919237059864,7.480939865112305,169600,0.0,0.0
2022-03-10 00:00:00-05:00,7.48094152669121,7.777804285686893,7.3930699507187745,7.606811046600342,18000,0.0,0.0
2022-03-11 00:00:00-05:00,7.473107436421206,7.795430515963287,7.473107436421206,7.56622314453125,22400,0.0425,0.0
2022-03-14 00:00:00-04:00,7.563834597472704,7.972109537882594,7.563834597472704,7.575772285461426,93600,0.0,0.0
2022-03-15 00:00:00-04:00,7.656949337548567,8.215641660240202,7.645011650341464,8.031798362731934,142000,0.0,0.0
2022-03-16 00:00:00-04:00,8.112974776907874,8.349344958034987,7.742901060489247,8.14162540435791,49200,0.0,0.0
2022-03-17 00:00:00-04:00,8.165503431842705,8.654955929856454,7.9386837149717815,8.547514915466309,80000,0.0,0.0
2022-03-18 00:00:00-04:00,8.554678083629511,8.654955754503838,8.105813916375517,8.213254928588867,98800,0.0,0.0
2022-03-21 00:00:00-04:00,8.144016317683809,8.399486702281827,7.993598877429304,8.18460464477539,202000,0.0,0.0
2022-03-22 00:00:00-04:00,8.296820277292923,8.466337825520611,8.220417976379395,8.220417976379395,89200,0.0,0.0
2022-03-23 00:00:00-04:00,8.210868896216427,8.475889822301708,7.893321948314304,8.041351318359375,148000,0.0,0.0
2022-03-24 00:00:00-04:00,8.046123491659651,8.232353947430685,7.7357390951122325,7.75961446762085,101200,0.0,0.0
2022-03-25 00:00:00-04:00,8.003148168264188,8.101038665966875,7.668887443491143,7.852730751037598,60800,0.0,0.0
2022-03-28 00:00:00-04:00,7.676050581512787,7.8622810573832655,7.520857911095937,7.709476470947266,116400,0.0,0.0
2022-03-29 00:00:00-04:00,7.8336289063144955,7.995983975621625,7.804977368822413,7.933906555175781,27600,0.0,0.0
2022-03-30 00:00:00-04:00,7.890930626766166,8.35650766451816,7.778715286034977,8.284880638122559,92800,0.0,0.0
2022-03-31 00:00:00-04:00,8.356509275897572,8.356509275897572,7.857506256991056,8.249068260192871,131200,0.0,0.0
2022-04-01 00:00:00-04:00,8.25622889613963,8.356506537410834,8.012696310612084,8.139237403869629,92400,0.0,0.0
2022-04-04 00:00:00-04:00,8.117751692471588,8.452012420594125,8.117751692471588,8.337408065795898,54400,0.0,0.0
2022-04-05 00:00:00-04:00,8.631082535475725,8.631082535475725,8.010312593567086,8.041351318359375,65600,0.0,0.0
2022-04-06 00:00:00-04:00,8.034186783096217,8.444848887098338,7.998372809187961,8.024636268615723,104800,0.0,0.0
2022-04-07 00:00:00-04:00,8.02224899671479,8.222805267172024,7.926746574603473,8.04851245880127,128800,0.0,0.0
2022-04-08 00:00:00-04:00,7.933908423260958,8.26339389570318,7.933908423260958,7.998373031616211,58800,0.0,0.0
2022-04-11 00:00:00-04:00,8.117751369123548,8.213254690722223,7.900482177734375,7.900482177734375,158000,0.0,0.0
2022-04-12 00:00:00-04:00,8.07000099202445,8.167891502380371,7.9864362554232935,8.167891502380371,114400,0.0,0.0
2022-04-13 00:00:00-04:00,8.327857668153438,8.327857668153438,8.27055549621582,8.27055549621582,5200,0.0,0.0
2022-04-14 00:00:00-04:00,8.117750733648828,8.244291850692068,7.974496673252219,8.232354164123535,34000,0.0,0.0
2022-04-18 00:00:00-04:00,8.354122102565125,8.404260939631575,8.249068260192871,8.249068260192871,27200,0.0,0.0
2022-04-19 00:00:00-04:00,8.1941549980928,8.327859487973184,7.92435884475708,7.92435884475708,94000,0.0,0.0
2022-04-20 00:00:00-04:00,8.058062382598422,8.177441084562842,7.974497655538213,7.998373031616211,71600,0.0,0.0
2022-04-21 00:00:00-04:00,8.027023392396014,8.110589027404785,7.974497384651241,8.110589027404785,18800,0.0,0.0
2022-04-22 00:00:00-04:00,8.000760413399137,8.09148848427678,7.716639423203368,7.867056846618652,53200,0.0,0.0
2022-04-25 00:00:00-04:00,7.83124208734334,8.18221573660517,7.78110325481655,8.09626293182373,37200,0.0,0.0
2022-04-26 00:00:00-04:00,8.10581400363762,8.213255017007613,7.702313410180006,7.723801612854004,112800,0.0,0.0
2022-04-27 00:00:00-04:00,7.747677037707555,7.843179441688911,7.738126524073286,7.7858781814575195,72000,0.0,0.0
2022-04-28 00:00:00-04:00,7.824078856901878,8.35889483739029,7.816916427498435,8.284880638122559,137600,0.0,0.0
2022-04-29 00:00:00-04:00,8.29681837123676,8.373220654598134,7.962557698440454,8.17743968963623,241200,0.0,0.0
2022-05-02 00:00:00-04:00,8.105812123806098,8.292042563266953,8.105812123806098,8.189376831054688,22800,0.0,0.0
2022-05-03 00:00:00-04:00,8.105812265040226,8.194152230068953,8.022246645548607,8.144013404846191,23600,0.0,0.0
2022-05-04 00:00:00-04:00,8.258617411017505,8.358895068587499,8.046123498825498,8.237129211425781,40400,0.0,0.0
2022-05-05 00:00:00-04:00,8.117750348835967,8.17743968963623,7.871830556190736,8.17743968963623,37200,0.0,0.0
2022-05-06 00:00:00-04:00,8.554678608873331,8.554678608873331,8.244293241024879,8.39232349395752,88800,0.0,0.0
2022-05-09 00:00:00-04:00,8.363670290524643,8.363670290524643,8.11058806392523,8.132076263427734,18400,0.0,0.0
2022-05-10 00:00:00-04:00,8.175052516750528,8.191765459311636,8.117750348835967,8.17743968963623,17200,0.0,0.0
2022-05-11 00:00:00-04:00,8.069999899995292,8.571390984116151,8.069999899995292,8.425748825073242,94000,0.0,0.0
2022-05-12 00:00:00-04:00,8.27294468903659,8.3565094189108,8.27294468903659,8.351734161376953,74800,0.0,0.0
2022-05-13 00:00:00-04:00,8.488490202425508,8.488490202425508,8.298950495559742,8.445303916931152,16400,0.0425,0.0
2022-05-16 00:00:00-04:00,8.428509022004569,8.49088870125649,8.246166731449525,8.454900741577148,36000,0.0,0.0
2022-05-17 00:00:00-04:00,8.517278939314927,8.630043206879632,8.46929408618729,8.543670654296875,60800,0.0,0.0
2022-05-18 00:00:00-04:00,8.543672744351827,8.627645571441413,8.543672744351827,8.598855018615723,20400,0.0,0.0
2022-05-19 00:00:00-04:00,8.598855580684077,8.622847557067871,8.45250214513133,8.622847557067871,12400,0.0,0.0
2022-05-20 00:00:00-04:00,8.637240600585937,9.464976341189079,8.625244616132113,8.997125625610352,144000,0.0,0.0
2022-05-23 00:00:00-04:00,9.179468746854049,9.309027600612962,9.040313652814385,9.076302528381348,33600,0.0,0.0
2022-05-24 00:00:00-04:00,9.052309520993644,9.052309520993644,8.697223008674591,8.98513126373291,29200,0.0,0.0
2022-05-25 00:00:00-04:00,8.987529610911531,8.987529610911531,8.76919937133789,8.76919937133789,15200,0.0,0.0
2022-05-26 00:00:00-04:00,8.84837536946768,8.985131636122107,8.81478623944521,8.8267822265625,25200,0.0,0.0
2022-05-27 00:00:00-04:00,8.805189242518786,9.40499776155637,8.805189242518786,9.29223346710205,85600,0.0,0.0
2022-05-31 00:00:00-04:00,9.297032272075379,9.352214547345925,9.0067251614296,9.071504592895508,46800,0.0,0.0
2022-06-01 00:00:00-04:00,9.208259865421654,9.237050415646156,9.174670737620556,9.220255851745605,11600,0.0,0.0
2022-06-02 00:00:00-04:00,9.02111863217601,9.333019755261686,8.997126660508675,9.251445770263672,48000,0.0,0.0
2022-06-03 00:00:00-04:00,9.143480491803633,9.249046453370193,9.057107925415039,9.057107925415039,21600,0.0,0.0
2022-06-06 00:00:00-04:00,9.057107849210764,9.114689864730378,8.915553014428266,9.085898399353027,24800,0.0,0.0
2022-06-07 00:00:00-04:00,8.946743770726608,9.117089164405114,8.817184915575998,8.884363174438477,26400,0.0,0.0
2022-06-08 00:00:00-04:00,8.805189225164948,8.805189225164948,8.224574103958593,8.358931541442871,76800,0.0,0.0
2022-06-09 00:00:00-04:00,8.337335898209806,8.356530204338577,8.14779624374521,8.193382263183594,78400,0.0,0.0
2022-06-10 00:00:00-04:00,8.128602802234154,8.128602802234154,7.682345255102913,7.828698635101318,117600,0.0,0.0
2022-06-13 00:00:00-04:00,7.50960344420212,8.205381782149992,7.507204612519943,7.852694034576416,50800,0.0,0.0
2022-06-14 00:00:00-04:00,7.845494535702443,8.056627361703324,7.845494535702443,7.871886253356934,36400,0.0,0.0
2022-06-15 00:00:00-04:00,7.982252941803423,8.250966937771153,7.845496654510498,7.845496654510498,13200,0.0,0.0
2022-06-16 00:00:00-04:00,7.886279871132967,8.24136630187521,7.8502919195404175,7.987048149108887,34400,0.0,0.0
2022-06-17 00:00:00-04:00,7.8622909127416305,8.157396621881464,7.79031406677208,7.97505521774292,108800,0.0,0.0
2022-06-21 00:00:00-04:00,7.895879952682669,8.55806820906291,7.761522503963598,8.205381393432617,64400,0.0,0.0
2022-06-22 00:00:00-04:00,8.116607819276153,8.418910854313038,7.970254421234131,7.970254421234131,19200,0.0,0.0
2022-06-23 00:00:00-04:00,8.066224312888806,8.380524290963356,7.972654334937066,8.114209175109863,17600,0.0,0.0
2022-06-24 00:00:00-04:00,9.00672486361989,9.00672486361989,8.169391775582579,8.253365516662598,17600,0.0,0.0
2022-06-27 00:00:00-04:00,8.111809078391394,8.44530240018747,7.821501119098606,8.10940933227539,82000,0.0,0.0
2022-06-28 00:00:00-04:00,8.102214369506228,8.147799491882324,7.943864941757111,8.147799491882324,34000,0.0,0.0
2022-06-29 00:00:00-04:00,8.107012760835214,8.107012760835214,7.799910154080203,7.905477046966553,26800,0.0,0.0
2022-06-30 00:00:00-04:00,7.907876034967454,8.03263632842446,7.780716909913406,7.97505521774292,28800,0.0,0.0
2022-07-01 00:00:00-04:00,7.869487994275059,7.876686319236214,7.761522272209877,7.775918006896973,9200,0.0,0.0
2022-07-05 00:00:00-04:00,7.727931123110037,8.011040758094262,7.7111365613088525,7.915071964263916,79600,0.0,0.0
2022-07-06 00:00:00-04:00,7.910273949133429,8.104611296703268,7.739927657681479,7.797509670257568,159200,0.0,0.0
2022-07-07 00:00:00-04:00,7.905477046966553,8.003845614733683,7.691945344879506,7.905477046966553,38400,0.0,0.0
2022-07-08 00:00:00-04:00,7.768719780751202,7.946262580391221,7.691944367625499,7.778316020965576,33600,0.0,0.0
2022-07-11 00:00:00-04:00,7.7255337300354485,7.946262820636534,7.615168727117333,7.617568016052246,54000,0.0,0.0
2022-07-12 00:00:00-04:00,7.845495704072426,7.845495704072426,7.538393573981088,7.569583415985107,42400,0.0,0.0
2022-07-13 00:00:00-04:00,7.569582509400589,7.648757207054928,7.4520201072846035,7.547989368438721,15600,0.0,0.0
2022-07-14 00:00:00-04:00,7.389640310134035,7.547989712664225,7.2840743468589455,7.329659461975098,28000,0.0,0.0
2022-07-15 00:00:00-04:00,7.168910493708638,7.545590589996418,7.168910493708638,7.317663192749023,32800,0.0,0.0
2022-07-18 00:00:00-04:00,7.370446347696607,7.672749872847465,7.320062655646905,7.5215983390808105,35200,0.0,0.0
2022-07-19 00:00:00-04:00,7.521598150385682,7.672749680360383,7.377644029027492,7.466415882110596,62400,0.0,0.0
2022-07-20 00:00:00-04:00,7.454419596949669,7.711137549063346,7.264880358263445,7.5287957191467285,48400,0.0,0.0
2022-07-21 00:00:00-04:00,7.562385100824989,7.682346791672019,7.492807100477295,7.547989368438721,110000,0.0,0.0
2022-07-22 00:00:00-04:00,7.092135380064208,7.58397861105572,7.092135380064208,7.464016914367676,65200,0.0,0.0
2022-07-25 00:00:00-04:00,7.454419578204742,7.677548401852385,7.4136325840152,7.543191432952881,18800,0.0,0.0
2022-07-26 00:00:00-04:00,7.365648199595851,7.543191451921033,7.202500222427428,7.5287957191467285,10800,0.0,0.0
2022-07-27 00:00:00-04:00,7.420830174553384,7.4568185898258745,7.394438456465377,7.449620723724365,48000,0.0,0.0
2022-07-28 00:00:00-04:00,7.456818684746692,7.598373516555591,7.437624832515869,7.547989368438721,9200,0.0,0.0
2022-07-29 00:00:00-04:00,7.677547394283234,7.677547394283234,7.545589731490985,7.557585716247559,24400,0.0,0.0
2022-08-01 00:00:00-04:00,7.593575391425944,8.236570623504164,7.593575391425944,7.703940391540527,22400,0.0,0.0
2022-08-02 00:00:00-04:00,7.929468246392858,7.936666570806711,7.547990000923863,7.550389289855957,37200,0.0,0.0
2022-08-03 00:00:00-04:00,7.749525458766891,8.087817408379085,7.636761628102013,7.725533485412598,13600,0.0,0.0
2022-08-04 00:00:00-04:00,7.545591121338269,8.080620194097953,7.377644558106699,7.437625408172607,81600,0.0,0.0
2022-08-05 00:00:00-04:00,7.0921361245669585,7.557587684710638,7.0921361245669585,7.401637554168701,87600,0.0,0.0
2022-08-08 00:00:00-04:00,7.615169138199533,7.864689251871595,7.442424444118874,7.579180717468262,61600,0.0,0.0
2022-08-09 00:00:00-04:00,7.454419448050445,7.454419448050445,7.300868629132012,7.317663192749023,27600,0.0,0.0
2022-08-10 00:00:00-04:00,7.749526517562749,7.749526517562749,7.329660519851692,7.3536529541015625,31600,0.0,0.0
2022-08-11 00:00:00-04:00,7.425629173796892,7.7231336676797655,7.416032018449674,7.61276912689209,66400,0.0,0.0
2022-08-12 00:00:00-04:00,7.5741741630872275,7.5741741630872275,7.398086782862899,7.535579681396484,54400,0.0425,0.0
2022-08-15 00:00:00-04:00,7.550052825455765,7.550052825455765,7.275067016426035,7.366729259490967,28000,0.0,0.0
2022-08-16 00:00:00-04:00,7.332958923885669,7.332958923885669,7.178580986566774,7.238884925842285,47600,0.0,0.0
2022-08-17 00:00:00-04:00,7.236472023189391,7.352255465140621,7.103803553463919,7.234059810638428,27600,0.0,0.0
2022-08-18 00:00:00-04:00,7.229235993524012,7.366729359997269,7.156871451239172,7.193053722381592,82400,0.0,0.0
2022-08-19 00:00:00-04:00,7.19787803932037,7.328134305484874,7.1038040437525325,7.113452434539795,87600,0.0,0.0
2022-08-22 00:00:00-04:00,7.135161886855547,7.323310338019468,7.002493408011874,7.036263465881348,82800,0.0,0.0
2022-08-23 00:00:00-04:00,6.963897848749948,7.284714729189641,6.963897848749948,7.098978519439697,96000,0.0,0.0
2022-08-24 00:00:00-04:00,7.065209187750453,7.294363862829843,7.065209187750453,7.2147626876831055,29600,0.0,0.0
2022-08-25 00:00:00-04:00,7.125513488044299,7.390850445432747,7.125513488044299,7.212350845336914,70400,0.0,0.0
2022-08-26 00:00:00-04:00,7.258182410948565,7.470452081867005,7.036263888583461,7.123101711273193,78800,0.0,0.0
2022-08-29 00:00:00-04:00,7.147222318720348,7.156871169355647,6.995256601874555,7.06520938873291,27600,0.0,0.0
2022-08-30 00:00:00-04:00,7.09656790174307,7.09656790174307,6.937365531921387,6.937365531921387,36800,0.0,0.0
2022-08-31 00:00:00-04:00,7.219587709943055,7.219587709943055,6.995256981408807,7.041088104248047,18800,0.0,0.0
2022-09-01 00:00:00-04:00,7.041088266184851,7.082094964387794,6.725095284704654,6.879473686218262,22400,0.0,0.0
2022-09-02 00:00:00-04:00,6.918067355715065,6.995256317327549,6.893945690190539,6.992844104766846,18400,0.0,0.0
2022-09-06 00:00:00-04:00,7.02179057935411,7.183405149098035,6.766101554928927,6.968722820281982,80400,0.0,0.0
2022-09-07 00:00:00-04:00,6.898770220463936,6.995256423950195,6.893945795268995,6.995256423950195,15200,0.0,0.0
2022-09-08 00:00:00-04:00,6.809520737620268,6.973547526666251,6.809520737620268,6.9638991355896,7200,0.0,0.0
2022-09-09 00:00:00-04:00,6.995257032407587,7.084507065947041,6.877061365345779,7.031439304351807,36400,0.0,0.0
2022-09-12 00:00:00-04:00,7.127924896233488,7.166519377627992,6.9373647018584395,6.995256423950195,25600,0.0,0.0
2022-09-13 00:00:00-04:00,7.2099382842174355,7.2099382842174355,6.84087849837218,6.995256423950195,19200,0.0,0.0
2022-09-14 00:00:00-04:00,7.031439694320602,7.115865306927785,6.930129051208496,6.930129051208496,20800,0.0,0.0
2022-09-15 00:00:00-04:00,6.997669019406725,6.997669019406725,6.930128443229784,6.971135139465332,18000,0.0,0.0
2022-09-16 00:00:00-04:00,6.754041324816121,6.908419265014071,6.667203503413496,6.867412567138672,46400,0.0,0.0
2022-09-19 00:00:00-04:00,6.850526536436678,6.903594290687345,6.558655728387949,6.778162002563477,69600,0.0,0.0
2022-09-20 00:00:00-04:00,6.729919342891597,6.729919342891597,6.348798475733793,6.375332355499268,224000,0.0,0.0
2022-09-21 00:00:00-04:00,6.503177266067271,6.503177266067271,6.315029250438995,6.317441463470459,85200,0.0,0.0
2022-09-22 00:00:00-04:00,6.3729212068293934,6.392218451676434,6.208894395588253,6.223367214202881,72000,0.0,0.0
2022-09-23 00:00:00-04:00,6.143765212368635,6.5393593697444885,5.945968363721982,6.5128254890441895,236800,0.0,0.0
2022-09-26 00:00:00-04:00,6.510413220982708,6.529710463123883,6.225778554338479,6.423575401306152,38800,0.0,0.0
2022-09-27 00:00:00-04:00,6.351210347871503,6.452520975991303,6.218541876323377,6.4115142822265625,25600,0.0,0.0
2022-09-28 00:00:00-04:00,6.440459785864041,6.848114013671875,6.440459785864041,6.848114013671875,46000,0.0,0.0
2022-09-29 00:00:00-04:00,6.6937377626245675,6.744392854583169,6.57312987500971,6.633433818817139,72400,0.0,0.0
2022-09-30 00:00:00-04:00,6.5272989575724605,6.708210794778547,6.4115154921803885,6.483880043029785,93600,0.0,0.0
2022-10-03 00:00:00-04:00,6.329501105010176,6.517649552079353,6.274021593979882,6.416338920593262,127200,0.0,0.0
2022-10-04 00:00:00-04:00,6.459757831422259,6.985607770248972,6.445284555429924,6.746804237365723,91600,0.0,0.0
2022-10-05 00:00:00-04:00,6.749216558998923,6.9735472795942375,6.667203167381657,6.8264055252075195,50000,0.0,0.0
2022-10-06 00:00:00-04:00,6.874648144094765,6.992843793818427,6.754040281917664,6.864999294281006,30800,0.0,0.0
2022-10-07 00:00:00-04:00,6.920479797563949,6.920479797563949,6.75404080602104,6.877060890197754,33600,0.0,0.0
2022-10-10 00:00:00-04:00,6.879472519049096,6.997668167914526,6.659966248287227,6.874648094177246,56400,0.0,0.0
2022-10-11 00:00:00-04:00,6.766100990175979,6.951837211260337,6.754040387802186,6.768513202667236,26000,0.0,0.0
2022-10-12 00:00:00-04:00,6.6575546386154825,6.8891215324401855,6.6575546386154825,6.8891215324401855,16800,0.0,0.0
2022-10-13 00:00:00-04:00,6.782986407717734,7.1158639066786105,6.782986407717734,7.019377708435059,12800,0.0,0.0
2022-10-14 00:00:00-04:00,6.947014025288024,7.016966819763184,6.947014025288024,7.016966819763184,5200,0.0,0.0
2022-10-17 00:00:00-04:00,7.038675330539639,7.0459115082495405,6.901182433061406,6.995256423950195,22400,0.0,0.0
2022-10-18 00:00:00-04:00,7.000081512726006,7.0435004234313965,6.92289254261978,7.0435004234313965,7600,0.0,0.0
2022-10-19 00:00:00-04:00,7.11104009167941,7.294364114107609,7.04591172974784,7.154458999633789,56000,0.0,0.0
2022-10-20 00:00:00-04:00,7.164108064625361,7.238884819404393,7.094155275254707,7.2364726066589355,15600,0.0,0.0
2022-10-21 00:00:00-04:00,6.922892631467121,7.234060728711647,6.922892631467121,7.144811153411865,7600,0.0,0.0
2022-10-24 00:00:00-04:00,7.11586471763824,7.424621047287511,7.11586471763824,7.258182048797607,24000,0.0,0.0
2022-10-25 00:00:00-04:00,7.337782539796484,7.337782539796484,7.330545902252197,7.330545902252197,3200,0.0,0.0
2022-10-26 00:00:00-04:00,7.24370994311497,7.296777248382568,7.24370994311497,7.296777248382568,6400,0.0,0.0
2022-10-27 00:00:00-04:00,7.236473218942802,7.4270339012146,7.19546651896549,7.4270339012146,9600,0.0,0.0
2022-10-28 00:00:00-04:00,7.41256014717341,7.622418059473255,7.41256014717341,7.504222393035889,12800,0.0,0.0
2022-10-31 00:00:00-04:00,7.012141390374088,7.4801000482696125,7.012141390374088,7.477687835693359,5200,0.0,0.0
2022-11-01 00:00:00-04:00,7.682721647551437,7.8974039756171655,7.540404319763184,7.540404319763184,9200,0.0,0.0
2022-11-02 00:00:00-04:00,8.092788379523517,8.239930136996414,7.646539601760054,7.952883720397949,80400,0.0,0.0
2022-11-03 00:00:00-04:00,7.77920761735745,7.79850531824251,7.402911191666519,7.480100154876709,40400,0.0,0.0
2022-11-04 00:00:00-04:00,7.3643169961284185,7.682721711780143,7.3643169961284185,7.5090460777282715,182000,0.0,0.0
2022-11-07 00:00:00-05:00,7.559701730138606,7.598296213782964,7.3401954318803675,7.434269428253174,48000,0.0,0.0
2022-11-08 00:00:00-05:00,7.484924423029586,7.4873366355896,7.484924423029586,7.4873366355896,2800,0.0,0.0
2022-11-09 00:00:00-05:00,7.559700682333233,8.150679378859529,7.427032220704459,7.926348686218262,34000,0.0,0.0
2022-11-10 00:00:00-05:00,7.9263492125469215,8.122750375503884,7.6669066773228725,8.062132835388184,24800,0.0425,0.0
2022-11-11 00:00:00-05:00,7.85603299563888,8.122749782702774,7.85603299563888,8.096077919006348,32000,0.0,0.0
2022-11-14 00:00:00-05:00,7.916650988659373,8.122750251937388,7.880280095163137,8.013638496398926,29200,0.0,0.0
2022-11-15 00:00:00-05:00,8.086380004882812,8.086380004882812,8.086380004882812,8.086380004882812,4800,0.0,0.0
2022-11-16 00:00:00-05:00,7.763893961377658,8.050008799379064,7.763893961377658,8.04758358001709,9200,0.0,0.0
2022-11-17 00:00:00-05:00,7.977269649505615,7.977269649505615,7.977269649505615,7.977269649505615,2800,0.0,0.0
2022-11-18 00:00:00-05:00,8.001515203447484,8.122750282287598,7.856033478819446,8.122750282287598,11600,0.0,0.0
2022-11-21 00:00:00-05:00,8.367643661623777,8.367643661623777,7.9045257568359375,7.9045257568359375,4800,0.0,0.0
2022-11-22 00:00:00-05:00,8.076679893765979,8.076679893765979,7.785715569690379,8.037884712219238,8800,0.0,0.0
2022-11-23 00:00:00-05:00,7.9893897101773845,8.001513029777957,7.805111922428682,7.972416877746582,10800,0.0,0.0
2022-11-25 00:00:00-05:00,7.904526011079064,8.001514434814453,7.904526011079064,8.001514434814453,9600,0.0,0.0
2022-11-28 00:00:00-05:00,8.091228485107422,8.091228485107422,8.091228485107422,8.091228485107422,4400,0.0,0.0
2022-11-29 00:00:00-05:00,7.953020798150469,8.023337364196777,7.834210941679338,8.023337364196777,4800,0.0,0.0
2022-11-30 00:00:00-05:00,7.8972532775457305,7.994241714477539,7.7614696508312555,7.994241714477539,16000,0.0,0.0
2022-12-01 00:00:00-05:00,7.989390856112322,7.989390856112322,7.759044050862321,7.9045257568359375,12400,0.0,0.0
2022-12-02 00:00:00-05:00,7.766319450506069,7.868157405521005,7.625687229233457,7.75662088394165,13600,0.0,0.0
2022-12-05 00:00:00-05:00,7.797840233998083,8.122750282287598,7.797840233998083,8.122750282287598,18400,0.0,0.0
2022-12-06 00:00:00-05:00,8.122749073221184,8.122749073221184,7.904525593811317,7.969992637634277,7200,0.0,0.0
2022-12-07 00:00:00-05:00,7.969994978462789,7.969994978462789,7.928775489662388,7.945748329162598,8000,0.0,0.0
2022-12-08 00:00:00-05:00,7.945745335091773,7.953019142150879,7.945745335091773,7.953019142150879,2400,0.0,0.0
2022-12-09 00:00:00-05:00,7.928775310516357,7.943322929787625,7.928775310516357,7.928775310516357,3600,0.0,0.0
2022-12-12 00:00:00-05:00,8.103353216424086,8.103353216424086,7.928775310516357,7.928775310516357,8000,0.0,0.0
2022-12-13 00:00:00-05:00,7.928775310516357,8.122751275386255,7.928775310516357,7.928775310516357,38800,0.0,0.0
2022-12-14 00:00:00-05:00,8.028186620418362,8.028186620418362,7.817237854003906,7.817237854003906,10400,0.0,0.0
2022-12-15 00:00:00-05:00,8.003939263789901,8.003939263789901,7.819662356324384,7.831785678863525,9600,0.0,0.0
2022-12-16 00:00:00-05:00,7.759045156554756,7.776017993838699,7.567493507264248,7.674180507659912,16400,0.0,0.0
2022-12-19 00:00:00-05:00,7.472930536660715,7.577192783355713,7.375942561528791,7.577192783355713,34400,0.0,0.0
2022-12-20 00:00:00-05:00,7.739646825160612,7.880279486732528,7.645083619311849,7.688727855682373,18000,0.0,0.0
2022-12-21 00:00:00-05:00,8.001515074408177,8.001515074408177,7.715400218963623,7.715400218963623,4400,0.0,0.0
2022-12-22 00:00:00-05:00,7.703277245540196,7.955446438882622,7.64023494720459,7.64023494720459,27200,0.0,0.0
2022-12-23 00:00:00-05:00,7.657207398280404,7.948171303826852,7.543246593084101,7.579617023468018,54800,0.0,0.0
2022-12-27 00:00:00-05:00,7.654782713296106,7.759044953859613,7.395339721647444,7.686304092407227,58800,0.0,0.0
2022-12-28 00:00:00-05:00,8.093653792409546,8.093653792409546,7.8730059949133855,7.8924031257629395,14800,0.0,0.0
2022-12-29 00:00:00-05:00,7.892402484147397,8.054857950937814,7.892402484147397,7.957869529724121,10000,0.0,0.0
2022-12-30 00:00:00-05:00,7.843908888409755,7.965143961955194,7.645083904266357,7.645083904266357,29200,0.0,0.0
2023-01-03 00:00:00-05:00,7.759045434258991,8.11062736548891,7.759045434258991,7.989392280578613,15200,0.0,0.0
2023-01-04 00:00:00-05:00,7.9893900273464755,8.12274839814694,7.9287725019871695,7.953019142150879,20000,0.0,0.0
2023-01-05 00:00:00-05:00,7.761469181604842,8.120325821587372,7.761469181604842,7.882704257965088,37600,0.0,0.0
2023-01-06 00:00:00-05:00,7.928774408110905,7.928774408110905,7.795416005250299,7.814813137054443,35200,0.0,0.0
2023-01-09 00:00:00-05:00,7.800264343451646,8.04031020083551,7.722674431306771,8.023337364196777,36800,0.0,0.0
2023-01-10 00:00:00-05:00,8.0087890659318,8.120326042175293,7.6766052066670465,8.120326042175293,17200,0.0,0.0
2023-01-11 00:00:00-05:00,7.8439085268975575,8.755596755913231,7.8439085268975575,8.44281005859375,52400,0.0,0.0
2023-01-12 00:00:00-05:00,8.539801053789382,9.22356696891915,8.539801053789382,9.007768630981445,77200,0.0,0.0
2023-01-13 00:00:00-05:00,8.898654895069392,9.007766650074037,8.522826338898051,8.845311164855957,38400,0.0,0.0
2023-01-17 00:00:00-05:00,8.845311909657767,8.932601321011514,8.207615087779292,8.748324394226074,39200,0.0,0.0
2023-01-18 00:00:00-05:00,8.743475723111569,8.845312762880642,8.588294018541392,8.753173828125,66800,0.0,0.0
2023-01-19 00:00:00-05:00,8.728925920278453,8.728925920278453,8.663458864882331,8.716802597045898,8800,0.0,0.0
2023-01-20 00:00:00-05:00,8.697403295735644,8.78469269044358,8.619812928206398,8.733774185180664,21200,0.0,0.0
2023-01-23 00:00:00-05:00,8.73377745061755,8.755599807453606,8.36522260458108,8.437963485717773,37200,0.0,0.0
2023-01-24 00:00:00-05:00,8.307025407078376,8.789541323979696,8.307025407078376,8.728923797607422,66000,0.0,0.0
2023-01-25 00:00:00-05:00,8.74832380017595,8.808941340060926,8.668308203551659,8.670732498168945,28800,0.0,0.0
2023-01-26 00:00:00-05:00,8.614962207907533,8.636784553527832,8.607688401017437,8.636784553527832,5200,0.0,0.0
2023-01-27 00:00:00-05:00,8.610115938427384,8.971396924246834,8.486456549963222,8.888957023620605,37600,0.0,0.0
2023-01-30 00:00:00-05:00,8.850161336649077,8.862284660339355,8.610115457800184,8.862284660339355,15200,0.0,0.0
2023-01-31 00:00:00-05:00,8.486454451478673,9.793368289014369,8.486454451478673,9.184768676757812,82000,0.0,0.0
2023-02-01 00:00:00-05:00,9.15324656183633,9.55332260935357,9.044134828427078,9.228412628173828,136400,0.0,0.0
2023-02-02 00:00:00-05:00,9.616367476633773,9.616367476633773,9.276908848482062,9.27933406829834,13600,0.0,0.0
2023-02-03 00:00:00-05:00,9.310854507151559,9.359347799155788,9.218715587433062,9.223565101623535,37600,0.0,0.0
2023-02-06 00:00:00-05:00,9.126576971674682,9.623640630874762,9.126576971674682,9.25993537902832,39600,0.0,0.0
2023-02-07 00:00:00-05:00,9.259935151277263,9.432089669212601,9.160522421882334,9.21871566772461,26800,0.0,0.0
2023-02-08 00:00:00-05:00,8.901078794983107,9.145974159240723,8.901078794983107,9.145974159240723,6000,0.0,0.0
2023-02-09 00:00:00-05:00,9.223563642080064,9.507253240204635,9.177493727035825,9.252659797668457,154400,0.0,0.0
2023-02-10 00:00:00-05:00,9.250238607095351,9.335102808097892,9.092632605290154,9.238114356994629,80400,0.0,0.0
2023-02-13 00:00:00-05:00,9.238112651235788,9.238112651235788,9.0320133868843,9.172646522521973,42000,0.0,0.0
2023-02-14 00:00:00-05:00,9.179919731200487,9.225988725233993,9.032012796474248,9.095054626464844,33200,0.0,0.0
2023-02-15 00:00:00-05:00,9.092630568642345,9.415116310119629,9.092630568642345,9.415116310119629,17200,0.0,0.0
2023-02-16 00:00:00-05:00,9.272059626869112,9.844288446117533,9.272059626869112,9.371472358703613,125600,0.0,0.0
2023-02-17 00:00:00-05:00,9.347223965858287,9.696381568908691,9.335100643519084,9.696381568908691,44000,0.0,0.0
2023-02-21 00:00:00-05:00,9.754573896574444,9.972797398714896,9.42481434887341,9.473308563232422,106000,0.0,0.0
2023-02-22 00:00:00-05:00,9.681832134814124,9.686681648292895,9.456334845276896,9.579994201660156,42000,0.0,0.0
2023-02-23 00:00:00-05:00,9.553323430358997,9.938850971570265,9.480581651868084,9.793368339538574,59600,0.0,0.0
2023-02-24 00:00:00-05:00,9.33510145975808,9.638189169490484,9.33510145975808,9.592120170593262,49200,0.0,0.0
2023-02-27 00:00:00-05:00,9.475734373890349,9.674559832712385,9.42481493691377,9.439363479614258,30400,0.0,0.0
2023-02-28 00:00:00-05:00,9.369045423389172,9.708503966245349,9.36177161566872,9.638187408447266,65200,0.0,0.0
2023-03-01 00:00:00-05:00,9.47330804914188,9.577570280623156,9.369045817660602,9.558172225952148,27600,0.0,0.0
2023-03-02 00:00:00-05:00,10.183746328414104,11.590073017347912,10.052812225060727,11.512482643127441,175200,0.0,0.0
2023-03-03 00:00:00-05:00,11.614320298518551,11.873763279293646,11.30395788440567,11.80587100982666,170400,0.0,0.0
2023-03-06 00:00:00-05:00,11.876188143505209,12.101685462839821,11.405796373307865,11.883461952209473,116000,0.0,0.0
2023-03-07 00:00:00-05:00,11.944078466991781,12.10410871941359,11.519755729893786,11.999847412109375,126000,0.0,0.0
2023-03-08 00:00:00-05:00,12.079863705034791,12.31748435886312,11.956204326238014,12.290812492370605,120000,0.0,0.0
2023-03-09 00:00:00-05:00,12.244744004166371,12.426596637891613,12.128358429576254,12.261716842651367,90000,0.0,0.0
2023-03-10 00:00:00-05:00,12.261715633504815,12.39309044883881,11.660793973470334,11.921112060546875,93200,0.0425,0.0
2023-03-13 00:00:00-04:00,11.72648286374627,12.239820739433739,11.663227458211333,11.665660858154297,57600,0.0,0.0
2023-03-14 00:00:00-04:00,11.95760574851872,12.310372611293,11.74837791692537,11.857857704162598,139200,0.0,0.0
2023-03-15 00:00:00-04:00,12.176565197145472,12.34200112474326,11.677824942506614,11.901649475097656,68800,0.0,0.0
2023-03-16 00:00:00-04:00,11.899215729117214,11.899215729117214,11.7167497339285,11.797035217285156,64400,0.0,0.0
2023-03-17 00:00:00-04:00,11.840826480741587,11.938142051691948,11.658360481262207,11.658360481262207,70800,0.0,0.0
2023-03-20 00:00:00-04:00,11.629166081584174,12.181429946645885,11.373713870115381,11.945440292358398,60400,0.0,0.0
2023-03-21 00:00:00-04:00,12.067085669044667,12.113310987760617,11.772707381524853,12.088981628417969,40000,0.0,0.0
2023-03-22 00:00:00-04:00,12.113309332032493,12.49283800519965,11.904081510635196,11.98193359375,125200,0.0,0.0
2023-03-23 00:00:00-04:00,11.923545115059333,12.407688669535185,11.860290639996869,11.969770431518555,152800,0.0,0.0
2023-03-24 00:00:00-04:00,11.838393173813131,13.093759124533104,11.838393173813131,12.522032737731934,71600,0.0,0.0
2023-03-27 00:00:00-04:00,12.65097702454616,13.551142883060589,12.541497230065866,12.835875511169434,225200,0.0,0.0
2023-03-28 00:00:00-04:00,12.835875500842405,12.911295120994849,12.653409486212098,12.714231491088867,85600,0.0,0.0
2023-03-29 00:00:00-04:00,12.809113514078211,12.913727427857065,12.449046458983045,12.879666328430176,116800,0.0,0.0
2023-03-30 00:00:00-04:00,12.894264579138982,13.23000229407808,12.767754702088451,12.94778823852539,65600,0.0,0.0
2023-03-31 00:00:00-04:00,12.962383647530466,13.198373291851038,12.884531565953166,12.96481704711914,88800,0.0,0.0
2023-04-03 00:00:00-04:00,13.0961936082884,13.378407653812172,12.59015411806918,12.733694076538086,246800,0.0,0.0
2023-04-04 00:00:00-04:00,12.699634385886005,12.731262087240568,12.378494284952323,12.570691108703613,160000,0.0,0.0
2023-04-05 00:00:00-04:00,12.650975829465501,12.650975829465501,12.106010308460778,12.648543357849121,64400,0.0,0.0
2023-04-06 00:00:00-04:00,12.650975391442248,13.208105107379106,12.407687403145282,12.831008911132812,60000,0.0,0.0
2023-04-10 00:00:00-04:00,12.831010342247746,12.976982780279045,12.344434311383244,12.840741157531738,122000,0.0,0.0
2023-04-11 00:00:00-04:00,12.984279603478457,13.181343207010379,12.840739654057185,12.96481704711914,122400,0.0,0.0
2023-04-12 00:00:00-04:00,12.945353846103016,12.962383931316515,12.765321251540309,12.877233505249023,73200,0.0,0.0
2023-04-13 00:00:00-04:00,12.753157500377105,12.86750316619873,12.704500639071863,12.86750316619873,22000,0.0,0.0
2023-04-14 00:00:00-04:00,12.862636890429979,12.938056507996347,12.767754714566877,12.845606803894043,66400,0.0,0.0
2023-04-17 00:00:00-04:00,12.950221229870186,13.015909106824447,12.740993383587018,12.855339050292969,89600,0.0,0.0
2023-04-18 00:00:00-04:00,12.789650205694429,12.789650205694429,12.444181687928292,12.733694076538086,50800,0.0,0.0
2023-04-19 00:00:00-04:00,12.709365838065489,12.76045609657369,12.35903051556332,12.485540390014648,59600,0.0,0.0
2023-04-20 00:00:00-04:00,12.575557504630973,12.624215294573641,12.23252143123689,12.529333114624023,59600,0.0,0.0
2023-04-21 00:00:00-04:00,12.48310696669795,12.563391519937742,12.042755375430534,12.261714935302734,116400,0.0,0.0
2023-04-24 00:00:00-04:00,12.166833008189574,12.45877880667799,12.028158916319844,12.033024787902832,70000,0.0,0.0
2023-04-25 00:00:00-04:00,11.908947463197274,11.908947463197274,10.819017364073892,10.972288131713867,94000,0.0,0.0
2023-04-26 00:00:00-04:00,11.040409783193674,11.096365912247627,10.354337692260742,10.354337692260742,146400,0.0,0.0
2023-04-27 00:00:00-04:00,10.31784462873158,10.68764252109737,10.181603006890462,10.658448219299316,75200,0.0,0.0
2023-04-28 00:00:00-04:00,10.568430461016842,10.947960077819822,10.52950441786295,10.801987648010254,102800,0.0,0.0
2023-05-01 00:00:00-04:00,10.748465615220422,11.337222222919172,10.748465615220422,11.030679702758789,122000,0.0,0.0
2023-05-02 00:00:00-04:00,10.98445365137716,11.225308253415342,10.704672078107679,10.974721908569336,52000,0.0,0.0
2023-05-03 00:00:00-04:00,10.870108993583301,11.220443414264219,10.801988643801774,11.064739227294922,52000,0.0,0.0
2023-05-04 00:00:00-04:00,11.20097971979013,11.59024014776465,11.125560105839412,11.261801719665527,96800,0.0,0.0
2023-05-05 00:00:00-04:00,11.463730383232738,11.86515595737041,11.327489696210069,11.767840385437012,51200,0.0,0.0
2023-05-08 00:00:00-04:00,11.852992777426788,11.896784695811974,11.51238917400205,11.736214637756348,64800,0.0,0.0
2023-05-09 00:00:00-04:00,11.570777875129197,11.643764091161673,11.468596430227661,11.621868133544922,43200,0.0,0.0
2023-05-10 00:00:00-04:00,11.244773136718196,11.361551280716998,11.237473864670015,11.239907264709473,27200,0.0,0.0
2023-05-11 00:00:00-04:00,11.264234478537125,11.624300615612421,11.264234478537125,11.519686698913574,41200,0.0,0.0
2023-05-12 00:00:00-04:00,11.605145811153394,11.844427062460095,11.534338768730098,11.817569732666016,46800,0.0425,0.0
2023-05-15 00:00:00-04:00,11.939652553193485,12.279041290283203,11.805361241613278,12.279041290283203,67200,0.0,0.0
2023-05-16 00:00:00-04:00,12.093475240614886,12.330315257474382,12.093475240614886,12.117892265319824,31200,0.0,0.0
2023-05-17 00:00:00-04:00,12.330313242722976,12.330313242722976,11.92255877662655,12.091032028198242,168800,0.0,0.0
2023-05-18 00:00:00-04:00,12.07638188357763,12.183814912499713,11.780942916870117,11.780942916870117,95200,0.0,0.0
2023-05-19 00:00:00-04:00,11.927443464599925,12.056851369889939,11.822452584560043,11.939652442932129,66000,0.0,0.0
2023-05-22 00:00:00-04:00,12.086150169372559,12.301015322068498,11.820010663739907,12.086150169372559,140800,0.0,0.0
2023-05-23 00:00:00-04:00,12.12277382482202,12.337638021031363,12.120331657016168,12.31322193145752,83600,0.0,0.0
2023-05-24 00:00:00-04:00,12.208231277822312,12.239972939940607,11.63932725319701,11.680835723876953,62800,0.0,0.0
2023-05-25 00:00:00-04:00,11.756527811445784,11.756527811445784,11.19494839322151,11.65153694152832,69600,0.0,0.0
2023-05-26 00:00:00-04:00,11.771177667101401,12.239974283982548,11.702811862491036,12.061734199523926,81600,0.0,0.0
2023-05-30 00:00:00-04:00,12.044641437971828,12.044641437971828,11.480620817056357,11.719902038574219,156400,0.0,0.0
2023-05-31 00:00:00-04:00,11.585611902026383,11.793151465359184,11.451321541551383,11.463529586791992,114400,0.0,0.0
2023-06-01 00:00:00-04:00,11.57096075815577,11.910349418181703,11.436670408482685,11.839542388916016,162400,0.0,0.0
2023-06-02 00:00:00-04:00,11.973834087845216,12.208231917114409,11.634445389575703,11.754085540771484,243200,0.0,0.0
2023-06-05 00:00:00-04:00,11.88349282222785,11.917676654907602,11.497713167555542,11.563637733459473,271200,0.0,0.0
2023-06-06 00:00:00-04:00,11.487945457777943,12.20334788589571,11.487945457777943,11.719902038574219,194000,0.0,0.0
2023-06-07 00:00:00-04:00,11.734552251431523,11.780943195025126,11.544103209943083,11.719902038574219,422000,0.0,0.0
2023-06-08 00:00:00-04:00,11.732110083581574,11.907908912212708,11.617353342815477,11.719902038574219,126400,0.0,0.0
2023-06-09 00:00:00-04:00,11.761410080579278,11.780943698557243,11.236456671512794,11.610028266906738,579600,0.0,0.0
2023-06-12 00:00:00-04:00,11.666183776044333,11.780941431041672,11.62711747902179,11.68327522277832,198800,0.0,0.0
2023-06-13 00:00:00-04:00,11.661301705739271,11.719901623679874,11.487945051095057,11.55875301361084,171600,0.0,0.0
2023-06-14 00:00:00-04:00,11.597819725672403,11.719902038574219,11.451321322755877,11.719902038574219,647200,0.0,0.0
2023-06-15 00:00:00-04:00,11.81024247048451,12.008016149029835,11.705251608821277,11.7687349319458,170000,0.0,0.0
2023-06-16 00:00:00-04:00,11.844425291118297,11.944532747932762,11.463529080514045,11.534337043762207,284800,0.0,0.0
2023-06-20 00:00:00-04:00,11.588053281961685,12.13986587524414,11.588053281961685,12.13986587524414,236000,0.0,0.0
2023-06-21 00:00:00-04:00,11.990925926952576,12.501230074896702,11.990925926952576,12.330314636230469,194800,0.0,0.0
2023-06-22 00:00:00-04:00,12.286365209054376,12.584246382423947,12.20090795345535,12.26927375793457,175200,0.0,0.0
2023-06-23 00:00:00-04:00,12.261948822699212,12.384031145724368,11.268198787787579,11.51236343383789,2106800,0.0,0.0
2023-06-26 00:00:00-04:00,11.451322930926324,11.746761946099404,10.960551442547454,11.287732124328613,265600,0.0,0.0
2023-06-27 00:00:00-04:00,11.268197900004893,11.783384480193332,11.268197900004893,11.668627738952637,162400,0.0,0.0
2023-06-28 00:00:00-04:00,11.646653253273696,11.905467169768427,11.502596081645544,11.544103622436523,236800,0.0,0.0
2023-06-29 00:00:00-04:00,11.614911533462777,11.724785804748535,11.524570879923004,11.724785804748535,65200,0.0,0.0
2023-06-30 00:00:00-04:00,11.82245108849226,11.920117314305102,11.646653186008965,11.68571949005127,84000,0.0,0.0
2023-07-03 00:00:00-04:00,11.695485411159618,12.181372472590736,11.695485411159618,12.17893123626709,92800,0.0,0.0
2023-07-05 00:00:00-04:00,12.03243292683422,12.271714157604881,11.810243146017594,11.829776763916016,117600,0.0,0.0
2023-07-06 00:00:00-04:00,11.729668882299531,11.98115814957846,11.485504255764141,11.837100982666016,131200,0.0,0.0
2023-07-07 00:00:00-04:00,11.888375099966977,12.18137283240571,11.8297761123277,11.846867561340332,124400,0.0,0.0
2023-07-10 00:00:00-04:00,11.844425430555596,12.291247136918878,11.844425430555596,11.964066505432129,92400,0.0,0.0
2023-07-11 00:00:00-04:00,11.910350973224606,12.093474455255313,11.820010316218767,11.834660530090332,99200,0.0,0.0
2023-07-12 00:00:00-04:00,12.005574484134993,12.005574484134993,11.780943470227072,11.866400718688965,78800,0.0,0.0
2023-07-13 00:00:00-04:00,11.876166738327768,11.915233039516448,11.707693489091728,11.790709495544434,63200,0.0,0.0
2023-07-14 00:00:00-04:00,11.758969316526455,11.890818448933032,11.463530318344986,11.51236343383789,88400,0.0,0.0
2023-07-17 00:00:00-04:00,11.45132131116298,11.700368409586122,11.356096324808098,11.680835723876953,80000,0.0,0.0
2023-07-18 00:00:00-04:00,11.612470836915351,11.986042445243328,11.612470836915351,11.978717803955078,77600,0.0,0.0
2023-07-19 00:00:00-04:00,11.954300389382487,12.249739376252307,11.954300389382487,12.103240966796875,120000,0.0,0.0
2023-07-20 00:00:00-04:00,12.239974709593266,12.239974709593266,12.049525640762548,12.171607971191406,63200,0.0,0.0
2023-07-21 00:00:00-04:00,12.205789300248586,12.318104797645319,12.049523166993135,12.176488876342773,100000,0.0,0.0
2023-07-24 00:00:00-04:00,12.11056541658896,12.308339104503203,12.008016717872495,12.022666931152344,99200,0.0,0.0
2023-07-25 00:00:00-04:00,11.995809473011796,12.215557098388672,11.995809473011796,12.215557098388672,53200,0.0,0.0
2023-07-26 00:00:00-04:00,12.2155571144689,12.303456537301047,11.84442673551885,12.293689727783203,52800,0.0,0.0
2023-07-27 00:00:00-04:00,12.249738471483838,12.257064043405462,12.027548705752722,12.091032028198242,50400,0.0,0.0
2023-07-28 00:00:00-04:00,12.117890455506485,12.205789868487928,11.995808144457618,12.093473434448242,49200,0.0,0.0
2023-07-31 00:00:00-04:00,12.093473777342702,12.193581237984622,11.75652725991232,11.812685012817383,53600,0.0,0.0
2023-08-01 00:00:00-04:00,11.788266812623903,12.059289672769678,11.656418634007998,11.990923881530762,78800,0.0,0.0
2023-08-02 00:00:00-04:00,11.846867609717838,11.846867609717838,11.473296034896064,11.66618537902832,73200,0.0,0.0
2023-08-03 00:00:00-04:00,10.035165186386953,10.716384677796837,9.26604721699451,9.366154670715332,627200,0.0,0.0
2023-08-04 00:00:00-04:00,9.224539199493117,10.130390662685329,9.224539199493117,10.020516395568848,327600,0.0,0.0
2023-08-07 00:00:00-04:00,9.971683613402279,9.971683613402279,9.197681245218194,9.532187461853027,274400,0.0,0.0
2023-08-08 00:00:00-04:00,9.519979778940693,9.519979778940693,9.226982022949157,9.368597030639648,118000,0.0,0.0
2023-08-09 00:00:00-04:00,9.324646430888803,9.405221201948859,9.207447525958443,9.356388092041016,86000,0.0,0.0
2023-08-10 00:00:00-04:00,9.34662064996956,9.490677802151227,9.322204562378378,9.412545204162598,101600,0.0,0.0
2023-08-11 00:00:00-04:00,9.417451583297002,9.603838226839253,9.417451583297002,9.56705093383789,79600,0.0425,0.0
2023-08-14 00:00:00-04:00,9.510645718880259,9.69948537302371,9.49102651269826,9.625911712646484,106400,0.0,0.0
2023-08-15 00:00:00-04:00,9.687222730250337,9.819655873117489,9.655340469440143,9.731367111206055,78800,0.0,0.0
2023-08-16 00:00:00-04:00,9.755890205256152,9.959444930806956,9.689673641602507,9.863799095153809,97200,0.0,0.0
2023-08-17 00:00:00-04:00,9.988874438215683,10.37391077496726,9.988874438215683,10.295432090759277,123600,0.0,0.0
2023-08-18 00:00:00-04:00,10.295432212027624,10.462199651818844,10.270907973751154,10.454842567443848,208400,0.0,0.0
2023-08-21 00:00:00-04:00,10.540677860270844,10.702540257978931,10.48672341585492,10.511248588562012,105200,0.0,0.0
2023-08-22 00:00:00-04:00,10.45974792643682,10.469557060727638,10.38862632347483,10.400888442993164,62000,0.0,0.0
2023-08-23 00:00:00-04:00,10.400889243458483,10.599538962886935,10.364101946532532,10.403341293334961,65600,0.0,0.0
2023-08-24 00:00:00-04:00,10.383721162207143,10.462199848817232,10.253741012922884,10.322409629821777,88000,0.0,0.0
2023-08-25 00:00:00-04:00,10.39843517024554,10.484270932317663,10.243929862976074,10.243929862976074,42800,0.0,0.0
2023-08-28 00:00:00-04:00,10.236573168895093,10.381268412995693,10.229215149337655,10.285621643066406,84000,0.0,0.0
2023-08-29 00:00:00-04:00,10.315053434014557,10.366554901125898,10.266004016772401,10.339577674865723,32800,0.0,0.0
2023-08-30 00:00:00-04:00,10.300337960544473,10.60444358815996,10.300337960544473,10.555394172668457,67600,0.0,0.0
2023-08-31 00:00:00-04:00,10.631419343122209,10.658396567062482,10.432770576907,10.548035621643066,65200,0.0,0.0
2023-09-01 00:00:00-04:00,10.616705038390133,10.749138171200673,10.48181985595261,10.550488471984863,41600,0.0,0.0
2023-09-05 00:00:00-04:00,10.545584237347757,10.690279500351563,10.408246059322854,10.55294132232666,88400,0.0,0.0
2023-09-06 00:00:00-04:00,10.594632985008898,10.61670517409278,10.528416417757247,10.548035621643066,48400,0.0,0.0
2023-09-07 00:00:00-04:00,10.462200484283999,10.587275606309635,10.315053171837391,10.376364707946777,93200,0.0,0.0
2023-09-08 00:00:00-04:00,10.302790437880939,10.44258160527183,9.836823310223995,9.839275360107422,69200,0.0,0.0
2023-09-11 00:00:00-04:00,9.883418526719849,10.209596317947419,9.814749911951816,10.182619094848633,82000,0.0,0.0
2023-09-12 00:00:00-04:00,10.180165833233707,10.28316968812788,10.072257879309051,10.219405174255371,50400,0.0,0.0
2023-09-13 00:00:00-04:00,10.160546467117268,10.212047925966399,10.05999559889482,10.18997573852539,77600,0.0,0.0
2023-09-14 00:00:00-04:00,10.175263084177576,10.319958348805692,9.83437015287148,10.261098861694336,74400,0.0,0.0
2023-09-15 00:00:00-04:00,10.300336613588113,10.37391025943438,10.118854080663631,10.20714282989502,148000,0.0,0.0
2023-09-18 00:00:00-04:00,10.064901414841678,10.150737186254661,9.912848140424762,10.047734260559082,60000,0.0,0.0
2023-09-19 00:00:00-04:00,10.268455943653588,10.268455943653588,9.993780520143131,10.03547191619873,59200,0.0,0.0
2023-09-20 00:00:00-04:00,10.079615152603663,10.359196515113322,10.079615152603663,10.280716896057129,61600,0.0,0.0
2023-09-21 00:00:00-04:00,10.07225830676542,10.327314502000407,10.07225830676542,10.292980194091797,74800,0.0,0.0
2023-09-22 00:00:00-04:00,10.319956947846801,10.587274314549967,10.28807469100875,10.543130874633789,86800,0.0,0.0
2023-09-25 00:00:00-04:00,10.543131200692123,10.719707772436712,10.334671435583779,10.60198974609375,38000,0.0,0.0
2023-09-26 00:00:00-04:00,10.506342674931116,10.842329560818218,10.354290359028425,10.525961875915527,62800,0.0,0.0
2023-09-27 00:00:00-04:00,10.594632849588377,10.597084899215359,10.435222493182387,10.550488471984863,40800,0.0,0.0
2023-09-28 00:00:00-04:00,10.557846527406431,10.719708948325826,10.557846527406431,10.695184707641602,26400,0.0,0.0
2023-09-29 00:00:00-04:00,10.781019631853002,10.781019631853002,10.545583571984741,10.548035621643066,31200,0.0,0.0
2023-10-02 00:00:00-04:00,10.64122983530142,10.64122983530142,10.334672161154502,10.395983695983887,36000,0.0,0.0
2023-10-03 00:00:00-04:00,10.297885912019764,10.297885912019764,10.074711960268983,10.104141235351562,28800,0.0,0.0
2023-10-04 00:00:00-04:00,10.131117448687231,10.49162860517293,10.131117448687231,10.23412036895752,73600,0.0,0.0
2023-10-05 00:00:00-04:00,10.371460225699138,10.486725283562539,10.23166999076066,10.334672927856445,34000,0.0,0.0
2023-10-06 00:00:00-04:00,10.415605481144517,10.609349250793457,10.373913144395305,10.609349250793457,18000,0.0,0.0
2023-10-09 00:00:00-04:00,10.60934636477525,10.95023924538617,10.60934636477525,10.852140426635742,52800,0.0,0.0
2023-10-10 00:00:00-04:00,10.918357308507147,11.090029778574873,10.918357308507147,11.07286262512207,59200,0.0,0.0
2023-10-11 00:00:00-04:00,10.987027282018131,11.20039116957903,10.78592551479249,11.033624649047852,97600,0.0,0.0
2023-10-12 00:00:00-04:00,11.038527382676767,11.197937733926732,10.874212932331455,11.07286262512207,90400,0.0,0.0
2023-10-13 00:00:00-04:00,11.193033356788852,11.266607009556944,10.62651538848877,10.62651538848877,66400,0.0,0.0
2023-10-16 00:00:00-04:00,10.660850736826937,10.86195251058537,10.660850736826937,10.78592586517334,32000,0.0,0.0
2023-10-17 00:00:00-04:00,10.852142357957327,11.094936463027121,10.489178160848619,10.884024620056152,26400,0.0,0.0
2023-10-18 00:00:00-04:00,10.766305643083506,10.942882223171248,10.766305643083506,10.915904998779297,35600,0.0,0.0
2023-10-19 00:00:00-04:00,10.913452334975373,10.928167438962891,10.800639344356842,10.861950874328613,49600,0.0,0.0
2023-10-20 00:00:00-04:00,10.937976768118096,10.937976768118096,10.577465601611767,10.729517936706543,72800,0.0,0.0
2023-10-23 00:00:00-04:00,10.638776937415173,10.87666503742153,10.638776937415173,10.749137878417969,62400,0.0,0.0
2023-10-24 00:00:00-04:00,10.849689893230957,10.923263549804688,10.641230108142283,10.923263549804688,46000,0.0,0.0
2023-10-25 00:00:00-04:00,11.031171061351865,11.07531544058035,10.881570769026416,11.011551856994629,55600,0.0,0.0
2023-10-26 00:00:00-04:00,11.011552063535856,11.129270098506574,10.63387278329244,10.766305923461914,95200,0.0,0.0
2023-10-27 00:00:00-04:00,10.879119228770257,10.879119228770257,10.680469512939453,10.680469512939453,31600,0.0,0.0
2023-10-30 00:00:00-04:00,10.832521558006873,10.913453233290367,10.678017163348931,10.766305923461914,39200,0.0,0.0
2023-10-31 00:00:00-04:00,10.950238771356887,10.950238771356887,10.908546447753906,10.908546447753906,22400,0.0,0.0
2023-11-01 00:00:00-04:00,10.837425798779675,11.02136039035425,10.60198974609375,10.60198974609375,48400,0.0,0.0
2023-11-02 00:00:00-04:00,10.582371907795935,10.6485875460288,10.305243492126465,10.305243492126465,29200,0.0,0.0
2023-11-03 00:00:00-04:00,10.437674848576282,10.577465057373047,10.366553251668549,10.577465057373047,36800,0.0,0.0
2023-11-06 00:00:00-05:00,10.50389311352725,10.697636862123098,10.31750551456084,10.403341293334961,39200,0.0,0.0
2023-11-07 00:00:00-05:00,10.516154801729828,10.812902408196832,10.025662519090895,10.52351188659668,34800,0.0,0.0
2023-11-08 00:00:00-05:00,10.543130421956665,10.631418233538,10.300336367373978,10.437674522399902,37600,0.0,0.0
2023-11-09 00:00:00-05:00,10.717254774467362,10.717254774467362,10.41560218324351,10.440126419067383,59200,0.0,0.0
2023-11-10 00:00:00-05:00,10.48937371335723,10.747915375436023,10.004302357814979,10.65680980682373,65200,0.0425,0.0
2023-11-13 00:00:00-05:00,10.546007016820527,10.94736031444005,10.546007016820527,10.834095001220703,41600,0.0,0.0
2023-11-14 00:00:00-05:00,11.203441359632635,11.442284256224273,11.033543356279642,11.385651588439941,114000,0.0,0.0
2023-11-15 00:00:00-05:00,11.471830090284032,11.848560847462636,11.466905388578917,11.718059539794922,83600,0.0,0.0
2023-11-16 00:00:00-05:00,11.695898453605578,11.826399756830655,11.553084926891453,11.78946590423584,82000,0.0,0.0
2023-11-17 00:00:00-05:00,11.878108161378258,12.12433759230882,11.853484654710758,12.05293083190918,78000,0.0,0.0
2023-11-20 00:00:00-05:00,12.070167192106767,12.070167192106767,11.801777066478483,11.880570411682129,33600,0.0,0.0
2023-11-21 00:00:00-05:00,11.661427338238239,11.661427338238239,11.27484716242956,11.550623893737793,38000,0.0,0.0
2023-11-22 00:00:00-05:00,11.580170618653318,11.658963966732516,11.508764792718969,11.612180709838867,20800,0.0,0.0
2023-11-24 00:00:00-05:00,11.722982530264856,11.764841079711914,11.722982530264856,11.764841079711914,7200,0.0,0.0
2023-11-27 00:00:00-05:00,11.75745556046279,11.8731836958718,11.550622796801344,11.705747604370117,78000,0.0,0.0
2023-11-28 00:00:00-05:00,11.55062470356082,11.69590013224881,11.526002131630344,11.540775299072266,39200,0.0,0.0
2023-11-29 00:00:00-05:00,11.668812920896414,11.905192956035012,11.636802830943031,11.779616355895996,63600,0.0,0.0
2023-11-30 00:00:00-05:00,11.673737561562307,11.819012966851487,11.673737561562307,11.742681503295898,30000,0.0,0.0
2023-12-01 00:00:00-05:00,11.846099650203804,12.040621151978128,11.769768178303652,11.932279586791992,44800,0.0,0.0
2023-12-04 00:00:00-05:00,11.971674416565943,12.311471287091056,11.971674416565943,12.29916000366211,55600,0.0,0.0
2023-12-05 00:00:00-05:00,12.31147177052536,12.715287894312072,11.875645557133872,12.498605728149414,61200,0.0,0.0
2023-12-06 00:00:00-05:00,12.786695015069824,12.786695015069824,12.5552396774292,12.5552396774292,29200,0.0,0.0
2023-12-07 00:00:00-05:00,12.488757749875516,12.934432444140242,12.321321652146967,12.86302661895752,42000,0.0,0.0
2023-12-08 00:00:00-05:00,11.858408245975612,13.205283407657495,11.858408245975612,13.124027252197266,41200,0.0,0.0
2023-12-11 00:00:00-05:00,13.222520463757556,13.29638910425639,12.796543666280524,13.197896957397461,62000,0.0,0.0
2023-12-12 00:00:00-05:00,13.094480546334887,13.421965184392725,13.047697294981107,13.1954345703125,58800,0.0,0.0
2023-12-13 00:00:00-05:00,13.306238279426243,13.943972524248998,13.29392699610193,13.907037734985352,101200,0.0,0.0
2023-12-14 00:00:00-05:00,14.035078048706055,14.059700616934846,13.815933997881203,14.035078048706055,64400,0.0,0.0
2023-12-15 00:00:00-05:00,14.138494172219383,14.138494172219383,13.67558349547168,13.916888236999512,112400,0.0,0.0
2023-12-18 00:00:00-05:00,13.91688867042514,14.128646148376758,13.67065921965178,13.91442584991455,46000,0.0,0.0
2023-12-19 00:00:00-05:00,13.729753059388742,14.035077976014538,13.729753059388742,14.030153274536133,58000,0.0,0.0
2023-12-20 00:00:00-05:00,14.03015408339525,14.342865600621552,13.961210137304379,14.020304679870605,68000,0.0,0.0
2023-12-21 00:00:00-05:00,13.899650824947024,14.207437597247486,13.82578218745305,14.180352210998535,59600,0.0,0.0
2023-12-22 00:00:00-05:00,13.951359672696105,14.465979226583645,13.916887702272467,14.441356658935547,50400,0.0,0.0
2023-12-26 00:00:00-05:00,14.525074503170083,14.525074503170083,14.10648428390323,14.229598999023438,63200,0.0,0.0
2023-12-27 00:00:00-05:00,14.229599048882177,14.229599048882177,13.803622245788574,13.803622245788574,52000,0.0,0.0
2023-12-28 00:00:00-05:00,13.852867999817178,13.852867999817178,13.67804532134891,13.746990203857422,27600,0.0,0.0
2023-12-29 00:00:00-05:00,13.545081468424295,13.727291672522409,13.500761032104492,13.500761032104492,19600,0.0,0.0
2024-01-02 00:00:00-05:00,13.343172336894416,13.461362349369024,12.988602299470589,13.261917114257812,52000,0.0,0.0
2024-01-03 00:00:00-05:00,13.318551259740207,13.318551259740207,12.397652684667985,12.434587478637695,34400,0.0,0.0
2024-01-04 00:00:00-05:00,12.547851769690391,12.653730501778346,11.983986138671419,12.594635963439941,90000,0.0,0.0
2024-01-05 00:00:00-05:00,12.59463656218292,12.858101994752644,12.439511747911235,12.702977180480957,64800,0.0,0.0
2024-01-08 00:00:00-05:00,12.80392990810707,13.658346300624933,12.577399291361637,12.81131649017334,59200,0.0,0.0
2024-01-09 00:00:00-05:00,12.643881387275085,13.084632310966889,12.643881387275085,12.747298240661621,36400,0.0,0.0
2024-01-10 00:00:00-05:00,12.794081229122384,12.995989290867744,12.680815914346352,12.828553199768066,39600,0.0,0.0
2024-01-11 00:00:00-05:00,12.803930401540656,12.823629206864117,12.557700970741797,12.712825775146484,49600,0.0,0.0
2024-01-12 00:00:00-05:00,12.909809339353435,13.03292405673099,12.594635963439941,12.594635963439941,51200,0.0,0.0
2024-01-16 00:00:00-05:00,12.557700780837806,12.872874146921095,12.4690580368042,12.4690580368042,28800,0.0,0.0
2024-01-17 00:00:00-05:00,12.321321576480289,12.64141966512824,11.993835965810616,12.560163497924805,33600,0.0,0.0
2024-01-18 00:00:00-05:00,12.31393474926015,12.658656365279771,12.31393474926015,12.609410285949707,12000,0.0,0.0
2024-01-19 00:00:00-05:00,12.82363016685244,12.978754043579102,12.720213309743858,12.978754043579102,20800,0.0,0.0
2024-01-22 00:00:00-05:00,12.988602012530711,13.665732923136577,12.988602012530711,13.604175567626953,35200,0.0,0.0
2024-01-23 00:00:00-05:00,13.685433525655219,13.685433525655219,13.084633055806295,13.429354667663574,19600,0.0,0.0
2024-01-24 00:00:00-05:00,13.552468406513404,13.606638243810195,13.343172821973813,13.461362838745117,20000,0.0,0.0
2024-01-25 00:00:00-05:00,13.663272378271062,13.867642330116222,13.663272378271062,13.862717628479004,24800,0.0,0.0
2024-01-26 00:00:00-05:00,13.862717287518134,14.104022026062012,13.862717287518134,14.104022026062012,16800,0.0,0.0
2024-01-29 00:00:00-05:00,14.104022499553997,14.104022499553997,13.668196263301654,14.037540435791016,22000,0.0,0.0
2024-01-30 00:00:00-05:00,13.961209272742131,14.182815202578531,13.961209272742131,14.15819263458252,19200,0.0,0.0
2024-01-31 00:00:00-05:00,13.778999577825234,14.069550399355933,13.596790313720703,13.596790313720703,19600,0.0,0.0
2024-02-01 00:00:00-05:00,13.833169618137905,14.219749752722336,13.788848245064083,14.207438468933105,58800,0.0,0.0
2024-02-02 00:00:00-05:00,14.458592714113584,14.520150072822458,14.271457817635783,14.281307220458984,34800,0.0,0.0
2024-02-05 00:00:00-05:00,14.305931174706265,14.401961452603254,13.911964416503906,13.911964416503906,24400,0.0,0.0
2024-02-06 00:00:00-05:00,13.9587469788102,14.394573211669922,13.9587469788102,14.394573211669922,14800,0.0,0.0
2024-02-07 00:00:00-05:00,14.328091259959244,14.384723920359383,14.037540435791016,14.037540435791016,20000,0.0,0.0
2024-02-08 00:00:00-05:00,14.23206149323761,14.305930137634277,14.23206149323761,14.305930137634277,14800,0.0,0.0
2024-02-09 00:00:00-05:00,14.281307438508376,14.31577940962515,14.170504003282486,14.29608154296875,37200,0.0,0.0
2024-02-12 00:00:00-05:00,14.419196630908138,15.258839000411701,14.283769684785959,14.58663272857666,76800,0.0,0.0
2024-02-13 00:00:00-05:00,14.291156879278631,14.291156879278631,14.06708812713623,14.06708812713623,43600,0.0,0.0
2024-02-14 00:00:00-05:00,14.244373942617738,14.522613496539098,14.150807423730539,14.453669548034668,34000,0.0,0.0
2024-02-15 00:00:00-05:00,14.60386872946989,14.820549964904785,14.227137039686099,14.820549964904785,56400,0.0,0.0
2024-02-16 00:00:00-05:00,14.820549773467004,15.820241645971933,14.675274365138588,14.77376651763916,25600,0.0,0.0
2024-02-20 00:00:00-05:00,14.84271056757551,14.899343226918914,14.416733742634516,14.847635269165039,18400,0.0,0.0
2024-02-21 00:00:00-05:00,14.67773715297322,14.776228365964343,14.527537043424175,14.539848327636719,44000,0.0,0.0
2024-02-22 00:00:00-05:00,14.761456901689996,14.761456901689996,14.520152134011989,14.557085990905762,23200,0.0,0.0
2024-02-23 00:00:00-05:00,14.773766892932002,14.773766892932002,14.71220953087812,14.766380310058594,13600,0.0,0.0
2024-02-26 00:00:00-05:00,14.763917344519587,14.763917344519587,14.613717232297285,14.75653076171875,21200,0.0,0.0
2024-02-27 00:00:00-05:00,14.756530531845176,14.798389086118913,14.61125512351676,14.77376651763916,92000,0.0,0.0
2024-02-28 00:00:00-05:00,14.591556782093601,14.68019953430955,14.308393478393555,14.308393478393555,38800,0.0,0.0
2024-02-29 00:00:00-05:00,15.537077524138258,16.923350494674224,15.537077524138258,16.736215591430664,68400,0.0,0.0
2024-03-01 00:00:00-05:00,17.12525818940606,17.824548892630773,16.073857435601028,17.80238914489746,155600,0.0,0.0
2024-03-04 00:00:00-05:00,17.824546260796794,18.036303696806897,16.475210189819336,16.475210189819336,153200,0.0,0.0
2024-03-05 00:00:00-05:00,16.701745205538458,17.420734798666192,16.701745205538458,16.74852752685547,60000,0.0,0.0
2024-03-06 00:00:00-05:00,17.23359668460024,17.568468848123214,16.77560981032856,16.861791610717773,47200,0.0,0.0
2024-03-07 00:00:00-05:00,17.408421181072583,17.408421181072583,16.554006576538086,16.554006576538086,36400,0.0,0.0
2024-03-08 00:00:00-05:00,16.749019484990555,16.985998758874228,16.642872342000004,16.793453216552734,36400,0.0425,0.0
2024-03-11 00:00:00-04:00,16.509572735874432,16.519447108654354,15.946746670827265,16.294811248779297,24800,0.0,0.0
2024-03-12 00:00:00-04:00,16.472545993247483,16.472545993247483,16.045488321556235,16.354055404663086,43200,0.0,0.0
2024-03-13 00:00:00-04:00,16.509571211428536,16.61325117437217,16.270124756165412,16.470075607299805,38800,0.0,0.0
2024-03-14 00:00:00-04:00,16.830482447259072,17.032902371118315,16.166445505772945,16.242971420288086,35600,0.0,0.0
2024-03-15 00:00:00-04:00,16.045486450195312,16.662620544433594,16.045486450195312,16.662620544433594,96400,0.0,0.0
2024-03-18 00:00:00-04:00,16.435514212100035,16.832948684692383,16.435514212100035,16.832948684692383,29200,0.0,0.0
2024-03-19 00:00:00-04:00,16.608312360311515,16.73667730594801,16.479949298018806,16.692243576049805,32400,0.0,0.0
2024-03-20 00:00:00-04:00,16.953908130378604,16.98353124528694,16.84282474532402,16.902069091796875,28400,0.0,0.0
2024-03-21 00:00:00-04:00,17.089674483825686,17.585848832669825,16.971183934593075,17.58338165283203,54400,0.0,0.0
2024-03-22 00:00:00-04:00,17.61053747298149,17.812959262336193,17.20323048060931,17.632755279541016,27600,0.0,0.0
2024-03-25 00:00:00-04:00,17.477238330134476,17.798146929645654,17.18348189813694,17.269880294799805,36800,0.0,0.0
2024-03-26 00:00:00-04:00,17.26988018476048,17.272349248461914,16.958844075412216,16.995872497558594,31200,0.0,0.0
2024-03-27 00:00:00-04:00,16.850229756018308,17.000810624961463,16.746549797339696,16.995872497558594,40000,0.0,0.0
2024-03-28 00:00:00-04:00,17.008215352843568,17.496984481811523,16.973655995576895,17.496984481811523,34000,0.0,0.0
2024-04-01 00:00:00-04:00,17.526609061420828,17.526609061420828,16.98846803180683,17.032901763916016,42000,0.0,0.0
2024-04-02 00:00:00-04:00,17.057585232247728,17.462425029461897,16.75148726240515,17.218040466308594,38400,0.0,0.0
2024-04-03 00:00:00-04:00,17.52660816246635,17.52660816246635,17.010684967041016,17.010684967041016,23600,0.0,0.0
2024-04-04 00:00:00-04:00,17.010683460112865,17.482172883940144,17.010683460112865,17.190885543823242,40800,0.0,0.0
2024-04-05 00:00:00-04:00,16.931689153294265,17.245194310208603,16.931689153294265,16.973655700683594,20400,0.0,0.0
2024-04-08 00:00:00-04:00,16.95884569839864,17.255071220575083,16.855167613141667,17.084741592407227,42400,0.0,0.0
2024-04-09 00:00:00-04:00,17.079802407547678,17.472298755598743,17.064989909815285,17.425395965576172,30000,0.0,0.0
2024-04-10 00:00:00-04:00,17.279752089090973,17.287157395794193,17.032898487818247,17.17360496520996,36400,0.0,0.0
2024-04-11 00:00:00-04:00,17.630286666063117,17.630286666063117,16.74901923913568,16.872446060180664,20400,0.0,0.0
2024-04-12 00:00:00-04:00,16.749020716386255,16.786049142634393,16.410832402235098,16.707056045532227,24000,0.0,0.0
2024-04-15 00:00:00-04:00,16.68483394520429,17.062521535783485,16.065232764275457,16.22321891784668,21200,0.0,0.0
2024-04-16 00:00:00-04:00,16.28246544802297,16.4379825592041,16.183723617903492,16.4379825592041,18800,0.0,0.0
2024-04-17 00:00:00-04:00,16.692242171582432,16.692242171582432,16.294807699639257,16.524381637573242,39600,0.0,0.0
2024-04-18 00:00:00-04:00,16.539194281271495,16.539194281271495,15.951683281821161,16.181257247924805,42400,0.0,0.0
2024-04-19 00:00:00-04:00,15.971429122367534,16.203472137451172,15.613492111875471,16.203472137451172,35600,0.0,0.0
2024-04-22 00:00:00-04:00,16.38614131583476,16.38614131583476,16.218280792236328,16.218280792236328,32400,0.0,0.0
2024-04-23 00:00:00-04:00,16.539194132998176,16.66015189111219,16.366397335692447,16.534257888793945,41200,0.0,0.0
2024-04-24 00:00:00-04:00,16.378739054178833,16.475011825561523,16.378739054178833,16.475011825561523,22800,0.0,0.0
2024-04-25 00:00:00-04:00,16.102262468000166,16.539192546911547,16.102262468000166,16.42070198059082,34400,0.0,0.0
2024-04-26 00:00:00-04:00,16.423172783862437,16.479949951171875,16.34664875619411,16.479949951171875,18400,0.0,0.0
2024-04-29 00:00:00-04:00,16.366397626219523,17.032901722908843,16.366397626219523,16.739145278930664,34000,0.0,0.0
2024-04-30 00:00:00-04:00,16.18619239440285,16.250374865343353,15.88996879264374,15.912184715270996,34000,0.0,0.0
2024-05-01 00:00:00-04:00,15.317269079958855,16.630531388800204,15.317269079958855,16.302215576171875,36400,0.0,0.0
2024-05-02 00:00:00-04:00,14.56436436549848,15.072883189126237,13.310347456263228,14.586581230163574,206400,0.0,0.0
2024-05-03 00:00:00-04:00,14.095342269565464,14.603861099832539,14.095342269565464,14.52486801147461,41200,0.0,0.0
2024-05-06 00:00:00-04:00,14.317511270117087,14.81121855529354,14.060783255824074,14.41131591796875,95600,0.0,0.0
2024-05-07 00:00:00-04:00,14.366882389640008,14.366882389640008,13.996601920534193,14.041035652160645,50400,0.0,0.0
2024-05-08 00:00:00-04:00,13.752214906271831,14.115090028006051,13.752214906271831,13.912670135498047,31600,0.0,0.0
2024-05-09 00:00:00-04:00,13.749746667042256,13.82380256387149,13.54732677626217,13.636194229125977,65200,0.0,0.0
2024-05-10 00:00:00-04:00,13.646100058282759,13.977905101973754,13.618862182784573,13.675813674926758,130800,0.0425,0.0
2024-05-13 00:00:00-04:00,13.710480601885653,13.809527256519583,13.5297212600708,13.5297212600708,54800,0.0,0.0
2024-05-14 00:00:00-04:00,13.50991148505227,13.646099916549849,13.420769691467285,13.420769691467285,128800,0.0,0.0
2024-05-15 00:00:00-04:00,13.789716799810282,13.95066736871577,13.497530223525116,13.92838191986084,161600,0.0,0.0
2024-05-16 00:00:00-04:00,13.866478881658292,13.953143996837092,13.760004057536388,13.779813766479492,58000,0.0,0.0
2024-05-17 00:00:00-04:00,13.920953694949995,13.920953694949995,13.762479812441233,13.81943130493164,55600,0.0,0.0
2024-05-20 00:00:00-04:00,13.712955474138983,13.854096324349214,13.6857176004881,13.722859382629395,18400,0.0,0.0
2024-05-21 00:00:00-04:00,13.710478704417836,13.886286539291001,13.586670875549316,13.586670875549316,16400,0.0,0.0
2024-05-22 00:00:00-04:00,13.606482359424666,13.745146541345218,13.242486992725423,13.321723937988281,110400,0.0,0.0
2024-05-23 00:00:00-04:00,13.358866369353553,13.358866369353553,12.41049784420265,12.754683494567871,88000,0.0,0.0
2024-05-24 00:00:00-04:00,12.628399525547458,13.764955520629883,12.306499334400254,13.764955520629883,52800,0.0,0.0
2024-05-28 00:00:00-04:00,13.690670864819541,13.698099032786608,13.433150336734375,13.519815444946289,41200,0.0,0.0
2024-05-29 00:00:00-04:00,13.430674574982357,13.643623261201625,13.376198824430608,13.470293045043945,91200,0.0,0.0
2024-05-30 00:00:00-04:00,13.371245797767408,14.138853974992909,13.371245797767408,14.054664611816406,41600,0.0,0.0
2024-05-31 00:00:00-04:00,14.054665676119592,14.361709537008261,13.76248004075853,14.255234718322754,117200,0.0,0.0
2024-06-03 00:00:00-04:00,14.255234512995726,14.255234512995726,13.70552740533519,13.876382827758789,59200,0.0,0.0
2024-06-04 00:00:00-04:00,13.636195315135945,13.9407624857989,13.56686322754469,13.87885856628418,32800,0.0,0.0
2024-06-05 00:00:00-04:00,14.314662799110563,14.314662799110563,13.866478078316586,14.067047119140625,20000,0.0,0.0
2024-06-06 00:00:00-04:00,13.8937158733543,14.126474271122495,13.866477997583573,13.93085765838623,28800,0.0,0.0
2024-06-07 00:00:00-04:00,13.955619773020322,13.955619773020322,13.86647797774506,13.881335258483887,20800,0.0,0.0
2024-06-10 00:00:00-04:00,13.705527334897237,13.987809999933546,13.618862225837086,13.755050659179688,22400,0.0,0.0
2024-06-11 00:00:00-04:00,13.698098382013644,14.024950981140137,13.623813872135585,14.024950981140137,18400,0.0,0.0
2024-06-12 00:00:00-04:00,14.356756106115732,14.356756106115732,14.027427763700834,14.180949211120605,21200,0.0,0.0
2024-06-13 00:00:00-04:00,14.334471596375078,14.334471596375078,13.992761692722835,14.128951072692871,24400,0.0,0.0
2024-06-14 00:00:00-04:00,13.859048861666059,13.982856692284255,13.859048861666059,13.886286735534668,23200,0.0,0.0
2024-06-17 00:00:00-04:00,13.84171594730164,14.126473393164215,13.84171594730164,14.0695219039917,24400,0.0,0.0
2024-06-18 00:00:00-04:00,13.819432306905464,14.188379164263022,13.819432306905464,13.920954704284668,47200,0.0,0.0
2024-06-20 00:00:00-04:00,14.116569543793693,14.161140441894531,13.96552477198403,14.161140441894531,24400,0.0,0.0
2024-06-21 00:00:00-04:00,14.071999579513975,14.128951072692871,14.071999579513975,14.128951072692871,53200,0.0,0.0
2024-06-24 00:00:00-04:00,14.237900165348101,14.856939302971933,14.081902038184843,14.842082023620605,132400,0.0,0.0
2024-06-25 00:00:00-04:00,14.849512129347485,15.04760447772813,14.67122854351549,14.908939361572266,89600,0.0,0.0
2024-06-26 00:00:00-04:00,14.782656714961655,15.08722389687243,14.651419758430185,14.881702423095703,128800,0.0,0.0
2024-06-27 00:00:00-04:00,14.755417154416337,15.203601837158203,14.755417154416337,15.203601837158203,94800,0.0,0.0
2024-06-28 00:00:00-04:00,15.297697198503794,15.740929515302708,14.943606682243086,15.552742004394531,308400,0.0,0.0
2024-07-01 00:00:00-04:00,15.65921573185512,15.745880840435415,15.10703194434465,15.310077667236328,121600,0.0,0.0
2024-07-02 00:00:00-04:00,15.317506814567343,15.70131094715696,15.272935914568146,15.376934051513672,84800,0.0,0.0
2024-07-03 00:00:00-04:00,15.535408694704865,15.545312604353816,14.988177305852814,14.990653991699219,32000,0.0,0.0
2024-07-05 00:00:00-04:00,14.88913128189342,14.88913128189342,13.596577114487866,14.403803825378418,114800,0.0,0.0
2024-07-08 00:00:00-04:00,14.37408949225783,14.923796583363801,14.37408949225783,14.807416915893555,90800,0.0,0.0
2024-07-09 00:00:00-04:00,14.606849627828701,14.790084705188287,14.475612672877782,14.537516593933105,64000,0.0,0.0
2024-07-10 00:00:00-04:00,14.393900225995305,15.010462760925293,14.393900225995305,15.010462760925293,24800,0.0,0.0
2024-07-11 00:00:00-04:00,15.267983487392803,15.649311878684196,15.267983487392803,15.376934051513672,44400,0.0,0.0
2024-07-12 00:00:00-04:00,15.570073176903598,15.859783994222186,15.550263470436539,15.65673828125,31200,0.0,0.0
2024-07-15 00:00:00-04:00,15.852356006787224,16.320351409664845,15.822643332365544,15.936546325683594,111600,0.0,0.0
2024-07-16 00:00:00-04:00,16.14701721326045,17.286048889160156,16.14701721326045,17.286048889160156,164800,0.0,0.0
2024-07-17 00:00:00-04:00,16.434252761712948,16.835388939607277,16.404538201100994,16.49120330810547,112400,0.0,0.0
2024-07-18 00:00:00-04:00,16.59520148685206,16.783389926316676,16.310444975710354,16.565488815307617,60000,0.0,0.0
2024-07-19 00:00:00-04:00,16.57044294704067,16.57044294704067,15.406649859576817,16.052927017211914,46000,0.0,0.0
2024-07-22 00:00:00-04:00,15.941494578450223,16.894816325026348,15.748354677210187,16.808149337768555,27600,0.0,0.0
2024-07-23 00:00:00-04:00,17.204340756191172,17.266244685109427,16.7611083984375,16.7611083984375,101200,0.0,0.0
2024-07-24 00:00:00-04:00,16.335206767108915,16.644726368155673,15.9216890335083,15.9216890335083,58400,0.0,0.0
2024-07-25 00:00:00-04:00,16.36492162577306,17.021103645476458,16.16435350203336,16.468921661376953,54000,0.0,0.0
2024-07-26 00:00:00-04:00,16.75120174210698,17.0037689137092,16.535775412536125,16.993864059448242,97600,0.0,0.0
2024-07-29 00:00:00-04:00,16.79081996929186,16.79081996929186,16.389683745384417,16.441682815551758,15200,0.0,0.0
2024-07-30 00:00:00-04:00,16.763581565973766,17.828329795537016,16.21635111422636,17.340526580810547,131200,0.0,0.0
2024-07-31 00:00:00-04:00,17.60547451406756,18.363179781384137,17.60547451406756,17.684711456298828,90800,0.0,0.0
2024-08-01 00:00:00-04:00,18.03137250122339,18.03137250122339,16.83786508131968,17.167194366455078,52400,0.0,0.0
2024-08-02 00:00:00-04:00,16.746249081628054,17.27367173076707,16.392158555680748,16.46149253845215,47600,0.0,0.0
2024-08-05 00:00:00-04:00,16.24358794202176,16.24358794202176,14.819797807278523,15.327410697937012,81600,0.0,0.0
2024-08-06 00:00:00-04:00,15.307600491490282,16.468918576763127,15.307600491490282,16.109874725341797,198400,0.0,0.0
2024-08-07 00:00:00-04:00,18.57117439660713,18.940121198988944,17.766423506087488,18.20965576171875,154400,0.0,0.0
2024-08-08 00:00:00-04:00,18.64546012471821,20.304484306275228,18.57365135596052,20.193058013916016,85200,0.0,0.0
2024-08-09 00:00:00-04:00,20.396103341535408,20.401054823687485,19.36354456574648,19.512115478515625,116400,0.0,0.0
2024-08-12 00:00:00-04:00,20.51247997521326,22.24083808018016,20.48771878751844,20.799715042114258,187200,0.0,0.0
2024-08-13 00:00:00-04:00,21.90655752402077,21.90655752402077,20.874000685514876,21.086950302124023,62800,0.0,0.0
2024-08-14 00:00:00-04:00,21.317232929964387,21.344470805827445,20.874002526355095,21.012666702270508,69200,0.0,0.0
2024-08-15 00:00:00-04:00,21.52523100806949,21.52523100806949,20.893810272216797,20.893810272216797,78400,0.0,0.0
2024-08-16 00:00:00-04:00,20.83674654083679,21.203956526828133,20.806971990767927,21.184106826782227,93600,0.0425,0.0
2024-08-19 00:00:00-04:00,21.491771325697883,22.20634348485819,21.107191435531263,21.39252471923828,120400,0.0,0.0
2024-08-20 00:00:00-04:00,21.412374331743763,22.275815450584115,21.275910011797258,22.136871337890625,164400,0.0,0.0
2024-08-21 00:00:00-04:00,22.124465206568246,22.327919900860852,21.692744639258883,21.98800277709961,100400,0.0,0.0
2024-08-22 00:00:00-04:00,21.958226097416155,22.670318404869867,21.61830711364746,21.61830711364746,53200,0.0,0.0
2024-08-23 00:00:00-04:00,21.868904542758127,22.660393757250585,21.821761982254635,22.60828971862793,100000,0.0,0.0
2024-08-26 00:00:00-04:00,22.667835844797082,23.47421134833712,22.330398559570312,23.13677406311035,135200,0.0,0.0
2024-08-27 00:00:00-04:00,22.89361923631849,23.089630733169294,22.509041298650512,23.000308990478516,84800,0.0,0.0
2024-08-28 00:00:00-04:00,22.925877449777456,23.26083306735305,22.7745268111815,22.958131790161133,73200,0.0,0.0
2024-08-29 00:00:00-04:00,23.15414245713121,23.570976646171843,22.90850859895572,23.298049926757812,74400,0.0,0.0
2024-08-30 00:00:00-04:00,23.570978629261802,23.89104793464731,22.968057731762876,23.566017150878906,54000,0.0,0.0
2024-09-03 00:00:00-04:00,23.60075129142914,23.60819445489412,22.377541580438,22.449495315551758,154000,0.0,0.0
2024-09-04 00:00:00-04:00,22.618212432084583,23.23353788121525,22.447012112082067,22.858882904052734,72000,0.0,0.0
2024-09-05 00:00:00-04:00,23.012718638118173,23.022643487868013,22.486712959205718,22.491676330566406,85600,0.0,0.0
2024-09-06 00:00:00-04:00,22.51896895304324,22.702573939020787,21.712593375974198,21.791990280151367,114400,0.0,0.0
2024-09-09 00:00:00-04:00,21.990482126654396,22.23363621638194,21.581092953528483,21.80687713623047,69200,0.0,0.0
2024-09-10 00:00:00-04:00,21.84409340152399,22.00784868132108,21.33545576328756,21.863943099975586,78800,0.0,0.0
2024-09-11 00:00:00-04:00,21.362748701022472,21.784546276240278,20.938471333218015,21.63567543029785,60000,0.0,0.0
2024-09-12 00:00:00-04:00,21.67785537202144,21.844092329207342,21.484323661075905,21.648080825805664,134400,0.0,0.0
2024-09-13 00:00:00-04:00,21.86890424261136,23.082189120523545,21.861461079049057,22.777008056640625,70000,0.0,0.0
2024-09-16 00:00:00-04:00,22.767084336429164,23.288126634310824,22.417240487883273,22.888660430908203,95600,0.0,0.0
2024-09-17 00:00:00-04:00,23.226095650949727,24.06720717287326,23.025122671030168,23.469247817993164,136000,0.0,0.0
2024-09-18 00:00:00-04:00,23.54616651211149,24.208634588635967,23.533759977191863,23.762025833129883,222000,0.0,0.0
2024-09-19 00:00:00-04:00,24.419532666971435,24.97779267025217,23.833979800981474,24.833885192871094,117600,0.0,0.0
2024-09-20 00:00:00-04:00,24.83388406005043,25.709733526452005,24.253294591748894,24.598175048828125,212400,0.0,0.0
2024-09-23 00:00:00-04:00,24.555995732013105,24.6974215166015,23.47669349247311,23.75210189819336,164800,0.0,0.0
2024-09-24 00:00:00-04:00,24.089538597015334,24.31532466322877,23.74713980873756,23.779394149780273,164000,0.0,0.0
2024-09-25 00:00:00-04:00,23.963000952213168,23.987812129321814,23.61812047938001,23.883604049682617,150800,0.0,0.0
2024-09-26 00:00:00-04:00,23.98532829164542,24.434418696794786,23.925781093333224,24.072168350219727,181200,0.0,0.0
2024-09-27 00:00:00-04:00,24.188785212899283,25.027417010216066,24.022548243397033,24.667648315429688,127200,0.0,0.0
2024-09-30 00:00:00-04:00,24.63042976915021,25.181246591987037,24.4790810254693,24.69742202758789,494400,0.0,0.0
2024-10-01 00:00:00-04:00,24.543590838697042,24.655243976924897,23.80172584137261,23.920822143554688,80000,0.0,0.0
2024-10-02 00:00:00-04:00,23.881120910807137,24.02750817191986,23.36256033679872,23.44443702697754,83200,0.0,0.0
2024-10-03 00:00:00-04:00,23.322859622697322,23.436992538375247,22.858882904052734,22.858882904052734,64000,0.0,0.0
2024-10-04 00:00:00-04:00,23.139255748537835,24.07465049973689,23.074745178222656,24.06720733642578,127600,0.0,0.0
2024-10-07 00:00:00-04:00,24.067208685525934,25.746950149536133,24.067208685525934,25.746950149536133,328800,0.0,0.0
2024-10-08 00:00:00-04:00,25.80402001409928,26.409422627873298,25.36485627561299,25.7618408203125,166000,0.0,0.0
2024-10-09 00:00:00-04:00,25.714694750068382,26.282879571247033,25.5559009538318,25.84123420715332,79200,0.0,0.0
2024-10-10 00:00:00-04:00,25.665073862688953,25.836272310070893,25.218465102189374,25.41199493408203,78800,0.0,0.0
2024-10-11 00:00:00-04:00,25.39958979989172,26.389570324685387,25.39958979989172,26.22333335876465,103600,0.0,0.0
2024-10-14 00:00:00-04:00,26.54091888006281,27.09173566645094,26.40445457966168,26.555805206298828,130000,0.0,0.0
2024-10-15 00:00:00-04:00,26.71956397360688,27.004895339469652,26.337465802476885,26.724525451660156,105600,0.0,0.0
2024-10-16 00:00:00-04:00,27.213314235461468,27.30759746519435,26.694751739501953,26.694751739501953,154000,0.0,0.0
2024-10-17 00:00:00-04:00,26.927980959545536,27.119030997514876,26.689790253209768,26.818809509277344,133600,0.0,0.0
2024-10-18 00:00:00-04:00,26.860989002925702,26.908129668502614,26.548362891184446,26.588062286376953,96400,0.0,0.0
2024-10-21 00:00:00-04:00,26.70715675045588,26.80392166025692,26.384605789138188,26.73196792602539,113200,0.0,0.0
2024-10-22 00:00:00-04:00,26.69723190534158,26.883318561595782,26.134010458652934,26.297765731811523,73200,0.0,0.0
2024-10-23 00:00:00-04:00,26.16130463489742,26.29776705389481,25.63033750046285,25.890857696533203,96800,0.0,0.0
2024-10-24 00:00:00-04:00,26.158821097799144,26.158821097799144,25.364852137917985,25.476503372192383,116800,0.0,0.0
2024-10-25 00:00:00-04:00,25.588156309805957,25.77920634575751,25.139067764444544,25.230871200561523,68800,0.0,0.0
2024-10-28 00:00:00-04:00,25.5856776058802,26.057095662453136,25.29538095774201,25.90078353881836,106000,0.0,0.0
2024-10-29 00:00:00-04:00,25.80650204887798,26.483856523343704,25.67996257283485,26.377166748046875,79200,0.0,0.0
2024-10-30 00:00:00-04:00,26.414382117074933,26.7021970734122,25.942962177574756,26.196041107177734,137200,0.0,0.0
2024-10-31 00:00:00-04:00,29.27763656720611,29.424023841415803,25.034860799196817,25.404552459716797,262400,0.0,0.0
2024-11-01 00:00:00-04:00,25.42936470956163,25.647707626701497,24.553517034139052,24.856218338012695,304400,0.0,0.0
2024-11-04 00:00:00-05:00,24.99267956478733,27.315039313677534,24.719750952176657,26.79151725769043,259200,0.0,0.0
2024-11-05 00:00:00-05:00,26.744377013444527,27.498648559186467,26.689791286197774,27.158729553222656,157200,0.0,0.0
2024-11-06 00:00:00-05:00,29.317334825953374,30.431373135535438,28.659828227987752,30.374305725097656,207200,0.0,0.0
2024-11-07 00:00:00-05:00,30.518212631769604,30.76632818162139,29.290041417191837,29.34710693359375,163600,0.0,0.0
2024-11-08 00:00:00-05:00,29.516067893377034,30.065192251646735,29.16820578570639,29.583154678344727,152400,0.0425,0.0
2024-11-11 00:00:00-05:00,29.794357611382118,29.898715673758165,29.021607486067,29.84902000427246,124800,0.0,0.0
2024-11-12 00:00:00-05:00,29.89623192022472,30.8677609809614,29.844052886411948,30.104949951171875,140000,0.0,0.0
2024-11-13 00:00:00-05:00,30.28384736024293,30.934846417093357,30.09500950203567,30.20682144165039,97200,0.0,0.0
2024-11-14 00:00:00-05:00,30.37578432061535,30.82800451033777,29.983197041709055,30.117372512817383,143600,0.0,0.0
2024-11-15 00:00:00-05:00,30.286333413738397,30.42796275896458,29.771995065738476,30.015499114990234,88000,0.0,0.0
2024-11-18 00:00:00-05:00,30.062707766792983,31.45663959502911,30.062707766792983,31.34482765197754,174000,0.0,0.0
2024-11-19 00:00:00-05:00,31.071507628157423,33.34254764276079,31.064051855796002,33.21831130981445,179600,0.0,0.0
2024-11-20 00:00:00-05:00,33.29533792681512,33.51896181424436,32.5051966525992,33.34006118774414,209600,0.0,0.0
2024-11-21 00:00:00-05:00,33.496599826042996,35.2533034117961,33.47672155760059,33.9289436340332,190400,0.0,0.0
2024-11-22 00:00:00-05:00,34.30165741350145,34.75636291503906,33.78235037407372,34.75636291503906,116800,0.0,0.0
2024-11-25 00:00:00-05:00,35.40735646351611,35.40735646351611,33.63823221697048,34.127723693847656,175600,0.0,0.0
2024-11-26 00:00:00-05:00,34.040755169506696,34.48055284897986,33.63574351154377,33.859371185302734,112800,0.0,0.0
2024-11-27 00:00:00-05:00,33.96372964245114,34.259412724402246,32.808329459820165,33.27545928955078,93200,0.0,0.0
2024-11-29 00:00:00-05:00,33.357456728507024,33.70531695809474,33.357456728507024,33.44690704345703,72000,0.0,0.0
2024-12-02 00:00:00-05:00,33.342548504309946,34.17492968172338,32.71639630849129,34.020877838134766,154400,0.0,0.0
2024-12-03 00:00:00-05:00,34.04323943317925,34.5128526317051,33.03692814447535,34.015907287597656,136400,0.0,0.0
2024-12-04 00:00:00-05:00,33.886704020460954,34.386132723330036,33.31024560495748,33.9786376953125,108800,0.0,0.0
2024-12-05 00:00:00-05:00,34.18984354479115,34.76132769674223,33.295340347262965,33.75998306274414,151600,0.0,0.0
2024-12-06 00:00:00-05:00,33.79228136624775,34.04075402335251,33.42950961866237,33.66556167602539,91200,0.0,0.0
2024-12-09 00:00:00-05:00,33.752523879419144,33.752523879419144,31.819406964965705,32.21696472167969,125600,0.0,0.0
2024-12-10 00:00:00-05:00,31.938675264654627,32.8654810515566,31.25537731932541,32.64930725097656,95600,0.0,0.0
2024-12-11 00:00:00-05:00,33.06674198440982,33.51896025321957,32.38344217071906,32.425682067871094,267600,0.0,0.0
2024-12-12 00:00:00-05:00,32.351140958856355,33.106500000777004,32.28902279119673,32.674156188964844,98400,0.0,0.0
2024-12-13 00:00:00-05:00,32.552402551155254,32.9723219625878,31.28270897414338,31.58336067199707,76400,0.0,0.0
2024-12-16 00:00:00-05:00,31.436759938926272,34.31407567681431,31.088899733366006,33.70283126831055,182800,0.0,0.0
2024-12-17 00:00:00-05:00,33.648167049650624,33.648167049650624,32.14242334171135,33.06425857543945,80800,0.0,0.0
2024-12-18 00:00:00-05:00,33.27545847731877,34.3165595388868,30.465233273575944,30.537290573120117,134800,0.0,0.0
2024-12-19 00:00:00-05:00,31.01684313320477,31.608207391667502,30.167067076439267,30.905029296875,114000,0.0,0.0
2024-12-20 00:00:00-05:00,30.14718912224222,31.74238318836565,29.381892853418695,30.959693908691406,185200,0.0,0.0
2024-12-23 00:00:00-05:00,31.00690382010623,31.30755551462827,29.963317498867703,30.549713134765625,72800,0.0,0.0
2024-12-24 00:00:00-05:00,30.54971392466082,32.03557942512047,30.512444540831783,31.988372802734375,69600,0.0,0.0
2024-12-26 00:00:00-05:00,31.966007226525342,32.24429919287443,31.14604855941772,31.963523864746094,94000,0.0,0.0
2024-12-27 00:00:00-05:00,31.792077524812413,31.804501916652022,30.78079382875921,31.379613876342773,64800,0.0,0.0
2024-12-30 00:00:00-05:00,31.146047487716366,32.082788579880955,29.985680622873137,31.451669692993164,246400,0.0,0.0
2024-12-31 00:00:00-05:00,31.55602800117207,32.229390581850474,31.307555339745516,31.49390983581543,128400,0.0,0.0
2025-01-02 00:00:00-05:00,31.493909057945654,31.69765655945522,30.793216245857067,31.039203643798828,113600,0.0,0.0
2025-01-03 00:00:00-05:00,31.13362628740007,32.274114931964526,31.13362628740007,31.675296783447266,155200,0.0,0.0
2025-01-06 00:00:00-05:00,31.89146762873812,32.54991866533507,31.175865150178463,31.496395111083984,123200,0.0,0.0
2025-01-07 00:00:00-05:00,31.213137072501915,32.925111698669205,30.29875758324159,30.95720863342285,126800,0.0,0.0
2025-01-08 00:00:00-05:00,30.57953251866155,31.096356145778916,30.31615208563078,30.89012336730957,62000,0.0,0.0
2025-01-10 00:00:00-05:00,30.480141085652416,30.934846513468017,30.31366485657107,30.87272834777832,114800,0.0,0.0
2025-01-13 00:00:00-05:00,30.114885635284825,30.947270562884796,29.993134562673372,30.81557846069336,99600,0.0,0.0
2025-01-14 00:00:00-05:00,30.837942020549487,32.61700717817737,30.837942020549487,31.46906280517578,218400,0.0,0.0
2025-01-15 00:00:00-05:00,32.37102043205404,32.69900618936997,31.650449281249482,32.226905822753906,95200,0.0,0.0
2025-01-16 00:00:00-05:00,32.269145589412595,32.269145589412595,31.546091079711914,31.546091079711914,72400,0.0,0.0
2025-01-17 00:00:00-05:00,31.80698330369062,32.343685150146484,31.34482590794819,32.343685150146484,87200,0.0,0.0
2025-01-21 00:00:00-05:00,32.71639583900629,34.22959348174401,32.592159504632576,33.936397552490234,140800,0.0,0.0
2025-01-22 00:00:00-05:00,34.413462634189955,34.483034674110186,33.29533568939678,33.60344314575195,96000,0.0,0.0
2025-01-23 00:00:00-05:00,33.44193605361785,33.76743464769542,33.19843389636314,33.367393493652344,69600,0.0,0.0
2025-01-24 00:00:00-05:00,33.15370452687499,33.15370452687499,32.266659120313804,32.9698371887207,85200,0.0,0.0
2025-01-27 00:00:00-05:00,32.01321680641533,32.246781714911435,31.083929582947963,31.496395111083984,141600,0.0,0.0
2025-01-28 00:00:00-05:00,31.80450478040349,32.61452439662812,31.523731319089627,32.53501510620117,104400,0.0,0.0
2025-01-29 00:00:00-05:00,32.38344321776369,32.78348436418729,31.804501447387178,32.604583740234375,57200,0.0,0.0
2025-01-30 00:00:00-05:00,32.59961451328605,33.06426099812347,32.08527804264429,32.16975784301758,69600,0.0,0.0
2025-01-31 00:00:00-05:00,32.393379632176725,32.636885569990824,31.319979707158193,31.488941192626953,88800,0.0,0.0
2025-02-03 00:00:00-05:00,30.127309296308304,31.123685169603746,29.543398938570583,31.011871337890625,152800,0.0,0.0
2025-02-04 00:00:00-05:00,31.04666050962168,31.493912090486916,30.57953255514829,31.225561141967773,48800,0.0,0.0
2025-02-05 00:00:00-05:00,31.37961257945589,31.705111158683874,31.17089455849202,31.483970642089844,65600,0.0,0.0
2025-02-06 00:00:00-05:00,31.625599597025765,31.74983592598686,31.277737496795503,31.742382049560547,62400,0.0,0.0
2025-02-07 00:00:00-05:00,31.742383646596682,31.742383646596682,31.16095850773989,31.362220764160156,77600,0.0,0.0
2025-02-10 00:00:00-05:00,31.307558242259564,32.1101239514832,31.27028696045098,31.339859008789062,72400,0.0,0.0
2025-02-11 00:00:00-05:00,31.061568909909276,31.81692605181971,31.061568909909276,31.662872314453125,72800,0.0,0.0
2025-02-12 00:00:00-05:00,31.056598527835387,31.620632550966814,31.056598527835387,31.3597354888916,60800,0.0,0.0
2025-02-13 00:00:00-05:00,31.585846648794842,32.14739541656218,31.06156916085072,32.035579681396484,86000,0.0,0.0
2025-02-14 00:00:00-05:00,32.3014441008,33.04686204158769,31.42682121771528,32.14739227294922,112000,0.0,0.0
2025-02-18 00:00:00-05:00,32.351139470309285,32.99965326249195,31.255376028973853,31.446699142456055,106800,0.0,0.0
2025-02-19 00:00:00-05:00,31.40446104321655,31.40446104321655,30.681406549295943,30.773340225219727,86400,0.0,0.0
2025-02-20 00:00:00-05:00,30.810611296045398,31.640509109730584,29.80429621721066,31.39203643798828,100800,0.0,0.0
2025-02-21 00:00:00-05:00,31.854196819056178,31.854196819056178,30.512445863556845,30.912487030029297,124000,0.0,0.0
2025-02-24 00:00:00-05:00,30.94230164769385,30.94230164769385,29.779449462890625,29.779449462890625,165200,0.0,0.0
2025-02-25 00:00:00-05:00,29.81672180616289,30.293788900094423,29.458920537866174,29.963319778442383,91600,0.0,0.0
2025-02-26 00:00:00-05:00,29.96083377589234,31.141078910030632,29.96083377589234,30.810609817504883,111200,0.0,0.0
2025-02-27 00:00:00-05:00,30.842911160608953,30.90502932673128,30.06519240320793,30.259000778198242,114400,0.0,0.0
2025-02-28 00:00:00-05:00,30.065193564074345,31.46657929424824,30.01549978753612,30.460264205932617,122400,0.0,0.0
2025-03-03 00:00:00-05:00,30.621771745120597,30.62674226017938,28.919734311130785,29.135906219482422,160000,0.0,0.0
2025-03-04 00:00:00-05:00,28.69362398594615,29.816719589719348,27.82645302631071,29.25765609741211,143600,0.0,0.0
2025-03-05 00:00:00-05:00,29.297414163376175,30.388209060339015,28.636475934689145,29.521038055419922,271200,0.0,0.0
2025-03-06 00:00:00-05:00,32.19957229575758,36.02853703854689,31.33240321093502,33.29533767700195,555600,0.0,0.0
2025-03-07 00:00:00-05:00,32.95989493232065,33.80470420245294,31.620629419480316,32.76360321044922,215200,0.0,0.0
2025-03-10 00:00:00-04:00,31.80698511819569,32.301447096340816,29.37692460487837,30.69879913330078,438000,0.0,0.0
2025-03-11 00:00:00-04:00,30.721158926768954,30.810609234266042,29.55830682500269,30.0651912689209,187600,0.0,0.0
2025-03-12 00:00:00-04:00,30.517413784836716,31.05908429069427,29.48128318786621,29.48128318786621,109200,0.0,0.0
2025-03-13 00:00:00-04:00,29.60054973453173,29.60054973453173,27.582952782865824,27.632646560668945,162000,0.0,0.0
2025-03-14 00:00:00-04:00,27.878632725374352,28.191708819354645,27.327024992146633,27.74445915222168,135200,0.0,0.0
2025-03-17 00:00:00-04:00,27.62749788793709,28.24465055932513,27.361226808827887,27.816625595092773,111200,0.0425,0.0
2025-03-18 00:00:00-04:00,27.610077261873585,28.50843146204282,27.152191345261766,28.217275619506836,91200,0.0,0.0
2025-03-19 00:00:00-04:00,28.47110700084108,29.643197583968085,28.35414646752369,29.38190269470215,101200,0.0,0.0
2025-03-20 00:00:00-04:00,29.070836706539342,29.113141012503476,28.48603596967701,28.81700897216797,134800,0.0,0.0
2025-03-21 00:00:00-04:00,28.433778029647666,29.215171728135815,27.941051135752787,29.210193634033203,228000,0.0,0.0
2025-03-24 00:00:00-04:00,29.859695370614514,30.397215601452622,28.4860357227836,28.919036865234375,126000,0.0,0.0
2025-03-25 00:00:00-04:00,29.031023674373262,29.15793660200043,28.32428426222332,28.600509643554688,89600,0.0,0.0
2025-03-26 00:00:00-04:00,28.535804830880654,28.983738349674944,27.622520160513627,28.18990135192871,63600,0.0,0.0
2025-03-27 00:00:00-04:00,27.878838922168573,28.3317486685157,27.37367057800293,27.37367057800293,97600,0.0,0.0
2025-03-28 00:00:00-04:00,27.37366850370717,27.612565746454596,26.900850213471287,27.129793167114258,76000,0.0,0.0
2025-03-31 00:00:00-04:00,26.875964893489147,27.993307717179068,26.582320015931643,27.562795639038086,156400,0.0,0.0
2025-04-01 00:00:00-04:00,27.522979659115464,27.652383521783186,26.945644168240733,27.518003463745117,70000,0.0,0.0
2025-04-02 00:00:00-04:00,27.331366594742953,27.863908767700195,27.052652171146384,27.863908767700195,85200,0.0,0.0
2025-04-03 00:00:00-04:00,26.56490245576243,26.56490245576243,24.70349206189155,25.576961517333984,125600,0.0,0.0
2025-04-04 00:00:00-04:00,24.39740488402843,25.186263799646195,23.643385031659072,24.7034912109375,158000,0.0,0.0
2025-04-07 00:00:00-04:00,23.62098745774782,25.60682356018238,22.12290203903067,24.355100631713867,137600,0.0,0.0
2025-04-08 00:00:00-04:00,24.860267733787357,25.450044633097885,23.573705804858097,24.04901123046875,162800,0.0,0.0
2025-04-09 00:00:00-04:00,23.718038496539137,26.94066691927013,23.718038496539137,26.634578704833984,163600,0.0,0.0
2025-04-10 00:00:00-04:00,25.766088723675495,26.211533208870794,25.223592289600468,25.897979736328125,108800,0.0,0.0
2025-04-11 00:00:00-04:00,25.557051523048276,26.500199055168924,25.532166749618078,26.19162368774414,53600,0.0,0.0
2025-04-14 00:00:00-04:00,26.6072060296847,26.7515403776154,25.718806113552933,26.353378295898438,82000,0.0,0.0
2025-04-15 00:00:00-04:00,26.27623193991449,26.97052793112159,26.141853785500906,26.637067794799805,82400,0.0,0.0
2025-04-16 00:00:00-04:00,26.460384774533185,26.57983245084373,25.965168841628188,26.368309020996094,87600,0.0,0.0
2025-04-17 00:00:00-04:00,26.380752517453857,26.76149507320599,26.09954905970199,26.495223999023438,166800,0.0,0.0
2025-04-21 00:00:00-04:00,26.40812818599368,26.938181324405306,26.024896556411917,26.256328582763672,90400,0.0,0.0
2025-04-22 00:00:00-04:00,26.669418990725855,26.781403322477164,26.05226823694228,26.47531509399414,119600,0.0,0.0
2025-04-23 00:00:00-04:00,27.383622405774098,27.383622405774098,26.00747375785738,26.05475425720215,129600,0.0,0.0
2025-04-24 00:00:00-04:00,26.154297400404634,26.773937225341797,26.039825915781595,26.773937225341797,101600,0.0,0.0
2025-04-25 00:00:00-04:00,26.51513195684971,27.26417371426176,26.243882794970137,27.159656524658203,140000,0.0,0.0
2025-04-28 00:00:00-04:00,27.19698666691572,27.249245265622125,26.51762108655905,26.696794509887695,181200,0.0,0.0
2025-04-29 00:00:00-04:00,26.637069253178097,27.08748993613748,26.380752468983825,26.726655960083008,180400,0.0,0.0
2025-04-30 00:00:00-04:00,26.512643008436292,26.542505876399694,25.67650169132658,26.228952407836914,140800,0.0,0.0
2025-05-01 00:00:00-04:00,25.611799408055088,27.015321907075254,23.63591952033466,25.03695297241211,276000,0.0,0.0
2025-05-02 00:00:00-04:00,25.38783534071523,26.189137668474807,24.812988844099333,25.201196670532227,149600,0.0,0.0
2025-05-05 00:00:00-04:00,24.885154820330797,25.499818448166828,24.820452886193678,25.360462188720703,170000,0.0,0.0
2025-05-06 00:00:00-04:00,24.92248213462434,26.99541592047359,24.92248213462434,26.48278045654297,166000,0.0,0.0
2025-05-07 00:00:00-04:00,26.306095657235794,26.567390529614503,25.397787170617608,25.753644943237305,160400,0.0,0.0
2025-05-08 00:00:00-04:00,26.211532549753542,26.485268857622888,25.567006088989064,26.209043502807617,80400,0.0,0.0
2025-05-09 00:00:00-04:00,26.209043935518473,26.75651656029593,25.63170844265647,26.70425796508789,112400,0.0,0.0
2025-05-12 00:00:00-04:00,26.74663010831899,27.58659114622352,26.70425867744286,27.347314834594727,118400,0.0425,0.0
2025-05-13 00:00:00-04:00,27.581606205570655,28.159857749597993,27.167856288772278,27.3697452545166,226400,0.0,0.0
2025-05-14 00:00:00-04:00,27.367254305351903,28.08259022560834,26.856298446655273,26.856298446655273,115200,0.0,0.0
2025-05-15 00:00:00-04:00,26.83137349061256,27.61899107148406,26.355311986663818,27.48689079284668,98400,0.0,0.0
2025-05-16 00:00:00-04:00,27.40463991333777,27.646409216718293,26.818911275159657,27.055696487426758,173200,0.0,0.0
2025-05-19 00:00:00-04:00,26.821403772293007,26.946026965398506,26.355312345502803,26.91611671447754,140800,0.0,0.0
2025-05-20 00:00:00-04:00,26.841344244397625,27.24761517395972,26.69179488969346,27.162872314453125,226000,0.0,0.0
2025-05-21 00:00:00-04:00,26.74164558500266,27.167856686479396,26.245645798128432,26.696781158447266,125200,0.0,0.0
2025-05-22 00:00:00-04:00,26.464980448296142,26.639452151967756,25.742165572972837,26.07366371154785,82000,0.0,0.0
2025-05-23 00:00:00-04:00,25.78204824000521,26.684318991523984,25.78204824000521,26.163394927978516,397200,0.0,0.0
2025-05-27 00:00:00-04:00,26.464981730178938,27.02578610691428,26.170870914315994,26.906147003173828,204400,0.0,0.0
2025-05-28 00:00:00-04:00,26.828882436637002,26.848822605089737,26.40516431581158,26.619516372680664,522400,0.0,0.0
2025-05-29 00:00:00-04:00,26.332882984734756,27.616502346717976,25.924119033964057,27.576622009277344,876400,0.0,0.0
2025-05-30 00:00:00-04:00,27.32488119241327,27.551696321253605,26.43756464793691,27.46196746826172,1271600,0.0,0.0
2025-06-02 00:00:00-04:00,27.322390312431544,27.322390312431544,26.609545475614073,26.793987274169922,396800,0.0,0.0
2025-06-03 00:00:00-04:00,26.838851433425948,27.150409421879722,26.10606643607097,26.69927406311035,458000,0.0,0.0
2025-06-04 00:00:00-04:00,26.826389673438275,26.99587730356198,25.64745525200651,25.697303771972656,226000,0.0,0.0
2025-06-05 00:00:00-04:00,25.797001819544164,26.432580885882707,25.70976596182687,25.772077560424805,261200,0.0,0.0
2025-06-06 00:00:00-04:00,26.17336472039966,26.27555475449033,25.752137700330586,26.27306365966797,582800,0.0,0.0
2025-06-09 00:00:00-04:00,26.539758267595438,26.686812735032813,26.17585683978262,26.4998779296875,371600,0.0,0.0
2025-06-10 00:00:00-04:00,26.524800713078207,26.841344697398764,26.096096612435637,26.793987274169922,476800,0.0,0.0
2025-06-11 00:00:00-04:00,26.90614634631078,26.918609426129144,26.021322825577972,26.362789154052734,343200,0.0,0.0
2025-06-12 00:00:00-04:00,26.25063005495922,26.494892356991357,26.121022767202764,26.437564849853516,258400,0.0,0.0
2025-06-13 00:00:00-04:00,26.063695707641976,26.579635674346218,25.672378939674015,26.17087173461914,334000,0.0,0.0
2025-06-16 00:00:00-04:00,26.280540268354716,26.544740836241285,25.998890627435046,26.38771629333496,244000,0.0,0.0
2025-06-17 00:00:00-04:00,26.31792671203665,26.779034077675156,26.073666302622968,26.46249008178711,446400,0.0,0.0
2025-06-18 00:00:00-04:00,26.407654499177163,27.015816304800264,26.08114233382987,26.083635330200195,378800,0.0,0.0
2025-06-20 00:00:00-04:00,26.342852346626877,26.342852346626877,24.520859888759265,24.847373962402344,490400,0.0,0.0
2025-06-23 00:00:00-04:00,24.87728144979129,25.099110583625595,24.42365309838194,25.074186325073242,305200,0.0,0.0
2025-06-24 00:00:00-04:00,25.301001365894386,25.420638567180138,24.3089999054383,24.9744873046875,367600,0.0,0.0
2025-06-25 00:00:00-04:00,25.049261654423987,25.360819635200404,24.204316562686262,25.0343074798584,411200,0.0,0.0
2025-06-26 00:00:00-04:00,25.049262840235595,25.595113056907664,24.590650383589892,25.56270980834961,530800,0.0,0.0
2025-06-27 00:00:00-04:00,25.73219597189712,25.968981176001876,25.19133177878041,25.754629135131836,502000,0.0,0.0
2025-06-30 00:00:00-04:00,25.754630064849056,26.72170537834603,25.47048933094533,26.64693260192871,632000,0.0,0.0
2025-07-01 00:00:00-04:00,26.66936236944896,27.357282903202076,26.240658296263668,26.686809539794922,941600,0.0,0.0
2025-07-02 00:00:00-04:00,26.764075514782157,27.247614098957392,25.45553202394002,27.140438079833984,634400,0.0,0.0
2025-07-03 00:00:00-04:00,27.16037977943645,27.98289173628463,26.853805879004568,27.965444564819336,124800,0.0,0.0
2025-07-07 00:00:00-04:00,27.683795643771212,28.11499272244213,27.591573797618743,27.79346466064453,278800,0.0,0.0
2025-07-08 00:00:00-04:00,27.99037035260771,28.100037471100645,27.614007771327636,27.975414276123047,232800,0.0,0.0
2025-07-09 00:00:00-04:00,28.257064817764434,28.979877850478687,27.89814939623524,28.96990966796875,156400,0.0,0.0
2025-07-10 00:00:00-04:00,28.86522414776984,28.86522414776984,27.880701656640948,28.01778793334961,393200,0.0,0.0
2025-07-11 00:00:00-04:00,27.9006430007289,27.955477513724155,26.96347599164422,26.968460083007812,405600,0.0,0.0
2025-07-14 00:00:00-04:00,26.968459536348227,27.367255294921232,26.896179754245956,27.237646102905273,420800,0.0,0.0
2025-07-15 00:00:00-04:00,27.466950150048103,27.484397320479136,26.542246314005393,26.83635711669922,376400,0.0,0.0
2025-07-16 00:00:00-04:00,27.005846525268808,27.292480259916516,25.752137462333977,26.33038902282715,199600,0.0,0.0
2025-07-17 00:00:00-04:00,26.3702680973717,26.70675033429754,25.75213623046875,25.75213623046875,168000,0.0,0.0
2025-07-18 00:00:00-04:00,25.966488124542984,26.01135254931808,24.862326577421605,25.14397430419922,219600,0.0,0.0
2025-07-21 00:00:00-04:00,25.18634838167704,25.333402838492994,24.66043834849628,24.665422439575195,162400,0.0,0.0
2025-07-22 00:00:00-04:00,24.63800520505937,24.929623024192985,24.461040496826172,24.461040496826172,162800,0.0,0.0
2025-07-23 00:00:00-04:00,24.59812702501669,25.198809840661593,24.52335234680739,25.116558074951172,129600,0.0,0.0
2025-07-24 00:00:00-04:00,25.191334268731488,25.191334268731488,24.40371661177743,24.466028213500977,108400,0.0,0.0
2025-07-25 00:00:00-04:00,24.620557179167083,24.80250787376594,24.29902911989993,24.687854766845703,182400,0.0,0.0
2025-07-28 00:00:00-04:00,24.80001480132762,25.3134617354364,24.78256763079768,25.14896011352539,115200,0.0,0.0
2025-07-29 00:00:00-04:00,25.375775292622798,25.764600968440476,25.036800037601804,25.198810577392578,176000,0.0,0.0
2025-07-30 00:00:00-04:00,25.301002221448712,25.86679070435926,25.301002221448712,25.30847930908203,190800,0.0,0.0
2025-07-31 00:00:00-04:00,28.164841748900333,30.906552007642844,27.050710094046394,29.411073684692383,728800,0.0,0.0
2025-08-01 00:00:00-04:00,29.072100458497946,29.406091629241704,27.491879167292904,27.728662490844727,666400,0.0,0.0
2025-08-04 00:00:00-04:00,27.7286610128199,28.21219962011695,26.417624463046927,26.749122619628906,350400,0.0,0.0
2025-08-05 00:00:00-04:00,26.79149464017623,26.980922434054754,26.011354103333048,26.88620948791504,174800,0.0,0.0
2025-08-06 00:00:00-04:00,27.701243246004452,27.701243246004452,26.569664422999534,27.068157196044922,98400,0.0,0.0
2025-08-07 00:00:00-04:00,27.14293194962509,28.349283551048906,27.14293194962509,28.289464950561523,150400,0.0,0.0
2025-08-08 00:00:00-04:00,28.1947535325423,28.925045562677536,28.1947535325423,28.655858993530273,145200,0.0,0.0
2025-08-11 00:00:00-04:00,28.70578167061754,29.694258793528128,28.70578167061754,29.624366760253906,319200,0.0425,0.0
2025-08-12 00:00:00-04:00,29.85900573073963,31.561383303851812,29.581932383267574,31.17447853088379,608000,0.0,0.0
2025-08-13 00:00:00-04:00,31.196946398861364,32.529894175005424,31.17448001329838,32.08308029174805,321200,0.0,0.0
2025-08-14 00:00:00-04:00,31.925821614745157,32.265296929751734,30.854970932006836,30.854970932006836,215600,0.0,0.0
2025-08-15 00:00:00-04:00,30.897405614097554,30.897405614097554,29.397215958450506,29.6418399810791,308400,0.0,0.0
2025-08-18 00:00:00-04:00,29.646831747838895,30.131086421547565,29.15509081833996,29.352285385131836,150000,0.0,0.0
2025-08-19 00:00:00-04:00,29.529513468196125,30.086154948937033,29.34979000923249,29.616878509521484,222400,0.0,0.0
2025-08-20 00:00:00-04:00,29.52951381114807,30.51549425432759,28.892993537328575,29.01780128479004,266000,0.0,0.0
2025-08-21 00:00:00-04:00,29.067722165053876,29.6692963917848,28.793145515284216,29.36726188659668,308400,0.0,0.0
2025-08-22 00:00:00-04:00,29.64932838465034,31.201937078376783,29.64932838465034,30.917375564575195,153200,0.0,0.0
2025-08-25 00:00:00-04:00,30.91737552448769,31.094602298333264,30.50301288650486,30.60036277770996,114800,0.0,0.0
2025-08-26 00:00:00-04:00,30.667760034096975,31.266837606223568,30.55543382250485,30.75762176513672,126000,0.0,0.0
2025-08-27 00:00:00-04:00,30.577897241932597,31.14702024915767,30.577897241932597,31.1395320892334,94000,0.0,0.0
2025-08-28 00:00:00-04:00,31.13204437654023,31.731121936483547,30.777590835989162,31.019716262817383,149200,0.0,0.0
2025-08-29 00:00:00-04:00,31.179471676575833,31.206927628331698,30.66775916184339,30.84248924255371,106800,0.0,0.0
2025-09-02 00:00:00-04:00,30.6078513671164,31.27182756498616,30.45308908127788,31.104585647583008,143200,0.0,0.0
2025-09-03 00:00:00-04:00,31.05715868166003,31.45155161130586,30.715186680584956,31.30927085876465,101200,0.0,0.0
2025-09-04 00:00:00-04:00,31.45155076249819,32.801971435546875,31.34171934089889,32.801971435546875,206400,0.0,0.0
2025-09-05 00:00:00-04:00,33.06407144916283,33.31368695401922,32.10055544806395,32.103050231933594,173600,0.0,0.0
2025-09-08 00:00:00-04:00,32.10304830044293,32.17543511661076,31.60381732076655,31.631275177001953,136800,0.0,0.0
2025-09-09 00:00:00-04:00,31.631274422110607,31.88338659406665,31.08711259107336,31.256851196289062,152000,0.0,0.0
2025-09-10 00:00:00-04:00,31.46403410035785,31.820984336583532,31.224401547796255,31.701168060302734,131600,0.0,0.0
2025-09-11 00:00:00-04:00,31.88588245221447,32.784497843584646,31.88588245221447,32.597286224365234,137200,0.0,0.0
2025-09-12 00:00:00-04:00,32.72209371087482,33.01664197003459,32.290259979107574,32.88933563232422,149600,0.0,0.0
2025-09-15 00:00:00-04:00,32.88933751224384,33.333652805689304,32.58979966851426,33.04410171508789,143200,0.0,0.0
2025-09-16 00:00:00-04:00,33.061570400775935,33.18138476773516,32.504928932763875,33.15892028808594,103200,0.0,0.0
2025-09-17 00:00:00-04:00,33.30120371198843,33.42351286545441,32.49244814648309,32.594791412353516,130000,0.0,0.0
2025-09-18 00:00:00-04:00,32.814454153350965,33.58576510714113,32.814454153350965,33.525856018066406,139600,0.0,0.0
2025-09-19 00:00:00-04:00,33.610725518178064,33.610725518178064,32.97919860850998,32.99168014526367,177200,0.0,0.0
2025-09-22 00:00:00-04:00,32.95174111835065,34.0824990401238,32.95174111835065,33.96518325805664,165600,0.0,0.0
2025-09-23 00:00:00-04:00,34.40450534626021,35.61014868668949,34.31214882867871,35.23822021484375,304800,0.0,0.0
2025-09-24 00:00:00-04:00,35.51529116634039,35.67005154937061,34.6840711380228,34.72900390625,286800,0.0,0.0
2025-09-25 00:00:00-04:00,34.30465379719592,34.35707472420052,32.86437521117719,33.106502532958984,158800,0.0,0.0
2025-09-26 00:00:00-04:00,33.223823513561626,33.96767661335732,33.223823513561626,33.847862243652344,194400,0.0,0.0
2025-09-29 00:00:00-04:00,33.9127616685103,34.5392951965332,33.84786301028979,34.5392951965332,196800,0.0,0.0
2025-09-30 00:00:00-04:00,34.21978841607826,34.87877319210583,33.236302724157724,33.65815353393555,484800,0.0,0.0
2025-10-01 00:00:00-04:00,33.32366970168883,34.35208435680289,32.894330731162896,34.28968048095703,242000,0.0,0.0
2025-10-02 00:00:00-04:00,34.504346557296536,34.696551542385,33.78295797614259,34.324623107910156,199600,0.0,0.0
2025-10-03 00:00:00-04:00,34.61917132474482,35.15334829641506,34.47938726618886,34.9461669921875,199600,0.0,0.0
2025-10-06 00:00:00-04:00,35.29562984453865,36.19924053604544,35.11590638152239,35.79486083984375,203600,0.0,0.0
2025-10-07 00:00:00-04:00,36.03199629919512,36.03199629919512,33.87531869012311,34.0450553894043,157200,0.0,0.0
2025-10-08 00:00:00-04:00,34.20481048960148,34.43944966098357,33.49590340798376,34.15488815307617,132000,0.0,0.0
2025-10-09 00:00:00-04:00,34.219788453891915,34.219788453891915,32.52989423789074,32.717105865478516,192800,0.0,0.0
2025-10-10 00:00:00-04:00,32.846899624279104,33.02912166440265,32.11552810668945,32.11552810668945,196400,0.0,0.0
2025-10-13 00:00:00-04:00,32.801972604794166,33.303698370806224,32.350169175244034,33.211341857910156,136000,0.0,0.0
2025-10-14 00:00:00-04:00,32.60727399463788,34.11744472307443,32.25282044157998,33.93772506713867,164000,0.0,0.0
2025-10-15 00:00:00-04:00,34.12493433777013,35.01356484734138,34.12493433777013,34.996089935302734,239200,0.0,0.0
2025-10-16 00:00:00-04:00,34.93368580770692,35.00607643014901,33.41352844238281,33.41352844238281,190400,0.0,0.0
2025-10-17 00:00:00-04:00,33.056578437501535,33.30369915069569,31.401630282494708,31.54890251159668,252400,0.0,0.0
2025-10-20 00:00:00-04:00,31.888379173763482,33.026625210396546,31.888379173763482,32.59978485107422,100800,0.0,0.0
2025-10-21 00:00:00-04:00,32.34766882757217,32.999165376451444,32.15796243577783,32.44002914428711,86000,0.0,0.0
2025-10-22 00:00:00-04:00,32.16794822520828,32.562341171765645,31.79103019186718,32.362648010253906,91200,0.0,0.0
2025-10-23 00:00:00-04:00,32.509921112206214,33.15891906743861,31.701165595135794,32.74705505371094,94800,0.0,0.0
2025-10-24 00:00:00-04:00,33.26875270835777,33.29621056502849,32.786996633570936,32.926780700683594,74400,0.0,0.0
2025-10-27 00:00:00-04:00,33.308691900931066,33.411035166890244,32.40258644508345,32.597286224365234,72000,0.0,0.0
2025-10-28 00:00:00-04:00,32.62225063349214,33.98265436044926,32.5273955237096,33.336151123046875,138000,0.0,0.0
2025-10-29 00:00:00-04:00,33.63319390676625,33.7055807260221,32.31023099242032,33.31368637084961,184000,0.0,0.0
2025-10-30 00:00:00-04:00,32.38511436018104,32.65220094825162,29.309849760056494,30.640300750732422,277200,0.0,0.0
2025-10-31 00:00:00-04:00,30.702705395756634,30.702705395756634,26.77625288403147,27.7272891998291,332400,0.0,0.0
2025-11-03 00:00:00-05:00,27.747259594487737,29.82655523967876,27.747259594487737,29.197525024414062,225200,0.0,0.0
2025-11-04 00:00:00-05:00,28.927939994996166,28.927939994996166,27.924486528060534,28.26895523071289,181600,0.0,0.0
2025-11-05 00:00:00-05:00,28.373792029622756,28.71576593335904,27.822142030338995,28.166610717773438,128800,0.0,0.0
2025-11-06 00:00:00-05:00,27.849599592037663,27.951942855031728,27.347871933829595,27.360353469848633,112800,0.0,0.0
2025-11-07 00:00:00-05:00,27.360354355954296,27.764732140438294,27.307935330923698,27.59000015258789,109600,0.0,0.0
2025-11-10 00:00:00-05:00,27.852500915527344,28.375,26.7450008392334,26.905000686645508,146000,0.0425,0.0
2025-11-11 00:00:00-05:00,26.702499389648438,27.02750015258789,26.362499237060547,26.767499923706055,170400,0.0,0.0
2025-11-12 00:00:00-05:00,27.0049991607666,27.75,26.770000457763672,27.657499313354492,160000,0.0,0.0
2025-11-13 00:00:00-05:00,27.677499771118164,27.844999313354492,27.09000015258789,27.625,210000,0.0,0.0
2025-11-14 00:00:00-05:00,27.334999084472656,28.137500762939453,26.927499771118164,27.325000762939453,202800,0.0,0.0
2025-11-17 00:00:00-05:00,27.18000030517578,27.479999542236328,25.84000015258789,25.860000610351562,240400,0.0,0.0
2025-11-18 00:00:00-05:00,25.850000381469727,26.110000610351562,25.377500534057617,25.985000610351562,121200,0.0,0.0
2025-11-19 00:00:00-05:00,25.875,26.227500915527344,25.5,25.912500381469727,100800,0.0,0.0
2025-11-20 00:00:00-05:00,26.397499084472656,26.764999389648438,25.135000228881836,25.147499084472656,168400,0.0,0.0
2025-11-21 00:00:00-05:00,25.19499969482422,26.280000686645508,25.0,26.2450008392334,150800,0.0,0.0
2025-11-24 00:00:00-05:00,26.647499084472656,27.15999984741211,24.795000076293945,25.579999923706055,482400,0.0,0.0
2025-11-25 00:00:00-05:00,24.40250015258789,25.422500610351562,23.0575008392334,25.290000915527344,387600,0.0,0.0
2025-11-26 00:00:00-05:00,25.165000915527344,25.75,24.96500015258789,25.0049991607666,220400,0.0,0.0
2025-11-28 00:00:00-05:00,25.065000534057617,25.524999618530273,25.0,25.264999389648438,296800,0.0,0.0
2025-12-01 00:00:00-05:00,24.700000762939453,25.77750015258789,24.700000762939453,25.407499313354492,222400,0.0,0.0
2025-12-02 00:00:00-05:00,25.447500228881836,26.0,25.177499771118164,25.75,156000,0.0,0.0
2025-12-03 00:00:00-05:00,25.797500610351562,26.65250015258789,25.420000076293945,26.577499389648438,192800,0.0,0.0
2025-12-04 00:00:00-05:00,26.780000686645508,26.915000915527344,26.149999618530273,26.895000457763672,114000,0.0,0.0
2025-12-05 00:00:00-05:00,26.907499313354492,27.549999237060547,26.532499313354492,27.417499542236328,165600,0.0,0.0
2025-12-08 00:00:00-05:00,27.40999984741211,27.802499771118164,27.274999618530273,27.672500610351562,202400,0.0,0.0
2025-12-09 00:00:00-05:00,27.647499084472656,28.0,26.514999389648438,27.012500762939453,186800,0.0,0.0
2025-12-10 00:00:00-05:00,27.0,27.552499771118164,26.737499237060547,27.524999618530273,202400,0.0,0.0
2025-12-11 00:00:00-05:00,27.397499084472656,27.982500076293945,27.147499084472656,27.452499389648438,149200,0.0,0.0
2025-12-12 00:00:00-05:00,27.329999923706055,27.790000915527344,26.8174991607666,26.979999542236328,182400,0.0,0.0
2025-12-15 00:00:00-05:00,27.110000610351562,27.497499465942383,26.46500015258789,27.135000228881836,422000,0.0,0.0
2025-12-16 00:00:00-05:00,27.700000762939453,27.947500228881836,27.475000381469727,27.827499389648438,445600,0.0,0.0
2025-12-17 00:00:00-05:00,27.700000762939453,28.3700008392334,27.142499923706055,27.272499084472656,360800,0.0,0.0
2025-12-18 00:00:00-05:00,27.672500610351562,27.787500381469727,26.74250030517578,26.950000762939453,343200,0.0,0.0
2025-12-19 00:00:00-05:00,26.837499618530273,27.489999771118164,26.61750030517578,26.954999923706055,557200,0.0,0.0
2025-12-22 00:00:00-05:00,27.252500534057617,27.625,26.497499465942383,26.707500457763672,508800,0.0,0.0
2025-12-23 00:00:00-05:00,26.475000381469727,27.217500686645508,26.3174991607666,27.012500762939453,676000,0.0,0.0
2025-12-24 00:00:00-05:00,26.782499313354492,26.950000762939453,25.475000381469727,26.329999923706055,335200,0.0,0.0
2025-12-26 00:00:00-05:00,26.280000686645508,26.579999923706055,25.9375,26.02750015258789,258400,0.0,0.0
2025-12-29 00:00:00-05:00,26.107500076293945,26.485000610351562,25.72249984741211,26.170000076293945,199200,0.0,0.0
2025-12-30 00:00:00-05:00,26.209999084472656,26.209999084472656,25.350000381469727,25.857500076293945,606000,0.0,0.0
2025-12-31 00:00:00-05:00,25.802499771118164,25.97249984741211,25.3174991607666,25.697500228881836,706400,0.0,0.0
2026-01-02 00:00:00-05:00,25.790000915527344,26.1299991607666,24.790000915527344,25.13249969482422,517200,0.0,0.0
2026-01-05 00:00:00-05:00,25.270000457763672,27.2450008392334,25.229999542236328,27.137500762939453,478400,0.0,0.0
2026-01-06 00:00:00-05:00,26.822500228881836,27.790000915527344,26.0049991607666,27.657499313354492,661600,0.0,0.0
2026-01-07 00:00:00-05:00,27.610000610351562,28.149999618530273,27.610000610351562,27.887500762939453,248000,0.0,0.0
2026-01-08 00:00:00-05:00,28.06999969482422,29.012500762939453,27.987499237060547,29.012500762939453,251600,0.0,0.0
2026-01-09 00:00:00-05:00,29.200000762939453,29.899999618530273,28.97249984741211,29.850000381469727,290400,0.0,0.0
2026-01-12 00:00:00-05:00,29.747499465942383,29.842500686645508,28.594999313354492,29.565000534057617,321600,0.0,0.0
2026-01-13 00:00:00-05:00,29.75749969482422,30.767499923706055,29.352500915527344,30.559999465942383,460800,0.0,0.0
2026-01-14 00:00:00-05:00,30.704999923706055,30.927499771118164,29.834999084472656,30.56999969482422,286400,0.0,0.0
2026-01-15 00:00:00-05:00,30.690000534057617,32.45750045776367,30.575000762939453,31.877500534057617,251600,0.0,0.0
2026-01-16 00:00:00-05:00,31.88249969482422,32.0,31.325000762939453,31.889999389648438,264800,0.0,0.0
2026-01-20 00:00:00-05:00,31.375,31.612499237060547,29.967500686645508,29.975000381469727,192400,0.0,0.0
2026-01-21 00:00:00-05:00,30.36750030517578,30.522499084472656,29.00749969482422,30.1299991607666,248000,0.0,0.0
2026-01-22 00:00:00-05:00,30.49250030517578,30.792499542236328,30.049999237060547,30.110000610351562,248000,0.0,0.0
2026-01-23 00:00:00-05:00,30.110000610351562,30.110000610351562,29.232500076293945,29.674999237060547,178000,0.0,0.0
2026-01-26 00:00:00-05:00,29.65999984741211,30.139999389648438,29.172500610351562,29.397499084472656,243200,0.0,0.0
2026-01-27 00:00:00-05:00,29.44499969482422,30.2549991607666,28.75,29.795000076293945,354000,0.0,0.0
2026-01-28 00:00:00-05:00,29.950000762939453,30.149999618530273,29.572500228881836,30.082500457763672,142800,0.0,0.0
2026-01-29 00:00:00-05:00,30.322500228881836,30.8174991607666,29.737499237060547,30.8174991607666,171200,0.0,0.0
2026-01-30 00:00:00-05:00,30.337499618530273,30.9325008392334,29.467500686645508,29.647499084472656,415600,0.0,0.0
2026-02-02 00:00:00-05:00,29.81999969482422,30.112499237060547,29.582500457763672,29.864999771118164,191200,0.0,0.0
2026-02-03 00:00:00-05:00,29.762500762939453,30.412500381469727,29.34749984741211,30.032499313354492,166400,0.0,0.0
2026-02-04 00:00:00-05:00,30.24250030517578,30.262500762939453,29.540000915527344,29.967500686645508,141200,0.0,0.0
2026-02-05 00:00:00-05:00,29.967500686645508,30.235000610351562,29.479999542236328,29.674999237060547,155200,0.0,0.0
2026-02-06 00:00:00-05:00,30.204999923706055,31.22249984741211,30.1924991607666,30.662500381469727,178800,0.0,0.0
2026-02-09 00:00:00-05:00,30.662500381469727,30.799999237060547,29.93000030517578,30.045000076293945,299600,0.0,0.0
2026-02-10 00:00:00-05:00,30.024999618530273,30.127500534057617,29.334999084472656,29.337499618530273,198400,0.0,0.0
2026-02-11 00:00:00-05:00,29.5049991607666,29.75,28.5575008392334,29.05500030517578,308800,0.0,0.0
2026-02-12 00:00:00-05:00,29.417499542236328,31.22249984741211,28.770000457763672,29.139999389648438,260000,0.0,0.0
2026-02-13 00:00:00-05:00,29.372499465942383,30.517499923706055,29.147499084472656,30.262500762939453,184800,0.0,0.0
2026-02-17 00:00:00-05:00,30.18000030517578,30.387500762939453,29.219999313354492,29.357500076293945,171600,0.0,0.0
2026-02-18 00:00:00-05:00,29.282499313354492,29.737499237060547,28.827499389648438,29.520000457763672,320400,0.0,0.0
2026-02-19 00:00:00-05:00,29.174999237060547,29.8174991607666,29.174999237060547,29.670000076293945,233200,0.0,0.0
2026-02-20 00:00:00-05:00,29.610000610351562,30.1299991607666,29.5049991607666,29.625,324400,0.0,0.0
2026-02-23 00:00:00-05:00,29.610000610351562,29.899999618530273,27.112499237060547,27.197500228881836,416800,0.0,0.0
2026-02-24 00:00:00-05:00,27.25,27.987499237060547,24.760000228881836,24.9424991607666,410800,0.0,0.0
2026-02-25 00:00:00-05:00,25.389999389648438,25.389999389648438,22.81999969482422,23.247499465942383,460000,0.0,0.0
2026-02-26 00:00:00-05:00,23.0,23.0,20.020000457763672,22.50749969482422,457200,0.0,0.0
2026-02-27 00:00:00-05:00,22.385000228881836,24.112499237060547,22.385000228881836,23.670000076293945,337200,0.0,0.0
2026-03-02 00:00:00-05:00,23.040000915527344,24.010000228881836,22.184999465942383,22.190000534057617,438800,0.0,0.0
2026-03-03 00:00:00-05:00,22.190000534057617,22.524999618530273,21.280000686645508,22.334999084472656,436800,0.0,0.0
2026-03-04 00:00:00-05:00,22.477500915527344,23.372499465942383,22.440000534057617,22.645000457763672,348800,0.0,0.0
2026-03-05 00:00:00-05:00,22.59000015258789,23.457500457763672,22.15250015258789,22.4325008392334,340400,0.0,0.0
2026-03-06 00:00:00-05:00,21.982500076293945,22.032499313354492,21.31999969482422,21.780000686645508,299200,0.0,0.0
2026-03-09 00:00:00-04:00,21.252500534057617,21.397499084472656,20.1924991607666,21.014999389648438,208000,0.0,0.0
2026-03-10 00:00:00-04:00,20.940000534057617,21.74250030517578,20.790000915527344,21.190000534057617,445600,0.0,0.0
2026-03-11 00:00:00-04:00,20.872499465942383,21.225000381469727,20.165000915527344,20.512500762939453,249600,0.0,0.0
2026-03-12 00:00:00-04:00,20.375,20.752500534057617,19.857500076293945,20.077499389648438,326400,0.0,0.0
2026-03-13 00:00:00-04:00,20.15999984741211,20.647499084472656,19.815000534057617,20.135000228881836,237600,0.0,0.0
2026-03-16 00:00:00-04:00,20.22249984741211,20.93000030517578,20.0625,20.079999923706055,434400,0.0,0.0
2026-03-17 00:00:00-04:00,20.0625,20.3075008392334,19.645000457763672,19.982500076293945,384400,0.0,0.0
2026-03-18 00:00:00-04:00,19.950000762939453,20.079999923706055,19.174999237060547,19.350000381469727,432400,0.0,0.0
2026-03-19 00:00:00-04:00,19.287500381469727,19.719999313354492,18.957500457763672,19.454999923706055,436000,0.0,0.0
2026-03-20 00:00:00-04:00,19.462499618530273,19.780000686645508,18.905000686645508,19.637500762939453,397600,0.0,0.0
2026-03-23 00:00:00-04:00,20.639999389648438,21.049999237060547,19.90999984741211,20.010000228881836,291100,0.0,4.0
2026-03-24 00:00:00-04:00,19.760000228881836,20.760000228881836,19.6200008392334,19.760000228881836,302000,0.0,0.0
2026-03-25 00:00:00-04:00,20.010000228881836,20.899999618530273,19.450000762939453,20.81999969482422,303800,0.0,0.0
2026-03-26 00:00:00-04:00,20.81999969482422,21.18000030517578,19.760000228881836,20.0,185000,0.0,0.0
2026-03-27 00:00:00-04:00,19.90999984741211,20.329999923706055,19.540000915527344,19.59000015258789,160900,0.0,0.0
2026-03-30 00:00:00-04:00,19.59000015258789,19.940000534057617,19.200000762939453,19.389999389648438,182000,0.0,0.0
2026-03-31 00:00:00-04:00,19.56999969482422,19.950000762939453,19.15999984741211,19.81999969482422,197700,0.0,0.0
2026-04-01 00:00:00-04:00,20.170000076293945,20.59000015258789,19.729999542236328,20.309999465942383,192800,0.0,0.0
2026-04-02 00:00:00-04:00,20.18000030517578,20.799999237060547,19.43000030517578,20.65999984741211,164100,0.0,0.0
2026-04-06 00:00:00-04:00,20.65999984741211,21.059999465942383,20.309999465942383,20.780000686645508,97200,0.0,0.0
2026-04-07 00:00:00-04:00,20.770000457763672,21.360000610351562,20.3799991607666,20.899999618530273,115700,0.0,0.0
2026-04-08 00:00:00-04:00,21.959999084472656,22.510000228881836,20.950000762939453,21.079999923706055,115900,0.0,0.0
2026-04-09 00:00:00-04:00,20.93000030517578,21.729999542236328,20.799999237060547,21.489999771118164,183700,0.0,0.0
2026-04-10 00:00:00-04:00,21.549999237060547,21.8700008392334,21.18000030517578,21.360000610351562,121500,0.0,0.0
2026-04-13 00:00:00-04:00,21.219999313354492,22.90999984741211,21.219999313354492,22.84000015258789,174100,0.0,0.0
2026-04-14 00:00:00-04:00,23.0,23.520000457763672,22.75,22.81999969482422,132300,0.0,0.0
2026-04-15 00:00:00-04:00,22.649999618530273,23.049999237060547,22.360000610351562,22.940000534057617,102200,0.0,0.0
2026-04-16 00:00:00-04:00,22.649999618530273,23.110000610351562,22.56999969482422,22.8799991607666,120500,0.0,0.0
2026-04-17 00:00:00-04:00,23.079999923706055,23.600000381469727,22.600000381469727,22.84000015258789,92600,0.0,0.0
2026-04-20 00:00:00-04:00,22.5,22.809999465942383,21.600000381469727,22.260000228881836,84200,0.0,0.0
2026-04-21 00:00:00-04:00,22.329999923706055,23.020000457763672,22.290000915527344,22.549999237060547,129400,0.0,0.0
2026-04-22 00:00:00-04:00,22.559999465942383,22.719999313354492,22.059999465942383,22.200000762939453,77200,0.0,0.0
2026-04-23 00:00:00-04:00,21.989999771118164,22.229999542236328,21.100000381469727,21.25,100900,0.0,0.0
2026-04-24 00:00:00-04:00,21.030000686645508,21.3799991607666,20.559999465942383,21.1299991607666,202000,0.0,0.0
2026-04-27 00:00:00-04:00,21.1299991607666,21.799999237060547,20.68000030517578,20.989999771118164,127900,0.0,0.0
2026-04-28 00:00:00-04:00,20.979999542236328,21.270000457763672,20.540000915527344,21.190000534057617,189200,0.0,0.0
2026-04-29 00:00:00-04:00,21.549999237060547,21.649999618530273,20.770000457763672,21.270000457763672,158300,0.0,0.0
2026-04-30 00:00:00-04:00,18.639999389648438,18.81999969482422,15.25,16.68000030517578,975100,0.0,0.0
2026-05-01 00:00:00-04:00,16.8799991607666,19.010000228881836,16.739999771118164,18.889999389648438,452600,0.0,0.0
2026-05-04 00:00:00-04:00,18.760000228881836,19.5,18.239999771118164,18.760000228881836,218900,0.0,0.0
2026-05-05 00:00:00-04:00,18.899999618530273,20.270000457763672,18.709999084472656,19.690000534057617,231800,0.0,0.0
2026-05-06 00:00:00-04:00,19.940000534057617,20.100000381469727,19.299999237060547,19.6299991607666,126500,0.0,0.0
2026-05-07 00:00:00-04:00,19.549999237060547,20.459999084472656,19.479999542236328,20.260000228881836,161900,0.0,0.0
2026-05-08 00:00:00-04:00,20.260000228881836,20.530000686645508,19.809999465942383,20.1200008392334,166600,0.0,0.0
2026-05-11 00:00:00-04:00,20.170000076293945,20.43000030517578,19.530000686645508,19.760000228881836,89000,0.0,0.0
2026-05-12 00:00:00-04:00,19.639999389648438,19.899999618530273,18.799999237060547,19.280000686645508,239400,0.0,0.0
2026-05-13 00:00:00-04:00,19.170000076293945,19.399999618530273,18.770000457763672,19.170000076293945,104000,0.0,0.0
2026-05-14 00:00:00-04:00,19.18000030517578,19.84000015258789,19.059999465942383,19.6200008392334,83500,0.0,0.0
2026-05-15 00:00:00-04:00,19.239999771118164,19.739999771118164,18.889999389648438,19.59000015258789,205600,0.0,0.0
2026-05-18 00:00:00-04:00,19.59000015258789,20.270000457763672,19.219999313354492,20.030000686645508,123300,0.0,0.0
2026-05-19 00:00:00-04:00,19.860000610351562,20.649999618530273,19.040000915527344,20.40999984741211,206500,0.0,0.0
2026-05-20 00:00:00-04:00,20.350000381469727,20.56999969482422,19.06999969482422,20.3799991607666,194700,0.0,0.0
2026-05-21 00:00:00-04:00,20.350000381469727,20.899999618530273,19.65999984741211,20.729999542236328,106400,0.0,0.0
2026-05-22 00:00:00-04:00,20.739999771118164,21.239999771118164,20.59000015258789,20.959999084472656,107400,0.0,0.0
2026-05-26 00:00:00-04:00,21.049999237060547,21.450000762939453,20.940000534057617,21.219999313354492,100700,0.0,0.0
2026-05-27 00:00:00-04:00,21.219999313354492,21.709999084472656,20.579999923706055,20.899999618530273,135500,0.0,0.0
2026-05-28 00:00:00-04:00,20.799999237060547,21.1200008392334,20.440000534057617,20.790000915527344,103200,0.0,0.0
2026-05-29 00:00:00-04:00,20.790000915527344,21.860000610351562,20.6200008392334,21.649999618530273,164300,0.0,0.0
2026-06-01 00:00:00-04:00,21.719999313354492,22.760000228881836,21.299999237060547,22.670000076293945,169600,0.0,0.0
2026-06-02 00:00:00-04:00,22.600000381469727,23.059999465942383,22.170000076293945,22.489999771118164,130000,0.0,0.0
2026-06-03 00:00:00-04:00,22.420000076293945,22.540000915527344,21.5,21.889999389648438,107600,0.0,0.0
2026-06-04 00:00:00-04:00,22.09000015258789,23.079999923706055,22.010000228881836,22.8799991607666,136600,0.0,0.0
2026-06-05 00:00:00-04:00,23.219999313354492,23.889999389648438,22.809999465942383,23.81999969482422,147800,0.0,0.0
2026-06-08 00:00:00-04:00,23.709999084472656,24.170000076293945,23.139999389648438,23.770000457763672,139300,0.0,0.0
2026-06-09 00:00:00-04:00,23.850000381469727,24.290000915527344,23.329999923706055,24.0,150000,0.0,0.0
2026-06-10 00:00:00-04:00,24.0,25.1200008392334,22.899999618530273,22.959999084472656,243100,0.0,0.0
2026-06-11 00:00:00-04:00,23.020000457763672,23.475000381469727,22.209999084472656,23.200000762939453,209400,0.0,0.0
