Date,Open,High,Low,Close,Volume,Dividends,Stock Splits
2023-03-21 00:00:00-04:00,63.0,65.55000305175781,44.400001525878906,60.0,46880,0.0,0.0
2023-03-22 00:00:00-04:00,58.20000076293945,58.20000076293945,45.0,45.75,12053,0.0,0.0
2023-03-23 00:00:00-04:00,47.849998474121094,47.98500061035156,36.0,36.29999923706055,3973,0.0,0.0
2023-03-24 00:00:00-04:00,33.75,45.0,33.75,37.20000076293945,15453,0.0,0.0
2023-03-27 00:00:00-04:00,39.599998474121094,41.279998779296875,31.649999618530273,34.724998474121094,5113,0.0,0.0
2023-03-28 00:00:00-04:00,33.29999923706055,36.720001220703125,32.400001525878906,36.0,5213,0.0,0.0
2023-03-29 00:00:00-04:00,35.685001373291016,38.25,27.149999618530273,28.200000762939453,7100,0.0,0.0
2023-03-30 00:00:00-04:00,27.75,29.399999618530273,19.950000762939453,21.75,10847,0.0,0.0
2023-03-31 00:00:00-04:00,20.25,21.75,16.950000762939453,17.100000381469727,10193,0.0,0.0
2023-04-03 00:00:00-04:00,16.950000762939453,22.5,15.149999618530273,16.950000762939453,62487,0.0,0.0
2023-04-04 00:00:00-04:00,16.799999237060547,22.5,16.799999237060547,22.049999237060547,37087,0.0,0.0
2023-04-05 00:00:00-04:00,21.75,23.25,15.75,17.100000381469727,80467,0.0,0.0
2023-04-06 00:00:00-04:00,16.5,16.69499969482422,13.050000190734863,14.550000190734863,29353,0.0,0.0
2023-04-10 00:00:00-04:00,13.649999618530273,14.234999656677246,13.050000190734863,13.095000267028809,7520,0.0,0.0
2023-04-11 00:00:00-04:00,13.095000267028809,13.875,12.899999618530273,13.725000381469727,8400,0.0,0.0
2023-04-12 00:00:00-04:00,13.649999618530273,13.949999809265137,13.229999542236328,13.800000190734863,2427,0.0,0.0
2023-04-13 00:00:00-04:00,13.425000190734863,14.100000381469727,13.380000114440918,14.100000381469727,4253,0.0,0.0
2023-04-14 00:00:00-04:00,14.25,18.450000762939453,13.515000343322754,15.449999809265137,41967,0.0,0.0
2023-04-17 00:00:00-04:00,15.75,16.139999389648438,14.114999771118164,15.0,13480,0.0,0.0
2023-04-18 00:00:00-04:00,14.625,14.850000381469727,13.5,13.5,10467,0.0,0.0
2023-04-19 00:00:00-04:00,13.350000381469727,14.399999618530273,13.350000381469727,13.96500015258789,6620,0.0,0.0
2023-04-20 00:00:00-04:00,14.100000381469727,14.25,13.425000190734863,14.024999618530273,3687,0.0,0.0
2023-04-21 00:00:00-04:00,26.399999618530273,47.70000076293945,21.450000762939453,22.200000762939453,6927100,0.0,0.0
2023-04-24 00:00:00-04:00,21.149999618530273,32.25,19.799999237060547,29.25,1392073,0.0,0.0
2023-04-25 00:00:00-04:00,31.950000762939453,33.0,23.25,27.0,229913,0.0,0.0
2023-04-26 00:00:00-04:00,24.0,25.049999237060547,17.399999618530273,18.149999618530273,114947,0.0,0.0
2023-04-27 00:00:00-04:00,21.149999618530273,21.149999618530273,18.299999237060547,19.350000381469727,58880,0.0,0.0
2023-04-28 00:00:00-04:00,18.299999237060547,19.5,15.75,16.200000762939453,44720,0.0,0.0
2023-05-01 00:00:00-04:00,16.799999237060547,16.799999237060547,14.414999961853027,14.984999656677246,16760,0.0,0.0
2023-05-02 00:00:00-04:00,15.75,16.649999618530273,14.399999618530273,15.449999809265137,11940,0.0,0.0
2023-05-03 00:00:00-04:00,16.649999618530273,21.299999237060547,16.200000762939453,18.450000762939453,65060,0.0,0.0
2023-05-04 00:00:00-04:00,19.5,19.5,16.5,18.299999237060547,17287,0.0,0.0
2023-05-05 00:00:00-04:00,17.700000762939453,18.75,17.399999618530273,18.75,13407,0.0,0.0
2023-05-08 00:00:00-04:00,19.049999237060547,19.200000762939453,17.25,18.0,6713,0.0,0.0
2023-05-09 00:00:00-04:00,17.850000381469727,18.299999237060547,16.5,17.25,10247,0.0,0.0
2023-05-10 00:00:00-04:00,17.25,18.299999237060547,16.950000762939453,17.549999237060547,6987,0.0,0.0
2023-05-11 00:00:00-04:00,17.100000381469727,19.200000762939453,16.5,17.850000381469727,17800,0.0,0.0
2023-05-12 00:00:00-04:00,17.850000381469727,18.75,17.25,17.850000381469727,8173,0.0,0.0
2023-05-15 00:00:00-04:00,17.700000762939453,18.524999618530273,17.549999237060547,18.450000762939453,5880,0.0,0.0
2023-05-16 00:00:00-04:00,18.600000381469727,18.600000381469727,17.100000381469727,17.25,10827,0.0,0.0
2023-05-17 00:00:00-04:00,17.25,18.600000381469727,16.950000762939453,17.850000381469727,4800,0.0,0.0
2023-05-18 00:00:00-04:00,17.100000381469727,19.184999465942383,17.100000381469727,17.850000381469727,31127,0.0,0.0
2023-05-19 00:00:00-04:00,18.450000762939453,18.75,17.399999618530273,18.149999618530273,10907,0.0,0.0
2023-05-22 00:00:00-04:00,18.450000762939453,18.600000381469727,17.549999237060547,18.299999237060547,8220,0.0,0.0
2023-05-23 00:00:00-04:00,18.0,18.299999237060547,17.549999237060547,18.0,4027,0.0,0.0
2023-05-24 00:00:00-04:00,17.850000381469727,18.0,16.5,16.5,6967,0.0,0.0
2023-05-25 00:00:00-04:00,16.5,16.799999237060547,14.850000381469727,16.200000762939453,12547,0.0,0.0
2023-05-26 00:00:00-04:00,15.300000190734863,15.899999618530273,15.300000190734863,15.600000381469727,1740,0.0,0.0
2023-05-30 00:00:00-04:00,15.600000381469727,16.5,15.149999618530273,16.350000381469727,4800,0.0,0.0
2023-05-31 00:00:00-04:00,16.350000381469727,16.950000762939453,15.449999809265137,16.799999237060547,4387,0.0,0.0
2023-06-01 00:00:00-04:00,16.049999237060547,16.799999237060547,16.049999237060547,16.5,5513,0.0,0.0
2023-06-02 00:00:00-04:00,16.799999237060547,18.600000381469727,16.5,18.0,9527,0.0,0.0
2023-06-05 00:00:00-04:00,17.700000762939453,25.5,17.25,21.75,281233,0.0,0.0
2023-06-06 00:00:00-04:00,22.350000381469727,25.200000762939453,19.649999618530273,24.450000762939453,52553,0.0,0.0
2023-06-07 00:00:00-04:00,25.049999237060547,25.049999237060547,20.549999237060547,22.200000762939453,19787,0.0,0.0
2023-06-08 00:00:00-04:00,27.450000762939453,35.70000076293945,23.399999618530273,24.600000381469727,2993027,0.0,0.0
2023-06-09 00:00:00-04:00,23.549999237060547,23.700000762939453,21.0,21.299999237060547,72687,0.0,0.0
2023-06-12 00:00:00-04:00,22.799999237060547,25.350000381469727,21.899999618530273,24.75,51453,0.0,0.0
2023-06-13 00:00:00-04:00,24.600000381469727,24.600000381469727,22.5,23.25,14527,0.0,0.0
2023-06-14 00:00:00-04:00,23.399999618530273,25.950000762939453,22.799999237060547,24.75,28427,0.0,0.0
2023-06-15 00:00:00-04:00,24.600000381469727,25.350000381469727,22.200000762939453,23.25,48267,0.0,0.0
2023-06-16 00:00:00-04:00,23.399999618530273,25.049999237060547,22.799999237060547,24.149999618530273,16467,0.0,0.0
2023-06-20 00:00:00-04:00,24.75,25.049999237060547,22.649999618530273,25.049999237060547,19873,0.0,0.0
2023-06-21 00:00:00-04:00,24.450000762939453,26.100000381469727,23.864999771118164,25.649999618530273,15113,0.0,0.0
2023-06-22 00:00:00-04:00,24.899999618530273,28.200000762939453,24.149999618530273,28.200000762939453,35547,0.0,0.0
2023-06-23 00:00:00-04:00,27.600000381469727,29.850000381469727,26.700000762939453,27.600000381469727,23513,0.0,0.0
2023-06-26 00:00:00-04:00,27.299999237060547,27.600000381469727,25.049999237060547,27.600000381469727,11593,0.0,0.0
2023-06-27 00:00:00-04:00,27.450000762939453,28.200000762939453,25.350000381469727,26.100000381469727,6860,0.0,0.0
2023-06-28 00:00:00-04:00,25.950000762939453,27.600000381469727,25.5,27.0,14760,0.0,0.0
2023-06-29 00:00:00-04:00,27.450000762939453,29.25,26.700000762939453,27.149999618530273,22140,0.0,0.0
2023-06-30 00:00:00-04:00,27.0,28.799999237060547,26.549999237060547,27.450000762939453,8160,0.0,0.0
2023-07-03 00:00:00-04:00,27.149999618530273,27.149999618530273,26.25,26.549999237060547,3627,0.0,0.0
2023-07-05 00:00:00-04:00,26.549999237060547,26.969999313354492,24.600000381469727,24.899999618530273,12287,0.0,0.0
2023-07-06 00:00:00-04:00,24.450000762939453,26.100000381469727,22.950000762939453,25.049999237060547,6873,0.0,0.0
2023-07-07 00:00:00-04:00,25.049999237060547,25.5,24.030000686645508,25.049999237060547,2180,0.0,0.0
2023-07-10 00:00:00-04:00,24.600000381469727,25.950000762939453,24.450000762939453,25.049999237060547,4720,0.0,0.0
2023-07-11 00:00:00-04:00,26.25,26.25,24.149999618530273,25.5,4847,0.0,0.0
2023-07-12 00:00:00-04:00,26.549999237060547,27.149999618530273,24.75,25.799999237060547,14813,0.0,0.0
2023-07-13 00:00:00-04:00,25.799999237060547,26.549999237060547,24.0,25.200000762939453,7433,0.0,0.0
2023-07-14 00:00:00-04:00,24.899999618530273,25.649999618530273,24.149999618530273,25.200000762939453,7933,0.0,0.0
2023-07-17 00:00:00-04:00,25.649999618530273,25.649999618530273,23.549999237060547,24.149999618530273,9793,0.0,0.0
2023-07-18 00:00:00-04:00,24.450000762939453,29.25,23.850000381469727,24.899999618530273,39427,0.0,0.0
2023-07-19 00:00:00-04:00,24.450000762939453,25.200000762939453,23.25,23.399999618530273,7193,0.0,0.0
2023-07-20 00:00:00-04:00,23.700000762939453,23.700000762939453,20.25,21.75,11667,0.0,0.0
2023-07-21 00:00:00-04:00,21.0,22.9950008392334,21.0,21.975000381469727,2660,0.0,0.0
2023-07-24 00:00:00-04:00,21.899999618530273,21.899999618530273,19.049999237060547,20.399999618530273,7127,0.0,0.0
2023-07-25 00:00:00-04:00,19.950000762939453,20.399999618530273,19.5,19.5,2353,0.0,0.0
2023-07-26 00:00:00-04:00,18.0,19.049999237060547,15.164999961853027,17.399999618530273,11627,0.0,0.0
2023-07-27 00:00:00-04:00,16.950000762939453,17.700000762939453,15.449999809265137,16.5,13047,0.0,0.0
2023-07-28 00:00:00-04:00,18.0,18.75,16.200000762939453,16.5,7740,0.0,0.0
2023-07-31 00:00:00-04:00,17.100000381469727,17.834999084472656,16.350000381469727,16.950000762939453,3747,0.0,0.0
2023-08-01 00:00:00-04:00,18.75,22.30500030517578,17.25,21.75,48100,0.0,0.0
2023-08-02 00:00:00-04:00,23.25,23.850000381469727,19.649999618530273,21.149999618530273,17320,0.0,0.0
2023-08-03 00:00:00-04:00,20.700000762939453,21.75,20.25,20.700000762939453,4360,0.0,0.0
2023-08-04 00:00:00-04:00,19.5,21.0,19.5,19.5,2987,0.0,0.0
2023-08-07 00:00:00-04:00,19.049999237060547,20.700000762939453,19.049999237060547,20.549999237060547,3440,0.0,0.0
2023-08-08 00:00:00-04:00,20.700000762939453,20.700000762939453,19.5,19.649999618530273,1567,0.0,0.0
2023-08-09 00:00:00-04:00,20.549999237060547,20.549999237060547,19.5,20.25,2393,0.0,0.0
2023-08-10 00:00:00-04:00,19.5,20.100000381469727,19.200000762939453,19.350000381469727,1787,0.0,0.0
2023-08-11 00:00:00-04:00,18.75,19.799999237060547,17.700000762939453,18.450000762939453,4713,0.0,0.0
2023-08-14 00:00:00-04:00,18.600000381469727,18.600000381469727,17.100000381469727,17.100000381469727,2067,0.0,0.0
2023-08-15 00:00:00-04:00,17.25,17.25,16.049999237060547,16.350000381469727,2473,0.0,0.0
2023-08-16 00:00:00-04:00,16.200000762939453,17.399999618530273,16.049999237060547,16.725000381469727,3380,0.0,0.0
2023-08-17 00:00:00-04:00,16.5,17.399999618530273,16.5,17.25,673,0.0,0.0
2023-08-18 00:00:00-04:00,16.649999618530273,18.149999618530273,15.899999618530273,17.399999618530273,1267,0.0,0.0
2023-08-21 00:00:00-04:00,17.25,18.600000381469727,15.899999618530273,17.100000381469727,3847,0.0,0.0
2023-08-22 00:00:00-04:00,17.100000381469727,17.399999618530273,16.649999618530273,17.100000381469727,2120,0.0,0.0
2023-08-23 00:00:00-04:00,17.25,18.149999618530273,16.950000762939453,17.25,2147,0.0,0.0
2023-08-24 00:00:00-04:00,18.600000381469727,18.75,17.325000762939453,17.850000381469727,1147,0.0,0.0
2023-08-25 00:00:00-04:00,17.549999237060547,17.700000762939453,17.399999618530273,17.399999618530273,1147,0.0,0.0
2023-08-28 00:00:00-04:00,17.25,18.600000381469727,17.25,18.600000381469727,1340,0.0,0.0
2023-08-29 00:00:00-04:00,18.75,18.75,16.950000762939453,17.700000762939453,4613,0.0,0.0
2023-08-30 00:00:00-04:00,17.850000381469727,18.75,17.549999237060547,17.700000762939453,1733,0.0,0.0
2023-08-31 00:00:00-04:00,18.75,18.75,18.0,18.600000381469727,2853,0.0,0.0
2023-09-01 00:00:00-04:00,18.375,18.375,16.799999237060547,17.399999618530273,2107,0.0,0.0
2023-09-05 00:00:00-04:00,17.549999237060547,17.850000381469727,16.799999237060547,16.799999237060547,2647,0.0,0.0
2023-09-06 00:00:00-04:00,17.100000381469727,17.549999237060547,16.5,17.549999237060547,7487,0.0,0.0
2023-09-07 00:00:00-04:00,18.149999618530273,18.149999618530273,16.799999237060547,16.950000762939453,1513,0.0,0.0
2023-09-08 00:00:00-04:00,16.649999618530273,17.850000381469727,16.649999618530273,17.850000381469727,5960,0.0,0.0
2023-09-11 00:00:00-04:00,17.100000381469727,18.0,16.649999618530273,16.950000762939453,4173,0.0,0.0
2023-09-12 00:00:00-04:00,16.5,17.399999618530273,16.200000762939453,16.350000381469727,3813,0.0,0.0
2023-09-13 00:00:00-04:00,16.5,16.875,15.75,15.75,4187,0.0,0.0
2023-09-14 00:00:00-04:00,16.5,17.850000381469727,15.449999809265137,15.899999618530273,25967,0.0,0.0
2023-09-15 00:00:00-04:00,15.375,15.75,14.25,14.850000381469727,10493,0.0,0.0
2023-09-18 00:00:00-04:00,14.399999618530273,14.850000381469727,12.899999618530273,14.850000381469727,4993,0.0,0.0
2023-09-19 00:00:00-04:00,14.25,14.414999961853027,12.449999809265137,13.5,2767,0.0,0.0
2023-09-20 00:00:00-04:00,13.020000457763672,15.0,13.020000457763672,13.800000190734863,2740,0.0,0.0
2023-09-21 00:00:00-04:00,13.800000190734863,14.489999771118164,13.170000076293945,14.399999618530273,1527,0.0,0.0
2023-09-22 00:00:00-04:00,13.800000190734863,14.25,13.350000381469727,13.5,460,0.0,0.0
2023-09-25 00:00:00-04:00,13.40999984741211,13.40999984741211,12.765000343322754,12.885000228881836,393,0.0,0.0
2023-09-26 00:00:00-04:00,13.050000190734863,14.25,13.050000190734863,13.050000190734863,587,0.0,0.0
2023-09-27 00:00:00-04:00,13.050000190734863,13.649999618530273,12.899999618530273,13.649999618530273,393,0.0,0.0
2023-09-28 00:00:00-04:00,12.899999618530273,13.395000457763672,12.75,12.899999618530273,447,0.0,0.0
2023-09-29 00:00:00-04:00,12.75,13.395000457763672,12.75,12.765000343322754,433,0.0,0.0
2023-10-02 00:00:00-04:00,12.765000343322754,13.350000381469727,12.449999809265137,12.600000381469727,973,0.0,0.0
2023-10-03 00:00:00-04:00,12.600000381469727,12.84000015258789,9.765000343322754,10.350000381469727,1913,0.0,0.0
2023-10-04 00:00:00-04:00,10.875,10.875,9.449999809265137,9.600000381469727,1100,0.0,0.0
2023-10-05 00:00:00-04:00,10.395000457763672,10.395000457763672,9.449999809265137,9.449999809265137,2113,0.0,0.0
2023-10-06 00:00:00-04:00,9.449999809265137,10.079999923706055,8.399999618530273,9.300000190734863,960,0.0,0.0
2023-10-09 00:00:00-04:00,8.265000343322754,10.050000190734863,7.5,8.25,2660,0.0,0.0
2023-10-10 00:00:00-04:00,8.399999618530273,9.75,8.25,9.0,4393,0.0,0.0
2023-10-11 00:00:00-04:00,10.229999542236328,11.850000381469727,9.899999618530273,10.274999618530273,13913,0.0,0.0
2023-10-12 00:00:00-04:00,11.100000381469727,11.25,9.0,9.449999809265137,4540,0.0,0.0
2023-10-13 00:00:00-04:00,9.225000381469727,10.800000190734863,9.225000381469727,9.600000381469727,11047,0.0,0.0
2023-10-16 00:00:00-04:00,10.5,10.994999885559082,9.0,10.5,1747,0.0,0.0
2023-10-17 00:00:00-04:00,10.050000190734863,10.800000190734863,9.899999618530273,10.050000190734863,1967,0.0,0.0
2023-10-18 00:00:00-04:00,10.199999809265137,10.5,9.569999694824219,10.199999809265137,3833,0.0,0.0
2023-10-19 00:00:00-04:00,12.300000190734863,14.6850004196167,10.739999771118164,12.75,155360,0.0,0.0
2023-10-20 00:00:00-04:00,12.675000190734863,14.550000190734863,11.414999961853027,14.520000457763672,21107,0.0,0.0
2023-10-23 00:00:00-04:00,14.489999771118164,15.75,12.75,14.399999618530273,18487,0.0,0.0
2023-10-24 00:00:00-04:00,13.949999809265137,14.850000381469727,13.050000190734863,13.050000190734863,7407,0.0,0.0
2023-10-25 00:00:00-04:00,12.65999984741211,12.65999984741211,11.25,11.25,6313,0.0,0.0
2023-10-26 00:00:00-04:00,13.199999809265137,13.5,11.970000267028809,12.210000038146973,578780,0.0,0.0
2023-10-27 00:00:00-04:00,12.28499984741211,13.199999809265137,10.5,12.720000267028809,45240,0.0,0.0
2023-10-30 00:00:00-04:00,11.850000381469727,12.600000381469727,10.800000190734863,10.800000190734863,23020,0.0,0.0
2023-10-31 00:00:00-04:00,10.949999809265137,10.949999809265137,9.164999961853027,9.449999809265137,18380,0.0,0.0
2023-11-01 00:00:00-04:00,9.270000457763672,9.75,8.550000190734863,9.75,10547,0.0,0.0
2023-11-02 00:00:00-04:00,9.675000190734863,9.675000190734863,8.699999809265137,8.699999809265137,10900,0.0,0.0
2023-11-03 00:00:00-04:00,8.670000076293945,9.28499984741211,8.25,8.850000381469727,5773,0.0,0.0
2023-11-06 00:00:00-05:00,9.390000343322754,9.390000343322754,8.130000114440918,8.265000343322754,3380,0.0,0.0
2023-11-07 00:00:00-05:00,8.25,8.25,7.380000114440918,7.619999885559082,7313,0.0,0.0
2023-11-08 00:00:00-05:00,7.619999885559082,7.949999809265137,7.409999847412109,7.650000095367432,6027,0.0,0.0
2023-11-09 00:00:00-05:00,7.800000190734863,7.800000190734863,6.900000095367432,7.050000190734863,2600,0.0,0.0
2023-11-10 00:00:00-05:00,7.260000228881836,7.260000228881836,6.449999809265137,6.75,3607,0.0,0.0
2023-11-13 00:00:00-05:00,6.929999828338623,7.425000190734863,6.449999809265137,6.554999828338623,6660,0.0,0.0
2023-11-14 00:00:00-05:00,6.570000171661377,7.650000095367432,6.360000133514404,6.480000019073486,5520,0.0,0.0
2023-11-15 00:00:00-05:00,6.329999923706055,7.079999923706055,6.300000190734863,6.539999961853027,7680,0.0,0.0
2023-11-16 00:00:00-05:00,6.75,7.034999847412109,6.449999809265137,6.449999809265137,8920,0.0,0.0
2023-11-17 00:00:00-05:00,6.75,7.545000076293945,6.75,7.545000076293945,11587,0.0,0.0
2023-11-20 00:00:00-05:00,7.949999809265137,8.850000381469727,7.650000095367432,8.699999809265137,16087,0.0,0.0
2023-11-21 00:00:00-05:00,8.550000190734863,8.925000190734863,7.949999809265137,8.220000267028809,6320,0.0,0.0
2023-11-22 00:00:00-05:00,7.980000019073486,8.100000381469727,7.514999866485596,8.085000038146973,4707,0.0,0.0
2023-11-24 00:00:00-05:00,8.279999732971191,8.699999809265137,7.949999809265137,8.399999618530273,2067,0.0,0.0
2023-11-27 00:00:00-05:00,8.25,8.699999809265137,8.25,8.550000190734863,2747,0.0,0.0
2023-11-28 00:00:00-05:00,8.970000267028809,10.5,8.625,10.050000190734863,10880,0.0,0.0
2023-11-29 00:00:00-05:00,10.050000190734863,12.149999618530273,9.899999618530273,11.819999694824219,26393,0.0,0.0
2023-11-30 00:00:00-05:00,12.104999542236328,13.649999618530273,9.75,11.085000038146973,17280,0.0,0.0
2023-12-01 00:00:00-05:00,12.0,12.0,9.75,10.274999618530273,7467,0.0,0.0
2023-12-04 00:00:00-05:00,11.475000381469727,11.625,8.399999618530273,10.305000305175781,14173,0.0,0.0
2023-12-05 00:00:00-05:00,10.199999809265137,12.75,10.199999809265137,12.449999809265137,17860,0.0,0.0
2023-12-06 00:00:00-05:00,13.050000190734863,13.350000381469727,11.699999809265137,12.300000190734863,20687,0.0,0.0
2023-12-07 00:00:00-05:00,12.3149995803833,12.524999618530273,11.399999618530273,12.0,10787,0.0,0.0
2023-12-08 00:00:00-05:00,11.850000381469727,11.850000381469727,9.795000076293945,10.140000343322754,8693,0.0,0.0
2023-12-11 00:00:00-05:00,10.140000343322754,10.244999885559082,8.25,8.699999809265137,20447,0.0,0.0
2023-12-12 00:00:00-05:00,8.475000381469727,9.300000190734863,8.475000381469727,8.789999961853027,12187,0.0,0.0
2023-12-13 00:00:00-05:00,8.925000190734863,9.75,8.25,8.654999732971191,90353,0.0,0.0
2023-12-14 00:00:00-05:00,9.0,9.0,7.695000171661377,7.800000190734863,17880,0.0,0.0
2023-12-15 00:00:00-05:00,5.21999979019165,6.75,4.425000190734863,4.605000019073486,252700,0.0,0.0
2023-12-18 00:00:00-05:00,4.605000019073486,4.650000095367432,3.9749999046325684,4.170000076293945,56080,0.0,0.0
2023-12-19 00:00:00-05:00,4.335000038146973,4.394999980926514,3.9749999046325684,4.230000019073486,41620,0.0,0.0
2023-12-20 00:00:00-05:00,4.5,4.949999809265137,4.125,4.349999904632568,71533,0.0,0.0
2023-12-21 00:00:00-05:00,4.485000133514404,4.650000095367432,4.275000095367432,4.275000095367432,28833,0.0,0.0
2023-12-22 00:00:00-05:00,4.275000095367432,4.650000095367432,4.275000095367432,4.349999904632568,18607,0.0,0.0
2023-12-26 00:00:00-05:00,4.514999866485596,4.800000190734863,4.199999809265137,4.514999866485596,22133,0.0,0.0
2023-12-27 00:00:00-05:00,4.695000171661377,4.695000171661377,4.304999828338623,4.605000019073486,26133,0.0,0.0
2023-12-28 00:00:00-05:00,4.5,4.545000076293945,4.275000095367432,4.349999904632568,28073,0.0,0.0
2023-12-29 00:00:00-05:00,4.514999866485596,4.514999866485596,4.005000114440918,4.15500020980835,26360,0.0,0.0
2024-01-02 00:00:00-05:00,4.199999809265137,4.5,4.199999809265137,4.349999904632568,29333,0.0,0.0
2024-01-03 00:00:00-05:00,4.364999771118164,4.5,4.065000057220459,4.199999809265137,18440,0.0,0.0
2024-01-04 00:00:00-05:00,4.199999809265137,4.215000152587891,4.065000057220459,4.09499979019165,10013,0.0,0.0
2024-01-05 00:00:00-05:00,4.199999809265137,4.199999809265137,3.8550000190734863,3.9000000953674316,18320,0.0,0.0
2024-01-08 00:00:00-05:00,4.050000190734863,4.170000076293945,3.8399999141693115,4.034999847412109,11347,0.0,0.0
2024-01-09 00:00:00-05:00,4.199999809265137,4.394999980926514,3.8399999141693115,4.320000171661377,52853,0.0,0.0
2024-01-10 00:00:00-05:00,4.440000057220459,5.25,4.275000095367432,4.800000190734863,75353,0.0,0.0
2024-01-11 00:00:00-05:00,4.815000057220459,4.815000057220459,4.244999885559082,4.619999885559082,41300,0.0,0.0
2024-01-12 00:00:00-05:00,4.5,4.934999942779541,4.364999771118164,4.574999809265137,61107,0.0,0.0
2024-01-16 00:00:00-05:00,4.724999904632568,4.934999942779541,4.454999923706055,4.710000038146973,20000,0.0,0.0
2024-01-17 00:00:00-05:00,4.559999942779541,5.144999980926514,4.559999942779541,5.099999904632568,133180,0.0,0.0
2024-01-18 00:00:00-05:00,5.324999809265137,5.400000095367432,4.53000020980835,4.695000171661377,112427,0.0,0.0
2024-01-19 00:00:00-05:00,5.054999828338623,5.085000038146973,4.215000152587891,4.875,251220,0.0,0.0
2024-01-22 00:00:00-05:00,4.920000076293945,4.920000076293945,4.364999771118164,4.724999904632568,52427,0.0,0.0
2024-01-23 00:00:00-05:00,4.724999904632568,4.769999980926514,4.349999904632568,4.559999942779541,45633,0.0,0.0
2024-01-24 00:00:00-05:00,4.5,4.574999809265137,4.199999809265137,4.304999828338623,38753,0.0,0.0
2024-01-25 00:00:00-05:00,4.275000095367432,4.635000228881836,3.930000066757202,4.619999885559082,50307,0.0,0.0
2024-01-26 00:00:00-05:00,4.679999828338623,5.699999809265137,4.650000095367432,5.204999923706055,134113,0.0,0.0
2024-01-29 00:00:00-05:00,5.550000190734863,6.300000190734863,5.264999866485596,5.699999809265137,220540,0.0,0.0
2024-01-30 00:00:00-05:00,5.400000095367432,5.550000190734863,4.949999809265137,5.400000095367432,61053,0.0,0.0
2024-01-31 00:00:00-05:00,5.639999866485596,5.639999866485596,5.054999828338623,5.414999961853027,56413,0.0,0.0
2024-02-01 00:00:00-05:00,5.144999980926514,5.400000095367432,5.054999828338623,5.355000019073486,41320,0.0,0.0
2024-02-02 00:00:00-05:00,5.25,6.75,5.25,6.614999771118164,195960,0.0,0.0
2024-02-05 00:00:00-05:00,7.199999809265137,7.289999961853027,5.699999809265137,6.150000095367432,173567,0.0,0.0
2024-02-06 00:00:00-05:00,6.179999828338623,6.900000095367432,5.849999904632568,6.554999828338623,73007,0.0,0.0
2024-02-07 00:00:00-05:00,6.449999809265137,6.735000133514404,5.715000152587891,6.03000020980835,80587,0.0,0.0
2024-02-08 00:00:00-05:00,5.849999904632568,6.539999961853027,5.264999866485596,5.985000133514404,157907,0.0,0.0
2024-02-09 00:00:00-05:00,6.150000095367432,6.150000095367432,5.340000152587891,5.610000133514404,64113,0.0,0.0
2024-02-12 00:00:00-05:00,4.949999809265137,4.949999809265137,4.125,4.15500020980835,144840,0.0,0.0
2024-02-13 00:00:00-05:00,4.15500020980835,4.170000076293945,3.2100000381469727,3.5999999046325684,97760,0.0,0.0
2024-02-14 00:00:00-05:00,3.734999895095825,3.9000000953674316,3.450000047683716,3.690000057220459,30807,0.0,0.0
2024-02-15 00:00:00-05:00,3.869999885559082,3.869999885559082,3.4200000762939453,3.5399999618530273,30567,0.0,0.0
2024-02-16 00:00:00-05:00,3.450000047683716,3.615000009536743,3.0,3.3299999237060547,89600,0.0,0.0
2024-02-20 00:00:00-05:00,3.2850000858306885,3.4800000190734863,3.1500000953674316,3.375,44453,0.0,0.0
2024-02-21 00:00:00-05:00,3.255000114440918,3.5999999046325684,3.180000066757202,3.299999952316284,40867,0.0,0.0
2024-02-22 00:00:00-05:00,3.299999952316284,3.299999952316284,3.1500000953674316,3.1649999618530273,13393,0.0,0.0
2024-02-23 00:00:00-05:00,3.2249999046325684,3.299999952316284,3.0899999141693115,3.194999933242798,17067,0.0,0.0
2024-02-26 00:00:00-05:00,3.1500000953674316,3.194999933242798,2.8499999046325684,3.0,43107,0.0,0.0
2024-02-27 00:00:00-05:00,2.940000057220459,3.299999952316284,2.940000057220459,3.240000009536743,22027,0.0,0.0
2024-02-28 00:00:00-05:00,3.255000114440918,3.7049999237060547,3.1500000953674316,3.4649999141693115,37107,0.0,0.0
2024-02-29 00:00:00-05:00,3.569999933242798,3.615000009536743,3.299999952316284,3.4049999713897705,13020,0.0,0.0
2024-03-01 00:00:00-05:00,3.5250000953674316,3.615000009536743,3.255000114440918,3.434999942779541,9520,0.0,0.0
2024-03-04 00:00:00-05:00,3.434999942779541,3.5999999046325684,3.075000047683716,3.1500000953674316,15320,0.0,0.0
2024-03-05 00:00:00-05:00,3.1500000953674316,3.434999942779541,3.015000104904175,3.0899999141693115,18473,0.0,0.0
2024-03-06 00:00:00-05:00,3.1050000190734863,3.299999952316284,3.0899999141693115,3.180000066757202,3893,0.0,0.0
2024-03-07 00:00:00-05:00,3.134999990463257,3.299999952316284,3.0,3.2100000381469727,20513,0.0,0.0
2024-03-08 00:00:00-05:00,3.1050000190734863,3.2100000381469727,2.8499999046325684,2.924999952316284,40787,0.0,0.0
2024-03-11 00:00:00-04:00,2.805000066757202,2.9549999237060547,2.2799999713897705,2.369999885559082,119120,0.0,0.0
2024-03-12 00:00:00-04:00,2.2950000762939453,2.7300000190734863,2.2950000762939453,2.4149999618530273,30167,0.0,0.0
2024-03-13 00:00:00-04:00,2.444999933242798,2.444999933242798,2.1449999809265137,2.25,30480,0.0,0.0
2024-03-14 00:00:00-04:00,2.4600000381469727,2.4600000381469727,2.190000057220459,2.234999895095825,11800,0.0,0.0
2024-03-15 00:00:00-04:00,2.325000047683716,2.700000047683716,2.2200000286102295,2.6549999713897705,45647,0.0,0.0
2024-03-18 00:00:00-04:00,2.8499999046325684,2.8499999046325684,2.5199999809265137,2.7899999618530273,40307,0.0,0.0
2024-03-19 00:00:00-04:00,2.6700000762939453,2.924999952316284,2.565000057220459,2.880000114440918,10747,0.0,0.0
2024-03-20 00:00:00-04:00,3.240000009536743,3.375,2.5799999237060547,3.0,1076973,0.0,0.0
2024-03-21 00:00:00-04:00,2.7899999618530273,3.1050000190734863,2.6700000762939453,2.9700000286102295,58787,0.0,0.0
2024-03-22 00:00:00-04:00,3.0,3.015000104904175,2.549999952316284,2.805000066757202,25100,0.0,0.0
2024-03-25 00:00:00-04:00,3.1500000953674316,3.1500000953674316,2.744999885559082,2.8499999046325684,20073,0.0,0.0
2024-03-26 00:00:00-04:00,2.8499999046325684,3.1500000953674316,2.7899999618530273,3.075000047683716,21307,0.0,0.0
2024-03-27 00:00:00-04:00,2.984999895095825,3.299999952316284,2.8499999046325684,3.2850000858306885,32693,0.0,0.0
2024-03-28 00:00:00-04:00,3.075000047683716,3.299999952316284,3.075000047683716,3.255000114440918,14233,0.0,0.0
2024-04-01 00:00:00-04:00,3.0899999141693115,3.299999952316284,2.865000009536743,3.2249999046325684,10100,0.0,0.0
2024-04-02 00:00:00-04:00,3.1050000190734863,3.194999933242798,3.015000104904175,3.1500000953674316,7280,0.0,0.0
2024-04-03 00:00:00-04:00,3.0899999141693115,3.240000009536743,3.075000047683716,3.2249999046325684,5673,0.0,0.0
2024-04-04 00:00:00-04:00,3.0899999141693115,3.5250000953674316,3.0899999141693115,3.5250000953674316,34673,0.0,0.0
2024-04-05 00:00:00-04:00,3.4200000762939453,3.674999952316284,3.4049999713897705,3.5399999618530273,12040,0.0,0.0
2024-04-08 00:00:00-04:00,3.315000057220459,4.275000095367432,3.315000057220459,4.275000095367432,56027,0.0,0.0
2024-04-09 00:00:00-04:00,4.304999828338623,4.440000057220459,3.9749999046325684,4.019999980926514,16160,0.0,0.0
2024-04-10 00:00:00-04:00,4.215000152587891,4.215000152587891,3.630000114440918,3.825000047683716,7153,0.0,0.0
2024-04-11 00:00:00-04:00,3.75,4.034999847412109,3.434999942779541,4.034999847412109,6093,0.0,0.0
2024-04-12 00:00:00-04:00,3.884999990463257,3.9000000953674316,3.4800000190734863,3.630000114440918,30613,0.0,0.0
2024-04-15 00:00:00-04:00,3.5250000953674316,3.674999952316284,3.015000104904175,3.6600000858306885,12973,0.0,0.0
2024-04-16 00:00:00-04:00,3.6600000858306885,3.884999990463257,3.450000047683716,3.884999990463257,7120,0.0,0.0
2024-04-17 00:00:00-04:00,3.884999990463257,4.425000190734863,3.765000104904175,4.230000019073486,16547,0.0,0.0
2024-04-18 00:00:00-04:00,4.425000190734863,4.650000095367432,4.125,4.5,18407,0.0,0.0
2024-04-19 00:00:00-04:00,4.184999942779541,4.425000190734863,4.139999866485596,4.409999847412109,5307,0.0,0.0
2024-04-22 00:00:00-04:00,4.184999942779541,4.394999980926514,4.050000190734863,4.199999809265137,7067,0.0,0.0
2024-04-23 00:00:00-04:00,3.930000066757202,4.230000019073486,3.9000000953674316,4.230000019073486,667,0.0,0.0
2024-04-24 00:00:00-04:00,4.050000190734863,4.349999904632568,3.944999933242798,4.019999980926514,1593,0.0,0.0
2024-04-25 00:00:00-04:00,4.260000228881836,4.349999904632568,3.615000009536743,4.15500020980835,27440,0.0,0.0
2024-04-26 00:00:00-04:00,3.9000000953674316,4.125,3.825000047683716,3.944999933242798,4580,0.0,0.0
2024-04-29 00:00:00-04:00,4.139999866485596,4.230000019073486,3.809999942779541,3.930000066757202,4020,0.0,0.0
2024-04-30 00:00:00-04:00,3.6449999809265137,3.825000047683716,3.4649999141693115,3.6449999809265137,6953,0.0,0.0
2024-05-01 00:00:00-04:00,4.065000057220459,4.065000057220459,3.4800000190734863,3.9749999046325684,7047,0.0,0.0
2024-05-02 00:00:00-04:00,3.884999990463257,4.079999923706055,3.75,3.9000000953674316,6180,0.0,0.0
2024-05-03 00:00:00-04:00,3.9000000953674316,4.050000190734863,3.690000057220459,3.9600000381469727,4040,0.0,0.0
2024-05-06 00:00:00-04:00,3.75,4.199999809265137,3.5999999046325684,3.9149999618530273,2460,0.0,0.0
2024-05-07 00:00:00-04:00,3.944999933242798,4.230000019073486,3.944999933242798,4.199999809265137,5540,0.0,0.0
2024-05-08 00:00:00-04:00,4.050000190734863,4.289999961853027,3.869999885559082,3.869999885559082,2747,0.0,0.0
2024-05-09 00:00:00-04:00,3.9000000953674316,4.050000190734863,3.734999895095825,4.050000190734863,8207,0.0,0.0
2024-05-10 00:00:00-04:00,3.9000000953674316,4.050000190734863,3.765000104904175,3.869999885559082,4133,0.0,0.0
2024-05-13 00:00:00-04:00,3.869999885559082,4.050000190734863,3.4800000190734863,3.75,7120,0.0,0.0
2024-05-14 00:00:00-04:00,3.5999999046325684,3.7200000286102295,3.194999933242798,3.2850000858306885,7800,0.0,0.0
2024-05-15 00:00:00-04:00,3.2249999046325684,3.299999952316284,3.194999933242798,3.2850000858306885,3673,0.0,0.0
2024-05-16 00:00:00-04:00,3.299999952316284,3.450000047683716,3.194999933242798,3.299999952316284,72467,0.0,0.0
2024-05-17 00:00:00-04:00,3.5999999046325684,3.8550000190734863,3.240000009536743,3.615000009536743,85280,0.0,0.0
2024-05-20 00:00:00-04:00,3.7200000286102295,4.170000076293945,3.2249999046325684,3.7950000762939453,51667,0.0,0.0
2024-05-21 00:00:00-04:00,7.065000057220459,16.799999237060547,6.315000057220459,7.724999904632568,15920287,0.0,0.0
2024-05-22 00:00:00-04:00,8.25,8.399999618530273,5.699999809265137,6.900000095367432,1629820,0.0,0.0
2024-05-23 00:00:00-04:00,5.625,8.774999618530273,5.550000190734863,7.800000190734863,845773,0.0,0.0
2024-05-24 00:00:00-04:00,7.079999923706055,7.5,6.0,6.164999961853027,163627,0.0,0.0
2024-05-28 00:00:00-04:00,6.150000095367432,6.900000095367432,5.565000057220459,6.599999904632568,127760,0.0,0.0
2024-05-29 00:00:00-04:00,6.0,6.900000095367432,6.0,6.599999904632568,75533,0.0,0.0
2024-05-30 00:00:00-04:00,6.449999809265137,6.614999771118164,6.150000095367432,6.224999904632568,30713,0.0,0.0
2024-05-31 00:00:00-04:00,5.954999923706055,6.375,5.684999942779541,5.909999847412109,36387,0.0,0.0
2024-06-03 00:00:00-04:00,5.699999809265137,5.909999847412109,5.099999904632568,5.25,56773,0.0,0.0
2024-06-04 00:00:00-04:00,6.0,6.224999904632568,5.099999904632568,5.565000057220459,983580,0.0,0.0
2024-06-05 00:00:00-04:00,6.164999961853027,6.224999904632568,5.579999923706055,5.954999923706055,378573,0.0,0.0
2024-06-06 00:00:00-04:00,5.96999979019165,6.045000076293945,5.579999923706055,5.730000019073486,126120,0.0,0.0
2024-06-07 00:00:00-04:00,5.699999809265137,6.659999847412109,5.369999885559082,6.449999809265137,219973,0.0,0.0
2024-06-10 00:00:00-04:00,6.300000190734863,6.300000190734863,5.849999904632568,6.0,26693,0.0,0.0
2024-06-11 00:00:00-04:00,5.744999885559082,5.880000114440918,5.699999809265137,5.789999961853027,22800,0.0,0.0
2024-06-12 00:00:00-04:00,5.760000228881836,5.760000228881836,5.324999809265137,5.550000190734863,29440,0.0,0.0
2024-06-13 00:00:00-04:00,5.505000114440918,5.505000114440918,4.84499979019165,5.099999904632568,46707,0.0,0.0
2024-06-14 00:00:00-04:00,5.190000057220459,5.25,4.5,4.800000190734863,34000,0.0,0.0
2024-06-17 00:00:00-04:00,5.070000171661377,5.070000171661377,4.349999904632568,4.5,31453,0.0,0.0
2024-06-18 00:00:00-04:00,4.46999979019165,4.650000095367432,4.349999904632568,4.5,33627,0.0,0.0
2024-06-20 00:00:00-04:00,4.545000076293945,5.699999809265137,4.545000076293945,5.25,96553,0.0,0.0
2024-06-21 00:00:00-04:00,5.010000228881836,5.355000019073486,4.710000038146973,5.099999904632568,22547,0.0,0.0
2024-06-24 00:00:00-04:00,5.099999904632568,5.204999923706055,4.739999771118164,4.949999809265137,12320,0.0,0.0
2024-06-25 00:00:00-04:00,4.724999904632568,4.815000057220459,4.545000076293945,4.724999904632568,10913,0.0,0.0
2024-06-26 00:00:00-04:00,4.829999923706055,5.054999828338623,4.650000095367432,4.949999809265137,22933,0.0,0.0
2024-06-27 00:00:00-04:00,4.949999809265137,5.054999828338623,4.679999828338623,4.84499979019165,15227,0.0,0.0
2024-06-28 00:00:00-04:00,4.829999923706055,4.84499979019165,4.53000020980835,4.559999942779541,13307,0.0,0.0
2024-07-01 00:00:00-04:00,4.559999942779541,5.025000095367432,4.559999942779541,4.90500020980835,6820,0.0,0.0
2024-07-02 00:00:00-04:00,4.650000095367432,4.800000190734863,4.409999847412109,4.650000095367432,11967,0.0,0.0
2024-07-03 00:00:00-04:00,4.650000095367432,4.800000190734863,4.5,4.590000152587891,20600,0.0,0.0
2024-07-05 00:00:00-04:00,4.5,4.784999847412109,4.5,4.679999828338623,8407,0.0,0.0
2024-07-08 00:00:00-04:00,4.650000095367432,5.684999942779541,4.5,5.340000152587891,78533,0.0,0.0
2024-07-09 00:00:00-04:00,5.25,5.324999809265137,4.875,4.875,20527,0.0,0.0
2024-07-10 00:00:00-04:00,4.949999809265137,5.099999904632568,4.815000057220459,4.860000133514404,11287,0.0,0.0
2024-07-11 00:00:00-04:00,5.579999923706055,6.0,4.860000133514404,5.175000190734863,772620,0.0,0.0
2024-07-12 00:00:00-04:00,5.054999828338623,5.625,4.949999809265137,5.550000190734863,92093,0.0,0.0
2024-07-15 00:00:00-04:00,5.625,6.0,5.324999809265137,5.789999961853027,58253,0.0,0.0
2024-07-16 00:00:00-04:00,6.34499979019165,7.050000190734863,5.400000095367432,6.449999809265137,785727,0.0,0.0
2024-07-17 00:00:00-04:00,6.059999942779541,6.449999809265137,5.65500020980835,6.360000133514404,76353,0.0,0.0
2024-07-18 00:00:00-04:00,6.300000190734863,6.300000190734863,5.550000190734863,5.849999904632568,39547,0.0,0.0
2024-07-19 00:00:00-04:00,5.96999979019165,5.985000133514404,5.625,5.699999809265137,18933,0.0,0.0
2024-07-22 00:00:00-04:00,5.550000190734863,5.699999809265137,5.25,5.505000114440918,23373,0.0,0.0
2024-07-23 00:00:00-04:00,5.519999980926514,6.300000190734863,5.295000076293945,6.284999847412109,44113,0.0,0.0
2024-07-24 00:00:00-04:00,6.300000190734863,6.300000190734863,5.730000019073486,6.03000020980835,24720,0.0,0.0
2024-07-25 00:00:00-04:00,6.105000019073486,6.974999904632568,5.880000114440918,6.300000190734863,82067,0.0,0.0
2024-07-26 00:00:00-04:00,6.329999923706055,6.809999942779541,6.074999809265137,6.449999809265137,141133,0.0,0.0
2024-07-29 00:00:00-04:00,6.105000019073486,6.465000152587891,6.014999866485596,6.315000057220459,29107,0.0,0.0
2024-07-30 00:00:00-04:00,6.300000190734863,6.375,6.0,6.150000095367432,19240,0.0,0.0
2024-07-31 00:00:00-04:00,6.0,6.255000114440918,5.849999904632568,6.0,7420,0.0,0.0
2024-08-01 00:00:00-04:00,6.119999885559082,6.119999885559082,5.565000057220459,5.59499979019165,14760,0.0,0.0
2024-08-02 00:00:00-04:00,5.699999809265137,5.744999885559082,5.130000114440918,5.474999904632568,32860,0.0,0.0
2024-08-05 00:00:00-04:00,4.784999847412109,5.445000171661377,4.769999980926514,5.25,20140,0.0,0.0
2024-08-06 00:00:00-04:00,5.25,5.460000038146973,4.949999809265137,5.369999885559082,9107,0.0,0.0
2024-08-07 00:00:00-04:00,5.534999847412109,5.849999904632568,5.25,5.699999809265137,11847,0.0,0.0
2024-08-08 00:00:00-04:00,5.534999847412109,5.699999809265137,5.204999923706055,5.519999980926514,40740,0.0,0.0
2024-08-09 00:00:00-04:00,5.144999980926514,5.28000020980835,4.5,4.755000114440918,329173,0.0,0.0
2024-08-12 00:00:00-04:00,4.739999771118164,4.934999942779541,4.065000057220459,4.559999942779541,44753,0.0,0.0
2024-08-13 00:00:00-04:00,4.46999979019165,4.994999885559082,4.349999904632568,4.994999885559082,75960,0.0,0.0
2024-08-14 00:00:00-04:00,4.84499979019165,4.949999809265137,4.605000019073486,4.934999942779541,12113,0.0,0.0
2024-08-15 00:00:00-04:00,4.84499979019165,4.84499979019165,4.485000133514404,4.800000190734863,47287,0.0,0.0
2024-08-16 00:00:00-04:00,4.800000190734863,4.949999809265137,4.650000095367432,4.920000076293945,13587,0.0,0.0
2024-08-19 00:00:00-04:00,4.769999980926514,4.784999847412109,4.394999980926514,4.5,22633,0.0,0.0
2024-08-20 00:00:00-04:00,4.514999866485596,4.574999809265137,4.244999885559082,4.485000133514404,17713,0.0,0.0
2024-08-21 00:00:00-04:00,4.574999809265137,4.574999809265137,4.050000190734863,4.335000038146973,11433,0.0,0.0
2024-08-22 00:00:00-04:00,4.349999904632568,4.409999847412109,4.199999809265137,4.320000171661377,9127,0.0,0.0
2024-08-23 00:00:00-04:00,4.320000171661377,4.425000190734863,3.450000047683716,4.125,16547,0.0,0.0
2024-08-26 00:00:00-04:00,4.215000152587891,4.215000152587891,3.6600000858306885,3.9000000953674316,18867,0.0,0.0
2024-08-27 00:00:00-04:00,4.050000190734863,4.050000190734863,3.75,3.8399999141693115,9847,0.0,0.0
2024-08-28 00:00:00-04:00,3.9000000953674316,3.9000000953674316,3.2100000381469727,3.240000009536743,54287,0.0,0.0
2024-08-29 00:00:00-04:00,3.1649999618530273,3.359999895095825,3.0,3.194999933242798,30387,0.0,0.0
2024-08-30 00:00:00-04:00,3.3299999237060547,3.75,3.2699999809265137,3.5999999046325684,34300,0.0,0.0
2024-09-03 00:00:00-04:00,3.8550000190734863,4.199999809265137,3.5999999046325684,4.050000190734863,49400,0.0,0.0
2024-09-04 00:00:00-04:00,3.944999933242798,4.335000038146973,3.944999933242798,4.184999942779541,17320,0.0,0.0
2024-09-05 00:00:00-04:00,4.125,4.304999828338623,3.9000000953674316,4.050000190734863,14147,0.0,0.0
2024-09-06 00:00:00-04:00,4.184999942779541,4.335000038146973,3.765000104904175,4.034999847412109,25440,0.0,0.0
2024-09-09 00:00:00-04:00,4.034999847412109,4.199999809265137,3.9149999618530273,4.184999942779541,10993,0.0,0.0
2024-09-10 00:00:00-04:00,4.050000190734863,4.139999866485596,3.930000066757202,4.050000190734863,15320,0.0,0.0
2024-09-11 00:00:00-04:00,4.034999847412109,4.199999809265137,3.9000000953674316,4.170000076293945,6233,0.0,0.0
2024-09-12 00:00:00-04:00,3.9749999046325684,4.199999809265137,3.9149999618530273,3.944999933242798,7453,0.0,0.0
2024-09-13 00:00:00-04:00,3.990000009536743,4.139999866485596,3.9749999046325684,4.050000190734863,12100,0.0,0.0
2024-09-16 00:00:00-04:00,3.884999990463257,4.050000190734863,3.869999885559082,3.9000000953674316,10913,0.0,0.0
2024-09-17 00:00:00-04:00,3.9000000953674316,3.944999933242798,3.674999952316284,3.7049999237060547,9727,0.0,0.0
2024-09-18 00:00:00-04:00,3.299999952316284,3.869999885559082,3.299999952316284,3.5999999046325684,13347,0.0,0.0
2024-09-19 00:00:00-04:00,3.8550000190734863,3.884999990463257,3.5999999046325684,3.825000047683716,15900,0.0,0.0
2024-09-20 00:00:00-04:00,3.7200000286102295,3.9000000953674316,3.5999999046325684,3.75,21527,0.0,0.0
2024-09-23 00:00:00-04:00,3.75,3.75,3.5999999046325684,3.615000009536743,6100,0.0,0.0
2024-09-24 00:00:00-04:00,3.615000009536743,3.7799999713897705,3.3299999237060547,3.5250000953674316,13867,0.0,0.0
2024-09-25 00:00:00-04:00,3.450000047683716,3.569999933242798,3.3450000286102295,3.4200000762939453,10073,0.0,0.0
2024-09-26 00:00:00-04:00,3.375,3.5999999046325684,3.3299999237060547,3.5250000953674316,5040,0.0,0.0
2024-09-27 00:00:00-04:00,3.5250000953674316,3.825000047683716,3.450000047683716,3.5999999046325684,8680,0.0,0.0
2024-09-30 00:00:00-04:00,3.734999895095825,3.930000066757202,3.4649999141693115,3.5399999618530273,18007,0.0,0.0
2024-10-01 00:00:00-04:00,6.210000038146973,7.664999961853027,4.215000152587891,4.46999979019165,13510447,0.0,0.0
2024-10-02 00:00:00-04:00,4.289999961853027,4.349999904632568,3.450000047683716,4.125,556313,0.0,0.0
2024-10-03 00:00:00-04:00,4.065000057220459,4.664999961853027,3.6449999809265137,3.6600000858306885,319173,0.0,0.0
2024-10-04 00:00:00-04:00,3.7200000286102295,3.75,3.1500000953674316,3.2850000858306885,158453,0.0,0.0
2024-10-07 00:00:00-04:00,3.2850000858306885,3.2850000858306885,2.865000009536743,3.2699999809265137,116140,0.0,0.0
2024-10-08 00:00:00-04:00,3.2699999809265137,3.2699999809265137,2.940000057220459,3.015000104904175,72993,0.0,0.0
2024-10-09 00:00:00-04:00,3.015000104904175,3.450000047683716,2.8350000381469727,3.2249999046325684,130860,0.0,0.0
2024-10-10 00:00:00-04:00,3.134999990463257,3.359999895095825,3.134999990463257,3.240000009536743,46667,0.0,0.0
2024-10-11 00:00:00-04:00,3.1050000190734863,3.5250000953674316,3.0,3.0899999141693115,72547,0.0,0.0
2024-10-14 00:00:00-04:00,3.0,3.0,2.609999895095825,2.759999990463257,180520,0.0,0.0
2024-10-15 00:00:00-04:00,2.7149999141693115,2.8350000381469727,2.625,2.6549999713897705,132993,0.0,0.0
2024-10-16 00:00:00-04:00,2.5299999713897705,2.799999952316284,2.390000104904175,2.4700000286102295,215800,0.0,0.06666666666666667
2024-10-17 00:00:00-04:00,2.430000066757202,2.700000047683716,2.4000000953674316,2.6500000953674316,378800,0.0,0.0
2024-10-18 00:00:00-04:00,2.799999952316284,2.8299999237060547,2.4000000953674316,2.5399999618530273,3169000,0.0,0.0
2024-10-21 00:00:00-04:00,2.450000047683716,2.450000047683716,2.200000047683716,2.430000066757202,895100,0.0,0.0
2024-10-22 00:00:00-04:00,2.3499999046325684,2.5299999713897705,2.3380000591278076,2.509999990463257,304100,0.0,0.0
2024-10-23 00:00:00-04:00,2.4100000858306885,2.490000009536743,2.319999933242798,2.369999885559082,186400,0.0,0.0
2024-10-24 00:00:00-04:00,2.319999933242798,2.5309998989105225,2.2899999618530273,2.4600000381469727,393200,0.0,0.0
2024-10-25 00:00:00-04:00,2.4700000286102295,2.6500000953674316,2.380000114440918,2.4200000762939453,444000,0.0,0.0
2024-10-28 00:00:00-04:00,2.4200000762939453,2.440000057220459,2.3299999237060547,2.390000104904175,84900,0.0,0.0
2024-10-29 00:00:00-04:00,2.359999895095825,2.4600000381469727,2.3499999046325684,2.430000066757202,91000,0.0,0.0
2024-10-30 00:00:00-04:00,2.4200000762939453,2.509999990463257,2.380000114440918,2.4700000286102295,70000,0.0,0.0
2024-10-31 00:00:00-04:00,2.5899999141693115,2.5899999141693115,2.309999942779541,2.369999885559082,197800,0.0,0.0
2024-11-01 00:00:00-04:00,2.359999895095825,2.380000114440918,2.0999999046325684,2.259999990463257,67600,0.0,0.0
2024-11-04 00:00:00-05:00,2.25,2.369999885559082,2.200000047683716,2.369999885559082,61000,0.0,0.0
2024-11-05 00:00:00-05:00,2.430000066757202,2.5999999046325684,2.259999990463257,2.4800000190734863,88800,0.0,0.0
2024-11-06 00:00:00-05:00,2.450000047683716,2.4800000190734863,2.359999895095825,2.390000104904175,69600,0.0,0.0
2024-11-07 00:00:00-05:00,2.4000000953674316,2.453000068664551,2.3399999141693115,2.369999885559082,41800,0.0,0.0
2024-11-08 00:00:00-05:00,2.2799999713897705,2.3610000610351562,2.259999990463257,2.319999933242798,58800,0.0,0.0
2024-11-11 00:00:00-05:00,2.390000104904175,2.5399999618530273,2.3499999046325684,2.4700000286102295,142500,0.0,0.0
2024-11-12 00:00:00-05:00,2.490000009536743,2.490000009536743,2.359999895095825,2.440000057220459,120900,0.0,0.0
2024-11-13 00:00:00-05:00,2.430000066757202,2.509999990463257,2.4000000953674316,2.430000066757202,57400,0.0,0.0
2024-11-14 00:00:00-05:00,2.380000114440918,2.4700000286102295,2.359999895095825,2.390000104904175,39400,0.0,0.0
2024-11-15 00:00:00-05:00,2.4200000762939453,2.4200000762939453,2.2699999809265137,2.309999942779541,70800,0.0,0.0
2024-11-18 00:00:00-05:00,2.3499999046325684,2.4000000953674316,2.2699999809265137,2.3299999237060547,40800,0.0,0.0
2024-11-19 00:00:00-05:00,2.3299999237060547,2.380000114440918,2.309999942779541,2.3350000381469727,30400,0.0,0.0
2024-11-20 00:00:00-05:00,2.3499999046325684,2.4700000286102295,2.309999942779541,2.4700000286102295,77400,0.0,0.0
2024-11-21 00:00:00-05:00,2.4200000762939453,2.5899999141693115,2.380000114440918,2.5,132900,0.0,0.0
2024-11-22 00:00:00-05:00,2.430000066757202,2.7100000381469727,2.4200000762939453,2.6500000953674316,124900,0.0,0.0
2024-11-25 00:00:00-05:00,2.7200000286102295,2.799999952316284,2.5999999046325684,2.619999885559082,130000,0.0,0.0
2024-11-26 00:00:00-05:00,2.640000104904175,2.640000104904175,2.450000047683716,2.484999895095825,49200,0.0,0.0
2024-11-27 00:00:00-05:00,2.509999990463257,2.5999999046325684,2.450000047683716,2.5299999713897705,50100,0.0,0.0
2024-11-29 00:00:00-05:00,2.5799999237060547,2.5799999237060547,2.4800000190734863,2.5,59000,0.0,0.0
2024-12-02 00:00:00-05:00,2.5,2.569999933242798,2.450000047683716,2.549999952316284,49800,0.0,0.0
2024-12-03 00:00:00-05:00,2.5,2.549999952316284,2.450000047683716,2.4700000286102295,65700,0.0,0.0
2024-12-04 00:00:00-05:00,2.549999952316284,2.569999933242798,2.450000047683716,2.5299999713897705,52800,0.0,0.0
2024-12-05 00:00:00-05:00,2.4800000190734863,2.5,2.4000000953674316,2.450000047683716,89800,0.0,0.0
2024-12-06 00:00:00-05:00,2.490000009536743,2.5399999618530273,2.4700000286102295,2.5399999618530273,24100,0.0,0.0
2024-12-09 00:00:00-05:00,2.5999999046325684,2.5999999046325684,2.4800000190734863,2.5,26500,0.0,0.0
2024-12-10 00:00:00-05:00,2.4600000381469727,2.5399999618530273,2.3499999046325684,2.490000009536743,50300,0.0,0.0
2024-12-11 00:00:00-05:00,2.559999942779541,2.559999942779541,2.359999895095825,2.549999952316284,40300,0.0,0.0
2024-12-12 00:00:00-05:00,2.549999952316284,2.549999952316284,2.450000047683716,2.490000009536743,15600,0.0,0.0
2024-12-13 00:00:00-05:00,2.505000114440918,2.619999885559082,2.4100000858306885,2.609999895095825,49100,0.0,0.0
2024-12-16 00:00:00-05:00,2.5399999618530273,2.559999942779541,2.4800000190734863,2.5299999713897705,32600,0.0,0.0
2024-12-17 00:00:00-05:00,2.5,2.5899999141693115,2.440000057220459,2.5799999237060547,33000,0.0,0.0
2024-12-18 00:00:00-05:00,2.5799999237060547,2.630000114440918,2.440000057220459,2.450000047683716,50100,0.0,0.0
2024-12-19 00:00:00-05:00,2.450000047683716,2.549999952316284,2.4000000953674316,2.440000057220459,807400,0.0,0.0
2024-12-20 00:00:00-05:00,2.5199999809265137,2.609999895095825,2.259999990463257,2.4800000190734863,215600,0.0,0.0
2024-12-23 00:00:00-05:00,2.4100000858306885,2.5,2.390000104904175,2.4800000190734863,44700,0.0,0.0
2024-12-24 00:00:00-05:00,2.5199999809265137,2.549999952316284,2.430000066757202,2.5199999809265137,31500,0.0,0.0
2024-12-26 00:00:00-05:00,2.490000009536743,2.6500000953674316,2.490000009536743,2.619999885559082,46300,0.0,0.0
2024-12-27 00:00:00-05:00,2.549999952316284,2.630000114440918,2.5,2.5999999046325684,32400,0.0,0.0
2024-12-30 00:00:00-05:00,2.640000104904175,2.640000104904175,2.069999933242798,2.450000047683716,139300,0.0,0.0
2024-12-31 00:00:00-05:00,2.549999952316284,2.549999952316284,2.3499999046325684,2.4200000762939453,81800,0.0,0.0
2025-01-02 00:00:00-05:00,2.4600000381469727,2.5799999237060547,2.4100000858306885,2.490000009536743,30000,0.0,0.0
2025-01-03 00:00:00-05:00,2.490000009536743,2.569999933242798,2.450000047683716,2.484999895095825,26900,0.0,0.0
2025-01-06 00:00:00-05:00,2.5899999141693115,2.700000047683716,2.5,2.6500000953674316,149100,0.0,0.0
2025-01-07 00:00:00-05:00,2.6600000858306885,2.759999990463257,2.63100004196167,2.7200000286102295,61200,0.0,0.0
2025-01-08 00:00:00-05:00,2.7200000286102295,2.765000104904175,2.6500000953674316,2.7200000286102295,36200,0.0,0.0
2025-01-10 00:00:00-05:00,2.640000104904175,2.740000009536743,2.630000114440918,2.6700000762939453,26100,0.0,0.0
2025-01-13 00:00:00-05:00,2.6700000762939453,2.680000066757202,2.5,2.5999999046325684,41300,0.0,0.0
2025-01-14 00:00:00-05:00,2.5999999046325684,2.5999999046325684,2.5,2.5799999237060547,24100,0.0,0.0
2025-01-15 00:00:00-05:00,2.5899999141693115,2.5999999046325684,2.5199999809265137,2.549999952316284,40100,0.0,0.0
2025-01-16 00:00:00-05:00,2.559999942779541,2.700000047683716,2.5199999809265137,2.680000066757202,13300,0.0,0.0
2025-01-17 00:00:00-05:00,2.6500000953674316,2.7300000190734863,2.5899999141693115,2.609999895095825,38800,0.0,0.0
2025-01-21 00:00:00-05:00,2.5799999237060547,2.75,2.5799999237060547,2.740000009536743,60500,0.0,0.0
2025-01-22 00:00:00-05:00,2.740000009536743,3.0999999046325684,2.680000066757202,3.0299999713897705,143900,0.0,0.0
2025-01-23 00:00:00-05:00,2.819999933242798,3.0999999046325684,2.819999933242798,2.869999885559082,68100,0.0,0.0
2025-01-24 00:00:00-05:00,2.9000000953674316,2.990000009536743,2.9000000953674316,2.990000009536743,21800,0.0,0.0
2025-01-27 00:00:00-05:00,2.950000047683716,2.9709999561309814,2.7179999351501465,2.7799999713897705,17300,0.0,0.0
2025-01-28 00:00:00-05:00,2.7799999713897705,2.8499999046325684,2.7200000286102295,2.7679998874664307,15000,0.0,0.0
2025-01-29 00:00:00-05:00,2.869999885559082,2.869999885559082,2.640000104904175,2.6500000953674316,17800,0.0,0.0
2025-01-30 00:00:00-05:00,2.6600000858306885,2.8499999046325684,2.6600000858306885,2.7200000286102295,41100,0.0,0.0
2025-01-31 00:00:00-05:00,2.799999952316284,3.049999952316284,2.7639999389648438,3.0250000953674316,106000,0.0,0.0
2025-02-03 00:00:00-05:00,3.059999942779541,3.183000087738037,2.8550000190734863,3.114000082015991,144200,0.0,0.0
2025-02-04 00:00:00-05:00,3.0799999237060547,3.2200000286102295,3.010999917984009,3.180000066757202,67200,0.0,0.0
2025-02-05 00:00:00-05:00,3.25,3.25,3.1500000953674316,3.1700000762939453,141000,0.0,0.0
2025-02-06 00:00:00-05:00,3.130000114440918,3.440000057220459,2.9800000190734863,3.4200000762939453,258900,0.0,0.0
2025-02-07 00:00:00-05:00,3.640000104904175,4.400000095367432,3.5999999046325684,4.25,819700,0.0,0.0
2025-02-10 00:00:00-05:00,4.309999942779541,4.590000152587891,4.099999904632568,4.210000038146973,334700,0.0,0.0
2025-02-11 00:00:00-05:00,4.25,4.590000152587891,3.9000000953674316,4.420000076293945,155300,0.0,0.0
2025-02-12 00:00:00-05:00,4.409999847412109,4.698999881744385,4.150000095367432,4.519999980926514,204500,0.0,0.0
2025-02-13 00:00:00-05:00,4.579999923706055,4.579999923706055,4.25,4.429999828338623,117000,0.0,0.0
2025-02-14 00:00:00-05:00,4.514999866485596,4.900000095367432,4.322000026702881,4.840000152587891,112200,0.0,0.0
2025-02-18 00:00:00-05:00,4.900000095367432,4.952000141143799,4.71999979019165,4.829999923706055,79000,0.0,0.0
2025-02-19 00:00:00-05:00,4.860000133514404,5.599999904632568,4.739999771118164,5.599999904632568,258300,0.0,0.0
2025-02-20 00:00:00-05:00,5.639999866485596,6.150000095367432,4.440000057220459,4.71999979019165,225400,0.0,0.0
2025-02-21 00:00:00-05:00,4.900000095367432,4.900000095367432,4.056000232696533,4.329999923706055,138600,0.0,0.0
2025-02-24 00:00:00-05:00,4.369999885559082,4.645999908447266,4.170000076293945,4.599999904632568,75300,0.0,0.0
2025-02-25 00:00:00-05:00,4.610000133514404,4.610000133514404,3.875,4.099999904632568,60300,0.0,0.0
2025-02-26 00:00:00-05:00,4.090000152587891,4.429999828338623,4.040999889373779,4.429999828338623,32600,0.0,0.0
2025-02-27 00:00:00-05:00,4.409999847412109,4.554999828338623,4.03000020980835,4.204999923706055,65700,0.0,0.0
2025-02-28 00:00:00-05:00,4.090000152587891,4.420000076293945,3.8949999809265137,4.130000114440918,59700,0.0,0.0
2025-03-03 00:00:00-05:00,4.199999809265137,4.199999809265137,3.621000051498413,3.809999942779541,47300,0.0,0.0
2025-03-04 00:00:00-05:00,3.75,4.380000114440918,3.5850000381469727,4.309999942779541,61200,0.0,0.0
2025-03-05 00:00:00-05:00,4.21999979019165,4.489999771118164,4.03000020980835,4.340000152587891,21700,0.0,0.0
2025-03-06 00:00:00-05:00,4.340000152587891,5.025000095367432,4.099999904632568,4.730000019073486,31000,0.0,0.0
2025-03-07 00:00:00-05:00,4.949999809265137,5.329999923706055,4.690000057220459,5.28000020980835,72500,0.0,0.0
2025-03-10 00:00:00-04:00,5.289999961853027,5.289999961853027,4.659999847412109,4.909999847412109,52900,0.0,0.0
2025-03-11 00:00:00-04:00,4.800000190734863,4.880000114440918,4.139999866485596,4.190000057220459,48300,0.0,0.0
2025-03-12 00:00:00-04:00,4.099999904632568,4.349999904632568,3.990000009536743,4.349999904632568,24100,0.0,0.0
2025-03-13 00:00:00-04:00,4.199999809265137,4.199999809265137,3.9000000953674316,4.039999961853027,18800,0.0,0.0
2025-03-14 00:00:00-04:00,4.0,4.059999942779541,3.869999885559082,3.9100000858306885,12100,0.0,0.0
2025-03-17 00:00:00-04:00,3.8499999046325684,3.9100000858306885,3.630000114440918,3.640000104904175,70800,0.0,0.0
2025-03-18 00:00:00-04:00,3.753000020980835,3.753000020980835,3.2100000381469727,3.619999885559082,33200,0.0,0.0
2025-03-19 00:00:00-04:00,3.575000047683716,4.690000057220459,3.2750000953674316,4.269999980926514,217100,0.0,0.0
2025-03-20 00:00:00-04:00,4.25,4.690000057220459,4.150000095367432,4.349999904632568,65400,0.0,0.0
2025-03-21 00:00:00-04:00,4.355000019073486,5.011000156402588,4.355000019073486,4.460000038146973,151700,0.0,0.0
2025-03-24 00:00:00-04:00,4.53000020980835,5.199999809265137,4.251999855041504,4.75,120600,0.0,0.0
2025-03-25 00:00:00-04:00,4.739999771118164,4.989999771118164,2.6500000953674316,2.809999942779541,3201400,0.0,0.0
2025-03-26 00:00:00-04:00,2.630000114440918,2.809999942779541,2.25,2.4700000286102295,392100,0.0,0.0
2025-03-27 00:00:00-04:00,2.3299999237060547,2.490000009536743,2.2699999809265137,2.380000114440918,142600,0.0,0.0
2025-03-28 00:00:00-04:00,2.4000000953674316,2.509999990463257,2.063999891281128,2.380000114440918,195600,0.0,0.0
2025-03-31 00:00:00-04:00,2.2699999809265137,2.3399999141693115,1.7999999523162842,1.9500000476837158,246700,0.0,0.0
2025-04-01 00:00:00-04:00,1.8300000429153442,2.180000066757202,1.8300000429153442,2.1500000953674316,112000,0.0,0.0
2025-04-02 00:00:00-04:00,2.0899999141693115,2.2699999809265137,2.0250000953674316,2.140000104904175,59100,0.0,0.0
2025-04-03 00:00:00-04:00,2.049999952316284,2.0899999141693115,1.899999976158142,2.009999990463257,62300,0.0,0.0
2025-04-04 00:00:00-04:00,2.0,2.0,1.7799999713897705,1.840000033378601,98800,0.0,0.0
2025-04-07 00:00:00-04:00,1.7799999713897705,1.809999942779541,1.5299999713897705,1.600000023841858,154900,0.0,0.0
2025-04-08 00:00:00-04:00,1.6100000143051147,1.937000036239624,1.5800000429153442,1.600000023841858,129900,0.0,0.0
2025-04-09 00:00:00-04:00,1.590000033378601,1.75,1.5399999618530273,1.75,102400,0.0,0.0
2025-04-10 00:00:00-04:00,1.75,1.75,1.5199999809265137,1.5700000524520874,149700,0.0,0.0
2025-04-11 00:00:00-04:00,1.5499999523162842,1.6100000143051147,1.4850000143051147,1.565000057220459,126700,0.0,0.0
2025-04-14 00:00:00-04:00,1.5700000524520874,1.899999976158142,1.5700000524520874,1.8200000524520874,275400,0.0,0.0
2025-04-15 00:00:00-04:00,1.8200000524520874,2.069999933242798,1.7649999856948853,2.0,59200,0.0,0.0
2025-04-16 00:00:00-04:00,1.9800000190734863,2.25,1.9359999895095825,2.0999999046325684,169000,0.0,0.0
2025-04-17 00:00:00-04:00,2.119999885559082,2.572999954223633,2.119999885559082,2.569999933242798,129700,0.0,0.0
2025-04-21 00:00:00-04:00,2.5999999046325684,2.875,2.369999885559082,2.490000009536743,200400,0.0,0.0
2025-04-22 00:00:00-04:00,2.490000009536743,2.5999999046325684,2.180000066757202,2.240000009536743,276200,0.0,0.0
2025-04-23 00:00:00-04:00,2.440000057220459,2.8499999046325684,1.6260000467300415,2.0399999618530273,1519900,0.0,0.0
2025-04-24 00:00:00-04:00,2.069999933242798,2.25,2.0399999618530273,2.0999999046325684,299900,0.0,0.0
2025-04-25 00:00:00-04:00,1.8200000524520874,1.9199999570846558,1.6100000143051147,1.809999942779541,3740500,0.0,0.0
2025-04-28 00:00:00-04:00,1.809999942779541,1.809999942779541,1.6399999856948853,1.7799999713897705,232300,0.0,0.0
2025-04-29 00:00:00-04:00,1.75,1.8300000429153442,1.6699999570846558,1.690000057220459,361300,0.0,0.0
2025-04-30 00:00:00-04:00,1.6799999475479126,1.7100000381469727,1.5199999809265137,1.659999966621399,343300,0.0,0.0
2025-05-01 00:00:00-04:00,1.659999966621399,1.690000057220459,1.600000023841858,1.6100000143051147,94700,0.0,0.0
2025-05-02 00:00:00-04:00,1.6610000133514404,1.690000057220459,1.5549999475479126,1.6799999475479126,166300,0.0,0.0
2025-05-05 00:00:00-04:00,1.649999976158142,1.8899999856948853,1.649999976158142,1.809999942779541,211200,0.0,0.0
2025-05-06 00:00:00-04:00,1.7999999523162842,2.0,1.7400000095367432,1.7799999713897705,208200,0.0,0.0
2025-05-07 00:00:00-04:00,1.75,1.7999999523162842,1.649999976158142,1.7699999809265137,129100,0.0,0.0
2025-05-08 00:00:00-04:00,1.7699999809265137,1.7999999523162842,1.7109999656677246,1.7799999713897705,73900,0.0,0.0
2025-05-09 00:00:00-04:00,1.7899999618530273,1.8370000123977661,1.7000000476837158,1.7549999952316284,82400,0.0,0.0
2025-05-12 00:00:00-04:00,1.7999999523162842,1.840000033378601,1.6799999475479126,1.7200000286102295,122300,0.0,0.0
2025-05-13 00:00:00-04:00,1.6799999475479126,1.7330000400543213,1.5800000429153442,1.6399999856948853,168700,0.0,0.0
2025-05-14 00:00:00-04:00,1.6200000047683716,1.6979999542236328,1.5549999475479126,1.565000057220459,231800,0.0,0.0
2025-05-15 00:00:00-04:00,1.5700000524520874,1.600000023841858,1.350000023841858,1.3799999952316284,141600,0.0,0.0
2025-05-16 00:00:00-04:00,1.350000023841858,1.5190000534057617,1.3200000524520874,1.4700000286102295,101600,0.0,0.0
2025-05-19 00:00:00-04:00,1.4600000381469727,1.5199999809265137,1.4500000476837158,1.5049999952316284,35700,0.0,0.0
2025-05-20 00:00:00-04:00,1.5299999713897705,1.5800000429153442,1.4600000381469727,1.5800000429153442,108100,0.0,0.0
2025-05-21 00:00:00-04:00,1.5499999523162842,1.600000023841858,1.4700000286102295,1.4800000190734863,87000,0.0,0.0
2025-05-22 00:00:00-04:00,1.4600000381469727,1.6799999475479126,1.4600000381469727,1.6399999856948853,155900,0.0,0.0
2025-05-23 00:00:00-04:00,1.6139999628067017,1.75,1.590000033378601,1.690000057220459,142900,0.0,0.0
2025-05-27 00:00:00-04:00,1.7200000286102295,1.9700000286102295,1.690000057220459,1.8899999856948853,538200,0.0,0.0
2025-05-28 00:00:00-04:00,1.8899999856948853,2.200000047683716,1.8899999856948853,2.109999895095825,553700,0.0,0.0
2025-05-29 00:00:00-04:00,2.1500000953674316,2.437999963760376,2.066999912261963,2.4200000762939453,375500,0.0,0.0
2025-05-30 00:00:00-04:00,2.4200000762939453,2.450000047683716,2.049999952316284,2.180000066757202,156700,0.0,0.0
2025-06-02 00:00:00-04:00,2.119999885559082,2.4749999046325684,2.075000047683716,2.130000114440918,359200,0.0,0.0
2025-06-03 00:00:00-04:00,2.0999999046325684,2.2200000286102295,2.0399999618530273,2.0999999046325684,246000,0.0,0.0
2025-06-04 00:00:00-04:00,2.069999933242798,2.2799999713897705,2.0290000438690186,2.2300000190734863,93500,0.0,0.0
2025-06-05 00:00:00-04:00,2.244999885559082,2.244999885559082,2.0,2.0399999618530273,107200,0.0,0.0
2025-06-06 00:00:00-04:00,2.140000104904175,2.140000104904175,1.9199999570846558,2.0399999618530273,279300,0.0,0.0
2025-06-09 00:00:00-04:00,2.049999952316284,2.119999885559082,2.0,2.049999952316284,257300,0.0,0.0
2025-06-10 00:00:00-04:00,2.069999933242798,2.075000047683716,1.9040000438690186,2.049999952316284,133200,0.0,0.0
2025-06-11 00:00:00-04:00,2.0399999618530273,2.059000015258789,1.9600000381469727,2.005000114440918,83700,0.0,0.0
2025-06-12 00:00:00-04:00,2.0,2.0969998836517334,1.8700000047683716,2.009999990463257,205100,0.0,0.0
2025-06-13 00:00:00-04:00,1.940000057220459,2.069999933242798,1.7400000095367432,2.0299999713897705,237700,0.0,0.0
2025-06-16 00:00:00-04:00,2.0299999713897705,2.0799999237060547,1.899999976158142,1.9199999570846558,79500,0.0,0.0
2025-06-17 00:00:00-04:00,1.909999966621399,2.0399999618530273,1.875,1.940000057220459,144100,0.0,0.0
2025-06-18 00:00:00-04:00,2.0399999618530273,2.0399999618530273,1.899999976158142,1.9700000286102295,84900,0.0,0.0
2025-06-20 00:00:00-04:00,1.909999966621399,2.130000114440918,1.909999966621399,2.0799999237060547,340000,0.0,0.0
2025-06-23 00:00:00-04:00,2.009999990463257,2.015000104904175,1.8600000143051147,1.8600000143051147,82300,0.0,0.0
2025-06-24 00:00:00-04:00,1.9800000190734863,2.0399999618530273,1.8700000047683716,2.0199999809265137,206100,0.0,0.0
2025-06-25 00:00:00-04:00,2.009999990463257,2.009999990463257,1.75,1.8300000429153442,217700,0.0,0.0
2025-06-26 00:00:00-04:00,1.809999942779541,1.909999966621399,1.75,1.7999999523162842,101800,0.0,0.0
2025-06-27 00:00:00-04:00,1.7599999904632568,1.7899999618530273,1.6799999475479126,1.7300000190734863,131000,0.0,0.0
2025-06-30 00:00:00-04:00,1.6799999475479126,1.6799999475479126,1.4800000190734863,1.5199999809265137,256700,0.0,0.0
2025-07-01 00:00:00-04:00,1.5199999809265137,1.590000033378601,1.4600000381469727,1.5099999904632568,155800,0.0,0.0
2025-07-02 00:00:00-04:00,1.4900000095367432,1.5850000381469727,1.4850000143051147,1.5199999809265137,158900,0.0,0.0
2025-07-03 00:00:00-04:00,1.559999942779541,1.5800000429153442,1.4900000095367432,1.4900000095367432,72400,0.0,0.0
2025-07-07 00:00:00-04:00,1.4900000095367432,1.5199999809265137,1.4500000476837158,1.4600000381469727,67800,0.0,0.0
2025-07-08 00:00:00-04:00,1.4500000476837158,1.600000023841858,1.409000039100647,1.5399999618530273,130400,0.0,0.0
2025-07-09 00:00:00-04:00,1.5299999713897705,1.6200000047683716,1.4199999570846558,1.4600000381469727,118900,0.0,0.0
2025-07-10 00:00:00-04:00,1.5399999618530273,1.7200000286102295,1.4500000476837158,1.649999976158142,205900,0.0,0.0
2025-07-11 00:00:00-04:00,1.659999966621399,1.6710000038146973,1.5,1.5299999713897705,203400,0.0,0.0
2025-07-14 00:00:00-04:00,1.5099999904632568,1.5449999570846558,1.4900000095367432,1.5199999809265137,34000,0.0,0.0
2025-07-15 00:00:00-04:00,1.5199999809265137,1.5230000019073486,1.4600000381469727,1.4700000286102295,49000,0.0,0.0
2025-07-16 00:00:00-04:00,1.4900000095367432,1.5049999952316284,1.4229999780654907,1.4299999475479126,89900,0.0,0.0
2025-07-17 00:00:00-04:00,1.4299999475479126,1.6260000467300415,1.4299999475479126,1.5800000429153442,231800,0.0,0.0
2025-07-18 00:00:00-04:00,1.5800000429153442,2.0799999237060547,1.5750000476837158,1.659999966621399,1037600,0.0,0.0
2025-07-21 00:00:00-04:00,1.7200000286102295,1.75,1.649999976158142,1.7200000286102295,64200,0.0,0.0
2025-07-22 00:00:00-04:00,1.7200000286102295,1.7200000286102295,1.5800000429153442,1.6299999952316284,158100,0.0,0.0
2025-07-23 00:00:00-04:00,1.649999976158142,1.7000000476837158,1.649999976158142,1.659999966621399,48700,0.0,0.0
2025-07-24 00:00:00-04:00,1.75,1.8700000047683716,1.659999966621399,1.75,176200,0.0,0.0
2025-07-25 00:00:00-04:00,1.7400000095367432,1.7949999570846558,1.7050000429153442,1.7300000190734863,18700,0.0,0.0
2025-07-28 00:00:00-04:00,1.7200000286102295,1.75,1.7000000476837158,1.7100000381469727,36100,0.0,0.0
2025-07-29 00:00:00-04:00,1.7000000476837158,1.7200000286102295,1.6200000047683716,1.6299999952316284,24000,0.0,0.0
2025-07-30 00:00:00-04:00,1.6100000143051147,1.7649999856948853,1.6100000143051147,1.6799999475479126,108500,0.0,0.0
2025-07-31 00:00:00-04:00,1.7599999904632568,1.7599999904632568,1.659999966621399,1.6799999475479126,57300,0.0,0.0
2025-08-01 00:00:00-04:00,1.6399999856948853,1.7100000381469727,1.6200000047683716,1.7100000381469727,54100,0.0,0.0
2025-08-04 00:00:00-04:00,1.659999966621399,1.7999999523162842,1.659999966621399,1.75,101100,0.0,0.0
2025-08-05 00:00:00-04:00,1.75,1.7999999523162842,1.75,1.7699999809265137,25600,0.0,0.0
2025-08-06 00:00:00-04:00,1.725000023841858,1.8700000047683716,1.7020000219345093,1.840000033378601,115600,0.0,0.0
2025-08-07 00:00:00-04:00,1.850000023841858,1.9500000476837158,1.7899999618530273,1.840000033378601,102500,0.0,0.0
2025-08-08 00:00:00-04:00,1.8200000524520874,1.8799999952316284,1.809999942779541,1.8600000143051147,65300,0.0,0.0
2025-08-11 00:00:00-04:00,1.8300000429153442,1.850000023841858,1.600000023841858,1.6399999856948853,175600,0.0,0.0
2025-08-12 00:00:00-04:00,1.6399999856948853,1.7400000095367432,1.6399999856948853,1.6799999475479126,42900,0.0,0.0
2025-08-13 00:00:00-04:00,1.659999966621399,1.7599999904632568,1.659999966621399,1.7000000476837158,51900,0.0,0.0
2025-08-14 00:00:00-04:00,1.649999976158142,1.7400000095367432,1.5199999809265137,1.5800000429153442,118100,0.0,0.0
2025-08-15 00:00:00-04:00,1.7300000190734863,1.7300000190734863,1.5499999523162842,1.6399999856948853,83500,0.0,0.0
2025-08-18 00:00:00-04:00,1.590000033378601,1.6100000143051147,1.559999942779541,1.565000057220459,49500,0.0,0.0
2025-08-19 00:00:00-04:00,1.5700000524520874,1.6089999675750732,1.4700000286102295,1.5099999904632568,70600,0.0,0.0
2025-08-20 00:00:00-04:00,1.4600000381469727,1.5700000524520874,1.4149999618530273,1.5149999856948853,229800,0.0,0.0
2025-08-21 00:00:00-04:00,1.5499999523162842,1.659999966621399,1.4500000476837158,1.659999966621399,116300,0.0,0.0
2025-08-22 00:00:00-04:00,1.6699999570846558,1.7300000190734863,1.5770000219345093,1.7300000190734863,107400,0.0,0.0
2025-08-25 00:00:00-04:00,1.659999966621399,1.7869999408721924,1.6299999952316284,1.6619999408721924,110900,0.0,0.0
2025-08-26 00:00:00-04:00,1.649999976158142,2.0,1.6299999952316284,1.8700000047683716,310900,0.0,0.0
2025-08-27 00:00:00-04:00,1.850000023841858,2.122999906539917,1.8450000286102295,1.9600000381469727,324900,0.0,0.0
2025-08-28 00:00:00-04:00,1.9570000171661377,2.430000066757202,1.8799999952316284,2.25,736600,0.0,0.0
2025-08-29 00:00:00-04:00,2.2899999618530273,2.450000047683716,2.200000047683716,2.359999895095825,315100,0.0,0.0
2025-09-02 00:00:00-04:00,2.3499999046325684,2.3499999046325684,2.0799999237060547,2.240000009536743,207400,0.0,0.0
2025-09-03 00:00:00-04:00,2.3399999141693115,2.578000068664551,2.140000104904175,2.2100000381469727,195000,0.0,0.0
2025-09-04 00:00:00-04:00,2.0799999237060547,2.2300000190734863,2.0299999713897705,2.2200000286102295,237200,0.0,0.0
2025-09-05 00:00:00-04:00,2.200000047683716,2.2829999923706055,2.062999963760376,2.2100000381469727,168000,0.0,0.0
2025-09-08 00:00:00-04:00,2.190000057220459,2.4800000190734863,2.190000057220459,2.369999885559082,105100,0.0,0.0
2025-09-09 00:00:00-04:00,2.3499999046325684,2.4100000858306885,2.130000114440918,2.299999952316284,270200,0.0,0.0
2025-09-10 00:00:00-04:00,2.2899999618530273,2.3889999389648438,2.1700000762939453,2.190000057220459,63500,0.0,0.0
2025-09-11 00:00:00-04:00,2.1700000762939453,2.200000047683716,2.069999933242798,2.130000114440918,129800,0.0,0.0
2025-09-12 00:00:00-04:00,2.119999885559082,2.299999952316284,2.0899999141693115,2.2699999809265137,206400,0.0,0.0
2025-09-15 00:00:00-04:00,2.2699999809265137,2.309999942779541,2.0999999046325684,2.130000114440918,49400,0.0,0.0
2025-09-16 00:00:00-04:00,2.109999895095825,2.3320000171661377,2.109999895095825,2.25,115400,0.0,0.0
2025-09-17 00:00:00-04:00,2.2699999809265137,2.2699999809265137,2.069999933242798,2.1600000858306885,76900,0.0,0.0
2025-09-18 00:00:00-04:00,2.109999895095825,2.2200000286102295,2.049999952316284,2.2200000286102295,103000,0.0,0.0
2025-09-19 00:00:00-04:00,2.1429998874664307,2.25,2.0399999618530273,2.25,242600,0.0,0.0
2025-09-22 00:00:00-04:00,2.180000066757202,2.5999999046325684,2.180000066757202,2.569999933242798,231600,0.0,0.0
2025-09-23 00:00:00-04:00,2.5899999141693115,2.6600000858306885,2.2100000381469727,2.2699999809265137,123500,0.0,0.0
2025-09-24 00:00:00-04:00,2.319999933242798,2.4509999752044678,2.140000104904175,2.430000066757202,197400,0.0,0.0
2025-09-25 00:00:00-04:00,2.2799999713897705,2.384000062942505,2.1600000858306885,2.25,189600,0.0,0.0
2025-09-26 00:00:00-04:00,2.190000057220459,2.25,2.0399999618530273,2.1600000858306885,162700,0.0,0.0
2025-09-29 00:00:00-04:00,2.1600000858306885,2.190000057220459,2.0899999141693115,2.109999895095825,155900,0.0,0.0
2025-09-30 00:00:00-04:00,2.0999999046325684,2.240000009536743,2.059999942779541,2.190000057220459,137200,0.0,0.0
2025-10-01 00:00:00-04:00,2.200000047683716,2.25,2.0,2.109999895095825,223500,0.0,0.0
2025-10-02 00:00:00-04:00,2.0899999141693115,2.25,2.0,2.190000057220459,242300,0.0,0.0
2025-10-03 00:00:00-04:00,2.200000047683716,2.444999933242798,2.1600000858306885,2.2699999809265137,265500,0.0,0.0
2025-10-06 00:00:00-04:00,2.1700000762939453,2.569999933242798,2.1600000858306885,2.569999933242798,356200,0.0,0.0
2025-10-07 00:00:00-04:00,2.5899999141693115,2.609999895095825,2.369999885559082,2.4100000858306885,300200,0.0,0.0
2025-10-08 00:00:00-04:00,2.4600000381469727,2.490000009536743,2.240000009536743,2.369999885559082,273000,0.0,0.0
2025-10-09 00:00:00-04:00,2.25,2.4489998817443848,2.140000104904175,2.1700000762939453,238000,0.0,0.0
2025-10-10 00:00:00-04:00,2.309999942779541,2.3550000190734863,2.0799999237060547,2.200000047683716,374300,0.0,0.0
2025-10-13 00:00:00-04:00,2.2100000381469727,2.5999999046325684,2.1500000953674316,2.5299999713897705,336000,0.0,0.0
2025-10-14 00:00:00-04:00,2.549999952316284,2.619999885559082,2.4100000858306885,2.619999885559082,390700,0.0,0.0
2025-10-15 00:00:00-04:00,2.6500000953674316,2.6500000953674316,2.440000057220459,2.5399999618530273,222000,0.0,0.0
2025-10-16 00:00:00-04:00,2.5299999713897705,2.5899999141693115,2.390000104904175,2.4600000381469727,219000,0.0,0.0
2025-10-17 00:00:00-04:00,2.450000047683716,2.490000009536743,2.3499999046325684,2.390000104904175,251800,0.0,0.0
2025-10-20 00:00:00-04:00,2.4200000762939453,2.631999969482422,2.3499999046325684,2.4000000953674316,380100,0.0,0.0
2025-10-21 00:00:00-04:00,2.3499999046325684,2.75,2.200000047683716,2.740000009536743,446500,0.0,0.0
2025-10-22 00:00:00-04:00,2.7200000286102295,2.75,2.299999952316284,2.369999885559082,285400,0.0,0.0
2025-10-23 00:00:00-04:00,2.3299999237060547,2.384999990463257,2.2300000190734863,2.319999933242798,183900,0.0,0.0
2025-10-24 00:00:00-04:00,2.3399999141693115,2.5,2.2699999809265137,2.3299999237060547,192600,0.0,0.0
2025-10-27 00:00:00-04:00,2.2899999618530273,2.4000000953674316,2.140000104904175,2.140000104904175,423300,0.0,0.0
2025-10-28 00:00:00-04:00,2.180000066757202,2.2100000381469727,2.0299999713897705,2.069999933242798,278900,0.0,0.0
2025-10-29 00:00:00-04:00,2.069999933242798,2.2799999713897705,2.0,2.180000066757202,267000,0.0,0.0
2025-10-30 00:00:00-04:00,2.119999885559082,2.1570000648498535,2.0199999809265137,2.049999952316284,150700,0.0,0.0
2025-10-31 00:00:00-04:00,2.049999952316284,2.135999917984009,1.9800000190734863,2.0799999237060547,191000,0.0,0.0
2025-11-03 00:00:00-05:00,2.0799999237060547,2.0799999237060547,1.8300000429153442,1.8600000143051147,264500,0.0,0.0
2025-11-04 00:00:00-05:00,1.8700000047683716,1.909999966621399,1.7400000095367432,1.7999999523162842,191700,0.0,0.0
2025-11-05 00:00:00-05:00,1.7999999523162842,1.8799999952316284,1.7599999904632568,1.7999999523162842,213200,0.0,0.0
2025-11-06 00:00:00-05:00,1.7799999713897705,1.9500000476837158,1.6799999475479126,1.840000033378601,425000,0.0,0.0
2025-11-07 00:00:00-05:00,1.850000023841858,2.240000009536743,1.7200000286102295,2.2100000381469727,274100,0.0,0.0
2025-11-10 00:00:00-05:00,2.240000009536743,2.4100000858306885,2.0299999713897705,2.0899999141693115,590300,0.0,0.0
2025-11-11 00:00:00-05:00,1.7999999523162842,1.8559999465942383,1.6399999856948853,1.7200000286102295,711100,0.0,0.0
2025-11-12 00:00:00-05:00,1.8300000429153442,1.909999966621399,1.7200000286102295,1.7599999904632568,182800,0.0,0.0
2025-11-13 00:00:00-05:00,2.1700000762939453,2.2799999713897705,0.9800000190734863,1.190000057220459,68134900,0.0,0.0
2025-11-14 00:00:00-05:00,1.1299999952316284,1.4900000095367432,1.1299999952316284,1.4800000190734863,3815800,0.0,0.0
2025-11-17 00:00:00-05:00,1.3600000143051147,1.3899999856948853,1.1799999475479126,1.2599999904632568,869400,0.0,0.0
2025-11-18 00:00:00-05:00,1.1299999952316284,1.309999942779541,1.1299999952316284,1.2799999713897705,474000,0.0,0.0
2025-11-19 00:00:00-05:00,1.2200000286102295,1.2799999713897705,1.1799999475479126,1.2400000095367432,488500,0.0,0.0
2025-11-20 00:00:00-05:00,1.2200000286102295,1.25,1.1100000143051147,1.1399999856948853,460400,0.0,0.0
2025-11-21 00:00:00-05:00,1.1100000143051147,1.1200000047683716,1.0149999856948853,1.1200000047683716,308800,0.0,0.0
2025-11-24 00:00:00-05:00,1.0299999713897705,1.159999966621399,1.0299999713897705,1.149999976158142,229000,0.0,0.0
2025-11-25 00:00:00-05:00,1.1100000143051147,1.1399999856948853,1.0800000429153442,1.100000023841858,118100,0.0,0.0
2025-11-26 00:00:00-05:00,1.100000023841858,1.100000023841858,1.0399999618530273,1.0700000524520874,168900,0.0,0.0
2025-11-28 00:00:00-05:00,1.090000033378601,1.1100000143051147,1.0499999523162842,1.1100000143051147,293000,0.0,0.0
2025-12-01 00:00:00-05:00,1.0399999618530273,1.0700000524520874,0.984000027179718,0.9959999918937683,312600,0.0,0.0
2025-12-02 00:00:00-05:00,1.0099999904632568,1.25,1.0,1.159999966621399,908700,0.0,0.0
2025-12-03 00:00:00-05:00,1.1399999856948853,1.2400000095367432,1.1150000095367432,1.2300000190734863,373200,0.0,0.0
2025-12-04 00:00:00-05:00,1.2400000095367432,1.2400000095367432,1.1460000276565552,1.1799999475479126,155400,0.0,0.0
2025-12-05 00:00:00-05:00,1.2000000476837158,1.2000000476837158,1.059999942779541,1.100000023841858,241400,0.0,0.0
2025-12-08 00:00:00-05:00,1.0700000524520874,1.1299999952316284,1.065000057220459,1.1299999952316284,135100,0.0,0.0
2025-12-09 00:00:00-05:00,1.1200000047683716,1.2200000286102295,1.0980000495910645,1.2200000286102295,314400,0.0,0.0
2025-12-10 00:00:00-05:00,1.2200000286102295,1.2200000286102295,1.090000033378601,1.100000023841858,182400,0.0,0.0
2025-12-11 00:00:00-05:00,1.100000023841858,1.149999976158142,1.0700000524520874,1.1299999952316284,125000,0.0,0.0
2025-12-12 00:00:00-05:00,1.1299999952316284,1.149999976158142,1.090000033378601,1.1299999952316284,185200,0.0,0.0
2025-12-15 00:00:00-05:00,1.1820000410079956,1.1820000410079956,1.1150000095367432,1.1399999856948853,321900,0.0,0.0
2025-12-16 00:00:00-05:00,1.149999976158142,1.2599999904632568,1.1299999952316284,1.2000000476837158,399000,0.0,0.0
2025-12-17 00:00:00-05:00,1.2100000381469727,1.25,1.1200000047683716,1.2200000286102295,524600,0.0,0.0
2025-12-18 00:00:00-05:00,1.1749999523162842,1.3799999952316284,1.1699999570846558,1.309999942779541,1155500,0.0,0.0
2025-12-19 00:00:00-05:00,1.0399999618530273,1.0700000524520874,0.5239999890327454,0.7129999995231628,9960100,0.0,0.0
2025-12-22 00:00:00-05:00,0.7129999995231628,0.9800000190734863,0.699999988079071,0.7829999923706055,5057900,0.0,0.0
2025-12-23 00:00:00-05:00,0.7990000247955322,0.800000011920929,0.7200000286102295,0.7749999761581421,811000,0.0,0.0
2025-12-24 00:00:00-05:00,0.7540000081062317,0.7699999809265137,0.7300000190734863,0.7699999809265137,180700,0.0,0.0
2025-12-26 00:00:00-05:00,0.7200000286102295,0.7699999809265137,0.703000009059906,0.7129999995231628,478400,0.0,0.0
2025-12-29 00:00:00-05:00,0.7099999785423279,0.7440000176429749,0.6499999761581421,0.6570000052452087,519800,0.0,0.0
2025-12-30 00:00:00-05:00,0.6549999713897705,0.7200000286102295,0.6549999713897705,0.6610000133514404,306600,0.0,0.0
2025-12-31 00:00:00-05:00,0.6549999713897705,0.7440000176429749,0.652999997138977,0.7400000095367432,413600,0.0,0.0
2026-01-02 00:00:00-05:00,0.7400000095367432,0.8999999761581421,0.7200000286102295,0.8529999852180481,697300,0.0,0.0
2026-01-05 00:00:00-05:00,0.8669999837875366,0.8690000176429749,0.7730000019073486,0.8289999961853027,292800,0.0,0.0
2026-01-06 00:00:00-05:00,0.8399999737739563,0.8799999952316284,0.8009999990463257,0.8690000176429749,353000,0.0,0.0
2026-01-07 00:00:00-05:00,0.8769999742507935,0.9020000100135803,0.8399999737739563,0.8790000081062317,526900,0.0,0.0
2026-01-08 00:00:00-05:00,0.8420000076293945,1.0299999713897705,0.8399999737739563,0.9919999837875366,1192200,0.0,0.0
2026-01-09 00:00:00-05:00,0.9480000138282776,0.9599999785423279,0.7720000147819519,0.7799999713897705,443000,0.0,0.0
2026-01-12 00:00:00-05:00,0.800000011920929,0.8299999833106995,0.7699999809265137,0.7850000262260437,308800,0.0,0.0
2026-01-13 00:00:00-05:00,0.7699999809265137,0.8050000071525574,0.699999988079071,0.7059999704360962,366900,0.0,0.0
2026-01-14 00:00:00-05:00,0.7200000286102295,0.753000020980835,0.6809999942779541,0.6850000023841858,212500,0.0,0.0
2026-01-15 00:00:00-05:00,0.7200000286102295,0.7960000038146973,0.6570000052452087,0.6639999747276306,517600,0.0,0.0
2026-01-16 00:00:00-05:00,0.6990000009536743,0.699999988079071,0.625,0.625,406100,0.0,0.0
2026-01-20 00:00:00-05:00,0.6079999804496765,0.6639999747276306,0.6000000238418579,0.6119999885559082,173900,0.0,0.0
2026-01-21 00:00:00-05:00,0.6179999709129333,0.6589999794960022,0.5230000019073486,0.5509999990463257,630600,0.0,0.0
2026-01-22 00:00:00-05:00,0.5580000281333923,0.597000002861023,0.5049999952316284,0.5370000004768372,534500,0.0,0.0
2026-01-23 00:00:00-05:00,0.5680000185966492,0.5680000185966492,0.5120000243186951,0.5120000243186951,237600,0.0,0.0
2026-01-26 00:00:00-05:00,0.5299999713897705,0.5299999713897705,0.44200000166893005,0.4620000123977661,660400,0.0,0.0
2026-01-27 00:00:00-05:00,0.47999998927116394,0.4970000088214874,0.4490000009536743,0.45399999618530273,304900,0.0,0.0
2026-01-28 00:00:00-05:00,0.4560000002384186,0.4659999907016754,0.4300000071525574,0.4300000071525574,163200,0.0,0.0
2026-01-29 00:00:00-05:00,0.43799999356269836,0.43799999356269836,0.3709999918937683,0.37599998712539673,412300,0.0,0.0
2026-01-30 00:00:00-05:00,0.38600000739097595,0.4000000059604645,0.35100001096725464,0.3610000014305115,473900,0.0,0.0
2026-02-02 00:00:00-05:00,0.367000013589859,0.47200000286102295,0.3499999940395355,0.42899999022483826,1733200,0.0,0.0
2026-02-03 00:00:00-05:00,0.4050000011920929,0.42899999022483826,0.37299999594688416,0.39100000262260437,284800,0.0,0.0
2026-02-04 00:00:00-05:00,0.4059999883174896,0.42800000309944153,0.35100001096725464,0.35600000619888306,194000,0.0,0.0
2026-02-05 00:00:00-05:00,0.3449999988079071,0.4300000071525574,0.3400000035762787,0.3400000035762787,249100,0.0,0.0
2026-02-06 00:00:00-05:00,0.3659999966621399,0.40799999237060547,0.35199999809265137,0.38199999928474426,206100,0.0,0.0
2026-02-09 00:00:00-05:00,0.375,0.41999998688697815,0.3709999918937683,0.3790000081062317,195400,0.0,0.0
2026-02-10 00:00:00-05:00,0.38100001215934753,0.43700000643730164,0.3790000081062317,0.3790000081062317,198600,0.0,0.0
2026-02-11 00:00:00-05:00,0.4000000059604645,0.4000000059604645,0.3580000102519989,0.3799999952316284,162100,0.0,0.0
2026-02-12 00:00:00-05:00,0.37400001287460327,0.45100000500679016,0.37400001287460327,0.39500001072883606,279500,0.0,0.0
2026-02-13 00:00:00-05:00,0.39100000262260437,0.4099999964237213,0.38999998569488525,0.3959999978542328,85800,0.0,0.0
2026-02-17 00:00:00-05:00,0.40799999237060547,0.40799999237060547,0.3720000088214874,0.3799999952316284,93200,0.0,0.0
2026-02-18 00:00:00-05:00,0.38999998569488525,0.39399999380111694,0.35600000619888306,0.36000001430511475,186100,0.0,0.0
2026-02-19 00:00:00-05:00,0.3569999933242798,0.36800000071525574,0.3499999940395355,0.35600000619888306,7960400,0.0,0.0
2026-02-20 00:00:00-05:00,0.6240000128746033,0.6890000104904175,0.4779999852180481,0.5299999713897705,349214500,0.0,0.0
2026-02-23 00:00:00-05:00,0.5149999856948853,0.5529999732971191,0.46700000762939453,0.5450000166893005,11707400,0.0,0.0
2026-02-24 00:00:00-05:00,0.4749999940395355,0.527999997138977,0.4749999940395355,0.5239999890327454,3640600,0.0,0.0
2026-02-25 00:00:00-05:00,0.4880000054836273,0.5199999809265137,0.47999998927116394,0.5,1887500,0.0,0.0
2026-02-26 00:00:00-05:00,0.515999972820282,0.5199999809265137,0.48399999737739563,0.5189999938011169,1747700,0.0,0.0
2026-02-27 00:00:00-05:00,0.503000020980835,0.5479999780654907,0.5,0.5350000262260437,1888500,0.0,0.0
2026-03-02 00:00:00-05:00,0.492000013589859,0.5299999713897705,0.492000013589859,0.5009999871253967,846100,0.0,0.0
2026-03-03 00:00:00-05:00,0.4749999940395355,0.5009999871253967,0.382999986410141,0.4059999883174896,1909400,0.0,0.0
2026-03-04 00:00:00-05:00,0.3799999952316284,0.4099999964237213,0.3799999952316284,0.382999986410141,732300,0.0,0.0
2026-03-05 00:00:00-05:00,0.3720000088214874,0.4050000011920929,0.3720000088214874,0.3720000088214874,535200,0.0,0.0
2026-03-06 00:00:00-05:00,0.3479999899864197,0.37299999594688416,0.33500000834465027,0.37299999594688416,22873500,0.0,0.0
2026-03-09 00:00:00-04:00,0.4020000100135803,0.4020000100135803,0.33500000834465027,0.34700000286102295,7828100,0.0,0.0
2026-03-10 00:00:00-04:00,0.33399999141693115,0.36500000953674316,0.3310000002384186,0.35199999809265137,1157000,0.0,0.0
2026-03-11 00:00:00-04:00,0.34599998593330383,0.40700000524520874,0.34599998593330383,0.3840000033378601,959000,0.0,0.0
2026-03-12 00:00:00-04:00,0.36800000071525574,0.4059999883174896,0.3619999885559082,0.3930000066757202,664400,0.0,0.0
2026-03-13 00:00:00-04:00,0.39800000190734863,0.39800000190734863,0.36000001430511475,0.3840000033378601,519600,0.0,0.0
2026-03-16 00:00:00-04:00,0.37400001287460327,0.40400001406669617,0.35199999809265137,0.40400001406669617,703000,0.0,0.0
2026-03-17 00:00:00-04:00,0.3880000114440918,0.4009999930858612,0.37700000405311584,0.4000000059604645,4442800,0.0,0.0
2026-03-18 00:00:00-04:00,0.3700000047683716,0.3919999897480011,0.3319999873638153,0.3720000088214874,938200,0.0,0.0
2026-03-19 00:00:00-04:00,0.3400000035762787,0.35600000619888306,0.3330000042915344,0.35600000619888306,388200,0.0,0.0
2026-03-20 00:00:00-04:00,0.3490000069141388,0.3490000069141388,0.16200000047683716,0.16200000047683716,3851800,0.0,0.0
2026-03-23 00:00:00-04:00,0.39399999380111694,0.4129999876022339,0.3149999976158142,0.3240000009536743,310175700,0.0,0.0
2026-03-24 00:00:00-04:00,0.29499998688697815,0.32100000977516174,0.2720000147819519,0.30300000309944153,8093700,0.0,0.0
2026-03-25 00:00:00-04:00,0.28999999165534973,0.32899999618530273,0.28999999165534973,0.32899999618530273,2667500,0.0,0.0
2026-03-26 00:00:00-04:00,0.328000009059906,0.3700000047683716,0.3160000145435333,0.3700000047683716,2582000,0.0,0.0
2026-03-27 00:00:00-04:00,0.3400000035762787,0.4909999966621399,0.3400000035762787,0.4869999885559082,6864400,0.0,0.0
2026-03-30 00:00:00-04:00,0.4480000138282776,0.4869999885559082,0.34700000286102295,0.42800000309944153,2931900,0.0,0.0
2026-03-31 00:00:00-04:00,0.4090000092983246,0.44999998807907104,0.35499998927116394,0.36000001430511475,1341300,0.0,0.0
2026-04-01 00:00:00-04:00,0.36000001430511475,0.37400001287460327,0.35100001096725464,0.36000001430511475,765700,0.0,0.0
2026-04-02 00:00:00-04:00,0.34299999475479126,0.35899999737739563,0.328000009059906,0.33799999952316284,521300,0.0,0.0
2026-04-06 00:00:00-04:00,0.3230000138282776,0.38499999046325684,0.3230000138282776,0.3840000033378601,1117400,0.0,0.0
2026-04-07 00:00:00-04:00,0.3840000033378601,0.39899998903274536,0.3529999852180481,0.36899998784065247,986100,0.0,0.0
2026-04-08 00:00:00-04:00,0.3779999911785126,0.3869999945163727,0.3370000123977661,0.3370000123977661,541700,0.0,0.0
2026-04-09 00:00:00-04:00,0.3409999907016754,0.367000013589859,0.33000001311302185,0.3400000035762787,231500,0.0,0.0
2026-04-10 00:00:00-04:00,0.35899999737739563,0.36000001430511475,0.3400000035762787,0.3400000035762787,472200,0.0,0.0
2026-04-13 00:00:00-04:00,0.3499999940395355,0.4300000071525574,0.3499999940395355,0.3930000066757202,1320300,0.0,0.0
2026-04-14 00:00:00-04:00,0.40799999237060547,0.4099999964237213,0.38100001215934753,0.3880000114440918,519600,0.0,0.0
2026-04-15 00:00:00-04:00,0.38199999928474426,0.4230000078678131,0.3799999952316284,0.40400001406669617,529400,0.0,0.0
2026-04-16 00:00:00-04:00,0.4090000092983246,0.5,0.4000000059604645,0.4729999899864197,1805800,0.0,0.0
2026-04-17 00:00:00-04:00,0.4620000123977661,0.4699999988079071,0.4320000112056732,0.43799999356269836,540500,0.0,0.0
2026-04-20 00:00:00-04:00,0.42500001192092896,0.5149999856948853,0.42500001192092896,0.5099999904632568,699500,0.0,0.0
2026-04-21 00:00:00-04:00,0.5099999904632568,0.5099999904632568,0.4650000035762787,0.47200000286102295,352100,0.0,0.0
2026-04-22 00:00:00-04:00,0.47699999809265137,0.5040000081062317,0.4490000009536743,0.44999998807907104,374900,0.0,0.0
2026-04-23 00:00:00-04:00,0.4189999997615814,0.4410000145435333,0.38600000739097595,0.40400001406669617,484600,0.0,0.0
2026-04-24 00:00:00-04:00,0.40799999237060547,0.44200000166893005,0.4000000059604645,0.4169999957084656,193500,0.0,0.0
2026-04-27 00:00:00-04:00,0.41200000047683716,0.4440000057220459,0.4000000059604645,0.4000000059604645,281800,0.0,0.0
2026-04-28 00:00:00-04:00,0.39399999380111694,0.4059999883174896,0.3440000116825104,0.36000001430511475,329900,0.0,0.0
2026-04-29 00:00:00-04:00,0.3790000081062317,0.3799999952316284,0.33000001311302185,0.3319999873638153,594800,0.0,0.0
2026-04-30 00:00:00-04:00,0.34599998593330383,0.36399999260902405,0.33000001311302185,0.3400000035762787,580000,0.0,0.0
2026-05-01 00:00:00-04:00,0.3370000123977661,0.36000001430511475,0.30000001192092896,0.3179999887943268,1696800,0.0,0.0
2026-05-04 00:00:00-04:00,0.31700000166893005,0.3490000069141388,0.3109999895095825,0.33799999952316284,464200,0.0,0.0
2026-05-05 00:00:00-04:00,0.328000009059906,0.328000009059906,0.3050000071525574,0.3199999928474426,571100,0.0,0.0
2026-05-06 00:00:00-04:00,0.31299999356269836,0.38499999046325684,0.31299999356269836,0.35100001096725464,1069800,0.0,0.0
2026-05-07 00:00:00-04:00,0.3409999907016754,0.3700000047683716,0.3400000035762787,0.3400000035762787,286900,0.0,0.0
2026-05-08 00:00:00-04:00,0.3479999899864197,0.4659999907016754,0.30000001192092896,0.41100001335144043,4435800,0.0,0.0
2026-05-11 00:00:00-04:00,0.41499999165534973,0.4620000123977661,0.41499999165534973,0.42100000381469727,702700,0.0,0.0
2026-05-12 00:00:00-04:00,0.42899999022483826,0.46000000834465027,0.34599998593330383,0.34599998593330383,687800,0.0,0.0
2026-05-13 00:00:00-04:00,0.34599998593330383,0.3799999952316284,0.3400000035762787,0.3400000035762787,684200,0.0,0.0
2026-05-14 00:00:00-04:00,0.3400000035762787,0.4180000126361847,0.3400000035762787,0.3930000066757202,939000,0.0,0.0
2026-05-15 00:00:00-04:00,0.3930000066757202,0.45500001311302185,0.3889999985694885,0.4399999976158142,823200,0.0,0.0
2026-05-18 00:00:00-04:00,0.42100000381469727,0.46000000834465027,0.40400001406669617,0.4050000011920929,484600,0.0,0.0
2026-05-19 00:00:00-04:00,0.40799999237060547,0.4300000071525574,0.3869999945163727,0.4129999876022339,301900,0.0,0.0
2026-05-20 00:00:00-04:00,0.4099999964237213,0.4519999921321869,0.4009999930858612,0.4269999861717224,292300,0.0,0.0
2026-05-21 00:00:00-04:00,0.4350000023841858,0.44699999690055847,0.41999998688697815,0.43799999356269836,202900,0.0,0.0
2026-05-22 00:00:00-04:00,0.43700000643730164,0.47999998927116394,0.4189999997615814,0.45100000500679016,502500,0.0,0.0
2026-05-26 00:00:00-04:00,0.44999998807907104,0.5529999732971191,0.4309999942779541,0.5479999780654907,1266000,0.0,0.0
2026-05-27 00:00:00-04:00,0.5210000276565552,0.5550000071525574,0.49000000953674316,0.4959999918937683,461400,0.0,0.0
2026-05-28 00:00:00-04:00,0.5099999904632568,0.5299999713897705,0.4819999933242798,0.4830000102519989,527600,0.0,0.0
2026-05-29 00:00:00-04:00,0.4830000102519989,0.5,0.421999990940094,0.4300000071525574,430600,0.0,0.0
2026-06-01 00:00:00-04:00,0.4300000071525574,0.4779999852180481,0.41499999165534973,0.41999998688697815,584700,0.0,0.0
2026-06-02 00:00:00-04:00,0.414000004529953,0.41600000858306885,0.3700000047683716,0.382999986410141,1024800,0.0,0.0
2026-06-03 00:00:00-04:00,0.3799999952316284,0.39800000190734863,0.375,0.375,147600,0.0,0.0
2026-06-04 00:00:00-04:00,0.3700000047683716,0.4099999964237213,0.3700000047683716,0.3889999985694885,257800,0.0,0.0
2026-06-05 00:00:00-04:00,0.38999998569488525,0.39500001072883606,0.3449999988079071,0.3569999933242798,363700,0.0,0.0
2026-06-08 00:00:00-04:00,0.3700000047683716,0.3779999911785126,0.36000001430511475,0.3630000054836273,132000,0.0,0.0
2026-06-09 00:00:00-04:00,0.36500000953674316,0.375,0.3409999907016754,0.3409999907016754,138400,0.0,0.0
2026-06-10 00:00:00-04:00,0.35199999809265137,0.4099999964237213,0.3400000035762787,0.36000001430511475,279800,0.0,0.0
2026-06-11 00:00:00-04:00,0.36500000953674316,0.3725999891757965,0.3506999909877777,0.3702000081539154,171413,0.0,0.0
