Date,Open,High,Low,Close,Volume,Dividends,Stock Splits
2022-01-03 00:00:00-05:00,536.4099731445312,538.9600219726562,519.8499755859375,523.8499755859375,173800,0.0,0.0
2022-01-04 00:00:00-05:00,525.4400024414062,529.27001953125,511.6700134277344,520.47998046875,167100,0.0,0.0
2022-01-05 00:00:00-05:00,518.489990234375,518.489990234375,492.57000732421875,492.5899963378906,214400,0.0,0.0
2022-01-06 00:00:00-05:00,489.67999267578125,499.6499938964844,485.010009765625,493.6000061035156,160400,0.0,0.0
2022-01-07 00:00:00-05:00,492.9599914550781,499.2099914550781,481.1400146484375,483.5899963378906,195300,0.0,0.0
2022-01-10 00:00:00-05:00,474.8800048828125,486.4700012207031,472.2099914550781,486.4100036621094,242100,0.0,0.0
2022-01-11 00:00:00-05:00,486.4700012207031,505.5,484.67999267578125,505.0,283500,0.0,0.0
2022-01-12 00:00:00-05:00,505.3399963378906,508.760009765625,501.8999938964844,504.1099853515625,176500,0.0,0.0
2022-01-13 00:00:00-05:00,504.760009765625,509.9599914550781,480.260009765625,480.4200134277344,134700,0.0,0.0
2022-01-14 00:00:00-05:00,478.1000061035156,487.67999267578125,472.0,480.5199890136719,210200,0.0,0.0
2022-01-18 00:00:00-05:00,471.1199951171875,474.4700012207031,464.6600036621094,465.94000244140625,149400,0.0,0.0
2022-01-19 00:00:00-05:00,468.9700012207031,473.7300109863281,461.9599914550781,466.739990234375,208800,0.0,0.0
2022-01-20 00:00:00-05:00,471.05999755859375,479.0,458.19000244140625,458.67999267578125,157900,0.0,0.0
2022-01-21 00:00:00-05:00,459.9800109863281,466.6700134277344,452.9100036621094,454.5299987792969,267500,0.0,0.0
2022-01-24 00:00:00-05:00,447.4100036621094,467.45001220703125,437.2099914550781,466.82000732421875,303300,0.0,0.0
2022-01-25 00:00:00-05:00,456.07000732421875,456.54998779296875,441.07000732421875,446.1400146484375,247300,0.0,0.0
2022-01-26 00:00:00-05:00,452.1000061035156,456.6400146484375,434.04998779296875,437.2300109863281,201700,0.0,0.0
2022-01-27 00:00:00-05:00,441.80999755859375,449.2799987792969,430.6600036621094,433.20001220703125,172900,0.0,0.0
2022-01-28 00:00:00-05:00,436.6199951171875,450.80999755859375,428.67999267578125,450.5199890136719,162300,0.0,0.0
2022-01-31 00:00:00-05:00,450.1700134277344,474.2799987792969,450.1700134277344,473.79998779296875,194600,0.0,0.0
2022-02-01 00:00:00-05:00,473.75,479.9800109863281,469.45001220703125,475.3500061035156,169000,0.0,0.0
2022-02-02 00:00:00-05:00,475.29998779296875,480.9200134277344,466.57000732421875,470.7099914550781,173700,0.0,0.0
2022-02-03 00:00:00-05:00,463.010009765625,465.17999267578125,455.0,461.3900146484375,196000,0.0,0.0
2022-02-04 00:00:00-05:00,459.6199951171875,478.0,454.29998779296875,470.75,231100,0.0,0.0
2022-02-07 00:00:00-05:00,471.3399963378906,479.4700012207031,470.75,471.75,155000,0.0,0.0
2022-02-08 00:00:00-05:00,468.4599914550781,474.760009765625,467.19000244140625,472.0400085449219,247100,0.0,0.0
2022-02-09 00:00:00-05:00,482.55999755859375,491.2200012207031,480.44000244140625,491.07000732421875,142900,0.0,0.0
2022-02-10 00:00:00-05:00,480.010009765625,492.5899963378906,478.7699890136719,483.2099914550781,170900,0.0,0.0
2022-02-11 00:00:00-05:00,480.8900146484375,485.1199951171875,462.6300048828125,467.6700134277344,242700,0.0,0.0
2022-02-14 00:00:00-05:00,467.44000244140625,474.80999755859375,460.4200134277344,467.2799987792969,225400,0.0,0.0
2022-02-15 00:00:00-05:00,474.30999755859375,479.7699890136719,470.260009765625,477.1300048828125,202600,0.0,0.0
2022-02-16 00:00:00-05:00,474.3599853515625,474.3599853515625,462.1300048828125,469.739990234375,178600,0.0,0.0
2022-02-17 00:00:00-05:00,444.510009765625,453.3699951171875,428.0,428.6199951171875,451900,0.0,0.0
2022-02-18 00:00:00-05:00,426.04998779296875,426.760009765625,409.8500061035156,411.2799987792969,362200,0.0,0.0
2022-02-22 00:00:00-05:00,407.6000061035156,414.54998779296875,403.7099914550781,408.3299865722656,301200,0.0,0.0
2022-02-23 00:00:00-05:00,409.1300048828125,411.3900146484375,397.1199951171875,397.3900146484375,225900,0.0,0.0
2022-02-24 00:00:00-05:00,385.95001220703125,427.67999267578125,385.0,425.2900085449219,332800,0.0,0.0
2022-02-25 00:00:00-05:00,423.19000244140625,430.7099914550781,416.55999755859375,429.9200134277344,156700,0.0,0.0
2022-02-28 00:00:00-05:00,426.8800048828125,434.8299865722656,420.989990234375,428.260009765625,249800,0.0,0.0
2022-03-01 00:00:00-05:00,428.510009765625,428.8800048828125,419.5899963378906,422.3299865722656,192800,0.0,0.0
2022-03-02 00:00:00-05:00,426.3900146484375,431.010009765625,418.2200012207031,427.4100036621094,151500,0.0,0.0
2022-03-03 00:00:00-05:00,431.79998779296875,439.32000732421875,418.30999755859375,420.4700012207031,158400,0.0,0.0
2022-03-04 00:00:00-05:00,420.6700134277344,424.3900146484375,411.6499938964844,416.67999267578125,140700,0.0,0.0
2022-03-07 00:00:00-05:00,421.1000061035156,422.0799865722656,408.19000244140625,408.2300109863281,277800,0.0,0.0
2022-03-08 00:00:00-05:00,405.6400146484375,413.4599914550781,399.44000244140625,404.1400146484375,210800,0.0,0.0
2022-03-09 00:00:00-05:00,413.010009765625,422.32000732421875,413.010009765625,418.6499938964844,146800,0.0,0.0
2022-03-10 00:00:00-05:00,410.7699890136719,413.19000244140625,404.4100036621094,408.1300048828125,140200,0.0,0.0
2022-03-11 00:00:00-05:00,412.1700134277344,412.1700134277344,397.739990234375,398.30999755859375,256400,0.0,0.0
2022-03-14 00:00:00-04:00,398.6400146484375,406.6400146484375,389.4599914550781,391.5199890136719,218900,0.0,0.0
2022-03-15 00:00:00-04:00,395.7900085449219,404.9100036621094,393.94000244140625,403.3299865722656,195700,0.0,0.0
2022-03-16 00:00:00-04:00,409.3800048828125,418.7200012207031,398.7699890136719,415.07000732421875,224300,0.0,0.0
2022-03-17 00:00:00-04:00,411.989990234375,423.8900146484375,411.989990234375,423.7900085449219,158700,0.0,0.0
2022-03-18 00:00:00-04:00,423.44000244140625,437.2300109863281,420.3399963378906,435.989990234375,418400,0.0,0.0
2022-03-21 00:00:00-04:00,432.2799987792969,436.69000244140625,424.94000244140625,435.55999755859375,176300,0.0,0.0
2022-03-22 00:00:00-04:00,438.989990234375,446.0299987792969,434.239990234375,441.3299865722656,136500,0.0,0.0
2022-03-23 00:00:00-04:00,434.07000732421875,437.3500061035156,426.9700012207031,428.0199890136719,103800,0.0,0.0
2022-03-24 00:00:00-04:00,430.6000061035156,436.8299865722656,422.9200134277344,436.6000061035156,123100,0.0,0.0
2022-03-25 00:00:00-04:00,437.9700012207031,437.9700012207031,424.54998779296875,429.5199890136719,111100,0.0,0.0
2022-03-28 00:00:00-04:00,431.2099914550781,438.8500061035156,430.1700134277344,438.29998779296875,119800,0.0,0.0
2022-03-29 00:00:00-04:00,444.7900085449219,453.0299987792969,441.7099914550781,451.6300048828125,154400,0.0,0.0
2022-03-30 00:00:00-04:00,445.9800109863281,447.8900146484375,441.5299987792969,444.0,116500,0.0,0.0
2022-03-31 00:00:00-04:00,445.45001220703125,451.9599914550781,443.55999755859375,444.8900146484375,314800,0.0,0.0
2022-04-01 00:00:00-04:00,443.44000244140625,446.3900146484375,439.4200134277344,443.94000244140625,183400,0.0,0.0
2022-04-04 00:00:00-04:00,445.1199951171875,450.510009765625,443.69000244140625,444.260009765625,164000,0.0,0.0
2022-04-05 00:00:00-04:00,443.8599853515625,450.9599914550781,437.0199890136719,438.75,169500,0.0,0.0
2022-04-06 00:00:00-04:00,432.1000061035156,433.94000244140625,425.67999267578125,430.3399963378906,175500,0.0,0.0
2022-04-07 00:00:00-04:00,428.05999755859375,440.07000732421875,427.9100036621094,437.8800048828125,211800,0.0,0.0
2022-04-08 00:00:00-04:00,437.3599853515625,437.3599853515625,425.0899963378906,425.760009765625,102200,0.0,0.0
2022-04-11 00:00:00-04:00,422.0799865722656,424.8800048828125,413.2300109863281,414.1600036621094,229900,0.0,0.0
2022-04-12 00:00:00-04:00,418.2799987792969,426.7799987792969,411.2300109863281,412.2300109863281,110900,0.0,0.0
2022-04-13 00:00:00-04:00,410.95001220703125,420.8900146484375,409.8599853515625,418.3399963378906,143700,0.0,0.0
2022-04-14 00:00:00-04:00,419.3599853515625,419.3599853515625,404.6099853515625,404.8299865722656,133800,0.0,0.0
2022-04-18 00:00:00-04:00,406.0799865722656,408.3800048828125,394.67999267578125,397.1000061035156,185000,0.0,0.0
2022-04-19 00:00:00-04:00,397.8299865722656,411.3299865722656,397.32000732421875,410.7900085449219,149900,0.0,0.0
2022-04-20 00:00:00-04:00,413.8800048828125,414.92999267578125,405.5799865722656,406.54998779296875,210100,0.0,0.0
2022-04-21 00:00:00-04:00,411.42999267578125,417.0799865722656,394.0899963378906,396.8500061035156,163400,0.0,0.0
2022-04-22 00:00:00-04:00,395.67999267578125,396.70001220703125,385.0,385.3999938964844,239700,0.0,0.0
2022-04-25 00:00:00-04:00,382.1600036621094,396.8299865722656,381.4100036621094,396.45001220703125,443000,0.0,0.0
2022-04-26 00:00:00-04:00,393.989990234375,393.989990234375,374.9700012207031,375.0400085449219,245800,0.0,0.0
2022-04-27 00:00:00-04:00,375.20001220703125,384.05999755859375,368.7200012207031,370.5,290300,0.0,0.0
2022-04-28 00:00:00-04:00,383.25,404.760009765625,383.25,403.6600036621094,457300,0.0,0.0
2022-04-29 00:00:00-04:00,400.2799987792969,408.45001220703125,393.8599853515625,394.7099914550781,447700,0.0,0.0
2022-05-02 00:00:00-04:00,396.1099853515625,398.8399963378906,385.5299987792969,394.6099853515625,361700,0.0,0.0
2022-05-03 00:00:00-04:00,393.1199951171875,396.0299987792969,385.8599853515625,387.29998779296875,261100,0.0,0.0
2022-05-04 00:00:00-04:00,386.3399963378906,394.3699951171875,373.5799865722656,393.489990234375,251200,0.0,0.0
2022-05-05 00:00:00-04:00,389.0400085449219,392.239990234375,370.8900146484375,380.2099914550781,329900,0.0,0.0
2022-05-06 00:00:00-04:00,378.6099853515625,378.6099853515625,362.45001220703125,363.9100036621094,283000,0.0,0.0
2022-05-09 00:00:00-04:00,355.5299987792969,358.1099853515625,348.2300109863281,354.20001220703125,356900,0.0,0.0
2022-05-10 00:00:00-04:00,354.54998779296875,364.3599853515625,342.1000061035156,354.6600036621094,376200,0.0,0.0
2022-05-11 00:00:00-04:00,350.6400146484375,359.5,339.1600036621094,340.4800109863281,381900,0.0,0.0
2022-05-12 00:00:00-04:00,335.8500061035156,351.80999755859375,333.3999938964844,345.20001220703125,309800,0.0,0.0
2022-05-13 00:00:00-04:00,350.7900085449219,363.8299865722656,348.3800048828125,358.3599853515625,315900,0.0,0.0
2022-05-16 00:00:00-04:00,352.3299865722656,356.0199890136719,342.67999267578125,345.4200134277344,205700,0.0,0.0
2022-05-17 00:00:00-04:00,351.32000732421875,354.3900146484375,340.6199951171875,347.07000732421875,360700,0.0,0.0
2022-05-18 00:00:00-04:00,341.42999267578125,343.0400085449219,327.9700012207031,331.1300048828125,346300,0.0,0.0
2022-05-19 00:00:00-04:00,331.2799987792969,349.70001220703125,331.0,340.2900085449219,392900,0.0,0.0
2022-05-20 00:00:00-04:00,345.8599853515625,348.79998779296875,331.4800109863281,341.7300109863281,326300,0.0,0.0
2022-05-23 00:00:00-04:00,344.6099853515625,344.6099853515625,334.1099853515625,343.3699951171875,252100,0.0,0.0
2022-05-24 00:00:00-04:00,340.0,340.0,330.1199951171875,333.8800048828125,249200,0.0,0.0
2022-05-25 00:00:00-04:00,333.7200012207031,345.8500061035156,331.8900146484375,342.2099914550781,288800,0.0,0.0
2022-05-26 00:00:00-04:00,345.7799987792969,353.7099914550781,339.79998779296875,351.3900146484375,299200,0.0,0.0
2022-05-27 00:00:00-04:00,355.3399963378906,364.260009765625,354.3399963378906,362.4800109863281,376600,0.0,0.0
2022-05-31 00:00:00-04:00,360.8800048828125,361.7799987792969,352.25,355.82000732421875,1738100,0.0,0.0
2022-06-01 00:00:00-04:00,361.19000244140625,364.3999938964844,342.75,345.8699951171875,345800,0.0,0.0
2022-06-02 00:00:00-04:00,344.5299987792969,361.5199890136719,344.4700012207031,361.0899963378906,219500,0.0,0.0
2022-06-03 00:00:00-04:00,354.5299987792969,358.6600036621094,350.70001220703125,356.8500061035156,202900,0.0,0.0
2022-06-06 00:00:00-04:00,360.54998779296875,363.6700134277344,354.1099853515625,356.4200134277344,146500,0.0,0.0
2022-06-07 00:00:00-04:00,357.6700134277344,364.79998779296875,355.55999755859375,363.5799865722656,173200,0.0,0.0
2022-06-08 00:00:00-04:00,361.3399963378906,366.55999755859375,358.3399963378906,363.45001220703125,193200,0.0,0.0
2022-06-09 00:00:00-04:00,361.67999267578125,364.0400085449219,351.5899963378906,351.6099853515625,161800,0.0,0.0
2022-06-10 00:00:00-04:00,345.69000244140625,345.69000244140625,337.3999938964844,337.5199890136719,224300,0.0,0.0
2022-06-13 00:00:00-04:00,325.239990234375,326.0899963378906,314.7200012207031,315.9200134277344,374400,0.0,0.0
2022-06-14 00:00:00-04:00,316.0899963378906,317.69000244140625,308.3699951171875,310.5799865722656,292500,0.0,0.0
2022-06-15 00:00:00-04:00,315.9599914550781,323.3500061035156,311.3399963378906,318.2699890136719,253300,0.0,0.0
2022-06-16 00:00:00-04:00,309.8800048828125,312.2799987792969,300.8500061035156,303.3900146484375,291100,0.0,0.0
2022-06-17 00:00:00-04:00,303.6400146484375,315.4599914550781,303.6400146484375,310.70001220703125,545700,0.0,0.0
2022-06-21 00:00:00-04:00,313.1600036621094,319.6000061035156,311.44000244140625,311.8299865722656,207900,0.0,0.0
2022-06-22 00:00:00-04:00,307.44000244140625,319.2200012207031,307.44000244140625,315.1099853515625,196900,0.0,0.0
2022-06-23 00:00:00-04:00,318.5199890136719,328.32000732421875,315.7200012207031,327.260009765625,212500,0.0,0.0
2022-06-24 00:00:00-04:00,330.8500061035156,345.760009765625,329.5400085449219,345.3299865722656,360400,0.0,0.0
2022-06-27 00:00:00-04:00,345.239990234375,345.239990234375,337.8599853515625,341.70001220703125,194500,0.0,0.0
2022-06-28 00:00:00-04:00,341.6000061035156,344.6000061035156,333.9200134277344,334.20001220703125,203800,0.0,0.0
2022-06-29 00:00:00-04:00,334.7699890136719,337.4800109863281,328.7799987792969,335.3299865722656,192100,0.0,0.0
2022-06-30 00:00:00-04:00,333.0,334.4700012207031,325.6499938964844,332.4800109863281,231900,0.0,0.0
2022-07-01 00:00:00-04:00,331.260009765625,337.17999267578125,329.5400085449219,333.8800048828125,188300,0.0,0.0
2022-07-05 00:00:00-04:00,328.8399963378906,341.5299987792969,327.0899963378906,340.1300048828125,174800,0.0,0.0
2022-07-06 00:00:00-04:00,341.92999267578125,343.2200012207031,332.9599914550781,338.6700134277344,273300,0.0,0.0
2022-07-07 00:00:00-04:00,337.3999938964844,348.04998779296875,337.3999938964844,347.1300048828125,141800,0.0,0.0
2022-07-08 00:00:00-04:00,342.3800048828125,348.54998779296875,340.45001220703125,346.489990234375,121400,0.0,0.0
2022-07-11 00:00:00-04:00,343.04998779296875,343.4100036621094,338.1400146484375,340.8299865722656,92400,0.0,0.0
2022-07-12 00:00:00-04:00,340.45001220703125,343.7300109863281,322.6199951171875,324.19000244140625,184000,0.0,0.0
2022-07-13 00:00:00-04:00,316.8999938964844,321.3500061035156,313.3500061035156,320.8299865722656,196100,0.0,0.0
2022-07-14 00:00:00-04:00,319.1300048828125,329.4200134277344,314.1499938964844,328.45001220703125,282300,0.0,0.0
2022-07-15 00:00:00-04:00,333.82000732421875,339.510009765625,331.4800109863281,339.1199951171875,241300,0.0,0.0
2022-07-18 00:00:00-04:00,341.1300048828125,346.79998779296875,339.32000732421875,340.17999267578125,315900,0.0,0.0
2022-07-19 00:00:00-04:00,344.20001220703125,354.04998779296875,342.3599853515625,353.79998779296875,251800,0.0,0.0
2022-07-20 00:00:00-04:00,357.0299987792969,369.2200012207031,356.5,365.9599914550781,311900,0.0,0.0
2022-07-21 00:00:00-04:00,364.92999267578125,371.0299987792969,362.7699890136719,370.9700012207031,194600,0.0,0.0
2022-07-22 00:00:00-04:00,371.95001220703125,375.0,363.6499938964844,367.30999755859375,159500,0.0,0.0
2022-07-25 00:00:00-04:00,366.44000244140625,366.44000244140625,361.989990234375,365.510009765625,177300,0.0,0.0
2022-07-26 00:00:00-04:00,364.3699951171875,364.3699951171875,356.010009765625,358.8699951171875,218600,0.0,0.0
2022-07-27 00:00:00-04:00,364.0400085449219,374.9700012207031,363.2799987792969,374.3399963378906,239800,0.0,0.0
2022-07-28 00:00:00-04:00,367.8500061035156,399.9100036621094,366.1199951171875,398.3500061035156,370700,0.0,0.0
2022-07-29 00:00:00-04:00,398.1600036621094,402.6499938964844,393.989990234375,399.0,282900,0.0,0.0
2022-08-01 00:00:00-04:00,393.3599853515625,402.8999938964844,391.5,401.2799987792969,235600,0.0,0.0
2022-08-02 00:00:00-04:00,395.6600036621094,404.8900146484375,395.1300048828125,401.2699890136719,200600,0.0,0.0
2022-08-03 00:00:00-04:00,404.739990234375,412.2699890136719,403.1600036621094,411.739990234375,191900,0.0,0.0
2022-08-04 00:00:00-04:00,412.7799987792969,415.6499938964844,408.54998779296875,415.19000244140625,148500,0.0,0.0
2022-08-05 00:00:00-04:00,409.8299865722656,420.8999938964844,409.8299865722656,418.9200134277344,201400,0.0,0.0
2022-08-08 00:00:00-04:00,421.42999267578125,425.80999755859375,413.1700134277344,414.07000732421875,129500,0.0,0.0
2022-08-09 00:00:00-04:00,412.239990234375,412.239990234375,405.0,406.4700012207031,180400,0.0,0.0
2022-08-10 00:00:00-04:00,418.2200012207031,420.1400146484375,413.3699951171875,415.55999755859375,180000,0.0,0.0
2022-08-11 00:00:00-04:00,421.1400146484375,421.1400146484375,406.7099914550781,407.2200012207031,221300,0.0,0.0
2022-08-12 00:00:00-04:00,410.4200134277344,412.3800048828125,404.4800109863281,409.3399963378906,223700,0.0,0.0
2022-08-15 00:00:00-04:00,410.239990234375,415.7099914550781,407.9700012207031,415.42999267578125,150100,0.0,0.0
2022-08-16 00:00:00-04:00,411.8399963378906,414.2200012207031,408.69000244140625,410.8500061035156,158300,0.0,0.0
2022-08-17 00:00:00-04:00,404.739990234375,406.6300048828125,401.0899963378906,404.45001220703125,253300,0.0,0.0
2022-08-18 00:00:00-04:00,405.57000732421875,407.1099853515625,401.57000732421875,405.80999755859375,310100,0.0,0.0
2022-08-19 00:00:00-04:00,402.8699951171875,402.8699951171875,394.79998779296875,397.29998779296875,197800,0.0,0.0
2022-08-22 00:00:00-04:00,391.239990234375,391.9200134277344,388.0,389.8500061035156,140500,0.0,0.0
2022-08-23 00:00:00-04:00,390.8999938964844,391.80999755859375,385.80999755859375,387.2799987792969,158300,0.0,0.0
2022-08-24 00:00:00-04:00,390.05999755859375,390.3999938964844,387.3299865722656,387.3299865722656,123900,0.0,0.0
2022-08-25 00:00:00-04:00,390.07000732421875,395.2799987792969,386.8900146484375,394.75,149000,0.0,0.0
2022-08-26 00:00:00-04:00,394.739990234375,394.739990234375,378.1300048828125,378.260009765625,158600,0.0,0.0
2022-08-29 00:00:00-04:00,373.1000061035156,379.3599853515625,372.94000244140625,375.9599914550781,123900,0.0,0.0
2022-08-30 00:00:00-04:00,379.8699951171875,380.9700012207031,371.1400146484375,373.8999938964844,131900,0.0,0.0
2022-08-31 00:00:00-04:00,379.0,379.0,371.29998779296875,371.510009765625,217400,0.0,0.0
2022-09-01 00:00:00-04:00,367.54998779296875,368.2099914550781,358.0899963378906,366.989990234375,235600,0.0,0.0
2022-09-02 00:00:00-04:00,372.45001220703125,373.30999755859375,361.8599853515625,363.6700134277344,117800,0.0,0.0
2022-09-06 00:00:00-04:00,363.6700134277344,367.25,360.6099853515625,363.5899963378906,123600,0.0,0.0
2022-09-07 00:00:00-04:00,364.7099914550781,374.8699951171875,361.9100036621094,373.7099914550781,161200,0.0,0.0
2022-09-08 00:00:00-04:00,370.5,381.2099914550781,370.07000732421875,380.239990234375,168600,0.0,0.0
2022-09-09 00:00:00-04:00,382.4800109863281,386.8399963378906,381.54998779296875,385.19000244140625,150600,0.0,0.0
2022-09-12 00:00:00-04:00,388.3900146484375,390.3999938964844,383.8399963378906,386.8599853515625,150000,0.0,0.0
2022-09-13 00:00:00-04:00,373.70001220703125,374.25,363.7900085449219,364.55999755859375,180700,0.0,0.0
2022-09-14 00:00:00-04:00,364.6700134277344,370.32000732421875,364.0899963378906,368.5400085449219,179200,0.0,0.0
2022-09-15 00:00:00-04:00,364.6300048828125,370.010009765625,362.2200012207031,362.760009765625,181000,0.0,0.0
2022-09-16 00:00:00-04:00,360.239990234375,361.70001220703125,354.9100036621094,360.9800109863281,335400,0.0,0.0
2022-09-19 00:00:00-04:00,357.79998779296875,362.3299865722656,357.3399963378906,362.20001220703125,213800,0.0,0.0
2022-09-20 00:00:00-04:00,359.9700012207031,359.9700012207031,352.5299987792969,353.8599853515625,125800,0.0,0.0
2022-09-21 00:00:00-04:00,356.82000732421875,363.9100036621094,351.2699890136719,351.29998779296875,122100,0.0,0.0
2022-09-22 00:00:00-04:00,350.0,350.4800109863281,340.9200134277344,342.489990234375,163900,0.0,0.0
2022-09-23 00:00:00-04:00,339.6099853515625,341.4100036621094,336.8900146484375,341.1199951171875,156000,0.0,0.0
2022-09-26 00:00:00-04:00,342.04998779296875,347.5299987792969,340.1300048828125,342.75,196000,0.0,0.0
2022-09-27 00:00:00-04:00,347.67999267578125,348.3699951171875,338.4200134277344,341.75,151600,0.0,0.0
2022-09-28 00:00:00-04:00,344.20001220703125,349.1000061035156,340.82000732421875,347.0799865722656,160800,0.0,0.0
2022-09-29 00:00:00-04:00,343.4200134277344,347.9700012207031,340.8999938964844,347.70001220703125,164000,0.0,0.0
2022-09-30 00:00:00-04:00,346.3999938964844,353.04998779296875,346.1600036621094,347.5,321300,0.0,0.0
2022-10-03 00:00:00-04:00,349.0,352.82000732421875,342.489990234375,349.20001220703125,220700,0.0,0.0
2022-10-04 00:00:00-04:00,355.4599914550781,363.0,355.4599914550781,362.8900146484375,211900,0.0,0.0
2022-10-05 00:00:00-04:00,357.6700134277344,369.1499938964844,357.6700134277344,367.2699890136719,172400,0.0,0.0
2022-10-06 00:00:00-04:00,367.20001220703125,371.44000244140625,365.8699951171875,366.0,174100,0.0,0.0
2022-10-07 00:00:00-04:00,359.7799987792969,363.489990234375,351.42999267578125,352.95001220703125,197200,0.0,0.0
2022-10-10 00:00:00-04:00,354.44000244140625,354.44000244140625,343.5400085449219,343.5400085449219,243600,0.0,0.0
2022-10-11 00:00:00-04:00,342.3699951171875,342.3699951171875,326.92999267578125,329.760009765625,214600,0.0,0.0
2022-10-12 00:00:00-04:00,329.4599914550781,331.5899963378906,326.25,328.1499938964844,178500,0.0,0.0
2022-10-13 00:00:00-04:00,319.6600036621094,327.30999755859375,312.8599853515625,324.75,518900,0.0,0.0
2022-10-14 00:00:00-04:00,328.57000732421875,330.3699951171875,315.260009765625,315.8299865722656,213600,0.0,0.0
2022-10-17 00:00:00-04:00,324.17999267578125,326.6400146484375,323.07000732421875,326.25,402200,0.0,0.0
2022-10-18 00:00:00-04:00,336.0400085449219,339.9800109863281,334.8699951171875,339.3900146484375,255500,0.0,0.0
2022-10-19 00:00:00-04:00,336.9200134277344,339.3299865722656,333.1300048828125,336.3699951171875,154500,0.0,0.0
2022-10-20 00:00:00-04:00,339.2900085449219,342.3399963378906,331.5799865722656,334.55999755859375,199200,0.0,0.0
2022-10-21 00:00:00-04:00,333.30999755859375,336.44000244140625,328.7900085449219,335.95001220703125,227900,0.0,0.0
2022-10-24 00:00:00-04:00,338.57000732421875,340.19000244140625,332.239990234375,337.9800109863281,255000,0.0,0.0
2022-10-25 00:00:00-04:00,340.9100036621094,346.05999755859375,340.9100036621094,346.05999755859375,318600,0.0,0.0
2022-10-26 00:00:00-04:00,343.1199951171875,352.0,341.2799987792969,343.4200134277344,257800,0.0,0.0
2022-10-27 00:00:00-04:00,346.67999267578125,354.0,332.1700134277344,333.5299987792969,509300,0.0,0.0
2022-10-28 00:00:00-04:00,332.1000061035156,332.5799865722656,326.75,330.5,490000,0.0,0.0
2022-10-31 00:00:00-04:00,329.6499938964844,331.7799987792969,322.9200134277344,323.3299865722656,495600,0.0,0.0
2022-11-01 00:00:00-04:00,328.1499938964844,328.1499938964844,311.44000244140625,314.239990234375,517600,0.0,0.0
2022-11-02 00:00:00-04:00,313.3900146484375,313.3900146484375,296.45001220703125,296.55999755859375,418400,0.0,0.0
2022-11-03 00:00:00-04:00,293.5299987792969,296.010009765625,289.07000732421875,292.6300048828125,340200,0.0,0.0
2022-11-04 00:00:00-04:00,295.9800109863281,295.9800109863281,281.32000732421875,287.92999267578125,393200,0.0,0.0
2022-11-07 00:00:00-05:00,289.69000244140625,291.4800109863281,281.1099853515625,289.4700012207031,416900,0.0,0.0
2022-11-08 00:00:00-05:00,291.6099853515625,297.239990234375,286.8999938964844,296.1400146484375,610200,0.0,0.0
2022-11-09 00:00:00-05:00,294.05999755859375,295.989990234375,289.69000244140625,292.0199890136719,514100,0.0,0.0
2022-11-10 00:00:00-05:00,307.8699951171875,312.3999938964844,306.9100036621094,309.7099914550781,404100,0.0,0.0
2022-11-11 00:00:00-05:00,310.8900146484375,326.5,308.9700012207031,324.6099853515625,472000,0.0,0.0
2022-11-14 00:00:00-05:00,321.9200134277344,324.30999755859375,317.260009765625,320.3500061035156,301200,0.0,0.0
2022-11-15 00:00:00-05:00,327.82000732421875,338.44000244140625,327.82000732421875,337.20001220703125,377300,0.0,0.0
2022-11-16 00:00:00-05:00,334.3699951171875,338.6199951171875,333.2799987792969,335.6400146484375,357900,0.0,0.0
2022-11-17 00:00:00-05:00,330.55999755859375,330.55999755859375,318.8800048828125,320.54998779296875,352000,0.0,0.0
2022-11-18 00:00:00-05:00,326.4200134277344,326.94000244140625,312.05999755859375,313.45001220703125,407000,0.0,0.0
2022-11-21 00:00:00-05:00,312.3399963378906,322.489990234375,310.3399963378906,321.82000732421875,257100,0.0,0.0
2022-11-22 00:00:00-05:00,323.0799865722656,327.0199890136719,319.6499938964844,326.92999267578125,308500,0.0,0.0
2022-11-23 00:00:00-05:00,326.8800048828125,333.94000244140625,324.1000061035156,333.0400085449219,205200,0.0,0.0
2022-11-25 00:00:00-05:00,332.17999267578125,333.92999267578125,327.92999267578125,330.8800048828125,130100,0.0,0.0
2022-11-28 00:00:00-05:00,329.9599914550781,332.1700134277344,325.2699890136719,326.7300109863281,244700,0.0,0.0
2022-11-29 00:00:00-05:00,325.54998779296875,325.7099914550781,320.6000061035156,324.1499938964844,257000,0.0,0.0
2022-11-30 00:00:00-05:00,324.1700134277344,345.239990234375,324.1700134277344,342.739990234375,851000,0.0,0.0
2022-12-01 00:00:00-05:00,341.3399963378906,353.1300048828125,341.3399963378906,352.2300109863281,238900,0.0,0.0
2022-12-02 00:00:00-05:00,346.0199890136719,346.7300109863281,338.5299987792969,342.2200012207031,254400,0.0,0.0
2022-12-05 00:00:00-05:00,339.5,340.0299987792969,320.19000244140625,323.510009765625,366700,0.0,0.0
2022-12-06 00:00:00-05:00,324.3900146484375,324.3900146484375,311.17999267578125,314.07000732421875,349500,0.0,0.0
2022-12-07 00:00:00-05:00,314.1700134277344,316.05999755859375,308.17999267578125,308.8299865722656,346400,0.0,0.0
2022-12-08 00:00:00-05:00,311.0199890136719,320.1400146484375,307.4599914550781,318.44000244140625,230300,0.0,0.0
2022-12-09 00:00:00-05:00,317.6000061035156,325.010009765625,317.6000061035156,323.0799865722656,286000,0.0,0.0
2022-12-12 00:00:00-05:00,324.0,330.2099914550781,322.2200012207031,325.2099914550781,238400,0.0,0.0
2022-12-13 00:00:00-05:00,339.67999267578125,350.82000732421875,331.7099914550781,334.9100036621094,313400,0.0,0.0
2022-12-14 00:00:00-05:00,333.9700012207031,343.8299865722656,331.6099853515625,334.6099853515625,189500,0.0,0.0
2022-12-15 00:00:00-05:00,328.20001220703125,330.75,318.5899963378906,322.82000732421875,284000,0.0,0.0
2022-12-16 00:00:00-05:00,320.1099853515625,323.8299865722656,319.30999755859375,320.29998779296875,535700,0.0,0.0
2022-12-19 00:00:00-05:00,319.3299865722656,323.5899963378906,315.92999267578125,320.04998779296875,277500,0.0,0.0
2022-12-20 00:00:00-05:00,317.5199890136719,322.6499938964844,317.3999938964844,319.25,232200,0.0,0.0
2022-12-21 00:00:00-05:00,319.5,329.8299865722656,317.3999938964844,329.6199951171875,308900,0.0,0.0
2022-12-22 00:00:00-05:00,324.8500061035156,326.2300109863281,313.94000244140625,321.8299865722656,234000,0.0,0.0
2022-12-23 00:00:00-05:00,320.5299987792969,322.79998779296875,316.3999938964844,320.1199951171875,117400,0.0,0.0
2022-12-27 00:00:00-05:00,318.760009765625,322.2699890136719,314.1099853515625,320.8500061035156,212800,0.0,0.0
2022-12-28 00:00:00-05:00,319.67999267578125,323.19000244140625,314.8999938964844,314.9100036621094,142100,0.0,0.0
2022-12-29 00:00:00-05:00,318.489990234375,327.7799987792969,317.8800048828125,325.4700012207031,124600,0.0,0.0
2022-12-30 00:00:00-05:00,320.2699890136719,323.80999755859375,319.2200012207031,322.4100036621094,161600,0.0,0.0
2023-01-03 00:00:00-05:00,327.32000732421875,331.44000244140625,317.92999267578125,319.3299865722656,314600,0.0,0.0
2023-01-04 00:00:00-05:00,322.6199951171875,324.8399963378906,315.8900146484375,320.67999267578125,217800,0.0,0.0
2023-01-05 00:00:00-05:00,316.8599853515625,317.010009765625,305.95001220703125,306.5199890136719,285300,0.0,0.0
2023-01-06 00:00:00-05:00,309.6499938964844,312.57000732421875,301.739990234375,310.9100036621094,208200,0.0,0.0
2023-01-09 00:00:00-05:00,315.20001220703125,327.25,313.4100036621094,318.989990234375,327300,0.0,0.0
2023-01-10 00:00:00-05:00,318.20001220703125,322.2300109863281,312.0,313.07000732421875,243000,0.0,0.0
2023-01-11 00:00:00-05:00,315.3800048828125,318.0899963378906,310.1499938964844,318.0899963378906,378300,0.0,0.0
2023-01-12 00:00:00-05:00,320.2799987792969,321.4100036621094,310.70001220703125,316.55999755859375,295600,0.0,0.0
2023-01-13 00:00:00-05:00,312.260009765625,317.32000732421875,309.94000244140625,316.760009765625,278700,0.0,0.0
2023-01-17 00:00:00-05:00,317.3900146484375,319.7699890136719,313.3299865722656,319.1199951171875,280300,0.0,0.0
2023-01-18 00:00:00-05:00,321.25,323.7699890136719,304.57000732421875,305.1300048828125,293900,0.0,0.0
2023-01-19 00:00:00-05:00,302.9800109863281,307.4700012207031,301.69000244140625,305.3399963378906,305700,0.0,0.0
2023-01-20 00:00:00-05:00,306.44000244140625,316.3900146484375,304.6700134277344,316.0,192100,0.0,0.0
2023-01-23 00:00:00-05:00,316.0,325.5199890136719,316.0,324.8999938964844,202000,0.0,0.0
2023-01-24 00:00:00-05:00,325.75,327.32000732421875,317.5299987792969,319.0,157200,0.0,0.0
2023-01-25 00:00:00-05:00,312.8399963378906,319.510009765625,305.20001220703125,318.1499938964844,168700,0.0,0.0
2023-01-26 00:00:00-05:00,323.4599914550781,324.42999267578125,317.8999938964844,320.8800048828125,180600,0.0,0.0
2023-01-27 00:00:00-05:00,319.4200134277344,327.9200134277344,319.2099914550781,327.4700012207031,188900,0.0,0.0
2023-01-30 00:00:00-05:00,323.25,327.0400085449219,317.2900085449219,317.3500061035156,234900,0.0,0.0
2023-01-31 00:00:00-05:00,317.80999755859375,322.7900085449219,315.5799865722656,322.7699890136719,164800,0.0,0.0
2023-02-01 00:00:00-05:00,322.4100036621094,337.45001220703125,318.8699951171875,336.4599914550781,312600,0.0,0.0
2023-02-02 00:00:00-05:00,342.2099914550781,347.489990234375,340.44000244140625,345.2900085449219,371900,0.0,0.0
2023-02-03 00:00:00-05:00,335.6400146484375,341.04998779296875,331.2699890136719,332.57000732421875,310000,0.0,0.0
2023-02-06 00:00:00-05:00,327.9100036621094,331.5199890136719,325.9599914550781,327.5,372200,0.0,0.0
2023-02-07 00:00:00-05:00,326.6499938964844,338.70001220703125,325.6499938964844,336.2799987792969,220800,0.0,0.0
2023-02-08 00:00:00-05:00,335.2300109863281,337.6000061035156,323.760009765625,326.0899963378906,287900,0.0,0.0
2023-02-09 00:00:00-05:00,331.2699890136719,334.75,326.2799987792969,327.0299987792969,306000,0.0,0.0
2023-02-10 00:00:00-05:00,322.2300109863281,324.5799865722656,320.1600036621094,322.5400085449219,178300,0.0,0.0
2023-02-13 00:00:00-05:00,324.7900085449219,327.0299987792969,322.489990234375,325.9200134277344,261600,0.0,0.0
2023-02-14 00:00:00-05:00,323.239990234375,330.8800048828125,321.0199890136719,326.19000244140625,320100,0.0,0.0
2023-02-15 00:00:00-05:00,324.5199890136719,332.7900085449219,323.5400085449219,332.7699890136719,409100,0.0,0.0
2023-02-16 00:00:00-05:00,324.0400085449219,344.5299987792969,314.6400146484375,339.0899963378906,726600,0.0,0.0
2023-02-17 00:00:00-05:00,336.2200012207031,344.7200012207031,333.07000732421875,343.6000061035156,630300,0.0,0.0
2023-02-21 00:00:00-05:00,339.9200134277344,343.1499938964844,332.5799865722656,333.260009765625,443600,0.0,0.0
2023-02-22 00:00:00-05:00,335.69000244140625,337.3999938964844,330.6000061035156,334.5899963378906,305300,0.0,0.0
2023-02-23 00:00:00-05:00,335.3299865722656,341.8399963378906,333.9700012207031,339.6000061035156,327200,0.0,0.0
2023-02-24 00:00:00-05:00,332.8500061035156,333.54998779296875,326.4100036621094,327.04998779296875,380800,0.0,0.0
2023-02-27 00:00:00-05:00,330.1400146484375,333.6499938964844,323.6700134277344,324.6400146484375,241200,0.0,0.0
2023-02-28 00:00:00-05:00,322.7200012207031,326.29998779296875,319.8399963378906,321.25,363600,0.0,0.0
2023-03-01 00:00:00-05:00,319.75,323.55999755859375,318.239990234375,320.1000061035156,242000,0.0,0.0
2023-03-02 00:00:00-05:00,319.92999267578125,323.739990234375,318.04998779296875,321.1499938964844,249700,0.0,0.0
2023-03-03 00:00:00-05:00,323.1099853515625,330.30999755859375,323.1099853515625,330.2300109863281,229200,0.0,0.0
2023-03-06 00:00:00-05:00,331.3800048828125,333.3699951171875,320.05999755859375,320.239990234375,278800,0.0,0.0
2023-03-07 00:00:00-05:00,320.1700134277344,322.69000244140625,317.0299987792969,318.260009765625,340400,0.0,0.0
2023-03-08 00:00:00-05:00,317.79998779296875,326.7200012207031,316.79998779296875,326.70001220703125,275600,0.0,0.0
2023-03-09 00:00:00-05:00,327.760009765625,329.739990234375,318.2099914550781,318.3399963378906,207600,0.0,0.0
2023-03-10 00:00:00-05:00,317.0400085449219,317.0400085449219,307.17999267578125,309.79998779296875,273000,0.0,0.0
2023-03-13 00:00:00-04:00,307.1600036621094,327.7799987792969,305.05999755859375,322.05999755859375,486800,0.0,0.0
2023-03-14 00:00:00-04:00,326.75,329.3599853515625,321.2099914550781,325.07000732421875,343600,0.0,0.0
2023-03-15 00:00:00-04:00,322.19000244140625,331.2900085449219,320.3299865722656,328.1099853515625,366900,0.0,0.0
2023-03-16 00:00:00-04:00,327.82000732421875,333.8800048828125,326.0,331.4200134277344,267500,0.0,0.0
2023-03-17 00:00:00-04:00,330.8599853515625,334.2900085449219,325.7300109863281,326.6099853515625,547000,0.0,0.0
2023-03-20 00:00:00-04:00,326.6600036621094,330.1400146484375,323.94000244140625,327.1000061035156,220600,0.0,0.0
2023-03-21 00:00:00-04:00,327.489990234375,330.7099914550781,325.0,329.57000732421875,200400,0.0,0.0
2023-03-22 00:00:00-04:00,328.4700012207031,330.2799987792969,320.3399963378906,320.7099914550781,148300,0.0,0.0
2023-03-23 00:00:00-04:00,322.6000061035156,326.8399963378906,319.17999267578125,322.54998779296875,237700,0.0,0.0
2023-03-24 00:00:00-04:00,323.4100036621094,329.80999755859375,319.6300048828125,329.4800109863281,179100,0.0,0.0
2023-03-27 00:00:00-04:00,330.0,333.7699890136719,329.6300048828125,332.25,262600,0.0,0.0
2023-03-28 00:00:00-04:00,332.2200012207031,332.82000732421875,327.25,330.989990234375,139500,0.0,0.0
2023-03-29 00:00:00-04:00,334.8599853515625,341.45001220703125,333.0899963378906,341.04998779296875,218000,0.0,0.0
2023-03-30 00:00:00-04:00,344.0799865722656,345.9100036621094,341.989990234375,344.1000061035156,175500,0.0,0.0
2023-03-31 00:00:00-04:00,345.92999267578125,356.5400085449219,345.92999267578125,354.6400146484375,392700,0.0,0.0
2023-04-03 00:00:00-04:00,351.2699890136719,355.19000244140625,349.1499938964844,354.010009765625,289900,0.0,0.0
2023-04-04 00:00:00-04:00,355.8399963378906,359.45001220703125,353.510009765625,359.2200012207031,231900,0.0,0.0
2023-04-05 00:00:00-04:00,359.0,359.0,346.45001220703125,347.7200012207031,201900,0.0,0.0
2023-04-06 00:00:00-04:00,344.82000732421875,352.9100036621094,342.5899963378906,352.79998779296875,170900,0.0,0.0
2023-04-10 00:00:00-04:00,348.489990234375,351.9800109863281,345.29998779296875,351.95001220703125,138700,0.0,0.0
2023-04-11 00:00:00-04:00,353.0799865722656,358.42999267578125,349.8900146484375,357.4800109863281,263900,0.0,0.0
2023-04-12 00:00:00-04:00,360.510009765625,365.989990234375,358.45001220703125,359.010009765625,352300,0.0,0.0
2023-04-13 00:00:00-04:00,359.79998779296875,365.6700134277344,359.79998779296875,363.4599914550781,193300,0.0,0.0
2023-04-14 00:00:00-04:00,360.9700012207031,366.010009765625,358.05999755859375,364.3699951171875,175400,0.0,0.0
2023-04-17 00:00:00-04:00,364.8800048828125,365.92999267578125,361.1600036621094,362.6000061035156,189700,0.0,0.0
2023-04-18 00:00:00-04:00,371.6600036621094,377.95001220703125,371.1499938964844,375.0,339500,0.0,0.0
2023-04-19 00:00:00-04:00,371.80999755859375,378.5199890136719,371.79998779296875,377.9700012207031,196400,0.0,0.0
2023-04-20 00:00:00-04:00,375.0,375.8800048828125,371.82000732421875,375.05999755859375,234900,0.0,0.0
2023-04-21 00:00:00-04:00,377.20001220703125,379.20001220703125,373.29998779296875,373.3900146484375,248300,0.0,0.0
2023-04-24 00:00:00-04:00,373.0199890136719,376.2699890136719,369.32000732421875,372.0299987792969,205600,0.0,0.0
2023-04-25 00:00:00-04:00,370.30999755859375,370.30999755859375,364.0,364.010009765625,228300,0.0,0.0
2023-04-26 00:00:00-04:00,366.3500061035156,372.44000244140625,364.989990234375,367.0799865722656,280600,0.0,0.0
2023-04-27 00:00:00-04:00,367.6199951171875,389.7300109863281,367.6199951171875,386.20001220703125,423400,0.0,0.0
2023-04-28 00:00:00-04:00,381.55999755859375,382.3399963378906,372.6600036621094,379.0299987792969,299100,0.0,0.0
2023-05-01 00:00:00-04:00,376.9200134277344,383.19000244140625,376.6600036621094,381.82000732421875,287700,0.0,0.0
2023-05-02 00:00:00-04:00,381.989990234375,385.6000061035156,377.1400146484375,379.1600036621094,242100,0.0,0.0
2023-05-03 00:00:00-04:00,380.8599853515625,387.9599914550781,378.760009765625,382.30999755859375,305000,0.0,0.0
2023-05-04 00:00:00-04:00,382.3299865722656,386.3699951171875,377.8599853515625,385.5899963378906,236300,0.0,0.0
2023-05-05 00:00:00-04:00,386.2799987792969,390.25,385.7099914550781,389.739990234375,250000,0.0,0.0
2023-05-08 00:00:00-04:00,387.260009765625,389.6000061035156,383.95001220703125,387.2799987792969,164400,0.0,0.0
2023-05-09 00:00:00-04:00,385.7300109863281,389.5899963378906,385.7300109863281,387.8399963378906,218500,0.0,0.0
2023-05-10 00:00:00-04:00,391.9700012207031,394.260009765625,387.75,394.010009765625,213400,0.0,0.0
2023-05-11 00:00:00-04:00,393.92999267578125,393.92999267578125,387.3299865722656,388.6199951171875,249700,0.0,0.0
2023-05-12 00:00:00-04:00,388.30999755859375,390.989990234375,385.82000732421875,390.67999267578125,145400,0.0,0.0
2023-05-15 00:00:00-04:00,389.760009765625,394.07000732421875,387.29998779296875,393.7300109863281,184600,0.0,0.0
2023-05-16 00:00:00-04:00,390.7900085449219,392.44000244140625,386.19000244140625,386.8699951171875,254800,0.0,0.0
2023-05-17 00:00:00-04:00,387.8699951171875,395.29998779296875,385.760009765625,395.1300048828125,351300,0.0,0.0
2023-05-18 00:00:00-04:00,395.0,401.510009765625,393.989990234375,399.7699890136719,294900,0.0,0.0
2023-05-19 00:00:00-04:00,399.7699890136719,400.0,392.4800109863281,394.0400085449219,224500,0.0,0.0
2023-05-22 00:00:00-04:00,392.9599914550781,401.1300048828125,392.4800109863281,397.9700012207031,270200,0.0,0.0
2023-05-23 00:00:00-04:00,397.05999755859375,398.5199890136719,389.7099914550781,390.1099853515625,293200,0.0,0.0
2023-05-24 00:00:00-04:00,386.20001220703125,388.8999938964844,382.9200134277344,385.0899963378906,188700,0.0,0.0
2023-05-25 00:00:00-04:00,390.17999267578125,390.3900146484375,384.0,387.2799987792969,216300,0.0,0.0
2023-05-26 00:00:00-04:00,389.7300109863281,395.80999755859375,389.7300109863281,393.6000061035156,180600,0.0,0.0
2023-05-30 00:00:00-04:00,396.260009765625,397.9700012207031,391.7900085449219,397.25,202100,0.0,0.0
2023-05-31 00:00:00-04:00,394.760009765625,399.8500061035156,390.07000732421875,396.9599914550781,380600,0.0,0.0
2023-06-01 00:00:00-04:00,391.7200012207031,401.3699951171875,390.8599853515625,398.9800109863281,211400,0.0,0.0
2023-06-02 00:00:00-04:00,400.0,401.8800048828125,394.5799865722656,397.69000244140625,262900,0.0,0.0
2023-06-05 00:00:00-04:00,395.3900146484375,399.1199951171875,393.0400085449219,398.2200012207031,213600,0.0,0.0
2023-06-06 00:00:00-04:00,398.17999267578125,398.17999267578125,389.57000732421875,394.0799865722656,225200,0.0,0.0
2023-06-07 00:00:00-04:00,393.0,395.3900146484375,387.19000244140625,388.32000732421875,267400,0.0,0.0
2023-06-08 00:00:00-04:00,386.75,390.7200012207031,385.010009765625,389.4700012207031,182600,0.0,0.0
2023-06-09 00:00:00-04:00,391.0,394.57000732421875,385.4100036621094,388.6700134277344,140200,0.0,0.0
2023-06-12 00:00:00-04:00,391.8800048828125,394.54998779296875,390.1300048828125,393.5199890136719,203900,0.0,0.0
2023-06-13 00:00:00-04:00,395.79998779296875,395.79998779296875,387.9700012207031,389.8699951171875,244500,0.0,0.0
2023-06-14 00:00:00-04:00,388.4200134277344,393.1700134277344,386.17999267578125,392.1000061035156,311100,0.0,0.0
2023-06-15 00:00:00-04:00,390.07000732421875,398.0899963378906,387.0,394.6000061035156,295800,0.0,0.0
2023-06-16 00:00:00-04:00,398.989990234375,399.739990234375,390.760009765625,393.79998779296875,777600,0.0,0.0
2023-06-20 00:00:00-04:00,391.5899963378906,394.54998779296875,387.7099914550781,391.6600036621094,241800,0.0,0.0
2023-06-21 00:00:00-04:00,392.19000244140625,394.32000732421875,388.7300109863281,392.19000244140625,256400,0.0,0.0
2023-06-22 00:00:00-04:00,392.17999267578125,399.2900085449219,391.32000732421875,399.25,275100,0.0,0.0
2023-06-23 00:00:00-04:00,397.19000244140625,402.9599914550781,396.7900085449219,396.92999267578125,417300,0.0,0.0
2023-06-26 00:00:00-04:00,397.25,405.5799865722656,396.1499938964844,402.04998779296875,489800,0.0,0.0
2023-06-27 00:00:00-04:00,404.4700012207031,412.75,404.4700012207031,407.739990234375,275300,0.0,0.0
2023-06-28 00:00:00-04:00,407.92999267578125,413.42999267578125,407.3599853515625,408.8900146484375,210400,0.0,0.0
2023-06-29 00:00:00-04:00,409.8500061035156,413.1000061035156,408.3699951171875,411.7300109863281,217200,0.0,0.0
2023-06-30 00:00:00-04:00,415.42999267578125,418.9100036621094,412.1600036621094,416.4700012207031,203200,0.0,0.0
2023-07-03 00:00:00-04:00,414.989990234375,416.17999267578125,410.1300048828125,412.30999755859375,91300,0.0,0.0
2023-07-05 00:00:00-04:00,409.82000732421875,413.2300109863281,409.07000732421875,412.32000732421875,138000,0.0,0.0
2023-07-06 00:00:00-04:00,408.2099914550781,411.8699951171875,404.29998779296875,410.4800109863281,137600,0.0,0.0
2023-07-07 00:00:00-04:00,410.3800048828125,412.25,406.45001220703125,406.4800109863281,192500,0.0,0.0
2023-07-10 00:00:00-04:00,407.5,413.2799987792969,407.5,413.1199951171875,159100,0.0,0.0
2023-07-11 00:00:00-04:00,414.1000061035156,416.260009765625,409.7300109863281,412.9599914550781,162400,0.0,0.0
2023-07-12 00:00:00-04:00,418.2200012207031,419.07000732421875,411.3399963378906,417.3299865722656,258500,0.0,0.0
2023-07-13 00:00:00-04:00,419.4700012207031,423.3599853515625,417.9599914550781,420.6499938964844,157900,0.0,0.0
2023-07-14 00:00:00-04:00,419.3999938964844,420.3900146484375,410.4599914550781,410.9800109863281,223000,0.0,0.0
2023-07-17 00:00:00-04:00,412.6300048828125,422.9100036621094,412.6300048828125,421.75,259900,0.0,0.0
2023-07-18 00:00:00-04:00,419.1199951171875,422.45001220703125,415.17999267578125,422.1300048828125,136300,0.0,0.0
2023-07-19 00:00:00-04:00,423.010009765625,426.8299865722656,415.5899963378906,417.6400146484375,219500,0.0,0.0
2023-07-20 00:00:00-04:00,414.80999755859375,416.17999267578125,402.8999938964844,404.1400146484375,261500,0.0,0.0
2023-07-21 00:00:00-04:00,407.04998779296875,407.04998779296875,401.3500061035156,403.3299865722656,278200,0.0,0.0
2023-07-24 00:00:00-04:00,402.760009765625,403.5400085449219,397.17999267578125,402.70001220703125,173500,0.0,0.0
2023-07-25 00:00:00-04:00,403.92999267578125,409.04998779296875,403.7799987792969,408.0799865722656,157600,0.0,0.0
2023-07-26 00:00:00-04:00,406.9800109863281,410.7900085449219,403.2799987792969,408.4200134277344,213200,0.0,0.0
2023-07-27 00:00:00-04:00,411.95001220703125,414.55999755859375,382.75,383.3900146484375,555600,0.0,0.0
2023-07-28 00:00:00-04:00,389.010009765625,395.3500061035156,385.739990234375,390.6700134277344,276200,0.0,0.0
2023-07-31 00:00:00-04:00,391.1099853515625,397.260009765625,390.2699890136719,396.6300048828125,209700,0.0,0.0
2023-08-01 00:00:00-04:00,396.92999267578125,400.6000061035156,391.70001220703125,398.2799987792969,213700,0.0,0.0
2023-08-02 00:00:00-04:00,392.45001220703125,394.3500061035156,384.9200134277344,388.1300048828125,203200,0.0,0.0
2023-08-03 00:00:00-04:00,385.5299987792969,388.4100036621094,378.6700134277344,382.6099853515625,222300,0.0,0.0
2023-08-04 00:00:00-04:00,385.0,386.30999755859375,380.29998779296875,381.9200134277344,133200,0.0,0.0
2023-08-07 00:00:00-04:00,382.20001220703125,384.07000732421875,380.1099853515625,383.0799865722656,261600,0.0,0.0
2023-08-08 00:00:00-04:00,380.0,380.0,371.1099853515625,377.5899963378906,276600,0.0,0.0
2023-08-09 00:00:00-04:00,377.67999267578125,379.7799987792969,373.010009765625,378.6600036621094,248800,0.0,0.0
2023-08-10 00:00:00-04:00,382.29998779296875,389.1499938964844,381.9800109863281,388.4700012207031,166300,0.0,0.0
2023-08-11 00:00:00-04:00,387.1400146484375,389.3800048828125,385.0,387.55999755859375,126600,0.0,0.0
2023-08-14 00:00:00-04:00,385.1300048828125,390.9599914550781,385.1300048828125,387.7900085449219,124800,0.0,0.0
2023-08-15 00:00:00-04:00,386.6099853515625,388.2900085449219,379.3599853515625,380.25,177600,0.0,0.0
2023-08-16 00:00:00-04:00,379.54998779296875,381.760009765625,377.0400085449219,377.0899963378906,123500,0.0,0.0
2023-08-17 00:00:00-04:00,378.17999267578125,378.17999267578125,372.7799987792969,373.6000061035156,125200,0.0,0.0
2023-08-18 00:00:00-04:00,370.2799987792969,374.07000732421875,370.010009765625,372.1700134277344,197900,0.0,0.0
2023-08-21 00:00:00-04:00,372.45001220703125,375.4599914550781,371.54998779296875,375.04998779296875,138000,0.0,0.0
2023-08-22 00:00:00-04:00,375.760009765625,376.9100036621094,373.20001220703125,375.6000061035156,132700,0.0,0.0
2023-08-23 00:00:00-04:00,377.5299987792969,383.04998779296875,375.2699890136719,380.32000732421875,93800,0.0,0.0
2023-08-24 00:00:00-04:00,383.69000244140625,383.69000244140625,375.1099853515625,375.1199951171875,110700,0.0,0.0
2023-08-25 00:00:00-04:00,376.6700134277344,381.04998779296875,374.9200134277344,378.7900085449219,120500,0.0,0.0
2023-08-28 00:00:00-04:00,380.44000244140625,385.3699951171875,380.2799987792969,384.25,93700,0.0,0.0
2023-08-29 00:00:00-04:00,382.45001220703125,391.739990234375,379.5400085449219,391.5899963378906,168500,0.0,0.0
2023-08-30 00:00:00-04:00,392.010009765625,398.8800048828125,392.010009765625,397.9599914550781,143300,0.0,0.0
2023-08-31 00:00:00-04:00,399.07000732421875,401.989990234375,396.5199890136719,398.42999267578125,170400,0.0,0.0
2023-09-01 00:00:00-04:00,401.0,401.0,393.7900085449219,396.6600036621094,195400,0.0,0.0
2023-09-05 00:00:00-04:00,396.2699890136719,396.6600036621094,392.0,392.1300048828125,160800,0.0,0.0
2023-09-06 00:00:00-04:00,390.6000061035156,394.0400085449219,390.2699890136719,390.6400146484375,158500,0.0,0.0
2023-09-07 00:00:00-04:00,389.04998779296875,393.4599914550781,387.7200012207031,390.9100036621094,187500,0.0,0.0
2023-09-08 00:00:00-04:00,390.17999267578125,393.54998779296875,389.4100036621094,392.1700134277344,140000,0.0,0.0
2023-09-11 00:00:00-04:00,393.6400146484375,394.3699951171875,386.4700012207031,387.6700134277344,273900,0.0,0.0
2023-09-12 00:00:00-04:00,384.3500061035156,388.04998779296875,380.94000244140625,382.30999755859375,151800,0.0,0.0
2023-09-13 00:00:00-04:00,381.2099914550781,382.25,376.5799865722656,378.6099853515625,148900,0.0,0.0
2023-09-14 00:00:00-04:00,379.2200012207031,382.3500061035156,376.25,381.4200134277344,140400,0.0,0.0
2023-09-15 00:00:00-04:00,381.54998779296875,381.54998779296875,374.32000732421875,375.3800048828125,439400,0.0,0.0
2023-09-18 00:00:00-04:00,375.6300048828125,390.55999755859375,375.6300048828125,390.1600036621094,332700,0.0,0.0
2023-09-19 00:00:00-04:00,388.3900146484375,393.3399963378906,388.010009765625,392.6499938964844,201600,0.0,0.0
2023-09-20 00:00:00-04:00,392.8699951171875,395.4100036621094,391.6300048828125,392.5299987792969,162800,0.0,0.0
2023-09-21 00:00:00-04:00,389.79998779296875,391.7099914550781,384.1600036621094,384.2699890136719,254700,0.0,0.0
2023-09-22 00:00:00-04:00,386.4100036621094,391.05999755859375,385.2799987792969,388.5799865722656,237700,0.0,0.0
2023-09-25 00:00:00-04:00,385.8599853515625,390.0400085449219,383.3599853515625,389.0400085449219,214900,0.0,0.0
2023-09-26 00:00:00-04:00,386.3699951171875,388.8599853515625,378.4200134277344,380.8399963378906,366500,0.0,0.0
2023-09-27 00:00:00-04:00,381.3699951171875,386.7900085449219,381.2200012207031,385.30999755859375,241800,0.0,0.0
2023-09-28 00:00:00-04:00,383.5899963378906,389.95001220703125,380.92999267578125,389.5799865722656,232700,0.0,0.0
2023-09-29 00:00:00-04:00,391.6300048828125,397.2900085449219,385.79998779296875,386.1400146484375,233900,0.0,0.0
2023-10-02 00:00:00-04:00,386.19000244140625,386.75,380.19000244140625,382.3599853515625,233000,0.0,0.0
2023-10-03 00:00:00-04:00,380.2900085449219,385.92999267578125,378.739990234375,380.8399963378906,201600,0.0,0.0
2023-10-04 00:00:00-04:00,383.4800109863281,385.510009765625,379.32000732421875,384.5799865722656,214700,0.0,0.0
2023-10-05 00:00:00-04:00,383.55999755859375,385.30999755859375,378.739990234375,381.79998779296875,120500,0.0,0.0
2023-10-06 00:00:00-04:00,379.6300048828125,390.4599914550781,378.0,388.239990234375,203800,0.0,0.0
2023-10-09 00:00:00-04:00,385.7799987792969,393.0799865722656,385.010009765625,392.95001220703125,129800,0.0,0.0
2023-10-10 00:00:00-04:00,392.6499938964844,395.4800109863281,390.55999755859375,392.0,155800,0.0,0.0
2023-10-11 00:00:00-04:00,392.8399963378906,394.7300109863281,389.239990234375,392.4200134277344,168200,0.0,0.0
2023-10-12 00:00:00-04:00,394.1600036621094,394.1600036621094,385.8900146484375,387.05999755859375,152700,0.0,0.0
2023-10-13 00:00:00-04:00,386.239990234375,386.239990234375,374.67999267578125,375.1600036621094,239600,0.0,0.0
2023-10-16 00:00:00-04:00,377.54998779296875,387.489990234375,376.8500061035156,383.9800109863281,270100,0.0,0.0
2023-10-17 00:00:00-04:00,382.510009765625,388.1300048828125,382.3500061035156,387.57000732421875,215600,0.0,0.0
2023-10-18 00:00:00-04:00,386.42999267578125,386.7900085449219,379.239990234375,379.3999938964844,166500,0.0,0.0
2023-10-19 00:00:00-04:00,382.2799987792969,383.0899963378906,375.42999267578125,377.0,184400,0.0,0.0
2023-10-20 00:00:00-04:00,377.8999938964844,377.8999938964844,365.1400146484375,367.7099914550781,179600,0.0,0.0
2023-10-23 00:00:00-04:00,365.4800109863281,370.0199890136719,362.989990234375,366.7799987792969,183900,0.0,0.0
2023-10-24 00:00:00-04:00,368.239990234375,374.8599853515625,367.2200012207031,374.1600036621094,221200,0.0,0.0
2023-10-25 00:00:00-04:00,372.4200134277344,373.79998779296875,365.17999267578125,366.6400146484375,225300,0.0,0.0
2023-10-26 00:00:00-04:00,368.20001220703125,370.44000244140625,361.1600036621094,365.2799987792969,285600,0.0,0.0
2023-10-27 00:00:00-04:00,365.9700012207031,367.8599853515625,361.8900146484375,363.6000061035156,209000,0.0,0.0
2023-10-30 00:00:00-04:00,367.2699890136719,370.1700134277344,363.7799987792969,367.7699890136719,179000,0.0,0.0
2023-10-31 00:00:00-04:00,368.3999938964844,376.3599853515625,366.1300048828125,372.8999938964844,404700,0.0,0.0
2023-11-01 00:00:00-04:00,373.3800048828125,375.0400085449219,362.5,370.70001220703125,356800,0.0,0.0
2023-11-02 00:00:00-04:00,387.4800109863281,420.4100036621094,378.55999755859375,405.75,586100,0.0,0.0
2023-11-03 00:00:00-04:00,408.260009765625,421.1499938964844,403.8500061035156,416.25,342200,0.0,0.0
2023-11-06 00:00:00-05:00,410.0,413.6400146484375,408.1300048828125,412.7200012207031,227600,0.0,0.0
2023-11-07 00:00:00-05:00,415.70001220703125,415.8800048828125,410.4700012207031,411.6199951171875,238500,0.0,0.0
2023-11-08 00:00:00-05:00,413.69000244140625,416.1400146484375,410.3800048828125,415.69000244140625,167800,0.0,0.0
2023-11-09 00:00:00-05:00,415.9200134277344,418.75,411.7200012207031,413.2799987792969,151500,0.0,0.0
2023-11-10 00:00:00-05:00,414.17999267578125,420.0,411.57000732421875,418.70001220703125,186000,0.0,0.0
2023-11-13 00:00:00-05:00,418.42999267578125,418.7099914550781,414.9100036621094,416.3800048828125,202500,0.0,0.0
2023-11-14 00:00:00-05:00,422.8399963378906,424.3299865722656,419.1300048828125,419.54998779296875,328200,0.0,0.0
2023-11-15 00:00:00-05:00,421.5799865722656,423.3599853515625,416.6400146484375,417.6700134277344,347200,0.0,0.0
2023-11-16 00:00:00-05:00,417.9700012207031,421.04998779296875,416.44000244140625,417.67999267578125,307400,0.0,0.0
2023-11-17 00:00:00-05:00,420.9200134277344,421.6600036621094,410.0299987792969,411.3399963378906,345800,0.0,0.0
2023-11-20 00:00:00-05:00,411.1400146484375,414.0400085449219,410.07000732421875,411.989990234375,271300,0.0,0.0
2023-11-21 00:00:00-05:00,410.19000244140625,413.760009765625,408.9100036621094,411.0400085449219,204400,0.0,0.0
2023-11-22 00:00:00-05:00,414.0400085449219,415.17999267578125,411.510009765625,411.8699951171875,133600,0.0,0.0
2023-11-24 00:00:00-05:00,412.0799865722656,413.4100036621094,409.2300109863281,410.1199951171875,52400,0.0,0.0
2023-11-27 00:00:00-05:00,408.8699951171875,413.7099914550781,407.3900146484375,411.2699890136719,151500,0.0,0.0
2023-11-28 00:00:00-05:00,410.2200012207031,411.7900085449219,406.6300048828125,407.1499938964844,140100,0.0,0.0
2023-11-29 00:00:00-05:00,412.44000244140625,417.010009765625,405.69000244140625,407.30999755859375,208600,0.0,0.0
2023-11-30 00:00:00-05:00,407.5899963378906,408.9700012207031,401.4100036621094,408.8399963378906,301900,0.0,0.0
2023-12-01 00:00:00-05:00,408.5,413.8900146484375,405.9800109863281,413.7300109863281,190700,0.0,0.0
2023-12-04 00:00:00-05:00,409.92999267578125,413.760009765625,408.5799865722656,412.94000244140625,178000,0.0,0.0
2023-12-05 00:00:00-05:00,409.7099914550781,411.0199890136719,407.2699890136719,410.8699951171875,211100,0.0,0.0
2023-12-06 00:00:00-05:00,413.07000732421875,415.0,403.92999267578125,404.25,198900,0.0,0.0
2023-12-07 00:00:00-05:00,404.3299865722656,407.739990234375,399.67999267578125,402.1400146484375,151600,0.0,0.0
2023-12-08 00:00:00-05:00,400.7900085449219,404.7099914550781,400.5899963378906,403.07000732421875,160900,0.0,0.0
2023-12-11 00:00:00-05:00,403.0400085449219,409.3800048828125,403.0400085449219,403.9100036621094,180600,0.0,0.0
2023-12-12 00:00:00-05:00,404.1300048828125,407.7300109863281,402.0,407.69000244140625,177800,0.0,0.0
2023-12-13 00:00:00-05:00,408.5400085449219,413.1300048828125,407.9599914550781,412.4599914550781,226800,0.0,0.0
2023-12-14 00:00:00-05:00,411.54998779296875,415.32000732421875,406.30999755859375,410.20001220703125,306900,0.0,0.0
2023-12-15 00:00:00-05:00,409.3500061035156,411.04998779296875,405.4200134277344,410.4200134277344,630400,0.0,0.0
2023-12-18 00:00:00-05:00,411.1499938964844,419.05999755859375,410.8399963378906,418.4700012207031,296400,0.0,0.0
2023-12-19 00:00:00-05:00,419.05999755859375,420.0199890136719,412.1000061035156,414.5899963378906,217100,0.0,0.0
2023-12-20 00:00:00-05:00,412.8900146484375,416.44000244140625,408.2699890136719,409.0299987792969,162300,0.0,0.0
2023-12-21 00:00:00-05:00,411.45001220703125,412.8800048828125,408.8699951171875,412.489990234375,138500,0.0,0.0
2023-12-22 00:00:00-05:00,415.1700134277344,416.29998779296875,411.20001220703125,415.0,204500,0.0,0.0
2023-12-26 00:00:00-05:00,415.07000732421875,418.44000244140625,414.2699890136719,416.4100036621094,128500,0.0,0.0
2023-12-27 00:00:00-05:00,416.9800109863281,416.9800109863281,413.0400085449219,415.6000061035156,126100,0.0,0.0
2023-12-28 00:00:00-05:00,415.1000061035156,419.3699951171875,414.30999755859375,418.2900085449219,122500,0.0,0.0
2023-12-29 00:00:00-05:00,418.70001220703125,420.9800109863281,416.010009765625,418.1199951171875,142700,0.0,0.0
2024-01-02 00:00:00-05:00,414.760009765625,414.760009765625,400.4800109863281,408.20001220703125,288700,0.0,0.0
2024-01-03 00:00:00-05:00,406.67999267578125,411.1499938964844,405.1600036621094,406.8999938964844,221100,0.0,0.0
2024-01-04 00:00:00-05:00,406.7900085449219,409.6300048828125,400.79998779296875,401.3900146484375,161700,0.0,0.0
2024-01-05 00:00:00-05:00,401.05999755859375,405.20001220703125,398.6300048828125,400.82000732421875,243000,0.0,0.0
2024-01-08 00:00:00-05:00,404.3900146484375,414.42999267578125,402.4800109863281,414.4200134277344,243300,0.0,0.0
2024-01-09 00:00:00-05:00,410.67999267578125,415.79998779296875,410.67999267578125,412.6700134277344,102500,0.0,0.0
2024-01-10 00:00:00-05:00,413.5799865722656,418.6499938964844,412.67999267578125,418.3999938964844,163600,0.0,0.0
2024-01-11 00:00:00-05:00,421.2699890136719,425.94000244140625,419.17999267578125,425.2699890136719,177200,0.0,0.0
2024-01-12 00:00:00-05:00,426.9700012207031,430.4200134277344,425.7699890136719,429.0,171000,0.0,0.0
2024-01-16 00:00:00-05:00,427.0,429.3999938964844,416.4100036621094,417.2099914550781,179800,0.0,0.0
2024-01-17 00:00:00-05:00,416.5400085449219,419.8900146484375,411.3800048828125,419.5400085449219,130000,0.0,0.0
2024-01-18 00:00:00-05:00,421.6600036621094,424.2300109863281,419.5,424.1600036621094,155800,0.0,0.0
2024-01-19 00:00:00-05:00,426.2200012207031,430.6300048828125,424.2900085449219,430.3299865722656,125700,0.0,0.0
2024-01-22 00:00:00-05:00,434.3399963378906,440.989990234375,434.0199890136719,440.1199951171875,196500,0.0,0.0
2024-01-23 00:00:00-05:00,440.6400146484375,445.8699951171875,438.1700134277344,444.0,193200,0.0,0.0
2024-01-24 00:00:00-05:00,447.9700012207031,451.7099914550781,439.1099853515625,439.2900085449219,252000,0.0,0.0
2024-01-25 00:00:00-05:00,441.6000061035156,441.6000061035156,428.4200134277344,429.25,230100,0.0,0.0
2024-01-26 00:00:00-05:00,429.5299987792969,432.5899963378906,428.32000732421875,430.6199951171875,153500,0.0,0.0
2024-01-29 00:00:00-05:00,432.0899963378906,436.4100036621094,430.2099914550781,436.4100036621094,148100,0.0,0.0
2024-01-30 00:00:00-05:00,434.2699890136719,437.0,431.92999267578125,432.05999755859375,136100,0.0,0.0
2024-01-31 00:00:00-05:00,430.67999267578125,432.0,421.57000732421875,422.75,146700,0.0,0.0
2024-02-01 00:00:00-05:00,422.5899963378906,431.1300048828125,421.1499938964844,429.67999267578125,134900,0.0,0.0
2024-02-02 00:00:00-05:00,428.6400146484375,433.9200134277344,427.3299865722656,430.8599853515625,201600,0.0,0.0
2024-02-05 00:00:00-05:00,428.42999267578125,429.6499938964844,421.7900085449219,427.3900146484375,117200,0.0,0.0
2024-02-06 00:00:00-05:00,429.9800109863281,431.3800048828125,425.5899963378906,430.5199890136719,128300,0.0,0.0
2024-02-07 00:00:00-05:00,433.9200134277344,437.80999755859375,430.69000244140625,435.8800048828125,133900,0.0,0.0
2024-02-08 00:00:00-05:00,434.8800048828125,437.8999938964844,434.510009765625,435.1499938964844,142800,0.0,0.0
2024-02-09 00:00:00-05:00,437.30999755859375,442.3999938964844,433.1099853515625,440.989990234375,165700,0.0,0.0
2024-02-12 00:00:00-05:00,440.2900085449219,441.3999938964844,434.45001220703125,434.8500061035156,194600,0.0,0.0
2024-02-13 00:00:00-05:00,423.2099914550781,436.489990234375,423.2099914550781,431.70001220703125,246300,0.0,0.0
2024-02-14 00:00:00-05:00,435.7699890136719,441.0299987792969,432.2300109863281,440.1300048828125,229800,0.0,0.0
2024-02-15 00:00:00-05:00,423.1499938964844,454.739990234375,421.2900085449219,441.1099853515625,378600,0.0,0.0
2024-02-16 00:00:00-05:00,443.07000732421875,443.2200012207031,437.44000244140625,440.9800109863281,202300,0.0,0.0
2024-02-20 00:00:00-05:00,438.0,440.70001220703125,432.8500061035156,435.3800048828125,184500,0.0,0.0
2024-02-21 00:00:00-05:00,434.4700012207031,434.4700012207031,425.9200134277344,432.7099914550781,239200,0.0,0.0
2024-02-22 00:00:00-05:00,439.8299865722656,443.70001220703125,434.0,436.6000061035156,298500,0.0,0.0
2024-02-23 00:00:00-05:00,439.489990234375,441.0,434.29998779296875,437.4800109863281,141200,0.0,0.0
2024-02-26 00:00:00-05:00,439.4599914550781,444.7699890136719,437.80999755859375,441.19000244140625,284600,0.0,0.0
2024-02-27 00:00:00-05:00,441.2099914550781,443.92999267578125,434.92999267578125,436.3900146484375,144300,0.0,0.0
2024-02-28 00:00:00-05:00,434.8800048828125,440.1499938964844,434.79998779296875,438.7099914550781,131000,0.0,0.0
2024-02-29 00:00:00-05:00,440.1300048828125,440.7200012207031,434.5400085449219,437.1400146484375,349000,0.0,0.0
2024-03-01 00:00:00-05:00,436.0299987792969,441.760009765625,433.6000061035156,440.8999938964844,180100,0.0,0.0
2024-03-04 00:00:00-05:00,439.0,440.8500061035156,436.239990234375,438.1400146484375,178100,0.0,0.0
2024-03-05 00:00:00-05:00,434.2300109863281,437.7799987792969,413.5400085449219,417.17999267578125,296900,0.0,0.0
2024-03-06 00:00:00-05:00,422.3500061035156,425.260009765625,417.510009765625,419.8599853515625,208500,0.0,0.0
2024-03-07 00:00:00-05:00,424.19000244140625,424.9800109863281,419.9599914550781,422.07000732421875,165400,0.0,0.0
2024-03-08 00:00:00-05:00,422.3399963378906,425.489990234375,417.8299865722656,420.4800109863281,204700,0.0,0.0
2024-03-11 00:00:00-04:00,418.1000061035156,429.04998779296875,418.1000061035156,428.82000732421875,299700,0.0,0.0
2024-03-12 00:00:00-04:00,426.760009765625,431.45001220703125,423.1099853515625,427.9599914550781,206600,0.0,0.0
2024-03-13 00:00:00-04:00,429.3500061035156,429.8399963378906,419.1300048828125,421.1499938964844,291200,0.0,0.0
2024-03-14 00:00:00-04:00,420.3399963378906,423.5299987792969,414.42999267578125,418.2799987792969,160500,0.0,0.0
2024-03-15 00:00:00-04:00,412.1099853515625,417.44000244140625,411.2099914550781,416.30999755859375,492600,0.0,0.0
2024-03-18 00:00:00-04:00,418.3299865722656,421.1000061035156,415.4200134277344,416.3299865722656,141000,0.0,0.0
2024-03-19 00:00:00-04:00,415.55999755859375,425.4100036621094,415.55999755859375,424.3999938964844,190800,0.0,0.0
2024-03-20 00:00:00-04:00,425.5799865722656,425.5799865722656,416.94000244140625,420.6199951171875,162700,0.0,0.0
2024-03-21 00:00:00-04:00,422.1000061035156,423.4800109863281,419.7900085449219,421.0799865722656,176200,0.0,0.0
2024-03-22 00:00:00-04:00,421.9700012207031,421.9700012207031,413.05999755859375,419.2900085449219,259800,0.0,0.0
2024-03-25 00:00:00-04:00,417.82000732421875,421.5,415.6199951171875,420.25,174600,0.0,0.0
2024-03-26 00:00:00-04:00,420.0,421.05999755859375,417.0899963378906,418.0899963378906,184500,0.0,0.0
2024-03-27 00:00:00-04:00,422.2799987792969,422.2799987792969,417.0199890136719,420.6000061035156,263400,0.0,0.0
2024-03-28 00:00:00-04:00,422.1199951171875,425.42999267578125,419.3999938964844,425.010009765625,203200,0.0,0.0
2024-04-01 00:00:00-04:00,425.2699890136719,425.5299987792969,415.2900085449219,416.69000244140625,144800,0.0,0.0
2024-04-02 00:00:00-04:00,412.55999755859375,416.69000244140625,408.9100036621094,413.8699951171875,184600,0.0,0.0
2024-04-03 00:00:00-04:00,412.5,415.5299987792969,410.5400085449219,415.0400085449219,210200,0.0,0.0
2024-04-04 00:00:00-04:00,418.6199951171875,424.30999755859375,414.6499938964844,414.7699890136719,234400,0.0,0.0
2024-04-05 00:00:00-04:00,415.2799987792969,419.8800048828125,413.9700012207031,415.17999267578125,210300,0.0,0.0
2024-04-08 00:00:00-04:00,416.25,419.8800048828125,414.6199951171875,418.20001220703125,180200,0.0,0.0
2024-04-09 00:00:00-04:00,420.5199890136719,423.5799865722656,417.1199951171875,423.20001220703125,286000,0.0,0.0
2024-04-10 00:00:00-04:00,417.7900085449219,420.5299987792969,409.29998779296875,411.8500061035156,306700,0.0,0.0
2024-04-11 00:00:00-04:00,412.1000061035156,415.4599914550781,407.0899963378906,412.8599853515625,142800,0.0,0.0
2024-04-12 00:00:00-04:00,408.3900146484375,413.5799865722656,407.5,413.3599853515625,293900,0.0,0.0
2024-04-15 00:00:00-04:00,414.7099914550781,415.2900085449219,399.75,400.67999267578125,178600,0.0,0.0
2024-04-16 00:00:00-04:00,400.8699951171875,402.3599853515625,398.3599853515625,399.2200012207031,178400,0.0,0.0
2024-04-17 00:00:00-04:00,399.67999267578125,404.260009765625,397.79998779296875,402.8399963378906,262000,0.0,0.0
2024-04-18 00:00:00-04:00,403.8500061035156,405.4700012207031,399.7699890136719,402.95001220703125,221700,0.0,0.0
2024-04-19 00:00:00-04:00,404.6000061035156,404.6000061035156,400.5400085449219,403.3500061035156,285400,0.0,0.0
2024-04-22 00:00:00-04:00,407.3599853515625,413.2900085449219,403.6499938964844,411.4100036621094,238200,0.0,0.0
2024-04-23 00:00:00-04:00,412.70001220703125,419.8500061035156,412.70001220703125,418.44000244140625,200200,0.0,0.0
2024-04-24 00:00:00-04:00,419.4100036621094,421.54998779296875,415.239990234375,419.0,308400,0.0,0.0
2024-04-25 00:00:00-04:00,445.7200012207031,464.80999755859375,435.0299987792969,458.07000732421875,503000,0.0,0.0
2024-04-26 00:00:00-04:00,459.0,465.7799987792969,456.19000244140625,460.739990234375,286600,0.0,0.0
2024-04-29 00:00:00-04:00,458.30999755859375,465.2200012207031,455.239990234375,465.20001220703125,320200,0.0,0.0
2024-04-30 00:00:00-04:00,463.9100036621094,466.1000061035156,461.3999938964844,461.54998779296875,323000,0.0,0.0
2024-05-01 00:00:00-04:00,460.6400146484375,464.20001220703125,455.07000732421875,458.5299987792969,266600,0.0,0.0
2024-05-02 00:00:00-04:00,459.7099914550781,465.2200012207031,452.57000732421875,464.4599914550781,195300,0.0,0.0
2024-05-03 00:00:00-04:00,470.0,471.5299987792969,464.1499938964844,469.0,176500,0.0,0.0
2024-05-06 00:00:00-04:00,472.0799865722656,477.8599853515625,471.30999755859375,476.0199890136719,198600,0.0,0.0
2024-05-07 00:00:00-04:00,476.3999938964844,483.8299865722656,474.010009765625,481.3800048828125,280900,0.0,0.0
2024-05-08 00:00:00-04:00,481.1700134277344,485.4100036621094,477.1600036621094,481.0199890136719,196000,0.0,0.0
2024-05-09 00:00:00-04:00,481.69000244140625,483.8599853515625,475.6099853515625,481.8399963378906,176300,0.0,0.0
2024-05-10 00:00:00-04:00,482.95001220703125,488.7099914550781,480.4200134277344,484.760009765625,197000,0.0,0.0
2024-05-13 00:00:00-04:00,486.7300109863281,487.2799987792969,479.6099853515625,481.1000061035156,132000,0.0,0.0
2024-05-14 00:00:00-04:00,482.2200012207031,487.1099853515625,477.989990234375,484.8500061035156,224000,0.0,0.0
2024-05-15 00:00:00-04:00,487.2300109863281,492.57000732421875,483.94000244140625,489.1400146484375,211800,0.0,0.0
2024-05-16 00:00:00-04:00,488.989990234375,490.8599853515625,485.32000732421875,487.9700012207031,188900,0.0,0.0
2024-05-17 00:00:00-04:00,489.94000244140625,489.94000244140625,485.8599853515625,489.1400146484375,110500,0.0,0.0
2024-05-20 00:00:00-04:00,490.0,495.0,488.1499938964844,493.9200134277344,129900,0.0,0.0
2024-05-21 00:00:00-04:00,494.7799987792969,498.6600036621094,492.75,495.9800109863281,152700,0.0,0.0
2024-05-22 00:00:00-04:00,497.260009765625,500.489990234375,495.6400146484375,497.510009765625,147700,0.0,0.0
2024-05-23 00:00:00-04:00,499.54998779296875,499.54998779296875,487.8999938964844,491.1300048828125,207000,0.0,0.0
2024-05-24 00:00:00-04:00,491.29998779296875,494.8399963378906,486.8900146484375,492.04998779296875,92000,0.0,0.0
2024-05-28 00:00:00-04:00,490.7099914550781,492.489990234375,476.1099853515625,479.1300048828125,311000,0.0,0.0
2024-05-29 00:00:00-04:00,476.1600036621094,481.0199890136719,475.3699951171875,475.3999938964844,186000,0.0,0.0
2024-05-30 00:00:00-04:00,473.07000732421875,480.8999938964844,470.0,477.3800048828125,220300,0.0,0.0
2024-05-31 00:00:00-04:00,477.0799865722656,480.3599853515625,468.3500061035156,480.3599853515625,299300,0.0,0.0
2024-06-03 00:00:00-04:00,480.2799987792969,480.2799987792969,469.510009765625,474.19000244140625,161600,0.0,0.0
2024-06-04 00:00:00-04:00,473.1199951171875,480.55999755859375,467.8900146484375,479.1000061035156,167500,0.0,0.0
2024-06-05 00:00:00-04:00,480.6000061035156,484.2699890136719,478.5199890136719,483.8299865722656,133400,0.0,0.0
2024-06-06 00:00:00-04:00,486.3500061035156,490.260009765625,480.7799987792969,481.4200134277344,133200,0.0,0.0
2024-06-07 00:00:00-04:00,481.5,484.239990234375,480.2200012207031,481.8399963378906,148800,0.0,0.0
2024-06-10 00:00:00-04:00,480.8999938964844,483.1400146484375,476.8599853515625,477.0199890136719,204200,0.0,0.0
2024-06-11 00:00:00-04:00,476.0,483.3500061035156,476.0,481.9700012207031,275000,0.0,0.0
2024-06-12 00:00:00-04:00,486.6300048828125,490.05999755859375,477.92999267578125,478.5799865722656,344900,0.0,0.0
2024-06-13 00:00:00-04:00,477.5899963378906,480.1600036621094,471.04998779296875,474.489990234375,224200,0.0,0.0
2024-06-14 00:00:00-04:00,472.57000732421875,475.04998779296875,470.4100036621094,471.7900085449219,170000,0.0,0.0
2024-06-17 00:00:00-04:00,465.9800109863281,468.19000244140625,458.5,467.2699890136719,385500,0.0,0.0
2024-06-18 00:00:00-04:00,465.67999267578125,473.2300109863281,463.8399963378906,472.8999938964844,234700,0.0,0.0
2024-06-20 00:00:00-04:00,474.1600036621094,479.2200012207031,469.6600036621094,479.0400085449219,259600,0.0,0.0
2024-06-21 00:00:00-04:00,479.9599914550781,489.6400146484375,476.4200134277344,489.1400146484375,1027400,0.0,0.0
2024-06-24 00:00:00-04:00,488.510009765625,495.239990234375,486.4100036621094,491.57000732421875,265700,0.0,0.0
2024-06-25 00:00:00-04:00,492.95001220703125,494.6000061035156,485.1700134277344,488.239990234375,188900,0.0,0.0
2024-06-26 00:00:00-04:00,486.0199890136719,491.260009765625,484.04998779296875,488.6300048828125,149800,0.0,0.0
2024-06-27 00:00:00-04:00,488.6300048828125,497.42999267578125,485.0,493.80999755859375,257800,0.0,0.0
2024-06-28 00:00:00-04:00,498.92999267578125,506.07000732421875,497.1199951171875,502.7799987792969,665100,0.0,0.0
2024-07-01 00:00:00-04:00,502.7900085449219,502.7900085449219,495.2099914550781,499.5199890136719,258700,0.0,0.0
2024-07-02 00:00:00-04:00,501.9800109863281,519.4400024414062,501.9800109863281,509.0,192800,0.0,0.0
2024-07-03 00:00:00-04:00,507.2799987792969,514.3800048828125,504.95001220703125,508.55999755859375,111300,0.0,0.0
2024-07-05 00:00:00-04:00,509.0299987792969,513.4600219726562,506.95001220703125,513.4199829101562,178000,0.0,0.0
2024-07-08 00:00:00-04:00,513.0,514.4299926757812,507.30999755859375,511.4800109863281,144400,0.0,0.0
2024-07-09 00:00:00-04:00,512.75,512.75,504.9100036621094,508.8599853515625,149900,0.0,0.0
2024-07-10 00:00:00-04:00,509.3699951171875,512.1599731445312,503.5400085449219,511.8800048828125,173300,0.0,0.0
2024-07-11 00:00:00-04:00,515.0,521.1400146484375,509.19000244140625,514.3099975585938,197800,0.0,0.0
2024-07-12 00:00:00-04:00,515.4600219726562,525.5599975585938,514.5,523.0800170898438,265300,0.0,0.0
2024-07-15 00:00:00-04:00,525.0,527.7100219726562,520.1799926757812,520.9099731445312,186700,0.0,0.0
2024-07-16 00:00:00-04:00,521.6500244140625,528.9500122070312,517.9000244140625,528.9199829101562,154100,0.0,0.0
2024-07-17 00:00:00-04:00,526.9000244140625,531.5700073242188,525.8200073242188,528.030029296875,260000,0.0,0.0
2024-07-18 00:00:00-04:00,528.6400146484375,533.8099975585938,525.4000244140625,525.9099731445312,211300,0.0,0.0
2024-07-19 00:00:00-04:00,528.8800048828125,528.8800048828125,520.7100219726562,524.3300170898438,153600,0.0,0.0
2024-07-22 00:00:00-04:00,526.6500244140625,531.0700073242188,524.5,529.0900268554688,184800,0.0,0.0
2024-07-23 00:00:00-04:00,529.1900024414062,533.4600219726562,526.260009765625,526.3699951171875,200600,0.0,0.0
2024-07-24 00:00:00-04:00,525.4500122070312,525.5700073242188,515.7899780273438,515.7999877929688,294300,0.0,0.0
2024-07-25 00:00:00-04:00,528.0599975585938,572.7999877929688,526.7899780273438,564.3400268554688,622700,0.0,0.0
2024-07-26 00:00:00-04:00,570.9099731445312,593.5,569.25,590.6500244140625,584300,0.0,0.0
2024-07-29 00:00:00-04:00,584.3499755859375,588.0399780273438,575.3699951171875,576.989990234375,487100,0.0,0.0
2024-07-30 00:00:00-04:00,579.6799926757812,580.5999755859375,568.5599975585938,574.5499877929688,300600,0.0,0.0
2024-07-31 00:00:00-04:00,574.7899780273438,574.7899780273438,565.010009765625,568.1099853515625,342400,0.0,0.0
2024-08-01 00:00:00-04:00,566.6400146484375,572.22998046875,560.1500244140625,569.7100219726562,236100,0.0,0.0
2024-08-02 00:00:00-04:00,563.5,575.8599853515625,557.1599731445312,575.8099975585938,271500,0.0,0.0
2024-08-05 00:00:00-04:00,560.5700073242188,575.760009765625,555.3400268554688,569.010009765625,297200,0.0,0.0
2024-08-06 00:00:00-04:00,566.1699829101562,579.5599975585938,566.1699829101562,570.6300048828125,212100,0.0,0.0
2024-08-07 00:00:00-04:00,569.2100219726562,578.9400024414062,565.2100219726562,568.47998046875,224000,0.0,0.0
2024-08-08 00:00:00-04:00,571.27001953125,580.4099731445312,567.739990234375,579.52001953125,186100,0.0,0.0
2024-08-09 00:00:00-04:00,577.9600219726562,578.3400268554688,572.219970703125,575.22998046875,132400,0.0,0.0
2024-08-12 00:00:00-04:00,575.989990234375,580.3400268554688,570.8400268554688,579.760009765625,200900,0.0,0.0
2024-08-13 00:00:00-04:00,581.4199829101562,581.8800048828125,576.5599975585938,579.280029296875,158000,0.0,0.0
2024-08-14 00:00:00-04:00,578.3200073242188,584.8900146484375,577.8400268554688,581.1799926757812,130400,0.0,0.0
2024-08-15 00:00:00-04:00,581.5900268554688,582.2999877929688,578.239990234375,582.010009765625,175500,0.0,0.0
2024-08-16 00:00:00-04:00,580.5399780273438,584.239990234375,578.8300170898438,584.1699829101562,177600,0.0,0.0
2024-08-19 00:00:00-04:00,584.0,585.75,579.0399780273438,579.5800170898438,165200,0.0,0.0
2024-08-20 00:00:00-04:00,580.8800048828125,584.5800170898438,575.9099731445312,576.6300048828125,199200,0.0,0.0
2024-08-21 00:00:00-04:00,576.3400268554688,581.239990234375,576.3400268554688,581.1900024414062,180500,0.0,0.0
2024-08-22 00:00:00-04:00,581.1400146484375,581.3699951171875,570.8900146484375,572.6799926757812,145500,0.0,0.0
2024-08-23 00:00:00-04:00,576.1400146484375,576.3200073242188,567.02001953125,571.72998046875,203100,0.0,0.0
2024-08-26 00:00:00-04:00,571.9199829101562,575.27001953125,570.7999877929688,571.6799926757812,208400,0.0,0.0
2024-08-27 00:00:00-04:00,571.75,581.8599853515625,571.75,578.5900268554688,141100,0.0,0.0
2024-08-28 00:00:00-04:00,577.9299926757812,581.8800048828125,577.0900268554688,581.0499877929688,111600,0.0,0.0
2024-08-29 00:00:00-04:00,583.1599731445312,592.4500122070312,583.1599731445312,587.6300048828125,176600,0.0,0.0
2024-08-30 00:00:00-04:00,589.9000244140625,592.22998046875,583.0700073242188,587.8699951171875,294700,0.0,0.0
2024-09-03 00:00:00-04:00,587.1199951171875,587.77001953125,574.760009765625,578.719970703125,180700,0.0,0.0
2024-09-04 00:00:00-04:00,576.5,587.1400146484375,576.5,586.6599731445312,188300,0.0,0.0
2024-09-05 00:00:00-04:00,581.9299926757812,586.4199829101562,579.739990234375,583.8599853515625,138200,0.0,0.0
2024-09-06 00:00:00-04:00,586.8400268554688,590.0,579.8400268554688,581.1599731445312,215800,0.0,0.0
2024-09-09 00:00:00-04:00,586.969970703125,590.7999877929688,583.5700073242188,588.989990234375,316400,0.0,0.0
2024-09-10 00:00:00-04:00,592.0800170898438,598.9299926757812,586.0999755859375,595.4600219726562,216800,0.0,0.0
2024-09-11 00:00:00-04:00,592.9299926757812,592.9299926757812,578.75,586.4099731445312,170900,0.0,0.0
2024-09-12 00:00:00-04:00,587.0,590.3099975585938,569.6599731445312,583.1699829101562,183700,0.0,0.0
2024-09-13 00:00:00-04:00,583.1799926757812,584.6699829101562,579.4299926757812,581.9600219726562,140000,0.0,0.0
2024-09-16 00:00:00-04:00,584.5599975585938,590.489990234375,582.0399780273438,585.72998046875,230600,0.0,0.0
2024-09-17 00:00:00-04:00,586.1900024414062,591.1799926757812,576.0700073242188,579.3900146484375,248800,0.0,0.0
2024-09-18 00:00:00-04:00,577.7899780273438,583.010009765625,570.6300048828125,579.489990234375,275400,0.0,0.0
2024-09-19 00:00:00-04:00,586.1099853515625,586.1099853515625,576.3200073242188,580.25,369600,0.0,0.0
2024-09-20 00:00:00-04:00,576.8900146484375,579.6900024414062,570.1699829101562,577.7999877929688,1471100,0.0,0.0
2024-09-23 00:00:00-04:00,580.3900146484375,585.030029296875,573.22998046875,583.739990234375,285200,0.0,0.0
2024-09-24 00:00:00-04:00,582.5599975585938,585.6099853515625,578.8699951171875,585.1500244140625,179900,0.0,0.0
2024-09-25 00:00:00-04:00,586.3599853515625,588.8099975585938,579.0399780273438,580.0399780273438,171500,0.0,0.0
2024-09-26 00:00:00-04:00,583.530029296875,585.72998046875,577.02001953125,579.0700073242188,158600,0.0,0.0
2024-09-27 00:00:00-04:00,578.02001953125,582.0399780273438,574.739990234375,577.52001953125,141700,0.0,0.0
2024-09-30 00:00:00-04:00,577.1699829101562,584.4099731445312,575.9500122070312,583.719970703125,188000,0.0,0.0
2024-10-01 00:00:00-04:00,582.6599731445312,584.6099853515625,576.4400024414062,578.6400146484375,192300,0.0,0.0
2024-10-02 00:00:00-04:00,578.1199951171875,584.4500122070312,573.5499877929688,584.1099853515625,126000,0.0,0.0
2024-10-03 00:00:00-04:00,585.0,585.0,579.8099975585938,581.5499877929688,94000,0.0,0.0
2024-10-04 00:00:00-04:00,584.8699951171875,584.8699951171875,577.8499755859375,579.4500122070312,172400,0.0,0.0
2024-10-07 00:00:00-04:00,583.219970703125,586.2000122070312,578.760009765625,581.5700073242188,235900,0.0,0.0
2024-10-08 00:00:00-04:00,586.489990234375,596.0,584.47998046875,593.9000244140625,301500,0.0,0.0
2024-10-09 00:00:00-04:00,594.6500244140625,597.97998046875,587.5999755859375,591.5599975585938,223900,0.0,0.0
2024-10-10 00:00:00-04:00,590.469970703125,590.469970703125,582.6300048828125,586.469970703125,206900,0.0,0.0
2024-10-11 00:00:00-04:00,588.8200073242188,597.4199829101562,588.8200073242188,594.4099731445312,222600,0.0,0.0
2024-10-14 00:00:00-04:00,596.02001953125,601.510009765625,594.7000122070312,599.6900024414062,183400,0.0,0.0
2024-10-15 00:00:00-04:00,602.4500122070312,606.9299926757812,600.0399780273438,601.0499877929688,253100,0.0,0.0
2024-10-16 00:00:00-04:00,594.8300170898438,595.0599975585938,585.010009765625,589.969970703125,184600,0.0,0.0
2024-10-17 00:00:00-04:00,589.0,589.7000122070312,586.6400146484375,588.22998046875,187600,0.0,0.0
2024-10-18 00:00:00-04:00,588.5700073242188,590.510009765625,585.0,588.4299926757812,179700,0.0,0.0
2024-10-21 00:00:00-04:00,588.0,590.47998046875,583.6900024414062,586.77001953125,267600,0.0,0.0
2024-10-22 00:00:00-04:00,587.0,588.2899780273438,584.0499877929688,585.8599853515625,205000,0.0,0.0
2024-10-23 00:00:00-04:00,585.0,589.52001953125,582.0399780273438,582.219970703125,304800,0.0,0.0
2024-10-24 00:00:00-04:00,593.8599853515625,631.4299926757812,587.1300048828125,611.6699829101562,598000,0.0,0.0
2024-10-25 00:00:00-04:00,613.5,617.1699829101562,604.7100219726562,605.8599853515625,238200,0.0,0.0
2024-10-28 00:00:00-04:00,608.510009765625,609.780029296875,604.5999755859375,605.3900146484375,195200,0.0,0.0
2024-10-29 00:00:00-04:00,605.0,616.8099975585938,605.0,613.47998046875,317400,0.0,0.0
2024-10-30 00:00:00-04:00,613.530029296875,616.6199951171875,609.2100219726562,614.7999877929688,233400,0.0,0.0
2024-10-31 00:00:00-04:00,612.8800048828125,616.260009765625,603.5599975585938,605.5900268554688,250700,0.0,0.0
2024-11-01 00:00:00-04:00,605.6300048828125,610.3499755859375,602.260009765625,602.75,239000,0.0,0.0
2024-11-04 00:00:00-05:00,604.6099853515625,605.1099853515625,596.5399780273438,600.6099853515625,150000,0.0,0.0
2024-11-05 00:00:00-05:00,600.75,607.0,597.0499877929688,606.3499755859375,191600,0.0,0.0
2024-11-06 00:00:00-05:00,621.6599731445312,625.0,595.3099975585938,603.2000122070312,356400,0.0,0.0
2024-11-07 00:00:00-05:00,604.22998046875,619.760009765625,604.22998046875,615.3499755859375,271100,0.0,0.0
2024-11-08 00:00:00-05:00,617.0,627.52001953125,611.3300170898438,623.219970703125,307200,0.0,0.0
2024-11-11 00:00:00-05:00,624.8699951171875,629.9600219726562,612.9099731445312,613.22998046875,307400,0.0,0.0
2024-11-12 00:00:00-05:00,613.3499755859375,620.0399780273438,609.3400268554688,619.1199951171875,234500,0.0,0.0
2024-11-13 00:00:00-05:00,621.4000244140625,628.0,614.219970703125,616.8699951171875,243900,0.0,0.0
2024-11-14 00:00:00-05:00,619.1199951171875,624.1799926757812,612.5499877929688,614.280029296875,281800,0.0,0.0
2024-11-15 00:00:00-05:00,611.6699829101562,611.6699829101562,595.5,597.0999755859375,252700,0.0,0.0
2024-11-18 00:00:00-05:00,597.0999755859375,603.530029296875,596.0399780273438,601.1900024414062,225400,0.0,0.0
2024-11-19 00:00:00-05:00,599.1199951171875,603.77001953125,597.5999755859375,599.6799926757812,269400,0.0,0.0
2024-11-20 00:00:00-05:00,599.6799926757812,602.3300170898438,596.0399780273438,601.1400146484375,236600,0.0,0.0
2024-11-21 00:00:00-05:00,605.5700073242188,605.719970703125,596.77001953125,597.2100219726562,322700,0.0,0.0
2024-11-22 00:00:00-05:00,602.0800170898438,610.75,602.0800170898438,609.0900268554688,270400,0.0,0.0
2024-11-25 00:00:00-05:00,612.1799926757812,625.8599853515625,609.97998046875,624.1900024414062,1187800,0.0,0.0
2024-11-26 00:00:00-05:00,624.4000244140625,635.4000244140625,618.5499877929688,635.1900024414062,249500,0.0,0.0
2024-11-27 00:00:00-05:00,636.77001953125,637.530029296875,629.3900146484375,630.4400024414062,262600,0.0,0.0
2024-11-29 00:00:00-05:00,632.010009765625,635.6500244140625,626.6300048828125,629.1699829101562,140400,0.0,0.0
2024-12-02 00:00:00-05:00,625.4600219726562,626.280029296875,617.1199951171875,625.5800170898438,295000,0.0,0.0
2024-12-03 00:00:00-05:00,623.27001953125,624.4500122070312,616.0399780273438,622.8499755859375,184800,0.0,0.0
2024-12-04 00:00:00-05:00,624.989990234375,636.5599975585938,621.3200073242188,635.6900024414062,188200,0.0,0.0
2024-12-05 00:00:00-05:00,635.4299926757812,638.5599975585938,626.1699829101562,630.72998046875,245800,0.0,0.0
2024-12-06 00:00:00-05:00,630.989990234375,637.7100219726562,620.760009765625,623.1500244140625,197000,0.0,0.0
2024-12-09 00:00:00-05:00,623.760009765625,623.760009765625,612.9199829101562,621.77001953125,278200,0.0,0.0
2024-12-10 00:00:00-05:00,618.8699951171875,623.469970703125,613.2999877929688,617.4400024414062,294000,0.0,0.0
2024-12-11 00:00:00-05:00,618.6400146484375,635.47998046875,618.6400146484375,625.02001953125,364900,0.0,0.0
2024-12-12 00:00:00-05:00,626.0,632.72998046875,625.1099853515625,628.239990234375,192600,0.0,0.0
2024-12-13 00:00:00-05:00,627.1699829101562,628.5800170898438,608.0399780273438,611.6500244140625,200000,0.0,0.0
2024-12-16 00:00:00-05:00,611.0,617.7899780273438,610.3300170898438,614.3599853515625,215400,0.0,0.0
2024-12-17 00:00:00-05:00,613.510009765625,614.1900024414062,607.280029296875,607.9400024414062,305000,0.0,0.0
2024-12-18 00:00:00-05:00,609.0999755859375,609.1799926757812,587.0399780273438,591.1799926757812,371800,0.0,0.0
2024-12-19 00:00:00-05:00,593.9500122070312,598.010009765625,587.030029296875,593.5999755859375,280100,0.0,0.0
2024-12-20 00:00:00-05:00,594.6199951171875,607.8300170898438,592.1300048828125,605.4199829101562,516500,0.0,0.0
2024-12-23 00:00:00-05:00,600.5,603.0999755859375,589.3599853515625,594.4000244140625,218800,0.0,0.0
2024-12-24 00:00:00-05:00,593.510009765625,599.260009765625,592.5599975585938,599.260009765625,58900,0.0,0.0
2024-12-26 00:00:00-05:00,594.3800048828125,598.2000122070312,592.6599731445312,592.8400268554688,83600,0.0,0.0
2024-12-27 00:00:00-05:00,590.0,593.3599853515625,583.1699829101562,587.0999755859375,130700,0.0,0.0
2024-12-30 00:00:00-05:00,582.0,582.3900146484375,574.9199829101562,579.0399780273438,121000,0.0,0.0
2024-12-31 00:00:00-05:00,579.3099975585938,580.469970703125,573.5900268554688,576.6400146484375,140400,0.0,0.0
2025-01-02 00:00:00-05:00,581.6900024414062,583.77001953125,573.8200073242188,574.6699829101562,184600,0.0,0.0
2025-01-03 00:00:00-05:00,574.8400268554688,585.25,574.8400268554688,584.1699829101562,168800,0.0,0.0
2025-01-06 00:00:00-05:00,582.0599975585938,582.0599975585938,568.489990234375,575.8400268554688,215100,0.0,0.0
2025-01-07 00:00:00-05:00,574.4099731445312,577.8499755859375,560.969970703125,563.5399780273438,350600,0.0,0.0
2025-01-08 00:00:00-05:00,564.0,575.489990234375,564.0,575.219970703125,205600,0.0,0.0
2025-01-10 00:00:00-05:00,569.4600219726562,570.75,559.2899780273438,559.7000122070312,229600,0.0,0.0
2025-01-13 00:00:00-05:00,558.3699951171875,565.1599731445312,558.3699951171875,562.010009765625,211100,0.0,0.0
2025-01-14 00:00:00-05:00,564.52001953125,571.5,561.3499755859375,570.27001953125,156100,0.0,0.0
2025-01-15 00:00:00-05:00,577.510009765625,580.5900268554688,569.3099975585938,571.8800048828125,186900,0.0,0.0
2025-01-16 00:00:00-05:00,573.9299926757812,583.1699829101562,572.7000122070312,575.4299926757812,197600,0.0,0.0
2025-01-17 00:00:00-05:00,578.6599731445312,581.1599731445312,568.5900268554688,569.3300170898438,308000,0.0,0.0
2025-01-21 00:00:00-05:00,573.0499877929688,586.52001953125,572.969970703125,584.5499877929688,235400,0.0,0.0
2025-01-22 00:00:00-05:00,586.510009765625,590.3599853515625,581.5499877929688,586.030029296875,177300,0.0,0.0
2025-01-23 00:00:00-05:00,586.4299926757812,593.7000122070312,582.4000244140625,593.469970703125,214000,0.0,0.0
2025-01-24 00:00:00-05:00,591.4000244140625,594.969970703125,590.2100219726562,591.9299926757812,155300,0.0,0.0
2025-01-27 00:00:00-05:00,588.5,608.4500122070312,583.6099853515625,607.3800048828125,313500,0.0,0.0
2025-01-28 00:00:00-05:00,605.0399780273438,626.0800170898438,600.760009765625,619.8499755859375,304100,0.0,0.0
2025-01-29 00:00:00-05:00,614.969970703125,616.1699829101562,605.9199829101562,607.4099731445312,235500,0.0,0.0
2025-01-30 00:00:00-05:00,605.47998046875,613.6300048828125,594.0700073242188,598.8900146484375,260000,0.0,0.0
2025-01-31 00:00:00-05:00,598.719970703125,606.1500244140625,593.9000244140625,601.6400146484375,272400,0.0,0.0
2025-02-03 00:00:00-05:00,596.5399780273438,607.3200073242188,587.489990234375,603.010009765625,187300,0.0,0.0
2025-02-04 00:00:00-05:00,606.0800170898438,614.4000244140625,604.5700073242188,608.0800170898438,198500,0.0,0.0
2025-02-05 00:00:00-05:00,611.1199951171875,616.7899780273438,606.5800170898438,616.0,204400,0.0,0.0
2025-02-06 00:00:00-05:00,613.469970703125,616.6199951171875,611.52001953125,615.8499755859375,181200,0.0,0.0
2025-02-07 00:00:00-05:00,614.0999755859375,619.030029296875,602.5599975585938,606.239990234375,224300,0.0,0.0
2025-02-10 00:00:00-05:00,609.8300170898438,614.969970703125,601.4199829101562,611.8300170898438,200200,0.0,0.0
2025-02-11 00:00:00-05:00,609.4500122070312,612.010009765625,602.9500122070312,609.469970703125,187900,0.0,0.0
2025-02-12 00:00:00-05:00,600.0,614.5,600.0,610.27001953125,398700,0.0,0.0
2025-02-13 00:00:00-05:00,620.9199829101562,661.3099975585938,618.75,646.739990234375,632900,0.0,0.0
2025-02-14 00:00:00-05:00,648.9099731445312,650.97998046875,636.739990234375,641.7000122070312,314100,0.0,0.0
2025-02-18 00:00:00-05:00,641.6699829101562,641.6699829101562,631.030029296875,639.989990234375,355700,0.0,0.0
2025-02-19 00:00:00-05:00,639.22998046875,647.1099853515625,631.5900268554688,644.6799926757812,172000,0.0,0.0
2025-02-20 00:00:00-05:00,640.6099853515625,641.77001953125,626.1099853515625,630.0900268554688,249200,0.0,0.0
2025-02-21 00:00:00-05:00,628.1199951171875,629.010009765625,613.5700073242188,615.2100219726562,297400,0.0,0.0
2025-02-24 00:00:00-05:00,615.8200073242188,616.5399780273438,609.5900268554688,613.5700073242188,244700,0.0,0.0
2025-02-25 00:00:00-05:00,612.5,621.760009765625,609.25,615.8300170898438,185500,0.0,0.0
2025-02-26 00:00:00-05:00,616.9000244140625,624.75,613.3099975585938,616.469970703125,178800,0.0,0.0
2025-02-27 00:00:00-05:00,615.8699951171875,617.0800170898438,603.7999877929688,605.4099731445312,228200,0.0,0.0
2025-02-28 00:00:00-05:00,606.7899780273438,611.010009765625,601.02001953125,608.4299926757812,325500,0.0,0.0
2025-03-03 00:00:00-05:00,612.1599731445312,619.239990234375,603.6099853515625,606.3900146484375,313000,0.0,0.0
2025-03-04 00:00:00-05:00,605.27001953125,621.9199829101562,597.22998046875,617.2999877929688,396900,0.0,0.0
2025-03-05 00:00:00-05:00,612.4199829101562,626.5599975585938,612.4199829101562,625.1400146484375,251200,0.0,0.0
2025-03-06 00:00:00-05:00,617.280029296875,622.3400268554688,604.7100219726562,606.9400024414062,331300,0.0,0.0
2025-03-07 00:00:00-05:00,601.22998046875,612.6199951171875,567.3200073242188,588.010009765625,431900,0.0,0.0
2025-03-10 00:00:00-04:00,581.780029296875,583.239990234375,563.3499755859375,571.260009765625,321300,0.0,0.0
2025-03-11 00:00:00-04:00,572.489990234375,573.010009765625,562.8300170898438,565.219970703125,399200,0.0,0.0
2025-03-12 00:00:00-04:00,571.5900268554688,580.7000122070312,565.0399780273438,568.7000122070312,244900,0.0,0.0
2025-03-13 00:00:00-04:00,563.989990234375,565.77001953125,552.27001953125,553.4099731445312,312700,0.0,0.0
2025-03-14 00:00:00-04:00,558.9199829101562,563.9600219726562,555.280029296875,563.3800048828125,290600,0.0,0.0
2025-03-17 00:00:00-04:00,562.1799926757812,579.9500122070312,558.280029296875,574.5700073242188,243200,0.0,0.0
2025-03-18 00:00:00-04:00,572.239990234375,576.9500122070312,567.7999877929688,574.6699829101562,270700,0.0,0.0
2025-03-19 00:00:00-04:00,574.6699829101562,581.510009765625,572.9500122070312,578.0499877929688,238600,0.0,0.0
2025-03-20 00:00:00-04:00,575.0,575.0,565.6400146484375,568.969970703125,215900,0.0,0.0
2025-03-21 00:00:00-04:00,562.7999877929688,566.72998046875,557.97998046875,566.3900146484375,407700,0.0,0.0
2025-03-24 00:00:00-04:00,574.3900146484375,576.489990234375,565.8699951171875,574.3900146484375,244600,0.0,0.0
2025-03-25 00:00:00-04:00,574.0,582.739990234375,574.0,580.2999877929688,175800,0.0,0.0
2025-03-26 00:00:00-04:00,578.719970703125,585.030029296875,576.219970703125,577.3300170898438,206000,0.0,0.0
2025-03-27 00:00:00-04:00,579.2000122070312,581.3900146484375,573.010009765625,578.4000244140625,162500,0.0,0.0
2025-03-28 00:00:00-04:00,578.6199951171875,580.5499877929688,569.9500122070312,579.6599731445312,297700,0.0,0.0
2025-03-31 00:00:00-04:00,577.5800170898438,587.5599975585938,566.1099853515625,581.3900146484375,415600,0.0,0.0
2025-04-01 00:00:00-04:00,582.6099853515625,586.1099853515625,576.7100219726562,584.530029296875,222100,0.0,0.0
2025-04-02 00:00:00-04:00,578.7100219726562,585.5599975585938,576.1300048828125,581.8099975585938,232000,0.0,0.0
2025-04-03 00:00:00-04:00,575.0399780273438,580.97998046875,566.4500122070312,569.6799926757812,281700,0.0,0.0
2025-04-04 00:00:00-04:00,562.0599975585938,562.239990234375,537.6099853515625,538.239990234375,475600,0.0,0.0
2025-04-07 00:00:00-04:00,531.22998046875,552.989990234375,514.9099731445312,535.030029296875,432800,0.0,0.0
2025-04-08 00:00:00-04:00,550.52001953125,550.52001953125,514.510009765625,521.6799926757812,313800,0.0,0.0
2025-04-09 00:00:00-04:00,518.27001953125,570.97998046875,514.77001953125,564.97998046875,492900,0.0,0.0
2025-04-10 00:00:00-04:00,559.6099853515625,563.8499755859375,539.6699829101562,557.5900268554688,414000,0.0,0.0
2025-04-11 00:00:00-04:00,558.1400146484375,570.0499877929688,553.77001953125,568.5399780273438,209300,0.0,0.0
2025-04-14 00:00:00-04:00,573.3599853515625,575.6900024414062,566.6099853515625,571.8099975585938,152400,0.0,0.0
2025-04-15 00:00:00-04:00,573.6699829101562,579.77001953125,570.9199829101562,578.4299926757812,192800,0.0,0.0
2025-04-16 00:00:00-04:00,571.5999755859375,578.3499755859375,563.4600219726562,569.2899780273438,157700,0.0,0.0
2025-04-17 00:00:00-04:00,568.4199829101562,577.27001953125,567.1199951171875,570.2000122070312,222600,0.0,0.0
2025-04-21 00:00:00-04:00,565.3099975585938,567.1199951171875,547.760009765625,555.530029296875,190100,0.0,0.0
2025-04-22 00:00:00-04:00,551.780029296875,568.1599731445312,551.4600219726562,563.8400268554688,296200,0.0,0.0
2025-04-23 00:00:00-04:00,578.8099975585938,584.0800170898438,567.719970703125,569.27001953125,371800,0.0,0.0
2025-04-24 00:00:00-04:00,557.1900024414062,574.9099731445312,525.5900268554688,530.5,778900,0.0,0.0
2025-04-25 00:00:00-04:00,530.5,532.52001953125,513.6099853515625,524.6400146484375,543900,0.0,0.0
2025-04-28 00:00:00-04:00,526.010009765625,526.010009765625,513.52001953125,521.719970703125,483900,0.0,0.0
2025-04-29 00:00:00-04:00,523.77001953125,536.7100219726562,523.1500244140625,534.1500244140625,426800,0.0,0.0
2025-04-30 00:00:00-04:00,532.1300048828125,544.1599731445312,525.8599853515625,543.2999877929688,569200,0.0,0.0
2025-05-01 00:00:00-04:00,542.4099731445312,544.510009765625,533.1400146484375,539.5999755859375,249900,0.0,0.0
2025-05-02 00:00:00-04:00,545.0,551.6500244140625,539.280029296875,550.0,235700,0.0,0.0
2025-05-05 00:00:00-04:00,547.5700073242188,552.3599853515625,547.030029296875,549.3400268554688,229900,0.0,0.0
2025-05-06 00:00:00-04:00,544.72998046875,553.3400268554688,540.5,552.6699829101562,218500,0.0,0.0
2025-05-07 00:00:00-04:00,555.489990234375,561.9500122070312,554.8699951171875,557.7100219726562,253100,0.0,0.0
2025-05-08 00:00:00-04:00,562.4400024414062,568.47998046875,558.3800048828125,562.8099975585938,211400,0.0,0.0
2025-05-09 00:00:00-04:00,562.9000244140625,565.5,551.3300170898438,560.25,191700,0.0,0.0
2025-05-12 00:00:00-04:00,568.5900268554688,571.0999755859375,559.2100219726562,565.1900024414062,334200,0.0,0.0
2025-05-13 00:00:00-04:00,567.5599975585938,575.8200073242188,558.6599731445312,567.7999877929688,342600,0.0,0.0
2025-05-14 00:00:00-04:00,565.27001953125,570.27001953125,558.5,562.0,352900,0.0,0.0
2025-05-15 00:00:00-04:00,562.969970703125,574.9600219726562,561.3499755859375,572.72998046875,166300,0.0,0.0
2025-05-16 00:00:00-04:00,570.8800048828125,580.6400146484375,570.0,576.9000244140625,183200,0.0,0.0
2025-05-19 00:00:00-04:00,573.0499877929688,577.5399780273438,569.25,574.0900268554688,173700,0.0,0.0
2025-05-20 00:00:00-04:00,571.8099975585938,575.6500244140625,569.6300048828125,574.22998046875,193200,0.0,0.0
2025-05-21 00:00:00-04:00,569.22998046875,577.4000244140625,563.0900268554688,566.8200073242188,241300,0.0,0.0
2025-05-22 00:00:00-04:00,566.8200073242188,571.719970703125,563.1099853515625,567.4199829101562,164600,0.0,0.0
2025-05-23 00:00:00-04:00,564.2999877929688,570.3499755859375,559.5900268554688,566.02001953125,181200,0.0,0.0
2025-05-27 00:00:00-04:00,572.280029296875,578.6900024414062,568.4099731445312,576.1099853515625,206300,0.0,0.0
2025-05-28 00:00:00-04:00,576.239990234375,580.27001953125,572.5800170898438,573.6400146484375,265100,0.0,0.0
2025-05-29 00:00:00-04:00,574.969970703125,574.969970703125,566.469970703125,571.6799926757812,260600,0.0,0.0
2025-05-30 00:00:00-04:00,573.2000122070312,577.72998046875,569.8300170898438,576.989990234375,457600,0.0,0.0
2025-06-02 00:00:00-04:00,570.52001953125,571.8900146484375,559.27001953125,564.719970703125,223900,0.0,0.0
2025-06-03 00:00:00-04:00,560.2999877929688,575.6099853515625,557.239990234375,574.010009765625,338800,0.0,0.0
2025-06-04 00:00:00-04:00,573.9099731445312,582.1199951171875,562.510009765625,577.97998046875,353500,0.0,0.0
2025-06-05 00:00:00-04:00,580.0,580.0,570.780029296875,573.7899780273438,223000,0.0,0.0
2025-06-06 00:00:00-04:00,575.5700073242188,581.0399780273438,572.02001953125,576.219970703125,159000,0.0,0.0
2025-06-09 00:00:00-04:00,578.6400146484375,583.1699829101562,571.0599975585938,580.1699829101562,184100,0.0,0.0
2025-06-10 00:00:00-04:00,580.6900024414062,588.280029296875,579.780029296875,586.530029296875,259000,0.0,0.0
2025-06-11 00:00:00-04:00,584.8699951171875,589.4400024414062,580.9099731445312,584.0399780273438,235000,0.0,0.0
2025-06-12 00:00:00-04:00,585.0,590.0,579.9099731445312,587.739990234375,186700,0.0,0.0
2025-06-13 00:00:00-04:00,581.780029296875,584.8099975585938,576.8400268554688,579.719970703125,350700,0.0,0.0
2025-06-16 00:00:00-04:00,584.8499755859375,593.719970703125,582.8300170898438,589.1300048828125,268900,0.0,0.0
2025-06-17 00:00:00-04:00,584.5599975585938,586.2999877929688,578.3499755859375,580.5599975585938,246700,0.0,0.0
2025-06-18 00:00:00-04:00,580.4099731445312,582.0499877929688,568.27001953125,568.6699829101562,247700,0.0,0.0
2025-06-20 00:00:00-04:00,569.530029296875,572.97998046875,568.0,569.77001953125,668000,0.0,0.0
2025-06-23 00:00:00-04:00,572.3200073242188,580.1099853515625,569.52001953125,580.0700073242188,226400,0.0,0.0
2025-06-24 00:00:00-04:00,584.9099731445312,589.7100219726562,578.3699951171875,588.6300048828125,249900,0.0,0.0
2025-06-25 00:00:00-04:00,588.0700073242188,590.4199829101562,581.22998046875,581.239990234375,297300,0.0,0.0
2025-06-26 00:00:00-04:00,582.6300048828125,583.5599975585938,571.47998046875,577.2000122070312,269700,0.0,0.0
2025-06-27 00:00:00-04:00,578.0,588.739990234375,576.9600219726562,581.0999755859375,409800,0.0,0.0
2025-06-30 00:00:00-04:00,580.5700073242188,594.0499877929688,578.9500122070312,592.8400268554688,266800,0.0,0.0
2025-07-01 00:00:00-04:00,588.8400268554688,592.8900146484375,580.8400268554688,590.0499877929688,347400,0.0,0.0
2025-07-02 00:00:00-04:00,587.3200073242188,587.3200073242188,572.27001953125,583.0800170898438,329100,0.0,0.0
2025-07-03 00:00:00-04:00,582.739990234375,593.3800048828125,581.25,590.0399780273438,173800,0.0,0.0
2025-07-07 00:00:00-04:00,590.47998046875,595.2100219726562,586.5900268554688,589.6900024414062,235900,0.0,0.0
2025-07-08 00:00:00-04:00,590.0,594.3300170898438,582.1300048828125,585.0499877929688,239000,0.0,0.0
2025-07-09 00:00:00-04:00,584.8699951171875,587.1300048828125,578.510009765625,578.97998046875,427600,0.0,0.0
2025-07-10 00:00:00-04:00,577.1699829101562,577.1699829101562,559.780029296875,559.9000244140625,405400,0.0,0.0
2025-07-11 00:00:00-04:00,559.5999755859375,564.8499755859375,550.0,551.7999877929688,243700,0.0,0.0
2025-07-14 00:00:00-04:00,550.9000244140625,563.6500244140625,550.2100219726562,562.47998046875,314400,0.0,0.0
2025-07-15 00:00:00-04:00,565.0399780273438,569.4000244140625,553.3699951171875,553.47998046875,288800,0.0,0.0
2025-07-16 00:00:00-04:00,555.239990234375,559.3599853515625,550.47998046875,558.6699829101562,298300,0.0,0.0
2025-07-17 00:00:00-04:00,560.1300048828125,565.469970703125,557.780029296875,561.260009765625,292100,0.0,0.0
2025-07-18 00:00:00-04:00,563.1500244140625,565.9299926757812,560.010009765625,564.3599853515625,253500,0.0,0.0
2025-07-21 00:00:00-04:00,567.6799926757812,570.719970703125,560.0,560.030029296875,182800,0.0,0.0
2025-07-22 00:00:00-04:00,561.1199951171875,566.9500122070312,561.1199951171875,564.97998046875,175900,0.0,0.0
2025-07-23 00:00:00-04:00,563.8900146484375,565.75,560.4099731445312,560.6199951171875,189900,0.0,0.0
2025-07-24 00:00:00-04:00,561.0,563.0,556.4299926757812,559.9199829101562,334100,0.0,0.0
2025-07-25 00:00:00-04:00,559.2899780273438,562.3499755859375,551.3900146484375,556.4600219726562,424900,0.0,0.0
2025-07-28 00:00:00-04:00,558.5499877929688,558.5499877929688,552.4400024414062,556.4600219726562,572300,0.0,0.0
2025-07-29 00:00:00-04:00,560.469970703125,560.469970703125,550.3599853515625,552.5,363500,0.0,0.0
2025-07-30 00:00:00-04:00,552.0,555.0999755859375,548.3699951171875,554.6699829101562,600500,0.0,0.0
2025-07-31 00:00:00-04:00,563.719970703125,590.0,559.4199829101562,584.5599975585938,1014600,0.0,0.0
2025-08-01 00:00:00-04:00,581.5999755859375,589.239990234375,577.1300048828125,581.6500244140625,594900,0.0,0.0
2025-08-04 00:00:00-04:00,585.0,603.02001953125,584.0999755859375,602.989990234375,337200,0.0,0.0
2025-08-05 00:00:00-04:00,602.7100219726562,609.3200073242188,598.0,608.6799926757812,381700,0.0,0.0
2025-08-06 00:00:00-04:00,610.3499755859375,621.3400268554688,610.3499755859375,611.760009765625,407400,0.0,0.0
2025-08-07 00:00:00-04:00,614.510009765625,615.25,588.7100219726562,600.1900024414062,532800,0.0,0.0
2025-08-08 00:00:00-04:00,598.969970703125,600.1099853515625,590.7000122070312,594.3499755859375,252600,0.0,0.0
2025-08-11 00:00:00-04:00,594.510009765625,598.0599975585938,582.6400146484375,584.2000122070312,259100,0.0,0.0
2025-08-12 00:00:00-04:00,583.4299926757812,584.5,563.5800170898438,563.9400024414062,341300,0.0,0.0
2025-08-13 00:00:00-04:00,566.969970703125,580.4500122070312,563.4299926757812,580.2999877929688,325500,0.0,0.0
2025-08-14 00:00:00-04:00,579.6400146484375,580.47998046875,570.77001953125,573.239990234375,223900,0.0,0.0
2025-08-15 00:00:00-04:00,573.239990234375,578.1900024414062,567.9600219726562,572.030029296875,279000,0.0,0.0
2025-08-18 00:00:00-04:00,572.3300170898438,576.9099731445312,563.8099975585938,567.8200073242188,395500,0.0,0.0
2025-08-19 00:00:00-04:00,570.010009765625,572.77001953125,566.3900146484375,570.260009765625,229800,0.0,0.0
2025-08-20 00:00:00-04:00,569.6900024414062,575.9299926757812,563.9099731445312,567.9500122070312,231600,0.0,0.0
2025-08-21 00:00:00-04:00,563.780029296875,569.27001953125,558.3300170898438,566.6699829101562,215400,0.0,0.0
2025-08-22 00:00:00-04:00,565.0,566.9500122070312,555.02001953125,561.1400146484375,337300,0.0,0.0
2025-08-25 00:00:00-04:00,563.6099853515625,564.469970703125,554.0499877929688,554.9600219726562,210000,0.0,0.0
2025-08-26 00:00:00-04:00,553.25,561.0,547.0999755859375,547.1799926757812,447400,0.0,0.0
2025-08-27 00:00:00-04:00,550.3200073242188,561.8400268554688,550.3200073242188,560.8099975585938,289700,0.0,0.0
2025-08-28 00:00:00-04:00,560.5700073242188,560.5700073242188,549.4199829101562,556.280029296875,293000,0.0,0.0
2025-08-29 00:00:00-04:00,557.3200073242188,562.8800048828125,556.8900146484375,562.8800048828125,278200,0.0,0.0
2025-09-02 00:00:00-04:00,555.239990234375,560.1699829101562,548.4000244140625,552.489990234375,280300,0.0,0.0
2025-09-03 00:00:00-04:00,551.7000122070312,554.1400146484375,549.2899780273438,553.8300170898438,168800,0.0,0.0
2025-09-04 00:00:00-04:00,553.0900268554688,554.530029296875,546.4099731445312,554.22998046875,403900,0.0,0.0
2025-09-05 00:00:00-04:00,557.719970703125,561.02001953125,553.0800170898438,559.9600219726562,174400,0.0,0.0
2025-09-08 00:00:00-04:00,559.9600219726562,566.5800170898438,558.239990234375,566.0999755859375,233900,0.0,0.0
2025-09-09 00:00:00-04:00,566.3400268554688,566.3400268554688,554.469970703125,558.4099731445312,250800,0.0,0.0
2025-09-10 00:00:00-04:00,557.010009765625,558.489990234375,543.6799926757812,545.9099731445312,279600,0.0,0.0
2025-09-11 00:00:00-04:00,552.4000244140625,555.52001953125,548.25,553.989990234375,301600,0.0,0.0
2025-09-12 00:00:00-04:00,553.1900024414062,553.1900024414062,544.5,544.989990234375,277800,0.0,0.0
2025-09-15 00:00:00-04:00,544.989990234375,547.9299926757812,532.469970703125,539.4600219726562,400300,0.0,0.0
2025-09-16 00:00:00-04:00,540.1099853515625,541.2899780273438,532.9000244140625,534.6699829101562,246900,0.0,0.0
2025-09-17 00:00:00-04:00,537.3200073242188,543.2999877929688,532.1900024414062,536.3800048828125,296000,0.0,0.0
2025-09-18 00:00:00-04:00,535.27001953125,540.6199951171875,528.0900268554688,530.0499877929688,364800,0.0,0.0
2025-09-19 00:00:00-04:00,530.780029296875,537.6400146484375,529.510009765625,534.3200073242188,995800,0.0,0.0
2025-09-22 00:00:00-04:00,531.7999877929688,538.7899780273438,530.510009765625,536.1599731445312,277700,0.0,0.0
2025-09-23 00:00:00-04:00,536.6199951171875,538.9000244140625,527.22998046875,528.3900146484375,323500,0.0,0.0
2025-09-24 00:00:00-04:00,528.97998046875,530.7899780273438,521.0800170898438,522.8900146484375,383900,0.0,0.0
2025-09-25 00:00:00-04:00,522.0,526.5999755859375,516.77001953125,522.219970703125,289000,0.0,0.0
2025-09-26 00:00:00-04:00,524.3499755859375,531.530029296875,520.9500122070312,529.719970703125,220000,0.0,0.0
2025-09-29 00:00:00-04:00,530.5900268554688,531.9400024414062,527.3699951171875,529.22998046875,239000,0.0,0.0
2025-09-30 00:00:00-04:00,524.9099731445312,526.47998046875,517.6500244140625,523.1599731445312,254200,0.0,0.0
2025-10-01 00:00:00-04:00,525.0599975585938,525.0599975585938,498.5799865722656,500.739990234375,639800,0.0,0.0
2025-10-02 00:00:00-04:00,499.5899963378906,508.1300048828125,494.32000732421875,498.19000244140625,510600,0.0,0.0
2025-10-03 00:00:00-04:00,498.19000244140625,509.29998779296875,497.32000732421875,502.739990234375,296700,0.0,0.0
2025-10-06 00:00:00-04:00,500.4599914550781,504.3999938964844,495.29998779296875,496.2300109863281,311100,0.0,0.0
2025-10-07 00:00:00-04:00,496.0299987792969,496.7200012207031,483.55999755859375,485.7300109863281,375200,0.0,0.0
2025-10-08 00:00:00-04:00,497.1300048828125,519.7899780273438,489.44000244140625,517.5700073242188,714600,0.0,0.0
2025-10-09 00:00:00-04:00,516.9000244140625,517.6699829101562,505.1199951171875,506.4599914550781,446100,0.0,0.0
2025-10-10 00:00:00-04:00,504.04998779296875,509.6499938964844,499.8999938964844,504.2099914550781,322400,0.0,0.0
2025-10-13 00:00:00-04:00,502.0899963378906,511.95001220703125,496.94000244140625,506.5299987792969,395000,0.0,0.0
2025-10-14 00:00:00-04:00,503.6400146484375,507.75,500.3900146484375,506.2799987792969,267000,0.0,0.0
2025-10-15 00:00:00-04:00,505.0899963378906,507.25,499.9200134277344,502.04998779296875,274400,0.0,0.0
2025-10-16 00:00:00-04:00,498.94000244140625,505.69000244140625,495.5299987792969,496.5400085449219,227500,0.0,0.0
2025-10-17 00:00:00-04:00,496.05999755859375,506.54998779296875,496.05999755859375,505.6000061035156,252200,0.0,0.0
2025-10-20 00:00:00-04:00,504.6400146484375,514.530029296875,504.6400146484375,510.25,223000,0.0,0.0
2025-10-21 00:00:00-04:00,509.489990234375,521.989990234375,509.489990234375,518.6900024414062,188400,0.0,0.0
2025-10-22 00:00:00-04:00,515.7899780273438,524.4299926757812,512.8200073242188,513.0499877929688,187900,0.0,0.0
2025-10-23 00:00:00-04:00,513.3699951171875,517.3300170898438,510.94000244140625,516.25,234600,0.0,0.0
2025-10-24 00:00:00-04:00,518.3699951171875,518.3699951171875,507.20001220703125,508.6600036621094,318800,0.0,0.0
2025-10-27 00:00:00-04:00,511.8999938964844,517.510009765625,501.45001220703125,509.05999755859375,348100,0.0,0.0
2025-10-28 00:00:00-04:00,505.8900146484375,513.3200073242188,504.67999267578125,510.67999267578125,211500,0.0,0.0
2025-10-29 00:00:00-04:00,504.42999267578125,510.19000244140625,475.7699890136719,478.0,725700,0.0,0.0
2025-10-30 00:00:00-04:00,469.010009765625,489.9200134277344,450.0,478.0799865722656,793200,0.0,0.0
2025-10-31 00:00:00-04:00,477.45001220703125,483.5,472.44000244140625,476.260009765625,404100,0.0,0.0
2025-11-03 00:00:00-05:00,471.9100036621094,474.94000244140625,460.0,467.0199890136719,528400,0.0,0.0
2025-11-04 00:00:00-05:00,470.54998779296875,474.9599914550781,463.260009765625,469.7099914550781,377800,0.0,0.0
2025-11-05 00:00:00-05:00,469.7099914550781,472.5299987792969,452.6199951171875,460.80999755859375,715000,0.0,0.0
2025-11-06 00:00:00-05:00,465.0,467.20001220703125,457.42999267578125,465.010009765625,514400,0.0,0.0
2025-11-07 00:00:00-05:00,463.4100036621094,471.2799987792969,456.3800048828125,463.42999267578125,345000,0.0,0.0
2025-11-10 00:00:00-05:00,458.5799865722656,466.6400146484375,456.0,464.4800109863281,414400,0.0,0.0
2025-11-11 00:00:00-05:00,465.7099914550781,470.19000244140625,461.9100036621094,470.0,265100,0.0,0.0
2025-11-12 00:00:00-05:00,469.5,474.0,463.0,466.6199951171875,315600,0.0,0.0
2025-11-13 00:00:00-05:00,465.04998779296875,469.1199951171875,462.8800048828125,466.3699951171875,386700,0.0,0.0
2025-11-14 00:00:00-05:00,464.8299865722656,471.94000244140625,461.0199890136719,467.6400146484375,304600,0.0,0.0
2025-11-17 00:00:00-05:00,468.7300109863281,469.4200134277344,458.3399963378906,463.04998779296875,419100,0.0,0.0
2025-11-18 00:00:00-05:00,463.239990234375,469.1300048828125,461.7699890136719,466.25,437900,0.0,0.0
2025-11-19 00:00:00-05:00,465.6300048828125,468.55999755859375,461.1000061035156,465.7699890136719,453700,0.0,0.0
2025-11-20 00:00:00-05:00,467.32000732421875,472.6499938964844,463.6700134277344,466.0,478900,0.0,0.0
2025-11-21 00:00:00-05:00,469.1700134277344,481.57000732421875,468.1600036621094,472.7699890136719,565500,0.0,0.0
2025-11-24 00:00:00-05:00,471.0799865722656,473.7200012207031,452.54998779296875,453.0400085449219,841400,0.0,0.0
2025-11-25 00:00:00-05:00,457.82000732421875,471.79998779296875,455.80999755859375,470.69000244140625,436500,0.0,0.0
2025-11-26 00:00:00-05:00,467.8800048828125,473.30999755859375,465.1499938964844,465.9599914550781,257400,0.0,0.0
2025-11-28 00:00:00-05:00,459.95001220703125,471.6600036621094,459.95001220703125,469.6199951171875,138800,0.0,0.0
2025-12-01 00:00:00-05:00,465.5,470.69000244140625,463.739990234375,465.54998779296875,384100,0.0,0.0
2025-12-02 00:00:00-05:00,466.6600036621094,467.4200134277344,461.1499938964844,461.5299987792969,284400,0.0,0.0
2025-12-03 00:00:00-05:00,460.7099914550781,469.2900085449219,460.6000061035156,461.8399963378906,269500,0.0,0.0
2025-12-04 00:00:00-05:00,464.3599853515625,468.9200134277344,462.6300048828125,466.6300048828125,278900,0.0,0.0
2025-12-05 00:00:00-05:00,467.19000244140625,470.45001220703125,464.8599853515625,469.3299865722656,289300,0.0,0.0
2025-12-08 00:00:00-05:00,468.1700134277344,472.0,450.17999267578125,460.20001220703125,526800,0.0,0.0
2025-12-09 00:00:00-05:00,461.17999267578125,464.5799865722656,451.2300109863281,453.3599853515625,352000,0.0,0.0
2025-12-10 00:00:00-05:00,453.3599853515625,456.760009765625,450.55999755859375,455.7799987792969,414000,0.0,0.0
2025-12-11 00:00:00-05:00,455.7699890136719,461.30999755859375,451.75,453.7300109863281,406200,0.0,0.0
2025-12-12 00:00:00-05:00,462.79998779296875,462.79998779296875,454.3500061035156,455.6400146484375,334900,0.0,0.0
2025-12-15 00:00:00-05:00,458.6700134277344,458.6700134277344,445.6400146484375,447.0,551500,0.0,0.0
2025-12-16 00:00:00-05:00,449.0,452.2099914550781,446.69000244140625,450.1099853515625,384100,0.0,0.0
2025-12-17 00:00:00-05:00,450.57000732421875,456.739990234375,448.8399963378906,451.260009765625,351500,0.0,0.0
2025-12-18 00:00:00-05:00,451.0,458.3800048828125,447.3500061035156,455.4200134277344,561000,0.0,0.0
2025-12-19 00:00:00-05:00,455.760009765625,460.4700012207031,451.8999938964844,457.8999938964844,1497400,0.0,0.0
2025-12-22 00:00:00-05:00,460.0,469.9700012207031,457.8999938964844,464.9700012207031,300700,0.0,0.0
2025-12-23 00:00:00-05:00,465.0,466.0,458.8399963378906,462.25,243600,0.0,0.0
2025-12-24 00:00:00-05:00,461.44000244140625,461.510009765625,457.5199890136719,461.32000732421875,113700,0.0,0.0
2025-12-26 00:00:00-05:00,461.0,462.29998779296875,458.8699951171875,461.05999755859375,129500,0.0,0.0
2025-12-29 00:00:00-05:00,460.3699951171875,463.3599853515625,458.5400085449219,460.7200012207031,218100,0.0,0.0
2025-12-30 00:00:00-05:00,458.0400085449219,464.3800048828125,457.9200134277344,458.1300048828125,147300,0.0,0.0
2025-12-31 00:00:00-05:00,456.2099914550781,458.7799987792969,453.2200012207031,453.95001220703125,181300,0.0,0.0
2026-01-02 00:00:00-05:00,450.6300048828125,451.739990234375,431.67999267578125,435.8299865722656,353600,0.0,0.0
2026-01-05 00:00:00-05:00,431.92999267578125,446.0899963378906,430.0,441.1000061035156,353700,0.0,0.0
2026-01-06 00:00:00-05:00,441.05999755859375,445.75,438.2099914550781,443.6600036621094,376800,0.0,0.0
2026-01-07 00:00:00-05:00,445.8500061035156,450.6600036621094,441.3599853515625,448.2300109863281,312700,0.0,0.0
2026-01-08 00:00:00-05:00,452.4599914550781,460.67999267578125,450.69000244140625,453.3999938964844,336500,0.0,0.0
2026-01-09 00:00:00-05:00,454.1400146484375,456.510009765625,447.7300109863281,448.3699951171875,205100,0.0,0.0
2026-01-12 00:00:00-05:00,445.2799987792969,450.760009765625,444.3900146484375,446.4599914550781,317300,0.0,0.0
2026-01-13 00:00:00-05:00,447.0,447.760009765625,437.9599914550781,443.1400146484375,452700,0.0,0.0
2026-01-14 00:00:00-05:00,441.989990234375,452.6000061035156,439.17999267578125,452.0,373600,0.0,0.0
2026-01-15 00:00:00-05:00,448.45001220703125,451.82000732421875,438.94000244140625,446.1499938964844,408400,0.0,0.0
2026-01-16 00:00:00-05:00,444.5400085449219,445.42999267578125,436.0,440.010009765625,309800,0.0,0.0
2026-01-20 00:00:00-05:00,434.92999267578125,438.9200134277344,427.6499938964844,428.4700012207031,442000,0.0,0.0
2026-01-21 00:00:00-05:00,429.4100036621094,438.3299865722656,427.7900085449219,434.3299865722656,503000,0.0,0.0
2026-01-22 00:00:00-05:00,435.760009765625,443.4700012207031,435.0299987792969,440.5799865722656,400100,0.0,0.0
2026-01-23 00:00:00-05:00,436.9700012207031,442.1099853515625,430.5,434.760009765625,268100,0.0,0.0
2026-01-26 00:00:00-05:00,434.989990234375,441.0199890136719,433.6600036621094,439.82000732421875,270800,0.0,0.0
2026-01-27 00:00:00-05:00,438.6199951171875,440.04998779296875,421.4200134277344,426.1600036621094,364100,0.0,0.0
2026-01-28 00:00:00-05:00,435.45001220703125,435.45001220703125,419.0899963378906,419.1199951171875,322900,0.0,0.0
2026-01-29 00:00:00-05:00,416.42999267578125,416.42999267578125,377.29998779296875,380.0,842500,0.0,0.0
2026-01-30 00:00:00-05:00,380.6700134277344,383.07000732421875,365.70001220703125,369.3999938964844,701000,0.0,0.0
2026-02-02 00:00:00-05:00,372.0899963378906,375.6400146484375,362.55999755859375,362.8800048828125,667800,0.0,0.0
2026-02-03 00:00:00-05:00,362.20001220703125,362.20001220703125,321.3299865722656,332.04998779296875,1536200,0.0,0.0
2026-02-04 00:00:00-05:00,334.0,348.4200134277344,320.2300109863281,343.239990234375,1308900,0.0,0.0
2026-02-05 00:00:00-05:00,347.3399963378906,355.79998779296875,337.8900146484375,340.8599853515625,1263300,0.0,0.0
2026-02-06 00:00:00-05:00,341.6700134277344,348.80999755859375,339.6499938964844,348.3500061035156,768200,0.0,0.0
2026-02-09 00:00:00-05:00,346.79998779296875,358.0,343.1099853515625,355.239990234375,761200,0.0,0.0
2026-02-10 00:00:00-05:00,357.260009765625,367.54998779296875,356.54998779296875,360.510009765625,783900,0.0,0.0
2026-02-11 00:00:00-05:00,363.0400085449219,370.0,336.5799865722656,339.25,1280500,0.0,0.0
2026-02-12 00:00:00-05:00,320.0,332.70001220703125,283.7200012207031,287.0400085449219,2531000,0.0,0.0
2026-02-13 00:00:00-05:00,291.4599914550781,309.1199951171875,291.4599914550781,303.94000244140625,2141200,0.0,0.0
2026-02-17 00:00:00-05:00,305.30999755859375,316.70001220703125,301.92999267578125,312.4800109863281,1207500,0.0,0.0
2026-02-18 00:00:00-05:00,314.510009765625,325.0,312.7200012207031,317.239990234375,930100,0.0,0.0
2026-02-19 00:00:00-05:00,317.7799987792969,320.1499938964844,313.3900146484375,319.54998779296875,636100,0.0,0.0
2026-02-20 00:00:00-05:00,318.6499938964844,327.0,314.8699951171875,317.010009765625,757500,0.0,0.0
2026-02-23 00:00:00-05:00,315.0299987792969,321.29998779296875,306.29998779296875,317.42999267578125,1080700,0.0,0.0
2026-02-24 00:00:00-05:00,317.3299865722656,330.3399963378906,316.6700134277344,323.7799987792969,737800,0.0,0.0
2026-02-25 00:00:00-05:00,328.2900085449219,337.4700012207031,322.7799987792969,335.1099853515625,741400,0.0,0.0
2026-02-26 00:00:00-05:00,342.1499938964844,358.010009765625,342.0,353.1099853515625,1066600,0.0,0.0
2026-02-27 00:00:00-05:00,344.0299987792969,355.94000244140625,340.94000244140625,354.69000244140625,831800,0.0,0.0
2026-03-02 00:00:00-05:00,350.95001220703125,359.6300048828125,348.6199951171875,354.6199951171875,616700,0.0,0.0
2026-03-03 00:00:00-05:00,350.1600036621094,369.7699890136719,343.4700012207031,367.2200012207031,900500,0.0,0.0
2026-03-04 00:00:00-05:00,362.7099914550781,370.0,362.2300109863281,368.1600036621094,523200,0.0,0.0
2026-03-05 00:00:00-05:00,367.45001220703125,377.7699890136719,365.67999267578125,365.8699951171875,764600,0.0,0.0
2026-03-06 00:00:00-05:00,367.2900085449219,376.3500061035156,363.8500061035156,374.5899963378906,524500,0.0,0.0
2026-03-09 00:00:00-04:00,370.92999267578125,373.4599914550781,361.3999938964844,367.3500061035156,548300,0.0,0.0
2026-03-10 00:00:00-04:00,365.2200012207031,369.6400146484375,343.69000244140625,354.239990234375,592600,0.0,0.0
2026-03-11 00:00:00-04:00,356.4200134277344,360.29998779296875,343.5400085449219,348.32000732421875,379000,0.0,0.0
2026-03-12 00:00:00-04:00,348.489990234375,359.3699951171875,345.0299987792969,345.5199890136719,361400,0.0,0.0
2026-03-13 00:00:00-04:00,348.260009765625,350.760009765625,341.9800109863281,349.7900085449219,413600,0.0,0.0
2026-03-16 00:00:00-04:00,348.8399963378906,354.4200134277344,346.70001220703125,348.6300048828125,443900,0.0,0.0
2026-03-17 00:00:00-04:00,348.6700134277344,360.0,346.2300109863281,348.45001220703125,386400,0.0,0.0
2026-03-18 00:00:00-04:00,345.0,351.5,342.0899963378906,343.95001220703125,370200,0.0,0.0
2026-03-19 00:00:00-04:00,345.04998779296875,355.739990234375,344.2300109863281,350.07000732421875,644400,0.0,0.0
2026-03-20 00:00:00-04:00,345.010009765625,355.04998779296875,342.0,350.20001220703125,1013900,0.0,0.0
2026-03-23 00:00:00-04:00,351.5,357.2200012207031,343.4200134277344,349.0899963378906,392200,0.0,0.0
2026-03-24 00:00:00-04:00,345.2699890136719,346.5,333.9200134277344,338.2699890136719,426500,0.0,0.0
2026-03-25 00:00:00-04:00,343.42999267578125,346.5199890136719,327.3800048828125,331.4700012207031,415000,0.0,0.0
2026-03-26 00:00:00-04:00,328.8900146484375,347.7900085449219,328.8900146484375,341.07000732421875,362600,0.0,0.0
2026-03-27 00:00:00-04:00,338.9100036621094,340.6000061035156,330.1499938964844,334.0299987792969,418100,0.0,0.0
2026-03-30 00:00:00-04:00,336.9200134277344,346.19000244140625,335.6600036621094,341.1499938964844,347300,0.0,0.0
2026-03-31 00:00:00-04:00,343.20001220703125,346.3699951171875,338.67999267578125,342.3800048828125,437000,0.0,0.0
2026-04-01 00:00:00-04:00,338.2900085449219,340.5,329.20001220703125,333.489990234375,422000,0.0,0.0
2026-04-02 00:00:00-04:00,336.05999755859375,343.1300048828125,329.4700012207031,338.0299987792969,527400,0.0,0.0
2026-04-06 00:00:00-04:00,338.94000244140625,340.9200134277344,334.1300048828125,337.20001220703125,360200,0.0,0.0
2026-04-07 00:00:00-04:00,336.8299865722656,341.489990234375,333.2200012207031,333.70001220703125,319600,0.0,0.0
2026-04-08 00:00:00-04:00,335.260009765625,340.0,327.45001220703125,327.8800048828125,484800,0.0,0.0
2026-04-09 00:00:00-04:00,324.9599914550781,327.2200012207031,315.8399963378906,323.67999267578125,636500,0.0,0.0
2026-04-10 00:00:00-04:00,321.3599853515625,322.010009765625,314.07000732421875,317.29998779296875,563700,0.0,0.0
2026-04-13 00:00:00-04:00,318.95001220703125,324.32000732421875,318.0899963378906,320.8500061035156,789400,0.0,0.0
2026-04-14 00:00:00-04:00,325.6600036621094,329.82000732421875,319.45001220703125,322.30999755859375,581700,0.0,0.0
2026-04-15 00:00:00-04:00,326.8699951171875,340.3999938964844,325.0,337.6099853515625,428300,0.0,0.0
2026-04-16 00:00:00-04:00,343.7200012207031,347.2200012207031,339.2200012207031,339.8399963378906,368700,0.0,0.0
2026-04-17 00:00:00-04:00,345.2300109863281,346.5,339.4200134277344,342.6099853515625,318400,0.0,0.0
2026-04-20 00:00:00-04:00,342.1199951171875,349.1700134277344,341.4200134277344,345.92999267578125,229300,0.0,0.0
2026-04-21 00:00:00-04:00,345.9800109863281,350.8299865722656,340.1400146484375,341.4599914550781,336800,0.0,0.0
2026-04-22 00:00:00-04:00,345.5799865722656,350.82000732421875,343.3999938964844,346.3800048828125,372400,0.0,0.0
2026-04-23 00:00:00-04:00,344.1000061035156,344.1000061035156,328.6099853515625,335.739990234375,441300,0.0,0.0
2026-04-24 00:00:00-04:00,335.8999938964844,342.2200012207031,333.44000244140625,342.0299987792969,381500,0.0,0.0
2026-04-27 00:00:00-04:00,339.17999267578125,346.6099853515625,336.44000244140625,337.5799865722656,521000,0.0,0.0
2026-04-28 00:00:00-04:00,343.7699890136719,349.7300109863281,340.2200012207031,340.4599914550781,576400,0.0,0.0
2026-04-29 00:00:00-04:00,340.0,356.6300048828125,335.739990234375,356.010009765625,697300,0.0,0.0
2026-04-30 00:00:00-04:00,358.0,366.6300048828125,332.32000732421875,341.1400146484375,935300,0.0,0.0
2026-05-01 00:00:00-04:00,351.5,358.5,334.20001220703125,335.5,507700,0.0,0.0
2026-05-04 00:00:00-04:00,336.0,338.1400146484375,327.0,327.25,568100,0.0,0.0
2026-05-05 00:00:00-04:00,327.0,329.8399963378906,320.3800048828125,327.82000732421875,411800,0.0,0.0
2026-05-06 00:00:00-04:00,323.67999267578125,328.42999267578125,318.6400146484375,320.6499938964844,404300,0.0,0.0
2026-05-07 00:00:00-04:00,324.6199951171875,335.94000244140625,324.6199951171875,331.0799865722656,440300,0.0,0.0
2026-05-08 00:00:00-04:00,327.19000244140625,328.5299987792969,318.0,324.5799865722656,312600,0.0,0.0
2026-05-11 00:00:00-04:00,315.79998779296875,320.0299987792969,307.3699951171875,312.2699890136719,742200,0.0,0.0
2026-05-12 00:00:00-04:00,317.6700134277344,319.05999755859375,307.1499938964844,309.6499938964844,3573300,0.0,0.0
2026-05-13 00:00:00-04:00,304.4800109863281,307.4599914550781,294.3599853515625,298.5899963378906,848100,0.0,0.0
2026-05-14 00:00:00-04:00,296.7699890136719,303.07000732421875,294.3699951171875,299.0799865722656,696300,0.0,0.0
2026-05-15 00:00:00-04:00,304.92999267578125,312.1499938964844,300.8900146484375,311.8900146484375,923800,0.0,0.0
2026-05-18 00:00:00-04:00,310.6400146484375,325.5400085449219,310.6400146484375,320.7900085449219,1033000,0.0,0.0
2026-05-19 00:00:00-04:00,328.4200134277344,330.9200134277344,318.42999267578125,322.739990234375,1005200,0.0,0.0
2026-05-20 00:00:00-04:00,316.6000061035156,317.9599914550781,310.1499938964844,317.260009765625,622600,0.0,0.0
2026-05-21 00:00:00-04:00,313.2900085449219,313.2900085449219,305.0,308.739990234375,514400,0.0,0.0
2026-05-22 00:00:00-04:00,309.70001220703125,316.82000732421875,309.5299987792969,313.25,357900,0.0,0.0
2026-05-26 00:00:00-04:00,309.3299865722656,311.6300048828125,305.75,307.3900146484375,650100,0.0,0.0
2026-05-27 00:00:00-04:00,306.0,310.6300048828125,299.8299865722656,302.54998779296875,626900,0.0,0.0
2026-05-28 00:00:00-04:00,303.8800048828125,310.5400085449219,301.1600036621094,306.0400085449219,654500,0.0,0.0
2026-05-29 00:00:00-04:00,305.6199951171875,313.260009765625,302.4700012207031,313.1499938964844,1217400,0.0,0.0
2026-06-01 00:00:00-04:00,321.8900146484375,331.5400085449219,317.30999755859375,329.8299865722656,780900,0.0,0.0
2026-06-02 00:00:00-04:00,321.69000244140625,322.5,307.1400146484375,313.55999755859375,645100,0.0,0.0
2026-06-03 00:00:00-04:00,310.010009765625,310.6000061035156,298.95001220703125,303.7699890136719,653600,0.0,0.0
2026-06-04 00:00:00-04:00,310.8500061035156,314.55999755859375,306.1700134277344,308.1499938964844,691700,0.0,0.0
2026-06-05 00:00:00-04:00,312.989990234375,316.010009765625,305.1700134277344,312.07000732421875,658100,0.0,0.0
2026-06-08 00:00:00-04:00,307.3299865722656,308.8500061035156,301.1600036621094,303.7699890136719,640200,0.0,0.0
2026-06-09 00:00:00-04:00,297.2300109863281,309.010009765625,293.7200012207031,308.9200134277344,1394100,0.0,0.0
2026-06-10 00:00:00-04:00,311.8800048828125,314.7099914550781,302.5899963378906,302.80999755859375,1645400,0.0,0.0
2026-06-11 00:00:00-04:00,297.8299865722656,305.6600036621094,294.0799865722656,295.4800109863281,1046106,0.0,0.0
