Date,Open,High,Low,Close,Volume,Dividends,Stock Splits
2022-01-03 00:00:00-05:00,33.46189878774215,33.522594018950876,32.616249638014736,32.879249572753906,1019475,0.0,0.0
2022-01-04 00:00:00-05:00,33.154385832112744,33.58328090979298,33.05323175857699,33.368831634521484,1543275,0.0,0.0
2022-01-05 00:00:00-05:00,33.60351417113846,33.61970118629857,32.98849788949605,32.99658966064453,1271925,0.0,0.0
2022-01-06 00:00:00-05:00,33.68444243683,33.704671866868296,33.31623902722471,33.55900955200195,1236825,0.0,0.0
2022-01-07 00:00:00-05:00,33.554960213395354,34.31159638479102,33.554960213395354,34.22257995605469,1299375,0.0,0.0
2022-01-10 00:00:00-05:00,34.400610501500196,34.489626924253834,33.935298961134784,34.14570236206055,1393200,0.0,0.0
2022-01-11 00:00:00-05:00,34.27113533263485,34.43298465377105,33.75727311475833,34.41679763793945,1285650,0.0,0.0
2022-01-12 00:00:00-05:00,34.392522885454184,34.66361807178266,34.19426058939975,34.598876953125,1217700,0.0,0.0
2022-01-13 00:00:00-05:00,34.76477746576074,35.23008566045059,34.64339045440868,34.89425277709961,1573875,0.0,0.0
2022-01-14 00:00:00-05:00,34.48963584741002,34.708127602639905,34.24281941475293,34.63125228881836,1242675,0.0,0.0
2022-01-18 00:00:00-05:00,34.49772143466136,34.59078375012534,34.04859687276771,34.28327560424805,1233450,0.0,0.0
2022-01-19 00:00:00-05:00,34.38037765946936,34.43298111443587,33.376928641312375,33.39311218261719,1001925,0.0,0.0
2022-01-20 00:00:00-05:00,33.46189565418459,34.574597465876934,33.46189565418459,33.70466613769531,1709775,0.0,0.0
2022-01-21 00:00:00-05:00,33.72086243051423,34.08906240598317,33.33647543644857,33.39716720581055,1707525,0.0,0.0
2022-01-24 00:00:00-05:00,33.11798406011263,33.84224990892903,32.37348877677523,33.72895812988281,2149425,0.0,0.0
2022-01-25 00:00:00-05:00,33.21912346677406,33.74108084776523,32.63647433623398,33.368831634521484,2294550,0.0,0.0
2022-01-26 00:00:00-05:00,33.38097872363595,33.85842798078702,32.85092600490452,33.3243293762207,1955700,0.0,0.0
2022-01-27 00:00:00-05:00,33.567103216213816,34.230673637448554,32.875204648532375,32.91162109375,1988775,0.0,0.0
2022-01-28 00:00:00-05:00,33.58328582990985,34.76881716310099,33.389069424609495,34.25495147705078,5241150,0.0,0.0
2022-01-31 00:00:00-05:00,33.89484207865553,34.364199579720115,33.822012658346054,34.190216064453125,5492250,0.0,0.0
2022-02-01 00:00:00-05:00,34.04455706478304,34.92257691711118,34.04455706478304,34.71217346191406,3048075,0.0,0.0
2022-02-02 00:00:00-05:00,34.73644617374752,35.626603529378755,34.69193795867963,35.5092658996582,3491550,0.0,0.0
2022-02-03 00:00:00-05:00,35.85723845705791,36.16475009472504,35.62255971113364,35.986717224121094,2702925,0.0,0.0
2022-02-04 00:00:00-05:00,35.926025617590376,36.585553640551794,35.85319272553393,36.318504333496094,2629800,0.0,0.0
2022-02-07 00:00:00-05:00,36.42370170880567,37.02658381310162,36.33873463796555,36.743350982666016,2326275,0.0,0.0
2022-02-08 00:00:00-05:00,36.953755431822735,37.63755880471329,36.779771910448474,37.548545837402344,2683125,0.0,0.0
2022-02-09 00:00:00-05:00,37.698249078950276,37.94911134913813,37.30981628050118,37.4757080078125,2179350,0.0,0.0
2022-02-10 00:00:00-05:00,37.26531409298313,37.665884612949995,36.86474010015256,37.2005729675293,2381850,0.0,0.0
2022-02-11 00:00:00-05:00,37.010389671179624,37.19651426521858,36.29421943462106,36.403465270996094,2430225,0.0,0.0
2022-02-14 00:00:00-05:00,36.423704881084106,36.53699663398008,35.78440975054799,36.209259033203125,2406600,0.0,0.0
2022-02-15 00:00:00-05:00,36.58150850644338,36.913295499194525,36.261862645679386,36.46012496948242,1431675,0.0,0.0
2022-02-16 00:00:00-05:00,36.28209140394244,36.88497360977123,36.28209140394244,36.80000305175781,1792575,0.0,0.0
2022-02-17 00:00:00-05:00,36.60578307008779,36.60578307008779,35.93411738940477,36.318504333496094,1071225,0.0,0.0
2022-02-18 00:00:00-05:00,36.205207311079356,36.68265303438608,36.136420314945134,36.605777740478516,1493325,0.0,0.0
2022-02-22 00:00:00-05:00,36.61387643358923,37.038725728085126,36.21735181453851,36.59364700317383,1748250,0.0,0.0
2022-02-23 00:00:00-05:00,36.94566349168926,36.95375526387497,36.12833546225147,36.152610778808594,1673325,0.0,0.0
2022-02-24 00:00:00-05:00,35.29076904555208,35.54972655243622,34.56650345452285,35.46475601196289,2054475,0.0,0.0
2022-02-25 00:00:00-05:00,35.699440860812516,36.93757231980129,35.699440860812516,36.89710998535156,1246950,0.0,0.0
2022-02-28 00:00:00-05:00,35.869382377808606,36.69884808841412,35.8329659291044,36.5369987487793,1714950,0.0,0.0
2022-03-01 00:00:00-05:00,36.3225555789357,36.480355571190735,35.40407335807084,35.67921447753906,1370025,0.0,0.0
2022-03-02 00:00:00-05:00,35.97053555645282,36.86473889626888,35.97053555645282,36.63410949707031,1291725,0.0,0.0
2022-03-03 00:00:00-05:00,36.73525632061546,37.06704322522028,36.334682420192195,36.56531524658203,1467900,0.0,0.0
2022-03-04 00:00:00-05:00,35.921977149941796,36.460118138420334,35.62255730428461,36.4520263671875,1436625,0.0,0.0
2022-03-07 00:00:00-05:00,36.051452649294696,36.34277725258435,35.73180684652209,35.97053146362305,1482975,0.0,0.0
2022-03-08 00:00:00-05:00,36.25417977519127,37.222635665341095,35.87328518602265,36.15693283081055,2054925,0.057778,0.0
2022-03-09 00:00:00-05:00,37.08892332214729,37.50223596563282,36.66345176483263,37.14970397949219,2722725,0.0,0.0
2022-03-10 00:00:00-05:00,36.760698504329575,37.725099212571415,36.72422872241669,37.60758972167969,1661400,0.0,0.0
2022-03-11 00:00:00-05:00,37.777776284786015,38.596301344281564,37.76967266167365,38.25187301635742,1955700,0.0,0.0
2022-03-14 00:00:00-04:00,38.70570622766139,39.0866042936262,37.76966830710548,37.96011734008789,2131200,0.0,0.0
2022-03-15 00:00:00-04:00,38.37748183526236,38.65302583297141,38.01279104547395,38.494991302490234,2407500,0.0,0.0
2022-03-16 00:00:00-04:00,38.7381190800562,38.75838161259491,37.60353203021477,38.10599136352539,2479725,0.0,0.0
2022-03-17 00:00:00-04:00,37.83855072171492,38.596295005470814,37.62379083270884,38.59224319458008,1809450,0.0,0.0
2022-03-18 00:00:00-04:00,38.571990254405726,38.96099198517353,38.020902150518125,38.900211334228516,3150675,0.0,0.0
2022-03-21 00:00:00-04:00,39.40672357838325,39.76331082614424,39.00556640260205,39.6984748840332,1516050,0.0,0.0
2022-03-22 00:00:00-04:00,39.94159344062073,40.31438786463978,39.61337589211622,40.04694747924805,1824975,0.0,0.0
2022-03-23 00:00:00-04:00,39.96185320037895,40.39137642478543,39.65389124966258,39.69036102294922,1409400,0.0,0.0
2022-03-24 00:00:00-04:00,39.28921203139322,39.988199932721685,39.20411703553895,39.714683532714844,2116800,0.0,1.5
2022-03-25 00:00:00-04:00,39.82408762797915,40.188778463753685,39.70860231258219,40.10368347167969,1888050,0.0,0.0
2022-03-28 00:00:00-04:00,40.11583369416363,40.32248995268372,39.9152534127491,40.27386474609375,1460100,0.0,0.0
2022-03-29 00:00:00-04:00,40.48660225032409,40.72365231665271,40.15838122183785,40.57169723510742,2920800,0.0,0.0
2022-03-30 00:00:00-04:00,40.638561439687926,40.802671970519626,40.419746239262444,40.772281646728516,1993950,0.0,0.0
2022-03-31 00:00:00-04:00,40.72365467114947,41.04579626293724,40.3407289564597,40.474449157714844,3912900,0.0,0.0
2022-04-01 00:00:00-04:00,40.675028446543955,41.07618556236867,40.53522879309563,40.91207504272461,1597800,0.0,0.0
2022-04-04 00:00:00-04:00,40.82089996161871,40.82089996161871,39.848395852858616,40.09151840209961,1959150,0.0,0.0
2022-04-05 00:00:00-04:00,40.061130500073226,40.73580743994258,40.061130500073226,40.371116638183594,2113350,0.0,0.0
2022-04-06 00:00:00-04:00,40.358962876301824,40.91815453469444,40.304261688338,40.602088928222656,1632000,0.0,0.0
2022-04-07 00:00:00-04:00,40.632479015544696,41.045795040400236,40.34072775492292,40.88776397705078,1601550,0.0,0.0
2022-04-08 00:00:00-04:00,41.22206752589598,41.42872383210367,40.91816078406704,41.14912796020508,1867500,0.0,0.0
2022-04-11 00:00:00-04:00,41.17951190825552,41.617138763805485,40.92422696738956,41.00324249267578,1553550,0.0,0.0
2022-04-12 00:00:00-04:00,41.12481152651516,41.90281490622943,41.00324675946008,41.64753341674805,2442300,0.0,0.0
2022-04-13 00:00:00-04:00,41.47126662839564,41.86634428800869,41.04579516916678,41.532047271728516,2047050,0.0,0.0
2022-04-14 00:00:00-04:00,41.525967715940006,41.72046855649503,41.258530799151536,41.465187072753906,8181900,0.0,0.0
2022-04-18 00:00:00-04:00,41.14912593486898,42.2128046958415,41.09442474124308,42.20064926147461,2683350,0.0,0.0
2022-04-19 00:00:00-04:00,42.21888661858282,42.35260683828032,41.72047552297394,42.06085205078125,2558700,0.0,0.0
2022-04-20 00:00:00-04:00,42.32220474655589,43.31902326463676,42.20671944106211,43.185306549072266,1977000,0.0,0.0
2022-04-21 00:00:00-04:00,43.300788456360195,43.477057881561656,42.145938877244966,42.255348205566406,2769900,0.0,0.0
2022-04-22 00:00:00-04:00,42.16417145396858,42.16417145396858,41.27676231101885,41.313228607177734,1953150,0.0,0.0
2022-04-25 00:00:00-04:00,41.124811469776326,41.33146774774045,40.444058513465556,41.270687103271484,3835800,0.0,0.0
2022-04-26 00:00:00-04:00,41.51381429017752,42.26750682274562,40.681106222057046,40.89992141723633,3240600,0.0,0.0
2022-04-27 00:00:00-04:00,41.08226149624483,41.98182607146364,40.78443080420667,41.422637939453125,3316650,0.0,0.0
2022-04-28 00:00:00-04:00,41.677932378372425,41.872433263618746,41.15521037978538,41.78733825683594,2499150,0.0,0.0
2022-04-29 00:00:00-04:00,41.64145927158066,41.684008510553426,40.2677977485792,40.413673400878906,4204350,0.0,0.0
2022-05-02 00:00:00-04:00,40.73581024856587,40.91815566201758,39.56880516719407,40.2313232421875,3258000,0.0,0.0
2022-05-03 00:00:00-04:00,40.51700010664744,41.173442285709115,40.14015727728231,40.881690979003906,2349750,0.0,0.0
2022-05-04 00:00:00-04:00,40.991085596125394,42.07907498010166,40.89383518725544,41.94535827636719,2392350,0.0,0.0
2022-05-05 00:00:00-04:00,41.61714451566729,41.95144155007323,40.85129654312053,41.36793899536133,1685100,0.0,0.0
2022-05-06 00:00:00-04:00,41.234210248360405,41.96966774523593,40.89991328320726,41.80555725097656,1905900,0.0,0.0
2022-05-09 00:00:00-04:00,41.58067568743347,41.69008154945659,40.772281939349284,40.86345291137695,2795250,0.0,0.0
2022-05-10 00:00:00-04:00,41.076180455671974,41.459102635269325,39.988191074813294,40.32856750488281,3391500,0.0,0.0
2022-05-11 00:00:00-04:00,40.38935373211581,41.270686986213704,40.28602733240154,40.51699447631836,2345250,0.0,0.0
2022-05-12 00:00:00-04:00,40.474443117769745,40.75403891195695,39.8119251439852,40.32856750488281,2843100,0.0,0.0
2022-05-13 00:00:00-04:00,40.60208709867728,40.96677789910012,40.32249128207967,40.92422866821289,2703750,0.0,0.0
2022-05-16 00:00:00-04:00,41.02148002642807,41.532046463152504,40.83913462203011,41.10657501220703,2511750,0.0,0.0
2022-05-17 00:00:00-04:00,41.592833845171256,42.164181016628625,41.25245732484877,41.9879150390625,2592450,0.0,0.0
2022-05-18 00:00:00-04:00,41.81164120458392,41.92104705321286,41.173434044674885,41.276763916015625,1944900,0.0,0.0
2022-05-19 00:00:00-04:00,40.81483628787013,41.07619730289895,39.58097078805985,40.2921142578125,2620650,0.0,0.0
2022-05-20 00:00:00-04:00,40.45013819246302,40.75404489443547,39.83016587719764,40.407588958740234,6087900,0.0,0.0
2022-05-23 00:00:00-04:00,40.92423621794823,41.598913279810674,40.571704263000214,41.234222412109375,2320650,0.0,0.0
2022-05-24 00:00:00-04:00,41.3071591169135,41.878506248514846,40.626406123756475,41.79341125488281,2202300,0.0,0.0
2022-05-25 00:00:00-04:00,41.465182208853676,42.103389321293626,41.465182208853676,41.94535827636719,1842900,0.0,0.0
2022-05-26 00:00:00-04:00,42.29182278077909,42.8084687688799,42.14594712575003,42.61396789550781,1655850,0.0,0.0
2022-05-27 00:00:00-04:00,42.668668654780824,43.039438984049646,42.541027892683324,43.03335952758789,1805550,0.0,0.0
2022-05-31 00:00:00-04:00,42.75375981625511,43.40412248126426,42.4194627778264,43.23393249511719,2564850,0.0,0.0
2022-06-01 00:00:00-04:00,43.18530486099228,43.507446421538255,42.10947085551114,42.9543342590332,1924650,0.0,0.0
2022-06-02 00:00:00-04:00,43.02727518274026,43.118446151609014,42.595727727632166,43.09413528442383,2015850,0.0,0.0
2022-06-03 00:00:00-04:00,42.905714134209575,43.08805607298104,42.80238425321277,42.917869567871094,1501650,0.0,0.0
2022-06-06 00:00:00-04:00,43.27648128092044,43.64117211718899,42.94218076801602,43.495296478271484,1163850,0.0,0.0
2022-06-07 00:00:00-04:00,43.30686943205033,43.95723205767961,43.16707325599753,43.926841735839844,1416000,0.0,0.0
2022-06-08 00:00:00-04:00,43.67763525641688,43.67763525641688,43.118443608740975,43.16707229614258,1066950,0.0,0.0
2022-06-09 00:00:00-04:00,43.17922932492993,43.29471463639111,42.32220693345211,42.33436584472656,1172250,0.0,0.0
2022-06-10 00:00:00-04:00,41.70831366260325,41.975754060798245,41.26460731012039,41.489501953125,1287000,0.0,0.0
2022-06-13 00:00:00-04:00,40.784439420310946,41.08227017526871,40.07937204288125,40.298187255859375,1784100,0.0,0.0
2022-06-14 00:00:00-04:00,40.401509897429456,40.978936462557634,40.2070090497967,40.56562042236328,1979700,0.0,0.0
2022-06-15 00:00:00-04:00,40.918157390535676,41.53205027973814,40.35288623716149,40.729732513427734,1967550,0.0,0.0
2022-06-16 00:00:00-04:00,40.1523116065239,40.51699899088767,39.72684009314133,40.298187255859375,2431500,0.0,0.0
2022-06-17 00:00:00-04:00,40.38327573818194,40.86953134400281,39.98211860217551,40.6142463684082,4475100,0.0,0.0
2022-06-21 00:00:00-04:00,41.34363384444785,41.34363384444785,40.62033152894053,41.04580307006836,2325150,0.0,0.0
2022-06-22 00:00:00-04:00,40.529151150331856,41.01540323376216,40.29210108594131,40.68110275268555,2050950,0.0,0.0
2022-06-23 00:00:00-04:00,40.875604181653,41.22813955573867,39.88486511248413,40.085445404052734,2115000,0.0,0.0
2022-06-24 00:00:00-04:00,40.361476176476536,41.796821192654185,40.15291901250964,41.729347229003906,3553800,0.4,0.0
2022-06-27 00:00:00-04:00,41.796831948222014,42.50223760168216,41.63734990758093,42.44089889526367,1948500,0.0,0.0
2022-06-28 00:00:00-04:00,42.7598536384866,43.195366782666866,42.19553134488682,42.37955093383789,1898400,0.0,0.0
2022-06-29 00:00:00-04:00,42.50222555986664,42.667842828179545,41.25703192097301,41.33677291870117,1932300,0.0,0.0
2022-06-30 00:00:00-04:00,40.93806878707927,42.029915819841456,40.668176420585176,41.87043380737305,2189100,0.0,0.0
2022-07-01 00:00:00-04:00,42.02991943214586,42.643316970340024,41.49626290703932,42.54517364501953,1533150,0.0,0.0
2022-07-05 00:00:00-04:00,42.04831423429776,42.514496701248206,41.17115622723519,41.59440231323242,1998600,0.0,0.0
2022-07-06 00:00:00-04:00,41.649610458654664,42.00537911231879,41.189563212417774,41.69254684448242,2280750,0.0,0.0
2022-07-07 00:00:00-04:00,41.9133669603448,42.2875378883829,41.42265041375688,41.43491744995117,2138100,0.0,0.0
2022-07-08 00:00:00-04:00,41.6189428753909,42.0605878293238,41.269305970654905,41.2877082824707,1670250,0.0,0.0
2022-07-11 00:00:00-04:00,41.15889582128089,41.5821384655743,40.974876212058774,41.26930618286133,1763550,0.0,0.0
2022-07-12 00:00:00-04:00,40.8583274871022,41.37358165198751,40.3614791426177,40.47188949584961,1648800,0.0,0.0
2022-07-13 00:00:00-04:00,40.195857070739216,40.729509972706715,40.1835865252667,40.251060485839844,1708950,0.0,0.0
2022-07-14 00:00:00-04:00,39.39844649365204,39.63767303091307,37.84655216796809,38.16551971435547,2509500,0.0,0.0
2022-07-15 00:00:00-04:00,38.73597450444591,38.95066344101822,38.28206255791791,38.66236877441406,1862700,0.0,0.0
2022-07-18 00:00:00-04:00,38.81572698689245,39.03654773220638,38.05511439773899,38.15938949584961,2137200,0.0,0.0
2022-07-19 00:00:00-04:00,38.43541016940935,39.29416585689808,38.34339862581756,39.226688385009766,1977600,0.0,0.0
2022-07-20 00:00:00-04:00,39.1162894210943,39.31871136599714,38.82185941571701,39.05495071411133,2133300,0.0,0.0
2022-07-21 00:00:00-04:00,38.90159568856126,39.5333955249944,38.31273574968111,39.490455627441406,2368650,0.0,0.0
2022-07-22 00:00:00-04:00,38.90772887959006,39.37390788463952,38.177785759086774,38.42927932739258,2638350,0.0,0.0
2022-07-25 00:00:00-04:00,38.92612620277981,39.5763247230379,38.877054550121066,39.09174346923828,2029500,0.0,0.0
2022-07-26 00:00:00-04:00,39.24509559922439,39.386178813739534,38.80958593805776,38.98133850097656,1742400,0.0,0.0
2022-07-27 00:00:00-04:00,39.01200567161894,39.29416857501615,38.539687904899324,39.04267501831055,2193600,0.0,0.0
2022-07-28 00:00:00-04:00,39.06107596661303,39.14081696720774,37.49691477069638,37.90789031982422,2235000,0.0,0.0
2022-07-29 00:00:00-04:00,38.030568139876976,38.57035635078235,38.030568139876976,38.35567092895508,3182550,0.0,0.0
2022-08-01 00:00:00-04:00,38.012163351717604,38.12257720188719,37.380367144082776,37.67479705810547,2325450,0.0,0.0
2022-08-02 00:00:00-04:00,37.71774123729049,37.950832511562744,37.44784884856642,37.48465347290039,1652400,0.0,0.0
2022-08-03 00:00:00-04:00,37.72386662236854,38.159376196548784,37.349695732744145,38.11643981933594,2693400,0.0,0.0
2022-08-04 00:00:00-04:00,38.00603358886267,38.183917899210435,37.48464769407883,37.527584075927734,1965900,0.0,0.0
2022-08-05 00:00:00-04:00,37.5643998621683,38.01217665275245,37.5643998621683,37.92630386352539,1458750,0.0,0.0
2022-08-08 00:00:00-04:00,38.03057210554418,38.28206568260086,37.92629702033105,38.06124496459961,1641150,0.0,0.0
2022-08-09 00:00:00-04:00,38.232993865706845,38.71144343259707,38.104181195752176,38.6317024230957,1731900,0.0,0.0
2022-08-10 00:00:00-04:00,38.80958127863357,39.343234194575054,38.80958127863357,39.312564849853516,1497450,0.0,0.0
2022-08-11 00:00:00-04:00,39.55792383983184,40.10384731153567,39.45978053097822,40.01797103881836,1893600,0.0,0.0
2022-08-12 00:00:00-04:00,40.06091310986307,40.44735109329498,40.01797321622723,40.441219329833984,1114950,0.0,0.0
2022-08-15 00:00:00-04:00,40.04864450570354,40.79085109656983,39.907561303395504,40.655906677246094,1067700,0.0,0.0
2022-08-16 00:00:00-04:00,40.655912903676764,41.01781685476295,40.58843892874047,40.85219955444336,1400550,0.0,0.0
2022-08-17 00:00:00-04:00,40.66203916705509,41.77228845640547,40.643636857299924,41.74161911010742,2023050,0.0,0.0
2022-08-18 00:00:00-04:00,41.76615905761719,42.011517372392966,41.45332676754279,41.76615905761719,931800,0.0,0.0
2022-08-19 00:00:00-04:00,41.735488872023325,41.82749692201766,41.361317888211396,41.4594612121582,1498200,0.0,0.0
2022-08-22 00:00:00-04:00,41.103682772491254,41.103682772491254,40.22652826446738,40.29399871826172,1284150,0.0,0.0
2022-08-23 00:00:00-04:00,40.37375143044353,40.465759485122504,40.091588482259446,40.171329498291016,848400,0.0,0.0
2022-08-24 00:00:00-04:00,40.042516536929114,40.889001865661804,39.94437320867366,40.67431640625,1725750,0.0,0.0
2022-08-25 00:00:00-04:00,40.87673264613283,41.41038915872516,40.58843795097018,41.39198684692383,1232700,0.0,0.0
2022-08-26 00:00:00-04:00,41.5514586527914,41.69253832873717,40.809248638746865,40.81538391113281,1490550,0.0,0.0
2022-08-29 00:00:00-04:00,40.50255470623277,40.833789241975936,40.12224851741215,40.5761604309082,1258200,0.0,0.0
2022-08-30 00:00:00-04:00,40.484153510813826,40.484153510813826,39.93209827598263,40.01797103881836,1037250,0.0,0.0
2022-08-31 00:00:00-04:00,40.07318434556814,40.32467793074679,39.662208735584564,39.748085021972656,2024100,0.0,0.0
2022-09-01 00:00:00-04:00,39.588597639389384,39.96890033785816,39.35550639783121,39.858489990234375,1377600,0.0,0.0
2022-09-02 00:00:00-04:00,40.01183817563572,40.723375390321166,39.52725340781781,39.72967529296875,1386300,0.0,0.0
2022-09-06 00:00:00-04:00,40.06091734343726,40.72338302931196,39.987308095072216,40.300140380859375,2929650,0.0,0.0
2022-09-07 00:00:00-04:00,40.18358290815181,41.09141014792192,40.1283794980203,41.01166915893555,1258800,0.0,0.0
2022-09-08 00:00:00-04:00,40.85832721157111,41.74775232465908,40.809255553812086,41.71708297729492,1083150,0.0,0.0
2022-09-09 00:00:00-04:00,41.88884120873493,42.08512786636039,41.477865580596344,41.4839973449707,1484100,0.0,0.0
2022-09-12 00:00:00-04:00,41.6680113195359,41.99311061345419,41.502394035863965,41.71708297729492,1305150,0.0,0.0
2022-09-13 00:00:00-04:00,41.19569235060089,41.56372798684807,40.8521907854922,40.92579650878906,1374900,0.0,0.0
2022-09-14 00:00:00-04:00,40.944204400992795,41.514661996396995,40.858328120533585,41.28157424926758,1956300,0.0,0.0
2022-09-15 00:00:00-04:00,41.361315293132684,41.839761334943255,41.18342745849322,41.55760192871094,1553550,0.0,0.0
2022-09-16 00:00:00-04:00,41.34904372664779,41.45332231543375,40.717247450161246,41.06074905395508,3813150,0.0,0.0
2022-09-19 00:00:00-04:00,40.7417890437611,41.496266358654275,40.674318573138045,41.441062927246094,1080600,0.0,0.0
2022-09-20 00:00:00-04:00,41.06688037281984,41.1834259972946,40.25106451137831,40.717247009277344,970050,0.0,0.0
2022-09-21 00:00:00-04:00,40.91353603895059,41.023946396555054,39.84622655575544,39.876895904541016,926550,0.0,0.0
2022-09-22 00:00:00-04:00,39.925968388868164,39.925968388868164,39.17149116154406,39.527259826660156,1044450,0.0,0.0
2022-09-23 00:00:00-04:00,39.2446573503314,39.47811088675695,38.826898205394244,39.22008514404297,1823700,0.066667,0.0
2022-09-26 00:00:00-04:00,38.85147291436965,38.98048578236397,37.524478895280545,37.819366455078125,1770750,0.0,0.0
2022-09-27 00:00:00-04:00,38.07739109500877,38.53815333334657,37.82550666001413,38.439857482910156,1867200,0.0,0.0
2022-09-28 00:00:00-04:00,38.59959427072407,39.220090013598266,38.378430325320174,38.980491638183594,1282200,0.0,0.0
2022-09-29 00:00:00-04:00,38.83919353357112,40.172332592471435,38.45829615740852,40.04331970214844,3060150,0.0,0.0
2022-09-30 00:00:00-04:00,40.17232963021211,40.43035539183159,39.62555757385608,39.674705505371094,2318100,0.0,0.0
2022-10-03 00:00:00-04:00,40.02488336570826,41.05084505451997,39.45968043049593,40.78667449951172,1696800,0.0,0.0
2022-10-04 00:00:00-04:00,41.05084436155225,41.923220956216866,41.00784124310779,41.87407302856445,2084400,0.0,0.0
2022-10-05 00:00:00-04:00,41.61605259715569,42.06452881245796,41.597621682517236,41.76349639892578,1274700,0.0,0.0
2022-10-06 00:00:00-04:00,41.573035100775776,41.8617777945011,41.46859445904382,41.64675521850586,1053600,0.0,0.0
2022-10-07 00:00:00-04:00,41.38874229256475,41.48703815673124,40.83582542012521,41.11228561401367,1755150,0.0,0.0
2022-10-10 00:00:00-04:00,41.315017735071145,41.77578002771259,41.17986356129501,41.52389907836914,1308900,0.0,0.0
2022-10-11 00:00:00-04:00,41.45631574667653,42.396271143766974,41.45631574667653,41.81263732910156,1681050,0.0,0.0
2022-10-12 00:00:00-04:00,41.7819199121886,42.095238374865055,41.530035477199355,41.8494987487793,2176800,0.0,0.0
2022-10-13 00:00:00-04:00,41.321165424178936,44.05502235307298,41.020133007510026,43.919864654541016,2032050,0.0,0.0
2022-10-14 00:00:00-04:00,44.122588570164716,44.564919853445836,42.992182886443075,43.0659065246582,1813050,0.0,0.0
2022-10-17 00:00:00-04:00,43.477518954919255,44.01814605602231,43.3976540271279,43.803123474121094,1957950,0.0,0.0
2022-10-18 00:00:00-04:00,44.4174832739395,44.644792002960706,43.538961858294805,44.11030960083008,1995000,0.0,0.0
2022-10-19 00:00:00-04:00,44.11031338710773,44.59564790258681,43.44681454028831,43.901432037353516,2940900,0.0,0.0
2022-10-20 00:00:00-04:00,43.46523982450024,43.59425269126288,42.96147094481939,43.164207458496094,1525050,0.0,0.0
2022-10-21 00:00:00-04:00,43.409946626671214,43.98743563177455,43.13348998436376,43.83384704589844,3192300,0.0,0.0
2022-10-24 00:00:00-04:00,44.23318223568536,44.97040123654595,44.128741558978554,44.5833625793457,2865600,0.0,0.0
2022-10-25 00:00:00-04:00,42.62358642479586,43.1642136906539,41.554617997560364,42.433135986328125,3918750,0.0,0.0
2022-10-26 00:00:00-04:00,43.02904684362756,43.115056587373445,42.21196306638346,43.00447463989258,3038100,0.0,0.0
2022-10-27 00:00:00-04:00,43.366936409127945,44.079579456550896,43.225633948964315,43.71097183227539,2649150,0.0,0.0
2022-10-28 00:00:00-04:00,44.11644500829929,45.20384409533911,43.80312656770584,45.013397216796875,1824900,0.0,0.0
2022-10-31 00:00:00-04:00,44.75537234555593,45.89191946492904,44.73694143368818,45.69532775878906,2488650,0.0,0.0
2022-11-01 00:00:00-04:00,45.867344507169825,46.38954075585387,45.61546008054032,46.2543830871582,2012850,0.0,0.0
2022-11-02 00:00:00-04:00,46.008647310229755,46.727438828602395,45.47416491486249,45.66461181640625,3009750,0.0,0.0
2022-11-03 00:00:00-04:00,45.468019893177186,46.702862888846106,45.14855660702253,45.83048629760742,1703550,0.0,0.0
2022-11-04 00:00:00-04:00,46.2298146825936,46.38339975933726,45.369724191480806,46.00250244140625,1430400,0.0,0.0
2022-11-07 00:00:00-05:00,46.05164570846116,46.24209610582103,45.55402518870055,45.824337005615234,1542900,0.0,0.0
2022-11-08 00:00:00-05:00,45.70762026503847,46.057800608910505,44.85367448244153,45.8059196472168,1513350,0.0,0.0
2022-11-09 00:00:00-05:00,45.76905444694618,46.09465904245507,45.10555563697544,45.22228240966797,1209600,0.0,0.0
2022-11-10 00:00:00-05:00,46.192952317669096,46.22981414179119,44.84138256611328,45.02568817138672,2231400,0.0,0.0
2022-11-11 00:00:00-05:00,45.46188128376507,45.670762640456104,42.41470936573015,42.863182067871094,4139700,0.0,0.0
2022-11-14 00:00:00-05:00,43.065915724745395,43.065915724745395,42.14439114221209,42.15667724609375,3194250,0.0,0.0
2022-11-15 00:00:00-05:00,42.45156545641331,42.67887420058921,42.009234072124094,42.45771026611328,2871450,0.0,0.0
2022-11-16 00:00:00-05:00,42.51299069109242,44.38061522012939,42.51299069109242,44.08572769165039,2542050,0.0,0.0
2022-11-17 00:00:00-05:00,43.674123236987185,44.34990818730263,43.36694953787559,44.196319580078125,1896900,0.0,0.0
2022-11-18 00:00:00-05:00,44.663223826083325,45.11169999931604,44.33147442438617,45.050262451171875,2413350,0.0,0.0
2022-11-21 00:00:00-05:00,45.1669864776157,46.22366865129268,45.1669864776157,45.566314697265625,2082300,0.0,0.0
2022-11-22 00:00:00-05:00,45.89192243911359,46.19295482690125,45.29600247300476,45.56017303466797,1157400,0.0,0.0
2022-11-23 00:00:00-05:00,45.461874228913594,45.83663024466279,45.461874228913594,45.69532775878906,859650,0.0,0.0
2022-11-25 00:00:00-05:00,45.90420494085701,46.30353315675195,45.78748169285025,46.19295120239258,677700,0.0,0.0
2022-11-28 00:00:00-05:00,45.971780608109945,46.2973886704236,45.848912559591874,45.947208404541016,1266450,0.0,0.0
2022-11-29 00:00:00-05:00,45.91649396211843,46.24824333622225,45.738329657257566,46.100799560546875,878250,0.0,0.0
2022-11-30 00:00:00-05:00,45.916486629732745,46.930161986210415,45.53558939122913,46.86258316040039,3528900,0.0,0.0
2022-12-01 00:00:00-05:00,47.12061227771044,47.298776567088936,46.03321672368419,46.26667022705078,1570650,0.0,0.0
2022-12-02 00:00:00-05:00,45.971787538367685,46.61071414219215,45.89192259172393,46.48784255981445,1142250,0.0,0.0
2022-12-05 00:00:00-05:00,46.119229268695904,46.162235902509515,45.30829021949474,45.66461181640625,927450,0.0,0.0
2022-12-06 00:00:00-05:00,45.78749008699112,46.32811737060547,45.78749008699112,46.32811737060547,1134450,0.0,0.0
2022-12-07 00:00:00-05:00,46.18681449593614,46.49399172297569,45.60932538689334,45.861209869384766,2455050,0.0,0.0
2022-12-08 00:00:00-05:00,46.094659417808984,46.42026401596931,45.60318011580524,45.73219299316406,1531050,0.0,0.0
2022-12-09 00:00:00-05:00,45.707617984786125,46.05165350156587,45.17313555375479,45.191566467285156,1564200,0.0,0.0
2022-12-12 00:00:00-05:00,45.240716630771814,45.756768173738664,44.92125330604294,45.59703826904297,2060400,0.0,0.0
2022-12-13 00:00:00-05:00,46.07621752418011,46.22366127964403,44.779940734642764,44.89666748046875,2309550,0.0,0.0
2022-12-14 00:00:00-05:00,44.91510853975641,45.22228222089081,44.552642119576184,44.84138488769531,1636950,0.0,0.0
2022-12-15 00:00:00-05:00,44.52192270012535,44.73694533689335,44.061160409242106,44.26389694213867,1627950,0.0,0.0
2022-12-16 00:00:00-05:00,43.91938347770899,44.58995428668734,43.75942806254939,44.325416564941406,4997700,0.066667,0.0
2022-12-19 00:00:00-05:00,44.35002205799281,44.811424687941965,43.593322026494015,44.00550842285156,1765800,0.0,0.0
2022-12-20 00:00:00-05:00,44.30695798580664,44.96522558477383,44.25774174962426,44.82988357543945,1624050,0.0,0.0
2022-12-21 00:00:00-05:00,45.21130562215499,45.50045320255236,44.89755168440024,45.44508361816406,2361300,0.0,0.0
2022-12-22 00:00:00-05:00,45.402017690006524,45.672705203911214,44.38078000343608,44.89754867553711,1669500,0.0,0.0
2022-12-23 00:00:00-05:00,44.94677867908682,45.25437931693571,44.77452006894849,45.18670654296875,964050,0.0,0.0
2022-12-27 00:00:00-05:00,45.297433652626104,45.70962004878392,45.063655663123576,45.46969223022461,1358850,0.0,0.0
2022-12-28 00:00:00-05:00,45.6604046858512,45.68501456321568,44.780665814136505,44.78681564331055,830550,0.0,0.0
2022-12-29 00:00:00-05:00,44.95292074317632,45.44508308679723,44.73144592843553,45.0575065612793,852450,0.0,0.0
2022-12-30 00:00:00-05:00,44.872953208265514,45.05136165122091,44.239291872012714,44.645328521728516,1386000,0.0,0.0
2023-01-03 00:00:00-05:00,44.583801230668136,44.860645654020956,43.9501434764132,44.65147399902344,1739400,0.0,0.0
2023-01-04 00:00:00-05:00,44.81757242650228,45.08826345874119,44.30695358677915,44.50381851196289,2352450,0.0,0.0
2023-01-05 00:00:00-05:00,44.47306737879571,44.719148582703,43.8578661291391,44.22083282470703,2379900,0.0,0.0
2023-01-06 00:00:00-05:00,44.639171687558964,45.808058261458115,44.491522968336646,45.70347595214844,1845300,0.0,0.0
2023-01-09 00:00:00-05:00,45.7034684288805,45.75883448933558,44.65762086637914,44.89754867553711,1947000,0.0,0.0
2023-01-10 00:00:00-05:00,45.16208882634917,45.43893322462972,44.79296882901303,45.125179290771484,1207350,0.0,0.0
2023-01-11 00:00:00-05:00,45.08826072402381,45.27897228864496,44.682224200292595,44.8852424621582,1351200,0.0,0.0
2023-01-12 00:00:00-05:00,45.03391547542482,45.52327809291118,44.68702457651319,45.23833465576172,1601850,0.333333,0.0
2023-01-13 00:00:00-05:00,45.03391799906388,45.554256148847095,44.79233458154783,45.442752838134766,1131750,0.0,0.0
2023-01-17 00:00:00-05:00,45.44275766097762,45.44275766097762,44.15430554178783,44.48261260986328,1596900,0.0,0.0
2023-01-18 00:00:00-05:00,44.42066052962566,44.50738413862858,43.93129437808395,43.98085021972656,2279550,0.0,0.0
2023-01-19 00:00:00-05:00,43.89413595749323,43.9994399195828,43.17557438643374,43.237518310546875,1893300,0.0,0.0
2023-01-20 00:00:00-05:00,43.349019545175366,43.36760343193898,42.26498665857162,43.31185531616211,2840250,0.0,0.0
2023-01-23 00:00:00-05:00,43.43573895111767,43.76404598153153,43.20034780098612,43.56582260131836,1430700,0.0,0.0
2023-01-24 00:00:00-05:00,43.565819266075636,46.78695249245489,43.03928889575788,43.844573974609375,1565100,0.0,0.0
2023-01-25 00:00:00-05:00,43.79502164432984,44.36491568288192,43.69591349035767,44.24102783203125,1237950,0.0,0.0
2023-01-26 00:00:00-05:00,44.27200039705084,44.494999949421455,43.94368978989936,44.179080963134766,1447950,0.0,0.0
2023-01-27 00:00:00-05:00,44.2905821033453,44.50119356899639,42.73576340115946,42.878238677978516,2488050,0.0,0.0
2023-01-30 00:00:00-05:00,43.17556851767359,43.466707757042506,42.74195401879419,43.22512435913086,3683850,0.0,0.0
2023-01-31 00:00:00-05:00,43.36760755535359,43.47291507552211,42.82249315500902,43.44813537597656,1677900,0.0,0.0
2023-02-01 00:00:00-05:00,42.84726700832659,43.11363013339757,42.395068567820125,42.7915153503418,1931700,0.0,0.0
2023-02-02 00:00:00-05:00,42.6985915978739,42.6985915978739,41.03227342064889,41.249080657958984,4796400,0.0,0.0
2023-02-03 00:00:00-05:00,41.45350690403234,41.713674215448606,40.84025285246987,41.42253494262695,3133050,0.0,0.0
2023-02-06 00:00:00-05:00,41.41014024661814,42.35789708218396,41.31722436930353,42.314537048339844,2214450,0.0,0.0
2023-02-07 00:00:00-05:00,42.165873097716,43.256101746624886,42.103925629733546,43.15699005126953,1828350,0.0,0.0
2023-02-08 00:00:00-05:00,43.00212652441546,43.57202054266407,42.87204286785114,42.878238677978516,1769100,0.0,0.0
2023-02-09 00:00:00-05:00,43.04548337012809,43.51006981059151,42.444617484299236,42.45081329345703,2157450,0.0,0.0
2023-02-10 00:00:00-05:00,42.54373474473311,42.67381839800543,42.18445574574157,42.240203857421875,1352850,0.0,0.0
2023-02-13 00:00:00-05:00,42.457011290749676,42.797709950165206,42.25878790509472,42.40745544433594,1846800,0.0,0.0
2023-02-14 00:00:00-05:00,42.475591166227694,42.70478649118939,41.52783436384714,41.540225982666016,2044350,0.0,0.0
2023-02-15 00:00:00-05:00,41.58358898715077,41.97383993951683,41.46589341155299,41.71367263793945,1317600,0.0,0.0
2023-02-16 00:00:00-05:00,41.50924885610663,41.83755939620739,41.25527739247046,41.41013717651367,1461900,0.0,0.0
2023-02-17 00:00:00-05:00,41.403950946905034,41.942869454052094,41.372978985581916,41.58978271484375,3295650,0.0,0.0
2023-02-21 00:00:00-05:00,41.558810719943544,41.59597849130677,41.094224211444576,41.366783142089844,1918050,0.0,0.0
2023-02-22 00:00:00-05:00,41.5959746281671,41.69508631292172,41.23049984757025,41.255279541015625,1274550,0.0,0.0
2023-02-23 00:00:00-05:00,41.31723213985023,41.595983368732426,40.80308972408469,41.05086898803711,1546050,0.0,0.0
2023-02-24 00:00:00-05:00,40.65441171565195,41.24288598708106,40.59866006640059,41.10041427612305,2446050,0.0,0.0
2023-02-27 00:00:00-05:00,41.11900315138139,41.44111437857186,40.883611996426076,41.06325149536133,1450950,0.0,0.0
2023-02-28 00:00:00-05:00,41.24288802949112,41.40394717602208,40.90219294145199,41.001304626464844,2501700,0.0,0.0
2023-03-01 00:00:00-05:00,40.78449951050296,41.68889634204197,40.759723360207616,41.657920837402344,2058000,0.0,0.0
2023-03-02 00:00:00-05:00,41.52164506668257,41.73844878832128,41.08803053437784,41.71367263793945,2394300,0.0,0.0
2023-03-03 00:00:00-05:00,41.60217521130186,41.94906614774706,41.23050457856793,41.83756637573242,2167500,0.0,0.0
2023-03-06 00:00:00-05:00,41.85614758887969,41.96765090773002,41.23050543711319,41.46589660644531,1508100,0.0,0.0
2023-03-07 00:00:00-05:00,41.49067317624191,41.54642483622809,40.69158377234323,40.902198791503906,1895700,0.0,0.0
2023-03-08 00:00:00-05:00,40.889784661625406,41.13173804565587,40.15152474471668,40.39347457885742,3041250,0.066667,0.0
2023-03-09 00:00:00-05:00,40.50514726517764,40.50514726517764,39.43807880555651,39.649009704589844,2078400,0.0,0.0
2023-03-10 00:00:00-05:00,39.34502035640794,39.61178748426774,38.81148965057828,38.87352752685547,3050700,0.0,0.0
2023-03-13 00:00:00-04:00,38.15387658411992,38.24073174196127,37.210887362972336,37.36598205566406,2966550,0.0,0.0
2023-03-14 00:00:00-04:00,37.90571415182436,38.17868643768229,37.297735264989804,37.955345153808594,2232900,0.0,0.0
2023-03-15 00:00:00-04:00,37.50246920207234,37.88711043976955,36.91310225471101,37.4094123840332,5244300,0.0,0.0
2023-03-16 00:00:00-04:00,37.31014473867398,39.127879869800736,37.210882727759966,39.02861785888672,4798350,0.0,0.0
2023-03-17 00:00:00-04:00,38.83010021440192,38.83010021440192,37.8188678683973,37.843685150146484,7300650,0.0,0.0
2023-03-20 00:00:00-04:00,38.09803728746002,38.69981458618747,38.023592550959236,38.27174758911133,3524250,0.0,0.0
2023-03-21 00:00:00-04:00,38.92936380909323,39.28298612649935,38.706026013808504,38.774269104003906,2327850,0.0,0.0
2023-03-22 00:00:00-04:00,38.78667273300149,38.91074848671664,37.86229558821976,37.87470245361328,1976400,0.0,0.0
2023-03-23 00:00:00-04:00,37.84367899677333,37.88090313839942,37.06198977207315,37.20467758178711,1634550,0.0,0.0
2023-03-24 00:00:00-04:00,36.807629215570834,37.35977547856377,36.55326898320318,37.24190139770508,1621050,0.0,0.0
2023-03-27 00:00:00-04:00,37.77543950980731,38.19109966442217,37.545896531118046,37.94914627075195,1873200,0.0,0.0
2023-03-28 00:00:00-04:00,37.79405260198668,38.25934377940819,37.657566432633175,38.110450744628906,1668600,0.0,0.0
2023-03-29 00:00:00-04:00,38.464064510970076,38.55091965750197,38.11664747473198,38.457862854003906,1959000,0.0,0.0
2023-03-30 00:00:00-04:00,38.50749108213926,38.50749108213926,38.04219999842526,38.46406173706055,1265400,0.0,0.0
2023-03-31 00:00:00-04:00,38.79907677818766,38.79907677818766,38.42684244431907,38.625370025634766,3175050,0.0,0.0
2023-04-03 00:00:00-04:00,38.74944697777533,39.33881743311728,38.56332980504157,38.98519515991211,2485800,0.0,0.0
2023-04-04 00:00:00-04:00,39.08445871792799,39.109275998551745,38.178693648124884,38.71842956542969,1270800,0.0,0.0
2023-04-05 00:00:00-04:00,38.56954252934442,39.065852720101766,38.51370630167528,38.86732864379883,1618650,0.0,0.0
2023-04-06 00:00:00-04:00,39.05964066346432,39.5931749124604,38.82389602660386,39.1464958190918,1966650,0.0,0.0
2023-04-10 00:00:00-04:00,39.07204541359604,39.29538315295467,38.96037654391672,39.0782470703125,1717800,0.0,0.0
2023-04-11 00:00:00-04:00,39.084457943596405,39.32640778796236,38.95417698510013,39.1464958190918,1436400,0.0,0.0
2023-04-12 00:00:00-04:00,39.07825197133408,39.36363116287388,38.68740910349401,38.98519515991211,2392050,0.0,0.0
2023-04-13 00:00:00-04:00,38.65018620241172,39.01621535227097,38.308974332997295,38.87352752685547,2239950,0.0,0.0
2023-04-14 00:00:00-04:00,39.047233083369,39.22714504894529,37.92433193794782,38.1414680480957,2180250,0.0,0.0
2023-04-17 00:00:00-04:00,38.15387963397584,38.774269104003906,37.924336630531435,38.774269104003906,1694250,0.0,0.0
2023-04-18 00:00:00-04:00,38.836302676095855,39.227145549414615,38.67500278074746,39.04723358154297,1817250,0.0,0.0
2023-04-19 00:00:00-04:00,39.17750884430024,39.23334505375341,38.836297030680264,38.97898483276367,2332650,0.0,0.0
2023-04-20 00:00:00-04:00,39.05964168471906,39.36983817008618,38.58194364111286,39.30780029296875,3935100,0.0,0.0
2023-04-21 00:00:00-04:00,36.73318729007496,36.758004571866735,34.77276402412925,35.68473434448242,12003300,0.0,0.0
2023-04-24 00:00:00-04:00,35.92048029169095,36.86347313574204,35.68473563056842,35.90807342529297,5800050,0.0,0.0
2023-04-25 00:00:00-04:00,35.72815410676829,36.51604853455904,35.62268688930092,35.752967834472656,3564150,0.0,0.0
2023-04-26 00:00:00-04:00,35.62889791245009,36.34234417381602,35.13878943644058,35.585472106933594,3564000,0.0,0.0
2023-04-27 00:00:00-04:00,35.312499259478074,35.98872136376922,35.28768197818342,35.85844039916992,3213000,0.0,0.0
2023-04-28 00:00:00-04:00,35.846034989786666,36.6401312252366,35.641305722875906,36.55327606201172,4200900,0.0,0.0
2023-05-01 00:00:00-04:00,36.52844959957289,37.105409500837375,36.31131354212687,37.05577850341797,3095250,0.0,0.0
2023-05-02 00:00:00-04:00,36.95033009269476,37.01856963613892,36.05076656223593,36.23067855834961,3196950,0.0,0.0
2023-05-03 00:00:00-04:00,36.23067667363678,36.41679031862357,35.976316388975185,36.044559478759766,3269100,0.0,0.0
2023-05-04 00:00:00-04:00,35.79639893438179,36.1562228529287,35.3807388009336,35.957698822021484,3543300,0.0,0.0
2023-05-05 00:00:00-04:00,36.348552104657166,36.78282439191491,36.29271587919019,36.385772705078125,1962000,0.0,0.0
2023-05-08 00:00:00-04:00,36.602908512661905,36.69596888758583,36.41679131270439,36.422996520996094,1579350,0.0,0.0
2023-05-09 00:00:00-04:00,36.34854259690782,36.832445774708496,36.274094315758745,36.57188034057617,2258100,0.0,0.0
2023-05-10 00:00:00-04:00,36.627725331665545,36.776618379766205,35.85844280820032,36.59670639038086,1725450,0.0,0.0
2023-05-11 00:00:00-04:00,36.447811503050346,36.58429412783772,36.2927132545632,36.52846145629883,1655250,0.0,0.0
2023-05-12 00:00:00-04:00,36.82004320984446,36.82004320984446,36.29271412222725,36.55327606201172,1745250,0.0,0.0
2023-05-15 00:00:00-04:00,36.68975540219962,36.73938640766567,36.26789008079344,36.61531066894531,1528800,0.0,0.0
2023-05-16 00:00:00-04:00,36.50364183920421,36.60290385991189,36.13761269410839,36.14381790161133,1655100,0.0,0.0
2023-05-17 00:00:00-04:00,36.22447467171057,36.25549361528716,35.597883491726144,35.628902435302734,3525300,0.0,0.0
2023-05-18 00:00:00-04:00,35.65371419617239,35.728162496546666,35.306297077503224,35.6971435546875,2527650,0.0,0.0
2023-05-19 00:00:00-04:00,35.97010655249598,36.1934478675886,35.622689490043946,35.765380859375,5574600,0.0,0.0
2023-05-22 00:00:00-04:00,35.72195436471436,36.224469701443574,35.28148045651631,36.21206283569336,2777850,0.0,0.0
2023-05-23 00:00:00-04:00,36.249285958407846,36.4416047967163,35.79640164736831,35.83362579345703,2141250,0.0,0.0
2023-05-24 00:00:00-04:00,35.82121900382783,35.82121900382783,35.219445147304526,35.244258880615234,1802100,0.0,0.0
2023-05-25 00:00:00-04:00,34.85961608919822,35.15120051712199,34.53701627093892,34.80378341674805,3650250,0.0,0.0
2023-05-26 00:00:00-04:00,34.76035623380368,34.921659702908485,34.43155118698565,34.83480453491211,2786400,0.0,0.0
2023-05-30 00:00:00-04:00,34.98368790131857,35.30628765042936,34.661084602318375,35.256656646728516,2288250,0.0,0.0
2023-05-31 00:00:00-04:00,35.0519372466941,35.21944235789092,34.48117882706864,34.543216705322266,4051350,0.0,0.0
2023-06-01 00:00:00-04:00,34.56183204321612,35.31870771898104,34.43155106662217,35.306297302246094,2238750,0.0,0.0
2023-06-02 00:00:00-04:00,35.57926368844611,35.92668075089814,35.35592237335349,35.765380859375,2442750,0.0,0.0
2023-06-05 00:00:00-04:00,35.82121999438825,35.96391138948676,35.28768566466079,35.62269592285156,1874400,0.0,0.0
2023-06-06 00:00:00-04:00,35.59167761249823,35.77158961178719,35.40556040465464,35.70335006713867,1267500,0.0,0.0
2023-06-07 00:00:00-04:00,35.66612481573053,35.932891977105406,35.23805773581421,35.79640579223633,1798200,0.0,0.0
2023-06-08 00:00:00-04:00,35.71575340654052,35.796403360332114,35.362131101555725,35.548248291015625,1459200,0.0,0.0
2023-06-09 00:00:00-04:00,35.486201199298414,35.846028654812955,35.47379433528469,35.47999954223633,1312050,0.0,0.0
2023-06-12 00:00:00-04:00,35.424173621926236,35.54204773902917,35.12018584087292,35.45519256591797,1335450,0.0,0.0
2023-06-13 00:00:00-04:00,35.41176675430766,36.00733899868631,35.33731844881504,35.45519256591797,2115150,0.0,0.0
2023-06-14 00:00:00-04:00,35.5048187576787,35.79640318134897,34.96508281582283,35.076751708984375,2551800,0.0,0.0
2023-06-15 00:00:00-04:00,35.7529769050076,36.37336640357345,35.529639099449376,36.23067855834961,2938800,0.0,0.0
2023-06-16 00:00:00-04:00,36.4353997189427,36.93791504326171,36.36095497638986,36.776615142822266,5677050,0.0,0.0
2023-06-20 00:00:00-04:00,36.58429953720734,36.596709954842204,36.11900827283787,36.26169967651367,1759500,0.0,0.0
2023-06-21 00:00:00-04:00,36.13140683114878,36.59669794279689,35.982513817416965,36.5346565246582,1632750,0.0,0.0
2023-06-22 00:00:00-04:00,36.57188349311388,36.658738645311665,35.939087248356735,36.27409744262695,1625400,0.0,0.0
2023-06-23 00:00:00-04:00,36.155998372359996,36.584875747223336,36.08763022507216,36.18086242675781,2182500,0.073333,0.0
2023-06-26 00:00:00-04:00,36.28652973999979,36.5040751296661,35.96332188557968,36.460567474365234,1518450,0.0,0.0
2023-06-27 00:00:00-04:00,36.46056644261,36.8086383449102,36.42327213536118,36.50407409667969,1275750,0.0,0.0
2023-06-28 00:00:00-04:00,36.34246524536468,36.4792086490116,35.6898291833429,36.12491989135742,2004750,0.0,0.0
2023-06-29 00:00:00-04:00,36.112493864086524,36.78999050237608,36.112493864086524,36.746482849121094,1294500,0.0,0.0
2023-06-30 00:00:00-04:00,36.889439866371085,37.237511764520995,36.6408170819783,37.01996994018555,1777200,0.0,0.0
2023-07-03 00:00:00-04:00,36.96403218550185,37.32453436986534,36.796211344640625,37.09455871582031,814800,0.0,0.0
2023-07-05 00:00:00-04:00,36.814858499912006,37.11941921846135,36.4543527589673,37.09455871582031,2001150,0.0,0.0
2023-07-06 00:00:00-04:00,36.951594673324074,37.26858916799748,36.8272850594181,37.01996994018555,1789050,0.0,0.0
2023-07-07 00:00:00-04:00,36.78377541028187,37.46748891941458,36.75891135490108,37.2064323425293,1882650,0.0,0.0
2023-07-10 00:00:00-04:00,37.069687891237024,37.59179747380507,36.94537828755641,36.97645568847656,1767150,0.0,0.0
2023-07-11 00:00:00-04:00,36.976459607170575,37.243729551305336,36.87079358757932,37.22508239746094,1635300,0.0,0.0
2023-07-12 00:00:00-04:00,37.461283510447544,37.54208549121093,36.94539065795965,37.05727005004883,1766850,0.0,0.0
2023-07-13 00:00:00-04:00,36.709192319027906,36.90809056565093,36.60352629179148,36.647037506103516,1838550,0.0,0.0
2023-07-14 00:00:00-04:00,36.6035233940218,36.70297606604119,35.91981339281793,36.628387451171875,2088300,0.0,0.0
2023-07-17 00:00:00-04:00,36.74648785908032,37.82799800042938,36.73405760739572,37.62288284301758,2012850,0.0,0.0
2023-07-18 00:00:00-04:00,37.50478184746423,37.80934609324192,37.3991193865514,37.64152526855469,1449450,0.0,0.0
2023-07-19 00:00:00-04:00,37.72854309997844,38.01446018445661,37.62287708537673,37.68503189086914,1280550,0.0,0.0
2023-07-20 00:00:00-04:00,37.927439003449145,38.35009592284781,37.772048442639914,38.31280517578125,3510150,0.0,0.0
2023-07-21 00:00:00-04:00,40.096684525535274,40.096684525535274,37.6850378569283,38.26930236816406,3812250,0.0,0.0
2023-07-24 00:00:00-04:00,38.250657925728355,38.46198642714923,37.89015218026774,38.113914489746094,2470050,0.0,0.0
2023-07-25 00:00:00-04:00,38.28173308202049,38.28173308202049,37.66639121285923,37.7534065246582,1907700,0.0,0.0
2023-07-26 00:00:00-04:00,37.93366062766536,38.5365686809586,37.93366062766536,38.393611907958984,1896150,0.0,0.0
2023-07-27 00:00:00-04:00,38.49305846748404,38.9716568701152,38.25686593945908,38.847347259521484,2766600,0.0,0.0
2023-07-28 00:00:00-04:00,39.12704342487115,39.12704342487115,38.406035665040086,38.77275466918945,2502450,0.0,0.0
2023-07-31 00:00:00-04:00,38.77897810802962,39.00273684448457,38.16984959489794,38.34388732910156,3005550,0.0,0.0
2023-08-01 00:00:00-04:00,38.34388732910156,38.611157277397915,38.1139116890747,38.34388732910156,931200,0.0,0.0
2023-08-02 00:00:00-04:00,38.3625347199704,39.12083335769749,38.35010091274985,38.940582275390625,1506450,0.0,0.0
2023-08-03 00:00:00-04:00,38.94680399233919,39.07733053163834,38.493066000400034,38.74790573120117,1483350,0.0,0.0
2023-08-04 00:00:00-04:00,38.57386394562164,38.847350804413196,38.41847691820015,38.47441482543945,1588500,0.0,0.0
2023-08-07 00:00:00-04:00,38.679521909199195,39.36323535711958,38.679521909199195,39.164337158203125,972600,0.0,0.0
2023-08-08 00:00:00-04:00,38.91572086111683,39.083538132266014,38.75411338027021,38.959228515625,1675500,0.0,0.0
2023-08-09 00:00:00-04:00,38.92815113230632,39.25757588447849,38.74790005413179,39.00895309448242,1182750,0.0,0.0
2023-08-10 00:00:00-04:00,39.15812311833068,39.68644605325174,39.15812311833068,39.35702133178711,2364450,0.0,0.0
2023-08-11 00:00:00-04:00,39.3259536266747,39.78590496955268,39.263798808789886,39.74239730834961,1419000,0.0,0.0
2023-08-14 00:00:00-04:00,39.87913874666823,39.87913874666823,39.53728015233749,39.65537643432617,1299300,0.0,0.0
2023-08-15 00:00:00-04:00,39.34460058308556,39.537281940180286,38.95301740792521,38.99652862548828,943950,0.0,0.0
2023-08-16 00:00:00-04:00,39.06489254019302,39.412964428226935,38.89707172103265,38.921932220458984,1205250,0.0,0.0
2023-08-17 00:00:00-04:00,39.16434329604019,39.16434329604019,38.39982777956765,38.43711853027344,1031700,0.0,0.0
2023-08-18 00:00:00-04:00,38.343884381280304,38.679526016740084,38.29415982627073,38.499271392822266,1229850,0.0,0.0
2023-08-21 00:00:00-04:00,38.54900343203997,38.604941339262105,38.02689377295312,38.10148239135742,1403550,0.0,0.0
2023-08-22 00:00:00-04:00,38.020674615544216,38.18849544042519,37.6974667725,37.74097442626953,1039800,0.0,0.0
2023-08-23 00:00:00-04:00,37.685038661041176,38.06419157845411,37.523434715096215,37.902584075927734,1483050,0.0,0.0
2023-08-24 00:00:00-04:00,37.827998184020174,38.39361553909968,37.759626464551076,37.79692077636719,1068750,0.0,0.0
2023-08-25 00:00:00-04:00,37.85907167214939,38.19471333058299,37.69125084293259,37.87150192260742,892200,0.0,0.0
2023-08-28 00:00:00-04:00,37.69747069851915,38.23822397988973,37.69747069851915,38.08905029296875,1137150,0.0,0.0
2023-08-29 00:00:00-04:00,38.24443639014822,38.42468746275879,37.709896519011544,38.38117980957031,1312350,0.0,0.0
2023-08-30 00:00:00-04:00,38.38739589974448,38.598727947257,38.207144814251684,38.32524108886719,1561500,0.0,0.0
2023-08-31 00:00:00-04:00,38.49305446182901,38.548995914723264,38.15741285762423,38.449546813964844,2068800,0.0,0.0
2023-09-01 00:00:00-04:00,38.7292517659859,38.91571974216681,38.636015999605036,38.803836822509766,828450,0.0,0.0
2023-09-05 00:00:00-04:00,38.79762341453162,39.033815946882356,38.36253265632359,38.38117980957031,1080900,0.0,0.0
2023-09-06 00:00:00-04:00,38.25065125963475,38.42468541971606,38.02688898915234,38.24443435668945,991050,0.0,0.0
2023-09-07 00:00:00-04:00,38.3873960570107,38.53656973767598,38.09526559942576,38.39982986450195,1963650,0.0,0.0
2023-09-08 00:00:00-04:00,38.48684797617338,38.82248967122302,38.306596876834476,38.493064880371094,1142700,0.0,0.0
2023-09-11 00:00:00-04:00,38.58629427139555,38.834917072333596,38.511709209404685,38.67331314086914,1176750,0.0,0.0
2023-09-12 00:00:00-04:00,38.766546430730735,39.45647332541974,38.73546547059605,39.32594680786133,1023450,0.0,0.0
2023-09-13 00:00:00-04:00,39.46269495940754,39.46269495940754,39.02760414433514,39.2575798034668,1556400,0.0,0.0
2023-09-14 00:00:00-04:00,39.53727279480147,40.15883149645725,39.41917653478945,40.15261459350586,2255700,0.0,0.0
2023-09-15 00:00:00-04:00,39.966157684394226,40.121544721534235,39.73617846758067,39.85427474975586,2956800,0.0,0.0
2023-09-18 00:00:00-04:00,39.99723630403412,40.457187638438555,39.823198549265115,40.40746307373047,1262700,0.0,0.0
2023-09-19 00:00:00-04:00,40.58770768174818,40.77417565871193,40.3515151480328,40.662296295166016,1569150,0.0,0.0
2023-09-20 00:00:00-04:00,40.954429570485075,40.96685982138918,40.57528024355178,40.80525588989258,1907400,0.0,0.0
2023-09-21 00:00:00-04:00,40.74309698753187,40.79903488927381,40.46961015561753,40.48204040527344,1624350,0.0,0.0
2023-09-22 00:00:00-04:00,40.469492751355475,40.90242134704609,40.45066930064638,40.726741790771484,1200750,0.406667,0.0
2023-09-25 00:00:00-04:00,40.53851087388674,40.739289561175504,40.419298079533284,40.726741790771484,1428300,0.0,0.0
2023-09-26 00:00:00-04:00,40.601254819125714,40.78321006244116,40.369104902129926,40.425575256347656,1232100,0.0,0.0
2023-09-27 00:00:00-04:00,40.46949896220675,40.66400558924748,39.8734384891682,40.37538528442383,2279400,0.0,0.0
2023-09-28 00:00:00-04:00,40.475767175273134,41.09065098845713,40.45694372514834,40.82085418701172,1795050,0.0,0.0
2023-09-29 00:00:00-04:00,40.858513522880656,40.858513522880656,39.73540698511861,39.83579635620117,1632750,0.0,0.0
2023-10-02 00:00:00-04:00,39.66638034205065,39.741670559122106,39.10796323876146,39.4781494140625,1766850,0.0,0.0
2023-10-03 00:00:00-04:00,39.40913281070774,39.47187525906014,38.938557267651774,39.17698287963867,1705650,0.0,0.0
2023-10-04 00:00:00-04:00,39.22717914178106,39.92362896313622,39.22717914178106,39.810691833496094,1633050,0.0,0.0
2023-10-05 00:00:00-04:00,39.885989363749694,40.48832556490494,39.885989363749694,40.30009460449219,1288050,0.0,0.0
2023-10-06 00:00:00-04:00,40.31891399525695,40.49459716465452,40.04911715024349,40.09931182861328,1631850,0.0,0.0
2023-10-09 00:00:00-04:00,39.96126799349194,40.287535136176224,39.80440830698139,40.017738342285156,1146750,0.0,0.0
2023-10-10 00:00:00-04:00,40.130679593810896,40.15577872593508,39.50324437318173,39.64755630493164,1679550,0.0,0.0
2023-10-11 00:00:00-04:00,39.64128190353285,40.37538217651747,39.609910680020015,40.24361801147461,2291400,0.0,0.0
2023-10-12 00:00:00-04:00,40.41302797851892,40.50714524505787,39.59736534635216,39.810691833496094,1649850,0.0,0.0
2023-10-13 00:00:00-04:00,40.105591717327265,40.28754699673138,39.81697138886934,40.055397033691406,1073700,0.0,0.0
2023-10-16 00:00:00-04:00,40.231076362742314,40.84596392583199,40.155786132894626,40.789493560791016,1440600,0.0,0.0
2023-10-17 00:00:00-04:00,40.820862371170094,41.48594457816628,40.6891017840859,41.46712112426758,1428000,0.0,0.0
2023-10-18 00:00:00-04:00,41.47339345788052,41.63652886255406,40.9149762896436,40.933799743652344,1399500,0.0,0.0
2023-10-19 00:00:00-04:00,40.87104746103119,41.07810181512452,40.237340219371234,40.306358337402344,1094850,0.0,0.0
2023-10-20 00:00:00-04:00,40.356567640414845,40.46322910588211,39.635018569587395,39.704036712646484,1869150,0.0,0.0
2023-10-23 00:00:00-04:00,39.73540405769268,39.873440330313436,39.3589421487646,39.45933151245117,1783650,0.0,0.0
2023-10-24 00:00:00-04:00,42.012985664886955,42.86002311385912,41.3165358425824,41.88750076293945,5529900,0.0,0.0
2023-10-25 00:00:00-04:00,42.28905584570851,42.652966349400735,41.843575852031016,42.07572937011719,3079350,0.0,0.0
2023-10-26 00:00:00-04:00,42.13219664135708,42.56512527855617,41.812205129034616,42.069454193115234,2274300,0.0,0.0
2023-10-27 00:00:00-04:00,41.81220364577273,41.93141644732712,40.65772612412739,40.98398971557617,2492250,0.0,0.0
2023-10-30 00:00:00-04:00,41.140847871056614,41.98160954074383,41.01536298375141,41.85612106323242,2253450,0.0,0.0
2023-10-31 00:00:00-04:00,41.849849349181376,42.46473320095776,41.636522884721195,42.30160140991211,4236000,0.0,0.0
2023-11-01 00:00:00-04:00,42.63414506213306,42.847475138764004,42.289057993205255,42.62159729003906,1988400,0.0,0.0
2023-11-02 00:00:00-04:00,42.715706677186624,42.765901350729415,42.03808037946202,42.546302795410156,1849500,0.0,0.0
2023-11-03 00:00:00-04:00,42.78472824904774,42.92276450996292,42.276505792154516,42.59022521972656,1583700,0.0,0.0
2023-11-06 00:00:00-05:00,42.58394649322112,43.03569855919382,42.5525752707488,42.784725189208984,1353600,0.0,0.0
2023-11-07 00:00:00-05:00,42.80354983144266,43.01687989451889,42.60277112986953,42.85374450683594,1203150,0.0,0.0
2023-11-08 00:00:00-05:00,42.90393981584059,42.92903894901108,42.295328021381586,42.6027717590332,1095000,0.0,0.0
2023-11-09 00:00:00-05:00,42.67806761289976,42.753357835605286,42.23886327812993,42.29533004760742,871950,0.0,0.0
2023-11-10 00:00:00-05:00,42.34552711136374,42.816102697951095,42.28906033870561,42.75963592529297,917100,0.0,0.0
2023-11-13 00:00:00-05:00,42.86002625728446,43.261583717297974,42.72826566449339,43.1549186706543,1348200,0.0,0.0
2023-11-14 00:00:00-05:00,42.985510432192186,43.161193613042485,42.6341476606984,42.96041488647461,1763700,0.0,0.0
2023-11-15 00:00:00-05:00,42.96041068558195,43.49372867710141,42.772179750279065,43.004329681396484,2537250,0.0,0.0
2023-11-16 00:00:00-05:00,43.30549791081991,43.78862481769781,43.205108556960745,43.77607345581055,1679250,0.0,0.0
2023-11-17 00:00:00-05:00,43.83254854228522,44.21528254638634,43.68823658666541,44.05215072631836,1661400,0.0,0.0
2023-11-20 00:00:00-05:00,43.86391074769537,44.08978856688881,43.66940773994486,43.70077896118164,1225650,0.0,0.0
2023-11-21 00:00:00-05:00,43.8890102073167,44.75487106962776,43.8890102073167,44.635658264160156,1825350,0.0,0.0
2023-11-22 00:00:00-05:00,44.5101777785273,44.98075340409376,44.49135791288689,44.59174728393555,1422450,0.0,0.0
2023-11-24 00:00:00-05:00,44.47880742218741,45.30702154470426,44.47880742218741,45.06859588623047,715200,0.0,0.0
2023-11-27 00:00:00-05:00,44.999564463926745,45.175247609970064,44.798785777137866,45.04976272583008,1398900,0.0,0.0
2023-11-28 00:00:00-05:00,45.03721516782476,45.23799387156575,44.635657760342795,44.64193344116211,1338150,0.0,0.0
2023-11-29 00:00:00-05:00,44.52898849252504,44.5666353934475,44.10861126297982,44.27801513671875,1328100,0.0,0.0
2023-11-30 00:00:00-05:00,44.30939211840172,45.645824854768094,44.30939211840172,45.52033996582031,9089100,0.0,0.0
2023-12-01 00:00:00-05:00,45.35720849603201,46.16032334322776,45.35720849603201,45.9658203125,2577000,0.0,0.0
2023-12-04 00:00:00-05:00,45.859158924393114,46.53051324416411,45.84033906009527,46.21052169799805,2305200,0.0,0.0
2023-12-05 00:00:00-05:00,46.12268300891567,46.248167916798415,45.84033837597271,45.934452056884766,1336800,0.0,0.0
2023-12-06 00:00:00-05:00,45.90935504195174,46.29836473673064,45.09996442397407,45.21917724609375,1911750,0.0,0.0
2023-12-07 00:00:00-05:00,45.338386456036524,45.40113249808415,44.39723531759554,44.485076904296875,1900950,0.0,0.0
2023-12-08 00:00:00-05:00,44.48507832333506,44.81761763694786,44.30939873453502,44.75487518310547,1313700,0.0,0.0
2023-12-11 00:00:00-05:00,45.12506317714716,45.58936309814453,44.93683221802147,45.58936309814453,1763100,0.0,0.0
2023-12-12 00:00:00-05:00,45.73366864853841,46.28581008513281,45.5956323918382,45.984642028808594,1573800,0.0,0.0
2023-12-13 00:00:00-05:00,45.85915630897646,46.05366293429404,45.539164781059995,45.670928955078125,2282100,0.0,0.0
2023-12-14 00:00:00-05:00,45.739943276266956,45.739943276266956,43.98312951692883,44.654483795166016,3201900,0.0,0.0
2023-12-15 00:00:00-05:00,44.30640469966734,44.62283623654027,43.970990602126435,44.43930435180664,5343900,0.406667,0.0
2023-12-18 00:00:00-05:00,44.6924562531115,45.027870389853014,44.24945494670996,44.755741119384766,1955550,0.0,0.0
2023-12-19 00:00:00-05:00,44.426658153148445,44.812704570603536,44.331730843361306,44.395015716552734,1882200,0.0,0.0
2023-12-20 00:00:00-05:00,44.255780006477856,44.464624404754645,43.85075107981565,43.86341094970703,2692800,0.0,0.0
2023-12-21 00:00:00-05:00,43.69253584889332,44.1671795416339,43.42673291851268,44.148193359375,2353950,0.0,0.0
2023-12-22 00:00:00-05:00,44.293753795118214,44.54689688240584,44.22413899345857,44.4329833984375,1435350,0.0,0.0
2023-12-26 00:00:00-05:00,44.31274037013307,44.50892490654458,44.2241393834899,44.36336898803711,661050,0.0,0.0
2023-12-27 00:00:00-05:00,44.20515272020773,44.45829580698542,44.12288166966053,44.33172607421875,1018650,0.0,0.0
2023-12-28 00:00:00-05:00,44.36969530138022,44.68612323213962,44.36969530138022,44.565879821777344,955800,0.0,0.0
2023-12-29 00:00:00-05:00,44.641827635844024,44.84434210491394,44.369698365375775,44.755741119384766,1179000,0.0,0.0
2024-01-02 00:00:00-05:00,44.787389412466695,45.66706220524038,44.787389412466695,45.66073226928711,1578300,0.0,0.0
2024-01-03 00:00:00-05:00,45.74932070712427,46.40749263703225,45.74932070712427,45.92019271850586,1651650,0.0,0.0
2024-01-04 00:00:00-05:00,46.21764272130736,46.70494268892277,46.21764272130736,46.30624008178711,1849050,0.0,0.0
2024-01-05 00:00:00-05:00,46.62899640605229,47.14794240944355,46.369527025600725,47.05934143066406,1844550,0.0,0.0
2024-01-08 00:00:00-05:00,46.831512080619,46.93909924488782,45.55314046398556,45.951839447021484,1820700,0.0,0.0
2024-01-09 00:00:00-05:00,45.88855526681776,45.970826314323595,45.17342471514091,45.71135330200195,1810500,0.0,0.0
2024-01-10 00:00:00-05:00,45.603768264118116,45.86323764669942,45.49618110177107,45.5657958984375,1497000,0.0,0.0
2024-01-11 00:00:00-05:00,45.57845267143151,46.19232597910869,45.52782405702239,46.122711181640625,1269750,0.0,0.0
2024-01-12 00:00:00-05:00,46.331565673613646,46.458135426604635,45.99615148269359,46.07842254638672,1605600,0.0,0.0
2024-01-16 00:00:00-05:00,46.274594565415796,46.52141131081978,46.021451506824505,46.388511657714844,1426950,0.0,0.0
2024-01-17 00:00:00-05:00,46.43281755372049,47.17959059797352,46.42648761830514,46.66064453125,1255350,0.0,0.0
2024-01-18 00:00:00-05:00,46.43282031787596,47.10997859784953,46.21764957712348,47.07200622558594,908700,0.0,0.0
2024-01-19 00:00:00-05:00,47.464374718341936,47.79978886048608,47.20490169270005,47.66688919067383,2227050,0.0,0.0
2024-01-22 00:00:00-05:00,47.62891776751138,48.862990810442916,47.55930296360948,48.78071975708008,2706000,0.0,0.0
2024-01-23 00:00:00-05:00,48.774390554841794,49.16675961360857,48.42631655594319,48.59086227416992,2017050,0.0,0.0
2024-01-24 00:00:00-05:00,49.31864896010315,49.53381967263921,49.04018976167885,49.1667594909668,2854050,0.0,0.0
2024-01-25 00:00:00-05:00,52.805699659800915,53.799285842703064,51.32480985647585,52.69811248779297,4434600,0.0,0.0
2024-01-26 00:00:00-05:00,52.609504558862994,52.75506408075572,51.49567510163316,51.5589599609375,2664900,0.0,0.0
2024-01-29 00:00:00-05:00,51.21722136971042,51.3944197063142,50.83117502323703,51.38176345825195,2263200,0.0,0.0
2024-01-30 00:00:00-05:00,51.527321436743826,51.97665266284673,51.42606420568461,51.660221099853516,1390050,0.0,0.0
2024-01-31 00:00:00-05:00,51.824773234031504,52.18549990107327,51.67288736863374,51.818443298339844,3056700,0.0,0.0
2024-02-01 00:00:00-05:00,51.38809738698248,51.451385879160775,50.495768394585944,50.805870056152344,2392800,0.0,0.0
2024-02-02 00:00:00-05:00,51.096981574421406,51.55896544194735,50.88813717102298,51.17925262451172,1678200,0.0,0.0
2024-02-05 00:00:00-05:00,51.25519737115293,51.7108549571076,50.98307170368569,51.50201416015625,1050750,0.0,0.0
2024-02-06 00:00:00-05:00,51.22355200174541,51.46403884142391,50.86282536347204,50.93876647949219,1221150,0.0,0.0
2024-02-07 00:00:00-05:00,51.134949350686796,51.16659178086129,50.74257669828386,50.843833923339844,1406100,0.0,0.0
2024-02-08 00:00:00-05:00,50.68561494834608,50.83117084219972,50.27425613958384,50.55271530151367,1707000,0.0,0.0
2024-02-09 00:00:00-05:00,50.26793953424119,50.95775401690371,50.185668480849635,50.932437896728516,1372200,0.0,0.0
2024-02-12 00:00:00-05:00,51.059009116268015,51.50201042019869,50.85649464832763,51.07799530029297,1006500,0.0,0.0
2024-02-13 00:00:00-05:00,51.60959140127614,51.679202572695495,50.78687375797881,51.22354507446289,1791000,0.0,0.0
2024-02-14 00:00:00-05:00,51.34379018729572,52.12220555867898,51.34379018729572,51.84375,1580400,0.0,0.0
2024-02-15 00:00:00-05:00,51.87539599581442,52.47660945379875,51.818437444757734,52.06525421142578,1490850,0.0,0.0
2024-02-16 00:00:00-05:00,52.19815497518354,52.6474825943897,51.989310571488716,52.280426025390625,1312350,0.0,0.0
2024-02-20 00:00:00-05:00,52.10322597210059,52.552557229086005,51.87539899718093,51.8817253112793,1453050,0.0,0.0
2024-02-21 00:00:00-05:00,52.08423955197353,52.86898127788925,51.91969383644374,52.83100891113281,1876200,0.0,0.0
2024-02-22 00:00:00-05:00,53.008209939582464,54.3941687105324,52.88164021428724,54.24228286743164,2663550,0.0,0.0
2024-02-23 00:00:00-05:00,54.42581474676423,54.63465915282719,53.88155620095971,53.98914337158203,1658400,0.0,0.0
2024-02-26 00:00:00-05:00,54.23595351934691,54.53339889524765,53.75498348828052,53.90053939819336,1996200,0.0,0.0
2024-02-27 00:00:00-05:00,53.900538772325646,53.938511138381706,53.419568746844064,53.717010498046875,1077900,0.0,0.0
2024-02-28 00:00:00-05:00,53.792962707127344,53.995477192582705,53.48286104330708,53.514503479003906,1303650,0.0,0.0
2024-02-29 00:00:00-05:00,53.476526757695204,53.546141559063344,52.28042612792523,52.90695571899414,2872200,0.0,0.0
2024-03-01 00:00:00-05:00,53.07171362321846,53.07171362321846,52.400001525878906,52.400001525878906,1359750,0.073333,0.0
2024-03-04 00:00:00-05:00,52.450695226751705,53.11607265466714,52.450695226751705,52.98299789428711,1552800,0.0,0.0
2024-03-05 00:00:00-05:00,52.900616226232316,53.54698247318328,52.900616226232316,53.26182174682617,1591200,0.0,0.0
2024-03-06 00:00:00-05:00,53.31885308506931,53.838479194963995,52.925963458849566,53.699066162109375,1371000,0.0,0.0
2024-03-07 00:00:00-05:00,53.54698317211626,53.90185404849933,53.33152896232547,53.35054016113281,1301550,0.0,0.0
2024-03-08 00:00:00-05:00,53.26816546096258,53.67372806893013,53.097068282474304,53.483619689941406,1266600,0.0,0.0
2024-03-11 00:00:00-04:00,53.344205890229304,54.225037620330795,53.344205890229304,53.82581329345703,1191750,0.0,0.0
2024-03-12 00:00:00-04:00,53.965227838888815,54.465842830198085,53.756108256536045,54.2630615234375,1883850,0.0,0.0
2024-03-13 00:00:00-04:00,54.421477425675604,54.49751859103099,53.92085888519299,54.17433547973633,1918800,0.0,0.0
2024-03-14 00:00:00-04:00,54.12364227032036,54.2377094618221,53.4139077779368,54.009578704833984,1716000,0.0,0.0
2024-03-15 00:00:00-04:00,53.49628106373957,54.225026670828676,53.325183922195485,54.187007904052734,3788250,0.0,0.0
2024-03-18 00:00:00-04:00,53.86382881415789,54.12364005680596,53.692731659918074,53.85749053955078,1366200,0.0,0.0
2024-03-19 00:00:00-04:00,54.294731563231466,54.69395942360121,54.04759326949007,54.49751281738281,1694550,0.0,0.0
2024-03-20 00:00:00-04:00,54.446817122446625,54.94109733248183,54.377114239583356,54.725643157958984,1393950,0.0,0.0
2024-03-21 00:00:00-04:00,54.592576742374,54.94110571391881,54.0982964569348,54.38345718383789,1347450,0.0,0.0
2024-03-22 00:00:00-04:00,54.979128449790814,55.118541489673696,54.560892956157566,54.643272399902344,1855350,0.0,0.0
2024-03-25 00:00:00-04:00,54.725650187614065,55.10586327231642,54.554553030392654,54.95377731323242,1380450,0.0,0.0
2024-03-26 00:00:00-04:00,54.763676692750586,55.251618728169625,54.630598295803985,54.839717864990234,1833300,0.0,0.0
2024-03-27 00:00:00-04:00,54.99813771898628,55.89798054573077,54.99813771898628,55.87263107299805,1564500,0.0,0.0
2024-03-28 00:00:00-04:00,56.151452965631535,56.51899309779861,55.94867170291659,56.043724060058594,2471550,0.0,0.0
2024-04-01 00:00:00-04:00,55.95501434090602,55.99937138582857,55.35300515401267,55.44172286987305,1722750,0.0,0.0
2024-04-02 00:00:00-04:00,55.46073342314886,55.86629597549197,55.18190735540535,55.29597091674805,1836750,0.0,0.0
2024-04-03 00:00:00-04:00,55.397362856777335,55.51143004681606,54.99813856968777,55.15656280517578,1753050,0.0,0.0
2024-04-04 00:00:00-04:00,55.29597237663349,55.93600396921096,54.82070329480678,54.88407516479492,1251000,0.0,0.0
2024-04-05 00:00:00-04:00,55.18824563004143,55.5304363140695,55.086854991955654,55.29597091674805,1745250,0.0,0.0
2024-04-08 00:00:00-04:00,55.27062315212609,55.58746797864457,54.90307938230893,55.02981948852539,1676550,0.0,0.0
2024-04-09 00:00:00-04:00,55.055170583014394,55.35300786671,52.69783629157747,53.06538009643555,2339550,0.0,0.0
2024-04-10 00:00:00-04:00,52.9259646974977,53.58500385567077,52.9259646974977,53.1857795715332,1708500,0.0,0.0
2024-04-11 00:00:00-04:00,53.24281439958004,53.24281439958004,52.04513781184026,52.08315658569336,1783200,0.0,0.0
2024-04-12 00:00:00-04:00,52.10849942569714,52.39366013637031,51.69659860693858,52.057804107666016,1563600,0.0,0.0
2024-04-15 00:00:00-04:00,52.77388228283185,52.906957053149895,51.88037766354241,51.9627571105957,1702800,0.0,0.0
2024-04-16 00:00:00-04:00,52.2225655548464,52.37465151642453,51.823341265459554,52.038795471191406,1576050,0.0,0.0
2024-04-17 00:00:00-04:00,51.94374644559261,51.94374644559261,50.92983996986488,51.145294189453125,2505750,0.0,0.0
2024-04-18 00:00:00-04:00,51.601551732205394,51.80433302589172,51.07558729845453,51.31639099121094,1655400,0.0,0.0
2024-04-19 00:00:00-04:00,51.671256683099294,52.23524349876132,51.335400628901446,52.21623229980469,2927250,0.0,0.0
2024-04-22 00:00:00-04:00,52.52673650294791,53.12240741457532,52.27959817972684,52.86893081665039,2266050,0.0,0.0
2024-04-23 00:00:00-04:00,52.91329253402725,53.078051419433116,49.44699590958276,50.11237335205078,6044850,0.0,0.0
2024-04-24 00:00:00-04:00,49.23787933513231,49.839888569838145,48.70558024972459,49.33293533325195,4296000,0.0,0.0
2024-04-25 00:00:00-04:00,49.1871863172731,49.744834903659395,49.18085166777855,49.37095642089844,2803200,0.0,0.0
2024-04-26 00:00:00-04:00,48.72458045481214,49.193514847250036,48.217627294891464,48.57249450683594,2152950,0.0,0.0
2024-04-29 00:00:00-04:00,48.61052145041699,49.05410641337215,48.597848526736506,49.03509521484375,1588800,0.0,0.0
2024-04-30 00:00:00-04:00,49.117474317891855,49.117474317891855,48.69923883120725,48.7752799987793,2431650,0.0,0.0
2024-05-01 00:00:00-04:00,48.78161343576674,49.80185801711968,48.711906923896414,49.28856658935547,1841700,0.0,0.0
2024-05-02 00:00:00-04:00,49.60541970753705,50.16306822906964,49.244214191788615,50.06801223754883,2038500,0.0,0.0
2024-05-03 00:00:00-04:00,49.73849512689925,50.049001700596115,49.066779406665596,49.78285217285156,1889850,0.0,0.0
2024-05-06 00:00:00-04:00,50.04266931892241,50.04266931892241,49.42798716650689,49.877906799316406,1519950,0.0,0.0
2024-05-07 00:00:00-04:00,50.12504876196212,50.20108993360759,49.694136702586036,49.776519775390625,1511850,0.0,0.0
2024-05-08 00:00:00-04:00,49.85255869221616,50.22009886157914,49.744829775740804,49.78285217285156,1274250,0.0,0.0
2024-05-09 00:00:00-04:00,49.6244321972251,49.98563409635783,49.61175564734889,49.92860412597656,960450,0.0,0.0
2024-05-10 00:00:00-04:00,50.02999057091952,50.54962032944093,49.93493820402714,50.530609130859375,1133850,0.0,0.0
2024-05-13 00:00:00-04:00,50.47358009399002,50.57497437092155,49.70681193668315,49.81454086303711,1227300,0.0,0.0
2024-05-14 00:00:00-04:00,49.71314909230187,50.06168171323394,49.681464967856336,49.95395278930664,1237800,0.0,0.0
2024-05-15 00:00:00-04:00,49.6307723862547,50.07435740503693,49.554727582570514,49.66245651245117,1918200,0.0,0.0
2024-05-16 00:00:00-04:00,50.56229058234376,50.670019493276946,49.725816019016825,49.80186080932617,1437000,0.0,0.0
2024-05-17 00:00:00-04:00,49.94761128933423,50.27713268912157,49.656115912848385,50.258121490478516,1193400,0.0,0.0
2024-05-20 00:00:00-04:00,50.35951133842217,50.43555613179522,49.7258180223697,49.85255813598633,1038150,0.0,0.0
2024-05-21 00:00:00-04:00,49.896917766183,50.82211012806634,49.896917766183,50.207427978515625,1611900,0.0,0.0
2024-05-22 00:00:00-04:00,50.1884164364478,50.96785747349826,50.1884164364478,50.752403259277344,1418550,0.0,0.0
2024-05-23 00:00:00-04:00,50.60031084808301,50.828437957380416,49.751163397444294,49.966617584228516,1192800,0.0,0.0
2024-05-24 00:00:00-04:00,50.12505102979242,50.27079873054942,49.73216135147114,50.245452880859375,897450,0.0,0.0
2024-05-28 00:00:00-04:00,50.06801082490155,50.32782569304077,49.76383891264767,49.789188385009766,1257000,0.0,0.0
2024-05-29 00:00:00-04:00,49.63076284442305,49.99196834044722,49.364613334728986,49.396297454833984,1939050,0.0,0.0
2024-05-30 00:00:00-04:00,49.30125008362679,50.54328367189847,49.30125008362679,50.37852478027344,1670550,0.0,0.0
2024-05-31 00:00:00-04:00,50.47991708064121,51.43679359048947,50.19475633547274,51.34807586669922,2531250,0.0,0.0
2024-06-03 00:00:00-04:00,51.27836433363391,51.34807085080162,50.41654390703848,50.73972702026367,1370100,0.0,0.0
2024-06-04 00:00:00-04:00,50.59397535964031,51.13261266926699,50.3595099631686,50.910823822021484,2286000,0.0,0.0
2024-06-05 00:00:00-04:00,51.0375638592384,51.08192453258794,50.08069100891294,50.59397888183594,1056750,0.0,0.0
2024-06-06 00:00:00-04:00,50.77774852300989,50.92349983984678,50.346840099528386,50.4482307434082,877500,0.0,0.0
2024-06-07 00:00:00-04:00,50.67002325651325,51.19598767516541,50.53061021460209,50.82210922241211,924000,0.0,0.0
2024-06-10 00:00:00-04:00,50.69536162202213,50.885469957840215,50.270787909968206,50.54961395263672,745050,0.0,0.0
2024-06-11 00:00:00-04:00,50.3658525134012,50.403874912277146,49.662452638258344,49.719486236572266,1288350,0.0,0.0
2024-06-12 00:00:00-04:00,49.542047844559484,49.90959163513085,49.187180603536156,49.53571319580078,1913250,0.0,0.0
2024-06-13 00:00:00-04:00,48.66122142512924,49.738499813339516,48.6422102247826,49.59908676147461,2138250,0.0,0.0
2024-06-14 00:00:00-04:00,49.29490982770644,49.624431223730596,49.09212854585014,49.52303695678711,1601850,0.0,0.0
2024-06-17 00:00:00-04:00,49.6371087924948,50.82211247248978,49.6371087924948,50.517940521240234,1818150,0.0,0.0
2024-06-18 00:00:00-04:00,50.41654540402685,51.05023872599405,50.365850083310086,50.803096771240234,1360200,0.0,0.0
2024-06-20 00:00:00-04:00,50.9678591224642,51.67759728677062,50.777750750346684,51.34807586669922,1550250,0.0,0.0
2024-06-21 00:00:00-04:00,51.47480541247002,51.614218441596286,50.771409244448584,51.00587463378906,2805000,0.0,0.0
2024-06-24 00:00:00-04:00,51.3443413786356,51.880776126794046,51.08251330815209,51.62533187866211,1664550,0.413333,0.0
2024-06-25 00:00:00-04:00,51.65726120254031,51.93186422206364,51.2485504114661,51.6700325012207,1419900,0.0,0.0
2024-06-26 00:00:00-04:00,51.36349826296757,51.36349826296757,50.27147368563822,50.64825439453125,1220700,0.0,0.0
2024-06-27 00:00:00-04:00,50.70573760077664,51.08890218379261,50.51415348218708,50.692962646484375,1322400,0.0,0.0
2024-06-28 00:00:00-04:00,50.58439483561133,50.94201677398103,49.96494117919567,50.18206787109375,3511650,0.0,0.0
2024-07-01 00:00:00-04:00,50.763204085997785,51.16553105137357,50.15652538099465,50.46305847167969,1329150,0.0,0.0
2024-07-02 00:00:00-04:00,50.17568177938576,50.858995551776665,50.17568177938576,50.58439254760742,1694700,0.0,0.0
2024-07-03 00:00:00-04:00,50.20760729109485,50.673794339065495,50.02879451915794,50.558841705322266,842850,0.0,0.0
2024-07-05 00:00:00-04:00,50.30340160769576,50.5141444659452,49.9330083909202,50.22038269042969,2002200,0.0,0.0
2024-07-08 00:00:00-04:00,50.64187414781303,51.08889885652442,50.57801034300036,50.846229553222656,1198200,0.0,0.0
2024-07-09 00:00:00-04:00,50.692957474517506,51.01226552431028,50.27147537995285,50.29063415527344,1018650,0.0,0.0
2024-07-10 00:00:00-04:00,50.47582703340945,50.897309096707595,50.405579413832676,50.85260772705078,1219350,0.0,0.0
2024-07-11 00:00:00-04:00,50.40558055073084,50.76958995470366,49.658406622616276,50.08946990966797,1927900,0.0,1.5
2024-07-12 00:00:00-04:00,50.568431909521635,51.315605890887916,50.08947347958678,51.20065689086914,1721000,0.0,0.0
2024-07-15 00:00:00-04:00,51.3251876618767,52.034044099528884,51.3251876618767,51.74666976928711,1294900,0.0,0.0
2024-07-16 00:00:00-04:00,51.86161517615197,52.56089400446807,51.86161517615197,52.13941192626953,1614600,0.0,0.0
2024-07-17 00:00:00-04:00,52.54173272744418,53.49964948567771,52.474678846700826,53.442176818847656,1561400,0.0,0.0
2024-07-18 00:00:00-04:00,53.4709107464279,54.275560933306664,53.4709107464279,53.84449768066406,1158100,0.0,0.0
2024-07-19 00:00:00-04:00,53.212277472354806,53.40386156305478,49.246502507764376,49.37103271484375,4404800,0.0,0.0
2024-07-22 00:00:00-04:00,49.591352785495324,50.463056920491006,49.34229237311795,49.63924789428711,4162700,0.0,0.0
2024-07-23 00:00:00-04:00,51.24855003507826,51.67961333629931,49.69672580484519,50.01283645629883,4001100,0.0,0.0
2024-07-24 00:00:00-04:00,50.17568256707831,50.73127240604072,49.90746338060027,50.08946990966797,2155300,0.0,0.0
2024-07-25 00:00:00-04:00,50.07989150150557,50.98991323534684,50.003260054048425,50.261898040771484,1552900,0.0,0.0
2024-07-26 00:00:00-04:00,50.424741918681256,51.88077595530176,50.424741918681256,51.79456329345703,1384700,0.0,0.0
2024-07-29 00:00:00-04:00,51.899935458743265,52.177732223491674,51.3730819197064,51.67961502075195,993000,0.0,0.0
2024-07-30 00:00:00-04:00,51.91909448090565,53.31765221783843,51.516767500020855,53.126068115234375,1457700,0.0,0.0
2024-07-31 00:00:00-04:00,53.01111342399056,53.24101505326543,52.465101165395474,52.80995178222656,2589400,0.0,0.0
2024-08-01 00:00:00-04:00,53.04943683452913,53.336811162263,51.631720317434265,52.46510696411133,1371800,0.0,0.0
2024-08-02 00:00:00-04:00,52.39804949729161,52.9823793277993,51.68918946007836,52.85784912109375,1392100,0.0,0.0
2024-08-05 00:00:00-04:00,53.31764740605314,53.45175516952424,51.3922363013449,52.42678451538086,2131400,0.0,0.0
2024-08-06 00:00:00-04:00,52.570472651301856,53.32722411222565,52.48425999699884,52.781211853027344,2059800,0.0,0.0
2024-08-07 00:00:00-04:00,53.05901635393917,54.16062224744036,52.80037835318247,53.62418746948242,2723700,0.0,0.0
2024-08-08 00:00:00-04:00,53.64334712346529,54.553368921570964,53.528398117080656,54.32346725463867,1585100,0.0,0.0
2024-08-09 00:00:00-04:00,54.48630891510163,54.773683225893244,54.112721945656276,54.72578811645508,1322400,0.0,0.0
2024-08-12 00:00:00-04:00,54.92694954757069,55.1472699734298,54.61083524905811,54.75452423095703,1752900,0.0,0.0
2024-08-13 00:00:00-04:00,54.7641041743127,54.95568827379423,53.85408609656026,54.14146041870117,1646400,0.0,0.0
2024-08-14 00:00:00-04:00,54.40009904471302,55.05148279811394,54.16061983108512,54.898216247558594,1221100,0.0,0.0
2024-08-15 00:00:00-04:00,55.19517043547969,55.645392545206896,54.99400876464271,55.156856536865234,1391300,0.0,0.0
2024-08-16 00:00:00-04:00,55.35801574994401,55.48254230969749,54.67789566207389,55.1376953125,1311700,0.0,0.0
2024-08-19 00:00:00-04:00,55.0419010778405,55.463386828619704,54.89821574348077,54.98442840576172,735600,0.0,0.0
2024-08-20 00:00:00-04:00,54.879054582616675,55.185587667588564,54.71620682575889,54.936527252197266,886400,0.0,0.0
2024-08-21 00:00:00-04:00,55.1376986802393,55.281384024307,54.4575748966653,55.19517135620117,887700,0.0,0.0
2024-08-22 00:00:00-04:00,55.18558797797967,55.58791128395716,55.08021654427243,55.540016174316406,632900,0.0,0.0
2024-08-23 00:00:00-04:00,55.54960371106523,55.8848731708715,55.38675593475715,55.76992416381836,919600,0.0,0.0
2024-08-26 00:00:00-04:00,55.91361151155019,56.38299242625214,55.80824006207649,55.8465576171875,771500,0.0,0.0
2024-08-27 00:00:00-04:00,56.0093979676373,56.325508619951584,55.769918761213894,56.239295959472656,965300,0.0,0.0
2024-08-28 00:00:00-04:00,56.306348478430394,56.62246277723555,55.92318394994965,56.258453369140625,1298800,0.0,0.0
2024-08-29 00:00:00-04:00,56.37340538133076,56.890681359353074,55.846551842602615,56.82362747192383,859500,0.0,0.0
2024-08-30 00:00:00-04:00,56.699093901580426,57.23552862342402,56.612881243679894,57.1876335144043,1935900,0.0,0.0
2024-09-03 00:00:00-04:00,57.043948741447686,58.29882115364971,56.6607841868604,57.97312927246094,1379900,0.0,0.0
2024-09-04 00:00:00-04:00,58.049760437759346,58.70114419695061,57.628278333526175,58.03060531616211,1436800,0.0,0.0
2024-09-05 00:00:00-04:00,58.2030242860256,58.2030242860256,56.18182286842484,56.536251068115234,2041200,0.0,0.0
2024-09-06 00:00:00-04:00,56.536256700105255,57.06311027194773,56.210564803194146,56.22014236450195,1362800,0.0,0.0
2024-09-09 00:00:00-04:00,56.584147976942454,57.31216682849876,56.1818246543688,56.881103515625,1734100,0.0,0.0
2024-09-10 00:00:00-04:00,57.034364878153895,57.18763141388503,55.98065424761023,56.0285530090332,1350900,0.0,0.0
2024-09-11 00:00:00-04:00,55.91360430389113,55.99981696469589,54.33304372802069,54.70663070678711,1615400,0.0,0.0
2024-09-12 00:00:00-04:00,54.79284457516016,55.42506955027435,54.57252413806187,55.34843444824219,1213300,0.0,0.0
2024-09-13 00:00:00-04:00,55.41548776214209,55.932763733019385,55.41548776214209,55.88486862182617,1015300,0.0,0.0
2024-09-16 00:00:00-04:00,56.22971948213117,56.88110322848265,56.009399046477405,56.27761459350586,1421300,0.0,0.0
2024-09-17 00:00:00-04:00,56.287189326720714,56.66077994666785,55.568751729700395,55.6837043762207,3442700,0.0,0.0
2024-09-18 00:00:00-04:00,55.92319054155766,56.028561986912734,55.31012430039691,55.37717819213867,1807500,0.0,0.0
2024-09-19 00:00:00-04:00,55.472963658710135,55.57833509501728,54.78326236954537,55.0993766784668,1492600,0.0,0.0
2024-09-20 00:00:00-04:00,54.74495141011529,55.319700079142514,54.61083997679022,55.032325744628906,5837100,0.0,0.0
2024-09-23 00:00:00-04:00,55.263547782404956,55.67783199019211,55.00341558156601,55.34062194824219,1573000,0.33,0.0
2024-09-24 00:00:00-04:00,54.907075601640095,55.186473606036884,54.39644405855493,54.57950210571289,1398900,0.0,0.0
2024-09-25 00:00:00-04:00,54.858895853930754,54.89743477405547,54.12667474792961,54.32899856567383,1735600,0.0,0.0
2024-09-26 00:00:00-04:00,54.16521727388168,54.77218876752097,53.84727667459771,54.637306213378906,1569400,0.0,0.0
2024-09-27 00:00:00-04:00,54.434981517517805,54.87816809559469,54.30009896551822,54.44461441040039,1274600,0.0,0.0
2024-09-30 00:00:00-04:00,54.50242223780069,54.68547660289454,53.7605645340932,54.65657424926758,2287900,0.0,0.0
2024-10-01 00:00:00-04:00,54.473516016441145,55.27317837062487,54.0881341774999,55.167198181152344,2586400,0.0,0.0
2024-10-02 00:00:00-04:00,55.06122560597604,55.6007558087629,54.810726290161696,55.523681640625,2643200,0.0,0.0
2024-10-03 00:00:00-04:00,55.53331018545284,55.64892326624472,54.646937107259085,55.07085418701172,1766000,0.0,0.0
2024-10-04 00:00:00-04:00,55.19610944414129,56.583477580449006,55.05159032201022,56.371517181396484,1434400,0.0,0.0
2024-10-07 00:00:00-04:00,55.83198455393012,56.034308375953515,53.96288731636027,54.41571044921875,2528600,0.0,0.0
2024-10-08 00:00:00-04:00,54.64694147962788,55.62002536509157,54.23265725876319,55.369529724121094,2107100,0.0,0.0
2024-10-09 00:00:00-04:00,55.138300538638454,56.16919281928452,55.138300538638454,55.87052536010742,1442600,0.0,0.0
2024-10-10 00:00:00-04:00,56.84361270618571,56.959225804646955,55.68747069575083,55.976505279541016,1469000,0.0,0.0
2024-10-11 00:00:00-04:00,56.332981473309694,56.7954375149631,56.14029053713563,56.429325103759766,1040500,0.0,0.0
2024-10-14 00:00:00-04:00,56.20773160905262,57.267526241244155,55.957235965629245,57.0941047668457,1629500,0.0,0.0
2024-10-15 00:00:00-04:00,57.132641478961425,57.787788429063106,56.641283104022044,56.76652908325195,1827100,0.0,0.0
2024-10-16 00:00:00-04:00,56.85324059762794,57.37350500784081,56.679822802830785,57.113372802734375,1574200,0.0,0.0
2024-10-17 00:00:00-04:00,58.250248154416965,59.04991427019057,58.038291427866824,58.809051513671875,2536800,0.0,0.0
2024-10-18 00:00:00-04:00,58.98246466605239,59.34857335808134,58.50073922101837,59.020999908447266,7725000,0.0,0.0
2024-10-21 00:00:00-04:00,59.25223490759969,59.69542147362334,58.78977888106104,58.79941177368164,3249600,0.0,0.0
2024-10-22 00:00:00-04:00,58.288788785037475,58.288788785037475,55.83198933163204,56.39078903198242,3651000,0.0,0.0
2024-10-23 00:00:00-04:00,56.37151079000003,57.007388239787915,55.72600044829009,56.96885299682617,2206400,0.0,0.0
2024-10-24 00:00:00-04:00,57.11337454920166,57.8455993730639,57.01703091856007,57.14228057861328,1822100,0.0,0.0
2024-10-25 00:00:00-04:00,57.026662730036946,57.19045130935021,55.81271610071462,56.03430938720703,1826200,0.0,0.0
2024-10-28 00:00:00-04:00,56.42932137626039,56.84360557532277,56.111384476557674,56.275169372558594,1430300,0.0,0.0
2024-10-29 00:00:00-04:00,56.2270010740503,56.58347691577248,55.45624100737778,55.51404571533203,1703300,0.0,0.0
2024-10-30 00:00:00-04:00,55.90905839913448,56.16919060107221,55.70673457827417,55.8994255065918,1165000,0.0,0.0
2024-10-31 00:00:00-04:00,55.62002397783466,55.86088671999155,55.06122432717306,55.08049011230469,2347100,0.0,0.0
2024-11-01 00:00:00-04:00,55.282816785169544,55.77417515472752,55.041954046601695,55.39842987060547,1317200,0.0,0.0
2024-11-04 00:00:00-05:00,55.456239860440306,55.75490731275734,55.147935840147596,55.42733383178711,1351300,0.0,0.0
2024-11-05 00:00:00-05:00,55.44660764776385,56.101754661165735,55.38880293646458,56.08248519897461,994300,0.0,0.0
2024-11-06 00:00:00-05:00,58.91503159471256,58.91503159471256,57.40241378087468,58.452571868896484,1659400,0.0,0.0
2024-11-07 00:00:00-05:00,58.36586425395412,58.36586425395412,57.34460485493585,57.440948486328125,1186100,0.0,0.0
2024-11-08 00:00:00-05:00,57.92267180931455,58.63562715066007,57.29643087833522,58.33695602416992,940200,0.0,0.0
2024-11-11 00:00:00-05:00,58.62599229580868,59.09808490627842,58.17317282178243,58.211708068847656,1437200,0.0,0.0
2024-11-12 00:00:00-05:00,58.45256856050563,58.53927929477911,57.88413601671414,58.192440032958984,1056000,0.0,0.0
2024-11-13 00:00:00-05:00,58.0190148425694,58.336951730994386,57.83595681791622,58.03828430175781,1295300,0.0,0.0
2024-11-14 00:00:00-05:00,57.855230634482275,58.14426519353011,57.248255487790146,57.469852447509766,1763300,0.0,0.0
2024-11-15 00:00:00-05:00,57.4313150507892,58.61635934703492,57.4313150507892,58.520015716552734,2074000,0.0,0.0
2024-11-18 00:00:00-05:00,58.250244283246204,58.80904760536439,58.22134193047242,58.60672378540039,1330300,0.0,0.0
2024-11-19 00:00:00-05:00,58.134635243861744,58.28878726150932,57.36387515562386,57.990116119384766,829800,0.0,0.0
2024-11-20 00:00:00-05:00,58.30805225306104,58.90539081624245,57.77815496272557,58.71269989013672,941400,0.0,0.0
2024-11-21 00:00:00-05:00,59.00173940511661,59.98445616669141,58.67416592616708,59.86884307861328,1830000,0.0,0.0
2024-11-22 00:00:00-05:00,59.782126847852794,60.254219399954984,59.782126847852794,59.99408721923828,1033500,0.0,0.0
2024-11-25 00:00:00-05:00,60.93827350853351,61.14059732902579,60.37947018495627,60.745582580566406,1616600,0.0,0.0
2024-11-26 00:00:00-05:00,60.88046829796491,62.10405152771041,60.658875005608884,61.97880554199219,1150000,0.0,0.0
2024-11-27 00:00:00-05:00,62.171490815163125,63.09640287764414,61.978803558601626,62.56650924682617,1158100,0.0,0.0
2024-11-29 00:00:00-05:00,62.74955752897998,62.99042026571872,62.15222264621823,62.19076156616211,853400,0.0,0.0
2024-12-02 00:00:00-05:00,62.29674168828776,62.39308531276539,61.24657633500363,61.32365417480469,1065500,0.0,0.0
2024-12-03 00:00:00-05:00,61.51634312929232,61.53561258977683,60.745583086280966,61.19840621948242,1081000,0.0,0.0
2024-12-04 00:00:00-05:00,61.024989871716976,61.5163482918493,60.6974163665374,61.33329391479492,795100,0.0,0.0
2024-12-05 00:00:00-05:00,61.36219227113661,61.93062850262862,61.053888248151836,61.285118103027344,791500,0.0,0.0
2024-12-06 00:00:00-05:00,61.130967910782054,61.58378739067521,60.41801253936618,60.64924240112305,1467200,0.0,0.0
2024-12-09 00:00:00-05:00,60.75521951529363,60.87083260266264,59.6954212427108,59.772499084472656,1211700,0.0,0.0
2024-12-10 00:00:00-05:00,59.70506231705125,59.70506231705125,58.17317501150984,59.0499153137207,1215700,0.0,0.0
2024-12-11 00:00:00-05:00,59.001739364355885,59.136621912899486,58.221342751001586,58.645259857177734,2196300,0.0,0.0
2024-12-12 00:00:00-05:00,58.963205746840465,59.31004871730659,58.23098088135105,58.2695198059082,1208400,0.0,0.0
2024-12-13 00:00:00-05:00,58.6163539605688,58.85721668991445,58.414030149984114,58.539276123046875,1372500,0.0,0.0
2024-12-16 00:00:00-05:00,58.58791953014815,58.69492113991946,58.043185748901166,58.082096099853516,1305800,0.58,0.0
2024-12-17 00:00:00-05:00,57.70272795395688,58.01400333208879,57.15799418687843,57.245540618896484,1446100,0.0,0.0
2024-12-18 00:00:00-05:00,57.16772740906321,57.702731768678056,56.27280785474954,56.29226303100586,1754200,0.0,0.0
2024-12-19 00:00:00-05:00,56.38953704860144,56.982906917374265,56.2047147356225,56.447898864746094,1598600,0.0,0.0
2024-12-20 00:00:00-05:00,56.263077867300055,57.537363985510666,55.32925174178603,56.973175048828125,4520900,0.0,0.0
2024-12-23 00:00:00-05:00,56.564625558302865,56.95371790849134,56.224165577356025,56.817535400390625,2017900,0.0,0.0
2024-12-24 00:00:00-05:00,56.72026736274461,57.15799582468232,56.65217610374562,57.10935974121094,544200,0.0,0.0
2024-12-26 00:00:00-05:00,57.070453036154895,57.69300756072506,56.96345512996033,57.60546112060547,808700,0.0,0.0
2024-12-27 00:00:00-05:00,57.167726122432626,57.80000263840348,57.06072451077877,57.362274169921875,824500,0.0,0.0
2024-12-30 00:00:00-05:00,56.905086297747026,57.20663595414951,56.43817321443357,56.92454147338867,794700,0.0,0.0
2024-12-31 00:00:00-05:00,57.17745133533938,57.17745133533938,56.61326608451303,56.92454147338867,831200,0.0,0.0
2025-01-02 00:00:00-05:00,57.35254046792708,57.35254046792708,56.29225758407257,56.42844009399414,1384900,0.0,0.0
2025-01-03 00:00:00-05:00,56.51599132936693,56.51599132936693,55.873985363216335,56.35062789916992,1616000,0.0,0.0
2025-01-06 00:00:00-05:00,56.27280206481703,56.58407743150007,55.49461364810944,55.65998077392578,1958200,0.0,0.0
2025-01-07 00:00:00-05:00,55.71834693587911,56.59381129220634,55.59189385939491,55.932350158691406,1437900,0.0,0.0
2025-01-08 00:00:00-05:00,55.922619538798855,56.58407690381041,55.48488739889081,56.50625991821289,1225000,0.0,0.0
2025-01-10 00:00:00-05:00,55.543251914216825,55.90316708604773,54.44406235578955,55.15415954589844,2092700,0.0,0.0
2025-01-13 00:00:00-05:00,54.98878928590032,55.95179998580211,54.98878928590032,55.737796783447266,1835300,0.0,0.0
2025-01-14 00:00:00-05:00,55.65998207812659,57.021810911600895,55.44597886700692,56.99263000488281,1368000,0.0,0.0
2025-01-15 00:00:00-05:00,57.64436693655527,58.34473844746531,57.54709476479354,58.30582809448242,1801600,0.0,0.0
2025-01-16 00:00:00-05:00,58.27664411660727,58.889469156386,58.11128069118024,58.72410202026367,1961300,0.0,0.0
2025-01-17 00:00:00-05:00,58.860285127383825,58.88946974622438,57.86809714349327,57.87782287597656,7137100,0.0,0.0
2025-01-21 00:00:00-05:00,57.99454419900444,58.36418507681888,57.459539911272586,57.57626724243164,2305700,0.0,0.0
2025-01-22 00:00:00-05:00,57.916732702099765,58.13073221104962,57.33308856962078,57.44009017944336,2248900,0.0,0.0
2025-01-23 00:00:00-05:00,56.87590278538727,57.18717816001017,55.3195222015776,55.37788772583008,2637100,0.0,0.0
2025-01-24 00:00:00-05:00,55.32925056296988,55.98098220625719,55.309795388599284,55.95180130004883,2186100,0.0,0.0
2025-01-27 00:00:00-05:00,56.632721011766,57.8778225618076,56.1755336629309,57.586002349853516,2618300,0.0,0.0
2025-01-28 00:00:00-05:00,59.06456452062195,59.44393118152115,57.352546114133965,57.72218704223633,2974700,0.0,0.0
2025-01-29 00:00:00-05:00,57.42063556990136,57.6443645241467,56.69108318013356,57.07044982910156,2155800,0.0,0.0
2025-01-30 00:00:00-05:00,57.23581368649158,57.907000510757996,57.070446558060794,57.673545837402344,1756900,0.0,0.0
2025-01-31 00:00:00-05:00,57.42063380694788,57.848640237315834,56.710536614659055,57.22608947753906,2496900,0.0,0.0
2025-02-03 00:00:00-05:00,56.973173646608814,58.305821545680544,56.486805421037154,57.897274017333984,1990500,0.0,0.0
2025-02-04 00:00:00-05:00,58.101548441367875,58.75328380059712,57.97509166228845,58.64628219604492,1712400,0.0,0.0
2025-02-05 00:00:00-05:00,59.06456407200328,59.22992750316161,58.51010453940879,59.191017150878906,1330800,0.0,0.0
2025-02-06 00:00:00-05:00,59.6871094868763,59.94974877507292,59.33692376928081,59.803836822509766,1462200,0.0,0.0
2025-02-07 00:00:00-05:00,59.74546901584173,59.87192578918354,59.33692150139195,59.83301544189453,1343300,0.0,0.0
2025-02-10 00:00:00-05:00,59.65792857218796,59.80383681403534,58.87973643955487,59.16183090209961,1455800,0.0,0.0
2025-02-11 00:00:00-05:00,59.28828714087971,59.745470747343056,58.792189475304625,59.531471252441406,1406900,0.0,0.0
2025-02-12 00:00:00-05:00,59.13265097399842,59.47310725463566,58.83110133208033,59.084014892578125,1454000,0.0,0.0
2025-02-13 00:00:00-05:00,59.113196658379145,59.93029545447851,59.035375958419586,59.813568115234375,1201800,0.0,0.0
2025-02-14 00:00:00-05:00,59.648206545074295,59.86220977922265,58.66574423599383,58.70465087890625,1432700,0.0,0.0
2025-02-18 00:00:00-05:00,58.85055716583431,59.03537576157922,58.51982661349933,58.86028289794922,1224500,0.0,0.0
2025-02-19 00:00:00-05:00,58.753283588987095,59.38556006071673,58.67546289115846,59.14237594604492,1235700,0.0,0.0
2025-02-20 00:00:00-05:00,58.73382927960199,58.918647873624465,57.926456225866396,58.7532844543457,1116100,0.0,0.0
2025-02-21 00:00:00-05:00,58.65600771563966,59.48283593192591,58.55873555405074,59.307743072509766,1639800,0.0,0.0
2025-02-24 00:00:00-05:00,59.4536548545043,60.96139571306752,59.4536548545043,60.61121368408203,2573800,0.0,0.0
2025-02-25 00:00:00-05:00,61.06839327073693,61.27267074579054,60.513933789938015,61.107303619384766,1527600,0.0,0.0
2025-02-26 00:00:00-05:00,60.85439697321358,61.107306831327904,59.619021168923574,59.71629333496094,2213800,0.0,0.0
2025-02-27 00:00:00-05:00,59.92056816572707,60.98085112127348,59.79411508978972,60.4263916015625,1549900,0.0,0.0
2025-02-28 00:00:00-05:00,60.92248589631602,61.457490210404465,60.36802640762679,61.3602180480957,1680000,0.0,0.0
2025-03-03 00:00:00-05:00,61.389431870913704,62.217310002123114,61.379693789199074,62.07121276855469,1404900,0.08,0.0
2025-03-04 00:00:00-05:00,62.12965332820916,62.31470660679269,60.532340393972625,60.61025619506836,1273300,0.0,0.0
2025-03-05 00:00:00-05:00,60.54208206485254,61.292040736318704,60.47390434157446,60.90245056152344,1139400,0.0,0.0
2025-03-06 00:00:00-05:00,60.65895250774899,60.717392143654536,60.02587317143694,60.551815032958984,1204100,0.0,0.0
2025-03-07 00:00:00-05:00,60.33754780864576,61.36995543707245,60.14275272475539,60.931671142578125,1387100,0.0,0.0
2025-03-10 00:00:00-04:00,60.62973574435615,62.28548830696214,60.62973574435615,61.32125473022461,1407200,0.0,0.0
2025-03-11 00:00:00-04:00,61.36995577618157,61.51605301875842,60.29858838197536,60.347286224365234,2386300,0.0,0.0
2025-03-12 00:00:00-04:00,60.142751164040476,60.327804445460195,59.100601764989264,59.94795608520508,1368200,0.0,0.0
2025-03-13 00:00:00-04:00,60.17197069390799,61.06802659374445,59.957699445470276,60.25962829589844,1558000,0.0,0.0
2025-03-14 00:00:00-04:00,60.47390514739008,61.691369815588935,60.35702957955703,61.584232330322266,1277200,0.0,0.0
2025-03-17 00:00:00-04:00,61.360214387408924,62.64585667734112,61.33099642663088,62.412105560302734,1805600,0.0,0.0
2025-03-18 00:00:00-04:00,62.32445273535545,62.587425548717306,61.53553429526988,61.74980926513672,1326300,0.0,0.0
2025-03-19 00:00:00-04:00,61.74980430961383,62.314705936554894,61.506311396272146,62.03225326538086,1676300,0.0,0.0
2025-03-20 00:00:00-04:00,61.856940710502,62.33418847579899,61.63292766651596,61.93486022949219,1110300,0.0,0.0
2025-03-21 00:00:00-04:00,61.769278912747104,62.30496628089222,61.38943057199468,61.59396743774414,4177600,0.0,0.0
2025-03-24 00:00:00-04:00,62.11991276316165,62.50950292258942,61.7498061986531,62.431583404541016,1173200,0.0,0.0
2025-03-25 00:00:00-04:00,62.82117513523168,63.15232194899856,62.129656114588094,62.743255615234375,1385500,0.0,0.0
2025-03-26 00:00:00-04:00,63.07440982079171,63.75618704331021,62.86987665403616,63.54191207885742,1339900,0.0,0.0
2025-03-27 00:00:00-04:00,63.94124062049126,64.80807479875351,63.37633527734098,64.55484008789062,1639300,0.0,0.0
2025-03-28 00:00:00-04:00,68.98641267282305,74.39195078720391,68.81109748133528,69.41495513916016,8170400,0.0,0.0
2025-03-31 00:00:00-04:00,69.50262218123333,70.2136173719719,68.63578794929401,69.30783081054688,3895800,0.0,0.0
2025-04-01 00:00:00-04:00,68.9669305382038,69.66819131899346,68.11957995376129,68.4215087890625,3055800,0.0,0.0
2025-04-02 00:00:00-04:00,68.17801745561717,68.5189060567324,67.35014301553322,67.93452453613281,2246100,0.0,0.0
2025-04-03 00:00:00-04:00,67.06769974429083,69.04486133889432,67.06769974429083,68.46047973632812,2311100,0.0,0.0
2025-04-04 00:00:00-04:00,66.84366523647621,67.85659654676671,63.541902254950905,63.726959228515625,2853200,0.0,0.0
2025-04-07 00:00:00-04:00,62.86987194922229,64.07759469479662,60.99984447986535,62.606895446777344,3219200,0.0,0.0
2025-04-08 00:00:00-04:00,64.34056806187962,65.23662767243145,62.7237789054676,63.61983108520508,2684400,0.0,0.0
2025-04-09 00:00:00-04:00,61.99330120669201,65.48012173320602,61.99330120669201,65.18792724609375,3277900,0.0,0.0
2025-04-10 00:00:00-04:00,64.7204106429434,66.09371418260876,63.580865640336214,65.36323547363281,2503800,0.0,0.0
2025-04-11 00:00:00-04:00,65.14897187707308,66.97030178376727,64.36005711183408,66.66836547851562,2575000,0.0,0.0
2025-04-14 00:00:00-04:00,67.07743393791978,67.99296228683993,66.77549765668843,67.53519439697266,1716600,0.0,0.0
2025-04-15 00:00:00-04:00,67.65207108264362,67.84686987448751,66.47356625754095,66.58070373535156,1388300,0.0,0.0
2025-04-16 00:00:00-04:00,67.42806971005187,68.0124512928517,66.31773504267274,66.66836547851562,1484200,0.0,0.0
2025-04-17 00:00:00-04:00,66.86315721762325,67.63259573536398,66.35668778352886,67.0092544555664,2145100,0.0,0.0
2025-04-21 00:00:00-04:00,67.10665768795522,67.25275494233694,64.85677780443292,65.57752227783203,1834800,0.0,0.0
2025-04-22 00:00:00-04:00,65.840482031168,69.23964100786974,64.47692023547468,69.00588989257812,2648000,0.0,0.0
2025-04-23 00:00:00-04:00,69.1519910589148,69.47340350497845,67.81764714789607,69.3857421875,2497800,0.0,0.0
2025-04-24 00:00:00-04:00,69.1714665697172,70.12596210120863,68.2072366714536,69.8824691772461,1819900,0.0,0.0
2025-04-25 00:00:00-04:00,69.49287362526613,69.62922905764896,68.17801342396666,68.64552307128906,1814700,0.0,0.0
2025-04-28 00:00:00-04:00,68.84031771198063,69.27860198974889,68.42150959799169,68.85005950927734,1592600,0.0,0.0
2025-04-29 00:00:00-04:00,68.75265506103997,69.53183535171469,68.43125006463957,69.42469787597656,1626400,0.0,0.0
2025-04-30 00:00:00-04:00,69.64872043604186,70.02856881596645,68.10984332050324,69.82403564453125,2105600,0.0,0.0
2025-05-01 00:00:00-04:00,69.18121140782378,69.96039177107465,68.33386075091421,69.32730865478516,1581600,0.0,0.0
2025-05-02 00:00:00-04:00,70.03830793203176,71.00253782639456,69.80454937578709,70.72008514404297,1706300,0.0,0.0
2025-05-05 00:00:00-04:00,70.53502510156456,70.90513908424332,69.65844913050168,70.60320281982422,995200,0.0,0.0
2025-05-06 00:00:00-04:00,70.30127390834892,71.1973260418589,70.30127390834892,70.76878356933594,1471500,0.0,0.0
2025-05-07 00:00:00-04:00,70.72008853920781,71.50900326966885,70.44737764131088,71.1778564453125,2212400,0.0,0.0
2025-05-08 00:00:00-04:00,71.02201610329584,71.48952579887742,70.77852317307543,70.82722473144531,1430900,0.0,0.0
2025-05-09 00:00:00-04:00,70.71034029577713,71.03175272363585,70.39866966504522,70.60320281982422,1105900,0.0,0.0
2025-05-12 00:00:00-04:00,70.87591858641767,70.87591858641767,68.46047288917687,70.32075500488281,1517400,0.0,0.0
2025-05-13 00:00:00-04:00,70.55450578229673,70.83695844079844,69.7753255222359,69.81428527832031,1342000,0.0,0.0
2025-05-14 00:00:00-04:00,69.96037738230855,69.96037738230855,68.67473524893317,69.17145538330078,1208600,0.0,0.0
2025-05-15 00:00:00-04:00,69.68768526186652,70.80774688720703,69.39549074954239,70.80774688720703,1237900,0.0,0.0
2025-05-16 00:00:00-04:00,70.9148670645401,71.39211848019438,70.58372030018894,71.37263488769531,1299000,0.0,0.0
2025-05-19 00:00:00-04:00,71.75249284776179,72.04468732801946,71.31420855818958,71.89859008789062,1000100,0.0,0.0
2025-05-20 00:00:00-04:00,71.62587831974852,71.92780716302879,71.3726436020347,71.6356201171875,746900,0.0,0.0
2025-05-21 00:00:00-04:00,71.38238482535948,71.84988706727121,70.99279466989027,71.29472351074219,1258000,0.0,0.0
2025-05-22 00:00:00-04:00,70.88565963772868,71.17785412211816,69.80455044862775,70.31101989746094,1248500,0.0,0.0
2025-05-23 00:00:00-04:00,70.12596518415467,71.34342985749068,70.10648901893973,71.1778564453125,1261400,0.0,0.0
2025-05-27 00:00:00-04:00,71.38238923262517,72.27844144395819,71.05123497924538,72.2686996459961,1299100,0.0,0.0
2025-05-28 00:00:00-04:00,71.97650857263045,72.44401081734885,71.24602981329554,71.38238525390625,1078400,0.0,0.0
2025-05-29 00:00:00-04:00,71.23628616802974,72.06416058763834,71.09993073095605,72.03494262695312,1324400,0.0,0.0
2025-05-30 00:00:00-04:00,71.73301732984784,72.97969991932781,71.40186308718413,72.7459487915039,4276300,0.0,0.0
2025-06-02 00:00:00-04:00,72.21025795442543,73.22318936798507,71.957023243332,73.21344757080078,1181100,0.0,0.0
2025-06-03 00:00:00-04:00,72.86282682116607,73.47643380112757,71.39213477674613,72.81413269042969,1396000,0.0,0.0
2025-06-04 00:00:00-04:00,72.81412240804887,72.81412240804887,71.72327148835029,72.11286163330078,1129700,0.0,0.0
2025-06-05 00:00:00-04:00,72.16155603445647,72.28817710476997,71.39212496951035,71.9472885131836,1063600,0.0,0.0
2025-06-06 00:00:00-04:00,72.51218680983678,72.68750200513233,71.77197370153472,72.28817749023438,916000,0.0,0.0
2025-06-09 00:00:00-04:00,71.99598177763988,72.31739420193269,69.50261675944715,70.84669494628906,1289000,0.0,0.0
2025-06-10 00:00:00-04:00,70.6032029896252,70.73955842647247,69.61949697105757,69.93116760253906,1139400,0.0,0.0
2025-06-11 00:00:00-04:00,69.94090820656211,70.64216904764096,69.23964736548325,70.50581359863281,1520300,0.0,0.0
2025-06-12 00:00:00-04:00,70.63242134041371,71.92780542843212,70.55450925522348,71.86936950683594,1584000,0.0,0.0
2025-06-13 00:00:00-04:00,71.77197541171438,72.09338041840296,71.18758645959508,71.38238525390625,1619900,0.0,0.0
2025-06-16 00:00:00-04:00,71.50899918019124,72.13234046282628,71.08045669263853,71.21681213378906,1312500,0.0,0.0
2025-06-17 00:00:00-04:00,71.0804591701085,71.26550874336874,70.54477175347876,70.9927978515625,1329800,0.0,0.0
2025-06-18 00:00:00-04:00,70.9635701448151,71.61612932214913,70.65189953543067,70.88565063476562,1457700,0.0,0.0
2025-06-20 00:00:00-04:00,71.04149910885904,71.92780950347561,70.82722414311463,71.83041381835938,3887100,0.0,0.0
2025-06-23 00:00:00-04:00,71.97768447204406,72.58641948161235,71.55549885862771,72.57659912109375,2290900,0.59,0.0
2025-06-24 00:00:00-04:00,72.51768929558231,72.74350514409521,71.76167886875912,71.93840789794922,1642700,0.0,0.0
2025-06-25 00:00:00-04:00,71.61441384665368,71.70277461948969,70.25948873724575,70.49513244628906,1792900,0.0,0.0
2025-06-26 00:00:00-04:00,70.73076332370749,71.15294890710543,70.3478516888512,71.02530670166016,1520600,0.0,0.0
2025-06-27 00:00:00-04:00,70.47549327732081,71.31004416569351,70.20058310145596,70.97622680664062,2406700,0.0,0.0
2025-06-30 00:00:00-04:00,70.92713121501885,72.23296201757957,70.54421954971764,72.13478088378906,1537800,0.0,0.0
2025-07-01 00:00:00-04:00,72.07587325228286,72.2427819277601,70.57367270076672,71.5358657836914,2099800,0.0,0.0
2025-07-02 00:00:00-04:00,70.88786207253911,71.1235057985113,68.256567058443,69.47403717041016,3455400,0.0,0.0
2025-07-03 00:00:00-04:00,69.9551215447214,70.40676072878799,69.55256917957554,70.19075775146484,1422300,0.0,0.0
2025-07-07 00:00:00-04:00,70.07293781478538,70.65221167081644,69.03219696060613,69.46420288085938,2425700,0.0,0.0
2025-07-08 00:00:00-04:00,69.02239031907685,69.55256991718724,68.77693374965017,69.09111785888672,1874400,0.0,0.0
2025-07-09 00:00:00-04:00,68.95366364315663,69.23838667540751,68.32528792607087,68.48238372802734,2085900,0.0,0.0
2025-07-10 00:00:00-04:00,68.3351064812276,68.35474720132339,67.02927575223494,67.8932876586914,3123100,0.0,0.0
2025-07-11 00:00:00-04:00,67.6281967163086,67.99147516475804,67.28455898979729,67.6281967163086,2236100,0.0,0.0
2025-07-14 00:00:00-04:00,67.628194984305,68.59038808463485,67.37292553157172,68.18783569335938,1777200,0.0,0.0
2025-07-15 00:00:00-04:00,67.7656420351507,68.10928720284922,66.45981886270663,66.54817962646484,1985400,0.0,0.0
2025-07-16 00:00:00-04:00,67.10783254405919,67.53001819318625,66.2340076524982,66.7347412109375,2236800,0.0,0.0
2025-07-17 00:00:00-04:00,66.7641880931944,67.13727938881344,66.3420024865049,66.8918228149414,2827400,0.0,0.0
2025-07-18 00:00:00-04:00,67.0881992875683,67.98165741076016,66.90164987570522,67.50056457519531,3744200,0.0,0.0
2025-07-21 00:00:00-04:00,67.59873842525646,67.74601386659273,66.56782531738281,66.56782531738281,3349300,0.0,0.0
2025-07-22 00:00:00-04:00,66.52854927659608,67.95219435305432,65.4681751211809,67.29437255859375,3443800,0.0,0.0
2025-07-23 00:00:00-04:00,67.38273963370541,67.7361977185968,66.49910191221753,67.30419921875,2780900,0.0,0.0
2025-07-24 00:00:00-04:00,67.02927527437002,67.56928271205548,66.75436512090828,67.29437255859375,2322900,0.0,0.0
2025-07-25 00:00:00-04:00,67.21582408264044,67.91291982028227,67.17655013380627,67.73619079589844,1370200,0.0,0.0
2025-07-28 00:00:00-04:00,67.5692879676182,67.61838228058632,66.57764127343783,66.76419067382812,2013400,0.0,0.0
2025-07-29 00:00:00-04:00,67.22564789339411,67.63801314121085,66.66600720257419,67.38273620605469,1916500,0.0,0.0
2025-07-30 00:00:00-04:00,67.57911352749247,68.15838751323173,67.36311051899952,67.65766143798828,1908300,0.0,0.0
2025-07-31 00:00:00-04:00,67.72637966047962,68.58056372458465,67.48092309203749,67.55946350097656,2315300,0.0,0.0
2025-08-01 00:00:00-04:00,67.90310956668849,68.16819936810532,67.24528026180208,67.99147033691406,2237000,0.0,0.0
2025-08-04 00:00:00-04:00,68.17801933693315,69.32675428771081,67.9914699465412,69.1991195678711,1884400,0.0,0.0
2025-08-05 00:00:00-04:00,69.43475977162346,69.6802163559458,68.70821037943665,68.78675079345703,1686200,0.0,0.0
2025-08-06 00:00:00-04:00,68.96348151750881,69.63112374279537,68.66893810357516,69.26785278320312,1714000,0.0,0.0
2025-08-07 00:00:00-04:00,69.09111523779768,69.4151122041871,68.37437878633679,68.8358383178711,1686100,0.0,0.0
2025-08-08 00:00:00-04:00,69.18930145565811,69.73912179374253,69.14020714372616,69.34638977050781,1283000,0.0,0.0
2025-08-11 00:00:00-04:00,69.39547655281163,69.59183879775291,68.48237788142966,68.68856048583984,2170200,0.0,0.0
2025-08-12 00:00:00-04:00,68.86529799492052,69.03220667277742,68.30565728801061,68.73766326904297,2111600,0.0,0.0
2025-08-13 00:00:00-04:00,69.06165989691954,70.14167484375866,68.91439194120545,70.05330657958984,1803700,0.0,0.0
2025-08-14 00:00:00-04:00,70.32821087457279,70.4558530798463,69.67038909154996,70.25948333740234,1311400,0.0,0.0
2025-08-15 00:00:00-04:00,70.60313481693642,70.60313481693642,69.27766328201527,69.50348663330078,3939300,0.0,0.0
2025-08-18 00:00:00-04:00,69.17948367653155,69.38566631100683,68.91439385813206,69.21875762939453,1977600,0.0,0.0
2025-08-19 00:00:00-04:00,69.22857027984561,70.37730518286871,69.18929633135683,70.25948333740234,1449900,0.0,0.0
2025-08-20 00:00:00-04:00,70.65222017710367,71.64386684492163,70.485311502634,71.31986236572266,1282000,0.0,0.0
2025-08-21 00:00:00-04:00,71.28059099991928,71.59477513003321,71.0547751358558,71.19223022460938,1309600,0.0,0.0
2025-08-22 00:00:00-04:00,71.65368696519282,71.76168096715685,70.65221994025151,70.82894897460938,1423600,0.0,0.0
2025-08-25 00:00:00-04:00,70.56385232003926,70.75039420600025,69.79802158498754,69.83729553222656,1283500,0.0,0.0
2025-08-26 00:00:00-04:00,69.80784536332006,70.03366869831926,69.53293520992267,69.75875854492188,1854500,0.0,0.0
2025-08-27 00:00:00-04:00,69.9158534538687,70.67186393785101,69.6998504584452,70.36749267578125,1133300,0.0,0.0
2025-08-28 00:00:00-04:00,70.03367313450354,70.2300354020143,69.62130787828677,69.94530487060547,1260600,0.0,0.0
2025-08-29 00:00:00-04:00,70.1024002078024,70.55403941264524,69.92567117192998,70.38713073730469,1383900,0.0,0.0
2025-09-02 00:00:00-04:00,70.46566962819388,70.9074959537074,69.92566966244198,70.67185974121094,1521700,0.0,0.0
2025-09-03 00:00:00-04:00,70.34785230569426,71.0645812733295,70.10239574321155,70.96640014648438,1320400,0.0,0.0
2025-09-04 00:00:00-04:00,71.4867708460941,72.01695794950554,71.20204031885054,71.59477233886719,1606100,0.0,0.0
2025-09-05 00:00:00-04:00,71.50640556026924,71.69294744878343,70.34785031844906,70.65221405029297,1242700,0.0,0.0
2025-09-08 00:00:00-04:00,70.54421971255807,71.2609562232899,69.79802961069515,71.09404754638672,1507300,0.0,0.0
2025-09-09 00:00:00-04:00,70.95657978657792,71.38858573358424,70.72094358400166,70.96640014648438,1445800,0.0,0.0
2025-09-10 00:00:00-04:00,70.6620465846912,70.94677713707449,70.24968129809785,70.83877563476562,1525400,0.0,0.0
2025-09-11 00:00:00-04:00,70.8976733900719,72.53732144775152,70.68167041418789,72.43914031982422,1644400,0.0,0.0
2025-09-12 00:00:00-04:00,72.232967473878,72.89078935977899,71.89915009562648,72.47842407226562,1496600,0.0,0.0
2025-09-15 00:00:00-04:00,72.33114468041143,72.69442312293019,71.4082330143824,71.4671401977539,1561300,0.0,0.0
2025-09-16 00:00:00-04:00,71.24131354215959,71.24131354215959,69.15002623123938,70.12203216552734,3552400,0.0,0.0
2025-09-17 00:00:00-04:00,70.29876638229942,71.98750893213595,70.12203733660164,71.78132629394531,1815800,0.0,0.0
2025-09-18 00:00:00-04:00,71.38858798350715,71.96786938440803,70.77985299269845,71.77149963378906,2548200,0.0,0.0
2025-09-19 00:00:00-04:00,71.97768836017858,72.32133358023022,71.66350422327419,72.05623626708984,3377300,0.0,0.0
2025-09-22 00:00:00-04:00,72.05623357832897,72.43961537840981,71.48607333720558,72.16436767578125,2017800,0.09,0.0
2025-09-23 00:00:00-04:00,71.95792855527911,72.99011499969437,71.82030469601546,72.8819808959961,1419400,0.0,0.0
2025-09-24 00:00:00-04:00,72.63621621759386,73.55043605528735,72.27249176606001,73.54060363769531,1788500,0.0,0.0
2025-09-25 00:00:00-04:00,73.72738962958961,74.06161686260688,72.93113622157017,73.29485321044922,2345900,0.0,0.0
2025-09-26 00:00:00-04:00,74.02230023809997,74.8775331353134,73.65857575886469,74.59245300292969,1582100,0.0,0.0
2025-09-29 00:00:00-04:00,74.63177796361204,74.75957690700317,74.08128251496713,74.7300796508789,1756700,0.0,0.0
2025-09-30 00:00:00-04:00,74.81855218608155,75.6639601486312,74.54330447733284,75.31990051269531,1879000,0.0,0.0
2025-10-01 00:00:00-04:00,75.07414176316357,75.10363151736888,73.8650093411835,74.13043212890625,2871400,0.0,0.0
2025-10-02 00:00:00-04:00,73.68805967447551,75.06430563556559,73.47179148774087,74.88735961914062,2032000,0.0,0.0
2025-10-03 00:00:00-04:00,74.94634186758456,75.99818558706892,74.47449080647353,75.55582427978516,2113300,0.0,0.0
2025-10-06 00:00:00-04:00,75.68361489590544,76.26360754801692,75.3690450252485,75.67378997802734,1816600,0.0,0.0
2025-10-07 00:00:00-04:00,75.929372773282,76.62732443879985,75.89988301979969,76.45037841796875,1668400,0.0,0.0
2025-10-08 00:00:00-04:00,77.05986607378091,77.05986607378091,76.22429050178596,76.51919555664062,1399100,0.0,0.0
2025-10-09 00:00:00-04:00,76.71580876797333,77.06970084455054,75.88023317047524,76.20462799072266,1597500,0.0,0.0
2025-10-10 00:00:00-04:00,76.65682264131745,77.09918394890347,76.14564190817093,76.3324203491211,1775300,0.0,0.0
2025-10-13 00:00:00-04:00,76.03750917082198,76.67648134871546,75.3297250660746,76.13581085205078,1475100,0.0,0.0
2025-10-14 00:00:00-04:00,76.48970517133351,77.14834220495514,75.95886707704065,77.12867736816406,1667300,0.0,0.0
2025-10-15 00:00:00-04:00,76.69613485009671,76.69613485009671,74.18940835438256,75.09379577636719,2976200,0.0,0.0
2025-10-16 00:00:00-04:00,74.42533449139546,74.5727907570507,72.16436591778506,72.4002914428711,3186200,0.0,0.0
2025-10-17 00:00:00-04:00,72.44944329455024,73.03926839594837,72.1643706621289,72.79351043701172,3911100,0.0,0.0
2025-10-20 00:00:00-04:00,73.03926293004982,73.25552361778252,72.11521067361946,72.2331771850586,3011400,0.0,0.0
2025-10-21 00:00:00-04:00,70.27694268761513,74.11076828428234,69.91322571430045,73.72738647460938,5517700,0.0,0.0
2025-10-22 00:00:00-04:00,73.56027646938732,74.26806061421195,72.57724460156156,73.7470474243164,5630400,0.0,0.0
2025-10-23 00:00:00-04:00,74.17957843684032,74.17957843684032,73.09824496107223,73.96331024169922,4568600,0.0,0.0
2025-10-24 00:00:00-04:00,73.94365252475713,74.23855756211763,73.34400253220554,73.75687408447266,3852100,0.0,0.0
2025-10-27 00:00:00-04:00,73.65857651167579,74.24839411921536,73.42265096864753,73.98297882080078,2289900,0.0,0.0
2025-10-28 00:00:00-04:00,73.78637003677551,73.78637003677551,71.1223545591554,71.37794494628906,3053600,0.0,0.0
2025-10-29 00:00:00-04:00,70.96506492094335,70.9748898385563,69.56915412638291,70.18846893310547,4271800,0.0,0.0
2025-10-30 00:00:00-04:00,70.50304160432016,70.91591315862713,69.79525751125827,70.32609558105469,7972100,0.0,0.0
2025-10-31 00:00:00-04:00,69.61831284014337,70.44406346473274,69.51017874049552,70.12948608398438,3013800,0.0,0.0
2025-11-03 00:00:00-05:00,70.09999321561594,70.61117393668735,69.10713652649835,70.56201934814453,5321400,0.0,0.0
2025-11-04 00:00:00-05:00,70.89625869402325,72.79351043701172,70.88642627568322,72.79351043701172,3244300,0.0,0.0
2025-11-05 00:00:00-05:00,72.79350370961468,73.79619278943757,72.72469178746935,73.45213317871094,2420000,0.0,0.0
2025-11-06 00:00:00-05:00,73.63891645731015,74.41550498695129,73.28502440585817,73.31451416015625,2309800,0.0,0.0
2025-11-07 00:00:00-05:00,72.95079256007878,74.34669598463623,72.90164546762799,73.6978988647461,2048100,0.0,0.0
2025-11-10 00:00:00-05:00,73.32434130420975,74.58262835864667,73.05892600753229,74.55313110351562,2866700,0.0,0.0
2025-11-11 00:00:00-05:00,74.93652248232942,75.33956164762164,74.30737518783438,75.05448150634766,1298000,0.0,0.0
2025-11-12 00:00:00-05:00,74.94634148912155,75.57548123405084,74.94634148912155,75.3493881225586,1884200,0.0,0.0
2025-11-13 00:00:00-05:00,75.39853865155293,76.08666543516703,75.36904889652932,75.65412902832031,2262800,0.0,0.0
2025-11-14 00:00:00-05:00,75.89005429380538,76.57818107492919,75.08396849301403,75.69345092773438,3179100,0.0,0.0
2025-11-17 00:00:00-05:00,76.02767357194118,76.50936453970354,75.57547985725716,75.791748046875,1826700,0.0,0.0
2025-11-18 00:00:00-05:00,75.65412895131796,76.6863153757197,75.55582726802676,76.18496704101562,2174800,0.0,0.0
2025-11-19 00:00:00-05:00,76.02767468252996,76.78461335724953,74.99549580782693,75.38871002197266,2249800,0.0,0.0
2025-11-20 00:00:00-05:00,75.75242452315553,76.31275232264139,75.34938540419618,75.98835754394531,1847500,0.0,0.0
2025-11-21 00:00:00-05:00,76.27343196725217,77.62018820153934,76.10631836516947,76.7747802734375,2008700,0.0,0.0
2025-11-24 00:00:00-05:00,76.83376948806381,77.00088309494902,76.05717346202736,76.2144546508789,2704000,0.0,0.0
2025-11-25 00:00:00-05:00,76.74528798772626,77.10901243314304,76.45037546442218,76.59783172607422,1745800,0.0,0.0
2025-11-26 00:00:00-05:00,76.82394204200479,77.06970000918975,76.32259368896484,76.32259368896484,1191800,0.0,0.0
2025-11-28 00:00:00-05:00,76.17513139035789,76.63715753215274,76.1161518828734,76.37174224853516,629900,0.0,0.0
2025-12-01 00:00:00-05:00,76.28326299839664,76.73545670754409,71.72199623663255,71.74166107177734,4340300,0.0,0.0
2025-12-02 00:00:00-05:00,71.30912977827664,72.44944279999102,71.26980760512268,71.5647201538086,4044500,0.0,0.0
2025-12-03 00:00:00-05:00,71.88911757920813,72.29216424378201,70.10983230374282,70.43423461914062,3460100,0.0,0.0
2025-12-04 00:00:00-05:00,70.47355097258777,70.71930891850982,69.37255267487954,69.66746520996094,5683900,0.0,0.0
2025-12-05 00:00:00-05:00,66.88548467357877,68.98917212877889,64.28044889963473,65.58788299560547,15664000,0.0,0.0
2025-12-08 00:00:00-05:00,66.0892263284421,66.33498426027487,64.85060425202258,65.47974395751953,4292300,0.0,0.0
2025-12-09 00:00:00-05:00,65.56822040200076,66.56108465544652,65.56822040200076,65.80415344238281,3083000,0.0,0.0
2025-12-10 00:00:00-05:00,65.70584139023002,66.88548404082441,65.55839262135093,66.443115234375,4281100,0.0,0.0
2025-12-11 00:00:00-05:00,66.68887392612554,68.46816658979517,66.55125007367872,68.16342163085938,3027300,0.0,0.0
2025-12-12 00:00:00-05:00,68.55663409972745,68.55663409972745,67.80953534838059,68.15359497070312,4040500,0.0,0.0
2025-12-15 00:00:00-05:00,68.57306688373478,69.28216697272593,68.46320555532574,69.01250457763672,3284800,1.09,0.0
2025-12-16 00:00:00-05:00,69.00251802888182,69.25220149134512,68.08368471575322,68.47319030761719,3570400,0.0,0.0
2025-12-17 00:00:00-05:00,68.15359033206383,69.09240251418957,67.91389636078657,69.02249145507812,1780000,0.0,0.0
2025-12-18 00:00:00-05:00,68.73285794380888,69.52185853874064,68.44322423530983,69.4619369506836,1697100,0.0,0.0
2025-12-19 00:00:00-05:00,69.41199817651209,69.88140427542437,69.25219711316575,69.28216552734375,2952000,0.0,0.0
2025-12-22 00:00:00-05:00,69.32211632174557,70.56054409318614,69.16231525718078,70.13108825683594,3282800,0.0,0.0
2025-12-23 00:00:00-05:00,70.76029288397764,71.08987688850246,70.06118222565348,70.14108276367188,4495400,0.0,0.0
2025-12-24 00:00:00-05:00,70.18102572239519,70.5505599975586,70.03122173761855,70.5505599975586,1676600,0.0,0.0
2025-12-26 00:00:00-05:00,70.44069395955599,70.91010006647747,70.2009999801808,70.48064422607422,1180000,0.0,0.0
2025-12-29 00:00:00-05:00,70.66042051984854,70.9300753090785,70.44069785172469,70.70037078857422,1631700,0.0,0.0
2025-12-30 00:00:00-05:00,70.68038925077006,71.0599129798702,70.33083393691548,70.71035766601562,5667200,0.0,0.0
2025-12-31 00:00:00-05:00,70.5205969296473,71.06990358858822,69.9812797426147,70.03121948242188,1537000,0.0,0.0
2026-01-02 00:00:00-05:00,69.6816555555259,69.97128927888615,68.82275147694625,69.27217864990234,2114200,0.0,0.0
2026-01-05 00:00:00-05:00,68.72287234045574,70.99000239951123,68.61301100967854,70.62046813964844,2961500,0.0,0.0
2026-01-06 00:00:00-05:00,70.28089852823153,70.63045382572561,69.15232448523551,69.90137481689453,2133100,0.0,0.0
2026-01-07 00:00:00-05:00,69.02249222353825,69.36205805165044,67.94385791118067,68.40327453613281,2242300,0.0,0.0
2026-01-08 00:00:00-05:00,68.74285127516524,70.47065653219245,68.3633275435353,70.15106201171875,2935900,0.0,0.0
2026-01-09 00:00:00-05:00,70.26092548758679,70.41073709044957,68.27344724082887,68.35334777832031,2476800,0.0,0.0
2026-01-12 00:00:00-05:00,68.54310056285185,69.22223987752102,68.28343525116547,68.62300109863281,2217400,0.0,0.0
2026-01-13 00:00:00-05:00,68.40327973916753,68.88267534325817,67.484446419373,67.91390228271484,2084000,0.0,0.0
2026-01-14 00:00:00-05:00,68.24348498809964,69.67167468141366,68.16358445231303,69.0924072265625,1918700,0.0,0.0
2026-01-15 00:00:00-05:00,69.11237854575583,69.69164600056605,68.2235060394625,68.62300109863281,1769400,0.0,0.0
2026-01-16 00:00:00-05:00,68.55309199619113,68.95258706679174,67.59430839859048,67.79405212402344,3279600,0.0,0.0
2026-01-20 00:00:00-05:00,66.6455075668728,68.23349059755519,66.56560703684585,67.64424133300781,2084700,0.0,0.0
2026-01-21 00:00:00-05:00,67.70416648691214,68.16358312916552,66.4157989463664,67.45448303222656,2681100,0.0,0.0
2026-01-22 00:00:00-05:00,67.3246479420194,67.55435244496455,66.91516343368421,67.43450164794922,2639800,0.0,0.0
2026-01-23 00:00:00-05:00,67.51440690303272,67.85398037513455,66.41580118926252,67.03501892089844,3969300,0.0,0.0
2026-01-26 00:00:00-05:00,67.60429822110096,68.11364700951479,66.2859698151018,66.79531860351562,4333600,0.0,0.0
2026-01-27 00:00:00-05:00,68.7927791941037,69.83146322715203,64.93766624019248,67.1448745727539,4420100,0.0,0.0
2026-01-28 00:00:00-05:00,66.78532999419284,67.93386773478598,66.75536158049333,67.58431243896484,1990100,0.0,0.0
2026-01-29 00:00:00-05:00,68.08368634408184,68.93260861281342,67.33463593877725,68.17357635498047,2481200,0.0,0.0
2026-01-30 00:00:00-05:00,68.09366902887828,68.57306459317114,67.73412426059214,68.4931640625,1732800,0.0,0.0
2026-02-02 00:00:00-05:00,68.45321816501881,68.6729408285175,67.32465167128,67.68418884277344,2842300,0.0,0.0
2026-02-03 00:00:00-05:00,67.38457074776036,69.29214834470463,67.16484809246398,69.1023941040039,2070200,0.0,0.0
2026-02-04 00:00:00-05:00,69.40200939502287,70.56054425659825,69.36205912878916,70.10112762451172,1778800,0.0,0.0
2026-02-05 00:00:00-05:00,70.50061927739243,71.50934260604794,70.2809042295254,71.19973754882812,1700400,0.0,0.0
2026-02-06 00:00:00-05:00,71.19973723379499,71.80896549318228,70.04120230783403,70.32085418701172,1520900,0.0,0.0
2026-02-09 00:00:00-05:00,70.40074314208893,70.95004977774806,68.9026424481831,69.16231536865234,2044700,0.0,0.0
2026-02-10 00:00:00-05:00,68.64297861367234,70.11111092448289,68.28343382987629,69.83146667480469,1557300,0.0,0.0
2026-02-11 00:00:00-05:00,69.68165401754766,71.5892392369685,69.16231579315576,71.44941711425781,2447900,0.0,0.0
2026-02-12 00:00:00-05:00,71.69910252203539,72.97748060442147,70.91010188249582,71.55928039550781,2085300,0.0,0.0
2026-02-13 00:00:00-05:00,70.86016508010655,71.62919442761692,69.2222421416949,69.61174774169922,2749200,0.0,0.0
2026-02-17 00:00:00-05:00,70.55055530843748,71.54928911248642,70.31086132899132,70.9500503540039,1998800,0.0,0.0
2026-02-18 00:00:00-05:00,70.95005164983957,71.19973510541203,69.81149570200789,70.71035766601562,1841800,0.0,0.0
2026-02-19 00:00:00-05:00,71.35952589716736,71.96875411565422,69.96130469382116,70.25093078613281,2727100,0.0,0.0
2026-02-20 00:00:00-05:00,70.93006865643457,71.04991945137057,70.27090833362134,70.98999786376953,1763900,0.0,0.0
2026-02-23 00:00:00-05:00,71.54000091552734,72.05000305175781,70.5999984741211,71.0,1771500,0.09,0.0
2026-02-24 00:00:00-05:00,70.76000213623047,71.7300033569336,69.94999694824219,71.62999725341797,2037600,0.0,0.0
2026-02-25 00:00:00-05:00,71.73999786376953,72.04000091552734,70.68000030517578,71.58000183105469,1641200,0.0,0.0
2026-02-26 00:00:00-05:00,72.06999969482422,72.37000274658203,71.33000183105469,71.58000183105469,1558600,0.0,0.0
2026-02-27 00:00:00-05:00,71.94000244140625,71.94000244140625,71.01000213623047,71.69999694824219,4799500,0.0,0.0
2026-03-02 00:00:00-05:00,71.52999877929688,73.41999816894531,71.52999877929688,73.23999786376953,1640000,0.0,0.0
2026-03-03 00:00:00-05:00,72.66999816894531,72.7300033569336,71.0999984741211,72.63999938964844,1684400,0.0,0.0
2026-03-04 00:00:00-05:00,72.62000274658203,72.62000274658203,70.3499984741211,70.38999938964844,1786400,0.0,0.0
2026-03-05 00:00:00-05:00,69.87000274658203,70.0,68.83000183105469,69.56999969482422,2909200,0.0,0.0
2026-03-06 00:00:00-05:00,69.33999633789062,70.2300033569336,68.41000366210938,69.91999816894531,1677200,0.0,0.0
2026-03-09 00:00:00-04:00,69.62000274658203,69.62000274658203,67.62000274658203,68.23999786376953,1926700,0.0,0.0
2026-03-10 00:00:00-04:00,67.79000091552734,68.47000122070312,67.44999694824219,67.86000061035156,1673700,0.0,0.0
2026-03-11 00:00:00-04:00,67.77999877929688,68.29000091552734,67.29000091552734,67.86000061035156,1491300,0.0,0.0
2026-03-12 00:00:00-04:00,67.33999633789062,69.0199966430664,66.95999908447266,68.69999694824219,1454200,0.0,0.0
2026-03-13 00:00:00-04:00,69.44000244140625,69.75,68.70999908447266,68.76000213623047,1392500,0.0,0.0
2026-03-16 00:00:00-04:00,69.0199966430664,69.33999633789062,68.41000366210938,68.52999877929688,1541700,0.0,0.0
2026-03-17 00:00:00-04:00,69.12000274658203,69.19000244140625,68.02999877929688,68.8499984741211,1542800,0.0,0.0
2026-03-18 00:00:00-04:00,68.22000122070312,68.54000091552734,66.77999877929688,67.26000213623047,2210000,0.0,0.0
2026-03-19 00:00:00-04:00,67.5199966430664,67.69999694824219,65.9000015258789,66.22000122070312,2167300,0.0,0.0
2026-03-20 00:00:00-04:00,66.04000091552734,66.54000091552734,65.68000030517578,65.73999786376953,8514000,0.0,0.0
2026-03-23 00:00:00-04:00,66.68000030517578,66.69999694824219,65.54000091552734,65.55000305175781,2498200,0.0,0.0
2026-03-24 00:00:00-04:00,65.52999877929688,65.93000030517578,64.88999938964844,65.02999877929688,1800200,0.0,0.0
2026-03-25 00:00:00-04:00,64.83999633789062,65.33000183105469,63.68000030517578,64.48999786376953,2661700,0.0,0.0
2026-03-26 00:00:00-04:00,64.5999984741211,65.27999877929688,64.58999633789062,65.26000213623047,1874600,0.0,0.0
2026-03-27 00:00:00-04:00,65.73999786376953,65.81999969482422,64.61000061035156,64.73999786376953,1844100,0.0,0.0
2026-03-30 00:00:00-04:00,65.30999755859375,66.44000244140625,65.05999755859375,66.25,4206300,0.0,0.0
2026-03-31 00:00:00-04:00,65.62999725341797,67.18000030517578,65.62999725341797,66.27999877929688,1878300,0.0,0.0
2026-04-01 00:00:00-04:00,65.37000274658203,65.91000366210938,64.98999786376953,65.27999877929688,1545000,0.0,0.0
2026-04-02 00:00:00-04:00,65.27999877929688,66.37999725341797,65.22000122070312,65.98999786376953,1235800,0.0,0.0
2026-04-06 00:00:00-04:00,65.72000122070312,66.16999816894531,65.41000366210938,66.16000366210938,1057400,0.0,0.0
2026-04-07 00:00:00-04:00,66.12000274658203,66.76000213623047,65.7699966430664,66.68000030517578,1351900,0.0,0.0
2026-04-08 00:00:00-04:00,66.01000213623047,67.26000213623047,65.86000061035156,67.22000122070312,1713900,0.0,0.0
2026-04-09 00:00:00-04:00,66.66000366210938,67.91000366210938,66.44000244140625,67.20999908447266,1455000,0.0,0.0
2026-04-10 00:00:00-04:00,66.94000244140625,66.94000244140625,65.30999755859375,65.69999694824219,2049300,0.0,0.0
2026-04-13 00:00:00-04:00,65.66999816894531,67.12000274658203,65.66999816894531,66.95999908447266,1511700,0.0,0.0
2026-04-14 00:00:00-04:00,66.41999816894531,66.77999877929688,65.69000244140625,65.98999786376953,2864700,0.0,0.0
2026-04-15 00:00:00-04:00,65.8499984741211,66.41000366210938,65.4800033569336,66.0999984741211,1757200,0.0,0.0
2026-04-16 00:00:00-04:00,65.94000244140625,66.5999984741211,65.7699966430664,66.2699966430664,1622200,0.0,0.0
2026-04-17 00:00:00-04:00,66.37000274658203,67.08999633789062,65.66999816894531,66.83000183105469,1858800,0.0,0.0
2026-04-20 00:00:00-04:00,66.9000015258789,67.69000244140625,65.86000061035156,66.19999694824219,1723400,0.0,0.0
2026-04-21 00:00:00-04:00,66.30000305175781,66.66000366210938,65.08000183105469,65.4000015258789,3618900,0.0,0.0
2026-04-22 00:00:00-04:00,67.27999877929688,68.0199966430664,65.4800033569336,67.5,4476500,0.0,0.0
2026-04-23 00:00:00-04:00,68.18000030517578,68.72000122070312,67.25,68.44999694824219,2834800,0.0,0.0
2026-04-24 00:00:00-04:00,67.95999908447266,67.95999908447266,66.19999694824219,66.52999877929688,2211400,0.0,0.0
2026-04-27 00:00:00-04:00,65.5,66.94000244140625,65.45999908447266,66.19999694824219,1944300,0.0,0.0
2026-04-28 00:00:00-04:00,67.0,67.45999908447266,66.56999969482422,67.12000274658203,1879400,0.0,0.0
2026-04-29 00:00:00-04:00,67.05000305175781,67.29000091552734,66.31999969482422,66.94999694824219,2154400,0.0,0.0
2026-04-30 00:00:00-04:00,66.33000183105469,67.0,65.76000213623047,66.83000183105469,2777700,0.0,0.0
2026-05-01 00:00:00-04:00,67.22000122070312,67.93000030517578,66.3499984741211,66.37999725341797,2202400,0.0,0.0
2026-05-04 00:00:00-04:00,66.0199966430664,67.2300033569336,65.80000305175781,66.31999969482422,1638000,0.0,0.0
2026-05-05 00:00:00-04:00,66.20999908447266,67.05000305175781,65.9800033569336,66.48999786376953,1583500,0.0,0.0
2026-05-06 00:00:00-04:00,66.43000030517578,67.12999725341797,65.95999908447266,66.12000274658203,1544500,0.0,0.0
2026-05-07 00:00:00-04:00,65.79000091552734,66.87999725341797,65.58999633789062,66.52999877929688,1493300,0.0,0.0
2026-05-08 00:00:00-04:00,66.62000274658203,66.6500015258789,65.56999969482422,65.68000030517578,1378500,0.0,0.0
2026-05-11 00:00:00-04:00,66.0199966430664,66.56999969482422,65.52999877929688,66.41000366210938,1672100,0.0,0.0
2026-05-12 00:00:00-04:00,66.5,67.16000366210938,66.04000091552734,66.55999755859375,1276600,0.0,0.0
2026-05-13 00:00:00-04:00,66.27999877929688,66.87999725341797,65.06999969482422,65.43000030517578,1755600,0.0,0.0
2026-05-14 00:00:00-04:00,65.77999877929688,66.45999908447266,65.55000305175781,66.02999877929688,1742300,0.0,0.0
2026-05-15 00:00:00-04:00,66.51000213623047,67.08999633789062,66.0,66.44999694824219,2117900,0.0,0.0
2026-05-18 00:00:00-04:00,66.48999786376953,68.9000015258789,66.2699966430664,68.76000213623047,1973800,0.0,0.0
2026-05-19 00:00:00-04:00,68.75,69.0999984741211,68.06999969482422,68.5199966430664,1766200,0.0,0.0
2026-05-20 00:00:00-04:00,68.12999725341797,68.33999633789062,67.62999725341797,68.23999786376953,1948400,0.0,0.0
2026-05-21 00:00:00-04:00,67.79000091552734,68.11000061035156,66.9000015258789,67.47000122070312,2295800,0.0,0.0
2026-05-22 00:00:00-04:00,67.5,68.06999969482422,67.16999816894531,67.54000091552734,1636100,0.0,0.0
2026-05-26 00:00:00-04:00,67.44000244140625,67.80000305175781,67.0999984741211,67.33000183105469,1721600,0.0,0.0
2026-05-27 00:00:00-04:00,67.19999694824219,67.69000244140625,65.16999816894531,65.29000091552734,2635600,0.0,0.0
2026-05-28 00:00:00-04:00,65.26000213623047,65.55000305175781,64.27999877929688,64.30000305175781,2215900,0.0,0.0
2026-05-29 00:00:00-04:00,64.0,64.62000274658203,63.349998474121094,63.540000915527344,7647800,0.0,0.0
2026-06-01 00:00:00-04:00,63.20000076293945,64.47000122070312,62.869998931884766,64.3499984741211,2496200,0.0,0.0
2026-06-02 00:00:00-04:00,64.44000244140625,65.47000122070312,63.97999954223633,65.18000030517578,2029800,0.0,0.0
2026-06-03 00:00:00-04:00,65.08999633789062,65.83999633789062,64.55999755859375,65.29000091552734,2841300,0.0,0.0
2026-06-04 00:00:00-04:00,66.86000061035156,67.98999786376953,65.95999908447266,66.30999755859375,2188700,0.0,0.0
2026-06-05 00:00:00-04:00,67.0199966430664,68.79000091552734,66.98999786376953,68.56999969482422,1923800,0.0,0.0
2026-06-08 00:00:00-04:00,67.80000305175781,68.11000061035156,66.72000122070312,66.75,2306800,0.0,0.0
2026-06-09 00:00:00-04:00,66.87000274658203,67.81999969482422,66.62999725341797,67.22000122070312,1937400,0.0,0.0
2026-06-10 00:00:00-04:00,67.69999694824219,68.7699966430664,67.48999786376953,68.1500015258789,1533100,0.0,0.0
2026-06-11 00:00:00-04:00,68.19000244140625,68.68000030517578,67.37000274658203,67.54000091552734,2732534,0.0,0.0
