Date,Open,High,Low,Close,Volume,Dividends,Stock Splits
2022-01-03 00:00:00-05:00,50.040000915527344,51.57600021362305,48.0,50.52000045776367,172592,0.0,0.0
2022-01-04 00:00:00-05:00,50.231998443603516,51.720001220703125,48.540000915527344,49.79999923706055,164800,0.0,0.0
2022-01-05 00:00:00-05:00,49.79999923706055,49.86000061035156,45.599998474121094,45.959999084472656,215225,0.0,0.0
2022-01-06 00:00:00-05:00,46.560001373291016,46.619998931884766,41.52000045776367,42.720001220703125,301208,0.0,0.0
2022-01-07 00:00:00-05:00,43.68000030517578,50.880001068115234,42.92399978637695,46.20000076293945,803133,0.0,0.0
2022-01-10 00:00:00-05:00,44.7599983215332,45.2760009765625,43.08000183105469,45.0,208442,0.0,0.0
2022-01-11 00:00:00-05:00,44.400001525878906,46.68000030517578,43.560001373291016,45.720001220703125,158400,0.0,0.0
2022-01-12 00:00:00-05:00,46.20000076293945,46.2239990234375,43.5,43.91999816894531,157225,0.0,0.0
2022-01-13 00:00:00-05:00,44.52000045776367,48.69599914550781,44.220001220703125,46.08000183105469,335392,0.0,0.0
2022-01-14 00:00:00-05:00,44.400001525878906,45.540000915527344,40.79999923706055,43.79999923706055,343292,0.0,0.0
2022-01-18 00:00:00-05:00,42.119998931884766,45.2400016784668,41.15999984741211,42.2400016784668,236208,0.0,0.0
2022-01-19 00:00:00-05:00,42.2400016784668,43.08000183105469,39.720001220703125,39.84000015258789,309000,0.0,0.0
2022-01-20 00:00:00-05:00,40.20000076293945,42.0,37.91999816894531,38.400001525878906,333233,0.0,0.0
2022-01-21 00:00:00-05:00,38.400001525878906,38.61600112915039,34.31999969482422,34.560001373291016,509458,0.0,0.0
2022-01-24 00:00:00-05:00,32.880001068115234,34.31999969482422,29.399999618530273,34.20000076293945,344558,0.0,0.0
2022-01-25 00:00:00-05:00,33.2400016784668,37.619998931884766,32.7599983215332,36.47999954223633,247550,0.0,0.0
2022-01-26 00:00:00-05:00,37.560001373291016,37.91999816894531,32.939998626708984,33.84000015258789,257033,0.0,0.0
2022-01-27 00:00:00-05:00,34.12799835205078,34.439998626708984,31.200000762939453,31.31999969482422,135925,0.0,0.0
2022-01-28 00:00:00-05:00,31.31999969482422,33.47999954223633,30.239999771118164,33.36000061035156,172500,0.0,0.0
2022-01-31 00:00:00-05:00,33.36000061035156,40.20000076293945,33.0,38.880001068115234,327300,0.0,0.0
2022-02-01 00:00:00-05:00,38.880001068115234,42.2400016784668,37.560001373291016,41.63999938964844,263833,0.0,0.0
2022-02-02 00:00:00-05:00,42.84000015258789,42.84000015258789,39.119998931884766,40.439998626708984,174625,0.0,0.0
2022-02-03 00:00:00-05:00,38.70000076293945,40.31999969482422,37.560001373291016,38.040000915527344,128867,0.0,0.0
2022-02-04 00:00:00-05:00,38.63999938964844,39.2400016784668,37.31999969482422,39.119998931884766,117000,0.0,0.0
2022-02-07 00:00:00-05:00,39.2400016784668,42.119998931884766,39.09600067138672,40.08000183105469,110442,0.0,0.0
2022-02-08 00:00:00-05:00,40.08000183105469,40.79999923706055,38.52000045776367,40.560001373291016,84908,0.0,0.0
2022-02-09 00:00:00-05:00,41.400001525878906,45.0,40.08000183105469,44.52000045776367,177467,0.0,0.0
2022-02-10 00:00:00-05:00,43.68000030517578,46.91999816894531,42.0,42.119998931884766,173117,0.0,0.0
2022-02-11 00:00:00-05:00,42.47999954223633,44.400001525878906,40.91999816894531,41.63999938964844,137975,0.0,0.0
2022-02-14 00:00:00-05:00,40.13999938964844,43.68000030517578,39.720001220703125,40.79999923706055,112833,0.0,0.0
2022-02-15 00:00:00-05:00,42.0,43.31999969482422,41.34000015258789,42.599998474121094,128725,0.0,0.0
2022-02-16 00:00:00-05:00,42.47999954223633,46.91999816894531,41.67599868774414,45.84000015258789,200683,0.0,0.0
2022-02-17 00:00:00-05:00,45.599998474121094,46.68000030517578,41.34000015258789,42.0,137425,0.0,0.0
2022-02-18 00:00:00-05:00,41.63999938964844,42.36000061035156,38.880001068115234,39.84000015258789,151400,0.0,0.0
2022-02-22 00:00:00-05:00,38.279998779296875,38.7599983215332,35.7599983215332,36.959999084472656,151125,0.0,0.0
2022-02-23 00:00:00-05:00,38.400001525878906,38.400001525878906,34.20000076293945,34.91999816894531,152817,0.0,0.0
2022-02-24 00:00:00-05:00,31.799999237060547,36.959999084472656,31.31999969482422,36.720001220703125,227967,0.0,0.0
2022-02-25 00:00:00-05:00,36.84000015258789,38.040000915527344,34.68000030517578,36.84000015258789,157642,0.0,0.0
2022-02-28 00:00:00-05:00,36.36000061035156,37.1879997253418,35.040000915527344,35.880001068115234,153908,0.0,0.0
2022-03-01 00:00:00-05:00,36.0,36.65999984741211,34.560001373291016,34.91999816894531,107542,0.0,0.0
2022-03-02 00:00:00-05:00,34.79999923706055,34.79999923706055,31.68000030517578,32.400001525878906,242642,0.0,0.0
2022-03-03 00:00:00-05:00,32.7599983215332,33.119998931884766,29.399999618530273,29.8799991607666,195400,0.0,0.0
2022-03-04 00:00:00-05:00,30.0,30.827999114990234,26.639999389648438,26.760000228881836,264775,0.0,0.0
2022-03-07 00:00:00-05:00,27.479999542236328,30.360000610351562,26.15999984741211,29.399999618530273,346200,0.0,0.0
2022-03-08 00:00:00-05:00,28.799999237060547,29.280000686645508,26.760000228881836,28.920000076293945,290175,0.0,0.0
2022-03-09 00:00:00-05:00,28.440000534057617,34.08000183105469,27.719999313354492,32.279998779296875,364558,0.0,0.0
2022-03-10 00:00:00-05:00,31.200000762939453,33.0,29.663999557495117,30.719999313354492,219058,0.0,0.0
2022-03-11 00:00:00-05:00,30.84000015258789,30.959999084472656,27.479999542236328,28.079999923706055,169650,0.0,0.0
2022-03-14 00:00:00-04:00,28.31999969482422,28.440000534057617,25.200000762939453,25.68000030517578,158517,0.0,0.0
2022-03-15 00:00:00-04:00,25.920000076293945,27.65999984741211,25.799999237060547,27.0,139092,0.0,0.0
2022-03-16 00:00:00-04:00,28.31999969482422,28.68000030517578,26.399999618530273,28.200000762939453,253908,0.0,0.0
2022-03-17 00:00:00-04:00,27.84000015258789,28.200000762939453,26.520000457763672,27.84000015258789,271067,0.0,0.0
2022-03-18 00:00:00-04:00,27.719999313354492,31.440000534057617,27.479999542236328,29.639999389648438,386667,0.0,0.0
2022-03-21 00:00:00-04:00,30.239999771118164,30.84000015258789,28.559999465942383,28.68000030517578,249658,0.0,0.0
2022-03-22 00:00:00-04:00,29.15999984741211,33.36000061035156,28.68000030517578,31.440000534057617,476833,0.0,0.0
2022-03-23 00:00:00-04:00,30.959999084472656,34.86000061035156,30.360000610351562,32.040000915527344,399108,0.0,0.0
2022-03-24 00:00:00-04:00,33.0,33.0,30.492000579833984,31.440000534057617,279067,0.0,0.0
2022-03-25 00:00:00-04:00,31.200000762939453,31.200000762939453,28.559999465942383,29.040000915527344,223892,0.0,0.0
2022-03-28 00:00:00-04:00,28.799999237060547,32.279998779296875,27.479999542236328,30.719999313354492,415675,0.0,0.0
2022-03-29 00:00:00-04:00,30.959999084472656,33.2400016784668,29.040000915527344,32.880001068115234,452892,0.0,0.0
2022-03-30 00:00:00-04:00,32.7599983215332,32.7599983215332,30.0,30.0,247250,0.0,0.0
2022-03-31 00:00:00-04:00,31.079999923706055,31.559999465942383,28.739999771118164,29.15999984741211,232242,0.0,0.0
2022-04-01 00:00:00-04:00,29.639999389648438,29.760000228881836,27.600000381469727,27.959999084472656,266433,0.0,0.0
2022-04-04 00:00:00-04:00,30.239999771118164,47.15999984741211,29.399999618530273,41.040000915527344,12058567,0.0,0.0
2022-04-05 00:00:00-04:00,45.84000015258789,50.7599983215332,40.20000076293945,43.79999923706055,6519267,0.0,0.0
2022-04-06 00:00:00-04:00,41.7599983215332,42.959999084472656,37.439998626708984,40.91999816894531,1314992,0.0,0.0
2022-04-07 00:00:00-04:00,43.08000183105469,46.68000030517578,39.599998474121094,46.20000076293945,1608458,0.0,0.0
2022-04-08 00:00:00-04:00,55.20000076293945,59.15999984741211,50.040000915527344,56.040000915527344,7188733,0.0,0.0
2022-04-11 00:00:00-04:00,51.720001220703125,55.1879997253418,47.040000915527344,48.47999954223633,1651425,0.0,0.0
2022-04-12 00:00:00-04:00,50.400001525878906,60.36000061035156,47.040000915527344,60.0,3939558,0.0,0.0
2022-04-13 00:00:00-04:00,60.0,79.68000030517578,57.2400016784668,67.80000305175781,13462917,0.0,0.0
2022-04-14 00:00:00-04:00,65.27999877929688,78.5999984741211,62.7599983215332,66.36000061035156,8276875,0.0,0.0
2022-04-18 00:00:00-04:00,64.31999969482422,79.19999694824219,61.91999816894531,78.5999984741211,7108558,0.0,0.0
2022-04-19 00:00:00-04:00,81.12000274658203,87.12000274658203,66.23999786376953,70.19999694824219,8152567,0.0,0.0
2022-04-20 00:00:00-04:00,69.72000122070312,69.95999908447266,54.2400016784668,55.79999923706055,3456050,0.0,0.0
2022-04-21 00:00:00-04:00,51.959999084472656,61.560001373291016,51.2400016784668,56.279998779296875,3239717,0.0,0.0
2022-04-22 00:00:00-04:00,54.720001220703125,58.31999969482422,49.560001373291016,52.68000030517578,1369042,0.0,0.0
2022-04-25 00:00:00-04:00,51.84000015258789,62.400001525878906,48.599998474121094,61.31999969482422,1866283,0.0,0.0
2022-04-26 00:00:00-04:00,65.76000213623047,69.36000061035156,58.31999969482422,63.720001220703125,4534917,0.0,0.0
2022-04-27 00:00:00-04:00,61.91999816894531,65.4000015258789,57.0,63.47999954223633,1751558,0.0,0.0
2022-04-28 00:00:00-04:00,61.439998626708984,63.2400016784668,59.400001525878906,60.599998474121094,1035375,0.0,0.0
2022-04-29 00:00:00-04:00,59.52000045776367,64.37999725341797,59.040000915527344,61.560001373291016,1703325,0.0,0.0
2022-05-02 00:00:00-04:00,62.040000915527344,68.5199966430664,61.79999923706055,67.55999755859375,2631183,0.0,0.0
2022-05-03 00:00:00-04:00,66.0,68.4000015258789,63.720001220703125,64.80000305175781,1529417,0.0,0.0
2022-05-04 00:00:00-04:00,65.47200012207031,65.5199966430664,59.459999084472656,63.47999954223633,894075,0.0,0.0
2022-05-05 00:00:00-04:00,62.279998779296875,62.63999938964844,57.720001220703125,59.15999984741211,657758,0.0,0.0
2022-05-06 00:00:00-04:00,54.64799880981445,57.599998474121094,50.880001068115234,51.84000015258789,686958,0.0,0.0
2022-05-09 00:00:00-04:00,51.599998474121094,52.68000030517578,47.15999984741211,47.880001068115234,890067,0.0,0.0
2022-05-10 00:00:00-04:00,39.0,45.2400016784668,38.279998779296875,42.720001220703125,905842,0.0,0.0
2022-05-11 00:00:00-04:00,42.0,44.15999984741211,31.200000762939453,34.20000076293945,945258,0.0,0.0
2022-05-12 00:00:00-04:00,31.799999237060547,39.5880012512207,30.239999771118164,35.52000045776367,951883,0.0,0.0
2022-05-13 00:00:00-04:00,37.91999816894531,40.20000076293945,36.2400016784668,37.439998626708984,539850,0.0,0.0
2022-05-16 00:00:00-04:00,37.08000183105469,42.540000915527344,36.0,41.7599983215332,658658,0.0,0.0
2022-05-17 00:00:00-04:00,42.2400016784668,47.220001220703125,41.15999984741211,43.68000030517578,877133,0.0,0.0
2022-05-18 00:00:00-04:00,42.84000015258789,44.880001068115234,40.08000183105469,41.52000045776367,489150,0.0,0.0
2022-05-19 00:00:00-04:00,40.20000076293945,42.599998474121094,39.36000061035156,40.20000076293945,351825,0.0,0.0
2022-05-20 00:00:00-04:00,41.040000915527344,41.040000915527344,35.880001068115234,37.560001373291016,452183,0.0,0.0
2022-05-23 00:00:00-04:00,36.959999084472656,38.040000915527344,35.099998474121094,37.79999923706055,333442,0.0,0.0
2022-05-24 00:00:00-04:00,36.84000015258789,37.20000076293945,33.959999084472656,35.880001068115234,323008,0.0,0.0
2022-05-25 00:00:00-04:00,35.880001068115234,39.119998931884766,35.58000183105469,38.400001525878906,353433,0.0,0.0
2022-05-26 00:00:00-04:00,38.040000915527344,40.68000030517578,37.20000076293945,39.36000061035156,397750,0.0,0.0
2022-05-27 00:00:00-04:00,40.439998626708984,42.215999603271484,39.492000579833984,40.20000076293945,340200,0.0,0.0
2022-05-31 00:00:00-04:00,39.0,40.560001373291016,37.5,38.7599983215332,294683,0.0,0.0
2022-06-01 00:00:00-04:00,38.7599983215332,39.84000015258789,36.36000061035156,36.47999954223633,274608,0.0,0.0
2022-06-02 00:00:00-04:00,36.0,38.880001068115234,35.172000885009766,37.560001373291016,252208,0.0,0.0
2022-06-03 00:00:00-04:00,37.31999969482422,38.040000915527344,36.119998931884766,36.720001220703125,168058,0.0,0.0
2022-06-06 00:00:00-04:00,36.720001220703125,36.959999084472656,34.79999923706055,35.7599983215332,245467,0.0,0.0
2022-06-07 00:00:00-04:00,35.63999938964844,36.41999816894531,34.619998931884766,36.119998931884766,211992,0.0,0.0
2022-06-08 00:00:00-04:00,35.63999938964844,41.52000045776367,35.279998779296875,37.91999816894531,658758,0.0,0.0
2022-06-09 00:00:00-04:00,37.79999923706055,37.91999816894531,34.560001373291016,34.79999923706055,343767,0.0,0.0
2022-06-10 00:00:00-04:00,33.720001220703125,34.560001373291016,31.799999237060547,32.52000045776367,321358,0.0,0.0
2022-06-13 00:00:00-04:00,30.1200008392334,31.200000762939453,28.799999237060547,30.0,342167,0.0,0.0
2022-06-14 00:00:00-04:00,31.200000762939453,33.959999084472656,29.280000686645508,30.719999313354492,333608,0.0,0.0
2022-06-15 00:00:00-04:00,30.479999542236328,31.6200008392334,29.399999618530273,30.959999084472656,310933,0.0,0.0
2022-06-16 00:00:00-04:00,29.639999389648438,30.360000610351562,28.31999969482422,28.920000076293945,265158,0.0,0.0
2022-06-17 00:00:00-04:00,28.31999969482422,32.15999984741211,28.31999969482422,31.200000762939453,316158,0.0,0.0
2022-06-21 00:00:00-04:00,31.200000762939453,33.47999954223633,31.020000457763672,31.079999923706055,228900,0.0,0.0
2022-06-22 00:00:00-04:00,30.360000610351562,33.2400016784668,30.167999267578125,32.279998779296875,260575,0.0,0.0
2022-06-23 00:00:00-04:00,31.559999465942383,33.36000061035156,31.440000534057617,33.36000061035156,175583,0.0,0.0
2022-06-24 00:00:00-04:00,33.720001220703125,34.02000045776367,30.84000015258789,31.079999923706055,620867,0.0,0.0
2022-06-27 00:00:00-04:00,30.959999084472656,31.799999237060547,29.459999084472656,29.8799991607666,203092,0.0,0.0
2022-06-28 00:00:00-04:00,30.1200008392334,30.479999542236328,27.719999313354492,28.079999923706055,254050,0.0,0.0
2022-06-29 00:00:00-04:00,27.959999084472656,28.079999923706055,26.040000915527344,26.399999618530273,218158,0.0,0.0
2022-06-30 00:00:00-04:00,26.760000228881836,26.760000228881836,25.200000762939453,25.920000076293945,214267,0.0,0.0
2022-07-01 00:00:00-04:00,25.559999465942383,26.8799991607666,25.559999465942383,26.15999984741211,134950,0.0,0.0
2022-07-05 00:00:00-04:00,26.280000686645508,30.719999313354492,26.040000915527344,30.479999542236328,432225,0.0,0.0
2022-07-06 00:00:00-04:00,30.600000381469727,30.600000381469727,27.959999084472656,28.799999237060547,189775,0.0,0.0
2022-07-07 00:00:00-04:00,28.799999237060547,30.479999542236328,28.440000534057617,30.1200008392334,186608,0.0,0.0
2022-07-08 00:00:00-04:00,29.399999618530273,31.440000534057617,29.15999984741211,30.479999542236328,208783,0.0,0.0
2022-07-11 00:00:00-04:00,30.1200008392334,30.360000610351562,27.84000015258789,27.959999084472656,136433,0.0,0.0
2022-07-12 00:00:00-04:00,27.959999084472656,30.360000610351562,27.600000381469727,29.760000228881836,156500,0.0,0.0
2022-07-13 00:00:00-04:00,28.799999237060547,30.959999084472656,28.68000030517578,30.360000610351562,99150,0.0,0.0
2022-07-14 00:00:00-04:00,29.639999389648438,30.360000610351562,29.280000686645508,30.0,90167,0.0,0.0
2022-07-15 00:00:00-04:00,30.360000610351562,30.600000381469727,28.68000030517578,29.8799991607666,99217,0.0,0.0
2022-07-18 00:00:00-04:00,29.8799991607666,31.079999923706055,29.399999618530273,29.520000457763672,159017,0.0,0.0
2022-07-19 00:00:00-04:00,29.639999389648438,31.200000762939453,29.639999389648438,30.360000610351562,133892,0.0,0.0
2022-07-20 00:00:00-04:00,30.239999771118164,32.63999938964844,30.239999771118164,32.400001525878906,166283,0.0,0.0
2022-07-21 00:00:00-04:00,32.400001525878906,32.400001525878906,30.851999282836914,31.799999237060547,126125,0.0,0.0
2022-07-22 00:00:00-04:00,31.68000030517578,31.920000076293945,29.040000915527344,29.040000915527344,91217,0.0,0.0
2022-07-25 00:00:00-04:00,29.280000686645508,29.520000457763672,27.600000381469727,28.440000534057617,98658,0.0,0.0
2022-07-26 00:00:00-04:00,27.719999313354492,27.84000015258789,26.639999389648438,27.360000610351562,99442,0.0,0.0
2022-07-27 00:00:00-04:00,27.959999084472656,28.68000030517578,27.239999771118164,28.079999923706055,102750,0.0,0.0
2022-07-28 00:00:00-04:00,27.84000015258789,29.15999984741211,27.719999313354492,28.079999923706055,106742,0.0,0.0
2022-07-29 00:00:00-04:00,28.200000762939453,28.691999435424805,27.1200008392334,27.360000610351562,109367,0.0,0.0
2022-08-01 00:00:00-04:00,27.0,28.31999969482422,26.399999618530273,28.200000762939453,98733,0.0,0.0
2022-08-02 00:00:00-04:00,27.600000381469727,29.040000915527344,27.360000610351562,28.920000076293945,134050,0.0,0.0
2022-08-03 00:00:00-04:00,29.040000915527344,30.239999771118164,28.31999969482422,30.0,132175,0.0,0.0
2022-08-04 00:00:00-04:00,30.1200008392334,35.400001525878906,29.8799991607666,32.7599983215332,485000,0.0,0.0
2022-08-05 00:00:00-04:00,32.040000915527344,33.959999084472656,30.959999084472656,33.0,215308,0.0,0.0
2022-08-08 00:00:00-04:00,33.0,37.20000076293945,32.880001068115234,35.7599983215332,429125,0.0,0.0
2022-08-09 00:00:00-04:00,31.079999923706055,31.812000274658203,29.520000457763672,30.719999313354492,227917,0.0,0.0
2022-08-10 00:00:00-04:00,31.31999969482422,35.880001068115234,31.200000762939453,35.040000915527344,303733,0.0,0.0
2022-08-11 00:00:00-04:00,34.79999923706055,37.08000183105469,34.380001068115234,34.91999816894531,177508,0.0,0.0
2022-08-12 00:00:00-04:00,36.0,37.20000076293945,35.06399917602539,36.0,187800,0.0,0.0
2022-08-15 00:00:00-04:00,35.279998779296875,38.880001068115234,35.040000915527344,38.52000045776367,182267,0.0,0.0
2022-08-16 00:00:00-04:00,38.400001525878906,42.959999084472656,36.599998474121094,39.84000015258789,476442,0.0,0.0
2022-08-17 00:00:00-04:00,39.119998931884766,39.47999954223633,37.20000076293945,37.91999816894531,164525,0.0,0.0
2022-08-18 00:00:00-04:00,36.84000015258789,36.84000015258789,33.720001220703125,33.84000015258789,170700,0.0,0.0
2022-08-19 00:00:00-04:00,33.36000061035156,33.36000061035156,31.799999237060547,31.920000076293945,132333,0.0,0.0
2022-08-22 00:00:00-04:00,31.079999923706055,31.440000534057617,29.520000457763672,29.8799991607666,97683,0.0,0.0
2022-08-23 00:00:00-04:00,30.1200008392334,30.347999572753906,28.799999237060547,29.520000457763672,105508,0.0,0.0
2022-08-24 00:00:00-04:00,29.520000457763672,31.079999923706055,29.15999984741211,29.399999618530273,136000,0.0,0.0
2022-08-25 00:00:00-04:00,30.0,30.719999313354492,29.280000686645508,29.8799991607666,77475,0.0,0.0
2022-08-26 00:00:00-04:00,29.639999389648438,29.8799991607666,27.84000015258789,28.559999465942383,112067,0.0,0.0
2022-08-29 00:00:00-04:00,27.959999084472656,29.195999145507812,27.600000381469727,27.719999313354492,90192,0.0,0.0
2022-08-30 00:00:00-04:00,28.200000762939453,28.440000534057617,27.0,27.360000610351562,85975,0.0,0.0
2022-08-31 00:00:00-04:00,27.719999313354492,28.5,27.239999771118164,27.360000610351562,80858,0.0,0.0
2022-09-01 00:00:00-04:00,27.360000610351562,27.600000381469727,26.520000457763672,27.600000381469727,98958,0.0,0.0
2022-09-02 00:00:00-04:00,28.079999923706055,28.079999923706055,26.639999389648438,27.239999771118164,67900,0.0,0.0
2022-09-06 00:00:00-04:00,27.600000381469727,27.600000381469727,26.700000762939453,26.8799991607666,78908,0.0,0.0
2022-09-07 00:00:00-04:00,26.8799991607666,28.079999923706055,26.639999389648438,28.079999923706055,99808,0.0,0.0
2022-09-08 00:00:00-04:00,27.479999542236328,28.440000534057617,27.239999771118164,28.200000762939453,84133,0.0,0.0
2022-09-09 00:00:00-04:00,29.040000915527344,30.1200008392334,29.040000915527344,29.8799991607666,99133,0.0,0.0
2022-09-12 00:00:00-04:00,33.119998931884766,33.2400016784668,31.200000762939453,31.440000534057617,368700,0.0,0.0
2022-09-13 00:00:00-04:00,29.399999618530273,30.479999542236328,28.200000762939453,28.68000030517578,153075,0.0,0.0
2022-09-14 00:00:00-04:00,28.200000762939453,29.520000457763672,27.84000015258789,29.399999618530273,95492,0.0,0.0
2022-09-15 00:00:00-04:00,28.799999237060547,30.959999084472656,28.799999237060547,28.920000076293945,85958,0.0,0.0
2022-09-16 00:00:00-04:00,27.84000015258789,28.440000534057617,26.760000228881836,26.8799991607666,165650,0.0,0.0
2022-09-19 00:00:00-04:00,26.639999389648438,27.1200008392334,24.959999084472656,25.079999923706055,209800,0.0,0.0
2022-09-20 00:00:00-04:00,25.079999923706055,25.799999237060547,24.0,24.0,152100,0.0,0.0
2022-09-21 00:00:00-04:00,24.479999542236328,25.68000030517578,23.399999618530273,24.360000610351562,134275,0.0,0.0
2022-09-22 00:00:00-04:00,24.239999771118164,24.360000610351562,22.559999465942383,23.040000915527344,132592,0.0,0.0
2022-09-23 00:00:00-04:00,22.799999237060547,22.860000610351562,22.079999923706055,22.68000030517578,88608,0.0,0.0
2022-09-26 00:00:00-04:00,22.559999465942383,23.8799991607666,22.440000534057617,22.68000030517578,68450,0.0,0.0
2022-09-27 00:00:00-04:00,23.399999618530273,23.399999618530273,22.31999969482422,22.68000030517578,89967,0.0,0.0
2022-09-28 00:00:00-04:00,22.68000030517578,23.639999389648438,22.559999465942383,23.040000915527344,85983,0.0,0.0
2022-09-29 00:00:00-04:00,23.639999389648438,25.860000610351562,22.559999465942383,23.639999389648438,256342,0.0,0.0
2022-09-30 00:00:00-04:00,20.520000457763672,20.8799991607666,14.291999816894531,14.880000114440918,1281792,0.0,0.0
2022-10-03 00:00:00-04:00,15.359999656677246,15.960000038146973,13.680000305175781,13.800000190734863,600833,0.0,0.0
2022-10-04 00:00:00-04:00,14.279999732971191,15.0,13.800000190734863,14.15999984741211,457725,0.0,0.0
2022-10-05 00:00:00-04:00,13.920000076293945,14.279999732971191,13.4399995803833,13.800000190734863,353600,0.0,0.0
2022-10-06 00:00:00-04:00,13.800000190734863,14.039999961853027,11.97599983215332,12.119999885559082,610733,0.0,0.0
2022-10-07 00:00:00-04:00,12.119999885559082,13.319999694824219,11.579999923706055,12.960000038146973,478375,0.0,0.0
2022-10-10 00:00:00-04:00,12.960000038146973,13.079999923706055,12.239999771118164,12.359999656677246,98683,0.0,0.0
2022-10-11 00:00:00-04:00,11.880000114440918,13.4399995803833,11.880000114440918,12.720000267028809,141717,0.0,0.0
2022-10-12 00:00:00-04:00,12.84000015258789,12.960000038146973,12.347999572753906,12.84000015258789,60808,0.0,0.0
2022-10-13 00:00:00-04:00,12.359999656677246,13.380000114440918,12.0,12.960000038146973,117850,0.0,0.0
2022-10-14 00:00:00-04:00,12.960000038146973,13.319999694824219,12.720000267028809,12.720000267028809,80325,0.0,0.0
2022-10-17 00:00:00-04:00,13.079999923706055,13.4399995803833,12.84000015258789,13.079999923706055,97175,0.0,0.0
2022-10-18 00:00:00-04:00,13.199999809265137,15.0,13.199999809265137,14.15999984741211,301617,0.0,0.0
2022-10-19 00:00:00-04:00,13.5600004196167,14.039999961853027,12.720000267028809,13.079999923706055,118675,0.0,0.0
2022-10-20 00:00:00-04:00,12.84000015258789,13.4399995803833,12.359999656677246,12.65999984741211,86317,0.0,0.0
2022-10-21 00:00:00-04:00,12.84000015258789,13.199999809265137,12.479999542236328,12.960000038146973,110025,0.0,0.0
2022-10-24 00:00:00-04:00,12.84000015258789,13.079999923706055,12.239999771118164,12.960000038146973,92350,0.0,0.0
2022-10-25 00:00:00-04:00,12.960000038146973,13.800000190734863,12.84000015258789,13.079999923706055,162417,0.0,0.0
2022-10-26 00:00:00-04:00,13.079999923706055,14.399999618530273,12.960000038146973,13.800000190734863,167608,0.0,0.0
2022-10-27 00:00:00-04:00,12.720000267028809,13.680000305175781,12.720000267028809,13.079999923706055,68242,0.0,0.0
2022-10-28 00:00:00-04:00,12.720000267028809,13.199999809265137,12.479999542236328,13.199999809265137,79775,0.0,0.0
2022-10-31 00:00:00-04:00,13.079999923706055,13.4399995803833,12.960000038146973,13.199999809265137,67433,0.0,0.0
2022-11-01 00:00:00-04:00,13.319999694824219,13.800000190734863,12.84000015258789,12.84000015258789,66700,0.0,0.0
2022-11-02 00:00:00-04:00,12.479999542236328,13.020000457763672,12.359999656677246,12.359999656677246,129875,0.0,0.0
2022-11-03 00:00:00-04:00,12.239999771118164,13.079999923706055,12.239999771118164,12.720000267028809,74183,0.0,0.0
2022-11-04 00:00:00-04:00,12.960000038146973,12.960000038146973,12.0,12.359999656677246,97733,0.0,0.0
2022-11-07 00:00:00-05:00,12.239999771118164,13.680000305175781,12.03600025177002,13.079999923706055,148750,0.0,0.0
2022-11-08 00:00:00-05:00,12.960000038146973,14.039999961853027,12.359999656677246,12.720000267028809,145400,0.0,0.0
2022-11-09 00:00:00-05:00,12.119999885559082,12.720000267028809,11.880000114440918,12.119999885559082,120658,0.0,0.0
2022-11-10 00:00:00-05:00,12.600000381469727,13.199999809265137,12.479999542236328,12.960000038146973,135558,0.0,0.0
2022-11-11 00:00:00-05:00,13.4399995803833,14.15999984741211,13.079999923706055,13.680000305175781,164875,0.0,0.0
2022-11-14 00:00:00-05:00,13.800000190734863,14.640000343322754,13.079999923706055,14.520000457763672,173708,0.0,0.0
2022-11-15 00:00:00-05:00,14.760000228881836,15.359999656677246,14.15999984741211,14.640000343322754,171883,0.0,0.0
2022-11-16 00:00:00-05:00,14.039999961853027,14.640000343322754,14.039999961853027,14.520000457763672,62125,0.0,0.0
2022-11-17 00:00:00-05:00,14.399999618530273,14.399999618530273,13.4399995803833,13.5600004196167,74067,0.0,0.0
2022-11-18 00:00:00-05:00,13.800000190734863,14.520000457763672,13.46399974822998,13.920000076293945,93825,0.0,0.0
2022-11-21 00:00:00-05:00,13.4399995803833,13.680000305175781,12.600000381469727,12.84000015258789,103067,0.0,0.0
2022-11-22 00:00:00-05:00,13.319999694824219,13.5600004196167,12.600000381469727,12.600000381469727,83858,0.0,0.0
2022-11-23 00:00:00-05:00,12.84000015258789,13.199999809265137,12.600000381469727,13.079999923706055,67375,0.0,0.0
2022-11-25 00:00:00-05:00,13.079999923706055,13.319999694824219,12.84000015258789,12.960000038146973,27700,0.0,0.0
2022-11-28 00:00:00-05:00,12.720000267028809,13.079999923706055,12.359999656677246,12.720000267028809,79183,0.0,0.0
2022-11-29 00:00:00-05:00,12.479999542236328,12.84000015258789,12.239999771118164,12.239999771118164,58783,0.0,0.0
2022-11-30 00:00:00-05:00,12.239999771118164,13.079999923706055,12.239999771118164,12.960000038146973,104750,0.0,0.0
2022-12-01 00:00:00-05:00,12.720000267028809,13.680000305175781,12.720000267028809,13.199999809265137,97008,0.0,0.0
2022-12-02 00:00:00-05:00,13.199999809265137,14.399999618530273,13.079999923706055,14.399999618530273,164100,0.0,0.0
2022-12-05 00:00:00-05:00,14.279999732971191,14.279999732971191,13.199999809265137,13.199999809265137,101933,0.0,0.0
2022-12-06 00:00:00-05:00,13.199999809265137,13.4399995803833,12.600000381469727,12.84000015258789,68450,0.0,0.0
2022-12-07 00:00:00-05:00,12.720000267028809,13.319999694824219,12.600000381469727,12.600000381469727,56117,0.0,0.0
2022-12-08 00:00:00-05:00,12.720000267028809,13.079999923706055,12.119999885559082,12.479999542236328,90850,0.0,0.0
2022-12-09 00:00:00-05:00,12.479999542236328,12.720000267028809,12.119999885559082,12.119999885559082,51833,0.0,0.0
2022-12-12 00:00:00-05:00,12.239999771118164,12.600000381469727,12.119999885559082,12.479999542236328,38342,0.0,0.0
2022-12-13 00:00:00-05:00,12.84000015258789,13.199999809265137,12.239999771118164,12.359999656677246,61200,0.0,0.0
2022-12-14 00:00:00-05:00,12.239999771118164,12.600000381469727,12.180000305175781,12.239999771118164,71433,0.0,0.0
2022-12-15 00:00:00-05:00,12.119999885559082,12.359999656677246,12.0,12.0,78642,0.0,0.0
2022-12-16 00:00:00-05:00,11.772000312805176,12.119999885559082,10.715999603271484,11.520000457763672,183317,0.0,0.0
2022-12-19 00:00:00-05:00,11.520000457763672,11.520000457763672,10.319999694824219,10.4399995803833,96808,0.0,0.0
2022-12-20 00:00:00-05:00,10.48799991607666,11.039999961853027,10.48799991607666,10.595999717712402,61667,0.0,0.0
2022-12-21 00:00:00-05:00,10.583999633789062,11.15999984741211,10.140000343322754,10.211999893188477,89608,0.0,0.0
2022-12-22 00:00:00-05:00,9.972000122070312,10.236000061035156,9.01200008392334,9.65999984741211,128400,0.0,0.0
2022-12-23 00:00:00-05:00,9.720000267028809,9.84000015258789,9.479999542236328,9.539999961853027,31733,0.0,0.0
2022-12-27 00:00:00-05:00,9.371999740600586,9.600000381469727,8.687999725341797,8.723999977111816,83667,0.0,0.0
2022-12-28 00:00:00-05:00,8.760000228881836,9.239999771118164,8.064000129699707,8.687999725341797,89750,0.0,0.0
2022-12-29 00:00:00-05:00,8.711999893188477,9.600000381469727,8.34000015258789,9.588000297546387,85117,0.0,0.0
2022-12-30 00:00:00-05:00,9.479999542236328,9.600000381469727,9.0,9.239999771118164,47392,0.0,0.0
2023-01-03 00:00:00-05:00,9.479999542236328,9.84000015258789,8.520000457763672,8.748000144958496,56950,0.0,0.0
2023-01-04 00:00:00-05:00,9.0,9.84000015258789,8.699999809265137,9.64799976348877,60208,0.0,0.0
2023-01-05 00:00:00-05:00,9.600000381469727,9.755999565124512,9.239999771118164,9.503999710083008,41533,0.0,0.0
2023-01-06 00:00:00-05:00,9.383999824523926,9.600000381469727,9.0600004196167,9.324000358581543,38233,0.0,0.0
2023-01-09 00:00:00-05:00,9.600000381469727,10.319999694824219,9.263999938964844,9.62399959564209,48233,0.0,0.0
2023-01-10 00:00:00-05:00,9.612000465393066,10.631999969482422,9.612000465393066,10.595999717712402,57875,0.0,0.0
2023-01-11 00:00:00-05:00,10.800000190734863,11.279999732971191,10.4399995803833,10.715999603271484,50800,0.0,0.0
2023-01-12 00:00:00-05:00,10.956000328063965,11.9399995803833,10.5600004196167,11.640000343322754,93450,0.0,0.0
2023-01-13 00:00:00-05:00,11.520000457763672,12.239999771118164,11.399999618530273,11.616000175476074,76508,0.0,0.0
2023-01-17 00:00:00-05:00,12.479999542236328,19.31999969482422,12.479999542236328,15.960000038146973,2512875,0.0,0.0
2023-01-18 00:00:00-05:00,16.31999969482422,17.040000915527344,14.520000457763672,14.880000114440918,487550,0.0,0.0
2023-01-19 00:00:00-05:00,14.640000343322754,16.200000762939453,13.199999809265137,15.84000015258789,290825,0.0,0.0
2023-01-20 00:00:00-05:00,16.079999923706055,17.280000686645508,15.239999771118164,16.200000762939453,341742,0.0,0.0
2023-01-23 00:00:00-05:00,16.440000534057617,17.399999618530273,15.960000038146973,17.15999984741211,264508,0.0,0.0
2023-01-24 00:00:00-05:00,17.15999984741211,17.15999984741211,15.720000267028809,16.200000762939453,136117,0.0,0.0
2023-01-25 00:00:00-05:00,15.84000015258789,16.079999923706055,15.119999885559082,15.720000267028809,80583,0.0,0.0
2023-01-26 00:00:00-05:00,15.960000038146973,16.68000030517578,15.156000137329102,15.479999542236328,84042,0.0,0.0
2023-01-27 00:00:00-05:00,15.0,17.280000686645508,15.0,16.31999969482422,393117,0.0,0.0
2023-01-30 00:00:00-05:00,19.440000534057617,19.799999237060547,16.799999237060547,17.399999618530273,1205142,0.0,0.0
2023-01-31 00:00:00-05:00,17.399999618530273,18.959999084472656,17.280000686645508,18.360000610351562,368775,0.0,0.0
2023-02-01 00:00:00-05:00,18.0,18.600000381469727,16.920000076293945,18.239999771118164,246608,0.0,0.0
2023-02-02 00:00:00-05:00,18.84000015258789,20.195999145507812,17.760000228881836,18.719999313354492,317233,0.0,0.0
2023-02-03 00:00:00-05:00,18.239999771118164,19.559999465942383,18.0,18.1200008392334,226042,0.0,0.0
2023-02-06 00:00:00-05:00,18.360000610351562,19.079999923706055,17.219999313354492,17.399999618530273,247600,0.0,0.0
2023-02-07 00:00:00-05:00,17.8799991607666,18.0,16.079999923706055,16.799999237060547,209308,0.0,0.0
2023-02-08 00:00:00-05:00,16.559999465942383,17.100000381469727,15.359999656677246,15.720000267028809,107867,0.0,0.0
2023-02-09 00:00:00-05:00,16.799999237060547,16.799999237060547,14.520000457763672,14.760000228881836,123600,0.0,0.0
2023-02-10 00:00:00-05:00,14.399999618530273,15.239999771118164,14.15999984741211,14.880000114440918,131600,0.0,0.0
2023-02-13 00:00:00-05:00,14.880000114440918,15.960000038146973,14.520000457763672,15.359999656677246,111217,0.0,0.0
2023-02-14 00:00:00-05:00,15.239999771118164,15.779999732971191,14.760000228881836,15.600000381469727,75550,0.0,0.0
2023-02-15 00:00:00-05:00,15.479999542236328,16.68000030517578,15.479999542236328,16.440000534057617,73075,0.0,0.0
2023-02-16 00:00:00-05:00,16.079999923706055,16.739999771118164,15.359999656677246,15.479999542236328,94450,0.0,0.0
2023-02-17 00:00:00-05:00,15.0,15.359999656677246,14.399999618530273,14.760000228881836,123492,0.0,0.0
2023-02-21 00:00:00-05:00,14.760000228881836,15.239999771118164,14.039999961853027,14.520000457763672,124458,0.0,0.0
2023-02-22 00:00:00-05:00,15.0,15.359999656677246,14.520000457763672,14.640000343322754,73500,0.0,0.0
2023-02-23 00:00:00-05:00,14.399999618530273,15.119999885559082,14.039999961853027,14.520000457763672,83508,0.0,0.0
2023-02-24 00:00:00-05:00,14.399999618530273,14.399999618530273,13.680000305175781,13.920000076293945,66417,0.0,0.0
2023-02-27 00:00:00-05:00,14.039999961853027,14.34000015258789,13.5600004196167,13.800000190734863,63192,0.0,0.0
2023-02-28 00:00:00-05:00,13.800000190734863,14.640000343322754,13.800000190734863,14.399999618530273,55500,0.0,0.0
2023-03-01 00:00:00-05:00,14.039999961853027,14.399999618530273,13.5600004196167,13.680000305175781,67733,0.0,0.0
2023-03-02 00:00:00-05:00,13.680000305175781,14.520000457763672,13.380000114440918,13.920000076293945,68650,0.0,0.0
2023-03-03 00:00:00-05:00,13.920000076293945,14.387999534606934,13.4399995803833,13.920000076293945,86117,0.0,0.0
2023-03-06 00:00:00-05:00,14.279999732971191,14.279999732971191,13.4399995803833,13.5600004196167,47942,0.0,0.0
2023-03-07 00:00:00-05:00,13.4399995803833,14.039999961853027,13.319999694824219,13.4399995803833,49233,0.0,0.0
2023-03-08 00:00:00-05:00,13.680000305175781,13.800000190734863,12.600000381469727,13.079999923706055,86342,0.0,0.0
2023-03-09 00:00:00-05:00,13.199999809265137,13.5600004196167,12.239999771118164,12.479999542236328,86633,0.0,0.0
2023-03-10 00:00:00-05:00,12.359999656677246,12.600000381469727,11.12399959564209,11.220000267028809,137092,0.0,0.0
2023-03-13 00:00:00-04:00,10.680000305175781,11.736000061035156,9.84000015258789,11.484000205993652,95725,0.0,0.0
2023-03-14 00:00:00-04:00,11.520000457763672,12.239999771118164,11.34000015258789,11.567999839782715,62150,0.0,0.0
2023-03-15 00:00:00-04:00,11.15999984741211,11.520000457763672,10.680000305175781,11.064000129699707,53050,0.0,0.0
2023-03-16 00:00:00-04:00,10.800000190734863,11.279999732971191,10.680000305175781,10.920000076293945,47283,0.0,0.0
2023-03-17 00:00:00-04:00,10.920000076293945,11.13599967956543,10.416000366210938,10.54800033569336,111125,0.0,0.0
2023-03-20 00:00:00-04:00,10.571999549865723,11.15999984741211,10.199999809265137,10.307999610900879,47717,0.0,0.0
2023-03-21 00:00:00-04:00,10.800000190734863,10.800000190734863,10.199999809265137,10.704000473022461,51942,0.0,0.0
2023-03-22 00:00:00-04:00,10.680000305175781,10.920000076293945,10.079999923706055,10.140000343322754,44258,0.0,0.0
2023-03-23 00:00:00-04:00,10.140000343322754,10.392000198364258,9.336000442504883,9.65999984741211,87175,0.0,0.0
2023-03-24 00:00:00-04:00,9.600000381469727,10.079999923706055,9.479999542236328,9.911999702453613,48150,0.0,0.0
2023-03-27 00:00:00-04:00,9.899999618530273,10.163999557495117,9.479999542236328,9.600000381469727,38767,0.0,0.0
2023-03-28 00:00:00-04:00,9.479999542236328,9.803999900817871,9.239999771118164,9.324000358581543,45142,0.0,0.0
2023-03-29 00:00:00-04:00,9.324000358581543,9.960000038146973,9.144000053405762,9.82800006866455,46758,0.0,0.0
2023-03-30 00:00:00-04:00,9.720000267028809,10.031999588012695,9.63599967956543,9.84000015258789,27500,0.0,0.0
2023-03-31 00:00:00-04:00,9.684000015258789,10.668000221252441,9.612000465393066,10.319999694824219,49258,0.0,0.0
2023-04-03 00:00:00-04:00,10.800000190734863,10.800000190734863,10.199999809265137,10.619999885559082,39317,0.0,0.0
2023-04-04 00:00:00-04:00,10.4399995803833,10.680000305175781,10.211999893188477,10.47599983215332,42858,0.0,0.0
2023-04-05 00:00:00-04:00,10.739999771118164,10.739999771118164,9.479999542236328,9.612000465393066,70858,0.0,0.0
2023-04-06 00:00:00-04:00,9.84000015258789,10.079999923706055,9.600000381469727,9.62399959564209,36600,0.0,0.0
2023-04-10 00:00:00-04:00,9.276000022888184,10.031999588012695,9.239999771118164,9.576000213623047,59383,0.0,0.0
2023-04-11 00:00:00-04:00,9.767999649047852,10.199999809265137,9.503999710083008,9.972000122070312,50233,0.0,0.0
2023-04-12 00:00:00-04:00,10.128000259399414,10.416000366210938,9.479999542236328,9.588000297546387,58683,0.0,0.0
2023-04-13 00:00:00-04:00,9.576000213623047,10.319999694824219,9.576000213623047,10.079999923706055,46633,0.0,0.0
2023-04-14 00:00:00-04:00,9.972000122070312,11.399999618530273,9.84000015258789,9.85200023651123,121067,0.0,0.0
2023-04-17 00:00:00-04:00,9.779999732971191,10.5,9.600000381469727,10.163999557495117,90742,0.0,0.0
2023-04-18 00:00:00-04:00,10.079999923706055,10.392000198364258,9.84000015258789,10.187999725341797,29558,0.0,0.0
2023-04-19 00:00:00-04:00,10.248000144958496,10.4399995803833,9.732000350952148,9.923999786376953,30592,0.0,0.0
2023-04-20 00:00:00-04:00,9.84000015258789,9.972000122070312,9.479999542236328,9.552000045776367,36417,0.0,0.0
2023-04-21 00:00:00-04:00,9.600000381469727,9.960000038146973,9.156000137329102,9.227999687194824,56642,0.0,0.0
2023-04-24 00:00:00-04:00,9.359999656677246,9.359999656677246,8.520000457763672,8.807999610900879,82500,0.0,0.0
2023-04-25 00:00:00-04:00,8.904000282287598,9.0,8.640000343322754,8.916000366210938,66408,0.0,0.0
2023-04-26 00:00:00-04:00,8.880000114440918,9.359999656677246,8.880000114440918,9.03600025177002,39050,0.0,0.0
2023-04-27 00:00:00-04:00,8.880000114440918,9.600000381469727,8.819999694824219,9.359999656677246,40183,0.0,0.0
2023-04-28 00:00:00-04:00,9.168000221252441,9.600000381469727,9.119999885559082,9.491999626159668,40500,0.0,0.0
2023-05-01 00:00:00-04:00,9.527999877929688,9.527999877929688,8.795999526977539,8.807999610900879,27092,0.0,0.0
2023-05-02 00:00:00-04:00,8.819999694824219,9.0,8.220000267028809,8.616000175476074,81558,0.0,0.0
2023-05-03 00:00:00-04:00,8.508000373840332,8.880000114440918,8.399999618530273,8.531999588012695,66908,0.0,0.0
2023-05-04 00:00:00-04:00,8.435999870300293,8.687999725341797,8.15999984741211,8.460000038146973,76217,0.0,0.0
2023-05-05 00:00:00-04:00,8.592000007629395,9.0,8.399999618530273,8.843999862670898,29583,0.0,0.0
2023-05-08 00:00:00-04:00,8.831999778747559,9.359999656677246,8.831999778747559,9.107999801635742,44075,0.0,0.0
2023-05-09 00:00:00-04:00,8.95199966430664,9.359999656677246,8.17199993133545,9.359999656677246,94617,0.0,0.0
2023-05-10 00:00:00-04:00,9.420000076293945,10.5600004196167,8.916000366210938,9.0,102750,0.0,0.0
2023-05-11 00:00:00-04:00,8.904000282287598,9.0600004196167,8.039999961853027,8.208000183105469,152608,0.0,0.0
2023-05-12 00:00:00-04:00,8.640000343322754,8.699999809265137,7.176000118255615,7.188000202178955,196658,0.0,0.0
2023-05-15 00:00:00-04:00,7.440000057220459,7.559999942779541,6.815999984741211,7.331999778747559,127767,0.0,0.0
2023-05-16 00:00:00-04:00,7.079999923706055,7.308000087738037,6.539999961853027,6.659999847412109,141417,0.0,0.0
2023-05-17 00:00:00-04:00,6.840000152587891,6.840000152587891,5.400000095367432,6.74399995803833,165683,0.0,0.0
2023-05-18 00:00:00-04:00,6.840000152587891,7.800000190734863,6.71999979019165,7.679999828338623,164683,0.0,0.0
2023-05-19 00:00:00-04:00,7.559999942779541,7.800000190734863,6.599999904632568,6.71999979019165,124783,0.0,0.0
2023-05-22 00:00:00-04:00,6.360000133514404,7.199999809265137,6.239999771118164,7.176000118255615,174125,0.0,0.0
2023-05-23 00:00:00-04:00,7.176000118255615,7.679999828338623,7.044000148773193,7.271999835968018,76108,0.0,0.0
2023-05-24 00:00:00-04:00,7.320000171661377,7.320000171661377,6.480000019073486,6.960000038146973,100742,0.0,0.0
2023-05-25 00:00:00-04:00,7.079999923706055,7.1519999504089355,6.74399995803833,6.74399995803833,34958,0.0,0.0
2023-05-26 00:00:00-04:00,6.71999979019165,7.199999809265137,6.71999979019165,7.164000034332275,69625,0.0,0.0
2023-05-30 00:00:00-04:00,7.079999923706055,7.320000171661377,6.599999904632568,6.863999843597412,72117,0.0,0.0
2023-05-31 00:00:00-04:00,6.863999843597412,7.248000144958496,6.863999843597412,7.007999897003174,61533,0.0,0.0
2023-06-01 00:00:00-04:00,6.9720001220703125,7.440000057220459,6.684000015258789,7.116000175476074,46083,0.0,0.0
2023-06-02 00:00:00-04:00,6.71999979019165,7.559999942779541,6.6479997634887695,7.392000198364258,71375,0.0,0.0
2023-06-05 00:00:00-04:00,7.355999946594238,7.355999946594238,6.8520002365112305,6.9720001220703125,63475,0.0,0.0
2023-06-06 00:00:00-04:00,7.056000232696533,7.380000114440918,6.71999979019165,6.960000038146973,75883,0.0,0.0
2023-06-07 00:00:00-04:00,6.960000038146973,7.211999893188477,6.78000020980835,6.9120001792907715,76133,0.0,0.0
2023-06-08 00:00:00-04:00,6.984000205993652,7.079999923706055,6.684000015258789,6.935999870300293,35392,0.0,0.0
2023-06-09 00:00:00-04:00,6.900000095367432,7.0320000648498535,6.0,6.504000186920166,103725,0.0,0.0
2023-06-12 00:00:00-04:00,6.455999851226807,6.71999979019165,6.360000133514404,6.599999904632568,45050,0.0,0.0
2023-06-13 00:00:00-04:00,6.0,6.71999979019165,6.0,6.564000129699707,94308,0.0,0.0
2023-06-14 00:00:00-04:00,6.659999847412109,6.71999979019165,6.360000133514404,6.504000186920166,54083,0.0,0.0
2023-06-15 00:00:00-04:00,6.239999771118164,6.539999961853027,6.179999828338623,6.504000186920166,68417,0.0,0.0
2023-06-16 00:00:00-04:00,6.636000156402588,6.684000015258789,5.6519999504089355,5.783999919891357,277842,0.0,0.0
2023-06-20 00:00:00-04:00,5.855999946594238,6.0,5.748000144958496,5.820000171661377,85450,0.0,0.0
2023-06-21 00:00:00-04:00,5.831999778747559,5.880000114440918,5.423999786376953,5.639999866485596,96808,0.0,0.0
2023-06-22 00:00:00-04:00,5.699999809265137,5.699999809265137,5.400000095367432,5.507999897003174,53758,0.0,0.0
2023-06-23 00:00:00-04:00,5.519999980926514,5.699999809265137,5.315999984741211,5.315999984741211,566042,0.0,0.0
2023-06-26 00:00:00-04:00,5.400000095367432,5.435999870300293,4.199999809265137,4.355999946594238,187808,0.0,0.0
2023-06-27 00:00:00-04:00,4.607999801635742,5.0879998207092285,4.559999942779541,4.883999824523926,166575,0.0,0.0
2023-06-28 00:00:00-04:00,5.0879998207092285,5.400000095367432,4.943999767303467,5.039999961853027,129225,0.0,0.0
2023-06-29 00:00:00-04:00,4.9679999351501465,5.340000152587891,4.920000076293945,5.039999961853027,69250,0.0,0.0
2023-06-30 00:00:00-04:00,5.26800012588501,5.748000144958496,5.0879998207092285,5.519999980926514,127342,0.0,0.0
2023-07-03 00:00:00-04:00,5.783999919891357,6.228000164031982,5.519999980926514,6.047999858856201,84125,0.0,0.0
2023-07-05 00:00:00-04:00,6.0,6.228000164031982,5.760000228881836,5.97599983215332,91533,0.0,0.0
2023-07-06 00:00:00-04:00,5.892000198364258,6.179999828338623,5.460000038146973,5.519999980926514,84592,0.0,0.0
2023-07-07 00:00:00-04:00,5.484000205993652,6.71999979019165,5.484000205993652,6.71999979019165,178292,0.0,0.0
2023-07-10 00:00:00-04:00,6.420000076293945,7.763999938964844,6.420000076293945,7.440000057220459,160033,0.0,0.0
2023-07-11 00:00:00-04:00,7.811999797821045,8.880000114440918,7.440000057220459,8.460000038146973,213608,0.0,0.0
2023-07-12 00:00:00-04:00,8.855999946594238,8.855999946594238,7.920000076293945,8.220000267028809,104567,0.0,0.0
2023-07-13 00:00:00-04:00,8.579999923706055,8.748000144958496,7.464000225067139,7.607999801635742,103883,0.0,0.0
2023-07-14 00:00:00-04:00,7.440000057220459,7.932000160217285,6.8520002365112305,6.9720001220703125,103975,0.0,0.0
2023-07-17 00:00:00-04:00,6.960000038146973,7.800000190734863,6.599999904632568,7.679999828338623,56550,0.0,0.0
2023-07-18 00:00:00-04:00,7.572000026702881,8.15999984741211,7.47599983215332,7.51200008392334,51000,0.0,0.0
2023-07-19 00:00:00-04:00,7.547999858856201,8.064000129699707,7.547999858856201,7.679999828338623,50467,0.0,0.0
2023-07-20 00:00:00-04:00,7.823999881744385,7.823999881744385,7.079999923706055,7.164000034332275,37192,0.0,0.0
2023-07-21 00:00:00-04:00,7.535999774932861,7.619999885559082,6.71999979019165,7.236000061035156,68958,0.0,0.0
2023-07-24 00:00:00-04:00,7.139999866485596,7.668000221252441,6.995999813079834,7.559999942779541,58650,0.0,0.0
2023-07-25 00:00:00-04:00,7.5,8.039999961853027,7.5,7.691999912261963,57383,0.0,0.0
2023-07-26 00:00:00-04:00,7.691999912261963,8.015999794006348,7.199999809265137,7.607999801635742,44625,0.0,0.0
2023-07-27 00:00:00-04:00,7.380000114440918,7.668000221252441,5.760000228881836,5.808000087738037,428508,0.0,0.0
2023-07-28 00:00:00-04:00,5.855999946594238,5.855999946594238,5.184000015258789,5.736000061035156,160358,0.0,0.0
2023-07-31 00:00:00-04:00,5.639999866485596,6.599999904632568,5.639999866485596,5.892000198364258,118633,0.0,0.0
2023-08-01 00:00:00-04:00,6.0,6.119999885559082,5.664000034332275,5.927999973297119,97892,0.0,0.0
2023-08-02 00:00:00-04:00,5.748000144958496,5.927999973297119,5.519999980926514,5.639999866485596,83200,0.0,0.0
2023-08-03 00:00:00-04:00,5.567999839782715,5.760000228881836,5.400000095367432,5.435999870300293,61525,0.0,0.0
2023-08-04 00:00:00-04:00,5.400000095367432,5.519999980926514,5.064000129699707,5.171999931335449,80608,0.0,0.0
2023-08-07 00:00:00-04:00,5.28000020980835,5.28000020980835,4.679999828338623,4.800000190734863,170958,0.0,0.0
2023-08-08 00:00:00-04:00,4.679999828338623,4.920000076293945,4.572000026702881,4.679999828338623,156900,0.0,0.0
2023-08-09 00:00:00-04:00,4.679999828338623,4.716000080108643,3.9719998836517334,4.320000171661377,233067,0.0,0.0
2023-08-10 00:00:00-04:00,4.296000003814697,4.320000171661377,4.019999980926514,4.056000232696533,103675,0.0,0.0
2023-08-11 00:00:00-04:00,4.044000148773193,5.28000020980835,3.9600000381469727,5.25600004196167,353325,0.0,0.0
2023-08-14 00:00:00-04:00,5.039999961853027,5.25600004196167,4.631999969482422,4.679999828338623,82367,0.0,0.0
2023-08-15 00:00:00-04:00,4.739999771118164,5.196000099182129,4.343999862670898,4.656000137329102,64300,0.0,0.0
2023-08-16 00:00:00-04:00,4.728000164031982,4.800000190734863,4.211999893188477,4.392000198364258,68425,0.0,0.0
2023-08-17 00:00:00-04:00,4.440000057220459,4.559999942779541,4.320000171661377,4.52400016784668,45775,0.0,0.0
2023-08-18 00:00:00-04:00,4.415999889373779,4.679999828338623,4.331999778747559,4.559999942779541,44708,0.0,0.0
2023-08-21 00:00:00-04:00,4.668000221252441,4.679999828338623,4.0920000076293945,4.283999919891357,61092,0.0,0.0
2023-08-22 00:00:00-04:00,4.283999919891357,4.440000057220459,4.127999782562256,4.320000171661377,48767,0.0,0.0
2023-08-23 00:00:00-04:00,4.4039998054504395,4.415999889373779,4.079999923706055,4.296000003814697,49558,0.0,0.0
2023-08-24 00:00:00-04:00,4.5,4.5,4.0920000076293945,4.188000202178955,36558,0.0,0.0
2023-08-25 00:00:00-04:00,4.199999809265137,4.331999778747559,4.079999923706055,4.127999782562256,78350,0.0,0.0
2023-08-28 00:00:00-04:00,4.199999809265137,4.308000087738037,3.996000051498413,4.116000175476074,61542,0.0,0.0
2023-08-29 00:00:00-04:00,4.019999980926514,4.199999809265137,4.019999980926514,4.199999809265137,52033,0.0,0.0
2023-08-30 00:00:00-04:00,4.248000144958496,4.920000076293945,4.127999782562256,4.668000221252441,146183,0.0,0.0
2023-08-31 00:00:00-04:00,4.619999885559082,4.800000190734863,4.211999893188477,4.271999835968018,47167,0.0,0.0
2023-09-01 00:00:00-04:00,4.199999809265137,4.440000057220459,4.199999809265137,4.296000003814697,38517,0.0,0.0
2023-09-05 00:00:00-04:00,4.199999809265137,4.368000030517578,4.139999866485596,4.271999835968018,34858,0.0,0.0
2023-09-06 00:00:00-04:00,4.308000087738037,4.427999973297119,4.139999866485596,4.176000118255615,39050,0.0,0.0
2023-09-07 00:00:00-04:00,4.176000118255615,4.188000202178955,4.104000091552734,4.164000034332275,19967,0.0,0.0
2023-09-08 00:00:00-04:00,4.079999923706055,4.199999809265137,3.9839999675750732,4.019999980926514,40725,0.0,0.0
2023-09-11 00:00:00-04:00,4.067999839782715,4.199999809265137,3.9719998836517334,4.116000175476074,21900,0.0,0.0
2023-09-12 00:00:00-04:00,4.079999923706055,4.320000171661377,4.0320000648498535,4.056000232696533,24925,0.0,0.0
2023-09-13 00:00:00-04:00,4.079999923706055,4.176000118255615,3.9839999675750732,3.9839999675750732,24892,0.0,0.0
2023-09-14 00:00:00-04:00,3.996000051498413,4.116000175476074,3.9600000381469727,4.079999923706055,23333,0.0,0.0
2023-09-15 00:00:00-04:00,3.996000051498413,4.079999923706055,3.9600000381469727,3.996000051498413,37100,0.0,0.0
2023-09-18 00:00:00-04:00,3.9600000381469727,3.996000051498413,3.7200000286102295,3.828000068664551,78775,0.0,0.0
2023-09-19 00:00:00-04:00,3.8399999141693115,3.8399999141693115,3.5999999046325684,3.7799999713897705,42742,0.0,0.0
2023-09-20 00:00:00-04:00,3.75600004196167,4.067999839782715,3.75600004196167,3.8519999980926514,22858,0.0,0.0
2023-09-21 00:00:00-04:00,3.8519999980926514,3.947999954223633,3.6600000858306885,3.7320001125335693,22533,0.0,0.0
2023-09-22 00:00:00-04:00,3.635999917984009,3.815999984741211,3.635999917984009,3.6600000858306885,15708,0.0,0.0
2023-09-25 00:00:00-04:00,3.7320001125335693,3.7799999713897705,3.624000072479248,3.7200000286102295,17442,0.0,0.0
2023-09-26 00:00:00-04:00,3.624000072479248,3.9000000953674316,3.624000072479248,3.7200000286102295,13717,0.0,0.0
2023-09-27 00:00:00-04:00,3.7200000286102295,3.8399999141693115,3.684000015258789,3.828000068664551,17442,0.0,0.0
2023-09-28 00:00:00-04:00,3.888000011444092,3.888000011444092,3.7200000286102295,3.7320001125335693,15175,0.0,0.0
2023-09-29 00:00:00-04:00,3.7200000286102295,4.079999923706055,3.7200000286102295,3.9240000247955322,73525,0.0,0.0
2023-10-02 00:00:00-04:00,3.8399999141693115,4.067999839782715,3.7200000286102295,3.7799999713897705,28592,0.0,0.0
2023-10-03 00:00:00-04:00,3.7799999713897705,3.9600000381469727,3.5999999046325684,3.624000072479248,27667,0.0,0.0
2023-10-04 00:00:00-04:00,3.611999988555908,3.803999900817871,3.5880000591278076,3.7079999446868896,42933,0.0,0.0
2023-10-05 00:00:00-04:00,3.75600004196167,3.8399999141693115,3.635999917984009,3.7079999446868896,23708,0.0,0.0
2023-10-06 00:00:00-04:00,3.7679998874664307,3.947999954223633,3.6600000858306885,3.74399995803833,29625,0.0,0.0
2023-10-09 00:00:00-04:00,3.8399999141693115,3.8399999141693115,3.6600000858306885,3.7200000286102295,17167,0.0,0.0
2023-10-10 00:00:00-04:00,3.696000099182129,4.019999980926514,3.696000099182129,3.9240000247955322,27042,0.0,0.0
2023-10-11 00:00:00-04:00,3.888000011444092,4.559999942779541,3.888000011444092,4.464000225067139,112267,0.0,0.0
2023-10-12 00:00:00-04:00,4.679999828338623,4.679999828338623,3.888000011444092,3.947999954223633,65675,0.0,0.0
2023-10-13 00:00:00-04:00,3.8399999141693115,4.127999782562256,3.624000072479248,3.635999917984009,38583,0.0,0.0
2023-10-16 00:00:00-04:00,3.7200000286102295,3.7920000553131104,3.635999917984009,3.684000015258789,31642,0.0,0.0
2023-10-17 00:00:00-04:00,3.7200000286102295,3.8519999980926514,3.7200000286102295,3.74399995803833,21175,0.0,0.0
2023-10-18 00:00:00-04:00,3.671999931335449,3.7920000553131104,3.6480000019073486,3.696000099182129,35100,0.0,0.0
2023-10-19 00:00:00-04:00,3.696000099182129,3.75600004196167,3.611999988555908,3.6480000019073486,32117,0.0,0.0
2023-10-20 00:00:00-04:00,3.696000099182129,3.9600000381469727,3.611999988555908,3.74399995803833,46508,0.0,0.0
2023-10-23 00:00:00-04:00,3.7320001125335693,3.8399999141693115,3.4800000190734863,3.4800000190734863,46833,0.0,0.0
2023-10-24 00:00:00-04:00,3.7200000286102295,3.7200000286102295,3.359999895095825,3.444000005722046,28067,0.0,0.0
2023-10-25 00:00:00-04:00,3.4800000190734863,3.4800000190734863,3.2639999389648438,3.2639999389648438,29525,0.0,0.0
2023-10-26 00:00:00-04:00,3.4679999351501465,3.4679999351501465,3.180000066757202,3.2160000801086426,35608,0.0,0.0
2023-10-27 00:00:00-04:00,3.240000009536743,3.299999952316284,3.119999885559082,3.240000009536743,26433,0.0,0.0
2023-10-30 00:00:00-04:00,3.371999979019165,3.371999979019165,3.180000066757202,3.312000036239624,16767,0.0,0.0
2023-10-31 00:00:00-04:00,3.299999952316284,3.444000005722046,3.240000009536743,3.299999952316284,16233,0.0,0.0
2023-11-01 00:00:00-04:00,3.1440000534057617,3.359999895095825,3.1440000534057617,3.2160000801086426,21317,0.0,0.0
2023-11-02 00:00:00-04:00,3.2160000801086426,3.444000005722046,3.2160000801086426,3.4079999923706055,33183,0.0,0.0
2023-11-03 00:00:00-04:00,3.384000062942505,4.007999897003174,3.384000062942505,3.8519999980926514,103708,0.0,0.0
2023-11-06 00:00:00-05:00,3.684000015258789,4.199999809265137,3.684000015258789,4.0320000648498535,36342,0.0,0.0
2023-11-07 00:00:00-05:00,4.056000232696533,4.079999923706055,3.635999917984009,3.9000000953674316,42183,0.0,0.0
2023-11-08 00:00:00-05:00,4.079999923706055,4.079999923706055,3.5999999046325684,3.7200000286102295,42367,0.0,0.0
2023-11-09 00:00:00-05:00,3.8399999141693115,4.044000148773193,3.684000015258789,3.8519999980926514,42300,0.0,0.0
2023-11-10 00:00:00-05:00,3.9119999408721924,4.019999980926514,3.8399999141693115,3.864000082015991,24183,0.0,0.0
2023-11-13 00:00:00-05:00,3.7679998874664307,3.9600000381469727,3.5999999046325684,3.8399999141693115,43200,0.0,0.0
2023-11-14 00:00:00-05:00,3.9000000953674316,4.800000190734863,3.8399999141693115,4.199999809265137,132500,0.0,0.0
2023-11-15 00:00:00-05:00,4.4039998054504395,4.644000053405762,3.9000000953674316,4.019999980926514,54467,0.0,0.0
2023-11-16 00:00:00-05:00,3.888000011444092,4.51200008392334,3.888000011444092,4.452000141143799,28025,0.0,0.0
2023-11-17 00:00:00-05:00,4.440000057220459,4.51200008392334,4.199999809265137,4.223999977111816,23150,0.0,0.0
2023-11-20 00:00:00-05:00,4.199999809265137,4.440000057220459,4.199999809265137,4.343999862670898,19033,0.0,0.0
2023-11-21 00:00:00-05:00,4.320000171661377,4.380000114440918,3.875999927520752,4.139999866485596,44858,0.0,0.0
2023-11-22 00:00:00-05:00,4.056000232696533,4.248000144958496,3.9600000381469727,4.116000175476074,14450,0.0,0.0
2023-11-24 00:00:00-05:00,4.116000175476074,4.164000034332275,3.9839999675750732,4.079999923706055,8158,0.0,0.0
2023-11-27 00:00:00-05:00,4.079999923706055,4.139999866485596,4.007999897003174,4.019999980926514,18633,0.0,0.0
2023-11-28 00:00:00-05:00,3.888000011444092,4.079999923706055,3.888000011444092,3.9600000381469727,13683,0.0,0.0
2023-11-29 00:00:00-05:00,4.0320000648498535,4.1519999504089355,3.7799999713897705,3.7799999713897705,69825,0.0,0.0
2023-11-30 00:00:00-05:00,3.8399999141693115,3.875999927520752,3.7200000286102295,3.7679998874664307,27508,0.0,0.0
2023-12-01 00:00:00-05:00,3.7200000286102295,4.067999839782715,3.7200000286102295,4.044000148773193,31467,0.0,0.0
2023-12-04 00:00:00-05:00,3.8399999141693115,4.044000148773193,3.7920000553131104,3.8399999141693115,34400,0.0,0.0
2023-12-05 00:00:00-05:00,3.9240000247955322,3.9600000381469727,3.7200000286102295,3.74399995803833,27500,0.0,0.0
2023-12-06 00:00:00-05:00,3.7200000286102295,3.888000011444092,3.7200000286102295,3.7200000286102295,29425,0.0,0.0
2023-12-07 00:00:00-05:00,3.8399999141693115,3.936000108718872,3.7200000286102295,3.7799999713897705,27367,0.0,0.0
2023-12-08 00:00:00-05:00,3.828000068664551,3.947999954223633,3.6600000858306885,3.7679998874664307,32208,0.0,0.0
2023-12-11 00:00:00-05:00,3.6600000858306885,3.936000108718872,3.624000072479248,3.7679998874664307,31700,0.0,0.0
2023-12-12 00:00:00-05:00,3.5999999046325684,3.7200000286102295,3.4800000190734863,3.552000045776367,34633,0.0,0.0
2023-12-13 00:00:00-05:00,3.4800000190734863,3.5999999046325684,3.431999921798706,3.4800000190734863,47600,0.0,0.0
2023-12-14 00:00:00-05:00,3.5999999046325684,3.8399999141693115,3.4800000190734863,3.7799999713897705,90417,0.0,0.0
2023-12-15 00:00:00-05:00,3.5999999046325684,4.199999809265137,3.5999999046325684,4.007999897003174,72942,0.0,0.0
2023-12-18 00:00:00-05:00,3.8399999141693115,4.127999782562256,3.8399999141693115,3.996000051498413,30867,0.0,0.0
2023-12-19 00:00:00-05:00,3.8399999141693115,4.199999809265137,3.8399999141693115,4.199999809265137,31250,0.0,0.0
2023-12-20 00:00:00-05:00,4.199999809265137,4.440000057220459,4.139999866485596,4.415999889373779,54508,0.0,0.0
2023-12-21 00:00:00-05:00,4.51200008392334,4.51200008392334,4.236000061035156,4.320000171661377,29042,0.0,0.0
2023-12-22 00:00:00-05:00,4.188000202178955,4.559999942779541,4.188000202178955,4.52400016784668,35217,0.0,0.0
2023-12-26 00:00:00-05:00,4.4039998054504395,4.776000022888184,4.4039998054504395,4.47599983215332,62825,0.0,0.0
2023-12-27 00:00:00-05:00,4.427999973297119,4.51200008392334,4.392000198364258,4.440000057220459,37808,0.0,0.0
2023-12-28 00:00:00-05:00,4.415999889373779,4.440000057220459,4.104000091552734,4.164000034332275,48317,0.0,0.0
2023-12-29 00:00:00-05:00,4.079999923706055,4.320000171661377,4.079999923706055,4.188000202178955,28892,0.0,0.0
2024-01-02 00:00:00-05:00,4.296000003814697,4.296000003814697,4.079999923706055,4.188000202178955,21475,0.0,0.0
2024-01-03 00:00:00-05:00,4.079999923706055,4.440000057220459,3.888000011444092,4.007999897003174,34292,0.0,0.0
2024-01-04 00:00:00-05:00,3.9600000381469727,4.079999923706055,3.888000011444092,3.9240000247955322,21483,0.0,0.0
2024-01-05 00:00:00-05:00,3.9000000953674316,3.9600000381469727,3.7799999713897705,3.815999984741211,21375,0.0,0.0
2024-01-08 00:00:00-05:00,3.7079999446868896,3.9000000953674316,3.7079999446868896,3.803999900817871,24608,0.0,0.0
2024-01-09 00:00:00-05:00,3.7079999446868896,3.9600000381469727,3.7079999446868896,3.828000068664551,31467,0.0,0.0
2024-01-10 00:00:00-05:00,3.9119999408721924,3.9119999408721924,3.7200000286102295,3.7200000286102295,15592,0.0,0.0
2024-01-11 00:00:00-05:00,3.7200000286102295,3.815999984741211,3.431999921798706,3.4800000190734863,50867,0.0,0.0
2024-01-12 00:00:00-05:00,3.4800000190734863,3.7200000286102295,3.4800000190734863,3.5399999618530273,29250,0.0,0.0
2024-01-16 00:00:00-05:00,3.552000045776367,3.803999900817871,3.431999921798706,3.4800000190734863,27083,0.0,0.0
2024-01-17 00:00:00-05:00,3.4560000896453857,3.8399999141693115,3.4200000762939453,3.503999948501587,25467,0.0,0.0
2024-01-18 00:00:00-05:00,3.5999999046325684,3.7200000286102295,3.4200000762939453,3.4560000896453857,23817,0.0,0.0
2024-01-19 00:00:00-05:00,3.4800000190734863,3.5999999046325684,3.4200000762939453,3.563999891281128,15767,0.0,0.0
2024-01-22 00:00:00-05:00,3.4200000762939453,3.7679998874664307,3.4200000762939453,3.611999988555908,34233,0.0,0.0
2024-01-23 00:00:00-05:00,3.5759999752044678,3.7320001125335693,3.5759999752044678,3.684000015258789,20000,0.0,0.0
2024-01-24 00:00:00-05:00,3.635999917984009,3.7920000553131104,3.5999999046325684,3.75600004196167,17842,0.0,0.0
2024-01-25 00:00:00-05:00,3.6600000858306885,3.7200000286102295,3.5399999618530273,3.5399999618530273,18600,0.0,0.0
2024-01-26 00:00:00-05:00,3.503999948501587,3.6600000858306885,3.4800000190734863,3.611999988555908,12967,0.0,0.0
2024-01-29 00:00:00-05:00,3.5999999046325684,3.671999931335449,3.492000102996826,3.5999999046325684,25267,0.0,0.0
2024-01-30 00:00:00-05:00,3.5160000324249268,3.7200000286102295,3.5160000324249268,3.7200000286102295,22667,0.0,0.0
2024-01-31 00:00:00-05:00,3.5999999046325684,3.7200000286102295,3.4800000190734863,3.563999891281128,11192,0.0,0.0
2024-02-01 00:00:00-05:00,3.492000102996826,3.7200000286102295,3.492000102996826,3.7200000286102295,42250,0.0,0.0
2024-02-02 00:00:00-05:00,3.5399999618530273,4.296000003814697,3.5399999618530273,4.199999809265137,147575,0.0,0.0
2024-02-05 00:00:00-05:00,4.199999809265137,4.355999946594238,3.875999927520752,4.127999782562256,48283,0.0,0.0
2024-02-06 00:00:00-05:00,4.079999923706055,4.199999809265137,3.996000051498413,4.0920000076293945,24950,0.0,0.0
2024-02-07 00:00:00-05:00,3.9839999675750732,4.308000087738037,3.9839999675750732,4.1519999504089355,15400,0.0,0.0
2024-02-08 00:00:00-05:00,3.9000000953674316,4.392000198364258,3.9000000953674316,4.368000030517578,27458,0.0,0.0
2024-02-09 00:00:00-05:00,4.355999946594238,5.460000038146973,4.320000171661377,5.184000015258789,215808,0.0,0.0
2024-02-12 00:00:00-05:00,5.159999847412109,5.748000144958496,4.679999828338623,4.9679999351501465,151375,0.0,0.0
2024-02-13 00:00:00-05:00,4.8480000495910645,5.159999847412109,4.679999828338623,4.679999828338623,34267,0.0,0.0
2024-02-14 00:00:00-05:00,4.679999828338623,5.340000152587891,4.679999828338623,5.136000156402588,49550,0.0,0.0
2024-02-15 00:00:00-05:00,5.639999866485596,5.880000114440918,5.400000095367432,5.664000034332275,114275,0.0,0.0
2024-02-16 00:00:00-05:00,5.760000228881836,5.760000228881836,5.099999904632568,5.3520002365112305,89308,0.0,0.0
2024-02-20 00:00:00-05:00,5.400000095367432,5.400000095367432,5.099999904632568,5.111999988555908,23983,0.0,0.0
2024-02-21 00:00:00-05:00,5.039999961853027,5.400000095367432,4.199999809265137,4.920000076293945,82325,0.0,0.0
2024-02-22 00:00:00-05:00,4.895999908447266,5.039999961853027,4.440000057220459,4.452000141143799,48575,0.0,0.0
2024-02-23 00:00:00-05:00,4.320000171661377,4.668000221252441,4.320000171661377,4.5,31875,0.0,0.0
2024-02-26 00:00:00-05:00,4.415999889373779,4.668000221252441,4.320000171661377,4.547999858856201,27633,0.0,0.0
2024-02-27 00:00:00-05:00,4.559999942779541,5.039999961853027,4.559999942779541,4.800000190734863,35683,0.0,0.0
2024-02-28 00:00:00-05:00,5.039999961853027,5.159999847412109,4.559999942779541,4.679999828338623,56883,0.0,0.0
2024-02-29 00:00:00-05:00,4.679999828338623,5.880000114440918,4.679999828338623,5.460000038146973,213417,0.0,0.0
2024-03-01 00:00:00-05:00,5.699999809265137,5.820000171661377,5.519999980926514,5.711999893188477,43117,0.0,0.0
2024-03-04 00:00:00-05:00,5.760000228881836,5.868000030517578,5.159999847412109,5.23199987411499,62542,0.0,0.0
2024-03-05 00:00:00-05:00,5.28000020980835,5.711999893188477,5.159999847412109,5.26800012588501,48342,0.0,0.0
2024-03-06 00:00:00-05:00,5.26800012588501,5.699999809265137,5.039999961853027,5.639999866485596,40900,0.0,0.0
2024-03-07 00:00:00-05:00,5.519999980926514,6.059999942779541,5.519999980926514,5.771999835968018,95183,0.0,0.0
2024-03-08 00:00:00-05:00,5.760000228881836,6.539999961853027,5.760000228881836,6.0,92308,0.0,0.0
2024-03-11 00:00:00-04:00,6.420000076293945,6.420000076293945,5.892000198364258,5.9039998054504395,51175,0.0,0.0
2024-03-12 00:00:00-04:00,6.01200008392334,6.01200008392334,5.28000020980835,5.664000034332275,92833,0.0,0.0
2024-03-13 00:00:00-04:00,5.26800012588501,5.400000095367432,3.8399999141693115,4.631999969482422,181250,0.0,0.0
2024-03-14 00:00:00-04:00,4.5,4.559999942779541,3.888000011444092,4.056000232696533,88208,0.0,0.0
2024-03-15 00:00:00-04:00,3.9600000381469727,4.320000171661377,3.8519999980926514,4.248000144958496,65150,0.0,0.0
2024-03-18 00:00:00-04:00,4.320000171661377,4.679999828338623,4.079999923706055,4.47599983215332,39042,0.0,0.0
2024-03-19 00:00:00-04:00,4.320000171661377,4.320000171661377,3.9600000381469727,3.9719998836517334,69667,0.0,0.0
2024-03-20 00:00:00-04:00,3.875999927520752,3.9600000381469727,2.7720000743865967,3.4560000896453857,355233,0.0,0.0
2024-03-21 00:00:00-04:00,3.4560000896453857,3.5999999046325684,3.240000009536743,3.2639999389648438,105425,0.0,0.0
2024-03-22 00:00:00-04:00,3.0,3.950000047683716,2.549999952316284,3.3299999237060547,545200,0.0,0.08333333333333333
2024-03-25 00:00:00-04:00,3.2799999713897705,3.4800000190734863,3.009999990463257,3.0999999046325684,230400,0.0,0.0
2024-03-26 00:00:00-04:00,3.0799999237060547,3.200000047683716,2.8399999141693115,2.880000114440918,97500,0.0,0.0
2024-03-27 00:00:00-04:00,2.890000104904175,2.996000051498413,2.799999952316284,2.8399999141693115,87600,0.0,0.0
2024-03-28 00:00:00-04:00,2.809999942779541,2.934000015258789,2.6510000228881836,2.759999990463257,126700,0.0,0.0
2024-04-01 00:00:00-04:00,2.8499999046325684,2.869999885559082,2.4800000190734863,2.509999990463257,140700,0.0,0.0
2024-04-02 00:00:00-04:00,2.4700000286102295,2.4719998836517334,2.3959999084472656,2.450000047683716,69600,0.0,0.0
2024-04-03 00:00:00-04:00,2.4200000762939453,2.4700000286102295,1.940000057220459,2.259999990463257,227700,0.0,0.0
2024-04-04 00:00:00-04:00,2.2799999713897705,2.7300000190734863,2.2799999713897705,2.4700000286102295,255000,0.0,0.0
2024-04-05 00:00:00-04:00,2.359999895095825,2.680000066757202,2.359999895095825,2.5399999618530273,148400,0.0,0.0
2024-04-08 00:00:00-04:00,2.5999999046325684,2.8399999141693115,2.509999990463257,2.740000009536743,152400,0.0,0.0
2024-04-09 00:00:00-04:00,2.7799999713897705,3.947999954223633,2.5999999046325684,3.049999952316284,1088600,0.0,0.0
2024-04-10 00:00:00-04:00,2.880000114440918,2.9600000381469727,2.490000009536743,2.5799999237060547,355600,0.0,0.0
2024-04-11 00:00:00-04:00,2.640000104904175,2.680000066757202,2.5299999713897705,2.569999933242798,46000,0.0,0.0
2024-04-12 00:00:00-04:00,2.5,2.51200008392334,2.312999963760376,2.380000114440918,84300,0.0,0.0
2024-04-15 00:00:00-04:00,2.3399999141693115,2.4000000953674316,2.2200000286102295,2.2200000286102295,61500,0.0,0.0
2024-04-16 00:00:00-04:00,2.200000047683716,2.3399999141693115,2.009999990463257,2.200000047683716,86800,0.0,0.0
2024-04-17 00:00:00-04:00,2.25,2.2909998893737793,1.9900000095367432,2.109999895095825,61500,0.0,0.0
2024-04-18 00:00:00-04:00,2.109999895095825,2.2200000286102295,2.0799999237060547,2.119999885559082,89000,0.0,0.0
2024-04-19 00:00:00-04:00,2.0899999141693115,2.25,1.899999976158142,2.049999952316284,208500,0.0,0.0
2024-04-22 00:00:00-04:00,2.130000114440918,2.200000047683716,2.0399999618530273,2.130000114440918,46600,0.0,0.0
2024-04-23 00:00:00-04:00,2.1600000858306885,2.3499999046325684,2.0999999046325684,2.200000047683716,46500,0.0,0.0
2024-04-24 00:00:00-04:00,2.2200000286102295,2.3429999351501465,2.140000104904175,2.2699999809265137,132100,0.0,0.0
2024-04-25 00:00:00-04:00,2.2200000286102295,2.3499999046325684,2.1500000953674316,2.2899999618530273,105200,0.0,0.0
2024-04-26 00:00:00-04:00,2.2899999618530273,2.450000047683716,2.244999885559082,2.309999942779541,122200,0.0,0.0
2024-04-29 00:00:00-04:00,2.3299999237060547,2.5399999618530273,2.259999990463257,2.3499999046325684,159800,0.0,0.0
2024-04-30 00:00:00-04:00,2.359999895095825,2.4030001163482666,2.25,2.2699999809265137,92900,0.0,0.0
2024-05-01 00:00:00-04:00,2.2799999713897705,2.4000000953674316,2.2699999809265137,2.375,62700,0.0,0.0
2024-05-02 00:00:00-04:00,2.4200000762939453,2.490000009536743,2.3499999046325684,2.4100000858306885,137100,0.0,0.0
2024-05-03 00:00:00-04:00,2.450000047683716,2.4600000381469727,2.3299999237060547,2.380000114440918,73600,0.0,0.0
2024-05-06 00:00:00-04:00,2.4000000953674316,2.5399999618530273,2.25,2.450000047683716,65900,0.0,0.0
2024-05-07 00:00:00-04:00,2.5199999809265137,2.700000047683716,2.430000066757202,2.5399999618530273,103600,0.0,0.0
2024-05-08 00:00:00-04:00,2.619999885559082,2.9700000286102295,2.5799999237060547,2.7799999713897705,183700,0.0,0.0
2024-05-09 00:00:00-04:00,2.690000057220459,3.119999885559082,2.690000057220459,2.890000104904175,166900,0.0,0.0
2024-05-10 00:00:00-04:00,2.859999895095825,3.0789999961853027,2.7899999618530273,2.7899999618530273,159500,0.0,0.0
2024-05-13 00:00:00-04:00,2.799999952316284,3.0999999046325684,2.799999952316284,3.0899999141693115,184100,0.0,0.0
2024-05-14 00:00:00-04:00,3.109999895095825,3.365000009536743,2.8499999046325684,2.9000000953674316,209400,0.0,0.0
2024-05-15 00:00:00-04:00,2.940000057220459,3.180000066757202,2.9119999408721924,3.119999885559082,123600,0.0,0.0
2024-05-16 00:00:00-04:00,3.0899999141693115,3.1700000762939453,2.950000047683716,3.0,160400,0.0,0.0
2024-05-17 00:00:00-04:00,3.0,3.0899999141693115,2.890000104904175,3.0,69900,0.0,0.0
2024-05-20 00:00:00-04:00,2.8499999046325684,3.0,2.7799999713897705,2.809999942779541,172400,0.0,0.0
2024-05-21 00:00:00-04:00,2.7799999713897705,2.872999906539917,2.5299999713897705,2.6500000953674316,144300,0.0,0.0
2024-05-22 00:00:00-04:00,2.6500000953674316,2.7799999713897705,2.609999895095825,2.7100000381469727,61400,0.0,0.0
2024-05-23 00:00:00-04:00,2.7200000286102295,2.7699999809265137,2.5399999618530273,2.6500000953674316,50900,0.0,0.0
2024-05-24 00:00:00-04:00,2.6700000762939453,2.7300000190734863,2.5850000381469727,2.640000104904175,73600,0.0,0.0
2024-05-28 00:00:00-04:00,2.630000114440918,2.759999990463257,2.5399999618530273,2.5899999141693115,78200,0.0,0.0
2024-05-29 00:00:00-04:00,2.609999895095825,2.621000051498413,2.430000066757202,2.5299999713897705,81500,0.0,0.0
2024-05-30 00:00:00-04:00,2.5,2.674999952316284,2.4639999866485596,2.5899999141693115,52500,0.0,0.0
2024-05-31 00:00:00-04:00,2.619999885559082,2.700000047683716,2.5869998931884766,2.630000114440918,18200,0.0,0.0
2024-06-03 00:00:00-04:00,2.6600000858306885,2.740000009536743,2.5910000801086426,2.7300000190734863,68300,0.0,0.0
2024-06-04 00:00:00-04:00,2.680000066757202,2.7100000381469727,2.559999942779541,2.690000057220459,44900,0.0,0.0
2024-06-05 00:00:00-04:00,2.690000057220459,2.7300000190734863,2.5999999046325684,2.6700000762939453,39900,0.0,0.0
2024-06-06 00:00:00-04:00,2.6600000858306885,2.700000047683716,2.5899999141693115,2.6500000953674316,37200,0.0,0.0
2024-06-07 00:00:00-04:00,2.6500000953674316,2.6500000953674316,2.5,2.5399999618530273,74300,0.0,0.0
2024-06-10 00:00:00-04:00,2.5299999713897705,2.5399999618530273,2.4100000858306885,2.4700000286102295,36200,0.0,0.0
2024-06-11 00:00:00-04:00,2.450000047683716,2.5250000953674316,2.4000000953674316,2.4000000953674316,18600,0.0,0.0
2024-06-12 00:00:00-04:00,2.4100000858306885,2.5299999713897705,2.369999885559082,2.369999885559082,41700,0.0,0.0
2024-06-13 00:00:00-04:00,2.390000104904175,2.440000057220459,2.200000047683716,2.2799999713897705,48000,0.0,0.0
2024-06-14 00:00:00-04:00,2.2799999713897705,2.4200000762939453,2.1500000953674316,2.240000009536743,47800,0.0,0.0
2024-06-17 00:00:00-04:00,2.2300000190734863,2.2799999713897705,2.0999999046325684,2.1500000953674316,40300,0.0,0.0
2024-06-18 00:00:00-04:00,2.1600000858306885,2.1600000858306885,1.9900000095367432,2.0,106800,0.0,0.0
2024-06-20 00:00:00-04:00,2.0399999618530273,2.2639999389648438,2.005000114440918,2.069999933242798,70000,0.0,0.0
2024-06-21 00:00:00-04:00,2.069999933242798,2.2300000190734863,2.049999952316284,2.0799999237060547,81400,0.0,0.0
2024-06-24 00:00:00-04:00,2.0899999141693115,2.2230000495910645,2.0899999141693115,2.119999885559082,40600,0.0,0.0
2024-06-25 00:00:00-04:00,2.119999885559082,2.2190001010894775,2.109999895095825,2.130000114440918,23300,0.0,0.0
2024-06-26 00:00:00-04:00,2.130000114440918,2.2249999046325684,2.0899999141693115,2.0899999141693115,389000,0.0,0.0
2024-06-27 00:00:00-04:00,2.2200000286102295,2.8299999237060547,2.2149999141693115,2.625,3031800,0.0,0.0
2024-06-28 00:00:00-04:00,2.549999952316284,2.819999933242798,2.440000057220459,2.809999942779541,320700,0.0,0.0
2024-07-01 00:00:00-04:00,2.809999942779541,2.8399999141693115,2.4100000858306885,2.5399999618530273,143400,0.0,0.0
2024-07-02 00:00:00-04:00,2.450000047683716,2.8299999237060547,2.450000047683716,2.759999990463257,117100,0.0,0.0
2024-07-03 00:00:00-04:00,2.7100000381469727,2.753999948501587,2.6700000762939453,2.744999885559082,34300,0.0,0.0
2024-07-05 00:00:00-04:00,2.7300000190734863,2.75,2.618000030517578,2.6700000762939453,54800,0.0,0.0
2024-07-08 00:00:00-04:00,2.690000057220459,2.700000047683716,2.5,2.5399999618530273,68900,0.0,0.0
2024-07-09 00:00:00-04:00,2.5799999237060547,2.6500000953674316,2.5399999618530273,2.609999895095825,29000,0.0,0.0
2024-07-10 00:00:00-04:00,2.609999895095825,2.680000066757202,2.559999942779541,2.5799999237060547,28500,0.0,0.0
2024-07-11 00:00:00-04:00,2.5899999141693115,2.7300000190734863,2.5899999141693115,2.6700000762939453,75400,0.0,0.0
2024-07-12 00:00:00-04:00,2.740000009536743,2.940000057220459,2.6700000762939453,2.759999990463257,135100,0.0,0.0
2024-07-15 00:00:00-04:00,2.819999933242798,2.859999895095825,2.700000047683716,2.799999952316284,43900,0.0,0.0
2024-07-16 00:00:00-04:00,2.799999952316284,3.3269999027252197,2.7899999618530273,3.190000057220459,250000,0.0,0.0
2024-07-17 00:00:00-04:00,3.1700000762939453,3.305000066757202,2.9700000286102295,3.119999885559082,99700,0.0,0.0
2024-07-18 00:00:00-04:00,3.119999885559082,3.1500000953674316,2.880000114440918,2.880000114440918,58300,0.0,0.0
2024-07-19 00:00:00-04:00,2.859999895095825,2.9719998836517334,2.859999895095825,2.9200000762939453,14900,0.0,0.0
2024-07-22 00:00:00-04:00,2.9100000858306885,3.1600000858306885,2.9010000228881836,3.130000114440918,35000,0.0,0.0
2024-07-23 00:00:00-04:00,3.190000057220459,3.240000009536743,2.930000066757202,3.059999942779541,88000,0.0,0.0
2024-07-24 00:00:00-04:00,3.0399999618530273,3.1500000953674316,2.9200000762939453,2.990000009536743,76400,0.0,0.0
2024-07-25 00:00:00-04:00,3.049999952316284,3.065000057220459,2.880000114440918,2.890000104904175,30800,0.0,0.0
2024-07-26 00:00:00-04:00,2.9100000858306885,3.0199999809265137,2.9100000858306885,2.9700000286102295,15600,0.0,0.0
2024-07-29 00:00:00-04:00,2.930000066757202,3.059999942779541,2.8499999046325684,2.9100000858306885,22900,0.0,0.0
2024-07-30 00:00:00-04:00,2.9240000247955322,2.990000009536743,2.8499999046325684,2.950000047683716,50600,0.0,0.0
2024-07-31 00:00:00-04:00,2.9600000381469727,3.059999942779541,2.9600000381469727,2.990000009536743,14700,0.0,0.0
2024-08-01 00:00:00-04:00,2.9700000286102295,2.9860000610351562,2.7699999809265137,2.880000114440918,41100,0.0,0.0
2024-08-02 00:00:00-04:00,2.799999952316284,2.890000104904175,2.740000009536743,2.7699999809265137,37200,0.0,0.0
2024-08-05 00:00:00-04:00,2.6600000858306885,2.799999952316284,2.553999900817871,2.700000047683716,45200,0.0,0.0
2024-08-06 00:00:00-04:00,2.7100000381469727,2.86299991607666,2.635999917984009,2.75,30900,0.0,0.0
2024-08-07 00:00:00-04:00,2.8499999046325684,2.927999973297119,2.799999952316284,2.799999952316284,16700,0.0,0.0
2024-08-08 00:00:00-04:00,2.930000066757202,3.109999895095825,2.809999942779541,3.049999952316284,95000,0.0,0.0
2024-08-09 00:00:00-04:00,3.059999942779541,3.5,3.059999942779541,3.450000047683716,121900,0.0,0.0
2024-08-12 00:00:00-04:00,3.4100000858306885,3.4100000858306885,2.9000000953674316,2.990000009536743,107200,0.0,0.0
2024-08-13 00:00:00-04:00,3.059999942779541,3.2699999809265137,3.0199999809265137,3.109999895095825,32300,0.0,0.0
2024-08-14 00:00:00-04:00,3.109999895095825,3.25,3.0,3.0,31100,0.0,0.0
2024-08-15 00:00:00-04:00,3.0999999046325684,3.200000047683716,3.0,3.049999952316284,149000,0.0,0.0
2024-08-16 00:00:00-04:00,3.0199999809265137,3.1070001125335693,2.690000057220459,2.7750000953674316,151000,0.0,0.0
2024-08-19 00:00:00-04:00,2.880000114440918,2.880000114440918,2.740000009536743,2.799999952316284,109900,0.0,0.0
2024-08-20 00:00:00-04:00,2.799999952316284,2.8499999046325684,2.619999885559082,2.8499999046325684,93100,0.0,0.0
2024-08-21 00:00:00-04:00,2.7070000171661377,3.009999990463257,2.7070000171661377,2.9700000286102295,52300,0.0,0.0
2024-08-22 00:00:00-04:00,2.9000000953674316,3.0299999713897705,2.865000009536743,2.940000057220459,97400,0.0,0.0
2024-08-23 00:00:00-04:00,2.940000057220459,3.200000047683716,2.940000057220459,3.0299999713897705,110100,0.0,0.0
2024-08-26 00:00:00-04:00,3.0399999618530273,3.180000066757202,3.0,3.119999885559082,40500,0.0,0.0
2024-08-27 00:00:00-04:00,3.119999885559082,3.180000066757202,2.9000000953674316,3.0399999618530273,43900,0.0,0.0
2024-08-28 00:00:00-04:00,3.0,3.069999933242798,2.859999895095825,2.869999885559082,57900,0.0,0.0
2024-08-29 00:00:00-04:00,2.950000047683716,3.0399999618530273,2.9149999618530273,2.9600000381469727,39200,0.0,0.0
2024-08-30 00:00:00-04:00,2.9600000381469727,3.0399999618530273,2.9600000381469727,2.990000009536743,23700,0.0,0.0
2024-09-03 00:00:00-04:00,2.990000009536743,3.190000057220459,2.9230000972747803,3.109999895095825,50800,0.0,0.0
2024-09-04 00:00:00-04:00,3.049999952316284,3.2300000190734863,2.9000000953674316,3.200000047683716,31100,0.0,0.0
2024-09-05 00:00:00-04:00,3.2200000286102295,3.2899999618530273,3.1500000953674316,3.1600000858306885,31000,0.0,0.0
2024-09-06 00:00:00-04:00,3.2300000190734863,3.5350000858306885,3.180000066757202,3.5,135800,0.0,0.0
2024-09-09 00:00:00-04:00,3.5,3.8399999141693115,3.4130001068115234,3.549999952316284,112500,0.0,0.0
2024-09-10 00:00:00-04:00,3.549999952316284,3.619999885559082,3.4100000858306885,3.5,25900,0.0,0.0
2024-09-11 00:00:00-04:00,3.430000066757202,3.5,3.069999933242798,3.2699999809265137,74300,0.0,0.0
2024-09-12 00:00:00-04:00,3.259999990463257,3.440000057220459,3.200000047683716,3.365000009536743,25000,0.0,0.0
2024-09-13 00:00:00-04:00,3.0399999618530273,3.299999952316284,3.0399999618530273,3.25,88600,0.0,0.0
2024-09-16 00:00:00-04:00,3.200000047683716,3.25,3.0799999237060547,3.1700000762939453,67900,0.0,0.0
2024-09-17 00:00:00-04:00,3.1600000858306885,3.316999912261963,3.1600000858306885,3.180000066757202,28500,0.0,0.0
2024-09-18 00:00:00-04:00,3.1700000762939453,3.308000087738037,3.1700000762939453,3.2100000381469727,25100,0.0,0.0
2024-09-19 00:00:00-04:00,3.2200000286102295,3.4600000381469727,3.2200000286102295,3.240000009536743,43000,0.0,0.0
2024-09-20 00:00:00-04:00,3.259999990463257,3.3489999771118164,3.25,3.2899999618530273,62200,0.0,0.0
2024-09-23 00:00:00-04:00,3.2899999618530273,3.3399999141693115,3.0799999237060547,3.0799999237060547,30500,0.0,0.0
2024-09-24 00:00:00-04:00,3.0799999237060547,3.190000057220459,2.890000104904175,3.049999952316284,95900,0.0,0.0
2024-09-25 00:00:00-04:00,3.049999952316284,3.1029999256134033,2.9200000762939453,2.9600000381469727,76000,0.0,0.0
2024-09-26 00:00:00-04:00,3.0199999809265137,3.0480000972747803,2.869999885559082,2.924999952316284,50600,0.0,0.0
2024-09-27 00:00:00-04:00,2.930000066757202,2.9600000381469727,2.859999895095825,2.9100000858306885,61700,0.0,0.0
2024-09-30 00:00:00-04:00,2.9200000762939453,2.9700000286102295,2.6500000953674316,2.880000114440918,60400,0.0,0.0
2024-10-01 00:00:00-04:00,2.930000066757202,2.930000066757202,2.734999895095825,2.7899999618530273,55100,0.0,0.0
2024-10-02 00:00:00-04:00,2.759999990463257,2.815999984741211,2.640000104904175,2.7200000286102295,35500,0.0,0.0
2024-10-03 00:00:00-04:00,2.7200000286102295,2.819999933242798,2.63700008392334,2.7699999809265137,28500,0.0,0.0
2024-10-04 00:00:00-04:00,2.7100000381469727,2.880000114440918,2.7100000381469727,2.819999933242798,34700,0.0,0.0
2024-10-07 00:00:00-04:00,2.799999952316284,2.874000072479248,2.734999895095825,2.759999990463257,27300,0.0,0.0
2024-10-08 00:00:00-04:00,2.809999942779541,2.8499999046325684,2.752000093460083,2.8399999141693115,11600,0.0,0.0
2024-10-09 00:00:00-04:00,2.819999933242798,2.9600000381469727,2.819999933242798,2.869999885559082,24300,0.0,0.0
2024-10-10 00:00:00-04:00,2.9809999465942383,2.9809999465942383,2.799999952316284,2.799999952316284,42300,0.0,0.0
2024-10-11 00:00:00-04:00,2.8399999141693115,2.890000104904175,2.819999933242798,2.875,10000,0.0,0.0
2024-10-14 00:00:00-04:00,2.880000114440918,3.140000104904175,2.868000030517578,3.059999942779541,39200,0.0,0.0
2024-10-15 00:00:00-04:00,3.049999952316284,3.1500000953674316,2.9800000190734863,2.990000009536743,29800,0.0,0.0
2024-10-16 00:00:00-04:00,3.049999952316284,3.049999952316284,2.950000047683716,3.0,22200,0.0,0.0
2024-10-17 00:00:00-04:00,3.0,3.009999990463257,2.9000000953674316,2.9600000381469727,34900,0.0,0.0
2024-10-18 00:00:00-04:00,2.9600000381469727,3.002000093460083,2.8399999141693115,2.9100000858306885,25600,0.0,0.0
2024-10-21 00:00:00-04:00,2.9000000953674316,2.950000047683716,2.875999927520752,2.9200000762939453,21600,0.0,0.0
2024-10-22 00:00:00-04:00,2.9000000953674316,2.950000047683716,2.9000000953674316,2.950000047683716,9500,0.0,0.0
2024-10-23 00:00:00-04:00,2.872999906539917,2.9100000858306885,2.7799999713897705,2.7799999713897705,44800,0.0,0.0
2024-10-24 00:00:00-04:00,2.7799999713897705,2.890000104904175,2.700000047683716,2.7149999141693115,38500,0.0,0.0
2024-10-25 00:00:00-04:00,2.7100000381469727,2.8399999141693115,2.6700000762939453,2.680000066757202,49700,0.0,0.0
2024-10-28 00:00:00-04:00,2.680000066757202,2.819999933242798,2.680000066757202,2.690000057220459,60100,0.0,0.0
2024-10-29 00:00:00-04:00,2.7100000381469727,2.7860000133514404,2.7100000381469727,2.740000009536743,24700,0.0,0.0
2024-10-30 00:00:00-04:00,2.7100000381469727,2.819999933242798,2.7100000381469727,2.7899999618530273,36900,0.0,0.0
2024-10-31 00:00:00-04:00,2.8399999141693115,2.8399999141693115,2.690000057220459,2.690000057220459,24100,0.0,0.0
2024-11-01 00:00:00-04:00,2.700000047683716,2.9700000286102295,2.680000066757202,2.8299999237060547,60000,0.0,0.0
2024-11-04 00:00:00-05:00,2.700000047683716,3.069999933242798,2.700000047683716,2.930000066757202,73000,0.0,0.0
2024-11-05 00:00:00-05:00,2.940000057220459,3.069999933242798,2.940000057220459,2.940000057220459,26100,0.0,0.0
2024-11-06 00:00:00-05:00,2.9100000858306885,3.061000108718872,2.9000000953674316,2.9800000190734863,54700,0.0,0.0
2024-11-07 00:00:00-05:00,3.0,3.0799999237060547,2.9649999141693115,2.9700000286102295,26300,0.0,0.0
2024-11-08 00:00:00-05:00,2.9200000762939453,3.0199999809265137,2.9000000953674316,3.0,45700,0.0,0.0
2024-11-11 00:00:00-05:00,3.0399999618530273,3.0899999141693115,2.8540000915527344,2.950000047683716,123200,0.0,0.0
2024-11-12 00:00:00-05:00,2.859999895095825,3.0999999046325684,2.859999895095825,2.880000114440918,44600,0.0,0.0
2024-11-13 00:00:00-05:00,2.930000066757202,2.950000047683716,2.809999942779541,2.819999933242798,76800,0.0,0.0
2024-11-14 00:00:00-05:00,2.8299999237060547,2.880000114440918,2.700000047683716,2.759999990463257,59100,0.0,0.0
2024-11-15 00:00:00-05:00,2.75,2.8299999237060547,2.5329999923706055,2.5350000858306885,46800,0.0,0.0
2024-11-18 00:00:00-05:00,2.5299999713897705,2.5799999237060547,2.359999895095825,2.390000104904175,90400,0.0,0.0
2024-11-19 00:00:00-05:00,2.4100000858306885,2.499000072479248,2.380000114440918,2.4000000953674316,39800,0.0,0.0
2024-11-20 00:00:00-05:00,2.440000057220459,2.4800000190734863,2.3299999237060547,2.390000104904175,52800,0.0,0.0
2024-11-21 00:00:00-05:00,2.369999885559082,2.7699999809265137,2.2200000286102295,2.4000000953674316,331400,0.0,0.0
2024-11-22 00:00:00-05:00,2.4600000381469727,2.6700000762939453,2.440999984741211,2.5799999237060547,91100,0.0,0.0
2024-11-25 00:00:00-05:00,2.6600000858306885,2.7899999618530273,2.619999885559082,2.619999885559082,50700,0.0,0.0
2024-11-26 00:00:00-05:00,2.690000057220459,2.7699999809265137,2.509999990463257,2.569999933242798,115200,0.0,0.0
2024-11-27 00:00:00-05:00,2.569999933242798,2.75,2.549999952316284,2.700000047683716,38900,0.0,0.0
2024-11-29 00:00:00-05:00,2.7100000381469727,2.75,2.6500000953674316,2.7300000190734863,26900,0.0,0.0
2024-12-02 00:00:00-05:00,2.6700000762939453,2.799999952316284,2.6500000953674316,2.759999990463257,38200,0.0,0.0
2024-12-03 00:00:00-05:00,2.75,2.8949999809265137,2.700000047683716,2.75,40500,0.0,0.0
2024-12-04 00:00:00-05:00,2.75,2.825000047683716,2.5899999141693115,2.5999999046325684,97100,0.0,0.0
2024-12-05 00:00:00-05:00,2.5899999141693115,2.7100000381469727,2.4700000286102295,2.559999942779541,62600,0.0,0.0
2024-12-06 00:00:00-05:00,2.609999895095825,2.680000066757202,2.5199999809265137,2.5399999618530273,42800,0.0,0.0
2024-12-09 00:00:00-05:00,2.5,2.5799999237060547,2.430000066757202,2.559999942779541,96300,0.0,0.0
2024-12-10 00:00:00-05:00,2.559999942779541,2.6010000705718994,2.3610000610351562,2.450000047683716,42700,0.0,0.0
2024-12-11 00:00:00-05:00,2.430000066757202,2.4649999141693115,2.3299999237060547,2.359999895095825,70600,0.0,0.0
2024-12-12 00:00:00-05:00,2.390000104904175,2.440000057220459,2.359999895095825,2.369999885559082,37100,0.0,0.0
2024-12-13 00:00:00-05:00,2.3299999237060547,2.4000000953674316,2.259999990463257,2.3499999046325684,55700,0.0,0.0
2024-12-16 00:00:00-05:00,2.359999895095825,2.359999895095825,2.25,2.2799999713897705,53200,0.0,0.0
2024-12-17 00:00:00-05:00,2.2699999809265137,2.2790000438690186,2.180000066757202,2.190000057220459,68800,0.0,0.0
2024-12-18 00:00:00-05:00,2.190000057220459,2.390000104904175,2.180000066757202,2.180000066757202,61000,0.0,0.0
2024-12-19 00:00:00-05:00,2.1700000762939453,2.259999990463257,2.1500000953674316,2.180000066757202,29400,0.0,0.0
2024-12-20 00:00:00-05:00,2.1700000762939453,2.257999897003174,2.140000104904175,2.240000009536743,48400,0.0,0.0
2024-12-23 00:00:00-05:00,2.200000047683716,2.240000009536743,2.109999895095825,2.194999933242798,93800,0.0,0.0
2024-12-24 00:00:00-05:00,2.190000057220459,2.319999933242798,2.190000057220459,2.319999933242798,20100,0.0,0.0
2024-12-26 00:00:00-05:00,2.2899999618530273,2.3399999141693115,2.25,2.2699999809265137,45700,0.0,0.0
2024-12-27 00:00:00-05:00,2.25,2.390000104904175,2.190000057220459,2.369999885559082,57200,0.0,0.0
2024-12-30 00:00:00-05:00,2.4000000953674316,2.6700000762939453,2.4000000953674316,2.549999952316284,139000,0.0,0.0
2024-12-31 00:00:00-05:00,2.5299999713897705,2.5899999141693115,2.359999895095825,2.4000000953674316,112500,0.0,0.0
2025-01-02 00:00:00-05:00,2.440000057220459,2.5899999141693115,2.427999973297119,2.509999990463257,46600,0.0,0.0
2025-01-03 00:00:00-05:00,2.450000047683716,2.619999885559082,2.450000047683716,2.5799999237060547,37600,0.0,0.0
2025-01-06 00:00:00-05:00,2.559999942779541,2.700000047683716,2.5179998874664307,2.5399999618530273,50500,0.0,0.0
2025-01-07 00:00:00-05:00,2.5399999618530273,2.619999885559082,2.4600000381469727,2.4700000286102295,29500,0.0,0.0
2025-01-08 00:00:00-05:00,2.430000066757202,2.5,2.4000000953674316,2.4000000953674316,28400,0.0,0.0
2025-01-10 00:00:00-05:00,2.4000000953674316,2.4000000953674316,2.309000015258789,2.380000114440918,29800,0.0,0.0
2025-01-13 00:00:00-05:00,2.309999942779541,2.319999933242798,2.25,2.319999933242798,17500,0.0,0.0
2025-01-14 00:00:00-05:00,2.3299999237060547,2.380000114440918,2.259999990463257,2.309999942779541,22000,0.0,0.0
2025-01-15 00:00:00-05:00,2.369999885559082,2.4000000953674316,2.299999952316284,2.3399999141693115,19500,0.0,0.0
2025-01-16 00:00:00-05:00,2.3299999237060547,2.3399999141693115,2.180000066757202,2.240000009536743,55700,0.0,0.0
2025-01-17 00:00:00-05:00,2.2860000133514404,2.3540000915527344,2.246999979019165,2.319999933242798,14600,0.0,0.0
2025-01-21 00:00:00-05:00,2.309999942779541,2.319999933242798,2.200000047683716,2.2300000190734863,35700,0.0,0.0
2025-01-22 00:00:00-05:00,2.200000047683716,2.2899999618530273,2.180000066757202,2.200000047683716,36300,0.0,0.0
2025-01-23 00:00:00-05:00,2.190000057220459,2.2699999809265137,2.180000066757202,2.2200000286102295,24200,0.0,0.0
2025-01-24 00:00:00-05:00,2.259999990463257,2.2899999618530273,2.2130000591278076,2.25,19900,0.0,0.0
2025-01-27 00:00:00-05:00,2.240000009536743,2.2790000438690186,2.115000009536743,2.190000057220459,51400,0.0,0.0
2025-01-28 00:00:00-05:00,2.1600000858306885,2.2769999504089355,2.119999885559082,2.190000057220459,49300,0.0,0.0
2025-01-29 00:00:00-05:00,2.1500000953674316,2.2200000286102295,2.119999885559082,2.2200000286102295,19500,0.0,0.0
2025-01-30 00:00:00-05:00,2.190000057220459,2.259999990463257,2.1480000019073486,2.2300000190734863,22100,0.0,0.0
2025-01-31 00:00:00-05:00,2.200000047683716,2.2799999713897705,2.1549999713897705,2.25,23700,0.0,0.0
2025-02-03 00:00:00-05:00,2.140000104904175,2.1989998817443848,1.8600000143051147,1.8949999809265137,314100,0.0,0.0
2025-02-04 00:00:00-05:00,2.0,2.5,1.9700000286102295,2.2699999809265137,601200,0.0,0.0
2025-02-05 00:00:00-05:00,2.2300000190734863,2.3499999046325684,2.1600000858306885,2.200000047683716,55800,0.0,0.0
2025-02-06 00:00:00-05:00,2.2699999809265137,2.2699999809265137,2.1700000762939453,2.200000047683716,54900,0.0,0.0
2025-02-07 00:00:00-05:00,2.1700000762939453,2.200000047683716,2.140000104904175,2.1600000858306885,40200,0.0,0.0
2025-02-10 00:00:00-05:00,2.140000104904175,2.239000082015991,2.140000104904175,2.190000057220459,21000,0.0,0.0
2025-02-11 00:00:00-05:00,2.174999952316284,2.190000057220459,2.109999895095825,2.130000114440918,18200,0.0,0.0
2025-02-12 00:00:00-05:00,2.0999999046325684,2.259999990463257,2.0999999046325684,2.190000057220459,41300,0.0,0.0
2025-02-13 00:00:00-05:00,2.2799999713897705,2.2799999713897705,2.1700000762939453,2.240000009536743,29500,0.0,0.0
2025-02-14 00:00:00-05:00,2.25,2.4000000953674316,2.25,2.309999942779541,61200,0.0,0.0
2025-02-18 00:00:00-05:00,2.299999952316284,2.3399999141693115,2.200000047683716,2.200000047683716,44500,0.0,0.0
2025-02-19 00:00:00-05:00,2.2690000534057617,2.2690000534057617,2.119999885559082,2.119999885559082,18100,0.0,0.0
2025-02-20 00:00:00-05:00,2.309999942779541,2.309999942779541,2.059999942779541,2.125,82400,0.0,0.0
2025-02-21 00:00:00-05:00,2.180000066757202,2.180000066757202,2.0299999713897705,2.059999942779541,47200,0.0,0.0
2025-02-24 00:00:00-05:00,2.109999895095825,2.109999895095825,2.0230000019073486,2.055000066757202,29700,0.0,0.0
2025-02-25 00:00:00-05:00,2.049999952316284,2.069999933242798,2.0,2.015000104904175,52400,0.0,0.0
2025-02-26 00:00:00-05:00,2.0250000953674316,2.0999999046325684,2.0,2.0799999237060547,28900,0.0,0.0
2025-02-27 00:00:00-05:00,2.109999895095825,2.2200000286102295,2.0999999046325684,2.1600000858306885,40300,0.0,0.0
2025-02-28 00:00:00-05:00,2.130000114440918,2.130000114440918,2.0329999923706055,2.059999942779541,42700,0.0,0.0
2025-03-03 00:00:00-05:00,2.0999999046325684,2.1600000858306885,2.009999990463257,2.009999990463257,37600,0.0,0.0
2025-03-04 00:00:00-05:00,2.0,2.0999999046325684,1.9500000476837158,2.0799999237060547,32500,0.0,0.0
2025-03-05 00:00:00-05:00,2.059999942779541,2.0799999237060547,2.0299999713897705,2.0399999618530273,33700,0.0,0.0
2025-03-06 00:00:00-05:00,2.049999952316284,2.4000000953674316,2.0299999713897705,2.259999990463257,215000,0.0,0.0
2025-03-07 00:00:00-05:00,2.2699999809265137,2.309999942779541,2.0999999046325684,2.1500000953674316,106400,0.0,0.0
2025-03-10 00:00:00-04:00,2.2699999809265137,2.2699999809265137,2.059999942779541,2.059999942779541,51100,0.0,0.0
2025-03-11 00:00:00-04:00,2.049999952316284,2.119999885559082,2.0199999809265137,2.109999895095825,22500,0.0,0.0
2025-03-12 00:00:00-04:00,2.109999895095825,2.200000047683716,2.059999942779541,2.190000057220459,80700,0.0,0.0
2025-03-13 00:00:00-04:00,2.180000066757202,2.200000047683716,2.049999952316284,2.119999885559082,69400,0.0,0.0
2025-03-14 00:00:00-04:00,2.069999933242798,2.1500000953674316,2.069999933242798,2.140000104904175,26800,0.0,0.0
2025-03-17 00:00:00-04:00,2.119999885559082,2.367000102996826,2.119999885559082,2.184999942779541,90200,0.0,0.0
2025-03-18 00:00:00-04:00,2.2300000190734863,2.25,2.0799999237060547,2.109999895095825,1546100,0.0,0.0
2025-03-19 00:00:00-04:00,2.380000114440918,3.5,2.359999895095825,2.700000047683716,50974700,0.0,0.0
2025-03-20 00:00:00-04:00,2.5320000648498535,2.6429998874664307,2.2699999809265137,2.3499999046325684,885200,0.0,0.0
2025-03-21 00:00:00-04:00,2.359999895095825,2.4560000896453857,2.059999942779541,2.119999885559082,497500,0.0,0.0
2025-03-24 00:00:00-04:00,2.1500000953674316,2.5,2.1500000953674316,2.430000066757202,395200,0.0,0.0
2025-03-25 00:00:00-04:00,2.4000000953674316,2.559999942779541,2.2880001068115234,2.4000000953674316,189000,0.0,0.0
2025-03-26 00:00:00-04:00,2.25,2.4600000381469727,2.2309999465942383,2.2699999809265137,184300,0.0,0.0
2025-03-27 00:00:00-04:00,2.2200000286102295,2.450000047683716,2.2130000591278076,2.440000057220459,85300,0.0,0.0
2025-03-28 00:00:00-04:00,2.380000114440918,2.440000057220459,2.2699999809265137,2.299999952316284,134900,0.0,0.0
2025-03-31 00:00:00-04:00,2.2300000190734863,2.2899999618530273,2.0999999046325684,2.0999999046325684,185800,0.0,0.0
2025-04-01 00:00:00-04:00,2.0999999046325684,2.2090001106262207,2.0899999141693115,2.140000104904175,57200,0.0,0.0
2025-04-02 00:00:00-04:00,2.0999999046325684,2.247999906539917,2.0999999046325684,2.140000104904175,47100,0.0,0.0
2025-04-03 00:00:00-04:00,2.0199999809265137,2.069999933242798,1.909999966621399,1.9600000381469727,170600,0.0,0.0
2025-04-04 00:00:00-04:00,1.9500000476837158,1.9700000286102295,1.75,1.8200000524520874,159800,0.0,0.0
2025-04-07 00:00:00-04:00,1.7400000095367432,1.8200000524520874,1.7000000476837158,1.7599999904632568,127400,0.0,0.0
2025-04-08 00:00:00-04:00,1.8200000524520874,1.8300000429153442,1.565000057220459,1.600000023841858,119800,0.0,0.0
2025-04-09 00:00:00-04:00,1.559999942779541,1.7799999713897705,1.559999942779541,1.7699999809265137,91400,0.0,0.0
2025-04-10 00:00:00-04:00,1.7100000381469727,1.7899999618530273,1.6549999713897705,1.7200000286102295,79000,0.0,0.0
2025-04-11 00:00:00-04:00,1.7300000190734863,1.7799999713897705,1.6549999713897705,1.7799999713897705,72700,0.0,0.0
2025-04-14 00:00:00-04:00,1.7799999713897705,1.7799999713897705,1.6699999570846558,1.7599999904632568,189300,0.0,0.0
2025-04-15 00:00:00-04:00,1.75,1.7899999618530273,1.7200000286102295,1.7400000095367432,38000,0.0,0.0
2025-04-16 00:00:00-04:00,1.7100000381469727,1.7899999618530273,1.6299999952316284,1.7000000476837158,86600,0.0,0.0
2025-04-17 00:00:00-04:00,1.6799999475479126,1.7200000286102295,1.600000023841858,1.6950000524520874,179200,0.0,0.0
2025-04-21 00:00:00-04:00,1.6799999475479126,1.7000000476837158,1.5850000381469727,1.6399999856948853,126800,0.0,0.0
2025-04-22 00:00:00-04:00,1.649999976158142,1.7200000286102295,1.6039999723434448,1.7200000286102295,66500,0.0,0.0
2025-04-23 00:00:00-04:00,1.7200000286102295,1.8200000524520874,1.7000000476837158,1.7400000095367432,94800,0.0,0.0
2025-04-24 00:00:00-04:00,1.75,1.9199999570846558,1.7400000095367432,1.899999976158142,60900,0.0,0.0
2025-04-25 00:00:00-04:00,1.9199999570846558,1.9700000286102295,1.8600000143051147,1.9199999570846558,62900,0.0,0.0
2025-04-28 00:00:00-04:00,1.9199999570846558,2.0,1.8849999904632568,1.9299999475479126,45700,0.0,0.0
2025-04-29 00:00:00-04:00,1.909999966621399,2.0810000896453857,1.878999948501587,1.9800000190734863,54600,0.0,0.0
2025-04-30 00:00:00-04:00,1.899999976158142,2.0,1.8600000143051147,1.9700000286102295,20400,0.0,0.0
2025-05-01 00:00:00-04:00,1.9299999475479126,2.0,1.909999966621399,1.9500000476837158,41000,0.0,0.0
2025-05-02 00:00:00-04:00,1.9900000095367432,2.009999990463257,1.9600000381469727,1.9900000095367432,19400,0.0,0.0
2025-05-05 00:00:00-04:00,1.9700000286102295,2.140000104904175,1.9700000286102295,2.0,91900,0.0,0.0
2025-05-06 00:00:00-04:00,1.940000057220459,2.0199999809265137,1.850000023841858,1.8799999952316284,73000,0.0,0.0
2025-05-07 00:00:00-04:00,1.8899999856948853,1.930999994277954,1.850000023841858,1.8799999952316284,30400,0.0,0.0
2025-05-08 00:00:00-04:00,1.8799999952316284,2.009999990463257,1.8799999952316284,2.0,46700,0.0,0.0
2025-05-09 00:00:00-04:00,2.0,2.069999933242798,1.9900000095367432,2.059999942779541,51000,0.0,0.0
2025-05-12 00:00:00-04:00,2.140000104904175,2.190000057220459,2.0899999141693115,2.180000066757202,47900,0.0,0.0
2025-05-13 00:00:00-04:00,2.180000066757202,2.180000066757202,2.059999942779541,2.0910000801086426,37100,0.0,0.0
2025-05-14 00:00:00-04:00,2.069999933242798,2.134999990463257,2.0460000038146973,2.109999895095825,94200,0.0,0.0
2025-05-15 00:00:00-04:00,1.840000033378601,1.9800000190734863,1.5700000524520874,1.7649999856948853,305700,0.0,0.0
2025-05-16 00:00:00-04:00,1.75,2.0999999046325684,1.6799999475479126,1.7599999904632568,497600,0.0,0.0
2025-05-19 00:00:00-04:00,1.7200000286102295,1.7799999713897705,1.6399999856948853,1.690000057220459,119300,0.0,0.0
2025-05-20 00:00:00-04:00,1.6799999475479126,1.7200000286102295,1.6299999952316284,1.659999966621399,93300,0.0,0.0
2025-05-21 00:00:00-04:00,1.649999976158142,1.690000057220459,1.5850000381469727,1.6299999952316284,136400,0.0,0.0
2025-05-22 00:00:00-04:00,1.5800000429153442,1.850000023841858,1.5800000429153442,1.649999976158142,274900,0.0,0.0
2025-05-23 00:00:00-04:00,1.6100000143051147,1.6699999570846558,1.600000023841858,1.6200000047683716,80400,0.0,0.0
2025-05-27 00:00:00-04:00,1.6100000143051147,1.649999976158142,1.590000033378601,1.6299999952316284,126800,0.0,0.0
2025-05-28 00:00:00-04:00,1.6200000047683716,1.649999976158142,1.600000023841858,1.6200000047683716,56500,0.0,0.0
2025-05-29 00:00:00-04:00,1.6299999952316284,1.6699999570846558,1.5800000429153442,1.590000033378601,103000,0.0,0.0
2025-05-30 00:00:00-04:00,1.6299999952316284,1.75,1.5199999809265137,1.5299999713897705,366200,0.0,0.0
2025-06-02 00:00:00-04:00,1.4800000190734863,1.6619999408721924,1.4299999475479126,1.4600000381469727,224000,0.0,0.0
2025-06-03 00:00:00-04:00,1.4800000190734863,1.5,1.409999966621399,1.4600000381469727,81800,0.0,0.0
2025-06-04 00:00:00-04:00,1.4199999570846558,1.5399999618530273,1.3600000143051147,1.399999976158142,417200,0.0,0.0
2025-06-05 00:00:00-04:00,1.3799999952316284,1.4199999570846558,1.3600000143051147,1.3799999952316284,113200,0.0,0.0
2025-06-06 00:00:00-04:00,1.3799999952316284,1.4600000381469727,1.3700000047683716,1.4299999475479126,109100,0.0,0.0
2025-06-09 00:00:00-04:00,1.399999976158142,1.4500000476837158,1.399999976158142,1.4299999475479126,63300,0.0,0.0
2025-06-10 00:00:00-04:00,1.440000057220459,1.4500000476837158,1.3799999952316284,1.409999966621399,88200,0.0,0.0
2025-06-11 00:00:00-04:00,1.409999966621399,1.4600000381469727,1.3799999952316284,1.3899999856948853,169200,0.0,0.0
2025-06-12 00:00:00-04:00,1.3200000524520874,1.3769999742507935,1.2799999713897705,1.2799999713897705,225000,0.0,0.0
2025-06-13 00:00:00-04:00,1.2300000190734863,1.2899999618530273,1.2200000286102295,1.2400000095367432,146000,0.0,0.0
2025-06-16 00:00:00-04:00,1.2300000190734863,1.3700000047683716,1.2300000190734863,1.3300000429153442,156000,0.0,0.0
2025-06-17 00:00:00-04:00,1.2899999618530273,1.4900000095367432,1.2699999809265137,1.2899999618530273,300700,0.0,0.0
2025-06-18 00:00:00-04:00,1.2699999809265137,1.440000057220459,1.2699999809265137,1.3799999952316284,346100,0.0,0.0
2025-06-20 00:00:00-04:00,1.4199999570846558,1.5160000324249268,1.3700000047683716,1.3799999952316284,327700,0.0,0.0
2025-06-23 00:00:00-04:00,1.3600000143051147,1.440000057220459,1.340000033378601,1.399999976158142,269900,0.0,0.0
2025-06-24 00:00:00-04:00,1.399999976158142,1.659999966621399,1.399999976158142,1.6399999856948853,491400,0.0,0.0
2025-06-25 00:00:00-04:00,1.6399999856948853,1.7100000381469727,1.5800000429153442,1.600000023841858,559100,0.0,0.0
2025-06-26 00:00:00-04:00,1.5800000429153442,1.7200000286102295,1.5700000524520874,1.659999966621399,415000,0.0,0.0
2025-06-27 00:00:00-04:00,1.6799999475479126,1.690000057220459,1.559999942779541,1.6200000047683716,163900,0.0,0.0
2025-06-30 00:00:00-04:00,1.659999966621399,1.7100000381469727,1.600000023841858,1.659999966621399,212500,0.0,0.0
2025-07-01 00:00:00-04:00,1.659999966621399,1.7999999523162842,1.6200000047683716,1.659999966621399,492800,0.0,0.0
2025-07-02 00:00:00-04:00,1.6699999570846558,1.7000000476837158,1.565000057220459,1.590000033378601,159300,0.0,0.0
2025-07-03 00:00:00-04:00,1.6100000143051147,1.6480000019073486,1.5299999713897705,1.5499999523162842,105400,0.0,0.0
2025-07-07 00:00:00-04:00,1.5499999523162842,1.5700000524520874,1.4700000286102295,1.4800000190734863,181500,0.0,0.0
2025-07-08 00:00:00-04:00,1.5,1.5399999618530273,1.4600000381469727,1.5099999904632568,152800,0.0,0.0
2025-07-09 00:00:00-04:00,1.5199999809265137,1.5499999523162842,1.4809999465942383,1.5499999523162842,254900,0.0,0.0
2025-07-10 00:00:00-04:00,1.5399999618530273,1.559999942779541,1.4600000381469727,1.4800000190734863,149500,0.0,0.0
2025-07-11 00:00:00-04:00,1.4800000190734863,1.5099999904632568,1.4299999475479126,1.4500000476837158,147600,0.0,0.0
2025-07-14 00:00:00-04:00,1.4299999475479126,1.4600000381469727,1.3700000047683716,1.3899999856948853,95700,0.0,0.0
2025-07-15 00:00:00-04:00,1.3799999952316284,1.3799999952316284,1.340000033378601,1.340000033378601,119700,0.0,0.0
2025-07-16 00:00:00-04:00,1.350000023841858,1.3899999856948853,1.340000033378601,1.3700000047683716,56300,0.0,0.0
2025-07-17 00:00:00-04:00,1.3700000047683716,1.3899999856948853,1.3200000524520874,1.350000023841858,125900,0.0,0.0
2025-07-18 00:00:00-04:00,1.3700000047683716,1.409999966621399,1.340000033378601,1.3700000047683716,64300,0.0,0.0
2025-07-21 00:00:00-04:00,1.3700000047683716,1.3899999856948853,1.340000033378601,1.3650000095367432,101700,0.0,0.0
2025-07-22 00:00:00-04:00,1.3600000143051147,1.3799999952316284,1.3309999704360962,1.3700000047683716,58100,0.0,0.0
2025-07-23 00:00:00-04:00,1.3899999856948853,1.399999976158142,1.3799999952316284,1.3899999856948853,89800,0.0,0.0
2025-07-24 00:00:00-04:00,1.3600000143051147,1.399999976158142,1.3600000143051147,1.3600000143051147,57700,0.0,0.0
2025-07-25 00:00:00-04:00,1.3700000047683716,1.3899999856948853,1.350000023841858,1.3600000143051147,31400,0.0,0.0
2025-07-28 00:00:00-04:00,1.3600000143051147,1.3600000143051147,1.3300000429153442,1.3350000381469727,57300,0.0,0.0
2025-07-29 00:00:00-04:00,1.3300000429153442,1.3350000381469727,1.25,1.2599999904632568,76100,0.0,0.0
2025-07-30 00:00:00-04:00,1.2599999904632568,1.2699999809265137,1.225000023841858,1.2300000190734863,59600,0.0,0.0
2025-07-31 00:00:00-04:00,1.25,1.25,1.2100000381469727,1.215000033378601,85300,0.0,0.0
2025-08-01 00:00:00-04:00,1.2300000190734863,1.2400000095367432,1.159999966621399,1.1699999570846558,116100,0.0,0.0
2025-08-04 00:00:00-04:00,1.2000000476837158,1.2100000381469727,1.1699999570846558,1.2000000476837158,36700,0.0,0.0
2025-08-05 00:00:00-04:00,1.2000000476837158,1.2109999656677246,1.1699999570846558,1.1799999475479126,29900,0.0,0.0
2025-08-06 00:00:00-04:00,1.1799999475479126,1.2000000476837158,1.1699999570846558,1.1699999570846558,19600,0.0,0.0
2025-08-07 00:00:00-04:00,1.1799999475479126,1.2000000476837158,1.149999976158142,1.1699999570846558,37200,0.0,0.0
2025-08-08 00:00:00-04:00,1.159999966621399,1.2100000381469727,1.149999976158142,1.190000057220459,84400,0.0,0.0
2025-08-11 00:00:00-04:00,1.2100000381469727,1.2799999713897705,1.2100000381469727,1.2599999904632568,55800,0.0,0.0
2025-08-12 00:00:00-04:00,1.25,1.309999942779541,1.25,1.2999999523162842,41000,0.0,0.0
2025-08-13 00:00:00-04:00,1.2699999809265137,1.3200000524520874,1.25,1.2999999523162842,140100,0.0,0.0
2025-08-14 00:00:00-04:00,1.2000000476837158,1.2100000381469727,0.8999999761581421,0.9599999785423279,721100,0.0,0.0
2025-08-15 00:00:00-04:00,0.9900000095367432,1.0399999618530273,0.949999988079071,0.9509999752044678,194200,0.0,0.0
2025-08-18 00:00:00-04:00,0.9710000157356262,1.0700000524520874,0.949999988079071,1.0399999618530273,202000,0.0,0.0
2025-08-19 00:00:00-04:00,1.0399999618530273,1.0499999523162842,0.9850000143051147,0.9850000143051147,241700,0.0,0.0
2025-08-20 00:00:00-04:00,0.9599999785423279,1.0499999523162842,0.949999988079071,0.9909999966621399,152700,0.0,0.0
2025-08-21 00:00:00-04:00,0.9800000190734863,1.0299999713897705,0.9700000286102295,1.0199999809265137,54400,0.0,0.0
2025-08-22 00:00:00-04:00,0.9929999709129333,1.059999942779541,0.9919999837875366,1.0399999618530273,98200,0.0,0.0
2025-08-25 00:00:00-04:00,1.0399999618530273,1.059999942779541,1.0099999904632568,1.0299999713897705,38800,0.0,0.0
2025-08-26 00:00:00-04:00,1.0399999618530273,1.0399999618530273,1.0,1.0199999809265137,70100,0.0,0.0
2025-08-27 00:00:00-04:00,1.0,1.0299999713897705,1.0,1.0099999904632568,30900,0.0,0.0
2025-08-28 00:00:00-04:00,1.0099999904632568,1.0199999809265137,1.0,1.0099999904632568,40000,0.0,0.0
2025-08-29 00:00:00-04:00,1.0,1.0190000534057617,0.9599999785423279,0.9670000076293945,78800,0.0,0.0
2025-09-02 00:00:00-04:00,0.9599999785423279,0.9819999933242798,0.949999988079071,0.9760000109672546,52800,0.0,0.0
2025-09-03 00:00:00-04:00,0.9399999976158142,0.9779999852180481,0.9399999976158142,0.9580000042915344,43800,0.0,0.0
2025-09-04 00:00:00-04:00,0.9520000219345093,0.9760000109672546,0.9440000057220459,0.9520000219345093,25000,0.0,0.0
2025-09-05 00:00:00-04:00,0.9399999976158142,0.9860000014305115,0.9309999942779541,0.9769999980926514,70000,0.0,0.0
2025-09-08 00:00:00-04:00,0.9700000286102295,0.9800000190734863,0.9520000219345093,0.9679999947547913,78600,0.0,0.0
2025-09-09 00:00:00-04:00,0.9559999704360962,0.9789999723434448,0.949999988079071,0.949999988079071,102500,0.0,0.0
2025-09-10 00:00:00-04:00,0.9300000071525574,0.9860000014305115,0.9200000166893005,0.9509999752044678,96000,0.0,0.0
2025-09-11 00:00:00-04:00,0.9599999785423279,0.9890000224113464,0.949999988079071,0.9649999737739563,85000,0.0,0.0
2025-09-12 00:00:00-04:00,0.9440000057220459,0.9800000190734863,0.9440000057220459,0.9750000238418579,87800,0.0,0.0
2025-09-15 00:00:00-04:00,0.9800000190734863,0.9850000143051147,0.9459999799728394,0.9779999852180481,171500,0.0,0.0
2025-09-16 00:00:00-04:00,0.9700000286102295,0.9890000224113464,0.949999988079071,0.9800000190734863,81600,0.0,0.0
2025-09-17 00:00:00-04:00,0.9599999785423279,1.0,0.949999988079071,0.9739999771118164,91000,0.0,0.0
2025-09-18 00:00:00-04:00,0.9819999933242798,1.0099999904632568,0.9670000076293945,1.0,114000,0.0,0.0
2025-09-19 00:00:00-04:00,1.0199999809265137,1.0199999809265137,0.9900000095367432,0.9950000047683716,87300,0.0,0.0
2025-09-22 00:00:00-04:00,0.9900000095367432,1.0,0.9649999737739563,0.9919999837875366,103900,0.0,0.0
2025-09-23 00:00:00-04:00,1.0299999713897705,1.0499999523162842,0.9900000095367432,1.0399999618530273,162400,0.0,0.0
2025-09-24 00:00:00-04:00,1.0499999523162842,1.0499999523162842,0.9900000095367432,1.0399999618530273,108100,0.0,0.0
2025-09-25 00:00:00-04:00,1.0199999809265137,1.059999942779541,0.984000027179718,1.0499999523162842,141200,0.0,0.0
2025-09-26 00:00:00-04:00,1.0199999809265137,1.0499999523162842,1.0099999904632568,1.0199999809265137,135400,0.0,0.0
2025-09-29 00:00:00-04:00,1.0199999809265137,1.059999942779541,1.0140000581741333,1.0199999809265137,99200,0.0,0.0
2025-09-30 00:00:00-04:00,1.0299999713897705,1.059999942779541,1.0299999713897705,1.0499999523162842,152100,0.0,0.0
2025-10-01 00:00:00-04:00,1.0399999618530273,1.059999942779541,1.0199999809265137,1.0299999713897705,185200,0.0,0.0
2025-10-02 00:00:00-04:00,1.0399999618530273,1.1799999475479126,1.0199999809265137,1.1399999856948853,205500,0.0,0.0
2025-10-03 00:00:00-04:00,1.149999976158142,1.2100000381469727,1.1449999809265137,1.1799999475479126,92500,0.0,0.0
2025-10-06 00:00:00-04:00,1.2000000476837158,1.2280000448226929,1.1239999532699585,1.149999976158142,131100,0.0,0.0
2025-10-07 00:00:00-04:00,1.159999966621399,1.1640000343322754,1.100000023841858,1.1299999952316284,106800,0.0,0.0
2025-10-08 00:00:00-04:00,1.1299999952316284,1.2000000476837158,1.1109999418258667,1.1549999713897705,65700,0.0,0.0
2025-10-09 00:00:00-04:00,1.1699999570846558,1.2400000095367432,1.1699999570846558,1.2100000381469727,97700,0.0,0.0
2025-10-10 00:00:00-04:00,1.2100000381469727,1.2599999904632568,1.0399999618530273,1.0499999523162842,369600,0.0,0.0
2025-10-13 00:00:00-04:00,1.0800000429153442,1.100000023841858,1.0499999523162842,1.0499999523162842,62000,0.0,0.0
2025-10-14 00:00:00-04:00,1.0700000524520874,1.1239999532699585,1.0399999618530273,1.059999942779541,95200,0.0,0.0
2025-10-15 00:00:00-04:00,1.059999942779541,1.090000033378601,1.0520000457763672,1.0700000524520874,69300,0.0,0.0
2025-10-16 00:00:00-04:00,1.0700000524520874,1.0800000429153442,1.0199999809265137,1.0199999809265137,75800,0.0,0.0
2025-10-17 00:00:00-04:00,1.0199999809265137,1.0399999618530273,0.9869999885559082,1.0199999809265137,69700,0.0,0.0
2025-10-20 00:00:00-04:00,1.0199999809265137,1.0399999618530273,1.0,1.0149999856948853,46000,0.0,0.0
2025-10-21 00:00:00-04:00,1.0099999904632568,1.0299999713897705,0.9900000095367432,1.0199999809265137,78000,0.0,0.0
2025-10-22 00:00:00-04:00,1.0099999904632568,1.0199999809265137,0.9750000238418579,0.9800000190734863,124400,0.0,0.0
2025-10-23 00:00:00-04:00,0.9700000286102295,1.0299999713897705,0.949999988079071,1.0299999713897705,61800,0.0,0.0
2025-10-24 00:00:00-04:00,1.0299999713897705,1.0299999713897705,1.003999948501587,1.0099999904632568,31300,0.0,0.0
2025-10-27 00:00:00-04:00,1.0,1.0399999618530273,0.9800000190734863,0.9900000095367432,63900,0.0,0.0
2025-10-28 00:00:00-04:00,0.9900000095367432,1.0,0.9700000286102295,0.9850000143051147,42500,0.0,0.0
2025-10-29 00:00:00-04:00,0.9800000190734863,1.0199999809265137,0.9610000252723694,0.9610000252723694,57900,0.0,0.0
2025-10-30 00:00:00-04:00,0.9610000252723694,0.9900000095367432,0.949999988079071,0.9620000123977661,25600,0.0,0.0
2025-10-31 00:00:00-04:00,0.9580000042915344,0.9909999966621399,0.9520000219345093,0.9589999914169312,41900,0.0,0.0
2025-11-03 00:00:00-05:00,0.9620000123977661,0.9649999737739563,0.9200000166893005,0.9399999976158142,37100,0.0,0.0
2025-11-04 00:00:00-05:00,0.9200000166893005,0.9380000233650208,0.8999999761581421,0.8999999761581421,83700,0.0,0.0
2025-11-05 00:00:00-05:00,0.9100000262260437,0.9100000262260437,0.8410000205039978,0.847000002861023,103000,0.0,0.0
2025-11-06 00:00:00-05:00,0.8600000143051147,0.8600000143051147,0.8199999928474426,0.8379999995231628,80000,0.0,0.0
2025-11-07 00:00:00-05:00,0.8500000238418579,0.8700000047683716,0.8119999766349792,0.8220000267028809,64400,0.0,0.0
2025-11-10 00:00:00-05:00,0.824999988079071,0.9300000071525574,0.8220000267028809,0.8650000095367432,17400,0.0,0.0
2025-11-11 00:00:00-05:00,0.8600000143051147,0.8700000047683716,0.8450000286102295,0.8569999933242798,18200,0.0,0.0
2025-11-12 00:00:00-05:00,0.8669999837875366,0.8999999761581421,0.8309999704360962,0.8539999723434448,52300,0.0,0.0
2025-11-13 00:00:00-05:00,0.8410000205039978,0.8820000290870667,0.8100000023841858,0.828000009059906,178800,0.0,0.0
2025-11-14 00:00:00-05:00,0.8299999833106995,0.8500000238418579,0.8100000023841858,0.8379999995231628,32800,0.0,0.0
2025-11-17 00:00:00-05:00,0.8299999833106995,0.8999999761581421,0.7770000100135803,0.7770000100135803,76000,0.0,0.0
2025-11-18 00:00:00-05:00,0.7889999747276306,0.8069999814033508,0.7139999866485596,0.7139999866485596,99800,0.0,0.0
2025-11-19 00:00:00-05:00,0.7099999785423279,0.7799999713897705,0.699999988079071,0.734000027179718,131600,0.0,0.0
2025-11-20 00:00:00-05:00,0.7639999985694885,0.7789999842643738,0.6899999976158142,0.6990000009536743,83800,0.0,0.0
2025-11-21 00:00:00-05:00,0.6919999718666077,0.7099999785423279,0.6510000228881836,0.671999990940094,70400,0.0,0.0
2025-11-24 00:00:00-05:00,0.6909999847412109,0.6940000057220459,0.6499999761581421,0.6769999861717224,116600,0.0,0.0
2025-11-25 00:00:00-05:00,0.6800000071525574,0.7200000286102295,0.6800000071525574,0.7170000076293945,61500,0.0,0.0
2025-11-26 00:00:00-05:00,0.7260000109672546,0.7260000109672546,0.699999988079071,0.7020000219345093,84400,0.0,0.0
2025-11-28 00:00:00-05:00,0.7300000190734863,0.75,0.7099999785423279,0.7490000128746033,58000,0.0,0.0
2025-12-01 00:00:00-05:00,0.7400000095367432,0.7599999904632568,0.7400000095367432,0.7599999904632568,49700,0.0,0.0
2025-12-02 00:00:00-05:00,0.7509999871253967,0.7699999809265137,0.75,0.7570000290870667,14700,0.0,0.0
2025-12-03 00:00:00-05:00,0.7829999923706055,0.7870000004768372,0.75,0.7870000004768372,39300,0.0,0.0
2025-12-04 00:00:00-05:00,0.7799999713897705,0.800000011920929,0.7549999952316284,0.800000011920929,110000,0.0,0.0
2025-12-05 00:00:00-05:00,0.7889999747276306,0.800000011920929,0.7799999713897705,0.7950000166893005,18300,0.0,0.0
2025-12-08 00:00:00-05:00,0.800000011920929,0.9750000238418579,0.7929999828338623,0.9200000166893005,710600,0.0,0.0
2025-12-09 00:00:00-05:00,1.0399999618530273,1.0499999523162842,0.8610000014305115,0.9750000238418579,962000,0.0,0.0
2025-12-10 00:00:00-05:00,0.949999988079071,0.9649999737739563,0.8799999952316284,0.9129999876022339,169500,0.0,0.0
2025-12-11 00:00:00-05:00,0.8899999856948853,0.9399999976158142,0.8500000238418579,0.8930000066757202,165900,0.0,0.0
2025-12-12 00:00:00-05:00,0.6769999861717224,0.8679999709129333,0.6769999861717224,0.7699999809265137,378700,0.0,0.0
2025-12-15 00:00:00-05:00,0.7490000128746033,0.800000011920929,0.7009999752044678,0.7229999899864197,285600,0.0,0.0
2025-12-16 00:00:00-05:00,0.7350000143051147,0.75,0.699999988079071,0.703000009059906,75000,0.0,0.0
2025-12-17 00:00:00-05:00,0.703000009059906,0.7300000190734863,0.6909999847412109,0.6930000185966492,38000,0.0,0.0
2025-12-18 00:00:00-05:00,0.699999988079071,0.722000002861023,0.6800000071525574,0.6949999928474426,84700,0.0,0.0
2025-12-19 00:00:00-05:00,0.7099999785423279,0.718999981880188,0.6600000262260437,0.6880000233650208,141800,0.0,0.0
2025-12-22 00:00:00-05:00,0.6880000233650208,0.7099999785423279,0.6700000166893005,0.7059999704360962,77100,0.0,0.0
2025-12-23 00:00:00-05:00,0.7059999704360962,0.7139999866485596,0.6759999990463257,0.6899999976158142,63000,0.0,0.0
2025-12-24 00:00:00-05:00,0.6800000071525574,0.6990000009536743,0.6639999747276306,0.6949999928474426,60700,0.0,0.0
2025-12-26 00:00:00-05:00,0.6949999928474426,0.699999988079071,0.675000011920929,0.699999988079071,43100,0.0,0.0
2025-12-29 00:00:00-05:00,0.6800000071525574,0.6850000023841858,0.6549999713897705,0.6620000004768372,99800,0.0,0.0
2025-12-30 00:00:00-05:00,0.6600000262260437,0.6800000071525574,0.6579999923706055,0.6700000166893005,83000,0.0,0.0
2025-12-31 00:00:00-05:00,0.6610000133514404,0.7089999914169312,0.6399999856948853,0.6959999799728394,118300,0.0,0.0
2026-01-02 00:00:00-05:00,0.7099999785423279,0.7170000076293945,0.6729999780654907,0.7170000076293945,80800,0.0,0.0
2026-01-05 00:00:00-05:00,0.6919999718666077,0.8209999799728394,0.6909999847412109,0.7799999713897705,618900,0.0,0.0
2026-01-06 00:00:00-05:00,0.777999997138977,0.8100000023841858,0.7609999775886536,0.7910000085830688,132900,0.0,0.0
2026-01-07 00:00:00-05:00,0.843999981880188,0.9129999876022339,0.8180000185966492,0.9100000262260437,265900,0.0,0.0
2026-01-08 00:00:00-05:00,0.9229999780654907,0.9359999895095825,0.8109999895095825,0.8299999833106995,235200,0.0,0.0
2026-01-09 00:00:00-05:00,0.800000011920929,0.8830000162124634,0.800000011920929,0.8220000267028809,64800,0.0,0.0
2026-01-12 00:00:00-05:00,0.8529999852180481,0.8529999852180481,0.800000011920929,0.8140000104904175,87100,0.0,0.0
2026-01-13 00:00:00-05:00,0.8029999732971191,0.8320000171661377,0.7319999933242798,0.765999972820282,129800,0.0,0.0
2026-01-14 00:00:00-05:00,0.7599999904632568,0.7929999828338623,0.7419999837875366,0.7570000290870667,33800,0.0,0.0
2026-01-15 00:00:00-05:00,0.7799999713897705,0.8199999928474426,0.7609999775886536,0.7730000019073486,69100,0.0,0.0
2026-01-16 00:00:00-05:00,0.7879999876022339,0.8069999814033508,0.7599999904632568,0.7720000147819519,56900,0.0,0.0
2026-01-20 00:00:00-05:00,0.7699999809265137,0.7950000166893005,0.75,0.7570000290870667,52000,0.0,0.0
2026-01-21 00:00:00-05:00,0.7799999713897705,0.8980000019073486,0.7599999904632568,0.800000011920929,507700,0.0,0.0
2026-01-22 00:00:00-05:00,0.800000011920929,0.8330000042915344,0.7519999742507935,0.7620000243186951,116900,0.0,0.0
2026-01-23 00:00:00-05:00,0.7799999713897705,0.800000011920929,0.75,0.7540000081062317,34800,0.0,0.0
2026-01-26 00:00:00-05:00,0.7599999904632568,0.7960000038146973,0.7599999904632568,0.7680000066757202,54600,0.0,0.0
2026-01-27 00:00:00-05:00,0.7789999842643738,0.7799999713897705,0.699999988079071,0.7239999771118164,98200,0.0,0.0
2026-01-28 00:00:00-05:00,0.6620000004768372,0.7630000114440918,0.6620000004768372,0.7020000219345093,98600,0.0,0.0
2026-01-29 00:00:00-05:00,0.699999988079071,0.7099999785423279,0.6859999895095825,0.699999988079071,51400,0.0,0.0
2026-01-30 00:00:00-05:00,0.6990000009536743,0.7210000157356262,0.6800000071525574,0.6930000185966492,67600,0.0,0.0
2026-02-02 00:00:00-05:00,0.6800000071525574,0.7099999785423279,0.6800000071525574,0.699999988079071,33400,0.0,0.0
2026-02-03 00:00:00-05:00,0.6700000166893005,0.699999988079071,0.640999972820282,0.6499999761581421,112600,0.0,0.0
2026-02-04 00:00:00-05:00,0.6420000195503235,0.6759999990463257,0.6420000195503235,0.6679999828338623,57600,0.0,0.0
2026-02-05 00:00:00-05:00,0.675000011920929,0.6800000071525574,0.6150000095367432,0.6200000047683716,67300,0.0,0.0
2026-02-06 00:00:00-05:00,0.6259999871253967,0.6639999747276306,0.6259999871253967,0.6510000228881836,56600,0.0,0.0
2026-02-09 00:00:00-05:00,0.6600000262260437,0.6819999814033508,0.625,0.6499999761581421,51500,0.0,0.0
2026-02-10 00:00:00-05:00,0.6700000166893005,0.7390000224113464,0.6499999761581421,0.699999988079071,182300,0.0,0.0
2026-02-11 00:00:00-05:00,0.6959999799728394,0.7279999852180481,0.6629999876022339,0.6880000233650208,57600,0.0,0.0
2026-02-12 00:00:00-05:00,0.6809999942779541,0.7110000252723694,0.6359999775886536,0.6449999809265137,43100,0.0,0.0
2026-02-13 00:00:00-05:00,0.6480000019073486,0.6880000233650208,0.6370000243186951,0.6370000243186951,34000,0.0,0.0
2026-02-17 00:00:00-05:00,0.6269999742507935,0.6499999761581421,0.5730000138282776,0.578000009059906,154000,0.0,0.0
2026-02-18 00:00:00-05:00,0.5899999737739563,0.5910000205039978,0.5149999856948853,0.5709999799728394,130400,0.0,0.0
2026-02-19 00:00:00-05:00,0.5709999799728394,0.5799999833106995,0.550000011920929,0.5649999976158142,34400,0.0,0.0
2026-02-20 00:00:00-05:00,0.5699999928474426,0.5899999737739563,0.5529999732971191,0.574999988079071,64900,0.0,0.0
2026-02-23 00:00:00-05:00,0.5609999895095825,0.574999988079071,0.5370000004768372,0.5619999766349792,46400,0.0,0.0
2026-02-24 00:00:00-05:00,0.5600000023841858,0.5989999771118164,0.550000011920929,0.5649999976158142,81500,0.0,0.0
2026-02-25 00:00:00-05:00,0.5580000281333923,0.5989999771118164,0.5580000281333923,0.5809999704360962,69700,0.0,0.0
2026-02-26 00:00:00-05:00,0.5709999799728394,0.6100000143051147,0.5699999928474426,0.5989999771118164,32900,0.0,0.0
2026-02-27 00:00:00-05:00,0.5699999928474426,0.6190000176429749,0.5600000023841858,0.5690000057220459,79000,0.0,0.0
2026-03-02 00:00:00-05:00,0.5600000023841858,0.6060000061988831,0.5600000023841858,0.5699999928474426,77300,0.0,0.0
2026-03-03 00:00:00-05:00,0.550000011920929,0.5899999737739563,0.550000011920929,0.5509999990463257,76100,0.0,0.0
2026-03-04 00:00:00-05:00,0.550000011920929,0.5799999833106995,0.550000011920929,0.5609999895095825,15000,0.0,0.0
2026-03-05 00:00:00-05:00,0.5609999895095825,0.6000000238418579,0.5609999895095825,0.5709999799728394,84200,0.0,0.0
2026-03-06 00:00:00-05:00,0.5860000252723694,0.5989999771118164,0.5699999928474426,0.574999988079071,22500,0.0,0.0
2026-03-09 00:00:00-04:00,0.6000000238418579,0.6000000238418579,0.5460000038146973,0.5540000200271606,86900,0.0,0.0
2026-03-10 00:00:00-04:00,0.5799999833106995,0.5799999833106995,0.5410000085830688,0.5429999828338623,46600,0.0,0.0
2026-03-11 00:00:00-04:00,0.5389999747276306,0.5960000157356262,0.5389999747276306,0.574999988079071,25100,0.0,0.0
2026-03-12 00:00:00-04:00,0.550000011920929,0.6000000238418579,0.5400000214576721,0.5799999833106995,51400,0.0,0.0
2026-03-13 00:00:00-04:00,0.5799999833106995,0.6000000238418579,0.5460000038146973,0.5809999704360962,49900,0.0,0.0
2026-03-16 00:00:00-04:00,0.5899999737739563,0.6299999952316284,0.5559999942779541,0.6069999933242798,69600,0.0,0.0
2026-03-17 00:00:00-04:00,0.597000002861023,0.6299999952316284,0.5799999833106995,0.6150000095367432,34100,0.0,0.0
2026-03-18 00:00:00-04:00,0.6290000081062317,0.6299999952316284,0.6000000238418579,0.6019999980926514,30600,0.0,0.0
2026-03-19 00:00:00-04:00,0.5820000171661377,0.621999979019165,0.5509999990463257,0.5899999737739563,25200,0.0,0.0
2026-03-20 00:00:00-04:00,0.5740000009536743,0.6140000224113464,0.5630000233650208,0.6000000238418579,112300,0.0,0.0
2026-03-23 00:00:00-04:00,0.6200000047683716,0.6200000047683716,0.578000009059906,0.5809999704360962,27400,0.0,0.0
2026-03-24 00:00:00-04:00,0.6000000238418579,0.6100000143051147,0.5699999928474426,0.5699999928474426,18500,0.0,0.0
2026-03-25 00:00:00-04:00,0.5849999785423279,0.5989999771118164,0.5799999833106995,0.597000002861023,20700,0.0,0.0
2026-03-26 00:00:00-04:00,0.5619999766349792,0.6200000047683716,0.5619999766349792,0.6039999723434448,30700,0.0,0.0
2026-03-27 00:00:00-04:00,0.6069999933242798,0.6100000143051147,0.5609999895095825,0.5609999895095825,37400,0.0,0.0
2026-03-30 00:00:00-04:00,0.5600000023841858,0.5820000171661377,0.5479999780654907,0.5659999847412109,20800,0.0,0.0
2026-03-31 00:00:00-04:00,0.5669999718666077,0.5989999771118164,0.550000011920929,0.5730000138282776,35700,0.0,0.0
2026-04-01 00:00:00-04:00,0.5979999899864197,0.6050000190734863,0.5519999861717224,0.6029999852180481,75400,0.0,0.0
2026-04-02 00:00:00-04:00,0.5600000023841858,0.6100000143051147,0.5600000023841858,0.6029999852180481,29900,0.0,0.0
2026-04-06 00:00:00-04:00,0.5830000042915344,0.6449999809265137,0.574999988079071,0.6430000066757202,24900,0.0,0.0
2026-04-07 00:00:00-04:00,0.6589999794960022,0.6690000295639038,0.6100000143051147,0.6690000295639038,50600,0.0,0.0
2026-04-08 00:00:00-04:00,0.7149999737739563,0.7200000286102295,0.6800000071525574,0.7200000286102295,53600,0.0,0.0
2026-04-09 00:00:00-04:00,0.6909999847412109,0.7200000286102295,0.6899999976158142,0.7179999947547913,28000,0.0,0.0
2026-04-10 00:00:00-04:00,0.7300000190734863,0.7300000190734863,0.6610000133514404,0.6740000247955322,86300,0.0,0.0
2026-04-13 00:00:00-04:00,0.6610000133514404,0.6890000104904175,0.6499999761581421,0.6800000071525574,25900,0.0,0.0
2026-04-14 00:00:00-04:00,0.6639999747276306,0.7020000219345093,0.6639999747276306,0.6919999718666077,44000,0.0,0.0
2026-04-15 00:00:00-04:00,0.699999988079071,0.7099999785423279,0.6629999876022339,0.6850000023841858,25900,0.0,0.0
2026-04-16 00:00:00-04:00,0.699999988079071,0.7099999785423279,0.6809999942779541,0.7099999785423279,49600,0.0,0.0
2026-04-17 00:00:00-04:00,0.7099999785423279,0.7200000286102295,0.699999988079071,0.7110000252723694,50100,0.0,0.0
2026-04-20 00:00:00-04:00,0.7099999785423279,0.7250000238418579,0.7089999914169312,0.7250000238418579,36600,0.0,0.0
2026-04-21 00:00:00-04:00,0.7300000190734863,0.7300000190734863,0.6840000152587891,0.7099999785423279,36800,0.0,0.0
2026-04-22 00:00:00-04:00,0.6919999718666077,0.7200000286102295,0.6899999976158142,0.7179999947547913,32400,0.0,0.0
2026-04-23 00:00:00-04:00,0.7149999737739563,0.7149999737739563,0.6909999847412109,0.7089999914169312,23800,0.0,0.0
2026-04-24 00:00:00-04:00,0.6909999847412109,0.7009999752044678,0.6179999709129333,0.6570000052452087,74700,0.0,0.0
2026-04-27 00:00:00-04:00,0.6600000262260437,0.699999988079071,0.656000018119812,0.6570000052452087,34900,0.0,0.0
2026-04-28 00:00:00-04:00,1.100000023841858,1.8700000047683716,0.9750000238418579,1.1100000143051147,257821000,0.0,0.0
2026-04-29 00:00:00-04:00,1.0299999713897705,1.1799999475479126,1.0,1.059999942779541,7161000,0.0,0.0
2026-04-30 00:00:00-04:00,1.0099999904632568,1.055999994277954,0.9179999828338623,0.949999988079071,2204400,0.0,0.0
2026-05-01 00:00:00-04:00,0.9599999785423279,1.1200000047683716,0.9110000133514404,1.0499999523162842,1629800,0.0,0.0
2026-05-04 00:00:00-04:00,1.0299999713897705,1.3200000524520874,1.0199999809265137,1.2100000381469727,2881800,0.0,0.0
2026-05-05 00:00:00-04:00,1.2300000190734863,1.2799999713897705,1.1299999952316284,1.2599999904632568,1134600,0.0,0.0
2026-05-06 00:00:00-04:00,1.2599999904632568,1.3300000429153442,1.1799999475479126,1.2599999904632568,903100,0.0,0.0
2026-05-07 00:00:00-04:00,1.2400000095367432,1.2899999618530273,1.190000057220459,1.2200000286102295,350400,0.0,0.0
2026-05-08 00:00:00-04:00,1.2100000381469727,1.2300000190734863,1.0950000286102295,1.100000023841858,505800,0.0,0.0
2026-05-11 00:00:00-04:00,1.090000033378601,1.159999966621399,1.0499999523162842,1.1200000047683716,415200,0.0,0.0
2026-05-12 00:00:00-04:00,1.1200000047683716,1.2699999809265137,1.1100000143051147,1.1299999952316284,693000,0.0,0.0
2026-05-13 00:00:00-04:00,1.149999976158142,1.149999976158142,1.059999942779541,1.059999942779541,324000,0.0,0.0
2026-05-14 00:00:00-04:00,1.0499999523162842,1.1799999475479126,1.0299999713897705,1.149999976158142,890600,0.0,0.0
2026-05-15 00:00:00-04:00,1.100000023841858,1.190000057220459,1.0700000524520874,1.090000033378601,505000,0.0,0.0
2026-05-18 00:00:00-04:00,1.2000000476837158,1.350000023841858,1.1799999475479126,1.3300000429153442,1352000,0.0,0.0
2026-05-19 00:00:00-04:00,1.309999942779541,1.3700000047683716,1.2100000381469727,1.2200000286102295,532700,0.0,0.0
2026-05-20 00:00:00-04:00,1.1799999475479126,1.2000000476837158,1.1200000047683716,1.1799999475479126,314700,0.0,0.0
2026-05-21 00:00:00-04:00,1.190000057220459,1.2100000381469727,1.159999966621399,1.190000057220459,314825,0.0,0.0
