Date,Open,High,Low,Close,Volume,Dividends,Stock Splits
2022-01-03 00:00:00-05:00,8.15999984741211,8.279999732971191,8.029999732971191,8.239999771118164,1227200,0.0,0.0
2022-01-04 00:00:00-05:00,8.260000228881836,8.260000228881836,7.690000057220459,7.789999961853027,1779900,0.0,0.0
2022-01-05 00:00:00-05:00,7.75,7.90500020980835,7.400000095367432,7.400000095367432,1384800,0.0,0.0
2022-01-06 00:00:00-05:00,7.400000095367432,7.51800012588501,7.019999980926514,7.21999979019165,1496000,0.0,0.0
2022-01-07 00:00:00-05:00,7.300000190734863,7.5,7.090000152587891,7.099999904632568,1213300,0.0,0.0
2022-01-10 00:00:00-05:00,7.079999923706055,7.119999885559082,6.775000095367432,7.03000020980835,1597100,0.0,0.0
2022-01-11 00:00:00-05:00,7.070000171661377,7.485000133514404,6.900000095367432,7.449999809265137,2311400,0.0,0.0
2022-01-12 00:00:00-05:00,7.519999980926514,7.53000020980835,7.119999885559082,7.130000114440918,1203200,0.0,0.0
2022-01-13 00:00:00-05:00,7.150000095367432,7.260000228881836,6.809999942779541,6.829999923706055,1435500,0.0,0.0
2022-01-14 00:00:00-05:00,6.829999923706055,6.920000076293945,6.690000057220459,6.829999923706055,1602600,0.0,0.0
2022-01-18 00:00:00-05:00,6.829999923706055,6.849999904632568,6.440000057220459,6.460000038146973,1715600,0.0,0.0
2022-01-19 00:00:00-05:00,6.5,6.599999904632568,6.409999847412109,6.510000228881836,1953700,0.0,0.0
2022-01-20 00:00:00-05:00,6.650000095367432,6.699999809265137,6.300000190734863,6.320000171661377,1761100,0.0,0.0
2022-01-21 00:00:00-05:00,6.25,6.269999980926514,5.949999809265137,5.949999809265137,2452300,0.0,0.0
2022-01-24 00:00:00-05:00,5.650000095367432,6.139999866485596,5.539999961853027,6.050000190734863,5097400,0.0,0.0
2022-01-25 00:00:00-05:00,6.0,6.215000152587891,5.909999847412109,6.130000114440918,2014300,0.0,0.0
2022-01-26 00:00:00-05:00,6.349999904632568,6.570000171661377,6.110000133514404,6.139999866485596,2121400,0.0,0.0
2022-01-27 00:00:00-05:00,6.21999979019165,6.239999771118164,5.78000020980835,5.829999923706055,1326600,0.0,0.0
2022-01-28 00:00:00-05:00,5.800000190734863,5.96999979019165,5.639999866485596,5.940000057220459,1481900,0.0,0.0
2022-01-31 00:00:00-05:00,5.980000019073486,6.514999866485596,5.980000019073486,6.489999771118164,1907600,0.0,0.0
2022-02-01 00:00:00-05:00,6.650000095367432,6.849999904632568,6.429999828338623,6.78000020980835,1500400,0.0,0.0
2022-02-02 00:00:00-05:00,6.769999980926514,6.820000171661377,6.510000228881836,6.630000114440918,1208800,0.0,0.0
2022-02-03 00:00:00-05:00,6.440000057220459,6.590000152587891,6.099999904632568,6.130000114440918,1225200,0.0,0.0
2022-02-04 00:00:00-05:00,6.150000095367432,6.179999828338623,5.900000095367432,5.920000076293945,1410700,0.0,0.0
2022-02-07 00:00:00-05:00,6.010000228881836,6.089000225067139,5.900000095367432,5.929999828338623,802900,0.0,0.0
2022-02-08 00:00:00-05:00,5.909999847412109,6.010000228881836,5.809999942779541,6.0,882700,0.0,0.0
2022-02-09 00:00:00-05:00,6.119999885559082,6.210000038146973,5.920000076293945,6.139999866485596,2940800,0.0,0.0
2022-02-10 00:00:00-05:00,5.960000038146973,6.340000152587891,5.949999809265137,6.019999980926514,1383700,0.0,0.0
2022-02-11 00:00:00-05:00,6.019999980926514,6.131999969482422,5.769999980926514,5.840000152587891,1335800,0.0,0.0
2022-02-14 00:00:00-05:00,5.789999961853027,5.889999866485596,5.699999809265137,5.710000038146973,930800,0.0,0.0
2022-02-15 00:00:00-05:00,5.840000152587891,6.090000152587891,5.829999923706055,6.059999942779541,1089400,0.0,0.0
2022-02-16 00:00:00-05:00,6.0,6.039999961853027,5.849999904632568,5.989999771118164,1200800,0.0,0.0
2022-02-17 00:00:00-05:00,5.900000095367432,5.929999828338623,5.755000114440918,5.78000020980835,886200,0.0,0.0
2022-02-18 00:00:00-05:00,5.71999979019165,5.809999942779541,5.539999961853027,5.559999942779541,1298900,0.0,0.0
2022-02-22 00:00:00-05:00,5.539999961853027,5.619999885559082,5.349999904632568,5.380000114440918,1482400,0.0,0.0
2022-02-23 00:00:00-05:00,5.460000038146973,5.519999980926514,5.340000152587891,5.360000133514404,831500,0.0,0.0
2022-02-24 00:00:00-05:00,5.03000020980835,5.579999923706055,5.03000020980835,5.539999961853027,1388800,0.0,0.0
2022-02-25 00:00:00-05:00,5.590000152587891,5.71999979019165,5.454999923706055,5.710000038146973,1052300,0.0,0.0
2022-02-28 00:00:00-05:00,5.650000095367432,5.809999942779541,5.614999771118164,5.78000020980835,1013500,0.0,0.0
2022-03-01 00:00:00-05:00,5.78000020980835,5.879000186920166,5.664999961853027,5.769999980926514,1145200,0.0,0.0
2022-03-02 00:00:00-05:00,5.78000020980835,5.880000114440918,5.639999866485596,5.880000114440918,1897200,0.0,0.0
2022-03-03 00:00:00-05:00,5.929999828338623,5.984000205993652,5.71999979019165,5.849999904632568,983100,0.0,0.0
2022-03-04 00:00:00-05:00,5.760000228881836,5.840000152587891,5.409999847412109,5.440000057220459,1156500,0.0,0.0
2022-03-07 00:00:00-05:00,5.5,5.53000020980835,5.150000095367432,5.179999828338623,1530000,0.0,0.0
2022-03-08 00:00:00-05:00,5.159999847412109,5.429999828338623,5.054999828338623,5.239999771118164,957500,0.0,0.0
2022-03-09 00:00:00-05:00,5.46999979019165,5.764999866485596,5.389999866485596,5.579999923706055,953700,0.0,0.0
2022-03-10 00:00:00-05:00,5.46999979019165,5.539999961853027,5.269999980926514,5.440000057220459,887700,0.0,0.0
2022-03-11 00:00:00-05:00,5.46999979019165,5.5,5.204999923706055,5.21999979019165,1096900,0.0,0.0
2022-03-14 00:00:00-04:00,5.289999961853027,5.289999961853027,5.010000228881836,5.019999980926514,1320800,0.0,0.0
2022-03-15 00:00:00-04:00,5.070000171661377,5.230000019073486,5.019999980926514,5.199999809265137,782000,0.0,0.0
2022-03-16 00:00:00-04:00,5.28000020980835,5.53000020980835,5.25,5.519999980926514,1792400,0.0,0.0
2022-03-17 00:00:00-04:00,5.46999979019165,5.699999809265137,5.429999828338623,5.650000095367432,702500,0.0,0.0
2022-03-18 00:00:00-04:00,5.570000171661377,5.940000057220459,5.551000118255615,5.889999866485596,1060400,0.0,0.0
2022-03-21 00:00:00-04:00,5.849999904632568,6.059999942779541,5.820000171661377,5.960000038146973,1086700,0.0,0.0
2022-03-22 00:00:00-04:00,6.019999980926514,6.144999980926514,5.989999771118164,6.139999866485596,757900,0.0,0.0
2022-03-23 00:00:00-04:00,6.119999885559082,6.159999847412109,5.949999809265137,5.960000038146973,967100,0.0,0.0
2022-03-24 00:00:00-04:00,6.03000020980835,6.150000095367432,5.849999904632568,6.039999961853027,2915000,0.0,0.0
2022-03-25 00:00:00-04:00,4.951000213623047,4.989999771118164,4.199999809265137,4.679999828338623,22617100,0.0,0.0
2022-03-28 00:00:00-04:00,4.769999980926514,4.900000095367432,4.380000114440918,4.900000095367432,6806500,0.0,0.0
2022-03-29 00:00:00-04:00,4.900000095367432,5.380000114440918,4.900000095367432,5.269999980926514,6076700,0.0,0.0
2022-03-30 00:00:00-04:00,5.28000020980835,5.539000034332275,5.119999885559082,5.260000228881836,1913900,0.0,0.0
2022-03-31 00:00:00-04:00,5.269999980926514,5.320000171661377,5.059999942779541,5.210000038146973,1339000,0.0,0.0
2022-04-01 00:00:00-04:00,5.230000019073486,5.28000020980835,4.909999847412109,4.940000057220459,1731600,0.0,0.0
2022-04-04 00:00:00-04:00,4.980000019073486,5.105000019073486,4.949999809265137,5.050000190734863,1059800,0.0,0.0
2022-04-05 00:00:00-04:00,5.050000190734863,5.050000190734863,4.855000019073486,4.889999866485596,1118200,0.0,0.0
2022-04-06 00:00:00-04:00,4.769999980926514,4.795000076293945,4.639999866485596,4.71999979019165,1633100,0.0,0.0
2022-04-07 00:00:00-04:00,4.71999979019165,4.748000144958496,4.53000020980835,4.679999828338623,1223800,0.0,0.0
2022-04-08 00:00:00-04:00,4.670000076293945,4.724999904632568,4.5320000648498535,4.619999885559082,913400,0.0,0.0
2022-04-11 00:00:00-04:00,4.579999923706055,4.679999828338623,4.489999771118164,4.599999904632568,949900,0.0,0.0
2022-04-12 00:00:00-04:00,4.679999828338623,4.744999885559082,4.460000038146973,4.519999980926514,1037200,0.0,0.0
2022-04-13 00:00:00-04:00,4.489999771118164,4.670000076293945,4.480000019073486,4.619999885559082,1097200,0.0,0.0
2022-04-14 00:00:00-04:00,4.619999885559082,4.710000038146973,4.5,4.519999980926514,797500,0.0,0.0
2022-04-18 00:00:00-04:00,4.5,4.53000020980835,4.349999904632568,4.369999885559082,842000,0.0,0.0
2022-04-19 00:00:00-04:00,4.349999904632568,4.579999923706055,4.322999954223633,4.519999980926514,797100,0.0,0.0
2022-04-20 00:00:00-04:00,4.53000020980835,4.559999942779541,4.309999942779541,4.320000171661377,773000,0.0,0.0
2022-04-21 00:00:00-04:00,4.389999866485596,4.429999828338623,4.130000114440918,4.179999828338623,1331300,0.0,0.0
2022-04-22 00:00:00-04:00,4.150000095367432,4.258999824523926,4.070000171661377,4.179999828338623,1321100,0.0,0.0
2022-04-25 00:00:00-04:00,4.170000076293945,4.349999904632568,4.09499979019165,4.320000171661377,1256700,0.0,0.0
2022-04-26 00:00:00-04:00,4.28000020980835,4.28000020980835,4.050000190734863,4.059999942779541,1304700,0.0,0.0
2022-04-27 00:00:00-04:00,4.059999942779541,4.21999979019165,4.03000020980835,4.070000171661377,1706100,0.0,0.0
2022-04-28 00:00:00-04:00,4.110000133514404,4.139999866485596,3.890000104904175,4.059999942779541,1358500,0.0,0.0
2022-04-29 00:00:00-04:00,4.0,4.110000133514404,3.950000047683716,3.9600000381469727,1244400,0.0,0.0
2022-05-02 00:00:00-04:00,3.950000047683716,4.039999961853027,3.869999885559082,4.019999980926514,1401800,0.0,0.0
2022-05-03 00:00:00-04:00,4.039999961853027,4.230000019073486,4.0,4.139999866485596,1061000,0.0,0.0
2022-05-04 00:00:00-04:00,4.150000095367432,4.309999942779541,4.005000114440918,4.300000190734863,919200,0.0,0.0
2022-05-05 00:00:00-04:00,4.059999942779541,4.170000076293945,3.8299999237060547,3.8499999046325684,2432000,0.0,0.0
2022-05-06 00:00:00-04:00,3.8299999237060547,3.8299999237060547,3.630000114440918,3.6700000762939453,1251600,0.0,0.0
2022-05-09 00:00:00-04:00,3.5799999237060547,3.7200000286102295,3.4800000190734863,3.5299999713897705,1971100,0.0,0.0
2022-05-10 00:00:00-04:00,3.5299999713897705,3.6700000762939453,3.2799999713897705,3.309999942779541,2397300,0.0,0.0
2022-05-11 00:00:00-04:00,3.259999990463257,3.319999933242798,2.8299999237060547,2.8499999046325684,3751300,0.0,0.0
2022-05-12 00:00:00-04:00,2.799999952316284,3.069999933242798,2.6600000858306885,2.930000066757202,3718100,0.0,0.0
2022-05-13 00:00:00-04:00,3.2200000286102295,3.490000009536743,3.140000104904175,3.1700000762939453,5031100,0.0,0.0
2022-05-16 00:00:00-04:00,3.190000057220459,3.5950000286102295,3.059999942779541,3.430000066757202,2824600,0.0,0.0
2022-05-17 00:00:00-04:00,3.5399999618530273,3.5799999237060547,3.3949999809265137,3.569999933242798,2071700,0.0,0.0
2022-05-18 00:00:00-04:00,3.569999933242798,3.5799999237060547,3.1600000858306885,3.1700000762939453,1589200,0.0,0.0
2022-05-19 00:00:00-04:00,3.0899999141693115,3.2300000190734863,2.990000009536743,3.140000104904175,2222800,0.0,0.0
2022-05-20 00:00:00-04:00,3.2300000190734863,3.240000009536743,3.0799999237060547,3.2200000286102295,1902500,0.0,0.0
2022-05-23 00:00:00-04:00,3.2100000381469727,3.240000009536743,3.069999933242798,3.1500000953674316,1535600,0.0,0.0
2022-05-24 00:00:00-04:00,3.0999999046325684,3.125,2.950000047683716,3.009999990463257,1436700,0.0,0.0
2022-05-25 00:00:00-04:00,3.0,3.1500000953674316,2.984999895095825,3.0,2092300,0.0,0.0
2022-05-26 00:00:00-04:00,3.0399999618530273,3.369999885559082,3.009999990463257,3.3399999141693115,1630000,0.0,0.0
2022-05-27 00:00:00-04:00,3.390000104904175,3.5350000858306885,3.359999895095825,3.490000009536743,1149000,0.0,0.0
2022-05-31 00:00:00-04:00,3.5399999618530273,3.630000114440918,3.369999885559082,3.440000057220459,2538300,0.0,0.0
2022-06-01 00:00:00-04:00,3.450000047683716,3.5,3.240000009536743,3.2799999713897705,2165000,0.0,0.0
2022-06-02 00:00:00-04:00,3.2799999713897705,3.438999891281128,3.239000082015991,3.4000000953674316,1364000,0.0,0.0
2022-06-03 00:00:00-04:00,3.3399999141693115,3.380000114440918,3.2200000286102295,3.259999990463257,817000,0.0,0.0
2022-06-06 00:00:00-04:00,3.299999952316284,3.390000104904175,3.2699999809265137,3.299999952316284,876100,0.0,0.0
2022-06-07 00:00:00-04:00,3.25,3.2690000534057617,3.140000104904175,3.2300000190734863,1106800,0.0,0.0
2022-06-08 00:00:00-04:00,3.2300000190734863,3.430000066757202,3.2300000190734863,3.299999952316284,1123600,0.0,0.0
2022-06-09 00:00:00-04:00,3.1500000953674316,3.2109999656677246,2.9600000381469727,2.990000009536743,2342100,0.0,0.0
2022-06-10 00:00:00-04:00,2.9200000762939453,2.984999895095825,2.8399999141693115,2.880000114440918,1525900,0.0,0.0
2022-06-13 00:00:00-04:00,2.759999990463257,2.86899995803833,2.680000066757202,2.690000057220459,1732900,0.0,0.0
2022-06-14 00:00:00-04:00,2.740000009536743,2.765000104904175,2.6449999809265137,2.6700000762939453,1387900,0.0,0.0
2022-06-15 00:00:00-04:00,2.7200000286102295,2.765000104904175,2.640000104904175,2.7100000381469727,1619300,0.0,0.0
2022-06-16 00:00:00-04:00,2.6500000953674316,2.700000047683716,2.5399999618530273,2.559999942779541,1613400,0.0,0.0
2022-06-17 00:00:00-04:00,2.619999885559082,2.7200000286102295,2.5899999141693115,2.6600000858306885,1729000,0.0,0.0
2022-06-21 00:00:00-04:00,2.7799999713897705,2.8259999752044678,2.680000066757202,2.7300000190734863,1252700,0.0,0.0
2022-06-22 00:00:00-04:00,2.690000057220459,2.890000104904175,2.6500000953674316,2.809999942779541,1532200,0.0,0.0
2022-06-23 00:00:00-04:00,2.8299999237060547,3.075000047683716,2.8299999237060547,3.059999942779541,1116500,0.0,0.0
2022-06-24 00:00:00-04:00,3.0999999046325684,3.369999885559082,3.059999942779541,3.3499999046325684,4910000,0.0,0.0
2022-06-27 00:00:00-04:00,3.3499999046325684,3.380000114440918,3.0899999141693115,3.180000066757202,1751200,0.0,0.0
2022-06-28 00:00:00-04:00,3.180000066757202,3.2100000381469727,2.9700000286102295,2.9800000190734863,932700,0.0,0.0
2022-06-29 00:00:00-04:00,2.9600000381469727,2.990000009536743,2.8299999237060547,2.930000066757202,1027500,0.0,0.0
2022-06-30 00:00:00-04:00,2.9100000858306885,2.930000066757202,2.7820000648498535,2.9200000762939453,901300,0.0,0.0
2022-07-01 00:00:00-04:00,2.890000104904175,3.059999942779541,2.875,3.049999952316284,1014900,0.0,0.0
2022-07-05 00:00:00-04:00,3.009999990463257,3.299999952316284,2.9600000381469727,3.2899999618530273,1050800,0.0,0.0
2022-07-06 00:00:00-04:00,3.299999952316284,3.3889999389648438,3.2300000190734863,3.240000009536743,812300,0.0,0.0
2022-07-07 00:00:00-04:00,3.25,3.3299999237060547,3.2300000190734863,3.3299999237060547,624900,0.0,0.0
2022-07-08 00:00:00-04:00,3.259999990463257,3.3499999046325684,3.2200000286102295,3.2799999713897705,1094000,0.0,0.0
2022-07-11 00:00:00-04:00,3.2799999713897705,3.2899999618530273,3.059999942779541,3.0799999237060547,915100,0.0,0.0
2022-07-12 00:00:00-04:00,3.0999999046325684,3.3299999237060547,3.0999999046325684,3.25,1195700,0.0,0.0
2022-07-13 00:00:00-04:00,3.0799999237060547,3.4200000762939453,3.075000047683716,3.4100000858306885,1580000,0.0,0.0
2022-07-14 00:00:00-04:00,3.3399999141693115,3.440000057220459,3.299999952316284,3.390000104904175,1320600,0.0,0.0
2022-07-15 00:00:00-04:00,3.4700000286102295,3.549999952316284,3.259999990463257,3.2899999618530273,2562600,0.0,0.0
2022-07-18 00:00:00-04:00,3.319999933242798,3.390000104904175,3.190000057220459,3.2200000286102295,886800,0.0,0.0
2022-07-19 00:00:00-04:00,3.496000051498413,3.930000066757202,3.240000009536743,3.7699999809265137,6439300,0.0,0.0
2022-07-20 00:00:00-04:00,3.799999952316284,3.9100000858306885,3.700000047683716,3.859999895095825,2013600,0.0,0.0
2022-07-21 00:00:00-04:00,3.869999885559082,4.059999942779541,3.7699999809265137,3.990000009536743,1923000,0.0,0.0
2022-07-22 00:00:00-04:00,3.9800000190734863,4.070000171661377,3.609999895095825,3.700000047683716,1540300,0.0,0.0
2022-07-25 00:00:00-04:00,3.700000047683716,3.734999895095825,3.6050000190734863,3.6500000953674316,924900,0.0,0.0
2022-07-26 00:00:00-04:00,3.559999942779541,3.569999933242798,2.9700000286102295,3.200000047683716,2020400,0.0,0.0
2022-07-27 00:00:00-04:00,3.319999933242798,3.319999933242798,3.1600000858306885,3.2899999618530273,1170100,0.0,0.0
2022-07-28 00:00:00-04:00,3.2699999809265137,3.359999895095825,3.1700000762939453,3.3499999046325684,916300,0.0,0.0
2022-07-29 00:00:00-04:00,3.3399999141693115,3.5399999618530273,3.309999942779541,3.3399999141693115,1320800,0.0,0.0
2022-08-01 00:00:00-04:00,3.299999952316284,3.4600000381469727,3.2699999809265137,3.369999885559082,933700,0.0,0.0
2022-08-02 00:00:00-04:00,3.3499999046325684,3.450000047683716,3.299999952316284,3.4200000762939453,754500,0.0,0.0
2022-08-03 00:00:00-04:00,3.490000009536743,3.5899999141693115,3.430000066757202,3.549999952316284,1051300,0.0,0.0
2022-08-04 00:00:00-04:00,3.549999952316284,3.6700000762939453,3.4600000381469727,3.4800000190734863,1085500,0.0,0.0
2022-08-05 00:00:00-04:00,3.549999952316284,3.7200000286102295,3.450000047683716,3.5799999237060547,1589600,0.0,0.0
2022-08-08 00:00:00-04:00,3.7799999713897705,4.170000076293945,3.7300000190734863,3.9700000286102295,1984900,0.0,0.0
2022-08-09 00:00:00-04:00,3.9100000858306885,3.9100000858306885,3.5999999046325684,3.6500000953674316,1598600,0.0,0.0
2022-08-10 00:00:00-04:00,3.890000104904175,3.9200000762939453,3.690000057220459,3.8299999237060547,1256400,0.0,0.0
2022-08-11 00:00:00-04:00,3.869999885559082,4.010000228881836,3.7899999618530273,3.8399999141693115,1142600,0.0,0.0
2022-08-12 00:00:00-04:00,3.9800000190734863,4.039999961853027,3.690000057220459,3.930000066757202,2978500,0.0,0.0
2022-08-15 00:00:00-04:00,3.930000066757202,4.414999961853027,3.859999895095825,4.389999866485596,2822900,0.0,0.0
2022-08-16 00:00:00-04:00,4.480000019073486,4.514999866485596,4.235000133514404,4.449999809265137,1852500,0.0,0.0
2022-08-17 00:00:00-04:00,4.349999904632568,4.369999885559082,4.099999904632568,4.28000020980835,1245600,0.0,0.0
2022-08-18 00:00:00-04:00,4.260000228881836,4.260000228881836,4.050000190734863,4.130000114440918,750300,0.0,0.0
2022-08-19 00:00:00-04:00,4.050000190734863,4.090000152587891,3.859999895095825,3.9100000858306885,1100400,0.0,0.0
2022-08-22 00:00:00-04:00,3.8299999237060547,3.8299999237060547,3.680000066757202,3.690000057220459,1071700,0.0,0.0
2022-08-23 00:00:00-04:00,3.700000047683716,3.75,3.6050000190734863,3.619999885559082,727400,0.0,0.0
2022-08-24 00:00:00-04:00,3.619999885559082,3.7750000953674316,3.559999942779541,3.609999895095825,740300,0.0,0.0
2022-08-25 00:00:00-04:00,3.6500000953674316,3.7799999713897705,3.628999948501587,3.7799999713897705,573500,0.0,0.0
2022-08-26 00:00:00-04:00,3.7880001068115234,3.8350000381469727,3.5999999046325684,3.619999885559082,1264800,0.0,0.0
2022-08-29 00:00:00-04:00,3.5799999237060547,3.6649999618530273,3.4800000190734863,3.5199999809265137,739100,0.0,0.0
2022-08-30 00:00:00-04:00,3.630000114440918,3.7200000286102295,3.5199999809265137,3.630000114440918,1207400,0.0,0.0
2022-08-31 00:00:00-04:00,3.6700000762939453,3.759000062942505,3.5999999046325684,3.609999895095825,1053800,0.0,0.0
2022-09-01 00:00:00-04:00,3.549999952316284,3.619999885559082,3.369999885559082,3.5299999713897705,1665700,0.0,0.0
2022-09-02 00:00:00-04:00,3.5999999046325684,3.6700000762939453,3.430999994277954,3.5199999809265137,1573200,0.0,0.0
2022-09-06 00:00:00-04:00,3.5199999809265137,3.8450000286102295,3.440000057220459,3.7799999713897705,1678200,0.0,0.0
2022-09-07 00:00:00-04:00,3.799999952316284,4.322999954223633,3.7799999713897705,4.139999866485596,2747000,0.0,0.0
2022-09-08 00:00:00-04:00,4.050000190734863,4.144999980926514,3.9600000381469727,4.059999942779541,916500,0.0,0.0
2022-09-09 00:00:00-04:00,4.130000114440918,4.295000076293945,4.079999923706055,4.21999979019165,724600,0.0,0.0
2022-09-12 00:00:00-04:00,4.239999771118164,4.315000057220459,3.9800000190734863,4.0,1842600,0.0,0.0
2022-09-13 00:00:00-04:00,3.859999895095825,4.098999977111816,3.799999952316284,4.050000190734863,1297200,0.0,0.0
2022-09-14 00:00:00-04:00,4.079999923706055,4.119999885559082,3.884999990463257,4.099999904632568,1519300,0.0,0.0
2022-09-15 00:00:00-04:00,4.059999942779541,4.309999942779541,4.039999961853027,4.110000133514404,1450900,0.0,0.0
2022-09-16 00:00:00-04:00,4.059999942779541,4.059999942779541,3.8299999237060547,3.9100000858306885,3031600,0.0,0.0
2022-09-19 00:00:00-04:00,3.8399999141693115,3.9600000381469727,3.7699999809265137,3.9100000858306885,1251900,0.0,0.0
2022-09-20 00:00:00-04:00,3.859999895095825,3.9000000953674316,3.700000047683716,3.7200000286102295,1290100,0.0,0.0
2022-09-21 00:00:00-04:00,3.740000009536743,3.9700000286102295,3.634999990463257,3.8299999237060547,1402600,0.0,0.0
2022-09-22 00:00:00-04:00,3.8299999237060547,3.8550000190734863,3.630000114440918,3.7100000381469727,2091400,0.0,0.0
2022-09-23 00:00:00-04:00,3.6500000953674316,3.7899999618530273,3.490000009536743,3.5999999046325684,1489600,0.0,0.0
2022-09-26 00:00:00-04:00,3.559999942779541,3.75,3.515000104904175,3.5899999141693115,1787900,0.0,0.0
2022-09-27 00:00:00-04:00,3.6700000762939453,3.7699999809265137,3.5850000381469727,3.740000009536743,1293400,0.0,0.0
2022-09-28 00:00:00-04:00,3.740000009536743,3.869999885559082,3.7100000381469727,3.7799999713897705,1282600,0.0,0.0
2022-09-29 00:00:00-04:00,3.7100000381469727,3.740000009536743,3.36299991607666,3.4000000953674316,1009900,0.0,0.0
2022-09-30 00:00:00-04:00,3.4100000858306885,3.630000114440918,3.2850000858306885,3.5,1534200,0.0,0.0
2022-10-03 00:00:00-04:00,3.4800000190734863,3.5299999713897705,3.3399999141693115,3.4800000190734863,1020200,0.0,0.0
2022-10-04 00:00:00-04:00,3.569999933242798,3.7100000381469727,3.569999933242798,3.6500000953674316,727500,0.0,0.0
2022-10-05 00:00:00-04:00,3.640000104904175,3.640000104904175,3.4700000286102295,3.5999999046325684,656000,0.0,0.0
2022-10-06 00:00:00-04:00,3.569999933242798,3.7070000171661377,3.5,3.509999990463257,746800,0.0,0.0
2022-10-07 00:00:00-04:00,3.450000047683716,3.5,3.309999942779541,3.3399999141693115,814300,0.0,0.0
2022-10-10 00:00:00-04:00,3.3399999141693115,3.440000057220459,3.299999952316284,3.380000114440918,1246900,0.0,0.0
2022-10-11 00:00:00-04:00,3.3499999046325684,3.484999895095825,3.2750000953674316,3.369999885559082,1132200,0.0,0.0
2022-10-12 00:00:00-04:00,3.369999885559082,3.4749999046325684,3.2699999809265137,3.369999885559082,1359700,0.0,0.0
2022-10-13 00:00:00-04:00,3.259999990463257,3.5199999809265137,3.2100000381469727,3.490000009536743,1552200,0.0,0.0
2022-10-14 00:00:00-04:00,3.569999933242798,3.690000057220459,3.2899999618530273,3.309999942779541,971300,0.0,0.0
2022-10-17 00:00:00-04:00,3.4200000762939453,3.450000047683716,3.309999942779541,3.4100000858306885,704800,0.0,0.0
2022-10-18 00:00:00-04:00,3.490000009536743,3.740000009536743,3.4800000190734863,3.5,1085400,0.0,0.0
2022-10-19 00:00:00-04:00,3.490000009536743,3.5239999294281006,3.3299999237060547,3.359999895095825,884800,0.0,0.0
2022-10-20 00:00:00-04:00,3.3499999046325684,3.427999973297119,3.200000047683716,3.200000047683716,1093300,0.0,0.0
2022-10-21 00:00:00-04:00,3.200000047683716,3.2100000381469727,3.069999933242798,3.2100000381469727,854400,0.0,0.0
2022-10-24 00:00:00-04:00,3.2200000286102295,3.2300000190734863,2.809999942779541,3.069999933242798,4190900,0.0,0.0
2022-10-25 00:00:00-04:00,3.069999933242798,3.4200000762939453,3.069999933242798,3.3299999237060547,1278200,0.0,0.0
2022-10-26 00:00:00-04:00,3.3299999237060547,3.4100000858306885,3.2699999809265137,3.2799999713897705,1077800,0.0,0.0
2022-10-27 00:00:00-04:00,3.3350000381469727,3.444999933242798,3.2300000190734863,3.25,950900,0.0,0.0
2022-10-28 00:00:00-04:00,3.259999990463257,3.434999942779541,3.194999933242798,3.3299999237060547,1146200,0.0,0.0
2022-10-31 00:00:00-04:00,3.319999933242798,3.4000000953674316,3.240000009536743,3.309999942779541,714100,0.0,0.0
2022-11-01 00:00:00-04:00,3.3499999046325684,3.4600000381469727,3.3350000381469727,3.430000066757202,655200,0.0,0.0
2022-11-02 00:00:00-04:00,3.440000057220459,3.440000057220459,3.1500000953674316,3.1500000953674316,655900,0.0,0.0
2022-11-03 00:00:00-04:00,3.109999895095825,3.1500000953674316,3.0450000762939453,3.0899999141693115,661300,0.0,0.0
2022-11-04 00:00:00-04:00,3.1600000858306885,3.2049999237060547,3.0350000858306885,3.180000066757202,766200,0.0,0.0
2022-11-07 00:00:00-05:00,3.240000009536743,3.390000104904175,3.1700000762939453,3.3499999046325684,868500,0.0,0.0
2022-11-08 00:00:00-05:00,3.390000104904175,3.450000047683716,3.2850000858306885,3.430000066757202,1031400,0.0,0.0
2022-11-09 00:00:00-05:00,3.4200000762939453,3.4200000762939453,3.130000114440918,3.130000114440918,924100,0.0,0.0
2022-11-10 00:00:00-05:00,3.299999952316284,3.299999952316284,2.799999952316284,2.890000104904175,2729000,0.0,0.0
2022-11-11 00:00:00-05:00,2.9800000190734863,3.3550000190734863,2.9100000858306885,3.3499999046325684,1672400,0.0,0.0
2022-11-14 00:00:00-05:00,3.1600000858306885,3.365000009536743,3.009999990463257,3.3399999141693115,1357400,0.0,0.0
2022-11-15 00:00:00-05:00,3.390000104904175,3.5399999618530273,3.380000114440918,3.450000047683716,813600,0.0,0.0
2022-11-16 00:00:00-05:00,3.359999895095825,3.369999885559082,3.240000009536743,3.2699999809265137,626000,0.0,0.0
2022-11-17 00:00:00-05:00,3.190000057220459,3.309999942779541,3.140000104904175,3.25,968900,0.0,0.0
2022-11-18 00:00:00-05:00,3.319999933242798,3.3289999961853027,3.059999942779541,3.119999885559082,572900,0.0,0.0
2022-11-21 00:00:00-05:00,3.069999933242798,3.0999999046325684,2.759999990463257,2.9100000858306885,1837200,0.0,0.0
2022-11-22 00:00:00-05:00,2.880000114440918,2.9200000762939453,2.755000114440918,2.7799999713897705,864700,0.0,0.0
2022-11-23 00:00:00-05:00,2.759999990463257,2.809999942779541,2.690000057220459,2.740000009536743,989100,0.0,0.0
2022-11-25 00:00:00-05:00,2.7300000190734863,2.869999885559082,2.7149999141693115,2.859999895095825,497800,0.0,0.0
2022-11-28 00:00:00-05:00,2.8499999046325684,2.8499999046325684,2.7249999046325684,2.75,818600,0.0,0.0
2022-11-29 00:00:00-05:00,2.740000009536743,2.7950000762939453,2.6700000762939453,2.7100000381469727,746000,0.0,0.0
2022-11-30 00:00:00-05:00,2.740000009536743,2.880000114440918,2.634999990463257,2.880000114440918,1804400,0.0,0.0
2022-12-01 00:00:00-05:00,2.890000104904175,3.0899999141693115,2.869999885559082,2.990000009536743,1247100,0.0,0.0
2022-12-02 00:00:00-05:00,2.950000047683716,3.0199999809265137,2.8450000286102295,3.009999990463257,628700,0.0,0.0
2022-12-05 00:00:00-05:00,2.940000057220459,3.0199999809265137,2.7300000190734863,2.819999933242798,1137500,0.0,0.0
2022-12-06 00:00:00-05:00,2.8299999237060547,2.8299999237060547,2.700000047683716,2.7300000190734863,1187300,0.0,0.0
2022-12-07 00:00:00-05:00,2.7300000190734863,2.8450000286102295,2.7100000381469727,2.809999942779541,2052300,0.0,0.0
2022-12-08 00:00:00-05:00,2.809999942779541,2.890000104904175,2.7300000190734863,2.7799999713897705,699700,0.0,0.0
2022-12-09 00:00:00-05:00,2.7699999809265137,2.7730000019073486,2.6700000762939453,2.700000047683716,907000,0.0,0.0
2022-12-12 00:00:00-05:00,2.680000066757202,2.7149999141693115,2.630000114440918,2.700000047683716,760800,0.0,0.0
2022-12-13 00:00:00-05:00,2.8499999046325684,3.0199999809265137,2.828000068664551,3.009999990463257,1632200,0.0,0.0
2022-12-14 00:00:00-05:00,2.9800000190734863,3.3399999141693115,2.9700000286102295,3.119999885559082,1797500,0.0,0.0
2022-12-15 00:00:00-05:00,3.069999933242798,3.1500000953674316,2.9200000762939453,2.940000057220459,1389400,0.0,0.0
2022-12-16 00:00:00-05:00,2.940000057220459,3.003000020980835,2.7699999809265137,2.7899999618530273,1228300,0.0,0.0
2022-12-19 00:00:00-05:00,2.7899999618530273,2.809999942779541,2.674999952316284,2.7799999713897705,996700,0.0,0.0
2022-12-20 00:00:00-05:00,2.740000009536743,2.9100000858306885,2.740000009536743,2.799999952316284,1085700,0.0,0.0
2022-12-21 00:00:00-05:00,2.8299999237060547,3.009999990463257,2.7899999618530273,2.9600000381469727,828800,0.0,0.0
2022-12-22 00:00:00-05:00,2.930000066757202,3.0,2.8399999141693115,2.9700000286102295,840600,0.0,0.0
2022-12-23 00:00:00-05:00,2.9700000286102295,3.0,2.930000066757202,2.9700000286102295,474100,0.0,0.0
2022-12-27 00:00:00-05:00,2.9600000381469727,2.990000009536743,2.8399999141693115,2.9200000762939453,556200,0.0,0.0
2022-12-28 00:00:00-05:00,2.880000114440918,2.940000057220459,2.7799999713897705,2.809999942779541,598300,0.0,0.0
2022-12-29 00:00:00-05:00,2.8499999046325684,3.0399999618530273,2.808000087738037,3.0299999713897705,824000,0.0,0.0
2022-12-30 00:00:00-05:00,2.9600000381469727,3.069999933242798,2.934999942779541,3.009999990463257,605300,0.0,0.0
2023-01-03 00:00:00-05:00,2.990000009536743,3.174999952316284,2.8450000286102295,2.9200000762939453,716200,0.0,0.0
2023-01-04 00:00:00-05:00,2.940000057220459,3.0399999618530273,2.9000000953674316,3.0199999809265137,578000,0.0,0.0
2023-01-05 00:00:00-05:00,2.9600000381469727,2.990000009536743,2.865000009536743,2.930000066757202,543800,0.0,0.0
2023-01-06 00:00:00-05:00,2.9600000381469727,2.9700000286102295,2.799999952316284,2.940000057220459,831600,0.0,0.0
2023-01-09 00:00:00-05:00,2.9600000381469727,3.069999933242798,2.9600000381469727,2.9700000286102295,585800,0.0,0.0
2023-01-10 00:00:00-05:00,3.0,3.130000114440918,2.940000057220459,3.109999895095825,580900,0.0,0.0
2023-01-11 00:00:00-05:00,3.140000104904175,3.178999900817871,3.059999942779541,3.140000104904175,1518400,0.0,0.0
2023-01-12 00:00:00-05:00,3.1700000762939453,3.1700000762939453,2.950000047683716,3.0999999046325684,1288300,0.0,0.0
2023-01-13 00:00:00-05:00,3.069999933242798,3.25,2.9749999046325684,3.0399999618530273,2458900,0.0,0.0
2023-01-17 00:00:00-05:00,3.049999952316284,3.1619999408721924,3.0399999618530273,3.0999999046325684,1483200,0.0,0.0
2023-01-18 00:00:00-05:00,3.0999999046325684,3.1389999389648438,2.9800000190734863,3.0,1042600,0.0,0.0
2023-01-19 00:00:00-05:00,2.9700000286102295,2.9800000190734863,2.809999942779541,2.859999895095825,1089800,0.0,0.0
2023-01-20 00:00:00-05:00,2.9000000953674316,2.940000057220459,2.7850000858306885,2.819999933242798,1206200,0.0,0.0
2023-01-23 00:00:00-05:00,2.819999933242798,2.8499999046325684,2.7200000286102295,2.799999952316284,1047000,0.0,0.0
2023-01-24 00:00:00-05:00,2.7799999713897705,2.809999942779541,2.700000047683716,2.7100000381469727,1090700,0.0,0.0
2023-01-25 00:00:00-05:00,2.680000066757202,2.740000009536743,2.569999933242798,2.7200000286102295,843100,0.0,0.0
2023-01-26 00:00:00-05:00,2.7100000381469727,2.859999895095825,2.680000066757202,2.7799999713897705,861400,0.0,0.0
2023-01-27 00:00:00-05:00,2.799999952316284,3.109999895095825,2.7950000762939453,3.0799999237060547,1978100,0.0,0.0
2023-01-30 00:00:00-05:00,3.0399999618530273,3.299999952316284,3.0380001068115234,3.1600000858306885,1081000,0.0,0.0
2023-01-31 00:00:00-05:00,3.190000057220459,3.365999937057495,3.1700000762939453,3.299999952316284,825000,0.0,0.0
2023-02-01 00:00:00-05:00,3.259999990463257,3.380000114440918,3.180000066757202,3.3299999237060547,699500,0.0,0.0
2023-02-02 00:00:00-05:00,3.4700000286102295,3.75,3.4700000286102295,3.5999999046325684,1336400,0.0,0.0
2023-02-03 00:00:00-05:00,3.5,3.630000114440918,3.444999933242798,3.5,804000,0.0,0.0
2023-02-06 00:00:00-05:00,3.440000057220459,3.490000009536743,3.265000104904175,3.2699999809265137,608900,0.0,0.0
2023-02-07 00:00:00-05:00,3.2799999713897705,3.299999952316284,3.140000104904175,3.2100000381469727,580800,0.0,0.0
2023-02-08 00:00:00-05:00,3.200000047683716,3.2200000286102295,3.069999933242798,3.0899999141693115,711800,0.0,0.0
2023-02-09 00:00:00-05:00,3.140000104904175,3.1549999713897705,2.9000000953674316,2.9100000858306885,971800,0.0,0.0
2023-02-10 00:00:00-05:00,2.9200000762939453,2.940000057220459,2.7799999713897705,2.880000114440918,747900,0.0,0.0
2023-02-13 00:00:00-05:00,2.880000114440918,2.990000009536743,2.819999933242798,2.9800000190734863,768800,0.0,0.0
2023-02-14 00:00:00-05:00,2.940000057220459,3.0799999237060547,2.869999885559082,3.059999942779541,560600,0.0,0.0
2023-02-15 00:00:00-05:00,3.069999933242798,3.2200000286102295,3.0250000953674316,3.1600000858306885,671700,0.0,0.0
2023-02-16 00:00:00-05:00,3.109999895095825,3.109999895095825,2.990000009536743,3.009999990463257,864400,0.0,0.0
2023-02-17 00:00:00-05:00,3.0,3.0339999198913574,2.934999942779541,3.009999990463257,624300,0.0,0.0
2023-02-21 00:00:00-05:00,2.9800000190734863,3.007999897003174,2.9100000858306885,2.9100000858306885,661700,0.0,0.0
2023-02-22 00:00:00-05:00,2.9200000762939453,3.0,2.890000104904175,2.930000066757202,560300,0.0,0.0
2023-02-23 00:00:00-05:00,2.950000047683716,2.984999895095825,2.890000104904175,2.940000057220459,414600,0.0,0.0
2023-02-24 00:00:00-05:00,2.9000000953674316,2.930000066757202,2.8299999237060547,2.8299999237060547,551900,0.0,0.0
2023-02-27 00:00:00-05:00,2.859999895095825,2.9030001163482666,2.7799999713897705,2.799999952316284,574800,0.0,0.0
2023-02-28 00:00:00-05:00,2.8299999237060547,2.8399999141693115,2.7799999713897705,2.7899999618530273,1710400,0.0,0.0
2023-03-01 00:00:00-05:00,2.7899999618530273,2.818000078201294,2.75,2.7899999618530273,433000,0.0,0.0
2023-03-02 00:00:00-05:00,2.7750000953674316,2.9600000381469727,2.75,2.950000047683716,742800,0.0,0.0
2023-03-03 00:00:00-05:00,2.9600000381469727,3.009999990463257,2.8499999046325684,3.0,938200,0.0,0.0
2023-03-06 00:00:00-05:00,2.990000009536743,3.0,2.8399999141693115,2.890000104904175,1050200,0.0,0.0
2023-03-07 00:00:00-05:00,2.880000114440918,2.940000057220459,2.819000005722046,2.8499999046325684,415100,0.0,0.0
2023-03-08 00:00:00-05:00,2.8399999141693115,2.8499999046325684,2.7739999294281006,2.819999933242798,484000,0.0,0.0
2023-03-09 00:00:00-05:00,2.799999952316284,2.859999895095825,2.7100000381469727,2.740000009536743,521800,0.0,0.0
2023-03-10 00:00:00-05:00,2.7200000286102295,2.7300000190734863,2.609999895095825,2.690000057220459,762100,0.0,0.0
2023-03-13 00:00:00-04:00,2.680000066757202,2.755000114440918,2.609999895095825,2.740000009536743,689800,0.0,0.0
2023-03-14 00:00:00-04:00,2.7669999599456787,2.8399999141693115,2.7209999561309814,2.75,522900,0.0,0.0
2023-03-15 00:00:00-04:00,2.7200000286102295,2.809999942779541,2.684999942779541,2.7899999618530273,715700,0.0,0.0
2023-03-16 00:00:00-04:00,2.380000114440918,2.4600000381469727,1.8200000524520874,1.8600000143051147,6439600,0.0,0.0
2023-03-17 00:00:00-04:00,1.8300000429153442,1.8300000429153442,1.625,1.7400000095367432,3565600,0.0,0.0
2023-03-20 00:00:00-04:00,1.7400000095367432,1.7799999713897705,1.6649999618530273,1.7100000381469727,1531800,0.0,0.0
2023-03-21 00:00:00-04:00,1.75,1.8049999475479126,1.7000000476837158,1.7599999904632568,1224000,0.0,0.0
2023-03-22 00:00:00-04:00,1.7899999618530273,1.7899999618530273,1.6100000143051147,1.6299999952316284,1584900,0.0,0.0
2023-03-23 00:00:00-04:00,1.659999966621399,1.7100000381469727,1.6050000190734863,1.659999966621399,1191900,0.0,0.0
2023-03-24 00:00:00-04:00,1.6399999856948853,1.7200000286102295,1.600000023841858,1.6799999475479126,1129800,0.0,0.0
2023-03-27 00:00:00-04:00,1.7000000476837158,1.7200000286102295,1.649999976158142,1.690000057220459,515100,0.0,0.0
2023-03-28 00:00:00-04:00,1.7000000476837158,1.7350000143051147,1.649999976158142,1.649999976158142,485500,0.0,0.0
2023-03-29 00:00:00-04:00,1.6699999570846558,1.690000057220459,1.6299999952316284,1.649999976158142,557100,0.0,0.0
2023-03-30 00:00:00-04:00,1.7000000476837158,1.7200000286102295,1.659999966621399,1.7000000476837158,623900,0.0,0.0
2023-03-31 00:00:00-04:00,1.7300000190734863,1.840000033378601,1.6950000524520874,1.7999999523162842,1011700,0.0,0.0
2023-04-03 00:00:00-04:00,1.7899999618530273,1.899999976158142,1.7799999713897705,1.8700000047683716,770900,0.0,0.0
2023-04-04 00:00:00-04:00,1.8600000143051147,1.9900000095367432,1.840000033378601,1.9299999475479126,890300,0.0,0.0
2023-04-05 00:00:00-04:00,1.9299999475479126,1.940000057220459,1.8700000047683716,1.899999976158142,775300,0.0,0.0
2023-04-06 00:00:00-04:00,1.8899999856948853,1.899999976158142,1.815000057220459,1.8799999952316284,660300,0.0,0.0
2023-04-10 00:00:00-04:00,1.8799999952316284,1.8799999952316284,1.8049999475479126,1.8600000143051147,683100,0.0,0.0
2023-04-11 00:00:00-04:00,1.8600000143051147,1.8899999856948853,1.7999999523162842,1.850000023841858,1015300,0.0,0.0
2023-04-12 00:00:00-04:00,1.8899999856948853,1.8899999856948853,1.7999999523162842,1.809999942779541,645700,0.0,0.0
2023-04-13 00:00:00-04:00,1.8300000429153442,1.8650000095367432,1.7799999713897705,1.8300000429153442,1024600,0.0,0.0
2023-04-14 00:00:00-04:00,1.8200000524520874,1.840000033378601,1.7799999713897705,1.7899999618530273,751800,0.0,0.0
2023-04-17 00:00:00-04:00,1.8300000429153442,1.840000033378601,1.7799999713897705,1.840000033378601,632300,0.0,0.0
2023-04-18 00:00:00-04:00,1.809999942779541,1.8600000143051147,1.809999942779541,1.8300000429153442,426000,0.0,0.0
2023-04-19 00:00:00-04:00,1.840000033378601,1.8450000286102295,1.7899999618530273,1.809999942779541,456700,0.0,0.0
2023-04-20 00:00:00-04:00,1.7899999618530273,1.840000033378601,1.7599999904632568,1.7899999618530273,570100,0.0,0.0
2023-04-21 00:00:00-04:00,1.7699999809265137,1.809999942779541,1.75,1.7949999570846558,562400,0.0,0.0
2023-04-24 00:00:00-04:00,1.7899999618530273,1.815000057220459,1.7300000190734863,1.75,625500,0.0,0.0
2023-04-25 00:00:00-04:00,1.75,1.75,1.600000023841858,1.659999966621399,647000,0.0,0.0
2023-04-26 00:00:00-04:00,1.659999966621399,1.7000000476837158,1.6299999952316284,1.659999966621399,506200,0.0,0.0
2023-04-27 00:00:00-04:00,1.6699999570846558,1.7100000381469727,1.6549999713897705,1.6699999570846558,402800,0.0,0.0
2023-04-28 00:00:00-04:00,1.649999976158142,1.7000000476837158,1.6200000047683716,1.659999966621399,520800,0.0,0.0
2023-05-01 00:00:00-04:00,1.649999976158142,1.6699999570846558,1.5700000524520874,1.5700000524520874,941300,0.0,0.0
2023-05-02 00:00:00-04:00,1.5800000429153442,1.6100000143051147,1.5099999904632568,1.5199999809265137,831900,0.0,0.0
2023-05-03 00:00:00-04:00,1.5099999904632568,1.559999942779541,1.4809999465942383,1.5399999618530273,596000,0.0,0.0
2023-05-04 00:00:00-04:00,1.5199999809265137,1.5390000343322754,1.4700000286102295,1.4900000095367432,616400,0.0,0.0
2023-05-05 00:00:00-04:00,1.5,1.6100000143051147,1.5,1.600000023841858,467000,0.0,0.0
2023-05-08 00:00:00-04:00,1.6100000143051147,1.6449999809265137,1.5299999713897705,1.600000023841858,1472200,0.0,0.0
2023-05-09 00:00:00-04:00,1.5700000524520874,1.8700000047683716,1.559999942779541,1.7799999713897705,2012400,0.0,0.0
2023-05-10 00:00:00-04:00,1.9199999570846558,2.190000057220459,1.8700000047683716,2.1500000953674316,3232900,0.0,0.0
2023-05-11 00:00:00-04:00,2.130000114440918,2.2679998874664307,2.0850000381469727,2.109999895095825,1196900,0.0,0.0
2023-05-12 00:00:00-04:00,2.109999895095825,2.109999895095825,1.9500000476837158,2.059999942779541,652200,0.0,0.0
2023-05-15 00:00:00-04:00,2.049999952316284,2.049999952316284,1.850000023841858,1.899999976158142,989300,0.0,0.0
2023-05-16 00:00:00-04:00,1.9199999570846558,1.9299999475479126,1.8300000429153442,1.840000033378601,371500,0.0,0.0
2023-05-17 00:00:00-04:00,1.8300000429153442,1.8600000143051147,1.7799999713897705,1.7999999523162842,931600,0.0,0.0
2023-05-18 00:00:00-04:00,1.8200000524520874,1.8300000429153442,1.6399999856948853,1.75,3535400,0.0,0.0
2023-05-19 00:00:00-04:00,1.7699999809265137,1.7799999713897705,1.649999976158142,1.7000000476837158,1683300,0.0,0.0
2023-05-22 00:00:00-04:00,1.6799999475479126,1.7000000476837158,1.5399999618530273,1.590000033378601,2896900,0.0,0.0
2023-05-23 00:00:00-04:00,1.590000033378601,1.7100000381469727,1.5,1.5399999618530273,1410200,0.0,0.0
2023-05-24 00:00:00-04:00,1.5399999618530273,1.559999942779541,1.4900000095367432,1.5,979700,0.0,0.0
2023-05-25 00:00:00-04:00,1.5099999904632568,1.5099999904632568,1.440000057220459,1.4900000095367432,1148300,0.0,0.0
2023-05-26 00:00:00-04:00,1.5299999713897705,1.5499999523162842,1.4800000190734863,1.5099999904632568,784300,0.0,0.0
2023-05-30 00:00:00-04:00,1.5099999904632568,1.534999966621399,1.4600000381469727,1.4700000286102295,1061800,0.0,0.0
2023-05-31 00:00:00-04:00,1.4600000381469727,1.4850000143051147,1.399999976158142,1.4700000286102295,1739400,0.0,0.0
2023-06-01 00:00:00-04:00,1.4600000381469727,1.5199999809265137,1.440000057220459,1.4500000476837158,1307700,0.0,0.0
2023-06-02 00:00:00-04:00,1.4900000095367432,1.5499999523162842,1.4500000476837158,1.5499999523162842,984000,0.0,0.0
2023-06-05 00:00:00-04:00,1.5299999713897705,1.5700000524520874,1.5130000114440918,1.5399999618530273,521900,0.0,0.0
2023-06-06 00:00:00-04:00,1.5499999523162842,1.6200000047683716,1.4900000095367432,1.6200000047683716,672700,0.0,0.0
2023-06-07 00:00:00-04:00,1.600000023841858,1.7200000286102295,1.593000054359436,1.6200000047683716,1000500,0.0,0.0
2023-06-08 00:00:00-04:00,1.6299999952316284,1.6699999570846558,1.5499999523162842,1.590000033378601,887900,0.0,0.0
2023-06-09 00:00:00-04:00,1.6200000047683716,1.6200000047683716,1.4900000095367432,1.5099999904632568,1095800,0.0,0.0
2023-06-12 00:00:00-04:00,1.5099999904632568,1.6950000524520874,1.5,1.649999976158142,1081300,0.0,0.0
2023-06-13 00:00:00-04:00,1.6799999475479126,1.9249999523162842,1.6699999570846558,1.8700000047683716,1465200,0.0,0.0
2023-06-14 00:00:00-04:00,1.899999976158142,1.899999976158142,1.6799999475479126,1.690000057220459,796700,0.0,0.0
2023-06-15 00:00:00-04:00,1.6699999570846558,1.7549999952316284,1.6299999952316284,1.7400000095367432,525500,0.0,0.0
2023-06-16 00:00:00-04:00,1.7699999809265137,1.7699999809265137,1.6549999713897705,1.690000057220459,798100,0.0,0.0
2023-06-20 00:00:00-04:00,1.6399999856948853,1.649999976158142,1.5199999809265137,1.600000023841858,938300,0.0,0.0
2023-06-21 00:00:00-04:00,1.5800000429153442,1.6200000047683716,1.5800000429153442,1.6100000143051147,716400,0.0,0.0
2023-06-22 00:00:00-04:00,1.6100000143051147,1.6399999856948853,1.5700000524520874,1.6299999952316284,785400,0.0,0.0
2023-06-23 00:00:00-04:00,1.6200000047683716,1.7350000143051147,1.6100000143051147,1.7300000190734863,9435000,0.0,0.0
2023-06-26 00:00:00-04:00,1.7300000190734863,1.7999999523162842,1.6799999475479126,1.6799999475479126,679700,0.0,0.0
2023-06-27 00:00:00-04:00,1.659999966621399,1.7300000190734863,1.649999976158142,1.659999966621399,731600,0.0,0.0
2023-06-28 00:00:00-04:00,1.659999966621399,1.7000000476837158,1.649999976158142,1.6699999570846558,406100,0.0,0.0
2023-06-29 00:00:00-04:00,1.690000057220459,1.7599999904632568,1.6649999618530273,1.7300000190734863,594700,0.0,0.0
2023-06-30 00:00:00-04:00,1.7799999713897705,1.7899999618530273,1.6799999475479126,1.6799999475479126,416100,0.0,0.0
2023-07-03 00:00:00-04:00,1.659999966621399,1.7599999904632568,1.659999966621399,1.7599999904632568,421700,0.0,0.0
2023-07-05 00:00:00-04:00,1.7400000095367432,1.7400000095367432,1.659999966621399,1.6799999475479126,521900,0.0,0.0
2023-07-06 00:00:00-04:00,1.6699999570846558,1.690000057220459,1.6150000095367432,1.6399999856948853,975300,0.0,0.0
2023-07-07 00:00:00-04:00,1.6200000047683716,1.7100000381469727,1.6200000047683716,1.6699999570846558,342700,0.0,0.0
2023-07-10 00:00:00-04:00,1.659999966621399,1.7300000190734863,1.6410000324249268,1.6799999475479126,375200,0.0,0.0
2023-07-11 00:00:00-04:00,1.690000057220459,1.725000023841858,1.659999966621399,1.7200000286102295,322000,0.0,0.0
2023-07-12 00:00:00-04:00,1.75,1.7699999809265137,1.659999966621399,1.7599999904632568,846800,0.0,0.0
2023-07-13 00:00:00-04:00,1.7799999713897705,1.809000015258789,1.7450000047683716,1.7699999809265137,436200,0.0,0.0
2023-07-14 00:00:00-04:00,1.7599999904632568,1.7799999713897705,1.7100000381469727,1.7100000381469727,409400,0.0,0.0
2023-07-17 00:00:00-04:00,1.690000057220459,1.7300000190734863,1.6549999713897705,1.6799999475479126,481100,0.0,0.0
2023-07-18 00:00:00-04:00,1.7000000476837158,1.7300000190734863,1.6699999570846558,1.7000000476837158,362000,0.0,0.0
2023-07-19 00:00:00-04:00,1.690000057220459,1.7300000190734863,1.690000057220459,1.7100000381469727,580300,0.0,0.0
2023-07-20 00:00:00-04:00,1.7200000286102295,1.7200000286102295,1.559999942779541,1.590000033378601,775000,0.0,0.0
2023-07-21 00:00:00-04:00,1.600000023841858,1.600000023841858,1.5099999904632568,1.5499999523162842,1097900,0.0,0.0
2023-07-24 00:00:00-04:00,1.5399999618530273,1.559999942779541,1.5,1.5299999713897705,665400,0.0,0.0
2023-07-25 00:00:00-04:00,1.5399999618530273,1.5499999523162842,1.5099999904632568,1.5199999809265137,618800,0.0,0.0
2023-07-26 00:00:00-04:00,1.5099999904632568,1.559999942779541,1.5099999904632568,1.5499999523162842,388600,0.0,0.0
2023-07-27 00:00:00-04:00,1.5700000524520874,1.5700000524520874,1.4600000381469727,1.4600000381469727,689200,0.0,0.0
2023-07-28 00:00:00-04:00,1.4700000286102295,1.5099999904632568,1.465000033378601,1.4900000095367432,494800,0.0,0.0
2023-07-31 00:00:00-04:00,1.5,1.5399999618530273,1.4989999532699585,1.5099999904632568,540900,0.0,0.0
2023-08-01 00:00:00-04:00,1.4700000286102295,1.5089999437332153,1.4450000524520874,1.4800000190734863,808400,0.0,0.0
2023-08-02 00:00:00-04:00,1.4800000190734863,1.4900000095367432,1.4199999570846558,1.4700000286102295,733000,0.0,0.0
2023-08-03 00:00:00-04:00,1.4700000286102295,1.4989999532699585,1.4199999570846558,1.4199999570846558,590600,0.0,0.0
2023-08-04 00:00:00-04:00,1.4299999475479126,1.4450000524520874,1.409999966621399,1.409999966621399,641000,0.0,0.0
2023-08-07 00:00:00-04:00,1.409999966621399,1.434999942779541,1.350000023841858,1.3899999856948853,914500,0.0,0.0
2023-08-08 00:00:00-04:00,1.3700000047683716,1.409999966621399,1.350000023841858,1.409999966621399,1000000,0.0,0.0
2023-08-09 00:00:00-04:00,1.4700000286102295,1.559999942779541,1.350000023841858,1.3899999856948853,1378100,0.0,0.0
2023-08-10 00:00:00-04:00,1.399999976158142,1.4500000476837158,1.3630000352859497,1.3799999952316284,753900,0.0,0.0
2023-08-11 00:00:00-04:00,1.3799999952316284,1.4299999475479126,1.350000023841858,1.409999966621399,634900,0.0,0.0
2023-08-14 00:00:00-04:00,1.3799999952316284,1.4600000381469727,1.3700000047683716,1.4500000476837158,706800,0.0,0.0
2023-08-15 00:00:00-04:00,1.4199999570846558,1.4500000476837158,1.3899999856948853,1.4199999570846558,491600,0.0,0.0
2023-08-16 00:00:00-04:00,1.4299999475479126,1.4800000190734863,1.3899999856948853,1.4600000381469727,968200,0.0,0.0
2023-08-17 00:00:00-04:00,1.440000057220459,1.4700000286102295,1.3899999856948853,1.409999966621399,653100,0.0,0.0
2023-08-18 00:00:00-04:00,1.399999976158142,1.4199999570846558,1.3700000047683716,1.3899999856948853,735400,0.0,0.0
2023-08-21 00:00:00-04:00,1.3799999952316284,1.4299999475479126,1.2999999523162842,1.4199999570846558,1104500,0.0,0.0
2023-08-22 00:00:00-04:00,1.409999966621399,1.4700000286102295,1.3700000047683716,1.465000033378601,903700,0.0,0.0
2023-08-23 00:00:00-04:00,1.4600000381469727,1.4600000381469727,1.3899999856948853,1.4199999570846558,354400,0.0,0.0
2023-08-24 00:00:00-04:00,1.399999976158142,1.4550000429153442,1.399999976158142,1.4299999475479126,854400,0.0,0.0
2023-08-25 00:00:00-04:00,1.409999966621399,1.4600000381469727,1.409999966621399,1.4299999475479126,322900,0.0,0.0
2023-08-28 00:00:00-04:00,1.4299999475479126,1.4700000286102295,1.409999966621399,1.440000057220459,299200,0.0,0.0
2023-08-29 00:00:00-04:00,1.4199999570846558,1.5099999904632568,1.409999966621399,1.4800000190734863,580500,0.0,0.0
2023-08-30 00:00:00-04:00,1.4700000286102295,1.5099999904632568,1.4299999475479126,1.4700000286102295,336900,0.0,0.0
2023-08-31 00:00:00-04:00,1.4800000190734863,1.5099999904632568,1.4609999656677246,1.4800000190734863,243600,0.0,0.0
2023-09-01 00:00:00-04:00,1.4800000190734863,1.5399999618530273,1.4800000190734863,1.4900000095367432,354500,0.0,0.0
2023-09-05 00:00:00-04:00,1.4800000190734863,1.4800000190734863,1.399999976158142,1.4500000476837158,518600,0.0,0.0
2023-09-06 00:00:00-04:00,1.4299999475479126,1.4450000524520874,1.399999976158142,1.4199999570846558,564100,0.0,0.0
2023-09-07 00:00:00-04:00,1.399999976158142,1.5199999809265137,1.3799999952316284,1.5199999809265137,833100,0.0,0.0
2023-09-08 00:00:00-04:00,1.5099999904632568,1.5099999904632568,1.409999966621399,1.409999966621399,372400,0.0,0.0
2023-09-11 00:00:00-04:00,1.3899999856948853,1.4550000429153442,1.350000023841858,1.4299999475479126,532900,0.0,0.0
2023-09-12 00:00:00-04:00,1.4299999475479126,1.440000057220459,1.399999976158142,1.399999976158142,414300,0.0,0.0
2023-09-13 00:00:00-04:00,1.3899999856948853,1.4199999570846558,1.3899999856948853,1.399999976158142,381800,0.0,0.0
2023-09-14 00:00:00-04:00,1.3799999952316284,1.409999966621399,1.3450000286102295,1.3600000143051147,1411000,0.0,0.0
2023-09-15 00:00:00-04:00,1.1399999856948853,1.2599999904632568,1.0850000381469727,1.2100000381469727,6356500,0.0,0.0
2023-09-18 00:00:00-04:00,1.2200000286102295,1.2899999618530273,1.2000000476837158,1.25,975200,0.0,0.0
2023-09-19 00:00:00-04:00,1.2400000095367432,1.2599999904632568,1.2000000476837158,1.2400000095367432,775000,0.0,0.0
2023-09-20 00:00:00-04:00,1.2300000190734863,1.2999999523162842,1.2200000286102295,1.2300000190734863,675400,0.0,0.0
2023-09-21 00:00:00-04:00,1.2200000286102295,1.2999999523162842,1.2120000123977661,1.2699999809265137,656800,0.0,0.0
2023-09-22 00:00:00-04:00,1.25,1.2999999523162842,1.2400000095367432,1.2699999809265137,585400,0.0,0.0
2023-09-25 00:00:00-04:00,1.2400000095367432,1.2799999713897705,1.2400000095367432,1.25,258900,0.0,0.0
2023-09-26 00:00:00-04:00,1.25,1.309999942779541,1.2300000190734863,1.2899999618530273,759400,0.0,0.0
2023-09-27 00:00:00-04:00,1.2799999713897705,1.3200000524520874,1.2599999904632568,1.2999999523162842,575400,0.0,0.0
2023-09-28 00:00:00-04:00,1.2899999618530273,1.2999999523162842,1.25,1.25,305800,0.0,0.0
2023-09-29 00:00:00-04:00,1.2400000095367432,1.274999976158142,1.2400000095367432,1.2599999904632568,277200,0.0,0.0
2023-10-02 00:00:00-04:00,1.2400000095367432,1.2699999809265137,1.2000000476837158,1.25,916400,0.0,0.0
2023-10-03 00:00:00-04:00,1.2300000190734863,1.2599999904632568,1.2200000286102295,1.2300000190734863,470300,0.0,0.0
2023-10-04 00:00:00-04:00,1.2100000381469727,1.2350000143051147,1.149999976158142,1.149999976158142,508800,0.0,0.0
2023-10-05 00:00:00-04:00,1.149999976158142,1.190000057220459,1.1449999809265137,1.1699999570846558,706400,0.0,0.0
2023-10-06 00:00:00-04:00,1.149999976158142,1.2000000476837158,1.149999976158142,1.190000057220459,301100,0.0,0.0
2023-10-09 00:00:00-04:00,1.159999966621399,1.190000057220459,1.1540000438690186,1.1699999570846558,190900,0.0,0.0
2023-10-10 00:00:00-04:00,1.159999966621399,1.2300000190734863,1.159999966621399,1.1799999475479126,456400,0.0,0.0
2023-10-11 00:00:00-04:00,1.1699999570846558,1.190000057220459,1.1699999570846558,1.1799999475479126,138300,0.0,0.0
2023-10-12 00:00:00-04:00,1.159999966621399,1.190000057220459,1.100000023841858,1.100000023841858,738400,0.0,0.0
2023-10-13 00:00:00-04:00,1.100000023841858,1.159999966621399,1.059999942779541,1.149999976158142,545200,0.0,0.0
2023-10-16 00:00:00-04:00,1.149999976158142,1.1799999475479126,1.1419999599456787,1.1699999570846558,348400,0.0,0.0
2023-10-17 00:00:00-04:00,1.149999976158142,1.2100000381469727,1.149999976158142,1.190000057220459,393800,0.0,0.0
2023-10-18 00:00:00-04:00,1.159999966621399,1.2999999523162842,1.159999966621399,1.2999999523162842,1186400,0.0,0.0
2023-10-19 00:00:00-04:00,1.3200000524520874,1.3300000429153442,1.2200000286102295,1.2300000190734863,304000,0.0,0.0
2023-10-20 00:00:00-04:00,1.2300000190734863,1.2400000095367432,1.1799999475479126,1.2400000095367432,498500,0.0,0.0
2023-10-23 00:00:00-04:00,1.2000000476837158,1.2300000190734863,1.149999976158142,1.1799999475479126,401600,0.0,0.0
2023-10-24 00:00:00-04:00,1.190000057220459,1.2799999713897705,1.1799999475479126,1.2699999809265137,356900,0.0,0.0
2023-10-25 00:00:00-04:00,1.25,1.2699999809265137,1.184999942779541,1.2000000476837158,371200,0.0,0.0
2023-10-26 00:00:00-04:00,1.1799999475479126,1.187999963760376,1.1299999952316284,1.159999966621399,396200,0.0,0.0
2023-10-27 00:00:00-04:00,1.1699999570846558,1.1699999570846558,1.0700000524520874,1.1100000143051147,660900,0.0,0.0
2023-10-30 00:00:00-04:00,1.100000023841858,1.190000057220459,1.100000023841858,1.159999966621399,563700,0.0,0.0
2023-10-31 00:00:00-04:00,1.149999976158142,1.190000057220459,1.149999976158142,1.159999966621399,206400,0.0,0.0
2023-11-01 00:00:00-04:00,1.159999966621399,1.159999966621399,1.090000033378601,1.100000023841858,248700,0.0,0.0
2023-11-02 00:00:00-04:00,1.090000033378601,1.1699999570846558,1.090000033378601,1.1399999856948853,322800,0.0,0.0
2023-11-03 00:00:00-04:00,1.1299999952316284,1.25,1.1299999952316284,1.2400000095367432,463200,0.0,0.0
2023-11-06 00:00:00-05:00,1.2200000286102295,1.25,1.190000057220459,1.2000000476837158,203300,0.0,0.0
2023-11-07 00:00:00-05:00,1.2200000286102295,1.2300000190734863,1.2000000476837158,1.2300000190734863,236200,0.0,0.0
2023-11-08 00:00:00-05:00,1.2100000381469727,1.2400000095367432,1.2000000476837158,1.2000000476837158,389100,0.0,0.0
2023-11-09 00:00:00-05:00,1.3700000047683716,1.6699999570846558,1.340000033378601,1.4800000190734863,4021900,0.0,0.0
2023-11-10 00:00:00-05:00,1.4700000286102295,1.5,1.3700000047683716,1.4800000190734863,483300,0.0,0.0
2023-11-13 00:00:00-05:00,1.4500000476837158,1.4800000190734863,1.2100000381469727,1.3949999809265137,649200,0.0,0.0
2023-11-14 00:00:00-05:00,1.399999976158142,1.5299999713897705,1.3910000324249268,1.5,720200,0.0,0.0
2023-11-15 00:00:00-05:00,1.4900000095367432,1.5700000524520874,1.4700000286102295,1.5,587600,0.0,0.0
2023-11-16 00:00:00-05:00,1.5099999904632568,1.5099999904632568,1.399999976158142,1.4299999475479126,393800,0.0,0.0
2023-11-17 00:00:00-05:00,1.440000057220459,1.5049999952316284,1.409999966621399,1.5,1468500,0.0,0.0
2023-11-20 00:00:00-05:00,1.5399999618530273,1.6399999856948853,1.4700000286102295,1.600000023841858,1716100,0.0,0.0
2023-11-21 00:00:00-05:00,1.5700000524520874,1.625,1.5700000524520874,1.590000033378601,417000,0.0,0.0
2023-11-22 00:00:00-05:00,1.5800000429153442,1.8899999856948853,1.5700000524520874,1.8799999952316284,1014800,0.0,0.0
2023-11-24 00:00:00-05:00,1.8799999952316284,2.0,1.875,1.975000023841858,357300,0.0,0.0
2023-11-27 00:00:00-05:00,1.940000057220459,2.009999990463257,1.8700000047683716,1.909999966621399,419500,0.0,0.0
2023-11-28 00:00:00-05:00,1.899999976158142,1.9700000286102295,1.8300000429153442,1.9299999475479126,429100,0.0,0.0
2023-11-29 00:00:00-05:00,1.9800000190734863,2.0850000381469727,1.9600000381469727,2.049999952316284,497400,0.0,0.0
2023-11-30 00:00:00-05:00,2.049999952316284,2.5199999809265137,2.0199999809265137,2.390000104904175,2784600,0.0,0.0
2023-12-01 00:00:00-05:00,2.450000047683716,2.569999933242798,2.200000047683716,2.319999933242798,4917200,0.0,0.0
2023-12-04 00:00:00-05:00,2.259999990463257,2.450000047683716,2.2200000286102295,2.4100000858306885,1262700,0.0,0.0
2023-12-05 00:00:00-05:00,2.430000066757202,2.4800000190734863,2.259999990463257,2.3399999141693115,1393100,0.0,0.0
2023-12-06 00:00:00-05:00,2.319999933242798,2.4000000953674316,2.2200000286102295,2.2799999713897705,931500,0.0,0.0
2023-12-07 00:00:00-05:00,2.2799999713897705,2.509999990463257,2.2300000190734863,2.494999885559082,1234500,0.0,0.0
2023-12-08 00:00:00-05:00,2.5199999809265137,2.5199999809265137,2.4010000228881836,2.4749999046325684,570200,0.0,0.0
2023-12-11 00:00:00-05:00,2.450000047683716,2.4649999141693115,2.240000009536743,2.359999895095825,611200,0.0,0.0
2023-12-12 00:00:00-05:00,2.319999933242798,2.734999895095825,2.309999942779541,2.690000057220459,1687200,0.0,0.0
2023-12-13 00:00:00-05:00,2.740000009536743,2.880000114440918,2.549999952316284,2.740000009536743,1910400,0.0,0.0
2023-12-14 00:00:00-05:00,2.8299999237060547,2.8399999141693115,2.690000057220459,2.75,891100,0.0,0.0
2023-12-15 00:00:00-05:00,2.75,2.8299999237060547,2.609999895095825,2.809999942779541,1026400,0.0,0.0
2023-12-18 00:00:00-05:00,2.8499999046325684,3.0399999618530273,2.7899999618530273,2.890000104904175,1230300,0.0,0.0
2023-12-19 00:00:00-05:00,2.890000104904175,3.0299999713897705,2.890000104904175,3.0,969300,0.0,0.0
2023-12-20 00:00:00-05:00,3.0,3.11899995803833,2.9000000953674316,2.940000057220459,836700,0.0,0.0
2023-12-21 00:00:00-05:00,2.9600000381469727,3.0899999141693115,2.950000047683716,3.0899999141693115,636600,0.0,0.0
2023-12-22 00:00:00-05:00,3.0799999237060547,3.190000057220459,3.059999942779541,3.140000104904175,646600,0.0,0.0
2023-12-26 00:00:00-05:00,3.109999895095825,3.4100000858306885,3.0999999046325684,3.4100000858306885,860300,0.0,0.0
2023-12-27 00:00:00-05:00,3.4100000858306885,3.450000047683716,3.180000066757202,3.25,872700,0.0,0.0
2023-12-28 00:00:00-05:00,3.25,3.380000114440918,3.244999885559082,3.2799999713897705,554400,0.0,0.0
2023-12-29 00:00:00-05:00,3.259999990463257,3.365000009536743,3.184999942779541,3.299999952316284,712100,0.0,0.0
2024-01-02 00:00:00-05:00,3.2300000190734863,3.259999990463257,3.069999933242798,3.190000057220459,852400,0.0,0.0
2024-01-03 00:00:00-05:00,3.130000114440918,3.1689999103546143,2.7699999809265137,2.880000114440918,1313600,0.0,0.0
2024-01-04 00:00:00-05:00,2.8499999046325684,3.119999885559082,2.8499999046325684,2.880000114440918,877300,0.0,0.0
2024-01-05 00:00:00-05:00,2.880000114440918,2.8949999809265137,2.7799999713897705,2.869999885559082,695200,0.0,0.0
2024-01-08 00:00:00-05:00,2.859999895095825,3.0399999618530273,2.825000047683716,3.009999990463257,605800,0.0,0.0
2024-01-09 00:00:00-05:00,2.9800000190734863,3.0399999618530273,2.9149999618530273,2.9200000762939453,611400,0.0,0.0
2024-01-10 00:00:00-05:00,2.9200000762939453,3.0199999809265137,2.9000000953674316,2.940000057220459,412400,0.0,0.0
2024-01-11 00:00:00-05:00,2.9000000953674316,2.9149999618530273,2.740000009536743,2.7799999713897705,615700,0.0,0.0
2024-01-12 00:00:00-05:00,2.8399999141693115,2.890000104904175,2.7950000762939453,2.8499999046325684,355100,0.0,0.0
2024-01-16 00:00:00-05:00,2.740000009536743,2.7899999618530273,2.7200000286102295,2.740000009536743,425800,0.0,0.0
2024-01-17 00:00:00-05:00,2.640000104904175,2.9200000762939453,2.609999895095825,2.8299999237060547,1088600,0.0,0.0
2024-01-18 00:00:00-05:00,2.819999933242798,2.890000104904175,2.755000114440918,2.869999885559082,433900,0.0,0.0
2024-01-19 00:00:00-05:00,2.859999895095825,2.859999895095825,2.6700000762939453,2.700000047683716,443800,0.0,0.0
2024-01-22 00:00:00-05:00,2.680000066757202,2.8450000286102295,2.640000104904175,2.809999942779541,450700,0.0,0.0
2024-01-23 00:00:00-05:00,2.809999942779541,2.950000047683716,2.809999942779541,2.9200000762939453,266900,0.0,0.0
2024-01-24 00:00:00-05:00,2.930000066757202,3.015000104904175,2.8399999141693115,2.8499999046325684,402400,0.0,0.0
2024-01-25 00:00:00-05:00,2.9000000953674316,2.9600000381469727,2.8399999141693115,2.890000104904175,212700,0.0,0.0
2024-01-26 00:00:00-05:00,2.859999895095825,2.934999942779541,2.8499999046325684,2.890000104904175,250900,0.0,0.0
2024-01-29 00:00:00-05:00,2.8499999046325684,2.9100000858306885,2.7300000190734863,2.9000000953674316,353500,0.0,0.0
2024-01-30 00:00:00-05:00,2.880000114440918,2.9000000953674316,2.7699999809265137,2.8399999141693115,427700,0.0,0.0
2024-01-31 00:00:00-05:00,2.819999933242798,2.9700000286102295,2.799999952316284,2.8499999046325684,532500,0.0,0.0
2024-02-01 00:00:00-05:00,2.869999885559082,3.005000114440918,2.8499999046325684,2.930000066757202,483700,0.0,0.0
2024-02-02 00:00:00-05:00,2.8499999046325684,2.940000057220459,2.799999952316284,2.9100000858306885,348300,0.0,0.0
2024-02-05 00:00:00-05:00,2.924999952316284,2.924999952316284,2.819999933242798,2.8399999141693115,264300,0.0,0.0
2024-02-06 00:00:00-05:00,2.880000114440918,3.309999942779541,2.8499999046325684,3.299999952316284,1404100,0.0,0.0
2024-02-07 00:00:00-05:00,3.3299999237060547,3.375,3.2200000286102295,3.3499999046325684,967600,0.0,0.0
2024-02-08 00:00:00-05:00,3.3499999046325684,3.430000066757202,3.312000036239624,3.380000114440918,718500,0.0,0.0
2024-02-09 00:00:00-05:00,3.4000000953674316,3.505000114440918,3.375,3.4600000381469727,876300,0.0,0.0
2024-02-12 00:00:00-05:00,3.5,3.549999952316284,3.380000114440918,3.380000114440918,534700,0.0,0.0
2024-02-13 00:00:00-05:00,3.2899999618530273,3.315000057220459,3.049999952316284,3.1500000953674316,649300,0.0,0.0
2024-02-14 00:00:00-05:00,3.180000066757202,3.2200000286102295,3.0799999237060547,3.180000066757202,409500,0.0,0.0
2024-02-15 00:00:00-05:00,3.2100000381469727,3.309999942779541,3.2100000381469727,3.2200000286102295,322900,0.0,0.0
2024-02-16 00:00:00-05:00,3.2100000381469727,3.240000009536743,3.125,3.190000057220459,447100,0.0,0.0
2024-02-20 00:00:00-05:00,3.1600000858306885,3.509999990463257,3.1600000858306885,3.4200000762939453,819300,0.0,0.0
2024-02-21 00:00:00-05:00,3.390000104904175,3.4630000591278076,3.244999885559082,3.3299999237060547,396400,0.0,0.0
2024-02-22 00:00:00-05:00,3.319999933242798,3.359999895095825,3.2100000381469727,3.2799999713897705,373500,0.0,0.0
2024-02-23 00:00:00-05:00,3.2899999618530273,3.490000009536743,3.25,3.4700000286102295,474800,0.0,0.0
2024-02-26 00:00:00-05:00,3.440000057220459,3.6549999713897705,3.4000000953674316,3.559999942779541,890700,0.0,0.0
2024-02-27 00:00:00-05:00,3.549999952316284,3.619999885559082,3.4800000190734863,3.549999952316284,418300,0.0,0.0
2024-02-28 00:00:00-05:00,3.5,3.5,3.1500000953674316,3.1600000858306885,700900,0.0,0.0
2024-02-29 00:00:00-05:00,3.2200000286102295,3.2899999618530273,3.059999942779541,3.0999999046325684,588000,0.0,0.0
2024-03-01 00:00:00-05:00,3.1600000858306885,3.1600000858306885,3.0199999809265137,3.049999952316284,633900,0.0,0.0
2024-03-04 00:00:00-05:00,3.049999952316284,3.1449999809265137,3.0399999618530273,3.049999952316284,828800,0.0,0.0
2024-03-05 00:00:00-05:00,3.0,3.009999990463257,2.8299999237060547,2.990000009536743,886100,0.0,0.0
2024-03-06 00:00:00-05:00,2.9800000190734863,3.180000066757202,2.944999933242798,3.1500000953674316,2827700,0.0,0.0
2024-03-07 00:00:00-05:00,4.210000038146973,4.889999866485596,3.2360000610351562,3.930000066757202,8198100,0.0,0.0
2024-03-08 00:00:00-05:00,4.0,4.494999885559082,3.9100000858306885,4.420000076293945,4332700,0.0,0.0
2024-03-11 00:00:00-04:00,4.320000171661377,4.760000228881836,4.265999794006348,4.670000076293945,3128500,0.0,0.0
2024-03-12 00:00:00-04:00,4.670000076293945,4.670000076293945,4.329999923706055,4.5,1813500,0.0,0.0
2024-03-13 00:00:00-04:00,4.550000190734863,4.849999904632568,4.53000020980835,4.630000114440918,1884800,0.0,0.0
2024-03-14 00:00:00-04:00,4.619999885559082,4.690000057220459,4.389999866485596,4.550000190734863,1231900,0.0,0.0
2024-03-15 00:00:00-04:00,4.420000076293945,4.510000228881836,4.210000038146973,4.300000190734863,1129300,0.0,0.0
2024-03-18 00:00:00-04:00,4.260000228881836,4.340000152587891,4.130000114440918,4.139999866485596,1089000,0.0,0.0
2024-03-19 00:00:00-04:00,3.9600000381469727,4.210000038146973,3.9000000953674316,4.144999980926514,1614400,0.0,0.0
2024-03-20 00:00:00-04:00,4.099999904632568,4.300000190734863,4.065000057220459,4.25,1419300,0.0,0.0
2024-03-21 00:00:00-04:00,4.28000020980835,4.329999923706055,4.135000228881836,4.150000095367432,1090500,0.0,0.0
2024-03-22 00:00:00-04:00,4.159999847412109,4.309999942779541,4.099999904632568,4.190000057220459,949900,0.0,0.0
2024-03-25 00:00:00-04:00,4.170000076293945,4.480000019073486,4.150000095367432,4.199999809265137,1304100,0.0,0.0
2024-03-26 00:00:00-04:00,4.260000228881836,4.309999942779541,3.890000104904175,3.9200000762939453,1105900,0.0,0.0
2024-03-27 00:00:00-04:00,3.930000066757202,4.019999980926514,3.7799999713897705,3.8299999237060547,1145400,0.0,0.0
2024-03-28 00:00:00-04:00,3.8399999141693115,4.130000114440918,3.8399999141693115,4.050000190734863,960800,0.0,0.0
2024-04-01 00:00:00-04:00,4.090000152587891,4.110000133514404,3.924999952316284,3.9600000381469727,777900,0.0,0.0
2024-04-02 00:00:00-04:00,3.9100000858306885,3.9200000762939453,3.6700000762939453,3.759999990463257,643400,0.0,0.0
2024-04-03 00:00:00-04:00,3.75,3.819999933242798,3.565000057220459,3.7699999809265137,1214100,0.0,0.0
2024-04-04 00:00:00-04:00,4.039999961853027,4.070000171661377,3.7799999713897705,3.8299999237060547,1113900,0.0,0.0
2024-04-05 00:00:00-04:00,3.799999952316284,3.9149999618530273,3.7200000286102295,3.7899999618530273,550200,0.0,0.0
2024-04-08 00:00:00-04:00,3.799999952316284,3.878000020980835,3.75,3.809999942779541,476300,0.0,0.0
2024-04-09 00:00:00-04:00,3.799999952316284,3.825000047683716,3.7100000381469727,3.7200000286102295,511700,0.0,0.0
2024-04-10 00:00:00-04:00,3.559999942779541,3.5999999046325684,3.3399999141693115,3.450000047683716,1646300,0.0,0.0
2024-04-11 00:00:00-04:00,3.4800000190734863,3.5,3.384999990463257,3.450000047683716,968200,0.0,0.0
2024-04-12 00:00:00-04:00,3.4600000381469727,3.484999895095825,3.2300000190734863,3.25,734900,0.0,0.0
2024-04-15 00:00:00-04:00,3.2799999713897705,3.305000066757202,3.125,3.140000104904175,743800,0.0,0.0
2024-04-16 00:00:00-04:00,3.0899999141693115,3.1500000953674316,3.0399999618530273,3.0899999141693115,550800,0.0,0.0
2024-04-17 00:00:00-04:00,3.059999942779541,3.259999990463257,2.950000047683716,3.109999895095825,2425400,0.0,0.0
2024-04-18 00:00:00-04:00,3.059999942779541,3.119999885559082,2.994999885559082,3.059999942779541,977200,0.0,0.0
2024-04-19 00:00:00-04:00,3.0,3.130000114440918,2.9000000953674316,3.0299999713897705,1779000,0.0,0.0
2024-04-22 00:00:00-04:00,3.0399999618530273,3.259999990463257,2.9749999046325684,3.0199999809265137,1133800,0.0,0.0
2024-04-23 00:00:00-04:00,3.0,3.2699999809265137,3.0,3.109999895095825,534700,0.0,0.0
2024-04-24 00:00:00-04:00,3.119999885559082,3.1700000762939453,3.0399999618530273,3.059999942779541,456800,0.0,0.0
2024-04-25 00:00:00-04:00,3.009999990463257,3.115000009536743,2.9800000190734863,3.049999952316284,475400,0.0,0.0
2024-04-26 00:00:00-04:00,3.0399999618530273,3.1700000762939453,3.0199999809265137,3.1600000858306885,514400,0.0,0.0
2024-04-29 00:00:00-04:00,3.1600000858306885,3.197999954223633,3.0299999713897705,3.0799999237060547,554300,0.0,0.0
2024-04-30 00:00:00-04:00,3.049999952316284,3.075000047683716,2.990000009536743,3.009999990463257,545700,0.0,0.0
2024-05-01 00:00:00-04:00,3.0,3.0899999141693115,2.9200000762939453,2.9800000190734863,651500,0.0,0.0
2024-05-02 00:00:00-04:00,3.049999952316284,3.059999942779541,2.934999942779541,3.009999990463257,417700,0.0,0.0
2024-05-03 00:00:00-04:00,3.059999942779541,3.0989999771118164,2.8499999046325684,2.8499999046325684,941900,0.0,0.0
2024-05-06 00:00:00-04:00,2.9000000953674316,3.009999990463257,2.880000114440918,2.9100000858306885,942600,0.0,0.0
2024-05-07 00:00:00-04:00,2.9200000762939453,2.930000066757202,2.7699999809265137,2.7799999713897705,766000,0.0,0.0
2024-05-08 00:00:00-04:00,2.799999952316284,2.9600000381469727,2.7799999713897705,2.950000047683716,1606500,0.0,0.0
2024-05-09 00:00:00-04:00,3.0,3.315000057220459,2.880000114440918,3.130000114440918,2352500,0.0,0.0
2024-05-10 00:00:00-04:00,3.1700000762939453,3.359999895095825,3.1050000190734863,3.1700000762939453,1150900,0.0,0.0
2024-05-13 00:00:00-04:00,3.1700000762939453,3.3289999961853027,3.1500000953674316,3.1700000762939453,1013300,0.0,0.0
2024-05-14 00:00:00-04:00,3.190000057220459,3.2100000381469727,3.0199999809265137,3.059999942779541,918000,0.0,0.0
2024-05-15 00:00:00-04:00,3.109999895095825,3.130000114440918,2.9700000286102295,3.0799999237060547,878400,0.0,0.0
2024-05-16 00:00:00-04:00,3.059999942779541,3.115000009536743,2.9800000190734863,2.990000009536743,632600,0.0,0.0
2024-05-17 00:00:00-04:00,2.990000009536743,2.990000009536743,2.859999895095825,2.9000000953674316,819100,0.0,0.0
2024-05-20 00:00:00-04:00,2.9000000953674316,2.9200000762939453,2.7699999809265137,2.7899999618530273,762600,0.0,0.0
2024-05-21 00:00:00-04:00,2.809999942779541,2.809999942779541,2.700000047683716,2.7899999618530273,897900,0.0,0.0
2024-05-22 00:00:00-04:00,2.7899999618530273,2.815000057220459,2.7300000190734863,2.75,467200,0.0,0.0
2024-05-23 00:00:00-04:00,2.6600000858306885,2.75,2.634999990463257,2.6600000858306885,705300,0.0,0.0
2024-05-24 00:00:00-04:00,2.700000047683716,2.809999942779541,2.674999952316284,2.75,923500,0.0,0.0
2024-05-28 00:00:00-04:00,2.7699999809265137,2.8399999141693115,2.7249999046325684,2.809999942779541,621400,0.0,0.0
2024-05-29 00:00:00-04:00,2.75,2.805000066757202,2.7300000190734863,2.7799999713897705,320200,0.0,0.0
2024-05-30 00:00:00-04:00,2.819999933242798,2.819999933242798,2.7200000286102295,2.7200000286102295,480400,0.0,0.0
2024-05-31 00:00:00-04:00,2.740000009536743,2.7829999923706055,2.640000104904175,2.690000057220459,873600,0.0,0.0
2024-06-03 00:00:00-04:00,2.690000057220459,2.759999990463257,2.6500000953674316,2.7100000381469727,769800,0.0,0.0
2024-06-04 00:00:00-04:00,2.700000047683716,2.7200000286102295,2.6549999713897705,2.6600000858306885,275100,0.0,0.0
2024-06-05 00:00:00-04:00,2.680000066757202,2.7200000286102295,2.625,2.690000057220459,420400,0.0,0.0
2024-06-06 00:00:00-04:00,2.6700000762939453,2.680000066757202,2.569999933242798,2.5899999141693115,479900,0.0,0.0
2024-06-07 00:00:00-04:00,2.559999942779541,2.6600000858306885,2.5399999618530273,2.5799999237060547,509500,0.0,0.0
2024-06-10 00:00:00-04:00,2.549999952316284,2.609999895095825,2.509999990463257,2.569999933242798,403200,0.0,0.0
2024-06-11 00:00:00-04:00,2.559999942779541,2.559999942779541,2.509999990463257,2.549999952316284,368500,0.0,0.0
2024-06-12 00:00:00-04:00,2.6600000858306885,2.7249999046325684,2.569999933242798,2.5899999141693115,510400,0.0,0.0
2024-06-13 00:00:00-04:00,2.5799999237060547,2.609999895095825,2.5299999713897705,2.5799999237060547,332400,0.0,0.0
2024-06-14 00:00:00-04:00,2.5999999046325684,2.5999999046325684,2.509999990463257,2.5199999809265137,465600,0.0,0.0
2024-06-17 00:00:00-04:00,2.509999990463257,2.5399999618530273,2.4600000381469727,2.5199999809265137,707900,0.0,0.0
2024-06-18 00:00:00-04:00,2.569999933242798,2.5999999046325684,2.5199999809265137,2.5199999809265137,803400,0.0,0.0
2024-06-20 00:00:00-04:00,2.559999942779541,2.5799999237060547,2.4549999237060547,2.509999990463257,845300,0.0,0.0
2024-06-21 00:00:00-04:00,2.5,2.5399999618530273,2.4800000190734863,2.4800000190734863,568000,0.0,0.0
2024-06-24 00:00:00-04:00,2.5450000762939453,2.5450000762939453,2.4000000953674316,2.5,1120500,0.0,0.0
2024-06-25 00:00:00-04:00,2.5799999237060547,2.7100000381469727,2.549999952316284,2.619999885559082,1323500,0.0,0.0
2024-06-26 00:00:00-04:00,2.700000047683716,3.0350000858306885,2.690000057220459,2.9100000858306885,2522400,0.0,0.0
2024-06-27 00:00:00-04:00,2.9100000858306885,3.0199999809265137,2.8499999046325684,2.9100000858306885,1868600,0.0,0.0
2024-06-28 00:00:00-04:00,2.9100000858306885,3.015000104904175,2.7899999618530273,2.9200000762939453,11451000,0.0,0.0
2024-07-01 00:00:00-04:00,3.059999942779541,3.0799999237060547,2.75,2.809999942779541,1312200,0.0,0.0
2024-07-02 00:00:00-04:00,2.809999942779541,2.809999942779541,2.7100000381469727,2.740000009536743,855700,0.0,0.0
2024-07-03 00:00:00-04:00,2.75,2.869999885559082,2.75,2.8299999237060547,431200,0.0,0.0
2024-07-05 00:00:00-04:00,2.8499999046325684,2.930000066757202,2.799999952316284,2.890000104904175,1173300,0.0,0.0
2024-07-08 00:00:00-04:00,2.950000047683716,3.049999952316284,2.890000104904175,3.009999990463257,1188700,0.0,0.0
2024-07-09 00:00:00-04:00,3.009999990463257,3.069999933242798,2.9200000762939453,3.0,1040100,0.0,0.0
2024-07-10 00:00:00-04:00,3.0,3.0350000858306885,2.9200000762939453,2.930000066757202,762100,0.0,0.0
2024-07-11 00:00:00-04:00,2.990000009536743,3.1700000762939453,2.930000066757202,3.1600000858306885,1515600,0.0,0.0
2024-07-12 00:00:00-04:00,3.200000047683716,3.2899999618530273,3.130000114440918,3.2300000190734863,1004500,0.0,0.0
2024-07-15 00:00:00-04:00,3.2699999809265137,3.4100000858306885,3.190000057220459,3.3499999046325684,1675700,0.0,0.0
2024-07-16 00:00:00-04:00,3.369999885559082,3.5450000762939453,3.3499999046325684,3.5399999618530273,1228700,0.0,0.0
2024-07-17 00:00:00-04:00,3.680000066757202,4.130000114440918,3.619999885559082,3.9700000286102295,3182000,0.0,0.0
2024-07-18 00:00:00-04:00,3.9700000286102295,4.0,3.555000066757202,3.5799999237060547,2396500,0.0,0.0
2024-07-19 00:00:00-04:00,3.5899999141693115,3.734999895095825,3.5399999618530273,3.630000114440918,1466700,0.0,0.0
2024-07-22 00:00:00-04:00,3.640000104904175,3.8450000286102295,3.5399999618530273,3.809999942779541,1697000,0.0,0.0
2024-07-23 00:00:00-04:00,3.7799999713897705,3.869999885559082,3.7200000286102295,3.819999933242798,1516500,0.0,0.0
2024-07-24 00:00:00-04:00,3.7899999618530273,3.8559999465942383,3.7209999561309814,3.7899999618530273,952000,0.0,0.0
2024-07-25 00:00:00-04:00,3.799999952316284,4.099999904632568,3.75,4.03000020980835,1343200,0.0,0.0
2024-07-26 00:00:00-04:00,4.050000190734863,4.099999904632568,3.7300000190734863,3.880000114440918,1939600,0.0,0.0
2024-07-29 00:00:00-04:00,3.859999895095825,3.9700000286102295,3.6600000858306885,3.7100000381469727,936200,0.0,0.0
2024-07-30 00:00:00-04:00,3.75,3.75,3.565000057220459,3.7100000381469727,1080200,0.0,0.0
2024-07-31 00:00:00-04:00,3.740000009536743,3.8399999141693115,3.6700000762939453,3.7300000190734863,1064600,0.0,0.0
2024-08-01 00:00:00-04:00,3.7300000190734863,3.759999990463257,3.509999990463257,3.5999999046325684,891100,0.0,0.0
2024-08-02 00:00:00-04:00,3.5,3.5,3.259999990463257,3.4100000858306885,1375500,0.0,0.0
2024-08-05 00:00:00-04:00,2.990000009536743,3.259999990463257,2.990000009536743,3.180000066757202,1593000,0.0,0.0
2024-08-06 00:00:00-04:00,3.4200000762939453,3.430000066757202,3.25,3.319999933242798,712500,0.0,0.0
2024-08-07 00:00:00-04:00,3.440000057220459,3.4800000190734863,3.115000009536743,3.119999885559082,1472500,0.0,0.0
2024-08-08 00:00:00-04:00,3.1600000858306885,3.265000104904175,3.0899999141693115,3.240000009536743,2411600,0.0,0.0
2024-08-09 00:00:00-04:00,3.940000057220459,4.090000152587891,3.625,3.680000066757202,4289700,0.0,0.0
2024-08-12 00:00:00-04:00,3.8499999046325684,3.869999885559082,3.609999895095825,3.6700000762939453,1906300,0.0,0.0
2024-08-13 00:00:00-04:00,3.75,4.050000190734863,3.7019999027252197,4.0,2058400,0.0,0.0
2024-08-14 00:00:00-04:00,4.059999942779541,4.079999923706055,3.869999885559082,3.9000000953674316,1274300,0.0,0.0
2024-08-15 00:00:00-04:00,4.070000171661377,4.420000076293945,4.050000190734863,4.230000019073486,2041500,0.0,0.0
2024-08-16 00:00:00-04:00,4.239999771118164,4.400000095367432,4.159999847412109,4.25,1918300,0.0,0.0
2024-08-19 00:00:00-04:00,4.269999980926514,4.289000034332275,4.130000114440918,4.159999847412109,1103700,0.0,0.0
2024-08-20 00:00:00-04:00,4.159999847412109,4.215000152587891,4.090000152587891,4.199999809265137,849000,0.0,0.0
2024-08-21 00:00:00-04:00,4.230000019073486,4.579999923706055,4.190000057220459,4.519999980926514,1711600,0.0,0.0
2024-08-22 00:00:00-04:00,4.539999961853027,4.574999809265137,4.329999923706055,4.349999904632568,1002600,0.0,0.0
2024-08-23 00:00:00-04:00,4.389999866485596,4.610000133514404,4.380000114440918,4.519999980926514,1182800,0.0,0.0
2024-08-26 00:00:00-04:00,4.570000171661377,4.579999923706055,4.394999980926514,4.5,808100,0.0,0.0
2024-08-27 00:00:00-04:00,4.440000057220459,4.456999778747559,4.309999942779541,4.309999942779541,817800,0.0,0.0
2024-08-28 00:00:00-04:00,4.300000190734863,4.320000171661377,4.175000190734863,4.230000019073486,571800,0.0,0.0
2024-08-29 00:00:00-04:00,4.300000190734863,4.414999961853027,4.244999885559082,4.349999904632568,767600,0.0,0.0
2024-08-30 00:00:00-04:00,4.409999847412109,4.679999828338623,4.400000095367432,4.670000076293945,1302000,0.0,0.0
2024-09-03 00:00:00-04:00,4.630000114440918,4.670000076293945,4.239999771118164,4.300000190734863,1433600,0.0,0.0
2024-09-04 00:00:00-04:00,4.25,4.320000171661377,4.119999885559082,4.130000114440918,1358000,0.0,0.0
2024-09-05 00:00:00-04:00,4.139999866485596,4.264999866485596,4.119999885559082,4.150000095367432,1189400,0.0,0.0
2024-09-06 00:00:00-04:00,4.150000095367432,4.235000133514404,4.010000228881836,4.019999980926514,1032700,0.0,0.0
2024-09-09 00:00:00-04:00,4.039999961853027,4.099999904632568,3.8919999599456787,3.9100000858306885,1005400,0.0,0.0
2024-09-10 00:00:00-04:00,3.9600000381469727,4.230000019073486,3.924999952316284,4.039999961853027,1390900,0.0,0.0
2024-09-11 00:00:00-04:00,4.0,4.014999866485596,3.859999895095825,3.990000009536743,1015400,0.0,0.0
2024-09-12 00:00:00-04:00,4.010000228881836,4.019999980926514,3.880000114440918,3.9200000762939453,753500,0.0,0.0
2024-09-13 00:00:00-04:00,3.9600000381469727,4.119999885559082,3.950000047683716,4.0,1441200,0.0,0.0
2024-09-16 00:00:00-04:00,4.0,4.070000171661377,3.8949999809265137,3.950000047683716,787400,0.0,0.0
2024-09-17 00:00:00-04:00,3.9700000286102295,4.026000022888184,3.7950000762939453,3.8399999141693115,1209900,0.0,0.0
2024-09-18 00:00:00-04:00,3.819999933242798,3.9800000190734863,3.75,3.809999942779541,1153000,0.0,0.0
2024-09-19 00:00:00-04:00,3.9000000953674316,3.9100000858306885,3.7200000286102295,3.7300000190734863,1576500,0.0,0.0
2024-09-20 00:00:00-04:00,3.759999990463257,3.759999990463257,3.619999885559082,3.700000047683716,1850300,0.0,0.0
2024-09-23 00:00:00-04:00,3.740000009536743,3.740000009536743,3.5899999141693115,3.6600000858306885,948200,0.0,0.0
2024-09-24 00:00:00-04:00,3.630000114440918,3.7100000381469727,3.5999999046325684,3.5999999046325684,971200,0.0,0.0
2024-09-25 00:00:00-04:00,3.5999999046325684,3.640000104904175,3.5199999809265137,3.5799999237060547,1492700,0.0,0.0
2024-09-26 00:00:00-04:00,3.630000114440918,3.7049999237060547,3.5399999618530273,3.640000104904175,1173600,0.0,0.0
2024-09-27 00:00:00-04:00,3.700000047683716,3.700000047683716,3.619999885559082,3.640000104904175,761400,0.0,0.0
2024-09-30 00:00:00-04:00,3.619999885559082,3.7090001106262207,3.500999927520752,3.569999933242798,1338300,0.0,0.0
2024-10-01 00:00:00-04:00,3.559999942779541,3.5799999237060547,3.4700000286102295,3.549999952316284,1248400,0.0,0.0
2024-10-02 00:00:00-04:00,3.5,3.5350000858306885,3.4600000381469727,3.509999990463257,1014300,0.0,0.0
2024-10-03 00:00:00-04:00,3.490000009536743,3.515000104904175,3.4200000762939453,3.490000009536743,886000,0.0,0.0
2024-10-04 00:00:00-04:00,3.5199999809265137,3.700000047683716,3.509999990463257,3.549999952316284,2583400,0.0,0.0
2024-10-07 00:00:00-04:00,3.5999999046325684,3.5999999046325684,3.359999895095825,3.4200000762939453,1458900,0.0,0.0
2024-10-08 00:00:00-04:00,3.4100000858306885,3.5199999809265137,3.384999990463257,3.4600000381469727,1516400,0.0,0.0
2024-10-09 00:00:00-04:00,3.4800000190734863,3.5290000438690186,3.359999895095825,3.359999895095825,1523100,0.0,0.0
2024-10-10 00:00:00-04:00,3.390000104904175,3.615000009536743,3.319999933242798,3.5899999141693115,4689500,0.0,0.0
2024-10-11 00:00:00-04:00,3.700000047683716,3.75,3.5,3.569999933242798,4478300,0.0,0.0
2024-10-14 00:00:00-04:00,3.609999895095825,3.7249999046325684,3.5,3.7200000286102295,2449300,0.0,0.0
2024-10-15 00:00:00-04:00,3.7750000953674316,3.930000066757202,3.6050000190734863,3.9100000858306885,3567600,0.0,0.0
2024-10-16 00:00:00-04:00,4.0,4.050000190734863,3.869999885559082,3.9100000858306885,2915100,0.0,0.0
2024-10-17 00:00:00-04:00,3.9100000858306885,3.934000015258789,3.759999990463257,3.7799999713897705,1700700,0.0,0.0
2024-10-18 00:00:00-04:00,3.8299999237060547,3.875,3.7699999809265137,3.7899999618530273,1931800,0.0,0.0
2024-10-21 00:00:00-04:00,3.809999942779541,3.8399999141693115,3.690000057220459,3.7300000190734863,1427800,0.0,0.0
2024-10-22 00:00:00-04:00,3.740000009536743,3.7799999713897705,3.619999885559082,3.700000047683716,1547700,0.0,0.0
2024-10-23 00:00:00-04:00,3.6600000858306885,3.6700000762939453,3.559999942779541,3.5899999141693115,1183700,0.0,0.0
2024-10-24 00:00:00-04:00,3.619999885559082,3.6649999618530273,3.569999933242798,3.640000104904175,1149100,0.0,0.0
2024-10-25 00:00:00-04:00,3.640000104904175,3.680000066757202,3.559999942779541,3.5799999237060547,1668600,0.0,0.0
2024-10-28 00:00:00-04:00,3.619999885559082,3.7980000972747803,3.619999885559082,3.7799999713897705,1377600,0.0,0.0
2024-10-29 00:00:00-04:00,3.7799999713897705,3.950000047683716,3.700000047683716,3.950000047683716,1654800,0.0,0.0
2024-10-30 00:00:00-04:00,3.940000057220459,3.9600000381469727,3.825000047683716,3.9000000953674316,1553600,0.0,0.0
2024-10-31 00:00:00-04:00,3.890000104904175,3.9149999618530273,3.700000047683716,3.7200000286102295,1419800,0.0,0.0
2024-11-01 00:00:00-04:00,3.759999990463257,3.859999895095825,3.740000009536743,3.759999990463257,1192200,0.0,0.0
2024-11-04 00:00:00-05:00,3.75,3.875,3.7249999046325684,3.8399999141693115,1076300,0.0,0.0
2024-11-05 00:00:00-05:00,3.7899999618530273,4.014999866485596,3.7799999713897705,3.990000009536743,1354100,0.0,0.0
2024-11-06 00:00:00-05:00,4.179999828338623,4.230000019073486,3.9800000190734863,4.139999866485596,2768600,0.0,0.0
2024-11-07 00:00:00-05:00,4.150000095367432,4.329999923706055,4.119999885559082,4.21999979019165,2103000,0.0,0.0
2024-11-08 00:00:00-05:00,4.25,4.420000076293945,4.159999847412109,4.389999866485596,2244600,0.0,0.0
2024-11-11 00:00:00-05:00,4.800000190734863,4.860000133514404,4.5,4.860000133514404,6291800,0.0,0.0
2024-11-12 00:00:00-05:00,5.0,5.039999961853027,4.610000133514404,4.800000190734863,8318200,0.0,0.0
2024-11-13 00:00:00-05:00,5.789999961853027,6.53000020980835,5.409999847412109,6.010000228881836,17335900,0.0,0.0
2024-11-14 00:00:00-05:00,6.760000228881836,6.769999980926514,6.190000057220459,6.5,7001300,0.0,0.0
2024-11-15 00:00:00-05:00,6.510000228881836,7.135000228881836,6.369999885559082,6.909999847412109,6954500,0.0,0.0
2024-11-18 00:00:00-05:00,7.0,7.380000114440918,6.71999979019165,7.199999809265137,8465900,0.0,0.0
2024-11-19 00:00:00-05:00,7.019999980926514,7.570000171661377,6.960000038146973,7.320000171661377,4885000,0.0,0.0
2024-11-20 00:00:00-05:00,7.25,7.275000095367432,7.0,7.25,3329900,0.0,0.0
2024-11-21 00:00:00-05:00,7.25,7.804999828338623,7.25,7.650000095367432,4241300,0.0,0.0
2024-11-22 00:00:00-05:00,7.730000019073486,8.288999557495117,7.610000133514404,8.149999618530273,5767900,0.0,0.0
2024-11-25 00:00:00-05:00,8.5,8.970000267028809,8.329999923706055,8.569999694824219,7230400,0.0,0.0
2024-11-26 00:00:00-05:00,8.550000190734863,8.829000473022461,8.319999694824219,8.319999694824219,4891300,0.0,0.0
2024-11-27 00:00:00-05:00,8.4399995803833,8.489999771118164,8.029999732971191,8.180000305175781,3025900,0.0,0.0
2024-11-29 00:00:00-05:00,8.020000457763672,8.319999694824219,7.789999961853027,8.289999961853027,2737800,0.0,0.0
2024-12-02 00:00:00-05:00,8.239999771118164,8.460000038146973,7.920000076293945,8.329999923706055,3361800,0.0,0.0
2024-12-03 00:00:00-05:00,8.329999923706055,8.430000305175781,8.005000114440918,8.010000228881836,2970400,0.0,0.0
2024-12-04 00:00:00-05:00,8.100000381469727,8.414999961853027,7.869999885559082,8.279999732971191,2398400,0.0,0.0
2024-12-05 00:00:00-05:00,8.220000267028809,8.579999923706055,8.079999923706055,8.399999618530273,3109900,0.0,0.0
2024-12-06 00:00:00-05:00,8.5,8.869999885559082,8.220000267028809,8.220000267028809,2541500,0.0,0.0
2024-12-09 00:00:00-05:00,8.229999542236328,8.359999656677246,7.880000114440918,7.889999866485596,2583300,0.0,0.0
2024-12-10 00:00:00-05:00,7.849999904632568,7.980000019073486,7.489999771118164,7.550000190734863,4971800,0.0,0.0
2024-12-11 00:00:00-05:00,7.539999961853027,7.590000152587891,7.039999961853027,7.139999866485596,4755600,0.0,0.0
2024-12-12 00:00:00-05:00,7.139999866485596,7.309999942779541,6.855000019073486,6.949999809265137,3379600,0.0,0.0
2024-12-13 00:00:00-05:00,6.869999885559082,7.144999980926514,6.86299991607666,7.059999942779541,3016900,0.0,0.0
2024-12-16 00:00:00-05:00,7.059999942779541,7.489999771118164,6.929999828338623,7.429999828338623,2483800,0.0,0.0
2024-12-17 00:00:00-05:00,7.159999847412109,7.255000114440918,6.949999809265137,7.090000152587891,3561100,0.0,0.0
2024-12-18 00:00:00-05:00,7.119999885559082,7.190000057220459,6.400000095367432,6.519999980926514,4473200,0.0,0.0
2024-12-19 00:00:00-05:00,6.650000095367432,6.789999961853027,6.449999809265137,6.579999923706055,2674800,0.0,0.0
2024-12-20 00:00:00-05:00,6.420000076293945,6.934999942779541,6.369999885559082,6.889999866485596,3833300,0.0,0.0
2024-12-23 00:00:00-05:00,6.909999847412109,6.909999847412109,6.574999809265137,6.679999828338623,3078500,0.0,0.0
2024-12-24 00:00:00-05:00,6.769999980926514,6.909999847412109,6.659999847412109,6.880000114440918,1229700,0.0,0.0
2024-12-26 00:00:00-05:00,6.760000228881836,7.119999885559082,6.679999828338623,7.050000190734863,2173700,0.0,0.0
2024-12-27 00:00:00-05:00,7.0,7.099999904632568,6.800000190734863,6.929999828338623,1914800,0.0,0.0
2024-12-30 00:00:00-05:00,6.829999923706055,7.065000057220459,6.650000095367432,6.900000095367432,2146400,0.0,0.0
2024-12-31 00:00:00-05:00,6.989999771118164,7.130000114440918,6.769999980926514,6.929999828338623,3565400,0.0,0.0
2025-01-02 00:00:00-05:00,6.929999828338623,7.099999904632568,6.659999847412109,6.789999961853027,2193100,0.0,0.0
2025-01-03 00:00:00-05:00,6.769999980926514,6.840000152587891,6.610000133514404,6.670000076293945,1855200,0.0,0.0
2025-01-06 00:00:00-05:00,6.75,6.927000045776367,6.545000076293945,6.610000133514404,2344600,0.0,0.0
2025-01-07 00:00:00-05:00,6.619999885559082,6.820000171661377,6.375,6.510000228881836,2007300,0.0,0.0
2025-01-08 00:00:00-05:00,6.460000038146973,6.460000038146973,6.21999979019165,6.329999923706055,2087300,0.0,0.0
2025-01-10 00:00:00-05:00,6.081999778747559,6.119999885559082,5.769999980926514,5.900000095367432,2982000,0.0,0.0
2025-01-13 00:00:00-05:00,5.900000095367432,5.910999774932861,5.630000114440918,5.880000114440918,2780700,0.0,0.0
2025-01-14 00:00:00-05:00,6.039999961853027,6.139999866485596,5.900000095367432,6.110000133514404,2453600,0.0,0.0
2025-01-15 00:00:00-05:00,6.409999847412109,6.539999961853027,6.25,6.309999942779541,2289300,0.0,0.0
2025-01-16 00:00:00-05:00,6.300000190734863,6.704999923706055,6.260000228881836,6.400000095367432,2360300,0.0,0.0
2025-01-17 00:00:00-05:00,6.440000057220459,6.599999904632568,6.340000152587891,6.579999923706055,1882100,0.0,0.0
2025-01-21 00:00:00-05:00,6.650000095367432,6.690000057220459,6.050000190734863,6.099999904632568,3793400,0.0,0.0
2025-01-22 00:00:00-05:00,6.079999923706055,6.224999904632568,5.960000038146973,5.989999771118164,3186300,0.0,0.0
2025-01-23 00:00:00-05:00,5.900000095367432,6.190000057220459,5.849999904632568,6.119999885559082,1712500,0.0,0.0
2025-01-24 00:00:00-05:00,6.139999866485596,6.230000019073486,6.090000152587891,6.130000114440918,1493100,0.0,0.0
2025-01-27 00:00:00-05:00,5.96999979019165,6.199999809265137,5.909999847412109,6.039999961853027,1988300,0.0,0.0
2025-01-28 00:00:00-05:00,6.079999923706055,6.400000095367432,6.0,6.289999961853027,2106300,0.0,0.0
2025-01-29 00:00:00-05:00,6.25,6.320000171661377,6.110000133514404,6.28000020980835,1882400,0.0,0.0
2025-01-30 00:00:00-05:00,6.480000019073486,6.804999828338623,6.451000213623047,6.699999809265137,2303600,0.0,0.0
2025-01-31 00:00:00-05:00,6.639999866485596,6.715000152587891,6.300000190734863,6.409999847412109,3267500,0.0,0.0
2025-02-03 00:00:00-05:00,6.090000152587891,6.289999961853027,5.920000076293945,6.159999847412109,2038000,0.0,0.0
2025-02-04 00:00:00-05:00,6.199999809265137,6.320000171661377,6.070000171661377,6.25,2075900,0.0,0.0
2025-02-05 00:00:00-05:00,6.269999980926514,6.340000152587891,6.159999847412109,6.269999980926514,1473700,0.0,0.0
2025-02-06 00:00:00-05:00,6.320000171661377,6.400000095367432,6.119999885559082,6.170000076293945,1447300,0.0,0.0
2025-02-07 00:00:00-05:00,6.170000076293945,6.21999979019165,5.860000133514404,5.869999885559082,3152900,0.0,0.0
2025-02-10 00:00:00-05:00,5.940000057220459,6.190000057220459,5.896999835968018,6.090000152587891,1723600,0.0,0.0
2025-02-11 00:00:00-05:00,5.96999979019165,6.199999809265137,5.96999979019165,6.010000228881836,1535600,0.0,0.0
2025-02-12 00:00:00-05:00,5.909999847412109,6.170000076293945,5.860000133514404,6.090000152587891,1692600,0.0,0.0
2025-02-13 00:00:00-05:00,6.119999885559082,6.400000095367432,6.119999885559082,6.389999866485596,1560800,0.0,0.0
2025-02-14 00:00:00-05:00,6.409999847412109,6.460000038146973,6.199999809265137,6.230000019073486,1459900,0.0,0.0
2025-02-18 00:00:00-05:00,6.28000020980835,6.425000190734863,6.184999942779541,6.260000228881836,1755700,0.0,0.0
2025-02-19 00:00:00-05:00,6.239999771118164,6.309999942779541,6.050000190734863,6.190000057220459,1577500,0.0,0.0
2025-02-20 00:00:00-05:00,6.110000133514404,6.159999847412109,5.940000057220459,6.03000020980835,2120900,0.0,0.0
2025-02-21 00:00:00-05:00,6.170000076293945,6.21999979019165,5.715000152587891,5.730000019073486,3455800,0.0,0.0
2025-02-24 00:00:00-05:00,5.809999942779541,5.869999885559082,5.639999866485596,5.670000076293945,2699100,0.0,0.0
2025-02-25 00:00:00-05:00,5.619999885559082,5.699999809265137,5.380000114440918,5.570000171661377,2873800,0.0,0.0
2025-02-26 00:00:00-05:00,5.724999904632568,5.869999885559082,5.59499979019165,5.679999828338623,4674000,0.0,0.0
2025-02-27 00:00:00-05:00,5.045000076293945,5.210000038146973,4.550000190734863,5.005000114440918,10927900,0.0,0.0
2025-02-28 00:00:00-05:00,4.980000019073486,5.434999942779541,4.889999866485596,5.400000095367432,4589300,0.0,0.0
2025-03-03 00:00:00-05:00,5.474999904632568,5.619999885559082,5.090000152587891,5.110000133514404,3153700,0.0,0.0
2025-03-04 00:00:00-05:00,4.869999885559082,5.320000171661377,4.849999904632568,5.159999847412109,3683800,0.0,0.0
2025-03-05 00:00:00-05:00,5.170000076293945,5.289999961853027,5.079999923706055,5.21999979019165,2102300,0.0,0.0
2025-03-06 00:00:00-05:00,5.074999809265137,5.099999904632568,4.869999885559082,4.889999866485596,2613300,0.0,0.0
2025-03-07 00:00:00-05:00,4.840000152587891,4.995999813079834,4.760000228881836,4.96999979019165,3879900,0.0,0.0
2025-03-10 00:00:00-04:00,4.860000133514404,5.050000190734863,4.659999847412109,4.710000038146973,3986400,0.0,0.0
2025-03-11 00:00:00-04:00,4.800000190734863,4.940000057220459,4.679999828338623,4.840000152587891,3138700,0.0,0.0
2025-03-12 00:00:00-04:00,4.989999771118164,5.110000133514404,4.89300012588501,5.050000190734863,3210400,0.0,0.0
2025-03-13 00:00:00-04:00,5.019999980926514,5.099999904632568,4.804999828338623,4.840000152587891,2431200,0.0,0.0
2025-03-14 00:00:00-04:00,4.909999847412109,5.110000133514404,4.849999904632568,5.090000152587891,2611600,0.0,0.0
2025-03-17 00:00:00-04:00,5.070000171661377,5.170000076293945,5.050000190734863,5.150000095367432,2234100,0.0,0.0
2025-03-18 00:00:00-04:00,5.119999885559082,5.135000228881836,4.965000152587891,5.010000228881836,2436600,0.0,0.0
2025-03-19 00:00:00-04:00,5.0,5.135000228881836,4.980000019073486,5.050000190734863,1858500,0.0,0.0
2025-03-20 00:00:00-04:00,5.0,5.079999923706055,4.96999979019165,5.019999980926514,2309200,0.0,0.0
2025-03-21 00:00:00-04:00,4.920000076293945,5.039999961853027,4.860000133514404,5.019999980926514,2041700,0.0,0.0
2025-03-24 00:00:00-04:00,5.074999809265137,5.21999979019165,5.059999942779541,5.150000095367432,3077000,0.0,0.0
2025-03-25 00:00:00-04:00,5.130000114440918,5.139999866485596,4.980000019073486,5.070000171661377,1621500,0.0,0.0
2025-03-26 00:00:00-04:00,5.070000171661377,5.1020002365112305,4.929999828338623,4.989999771118164,1445800,0.0,0.0
2025-03-27 00:00:00-04:00,4.940000057220459,5.050000190734863,4.909999847412109,4.980000019073486,1415900,0.0,0.0
2025-03-28 00:00:00-04:00,4.980000019073486,4.98799991607666,4.679999828338623,4.739999771118164,2353800,0.0,0.0
2025-03-31 00:00:00-04:00,4.630000114440918,4.78000020980835,4.559999942779541,4.699999809265137,3252700,0.0,0.0
2025-04-01 00:00:00-04:00,4.690000057220459,4.84499979019165,4.671000003814697,4.78000020980835,1771700,0.0,0.0
2025-04-02 00:00:00-04:00,4.7270002365112305,5.090000152587891,4.7270002365112305,5.0,2924200,0.0,0.0
2025-04-03 00:00:00-04:00,4.619999885559082,4.699999809265137,4.309999942779541,4.315000057220459,3400200,0.0,0.0
2025-04-04 00:00:00-04:00,4.230000019073486,4.25,3.9100000858306885,4.179999828338623,4208400,0.0,0.0
2025-04-07 00:00:00-04:00,3.930000066757202,4.440000057220459,3.7799999713897705,4.309999942779541,3787900,0.0,0.0
2025-04-08 00:00:00-04:00,4.519999980926514,4.579999923706055,4.110000133514404,4.199999809265137,2835100,0.0,0.0
2025-04-09 00:00:00-04:00,4.130000114440918,4.724999904632568,4.110000133514404,4.619999885559082,3437900,0.0,0.0
2025-04-10 00:00:00-04:00,4.539999961853027,4.550000190734863,4.309999942779541,4.429999828338623,1883700,0.0,0.0
2025-04-11 00:00:00-04:00,4.409999847412109,4.489999771118164,4.284999847412109,4.400000095367432,1816300,0.0,0.0
2025-04-14 00:00:00-04:00,4.559999942779541,4.610000133514404,4.380000114440918,4.429999828338623,1526100,0.0,0.0
2025-04-15 00:00:00-04:00,4.429999828338623,4.525000095367432,4.369999885559082,4.449999809265137,3060600,0.0,0.0
2025-04-16 00:00:00-04:00,4.369999885559082,4.550000190734863,4.369999885559082,4.420000076293945,2294900,0.0,0.0
2025-04-17 00:00:00-04:00,4.440000057220459,4.539999961853027,4.380000114440918,4.389999866485596,1678500,0.0,0.0
2025-04-21 00:00:00-04:00,4.380000114440918,4.460000038146973,4.164999961853027,4.21999979019165,2098500,0.0,0.0
2025-04-22 00:00:00-04:00,4.329999923706055,4.53000020980835,4.329999923706055,4.480000019073486,1603100,0.0,0.0
2025-04-23 00:00:00-04:00,4.679999828338623,4.75,4.5,4.510000228881836,1419500,0.0,0.0
2025-04-24 00:00:00-04:00,4.519999980926514,4.775000095367432,4.489999771118164,4.760000228881836,1446300,0.0,0.0
2025-04-25 00:00:00-04:00,4.75,4.800000190734863,4.679999828338623,4.800000190734863,1211300,0.0,0.0
2025-04-28 00:00:00-04:00,4.800000190734863,4.894999980926514,4.71999979019165,4.789999961853027,1092600,0.0,0.0
2025-04-29 00:00:00-04:00,4.800000190734863,4.840000152587891,4.71999979019165,4.829999923706055,2023300,0.0,0.0
2025-04-30 00:00:00-04:00,4.739999771118164,4.875,4.659999847412109,4.789999961853027,1291100,0.0,0.0
2025-05-01 00:00:00-04:00,4.829999923706055,4.889999866485596,4.760000228881836,4.829999923706055,1490900,0.0,0.0
2025-05-02 00:00:00-04:00,4.900000095367432,5.010000228881836,4.863999843597412,4.989999771118164,1437900,0.0,0.0
2025-05-05 00:00:00-04:00,4.909999847412109,5.0,4.900000095367432,4.940000057220459,1769900,0.0,0.0
2025-05-06 00:00:00-04:00,4.829999923706055,4.989999771118164,4.809999942779541,4.960000038146973,1361000,0.0,0.0
2025-05-07 00:00:00-04:00,5.03000020980835,5.110000133514404,4.764999866485596,4.800000190734863,4456200,0.0,0.0
2025-05-08 00:00:00-04:00,4.849999904632568,4.949999809265137,4.320000171661377,4.380000114440918,6555300,0.0,0.0
2025-05-09 00:00:00-04:00,4.659999847412109,5.190000057220459,4.659999847412109,4.840000152587891,5980000,0.0,0.0
2025-05-12 00:00:00-04:00,5.320000171661377,5.369999885559082,5.0,5.070000171661377,5094400,0.0,0.0
2025-05-13 00:00:00-04:00,5.170000076293945,5.190000057220459,4.989999771118164,5.130000114440918,3411400,0.0,0.0
2025-05-14 00:00:00-04:00,5.119999885559082,5.190000057220459,5.005000114440918,5.039999961853027,3193300,0.0,0.0
2025-05-15 00:00:00-04:00,5.059999942779541,5.229000091552734,5.025000095367432,5.199999809265137,2467400,0.0,0.0
2025-05-16 00:00:00-04:00,5.235000133514404,5.545000076293945,5.199999809265137,5.510000228881836,3237800,0.0,0.0
2025-05-19 00:00:00-04:00,5.369999885559082,5.514999866485596,5.269999980926514,5.460000038146973,2637900,0.0,0.0
2025-05-20 00:00:00-04:00,5.460000038146973,5.519999980926514,5.329999923706055,5.380000114440918,2164300,0.0,0.0
2025-05-21 00:00:00-04:00,5.300000190734863,5.300000190734863,4.940000057220459,4.960000038146973,3345400,0.0,0.0
2025-05-22 00:00:00-04:00,4.920000076293945,4.980000019073486,4.809999942779541,4.900000095367432,2230500,0.0,0.0
2025-05-23 00:00:00-04:00,4.78000020980835,4.889999866485596,4.760000228881836,4.849999904632568,1829800,0.0,0.0
2025-05-27 00:00:00-04:00,4.929999828338623,5.019999980926514,4.810999870300293,4.980000019073486,2479800,0.0,0.0
2025-05-28 00:00:00-04:00,4.96999979019165,5.0,4.840000152587891,4.880000114440918,1777400,0.0,0.0
2025-05-29 00:00:00-04:00,5.0,5.114999771118164,4.940000057220459,4.980000019073486,2277400,0.0,0.0
2025-05-30 00:00:00-04:00,4.900000095367432,5.099999904632568,4.869999885559082,5.03000020980835,2342400,0.0,0.0
2025-06-02 00:00:00-04:00,4.980000019073486,5.050000190734863,4.849999904632568,5.03000020980835,2580300,0.0,0.0
2025-06-03 00:00:00-04:00,5.019999980926514,5.099999904632568,4.961999893188477,5.050000190734863,1621100,0.0,0.0
2025-06-04 00:00:00-04:00,5.079999923706055,5.224999904632568,5.045000076293945,5.070000171661377,2165000,0.0,0.0
2025-06-05 00:00:00-04:00,5.050000190734863,5.204999923706055,4.980000019073486,5.119999885559082,2877200,0.0,0.0
2025-06-06 00:00:00-04:00,5.130000114440918,5.25,5.110000133514404,5.159999847412109,2348100,0.0,0.0
2025-06-09 00:00:00-04:00,5.230000019073486,5.230000019073486,4.929999828338623,4.96999979019165,3102500,0.0,0.0
2025-06-10 00:00:00-04:00,4.989999771118164,5.054999828338623,4.869999885559082,4.96999979019165,2535800,0.0,0.0
2025-06-11 00:00:00-04:00,5.0,5.025000095367432,4.800000190734863,4.809999942779541,2564600,0.0,0.0
2025-06-12 00:00:00-04:00,4.760000228881836,4.809999942779541,4.679999828338623,4.760000228881836,2110500,0.0,0.0
2025-06-13 00:00:00-04:00,4.650000095367432,4.742000102996826,4.539999961853027,4.539999961853027,2103500,0.0,0.0
2025-06-16 00:00:00-04:00,4.579999923706055,4.639999866485596,4.510000228881836,4.539999961853027,1902000,0.0,0.0
2025-06-17 00:00:00-04:00,4.5,4.539999961853027,4.389999866485596,4.400000095367432,1903900,0.0,0.0
2025-06-18 00:00:00-04:00,4.389999866485596,4.480000019073486,4.300000190734863,4.369999885559082,1930000,0.0,0.0
2025-06-20 00:00:00-04:00,4.489999771118164,4.715000152587891,4.449999809265137,4.690000057220459,4023800,0.0,0.0
2025-06-23 00:00:00-04:00,4.679999828338623,4.880000114440918,4.610000133514404,4.849999904632568,3267500,0.0,0.0
2025-06-24 00:00:00-04:00,4.949999809265137,4.980000019073486,4.78000020980835,4.949999809265137,3348600,0.0,0.0
2025-06-25 00:00:00-04:00,4.96999979019165,4.96999979019165,4.800000190734863,4.820000171661377,1941400,0.0,0.0
2025-06-26 00:00:00-04:00,4.820000171661377,4.920000076293945,4.71999979019165,4.869999885559082,2286600,0.0,0.0
2025-06-27 00:00:00-04:00,4.909999847412109,5.019999980926514,4.839000225067139,4.880000114440918,3939400,0.0,0.0
2025-06-30 00:00:00-04:00,4.940000057220459,5.150000095367432,4.920000076293945,5.090000152587891,2476500,0.0,0.0
2025-07-01 00:00:00-04:00,5.059999942779541,5.15500020980835,4.989999771118164,5.079999923706055,3049900,0.0,0.0
2025-07-02 00:00:00-04:00,5.09499979019165,5.170000076293945,5.039999961853027,5.150000095367432,1669300,0.0,0.0
2025-07-03 00:00:00-04:00,5.170000076293945,5.210000038146973,5.105000019073486,5.150000095367432,1119000,0.0,0.0
2025-07-07 00:00:00-04:00,5.099999904632568,5.179999828338623,4.980000019073486,4.989999771118164,2594400,0.0,0.0
2025-07-08 00:00:00-04:00,5.019999980926514,5.050000190734863,4.875,4.909999847412109,3250800,0.0,0.0
2025-07-09 00:00:00-04:00,4.920000076293945,4.929999828338623,4.699999809265137,4.860000133514404,2504800,0.0,0.0
2025-07-10 00:00:00-04:00,4.869999885559082,4.954999923706055,4.800000190734863,4.809999942779541,1537300,0.0,0.0
2025-07-11 00:00:00-04:00,4.800000190734863,4.807000160217285,4.630000114440918,4.639999866485596,1999500,0.0,0.0
2025-07-14 00:00:00-04:00,4.670000076293945,4.670000076293945,4.489999771118164,4.519999980926514,2961500,0.0,0.0
2025-07-15 00:00:00-04:00,4.559999942779541,4.590000152587891,4.409999847412109,4.449999809265137,3684100,0.0,0.0
2025-07-16 00:00:00-04:00,4.480000019073486,4.5,4.340000152587891,4.429999828338623,2707800,0.0,0.0
2025-07-17 00:00:00-04:00,4.449999809265137,4.579999923706055,4.420000076293945,4.420000076293945,2625700,0.0,0.0
2025-07-18 00:00:00-04:00,4.480000019073486,4.690000057220459,4.440000057220459,4.599999904632568,3034400,0.0,0.0
2025-07-21 00:00:00-04:00,4.670000076293945,4.71999979019165,4.590000152587891,4.630000114440918,2398600,0.0,0.0
2025-07-22 00:00:00-04:00,4.659999847412109,4.880000114440918,4.6519999504089355,4.760000228881836,3472300,0.0,0.0
2025-07-23 00:00:00-04:00,4.789999961853027,4.868000030517578,4.710000038146973,4.789999961853027,2272500,0.0,0.0
2025-07-24 00:00:00-04:00,4.789999961853027,4.789999961853027,4.590000152587891,4.590000152587891,2560100,0.0,0.0
2025-07-25 00:00:00-04:00,4.690000057220459,4.985000133514404,4.630000114440918,4.949999809265137,4008500,0.0,0.0
2025-07-28 00:00:00-04:00,5.085000038146973,5.28000020980835,4.820000171661377,4.840000152587891,5167200,0.0,0.0
2025-07-29 00:00:00-04:00,4.860000133514404,4.900000095367432,4.670000076293945,4.71999979019165,3278800,0.0,0.0
2025-07-30 00:00:00-04:00,4.730000019073486,4.800000190734863,4.579999923706055,4.610000133514404,3617500,0.0,0.0
2025-07-31 00:00:00-04:00,4.579999923706055,4.695000171661377,4.559999942779541,4.610000133514404,2482900,0.0,0.0
2025-08-01 00:00:00-04:00,4.46999979019165,4.53000020980835,4.410999774932861,4.480000019073486,2774400,0.0,0.0
2025-08-04 00:00:00-04:00,4.639999866485596,4.789999961853027,4.590000152587891,4.789999961853027,3099700,0.0,0.0
2025-08-05 00:00:00-04:00,4.769999980926514,4.78000020980835,4.53000020980835,4.599999904632568,4616500,0.0,0.0
2025-08-06 00:00:00-04:00,4.650000095367432,4.679999828338623,4.465000152587891,4.519999980926514,6632100,0.0,0.0
2025-08-07 00:00:00-04:00,3.9049999713897705,4.119999885559082,3.5,3.740000009536743,18467100,0.0,0.0
2025-08-08 00:00:00-04:00,4.099999904632568,4.377999782562256,3.9000000953674316,3.934999942779541,7761900,0.0,0.0
2025-08-11 00:00:00-04:00,3.884999990463257,4.070000171661377,3.7799999713897705,4.0,4820500,0.0,0.0
2025-08-12 00:00:00-04:00,4.0,4.039999961853027,3.8949999809265137,4.010000228881836,3502000,0.0,0.0
2025-08-13 00:00:00-04:00,4.03000020980835,4.050000190734863,3.9200000762939453,4.005000114440918,3509300,0.0,0.0
2025-08-14 00:00:00-04:00,3.930000066757202,3.9800000190734863,3.859999895095825,3.940000057220459,3164800,0.0,0.0
2025-08-15 00:00:00-04:00,3.940000057220459,3.950000047683716,3.799999952316284,3.8299999237060547,5175700,0.0,0.0
2025-08-18 00:00:00-04:00,3.8399999141693115,4.050000190734863,3.8299999237060547,3.890000104904175,4436800,0.0,0.0
2025-08-19 00:00:00-04:00,3.9100000858306885,3.9100000858306885,3.759999990463257,3.7699999809265137,3250200,0.0,0.0
2025-08-20 00:00:00-04:00,3.75,3.75,3.609999895095825,3.6600000858306885,4596700,0.0,0.0
2025-08-21 00:00:00-04:00,3.630000114440918,3.7100000381469727,3.5999999046325684,3.680000066757202,3074600,0.0,0.0
2025-08-22 00:00:00-04:00,3.809999942779541,4.110000133514404,3.799999952316284,4.099999904632568,6970700,0.0,0.0
2025-08-25 00:00:00-04:00,4.099999904632568,4.099999904632568,3.950000047683716,3.9600000381469727,3546200,0.0,0.0
2025-08-26 00:00:00-04:00,3.9600000381469727,3.996000051498413,3.859999895095825,3.9000000953674316,2928500,0.0,0.0
2025-08-27 00:00:00-04:00,3.930000066757202,4.0,3.8949999809265137,3.9800000190734863,2307200,0.0,0.0
2025-08-28 00:00:00-04:00,4.019999980926514,4.110000133514404,3.9600000381469727,3.9600000381469727,2338100,0.0,0.0
2025-08-29 00:00:00-04:00,4.0,4.050000190734863,3.930000066757202,3.9600000381469727,1819400,0.0,0.0
2025-09-02 00:00:00-04:00,3.8299999237060547,3.890000104904175,3.7899999618530273,3.8399999141693115,2815300,0.0,0.0
2025-09-03 00:00:00-04:00,3.869999885559082,4.099999904632568,3.869999885559082,3.9600000381469727,3750800,0.0,0.0
2025-09-04 00:00:00-04:00,3.9600000381469727,3.994999885559082,3.9000000953674316,3.9700000286102295,2080300,0.0,0.0
2025-09-05 00:00:00-04:00,4.0,4.079999923706055,3.9749999046325684,4.010000228881836,2475200,0.0,0.0
2025-09-08 00:00:00-04:00,4.010000228881836,4.110000133514404,3.9719998836517334,4.019999980926514,3165900,0.0,0.0
2025-09-09 00:00:00-04:00,3.990000009536743,4.0,3.859999895095825,3.940000057220459,3839100,0.0,0.0
2025-09-10 00:00:00-04:00,3.953000068664551,3.9749999046325684,3.7899999618530273,3.7899999618530273,3827100,0.0,0.0
2025-09-11 00:00:00-04:00,3.8399999141693115,3.990000009536743,3.819999933242798,3.950000047683716,3236200,0.0,0.0
2025-09-12 00:00:00-04:00,3.9600000381469727,4.050000190734863,3.9000000953674316,4.019999980926514,3868500,0.0,0.0
2025-09-15 00:00:00-04:00,4.059999942779541,4.170000076293945,4.010000228881836,4.090000152587891,2737000,0.0,0.0
2025-09-16 00:00:00-04:00,4.090000152587891,4.119999885559082,3.9700000286102295,4.010000228881836,3412500,0.0,0.0
2025-09-17 00:00:00-04:00,4.005000114440918,4.070000171661377,3.880000114440918,3.994999885559082,4069100,0.0,0.0
2025-09-18 00:00:00-04:00,4.010000228881836,4.110000133514404,3.999000072479248,4.050000190734863,3064400,0.0,0.0
2025-09-19 00:00:00-04:00,4.059999942779541,4.099999904632568,3.9000000953674316,3.9200000762939453,5373100,0.0,0.0
2025-09-22 00:00:00-04:00,3.880000114440918,3.9600000381469727,3.8499999046325684,3.940000057220459,2939000,0.0,0.0
2025-09-23 00:00:00-04:00,3.930000066757202,3.940000057220459,3.819999933242798,3.8399999141693115,4257500,0.0,0.0
2025-09-24 00:00:00-04:00,3.8499999046325684,3.924999952316284,3.799999952316284,3.8399999141693115,4269400,0.0,0.0
2025-09-25 00:00:00-04:00,3.7699999809265137,3.815000057220459,3.7200000286102295,3.7699999809265137,3361600,0.0,0.0
2025-09-26 00:00:00-04:00,3.7750000953674316,3.7990000247955322,3.740000009536743,3.759999990463257,1966600,0.0,0.0
2025-09-29 00:00:00-04:00,3.7850000858306885,3.7899999618530273,3.690000057220459,3.7100000381469727,3098800,0.0,0.0
2025-09-30 00:00:00-04:00,3.700000047683716,3.7100000381469727,3.630000114440918,3.680000066757202,3922000,0.0,0.0
2025-10-01 00:00:00-04:00,3.6549999713897705,3.680000066757202,3.5399999618530273,3.549999952316284,4783500,0.0,0.0
2025-10-02 00:00:00-04:00,3.575000047683716,3.680000066757202,3.490000009536743,3.6700000762939453,4753000,0.0,0.0
2025-10-03 00:00:00-04:00,3.680000066757202,3.7750000953674316,3.6600000858306885,3.6700000762939453,3171900,0.0,0.0
2025-10-06 00:00:00-04:00,3.7699999809265137,3.9800000190734863,3.7699999809265137,3.9700000286102295,6790600,0.0,0.0
2025-10-07 00:00:00-04:00,3.990000009536743,4.025000095367432,3.7699999809265137,3.7799999713897705,4868000,0.0,0.0
2025-10-08 00:00:00-04:00,3.8299999237060547,3.9600000381469727,3.809999942779541,3.880000114440918,4296800,0.0,0.0
2025-10-09 00:00:00-04:00,3.9000000953674316,3.9200000762939453,3.7799999713897705,3.819999933242798,3596500,0.0,0.0
2025-10-10 00:00:00-04:00,3.8499999046325684,3.990000009536743,3.690000057220459,3.7200000286102295,6336000,0.0,0.0
2025-10-13 00:00:00-04:00,3.740000009536743,3.799999952316284,3.5999999046325684,3.7300000190734863,4838300,0.0,0.0
2025-10-14 00:00:00-04:00,3.7200000286102295,3.8499999046325684,3.640000104904175,3.799999952316284,3139400,0.0,0.0
2025-10-15 00:00:00-04:00,3.8399999141693115,3.859999895095825,3.690000057220459,3.700000047683716,4567600,0.0,0.0
2025-10-16 00:00:00-04:00,3.7300000190734863,3.799999952316284,3.619999885559082,3.640000104904175,4184700,0.0,0.0
2025-10-17 00:00:00-04:00,3.5999999046325684,3.740000009536743,3.5799999237060547,3.640000104904175,2986400,0.0,0.0
2025-10-20 00:00:00-04:00,3.690000057220459,3.7100000381469727,3.5999999046325684,3.609999895095825,2684500,0.0,0.0
2025-10-21 00:00:00-04:00,3.5999999046325684,3.640000104904175,3.559999942779541,3.559999942779541,2702200,0.0,0.0
2025-10-22 00:00:00-04:00,3.5399999618530273,3.555000066757202,3.440000057220459,3.549999952316284,4551100,0.0,0.0
2025-10-23 00:00:00-04:00,3.569999933242798,3.6549999713897705,3.549999952316284,3.6500000953674316,2810700,0.0,0.0
2025-10-24 00:00:00-04:00,3.690000057220459,3.700000047683716,3.609999895095825,3.619999885559082,2716400,0.0,0.0
2025-10-27 00:00:00-04:00,3.640000104904175,3.7100000381469727,3.630000114440918,3.6700000762939453,2522600,0.0,0.0
2025-10-28 00:00:00-04:00,3.680000066757202,3.690000057220459,3.5799999237060547,3.5999999046325684,2498600,0.0,0.0
2025-10-29 00:00:00-04:00,3.5999999046325684,3.619999885559082,3.440000057220459,3.4600000381469727,3909100,0.0,0.0
2025-10-30 00:00:00-04:00,3.4100000858306885,3.4800000190734863,3.369999885559082,3.390000104904175,3219700,0.0,0.0
2025-10-31 00:00:00-04:00,3.3949999809265137,3.4800000190734863,3.380000114440918,3.4100000858306885,2968800,0.0,0.0
2025-11-03 00:00:00-05:00,3.4100000858306885,3.4100000858306885,3.2799999713897705,3.359999895095825,3281400,0.0,0.0
2025-11-04 00:00:00-05:00,3.2799999713897705,3.3499999046325684,3.25,3.3299999237060547,3865600,0.0,0.0
2025-11-05 00:00:00-05:00,3.390000104904175,3.4100000858306885,3.2899999618530273,3.299999952316284,7708200,0.0,0.0
2025-11-06 00:00:00-05:00,2.5,2.5799999237060547,2.309999942779541,2.3299999237060547,21868000,0.0,0.0
2025-11-07 00:00:00-05:00,2.3299999237060547,2.7100000381469727,2.305000066757202,2.6649999618530273,13176100,0.0,0.0
2025-11-10 00:00:00-05:00,2.734999895095825,2.8399999141693115,2.5799999237060547,2.619999885559082,6483900,0.0,0.0
2025-11-11 00:00:00-05:00,2.609999895095825,2.6500000953674316,2.5,2.5199999809265137,4041000,0.0,0.0
2025-11-12 00:00:00-05:00,2.680000066757202,2.890000104904175,2.6500000953674316,2.740000009536743,9299500,0.0,0.0
2025-11-13 00:00:00-05:00,2.7100000381469727,2.75,2.559999942779541,2.5899999141693115,4637700,0.0,0.0
2025-11-14 00:00:00-05:00,2.5199999809265137,2.609999895095825,2.509999990463257,2.5799999237060547,2677700,0.0,0.0
2025-11-17 00:00:00-05:00,2.575000047683716,2.575000047683716,2.4100000858306885,2.430000066757202,3506400,0.0,0.0
2025-11-18 00:00:00-05:00,2.440000057220459,2.7049999237060547,2.430000066757202,2.6700000762939453,4982800,0.0,0.0
2025-11-19 00:00:00-05:00,2.6549999713897705,2.6549999713897705,2.5399999618530273,2.609999895095825,2610500,0.0,0.0
2025-11-20 00:00:00-05:00,2.6600000858306885,2.690000057220459,2.5299999713897705,2.5299999713897705,4007100,0.0,0.0
2025-11-21 00:00:00-05:00,2.5299999713897705,2.5799999237060547,2.430000066757202,2.5199999809265137,3100400,0.0,0.0
2025-11-24 00:00:00-05:00,2.5299999713897705,2.6600000858306885,2.5299999713897705,2.5799999237060547,4251600,0.0,0.0
2025-11-25 00:00:00-05:00,2.5999999046325684,2.640000104904175,2.5799999237060547,2.630000114440918,1764700,0.0,0.0
2025-11-26 00:00:00-05:00,2.640000104904175,2.7300000190734863,2.611999988555908,2.690000057220459,2170900,0.0,0.0
2025-11-28 00:00:00-05:00,2.700000047683716,2.740000009536743,2.6600000858306885,2.690000057220459,1201200,0.0,0.0
2025-12-01 00:00:00-05:00,2.630000114440918,2.7300000190734863,2.5799999237060547,2.7200000286102295,2653400,0.0,0.0
2025-12-02 00:00:00-05:00,2.7699999809265137,2.7899999618530273,2.6600000858306885,2.6700000762939453,2330800,0.0,0.0
2025-12-03 00:00:00-05:00,2.690000057220459,2.869999885559082,2.687999963760376,2.819999933242798,2519700,0.0,0.0
2025-12-04 00:00:00-05:00,2.819999933242798,2.8299999237060547,2.75,2.809999942779541,1941500,0.0,0.0
2025-12-05 00:00:00-05:00,2.799999952316284,2.799999952316284,2.700000047683716,2.7100000381469727,1784000,0.0,0.0
2025-12-08 00:00:00-05:00,2.7200000286102295,2.759999990463257,2.630000114440918,2.7100000381469727,1964700,0.0,0.0
2025-12-09 00:00:00-05:00,2.7100000381469727,2.7899999618530273,2.694999933242798,2.7699999809265137,1608400,0.0,0.0
2025-12-10 00:00:00-05:00,2.759999990463257,2.9149999618530273,2.734999895095825,2.890000104904175,3069800,0.0,0.0
2025-12-11 00:00:00-05:00,2.880000114440918,2.930000066757202,2.859999895095825,2.9000000953674316,1948300,0.0,0.0
2025-12-12 00:00:00-05:00,2.9100000858306885,2.9800000190734863,2.859999895095825,2.859999895095825,2190100,0.0,0.0
2025-12-15 00:00:00-05:00,2.880000114440918,2.9200000762939453,2.799999952316284,2.809999942779541,1606800,0.0,0.0
2025-12-16 00:00:00-05:00,2.809999942779541,2.9049999713897705,2.799999952316284,2.859999895095825,1314300,0.0,0.0
2025-12-17 00:00:00-05:00,2.859999895095825,2.9200000762939453,2.7699999809265137,2.7899999618530273,1709100,0.0,0.0
2025-12-18 00:00:00-05:00,2.819999933242798,2.859999895095825,2.75,2.7899999618530273,2200200,0.0,0.0
2025-12-19 00:00:00-05:00,2.809999942779541,2.8259999752044678,2.759999990463257,2.7899999618530273,2281600,0.0,0.0
2025-12-22 00:00:00-05:00,2.8399999141693115,2.9000000953674316,2.694999933242798,2.7100000381469727,2685300,0.0,0.0
2025-12-23 00:00:00-05:00,2.7100000381469727,2.7200000286102295,2.640000104904175,2.700000047683716,2573600,0.0,0.0
2025-12-24 00:00:00-05:00,2.680000066757202,2.759999990463257,2.6600000858306885,2.759999990463257,1387000,0.0,0.0
2025-12-26 00:00:00-05:00,2.75,2.755000114440918,2.680000066757202,2.7100000381469727,2515800,0.0,0.0
2025-12-29 00:00:00-05:00,2.690000057220459,2.734999895095825,2.6500000953674316,2.680000066757202,2723400,0.0,0.0
2025-12-30 00:00:00-05:00,2.6700000762939453,2.7149999141693115,2.619999885559082,2.619999885559082,2075700,0.0,0.0
2025-12-31 00:00:00-05:00,2.619999885559082,2.6500000953674316,2.569999933242798,2.5799999237060547,2838000,0.0,0.0
2026-01-02 00:00:00-05:00,2.619999885559082,2.680000066757202,2.5899999141693115,2.609999895095825,2039300,0.0,0.0
2026-01-05 00:00:00-05:00,2.630000114440918,2.7100000381469727,2.619999885559082,2.630000114440918,2473500,0.0,0.0
2026-01-06 00:00:00-05:00,2.6500000953674316,2.6700000762939453,2.559999942779541,2.640000104904175,2644800,0.0,0.0
2026-01-07 00:00:00-05:00,2.6500000953674316,2.6600000858306885,2.569999933242798,2.630000114440918,2053000,0.0,0.0
2026-01-08 00:00:00-05:00,2.619999885559082,2.690000057220459,2.5999999046325684,2.630000114440918,2126000,0.0,0.0
2026-01-09 00:00:00-05:00,2.630000114440918,2.690000057220459,2.569999933242798,2.5799999237060547,2203300,0.0,0.0
2026-01-12 00:00:00-05:00,2.569999933242798,2.5999999046325684,2.5199999809265137,2.5799999237060547,1782800,0.0,0.0
2026-01-13 00:00:00-05:00,2.5799999237060547,2.5899999141693115,2.5399999618530273,2.549999952316284,1222500,0.0,0.0
2026-01-14 00:00:00-05:00,2.549999952316284,2.609999895095825,2.5199999809265137,2.5999999046325684,1545600,0.0,0.0
2026-01-15 00:00:00-05:00,2.5799999237060547,2.619999885559082,2.515000104904175,2.5899999141693115,1678900,0.0,0.0
2026-01-16 00:00:00-05:00,2.5299999713897705,2.5399999618530273,2.4600000381469727,2.490000009536743,2524100,0.0,0.0
2026-01-20 00:00:00-05:00,2.4200000762939453,2.5,2.4100000858306885,2.450000047683716,2047600,0.0,0.0
2026-01-21 00:00:00-05:00,2.4600000381469727,2.5299999713897705,2.430000066757202,2.490000009536743,2166700,0.0,0.0
2026-01-22 00:00:00-05:00,2.5,2.619999885559082,2.5,2.5399999618530273,1853900,0.0,0.0
2026-01-23 00:00:00-05:00,2.559999942779541,2.619999885559082,2.549999952316284,2.5799999237060547,1763300,0.0,0.0
2026-01-26 00:00:00-05:00,2.549999952316284,2.5759999752044678,2.490000009536743,2.5,1222100,0.0,0.0
2026-01-27 00:00:00-05:00,2.509999990463257,2.5169999599456787,2.4600000381469727,2.5,1051000,0.0,0.0
2026-01-28 00:00:00-05:00,2.490000009536743,2.5190000534057617,2.4200000762939453,2.430000066757202,1227600,0.0,0.0
2026-01-29 00:00:00-05:00,2.4200000762939453,2.4600000381469727,2.369999885559082,2.440000057220459,1740300,0.0,0.0
2026-01-30 00:00:00-05:00,2.450000047683716,2.4860000610351562,2.4100000858306885,2.4700000286102295,1846400,0.0,0.0
2026-02-02 00:00:00-05:00,2.440000057220459,2.549999952316284,2.4100000858306885,2.5,2286300,0.0,0.0
2026-02-03 00:00:00-05:00,2.490000009536743,2.5250000953674316,2.3499999046325684,2.4000000953674316,2549900,0.0,0.0
2026-02-04 00:00:00-05:00,2.4200000762939453,2.5,2.3499999046325684,2.359999895095825,2037100,0.0,0.0
2026-02-05 00:00:00-05:00,2.3399999141693115,2.390000104904175,2.2149999141693115,2.2300000190734863,3147500,0.0,0.0
2026-02-06 00:00:00-05:00,2.25,2.315000057220459,2.234999895095825,2.2899999618530273,2286900,0.0,0.0
2026-02-09 00:00:00-05:00,2.2809998989105225,2.2899999618530273,2.1500000953674316,2.2100000381469727,2405300,0.0,0.0
2026-02-10 00:00:00-05:00,2.200000047683716,2.309999942779541,2.200000047683716,2.240000009536743,1346000,0.0,0.0
2026-02-11 00:00:00-05:00,2.259999990463257,2.2750000953674316,2.130000114440918,2.140000104904175,1795100,0.0,0.0
2026-02-12 00:00:00-05:00,2.1500000953674316,2.1700000762939453,2.069999933242798,2.0999999046325684,1925200,0.0,0.0
2026-02-13 00:00:00-05:00,2.0999999046325684,2.1600000858306885,2.0899999141693115,2.130000114440918,1364700,0.0,0.0
2026-02-17 00:00:00-05:00,2.1500000953674316,2.2049999237060547,2.140000104904175,2.180000066757202,1457700,0.0,0.0
2026-02-18 00:00:00-05:00,2.1700000762939453,2.190000057220459,2.130000114440918,2.1700000762939453,932100,0.0,0.0
2026-02-19 00:00:00-05:00,2.1600000858306885,2.2100000381469727,2.130000114440918,2.200000047683716,821700,0.0,0.0
2026-02-20 00:00:00-05:00,2.200000047683716,2.2899999618530273,2.180000066757202,2.2699999809265137,1270100,0.0,0.0
2026-02-23 00:00:00-05:00,2.25,2.2899999618530273,2.2100000381469727,2.2300000190734863,1225000,0.0,0.0
2026-02-24 00:00:00-05:00,2.2100000381469727,2.2899999618530273,2.2039999961853027,2.259999990463257,1023800,0.0,0.0
2026-02-25 00:00:00-05:00,2.2799999713897705,2.3299999237060547,2.2200000286102295,2.309999942779541,1695200,0.0,0.0
2026-02-26 00:00:00-05:00,2.359999895095825,2.8350000381469727,2.359999895095825,2.7899999618530273,7323700,0.0,0.0
2026-02-27 00:00:00-05:00,2.75,2.934999942779541,2.75,2.799999952316284,2561900,0.0,0.0
2026-03-02 00:00:00-05:00,2.490000009536743,2.690000057220459,2.490000009536743,2.630000114440918,2373100,0.0,0.0
2026-03-03 00:00:00-05:00,2.690000057220459,2.890000104904175,2.6600000858306885,2.8399999141693115,2953100,0.0,0.0
2026-03-04 00:00:00-05:00,2.8399999141693115,2.950000047683716,2.7699999809265137,2.930000066757202,2139700,0.0,0.0
2026-03-05 00:00:00-05:00,2.869999885559082,2.940000057220459,2.859999895095825,2.9200000762939453,2480700,0.0,0.0
2026-03-06 00:00:00-05:00,2.819999933242798,2.940000057220459,2.759999990463257,2.930000066757202,2605000,0.0,0.0
2026-03-09 00:00:00-04:00,2.859999895095825,2.888000011444092,2.7100000381469727,2.809999942779541,2363100,0.0,0.0
2026-03-10 00:00:00-04:00,2.8299999237060547,2.9600000381469727,2.819999933242798,2.9000000953674316,2655800,0.0,0.0
2026-03-11 00:00:00-04:00,2.9000000953674316,2.944999933242798,2.7750000953674316,2.819999933242798,1613700,0.0,0.0
2026-03-12 00:00:00-04:00,2.799999952316284,2.819999933242798,2.684999942779541,2.7300000190734863,1740200,0.0,0.0
2026-03-13 00:00:00-04:00,2.75,2.809999942779541,2.674999952316284,2.740000009536743,1253300,0.0,0.0
2026-03-16 00:00:00-04:00,2.75,2.7799999713897705,2.7200000286102295,2.759999990463257,1220300,0.0,0.0
2026-03-17 00:00:00-04:00,2.7699999809265137,2.880000114440918,2.740000009536743,2.7699999809265137,1158300,0.0,0.0
2026-03-18 00:00:00-04:00,2.75,2.759999990463257,2.700000047683716,2.740000009536743,1097100,0.0,0.0
2026-03-19 00:00:00-04:00,2.690000057220459,2.799999952316284,2.6710000038146973,2.7899999618530273,1132300,0.0,0.0
2026-03-20 00:00:00-04:00,2.7799999713897705,2.796999931335449,2.6600000858306885,2.6700000762939453,1915800,0.0,0.0
2026-03-23 00:00:00-04:00,2.7100000381469727,2.9200000762939453,2.690000057220459,2.859999895095825,2280300,0.0,0.0
2026-03-24 00:00:00-04:00,2.809999942779541,2.8299999237060547,2.7300000190734863,2.7899999618530273,1392400,0.0,0.0
2026-03-25 00:00:00-04:00,2.819999933242798,2.9700000286102295,2.819999933242798,2.930000066757202,1794900,0.0,0.0
2026-03-26 00:00:00-04:00,2.890000104904175,3.009999990463257,2.869999885559082,2.9100000858306885,1538600,0.0,0.0
2026-03-27 00:00:00-04:00,2.859999895095825,2.9200000762939453,2.8299999237060547,2.880000114440918,1508700,0.0,0.0
2026-03-30 00:00:00-04:00,2.880000114440918,2.940000057220459,2.8499999046325684,2.890000104904175,1528900,0.0,0.0
2026-03-31 00:00:00-04:00,2.9100000858306885,2.9700000286102295,2.865000009536743,2.940000057220459,1277500,0.0,0.0
2026-04-01 00:00:00-04:00,2.940000057220459,2.940000057220459,2.765000104904175,2.7799999713897705,1960800,0.0,0.0
2026-04-02 00:00:00-04:00,2.75,2.859999895095825,2.7049999237060547,2.819999933242798,1456100,0.0,0.0
2026-04-06 00:00:00-04:00,2.819999933242798,2.88700008392334,2.7699999809265137,2.7799999713897705,1224300,0.0,0.0
2026-04-07 00:00:00-04:00,2.759999990463257,2.7699999809265137,2.680000066757202,2.75,1272200,0.0,0.0
2026-04-08 00:00:00-04:00,2.880000114440918,2.950000047683716,2.859999895095825,2.880000114440918,1493900,0.0,0.0
2026-04-09 00:00:00-04:00,2.880000114440918,2.9000000953674316,2.815000057220459,2.869999885559082,1213200,0.0,0.0
2026-04-10 00:00:00-04:00,2.869999885559082,2.930000066757202,2.8399999141693115,2.9200000762939453,854000,0.0,0.0
2026-04-13 00:00:00-04:00,2.890000104904175,3.069999933242798,2.8589999675750732,3.0299999713897705,1849900,0.0,0.0
2026-04-14 00:00:00-04:00,3.049999952316284,3.1050000190734863,3.009999990463257,3.059999942779541,1244000,0.0,0.0
2026-04-15 00:00:00-04:00,3.0899999141693115,3.25,3.0850000381469727,3.25,1705400,0.0,0.0
2026-04-16 00:00:00-04:00,3.259999990463257,3.384999990463257,3.259000062942505,3.359999895095825,2039700,0.0,0.0
2026-04-17 00:00:00-04:00,3.359999895095825,3.444999933242798,3.319999933242798,3.380000114440918,1762300,0.0,0.0
2026-04-20 00:00:00-04:00,3.3499999046325684,3.5260000228881836,3.3420000076293945,3.4700000286102295,2491700,0.0,0.0
2026-04-21 00:00:00-04:00,3.4700000286102295,3.5250000953674316,3.380000114440918,3.390000104904175,1463300,0.0,0.0
2026-04-22 00:00:00-04:00,3.390000104904175,3.5250000953674316,3.390000104904175,3.5,1383000,0.0,0.0
2026-04-23 00:00:00-04:00,3.4800000190734863,3.5,3.3519999980926514,3.440000057220459,1352900,0.0,0.0
2026-04-24 00:00:00-04:00,3.4700000286102295,3.6449999809265137,3.4600000381469727,3.569999933242798,2276400,0.0,0.0
2026-04-27 00:00:00-04:00,3.549999952316284,3.5950000286102295,3.4749999046325684,3.4800000190734863,1640400,0.0,0.0
2026-04-28 00:00:00-04:00,3.4600000381469727,3.569999933242798,3.441999912261963,3.5,1461800,0.0,0.0
2026-04-29 00:00:00-04:00,3.4600000381469727,3.515000104904175,3.259999990463257,3.309999942779541,2265800,0.0,0.0
2026-04-30 00:00:00-04:00,3.319999933242798,3.5199999809265137,3.309999942779541,3.5,1771200,0.0,0.0
2026-05-01 00:00:00-04:00,3.5199999809265137,3.559999942779541,3.4600000381469727,3.509999990463257,1495000,0.0,0.0
2026-05-04 00:00:00-04:00,3.4800000190734863,3.505000114440918,3.315000057220459,3.3399999141693115,1398500,0.0,0.0
2026-05-05 00:00:00-04:00,3.3399999141693115,3.4700000286102295,3.319999933242798,3.450000047683716,1288600,0.0,0.0
2026-05-06 00:00:00-04:00,3.4000000953674316,3.450000047683716,3.2909998893737793,3.390000104904175,2083700,0.0,0.0
2026-05-07 00:00:00-04:00,3.299999952316284,4.050000190734863,3.299999952316284,3.7300000190734863,5052400,0.0,0.0
2026-05-08 00:00:00-04:00,3.7300000190734863,3.859999895095825,3.625,3.640000104904175,2601700,0.0,0.0
2026-05-11 00:00:00-04:00,3.5199999809265137,3.569999933242798,3.2799999713897705,3.2899999618530273,2796100,0.0,0.0
2026-05-12 00:00:00-04:00,3.2799999713897705,3.434999942779541,3.240000009536743,3.369999885559082,1720400,0.0,0.0
2026-05-13 00:00:00-04:00,3.3499999046325684,3.3550000190734863,3.265000104904175,3.309999942779541,1182300,0.0,0.0
2026-05-14 00:00:00-04:00,3.309999942779541,3.3410000801086426,3.180000066757202,3.190000057220459,981300,0.0,0.0
2026-05-15 00:00:00-04:00,3.1600000858306885,3.190000057220459,3.0899999141693115,3.119999885559082,1072400,0.0,0.0
2026-05-18 00:00:00-04:00,3.119999885559082,3.309999942779541,3.0899999141693115,3.2699999809265137,1490500,0.0,0.0
2026-05-19 00:00:00-04:00,3.240000009536743,3.305000066757202,3.180000066757202,3.2200000286102295,1399500,0.0,0.0
2026-05-20 00:00:00-04:00,3.2200000286102295,3.240000009536743,3.059999942779541,3.2100000381469727,1411200,0.0,0.0
2026-05-21 00:00:00-04:00,3.1700000762939453,3.200000047683716,3.069999933242798,3.190000057220459,1627374,0.0,0.0
