Date,Open,High,Low,Close,Volume,Dividends,Stock Splits
2022-01-03 00:00:00-05:00,188.63804072006982,195.1166719500941,188.63804072006982,194.74671936035156,101500,0.0,0.0
2022-01-04 00:00:00-05:00,195.35124880052234,196.58741626931308,189.865170507654,193.1405792236328,80200,0.0,0.0
2022-01-05 00:00:00-05:00,193.0954804711382,195.75730793893828,188.57488562788936,190.8577423095703,139200,0.0,0.0
2022-01-06 00:00:00-05:00,189.3779452719341,199.19512666912328,188.69217681161302,197.62510681152344,180100,0.0,0.0
2022-01-07 00:00:00-05:00,197.56193517299528,200.31399963331702,193.67295837402344,193.67295837402344,157800,0.0,0.0
2022-01-10 00:00:00-05:00,191.65177981426297,193.4834789209147,177.85538381218197,178.0448760986328,236400,0.0,0.0
2022-01-11 00:00:00-05:00,177.3771485554259,179.181779208628,172.4775691724977,177.2688751220703,138400,0.0,0.0
2022-01-12 00:00:00-05:00,179.4254165343574,187.90717549100097,179.4254165343574,187.25750732421875,132800,0.0,0.0
2022-01-13 00:00:00-05:00,186.71611691559087,194.25947412153496,181.31125654488005,183.01663208007812,102000,0.0,0.0
2022-01-14 00:00:00-05:00,181.29317829625504,185.41676559565428,179.65998989740783,184.03622436523438,75500,0.0,0.0
2022-01-18 00:00:00-05:00,182.81811384836266,186.2559331333471,178.88401836659474,183.74749755859375,96500,0.0,0.0
2022-01-19 00:00:00-05:00,183.71141272811303,185.8859822809609,179.632943447475,182.3398895263672,118400,0.0,0.0
2022-01-20 00:00:00-05:00,185.18217716475647,185.18217716475647,177.72003906329923,177.99072265625,126100,0.0,0.0
2022-01-21 00:00:00-05:00,176.09587325560003,178.03584581960513,171.69256978560065,173.27162170410156,105100,0.0,0.0
2022-01-24 00:00:00-05:00,172.42341693535744,178.14409228669186,168.64271385429564,176.30337524414062,142800,0.0,0.0
2022-01-25 00:00:00-05:00,172.65806674826496,175.87932574310548,170.59175665894455,172.73023986816406,124400,0.0,0.0
2022-01-26 00:00:00-05:00,175.79811017593107,176.60117032728087,167.86675013843788,171.421875,85400,0.0,0.0
2022-01-27 00:00:00-05:00,171.32261438043582,174.48071816593094,169.82478133460617,171.2414093017578,86900,0.0,0.0
2022-01-28 00:00:00-05:00,170.66392308354713,173.7047213775493,166.9283381217151,173.0189666748047,86400,0.0,0.0
2022-01-31 00:00:00-05:00,172.04444982887992,179.58780599077917,170.64585841526656,179.299072265625,151600,0.0,0.0
2022-02-01 00:00:00-05:00,180.4630657881718,184.19865069925737,177.38616721210605,179.22689819335938,69300,0.0,0.0
2022-02-02 00:00:00-05:00,180.40894496492209,182.096270372854,174.14687382748173,175.84323120117188,107100,0.0,0.0
2022-02-03 00:00:00-05:00,173.0460122672858,174.20097465061139,167.2351000315452,167.4877471923828,74500,0.0,0.0
2022-02-04 00:00:00-05:00,167.83062744085677,170.73608349048544,166.08013374742666,169.76158142089844,115600,0.0,0.0
2022-02-07 00:00:00-05:00,169.76160799011754,175.13038152443625,169.76160799011754,173.00994873046875,82400,0.0,0.0
2022-02-08 00:00:00-05:00,173.88519703174967,177.38617122483453,173.2625972377781,176.9620819091797,86200,0.0,0.0
2022-02-09 00:00:00-05:00,178.17119944755973,181.20297964879492,173.42501177824943,174.1649169921875,119500,0.0,0.0
2022-02-10 00:00:00-05:00,173.24452112920153,176.75452676176678,171.28649876654436,172.2339324951172,77200,0.0,0.0
2022-02-11 00:00:00-05:00,174.52582303174015,175.71688583211292,169.99619638729752,172.27003479003906,69500,0.0,0.0
2022-02-14 00:00:00-05:00,171.89107641064948,174.88677002036704,168.74199084162558,170.23983764648438,76600,0.0,0.0
2022-02-15 00:00:00-05:00,172.6219342597411,175.33791206808203,170.6819619122735,172.16175842285156,87600,0.0,0.0
2022-02-16 00:00:00-05:00,173.3708701664375,174.01152012062812,169.74355861754978,172.56781005859375,69400,0.0,0.0
2022-02-17 00:00:00-05:00,170.34811469381216,171.81889317044457,166.02603007753672,166.95541381835938,81700,0.0,0.0
2022-02-18 00:00:00-05:00,166.7568901834061,168.51640228368035,159.27670232398833,159.76394653320312,193100,0.0,0.0
2022-02-22 00:00:00-05:00,158.3653525589634,166.92832966995002,155.83888074611733,164.99737548828125,323700,0.0,0.0
2022-02-23 00:00:00-05:00,166.8381010481799,166.8381010481799,158.5638710231717,158.95187377929688,150400,0.0,0.0
2022-02-24 00:00:00-05:00,152.99657831516825,158.73530410826058,150.02796707014713,155.7757110595703,275500,0.0,0.0
2022-02-25 00:00:00-05:00,157.38184757835893,161.37007992226586,150.4881585973755,160.66627502441406,149500,0.0,0.0
2022-02-28 00:00:00-05:00,158.2480587970205,168.51639735896356,158.2480587970205,167.8306427001953,288100,0.0,0.0
2022-03-01 00:00:00-05:00,167.41559546587445,176.8267523714751,164.97934660739293,173.95738220214844,341900,0.0,0.0
2022-03-02 00:00:00-05:00,173.98445283393795,175.47326765789174,171.15116941029228,173.5693817138672,92800,0.0,0.0
2022-03-03 00:00:00-05:00,173.87616820074928,174.0295601607154,168.3449843719201,170.26690673828125,110200,0.0,0.0
2022-03-04 00:00:00-05:00,168.73297946073376,169.36459748581572,162.7867242910674,168.03819274902344,132400,0.0,0.0
2022-03-07 00:00:00-05:00,164.8439929636344,165.59291635391168,158.87066977170468,159.9534454345703,164400,0.0,0.0
2022-03-08 00:00:00-05:00,160.44068030426973,165.4034144237767,156.13663249460865,162.0919189453125,140600,0.0,0.0
2022-03-09 00:00:00-05:00,160.62115837445864,169.31046002695453,160.6121401770826,164.5913543701172,108600,0.0,0.0
2022-03-10 00:00:00-05:00,163.3912625599105,163.89655694473421,156.11860316068478,157.48109436035156,122900,0.0,0.0
2022-03-11 00:00:00-05:00,158.87066291422514,159.95343853035394,155.41479363183285,155.87496948242188,86300,0.0,0.0
2022-03-14 00:00:00-04:00,154.94558425696445,155.2794365117822,145.66978408403153,147.60975646972656,119400,0.0,0.0
2022-03-15 00:00:00-04:00,147.56463716692502,153.39360002593563,146.6984221946393,152.8883056640625,96200,0.0,0.0
2022-03-16 00:00:00-04:00,154.2868824219689,158.41948772812282,152.67173048891792,158.239013671875,84000,0.0,0.0
2022-03-17 00:00:00-04:00,157.48106765361845,163.12955573782997,157.38181243284336,162.8859405517578,84600,0.0,0.0
2022-03-18 00:00:00-04:00,162.8769187032009,169.31043075788824,162.86790050738384,168.0652313232422,185600,0.0,0.0
2022-03-21 00:00:00-04:00,169.37363699295543,171.80988592288463,160.47680621997657,165.81851196289062,125400,0.0,0.0
2022-03-22 00:00:00-04:00,167.86674347718494,168.73297228060818,161.64077300193432,163.9236297607422,147700,0.0,0.0
2022-03-23 00:00:00-04:00,161.94755620438474,161.94755620438474,157.62547170811465,158.0856475830078,87500,0.0,0.0
2022-03-24 00:00:00-04:00,158.4646132040089,158.4646132040089,152.13938772301088,154.52149963378906,117800,0.0,0.0
2022-03-25 00:00:00-04:00,154.48539807496226,155.59524196345026,152.21155981834474,154.51246643066406,91500,0.0,0.0
2022-03-28 00:00:00-04:00,153.54675403829472,155.86991000710046,153.11857780849652,155.76058959960938,86300,1.64,0.0
2022-03-29 00:00:00-04:00,158.25688125843706,161.61860966114506,156.4256806107347,160.9262237548828,109600,0.0,0.0
2022-03-30 00:00:00-04:00,160.68020345881416,160.68020345881416,155.2230799331477,155.82435607910156,82100,0.0,0.0
2022-03-31 00:00:00-04:00,155.78793919500282,157.42781501943597,153.42834742890582,155.58750915527344,95200,0.0,0.0
2022-04-01 00:00:00-04:00,157.14538023711054,161.3270527794849,155.97924951376484,160.6528778076172,125000,0.0,0.0
2022-04-04 00:00:00-04:00,161.3726082544858,164.6796758173921,160.43423765135714,163.413330078125,120000,0.0,0.0
2022-04-05 00:00:00-04:00,164.53393786845544,164.53393786845544,160.05160588466345,160.962646484375,143100,0.0,0.0
2022-04-06 00:00:00-04:00,159.12237311130394,160.33405891894435,155.95194144413645,159.2407989501953,178300,0.0,0.0
2022-04-07 00:00:00-04:00,159.79650901272134,163.33135084168777,156.5349960340032,162.5843048095703,128300,0.0,0.0
2022-04-08 00:00:00-04:00,161.77347663605852,167.44925535262743,161.77347663605852,163.73220825195312,85700,0.0,0.0
2022-04-11 00:00:00-04:00,163.0762648395713,167.81367310491493,163.03982933274898,165.71827697753906,104000,0.0,0.0
2022-04-12 00:00:00-04:00,167.13039856923058,169.03447012426278,163.5500156136354,165.51785278320312,106300,0.0,0.0
2022-04-13 00:00:00-04:00,166.18290192466296,169.3259888879862,166.11912241662566,168.4787139892578,87300,0.0,0.0
2022-04-14 00:00:00-04:00,168.92515782373678,169.73598345659224,165.8094004288975,167.68614196777344,68100,0.0,0.0
2022-04-18 00:00:00-04:00,168.36939645409922,168.36939645409922,162.61162759035727,163.63198852539062,121800,0.0,0.0
2022-04-19 00:00:00-04:00,163.6319864668721,173.64432667074283,163.6319864668721,171.72203063964844,128000,0.0,0.0
2022-04-20 00:00:00-04:00,172.83351860032582,177.98089243745076,171.95891350641605,177.5800323486328,155400,0.0,0.0
2022-04-21 00:00:00-04:00,179.5205377884083,179.64808290553844,169.78151237597743,170.0912628173828,89800,0.0,0.0
2022-04-22 00:00:00-04:00,170.95676863742733,172.57841984651304,161.12664635757065,161.97390747070312,126800,0.0,0.0
2022-04-25 00:00:00-04:00,162.4203142660819,171.08430521876963,160.74400292720534,170.53768920898438,112200,0.0,0.0
2022-04-26 00:00:00-04:00,168.05055276269863,168.87958913166526,162.67540495959412,163.04893493652344,93100,0.0,0.0
2022-04-27 00:00:00-04:00,162.98516575147988,168.16898924325446,161.12664895318056,165.4358673095703,89700,0.0,0.0
2022-04-28 00:00:00-04:00,167.14861391356155,168.8431499239726,161.82814033944055,162.6480712890625,119600,0.0,0.0
2022-04-29 00:00:00-04:00,162.62984510331123,166.49266207608332,160.63467795722948,162.49319458007812,96300,0.0,0.0
2022-05-02 00:00:00-04:00,162.4840764209912,165.6180440191935,156.92672388960483,159.01300048828125,171400,0.0,0.0
2022-05-03 00:00:00-04:00,167.1486203365452,176.60522623235926,164.0237438434276,171.30296325683594,205900,0.0,0.0
2022-05-04 00:00:00-04:00,170.91123220014944,175.7124064363108,164.53394762404503,174.90158081054688,172200,0.0,0.0
2022-05-05 00:00:00-04:00,170.7107734370581,172.85171027247,163.98729009473405,166.74774169921875,144500,0.0,0.0
2022-05-06 00:00:00-04:00,165.9733562994841,168.47871774516088,162.28365329149662,165.3629608154297,118600,0.0,0.0
2022-05-09 00:00:00-04:00,163.53178446356625,168.1963077948109,162.3747590320794,164.80723571777344,135600,0.0,0.0
2022-05-10 00:00:00-04:00,166.47445948405132,166.7204443599189,156.10682600356796,160.44337463378906,133700,0.0,0.0
2022-05-11 00:00:00-04:00,161.68235023409602,162.58428528665948,154.5580072221457,154.69467163085938,89800,0.0,0.0
2022-05-12 00:00:00-04:00,154.75847651543776,160.95355594582438,154.45783142160528,159.0494842529297,94400,0.0,0.0
2022-05-13 00:00:00-04:00,161.8919183779562,166.40156674980938,161.6186034066427,162.97605895996094,81100,0.0,0.0
2022-05-16 00:00:00-04:00,161.34528828852044,161.34528828852044,150.34902208719495,150.5767822265625,119700,0.0,0.0
2022-05-17 00:00:00-04:00,153.17324440926433,153.17324440926433,148.15340233458065,149.80238342285156,127300,0.0,0.0
2022-05-18 00:00:00-04:00,147.0237283841103,148.47227952205034,142.20431609060475,144.41815185546875,185900,0.0,0.0
2022-05-19 00:00:00-04:00,144.3452643769188,150.92297814203616,143.14268419983068,148.71826171875,118600,0.0,0.0
2022-05-20 00:00:00-04:00,149.92993815573556,149.92993815573556,143.74396552457776,148.3082733154297,92900,0.0,0.0
2022-05-23 00:00:00-04:00,149.67484334195333,152.73594009485998,146.57731108426074,152.02532958984375,154200,0.0,0.0
2022-05-24 00:00:00-04:00,151.870468706446,151.870468706446,141.23862632991992,143.74398803710938,125400,0.0,0.0
2022-05-25 00:00:00-04:00,142.3592112486143,148.47230031068545,140.9106599078526,147.91656494140625,109400,0.0,0.0
2022-05-26 00:00:00-04:00,149.95726038478787,154.63088833919483,149.4197359658781,152.62660217285156,131000,0.0,0.0
2022-05-27 00:00:00-04:00,154.87689005813124,158.0473072092891,154.03873443892286,157.78311157226562,56400,0.0,0.0
2022-05-31 00:00:00-04:00,157.61003503985313,159.07681106651032,151.36029552210212,151.91603088378906,142600,0.0,0.0
2022-06-01 00:00:00-04:00,158.84902198242926,162.5660688869994,154.51247421111813,159.2589874267578,148000,0.0,0.0
2022-06-02 00:00:00-04:00,164.31528386867603,172.8517298784262,163.27669813632795,172.5784149169922,153600,0.0,0.0
2022-06-03 00:00:00-04:00,170.11861204910147,172.5966436617249,165.12611331545287,167.8227996826172,162200,0.0,0.0
2022-06-06 00:00:00-04:00,167.98675797614933,168.54249323964316,164.360820662622,167.8409881591797,89100,0.0,0.0
2022-06-07 00:00:00-04:00,165.17163873151824,173.01569767444693,165.17163873151824,172.61483764648438,128300,0.0,0.0
2022-06-08 00:00:00-04:00,170.61967029651052,173.75365196138443,170.61967029651052,172.64218139648438,80400,0.0,0.0
2022-06-09 00:00:00-04:00,173.58053509222722,174.7466657511851,171.32115867816805,174.51890563964844,95300,0.0,0.0
2022-06-10 00:00:00-04:00,172.08644117283927,175.32063775976138,170.3736805676397,172.9063720703125,102200,0.0,0.0
2022-06-13 00:00:00-04:00,168.54247857283218,168.54247857283218,162.87580601897625,163.2037811279297,89200,0.0,0.0
2022-06-14 00:00:00-04:00,163.51355933649708,167.20327646420358,160.86244181486998,162.04678344726562,92200,0.0,0.0
2022-06-15 00:00:00-04:00,163.3678077751871,167.71346144709642,163.0398326017056,164.66148376464844,113000,0.0,0.0
2022-06-16 00:00:00-04:00,159.73272532902274,162.5751671123852,158.44815494562852,159.9422607421875,139200,0.0,0.0
2022-06-17 00:00:00-04:00,161.85547250512715,165.6180606412218,160.57090195317153,161.4090576171875,141800,0.0,0.0
2022-06-21 00:00:00-04:00,163.4680056845997,165.818492064807,162.4840940848628,163.23114013671875,84600,0.0,0.0
2022-06-22 00:00:00-04:00,162.00123445927784,166.17378787257923,161.19039503854367,162.84849548339844,76700,0.0,0.0
2022-06-23 00:00:00-04:00,162.63897299111525,169.02536263921942,162.58431277893663,167.23973083496094,75400,0.0,0.0
2022-06-24 00:00:00-04:00,169.0891057002475,173.03389844335834,169.0891057002475,172.9883575439453,191500,0.0,0.0
2022-06-27 00:00:00-04:00,173.49380154935733,176.4345415384772,171.13203604673717,173.843017578125,114600,1.64,0.0
2022-06-28 00:00:00-04:00,174.63337045267795,176.2875334888976,171.68345922536884,171.98670959472656,180200,0.0,0.0
2022-06-29 00:00:00-04:00,172.0050543354233,172.0050543354233,167.48368573651058,168.11778259277344,128700,0.0,0.0
2022-06-30 00:00:00-04:00,167.1804207298945,167.9983103182211,164.12022332031648,165.88465881347656,129400,0.0,0.0
2022-07-01 00:00:00-04:00,163.6240135743845,169.41357699584555,162.65908400039274,169.24815368652344,122000,0.0,0.0
2022-07-05 00:00:00-04:00,169.51465808582975,173.4111151426824,165.90306789253285,172.46456909179688,133100,0.0,0.0
2022-07-06 00:00:00-04:00,173.62244888911152,173.62244888911152,166.86797125588626,169.32164001464844,131800,0.0,0.0
2022-07-07 00:00:00-04:00,169.73520703436108,170.62661667561713,163.85375437065133,167.73184204101562,114900,0.0,0.0
2022-07-08 00:00:00-04:00,166.32579871765,168.43025173060093,160.09513029373065,162.006591796875,161700,0.0,0.0
2022-07-11 00:00:00-04:00,161.74007017284993,164.41429856212733,156.0699796227842,162.69580078125,159800,0.0,0.0
2022-07-12 00:00:00-04:00,163.89971394260812,165.43440535167906,160.26055529162983,161.35414123535156,141200,0.0,0.0
2022-07-13 00:00:00-04:00,158.13770395769953,161.7309105767884,156.93384526463888,160.24215698242188,84800,0.0,0.0
2022-07-14 00:00:00-04:00,157.81604957285762,157.90795295946836,154.40664987591467,154.8018035888672,121000,0.0,0.0
2022-07-15 00:00:00-04:00,156.1618927295667,159.39669855135264,154.41584049724696,157.907958984375,99500,0.0,0.0
2022-07-18 00:00:00-04:00,160.64649936224248,160.69245105456275,155.24290566709297,155.98728942871094,179500,0.0,0.0
2022-07-19 00:00:00-04:00,159.3691131503564,160.61892339971718,157.57710941625126,159.66319274902344,159500,0.0,0.0
2022-07-20 00:00:00-04:00,159.8010474477778,164.04672035318657,156.9522106879003,160.30648803710938,135300,0.0,0.0
2022-07-21 00:00:00-04:00,161.02328467488215,164.48783476597228,159.8837472012311,161.7676544189453,129300,0.0,0.0
2022-07-22 00:00:00-04:00,162.74179120812315,162.74179120812315,157.01656287854453,158.55125427246094,128400,0.0,0.0
2022-07-25 00:00:00-04:00,159.02909659924498,160.4810830735973,156.34568335053248,157.8987579345703,92600,0.0,0.0
2022-07-26 00:00:00-04:00,156.68573109821693,156.68573109821693,153.9287974132043,154.08502197265625,140400,0.0,0.0
2022-07-27 00:00:00-04:00,154.89370431393047,156.74084456416747,151.374017809036,155.43589782714844,125100,0.0,0.0
2022-07-28 00:00:00-04:00,155.7667457071236,157.19116418032962,150.914543776807,156.74085998535156,100600,0.0,0.0
2022-07-29 00:00:00-04:00,156.83275780223101,156.95221538329164,151.72324337719687,154.56288146972656,182900,0.0,0.0
2022-08-01 00:00:00-04:00,155.30725454146867,162.34662814229588,154.59045294999945,161.38169860839844,136700,0.0,0.0
2022-08-02 00:00:00-04:00,162.65906071057094,163.0725978909308,158.20201304255744,160.53622436523438,194900,0.0,0.0
2022-08-03 00:00:00-04:00,163.16450927961256,164.28566330425386,153.45090731681617,157.69659423828125,389600,0.0,0.0
2022-08-04 00:00:00-04:00,138.34290257677716,140.17167332439354,128.66606811266905,136.05465698242188,1080000,0.0,0.0
2022-08-05 00:00:00-04:00,134.7037656229186,134.7037656229186,125.47722079420426,127.53573608398438,385800,0.0,0.0
2022-08-08 00:00:00-04:00,128.09631978377533,130.45809954911923,124.55824951212821,125.43128967285156,337700,0.0,0.0
2022-08-09 00:00:00-04:00,125.81725783149956,125.81725783149956,115.03764482114569,115.79120635986328,312900,0.0,0.0
2022-08-10 00:00:00-04:00,119.46711261912543,121.11207669221702,116.71017925099176,118.0886459350586,309400,0.0,0.0
2022-08-11 00:00:00-04:00,120.04606210258767,123.69440471357828,119.01679753760016,121.32344055175781,319500,0.0,0.0
2022-08-12 00:00:00-04:00,125.08207202611483,126.89245945888648,122.33432328776104,125.70697021484375,259100,0.0,0.0
2022-08-15 00:00:00-04:00,124.84313823363823,127.42546357690243,124.24579425734795,127.26004028320312,181800,0.0,0.0
2022-08-16 00:00:00-04:00,127.07623768215628,131.57922288990557,125.9918507060607,131.29434204101562,222200,0.0,0.0
2022-08-17 00:00:00-04:00,129.888303054038,131.11054506175302,127.89412315381456,130.52239990234375,160100,0.0,0.0
2022-08-18 00:00:00-04:00,129.97102075183622,131.37706965654442,128.45471302316378,129.3001708984375,129000,0.0,0.0
2022-08-19 00:00:00-04:00,127.73790811741524,128.18821226606863,122.48135422992115,123.87820434570312,142600,0.0,0.0
2022-08-22 00:00:00-04:00,122.31593394973994,124.73283569571255,122.05862132296329,124.60417938232422,192300,0.0,0.0
2022-08-23 00:00:00-04:00,124.52148219295513,125.8907640563089,120.66177853833517,120.88232421875,124900,0.0,0.0
2022-08-24 00:00:00-04:00,121.51642264789737,123.04192906187005,118.57569668405621,118.98004913330078,135800,0.0,0.0
2022-08-25 00:00:00-04:00,119.4579278709373,122.97761448641135,118.95248728235963,122.64678192138672,198200,0.0,0.0
2022-08-26 00:00:00-04:00,123.22573801765724,123.75874685974273,118.6032804985677,123.45548248291016,309800,0.0,0.0
2022-08-29 00:00:00-04:00,121.69102638606967,123.09706115722656,119.6968464428111,123.09706115722656,198300,0.0,0.0
2022-08-30 00:00:00-04:00,123.31763923048126,123.32682396083267,115.0376468861433,116.82965087890625,193700,0.0,0.0
2022-08-31 00:00:00-04:00,117.38103154955601,117.38103154955601,114.73437113205325,115.3133316040039,168700,0.0,0.0
2022-09-01 00:00:00-04:00,113.53051585472241,114.3759737301613,107.98908095959868,109.14698791503906,275800,0.0,0.0
2022-09-02 00:00:00-04:00,111.12279616776677,112.5839745455212,108.64155886147839,109.40431213378906,159100,0.0,0.0
2022-09-06 00:00:00-04:00,109.3583565920707,112.2255698099611,107.06091212585073,109.61566925048828,201400,0.0,0.0
2022-09-07 00:00:00-04:00,109.909739113258,110.83790861754895,107.71338281937439,109.5972900390625,154800,0.0,0.0
2022-09-08 00:00:00-04:00,108.68750390366947,110.5346512887095,107.89718942723479,109.96488952636719,126300,0.0,0.0
2022-09-09 00:00:00-04:00,111.10441514745747,116.38853738926846,110.26814200118241,115.61659240722656,136100,0.0,0.0
2022-09-12 00:00:00-04:00,116.71016861557862,119.39358183333286,115.79119090994415,116.53556060791016,166600,0.0,0.0
2022-09-13 00:00:00-04:00,113.41104619878855,115.49712258253753,112.29907696408243,114.46786499023438,134300,0.0,0.0
2022-09-14 00:00:00-04:00,115.65335917756995,115.65335917756995,109.73514668550993,111.04927825927734,155100,0.0,0.0
2022-09-15 00:00:00-04:00,110.75519841085374,112.67586560736626,109.95569223341874,111.60984802246094,169500,0.0,0.0
2022-09-16 00:00:00-04:00,110.35084415936564,111.21467843176062,107.35497488714073,109.32158660888672,394900,0.0,0.0
2022-09-19 00:00:00-04:00,108.55750220541248,109.48932625867782,107.10385895727961,109.35887145996094,137400,1.64,0.0
2022-09-20 00:00:00-04:00,108.51090031839246,108.51090031839246,105.21224966432617,106.50748443603516,112200,0.0,0.0
2022-09-21 00:00:00-04:00,107.48589812923485,110.82182979118063,106.0415751793191,107.01066589355469,176800,0.0,0.0
2022-09-22 00:00:00-04:00,106.62863396461498,107.7188664749971,104.6065773374781,106.61000061035156,130200,0.0,0.0
2022-09-23 00:00:00-04:00,105.56633461505825,107.15975269330052,103.25540812455773,104.72769165039062,114200,0.0,0.0
2022-09-26 00:00:00-04:00,104.45747318945206,106.20930693000079,102.17450714111328,102.17450714111328,123000,0.0,0.0
2022-09-27 00:00:00-04:00,103.59088385670069,105.75271549196692,100.16177087221763,101.91360473632812,128000,0.0,0.0
2022-09-28 00:00:00-04:00,102.5192742023162,106.33043809074096,101.4197215888254,105.22156524658203,214000,0.0,0.0
2022-09-29 00:00:00-04:00,103.43246856305916,104.24315803815485,99.7051723986246,101.00972747802734,140400,0.0,0.0
2022-09-30 00:00:00-04:00,101.60609086729191,102.74291729656716,100.2363084355997,100.97245025634766,162100,0.0,0.0
2022-10-03 00:00:00-04:00,101.56883258307975,104.32703122029876,100.32950475451477,103.48838806152344,160500,0.0,0.0
2022-10-04 00:00:00-04:00,106.13475648852054,109.3681869506836,105.80861950586426,109.3681869506836,107100,0.0,0.0
2022-10-05 00:00:00-04:00,107.05727081327636,108.87432497362164,105.41725839852003,108.1102294921875,125100,0.0,0.0
2022-10-06 00:00:00-04:00,107.68158873443002,109.36819515860647,105.44521662309162,107.1411361694336,104800,0.0,0.0
2022-10-07 00:00:00-04:00,106.4515759356856,106.88953437030678,103.76792526998457,106.5540771484375,129200,0.0,0.0
2022-10-10 00:00:00-04:00,107.1318175156037,108.84637044077824,105.97635762649678,107.82136535644531,86900,0.0,0.0
2022-10-11 00:00:00-04:00,107.58840337955391,112.51775343057523,105.66884812186913,109.89933013916016,151000,0.0,0.0
2022-10-12 00:00:00-04:00,110.36523920506936,113.82230546619996,109.3961413711475,112.61093139648438,160500,0.0,0.0
2022-10-13 00:00:00-04:00,109.46137389392644,111.96798290009413,107.21567448809895,110.37455749511719,150200,0.0,0.0
2022-10-14 00:00:00-04:00,111.84683756279536,111.84683756279536,107.5697686630294,107.71885681152344,97300,0.0,0.0
2022-10-17 00:00:00-04:00,109.51727171991944,111.725697121691,109.51727171991944,110.16023254394531,131000,0.0,0.0
2022-10-18 00:00:00-04:00,112.8904817426062,114.44662615388988,111.50206593973503,112.50843048095703,125500,0.0,0.0
2022-10-19 00:00:00-04:00,111.52070543557551,112.937074899665,105.14702507403906,107.11317443847656,154600,0.0,0.0
2022-10-20 00:00:00-04:00,106.4142999521336,109.13523148619778,102.75223127908019,104.21519470214844,137300,0.0,0.0
2022-10-21 00:00:00-04:00,105.16565738070167,110.07636674066012,104.89542756714945,109.4427261352539,134000,0.0,0.0
2022-10-24 00:00:00-04:00,109.02340137339841,109.02340137339841,100.91653590984671,105.94837951660156,180300,0.0,0.0
2022-10-25 00:00:00-04:00,106.23727003910096,111.54866468576436,106.22794980729873,110.44911193847656,153500,0.0,0.0
2022-10-26 00:00:00-04:00,110.46774410046419,113.61730683381842,107.64431125388758,107.80272674560547,153300,0.0,0.0
2022-10-27 00:00:00-04:00,109.6197801150731,111.03615664504272,108.07295589676129,108.24068450927734,114000,0.0,0.0
2022-10-28 00:00:00-04:00,108.78114137489345,109.97387506273256,105.14702603214683,109.39614868164062,154800,0.0,0.0
2022-10-31 00:00:00-04:00,109.41477610975073,111.80956358715072,108.86500334342013,109.01409149169922,193900,0.0,0.0
2022-11-01 00:00:00-04:00,110.90569654283902,111.92138846550604,109.21909726844413,110.71001434326172,140200,0.0,0.0
2022-11-02 00:00:00-04:00,109.28431900089588,109.5452285868017,103.13428194292653,103.59087371826172,194800,0.0,0.0
2022-11-03 00:00:00-04:00,101.33586805176564,102.91065301185304,95.21378416969807,96.33197021484375,260200,0.0,0.0
2022-11-04 00:00:00-04:00,89.79988985352583,108.63205380497773,89.45511238188934,100.30154418945312,382200,0.0,0.0
2022-11-07 00:00:00-05:00,101.56881370656791,104.82087740254522,97.47810700767663,99.63993835449219,233800,0.0,0.0
2022-11-08 00:00:00-05:00,100.12449057684357,104.8861120053231,99.67721901738453,101.9695053100586,150300,0.0,0.0
2022-11-09 00:00:00-05:00,100.57176818137513,101.95087087849654,96.91901967767966,97.19856262207031,131000,0.0,0.0
2022-11-10 00:00:00-05:00,102.50064209253824,107.51385275555127,102.50064209253824,107.03862762451172,159500,0.0,0.0
2022-11-11 00:00:00-05:00,108.66932758440515,109.84342081535321,105.22157419698048,106.57272338867188,165100,0.0,0.0
2022-11-14 00:00:00-05:00,107.15976573766991,107.15976573766991,101.87632508099864,104.38292694091797,139200,0.0,0.0
2022-11-15 00:00:00-05:00,107.48590109168683,110.38387441133389,105.92043642740562,108.4456787109375,119500,0.0,0.0
2022-11-16 00:00:00-05:00,107.24362749021341,111.29706783246493,106.19066886334252,110.57955932617188,162100,0.0,0.0
2022-11-17 00:00:00-05:00,109.54523464721291,110.81251594251115,107.3834031039253,110.37455749511719,149600,0.0,0.0
2022-11-18 00:00:00-05:00,112.50843849847253,116.09595981873623,111.23184404665543,115.59278106689453,142600,0.0,0.0
2022-11-21 00:00:00-05:00,115.19209836035785,117.37256335249785,112.61094160964943,112.72276306152344,224200,0.0,0.0
2022-11-22 00:00:00-05:00,113.31912317053009,114.15776623650221,110.23478784322222,111.58592987060547,124300,0.0,0.0
2022-11-23 00:00:00-05:00,111.2504635908005,114.77275707199051,111.05478140954025,112.09842681884766,98600,0.0,0.0
2022-11-25 00:00:00-05:00,111.60456387822822,113.76639540027551,111.54865670991988,111.977294921875,48700,0.0,0.0
2022-11-28 00:00:00-05:00,111.81888040791424,113.35639143537365,110.65410040366513,112.26615905761719,93500,0.0,0.0
2022-11-29 00:00:00-05:00,113.29117036364961,115.13617801219063,112.31275226176189,113.17002868652344,114600,0.0,0.0
2022-11-30 00:00:00-05:00,113.92480699949255,117.56823523123323,110.88705869507034,117.4564208984375,132900,0.0,0.0
2022-12-01 00:00:00-05:00,117.94097052201839,118.34165515059922,111.64183791081288,112.10774993896484,124100,0.0,0.0
2022-12-02 00:00:00-05:00,110.65410281360462,113.0022962252409,110.49569443579747,112.87184143066406,99600,0.0,0.0
2022-12-05 00:00:00-05:00,112.2754724912367,113.06752147447826,109.95523270691052,112.99298095703125,89200,0.0,0.0
2022-12-06 00:00:00-05:00,111.81889356780668,112.4059401997063,108.6320568073451,109.56388092041016,111800,0.0,0.0
2022-12-07 00:00:00-05:00,108.85568252068109,113.38434785943116,107.98908589143252,111.70706176757812,115300,0.0,0.0
2022-12-08 00:00:00-05:00,111.76297310450396,115.87231325760308,110.57023951910786,115.45299530029297,120800,0.0,0.0
2022-12-09 00:00:00-05:00,114.34412614101826,116.21709443637812,113.26321396045083,113.7291259765625,80600,0.0,0.0
2022-12-12 00:00:00-05:00,111.3529705154182,111.3529705154182,106.98271358173496,108.82772827148438,138900,0.0,0.0
2022-12-13 00:00:00-05:00,109.51727628049699,113.52412242290752,107.83067707390825,108.95818328857422,187600,0.0,0.0
2022-12-14 00:00:00-05:00,108.24999716486748,110.52365010045911,107.46726838266572,109.63842010498047,124000,0.0,0.0
2022-12-15 00:00:00-05:00,108.42704122591358,108.42704122591358,106.06952764302065,106.35839080810547,103800,0.0,0.0
2022-12-16 00:00:00-05:00,105.22156975590364,109.22841600455656,105.10975542010617,108.9675064086914,398000,0.0,0.0
2022-12-19 00:00:00-05:00,109.08090592038543,111.42470263803864,107.50262732010945,107.984619140625,116200,1.64,0.0
2022-12-20 00:00:00-05:00,107.28525757963706,109.33608243788828,106.07555882347634,107.85231018066406,73100,0.0,0.0
2022-12-21 00:00:00-05:00,108.56111697598611,109.92202444959779,108.56111697598611,108.75012969970703,69700,0.0,0.0
2022-12-22 00:00:00-05:00,107.39866557243738,111.84998217958832,107.39866557243738,111.22623443603516,97000,0.0,0.0
2022-12-23 00:00:00-05:00,110.79150489999347,111.50975903901036,110.10159473893626,110.66864013671875,75500,0.0,0.0
2022-12-27 00:00:00-05:00,109.78971761659595,111.52866501408033,108.33429652414522,108.41935729980469,74200,0.0,0.0
2022-12-28 00:00:00-05:00,107.8428569739362,110.04489056320467,105.52741863318928,105.65027618408203,91700,0.0,0.0
2022-12-29 00:00:00-05:00,106.02830614760009,108.82573624204183,106.02830614760009,107.40811920166016,98700,0.0,0.0
2022-12-30 00:00:00-05:00,105.99050085490556,109.15651076399442,105.84873771054005,109.0147476196289,123100,0.0,0.0
2023-01-03 00:00:00-05:00,110.52687345476474,111.67986981264399,107.78615291795128,108.77848052978516,98400,0.0,0.0
2023-01-04 00:00:00-05:00,110.03543889102863,111.60426472232965,109.19431999387133,110.74424743652344,108300,0.0,0.0
2023-01-05 00:00:00-05:00,109.81806359563066,111.48140293815315,108.532756905096,110.39456176757812,100300,0.0,0.0
2023-01-06 00:00:00-05:00,111.2734871484195,113.14474485258984,110.54578022535915,113.13529205322266,77400,0.0,0.0
2023-01-09 00:00:00-05:00,113.40936496908897,117.02901559817529,113.12583867251695,115.45073699951172,137600,0.0,0.0
2023-01-10 00:00:00-05:00,115.78151974233448,117.9362966509506,114.36390259610035,117.73783111572266,99500,0.0,0.0
2023-01-11 00:00:00-05:00,118.72070413178531,120.58250178487941,115.7909564851095,117.87958526611328,103000,0.0,0.0
2023-01-12 00:00:00-05:00,119.01367519236102,123.15311431884766,117.2841806875189,123.15311431884766,129700,0.0,0.0
2023-01-13 00:00:00-05:00,122.86015010089827,124.20215924074152,119.13654016744383,119.44841766357422,115900,0.0,0.0
2023-01-17 00:00:00-05:00,119.44841664769444,119.93986128172759,107.95627107000409,110.64974212646484,270900,0.0,0.0
2023-01-18 00:00:00-05:00,110.58358416551951,116.05558691632025,109.78026926860927,110.17720031738281,153100,0.0,0.0
2023-01-19 00:00:00-05:00,109.62906087230635,111.33020435619855,108.92025228908024,110.1583023071289,80900,0.0,0.0
2023-01-20 00:00:00-05:00,111.1884328806524,113.2392504975637,110.42291476497431,111.72712707519531,86700,0.0,0.0
2023-01-23 00:00:00-05:00,112.01063966958432,116.24459221721438,111.8027285694862,113.10693359375,131900,0.0,0.0
2023-01-24 00:00:00-05:00,113.5322237176611,114.16543149197564,107.03008931983717,107.14350128173828,181200,0.0,0.0
2023-01-25 00:00:00-05:00,106.88832754507153,109.21321871615191,104.90366505369786,108.48551177978516,159700,0.0,0.0
2023-01-26 00:00:00-05:00,109.37387975384551,110.05432985490056,107.5215205347926,108.4760513305664,132000,0.0,0.0
2023-01-27 00:00:00-05:00,108.68397521241671,108.9107919243903,104.75244708288405,107.94681549072266,228100,0.0,0.0
2023-01-30 00:00:00-05:00,107.14350225886439,107.90901318015155,102.1723896443167,102.57877349853516,188100,0.0,0.0
2023-01-31 00:00:00-05:00,103.66560923884867,105.58411644575975,100.83982079708134,105.32894134521484,244900,0.0,0.0
2023-02-01 00:00:00-05:00,104.9414670252312,109.9220251518666,102.3141512127097,108.68397521972656,235900,0.0,0.0
2023-02-02 00:00:00-05:00,109.79916241413443,110.84819957178324,107.26635308374216,109.9220199584961,248800,0.0,0.0
2023-02-03 00:00:00-05:00,109.62906019608282,111.95395146947904,108.29649660685794,109.47784423828125,170400,0.0,0.0
2023-02-06 00:00:00-05:00,107.94682109845422,109.00530394956688,105.48961949503372,105.92435455322266,119700,0.0,0.0
2023-02-07 00:00:00-05:00,105.92434940631472,109.01475145234386,104.99816974622094,108.65562438964844,159500,0.0,0.0
2023-02-08 00:00:00-05:00,107.85230872031086,108.54221165297977,105.65972795186444,105.75423431396484,182900,0.0,0.0
2023-02-09 00:00:00-05:00,106.88833356538036,109.80862869561503,102.52207728051083,103.43879699707031,320800,0.0,0.0
2023-02-10 00:00:00-05:00,103.28758127918687,103.77901869419009,99.13868920328359,101.14225006103516,219700,0.0,0.0
2023-02-13 00:00:00-05:00,101.88886608217959,105.56521925764682,101.20840870701495,104.54454040527344,182900,0.0,0.0
2023-02-14 00:00:00-05:00,103.23087732408973,106.19842178832725,102.91899984087651,105.78258514404297,152600,0.0,0.0
2023-02-15 00:00:00-05:00,105.44236158255534,109.58180099627545,104.5161818873276,108.9769515991211,183700,0.0,0.0
2023-02-16 00:00:00-05:00,106.9828349174166,109.27937492188988,106.33073595047868,106.8883285522461,204700,0.0,0.0
2023-02-17 00:00:00-05:00,107.46482810623523,108.9864043988692,105.41401039368459,108.9769515991211,191300,0.0,0.0
2023-02-21 00:00:00-05:00,107.57823691062262,108.43825419271333,99.64903259277344,99.64903259277344,457300,0.0,0.0
2023-02-22 00:00:00-05:00,95.54739172081915,101.23676575705184,90.9732173093117,97.23908233642578,841200,0.0,0.0
2023-02-23 00:00:00-05:00,99.17649327197988,103.04185905099936,98.48658312014935,102.65438079833984,360500,0.0,0.0
2023-02-24 00:00:00-05:00,101.20840698352957,103.96804042585588,101.20840698352957,103.94913482666016,259100,0.0,0.0
2023-02-27 00:00:00-05:00,105.31950102204001,107.08679237470659,104.24211261345368,105.59357452392578,195400,0.0,0.0
2023-02-28 00:00:00-05:00,105.55576633850295,108.11692690690943,105.4990567542614,105.97159576416016,213200,0.0,0.0
2023-03-01 00:00:00-05:00,105.78258507684701,105.78258507684701,101.43522754432335,104.28936004638672,172300,0.0,0.0
2023-03-02 00:00:00-05:00,103.31593091870526,106.60480566646869,102.14403616943534,106.5291976928711,132800,0.0,0.0
2023-03-03 00:00:00-05:00,107.97516659330579,108.3531992532126,105.03597329783102,105.70697784423828,206300,0.0,0.0
2023-03-06 00:00:00-05:00,105.5463227252595,106.7654743421477,99.0252823790459,99.8947525024414,187600,0.0,0.0
2023-03-07 00:00:00-05:00,100.20662893714857,101.22731500695798,98.10855441933151,100.73587036132812,247000,0.0,0.0
2023-03-08 00:00:00-05:00,100.76422190602797,101.95501502942491,100.17827093313755,101.43522644042969,186000,0.0,0.0
2023-03-09 00:00:00-05:00,101.42577134309143,104.78080114945314,100.3200318062602,103.88297271728516,197400,0.0,0.0
2023-03-10 00:00:00-05:00,102.71108379658114,103.7317698313477,99.37495940015046,101.07609558105469,223500,0.0,0.0
2023-03-13 00:00:00-04:00,99.58287563997415,102.5315145092304,98.10854899497281,99.06307983398438,223600,0.0,0.0
2023-03-14 00:00:00-04:00,101.93611343846118,103.01350177932335,99.88529591334397,100.98158264160156,174300,0.0,0.0
2023-03-15 00:00:00-04:00,98.96857590857813,99.1575886370241,96.01047695682213,97.35249328613281,251200,0.0,0.0
2023-03-16 00:00:00-04:00,96.40741622016883,99.43166316882059,95.7931140308064,98.72285461425781,153400,0.0,0.0
2023-03-17 00:00:00-04:00,97.6265692081282,98.47713371757939,95.25442119238733,97.10677337646484,385400,0.0,0.0
2023-03-20 00:00:00-04:00,97.91008799113108,99.80969695753319,95.27331927338969,95.66080474853516,271500,0.0,0.0
2023-03-21 00:00:00-04:00,97.76832233039313,100.36728699293533,97.15402736027276,97.3619384765625,159900,0.0,0.0
2023-03-22 00:00:00-04:00,97.36193630054791,98.0707448290359,94.48890541020496,94.59285736083984,152400,0.0,0.0
2023-03-23 00:00:00-04:00,95.6229968290582,96.26565018772058,91.78598227578254,92.30577087402344,178000,0.0,0.0
2023-03-24 00:00:00-04:00,92.4947939822995,93.44931764850331,91.03937287862298,92.02225494384766,198600,0.0,0.0
2023-03-27 00:00:00-04:00,93.1374345619428,95.85811084004554,93.0509148647015,95.27167510986328,173600,1.65,0.0
2023-03-28 00:00:00-04:00,94.78137089334624,95.86772261144627,93.33931732177734,93.33931732177734,176900,0.0,0.0
2023-03-29 00:00:00-04:00,94.00266920018278,94.78137582223242,93.13743554531422,94.24301147460938,149800,0.0,0.0
2023-03-30 00:00:00-04:00,95.21399892335346,96.60798121932044,94.65640307110094,94.83906555175781,147500,0.0,0.0
2023-03-31 00:00:00-04:00,96.13690785719469,100.14581515452035,95.46395243605993,99.66513061523438,249200,0.0,0.0
2023-04-03 00:00:00-04:00,100.12659215180591,100.22272759383601,97.49244289992805,98.53071594238281,205800,0.0,0.0
2023-04-04 00:00:00-04:00,98.53070894806783,98.76144279415804,94.33913942805508,95.92539978027344,175600,0.0,0.0
2023-04-05 00:00:00-04:00,95.06978931716093,95.56008960982942,92.56061538981476,92.66636657714844,200800,0.0,0.0
2023-04-06 00:00:00-04:00,93.07975450087328,93.75270992639604,91.23392761829884,91.72422790527344,240100,0.0,0.0
2023-04-10 00:00:00-04:00,91.52233727974613,93.89692017942289,91.33006638963367,91.7915267944336,214000,0.0,0.0
2023-04-11 00:00:00-04:00,92.93554606069081,96.14652256243896,92.6182925078719,95.25244903564453,210600,0.0,0.0
2023-04-12 00:00:00-04:00,96.01193546450945,96.01193546450945,92.33950576502733,93.21434783935547,165400,0.0,0.0
2023-04-13 00:00:00-04:00,93.82000706026746,95.69468120830203,93.82000706026746,94.53142547607422,117400,0.0,0.0
2023-04-14 00:00:00-04:00,94.53142656761264,95.31013320144054,93.10859705423412,94.29108428955078,93400,0.0,0.0
2023-04-17 00:00:00-04:00,94.76214789365272,95.64660566799989,92.61829166389381,93.59889221191406,157700,0.0,0.0
2023-04-18 00:00:00-04:00,94.43528956768428,94.43528956768428,90.8686037654958,93.1662826538086,152200,0.0,0.0
2023-04-19 00:00:00-04:00,92.96438741324306,94.13725886831435,92.05108971805227,93.01245880126953,161700,0.0,0.0
2023-04-20 00:00:00-04:00,92.20491087674806,95.34858450336391,91.63769931233074,92.96438598632812,180800,0.0,0.0
2023-04-21 00:00:00-04:00,92.78173350914811,93.80078240382089,91.33006412047462,92.66636657714844,124700,0.0,0.0
2023-04-24 00:00:00-04:00,92.91632256634396,93.33931997177548,90.18603057929927,90.46482849121094,164300,0.0,0.0
2023-04-25 00:00:00-04:00,89.9456914975206,90.27256080862988,87.27308654785156,87.27308654785156,257300,0.0,0.0
2023-04-26 00:00:00-04:00,87.7537636493488,89.31118411424805,87.21539934108597,87.66724395751953,262800,0.0,0.0
2023-04-27 00:00:00-04:00,88.30174770906035,89.01315876793186,85.92716493001926,86.41746520996094,286600,0.0,0.0
2023-04-28 00:00:00-04:00,86.85969149343794,89.58036764310808,86.73471615843432,88.1094741821289,286800,0.0,0.0
2023-05-01 00:00:00-04:00,88.01334243787998,88.69591360630415,86.50399327172201,87.07119750976562,392200,0.0,0.0
2023-05-02 00:00:00-04:00,81.49525499693358,85.00425366238332,77.40943634112624,84.75430297851562,1003900,0.0,0.0
2023-05-03 00:00:00-04:00,84.72545742904148,84.97541545254296,81.54332800681472,81.90864562988281,378600,0.0,0.0
2023-05-04 00:00:00-04:00,81.71636912865858,85.07154505447059,79.58212866728152,84.7158432006836,319200,0.0,0.0
2023-05-05 00:00:00-04:00,86.3790059276337,88.59977337576643,84.6773859708191,87.45574188232422,343000,0.0,0.0
2023-05-08 00:00:00-04:00,87.84990643136925,87.84990643136925,83.84099901211317,86.19635772705078,302100,0.0,0.0
2023-05-09 00:00:00-04:00,84.20631645180818,85.76373704359867,82.87962972635536,84.11979675292969,259100,0.0,0.0
2023-05-10 00:00:00-04:00,85.52339503356201,85.56185067807141,82.81233444029507,83.61988830566406,178200,0.0,0.0
2023-05-11 00:00:00-04:00,83.33147471119341,84.57164174270257,83.03345263431825,84.40821075439453,147800,0.0,0.0
2023-05-12 00:00:00-04:00,85.11962273890305,87.04236097831446,84.31206886432481,85.45610046386719,178500,0.0,0.0
2023-05-15 00:00:00-04:00,85.46570772799372,88.15753659526048,85.36957229249553,87.87874603271484,159600,0.0,0.0
2023-05-16 00:00:00-04:00,88.00373421813447,88.00373421813447,85.6483753637849,86.38863372802734,152800,0.0,0.0
2023-05-17 00:00:00-04:00,87.12887839544943,87.85952096098707,86.51360276173273,86.83085632324219,152800,0.0,0.0
2023-05-18 00:00:00-04:00,86.43670390055836,88.00373297645403,84.65816510319875,87.5230484008789,166700,0.0,0.0
2023-05-19 00:00:00-04:00,87.96527065227973,87.96527065227973,84.60047887869526,86.49437713623047,194000,0.0,0.0
2023-05-22 00:00:00-04:00,86.57129558173996,87.14811560940699,85.22537729407385,86.31172180175781,147800,0.0,0.0
2023-05-23 00:00:00-04:00,86.0809940292126,87.3692251614632,83.94675335610299,84.18709564208984,186900,0.0,0.0
2023-05-24 00:00:00-04:00,83.70640366934092,84.11979265807572,80.28393216657334,81.11071014404297,212700,0.0,0.0
2023-05-25 00:00:00-04:00,80.63963848474319,82.0047881983085,78.50540521693895,79.5436782836914,206900,0.0,0.0
2023-05-26 00:00:00-04:00,79.27449157970308,80.55311418614922,78.76496715291304,78.92839813232422,161500,0.0,0.0
2023-05-30 00:00:00-04:00,78.76496827481957,78.9283992565586,76.33270569890863,77.79398345947266,225300,0.0,0.0
2023-05-31 00:00:00-04:00,77.87089609811227,77.8901202526127,75.38095368178669,75.65974426269531,192000,0.0,0.0
2023-06-01 00:00:00-04:00,75.39056057649265,76.71725458494433,74.6695337752607,76.21733856201172,172800,0.0,0.0
2023-06-02 00:00:00-04:00,77.69785065421367,80.54350232051397,77.19794194762834,80.36083984375,193900,0.0,0.0
2023-06-05 00:00:00-04:00,78.50540627191775,78.54385458241498,76.48652524158909,76.8326187133789,163200,0.0,0.0
2023-06-06 00:00:00-04:00,76.17888784982584,79.63020684246918,75.94816131220365,78.69767761230469,143400,0.0,0.0
2023-06-07 00:00:00-04:00,79.2841096410149,80.26470288080307,78.7745851993343,79.73595428466797,163900,0.0,0.0
2023-06-08 00:00:00-04:00,79.91861497070228,79.91861497070228,77.707470321751,78.8226547241211,166900,0.0,0.0
2023-06-09 00:00:00-04:00,78.48617490273007,78.55347044820026,76.33271011302004,76.43846130371094,143100,0.0,0.0
2023-06-12 00:00:00-04:00,76.89991327876524,77.5536445688524,76.21734208884051,76.67880249023438,133300,0.0,0.0
2023-06-13 00:00:00-04:00,77.30369530689582,78.69767761230469,76.71725955049679,78.69767761230469,203200,0.0,0.0
2023-06-14 00:00:00-04:00,78.91878295601059,79.81285647906316,77.06334770346487,77.32291412353516,150900,0.0,0.0
2023-06-15 00:00:00-04:00,77.33253302756711,77.83244173410213,75.57322580795795,76.99604797363281,208100,0.0,0.0
2023-06-16 00:00:00-04:00,77.8516740377436,79.14952087402344,76.9960487788456,79.14952087402344,491300,0.0,0.0
2023-06-20 00:00:00-04:00,79.12067738599245,80.05319922267017,77.98626159013313,79.5821304321289,188700,0.0,0.0
2023-06-21 00:00:00-04:00,78.84188234326903,81.98555608890877,78.05355997067045,81.64907836914062,270400,0.0,0.0
2023-06-22 00:00:00-04:00,81.27414114117028,85.8214126835643,80.38968336706648,84.58125305175781,387500,0.0,0.0
2023-06-23 00:00:00-04:00,83.90829036404817,88.53247319449731,83.90829036404817,84.86965942382812,512800,0.0,0.0
2023-06-26 00:00:00-04:00,85.45747615774864,88.98432210444986,85.21255619652823,88.25935363769531,230300,1.65,0.0
2023-06-27 00:00:00-04:00,88.36711808494971,91.53148723920495,87.59317759311051,91.10042572021484,336300,0.0,0.0
2023-06-28 00:00:00-04:00,90.39505483132594,90.39505483132594,86.78004133295737,87.40703582763672,248100,0.0,0.0
2023-06-29 00:00:00-04:00,87.26008041760016,90.10115336277119,87.2208923282586,89.68968963623047,202800,0.0,0.0
2023-06-30 00:00:00-04:00,90.27749358980701,90.77713237246513,88.06341518516153,90.28729248046875,169100,0.0,0.0
2023-07-03 00:00:00-04:00,90.32647494345603,93.02059440458731,90.32647494345603,92.7168960571289,158500,0.0,0.0
2023-07-05 00:00:00-04:00,92.14868288961415,93.87292149206058,91.54128617549846,92.59933471679688,190800,0.0,0.0
2023-07-06 00:00:00-04:00,91.32575071848848,91.66863714823394,88.4356908692314,91.38452911376953,146900,0.0,0.0
2023-07-07 00:00:00-04:00,91.57067417522887,94.33337097480693,90.07176524318898,90.24810791015625,250300,0.0,0.0
2023-07-10 00:00:00-04:00,90.02277556976964,92.16827670797261,90.02277556976964,91.35514068603516,159600,0.0,0.0
2023-07-11 00:00:00-04:00,91.82539087061973,92.71689560125061,90.46362907327436,91.43351745605469,127600,0.0,0.0
2023-07-12 00:00:00-04:00,92.47197573220656,92.84425136546845,89.74846708386454,89.82684326171875,268800,0.0,0.0
2023-07-13 00:00:00-04:00,90.21871368396845,91.7862074214645,89.95420341352533,90.74774169921875,120600,0.0,0.0
2023-07-14 00:00:00-04:00,90.5322186104064,90.7575407904721,87.3580505119117,89.54273986816406,173700,0.0,0.0
2023-07-17 00:00:00-04:00,89.44477395268908,92.49157890655007,88.89614815008588,92.2172622680664,129200,0.0,0.0
2023-07-18 00:00:00-04:00,92.8442563249023,94.07865503177051,91.54128780170352,93.23612976074219,106800,0.0,0.0
2023-07-19 00:00:00-04:00,93.38308306528364,93.52023764642595,91.7764087081616,92.24665832519531,124200,0.0,0.0
2023-07-20 00:00:00-04:00,92.04091554414481,93.35369038169652,90.14034178737482,92.57974243164062,109400,0.0,0.0
2023-07-21 00:00:00-04:00,93.26551439941095,93.26551439941095,90.99265755192707,91.91355895996094,171300,0.0,0.0
2023-07-24 00:00:00-04:00,91.9135594897125,96.17516516901144,91.9135594897125,95.9008560180664,216600,0.0,0.0
2023-07-25 00:00:00-04:00,95.90085526236074,97.56630793675383,94.92117545992626,97.13525390625,114300,0.0,0.0
2023-07-26 00:00:00-04:00,96.89033351159057,103.2386544166277,96.89033351159057,102.86637878417969,253100,0.0,0.0
2023-07-27 00:00:00-04:00,103.5717524314087,103.75789399020049,101.06377446789956,103.1504898071289,192900,0.0,0.0
2023-07-28 00:00:00-04:00,105.0020857561767,107.29453299857948,103.76768706253303,104.884521484375,164000,0.0,0.0
2023-07-31 00:00:00-04:00,105.21761818552315,106.58917148083277,99.16319636747765,99.819580078125,193800,0.0,0.0
2023-08-01 00:00:00-04:00,99.07501924803272,99.76079961871027,96.01842293947628,97.89940643310547,201100,0.0,0.0
2023-08-02 00:00:00-04:00,96.00862178096065,101.04417542744153,95.52858076487772,99.19258117675781,206600,0.0,0.0
2023-08-03 00:00:00-04:00,99.19258340554164,100.22125022319656,97.73286254256843,98.30107116699219,124200,0.0,0.0
2023-08-04 00:00:00-04:00,97.86021896688344,99.0358317893092,95.61675122839937,96.77277374267578,226100,0.0,0.0
2023-08-07 00:00:00-04:00,96.0184191779976,96.56703747355658,92.29563295262649,94.1374282836914,282300,0.0,0.0
2023-08-08 00:00:00-04:00,97.967980432164,97.967980432164,87.02495881173859,87.60296630859375,422200,0.0,0.0
2023-08-09 00:00:00-04:00,88.16138731834494,92.34462444971258,87.49520472356424,90.85550689697266,158400,0.0,0.0
2023-08-10 00:00:00-04:00,91.67843863908274,94.0590608822112,88.96472137306604,89.58192443847656,138700,0.0,0.0
2023-08-11 00:00:00-04:00,90.44404463345359,92.23686057619986,90.10115817635123,92.00173950195312,111300,0.0,0.0
2023-08-14 00:00:00-04:00,91.8449847849397,91.8449847849397,89.9640012903915,90.59099578857422,154200,0.0,0.0
2023-08-15 00:00:00-04:00,90.25789591296214,90.25789591296214,87.54418619688086,87.7695083618164,140800,0.0,0.0
2023-08-16 00:00:00-04:00,87.79890768299468,88.4944794544986,83.74303384814078,83.95855712890625,188300,0.0,0.0
2023-08-17 00:00:00-04:00,83.95855590417483,84.82067891211592,82.2245259461943,82.7045669555664,160800,0.0,0.0
2023-08-18 00:00:00-04:00,82.20493735096663,83.97815543481698,81.59753317130006,82.53802490234375,175200,0.0,0.0
2023-08-21 00:00:00-04:00,82.04818785792952,84.40921989622262,81.72489171192551,83.62547302246094,169800,0.0,0.0
2023-08-22 00:00:00-04:00,83.7234368948265,84.72271450134069,82.99847591760515,83.1258316040039,122100,0.0,0.0
2023-08-23 00:00:00-04:00,83.19441254211009,83.46872170907177,82.16575316600375,82.68498229980469,160400,0.0,0.0
2023-08-24 00:00:00-04:00,82.78294743007888,84.63454175098003,82.29310750445711,82.63599395751953,160600,0.0,0.0
2023-08-25 00:00:00-04:00,82.90050654449905,83.82140046479759,81.31342259347005,82.44005584716797,156600,0.0,0.0
2023-08-28 00:00:00-04:00,83.00827188757997,84.53656996803926,82.48903532046356,83.24339294433594,122100,0.0,0.0
2023-08-29 00:00:00-04:00,82.86131765796145,84.39941461491809,82.8221295698039,83.27278137207031,124800,0.0,0.0
2023-08-30 00:00:00-04:00,82.9005124836346,85.12438247817836,82.73396122683815,84.10551452636719,116800,0.0,0.0
2023-08-31 00:00:00-04:00,83.76262233355635,84.77169132483434,82.44005610737292,82.62619018554688,124700,0.0,0.0
2023-09-01 00:00:00-04:00,83.88019010139813,83.88019010139813,81.99919913907347,82.29310607910156,116400,0.0,0.0
2023-09-05 00:00:00-04:00,81.76407869004842,81.93062246928739,80.27496861940845,81.16647338867188,159200,0.0,0.0
2023-09-06 00:00:00-04:00,81.17626729595861,81.30362297678731,78.3841814134559,78.85442352294922,134300,0.0,0.0
2023-09-07 00:00:00-04:00,78.89361415493873,79.39325295245358,77.33592683976696,77.85515594482422,151200,0.0,0.0
2023-09-08 00:00:00-04:00,78.15885401919961,79.67736071392635,77.22816118976309,79.56959533691406,119400,0.0,0.0
2023-09-11 00:00:00-04:00,80.17699541823622,81.27423954212853,79.40305491338574,81.1370849609375,169700,0.0,0.0
2023-09-12 00:00:00-04:00,81.13707889253685,81.78367113353245,79.16792044647987,80.27496337890625,164900,0.0,0.0
2023-09-13 00:00:00-04:00,80.80399495623207,81.03911602054166,78.95239321740706,79.43244171142578,130100,0.0,0.0
2023-09-14 00:00:00-04:00,79.89289114352069,81.23504769371908,79.64797119209894,80.88236236572266,139700,0.0,0.0
2023-09-15 00:00:00-04:00,80.88236052573686,80.97053559291194,78.37438267202829,79.54999542236328,385700,0.0,0.0
2023-09-18 00:00:00-04:00,79.3499984741211,81.05999755859375,78.45999908447266,80.41000366210938,164900,1.65,0.0
2023-09-19 00:00:00-04:00,80.30000305175781,81.12000274658203,80.05999755859375,80.9000015258789,99500,0.0,0.0
2023-09-20 00:00:00-04:00,81.98999786376953,83.5999984741211,81.41000366210938,82.08999633789062,187300,0.0,0.0
2023-09-21 00:00:00-04:00,81.13999938964844,82.51000213623047,79.4000015258789,79.62000274658203,177800,0.0,0.0
2023-09-22 00:00:00-04:00,80.0,80.9800033569336,77.45999908447266,77.5199966430664,189000,0.0,0.0
2023-09-25 00:00:00-04:00,76.95999908447266,78.13999938964844,76.70999908447266,77.76000213623047,195500,0.0,0.0
2023-09-26 00:00:00-04:00,77.16999816894531,77.77999877929688,76.7300033569336,76.80999755859375,142600,0.0,0.0
2023-09-27 00:00:00-04:00,77.70999908447266,79.25,76.45999908447266,76.62000274658203,157100,0.0,0.0
2023-09-28 00:00:00-04:00,76.79000091552734,77.45999908447266,76.08000183105469,76.44999694824219,147000,0.0,0.0
2023-09-29 00:00:00-04:00,77.02999877929688,77.70999908447266,74.69000244140625,74.8499984741211,187100,0.0,0.0
2023-10-02 00:00:00-04:00,74.83999633789062,76.83000183105469,73.25,75.70999908447266,242200,0.0,0.0
2023-10-03 00:00:00-04:00,75.5999984741211,75.5999984741211,73.5,74.37000274658203,196900,0.0,0.0
2023-10-04 00:00:00-04:00,74.58000183105469,75.4000015258789,72.4000015258789,73.44999694824219,185800,0.0,0.0
2023-10-05 00:00:00-04:00,73.45999908447266,74.30999755859375,71.16999816894531,72.41999816894531,171900,0.0,0.0
2023-10-06 00:00:00-04:00,72.13999938964844,74.11000061035156,70.55000305175781,73.87000274658203,165400,0.0,0.0
2023-10-09 00:00:00-04:00,73.33999633789062,74.56999969482422,72.62999725341797,72.91000366210938,101400,0.0,0.0
2023-10-10 00:00:00-04:00,73.12000274658203,75.27999877929688,73.0199966430664,74.62999725341797,143000,0.0,0.0
2023-10-11 00:00:00-04:00,74.73999786376953,75.01000213623047,72.2300033569336,72.5199966430664,143500,0.0,0.0
2023-10-12 00:00:00-04:00,72.69999694824219,72.81999969482422,69.58000183105469,70.58000183105469,187900,0.0,0.0
2023-10-13 00:00:00-04:00,70.93000030517578,73.2699966430664,70.93000030517578,72.58000183105469,278900,0.0,0.0
2023-10-16 00:00:00-04:00,73.0999984741211,75.19000244140625,73.0999984741211,73.68000030517578,146600,0.0,0.0
2023-10-17 00:00:00-04:00,73.08999633789062,75.69999694824219,73.08999633789062,75.19000244140625,111900,0.0,0.0
2023-10-18 00:00:00-04:00,75.1500015258789,77.69000244140625,73.5,76.45999908447266,153300,0.0,0.0
2023-10-19 00:00:00-04:00,75.58000183105469,76.73999786376953,74.7300033569336,74.86000061035156,175600,0.0,0.0
2023-10-20 00:00:00-04:00,75.06999969482422,75.41000366210938,73.47000122070312,73.75,104500,0.0,0.0
2023-10-23 00:00:00-04:00,72.88999938964844,73.43000030517578,69.43000030517578,69.73999786376953,158900,0.0,0.0
2023-10-24 00:00:00-04:00,70.66999816894531,72.30999755859375,70.66999816894531,71.29000091552734,120000,0.0,0.0
2023-10-25 00:00:00-04:00,70.72000122070312,71.30999755859375,69.52999877929688,70.02999877929688,141200,0.0,0.0
2023-10-26 00:00:00-04:00,70.2699966430664,72.62999725341797,70.02999877929688,71.1500015258789,130400,0.0,0.0
2023-10-27 00:00:00-04:00,71.06999969482422,71.44999694824219,69.01000213623047,69.58000183105469,142300,0.0,0.0
2023-10-30 00:00:00-04:00,70.76000213623047,71.22000122070312,68.68000030517578,69.25,108600,0.0,0.0
2023-10-31 00:00:00-04:00,69.33999633789062,70.0,68.44000244140625,69.16000366210938,123500,0.0,0.0
2023-11-01 00:00:00-04:00,69.0,69.0,67.4000015258789,68.72000122070312,174900,0.0,0.0
2023-11-02 00:00:00-04:00,69.37000274658203,69.56999969482422,67.88999938964844,68.88999938964844,210800,0.0,0.0
2023-11-03 00:00:00-04:00,70.58000183105469,71.61000061035156,69.66999816894531,69.91999816894531,186900,0.0,0.0
2023-11-06 00:00:00-05:00,69.91999816894531,72.16999816894531,69.33000183105469,70.66000366210938,353100,0.0,0.0
2023-11-07 00:00:00-05:00,69.0999984741211,71.69000244140625,67.11000061035156,68.88999938964844,319900,0.0,0.0
2023-11-08 00:00:00-05:00,68.5,69.31999969482422,65.16000366210938,65.91999816894531,276000,0.0,0.0
2023-11-09 00:00:00-05:00,66.0,66.66999816894531,63.34000015258789,64.83999633789062,259100,0.0,0.0
2023-11-10 00:00:00-05:00,65.12000274658203,65.5,63.43000030517578,65.4000015258789,172500,0.0,0.0
2023-11-13 00:00:00-05:00,65.12999725341797,65.12999725341797,61.939998626708984,62.16999816894531,227800,0.0,0.0
2023-11-14 00:00:00-05:00,63.81999969482422,67.86000061035156,63.81999969482422,66.55999755859375,241500,0.0,0.0
2023-11-15 00:00:00-05:00,67.18000030517578,69.22000122070312,67.18000030517578,68.44999694824219,264500,0.0,0.0
2023-11-16 00:00:00-05:00,68.08999633789062,68.08999633789062,66.08000183105469,66.36000061035156,180000,0.0,0.0
2023-11-17 00:00:00-05:00,66.75,67.5,66.12000274658203,66.5,177700,0.0,0.0
2023-11-20 00:00:00-05:00,66.37000274658203,67.54000091552734,65.69999694824219,67.5,151200,0.0,0.0
2023-11-21 00:00:00-05:00,67.22000122070312,67.5999984741211,65.72000122070312,65.76000213623047,110900,0.0,0.0
2023-11-22 00:00:00-05:00,65.98999786376953,67.22000122070312,65.98999786376953,66.5,119700,0.0,0.0
2023-11-24 00:00:00-05:00,66.5,67.41999816894531,65.69000244140625,66.20999908447266,74900,0.0,0.0
2023-11-27 00:00:00-05:00,66.0199966430664,66.29000091552734,64.72000122070312,64.95999908447266,175900,0.0,0.0
2023-11-28 00:00:00-05:00,65.08000183105469,65.83000183105469,64.63999938964844,65.41999816894531,159000,0.0,0.0
2023-11-29 00:00:00-05:00,65.81999969482422,66.56999969482422,65.3499984741211,65.9000015258789,119600,0.0,0.0
2023-11-30 00:00:00-05:00,66.5,67.26000213623047,65.44999694824219,66.37999725341797,118600,0.0,0.0
2023-12-01 00:00:00-05:00,66.30000305175781,69.29000091552734,65.68000030517578,68.30999755859375,163900,0.0,0.0
2023-12-04 00:00:00-05:00,67.75,70.0,67.75,69.73999786376953,161400,0.0,0.0
2023-12-05 00:00:00-05:00,69.0,69.37999725341797,67.8499984741211,68.12999725341797,133700,0.0,0.0
2023-12-06 00:00:00-05:00,68.80000305175781,72.56999969482422,68.80000305175781,72.19999694824219,241800,0.0,0.0
2023-12-07 00:00:00-05:00,72.2300033569336,75.5999984741211,72.2300033569336,74.95999908447266,185900,0.0,0.0
2023-12-08 00:00:00-05:00,74.88999938964844,75.94000244140625,74.33000183105469,74.80999755859375,117800,0.0,0.0
2023-12-11 00:00:00-05:00,74.7300033569336,75.33000183105469,74.0199966430664,74.63999938964844,161400,0.0,0.0
2023-12-12 00:00:00-05:00,74.62000274658203,76.41999816894531,72.70999908447266,75.41000366210938,181300,0.0,0.0
2023-12-13 00:00:00-05:00,73.51000213623047,73.6500015258789,62.150001525878906,68.75,1209800,0.0,0.0
2023-12-14 00:00:00-05:00,69.0999984741211,70.80999755859375,66.55000305175781,70.29000091552734,513800,0.0,0.0
2023-12-15 00:00:00-05:00,71.0,72.08999633789062,67.93000030517578,68.2699966430664,715100,0.0,0.0
2023-12-18 00:00:00-05:00,68.2699966430664,68.62000274658203,66.0,66.0,178900,0.0,0.0
2023-12-19 00:00:00-05:00,66.0,67.47000122070312,66.0,66.9800033569336,183900,0.0,0.0
2023-12-20 00:00:00-05:00,66.9800033569336,69.30000305175781,66.45999908447266,67.0,195900,0.0,0.0
2023-12-21 00:00:00-05:00,67.97000122070312,68.25,66.27999877929688,68.16000366210938,142000,0.0,0.0
2023-12-22 00:00:00-05:00,68.0,69.16000366210938,66.5,66.66000366210938,140800,0.0,0.0
2023-12-26 00:00:00-05:00,66.66000366210938,67.56999969482422,66.58999633789062,67.19999694824219,150000,0.0,0.0
2023-12-27 00:00:00-05:00,67.02999877929688,67.4800033569336,66.0199966430664,66.83999633789062,127200,0.0,0.0
2023-12-28 00:00:00-05:00,66.66999816894531,68.41999816894531,66.66999816894531,68.12999725341797,192800,0.0,0.0
2023-12-29 00:00:00-05:00,67.6500015258789,68.0999984741211,66.9000015258789,67.22000122070312,107300,0.0,0.0
2024-01-02 00:00:00-05:00,67.22000122070312,70.58000183105469,66.9800033569336,70.2300033569336,243900,0.0,0.0
2024-01-03 00:00:00-05:00,70.0199966430664,70.5,67.58999633789062,68.73999786376953,455900,0.0,0.0
2024-01-04 00:00:00-05:00,68.55000305175781,68.87000274658203,64.27999877929688,65.02999877929688,389200,0.0,0.0
2024-01-05 00:00:00-05:00,64.66999816894531,65.2699966430664,63.099998474121094,64.5,147300,0.0,0.0
2024-01-08 00:00:00-05:00,64.0,67.5,63.86000061035156,67.13999938964844,240200,0.0,0.0
2024-01-09 00:00:00-05:00,66.2699966430664,66.51000213623047,62.95000076293945,63.06999969482422,318200,0.0,0.0
2024-01-10 00:00:00-05:00,63.150001525878906,64.69999694824219,63.0,64.37000274658203,256200,0.0,0.0
2024-01-11 00:00:00-05:00,64.0,64.18000030517578,61.06999969482422,61.630001068115234,345200,0.0,0.0
2024-01-12 00:00:00-05:00,61.90999984741211,62.59000015258789,61.08000183105469,61.16999816894531,194800,0.0,0.0
2024-01-16 00:00:00-05:00,61.0,61.06999969482422,55.04999923706055,55.56999969482422,697400,0.0,0.0
2024-01-17 00:00:00-05:00,55.189998626708984,55.599998474121094,54.369998931884766,55.209999084472656,440400,0.0,0.0
2024-01-18 00:00:00-05:00,55.040000915527344,55.150001525878906,51.439998626708984,52.040000915527344,714100,0.0,0.0
2024-01-19 00:00:00-05:00,52.4900016784668,53.900001525878906,51.5,53.279998779296875,836600,0.0,0.0
2024-01-22 00:00:00-05:00,53.81999969482422,54.97999954223633,53.290000915527344,54.470001220703125,209500,0.0,0.0
2024-01-23 00:00:00-05:00,54.970001220703125,56.08000183105469,53.59000015258789,54.02000045776367,198700,0.0,0.0
2024-01-24 00:00:00-05:00,54.939998626708984,55.5,53.08000183105469,53.41999816894531,192900,0.0,0.0
2024-01-25 00:00:00-05:00,53.540000915527344,55.11000061035156,52.88999938964844,54.880001068115234,205500,0.0,0.0
2024-01-26 00:00:00-05:00,55.290000915527344,56.20000076293945,54.88999938964844,55.22999954223633,209200,0.0,0.0
2024-01-29 00:00:00-05:00,55.22999954223633,56.369998931884766,53.29999923706055,55.810001373291016,186800,0.0,0.0
2024-01-30 00:00:00-05:00,55.0099983215332,57.40999984741211,54.95000076293945,56.869998931884766,278000,0.0,0.0
2024-01-31 00:00:00-05:00,56.79999923706055,56.79999923706055,54.380001068115234,54.650001525878906,222600,0.0,0.0
2024-02-01 00:00:00-05:00,55.08000183105469,55.81999969482422,54.45000076293945,54.7599983215332,168400,0.0,0.0
2024-02-02 00:00:00-05:00,53.88999938964844,54.11000061035156,52.4900016784668,53.040000915527344,206400,0.0,0.0
2024-02-05 00:00:00-05:00,52.63999938964844,52.689998626708984,51.66999816894531,51.66999816894531,188800,0.0,0.0
2024-02-06 00:00:00-05:00,51.779998779296875,54.119998931884766,51.66999816894531,53.869998931884766,214300,0.0,0.0
2024-02-07 00:00:00-05:00,53.88999938964844,54.81999969482422,53.220001220703125,54.04999923706055,193800,0.0,0.0
2024-02-08 00:00:00-05:00,53.90999984741211,54.880001068115234,53.7599983215332,54.68000030517578,148200,0.0,0.0
2024-02-09 00:00:00-05:00,54.29999923706055,54.79999923706055,52.959999084472656,53.529998779296875,272500,0.0,0.0
2024-02-12 00:00:00-05:00,53.52000045776367,56.52000045776367,53.52000045776367,56.130001068115234,248500,0.0,0.0
2024-02-13 00:00:00-05:00,53.9900016784668,55.189998626708984,52.20000076293945,52.880001068115234,279700,0.0,0.0
2024-02-14 00:00:00-05:00,53.599998474121094,53.79999923706055,51.65999984741211,52.68000030517578,216500,0.0,0.0
2024-02-15 00:00:00-05:00,52.5,52.959999084472656,51.209999084472656,51.459999084472656,294800,0.0,0.0
2024-02-16 00:00:00-05:00,51.20000076293945,52.220001220703125,49.88999938964844,49.9900016784668,357100,0.0,0.0
2024-02-20 00:00:00-05:00,49.900001525878906,49.900001525878906,47.209999084472656,48.93000030517578,616200,0.0,0.0
2024-02-21 00:00:00-05:00,44.4900016784668,44.720001220703125,38.790000915527344,40.380001068115234,1239700,0.0,0.0
2024-02-22 00:00:00-05:00,40.06999969482422,41.0,38.220001220703125,40.0,716900,0.0,0.0
2024-02-23 00:00:00-05:00,40.0,41.959999084472656,39.08000183105469,40.72999954223633,568200,0.0,0.0
2024-02-26 00:00:00-05:00,40.61000061035156,41.560001373291016,40.130001068115234,40.560001373291016,365900,0.0,0.0
2024-02-27 00:00:00-05:00,41.099998474121094,42.68000030517578,40.540000915527344,41.75,411000,0.0,0.0
2024-02-28 00:00:00-05:00,41.31999969482422,41.599998474121094,40.29999923706055,40.56999969482422,355500,0.0,0.0
2024-02-29 00:00:00-05:00,40.400001525878906,41.34000015258789,39.65999984741211,40.09000015258789,397500,0.0,0.0
2024-03-01 00:00:00-05:00,40.290000915527344,40.810001373291016,38.650001525878906,40.439998626708984,325300,0.0,0.0
2024-03-04 00:00:00-05:00,40.20000076293945,40.65999984741211,39.209999084472656,39.5,331100,0.0,0.0
2024-03-05 00:00:00-05:00,39.20000076293945,40.209999084472656,38.599998474121094,38.83000183105469,332500,0.0,0.0
2024-03-06 00:00:00-05:00,39.18000030517578,39.25,38.040000915527344,38.040000915527344,316400,0.0,0.0
2024-03-07 00:00:00-05:00,38.31999969482422,38.97999954223633,37.599998474121094,38.09000015258789,331400,0.0,0.0
2024-03-08 00:00:00-05:00,38.58000183105469,40.31999969482422,38.58000183105469,39.65999984741211,414700,0.0,0.0
2024-03-11 00:00:00-04:00,39.529998779296875,40.11000061035156,37.599998474121094,37.65999984741211,334300,0.0,0.0
2024-03-12 00:00:00-04:00,37.59000015258789,37.59000015258789,35.86000061035156,36.599998474121094,471600,0.0,0.0
2024-03-13 00:00:00-04:00,36.0,36.959999084472656,35.630001068115234,35.75,462100,0.0,0.0
2024-03-14 00:00:00-04:00,36.060001373291016,36.060001373291016,34.09000015258789,34.56999969482422,591700,0.0,0.0
2024-03-15 00:00:00-04:00,34.5,36.79999923706055,34.400001525878906,36.61000061035156,1753400,0.0,0.0
2024-03-18 00:00:00-04:00,36.75,36.9900016784668,34.90999984741211,35.849998474121094,422300,0.0,0.0
2024-03-19 00:00:00-04:00,35.59000015258789,36.029998779296875,34.849998474121094,34.939998626708984,389100,0.0,0.0
2024-03-20 00:00:00-04:00,34.7599983215332,35.880001068115234,34.5,35.7400016784668,318000,0.0,0.0
2024-03-21 00:00:00-04:00,35.79999923706055,36.04999923706055,34.150001525878906,35.63999938964844,411100,0.0,0.0
2024-03-22 00:00:00-04:00,35.689998626708984,35.75,34.5,34.70000076293945,399600,0.0,0.0
2024-03-25 00:00:00-04:00,35.04999923706055,36.189998626708984,35.04999923706055,35.79999923706055,352600,0.0,0.0
2024-03-26 00:00:00-04:00,36.119998931884766,37.08000183105469,36.02000045776367,37.06999969482422,433400,0.0,0.0
2024-03-27 00:00:00-04:00,37.540000915527344,39.13999938964844,37.4900016784668,37.529998779296875,548200,0.0,0.0
2024-03-28 00:00:00-04:00,37.70000076293945,38.9900016784668,37.5,38.31999969482422,355400,0.0,0.0
2024-04-01 00:00:00-04:00,38.47999954223633,38.560001373291016,37.22999954223633,37.5099983215332,327300,0.0,0.0
2024-04-02 00:00:00-04:00,37.18000030517578,37.18000030517578,34.900001525878906,35.119998931884766,376300,0.0,0.0
2024-04-03 00:00:00-04:00,34.93000030517578,35.099998474121094,33.790000915527344,34.060001373291016,252800,0.0,0.0
2024-04-04 00:00:00-04:00,34.290000915527344,34.77000045776367,33.810001373291016,33.880001068115234,249600,0.0,0.0
2024-04-05 00:00:00-04:00,33.560001373291016,33.81999969482422,32.380001068115234,32.83000183105469,362500,0.0,0.0
2024-04-08 00:00:00-04:00,33.27000045776367,34.36000061035156,33.11000061035156,33.13999938964844,466800,0.0,0.0
2024-04-09 00:00:00-04:00,33.16999816894531,34.91999816894531,33.130001068115234,34.04999923706055,335800,0.0,0.0
2024-04-10 00:00:00-04:00,33.09000015258789,33.20000076293945,31.610000610351562,31.889999389648438,327800,0.0,0.0
2024-04-11 00:00:00-04:00,32.150001525878906,32.72999954223633,31.68000030517578,31.940000534057617,334700,0.0,0.0
2024-04-12 00:00:00-04:00,31.739999771118164,32.349998474121094,30.950000762939453,31.510000228881836,433100,0.0,0.0
2024-04-15 00:00:00-04:00,31.3799991607666,32.029998779296875,30.959999084472656,31.350000381469727,389300,0.0,0.0
2024-04-16 00:00:00-04:00,31.350000381469727,32.33000183105469,31.010000228881836,32.25,488800,0.0,0.0
2024-04-17 00:00:00-04:00,32.779998779296875,33.52000045776367,31.739999771118164,31.8799991607666,363700,0.0,0.0
2024-04-18 00:00:00-04:00,32.04999923706055,32.65999984741211,31.709999084472656,32.470001220703125,304100,0.0,0.0
2024-04-19 00:00:00-04:00,32.2599983215332,32.9900016784668,32.11000061035156,32.439998626708984,288500,0.0,0.0
2024-04-22 00:00:00-04:00,32.45000076293945,32.75,31.8799991607666,32.599998474121094,285900,0.0,0.0
2024-04-23 00:00:00-04:00,32.34000015258789,33.630001068115234,32.290000915527344,33.41999816894531,288700,0.0,0.0
2024-04-24 00:00:00-04:00,33.41999816894531,33.810001373291016,32.650001525878906,33.56999969482422,218400,0.0,0.0
2024-04-25 00:00:00-04:00,33.2400016784668,33.88999938964844,33.029998779296875,33.5,323600,0.0,0.0
2024-04-26 00:00:00-04:00,33.41999816894531,33.95000076293945,33.060001373291016,33.709999084472656,332400,0.0,0.0
2024-04-29 00:00:00-04:00,34.0,36.29999923706055,34.0,35.5099983215332,638600,0.0,0.0
2024-04-30 00:00:00-04:00,26.600000381469727,29.6299991607666,26.020000457763672,27.530000686645508,1871300,0.0,0.0
2024-05-01 00:00:00-04:00,27.360000610351562,27.40999984741211,25.920000076293945,26.360000610351562,980700,0.0,0.0
2024-05-02 00:00:00-04:00,26.899999618530273,28.440000534057617,25.81999969482422,25.93000030517578,652400,0.0,0.0
2024-05-03 00:00:00-04:00,26.290000915527344,26.809999465942383,25.360000610351562,26.690000534057617,459600,0.0,0.0
2024-05-06 00:00:00-04:00,27.0,27.18000030517578,24.979999542236328,25.18000030517578,569000,0.0,0.0
2024-05-07 00:00:00-04:00,25.360000610351562,25.639999389648438,24.579999923706055,25.510000228881836,512100,0.0,0.0
2024-05-08 00:00:00-04:00,25.149999618530273,25.510000228881836,24.760000228881836,24.959999084472656,336900,0.0,0.0
2024-05-09 00:00:00-04:00,24.940000534057617,25.790000915527344,24.8700008392334,25.719999313354492,338600,0.0,0.0
2024-05-10 00:00:00-04:00,25.6200008392334,25.649999618530273,24.670000076293945,24.989999771118164,275200,0.0,0.0
2024-05-13 00:00:00-04:00,25.239999771118164,27.149999618530273,25.0,25.350000381469727,453400,0.0,0.0
2024-05-14 00:00:00-04:00,26.040000915527344,27.15999984741211,25.8799991607666,26.440000534057617,496500,0.0,0.0
2024-05-15 00:00:00-04:00,26.829999923706055,26.850000381469727,24.6299991607666,25.360000610351562,546500,0.0,0.0
2024-05-16 00:00:00-04:00,25.770000457763672,26.0,24.829999923706055,25.360000610351562,333400,0.0,0.0
2024-05-17 00:00:00-04:00,25.31999969482422,25.559999465942383,24.8700008392334,25.0,285800,0.0,0.0
2024-05-20 00:00:00-04:00,24.829999923706055,24.989999771118164,23.780000686645508,24.43000030517578,458000,0.0,0.0
2024-05-21 00:00:00-04:00,24.360000610351562,24.790000915527344,24.0,24.389999389648438,490100,0.0,0.0
2024-05-22 00:00:00-04:00,24.350000381469727,25.18000030517578,24.09000015258789,24.530000686645508,375700,0.0,0.0
2024-05-23 00:00:00-04:00,24.43000030517578,24.43000030517578,22.68000030517578,22.760000228881836,415000,0.0,0.0
2024-05-24 00:00:00-04:00,22.899999618530273,23.18000030517578,22.350000381469727,22.829999923706055,428700,0.0,0.0
2024-05-28 00:00:00-04:00,22.989999771118164,24.940000534057617,22.700000762939453,24.799999237060547,830200,0.0,0.0
2024-05-29 00:00:00-04:00,24.729999542236328,25.200000762939453,24.110000610351562,25.139999389648438,483500,0.0,0.0
2024-05-30 00:00:00-04:00,25.559999465942383,26.1200008392334,24.850000381469727,26.100000381469727,482500,0.0,0.0
2024-05-31 00:00:00-04:00,26.360000610351562,26.530000686645508,24.829999923706055,25.739999771118164,742200,0.0,0.0
2024-06-03 00:00:00-04:00,25.889999389648438,26.06999969482422,24.68000030517578,25.0,367600,0.0,0.0
2024-06-04 00:00:00-04:00,24.790000915527344,24.989999771118164,23.6299991607666,23.969999313354492,512100,0.0,0.0
2024-06-05 00:00:00-04:00,20.43000030517578,22.1299991607666,19.899999618530273,22.020000457763672,1143300,0.0,0.0
2024-06-06 00:00:00-04:00,22.030000686645508,22.299999237060547,21.65999984741211,21.850000381469727,459600,0.0,0.0
2024-06-07 00:00:00-04:00,21.700000762939453,22.459999084472656,21.299999237060547,21.459999084472656,520200,0.0,0.0
2024-06-10 00:00:00-04:00,20.670000076293945,21.31999969482422,20.040000915527344,21.049999237060547,1005700,0.0,0.0
2024-06-11 00:00:00-04:00,20.950000762939453,21.709999084472656,20.549999237060547,21.479999542236328,559100,0.0,0.0
2024-06-12 00:00:00-04:00,22.020000457763672,22.34000015258789,20.6200008392334,20.719999313354492,526700,0.0,0.0
2024-06-13 00:00:00-04:00,20.709999084472656,20.829999923706055,19.8700008392334,20.139999389648438,456800,0.0,0.0
2024-06-14 00:00:00-04:00,19.969999313354492,20.0,19.329999923706055,19.709999084472656,525900,0.0,0.0
2024-06-17 00:00:00-04:00,19.579999923706055,19.989999771118164,19.399999618530273,19.979999542236328,528600,0.0,0.0
2024-06-18 00:00:00-04:00,19.989999771118164,20.100000381469727,19.510000228881836,19.610000610351562,530200,0.0,0.0
2024-06-20 00:00:00-04:00,19.440000534057617,20.6200008392334,19.43000030517578,20.559999465942383,625200,0.0,0.0
2024-06-21 00:00:00-04:00,20.559999465942383,21.18000030517578,20.010000228881836,20.030000686645508,3959800,0.0,0.0
2024-06-24 00:00:00-04:00,20.1200008392334,20.510000228881836,19.530000686645508,19.600000381469727,592600,0.0,0.0
2024-06-25 00:00:00-04:00,19.399999618530273,19.65999984741211,18.809999465942383,19.489999771118164,533800,0.0,0.0
2024-06-26 00:00:00-04:00,19.350000381469727,20.139999389648438,19.25,20.0,684700,0.0,0.0
2024-06-27 00:00:00-04:00,19.989999771118164,21.270000457763672,19.989999771118164,21.1200008392334,608400,0.0,0.0
2024-06-28 00:00:00-04:00,21.15999984741211,21.959999084472656,20.719999313354492,21.81999969482422,1157400,0.0,0.0
2024-07-01 00:00:00-04:00,21.790000915527344,22.209999084472656,20.68000030517578,21.030000686645508,402500,0.0,0.0
2024-07-02 00:00:00-04:00,21.020000457763672,21.020000457763672,20.059999465942383,20.479999542236328,363400,0.0,0.0
2024-07-03 00:00:00-04:00,20.639999389648438,20.68000030517578,19.75,19.770000457763672,141000,0.0,0.0
2024-07-05 00:00:00-04:00,19.639999389648438,19.729999542236328,18.65999984741211,18.690000534057617,389500,0.0,0.0
2024-07-08 00:00:00-04:00,18.799999237060547,18.90999984741211,18.31999969482422,18.510000228881836,335800,0.0,0.0
2024-07-09 00:00:00-04:00,18.350000381469727,18.65999984741211,17.889999389648438,18.40999984741211,335700,0.0,0.0
2024-07-10 00:00:00-04:00,18.59000015258789,18.860000610351562,18.190000534057617,18.729999542236328,409200,0.0,0.0
2024-07-11 00:00:00-04:00,19.25,19.65999984741211,18.81999969482422,19.190000534057617,333100,0.0,0.0
2024-07-12 00:00:00-04:00,19.530000686645508,19.950000762939453,18.469999313354492,18.8700008392334,375400,0.0,0.0
2024-07-15 00:00:00-04:00,18.979999542236328,18.979999542236328,18.40999984741211,18.6299991607666,371700,0.0,0.0
2024-07-16 00:00:00-04:00,18.959999084472656,19.200000762939453,18.56999969482422,19.200000762939453,444800,0.0,0.0
2024-07-17 00:00:00-04:00,19.100000381469727,19.979999542236328,18.979999542236328,19.489999771118164,400500,0.0,0.0
2024-07-18 00:00:00-04:00,19.520000457763672,19.709999084472656,18.739999771118164,18.780000686645508,365800,0.0,0.0
2024-07-19 00:00:00-04:00,18.739999771118164,18.959999084472656,18.43000030517578,18.639999389648438,241000,0.0,0.0
2024-07-22 00:00:00-04:00,18.809999465942383,19.079999923706055,17.860000610351562,18.899999618530273,500700,0.0,0.0
2024-07-23 00:00:00-04:00,18.770000457763672,18.889999389648438,18.420000076293945,18.729999542236328,194100,0.0,0.0
2024-07-24 00:00:00-04:00,18.5,18.93000030517578,18.459999084472656,18.84000015258789,355400,0.0,0.0
2024-07-25 00:00:00-04:00,18.850000381469727,19.989999771118164,18.81999969482422,19.530000686645508,468700,0.0,0.0
2024-07-26 00:00:00-04:00,19.90999984741211,20.600000381469727,19.549999237060547,20.489999771118164,281800,0.0,0.0
2024-07-29 00:00:00-04:00,20.479999542236328,20.829999923706055,19.8700008392334,20.690000534057617,315300,0.0,0.0
2024-07-30 00:00:00-04:00,20.729999542236328,21.360000610351562,20.579999923706055,21.200000762939453,336500,0.0,0.0
2024-07-31 00:00:00-04:00,21.25,22.65999984741211,20.68000030517578,21.93000030517578,469800,0.0,0.0
2024-08-01 00:00:00-04:00,21.809999465942383,21.889999389648438,20.899999618530273,21.65999984741211,430500,0.0,0.0
2024-08-02 00:00:00-04:00,21.260000228881836,21.81999969482422,20.56999969482422,21.469999313354492,316900,0.0,0.0
2024-08-05 00:00:00-04:00,21.0,21.299999237060547,20.260000228881836,20.860000610351562,450400,0.0,0.0
2024-08-06 00:00:00-04:00,19.5,21.139999389648438,19.020000457763672,20.270000457763672,615300,0.0,0.0
2024-08-07 00:00:00-04:00,20.489999771118164,21.65999984741211,19.8799991607666,19.90999984741211,463700,0.0,0.0
2024-08-08 00:00:00-04:00,19.860000610351562,19.860000610351562,18.8700008392334,19.75,445100,0.0,0.0
2024-08-09 00:00:00-04:00,19.75,20.299999237060547,19.18000030517578,19.530000686645508,302400,0.0,0.0
2024-08-12 00:00:00-04:00,19.510000228881836,19.510000228881836,18.8799991607666,19.31999969482422,349000,0.0,0.0
2024-08-13 00:00:00-04:00,19.360000610351562,19.670000076293945,18.899999618530273,19.09000015258789,297500,0.0,0.0
2024-08-14 00:00:00-04:00,19.18000030517578,19.18000030517578,18.459999084472656,18.700000762939453,335800,0.0,0.0
2024-08-15 00:00:00-04:00,19.049999237060547,19.40999984741211,18.450000762939453,18.450000762939453,244800,0.0,0.0
2024-08-16 00:00:00-04:00,18.459999084472656,18.719999313354492,18.1299991607666,18.329999923706055,256200,0.0,0.0
2024-08-19 00:00:00-04:00,18.469999313354492,19.700000762939453,18.209999084472656,19.40999984741211,403700,0.0,0.0
2024-08-20 00:00:00-04:00,19.40999984741211,19.5,18.93000030517578,19.420000076293945,146900,0.0,0.0
2024-08-21 00:00:00-04:00,19.579999923706055,19.579999923706055,19.09000015258789,19.450000762939453,140000,0.0,0.0
2024-08-22 00:00:00-04:00,19.530000686645508,19.530000686645508,18.850000381469727,19.010000228881836,245400,0.0,0.0
2024-08-23 00:00:00-04:00,19.260000228881836,20.469999313354492,19.260000228881836,19.979999542236328,181800,0.0,0.0
2024-08-26 00:00:00-04:00,20.059999465942383,20.34000015258789,19.229999542236328,19.34000015258789,365100,0.0,0.0
2024-08-27 00:00:00-04:00,19.25,19.799999237060547,18.899999618530273,19.149999618530273,223000,0.0,0.0
2024-08-28 00:00:00-04:00,19.1200008392334,19.450000762939453,18.639999389648438,18.829999923706055,167500,0.0,0.0
2024-08-29 00:00:00-04:00,18.920000076293945,19.260000228881836,18.510000228881836,18.600000381469727,319200,0.0,0.0
2024-08-30 00:00:00-04:00,18.639999389648438,18.989999771118164,18.06999969482422,18.299999237060547,229800,0.0,0.0
2024-09-03 00:00:00-04:00,18.270000457763672,18.799999237060547,17.729999542236328,17.940000534057617,223300,0.0,0.0
2024-09-04 00:00:00-04:00,17.8700008392334,19.06999969482422,17.739999771118164,18.940000534057617,254900,0.0,0.0
2024-09-05 00:00:00-04:00,18.940000534057617,19.639999389648438,18.850000381469727,19.190000534057617,148000,0.0,0.0
2024-09-06 00:00:00-04:00,19.260000228881836,19.950000762939453,18.469999313354492,18.510000228881836,230100,0.0,0.0
2024-09-09 00:00:00-04:00,18.420000076293945,18.5,17.93000030517578,18.1200008392334,176300,0.0,0.0
2024-09-10 00:00:00-04:00,18.170000076293945,18.889999389648438,17.969999313354492,18.889999389648438,214500,0.0,0.0
2024-09-11 00:00:00-04:00,18.760000228881836,18.760000228881836,17.90999984741211,18.260000228881836,174000,0.0,0.0
2024-09-12 00:00:00-04:00,18.260000228881836,18.84000015258789,17.739999771118164,18.770000457763672,171300,0.0,0.0
2024-09-13 00:00:00-04:00,19.040000915527344,19.350000381469727,18.719999313354492,18.899999618530273,169800,0.0,0.0
2024-09-16 00:00:00-04:00,18.889999389648438,19.1299991607666,18.56999969482422,18.6200008392334,214600,0.0,0.0
2024-09-17 00:00:00-04:00,18.770000457763672,19.200000762939453,18.56999969482422,19.18000030517578,168000,0.0,0.0
2024-09-18 00:00:00-04:00,19.200000762939453,19.729999542236328,18.799999237060547,18.81999969482422,149100,0.0,0.0
2024-09-19 00:00:00-04:00,19.149999618530273,19.219999313354492,18.850000381469727,18.989999771118164,117200,0.0,0.0
2024-09-20 00:00:00-04:00,18.950000762939453,18.950000762939453,18.420000076293945,18.68000030517578,534900,0.0,0.0
2024-09-23 00:00:00-04:00,18.610000610351562,19.100000381469727,18.40999984741211,18.799999237060547,205900,0.0,0.0
2024-09-24 00:00:00-04:00,18.8799991607666,19.190000534057617,18.84000015258789,19.149999618530273,109700,0.0,0.0
2024-09-25 00:00:00-04:00,19.15999984741211,19.15999984741211,18.049999237060547,18.399999618530273,211900,0.0,0.0
2024-09-26 00:00:00-04:00,18.690000534057617,19.690000534057617,18.5,19.09000015258789,196500,0.0,0.0
2024-09-27 00:00:00-04:00,19.360000610351562,19.959999084472656,19.200000762939453,19.25,118700,0.0,0.0
2024-09-30 00:00:00-04:00,19.229999542236328,19.729999542236328,19.09000015258789,19.139999389648438,133500,0.0,0.0
2024-10-01 00:00:00-04:00,19.079999923706055,19.3799991607666,18.760000228881836,19.219999313354492,187200,0.0,0.0
2024-10-02 00:00:00-04:00,19.100000381469727,19.170000076293945,18.270000457763672,18.350000381469727,154400,0.0,0.0
2024-10-03 00:00:00-04:00,18.239999771118164,18.510000228881836,17.860000610351562,18.280000686645508,176800,0.0,0.0
2024-10-04 00:00:00-04:00,18.520000457763672,18.739999771118164,18.010000228881836,18.440000534057617,165800,0.0,0.0
2024-10-07 00:00:00-04:00,18.34000015258789,18.68000030517578,18.139999389648438,18.56999969482422,116600,0.0,0.0
2024-10-08 00:00:00-04:00,18.420000076293945,18.719999313354492,18.110000610351562,18.459999084472656,149000,0.0,0.0
2024-10-09 00:00:00-04:00,18.6200008392334,18.670000076293945,17.790000915527344,17.790000915527344,181200,0.0,0.0
2024-10-10 00:00:00-04:00,17.790000915527344,18.110000610351562,17.170000076293945,18.0,181100,0.0,0.0
2024-10-11 00:00:00-04:00,18.0,18.700000762939453,17.969999313354492,18.020000457763672,186900,0.0,0.0
2024-10-14 00:00:00-04:00,18.059999465942383,18.059999465942383,17.299999237060547,17.350000381469727,162700,0.0,0.0
2024-10-15 00:00:00-04:00,17.190000534057617,17.889999389648438,17.06999969482422,17.799999237060547,144900,0.0,0.0
2024-10-16 00:00:00-04:00,17.959999084472656,18.059999465942383,17.649999618530273,17.979999542236328,147600,0.0,0.0
2024-10-17 00:00:00-04:00,18.0,18.020000457763672,17.479999542236328,17.899999618530273,112100,0.0,0.0
2024-10-18 00:00:00-04:00,17.899999618530273,18.190000534057617,17.81999969482422,18.110000610351562,138900,0.0,0.0
2024-10-21 00:00:00-04:00,18.170000076293945,18.170000076293945,17.639999389648438,17.760000228881836,189300,0.0,0.0
2024-10-22 00:00:00-04:00,17.700000762939453,17.8799991607666,17.229999542236328,17.290000915527344,136800,0.0,0.0
2024-10-23 00:00:00-04:00,17.290000915527344,17.709999084472656,17.25,17.579999923706055,121300,0.0,0.0
2024-10-24 00:00:00-04:00,17.579999923706055,17.700000762939453,17.399999618530273,17.639999389648438,100000,0.0,0.0
2024-10-25 00:00:00-04:00,17.700000762939453,18.110000610351562,17.3700008392334,17.420000076293945,99900,0.0,0.0
2024-10-28 00:00:00-04:00,17.5,18.31999969482422,17.5,17.84000015258789,120100,0.0,0.0
2024-10-29 00:00:00-04:00,17.739999771118164,18.56999969482422,17.59000015258789,18.510000228881836,158900,0.0,0.0
2024-10-30 00:00:00-04:00,18.59000015258789,19.149999618530273,18.489999771118164,18.690000534057617,172200,0.0,0.0
2024-10-31 00:00:00-04:00,18.690000534057617,18.690000534057617,17.889999389648438,18.3799991607666,162500,0.0,0.0
2024-11-01 00:00:00-04:00,18.559999465942383,19.170000076293945,18.489999771118164,18.579999923706055,170400,0.0,0.0
2024-11-04 00:00:00-05:00,18.579999923706055,19.219999313354492,18.530000686645508,18.809999465942383,206100,0.0,0.0
2024-11-05 00:00:00-05:00,20.799999237060547,21.079999923706055,18.93000030517578,20.399999618530273,587700,0.0,0.0
2024-11-06 00:00:00-05:00,20.290000915527344,20.579999923706055,19.5,19.700000762939453,296700,0.0,0.0
2024-11-07 00:00:00-05:00,19.690000534057617,20.200000762939453,19.600000381469727,19.8799991607666,217600,0.0,0.0
2024-11-08 00:00:00-05:00,19.760000228881836,19.770000457763672,18.799999237060547,19.15999984741211,185700,0.0,0.0
2024-11-11 00:00:00-05:00,19.15999984741211,19.790000915527344,19.09000015258789,19.43000030517578,188900,0.0,0.0
2024-11-12 00:00:00-05:00,19.219999313354492,19.459999084472656,18.90999984741211,19.40999984741211,176000,0.0,0.0
2024-11-13 00:00:00-05:00,19.450000762939453,19.959999084472656,18.989999771118164,19.56999969482422,169900,0.0,0.0
2024-11-14 00:00:00-05:00,19.520000457763672,19.739999771118164,18.15999984741211,18.280000686645508,231700,0.0,0.0
2024-11-15 00:00:00-05:00,18.420000076293945,18.59000015258789,18.079999923706055,18.139999389648438,145700,0.0,0.0
2024-11-18 00:00:00-05:00,18.09000015258789,18.520000457763672,17.530000686645508,17.56999969482422,149900,0.0,0.0
2024-11-19 00:00:00-05:00,17.610000610351562,17.780000686645508,17.06999969482422,17.31999969482422,287700,0.0,0.0
2024-11-20 00:00:00-05:00,17.18000030517578,18.219999313354492,17.18000030517578,18.15999984741211,190100,0.0,0.0
2024-11-21 00:00:00-05:00,18.15999984741211,18.68000030517578,18.059999465942383,18.299999237060547,269600,0.0,0.0
2024-11-22 00:00:00-05:00,18.420000076293945,18.649999618530273,18.020000457763672,18.40999984741211,143500,0.0,0.0
2024-11-25 00:00:00-05:00,18.25,19.40999984741211,18.229999542236328,18.6200008392334,220300,0.0,0.0
2024-11-26 00:00:00-05:00,18.3799991607666,18.709999084472656,18.010000228881836,18.31999969482422,139400,0.0,0.0
2024-11-27 00:00:00-05:00,18.489999771118164,19.700000762939453,18.479999542236328,19.440000534057617,263000,0.0,0.0
2024-11-29 00:00:00-05:00,19.440000534057617,19.760000228881836,19.229999542236328,19.670000076293945,119200,0.0,0.0
2024-12-02 00:00:00-05:00,19.459999084472656,19.899999618530273,18.920000076293945,19.84000015258789,284700,0.0,0.0
2024-12-03 00:00:00-05:00,19.799999237060547,19.969999313354492,19.110000610351562,19.219999313354492,203400,0.0,0.0
2024-12-04 00:00:00-05:00,19.09000015258789,19.809999465942383,18.790000915527344,19.739999771118164,245000,0.0,0.0
2024-12-05 00:00:00-05:00,19.56999969482422,20.139999389648438,19.299999237060547,19.959999084472656,252600,0.0,0.0
2024-12-06 00:00:00-05:00,20.149999618530273,21.889999389648438,19.93000030517578,20.059999465942383,398600,0.0,0.0
2024-12-09 00:00:00-05:00,20.25,21.6299991607666,20.229999542236328,20.989999771118164,396800,0.0,0.0
2024-12-10 00:00:00-05:00,21.6200008392334,21.780000686645508,20.670000076293945,21.760000228881836,249100,0.0,0.0
2024-12-11 00:00:00-05:00,21.899999618530273,21.979999542236328,20.790000915527344,20.979999542236328,164800,0.0,0.0
2024-12-12 00:00:00-05:00,20.799999237060547,21.110000610351562,20.040000915527344,20.149999618530273,150000,0.0,0.0
2024-12-13 00:00:00-05:00,20.18000030517578,20.579999923706055,18.93000030517578,19.15999984741211,219700,0.0,0.0
2024-12-16 00:00:00-05:00,19.059999465942383,19.350000381469727,17.690000534057617,18.229999542236328,329100,0.0,0.0
2024-12-17 00:00:00-05:00,18.1299991607666,19.06999969482422,18.1299991607666,18.59000015258789,194300,0.0,0.0
2024-12-18 00:00:00-05:00,18.649999618530273,18.989999771118164,17.68000030517578,17.770000457763672,207400,0.0,0.0
2024-12-19 00:00:00-05:00,17.690000534057617,17.920000076293945,17.0,17.139999389648438,255100,0.0,0.0
2024-12-20 00:00:00-05:00,16.950000762939453,17.469999313354492,16.729999542236328,16.920000076293945,483900,0.0,0.0
2024-12-23 00:00:00-05:00,16.90999984741211,17.489999771118164,16.700000762939453,16.850000381469727,222200,0.0,0.0
2024-12-24 00:00:00-05:00,16.8700008392334,17.260000228881836,16.700000762939453,16.969999313354492,101000,0.0,0.0
2024-12-26 00:00:00-05:00,17.0,17.799999237060547,16.81999969482422,17.760000228881836,291400,0.0,0.0
2024-12-27 00:00:00-05:00,17.760000228881836,18.049999237060547,17.030000686645508,17.600000381469727,286000,0.0,0.0
2024-12-30 00:00:00-05:00,17.520000457763672,17.829999923706055,16.709999084472656,17.790000915527344,262200,0.0,0.0
2024-12-31 00:00:00-05:00,17.790000915527344,18.59000015258789,17.469999313354492,17.6200008392334,232100,0.0,0.0
2025-01-02 00:00:00-05:00,17.770000457763672,17.84000015258789,16.959999084472656,17.290000915527344,260000,0.0,0.0
2025-01-03 00:00:00-05:00,17.43000030517578,17.6299991607666,16.84000015258789,17.600000381469727,173200,0.0,0.0
2025-01-06 00:00:00-05:00,17.600000381469727,17.81999969482422,16.559999465942383,16.579999923706055,203900,0.0,0.0
2025-01-07 00:00:00-05:00,16.600000381469727,17.6200008392334,16.399999618530273,16.420000076293945,261500,0.0,0.0
2025-01-08 00:00:00-05:00,16.239999771118164,16.239999771118164,15.4399995803833,15.640000343322754,346400,0.0,0.0
2025-01-10 00:00:00-05:00,15.5,15.949999809265137,15.100000381469727,15.800000190734863,238900,0.0,0.0
2025-01-13 00:00:00-05:00,15.770000457763672,15.819999694824219,15.170000076293945,15.710000038146973,232800,0.0,0.0
2025-01-14 00:00:00-05:00,15.800000190734863,15.800000190734863,15.09000015258789,15.25,169600,0.0,0.0
2025-01-15 00:00:00-05:00,15.670000076293945,15.8100004196167,15.199999809265137,15.289999961853027,143200,0.0,0.0
2025-01-16 00:00:00-05:00,15.199999809265137,15.640000343322754,14.9399995803833,15.600000381469727,378500,0.0,0.0
2025-01-17 00:00:00-05:00,15.779999732971191,15.899999618530273,15.34000015258789,15.520000457763672,200600,0.0,0.0
2025-01-21 00:00:00-05:00,15.670000076293945,15.930000305175781,15.479999542236328,15.739999771118164,228600,0.0,0.0
2025-01-22 00:00:00-05:00,15.630000114440918,15.65999984741211,15.239999771118164,15.319999694824219,205500,0.0,0.0
2025-01-23 00:00:00-05:00,15.239999771118164,15.670000076293945,15.220000267028809,15.569999694824219,240000,0.0,0.0
2025-01-24 00:00:00-05:00,15.699999809265137,16.040000915527344,15.569999694824219,15.760000228881836,160800,0.0,0.0
2025-01-27 00:00:00-05:00,15.75,16.34000015258789,15.649999618530273,16.170000076293945,243600,0.0,0.0
2025-01-28 00:00:00-05:00,16.079999923706055,16.489999771118164,16.06999969482422,16.149999618530273,194300,0.0,0.0
2025-01-29 00:00:00-05:00,16.110000610351562,16.110000610351562,15.670000076293945,16.010000228881836,149800,0.0,0.0
2025-01-30 00:00:00-05:00,16.139999389648438,16.25,15.739999771118164,15.770000457763672,133500,0.0,0.0
2025-01-31 00:00:00-05:00,15.9399995803833,16.299999237060547,15.520000457763672,15.699999809265137,155800,0.0,0.0
2025-02-03 00:00:00-05:00,15.4399995803833,15.4399995803833,14.880000114440918,15.319999694824219,180200,0.0,0.0
2025-02-04 00:00:00-05:00,15.260000228881836,15.5,15.0,15.470000267028809,121900,0.0,0.0
2025-02-05 00:00:00-05:00,15.5600004196167,15.59000015258789,15.130000114440918,15.470000267028809,110400,0.0,0.0
2025-02-06 00:00:00-05:00,15.579999923706055,16.1299991607666,15.40999984741211,15.489999771118164,156700,0.0,0.0
2025-02-07 00:00:00-05:00,15.420000076293945,15.470000267028809,14.970000267028809,15.09000015258789,250900,0.0,0.0
2025-02-10 00:00:00-05:00,15.239999771118164,15.40999984741211,14.90999984741211,15.180000305175781,258300,0.0,0.0
2025-02-11 00:00:00-05:00,15.140000343322754,15.239999771118164,14.9399995803833,15.130000114440918,140800,0.0,0.0
2025-02-12 00:00:00-05:00,15.0,15.140000343322754,14.760000228881836,15.020000457763672,259700,0.0,0.0
2025-02-13 00:00:00-05:00,15.050000190734863,16.139999389648438,14.770000457763672,16.030000686645508,266100,0.0,0.0
2025-02-14 00:00:00-05:00,16.299999237060547,16.65999984741211,16.1200008392334,16.209999084472656,235900,0.0,0.0
2025-02-18 00:00:00-05:00,16.209999084472656,16.450000762939453,15.600000381469727,16.1299991607666,280500,0.0,0.0
2025-02-19 00:00:00-05:00,15.800000190734863,15.949999809265137,14.15999984741211,14.289999961853027,682400,0.0,0.0
2025-02-20 00:00:00-05:00,14.15999984741211,14.739999771118164,13.569999694824219,14.329999923706055,304000,0.0,0.0
2025-02-21 00:00:00-05:00,14.520000457763672,14.9399995803833,14.239999771118164,14.729999542236328,329800,0.0,0.0
2025-02-24 00:00:00-05:00,14.729999542236328,15.479999542236328,14.420000076293945,14.770000457763672,269200,0.0,0.0
2025-02-25 00:00:00-05:00,14.8100004196167,14.850000381469727,14.270000457763672,14.390000343322754,269300,0.0,0.0
2025-02-26 00:00:00-05:00,14.420000076293945,14.479999542236328,14.109999656677246,14.34000015258789,163000,0.0,0.0
2025-02-27 00:00:00-05:00,14.289999961853027,14.460000038146973,13.90999984741211,13.979999542236328,209000,0.0,0.0
2025-02-28 00:00:00-05:00,13.859999656677246,14.460000038146973,13.800000190734863,14.359999656677246,221300,0.0,0.0
2025-03-03 00:00:00-05:00,14.359999656677246,14.680000305175781,14.0,14.020000457763672,146500,0.0,0.0
2025-03-04 00:00:00-05:00,13.9399995803833,14.369999885559082,13.880000114440918,14.229999542236328,187800,0.0,0.0
2025-03-05 00:00:00-05:00,14.229999542236328,14.399999618530273,14.079999923706055,14.09000015258789,162200,0.0,0.0
2025-03-06 00:00:00-05:00,14.050000190734863,14.100000381469727,13.600000381469727,13.75,188700,0.0,0.0
2025-03-07 00:00:00-05:00,13.739999771118164,14.569999694824219,13.739999771118164,14.4399995803833,186600,0.0,0.0
2025-03-10 00:00:00-04:00,14.279999732971191,15.239999771118164,14.279999732971191,15.039999961853027,253200,0.0,0.0
2025-03-11 00:00:00-04:00,15.069999694824219,15.069999694824219,14.079999923706055,14.329999923706055,280100,0.0,0.0
2025-03-12 00:00:00-04:00,14.369999885559082,14.369999885559082,13.970000267028809,14.050000190734863,245200,0.0,0.0
2025-03-13 00:00:00-04:00,14.0,14.109999656677246,13.729999542236328,13.869999885559082,237300,0.0,0.0
2025-03-14 00:00:00-04:00,13.970000267028809,14.149999618530273,13.819999694824219,13.9399995803833,177700,0.0,0.0
2025-03-17 00:00:00-04:00,13.970000267028809,14.449999809265137,13.960000038146973,14.350000381469727,177700,0.0,0.0
2025-03-18 00:00:00-04:00,14.220000267028809,14.579999923706055,14.069999694824219,14.550000190734863,167000,0.0,0.0
2025-03-19 00:00:00-04:00,14.390000343322754,14.710000038146973,13.979999542236328,14.140000343322754,191800,0.0,0.0
2025-03-20 00:00:00-04:00,13.989999771118164,14.460000038146973,13.949999809265137,14.359999656677246,163700,0.0,0.0
2025-03-21 00:00:00-04:00,14.239999771118164,14.460000038146973,14.140000343322754,14.34000015258789,535100,0.0,0.0
2025-03-24 00:00:00-04:00,14.390000343322754,14.550000190734863,14.020000457763672,14.149999618530273,214500,0.0,0.0
2025-03-25 00:00:00-04:00,14.199999809265137,14.199999809265137,13.84000015258789,13.859999656677246,163600,0.0,0.0
2025-03-26 00:00:00-04:00,13.760000228881836,13.960000038146973,13.479999542236328,13.680000305175781,182500,0.0,0.0
2025-03-27 00:00:00-04:00,13.609999656677246,14.069999694824219,13.5,14.010000228881836,152300,0.0,0.0
2025-03-28 00:00:00-04:00,14.039999961853027,14.039999961853027,13.6899995803833,13.829999923706055,137700,0.0,0.0
2025-03-31 00:00:00-04:00,13.789999961853027,13.850000381469727,13.470000267028809,13.479999542236328,116300,0.0,0.0
2025-04-01 00:00:00-04:00,13.460000038146973,13.550000190734863,12.869999885559082,13.140000343322754,292100,0.0,0.0
2025-04-02 00:00:00-04:00,13.039999961853027,13.710000038146973,12.970000267028809,13.65999984741211,194100,0.0,0.0
2025-04-03 00:00:00-04:00,13.010000228881836,13.359999656677246,12.880000114440918,13.0600004196167,237700,0.0,0.0
2025-04-04 00:00:00-04:00,12.930000305175781,13.229999542236328,12.539999961853027,13.1899995803833,246500,0.0,0.0
2025-04-07 00:00:00-04:00,12.779999732971191,13.270000457763672,12.300000190734863,13.020000457763672,296000,0.0,0.0
2025-04-08 00:00:00-04:00,13.109999656677246,13.119999885559082,12.40999984741211,12.569999694824219,398300,0.0,0.0
2025-04-09 00:00:00-04:00,12.390000343322754,13.539999961853027,12.359999656677246,13.100000381469727,309000,0.0,0.0
2025-04-10 00:00:00-04:00,12.779999732971191,13.25,12.699999809265137,13.140000343322754,254300,0.0,0.0
2025-04-11 00:00:00-04:00,13.229999542236328,13.229999542236328,12.630000114440918,12.710000038146973,235400,0.0,0.0
2025-04-14 00:00:00-04:00,12.789999961853027,13.109999656677246,12.649999618530273,12.920000076293945,299900,0.0,0.0
2025-04-15 00:00:00-04:00,12.829999923706055,12.829999923706055,12.279999732971191,12.380000114440918,341700,0.0,0.0
2025-04-16 00:00:00-04:00,12.420000076293945,12.420000076293945,11.880000114440918,12.149999618530273,331300,0.0,0.0
2025-04-17 00:00:00-04:00,12.130000114440918,12.380000114440918,11.90999984741211,11.920000076293945,133400,0.0,0.0
2025-04-21 00:00:00-04:00,11.90999984741211,12.039999961853027,11.569999694824219,12.0,209300,0.0,0.0
2025-04-22 00:00:00-04:00,12.119999885559082,12.399999618530273,11.970000267028809,12.260000228881836,192400,0.0,0.0
2025-04-23 00:00:00-04:00,12.449999809265137,12.619999885559082,11.989999771118164,12.119999885559082,186100,0.0,0.0
2025-04-24 00:00:00-04:00,12.140000343322754,12.220000267028809,12.0,12.170000076293945,104400,0.0,0.0
2025-04-25 00:00:00-04:00,12.109999656677246,12.34000015258789,12.029999732971191,12.34000015258789,121300,0.0,0.0
2025-04-28 00:00:00-04:00,12.350000381469727,12.65999984741211,12.300000190734863,12.579999923706055,191700,0.0,0.0
2025-04-29 00:00:00-04:00,12.029999732971191,12.529999732971191,11.720000267028809,12.5,303500,0.0,0.0
2025-04-30 00:00:00-04:00,12.5,13.270000457763672,12.350000381469727,13.140000343322754,278000,0.0,0.0
2025-05-01 00:00:00-04:00,13.140000343322754,13.170000076293945,12.619999885559082,12.979999542236328,321300,0.0,0.0
2025-05-02 00:00:00-04:00,13.0,13.5,12.819999694824219,13.25,266300,0.0,0.0
2025-05-05 00:00:00-04:00,13.210000038146973,13.5,13.079999923706055,13.100000381469727,157400,0.0,0.0
2025-05-06 00:00:00-04:00,13.010000228881836,13.029999732971191,12.609999656677246,13.010000228881836,177300,0.0,0.0
2025-05-07 00:00:00-04:00,13.119999885559082,13.119999885559082,12.649999618530273,12.949999809265137,145400,0.0,0.0
2025-05-08 00:00:00-04:00,12.989999771118164,13.199999809265137,12.90999984741211,12.90999984741211,228200,0.0,0.0
2025-05-09 00:00:00-04:00,12.90999984741211,13.050000190734863,12.59000015258789,12.75,167400,0.0,0.0
2025-05-12 00:00:00-04:00,13.0600004196167,13.59000015258789,13.039999961853027,13.119999885559082,218100,0.0,0.0
2025-05-13 00:00:00-04:00,13.180000305175781,13.25,12.720000267028809,12.720000267028809,251800,0.0,0.0
2025-05-14 00:00:00-04:00,12.65999984741211,12.789999961853027,12.430000305175781,12.75,218400,0.0,0.0
2025-05-15 00:00:00-04:00,12.710000038146973,13.390000343322754,12.710000038146973,13.369999885559082,127500,0.0,0.0
2025-05-16 00:00:00-04:00,13.430000305175781,14.039999961853027,13.3100004196167,13.989999771118164,341000,0.0,0.0
2025-05-19 00:00:00-04:00,13.800000190734863,14.130000114440918,13.720000267028809,14.010000228881836,344700,0.0,0.0
2025-05-20 00:00:00-04:00,14.0,14.380000114440918,13.890000343322754,13.9399995803833,161300,0.0,0.0
2025-05-21 00:00:00-04:00,13.739999771118164,13.739999771118164,13.210000038146973,13.239999771118164,306000,0.0,0.0
2025-05-22 00:00:00-04:00,13.239999771118164,13.460000038146973,13.069999694824219,13.449999809265137,213700,0.0,0.0
2025-05-23 00:00:00-04:00,13.210000038146973,13.449999809265137,13.039999961853027,13.40999984741211,150500,0.0,0.0
2025-05-27 00:00:00-04:00,13.5,13.899999618530273,13.420000076293945,13.859999656677246,177000,0.0,0.0
2025-05-28 00:00:00-04:00,13.789999961853027,13.880000114440918,13.449999809265137,13.479999542236328,109200,0.0,0.0
2025-05-29 00:00:00-04:00,13.489999771118164,14.010000228881836,13.430000305175781,13.9399995803833,159700,0.0,0.0
2025-05-30 00:00:00-04:00,13.899999618530273,14.180000305175781,13.699999809265137,14.069999694824219,238600,0.0,0.0
2025-06-02 00:00:00-04:00,14.039999961853027,14.039999961853027,13.289999961853027,13.319999694824219,231900,0.0,0.0
2025-06-03 00:00:00-04:00,13.34000015258789,13.649999618530273,13.140000343322754,13.609999656677246,159800,0.0,0.0
2025-06-04 00:00:00-04:00,13.670000076293945,13.899999618530273,13.5,13.539999961853027,237400,0.0,0.0
2025-06-05 00:00:00-04:00,13.550000190734863,13.550000190734863,12.4399995803833,12.470000267028809,399400,0.0,0.0
2025-06-06 00:00:00-04:00,12.59000015258789,12.729999542236328,12.460000038146973,12.699999809265137,256800,0.0,0.0
2025-06-09 00:00:00-04:00,12.84000015258789,13.34000015258789,12.710000038146973,13.260000228881836,351700,0.0,0.0
2025-06-10 00:00:00-04:00,13.34000015258789,13.869999885559082,13.220000267028809,13.59000015258789,170300,0.0,0.0
2025-06-11 00:00:00-04:00,13.640000343322754,13.680000305175781,13.25,13.279999732971191,223500,0.0,0.0
2025-06-12 00:00:00-04:00,13.149999618530273,13.229999542236328,12.949999809265137,13.15999984741211,107900,0.0,0.0
2025-06-13 00:00:00-04:00,12.949999809265137,13.270000457763672,12.850000381469727,12.979999542236328,155700,0.0,0.0
2025-06-16 00:00:00-04:00,13.119999885559082,13.630000114440918,12.9399995803833,13.539999961853027,258400,0.0,0.0
2025-06-17 00:00:00-04:00,13.449999809265137,13.779999732971191,13.239999771118164,13.489999771118164,248300,0.0,0.0
2025-06-18 00:00:00-04:00,13.8100004196167,14.90999984741211,13.5600004196167,14.170000076293945,412500,0.0,0.0
2025-06-20 00:00:00-04:00,14.239999771118164,14.279999732971191,13.75,14.130000114440918,733800,0.0,0.0
2025-06-23 00:00:00-04:00,14.029999732971191,14.119999885559082,13.140000343322754,13.3100004196167,598400,0.0,0.0
2025-06-24 00:00:00-04:00,13.460000038146973,13.800000190734863,13.09000015258789,13.699999809265137,322800,0.0,0.0
2025-06-25 00:00:00-04:00,13.649999618530273,13.649999618530273,12.949999809265137,13.119999885559082,242000,0.0,0.0
2025-06-26 00:00:00-04:00,13.149999618530273,13.449999809265137,13.050000190734863,13.420000076293945,205200,0.0,0.0
2025-06-27 00:00:00-04:00,13.489999771118164,13.760000228881836,13.220000267028809,13.569999694824219,193900,0.0,0.0
2025-06-30 00:00:00-04:00,13.59000015258789,14.25,13.520000457763672,14.050000190734863,177500,0.0,0.0
2025-07-01 00:00:00-04:00,14.0,14.760000228881836,13.90999984741211,14.670000076293945,226500,0.0,0.0
2025-07-02 00:00:00-04:00,14.600000381469727,14.899999618530273,14.239999771118164,14.619999885559082,193500,0.0,0.0
2025-07-03 00:00:00-04:00,14.59000015258789,14.75,14.470000267028809,14.579999923706055,104800,0.0,0.0
2025-07-07 00:00:00-04:00,14.539999961853027,14.640000343322754,14.229999542236328,14.640000343322754,173300,0.0,0.0
2025-07-08 00:00:00-04:00,14.699999809265137,15.329999923706055,14.619999885559082,15.220000267028809,249200,0.0,0.0
2025-07-09 00:00:00-04:00,15.319999694824219,15.319999694824219,14.779999732971191,15.149999618530273,135100,0.0,0.0
2025-07-10 00:00:00-04:00,15.15999984741211,15.460000038146973,14.649999618530273,14.680000305175781,153700,0.0,0.0
2025-07-11 00:00:00-04:00,14.5,14.680000305175781,14.390000343322754,14.399999618530273,150300,0.0,0.0
2025-07-14 00:00:00-04:00,14.380000114440918,14.399999618530273,14.039999961853027,14.34000015258789,195600,0.0,0.0
2025-07-15 00:00:00-04:00,14.34000015258789,14.34000015258789,13.6899995803833,13.6899995803833,251400,0.0,0.0
2025-07-16 00:00:00-04:00,13.760000228881836,13.850000381469727,13.390000343322754,13.569999694824219,256100,0.0,0.0
2025-07-17 00:00:00-04:00,13.609999656677246,13.84000015258789,13.380000114440918,13.4399995803833,336200,0.0,0.0
2025-07-18 00:00:00-04:00,13.510000228881836,13.630000114440918,13.180000305175781,13.239999771118164,179400,0.0,0.0
2025-07-21 00:00:00-04:00,13.25,14.050000190734863,13.25,13.789999961853027,341000,0.0,0.0
2025-07-22 00:00:00-04:00,13.960000038146973,14.649999618530273,13.949999809265137,14.489999771118164,190400,0.0,0.0
2025-07-23 00:00:00-04:00,14.649999618530273,15.369999885559082,14.569999694824219,15.210000038146973,250700,0.0,0.0
2025-07-24 00:00:00-04:00,15.140000343322754,15.3100004196167,14.930000305175781,15.109999656677246,264300,0.0,0.0
2025-07-25 00:00:00-04:00,15.199999809265137,15.199999809265137,14.710000038146973,14.899999618530273,200800,0.0,0.0
2025-07-28 00:00:00-04:00,14.920000076293945,15.100000381469727,14.539999961853027,14.539999961853027,164100,0.0,0.0
2025-07-29 00:00:00-04:00,14.539999961853027,14.630000114440918,14.260000228881836,14.319999694824219,157600,0.0,0.0
2025-07-30 00:00:00-04:00,14.319999694824219,14.5,13.859999656677246,14.020000457763672,132600,0.0,0.0
2025-07-31 00:00:00-04:00,13.869999885559082,14.069999694824219,13.739999771118164,13.770000457763672,157900,0.0,0.0
2025-08-01 00:00:00-04:00,13.729999542236328,13.880000114440918,13.390000343322754,13.75,201900,0.0,0.0
2025-08-04 00:00:00-04:00,13.670000076293945,13.850000381469727,13.460000038146973,13.510000228881836,145100,0.0,0.0
2025-08-05 00:00:00-04:00,13.510000228881836,15.109999656677246,13.0,13.069999694824219,491500,0.0,0.0
2025-08-06 00:00:00-04:00,13.069999694824219,13.100000381469727,12.640000343322754,12.960000038146973,233200,0.0,0.0
2025-08-07 00:00:00-04:00,13.0600004196167,13.34000015258789,12.6899995803833,12.739999771118164,270500,0.0,0.0
2025-08-08 00:00:00-04:00,12.739999771118164,13.15999984741211,12.699999809265137,12.850000381469727,157600,0.0,0.0
2025-08-11 00:00:00-04:00,12.920000076293945,13.15999984741211,12.739999771118164,12.829999923706055,144300,0.0,0.0
2025-08-12 00:00:00-04:00,12.899999618530273,13.390000343322754,12.850000381469727,13.1899995803833,159700,0.0,0.0
2025-08-13 00:00:00-04:00,13.220000267028809,13.84000015258789,13.220000267028809,13.699999809265137,156600,0.0,0.0
2025-08-14 00:00:00-04:00,13.40999984741211,13.479999542236328,12.899999618530273,13.029999732971191,192500,0.0,0.0
2025-08-15 00:00:00-04:00,13.140000343322754,13.40999984741211,13.010000228881836,13.1899995803833,144100,0.0,0.0
2025-08-18 00:00:00-04:00,13.3100004196167,13.609999656677246,13.270000457763672,13.380000114440918,249500,0.0,0.0
2025-08-19 00:00:00-04:00,13.369999885559082,14.25,13.369999885559082,14.149999618530273,275400,0.0,0.0
2025-08-20 00:00:00-04:00,14.130000114440918,14.260000228881836,13.619999885559082,13.649999618530273,176300,0.0,0.0
2025-08-21 00:00:00-04:00,13.600000381469727,13.789999961853027,13.40999984741211,13.569999694824219,119000,0.0,0.0
2025-08-22 00:00:00-04:00,13.670000076293945,14.420000076293945,13.670000076293945,14.289999961853027,224200,0.0,0.0
2025-08-25 00:00:00-04:00,14.1899995803833,14.399999618530273,13.979999542236328,14.09000015258789,227800,0.0,0.0
2025-08-26 00:00:00-04:00,14.069999694824219,14.069999694824219,13.640000343322754,13.970000267028809,236900,0.0,0.0
2025-08-27 00:00:00-04:00,13.920000076293945,14.319999694824219,13.880000114440918,14.260000228881836,90300,0.0,0.0
2025-08-28 00:00:00-04:00,14.289999961853027,14.289999961853027,13.8100004196167,14.020000457763672,149100,0.0,0.0
2025-08-29 00:00:00-04:00,14.010000228881836,14.260000228881836,13.899999618530273,14.029999732971191,118900,0.0,0.0
2025-09-02 00:00:00-04:00,14.0,14.0,13.710000038146973,13.920000076293945,119300,0.0,0.0
2025-09-03 00:00:00-04:00,13.979999542236328,14.239999771118164,13.850000381469727,13.960000038146973,136900,0.0,0.0
2025-09-04 00:00:00-04:00,14.010000228881836,14.109999656677246,13.8100004196167,13.850000381469727,107000,0.0,0.0
2025-09-05 00:00:00-04:00,13.869999885559082,14.079999923706055,13.4399995803833,13.550000190734863,143300,0.0,0.0
2025-09-08 00:00:00-04:00,13.640000343322754,13.90999984741211,13.369999885559082,13.819999694824219,187100,0.0,0.0
2025-09-09 00:00:00-04:00,13.800000190734863,13.979999542236328,13.600000381469727,13.800000190734863,114300,0.0,0.0
2025-09-10 00:00:00-04:00,13.739999771118164,13.869999885559082,13.619999885559082,13.8100004196167,94300,0.0,0.0
2025-09-11 00:00:00-04:00,13.800000190734863,14.100000381469727,13.800000190734863,13.920000076293945,131600,0.0,0.0
2025-09-12 00:00:00-04:00,13.880000114440918,14.0600004196167,13.739999771118164,13.970000267028809,121000,0.0,0.0
2025-09-15 00:00:00-04:00,14.0600004196167,14.229999542236328,13.84000015258789,14.220000267028809,115000,0.0,0.0
2025-09-16 00:00:00-04:00,14.239999771118164,14.399999618530273,14.0600004196167,14.359999656677246,106200,0.0,0.0
2025-09-17 00:00:00-04:00,14.449999809265137,14.600000381469727,14.0600004196167,14.130000114440918,117000,0.0,0.0
2025-09-18 00:00:00-04:00,14.210000038146973,14.670000076293945,14.1899995803833,14.569999694824219,141100,0.0,0.0
2025-09-19 00:00:00-04:00,14.65999984741211,14.65999984741211,14.180000305175781,14.350000381469727,354300,0.0,0.0
2025-09-22 00:00:00-04:00,14.260000228881836,14.569999694824219,14.020000457763672,14.319999694824219,225000,0.0,0.0
2025-09-23 00:00:00-04:00,14.4399995803833,14.649999618530273,13.930000305175781,14.0600004196167,258400,0.0,0.0
2025-09-24 00:00:00-04:00,14.180000305175781,14.300000190734863,13.819999694824219,13.829999923706055,140100,0.0,0.0
2025-09-25 00:00:00-04:00,13.819999694824219,13.850000381469727,13.550000190734863,13.649999618530273,134100,0.0,0.0
2025-09-26 00:00:00-04:00,13.6899995803833,13.789999961853027,13.5600004196167,13.710000038146973,99500,0.0,0.0
2025-09-29 00:00:00-04:00,13.710000038146973,13.920000076293945,13.59000015258789,13.84000015258789,124300,0.0,0.0
2025-09-30 00:00:00-04:00,13.770000457763672,13.899999618530273,13.569999694824219,13.670000076293945,107300,0.0,0.0
2025-10-01 00:00:00-04:00,13.609999656677246,13.75,13.420000076293945,13.569999694824219,139600,0.0,0.0
2025-10-02 00:00:00-04:00,13.510000228881836,13.710000038146973,13.4399995803833,13.670000076293945,108300,0.0,0.0
2025-10-03 00:00:00-04:00,13.680000305175781,14.0600004196167,13.680000305175781,13.989999771118164,148000,0.0,0.0
2025-10-06 00:00:00-04:00,13.979999542236328,14.050000190734863,13.699999809265137,13.949999809265137,107600,0.0,0.0
2025-10-07 00:00:00-04:00,13.989999771118164,14.0600004196167,13.800000190734863,13.859999656677246,91100,0.0,0.0
2025-10-08 00:00:00-04:00,13.880000114440918,14.119999885559082,13.779999732971191,14.020000457763672,110200,0.0,0.0
2025-10-09 00:00:00-04:00,14.039999961853027,14.149999618530273,13.770000457763672,14.029999732971191,120900,0.0,0.0
2025-10-10 00:00:00-04:00,13.960000038146973,14.0600004196167,13.25,13.270000457763672,131400,0.0,0.0
2025-10-13 00:00:00-04:00,13.359999656677246,13.600000381469727,13.15999984741211,13.260000228881836,150600,0.0,0.0
2025-10-14 00:00:00-04:00,13.1899995803833,13.40999984741211,13.020000457763672,13.270000457763672,107100,0.0,0.0
2025-10-15 00:00:00-04:00,13.300000190734863,13.479999542236328,13.069999694824219,13.170000076293945,135300,0.0,0.0
2025-10-16 00:00:00-04:00,13.34000015258789,13.390000343322754,12.800000190734863,12.859999656677246,138300,0.0,0.0
2025-10-17 00:00:00-04:00,12.850000381469727,13.119999885559082,12.8100004196167,12.920000076293945,150600,0.0,0.0
2025-10-20 00:00:00-04:00,12.949999809265137,13.579999923706055,12.600000381469727,12.720000267028809,222800,0.0,0.0
2025-10-21 00:00:00-04:00,12.630000114440918,13.170000076293945,12.5600004196167,12.869999885559082,138100,0.0,0.0
2025-10-22 00:00:00-04:00,12.850000381469727,13.050000190734863,12.529999732971191,12.640000343322754,147800,0.0,0.0
2025-10-23 00:00:00-04:00,12.770000457763672,12.789999961853027,12.170000076293945,12.479999542236328,300200,0.0,0.0
2025-10-24 00:00:00-04:00,12.579999923706055,12.710000038146973,12.420000076293945,12.539999961853027,184200,0.0,0.0
2025-10-27 00:00:00-04:00,12.520000457763672,13.079999923706055,12.520000457763672,12.720000267028809,178800,0.0,0.0
2025-10-28 00:00:00-04:00,12.8100004196167,12.859999656677246,12.449999809265137,12.729999542236328,82700,0.0,0.0
2025-10-29 00:00:00-04:00,12.680000305175781,12.680000305175781,12.119999885559082,12.180000305175781,154500,0.0,0.0
2025-10-30 00:00:00-04:00,12.100000381469727,12.329999923706055,12.09000015258789,12.140000343322754,230000,0.0,0.0
2025-10-31 00:00:00-04:00,12.079999923706055,12.300000190734863,11.920000076293945,12.020000457763672,156400,0.0,0.0
2025-11-03 00:00:00-05:00,11.960000038146973,12.199999809265137,11.8100004196167,11.880000114440918,175600,0.0,0.0
2025-11-04 00:00:00-05:00,11.470000267028809,12.369999885559082,11.25,11.979999542236328,185800,0.0,0.0
2025-11-05 00:00:00-05:00,11.970000267028809,12.399999618530273,11.720000267028809,12.180000305175781,256900,0.0,0.0
2025-11-06 00:00:00-05:00,12.180000305175781,12.380000114440918,11.789999961853027,11.800000190734863,283000,0.0,0.0
2025-11-07 00:00:00-05:00,11.819999694824219,12.010000228881836,11.720000267028809,11.930000305175781,191300,0.0,0.0
2025-11-10 00:00:00-05:00,11.979999542236328,12.1899995803833,11.720000267028809,11.789999961853027,182300,0.0,0.0
2025-11-11 00:00:00-05:00,11.829999923706055,11.970000267028809,11.619999885559082,11.649999618530273,161700,0.0,0.0
2025-11-12 00:00:00-05:00,11.699999809265137,11.930000305175781,11.579999923706055,11.630000114440918,146900,0.0,0.0
2025-11-13 00:00:00-05:00,11.579999923706055,11.710000038146973,11.3100004196167,11.460000038146973,110400,0.0,0.0
2025-11-14 00:00:00-05:00,11.329999923706055,11.479999542236328,11.270000457763672,11.380000114440918,113400,0.0,0.0
2025-11-17 00:00:00-05:00,11.319999694824219,11.4399995803833,11.079999923706055,11.100000381469727,313800,0.0,0.0
2025-11-18 00:00:00-05:00,11.010000228881836,11.279999732971191,10.9399995803833,11.180000305175781,249400,0.0,0.0
2025-11-19 00:00:00-05:00,11.270000457763672,11.270000457763672,10.739999771118164,10.770000457763672,175700,0.0,0.0
2025-11-20 00:00:00-05:00,10.800000190734863,10.979999542236328,10.359999656677246,10.420000076293945,308400,0.0,0.0
2025-11-21 00:00:00-05:00,10.479999542236328,10.779999732971191,10.460000038146973,10.680000305175781,202700,0.0,0.0
2025-11-24 00:00:00-05:00,10.640000343322754,10.6899995803833,10.449999809265137,10.59000015258789,253700,0.0,0.0
2025-11-25 00:00:00-05:00,10.680000305175781,10.960000038146973,10.680000305175781,10.90999984741211,254100,0.0,0.0
2025-11-26 00:00:00-05:00,10.880000114440918,11.0600004196167,10.859999656677246,10.970000267028809,153600,0.0,0.0
2025-11-28 00:00:00-05:00,11.050000190734863,11.100000381469727,10.9399995803833,10.970000267028809,64000,0.0,0.0
2025-12-01 00:00:00-05:00,10.90999984741211,10.989999771118164,10.699999809265137,10.739999771118164,205600,0.0,0.0
2025-12-02 00:00:00-05:00,10.729999542236328,11.050000190734863,10.670000076293945,10.989999771118164,278800,0.0,0.0
2025-12-03 00:00:00-05:00,11.020000457763672,11.119999885559082,10.890000343322754,11.010000228881836,138200,0.0,0.0
2025-12-04 00:00:00-05:00,11.050000190734863,11.09000015258789,10.720000267028809,10.859999656677246,313000,0.0,0.0
2025-12-05 00:00:00-05:00,10.789999961853027,11.100000381469727,10.789999961853027,10.880000114440918,219100,0.0,0.0
2025-12-08 00:00:00-05:00,10.920000076293945,11.399999618530273,10.859999656677246,11.359999656677246,198300,0.0,0.0
2025-12-09 00:00:00-05:00,11.420000076293945,11.600000381469727,11.220000267028809,11.300000190734863,279900,0.0,0.0
2025-12-10 00:00:00-05:00,11.3100004196167,11.8100004196167,11.239999771118164,11.65999984741211,209900,0.0,0.0
2025-12-11 00:00:00-05:00,11.65999984741211,11.920000076293945,11.619999885559082,11.829999923706055,269900,0.0,0.0
2025-12-12 00:00:00-05:00,11.920000076293945,12.470000267028809,11.869999885559082,12.359999656677246,564800,0.0,0.0
2025-12-15 00:00:00-05:00,12.390000343322754,12.390000343322754,11.869999885559082,12.0,371800,0.0,0.0
2025-12-16 00:00:00-05:00,12.039999961853027,12.149999618530273,11.949999809265137,12.029999732971191,237600,0.0,0.0
2025-12-17 00:00:00-05:00,12.039999961853027,12.3100004196167,12.039999961853027,12.180000305175781,264000,0.0,0.0
2025-12-18 00:00:00-05:00,12.229999542236328,12.399999618530273,11.90999984741211,12.029999732971191,326200,0.0,0.0
2025-12-19 00:00:00-05:00,11.989999771118164,12.149999618530273,11.710000038146973,11.850000381469727,770900,0.0,0.0
2025-12-22 00:00:00-05:00,11.729999542236328,11.829999923706055,11.170000076293945,11.329999923706055,456600,0.0,0.0
2025-12-23 00:00:00-05:00,11.319999694824219,11.40999984741211,11.069999694824219,11.149999618530273,197100,0.0,0.0
2025-12-24 00:00:00-05:00,11.119999885559082,11.319999694824219,11.119999885559082,11.279999732971191,113000,0.0,0.0
2025-12-26 00:00:00-05:00,11.3100004196167,11.369999885559082,11.020000457763672,11.039999961853027,336000,0.0,0.0
2025-12-29 00:00:00-05:00,11.0,11.140000343322754,10.529999732971191,10.539999961853027,264400,0.0,0.0
2025-12-30 00:00:00-05:00,10.510000228881836,10.640000343322754,10.4399995803833,10.539999961853027,242300,0.0,0.0
2025-12-31 00:00:00-05:00,10.5,10.6899995803833,10.479999542236328,10.680000305175781,187400,0.0,0.0
2026-01-02 00:00:00-05:00,10.6899995803833,10.779999732971191,10.34000015258789,10.399999618530273,160800,0.0,0.0
2026-01-05 00:00:00-05:00,10.1899995803833,10.970000267028809,10.100000381469727,10.949999809265137,399700,0.0,0.0
2026-01-06 00:00:00-05:00,10.930000305175781,11.140000343322754,10.770000457763672,10.829999923706055,525200,0.0,0.0
2026-01-07 00:00:00-05:00,10.880000114440918,10.880000114440918,10.5,10.6899995803833,196900,0.0,0.0
2026-01-08 00:00:00-05:00,10.619999885559082,11.260000228881836,10.619999885559082,11.029999732971191,186700,0.0,0.0
2026-01-09 00:00:00-05:00,11.069999694824219,11.470000267028809,10.9399995803833,11.420000076293945,290900,0.0,0.0
2026-01-12 00:00:00-05:00,11.4399995803833,11.760000228881836,11.319999694824219,11.6899995803833,204000,0.0,0.0
2026-01-13 00:00:00-05:00,11.710000038146973,11.850000381469727,11.609999656677246,11.800000190734863,199400,0.0,0.0
2026-01-14 00:00:00-05:00,11.8100004196167,12.020000457763672,11.65999984741211,11.680000305175781,170500,0.0,0.0
2026-01-15 00:00:00-05:00,11.829999923706055,11.899999618530273,11.579999923706055,11.829999923706055,253700,0.0,0.0
2026-01-16 00:00:00-05:00,11.789999961853027,11.859999656677246,11.680000305175781,11.819999694824219,212200,0.0,0.0
2026-01-20 00:00:00-05:00,11.720000267028809,11.789999961853027,11.579999923706055,11.65999984741211,136400,0.0,0.0
2026-01-21 00:00:00-05:00,11.699999809265137,11.960000038146973,11.529999732971191,11.800000190734863,234700,0.0,0.0
2026-01-22 00:00:00-05:00,11.84000015258789,11.970000267028809,11.539999961853027,11.699999809265137,164500,0.0,0.0
2026-01-23 00:00:00-05:00,11.699999809265137,12.100000381469727,11.609999656677246,12.050000190734863,169400,0.0,0.0
2026-01-26 00:00:00-05:00,12.100000381469727,12.140000343322754,11.739999771118164,12.0,154800,0.0,0.0
2026-01-27 00:00:00-05:00,11.989999771118164,12.0,11.279999732971191,11.460000038146973,332100,0.0,0.0
2026-01-28 00:00:00-05:00,11.449999809265137,11.75,11.170000076293945,11.1899995803833,217900,0.0,0.0
2026-01-29 00:00:00-05:00,11.170000076293945,11.239999771118164,11.029999732971191,11.149999618530273,135200,0.0,0.0
2026-01-30 00:00:00-05:00,11.050000190734863,11.510000228881836,10.949999809265137,11.4399995803833,298200,0.0,0.0
2026-02-02 00:00:00-05:00,11.3100004196167,11.90999984741211,11.3100004196167,11.5,363500,0.0,0.0
2026-02-03 00:00:00-05:00,11.479999542236328,11.579999923706055,10.949999809265137,11.010000228881836,182300,0.0,0.0
2026-02-04 00:00:00-05:00,11.15999984741211,11.239999771118164,10.9399995803833,11.140000343322754,188000,0.0,0.0
2026-02-05 00:00:00-05:00,11.210000038146973,11.3100004196167,10.8100004196167,10.829999923706055,208400,0.0,0.0
2026-02-06 00:00:00-05:00,10.819999694824219,11.609999656677246,10.819999694824219,11.359999656677246,368600,0.0,0.0
2026-02-09 00:00:00-05:00,11.319999694824219,11.470000267028809,11.149999618530273,11.300000190734863,131000,0.0,0.0
2026-02-10 00:00:00-05:00,11.34000015258789,11.579999923706055,11.140000343322754,11.140000343322754,182100,0.0,0.0
2026-02-11 00:00:00-05:00,11.149999618530273,11.149999618530273,10.800000190734863,10.850000381469727,208300,0.0,0.0
2026-02-12 00:00:00-05:00,10.869999885559082,10.930000305175781,10.670000076293945,10.8100004196167,157500,0.0,0.0
2026-02-13 00:00:00-05:00,10.989999771118164,11.239999771118164,10.75,10.770000457763672,124500,0.0,0.0
2026-02-17 00:00:00-05:00,10.779999732971191,10.84000015258789,10.5600004196167,10.800000190734863,176100,0.0,0.0
2026-02-18 00:00:00-05:00,10.5,11.050000190734863,10.149999618530273,10.710000038146973,455900,0.0,0.0
2026-02-19 00:00:00-05:00,10.5,10.65999984741211,10.100000381469727,10.619999885559082,811400,0.0,0.0
2026-02-20 00:00:00-05:00,10.640000343322754,10.720000267028809,10.420000076293945,10.630000114440918,235600,0.0,0.0
2026-02-23 00:00:00-05:00,10.609999656677246,10.739999771118164,10.350000381469727,10.600000381469727,260500,0.0,0.0
2026-02-24 00:00:00-05:00,10.619999885559082,10.789999961853027,10.430000305175781,10.479999542236328,255600,0.0,0.0
2026-02-25 00:00:00-05:00,10.40999984741211,10.680000305175781,10.279999732971191,10.649999618530273,150700,0.0,0.0
2026-02-26 00:00:00-05:00,10.59000015258789,10.770000457763672,10.34000015258789,10.430000305175781,466000,0.0,0.0
2026-02-27 00:00:00-05:00,10.430000305175781,10.579999923706055,10.369999885559082,10.529999732971191,124200,0.0,0.0
2026-03-02 00:00:00-05:00,10.34000015258789,10.550000190734863,10.25,10.4399995803833,153800,0.0,0.0
2026-03-03 00:00:00-05:00,10.25,10.470000267028809,10.180000305175781,10.460000038146973,191800,0.0,0.0
2026-03-04 00:00:00-05:00,10.5600004196167,10.75,10.359999656677246,10.710000038146973,150800,0.0,0.0
2026-03-05 00:00:00-05:00,10.640000343322754,10.869999885559082,10.630000114440918,10.800000190734863,191700,0.0,0.0
2026-03-06 00:00:00-05:00,10.630000114440918,10.800000190734863,10.5,10.770000457763672,138300,0.0,0.0
2026-03-09 00:00:00-04:00,10.630000114440918,10.819999694824219,10.359999656677246,10.670000076293945,301700,0.0,0.0
2026-03-10 00:00:00-04:00,10.579999923706055,10.869999885559082,10.520000457763672,10.729999542236328,163200,0.0,0.0
2026-03-11 00:00:00-04:00,10.729999542236328,10.859999656677246,10.039999961853027,10.119999885559082,571400,0.0,0.0
2026-03-12 00:00:00-04:00,10.020000457763672,10.050000190734863,9.4399995803833,9.529999732971191,423200,0.0,0.0
2026-03-13 00:00:00-04:00,9.529999732971191,9.65999984741211,9.220000267028809,9.619999885559082,447200,0.0,0.0
2026-03-16 00:00:00-04:00,9.779999732971191,10.140000343322754,9.649999618530273,10.050000190734863,304300,0.0,0.0
2026-03-17 00:00:00-04:00,10.079999923706055,10.180000305175781,10.010000228881836,10.050000190734863,274600,0.0,0.0
2026-03-18 00:00:00-04:00,9.949999809265137,10.140000343322754,9.779999732971191,10.100000381469727,184900,0.0,0.0
2026-03-19 00:00:00-04:00,10.050000190734863,10.1899995803833,9.970000267028809,10.069999694824219,172900,0.0,0.0
2026-03-20 00:00:00-04:00,10.199999809265137,10.300000190734863,9.84000015258789,10.0,701400,0.0,0.0
2026-03-23 00:00:00-04:00,10.130000114440918,10.199999809265137,9.760000228881836,10.100000381469727,431100,0.0,0.0
2026-03-24 00:00:00-04:00,10.0,10.149999618530273,9.550000190734863,9.59000015258789,195500,0.0,0.0
2026-03-25 00:00:00-04:00,9.680000305175781,9.710000038146973,9.449999809265137,9.59000015258789,243100,0.0,0.0
2026-03-26 00:00:00-04:00,9.539999961853027,9.770000457763672,9.489999771118164,9.630000114440918,241400,0.0,0.0
2026-03-27 00:00:00-04:00,9.579999923706055,9.8100004196167,9.5,9.75,294400,0.0,0.0
2026-03-30 00:00:00-04:00,10.170000076293945,10.220000267028809,9.90999984741211,9.989999771118164,389500,0.0,0.0
2026-03-31 00:00:00-04:00,10.0,10.239999771118164,9.930000305175781,10.1899995803833,170100,0.0,0.0
2026-04-01 00:00:00-04:00,10.199999809265137,10.220000267028809,10.0600004196167,10.100000381469727,137000,0.0,0.0
2026-04-02 00:00:00-04:00,10.0600004196167,10.359999656677246,10.0,10.359999656677246,159700,0.0,0.0
2026-04-06 00:00:00-04:00,10.319999694824219,10.569999694824219,10.270000457763672,10.520000457763672,163400,0.0,0.0
2026-04-07 00:00:00-04:00,10.369999885559082,10.380000114440918,10.09000015258789,10.199999809265137,195600,0.0,0.0
2026-04-08 00:00:00-04:00,10.460000038146973,10.460000038146973,10.0600004196167,10.220000267028809,199400,0.0,0.0
2026-04-09 00:00:00-04:00,10.119999885559082,10.270000457763672,10.100000381469727,10.210000038146973,225700,0.0,0.0
2026-04-10 00:00:00-04:00,10.170000076293945,10.170000076293945,9.949999809265137,10.0600004196167,164900,0.0,0.0
2026-04-13 00:00:00-04:00,10.020000457763672,10.640000343322754,9.989999771118164,10.630000114440918,451800,0.0,0.0
2026-04-14 00:00:00-04:00,10.649999618530273,11.0600004196167,10.619999885559082,10.880000114440918,458000,0.0,0.0
2026-04-15 00:00:00-04:00,10.770000457763672,10.899999618530273,10.760000228881836,10.850000381469727,172700,0.0,0.0
2026-04-16 00:00:00-04:00,10.8100004196167,10.890000343322754,10.699999809265137,10.869999885559082,202800,0.0,0.0
2026-04-17 00:00:00-04:00,10.960000038146973,11.0,10.819999694824219,10.960000038146973,175000,0.0,0.0
2026-04-20 00:00:00-04:00,10.850000381469727,11.069999694824219,10.789999961853027,10.920000076293945,205100,0.0,0.0
2026-04-21 00:00:00-04:00,10.869999885559082,11.069999694824219,10.859999656677246,11.050000190734863,167800,0.0,0.0
2026-04-22 00:00:00-04:00,11.069999694824219,11.079999923706055,10.819999694824219,10.949999809265137,146100,0.0,0.0
2026-04-23 00:00:00-04:00,10.989999771118164,11.050000190734863,10.869999885559082,10.979999542236328,148700,0.0,0.0
2026-04-24 00:00:00-04:00,10.949999809265137,11.149999618530273,10.880000114440918,11.149999618530273,102600,0.0,0.0
2026-04-27 00:00:00-04:00,11.140000343322754,11.140000343322754,10.720000267028809,10.760000228881836,147100,0.0,0.0
2026-04-28 00:00:00-04:00,10.770000457763672,10.9399995803833,10.619999885559082,10.8100004196167,130800,0.0,0.0
2026-04-29 00:00:00-04:00,10.729999542236328,10.949999809265137,10.579999923706055,10.920000076293945,145700,0.0,0.0
2026-04-30 00:00:00-04:00,10.890000343322754,11.039999961853027,10.789999961853027,10.869999885559082,122600,0.0,0.0
2026-05-01 00:00:00-04:00,10.920000076293945,11.140000343322754,10.890000343322754,10.90999984741211,101000,0.0,0.0
2026-05-04 00:00:00-04:00,10.84000015258789,10.84000015258789,10.5600004196167,10.630000114440918,150500,0.0,0.0
2026-05-05 00:00:00-04:00,10.0,13.430000305175781,9.920000076293945,13.020000457763672,834100,0.0,0.0
2026-05-06 00:00:00-04:00,13.1899995803833,13.210000038146973,12.359999656677246,12.6899995803833,302500,0.0,0.0
2026-05-07 00:00:00-04:00,12.65999984741211,12.899999618530273,12.5,12.6899995803833,193600,0.0,0.0
2026-05-08 00:00:00-04:00,12.670000076293945,12.8100004196167,12.430000305175781,12.59000015258789,112200,0.0,0.0
2026-05-11 00:00:00-04:00,12.510000228881836,12.760000228881836,12.130000114440918,12.399999618530273,183000,0.0,0.0
2026-05-12 00:00:00-04:00,12.3100004196167,12.819999694824219,12.149999618530273,12.569999694824219,170200,0.0,0.0
2026-05-13 00:00:00-04:00,12.770000457763672,12.789999961853027,12.470000267028809,12.479999542236328,250800,0.0,0.0
2026-05-14 00:00:00-04:00,12.569999694824219,12.770000457763672,12.369999885559082,12.59000015258789,143900,0.0,0.0
2026-05-15 00:00:00-04:00,12.59000015258789,12.710000038146973,12.270000457763672,12.479999542236328,135100,0.0,0.0
2026-05-18 00:00:00-04:00,12.649999618530273,12.8100004196167,12.390000343322754,12.449999809265137,173900,0.0,0.0
2026-05-19 00:00:00-04:00,12.380000114440918,12.65999984741211,12.25,12.59000015258789,146800,0.0,0.0
2026-05-20 00:00:00-04:00,12.489999771118164,12.6899995803833,12.239999771118164,12.600000381469727,148900,0.0,0.0
2026-05-21 00:00:00-04:00,12.470000267028809,12.75,12.274999618530273,12.630000114440918,181867,0.0,0.0
