Date,Open,High,Low,Close,Volume,Dividends,Stock Splits
2022-01-03 00:00:00-05:00,17.329999923706055,18.030000686645508,17.25,17.729999542236328,5511600,0.0,0.0
2022-01-04 00:00:00-05:00,17.739999771118164,18.540000915527344,17.719999313354492,18.06999969482422,6771200,0.0,0.0
2022-01-05 00:00:00-05:00,18.280000686645508,18.75,17.260000228881836,17.31999969482422,8219900,0.0,0.0
2022-01-06 00:00:00-05:00,17.889999389648438,18.459999084472656,17.329999923706055,18.280000686645508,6726300,0.0,0.0
2022-01-07 00:00:00-05:00,18.360000610351562,18.81999969482422,18.18000030517578,18.440000534057617,4932100,0.0,0.0
2022-01-10 00:00:00-05:00,19.1299991607666,19.5,18.520000457763672,19.260000228881836,8133700,0.0,0.0
2022-01-11 00:00:00-05:00,19.100000381469727,19.530000686645508,18.40999984741211,19.34000015258789,9323000,0.0,0.0
2022-01-12 00:00:00-05:00,19.670000076293945,20.899999618530273,19.540000915527344,20.760000228881836,10344500,0.0,0.0
2022-01-13 00:00:00-05:00,20.270000457763672,20.739999771118164,19.84000015258789,19.940000534057617,6166400,0.0,0.0
2022-01-14 00:00:00-05:00,19.75,20.139999389648438,19.649999618530273,20.030000686645508,5302400,0.0,0.0
2022-01-18 00:00:00-05:00,20.280000686645508,20.389999389648438,19.200000762939453,19.219999313354492,7605500,0.0,0.0
2022-01-19 00:00:00-05:00,19.200000762939453,19.40999984741211,18.690000534057617,18.739999771118164,5606800,0.0,0.0
2022-01-20 00:00:00-05:00,18.440000534057617,18.860000610351562,17.450000762939453,17.469999313354492,8458600,0.0,0.0
2022-01-21 00:00:00-05:00,17.459999084472656,17.649999618530273,16.790000915527344,16.969999313354492,10950800,0.0,0.0
2022-01-24 00:00:00-05:00,16.5,17.639999389648438,15.979999542236328,17.610000610351562,11229400,0.0,0.0
2022-01-25 00:00:00-05:00,17.170000076293945,18.43000030517578,16.969999313354492,18.229999542236328,8387400,0.0,0.0
2022-01-26 00:00:00-05:00,18.829999923706055,19.399999618530273,18.170000076293945,18.389999389648438,7905600,0.0,0.0
2022-01-27 00:00:00-05:00,18.989999771118164,19.030000686645508,17.610000610351562,18.530000686645508,11618000,0.0,0.0
2022-01-28 00:00:00-05:00,19.040000915527344,19.829999923706055,18.6200008392334,19.6200008392334,10397100,0.0,0.0
2022-01-31 00:00:00-05:00,19.600000381469727,19.899999618530273,19.1200008392334,19.530000686645508,8361500,0.0,0.0
2022-02-01 00:00:00-05:00,19.3700008392334,20.790000915527344,19.110000610351562,20.09000015258789,13239900,0.0,0.0
2022-02-02 00:00:00-05:00,20.56999969482422,22.030000686645508,20.149999618530273,21.90999984741211,14177200,0.0,0.0
2022-02-03 00:00:00-05:00,20.81999969482422,21.59000015258789,20.760000228881836,20.889999389648438,8430000,0.0,0.0
2022-02-04 00:00:00-05:00,20.8700008392334,21.690000534057617,20.65999984741211,20.940000534057617,7451700,0.0,0.0
2022-02-07 00:00:00-05:00,20.6299991607666,20.899999618530273,20.079999923706055,20.43000030517578,6761300,0.0,0.0
2022-02-08 00:00:00-05:00,20.43000030517578,20.43000030517578,19.520000457763672,19.709999084472656,7819600,0.0,0.0
2022-02-09 00:00:00-05:00,19.459999084472656,19.75,19.1299991607666,19.309999465942383,7766700,0.0,0.0
2022-02-10 00:00:00-05:00,19.010000228881836,20.149999618530273,18.940000534057617,19.510000228881836,10098100,0.0,0.0
2022-02-11 00:00:00-05:00,19.549999237060547,20.280000686645508,19.399999618530273,20.15999984741211,7688700,0.0,0.0
2022-02-14 00:00:00-05:00,20.209999084472656,20.559999465942383,19.809999465942383,20.139999389648438,8419000,0.0,0.0
2022-02-15 00:00:00-05:00,19.81999969482422,20.459999084472656,19.520000457763672,20.450000762939453,7912800,0.0,0.0
2022-02-16 00:00:00-05:00,20.770000457763672,21.25,19.8799991607666,20.219999313354492,9253200,0.0,0.0
2022-02-17 00:00:00-05:00,20.31999969482422,21.309999465942383,19.3799991607666,20.75,13279700,0.0,0.0
2022-02-18 00:00:00-05:00,20.520000457763672,22.360000610351562,20.399999618530273,21.68000030517578,11789900,0.0,0.0
2022-02-22 00:00:00-05:00,22.5,22.639999389648438,20.239999771118164,20.3700008392334,11077100,0.0,0.0
2022-02-23 00:00:00-05:00,20.6200008392334,22.43000030517578,20.549999237060547,22.020000457763672,11154700,0.0,0.0
2022-02-24 00:00:00-05:00,22.420000076293945,22.81999969482422,21.68000030517578,22.530000686645508,14194900,0.0,0.0
2022-02-25 00:00:00-05:00,22.43000030517578,22.65999984741211,21.920000076293945,22.649999618530273,7639000,0.0,0.0
2022-02-28 00:00:00-05:00,22.719999313354492,23.1299991607666,22.34000015258789,22.93000030517578,10309500,0.0,0.0
2022-03-01 00:00:00-05:00,23.399999618530273,24.190000534057617,23.239999771118164,23.889999389648438,11125200,0.0,0.0
2022-03-02 00:00:00-05:00,24.350000381469727,24.709999084472656,23.950000762939453,24.34000015258789,8748900,0.0,0.0
2022-03-03 00:00:00-05:00,24.030000686645508,24.489999771118164,23.65999984741211,23.979999542236328,6894600,0.0,0.0
2022-03-04 00:00:00-05:00,24.25,25.530000686645508,24.059999465942383,25.420000076293945,9432500,0.0,0.0
2022-03-07 00:00:00-05:00,25.540000915527344,27.1299991607666,25.1299991607666,26.25,12887100,0.0,0.0
2022-03-08 00:00:00-05:00,26.59000015258789,26.989999771118164,25.549999237060547,26.049999237060547,11590300,0.0,0.0
2022-03-09 00:00:00-05:00,25.100000381469727,26.40999984741211,24.709999084472656,26.31999969482422,10650000,0.0,0.0
2022-03-10 00:00:00-05:00,26.469999313354492,26.969999313354492,26.100000381469727,26.579999923706055,9173500,0.0,0.0
2022-03-11 00:00:00-05:00,26.040000915527344,27.309999465942383,25.950000762939453,26.670000076293945,7296300,0.0,0.0
2022-03-14 00:00:00-04:00,26.030000686645508,26.200000762939453,24.850000381469727,25.34000015258789,11104100,0.0,0.0
2022-03-15 00:00:00-04:00,24.450000762939453,25.309999465942383,24.25,25.1299991607666,7677500,0.0,0.0
2022-03-16 00:00:00-04:00,25.200000762939453,25.389999389648438,24.469999313354492,25.110000610351562,6602200,0.0,0.0
2022-03-17 00:00:00-04:00,25.780000686645508,26.100000381469727,25.420000076293945,25.690000534057617,7221800,0.0,0.0
2022-03-18 00:00:00-04:00,26.0,26.18000030517578,25.450000762939453,25.600000381469727,9366400,0.0,0.0
2022-03-21 00:00:00-04:00,26.25,27.06999969482422,26.040000915527344,26.489999771118164,7093000,0.0,0.0
2022-03-22 00:00:00-04:00,26.729999542236328,27.149999618530273,26.040000915527344,27.139999389648438,8239400,0.0,0.0
2022-03-23 00:00:00-04:00,27.420000076293945,28.719999313354492,27.1299991607666,28.639999389648438,9488800,0.0,0.0
2022-03-24 00:00:00-04:00,28.649999618530273,29.75,28.389999389648438,29.020000457763672,7145700,0.0,0.0
2022-03-25 00:00:00-04:00,29.020000457763672,31.270000457763672,28.979999542236328,31.239999771118164,9752700,0.0,0.0
2022-03-28 00:00:00-04:00,30.40999984741211,31.280000686645508,30.200000762939453,31.06999969482422,6463800,0.0,0.0
2022-03-29 00:00:00-04:00,29.790000915527344,30.950000762939453,29.299999237060547,30.8700008392334,7718500,0.0,0.0
2022-03-30 00:00:00-04:00,31.579999923706055,31.850000381469727,30.3799991607666,30.489999771118164,5859600,0.0,0.0
2022-03-31 00:00:00-04:00,30.610000610351562,31.700000762939453,30.459999084472656,30.530000686645508,8123000,0.0,0.0
2022-04-01 00:00:00-04:00,30.3700008392334,31.579999923706055,30.360000610351562,31.06999969482422,5057300,0.0,0.0
2022-04-04 00:00:00-04:00,31.489999771118164,31.84000015258789,30.56999969482422,31.079999923706055,4464400,0.0,0.0
2022-04-05 00:00:00-04:00,31.649999618530273,32.349998474121094,30.399999618530273,30.420000076293945,6226900,0.0,0.0
2022-04-06 00:00:00-04:00,30.93000030517578,32.619998931884766,30.670000076293945,31.6200008392334,8693100,0.0,0.0
2022-04-07 00:00:00-04:00,32.0099983215332,32.33000183105469,30.600000381469727,31.520000457763672,7009800,0.0,0.0
2022-04-08 00:00:00-04:00,31.93000030517578,33.52000045776367,31.90999984741211,33.13999938964844,6962600,0.0,0.0
2022-04-11 00:00:00-04:00,33.13999938964844,33.22999954223633,32.380001068115234,32.77000045776367,5911900,0.0,0.0
2022-04-12 00:00:00-04:00,33.380001068115234,34.220001220703125,33.11000061035156,33.22999954223633,6947500,0.0,0.0
2022-04-13 00:00:00-04:00,33.91999816894531,34.75,33.47999954223633,34.619998931884766,6609200,0.0,0.0
2022-04-14 00:00:00-04:00,34.599998474121094,35.86000061035156,34.279998779296875,35.279998779296875,6056800,0.0,0.0
2022-04-18 00:00:00-04:00,35.77000045776367,37.34000015258789,35.65999984741211,36.279998779296875,8306800,0.0,0.0
2022-04-19 00:00:00-04:00,35.75,35.9900016784668,34.63999938964844,35.61000061035156,7818200,0.0,0.0
2022-04-20 00:00:00-04:00,36.2400016784668,36.77000045776367,35.220001220703125,36.38999938964844,5874800,0.0,0.0
2022-04-21 00:00:00-04:00,36.79999923706055,37.0,34.099998474121094,34.310001373291016,6637600,0.0,0.0
2022-04-22 00:00:00-04:00,34.11000061035156,34.869998931884766,32.540000915527344,32.86000061035156,6657700,0.0,0.0
2022-04-25 00:00:00-04:00,31.81999969482422,32.75,30.850000381469727,32.47999954223633,9739900,0.0,0.0
2022-04-26 00:00:00-04:00,32.79999923706055,33.75,32.29999923706055,32.56999969482422,8479700,0.0,0.0
2022-04-27 00:00:00-04:00,32.91999816894531,33.90999984741211,31.899999618530273,33.5099983215332,8372400,0.0,0.0
2022-04-28 00:00:00-04:00,34.0,36.91999816894531,32.220001220703125,35.869998931884766,17313600,0.0,0.0
2022-04-29 00:00:00-04:00,35.75,36.61000061035156,34.66999816894531,35.20000076293945,9098300,0.0,0.0
2022-05-02 00:00:00-04:00,34.79999923706055,35.72999954223633,33.63999938964844,35.15999984741211,9566100,0.0,0.0
2022-05-03 00:00:00-04:00,35.52000045776367,38.25,35.5099983215332,37.2400016784668,10194600,0.0,0.0
2022-05-04 00:00:00-04:00,38.06999969482422,38.95000076293945,37.16999816894531,38.65999984741211,9306800,0.0,0.0
2022-05-05 00:00:00-04:00,38.93000030517578,39.2400016784668,35.59000015258789,37.70000076293945,8103900,0.0,0.0
2022-05-06 00:00:00-04:00,37.79999923706055,38.13999938964844,36.209999084472656,36.9900016784668,7016200,0.0,0.0
2022-05-09 00:00:00-04:00,36.0099983215332,36.029998779296875,32.380001068115234,32.84000015258789,11522300,0.0,0.0
2022-05-10 00:00:00-04:00,32.810001373291016,33.650001525878906,30.940000534057617,32.709999084472656,10861200,0.0,0.0
2022-05-11 00:00:00-04:00,33.220001220703125,34.900001525878906,32.95000076293945,33.060001373291016,9150800,0.0,0.0
2022-05-12 00:00:00-04:00,32.540000915527344,33.33000183105469,31.31999969482422,32.18000030517578,8187600,0.0,0.0
2022-05-13 00:00:00-04:00,32.68000030517578,33.150001525878906,32.16999816894531,32.279998779296875,7122700,0.0,0.0
2022-05-16 00:00:00-04:00,33.0,34.83000183105469,32.900001525878906,33.939998626708984,7037300,0.0,0.0
2022-05-17 00:00:00-04:00,34.5,36.81999969482422,34.18000030517578,36.27000045776367,9057800,0.0,0.0
2022-05-18 00:00:00-04:00,36.29999923706055,36.36000061035156,34.0099983215332,34.79999923706055,12952800,0.0,0.0
2022-05-19 00:00:00-04:00,33.91999816894531,36.220001220703125,33.4900016784668,35.16999816894531,8987100,0.0,0.0
2022-05-20 00:00:00-04:00,35.2599983215332,35.90999984741211,34.15999984741211,35.279998779296875,7776600,0.0,0.0
2022-05-23 00:00:00-04:00,35.529998779296875,39.5,35.529998779296875,39.369998931884766,12472100,0.0,0.0
2022-05-24 00:00:00-04:00,38.619998931884766,40.119998931884766,38.220001220703125,40.04999923706055,11218400,0.0,0.0
2022-05-25 00:00:00-04:00,40.5099983215332,41.810001373291016,40.16999816894531,41.689998626708984,9090600,0.0,0.0
2022-05-26 00:00:00-04:00,41.88999938964844,44.5,41.779998779296875,42.959999084472656,9237900,0.0,0.0
2022-05-27 00:00:00-04:00,42.400001525878906,44.779998779296875,42.040000915527344,44.7400016784668,6300200,0.0,0.0
2022-05-31 00:00:00-04:00,45.5,46.68000030517578,42.31999969482422,42.880001068115234,9234100,0.0,0.0
2022-06-01 00:00:00-04:00,43.720001220703125,45.220001220703125,43.150001525878906,44.4900016784668,5892400,0.0,0.0
2022-06-02 00:00:00-04:00,44.369998931884766,45.41999816894531,44.040000915527344,45.09000015258789,6245100,0.0,0.0
2022-06-03 00:00:00-04:00,45.22999954223633,45.5099983215332,44.16999816894531,44.959999084472656,4445100,0.0,0.0
2022-06-06 00:00:00-04:00,45.70000076293945,46.400001525878906,44.93000030517578,46.22999954223633,6210000,0.0,0.0
2022-06-07 00:00:00-04:00,45.93000030517578,48.52000045776367,45.56999969482422,48.310001373291016,6090000,0.0,0.0
2022-06-08 00:00:00-04:00,48.58000183105469,48.79999923706055,45.84000015258789,46.93000030517578,7943300,0.0,0.0
2022-06-09 00:00:00-04:00,46.029998779296875,46.849998474121094,44.849998474121094,46.02000045776367,6391300,0.0,0.0
2022-06-10 00:00:00-04:00,45.09000015258789,45.959999084472656,43.650001525878906,45.08000183105469,6668000,0.0,0.0
2022-06-13 00:00:00-04:00,43.29999923706055,43.959999084472656,41.369998931884766,42.59000015258789,7084500,0.0,0.0
2022-06-14 00:00:00-04:00,42.880001068115234,43.15999984741211,36.79999923706055,38.040000915527344,16997500,0.0,0.0
2022-06-15 00:00:00-04:00,38.650001525878906,40.0099983215332,37.7400016784668,38.95000076293945,8625800,0.0,0.0
2022-06-16 00:00:00-04:00,38.5,39.619998931884766,36.2400016784668,36.91999816894531,9981500,0.0,0.0
2022-06-17 00:00:00-04:00,36.650001525878906,36.88999938964844,32.810001373291016,34.380001068115234,17147600,0.0,0.0
2022-06-21 00:00:00-04:00,35.0099983215332,35.45000076293945,33.7400016784668,34.709999084472656,8999200,0.0,0.0
2022-06-22 00:00:00-04:00,32.91999816894531,34.130001068115234,32.2400016784668,33.400001525878906,7212800,0.0,0.0
2022-06-23 00:00:00-04:00,33.4900016784668,33.79999923706055,29.8700008392334,30.739999771118164,12320700,0.0,0.0
2022-06-24 00:00:00-04:00,31.139999389648438,33.06999969482422,30.549999237060547,32.27000045776367,41902200,0.0,0.0
2022-06-27 00:00:00-04:00,32.630001068115234,34.84000015258789,31.93000030517578,34.04999923706055,8494500,0.0,0.0
2022-06-28 00:00:00-04:00,34.9900016784668,35.4900016784668,33.810001373291016,34.88999938964844,6767200,0.0,0.0
2022-06-29 00:00:00-04:00,35.36000061035156,35.7599983215332,33.20000076293945,33.47999954223633,6381700,0.0,0.0
2022-06-30 00:00:00-04:00,32.689998626708984,33.529998779296875,29.5,30.649999618530273,11383400,0.0,0.0
2022-07-01 00:00:00-04:00,31.079999923706055,31.459999084472656,29.969999313354492,30.739999771118164,9526300,0.0,0.0
2022-07-05 00:00:00-04:00,30.520000457763672,30.850000381469727,28.270000457763672,29.229999542236328,11125900,0.0,0.0
2022-07-06 00:00:00-04:00,28.889999389648438,29.8799991607666,27.579999923706055,28.829999923706055,10130900,0.0,0.0
2022-07-07 00:00:00-04:00,29.760000228881836,32.349998474121094,29.760000228881836,31.790000915527344,8603200,0.0,0.0
2022-07-08 00:00:00-04:00,32.13999938964844,32.150001525878906,30.709999084472656,31.0,6471500,0.0,0.0
2022-07-11 00:00:00-04:00,31.889999389648438,32.83000183105469,30.8700008392334,31.3700008392334,6432600,0.0,0.0
2022-07-12 00:00:00-04:00,30.049999237060547,31.200000762939453,29.760000228881836,30.65999984741211,4723500,0.0,0.0
2022-07-13 00:00:00-04:00,30.260000228881836,33.720001220703125,30.260000228881836,32.9900016784668,8530300,0.0,0.0
2022-07-14 00:00:00-04:00,31.579999923706055,32.13999938964844,30.6299991607666,31.81999969482422,8462100,0.0,0.0
2022-07-15 00:00:00-04:00,32.290000915527344,32.790000915527344,31.329999923706055,32.689998626708984,6117700,0.0,0.0
2022-07-18 00:00:00-04:00,33.70000076293945,35.029998779296875,33.470001220703125,33.63999938964844,7603800,0.0,0.0
2022-07-19 00:00:00-04:00,33.27000045776367,34.959999084472656,33.20000076293945,34.880001068115234,5144800,0.0,0.0
2022-07-20 00:00:00-04:00,34.4900016784668,36.90999984741211,34.279998779296875,36.70000076293945,5901800,0.0,0.0
2022-07-21 00:00:00-04:00,35.54999923706055,36.83000183105469,34.720001220703125,36.83000183105469,6005300,0.0,0.0
2022-07-22 00:00:00-04:00,37.09000015258789,37.91999816894531,36.529998779296875,36.7400016784668,5903100,0.0,0.0
2022-07-25 00:00:00-04:00,37.5,39.209999084472656,36.790000915527344,39.16999816894531,6149600,0.0,0.0
2022-07-26 00:00:00-04:00,40.08000183105469,40.36000061035156,38.52000045776367,39.34000015258789,7792800,0.0,0.0
2022-07-27 00:00:00-04:00,39.439998626708984,40.349998474121094,38.45000076293945,39.88999938964844,6586500,0.0,0.0
2022-07-28 00:00:00-04:00,40.02000045776367,40.150001525878906,37.52000045776367,38.58000183105469,9106700,0.0,0.0
2022-07-29 00:00:00-04:00,39.540000915527344,40.95000076293945,39.08000183105469,39.63999938964844,5841100,0.0,0.0
2022-08-01 00:00:00-04:00,38.560001373291016,39.52000045776367,37.95000076293945,39.290000915527344,5576800,0.0,0.0
2022-08-02 00:00:00-04:00,39.2599983215332,39.900001525878906,37.540000915527344,37.68000030517578,5438800,0.0,0.0
2022-08-03 00:00:00-04:00,38.04999923706055,38.52000045776367,36.09000015258789,37.900001525878906,7426800,0.0,0.0
2022-08-04 00:00:00-04:00,37.349998474121094,38.27000045776367,35.529998779296875,35.75,6853900,0.0,0.0
2022-08-05 00:00:00-04:00,35.0,38.0,34.959999084472656,36.66999816894531,5192100,0.0,0.0
2022-08-08 00:00:00-04:00,36.27000045776367,37.18000030517578,35.41999816894531,36.02000045776367,5663400,0.0,0.0
2022-08-09 00:00:00-04:00,36.97999954223633,38.060001373291016,36.79999923706055,37.349998474121094,5350000,0.0,0.0
2022-08-10 00:00:00-04:00,37.27000045776367,38.16999816894531,36.29999923706055,37.79999923706055,5717600,0.0,0.0
2022-08-11 00:00:00-04:00,38.77000045776367,40.599998474121094,38.529998779296875,40.310001373291016,6817400,0.0,0.0
2022-08-12 00:00:00-04:00,40.290000915527344,40.459999084472656,39.66999816894531,40.2599983215332,3018300,0.0,0.0
2022-08-15 00:00:00-04:00,38.369998931884766,39.189998626708984,37.209999084472656,38.91999816894531,6366500,0.0,0.0
2022-08-16 00:00:00-04:00,40.86000061035156,42.15999984741211,39.79999923706055,40.54999923706055,8275000,0.0,0.0
2022-08-17 00:00:00-04:00,41.2599983215332,41.97999954223633,39.59000015258789,40.2400016784668,7352600,0.0,0.0
2022-08-18 00:00:00-04:00,40.77000045776367,42.470001220703125,40.599998474121094,42.43000030517578,7857200,0.0,0.0
2022-08-19 00:00:00-04:00,41.970001220703125,43.189998626708984,41.75,41.869998931884766,5308200,0.0,0.0
2022-08-22 00:00:00-04:00,42.630001068115234,44.08000183105469,41.75,43.2599983215332,7372500,0.0,0.0
2022-08-23 00:00:00-04:00,44.08000183105469,45.33000183105469,41.849998474121094,42.22999954223633,9910300,0.0,0.0
2022-08-24 00:00:00-04:00,42.31999969482422,43.36000061035156,41.75,43.09000015258789,5513000,0.0,0.0
2022-08-25 00:00:00-04:00,43.279998779296875,43.279998779296875,41.869998931884766,42.40999984741211,5082800,0.0,0.0
2022-08-26 00:00:00-04:00,42.54999923706055,43.9900016784668,42.25,42.25,4457800,0.0,0.0
2022-08-29 00:00:00-04:00,41.540000915527344,43.2599983215332,41.43000030517578,42.040000915527344,5564300,0.0,0.0
2022-08-30 00:00:00-04:00,41.0,41.0,38.470001220703125,38.630001068115234,10102000,0.0,0.0
2022-08-31 00:00:00-04:00,37.43000030517578,40.61000061035156,37.38999938964844,40.08000183105469,7685300,0.0,0.0
2022-09-01 00:00:00-04:00,39.5099983215332,39.93000030517578,38.7400016784668,38.869998931884766,4688800,0.0,0.0
2022-09-02 00:00:00-04:00,39.65999984741211,39.939998626708984,38.52000045776367,39.52000045776367,5541200,0.0,0.0
2022-09-06 00:00:00-04:00,39.06999969482422,39.77000045776367,38.02000045776367,38.029998779296875,5866300,0.0,0.0
2022-09-07 00:00:00-04:00,37.25,38.310001373291016,36.810001373291016,37.900001525878906,5916400,0.0,0.0
2022-09-08 00:00:00-04:00,38.16999816894531,39.45000076293945,37.54999923706055,39.279998779296875,4960100,0.0,0.0
2022-09-09 00:00:00-04:00,40.060001373291016,40.470001220703125,39.4900016784668,40.08000183105469,3989700,0.0,0.0
2022-09-12 00:00:00-04:00,40.5,41.349998474121094,39.560001373291016,41.29999923706055,4956300,0.0,0.0
2022-09-13 00:00:00-04:00,40.47999954223633,41.38999938964844,39.70000076293945,39.86000061035156,4450200,0.0,0.0
2022-09-14 00:00:00-04:00,41.0099983215332,42.38999938964844,40.810001373291016,41.869998931884766,7991100,0.0,0.0
2022-09-15 00:00:00-04:00,40.5,41.20000076293945,39.65999984741211,39.7599983215332,5435100,0.0,0.0
2022-09-16 00:00:00-04:00,39.27000045776367,39.279998779296875,36.56999969482422,37.54999923706055,9789000,0.0,0.0
2022-09-19 00:00:00-04:00,36.29999923706055,37.790000915527344,36.29999923706055,37.52000045776367,4516200,0.0,0.0
2022-09-20 00:00:00-04:00,37.31999969482422,37.63999938964844,36.54999923706055,37.209999084472656,3883100,0.0,0.0
2022-09-21 00:00:00-04:00,38.2400016784668,38.36000061035156,35.790000915527344,35.83000183105469,5486000,0.0,0.0
2022-09-22 00:00:00-04:00,36.369998931884766,36.439998626708984,33.099998474121094,33.59000015258789,11580800,0.0,0.0
2022-09-23 00:00:00-04:00,32.0099983215332,32.34000015258789,30.09000015258789,30.729999542236328,11636200,0.0,0.0
2022-09-26 00:00:00-04:00,30.34000015258789,30.739999771118164,29.229999542236328,29.299999237060547,7640100,0.0,0.0
2022-09-27 00:00:00-04:00,29.93000030517578,30.729999542236328,29.219999313354492,29.530000686645508,6569300,0.0,0.0
2022-09-28 00:00:00-04:00,29.719999313354492,31.170000076293945,29.270000457763672,30.770000457763672,8059500,0.0,0.0
2022-09-29 00:00:00-04:00,30.219999313354492,30.520000457763672,28.989999771118164,30.329999923706055,6663700,0.0,0.0
2022-09-30 00:00:00-04:00,29.75,31.040000915527344,29.75,30.530000686645508,6294200,0.0,0.0
2022-10-03 00:00:00-04:00,30.600000381469727,31.65999984741211,30.34000015258789,31.09000015258789,11496400,0.0,0.0
2022-10-04 00:00:00-04:00,31.989999771118164,33.349998474121094,31.709999084472656,33.16999816894531,7088900,0.0,0.0
2022-10-05 00:00:00-04:00,32.86000061035156,34.18000030517578,31.75,33.63999938964844,4756300,0.0,0.0
2022-10-06 00:00:00-04:00,33.40999984741211,34.209999084472656,32.33000183105469,32.34000015258789,4609300,0.0,0.0
2022-10-07 00:00:00-04:00,32.290000915527344,33.40999984741211,31.850000381469727,32.31999969482422,4246900,0.0,0.0
2022-10-10 00:00:00-04:00,32.75,34.11000061035156,32.5099983215332,33.13999938964844,8413800,0.0,0.0
2022-10-11 00:00:00-04:00,32.63999938964844,34.84000015258789,32.36000061035156,33.650001525878906,7106900,0.0,0.0
2022-10-12 00:00:00-04:00,33.650001525878906,34.93000030517578,33.400001525878906,34.31999969482422,5059000,0.0,0.0
2022-10-13 00:00:00-04:00,33.65999984741211,35.970001220703125,33.56999969482422,35.7599983215332,5240900,0.0,0.0
2022-10-14 00:00:00-04:00,35.16999816894531,36.09000015258789,33.709999084472656,34.0099983215332,6759000,0.0,0.0
2022-10-17 00:00:00-04:00,33.790000915527344,34.4900016784668,32.7599983215332,33.93000030517578,7866000,0.0,0.0
2022-10-18 00:00:00-04:00,35.54999923706055,36.869998931884766,35.209999084472656,35.79999923706055,19956200,0.0,0.0
2022-10-19 00:00:00-04:00,35.459999084472656,36.83000183105469,35.43000030517578,36.79999923706055,50900200,0.0,0.0
2022-10-20 00:00:00-04:00,36.86000061035156,37.09000015258789,34.81999969482422,34.970001220703125,10000300,0.0,0.0
2022-10-21 00:00:00-04:00,34.27000045776367,34.310001373291016,32.02000045776367,33.470001220703125,12941400,0.0,0.0
2022-10-24 00:00:00-04:00,33.54999923706055,33.900001525878906,32.650001525878906,33.09000015258789,6893700,0.0,0.0
2022-10-25 00:00:00-04:00,33.209999084472656,35.70000076293945,32.7400016784668,35.369998931884766,6828900,0.0,0.0
2022-10-26 00:00:00-04:00,35.310001373291016,36.209999084472656,35.130001068115234,35.470001220703125,7688300,0.0,0.0
2022-10-27 00:00:00-04:00,35.31999969482422,37.290000915527344,34.61000061035156,35.779998779296875,14320000,0.0,0.0
2022-10-28 00:00:00-04:00,35.849998474121094,36.9900016784668,34.20000076293945,35.20000076293945,7292700,0.0,0.0
2022-10-31 00:00:00-04:00,36.130001068115234,38.119998931884766,35.849998474121094,36.65999984741211,9058600,0.0,0.0
2022-11-01 00:00:00-04:00,37.0,37.56999969482422,35.68000030517578,36.040000915527344,5970200,0.0,0.0
2022-11-02 00:00:00-04:00,36.470001220703125,37.06999969482422,35.27000045776367,35.439998626708984,6582000,0.0,0.0
2022-11-03 00:00:00-04:00,35.099998474121094,36.150001525878906,34.540000915527344,35.400001525878906,5236500,0.0,0.0
2022-11-04 00:00:00-04:00,36.33000183105469,37.5099983215332,35.90999984741211,37.220001220703125,5740600,0.0,0.0
2022-11-07 00:00:00-05:00,38.560001373291016,40.189998626708984,38.45000076293945,39.33000183105469,6608900,0.0,0.0
2022-11-08 00:00:00-05:00,38.27000045776367,38.79999923706055,37.22999954223633,38.630001068115234,6357700,0.0,0.0
2022-11-09 00:00:00-05:00,37.650001525878906,38.16999816894531,35.63999938964844,35.72999954223633,6285000,0.0,0.0
2022-11-10 00:00:00-05:00,36.75,37.79999923706055,35.91999816894531,37.630001068115234,4557200,0.0,0.0
2022-11-11 00:00:00-05:00,38.119998931884766,38.4900016784668,36.70000076293945,37.2400016784668,7846600,0.0,0.0
2022-11-14 00:00:00-05:00,38.0,38.380001068115234,36.099998474121094,36.119998931884766,6968200,0.0,0.0
2022-11-15 00:00:00-05:00,36.209999084472656,37.369998931884766,35.66999816894531,37.34000015258789,4503500,0.0,0.0
2022-11-16 00:00:00-05:00,36.41999816894531,36.619998931884766,35.06999969482422,35.439998626708984,5702400,0.0,0.0
2022-11-17 00:00:00-05:00,35.130001068115234,35.34000015258789,34.630001068115234,35.29999923706055,5135200,0.0,0.0
2022-11-18 00:00:00-05:00,34.25,34.66999816894531,33.52000045776367,34.16999816894531,6515600,0.0,0.0
2022-11-21 00:00:00-05:00,33.79999923706055,34.439998626708984,33.27000045776367,34.349998474121094,6600500,0.0,0.0
2022-11-22 00:00:00-05:00,34.790000915527344,36.61000061035156,34.790000915527344,36.61000061035156,5713700,0.0,0.0
2022-11-23 00:00:00-05:00,37.68000030517578,38.70000076293945,37.06999969482422,37.540000915527344,7628100,0.0,0.0
2022-11-25 00:00:00-05:00,37.5,37.9900016784668,37.04999923706055,37.27000045776367,1723600,0.0,0.0
2022-11-28 00:00:00-05:00,36.06999969482422,36.779998779296875,35.81999969482422,35.88999938964844,4715300,0.0,0.0
2022-11-29 00:00:00-05:00,36.369998931884766,37.06999969482422,36.099998474121094,36.93000030517578,4068600,0.0,0.0
2022-11-30 00:00:00-05:00,37.0099983215332,37.349998474121094,35.65999984741211,36.54999923706055,4459600,0.0,0.0
2022-12-01 00:00:00-05:00,37.25,37.33000183105469,35.16999816894531,35.349998474121094,4164400,0.0,0.0
2022-12-02 00:00:00-05:00,34.880001068115234,35.20000076293945,34.20000076293945,34.41999816894531,5184400,0.0,0.0
2022-12-05 00:00:00-05:00,33.91999816894531,34.310001373291016,31.309999465942383,31.84000015258789,8595500,0.0,0.0
2022-12-06 00:00:00-05:00,31.700000762939453,32.22999954223633,30.719999313354492,30.979999542236328,5967500,0.0,0.0
2022-12-07 00:00:00-05:00,31.09000015258789,31.670000076293945,30.8799991607666,31.420000076293945,6177900,0.0,0.0
2022-12-08 00:00:00-05:00,32.0,32.290000915527344,30.940000534057617,31.110000610351562,10171500,0.0,0.0
2022-12-09 00:00:00-05:00,31.540000915527344,32.599998474121094,31.440000534057617,31.809999465942383,5632000,0.0,0.0
2022-12-12 00:00:00-05:00,32.93000030517578,33.9900016784668,32.779998779296875,33.099998474121094,5830900,0.0,0.0
2022-12-13 00:00:00-05:00,34.20000076293945,34.529998779296875,33.66999816894531,33.970001220703125,6204400,0.0,0.0
2022-12-14 00:00:00-05:00,33.90999984741211,34.2599983215332,33.380001068115234,33.619998931884766,5861200,0.0,0.0
2022-12-15 00:00:00-05:00,33.400001525878906,34.65999984741211,33.29999923706055,34.439998626708984,4846400,0.0,0.0
2022-12-16 00:00:00-05:00,33.5,34.13999938964844,32.9900016784668,33.95000076293945,11145100,0.0,0.0
2022-12-19 00:00:00-05:00,33.38999938964844,33.869998931884766,32.810001373291016,33.040000915527344,5206200,0.0,0.0
2022-12-20 00:00:00-05:00,32.369998931884766,33.29999923706055,32.290000915527344,33.2400016784668,4541100,0.0,0.0
2022-12-21 00:00:00-05:00,34.189998626708984,34.65999984741211,33.400001525878906,34.650001525878906,4308200,0.0,0.0
2022-12-22 00:00:00-05:00,34.2599983215332,34.650001525878906,31.809999465942383,32.54999923706055,5878800,0.0,0.0
2022-12-23 00:00:00-05:00,32.650001525878906,33.959999084472656,32.22999954223633,33.93000030517578,3440700,0.0,0.0
2022-12-27 00:00:00-05:00,34.099998474121094,34.41999816894531,33.689998626708984,34.119998931884766,2765400,0.0,0.0
2022-12-28 00:00:00-05:00,33.380001068115234,33.380001068115234,30.770000457763672,30.780000686645508,8156000,0.0,0.0
2022-12-29 00:00:00-05:00,30.5,31.280000686645508,30.34000015258789,30.899999618530273,5784200,0.0,0.0
2022-12-30 00:00:00-05:00,30.56999969482422,31.020000457763672,30.209999084472656,30.989999771118164,5277600,0.0,0.0
2023-01-03 00:00:00-05:00,29.950000762939453,30.469999313354492,28.229999542236328,28.420000076293945,10349500,0.0,0.0
2023-01-04 00:00:00-05:00,28.06999969482422,29.889999389648438,28.0,29.350000381469727,5970500,0.0,0.0
2023-01-05 00:00:00-05:00,28.81999969482422,29.239999771118164,27.6299991607666,27.829999923706055,8779300,0.0,0.0
2023-01-06 00:00:00-05:00,27.899999618530273,28.709999084472656,27.809999465942383,28.200000762939453,6045200,0.0,0.0
2023-01-09 00:00:00-05:00,29.31999969482422,30.209999084472656,28.959999084472656,29.40999984741211,5611800,0.0,0.0
2023-01-10 00:00:00-05:00,28.950000762939453,29.309999465942383,28.420000076293945,29.0,3798500,0.0,0.0
2023-01-11 00:00:00-05:00,29.229999542236328,29.280000686645508,28.1200008392334,28.760000228881836,7070800,0.0,0.0
2023-01-12 00:00:00-05:00,29.3799991607666,30.350000381469727,29.200000762939453,29.950000762939453,5656400,0.0,0.0
2023-01-13 00:00:00-05:00,29.559999465942383,29.75,28.959999084472656,29.739999771118164,5829300,0.0,0.0
2023-01-17 00:00:00-05:00,30.649999618530273,30.829999923706055,29.979999542236328,30.110000610351562,5548300,0.0,0.0
2023-01-18 00:00:00-05:00,29.700000762939453,30.350000381469727,28.729999542236328,28.739999771118164,6042800,0.0,0.0
2023-01-19 00:00:00-05:00,28.729999542236328,29.3799991607666,28.34000015258789,29.100000381469727,5172400,0.0,0.0
2023-01-20 00:00:00-05:00,29.299999237060547,29.809999465942383,28.950000762939453,29.399999618530273,5632800,0.0,0.0
2023-01-23 00:00:00-05:00,29.84000015258789,30.600000381469727,29.399999618530273,30.520000457763672,4499400,0.0,0.0
2023-01-24 00:00:00-05:00,30.549999237060547,30.549999237060547,29.440000534057617,30.040000915527344,4777700,0.0,0.0
2023-01-25 00:00:00-05:00,29.530000686645508,29.729999542236328,28.709999084472656,29.260000228881836,3565100,0.0,0.0
2023-01-26 00:00:00-05:00,29.0,29.299999237060547,27.920000076293945,29.18000030517578,6393800,0.0,0.0
2023-01-27 00:00:00-05:00,29.40999984741211,30.25,29.06999969482422,29.280000686645508,3849600,0.0,0.0
2023-01-30 00:00:00-05:00,28.5,28.989999771118164,28.15999984741211,28.18000030517578,5308200,0.0,0.0
2023-01-31 00:00:00-05:00,28.329999923706055,28.860000610351562,28.030000686645508,28.84000015258789,4303100,0.0,0.0
2023-02-01 00:00:00-05:00,28.350000381469727,28.649999618530273,27.309999465942383,27.920000076293945,7017400,0.0,0.0
2023-02-02 00:00:00-05:00,28.079999923706055,29.020000457763672,27.579999923706055,28.149999618530273,6623800,0.0,0.0
2023-02-03 00:00:00-05:00,28.100000381469727,28.59000015258789,27.450000762939453,27.479999542236328,6235500,0.0,0.0
2023-02-06 00:00:00-05:00,27.399999618530273,27.6200008392334,25.8700008392334,26.389999389648438,9993200,0.0,0.0
2023-02-07 00:00:00-05:00,26.799999237060547,27.3700008392334,26.3799991607666,27.190000534057617,6902900,0.0,0.0
2023-02-08 00:00:00-05:00,27.15999984741211,27.280000686645508,26.1299991607666,26.6299991607666,5306700,0.0,0.0
2023-02-09 00:00:00-05:00,26.780000686645508,27.649999618530273,26.649999618530273,26.829999923706055,7135500,0.0,0.0
2023-02-10 00:00:00-05:00,27.420000076293945,28.360000610351562,27.280000686645508,28.329999923706055,6009200,0.0,0.0
2023-02-13 00:00:00-05:00,27.850000381469727,28.239999771118164,27.510000228881836,28.020000457763672,4952700,0.0,0.0
2023-02-14 00:00:00-05:00,28.06999969482422,28.889999389648438,27.84000015258789,28.420000076293945,5115500,0.0,0.0
2023-02-15 00:00:00-05:00,27.860000610351562,28.299999237060547,27.229999542236328,27.90999984741211,5943200,0.0,0.0
2023-02-16 00:00:00-05:00,27.8700008392334,28.649999618530273,27.360000610351562,27.540000915527344,5560400,0.0,0.0
2023-02-17 00:00:00-05:00,26.829999923706055,26.829999923706055,25.1200008392334,25.229999542236328,8650800,0.0,0.0
2023-02-21 00:00:00-05:00,25.0,25.149999618530273,24.09000015258789,24.18000030517578,8672700,0.0,0.0
2023-02-22 00:00:00-05:00,24.229999542236328,25.459999084472656,24.09000015258789,24.899999618530273,6771200,0.0,0.0
2023-02-23 00:00:00-05:00,25.6299991607666,25.950000762939453,25.040000915527344,25.459999084472656,6833900,0.0,0.0
2023-02-24 00:00:00-05:00,25.559999465942383,27.6299991607666,25.399999618530273,27.510000228881836,11626200,0.0,0.0
2023-02-27 00:00:00-05:00,27.579999923706055,27.579999923706055,26.75,26.899999618530273,7086000,0.0,0.0
2023-02-28 00:00:00-05:00,27.100000381469727,27.219999313354492,26.040000915527344,26.200000762939453,7180100,0.0,0.0
2023-03-01 00:00:00-05:00,26.040000915527344,26.979999542236328,25.81999969482422,26.469999313354492,4731500,0.0,0.0
2023-03-02 00:00:00-05:00,26.139999389648438,26.709999084472656,25.8799991607666,26.440000534057617,3858600,0.0,0.0
2023-03-03 00:00:00-05:00,26.68000030517578,27.59000015258789,26.290000915527344,27.299999237060547,5516200,0.0,0.0
2023-03-06 00:00:00-05:00,26.389999389648438,26.6299991607666,25.84000015258789,26.170000076293945,6146200,0.0,0.0
2023-03-07 00:00:00-05:00,26.15999984741211,26.450000762939453,25.8700008392334,25.959999084472656,5243900,0.0,0.0
2023-03-08 00:00:00-05:00,25.709999084472656,26.049999237060547,24.739999771118164,25.139999389648438,7958500,0.0,0.0
2023-03-09 00:00:00-05:00,25.219999313354492,25.510000228881836,24.170000076293945,24.229999542236328,4863200,0.0,0.0
2023-03-10 00:00:00-05:00,24.0,24.489999771118164,23.209999084472656,23.399999618530273,6703000,0.0,0.0
2023-03-13 00:00:00-04:00,22.799999237060547,23.90999984741211,22.600000381469727,23.030000686645508,5936500,0.0,0.0
2023-03-14 00:00:00-04:00,23.020000457763672,23.709999084472656,22.59000015258789,23.139999389648438,5253500,0.0,0.0
2023-03-15 00:00:00-04:00,22.010000228881836,22.600000381469727,21.3700008392334,22.010000228881836,7967600,0.0,0.0
2023-03-16 00:00:00-04:00,21.790000915527344,22.5,21.610000610351562,22.3799991607666,5727600,0.0,0.0
2023-03-17 00:00:00-04:00,22.239999771118164,22.350000381469727,21.469999313354492,21.690000534057617,13622100,0.0,0.0
2023-03-20 00:00:00-04:00,21.850000381469727,22.559999465942383,21.809999465942383,22.209999084472656,5096300,0.0,0.0
2023-03-21 00:00:00-04:00,22.440000534057617,22.959999084472656,22.3700008392334,22.790000915527344,5006000,0.0,0.0
2023-03-22 00:00:00-04:00,22.469999313354492,22.510000228881836,21.43000030517578,21.459999084472656,6558800,0.0,0.0
2023-03-23 00:00:00-04:00,21.6299991607666,22.1200008392334,20.649999618530273,21.010000228881836,5693700,0.0,0.0
2023-03-24 00:00:00-04:00,20.860000610351562,21.8700008392334,20.709999084472656,21.719999313354492,4397200,0.0,0.0
2023-03-27 00:00:00-04:00,21.6299991607666,22.290000915527344,21.200000762939453,22.110000610351562,5743300,0.0,0.0
2023-03-28 00:00:00-04:00,21.969999313354492,22.579999923706055,21.780000686645508,22.200000762939453,3670200,0.0,0.0
2023-03-29 00:00:00-04:00,22.56999969482422,22.639999389648438,22.25,22.56999969482422,4064200,0.0,0.0
2023-03-30 00:00:00-04:00,22.770000457763672,22.84000015258789,22.25,22.559999465942383,4165600,0.0,0.0
2023-03-31 00:00:00-04:00,22.899999618530273,23.3700008392334,22.760000228881836,23.09000015258789,4585100,0.0,0.0
2023-04-03 00:00:00-04:00,23.610000610351562,23.920000076293945,23.110000610351562,23.68000030517578,6236500,0.0,0.0
2023-04-04 00:00:00-04:00,23.760000228881836,23.989999771118164,23.09000015258789,23.899999618530273,5064500,0.0,0.0
2023-04-05 00:00:00-04:00,24.079999923706055,24.190000534057617,23.270000457763672,24.0,5352100,0.0,0.0
2023-04-06 00:00:00-04:00,23.84000015258789,23.989999771118164,23.350000381469727,23.479999542236328,4199800,0.0,0.0
2023-04-10 00:00:00-04:00,24.0,24.600000381469727,23.84000015258789,24.110000610351562,5697200,0.0,0.0
2023-04-11 00:00:00-04:00,23.899999618530273,24.3700008392334,23.559999465942383,24.329999923706055,4266000,0.0,0.0
2023-04-12 00:00:00-04:00,24.420000076293945,24.639999389648438,23.8700008392334,23.8799991607666,3358500,0.0,0.0
2023-04-13 00:00:00-04:00,23.84000015258789,24.09000015258789,23.649999618530273,23.780000686645508,3070900,0.0,0.0
2023-04-14 00:00:00-04:00,23.809999465942383,24.0,23.610000610351562,23.889999389648438,3327200,0.0,0.0
2023-04-17 00:00:00-04:00,24.31999969482422,24.43000030517578,23.459999084472656,23.559999465942383,3992500,0.0,0.0
2023-04-18 00:00:00-04:00,23.450000762939453,23.770000457763672,23.229999542236328,23.639999389648438,3407000,0.0,0.0
2023-04-19 00:00:00-04:00,22.989999771118164,23.309999465942383,22.690000534057617,23.18000030517578,4169100,0.0,0.0
2023-04-20 00:00:00-04:00,22.940000534057617,23.18000030517578,22.59000015258789,22.729999542236328,3825100,0.0,0.0
2023-04-21 00:00:00-04:00,22.709999084472656,22.8700008392334,22.309999465942383,22.510000228881836,4927100,0.0,0.0
2023-04-24 00:00:00-04:00,22.350000381469727,23.030000686645508,22.190000534057617,22.940000534057617,4274600,0.0,0.0
2023-04-25 00:00:00-04:00,22.549999237060547,22.649999618530273,21.850000381469727,22.100000381469727,4458500,0.0,0.0
2023-04-26 00:00:00-04:00,21.889999389648438,22.329999923706055,21.549999237060547,21.809999465942383,6578700,0.0,0.0
2023-04-27 00:00:00-04:00,21.68000030517578,21.950000762939453,20.920000076293945,21.829999923706055,10548100,0.0,0.0
2023-04-28 00:00:00-04:00,22.030000686645508,23.309999465942383,21.920000076293945,22.989999771118164,8821700,0.0,0.0
2023-05-01 00:00:00-04:00,22.600000381469727,22.829999923706055,21.780000686645508,22.040000915527344,6396200,0.0,0.0
2023-05-02 00:00:00-04:00,21.549999237060547,21.719999313354492,20.709999084472656,21.110000610351562,7460400,0.0,0.0
2023-05-03 00:00:00-04:00,20.739999771118164,21.139999389648438,20.450000762939453,20.56999969482422,5317000,0.0,0.0
2023-05-04 00:00:00-04:00,20.549999237060547,20.899999618530273,20.059999465942383,20.100000381469727,4577800,0.0,0.0
2023-05-05 00:00:00-04:00,20.68000030517578,21.440000534057617,20.56999969482422,21.100000381469727,5401500,0.0,0.0
2023-05-08 00:00:00-04:00,21.690000534057617,21.799999237060547,20.90999984741211,20.90999984741211,4269100,0.0,0.0
2023-05-09 00:00:00-04:00,20.770000457763672,21.3799991607666,20.670000076293945,21.100000381469727,4379700,0.0,0.0
2023-05-10 00:00:00-04:00,21.329999923706055,21.329999923706055,20.729999542236328,21.030000686645508,4180800,0.0,0.0
2023-05-11 00:00:00-04:00,20.700000762939453,20.979999542236328,20.510000228881836,20.920000076293945,3518800,0.0,0.0
2023-05-12 00:00:00-04:00,21.110000610351562,21.809999465942383,20.709999084472656,21.700000762939453,5536300,0.0,0.0
2023-05-15 00:00:00-04:00,22.100000381469727,22.979999542236328,22.100000381469727,22.520000457763672,7498000,0.0,0.0
2023-05-16 00:00:00-04:00,22.5,22.81999969482422,22.0,22.020000457763672,5194800,0.0,0.0
2023-05-17 00:00:00-04:00,22.18000030517578,22.270000457763672,21.59000015258789,21.84000015258789,6272500,0.0,0.0
2023-05-18 00:00:00-04:00,21.799999237060547,23.760000228881836,21.739999771118164,23.709999084472656,8601500,0.0,0.0
2023-05-19 00:00:00-04:00,24.18000030517578,24.59000015258789,23.450000762939453,23.700000762939453,8647300,0.0,0.0
2023-05-22 00:00:00-04:00,23.200000762939453,24.030000686645508,23.079999923706055,23.799999237060547,5375400,0.0,0.0
2023-05-23 00:00:00-04:00,24.09000015258789,24.149999618530273,23.459999084472656,23.5,4065000,0.0,0.0
2023-05-24 00:00:00-04:00,23.510000228881836,23.559999465942383,23.030000686645508,23.34000015258789,4196700,0.0,0.0
2023-05-25 00:00:00-04:00,22.760000228881836,23.059999465942383,22.389999389648438,22.540000915527344,4723800,0.0,0.0
2023-05-26 00:00:00-04:00,22.559999465942383,22.559999465942383,21.549999237060547,21.670000076293945,5768300,0.0,0.0
2023-05-30 00:00:00-04:00,21.049999237060547,21.1299991607666,19.90999984741211,20.59000015258789,9821100,0.0,0.0
2023-05-31 00:00:00-04:00,20.579999923706055,20.770000457763672,20.1299991607666,20.40999984741211,5155300,0.0,0.0
2023-06-01 00:00:00-04:00,20.31999969482422,20.739999771118164,20.020000457763672,20.15999984741211,4480300,0.0,0.0
2023-06-02 00:00:00-04:00,20.68000030517578,21.649999618530273,20.5,21.31999969482422,4850200,0.0,0.0
2023-06-05 00:00:00-04:00,21.989999771118164,22.0,20.690000534057617,20.729999542236328,4706900,0.0,0.0
2023-06-06 00:00:00-04:00,20.5,21.420000076293945,20.399999618530273,20.979999542236328,4796400,0.0,0.0
2023-06-07 00:00:00-04:00,21.200000762939453,22.3700008392334,21.149999618530273,22.219999313354492,5633700,0.0,0.0
2023-06-08 00:00:00-04:00,22.06999969482422,22.149999618530273,21.149999618530273,21.899999618530273,6506300,0.0,0.0
2023-06-09 00:00:00-04:00,21.700000762939453,21.899999618530273,21.190000534057617,21.309999465942383,5661800,0.0,0.0
2023-06-12 00:00:00-04:00,21.040000915527344,21.25,20.549999237060547,20.709999084472656,4961100,0.0,0.0
2023-06-13 00:00:00-04:00,21.1299991607666,21.690000534057617,21.030000686645508,21.329999923706055,5462000,0.0,0.0
2023-06-14 00:00:00-04:00,21.579999923706055,21.670000076293945,20.510000228881836,20.670000076293945,6282300,0.0,0.0
2023-06-15 00:00:00-04:00,20.75,22.3700008392334,20.75,21.760000228881836,7358600,0.0,0.0
2023-06-16 00:00:00-04:00,21.969999313354492,22.780000686645508,21.770000457763672,22.459999084472656,12428100,0.0,0.0
2023-06-20 00:00:00-04:00,22.350000381469727,22.40999984741211,21.440000534057617,21.549999237060547,4889100,0.0,0.0
2023-06-21 00:00:00-04:00,21.530000686645508,21.950000762939453,21.43000030517578,21.809999465942383,3444800,0.0,0.0
2023-06-22 00:00:00-04:00,21.68000030517578,22.040000915527344,21.469999313354492,21.780000686645508,4433400,0.0,0.0
2023-06-23 00:00:00-04:00,21.25,21.6200008392334,20.989999771118164,21.260000228881836,9544500,0.0,0.0
2023-06-26 00:00:00-04:00,21.489999771118164,22.59000015258789,21.420000076293945,22.100000381469727,6120800,0.0,0.0
2023-06-27 00:00:00-04:00,21.6299991607666,22.360000610351562,21.209999084472656,22.329999923706055,9554900,0.0,0.0
2023-06-28 00:00:00-04:00,22.6200008392334,22.6200008392334,21.8700008392334,22.1200008392334,5438400,0.0,0.0
2023-06-29 00:00:00-04:00,22.229999542236328,22.90999984741211,21.989999771118164,22.8700008392334,5341400,0.0,0.0
2023-06-30 00:00:00-04:00,23.010000228881836,23.34000015258789,22.579999923706055,23.030000686645508,5055500,0.0,0.0
2023-07-03 00:00:00-04:00,22.920000076293945,23.40999984741211,22.850000381469727,23.1200008392334,2384200,0.0,0.0
2023-07-05 00:00:00-04:00,23.299999237060547,23.360000610351562,22.90999984741211,22.950000762939453,3586000,0.0,0.0
2023-07-06 00:00:00-04:00,22.649999618530273,22.850000381469727,21.5,21.899999618530273,4729800,0.0,0.0
2023-07-07 00:00:00-04:00,21.770000457763672,22.989999771118164,21.770000457763672,22.450000762939453,6667900,0.0,0.0
2023-07-10 00:00:00-04:00,22.34000015258789,22.989999771118164,22.280000686645508,22.969999313354492,5164700,0.0,0.0
2023-07-11 00:00:00-04:00,23.190000534057617,24.06999969482422,22.920000076293945,23.790000915527344,5382600,0.0,0.0
2023-07-12 00:00:00-04:00,23.760000228881836,24.1299991607666,23.65999984741211,23.850000381469727,4441900,0.0,0.0
2023-07-13 00:00:00-04:00,23.969999313354492,24.469999313354492,23.510000228881836,23.540000915527344,5250800,0.0,0.0
2023-07-14 00:00:00-04:00,23.3799991607666,23.440000534057617,22.510000228881836,22.59000015258789,4180900,0.0,0.0
2023-07-17 00:00:00-04:00,22.459999084472656,22.950000762939453,22.209999084472656,22.829999923706055,3847900,0.0,0.0
2023-07-18 00:00:00-04:00,22.950000762939453,24.3700008392334,22.729999542236328,24.170000076293945,6043400,0.0,0.0
2023-07-19 00:00:00-04:00,24.34000015258789,24.719999313354492,23.950000762939453,24.010000228881836,4903900,0.0,0.0
2023-07-20 00:00:00-04:00,24.420000076293945,24.81999969482422,24.260000228881836,24.770000457763672,4861600,0.0,0.0
2023-07-21 00:00:00-04:00,24.770000457763672,24.889999389648438,24.170000076293945,24.239999771118164,4938400,0.0,0.0
2023-07-24 00:00:00-04:00,24.299999237060547,24.75,24.239999771118164,24.420000076293945,5083800,0.0,0.0
2023-07-25 00:00:00-04:00,24.399999618530273,24.81999969482422,24.1200008392334,24.479999542236328,4690200,0.0,0.0
2023-07-26 00:00:00-04:00,24.09000015258789,24.649999618530273,23.81999969482422,24.530000686645508,6838400,0.0,0.0
2023-07-27 00:00:00-04:00,25.3799991607666,26.149999618530273,24.899999618530273,25.399999618530273,11082800,0.0,0.0
2023-07-28 00:00:00-04:00,25.959999084472656,27.049999237060547,25.790000915527344,26.68000030517578,6691200,0.0,0.0
2023-07-31 00:00:00-04:00,26.719999313354492,26.940000534057617,26.350000381469727,26.75,6340000,0.0,0.0
2023-08-01 00:00:00-04:00,26.360000610351562,27.280000686645508,26.15999984741211,27.1200008392334,6691000,0.0,0.0
2023-08-02 00:00:00-04:00,26.719999313354492,26.780000686645508,26.079999923706055,26.209999084472656,5460500,0.0,0.0
2023-08-03 00:00:00-04:00,26.56999969482422,27.770000457763672,26.440000534057617,27.559999465942383,5447600,0.0,0.0
2023-08-04 00:00:00-04:00,27.700000762939453,28.299999237060547,27.290000915527344,27.520000457763672,4993400,0.0,0.0
2023-08-07 00:00:00-04:00,27.850000381469727,28.110000610351562,27.479999542236328,27.670000076293945,4479300,0.0,0.0
2023-08-08 00:00:00-04:00,27.049999237060547,28.360000610351562,26.93000030517578,28.239999771118164,4169200,0.0,0.0
2023-08-09 00:00:00-04:00,29.5,29.6200008392334,28.549999237060547,28.799999237060547,6235900,0.0,0.0
2023-08-10 00:00:00-04:00,28.75,28.959999084472656,27.399999618530273,27.90999984741211,6565200,0.0,0.0
2023-08-11 00:00:00-04:00,27.719999313354492,28.360000610351562,27.670000076293945,27.780000686645508,4116700,0.0,0.0
2023-08-14 00:00:00-04:00,27.719999313354492,27.90999984741211,27.459999084472656,27.799999237060547,3671300,0.0,0.0
2023-08-15 00:00:00-04:00,27.3700008392334,27.479999542236328,26.93000030517578,27.3799991607666,4889900,0.0,0.0
2023-08-16 00:00:00-04:00,27.350000381469727,27.579999923706055,26.850000381469727,27.100000381469727,4110000,0.0,0.0
2023-08-17 00:00:00-04:00,27.739999771118164,28.15999984741211,27.440000534057617,27.729999542236328,5015200,0.0,0.0
2023-08-18 00:00:00-04:00,27.350000381469727,27.520000457763672,26.5,27.09000015258789,6291500,0.0,0.0
2023-08-21 00:00:00-04:00,27.510000228881836,27.93000030517578,27.309999465942383,27.780000686645508,3802000,0.0,0.0
2023-08-22 00:00:00-04:00,27.790000915527344,27.8700008392334,26.90999984741211,26.940000534057617,3752500,0.0,0.0
2023-08-23 00:00:00-04:00,26.6299991607666,26.690000534057617,25.790000915527344,25.860000610351562,5374700,0.0,0.0
2023-08-24 00:00:00-04:00,25.579999923706055,26.510000228881836,25.5,26.110000610351562,3577100,0.0,0.0
2023-08-25 00:00:00-04:00,26.25,26.520000457763672,25.940000534057617,26.360000610351562,3019800,0.0,0.0
2023-08-28 00:00:00-04:00,26.8799991607666,27.049999237060547,26.209999084472656,26.450000762939453,3080800,0.0,0.0
2023-08-29 00:00:00-04:00,26.440000534057617,26.75,26.1299991607666,26.729999542236328,3582700,0.0,0.0
2023-08-30 00:00:00-04:00,26.739999771118164,27.459999084472656,26.6299991607666,27.18000030517578,3268400,0.0,0.0
2023-08-31 00:00:00-04:00,27.190000534057617,27.889999389648438,26.950000762939453,27.670000076293945,4294900,0.0,0.0
2023-09-01 00:00:00-04:00,28.09000015258789,28.260000228881836,27.68000030517578,28.190000534057617,3332900,0.0,0.0
2023-09-05 00:00:00-04:00,28.0,28.229999542236328,27.06999969482422,27.1299991607666,3943400,0.0,0.0
2023-09-06 00:00:00-04:00,26.8700008392334,27.280000686645508,26.559999465942383,26.850000381469727,3527300,0.0,0.0
2023-09-07 00:00:00-04:00,26.860000610351562,27.18000030517578,26.520000457763672,26.670000076293945,4345200,0.0,0.0
2023-09-08 00:00:00-04:00,27.010000228881836,27.479999542236328,26.780000686645508,26.799999237060547,3891900,0.0,0.0
2023-09-11 00:00:00-04:00,27.059999465942383,27.219999313354492,25.8799991607666,26.09000015258789,4563200,0.0,0.0
2023-09-12 00:00:00-04:00,26.600000381469727,27.110000610351562,26.350000381469727,27.049999237060547,3493200,0.0,0.0
2023-09-13 00:00:00-04:00,27.06999969482422,27.350000381469727,26.780000686645508,27.100000381469727,2785300,0.0,0.0
2023-09-14 00:00:00-04:00,27.579999923706055,27.639999389648438,26.799999237060547,27.34000015258789,3369300,0.0,0.0
2023-09-15 00:00:00-04:00,26.940000534057617,27.280000686645508,26.290000915527344,26.5,9399900,0.0,0.0
2023-09-18 00:00:00-04:00,26.649999618530273,26.850000381469727,26.100000381469727,26.200000762939453,3255900,0.0,0.0
2023-09-19 00:00:00-04:00,26.520000457763672,26.600000381469727,25.920000076293945,25.920000076293945,3481600,0.0,0.0
2023-09-20 00:00:00-04:00,25.479999542236328,25.989999771118164,24.920000076293945,24.959999084472656,5368000,0.0,0.0
2023-09-21 00:00:00-04:00,25.110000610351562,25.110000610351562,23.920000076293945,24.049999237060547,4869100,0.0,0.0
2023-09-22 00:00:00-04:00,24.18000030517578,24.459999084472656,23.809999465942383,23.81999969482422,2651200,0.0,0.0
2023-09-25 00:00:00-04:00,23.729999542236328,24.190000534057617,23.649999618530273,24.079999923706055,4151300,0.0,0.0
2023-09-26 00:00:00-04:00,23.729999542236328,24.739999771118164,23.670000076293945,24.270000457763672,5393000,0.0,0.0
2023-09-27 00:00:00-04:00,24.780000686645508,25.260000228881836,24.59000015258789,24.93000030517578,4847400,0.0,0.0
2023-09-28 00:00:00-04:00,24.8799991607666,25.739999771118164,24.579999923706055,25.450000762939453,4823300,0.0,0.0
2023-09-29 00:00:00-04:00,25.459999084472656,25.760000228881836,25.219999313354492,25.3799991607666,4016800,0.0,0.0
2023-10-02 00:00:00-04:00,25.290000915527344,25.329999923706055,23.860000610351562,24.190000534057617,4484800,0.0,0.0
2023-10-03 00:00:00-04:00,24.209999084472656,24.350000381469727,23.739999771118164,24.270000457763672,5568600,0.0,0.0
2023-10-04 00:00:00-04:00,24.299999237060547,24.299999237060547,23.579999923706055,23.899999618530273,4528000,0.0,0.0
2023-10-05 00:00:00-04:00,23.799999237060547,24.670000076293945,23.770000457763672,24.559999465942383,7250300,0.0,0.0
2023-10-06 00:00:00-04:00,24.81999969482422,25.989999771118164,24.670000076293945,25.649999618530273,6643400,0.0,0.0
2023-10-09 00:00:00-04:00,26.15999984741211,27.5,26.15999984741211,27.3799991607666,6056000,0.0,0.0
2023-10-10 00:00:00-04:00,27.40999984741211,27.530000686645508,27.040000915527344,27.1299991607666,3200400,0.0,0.0
2023-10-11 00:00:00-04:00,26.5,27.209999084472656,26.459999084472656,27.149999618530273,2601600,0.0,0.0
2023-10-12 00:00:00-04:00,27.329999923706055,27.600000381469727,26.969999313354492,27.34000015258789,4783700,0.0,0.0
2023-10-13 00:00:00-04:00,27.780000686645508,27.989999771118164,27.3799991607666,27.829999923706055,4252500,0.0,0.0
2023-10-16 00:00:00-04:00,27.84000015258789,27.950000762939453,27.190000534057617,27.790000915527344,2981900,0.0,0.0
2023-10-17 00:00:00-04:00,27.780000686645508,28.850000381469727,27.729999542236328,28.719999313354492,6519900,0.0,0.0
2023-10-18 00:00:00-04:00,28.90999984741211,29.010000228881836,28.299999237060547,28.5,3989300,0.0,0.0
2023-10-19 00:00:00-04:00,28.40999984741211,29.0,28.209999084472656,28.360000610351562,4537500,0.0,0.0
2023-10-20 00:00:00-04:00,28.149999618530273,28.360000610351562,27.809999465942383,27.969999313354492,5008300,0.0,0.0
2023-10-23 00:00:00-04:00,27.649999618530273,28.200000762939453,27.3700008392334,27.860000610351562,4079900,0.0,0.0
2023-10-24 00:00:00-04:00,28.1299991607666,28.420000076293945,27.950000762939453,28.030000686645508,4043900,0.0,0.0
2023-10-25 00:00:00-04:00,28.110000610351562,28.280000686645508,27.649999618530273,28.1200008392334,4297900,0.0,0.0
2023-10-26 00:00:00-04:00,27.459999084472656,30.149999618530273,26.75,29.469999313354492,10589400,0.0,0.0
2023-10-27 00:00:00-04:00,29.6200008392334,29.739999771118164,28.510000228881836,28.889999389648438,7586100,0.0,0.0
2023-10-30 00:00:00-04:00,28.6200008392334,29.079999923706055,28.260000228881836,28.530000686645508,5115100,0.0,0.0
2023-10-31 00:00:00-04:00,28.84000015258789,29.690000534057617,28.489999771118164,29.440000534057617,5390900,0.0,0.0
2023-11-01 00:00:00-04:00,28.899999618530273,30.020000457763672,28.709999084472656,29.780000686645508,4101700,0.0,0.0
2023-11-02 00:00:00-04:00,29.780000686645508,30.440000534057617,29.299999237060547,30.43000030517578,3496200,0.0,0.0
2023-11-03 00:00:00-04:00,30.34000015258789,30.899999618530273,30.170000076293945,30.489999771118164,3234200,0.0,0.0
2023-11-06 00:00:00-05:00,30.079999923706055,30.170000076293945,28.299999237060547,28.959999084472656,4911300,0.0,0.0
2023-11-07 00:00:00-05:00,28.420000076293945,28.489999771118164,27.43000030517578,27.739999771118164,4715600,0.0,0.0
2023-11-08 00:00:00-05:00,27.450000762939453,27.700000762939453,26.469999313354492,26.75,3902300,0.0,0.0
2023-11-09 00:00:00-05:00,26.899999618530273,26.969999313354492,26.09000015258789,26.190000534057617,5483100,0.0,0.0
2023-11-10 00:00:00-05:00,26.450000762939453,26.489999771118164,25.68000030517578,25.729999542236328,3558400,0.0,0.0
2023-11-13 00:00:00-05:00,26.06999969482422,26.670000076293945,25.739999771118164,26.31999969482422,3344800,0.0,0.0
2023-11-14 00:00:00-05:00,26.309999465942383,26.950000762939453,26.229999542236328,26.40999984741211,3532600,0.0,0.0
2023-11-15 00:00:00-05:00,26.59000015258789,27.290000915527344,26.489999771118164,26.850000381469727,3383400,0.0,0.0
2023-11-16 00:00:00-05:00,26.559999465942383,26.75,25.049999237060547,25.520000457763672,7086700,0.0,0.0
2023-11-17 00:00:00-05:00,25.510000228881836,25.860000610351562,25.260000228881836,25.6200008392334,3688600,0.0,0.0
2023-11-20 00:00:00-05:00,25.649999618530273,25.670000076293945,25.170000076293945,25.219999313354492,5013300,0.0,0.0
2023-11-21 00:00:00-05:00,25.059999465942383,25.170000076293945,24.719999313354492,24.850000381469727,3847400,0.0,0.0
2023-11-22 00:00:00-05:00,24.420000076293945,25.15999984741211,24.280000686645508,25.06999969482422,3028100,0.0,0.0
2023-11-24 00:00:00-05:00,24.709999084472656,25.219999313354492,24.65999984741211,25.1299991607666,1320300,0.0,0.0
2023-11-27 00:00:00-05:00,24.799999237060547,24.8700008392334,24.079999923706055,24.31999969482422,4762500,0.0,0.0
2023-11-28 00:00:00-05:00,24.25,24.3700008392334,23.899999618530273,24.030000686645508,3239800,0.0,0.0
2023-11-29 00:00:00-05:00,24.149999618530273,24.270000457763672,23.639999389648438,23.65999984741211,4337900,0.0,0.0
2023-11-30 00:00:00-05:00,24.030000686645508,24.530000686645508,23.309999465942383,23.6299991607666,6402200,0.0,0.0
2023-12-01 00:00:00-05:00,23.520000457763672,24.479999542236328,23.3700008392334,23.8799991607666,3315400,0.0,0.0
2023-12-04 00:00:00-05:00,23.040000915527344,23.479999542236328,22.90999984741211,23.030000686645508,4889300,0.0,0.0
2023-12-05 00:00:00-05:00,23.190000534057617,23.420000076293945,22.530000686645508,22.540000915527344,4788900,0.0,0.0
2023-12-06 00:00:00-05:00,22.3700008392334,22.860000610351562,21.729999542236328,21.770000457763672,6731100,0.0,0.0
2023-12-07 00:00:00-05:00,21.709999084472656,21.920000076293945,20.8799991607666,21.0,7922600,0.0,0.0
2023-12-08 00:00:00-05:00,21.100000381469727,21.18000030517578,20.700000762939453,20.920000076293945,5919800,0.0,0.0
2023-12-11 00:00:00-05:00,20.149999618530273,21.280000686645508,20.1299991607666,21.190000534057617,6918200,0.0,0.0
2023-12-12 00:00:00-05:00,20.56999969482422,20.700000762939453,20.100000381469727,20.3700008392334,7138200,0.0,0.0
2023-12-13 00:00:00-05:00,20.40999984741211,21.09000015258789,20.34000015258789,21.049999237060547,6708300,0.0,0.0
2023-12-14 00:00:00-05:00,21.68000030517578,22.280000686645508,21.290000915527344,21.8700008392334,7863800,0.0,0.0
2023-12-15 00:00:00-05:00,21.93000030517578,22.219999313354492,21.479999542236328,21.989999771118164,14949300,0.0,0.0
2023-12-18 00:00:00-05:00,22.459999084472656,22.81999969482422,22.18000030517578,22.3700008392334,5305500,0.0,0.0
2023-12-19 00:00:00-05:00,22.329999923706055,22.510000228881836,21.809999465942383,22.5,4108200,0.0,0.0
2023-12-20 00:00:00-05:00,22.530000686645508,22.670000076293945,21.700000762939453,21.709999084472656,3487800,0.0,0.0
2023-12-21 00:00:00-05:00,22.010000228881836,22.770000457763672,21.950000762939453,22.760000228881836,4404600,0.0,0.0
2023-12-22 00:00:00-05:00,22.790000915527344,23.020000457763672,22.6200008392334,22.780000686645508,3937800,0.0,0.0
2023-12-26 00:00:00-05:00,22.780000686645508,23.1200008392334,22.6299991607666,22.940000534057617,5142600,0.0,0.0
2023-12-27 00:00:00-05:00,23.190000534057617,23.260000228881836,22.639999389648438,22.75,4049400,0.0,0.0
2023-12-28 00:00:00-05:00,22.799999237060547,23.18000030517578,22.690000534057617,22.93000030517578,3685600,0.0,0.0
2023-12-29 00:00:00-05:00,22.8700008392334,23.040000915527344,22.610000610351562,22.68000030517578,3968300,0.0,0.0
2024-01-02 00:00:00-05:00,23.0,23.1200008392334,22.489999771118164,22.6200008392334,3299500,0.0,0.0
2024-01-03 00:00:00-05:00,22.239999771118164,23.059999465942383,22.170000076293945,22.770000457763672,5567900,0.0,0.0
2024-01-04 00:00:00-05:00,23.270000457763672,23.280000686645508,22.329999923706055,22.389999389648438,6270700,0.0,0.0
2024-01-05 00:00:00-05:00,22.3799991607666,23.25,22.219999313354492,23.25,9297700,0.0,0.0
2024-01-08 00:00:00-05:00,22.459999084472656,23.260000228881836,22.049999237060547,23.010000228881836,7462400,0.0,0.0
2024-01-09 00:00:00-05:00,23.309999465942383,23.760000228881836,22.81999969482422,23.440000534057617,6214200,0.0,0.0
2024-01-10 00:00:00-05:00,22.940000534057617,23.0,22.469999313354492,22.889999389648438,5539900,0.0,0.0
2024-01-11 00:00:00-05:00,22.989999771118164,23.530000686645508,22.65999984741211,22.75,5602600,0.0,0.0
2024-01-12 00:00:00-05:00,23.350000381469727,23.700000762939453,22.90999984741211,23.450000762939453,4952800,0.0,0.0
2024-01-16 00:00:00-05:00,22.850000381469727,23.309999465942383,22.0,22.020000457763672,5495300,0.0,0.0
2024-01-17 00:00:00-05:00,21.75,22.450000762939453,21.649999618530273,22.110000610351562,4608300,0.0,0.0
2024-01-18 00:00:00-05:00,22.239999771118164,22.34000015258789,21.649999618530273,21.899999618530273,4637300,0.0,0.0
2024-01-19 00:00:00-05:00,21.6299991607666,21.950000762939453,21.31999969482422,21.899999618530273,4939900,0.0,0.0
2024-01-22 00:00:00-05:00,21.559999465942383,21.90999984741211,21.420000076293945,21.639999389648438,4527600,0.0,0.0
2024-01-23 00:00:00-05:00,21.739999771118164,22.06999969482422,21.579999923706055,21.920000076293945,3245500,0.0,0.0
2024-01-24 00:00:00-05:00,22.229999542236328,22.709999084472656,22.149999618530273,22.540000915527344,2918600,0.0,0.0
2024-01-25 00:00:00-05:00,22.799999237060547,22.8799991607666,22.200000762939453,22.799999237060547,5081600,0.0,0.0
2024-01-26 00:00:00-05:00,22.790000915527344,22.8799991607666,22.280000686645508,22.68000030517578,5238400,0.0,0.0
2024-01-29 00:00:00-05:00,22.579999923706055,22.6299991607666,22.059999465942383,22.579999923706055,4025200,0.0,0.0
2024-01-30 00:00:00-05:00,22.309999465942383,23.149999618530273,22.229999542236328,22.93000030517578,3931300,0.0,0.0
2024-01-31 00:00:00-05:00,22.899999618530273,23.010000228881836,22.34000015258789,22.34000015258789,3926000,0.0,0.0
2024-02-01 00:00:00-05:00,22.479999542236328,22.610000610351562,21.84000015258789,22.15999984741211,3679300,0.0,0.0
2024-02-02 00:00:00-05:00,22.09000015258789,22.200000762939453,21.65999984741211,21.889999389648438,2749600,0.0,0.0
2024-02-05 00:00:00-05:00,21.709999084472656,21.709999084472656,21.110000610351562,21.1200008392334,3341900,0.0,0.0
2024-02-06 00:00:00-05:00,21.1299991607666,21.8799991607666,21.020000457763672,21.540000915527344,3288500,0.0,0.0
2024-02-07 00:00:00-05:00,21.65999984741211,21.739999771118164,21.229999542236328,21.360000610351562,3066400,0.0,0.0
2024-02-08 00:00:00-05:00,21.170000076293945,21.790000915527344,21.15999984741211,21.6299991607666,5237500,0.0,0.0
2024-02-09 00:00:00-05:00,21.5,21.700000762939453,20.959999084472656,21.139999389648438,5457700,0.0,0.0
2024-02-12 00:00:00-05:00,21.200000762939453,22.010000228881836,21.149999618530273,21.5,5174800,0.0,0.0
2024-02-13 00:00:00-05:00,21.15999984741211,21.280000686645508,20.770000457763672,21.0,6271000,0.0,0.0
2024-02-14 00:00:00-05:00,20.889999389648438,21.329999923706055,20.559999465942383,21.209999084472656,9348800,0.0,0.0
2024-02-15 00:00:00-05:00,22.68000030517578,23.780000686645508,22.010000228881836,23.520000457763672,14262800,0.0,0.0
2024-02-16 00:00:00-05:00,23.6200008392334,24.190000534057617,23.309999465942383,23.969999313354492,7117000,0.0,0.0
2024-02-20 00:00:00-05:00,23.829999923706055,24.010000228881836,23.25,23.40999984741211,5742300,0.0,0.0
2024-02-21 00:00:00-05:00,24.850000381469727,26.489999771118164,24.81999969482422,25.6299991607666,13922600,0.0,0.0
2024-02-22 00:00:00-05:00,24.799999237060547,26.030000686645508,24.43000030517578,25.690000534057617,6551000,0.0,0.0
2024-02-23 00:00:00-05:00,25.229999542236328,25.479999542236328,24.6299991607666,25.209999084472656,5581800,0.0,0.0
2024-02-26 00:00:00-05:00,25.600000381469727,25.93000030517578,25.18000030517578,25.420000076293945,5318800,0.0,0.0
2024-02-27 00:00:00-05:00,25.729999542236328,25.84000015258789,25.350000381469727,25.40999984741211,2964200,0.0,0.0
2024-02-28 00:00:00-05:00,25.450000762939453,25.790000915527344,25.299999237060547,25.459999084472656,2650100,0.0,0.0
2024-02-29 00:00:00-05:00,25.489999771118164,25.899999618530273,25.309999465942383,25.700000762939453,4418900,0.0,0.0
2024-03-01 00:00:00-05:00,25.8700008392334,26.420000076293945,25.709999084472656,25.920000076293945,3776200,0.0,0.0
2024-03-04 00:00:00-05:00,26.600000381469727,27.010000228881836,26.440000534057617,26.739999771118164,6356700,0.0,0.0
2024-03-05 00:00:00-05:00,26.649999618530273,27.299999237060547,26.549999237060547,26.950000762939453,3945000,0.0,0.0
2024-03-06 00:00:00-05:00,27.049999237060547,27.260000228881836,26.549999237060547,26.8700008392334,2881700,0.0,0.0
2024-03-07 00:00:00-05:00,26.850000381469727,26.959999084472656,26.43000030517578,26.479999542236328,3474100,0.0,0.0
2024-03-08 00:00:00-05:00,26.530000686645508,26.850000381469727,26.40999984741211,26.649999618530273,2649400,0.0,0.0
2024-03-11 00:00:00-04:00,26.459999084472656,26.540000915527344,25.84000015258789,26.31999969482422,5158400,0.0,0.0
2024-03-12 00:00:00-04:00,26.700000762939453,26.719999313354492,26.010000228881836,26.18000030517578,3511500,0.0,0.0
2024-03-13 00:00:00-04:00,26.049999237060547,26.579999923706055,25.979999542236328,26.059999465942383,4756300,0.0,0.0
2024-03-14 00:00:00-04:00,26.06999969482422,26.260000228881836,25.6200008392334,26.18000030517578,3340100,0.0,0.0
2024-03-15 00:00:00-04:00,25.90999984741211,26.239999771118164,25.639999389648438,25.809999465942383,5920200,0.0,0.0
2024-03-18 00:00:00-04:00,25.850000381469727,25.940000534057617,25.450000762939453,25.600000381469727,3576100,0.0,0.0
2024-03-19 00:00:00-04:00,25.5,26.209999084472656,25.450000762939453,26.06999969482422,2863800,0.0,0.0
2024-03-20 00:00:00-04:00,26.190000534057617,26.850000381469727,26.09000015258789,26.690000534057617,3978500,0.0,0.0
2024-03-21 00:00:00-04:00,26.639999389648438,27.170000076293945,26.56999969482422,26.8700008392334,3452600,0.0,0.0
2024-03-22 00:00:00-04:00,26.799999237060547,27.170000076293945,26.639999389648438,26.989999771118164,3403500,0.0,0.0
2024-03-25 00:00:00-04:00,27.1299991607666,27.719999313354492,27.110000610351562,27.459999084472656,3514500,0.0,0.0
2024-03-26 00:00:00-04:00,27.59000015258789,27.739999771118164,27.25,27.31999969482422,2952100,0.0,0.0
2024-03-27 00:00:00-04:00,27.200000762939453,28.739999771118164,27.15999984741211,28.719999313354492,5629000,0.0,0.0
2024-03-28 00:00:00-04:00,28.850000381469727,29.31999969482422,28.75,29.0,5788500,0.0,0.0
2024-04-01 00:00:00-04:00,29.489999771118164,29.5,29.010000228881836,29.389999389648438,3767400,0.0,0.0
2024-04-02 00:00:00-04:00,29.18000030517578,29.510000228881836,28.920000076293945,29.510000228881836,4511600,0.0,0.0
2024-04-03 00:00:00-04:00,29.690000534057617,29.690000534057617,29.219999313354492,29.40999984741211,4841000,0.0,0.0
2024-04-04 00:00:00-04:00,29.5,29.809999465942383,28.790000915527344,28.959999084472656,4001100,0.0,0.0
2024-04-05 00:00:00-04:00,28.889999389648438,29.329999923706055,28.579999923706055,29.290000915527344,3461100,0.0,0.0
2024-04-08 00:00:00-04:00,29.520000457763672,30.18000030517578,29.209999084472656,29.969999313354492,4560400,0.0,0.0
2024-04-09 00:00:00-04:00,30.229999542236328,30.420000076293945,29.56999969482422,30.229999542236328,4171000,0.0,0.0
2024-04-10 00:00:00-04:00,29.969999313354492,30.520000457763672,29.81999969482422,30.489999771118164,4595300,0.0,0.0
2024-04-11 00:00:00-04:00,30.649999618530273,30.780000686645508,29.670000076293945,30.18000030517578,3700300,0.0,0.0
2024-04-12 00:00:00-04:00,30.469999313354492,30.790000915527344,29.56999969482422,29.790000915527344,3029500,0.0,0.0
2024-04-15 00:00:00-04:00,29.790000915527344,30.049999237060547,28.84000015258789,29.0,3200000,0.0,0.0
2024-04-16 00:00:00-04:00,28.899999618530273,29.290000915527344,28.110000610351562,29.1200008392334,3160200,0.0,0.0
2024-04-17 00:00:00-04:00,29.920000076293945,30.139999389648438,28.959999084472656,29.15999984741211,3861600,0.0,0.0
2024-04-18 00:00:00-04:00,29.239999771118164,29.520000457763672,28.760000228881836,28.860000610351562,3845700,0.0,0.0
2024-04-19 00:00:00-04:00,28.809999465942383,29.3799991607666,28.799999237060547,29.290000915527344,3526800,0.0,0.0
2024-04-22 00:00:00-04:00,29.270000457763672,30.75,29.059999465942383,30.3700008392334,5516600,0.0,0.0
2024-04-23 00:00:00-04:00,30.34000015258789,31.40999984741211,30.0,31.020000457763672,5841100,0.0,0.0
2024-04-24 00:00:00-04:00,30.75,31.719999313354492,30.459999084472656,31.440000534057617,7273100,0.0,0.0
2024-04-25 00:00:00-04:00,32.0,33.61000061035156,31.68000030517578,33.38999938964844,10084400,0.0,0.0
2024-04-26 00:00:00-04:00,33.0099983215332,34.2400016784668,32.709999084472656,33.79999923706055,7919500,0.0,0.0
2024-04-29 00:00:00-04:00,33.81999969482422,34.34000015258789,33.72999954223633,34.29999923706055,6687700,0.0,0.0
2024-04-30 00:00:00-04:00,34.59000015258789,34.689998626708984,33.7400016784668,34.0099983215332,6485700,0.0,0.0
2024-05-01 00:00:00-04:00,33.66999816894531,33.84000015258789,32.2400016784668,32.65999984741211,7115900,0.0,0.0
2024-05-02 00:00:00-04:00,33.04999923706055,33.04999923706055,32.02000045776367,32.650001525878906,5813800,0.0,0.0
2024-05-03 00:00:00-04:00,32.9900016784668,33.33000183105469,32.7599983215332,33.13999938964844,3635400,0.0,0.0
2024-05-06 00:00:00-04:00,33.689998626708984,34.38999938964844,33.5099983215332,34.34000015258789,3807700,0.0,0.0
2024-05-07 00:00:00-04:00,34.150001525878906,34.9900016784668,34.119998931884766,34.349998474121094,4300500,0.0,0.0
2024-05-08 00:00:00-04:00,34.15999984741211,34.650001525878906,33.91999816894531,34.02000045776367,3561500,0.0,0.0
2024-05-09 00:00:00-04:00,34.099998474121094,34.41999816894531,33.970001220703125,34.38999938964844,3032700,0.0,0.0
2024-05-10 00:00:00-04:00,34.47999954223633,34.599998474121094,33.04999923706055,33.31999969482422,3475400,0.0,0.0
2024-05-13 00:00:00-04:00,33.459999084472656,33.68000030517578,33.130001068115234,33.45000076293945,2776600,0.0,0.0
2024-05-14 00:00:00-04:00,33.29999923706055,34.060001373291016,33.2400016784668,33.970001220703125,2970700,0.0,0.0
2024-05-15 00:00:00-04:00,33.93000030517578,34.40999984741211,33.689998626708984,34.31999969482422,3097000,0.0,0.0
2024-05-16 00:00:00-04:00,34.40999984741211,34.97999954223633,34.150001525878906,34.150001525878906,1966900,0.0,0.0
2024-05-17 00:00:00-04:00,34.560001373291016,35.06999969482422,34.29999923706055,35.0,2725100,0.0,0.0
2024-05-20 00:00:00-04:00,35.06999969482422,35.83000183105469,35.06999969482422,35.52000045776367,3355500,0.0,0.0
2024-05-21 00:00:00-04:00,35.09000015258789,35.5,34.34000015258789,34.380001068115234,3550400,0.0,0.0
2024-05-22 00:00:00-04:00,34.11000061035156,34.41999816894531,33.439998626708984,34.11000061035156,3427300,0.0,0.0
2024-05-23 00:00:00-04:00,34.68000030517578,34.709999084472656,33.34000015258789,33.5099983215332,2450500,0.0,0.0
2024-05-24 00:00:00-04:00,33.52000045776367,33.93000030517578,33.20000076293945,33.279998779296875,3075300,0.0,0.0
2024-05-28 00:00:00-04:00,33.380001068115234,34.810001373291016,33.36000061035156,34.68000030517578,3198600,0.0,0.0
2024-05-29 00:00:00-04:00,34.4900016784668,34.65999984741211,33.869998931884766,34.22999954223633,2823100,0.0,0.0
2024-05-30 00:00:00-04:00,34.2400016784668,35.2599983215332,34.04999923706055,35.11000061035156,4396900,0.0,0.0
2024-05-31 00:00:00-04:00,35.279998779296875,35.790000915527344,34.790000915527344,35.630001068115234,3733300,0.0,0.0
2024-06-03 00:00:00-04:00,36.13999938964844,36.279998779296875,34.66999816894531,35.11000061035156,4151500,0.0,0.0
2024-06-04 00:00:00-04:00,34.66999816894531,34.66999816894531,33.0,33.709999084472656,4163100,0.0,0.0
2024-06-05 00:00:00-04:00,33.810001373291016,34.63999938964844,33.779998779296875,34.41999816894531,2446200,0.0,0.0
2024-06-06 00:00:00-04:00,34.459999084472656,34.720001220703125,33.779998779296875,34.06999969482422,1675900,0.0,0.0
2024-06-07 00:00:00-04:00,33.790000915527344,34.349998474121094,33.619998931884766,34.02000045776367,1912600,0.0,0.0
2024-06-10 00:00:00-04:00,34.220001220703125,35.4900016784668,34.11000061035156,35.220001220703125,2986800,0.0,0.0
2024-06-11 00:00:00-04:00,35.04999923706055,35.59000015258789,34.810001373291016,35.369998931884766,2753300,0.0,0.0
2024-06-12 00:00:00-04:00,35.65999984741211,35.81999969482422,34.63999938964844,34.86000061035156,2880300,0.0,0.0
2024-06-13 00:00:00-04:00,34.70000076293945,35.0,33.75,34.11000061035156,2750200,0.0,0.0
2024-06-14 00:00:00-04:00,33.900001525878906,33.97999954223633,32.939998626708984,33.15999984741211,3435400,0.0,0.0
2024-06-17 00:00:00-04:00,33.15999984741211,33.31999969482422,32.2599983215332,32.54999923706055,3964100,0.0,0.0
2024-06-18 00:00:00-04:00,32.63999938964844,32.97999954223633,32.380001068115234,32.79999923706055,3639900,0.0,0.0
2024-06-20 00:00:00-04:00,32.619998931884766,33.189998626708984,32.380001068115234,32.470001220703125,3647600,0.0,0.0
2024-06-21 00:00:00-04:00,32.4900016784668,32.790000915527344,32.0,32.43000030517578,6619400,0.0,0.0
2024-06-24 00:00:00-04:00,32.560001373291016,33.77000045776367,32.54999923706055,33.4900016784668,3543100,0.0,0.0
2024-06-25 00:00:00-04:00,33.2400016784668,33.81999969482422,32.91999816894531,33.5099983215332,2982900,0.0,0.0
2024-06-26 00:00:00-04:00,33.38999938964844,33.38999938964844,32.630001068115234,32.88999938964844,2503100,0.0,0.0
2024-06-27 00:00:00-04:00,33.029998779296875,33.209999084472656,32.18000030517578,32.619998931884766,2438500,0.0,0.0
2024-06-28 00:00:00-04:00,32.95000076293945,33.27000045776367,32.209999084472656,32.630001068115234,4492200,0.0,0.0
2024-07-01 00:00:00-04:00,32.689998626708984,32.72999954223633,31.950000762939453,32.130001068115234,3057900,0.0,0.0
2024-07-02 00:00:00-04:00,32.380001068115234,32.880001068115234,32.15999984741211,32.86000061035156,2353900,0.0,0.0
2024-07-03 00:00:00-04:00,33.0,33.43000030517578,32.86000061035156,33.29999923706055,1640100,0.0,0.0
2024-07-05 00:00:00-04:00,33.13999938964844,33.33000183105469,32.439998626708984,32.61000061035156,1470900,0.0,0.0
2024-07-08 00:00:00-04:00,32.79999923706055,33.15999984741211,32.400001525878906,32.79999923706055,1963000,0.0,0.0
2024-07-09 00:00:00-04:00,32.61000061035156,32.720001220703125,32.04999923706055,32.47999954223633,2772700,0.0,0.0
2024-07-10 00:00:00-04:00,32.47999954223633,32.56999969482422,31.790000915527344,32.02000045776367,2555300,0.0,0.0
2024-07-11 00:00:00-04:00,32.369998931884766,32.81999969482422,32.040000915527344,32.47999954223633,2206200,0.0,0.0
2024-07-12 00:00:00-04:00,32.720001220703125,32.72999954223633,32.189998626708984,32.560001373291016,2228900,0.0,0.0
2024-07-15 00:00:00-04:00,32.7400016784668,32.7400016784668,31.3700008392334,31.989999771118164,4785900,0.0,0.0
2024-07-16 00:00:00-04:00,32.029998779296875,32.16999816894531,31.270000457763672,31.649999618530273,3767800,0.0,0.0
2024-07-17 00:00:00-04:00,31.350000381469727,31.739999771118164,29.760000228881836,29.809999465942383,7696800,0.0,0.0
2024-07-18 00:00:00-04:00,29.889999389648438,29.950000762939453,29.15999984741211,29.469999313354492,5052400,0.0,0.0
2024-07-19 00:00:00-04:00,29.25,29.700000762939453,29.09000015258789,29.690000534057617,3402800,0.0,0.0
2024-07-22 00:00:00-04:00,29.889999389648438,30.950000762939453,29.459999084472656,30.809999465942383,5050800,0.0,0.0
2024-07-23 00:00:00-04:00,30.690000534057617,30.829999923706055,30.15999984741211,30.459999084472656,4175500,0.0,0.0
2024-07-24 00:00:00-04:00,30.639999389648438,30.829999923706055,29.799999237060547,29.84000015258789,4058700,0.0,0.0
2024-07-25 00:00:00-04:00,29.829999923706055,30.100000381469727,29.18000030517578,29.200000762939453,4020400,0.0,0.0
2024-07-26 00:00:00-04:00,29.3700008392334,29.790000915527344,28.979999542236328,29.59000015258789,3345000,0.0,0.0
2024-07-29 00:00:00-04:00,29.649999618530273,29.68000030517578,28.889999389648438,29.170000076293945,3372100,0.0,0.0
2024-07-30 00:00:00-04:00,29.149999618530273,29.479999542236328,28.729999542236328,29.020000457763672,3167600,0.0,0.0
2024-07-31 00:00:00-04:00,29.549999237060547,29.739999771118164,28.989999771118164,29.020000457763672,3585400,0.0,0.0
2024-08-01 00:00:00-04:00,29.559999465942383,29.729999542236328,28.149999618530273,28.770000457763672,5586300,0.0,0.0
2024-08-02 00:00:00-04:00,28.34000015258789,28.399999618530273,26.479999542236328,26.5,5741900,0.0,0.0
2024-08-05 00:00:00-04:00,25.549999237060547,25.969999313354492,24.81999969482422,25.200000762939453,5972000,0.0,0.0
2024-08-06 00:00:00-04:00,25.329999923706055,25.809999465942383,24.8799991607666,25.34000015258789,3962900,0.0,0.0
2024-08-07 00:00:00-04:00,25.979999542236328,26.540000915527344,25.260000228881836,25.299999237060547,3762800,0.0,0.0
2024-08-08 00:00:00-04:00,25.360000610351562,26.690000534057617,25.290000915527344,26.549999237060547,3064300,0.0,0.0
2024-08-09 00:00:00-04:00,26.530000686645508,26.950000762939453,26.229999542236328,26.709999084472656,2222100,0.0,0.0
2024-08-12 00:00:00-04:00,26.940000534057617,27.639999389648438,26.93000030517578,27.190000534057617,2678200,0.0,0.0
2024-08-13 00:00:00-04:00,26.8799991607666,27.350000381469727,26.719999313354492,27.290000915527344,2939600,0.0,0.0
2024-08-14 00:00:00-04:00,27.5,27.549999237060547,26.979999542236328,27.399999618530273,2053000,0.0,0.0
2024-08-15 00:00:00-04:00,27.510000228881836,27.969999313354492,27.350000381469727,27.84000015258789,3164000,0.0,0.0
2024-08-16 00:00:00-04:00,27.59000015258789,27.989999771118164,27.520000457763672,27.889999389648438,1469900,0.0,0.0
2024-08-19 00:00:00-04:00,28.100000381469727,28.8799991607666,27.959999084472656,28.780000686645508,2911100,0.0,0.0
2024-08-20 00:00:00-04:00,28.8700008392334,28.979999542236328,27.860000610351562,28.34000015258789,2672000,0.0,0.0
2024-08-21 00:00:00-04:00,28.670000076293945,28.709999084472656,27.649999618530273,27.780000686645508,2395500,0.0,0.0
2024-08-22 00:00:00-04:00,27.809999465942383,27.899999618530273,26.850000381469727,26.889999389648438,3663800,0.0,0.0
2024-08-23 00:00:00-04:00,27.18000030517578,27.670000076293945,27.139999389648438,27.59000015258789,2772400,0.0,0.0
2024-08-26 00:00:00-04:00,27.889999389648438,28.110000610351562,27.350000381469727,27.3799991607666,3620800,0.0,0.0
2024-08-27 00:00:00-04:00,27.309999465942383,27.399999618530273,26.530000686645508,26.579999923706055,3209000,0.0,0.0
2024-08-28 00:00:00-04:00,26.5,26.6299991607666,26.139999389648438,26.549999237060547,2820700,0.0,0.0
2024-08-29 00:00:00-04:00,26.670000076293945,26.979999542236328,26.290000915527344,26.899999618530273,2640800,0.0,0.0
2024-08-30 00:00:00-04:00,26.790000915527344,27.030000686645508,26.520000457763672,26.989999771118164,2867600,0.0,0.0
2024-09-03 00:00:00-04:00,26.5,26.559999465942383,25.56999969482422,25.639999389648438,3922900,0.0,0.0
2024-09-04 00:00:00-04:00,25.639999389648438,26.079999923706055,24.68000030517578,24.940000534057617,3691900,0.0,0.0
2024-09-05 00:00:00-04:00,25.309999465942383,25.469999313354492,24.93000030517578,25.329999923706055,3451900,0.0,0.0
2024-09-06 00:00:00-04:00,25.280000686645508,25.639999389648438,25.010000228881836,25.459999084472656,3878800,0.0,0.0
2024-09-09 00:00:00-04:00,25.25,25.6200008392334,25.079999923706055,25.170000076293945,3794500,0.0,0.0
2024-09-10 00:00:00-04:00,25.170000076293945,25.309999465942383,24.530000686645508,25.25,3104400,0.0,0.0
2024-09-11 00:00:00-04:00,25.719999313354492,26.709999084472656,25.40999984741211,26.489999771118164,4174700,0.0,0.0
2024-09-12 00:00:00-04:00,26.299999237060547,26.799999237060547,25.8700008392334,26.56999969482422,4659900,0.0,0.0
2024-09-13 00:00:00-04:00,26.90999984741211,27.0,26.290000915527344,26.489999771118164,3316700,0.0,0.0
2024-09-16 00:00:00-04:00,26.450000762939453,27.06999969482422,26.239999771118164,26.68000030517578,3643000,0.0,0.0
2024-09-17 00:00:00-04:00,26.81999969482422,27.1200008392334,26.440000534057617,26.450000762939453,3693600,0.0,0.0
2024-09-18 00:00:00-04:00,26.450000762939453,27.06999969482422,26.3700008392334,26.649999618530273,2785900,0.0,0.0
2024-09-19 00:00:00-04:00,27.309999465942383,27.719999313354492,26.959999084472656,27.25,3386100,0.0,0.0
2024-09-20 00:00:00-04:00,27.25,27.579999923706055,26.790000915527344,27.440000534057617,4413000,0.0,0.0
2024-09-23 00:00:00-04:00,27.65999984741211,28.940000534057617,27.59000015258789,28.8799991607666,5155000,0.0,0.0
2024-09-24 00:00:00-04:00,29.139999389648438,29.229999542236328,28.3700008392334,28.3799991607666,3974900,0.0,0.0
2024-09-25 00:00:00-04:00,28.459999084472656,28.639999389648438,27.6299991607666,27.739999771118164,3897800,0.0,0.0
2024-09-26 00:00:00-04:00,27.5,28.1200008392334,27.260000228881836,27.709999084472656,6909700,0.0,0.0
2024-09-27 00:00:00-04:00,28.280000686645508,28.899999618530273,28.149999618530273,28.709999084472656,4360300,0.0,0.0
2024-09-30 00:00:00-04:00,28.110000610351562,28.959999084472656,28.040000915527344,28.649999618530273,4733800,0.0,0.0
2024-10-01 00:00:00-04:00,27.920000076293945,28.729999542236328,27.68000030517578,28.65999984741211,4673900,0.0,0.0
2024-10-02 00:00:00-04:00,29.260000228881836,29.6299991607666,28.8799991607666,29.229999542236328,3478200,0.0,0.0
2024-10-03 00:00:00-04:00,29.389999389648438,30.350000381469727,29.049999237060547,30.260000228881836,4646000,0.0,0.0
2024-10-04 00:00:00-04:00,30.610000610351562,30.700000762939453,29.950000762939453,29.989999771118164,2823900,0.0,0.0
2024-10-07 00:00:00-04:00,29.969999313354492,30.219999313354492,29.520000457763672,29.889999389648438,2577500,0.0,0.0
2024-10-08 00:00:00-04:00,29.479999542236328,29.530000686645508,28.8799991607666,29.3700008392334,3429000,0.0,0.0
2024-10-09 00:00:00-04:00,29.0,29.200000762939453,28.469999313354492,28.610000610351562,3469900,0.0,0.0
2024-10-10 00:00:00-04:00,28.600000381469727,29.100000381469727,28.459999084472656,28.850000381469727,3180200,0.0,0.0
2024-10-11 00:00:00-04:00,28.559999465942383,29.56999969482422,28.559999465942383,29.25,2575200,0.0,0.0
2024-10-14 00:00:00-04:00,28.899999618530273,29.09000015258789,27.969999313354492,28.049999237060547,3479600,0.0,0.0
2024-10-15 00:00:00-04:00,27.299999237060547,27.639999389648438,27.229999542236328,27.350000381469727,3857300,0.0,0.0
2024-10-16 00:00:00-04:00,27.440000534057617,27.649999618530273,27.190000534057617,27.239999771118164,3744300,0.0,0.0
2024-10-17 00:00:00-04:00,27.559999465942383,27.559999465942383,27.1299991607666,27.299999237060547,3128900,0.0,0.0
2024-10-18 00:00:00-04:00,26.920000076293945,26.989999771118164,26.25,26.84000015258789,3022900,0.0,0.0
2024-10-21 00:00:00-04:00,27.09000015258789,27.200000762939453,26.709999084472656,26.8700008392334,2852200,0.0,0.0
2024-10-22 00:00:00-04:00,27.040000915527344,27.139999389648438,26.549999237060547,26.559999465942383,2444000,0.0,0.0
2024-10-23 00:00:00-04:00,26.649999618530273,26.950000762939453,26.34000015258789,26.940000534057617,2425800,0.0,0.0
2024-10-24 00:00:00-04:00,27.170000076293945,27.90999984741211,26.68000030517578,27.690000534057617,4403500,0.0,0.0
2024-10-25 00:00:00-04:00,27.889999389648438,28.059999465942383,27.329999923706055,27.739999771118164,3665100,0.0,0.0
2024-10-28 00:00:00-04:00,27.100000381469727,27.649999618530273,26.8799991607666,27.40999984741211,3565800,0.0,0.0
2024-10-29 00:00:00-04:00,27.479999542236328,27.65999984741211,27.040000915527344,27.59000015258789,3632300,0.0,0.0
2024-10-30 00:00:00-04:00,27.959999084472656,28.420000076293945,27.739999771118164,28.219999313354492,5310700,0.0,0.0
2024-10-31 00:00:00-04:00,27.709999084472656,28.15999984741211,25.8700008392334,25.8799991607666,8372600,0.0,0.0
2024-11-01 00:00:00-04:00,26.149999618530273,26.579999923706055,25.360000610351562,25.540000915527344,5155300,0.0,0.0
2024-11-04 00:00:00-05:00,25.6200008392334,26.850000381469727,25.610000610351562,26.56999969482422,3710200,0.0,0.0
2024-11-05 00:00:00-05:00,26.899999618530273,27.149999618530273,26.56999969482422,26.690000534057617,2990200,0.0,0.0
2024-11-06 00:00:00-05:00,28.030000686645508,28.920000076293945,27.520000457763672,28.649999618530273,4757500,0.0,0.0
2024-11-07 00:00:00-05:00,28.649999618530273,28.989999771118164,28.25,28.670000076293945,2652200,0.0,0.0
2024-11-08 00:00:00-05:00,28.709999084472656,29.270000457763672,28.399999618530273,29.229999542236328,3034700,0.0,0.0
2024-11-11 00:00:00-05:00,30.049999237060547,31.760000228881836,29.799999237060547,31.670000076293945,7022600,0.0,0.0
2024-11-12 00:00:00-05:00,31.5,31.959999084472656,31.09000015258789,31.15999984741211,3590800,0.0,0.0
2024-11-13 00:00:00-05:00,31.18000030517578,31.3700008392334,30.8700008392334,31.190000534057617,2556300,0.0,0.0
2024-11-14 00:00:00-05:00,31.350000381469727,31.3799991607666,30.25,30.40999984741211,3664400,0.0,0.0
2024-11-15 00:00:00-05:00,30.43000030517578,30.809999465942383,30.15999984741211,30.489999771118164,2445200,0.0,0.0
2024-11-18 00:00:00-05:00,30.68000030517578,32.16999816894531,30.559999465942383,31.950000762939453,4692300,0.0,0.0
2024-11-19 00:00:00-05:00,31.389999389648438,32.0099983215332,31.110000610351562,31.920000076293945,2203700,0.0,0.0
2024-11-20 00:00:00-05:00,32.34000015258789,33.470001220703125,32.16999816894531,33.18000030517578,3983100,0.0,0.0
2024-11-21 00:00:00-05:00,33.9900016784668,34.58000183105469,33.25,33.400001525878906,6866300,0.0,0.0
2024-11-22 00:00:00-05:00,33.060001373291016,33.61000061035156,32.810001373291016,33.11000061035156,4406700,0.0,0.0
2024-11-25 00:00:00-05:00,33.959999084472656,34.650001525878906,33.119998931884766,33.22999954223633,6037100,0.0,0.0
2024-11-26 00:00:00-05:00,33.11000061035156,33.4900016784668,32.81999969482422,33.09000015258789,2751400,0.0,0.0
2024-11-27 00:00:00-05:00,32.63999938964844,32.95000076293945,32.290000915527344,32.47999954223633,3844300,0.0,0.0
2024-11-29 00:00:00-05:00,32.75,33.0,32.560001373291016,32.689998626708984,1913700,0.0,0.0
2024-12-02 00:00:00-05:00,32.290000915527344,32.529998779296875,31.479999542236328,31.790000915527344,3811000,0.0,0.0
2024-12-03 00:00:00-05:00,31.920000076293945,32.15999984741211,31.420000076293945,32.08000183105469,4078000,0.0,0.0
2024-12-04 00:00:00-05:00,32.04999923706055,32.150001525878906,31.260000228881836,31.520000457763672,2842000,0.0,0.0
2024-12-05 00:00:00-05:00,32.15999984741211,32.58000183105469,31.700000762939453,31.760000228881836,3081900,0.0,0.0
2024-12-06 00:00:00-05:00,31.690000534057617,31.739999771118164,30.690000534057617,31.09000015258789,3515700,0.0,0.0
2024-12-09 00:00:00-05:00,31.690000534057617,31.90999984741211,31.1200008392334,31.190000534057617,3450300,0.0,0.0
2024-12-10 00:00:00-05:00,31.190000534057617,31.889999389648438,30.920000076293945,31.049999237060547,2629700,0.0,0.0
2024-12-11 00:00:00-05:00,31.43000030517578,32.95000076293945,31.280000686645508,32.900001525878906,4258100,0.0,0.0
2024-12-12 00:00:00-05:00,32.779998779296875,33.470001220703125,32.43000030517578,33.04999923706055,3409800,0.0,0.0
2024-12-13 00:00:00-05:00,32.97999954223633,33.25,32.220001220703125,32.369998931884766,2926700,0.0,0.0
2024-12-16 00:00:00-05:00,32.439998626708984,32.439998626708984,31.479999542236328,31.579999923706055,2279100,0.0,0.0
2024-12-17 00:00:00-05:00,31.1200008392334,31.639999389648438,30.68000030517578,31.59000015258789,3755000,0.0,0.0
2024-12-18 00:00:00-05:00,31.649999618530273,32.08000183105469,30.530000686645508,30.549999237060547,3752400,0.0,0.0
2024-12-19 00:00:00-05:00,31.479999542236328,31.610000610351562,30.780000686645508,30.860000610351562,3606700,0.0,0.0
2024-12-20 00:00:00-05:00,30.799999237060547,31.75,30.600000381469727,30.93000030517578,6564700,0.0,0.0
2024-12-23 00:00:00-05:00,31.059999465942383,32.40999984741211,30.959999084472656,32.310001373291016,2994000,0.0,0.0
2024-12-24 00:00:00-05:00,32.5,33.279998779296875,32.220001220703125,33.25,2112200,0.0,0.0
2024-12-26 00:00:00-05:00,32.9900016784668,33.08000183105469,32.5099983215332,32.810001373291016,1841600,0.0,0.0
2024-12-27 00:00:00-05:00,32.83000183105469,33.36000061035156,32.7400016784668,33.29999923706055,2118900,0.0,0.0
2024-12-30 00:00:00-05:00,34.400001525878906,36.25,34.16999816894531,35.52000045776367,6896500,0.0,0.0
2024-12-31 00:00:00-05:00,35.099998474121094,35.45000076293945,34.709999084472656,35.04999923706055,3780700,0.0,0.0
2025-01-02 00:00:00-05:00,36.0,36.11000061035156,34.88999938964844,35.56999969482422,3975700,0.0,0.0
2025-01-03 00:00:00-05:00,35.5,36.189998626708984,34.41999816894531,34.939998626708984,4040600,0.0,0.0
2025-01-06 00:00:00-05:00,35.68000030517578,36.33000183105469,35.599998474121094,36.0099983215332,4509300,0.0,0.0
2025-01-07 00:00:00-05:00,36.06999969482422,36.84000015258789,35.90999984741211,36.68000030517578,4802900,0.0,0.0
2025-01-08 00:00:00-05:00,36.939998626708984,37.93000030517578,36.90999984741211,37.86000061035156,6437400,0.0,0.0
2025-01-10 00:00:00-05:00,38.619998931884766,39.43000030517578,38.04999923706055,38.31999969482422,6883300,0.0,0.0
2025-01-13 00:00:00-05:00,38.5099983215332,38.75,37.70000076293945,38.29999923706055,5387000,0.0,0.0
2025-01-14 00:00:00-05:00,38.290000915527344,38.97999954223633,37.959999084472656,38.59000015258789,6949600,0.0,0.0
2025-01-15 00:00:00-05:00,39.27000045776367,40.529998779296875,38.880001068115234,40.22999954223633,5643600,0.0,0.0
2025-01-16 00:00:00-05:00,39.720001220703125,40.93000030517578,39.720001220703125,40.56999969482422,6107100,0.0,0.0
2025-01-17 00:00:00-05:00,39.720001220703125,40.689998626708984,39.560001373291016,40.459999084472656,5292900,0.0,0.0
2025-01-21 00:00:00-05:00,39.970001220703125,40.06999969482422,39.400001525878906,39.93000030517578,5138600,0.0,0.0
2025-01-22 00:00:00-05:00,40.41999816894531,41.529998779296875,40.130001068115234,40.7400016784668,4248000,0.0,0.0
2025-01-23 00:00:00-05:00,41.060001373291016,41.209999084472656,40.38999938964844,40.54999923706055,3839000,0.0,0.0
2025-01-24 00:00:00-05:00,40.75,40.75,39.97999954223633,40.150001525878906,3607900,0.0,0.0
2025-01-27 00:00:00-05:00,38.099998474121094,38.58000183105469,36.13999938964844,36.349998474121094,10976100,0.0,0.0
2025-01-28 00:00:00-05:00,36.529998779296875,37.29999923706055,36.13999938964844,37.220001220703125,5590200,0.0,0.0
2025-01-29 00:00:00-05:00,37.38999938964844,37.9900016784668,37.06999969482422,37.349998474121094,3458900,0.0,0.0
2025-01-30 00:00:00-05:00,37.68000030517578,38.540000915527344,37.5,37.849998474121094,3124900,0.0,0.0
2025-01-31 00:00:00-05:00,37.86000061035156,37.93000030517578,37.029998779296875,37.31999969482422,3472800,0.0,0.0
2025-02-03 00:00:00-05:00,37.959999084472656,39.11000061035156,37.41999816894531,38.33000183105469,4731100,0.0,0.0
2025-02-04 00:00:00-05:00,37.34000015258789,38.7400016784668,37.2599983215332,38.72999954223633,3462700,0.0,0.0
2025-02-05 00:00:00-05:00,38.75,39.61000061035156,38.5099983215332,39.599998474121094,4311200,0.0,0.0
2025-02-06 00:00:00-05:00,39.65999984741211,39.7599983215332,37.79999923706055,38.29999923706055,4806600,0.0,0.0
2025-02-07 00:00:00-05:00,38.380001068115234,38.72999954223633,37.75,37.849998474121094,2816100,0.0,0.0
2025-02-10 00:00:00-05:00,38.380001068115234,40.150001525878906,38.349998474121094,40.02000045776367,4057100,0.0,0.0
2025-02-11 00:00:00-05:00,40.36000061035156,40.65999984741211,39.900001525878906,40.02000045776367,3672300,0.0,0.0
2025-02-12 00:00:00-05:00,39.75,40.36000061035156,39.06999969482422,39.380001068115234,4787400,0.0,0.0
2025-02-13 00:00:00-05:00,38.7599983215332,40.529998779296875,38.61000061035156,40.150001525878906,6169500,0.0,0.0
2025-02-14 00:00:00-05:00,40.349998474121094,40.5,39.40999984741211,39.84000015258789,3880600,0.0,0.0
2025-02-18 00:00:00-05:00,39.900001525878906,40.34000015258789,38.77000045776367,39.7400016784668,4553700,0.0,0.0
2025-02-19 00:00:00-05:00,40.810001373291016,41.18000030517578,40.130001068115234,40.349998474121094,6077800,0.0,0.0
2025-02-20 00:00:00-05:00,39.790000915527344,40.209999084472656,39.06999969482422,39.5099983215332,3527100,0.0,0.0
2025-02-21 00:00:00-05:00,39.5,39.540000915527344,37.7599983215332,38.150001525878906,5944300,0.0,0.0
2025-02-24 00:00:00-05:00,38.0,38.59000015258789,37.279998779296875,37.900001525878906,3245500,0.0,0.0
2025-02-25 00:00:00-05:00,37.75,37.790000915527344,36.41999816894531,37.349998474121094,3818300,0.0,0.0
2025-02-26 00:00:00-05:00,37.90999984741211,37.90999984741211,36.970001220703125,37.040000915527344,4617300,0.0,0.0
2025-02-27 00:00:00-05:00,37.400001525878906,37.599998474121094,35.439998626708984,35.58000183105469,6250400,0.0,0.0
2025-02-28 00:00:00-05:00,35.209999084472656,36.810001373291016,35.18000030517578,36.70000076293945,4813500,0.0,0.0
2025-03-03 00:00:00-05:00,37.34000015258789,37.75,35.77000045776367,36.150001525878906,5831500,0.0,0.0
2025-03-04 00:00:00-05:00,36.130001068115234,37.34000015258789,35.0099983215332,36.52000045776367,7106500,0.0,0.0
2025-03-05 00:00:00-05:00,36.0,36.63999938964844,35.16999816894531,36.380001068115234,5193900,0.0,0.0
2025-03-06 00:00:00-05:00,35.779998779296875,36.0,33.65999984741211,33.779998779296875,4861300,0.0,0.0
2025-03-07 00:00:00-05:00,33.689998626708984,34.13999938964844,32.369998931884766,33.63999938964844,6618700,0.0,0.0
2025-03-10 00:00:00-04:00,33.97999954223633,34.97999954223633,33.599998474121094,34.689998626708984,6916400,0.0,0.0
2025-03-11 00:00:00-04:00,35.04999923706055,36.380001068115234,35.04999923706055,35.86000061035156,5087300,0.0,0.0
2025-03-12 00:00:00-04:00,36.11000061035156,36.5099983215332,35.06999969482422,36.0099983215332,4238500,0.0,0.0
2025-03-13 00:00:00-04:00,35.95000076293945,36.38999938964844,35.29999923706055,36.369998931884766,5103200,0.0,0.0
2025-03-14 00:00:00-04:00,36.5,37.75,35.939998626708984,37.56999969482422,3768600,0.0,0.0
2025-03-17 00:00:00-04:00,37.81999969482422,39.11000061035156,37.650001525878906,38.900001525878906,3420000,0.0,0.0
2025-03-18 00:00:00-04:00,39.34000015258789,40.16999816894531,38.970001220703125,39.869998931884766,4004800,0.0,0.0
2025-03-19 00:00:00-04:00,40.09000015258789,41.06999969482422,39.529998779296875,41.02000045776367,3469500,0.0,0.0
2025-03-20 00:00:00-04:00,40.7400016784668,41.36000061035156,40.38999938964844,40.970001220703125,4122400,0.0,0.0
2025-03-21 00:00:00-04:00,40.599998474121094,40.95000076293945,40.310001373291016,40.77000045776367,6366400,0.0,0.0
2025-03-24 00:00:00-04:00,41.20000076293945,41.59000015258789,40.70000076293945,41.209999084472656,3190800,0.0,0.0
2025-03-25 00:00:00-04:00,41.5,41.7400016784668,41.189998626708984,41.41999816894531,3552000,0.0,0.0
2025-03-26 00:00:00-04:00,41.97999954223633,42.630001068115234,40.95000076293945,40.970001220703125,3797100,0.0,0.0
2025-03-27 00:00:00-04:00,41.209999084472656,41.209999084472656,39.38999938964844,39.529998779296875,4532100,0.0,0.0
2025-03-28 00:00:00-04:00,39.63999938964844,39.939998626708984,39.209999084472656,39.689998626708984,3365700,0.0,0.0
2025-03-31 00:00:00-04:00,39.709999084472656,41.0099983215332,39.38999938964844,40.439998626708984,4110600,0.0,0.0
2025-04-01 00:00:00-04:00,40.349998474121094,41.29999923706055,40.04999923706055,40.91999816894531,2955800,0.0,0.0
2025-04-02 00:00:00-04:00,40.43000030517578,42.09000015258789,40.2599983215332,42.0,4451200,0.0,0.0
2025-04-03 00:00:00-04:00,39.40999984741211,40.310001373291016,38.33000183105469,38.790000915527344,6975100,0.0,0.0
2025-04-04 00:00:00-04:00,36.529998779296875,36.88999938964844,32.630001068115234,33.459999084472656,11332000,0.0,0.0
2025-04-07 00:00:00-04:00,32.2599983215332,36.09000015258789,31.8799991607666,34.150001525878906,7625500,0.0,0.0
2025-04-08 00:00:00-04:00,35.90999984741211,36.08000183105469,31.219999313354492,32.2400016784668,13213100,0.0,0.0
2025-04-09 00:00:00-04:00,31.280000686645508,35.279998779296875,30.040000915527344,34.88999938964844,11183600,0.0,0.0
2025-04-10 00:00:00-04:00,33.380001068115234,33.68000030517578,30.770000457763672,31.920000076293945,9930100,0.0,0.0
2025-04-11 00:00:00-04:00,32.0,33.400001525878906,31.270000457763672,33.099998474121094,7274800,0.0,0.0
2025-04-14 00:00:00-04:00,33.9900016784668,34.5099983215332,33.0099983215332,33.22999954223633,3968800,0.0,0.0
2025-04-15 00:00:00-04:00,32.83000183105469,33.7599983215332,32.70000076293945,33.099998474121094,3366300,0.0,0.0
2025-04-16 00:00:00-04:00,32.9900016784668,34.9900016784668,32.9900016784668,34.29999923706055,6517600,0.0,0.0
2025-04-17 00:00:00-04:00,34.58000183105469,35.09000015258789,34.189998626708984,34.41999816894531,4035700,0.0,0.0
2025-04-21 00:00:00-04:00,33.849998474121094,33.849998474121094,31.3700008392334,32.060001373291016,6344200,0.0,0.0
2025-04-22 00:00:00-04:00,32.720001220703125,33.2400016784668,32.119998931884766,32.83000183105469,4704800,0.0,0.0
2025-04-23 00:00:00-04:00,33.2599983215332,35.38999938964844,33.2599983215332,34.290000915527344,6491900,0.0,0.0
2025-04-24 00:00:00-04:00,34.369998931884766,34.83000183105469,33.970001220703125,34.540000915527344,5321400,0.0,0.0
2025-04-25 00:00:00-04:00,34.130001068115234,35.59000015258789,34.04999923706055,35.33000183105469,5498200,0.0,0.0
2025-04-28 00:00:00-04:00,35.279998779296875,35.959999084472656,35.15999984741211,35.93000030517578,4722500,0.0,0.0
2025-04-29 00:00:00-04:00,35.5,36.599998474121094,34.9900016784668,36.18000030517578,6000000,0.0,0.0
2025-04-30 00:00:00-04:00,35.0099983215332,35.27000045776367,34.33000183105469,34.83000183105469,6023900,0.0,0.0
2025-05-01 00:00:00-04:00,34.849998474121094,35.380001068115234,34.02000045776367,34.650001525878906,8663600,0.0,0.0
2025-05-02 00:00:00-04:00,35.34000015258789,36.16999816894531,34.810001373291016,35.7599983215332,5350000,0.0,0.0
2025-05-05 00:00:00-04:00,35.459999084472656,36.02000045776367,35.29999923706055,35.4900016784668,4928300,0.0,0.0
2025-05-06 00:00:00-04:00,35.45000076293945,36.08000183105469,35.0099983215332,35.5,4882700,0.0,0.0
2025-05-07 00:00:00-04:00,36.27000045776367,36.72999954223633,35.81999969482422,36.709999084472656,4451300,0.0,0.0
2025-05-08 00:00:00-04:00,37.0,37.650001525878906,36.68000030517578,37.38999938964844,6421100,0.0,0.0
2025-05-09 00:00:00-04:00,38.04999923706055,38.79999923706055,37.72999954223633,38.709999084472656,4257800,0.0,0.0
2025-05-12 00:00:00-04:00,39.459999084472656,40.02000045776367,39.0099983215332,39.400001525878906,4990600,0.0,0.0
2025-05-13 00:00:00-04:00,40.0,41.27000045776367,39.849998474121094,41.040000915527344,4981600,0.0,0.0
2025-05-14 00:00:00-04:00,40.15999984741211,40.7599983215332,39.9900016784668,40.5,4082000,0.0,0.0
2025-05-15 00:00:00-04:00,39.709999084472656,40.33000183105469,39.36000061035156,40.22999954223633,3562700,0.0,0.0
2025-05-16 00:00:00-04:00,40.290000915527344,40.290000915527344,39.4900016784668,39.79999923706055,3591000,0.0,0.0
2025-05-19 00:00:00-04:00,39.22999954223633,39.86000061035156,39.09000015258789,39.41999816894531,3688400,0.0,0.0
2025-05-20 00:00:00-04:00,39.77000045776367,40.349998474121094,39.40999984741211,39.77000045776367,3197300,0.0,0.0
2025-05-21 00:00:00-04:00,39.810001373291016,39.880001068115234,39.029998779296875,39.11000061035156,2244100,0.0,0.0
2025-05-22 00:00:00-04:00,38.91999816894531,39.47999954223633,38.540000915527344,39.04999923706055,2659300,0.0,0.0
2025-05-23 00:00:00-04:00,39.09000015258789,39.58000183105469,38.709999084472656,39.4900016784668,2894000,0.0,0.0
2025-05-27 00:00:00-04:00,39.90999984741211,40.41999816894531,39.38999938964844,40.16999816894531,2673400,0.0,0.0
2025-05-28 00:00:00-04:00,40.310001373291016,40.38999938964844,38.220001220703125,38.970001220703125,4252400,0.0,0.0
2025-05-29 00:00:00-04:00,39.0099983215332,39.22999954223633,38.779998779296875,38.84000015258789,3867200,0.0,0.0
2025-05-30 00:00:00-04:00,38.439998626708984,38.459999084472656,36.88999938964844,37.45000076293945,6576900,0.0,0.0
2025-06-02 00:00:00-04:00,38.779998779296875,39.0,38.02000045776367,38.650001525878906,4665200,0.0,0.0
2025-06-03 00:00:00-04:00,38.630001068115234,38.869998931884766,38.27000045776367,38.36000061035156,3115700,0.0,0.0
2025-06-04 00:00:00-04:00,38.22999954223633,38.41999816894531,36.849998474121094,37.29999923706055,4207200,0.0,0.0
2025-06-05 00:00:00-04:00,37.540000915527344,37.58000183105469,36.810001373291016,37.189998626708984,3182900,0.0,0.0
2025-06-06 00:00:00-04:00,37.380001068115234,38.900001525878906,37.36000061035156,38.650001525878906,3945600,0.0,0.0
2025-06-09 00:00:00-04:00,38.36000061035156,39.470001220703125,38.150001525878906,38.91999816894531,6046500,0.0,0.0
2025-06-10 00:00:00-04:00,39.31999969482422,39.540000915527344,38.33000183105469,38.38999938964844,3961800,0.0,0.0
2025-06-11 00:00:00-04:00,39.0,39.849998474121094,38.68000030517578,39.220001220703125,4157500,0.0,0.0
2025-06-12 00:00:00-04:00,39.150001525878906,40.06999969482422,38.83000183105469,40.040000915527344,3318500,0.0,0.0
2025-06-13 00:00:00-04:00,40.31999969482422,41.66999816894531,39.20000076293945,41.65999984741211,5460800,0.0,0.0
2025-06-16 00:00:00-04:00,41.209999084472656,42.7400016784668,41.02000045776367,42.130001068115234,4590800,0.0,0.0
2025-06-17 00:00:00-04:00,42.5,42.790000915527344,41.790000915527344,42.52000045776367,3240200,0.0,0.0
2025-06-18 00:00:00-04:00,42.95000076293945,43.7400016784668,42.099998474121094,43.029998779296875,4956400,0.0,0.0
2025-06-20 00:00:00-04:00,43.25,44.02000045776367,42.88999938964844,43.779998779296875,6538100,0.0,0.0
2025-06-23 00:00:00-04:00,43.689998626708984,43.88999938964844,42.189998626708984,42.31999969482422,4815300,0.0,0.0
2025-06-24 00:00:00-04:00,41.720001220703125,42.66999816894531,41.279998779296875,42.349998474121094,3939400,0.0,0.0
2025-06-25 00:00:00-04:00,42.15999984741211,42.16999816894531,40.7400016784668,41.060001373291016,3795900,0.0,0.0
2025-06-26 00:00:00-04:00,41.0099983215332,41.689998626708984,40.56999969482422,40.88999938964844,4172900,0.0,0.0
2025-06-27 00:00:00-04:00,41.18000030517578,41.25,40.599998474121094,41.18000030517578,5045100,0.0,0.0
2025-06-30 00:00:00-04:00,40.619998931884766,40.959999084472656,40.09000015258789,40.279998779296875,5417300,0.0,0.0
2025-07-01 00:00:00-04:00,40.04999923706055,40.04999923706055,37.650001525878906,37.65999984741211,9038700,0.0,0.0
2025-07-02 00:00:00-04:00,38.29999923706055,38.29999923706055,36.77000045776367,37.20000076293945,5820500,0.0,0.0
2025-07-03 00:00:00-04:00,37.43000030517578,37.83000183105469,37.02000045776367,37.2599983215332,3664900,0.0,0.0
2025-07-07 00:00:00-04:00,37.16999816894531,37.70000076293945,36.91999816894531,37.02000045776367,4678200,0.0,0.0
2025-07-08 00:00:00-04:00,37.209999084472656,37.369998931884766,36.560001373291016,36.619998931884766,5060100,0.0,0.0
2025-07-09 00:00:00-04:00,36.209999084472656,36.47999954223633,35.529998779296875,35.560001373291016,4825500,0.0,0.0
2025-07-10 00:00:00-04:00,35.70000076293945,35.869998931884766,34.83000183105469,35.849998474121094,6932900,0.0,0.0
2025-07-11 00:00:00-04:00,35.970001220703125,36.209999084472656,35.5099983215332,35.95000076293945,5934000,0.0,0.0
2025-07-14 00:00:00-04:00,36.040000915527344,37.380001068115234,35.9900016784668,37.15999984741211,6743500,0.0,0.0
2025-07-15 00:00:00-04:00,36.77000045776367,37.290000915527344,36.060001373291016,36.31999969482422,5765300,0.0,0.0
2025-07-16 00:00:00-04:00,36.77000045776367,37.029998779296875,36.209999084472656,36.209999084472656,4519800,0.0,0.0
2025-07-17 00:00:00-04:00,36.29999923706055,36.650001525878906,36.04999923706055,36.43000030517578,4651100,0.0,0.0
2025-07-18 00:00:00-04:00,36.849998474121094,36.88999938964844,36.099998474121094,36.310001373291016,3659600,0.0,0.0
2025-07-21 00:00:00-04:00,35.650001525878906,35.779998779296875,32.40999984741211,32.5099983215332,13792800,0.0,0.0
2025-07-22 00:00:00-04:00,32.61000061035156,33.41999816894531,32.54999923706055,33.18000030517578,6551200,0.0,0.0
2025-07-23 00:00:00-04:00,32.66999816894531,32.93000030517578,32.099998474121094,32.560001373291016,6597700,0.0,0.0
2025-07-24 00:00:00-04:00,32.90999984741211,33.59000015258789,32.54999923706055,33.2599983215332,6028900,0.0,0.0
2025-07-25 00:00:00-04:00,33.20000076293945,33.349998474121094,32.38999938964844,32.529998779296875,4800600,0.0,0.0
2025-07-28 00:00:00-04:00,32.959999084472656,33.130001068115234,32.16999816894531,32.650001525878906,4513900,0.0,0.0
2025-07-29 00:00:00-04:00,32.90999984741211,33.970001220703125,32.79999923706055,33.72999954223633,6278800,0.0,0.0
2025-07-30 00:00:00-04:00,33.25,34.02000045776367,33.209999084472656,33.81999969482422,5523300,0.0,0.0
2025-07-31 00:00:00-04:00,34.130001068115234,35.119998931884766,33.91999816894531,34.93000030517578,7768500,0.0,0.0
2025-08-01 00:00:00-04:00,34.459999084472656,34.599998474121094,33.18000030517578,33.66999816894531,6071400,0.0,0.0
2025-08-04 00:00:00-04:00,33.540000915527344,33.939998626708984,32.66999816894531,33.02000045776367,5361200,0.0,0.0
2025-08-05 00:00:00-04:00,33.279998779296875,33.5,32.66999816894531,33.29999923706055,2953400,0.0,0.0
2025-08-06 00:00:00-04:00,33.529998779296875,33.83000183105469,32.720001220703125,33.02000045776367,3879400,0.0,0.0
2025-08-07 00:00:00-04:00,33.18000030517578,33.77000045776367,32.970001220703125,33.08000183105469,2935100,0.0,0.0
2025-08-08 00:00:00-04:00,33.119998931884766,33.41999816894531,32.56999969482422,32.810001373291016,3144200,0.0,0.0
2025-08-11 00:00:00-04:00,32.880001068115234,32.91999816894531,32.22999954223633,32.400001525878906,3489200,0.0,0.0
2025-08-12 00:00:00-04:00,32.25,32.56999969482422,31.979999542236328,32.349998474121094,3030000,0.0,0.0
2025-08-13 00:00:00-04:00,32.59000015258789,32.779998779296875,32.040000915527344,32.380001068115234,5766600,0.0,0.0
2025-08-14 00:00:00-04:00,32.11000061035156,33.130001068115234,31.950000762939453,32.34000015258789,3805600,0.0,0.0
2025-08-15 00:00:00-04:00,32.599998474121094,32.93000030517578,32.0,32.0,5647200,0.0,0.0
2025-08-18 00:00:00-04:00,30.889999389648438,30.889999389648438,29.8700008392334,30.18000030517578,10713100,0.0,0.0
2025-08-19 00:00:00-04:00,29.850000381469727,30.18000030517578,29.719999313354492,29.8700008392334,5291100,0.0,0.0
2025-08-20 00:00:00-04:00,30.260000228881836,30.770000457763672,29.799999237060547,30.579999923706055,4230700,0.0,0.0
2025-08-21 00:00:00-04:00,30.649999618530273,31.09000015258789,30.3799991607666,30.700000762939453,5203700,0.0,0.0
2025-08-22 00:00:00-04:00,30.68000030517578,31.110000610351562,30.549999237060547,30.850000381469727,4679600,0.0,0.0
2025-08-25 00:00:00-04:00,30.559999465942383,31.15999984741211,30.440000534057617,30.649999618530273,3676900,0.0,0.0
2025-08-26 00:00:00-04:00,30.639999389648438,31.260000228881836,30.209999084472656,31.1299991607666,4257600,0.0,0.0
2025-08-27 00:00:00-04:00,31.329999923706055,32.09000015258789,31.290000915527344,31.299999237060547,4714000,0.0,0.0
2025-08-28 00:00:00-04:00,31.200000762939453,32.220001220703125,30.959999084472656,32.13999938964844,4320500,0.0,0.0
2025-08-29 00:00:00-04:00,32.0099983215332,32.15999984741211,31.719999313354492,31.920000076293945,3041500,0.0,0.0
2025-09-02 00:00:00-04:00,31.6200008392334,32.5099983215332,31.34000015258789,32.45000076293945,3881900,0.0,0.0
2025-09-03 00:00:00-04:00,32.560001373291016,33.099998474121094,31.68000030517578,31.790000915527344,4165700,0.0,0.0
2025-09-04 00:00:00-04:00,32.130001068115234,32.65999984741211,31.770000457763672,32.47999954223633,4894700,0.0,0.0
2025-09-05 00:00:00-04:00,32.27000045776367,32.77000045776367,31.979999542236328,32.619998931884766,6478800,0.0,0.0
2025-09-08 00:00:00-04:00,33.27000045776367,33.5099983215332,32.09000015258789,32.11000061035156,7131700,0.0,0.0
2025-09-09 00:00:00-04:00,32.290000915527344,32.7599983215332,31.8799991607666,32.18000030517578,3376900,0.0,0.0
2025-09-10 00:00:00-04:00,31.889999389648438,33.15999984741211,31.850000381469727,32.849998474121094,3947600,0.0,0.0
2025-09-11 00:00:00-04:00,32.439998626708984,32.869998931884766,32.279998779296875,32.84000015258789,2848700,0.0,0.0
2025-09-12 00:00:00-04:00,33.06999969482422,33.630001068115234,32.9900016784668,33.06999969482422,2788300,0.0,0.0
2025-09-15 00:00:00-04:00,32.560001373291016,32.880001068115234,32.349998474121094,32.470001220703125,3448900,0.0,0.0
2025-09-16 00:00:00-04:00,32.720001220703125,32.9900016784668,31.790000915527344,32.83000183105469,5495200,0.0,0.0
2025-09-17 00:00:00-04:00,32.84000015258789,33.2599983215332,32.16999816894531,32.2599983215332,4369900,0.0,0.0
2025-09-18 00:00:00-04:00,32.38999938964844,32.54999923706055,31.600000381469727,31.899999618530273,4491900,0.0,0.0
2025-09-19 00:00:00-04:00,31.760000228881836,31.8799991607666,31.18000030517578,31.700000762939453,9119800,0.0,0.0
2025-09-22 00:00:00-04:00,31.600000381469727,32.630001068115234,31.489999771118164,32.58000183105469,4557300,0.0,0.0
2025-09-23 00:00:00-04:00,33.290000915527344,33.84000015258789,32.79999923706055,33.34000015258789,4045400,0.0,0.0
2025-09-24 00:00:00-04:00,33.7599983215332,34.400001525878906,33.439998626708984,33.91999816894531,4417200,0.0,0.0
2025-09-25 00:00:00-04:00,33.9900016784668,34.66999816894531,33.70000076293945,34.04999923706055,3597200,0.0,0.0
2025-09-26 00:00:00-04:00,33.880001068115234,34.619998931884766,33.79999923706055,34.11000061035156,5272300,0.0,0.0
2025-09-29 00:00:00-04:00,33.900001525878906,33.970001220703125,33.27000045776367,33.54999923706055,4365900,0.0,0.0
2025-09-30 00:00:00-04:00,33.400001525878906,34.43000030517578,33.150001525878906,33.560001373291016,4171800,0.0,0.0
2025-10-01 00:00:00-04:00,33.400001525878906,35.0,33.33000183105469,34.97999954223633,4605900,0.0,0.0
2025-10-02 00:00:00-04:00,34.709999084472656,34.79999923706055,33.15999984741211,33.4900016784668,6401800,0.0,0.0
2025-10-03 00:00:00-04:00,33.2599983215332,33.56999969482422,32.709999084472656,33.31999969482422,4752700,0.0,0.0
2025-10-06 00:00:00-04:00,33.68000030517578,34.2599983215332,33.209999084472656,33.90999984741211,4169600,0.0,0.0
2025-10-07 00:00:00-04:00,33.75,34.34000015258789,33.13999938964844,33.900001525878906,4322400,0.0,0.0
2025-10-08 00:00:00-04:00,33.66999816894531,34.279998779296875,32.95000076293945,34.150001525878906,4193000,0.0,0.0
2025-10-09 00:00:00-04:00,34.189998626708984,34.599998474121094,33.15999984741211,33.599998474121094,2787000,0.0,0.0
2025-10-10 00:00:00-04:00,33.22999954223633,33.849998474121094,31.579999923706055,31.600000381469727,4132700,0.0,0.0
2025-10-13 00:00:00-04:00,32.0,32.5099983215332,31.549999237060547,32.41999816894531,3489600,0.0,0.0
2025-10-14 00:00:00-04:00,31.25,31.770000457763672,30.940000534057617,31.610000610351562,3816900,0.0,0.0
2025-10-15 00:00:00-04:00,31.84000015258789,32.689998626708984,31.790000915527344,32.13999938964844,4224500,0.0,0.0
2025-10-16 00:00:00-04:00,32.31999969482422,32.459999084472656,30.290000915527344,30.790000915527344,5182500,0.0,0.0
2025-10-17 00:00:00-04:00,30.799999237060547,31.049999237060547,30.459999084472656,30.780000686645508,3339900,0.0,0.0
2025-10-20 00:00:00-04:00,31.469999313354492,32.16999816894531,31.18000030517578,31.850000381469727,4708900,0.0,0.0
2025-10-21 00:00:00-04:00,31.8799991607666,32.97999954223633,31.75,32.5099983215332,4100500,0.0,0.0
2025-10-22 00:00:00-04:00,32.79999923706055,33.15999984741211,31.65999984741211,32.08000183105469,4095500,0.0,0.0
2025-10-23 00:00:00-04:00,32.790000915527344,33.0099983215332,32.06999969482422,32.77000045776367,4052300,0.0,0.0
2025-10-24 00:00:00-04:00,33.0,33.040000915527344,32.15999984741211,32.689998626708984,2567900,0.0,0.0
2025-10-27 00:00:00-04:00,32.869998931884766,33.060001373291016,32.33000183105469,32.65999984741211,2770900,0.0,0.0
2025-10-28 00:00:00-04:00,32.2599983215332,32.380001068115234,31.65999984741211,31.8799991607666,3446500,0.0,0.0
2025-10-29 00:00:00-04:00,31.65999984741211,31.950000762939453,31.030000686645508,31.6200008392334,4679800,0.0,0.0
2025-10-30 00:00:00-04:00,30.209999084472656,31.1200008392334,29.100000381469727,30.030000686645508,10748700,0.0,0.0
2025-10-31 00:00:00-04:00,30.610000610351562,31.1200008392334,30.1200008392334,30.90999984741211,6899800,0.0,0.0
2025-11-03 00:00:00-05:00,31.549999237060547,33.34000015258789,31.079999923706055,33.13999938964844,7471100,0.0,0.0
2025-11-04 00:00:00-05:00,32.630001068115234,33.34000015258789,32.0,32.93000030517578,5645200,0.0,0.0
2025-11-05 00:00:00-05:00,32.84000015258789,33.459999084472656,32.439998626708984,32.83000183105469,4666400,0.0,0.0
2025-11-06 00:00:00-05:00,33.290000915527344,33.81999969482422,32.439998626708984,32.630001068115234,4544900,0.0,0.0
2025-11-07 00:00:00-05:00,32.45000076293945,33.709999084472656,32.33000183105469,33.650001525878906,4231400,0.0,0.0
2025-11-10 00:00:00-05:00,34.29999923706055,34.45000076293945,33.349998474121094,33.849998474121094,4185500,0.0,0.0
2025-11-11 00:00:00-05:00,34.25,35.65999984741211,34.220001220703125,35.20000076293945,5378800,0.0,0.0
2025-11-12 00:00:00-05:00,35.13999938964844,35.220001220703125,34.25,34.459999084472656,5091100,0.0,0.0
2025-11-13 00:00:00-05:00,34.79999923706055,35.27000045776367,34.11000061035156,34.34000015258789,4283800,0.0,0.0
2025-11-14 00:00:00-05:00,33.529998779296875,34.369998931884766,33.060001373291016,34.36000061035156,5474700,0.0,0.0
2025-11-17 00:00:00-05:00,34.150001525878906,34.47999954223633,33.310001373291016,33.63999938964844,3938700,0.0,0.0
2025-11-18 00:00:00-05:00,33.33000183105469,34.95000076293945,33.04999923706055,34.7599983215332,4396400,0.0,0.0
2025-11-19 00:00:00-05:00,34.2400016784668,35.150001525878906,34.150001525878906,35.08000183105469,4501600,0.0,0.0
2025-11-20 00:00:00-05:00,35.11000061035156,35.93000030517578,33.27000045776367,33.31999969482422,8398000,0.0,0.0
2025-11-21 00:00:00-05:00,33.33000183105469,33.900001525878906,32.68000030517578,33.54999923706055,6002800,0.0,0.0
2025-11-24 00:00:00-05:00,33.2599983215332,34.650001525878906,32.77000045776367,34.560001373291016,6363100,0.0,0.0
2025-11-25 00:00:00-05:00,34.209999084472656,34.31999969482422,33.38999938964844,34.0,4473000,0.0,0.0
2025-11-26 00:00:00-05:00,34.290000915527344,35.689998626708984,34.290000915527344,35.119998931884766,4698300,0.0,0.0
2025-11-28 00:00:00-05:00,35.599998474121094,36.66999816894531,35.279998779296875,36.43000030517578,2876500,0.0,0.0
2025-12-01 00:00:00-05:00,36.15999984741211,36.439998626708984,35.63999938964844,35.7599983215332,5318900,0.0,0.0
2025-12-02 00:00:00-05:00,35.68000030517578,35.779998779296875,34.68000030517578,34.720001220703125,4077400,0.0,0.0
2025-12-03 00:00:00-05:00,35.150001525878906,36.66999816894531,35.02000045776367,36.400001525878906,6769700,0.0,0.0
2025-12-04 00:00:00-05:00,36.68000030517578,37.130001068115234,36.16999816894531,36.599998474121094,3859700,0.0,0.0
2025-12-05 00:00:00-05:00,37.25,38.18000030517578,36.7400016784668,36.75,5218300,0.0,0.0
2025-12-08 00:00:00-05:00,36.529998779296875,37.689998626708984,36.20000076293945,37.29999923706055,11771500,0.0,0.0
2025-12-09 00:00:00-05:00,37.54999923706055,38.040000915527344,37.02000045776367,37.349998474121094,7412600,0.0,0.0
2025-12-10 00:00:00-05:00,37.29999923706055,37.5,36.59000015258789,37.130001068115234,7818500,0.0,0.0
2025-12-11 00:00:00-05:00,36.5099983215332,36.75,35.58000183105469,35.95000076293945,6480100,0.0,0.0
2025-12-12 00:00:00-05:00,36.0099983215332,36.130001068115234,35.150001525878906,35.189998626708984,3978100,0.0,0.0
2025-12-15 00:00:00-05:00,35.2400016784668,35.290000915527344,34.380001068115234,34.849998474121094,4305600,0.0,0.0
2025-12-16 00:00:00-05:00,34.15999984741211,34.41999816894531,32.810001373291016,33.22999954223633,5345100,0.0,0.0
2025-12-17 00:00:00-05:00,33.689998626708984,34.5,33.5,34.310001373291016,5085000,0.0,0.0
2025-12-18 00:00:00-05:00,34.560001373291016,35.18000030517578,33.36000061035156,33.529998779296875,4306500,0.0,0.0
2025-12-19 00:00:00-05:00,33.630001068115234,34.2599983215332,33.54999923706055,34.02000045776367,5572100,0.0,0.0
2025-12-22 00:00:00-05:00,34.029998779296875,34.31999969482422,33.47999954223633,33.619998931884766,5182200,0.0,0.0
2025-12-23 00:00:00-05:00,34.09000015258789,34.95000076293945,33.7400016784668,34.7400016784668,4348000,0.0,0.0
2025-12-24 00:00:00-05:00,34.22999954223633,34.459999084472656,33.97999954223633,34.189998626708984,1459800,0.0,0.0
2025-12-26 00:00:00-05:00,34.5099983215332,34.560001373291016,33.869998931884766,34.060001373291016,1571100,0.0,0.0
2025-12-29 00:00:00-05:00,34.25,34.83000183105469,34.15999984741211,34.61000061035156,2540100,0.0,0.0
2025-12-30 00:00:00-05:00,35.150001525878906,35.630001068115234,35.0,35.099998474121094,3497700,0.0,0.0
2025-12-31 00:00:00-05:00,34.54999923706055,34.849998474121094,34.09000015258789,34.459999084472656,4094800,0.0,0.0
2026-01-02 00:00:00-05:00,34.20000076293945,34.439998626708984,33.27000045776367,34.209999084472656,3997700,0.0,0.0
2026-01-05 00:00:00-05:00,33.869998931884766,33.91999816894531,31.59000015258789,32.880001068115234,11438300,0.0,0.0
2026-01-06 00:00:00-05:00,32.470001220703125,32.790000915527344,31.969999313354492,32.290000915527344,6250200,0.0,0.0
2026-01-07 00:00:00-05:00,32.54999923706055,32.93000030517578,32.310001373291016,32.86000061035156,4956100,0.0,0.0
2026-01-08 00:00:00-05:00,32.65999984741211,33.22999954223633,32.06999969482422,32.18000030517578,5446400,0.0,0.0
2026-01-09 00:00:00-05:00,32.09000015258789,32.33000183105469,31.260000228881836,31.3799991607666,8610000,0.0,0.0
2026-01-12 00:00:00-05:00,31.459999084472656,32.540000915527344,31.329999923706055,32.33000183105469,6545500,0.0,0.0
2026-01-13 00:00:00-05:00,32.970001220703125,33.5,32.15999984741211,32.4900016784668,4716600,0.0,0.0
2026-01-14 00:00:00-05:00,31.75,32.33000183105469,31.670000076293945,31.940000534057617,6718500,0.0,0.0
2026-01-15 00:00:00-05:00,31.6200008392334,32.4900016784668,31.149999618530273,31.780000686645508,7105300,0.0,0.0
2026-01-16 00:00:00-05:00,31.510000228881836,32.4900016784668,31.280000686645508,32.349998474121094,5428600,0.0,0.0
2026-01-20 00:00:00-05:00,34.27000045776367,34.560001373291016,32.56999969482422,32.869998931884766,6344700,0.0,0.0
2026-01-21 00:00:00-05:00,33.38999938964844,34.900001525878906,33.15999984741211,34.2400016784668,10564600,0.0,0.0
2026-01-22 00:00:00-05:00,34.709999084472656,34.869998931884766,33.88999938964844,34.380001068115234,6246100,0.0,0.0
2026-01-23 00:00:00-05:00,34.97999954223633,35.2400016784668,34.099998474121094,34.290000915527344,7928500,0.0,0.0
2026-01-26 00:00:00-05:00,34.86000061035156,35.470001220703125,34.20000076293945,35.43000030517578,6790200,0.0,0.0
2026-01-27 00:00:00-05:00,35.38999938964844,35.5099983215332,33.86000061035156,34.380001068115234,6438500,0.0,0.0
2026-01-28 00:00:00-05:00,34.290000915527344,34.7599983215332,33.72999954223633,34.459999084472656,7597100,0.0,0.0
2026-01-29 00:00:00-05:00,35.5,35.79999923706055,34.720001220703125,35.29999923706055,5008800,0.0,0.0
2026-01-30 00:00:00-05:00,35.75,36.5,35.279998779296875,36.369998931884766,5624500,0.0,0.0
2026-02-02 00:00:00-05:00,33.79999923706055,34.81999969482422,33.4900016784668,33.599998474121094,6987300,0.0,0.0
2026-02-03 00:00:00-05:00,33.689998626708984,34.27000045776367,33.150001525878906,33.970001220703125,5799900,0.0,0.0
2026-02-04 00:00:00-05:00,34.38999938964844,34.880001068115234,33.40999984741211,34.220001220703125,6212800,0.0,0.0
2026-02-05 00:00:00-05:00,34.11000061035156,34.45000076293945,33.18000030517578,33.849998474121094,4100700,0.0,0.0
2026-02-06 00:00:00-05:00,34.04999923706055,35.279998779296875,34.04999923706055,34.369998931884766,5063100,0.0,0.0
2026-02-09 00:00:00-05:00,33.41999816894531,34.880001068115234,33.29999923706055,34.2400016784668,4593200,0.0,0.0
2026-02-10 00:00:00-05:00,34.459999084472656,34.66999816894531,33.54999923706055,33.79999923706055,3571600,0.0,0.0
2026-02-11 00:00:00-05:00,34.599998474121094,35.20000076293945,34.11000061035156,35.11000061035156,6840200,0.0,0.0
2026-02-12 00:00:00-05:00,34.119998931884766,35.63999938964844,33.029998779296875,33.810001373291016,11409000,0.0,0.0
2026-02-13 00:00:00-05:00,33.900001525878906,35.470001220703125,33.5,34.7599983215332,7660600,0.0,0.0
2026-02-17 00:00:00-05:00,34.810001373291016,34.959999084472656,32.810001373291016,33.630001068115234,5496000,0.0,0.0
2026-02-18 00:00:00-05:00,33.61000061035156,34.029998779296875,33.220001220703125,33.849998474121094,4476300,0.0,0.0
2026-02-19 00:00:00-05:00,34.369998931884766,35.209999084472656,34.310001373291016,35.029998779296875,5172000,0.0,0.0
2026-02-20 00:00:00-05:00,34.720001220703125,35.630001068115234,34.25,35.540000915527344,4367000,0.0,0.0
2026-02-23 00:00:00-05:00,35.540000915527344,35.65999984741211,33.7400016784668,34.0,5282900,0.0,0.0
2026-02-24 00:00:00-05:00,33.86000061035156,34.02000045776367,33.06999969482422,33.83000183105469,3835300,0.0,0.0
2026-02-25 00:00:00-05:00,34.119998931884766,34.540000915527344,33.540000915527344,34.40999984741211,3726300,0.0,0.0
2026-02-26 00:00:00-05:00,33.91999816894531,34.83000183105469,33.7400016784668,34.380001068115234,5277600,0.0,0.0
2026-02-27 00:00:00-05:00,34.58000183105469,36.880001068115234,34.58000183105469,36.810001373291016,7654000,0.0,0.0
2026-03-02 00:00:00-05:00,38.25,38.650001525878906,36.34000015258789,37.08000183105469,8918500,0.0,0.0
2026-03-03 00:00:00-05:00,37.63999938964844,38.09000015258789,36.84000015258789,37.59000015258789,6242300,0.0,0.0
2026-03-04 00:00:00-05:00,36.880001068115234,37.88999938964844,36.47999954223633,37.790000915527344,6231900,0.0,0.0
2026-03-05 00:00:00-05:00,38.5,39.5,38.34000015258789,38.90999984741211,8250200,0.0,0.0
2026-03-06 00:00:00-05:00,39.619998931884766,39.95000076293945,38.63999938964844,38.83000183105469,5581300,0.0,0.0
2026-03-09 00:00:00-04:00,39.45000076293945,39.72999954223633,38.599998474121094,39.09000015258789,9249500,0.0,0.0
2026-03-10 00:00:00-04:00,38.5,38.630001068115234,37.209999084472656,37.470001220703125,6645400,0.0,0.0
2026-03-11 00:00:00-04:00,37.70000076293945,39.720001220703125,37.70000076293945,39.66999816894531,8571800,0.0,0.0
2026-03-12 00:00:00-04:00,39.75,40.849998474121094,39.400001525878906,40.349998474121094,6912000,0.0,0.0
2026-03-13 00:00:00-04:00,40.400001525878906,41.029998779296875,39.81999969482422,40.9900016784668,3899400,0.0,0.0
2026-03-16 00:00:00-04:00,40.95000076293945,41.790000915527344,40.5,41.029998779296875,4934300,0.0,0.0
2026-03-17 00:00:00-04:00,41.599998474121094,42.0,41.02000045776367,41.130001068115234,4830100,0.0,0.0
2026-03-18 00:00:00-04:00,41.279998779296875,41.81999969482422,40.130001068115234,41.5,6014300,0.0,0.0
2026-03-19 00:00:00-04:00,42.20000076293945,44.369998931884766,42.0099983215332,43.29999923706055,9862000,0.0,0.0
2026-03-20 00:00:00-04:00,43.25,44.15999984741211,43.02000045776367,43.09000015258789,9036500,0.0,0.0
2026-03-23 00:00:00-04:00,41.70000076293945,43.150001525878906,41.5,42.560001373291016,6845200,0.0,0.0
2026-03-24 00:00:00-04:00,43.11000061035156,44.02000045776367,42.77000045776367,43.369998931884766,4143000,0.0,0.0
2026-03-25 00:00:00-04:00,43.0,44.790000915527344,42.95000076293945,44.66999816894531,7638500,0.0,0.0
2026-03-26 00:00:00-04:00,44.84000015258789,45.470001220703125,44.290000915527344,44.33000183105469,4255700,0.0,0.0
2026-03-27 00:00:00-04:00,44.9900016784668,45.47999954223633,44.61000061035156,45.150001525878906,5152100,0.0,0.0
2026-03-30 00:00:00-04:00,45.5,45.75,43.81999969482422,44.22999954223633,6374700,0.0,0.0
2026-03-31 00:00:00-04:00,44.22999954223633,44.65999984741211,41.75,42.439998626708984,9307000,0.0,0.0
2026-04-01 00:00:00-04:00,41.70000076293945,42.790000915527344,40.75,40.86000061035156,7069000,0.0,0.0
2026-04-02 00:00:00-04:00,41.68000030517578,41.79999923706055,40.2400016784668,40.45000076293945,6503700,0.0,0.0
2026-04-06 00:00:00-04:00,40.63999938964844,41.130001068115234,39.970001220703125,40.36000061035156,4423100,0.0,0.0
2026-04-07 00:00:00-04:00,41.0,41.38999938964844,40.54999923706055,40.65999984741211,3672100,0.0,0.0
2026-04-08 00:00:00-04:00,38.38999938964844,39.290000915527344,37.790000915527344,39.16999816894531,8025200,0.0,0.0
2026-04-09 00:00:00-04:00,39.11000061035156,39.619998931884766,37.81999969482422,38.209999084472656,4910100,0.0,0.0
2026-04-10 00:00:00-04:00,37.95000076293945,38.220001220703125,37.33000183105469,37.88999938964844,4498200,0.0,0.0
2026-04-13 00:00:00-04:00,38.220001220703125,38.63999938964844,36.91999816894531,37.209999084472656,5393300,0.0,0.0
2026-04-14 00:00:00-04:00,37.04999923706055,37.18000030517578,35.869998931884766,36.11000061035156,5604100,0.0,0.0
2026-04-15 00:00:00-04:00,36.04999923706055,36.66999816894531,35.9900016784668,36.34000015258789,4228300,0.0,0.0
2026-04-16 00:00:00-04:00,36.45000076293945,37.709999084472656,36.34000015258789,37.4900016784668,6042700,0.0,0.0
2026-04-17 00:00:00-04:00,36.04999923706055,36.7599983215332,35.310001373291016,36.68000030517578,7938600,0.0,0.0
2026-04-20 00:00:00-04:00,36.810001373291016,37.15999984741211,36.11000061035156,36.56999969482422,4800400,0.0,0.0
2026-04-21 00:00:00-04:00,36.650001525878906,37.40999984741211,36.400001525878906,37.15999984741211,4985600,0.0,0.0
2026-04-22 00:00:00-04:00,37.95000076293945,38.689998626708984,37.5,38.599998474121094,5900900,0.0,0.0
2026-04-23 00:00:00-04:00,38.43000030517578,38.650001525878906,37.54999923706055,38.20000076293945,4637400,0.0,0.0
2026-04-24 00:00:00-04:00,37.869998931884766,38.060001373291016,37.31999969482422,37.84000015258789,3153700,0.0,0.0
2026-04-27 00:00:00-04:00,38.310001373291016,39.060001373291016,37.61000061035156,38.189998626708984,5555000,0.0,0.0
2026-04-28 00:00:00-04:00,38.869998931884766,39.130001068115234,38.400001525878906,38.54999923706055,3526400,0.0,0.0
2026-04-29 00:00:00-04:00,39.119998931884766,40.08000183105469,38.7599983215332,39.0099983215332,4849600,0.0,0.0
2026-04-30 00:00:00-04:00,38.5,39.630001068115234,37.900001525878906,39.2599983215332,7133700,0.0,0.0
2026-05-01 00:00:00-04:00,39.099998474121094,39.279998779296875,37.75,38.88999938964844,4517800,0.0,0.0
2026-05-04 00:00:00-04:00,39.130001068115234,39.79999923706055,38.52000045776367,39.529998779296875,4047100,0.0,0.0
2026-05-05 00:00:00-04:00,39.20000076293945,39.560001373291016,38.61000061035156,39.130001068115234,3968300,0.0,0.0
2026-05-06 00:00:00-04:00,37.810001373291016,38.47999954223633,36.7599983215332,36.84000015258789,4915500,0.0,0.0
2026-05-07 00:00:00-04:00,36.20000076293945,36.439998626708984,35.630001068115234,36.369998931884766,5531100,0.0,0.0
2026-05-08 00:00:00-04:00,36.47999954223633,36.54999923706055,35.849998474121094,35.939998626708984,3020300,0.0,0.0
2026-05-11 00:00:00-04:00,36.650001525878906,36.72999954223633,36.16999816894531,36.59000015258789,3756900,0.0,0.0
2026-05-12 00:00:00-04:00,36.959999084472656,36.9900016784668,35.84000015258789,36.33000183105469,4507300,0.0,0.0
2026-05-13 00:00:00-04:00,36.650001525878906,36.7599983215332,36.09000015258789,36.7400016784668,5624100,0.0,0.0
2026-05-14 00:00:00-04:00,36.66999816894531,37.45000076293945,36.5099983215332,37.08000183105469,2804300,0.0,0.0
2026-05-15 00:00:00-04:00,37.63999938964844,38.27000045776367,37.27000045776367,38.2400016784668,4234900,0.0,0.0
2026-05-18 00:00:00-04:00,38.31999969482422,38.849998474121094,37.900001525878906,38.36000061035156,3902700,0.0,0.0
2026-05-19 00:00:00-04:00,38.650001525878906,39.16999816894531,38.029998779296875,38.97999954223633,5008000,0.0,0.0
2026-05-20 00:00:00-04:00,38.619998931884766,39.0,37.66999816894531,37.97999954223633,5111000,0.0,0.0
2026-05-21 00:00:00-04:00,38.349998474121094,38.43000030517578,36.970001220703125,37.040000915527344,3485500,0.0,0.0
2026-05-22 00:00:00-04:00,36.720001220703125,37.02000045776367,36.290000915527344,36.75,4634000,0.0,0.0
2026-05-26 00:00:00-04:00,36.560001373291016,37.0099983215332,35.72999954223633,35.79999923706055,4040100,0.0,0.0
2026-05-27 00:00:00-04:00,35.45000076293945,35.83000183105469,35.060001373291016,35.11000061035156,3866100,0.0,0.0
2026-05-28 00:00:00-04:00,35.220001220703125,36.470001220703125,34.91999816894531,35.810001373291016,6588100,0.0,0.0
2026-05-29 00:00:00-04:00,35.84000015258789,36.119998931884766,35.470001220703125,35.75,5454800,0.0,0.0
2026-06-01 00:00:00-04:00,36.099998474121094,37.43000030517578,35.93000030517578,36.7599983215332,5188500,0.0,0.0
2026-06-02 00:00:00-04:00,36.61000061035156,36.7599983215332,36.029998779296875,36.2599983215332,4658500,0.0,0.0
2026-06-03 00:00:00-04:00,36.650001525878906,36.7599983215332,36.119998931884766,36.529998779296875,4256600,0.0,0.0
2026-06-04 00:00:00-04:00,36.43000030517578,37.20000076293945,36.34000015258789,37.099998474121094,4029100,0.0,0.0
2026-06-05 00:00:00-04:00,36.93000030517578,37.08000183105469,35.52000045776367,35.560001373291016,3936100,0.0,0.0
2026-06-08 00:00:00-04:00,35.540000915527344,35.9900016784668,35.36000061035156,35.52000045776367,3215800,0.0,0.0
2026-06-09 00:00:00-04:00,35.33000183105469,35.470001220703125,34.27000045776367,34.65999984741211,4728000,0.0,0.0
2026-06-10 00:00:00-04:00,34.88999938964844,35.77000045776367,34.869998931884766,35.63999938964844,5180900,0.0,0.0
2026-06-11 00:00:00-04:00,35.63999938964844,35.86000061035156,34.150001525878906,34.220001220703125,5720600,0.0,0.0
2026-06-12 00:00:00-04:00,34.0,35.099998474121094,33.79999923706055,34.83000183105469,4671200,0.0,0.0
2026-06-15 00:00:00-04:00,33.88999938964844,34.900001525878906,33.77000045776367,34.029998779296875,4637900,0.0,0.0
2026-06-16 00:00:00-04:00,33.70000076293945,34.369998931884766,33.54999923706055,33.90999984741211,4094500,0.0,0.0
2026-06-17 00:00:00-04:00,33.689998626708984,34.220001220703125,33.41999816894531,33.900001525878906,7223400,0.0,0.0
2026-06-18 00:00:00-04:00,33.61000061035156,33.849998474121094,33.06999969482422,33.220001220703125,7299400,0.0,0.0
2026-06-22 00:00:00-04:00,33.400001525878906,34.11000061035156,32.81999969482422,34.029998779296875,5267100,0.0,0.0
2026-06-23 00:00:00-04:00,33.689998626708984,34.56999969482422,33.61000061035156,34.529998779296875,5789700,0.0,0.0
2026-06-24 00:00:00-04:00,34.2400016784668,34.91999816894531,34.0,34.709999084472656,6012800,0.0,0.0
2026-06-25 00:00:00-04:00,34.380001068115234,34.79999923706055,34.290000915527344,34.5,7447400,0.0,0.0
2026-06-26 00:00:00-04:00,34.72999954223633,35.880001068115234,34.65999984741211,35.16999816894531,5005400,0.0,0.0
2026-06-29 00:00:00-04:00,34.959999084472656,35.279998779296875,34.25,34.439998626708984,3692200,0.0,0.0
2026-06-30 00:00:00-04:00,34.77000045776367,35.81999969482422,34.77000045776367,35.13999938964844,4274900,0.0,0.0
2026-07-01 00:00:00-04:00,35.43000030517578,35.61000061035156,34.75,34.90999984741211,4486400,0.0,0.0
2026-07-02 00:00:00-04:00,35.20000076293945,35.5,34.95000076293945,35.380001068115234,3326900,0.0,0.0
2026-07-06 00:00:00-04:00,35.45000076293945,35.54999923706055,34.54999923706055,34.68000030517578,4103300,0.0,0.0
2026-07-07 00:00:00-04:00,35.060001373291016,35.68000030517578,34.63999938964844,35.2400016784668,3566700,0.0,0.0
2026-07-08 00:00:00-04:00,35.5,35.599998474121094,34.65999984741211,34.65999984741211,4659200,0.0,0.0
2026-07-09 00:00:00-04:00,34.22999954223633,34.900001525878906,34.06999969482422,34.4900016784668,4409900,0.0,0.0
2026-07-10 00:00:00-04:00,34.2400016784668,34.38999938964844,32.58000183105469,33.22999954223633,6403100,0.0,0.0
2026-07-13 00:00:00-04:00,33.56999969482422,34.619998931884766,33.349998474121094,34.279998779296875,5378564,0.0,0.0
