Date,Open,High,Low,Close,Volume,Dividends,Stock Splits
2022-01-03 00:00:00-05:00,72.78479010762976,73.72332590001837,72.24973630437808,72.56550598144531,303200,0.0,0.0
2022-01-04 00:00:00-05:00,73.31984587748624,75.98634196982842,73.27599306228288,75.71443176269531,628000,0.0,0.0
2022-01-05 00:00:00-05:00,75.63547133748166,77.69674044699074,75.44250026737949,75.76703643798828,998300,0.0,0.0
2022-01-06 00:00:00-05:00,75.96879888567511,78.68792091508031,75.96879888567511,78.26689910888672,1611700,0.0,0.0
2022-01-07 00:00:00-05:00,78.87210732874883,80.66146647506369,77.60903540171832,80.38078308105469,1072300,0.0,0.0
2022-01-10 00:00:00-05:00,81.22285229468656,81.6351075901136,79.62646386245139,80.49482727050781,783200,0.0,0.0
2022-01-11 00:00:00-05:00,80.4597265654058,81.52982737403961,79.82818727374008,81.19651794433594,393800,0.0,0.0
2022-01-12 00:00:00-05:00,81.48596973865315,82.32801984695894,80.93336954518855,81.50350952148438,381000,0.0,0.0
2022-01-13 00:00:00-05:00,81.95961357378792,83.89808388874094,81.6087577343896,83.60862731933594,1038300,0.0,0.0
2022-01-14 00:00:00-05:00,82.90694157595745,86.45934718661894,82.4508335264703,86.36286163330078,1039500,0.0,0.0
2022-01-18 00:00:00-05:00,86.1611218205338,87.26630899844945,84.45070162077212,84.75769805908203,1200000,0.0,0.0
2022-01-19 00:00:00-05:00,84.75769136566257,84.75769136566257,81.82805888283268,82.33679962158203,580000,0.0,0.0
2022-01-20 00:00:00-05:00,81.8017465466812,82.75782205736684,79.10893793439362,79.4861068725586,1119600,0.0,0.0
2022-01-21 00:00:00-05:00,79.16157225956724,79.69662608111544,77.2231013208519,77.51255798339844,740700,0.0,0.0
2022-01-24 00:00:00-05:00,76.22315101078645,79.31066805302737,75.5740719782508,78.8282470703125,1259100,0.0,0.0
2022-01-25 00:00:00-05:00,77.97743545816738,79.23174090910197,76.84592858072116,78.73177337646484,603900,0.0,0.0
2022-01-26 00:00:00-05:00,78.9510529108601,79.8106428753204,76.67049950316427,77.94234466552734,752100,0.0,0.0
2022-01-27 00:00:00-05:00,75.8460035923479,80.31062571653793,74.98640677170275,75.71443176269531,654300,0.0,0.0
2022-01-28 00:00:00-05:00,75.18815305656867,77.45116716992727,74.57415339984752,77.31959533691406,518400,0.0,0.0
2022-01-31 00:00:00-05:00,77.08274945373019,78.31951507061795,75.96001585917737,78.2142562866211,732800,0.0,0.0
2022-02-01 00:00:00-05:00,78.67037216790362,80.95092565243179,78.03005960005301,80.8895263671875,544400,0.0,0.0
2022-02-02 00:00:00-05:00,80.91584403122592,81.41581158032339,79.50365369759571,80.1527328491211,487000,0.0,0.0
2022-02-03 00:00:00-05:00,80.03871455220194,80.77550608221095,78.837035004044,79.23175048828125,571300,0.0,0.0
2022-02-04 00:00:00-05:00,79.33698632910018,81.34562952930708,77.05643298076716,81.19651794433594,620700,0.0,0.0
2022-02-07 00:00:00-05:00,81.56491756610187,82.24908293438389,80.98601098217867,81.52106475830078,380600,0.0,0.0
2022-02-08 00:00:00-05:00,82.45961459857084,83.10869381635213,81.88070122366932,82.81047058105469,615700,0.0,0.0
2022-02-09 00:00:00-05:00,82.94203343296499,83.20517708558056,81.60878876669807,81.8631591796875,515500,0.0,0.0
2022-02-10 00:00:00-05:00,81.79299532184487,83.5735817096023,81.26671465281645,81.68773651123047,527900,0.0,0.0
2022-02-11 00:00:00-05:00,81.50350939333052,82.90692623830012,80.38077591735482,81.04740142822266,534200,0.0,0.0
2022-02-14 00:00:00-05:00,81.26670181085574,82.31926298258432,79.79311215522327,80.41587829589844,356600,0.0,0.0
2022-02-15 00:00:00-05:00,81.2315984737231,82.6262420677518,80.96845489008557,82.57361602783203,506000,0.0,0.0
2022-02-16 00:00:00-05:00,81.86315111059406,83.48585229638736,81.43334940755196,82.09120178222656,549900,0.0,0.0
2022-02-17 00:00:00-05:00,81.61755882759405,81.61755882759405,78.94228966760576,79.10894775390625,413000,0.0,0.0
2022-02-18 00:00:00-05:00,79.38084977863898,80.08256162476096,78.75808369391527,78.8808822631836,443100,0.0,0.0
2022-02-22 00:00:00-05:00,78.74931823082578,79.3983974027622,77.72307007546264,78.44232177734375,439200,0.0,0.0
2022-02-23 00:00:00-05:00,78.93350720314545,79.7141581077044,77.58271626810568,77.96865844726562,543100,0.0,0.0
2022-02-24 00:00:00-05:00,74.67940403910542,76.73190701043201,73.76718123985145,76.4249038696289,970400,0.0,0.0
2022-02-25 00:00:00-05:00,77.45114870595049,80.88074863463865,77.45114870595049,80.55620574951172,537900,0.0,0.0
2022-02-28 00:00:00-05:00,78.46861659531667,80.73162997077046,78.24055927192494,80.56497192382812,599300,0.0,0.0
2022-03-01 00:00:00-05:00,80.74041830700415,80.82813061947479,75.67933690400032,76.34596252441406,799000,0.0,0.0
2022-03-02 00:00:00-05:00,77.06521517131013,80.80181861973034,77.06521517131013,80.37201690673828,675300,0.0,0.0
2022-03-03 00:00:00-05:00,80.8193524960143,81.1438953937633,78.45985328864211,80.17904663085938,957300,0.0,0.0
2022-03-04 00:00:00-05:00,78.48618287656886,78.48618287656886,73.24090326697196,74.27592468261719,879500,0.0,0.0
2022-03-07 00:00:00-05:00,73.59174325233629,74.26713531706974,70.17968328656319,70.27616882324219,779900,0.0,0.0
2022-03-08 00:00:00-05:00,71.43399253110596,72.2058701753052,69.2674644925235,69.96916961669922,679800,0.0,0.0
2022-03-09 00:00:00-05:00,72.82865655110626,74.54784361917996,72.08309172091425,73.64439392089844,676200,0.0,0.0
2022-03-10 00:00:00-05:00,72.33743944020183,73.22334907137211,70.99542182891572,71.8813247680664,602100,0.0,0.0
2022-03-11 00:00:00-05:00,72.91636153122255,73.02162033001501,71.1182355563267,71.20594787597656,671700,0.0,0.0
2022-03-14 00:00:00-04:00,71.77997122401605,72.83088586825208,68.09736353372982,70.58776092529297,1815400,0.55,0.0
2022-03-15 00:00:00-04:00,71.22360790851124,71.93893273713658,70.17269326879244,71.4797134399414,1001500,0.0,0.0
2022-03-16 00:00:00-04:00,72.89271517101932,74.51765250426266,72.11557210785989,74.14674377441406,991900,0.0,0.0
2022-03-17 00:00:00-04:00,73.17530798939242,74.35868530061047,71.85062827450504,73.9347915649414,959100,0.0,0.0
2022-03-18 00:00:00-04:00,72.97218443275996,74.63245391845703,71.40906539879599,74.63245391845703,4399000,0.0,0.0
2022-03-21 00:00:00-04:00,76.69010395814442,76.69010395814442,73.63451090571226,74.3321762084961,715900,0.0,0.0
2022-03-22 00:00:00-04:00,75.48024475596615,76.13375147269107,74.48231514426675,75.28595733642578,788300,0.0,0.0
2022-03-23 00:00:00-04:00,74.68544716420506,75.0122039417879,72.4776474883829,73.11349487304688,646500,0.0,0.0
2022-03-24 00:00:00-04:00,74.19089127998134,74.19089127998134,72.54828802377003,73.00750732421875,439100,0.0,0.0
2022-03-25 00:00:00-04:00,73.00749656931889,74.71191768677133,72.7778903217528,74.59711456298828,705200,0.0,0.0
2022-03-28 00:00:00-04:00,74.12906268809414,74.12906268809414,72.73373207843262,73.74932098388672,454300,0.0,0.0
2022-03-29 00:00:00-04:00,75.1799810581464,76.23972878899453,74.65011056155679,75.06517791748047,651900,0.0,0.0
2022-03-30 00:00:00-04:00,74.57946520698093,75.23297871704332,72.1685519004714,73.44024658203125,1032900,0.0,0.0
2022-03-31 00:00:00-04:00,73.41374661644782,74.6236231691296,72.18621063232422,72.18621063232422,482700,0.0,0.0
2022-04-01 00:00:00-04:00,73.0075232715624,73.51090136405514,71.17063219318977,71.48855590820312,453200,0.0,0.0
2022-04-04 00:00:00-04:00,71.29426660939369,71.87712219171632,70.00490573262356,71.30309295654297,796100,0.0,0.0
2022-04-05 00:00:00-04:00,71.06463746826579,72.32749880448111,70.88800950025116,70.98515319824219,541200,0.0,0.0
2022-04-06 00:00:00-04:00,70.49943969083611,71.38255929591936,70.24333419684181,70.65840148925781,613700,0.0,0.0
2022-04-07 00:00:00-04:00,70.57010025198073,70.70256282020743,69.03346708386327,70.35814666748047,482400,0.0,0.0
2022-04-08 00:00:00-04:00,70.6937328368675,71.69165564628793,70.24333991506339,70.78204345703125,515700,0.0,0.0
2022-04-11 00:00:00-04:00,70.81737551047024,72.03607835026784,70.6407475163676,71.3560791015625,563600,0.0,0.0
2022-04-12 00:00:00-04:00,71.77994937285011,72.62774325469478,70.40228515706089,70.68488311767578,462800,0.0,0.0
2022-04-13 00:00:00-04:00,69.82827980093934,71.5768599065215,69.79295420169161,71.36490631103516,533200,0.0,0.0
2022-04-14 00:00:00-04:00,71.27659568175041,72.02724613717446,70.56127082557408,71.36490631103516,425000,0.0,0.0
2022-04-18 00:00:00-04:00,70.87034697797044,71.94775395398014,70.52593087746475,71.18827056884766,406500,0.0,0.0
2022-04-19 00:00:00-04:00,71.56803875546707,72.91921114805717,71.56803875546707,72.6895980834961,590700,0.0,0.0
2022-04-20 00:00:00-04:00,73.29010948147105,73.8288130923546,73.06050318720574,73.29894256591797,364900,0.0,0.0
2022-04-21 00:00:00-04:00,74.13789496378588,74.51763669837072,71.76230758944673,71.85945129394531,495000,0.0,0.0
2022-04-22 00:00:00-04:00,71.72699043945782,71.77114238636709,70.15503829089852,70.25218200683594,678900,0.0,0.0
2022-04-25 00:00:00-04:00,69.80178748586971,70.74672537102848,67.92074479980668,70.60542297363281,1046400,0.0,0.0
2022-04-26 00:00:00-04:00,68.23866037559729,70.77321649322872,68.0002210067713,69.38671875,943400,0.0,0.0
2022-04-27 00:00:00-04:00,70.62310890823703,71.02051022121655,69.41323205817392,70.31401824951172,574800,0.0,0.0
2022-04-28 00:00:00-04:00,70.9674981553001,71.85061783693632,69.94307609052122,71.32074737548828,497200,0.0,0.0
2022-04-29 00:00:00-04:00,70.73786370345081,71.35605133575964,68.81266311170764,68.87448120117188,567700,0.0,0.0
2022-05-02 00:00:00-04:00,69.50154057516146,70.42881926049334,68.70673797364365,70.39349365234375,611700,0.0,0.0
2022-05-03 00:00:00-04:00,70.45530720324491,71.99193400069588,69.90777715668777,71.48855590820312,532100,0.0,0.0
2022-05-04 00:00:00-04:00,71.86828010079753,72.79555849815891,70.61425172045011,72.6365966796875,403600,0.0,0.0
2022-05-05 00:00:00-04:00,71.88594642601649,72.44230942305335,70.48178257015863,71.87711334228516,662300,0.0,0.0
2022-05-06 00:00:00-04:00,71.7093048984502,71.95658403255128,69.84592210546732,70.49943542480469,429200,0.0,0.0
2022-05-09 00:00:00-04:00,69.29840163706506,70.87035357286616,69.28073547055696,69.74879455566406,390800,0.0,0.0
2022-05-10 00:00:00-04:00,70.1108597574016,70.82618442890939,66.79916148165456,68.66254425048828,795400,0.0,0.0
2022-05-11 00:00:00-04:00,68.62723541259766,70.817375371489,67.13476086928723,68.62723541259766,729600,0.0,0.0
2022-05-12 00:00:00-04:00,68.59189716731531,68.60956333226825,67.09059655436897,68.32696533203125,582500,0.0,0.0
2022-05-13 00:00:00-04:00,68.72438772516281,69.83712064323548,68.53893336176235,68.81269836425781,354700,0.0,0.0
2022-05-16 00:00:00-04:00,68.34463300402015,69.58983501437292,67.52333141399369,68.60073852539062,375600,0.0,0.0
2022-05-17 00:00:00-04:00,69.8194457559576,71.4443896106472,69.1835984535864,71.17945098876953,297900,0.0,0.0
2022-05-18 00:00:00-04:00,70.47295880952598,71.02932182697401,68.43294760354516,68.71554565429688,557400,0.0,0.0
2022-05-19 00:00:00-04:00,67.63815261923871,68.87452187635171,66.96698631944714,67.541015625,563500,0.0,0.0
2022-05-20 00:00:00-04:00,68.08852574212092,68.68021430860927,66.41059700846085,67.96488952636719,624300,0.0,0.0
2022-05-23 00:00:00-04:00,69.10411137909978,70.38463215367719,68.812680282761,69.68697357177734,421900,0.0,0.0
2022-05-24 00:00:00-04:00,69.55450210761332,69.70463082370635,67.68228611591955,69.13943481445312,430000,0.0,0.0
2022-05-25 00:00:00-04:00,69.13944893746648,70.88802234275096,67.82360234129412,70.20802307128906,432800,0.0,0.0
2022-05-26 00:00:00-04:00,70.64956237365706,71.90359048874932,70.64956237365706,71.25008392333984,346800,0.0,0.0
2022-05-27 00:00:00-04:00,71.42673476679902,72.33635391937132,71.16180284058667,72.05374908447266,297700,0.0,0.0
2022-05-31 00:00:00-04:00,71.85061558437386,73.02516634116755,70.40229989090955,72.15970611572266,683100,0.0,0.0
2022-06-01 00:00:00-04:00,72.24862087896658,72.79986123081144,70.49708423628881,71.90187072753906,490000,0.55,0.0
2022-06-02 00:00:00-04:00,72.0085567960503,72.2219467163086,71.3417285577303,72.2219467163086,543200,0.0,0.0
2022-06-03 00:00:00-04:00,72.0085585850759,72.07968856026253,70.9327431478574,71.44842529296875,387400,0.0,0.0
2022-06-06 00:00:00-04:00,72.02635682846079,73.78677992474381,71.28839847177184,73.40446472167969,551900,0.0,0.0
2022-06-07 00:00:00-04:00,72.71095904605812,74.36469382502162,71.91965664770045,74.29356384277344,540300,0.0,0.0
2022-06-08 00:00:00-04:00,73.66228254648598,73.70674047037986,72.62203224730654,73.37776947021484,423500,0.0,0.0
2022-06-09 00:00:00-04:00,73.37778772226117,73.60895677402226,71.59957885742188,71.59957885742188,586200,0.0,0.0
2022-06-10 00:00:00-04:00,70.22145474251752,70.89716907017026,68.9144704451816,69.30567169189453,621700,0.0,0.0
2022-06-13 00:00:00-04:00,67.80308813006678,68.92335453705931,66.99400005280103,68.2920913696289,790400,0.0,0.0
2022-06-14 00:00:00-04:00,68.48770291914589,70.95052562073546,68.48770291914589,70.05252838134766,1002300,0.0,0.0
2022-06-15 00:00:00-04:00,70.60378533936222,71.00387961554748,68.9144855825153,69.73246002197266,725500,0.0,0.0
2022-06-16 00:00:00-04:00,68.48771187142431,68.54105596555743,66.16714881003631,66.53168487548828,741300,0.0,0.0
2022-06-17 00:00:00-04:00,67.35852798295862,69.1989731840795,66.95842707112527,68.66551208496094,1295000,0.0,0.0
2022-06-21 00:00:00-04:00,70.16811865260948,70.76381698137712,68.99450109867142,69.67911529541016,489900,0.0,0.0
2022-06-22 00:00:00-04:00,68.62107643247869,70.11477206466597,68.44325826951777,69.87471008300781,544600,0.0,0.0
2022-06-23 00:00:00-04:00,69.7769203597334,69.7769203597334,67.3052042858111,67.90090942382812,678800,0.0,0.0
2022-06-24 00:00:00-04:00,68.51438335306128,70.78160230160543,68.51438335306128,70.13255310058594,1086400,0.0,0.0
2022-06-27 00:00:00-04:00,69.88360413746443,70.93274759560511,69.54574690913473,70.23035430908203,640300,0.0,0.0
2022-06-28 00:00:00-04:00,71.04832190457918,71.86629616391266,70.08808771319106,70.31036376953125,299500,0.0,0.0
2022-06-29 00:00:00-04:00,70.19478120863397,70.61266131161453,69.17231669849718,69.2701187133789,475500,0.0,0.0
2022-06-30 00:00:00-04:00,67.88312151625506,69.51907718616835,66.70061100258518,68.3988037109375,575600,0.0,0.0
2022-07-01 00:00:00-04:00,68.22986882205585,69.9636264483038,67.82088161765753,69.75023651123047,441700,0.0,0.0
2022-07-05 00:00:00-04:00,68.24764627078677,69.4123707041685,67.30519112355226,69.24343872070312,581100,0.0,0.0
2022-07-06 00:00:00-04:00,68.53215982883867,69.13675101320462,67.4207794739989,68.36322784423828,587400,0.0,0.0
2022-07-07 00:00:00-04:00,69.07452856757763,70.18590915705042,68.3365702281688,68.46104431152344,516300,0.0,0.0
2022-07-08 00:00:00-04:00,68.60330718656037,68.60330718656037,67.24297158947427,67.86534881591797,432900,0.0,0.0
2022-07-11 00:00:00-04:00,67.06515876356829,68.51439678746308,67.06515876356829,68.18543243408203,629300,0.0,0.0
2022-07-12 00:00:00-04:00,67.37632120734428,68.69219852551531,67.37632120734428,67.58081817626953,387100,0.0,0.0
2022-07-13 00:00:00-04:00,66.97623822680148,67.50080658361802,65.86485769117819,66.46055603027344,464400,0.0,0.0
2022-07-14 00:00:00-04:00,64.9757384396219,65.98931671421425,64.9757384396219,65.88262176513672,422100,0.0,0.0
2022-07-15 00:00:00-04:00,66.93178008945254,68.46104078717391,66.11380564570851,67.97203063964844,384500,0.0,0.0
2022-07-18 00:00:00-04:00,68.51438668914001,69.86582925067589,68.49660758481946,68.98561096191406,404700,0.0,0.0
2022-07-19 00:00:00-04:00,69.54575481497713,71.0127785911509,69.54575481497713,70.86162567138672,377200,0.0,0.0
2022-07-20 00:00:00-04:00,70.30147958590643,71.04833075558012,69.98140148223597,70.23924255371094,457200,0.0,0.0
2022-07-21 00:00:00-04:00,69.9725101556166,70.64823136600815,69.92805900778048,70.47041320800781,222600,0.0,0.0
2022-07-22 00:00:00-04:00,70.2481556758681,70.83496117894438,69.58132723222297,70.0792236328125,187800,0.0,0.0
2022-07-25 00:00:00-04:00,70.72825959893396,71.25282795277298,70.05253833777851,70.94164276123047,521100,0.0,0.0
2022-07-26 00:00:00-04:00,70.4881946264111,70.99498385502366,69.58131113748847,69.99919128417969,631400,0.0,0.0
2022-07-27 00:00:00-04:00,69.91027245637044,71.29727985221352,69.91027245637044,71.17280578613281,489900,0.0,0.0
2022-07-28 00:00:00-04:00,72.90656463109724,73.99127314142906,67.94536019039687,68.20320129394531,834000,0.0,0.0
2022-07-29 00:00:00-04:00,67.81197725827836,69.67910158503409,67.57192209864442,69.05672454833984,675900,0.0,0.0
2022-08-01 00:00:00-04:00,69.05672407030539,69.46571120301942,67.7764185889088,69.18119812011719,522800,0.0,0.0
2022-08-02 00:00:00-04:00,69.1456332302305,69.19898409688402,68.229856955381,68.2743148803711,541800,0.0,0.0
2022-08-03 00:00:00-04:00,68.43435231486748,69.10118047417828,67.90089114408421,68.46991729736328,436800,0.0,0.0
2022-08-04 00:00:00-04:00,68.23875344369138,68.54104564268911,67.50968820591923,67.58081817626953,403100,0.0,0.0
2022-08-05 00:00:00-04:00,67.7408661352385,68.3543435561172,67.38522301999787,67.68751525878906,555700,0.0,0.0
2022-08-08 00:00:00-04:00,68.14096315857098,68.50549923186391,67.48302777790667,67.8475570678711,571000,0.0,0.0
2022-08-09 00:00:00-04:00,67.98981652682852,68.1854205858387,67.37633230235627,67.97203063964844,446000,0.0,0.0
2022-08-10 00:00:00-04:00,68.87892649022649,70.37262231700333,68.87892649022649,69.92807006835938,844200,0.0,0.0
2022-08-11 00:00:00-04:00,70.27479939098092,71.82183885708392,70.27479939098092,71.6973648071289,333900,0.0,0.0
2022-08-12 00:00:00-04:00,72.03523918042274,72.60427226613139,71.41286878198471,72.38199615478516,301500,0.0,0.0
2022-08-15 00:00:00-04:00,71.53733259296993,72.44422279574859,71.50176760626022,72.2219467163086,740400,0.0,0.0
2022-08-16 00:00:00-04:00,72.19527623936881,73.11105949058242,72.04413011586567,72.87989044189453,549000,0.0,0.0
2022-08-17 00:00:00-04:00,72.15081317365325,72.41754038578992,71.70626103676484,72.15970611572266,375700,0.0,0.0
2022-08-18 00:00:00-04:00,72.32862622959126,73.40444151122045,71.67069101258805,73.37776947021484,488000,0.0,0.0
2022-08-19 00:00:00-04:00,73.13772371898384,73.53781795214977,72.63982068401364,73.45780181884766,533800,0.0,0.0
2022-08-22 00:00:00-04:00,72.39977943529317,72.50647441689217,70.82606746084937,70.86162567138672,403100,0.0,0.0
2022-08-23 00:00:00-04:00,70.94163725332453,71.61735846201701,70.30148103280828,70.6215591430664,385700,0.0,0.0
2022-08-24 00:00:00-04:00,70.33704457335068,70.71935970921665,69.77691128359123,70.23924255371094,332500,0.0,0.0
2022-08-25 00:00:00-04:00,71.50177387716134,72.30196918999017,70.94164054984526,72.0174560546875,370500,0.0,0.0
2022-08-26 00:00:00-04:00,72.01745513925387,72.87988747748855,71.0661137192413,71.08389282226562,405600,0.0,0.0
2022-08-29 00:00:00-04:00,70.62156412299008,70.91497020863771,69.33236543150079,69.7057876586914,484900,0.0,0.0
2022-08-30 00:00:00-04:00,69.72354878752675,69.83024373207296,68.60328239476138,68.96781158447266,356700,0.0,0.0
2022-08-31 00:00:00-04:00,68.98560336780294,69.6257595861311,68.47881415884778,68.6566390991211,463800,0.0,0.0
2022-09-01 00:00:00-04:00,68.31878765633255,68.47882674031823,67.37633904137748,68.06983947753906,462400,0.0,0.0
2022-09-02 00:00:00-04:00,68.52326852412455,69.72355797936856,67.5630342465983,67.83866119384766,454700,0.0,0.0
2022-09-06 00:00:00-04:00,67.94612781184169,68.40285841274275,66.3341173598986,66.71025085449219,600200,0.55,0.0
2022-09-07 00:00:00-04:00,66.54905501158296,68.7790041165208,66.27143362471581,68.4745101928711,403200,0.0,0.0
2022-09-08 00:00:00-04:00,68.30434927480331,70.31935901169281,68.02672789747959,70.23876190185547,405600,0.0,0.0
2022-09-09 00:00:00-04:00,70.50743379730551,71.81495042887336,70.50743379730551,71.71643829345703,581500,0.0,0.0
2022-09-12 00:00:00-04:00,71.86868092557022,73.48069145506349,71.72538806402429,72.38810729980469,389100,0.0,0.0
2022-09-13 00:00:00-04:00,70.9999935769783,72.01198071947297,69.88950112341264,71.07164001464844,473100,0.0,0.0
2022-09-14 00:00:00-04:00,71.16120087259276,71.36718269077429,69.53128185215884,71.17015838623047,616700,0.0,0.0
2022-09-15 00:00:00-04:00,71.34031276312002,72.80903061411475,71.08059954363453,71.37612915039062,605900,0.0,0.0
2022-09-16 00:00:00-04:00,70.92835319295683,70.92835319295683,69.57606243756355,70.01488494873047,1417800,0.0,0.0
2022-09-19 00:00:00-04:00,69.09246050394103,71.43882350555515,69.09246050394103,71.24180603027344,617500,0.0,0.0
2022-09-20 00:00:00-04:00,70.69550925850021,71.41195316576282,69.99697354507241,70.46266174316406,486300,0.0,0.0
2022-09-21 00:00:00-04:00,70.46264716886488,70.98207350618549,68.92228317961298,68.9670639038086,701600,0.0,0.0
2022-09-22 00:00:00-04:00,69.28948092099101,69.28948092099101,67.14909302863641,67.4804458618164,330100,0.0,0.0
2022-09-23 00:00:00-04:00,66.6744335544968,66.82668393421368,64.74898518552806,65.65349578857422,521000,0.0,0.0
2022-09-26 00:00:00-04:00,64.98182876236909,65.88634623858808,63.5041602887212,64.55196380615234,870000,0.0,0.0
2022-09-27 00:00:00-04:00,64.70419727034853,65.18780039511601,63.30712613162864,64.40866088867188,550600,0.0,0.0
2022-09-28 00:00:00-04:00,64.61465833577824,65.64455374962152,64.32807939591218,65.39379119873047,547300,0.0,0.0
2022-09-29 00:00:00-04:00,64.57883633778938,64.90123850531981,63.68327627966731,64.64152526855469,338800,0.0,0.0
2022-09-30 00:00:00-04:00,64.62360381189596,65.87738216990601,64.15790885099543,64.53404235839844,522600,0.0,0.0
2022-10-03 00:00:00-04:00,65.5012544607661,66.23561334942687,64.2116459411354,65.96694946289062,546400,0.0,0.0
2022-10-04 00:00:00-04:00,66.66548643492632,67.82075961755179,66.64757140925938,67.6864242553711,1475000,0.0,0.0
2022-10-05 00:00:00-04:00,66.32517401402541,67.2923804917666,66.05651010304008,66.96997833251953,633800,0.0,0.0
2022-10-06 00:00:00-04:00,66.50428831973299,66.71922080921728,65.51021616106974,65.67141723632812,483000,0.0,0.0
2022-10-07 00:00:00-04:00,65.41169453577584,65.41169453577584,63.52206264003916,63.790733337402344,1299600,0.0,0.0
2022-10-10 00:00:00-04:00,64.4355390219616,65.03556941244132,63.29818083262168,63.32504653930664,593400,0.0,0.0
2022-10-11 00:00:00-04:00,63.07429809384816,64.10419357499777,62.34889659953243,62.707115173339844,590000,0.0,0.0
2022-10-12 00:00:00-04:00,62.733976998236685,62.733976998236685,61.686166667855645,61.74885559082031,707200,0.0,0.0
2022-10-13 00:00:00-04:00,61.1846638052363,65.81470773459203,60.6921030329299,65.2952880859375,680200,0.0,0.0
2022-10-14 00:00:00-04:00,65.76095675466894,66.85354080998518,65.08928690091673,65.5012435913086,638100,0.0,0.0
2022-10-17 00:00:00-04:00,66.53115103303335,67.50730812130843,65.76992642457088,66.77294921875,387600,0.0,0.0
2022-10-18 00:00:00-04:00,68.06254951551979,68.72526190031179,66.76399044858444,67.6058120727539,457000,0.0,0.0
2022-10-19 00:00:00-04:00,66.77295079639315,67.58791366849913,65.22363583695855,65.76992797851562,479100,0.0,0.0
2022-10-20 00:00:00-04:00,65.60872850837755,66.14606315001257,63.244450619118965,63.853431701660156,413800,0.0,0.0
2022-10-21 00:00:00-04:00,64.19373608690312,64.9907838783841,63.557889356203674,64.82062530517578,407100,0.0,0.0
2022-10-24 00:00:00-04:00,65.20570080848213,66.289327246145,64.71314706367814,66.06543731689453,627100,0.0,0.0
2022-10-25 00:00:00-04:00,65.52811128151009,67.49834701187527,65.30422132346263,67.38191986083984,848300,0.0,0.0
2022-10-26 00:00:00-04:00,67.52521430755287,69.36110790733049,60.360735480917654,62.81456756591797,1973400,0.0,0.0
2022-10-27 00:00:00-04:00,62.81457398667848,63.73699963668327,62.16081905316719,62.74292755126953,1097400,0.0,0.0
2022-10-28 00:00:00-04:00,62.7429325656761,63.52207223971187,62.3936647058692,63.27131652832031,964700,0.0,0.0
2022-10-31 00:00:00-04:00,62.93100872558404,63.6564170931407,62.823545880450986,63.334014892578125,800800,0.0,0.0
2022-11-01 00:00:00-04:00,63.93403063096599,64.14896312718103,63.154890937387776,63.91612243652344,810300,0.0,0.0
2022-11-02 00:00:00-04:00,63.61163066833539,63.99672177167476,60.772706886725764,60.79061508178711,561600,0.0,0.0
2022-11-03 00:00:00-04:00,60.163713853498976,60.25326847623607,58.63230725718147,59.393531799316406,650000,0.0,0.0
2022-11-04 00:00:00-04:00,60.38761138426244,61.077189581477896,59.66220996695285,59.97565460205078,366800,0.0,0.0
2022-11-07 00:00:00-05:00,60.584636092512184,62.33097538040664,60.584636092512184,62.24142074584961,835900,0.0,0.0
2022-11-08 00:00:00-05:00,62.41157933431443,62.787712899002365,61.605573958139814,62.24142074584961,328600,0.0,0.0
2022-11-09 00:00:00-05:00,61.82049809532361,62.14290020223526,60.90703001412707,60.96971893310547,437000,0.0,0.0
2022-11-10 00:00:00-05:00,62.6623298271791,65.31318641833909,62.6623298271791,64.98182678222656,745900,0.0,0.0
2022-11-11 00:00:00-05:00,65.12512269118787,65.94903623110093,64.77585484638603,65.52812194824219,566400,0.0,0.0
2022-11-14 00:00:00-05:00,65.16094627038129,65.74306162579538,64.42658735769011,64.45345306396484,509100,0.0,0.0
2022-11-15 00:00:00-05:00,65.28631931164608,66.27143385376716,64.61464937393897,65.08033752441406,339800,0.0,0.0
2022-11-16 00:00:00-05:00,64.73107891977888,65.59977325611028,63.459385296476434,64.07732391357422,294300,0.0,0.0
2022-11-17 00:00:00-05:00,63.307141392641114,63.5041656945875,61.9369356251169,62.13395309448242,407200,0.0,0.0
2022-11-18 00:00:00-05:00,63.172793159557855,63.89819445761095,61.739898754264324,62.15185546875,433000,0.0,0.0
2022-11-21 00:00:00-05:00,62.330981571293265,63.06534057972858,62.1697804800474,62.707115173339844,381400,0.0,0.0
2022-11-22 00:00:00-05:00,63.11906782977649,64.2295602466919,63.110110317218265,64.14895629882812,363500,0.0,0.0
2022-11-23 00:00:00-05:00,64.16686988733335,64.54300341539613,63.68326670871836,63.88029098510742,228300,0.0,0.0
2022-11-25 00:00:00-05:00,64.25642617543538,64.65047473840725,63.87133512505291,64.48031616210938,147300,0.0,0.0
2022-11-28 00:00:00-05:00,63.95191998871637,64.55194333412494,63.44144441215843,64.0235595703125,462700,0.0,0.0
2022-11-29 00:00:00-05:00,64.30119921702628,65.02660050068495,63.8802849991969,64.06835174560547,238600,0.0,0.0
2022-11-30 00:00:00-05:00,63.62058614349081,65.51021837693226,62.46531287049243,65.39379119873047,584500,0.0,0.0
2022-12-01 00:00:00-05:00,65.32215081362718,65.89530868656293,63.4593843102956,63.83551788330078,439500,0.0,0.0
2022-12-02 00:00:00-05:00,63.36981262224843,63.90714712946746,62.98472163943532,63.405635833740234,316600,0.0,0.0
2022-12-05 00:00:00-05:00,62.859347813879616,63.172792393646816,59.79652794601038,60.253265380859375,549700,0.0,0.0
2022-12-06 00:00:00-05:00,60.4699747859175,60.876295580571046,59.269061306402165,60.054622650146484,616700,0.55,0.0
2022-12-07 00:00:00-05:00,59.558006585143744,59.87403465845828,58.70021511630496,59.14265441894531,759900,0.0,0.0
2022-12-08 00:00:00-05:00,59.612172712606196,60.19908584793457,58.60088301618254,58.88982391357422,690000,0.0,0.0
2022-12-09 00:00:00-05:00,58.7724415179148,59.548971528991714,58.3209709016559,59.28712463378906,458500,0.0,0.0
2022-12-12 00:00:00-05:00,59.63024109975161,61.40000512673722,58.63700710048046,61.27359390258789,586000,0.0,0.0
2022-12-13 00:00:00-05:00,62.212650554512656,62.429354515352415,59.26906029011921,59.32323455810547,678000,0.0,0.0
2022-12-14 00:00:00-05:00,59.09750583044504,59.59412630521334,58.14039024877756,58.691184997558594,641500,0.0,0.0
2022-12-15 00:00:00-05:00,58.068148044505854,58.21262194734756,56.885297242792554,57.18326950073242,633100,0.0,0.0
2022-12-16 00:00:00-05:00,56.9214323896799,57.86951682139829,56.51510803005171,57.19231414794922,765500,0.0,0.0
2022-12-19 00:00:00-05:00,57.10200760458925,58.88079956969242,56.47897592194177,57.5534782409668,387800,0.0,0.0
2022-12-20 00:00:00-05:00,57.65280213387772,58.420300881155896,57.318714808592276,57.427066802978516,543700,0.0,0.0
2022-12-21 00:00:00-05:00,58.113301023327004,58.682151546704084,57.725035999432905,57.869503021240234,214100,0.0,0.0
2022-12-22 00:00:00-05:00,57.23745148176416,57.95980731550989,56.56024547096345,57.8514518737793,322200,0.0,0.0
2022-12-23 00:00:00-05:00,57.914656849853245,58.75439256948293,57.80630140932513,58.68215560913086,258600,0.0,0.0
2022-12-27 00:00:00-05:00,58.799546372860746,58.799546372860746,57.69795676404512,58.22166442871094,766900,0.0,0.0
2022-12-28 00:00:00-05:00,58.21262710150355,58.47448090691757,57.84241785936444,58.02301025390625,520200,0.0,0.0
2022-12-29 00:00:00-05:00,58.08621078677366,58.98012067262125,57.77921063181297,58.93497085571289,664200,0.0,0.0
2022-12-30 00:00:00-05:00,58.691174601202505,59.910143772833244,58.402233709490815,59.883056640625,686500,0.0,0.0
2023-01-03 00:00:00-05:00,59.9101532422516,60.1358885648591,58.82662644929374,59.20586013793945,397300,0.0,0.0
2023-01-04 00:00:00-05:00,59.72054232471216,60.84018770707046,59.69345518553433,60.61445236206055,412800,0.0,0.0
2023-01-05 00:00:00-05:00,60.045599857434446,60.46095205233717,59.5309235627837,59.9372444152832,331400,0.0,0.0
2023-01-06 00:00:00-05:00,60.46997658410445,61.84244425229569,60.135885841771405,61.83341979980469,318200,0.0,0.0
2023-01-09 00:00:00-05:00,62.059155255836146,62.284890568744345,61.120095527470625,61.192325592041016,384400,0.0,0.0
2023-01-10 00:00:00-05:00,61.23747148159641,62.113325541714524,60.867269174402075,61.12911605834961,366900,0.0,0.0
2023-01-11 00:00:00-05:00,61.58059640135573,62.45645060009233,61.5625406057376,61.869537353515625,369000,0.0,0.0
2023-01-12 00:00:00-05:00,62.55576301316054,62.98917780488875,61.56252910619748,61.80632019042969,367100,0.0,0.0
2023-01-13 00:00:00-05:00,60.786010505139934,62.05012975417537,59.92821899091715,61.869537353515625,344600,0.0,0.0
2023-01-17 00:00:00-05:00,61.92370918603649,62.194587412860244,60.59638451902665,61.46320724487305,472800,0.0,0.0
2023-01-18 00:00:00-05:00,61.0388293476112,61.4270943748226,59.53995040018959,59.57606887817383,532600,0.0,0.0
2023-01-19 00:00:00-05:00,59.32325437307517,60.74087226634662,58.70022941644816,60.722816467285156,498700,0.0,0.0
2023-01-20 00:00:00-05:00,61.30972780252967,62.185582139392444,61.11107957492408,62.14946365356445,328700,0.0,0.0
2023-01-23 00:00:00-05:00,62.53772138531641,63.223951868379224,62.07721935647207,62.339073181152344,557100,0.0,0.0
2023-01-24 00:00:00-05:00,62.339079145744655,62.339079145744655,61.12913400865799,61.70701599121094,501100,0.0,0.0
2023-01-25 00:00:00-05:00,59.14266087689138,60.00045243939472,56.55122005940281,59.73860549926758,1537400,0.0,0.0
2023-01-26 00:00:00-05:00,58.736330951332285,60.307446794319425,57.833389703126684,59.314212799072266,909900,0.0,0.0
2023-01-27 00:00:00-05:00,59.24197028287756,61.25552521951583,58.97108517829482,60.53317642211914,615200,0.0,0.0
2023-01-30 00:00:00-05:00,60.14491224812323,60.51511454783437,59.720528793436586,59.810821533203125,602800,0.0,0.0
2023-01-31 00:00:00-05:00,60.10880180723334,62.00497715130881,59.29615326294517,61.97789001464844,733100,0.0,0.0
2023-02-01 00:00:00-05:00,61.30067317857542,62.80858322252433,61.174261970633246,62.2307014465332,668900,0.0,0.0
2023-02-02 00:00:00-05:00,62.790534653301314,63.86503693329694,62.30294555705695,63.82891845703125,427700,0.0,0.0
2023-02-03 00:00:00-05:00,63.32328098550517,64.49710761822277,63.32328098550517,63.92825698852539,390900,0.0,0.0
2023-02-06 00:00:00-05:00,63.59414717638378,63.76570820393319,62.51062052286881,63.22393798828125,460900,0.0,0.0
2023-02-07 00:00:00-05:00,63.052392707834485,64.29844922332417,62.67315901471528,64.06368255615234,571800,0.0,0.0
2023-02-08 00:00:00-05:00,63.4587023167035,64.07270256842418,63.40452805266451,63.585113525390625,393500,0.0,0.0
2023-02-09 00:00:00-05:00,64.12688932206876,64.26233189743978,62.8266585096354,63.025306701660156,306000,0.0,0.0
2023-02-10 00:00:00-05:00,62.93499252251874,63.548992752006946,62.736351265270336,63.40452575683594,484600,0.0,0.0
2023-02-13 00:00:00-05:00,63.20588103877911,63.96434830457518,62.85373453838889,63.67540740966797,452900,0.0,0.0
2023-02-14 00:00:00-05:00,63.377448459484555,64.262327025552,63.106563329279,64.12688446044922,331300,0.0,0.0
2023-02-15 00:00:00-05:00,63.67541520151515,64.97565283215256,63.62124092987032,64.5061264038086,404800,0.0,0.0
2023-02-16 00:00:00-05:00,64.31649938832268,65.18332204197156,63.747642070472985,64.5783462524414,460700,0.0,0.0
2023-02-17 00:00:00-05:00,64.58739283180228,66.06821607562703,64.55127435159974,65.95083618164062,598800,0.0,0.0
2023-02-21 00:00:00-05:00,65.1201306948082,65.75218686535041,63.19686126792367,63.88309860229492,457500,0.0,0.0
2023-02-22 00:00:00-05:00,63.88309271022143,64.17203363137618,63.09753135166246,63.747650146484375,329300,0.0,0.0
2023-02-23 00:00:00-05:00,64.09981305099305,64.36166690406108,62.98016755665471,63.77475357055664,213500,0.0,0.0
2023-02-24 00:00:00-05:00,63.377451623977706,64.38874146426369,63.05239220705854,64.35262298583984,370400,0.0,0.0
2023-02-27 00:00:00-05:00,64.76799197339629,65.04790161297714,64.40681402267802,64.61448669433594,579000,0.0,0.0
2023-02-28 00:00:00-05:00,65.03885168049163,65.27361831469244,64.40679561405996,64.47000122070312,698800,0.0,0.0
2023-03-01 00:00:00-05:00,64.02756565474746,65.02982407801859,64.02756565474746,64.40679931640625,473000,0.0,0.0
2023-03-02 00:00:00-05:00,63.96436296728527,63.96436296728527,61.82439634188624,62.54674530029297,468100,0.0,0.0
2023-03-03 00:00:00-05:00,62.953071172297086,63.36842336100875,62.176541070693986,63.30521774291992,514700,0.0,0.0
2023-03-06 00:00:00-05:00,63.4767746256249,63.87406410366303,62.158474296963256,62.429359436035156,562000,0.0,0.0
2023-03-07 00:00:00-05:00,61.995951062348446,62.140418083689916,60.144918698588484,60.262298583984375,294700,0.0,0.0
2023-03-08 00:00:00-05:00,60.53319099156737,60.53319099156737,59.51286971133222,60.009483337402344,479700,0.0,0.0
2023-03-09 00:00:00-05:00,58.925951419345616,59.42256500313599,55.846918266484394,55.98236083984375,1275400,0.0,0.0
2023-03-10 00:00:00-05:00,54.70921720349497,56.68665754418228,52.388658181165134,55.106510162353516,1423800,0.0,0.0
2023-03-13 00:00:00-04:00,52.280294833030645,53.436058422046266,48.189969013219496,49.58952713012695,2866200,0.0,0.0
2023-03-14 00:00:00-04:00,52.9755645143124,54.00492049152641,46.74527159961464,48.23512268066406,1926300,0.0,0.0
2023-03-15 00:00:00-04:00,46.050007788708854,47.458597502247045,44.55112532003075,46.70012664794922,1887300,0.0,0.0
2023-03-16 00:00:00-04:00,46.05903372797453,48.54212227766501,45.147064539827,47.58500671386719,2240400,0.0,0.0
2023-03-17 00:00:00-04:00,46.526555449456524,47.39339373606655,45.30385316764841,46.398807525634766,4962400,0.55,0.0
2023-03-20 00:00:00-04:00,47.97736547903012,49.10881904752639,47.27476768339198,47.65800094604492,985200,0.0,0.0
2023-03-21 00:00:00-04:00,49.656297243852016,50.04865710579961,48.214605700581956,49.54680252075195,1053400,0.0,0.0
2023-03-22 00:00:00-04:00,49.546801418628824,50.78775318874068,47.47550743186483,47.52113342285156,869100,0.0,0.0
2023-03-23 00:00:00-04:00,48.47921666780334,49.492052335200334,47.67624731731599,48.086856842041016,1732500,0.0,0.0
2023-03-24 00:00:00-04:00,47.101398147075784,49.8387905795647,46.96453061391602,49.5650520324707,1078100,0.0,0.0
2023-03-27 00:00:00-04:00,51.006743468274685,52.05607507189172,49.81141427030305,49.83878707885742,862300,0.0,0.0
2023-03-28 00:00:00-04:00,49.39168523236493,50.41364410198746,49.382558641664794,49.72017288208008,499400,0.0,0.0
2023-03-29 00:00:00-04:00,50.18552231615108,50.66912714462265,49.55592338017259,50.623504638671875,710500,0.0,0.0
2023-03-30 00:00:00-04:00,51.37173480592525,51.37173480592525,49.902666857201126,50.01216506958008,594100,0.0,0.0
2023-03-31 00:00:00-04:00,50.56876205168969,52.393690370796925,50.56876205168969,52.38456726074219,1111000,0.0,0.0
2023-04-03 00:00:00-04:00,52.621808589779945,53.233161412000044,52.0743314636863,52.37544631958008,1228200,0.0,0.0
2023-04-04 00:00:00-04:00,52.56705549922119,52.56705549922119,50.35889064529639,50.961116790771484,680900,0.0,0.0
2023-04-05 00:00:00-04:00,50.23114298530467,51.25310170048332,49.78403757025262,50.942867279052734,572500,0.0,0.0
2023-04-06 00:00:00-04:00,52.85904852479338,53.05979175178109,52.01957969620571,52.26594543457031,795400,0.0,0.0
2023-04-10 00:00:00-04:00,51.84620972493945,54.18211906687261,51.71846530825411,53.141910552978516,924300,0.0,0.0
2023-04-11 00:00:00-04:00,52.986793685827685,54.172996401995434,52.8499226690191,53.88100814819336,669900,0.0,0.0
2023-04-12 00:00:00-04:00,54.410237954004394,55.01246415061772,53.287907473078405,53.680267333984375,508700,0.0,0.0
2023-04-13 00:00:00-04:00,53.826265281145275,54.6748537941594,53.16928993607656,54.41936492919922,726100,0.0,0.0
2023-04-14 00:00:00-04:00,55.03983551037183,55.32270064101258,53.05979003820969,53.616390228271484,630800,0.0,0.0
2023-04-17 00:00:00-04:00,53.151035822013775,54.43761011212253,52.375442700182575,54.31898880004883,517500,0.0,0.0
2023-04-18 00:00:00-04:00,54.273366159002684,54.33723836978701,52.73130302884988,52.97766876220703,472700,0.0,0.0
2023-04-19 00:00:00-04:00,53.05066589041357,54.893843917731935,52.56706099777555,54.6566047668457,651600,0.0,0.0
2023-04-20 00:00:00-04:00,53.725886920140574,54.55622910785299,53.5798928040848,53.899253845214844,553200,0.0,0.0
2023-04-21 00:00:00-04:00,53.95400247758464,54.8390902756823,53.10541059760468,54.69309616088867,683100,0.0,0.0
2023-04-24 00:00:00-04:00,54.48323435675695,55.05808775426865,53.68939150928097,53.88100814819336,550500,0.0,0.0
2023-04-25 00:00:00-04:00,52.87729364823285,53.66201330677514,51.94657987745764,52.16556930541992,751100,0.0,0.0
2023-04-26 00:00:00-04:00,54.7752157641987,56.60927045247724,53.114531472978065,53.826255798339844,1329000,0.0,0.0
2023-04-27 00:00:00-04:00,54.33723491129692,54.8482160458227,53.032411006996924,53.85363006591797,736600,0.0,0.0
2023-04-28 00:00:00-04:00,53.68026874917066,55.21320535123864,53.68026874917066,54.75697326660156,600800,0.0,0.0
2023-05-01 00:00:00-04:00,54.62922485696154,54.8025952641794,53.37002690132553,53.55251693725586,375300,0.0,0.0
2023-05-02 00:00:00-04:00,53.34264898450694,53.552515304045905,50.44101294779561,52.01045227050781,911500,0.0,0.0
2023-05-03 00:00:00-04:00,52.010454568387274,53.49777205083693,50.057781918708564,50.295021057128906,695500,0.0,0.0
2023-05-04 00:00:00-04:00,48.780339336576645,51.04325032229681,47.74013061935105,49.91179656982422,1264000,0.0,0.0
2023-05-05 00:00:00-04:00,51.80970636752481,52.521430675900085,50.96111454348916,51.76408386230469,736900,0.0,0.0
2023-05-08 00:00:00-04:00,52.71304841899413,52.831669719734634,50.979365337183495,51.38085174560547,716700,0.0,0.0
2023-05-09 00:00:00-04:00,50.84249807135975,51.36260230233396,49.91178432099165,50.87899398803711,358700,0.0,0.0
2023-05-10 00:00:00-04:00,51.83709209313805,51.83709209313805,50.14903124645974,50.41364669799805,332400,0.0,0.0
2023-05-11 00:00:00-04:00,49.619806218075254,50.614392376345776,48.78033730943348,49.610679626464844,431800,0.0,0.0
2023-05-12 00:00:00-04:00,50.0030296149251,50.12165091692216,49.309558463319355,49.79316329956055,373400,0.0,0.0
2023-05-15 00:00:00-04:00,50.02128153668577,51.25310667575966,49.51030038910715,50.69650650024414,417100,0.0,0.0
2023-05-16 00:00:00-04:00,50.559630856568546,51.28960137132585,49.811410643845555,49.820533752441406,515600,0.0,0.0
2023-05-17 00:00:00-04:00,50.79688086729433,53.67114451925768,50.79688086729433,53.21491241455078,517700,0.0,0.0
2023-05-18 00:00:00-04:00,53.26965852323722,53.92663035012703,52.8316761450525,53.607269287109375,447700,0.0,0.0
2023-05-19 00:00:00-04:00,53.92662199636581,54.14561489192129,51.891827656753335,52.88641357421875,553700,0.0,0.0
2023-05-22 00:00:00-04:00,53.415647767863454,53.78063130927578,52.576179009144106,53.543392181396484,496700,0.0,0.0
2023-05-23 00:00:00-04:00,53.55252517702927,56.034429032228296,53.46128014502483,55.03071975708008,632200,0.0,0.0
2023-05-24 00:00:00-04:00,54.41936183087528,54.474110933438816,53.141914098030156,53.607269287109375,406700,0.0,0.0
2023-05-25 00:00:00-04:00,53.30614961290278,53.79888104899356,52.23856831548031,53.233154296875,219400,0.0,0.0
2023-05-26 00:00:00-04:00,53.2331660192897,54.054385260280746,52.40282366707652,53.97226333618164,272100,0.0,0.0
2023-05-30 00:00:00-04:00,54.382862481556685,54.592732301198495,52.849922416046134,54.209495544433594,381600,0.0,0.0
2023-05-31 00:00:00-04:00,53.795045320945654,53.85030600582738,51.58466711186722,52.662227630615234,586200,0.55,0.0
2023-06-01 00:00:00-04:00,53.28850414526646,55.33310392065551,52.542500669930035,55.121273040771484,602800,0.0,0.0
2023-06-02 00:00:00-04:00,55.74754655566855,58.10528319234809,55.535719189946086,57.90266418457031,547300,0.0,0.0
2023-06-05 00:00:00-04:00,57.939501676443975,57.939501676443975,55.913322242305064,56.4474983215332,357000,0.0,0.0
2023-06-06 00:00:00-04:00,56.401450432622674,59.072320332671076,56.401450432622674,58.16975021362305,549500,0.0,0.0
2023-06-07 00:00:00-04:00,58.648662201308674,59.41308583169044,58.013180163254525,58.7960205078125,478600,0.0,0.0
2023-06-08 00:00:00-04:00,58.71313399433436,58.71313399433436,56.77905569160543,58.23421859741211,494800,0.0,0.0
2023-06-09 00:00:00-04:00,58.15132993088625,58.15132993088625,56.85273368251816,57.46979904174805,427000,0.0,0.0
2023-06-12 00:00:00-04:00,57.41453384352217,58.62103236770857,56.41065430394851,56.68695068359375,374000,0.0,0.0
2023-06-13 00:00:00-04:00,57.00930779784783,58.068444661619395,56.62248999864025,57.16587448120117,584400,0.0,0.0
2023-06-14 00:00:00-04:00,57.202704356894245,57.83818635757738,55.79359041423648,56.336971282958984,546300,0.0,0.0
2023-06-15 00:00:00-04:00,55.79359940577173,57.46980163129882,55.79359940577173,57.368492126464844,475100,0.0,0.0
2023-06-16 00:00:00-04:00,57.33164457829869,57.65398976900162,56.38302571997371,56.68695068359375,943800,0.0,0.0
2023-06-20 00:00:00-04:00,56.62248393565775,56.650112520750035,55.692285266792,56.50275421142578,384200,0.0,0.0
2023-06-21 00:00:00-04:00,56.13436518258753,56.364612780946544,55.581768838546175,55.904117584228516,443700,0.0,0.0
2023-06-22 00:00:00-04:00,55.68307291951223,55.848851455245146,53.86872441023403,54.17264938354492,403200,0.0,0.0
2023-06-23 00:00:00-04:00,53.69373567790299,54.366058198979644,53.4174392808344,53.89635467529297,473400,0.0,0.0
2023-06-26 00:00:00-04:00,54.30159467467269,55.50809339754067,54.30159467467269,55.09364700317383,356200,0.0,0.0
2023-06-27 00:00:00-04:00,55.3423113489157,56.180412443192,54.605519757238646,55.79359817504883,327700,0.0,0.0
2023-06-28 00:00:00-04:00,55.47124805609845,55.8764825430986,54.881814797443944,55.30546951293945,347500,0.0,0.0
2023-06-29 00:00:00-04:00,56.32777074322281,56.60406715084949,55.729125598948805,55.87648391723633,339300,0.0,0.0
2023-06-30 00:00:00-04:00,56.548814862401876,56.58565181018142,55.66466136299768,55.73834228515625,335200,0.0,0.0
2023-07-03 00:00:00-04:00,55.86727875143614,57.184295333448254,55.86727875143614,57.175086975097656,156200,0.0,0.0
2023-07-05 00:00:00-04:00,56.61327974166063,57.221133251486336,56.02384646101745,56.429080963134766,243300,0.0,0.0
2023-07-06 00:00:00-04:00,55.80280320013153,56.475125706964526,54.485786771597255,56.27250671386719,339400,0.0,0.0
2023-07-07 00:00:00-04:00,56.4198614920813,58.15132415571547,56.4198614920813,57.432952880859375,538700,0.0,0.0
2023-07-10 00:00:00-04:00,57.20271074977263,58.37236890664964,57.04614056459099,57.313228607177734,280500,0.0,0.0
2023-07-11 00:00:00-04:00,57.414539658750016,58.409207428877544,57.03693374855261,58.19738006591797,519900,0.0,0.0
2023-07-12 00:00:00-04:00,58.851282505806545,59.459132459586,58.261845753315754,58.667083740234375,448500,0.0,0.0
2023-07-13 00:00:00-04:00,59.13679128714258,60.11303883863332,58.65787586931905,58.980224609375,294000,0.0,0.0
2023-07-14 00:00:00-04:00,59.79990212550115,59.79990212550115,57.359276357209644,57.59873580932617,294600,0.0,0.0
2023-07-17 00:00:00-04:00,57.59873681204001,58.621036653435915,57.119821412768985,58.317108154296875,299100,0.0,0.0
2023-07-18 00:00:00-04:00,58.455258449394485,60.80377961832739,58.455258449394485,60.72089385986328,488700,0.0,0.0
2023-07-19 00:00:00-04:00,61.061661897059736,61.74319277612722,60.416964447910615,61.476104736328125,409600,0.0,0.0
2023-07-20 00:00:00-04:00,61.30111750749402,61.5866293036757,60.24198419068115,61.466896057128906,574400,0.0,0.0
2023-07-21 00:00:00-04:00,62.22210387335314,62.22210387335314,61.06166112738937,61.84450149536133,484300,0.0,0.0
2023-07-24 00:00:00-04:00,61.5774160835888,63.25361825913656,61.5774160835888,63.21677780151367,573400,0.0,0.0
2023-07-25 00:00:00-04:00,63.400965683404046,63.824627383455244,61.71555885957447,62.212894439697266,520700,0.0,0.0
2023-07-26 00:00:00-04:00,63.907513901070175,66.81784651009184,63.907513901070175,66.17314910888672,879500,0.0,0.0
2023-07-27 00:00:00-04:00,67.32439120884784,67.63753157251242,64.57063211040814,65.09559631347656,798400,0.0,0.0
2023-07-28 00:00:00-04:00,65.99816869595891,66.97441617173689,65.7310806640464,66.77179718017578,471300,0.0,0.0
2023-07-31 00:00:00-04:00,66.67970587066596,67.40728912446038,66.0442202508685,66.81785583496094,433100,0.0,0.0
2023-08-01 00:00:00-04:00,66.54154838291666,66.7441673707605,65.62055809387975,66.58760070800781,275100,0.0,0.0
2023-08-02 00:00:00-04:00,65.85080890749803,66.42182544438332,65.2982161121954,66.34814453125,289200,0.0,0.0
2023-08-03 00:00:00-04:00,66.07184613744963,67.92303871948947,65.82318183316309,67.30597686767578,432300,0.0,0.0
2023-08-04 00:00:00-04:00,66.96520668219102,68.14407319144495,65.89686154315416,67.20466613769531,251800,0.0,0.0
2023-08-07 00:00:00-04:00,67.2415046094132,67.6835760240338,66.88231895005954,67.48095703125,247800,0.0,0.0
2023-08-08 00:00:00-04:00,66.09027729096232,66.3389416231346,63.56675837469762,66.2192153930664,319700,0.0,0.0
2023-08-09 00:00:00-04:00,65.85080678173644,65.85080678173644,64.92981647709676,65.14164733886719,214600,0.0,0.0
2023-08-10 00:00:00-04:00,65.71266270292695,66.12711259300985,64.77325559995062,64.95745086669922,266600,0.0,0.0
2023-08-11 00:00:00-04:00,64.73640762023304,65.04954094264578,64.08250536466683,64.6443099975586,421800,0.0,0.0
2023-08-14 00:00:00-04:00,64.22066471603709,64.23908143262953,63.23520525326001,63.44702911376953,285300,0.0,0.0
2023-08-15 00:00:00-04:00,62.5720771404387,63.115457991784815,60.99718472391308,61.153751373291016,367100,0.0,0.0
2023-08-16 00:00:00-04:00,61.16297083870329,61.641882715864355,60.315654399728245,61.227439880371094,505000,0.0,0.0
2023-08-17 00:00:00-04:00,61.45768045160667,62.028689890791824,60.9235044378031,61.245849609375,340200,0.0,0.0
2023-08-18 00:00:00-04:00,60.98798105432978,62.07474992973815,60.656423971893425,61.32874298095703,280800,0.0,0.0
2023-08-21 00:00:00-04:00,61.43926839548239,61.660304122792276,60.1498804374097,60.78536605834961,237800,0.0,0.0
2023-08-22 00:00:00-04:00,60.601167737576574,61.01561058373225,58.7683953983418,58.86970138549805,381300,0.0,0.0
2023-08-23 00:00:00-04:00,58.75918335003388,59.643336751968754,58.39078931975209,59.330196380615234,234200,0.0,0.0
2023-08-24 00:00:00-04:00,59.11837553670897,60.34328741838653,59.11837553670897,59.6985969543457,266000,0.0,0.0
2023-08-25 00:00:00-04:00,59.84595819830697,60.31565823463688,58.372371477052944,58.83286666870117,190000,0.0,0.0
2023-08-28 00:00:00-04:00,59.274942733241595,60.076206911183796,59.035483261684305,59.93805694580078,291200,0.0,0.0
2023-08-29 00:00:00-04:00,59.87358154235889,61.964226437658354,59.36703406526513,61.816871643066406,388000,0.0,0.0
2023-08-30 00:00:00-04:00,61.6787198757612,62.093162689105476,61.18138428378918,61.549781799316406,290500,0.0,0.0
2023-08-31 00:00:00-04:00,61.58662684256128,63.02336953091612,61.41163642866212,62.88521957397461,853000,0.0,0.0
2023-09-01 00:00:00-04:00,63.31808059071942,64.52457558691847,63.31808059071942,64.39563751220703,434500,0.0,0.0
2023-09-05 00:00:00-04:00,64.05486970924555,64.29432209644533,62.2405179338001,62.26814651489258,647700,0.0,0.0
2023-09-06 00:00:00-04:00,61.94581226681464,62.323414652572104,59.624912673959166,60.16830062866211,432000,0.0,0.0
2023-09-07 00:00:00-04:00,59.54600020757684,60.419083736483586,59.29522112223948,59.67603302001953,678100,0.55,0.0
2023-09-08 00:00:00-04:00,59.86179000571855,60.94850287960648,59.220912506074015,60.864906311035156,256900,0.0,0.0
2023-09-11 00:00:00-04:00,60.78131652615035,61.66368301538889,59.852506711685976,60.01040267944336,265900,0.0,0.0
2023-09-12 00:00:00-04:00,60.14972488138205,60.7348725067543,59.6760298972675,59.91752243041992,325300,0.0,0.0
2023-09-13 00:00:00-04:00,60.01040263852738,60.01040263852738,58.23637603583512,58.85867691040039,427000,0.0,0.0
2023-09-14 00:00:00-04:00,59.26735416414912,59.908231645763706,58.71006616249767,59.52741622924805,290900,0.0,0.0
2023-09-15 00:00:00-04:00,59.07229746280681,59.39738299447006,58.69148561489634,59.285926818847656,1548700,0.0,0.0
2023-09-18 00:00:00-04:00,59.350948674028814,59.43454169921419,58.245662725118976,59.323081970214844,267500,0.0,0.0
2023-09-19 00:00:00-04:00,59.61102118616863,59.77820725588395,58.44071869816139,58.691497802734375,388500,0.0,0.0
2023-09-20 00:00:00-04:00,58.830806260276596,59.638869703362474,58.431417807723484,58.440704345703125,359700,0.0,0.0
2023-09-21 00:00:00-04:00,58.0598984755995,58.19922136149877,57.24254841058353,57.44688415527344,318700,0.0,0.0
2023-09-22 00:00:00-04:00,57.69766384135865,57.75339370494027,57.038209733052966,57.49332809448242,301700,0.0,0.0
2023-09-25 00:00:00-04:00,57.41902460276552,57.93915939392229,57.251838546433994,57.86485290527344,220100,0.0,0.0
2023-09-26 00:00:00-04:00,57.12179946144572,57.97630272829761,56.75956422688337,57.04749298095703,151100,0.0,0.0
2023-09-27 00:00:00-04:00,57.53048341140211,57.53048341140211,56.50879394787179,56.9174690246582,280500,0.0,0.0
2023-09-28 00:00:00-04:00,57.01034297723202,58.24565809212475,56.96390319874035,57.95772933959961,225800,0.0,0.0
2023-09-29 00:00:00-04:00,58.217798047338945,59.19304762033557,58.11562840331611,58.5243034362793,429900,0.0,0.0
2023-10-02 00:00:00-04:00,58.45928891094465,58.524305315023035,57.001057774109576,57.484039306640625,329800,0.0,0.0
2023-10-03 00:00:00-04:00,57.31685578752744,57.31685578752744,55.867914669048126,56.34160614013672,278900,0.0,0.0
2023-10-04 00:00:00-04:00,56.64810789955729,57.61406734146117,55.951500590892984,57.539764404296875,425300,0.0,0.0
2023-10-05 00:00:00-04:00,57.50261029324957,59.42524615259367,57.50261029324957,59.285926818847656,385400,0.0,0.0
2023-10-06 00:00:00-04:00,58.552175755637435,60.21474629317836,57.91129467006805,59.592445373535156,395100,0.0,0.0
2023-10-09 00:00:00-04:00,58.94227050008779,59.88966048757596,58.914407339206946,59.564571380615234,292700,0.0,0.0
2023-10-10 00:00:00-04:00,59.21162937141626,60.63270734252913,59.21162937141626,59.88966369628906,251500,0.0,0.0
2023-10-11 00:00:00-04:00,59.963961738124866,60.79060193896127,58.784376344812785,59.55529022216797,510900,0.0,0.0
2023-10-12 00:00:00-04:00,59.54599336174676,59.73175247637818,58.682200014824254,59.23019790649414,269000,0.0,0.0
2023-10-13 00:00:00-04:00,59.8989489090525,60.29833745245128,58.20851516202315,58.28282165527344,194700,0.0,0.0
2023-10-16 00:00:00-04:00,58.895830717576956,59.69460418889689,58.86796755669611,59.564571380615234,238100,0.0,0.0
2023-10-17 00:00:00-04:00,59.22090761579201,61.36645939623833,59.22090761579201,60.99493408203125,402400,0.0,0.0
2023-10-18 00:00:00-04:00,60.484093189024236,60.95778105721116,59.00728200855724,59.23019790649414,212100,0.0,0.0
2023-10-19 00:00:00-04:00,59.04444554645754,60.10328827428867,58.35712819894161,58.55217742919922,185300,0.0,0.0
2023-10-20 00:00:00-04:00,58.552171274520546,61.47792359336027,56.06296070019505,56.23943328857422,297300,0.0,0.0
2023-10-23 00:00:00-04:00,56.183706624995274,57.74410383664995,56.10011360087732,56.1929931640625,452800,0.0,0.0
2023-10-24 00:00:00-04:00,56.378757548920575,56.973195274899595,55.728589957457906,56.64811325073242,300300,0.0,0.0
2023-10-25 00:00:00-04:00,56.28588185683075,56.75957691804199,55.050566459083974,55.71931076049805,548300,0.0,0.0
2023-10-26 00:00:00-04:00,57.66980217763912,60.335485383390115,57.57692261238776,60.02897644042969,812700,0.0,0.0
2023-10-27 00:00:00-04:00,60.530530835538144,61.83086592703727,59.63887430926175,60.224021911621094,603500,0.0,0.0
2023-10-30 00:00:00-04:00,60.38194214508311,60.90207349523347,59.87109379314388,60.679161071777344,405700,0.0,0.0
2023-10-31 00:00:00-04:00,60.42836693291728,60.91135202609461,60.05684865971236,60.409793853759766,300100,0.0,0.0
2023-11-01 00:00:00-04:00,60.233308498256584,61.106391896476424,59.76890364154488,61.03208541870117,334300,0.0,0.0
2023-11-02 00:00:00-04:00,61.47792180688531,63.40984077004952,61.47792180688531,63.15906524658203,404200,0.0,0.0
2023-11-03 00:00:00-04:00,64.44081628390762,65.65756184447277,64.44081628390762,64.58013916015625,573100,0.0,0.0
2023-11-06 00:00:00-05:00,64.6637592126916,64.6637592126916,63.77210240152045,64.16220092773438,428600,0.0,0.0
2023-11-07 00:00:00-05:00,63.90212127115717,64.19934014322621,63.14978046509421,63.957847595214844,343400,0.0,0.0
2023-11-08 00:00:00-05:00,63.957844231421376,64.06001387765819,63.18693038663686,63.24265670776367,182100,0.0,0.0
2023-11-09 00:00:00-05:00,63.214790078625526,63.279806478458205,61.970188400041025,62.555335998535156,299500,0.0,0.0
2023-11-10 00:00:00-05:00,62.7411005689355,63.177635192871094,62.2952687772223,63.177635192871094,184500,0.0,0.0
2023-11-13 00:00:00-05:00,62.68536580752709,63.48414273093731,62.453163378309135,63.14048767089844,238200,0.0,0.0
2023-11-14 00:00:00-05:00,64.84950926246972,67.28299383887774,64.31079780042973,66.79072570800781,484200,0.0,0.0
2023-11-15 00:00:00-05:00,66.64210411205259,68.11890831396882,66.64210411205259,67.50589752197266,298000,0.0,0.0
2023-11-16 00:00:00-05:00,67.54305643694751,67.54305643694751,66.27058433466681,67.19939422607422,257400,0.0,0.0
2023-11-17 00:00:00-05:00,67.95174981512788,68.2210985062293,67.41303826040777,67.6452407836914,412200,0.0,0.0
2023-11-20 00:00:00-05:00,67.51518752625005,67.51518752625005,66.74427368131025,67.23654174804688,498500,0.0,0.0
2023-11-21 00:00:00-05:00,67.13436932882753,67.18081265202858,66.31701927878524,66.56779479980469,323600,0.0,0.0
2023-11-22 00:00:00-05:00,67.06936195942221,67.28299135415486,66.50278735410643,67.05078887939453,216100,0.0,0.0
2023-11-24 00:00:00-05:00,66.99504410664667,67.15294714826399,66.40060643895784,67.09721374511719,71900,0.0,0.0
2023-11-27 00:00:00-05:00,66.30773238898078,66.9021701060383,66.01980361279071,66.66996765136719,507700,0.0,0.0
2023-11-28 00:00:00-05:00,66.82785737942105,67.08793005682246,66.15912032487078,67.00433349609375,359500,0.0,0.0
2023-11-29 00:00:00-05:00,67.51518405840682,69.28920702399299,67.51518405840682,68.23965454101562,395900,0.0,0.0
2023-11-30 00:00:00-05:00,68.30467802791534,69.56786000576895,67.61736071493104,68.53688049316406,470800,0.0,0.0
2023-12-01 00:00:00-05:00,68.4718605091527,71.23042678599221,68.01674568519381,71.15612030029297,327900,0.0,0.0
2023-12-04 00:00:00-05:00,70.59883001557367,72.53074888084613,70.59883001557367,72.27068328857422,238000,0.0,0.0
2023-12-05 00:00:00-05:00,72.20568899522988,72.45647166901978,71.09111980535366,71.24901580810547,309400,0.0,0.0
2023-12-06 00:00:00-05:00,71.45499664403792,72.49437670464727,70.20025366290392,70.31261444091797,450200,0.62,0.0
2023-12-07 00:00:00-05:00,70.79953949388643,72.05428255539042,70.38753089745371,71.97937774658203,305900,0.0,0.0
2023-12-08 00:00:00-05:00,72.1479173863087,73.07492947273116,71.80145500427382,72.50373840332031,292200,0.0,0.0
2023-12-11 00:00:00-05:00,72.31647347456723,72.35392230649876,71.56736824399206,71.8576431274414,477200,0.0,0.0
2023-12-12 00:00:00-05:00,71.75464644899189,72.26965722726761,71.34264497036881,71.37073516845703,358900,0.0,0.0
2023-12-13 00:00:00-05:00,71.65164943783,74.81661200429635,70.81827349605582,74.64806365966797,728100,0.0,0.0
2023-12-14 00:00:00-05:00,75.80916170034153,77.01709017248449,75.57506720133702,75.98707580566406,615200,0.0,0.0
2023-12-15 00:00:00-05:00,76.05261242154518,76.05261242154518,74.2641272448039,75.40650939941406,1224100,0.0,0.0
2023-12-18 00:00:00-05:00,75.73423854265101,75.73423854265101,74.7510460786751,75.2566909790039,290100,0.0,0.0
2023-12-19 00:00:00-05:00,75.63125380151433,76.39908353549933,75.16306476508451,76.34290313720703,315700,0.0,0.0
2023-12-20 00:00:00-05:00,76.17434544401826,76.86726313252379,74.7416883115149,74.77914428710938,281700,0.0,0.0
2023-12-21 00:00:00-05:00,75.631262658941,75.92154475344185,74.93834480419434,75.00389099121094,382400,0.0,0.0
2023-12-22 00:00:00-05:00,75.5750590621278,76.04324800971428,75.37842056142107,75.64997100830078,239600,0.0,0.0
2023-12-26 00:00:00-05:00,76.06198032907864,77.34481348613963,75.68742773846367,77.13880920410156,228500,0.0,0.0
2023-12-27 00:00:00-05:00,77.10136577134772,77.24182390867371,76.69873006514287,76.91409301757812,192800,0.0,0.0
2023-12-28 00:00:00-05:00,76.94217824407617,77.47591341622578,76.7642712826911,77.40100860595703,188200,0.0,0.0
2023-12-29 00:00:00-05:00,77.00773144850999,77.31673793006986,76.65191034925782,76.84854888916016,407000,0.0,0.0
2024-01-02 00:00:00-05:00,75.9870707625937,77.71000273180162,75.9870707625937,76.85790252685547,358900,0.0,0.0
2024-01-03 00:00:00-05:00,75.94962664669926,76.17435538559874,75.05070454710349,75.26606750488281,257500,0.0,0.0
2024-01-04 00:00:00-05:00,75.24733202287845,75.55633845843006,74.54504856607757,74.75105285644531,500400,0.0,0.0
2024-01-05 00:00:00-05:00,74.80723462101874,76.50207644181788,74.24540927405741,75.9308853149414,347700,0.0,0.0
2024-01-08 00:00:00-05:00,76.14625398800678,77.16690966007158,75.63124326210296,77.14817810058594,194300,0.0,0.0
2024-01-09 00:00:00-05:00,76.74553201613843,77.01708246508822,76.27734306498287,76.58634948730469,228400,0.0,0.0
2024-01-10 00:00:00-05:00,76.34290394303159,77.12009946626812,75.91217088224936,77.06391906738281,247000,0.0,0.0
2024-01-11 00:00:00-05:00,76.41779806846625,76.63316097659325,75.49078598323223,76.57698059082031,264500,0.0,0.0
2024-01-12 00:00:00-05:00,77.02645802807716,77.21373077472757,75.16306062211802,75.9215316772461,150900,0.0,0.0
2024-01-16 00:00:00-05:00,75.10688167167206,75.54698049316332,74.57314647505441,75.30352020263672,447400,0.0,0.0
2024-01-17 00:00:00-05:00,73.98321852260092,75.50951189977276,73.98321852260092,74.32967376708984,275900,0.0,0.0
2024-01-18 00:00:00-05:00,74.44205997659417,75.64062281808329,74.44205997659417,74.93833923339844,322500,0.0,0.0
2024-01-19 00:00:00-05:00,75.0975126783921,76.23053634414391,74.53568730767041,76.15562438964844,318100,0.0,0.0
2024-01-22 00:00:00-05:00,76.94217595023426,77.51336708248816,76.48335274602927,77.29800415039062,344900,0.0,0.0
2024-01-23 00:00:00-05:00,77.7193722559666,77.72873803607565,76.58635575867132,76.94217681884766,390700,0.0,0.0
2024-01-24 00:00:00-05:00,77.0170854944545,79.55466885225053,77.0170854944545,78.17819213867188,807600,0.0,0.0
2024-01-25 00:00:00-05:00,79.40485555419816,81.90498304600587,77.63510174368287,80.36932373046875,901300,0.0,0.0
2024-01-26 00:00:00-05:00,80.7813246934207,82.14844282251313,80.44423519517531,82.04544067382812,569100,0.0,0.0
2024-01-29 00:00:00-05:00,83.15036365400657,83.3189119684078,81.76452116404121,83.28145599365234,594400,0.0,0.0
2024-01-30 00:00:00-05:00,82.97246547123314,83.99311418905782,82.8132829059941,83.78711700439453,363200,0.0,0.0
2024-01-31 00:00:00-05:00,82.66344782555021,82.69153802221454,79.51721720719694,80.01349639892578,627100,0.0,0.0
2024-02-01 00:00:00-05:00,80.3037703399948,80.43486267388035,76.427166423102,79.89176177978516,747600,0.0,0.0
2024-02-02 00:00:00-05:00,78.32802991352567,81.19334462880032,78.00965764294072,80.71578979492188,410600,0.0,0.0
2024-02-05 00:00:00-05:00,79.72321674276874,80.50977792234049,78.68383666433263,79.85430908203125,394800,0.0,0.0
2024-02-06 00:00:00-05:00,79.91986524507087,80.44424181168715,77.90665100609185,78.54338836669922,356200,0.0,0.0
2024-02-07 00:00:00-05:00,78.10329026353342,78.86175413661847,76.52080920092686,78.83366394042969,441000,0.0,0.0
2024-02-08 00:00:00-05:00,78.22500909880209,79.17075275969009,77.7193641853767,78.01900482177734,402700,0.0,0.0
2024-02-09 00:00:00-05:00,78.24373422397004,79.38611639312553,77.48527041893902,79.1707534790039,299100,0.0,0.0
2024-02-12 00:00:00-05:00,78.90857321179638,80.3786864287966,78.90857321179638,79.423583984375,374100,0.0,0.0
2024-02-13 00:00:00-05:00,77.25118213004501,77.71000533268007,75.82789076628039,77.12945556640625,552500,0.0,0.0
2024-02-14 00:00:00-05:00,77.84110187764475,78.23438607369864,77.25118629955988,78.15010833740234,366600,0.0,0.0
2024-02-15 00:00:00-05:00,78.29993170359442,81.24951671746895,78.29993170359442,81.24015808105469,544500,0.0,0.0
2024-02-16 00:00:00-05:00,80.83752838204472,80.99671095491094,79.51723174545236,79.72323608398438,577700,0.0,0.0
2024-02-20 00:00:00-05:00,78.98348704154832,80.21014714423437,78.76812409081553,79.40486145019531,387600,0.0,0.0
2024-02-21 00:00:00-05:00,79.16139891450277,79.16139891450277,78.15010893519535,78.70257568359375,442800,0.0,0.0
2024-02-22 00:00:00-05:00,79.01158069653732,79.32995296215393,77.85983964597794,78.1688461303711,400400,0.0,0.0
2024-02-23 00:00:00-05:00,78.4497432466492,78.82429585420095,77.64445764081181,78.13137817382812,344900,0.0,0.0
2024-02-26 00:00:00-05:00,77.95346327109226,78.92729718304977,77.38227215788643,77.625732421875,257300,0.0,0.0
2024-02-27 00:00:00-05:00,78.15947284626219,78.9553927179029,77.63510345205131,78.72129821777344,400800,0.0,0.0
2024-02-28 00:00:00-05:00,78.23438238533255,78.67447403103021,77.3916407820872,77.466552734375,272700,0.0,0.0
2024-02-29 00:00:00-05:00,78.20629332809163,78.88048668209204,77.43846359581288,78.35611724853516,515200,0.0,0.0
2024-03-01 00:00:00-05:00,77.65383551301164,78.15011475910069,75.94026188881908,77.307373046875,434000,0.0,0.0
2024-03-04 00:00:00-05:00,77.48527044592014,78.42164833650527,76.65189469481906,76.726806640625,435900,0.0,0.0
2024-03-05 00:00:00-05:00,76.708095507819,80.01350919870258,76.54891293859191,79.95732879638672,355500,0.0,0.0
2024-03-06 00:00:00-05:00,79.9292200299378,80.01349061383792,77.16690801637507,78.1969223022461,399800,0.0,0.0
2024-03-07 00:00:00-05:00,78.99283847318131,79.77939246271407,78.33737681523735,79.04901885986328,311400,0.0,0.0
2024-03-08 00:00:00-05:00,80.1539421464049,80.16330792517883,78.75874115692174,79.47039031982422,395100,0.0,0.0
2024-03-11 00:00:00-04:00,78.92730884957501,79.65768260550311,77.8223824346075,79.29249572753906,497100,0.0,0.0
2024-03-12 00:00:00-04:00,78.9272923073869,79.47975182708308,78.11264098051689,79.04901885986328,561600,0.0,0.0
2024-03-13 00:00:00-04:00,79.30373385458664,79.65275965983133,78.69058352509342,79.0301742553711,393300,0.62,0.0
2024-03-14 00:00:00-04:00,79.24712340677374,79.33201747549916,77.0303561844326,77.36051177978516,560500,0.0,0.0
2024-03-15 00:00:00-04:00,77.15299419094002,78.68115241440597,77.15299419094002,77.5869140625,3610600,0.0,0.0
2024-03-18 00:00:00-04:00,78.34156299076146,78.55851933169474,77.17185841662602,77.65294647216797,474200,0.0,0.0
2024-03-19 00:00:00-04:00,77.10582293906414,78.5207818016929,77.10582293906414,77.87933349609375,325600,0.0,0.0
2024-03-20 00:00:00-04:00,77.46427282433942,80.97336426155222,77.44540267860467,80.38851928710938,462300,0.0,0.0
2024-03-21 00:00:00-04:00,80.74697448804625,82.41662977285733,80.74697448804625,81.7940444946289,542200,0.0,0.0
2024-03-22 00:00:00-04:00,81.8506389200684,82.31286393149493,80.07722665415321,80.38851928710938,413200,0.0,0.0
2024-03-25 00:00:00-04:00,79.96404567069938,81.83179469903352,79.96404567069938,81.43560791015625,407000,0.0,0.0
2024-03-26 00:00:00-04:00,81.89782004191714,82.23741075033901,80.91678101723761,81.74689483642578,327700,0.0,0.0
2024-03-27 00:00:00-04:00,81.55821741073284,82.64302050422664,81.55821741073284,82.24683380126953,559700,0.0,0.0
2024-03-28 00:00:00-04:00,82.33173449122792,83.4071025982559,82.04874705071416,83.09580993652344,394400,0.0,0.0
2024-04-01 00:00:00-04:00,83.16184547661734,83.19014350003775,82.02043908841024,82.44493103027344,363800,0.0,0.0
2024-04-02 00:00:00-04:00,81.53936261552126,82.40720229835905,80.69982095760277,81.12430572509766,315100,0.0,0.0
2024-04-03 00:00:00-04:00,81.11486426789187,81.85064164530293,80.58661531936129,80.6432113647461,443700,0.0,0.0
2024-04-04 00:00:00-04:00,81.40730097299722,82.2185446120254,79.86027989318832,80.27532958984375,345900,0.0,0.0
2024-04-05 00:00:00-04:00,80.28475636669471,80.70924109347528,79.76593530342774,80.45455169677734,333200,0.0,0.0
2024-04-08 00:00:00-04:00,80.84131039849238,81.51106390123073,80.66208717656836,81.02997589111328,330000,0.0,0.0
2024-04-09 00:00:00-04:00,81.79404955783895,82.1242051666464,80.97337087578681,81.935546875,443200,0.0,0.0
2024-04-10 00:00:00-04:00,80.61492464347849,80.81301802694821,78.62454853742386,79.37919616699219,452700,0.0,0.0
2024-04-11 00:00:00-04:00,79.71877204949615,79.71877204949615,78.13401807971752,78.53020477294922,261000,0.0,0.0
2024-04-12 00:00:00-04:00,77.59634535649673,78.43588703182833,77.47371098349923,78.05856323242188,339400,0.0,0.0
2024-04-15 00:00:00-04:00,78.718873795747,79.5112544872605,77.17185270886898,77.690673828125,509100,0.0,0.0
2024-04-16 00:00:00-04:00,77.17185133764737,77.85103271920444,76.03045209241778,76.68133544921875,306100,0.0,0.0
2024-04-17 00:00:00-04:00,77.54917503726556,77.93593390009158,76.13421622627745,76.28514862060547,252700,0.0,0.0
2024-04-18 00:00:00-04:00,76.48324777488658,77.33222456505739,76.4549497480231,77.19072723388672,269900,0.0,0.0
2024-04-19 00:00:00-04:00,77.39824394102403,78.68114040762785,77.2944797270449,78.48303985595703,386300,0.0,0.0
2024-04-22 00:00:00-04:00,78.86036823678876,80.98280641587199,78.36985235757132,80.41682434082031,429400,0.0,0.0
2024-04-23 00:00:00-04:00,77.37938223227555,83.95422554133499,77.37938223227555,82.89772033691406,673300,0.0,0.0
2024-04-24 00:00:00-04:00,82.99204080035572,83.576885743506,81.88836763318687,83.35049438476562,446700,0.0,0.0
2024-04-25 00:00:00-04:00,82.8411286525372,82.9731909104448,81.24693928612699,82.94489288330078,218000,0.0,0.0
2024-04-26 00:00:00-04:00,82.54869191116741,83.47312755751726,81.67141723632812,81.67141723632812,264600,0.0,0.0
2024-04-29 00:00:00-04:00,81.6997292614926,82.52983591024504,80.99224979590771,81.33184051513672,409200,0.0,0.0
2024-04-30 00:00:00-04:00,80.98279038856866,81.48274124253325,80.07721780833731,80.17154693603516,290800,0.0,0.0
2024-05-01 00:00:00-04:00,80.45455133996774,83.36936276379872,80.45455133996774,81.97327423095703,268800,0.0,0.0
2024-05-02 00:00:00-04:00,82.57699458421057,83.23730579736372,81.83178210259348,83.0580825805664,214000,0.0,0.0
2024-05-03 00:00:00-04:00,84.17118973455294,84.71830169416585,83.68066662984114,83.81272888183594,319700,0.0,0.0
2024-05-06 00:00:00-04:00,84.36927544952658,85.15221381614002,84.07684574936754,84.0862808227539,289000,0.0,0.0
2024-05-07 00:00:00-04:00,84.53907129717179,84.84092887568931,83.90705091980652,83.93535614013672,187500,0.0,0.0
2024-05-08 00:00:00-04:00,83.14298250896373,85.59557644082358,82.72792560468562,85.18052673339844,314200,0.0,0.0
2024-05-09 00:00:00-04:00,85.16164505089196,85.83139129408957,84.49189880769435,84.7088623046875,242700,0.0,0.0
2024-05-10 00:00:00-04:00,84.70886766139805,85.81253377152215,84.14287839757317,85.76536560058594,294000,0.0,0.0
2024-05-13 00:00:00-04:00,85.97289979558872,86.41625472341312,84.94469981136014,85.7276382446289,275200,0.0,0.0
2024-05-14 00:00:00-04:00,85.95401968610834,86.4351004209531,85.53896286685261,86.387939453125,253000,0.0,0.0
2024-05-15 00:00:00-04:00,87.37841600550883,87.64254768194525,86.56717242001345,87.49161529541016,280400,0.0,0.0
2024-05-16 00:00:00-04:00,86.80300201868636,87.60481775668902,86.80300201868636,87.32182312011719,200500,0.0,0.0
2024-05-17 00:00:00-04:00,87.81234158755043,87.81234158755043,86.46342107779329,86.63320922851562,286200,0.0,0.0
2024-05-20 00:00:00-04:00,86.85960965123753,87.12373415372366,85.66160711900737,85.7276382446289,321500,0.0,0.0
2024-05-21 00:00:00-04:00,85.5012397715639,86.4539806740478,85.5012397715639,86.12382507324219,209600,0.0,0.0
2024-05-22 00:00:00-04:00,85.99177040136956,86.30305588275375,84.85979898873984,84.90696716308594,129000,0.0,0.0
2024-05-23 00:00:00-04:00,85.19938185799685,85.19938185799685,83.02034770442447,83.41653442382812,173900,0.0,0.0
2024-05-24 00:00:00-04:00,83.68065519930923,84.24663723009732,83.68065519930923,84.1617431640625,236200,0.0,0.0
2024-05-28 00:00:00-04:00,84.4447440287425,84.69000558665397,83.10525132996617,83.576904296875,183100,0.0,0.0
2024-05-29 00:00:00-04:00,82.59586575176272,82.92602858803882,81.32240417292961,82.48267364501953,209600,0.0,0.0
2024-05-30 00:00:00-04:00,82.4826604504844,84.26873711077678,82.18814969886213,84.06922912597656,249600,0.62,0.0
2024-05-31 00:00:00-04:00,84.46826778465906,84.91478159517021,83.46121797716614,84.56327056884766,414600,0.0,0.0
2024-06-03 00:00:00-04:00,85.2947851274309,85.43729290302221,83.00518725971769,83.5372085571289,234100,0.0,0.0
2024-06-04 00:00:00-04:00,83.0051955936942,83.76522505941287,81.29511661139442,81.7796401977539,430700,0.0,0.0
2024-06-05 00:00:00-04:00,82.34015561712845,82.64416883076551,81.19060542655558,81.6656265258789,227600,0.0,0.0
2024-06-06 00:00:00-04:00,81.58011912546306,82.31164836569084,81.42810890771665,81.62761688232422,298200,0.0,0.0
2024-06-07 00:00:00-04:00,81.02908958922707,82.07413442391818,81.02908958922707,81.61811828613281,156300,0.0,0.0
2024-06-10 00:00:00-04:00,80.99109467112183,81.07659498692422,79.98405229435674,80.61107635498047,246300,0.0,0.0
2024-06-11 00:00:00-04:00,80.1075624319291,80.47807833050297,79.31902562286278,80.15506744384766,210100,0.0,0.0
2024-06-12 00:00:00-04:00,81.20961099920719,82.95768517997338,80.94359309286523,81.8651351928711,330800,0.0,0.0
2024-06-13 00:00:00-04:00,81.86513404895888,81.86513404895888,79.90804945039402,79.98405456542969,289300,0.0,0.0
2024-06-14 00:00:00-04:00,79.28102348744426,80.0410601927275,78.33098122996383,79.87955474853516,241600,0.0,0.0
2024-06-17 00:00:00-04:00,79.87954546641573,80.77258015586733,78.90100321463846,80.72508239746094,237700,0.0,0.0
2024-06-18 00:00:00-04:00,80.38306826459424,81.26660776911817,80.38306826459424,80.61107635498047,165000,0.0,0.0
2024-06-20 00:00:00-04:00,80.13605969043705,81.19060713295828,79.93655169431774,80.8200912475586,237300,0.0,0.0
2024-06-21 00:00:00-04:00,80.96258752620324,81.24759580234307,80.44006148091138,80.82958221435547,981100,0.0,0.0
2024-06-24 00:00:00-04:00,80.96259051553726,83.99322719363666,80.51606956002774,82.8531723022461,536100,0.0,0.0
2024-06-25 00:00:00-04:00,82.4351614268857,83.08119043571564,80.3830739712328,82.2071533203125,198600,0.0,0.0
2024-06-26 00:00:00-04:00,81.85564107820595,82.24515461895517,81.41861527895524,81.78913116455078,128900,0.0,0.0
2024-06-27 00:00:00-04:00,81.72264751413257,82.34967900380363,80.91511288963841,81.79865264892578,175900,0.0,0.0
2024-06-28 00:00:00-04:00,82.47315898483814,84.34474323140732,82.18815068096633,84.0122299194336,693700,0.0,0.0
2024-07-01 00:00:00-04:00,84.09774107875701,84.66777225648732,83.3757141505943,83.80323028564453,219200,0.0,0.0
2024-07-02 00:00:00-04:00,83.4611979005083,84.54424532587548,83.4611979005083,84.13572692871094,302400,0.0,0.0
2024-07-03 00:00:00-04:00,83.83172402367752,83.83172402367752,82.64417124073914,82.9766845703125,191300,0.0,0.0
2024-07-05 00:00:00-04:00,82.78668142280463,82.83418643479726,81.04810235863413,81.36161804199219,519500,0.0,0.0
2024-07-08 00:00:00-04:00,82.19764775595826,82.42566310214441,81.43761834674461,81.68463134765625,217400,0.0,0.0
2024-07-09 00:00:00-04:00,81.26660558264592,84.21173476907165,81.02909504747859,83.21418762207031,375000,0.0,0.0
2024-07-10 00:00:00-04:00,83.41371847057813,86.67236391323569,83.14770053284784,86.6153564453125,346300,0.0,0.0
2024-07-11 00:00:00-04:00,87.29937315156671,88.50593074893396,87.01435760541399,88.31591796875,397300,0.0,0.0
2024-07-12 00:00:00-04:00,88.86694593519634,89.07595637345321,88.03091143041546,88.43942260742188,400400,0.0,0.0
2024-07-15 00:00:00-04:00,89.30396501632582,92.54361233277857,88.95244679997788,91.36555480957031,554700,0.0,0.0
2024-07-16 00:00:00-04:00,92.1540875309411,95.63124524064823,91.94507710053296,95.583740234375,440700,0.0,0.0
2024-07-17 00:00:00-04:00,94.39619504928606,96.41028715417812,94.27269217072191,95.32723236083984,616000,0.0,0.0
2024-07-18 00:00:00-04:00,94.70020197050884,96.94230202835979,93.39864161332319,94.02567291259766,403700,0.0,0.0
2024-07-19 00:00:00-04:00,93.94967487999023,95.41274077362624,93.07563777415476,94.06368255615234,328100,0.0,0.0
2024-07-22 00:00:00-04:00,93.6551658190619,96.3247821957412,93.09463712801264,96.14427185058594,266600,0.0,0.0
2024-07-23 00:00:00-04:00,95.60273766598756,98.16785578561468,95.03271383326364,97.81633758544922,607100,0.0,0.0
2024-07-24 00:00:00-04:00,97.37932243730626,99.76393031381664,94.00666983408144,94.40569305419922,731000,0.0,0.0
2024-07-25 00:00:00-04:00,96.22028118834248,97.98736041322,94.51020942920925,97.10382080078125,575700,0.0,0.0
2024-07-26 00:00:00-04:00,97.17031884728782,99.6499296658872,96.05877116950106,97.64533996582031,410300,0.0,0.0
2024-07-29 00:00:00-04:00,98.26287456848905,98.26287456848905,96.24878229973153,97.04682159423828,371300,0.0,0.0
2024-07-30 00:00:00-04:00,97.6073381270646,99.0894089566343,97.11331934937276,99.07040405273438,380100,0.0,0.0
2024-07-31 00:00:00-04:00,99.13691204202406,99.28892228839578,97.30333012258836,97.50283813476562,296700,0.0,0.0
2024-08-01 00:00:00-04:00,97.43633415999102,98.07286799784409,92.73362776157957,93.68367004394531,455400,0.0,0.0
2024-08-02 00:00:00-04:00,90.35851794588228,90.80503895800462,88.60094125309513,90.5105209350586,390300,0.0,0.0
2024-08-05 00:00:00-04:00,86.15932847718325,89.27546569873407,84.38274697361463,89.11396026611328,513700,0.0,0.0
2024-08-06 00:00:00-04:00,89.28496673790254,91.14704852990695,88.63893776939108,89.44647216796875,375200,0.0,0.0
2024-08-07 00:00:00-04:00,90.90003429017356,91.51756314471581,88.42042366912827,89.28496551513672,264000,0.0,0.0
2024-08-08 00:00:00-04:00,90.6815271097052,92.05909267932445,89.96899544384085,90.6435317993164,211500,0.0,0.0
2024-08-09 00:00:00-04:00,90.5865124007712,91.65056215762239,90.18749646004423,90.6720199584961,816300,0.0,0.0
2024-08-12 00:00:00-04:00,91.45106058631669,93.42714277553176,89.94048977894342,90.2540054321289,281800,0.0,0.0
2024-08-13 00:00:00-04:00,90.83353558911226,91.30855669050987,89.87399093477997,91.23255157470703,223100,0.0,0.0
2024-08-14 00:00:00-04:00,91.49856155412776,91.81207721830751,90.31100880942878,91.03304290771484,258400,0.0,0.0
2024-08-15 00:00:00-04:00,92.15409318721524,93.9971773703985,91.93558029249121,92.23959350585938,369500,0.0,0.0
2024-08-16 00:00:00-04:00,91.40355208321894,93.52214921367177,91.40355208321894,93.4461441040039,253900,0.0,0.0
2024-08-19 00:00:00-04:00,93.39864282967754,94.30118723448608,92.84762388318785,94.18717956542969,372900,0.0,0.0
2024-08-20 00:00:00-04:00,93.75965851674512,93.75965851674512,91.90707204615649,92.277587890625,248800,0.0,0.0
2024-08-21 00:00:00-04:00,92.27759578485575,92.75261688232422,91.3845610504228,92.75261688232422,416500,0.0,0.0
2024-08-22 00:00:00-04:00,92.77162985125128,93.61716689840046,92.11609836031079,92.47711181640625,305300,0.0,0.0
2024-08-23 00:00:00-04:00,92.75261619218904,96.05876619519839,92.56261065391409,94.5291976928711,525700,0.0,0.0
2024-08-26 00:00:00-04:00,96.25826978987332,96.63828809731889,94.48168837030694,94.55769348144531,416000,0.0,0.0
2024-08-27 00:00:00-04:00,93.69316823853823,95.2037319196958,93.11364189277101,94.9377212524414,522600,0.0,0.0
2024-08-28 00:00:00-04:00,94.5102076102467,97.00881615515269,94.5102076102467,96.74280548095703,432100,0.0,0.0
2024-08-29 00:00:00-04:00,96.90430744411363,97.09431299078368,95.85926244093434,96.22027587890625,295500,0.0,0.0
2024-08-30 00:00:00-04:00,96.79979954265717,97.37932586669922,95.77375222321417,97.37932586669922,330500,0.0,0.0
2024-09-03 00:00:00-04:00,96.30578429654861,97.60733752401592,95.42224472508497,95.66925048828125,395300,0.0,0.0
2024-09-04 00:00:00-04:00,95.14672036736961,96.3437754756237,93.87366014945736,94.17767333984375,462300,0.0,0.0
2024-09-05 00:00:00-04:00,94.85220589729337,94.85220589729337,93.25614202475623,93.712158203125,279000,0.0,0.0
2024-09-06 00:00:00-04:00,93.77866536729331,94.47219936751442,91.65057285348294,91.94508361816406,655400,0.0,0.0
2024-09-09 00:00:00-04:00,92.38210564928461,93.16113999835731,92.17309519617415,92.46761322021484,1034300,0.0,0.0
2024-09-10 00:00:00-04:00,92.65760765446755,92.85711563170948,90.42501010162178,92.20159149169922,400200,0.0,0.0
2024-09-11 00:00:00-04:00,91.66957079414937,91.69807090072389,89.12345738195393,91.43206024169922,393900,0.0,0.0
2024-09-12 00:00:00-04:00,91.67907065944352,92.12559164517272,91.07104424218363,91.85958099365234,333700,0.0,0.0
2024-09-13 00:00:00-04:00,92.32811642360434,93.84843617419688,91.94565283643482,93.29385375976562,362800,0.62,0.0
2024-09-16 00:00:00-04:00,93.28428133597122,94.50818220954307,92.60539904813136,94.00141143798828,270200,0.0,0.0
2024-09-17 00:00:00-04:00,94.36475770570988,96.49702035955801,94.3360736701461,94.61335754394531,381600,0.0,0.0
2024-09-18 00:00:00-04:00,95.13926695050851,98.2181469074677,94.22134123020814,95.3113784790039,313800,0.0,0.0
2024-09-19 00:00:00-04:00,96.83168194965315,98.36156530374464,96.05718379053707,97.65399169921875,351900,0.0,0.0
2024-09-20 00:00:00-04:00,97.6539868277129,97.6539868277129,96.05717899868857,96.13367462158203,943600,0.0,0.0
2024-09-23 00:00:00-04:00,96.21016693115234,97.00378528251265,95.24442978669718,96.21016693115234,355700,0.0,0.0
2024-09-24 00:00:00-04:00,95.93288239049423,96.91773986037673,95.31136819934744,95.88507080078125,677000,0.0,0.0
2024-09-25 00:00:00-04:00,95.88506672368726,95.88506672368726,93.8771040565366,93.91535186767578,467600,0.0,0.0
2024-09-26 00:00:00-04:00,95.3687407543022,96.23886212181728,94.87153375502552,95.18707275390625,522000,0.0,0.0
2024-09-27 00:00:00-04:00,95.93287832890553,97.04203567204834,94.16395900978331,94.25957489013672,361800,0.0,0.0
2024-09-30 00:00:00-04:00,94.25956795499874,96.74561713639679,93.84841313420813,95.87549591064453,333500,0.0,0.0
2024-10-01 00:00:00-04:00,94.58467569015448,94.775914756698,91.065957111023,91.21894836425781,431800,0.0,0.0
2024-10-02 00:00:00-04:00,91.21895021158484,92.6532104120971,89.90898993557477,90.40620422363281,595500,0.0,0.0
2024-10-03 00:00:00-04:00,89.85161397826475,91.20937843147843,89.44045913172552,90.92252349853516,339100,0.0,0.0
2024-10-04 00:00:00-04:00,92.62452944255745,93.42771167982993,92.22293102889634,92.9974365234375,289200,0.0,0.0
2024-10-07 00:00:00-04:00,92.27074698447477,93.15042489403884,91.54405304851848,92.21337890625,382200,0.0,0.0
2024-10-08 00:00:00-04:00,92.4715295651434,92.89224819976664,91.63965607259952,91.811767578125,222500,0.0,0.0
2024-10-09 00:00:00-04:00,91.77352971677823,93.25559416749645,91.6014182062728,92.27073669433594,365500,0.0,0.0
2024-10-10 00:00:00-04:00,92.22292412173346,93.39902064682548,91.87870110439063,93.1504135131836,321200,0.0,0.0
2024-10-11 00:00:00-04:00,93.84842320529036,97.11853457086043,93.84842320529036,96.16236114501953,425200,0.0,0.0
2024-10-14 00:00:00-04:00,96.16235766079605,96.78387182407835,95.40697980634819,96.15279388427734,324200,0.0,0.0
2024-10-15 00:00:00-04:00,96.23885679182139,99.05956548068508,96.23885679182139,97.53925323486328,494500,0.0,0.0
2024-10-16 00:00:00-04:00,98.42848097360981,99.17429497386846,96.74561393775483,96.81254577636719,669500,0.0,0.0
2024-10-17 00:00:00-04:00,96.24843115596596,98.48587371744935,96.15280796682212,98.06515502929688,510300,0.0,0.0
2024-10-18 00:00:00-04:00,98.06514506720521,98.1990087643777,96.23885760148097,96.40140533447266,315500,0.0,0.0
2024-10-21 00:00:00-04:00,95.732084289745,95.90419579508409,93.72411429578094,93.79104614257812,418800,0.0,0.0
2024-10-22 00:00:00-04:00,93.96316357907527,95.93288588562777,93.80061584016804,95.5504150390625,529700,0.0,0.0
2024-10-23 00:00:00-04:00,91.88826743543694,92.80619307552479,83.05322676644504,85.79744720458984,2363100,0.0,0.0
2024-10-24 00:00:00-04:00,85.80700536880482,86.59106732435572,84.71696819389321,85.07075500488281,877900,0.0,0.0
2024-10-25 00:00:00-04:00,85.11856949829352,85.41498827085778,84.34407122729208,84.58311462402344,631200,0.0,0.0
2024-10-28 00:00:00-04:00,85.8930663885844,86.85879636141598,85.02294501075767,86.23728942871094,544100,0.0,0.0
2024-10-29 00:00:00-04:00,86.11297723373146,86.3137727797066,85.147247316664,85.49147033691406,570200,0.0,0.0
2024-10-30 00:00:00-04:00,85.7591875734595,87.96794561258537,85.58707608372089,86.75360870361328,581400,0.0,0.0
2024-10-31 00:00:00-04:00,87.1934578831184,87.1934578831184,85.24286320006804,85.3193588256836,432300,0.0,0.0
2024-11-01 00:00:00-04:00,85.9121748598091,86.31376591984258,85.43408818023863,85.55839538574219,449900,0.0,0.0
2024-11-04 00:00:00-05:00,84.92731578897,85.9217369382301,84.23886981678811,85.2524185180664,510900,0.0,0.0
2024-11-05 00:00:00-05:00,85.38628029945045,86.32332606679958,84.80301399129449,85.9791030883789,361900,0.0,0.0
2024-11-06 00:00:00-05:00,92.41416562979377,95.15837876925707,91.24763285070819,95.07232666015625,1232100,0.0,0.0
2024-11-07 00:00:00-05:00,94.37431636093054,94.52730761415962,91.438864168574,91.73528289794922,686800,0.0,0.0
2024-11-08 00:00:00-05:00,91.62052750732462,92.356777756138,90.03328358474282,90.19583129882812,661700,0.0,0.0
2024-11-11 00:00:00-05:00,91.63009456739854,94.29781910927635,91.51535113833084,93.04522705078125,540500,0.0,0.0
2024-11-12 00:00:00-05:00,92.41415554847869,93.53287661489684,92.32809615374144,92.46195983886719,458100,0.0,0.0
2024-11-13 00:00:00-05:00,92.0986232393815,95.22530710335577,92.0603754272962,94.03009033203125,659200,0.0,0.0
2024-11-14 00:00:00-05:00,93.68586797968412,93.82928814606849,91.41973451550251,92.03168487548828,527000,0.0,0.0
2024-11-15 00:00:00-05:00,92.16556285304141,92.62452934171517,91.32413280133515,91.87870788574219,399500,0.0,0.0
2024-11-18 00:00:00-05:00,91.64922332763672,92.98786761085965,91.46755533353804,91.64922332763672,496900,0.0,0.0
2024-11-19 00:00:00-05:00,90.14802802279736,91.48667225721589,90.14802802279736,90.86515808105469,449100,0.0,0.0
2024-11-20 00:00:00-05:00,91.14244683918908,92.5384591070011,90.70260795714069,92.3854751586914,535600,0.0,0.0
2024-11-21 00:00:00-05:00,92.74881915199016,95.12013237723306,92.41415992333314,93.74324035644531,401100,0.0,0.0
2024-11-22 00:00:00-05:00,93.45639201531591,95.32093464087731,93.01655309875402,94.6229248046875,760600,0.0,0.0
2024-11-25 00:00:00-05:00,95.61734765381135,98.64841582363125,95.61734765381135,97.33846282958984,455700,0.0,0.0
2024-11-26 00:00:00-05:00,97.1185447702289,97.1185447702289,95.98069593957379,96.36316680908203,364800,0.0,0.0
2024-11-27 00:00:00-05:00,97.28108415149437,97.87391431299257,95.24443734195091,95.34961700439453,286700,0.0,0.0
2024-11-29 00:00:00-05:00,95.57909658934375,96.26754263624572,94.80459843409126,95.0053939819336,278700,0.0,0.0
2024-12-02 00:00:00-05:00,94.03009215878217,95.3113683559464,93.97272408705184,94.25001525878906,854000,0.0,0.0
2024-12-03 00:00:00-05:00,94.53687353637032,94.85240523702217,93.35121318201469,94.17352294921875,360500,0.0,0.0
2024-12-04 00:00:00-05:00,94.35519148334318,95.5886560457859,94.12571190975648,95.44522857666016,388500,0.0,0.0
2024-12-05 00:00:00-05:00,96.90817103132093,97.95040381352922,95.35917481770582,95.48347473144531,540200,0.0,0.0
2024-12-06 00:00:00-05:00,96.15752109532616,96.72564231463448,94.64573181180931,95.47384643554688,411200,0.7,0.0
2024-12-09 00:00:00-05:00,95.55087905939776,96.75453314368336,95.37755257739977,95.4353256225586,550800,0.0,0.0
2024-12-10 00:00:00-05:00,95.86864501043702,96.14789365954461,93.79836571462485,94.43389129638672,494600,0.0,0.0
2024-12-11 00:00:00-05:00,94.77092158168084,95.2620145847128,93.22061428205897,93.35542297363281,725400,0.0,0.0
2024-12-12 00:00:00-05:00,93.47096990353616,93.8946585312014,92.42138697148458,92.97025299072266,399300,0.0,0.0
2024-12-13 00:00:00-05:00,92.84506251318652,93.19171548775213,91.48734448490598,92.1036148071289,394800,0.0,0.0
2024-12-16 00:00:00-05:00,92.05546842180021,92.73914310112433,91.70881543699899,92.19027709960938,421000,0.0,0.0
2024-12-17 00:00:00-05:00,91.59327652222221,92.41175994353853,90.17777794770494,90.39924621582031,488300,0.0,0.0
2024-12-18 00:00:00-05:00,90.42812846483203,91.41993826464847,86.5090236749793,86.6823501586914,641200,0.0,0.0
2024-12-19 00:00:00-05:00,88.17489550316655,89.29189017424511,86.82680127295959,87.22160339355469,728600,0.0,0.0
2024-12-20 00:00:00-05:00,86.52829354946827,89.19558801902429,86.52829354946827,88.26155853271484,1459000,0.0,0.0
2024-12-23 00:00:00-05:00,87.98230369419424,90.39923586375642,87.81860115145935,90.31257629394531,519700,0.0,0.0
2024-12-24 00:00:00-05:00,90.31257847960465,91.34290613147236,90.0140746032245,91.3332748413086,202800,0.0,0.0
2024-12-26 00:00:00-05:00,90.71701231478434,91.97843961348042,90.70738102379175,91.9302978515625,257700,0.0,0.0
2024-12-27 00:00:00-05:00,91.31402451995152,92.38287004345345,90.7651584954388,91.24662017822266,386100,0.0,0.0
2024-12-30 00:00:00-05:00,90.36072457245315,91.27550617232987,89.6192768177526,90.74589538574219,288400,0.0,0.0
2024-12-31 00:00:00-05:00,90.7458973030974,91.65104763147305,89.82149173958544,90.57257080078125,322500,0.0,0.0
2025-01-02 00:00:00-05:00,90.79404482919838,91.77622342753321,88.88745333693137,89.31114196777344,364700,0.0,0.0
2025-01-03 00:00:00-05:00,89.86000307252453,90.91921724512999,87.8667521129733,90.78440856933594,346800,0.0,0.0
2025-01-06 00:00:00-05:00,90.98662731109667,92.79692795119321,90.80367686615672,91.00588989257812,459400,0.0,0.0
2025-01-07 00:00:00-05:00,91.3236364465685,91.7280697902433,89.97554978939014,91.09253692626953,424000,0.0,0.0
2025-01-08 00:00:00-05:00,90.4184995519234,91.38142285418772,89.52298058695672,91.1695785522461,444700,0.0,0.0
2025-01-10 00:00:00-05:00,90.34147797196911,91.0444153243929,88.37711324832398,89.11856842041016,436800,0.0,0.0
2025-01-13 00:00:00-05:00,88.3867369064804,90.66886793535531,88.3867369064804,90.40887451171875,331300,0.0,0.0
2025-01-14 00:00:00-05:00,91.55475683854068,94.12576050292319,91.01551474948718,93.84651184082031,434700,0.0,0.0
2025-01-15 00:00:00-05:00,96.29233553229167,96.82194631632815,94.79017744887503,95.59902954101562,441400,0.0,0.0
2025-01-16 00:00:00-05:00,95.29088645851489,96.14788758595775,94.79979353100128,95.05015563964844,510300,0.0,0.0
2025-01-17 00:00:00-05:00,95.31015314195672,96.22492735442911,95.11756407065808,95.9456787109375,452900,0.0,0.0
2025-01-21 00:00:00-05:00,96.71602112951288,97.78486660815732,95.56050873141302,96.99526977539062,402100,0.0,0.0
2025-01-22 00:00:00-05:00,96.44640213080515,97.14933203214098,96.0612313380005,96.28269958496094,579200,0.0,0.0
2025-01-23 00:00:00-05:00,96.29233466644554,97.91967747319555,96.18641251059069,97.32266235351562,652100,0.0,0.0
2025-01-24 00:00:00-05:00,97.02416197117567,98.6803913627004,96.89897722981382,97.81375885009766,552700,0.0,0.0
2025-01-27 00:00:00-05:00,98.54556579069502,100.01884459275865,98.07373543649047,99.92254638671875,712000,0.0,0.0
2025-01-28 00:00:00-05:00,101.10693572730224,102.51280271392793,97.0048808493401,98.6611099243164,632100,0.0,0.0
2025-01-29 00:00:00-05:00,101.78099668418771,101.95432318365035,99.09444696230041,99.8744125366211,539500,0.0,0.0
2025-01-30 00:00:00-05:00,99.81664140122916,101.47286344879618,98.95000888728444,99.65293884277344,542900,0.0,0.0
2025-01-31 00:00:00-05:00,99.18110221105688,99.90329470288496,98.64186750137894,99.12332916259766,383100,0.0,0.0
2025-02-03 00:00:00-05:00,96.93749734491861,98.0930098379588,95.98420523171544,96.20568084716797,454900,0.0,0.0
2025-02-04 00:00:00-05:00,96.26344464346064,97.84263828688373,96.26344464346064,97.5730209350586,341800,0.0,0.0
2025-02-05 00:00:00-05:00,97.98707934662816,98.44927842733816,96.97600691947692,98.43002319335938,366900,0.0,0.0
2025-02-06 00:00:00-05:00,99.04629948015359,100.03810938636667,98.52631997323634,99.84552764892578,426600,0.0,0.0
2025-02-07 00:00:00-05:00,99.95144134551263,100.1247678331427,98.48779381740945,99.53738403320312,335400,0.0,0.0
2025-02-10 00:00:00-05:00,99.64330725037416,99.64330725037416,97.07229643192089,97.71746063232422,571600,0.0,0.0
2025-02-11 00:00:00-05:00,97.44783888524171,99.8840411019165,97.17822152599474,99.69145202636719,355800,0.0,0.0
2025-02-12 00:00:00-05:00,98.5359477957872,99.76848850367949,97.88115962640416,98.70927429199219,510400,0.0,0.0
2025-02-13 00:00:00-05:00,98.20855946655925,99.64332067987314,98.04486424512811,99.18111419677734,412800,0.0,0.0
2025-02-14 00:00:00-05:00,98.728540454261,101.43435300612866,97.45748179024412,100.5388412475586,446600,0.0,0.0
2025-02-18 00:00:00-05:00,100.96250458836164,102.84983333837681,100.61585161932604,102.38763427734375,412900,0.0,0.0
2025-02-19 00:00:00-05:00,101.30916268482753,102.22394425639523,100.08625328799067,101.41508483886719,428400,0.0,0.0
2025-02-20 00:00:00-05:00,101.11658702229,101.80026174612905,99.19074024645411,100.10551452636719,455300,0.0,0.0
2025-02-21 00:00:00-05:00,100.30772580934003,100.74104573427009,96.91823877536827,96.95675659179688,583500,0.0,0.0
2025-02-24 00:00:00-05:00,97.77524386578071,98.81520291103135,96.32122746065374,96.56195831298828,346400,0.0,0.0
2025-02-25 00:00:00-05:00,97.21674186340454,98.39150954190757,96.02271895010803,96.64862060546875,441900,0.0,0.0
2025-02-26 00:00:00-05:00,96.78342164262187,97.77523145288295,95.65679581336802,96.6004638671875,355500,0.0,0.0
2025-02-27 00:00:00-05:00,94.9731316078205,98.11226392605913,94.8094363941742,96.68714141845703,412100,0.0,0.0
2025-02-28 00:00:00-05:00,97.043412077247,98.05448451293185,95.05979236720387,96.70639038085938,715500,0.0,0.0
2025-03-03 00:00:00-05:00,97.3515545301187,98.10263360867658,94.17391170956441,94.91535949707031,510400,0.0,0.0
2025-03-04 00:00:00-05:00,93.75985888698962,93.75985888698962,89.234114268143,91.10218811035156,858200,0.0,0.0
2025-03-05 00:00:00-05:00,91.50660078924997,92.47915538741405,89.7155628485415,91.57400512695312,605800,0.0,0.0
2025-03-06 00:00:00-05:00,90.87107658262936,91.27550261488541,89.19558471210236,90.3510971069336,541500,0.0,0.0
2025-03-07 00:00:00-05:00,90.42814150940119,91.15033407129346,88.51191862235073,89.86964416503906,635600,0.0,0.0
2025-03-10 00:00:00-04:00,88.46377372776969,89.74445624216406,83.72618510611437,84.02469635009766,1181100,0.0,0.0
2025-03-11 00:00:00-04:00,84.02469279948619,85.31500655020002,82.65733607179877,84.17875671386719,825500,0.0,0.0
2025-03-12 00:00:00-04:00,85.73869740555905,86.18164127241562,83.72618375006749,83.90914154052734,913100,0.0,0.0
2025-03-13 00:00:00-04:00,84.21727832506454,85.60389034960333,83.79358968500604,84.57356262207031,756800,0.0,0.0
2025-03-14 00:00:00-04:00,85.6809118509334,86.87493459371524,85.14166984893419,86.76901245117188,508300,0.0,0.0
2025-03-17 00:00:00-04:00,86.0757195143994,87.36604065125776,85.29575393506259,87.0867919921875,744300,0.0,0.0
2025-03-18 00:00:00-04:00,87.20323848641213,87.79520408111541,86.06783198004437,86.62097930908203,501500,0.7,0.0
2025-03-19 00:00:00-04:00,86.76654489998059,88.92090308953937,86.27162127354212,88.27071380615234,701700,0.0,0.0
2025-03-20 00:00:00-04:00,88.0766325360546,89.21203906281268,87.48466693072045,87.55259704589844,517200,0.0,0.0
2025-03-21 00:00:00-04:00,87.0479632750803,89.008244921758,86.46570411212254,88.66859436035156,2671900,0.0,0.0
2025-03-24 00:00:00-04:00,89.91075149194523,90.70650742902654,89.22174393455519,90.0660171508789,721800,0.0,0.0
2025-03-25 00:00:00-04:00,90.54153793470886,91.27906279237348,89.88164220681126,90.36685943603516,545100,0.0,0.0
2025-03-26 00:00:00-04:00,90.51241550994132,91.48284993438246,90.03690471503674,90.7744369506836,471400,0.0,0.0
2025-03-27 00:00:00-04:00,90.77444774833307,91.0461682348855,89.80401320845844,90.44449615478516,396700,0.0,0.0
2025-03-28 00:00:00-04:00,89.91075122052654,90.89089206572072,87.9019522510422,88.81415557861328,385200,0.0,0.0
2025-03-31 00:00:00-04:00,87.47495843222163,90.08542940335423,87.00915405460428,89.63903045654297,469000,0.0,0.0
2025-04-01 00:00:00-04:00,89.10529790841449,89.27027000096624,87.50407945925927,88.41629028320312,528600,0.0,0.0
2025-04-02 00:00:00-04:00,87.44584570559111,90.70650593146333,87.44584570559111,90.30862426757812,581700,0.0,0.0
2025-04-03 00:00:00-04:00,86.07753988308956,86.38807863665774,81.48738870054034,81.52620697021484,780400,0.0,0.0
2025-04-04 00:00:00-04:00,77.63475822679924,80.50724339273151,76.2664420592147,80.06084442138672,1634300,0.0,0.0
2025-04-07 00:00:00-04:00,77.1883618196184,82.80717852139695,75.91709498064843,79.42035675048828,1356900,0.0,0.0
2025-04-08 00:00:00-04:00,81.76881554469692,83.04978882773376,77.84825915629258,79.21656799316406,535200,0.0,0.0
2025-04-09 00:00:00-04:00,77.27569270505204,86.27162421630753,77.27569270505204,84.34046173095703,1247300,0.0,0.0
2025-04-10 00:00:00-04:00,82.9915471134626,82.9915471134626,78.32375999151306,79.89586639404297,659200,0.0,0.0
2025-04-11 00:00:00-04:00,79.57563246277108,80.30345836944277,77.63476337831324,79.76001739501953,971100,0.0,0.0
2025-04-14 00:00:00-04:00,80.23552216847457,81.77850941987435,78.9060242809743,80.80807495117188,613900,0.0,0.0
2025-04-15 00:00:00-04:00,81.55531176213113,83.0788935467927,81.12831823649975,81.95318603515625,504200,0.0,0.0
2025-04-16 00:00:00-04:00,81.97259617261852,82.7392402484878,80.429601603664,81.41944885253906,653800,0.0,0.0
2025-04-17 00:00:00-04:00,81.8367408628209,83.91347004217165,81.8367408628209,83.27297973632812,613900,0.0,0.0
2025-04-21 00:00:00-04:00,83.07889826181339,83.63204563148928,81.82703686647797,83.53500366210938,650600,0.0,0.0
2025-04-22 00:00:00-04:00,84.04932328575515,87.32938886542838,84.04932328575515,86.83447265625,1136500,0.0,0.0
2025-04-23 00:00:00-04:00,90.25040165192206,94.21947490191688,89.34789733924976,91.98748016357422,1179100,0.0,0.0
2025-04-24 00:00:00-04:00,91.48285392107184,93.35579273801626,91.22083987273847,93.10348510742188,854600,0.0,0.0
2025-04-25 00:00:00-04:00,92.5212185043212,93.16170880620098,90.1824752894891,93.10348510742188,593300,0.0,0.0
2025-04-28 00:00:00-04:00,93.62752841146506,94.33594148507945,92.5891637416714,93.25875854492188,495700,0.0,0.0
2025-04-29 00:00:00-04:00,93.59839896804381,94.40386133181093,92.09423002526144,93.93805694580078,425400,0.0,0.0
2025-04-30 00:00:00-04:00,92.12335084453085,92.8802885983755,90.94912594384519,92.59886169433594,490600,0.0,0.0
2025-05-01 00:00:00-04:00,92.7929457222582,94.60765342384599,91.89044137838603,93.88953399658203,458500,0.0,0.0
2025-05-02 00:00:00-04:00,93.75368202062448,97.14049651089836,93.75368202062448,96.66498565673828,469300,0.0,0.0
2025-05-05 00:00:00-04:00,96.1797625633343,97.55777775744644,96.08272059543566,96.53882598876953,352500,0.0,0.0
2025-05-06 00:00:00-04:00,94.28742320102587,96.74262139586367,94.2097866611206,96.12154388427734,678100,0.0,0.0
2025-05-07 00:00:00-04:00,96.46119050454509,97.35398846506989,95.5975043943245,96.10212707519531,487000,0.0,0.0
2025-05-08 00:00:00-04:00,96.85906330134614,98.57673648102238,96.85906330134614,97.51895904541016,435100,0.0,0.0
2025-05-09 00:00:00-04:00,97.98476671325616,98.18855705745031,96.76201724426406,97.34427642822266,365100,0.0,0.0
2025-05-12 00:00:00-04:00,100.26529550948399,101.672422618783,99.79948367662834,100.54672241210938,589700,0.0,0.0
2025-05-13 00:00:00-04:00,100.97370522585626,101.99265693327207,100.6243482393631,100.99311065673828,695300,0.0,0.0
2025-05-14 00:00:00-04:00,100.99312078794837,101.76947136999725,100.3720432838404,101.37158966064453,408900,0.0,0.0
2025-05-15 00:00:00-04:00,101.55596563739118,101.95383990784266,99.91592906439489,101.69182586669922,337800,0.0,0.0
2025-05-16 00:00:00-04:00,101.48804067427692,102.15763543733314,100.59524272098355,101.4298095703125,464600,0.0,0.0
2025-05-19 00:00:00-04:00,100.5758293498027,102.4875864682819,100.09061210770454,102.17704772949219,530700,0.0,0.0
2025-05-20 00:00:00-04:00,102.26438689418572,102.60404489872307,101.73065235130723,102.04119110107422,861600,0.0,0.0
2025-05-21 00:00:00-04:00,101.11927183457719,101.58508365178278,99.52775984851856,99.70243835449219,519300,0.0,0.0
2025-05-22 00:00:00-04:00,98.97460030151025,99.83828630704095,98.84844649754093,99.13957977294922,580500,0.0,0.0
2025-05-23 00:00:00-04:00,97.56748510417243,99.6830326013426,97.56748510417243,99.46953582763672,340900,0.0,0.0
2025-05-27 00:00:00-04:00,100.86695918873633,101.59478502686058,99.79947536975895,101.2939453125,504400,0.0,0.0
2025-05-28 00:00:00-04:00,100.80872784299491,101.3230643199056,99.9935664601066,100.04208374023438,424600,0.0,0.0
2025-05-29 00:00:00-04:00,101.4392899085476,101.605389827583,100.17887017018195,101.37089538574219,748700,0.7,0.0
2025-05-30 00:00:00-04:00,100.94098846755784,101.55654666244033,100.23749764737462,101.15594482421875,545700,0.0,0.0
2025-06-02 00:00:00-04:00,102.0646246530156,102.0646246530156,99.6610358591805,101.62494659423828,690000,0.0,0.0
2025-06-03 00:00:00-04:00,101.62494292449357,103.60839168755224,101.36113013519785,102.93421173095703,682500,0.0,0.0
2025-06-04 00:00:00-04:00,102.8365071061741,103.24687427658098,101.72264909824426,101.732421875,446100,0.0,0.0
2025-06-05 00:00:00-04:00,101.92781969161494,102.45543775250638,101.04845625679589,101.43928527832031,433000,0.0,0.0
2025-06-06 00:00:00-04:00,102.96352452509342,103.72564457713607,102.38705741568528,103.32504272460938,728400,0.0,0.0
2025-06-09 00:00:00-04:00,103.61816300964576,104.69293734177107,102.84627766040225,103.42274475097656,768400,0.0,0.0
2025-06-10 00:00:00-04:00,103.50090956280727,104.84926197016543,103.30549876328666,104.23371124267578,645400,0.0,0.0
2025-06-11 00:00:00-04:00,104.67339444293202,104.80041817789909,102.74857486373136,102.78765106201172,433300,0.0,0.0
2025-06-12 00:00:00-04:00,102.2111740811216,103.18824294150556,101.05823252769078,103.08076477050781,322100,0.0,0.0
2025-06-13 00:00:00-04:00,101.64448364859803,102.5531580879122,100.4426929912615,101.42952728271484,527600,0.0,0.0
2025-06-16 00:00:00-04:00,101.93760295818625,103.04168816226102,101.65425207478064,102.0255355834961,427000,0.0,0.0
2025-06-17 00:00:00-04:00,101.22434729503685,102.16233264407961,100.2081946366293,100.81398010253906,418200,0.0,0.0
2025-06-18 00:00:00-04:00,101.19502490307875,101.94736467038577,100.60878505843841,101.41975402832031,680400,0.0,0.0
2025-06-20 00:00:00-04:00,102.10370635986328,102.8560461794014,101.52723925137163,102.10370635986328,822000,0.0,0.0
2025-06-23 00:00:00-04:00,101.91806145744142,105.24987020961535,101.91806145744142,105.0739974975586,619000,0.0,0.0
2025-06-24 00:00:00-04:00,105.50390192182992,107.14537795364677,105.3377945453104,105.58206176757812,587200,0.0,0.0
2025-06-25 00:00:00-04:00,105.66023544382267,105.77748640118652,104.94697928624824,105.5527572631836,432500,0.0,0.0
2025-06-26 00:00:00-04:00,105.69932475729412,107.819562699012,105.69932475729412,107.59484100341797,392800,0.0,0.0
2025-06-27 00:00:00-04:00,107.82932928075898,108.64029829353039,107.18446019943873,107.97589111328125,1220000,0.0,0.0
2025-06-30 00:00:00-04:00,108.69891469248611,109.02134921726973,107.60459484524053,107.6827621459961,344400,0.0,0.0
2025-07-01 00:00:00-04:00,107.38964519836249,110.82892440865555,107.2430833740824,110.09612274169922,632300,0.0,0.0
2025-07-02 00:00:00-04:00,110.45764258648046,111.26860411147798,109.3340118559153,110.82892608642578,665100,0.0,0.0
2025-07-03 00:00:00-04:00,111.09273066425185,112.51925781451624,111.09273066425185,111.6789779663086,479100,0.0,0.0
2025-07-07 00:00:00-04:00,111.33699990140187,113.30091050813016,110.46740916325955,110.85823822021484,644200,0.0,0.0
2025-07-08 00:00:00-04:00,111.4053907845305,112.46062696747221,111.26860173723553,111.81576538085938,595300,0.0,0.0
2025-07-09 00:00:00-04:00,112.00140571841291,112.84168557173199,111.0731932419169,111.52264404296875,291500,0.0,0.0
2025-07-10 00:00:00-04:00,112.10889059562575,112.79284334158874,110.49672531768144,111.1513671875,455200,0.0,0.0
2025-07-11 00:00:00-04:00,110.97549477131561,111.26861098798388,110.06682033619917,110.80939483642578,362200,0.0,0.0
2025-07-14 00:00:00-04:00,111.11227427404052,113.01755560908136,110.96571245108876,112.85145568847656,536100,0.0,0.0
2025-07-15 00:00:00-04:00,112.2652187874181,113.232514917089,108.5718995155436,108.74777221679688,380600,0.0,0.0
2025-07-16 00:00:00-04:00,109.75414891764986,109.89093796429266,108.15175655316787,109.37309265136719,450100,0.0,0.0
2025-07-17 00:00:00-04:00,110.34039149513845,112.3336129514516,110.11566236753137,112.21636199951172,404700,0.0,0.0
2025-07-18 00:00:00-04:00,113.01755908865567,113.27159909263048,111.59103937385662,112.92962646484375,492300,0.0,0.0
2025-07-21 00:00:00-04:00,113.33999107880331,114.12164917146922,112.27498956835113,112.3531494140625,514700,0.0,0.0
2025-07-22 00:00:00-04:00,112.66580584767595,113.39860747957972,111.80598794984193,112.57787322998047,514600,0.0,0.0
2025-07-23 00:00:00-04:00,113.3302134901859,115.82174203211898,111.57149403803642,112.93938446044922,680300,0.0,0.0
2025-07-24 00:00:00-04:00,112.84168791199178,113.7894459607013,111.13181729549976,111.74737548828125,525100,0.0,0.0
2025-07-25 00:00:00-04:00,111.6008166388974,112.87100180097103,110.67259666392044,112.68536376953125,491400,0.0,0.0
2025-07-28 00:00:00-04:00,112.92963004944029,112.92963004944029,111.58127013930431,112.66581726074219,341900,0.0,0.0
2025-07-29 00:00:00-04:00,113.55495552764181,113.55495552764181,111.85485762742476,112.18705749511719,305500,0.0,0.0
2025-07-30 00:00:00-04:00,112.51926103893976,112.68536096720847,111.1709011509027,111.58126831054688,318200,0.0,0.0
2025-07-31 00:00:00-04:00,110.8093991107629,112.52903518732792,110.79962633349693,111.95256805419922,432100,0.0,0.0
2025-08-01 00:00:00-04:00,110.4087835433175,111.29791980308262,108.00519499080156,110.59442901611328,548100,0.0,0.0
2025-08-04 00:00:00-04:00,110.70191101342304,112.44109248881725,110.70191101342304,112.42154693603516,419800,0.0,0.0
2025-08-05 00:00:00-04:00,112.79283857234822,113.44747296004216,110.19383166558343,112.78306579589844,483700,0.0,0.0
2025-08-06 00:00:00-04:00,112.92963298315276,113.09573291845872,111.57150771551991,111.68875122070312,316500,0.0,0.0
2025-08-07 00:00:00-04:00,112.6951247132644,112.71467026598992,110.11566338236756,111.02433776855469,375000,0.0,0.0
2025-08-08 00:00:00-04:00,111.74737733553168,112.62673341785127,111.11228103373297,112.31407165527344,290400,0.0,0.0
2025-08-11 00:00:00-04:00,112.4215513861031,112.9491695154411,111.22952607031479,112.00141143798828,329700,0.0,0.0
2025-08-12 00:00:00-04:00,112.8221516604263,114.66881136011285,112.5681116488586,114.57110595703125,357300,0.0,0.0
2025-08-13 00:00:00-04:00,115.3234385634102,116.27119656848622,114.9423822970623,116.14418029785156,520800,0.0,0.0
2025-08-14 00:00:00-04:00,115.05963547206288,116.57408779072173,114.90330087030902,116.5447769165039,271500,0.0,0.0
2025-08-15 00:00:00-04:00,116.79882312420966,116.79882312420966,115.16711976752129,115.29413604736328,410300,0.0,0.0
2025-08-18 00:00:00-04:00,115.25505374363965,115.6361100420695,113.93601213719444,115.49932098388672,306100,0.0,0.0
2025-08-19 00:00:00-04:00,115.56771184015591,116.554553546636,115.56771184015591,116.45684814453125,458200,0.0,0.0
2025-08-20 00:00:00-04:00,116.6131739605138,117.41437017570135,116.13441227757649,116.60340118408203,569800,0.0,0.0
2025-08-21 00:00:00-04:00,116.25166398885575,116.88675282661805,115.88037302647179,116.27120208740234,399300,0.0,0.0
2025-08-22 00:00:00-04:00,116.42753323103764,120.32603603901894,116.27119862953704,119.14378356933594,792800,0.0,0.0
2025-08-25 00:00:00-04:00,119.09492843028004,120.8438826676444,118.60639397697527,120.04268646240234,633400,0.0,0.0
2025-08-26 00:00:00-04:00,119.94498809549283,121.54738059993171,118.96791913159377,120.72663879394531,608300,0.0,0.0
2025-08-27 00:00:00-04:00,120.54100263233008,123.1106913637025,119.28058275478737,121.987060546875,882300,0.0,0.0
2025-08-28 00:00:00-04:00,122.46581207102106,122.77848127458061,121.44966697722899,121.92842864990234,564900,0.0,0.0
2025-08-29 00:00:00-04:00,122.37788535820566,123.3744924021253,121.96751819038253,122.75894165039062,715500,0.0,0.0
2025-09-02 00:00:00-04:00,122.05544427754849,122.55375150003117,120.72662998722406,122.4365005493164,437700,0.0,0.0
2025-09-03 00:00:00-04:00,122.43650691648907,124.07798303963861,122.05545062490475,123.27678680419922,510800,0.0,0.0
2025-09-04 00:00:00-04:00,123.6773810445587,124.17568080787174,122.19223216736546,124.14636993408203,759800,0.0,0.0
2025-09-05 00:00:00-04:00,124.67399825735444,125.70969642773366,122.05545313687813,122.4658203125,537300,0.0,0.0
2025-09-08 00:00:00-04:00,122.19223265076144,122.77847994665082,121.1565420157265,122.59283447265625,499800,0.0,0.0
2025-09-09 00:00:00-04:00,122.41696746066869,122.74916731962124,120.92205318649346,121.3324203491211,461600,0.0,0.0
2025-09-10 00:00:00-04:00,121.7525631839805,122.34857584340044,121.05884511986515,122.09453582763672,511500,0.0,0.0
2025-09-11 00:00:00-04:00,121.80141285442522,122.81755795220204,121.2835600748321,121.93820190429688,475500,0.0,0.0
2025-09-12 00:00:00-04:00,121.54502380662835,122.03651196799804,121.04370378216728,121.36808776855469,554500,0.75,0.0
2025-09-15 00:00:00-04:00,121.60399076578709,122.77373490099816,121.04369460428946,121.80059051513672,493400,0.0,0.0
2025-09-16 00:00:00-04:00,121.80058639506508,122.16428279491055,119.55939432537232,121.40739440917969,609500,0.0,0.0
2025-09-17 00:00:00-04:00,121.66296823469754,124.64139259803216,121.0240396661788,123.02931213378906,650000,0.0,0.0
2025-09-18 00:00:00-04:00,123.60926711195543,125.79147565174675,123.31437122838379,125.64402770996094,463300,0.0,0.0
2025-09-19 00:00:00-04:00,126.15517454293258,126.59751087742818,124.7396937728383,125.8111343383789,1066600,0.0,0.0
2025-09-22 00:00:00-04:00,125.25084096820122,126.69581735937356,123.90416820869804,124.8183364868164,530400,0.0,0.0
2025-09-23 00:00:00-04:00,125.17219059519847,127.11849434648501,123.88449412276854,124.33666229248047,545500,0.0,0.0
2025-09-24 00:00:00-04:00,124.58241243638729,126.94155702361059,124.06143620452623,124.92645263671875,553000,0.0,0.0
2025-09-25 00:00:00-04:00,124.55291574692411,125.31963599743648,123.41266723320439,124.8281478881836,393000,0.0,0.0
2025-09-26 00:00:00-04:00,125.49657884759992,126.47955511960966,125.07389875065518,125.86027526855469,357300,0.0,0.0
2025-09-29 00:00:00-04:00,126.13552066982129,126.13552066982129,124.23836869172935,125.16236877441406,307900,0.0,0.0
2025-09-30 00:00:00-04:00,125.50640875941173,126.90224074360034,123.27505595641807,124.84781646728516,357400,0.0,0.0
2025-10-01 00:00:00-04:00,124.75934103656658,124.75934103656658,122.19377248196373,123.10794067382812,488800,0.0,0.0
2025-10-02 00:00:00-04:00,122.46900984225739,123.727225767066,121.58433719913768,122.2822494506836,710200,0.0,0.0
2025-10-03 00:00:00-04:00,122.81305707357707,124.38581759927038,122.70492908435624,123.78620147705078,489900,0.0,0.0
2025-10-06 00:00:00-04:00,124.83798655329005,126.54837066634725,124.19905047653974,124.88713836669922,508400,0.0,0.0
2025-10-07 00:00:00-04:00,125.59486305338429,126.76461460540081,123.0194702648649,123.17674255371094,378800,0.0,0.0
2025-10-08 00:00:00-04:00,124.05160599172268,124.22854202560558,122.0954852556663,123.6780776977539,283600,0.0,0.0
2025-10-09 00:00:00-04:00,124.32684112544159,124.32684112544159,122.36088859815419,122.65577697753906,504300,0.0,0.0
2025-10-10 00:00:00-04:00,123.32420073089254,123.6977290100228,115.4702225100935,115.62749481201172,503600,0.0,0.0
2025-10-13 00:00:00-04:00,117.42634186658908,119.43161431553226,117.34770196674498,119.323486328125,451600,0.0,0.0
2025-10-14 00:00:00-04:00,118.36999947475537,122.41986436733492,116.48268685471419,122.02667236328125,513300,0.0,0.0
2025-10-15 00:00:00-04:00,122.3117360136545,122.87203218041665,117.89817471759775,117.94731903076172,596200,0.0,0.0
2025-10-16 00:00:00-04:00,117.94731195432612,117.97680004035804,110.5848223276636,111.4891586303711,896300,0.0,0.0
2025-10-17 00:00:00-04:00,112.53112823650707,114.28082482124037,110.96819204597206,113.8188247680664,793200,0.0,0.0
2025-10-20 00:00:00-04:00,114.2611632669359,116.97417996084978,114.03508291715958,116.4630355834961,490500,0.0,0.0
2025-10-21 00:00:00-04:00,116.06000676643578,117.62294292023222,115.45055878515765,115.62749481201172,488300,0.0,0.0
2025-10-22 00:00:00-04:00,116.37455491572167,116.37455491572167,113.02260988136547,113.4157943725586,849400,0.0,0.0
2025-10-23 00:00:00-04:00,112.17725550744217,115.54886443982832,108.92359892868748,112.05929565429688,1163700,0.0,0.0
2025-10-24 00:00:00-04:00,111.99049326813274,114.47742217625422,111.35155715549139,111.86270904541016,734200,0.0,0.0
2025-10-27 00:00:00-04:00,112.47214340445265,112.95380717807677,110.41772659277844,110.61431884765625,577500,0.0,0.0
2025-10-28 00:00:00-04:00,110.70278245339398,112.04945504903839,110.07367828473237,110.48652648925781,391600,0.0,0.0
2025-10-29 00:00:00-04:00,110.02453387570756,110.6929580373114,107.19356492630448,107.38032531738281,752700,0.0,0.0
2025-10-30 00:00:00-04:00,107.54743534019151,109.47406789433299,106.8888355516654,108.47142791748047,675300,0.0,0.0
2025-10-31 00:00:00-04:00,108.96291682663232,109.87708504762034,107.2033884228161,109.5723648071289,691300,0.0,0.0
2025-11-03 00:00:00-05:00,109.80827710635563,110.43738131280426,108.4517725673596,110.38823699951172,520300,0.0,0.0
2025-11-04 00:00:00-05:00,109.55270539114998,110.75193767440076,109.01207292706272,110.43738555908203,462600,0.0,0.0
2025-11-05 00:00:00-05:00,110.63398229486647,112.3640151320829,109.52321430900778,110.95835876464844,454000,0.0,0.0
2025-11-06 00:00:00-05:00,110.79125261404522,111.69558896723503,110.00487611108116,110.76176452636719,561800,0.0,0.0
2025-11-07 00:00:00-05:00,110.03436634087761,112.5999350120027,109.77879041016982,112.59010314941406,329200,0.0,0.0
2025-11-10 00:00:00-05:00,112.76704072526074,114.27099324285741,112.20674454224407,113.47478485107422,415400,0.0,0.0
2025-11-11 00:00:00-05:00,113.01277621178622,114.408600631933,111.72507977484226,114.19234466552734,595300,0.0,0.0
2025-11-12 00:00:00-05:00,114.52656750036746,115.8634158296624,114.2218397565117,114.56588745117188,628400,0.0,0.0
2025-11-13 00:00:00-05:00,114.5855435890802,115.25396775321586,112.88499134078187,113.75001525878906,580100,0.0,0.0
2025-11-14 00:00:00-05:00,112.85550499123048,113.6320571570806,112.1575927281405,113.47478485107422,498300,0.0,0.0
2025-11-17 00:00:00-05:00,113.18971231162897,113.76966467694218,108.15687140636744,108.26499938964844,730200,0.0,0.0
2025-11-18 00:00:00-05:00,108.40261971570382,111.6857642924385,107.15424317723406,110.94853210449219,424500,0.0,0.0
2025-11-19 00:00:00-05:00,110.91903279253975,112.15758492656077,110.29976047528594,111.84303283691406,459000,0.0,0.0
2025-11-20 00:00:00-05:00,112.84567853504096,114.01541519396855,109.31678983414838,109.51338958740234,588900,0.0,0.0
2025-11-21 00:00:00-05:00,110.47670557559681,113.85814644188777,110.08351355633977,112.88499450683594,477000,0.0,0.0
2025-11-24 00:00:00-05:00,112.24605799951296,112.51145828158104,110.48652964950209,110.9386978149414,787700,0.0,0.0
2025-11-25 00:00:00-05:00,111.32206721087687,113.43546777924225,111.32206721087687,112.7965316772461,668700,0.0,0.0
2025-11-26 00:00:00-05:00,112.39350339521046,113.98592765644756,111.82338285680451,112.59010314941406,534400,0.0,0.0
2025-11-28 00:00:00-05:00,112.99311434315669,113.27817834905271,111.97082566620239,112.7572021484375,283900,0.0,0.0
2025-12-01 00:00:00-05:00,112.44265110961106,114.66417950428763,111.33189066202955,114.32996368408203,888700,0.0,0.0
2025-12-02 00:00:00-05:00,114.20218343296713,114.6543516175596,112.20674280331485,112.27555084228516,497400,0.0,0.0
2025-12-03 00:00:00-05:00,112.45248359047268,115.29328433003735,111.57763533500888,115.27362060546875,531700,0.0,0.0
2025-12-04 00:00:00-05:00,114.4086093432315,116.26643392406456,114.4086093432315,115.10652160644531,420900,0.0,0.0
2025-12-05 00:00:00-05:00,114.32496338690446,115.53192598499679,113.85998525014533,115.04716491699219,446300,0.75,0.0
2025-12-08 00:00:00-05:00,115.33406267055786,116.4124097624299,114.29528143986951,115.65064239501953,467400,0.0,0.0
2025-12-09 00:00:00-05:00,115.91775146361175,117.6391607616736,114.28538422131112,115.34394836425781,408500,0.0,0.0
2025-12-10 00:00:00-05:00,115.49234562555331,119.7661755637648,114.86908143276307,118.757080078125,722200,0.0,0.0
2025-12-11 00:00:00-05:00,118.13382132051554,120.49827783331992,117.7974511112558,119.61779022216797,929500,0.0,0.0
2025-12-12 00:00:00-05:00,120.15201334470206,120.16190858419186,117.92605997443734,119.77607727050781,578600,0.0,0.0
2025-12-15 00:00:00-05:00,120.87420907371367,121.66566214210663,119.62767313274433,121.26993560791016,1420000,0.0,0.0
2025-12-16 00:00:00-05:00,121.1907839644431,121.34907759095915,119.69691994258388,120.51805114746094,991500,0.0,0.0
2025-12-17 00:00:00-05:00,120.18169614504193,123.13973866074757,119.7958572928702,121.72502136230469,529400,0.0,0.0
2025-12-18 00:00:00-05:00,121.79426878474244,123.97075337828805,121.79426878474244,123.4662094116211,564500,0.0,0.0
2025-12-19 00:00:00-05:00,123.41674164274454,123.98064949903764,122.4571072535769,123.6146011352539,722900,0.0,0.0
2025-12-22 00:00:00-05:00,123.61460214066453,125.50419276527786,123.61460214066453,124.96996307373047,314500,0.0,0.0
2025-12-23 00:00:00-05:00,124.96996478129861,125.16782427812078,123.69375064758451,124.03012084960938,407000,0.0,0.0
2025-12-24 00:00:00-05:00,124.72263257645801,125.46461698717253,124.14882948735341,124.60391235351562,248800,0.0,0.0
2025-12-26 00:00:00-05:00,124.42583622990254,125.13814247434638,123.81246727885261,124.67316436767578,256900,0.0,0.0
2025-12-29 00:00:00-05:00,124.26754874607181,124.8611347604665,123.60471115579536,124.44562530517578,390700,0.0,0.0
2025-12-30 00:00:00-05:00,125.01943710022518,125.01943710022518,122.76379801180065,124.61381530761719,342400,0.0,0.0
2025-12-31 00:00:00-05:00,124.62370143224369,124.93038590324902,123.11994214994424,123.18919372558594,370500,0.0,0.0
2026-01-02 00:00:00-05:00,123.18920273552932,125.21729660285685,122.49668692846228,124.61381530761719,483200,0.0,0.0
2026-01-05 00:00:00-05:00,124.28734193849559,128.24459997288292,124.28734193849559,127.30474090576172,395400,0.0,0.0
2026-01-06 00:00:00-05:00,127.30473968227078,129.45156133480845,126.13735804590554,128.3138427734375,594100,0.0,0.0
2026-01-07 00:00:00-05:00,128.4127762338512,128.9964670345835,126.68147921439247,127.69058227539062,380300,0.0,0.0
2026-01-08 00:00:00-05:00,127.71034926790077,129.27346485711928,127.34430846703381,128.7886962890625,496100,0.0,0.0
2026-01-09 00:00:00-05:00,128.956900971443,129.69888540719188,126.2758572348237,126.46382904052734,344400,0.0,0.0
2026-01-12 00:00:00-05:00,125.36568925775691,126.20660342718341,124.47530644101172,124.91060638427734,431800,0.0,0.0
2026-01-13 00:00:00-05:00,125.17771305311453,125.18760829180144,122.4867817672999,123.0309066772461,409800,0.0,0.0
2026-01-14 00:00:00-05:00,122.88251226857932,124.87103262914414,122.46700280453767,124.86113739013672,318200,0.0,0.0
2026-01-15 00:00:00-05:00,125.13814492310988,129.28335946076294,125.08868382330081,127.46302795410156,288900,0.0,0.0
2026-01-16 00:00:00-05:00,127.46303089269921,128.2643716779262,126.17692905017435,126.7210464477539,494300,0.0,0.0
2026-01-20 00:00:00-05:00,124.65338251343034,126.10767318374397,123.31781206750047,123.63439178466797,515100,0.0,0.0
2026-01-21 00:00:00-05:00,124.57424299413016,127.7301526595229,124.57424299413016,127.21570587158203,771500,0.0,0.0
2026-01-22 00:00:00-05:00,127.41355278686372,129.3130461091641,124.87102746066896,125.24696350097656,603200,0.0,0.0
2026-01-23 00:00:00-05:00,124.28733829399779,126.00874763961816,119.41992214977815,120.66645812988281,835800,0.0,0.0
2026-01-26 00:00:00-05:00,120.93356723544795,122.59561266584765,120.07287012453865,121.55683898925781,979800,0.0,0.0
2026-01-27 00:00:00-05:00,124.91060328863007,131.6775049803341,123.31780949699771,129.2042236328125,1270000,0.0,0.0
2026-01-28 00:00:00-05:00,130.6189391323772,131.8753703396495,128.32374178947245,130.13417053222656,797100,0.0,0.0
2026-01-29 00:00:00-05:00,131.61813493929523,132.69649709095762,129.07560953692888,131.82589721679688,574500,0.0,0.0
2026-01-30 00:00:00-05:00,131.37080854267327,132.83500200420173,130.14407062633154,132.1029052734375,675800,0.0,0.0
2026-02-02 00:00:00-05:00,131.21253450874326,135.39732256527665,130.76733176373384,135.22914123535156,589200,0.0,0.0
2026-02-03 00:00:00-05:00,136.9999885682311,140.1064291644055,136.65373825623033,139.95803833007812,612100,0.0,0.0
2026-02-04 00:00:00-05:00,140.46259722952914,143.78668813405676,138.7906565379707,139.90858459472656,892000,0.0,0.0
2026-02-05 00:00:00-05:00,138.7708748783273,141.53105023605573,138.7708748783273,141.3134002685547,625000,0.0,0.0
2026-02-06 00:00:00-05:00,142.233473238297,145.37947998315005,142.233473238297,144.4099578857422,746500,0.0,0.0
2026-02-09 00:00:00-05:00,144.40996617490205,146.6655977693641,143.9054221667794,145.7356414794922,634400,0.0,0.0
2026-02-10 00:00:00-05:00,145.14205898887536,146.6359155886607,143.34150280099965,145.11236572265625,520200,0.0,0.0
2026-02-11 00:00:00-05:00,146.5567640161897,147.71425791555498,142.77759783566106,144.37037658691406,588300,0.0,0.0
2026-02-12 00:00:00-05:00,145.66637888990255,147.2492698428585,139.74039154157728,140.45269775390625,632600,0.0,0.0
2026-02-13 00:00:00-05:00,139.50295528189287,141.75858665655832,138.50375505488157,141.10565185546875,471800,0.0,0.0
2026-02-17 00:00:00-05:00,141.20457301837538,143.75700115433736,141.19468532754274,143.35137939453125,604500,0.0,0.0
2026-02-18 00:00:00-05:00,143.3513856619719,146.29954799580344,143.3513856619719,144.3209228515625,333200,0.0,0.0
2026-02-19 00:00:00-05:00,144.1923099525063,144.390169451309,141.44202216072608,142.3126220703125,430600,0.0,0.0
2026-02-20 00:00:00-05:00,142.12465792184236,146.06211801433486,140.24495484264196,145.98297119140625,528900,0.0,0.0
2026-02-23 00:00:00-05:00,145.56743702212896,147.55594966316713,139.24573090834238,139.7799530029297,625700,0.0,0.0
2026-02-24 00:00:00-05:00,139.9976269580087,141.115555077475,137.5837167846332,138.72142028808594,666300,0.0,0.0
2026-02-25 00:00:00-05:00,140.26473703354054,140.72971515594827,138.55323048902326,139.7997589111328,548200,0.0,0.0
2026-02-26 00:00:00-05:00,140.13611383813335,143.93508542612585,138.5136418927396,140.98692321777344,443600,0.0,0.0
2026-02-27 00:00:00-05:00,138.07835775123664,139.12702662298747,131.44995169039106,133.91334533691406,808600,0.0,0.0
2026-03-02 00:00:00-05:00,132.80532199962408,137.5935911133593,131.66760351095505,136.60427856445312,546700,0.0,0.0
2026-03-03 00:00:00-05:00,132.4293817075543,135.95133205429974,131.4598596122137,134.74436950683594,410800,0.0,0.0
2026-03-04 00:00:00-05:00,135.86229561066807,135.99091107403368,134.43768310964222,134.44757080078125,597400,0.0,0.0
2026-03-05 00:00:00-05:00,133.37913097200686,134.57619075537986,131.33124665950996,132.74595642089844,356700,0.0,0.0
2026-03-06 00:00:00-05:00,128.86784694988427,129.83738411494772,125.65258871968761,129.38229370117188,532800,0.0,0.0
2026-03-09 00:00:00-04:00,126.62211911244694,129.3921898976825,125.32612200587751,128.3138427734375,908600,0.0,0.0
2026-03-10 00:00:00-04:00,128.37318472662818,131.62803130931042,127.10686593269604,128.44244384765625,491600,0.0,0.0
2026-03-11 00:00:00-04:00,127.50260907769866,128.37319387575414,125.87024182474086,127.47293090820312,533700,0.0,0.0
2026-03-12 00:00:00-04:00,124.4753048808741,129.79780368870883,123.85204069089224,129.47132873535156,859900,0.0,0.0
2026-03-13 00:00:00-04:00,129.6395070660467,131.341125822376,127.93790340542854,128.9964599609375,567700,0.0,0.0
2026-03-16 00:00:00-04:00,129.18443734034304,131.51921561187027,129.18443734034304,129.8670654296875,616600,0.0,0.0
2026-03-17 00:00:00-04:00,131.53900714965604,132.38981657144848,129.6296260223621,130.03524780273438,436200,0.0,0.0
2026-03-18 00:00:00-04:00,129.73674540026397,130.44319497999132,128.02536138689598,128.27410888671875,442600,0.75,0.0
2026-03-19 00:00:00-04:00,127.51792152685067,130.99042689607518,126.88112094555446,130.2043914794922,598200,0.0,0.0
2026-03-20 00:00:00-04:00,130.12479398867032,131.35858708278937,128.7417584640438,129.8262939453125,1040600,0.0,0.0
2026-03-23 00:00:00-04:00,133.17940928355924,134.58233355765785,130.9705304064573,131.09986877441406,543900,0.0,0.0
2026-03-24 00:00:00-04:00,129.82629322070167,133.97539977142347,129.52779317900988,132.4232177734375,448500,0.0,0.0
2026-03-25 00:00:00-04:00,133.63710116363387,134.83108609761717,131.37846966847357,132.76150512695312,395900,0.0,0.0
2026-03-26 00:00:00-04:00,131.8162722758429,133.28886842195305,131.497883367456,132.10482788085938,413100,0.0,0.0
2026-03-27 00:00:00-04:00,131.6769755174644,131.9157785877526,128.80145496882682,129.3686065673828,398600,0.0,0.0
2026-03-30 00:00:00-04:00,130.75164413754635,131.0998815403757,129.23925503335468,130.00540161132812,293700,0.0,0.0
2026-03-31 00:00:00-04:00,132.00531777622948,134.8211412191451,131.19937832800565,133.497802734375,482000,0.0,0.0
2026-04-01 00:00:00-04:00,134.41319662437374,137.13947471371011,134.15450468776885,135.75643920898438,563800,0.0,0.0
2026-04-02 00:00:00-04:00,133.32865342104265,136.4131283417796,132.33366347013936,136.12457275390625,349300,0.0,0.0
2026-04-06 00:00:00-04:00,136.12458118473916,139.27869770257084,135.985283190279,139.1990966796875,424700,0.0,0.0
2026-04-07 00:00:00-04:00,141.26866708050858,143.3680964560062,139.3184953050465,140.9303741455078,551400,0.0,0.0
2026-04-08 00:00:00-04:00,143.6467031037218,146.77097113257759,143.6467031037218,144.64169311523438,556500,0.0,0.0
2026-04-09 00:00:00-04:00,144.07455804563716,146.98987151900252,143.61685595584677,146.08444213867188,743300,0.0,0.0
2026-04-10 00:00:00-04:00,145.60682569761715,146.08443180509474,143.7561437825815,144.09445190429688,382800,0.0,0.0
2026-04-13 00:00:00-04:00,143.44771090638835,146.02473144217947,142.1741248816598,145.66653442382812,502300,0.0,0.0
2026-04-14 00:00:00-04:00,145.16902840901412,145.18893245917636,142.5721040183216,143.885498046875,550800,0.0,0.0
2026-04-15 00:00:00-04:00,144.1939521731057,144.5223007022622,141.86567916527906,144.2238006591797,422500,0.0,0.0
2026-04-16 00:00:00-04:00,143.96509777176652,144.78098163298534,143.0497088429724,143.63674926757812,462600,0.0,0.0
2026-04-17 00:00:00-04:00,143.81583984813014,148.41270371412486,143.81583984813014,146.1640167236328,727200,0.0,0.0
2026-04-20 00:00:00-04:00,145.53718581054162,148.94004965443924,145.53718581054162,147.3281707763672,556000,0.0,0.0
2026-04-21 00:00:00-04:00,147.2187215575492,149.29824693577683,146.75107506050483,147.8555145263672,596200,0.0,0.0
2026-04-22 00:00:00-04:00,147.86546656985422,149.12910813853654,146.7610270471548,147.55702209472656,669900,0.0,0.0
2026-04-23 00:00:00-04:00,150.91012559569958,151.22852967081272,145.46752929326252,148.52215576171875,709400,0.0,0.0
2026-04-24 00:00:00-04:00,149.53703151645138,150.0842790203372,145.26853135082524,146.30331420898438,521900,0.0,0.0
2026-04-27 00:00:00-04:00,147.26846248988562,150.34299308787115,146.33318465540236,149.86538696289062,394100,0.0,0.0
2026-04-28 00:00:00-04:00,151.3081408048596,152.1837217052713,148.41271618039468,149.98480224609375,465200,0.0,0.0
2026-04-29 00:00:00-04:00,149.15895011140137,149.78578346878166,146.6018185998639,146.91026306152344,638900,0.0,0.0
2026-04-30 00:00:00-04:00,146.49236829725334,150.571833226728,146.01477736510466,149.57684326171875,556400,0.0,0.0
2026-05-01 00:00:00-04:00,149.57684680199,150.02458926037318,147.5669627740445,148.6017608642578,387100,0.0,0.0
2026-05-04 00:00:00-04:00,147.82566798106117,148.89029936026952,146.63166786431685,147.29830932617188,499200,0.0,0.0
2026-05-05 00:00:00-04:00,147.4873652136348,148.44256230529447,146.53218330431784,147.6266632080078,474400,0.0,0.0
2026-05-06 00:00:00-04:00,148.0744105395866,150.07433485849305,148.0744105395866,149.2882843017578,436100,0.0,0.0
2026-05-07 00:00:00-04:00,149.72609329754164,149.82559837203948,147.2585223098913,148.08436584472656,451300,0.0,0.0
2026-05-08 00:00:00-04:00,148.94005936419285,149.6564533972265,147.96497339014152,148.26345825195312,353600,0.0,0.0
2026-05-11 00:00:00-04:00,149.3181547199306,149.3181547199306,145.8257301469128,146.21377563476562,389200,0.0,0.0
2026-05-12 00:00:00-04:00,146.31327734838317,147.1391208409809,142.5721053643412,144.7312469482422,384500,0.0,0.0
2026-05-13 00:00:00-04:00,145.1192922184339,145.1192922184339,142.14426676256087,142.34326171875,568900,0.0,0.0
2026-05-14 00:00:00-04:00,143.27856140082514,145.55708184287138,142.96015731018772,144.11434936523438,409700,0.0,0.0
2026-05-15 00:00:00-04:00,144.44268760549596,145.30832399397323,141.6567127401604,143.31834411621094,422300,0.0,0.0
2026-05-18 00:00:00-04:00,143.9252996030451,147.25852222637653,143.00991061108658,145.69638061523438,390000,0.0,0.0
2026-05-19 00:00:00-04:00,145.69637604580728,145.95508315830412,143.95514357409158,145.15908813476562,565000,0.0,0.0
2026-05-20 00:00:00-04:00,145.75608810918868,149.24849748468714,144.5123506301496,148.81069946289062,515100,0.0,0.0
2026-05-21 00:00:00-04:00,148.76094951235518,149.2285960271878,146.37297958404014,148.71121215820312,398000,0.0,0.0
2026-05-22 00:00:00-04:00,148.4923050716114,149.86538087369942,147.76595147942777,149.74598693847656,368200,0.0,0.0
2026-05-26 00:00:00-04:00,150.2434956550767,152.20362724344233,150.1340461436634,151.35787963867188,331500,0.0,0.0
2026-05-27 00:00:00-04:00,150.4822954691362,151.56683094269613,149.23855794927132,149.87535095214844,467900,0.0,0.0
2026-05-28 00:00:00-04:00,149.7260879179439,150.32308797879546,147.86546151395933,148.9499969482422,352300,0.0,0.0
2026-05-29 00:00:00-04:00,148.75999450683594,150.10000610351562,148.4199981689453,148.52999877929688,508900,0.75,0.0
2026-06-01 00:00:00-04:00,147.42999267578125,148.6999969482422,145.91000366210938,147.77999877929688,475900,0.0,0.0
2026-06-02 00:00:00-04:00,147.75,151.33999633789062,147.30999755859375,151.10000610351562,374800,0.0,0.0
2026-06-03 00:00:00-04:00,150.0,150.1999969482422,147.83999633789062,148.1300048828125,381800,0.0,0.0
2026-06-04 00:00:00-04:00,150.3300018310547,153.2899932861328,149.52999877929688,152.77000427246094,565500,0.0,0.0
2026-06-05 00:00:00-04:00,152.16000366210938,153.99000549316406,152.16000366210938,153.07000732421875,446300,0.0,0.0
2026-06-08 00:00:00-04:00,153.07000732421875,155.1199951171875,152.9600067138672,153.66000366210938,619400,0.0,0.0
2026-06-09 00:00:00-04:00,154.9499969482422,158.25999450683594,154.05999755859375,156.0,754000,0.0,0.0
2026-06-10 00:00:00-04:00,159.9499969482422,159.9499969482422,155.61000061035156,156.14999389648438,541100,0.0,0.0
2026-06-11 00:00:00-04:00,157.4199981689453,159.41000366210938,156.00999450683594,158.80999755859375,514400,0.0,0.0
2026-06-12 00:00:00-04:00,159.8300018310547,161.25999450683594,159.52999877929688,160.9499969482422,364400,0.0,0.0
2026-06-15 00:00:00-04:00,161.9600067138672,162.97000122070312,159.07000732421875,159.30999755859375,480300,0.0,0.0
2026-06-16 00:00:00-04:00,161.11000061035156,162.0,159.52999877929688,160.33999633789062,771700,0.0,0.0
2026-06-17 00:00:00-04:00,160.3699951171875,161.47999572753906,157.00999450683594,158.72999572753906,636500,0.0,0.0
2026-06-18 00:00:00-04:00,159.4600067138672,160.97000122070312,158.8800048828125,159.24000549316406,915900,0.0,0.0
2026-06-22 00:00:00-04:00,160.35000610351562,162.8699951171875,160.3000030517578,162.72999572753906,558800,0.0,0.0
2026-06-23 00:00:00-04:00,162.61000061035156,165.30999755859375,161.7899932861328,165.05999755859375,587100,0.0,0.0
2026-06-24 00:00:00-04:00,165.14999389648438,167.0399932861328,164.11000061035156,165.64999389648438,759200,0.0,0.0
2026-06-25 00:00:00-04:00,166.47000122070312,169.13999938964844,166.3000030517578,167.19000244140625,658700,0.0,0.0
2026-06-26 00:00:00-04:00,168.44000244140625,168.55999755859375,165.38999938964844,165.7899932861328,963000,0.0,0.0
2026-06-29 00:00:00-04:00,165.1300048828125,167.3800048828125,164.07000732421875,164.85000610351562,583100,0.0,0.0
2026-06-30 00:00:00-04:00,164.85000610351562,165.8000030517578,163.77000427246094,164.17999267578125,754600,0.0,0.0
2026-07-01 00:00:00-04:00,164.16000366210938,169.13999938964844,164.16000366210938,168.5,540200,0.0,0.0
2026-07-02 00:00:00-04:00,168.97000122070312,170.02000427246094,165.2899932861328,167.25999450683594,403700,0.0,0.0
2026-07-06 00:00:00-04:00,167.3800048828125,168.8000030517578,166.94000244140625,168.69000244140625,365900,0.0,0.0
2026-07-07 00:00:00-04:00,168.44000244140625,169.66000366210938,167.5800018310547,167.9600067138672,359700,0.0,0.0
2026-07-08 00:00:00-04:00,167.80999755859375,167.80999755859375,163.64999389648438,166.27000427246094,628100,0.0,0.0
2026-07-09 00:00:00-04:00,167.1999969482422,169.85000610351562,166.52999877929688,169.38999938964844,1083100,0.0,0.0
2026-07-10 00:00:00-04:00,169.25999450683594,171.72999572753906,169.25,170.55999755859375,445500,0.0,0.0
2026-07-13 00:00:00-04:00,171.30999755859375,171.97999572753906,168.10000610351562,168.7100067138672,427335,0.0,0.0
