Date,Open,High,Low,Close,Volume,Dividends,Stock Splits
2022-01-03 00:00:00-05:00,20.13297462463379,20.13297462463379,20.13297462463379,20.13297462463379,0,0.0,0.0
2022-01-04 00:00:00-05:00,20.107881281425534,20.283531718154794,20.107881281425534,20.166431427001953,4800,0.0,0.0
2022-01-05 00:00:00-05:00,20.258441396333943,20.28353500366211,20.258441396333943,20.28353500366211,1200,0.0,0.0
2022-01-06 00:00:00-05:00,20.28353500366211,20.28353500366211,20.28353500366211,20.28353500366211,1900,0.0,0.0
2022-01-07 00:00:00-05:00,20.28353448673266,20.383907318115234,20.099519490465305,20.383907318115234,3700,0.0,0.0
2022-01-10 00:00:00-05:00,20.31699533922653,20.475916750005,20.28353719251175,20.30026626586914,2900,0.0,0.0
2022-01-11 00:00:00-05:00,20.291898739611614,20.367177963256836,20.074425604122318,20.367177963256836,5100,0.0,0.0
2022-01-12 00:00:00-05:00,20.484276063036923,20.492640597582596,20.283532020056246,20.350446701049805,4000,0.0,0.0
2022-01-13 00:00:00-05:00,20.350446701049805,20.350446701049805,20.350446701049805,20.350446701049805,0,0.0,0.0
2022-01-14 00:00:00-05:00,20.869039474298898,21.513092766979888,20.4173641204834,20.4173641204834,18000,0.0,0.0
2022-01-18 00:00:00-05:00,20.4173641607059,20.718481063842773,20.4173641607059,20.718481063842773,3800,0.0,0.0
2022-01-19 00:00:00-05:00,20.676658926173893,20.701752533882253,20.501008458331683,20.52610206604004,3700,0.0,0.0
2022-01-20 00:00:00-05:00,20.467552466352792,20.484281539916992,20.409002304250357,20.484281539916992,2000,0.0,0.0
2022-01-21 00:00:00-05:00,20.4089998495588,20.509372683499397,20.183162169721513,20.28353500366211,3800,0.0,0.0
2022-01-24 00:00:00-05:00,20.67665915253402,20.67665915253402,20.241714448432226,20.258441925048828,4000,0.0,0.0
2022-01-25 00:00:00-05:00,20.15807261231432,20.534467195836104,20.15807261231432,20.241716384887695,7000,0.0,0.0
2022-01-26 00:00:00-05:00,20.250079853257365,20.442461013793945,20.158073136867493,20.442461013793945,13500,0.0,0.0
2022-01-27 00:00:00-05:00,20.34208735389037,20.367180963926454,20.15807233307582,20.30026626586914,10000,0.0,0.0
2022-01-28 00:00:00-05:00,20.099521606957506,20.409001478512483,20.099521606957506,20.116249084472656,3100,0.0,0.0
2022-01-31 00:00:00-05:00,20.37554278255235,20.91922483116356,20.250076344481123,20.383907318115234,18500,0.0,0.0
2022-02-01 00:00:00-05:00,20.358818547812472,20.785400390625,20.358818547812472,20.785400390625,5300,0.0,0.0
2022-02-02 00:00:00-05:00,20.777032864446358,21.847669586249154,20.618109864602246,21.002870559692383,18700,0.0,0.0
2022-02-03 00:00:00-05:00,21.287254511374723,21.287254511374723,20.701749837420145,20.85230827331543,4200,0.0,0.0
2022-02-04 00:00:00-05:00,20.701749664434058,21.713834437805666,20.701749664434058,21.287254333496094,5900,0.0,0.0
2022-02-07 00:00:00-05:00,21.30398370018817,21.379262924194336,20.994503864049065,21.379262924194336,10000,0.0,0.0
2022-02-08 00:00:00-05:00,21.19525090430545,21.31235122680664,20.986142273912044,21.31235122680664,3200,0.0,0.0
2022-02-09 00:00:00-05:00,21.496367283538707,21.914584533449013,21.496367283538707,21.504730224609375,5300,0.0,0.0
2022-02-10 00:00:00-05:00,21.713836395345933,21.713836395345933,21.36253547668457,21.36253547668457,59700,0.0,0.0
2022-02-11 00:00:00-05:00,21.529825488698492,21.663654891326008,21.379267011899458,21.62183380126953,6000,0.0,0.0
2022-02-14 00:00:00-05:00,21.58837212775132,22.416442019557774,21.58837212775132,21.88112449645996,54600,0.0,0.0
2022-02-15 00:00:00-05:00,21.856037696309272,21.981504175812102,21.856037696309272,21.889495849609375,3300,0.0,0.0
2022-02-16 00:00:00-05:00,21.889489041882914,21.956403732299805,21.86439543471206,21.956403732299805,3700,0.0,0.0
2022-02-17 00:00:00-05:00,21.863552935097967,22.251863984635083,21.534333922517984,22.091474533081055,16800,0.24,0.0
2022-02-18 00:00:00-05:00,22.54730988353151,22.54730988353151,22.446012496948242,22.446012496948242,1500,0.0,0.0
2022-02-22 00:00:00-05:00,21.947968520657636,22.260305704200388,21.914201642396417,22.091474533081055,5400,0.0,0.0
2022-02-23 00:00:00-05:00,22.116795057595713,22.294066301042935,21.76225096060823,21.956405639648438,4200,0.0,0.0
2022-02-24 00:00:00-05:00,21.871993812746215,22.547315251041695,21.52589137435812,21.86355209350586,7100,0.0,0.0
2022-02-25 00:00:00-05:00,22.032379637451257,22.032379637451257,21.39926528930664,21.39926528930664,7900,0.0,0.0
2022-02-28 00:00:00-05:00,21.306406355084626,21.593418299518863,21.230432510375977,21.230432510375977,3300,0.0,0.0
2022-03-01 00:00:00-05:00,21.669393595689783,21.669393595689783,21.44991376406279,21.49212074279785,2900,0.0,0.0
2022-03-02 00:00:00-05:00,21.652505760016265,21.931075949299554,21.652505760016265,21.736921310424805,1500,0.0,0.0
2022-03-03 00:00:00-05:00,21.694714987673112,21.779128930508,21.281078939336954,21.48367691040039,2300,0.0,0.0
2022-03-04 00:00:00-05:00,21.48367691040039,21.48367691040039,21.48367691040039,21.48367691040039,500,0.0,0.0
2022-03-07 00:00:00-05:00,21.38238095150366,21.51744521126887,20.656409347695924,20.698617935180664,5900,0.0,0.0
2022-03-08 00:00:00-05:00,20.335628082111697,20.723937349056342,19.575891369760207,20.21744728088379,10500,0.0,0.0
2022-03-09 00:00:00-05:00,20.11614737262316,20.57199034504773,20.11614737262316,20.36939239501953,3000,0.0,0.0
2022-03-10 00:00:00-05:00,20.53822839535963,20.78303337097168,20.53822839535963,20.78303337097168,900,0.0,0.0
2022-03-11 00:00:00-05:00,20.78303337097168,20.78303337097168,20.78303337097168,20.78303337097168,300,0.0,0.0
2022-03-14 00:00:00-04:00,20.394721784452894,20.80835626580704,20.175241968003014,20.284982681274414,3200,0.0,0.0
2022-03-15 00:00:00-04:00,20.749267992120476,21.264201522585402,20.673294139753747,20.766151428222656,1900,0.0,0.0
2022-03-16 00:00:00-04:00,20.85056495666504,20.85056495666504,20.85056495666504,20.85056495666504,400,0.0,0.0
2022-03-17 00:00:00-04:00,21.433031721711462,21.433031721711462,21.086929321289062,21.086929321289062,3400,0.0,0.0
2022-03-18 00:00:00-04:00,21.103809822590318,21.103809822590318,20.84212303161621,20.84212303161621,7700,0.0,0.0
2022-03-21 00:00:00-04:00,21.002511434859674,21.070043563842773,21.002511434859674,21.070043563842773,800,0.0,0.0
2022-03-22 00:00:00-04:00,21.103811544065163,21.103811544065163,20.715502184499023,20.833683013916016,2400,0.0,0.0
2022-03-23 00:00:00-04:00,21.002513387517048,21.027838542025115,20.02329662117533,20.496023178100586,6600,0.0,0.0
2022-03-24 00:00:00-04:00,20.386278218355642,20.8590030670166,19.896669936862168,20.8590030670166,1400,0.0,0.0
2022-03-25 00:00:00-04:00,20.8590030670166,20.8590030670166,20.8590030670166,20.8590030670166,200,0.0,0.0
2022-03-28 00:00:00-04:00,20.8590030670166,20.8590030670166,20.8590030670166,20.8590030670166,0,0.0,0.0
2022-03-29 00:00:00-04:00,20.2090103239965,20.842124668394074,18.97654689632085,20.26810073852539,12600,0.0,0.0
2022-03-30 00:00:00-04:00,20.51289928395356,20.51289928395356,20.21744728088379,20.21744728088379,600,0.0,0.0
2022-03-31 00:00:00-04:00,20.259654998779297,20.259654998779297,20.259654998779297,20.259654998779297,1000,0.0,0.0
2022-04-01 00:00:00-04:00,19.82070137760281,20.242777650260926,19.364859840380507,19.516807556152344,2100,0.0,0.0
2022-04-04 00:00:00-04:00,19.58433870808651,20.377840901414558,19.58433870808651,19.668752670288086,47400,0.0,0.0
2022-04-05 00:00:00-04:00,19.710956421831654,20.37783589802465,19.710956421831654,20.35251235961914,5000,0.0,0.0
2022-04-06 00:00:00-04:00,20.073947099420895,20.420049496816674,19.93888282775879,19.93888282775879,9300,0.0,0.0
2022-04-07 00:00:00-04:00,20.25965768197844,20.25965768197844,19.550569534301758,19.550569534301758,23500,0.0,0.0
2022-04-08 00:00:00-04:00,19.46615444541295,19.46615444541295,19.288883209228516,19.288883209228516,1800,0.0,0.0
2022-04-11 00:00:00-04:00,19.339529687148065,19.339529687148065,17.980443925140186,18.157716751098633,5300,0.0,0.0
2022-04-12 00:00:00-04:00,18.351873418199503,18.72330093383789,18.301224723823847,18.72330093383789,5300,0.0,0.0
2022-04-13 00:00:00-04:00,19.00187064928928,19.162260055541992,18.647326578152878,19.162260055541992,6000,0.0,0.0
2022-04-14 00:00:00-04:00,19.162260055541992,19.162260055541992,19.162260055541992,19.162260055541992,700,0.0,0.0
2022-04-18 00:00:00-04:00,18.993429945194052,20.014853627179843,18.984988227562805,19.778491973876953,7300,0.0,0.0
2022-04-19 00:00:00-04:00,19.457712588779067,19.96420436154342,19.41550561192077,19.47459602355957,6500,0.0,0.0
2022-04-20 00:00:00-04:00,19.229791843593677,19.415504788019554,19.153818000398342,19.33953094482422,7100,0.0,0.0
2022-04-21 00:00:00-04:00,19.33953094482422,19.33953094482422,19.33953094482422,19.33953094482422,0,0.0,0.0
2022-04-22 00:00:00-04:00,19.58433870808651,19.837583814877483,19.339533709441195,19.668752670288086,3400,0.0,0.0
2022-04-25 00:00:00-04:00,19.710959454280445,20.60576057434082,19.668750866956437,20.60576057434082,3800,0.0,0.0
2022-04-26 00:00:00-04:00,20.0570590777882,20.597316040930963,19.643424639120425,19.997968673706055,2400,0.0,0.0
2022-04-27 00:00:00-04:00,19.997968673706055,19.997968673706055,19.997968673706055,19.997968673706055,200,0.0,0.0
2022-04-28 00:00:00-04:00,19.837585608952075,20.639531203138507,19.837585608952075,20.512907028198242,1700,0.0,0.0
2022-04-29 00:00:00-04:00,19.710959014668468,20.33563160229504,19.57589475842991,19.74472427368164,3300,0.0,0.0
2022-05-02 00:00:00-04:00,19.727841191540133,19.727841191540133,18.71485772423731,18.841480255126953,13100,0.0,0.0
2022-05-03 00:00:00-04:00,18.993428932108305,19.398621696237647,18.909013370391463,19.162260055541992,5600,0.0,0.0
2022-05-04 00:00:00-04:00,19.339532451001737,19.49992186691568,19.08628736068963,19.221351623535156,15600,0.0,0.0
2022-05-05 00:00:00-04:00,18.807715000408606,19.415504114803824,18.740182876586914,18.740182876586914,4800,0.0,0.0
2022-05-06 00:00:00-04:00,18.748623064497416,19.347972074843973,18.748623064497416,19.035634994506836,1300,0.0,0.0
2022-05-09 00:00:00-04:00,18.976546308074173,19.297325134277344,18.909014177835555,19.297325134277344,2000,0.0,0.0
2022-05-10 00:00:00-04:00,19.373298337558545,19.390180161986844,18.799274444580078,18.799274444580078,2700,0.0,0.0
2022-05-11 00:00:00-04:00,18.79083595841411,18.799277677126288,18.064864250099173,18.402524948120117,9600,0.0,0.0
2022-05-12 00:00:00-04:00,18.22525055160161,18.799274444580078,18.22525055160161,18.799274444580078,4800,0.0,0.0
2022-05-13 00:00:00-04:00,18.681091148328143,19.1875828898705,18.453171233213013,18.942779541015625,8200,0.0,0.0
2022-05-16 00:00:00-04:00,18.959665504797492,18.984990660937246,18.65577168158647,18.968107223510742,16800,0.0,0.0
2022-05-17 00:00:00-04:00,18.951220753015047,19.525242994038415,18.706415800589042,18.833038330078125,6600,0.0,0.0
2022-05-18 00:00:00-04:00,18.697974831748468,19.094727479466172,18.672651290893555,18.672651290893555,2000,0.0,0.0
2022-05-19 00:00:00-04:00,19.09935742657557,19.176164627075195,18.76652730957986,19.176164627075195,1300,0.24,0.0
2022-05-20 00:00:00-04:00,18.843330621237595,18.86039924621582,18.843330621237595,18.86039924621582,700,0.0,0.0
2022-05-23 00:00:00-04:00,18.877475911927416,18.971350133785403,18.314222442007676,18.595849990844727,8500,0.0,0.0
2022-05-24 00:00:00-04:00,18.433697529153886,18.64705050604744,17.938718687871003,18.331287384033203,6000,0.0,0.0
2022-05-25 00:00:00-04:00,18.519041284223437,18.75799560546875,18.519041284223437,18.75799560546875,1700,0.0,0.0
2022-05-26 00:00:00-04:00,19.05668747225347,19.159097615446136,18.903073071341467,19.065221786499023,6900,0.0,0.0
2022-05-27 00:00:00-04:00,19.270039186967573,19.270039186967573,19.005481973644596,19.133493423461914,4500,0.0,0.0
2022-05-31 00:00:00-04:00,19.39805132048706,19.39805132048706,19.20176698199869,19.31270980834961,1700,0.0,0.0
2022-06-01 00:00:00-04:00,19.551668631897975,19.611407210974907,18.945746898112876,19.585805892944336,5200,0.0,0.0
2022-06-02 00:00:00-04:00,19.585802470346085,20.396542745470743,19.287107999403773,20.012508392333984,10900,0.0,0.0
2022-06-03 00:00:00-04:00,20.00397646311364,20.772046888697986,20.00397646311364,20.37947654724121,23700,0.0,0.0
2022-06-06 00:00:00-04:00,20.259998311751186,20.268532626082123,20.14905548095703,20.14905548095703,9900,0.0,0.0
2022-06-07 00:00:00-04:00,19.799156592706076,19.799156592706076,18.689720153808594,18.689720153808594,16600,0.0,0.0
2022-06-08 00:00:00-04:00,18.68972032353893,18.68972032353893,18.26301437264647,18.501970291137695,7900,0.0,0.0
2022-06-09 00:00:00-04:00,18.52757202890537,19.05668813628901,18.160606270083466,18.55317497253418,8800,0.0,0.0
2022-06-10 00:00:00-04:00,18.9457413333327,18.9457413333327,18.314215211501715,18.45929527282715,1200,0.0,0.0
2022-06-13 00:00:00-04:00,18.049660609828475,18.877471160211236,18.024059295654297,18.024059295654297,1800,0.0,0.0
2022-06-14 00:00:00-04:00,18.10086212996287,18.10086212996287,17.76803207397461,17.76803207397461,6900,0.0,0.0
2022-06-15 00:00:00-04:00,17.853377646750282,17.896047592163086,17.759501813537216,17.896047592163086,1400,0.0,0.0
2022-06-16 00:00:00-04:00,18.17767417551981,18.17767417551981,17.622956724671393,18.058197021484375,2600,0.0,0.0
2022-06-17 00:00:00-04:00,18.024060811002595,18.314219371813003,17.537614639994523,17.614421844482422,26400,0.0,0.0
2022-06-21 00:00:00-04:00,17.494944570918854,18.348356501207576,17.486410256285478,17.896047592163086,16400,0.0,0.0
2022-06-22 00:00:00-04:00,17.836305123042425,18.066726684570312,17.53761068710854,18.066726684570312,3800,0.0,0.0
2022-06-23 00:00:00-04:00,17.759501743158644,18.43369794673694,17.759501743158644,18.271549224853516,5200,0.0,0.0
2022-06-24 00:00:00-04:00,18.049662539342087,19.235906264758682,18.049662539342087,18.809200286865234,7700,0.0,0.0
2022-06-27 00:00:00-04:00,18.809200286865234,18.809200286865234,18.809200286865234,18.809200286865234,700,0.0,0.0
2022-06-28 00:00:00-04:00,18.44223201266696,18.77506213879151,18.44223201266696,18.723857879638672,1600,0.0,0.0
2022-06-29 00:00:00-04:00,18.88600278713384,19.09935574130629,18.80919722116531,19.08228874206543,5600,0.0,0.0
2022-06-30 00:00:00-04:00,18.97987714697037,19.50899314880371,18.775058522060164,19.50899314880371,1900,0.0,0.0
2022-07-01 00:00:00-04:00,19.56019780467591,20.42214388643574,19.073753356933594,19.073753356933594,15700,0.0,0.0
2022-07-05 00:00:00-04:00,19.022550004933276,19.50046016222736,18.629979726340608,19.159095764160156,7100,0.0,0.0
2022-07-06 00:00:00-04:00,19.28710646437313,19.432186531412476,19.1164234580608,19.372447967529297,8000,0.0,0.0
2022-07-07 00:00:00-04:00,19.28710794005585,20.567225702080524,19.28710794005585,19.91863250732422,12400,0.0,0.0
2022-07-08 00:00:00-04:00,19.816222604166665,19.986905625553838,19.551665385995086,19.935701370239258,4100,0.0,0.0
2022-07-11 00:00:00-04:00,19.71381187438965,20.200256314504816,19.71381187438965,19.71381187438965,3400,0.0,0.0
2022-07-12 00:00:00-04:00,19.713813138600035,19.92716609112221,19.54313012548075,19.75648307800293,5100,0.0,0.0
2022-07-13 00:00:00-04:00,19.56019932870267,19.807687914488874,19.56019932870267,19.619937896728516,3000,0.0,0.0
2022-07-14 00:00:00-04:00,19.47486247736868,20.345343148159664,19.133497987182302,19.705284118652344,12600,0.0,0.0
2022-07-15 00:00:00-04:00,19.756482841746475,20.481883197198,19.201765497373128,19.73941421508789,4600,0.0,0.0
2022-07-18 00:00:00-04:00,19.747950481636323,19.756484795809722,19.543131824736715,19.722349166870117,2600,0.0,0.0
2022-07-19 00:00:00-04:00,19.893029679184128,20.106382640734484,19.594335207462844,19.747949600219727,5000,0.0,0.0
2022-07-20 00:00:00-04:00,19.77355060408741,20.16611923355238,19.398048972781186,19.637004852294922,2900,0.0,0.0
2022-07-21 00:00:00-04:00,19.6284703733028,20.473347815779732,19.50899324843346,19.71381187438965,7000,0.0,0.0
2022-07-22 00:00:00-04:00,19.432187074002524,19.73941421508789,19.432187074002524,19.73941421508789,800,0.0,0.0
2022-07-25 00:00:00-04:00,19.594333481164785,19.70527792293875,19.594333481164785,19.671140670776367,1900,0.0,0.0
2022-07-26 00:00:00-04:00,19.67114252431375,20.01250856708809,19.67114252431375,19.935701370239258,800,0.0,0.0
2022-07-27 00:00:00-04:00,19.952765625590946,19.952765625590946,19.944232940673828,19.944232940673828,2900,0.0,0.0
2022-07-28 00:00:00-04:00,19.594336160756257,20.038110733032227,19.594336160756257,20.038110733032227,600,0.0,0.0
2022-07-29 00:00:00-04:00,19.961306124129486,21.258492752516727,19.961306124129486,20.20026206970215,13000,0.0,0.0
2022-08-01 00:00:00-04:00,20.16612050853663,20.225860703007402,19.782086167747696,20.055177688598633,6200,0.0,0.0
2022-08-02 00:00:00-04:00,19.858891563729454,20.0722444985497,19.41511706864245,19.884492874145508,5900,0.0,0.0
2022-08-03 00:00:00-04:00,20.055180555016076,20.055180555016076,19.654077529907227,19.654077529907227,600,0.0,0.0
2022-08-04 00:00:00-04:00,19.799152374267578,19.799152374267578,19.799152374267578,19.799152374267578,400,0.0,0.0
2022-08-05 00:00:00-04:00,19.73088200100569,19.77355194091797,19.210300269755752,19.77355194091797,1400,0.0,0.0
2022-08-08 00:00:00-04:00,19.585801345741803,19.628471284388947,19.21029970018242,19.42365264892578,11500,0.0,0.0
2022-08-09 00:00:00-04:00,18.9969483734878,19.295642852783203,18.9969483734878,19.295642852783203,1100,0.0,0.0
2022-08-10 00:00:00-04:00,19.056685250907208,19.372448330169778,19.056685250907208,19.329776763916016,6200,0.0,0.0
2022-08-11 00:00:00-04:00,19.252971223916393,19.252971223916393,19.06522119955625,19.201766967773438,3400,0.0,0.0
2022-08-12 00:00:00-04:00,19.048152148611187,19.16762928620965,19.048152148611187,19.150562286376953,900,0.0,0.0
2022-08-15 00:00:00-04:00,19.03108685013618,19.11642837524414,19.03108685013618,19.11642837524414,2600,0.0,0.0
2022-08-16 00:00:00-04:00,19.014016269205538,19.287107795956498,19.014016269205538,19.022550582885742,3200,0.0,0.0
2022-08-17 00:00:00-04:00,19.23590048625576,19.23590048625576,19.03108024597168,19.03108024597168,600,0.0,0.0
2022-08-18 00:00:00-04:00,19.031085830872083,19.031085830872083,18.910308837890625,18.910308837890625,600,0.24,0.0
2022-08-19 00:00:00-04:00,19.06559575591551,19.186372756958008,18.970698600545987,19.186372756958008,2200,0.0,0.0
2022-08-22 00:00:00-04:00,19.108729929012622,19.186372756958008,18.962071436833916,19.186372756958008,700,0.0,0.0
2022-08-23 00:00:00-04:00,18.93618760509691,19.194995880126953,18.64287068248266,19.194995880126953,900,0.0,0.0
2022-08-24 00:00:00-04:00,19.04834172263892,19.04834172263892,18.798160552978516,18.798160552978516,1300,0.0,0.0
2022-08-25 00:00:00-04:00,18.832666306964875,18.96207046508789,18.694634985571906,18.96207046508789,800,0.0,0.0
2022-08-26 00:00:00-04:00,18.81540893067042,18.832663254413607,18.599734820269227,18.806781768798828,11600,0.0,0.0
2022-08-29 00:00:00-04:00,18.806778748351075,18.979318667146543,18.720510434415957,18.84991455078125,2300,0.0,0.0
2022-08-30 00:00:00-04:00,18.979321715304934,19.065591688557983,18.76364760490374,18.806781768798828,10800,0.0,0.0
2022-08-31 00:00:00-04:00,18.94481306781856,19.203622987577717,18.806781768798828,18.806781768798828,3900,0.0,0.0
2022-09-01 00:00:00-04:00,18.90167890392347,19.591835399022138,18.642870629627193,18.806781768798828,6400,0.0,0.0
2022-09-02 00:00:00-04:00,18.660122138725537,18.979320526123047,18.660122138725537,18.979320526123047,800,0.0,0.0
2022-09-06 00:00:00-04:00,18.80678047107138,19.238128662109375,18.80678047107138,19.238128662109375,2700,0.0,0.0
2022-09-07 00:00:00-04:00,19.125982509603812,19.358910972165923,19.117355346679688,19.117355346679688,500,0.0,0.0
2022-09-08 00:00:00-04:00,18.806780590427728,19.307144429388824,18.789527913228415,18.979320526123047,2600,0.0,0.0
2022-09-09 00:00:00-04:00,18.8757962356133,18.979320526123047,18.8757962356133,18.979320526123047,1400,0.0,0.0
2022-09-12 00:00:00-04:00,18.970693364792005,19.065590493970706,18.970693364792005,18.979320526123047,2400,0.0,0.0
2022-09-13 00:00:00-04:00,18.61699216160547,19.10010178648086,18.61699216160547,18.96207046508789,11500,0.0,0.0
2022-09-14 00:00:00-04:00,18.72051429748535,18.72051429748535,18.54797434308542,18.72051429748535,6200,0.0,0.0
2022-09-15 00:00:00-04:00,18.5997371673584,18.5997371673584,18.5997371673584,18.5997371673584,300,0.0,0.0
2022-09-16 00:00:00-04:00,18.841289496062178,20.195722579956055,18.841289496062178,20.195722579956055,50800,0.0,0.0
2022-09-19 00:00:00-04:00,19.68673117569995,19.68673117569995,18.996574728224267,19.238128662109375,12900,0.0,0.0
2022-09-20 00:00:00-04:00,19.022453904764298,19.583207849974244,18.97931974534632,19.264009475708008,2000,0.0,0.0
2022-09-21 00:00:00-04:00,19.09147400106975,19.626346588134766,18.936190003660318,19.626346588134766,3200,0.0,0.0
2022-09-22 00:00:00-04:00,19.69535980548335,19.69535980548335,19.315772908337937,19.583209991455078,2700,0.0,0.0
2022-09-23 00:00:00-04:00,19.445178989900217,19.634971618652344,19.272639039788896,19.634971618652344,3900,0.0,0.0
2022-09-26 00:00:00-04:00,19.15186037960958,19.51419292664423,18.91893196105957,18.91893196105957,3800,0.0,0.0
2022-09-27 00:00:00-04:00,18.72913678195971,18.94481086730957,18.72913678195971,18.94481086730957,1700,0.0,0.0
2022-09-28 00:00:00-04:00,18.57385724616451,19.264013825463635,18.57385724616451,19.117355346679688,3900,0.0,0.0
2022-09-29 00:00:00-04:00,19.272641321626395,19.34165698074964,18.755023055470495,18.789531707763672,2100,0.0,0.0
2022-09-30 00:00:00-04:00,18.746396342190376,19.065594801708546,18.746396342190376,18.77227783203125,3800,0.0,0.0
2022-10-03 00:00:00-04:00,18.979324497517617,19.37616412900705,18.910308837890625,18.910308837890625,3100,0.0,0.0
2022-10-04 00:00:00-04:00,18.944816161247623,19.151864789048307,18.77227783203125,18.77227783203125,6300,0.0,0.0
2022-10-05 00:00:00-04:00,18.582483291625977,18.582483291625977,18.582483291625977,18.582483291625977,1000,0.0,0.0
2022-10-06 00:00:00-04:00,18.7981560179628,18.7981560179628,18.55660042495921,18.6256160736084,1300,0.0,0.0
2022-10-07 00:00:00-04:00,18.720515803338802,18.720515803338802,18.5997371673584,18.5997371673584,2100,0.0,0.0
2022-10-10 00:00:00-04:00,18.74639679281116,18.755023956298828,18.74639679281116,18.755023956298828,1500,0.0,0.0
2022-10-11 00:00:00-04:00,19.34165428659745,19.34165428659745,18.703259117265468,18.806781768798828,1200,0.0,0.0
2022-10-12 00:00:00-04:00,18.77227783203125,18.77227783203125,18.77227783203125,18.77227783203125,400,0.0,0.0
2022-10-13 00:00:00-04:00,18.755019267904242,19.07421765530175,18.72913778391111,18.979320526123047,3300,0.0,0.0
2022-10-14 00:00:00-04:00,19.41066871989857,19.41066871989857,18.979320526123047,18.979320526123047,1300,0.0,0.0
2022-10-17 00:00:00-04:00,18.979320526123047,18.979320526123047,18.979320526123047,18.979320526123047,0,0.0,0.0
2022-10-18 00:00:00-04:00,18.86717190189998,18.86717190189998,18.806781768798828,18.806781768798828,1000,0.0,0.0
2022-10-19 00:00:00-04:00,18.59110450744629,18.59110450744629,18.59110450744629,18.59110450744629,900,0.0,0.0
2022-10-20 00:00:00-04:00,18.591107563284446,18.599734725111905,18.36680793762207,18.36680793762207,2800,0.0,0.0
2022-10-21 00:00:00-04:00,18.547977312208975,18.547977312208975,18.228778839111328,18.228778839111328,500,0.0,0.0
2022-10-24 00:00:00-04:00,18.228778839111328,18.228778839111328,18.228778839111328,18.228778839111328,0,0.0,0.0
2022-10-25 00:00:00-04:00,18.435821744876964,18.444447260379786,17.85781512388835,18.099369049072266,16700,0.0,0.0
2022-10-26 00:00:00-04:00,18.254658212478493,18.97932342015793,17.857818603515625,17.857818603515625,2700,0.0,0.0
2022-10-27 00:00:00-04:00,17.857818603515625,17.857818603515625,17.857818603515625,17.857818603515625,300,0.0,0.0
2022-10-28 00:00:00-04:00,18.418572364855063,18.970697651088496,18.418572364855063,18.77227783203125,2900,0.0,0.0
2022-10-31 00:00:00-04:00,18.763650746609258,19.177744713002582,18.4444522857666,18.4444522857666,2200,0.0,0.0
2022-11-01 00:00:00-04:00,18.59110786780602,19.14323471556693,18.418569564819336,18.418569564819336,3000,0.0,0.0
2022-11-02 00:00:00-04:00,18.375436020769087,18.59111016019343,18.375436020769087,18.53072166442871,3000,0.0,0.0
2022-11-03 00:00:00-04:00,18.815407973394418,19.065590718553377,18.573854035130925,18.970693588256836,5100,0.0,0.0
2022-11-04 00:00:00-04:00,18.918936049429824,19.45380700154168,18.746396077189345,19.160490036010742,7800,0.0,0.0
2022-11-07 00:00:00-05:00,18.987947687454092,19.445177365222744,18.746392106573197,18.979320526123047,6800,0.0,0.0
2022-11-08 00:00:00-05:00,19.238128862422155,19.678104219317586,19.005202087388042,19.367534637451172,8400,0.0,0.0
2022-11-09 00:00:00-05:00,19.410670747200164,19.557329214219752,19.039710998535156,19.039710998535156,5700,0.0,0.0
2022-11-10 00:00:00-05:00,19.25538488851458,19.25538488851458,18.858545303344727,18.858545303344727,5300,0.0,0.0
2022-11-11 00:00:00-05:00,18.82403921062636,19.022459030151367,18.44445225271445,19.022459030151367,1800,0.0,0.0
2022-11-14 00:00:00-05:00,18.806781768798828,18.806781768798828,18.806781768798828,18.806781768798828,1700,0.0,0.0
2022-11-15 00:00:00-05:00,18.849920633504784,18.96207046508789,18.849920633504784,18.96207046508789,5400,0.0,0.0
2022-11-16 00:00:00-05:00,18.962069116347248,19.013832092285156,18.962069116347248,19.013832092285156,5200,0.0,0.0
2022-11-17 00:00:00-05:00,19.188270568847656,19.188270568847656,19.188270568847656,19.188270568847656,1300,0.24,0.0
2022-11-18 00:00:00-05:00,19.08360788777292,19.62436901025213,18.8568388653812,19.03127670288086,4400,0.0,0.0
2022-11-21 00:00:00-05:00,19.07488360397573,19.615642954980206,18.94405317248229,19.5109806060791,4400,0.0,0.0
2022-11-22 00:00:00-05:00,19.47609228887629,19.47609228887629,19.162101911123745,19.17082405090332,4300,0.0,0.0
2022-11-23 00:00:00-05:00,19.502261317309948,19.52842607657105,19.20571517944336,19.20571517944336,1200,0.0,0.0
2022-11-25 00:00:00-05:00,19.26676568601312,19.5109806060791,19.18826809254827,19.5109806060791,3600,0.0,0.0
2022-11-28 00:00:00-05:00,19.476092368091308,19.624365417791076,18.935331344604492,18.935331344604492,5600,0.0,0.0
2022-11-29 00:00:00-05:00,18.81322683246584,19.188270568847656,18.81322683246584,19.188270568847656,1000,0.0,0.0
2022-11-30 00:00:00-05:00,19.18826566516155,19.624362612097038,19.18826566516155,19.606918334960938,10800,0.0,0.0
2022-12-01 00:00:00-05:00,19.449928665615108,19.86858311732934,19.449928665615108,19.71158790588379,6600,0.0,0.0
2022-12-02 00:00:00-05:00,19.78136337057311,19.78136337057311,19.71158790588379,19.71158790588379,1700,0.0,0.0
2022-12-05 00:00:00-05:00,19.71158665622239,20.060463957551118,19.62436691499566,19.886024475097656,3900,0.0,0.0
2022-12-06 00:00:00-05:00,19.82497215270996,19.82497215270996,19.82497215270996,19.82497215270996,600,0.0,0.0
2022-12-07 00:00:00-05:00,19.763918342740848,19.763918342740848,19.659255981445312,19.659255981445312,900,0.0,0.0
2022-12-08 00:00:00-05:00,19.62436518407862,19.641809463500977,19.62436518407862,19.641809463500977,800,0.0,0.0
2022-12-09 00:00:00-05:00,19.537146855488622,19.615644454956055,19.205713840520268,19.615644454956055,2600,0.0,0.0
2022-12-12 00:00:00-05:00,19.36271073712013,19.40631977905747,18.883002957917785,19.109773635864258,1400,0.0,0.0
2022-12-13 00:00:00-05:00,19.284211384147397,19.973243833104114,18.752172470092773,18.752172470092773,13600,0.0,0.0
2022-12-14 00:00:00-05:00,18.647505794049206,18.647505794049206,18.58645248413086,18.58645248413086,1100,0.0,0.0
2022-12-15 00:00:00-05:00,18.20269306505251,19.03999866997308,18.20269306505251,18.52540397644043,2300,0.0,0.0
2022-12-16 00:00:00-05:00,18.272466081151304,18.368406295776367,18.272466081151304,18.368406295776367,1900,0.0,0.0
2022-12-19 00:00:00-05:00,18.630065342332294,18.630065342332294,18.34224137388966,18.359683990478516,7600,0.0,0.0
2022-12-20 00:00:00-05:00,18.73472685482406,18.73472685482406,18.359683165967418,18.542844772338867,2700,0.0,0.0
2022-12-21 00:00:00-05:00,18.534121058732623,18.74344740282543,18.534121058732623,18.560287475585938,3300,0.0,0.0
2022-12-22 00:00:00-05:00,18.53412437438965,18.682397435927896,18.53412437438965,18.53412437438965,3800,0.0,0.0
2022-12-23 00:00:00-05:00,18.53412437438965,18.53412437438965,18.53412437438965,18.53412437438965,400,0.0,0.0
2022-12-27 00:00:00-05:00,18.53412437438965,18.53412437438965,18.53412437438965,18.53412437438965,300,0.0,0.0
2022-12-28 00:00:00-05:00,18.534123464992042,18.534123464992042,18.359683990478516,18.359683990478516,2200,0.0,0.0
2022-12-29 00:00:00-05:00,18.534121714583062,18.534121714583062,18.48179054260254,18.48179054260254,1300,0.0,0.0
2022-12-30 00:00:00-05:00,18.333520693697157,18.73472918801697,18.333520693697157,18.691120147705078,3500,0.0,0.0
2023-01-03 00:00:00-05:00,18.71728760741125,18.874282836914062,18.71728760741125,18.874282836914062,700,0.0,0.0
2023-01-04 00:00:00-05:00,18.682398099098318,19.13593944032389,18.569013595581055,18.569013595581055,10800,0.0,0.0
2023-01-05 00:00:00-05:00,18.368405318164488,18.96149750898546,18.34224056264936,18.795780181884766,1800,0.0,0.0
2023-01-06 00:00:00-05:00,18.978942946979775,19.231878359342463,18.978942946979775,19.22315788269043,2200,0.0,0.0
2023-01-09 00:00:00-05:00,19.240601658505533,19.80752749899024,19.231879517749984,19.31037712097168,1200,0.0,0.0
2023-01-10 00:00:00-05:00,19.327821462949384,19.563314273351196,19.231879577916438,19.55459213256836,2100,0.0,0.0
2023-01-11 00:00:00-05:00,19.3365396344114,19.62436356684873,19.23187563008059,19.292930603027344,3000,0.0,0.0
2023-01-12 00:00:00-05:00,19.301652908325195,19.301652908325195,19.301652908325195,19.301652908325195,300,0.0,0.0
2023-01-13 00:00:00-05:00,19.301652908325195,19.301652908325195,19.301652908325195,19.301652908325195,0,0.0,0.0
2023-01-17 00:00:00-05:00,19.240600003244705,19.240600003244705,19.196990966796875,19.196990966796875,1900,0.0,0.0
2023-01-18 00:00:00-05:00,19.196990966796875,19.816247934962206,19.196990966796875,19.196990966796875,1500,0.0,0.0
2023-01-19 00:00:00-05:00,19.38014793395996,19.38014793395996,19.38014793395996,19.38014793395996,800,0.0,0.0
2023-01-20 00:00:00-05:00,18.769619114842182,19.275491671674434,18.769619114842182,19.03127670288086,2100,0.0,0.0
2023-01-23 00:00:00-05:00,18.804502652629193,18.81322479248047,18.804502652629193,18.81322479248047,300,0.0,0.0
2023-01-24 00:00:00-05:00,18.83938980102539,18.83938980102539,18.83938980102539,18.83938980102539,1200,0.0,0.0
2023-01-25 00:00:00-05:00,18.839390226484078,18.98766326904297,18.839390226484078,18.98766326904297,900,0.0,0.0
2023-01-26 00:00:00-05:00,18.83938980102539,18.83938980102539,18.83938980102539,18.83938980102539,500,0.0,0.0
2023-01-27 00:00:00-05:00,18.856834505274065,18.98766326904297,18.682395044530196,18.98766326904297,2400,0.0,0.0
2023-01-30 00:00:00-05:00,18.91788970824411,19.353986740112305,18.90916756797737,19.353986740112305,5000,0.0,0.0
2023-01-31 00:00:00-05:00,18.935334563952146,19.31910046317125,18.935334563952146,19.005111694335938,3200,0.0,0.0
2023-02-01 00:00:00-05:00,18.90916871765512,19.345265776038023,18.90916871765512,19.188270568847656,1900,0.0,0.0
2023-02-02 00:00:00-05:00,19.188270568847656,19.188270568847656,19.188270568847656,19.188270568847656,0,0.0,0.0
2023-02-03 00:00:00-05:00,19.170826891288513,19.18827117343225,18.978944778442383,18.978944778442383,1700,0.0,0.0
2023-02-06 00:00:00-05:00,19.153377532958984,19.188266088,19.153377532958984,19.153377532958984,1800,0.0,0.0
2023-02-07 00:00:00-05:00,19.10104966311124,19.353986740112305,19.10104966311124,19.353986740112305,700,0.0,0.0
2023-02-08 00:00:00-05:00,19.013829269575815,19.101049005663025,18.368405884255406,19.066162109375,2100,0.0,0.0
2023-02-09 00:00:00-05:00,19.144660364444952,19.353986740112305,19.144660364444952,19.353986740112305,16200,0.0,0.0
2023-02-10 00:00:00-05:00,19.353986740112305,19.353986740112305,19.353986740112305,19.353986740112305,0,0.0,0.0
2023-02-13 00:00:00-05:00,19.319099353646877,19.319099353646877,19.188270568847656,19.188270568847656,1000,0.0,0.0
2023-02-14 00:00:00-05:00,19.664667030890797,19.664667030890797,19.21473503112793,19.21473503112793,2400,0.25,0.0
2023-02-15 00:00:00-05:00,19.21473503112793,19.21473503112793,19.21473503112793,19.21473503112793,0,0.0,0.0
2023-02-16 00:00:00-05:00,19.37353633780997,19.435293106477577,19.37353633780997,19.417648315429688,4200,0.0,0.0
2023-02-17 00:00:00-05:00,19.40882110595703,19.40882110595703,19.40882110595703,19.40882110595703,900,0.0,0.0
2023-02-21 00:00:00-05:00,19.664667150309135,19.752887725830078,19.664667150309135,19.752887725830078,700,0.0,0.0
2023-02-22 00:00:00-05:00,19.849933217710596,20.529242447231283,19.849933217710596,20.12342071533203,6500,0.0,0.0
2023-02-23 00:00:00-05:00,20.12342071533203,20.12342071533203,20.12342071533203,20.12342071533203,0,0.0,0.0
2023-02-24 00:00:00-05:00,20.388086327447912,21.190905667863337,20.379263933490652,20.82037353515625,4600,0.0,0.0
2023-02-27 00:00:00-05:00,20.811554636204498,21.56144142150879,20.1057798280945,21.56144142150879,4900,0.0,0.0
2023-02-28 00:00:00-05:00,21.667307761448335,21.667307761448335,21.22619806615916,21.605552673339844,3500,0.0,0.0
2023-03-01 00:00:00-05:00,21.446748734487212,21.896680737928154,21.287949005896337,21.87903594970703,1300,0.0,0.0
2023-03-02 00:00:00-05:00,21.623192336557665,21.623192336557665,21.455570220947266,21.455570220947266,2800,0.0,0.0
2023-03-03 00:00:00-05:00,21.455570220947266,21.455570220947266,21.455570220947266,21.455570220947266,600,0.0,0.0
2023-03-06 00:00:00-05:00,21.720237637736417,21.967257939007602,21.702592849731445,21.702592849731445,2700,0.0,0.0
2023-03-07 00:00:00-05:00,22.03783831851023,22.03783831851023,21.261486053466797,21.261486053466797,2300,0.0,0.0
2023-03-08 00:00:00-05:00,21.26148004627055,21.605544947092856,21.26148004627055,21.587900161743164,2900,0.0,0.0
2023-03-09 00:00:00-05:00,21.182086944580078,21.182086944580078,21.182086944580078,21.182086944580078,1000,0.0,0.0
2023-03-10 00:00:00-05:00,21.164438247680664,21.164438247680664,21.164438247680664,21.164438247680664,500,0.0,0.0
2023-03-13 00:00:00-04:00,20.467488024947148,20.467488024947148,19.541156768798828,19.541156768798828,2800,0.0,0.0
2023-03-14 00:00:00-04:00,20.29104095664631,21.164437735030184,19.858753764276482,20.088130950927734,10000,0.0,0.0
2023-03-15 00:00:00-04:00,19.858755557591245,20.07048797607422,19.797000479204502,20.07048797607422,3500,0.0,0.0
2023-03-16 00:00:00-04:00,20.29104326036241,20.29104326036241,19.849933624267578,19.849933624267578,1500,0.0,0.0
2023-03-17 00:00:00-04:00,20.07048429056861,20.55570411682129,20.07048429056861,20.55570411682129,2900,0.0,0.0
2023-03-20 00:00:00-04:00,20.55570411682129,20.55570411682129,20.55570411682129,20.55570411682129,300,0.0,0.0
2023-03-21 00:00:00-04:00,20.16753304562518,20.29104320493041,19.717601016113626,19.797000885009766,14200,0.0,0.0
2023-03-22 00:00:00-04:00,19.72642396968065,19.72642396968065,19.18826966140267,19.197092056274414,14800,0.0,0.0
2023-03-23 00:00:00-04:00,19.40882429779579,19.435291482155606,19.073581709403573,19.161802291870117,8100,0.0,0.0
2023-03-24 00:00:00-04:00,19.161802291870117,19.161802291870117,19.161802291870117,19.161802291870117,0,0.0,0.0
2023-03-27 00:00:00-04:00,19.27648995379571,19.27648995379571,19.020645576809095,19.14415740966797,1800,0.0,0.0
2023-03-28 00:00:00-04:00,19.29413647721534,19.29413647721534,19.0206472876918,19.108869552612305,6700,0.0,0.0
2023-03-29 00:00:00-04:00,19.232376882311865,19.232376882311865,19.11768913269043,19.11768913269043,900,0.0,0.0
2023-03-30 00:00:00-04:00,19.34706603530636,20.14106292582834,19.320598855299153,19.40882110595703,4700,0.0,0.0
2023-03-31 00:00:00-04:00,19.814643327246404,19.814643327246404,19.144158185468406,19.152978897094727,5100,0.0,0.0
2023-04-03 00:00:00-04:00,19.152978897094727,19.585267805569526,19.152978897094727,19.152978897094727,3200,0.0,0.0
2023-04-04 00:00:00-04:00,19.699958148832685,19.735247730762644,19.34707074303248,19.40000343322754,1900,0.0,0.0
2023-04-05 00:00:00-04:00,20.93506367566428,20.93506367566428,19.232380150070806,19.320602416992188,10000,0.0,0.0
2023-04-06 00:00:00-04:00,19.67348817092007,19.67348817092007,18.897135988315988,19.029468536376953,5000,0.0,0.0
2023-04-10 00:00:00-04:00,19.188269127246947,19.188269127246947,18.526604674583258,18.967714309692383,5400,0.0,0.0
2023-04-11 00:00:00-04:00,19.400001023035273,19.400001023035273,19.13533592224121,19.13533592224121,1700,0.0,0.0
2023-04-12 00:00:00-04:00,19.188269248319685,19.470579147338867,19.188269248319685,19.470579147338867,2500,0.0,0.0
2023-04-13 00:00:00-04:00,19.214734608197013,19.770531958788442,19.214734608197013,19.523509979248047,2600,0.0,0.0
2023-04-14 00:00:00-04:00,19.673490419442338,20.07048979169873,19.4088252930713,20.052845001220703,3900,0.0,0.0
2023-04-17 00:00:00-04:00,19.752887725830078,19.752887725830078,19.752887725830078,19.752887725830078,500,0.0,0.0
2023-04-18 00:00:00-04:00,19.2412020854682,19.267669269722397,18.526604937602322,18.62364959716797,6600,0.0,0.0
2023-04-19 00:00:00-04:00,18.70304990259595,18.85302725146138,18.632472425641616,18.83538246154785,3600,0.0,0.0
2023-04-20 00:00:00-04:00,18.676584080729242,19.09122657775879,18.676584080729242,19.09122657775879,3600,0.0,0.0
2023-04-21 00:00:00-04:00,19.038290930607637,19.038290930607637,18.932423882539076,19.029468536376953,2100,0.0,0.0
2023-04-24 00:00:00-04:00,18.826559361073443,19.15297954874235,18.800092177194994,18.967714309692383,5700,0.0,0.0
2023-04-25 00:00:00-04:00,18.800092881720794,18.83538246154785,18.800092881720794,18.83538246154785,2000,0.0,0.0
2023-04-26 00:00:00-04:00,18.83538081853004,19.02946844254917,18.83538081853004,19.011823654174805,800,0.0,0.0
2023-04-27 00:00:00-04:00,18.83538491697828,18.83538491697828,18.62365245851328,18.667762756347656,1100,0.0,0.0
2023-04-28 00:00:00-04:00,18.703048838669623,19.205913543701172,18.703048838669623,19.205913543701172,5400,0.0,0.0
2023-05-01 00:00:00-04:00,19.14415771114694,19.14415771114694,18.844203042293973,18.853025436401367,3600,0.0,0.0
2023-05-02 00:00:00-04:00,18.853025647347884,18.853025647347884,18.544248580932617,18.544248580932617,1100,0.0,0.0
2023-05-03 00:00:00-04:00,18.614825461090703,18.614825461090703,18.35015869140625,18.35015869140625,1700,0.0,0.0
2023-05-04 00:00:00-04:00,17.90022831153122,17.988448885055316,17.864938735961914,17.864938735961914,2200,0.0,0.0
2023-05-05 00:00:00-04:00,17.732609052924193,17.732609052924193,16.75334504803305,16.93861198425293,4800,0.0,0.0
2023-05-08 00:00:00-04:00,16.762165066338326,17.714961750169575,15.17417115418612,16.329877853393555,32500,0.0,0.0
2023-05-09 00:00:00-04:00,16.32988348745329,16.32988348745329,16.197550896233775,16.312238693237305,3300,0.0,0.0
2023-05-10 00:00:00-04:00,16.312233303307668,17.35325226027208,16.2416558324643,17.28267478942871,23600,0.0,0.0
2023-05-11 00:00:00-04:00,16.7621639440903,17.11505126953125,16.7621639440903,17.11505126953125,2000,0.0,0.0
2023-05-12 00:00:00-04:00,16.980993368817227,17.910480139876896,16.980993368817227,17.33848762512207,1300,0.25,0.0
2023-05-15 00:00:00-04:00,17.847914484118668,17.847914484118668,17.73172950744629,17.73172950744629,700,0.0,0.0
2023-05-16 00:00:00-04:00,17.445737236381948,17.883667925539022,16.757559708563498,17.14186668395996,16600,0.0,0.0
2023-05-17 00:00:00-04:00,16.757558822631836,16.757558822631836,16.757558822631836,16.757558822631836,600,0.0,0.0
2023-05-18 00:00:00-04:00,17.24911319956222,17.24911319956222,16.721808545570042,16.757558822631836,3200,0.0,0.0
2023-05-19 00:00:00-04:00,16.89161972015295,16.89161972015295,16.641374588012695,16.641374588012695,2700,0.0,0.0
2023-05-22 00:00:00-04:00,16.712871551513672,16.712871551513672,16.712871551513672,16.712871551513672,300,0.0,0.0
2023-05-23 00:00:00-04:00,16.80224609375,16.80224609375,16.80224609375,16.80224609375,1500,0.0,0.0
2023-05-24 00:00:00-04:00,16.811179349747672,17.034613425067374,16.811179349747672,16.989927291870117,9600,0.0,0.0
2023-05-25 00:00:00-04:00,16.820119857788086,16.820119857788086,16.820119857788086,16.820119857788086,700,0.0,0.0
2023-05-26 00:00:00-04:00,17.025679661218124,17.22230278241392,16.918432235717773,16.918432235717773,1100,0.0,0.0
2023-05-30 00:00:00-04:00,17.043555933643248,17.08824378446242,16.936308501011638,16.963119506835938,1900,0.0,0.0
2023-05-31 00:00:00-04:00,17.15080591817425,17.320614645673874,16.980995486007334,17.275928497314453,1900,0.0,0.0
2023-06-01 00:00:00-04:00,17.33848400949406,20.082254198387187,17.204423904418945,17.204423904418945,21000,0.0,0.0
2023-06-02 00:00:00-04:00,17.052489055429753,18.19647216796875,17.052489055429753,18.19647216796875,2900,0.0,0.0
2023-06-05 00:00:00-04:00,18.151787239368034,18.151787239368034,16.694997542440735,16.757558822631836,18000,0.0,0.0
2023-06-06 00:00:00-04:00,16.998865127563477,17.83004017360944,16.954177288994654,16.998865127563477,7800,0.0,0.0
2023-06-07 00:00:00-04:00,17.07930607699527,17.99985363579617,17.07930607699527,17.874731063842773,8900,0.0,0.0
2023-06-08 00:00:00-04:00,17.91941507688455,18.652280395197646,17.436798282028306,18.0087890625,16100,0.0,0.0
2023-06-09 00:00:00-04:00,18.098164082152053,18.89358901977539,17.96410394840286,18.89358901977539,4100,0.0,0.0
2023-06-12 00:00:00-04:00,18.303722224089594,18.51821876913748,17.767480009136378,17.80323028564453,6900,0.0,0.0
2023-06-13 00:00:00-04:00,17.874729422915998,18.93827630088627,17.874729422915998,17.8836669921875,5300,0.0,0.0
2023-06-14 00:00:00-04:00,17.981980521650218,20.073322525202105,17.981980521650218,18.16966438293457,28400,0.0,0.0
2023-06-15 00:00:00-04:00,18.259034401175473,18.63440374659857,17.49042057372179,17.812166213989258,26500,0.0,0.0
2023-06-16 00:00:00-04:00,18.259032214411803,18.509277278279104,17.347420812609556,17.38317108154297,37400,0.0,0.0
2023-06-20 00:00:00-04:00,17.874728251347594,18.536092992087422,17.302737492797885,17.561920166015625,57100,0.0,0.0
2023-06-21 00:00:00-04:00,17.561920919964724,18.16966197934812,17.31167580468944,17.445735931396484,20500,0.0,0.0
2023-06-22 00:00:00-04:00,17.508298873901367,17.508298873901367,17.508298873901367,17.508298873901367,1600,0.0,0.0
2023-06-23 00:00:00-04:00,18.16966083542395,18.178598403930664,18.035600717157052,18.178598403930664,4100,0.0,0.0
2023-06-26 00:00:00-04:00,18.026663752537893,18.446719258423734,18.026663752537893,18.41097068786621,4200,0.0,0.0
2023-06-27 00:00:00-04:00,18.384160131128212,18.536095409264277,17.919416726868818,18.071352005004883,6900,0.0,0.0
2023-06-28 00:00:00-04:00,17.973041534423828,18.25903694126226,17.883667543620046,17.973041534423828,1900,0.0,0.0
2023-06-29 00:00:00-04:00,17.973041534423828,17.973041534423828,17.973041534423828,17.973041534423828,400,0.0,0.0
2023-06-30 00:00:00-04:00,18.27691111720114,18.50034523010254,18.27691111720114,18.50034523010254,800,0.0,0.0
2023-07-03 00:00:00-04:00,18.151786331108756,18.48246955871582,18.151786331108756,18.48246955871582,2400,0.0,0.0
2023-07-05 00:00:00-04:00,18.500342655601504,18.500342655601504,18.19647216796875,18.19647216796875,5700,0.0,0.0
2023-07-06 00:00:00-04:00,18.19647629501106,18.473534141984732,18.053478586594508,18.142850875854492,4100,0.0,0.0
2023-07-07 00:00:00-04:00,18.01772745075062,18.259036711483983,18.01772745075062,18.107101440429688,1900,0.0,0.0
2023-07-10 00:00:00-04:00,18.107100929465172,18.446720035061436,17.838978967994105,18.160724639892578,14600,0.0,0.0
2023-07-11 00:00:00-04:00,18.187537434429718,18.446720123291016,18.187537434429718,18.446720123291016,1700,0.0,0.0
2023-07-12 00:00:00-04:00,18.491406297121713,18.625466414041032,18.384157180786133,18.384157180786133,1700,0.0,0.0
2023-07-13 00:00:00-04:00,18.41097047268108,18.616529438818393,18.41097047268108,18.54503059387207,1000,0.0,0.0
2023-07-14 00:00:00-04:00,18.741653442382812,18.741653442382812,18.741653442382812,18.741653442382812,1100,0.0,0.0
2023-07-17 00:00:00-04:00,18.965085821677487,18.965085821677487,18.375219933199944,18.53609275817871,8400,0.0,0.0
2023-07-18 00:00:00-04:00,18.61652935504003,19.036584854125977,18.61652935504003,19.036584854125977,2000,0.0,0.0
2023-07-19 00:00:00-04:00,18.83996403316706,19.197458267211914,18.83996403316706,19.197458267211914,5400,0.0,0.0
2023-07-20 00:00:00-04:00,19.12596377923334,19.501333236694336,19.12596377923334,19.501333236694336,1700,0.0,0.0
2023-07-21 00:00:00-04:00,19.286832008833745,19.286832008833745,19.233208300569537,19.260019302368164,7500,0.0,0.0
2023-07-24 00:00:00-04:00,19.268956405737555,19.590702056884766,19.268956405737555,19.590702056884766,3800,0.0,0.0
2023-07-25 00:00:00-04:00,19.438768509132878,20.198444860768035,19.438768509132878,19.867761611938477,12200,0.0,0.0
2023-07-26 00:00:00-04:00,19.563893763656313,20.109073638916016,19.563893763656313,20.109073638916016,4900,0.0,0.0
2023-07-27 00:00:00-04:00,19.983948899682268,20.100133895874023,19.769452341943335,20.100133895874023,800,0.0,0.0
2023-07-28 00:00:00-04:00,19.9303270240627,20.654254952849378,19.9303270240627,20.377195358276367,5200,0.0,0.0
2023-07-31 00:00:00-04:00,20.082259107238905,20.690000217111812,20.082259107238905,20.46656608581543,8500,0.0,0.0
2023-08-01 00:00:00-04:00,20.29675452799008,20.609562635157772,20.135883394418478,20.350379943847656,10500,0.0,0.0
2023-08-02 00:00:00-04:00,20.109071483743172,20.171632766723633,20.109071483743172,20.171632766723633,2600,0.0,0.0
2023-08-03 00:00:00-04:00,20.180570031517412,20.180570031517412,19.179584404950674,20.019697189331055,2600,0.0,0.0
2023-08-04 00:00:00-04:00,20.019700173265772,20.198448181152344,19.42983413377436,20.198448181152344,10000,0.0,0.0
2023-08-07 00:00:00-04:00,20.073323639934273,20.421882080438778,20.073323639934273,20.261009216308594,7000,0.0,0.0
2023-08-08 00:00:00-04:00,20.15375898015563,20.412943403805503,20.15375898015563,20.35931968688965,3400,0.0,0.0
2023-08-09 00:00:00-04:00,20.278883245782097,20.6363775327636,20.261008105266217,20.28782081604004,6700,0.0,0.0
2023-08-10 00:00:00-04:00,20.332506962662517,20.41294339031676,20.019698822303496,20.28782081604004,3900,0.0,0.0
2023-08-11 00:00:00-04:00,20.332506962662517,20.332506962662517,20.28782081604004,20.28782081604004,700,0.0,0.0
2023-08-14 00:00:00-04:00,20.4866311007225,20.513742393091555,20.08900743089352,20.170339584350586,8500,0.25,0.0
2023-08-15 00:00:00-04:00,20.206488262883465,20.66736989784182,20.179376970127045,20.486631393432617,5100,0.0,0.0
2023-08-16 00:00:00-04:00,20.206487916369255,20.206487916369255,19.42931477384733,19.673311233520508,7400,0.0,0.0
2023-08-17 00:00:00-04:00,19.709457397460938,19.709457397460938,19.709457397460938,19.709457397460938,1700,0.0,0.0
2023-08-18 00:00:00-04:00,19.709457397460938,19.709457397460938,19.709457397460938,19.709457397460938,1600,0.0,0.0
2023-08-21 00:00:00-04:00,19.745606100542947,19.745606100542947,19.34798243565284,19.519683837890625,5100,0.0,0.0
2023-08-22 00:00:00-04:00,19.555829251310993,19.573903444841772,19.46546173095703,19.46546173095703,2600,0.0,0.0
2023-08-23 00:00:00-04:00,19.58294027750285,19.646198230357484,19.474496841430664,19.474496841430664,2600,0.0,0.0
2023-08-24 00:00:00-04:00,19.510644024646155,19.591976165771484,19.375091030653884,19.591976165771484,1700,0.0,0.0
2023-08-25 00:00:00-04:00,19.447385787963867,19.45642288391629,19.447385787963867,19.447385787963867,1400,0.0,0.0
2023-08-28 00:00:00-04:00,19.447385787963867,19.73656596384217,19.275684412167447,19.447385787963867,6100,0.0,0.0
2023-08-29 00:00:00-04:00,19.447388004607557,19.76367950439453,19.447388004607557,19.76367950439453,1400,0.0,0.0
2023-08-30 00:00:00-04:00,19.53775502383829,19.53775502383829,19.447385787963867,19.447385787963867,2200,0.0,0.0
2023-08-31 00:00:00-04:00,19.591978813213938,19.790789783024387,19.52872085571289,19.52872085571289,5300,0.0,0.0
2023-09-01 00:00:00-04:00,19.826937503413863,19.826937503413863,19.58294105529785,19.58294105529785,1300,0.0,0.0
2023-09-05 00:00:00-04:00,19.528720196933186,19.58294105529785,19.528720196933186,19.58294105529785,3400,0.0,0.0
2023-09-06 00:00:00-04:00,19.582943470463377,19.628127237398115,18.164151815449895,18.353925704956055,16000,0.0,0.0
2023-09-07 00:00:00-04:00,18.353922649391308,19.19435367420397,18.353922649391308,18.796730041503906,10700,0.0,0.0
2023-09-08 00:00:00-04:00,19.338942593593444,19.42027473449707,19.0768737024094,19.42027473449707,4000,0.0,0.0
2023-09-11 00:00:00-04:00,19.275686264038086,19.275686264038086,19.275686264038086,19.275686264038086,800,0.0,0.0
2023-09-12 00:00:00-04:00,19.302796740719224,19.83597336510931,19.302796740719224,19.347980499267578,4900,0.0,0.0
2023-09-13 00:00:00-04:00,19.36605469214688,19.429312643574534,19.347980499267578,19.347980499267578,1500,0.0,0.0
2023-09-14 00:00:00-04:00,19.65523516804299,19.65523516804299,19.447387117873,19.492570877075195,5000,0.0,0.0
2023-09-15 00:00:00-04:00,19.49257254585832,19.519683837890625,19.49257254585832,19.519683837890625,4100,0.0,0.0
2023-09-18 00:00:00-04:00,19.519681517862413,19.519681517862413,19.113020803962204,19.212427139282227,9700,0.0,0.0
2023-09-19 00:00:00-04:00,19.24857521057129,19.51968294757863,19.24857521057129,19.24857521057129,900,0.0,0.0
2023-09-20 00:00:00-04:00,19.709458356571858,19.709458356571858,19.266650914111157,19.29376220703125,1200,0.0,0.0
2023-09-21 00:00:00-04:00,19.826938902242123,19.826938902242123,19.29376220703125,19.29376220703125,700,0.0,0.0
2023-09-22 00:00:00-04:00,19.31183542409717,19.384130477905273,19.3027983269149,19.384130477905273,1400,0.0,0.0
2023-09-25 00:00:00-04:00,19.266648889284735,19.266648889284735,18.97746868979565,19.13109588623047,4900,0.0,0.0
2023-09-26 00:00:00-04:00,19.158209189731057,19.29376220703125,19.158209189731057,19.29376220703125,600,0.0,0.0
2023-09-27 00:00:00-04:00,19.519679895767748,19.519679895767748,19.158204693256252,19.17627716064453,3100,0.0,0.0
2023-09-28 00:00:00-04:00,19.302799224853516,19.302799224853516,19.302799224853516,19.302799224853516,600,0.0,0.0
2023-09-29 00:00:00-04:00,19.338943481445312,19.338943481445312,19.338943481445312,19.338943481445312,400,0.0,0.0
2023-10-02 00:00:00-04:00,19.357019186358468,19.384130477905273,19.08591316549058,19.384130477905273,6800,0.0,0.0
2023-10-03 00:00:00-04:00,19.212427874535923,19.212427874535923,19.149169921875,19.149169921875,700,0.0,0.0
2023-10-04 00:00:00-04:00,19.194355041690496,19.691385048888566,19.194355041690496,19.366056442260742,5900,0.0,0.0
2023-10-05 00:00:00-04:00,19.411237326205466,19.465459901702268,19.15820553515294,19.456422805786133,13500,0.0,0.0
2023-10-06 00:00:00-04:00,19.338943481445312,19.474496481291325,19.185316288646522,19.338943481445312,24400,0.0,0.0
2023-10-09 00:00:00-04:00,19.375091867350868,19.872120108002886,19.338943481445312,19.338943481445312,4100,0.0,0.0
2023-10-10 00:00:00-04:00,19.402202641034567,19.610052425631597,18.543699106129505,19.573904037475586,7900,0.0,0.0
2023-10-11 00:00:00-04:00,19.646199753407902,19.646199753407902,19.46546297747609,19.519683837890625,4300,0.0,0.0
2023-10-12 00:00:00-04:00,19.519683135036136,19.754642486572266,19.519683135036136,19.754642486572266,1300,0.0,0.0
2023-10-13 00:00:00-04:00,19.619086781761286,19.619086781761286,19.429312924732148,19.492570877075195,2400,0.0,0.0
2023-10-16 00:00:00-04:00,19.51968216678647,19.51968216678647,19.23953906770301,19.492570877075195,11900,0.0,0.0
2023-10-17 00:00:00-04:00,19.53775452623786,19.88115554543493,19.293758112686124,19.483531951904297,20800,0.0,0.0
2023-10-18 00:00:00-04:00,19.57390228694402,19.881156664191696,19.46546057947417,19.555828094482422,3700,0.0,0.0
2023-10-19 00:00:00-04:00,19.022650896449026,19.447385787963867,19.022650896449026,19.447385787963867,1200,0.0,0.0
2023-10-20 00:00:00-04:00,19.447386179524436,19.519681224949625,19.284721896405298,19.40220069885254,2000,0.0,0.0
2023-10-23 00:00:00-04:00,19.284725853907354,19.4293159744297,19.013619808840506,19.230504989624023,10100,0.0,0.0
2023-10-24 00:00:00-04:00,19.25761245572483,19.2937608437307,18.724435798188313,19.076875686645508,4900,0.0,0.0
2023-10-25 00:00:00-04:00,19.076873909178694,19.302796142215296,19.067836813019248,19.239538192749023,7400,0.0,0.0
2023-10-26 00:00:00-04:00,19.257612228393555,19.257612228393555,19.203391370674822,19.257612228393555,7700,0.0,0.0
2023-10-27 00:00:00-04:00,19.221465564464395,19.257612228393555,19.12205922227173,19.257612228393555,2200,0.0,0.0
2023-10-30 00:00:00-04:00,19.266649472797297,19.338944524859105,19.085912704467773,19.085912704467773,1600,0.0,0.0
2023-10-31 00:00:00-04:00,19.085912704467773,19.085912704467773,19.085912704467773,19.085912704467773,1000,0.0,0.0
2023-11-01 00:00:00-04:00,18.977468806294542,18.977468806294542,18.941320419311523,18.941320419311523,1300,0.0,0.0
2023-11-02 00:00:00-04:00,18.79673047444385,19.275686264038086,18.79673047444385,19.275686264038086,3200,0.0,0.0
2023-11-03 00:00:00-04:00,19.212427060871384,19.266647914620165,19.212427060871384,19.221464157104492,3800,0.0,0.0
2023-11-06 00:00:00-05:00,19.257610818387057,19.266647914620165,19.221464157104492,19.221464157104492,3300,0.0,0.0
2023-11-07 00:00:00-05:00,18.968427350693826,19.004575729370117,18.968427350693826,19.004575729370117,2800,0.0,0.0
2023-11-08 00:00:00-05:00,19.05880126765821,19.257612228393555,19.05880126765821,19.257612228393555,2300,0.0,0.0
2023-11-09 00:00:00-05:00,19.085912704467773,19.085912704467773,19.085912704467773,19.085912704467773,500,0.0,0.0
2023-11-10 00:00:00-05:00,19.113021456803917,19.158206939697266,19.113021456803917,19.158206939697266,2100,0.0,0.0
2023-11-13 00:00:00-05:00,19.248575131498768,19.26664932528834,18.995543313044692,19.257612228393555,6300,0.0,0.0
2023-11-14 00:00:00-05:00,19.3764868554562,20.108019385451392,19.34905373153971,19.513648986816406,44200,0.25,0.0
2023-11-15 00:00:00-05:00,19.705677025556525,20.071445060719327,19.705677025556525,19.76968765258789,9500,0.0,0.0
2023-11-16 00:00:00-05:00,19.705673449687477,19.88855743408203,19.705673449687477,19.88855743408203,3600,0.0,0.0
2023-11-17 00:00:00-05:00,19.568515991119064,19.934282302856445,19.568515991119064,19.934282302856445,2700,0.0,0.0
2023-11-20 00:00:00-05:00,19.88855689004705,19.897701263427734,19.861123769904996,19.897701263427734,4800,0.0,0.0
2023-11-21 00:00:00-05:00,19.81540434760953,19.93427771753896,19.81540434760953,19.824548721313477,1200,0.0,0.0
2023-11-22 00:00:00-05:00,19.85198402404785,19.85198402404785,19.85198402404785,19.85198402404785,2800,0.0,0.0
2023-11-24 00:00:00-05:00,19.85198402404785,19.85198402404785,19.85198402404785,19.85198402404785,0,0.0,0.0
2023-11-27 00:00:00-05:00,19.897701024313303,19.897701024313303,19.71481704711914,19.71481704711914,3000,0.0,0.0
2023-11-28 00:00:00-05:00,19.870272766623227,19.91599464416504,19.71482187120366,19.91599464416504,2100,0.0,0.0
2023-11-29 00:00:00-05:00,19.888559177284122,20.05315442884356,19.888559177284122,19.95256805419922,17200,0.0,0.0
2023-11-30 00:00:00-05:00,20.108018488581315,20.108018488581315,19.614234488886396,19.65081024169922,3300,0.0,0.0
2023-12-01 00:00:00-05:00,19.71482007514739,20.37320109887939,19.71482007514739,20.345767974853516,9900,0.0,0.0
2023-12-04 00:00:00-05:00,20.857842557634285,21.48879051208496,20.857842557634285,21.48879051208496,11100,0.0,0.0
2023-12-05 00:00:00-05:00,21.305904388427734,21.305904388427734,21.305904388427734,21.305904388427734,800,0.0,0.0
2023-12-06 00:00:00-05:00,21.433923450675337,21.443067825054985,21.068157196044922,21.068157196044922,700,0.0,0.0
2023-12-07 00:00:00-05:00,21.433922843359017,21.433922843359017,21.14130984794568,21.16874122619629,2000,0.0,0.0
2023-12-08 00:00:00-05:00,19.394773310902497,21.260183825684237,19.394773310902497,21.068157196044922,7000,0.0,0.0
2023-12-11 00:00:00-05:00,20.949281005772498,21.42477798461914,20.949281005772498,21.42477798461914,800,0.0,0.0
2023-12-12 00:00:00-05:00,20.958424818724186,21.21446204912196,20.958424818724186,21.031578063964844,7800,0.0,0.0
2023-12-13 00:00:00-05:00,21.031580020691493,21.443068153523377,21.031580020691493,21.278472900390625,4500,0.0,0.0
2023-12-14 00:00:00-05:00,21.36076992907483,21.94599592906777,21.36076992907483,21.781400680541992,10200,0.0,0.0
2023-12-15 00:00:00-05:00,21.516226005065178,21.78140594637981,21.516226005065178,21.635099411010742,4500,0.0,0.0
2023-12-18 00:00:00-05:00,21.64423942565918,21.64423942565918,21.64423942565918,21.64423942565918,700,0.0,0.0
2023-12-19 00:00:00-05:00,21.781402209791327,22.128881479766576,21.68081582993883,21.726537704467773,5200,0.0,0.0
2023-12-20 00:00:00-05:00,21.735682117906475,21.973430633544922,21.735682117906475,21.973430633544922,3300,0.0,0.0
2023-12-21 00:00:00-05:00,21.863701315842263,21.945998951439062,21.76311492919922,21.76311492919922,2900,0.0,0.0
2023-12-22 00:00:00-05:00,21.78140231282589,21.945997573686327,21.78140231282589,21.81797981262207,1800,0.0,0.0
2023-12-26 00:00:00-05:00,21.66252849225967,21.900277003833136,21.66252849225967,21.854555130004883,3900,0.0,0.0
2023-12-27 00:00:00-05:00,21.87284108162576,21.90027420241355,21.65338134765625,21.65338134765625,6400,0.0,0.0
2023-12-28 00:00:00-05:00,21.72653797479482,21.827124355898835,21.72653797479482,21.753971099853516,1700,0.0,0.0
2023-12-29 00:00:00-05:00,21.72653862618754,21.772258758544922,21.717394250893815,21.772258758544922,3500,0.0,0.0
2024-01-02 00:00:00-05:00,21.89113126428832,21.927707016959495,21.772256143857152,21.845409393310547,7800,0.0,0.0
2024-01-03 00:00:00-05:00,21.854553112272328,21.854553112272328,21.82712173461914,21.82712173461914,1100,0.0,0.0
2024-01-04 00:00:00-05:00,21.854555130004883,21.854555130004883,21.854555130004883,21.854555130004883,1700,0.0,0.0
2024-01-05 00:00:00-05:00,21.85455785158473,22.394063821165528,21.85455785158473,21.872846603393555,6500,0.0,0.0
2024-01-08 00:00:00-05:00,22.028295181571643,22.156312942504883,22.028295181571643,22.156312942504883,500,0.0,0.0
2024-01-09 00:00:00-05:00,21.945995330810547,21.945995330810547,21.900275204849095,21.945995330810547,1600,0.0,0.0
2024-01-10 00:00:00-05:00,21.90027450276927,22.019147872924805,21.598517146408813,22.019147872924805,3500,0.0,0.0
2024-01-11 00:00:00-05:00,22.092304229736328,22.092304229736328,22.092304229736328,22.092304229736328,200,0.0,0.0
2024-01-12 00:00:00-05:00,22.174598693847656,22.174598693847656,22.174598693847656,22.174598693847656,200,0.0,0.0
2024-01-16 00:00:00-05:00,22.037438147579945,22.110591398309303,21.772256523616598,21.964284896850586,3400,0.0,0.0
2024-01-17 00:00:00-05:00,21.964284896850586,21.964284896850586,21.964284896850586,21.964284896850586,400,0.0,0.0
2024-01-18 00:00:00-05:00,21.78139916369384,21.9002742767334,21.78139916369384,21.9002742767334,2200,0.0,0.0
2024-01-19 00:00:00-05:00,21.781402290533673,22.156312942504883,21.781402290533673,22.156312942504883,1100,0.0,0.0
2024-01-22 00:00:00-05:00,22.1288790987205,23.235322181601028,21.845408739475726,23.061582565307617,8400,0.0,0.0
2024-01-23 00:00:00-05:00,23.061584378063216,23.061584378063216,22.63180923461914,22.63180923461914,1200,0.0,0.0
2024-01-24 00:00:00-05:00,23.75653868925572,24.707532623894565,23.75653868925572,24.122304916381836,6300,0.0,0.0
2024-01-25 00:00:00-05:00,24.689250027707864,24.689250027707864,24.643529891967773,24.643529891967773,1000,0.0,0.0
2024-01-26 00:00:00-05:00,22.357484270194792,24.57951491480601,22.357484270194792,23.44563865661621,5600,0.0,0.0
2024-01-29 00:00:00-05:00,23.18045950428062,23.20789088409146,22.43063822485809,22.63180923461914,3200,0.0,0.0
2024-01-30 00:00:00-05:00,22.35748291015625,22.35748291015625,22.35748291015625,22.35748291015625,1100,0.0,0.0
2024-01-31 00:00:00-05:00,22.055729022073006,22.055729022073006,20.85784202777187,21.497934341430664,11500,0.0,0.0
2024-02-01 00:00:00-05:00,21.086446858841445,22.010007858276367,21.086446858841445,22.010007858276367,4300,0.0,0.0
2024-02-02 00:00:00-05:00,21.964286323584417,21.964286323584417,21.81797981262207,21.81797981262207,1200,0.0,0.0
2024-02-05 00:00:00-05:00,21.507073960211006,21.662524816628338,21.27846986219204,21.388198852539062,9300,0.0,0.0
2024-02-06 00:00:00-05:00,21.08644535659637,21.488789130800793,20.894418716430664,20.894418716430664,3400,0.0,0.0
2024-02-07 00:00:00-05:00,20.866983235589444,20.8852719832862,20.391486260139683,20.59265899658203,5600,0.0,0.0
2024-02-08 00:00:00-05:00,20.592662265325103,20.601806640625,20.44635574874929,20.601806640625,2700,0.0,0.0
2024-02-09 00:00:00-05:00,20.02572320551039,20.610951015924893,20.02572320551039,20.601806640625,3300,0.0,0.0
2024-02-12 00:00:00-05:00,20.172027372750616,21.077299492672644,20.172027372750616,20.45549774169922,14600,0.0,0.0
2024-02-13 00:00:00-05:00,20.226892471313477,20.7389651906562,20.208603723880643,20.226892471313477,3300,0.0,0.0
2024-02-14 00:00:00-05:00,20.337875195273064,20.347124099731445,20.171398443118463,20.347124099731445,3200,0.25,0.0
2024-02-15 00:00:00-05:00,21.08702309774554,21.503215062641885,20.115910865052086,21.447723388671875,7100,0.0,0.0
2024-02-16 00:00:00-05:00,20.6245858106163,20.96678824648397,20.347125711084463,20.458110809326172,4700,0.0,0.0
2024-02-20 00:00:00-05:00,20.458111152977544,21.02228026670885,20.439613342285156,20.439613342285156,4100,0.0,0.0
2024-02-21 00:00:00-05:00,20.347126969970304,20.38412259302257,19.57948543211972,20.208396911621094,17700,0.0,0.0
2024-02-22 00:00:00-05:00,20.902048246942968,20.902048246942968,20.06966616149069,20.522851943969727,1100,0.0,0.0
2024-02-23 00:00:00-05:00,20.11590996126151,20.430365706377522,20.032671572022075,20.189899444580078,5100,0.0,0.0
2024-02-26 00:00:00-05:00,20.319379382149982,20.550596724175556,20.20839604584477,20.532100677490234,1100,0.0,0.0
2024-02-27 00:00:00-05:00,20.717075137075845,20.994537027958746,20.532102307202372,20.63383674621582,2200,0.0,0.0
2024-02-28 00:00:00-05:00,20.448862241782116,20.791062919251832,20.12515761095118,20.717073440551758,2900,0.0,0.0
2024-02-29 00:00:00-05:00,21.12401767497575,21.25349882916411,21.031530380249023,21.031530380249023,2400,0.0,0.0
2024-03-01 00:00:00-05:00,20.467357806415695,20.54134728337332,20.180648803710938,20.180648803710938,7800,0.0,0.0
2024-03-04 00:00:00-05:00,20.43961285508676,20.698575142414306,20.180648803710938,20.180648803710938,7600,0.0,0.0
2024-03-05 00:00:00-05:00,19.94018354144583,20.532101150212206,19.94018354144583,20.411867141723633,8000,0.0,0.0
2024-03-06 00:00:00-05:00,20.522852071716002,20.855803849540397,20.42111587524414,20.42111587524414,1800,0.0,0.0
2024-03-07 00:00:00-05:00,20.80031165576633,20.80031165576633,20.448862075805664,20.448862075805664,4900,0.0,0.0
2024-03-08 00:00:00-05:00,20.606090156376485,20.606090156376485,20.532100677490234,20.532100677490234,300,0.0,0.0
2024-03-11 00:00:00-04:00,20.263887405395508,20.263887405395508,20.263887405395508,20.263887405395508,800,0.0,0.0
2024-03-12 00:00:00-04:00,20.180649022410083,20.273136310621474,20.180649022410083,20.263887405395508,3400,0.0,0.0
2024-03-13 00:00:00-04:00,20.180647617039334,20.180647617039334,19.95867919921875,19.95867919921875,2800,0.0,0.0
2024-03-14 00:00:00-04:00,19.940184893315315,20.06966781616211,19.893942126329772,20.06966781616211,3200,0.0,0.0
2024-03-15 00:00:00-04:00,19.773708246722716,20.337879180908203,19.773708246722716,20.337879180908203,7800,0.0,0.0
2024-03-18 00:00:00-04:00,20.2638871857943,20.2638871857943,20.180648803710938,20.180648803710938,1400,0.0,0.0
2024-03-19 00:00:00-04:00,20.0234232478565,20.0234232478565,19.97718048095703,19.97718048095703,2300,0.0,0.0
2024-03-20 00:00:00-04:00,20.337879180908203,20.337879180908203,20.337879180908203,20.337879180908203,800,0.0,0.0
2024-03-21 00:00:00-04:00,20.347125271855855,20.347125271855855,20.10665903422995,20.29163360595703,1000,0.0,0.0
2024-03-22 00:00:00-04:00,20.347124099731445,20.347124099731445,20.347124099731445,20.347124099731445,600,0.0,0.0
2024-03-25 00:00:00-04:00,20.171401288568827,20.347126969970304,20.171401288568827,20.208396911621094,2700,0.0,0.0
2024-03-26 00:00:00-04:00,20.254637089646195,20.254637089646195,19.95867919921875,19.95867919921875,2500,0.0,0.0
2024-03-27 00:00:00-04:00,19.986429424349343,20.06966781616211,19.977180518142536,20.06966781616211,4200,0.0,0.0
2024-03-28 00:00:00-04:00,20.236142448580477,20.347127556890285,19.995677947998047,19.995677947998047,1700,0.0,0.0
2024-04-01 00:00:00-04:00,19.893941851363774,20.171401977539062,19.893941851363774,20.171401977539062,900,0.0,0.0
2024-04-02 00:00:00-04:00,20.05116917200501,20.143656466188112,19.940184066175608,20.106660842895508,1800,0.0,0.0
2024-04-03 00:00:00-04:00,19.884690067782536,19.940181732177734,19.838447308127908,19.940181732177734,2400,0.0,0.0
2024-04-04 00:00:00-04:00,20.06966748885122,20.06966748885122,19.708967208862305,19.708967208862305,4500,0.0,0.0
2024-04-05 00:00:00-04:00,19.708965736409752,19.875442504882812,19.708965736409752,19.875442504882812,2100,0.0,0.0
2024-04-08 00:00:00-04:00,19.847693403004826,19.847693403004826,19.431503295898438,19.431503295898438,5000,0.0,0.0
2024-04-09 00:00:00-04:00,19.47774701565147,19.570234298706055,19.47774701565147,19.570234298706055,2200,0.0,0.0
2024-04-10 00:00:00-04:00,19.48699951171875,19.48699951171875,19.48699951171875,19.48699951171875,700,0.0,0.0
2024-04-11 00:00:00-04:00,19.48699951171875,19.48699951171875,19.48699951171875,19.48699951171875,300,0.0,0.0
2024-04-12 00:00:00-04:00,19.57023663287927,19.792205080255876,19.422257667961528,19.736713409423828,1300,0.0,0.0
2024-04-15 00:00:00-04:00,19.736713409423828,19.736713409423828,19.736713409423828,19.736713409423828,500,0.0,0.0
2024-04-16 00:00:00-04:00,19.736713409423828,19.736713409423828,19.736713409423828,19.736713409423828,400,0.0,0.0
2024-04-17 00:00:00-04:00,19.745962142944336,19.745962142944336,19.745962142944336,19.745962142944336,1600,0.0,0.0
2024-04-18 00:00:00-04:00,19.745962142944336,19.745962142944336,19.745962142944336,19.745962142944336,400,0.0,0.0
2024-04-19 00:00:00-04:00,19.884693947347177,19.884693947347177,19.755212783813477,19.755212783813477,400,0.0,0.0
2024-04-22 00:00:00-04:00,19.884690674872093,19.884690674872093,19.819950103759766,19.819950103759766,600,0.0,0.0
2024-04-23 00:00:00-04:00,19.884692800769464,19.90319061279297,19.884692800769464,19.90319061279297,12100,0.0,0.0
2024-04-24 00:00:00-04:00,20.01417395683711,20.430365907123758,19.90319061279297,19.90319061279297,2900,0.0,0.0
2024-04-25 00:00:00-04:00,19.930936365626717,20.143657684326172,19.930936365626717,20.143657684326172,1400,0.0,0.0
2024-04-26 00:00:00-04:00,19.995675922416225,20.929792404174805,19.995675922416225,20.929792404174805,500,0.0,0.0
2024-04-29 00:00:00-04:00,20.18064971098494,20.606090545654297,20.18064971098494,20.606090545654297,2200,0.0,0.0
2024-04-30 00:00:00-04:00,20.28238521355741,20.587592029786734,20.28238521355741,20.54134750366211,1300,0.0,0.0
2024-05-01 00:00:00-04:00,20.458112993630717,20.948292672743133,20.402619556560705,20.624588012695312,4400,0.0,0.0
2024-05-02 00:00:00-04:00,20.448866611754298,20.698580053201205,20.448866611754298,20.504358291625977,2800,0.0,0.0
2024-05-03 00:00:00-04:00,20.698577498073515,20.698577498073515,20.541349621138774,20.624588012695312,2000,0.0,0.0
2024-05-06 00:00:00-04:00,20.624587109911822,20.624587109911822,20.46735923985929,20.578344345092773,6300,0.0,0.0
2024-05-07 00:00:00-04:00,20.578343388495163,20.717073440551758,20.578343388495163,20.717073440551758,46300,0.0,0.0
2024-05-08 00:00:00-04:00,20.643084348543695,20.79106330871582,20.633835443026893,20.79106330871582,6500,0.0,0.0
2024-05-09 00:00:00-04:00,20.717073440551758,20.717073440551758,20.717073440551758,20.717073440551758,300,0.0,0.0
2024-05-10 00:00:00-04:00,20.837308883666992,20.837308883666992,20.837308883666992,20.837308883666992,1600,0.0,0.0
2024-05-13 00:00:00-04:00,20.837306540015152,20.94828987121582,20.837306540015152,20.94828987121582,1500,0.0,0.0
2024-05-14 00:00:00-04:00,21.06051496883713,21.182089090311777,20.920236587524414,20.920236587524414,2400,0.25,0.0
2024-05-15 00:00:00-04:00,21.238200315430355,21.47199821472168,21.238200315430355,21.47199821472168,400,0.0,0.0
2024-05-16 00:00:00-04:00,21.219497680664062,21.219497680664062,21.219497680664062,21.219497680664062,500,0.0,0.0
2024-05-17 00:00:00-04:00,21.238200649782616,21.50005494325637,21.238200649782616,21.294313430786133,1200,0.0,0.0
2024-05-20 00:00:00-04:00,21.322368621826172,21.322368621826172,21.322368621826172,21.322368621826172,1500,0.0,0.0
2024-05-21 00:00:00-04:00,21.322368621826172,21.322368621826172,21.322368621826172,21.322368621826172,2800,0.0,0.0
2024-05-22 00:00:00-04:00,21.434590197947088,21.434590197947088,21.20079231262207,21.20079231262207,1100,0.0,0.0
2024-05-23 00:00:00-04:00,21.228853225708008,21.247555704880646,21.228853225708008,21.228853225708008,2100,0.0,0.0
2024-05-24 00:00:00-04:00,21.16338449612258,21.19144088543643,21.09792137145996,21.09792137145996,2900,0.0,0.0
2024-05-28 00:00:00-04:00,21.238200086089584,21.238200086089584,20.920236587524414,20.920236587524414,1700,0.0,0.0
2024-05-29 00:00:00-04:00,20.892180689850527,21.500054879014098,20.8641242994326,20.995052337646484,4900,0.0,0.0
2024-05-30 00:00:00-04:00,21.041810708999062,21.509406502532375,20.920236587524414,20.920236587524414,2400,0.0,0.0
2024-05-31 00:00:00-04:00,21.163386230099814,21.50940792504239,20.929588317871094,20.929588317871094,2900,0.0,0.0
2024-06-03 00:00:00-04:00,21.135330200195312,21.135330200195312,21.135330200195312,21.135330200195312,900,0.0,0.0
2024-06-04 00:00:00-04:00,21.294312936529124,21.50940657417413,20.966995523218326,21.219497680664062,3800,0.0,0.0
2024-06-05 00:00:00-04:00,21.27560895574583,21.509406856358424,21.06051531527899,21.34107208251953,1500,0.0,0.0
2024-06-06 00:00:00-04:00,21.34107208251953,21.34107208251953,21.34107208251953,21.34107208251953,700,0.0,0.0
2024-06-07 00:00:00-04:00,21.097921185091575,21.12597757415759,21.060514450073242,21.060514450073242,900,0.0,0.0
2024-06-10 00:00:00-04:00,21.219497680664062,21.219497680664062,21.219497680664062,21.219497680664062,600,0.0,0.0
2024-06-11 00:00:00-04:00,21.219497680664062,21.219497680664062,21.219497680664062,21.219497680664062,500,0.0,0.0
2024-06-12 00:00:00-04:00,21.219497680664062,21.219497680664062,21.219497680664062,21.219497680664062,300,0.0,0.0
2024-06-13 00:00:00-04:00,21.32236631541231,21.33171844482422,21.294311710912872,21.33171844482422,1500,0.0,0.0
2024-06-14 00:00:00-04:00,21.294312721965312,21.294312721965312,21.13533008188693,21.26625633239746,1000,0.0,0.0
2024-06-17 00:00:00-04:00,21.15403434159883,21.26625633239746,21.15403434159883,21.26625633239746,1400,0.0,0.0
2024-06-18 00:00:00-04:00,21.36912727355957,21.36912727355957,21.36912727355957,21.36912727355957,1000,0.0,0.0
2024-06-20 00:00:00-04:00,21.284960077232547,21.40653419494629,21.284960077232547,21.40653419494629,1600,0.0,0.0
2024-06-21 00:00:00-04:00,21.331721128833685,21.331721128833685,19.405226820991153,19.63902473449707,11200,0.0,0.0
2024-06-24 00:00:00-04:00,19.92893203317553,20.65838210635981,19.92893203317553,20.620973587036133,6400,0.0,0.0
2024-06-25 00:00:00-04:00,21.415888006961218,21.415888006961218,20.209491729736328,20.209491729736328,17900,0.0,0.0
2024-06-26 00:00:00-04:00,20.209491729736328,20.209491729736328,20.209491729736328,20.209491729736328,1200,0.0,0.0
2024-06-27 00:00:00-04:00,20.611623643522904,20.77995663255815,20.115971455221505,20.742549896240234,10200,0.0,0.0
2024-06-28 00:00:00-04:00,21.41588826991622,21.41588826991622,20.424585627691553,21.191442489624023,9400,0.0,0.0
2024-07-01 00:00:00-04:00,20.714494794050303,21.415888535047966,20.68644018600177,20.798662185668945,3400,0.0,0.0
2024-07-02 00:00:00-04:00,20.779958724975586,20.779958724975586,20.779958724975586,20.779958724975586,800,0.0,0.0
2024-07-03 00:00:00-04:00,20.761253851780666,20.836069107055664,20.574214821724972,20.836069107055664,3500,0.0,0.0
2024-07-05 00:00:00-04:00,20.836069107055664,20.836069107055664,20.836069107055664,20.836069107055664,400,0.0,0.0
2024-07-08 00:00:00-04:00,19.62967054877375,20.677085876464844,19.62967054877375,20.677085876464844,1400,0.0,0.0
2024-07-09 00:00:00-04:00,20.574217070971823,20.574217070971823,20.396530151367188,20.396530151367188,1100,0.0,0.0
2024-07-10 00:00:00-04:00,20.714492797851562,20.714492797851562,20.714492797851562,20.714492797851562,800,0.0,0.0
2024-07-11 00:00:00-04:00,20.72384558446935,21.17273712158203,20.72384558446935,21.17273712158203,700,0.0,0.0
2024-07-12 00:00:00-04:00,21.37847900390625,21.37847900390625,21.37847900390625,21.37847900390625,200,0.0,0.0
2024-07-15 00:00:00-04:00,21.406534832590438,21.415886962498735,21.135330200195312,21.135330200195312,2400,0.0,0.0
2024-07-16 00:00:00-04:00,21.27561134064539,21.50940926746567,21.27561134064539,21.415889739990234,4300,0.0,0.0
2024-07-17 00:00:00-04:00,21.415889739990234,21.415889739990234,21.415889739990234,21.415889739990234,500,0.0,0.0
2024-07-18 00:00:00-04:00,21.96764944266506,22.182743072509766,21.556164658461377,22.182743072509766,3700,0.0,0.0
2024-07-19 00:00:00-04:00,22.164039303967943,22.164039303967943,21.911537170410156,21.911537170410156,500,0.0,0.0
2024-07-22 00:00:00-04:00,22.13598047507837,22.13598047507837,21.836719512939453,21.836719512939453,1600,0.0,0.0
2024-07-23 00:00:00-04:00,21.84607532519433,22.182743072509766,21.84607532519433,22.182743072509766,2100,0.0,0.0
2024-07-24 00:00:00-04:00,22.173390149317093,22.547468185424805,22.173390149317093,22.547468185424805,10700,0.0,0.0
2024-07-25 00:00:00-04:00,22.91219356536865,23.379789352416992,22.91219356536865,23.379789352416992,1100,0.0,0.0
2024-07-26 00:00:00-04:00,23.267565578681385,23.800626274255045,23.248863102839096,23.379789352416992,3200,0.0,0.0
2024-07-29 00:00:00-04:00,23.379790210323296,23.379790210323296,22.631637637087525,22.930898666381836,6700,0.0,0.0
2024-07-30 00:00:00-04:00,22.912194930867027,24.314982375613987,22.6783970234092,22.790620803833008,2000,0.0,0.0
2024-07-31 00:00:00-04:00,23.333031561478368,24.286925655335395,22.91219462026464,23.613588333129883,34200,0.0,0.0
2024-08-01 00:00:00-04:00,23.379789352416992,23.379789352416992,22.91219356536865,23.379789352416992,18500,0.0,0.0
2024-08-02 00:00:00-04:00,23.17404913640419,23.17404913640419,22.706453323364258,22.706453323364258,4700,0.0,0.0
2024-08-05 00:00:00-04:00,22.500709063156606,22.69710022378958,22.210800170898438,22.210800170898438,2900,0.0,0.0
2024-08-06 00:00:00-04:00,21.977001783334703,22.154688680178058,21.883482270062604,22.135984420776367,1800,0.0,0.0
2024-08-07 00:00:00-04:00,22.17339390936369,22.41654396057129,21.88348498758164,22.41654396057129,1800,0.0,0.0
2024-08-08 00:00:00-04:00,22.341726705670954,22.81867463470459,22.341726705670954,22.463302612304688,1200,0.0,0.0
2024-08-09 00:00:00-04:00,21.892834258650694,22.865434336433353,21.892834258650694,22.828025817871094,3900,0.0,0.0
2024-08-12 00:00:00-04:00,22.89348793029785,22.89348793029785,22.89348793029785,22.89348793029785,1300,0.0,0.0
2024-08-13 00:00:00-04:00,22.91219799536647,22.9776611328125,22.884141600573866,22.9776611328125,2300,0.0,0.0
2024-08-14 00:00:00-04:00,22.9776611328125,22.9776611328125,22.9776611328125,22.9776611328125,0,0.0,0.0
2024-08-15 00:00:00-04:00,23.317788608145932,23.317788608145932,23.138275146484375,23.138275146484375,1100,0.25,0.0
2024-08-16 00:00:00-04:00,23.157172077177325,23.516197204589844,23.157172077177325,23.516197204589844,2000,0.0,0.0
2024-08-19 00:00:00-04:00,23.516194394734185,23.969702135794584,23.431161805914886,23.752395629882812,5300,0.0,0.0
2024-08-20 00:00:00-04:00,23.21385812716619,23.790189743041992,23.21385812716619,23.790189743041992,1300,0.0,0.0
2024-08-21 00:00:00-04:00,24.073631286621094,24.073631286621094,24.073631286621094,24.073631286621094,200,0.0,0.0
2024-08-22 00:00:00-04:00,23.298891806119425,23.308340072631836,23.298891806119425,23.308340072631836,800,0.0,0.0
2024-08-23 00:00:00-04:00,24.479896234768084,24.479896234768084,24.092526347464837,24.45155143737793,900,0.0,0.0
2024-08-26 00:00:00-04:00,24.27204114043961,24.517690658569336,23.45005999123351,24.517690658569336,1500,0.0,0.0
2024-08-27 00:00:00-04:00,24.328727601412666,25.245187759399414,24.328727601412666,25.245187759399414,7900,0.0,0.0
2024-08-28 00:00:00-04:00,25.02788515822521,26.303372315753347,25.02788515822521,25.86876106262207,9300,0.0,0.0
2024-08-29 00:00:00-04:00,25.509736087344105,25.972690340828677,25.169605696182952,25.74593734741211,2400,0.0,0.0
2024-08-30 00:00:00-04:00,25.793173728522614,26.8230112408127,24.95229792203842,26.076616287231445,12500,0.0,0.0
2024-09-03 00:00:00-04:00,25.462497569256243,25.462497569256243,24.716100692749023,24.716100692749023,2000,0.0,0.0
2024-09-04 00:00:00-04:00,24.92395355265441,25.471940346395183,24.470447613435645,25.065675735473633,10900,0.0,0.0
2024-09-05 00:00:00-04:00,24.44210409850876,25.396355482868792,24.44210409850876,25.084569931030273,6000,0.0,0.0
2024-09-06 00:00:00-04:00,24.659411860293588,25.292431308043888,24.319281469838923,25.273534774780273,9200,0.0,0.0
2024-09-09 00:00:00-04:00,25.226291626760723,26.26557557823113,24.8294734954834,24.8294734954834,15600,0.0,0.0
2024-09-10 00:00:00-04:00,24.01694492170865,25.500288591438093,23.91301578747424,25.35856819152832,7700,0.0,0.0
2024-09-11 00:00:00-04:00,25.878206253051758,25.878206253051758,25.878206253051758,25.878206253051758,500,0.0,0.0
2024-09-12 00:00:00-04:00,25.793174826564528,26.26557730911752,25.160155427860616,25.471940994262695,3700,0.0,0.0
2024-09-13 00:00:00-04:00,25.538078823566238,25.632557878300506,25.538078823566238,25.59476661682129,2100,0.0,0.0
2024-09-16 00:00:00-04:00,25.575868143594455,25.79317283630371,25.575868143594455,25.79317283630371,700,0.0,0.0
2024-09-17 00:00:00-04:00,25.727040022098084,26.256132125854492,25.698697025088933,26.256132125854492,5400,0.0,0.0
2024-09-18 00:00:00-04:00,26.256131996947275,26.737980964462622,25.755384694731035,25.98213768005371,10000,0.0,0.0
2024-09-19 00:00:00-04:00,25.982138514152112,26.45454103259124,25.982138514152112,26.341163635253906,6700,0.0,0.0
2024-09-20 00:00:00-04:00,26.284474885114467,27.767818450927734,26.086066699554873,27.767818450927734,14100,0.0,0.0
2024-09-23 00:00:00-04:00,27.39934340248967,27.871745874946388,26.20888895565005,27.323759078979492,3000,0.0,0.0
2024-09-24 00:00:00-04:00,27.314310901119132,27.399343490600586,27.04031840329079,27.399343490600586,4200,0.0,0.0
2024-09-25 00:00:00-04:00,27.399344317680967,27.6827850897935,26.69074058532715,26.69074058532715,9600,0.0,0.0
2024-09-26 00:00:00-04:00,26.643500054346855,26.78522043506811,26.454538345336914,26.454538345336914,2100,0.0,0.0
2024-09-27 00:00:00-04:00,25.745936894026432,26.879703643216256,25.519183904602983,26.832462310791016,5700,0.0,0.0
2024-09-30 00:00:00-04:00,26.416748046875,26.416748046875,26.416748046875,26.416748046875,1300,0.0,0.0
2024-10-01 00:00:00-04:00,26.14275441275621,26.671844707987145,26.14275441275621,26.624605178833008,2700,0.0,0.0
2024-10-02 00:00:00-04:00,26.199440741851816,26.20888900756836,26.123856418191913,26.20888900756836,1400,0.0,0.0
2024-10-03 00:00:00-04:00,26.17109862168442,26.83246102530009,26.17109862168442,26.492332458496094,1100,0.0,0.0
2024-10-04 00:00:00-04:00,26.445089857527968,26.50177764892578,26.42619332637123,26.50177764892578,2200,0.0,0.0
2024-10-07 00:00:00-04:00,25.98213720129582,25.98213720129582,25.802623748779297,25.802623748779297,1800,0.0,0.0
2024-10-08 00:00:00-04:00,25.859313487067784,25.859313487067784,25.679800033569336,25.679800033569336,900,0.0,0.0
2024-10-09 00:00:00-04:00,26.048271713598478,26.50177764892578,26.048271713598478,26.50177764892578,2700,0.0,0.0
2024-10-10 00:00:00-04:00,26.360058483147537,26.69074058532715,26.360058483147537,26.69074058532715,1200,0.0,0.0
2024-10-11 00:00:00-04:00,26.45453934120921,26.69074058532715,26.45453934120921,26.69074058532715,700,0.0,0.0
2024-10-14 00:00:00-04:00,26.492332458496094,26.492332458496094,26.492332458496094,26.492332458496094,500,0.0,0.0
2024-10-15 00:00:00-04:00,26.227782872165175,27.021419090933612,26.218334607409332,26.322263717651367,2900,0.0,0.0
2024-10-16 00:00:00-04:00,26.322263717651367,26.322263717651367,26.322263717651367,26.322263717651367,600,0.0,0.0
2024-10-17 00:00:00-04:00,27.11590502312005,27.11590502312005,27.106456756591797,27.106456756591797,700,0.0,0.0
2024-10-18 00:00:00-04:00,27.106456756591797,27.106456756591797,27.106456756591797,27.106456756591797,300,0.0,0.0
2024-10-21 00:00:00-04:00,26.58681297302246,26.58681297302246,26.58681297302246,26.58681297302246,1100,0.0,0.0
2024-10-22 00:00:00-04:00,26.58681297302246,26.58681297302246,26.58681297302246,26.58681297302246,0,0.0,0.0
2024-10-23 00:00:00-04:00,26.27502508746027,27.002525329589844,26.27502508746027,27.002525329589844,1100,0.0,0.0
2024-10-24 00:00:00-04:00,26.67184472234841,27.2954158782959,26.67184472234841,27.2954158782959,5000,0.0,0.0
2024-10-25 00:00:00-04:00,27.125352934122354,27.125352934122354,26.652950394952775,26.926944732666016,1500,0.0,0.0
2024-10-28 00:00:00-04:00,26.92694516412775,26.92694516412775,26.908048629760742,26.908048629760742,3700,0.0,0.0
2024-10-29 00:00:00-04:00,26.88914561851138,27.021419525146484,26.463984510099866,27.021419525146484,3000,0.0,0.0
2024-10-30 00:00:00-04:00,26.67184447495824,27.068662643432617,26.246683310068022,27.068662643432617,3400,0.0,0.0
2024-10-31 00:00:00-04:00,25.66090342248299,27.068662643432617,25.66090342248299,27.068662643432617,6800,0.0,0.0
2024-11-01 00:00:00-04:00,26.32226569505497,26.99307632446289,26.038823137303375,26.99307632446289,1400,0.0,0.0
2024-11-04 00:00:00-05:00,26.58681078166802,26.879701614379883,26.501778191793278,26.879701614379883,14800,0.0,0.0
2024-11-05 00:00:00-05:00,27.11590502312005,27.210384084257427,26.92694329670014,27.106456756591797,5200,0.0,0.0
2024-11-06 00:00:00-05:00,27.182037467467097,28.249666213989258,27.115901412647894,28.249666213989258,15000,0.0,0.0
2024-11-07 00:00:00-05:00,27.786716610595217,27.786716610595217,27.493827547206294,27.66389274597168,2900,0.0,0.0
2024-11-08 00:00:00-05:00,27.02142442796958,27.238729154057392,26.936391830444336,26.936391830444336,7500,0.0,0.0
2024-11-11 00:00:00-05:00,27.106456572511707,27.541066017424455,27.106456572511707,27.35210609436035,10700,0.0,0.0
2024-11-12 00:00:00-05:00,27.125348970329814,27.588304976888786,26.945837329169503,27.446582794189453,4800,0.0,0.0
2024-11-13 00:00:00-05:00,27.43713887679035,27.446585341246024,27.07811195700704,27.106456756591797,17000,0.0,0.0
2024-11-14 00:00:00-05:00,26.936390402215853,27.115903854370117,26.917493869973825,27.115903854370117,13800,0.0,0.0
2024-11-15 00:00:00-05:00,27.35417970895982,27.640111166275382,27.258868617218674,27.535268783569336,8500,0.25,0.0
2024-11-18 00:00:00-05:00,27.45902427652731,27.792612237295312,27.31605852702906,27.659177780151367,3500,0.0,0.0
2024-11-19 00:00:00-05:00,27.649643549824166,27.887920379638672,27.33511820718534,27.887920379638672,3300,0.0,0.0
2024-11-20 00:00:00-05:00,28.116667064435205,28.31681873704381,28.107135772705078,28.107135772705078,4300,0.0,0.0
2024-11-21 00:00:00-05:00,28.3072872710863,28.5932187312355,27.449489254822925,28.497907638549805,15300,0.0,0.0
2024-11-22 00:00:00-05:00,28.593215942382812,28.593215942382812,28.49790485899333,28.593215942382812,1900,0.0,0.0
2024-11-25 00:00:00-05:00,28.412127712574218,28.82196413679349,27.92604277812168,28.698060989379883,8900,0.0,0.0
2024-11-26 00:00:00-05:00,28.964930526872973,29.527263984384447,28.964930526872973,29.45101547241211,4800,0.0,0.0
2024-11-27 00:00:00-05:00,29.451014124109474,30.299280826113506,29.451014124109474,30.08006477355957,5100,0.0,0.0
2024-11-29 00:00:00-05:00,30.375528737469125,30.489900588989258,29.994284384647873,30.489900588989258,4500,0.0,0.0
2024-12-02 00:00:00-05:00,30.480372343669348,31.443012794603305,30.480372343669348,31.09989356994629,7500,0.0,0.0
2024-12-03 00:00:00-05:00,30.93786072143103,31.49066467625087,30.93786072143103,31.385822296142578,6000,0.0,0.0
2024-12-04 00:00:00-05:00,31.00457793862437,31.385822296142578,31.00457793862437,31.385822296142578,6400,0.0,0.0
2024-12-05 00:00:00-05:00,31.404886924718433,31.9290952236146,31.204735260091585,31.576446533203125,6600,0.0,0.0
2024-12-06 00:00:00-05:00,31.7194096888204,32.138779226529884,30.489902220687704,32.11971664428711,13700,0.0,0.0
2024-12-09 00:00:00-05:00,31.929094023187368,31.929094023187368,31.26191819703224,31.547849655151367,5900,0.0,0.0
2024-12-10 00:00:00-05:00,31.54785127231819,31.54785127231819,30.594743939186934,30.71864891052246,8400,0.0,0.0
2024-12-11 00:00:00-05:00,30.62334097061727,30.775838005153943,29.832260104334704,30.15631675720215,3000,0.0,0.0
2024-12-12 00:00:00-05:00,29.279455715102557,30.461308553536984,29.022118124714577,30.232563018798828,5500,0.0,0.0
2024-12-13 00:00:00-05:00,30.232563018798828,30.232563018798828,30.232563018798828,30.232563018798828,0,0.0,0.0
2024-12-16 00:00:00-05:00,30.013348382532577,30.499433319206375,30.013348382532577,30.44224739074707,8000,0.0,0.0
2024-12-17 00:00:00-05:00,30.137252222147787,30.137252222147787,29.441482543945312,29.441482543945312,2900,0.0,0.0
2024-12-18 00:00:00-05:00,29.403360872176954,29.431952928011114,28.221508026123047,28.221508026123047,6200,0.0,0.0
2024-12-19 00:00:00-05:00,28.173851228263008,28.44072192622939,27.887919765940946,28.29775619506836,7400,0.0,0.0
2024-12-20 00:00:00-05:00,27.945105355379187,28.135727539883707,27.706828533702478,28.04994773864746,11300,0.0,0.0
2024-12-23 00:00:00-05:00,27.887919224624664,28.011822371117105,27.6496424046787,27.668704986572266,9000,0.0,0.0
2024-12-24 00:00:00-05:00,27.40183427537215,27.859325333063083,27.316054474816617,27.601985931396484,4800,0.0,0.0
2024-12-26 00:00:00-05:00,27.316056781609518,27.459022521972656,27.316056781609518,27.459022521972656,5300,0.0,0.0
2024-12-27 00:00:00-05:00,27.316056934519725,27.411368034598024,27.316056934519725,27.32558822631836,7100,0.0,0.0
2024-12-30 00:00:00-05:00,27.17308942402975,27.31605515588423,26.88715614241288,27.12543296813965,10100,0.0,0.0
2024-12-31 00:00:00-05:00,26.972936424898357,27.506677832914143,26.972936424898357,27.23980712890625,7500,0.0,0.0
2025-01-02 00:00:00-05:00,27.230277150599882,27.63058231696042,26.94434566801722,27.00153160095215,17600,0.0,0.0
2025-01-03 00:00:00-05:00,26.877627904761574,27.17309067323157,26.791848098123833,27.020593643188477,11500,0.0,0.0
2025-01-06 00:00:00-05:00,27.020593990244056,27.058717339290492,26.74419198354831,26.944345474243164,5900,0.0,0.0
2025-01-07 00:00:00-05:00,26.70606803894043,26.791847844766995,26.70606803894043,26.70606803894043,4900,0.0,0.0
2025-01-08 00:00:00-05:00,26.162797236625465,26.56310239254667,26.153265945066867,26.31529426574707,5600,0.0,0.0
2025-01-10 00:00:00-05:00,26.07701781528231,26.258106903843764,25.590932846069336,25.590932846069336,13200,0.0,0.0
2025-01-13 00:00:00-05:00,25.37171811439538,25.724366811106616,25.285938308620654,25.476558685302734,10500,0.0,0.0
2025-01-14 00:00:00-05:00,25.36218788477132,26.000769900104604,25.324062717093845,25.82921028137207,8600,0.0,0.0
2025-01-15 00:00:00-05:00,26.3534183254777,27.306525692170624,26.210452584055368,26.677474975585938,7800,0.0,0.0
2025-01-16 00:00:00-05:00,26.601225901615965,27.068248283361445,26.53450867821061,27.020593643188477,3200,0.0,0.0
2025-01-17 00:00:00-05:00,26.71559965801237,27.077779650903267,26.71559965801237,26.953876495361328,1500,0.0,0.0
2025-01-21 00:00:00-05:00,26.74418953590988,27.573393662200022,26.6965348994862,26.896686553955078,5900,0.0,0.0
2025-01-22 00:00:00-05:00,26.791846067075095,27.516207813821044,26.791846067075095,27.15402603149414,5300,0.0,0.0
2025-01-23 00:00:00-05:00,27.40183448791504,27.40183448791504,27.40183448791504,27.40183448791504,1300,0.0,0.0
2025-01-24 00:00:00-05:00,27.27793497708429,28.116668701171875,27.27793497708429,28.116668701171875,2600,0.0,0.0
2025-01-27 00:00:00-05:00,28.107132139574347,28.107132139574347,27.697295737694485,27.840261459350586,2200,0.0,0.0
2025-01-28 00:00:00-05:00,27.487614488040215,27.830733695406618,26.610755705365545,27.783077239990234,4800,0.0,0.0
2025-01-29 00:00:00-05:00,27.706829479965425,28.44072255209201,27.706829479965425,27.887920379638672,5100,0.0,0.0
2025-01-30 00:00:00-05:00,27.69729757912097,28.29775619506836,27.220743929978934,28.29775619506836,8100,0.0,0.0
2025-01-31 00:00:00-05:00,28.011823571345836,28.402597427368164,27.1730899290781,28.402597427368164,4500,0.0,0.0
2025-02-03 00:00:00-05:00,27.735423622827636,27.878389358520508,27.6401125263964,27.878389358520508,5300,0.0,0.0
2025-02-04 00:00:00-05:00,27.926043767057234,28.821965157456006,27.84026396276863,28.402597427368164,6600,0.0,0.0
2025-02-05 00:00:00-05:00,28.259629909556402,30.10865850389564,28.259629909556402,29.632104873657227,6700,0.0,0.0
2025-02-06 00:00:00-05:00,29.050711103300642,30.07053565979004,29.050711103300642,30.07053565979004,17000,0.0,0.0
2025-02-07 00:00:00-05:00,29.022118006215894,30.07053458167473,28.93633820380084,29.784603118896484,41100,0.0,0.0
2025-02-10 00:00:00-05:00,29.06977250398086,29.832257612987693,29.06977250398086,29.59398078918457,21500,0.0,0.0
2025-02-11 00:00:00-05:00,29.241332795245928,29.54632684601696,29.117427825927734,29.117427825927734,11100,0.0,0.0
2025-02-12 00:00:00-05:00,28.59321998766036,29.870383959208493,28.583688696182183,29.555858612060547,11000,0.0,0.0
2025-02-13 00:00:00-05:00,28.13572858571197,29.775072525336657,28.13572858571197,29.30805015563965,13100,0.0,0.0
2025-02-14 00:00:00-05:00,29.14469324316256,29.44257782486918,28.914072744472712,29.42336082458496,10500,0.25,0.0
2025-02-18 00:00:00-05:00,28.91407315135049,29.67319874111919,28.808371400660246,29.221567153930664,30800,0.0,0.0
2025-02-19 00:00:00-05:00,28.866028580211765,29.538671268486645,28.500878068946115,29.01016616821289,18300,0.0,0.0
2025-02-20 00:00:00-05:00,28.539313542287083,28.539313542287083,27.684093831325445,28.030025482177734,16900,0.0,0.0
2025-02-21 00:00:00-05:00,27.70331442907765,28.049246101974692,27.40542984008789,27.40542984008789,17000,0.0,0.0
2025-02-24 00:00:00-05:00,27.645660606869626,27.645660606869626,26.915361404418945,26.915361404418945,18200,0.0,0.0
2025-02-25 00:00:00-05:00,26.694348632222713,27.06910671056337,26.67512979927991,26.723175048828125,14700,0.0,0.0
2025-02-26 00:00:00-05:00,26.848095347690084,27.222853422088072,26.530991938705146,26.64630126953125,20000,0.0,0.0
2025-02-27 00:00:00-05:00,26.492554744394656,27.57839498703664,26.492554744394656,26.713565826416016,13700,0.0,0.0
2025-02-28 00:00:00-05:00,26.492553415397772,27.684093514601912,26.492553415397772,26.867311477661133,12000,0.0,0.0
2025-03-03 00:00:00-05:00,26.521382801355088,27.00184262807236,26.521382801355088,26.723175048828125,9000,0.0,0.0
2025-03-04 00:00:00-05:00,26.84809552224756,26.905750188035466,26.4925544454698,26.81926727294922,17100,0.0,0.0
2025-03-05 00:00:00-05:00,26.992235342610687,27.86667214964732,26.780833661976303,27.16520118713379,12700,0.0,0.0
2025-03-06 00:00:00-05:00,26.915359583759592,27.251681827413027,26.694348504402026,27.001842498779297,52900,0.0,0.0
2025-03-07 00:00:00-05:00,26.771221889708176,27.395819292244987,26.771221889708176,27.36699104309082,39600,0.0,0.0
2025-03-10 00:00:00-04:00,27.059497589979088,27.145980506358566,26.53099250793457,26.53099250793457,16000,0.0,0.0
2025-03-11 00:00:00-04:00,26.50216335924022,26.50216335924022,25.848737716674805,25.848737716674805,47000,0.0,0.0
2025-03-12 00:00:00-04:00,26.233105576163187,26.569427818485025,25.99287566490598,26.012094497680664,15900,0.0,0.0
2025-03-13 00:00:00-04:00,26.905749245342086,26.905749245342086,26.108186037453226,26.50216293334961,37700,0.0,0.0
2025-03-14 00:00:00-04:00,26.905748748620958,26.905748748620958,26.617473602294922,26.617473602294922,5900,0.0,0.0
2025-03-17 00:00:00-04:00,26.48294566314168,27.155590167071804,26.48294566314168,27.059497833251953,20500,0.0,0.0
2025-03-18 00:00:00-04:00,26.694350739714753,27.19402760601502,26.665522488024592,27.16520118713379,13500,0.0,0.0
2025-03-19 00:00:00-04:00,26.92496962616639,27.962762797721833,26.92496962616639,27.51112937927246,17900,0.0,0.0
2025-03-20 00:00:00-04:00,27.097936824969672,27.53034959909038,26.96340681791995,27.088327407836914,28900,0.0,0.0
2025-03-21 00:00:00-04:00,27.184417940638745,27.962762348601853,26.74239394593768,26.992233276367188,28800,0.0,0.0
2025-03-24 00:00:00-04:00,27.588005693754212,27.866673306568217,27.251685240784216,27.29012107849121,10400,0.0,0.0
2025-03-25 00:00:00-04:00,26.771223723868463,28.193384455685177,26.771223723868463,27.54956817626953,4400,0.0,0.0
2025-03-26 00:00:00-04:00,28.01080656062942,28.12611772148251,27.914714232053296,27.94354248046875,5700,0.0,0.0
2025-03-27 00:00:00-04:00,28.347131959495464,28.433614881589826,28.03002852275245,28.15494728088379,12600,0.0,0.0
2025-03-28 00:00:00-04:00,27.914716941810514,27.924326358881814,27.578396508359635,27.636051177978516,11000,0.0,0.0
2025-03-31 00:00:00-04:00,27.174808866357786,27.6937045339314,27.165199449742314,27.338165283203125,10600,0.0,0.0
2025-04-01 00:00:00-04:00,27.328555404128927,27.482302401757064,27.117151907783647,27.35738182067871,8500,0.0,0.0
2025-04-02 00:00:00-04:00,27.12676324355904,27.328557337729166,27.078717990704153,27.088327407836914,15100,0.0,0.0
2025-04-03 00:00:00-04:00,26.72317693925088,26.761614607855595,26.15623415699373,26.185062408447266,29300,0.0,0.0
2025-04-04 00:00:00-04:00,25.01273948740674,26.16584198330788,24.993520654272853,25.810302734375,13300,0.0,0.0
2025-04-07 00:00:00-04:00,25.425929637729713,25.646942520423078,25.23374683327668,25.445148468017578,10000,0.0,0.0
2025-04-08 00:00:00-04:00,25.64694809148374,25.96405152888094,25.022350633920638,25.454763412475586,17200,0.0,0.0
2025-04-09 00:00:00-04:00,25.08961156222568,27.52073699851915,25.08961156222568,26.694347381591797,12000,0.0,0.0
2025-04-10 00:00:00-04:00,26.41568032155073,26.627081979641634,25.714209433840757,26.127405166625977,15300,0.0,0.0
2025-04-11 00:00:00-04:00,25.762255651540283,26.242715483034626,25.762255651540283,25.810302734375,5800,0.0,0.0
2025-04-14 00:00:00-04:00,25.94482964361061,26.444508284028316,25.94482964361061,26.31958770751953,11600,0.0,0.0
2025-04-15 00:00:00-04:00,26.406071996565434,27.28050874648949,26.406071996565434,26.886531829833984,6800,0.0,0.0
2025-04-16 00:00:00-04:00,27.280506800059175,27.280506800059175,26.905748743347047,27.06910514831543,15700,0.0,0.0
2025-04-17 00:00:00-04:00,27.280508878127787,27.69370462998197,27.24207304434142,27.51112937927246,14800,0.0,0.0
2025-04-21 00:00:00-04:00,27.463084489653795,28.030027249719723,27.45347507287875,27.67448616027832,10000,0.0,0.0
2025-04-22 00:00:00-04:00,27.62644032774111,28.395175325476472,27.62644032774111,27.70331382751465,30900,0.0,0.0
2025-04-23 00:00:00-04:00,28.34713192391328,28.750718282244065,28.337522506713867,28.337522506713867,15200,0.0,0.0
2025-04-24 00:00:00-04:00,28.279865847226823,28.53931459493559,28.2318187646092,28.25103759765625,18400,0.0,0.0
2025-04-25 00:00:00-04:00,28.097291306822832,28.10690072358847,27.84745196934276,27.8570613861084,11800,0.0,0.0
2025-04-28 00:00:00-04:00,27.847451556669142,28.10690030707006,27.847451556669142,28.058855056762695,17900,0.0,0.0
2025-04-29 00:00:00-04:00,28.001197621051485,28.116508783867094,27.98198062125618,28.010807037353516,18800,0.0,0.0
2025-04-30 00:00:00-04:00,27.732141319298417,27.943542979695714,27.559175491333008,27.559175491333008,11900,0.0,0.0
2025-05-01 00:00:00-04:00,27.73214082384826,28.097289473067057,27.73214082384826,27.94354248046875,46000,0.0,0.0
2025-05-02 00:00:00-04:00,27.780187840522895,28.33752118237988,27.780187840522895,28.308692932128906,31800,0.0,0.0
2025-05-05 00:00:00-04:00,28.318301912362745,29.346487495092358,28.318301912362745,28.69306182861328,30700,0.0,0.0
2025-05-06 00:00:00-04:00,28.769936472846716,28.769936472846716,28.097291946411133,28.097291946411133,14700,0.0,0.0
2025-05-07 00:00:00-04:00,28.32791289485921,28.67384458042536,28.18377530347628,28.347131729125977,14800,0.0,0.0
2025-05-08 00:00:00-04:00,28.529703630530754,28.635403540937173,28.318300144100526,28.414392471313477,13400,0.0,0.0
2025-05-09 00:00:00-04:00,28.222211780175062,28.635405702607734,27.953153610229492,27.953153610229492,7100,0.0,0.0
2025-05-12 00:00:00-04:00,28.472045978156068,28.56813830146633,28.2510349175085,28.289472579956055,9500,0.0,0.0
2025-05-13 00:00:00-04:00,28.520095174607523,28.568140423427007,28.279865264892578,28.279865264892578,8700,0.0,0.0
2025-05-14 00:00:00-04:00,27.885889125474,28.52009595791532,27.885889125474,28.24142837524414,14000,0.0,0.0
2025-05-15 00:00:00-04:00,28.539313807786893,28.587359056270575,28.4720478939775,28.558530807495117,11900,0.0,0.0
2025-05-16 00:00:00-04:00,28.219356485782896,28.79110684047249,28.054614294255014,28.52945899963379,11600,0.25,0.0
2025-05-19 00:00:00-04:00,28.674817430059896,28.694199297986003,28.577909938786025,28.65543556213379,6500,0.0,0.0
2025-05-20 00:00:00-04:00,28.238737804842522,28.829871904269815,28.238737804842522,28.636056900024414,15400,0.0,0.0
2025-05-21 00:00:00-04:00,28.46162545767101,28.820180810688747,28.28719232448104,28.568222045898438,10400,0.0,0.0
2025-05-22 00:00:00-04:00,28.56822226894301,28.57791320401332,28.093377540639022,28.32595443725586,11300,0.0,0.0
2025-05-23 00:00:00-04:00,28.325954959597,28.71358312777307,27.880183028283742,27.96739959716797,10800,0.0,0.0
2025-05-27 00:00:00-04:00,28.141831893987703,28.27750128670596,27.754201889038086,27.754201889038086,17300,0.0,0.0
2025-05-28 00:00:00-04:00,27.98677803004366,28.199974896701516,27.81234675053741,28.10306739807129,19500,0.0,0.0
2025-05-29 00:00:00-04:00,28.015854094165505,28.34533851883419,28.015854094165505,28.335647583007812,15600,0.0,0.0
2025-05-30 00:00:00-04:00,28.190284280638863,28.442243040582635,28.09337678091329,28.238737106323242,8900,0.0,0.0
2025-06-02 00:00:00-04:00,28.355025071123915,28.432550697392845,27.909251333810005,28.00615882873535,11400,0.0,0.0
2025-06-03 00:00:00-04:00,28.180594401250026,28.22904722874906,27.696058732832142,27.773584365844727,13000,0.0,0.0
2025-06-04 00:00:00-04:00,27.80265669854938,27.80265669854938,27.570079803466797,27.570079803466797,10100,0.0,0.0
2025-06-05 00:00:00-04:00,28.296881356736364,28.296881356736364,27.676674497280775,27.696056365966797,14400,0.0,0.0
2025-06-06 00:00:00-04:00,27.715441599781386,27.851111000342662,27.69605972874207,27.7445125579834,11400,0.0,0.0
2025-06-09 00:00:00-04:00,27.66698630246046,27.79296661303716,27.473173141479492,27.473173141479492,13500,0.0,0.0
2025-06-10 00:00:00-04:00,27.579768890116323,27.696058261836043,27.405337605072027,27.570079803466797,14500,0.0,0.0
2025-06-11 00:00:00-04:00,27.715441142252487,27.986779938895758,27.628224572372314,27.6669864654541,16900,0.0,0.0
2025-06-12 00:00:00-04:00,27.637915573242854,27.792966842651367,27.570080873921246,27.792966842651367,6700,0.0,0.0
2025-06-13 00:00:00-04:00,27.463481442454764,27.666985533079146,27.385955810546875,27.385955810546875,13500,0.0,0.0
2025-06-16 00:00:00-04:00,27.560388850151124,27.812347615079087,26.998327558652402,27.008018493652344,19900,0.0,0.0
2025-06-17 00:00:00-04:00,26.9014192932701,27.02739774797908,26.9014192932701,26.920801162719727,20400,0.0,0.0
2025-06-18 00:00:00-04:00,27.01770703038748,27.17276013887383,26.67853355407715,26.67853355407715,17100,0.0,0.0
2025-06-20 00:00:00-04:00,26.74636894505817,26.74636894505817,26.281215152570134,26.6397705078125,18800,0.0,0.0
2025-06-23 00:00:00-04:00,26.639770811050735,26.901420515437415,26.271524516561872,26.64946174621582,30700,0.0,0.0
2025-06-24 00:00:00-04:00,26.74636956171186,26.804513325024185,26.688225798399532,26.785131454467773,17900,0.0,0.0
2025-06-25 00:00:00-04:00,26.775440667046798,26.872348172007086,26.726987838745117,26.726987838745117,16400,0.0,0.0
2025-06-26 00:00:00-04:00,26.630077603335558,26.940180108727343,26.59131571433995,26.82389259338379,16200,0.0,0.0
2025-06-27 00:00:00-04:00,27.30843101192915,27.783275752898998,26.775440658986483,27.163070678710938,568700,0.0,0.0
2025-06-30 00:00:00-04:00,27.211522158924485,27.802656246197955,26.92080150689052,27.618532180786133,20300,0.0,0.0
2025-07-01 00:00:00-04:00,27.822037046447363,28.10306861985724,27.27935761822453,27.831727981567383,27000,0.0,0.0
2025-07-02 00:00:00-04:00,27.909253604095014,28.015852042019844,27.70574951171875,27.70574951171875,11300,0.0,0.0
2025-07-03 00:00:00-04:00,28.10306907719017,28.3453369140625,28.10306907719017,28.3453369140625,7800,0.0,0.0
2025-07-07 00:00:00-04:00,28.083686514190493,28.519769349151193,27.93832618532255,27.948017120361328,14900,0.0,0.0
2025-07-08 00:00:00-04:00,28.09337615966797,28.374407717821843,28.006159596679304,28.09337615966797,12600,0.0,0.0
2025-07-09 00:00:00-04:00,27.88987306522104,28.374408721923828,27.88987306522104,28.374408721923828,6000,0.0,0.0
2025-07-10 00:00:00-04:00,28.08368674098234,28.335645508954695,27.92863547582349,28.14183235168457,12200,0.0,0.0
2025-07-11 00:00:00-04:00,28.103068758746613,28.219358132404665,27.62822402566027,27.647605895996094,7200,0.0,0.0
2025-07-14 00:00:00-04:00,27.73482292385393,27.73482292385393,27.502244172682843,27.72513198852539,6300,0.0,0.0
2025-07-15 00:00:00-04:00,27.531316593959513,27.531316593959513,26.90142059326172,26.90142059326172,9000,0.0,0.0
2025-07-16 00:00:00-04:00,27.085541803348807,27.511931816652293,26.63976807335027,26.746366500854492,15800,0.0,0.0
2025-07-17 00:00:00-04:00,26.659150886071696,27.201830280272645,26.659150886071696,27.02739715576172,21900,0.0,0.0
2025-07-18 00:00:00-04:00,27.163070070407734,27.163070070407734,26.668843469848234,26.707605361938477,11000,0.0,0.0
2025-07-21 00:00:00-04:00,26.940182348666816,27.55069832423034,26.940182348666816,27.521625518798828,11100,0.0,0.0
2025-07-22 00:00:00-04:00,27.521626197008004,28.10306938146839,27.521626197008004,27.792966842651367,20700,0.0,0.0
2025-07-23 00:00:00-04:00,28.316262968596288,30.45791152149922,28.1030679461375,30.302860260009766,52700,0.0,0.0
2025-07-24 00:00:00-04:00,31.09749840108013,32.03749875216859,30.826157769610614,31.48512840270996,64700,0.0,0.0
2025-07-25 00:00:00-04:00,30.53543846472572,31.72739763014962,30.53543846472572,31.407602310180664,31200,0.0,0.0
2025-07-28 00:00:00-04:00,32.23130716119422,32.92903962277083,31.814609937434117,31.892133712768555,26600,0.0,0.0
2025-07-29 00:00:00-04:00,31.97935757376995,32.25069639447764,31.05873896487919,32.19255447387695,31300,0.0,0.0
2025-07-30 00:00:00-04:00,32.192551494686306,32.89997313800324,31.669252077422655,31.96966552734375,32000,0.0,0.0
2025-07-31 00:00:00-04:00,31.96966419573457,31.96966419573457,30.118736290119422,30.680797576904297,19900,0.0,0.0
2025-08-01 00:00:00-04:00,30.08966307141857,30.12842681055997,29.31440677215875,29.857086181640625,18600,0.0,0.0
2025-08-04 00:00:00-04:00,29.653581607464325,30.806776950918398,29.07213846842448,30.525745391845703,17700,0.0,0.0
2025-08-05 00:00:00-04:00,30.622654498917655,30.76801482922688,29.643892230578793,30.516056060791016,9700,0.0,0.0
2025-08-06 00:00:00-04:00,30.312551585417065,30.39007721716056,30.15750032193007,30.254405975341797,8100,0.0,0.0
2025-08-07 00:00:00-04:00,30.264097579367764,30.264097579367764,29.188429646192805,29.83770751953125,11900,0.0,0.0
2025-08-08 00:00:00-04:00,29.63419938032112,30.33193002972838,29.07213811732053,29.828014373779297,15100,0.0,0.0
2025-08-11 00:00:00-04:00,30.331932362759723,30.331932362759723,29.857087625456156,30.21564483642578,10000,0.0,0.0
2025-08-12 00:00:00-04:00,29.91523228043388,31.242860794067383,29.91523228043388,31.242860794067383,11800,0.0,0.0
2025-08-13 00:00:00-04:00,31.049046433162232,31.892137458787037,31.049046433162232,31.766157150268555,15500,0.0,0.0
2025-08-14 00:00:00-04:00,31.68863373674987,31.68863373674987,30.768015219194975,30.903684616088867,7400,0.0,0.0
2025-08-15 00:00:00-04:00,31.147943906604603,31.147943906604603,30.815752985969656,30.903684616088867,5800,0.26,0.0
2025-08-18 00:00:00-04:00,31.069779892735454,31.2163369526237,30.776669500059818,31.138174057006836,6600,0.0,0.0
2025-08-19 00:00:00-04:00,31.206565603689167,31.63646245096962,30.600801779632604,31.128402709960938,5800,0.0,0.0
2025-08-20 00:00:00-04:00,30.96230654140334,31.441054501734644,30.96230654140334,31.43128204345703,4900,0.0,0.0
2025-08-21 00:00:00-04:00,31.07955089117296,31.07955089117296,30.8939151763916,30.8939151763916,3700,0.0,0.0
2025-08-22 00:00:00-04:00,31.05024421327765,32.18360540105778,31.05024421327765,32.08590316772461,17500,0.0,0.0
2025-08-25 00:00:00-04:00,31.87094779952565,32.00773239135742,31.558296239024276,32.00773239135742,6000,0.0,0.0
2025-08-26 00:00:00-04:00,29.369733451964386,32.17383062936786,29.369733451964386,32.00773239135742,10500,0.0,0.0
2025-08-27 00:00:00-04:00,32.183601476921126,32.24222504603385,31.890491085559166,32.13475036621094,6600,0.0,0.0
2025-08-28 00:00:00-04:00,31.587610103896825,32.43763130695118,31.587610103896825,32.359466552734375,4800,0.0,0.0
2025-08-29 00:00:00-04:00,32.281306824966,32.63304077889796,32.2422244462845,32.52556610107422,9300,0.0,0.0
2025-09-02 00:00:00-04:00,32.173831526034185,32.173831526034185,31.96865463256836,31.96865463256836,3500,0.0,0.0
2025-09-03 00:00:00-04:00,32.10544205546542,32.23245793136311,31.83187284008674,31.88072395324707,6900,0.0,0.0
2025-09-04 00:00:00-04:00,32.15429194900396,32.3887825012207,32.0663584578103,32.3887825012207,4300,0.0,0.0
2025-09-05 00:00:00-04:00,32.7112041517774,32.7112041517774,31.43128411155243,32.05659103393555,6900,0.0,0.0
2025-09-08 00:00:00-04:00,31.09909055409246,32.16405926957308,31.09909055409246,31.822097778320312,12200,0.0,0.0
2025-09-09 00:00:00-04:00,31.099092022870927,32.31061785016514,31.099092022870927,32.29107666015625,10000,0.0,0.0
2025-09-10 00:00:00-04:00,32.33015793476749,32.57441721087571,32.27153436674524,32.52556610107422,8000,0.0,0.0
2025-09-11 00:00:00-04:00,32.63304128446122,32.68189239501953,32.63304128446122,32.68189239501953,6500,0.0,0.0
2025-09-12 00:00:00-04:00,32.24222514847821,32.535335540771484,32.04681697791575,32.535335540771484,10600,0.0,0.0
2025-09-15 00:00:00-04:00,32.67212014203495,32.67212014203495,31.421513813796555,32.535335540771484,8900,0.0,0.0
2025-09-16 00:00:00-04:00,32.65257885438179,32.65257885438179,32.46694314280942,32.58418655395508,8300,0.0,0.0
2025-09-17 00:00:00-04:00,32.58418654403102,33.12155994307839,32.24222504200164,32.63304138183594,49900,0.0,0.0
2025-09-18 00:00:00-04:00,32.84798692352235,33.13132858276367,32.82844573387459,33.13132858276367,32200,0.0,0.0
2025-09-19 00:00:00-04:00,33.199720172884874,33.199720172884874,32.730742812671814,33.121559143066406,54100,0.0,0.0
2025-09-22 00:00:00-04:00,32.98476852483985,33.10201565206582,32.4669400911102,33.09224319458008,72900,0.0,0.0
2025-09-23 00:00:00-04:00,33.219264390380076,33.219264390380076,32.29107831640512,33.11178970336914,49000,0.0,0.0
2025-09-24 00:00:00-04:00,33.19972088298043,33.19972088298043,32.916379223739106,33.13132858276367,6200,0.0,0.0
2025-09-25 00:00:00-04:00,33.1508720853915,33.1997231993689,31.265190014475365,33.11178970336914,9200,0.0,0.0
2025-09-26 00:00:00-04:00,32.67211984789909,33.180179595947266,32.67211984789909,33.180179595947266,9500,0.0,0.0
2025-09-29 00:00:00-04:00,32.06635855411733,33.20949394306823,32.007734984111856,32.78936767578125,4500,0.0,0.0
2025-09-30 00:00:00-04:00,32.35946946125436,32.45717541280734,32.232457314886936,32.44740295410156,6000,0.0,0.0
2025-10-01 00:00:00-04:00,32.23245491818316,32.56464767456055,32.23245491818316,32.56464767456055,3700,0.0,0.0
2025-10-02 00:00:00-04:00,31.9197993884005,31.9197993884005,31.421512121055777,31.714622497558594,5500,0.0,0.0
2025-10-03 00:00:00-04:00,31.96866001650555,32.46694737414071,31.91980517231863,32.33993148803711,5300,0.0,0.0
2025-10-06 00:00:00-04:00,32.26176501281964,32.613498959961454,31.62668941635795,31.96865463256836,9300,0.0,0.0
2025-10-07 00:00:00-04:00,32.11521091952607,32.222685605182065,31.06978143976497,31.333581924438477,6800,0.0,0.0
2025-10-08 00:00:00-04:00,31.65600240028622,32.359466552734375,31.587610103896825,32.359466552734375,7900,0.0,0.0
2025-10-09 00:00:00-04:00,32.085896434046454,32.12497881001825,31.997962951660156,31.997962951660156,4800,0.0,0.0
2025-10-10 00:00:00-04:00,31.52898718380631,31.568069561714946,31.47036361694336,31.47036361694336,4400,0.0,0.0
2025-10-13 00:00:00-04:00,31.626689508611324,31.646230697631836,31.343351585565667,31.646230697631836,4100,0.0,0.0
2025-10-14 00:00:00-04:00,31.157712557489564,31.89049038330861,31.157712557489564,31.851408004760742,6800,0.0,0.0
2025-10-15 00:00:00-04:00,31.988199450061195,31.988199450061195,31.607151812700245,31.841642379760742,5600,0.0,0.0
2025-10-16 00:00:00-04:00,31.09909097878154,31.304269739885484,30.62034302093952,31.07954978942871,6900,0.0,0.0
2025-10-17 00:00:00-04:00,31.099091178353717,31.206565856933594,30.66919432758461,31.206565856933594,5700,0.0,0.0
2025-10-20 00:00:00-04:00,31.441056397421242,31.480138778686523,30.36631513878266,31.480138778686523,7200,0.0,0.0
2025-10-21 00:00:00-04:00,31.73416519165039,31.73416519165039,31.656004160188875,31.73416519165039,7700,0.0,0.0
2025-10-22 00:00:00-04:00,31.46059529688934,31.978423766089108,31.46059529688934,31.949113845825195,9900,0.0,0.0
2025-10-23 00:00:00-04:00,31.890491485595703,31.94911505544381,30.258839395832293,31.890491485595703,5300,0.0,0.0
2025-10-24 00:00:00-04:00,31.870950285824076,32.838218688964844,31.822099174516154,32.838218688964844,4700,0.0,0.0
2025-10-27 00:00:00-04:00,32.99454226375341,33.21926034234662,32.62326713398607,32.76005172729492,7300,0.0,0.0
2025-10-28 00:00:00-04:00,32.926152698606074,32.945693888857114,32.45717531388403,32.496253967285156,4700,0.0,0.0
2025-10-29 00:00:00-04:00,32.39854980121521,32.437632179374745,31.568069764378947,31.597379684448242,6600,0.0,0.0
2025-10-30 00:00:00-04:00,31.753705149365366,31.753705149365366,31.343351364135742,31.343351364135742,3500,0.0,0.0
2025-10-31 00:00:00-04:00,31.353122606173407,31.753707692595963,31.353122606173407,31.626691818237305,8200,0.0,0.0
2025-11-03 00:00:00-05:00,31.62669091233579,31.62669091233579,31.11863302010522,31.265188217163086,10300,0.0,0.0
2025-11-04 00:00:00-05:00,31.079549640399268,31.17725372314453,31.069779045769703,31.17725372314453,4800,0.0,0.0
2025-11-05 00:00:00-05:00,31.509447500109673,31.509447500109673,31.128403615049137,31.265188217163086,5300,0.0,0.0
2025-11-06 00:00:00-05:00,31.704855671887117,31.704855671887117,30.99161714938475,31.265188217163086,8400,0.0,0.0
2025-11-07 00:00:00-05:00,31.460597840830356,32.50602732191969,31.460597840830356,32.457176208496094,5600,0.0,0.0
2025-11-10 00:00:00-05:00,32.89683723492806,33.17041015625,32.89683723492806,33.17041015625,2200,0.0,0.0
2025-11-11 00:00:00-05:00,33.20949121586706,33.20949121586706,32.515792072622794,33.053165435791016,2900,0.0,0.0
2025-11-12 00:00:00-05:00,32.73074262282427,33.70777971604291,32.73074262282427,33.219261169433594,6700,0.0,0.0
2025-11-13 00:00:00-05:00,32.08590012957035,33.4439811706543,32.08590012957035,33.4439811706543,4900,0.0,0.0
2025-11-14 00:00:00-05:00,32.98125814042389,32.98125814042389,32.81389236450195,32.81389236450195,2800,0.26,0.0
2025-11-17 00:00:00-05:00,32.292096297954416,32.7843538749221,32.16410827636719,32.16410827636719,2300,0.0,0.0
2025-11-18 00:00:00-05:00,32.193648423443356,32.223182678222656,31.504487018781994,32.223182678222656,6000,0.0,0.0
2025-11-19 00:00:00-05:00,32.3610140512745,32.51853633538028,32.27240753173828,32.27240753173828,3400,0.0,0.0
2025-11-20 00:00:00-05:00,32.58744872406853,32.82373400356308,32.19364493241374,32.39054870605469,6400,0.0,0.0
2025-11-21 00:00:00-05:00,32.213340058217426,33.71964718313778,32.213340058217426,33.47351837158203,13200,0.0,0.0
2025-11-24 00:00:00-05:00,33.26676798919252,33.76886906577244,33.01079194573824,33.49320602416992,2800,0.0,0.0
2025-11-25 00:00:00-05:00,33.788562031332624,34.82230226063754,33.788562031332624,34.56632995605469,6400,0.0,0.0
2025-11-26 00:00:00-05:00,34.3398902395436,34.556481023485155,34.113452200733995,34.359580993652344,8100,0.0,0.0
2025-11-28 00:00:00-05:00,34.664780517576844,34.901065826416016,34.664780517576844,34.901065826416016,3500,0.0,0.0
2025-12-01 00:00:00-05:00,34.55648000929125,35.94464621038452,34.55648000929125,34.704158782958984,6300,0.0,0.0
2025-12-02 00:00:00-05:00,35.097967629111,35.097967629111,35.00936111278724,35.05858612060547,6300,0.0,0.0
2025-12-03 00:00:00-05:00,35.00935709959511,36.32860743828315,35.00935709959511,35.954490661621094,9300,0.0,0.0
2025-12-04 00:00:00-05:00,35.462234780295475,35.99387384205672,34.99951147591508,35.097965240478516,16700,0.0,0.0
2025-12-05 00:00:00-05:00,34.999515907736765,34.999515907736765,33.818096872767796,33.83778762817383,3800,0.0,0.0
2025-12-08 00:00:00-05:00,34.45802984767392,34.45802984767392,33.42428970336914,33.42428970336914,7500,0.0,0.0
2025-12-09 00:00:00-05:00,33.51289829040831,34.18236892648011,33.414444517087496,34.01499938964844,6000,0.0,0.0
2025-12-10 00:00:00-05:00,33.58181156259854,34.50725442939411,33.52273930298842,34.369422912597656,14100,0.0,0.0
2025-12-11 00:00:00-05:00,34.33988883913535,35.4425447348667,33.99530628972561,34.851837158203125,21400,0.0,0.0
2025-12-12 00:00:00-05:00,34.969979050661195,35.2653328485221,34.969979050661195,35.255489349365234,6000,0.0,0.0
2025-12-15 00:00:00-05:00,35.69851954063629,35.826507568359375,35.285024958861264,35.826507568359375,11100,0.0,0.0
2025-12-16 00:00:00-05:00,35.54099388406538,36.08248019777685,35.54099388406538,35.944644927978516,12100,0.0,0.0
2025-12-17 00:00:00-05:00,35.29486665867623,35.9348030090332,35.157035138446055,35.9348030090332,7100,0.0,0.0
2025-12-18 00:00:00-05:00,36.07263328180789,36.41721582609431,35.93480176634417,36.37783432006836,12300,0.0,0.0
2025-12-19 00:00:00-05:00,36.32861099771822,36.8700935859561,35.28502357346488,36.85040283203125,30500,0.0,0.0
2025-12-22 00:00:00-05:00,36.65350064675873,36.65350064675873,35.737901205276735,35.77728271484375,6600,0.0,0.0
2025-12-23 00:00:00-05:00,33.965773367272604,34.90106352996065,33.965773367272604,34.625396728515625,2300,0.0,0.0
2025-12-24 00:00:00-05:00,36.121857160046915,36.121857160046915,34.54663452440412,34.59585952758789,2400,0.0,0.0
2025-12-26 00:00:00-05:00,34.80260906721892,35.40316390991211,34.694315555393004,35.40316390991211,3200,0.0,0.0
2025-12-29 00:00:00-05:00,35.42285562959785,36.13170775907499,35.24564259722856,36.12186050415039,4800,0.0,0.0
2025-12-30 00:00:00-05:00,35.974183903231435,35.974183903231435,34.802608489990234,34.802608489990234,10300,0.0,0.0
2025-12-31 00:00:00-05:00,34.72384911246723,34.72384911246723,34.10360352851484,34.32019805908203,2400,0.0,0.0
2026-01-02 00:00:00-05:00,33.729489477664615,34.133140563964844,33.532589439959125,34.133140563964844,3900,0.0,0.0
2026-01-05 00:00:00-05:00,33.96577238413568,34.113451157621945,33.54243057281077,33.6408805847168,5100,0.0,0.0
2026-01-06 00:00:00-05:00,33.68026281091455,34.4383399367855,33.65072855783753,33.9263916015625,6500,0.0,0.0
2026-01-07 00:00:00-05:00,33.8968547908876,33.8968547908876,33.749176025390625,33.749176025390625,3400,0.0,0.0
2026-01-08 00:00:00-05:00,33.94608038190284,34.08391189575195,33.94608038190284,34.08391189575195,3500,0.0,0.0
2026-01-09 00:00:00-05:00,34.074072523855904,34.074072523855904,33.98546600341797,33.98546600341797,2600,0.0,0.0
2026-01-12 00:00:00-05:00,33.96577295597269,33.975616455078125,33.96577295597269,33.975616455078125,2100,0.0,0.0
2026-01-13 00:00:00-05:00,34.12329338069218,34.12329338069218,33.818092346191406,33.818092346191406,1500,0.0,0.0
2026-01-14 00:00:00-05:00,33.71964291507102,34.152828216552734,33.71964291507102,34.152828216552734,2500,0.0,0.0
2026-01-15 00:00:00-05:00,33.936239013854085,34.27097432091405,33.936239013854085,34.14298629760742,2900,0.0,0.0
2026-01-16 00:00:00-05:00,34.21190277136601,34.52694733096869,33.87716745733474,34.428497314453125,4300,0.0,0.0
2026-01-20 00:00:00-05:00,34.182366680713066,34.64508624022439,34.00515365600586,34.00515365600586,4200,0.0,0.0
2026-01-21 00:00:00-05:00,34.54663538634764,35.44254398690259,34.54663538634764,35.3637809753418,8000,0.0,0.0
2026-01-22 00:00:00-05:00,35.43270288352772,35.88557896373546,35.422855628603386,35.856040954589844,7300,0.0,0.0
2026-01-23 00:00:00-05:00,35.31455913247194,35.31455913247194,35.078277587890625,35.078277587890625,2200,0.0,0.0
2026-01-26 00:00:00-05:00,34.54663848876953,34.54663848876953,34.54663848876953,34.54663848876953,2200,0.0,0.0
2026-01-27 00:00:00-05:00,34.79276854968254,34.901065826416016,33.94608484681458,34.901065826416016,2300,0.0,0.0
2026-01-28 00:00:00-05:00,34.97982424635739,35.03889651104553,33.877168261571214,34.133140563964844,4800,0.0,0.0
2026-01-29 00:00:00-05:00,34.5761738540828,34.684471130371094,34.054381983560184,34.684471130371094,4100,0.0,0.0
2026-01-30 00:00:00-05:00,34.69431670833905,35.44254659509274,34.546637928608554,35.27518081665039,10600,0.0,0.0
2026-02-02 00:00:00-05:00,35.442547945380575,36.06279358600044,35.442547945380575,35.84619903564453,10700,0.0,0.0
2026-02-03 00:00:00-05:00,35.93480233444327,36.71257019042969,35.698517050179184,36.71257019042969,4100,0.0,0.0
2026-02-04 00:00:00-05:00,36.37783781469172,36.87009542042334,36.37783781469172,36.74210739135742,4800,0.0,0.0
2026-02-05 00:00:00-05:00,36.85040313981925,36.909475402087196,36.64365585532243,36.751953125,4400,0.0,0.0
2026-02-06 00:00:00-05:00,36.77163950359656,37.16544706748974,36.6731894904369,36.68303298950195,9900,0.0,0.0
2026-02-09 00:00:00-05:00,36.673190761017324,36.91931955807113,36.673190761017324,36.77164077758789,4300,0.0,0.0
2026-02-10 00:00:00-05:00,36.88978402614087,36.91931827896332,36.68303298950195,36.68303298950195,4000,0.0,0.0
2026-02-11 00:00:00-05:00,36.6731902033905,36.70272445678711,36.6731902033905,36.70272445678711,2200,0.0,0.0
2026-02-12 00:00:00-05:00,36.70272548017048,36.919320026124524,36.623966217041016,36.623966217041016,5900,0.0,0.0
2026-02-13 00:00:00-05:00,36.643801848239136,36.812440701352195,36.53468704223633,36.53468704223633,2200,0.28,0.0
2026-02-17 00:00:00-05:00,36.713239109676955,36.713239109676955,35.37406539916992,35.37406539916992,6900,0.0,0.0
2026-02-18 00:00:00-05:00,35.33438744510998,35.33438744510998,33.84641488034325,34.14400863647461,5500,0.0,0.0
2026-02-19 00:00:00-05:00,34.14400633327891,34.312645180314036,33.83649444580078,33.83649444580078,4200,0.0,0.0
2026-02-20 00:00:00-05:00,33.84641340506095,34.65983806894945,33.697618425535836,34.45152282714844,9600,0.0,0.0
2026-02-23 00:00:00-05:00,34.153930459661545,34.253127116673795,33.241305321887275,33.61825942993164,8000,0.0,0.0
2026-02-24 00:00:00-05:00,33.86625326683967,33.955531767603794,33.86625326683967,33.91585159301758,2800,0.0,0.0
2026-02-25 00:00:00-05:00,34.233286105044066,34.610240202920515,33.717458961562365,34.511043548583984,3400,0.0,0.0
2026-02-26 00:00:00-05:00,34.77887843624759,35.443504333496094,34.71935817424081,35.443504333496094,5000,0.0,0.0
2026-02-27 00:00:00-05:00,35.056632870770024,35.27487005220778,34.5308837890625,34.5308837890625,10100,0.0,0.0
2026-03-02 00:00:00-05:00,34.06465080264796,34.9871940612793,34.06465080264796,34.9871940612793,4500,0.0,0.0
2026-03-03 00:00:00-05:00,34.4019263519096,34.699520111083984,34.4019263519096,34.699520111083984,3500,0.0,0.0
2026-03-04 00:00:00-05:00,35.08639169282647,35.14591195714568,34.967354948297924,35.116153717041016,3500,0.0,0.0
2026-03-05 00:00:00-05:00,34.501120169008715,34.798717687785135,34.23328467257572,34.32256317138672,7800,0.0,0.0
2026-03-06 00:00:00-05:00,34.22336804051389,34.22336804051389,33.63809869657259,34.015052795410156,8700,0.0,0.0
2026-03-09 00:00:00-04:00,33.27106625675118,33.46946334838867,33.27106625675118,33.46946334838867,5100,0.0,0.0
2026-03-10 00:00:00-04:00,33.87617673142117,33.87617673142117,33.271067286055995,33.608341217041016,4500,0.0,0.0
2026-03-11 00:00:00-04:00,33.52898071226681,33.76705798533969,33.52898071226681,33.5885009765625,4100,0.0,0.0
2026-03-12 00:00:00-04:00,33.48930120273376,33.727378480546,33.47938305054198,33.67778015136719,4300,0.0,0.0
2026-03-13 00:00:00-04:00,33.60833940732864,33.638097645954076,33.370262145996094,33.370262145996094,3700,0.0,0.0
2026-03-16 00:00:00-04:00,34.015052795410156,34.24320812825374,34.015052795410156,34.015052795410156,2100,0.0,0.0
2026-03-17 00:00:00-04:00,34.024971160914845,34.12417160023712,34.024971160914845,34.0448112487793,5300,0.0,0.0
2026-03-18 00:00:00-04:00,34.22336797436867,34.22336797436867,33.49922180175781,33.49922180175781,9100,0.0,0.0
2026-03-19 00:00:00-04:00,33.66785566772735,33.66785566772735,33.34050369262695,33.34050369262695,3700,0.0,0.0
2026-03-20 00:00:00-04:00,33.34050332365656,34.50112001904511,33.13218808870626,33.2909049987793,28400,0.0,0.0
2026-03-23 00:00:00-04:00,33.796815677750836,34.5308837890625,33.71745911075244,34.5308837890625,7100,0.0,0.0
2026-03-24 00:00:00-04:00,34.09440935852563,34.09440935852563,33.50914001464844,33.50914001464844,3800,0.0,0.0
2026-03-25 00:00:00-04:00,33.46946279678721,33.46946279678721,33.400020599365234,33.400020599365234,3200,0.0,0.0
2026-03-26 00:00:00-04:00,33.191707611083984,33.191707611083984,33.191707611083984,33.191707611083984,1500,0.0,0.0
2026-03-27 00:00:00-04:00,33.618257181950824,34.37216534762733,33.618257181950824,33.82657241821289,3300,0.0,0.0
2026-03-30 00:00:00-04:00,34.31264799595145,35.11615455493863,34.31264799595145,34.7193603515625,6700,0.0,0.0
2026-03-31 00:00:00-04:00,35.25502904074137,35.25502904074137,33.90593338012695,33.90593338012695,5700,0.0,0.0
2026-04-01 00:00:00-04:00,34.25312805175781,34.25312805175781,34.25312805175781,34.25312805175781,3600,0.0,0.0
2026-04-02 00:00:00-04:00,34.917755126953125,34.917755126953125,34.917755126953125,34.917755126953125,1900,0.0,0.0
2026-04-06 00:00:00-04:00,34.78879928588867,34.78879928588867,34.78879928588867,34.78879928588867,2700,0.0,0.0
2026-04-07 00:00:00-04:00,34.91775766683652,34.91775766683652,34.74911880493164,34.74911880493164,4500,0.0,0.0
2026-04-08 00:00:00-04:00,35.71134029848646,35.71134029848646,35.50302505493164,35.50302505493164,4400,0.0,0.0
2026-04-09 00:00:00-04:00,36.1775727196679,36.18749087136066,35.711340123803126,35.98909378051758,6900,0.0,0.0
2026-04-10 00:00:00-04:00,35.82046085802248,36.276771545410156,35.82046085802248,36.276771545410156,2700,0.0,0.0
2026-04-13 00:00:00-04:00,36.008934020996094,36.008934020996094,36.008934020996094,36.008934020996094,2500,0.0,0.0
2026-04-14 00:00:00-04:00,36.108133936602115,36.108133936602115,35.93949508666992,35.93949508666992,1400,0.0,0.0
2026-04-15 00:00:00-04:00,35.135990142822266,35.135990142822266,35.135990142822266,35.135990142822266,1600,0.0,0.0
2026-04-16 00:00:00-04:00,35.47326205027797,35.47326205027797,35.37406539916992,35.37406539916992,2000,0.0,0.0
2026-04-17 00:00:00-04:00,35.870057295039,35.870057295039,34.481281433359555,34.501121520996094,9400,0.0,0.0
2026-04-20 00:00:00-04:00,34.53088252149593,34.86815643310547,34.49120234739842,34.86815643310547,3300,0.0,0.0
2026-04-21 00:00:00-04:00,34.4812807595074,34.64991960906745,34.31264569405705,34.411842346191406,5400,0.0,0.0
2026-04-22 00:00:00-04:00,34.94751569406529,34.967355782645086,34.7193603515625,34.7193603515625,3000,0.0,0.0
2026-04-23 00:00:00-04:00,34.83839416503906,34.83839416503906,34.83839416503906,34.83839416503906,1300,0.0,0.0
2026-04-24 00:00:00-04:00,34.46144447234797,34.92767327852727,34.46144447234797,34.917755126953125,3300,0.0,0.0
2026-04-27 00:00:00-04:00,35.69150042588571,35.91965575840718,35.53278350830078,35.53278350830078,4800,0.0,0.0
2026-04-28 00:00:00-04:00,36.46524429321289,36.46524429321289,36.46524429321289,36.46524429321289,2300,0.0,0.0
2026-04-29 00:00:00-04:00,36.256930148146886,36.256930148146886,35.59230422973633,35.59230422973633,3300,0.0,0.0
2026-04-30 00:00:00-04:00,35.36414747471662,35.36414747471662,34.8879929508343,34.89791488647461,3900,0.0,0.0
2026-05-01 00:00:00-04:00,35.473265183201754,35.79070281982422,35.41374870092442,35.79070281982422,2100,0.0,0.0
2026-05-04 00:00:00-04:00,34.67967987060547,34.67967987060547,34.67967987060547,34.67967987060547,2900,0.0,0.0
2026-05-05 00:00:00-04:00,35.61214287570569,35.61214287570569,34.897914874242275,35.40382385253906,4900,0.0,0.0
2026-05-06 00:00:00-04:00,35.31454474276859,35.31454474276859,34.81855392456055,34.81855392456055,4900,0.0,0.0
2026-05-07 00:00:00-04:00,35.46334457397461,35.46334457397461,35.46334457397461,35.46334457397461,3900,0.0,0.0
2026-05-08 00:00:00-04:00,35.1855928033615,35.43358823324906,35.1855928033615,35.2054328918457,2300,0.0,0.0
2026-05-11 00:00:00-04:00,35.38398302944968,35.939494106157525,34.669758826950584,34.7987174987793,3100,0.0,0.0
2026-05-12 00:00:00-04:00,34.75904083251953,34.75904083251953,34.75904083251953,34.75904083251953,2100,0.0,0.0
2026-05-13 00:00:00-04:00,34.570558820234425,34.85823440551758,34.570558820234425,34.85823440551758,2400,0.0,0.0
2026-05-14 00:00:00-04:00,34.63999938964844,34.63999938964844,34.63999938964844,34.63999938964844,2900,0.0,0.0
2026-05-15 00:00:00-04:00,34.65999984741211,34.83000183105469,34.29999923706055,34.29999923706055,4400,0.28,0.0
2026-05-18 00:00:00-04:00,34.27000045776367,34.529998779296875,34.27000045776367,34.31999969482422,2400,0.0,0.0
2026-05-19 00:00:00-04:00,34.27000045776367,34.7400016784668,34.27000045776367,34.7400016784668,2100,0.0,0.0
2026-05-20 00:00:00-04:00,34.5099983215332,35.0,34.310001373291016,34.599998474121094,4500,0.0,0.0
2026-05-21 00:00:00-04:00,34.4900016784668,34.4900016784668,34.4900016784668,34.4900016784668,2600,0.0,0.0
2026-05-22 00:00:00-04:00,34.779998779296875,35.349998474121094,34.4900016784668,34.4900016784668,6500,0.0,0.0
2026-05-26 00:00:00-04:00,34.630001068115234,35.400001525878906,34.630001068115234,34.810001373291016,3300,0.0,0.0
2026-05-27 00:00:00-04:00,34.61000061035156,35.369998931884766,34.4900016784668,35.369998931884766,4300,0.0,0.0
2026-05-28 00:00:00-04:00,34.95000076293945,35.79999923706055,34.77000045776367,35.79999923706055,5300,0.0,0.0
2026-05-29 00:00:00-04:00,35.33000183105469,36.22999954223633,35.33000183105469,35.84000015258789,5100,0.0,0.0
2026-06-01 00:00:00-04:00,35.470001220703125,36.22999954223633,34.779998779296875,34.779998779296875,4800,0.0,0.0
2026-06-02 00:00:00-04:00,34.43000030517578,34.45000076293945,34.29999923706055,34.33000183105469,5600,0.0,0.0
2026-06-03 00:00:00-04:00,34.29999923706055,34.29999923706055,33.900001525878906,33.91999816894531,10400,0.0,0.0
2026-06-04 00:00:00-04:00,33.849998474121094,34.290000915527344,33.849998474121094,34.290000915527344,1700,0.0,0.0
2026-06-05 00:00:00-04:00,34.0,34.130001068115234,34.0,34.130001068115234,1900,0.0,0.0
2026-06-08 00:00:00-04:00,34.099998474121094,34.5,34.099998474121094,34.40999984741211,3500,0.0,0.0
2026-06-09 00:00:00-04:00,34.130001068115234,34.709999084472656,34.130001068115234,34.709999084472656,6500,0.0,0.0
2026-06-10 00:00:00-04:00,34.5,37.40999984741211,34.5,36.9900016784668,16700,0.0,0.0
2026-06-11 00:00:00-04:00,37.31999969482422,37.779998779296875,37.31999969482422,37.400001525878906,3800,0.0,0.0
2026-06-12 00:00:00-04:00,37.20000076293945,37.63999938964844,35.880001068115234,37.52000045776367,5200,0.0,0.0
2026-06-15 00:00:00-04:00,37.54999923706055,37.54999923706055,37.31999969482422,37.31999969482422,2600,0.0,0.0
2026-06-16 00:00:00-04:00,37.29999923706055,37.810001373291016,36.95000076293945,37.810001373291016,2300,0.0,0.0
2026-06-17 00:00:00-04:00,36.68000030517578,37.720001220703125,36.68000030517578,37.189998626708984,4200,0.0,0.0
2026-06-18 00:00:00-04:00,37.95000076293945,37.95000076293945,36.9900016784668,37.0,13100,0.0,0.0
2026-06-22 00:00:00-04:00,36.9900016784668,36.9900016784668,35.349998474121094,35.349998474121094,6400,0.0,0.0
2026-06-23 00:00:00-04:00,35.38999938964844,37.0,35.38999938964844,36.97999954223633,5400,0.0,0.0
2026-06-24 00:00:00-04:00,37.0,37.689998626708984,37.0,37.099998474121094,8300,0.0,0.0
2026-06-25 00:00:00-04:00,37.0,37.25,36.709999084472656,37.25,2900,0.0,0.0
2026-06-26 00:00:00-04:00,37.52000045776367,38.38999938964844,37.5,37.939998626708984,90900,0.0,0.0
2026-06-29 00:00:00-04:00,37.900001525878906,37.900001525878906,37.11000061035156,37.29999923706055,5100,0.0,0.0
2026-06-30 00:00:00-04:00,37.529998779296875,37.900001525878906,37.279998779296875,37.900001525878906,7300,0.0,0.0
2026-07-01 00:00:00-04:00,37.54999923706055,38.310001373291016,37.54999923706055,38.310001373291016,4500,0.0,0.0
2026-07-02 00:00:00-04:00,38.31999969482422,38.31999969482422,38.13999938964844,38.13999938964844,2500,0.0,0.0
2026-07-06 00:00:00-04:00,38.86000061035156,38.86000061035156,38.04999923706055,38.04999923706055,3100,0.0,0.0
2026-07-07 00:00:00-04:00,38.189998626708984,38.189998626708984,37.279998779296875,37.279998779296875,2100,0.0,0.0
2026-07-08 00:00:00-04:00,37.90999984741211,38.060001373291016,37.90999984741211,38.060001373291016,3700,0.0,0.0
2026-07-09 00:00:00-04:00,38.25,38.25,37.41999816894531,37.83000183105469,2600,0.0,0.0
2026-07-10 00:00:00-04:00,37.630001068115234,37.630001068115234,36.40999984741211,36.40999984741211,6200,0.0,0.0
2026-07-13 00:00:00-04:00,37.54999923706055,36.97999954223633,35.72999954223633,36.29999923706055,6428,0.0,0.0
