Date,Open,High,Low,Close,Volume,Dividends,Stock Splits
2022-01-03 00:00:00-05:00,530.3815934607138,530.3815934607138,506.24266231750585,515.6227416992188,286000,0.0,0.0
2022-01-04 00:00:00-05:00,517.3937464599168,520.6734908446138,512.3991482825586,515.2853393554688,200800,0.0,0.0
2022-01-05 00:00:00-05:00,511.66830734226403,517.0376995922194,494.9697147828934,496.0660705566406,278400,0.0,0.0
2022-01-06 00:00:00-05:00,491.41814889498244,499.2333365167536,478.61780006122956,487.76361083984375,280900,0.0,0.0
2022-01-07 00:00:00-05:00,485.2335934388953,486.7797246197401,470.5871847882424,471.5055236816406,316000,0.0,0.0
2022-01-10 00:00:00-05:00,465.7518398929277,465.95799640978345,454.75064868633183,465.0771484375,544400,0.0,0.0
2022-01-11 00:00:00-05:00,465.07724020960325,473.98878565079923,457.70250339678597,470.46539306640625,386100,0.0,0.0
2022-01-12 00:00:00-05:00,473.2203647541223,487.83863433220694,473.2203647541223,480.53887939453125,469200,0.0,0.0
2022-01-13 00:00:00-05:00,481.1573071486731,482.37554390835317,470.9432784290735,475.3100280761719,434900,0.0,0.0
2022-01-14 00:00:00-05:00,469.58447668833196,472.1239281803147,452.6047742066742,463.0062561035156,332100,0.0,0.0
2022-01-18 00:00:00-05:00,454.0010350887553,466.2672779554768,447.10421361628073,462.8282470703125,353900,0.0,0.0
2022-01-19 00:00:00-05:00,466.0610968716517,472.6112352719255,459.52036691906244,459.7827453613281,244300,0.0,0.0
2022-01-20 00:00:00-05:00,462.72514310912413,471.0650887804035,445.9797071990958,446.4482421875,277400,0.0,0.0
2022-01-21 00:00:00-05:00,446.4763352367524,453.7761180705176,439.5045326011375,441.24749755859375,337100,0.0,0.0
2022-01-24 00:00:00-05:00,435.7375063351993,449.6061295065963,421.2691446972902,447.5633239746094,632600,0.0,0.0
2022-01-25 00:00:00-05:00,439.0172287750933,444.8645355419641,426.7228768052098,431.0427551269531,409600,0.0,0.0
2022-01-26 00:00:00-05:00,436.16855836593805,443.3652771086011,419.6011689900886,422.8621826171875,319000,0.0,0.0
2022-01-27 00:00:00-05:00,429.74963623085733,433.6572305067928,421.63463562576067,423.32135009765625,322800,0.0,0.0
2022-01-28 00:00:00-05:00,424.3239879813333,430.82725520651405,413.38836994909735,430.7897644042969,285600,0.0,0.0
2022-01-31 00:00:00-05:00,430.0869742461233,447.07605615208155,429.2248573531942,446.279541015625,303000,0.0,0.0
2022-02-01 00:00:00-05:00,445.83913378879873,452.37051239806783,436.17794501944843,443.91815185546875,348900,0.0,0.0
2022-02-02 00:00:00-05:00,444.9208013401147,449.3812634583911,439.7294544009754,441.6129455566406,253700,0.0,0.0
2022-02-03 00:00:00-05:00,434.4443087999245,439.75750730396163,428.3346238202855,429.2248229980469,314500,0.0,0.0
2022-02-04 00:00:00-05:00,427.23828453596485,428.9062678605094,419.31068096848736,420.3883056640625,370200,0.0,0.0
2022-02-07 00:00:00-05:00,423.34009560395833,426.9290896505066,417.2210297634923,420.838134765625,356800,0.0,0.0
2022-02-08 00:00:00-05:00,420.20089269731517,427.32260098432357,413.95062394768286,423.71490478515625,313200,0.0,0.0
2022-02-09 00:00:00-05:00,432.11107742024126,440.93826047379747,430.2556685950801,435.7750244140625,246000,0.0,0.0
2022-02-10 00:00:00-05:00,426.3855530983698,435.7656323333237,422.33743269806746,425.1298828125,207500,0.0,0.0
2022-02-11 00:00:00-05:00,425.99197712563495,429.9651443026796,412.8261280310391,418.44854736328125,246800,0.0,0.0
2022-02-14 00:00:00-05:00,417.6896021467228,424.8394513271918,416.7244211224447,422.5623779296875,366400,0.0,0.0
2022-02-15 00:00:00-05:00,427.3414055591166,437.6585266863819,423.2183033291728,430.6492614746094,299700,0.0,0.0
2022-02-16 00:00:00-05:00,430.58365499100813,431.7737235683863,426.0763506835498,431.2208557128906,464900,0.0,0.0
2022-02-17 00:00:00-05:00,435.73752796264034,438.09893394825406,416.780592526426,417.8582458496094,820800,0.0,0.0
2022-02-18 00:00:00-05:00,419.63867852366417,440.22610679536336,418.8515431848406,426.20751953125,678400,0.0,0.0
2022-02-22 00:00:00-05:00,424.02415072698136,428.18474357657914,400.49433810054325,403.0525207519531,579200,0.0,0.0
2022-02-23 00:00:00-05:00,403.80213958923775,406.1635452416877,387.5439724858877,389.2775573730469,442600,0.0,0.0
2022-02-24 00:00:00-05:00,376.6927518796443,409.18098064917916,376.2429765916663,408.62811279296875,498700,0.0,0.0
2022-02-25 00:00:00-05:00,408.628055523693,423.8460607057427,405.8543081834072,421.1098327636719,443300,0.0,0.0
2022-02-28 00:00:00-05:00,413.4352459529735,431.38012858565077,413.4352459529735,429.72149658203125,610900,0.0,0.0
2022-03-01 00:00:00-05:00,427.9036096264029,436.24352595390786,427.9036096264029,433.4042053222656,447200,0.0,0.0
2022-03-02 00:00:00-05:00,434.0976682819948,450.6650586668828,433.7884477712881,445.55804443359375,447600,0.0,0.0
2022-03-03 00:00:00-05:00,447.55399792577884,453.00775229817555,435.8687622452626,439.90753173828125,387600,0.0,0.0
2022-03-04 00:00:00-05:00,439.4858376711958,439.9075306173992,423.133954446932,436.49658203125,387200,0.0,0.0
2022-03-07 00:00:00-05:00,436.6370921179088,436.6370921179088,421.69084404526046,423.1339111328125,393700,0.0,0.0
2022-03-08 00:00:00-05:00,423.0777073309883,433.1980800630325,408.7124374187093,409.49957275390625,377000,0.0,0.0
2022-03-09 00:00:00-05:00,418.4556131999231,434.58402280568004,414.46576172807164,428.78228759765625,360700,0.8,0.0
2022-03-10 00:00:00-05:00,422.36091875400047,428.0687685849504,415.4889804106219,424.407470703125,212800,0.0,0.0
2022-03-11 00:00:00-05:00,429.84307507109145,429.84307507109145,414.56899687511867,415.03839111328125,220500,0.0,0.0
2022-03-14 00:00:00-04:00,416.85964507799747,420.4364268982391,409.86565943551767,414.080810546875,230800,0.0,0.0
2022-03-15 00:00:00-04:00,418.3805021736649,426.8108335363903,413.3204182154768,425.09283447265625,185000,0.0,0.0
2022-03-16 00:00:00-04:00,428.38799345627496,440.5546849130156,427.34592327908916,439.0807800292969,348400,0.0,0.0
2022-03-17 00:00:00-04:00,439.3530663856082,446.3188904285515,435.6354715380668,446.0653991699219,216200,0.0,0.0
2022-03-18 00:00:00-04:00,442.8546643142786,458.83283264307045,439.21216072133785,457.5748596191406,471000,0.0,0.0
2022-03-21 00:00:00-04:00,455.6221947908397,458.57000433358155,442.01915905074185,446.6943359375,234400,0.0,0.0
2022-03-22 00:00:00-04:00,447.42656299797983,452.67438678439095,442.4979238337806,447.6894226074219,285300,0.0,0.0
2022-03-23 00:00:00-04:00,443.5118391566834,445.9245324502538,428.7540829578213,431.9647521972656,307300,0.0,0.0
2022-03-24 00:00:00-04:00,432.78147592716994,433.6076143480088,418.3898615786042,422.9429626464844,326600,0.0,0.0
2022-03-25 00:00:00-04:00,423.63767163765937,425.37440729526867,401.85776883072407,404.8431091308594,425200,0.0,0.0
2022-03-28 00:00:00-04:00,406.8708987660486,413.6771148657156,400.1398017843323,413.3016052246094,375400,0.0,0.0
2022-03-29 00:00:00-04:00,421.9760403363041,437.86975166502685,418.52130547784134,426.66998291015625,341600,0.0,0.0
2022-03-30 00:00:00-04:00,425.994049283846,426.48223764179664,416.4935142042254,421.9291076660156,273600,0.0,0.0
2022-03-31 00:00:00-04:00,424.6234705694037,430.1811117028531,394.85449200147553,396.9667663574219,673000,0.0,0.0
2022-04-01 00:00:00-04:00,399.8581790668652,403.70721764810156,396.17814418934614,399.0132751464844,418400,0.0,0.0
2022-04-04 00:00:00-04:00,400.0835071137153,408.73913821807776,396.2156744332845,404.3737487792969,366700,0.0,0.0
2022-04-05 00:00:00-04:00,405.26561589032747,416.50291554860405,402.80599456763827,407.00238037109375,408000,0.0,0.0
2022-04-06 00:00:00-04:00,400.34638057229074,402.87172401307083,381.42040034619254,394.2066955566406,552400,0.0,0.0
2022-04-07 00:00:00-04:00,390.89281240046665,405.0309668060311,389.25932936024327,399.62353515625,375000,0.0,0.0
2022-04-08 00:00:00-04:00,399.03207153535357,403.6415268672097,394.7699920411686,396.2532653808594,305400,0.0,0.0
2022-04-11 00:00:00-04:00,393.8123878752089,393.8123878752089,383.53267075036393,389.6347961425781,549700,0.0,0.0
2022-04-12 00:00:00-04:00,393.90625594401666,402.54312144305163,385.2318595333574,385.81390380859375,216300,0.0,0.0
2022-04-13 00:00:00-04:00,385.8139487044673,396.7508300686421,384.368206251271,395.64306640625,300200,0.0,0.0
2022-04-14 00:00:00-04:00,399.1635038063454,404.7868380239659,388.4143635045015,388.71478271484375,224300,0.0,0.0
2022-04-18 00:00:00-04:00,386.0204446582054,391.0617343068867,379.7868752817415,385.36328125,282800,0.0,0.0
2022-04-19 00:00:00-04:00,390.19805200388015,404.5333415748209,388.63965971140016,403.4819030761719,273000,0.0,0.0
2022-04-20 00:00:00-04:00,408.8518274973157,410.926542256796,405.19992613490865,405.3876953125,472200,0.0,0.0
2022-04-21 00:00:00-04:00,424.8018445207307,444.96703410596325,400.33701572272764,401.0411071777344,966100,0.0,0.0
2022-04-22 00:00:00-04:00,396.8258578392571,402.6087690215453,390.25433920983653,390.2918701171875,504900,0.0,0.0
2022-04-25 00:00:00-04:00,390.06662525009085,403.23782687729476,381.1293689637348,401.4635314941406,529400,0.0,0.0
2022-04-26 00:00:00-04:00,400.0366087817681,402.5619525032682,389.73809630418515,390.04791259765625,362900,0.0,0.0
2022-04-27 00:00:00-04:00,390.4327630331765,401.1349462037156,380.12485498890527,380.16241455078125,419800,0.0,0.0
2022-04-28 00:00:00-04:00,384.0677622550681,394.29118311182407,377.11136445034407,392.09442138671875,391000,0.0,0.0
2022-04-29 00:00:00-04:00,388.04821784357057,395.6993381054987,379.5427966403132,380.4158630371094,318200,0.0,0.0
2022-05-02 00:00:00-04:00,381.5893672359957,388.6866060876351,374.9239630775689,386.85595703125,445000,0.0,0.0
2022-05-03 00:00:00-04:00,388.4894942705989,390.8364657037988,377.3554468937309,381.2983703613281,477700,0.0,0.0
2022-05-04 00:00:00-04:00,380.2093475634505,392.7046203728926,368.58714119474314,391.39971923828125,392500,0.0,0.0
2022-05-05 00:00:00-04:00,387.3441283761992,388.94944863771127,370.7463551057355,376.0411071777344,508500,0.0,0.0
2022-05-06 00:00:00-04:00,370.4646953043574,376.1631480986567,357.1057539334901,370.1642761230469,447400,0.0,0.0
2022-05-09 00:00:00-04:00,366.1275578907792,377.6277183629896,363.75242385352124,375.365234375,426600,0.0,0.0
2022-05-10 00:00:00-04:00,382.07748848247434,386.14245836986873,359.08656932910196,371.7038879394531,539200,0.0,0.0
2022-05-11 00:00:00-04:00,369.3569799243825,375.59991822978986,356.83354374862296,358.0633544921875,498600,0.0,0.0
2022-05-12 00:00:00-04:00,354.4114254023476,379.20483320897483,354.4114254023476,379.0358581542969,500500,0.0,0.0
2022-05-13 00:00:00-04:00,381.61452357744014,388.85173457811214,381.50159383668216,386.95068359375,338800,1.0,0.0
2022-05-16 00:00:00-04:00,384.5131749946325,384.5131749946325,373.27620662718806,377.55828857421875,300600,0.0,0.0
2022-05-17 00:00:00-04:00,381.3886354836725,385.66132558615726,371.24336953684536,381.3509826660156,315700,0.0,0.0
2022-05-18 00:00:00-04:00,375.22433875969534,376.4007380802102,362.36864353862654,364.5049743652344,397400,0.0,0.0
2022-05-19 00:00:00-04:00,360.3828304282369,379.7510829834211,359.78052897126133,370.2928161621094,461300,0.0,0.0
2022-05-20 00:00:00-04:00,372.9844422413773,384.1367127182521,371.6103872578603,381.6991882324219,826800,0.0,0.0
2022-05-23 00:00:00-04:00,380.927490234375,385.40719896245844,376.3818675359056,380.927490234375,592300,0.0,0.0
2022-05-24 00:00:00-04:00,379.6194008216065,381.1063858432865,359.9970518121222,366.28375244140625,440500,0.0,0.0
2022-05-25 00:00:00-04:00,363.66738289492946,374.3867182713283,356.7689613872218,370.3210754394531,563000,0.0,0.0
2022-05-26 00:00:00-04:00,375.29017448733424,379.7228675601741,371.2057197194366,377.2571105957031,702800,0.0,0.0
2022-05-27 00:00:00-04:00,378.7628511486006,384.983664421695,374.1796049257979,382.09442138671875,534000,0.0,0.0
2022-05-31 00:00:00-04:00,382.69681343804905,382.69681343804905,372.0997996141353,375.1490173339844,770500,0.0,0.0
2022-06-01 00:00:00-04:00,376.41011327769115,379.4969838108517,364.8249355737387,369.8975830078125,339500,0.0,0.0
2022-06-02 00:00:00-04:00,370.45287476128044,390.5740143415979,370.45287476128044,390.10345458984375,225000,0.0,0.0
2022-06-03 00:00:00-04:00,383.84496039135985,390.55514658301166,381.49216179516696,383.2897033691406,331300,0.0,0.0
2022-06-06 00:00:00-04:00,385.85898744598387,389.00232306796374,380.5887126050232,387.3741760253906,318700,0.0,0.0
2022-06-07 00:00:00-04:00,384.6637211849389,387.8823332693195,378.33939802186813,386.61181640625,350600,0.0,0.0
2022-06-08 00:00:00-04:00,384.8707829243843,387.9952774462617,381.4733270191324,382.9132385253906,197100,0.0,0.0
2022-06-09 00:00:00-04:00,377.83125628761553,397.06774164760856,377.83125628761553,391.8727722167969,477600,0.0,0.0
2022-06-10 00:00:00-04:00,383.53441013805565,385.20960161821415,360.50521593794355,362.3592224121094,519100,0.0,0.0
2022-06-13 00:00:00-04:00,351.7339734365247,358.3500420096131,345.08967242881323,347.1507263183594,584300,0.0,0.0
2022-06-14 00:00:00-04:00,345.84261129923544,346.99077826163364,317.4302107133035,328.86480712890625,931100,0.0,0.0
2022-06-15 00:00:00-04:00,330.5116985003544,340.3840310426051,325.70256380821513,332.9868469238281,524900,0.0,0.0
2022-06-16 00:00:00-04:00,325.4955708777051,325.4955708777051,310.2400320872605,312.6210632324219,490600,0.0,0.0
2022-06-17 00:00:00-04:00,314.3809535282932,319.5665310986207,311.8117157068832,313.326904296875,538000,0.0,0.0
2022-06-21 00:00:00-04:00,316.21614911389344,320.3476774671151,312.1599264035696,313.16693115234375,342300,0.0,0.0
2022-06-22 00:00:00-04:00,310.62585972759166,317.3642779232126,305.05444909121644,316.0090637207031,419700,0.0,0.0
2022-06-23 00:00:00-04:00,316.66783415508587,332.7421392509005,316.0184595368393,332.24334716796875,385300,0.0,0.0
2022-06-24 00:00:00-04:00,334.4173599729503,343.52738875821,333.579778652167,335.92315673828125,583900,0.0,0.0
2022-06-27 00:00:00-04:00,336.55374371620707,338.69010344564816,332.4598967083219,335.433837890625,300100,0.0,0.0
2022-06-28 00:00:00-04:00,334.3420365646478,338.2382553554147,329.9187645667265,332.2903747558594,587200,0.0,0.0
2022-06-29 00:00:00-04:00,332.6763571301745,333.04340755891104,323.83925904970766,329.373046875,424000,0.0,0.0
2022-06-30 00:00:00-04:00,325.0815060338523,333.59862590809416,321.4299578267671,330.5494079589844,456100,0.0,0.0
2022-07-01 00:00:00-04:00,331.04814792800494,337.39128308321875,326.59664311440673,331.19873046875,450200,0.0,0.0
2022-07-05 00:00:00-04:00,328.0177625260972,344.02618393187265,323.18039504174277,342.0404357910156,485500,0.0,0.0
2022-07-06 00:00:00-04:00,345.1932257159672,355.39495753922495,344.2897303268368,350.7834777832031,472800,0.0,0.0
2022-07-07 00:00:00-04:00,349.17411347706525,365.568426251312,348.204761632709,364.8061218261719,461900,0.0,0.0
2022-07-08 00:00:00-04:00,363.47914107452044,364.3449835721461,352.5244973141338,355.9407653808594,274500,0.0,0.0
2022-07-11 00:00:00-04:00,356.1008422332855,357.945428625052,348.28014058049,349.23065185546875,304400,0.0,0.0
2022-07-12 00:00:00-04:00,350.43519841470146,360.26990742015363,348.2141704646929,351.73394775390625,415000,0.0,0.0
2022-07-13 00:00:00-04:00,345.6543226465466,349.8140829180833,342.64272916049146,346.25665283203125,439500,0.0,0.0
2022-07-14 00:00:00-04:00,338.0594835706507,347.78126282440314,335.72552589554584,347.282470703125,396800,0.0,0.0
2022-07-15 00:00:00-04:00,352.9198366866751,354.04919165234844,348.48717157968366,351.8375549316406,289100,0.0,0.0
2022-07-18 00:00:00-04:00,352.7787193828705,357.51255024578836,349.7765452924778,350.76470947265625,262900,0.0,0.0
2022-07-19 00:00:00-04:00,356.0630683532508,365.04135441208825,352.1291966182001,363.7331848144531,322100,0.0,0.0
2022-07-20 00:00:00-04:00,367.83659093598607,374.9984971022359,365.069697093073,373.3891906738281,506000,0.0,0.0
2022-07-21 00:00:00-04:00,349.1930135434645,352.9198390015274,330.38943418201467,335.57501220703125,1220800,0.0,0.0
2022-07-22 00:00:00-04:00,334.1068439189884,354.6797024666886,332.45988478889444,341.7298889160156,1041400,0.0,0.0
2022-07-25 00:00:00-04:00,340.25231040995567,342.49217914100734,330.03173895664514,334.0973815917969,429000,0.0,0.0
2022-07-26 00:00:00-04:00,326.8508002046128,330.1823713716369,321.20408304320387,322.9451599121094,424000,0.0,0.0
2022-07-27 00:00:00-04:00,327.41549416287666,334.60566149663657,322.1264067504911,334.2009582519531,480400,0.0,0.0
2022-07-28 00:00:00-04:00,333.65504814703564,339.62174148936066,322.7474781262821,338.699462890625,574900,0.0,0.0
2022-07-29 00:00:00-04:00,339.02888111451637,340.3840954986676,332.98690997913934,336.6384582519531,506900,0.0,0.0
2022-08-01 00:00:00-04:00,337.11841558236694,343.48039273507464,334.2103597089013,341.92755126953125,361300,0.0,0.0
2022-08-02 00:00:00-04:00,341.7486537755068,348.6658863295306,338.0500618435918,338.737060546875,300600,0.0,0.0
2022-08-03 00:00:00-04:00,342.1063596937303,343.5933158712267,337.3254565353581,341.7298889160156,304400,0.0,0.0
2022-08-04 00:00:00-04:00,342.12513389301944,351.11281266318264,341.12754962795765,348.89178466796875,300500,0.0,0.0
2022-08-05 00:00:00-04:00,344.38381089723777,351.724559359019,341.635758366749,351.6398620605469,336400,0.0,0.0
2022-08-08 00:00:00-04:00,352.89154056937,364.90023323601685,352.89154056937,359.1970520019531,343700,0.0,0.0
2022-08-09 00:00:00-04:00,357.21123362584603,362.2932720222591,344.5531677504645,348.1106262207031,325500,0.0,0.0
2022-08-10 00:00:00-04:00,359.21766270147884,364.0492516820528,355.9902965004085,360.9351501464844,581700,1.0,0.0
2022-08-11 00:00:00-04:00,363.31317665621145,365.66290720658475,353.7820979504572,354.16900634765625,540200,0.0,0.0
2022-08-12 00:00:00-04:00,354.87674255954596,368.1353021865727,353.1687011783714,366.8896789550781,328100,0.0,0.0
2022-08-15 00:00:00-04:00,369.3055428942823,373.45768831227133,366.40846686546496,366.9369201660156,338900,0.0,0.0
2022-08-16 00:00:00-04:00,365.6157398516323,373.15565873595074,363.3226272035026,370.5511474609375,251800,0.0,0.0
2022-08-17 00:00:00-04:00,365.59685667406893,369.60745650632214,362.1335730887423,364.8513488769531,239600,0.0,0.0
2022-08-18 00:00:00-04:00,365.1439096049156,370.5794615558962,363.7284036842263,369.3809814453125,227700,0.0,0.0
2022-08-19 00:00:00-04:00,364.6815014284546,366.6820784188436,354.99943221430163,358.9628601074219,279000,0.0,0.0
2022-08-22 00:00:00-04:00,355.00884556639494,357.877583086373,352.1683882102957,353.4612121582031,231500,0.0,0.0
2022-08-23 00:00:00-04:00,352.32882574206377,355.7732463178937,340.08000032922956,340.31591796875,312700,0.0,0.0
2022-08-24 00:00:00-04:00,340.6179378743888,345.63824392269044,337.4754984343855,343.28851318359375,327700,0.0,0.0
2022-08-25 00:00:00-04:00,343.65659492112155,349.3091735839844,342.297706716588,349.3091735839844,262700,0.0,0.0
2022-08-26 00:00:00-04:00,349.7904124961866,350.93224591905977,332.28530466009505,332.87982177734375,242100,0.0,0.0
2022-08-29 00:00:00-04:00,329.34102128783104,332.26640574665726,324.8019682553404,324.8208312988281,301500,0.0,0.0
2022-08-30 00:00:00-04:00,326.52888194021773,328.9258132639141,321.09335901212097,323.8583068847656,276300,0.0,0.0
2022-08-31 00:00:00-04:00,325.8400764476555,326.48176563638737,318.394500518442,320.08367919921875,336100,0.0,0.0
2022-09-01 00:00:00-04:00,317.34703180292945,318.36618350053254,311.71331650033244,317.89434814453125,469000,0.0,0.0
2022-09-02 00:00:00-04:00,323.03735785294145,327.40655776001375,317.98871389641124,320.753662109375,307000,0.0,0.0
2022-09-06 00:00:00-04:00,321.0273075900096,324.1414090881544,308.6557708995467,316.57318115234375,449800,0.0,0.0
2022-09-07 00:00:00-04:00,317.5262749123182,326.4156353068087,317.5262749123182,326.075927734375,227600,0.0,0.0
2022-09-08 00:00:00-04:00,322.31073003156877,333.63477892224904,322.2069400733727,333.3139343261719,264100,0.0,0.0
2022-09-09 00:00:00-04:00,335.61649147535337,341.25965284371733,334.72002155534295,335.9090270996094,301300,0.0,0.0
2022-09-12 00:00:00-04:00,342.92995621777567,343.7509451898662,335.85242535693044,337.2585144042969,454500,0.0,0.0
2022-09-13 00:00:00-04:00,327.5103573007818,327.9255747208587,315.91263610533497,316.3089904785156,461000,0.0,0.0
2022-09-14 00:00:00-04:00,326.7270916128667,329.15230323780395,308.4293043287221,311.5906066894531,524800,0.0,0.0
2022-09-15 00:00:00-04:00,310.08073929686543,317.8660222565103,307.1270455177424,309.92974853515625,453200,0.0,0.0
2022-09-16 00:00:00-04:00,307.5800652457551,315.16718660029966,304.69243487920227,312.9495544433594,661800,0.0,0.0
2022-09-19 00:00:00-04:00,312.1190965906094,319.4136817627582,311.6378152986993,319.40423583984375,364400,0.0,0.0
2022-09-20 00:00:00-04:00,315.629500802544,316.8845700056002,306.4475756696184,308.5519714355469,351500,0.0,0.0
2022-09-21 00:00:00-04:00,311.08100189617215,316.89401614271515,306.032358517902,306.0795593261719,342800,0.0,0.0
2022-09-22 00:00:00-04:00,303.52220356966427,305.1169802732154,295.85015754093683,297.20904541015625,410900,0.0,0.0
2022-09-23 00:00:00-04:00,295.05752823261986,301.0215051251013,291.3488805224758,294.91595458984375,671100,0.0,0.0
2022-09-26 00:00:00-04:00,295.25565996037164,300.5968389764617,293.00971933963143,294.3591613769531,588500,0.0,0.0
2022-09-27 00:00:00-04:00,297.3695316551392,301.38957839441116,292.1321703443373,299.7759094238281,735800,0.0,0.0
2022-09-28 00:00:00-04:00,302.6728759703601,313.93088725759804,296.6522533932542,310.5997314453125,792900,0.0,0.0
2022-09-29 00:00:00-04:00,305.10756291828636,305.10756291828636,295.8312654736937,297.9922790527344,481900,0.0,0.0
2022-09-30 00:00:00-04:00,298.84158558789846,308.33490910359797,295.74634730761034,300.285400390625,527800,0.0,0.0
2022-10-03 00:00:00-04:00,302.4653062555402,312.6192116612138,299.7852850663842,309.2880554199219,726500,0.0,0.0
2022-10-04 00:00:00-04:00,317.12050241215434,321.9804291758729,312.9306025279818,314.0630187988281,402800,0.0,0.0
2022-10-05 00:00:00-04:00,307.1459457645843,314.5820465920243,305.58886609122413,312.2228698730469,253800,0.0,0.0
2022-10-06 00:00:00-04:00,313.5440589511983,315.26151786403483,308.76908716351977,310.3450012207031,209600,0.0,0.0
2022-10-07 00:00:00-04:00,304.8528329351646,305.81539555859996,297.61489420407287,303.4845275878906,254400,0.0,0.0
2022-10-10 00:00:00-04:00,305.834217363035,306.12675296051805,301.80475405685024,304.5697021484375,230800,0.0,0.0
2022-10-11 00:00:00-04:00,304.6168590579496,308.5425322213392,298.95483544126995,301.4272766113281,379800,0.0,0.0
2022-10-12 00:00:00-04:00,301.80472746871095,304.7867299144686,299.0208877783133,299.2568054199219,367400,0.0,0.0
2022-10-13 00:00:00-04:00,289.6975411120024,306.1363020380504,283.10129026437914,303.58837890625,474600,0.0,0.0
2022-10-14 00:00:00-04:00,306.8344419345471,309.95798882908946,288.6310308384421,289.7351379394531,371200,0.0,0.0
2022-10-17 00:00:00-04:00,294.3686838442803,304.01300097154717,294.26486507673707,300.5308532714844,392000,0.0,0.0
2022-10-18 00:00:00-04:00,305.16427057865775,309.47685308399764,298.0489846208826,300.9366149902344,585500,0.0,0.0
2022-10-19 00:00:00-04:00,294.03836400829186,295.26515325604265,276.82581883329567,281.3271179199219,874400,0.0,0.0
2022-10-20 00:00:00-04:00,286.5550852826368,290.42414141279335,263.5483860330406,267.9270324707031,1643200,0.0,0.0
2022-10-21 00:00:00-04:00,269.1065483844687,270.5880892884382,262.4347905611113,268.7856750488281,826700,0.0,0.0
2022-10-24 00:00:00-04:00,271.62614535445005,277.7222494410612,268.4271169567524,276.3350524902344,667800,0.0,0.0
2022-10-25 00:00:00-04:00,276.75028684821206,285.02629704994024,276.75028684821206,281.72344970703125,851300,0.0,0.0
2022-10-26 00:00:00-04:00,281.5818799071246,296.83157123023057,280.0720012102063,288.64996337890625,927000,0.0,0.0
2022-10-27 00:00:00-04:00,289.8767371037279,291.8584511856979,285.00739319891744,287.0929260253906,428100,0.0,0.0
2022-10-28 00:00:00-04:00,285.90386000347075,301.257369071962,284.90357155123075,300.8138427734375,448800,0.0,0.0
2022-10-31 00:00:00-04:00,298.6717542837006,300.17218712901644,286.8853173349263,287.0929260253906,389200,0.0,0.0
2022-11-01 00:00:00-04:00,290.12215289020395,292.82103755336,285.6868886133179,288.50848388671875,349200,0.0,0.0
2022-11-02 00:00:00-04:00,287.98000887035556,294.28372242470493,277.9204754493262,278.66595458984375,513200,0.0,0.0
2022-11-03 00:00:00-04:00,275.45746712742255,277.80722671553326,271.95645695048296,275.17437744140625,363800,0.0,0.0
2022-11-04 00:00:00-04:00,278.83578408226725,278.83578408226725,267.8231361081765,276.1368713378906,507700,0.0,0.0
2022-11-07 00:00:00-05:00,278.04312165170677,287.1117823676106,275.61788127847996,287.02685546875,410700,0.0,0.0
2022-11-08 00:00:00-05:00,288.7632140792331,294.64229249806,285.13007637767805,290.452392578125,658800,0.0,0.0
2022-11-09 00:00:00-05:00,287.3755085410879,289.5246132021629,283.1813985977456,284.4027099609375,385400,1.0,0.0
2022-11-10 00:00:00-05:00,299.17188184388016,324.96124621042094,299.0677536014681,321.24053955078125,1016700,0.0,0.0
2022-11-11 00:00:00-05:00,321.24058000494824,341.1506594425518,320.21810641039326,332.64886474609375,769300,0.0,0.0
2022-11-14 00:00:00-05:00,331.361297528335,333.65243692676376,321.4961856149729,322.7364501953125,604700,0.0,0.0
2022-11-15 00:00:00-05:00,332.2417717166487,333.9837819637401,325.09384656596916,327.8110046386719,470800,0.0,0.0
2022-11-16 00:00:00-05:00,321.55302209566895,326.6275698928932,314.3861435554343,319.4796447753906,422400,0.0,0.0
2022-11-17 00:00:00-05:00,311.7636557487303,311.78260917259985,293.5009339386757,302.5802307128906,663500,0.0,0.0
2022-11-18 00:00:00-05:00,306.02637722326836,307.46545061922956,298.1305136468297,304.83349609375,484200,0.0,0.0
2022-11-21 00:00:00-05:00,303.48906201185713,306.20621990032583,300.8949857937223,303.18609619140625,288900,0.0,0.0
2022-11-22 00:00:00-05:00,305.98850531817084,309.54825280172054,303.451202532957,309.0464782714844,269400,0.0,0.0
2022-11-23 00:00:00-05:00,309.73759225626156,317.2642096893502,307.9482274806678,314.6890869140625,403900,0.0,0.0
2022-11-25 00:00:00-05:00,315.23822736536,316.78142899905345,310.38141251806223,311.3092346191406,229100,0.0,0.0
2022-11-28 00:00:00-05:00,308.76246397955566,311.4985465470784,298.14944300314045,298.44293212890625,326900,0.0,0.0
2022-11-29 00:00:00-05:00,298.11157783985556,304.0571454081275,297.2405582440644,303.6689758300781,314100,0.0,0.0
2022-11-30 00:00:00-05:00,301.0654452471149,313.2311459042944,297.51514518523857,311.8678283691406,830100,0.0,0.0
2022-12-01 00:00:00-05:00,316.74355118990167,320.6536194065436,311.8488872775874,320.1234436035156,427200,0.0,0.0
2022-12-02 00:00:00-05:00,315.57905566581314,315.57905566581314,307.8820294871867,312.83349609375,470400,0.0,0.0
2022-12-05 00:00:00-05:00,306.60393222721757,307.6926851809128,299.20984262703274,303.0630798339844,444900,0.0,0.0
2022-12-06 00:00:00-05:00,304.25594681569277,304.9186809852445,296.2275542286459,301.0559387207031,358500,0.0,0.0
2022-12-07 00:00:00-05:00,300.29852489576075,308.913923831397,299.0582892911237,303.9813537597656,258300,0.0,0.0
2022-12-08 00:00:00-05:00,305.4014998090183,312.5683783712869,302.5044575785416,311.6973876953125,605300,0.0,0.0
2022-12-09 00:00:00-05:00,307.73996838225224,314.8879224921689,307.73996838225224,313.3825988769531,526700,0.0,0.0
2022-12-12 00:00:00-05:00,313.0417528025127,316.5447267267837,311.94352329594346,313.4867248535156,542100,0.0,0.0
2022-12-13 00:00:00-05:00,329.098591943999,331.33292908110445,315.077276249348,317.6051025390625,405800,0.0,0.0
2022-12-14 00:00:00-05:00,315.69272389800597,324.1850436312979,314.72702369569333,316.98028564453125,608700,0.0,0.0
2022-12-15 00:00:00-05:00,307.52224333173973,312.1234180259454,294.2109881967019,302.9967956542969,590100,0.0,0.0
2022-12-16 00:00:00-05:00,298.31035817236625,299.51271585412894,292.7150827598354,296.3505859375,957100,0.0,0.0
2022-12-19 00:00:00-05:00,297.8465051210686,298.90685675786165,291.45596516378174,291.73052978515625,380400,0.0,0.0
2022-12-20 00:00:00-05:00,289.8748941878387,290.03585383756734,284.0334832987993,287.5932312011719,328000,0.0,0.0
2022-12-21 00:00:00-05:00,290.0168701802418,295.08197021484375,289.70445651822706,295.08197021484375,358400,0.0,0.0
2022-12-22 00:00:00-05:00,290.272508357042,290.4618403383448,280.2748667440071,288.83343505859375,331800,0.0,0.0
2022-12-23 00:00:00-05:00,288.3979834699655,290.50923907328036,286.64649624583967,289.3258056640625,207600,0.0,0.0
2022-12-27 00:00:00-05:00,289.52459784860935,291.22873030357215,285.49144777480444,289.7139587402344,206500,0.0,0.0
2022-12-28 00:00:00-05:00,290.0548085018297,292.222866733873,280.18972316133596,280.6914978027344,196900,0.0,0.0
2022-12-29 00:00:00-05:00,284.37429246819005,292.10922546994055,284.29856544729995,290.57550048828125,268900,0.0,0.0
2022-12-30 00:00:00-05:00,286.9115476285959,288.46422593207836,282.52813510881833,286.2298889160156,250000,0.0,0.0
2023-01-03 00:00:00-05:00,288.9944168695474,293.3305038432485,281.429920330394,284.8097839355469,368100,0.0,0.0
2023-01-04 00:00:00-05:00,290.0736921543531,290.0736921543531,283.9671652902808,288.2180480957031,363200,0.0,0.0
2023-01-05 00:00:00-05:00,285.6618694827766,288.78612178743884,281.07961928614543,286.8642272949219,332900,0.0,0.0
2023-01-06 00:00:00-05:00,288.02876628464617,298.7743184896367,283.4086376480841,298.5187072753906,514300,0.0,0.0
2023-01-09 00:00:00-05:00,298.61334254877556,311.0819788394781,298.518662112203,300.8855285644531,486900,0.0,0.0
2023-01-10 00:00:00-05:00,301.08434646043577,308.166021503317,299.22873119502276,307.74945068359375,350400,0.0,0.0
2023-01-11 00:00:00-05:00,316.2038575508654,325.53879316120253,314.3577191922698,324.5541687011719,602300,0.0,0.0
2023-01-12 00:00:00-05:00,328.3790986331778,329.2974440877618,322.91635168370186,328.3222961425781,479400,0.0,0.0
2023-01-13 00:00:00-05:00,324.06186083270205,333.0654002135426,323.1340388807379,330.4997253417969,308500,0.0,0.0
2023-01-17 00:00:00-05:00,328.6252067014734,336.6252272291258,328.42639800036187,335.1199035644531,451300,0.0,0.0
2023-01-18 00:00:00-05:00,339.4276081558959,347.92940371459986,338.499814903803,340.4974365234375,923200,0.0,0.0
2023-01-19 00:00:00-05:00,336.549512318952,338.8311752313597,325.1885524252528,326.4193115234375,566600,0.0,0.0
2023-01-20 00:00:00-05:00,328.10446631902073,334.34352231717395,325.6145183891656,333.9553527832031,335700,0.0,0.0
2023-01-23 00:00:00-05:00,334.2015576128438,340.3080848825653,331.24771277457603,340.1471252441406,270900,0.0,0.0
2023-01-24 00:00:00-05:00,338.31040911252643,347.7967991535477,336.9186905266737,344.8619079589844,439600,0.0,0.0
2023-01-25 00:00:00-05:00,340.82878186253436,345.41103201826326,337.98854201367993,344.14239501953125,323000,0.0,0.0
2023-01-26 00:00:00-05:00,347.6831862155741,350.07845377928925,340.6677909655442,345.00390625,209600,0.0,0.0
2023-01-27 00:00:00-05:00,344.5684772409211,359.9625591245657,342.39094246880916,359.1862487792969,468900,0.0,0.0
2023-01-30 00:00:00-05:00,355.0299874429508,358.61816527258355,350.9873897205362,356.4311828613281,638300,0.0,0.0
2023-01-31 00:00:00-05:00,355.3045776884131,365.349546322759,355.2572230178892,365.0749816894531,368100,0.0,0.0
2023-02-01 00:00:00-05:00,364.45012337835306,379.2572255094777,363.34241711891593,376.9377136230469,435200,0.0,0.0
2023-02-02 00:00:00-05:00,383.18617459418704,401.3921204484335,383.18617459418704,399.68798828125,688500,0.0,0.0
2023-02-03 00:00:00-05:00,391.1009841830442,391.58380525028497,379.15304799860263,382.0784912109375,780700,0.0,0.0
2023-02-06 00:00:00-05:00,370.0169524588924,371.58855524585186,363.8630997003654,371.16253662109375,590900,0.0,0.0
2023-02-07 00:00:00-05:00,366.5519309399129,372.3365393831178,361.7045635875973,370.9637451171875,431100,0.0,0.0
2023-02-08 00:00:00-05:00,367.8867722720531,369.71401512436387,362.8595502582909,364.6205139160156,429300,0.0,0.0
2023-02-09 00:00:00-05:00,367.60275501667473,367.9151686703904,354.6512689446776,356.8761291503906,600000,0.0,0.0
2023-02-10 00:00:00-05:00,352.189751171477,352.73885151171635,346.4997946018705,349.57672119140625,597900,0.0,0.0
2023-02-13 00:00:00-05:00,352.53052096715027,356.07137260530135,349.1885069011007,354.887939453125,561600,0.0,0.0
2023-02-14 00:00:00-05:00,354.26313107024174,358.24892637456304,349.03709996653004,355.3424072265625,360200,0.0,0.0
2023-02-15 00:00:00-05:00,350.30570440943615,365.37789348632356,350.30570440943615,364.09033203125,645800,0.0,0.0
2023-02-16 00:00:00-05:00,356.8003395774261,372.20392322402614,352.9754757267616,368.9471130371094,1152100,0.0,0.0
2023-02-17 00:00:00-05:00,367.7637556347544,369.1365209712391,349.79449343120285,356.5258483886719,626300,0.0,0.0
2023-02-21 00:00:00-05:00,350.2962223752108,350.2962223752108,336.52107167390704,338.50921630859375,616500,0.0,0.0
2023-02-22 00:00:00-05:00,338.9825384699721,343.0062106878592,335.7920077105739,338.6417236328125,405700,0.0,0.0
2023-02-23 00:00:00-05:00,340.1092799302464,342.7223101036821,334.4287996522848,341.36846923828125,315000,0.0,0.0
2023-02-24 00:00:00-05:00,335.12935933047663,338.7080601888838,334.9305217493785,337.33526611328125,310400,0.0,0.0
2023-02-27 00:00:00-05:00,341.86074745268405,345.48680333451284,335.22404413098724,337.12701416015625,301600,0.0,0.0
2023-02-28 00:00:00-05:00,338.433456876045,342.958903781286,335.782578355472,337.8559265136719,343500,0.0,0.0
2023-03-01 00:00:00-05:00,335.1483060664097,338.3956400638907,328.43587594589815,329.988525390625,274800,0.0,0.0
2023-03-02 00:00:00-05:00,327.12942905480355,335.74483093468416,325.8134659930443,334.01226806640625,282800,0.0,0.0
2023-03-03 00:00:00-05:00,336.568428549362,342.72228167333066,335.7731648435081,342.2962341308594,357400,0.0,0.0
2023-03-06 00:00:00-05:00,344.54008356039736,346.60398450280564,336.8714292496358,338.1968688964844,274900,0.0,0.0
2023-03-07 00:00:00-05:00,338.48086844996214,340.4311643328896,334.9968475418604,336.0003967285156,220600,0.0,0.0
2023-03-08 00:00:00-05:00,335.8299947384211,337.58148193359375,332.49745671442275,337.58148193359375,207900,0.0,0.0
2023-03-09 00:00:00-05:00,336.80505323657775,340.582562367434,328.2938118044344,330.452392578125,261800,0.0,0.0
2023-03-10 00:00:00-05:00,333.2453893385526,334.53297998144734,324.24184712132444,329.8560485839844,390300,0.0,0.0
2023-03-13 00:00:00-04:00,326.2583227583333,333.3683987694271,324.099741726894,327.8299255371094,377200,0.0,0.0
2023-03-14 00:00:00-04:00,332.1405886936404,337.4767097299334,328.4660726265321,332.9286804199219,306400,1.0,0.0
2023-03-15 00:00:00-04:00,327.94384936374206,331.9127043690127,323.99397369722044,328.5135192871094,300700,0.0,0.0
2023-03-16 00:00:00-04:00,326.6621001010435,335.83416441005943,326.6621001010435,331.8558044433594,352900,0.0,0.0
2023-03-17 00:00:00-04:00,331.6183504651881,333.28943045937905,324.07940973711663,324.5636291503906,445900,0.0,0.0
2023-03-20 00:00:00-04:00,325.1049000999461,329.16871026459194,323.31985684495424,325.62713623046875,320600,0.0,0.0
2023-03-21 00:00:00-04:00,328.62749243074694,331.6184047652683,325.9689358846092,329.2066955566406,279800,0.0,0.0
2023-03-22 00:00:00-04:00,329.00734339889834,329.00734339889834,317.34762315574886,317.5185241699219,275700,0.0,0.0
2023-03-23 00:00:00-04:00,318.3065829544532,321.6772852297572,306.76079686940517,308.8401794433594,449600,0.0,0.0
2023-03-24 00:00:00-04:00,307.80526548992106,309.239002818879,299.23138297270185,308.80224609375,499400,0.0,0.0
2023-03-27 00:00:00-04:00,310.340354204083,314.1288044396158,309.6757005947192,311.4892272949219,425300,0.0,0.0
2023-03-28 00:00:00-04:00,310.63470488018487,314.16680375661264,309.8941049049384,310.9100646972656,224100,0.0,0.0
2023-03-29 00:00:00-04:00,315.9043459204452,320.45240445550485,314.68900166407246,320.3384704589844,272300,0.0,0.0
2023-03-30 00:00:00-04:00,324.8865703799152,325.35181058366953,316.86337904847903,318.1926574707031,248100,0.0,0.0
2023-03-31 00:00:00-04:00,321.4018958434816,327.07984818667427,318.89523199396206,325.14288330078125,485900,0.0,0.0
2023-04-03 00:00:00-04:00,323.224928104469,327.3457052296545,318.7908035087164,322.114013671875,400700,0.0,0.0
2023-04-04 00:00:00-04:00,324.0889633535628,324.3453438457863,310.63472477872267,310.9385681152344,315900,0.0,0.0
2023-04-05 00:00:00-04:00,308.5838509840975,308.5838509840975,302.37418630021784,305.5644836425781,418100,0.0,0.0
2023-04-06 00:00:00-04:00,306.6183381897522,311.14741723157704,304.2256374151163,309.7801513671875,443100,0.0,0.0
2023-04-10 00:00:00-04:00,307.5204072019572,318.29710982662436,306.71333600541374,318.2401428222656,334800,0.0,0.0
2023-04-11 00:00:00-04:00,318.8762360287564,329.7763751807532,318.8762360287564,328.3521423339844,481100,0.0,0.0
2023-04-12 00:00:00-04:00,331.54252125027574,336.0431182599685,315.9898887087488,317.0343322753906,519800,0.0,0.0
2023-04-13 00:00:00-04:00,318.6578646552928,324.58269340000123,312.78055670375187,323.1489562988281,412400,0.0,0.0
2023-04-14 00:00:00-04:00,322.0001294177243,323.57628424430123,310.97654979168396,313.56866455078125,625400,0.0,0.0
2023-04-17 00:00:00-04:00,313.11286910199436,320.4714063139414,312.69509176800267,320.3859558105469,418300,0.0,0.0
2023-04-18 00:00:00-04:00,322.8545801223921,327.26022076133876,321.4018638466194,321.81964111328125,505800,0.0,0.0
2023-04-19 00:00:00-04:00,318.1831480231419,321.829210172214,315.51508706341633,321.5633544921875,490600,0.0,0.0
2023-04-20 00:00:00-04:00,301.9373994422938,324.6776648586529,301.46265510354806,315.6005554199219,1294200,0.0,0.0
2023-04-21 00:00:00-04:00,323.3578432638875,326.7855122618968,319.53140527066626,325.9024658203125,791200,0.0,0.0
2023-04-24 00:00:00-04:00,324.0319595926659,332.7292785250681,324.0319595926659,332.5393981933594,507900,0.0,0.0
2023-04-25 00:00:00-04:00,330.44100286411486,332.1026078674685,319.2180699490073,319.9017028808594,413200,0.0,0.0
2023-04-26 00:00:00-04:00,319.16111492946953,319.16111492946953,314.31871722847717,315.46759033203125,353700,0.0,0.0
2023-04-27 00:00:00-04:00,318.9142608334274,325.180891884398,315.9043689838347,324.8105773925781,389600,0.0,0.0
2023-04-28 00:00:00-04:00,324.16493500455476,334.77070737570176,322.39887098516493,333.5743713378906,400300,0.0,0.0
2023-05-01 00:00:00-04:00,332.9476924618414,334.723231595704,326.8234790977445,329.263671875,311300,0.0,0.0
2023-05-02 00:00:00-04:00,329.1212572221942,330.2131633805683,322.0665634675911,329.3681335449219,341700,0.0,0.0
2023-05-03 00:00:00-04:00,330.4695867605069,340.6860961858721,329.8714331174947,333.9542236328125,393000,0.0,0.0
2023-05-04 00:00:00-04:00,334.46693139929937,337.47679464563726,325.34232903359623,327.4501953125,281000,0.0,0.0
2023-05-05 00:00:00-04:00,333.73575553330124,337.8565327875038,330.982244249979,336.08099365234375,284300,0.0,0.0
2023-05-08 00:00:00-04:00,336.1664741450689,337.22042170569495,330.9822737790203,335.3404235839844,207000,0.0,0.0
2023-05-09 00:00:00-04:00,331.5803862728167,335.26440641280385,330.1751328141967,333.2514953613281,227900,0.0,0.0
2023-05-10 00:00:00-04:00,338.4452366434557,339.10986130447395,330.4410254023877,333.4794006347656,250800,0.0,0.0
2023-05-11 00:00:00-04:00,333.650351399152,333.650351399152,327.31727746501997,330.4600830078125,255200,0.0,0.0
2023-05-12 00:00:00-04:00,330.5455053366873,332.2735817226997,319.1516409515262,321.5443420410156,409500,0.0,0.0
2023-05-15 00:00:00-04:00,321.59173138741096,325.0858417312101,318.76224553530835,324.876953125,260000,0.0,0.0
2023-05-16 00:00:00-04:00,320.60009854466165,326.4106654857208,318.085349939528,324.3721923828125,368200,1.1,0.0
2023-05-17 00:00:00-04:00,326.6583177337447,327.3727310062284,321.1906841239258,327.0012512207031,238900,0.0,0.0
2023-05-18 00:00:00-04:00,327.03927984473813,336.9458322222328,324.01970984327124,336.46002197265625,322400,0.0,0.0
2023-05-19 00:00:00-04:00,336.46005815074597,336.46005815074597,328.5538966485047,328.6777038574219,317000,0.0,0.0
2023-05-22 00:00:00-04:00,328.98256514970325,329.7446234630815,325.4867189299727,326.43927001953125,325200,0.0,0.0
2023-05-23 00:00:00-04:00,325.5914780956774,328.5634327755057,320.1428848261416,322.0384521484375,308400,0.0,0.0
2023-05-24 00:00:00-04:00,322.40040140394905,322.91478708036504,312.0080665673825,318.0091552734375,265100,0.0,0.0
2023-05-25 00:00:00-04:00,318.1710076089886,321.11438609133,310.750657810371,311.560302734375,290700,0.0,0.0
2023-05-26 00:00:00-04:00,311.0078668752219,317.4375854093957,310.0457811700759,312.44622802734375,344900,0.0,0.0
2023-05-30 00:00:00-04:00,315.49442828753047,316.59939100493165,304.52105054678077,307.45489501953125,400800,0.0,0.0
2023-05-31 00:00:00-04:00,304.8162957279928,307.5977572171115,295.09075893189475,301.2251892089844,922000,0.0,0.0
2023-06-01 00:00:00-04:00,302.1967504218323,302.1967504218323,293.16655810021956,298.1674499511719,648200,0.0,0.0
2023-06-02 00:00:00-04:00,302.4920750504704,311.46511772166804,301.4442631995485,310.87451171875,448800,0.0,0.0
2023-06-05 00:00:00-04:00,309.5695367428475,312.2747780643976,305.01634417629754,311.8556823730469,463200,0.0,0.0
2023-06-06 00:00:00-04:00,311.45567039895536,322.3338180113391,308.27415284485534,320.3620300292969,407800,0.0,0.0
2023-06-07 00:00:00-04:00,322.4099359545878,328.5824768579241,319.45702206062776,322.6671142578125,409500,0.0,0.0
2023-06-08 00:00:00-04:00,321.7717530709832,322.000385104495,308.5408332799086,309.2362060546875,444200,0.0,0.0
2023-06-09 00:00:00-04:00,307.86448636172094,312.0938150109808,307.48344271655975,310.93170166015625,366600,0.0,0.0
2023-06-12 00:00:00-04:00,311.7889944692583,318.5997281780536,309.46476774713483,317.88531494140625,280600,0.0,0.0
2023-06-13 00:00:00-04:00,318.73306552665025,322.4099273801902,317.38999424264625,320.9239501953125,336500,0.0,0.0
2023-06-14 00:00:00-04:00,323.638705874735,331.1352768711983,319.8380079836965,329.0110778808594,532900,0.0,0.0
2023-06-15 00:00:00-04:00,331.4115781150001,342.7373951203184,330.0684776299093,340.5465393066406,754400,0.0,0.0
2023-06-16 00:00:00-04:00,343.35655114715337,344.4519790656395,335.5742251707294,340.9656677246094,556600,0.0,0.0
2023-06-20 00:00:00-04:00,338.08893432555226,340.0607219589814,333.8310300054687,336.736328125,385700,0.0,0.0
2023-06-21 00:00:00-04:00,336.7362978149371,340.6703379150121,334.7835509130769,339.8130187988281,314800,0.0,0.0
2023-06-22 00:00:00-04:00,339.0796251609177,339.50828479502934,333.0404545161962,333.65960693359375,228300,0.0,0.0
2023-06-23 00:00:00-04:00,332.5355399022803,337.0887322454921,331.144823665446,335.6217956542969,508200,0.0,0.0
2023-06-26 00:00:00-04:00,333.63103179539837,339.86072429730564,332.4498777017203,337.3269348144531,292600,0.0,0.0
2023-06-27 00:00:00-04:00,340.99415817544275,350.8149549528857,336.69814460989465,348.8241271972656,376000,0.0,0.0
2023-06-28 00:00:00-04:00,348.1954957759462,353.710745058201,343.832795978437,352.55816650390625,425300,0.0,0.0
2023-06-29 00:00:00-04:00,351.38659006090944,359.7309179492885,349.2242804542973,353.03448486328125,537700,0.0,0.0
2023-06-30 00:00:00-04:00,357.52091134604655,361.66451351514826,351.93897710599686,356.8636779785156,606100,0.0,0.0
2023-07-03 00:00:00-04:00,354.43467982196194,355.53010760155615,344.91870512499673,353.8536376953125,265700,0.0,0.0
2023-07-05 00:00:00-04:00,352.79633052514134,354.94910521740877,347.68113599734966,353.61553955078125,349700,0.0,0.0
2023-07-06 00:00:00-04:00,349.04322884673115,349.7957522177643,341.7466852650322,346.9666748046875,353500,0.0,0.0
2023-07-07 00:00:00-04:00,348.1002302494482,352.0437761654766,347.34770684054627,348.366943359375,303100,0.0,0.0
2023-07-10 00:00:00-04:00,347.1763136918765,359.06416233389365,344.58537343924024,358.5688171386719,389400,0.0,0.0
2023-07-11 00:00:00-04:00,361.0453863252669,366.47493838176433,360.08330056108787,363.7601623535156,412700,0.0,0.0
2023-07-12 00:00:00-04:00,369.4183692725335,373.6381636082296,366.7702784153516,369.9422607421875,321600,0.0,0.0
2023-07-13 00:00:00-04:00,369.9421700225689,372.69505594033245,363.1885879650779,364.50311279296875,351700,0.0,0.0
2023-07-14 00:00:00-04:00,335.29801037569126,351.4913801949718,333.39290804401116,346.7381591796875,1169200,0.0,0.0
2023-07-17 00:00:00-04:00,343.7470214505492,345.995056578351,338.1079366833506,342.9373474121094,755200,0.0,0.0
2023-07-18 00:00:00-04:00,340.51786357338216,347.7858016122133,339.1080779528126,340.88934326171875,508200,0.0,0.0
2023-07-19 00:00:00-04:00,340.08929398264905,349.1004186109417,338.20323247319453,348.6051025390625,762000,0.0,0.0
2023-07-20 00:00:00-04:00,340.48938743035893,356.6922611653753,333.44048634302453,344.10906982421875,1277800,0.0,0.0
2023-07-21 00:00:00-04:00,347.8334834183024,356.31118045075266,346.2808208301452,352.2056884765625,876700,0.0,0.0
2023-07-24 00:00:00-04:00,351.52945998390516,354.9872250680361,347.0143480809534,347.83355712890625,571900,0.0,0.0
2023-07-25 00:00:00-04:00,351.7104287433292,361.769365336647,349.681490389813,360.4929504394531,623800,0.0,0.0
2023-07-26 00:00:00-04:00,360.445285646748,372.1235699841719,358.1591691046705,369.3802185058594,603800,0.0,0.0
2023-07-27 00:00:00-04:00,373.88575474505484,374.52394755491366,361.4263729712381,363.7791748046875,430800,0.0,0.0
2023-07-28 00:00:00-04:00,369.48500981514456,371.4948784090512,363.7792097358766,366.5797119140625,288500,0.0,0.0
2023-07-31 00:00:00-04:00,365.79865912271924,369.5707823692583,363.80783083293306,366.4844970703125,336000,0.0,0.0
2023-08-01 00:00:00-04:00,363.817294930222,371.60915435533764,363.49343111091304,368.78961181640625,379200,0.0,0.0
2023-08-02 00:00:00-04:00,362.88377274671217,367.8275141073433,359.768941854394,361.88360595703125,388000,0.0,0.0
2023-08-03 00:00:00-04:00,361.28353148888993,361.6264649549672,355.1681414581922,360.4452819824219,416000,0.0,0.0
2023-08-04 00:00:00-04:00,363.68389927483497,366.1129213598351,358.559200171366,363.38861083984375,301900,0.0,0.0
2023-08-07 00:00:00-04:00,367.20838418081416,369.09444549067103,364.15070382944333,367.7703857421875,312300,0.0,0.0
2023-08-08 00:00:00-04:00,364.5127036720263,368.01808437255926,359.930906621668,367.9418640136719,315100,0.0,0.0
2023-08-09 00:00:00-04:00,367.88459122989383,369.7856013275753,364.0826293396758,367.01531982421875,238800,1.1,0.0
2023-08-10 00:00:00-04:00,371.37131630582144,373.6830567529012,365.81162979843685,367.9132385253906,332500,0.0,0.0
2023-08-11 00:00:00-04:00,366.71909040680526,367.71255150680247,355.4182153093964,358.2267150878906,314200,0.0,0.0
2023-08-14 00:00:00-04:00,355.11255207667557,357.59626334554457,353.4503893044438,356.0009765625,323700,0.0,0.0
2023-08-15 00:00:00-04:00,353.64143096844145,357.83505662693454,349.7152509432148,351.62579345703125,321300,0.0,0.0
2023-08-16 00:00:00-04:00,351.6257785422402,355.8480901458068,349.94449187257544,350.8329162597656,233800,0.0,0.0
2023-08-17 00:00:00-04:00,351.5303473226569,352.2850199647235,335.7397107120567,335.88299560546875,392300,0.0,0.0
2023-08-18 00:00:00-04:00,332.16696822398774,335.3289141862766,328.64201446982315,333.8577880859375,620200,0.0,0.0
2023-08-21 00:00:00-04:00,336.3988038907338,336.93375352060104,330.37104393601305,334.50738525390625,255800,0.0,0.0
2023-08-22 00:00:00-04:00,334.5074124430922,338.2902791767919,332.864344402787,335.8734436035156,209200,0.0,0.0
2023-08-23 00:00:00-04:00,335.87344260049764,342.06358284578045,334.9372660986479,340.6880187988281,197200,0.0,0.0
2023-08-24 00:00:00-04:00,339.68491436616847,341.4235151098339,335.68232533059086,336.5611877441406,192400,0.0,0.0
2023-08-25 00:00:00-04:00,338.7583311784308,340.2867712127361,332.83566613028,338.14697265625,164200,0.0,0.0
2023-08-28 00:00:00-04:00,341.01278616134584,341.0318810939333,334.2399156065561,338.45263671875,274100,0.0,0.0
2023-08-29 00:00:00-04:00,338.7965350119875,351.7691069081301,338.7965350119875,351.6831359863281,254000,0.0,0.0
2023-08-30 00:00:00-04:00,351.41568299120866,354.34837316694495,349.58157824045537,353.24981689453125,208900,0.0,0.0
2023-08-31 00:00:00-04:00,353.8324829522318,356.87023868328635,348.6071477860168,349.2471923828125,310800,0.0,0.0
2023-09-01 00:00:00-04:00,353.34532695963094,355.76216226330297,348.7695691169827,351.7117919921875,279400,0.0,0.0
2023-09-05 00:00:00-04:00,349.96366895052904,349.96366895052904,340.7644010792237,342.13043212890625,273000,0.0,0.0
2023-09-06 00:00:00-04:00,340.6019863509706,343.28629649783886,333.46610823871833,334.344970703125,401200,0.0,0.0
2023-09-07 00:00:00-04:00,332.7783050162161,334.8608186621219,323.9038553906157,333.599853515625,504800,0.0,0.0
2023-09-08 00:00:00-04:00,332.740124209076,332.740124209076,327.99242442519096,328.8617248535156,223300,0.0,0.0
2023-09-11 00:00:00-04:00,331.27858067075164,336.15047069570886,331.0970767705178,332.6828308105469,201100,0.0,0.0
2023-09-12 00:00:00-04:00,330.64807961517556,335.8351960894593,329.4253334437549,332.6159362792969,250800,0.0,0.0
2023-09-13 00:00:00-04:00,331.03975776038027,334.5264925255594,330.2277712431981,333.16046142578125,220200,0.0,0.0
2023-09-14 00:00:00-04:00,334.40227215311785,338.50039423214247,331.8612469724384,337.91766357421875,207600,0.0,0.0
2023-09-15 00:00:00-04:00,339.94286465201986,339.94286465201986,332.1956276313348,334.4405212402344,426900,0.0,0.0
2023-09-18 00:00:00-04:00,333.3514924422522,340.9268166379726,330.82002911697975,331.07794189453125,408600,0.0,0.0
2023-09-19 00:00:00-04:00,329.53997921669514,333.1795609537499,326.6264130794962,332.04278564453125,396800,0.0,0.0
2023-09-20 00:00:00-04:00,333.52347284585966,338.6437135912699,331.9759086792303,332.0714416503906,265000,0.0,0.0
2023-09-21 00:00:00-04:00,329.63547829262944,334.3640537906719,326.9989201453741,330.8773193359375,364000,0.0,0.0
2023-09-22 00:00:00-04:00,332.07139881382966,335.33843942962324,327.6962691637412,328.3267517089844,306400,0.0,0.0
2023-09-25 00:00:00-04:00,327.70579571764574,332.90247373018906,326.62636367661287,331.3931579589844,272700,0.0,0.0
2023-09-26 00:00:00-04:00,328.13568720799435,329.320214275499,323.0249799901077,323.149169921875,361500,0.0,0.0
2023-09-27 00:00:00-04:00,326.2347052664939,330.8295578066502,324.9546452452666,328.3267517089844,461700,0.0,0.0
2023-09-28 00:00:00-04:00,327.906421661588,340.7261456306971,327.906421661588,337.21075439453125,418900,0.0,0.0
2023-09-29 00:00:00-04:00,341.9871287981465,348.1390783634805,337.9941017210858,340.172119140625,387700,0.0,0.0
2023-10-02 00:00:00-04:00,338.7105780216014,342.04446578750594,332.40578112369644,333.38970947265625,316300,0.0,0.0
2023-10-03 00:00:00-04:00,330.57159996697726,332.5776753955795,321.658932151166,323.69366455078125,358700,0.0,0.0
2023-10-04 00:00:00-04:00,325.308083609061,326.1009459291116,318.95553554952244,323.4070739746094,331300,0.0,0.0
2023-10-05 00:00:00-04:00,324.9355686845195,324.9355686845195,316.997265492045,318.8504943847656,317500,0.0,0.0
2023-10-06 00:00:00-04:00,314.30341259282255,325.93864140250287,314.30341259282255,321.0858459472656,443500,0.0,0.0
2023-10-09 00:00:00-04:00,317.9429624579566,326.3493681431969,316.03241968666146,326.2633972167969,332300,0.0,0.0
2023-10-10 00:00:00-04:00,326.7505250452969,338.2519992566752,326.7505250452969,334.8703308105469,417700,0.0,0.0
2023-10-11 00:00:00-04:00,336.35104509750107,336.5993958224895,328.3936184991463,335.6536865234375,356500,0.0,0.0
2023-10-12 00:00:00-04:00,336.56120317492287,336.56120317492287,327.72494334110894,330.6480712890625,328700,0.0,0.0
2023-10-13 00:00:00-04:00,331.0588474090799,332.95982812811434,323.9038740954671,328.8521728515625,349500,0.0,0.0
2023-10-16 00:00:00-04:00,331.717947662605,335.9975734362283,330.34235470510345,333.25592041015625,333600,0.0,0.0
2023-10-17 00:00:00-04:00,330.3997489067091,340.1339678199705,327.6867813461171,336.4657287597656,531000,0.0,0.0
2023-10-18 00:00:00-04:00,333.3514873128417,338.93026858521574,321.5920991438317,321.6780700683594,645300,0.0,0.0
2023-10-19 00:00:00-04:00,333.71446967090486,343.181211673555,307.8170789363146,310.65423583984375,1006700,0.0,0.0
2023-10-20 00:00:00-04:00,310.4632013456265,310.9312749972947,304.75066794594204,307.7597961425781,560500,0.0,0.0
2023-10-23 00:00:00-04:00,304.8461944173229,313.3194467905623,302.9356516805359,307.62603759765625,400800,0.0,0.0
2023-10-24 00:00:00-04:00,308.65770409967746,316.4813785905314,307.36811113184416,307.4158630371094,373100,0.0,0.0
2023-10-25 00:00:00-04:00,302.90695333290665,313.01373935550845,295.32209737163765,304.79840087890625,619400,0.0,0.0
2023-10-26 00:00:00-04:00,306.8713809689182,306.8713809689182,298.4172522422412,301.7129211425781,482200,0.0,0.0
2023-10-27 00:00:00-04:00,304.0724327240217,304.48319242362635,294.66300373588217,295.656494140625,435500,0.0,0.0
2023-10-30 00:00:00-04:00,299.08591145939084,305.0467955137367,296.5926671625488,302.4771423339844,298500,0.0,0.0
2023-10-31 00:00:00-04:00,301.693807670831,303.8718252037885,299.65907501124536,301.6460266113281,436500,0.0,0.0
2023-11-01 00:00:00-04:00,301.6460118023686,305.2569361969075,297.88224049954755,304.9990234375,422900,0.0,0.0
2023-11-02 00:00:00-04:00,312.2017901930058,316.8443949695377,311.09367192660574,311.63818359375,341400,0.0,0.0
2023-11-03 00:00:00-04:00,316.2999406328755,323.15881233797046,314.398959627049,321.6017150878906,440400,0.0,0.0
2023-11-06 00:00:00-05:00,321.2387181961027,321.2387181961027,312.6317121340403,315.2491760253906,341800,0.0,0.0
2023-11-07 00:00:00-05:00,315.7474469023124,322.2266864129403,312.9103957364417,320.357666015625,238400,1.1,0.0
2023-11-08 00:00:00-05:00,319.1213032715742,323.3673011221458,317.8561209853793,321.5557861328125,303100,0.0,0.0
2023-11-09 00:00:00-05:00,324.229916804557,324.229916804557,314.5206503618581,315.3641052246094,273800,0.0,0.0
2023-11-10 00:00:00-05:00,317.5494403425943,317.5494403425943,311.7123845850372,316.8114318847656,295800,0.0,0.0
2023-11-13 00:00:00-05:00,314.3289722165028,316.696384676262,311.1372636927867,314.7027587890625,198000,0.0,0.0
2023-11-14 00:00:00-05:00,325.87847135160257,341.0126591376258,324.4407722132867,334.8017883300781,485300,0.0,0.0
2023-11-15 00:00:00-05:00,336.7187222482287,345.6228804807296,335.71234454625136,336.02862548828125,466800,0.0,0.0
2023-11-16 00:00:00-05:00,334.4471816923864,336.2874203256945,332.35773249933345,332.9423828125,318900,0.0,0.0
2023-11-17 00:00:00-05:00,338.4056455673538,339.3641117030984,333.306598705177,335.67401123046875,240400,0.0,0.0
2023-11-20 00:00:00-05:00,335.6452725287242,336.40246899781727,331.5046916281998,334.58135986328125,275400,0.0,0.0
2023-11-21 00:00:00-05:00,333.2011793646836,338.7602712168466,329.6164961496072,337.7634582519531,250000,0.0,0.0
2023-11-22 00:00:00-05:00,340.13085287539025,342.99665709242817,338.34812000795307,341.463134765625,248600,0.0,0.0
2023-11-24 00:00:00-05:00,339.5941416916081,341.34815113867063,338.5110702543632,340.015869140625,62600,0.0,0.0
2023-11-27 00:00:00-05:00,338.43440332618513,339.17241173146783,334.4567746547423,336.9967041015625,249000,0.0,0.0
2023-11-28 00:00:00-05:00,336.3161806189135,339.392848580163,334.3992484374385,335.76025390625,205500,0.0,0.0
2023-11-29 00:00:00-05:00,333.33538834447154,336.7858726643573,328.7539208794775,330.9775695800781,431400,0.0,0.0
2023-11-30 00:00:00-05:00,332.0989269303624,334.3417342111984,324.8433604054173,332.89447021484375,593700,0.0,0.0
2023-12-01 00:00:00-05:00,332.33849423256237,343.11167205183233,330.6899315289058,342.7857971191406,345300,0.0,0.0
2023-12-04 00:00:00-05:00,342.0190392991696,347.42480213822444,336.718722941051,338.95196533203125,317900,0.0,0.0
2023-12-05 00:00:00-05:00,336.2395065151411,339.0573993258688,334.23631577895515,338.91363525390625,298300,0.0,0.0
2023-12-06 00:00:00-05:00,341.990313861359,350.87528478136915,341.74110329561944,347.4535827636719,351900,0.0,0.0
2023-12-07 00:00:00-05:00,347.25219198564497,348.9966069844278,342.74741970039827,348.63238525390625,287700,0.0,0.0
2023-12-08 00:00:00-05:00,345.28741981939714,346.8401302541888,338.82736752894533,339.4120178222656,331400,0.0,0.0
2023-12-11 00:00:00-05:00,340.56222975408537,346.2555215318944,338.32898704575047,341.0989685058594,279700,0.0,0.0
2023-12-12 00:00:00-05:00,341.08936223749186,346.006298528166,335.4535762961359,337.1788330078125,355400,0.0,0.0
2023-12-13 00:00:00-05:00,337.28422020578165,350.4631292943499,335.22352390740025,349.87847900390625,383400,0.0,0.0
2023-12-14 00:00:00-05:00,355.97428884584275,382.3512935379614,355.97428884584275,379.840087890625,1130300,0.0,0.0
2023-12-15 00:00:00-05:00,377.84655789043006,381.0190787677769,372.4887351814052,376.1021423339844,726800,0.0,0.0
2023-12-18 00:00:00-05:00,376.36091835768156,376.72511092691707,370.2363055806288,373.61968994140625,378900,0.0,0.0
2023-12-19 00:00:00-05:00,376.15005123733255,381.6516375632439,373.97431436274945,375.26824951171875,270800,0.0,0.0
2023-12-20 00:00:00-05:00,375.15327265952845,383.3864941105442,373.1117348983789,374.4056701660156,362700,0.0,0.0
2023-12-21 00:00:00-05:00,378.6324760109169,382.08296000024563,376.2363106363922,379.1979675292969,222200,0.0,0.0
2023-12-22 00:00:00-05:00,379.38965066231503,381.2395125978384,376.7730567419731,379.65802001953125,178000,0.0,0.0
2023-12-26 00:00:00-05:00,380.1851192909037,385.5045937820356,379.0732952436458,384.23944091796875,199800,0.0,0.0
2023-12-27 00:00:00-05:00,385.64844234826603,388.18840115300435,382.8880842898345,386.97113037109375,193400,0.0,0.0
2023-12-28 00:00:00-05:00,386.27145992062117,387.9775285305194,384.3832803987057,385.6772155761719,131700,0.0,0.0
2023-12-29 00:00:00-05:00,384.61325868621253,387.2011287435238,381.51740278802913,382.1499938964844,201500,0.0,0.0
2024-01-02 00:00:00-05:00,377.8848068035716,381.38320178212183,369.42153581635836,372.028564453125,346100,0.0,0.0
2024-01-03 00:00:00-05:00,366.9679473658011,367.11171144502447,357.833765698296,358.2554931640625,309500,0.0,0.0
2024-01-04 00:00:00-05:00,354.94875804180066,361.66761514327374,354.94875804180066,357.3832702636719,257900,0.0,0.0
2024-01-05 00:00:00-05:00,356.16604047247256,363.9679400143938,356.16604047247256,362.04144287109375,266100,0.0,0.0
2024-01-08 00:00:00-05:00,359.07019856711844,366.92960388730813,359.07019856711844,365.59735107421875,214400,0.0,0.0
2024-01-09 00:00:00-05:00,361.39921867427466,367.2267088350529,361.39921867427466,365.6835632324219,129400,0.0,0.0
2024-01-10 00:00:00-05:00,367.092521295179,373.849695692101,360.488675736287,373.65802001953125,290200,0.0,0.0
2024-01-11 00:00:00-05:00,371.13724687614894,373.6292646027074,363.68038173864204,368.8944396972656,266800,0.0,0.0
2024-01-12 00:00:00-05:00,371.4056594672508,373.0638165543806,361.8209972874508,365.9615783691406,150000,0.0,0.0
2024-01-16 00:00:00-05:00,362.2043526754442,367.06378308186925,359.1468433132209,365.76025390625,287600,0.0,0.0
2024-01-17 00:00:00-05:00,361.9263756202192,365.6835756607891,358.7538551197926,361.39923095703125,223700,0.0,0.0
2024-01-18 00:00:00-05:00,363.8720650010735,371.2138891987531,363.52700201328844,370.9263610839844,235400,0.0,0.0
2024-01-19 00:00:00-05:00,370.9359623555023,372.8241416795605,365.80816304142974,370.77301025390625,272200,0.0,0.0
2024-01-22 00:00:00-05:00,373.79219508019173,383.8656834234342,371.91360966344354,383.1851806640625,254000,0.0,0.0
2024-01-23 00:00:00-05:00,385.65795469503695,385.65795469503695,371.5780869992167,374.434326171875,198700,0.0,0.0
2024-01-24 00:00:00-05:00,377.8177654671909,379.36088189377426,361.27463073216006,365.0797424316406,278400,0.0,0.0
2024-01-25 00:00:00-05:00,367.01584134859723,369.15320197021356,362.18516415322074,362.8369140625,306500,0.0,0.0
2024-01-26 00:00:00-05:00,363.0094515255008,364.57175599228685,358.13086244981054,361.7155456542969,300200,0.0,0.0
2024-01-29 00:00:00-05:00,362.7506551485897,368.0701301438934,360.06696184916973,367.504638671875,262700,0.0,0.0
2024-01-30 00:00:00-05:00,366.9487560842302,368.1468387217978,363.65163032563885,363.88165283203125,240800,0.0,0.0
2024-01-31 00:00:00-05:00,364.0637560912129,365.9423414374692,354.71871171433867,355.8305358886719,315600,0.0,0.0
2024-02-01 00:00:00-05:00,357.6708191619849,361.5430012731992,352.0445984000237,361.41839599609375,330800,0.0,0.0
2024-02-02 00:00:00-05:00,357.31619423978657,361.8209971627673,346.15966267637907,358.3226013183594,343700,0.0,0.0
2024-02-05 00:00:00-05:00,353.5493910314825,354.35449905778205,347.3097672650807,351.4503479003906,316900,0.0,0.0
2024-02-06 00:00:00-05:00,351.392907814591,358.2555299855054,351.392907814591,358.05426025390625,175800,0.0,0.0
2024-02-07 00:00:00-05:00,359.6547595225166,367.9263254845225,354.5653075858818,365.0317687988281,350700,0.0,0.0
2024-02-08 00:00:00-05:00,366.3352923794514,371.6260435741606,363.82411606604927,371.2522277832031,242500,0.0,0.0
2024-02-09 00:00:00-05:00,371.18512560095184,374.7698084112557,368.453520839839,370.59088134765625,216100,0.0,0.0
2024-02-12 00:00:00-05:00,371.2905768515978,378.7857882558912,369.44074442638794,376.581298828125,200500,0.0,0.0
2024-02-13 00:00:00-05:00,363.65163374199267,367.77302635391834,357.98709546834914,360.26824951171875,316700,0.0,0.0
2024-02-14 00:00:00-05:00,363.7474489560951,366.9870687867854,359.5781159151183,366.8816223144531,310000,0.0,0.0
2024-02-15 00:00:00-05:00,368.9423566206116,373.1979485342129,368.69317531940897,372.9679260253906,227300,0.0,0.0
2024-02-16 00:00:00-05:00,369.07656742803886,374.3864488393876,367.0158710553983,371.21392822265625,293700,0.0,0.0
2024-02-20 00:00:00-05:00,365.0701774590216,370.00627216719545,363.21075083107803,368.78900146484375,236100,0.0,0.0
2024-02-21 00:00:00-05:00,368.9327970480098,374.5589885727295,365.568571558755,372.9391784667969,550000,0.0,0.0
2024-02-22 00:00:00-05:00,352.00625017276593,389.84647103037446,352.00625017276593,363.3352966308594,1049700,0.0,0.0
2024-02-23 00:00:00-05:00,363.1052501714547,372.45029352325037,359.7602132445237,371.510986328125,449800,0.0,0.0
2024-02-26 00:00:00-05:00,369.14361005173566,374.99982328394896,369.0477576015231,370.35125732421875,369200,0.0,0.0
2024-02-27 00:00:00-05:00,372.88171876013905,375.1916259367985,369.99672598243234,374.81781005859375,231200,0.0,0.0
2024-02-28 00:00:00-05:00,371.58774685269873,376.99348076967726,370.19795922462833,376.7634582519531,220500,0.0,0.0
2024-02-29 00:00:00-05:00,378.59412402469,384.81455989231534,377.73151035160885,381.58453369140625,465000,0.0,0.0
2024-03-01 00:00:00-05:00,379.3704374691204,388.763392874852,374.44393727878656,386.65478515625,275100,0.0,0.0
2024-03-04 00:00:00-05:00,384.4407481281869,391.5908968501492,383.52062888717234,385.43756103515625,252800,0.0,0.0
2024-03-05 00:00:00-05:00,384.6516216610511,392.33850924081844,384.6516216610511,392.01263427734375,383600,0.0,0.0
2024-03-06 00:00:00-05:00,392.990264274564,393.7091138577635,388.3992326632432,389.6260681152344,314800,0.0,0.0
2024-03-07 00:00:00-05:00,390.74742357524485,398.2426349399784,388.1499888273865,396.9486999511719,370800,0.0,0.0
2024-03-08 00:00:00-05:00,399.25862194997563,405.17237044480936,396.6324342902278,397.8209228515625,267500,0.0,0.0
2024-03-11 00:00:00-04:00,397.68677693395,400.1404478707299,385.1979645115664,385.4950866699219,295900,0.0,0.0
2024-03-12 00:00:00-04:00,385.4951046513983,391.2938132705061,383.3289617506758,388.2554626464844,352500,0.0,0.0
2024-03-13 00:00:00-04:00,389.47600971253297,393.0896644935219,386.8618820830384,389.79315185546875,207600,1.1,0.0
2024-03-14 00:00:00-04:00,390.600457982809,391.77297168735606,373.22419027377384,379.95172119140625,533900,0.0,0.0
2024-03-15 00:00:00-04:00,378.3948613805011,384.72834899363437,378.01043682867754,383.76727294921875,389900,0.0,0.0
2024-03-18 00:00:00-04:00,383.853714505775,386.6984910012688,378.7407835999008,381.83544921875,374400,0.0,0.0
2024-03-19 00:00:00-04:00,382.87342487760804,389.87967645843804,382.61391561146417,389.3606872558594,272600,0.0,0.0
2024-03-20 00:00:00-04:00,389.4856845178105,395.24252059951476,386.16034030917257,393.5221862792969,256700,0.0,0.0
2024-03-21 00:00:00-04:00,396.84748960607396,404.59375932743444,395.8767935222523,402.6619873046875,321300,0.0,0.0
2024-03-22 00:00:00-04:00,403.04645957489873,403.65194218092427,399.3559310516673,400.1728515625,230200,0.0,0.0
2024-03-25 00:00:00-04:00,398.1737500228636,402.0372940708611,391.2347805661384,392.2823791503906,413600,0.0,0.0
2024-03-26 00:00:00-04:00,395.3770956491053,398.21225243722216,386.48714206605683,386.8907775878906,252100,0.0,0.0
2024-03-27 00:00:00-04:00,390.74464331084226,398.8945483305263,387.544244076886,398.4812927246094,262700,0.0,0.0
2024-03-28 00:00:00-04:00,390.1968181851185,394.6177732226158,385.5067630668887,387.79412841796875,711600,0.0,0.0
2024-04-01 00:00:00-04:00,387.3136505975225,387.8998929134646,382.6235947511308,385.6798095703125,341700,0.0,0.0
2024-04-02 00:00:00-04:00,381.49906197275556,381.49906197275556,372.5610391671217,376.4341735839844,397500,0.0,0.0
2024-04-03 00:00:00-04:00,375.2712777936458,379.4327232023163,373.6662682641066,376.7513427734375,314100,0.0,0.0
2024-04-04 00:00:00-04:00,382.44096313305977,386.3140982144737,378.36601030528857,379.7980041503906,374100,0.0,0.0
2024-04-05 00:00:00-04:00,378.1641547849619,382.7484762582869,376.62642748270315,380.8263244628906,247600,0.0,0.0
2024-04-08 00:00:00-04:00,383.0944725726532,385.1608093409034,380.67257172330534,381.3837585449219,221100,0.0,0.0
2024-04-09 00:00:00-04:00,382.4601959937443,386.7850378813643,381.4030065552728,384.50726318359375,280100,0.0,0.0
2024-04-10 00:00:00-04:00,373.8200909948163,374.64663155816953,366.2756389678911,366.5063171386719,479500,0.0,0.0
2024-04-11 00:00:00-04:00,365.1608239200801,370.6485594571875,363.53660319602704,364.3823547363281,445100,0.0,0.0
2024-04-12 00:00:00-04:00,361.34535079596884,365.72785483685186,359.0964365641771,365.4010925292969,398900,0.0,0.0
2024-04-15 00:00:00-04:00,367.8710647660529,370.1295993228886,357.99120426163233,359.0580139160156,259500,0.0,0.0
2024-04-16 00:00:00-04:00,358.5102193719425,360.1536513042009,353.67600772218924,355.5789489746094,375100,0.0,0.0
2024-04-17 00:00:00-04:00,359.8364795207143,361.35496674139006,349.7451812166838,349.975830078125,322700,0.0,0.0
2024-04-18 00:00:00-04:00,350.9465090941886,354.9830106206181,348.5534392846015,348.7840881347656,235500,0.0,0.0
2024-04-19 00:00:00-04:00,348.7840476162099,351.4077953008694,346.8907269784976,347.0733337402344,329100,0.0,0.0
2024-04-22 00:00:00-04:00,349.65864422593467,354.5313061233385,347.49622343084286,351.6384582519531,299900,0.0,0.0
2024-04-23 00:00:00-04:00,353.8008929472578,364.40155946604557,352.1190100405526,360.39385986328125,503400,0.0,0.0
2024-04-24 00:00:00-04:00,357.3568606593745,363.97868809013283,357.3568606593745,362.7004699707031,550300,0.0,0.0
2024-04-25 00:00:00-04:00,353.3107484794247,365.4299318868541,344.47845784173523,355.5981140136719,1065500,0.0,0.0
2024-04-26 00:00:00-04:00,351.83066241913536,362.9118666832506,350.2353021906048,356.7225646972656,437300,0.0,0.0
2024-04-29 00:00:00-04:00,357.35682567566835,358.0584216152198,350.3409835989846,355.2232360839844,379600,0.0,0.0
2024-04-30 00:00:00-04:00,353.96425128581666,353.9834915753221,346.8811264145179,348.4188537597656,453300,0.0,0.0
2024-05-01 00:00:00-04:00,348.4188643869904,352.99359531296733,340.71104579556714,345.5068054199219,397500,0.0,0.0
2024-05-02 00:00:00-04:00,351.1867992220368,353.67598264554726,343.690388513787,346.09307861328125,368800,0.0,0.0
2024-05-03 00:00:00-04:00,352.320788302176,356.85706743547945,350.091085316549,350.456298828125,430000,0.0,0.0
2024-05-06 00:00:00-04:00,352.85901414995857,356.78981109849923,349.7163064859874,356.3381042480469,340300,0.0,0.0
2024-05-07 00:00:00-04:00,358.06812383397016,362.44100828646987,357.52992357303833,358.173828125,309600,0.0,0.0
2024-05-08 00:00:00-04:00,355.2809588148312,355.7134253938638,347.5538999759685,351.580810546875,272100,0.0,0.0
2024-05-09 00:00:00-04:00,351.20600128374076,358.9234405145494,350.35065888144806,358.4813537597656,210100,0.0,0.0
2024-05-10 00:00:00-04:00,357.80856747465214,362.5755253442985,355.65576671398003,359.64422607421875,255800,0.0,0.0
2024-05-13 00:00:00-04:00,363.0560474923587,363.88255870203733,357.5682828934185,358.56781005859375,231300,0.0,0.0
2024-05-14 00:00:00-04:00,362.9791694987935,363.78646980334344,359.8556725602523,362.8061828613281,228200,0.0,0.0
2024-05-15 00:00:00-04:00,363.95348267351017,370.1240070184003,361.30209560830417,369.3334045410156,315100,1.2,0.0
2024-05-16 00:00:00-04:00,368.706703381387,368.706703381387,355.97038341351436,355.98968505859375,336100,0.0,0.0
2024-05-17 00:00:00-04:00,356.36568903902264,356.72241639852547,350.9761459326049,353.74322509765625,220800,0.0,0.0
2024-05-20 00:00:00-04:00,353.5600456812102,357.6576438627673,352.3645205683812,355.0834045410156,204600,0.0,0.0
2024-05-21 00:00:00-04:00,355.0834305733551,358.1783143647552,350.4362647628182,357.83123779296875,226300,0.0,0.0
2024-05-22 00:00:00-04:00,358.39043796764616,361.533546554336,352.653788140389,354.4181823730469,304900,0.0,0.0
2024-05-23 00:00:00-04:00,354.3603257269804,354.3603257269804,344.71891751322215,351.9981689453125,382300,0.0,0.0
2024-05-24 00:00:00-04:00,353.3382973392282,354.50489935766205,349.15393019636105,349.4624328613281,243400,0.0,0.0
2024-05-28 00:00:00-04:00,350.6869747481857,352.9719839382734,342.3375111519924,344.8249816894531,325900,0.0,0.0
2024-05-29 00:00:00-04:00,342.2506978696816,344.5260559420706,338.13379799008874,338.54840087890625,454200,0.0,0.0
2024-05-30 00:00:00-04:00,339.0787091996756,346.4351088382531,338.94371535301616,343.3594970703125,504200,0.0,0.0
2024-05-31 00:00:00-04:00,344.02471811957724,350.98581568639185,341.98074438594455,350.51336669921875,383700,0.0,0.0
2024-06-03 00:00:00-04:00,351.226833490157,351.61248389610347,342.42422394961983,348.1801452636719,247900,0.0,0.0
2024-06-04 00:00:00-04:00,345.4323300259736,345.4323300259736,339.34860454157683,341.392578125,251700,0.0,0.0
2024-06-05 00:00:00-04:00,343.3015972545653,346.05902562292,339.47395737438586,343.2341003417969,205000,0.0,0.0
2024-06-06 00:00:00-04:00,342.366416531904,344.2272012826297,334.1037225110269,334.53759765625,296300,0.0,0.0
2024-06-07 00:00:00-04:00,330.9027607246321,332.3007766750327,327.6343386633796,328.63702392578125,327600,0.0,0.0
2024-06-10 00:00:00-04:00,325.9663512656537,331.1148594761555,325.4939317010849,330.1217956542969,273200,0.0,0.0
2024-06-11 00:00:00-04:00,329.78433279974854,333.73731577176136,326.6991000440425,330.3242492675781,279700,0.0,0.0
2024-06-12 00:00:00-04:00,338.2109484735034,348.3440479442187,329.61079987091256,334.2965393066406,495000,0.0,0.0
2024-06-13 00:00:00-04:00,333.87234907376825,333.87234907376825,324.96366745483334,330.7003173828125,276900,0.0,0.0
2024-06-14 00:00:00-04:00,328.3477867378522,331.27878299268247,324.7804540276365,329.0708923339844,224400,0.0,0.0
2024-06-17 00:00:00-04:00,326.4869812469407,331.6547614546192,326.4869812469407,330.8738098144531,325000,0.0,0.0
2024-06-18 00:00:00-04:00,328.6081065445958,330.70030509448173,325.36860747499026,325.7735595703125,312700,0.0,0.0
2024-06-20 00:00:00-04:00,325.3107251005466,325.3107251005466,319.42946080157924,321.5312805175781,446100,0.0,0.0
2024-06-21 00:00:00-04:00,322.0230149780145,326.0338440845775,317.93506755660496,325.8024597167969,771600,0.0,0.0
2024-06-24 00:00:00-04:00,326.3616556944214,328.6177416003383,322.17728821867047,325.7928161621094,564000,0.0,0.0
2024-06-25 00:00:00-04:00,288.5094581915782,308.5250288539124,288.5094581915782,299.5970764160156,1977200,0.0,0.0
2024-06-26 00:00:00-04:00,296.07795569851646,302.79801736529674,295.05596893914145,301.08184814453125,463800,0.0,0.0
2024-06-27 00:00:00-04:00,299.42357366682785,299.924916305819,295.1138629818724,296.5408020019531,582800,0.0,0.0
2024-06-28 00:00:00-04:00,297.77493076242945,301.0915779004224,295.0753185167454,296.3094177246094,795700,0.0,0.0
2024-07-01 00:00:00-04:00,296.3093881419678,299.08611843825275,293.80264552421795,296.656494140625,472300,0.0,0.0
2024-07-02 00:00:00-04:00,297.6206359226898,297.6206359226898,289.7146693273068,290.592041015625,351500,0.0,0.0
2024-07-03 00:00:00-04:00,290.15815693927493,292.5974317459973,287.38142700115446,290.2931213378906,316000,0.0,0.0
2024-07-05 00:00:00-04:00,290.2931735641078,291.17054529429385,287.4104017529569,289.0301513671875,324800,0.0,0.0
2024-07-08 00:00:00-04:00,289.27117646196916,294.54502805947277,289.1554842683227,293.5616149902344,430700,0.0,0.0
2024-07-09 00:00:00-04:00,292.8384617952069,296.0008420753126,282.9849427856858,285.549560546875,520800,0.0,0.0
2024-07-10 00:00:00-04:00,288.12381743302217,288.943342952991,283.9008762515334,288.1527404785156,585800,0.0,0.0
2024-07-11 00:00:00-04:00,292.8963084897173,308.87209736332534,292.8963084897173,305.97967529296875,714200,0.0,0.0
2024-07-12 00:00:00-04:00,308.34184447540247,320.3743313769187,307.8115788432536,316.6238098144531,799600,0.0,0.0
2024-07-15 00:00:00-04:00,317.33732367733995,324.8576103054501,313.953179983069,315.3126220703125,475500,0.0,0.0
2024-07-16 00:00:00-04:00,315.65972278699206,327.80790393511904,313.3457905262167,324.8190612792969,523300,0.0,0.0
2024-07-17 00:00:00-04:00,320.8274950619341,328.65631348034105,319.15952092175957,324.3658752441406,426400,0.0,0.0
2024-07-18 00:00:00-04:00,321.45416755741064,329.6204407996817,318.17609492704565,318.78350830078125,402600,0.0,0.0
2024-07-19 00:00:00-04:00,318.78344358673627,319.85362546740845,312.1983471942996,316.73944091796875,299400,0.0,0.0
2024-07-22 00:00:00-04:00,319.13057799225874,320.2007600672046,311.9477178663395,319.6801452636719,322300,0.0,0.0
2024-07-23 00:00:00-04:00,319.68017454084935,326.13027889560243,317.78081597352195,325.93743896484375,358900,0.0,0.0
2024-07-24 00:00:00-04:00,324.2888099004077,324.7901525950561,314.4931344540537,315.457275390625,429800,0.0,0.0
2024-07-25 00:00:00-04:00,337.4492751460552,350.3205605255602,327.0172647785334,347.0328369140625,1077800,0.0,0.0
2024-07-26 00:00:00-04:00,351.4775243282317,361.4371154805665,348.87436176694405,358.4868469238281,787200,0.0,0.0
2024-07-29 00:00:00-04:00,357.831273721235,360.714045644909,353.17445661949705,355.8933410644531,447200,0.0,0.0
2024-07-30 00:00:00-04:00,355.9704245130388,360.2030168431217,355.1508989300104,359.1424560546875,443300,0.0,0.0
2024-07-31 00:00:00-04:00,361.17679623356406,369.03456784190473,355.37267880386247,360.62725830078125,426800,0.0,0.0
2024-08-01 00:00:00-04:00,359.53773441743994,363.8377939694301,348.6043817275466,352.4512939453125,539600,0.0,0.0
2024-08-02 00:00:00-04:00,345.0370441141868,345.0370441141868,336.3983512672602,340.71771240234375,514500,0.0,0.0
2024-08-05 00:00:00-04:00,331.8572817758546,344.02473420782997,323.53674179748907,337.2853698730469,524500,0.0,0.0
2024-08-06 00:00:00-04:00,339.6764094364122,346.0204717525451,336.42725996816836,341.8168029785156,379300,0.0,0.0
2024-08-07 00:00:00-04:00,343.4752060412675,347.3703436339005,336.4080659761765,336.7358703613281,435900,0.0,0.0
2024-08-08 00:00:00-04:00,337.93134371747124,344.5260631282729,336.58155250881157,338.1531066894531,390100,0.0,0.0
2024-08-09 00:00:00-04:00,338.1531350109491,338.34594552933953,334.9425294645232,336.6876220703125,252800,0.0,0.0
2024-08-12 00:00:00-04:00,336.68760202771625,337.1022049352253,328.88770645179665,331.73193359375,317400,0.0,0.0
2024-08-13 00:00:00-04:00,332.7153273972201,337.30464677590527,331.346264011249,335.424560546875,358200,0.0,0.0
2024-08-14 00:00:00-04:00,336.10913486540466,337.22754180638515,331.5584182012864,331.7030334472656,265100,0.0,0.0
2024-08-15 00:00:00-04:00,337.4693539269795,339.44309357650303,331.6836308309029,335.8149108886719,345800,1.2,0.0
2024-08-16 00:00:00-04:00,334.741023882334,339.48184393506,333.70577520929794,334.0637512207031,193600,0.0,0.0
2024-08-19 00:00:00-04:00,334.06375053572464,336.26968469386173,332.7769679127404,334.3636779785156,199000,0.0,0.0
2024-08-20 00:00:00-04:00,333.8605160729312,337.7789412792668,333.8605160729312,334.8570556640625,186900,0.0,0.0
2024-08-21 00:00:00-04:00,338.6207308324102,340.3235675127078,333.8218623552965,339.5979309082031,221200,0.0,0.0
2024-08-22 00:00:00-04:00,337.8274145539807,339.59795500305324,334.08310460704115,336.7727966308594,172100,0.0,0.0
2024-08-23 00:00:00-04:00,338.6304057470972,347.1638990582188,336.85986547430275,346.8736267089844,182500,0.0,0.0
2024-08-26 00:00:00-04:00,348.3055461518687,350.4921404177703,344.50321769267197,345.03533935546875,176200,0.0,0.0
2024-08-27 00:00:00-04:00,342.6068686995596,344.1548992654908,338.6884430876896,340.488037109375,188100,0.0,0.0
2024-08-28 00:00:00-04:00,339.3850978965541,342.21025624788416,337.77901856667734,338.2724609375,164000,0.0,0.0
2024-08-29 00:00:00-04:00,342.29731984726976,344.1549330879659,337.48876659139586,339.4237976074219,177800,0.0,0.0
2024-08-30 00:00:00-04:00,340.82666357331817,343.3422096975073,338.40787490125723,340.1977844238281,454900,0.0,0.0
2024-09-03 00:00:00-04:00,339.14316653009666,340.662172769977,328.68432758629376,328.9552307128906,429700,0.0,0.0
2024-09-04 00:00:00-04:00,327.5813753815569,333.899250230032,326.40100532516016,333.3381042480469,390000,0.0,0.0
2024-09-05 00:00:00-04:00,334.2185469582149,334.2185469582149,329.55511529759946,330.86126708984375,290300,0.0,0.0
2024-09-06 00:00:00-04:00,331.68364035791984,335.2150657035974,328.8681669681463,330.2807312011719,356100,0.0,0.0
2024-09-09 00:00:00-04:00,332.82531303020744,339.86882428770457,331.5095061977938,335.2247619628906,431700,0.0,0.0
2024-09-10 00:00:00-04:00,335.12799918803984,337.2178360588675,332.6995260116481,335.1473388671875,268900,0.0,0.0
2024-09-11 00:00:00-04:00,334.43136944626707,334.93446681390265,326.0526827210306,334.6732482910156,225500,0.0,0.0
2024-09-12 00:00:00-04:00,334.88611414199045,336.22129013419755,330.4258527408672,335.2344055175781,202100,0.0,0.0
2024-09-13 00:00:00-04:00,338.6207471024666,346.56407077365736,337.74030443688326,344.4548645019531,191300,0.0,0.0
2024-09-16 00:00:00-04:00,345.6062163048865,349.8729633612717,345.0644099668914,346.8446350097656,187300,0.0,0.0
2024-09-17 00:00:00-04:00,350.41476088949946,361.7734130730178,350.3567123209045,359.7803039550781,502800,0.0,0.0
2024-09-18 00:00:00-04:00,359.7125746068673,365.79822548084195,355.06848276748616,356.9454650878906,336800,0.0,0.0
2024-09-19 00:00:00-04:00,366.25297998497166,366.68837376959635,358.00975857083404,360.0028381347656,210900,0.0,0.0
2024-09-20 00:00:00-04:00,356.66494059773,357.061595983555,352.31112069507935,352.53363037109375,341800,0.0,0.0
2024-09-23 00:00:00-04:00,355.33939774216833,357.7195070686716,352.011142147303,356.3359375,150700,0.0,0.0
2024-09-24 00:00:00-04:00,357.7001285173124,360.08989285829256,355.939272839402,359.82867431640625,156100,0.0,0.0
2024-09-25 00:00:00-04:00,359.286886414762,359.41266815381334,353.7430119767303,354.17840576171875,236500,0.0,0.0
2024-09-26 00:00:00-04:00,357.01320522097575,360.35114537296414,354.5847319647109,358.29998779296875,256800,0.0,0.0
2024-09-27 00:00:00-04:00,362.6634755540652,366.3593915352252,359.3449047583209,360.4382019042969,173700,0.0,0.0
2024-09-30 00:00:00-04:00,361.39604952024774,370.56810673402947,360.4962672264334,364.559814453125,390500,0.0,0.0
2024-10-01 00:00:00-04:00,364.5694775626466,364.9564778195782,356.61649974886114,363.408447265625,258000,0.0,0.0
2024-10-02 00:00:00-04:00,360.88324473817977,363.3020332417869,357.9903831362583,360.66070556640625,209000,0.0,0.0
2024-10-03 00:00:00-04:00,357.4581998854553,359.8286242168521,354.54599886617325,359.3835754394531,226100,0.0,0.0
2024-10-04 00:00:00-04:00,362.1313460343115,362.4215888427796,351.2564528994875,352.0885314941406,341600,0.0,0.0
2024-10-07 00:00:00-04:00,349.0311980709581,351.6531566692339,346.3318217021091,351.2274475097656,241700,0.0,0.0
2024-10-08 00:00:00-04:00,351.2274707496834,356.4423935351148,348.71195403794286,353.0851135253906,189900,0.0,0.0
2024-10-09 00:00:00-04:00,352.71740874859023,354.2654392801717,348.82800750436223,353.85906982421875,181400,0.0,0.0
2024-10-10 00:00:00-04:00,351.47899555251774,353.7623472645879,348.053982747526,350.7243347167969,211000,0.0,0.0
2024-10-11 00:00:00-04:00,350.72434029171654,356.848699918236,350.55019460214214,353.4140319824219,204100,0.0,0.0
2024-10-14 00:00:00-04:00,353.2012166208942,356.7133027150255,350.7921124023082,356.34564208984375,208900,0.0,0.0
2024-10-15 00:00:00-04:00,356.34558159162043,361.50245501988377,352.28200524960613,352.83349609375,316300,0.0,0.0
2024-10-16 00:00:00-04:00,354.7492338361624,361.1058177048311,354.7492338361624,359.89642333984375,199300,0.0,0.0
2024-10-17 00:00:00-04:00,359.9254361608529,359.9254361608529,354.11065879078586,357.4292297363281,204100,0.0,0.0
2024-10-18 00:00:00-04:00,358.80312006006807,360.8445635411566,354.8653249877676,358.3774108886719,216800,0.0,0.0
2024-10-21 00:00:00-04:00,358.37742068904765,359.8577182262653,345.8287434453049,347.3187255859375,278500,0.0,0.0
2024-10-22 00:00:00-04:00,345.75130951583867,345.75130951583867,338.5626767571452,339.38507080078125,299800,0.0,0.0
2024-10-23 00:00:00-04:00,339.78177243388103,342.6069011727182,337.9047899927961,339.288330078125,363700,0.0,0.0
2024-10-24 00:00:00-04:00,367.65584989553435,367.65584989553435,354.6040766726354,365.07257080078125,644100,0.0,0.0
2024-10-25 00:00:00-04:00,367.53974431086476,367.53974431086476,351.7885952326978,354.1106262207031,308800,0.0,0.0
2024-10-28 00:00:00-04:00,357.07121330160584,360.4381773546358,355.70701311269437,357.874267578125,260100,0.0,0.0
2024-10-29 00:00:00-04:00,354.5556553813658,354.5556553813658,349.97932682124167,350.5888366699219,329300,0.0,0.0
2024-10-30 00:00:00-04:00,349.1375862306169,354.80724171716696,349.1375862306169,352.6109924316406,328800,0.0,0.0
2024-10-31 00:00:00-04:00,353.00764409873483,354.1106257942891,349.3504371773182,349.89227294921875,264500,0.0,0.0
2024-11-01 00:00:00-04:00,351.57572527308537,356.87769038369856,350.61789454495846,351.26611328125,225900,0.0,0.0
2024-11-04 00:00:00-05:00,351.44999156315106,355.3007137312619,346.66077821587334,348.39263916015625,419100,0.0,0.0
2024-11-05 00:00:00-05:00,346.2060442868673,357.4679384212285,343.38091567650616,357.2937927246094,460900,0.0,0.0
2024-11-06 00:00:00-05:00,360.82522941722414,361.46379318415137,346.1963999239234,358.59027099609375,421300,0.0,0.0
2024-11-07 00:00:00-05:00,359.92544365933173,364.3566515722991,357.55501891957255,359.2191467285156,208900,0.0,0.0
2024-11-08 00:00:00-05:00,360.3511154782763,366.1078142797196,360.0221342656441,360.47686767578125,228800,0.0,0.0
2024-11-11 00:00:00-05:00,360.118902094196,366.0981697613775,360.118902094196,362.80859375,207700,0.0,0.0
2024-11-12 00:00:00-05:00,359.71252900997257,361.6959236050408,344.3193567290564,344.8998718261719,381400,0.0,0.0
2024-11-13 00:00:00-05:00,346.16191978158963,347.82198066894796,339.7741782656172,340.9294128417969,393600,1.2,0.0
2024-11-14 00:00:00-05:00,340.6187377834713,355.1319602267461,339.5799925237841,347.0453186035156,404800,0.0,0.0
2024-11-15 00:00:00-05:00,365.98530262216644,367.7424180179949,348.49179829214836,348.9189453125,522000,0.0,0.0
2024-11-18 00:00:00-05:00,349.0451360373256,352.86033705729017,347.09388168080847,350.2974548339844,341800,0.0,0.0
2024-11-19 00:00:00-05:00,349.3072447127729,352.3652061002606,343.65727894864244,352.11279296875,405300,0.0,0.0
2024-11-20 00:00:00-05:00,351.0449487442824,352.04488402365547,347.90933752216694,350.4333801269531,287400,0.0,0.0
2024-11-21 00:00:00-05:00,352.3652261872746,357.6365725546387,351.928361838749,353.714599609375,254200,0.0,0.0
2024-11-22 00:00:00-05:00,357.1997441668575,361.06344292501024,354.63686191184064,355.7823791503906,337200,0.0,0.0
2024-11-25 00:00:00-05:00,363.9757498016862,384.04185222811003,363.9757498016862,378.63458251953125,737000,0.0,0.0
2024-11-26 00:00:00-05:00,374.7902820513988,374.7902820513988,364.31552289070555,367.48028564453125,367000,0.0,0.0
2024-11-27 00:00:00-05:00,371.90711263467756,374.0816578895038,363.8981498825156,365.8202819824219,254800,0.0,0.0
2024-11-29 00:00:00-05:00,367.46084469603227,369.74219113189383,365.1892155724357,366.0726318359375,145900,0.0,0.0
2024-12-02 00:00:00-05:00,366.47070991904485,368.722934372353,360.21886285525005,364.98541259765625,253800,0.0,0.0
2024-12-03 00:00:00-05:00,366.3833497929114,368.373443821513,363.69429056323804,365.3446044921875,309800,0.0,0.0
2024-12-04 00:00:00-05:00,365.5581919156544,366.9949620019226,358.1802322073431,363.0341491699219,285900,0.0,0.0
2024-12-05 00:00:00-05:00,362.4613414653186,369.6257266725585,359.51986936915426,363.4127197265625,308200,0.0,0.0
2024-12-06 00:00:00-05:00,364.6165280823336,367.75216908179,361.79154487636276,362.03424072265625,327900,0.0,0.0
2024-12-09 00:00:00-05:00,365.1795983897124,369.69373519758693,363.29627625573295,369.2083435058594,318100,0.0,0.0
2024-12-10 00:00:00-05:00,368.34428660148217,369.17917561368324,360.7819063086437,364.14080810546875,316700,0.0,0.0
2024-12-11 00:00:00-05:00,368.2957632062703,368.89764409595836,363.7330699683859,364.6844482421875,300200,0.0,0.0
2024-12-12 00:00:00-05:00,362.1313105315263,362.1313105315263,354.84071811957557,358.7432861328125,276200,0.0,0.0
2024-12-13 00:00:00-05:00,357.2385518995004,358.5005880174036,349.68585869736813,352.3458251953125,361200,0.0,0.0
2024-12-16 00:00:00-05:00,350.85076706725926,355.7726451024943,349.1518964323951,351.7633056640625,336800,0.0,0.0
2024-12-17 00:00:00-05:00,349.9673801081729,353.0447762086221,347.2103590876781,348.0743408203125,299700,0.0,0.0
2024-12-18 00:00:00-05:00,347.6957430286013,350.03533428790143,332.6000452529931,333.6873474121094,465500,0.0,0.0
2024-12-19 00:00:00-05:00,333.64853608164384,335.5124235462919,330.0663431055104,330.9788818359375,455300,0.0,0.0
2024-12-20 00:00:00-05:00,332.78451595472046,340.72554616427965,330.79442196496166,338.84222412109375,814600,0.0,0.0
2024-12-23 00:00:00-05:00,337.191854463045,338.11411041176615,333.464050294345,337.67724609375,340900,0.0,0.0
2024-12-24 00:00:00-05:00,336.6676410523198,341.5409922435299,335.6192081098426,341.3759460449219,205300,0.0,0.0
2024-12-26 00:00:00-05:00,339.2596595962821,340.2692825787841,334.9979064556713,339.6576843261719,399300,0.0,0.0
2024-12-27 00:00:00-05:00,336.8715030181572,339.63821156310166,332.40589417007055,335.0173034667969,249500,0.0,0.0
2024-12-30 00:00:00-05:00,333.38643721571776,334.34750326956345,327.71703627674617,329.4062194824219,284700,0.0,0.0
2024-12-31 00:00:00-05:00,330.7264686814917,333.80386497469067,329.8527695808156,330.9788818359375,248200,0.0,0.0
2025-01-02 00:00:00-05:00,333.08546547770015,335.93957093516144,321.63023364402164,323.1446533203125,407800,0.0,0.0
2025-01-03 00:00:00-05:00,325.8628470632043,327.6199624861695,321.9311568777864,327.41607666015625,281100,0.0,0.0
2025-01-06 00:00:00-05:00,328.4159800172264,332.11466203679106,322.50391324874147,322.795166015625,385600,0.0,0.0
2025-01-07 00:00:00-05:00,323.0961225687875,325.2027058536951,317.2034605074328,318.3878173828125,436700,0.0,0.0
2025-01-08 00:00:00-05:00,315.9510978628494,317.6305634954804,312.36890541803757,315.3006896972656,503600,0.0,0.0
2025-01-10 00:00:00-05:00,311.5534618885767,320.25170115535315,311.49521726354527,316.8636474609375,529700,0.0,0.0
2025-01-13 00:00:00-05:00,315.8832274542284,325.212441787739,315.8832274542284,324.6590881347656,568100,0.0,0.0
2025-01-14 00:00:00-05:00,325.9502221851708,331.3477751600998,325.1056454234974,329.75567626953125,351400,0.0,0.0
2025-01-15 00:00:00-05:00,337.4734021346849,339.152838277179,332.396194828161,334.5028076171875,291400,0.0,0.0
2025-01-16 00:00:00-05:00,333.6194556112015,339.65773006571806,328.6878589227617,339.3276672363281,277600,0.0,0.0
2025-01-17 00:00:00-05:00,342.9680531341326,345.0940710104423,339.89065692302273,340.0265808105469,329900,0.0,0.0
2025-01-21 00:00:00-05:00,342.9971375843906,350.14208792945396,342.64764021645107,348.6859130859375,276500,0.0,0.0
2025-01-22 00:00:00-05:00,345.8609614890717,349.9867905840173,341.6963223921559,349.4140319824219,310100,0.0,0.0
2025-01-23 00:00:00-05:00,349.82178031763385,354.0640987468855,346.7152617985798,351.4818115234375,269900,0.0,0.0
2025-01-24 00:00:00-05:00,351.8118324177396,352.209857092392,342.69619340259453,343.40484619140625,277500,0.0,0.0
2025-01-27 00:00:00-05:00,346.4239943835565,351.0934592531741,342.04575262653253,349.5110778808594,331800,0.0,0.0
2025-01-28 00:00:00-05:00,346.06484421576766,346.06484421576766,337.90055304238814,339.9197692871094,367000,0.0,0.0
2025-01-29 00:00:00-05:00,338.18203842346935,340.16244454682686,333.3960841158128,334.6289978027344,247900,0.0,0.0
2025-01-30 00:00:00-05:00,338.2985539941421,341.67686070726995,336.70645526077345,338.4344482421875,219100,0.0,0.0
2025-01-31 00:00:00-05:00,336.18226321223926,340.0362743077558,333.4446766731683,334.1921691894531,406000,0.0,0.0
2025-02-03 00:00:00-05:00,328.3771785901873,331.7360806157385,322.20298120769365,327.6393737792969,355300,0.0,0.0
2025-02-04 00:00:00-05:00,323.13495914646694,332.45448602437915,323.13495914646694,329.43536376953125,340800,0.0,0.0
2025-02-05 00:00:00-05:00,331.2215833299156,332.1632443922394,326.7656911770506,329.28973388671875,280600,0.0,0.0
2025-02-06 00:00:00-05:00,330.06630966370983,333.0757437064227,326.00844273160266,328.13446044921875,214600,0.0,0.0
2025-02-07 00:00:00-05:00,327.37726701346685,328.23153144233476,320.0963921725247,322.0185241699219,283100,0.0,0.0
2025-02-10 00:00:00-05:00,324.1931220179979,326.89189863282775,320.67886129207733,324.55230712890625,290800,0.0,0.0
2025-02-11 00:00:00-05:00,322.3097233817571,330.4351736139106,321.53307908553626,326.5229187011719,248600,0.0,0.0
2025-02-12 00:00:00-05:00,321.4845929292663,326.57148781035886,319.97986107732595,325.6492614746094,381500,0.0,0.0
2025-02-13 00:00:00-05:00,327.91121602618665,332.47390986156836,324.8920938693392,330.37701416015625,327300,0.0,0.0
2025-02-14 00:00:00-05:00,331.6584000951481,338.0073011494883,330.6099376061695,334.22125244140625,325300,0.0,0.0
2025-02-18 00:00:00-05:00,336.8618225364185,337.46370347341986,330.72646465261494,333.4640808105469,575800,0.0,0.0
2025-02-19 00:00:00-05:00,331.0468430803151,333.87182621308466,328.01800373720965,330.9109191894531,769300,0.0,0.0
2025-02-20 00:00:00-05:00,347.43366907084146,355.30670785783303,327.75587150837583,334.2601318359375,995600,0.0,0.0
2025-02-21 00:00:00-05:00,334.92024621298145,337.0947913747541,330.53231626127433,333.949462890625,780400,0.0,0.0
2025-02-24 00:00:00-05:00,334.41547675708824,337.32782696109206,330.06635645376423,334.6581726074219,499300,0.0,0.0
2025-02-25 00:00:00-05:00,335.8910234021481,342.1525875673969,334.5804600157059,338.53155517578125,395700,0.0,0.0
2025-02-26 00:00:00-05:00,339.3470023647382,342.4729257240701,336.1725516915911,337.5801696777344,431700,0.0,0.0
2025-02-27 00:00:00-05:00,336.38617694246136,339.6091554251865,332.4836085801047,332.53216552734375,445600,0.0,0.0
2025-02-28 00:00:00-05:00,333.2213789090643,337.53165927580864,332.1438236303563,336.86181640625,468700,0.0,0.0
2025-03-03 00:00:00-05:00,336.8617919346272,340.5798787928951,332.2020441271235,334.1241760253906,370300,0.0,0.0
2025-03-04 00:00:00-05:00,333.62913371089434,337.05599782100666,329.22176891704726,331.31866455078125,386300,0.0,0.0
2025-03-05 00:00:00-05:00,328.89167273307055,334.4639592292491,327.4646201394207,333.8717956542969,340400,0.0,0.0
2025-03-06 00:00:00-05:00,333.5223322216663,347.81226461287076,331.41574889933685,346.5987854003906,818500,0.0,0.0
2025-03-07 00:00:00-05:00,346.59874521355925,355.0057317779778,342.54087830774995,353.6660461425781,547400,0.0,0.0
2025-03-10 00:00:00-04:00,353.66607962441805,363.79134284770265,352.0642930232145,353.48162841796875,712900,0.0,0.0
2025-03-11 00:00:00-04:00,352.598226542276,354.0544016262669,332.0855687856383,333.5223388671875,367200,0.0,0.0
2025-03-12 00:00:00-04:00,334.26270666425336,334.3406581955287,324.5500707325003,324.73516845703125,378900,1.2,0.0
2025-03-13 00:00:00-04:00,323.67326099279796,326.2158718878579,311.9440545876331,312.4701232910156,396300,0.0,0.0
2025-03-14 00:00:00-04:00,316.7078789982034,319.61093429194386,314.3113897288571,318.7633972167969,268700,0.0,0.0
2025-03-17 00:00:00-04:00,317.0000963204932,322.87443630114376,315.0907002181541,318.61724853515625,393300,0.0,0.0
2025-03-18 00:00:00-04:00,316.2792234500125,319.53300105168273,314.78872009161574,316.6104431152344,349100,0.0,0.0
2025-03-19 00:00:00-04:00,315.7823628695125,319.54273601411387,311.60309691068466,313.9021911621094,358300,0.0,0.0
2025-03-20 00:00:00-04:00,314.17498507416616,318.441924511941,311.9343691655562,312.07073974609375,411500,0.0,0.0
2025-03-21 00:00:00-04:00,312.0025347323721,312.275305618997,308.1739909462384,311.87591552734375,443300,0.0,0.0
2025-03-24 00:00:00-04:00,314.8666153636049,319.747296219847,314.06780552291514,317.5261535644531,307000,0.0,0.0
2025-03-25 00:00:00-04:00,315.75312142478987,321.06244634178904,314.42824290351075,317.2241516113281,364700,0.0,0.0
2025-03-26 00:00:00-04:00,317.146219238906,319.8836793377996,315.353720686129,318.4906005859375,308500,0.0,0.0
2025-03-27 00:00:00-04:00,318.30552880853446,319.5524857176845,312.8890569472454,315.8116149902344,333000,0.0,0.0
2025-03-28 00:00:00-04:00,317.05857935879266,317.05857935879266,306.55685506643783,306.7906799316406,271500,0.0,0.0
2025-03-31 00:00:00-04:00,304.22857591159936,312.39225992925043,303.41026318094833,310.13214111328125,339400,0.0,0.0
2025-04-01 00:00:00-04:00,308.36883352854494,312.91826533409426,307.43359359716743,309.91778564453125,382700,0.0,0.0
2025-04-02 00:00:00-04:00,307.5017769652283,318.2665491232972,307.5017769652283,317.2533874511719,341200,0.0,0.0
2025-04-03 00:00:00-04:00,307.60895919448797,309.1579112577483,301.74434086073245,305.7482604980469,958600,0.0,0.0
2025-04-04 00:00:00-04:00,306.8588180680028,311.7979478922498,293.64885917140737,306.9172668457031,789900,0.0,0.0
2025-04-07 00:00:00-04:00,300.79937637704415,309.6644742115477,289.59623827613615,295.2562561035156,871500,0.0,0.0
2025-04-08 00:00:00-04:00,302.0658356036174,304.84227142391165,278.52950018904573,283.4491271972656,621000,0.0,0.0
2025-04-09 00:00:00-04:00,281.5299740354316,307.19002710192586,276.93181539320994,305.4657287597656,693800,0.0,0.0
2025-04-10 00:00:00-04:00,299.68884587343314,300.31230945796744,286.7516568990216,297.4189758300781,563900,0.0,0.0
2025-04-11 00:00:00-04:00,295.61678116296196,303.9168359543492,291.5933878509479,303.2348937988281,411900,0.0,0.0
2025-04-14 00:00:00-04:00,305.1735395065714,308.45654182404377,300.6922776135771,303.5076599121094,258200,0.0,0.0
2025-04-15 00:00:00-04:00,303.2348721864611,306.137957233037,297.5651321364098,299.0361328125,244300,0.0,0.0
2025-04-16 00:00:00-04:00,299.07509825424466,300.98449446598727,289.7618825892715,293.5709533691406,441700,0.0,0.0
2025-04-17 00:00:00-04:00,295.1881290846455,301.0624698677112,295.1881290846455,298.344482421875,508500,0.0,0.0
2025-04-21 00:00:00-04:00,295.61675796027004,295.61675796027004,285.54364840919726,288.90460205078125,460900,0.0,0.0
2025-04-22 00:00:00-04:00,293.5514654551833,301.43265665692616,293.005923652834,298.76336669921875,428000,0.0,0.0
2025-04-23 00:00:00-04:00,303.60506164834055,310.1808171633783,299.2602004027477,301.3254699707031,500000,0.0,0.0
2025-04-24 00:00:00-04:00,304.80333992728686,305.9333993271237,278.13012078491164,281.2475280761719,1339000,0.0,0.0
2025-04-25 00:00:00-04:00,281.4228307165627,284.3453884494601,277.0389941172167,284.0628662109375,824200,0.0,0.0
2025-04-28 00:00:00-04:00,284.2577172400786,290.8529451999507,281.7540522965264,283.8095703125,515600,0.0,0.0
2025-04-29 00:00:00-04:00,281.85150408624907,288.58313299577173,281.85150408624907,286.3132629394531,501200,0.0,0.0
2025-04-30 00:00:00-04:00,282.93281071757946,286.313237062399,279.0263453793538,285.5728759765625,631600,0.0,0.0
2025-05-01 00:00:00-04:00,285.41704048308446,291.9148448072791,283.6732391240393,288.7000427246094,577800,0.0,0.0
2025-05-02 00:00:00-04:00,291.3010524740039,299.2017154566165,290.47301825603233,298.7730712890625,365800,0.0,0.0
2025-05-05 00:00:00-04:00,297.00983808199595,301.50082135705276,295.4608858801309,298.334716796875,549000,0.0,0.0
2025-05-06 00:00:00-04:00,296.3473671160564,297.29232864241914,287.42382057066015,287.716064453125,472300,0.0,0.0
2025-05-07 00:00:00-04:00,287.71608439658866,290.55096917218117,286.20610801619597,288.15447998046875,473100,0.0,0.0
2025-05-08 00:00:00-04:00,291.79793714737554,297.1559602530782,289.7716433085118,293.8534851074219,367000,0.0,0.0
2025-05-09 00:00:00-04:00,294.03854831817745,296.133072009276,290.4827753518108,294.1262512207031,391500,0.0,0.0
2025-05-12 00:00:00-04:00,305.3975729311366,311.36933812806467,303.45895222021556,310.7848205566406,721100,0.0,0.0
2025-05-13 00:00:00-04:00,311.7395146145303,313.35666691416884,305.319632553013,305.738525390625,404000,0.0,0.0
2025-05-14 00:00:00-04:00,304.4525582696994,306.80034979076095,300.8383370058946,301.04290771484375,442400,0.0,0.0
2025-05-15 00:00:00-04:00,301.9330651791643,306.93138962873223,298.0204945902918,306.67706298828125,463100,1.25,0.0
2025-05-16 00:00:00-04:00,313.00565510248146,314.9130452534804,308.1149417415052,313.8077392578125,825500,0.0,0.0
2025-05-19 00:00:00-04:00,309.5625869767275,317.3290417638813,308.12471613198886,315.402099609375,998800,0.0,0.0
2025-05-20 00:00:00-04:00,314.3065616261084,314.69784256285413,306.06082632850274,307.57696533203125,421000,0.0,0.0
2025-05-21 00:00:00-04:00,304.06538704501037,304.06538704501037,294.78282354490216,296.1424560546875,678800,0.0,0.0
2025-05-22 00:00:00-04:00,294.6459146450385,298.07917497172224,290.88985053473726,296.8369445800781,375600,0.0,0.0
2025-05-23 00:00:00-04:00,292.55267095159246,296.7489111254169,292.55267095159246,295.6827392578125,363800,0.0,0.0
2025-05-27 00:00:00-04:00,298.7247380645009,299.67353756144854,292.1712006865754,294.9393310546875,633400,0.0,0.0
2025-05-28 00:00:00-04:00,295.42841157134194,295.42841157134194,290.9974267380581,292.4255065917969,531200,0.0,0.0
2025-05-29 00:00:00-04:00,294.5969752208186,296.84672106621747,290.8017772325211,294.21551513671875,420300,0.0,0.0
2025-05-30 00:00:00-04:00,291.87776265570045,295.2719188669192,290.5083689070557,294.0198974609375,749500,0.0,0.0
2025-06-02 00:00:00-04:00,292.73851567609546,294.7828301248327,289.2367783078117,293.4427795410156,616300,0.0,0.0
2025-06-03 00:00:00-04:00,292.90483697060836,299.8398649780085,291.5843383847336,298.6758728027344,554100,0.0,0.0
2025-06-04 00:00:00-04:00,298.42151677260233,304.2218951199709,297.85420720925777,302.6568908691406,334800,0.0,0.0
2025-06-05 00:00:00-04:00,302.7840629799628,304.70124417787576,299.13560978758414,301.7081298828125,635100,0.0,0.0
2025-06-06 00:00:00-04:00,303.3415656999734,303.3415656999734,288.102117761024,290.5865783691406,967700,0.0,0.0
2025-06-09 00:00:00-04:00,291.64301932657764,294.4209409011879,288.0336705201773,291.7310485839844,891200,0.0,0.0
2025-06-10 00:00:00-04:00,296.0348625375954,301.2483794988897,293.2471500575016,299.6148681640625,541700,0.0,0.0
2025-06-11 00:00:00-04:00,301.1407784192042,301.4537912370931,293.1787126240171,293.4232482910156,556700,0.0,0.0
2025-06-12 00:00:00-04:00,293.2960746099561,293.64819162973674,288.7281353775073,289.3639221191406,576100,0.0,0.0
2025-06-13 00:00:00-04:00,285.43178670157886,288.953105994475,280.7856094006786,282.58538818359375,550600,0.0,0.0
2025-06-16 00:00:00-04:00,285.61765079473145,286.50776417893104,281.3823062990354,284.12109375,669200,0.0,0.0
2025-06-17 00:00:00-04:00,281.56813750369065,284.0330761613523,276.05142831141796,279.2597351074219,724500,0.0,0.0
2025-06-18 00:00:00-04:00,279.4260291222385,283.15275029954745,278.5065726262076,278.7706604003906,481100,0.0,0.0
2025-06-20 00:00:00-04:00,282.0963422543827,282.76147211103074,279.69011962559983,282.2137145996094,714000,0.0,0.0
2025-06-23 00:00:00-04:00,281.9496041570183,287.67174433118095,279.89549872904416,287.5347900390625,425200,0.0,0.0
2025-06-24 00:00:00-04:00,289.7747447448148,295.115394973352,282.9375375349085,294.1665954589844,742100,0.0,0.0
2025-06-25 00:00:00-04:00,293.93186071039827,295.73163956995404,289.53021886947715,291.6528015136719,551700,0.0,0.0
2025-06-26 00:00:00-04:00,292.22009773174733,292.22009773174733,284.61994058045093,287.8282470703125,836100,0.0,0.0
2025-06-27 00:00:00-04:00,289.1585008600808,291.37890359136134,285.1676923212405,286.37078857421875,2177500,0.0,0.0
2025-06-30 00:00:00-04:00,286.18497237493636,286.4979851968804,279.74880667039605,285.1090393066406,1106300,0.0,0.0
2025-07-01 00:00:00-04:00,284.92318948818007,305.3174703271864,283.1625147546385,297.53143310546875,806700,0.0,0.0
2025-07-02 00:00:00-04:00,298.16723590993604,299.3899143251354,293.26676112018913,296.0544738769531,704000,0.0,0.0
2025-07-03 00:00:00-04:00,296.1424554226758,296.9836437085277,290.50834464109914,295.4186096191406,522000,0.0,0.0
2025-07-07 00:00:00-04:00,293.44278020934286,296.2989697376195,288.0532049273241,289.7062683105469,446900,0.0,0.0
2025-07-08 00:00:00-04:00,289.7062628748779,298.90079717881446,288.8748357097759,296.02508544921875,577100,0.0,0.0
2025-07-09 00:00:00-04:00,296.12288799528943,302.2362793861583,295.741427894782,301.7178649902344,733400,0.0,0.0
2025-07-10 00:00:00-04:00,300.26044412340354,309.4549788691177,299.74202972387354,304.49578857421875,536900,0.0,0.0
2025-07-11 00:00:00-04:00,303.05789384931745,303.2633252776936,298.0204656750069,299.6246337890625,435900,0.0,0.0
2025-07-14 00:00:00-04:00,297.42383134161594,300.7006150635403,291.3886782883611,294.59698486328125,593900,0.0,0.0
2025-07-15 00:00:00-04:00,294.59702235872345,296.8663206726424,285.4807248859627,285.7448425292969,565500,0.0,0.0
2025-07-16 00:00:00-04:00,286.19473696586437,288.0140977064356,279.98352554622113,286.2632141113281,633900,0.0,0.0
2025-07-17 00:00:00-04:00,287.7402421309744,294.36225725522,287.11421649442866,292.27880859375,692700,0.0,0.0
2025-07-18 00:00:00-04:00,295.2230523071943,296.25988123533773,290.508397082664,292.3277282714844,688300,0.0,0.0
2025-07-21 00:00:00-04:00,293.0515470471237,297.7662018347231,292.08316551488707,292.4548645019531,446200,0.0,0.0
2025-07-22 00:00:00-04:00,294.96867483023465,308.84852046581545,294.71434820657686,307.7823486328125,690800,0.0,0.0
2025-07-23 00:00:00-04:00,309.77778408674715,312.624152882829,307.977975371948,309.92449951171875,892100,0.0,0.0
2025-07-24 00:00:00-04:00,337.45920679544946,337.45920679544946,313.0056410856343,319.2070617675781,1112500,0.0,0.0
2025-07-25 00:00:00-04:00,317.72031518597106,320.2732532742382,313.3871502408208,317.7985534667969,755700,0.0,0.0
2025-07-28 00:00:00-04:00,316.36063764926314,319.5200488306288,313.09364511570266,314.4532775878906,561400,0.0,0.0
2025-07-29 00:00:00-04:00,315.0499574011816,315.88138461018565,308.64313508873613,309.5625915527344,508900,0.0,0.0
2025-07-30 00:00:00-04:00,309.9636708784395,311.2352445152825,302.3145873969033,305.415283203125,454500,0.0,0.0
2025-07-31 00:00:00-04:00,301.835231992793,306.73573599725296,298.8910430493699,301.4048767089844,446300,0.0,0.0
2025-08-01 00:00:00-04:00,300.64191497342694,304.8381553614606,297.2086545200768,301.9233093261719,493300,0.0,0.0
2025-08-04 00:00:00-04:00,302.10911317298167,305.0729139473847,300.1919620093362,303.0383605957031,426400,0.0,0.0
2025-08-05 00:00:00-04:00,302.72535424995715,306.30535987252716,300.9255753854299,305.16094970703125,307000,0.0,0.0
2025-08-06 00:00:00-04:00,305.16094148698727,305.27831382382067,302.24606576993597,302.7938232421875,236600,0.0,0.0
2025-08-07 00:00:00-04:00,305.14133136979285,306.62812710058614,300.72013793734186,301.8939208984375,247600,0.0,0.0
2025-08-08 00:00:00-04:00,301.4635344283613,304.71094488491167,298.4214956908364,298.99859619140625,329900,0.0,0.0
2025-08-11 00:00:00-04:00,298.45086124940383,302.07976188756334,294.6556632372823,299.9474182128906,365600,0.0,0.0
2025-08-12 00:00:00-04:00,300.2213147820216,306.63792814338916,299.8105115875411,306.0119323730469,319300,0.0,0.0
2025-08-13 00:00:00-04:00,307.11723977455455,323.99020047504246,307.0976578172199,323.5011291503906,470200,0.0,0.0
2025-08-14 00:00:00-04:00,318.20893073263835,322.70583701596877,314.65462548251077,320.1726379394531,611100,1.25,0.0
2025-08-15 00:00:00-04:00,325.4549945743166,327.8900021440129,314.19313325563326,315.911376953125,870400,0.0,0.0
2025-08-18 00:00:00-04:00,315.9113918248456,317.0601737064597,310.0595528323424,310.3442687988281,440800,0.0,0.0
2025-08-19 00:00:00-04:00,312.64183901061534,322.7942017206145,311.6894398124036,318.88641357421875,497200,0.0,0.0
2025-08-20 00:00:00-04:00,318.0223739577116,320.23154455014304,308.72421919901484,309.23480224609375,482100,0.0,0.0
2025-08-21 00:00:00-04:00,306.3579480881189,306.3579480881189,300.48648276371944,303.02947998046875,511800,0.0,0.0
2025-08-22 00:00:00-04:00,304.148771263537,322.33271865670355,303.1767458123085,317.85546875,736500,0.0,0.0
2025-08-25 00:00:00-04:00,316.1274078252803,316.706697859186,312.6516376580516,315.5971984863281,374500,0.0,0.0
2025-08-26 00:00:00-04:00,314.5662768781865,316.1667031203521,311.94471445114186,312.6025695800781,527300,0.0,0.0
2025-08-27 00:00:00-04:00,310.7075643586629,315.22406666639836,310.25589015685574,312.0821533203125,301300,0.0,0.0
2025-08-28 00:00:00-04:00,312.3079753173625,313.250576333451,306.46596446143485,309.2544250488281,365100,0.0,0.0
2025-08-29 00:00:00-04:00,310.30501265010474,311.7875911749689,304.5218807029579,305.07171630859375,441200,0.0,0.0
2025-09-02 00:00:00-04:00,300.8890509114094,302.41091202210686,297.8943794212256,299.5340881347656,321000,0.0,0.0
2025-09-03 00:00:00-04:00,298.33624880749875,299.45554642957876,294.54627799425316,299.2100830078125,449700,0.0,0.0
2025-09-04 00:00:00-04:00,299.7599032707011,311.39487485725704,299.2297238808656,310.0693664550781,493100,0.0,0.0
2025-09-05 00:00:00-04:00,313.41746128152516,328.5282017010573,311.65013688845585,327.04559326171875,988500,0.0,0.0
2025-09-08 00:00:00-04:00,325.5630196880511,328.37113670481875,319.49517132972176,327.5660095214844,653600,0.0,0.0
2025-09-09 00:00:00-04:00,324.94445256104956,324.94445256104956,313.6040257939917,316.0292053222656,492200,0.0,0.0
2025-09-10 00:00:00-04:00,314.6447767645673,316.55940315141703,312.20979916431446,313.3585510253906,369400,0.0,0.0
2025-09-11 00:00:00-04:00,314.4582439406217,324.6498891759327,312.5632736703397,323.8153076171875,425800,0.0,0.0
2025-09-12 00:00:00-04:00,322.0381415227423,323.4814674633087,318.7587542079695,320.06463623046875,413100,0.0,0.0
2025-09-15 00:00:00-04:00,319.927176001486,320.3690221105573,314.79207084521903,318.88641357421875,401000,0.0,0.0
2025-09-16 00:00:00-04:00,321.4686681987503,323.56002101410667,317.4823452597657,322.3228759765625,380700,0.0,0.0
2025-09-17 00:00:00-04:00,323.20655700381894,330.0500777127907,315.6659286370196,317.46270751953125,533700,0.0,0.0
2025-09-18 00:00:00-04:00,317.63947540970247,321.5177792452617,315.87212090866495,319.2202453613281,455900,0.0,0.0
2025-09-19 00:00:00-04:00,319.22023735938626,319.6620834645185,311.1297732908564,312.1509094238281,1986000,0.0,0.0
2025-09-22 00:00:00-04:00,310.26572031557185,310.26572031557185,303.39274549845476,306.9568786621094,497400,0.0,0.0
2025-09-23 00:00:00-04:00,306.56415333606003,308.8125764549432,303.3927554932908,307.2612609863281,467700,0.0,0.0
2025-09-24 00:00:00-04:00,306.33831581190896,308.82240416144737,304.95389867364224,305.07171630859375,384100,0.0,0.0
2025-09-25 00:00:00-04:00,303.14726930283416,305.5233679661341,297.89434706466653,299.5438537597656,458700,0.0,0.0
2025-09-26 00:00:00-04:00,299.67155451610176,303.1767793594371,299.0824363129183,300.30975341796875,439900,0.0,0.0
2025-09-29 00:00:00-04:00,302.6858186931575,306.14193248780225,298.9056764392626,305.2582702636719,636400,0.0,0.0
2025-09-30 00:00:00-04:00,303.9720588500775,305.2484865353197,300.5650255875485,304.443359375,392200,0.0,0.0
2025-10-01 00:00:00-04:00,303.8542344589422,307.2023588269435,302.40108034556226,303.5694885253906,380200,0.0,0.0
2025-10-02 00:00:00-04:00,302.6661867337442,306.73104487404635,301.1541238677783,306.38739013671875,296000,0.0,0.0
2025-10-03 00:00:00-04:00,306.3186868261166,308.05655685391264,303.3043891820844,303.9916687011719,319800,0.0,0.0
2025-10-06 00:00:00-04:00,304.7869819372431,305.3466156694627,299.3278488159269,301.7137756347656,520600,0.0,0.0
2025-10-07 00:00:00-04:00,300.81046728310594,301.32105030587167,294.9193459838146,295.62628173828125,366100,0.0,0.0
2025-10-08 00:00:00-04:00,294.5953358221723,297.58014892160026,292.1996108582951,296.2448425292969,510400,0.0,0.0
2025-10-09 00:00:00-04:00,295.6753947336015,295.6753947336015,289.92171730459523,290.8642883300781,392100,0.0,0.0
2025-10-10 00:00:00-04:00,291.4043584684069,293.25024815815544,283.8636995269027,284.6492004394531,602700,0.0,0.0
2025-10-13 00:00:00-04:00,286.25940080872545,288.4096625576361,282.7738325664275,286.4361572265625,467100,0.0,0.0
2025-10-14 00:00:00-04:00,283.4022310789157,294.07497467539866,283.1272833118901,290.09844970703125,574400,0.0,0.0
2025-10-15 00:00:00-04:00,284.69825515953687,291.56143204688453,281.97853153474966,285.1695556640625,571700,0.0,0.0
2025-10-16 00:00:00-04:00,286.21033211962066,286.2201602442998,282.2338369178848,284.90447998046875,628600,0.0,0.0
2025-10-17 00:00:00-04:00,283.8735087548893,287.6929336511587,282.52837411369836,284.9437255859375,663900,0.0,0.0
2025-10-20 00:00:00-04:00,285.4543160910076,291.7577996038287,285.30701407575344,288.73370361328125,599800,0.0,0.0
2025-10-21 00:00:00-04:00,289.597708323367,300.08389674788424,288.27220007579905,297.1383361816406,797800,0.0,0.0
2025-10-22 00:00:00-04:00,295.3219348253889,298.1791324958819,290.96250229348146,292.1898193359375,981400,0.0,0.0
2025-10-23 00:00:00-04:00,292.15051767448784,297.8943670499083,284.9633723168706,294.8604431152344,1120300,0.0,0.0
2025-10-24 00:00:00-04:00,294.9979257259597,296.21541459997917,287.4278129057681,288.41949462890625,759300,0.0,0.0
2025-10-27 00:00:00-04:00,290.48136305403887,292.1014153311848,284.47242444714675,288.23291015625,576400,0.0,0.0
2025-10-28 00:00:00-04:00,286.15143326997975,287.94821228498097,281.3207000752915,281.742919921875,498200,0.0,0.0
2025-10-29 00:00:00-04:00,281.31087971343106,284.75716541511275,277.4914548921298,278.4045715332031,838300,0.0,0.0
2025-10-30 00:00:00-04:00,277.8350836631652,279.80861876931465,271.48249037518343,272.1697998046875,631800,0.0,0.0
2025-10-31 00:00:00-04:00,272.02251350921955,272.02251350921955,261.17304378848553,262.21380615234375,1342300,0.0,0.0
2025-11-03 00:00:00-05:00,262.2530970441155,262.6556606073149,253.9367960282482,254.77137756347656,856200,0.0,0.0
2025-11-04 00:00:00-05:00,254.66335664782673,254.7713761221195,250.20574801471247,253.31822204589844,840900,0.0,0.0
2025-11-05 00:00:00-05:00,252.6898284367144,252.71931280999434,246.29798186791544,248.43841552734375,1399900,0.0,0.0
2025-11-06 00:00:00-05:00,248.42860434522754,249.41045795423196,237.706764732727,243.86297607421875,1721900,0.0,0.0
2025-11-07 00:00:00-05:00,243.44076879509478,248.2223907346068,240.7995803787505,247.43690490722656,1065700,0.0,0.0
2025-11-10 00:00:00-05:00,247.2798333291926,247.52529672738243,243.0676730263929,244.34408569335938,692100,0.0,0.0
2025-11-11 00:00:00-05:00,246.31761159703615,250.59849395764587,243.66660983295657,249.6951904296875,699800,0.0,0.0
2025-11-12 00:00:00-05:00,250.33655788055364,252.26062674257165,246.07399142694362,247.2086944580078,665200,1.25,0.0
2025-11-13 00:00:00-05:00,245.56088370738817,249.28075994353392,241.37727069942568,242.65997314453125,1210700,0.0,0.0
2025-11-14 00:00:00-05:00,241.6831502154239,243.49868098579134,238.6835632369993,239.09799194335938,658800,0.0,0.0
2025-11-17 00:00:00-05:00,239.60120703806564,241.732490161014,234.09539983173246,234.67755126953125,796300,0.0,0.0
2025-11-18 00:00:00-05:00,231.88516922422042,238.59475560454013,229.96110053395586,237.04563903808594,990700,0.0,0.0
2025-11-19 00:00:00-05:00,237.045637043161,238.61449188079672,228.4514435577733,230.77020263671875,939900,0.0,0.0
2025-11-20 00:00:00-05:00,231.92465861798124,234.01646520143927,226.57672750237973,227.14901733398438,812400,0.0,0.0
2025-11-21 00:00:00-05:00,229.25067915668438,240.18335534185803,226.75432059784248,236.78909301757812,914300,0.0,0.0
2025-11-24 00:00:00-05:00,235.70372093724998,237.11469961987353,232.04304457553584,233.5625762939453,3865600,0.0,0.0
2025-11-25 00:00:00-05:00,235.64453119471787,242.84745451958807,235.33864047042294,240.64710998535156,813800,0.0,0.0
2025-11-26 00:00:00-05:00,239.75908495416354,243.11387077680007,238.49610569934273,241.02206420898438,477700,0.0,0.0
2025-11-28 00:00:00-05:00,243.03493521042182,243.12373491147017,240.10442462862235,240.36097717285156,202900,0.0,0.0
2025-12-01 00:00:00-05:00,237.31204542649832,245.08727356429566,237.11470774427963,240.13401794433594,594700,0.0,0.0
2025-12-02 00:00:00-05:00,241.24899930636198,244.0512335580996,238.052074631626,241.47593688964844,708800,0.0,0.0
2025-12-03 00:00:00-05:00,242.8573346252861,248.38286513150706,242.21596832373783,242.70932006835938,524700,0.0,0.0
2025-12-04 00:00:00-05:00,243.0941201149623,244.75178971245637,237.62778971748565,238.7032928466797,519400,0.0,0.0
2025-12-05 00:00:00-05:00,237.95341343223512,240.32149574776344,235.35837847741104,236.33522033691406,677500,0.0,0.0
2025-12-08 00:00:00-05:00,237.24297568822274,237.24297568822274,231.57929256628947,233.769775390625,538900,0.0,0.0
2025-12-09 00:00:00-05:00,232.98041320923585,234.1841926196755,229.73416549150903,230.20777893066406,726600,0.0,0.0
2025-12-10 00:00:00-05:00,230.99714622244412,238.39742212758085,230.37551822852467,237.38111877441406,689900,0.0,0.0
2025-12-11 00:00:00-05:00,238.28888852904672,242.8573304230817,236.73975685090778,237.094970703125,578900,0.0,0.0
2025-12-12 00:00:00-05:00,238.47637352387338,241.95943570653236,236.2168140567248,237.07525634765625,486300,0.0,0.0
2025-12-15 00:00:00-05:00,239.1473121665901,240.7556436201372,233.6217818383564,235.1708984375,661100,0.0,0.0
2025-12-16 00:00:00-05:00,235.39786276123004,236.41416616840417,231.25369598940858,233.5231170654297,545700,0.0,0.0
2025-12-17 00:00:00-05:00,232.86201464321957,235.55571085119468,231.2536831987704,233.13829040527344,538800,0.0,0.0
2025-12-18 00:00:00-05:00,234.40126522999603,238.0520649224029,230.60246604493872,233.21722412109375,914100,0.0,0.0
2025-12-19 00:00:00-05:00,233.10869217291383,233.10869217291383,228.49092721193952,228.92506408691406,1100600,0.0,0.0
2025-12-22 00:00:00-05:00,228.59946100536115,230.88862036573406,227.98770964963074,229.2112274169922,665300,0.0,0.0
2025-12-23 00:00:00-05:00,230.33605415976672,231.19448133735182,226.84311553998657,227.48448181152344,675600,0.0,0.0
2025-12-24 00:00:00-05:00,227.28714824273018,229.9315062911341,225.47160243217377,228.16531372070312,407600,0.0,0.0
2025-12-26 00:00:00-05:00,227.92848813684802,230.6912607012018,227.7015505677748,229.398681640625,431100,0.0,0.0
2025-12-29 00:00:00-05:00,228.0962467728233,229.21122654807996,225.1558745522294,226.2807159423828,734000,0.0,0.0
2025-12-30 00:00:00-05:00,225.29400097426634,229.5072289294421,224.37635893495084,227.99757385253906,789300,0.0,0.0
2025-12-31 00:00:00-05:00,227.2180749113707,228.06664050170653,225.7084197998047,225.7084197998047,436300,0.0,0.0
2026-01-02 00:00:00-05:00,225.08678498766568,227.58314349829124,223.09365486961426,226.65565490722656,605900,0.0,0.0
2026-01-05 00:00:00-05:00,226.4583165535654,235.80239997271585,225.90576499838915,233.10870361328125,1044600,0.0,0.0
2026-01-06 00:00:00-05:00,234.11513758631327,237.7757990450296,231.14515049259603,236.19708251953125,764900,0.0,0.0
2026-01-07 00:00:00-05:00,236.5917697788742,237.7955492826193,231.91478965501705,233.8585968017578,678600,0.0,0.0
2026-01-08 00:00:00-05:00,232.42787083576889,242.03836821294644,231.16489157771232,239.5716094970703,940600,0.0,0.0
2026-01-09 00:00:00-05:00,241.74235224867545,249.67544159175017,239.11771738227378,248.92555236816406,1050400,0.0,0.0
2026-01-12 00:00:00-05:00,253.36570666320932,256.9178450491631,251.3725615102075,255.0233612060547,1503600,0.0,0.0
2026-01-13 00:00:00-05:00,254.39189204423846,258.91098061982245,253.0401131285144,258.49658203125,892600,0.0,0.0
2026-01-14 00:00:00-05:00,258.15122828249457,264.58452393228697,257.51972362121944,261.8118896484375,927200,0.0,0.0
2026-01-15 00:00:00-05:00,261.5948148135337,265.14695326903,259.81876064168534,264.05169677734375,587600,0.0,0.0
2026-01-16 00:00:00-05:00,262.8183347068882,264.99897116304555,260.5686518894123,264.4266662597656,695500,0.0,0.0
2026-01-20 00:00:00-05:00,258.7531026654923,260.391034003207,255.06284140435412,257.2237243652344,1016500,0.0,0.0
2026-01-21 00:00:00-05:00,259.058977970309,264.7029228917338,256.5428962251285,263.1932678222656,587100,0.0,0.0
2026-01-22 00:00:00-05:00,263.765599087348,266.3704807900956,262.3249902299971,263.2722473144531,521700,0.0,0.0
2026-01-23 00:00:00-05:00,262.5914113452786,263.1932860359482,259.7201005023328,261.49615478515625,577000,0.0,0.0
2026-01-26 00:00:00-05:00,262.99595002930806,263.2130259961105,259.29581203503886,262.5617980957031,608200,0.0,0.0
2026-01-27 00:00:00-05:00,260.6772044064458,262.0487066361038,258.1808457144279,260.943603515625,582400,0.0,0.0
2026-01-28 00:00:00-05:00,260.1739768317243,262.019107595562,254.23403248374285,255.0431365966797,780300,0.0,0.0
2026-01-29 00:00:00-05:00,255.79299004683568,258.11174915226195,249.3399561764297,251.9843292236328,855300,0.0,0.0
2026-01-30 00:00:00-05:00,250.56348731487932,252.63557067165894,246.7350729457782,250.71148681640625,512400,0.0,0.0
2026-02-02 00:00:00-05:00,249.0439558475153,251.85606682759794,247.376439589717,250.22801208496094,696700,0.0,0.0
2026-02-03 00:00:00-05:00,250.32666700584502,258.78270790380066,248.36313673884663,249.58663940429688,852800,0.0,0.0
2026-02-04 00:00:00-05:00,250.86933284138655,258.39788440295075,249.62609201026072,256.9573059082031,1348500,0.0,0.0
2026-02-05 00:00:00-05:00,257.06584953490443,258.38802854917344,252.48754611291784,254.11561584472656,511300,0.0,0.0
2026-02-06 00:00:00-05:00,253.73079419494118,263.61758234915874,252.77369061360437,262.6210021972656,1026400,0.0,0.0
2026-02-09 00:00:00-05:00,260.8745428799789,261.91056947078835,257.08557508594436,259.0787353515625,635500,0.0,0.0
2026-02-10 00:00:00-05:00,261.26921604959136,266.61713190835184,259.86808389553914,263.7754211425781,604000,0.0,0.0
2026-02-11 00:00:00-05:00,264.03197881053705,268.62014393908464,261.4764204280712,267.8702697753906,835300,0.0,0.0
2026-02-12 00:00:00-05:00,268.55108060364694,274.471301069263,265.9560458149975,265.97576904296875,639700,0.0,0.0
2026-02-13 00:00:00-05:00,266.1533629924481,268.90627388401964,261.7033511760657,262.29534912109375,604000,0.0,0.0
2026-02-17 00:00:00-05:00,260.75610262693857,262.147358066096,249.92210326341112,252.06326293945312,763000,0.0,0.0
2026-02-18 00:00:00-05:00,250.44508074637002,254.92469279756847,247.16921801530324,251.93499755859375,732300,0.0,0.0
2026-02-19 00:00:00-05:00,224.96839447505496,228.91520841321383,213.44370500246328,215.45657348632812,3583400,0.0,0.0
2026-02-20 00:00:00-05:00,215.1210943219637,219.53166002866124,208.7469832937039,218.6732177734375,1686700,0.0,0.0
2026-02-23 00:00:00-05:00,217.89373222866908,218.71269792728594,210.42437962623467,215.59471130371094,1181100,0.0,0.0
2026-02-24 00:00:00-05:00,216.68994442367992,220.97223376680088,214.2231858081633,214.37118530273438,962600,0.0,0.0
2026-02-25 00:00:00-05:00,213.9666604026523,214.6573498427805,207.8688249320336,211.8945770263672,935200,0.0,0.0
2026-02-26 00:00:00-05:00,216.33473043853422,220.99197190603874,214.3415852628557,220.3407440185547,858600,0.0,0.0
2026-02-27 00:00:00-05:00,218.8014938978275,224.77105288682873,216.84782524801074,224.15928649902344,817100,0.0,0.0
2026-03-02 00:00:00-05:00,219.44284736569594,219.97567567483077,212.14124765482035,219.0481719970703,881800,0.0,0.0
2026-03-03 00:00:00-05:00,211.99325272529057,220.42955559474308,211.3222865170834,218.27854919433594,605200,0.0,0.0
2026-03-04 00:00:00-05:00,218.40682582361575,219.04817707647942,214.1442594752952,217.38064575195312,686100,0.0,0.0
2026-03-05 00:00:00-05:00,217.43983561531266,223.340333117949,214.5488017182653,215.0224151611328,681300,0.0,0.0
2026-03-06 00:00:00-05:00,212.93060604542646,213.53249574799094,208.38190257021606,210.81906127929688,592400,0.0,0.0
2026-03-09 00:00:00-04:00,207.898418566278,212.72339794274995,201.44538448315419,211.66763305664062,1012000,0.0,0.0
2026-03-10 00:00:00-04:00,211.80575992424866,213.1476771787847,205.2343115282457,206.1026153564453,764500,0.0,0.0
2026-03-11 00:00:00-04:00,206.97091641100002,208.78646225551162,204.4054963981971,208.07603454589844,568000,0.0,0.0
2026-03-12 00:00:00-04:00,206.5176681279756,209.19765024970278,202.28925256461397,202.60687255859375,674300,1.25,0.0
2026-03-13 00:00:00-04:00,204.48286534650632,205.49530844082216,202.4877707052368,205.1082000732422,622800,0.0,0.0
2026-03-16 00:00:00-04:00,205.27693255384443,208.61202576410665,204.9493769984276,207.23233032226562,721900,0.0,0.0
2026-03-17 00:00:00-04:00,208.96936071408405,210.42846496108154,205.5846350719645,209.1778106689453,644000,0.0,0.0
2026-03-18 00:00:00-04:00,208.98920911384522,209.69393744689535,204.15529981866763,204.24464416503906,644100,0.0,0.0
2026-03-19 00:00:00-04:00,202.4976812431632,204.19501178476443,199.50007921819042,202.8450927734375,631500,0.0,0.0
2026-03-20 00:00:00-04:00,202.14034967701275,202.60686680909694,196.214603688832,198.85488891601562,1380800,0.0,0.0
2026-03-23 00:00:00-04:00,202.32894674304683,204.8104144429341,201.0187396732583,203.73841857910156,1054100,0.0,0.0
2026-03-24 00:00:00-04:00,200.94924618275547,203.6292282011485,197.45533550963287,201.7333984375,617600,0.0,0.0
2026-03-25 00:00:00-04:00,203.48034890300423,205.96181657255306,198.5174135639066,200.67132568359375,597700,0.0,0.0
2026-03-26 00:00:00-04:00,199.76806824301678,203.3612437352478,197.32631253255147,199.54969787597656,734000,0.0,0.0
2026-03-27 00:00:00-04:00,198.46779134114388,201.9716226582573,195.66870354235658,197.2667694091797,660100,0.0,0.0
2026-03-30 00:00:00-04:00,198.5273314882321,202.2793093458033,195.67861148599235,199.0037841796875,801900,0.0,0.0
2026-03-31 00:00:00-04:00,201.44555358860342,206.01146041278525,199.03357414958012,200.8301544189453,737800,0.0,0.0
2026-04-01 00:00:00-04:00,200.9790352989818,202.31903396580026,198.43801470163723,198.59683227539062,738300,0.0,0.0
2026-04-02 00:00:00-04:00,197.54468570932679,201.94183922176353,194.04085451426837,201.42568969726562,606000,0.0,0.0
2026-04-06 00:00:00-04:00,200.17503595564355,203.33147076707536,198.14022939879007,203.1726531982422,430000,0.0,0.0
2026-04-07 00:00:00-04:00,202.21975580285735,202.9443552554883,199.17252142987795,199.98643493652344,468000,0.0,0.0
2026-04-08 00:00:00-04:00,207.08345582160936,209.87262320724372,206.42834468703742,207.89736938476562,613600,0.0,0.0
2026-04-09 00:00:00-04:00,206.78566756373223,212.76104600791265,205.70375128479165,211.92726135253906,478400,0.0,0.0
2026-04-10 00:00:00-04:00,212.96948299248177,214.29954605428085,210.13068331744722,213.31689453125,472800,0.0,0.0
2026-04-13 00:00:00-04:00,211.1133449946694,216.30457109685904,210.53764268026129,215.7189483642578,567100,0.0,0.0
2026-04-14 00:00:00-04:00,215.71896017375448,218.8257626997305,214.9943758183997,216.3641357421875,429200,0.0,0.0
2026-04-15 00:00:00-04:00,218.1408726469812,226.57786305264452,217.3269439496862,224.91030883789062,995400,0.0,0.0
2026-04-16 00:00:00-04:00,225.1187508292263,228.07665606129513,223.41149985471432,223.96734619140625,779500,0.0,0.0
2026-04-17 00:00:00-04:00,226.74659162736282,233.38700151773082,225.6348989608094,225.9326629638672,861200,0.0,0.0
2026-04-20 00:00:00-04:00,224.32468552456402,230.94523969136966,222.83580486842754,230.36953735351562,484800,0.0,0.0
2026-04-21 00:00:00-04:00,231.86835736817187,234.34982516900556,229.60525994546572,231.40184020996094,784200,0.0,0.0
2026-04-22 00:00:00-04:00,233.10908410285265,233.68477128675335,229.80376727626577,232.48374938964844,1091000,0.0,0.0
2026-04-23 00:00:00-04:00,240.35495119336434,247.19387545007606,225.9128215464892,226.98480224609375,1215800,0.0,0.0
2026-04-24 00:00:00-04:00,227.32229495408257,233.11899980643844,225.01948568234639,230.8261260986328,1018500,0.0,0.0
2026-04-27 00:00:00-04:00,229.11887718484567,230.29012266774097,223.26260433333846,223.61001586914062,835300,0.0,0.0
2026-04-28 00:00:00-04:00,223.80852518247096,224.29489829243354,213.3863610927768,214.67672729492188,978700,0.0,0.0
2026-04-29 00:00:00-04:00,214.12089065469928,214.22015542307727,206.9643309918791,208.05618286132812,708700,0.0,0.0
2026-04-30 00:00:00-04:00,212.2151155244322,216.28471336514002,210.67660255905878,211.73867797851562,651300,0.0,0.0
2026-05-01 00:00:00-04:00,211.98682761878052,211.98682761878052,206.02136964022355,206.5474395751953,467000,0.0,0.0
2026-05-04 00:00:00-04:00,203.88731264312906,206.09085713893748,201.20733059694163,201.7234649658203,537400,0.0,0.0
2026-05-05 00:00:00-04:00,196.0558120759791,196.8399492362522,185.55423853464046,185.6534881591797,2309100,0.0,0.0
2026-05-06 00:00:00-04:00,189.8819205727763,193.61404272077192,186.50711525092967,186.69570922851562,1135900,0.0,0.0
2026-05-07 00:00:00-04:00,188.59154904750352,194.44780688070776,188.55185222759147,189.02828979492188,1574300,0.0,0.0
2026-05-08 00:00:00-04:00,189.0282879902755,190.85464460233683,183.13231824777066,186.37808227539062,827300,0.0,0.0
2026-05-11 00:00:00-04:00,187.07288340417614,187.36072698593105,183.231576349243,183.4003143310547,995400,0.0,0.0
2026-05-12 00:00:00-04:00,183.5293497995667,184.70061046013362,179.7575309141627,180.97840881347656,901000,0.0,0.0
2026-05-13 00:00:00-04:00,181.05781361800612,182.3183883097333,173.71266010938115,174.0699920654297,1112100,0.0,0.0
2026-05-14 00:00:00-04:00,174.85000610351562,177.32000732421875,173.6199951171875,175.24000549316406,901200,1.3,0.0
2026-05-15 00:00:00-04:00,177.42999267578125,178.25999450683594,172.6999969482422,175.35000610351562,1042400,0.0,0.0
2026-05-18 00:00:00-04:00,175.33999633789062,181.83999633789062,172.67999267578125,181.38999938964844,1275800,0.0,0.0
2026-05-19 00:00:00-04:00,181.47000122070312,181.99000549316406,177.5399932861328,178.5399932861328,949900,0.0,0.0
2026-05-20 00:00:00-04:00,177.82000732421875,182.3000030517578,175.00999450683594,181.8300018310547,744200,0.0,0.0
2026-05-21 00:00:00-04:00,180.88999938964844,181.7100067138672,177.27000427246094,181.69000244140625,705400,0.0,0.0
2026-05-22 00:00:00-04:00,181.5399932861328,186.89999389648438,180.69000244140625,184.63999938964844,552500,0.0,0.0
2026-05-26 00:00:00-04:00,184.5500030517578,185.58999633789062,181.25999450683594,182.35000610351562,667500,0.0,0.0
2026-05-27 00:00:00-04:00,184.39999389648438,190.0,183.5399932861328,184.41000366210938,736000,0.0,0.0
2026-05-28 00:00:00-04:00,182.57000732421875,185.27000427246094,180.72000122070312,184.6999969482422,584600,0.0,0.0
2026-05-29 00:00:00-04:00,183.2899932861328,185.69000244140625,181.22000122070312,181.39999389648438,732700,0.0,0.0
2026-06-01 00:00:00-04:00,181.1199951171875,184.52000427246094,178.39999389648438,182.07000732421875,882400,0.0,0.0
2026-06-02 00:00:00-04:00,181.16000366210938,182.1699981689453,177.4499969482422,179.60000610351562,857000,0.0,0.0
2026-06-03 00:00:00-04:00,181.05999755859375,182.1300048828125,176.8000030517578,180.69000244140625,747200,0.0,0.0
2026-06-04 00:00:00-04:00,184.4499969482422,187.8300018310547,181.1699981689453,183.22000122070312,746900,0.0,0.0
2026-06-05 00:00:00-04:00,183.4600067138672,188.52999877929688,183.4600067138672,185.52000427246094,1308800,0.0,0.0
2026-06-08 00:00:00-04:00,182.74000549316406,184.0500030517578,179.27999877929688,180.9499969482422,1168300,0.0,0.0
2026-06-09 00:00:00-04:00,180.5,194.77999877929688,179.8699951171875,192.4199981689453,1587300,0.0,0.0
2026-06-10 00:00:00-04:00,192.89999389648438,196.4600067138672,189.07000732421875,189.88999938964844,907800,0.0,0.0
2026-06-11 00:00:00-04:00,190.35000610351562,193.8699951171875,186.30999755859375,192.33999633789062,1030200,0.0,0.0
2026-06-12 00:00:00-04:00,191.92999267578125,197.2100067138672,190.97999572753906,195.0,677400,0.0,0.0
2026-06-15 00:00:00-04:00,196.0,198.52999877929688,190.22000122070312,191.02999877929688,993300,0.0,0.0
2026-06-16 00:00:00-04:00,191.94000244140625,199.88999938964844,189.88999938964844,198.0800018310547,866700,0.0,0.0
2026-06-17 00:00:00-04:00,198.0800018310547,204.0,192.47999572753906,194.33999633789062,1020300,0.0,0.0
2026-06-18 00:00:00-04:00,196.5800018310547,205.22999572753906,194.3699951171875,198.99000549316406,8252400,0.0,0.0
2026-06-22 00:00:00-04:00,197.5500030517578,198.02999877929688,194.0500030517578,195.61000061035156,821200,0.0,0.0
2026-06-23 00:00:00-04:00,193.6199951171875,197.77999877929688,193.3300018310547,194.83999633789062,567400,0.0,0.0
2026-06-24 00:00:00-04:00,194.97999572753906,206.27999877929688,194.97999572753906,205.36000061035156,877900,0.0,0.0
2026-06-25 00:00:00-04:00,204.97999572753906,212.69000244140625,204.5500030517578,207.3800048828125,947800,0.0,0.0
2026-06-26 00:00:00-04:00,207.60000610351562,213.35000610351562,207.52999877929688,211.61000061035156,1224100,0.0,0.0
2026-06-29 00:00:00-04:00,211.61000061035156,211.88999938964844,207.24000549316406,211.6199951171875,715300,0.0,0.0
2026-06-30 00:00:00-04:00,211.6199951171875,216.3000030517578,210.24000549316406,214.89999389648438,737900,0.0,0.0
2026-07-01 00:00:00-04:00,214.69000244140625,219.97999572753906,210.00999450683594,215.69000244140625,652200,0.0,0.0
2026-07-02 00:00:00-04:00,215.92999267578125,221.02000427246094,215.47999572753906,219.47000122070312,585200,0.0,0.0
2026-07-06 00:00:00-04:00,220.50999450683594,220.50999450683594,211.22999572753906,215.22000122070312,959500,0.0,0.0
2026-07-07 00:00:00-04:00,215.5500030517578,217.94000244140625,208.7899932861328,209.6199951171875,619300,0.0,0.0
2026-07-08 00:00:00-04:00,206.89999389648438,206.89999389648438,202.41000366210938,204.1999969482422,626700,0.0,0.0
2026-07-09 00:00:00-04:00,203.17999267578125,210.47999572753906,201.38999938964844,207.97000122070312,605300,0.0,0.0
2026-07-10 00:00:00-04:00,209.83999633789062,213.19000244140625,209.38999938964844,210.44000244140625,460800,0.0,0.0
2026-07-13 00:00:00-04:00,211.9199981689453,214.6999969482422,209.08999633789062,210.82000732421875,603321,0.0,0.0
