Date,Open,High,Low,Close,Volume,Dividends,Stock Splits
2022-01-04 00:00:00-05:00,39.127410888671875,39.260649740854504,39.08299906741259,39.127410888671875,18000,0.0,0.0
2022-01-05 00:00:00-05:00,39.24288657773291,39.24288657773291,39.03858947753906,39.03858947753906,6400,0.0,0.0
2022-01-06 00:00:00-05:00,39.038594416086006,39.038594416086006,38.85206269949522,38.99418258666992,2800,0.0,0.0
2022-01-07 00:00:00-05:00,38.99418258666992,38.99418258666992,38.816531880600195,38.99418258666992,10300,0.0,0.0
2022-01-10 00:00:00-05:00,38.86093521118164,38.86093521118164,38.86093521118164,38.86093521118164,900,0.0,0.0
2022-01-11 00:00:00-05:00,38.976414361763304,38.976414361763304,38.29246139526367,38.29246139526367,3500,0.0,0.0
2022-01-12 00:00:00-05:00,38.28357489128532,38.541168212890625,38.28357489128532,38.541168212890625,4100,0.0,0.0
2022-01-13 00:00:00-05:00,38.20363140362887,38.51452093988232,38.20363140362887,38.416812896728516,3700,0.0,0.0
2022-01-14 00:00:00-05:00,38.48786577123037,38.48786577123037,38.46121597290039,38.46121597290039,5200,0.0,0.0
2022-01-17 00:00:00-05:00,38.55004926086241,38.55004926086241,38.19474792480469,38.19474792480469,1200,0.0,0.0
2022-01-18 00:00:00-05:00,38.41681131279155,38.77211265717349,38.32798767089844,38.32798767089844,4900,0.0,0.0
2022-01-19 00:00:00-05:00,38.6388717746867,39.70477236339345,38.194746811759266,38.239158630371094,7700,0.0,0.0
2022-01-20 00:00:00-05:00,38.283571564616786,38.68328472058056,38.19474792480469,38.19474792480469,3000,0.0,0.0
2022-01-21 00:00:00-05:00,38.194748142184466,38.194748142184466,38.01709747314453,38.01709747314453,4200,0.0,0.0
2022-01-24 00:00:00-05:00,36.862377296411104,36.862377296411104,32.323418971503386,36.03630447387695,18400,0.0,0.0
2022-01-25 00:00:00-05:00,35.74318778976759,36.507080078125,35.53000626130139,36.507080078125,1900,0.0,0.0
2022-01-26 00:00:00-05:00,36.08071618823576,36.37384033203125,36.08071618823576,36.37384033203125,2000,0.0,0.0
2022-01-27 00:00:00-05:00,36.0629523769754,36.1961912461269,35.97412872314453,35.97412872314453,1700,0.0,0.0
2022-01-28 00:00:00-05:00,35.74317654989896,35.74317654989896,35.68099594116211,35.68099594116211,400,0.0,0.0
2022-01-31 00:00:00-05:00,35.6632400988493,36.4182512698127,35.299057721687376,36.2406005859375,2800,0.0,0.0
2022-02-01 00:00:00-05:00,36.418255190201315,36.897911071777344,36.418255190201315,36.897911071777344,2700,0.0,0.0
2022-02-02 00:00:00-05:00,37.50191483728914,37.50191483728914,37.004493634003474,37.3420295715332,2900,0.0,0.0
2022-02-03 00:00:00-05:00,36.85350378468059,36.86238479614258,36.85350378468059,36.86238479614258,900,0.0,0.0
2022-02-04 00:00:00-05:00,37.288741700601044,37.3065071105957,37.2620952798118,37.3065071105957,500,0.0,0.0
2022-02-07 00:00:00-05:00,37.09332438306852,37.21768224902146,37.08444337256029,37.19991683959961,2800,0.0,0.0
2022-02-08 00:00:00-05:00,37.09332547426816,37.17326812481552,37.08444446349867,37.14662170410156,2700,0.0,0.0
2022-02-09 00:00:00-05:00,37.30649797306504,38.19474792480469,37.30649797306504,38.19474792480469,5800,0.0,0.0
2022-02-10 00:00:00-05:00,39.33170677874194,39.33170677874194,38.19474792480469,38.19474792480469,2000,0.0,0.0
2022-02-11 00:00:00-05:00,38.203627820119806,38.239158630371094,38.194746811759266,38.239158630371094,3500,0.0,0.0
2022-02-14 00:00:00-05:00,37.679563305492586,37.679563305492586,36.95119857788086,36.95119857788086,1900,0.0,0.0
2022-02-15 00:00:00-05:00,36.6847224663248,37.28873270683843,36.515956194688954,37.04002380371094,7900,0.0,0.0
2022-02-16 00:00:00-05:00,36.98673051164951,36.98673051164951,36.32054299266907,36.418251037597656,5400,0.0,0.0
2022-02-17 00:00:00-05:00,36.418244965681964,36.418244965681964,35.68099594116211,35.68099594116211,4100,0.0,0.0
2022-02-18 00:00:00-05:00,35.69876640359578,35.725416207803214,35.30793762207031,35.30793762207031,6100,0.0,0.0
2022-02-22 00:00:00-05:00,35.787598761566386,35.787598761566386,34.579578035511005,34.59734344482422,4100,0.0,0.0
2022-02-23 00:00:00-05:00,35.23687895536891,35.23687895536891,34.68616485595703,34.68616485595703,6000,0.0,0.0
2022-02-24 00:00:00-05:00,32.89190326812072,35.31682586669922,32.89190326812072,35.31682586669922,1400,0.0,0.0
2022-02-25 00:00:00-05:00,35.66525430519763,35.843938633821125,35.59378261862029,35.7188606262207,3500,0.23,0.0
2022-02-28 00:00:00-05:00,35.96901556651224,36.1834374360766,35.75459710506787,36.00475311279297,3300,0.0,0.0
2022-03-01 00:00:00-05:00,35.81713829227473,35.81713829227473,35.46870571507906,35.56698226928711,1300,0.0,0.0
2022-03-02 00:00:00-05:00,35.13814517870106,35.87968063354492,35.13814517870106,35.87968063354492,800,0.0,0.0
2022-03-03 00:00:00-05:00,35.63844765557581,35.7188554213335,35.56697597941319,35.57590866088867,1600,0.0,0.0
2022-03-04 00:00:00-05:00,37.50570135850836,37.50570135850836,35.29895697668345,35.49551010131836,4000,0.0,0.0
2022-03-07 00:00:00-05:00,34.334060017091794,35.38829371410885,34.17324447631836,34.17324447631836,6900,0.0,0.0
2022-03-08 00:00:00-05:00,34.61995818642657,34.61995818642657,34.28939437866211,34.28939437866211,1000,0.0,0.0
2022-03-09 00:00:00-05:00,33.806942881198076,35.58484649658203,33.806942881198076,35.58484649658203,8000,0.0,0.0
2022-03-10 00:00:00-05:00,35.94222176550757,35.94222176550757,35.21855163574219,35.21855163574219,1900,0.0,0.0
2022-03-11 00:00:00-05:00,35.35255458093363,35.35255458093363,34.95051574707031,34.95051574707031,1100,0.0,0.0
2022-03-14 00:00:00-04:00,35.97795605868581,35.97795605868581,35.379364013671875,35.379364013671875,5400,0.0,0.0
2022-03-15 00:00:00-04:00,35.575913659544575,36.61227867041578,35.575913659544575,36.076229095458984,5400,0.0,0.0
2022-03-16 00:00:00-04:00,36.45145693496201,36.46039302429731,36.12982588128125,36.17449951171875,7100,0.0,0.0
2022-03-17 00:00:00-04:00,35.25428498177328,36.585479736328125,35.25428498177328,36.585479736328125,700,0.0,0.0
2022-03-18 00:00:00-04:00,36.88923709938897,37.050052642822266,36.84456687246191,37.050052642822266,2200,0.0,0.0
2022-03-21 00:00:00-04:00,36.308513372697504,37.559300156348854,36.308513372697504,37.40741729736328,3500,0.0,0.0
2022-03-22 00:00:00-04:00,37.34487939554816,37.34487939554816,36.79989375821369,37.25553894042969,8900,0.0,0.0
2022-03-23 00:00:00-04:00,37.523564325916105,37.523564325916105,37.22873468460062,37.28234100341797,6900,0.0,0.0
2022-03-24 00:00:00-04:00,37.28234031194328,37.43422317504883,37.28234031194328,37.43422317504883,1000,0.0,0.0
2022-03-25 00:00:00-04:00,37.32701528547032,37.32701528547032,37.058990478515625,37.058990478515625,1200,0.0,0.0
2022-03-28 00:00:00-04:00,36.73735166595423,37.228730943988026,36.73735166595423,37.10365295410156,1400,0.0,0.0
2022-03-29 00:00:00-04:00,36.81775769148236,37.72011184692383,36.81775769148236,37.72011184692383,1600,0.0,0.0
2022-03-30 00:00:00-04:00,37.91667556762695,37.91667556762695,37.91667556762695,37.91667556762695,100,0.0,0.0
2022-03-31 00:00:00-04:00,37.541431107949144,37.80945587158203,37.541431107949144,37.80945587158203,4300,0.0,0.0
2022-04-01 00:00:00-04:00,37.12151897904386,37.96133412007245,36.63013973736166,36.63907241821289,6100,0.0,0.0
2022-04-04 00:00:00-04:00,37.505694695044106,37.505694695044106,37.344879150390625,37.344879150390625,3300,0.0,0.0
2022-04-05 00:00:00-04:00,37.52356318286483,37.71118018083038,37.041116552564944,37.050052642822266,6500,0.0,0.0
2022-04-06 00:00:00-04:00,36.6480089127658,36.6480089127658,36.317445187702255,36.326377868652344,5200,0.0,0.0
2022-04-07 00:00:00-04:00,35.656321911815056,36.25491390634405,35.656321911815056,36.147701263427734,4600,0.0,0.0
2022-04-08 00:00:00-04:00,35.83500664937469,36.63014834871838,35.83500664937469,36.5318717956543,3900,0.0,0.0
2022-04-11 00:00:00-04:00,36.272774170677074,36.272774170677074,35.960079193115234,35.960079193115234,6400,0.0,0.0
2022-04-12 00:00:00-04:00,36.22810919707782,36.36212329723846,36.22810919707782,36.23704528808594,1100,0.0,0.0
2022-04-13 00:00:00-04:00,36.95178122912802,36.95178122912802,36.540809631347656,36.540809631347656,3700,0.0,0.0
2022-04-14 00:00:00-04:00,36.272771851226416,36.31744548069545,35.74565505981445,35.74565505981445,5200,0.0,0.0
2022-04-18 00:00:00-04:00,35.66525211672982,35.781397434426275,35.66525211672982,35.772464752197266,3200,0.0,0.0
2022-04-19 00:00:00-04:00,36.3263878468729,36.40679562998787,36.3263878468729,36.362125396728516,800,0.0,0.0
2022-04-20 00:00:00-04:00,36.317451193869786,36.317451193869786,36.27277755737305,36.27277755737305,3000,0.0,0.0
2022-04-21 00:00:00-04:00,36.27277891436127,36.54080711088894,36.031558990478516,36.031558990478516,19600,0.0,0.0
2022-04-22 00:00:00-04:00,36.031556474953796,36.103028156416684,35.20960998535156,35.20960998535156,2800,0.0,0.0
2022-04-25 00:00:00-04:00,35.20067885429315,35.27215053890536,34.99518966674805,34.99518966674805,5200,0.0,0.0
2022-04-26 00:00:00-04:00,34.834375786708556,34.84330846879449,34.73609924316406,34.73609924316406,3700,0.0,0.0
2022-04-27 00:00:00-04:00,34.47700658583842,34.50380803977197,34.2983222740019,34.39659881591797,2600,0.0,0.0
2022-04-28 00:00:00-04:00,33.94989368892517,35.004127502441406,33.905223457800616,35.004127502441406,2700,0.0,0.0
2022-04-29 00:00:00-04:00,35.09345964188628,35.21853762261946,34.84330368041992,34.84330368041992,1200,0.0,0.0
2022-05-02 00:00:00-04:00,34.37873016496542,34.38766625505459,34.15537562641332,34.3519287109375,2800,0.0,0.0
2022-05-03 00:00:00-04:00,34.048167412493584,34.13750786731751,33.86948309472584,33.93202209472656,1500,0.0,0.0
2022-05-04 00:00:00-04:00,33.949893951416016,33.949893951416016,33.86948617152206,33.949893951416016,4700,0.0,0.0
2022-05-05 00:00:00-04:00,34.37873845130075,34.37873845130075,33.07434844970703,33.07434844970703,2700,0.0,0.0
2022-05-06 00:00:00-04:00,33.73546716644839,33.85161247788776,33.37810195850219,33.404903411865234,1400,0.0,0.0
2022-05-09 00:00:00-04:00,32.967136836039096,32.967136836039096,32.38641357421875,32.38641357421875,2700,0.0,0.0
2022-05-10 00:00:00-04:00,32.305998603443804,32.305998603443804,31.90395977378626,32.07371139526367,900,0.0,0.0
2022-05-11 00:00:00-04:00,31.93970476586762,31.984375,31.93970476586762,31.984375,2900,0.0,0.0
2022-05-12 00:00:00-04:00,31.32324234942587,31.72527780048635,31.314306259155273,31.314306259155273,12700,0.0,0.0
2022-05-13 00:00:00-04:00,32.055842624154494,32.386406369375315,32.055842624154494,32.07371139526367,3600,0.0,0.0
2022-05-16 00:00:00-04:00,32.25239970257826,32.25239970257826,32.16305923461914,32.16305923461914,1400,0.0,0.0
2022-05-17 00:00:00-04:00,32.163058764313995,32.60976791381836,31.939704189561816,32.60976791381836,7400,0.0,0.0
2022-05-18 00:00:00-04:00,32.26133004815232,32.431078270288786,31.814620971679688,31.814620971679688,2900,0.0,0.0
2022-05-19 00:00:00-04:00,31.984373320102925,32.10945133235234,31.761018753051758,31.761018753051758,2400,0.0,0.0
2022-05-20 00:00:00-04:00,32.16305923461914,32.16305923461914,32.16305923461914,32.16305923461914,3400,0.0,0.0
2022-05-24 00:00:00-04:00,31.912892614165703,31.966495513916016,31.912892614165703,31.966495513916016,300,0.0,0.0
2022-05-25 00:00:00-04:00,31.85036658290175,31.85036658290175,31.716352462768555,31.716352462768555,9500,0.0,0.0
2022-05-26 00:00:00-04:00,31.80568323674557,32.07371139526367,31.80568323674557,32.07371139526367,3700,0.0,0.0
2022-05-27 00:00:00-04:00,32.62763056194153,32.708038330078125,32.62763056194153,32.708038330078125,3800,0.0,0.0
2022-05-30 00:00:00-04:00,32.70804055396688,32.914825439453125,32.70804055396688,32.914825439453125,100,0.23,0.0
2022-05-31 00:00:00-04:00,33.04069320588528,33.058674947081116,32.726021309124384,32.78895568847656,3900,0.0,0.0
2022-06-01 00:00:00-04:00,33.03170229559937,33.03170229559937,32.645103454589844,32.645103454589844,2000,0.0,0.0
2022-06-02 00:00:00-04:00,32.81592074302841,33.26545390389181,32.81592074302841,33.08563995361328,2800,0.0,0.0
2022-06-03 00:00:00-04:00,32.80693653716646,32.86087832962002,32.573177337646484,32.573177337646484,2000,0.0,0.0
2022-06-06 00:00:00-04:00,32.33942572693852,32.72602462768555,32.33942572693852,32.72602462768555,1300,0.0,0.0
2022-06-07 00:00:00-04:00,32.67208001652422,32.68106917337045,32.54621124267578,32.54621124267578,800,0.0,0.0
2022-06-08 00:00:00-04:00,33.35536885897244,33.35536885897244,32.591163635253906,32.591163635253906,2400,0.0,0.0
2022-06-09 00:00:00-04:00,32.5911617793842,32.5911617793842,32.096675872802734,32.096675872802734,1200,0.0,0.0
2022-06-10 00:00:00-04:00,32.042728897001076,32.042728897001076,31.017793655395508,31.017793655395508,1800,0.0,0.0
2022-06-13 00:00:00-04:00,31.40439468688407,31.40439468688407,29.786075592041016,29.786075592041016,2500,0.0,0.0
2022-06-14 00:00:00-04:00,29.786075592041016,29.786075592041016,29.786075592041016,29.786075592041016,600,0.0,0.0
2022-06-15 00:00:00-04:00,30.235600561456046,31.098703384399414,30.190647932490073,31.098703384399414,13100,0.0,0.0
2022-06-16 00:00:00-04:00,30.20863490485519,30.20863490485519,28.65325188961973,28.761138916015625,24600,0.0,0.0
2022-06-17 00:00:00-04:00,29.102784131505825,29.102784131505825,28.842057430773465,28.97691535949707,400,0.0,0.0
2022-06-20 00:00:00-04:00,30.721100481753094,30.721100481753094,29.89396095275879,29.89396095275879,800,0.0,0.0
2022-06-21 00:00:00-04:00,30.54128992652233,30.775045706122224,29.89396095275879,29.89396095275879,1300,0.0,0.0
2022-06-22 00:00:00-04:00,29.849009563905938,29.849009563905938,28.44646453857422,28.44646453857422,12700,0.0,0.0
2022-06-23 00:00:00-04:00,28.635271694198167,28.770131341896615,28.45545768737793,28.45545768737793,10600,0.0,0.0
2022-06-24 00:00:00-04:00,29.30956466694753,29.408462524414062,29.30057551157162,29.408462524414062,2000,0.0,0.0
2022-06-27 00:00:00-04:00,30.388450536726378,30.388450536726378,29.660208782294433,29.88497543334961,2400,0.0,0.0
2022-06-28 00:00:00-04:00,30.271569347385675,30.271569347385675,29.309568405151367,29.309568405151367,800,0.0,0.0
2022-06-29 00:00:00-04:00,29.750109408620386,29.750109408620386,29.327547073364258,29.327547073364258,1800,0.0,0.0
2022-06-30 00:00:00-04:00,28.428482756253054,28.82407248627225,28.428482756253054,28.79709815979004,1100,0.0,0.0
2022-07-04 00:00:00-04:00,28.59031405202242,28.59031405202242,28.320594787597656,28.320594787597656,1200,0.0,0.0
2022-07-05 00:00:00-04:00,28.00592134460964,28.17674446105957,27.996930473761406,28.17674446105957,1200,0.0,0.0
2022-07-06 00:00:00-04:00,27.969960914042083,27.969960914042083,27.04392175037439,27.42152976989746,2900,0.0,0.0
2022-07-07 00:00:00-04:00,27.942986391625645,28.958930769018178,27.942986391625645,28.653249740600586,4500,0.0,0.0
2022-07-08 00:00:00-04:00,28.284631304429947,28.527379671312193,28.27564214847128,28.320594787597656,7200,0.0,0.0
2022-07-11 00:00:00-04:00,28.221695613777527,28.320593473065006,28.095826858199413,28.140779495239258,1200,0.0,0.0
2022-07-12 00:00:00-04:00,28.005921712852157,28.230688342513623,28.005921712852157,28.18573570251465,1500,0.0,0.0
2022-07-13 00:00:00-04:00,28.320593011354106,28.320593011354106,27.871059788951662,27.880050659179688,3500,0.0,0.0
2022-07-14 00:00:00-04:00,27.87105941772461,27.87105941772461,27.862068547616335,27.87105941772461,1100,0.0,0.0
2022-07-15 00:00:00-04:00,27.68225813423119,28.06885528564453,27.68225813423119,28.06885528564453,400,0.0,0.0
2022-07-18 00:00:00-04:00,28.437475943729215,28.45545768737793,28.005924385160796,28.45545768737793,3600,0.0,0.0
2022-07-19 00:00:00-04:00,28.752148294270523,28.752148294270523,28.635270395521474,28.7161865234375,2900,0.0,0.0
2022-07-20 00:00:00-04:00,28.446466565115184,28.671233214244943,28.446466565115184,28.644262313842773,2300,0.0,0.0
2022-07-21 00:00:00-04:00,28.635270146942627,28.940951198286566,28.07784812778596,28.761138916015625,4400,0.0,0.0
2022-07-22 00:00:00-04:00,28.11380817270464,28.671228408813477,28.11380817270464,28.671228408813477,200,0.0,0.0
2022-07-25 00:00:00-04:00,28.167755126953125,28.167755126953125,28.167755126953125,28.167755126953125,100,0.0,0.0
2022-07-26 00:00:00-04:00,28.203718185424805,28.410503078586085,28.203718185424805,28.203718185424805,1700,0.0,0.0
2022-07-27 00:00:00-04:00,28.833065949130837,28.860036849975586,28.410505259172883,28.860036849975586,1200,0.0,0.0
2022-07-28 00:00:00-04:00,28.788110441298173,29.17470932006836,28.788110441298173,29.17470932006836,3400,0.0,0.0
2022-07-29 00:00:00-04:00,28.83306245234694,29.849008560180664,28.83306245234694,29.849008560180664,10400,0.0,0.0
2022-08-02 00:00:00-04:00,28.896003082882764,29.44443431661067,28.626283759809095,29.075817108154297,44500,0.0,0.0
2022-08-03 00:00:00-04:00,28.797100386616084,29.444429397583008,28.797100386616084,29.444429397583008,10600,0.0,0.0
2022-08-04 00:00:00-04:00,29.147734948638046,29.516355514526367,29.147734948638046,29.516355514526367,1300,0.0,0.0
2022-08-05 00:00:00-04:00,29.31855725198974,29.408462524414062,28.913976666747697,29.408462524414062,21400,0.0,0.0
2022-08-08 00:00:00-04:00,29.68717310013083,29.893957961689342,29.669191360473633,29.669191360473633,5400,0.0,0.0
2022-08-09 00:00:00-04:00,29.669193033071664,29.669193033071664,29.120761946440997,29.21965980529785,6000,0.0,0.0
2022-08-10 00:00:00-04:00,29.588277716139036,29.831026077270508,29.444427216542586,29.831026077270508,12700,0.0,0.0
2022-08-11 00:00:00-04:00,30.34349911248506,30.40643350293759,30.118732452392578,30.118732452392578,3100,0.0,0.0
2022-08-12 00:00:00-04:00,30.028820383324938,30.388444900512695,30.028820383324938,30.388444900512695,4100,0.0,0.0
2022-08-15 00:00:00-04:00,30.388450504285867,30.47835922241211,30.154694696491468,30.47835922241211,300,0.0,0.0
2022-08-16 00:00:00-04:00,30.424409766104183,30.981830022403045,30.424409766104183,30.667158126831055,7600,0.0,0.0
2022-08-17 00:00:00-04:00,30.51431687359817,30.703123451940293,30.388448107814515,30.568262100219727,14900,0.0,0.0
2022-08-18 00:00:00-04:00,30.568261251584282,31.008805349263337,30.568261251584282,30.94586753845215,9000,0.0,0.0
2022-08-19 00:00:00-04:00,30.56825826998809,30.56825826998809,30.41541862487793,30.41541862487793,8100,0.0,0.0
2022-08-22 00:00:00-04:00,30.343494200168696,30.343494200168696,29.89396095275879,29.89396095275879,900,0.0,0.0
2022-08-23 00:00:00-04:00,29.273605072579144,30.15468978881836,29.273605072579144,30.15468978881836,3700,0.0,0.0
2022-08-24 00:00:00-04:00,30.163683176026925,30.325515435352667,30.154694019249646,30.271570205688477,1100,0.0,0.0
2022-08-25 00:00:00-04:00,31.260546906692827,31.260546906692827,30.343498539279025,30.397443771362305,2500,0.0,0.0
2022-08-26 00:00:00-04:00,30.4154211659942,30.4154211659942,29.606259948789766,29.89396095275879,2300,0.0,0.0
2022-08-29 00:00:00-04:00,29.714149475097656,29.714149475097656,29.714149475097656,29.714149475097656,200,0.0,0.0
2022-08-30 00:00:00-04:00,29.64172307036358,29.64172307036358,29.207143783569336,29.207143783569336,2900,0.23,0.0
2022-08-31 00:00:00-04:00,29.560239743529383,29.560239743529383,29.017017364501953,29.017017364501953,2600,0.0,0.0
2022-09-01 00:00:00-04:00,28.971751070226105,28.971751070226105,28.337993324824538,28.510013580322266,4000,0.0,0.0
2022-09-02 00:00:00-04:00,28.401363416665404,28.890260696411133,28.401363416665404,28.890260696411133,1900,0.0,0.0
2022-09-06 00:00:00-04:00,29.77752164364486,29.77752164364486,28.337987899780273,28.337987899780273,2100,0.0,0.0
2022-09-07 00:00:00-04:00,28.337992127624926,28.654870986938477,28.337992127624926,28.654870986938477,1700,0.0,0.0
2022-09-08 00:00:00-04:00,28.582436902409363,28.582436902409363,28.519061486513202,28.564329147338867,7500,0.0,0.0
2022-09-09 00:00:00-04:00,28.292718946825183,29.50591087341309,27.161010188952176,29.505910873413086,2200,0.0,0.0
2022-09-12 00:00:00-04:00,29.61455654785154,29.61455654785154,29.469697952270508,29.469697952270508,4300,0.0,0.0
2022-09-13 00:00:00-04:00,29.86805961155512,29.86805961155512,28.73634910583496,28.73634910583496,2100,0.0,0.0
2022-09-14 00:00:00-04:00,28.709190243516893,28.709190243516893,28.700138092041016,28.700138092041016,500,0.0,0.0
2022-09-15 00:00:00-04:00,28.70013754656423,29.044178009033203,28.70013754656423,29.044178009033203,2800,0.0,0.0
2022-09-16 00:00:00-04:00,28.844994689780165,28.844994689780165,28.337987899780273,28.337987899780273,2700,0.0,0.0
2022-09-19 00:00:00-04:00,28.356095144579893,28.564329147338867,28.337987389509397,28.564329147338867,12200,0.0,0.0
2022-09-20 00:00:00-04:00,28.084487249483725,28.292721263539214,27.80382221121694,28.00300407409668,6700,0.0,0.0
2022-09-21 00:00:00-04:00,28.0573282147553,28.11164976109569,27.9667911529541,27.9667911529541,17600,0.0,0.0
2022-09-22 00:00:00-04:00,28.682031750713357,28.682031750713357,27.287765502929688,27.287765502929688,3600,0.0,0.0
2022-09-23 00:00:00-04:00,27.161012307191505,27.161012307191505,26.48198699951172,26.48198699951172,3800,0.0,0.0
2022-09-26 00:00:00-04:00,25.54040638111414,26.119842529296875,25.54040638111414,26.119842529296875,1000,0.0,0.0
2022-09-27 00:00:00-04:00,26.61779301862258,26.708330076115153,26.25564651550303,26.46388053894043,3000,0.0,0.0
2022-09-28 00:00:00-04:00,25.94782471017874,26.871299700522943,25.94782471017874,26.807924270629883,4300,0.0,0.0
2022-09-29 00:00:00-04:00,26.807924270629883,26.807924270629883,26.807924270629883,26.807924270629883,0,0.0,0.0
2022-09-30 00:00:00-04:00,26.871297883718007,27.161015101841517,26.871297883718007,26.934673309326172,1800,0.0,0.0
2022-10-03 00:00:00-04:00,27.161015354093934,27.43262481689453,26.708331764859032,27.43262481689453,4400,0.0,0.0
2022-10-04 00:00:00-04:00,27.486946413566084,28.24745493521935,27.197229210431647,28.165971755981445,6000,0.0,0.0
2022-10-05 00:00:00-04:00,28.374206950186124,28.383260829013853,27.61369839716531,27.658966064453125,6100,0.0,0.0
2022-10-06 00:00:00-04:00,27.948683644906133,27.948683644906133,27.613697052001953,27.613697052001953,600,0.0,0.0
2022-10-07 00:00:00-04:00,27.314927589825984,27.314927589825984,26.79886857918713,26.934673309326172,1700,0.0,0.0
2022-10-11 00:00:00-04:00,26.3552348730072,27.079527808386242,26.3552348730072,26.500093460083008,1100,0.0,0.0
2022-10-12 00:00:00-04:00,26.70833196908536,26.70833196908536,26.445774656433056,26.581581115722656,3100,0.0,0.0
2022-10-13 00:00:00-04:00,26.527253787091855,27.242494583129883,26.527253787091855,27.242494583129883,4300,0.0,0.0
2022-10-14 00:00:00-04:00,26.67211645278124,27.016156950266957,26.581581115722656,26.581581115722656,1200,0.0,0.0
2022-10-17 00:00:00-04:00,27.18817428385191,27.18817428385191,27.161012649536133,27.161012649536133,2100,0.0,0.0
2022-10-18 00:00:00-04:00,27.3873551121656,27.3873551121656,27.1157456695621,27.124797821044922,3600,0.0,0.0
2022-10-19 00:00:00-04:00,27.115744154667663,27.161011816955675,26.889402389526367,26.889402389526367,700,0.0,0.0
2022-10-20 00:00:00-04:00,27.161009641147352,27.161009641147352,26.943721771240234,26.943721771240234,1300,0.0,0.0
2022-10-21 00:00:00-04:00,27.161010799640223,27.342084895711384,27.161010799640223,27.22438621520996,1200,0.0,0.0
2022-10-24 00:00:00-04:00,27.296818215871127,27.613697052001953,27.28776433748445,27.613697052001953,700,0.0,0.0
2022-10-25 00:00:00-04:00,27.61369692995259,27.97584342956543,27.595589173259267,27.97584342956543,2100,0.0,0.0
2022-10-26 00:00:00-04:00,28.039220872980696,28.446636793704602,28.039220872980696,28.28367042541504,1500,0.0,0.0
2022-10-27 00:00:00-04:00,28.337987899780273,28.337987899780273,28.337987899780273,28.337987899780273,100,0.0,0.0
2022-10-28 00:00:00-04:00,28.763513565063477,28.763513565063477,28.763513565063477,28.763513565063477,200,0.0,0.0
2022-10-31 00:00:00-04:00,28.238401561644007,28.42852783203125,28.238401561644007,28.42852783203125,1000,0.0,0.0
2022-11-01 00:00:00-04:00,28.42852783203125,28.42852783203125,28.42852783203125,28.42852783203125,0,0.0,0.0
2022-11-02 00:00:00-04:00,28.256507264212036,28.537172317504883,28.24745511255166,28.537172317504883,6100,0.0,0.0
2022-11-03 00:00:00-04:00,28.42852483285854,29.54212760925293,28.33798778309916,29.54212760925293,8000,0.0,0.0
2022-11-04 00:00:00-04:00,28.44663548224389,29.569290523663767,28.44663548224389,28.97174835205078,3100,0.0,0.0
2022-11-07 00:00:00-05:00,29.32483801235391,29.424428939819336,29.234302689404174,29.424428939819336,7000,0.0,0.0
2022-11-08 00:00:00-05:00,29.668882369995117,29.668882369995117,29.668882369995117,29.668882369995117,200,0.0,0.0
2022-11-09 00:00:00-05:00,29.34294561118672,29.55117961582148,29.11660385131836,29.11660385131836,12000,0.0,0.0
2022-11-10 00:00:00-05:00,30.420334447512438,30.592356414057278,30.356959024164826,30.556140899658203,1500,0.0,0.0
2022-11-11 00:00:00-05:00,30.836806226328246,31.289489799184906,30.836806226328246,31.054092407226562,1500,0.0,0.0
2022-11-14 00:00:00-05:00,30.601405188826508,30.873014609443374,30.384119033813477,30.384119033813477,1800,0.0,0.0
2022-11-15 00:00:00-05:00,31.27137871885763,31.27137871885763,30.827747344970703,30.827747344970703,500,0.0,0.0
2022-11-16 00:00:00-05:00,30.80059359703399,30.80059359703399,30.65573497829746,30.773433685302734,600,0.0,0.0
2022-11-17 00:00:00-05:00,30.46560803209397,30.51992785438563,30.375069238771502,30.510875701904297,4000,0.0,0.0
2022-11-18 00:00:00-05:00,30.836801528930664,30.836801528930664,30.836801528930664,30.836801528930664,400,0.0,0.0
2022-11-21 00:00:00-05:00,30.791536940659352,30.80964469909668,30.791536940659352,30.80964469909668,500,0.0,0.0
2022-11-22 00:00:00-05:00,30.80964469909668,30.80964469909668,30.80964469909668,30.80964469909668,100,0.0,0.0
2022-11-23 00:00:00-05:00,31.34381162148585,31.66069221496582,31.34381162148585,31.66069221496582,300,0.0,0.0
2022-11-24 00:00:00-05:00,31.597314834594727,31.597314834594727,31.597314834594727,31.597314834594727,200,0.0,0.0
2022-11-25 00:00:00-05:00,31.678799287012986,31.68785143922401,31.217060089111328,31.217060089111328,1000,0.0,0.0
2022-11-28 00:00:00-05:00,30.963559053752043,32.5479516600465,30.963559053752043,31.66069221496582,2100,0.0,0.0
2022-11-29 00:00:00-05:00,31.65158231158002,31.66980995752071,31.37817457560567,31.432857513427734,4500,0.23,0.0
2022-11-30 00:00:00-05:00,31.441961533682687,32.079915071708506,31.42373389241714,31.897642135620117,8200,0.0,0.0
2022-12-01 00:00:00-05:00,32.79077884229988,32.79077884229988,31.84296226501465,31.84296226501465,7000,0.0,0.0
2022-12-02 00:00:00-05:00,31.897644151187112,32.125484466552734,31.770054130833135,32.125484466552734,5100,0.0,0.0
2022-12-05 00:00:00-05:00,31.58777514032315,31.988772767089504,31.341707229614258,31.341707229614258,3100,0.0,0.0
2022-12-06 00:00:00-05:00,31.21412386967348,31.25969123840332,31.21412386967348,31.25969123840332,3600,0.0,0.0
2022-12-07 00:00:00-05:00,31.542203903198242,31.542203903198242,31.542203903198242,31.542203903198242,100,0.0,0.0
2022-12-08 00:00:00-05:00,29.33671685065408,31.979665818057384,29.33671685065408,31.61511993408203,4700,0.0,0.0
2022-12-09 00:00:00-05:00,31.879412500580298,31.897640140705867,31.76093457804752,31.833845138549805,1100,0.0,0.0
2022-12-12 00:00:00-05:00,31.897641073997132,31.897641073997132,31.432848405179787,31.75182342529297,1300,0.0,0.0
2022-12-13 00:00:00-05:00,31.897639118709133,31.924978839738092,31.113868001255884,31.223230361938477,36800,0.0,0.0
2022-12-14 00:00:00-05:00,31.441953659057617,31.624226549495834,31.441953659057617,31.441953659057617,5900,0.0,0.0
2022-12-15 00:00:00-05:00,31.861184187647396,31.88852738554179,30.557937497007934,30.594392776489258,9900,0.0,0.0
2022-12-16 00:00:00-05:00,30.69464557161059,30.69464557161059,30.202509687992148,30.257192611694336,3600,0.0,0.0
2022-12-19 00:00:00-05:00,30.475914605656097,30.485030163734812,29.93821140571544,30.038461685180664,8800,0.0,0.0
2022-12-20 00:00:00-05:00,29.70126054920719,29.883533477783203,29.70126054920719,29.883533477783203,2300,0.0,0.0
2022-12-21 00:00:00-05:00,29.856189689357645,30.038462614335533,29.856189689357645,29.956439971923828,11900,0.0,0.0
2022-12-22 00:00:00-05:00,29.436970703812307,29.44608626412644,29.354948043823242,29.354948043823242,2000,0.0,0.0
2022-12-23 00:00:00-05:00,29.455194799183094,29.71037483215332,29.41873951545386,29.71037483215332,3600,0.0,0.0
2022-12-28 00:00:00-05:00,29.73771773979623,29.73771773979623,29.59190008288536,29.619239807128906,700,0.0,0.0
2022-12-29 00:00:00-05:00,29.701262749504615,29.71037483215332,29.58278481566821,29.71037483215332,4700,0.0,0.0
2022-12-30 00:00:00-05:00,29.71037483215332,29.71037483215332,29.71037483215332,29.71037483215332,0,0.0,0.0
2023-01-03 00:00:00-05:00,29.719490062528354,29.91999064425343,29.4551944732666,29.4551944732666,4300,0.0,0.0
2023-01-04 00:00:00-05:00,29.48253190046607,29.48253190046607,29.300262451171875,29.300262451171875,6200,0.0,0.0
2023-01-05 00:00:00-05:00,29.108874639122234,29.108874639122234,28.525602340698242,28.525602340698242,8700,0.0,0.0
2023-01-06 00:00:00-05:00,29.41873692797211,29.41873692797211,28.789898983503768,28.93571662902832,23200,0.0,0.0
2023-01-09 00:00:00-05:00,29.163562774658203,29.39140310883522,29.163562774658203,29.163562774658203,10300,0.0,0.0
2023-01-10 00:00:00-05:00,29.345835737313337,29.345835737313337,29.163562774658203,29.163562774658203,2800,0.0,0.0
2023-01-11 00:00:00-05:00,29.254689032336227,29.309371948242188,29.072417860832918,29.309371948242188,31700,0.0,0.0
2023-01-12 00:00:00-05:00,29.345829574157246,29.62834930419922,29.345829574157246,29.62834930419922,5700,0.0,0.0
2023-01-13 00:00:00-05:00,29.06330890372897,29.619239807128906,29.06330890372897,29.619239807128906,4600,0.0,0.0
2023-01-16 00:00:00-05:00,29.619239807128906,29.619239807128906,29.619239807128906,29.619239807128906,100,0.0,0.0
2023-01-17 00:00:00-05:00,29.254696266787228,30.002012252807617,29.254696266787228,30.002012252807617,3700,0.0,0.0
2023-01-18 00:00:00-05:00,30.175173146531776,30.175173146531776,30.166057586669925,30.166057586669922,2700,0.0,0.0
2023-01-19 00:00:00-05:00,30.08403530405357,30.08403530405357,29.710377306132486,29.901765823364258,3600,0.0,0.0
2023-01-20 00:00:00-05:00,29.8015079498291,29.8015079498291,29.8015079498291,29.8015079498291,100,0.0,0.0
2023-01-23 00:00:00-05:00,30.166057423491722,30.466808319091797,30.166057423491722,30.466808319091797,200,0.0,0.0
2023-01-24 00:00:00-05:00,30.53059688586528,30.62173160534566,30.53059688586528,30.57616424560547,400,0.0,0.0
2023-01-25 00:00:00-05:00,30.166054405524022,30.43946554746788,30.166054405524022,30.257192611694336,1000,0.0,0.0
2023-01-26 00:00:00-05:00,30.98627941702196,30.98627941702196,30.740211486816406,30.740211486816406,300,0.0,0.0
2023-01-27 00:00:00-05:00,30.639964199661247,30.80400950250876,30.639964199661247,30.785781860351562,400,0.0,0.0
2023-01-30 00:00:00-05:00,29.992896230928768,30.302759170532227,29.992896230928768,30.302759170532227,1600,0.0,0.0
2023-01-31 00:00:00-05:00,29.655692584116007,30.831349299167062,29.655692584116007,30.585281372070312,10600,0.0,0.0
2023-02-01 00:00:00-05:00,30.813121930280015,31.04096221923828,30.721983728756562,31.04096221923828,2300,0.0,0.0
2023-02-02 00:00:00-05:00,30.90425326863615,31.560434341430664,30.90425326863615,31.560434341430664,12100,0.0,0.0
2023-02-03 00:00:00-05:00,31.56043883410154,31.56043883410154,31.287031173706055,31.287031173706055,2300,0.0,0.0
2023-02-06 00:00:00-05:00,31.44196000421164,31.44196000421164,30.986279424440458,31.004507064819336,400,0.0,0.0
2023-02-07 00:00:00-05:00,31.122988217615283,31.18678322727582,30.940715271484912,31.077417373657227,4300,0.0,0.0
2023-02-08 00:00:00-05:00,31.296149052639194,31.37817171360702,31.296149052639194,31.350831985473633,1600,0.0,0.0
2023-02-09 00:00:00-05:00,31.132100928104418,31.49664682771458,31.132100928104418,31.168556213378906,900,0.0,0.0
2023-02-10 00:00:00-05:00,31.21412241474959,31.21412241474959,30.72198651164456,30.794897079467773,4900,0.0,0.0
2023-02-13 00:00:00-05:00,29.263809398891198,30.840463895990524,29.263809398891198,30.767553329467773,2700,0.0,0.0
2023-02-14 00:00:00-05:00,30.995390615579655,30.995390615579655,30.703755331032667,30.986278533935547,3900,0.0,0.0
2023-02-15 00:00:00-05:00,30.94070816040039,30.94070816040039,30.94070816040039,30.94070816040039,300,0.0,0.0
2023-02-16 00:00:00-05:00,30.986275828049802,31.16854873411634,30.986275828049802,31.031843185424805,5300,0.0,0.0
2023-02-17 00:00:00-05:00,31.022737781811493,31.022737781811493,30.685531616210938,30.685531616210938,800,0.0,0.0
2023-02-21 00:00:00-05:00,30.093146339390255,30.375669554488066,29.61923811240376,29.646577835083008,9900,0.0,0.0
2023-02-22 00:00:00-05:00,29.555446597105888,29.88353721425192,29.555446597105888,29.81974220275879,2100,0.0,0.0
2023-02-23 00:00:00-05:00,29.81974220275879,29.81974220275879,29.81974220275879,29.81974220275879,0,0.0,0.0
2023-02-24 00:00:00-05:00,30.074920585574738,30.084032668183834,29.701262620392406,29.746829986572266,1200,0.0,0.0
2023-02-27 00:00:00-05:00,29.967178871561682,30.205889982747475,29.967178871561682,30.169164657592773,2900,0.24,0.0
2023-02-28 00:00:00-05:00,29.875367046861648,30.205887946331416,29.875367046861648,30.196704864501953,2300,0.0,0.0
2023-03-01 00:00:00-05:00,31.729952456615532,31.729952456615532,30.178340911865234,30.178340911865234,800,0.0,0.0
2023-03-02 00:00:00-05:00,29.875365956588684,30.15997844116357,29.875365956588684,30.06816864013672,500,0.0,0.0
2023-03-03 00:00:00-05:00,30.44460068363557,30.720033645629883,30.435421102574484,30.720033645629883,400,0.0,0.0
2023-03-06 00:00:00-05:00,30.481316494754857,30.830200005579808,30.481316494754857,30.802654266357422,600,0.0,0.0
2023-03-07 00:00:00-05:00,30.75675201385398,30.95873777468715,30.75675201385398,30.89447021484375,4800,0.0,0.0
2023-03-08 00:00:00-05:00,30.76593731689756,30.76593731689756,30.756757736206055,30.756757736206055,1900,0.0,0.0
2023-03-09 00:00:00-05:00,30.72921549181155,30.756757736206055,30.72921549181155,30.756757736206055,5100,0.0,0.0
2023-03-10 00:00:00-05:00,30.573131816534936,30.582314898709928,30.518047332763672,30.518047332763672,5600,0.0,0.0
2023-03-13 00:00:00-04:00,31.65650212084852,31.65650212084852,30.573129653930664,30.573129653930664,6000,0.0,0.0
2023-03-14 00:00:00-04:00,30.62822259260505,30.756757736206055,30.57313460149605,30.756757736206055,3100,0.0,0.0
2023-03-15 00:00:00-04:00,30.316061369057117,30.490501403808594,30.297698707138068,30.490501403808594,7400,0.0,0.0
2023-03-16 00:00:00-04:00,30.462957931424253,30.57313039616806,30.462957931424253,30.527225494384766,1000,0.0,0.0
2023-03-17 00:00:00-04:00,30.527225494384766,30.527225494384766,30.527225494384766,30.527225494384766,0,0.0,0.0
2023-03-20 00:00:00-04:00,30.371145682779655,30.60067367553711,30.371145682779655,30.60067367553711,800,0.0,0.0
2023-03-21 00:00:00-04:00,30.75675349861403,30.75675349861403,30.57313038920318,30.66494369506836,1600,0.0,0.0
2023-03-22 00:00:00-04:00,30.747573050358856,30.756752629526236,30.73838996887207,30.73838996887207,1700,0.0,0.0
2023-03-23 00:00:00-04:00,31.114814260538388,31.114814260538388,30.435413360595703,30.435413360595703,900,0.0,0.0
2023-03-24 00:00:00-04:00,30.279332500142942,30.380325377713728,30.279332500142942,30.29769515991211,700,0.0,0.0
2023-03-27 00:00:00-04:00,30.297697556779305,30.39869044233969,30.297697556779305,30.30687713623047,30700,0.0,0.0
2023-03-28 00:00:00-04:00,30.279335917148718,30.389508385877367,29.756012312788094,29.930452346801758,3700,0.0,0.0
2023-03-29 00:00:00-04:00,30.086528712131216,30.086528712131216,29.912088704261425,30.03144073486328,1700,0.0,0.0
2023-03-30 00:00:00-04:00,30.242609216030047,30.242609216030047,30.132436752319336,30.132436752319336,1500,0.0,0.0
2023-03-31 00:00:00-04:00,31.114816718394046,31.114816718394046,30.279334895557458,30.30687713623047,1800,0.0,0.0
2023-04-03 00:00:00-04:00,29.86618644290574,30.527228296689174,29.86618644290574,30.316062927246094,1800,0.0,0.0
2023-04-04 00:00:00-04:00,30.738392086236264,30.738392086236264,30.490501403808594,30.490501403808594,1000,0.0,0.0
2023-04-05 00:00:00-04:00,31.151540337110784,31.151540337110784,30.25179100036621,30.25179100036621,1300,0.0,0.0
2023-04-06 00:00:00-04:00,30.260969780279886,30.380325317382812,30.260969780279886,30.380325317382812,900,0.0,0.0
2023-04-10 00:00:00-04:00,30.306877810894036,30.343603134155273,30.132437778882565,30.343603134155273,10500,0.0,0.0
2023-04-11 00:00:00-04:00,30.169166506990035,30.756757736206055,30.169166506990035,30.756757736206055,700,0.0,0.0
2023-04-12 00:00:00-04:00,30.407869940965366,30.66494369506836,30.407869940965366,30.66494369506836,700,0.0,0.0
2023-04-13 00:00:00-04:00,30.811842453975107,30.821022033691406,30.811842453975107,30.821022033691406,800,0.0,0.0
2023-04-14 00:00:00-04:00,30.316060630334444,30.66494419365568,30.316060630334444,30.536405563354492,6000,0.0,0.0
2023-04-17 00:00:00-04:00,30.53640662727608,30.940378189086914,30.53640662727608,30.940378189086914,1000,0.0,0.0
2023-04-18 00:00:00-04:00,31.032192862585354,31.206636428833008,31.032192862585354,31.206636428833008,1200,0.0,0.0
2023-04-19 00:00:00-04:00,31.206628309165854,31.206628309165854,30.94955456851014,31.059730529785156,900,0.0,0.0
2023-04-20 00:00:00-04:00,30.729212828285654,30.986283093205504,30.729212828285654,30.940378189086914,500,0.0,0.0
2023-04-21 00:00:00-04:00,30.931196341617422,31.05973498152818,30.903654098510742,30.903654098510742,2300,0.0,0.0
2023-04-24 00:00:00-04:00,30.646578201677645,30.93119066775834,30.628215542201605,30.683300018310547,2200,0.0,0.0
2023-04-25 00:00:00-04:00,30.297695775542437,30.417051315307617,30.297695775542437,30.417051315307617,700,0.0,0.0
2023-04-26 00:00:00-04:00,30.306875354453922,30.472135793415152,30.306875354453922,30.417051315307617,5800,0.0,0.0
2023-04-27 00:00:00-04:00,30.573129653930664,30.573129653930664,30.573129653930664,30.573129653930664,200,0.0,0.0
2023-04-28 00:00:00-04:00,30.31606431429404,30.756757736206055,30.31606431429404,30.756757736206055,1100,0.0,0.0
2023-05-01 00:00:00-04:00,30.986282348632812,30.986282348632812,30.986282348632812,30.986282348632812,100,0.0,0.0
2023-05-02 00:00:00-04:00,30.80266018778654,31.01382555005058,30.609857487761076,30.692487716674805,3000,0.0,0.0
2023-05-03 00:00:00-04:00,30.894466784184598,31.08726944230514,30.894466784184598,31.068906784057617,1400,0.0,0.0
2023-05-04 00:00:00-04:00,30.664939579521626,30.857742242483162,30.554763627270145,30.802654266357422,3800,0.0,0.0
2023-05-05 00:00:00-04:00,31.03218241346967,31.44533348083496,31.03218241346967,31.44533348083496,5400,0.0,0.0
2023-05-08 00:00:00-04:00,30.98627927457542,31.537145060751282,30.98627927457542,31.472877502441406,1700,0.0,0.0
2023-05-09 00:00:00-04:00,31.785033912971286,31.785033912971286,31.399428584976384,31.44533348083496,1100,0.0,0.0
2023-05-10 00:00:00-04:00,31.491243362426758,31.491243362426758,31.491243362426758,31.491243362426758,200,0.0,0.0
2023-05-11 00:00:00-04:00,31.270893029346446,31.325977502662948,31.09644952432684,31.215805053710938,1900,0.0,0.0
2023-05-12 00:00:00-04:00,31.243347290369186,31.243347290369186,31.215805053710938,31.215805053710938,500,0.0,0.0
2023-05-15 00:00:00-04:00,30.995461530161602,31.344345092773438,30.995461530161602,31.344345092773438,300,0.0,0.0
2023-05-16 00:00:00-04:00,31.050550878371336,31.21581133621925,31.050550878371336,31.14236068725586,400,0.0,0.0
2023-05-17 00:00:00-04:00,31.28007968909536,31.325984594691395,31.15154455249854,31.289262771606445,2400,0.0,0.0
2023-05-18 00:00:00-04:00,31.261709213256836,31.261709213256836,31.261709213256836,31.261709213256836,100,0.0,0.0
2023-05-19 00:00:00-04:00,31.261710440348324,31.45451310462495,31.224985122680664,31.224985122680664,1000,0.0,0.0
2023-05-23 00:00:00-04:00,31.041365051010334,31.224984631824018,31.041365051010334,31.215805053710938,1500,0.0,0.0
2023-05-24 00:00:00-04:00,30.76593590926662,30.76593590926662,30.316062927246094,30.316062927246094,1600,0.0,0.0
2023-05-25 00:00:00-04:00,30.32523819160384,30.894470152379256,30.32523819160384,30.83938217163086,3300,0.0,0.0
2023-05-26 00:00:00-04:00,30.802660302953818,31.261716353675393,30.802660302953818,31.25253677368164,4900,0.0,0.0
2023-05-29 00:00:00-04:00,31.087272821704104,31.371885299682617,31.07808974042261,31.371885299682617,1400,0.0,0.0
2023-05-30 00:00:00-04:00,31.482838299136205,31.482838299136205,31.06676483154297,31.06676483154297,6600,0.24,0.0
2023-05-31 00:00:00-04:00,31.112996466759824,31.12224097577706,30.743152618408203,30.743152618408203,4000,0.0,0.0
2023-06-01 00:00:00-04:00,30.789385553801072,31.131488857984216,30.789385553801072,30.835615158081055,1700,0.0,0.0
2023-06-02 00:00:00-04:00,31.168473854637973,31.621532440185547,31.168473854637973,31.621532440185547,2600,0.0,0.0
2023-06-05 00:00:00-04:00,31.621529564113477,31.898910690788814,31.621529564113477,31.769466400146484,1500,0.0,0.0
2023-06-06 00:00:00-04:00,31.80645444933134,32.09308011181564,31.80645444933134,32.08383560180664,3100,0.0,0.0
2023-06-07 00:00:00-04:00,32.083834324696355,32.083834324696355,31.658516339358005,31.667760848999023,10900,0.0,0.0
2023-06-08 00:00:00-04:00,31.362639830320955,31.713991165161133,31.362639830320955,31.713991165161133,1000,0.0,0.0
2023-06-09 00:00:00-04:00,31.538316726684574,31.538316726684574,31.538316726684574,31.53831672668457,100,0.0,0.0
2023-06-12 00:00:00-04:00,31.61229133605957,31.61229133605957,31.61229133605957,31.61229133605957,100,0.0,0.0
2023-06-13 00:00:00-04:00,32.25026894285102,32.25026894285102,31.769473240450253,32.05609893798828,600,0.0,0.0
2023-06-14 00:00:00-04:00,32.05608873535903,32.23176613493586,32.05608873535903,32.20402908325195,2900,0.0,0.0
2023-06-15 00:00:00-04:00,32.35196922904381,32.59236526489258,32.176291811411645,32.59236526489258,3900,0.0,0.0
2023-06-16 00:00:00-04:00,32.638600087473336,32.638600087473336,32.314989309145865,32.453678131103516,1200,0.0,0.0
2023-06-19 00:00:00-04:00,32.453678131103516,32.453678131103516,32.453678131103516,32.453678131103516,400,0.0,0.0
2023-06-20 00:00:00-04:00,32.36121379895344,32.36121379895344,32.00061798095703,32.00061798095703,1400,0.0,0.0
2023-06-21 00:00:00-04:00,31.824938988623096,31.852679568929847,31.741727828979492,31.741727828979492,2200,0.0,0.0
2023-06-22 00:00:00-04:00,31.501334717966266,31.501334717966266,31.26093864440918,31.26093864440918,300,0.0,0.0
2023-06-23 00:00:00-04:00,31.427366848946725,31.427366848946725,31.131489614758376,31.307167053222656,1800,0.0,0.0
2023-06-26 00:00:00-04:00,31.32566070025671,31.32566070025671,31.13149070739746,31.13149070739746,300,0.0,0.0
2023-06-27 00:00:00-04:00,31.42736510223904,31.86192760139328,31.42736510223904,31.70474624633789,1600,0.0,0.0
2023-06-28 00:00:00-04:00,31.39962540240674,31.621532440185547,31.39962540240674,31.621532440185547,700,0.0,0.0
2023-06-29 00:00:00-04:00,31.39962740804296,31.7879638671875,31.39962740804296,31.7879638671875,400,0.0,0.0
2023-06-30 00:00:00-04:00,32.17629131219012,32.21327640239068,32.111569167885314,32.157798767089844,3000,0.0,0.0
2023-07-04 00:00:00-04:00,32.17629864101842,32.37046511815836,32.17629864101842,32.31499099731445,3100,0.0,0.0
2023-07-05 00:00:00-04:00,32.32423561324714,32.48142051936525,31.99137677873175,32.05609893798828,3400,0.0,0.0
2023-07-06 00:00:00-04:00,32.176292891020516,32.176292891020516,31.556808471679688,31.556808471679688,7400,0.0,0.0
2023-07-07 00:00:00-04:00,31.35339929131238,31.8989171459058,31.35339929131238,31.815702438354492,3500,0.0,0.0
2023-07-10 00:00:00-04:00,31.46435105901642,31.954394793304367,31.46435105901642,31.815702438354492,3300,0.0,0.0
2023-07-11 00:00:00-04:00,31.861924959396777,32.03760237352984,31.861924959396777,31.991369247436523,3900,0.0,0.0
2023-07-12 00:00:00-04:00,32.36121899795463,32.36121899795463,32.314989390519,32.35197448730469,3200,0.0,0.0
2023-07-13 00:00:00-04:00,32.37046022921539,32.629352353394374,32.36121571950199,32.527645111083984,1300,0.0,0.0
2023-07-14 00:00:00-04:00,32.7588005065918,32.7588005065918,32.7588005065918,32.7588005065918,800,0.0,0.0
2023-07-17 00:00:00-04:00,32.28724355664243,32.63859486481437,32.28724355664243,32.59236526489258,1000,0.0,0.0
2023-07-18 00:00:00-04:00,32.971453020258444,33.00843811035156,32.78653109688517,33.00843811035156,3200,0.0,0.0
2023-07-19 00:00:00-04:00,32.842009985468394,33.28582050224726,32.842009985468394,33.230342864990234,3300,0.0,0.0
2023-07-20 00:00:00-04:00,33.378280596283325,33.378280596283325,33.05466985469674,33.14712905883789,2600,0.0,0.0
2023-07-21 00:00:00-04:00,32.37046582478797,33.28582763671875,32.37046582478797,33.28582763671875,5500,0.0,0.0
2023-07-24 00:00:00-04:00,33.156378096087664,33.193363189697266,33.14713005913893,33.193363189697266,1300,0.0,0.0
2023-07-25 00:00:00-04:00,33.387533487334146,33.49848525385387,33.387533487334146,33.42451858520508,5200,0.0,0.0
2023-07-26 00:00:00-04:00,33.766621330355086,33.766621330355086,33.42451799878372,33.58169937133789,1600,0.0,0.0
2023-07-27 00:00:00-04:00,33.553964316961356,33.748130798339844,33.5169792175293,33.5169792175293,4200,0.0,0.0
2023-07-28 00:00:00-04:00,33.47998583816388,33.7018928527832,33.47998583816388,33.7018928527832,700,0.0,0.0
2023-07-31 00:00:00-04:00,33.70189213494685,34.10871753814268,33.655662536621094,33.655662536621094,1700,0.0,0.0
2023-08-01 00:00:00-04:00,33.66491460260773,33.988525390625,33.655670091704266,33.988525390625,1800,0.0,0.0
2023-08-02 00:00:00-04:00,33.516974691170226,33.5262192012332,33.47074508666992,33.47074508666992,2600,0.0,0.0
2023-08-03 00:00:00-04:00,33.28582763671875,33.28582763671875,33.28582763671875,33.28582763671875,200,0.0,0.0
2023-08-04 00:00:00-04:00,33.14712905883789,33.40602117919971,33.14712905883789,33.14712905883789,1200,0.0,0.0
2023-08-08 00:00:00-04:00,33.65566392751008,33.65566392751008,32.69407272338867,32.69407272338867,8100,0.0,0.0
2023-08-09 00:00:00-04:00,32.62934875488281,32.62934875488281,32.62934875488281,32.62934875488281,100,0.0,0.0
2023-08-10 00:00:00-04:00,32.694080746308195,33.14713587773005,32.694080746308195,32.89749526977539,1100,0.0,0.0
2023-08-11 00:00:00-04:00,32.89749526977539,32.89749526977539,32.89749526977539,32.89749526977539,100,0.0,0.0
2023-08-14 00:00:00-04:00,32.69407955937429,32.74955368041992,32.69407955937429,32.74955368041992,300,0.0,0.0
2023-08-15 00:00:00-04:00,32.79578498487022,32.79578498487022,32.44443362047685,32.453678131103516,2100,0.0,0.0
2023-08-16 00:00:00-04:00,32.573875427246094,32.62010503101078,32.453675635783775,32.573875427246094,3600,0.0,0.0
2023-08-17 00:00:00-04:00,32.573875427246094,32.573875427246094,32.573875427246094,32.573875427246094,900,0.0,0.0
2023-08-18 00:00:00-04:00,32.59236526489258,32.59236526489258,32.58312075574517,32.59236526489258,4900,0.0,0.0
2023-08-21 00:00:00-04:00,32.69407836234795,32.989952087402344,32.69407836234795,32.989952087402344,1100,0.0,0.0
2023-08-22 00:00:00-04:00,32.989947662916855,33.11939195938095,32.79578121822071,32.915977478027344,3500,0.0,0.0
2023-08-23 00:00:00-04:00,33.1471271885694,33.3412971496582,33.1471271885694,33.3412971496582,300,0.0,0.0
2023-08-24 00:00:00-04:00,33.51697465969347,33.56320426415036,33.239593505859375,33.239593505859375,6800,0.0,0.0
2023-08-25 00:00:00-04:00,33.28581363248157,33.28581363248157,33.09164723279411,33.174861907958984,7600,0.0,0.0
2023-08-28 00:00:00-04:00,33.39677618546971,34.07173831305829,33.35979461669922,33.35979461669922,2900,0.0,0.0
2023-08-29 00:00:00-04:00,33.42451424155106,33.81284713745117,33.42451424155106,33.81284713745117,2200,0.0,0.0
2023-08-30 00:00:00-04:00,34.036220421220555,34.49227197370182,34.01760570985467,34.361968994140625,8400,0.24,0.0
2023-08-31 00:00:00-04:00,34.80870519118215,34.80870519118215,34.250274658203125,34.250274658203125,4800,0.0,0.0
2023-09-01 00:00:00-04:00,34.52948814949655,34.52948814949655,34.250274658203125,34.250274658203125,7200,0.0,0.0
2023-09-05 00:00:00-04:00,34.20374405220763,34.20374405220763,32.20270726573096,33.971065521240234,4300,0.0,0.0
2023-09-06 00:00:00-04:00,33.794231195792435,33.794231195792435,33.636007948156134,33.64531707763672,3300,0.0,0.0
2023-09-07 00:00:00-04:00,33.86869256165154,33.86869256165154,33.17996597290039,33.17996597290039,1300,0.0,0.0
2023-09-08 00:00:00-04:00,33.64532320909799,33.738393218508975,33.58017349243164,33.58017349243164,5500,0.0,0.0
2023-09-11 00:00:00-04:00,33.50570674286385,33.75699996948242,33.50570674286385,33.75699996948242,1800,0.0,0.0
2023-09-12 00:00:00-04:00,33.60808787829583,33.79423141479492,33.60808787829583,33.79423141479492,2600,0.0,0.0
2023-09-13 00:00:00-04:00,34.03622369870544,34.03622369870544,33.64532537356018,33.84077453613281,2200,0.0,0.0
2023-09-14 00:00:00-04:00,33.961753845214844,33.961753845214844,33.961753845214844,33.961753845214844,4800,0.0,0.0
2023-09-15 00:00:00-04:00,34.1851315931386,34.1851315931386,34.08275246471336,34.15721130371094,8200,0.0,0.0
2023-09-18 00:00:00-04:00,33.6453175117985,33.943145751953125,33.60808809418101,33.943145751953125,7300,0.0,0.0
2023-09-19 00:00:00-04:00,33.55225235423104,33.561561486158595,33.235809326171875,33.235809326171875,2600,0.0,0.0
2023-09-20 00:00:00-04:00,33.375415611925,33.41264503629365,33.22650146484375,33.22650146484375,3300,0.0,0.0
2023-09-21 00:00:00-04:00,33.189272558997864,33.189272558997864,32.62153625488281,32.62153625488281,1100,0.0,0.0
2023-09-22 00:00:00-04:00,32.85421264280247,33.01243591308594,32.85421264280247,33.01243591308594,1500,0.0,0.0
2023-09-25 00:00:00-04:00,32.993825497126366,33.09620464703914,32.80768191095711,33.05897521972656,4800,0.0,0.0
2023-09-26 00:00:00-04:00,32.77044782140036,32.77044782140036,32.71460723876953,32.71460723876953,500,0.0,0.0
2023-09-27 00:00:00-04:00,32.71461022939462,32.84490966796875,32.668071672423785,32.84490966796875,2400,0.0,0.0
2023-09-28 00:00:00-04:00,33.01243487011864,33.068275451660156,33.01243487011864,33.068275451660156,1100,0.0,0.0
2023-09-29 00:00:00-04:00,32.77975377287583,33.2637255609647,32.77975377287583,33.161346435546875,1900,0.0,0.0
2023-10-02 00:00:00-04:00,34.17582910444203,34.17582910444203,32.733219146728516,32.733219146728516,1600,0.0,0.0
2023-10-03 00:00:00-04:00,32.58430058631406,32.58430058631406,32.016567941378085,32.21201705932617,5900,0.0,0.0
2023-10-04 00:00:00-04:00,32.02588058393966,32.23994445800781,32.016575002629516,32.23994445800781,4200,0.0,0.0
2023-10-05 00:00:00-04:00,32.314401617258845,32.33301632929748,31.95142360848877,32.02587890625,2500,0.0,0.0
2023-10-06 00:00:00-04:00,31.681518603550185,32.10964636971863,31.653594757656677,32.08172607421875,1200,0.0,0.0
2023-10-10 00:00:00-04:00,32.13756460387595,32.723915624519584,32.13756460387595,32.69599533081055,3200,0.0,0.0
2023-10-11 00:00:00-04:00,32.14687203582941,32.62153475575555,32.14687203582941,32.5563850402832,6700,0.0,0.0
2023-10-12 00:00:00-04:00,32.52846324720525,32.52846324720525,32.28647555770752,32.491233825683594,2700,0.0,0.0
2023-10-13 00:00:00-04:00,32.49124373338477,32.50054931640625,32.47262901694767,32.50054931640625,3800,0.0,0.0
2023-10-16 00:00:00-04:00,32.519157149710104,32.547080993652344,32.519157149710104,32.547080993652344,500,0.0,0.0
2023-10-17 00:00:00-04:00,32.31440467110077,32.31440467110077,32.08172607421875,32.08172607421875,600,0.0,0.0
2023-10-18 00:00:00-04:00,31.644283785250803,31.84904205175172,31.42091080812316,31.690818786621094,2000,0.0,0.0
2023-10-19 00:00:00-04:00,31.718746900652533,31.718746900652533,31.48606831206345,31.551218032836914,1800,0.0,0.0
2023-10-20 00:00:00-04:00,31.337148807944633,31.337148807944633,30.93694492490886,31.01140022277832,1700,0.0,0.0
2023-10-23 00:00:00-04:00,30.78803089165371,31.048629760742188,30.778721760390088,31.048629760742188,500,0.0,0.0
2023-10-24 00:00:00-04:00,30.825254440307617,30.85317828159882,30.825254440307617,30.825254440307617,400,0.0,0.0
2023-10-25 00:00:00-04:00,30.88109886258573,30.88109886258573,30.722875595092773,30.722875595092773,1900,0.0,0.0
2023-10-26 00:00:00-04:00,30.71356532943875,30.722870908274956,30.44365738808584,30.667030334472656,3400,0.0,0.0
2023-10-27 00:00:00-04:00,31.15100381223055,31.15100381223055,30.518117904663086,30.518117904663086,700,0.0,0.0
2023-10-30 00:00:00-04:00,30.434359307636626,30.55535316467285,30.42505017611431,30.55535316467285,2100,0.0,0.0
2023-10-31 00:00:00-04:00,30.45296940131203,30.45296940131203,30.238905563881396,30.322669982910156,2200,0.0,0.0
2023-11-01 00:00:00-04:00,30.257521496277324,30.704267501831055,30.248215915091944,30.704267501831055,1100,0.0,0.0
2023-11-02 00:00:00-04:00,30.70426318574194,31.458139419555664,30.70426318574194,31.458139419555664,900,0.0,0.0
2023-11-03 00:00:00-04:00,31.81181597222081,31.81181597222081,31.523293252787827,31.644287109375,1600,0.0,0.0
2023-11-06 00:00:00-05:00,31.737351410616757,32.03517965754861,31.737351410616757,32.007259368896484,1100,0.0,0.0
2023-11-07 00:00:00-05:00,32.10033423183387,32.10033423183387,31.476753873345626,31.48606300354004,1100,0.0,0.0
2023-11-08 00:00:00-05:00,31.439531413143467,31.765283584594727,31.439531413143467,31.765283584594727,200,0.0,0.0
2023-11-09 00:00:00-05:00,31.495368839850716,31.867655942015396,31.458139419555664,31.458139419555664,4300,0.0,0.0
2023-11-10 00:00:00-05:00,31.625675136998005,31.783898432458695,31.51399040222168,31.51399040222168,1900,0.0,0.0
2023-11-13 00:00:00-05:00,31.653590605712107,31.78389358520508,31.653590605712107,31.783893585205078,1600,0.0,0.0
2023-11-14 00:00:00-05:00,32.24925482003093,32.51915929304385,32.128260956022196,32.3330192565918,1400,0.0,0.0
2023-11-15 00:00:00-05:00,32.454004404161935,32.5749982489108,32.454004404161935,32.491233825683594,8900,0.0,0.0
2023-11-16 00:00:00-05:00,32.24924850463867,32.295783504638706,31.98864611393123,32.24924850463867,5600,0.0,0.0
2023-11-17 00:00:00-05:00,31.68151470628178,32.407470703125,31.68151470628178,32.407470703125,900,0.0,0.0
2023-11-20 00:00:00-05:00,32.407467664443814,32.407467664443814,32.3237032457089,32.35162353515625,1200,0.0,0.0
2023-11-21 00:00:00-05:00,32.314399977091185,32.342320268535346,32.193406130177955,32.286476135253906,3100,0.0,0.0
2023-11-22 00:00:00-05:00,31.997957798045142,32.360935797566135,31.997957798045142,32.15617752075195,2000,0.0,0.0
2023-11-23 00:00:00-05:00,32.15617752075195,32.15617752075195,32.15617752075195,32.15617752075195,0,0.0,0.0
2023-11-24 00:00:00-05:00,32.11894305634584,32.11894305634584,31.737350405153997,31.988643646240234,1700,0.0,0.0
2023-11-27 00:00:00-05:00,31.783892339754704,32.333013876867426,31.690818786621094,31.690818786621094,14700,0.0,0.0
2023-11-28 00:00:00-05:00,31.91419219970703,31.91419219970703,31.91419219970703,31.91419219970703,100,0.0,0.0
2023-11-29 00:00:00-05:00,31.8673339292014,32.19537858359928,31.8673339292014,32.15789031982422,14600,0.24,0.0
2023-11-30 00:00:00-05:00,32.0547839729886,32.223493644589965,31.961054391311208,32.14850997924805,3700,0.0,0.0
2023-12-01 00:00:00-05:00,32.223493644589965,32.223493644589965,32.04540922711189,32.14850997924805,7800,0.0,0.0
2023-12-04 00:00:00-05:00,31.6986216014562,32.317222595214844,31.6986216014562,32.317222595214844,3000,0.0,0.0
2023-12-05 00:00:00-05:00,32.10164744609451,32.41094970703125,32.10164744609451,32.41094970703125,500,0.0,0.0
2023-12-06 00:00:00-05:00,32.664014595559784,32.710881180465165,32.0547883213927,32.195377349853516,8600,0.0,0.0
2023-12-07 00:00:00-05:00,32.19537298237776,32.19537298237776,32.101646976118325,32.14850997924805,1500,0.0,0.0
2023-12-08 00:00:00-05:00,32.20474772825448,32.20474772825448,32.08290105978285,32.14850997924805,5600,0.0,0.0
2023-12-11 00:00:00-05:00,32.05478849035704,32.05478849035704,31.86733287600274,31.92357063293457,3800,0.0,0.0
2023-12-12 00:00:00-05:00,31.923569168770776,31.923569168770776,31.698621726779066,31.839214324951172,11500,0.0,0.0
2023-12-13 00:00:00-05:00,31.96106089607279,32.26098846764624,31.96106089607279,32.05479049682617,18100,0.0,0.0
2023-12-14 00:00:00-05:00,32.64526711347474,32.795230865478516,32.50467453172587,32.795230865478516,9900,0.0,0.0
2023-12-15 00:00:00-05:00,32.57965813623333,32.57965813623333,32.12039566040039,32.12039566040039,5400,0.0,0.0
2023-12-18 00:00:00-05:00,32.33596746755376,32.33596746755376,32.19537487448408,32.28910446166992,8800,0.0,0.0
2023-12-19 00:00:00-05:00,32.57028042788854,32.57028042788854,32.18599812556901,32.27972412109375,9200,0.0,0.0
2023-12-20 00:00:00-05:00,32.24224080839955,32.50467649641417,31.970430374145508,31.970430374145508,9400,0.0,0.0
2023-12-21 00:00:00-05:00,32.25160703751984,32.289098865896754,32.25160703751984,32.27972412109375,1200,0.0,0.0
2023-12-22 00:00:00-05:00,32.78585942619394,32.78585942619394,32.39220587826655,32.467185974121094,1400,0.0,0.0
2023-12-27 00:00:00-05:00,32.75774034222772,32.80460334621013,32.54216766357422,32.54216766357422,1500,0.0,0.0
2023-12-28 00:00:00-05:00,32.35471542208107,32.682760059340154,32.35471542208107,32.62652587890625,2600,0.0,0.0
2023-12-29 00:00:00-05:00,32.54216920368308,32.57028629231961,32.41095135615503,32.55154037475586,700,0.0,0.0
2024-01-02 00:00:00-05:00,32.542171975068406,32.607780904419876,32.5234260559082,32.5234260559082,2000,0.0,0.0
2024-01-03 00:00:00-05:00,31.895445962215728,32.22349414000319,31.895445962215728,32.129764556884766,1000,0.0,0.0
2024-01-04 00:00:00-05:00,32.289104625522555,32.485931396484375,32.289104625522555,32.485931396484375,2600,0.0,0.0
2024-01-05 00:00:00-05:00,32.79523797958707,32.80460915187483,32.31722595828245,32.401580810546875,8000,0.0,0.0
2024-01-08 00:00:00-05:00,32.139143651670246,32.729624015833465,32.139143651670246,32.5234260559082,13900,0.0,0.0
2024-01-09 00:00:00-05:00,32.08290643174044,32.664015633769324,32.08290643174044,32.570289611816406,8400,0.0,0.0
2024-01-10 00:00:00-05:00,32.62652180633173,33.22637682553966,32.61714706048401,32.9077033996582,2700,0.0,0.0
2024-01-11 00:00:00-05:00,32.71087950152921,33.010807037353516,32.60777874069869,33.010807037353516,1500,0.0,0.0
2024-01-12 00:00:00-05:00,32.98268470767618,33.13264846801758,32.98268470767618,33.13264846801758,1300,0.0,0.0
2024-01-15 00:00:00-05:00,33.273243549793314,33.648154766437194,33.207634623193385,33.38571548461914,2800,0.0,0.0
2024-01-16 00:00:00-05:00,33.33884492414852,33.535671659361164,33.33884492414852,33.451316833496094,2300,0.0,0.0
2024-01-17 00:00:00-05:00,32.9077033996582,32.963937573072734,32.785856731563484,32.9077033996582,5600,0.0,0.0
2024-01-18 00:00:00-05:00,33.05766296386719,33.05766296386719,33.05766296386719,33.05766296386719,300,0.0,0.0
2024-01-19 00:00:00-05:00,33.44195017776844,33.44195017776844,33.085784912109375,33.085784912109375,1400,0.0,0.0
2024-01-22 00:00:00-05:00,32.95457047519203,33.741881179053344,32.95457047519203,33.58254623413086,4700,0.0,0.0
2024-01-23 00:00:00-05:00,33.441950552908985,33.82623291015625,33.441950552908985,33.82623291015625,11600,0.0,0.0
2024-01-24 00:00:00-05:00,33.67626694804554,34.182395944122064,33.629403946649816,33.90121078491211,26600,0.0,0.0
2024-01-25 00:00:00-05:00,33.891840900448386,33.9293327331543,33.648151138695866,33.9293327331543,10800,0.0,0.0
2024-01-26 00:00:00-05:00,33.74188049292008,33.83560650856643,33.66689682006836,33.66689682006836,4000,0.0,0.0
2024-01-29 00:00:00-05:00,33.39508754844821,33.88247066076001,33.39508754844821,33.82623291015625,1800,0.0,0.0
2024-01-30 00:00:00-05:00,33.741869411048214,33.97618794862494,33.64814342618438,33.7981071472168,8100,0.0,0.0
2024-01-31 00:00:00-05:00,34.379218978476615,34.379218978476615,33.50755366016481,33.55441665649414,2100,0.0,0.0
2024-02-01 00:00:00-05:00,33.282607048847815,33.57316335353769,33.24511879616003,33.320098876953125,17900,0.0,0.0
2024-02-02 00:00:00-05:00,32.626520045060346,34.08866568159447,32.626520045060346,33.72312927246094,5400,0.0,0.0
2024-02-05 00:00:00-05:00,32.64526901040049,33.7418783402582,32.64526901040049,33.54505157470703,9100,0.0,0.0
2024-02-06 00:00:00-05:00,33.51693294537086,33.74188038780696,33.385715093707425,33.53567886352539,11500,0.0,0.0
2024-02-07 00:00:00-05:00,33.441951367437326,33.601286301568415,33.441951367437326,33.591915130615234,8300,0.0,0.0
2024-02-08 00:00:00-05:00,33.51693388688318,33.55442572424541,33.404461950214866,33.432579040527344,4300,0.0,0.0
2024-02-09 00:00:00-05:00,33.96682893208766,33.976200103759766,33.96682893208766,33.976200103759766,400,0.0,0.0
2024-02-12 00:00:00-05:00,33.976188934264464,34.1167814910559,33.741870389890224,33.760616302490234,9200,0.0,0.0
2024-02-13 00:00:00-05:00,34.64166308680151,34.64166308680151,32.917077942198745,32.992061614990234,4300,0.0,0.0
2024-02-14 00:00:00-05:00,33.376342064401896,33.741878509521484,33.376342064401896,33.741878509521484,7200,0.0,0.0
2024-02-15 00:00:00-05:00,33.45132117754187,34.21051470891765,33.45132117754187,33.77936935424805,11300,0.0,0.0
2024-02-16 00:00:00-05:00,33.53566913966922,34.66977361895954,33.53566913966922,33.95744323730469,7300,0.0,0.0
2024-02-20 00:00:00-05:00,33.835603793299434,33.835603793299434,33.3388495144848,33.49818801879883,1000,0.0,0.0
2024-02-21 00:00:00-05:00,33.36697006225586,33.36697006225586,33.273244044410795,33.36697006225586,1300,0.0,0.0
2024-02-22 00:00:00-05:00,33.73250637794555,34.44483333078605,33.2826115309307,34.38859558105469,8000,0.0,0.0
2024-02-23 00:00:00-05:00,34.15427551683289,34.49169484986116,34.15427551683289,34.44483184814453,3900,0.0,0.0
2024-02-26 00:00:00-05:00,34.27611887480797,34.45419969431777,34.27611887480797,34.426082611083984,3300,0.0,0.0
2024-02-27 00:00:00-05:00,34.38859148214351,34.88534927368164,34.37922031268094,34.88534927368164,8600,0.0,0.0
2024-02-28 00:00:00-05:00,34.55508742943817,34.77211786424211,34.51734566656487,34.6683235168457,5800,0.25,0.0
2024-02-29 00:00:00-05:00,34.44185061910025,34.90422225232934,34.44185061910025,34.828731536865234,7700,0.0,0.0
2024-03-01 00:00:00-05:00,34.68719344989397,34.92309657172284,34.460728468712006,34.7060661315918,3700,0.0,0.0
2024-03-04 00:00:00-05:00,34.48902674890802,34.76267516317909,34.48902674890802,34.72492980957031,4400,0.0,0.0
2024-03-05 00:00:00-05:00,34.573958034179064,34.573958034179064,34.34749307215713,34.38523483276367,3500,0.0,0.0
2024-03-06 00:00:00-05:00,34.36636734008789,34.6117086188396,34.224827617358414,34.36636734008789,8900,0.0,0.0
2024-03-07 00:00:00-05:00,34.36636397010349,34.81930111729196,34.36636397010349,34.772117614746094,1400,0.0,0.0
2024-03-08 00:00:00-05:00,34.67776174215417,34.67776174215417,34.262573509667384,34.30975341796875,1400,0.0,0.0
2024-03-11 00:00:00-04:00,34.08327753847607,34.58339453851475,33.771887330523214,34.25312805175781,10000,0.0,0.0
2024-03-12 00:00:00-04:00,34.168202218342955,34.526775918062135,34.168202218342955,34.26256561279297,2900,0.0,0.0
2024-03-13 00:00:00-04:00,34.27200188156869,34.27200188156869,33.771888464335376,33.9794807434082,8500,0.0,0.0
2024-03-14 00:00:00-04:00,34.2153868621344,34.451289981590804,33.82850589020974,33.83794403076172,4800,0.0,0.0
2024-03-15 00:00:00-04:00,33.83795092065035,34.253139199577326,33.73415295101944,33.743587493896484,13700,0.0,0.0
2024-03-18 00:00:00-04:00,34.20594930191884,34.20594930191884,33.9794807434082,33.9794807434082,2500,0.0,0.0
2024-03-19 00:00:00-04:00,34.06440793490275,34.15877133946562,33.507676446567196,33.80019760131836,20800,0.0,0.0
2024-03-20 00:00:00-04:00,33.611474630054495,34.06440817637957,33.611474630054495,33.951175689697266,5200,0.0,0.0
2024-03-21 00:00:00-04:00,34.22482148555401,35.121253967285156,34.22482148555401,35.121253967285156,5400,0.0,0.0
2024-03-22 00:00:00-04:00,34.583397120583314,35.09294509887695,34.583397120583314,35.09294509887695,1000,0.0,0.0
2024-03-25 00:00:00-04:00,34.64945316267193,35.27223728685608,34.64945316267193,35.149566650390625,1000,0.0,0.0
2024-03-26 00:00:00-04:00,34.555090111792815,36.093179555645825,34.5456555702411,35.65911865234375,5100,0.0,0.0
2024-03-27 00:00:00-04:00,35.72516961169815,35.78178405761719,34.668324625922736,35.78178405761719,4000,0.0,0.0
2024-03-28 00:00:00-04:00,35.951631618052104,35.99881511853955,35.52700891043075,35.56475067138672,3600,0.0,0.0
2024-04-01 00:00:00-04:00,35.187304097566305,35.187304097566305,34.81929587057507,35.102378845214844,2500,0.0,0.0
2024-04-02 00:00:00-04:00,35.10237998102948,35.149559878396836,34.48903051646761,34.828731536865234,9400,0.0,0.0
2024-04-03 00:00:00-04:00,34.90422469950318,35.064637081717954,34.74380871769272,34.84760665893555,8900,0.0,0.0
2024-04-04 00:00:00-04:00,34.92309598864512,35.102384661983066,34.6777583298615,34.71550369262695,6200,0.0,0.0
2024-04-05 00:00:00-04:00,34.536211215228164,35.07406997680664,34.536211215228164,35.07406997680664,2400,0.0,0.0
2024-04-08 00:00:00-04:00,34.74380874633789,35.11181701134172,34.72493606613312,34.74380874633789,7100,0.0,0.0
2024-04-09 00:00:00-04:00,34.64944976805546,34.913660098007576,34.46072656112005,34.630577087402344,15300,0.0,0.0
2024-04-10 00:00:00-04:00,34.63057517259433,34.80986022949219,34.60226435338213,34.80986022949219,3200,0.0,0.0
2024-04-11 00:00:00-04:00,34.819293469662135,35.54587173461914,34.819293469662135,35.54587173461914,11900,0.0,0.0
2024-04-12 00:00:00-04:00,35.545877847673346,36.32907787777946,35.083509781366104,36.083740234375,15200,0.0,0.0
2024-04-15 00:00:00-04:00,36.27246082573455,36.28189896588946,35.29110662577562,35.45151901245117,4700,0.0,0.0
2024-04-16 00:00:00-04:00,35.62137466797145,35.62137466797145,34.819305419921875,34.819305419921875,3200,0.0,0.0
2024-04-17 00:00:00-04:00,34.649449002559614,34.923093866994876,34.53621292114258,34.53621292114258,4200,0.0,0.0
2024-04-18 00:00:00-04:00,34.99858474731445,34.99858474731445,34.16820481112,34.99858474731445,2100,0.0,0.0
2024-04-19 00:00:00-04:00,34.9419681450428,34.9419681450428,34.47960005669854,34.772117614746094,2300,0.0,0.0
2024-04-22 00:00:00-04:00,34.44185055627072,35.281664966502056,34.44185055627072,35.1401252746582,3800,0.0,0.0
2024-04-23 00:00:00-04:00,35.19674237626079,35.668548583984375,35.19674237626079,35.668548583984375,10500,0.0,0.0
2024-04-24 00:00:00-04:00,35.51757528973413,35.762916564941406,35.51757528973413,35.762916564941406,10400,0.0,0.0
2024-04-25 00:00:00-04:00,35.66854473362305,35.87614059448242,35.6496720553999,35.87614059448242,11600,0.0,0.0
2024-04-26 00:00:00-04:00,36.225277527541806,36.225277527541806,35.857269287109375,35.857269287109375,7400,0.0,0.0
2024-04-29 00:00:00-04:00,35.87614446725338,36.21584551274968,35.668548583984375,35.668548583984375,11900,0.0,0.0
2024-04-30 00:00:00-04:00,36.02712553610296,36.02712553610296,35.00802230834961,35.00802230834961,3500,0.0,0.0
2024-05-01 00:00:00-04:00,35.38546371459961,35.38546371459961,35.38546371459961,35.38546371459961,200,0.0,0.0
2024-05-02 00:00:00-04:00,35.102378845214844,35.102378845214844,35.102378845214844,35.102378845214844,500,0.0,0.0
2024-05-03 00:00:00-04:00,35.38546741457431,35.95163345336914,35.38546741457431,35.95163345336914,5800,0.0,0.0
2024-05-06 00:00:00-04:00,35.95163424806149,35.95163424806149,35.77234917171916,35.94219970703125,4600,0.0,0.0
2024-05-07 00:00:00-04:00,35.61193166001957,35.95162908223727,35.61193166001957,35.857269287109375,1300,0.0,0.0
2024-05-08 00:00:00-04:00,35.857274998144064,35.857274998144064,35.00802230834961,35.00802230834961,4600,0.0,0.0
2024-05-09 00:00:00-04:00,35.23448483300376,35.385462663048955,35.21561215429868,35.243919372558594,1600,0.0,0.0
2024-05-10 00:00:00-04:00,35.762916564941406,35.95163619252096,35.47982992437976,35.762916564941406,3900,0.0,0.0
2024-05-13 00:00:00-04:00,35.92332186361799,35.95162908223727,35.762909491981475,35.857269287109375,3100,0.0,0.0
2024-05-14 00:00:00-04:00,35.85727282824866,35.85727282824866,35.72516766218518,35.81009292602539,12300,0.0,0.0
2024-05-15 00:00:00-04:00,35.857269287109375,35.857269287109375,35.62136619969418,35.857269287109375,9200,0.0,0.0
2024-05-16 00:00:00-04:00,35.88557678379971,35.951629360820164,35.857269564961086,35.904449462890625,6500,0.0,0.0
2024-05-17 00:00:00-04:00,35.81952667236328,35.95163183549744,35.81952667236328,35.81952667236328,600,0.0,0.0
2024-05-21 00:00:00-04:00,35.93275890924647,35.9516279880214,35.69685582901118,35.92332077026367,5600,0.0,0.0
2024-05-22 00:00:00-04:00,35.8667042021916,35.8667042021916,35.13068771362305,35.13068771362305,5200,0.0,0.0
2024-05-23 00:00:00-04:00,35.85726685010822,35.90444674446564,35.2722282409668,35.2722282409668,14000,0.0,0.0
2024-05-24 00:00:00-04:00,35.28166763763486,35.86670632732532,35.28166763763486,35.668548583984375,5600,0.0,0.0
2024-05-27 00:00:00-04:00,35.97049819641996,35.97049819641996,35.44207763671875,35.44207763671875,4000,0.0,0.0
2024-05-28 00:00:00-04:00,35.90445514051979,35.90445514051979,35.159000396728516,35.159000396728516,2000,0.0,0.0
2024-05-29 00:00:00-04:00,35.63080214507742,35.649674824766656,35.37602996826172,35.37602996826172,4200,0.0,0.0
2024-05-30 00:00:00-04:00,35.55531952111726,35.55531952111726,35.1495658554889,35.159000396728516,2500,0.0,0.0
2024-05-31 00:00:00-04:00,35.4440015385079,35.453499810037286,35.387001037597656,35.387001037597656,2600,0.25,0.0
2024-06-03 00:00:00-04:00,35.38699470892909,35.38699470892909,35.06399917602539,35.06399917602539,2900,0.0,0.0
2024-06-04 00:00:00-04:00,35.377500163493885,35.377500163493885,35.14950180053711,35.14950180053711,15700,0.0,0.0
2024-06-05 00:00:00-04:00,35.39649516754506,35.39649516754506,35.377498626708984,35.377498626708984,600,0.0,0.0
2024-06-06 00:00:00-04:00,35.52949644116997,35.62449364131579,35.29199981689453,35.29199981689453,7600,0.0,0.0
2024-06-07 00:00:00-04:00,35.29200434869315,35.30150262036304,35.045005798339844,35.045005798339844,2300,0.0,0.0
2024-06-10 00:00:00-04:00,35.349000637920994,35.349000637920994,34.66501274782661,35.206504821777344,1300,0.0,0.0
2024-06-11 00:00:00-04:00,34.99750409986961,35.23500073365702,34.99750409986961,35.14950180053711,1400,0.0,0.0
2024-06-12 00:00:00-04:00,35.928491074258716,35.928491074258716,35.22550305580422,35.339500427246094,5500,0.0,0.0
2024-06-13 00:00:00-04:00,35.33950210751952,35.33950210751952,34.959506019430954,35.026004791259766,2400,0.0,0.0
2024-06-14 00:00:00-04:00,35.339499024539435,35.937991542698136,34.72200634124273,34.864505767822266,10700,0.0,0.0
2024-06-17 00:00:00-04:00,34.73150977154119,34.93100607844519,34.62701067061687,34.63650894165039,6400,0.0,0.0
2024-06-18 00:00:00-04:00,35.928492979916,35.937994875321614,34.67451095581055,34.67451095581055,36600,0.0,0.0
2024-06-19 00:00:00-04:00,35.60549631426901,35.60549631426901,34.17101818383799,34.209014892578125,11800,0.0,0.0
2024-06-20 00:00:00-04:00,34.35151659130432,34.67451219229863,34.1995188745959,34.437015533447266,5100,0.0,0.0
2024-06-21 00:00:00-04:00,34.85500423994923,35.329997501663016,34.36101081289758,34.608009338378906,5800,0.0,0.0
2024-06-24 00:00:00-04:00,34.684011718136595,34.902511841221795,34.199520111083984,34.199520111083984,17700,0.0,0.0
2024-06-25 00:00:00-04:00,34.171023250656226,35.33000457708365,33.99052345575387,34.503517150878906,3400,0.0,0.0
2024-06-26 00:00:00-04:00,34.59850627589308,34.59850627589308,34.04751599533731,34.57950973510742,7100,0.0,0.0
2024-06-27 00:00:00-04:00,34.19951765504602,34.836006938593066,34.19951765504602,34.67451095581055,6200,0.0,0.0
2024-06-28 00:00:00-04:00,34.49400970586516,35.15899732948181,34.114013671875,34.114013671875,24800,0.0,0.0
2024-07-02 00:00:00-04:00,34.27551787192841,35.05450658502576,34.27551787192841,34.39901351928711,16200,0.0,0.0
2024-07-03 00:00:00-04:00,34.19001541860582,34.92150182791228,34.19001541860582,34.57950973510742,6100,0.0,0.0
2024-07-04 00:00:00-04:00,35.310997568501506,35.310997568501506,34.674508333097286,35.05450439453125,2000,0.0,0.0
2024-07-05 00:00:00-04:00,34.74100279694403,35.31099319458008,34.67450403801684,35.31099319458008,8100,0.0,0.0
2024-07-08 00:00:00-04:00,35.33950243212811,35.57699908338715,35.29200382665856,35.387001037597656,3800,0.0,0.0
2024-07-09 00:00:00-04:00,35.67199384955619,35.86199188232422,35.38699861235966,35.86199188232422,6800,0.0,0.0
2024-07-10 00:00:00-04:00,36.09949312146407,36.83098328537365,35.909495064463535,36.14699172973633,20700,0.0,0.0
2024-07-11 00:00:00-04:00,36.31798592457803,36.602981169134914,35.9569900153867,36.412986755371094,5700,0.0,0.0
2024-07-12 00:00:00-04:00,36.76448078989164,37.03047586843725,36.76448078989164,36.85947799682617,5600,0.0,0.0
2024-07-15 00:00:00-04:00,37.04947540866342,37.52446868313346,37.04947540866342,37.28697204589844,4600,0.0,0.0
2024-07-16 00:00:00-04:00,37.14446618066966,37.514963914672386,37.14446618066966,37.31546401977539,1600,0.0,0.0
2024-07-17 00:00:00-04:00,37.2774723651303,37.53396553460203,37.23947203487118,37.42947006225586,11300,0.0,0.0
2024-07-18 00:00:00-04:00,37.08747556789207,37.571967111077605,36.34648359890509,36.57448196411133,2900,0.0,0.0
2024-07-19 00:00:00-04:00,36.69798122959434,36.69798122959434,36.57448196411133,36.57448196411133,3400,0.0,0.0
2024-07-22 00:00:00-04:00,36.57448015966512,36.935476043468555,36.57448015966512,36.621978759765625,1700,0.0,0.0
2024-07-23 00:00:00-04:00,36.76447997039395,37.229971347472734,36.76447997039395,37.19197463989258,3000,0.0,0.0
2024-07-24 00:00:00-04:00,37.49596785622385,37.52446629122394,36.878475189208984,36.878475189208984,11700,0.0,0.0
2024-07-25 00:00:00-04:00,37.33447239088166,37.343974286204705,36.707481384277344,36.707481384277344,3500,0.0,0.0
2024-07-26 00:00:00-04:00,36.79298461652906,37.343978644408715,36.79298461652906,37.16347885131836,5600,0.0,0.0
2024-07-29 00:00:00-04:00,37.52446185519679,37.57196044921875,37.52446185519679,37.57196044921875,1500,0.0,0.0
2024-07-30 00:00:00-04:00,37.57196627288332,37.67646537027528,37.57196627288332,37.61946487426758,3500,0.0,0.0
2024-07-31 00:00:00-04:00,37.904466284272246,38.474456787109375,37.66696963743824,38.474456787109375,1500,0.0,0.0
2024-08-01 00:00:00-04:00,38.47445636172738,38.854452442024964,37.13497543334961,37.13497543334961,2700,0.0,0.0
2024-08-02 00:00:00-04:00,37.182473573879186,37.182473573879186,36.76448078989164,36.85947799682617,1900,0.0,0.0
2024-08-06 00:00:00-04:00,35.500999329029746,36.26098790783269,35.14000701904297,35.14000701904297,7500,0.0,0.0
2024-08-07 00:00:00-04:00,36.099485880533855,36.925973095208946,35.310995370508174,35.62449264526367,11400,0.0,0.0
2024-08-08 00:00:00-04:00,35.0734989737964,36.33698272705078,35.0734989737964,36.33698272705078,1900,0.0,0.0
2024-08-09 00:00:00-04:00,36.18498229980469,36.18498229980469,36.18498229980469,36.18498229980469,100,0.0,0.0
2024-08-12 00:00:00-04:00,35.8999975746783,36.213491295235805,35.8999975746783,35.985496520996094,2800,0.0,0.0
2024-08-13 00:00:00-04:00,36.450981698490544,36.90697479248047,36.1944849036379,36.90697479248047,3300,0.0,0.0
2024-08-14 00:00:00-04:00,37.15397433609575,37.15397433609575,36.57448196411133,36.57448196411133,2100,0.0,0.0
2024-08-15 00:00:00-04:00,37.28696844106162,37.89495919377805,37.28696844106162,37.38196563720703,6400,0.0,0.0
2024-08-16 00:00:00-04:00,37.4199679295693,37.52446702516132,36.982975006103516,36.982975006103516,3400,0.0,0.0
2024-08-19 00:00:00-04:00,37.068478077175406,37.85696508159631,37.068478077175406,37.79046630859375,5600,0.0,0.0
2024-08-20 00:00:00-04:00,37.334465706224954,37.334465706224954,36.82147216796875,36.82147216796875,4900,0.0,0.0
2024-08-21 00:00:00-04:00,37.04947548907665,37.04947548907665,36.336985575825175,36.40348434448242,2900,0.0,0.0
2024-08-22 00:00:00-04:00,36.15648876599083,36.336984902729746,36.032989501953125,36.032989501953125,4300,0.0,0.0
2024-08-23 00:00:00-04:00,36.16599164267245,37.29647445678711,36.16599164267245,37.29647445678711,6000,0.0,0.0
2024-08-26 00:00:00-04:00,36.783481540761365,37.05897489481513,36.62198193771213,37.049476623535156,2600,0.0,0.0
2024-08-27 00:00:00-04:00,37.04947421981337,37.04947421981337,36.71698038791789,36.90697479248047,800,0.0,0.0
2024-08-28 00:00:00-04:00,36.716979984463634,36.716979984463634,36.0994873046875,36.0994873046875,1800,0.0,0.0
2024-08-29 00:00:00-04:00,36.10898919565277,36.37498790882718,36.004493713378906,36.004493713378906,18800,0.0,0.0
2024-08-30 00:00:00-04:00,36.38700866699219,36.39657365582278,36.339194666762374,36.38700866699219,1400,0.25,0.0
2024-09-03 00:00:00-04:00,36.32006678636419,36.32006678636419,35.861045837402344,35.861045837402344,4000,0.0,0.0
2024-09-04 00:00:00-04:00,35.908860461132534,35.908860461132534,35.679351806640625,35.679351806640625,300,0.0,0.0
2024-09-05 00:00:00-04:00,35.87060659581,36.0809925619941,35.87060659581,35.90885925292969,1500,0.0,0.0
2024-09-06 00:00:00-04:00,35.62197231566927,35.62197231566927,35.45940399169922,35.45940399169922,800,0.0,0.0
2024-09-09 00:00:00-04:00,35.6697905478475,35.6697905478475,35.47853088378906,35.47853088378906,400,0.0,0.0
2024-09-10 00:00:00-04:00,36.176623084539386,36.176623084539386,35.80366516113281,35.80366516113281,900,0.0,0.0
2024-09-11 00:00:00-04:00,36.21486438370815,36.21486438370815,35.14381578132874,35.53589630126953,9900,0.0,0.0
2024-09-12 00:00:00-04:00,35.68891250623288,36.253126439688344,35.68891250623288,35.92798614501953,3300,0.0,0.0
2024-09-13 00:00:00-04:00,36.291376378849804,36.76952362060547,36.2148710691414,36.76952362060547,3200,0.0,0.0
2024-09-16 00:00:00-04:00,36.38700914098336,37.14248275756836,36.38700914098336,37.14248275756836,3400,0.0,0.0
2024-09-17 00:00:00-04:00,37.12335633565753,37.41024398803711,37.11379499470046,37.41024398803711,2700,0.0,0.0
2024-09-18 00:00:00-04:00,37.50587298198343,37.91707992553711,37.50587298198343,37.91707992553711,2000,0.0,0.0
2024-09-19 00:00:00-04:00,38.26133901667832,38.98812483541362,37.11378860473633,37.11378860473633,3200,0.0,0.0
2024-09-20 00:00:00-04:00,37.69713182856593,37.77363714850202,36.56870754330413,36.87472152709961,5000,0.0,0.0
2024-09-23 00:00:00-04:00,36.779090946923674,37.62063125082522,36.779090946923674,37.04685592651367,5800,0.0,0.0
2024-09-24 00:00:00-04:00,37.59194060739767,37.888389587402344,37.59194060739767,37.888389587402344,1100,0.0,0.0
2024-09-25 00:00:00-04:00,38.194404165677525,38.194404165677525,37.41980789151909,37.77363586425781,1500,0.0,0.0
2024-09-26 00:00:00-04:00,38.251783153678794,38.251783153678794,37.77363586425781,37.77363586425781,4300,0.0,0.0
2024-09-27 00:00:00-04:00,38.18483947790419,38.18483947790419,37.95532719399133,38.06052017211914,1100,0.0,0.0
2024-09-30 00:00:00-04:00,38.223094376875636,38.223094376875636,36.44438592805805,38.2039680480957,3100,0.0,0.0
2024-10-01 00:00:00-04:00,38.347410047497384,38.347410047497384,37.59194012443951,37.60150146484375,1500,0.0,0.0
2024-10-02 00:00:00-04:00,37.92664126581722,37.92664126581722,37.91707992553711,37.91707992553711,1300,0.0,0.0
2024-10-03 00:00:00-04:00,38.39522383623651,38.39522383623651,37.305045092988706,37.40067672729492,3900,0.0,0.0
2024-10-04 00:00:00-04:00,38.366534118686964,38.366534118686964,37.964892181806945,38.06052017211914,3500,0.0,0.0
2024-10-07 00:00:00-04:00,38.39522827400557,38.40478961455438,38.15615463256836,38.15615463256836,1200,0.0,0.0
2024-10-08 00:00:00-04:00,37.9170776667577,37.9170776667577,37.840572357177734,37.840572357177734,200,0.0,0.0
2024-10-09 00:00:00-04:00,37.572822291983194,38.443050384521484,37.572822291983194,38.443050384521484,1500,0.0,0.0
2024-10-10 00:00:00-04:00,38.921187242351586,38.921187242351586,38.49085398374595,38.81599426269531,2700,0.0,0.0
2024-10-11 00:00:00-04:00,38.509986115294105,39.42802810668945,38.509986115294105,39.42802810668945,1500,0.0,0.0
2024-10-15 00:00:00-04:00,39.11245133178814,39.22720566450472,38.48129702988523,38.70124435424805,8000,0.0,0.0
2024-10-16 00:00:00-04:00,39.20807985345103,39.20807985345103,38.548237871627194,38.854251861572266,2900,0.0,0.0
2024-10-17 00:00:00-04:00,38.92119000106233,39.112449645996094,38.835123343240845,39.112449645996094,1700,0.0,0.0
2024-10-18 00:00:00-04:00,39.37063986420249,39.41845750399905,38.968997955322266,38.968997955322266,4500,0.0,0.0
2024-10-21 00:00:00-04:00,39.20807156241013,39.29413820688071,38.92118396349944,38.968997955322266,3400,0.0,0.0
2024-10-22 00:00:00-04:00,39.19851523207012,39.19851523207012,38.72036795679613,38.873374938964844,4300,0.0,0.0
2024-10-23 00:00:00-04:00,38.50998093957542,38.96900187358096,38.24221964006572,38.567359924316406,2200,0.0,0.0
2024-10-24 00:00:00-04:00,38.94031524658203,38.94031524658203,38.94031524658203,38.94031524658203,100,0.0,0.0
2024-10-25 00:00:00-04:00,38.98812982190063,38.98812982190063,38.35697555541992,38.35697555541992,1300,0.0,0.0
2024-10-28 00:00:00-04:00,38.62474065379859,38.68211964655072,38.40479332021067,38.49085998535156,8500,0.0,0.0
2024-10-29 00:00:00-04:00,38.29003637275505,38.59605035062532,38.29003637275505,38.32828903198242,4400,0.0,0.0
2024-10-30 00:00:00-04:00,38.49085560730636,38.815995899970275,38.25178196999389,38.47172927856445,8200,0.0,0.0
2024-10-31 00:00:00-04:00,38.7777455261478,38.7777455261478,38.01271057128906,38.01271057128906,1500,0.0,0.0
2024-11-01 00:00:00-04:00,38.30915764630635,38.59604525669936,38.02226638793945,38.02226638793945,2200,0.0,0.0
2024-11-04 00:00:00-05:00,38.68211368002315,38.796867999852495,38.36653474052486,38.54823303222656,5400,0.0,0.0
2024-11-05 00:00:00-05:00,38.76818347161076,39.160264106757396,38.643864153742506,38.93075180053711,4700,0.0,0.0
2024-11-06 00:00:00-05:00,39.380210897271496,39.428024896435055,38.9211899389476,39.313270568847656,5000,0.0,0.0
2024-11-07 00:00:00-05:00,39.31327052737558,39.68622482762192,38.96900389700225,39.44715118408203,6300,0.0,0.0
2024-11-08 00:00:00-05:00,39.49496140693307,39.514087734344436,39.19851245199176,39.2463264465332,2600,0.0,0.0
2024-11-11 00:00:00-05:00,40.12612276564475,40.12612276564475,39.42802810668945,39.42802810668945,2500,0.0,0.0
2024-11-12 00:00:00-05:00,39.676662900718426,39.676662900718426,39.447150601202765,39.494964599609375,2000,0.0,0.0
2024-11-13 00:00:00-05:00,40.13568216429092,40.13568216429092,39.78185056541535,39.97311019897461,4100,0.0,0.0
2024-11-14 00:00:00-05:00,39.475837343866864,39.49496367237532,38.720367431640625,38.720367431640625,7500,0.0,0.0
2024-11-15 00:00:00-05:00,38.49085837095559,38.70124435424805,38.385665379309366,38.70124435424805,4000,0.0,0.0
2024-11-18 00:00:00-05:00,38.55779872612303,39.0550723655005,38.48129705358967,38.63430404663086,1400,0.0,0.0
2024-11-19 00:00:00-05:00,38.94031460595873,38.94031460595873,38.586483001708984,38.586483001708984,3900,0.0,0.0
2024-11-20 00:00:00-05:00,38.49085723029243,38.91162553643355,38.49085723029243,38.72993087768555,3500,0.0,0.0
2024-11-21 00:00:00-05:00,38.51954222826325,38.82555618385821,38.51954222826325,38.76818084716797,2800,0.0,0.0
2024-11-22 00:00:00-05:00,38.529104944029456,38.99768718990999,38.529104944029456,38.82555389404297,7400,0.0,0.0
2024-11-25 00:00:00-05:00,38.882932401673585,39.44714627614835,38.882932401673585,39.208072662353516,4500,0.0,0.0
2024-11-26 00:00:00-05:00,39.762727469391095,39.78185014937036,39.35152053833008,39.35152053833008,4600,0.0,0.0
2024-11-27 00:00:00-05:00,39.90617001149399,39.90617001149399,39.43758773803711,39.43758773803711,2500,0.0,0.0
2024-11-28 00:00:00-05:00,39.695790117268345,39.695790117268345,39.17939376831055,39.17939376831055,2600,0.0,0.0
2024-11-29 00:00:00-05:00,39.4199333190918,39.4199333190918,39.4199333190918,39.4199333190918,0,0.25,0.0
2024-12-02 00:00:00-05:00,39.96836202682889,39.96836202682889,39.237114076599106,39.61235809326172,13700,0.0,0.0
2024-12-03 00:00:00-05:00,39.737440398170925,39.737440398170925,39.52576645215629,39.66046905517578,3600,0.0,0.0
2024-12-04 00:00:00-05:00,39.718198848247944,40.41095932548929,39.718198848247944,39.852901458740234,7700,0.0,0.0
2024-12-05 00:00:00-05:00,40.045334852787164,40.11268615722656,39.929875998086885,40.11268615722656,2500,0.0,0.0
2024-12-06 00:00:00-05:00,40.401340703454686,40.459068298339844,40.1704193128011,40.459068298339844,3100,0.0,0.0
2024-12-09 00:00:00-05:00,40.314745999251336,40.314745999251336,39.92987823486328,39.92987823486328,1800,0.0,0.0
2024-12-10 00:00:00-05:00,40.27625663773207,40.27625663773207,39.92987639977588,40.064579010009766,5700,0.0,0.0
2024-12-11 00:00:00-05:00,38.58283931025949,40.12230648119631,38.58283931025949,39.958736419677734,5600,0.0,0.0
2024-12-12 00:00:00-05:00,39.51614434971784,39.74706572884957,39.51614434971784,39.73744201660156,1700,0.0,0.0
2024-12-13 00:00:00-05:00,39.82403667167902,39.84328042560934,39.78554916381836,39.78554916381836,5200,0.0,0.0
2024-12-16 00:00:00-05:00,38.98695435335288,39.73744242000076,38.98695435335288,39.689334869384766,3900,0.0,0.0
2024-12-17 00:00:00-05:00,39.554636400526,39.554636400526,39.265987396240234,39.265987396240234,3500,0.0,0.0
2024-12-18 00:00:00-05:00,39.51615281578974,39.51615281578974,38.67906951904297,38.67906951904297,8200,0.0,0.0
2024-12-19 00:00:00-05:00,39.16976714397974,39.16976714397974,38.871498107910156,38.871498107910156,7700,0.0,0.0
2024-12-20 00:00:00-05:00,40.093439683456964,40.093439683456964,39.256356620511475,39.48727798461914,5600,0.0,0.0
2024-12-23 00:00:00-05:00,39.77593145058132,39.77593145058132,39.265984787872256,39.39106369018555,2600,0.0,0.0
2024-12-24 00:00:00-05:00,38.98694947388304,39.246734619140625,38.98694947388304,39.246734619140625,300,0.0,0.0
2024-12-27 00:00:00-05:00,39.391062228015016,39.391062228015016,38.688681711179974,38.8907356262207,2200,0.0,0.0
2024-12-30 00:00:00-05:00,38.6886895629812,38.76566459597343,38.64058200254685,38.67906951904297,5500,0.0,0.0
2024-12-31 00:00:00-05:00,38.77528093203627,38.94847106933594,38.77528093203627,38.94847106933594,300,0.0,0.0
2025-01-02 00:00:00-05:00,38.948461970058865,39.25635465991147,38.948461970058865,39.246734619140625,900,0.0,0.0
2025-01-03 00:00:00-05:00,39.27560270925106,39.67971420288086,39.24673891340993,39.67971420288086,1400,0.0,0.0
2025-01-06 00:00:00-05:00,39.73744074551947,40.093441009521484,39.612358182892024,40.093441009521484,3900,0.0,0.0
2025-01-07 00:00:00-05:00,40.24739342861903,41.392369302684514,40.17041841000744,40.18003845214844,3100,0.0,0.0
2025-01-08 00:00:00-05:00,39.95874265692438,39.95874265692438,39.93949890136719,39.93949890136719,900,0.0,0.0
2025-01-09 00:00:00-05:00,40.151177361388896,40.151177361388896,39.843284606933594,39.843284606933594,1300,0.0,0.0
2025-01-10 00:00:00-05:00,39.60274164282636,39.60274164282636,38.96771240234375,38.96771240234375,3800,0.0,0.0
2025-01-13 00:00:00-05:00,38.99657610909731,38.99657610909731,38.58284454895012,38.59246826171875,5200,0.0,0.0
2025-01-14 00:00:00-05:00,38.592465198197964,38.592465198197964,37.71689459467736,37.90932846069336,11100,0.0,0.0
2025-01-15 00:00:00-05:00,38.015166612220426,38.20760049348361,38.00554656982422,38.00554656982422,118200,0.0,0.0
2025-01-16 00:00:00-05:00,38.6598214917226,38.6598214917226,37.6784119516749,37.76500701904297,11000,0.0,0.0
2025-01-17 00:00:00-05:00,38.24608841240038,38.24608841240038,37.95743942260742,37.95743942260742,57600,0.0,0.0
2025-01-20 00:00:00-05:00,38.89073212709798,38.89073212709798,38.25570297241211,38.25570297241211,16100,0.0,0.0
2025-01-21 00:00:00-05:00,38.67906580309708,38.958094765329875,38.40003684086429,38.46738815307617,9900,0.0,0.0
2025-01-22 00:00:00-05:00,38.96770907731185,39.62198201717786,38.96770907731185,39.40068435668945,2800,0.0,0.0
2025-01-23 00:00:00-05:00,39.4006885780615,39.44879613195308,39.15052342523155,39.35258102416992,3600,0.0,0.0
2025-01-24 00:00:00-05:00,39.66047340550183,39.891391130187095,39.66047340550183,39.881771087646484,4300,0.0,0.0
2025-01-27 00:00:00-05:00,39.43917001471452,39.43917001471452,38.736785888671875,38.736785888671875,1900,0.0,0.0
2025-01-28 00:00:00-05:00,38.50587409201047,38.88111815053097,38.342304004487815,38.871498107910156,8000,0.0,0.0
2025-01-29 00:00:00-05:00,38.97733057742337,38.97733057742337,38.496247731306525,38.5154914855957,6100,0.0,0.0
2025-01-30 00:00:00-05:00,39.40068866895955,39.81442024004957,38.90998207516855,39.14090347290039,11100,0.0,0.0
2025-01-31 00:00:00-05:00,39.10241689628031,39.25636327499121,38.246089935302734,38.246089935302734,10000,0.0,0.0
2025-02-03 00:00:00-05:00,37.736136452129166,38.005541648791905,37.014512243607804,37.45710754394531,20900,0.0,0.0
2025-02-04 00:00:00-05:00,37.44748788411207,38.10176086425781,37.44748788411207,38.10176086425781,6700,0.0,0.0
2025-02-05 00:00:00-05:00,38.69830604853297,38.69830604853297,38.52511592702357,38.63095474243164,3000,0.0,0.0
2025-02-06 00:00:00-05:00,38.71755087796373,38.89073733390978,38.486629486083984,38.486629486083984,3600,0.0,0.0
2025-02-07 00:00:00-05:00,38.5251140868755,38.5251140868755,38.07289505004883,38.07289505004883,3800,0.0,0.0
2025-02-10 00:00:00-05:00,38.18835572614601,38.63095474243164,38.15949192935141,38.63095474243164,1400,0.0,0.0
2025-02-11 00:00:00-05:00,38.73678775224237,38.91960157618695,38.496246337890625,38.496246337890625,3800,0.0,0.0
2025-02-12 00:00:00-05:00,38.50586460550531,38.50586460550531,38.24607947429212,38.41926956176758,1700,0.0,0.0
2025-02-13 00:00:00-05:00,38.833010596684694,39.06392832329527,38.486630336397745,38.871498107910156,1700,0.0,0.0
2025-02-14 00:00:00-05:00,38.68868243601182,39.10241398620124,38.50587227188872,39.00619888305664,2900,0.0,0.0
2025-02-18 00:00:00-05:00,39.42954869551619,39.42954869551619,38.72716819722834,38.929222106933594,8500,0.0,0.0
2025-02-19 00:00:00-05:00,38.6309576459784,38.93885040283203,38.621333932742935,38.93885040283203,800,0.0,0.0
2025-02-20 00:00:00-05:00,38.66944141499962,38.775280238163376,38.40003617085272,38.56360626220703,2900,0.0,0.0
2025-02-21 00:00:00-05:00,38.59246743455258,38.59246743455258,38.10176086425781,38.10176086425781,2600,0.0,0.0
2025-02-24 00:00:00-05:00,38.10175891534173,38.29419278266583,37.8612174987793,37.8612174987793,4500,0.0,0.0
2025-02-25 00:00:00-05:00,37.89970533005396,37.90932904220628,37.158837320268745,37.332027435302734,5100,0.0,0.0
2025-02-26 00:00:00-05:00,37.428246533874805,37.6687879546057,36.80283737182617,36.80283737182617,12700,0.0,0.0
2025-02-27 00:00:00-05:00,37.437866202729516,37.437866202729516,36.63927060245257,36.7451057434082,7500,0.0,0.0
2025-02-28 00:00:00-05:00,36.880774919338855,37.55908361510419,36.880774919338855,36.919532775878906,4200,0.27,0.0
2025-03-03 00:00:00-05:00,37.0745706917656,37.0745706917656,36.822628021240234,36.822628021240234,2700,0.0,0.0
2025-03-04 00:00:00-05:00,36.64820573427972,36.64820573427972,35.17530013031839,35.388484954833984,9600,0.0,0.0
2025-03-05 00:00:00-05:00,35.63074088750934,36.46409575639857,35.388486737088286,36.2412223815918,4500,0.0,0.0
2025-03-06 00:00:00-05:00,35.436935514482975,35.979586122055835,35.17530059814453,35.17530059814453,10700,0.0,0.0
2025-03-07 00:00:00-05:00,35.18499608319453,35.56291198730469,35.175303846599036,35.56291198730469,1600,0.0,0.0
2025-03-10 00:00:00-04:00,35.33034459747043,35.359417609298404,34.710174560546875,34.710174560546875,9200,0.0,0.0
2025-03-11 00:00:00-04:00,34.21597580490515,34.293495206934864,34.041552529707296,34.20628356933594,7400,0.0,0.0
2025-03-12 00:00:00-04:00,34.681103134564914,35.25282304565417,34.63265304647357,34.72955322265625,3800,0.0,0.0
2025-03-13 00:00:00-04:00,35.1268505691577,35.1268505691577,34.884596427301446,35.000877380371094,3500,0.0,0.0
2025-03-14 00:00:00-04:00,35.45631436983515,36.27028838887487,35.45631436983515,35.85361099243164,2000,0.0,0.0
2025-03-17 00:00:00-04:00,35.56290702999104,36.33811950683594,35.56290702999104,36.33811950683594,6200,0.0,0.0
2025-03-18 00:00:00-04:00,36.483471202127944,36.483471202127944,35.262508392333984,35.262508392333984,3500,0.0,0.0
2025-03-19 00:00:00-04:00,35.7567135893624,36.19276809692383,35.7567135893624,36.19276809692383,1200,0.0,0.0
2025-03-20 00:00:00-04:00,36.1927685943036,36.2412223815918,36.09586841273717,36.2412223815918,3500,0.0,0.0
2025-03-21 00:00:00-04:00,35.853612783003825,35.853612783003825,35.369104502152425,35.611358642578125,800,0.0,0.0
2025-03-24 00:00:00-04:00,36.124939037416624,36.124939037416624,35.9311386672586,35.95051574707031,12700,0.0,0.0
2025-03-25 00:00:00-04:00,36.095866393185915,36.105554932198494,35.998966217041016,35.998966217041016,10200,0.0,0.0
2025-03-26 00:00:00-04:00,35.853612783003825,36.07648614861489,35.272204324584074,35.611358642578125,1800,0.0,0.0
2025-03-27 00:00:00-04:00,35.611361703230514,35.611361703230514,35.32065744903578,35.514461517333984,2200,0.0,0.0
2025-03-28 00:00:00-04:00,35.330342361638245,35.330342361638245,34.933045725844906,34.991188049316406,1400,0.0,0.0
2025-03-31 00:00:00-04:00,35.23344292283247,35.23344292283247,34.70048455096002,35.17530059814453,3700,0.0,0.0
2025-04-01 00:00:00-04:00,34.84583622696098,34.99119019630598,34.78769759642697,34.88459777832031,700,0.0,0.0
2025-04-02 00:00:00-04:00,34.90397499860918,35.369102478027344,34.88459422490368,35.369102478027344,1300,0.0,0.0
2025-04-03 00:00:00-04:00,34.35163908793349,34.429158493477026,33.498903447924896,33.566734313964844,21800,0.0,0.0
2025-04-04 00:00:00-04:00,33.537665484388306,33.537665484388306,31.599632263183594,31.599632263183594,10800,0.0,0.0
2025-04-07 00:00:00-04:00,31.027910912454324,31.027910912454324,29.458103261010407,30.37866973876953,13800,0.0,0.0
2025-04-08 00:00:00-04:00,31.473656664849372,32.21979984160392,30.039512634277344,30.039512634277344,15500,0.0,0.0
2025-04-09 00:00:00-04:00,30.039513225703274,32.219800475955935,30.039513225703274,31.250783920288086,23300,0.0,0.0
2025-04-10 00:00:00-04:00,31.95816682432257,32.33608270451557,30.38836097717285,30.38836097717285,12800,0.0,0.0
2025-04-11 00:00:00-04:00,30.155794055685533,31.008527755737305,30.14610366897159,31.008527755737305,5300,0.0,0.0
2025-04-14 00:00:00-04:00,33.0047014955365,33.0047014955365,31.677146302468813,31.735288619995117,4800,0.0,0.0
2025-04-15 00:00:00-04:00,31.74498013153268,32.17134977365461,31.73529159262297,32.142276763916016,1200,0.0,0.0
2025-04-16 00:00:00-04:00,31.890333329586497,32.0647565978362,31.880644790908022,32.04537582397461,11000,0.0,0.0
2025-04-17 00:00:00-04:00,31.512415424382198,32.07444304367792,31.512415424382198,31.977542877197266,6100,0.0,0.0
2025-04-21 00:00:00-04:00,31.948478090475522,31.948478090475522,31.299235054307882,31.65777015686035,2000,0.0,0.0
2025-04-22 00:00:00-04:00,31.97754691963765,32.549266845758034,31.96785838036657,32.46205520629883,5800,0.0,0.0
2025-04-23 00:00:00-04:00,33.17912853033546,33.89619871230405,33.17912853033546,33.770225524902344,7100,0.0,0.0
2025-04-24 00:00:00-04:00,33.89620018886397,34.400089263916016,33.89620018886397,34.400089263916016,700,0.0,0.0
2025-04-25 00:00:00-04:00,33.721775153263515,34.64234161376953,33.67332506513262,34.64234161376953,3700,0.0,0.0
2025-04-28 00:00:00-04:00,34.642338795103136,34.642338795103136,34.15783056020659,34.303184509277344,900,0.0,0.0
2025-04-29 00:00:00-04:00,34.23535681449118,34.768315182806774,34.23535681449118,34.690792083740234,1000,0.0,0.0
2025-04-30 00:00:00-04:00,34.157833099365234,34.2159754226165,34.157833099365234,34.157833099365234,700,0.0,0.0
2025-05-01 00:00:00-04:00,33.92526470060558,34.10938019410744,32.31669752190386,33.81867599487305,6400,0.0,0.0
2025-05-02 00:00:00-04:00,33.905893946722095,34.10938655448097,33.712089878925724,33.84775161743164,5200,0.0,0.0
2025-05-05 00:00:00-04:00,33.896195389633476,34.012476330026345,33.721772130791955,33.81867599487305,3700,0.0,0.0
2025-05-06 00:00:00-04:00,33.83805886139185,34.14814758300781,33.83805886139185,34.14814758300781,900,0.0,0.0
2025-05-07 00:00:00-04:00,33.63456050137119,33.915576162449696,33.624871963215305,33.81867599487305,2000,0.0,0.0
2025-05-08 00:00:00-04:00,34.157831755991374,34.283804936495756,34.05123934914187,34.274112701416016,4700,0.0,0.0
2025-05-09 00:00:00-04:00,34.390400724388364,34.400089263916016,34.390400724388364,34.400089263916016,1100,0.0,0.0
2025-05-12 00:00:00-04:00,34.85552491259774,35.369102478027344,34.83614413889224,35.369102478027344,13100,0.0,0.0
2025-05-13 00:00:00-04:00,35.36910418019576,35.66950064233094,35.36910418019576,35.388484954833984,9000,0.0,0.0
2025-05-14 00:00:00-04:00,35.38848220475925,35.466001600783216,34.78769302368164,34.78769302368164,14200,0.0,0.0
2025-05-15 00:00:00-04:00,34.88458973211915,35.010562896728516,34.78768957257603,35.010562896728516,11700,0.0,0.0
2025-05-16 00:00:00-04:00,35.252822547507044,35.252822547507044,34.69079118337604,35.02994918823242,10800,0.0,0.0
2025-05-20 00:00:00-04:00,35.03963974473302,35.31096320703745,34.981497418594245,35.2722053527832,6800,0.0,0.0
2025-05-21 00:00:00-04:00,34.98149315688787,35.36910122424856,34.98149315688787,35.13653564453125,4500,0.0,0.0
2025-05-22 00:00:00-04:00,35.3303429818888,35.70825884982623,35.3303429818888,35.524147033691406,1200,0.0,0.0
2025-05-23 00:00:00-04:00,35.3691004259833,35.37878896402163,35.12684631347656,35.12684631347656,4200,0.0,0.0
2025-05-26 00:00:00-04:00,35.611358642578125,35.611358642578125,35.611358642578125,35.611358642578125,300,0.0,0.0
2025-05-27 00:00:00-04:00,35.61135659625794,37.200543074691026,35.61135659625794,36.81293869018555,12600,0.0,0.0
2025-05-28 00:00:00-04:00,36.8129357743577,38.8575573350498,36.299354553222656,36.299354553222656,22300,0.0,0.0
2025-05-29 00:00:00-04:00,37.30714091332066,37.433114112465006,36.919532775878906,36.919532775878906,10500,0.0,0.0
2025-05-30 00:00:00-04:00,36.89025566256626,37.08544294898057,36.577957493458506,36.80242156982422,1800,0.27,0.0
2025-06-02 00:00:00-04:00,37.08543767855761,37.114714464348324,36.548675509366475,36.76337814331055,3300,0.0,0.0
2025-06-03 00:00:00-04:00,36.85121439994176,37.73931294262031,36.85121439994176,37.036643981933594,1900,0.0,0.0
2025-06-04 00:00:00-04:00,37.20254799817026,37.29038207713958,37.03664125061002,37.28062438964844,9000,0.0,0.0
2025-06-05 00:00:00-04:00,37.32942199707031,37.446532866809505,37.32942199707031,37.32942199707031,2900,0.0,0.0
2025-06-06 00:00:00-04:00,37.24158856575607,37.768593073135925,37.13423538208008,37.13423538208008,6200,0.0,0.0
2025-06-09 00:00:00-04:00,37.2318285064182,37.36845846861776,37.2318285064182,37.28062438964844,6300,0.0,0.0
2025-06-10 00:00:00-04:00,37.3684625782116,37.3684625782116,37.08544121230884,37.18303298950195,22600,0.0,0.0
2025-06-11 00:00:00-04:00,37.43677687969126,37.73931361716961,37.24158960599993,37.27086639404297,3200,0.0,0.0
2025-06-12 00:00:00-04:00,37.153754814583145,37.251346588134766,37.085439828519505,37.251346588134766,5300,0.0,0.0
2025-06-13 00:00:00-04:00,37.51484611830846,37.51484611830846,37.10495623170979,37.28062438964844,1500,0.0,0.0
2025-06-16 00:00:00-04:00,37.466054355404715,37.49533114398512,37.18303298950195,37.18303298950195,7200,0.0,0.0
2025-06-17 00:00:00-04:00,37.08544189621674,37.18303367520959,37.08544189621674,37.09519958496094,4000,0.0,0.0
2025-06-18 00:00:00-04:00,37.29038107759386,37.74907055801512,37.085436139787944,37.573402404785156,5400,0.0,0.0
2025-06-19 00:00:00-04:00,37.28062848958273,37.28062848958273,37.18303298950195,37.18303298950195,500,0.0,0.0
2025-06-20 00:00:00-04:00,37.563651640187175,37.563651640187175,37.553890228271484,37.553890228271484,300,0.0,0.0
2025-06-23 00:00:00-04:00,37.47581481933594,37.47581481933594,37.47581481933594,37.47581481933594,1000,0.0,0.0
2025-06-24 00:00:00-04:00,37.270868865452535,37.67100112775288,37.270868865452535,37.6612434387207,3200,0.0,0.0
2025-06-25 00:00:00-04:00,37.670994513314895,37.690513610839844,37.58316043589624,37.690513610839844,4000,0.0,0.0
2025-06-26 00:00:00-04:00,37.57340694918731,37.71003692424961,37.57340694918731,37.700279235839844,1000,0.0,0.0
2025-06-27 00:00:00-04:00,37.827147100837436,38.30535572760932,37.67099802895249,38.11016845703125,6700,0.0,0.0
2025-06-30 00:00:00-04:00,38.080889948073605,38.21751991443587,38.061370849609375,38.061370849609375,8400,0.0,0.0
2025-07-02 00:00:00-04:00,37.846664824607856,38.25655845021254,37.846664824607856,38.17848205566406,6700,0.0,0.0
2025-07-03 00:00:00-04:00,38.08089169485096,38.30535575315479,38.06137259549139,38.21752166748047,7500,0.0,0.0
2025-07-04 00:00:00-04:00,38.2663179352346,38.78356476619182,38.2663179352346,38.549339294433594,3200,0.0,0.0
2025-07-07 00:00:00-04:00,38.51029925699249,38.59813333934802,38.071128845214844,38.071128845214844,2700,0.0,0.0
2025-07-08 00:00:00-04:00,38.217518560918464,38.334629424668876,38.217518560918464,38.237037658691406,2300,0.0,0.0
2025-07-09 00:00:00-04:00,38.46150150568423,39.21297001317777,38.45174381829036,38.871395111083984,23500,0.0,0.0
2025-07-10 00:00:00-04:00,39.28129125261267,39.94492578775491,38.998269875560396,39.79853439331055,2800,0.0,0.0
2025-07-11 00:00:00-04:00,39.99371819201304,39.99371819201304,39.58382827991951,39.59358596801758,2700,0.0,0.0
2025-07-14 00:00:00-04:00,39.54479567210546,39.7692597589678,39.27153569207966,39.42768478393555,6000,0.0,0.0
2025-07-15 00:00:00-04:00,39.281287103184944,39.281287103184944,39.144657135009766,39.144657135009766,1700,0.0,0.0
2025-07-16 00:00:00-04:00,39.134893270771705,39.78877000690124,38.920190644051104,39.29104232788086,4900,0.0,0.0
2025-07-17 00:00:00-04:00,39.76925623553074,39.97420120239258,39.466715768100634,39.97420120239258,2500,0.0,0.0
2025-07-18 00:00:00-04:00,39.456954648214726,39.76925277709961,39.427677862034066,39.76925277709961,18800,0.0,0.0
2025-07-21 00:00:00-04:00,39.43744138505268,39.52527547947815,39.37888408113973,39.50575637817383,13600,0.0,0.0
2025-07-22 00:00:00-04:00,39.39839735296605,39.76925277709961,39.39839735296605,39.76925277709961,2400,0.0,0.0
2025-07-23 00:00:00-04:00,39.76925203664175,39.993716079918045,39.64237976074219,39.64237976074219,2200,0.0,0.0
2025-07-24 00:00:00-04:00,39.97419626773328,39.993715365437374,39.613102267425546,39.622859954833984,6200,0.0,0.0
2025-07-25 00:00:00-04:00,39.90588033752952,39.91564174759287,39.67165861642883,39.80828857421875,2600,0.0,0.0
2025-07-28 00:00:00-04:00,39.68142212529409,39.86684799194336,39.622864824984376,39.86684799194336,4200,0.0,0.0
2025-07-29 00:00:00-04:00,39.857088957596815,39.866846645875135,39.720458984375,39.720458984375,2600,0.0,0.0
2025-07-30 00:00:00-04:00,39.70094259469346,39.896129879570246,39.671665804972676,39.69118118286133,14100,0.0,0.0
2025-07-31 00:00:00-04:00,39.68141724794627,39.81804720898773,39.59358316972145,39.622859954833984,10800,0.0,0.0
2025-08-01 00:00:00-04:00,39.0373063746046,39.047064063127685,38.55909773344513,38.783565521240234,11500,0.0,0.0
2025-08-05 00:00:00-04:00,39.20321273803711,39.46671500011238,39.04706366305409,39.20321273803711,22000,0.0,0.0
2025-08-06 00:00:00-04:00,39.25200893597896,39.6521411385132,39.232489837942246,39.53502655029297,4400,0.0,0.0
2025-08-07 00:00:00-04:00,39.67166658563559,39.9937224475651,39.60335159301758,39.60335159301758,15500,0.0,0.0
2025-08-08 00:00:00-04:00,39.67166063767346,39.72045652181496,39.51551157468827,39.5447883605957,8500,0.0,0.0
2025-08-11 00:00:00-04:00,39.50575159569825,40.0327560984531,39.50575159569825,40.01323699951172,5100,0.0,0.0
2025-08-12 00:00:00-04:00,40.4914443104519,40.52072109647602,40.40361022949219,40.40361022949219,3000,0.0,0.0
2025-08-13 00:00:00-04:00,40.530479122376335,40.91109223541513,40.51096002390161,40.842777252197266,6600,0.0,0.0
2025-08-14 00:00:00-04:00,40.92085538466607,40.92085538466607,40.520723156152464,40.56951904296875,6600,0.0,0.0
2025-08-15 00:00:00-04:00,40.52072665315617,40.52072665315617,39.65214713504884,39.9156494140625,9800,0.0,0.0
2025-08-18 00:00:00-04:00,40.276736051289504,40.276736051289504,39.81804656982422,39.81804656982422,12700,0.0,0.0
2025-08-19 00:00:00-04:00,39.818049923996135,39.818049923996135,38.84211730957031,38.84211730957031,9400,0.0,0.0
2025-08-20 00:00:00-04:00,39.378878471925624,39.378878471925624,38.93971178524206,39.13489532470703,11000,0.0,0.0
2025-08-21 00:00:00-04:00,39.32032982391089,39.515517110709446,39.056827545166016,39.056827545166016,1500,0.0,0.0
2025-08-22 00:00:00-04:00,39.53503044999466,40.39385223388672,39.53503044999466,40.39385223388672,4100,0.0,0.0
2025-08-25 00:00:00-04:00,40.491447097277295,40.784226146331065,40.315778923267516,40.69639205932617,5500,0.0,0.0
2025-08-26 00:00:00-04:00,40.69639728151991,40.74519317547579,40.50120998280828,40.735435485839844,1900,0.0,0.0
2025-08-27 00:00:00-04:00,40.676872983386005,40.98917113227711,40.676872983386005,40.80374526977539,3900,0.0,0.0
2025-08-28 00:00:00-04:00,40.80374532204563,41.87726974487305,40.74518802297069,41.87726974487305,6700,0.0,0.0
2025-08-29 00:00:00-04:00,41.86744698524391,41.86744698524391,41.199610344062336,41.59245300292969,4800,0.27,0.0
2025-09-02 00:00:00-04:00,41.87726791935069,41.87726791935069,41.003188570807964,41.73977279663086,4600,0.0,0.0
2025-09-03 00:00:00-04:00,41.6022772334795,42.11297607421875,41.5924540125543,42.11297607421875,3300,0.0,0.0
2025-09-04 00:00:00-04:00,42.24064737926496,42.770988907919495,42.24064737926496,42.76116943359375,1700,0.0,0.0
2025-09-05 00:00:00-04:00,42.348679273256565,42.967411041259766,42.348679273256565,42.967411041259766,5000,0.0,0.0
2025-09-08 00:00:00-04:00,42.83973731375716,43.21294103534424,42.62367515617398,43.19329833984375,4400,0.0,0.0
2025-09-09 00:00:00-04:00,43.07544700483408,43.43882751464844,43.07544700483408,43.43882751464844,1400,0.0,0.0
2025-09-10 00:00:00-04:00,43.78256943094596,43.78256943094596,42.829919272821634,43.34061813354492,1900,0.0,0.0
2025-09-11 00:00:00-04:00,43.46829012982361,43.4977560473528,43.360260920420636,43.42900848388672,2600,0.0,0.0
2025-09-12 00:00:00-04:00,43.36025915171485,44.19505310058594,43.36025915171485,44.19505310058594,2800,0.0,0.0
2025-09-15 00:00:00-04:00,43.625425079535674,44.440580059030204,43.60578613109138,43.94952392578125,8900,0.0,0.0
2025-09-16 00:00:00-04:00,43.9593434000034,44.09684226434033,43.90041906174855,43.94952392578125,1800,0.0,0.0
2025-09-17 00:00:00-04:00,43.72363638598665,43.91023635864258,43.72363638598665,43.91023635864258,2300,0.0,0.0
2025-09-18 00:00:00-04:00,43.812028903908875,44.096842360968,43.80220568320422,44.03791427612305,3900,0.0,0.0
2025-09-19 00:00:00-04:00,43.91023775205972,44.88253052697755,42.49599746227653,43.242401123046875,7900,0.0,0.0
2025-09-22 00:00:00-04:00,44.27362634736454,44.56825930181494,43.86113721396496,44.13612747192383,3400,0.0,0.0
2025-09-23 00:00:00-04:00,44.195053617833025,44.195053617833025,43.212941315214515,43.45846939086914,2700,0.0,0.0
2025-09-24 00:00:00-04:00,43.70399572270603,43.71381519689753,43.40936279296875,43.40936279296875,10400,0.0,0.0
2025-09-25 00:00:00-04:00,44.607538464556754,44.607538464556754,43.998629893068895,44.19505310058594,5000,0.0,0.0
2025-09-26 00:00:00-04:00,44.68610729037192,44.853064574254496,44.1950511663019,44.78431701660156,4100,0.0,0.0
2025-09-29 00:00:00-04:00,44.803961742996286,47.553875413204615,44.803961742996286,47.5440559387207,3700,0.0,0.0
2025-09-30 00:00:00-04:00,46.69943681657018,46.69943681657018,45.687862396240234,45.687862396240234,2200,0.0,0.0
2025-10-01 00:00:00-04:00,45.50126246932755,45.50126246932755,44.951278259048095,45.32448196411133,1700,0.0,0.0
2025-10-02 00:00:00-04:00,45.04949196682511,46.14946048458972,44.68611145019531,44.68611145019531,2600,0.0,0.0
2025-10-03 00:00:00-04:00,44.725392038397544,45.70750427246094,44.6861066498844,45.70750427246094,8500,0.0,0.0
2025-10-06 00:00:00-04:00,46.13963360961471,46.13963360961471,45.65840069935266,45.76642990112305,3200,0.0,0.0
2025-10-07 00:00:00-04:00,46.1199897908479,46.1199897908479,44.99056296518315,45.52090072631836,4400,0.0,0.0
2025-10-08 00:00:00-04:00,45.54054516229186,46.00213913060755,45.54054516229186,45.93339157104492,2400,0.0,0.0
2025-10-09 00:00:00-04:00,45.91374746786581,45.95303285682851,44.92181574855365,45.422691345214844,4400,0.0,0.0
2025-10-10 00:00:00-04:00,44.92182025460612,44.92182025460612,44.04773712158203,44.04773712158203,12200,0.0,0.0
2025-10-14 00:00:00-04:00,44.12630790738876,44.32273112544429,44.04773712158203,44.04773712158203,3200,0.0,0.0
2025-10-15 00:00:00-04:00,44.06737845500083,44.73521512785627,44.06737845500083,44.35219192504883,5100,0.0,0.0
2025-10-16 00:00:00-04:00,45.020028516577995,45.21645172820321,44.597719922845194,45.078956604003906,4400,0.0,0.0
2025-10-17 00:00:00-04:00,44.93163998274213,45.17716807007952,44.93163998274213,45.1280632019043,3500,0.0,0.0
2025-10-20 00:00:00-04:00,44.784319919286524,45.186985817264194,44.715572357177734,44.715572357177734,3400,0.0,0.0
2025-10-21 00:00:00-04:00,45.18698709493037,45.18698709493037,44.68611145019531,44.68611145019531,2500,0.0,0.0
2025-10-22 00:00:00-04:00,45.06913256314963,45.06913256314963,44.686109368000544,44.73521423339844,4400,0.0,0.0
2025-10-23 00:00:00-04:00,44.67629197524261,44.68611145019531,44.29326501578492,44.68611145019531,3600,0.0,0.0
2025-10-24 00:00:00-04:00,44.78432118556728,44.78432118556728,44.538793100676095,44.68611145019531,8000,0.0,0.0
2025-10-27 00:00:00-04:00,44.68611145019531,44.68611145019531,44.68611145019531,44.68611145019531,4100,0.0,0.0
2025-10-28 00:00:00-04:00,44.6468219012957,44.78431701660156,44.6468219012957,44.78431701660156,2900,0.0,0.0
2025-10-29 00:00:00-04:00,45.04949132414237,45.04949132414237,44.48968759829362,44.88253402709961,2200,0.0,0.0
2025-10-30 00:00:00-04:00,44.6173572175563,44.63699991098711,44.39147186279297,44.39147186279297,1000,0.0,0.0
2025-10-31 00:00:00-04:00,44.42094021752842,44.49951100219656,43.96916944507028,44.24415969848633,4900,0.0,0.0
2025-11-03 00:00:00-05:00,44.597717728585145,44.67628850795392,44.41111774727577,44.58789825439453,3400,0.0,0.0
2025-11-04 00:00:00-05:00,44.16558857689222,44.342369079589844,43.23258120075718,44.342369079589844,4600,0.0,0.0
2025-11-05 00:00:00-05:00,44.09684212272261,44.78431770989453,44.09684212272261,44.58789825439453,2800,0.0,0.0
2025-11-06 00:00:00-05:00,45.17716761997767,45.17716761997767,44.68611145019531,44.68611145019531,700,0.0,0.0
2025-11-07 00:00:00-05:00,44.88252795918125,44.89234743266631,44.38164864284721,44.39147186279297,2000,0.0,0.0
2025-11-10 00:00:00-05:00,44.784319919286524,44.784319919286524,44.587900454096356,44.715572357177734,5000,0.0,0.0
2025-11-11 00:00:00-05:00,44.892351228800855,44.892351228800855,44.75485610961914,44.75485610961914,1100,0.0,0.0
2025-11-12 00:00:00-05:00,44.50932838740982,44.754856458278795,44.49950891301793,44.656646728515625,2500,0.0,0.0
2025-11-13 00:00:00-05:00,44.450396196624716,44.450396196624716,44.37182916936215,44.39147186279297,300,0.0,0.0
2025-11-14 00:00:00-05:00,44.37183643985625,44.489688873291016,43.99863269644131,44.489688873291016,4000,0.0,0.0
2025-11-17 00:00:00-05:00,44.07720193501644,44.165592193603516,44.07720193501644,44.165592193603516,500,0.0,0.0
2025-11-18 00:00:00-05:00,43.44865136078557,43.60578918457031,42.8495622368371,43.60578918457031,3000,0.0,0.0
2025-11-19 00:00:00-05:00,43.61560622903477,43.76292456970056,43.605786754672195,43.75310134887695,3600,0.0,0.0
2025-11-20 00:00:00-05:00,43.91023824497812,43.91023824497812,43.68435287475586,43.68435287475586,1000,0.0,0.0
2025-11-21 00:00:00-05:00,42.810274458706786,43.75310134887695,42.810274458706786,43.75310134887695,900,0.0,0.0
2025-11-24 00:00:00-05:00,43.586146678891964,44.68611145019531,43.586146678891964,44.68611145019531,4300,0.0,0.0
2025-11-25 00:00:00-05:00,45.12806393495893,45.12806393495893,44.83343097466034,45.0200309753418,1300,0.0,0.0
2025-11-26 00:00:00-05:00,44.931636810302734,44.931636810302734,44.79414169053557,44.931636810302734,3800,0.0,0.0
2025-11-27 00:00:00-05:00,44.57807424575081,44.93163525373857,44.57807424575081,44.695926666259766,500,0.0,0.0
2025-11-28 00:00:00-05:00,45.189919918121845,45.44679142878606,44.95280456542969,44.95280456542969,2300,0.27,0.0
2025-12-01 00:00:00-05:00,44.96268122798177,45.10100071117351,44.666289873069125,45.002201080322266,3000,0.0,0.0
2025-12-02 00:00:00-05:00,45.41714917558248,45.41714917558248,45.249191697962,45.28871154785156,1800,0.0,0.0
2025-12-03 00:00:00-05:00,45.180036670565855,45.189918518066406,44.863885389318305,45.189918518066406,1800,0.0,0.0
2025-12-04 00:00:00-05:00,45.18991890499413,45.417152404785156,45.06148126813117,45.417152404785156,9100,0.0,0.0
2025-12-05 00:00:00-05:00,45.921015701826384,46.3853645324707,45.921015701826384,46.3853645324707,1700,0.0,0.0
2025-12-08 00:00:00-05:00,46.63236134196294,46.63236134196294,46.53356170654297,46.53356170654297,2500,0.0,0.0
2025-12-09 00:00:00-05:00,46.70151741425985,46.70151741425985,46.53355992488693,46.54344177246094,1800,0.0,0.0
2025-12-10 00:00:00-05:00,46.26680736003811,46.8101921081543,46.20752758487585,46.8101921081543,600,0.0,0.0
2025-12-11 00:00:00-05:00,47.79816572487471,47.79816572487471,46.43476104736328,46.43476104736328,5300,0.0,0.0
2025-12-12 00:00:00-05:00,47.0374288102685,47.0374288102685,46.36560638776023,46.375484466552734,3000,0.0,0.0
2025-12-15 00:00:00-05:00,46.14824720652813,47.09670098380538,45.911135646618966,46.56319808959961,2400,0.0,0.0
2025-12-16 00:00:00-05:00,46.80031083103262,46.80031083103262,46.029692588642305,46.30632400512695,3200,0.0,0.0
2025-12-17 00:00:00-05:00,46.810191496316826,47.31405638773902,46.28656291127853,46.56319808959961,5600,0.0,0.0
2025-12-18 00:00:00-05:00,47.10658664032834,47.17574449829664,46.91887299281734,46.938629150390625,3500,0.0,0.0
2025-12-19 00:00:00-05:00,47.22514166953597,47.22514166953597,46.53355933216705,46.671878814697266,1500,0.0,0.0
2025-12-22 00:00:00-05:00,46.474282699305924,46.711394271392926,46.23716735839844,46.23716735839844,2000,0.0,0.0
2025-12-23 00:00:00-05:00,46.25692549078265,46.43476104736328,46.17788955942478,46.43476104736328,4600,0.0,0.0
2025-12-24 00:00:00-05:00,45.990177542111454,46.434766485631656,45.990177542111454,46.405128479003906,1200,0.0,0.0
2025-12-29 00:00:00-05:00,46.04945231466969,47.02754411519104,46.04945231466969,46.849708557128906,800,0.0,0.0
2025-12-30 00:00:00-05:00,47.086825546611976,47.086825546611976,47.007789611816406,47.007789611816406,200,0.0,0.0
2025-12-31 00:00:00-05:00,46.879350550119796,46.879350550119796,46.68175506591797,46.68175506591797,800,0.0,0.0
2026-01-02 00:00:00-05:00,46.57307736116595,46.68175506591797,46.5335575105615,46.68175506591797,1200,0.0,0.0
2026-01-05 00:00:00-05:00,47.23502490499368,47.23502490499368,46.22729125844149,46.62247848510742,11200,0.0,0.0
2026-01-06 00:00:00-05:00,47.027544134567215,47.23502146493876,46.82995242003488,47.22513961791992,7000,0.0,0.0
2026-01-07 00:00:00-05:00,47.215264935613945,47.56105422973633,47.215264935613945,47.56105422973633,1600,0.0,0.0
2026-01-08 00:00:00-05:00,47.244900736096724,48.410709971612626,47.23502265764883,48.28227233886719,4200,0.0,0.0
2026-01-09 00:00:00-05:00,47.817928314208984,47.966122107069594,47.669730752527826,47.817928314208984,6800,0.0,0.0
2026-01-12 00:00:00-05:00,47.54129327701854,49.00349389732422,47.54129327701854,48.9639778137207,2900,0.0,0.0
2026-01-13 00:00:00-05:00,48.539148799760035,49.15169143676758,48.539148799760035,49.15169143676758,2700,0.0,0.0
2026-01-14 00:00:00-05:00,48.83553694647085,49.023250579833984,48.46998775778672,49.023250579833984,4700,0.0,0.0
2026-01-15 00:00:00-05:00,48.99361518030732,49.1418127405565,48.60830604624407,49.092411041259766,6500,0.0,0.0
2026-01-16 00:00:00-05:00,49.09241165815889,49.15169143676758,48.90469801246221,49.15169143676758,2700,0.0,0.0
2026-01-19 00:00:00-05:00,49.14181335807641,49.15169143676758,48.924457938665114,49.15169143676758,3200,0.0,0.0
2026-01-20 00:00:00-05:00,49.161568918088136,49.40856233939224,48.89481933964176,48.90469741821289,2400,0.0,0.0
2026-01-21 00:00:00-05:00,48.43047129258867,49.20108957362152,48.43047129258867,49.171451568603516,4100,0.0,0.0
2026-01-22 00:00:00-05:00,49.02324978942152,49.131927490234375,48.993611786952656,49.131927490234375,3400,0.0,0.0
2026-01-23 00:00:00-05:00,49.20109034916781,49.438205699511215,49.19121227027963,49.25048828125,2700,0.0,0.0
2026-01-26 00:00:00-05:00,48.87505881376045,48.91457489638047,48.46010791127621,48.6577033996582,5400,0.0,0.0
2026-01-27 00:00:00-05:00,50.357019103923626,50.38665710796459,48.66758126600009,49.201087951660156,3300,0.0,0.0
2026-01-28 00:00:00-05:00,49.201088955853855,49.201088955853855,49.1121711730957,49.1121711730957,1600,0.0,0.0
2026-01-29 00:00:00-05:00,49.51723925286989,49.51723925286989,49.003492492546144,49.3888053894043,10000,0.0,0.0
2026-01-30 00:00:00-05:00,48.90469659338722,49.290005721111726,48.50950561843773,48.82565689086914,3800,0.0,0.0
2026-02-02 00:00:00-05:00,48.40083130277611,48.410709381103516,48.183475891369035,48.410709381103516,4100,0.0,0.0
2026-02-03 00:00:00-05:00,48.25263696340307,48.311916743781275,47.76852817903273,48.163719177246094,1000,0.0,0.0
2026-02-04 00:00:00-05:00,47.926603237556456,48.01552102262438,47.916725158691406,47.916725158691406,1800,0.0,0.0
2026-02-05 00:00:00-05:00,47.422737139773304,47.422737139773304,46.74103665016445,46.85959243774414,1000,0.0,0.0
2026-02-06 00:00:00-05:00,47.017667465372114,47.70924979342143,47.017667465372114,47.175743103027344,6300,0.0,0.0
2026-02-09 00:00:00-05:00,46.45452451332383,47.916725158691406,46.45452451332383,47.916725158691406,2700,0.0,0.0
2026-02-10 00:00:00-05:00,47.60057106186587,48.01551818847656,47.60057106186587,48.01551818847656,4300,0.0,0.0
2026-02-11 00:00:00-05:00,48.74662079703664,48.80590057373047,47.92660084579741,48.80590057373047,15200,0.0,0.0
2026-02-12 00:00:00-05:00,48.41071162253929,48.41071162253929,48.03528055876819,48.06492233276367,3900,0.0,0.0
2026-02-13 00:00:00-05:00,47.99576363529419,48.54902648925781,47.99576363529419,48.54902648925781,500,0.0,0.0
2026-02-17 00:00:00-05:00,48.657704793637016,48.657704793637016,48.420589447021484,48.420589447021484,3800,0.0,0.0
2026-02-18 00:00:00-05:00,48.87505742713528,48.89481735229492,48.70709994768851,48.89481735229492,1300,0.0,0.0
2026-02-19 00:00:00-05:00,48.410709381103516,48.410709381103516,48.410709381103516,48.410709381103516,200,0.0,0.0
2026-02-20 00:00:00-05:00,48.4107117707187,49.24060983754099,48.4107117707187,49.21097183227539,3800,0.0,0.0
2026-02-23 00:00:00-05:00,48.64782791256236,49.33940650550739,48.64782791256236,49.102294921875,3000,0.0,0.0
2026-02-24 00:00:00-05:00,49.10229373450598,49.10229373450598,48.954096171703874,48.98373794555664,4200,0.0,0.0
2026-02-25 00:00:00-05:00,49.428319851617736,50.38665548550175,49.398681848531126,50.1693000793457,5400,0.0,0.0
2026-02-26 00:00:00-05:00,49.87290914526177,49.93218892073463,49.39868224793999,49.64567565917969,2900,0.0,0.0
2026-02-27 00:00:00-05:00,50.202376408363456,50.202376408363456,49.95384979248047,49.95384979248047,2100,0.31,0.0
2026-03-02 00:00:00-05:00,50.05326069312107,50.64972686767578,50.05326069312107,50.64972686767578,4500,0.0,0.0
2026-03-03 00:00:00-05:00,50.202378121518834,50.202378121518834,49.38721109698229,49.96379089355469,5500,0.0,0.0
2026-03-04 00:00:00-05:00,49.57608827451807,50.381315875176426,49.51644431372389,49.95384979248047,4100,0.0,0.0
2026-03-05 00:00:00-05:00,50.202376792605854,50.50060797550502,49.7152629531722,49.93396759033203,6400,0.0,0.0
2026-03-06 00:00:00-05:00,49.745090074901476,49.86438179285281,48.83051012470033,48.88021469116211,6400,0.0,0.0
2026-03-09 00:00:00-04:00,49.178449045558644,49.20827102661133,47.43876269613299,49.20827102661133,7200,0.0,0.0
2026-03-10 00:00:00-04:00,49.19832911596223,49.44685572460735,48.96968129885944,49.436912536621094,600,0.0,0.0
2026-03-11 00:00:00-04:00,49.049212163407354,49.71526166150347,49.02932957943529,49.705322265625,2400,0.0,0.0
2026-03-12 00:00:00-04:00,49.34744349805501,49.34744349805501,47.25982147303736,47.42881774902344,2300,0.0,0.0
2026-03-13 00:00:00-04:00,48.2638678275331,48.2638678275331,47.65746228076949,47.89604949951172,500,0.0,0.0
2026-03-16 00:00:00-04:00,47.76681486735862,48.959743383365904,47.2598222389685,48.47262954711914,6700,0.0,0.0
2026-03-17 00:00:00-04:00,48.01534052515308,48.70127639907928,47.90598820947121,48.62174606323242,3100,0.0,0.0
2026-03-18 00:00:00-04:00,47.97557601558873,48.094871520996094,47.717110004969825,48.094871520996094,2700,0.0,0.0
2026-03-19 00:00:00-04:00,47.72704818089524,47.72704818089524,46.28559688678288,47.26976013183594,8500,0.0,0.0
2026-03-20 00:00:00-04:00,46.385007234914724,46.385007234914724,45.24178328994048,45.53007507324219,4700,0.0,0.0
2026-03-23 00:00:00-04:00,45.778603845308936,46.47447915798928,45.778603845308936,46.20606994628906,2000,0.0,0.0
2026-03-24 00:00:00-04:00,45.82830799637239,46.424774169921875,44.99325838717538,46.424774169921875,3600,0.0,0.0
2026-03-25 00:00:00-04:00,46.22595174331903,47.329410552978516,46.22595174331903,47.329410552978516,1800,0.0,0.0
2026-03-26 00:00:00-04:00,47.03118026336811,47.16041137902592,46.52418382059693,46.69318389892578,1800,0.0,0.0
2026-03-27 00:00:00-04:00,46.603712587073595,46.77270886747779,45.88795471191406,45.88795471191406,3900,0.0,0.0
2026-03-30 00:00:00-04:00,45.91777766839313,46.225952047238906,45.73883819580078,45.73883819580078,2900,0.0,0.0
2026-03-31 00:00:00-04:00,46.066894787989895,46.832357238522974,46.066894787989895,46.64347457885742,1300,0.0,0.0
2026-04-01 00:00:00-04:00,46.72300595256754,47.180294036865234,46.72300595256754,47.180294036865234,1000,0.0,0.0
2026-04-02 00:00:00-04:00,46.24583169637389,47.46858215332031,46.24583169637389,47.46858215332031,5100,0.0,0.0
2026-04-06 00:00:00-04:00,47.54811325324142,47.54811325324142,47.180291136892045,47.42881774902344,2700,0.0,0.0
2026-04-07 00:00:00-04:00,47.150470319697554,47.36917495727539,46.772708798121826,47.36917495727539,3400,0.0,0.0
2026-04-08 00:00:00-04:00,47.71711058937824,48.025284960465456,47.71711058937824,47.96563720703125,3500,0.0,0.0
2026-04-09 00:00:00-04:00,47.45864367131617,47.71710968017578,47.45864367131617,47.71710968017578,5900,0.0,0.0
2026-04-10 00:00:00-04:00,47.95569689715133,47.95569689715133,47.13058672200168,47.71710968017578,8700,0.0,0.0
2026-04-13 00:00:00-04:00,47.607756423684805,47.66740417480469,47.548112464780004,47.66740417480469,22400,0.0,0.0
2026-04-14 00:00:00-04:00,47.717109472696116,49.44685635965601,47.717109472696116,49.10886001586914,11300,0.0,0.0
2026-04-15 00:00:00-04:00,49.188387419384796,50.202376468467186,48.711216771384,49.55620574951172,9900,0.0,0.0
2026-04-16 00:00:00-04:00,49.90414706653674,50.32166997634109,49.90414706653674,50.25208282470703,400,0.0,0.0
2026-04-17 00:00:00-04:00,50.351492674711224,51.94206146093515,50.351492674711224,51.69353485107422,5200,0.0,0.0
2026-04-20 00:00:00-04:00,51.02748726671592,51.5941276550293,50.99766149371005,51.5941276550293,1800,0.0,0.0
2026-04-21 00:00:00-04:00,51.68359748778543,51.68359748778543,50.45090378582311,50.99766159057617,5100,0.0,0.0
2026-04-22 00:00:00-04:00,51.19648447932247,51.67365514173381,51.18654508294977,51.64383316040039,1100,0.0,0.0
2026-04-23 00:00:00-04:00,51.792947416402924,52.46894014347759,51.08713270767405,51.71342086791992,2600,0.0,0.0
2026-04-24 00:00:00-04:00,51.33565723974736,51.753183926949674,51.33565723974736,51.723358154296875,2300,0.0,0.0
2026-04-27 00:00:00-04:00,51.02748645144184,51.27601306663363,50.7491340637207,50.7491340637207,3000,0.0,0.0
2026-04-28 00:00:00-04:00,50.769017993129,50.87837031346511,50.769017993129,50.778961181640625,1000,0.0,0.0
2026-04-29 00:00:00-04:00,51.94206238127835,51.94206238127835,49.576087951660156,49.576087951660156,5900,0.0,0.0
2026-04-30 00:00:00-04:00,49.963788806429115,50.22225860861121,49.7152621924468,49.973731994628906,6300,0.0,0.0
2026-05-01 00:00:00-04:00,51.19648450824908,51.19648450824908,49.953851389116814,50.56025695800781,700,0.0,0.0
2026-05-04 00:00:00-04:00,49.58603325350556,50.938018699488005,47.74693395422652,50.450904846191406,2800,0.0,0.0
2026-05-05 00:00:00-04:00,50.46084248486241,50.93801692511759,50.39125533570336,50.6397819519043,2700,0.0,0.0
2026-05-06 00:00:00-04:00,50.87836789865756,51.494712829589844,50.87836789865756,51.494712829589844,1200,0.0,0.0
2026-05-07 00:00:00-04:00,51.19648294141833,51.82277107611419,50.7093691050515,51.723358154296875,8100,0.0,0.0
2026-05-08 00:00:00-04:00,51.48477545523138,52.22041212601782,51.47483226680127,51.882415771484375,900,0.0,0.0
2026-05-11 00:00:00-04:00,52.657820984092794,52.657820984092794,51.84265398122348,52.10111999511719,2400,0.0,0.0
2026-05-12 00:00:00-04:00,51.8426544498115,51.8426544498115,50.69943048090498,51.683597564697266,700,0.0,0.0
2026-05-13 00:00:00-04:00,51.81282656198724,51.81282656198724,51.69353485107422,51.69353485107422,300,0.0,0.0
2026-05-14 00:00:00-04:00,51.93212298193443,52.00171013054678,51.922179793723984,51.94206237792969,3000,0.0,0.0
2026-05-15 00:00:00-04:00,51.534480947974565,51.78300757218505,51.047367095947266,51.047367095947266,2200,0.0,0.0
2026-05-19 00:00:00-04:00,50.80878255028202,51.3953055222931,50.50060817779646,50.9081916809082,6100,0.0,0.0
2026-05-20 00:00:00-04:00,50.74913493856065,51.19648361206055,50.51055150750422,51.19648361206055,600,0.0,0.0
2026-05-21 00:00:00-04:00,51.196483547483126,51.703476181999996,51.196483547483126,51.5941276550293,2700,0.0,0.0
2026-05-22 00:00:00-04:00,51.69353485107422,51.94206146093515,51.69353485107422,51.69353485107422,3400,0.0,0.0
2026-05-25 00:00:00-04:00,52.18064880371094,52.18064880371094,52.18064880371094,52.18064880371094,300,0.0,0.0
2026-05-26 00:00:00-04:00,52.687641059384646,52.687641059384646,51.9420612330726,52.001708984375,4300,0.0,0.0
2026-05-27 00:00:00-04:00,52.2303531415918,52.46893656297514,52.22040995357535,52.28999710083008,1600,0.0,0.0
2026-05-28 00:00:00-04:00,52.28999710083008,52.68764119275579,52.190587973956205,52.28999710083008,9400,0.0,0.0
2026-05-29 00:00:00-04:00,53.0,53.0,52.959999084472656,53.0,700,0.31,0.0
2026-06-01 00:00:00-04:00,53.959999084472656,53.959999084472656,52.5099983215332,53.099998474121094,2300,0.0,0.0
2026-06-02 00:00:00-04:00,53.099998474121094,53.29999923706055,52.79999923706055,52.810001373291016,4100,0.0,0.0
2026-06-03 00:00:00-04:00,53.2599983215332,54.18000030517578,52.79999923706055,52.79999923706055,3800,0.0,0.0
2026-06-04 00:00:00-04:00,53.0,53.0,52.70000076293945,52.90999984741211,7700,0.0,0.0
2026-06-05 00:00:00-04:00,52.63999938964844,52.63999938964844,52.52000045776367,52.52000045776367,19800,0.0,0.0
2026-06-08 00:00:00-04:00,52.0,52.25,51.75,51.75,1700,0.0,0.0
2026-06-09 00:00:00-04:00,51.40999984741211,51.459999084472656,51.0099983215332,51.400001525878906,3600,0.0,0.0
2026-06-10 00:00:00-04:00,50.61000061035156,51.5,50.61000061035156,51.0,2800,0.0,0.0
2026-06-11 00:00:00-04:00,51.04999923706055,51.5,51.04999923706055,51.5,2200,0.0,0.0
2026-06-12 00:00:00-04:00,51.86000061035156,51.939998626708984,51.189998626708984,51.189998626708984,1200,0.0,0.0
2026-06-15 00:00:00-04:00,51.47999954223633,54.2400016784668,51.47999954223633,54.20000076293945,2500,0.0,0.0
2026-06-16 00:00:00-04:00,54.15999984741211,54.2400016784668,52.5,52.5,2200,0.0,0.0
2026-06-17 00:00:00-04:00,52.720001220703125,54.18000030517578,52.70000076293945,52.70000076293945,5600,0.0,0.0
2026-06-18 00:00:00-04:00,53.880001068115234,53.880001068115234,52.689998626708984,52.689998626708984,700,0.0,0.0
2026-06-19 00:00:00-04:00,52.900001525878906,53.0,52.599998474121094,52.599998474121094,3000,0.0,0.0
2026-06-22 00:00:00-04:00,52.61000061035156,52.849998474121094,51.70000076293945,51.70000076293945,4500,0.0,0.0
2026-06-23 00:00:00-04:00,51.77000045776367,51.77000045776367,50.77000045776367,51.08000183105469,1800,0.0,0.0
2026-06-24 00:00:00-04:00,51.36000061035156,51.36000061035156,50.720001220703125,51.0,1000,0.0,0.0
2026-06-25 00:00:00-04:00,50.61000061035156,51.459999084472656,50.61000061035156,51.29999923706055,700,0.0,0.0
2026-06-26 00:00:00-04:00,50.0,51.209999084472656,49.95000076293945,50.59000015258789,7900,0.0,0.0
2026-06-29 00:00:00-04:00,50.970001220703125,52.689998626708984,50.970001220703125,51.75,5800,0.0,0.0
2026-06-30 00:00:00-04:00,51.970001220703125,52.59000015258789,51.970001220703125,52.59000015258789,4100,0.0,0.0
2026-07-02 00:00:00-04:00,52.52000045776367,52.63999938964844,51.779998779296875,52.36000061035156,5700,0.0,0.0
2026-07-03 00:00:00-04:00,52.54999923706055,52.54999923706055,52.54999923706055,52.54999923706055,100,0.0,0.0
2026-07-06 00:00:00-04:00,53.0099983215332,54.290000915527344,53.0099983215332,53.400001525878906,4800,0.0,0.0
2026-07-07 00:00:00-04:00,53.099998474121094,53.099998474121094,52.0,52.0,1300,0.0,0.0
2026-07-08 00:00:00-04:00,52.31999969482422,52.4900016784668,51.61000061035156,51.77000045776367,5500,0.0,0.0
2026-07-09 00:00:00-04:00,52.02000045776367,52.20000076293945,52.0,52.16999816894531,4700,0.0,0.0
2026-07-10 00:00:00-04:00,52.0099983215332,53.0099983215332,52.0,53.0099983215332,2500,0.0,0.0
2026-07-13 00:00:00-04:00,53.0,53.0,52.5099983215332,52.599998474121094,1600,0.0,0.0
2026-07-14 00:00:00-04:00,52.349998474121094,52.349998474121094,51.75,52.099998474121094,1400,0.0,0.0
2026-07-15 00:00:00-04:00,51.900001525878906,51.900001525878906,51.75,51.77000045776367,2700,0.0,0.0
2026-07-16 00:00:00-04:00,51.75,51.849998474121094,51.45000076293945,51.599998474121094,3200,0.0,0.0
2026-07-17 00:00:00-04:00,51.349998474121094,51.349998474121094,51.09000015258789,51.20000076293945,6900,0.0,0.0
2026-07-20 00:00:00-04:00,51.5099983215332,51.5099983215332,50.70000076293945,50.95000076293945,3500,0.0,0.0
2026-07-21 00:00:00-04:00,50.79999923706055,50.79999923706055,50.29999923706055,50.599998474121094,8000,0.0,0.0
2026-07-22 00:00:00-04:00,50.849998474121094,50.900001525878906,50.75,50.900001525878906,4000,0.0,0.0
2026-07-23 00:00:00-04:00,50.75,51.0,50.599998474121094,50.70000076293945,5800,0.0,0.0
2026-07-24 00:00:00-04:00,50.7400016784668,51.45000076293945,50.7400016784668,51.45000076293945,1100,0.0,0.0
2026-07-27 00:00:00-04:00,51.290000915527344,51.599998474121094,50.79999923706055,51.189998626708984,1300,0.0,0.0
2026-07-28 00:00:00-04:00,51.0,51.13999938964844,50.75,51.13999938964844,1700,0.0,0.0
2026-07-29 00:00:00-04:00,51.0,51.0,51.0,51.0,100,0.0,0.0
2026-07-30 00:00:00-04:00,51.029998779296875,51.29999923706055,50.79999923706055,51.150001525878906,3400,0.0,0.0
2026-07-31 00:00:00-04:00,50.900001525878906,51.099998474121094,50.900001525878906,51.099998474121094,600,0.0,0.0
2026-08-04 00:00:00-04:00,52.560001373291016,52.9900016784668,51.0,52.54999923706055,7500,0.0,0.0
2026-08-05 00:00:00-04:00,52.18000030517578,52.599998474121094,52.18000030517578,52.599998474121094,2200,0.0,0.0
2026-08-06 00:00:00-04:00,52.81999969482422,52.81999969482422,51.0,52.650001525878906,600,0.0,0.0
2026-08-07 00:00:00-04:00,52.900001525878906,53.02000045776367,52.40999984741211,52.40999984741211,900,0.0,0.0
2026-08-10 00:00:00-04:00,53.91999816894531,53.91999816894531,53.25,53.54999923706055,1400,0.0,0.0
2026-08-11 00:00:00-04:00,53.59000015258789,53.59000015258789,53.25,53.47999954223633,400,0.0,0.0
2026-08-12 00:00:00-04:00,53.7400016784668,53.77000045776367,53.0,53.279998779296875,3000,0.0,0.0
2026-08-13 00:00:00-04:00,53.20000076293945,53.75,52.95000076293945,53.70000076293945,5800,0.0,0.0
2026-08-14 00:00:00-04:00,53.970001220703125,53.9900016784668,53.970001220703125,53.9900016784668,1400,0.0,0.0
2026-08-17 00:00:00-04:00,53.33000183105469,53.5,53.04999923706055,53.04999923706055,1006,0.0,0.0
