Date,Open,High,Low,Close,Volume,Dividends,Stock Splits
2022-01-03 00:00:00-05:00,42.09827496478922,42.61202201026606,41.536058147099915,41.875328063964844,154600,0.0,0.0
2022-01-04 00:00:00-05:00,41.97226435415202,42.96098790170281,41.97226435415202,42.61202621459961,183600,0.0,0.0
2022-01-05 00:00:00-05:00,42.6604884373728,42.85435643465172,41.79777973209232,41.82686233520508,130800,0.0,0.0
2022-01-06 00:00:00-05:00,41.82685855252879,42.06919260278047,41.487588663541956,41.700843811035156,223200,0.0,0.0
2022-01-07 00:00:00-05:00,41.4488185245075,41.72992693871389,40.61519241333008,40.61519241333008,200300,0.0,0.0
2022-01-10 00:00:00-05:00,40.65396994174937,40.65396994174937,39.81064825399726,40.3825569152832,188000,0.0,0.0
2022-01-11 00:00:00-05:00,40.38254442442881,40.770280368927324,39.704008370418414,40.65395736694336,217700,0.0,0.0
2022-01-12 00:00:00-05:00,40.83813643658839,41.03200442228196,40.188679239173595,40.343772888183594,155200,0.0,0.0
2022-01-13 00:00:00-05:00,40.46009517778098,41.03200369164494,40.421320841787846,40.56671905517578,85600,0.0,0.0
2022-01-14 00:00:00-05:00,40.12082011531404,40.70242398710531,40.06266231654152,40.55702209472656,107600,0.0,0.0
2022-01-18 00:00:00-05:00,40.20807377768822,40.46979505168961,39.403526481513516,39.93666076660156,227900,0.0,0.0
2022-01-19 00:00:00-05:00,39.9269601953238,40.09174928637325,38.75406417947419,38.76375961303711,166800,0.0,0.0
2022-01-20 00:00:00-05:00,38.938230730851416,39.374432730729566,38.02705609600231,38.143375396728516,212800,0.0,0.0
2022-01-21 00:00:00-05:00,38.075523349219786,39.41320829127391,37.804110406496115,38.2015380859375,273400,0.0,0.0
2022-01-24 00:00:00-05:00,37.619942881320036,38.79283890898258,37.222515148900314,38.58927917480469,311900,0.0,0.0
2022-01-25 00:00:00-05:00,38.017365745633924,38.46325949608649,36.88324050466434,37.8234977722168,430800,0.0,0.0
2022-01-26 00:00:00-05:00,38.3954077487742,38.72498220704487,36.7184565544842,37.251590728759766,339300,0.0,0.0
2022-01-27 00:00:00-05:00,37.56179079566336,37.93013971495815,36.43736056104414,36.85417556762695,191600,0.0,0.0
2022-01-28 00:00:00-05:00,36.737844774332075,37.01894947212548,35.95268109304193,36.98017883300781,125400,0.0,0.0
2022-01-31 00:00:00-05:00,36.72814686547545,37.8234977722168,36.72814686547545,37.8234977722168,360000,0.0,0.0
2022-02-01 00:00:00-05:00,37.823498990175466,38.317858825470246,37.0868014070127,37.755645751953125,212300,0.0,0.0
2022-02-02 00:00:00-05:00,37.765347146218424,38.21124102507573,36.94141264408101,37.0092658996582,191000,0.0,0.0
2022-02-03 00:00:00-05:00,36.737840678660824,37.05771967763487,36.2143982828227,36.32102584838867,174400,0.0,0.0
2022-02-04 00:00:00-05:00,36.0883888758681,36.52459093676183,35.41954818098065,35.62310791015625,492600,0.0,0.0
2022-02-07 00:00:00-05:00,35.50678668901499,35.99145479785545,35.37108021017553,35.45832061767578,215900,0.0,0.0
2022-02-08 00:00:00-05:00,35.807288628003185,36.311344046791824,35.75882254302308,36.107784271240234,279900,0.0,0.0
2022-02-09 00:00:00-05:00,36.52459217339234,36.99956489088346,36.32103243732472,36.4664306640625,182200,0.0,0.0
2022-02-10 00:00:00-05:00,35.90421822353867,36.67968654092862,35.603722632795545,35.78789520263672,172800,0.0,0.0
2022-02-11 00:00:00-05:00,36.11747643720509,36.18533339425178,35.3613951489238,35.93330383300781,249200,0.0,0.0
2022-02-14 00:00:00-05:00,36.088385180685194,36.52458719691508,35.642491429749775,35.826663970947266,324000,0.0,0.0
2022-02-15 00:00:00-05:00,36.29195022336842,37.01895245803487,36.20470980729946,36.87355422973633,207100,0.0,0.0
2022-02-16 00:00:00-05:00,36.5730519655228,37.00925396624337,36.3404133636211,36.728145599365234,139700,0.0,0.0
2022-02-17 00:00:00-05:00,36.39857643970836,36.524591191004696,36.020535883543765,36.15624237060547,241700,0.0,0.0
2022-02-18 00:00:00-05:00,35.95268346879008,36.50520486326336,35.83636414830216,36.26287078857422,384200,0.0,0.0
2022-02-22 00:00:00-05:00,36.29194385211851,36.47612008577793,35.43893070888937,35.516475677490234,187800,0.0,0.0
2022-02-23 00:00:00-05:00,35.72002660073795,35.94297711276298,35.060877889878526,35.20627975463867,273000,0.0,0.0
2022-02-24 00:00:00-05:00,34.63438324187229,34.85733013225363,33.946155402296306,34.77978515625,267700,0.0,0.0
2022-02-25 00:00:00-05:00,34.905796889388164,35.46801369177445,34.644079354731765,35.01242446899414,445000,0.0,0.0
2022-02-28 00:00:00-05:00,34.605311165679744,35.23537762427128,34.469604657605416,35.00273895263672,571200,0.0,0.0
2022-03-01 00:00:00-05:00,35.7200410698035,35.77820257881156,32.278897954570354,32.618167877197266,718500,0.0,0.0
2022-03-02 00:00:00-05:00,32.521233382328255,33.95585071804607,32.463075568624284,33.53903579711914,493500,0.0,0.0
2022-03-03 00:00:00-05:00,33.53903826125287,33.917082566727196,32.21104841672367,33.85892105102539,560500,0.0,0.0
2022-03-04 00:00:00-05:00,33.393636942082445,33.887996837965886,33.131915692123705,33.761985778808594,478700,0.0,0.0
2022-03-07 00:00:00-05:00,33.849220452241894,34.023701275003916,32.6084712216892,32.68601989746094,658400,0.0,0.0
2022-03-08 00:00:00-05:00,32.87019094781076,34.28542093619743,32.79264597332102,33.7135124206543,353400,0.0,0.0
2022-03-09 00:00:00-05:00,34.36296638655894,34.527751752977075,33.606881694259854,33.742591857910156,348700,0.0,0.0
2022-03-10 00:00:00-05:00,33.21914728111154,33.713507045623686,32.96711783432212,33.12221145629883,337600,0.0,0.0
2022-03-11 00:00:00-05:00,33.46147857478155,33.58749328792615,32.5599958148304,32.59877014160156,169500,0.0,0.0
2022-03-14 00:00:00-04:00,32.79265123406773,32.79265123406773,32.15288567884117,32.356449127197266,236200,0.0,0.0
2022-03-15 00:00:00-04:00,32.50184212240399,32.68601836989227,32.03656118269146,32.67632293701172,357600,0.0,0.0
2022-03-16 00:00:00-04:00,32.90896892259812,33.56811791840066,32.71510091835185,33.383941650390625,250800,0.0,0.0
2022-03-17 00:00:00-04:00,33.053501010497875,33.442252892072304,32.82025284748338,32.87856674194336,660400,0.09,0.0
2022-03-18 00:00:00-04:00,32.781370247083416,33.597746066333265,32.227401338386585,33.57830810546875,618200,0.0,0.0
2022-03-21 00:00:00-04:00,33.31590142313963,33.99621522841018,33.102091266989206,33.257591247558594,170600,0.0,0.0
2022-03-22 00:00:00-04:00,33.47140820650903,33.84072212570096,32.96603224009185,33.44225311279297,444000,0.0,0.0
2022-03-23 00:00:00-04:00,33.131253670049446,33.20900182379468,32.72306381379537,33.18956756591797,458900,0.0,0.0
2022-03-24 00:00:00-04:00,33.32562434124332,33.32562434124332,32.62587253121862,33.238155364990234,280900,0.0,0.0
2022-03-25 00:00:00-04:00,33.383932204235556,33.685215036517604,33.10209104022998,33.57830810546875,357500,0.0,0.0
2022-03-28 00:00:00-04:00,33.461688870212285,33.55887498112943,32.87856478988447,33.07293701171875,366500,0.0,0.0
2022-03-29 00:00:00-04:00,33.413100524063026,33.957348753766425,33.413100524063026,33.7726936340332,333900,0.0,0.0
2022-03-30 00:00:00-04:00,33.74354112272551,33.80185131899544,33.160413208133185,33.218727111816406,212200,0.0,0.0
2022-03-31 00:00:00-04:00,33.09237379736302,33.23815666596164,32.75221871384937,32.800811767578125,346800,0.0,0.0
2022-04-01 00:00:00-04:00,32.82025549138561,33.05350367318988,32.45094154488034,32.99519348144531,660400,0.0,0.0
2022-04-04 00:00:00-04:00,33.03406913090901,33.05350338971519,32.5675653564753,32.927162170410156,189200,0.0,0.0
2022-04-05 00:00:00-04:00,32.8979995513387,33.09237548357042,32.19825138568208,32.32459259033203,303300,0.0,0.0
2022-04-06 00:00:00-04:00,32.003877177474806,32.237125342787735,31.838656328583138,31.955284118652344,317500,0.0,0.0
2022-04-07 00:00:00-04:00,31.838653845316408,31.94556079083523,31.508215880718428,31.8192195892334,342400,0.0,0.0
2022-04-08 00:00:00-04:00,31.77062910109618,31.96500506702522,31.12919100871957,31.17778778076172,271600,0.0,0.0
2022-04-11 00:00:00-04:00,31.119472642406574,31.731755613162917,31.119472642406574,31.401317596435547,341000,0.0,0.0
2022-04-12 00:00:00-04:00,31.624843250760318,32.22740528164023,31.39159139925806,31.663719177246094,482500,0.0,0.0
2022-04-13 00:00:00-04:00,31.74147494411959,32.4509440894769,31.576257778004038,32.441226959228516,381200,0.0,0.0
2022-04-14 00:00:00-04:00,32.55784200787715,32.84940403064434,32.18852813508549,32.382904052734375,544800,0.0,0.0
2022-04-18 00:00:00-04:00,32.27599504082932,32.781370911310944,32.091339969992816,32.402339935302734,462900,0.0,0.0
2022-04-19 00:00:00-04:00,32.528693618171744,33.41310070360506,32.51897278121023,33.17013168334961,233800,0.0,0.0
2022-04-20 00:00:00-04:00,33.50056671912719,33.93790795075258,33.37422180175781,33.37422180175781,197700,0.0,0.0
2022-04-21 00:00:00-04:00,33.69494138426877,34.2294761857949,33.4325381093179,34.2003173828125,400300,0.0,0.0
2022-04-22 00:00:00-04:00,34.16143629385244,34.16143629385244,33.646339592164466,34.035091400146484,689600,0.0,0.0
2022-04-25 00:00:00-04:00,33.792129229506116,33.792129229506116,32.88828424583535,33.724098205566406,471400,0.0,0.0
2022-04-26 00:00:00-04:00,33.32562199509522,33.62690111965831,32.83968409621338,33.0826530456543,445800,0.0,0.0
2022-04-27 00:00:00-04:00,33.05350231107254,33.694940345720475,32.82025413888031,33.43253707885742,399800,0.0,0.0
2022-04-28 00:00:00-04:00,33.665791561452494,34.355822785697306,32.91744642952269,34.044822692871094,370200,0.0,0.0
2022-04-29 00:00:00-04:00,34.044812950540106,34.47244073636549,32.94659580900896,33.07293701171875,647400,0.0,0.0
2022-05-02 00:00:00-04:00,32.92716064472756,34.20031586008,32.76193979322677,33.47140884399414,534600,0.0,0.0
2022-05-03 00:00:00-04:00,33.6171795339066,33.86986557654723,33.23814861623993,33.65605545043945,338300,0.0,0.0
2022-05-04 00:00:00-04:00,33.81156637230895,34.812597449432324,33.607473305453,34.79315948486328,327800,0.0,0.0
2022-05-05 00:00:00-04:00,34.26835902638219,34.657111055662575,32.78138937310082,33.15070343017578,299600,0.0,0.0
2022-05-06 00:00:00-04:00,33.170129795952846,33.35478490617133,32.52869176727312,32.86884689331055,220200,0.0,0.0
2022-05-09 00:00:00-04:00,32.5092520879409,33.33534518328645,32.324593280045036,32.84940719604492,367300,0.0,0.0
2022-05-10 00:00:00-04:00,33.1895668571338,33.1895668571338,31.49850098718835,31.780345916748047,292200,0.0,0.0
2022-05-11 00:00:00-04:00,31.906682869123077,32.5481207201904,31.653993096253405,31.71230697631836,195400,0.0,0.0
2022-05-12 00:00:00-04:00,31.71231513102207,31.858094307553337,30.963970161107447,31.654001235961914,317700,0.0,0.0
2022-05-13 00:00:00-04:00,31.994164611686394,32.2274165447072,31.352726430146316,31.790071487426758,223400,0.0,0.0
2022-05-16 00:00:00-04:00,31.624851680570988,31.965006859461106,31.03200661957959,31.673444747924805,192400,0.0,0.0
2022-05-17 00:00:00-04:00,32.139937565256226,33.29646861811721,32.10106163724093,33.20899963378906,240000,0.0,0.0
2022-05-18 00:00:00-04:00,32.69390026109889,33.11180713817169,32.023307315462255,32.16908645629883,288700,0.0,0.0
2022-05-19 00:00:00-04:00,32.01317082207004,32.93897106918531,31.720813827591762,32.64661407470703,333800,0.09,0.0
2022-05-20 00:00:00-04:00,32.82202901489817,32.88050190080218,31.837755881878895,32.64661407470703,324700,0.0,0.0
2022-05-23 00:00:00-04:00,33.16310785897291,33.25081531929207,32.13985663359635,32.24705505371094,289800,0.0,0.0
2022-05-24 00:00:00-04:00,32.17884264751966,32.89998966410432,31.594124931820833,32.7733039855957,185200,0.0,0.0
2022-05-25 00:00:00-04:00,32.568647656610395,33.42623132792004,32.568647656610395,33.338523864746094,160700,0.0,0.0
2022-05-26 00:00:00-04:00,33.65036922033509,34.23508683590272,33.65036922033509,33.85502243041992,153100,0.0,0.0
2022-05-27 00:00:00-04:00,34.04018677195283,34.654139071918735,34.04018677195283,34.537193298339844,116500,0.0,0.0
2022-05-31 00:00:00-04:00,34.05968347261928,34.410513417422194,33.699109903803645,34.20586013793945,206000,0.0,0.0
2022-06-01 00:00:00-04:00,34.45922988653079,34.907510823347195,33.89400318726792,34.66387939453125,228400,0.0,0.0
2022-06-02 00:00:00-04:00,34.7126067154084,35.63840693584962,34.400758767947046,35.5701904296875,186400,0.0,0.0
2022-06-03 00:00:00-04:00,35.29732592264636,35.47274086532543,34.82955398134249,35.28757858276367,162100,0.0,0.0
2022-06-06 00:00:00-04:00,35.190128326416016,35.40452519868557,34.888023980719915,35.190128326416016,225700,0.0,0.0
2022-06-07 00:00:00-04:00,34.90751849058115,35.755355008177254,34.56643590233024,35.67739486694336,189100,0.0,0.0
2022-06-08 00:00:00-04:00,35.41426844661975,35.531210504110966,34.927005536631874,35.326560974121094,198700,0.0,0.0
2022-06-09 00:00:00-04:00,35.258343260630234,35.73585881430728,35.092671943778406,35.385032653808594,318900,0.0,0.0
2022-06-10 00:00:00-04:00,35.08292760019757,35.43375747100287,34.76133231278579,34.90751266479492,523600,0.0,0.0
2022-06-13 00:00:00-04:00,33.92324415749936,34.21560115159236,33.533432353694785,34.14738464355469,480000,0.0,0.0
2022-06-14 00:00:00-04:00,34.07916786921914,34.60540896746609,33.58215763737595,34.459232330322266,464800,0.0,0.0
2022-06-15 00:00:00-04:00,35.131656646728516,35.44350462574498,34.44948779855957,35.131656646728516,498800,0.0,0.0
2022-06-16 00:00:00-04:00,34.77108332087355,34.88802538430665,32.89024809535244,33.71859359741211,863000,0.0,0.0
2022-06-17 00:00:00-04:00,33.923245264154964,34.371526250889595,33.07540512084961,33.07540512084961,635700,0.0,0.0
2022-06-21 00:00:00-04:00,33.50419061670475,34.19610288909613,32.82202196444391,34.01094436645508,258100,0.0,0.0
2022-06-22 00:00:00-04:00,33.68935352900318,34.0109487980157,33.47495668299483,33.73807907104492,304500,0.0,0.0
2022-06-23 00:00:00-04:00,33.67962048425637,34.19611808363531,33.00719515334383,33.57242202758789,409700,0.0,0.0
2022-06-24 00:00:00-04:00,33.94273681514403,35.06343930140843,33.94273681514403,35.05369567871094,767400,0.0,0.0
2022-06-27 00:00:00-04:00,35.346040181239715,35.41425666854891,34.87826838932538,34.9757194519043,336900,0.0,0.0
2022-06-28 00:00:00-04:00,34.97573483420937,35.23885727991722,34.166880250015375,34.22534942626953,225000,0.0,0.0
2022-06-29 00:00:00-04:00,34.31305595621866,34.31305595621866,33.66986901261734,33.8842658996582,142400,0.0,0.0
2022-06-30 00:00:00-04:00,33.55292189058218,34.693115234375,33.12413189862535,34.693115234375,398300,0.0,0.0
2022-07-01 00:00:00-04:00,34.44948337293524,35.34604898556927,33.92324229940033,34.566429138183594,213300,0.0,0.0
2022-07-05 00:00:00-04:00,33.864775837795975,34.176623835879006,33.29954901781962,34.13764190673828,349800,0.0,0.0
2022-07-06 00:00:00-04:00,34.13764265039993,34.60541465771452,33.62114508935868,33.777069091796875,268600,0.0,0.0
2022-07-07 00:00:00-04:00,34.18636200337404,35.0634328685593,34.18636200337404,34.995216369628906,149800,0.0,0.0
2022-07-08 00:00:00-04:00,34.849046539046256,34.99522691940534,34.47872935250717,34.741851806640625,134000,0.0,0.0
2022-07-11 00:00:00-04:00,34.585922982664954,34.84904168260964,34.39101707518806,34.488468170166016,115300,0.0,0.0
2022-07-12 00:00:00-04:00,34.4202466560865,35.08292441465382,34.40075569642035,34.54693603515625,97600,0.0,0.0
2022-07-13 00:00:00-04:00,34.137639112663415,34.478725388445675,34.01095342960702,34.39101791381836,158400,0.0,0.0
2022-07-14 00:00:00-04:00,33.87451370741901,34.39101488699761,33.60164768482554,34.38126754760742,132100,0.0,0.0
2022-07-15 00:00:00-04:00,35.09267421101125,35.1706380633952,34.34229257818169,35.004966735839844,264900,0.0,0.0
2022-07-18 00:00:00-04:00,35.18037719840596,35.33630116576237,34.37152277946976,34.52744674682617,185200,0.0,0.0
2022-07-19 00:00:00-04:00,35.03420225511534,36.1451610406524,35.03420225511534,36.00872802734375,217100,0.0,0.0
2022-07-20 00:00:00-04:00,36.06720192560433,36.330324364723765,35.76510127579858,36.262107849121094,226900,0.0,0.0
2022-07-21 00:00:00-04:00,35.989235839905106,36.90528869628906,35.72611344426361,36.90528869628906,234200,0.0,0.0
2022-07-22 00:00:00-04:00,36.79809736438588,36.895552187589644,36.09644122492573,36.51548767089844,168600,0.0,0.0
2022-07-25 00:00:00-04:00,36.4570068591104,36.83707129325783,36.193884469888204,36.739620208740234,138100,0.0,0.0
2022-07-26 00:00:00-04:00,36.42777068001277,36.992993636968556,36.42777068001277,36.84681701660156,130400,0.0,0.0
2022-07-27 00:00:00-04:00,37.29510003243511,38.05522891017472,36.44726369053165,37.61669158935547,268700,0.0,0.0
2022-07-28 00:00:00-04:00,37.86032699141233,39.741162139865544,37.78236685815843,39.55600357055664,305500,0.0,0.0
2022-07-29 00:00:00-04:00,39.53650310261267,40.80338563295677,39.351344577819034,40.462303161621094,273500,0.0,0.0
2022-08-01 00:00:00-04:00,39.91656722156763,40.871601852406066,39.81911614970416,40.68644332885742,232100,0.0,0.0
2022-08-02 00:00:00-04:00,40.49155459639186,40.60849667560101,40.062764494277175,40.17970657348633,173800,0.0,0.0
2022-08-03 00:00:00-04:00,40.374603522897544,40.89110099873893,39.916575214874676,40.813140869140625,135200,0.0,0.0
2022-08-04 00:00:00-04:00,40.81313478356848,41.06650981388372,40.48179591775913,40.618228912353516,153200,0.0,0.0
2022-08-05 00:00:00-04:00,40.023780502661694,40.433083335116095,39.91658205326836,40.335628509521484,142000,0.0,0.0
2022-08-08 00:00:00-04:00,40.35512207116024,40.47206415187655,39.91658462157192,40.39410400390625,201200,0.0,0.0
2022-08-09 00:00:00-04:00,40.39409101225543,40.45256017504772,39.604723856874735,39.92631912231445,169800,0.0,0.0
2022-08-10 00:00:00-04:00,40.735170756202585,40.735170756202585,40.277146236153165,40.355106353759766,201600,0.0,0.0
2022-08-11 00:00:00-04:00,40.83263266814085,41.212697136837306,40.55001929282059,40.8911018371582,202900,0.0,0.0
2022-08-12 00:00:00-04:00,41.07626569624144,41.553781276648486,40.881359784484644,41.5342903137207,128600,0.0,0.0
2022-08-15 00:00:00-04:00,41.290651450218824,41.972820160298006,41.163965790183845,41.79740524291992,139900,0.0,0.0
2022-08-16 00:00:00-04:00,41.660981139997624,42.30416806854586,41.44658425797448,41.91435623168945,302600,0.0,0.0
2022-08-17 00:00:00-04:00,41.475819373470664,41.65123431481804,40.920339965044256,41.37836456298828,145800,0.0,0.0
2022-08-18 00:00:00-04:00,41.24164906182096,41.856905591336066,40.8217124794206,41.68111801147461,115000,0.09,0.0
2022-08-19 00:00:00-04:00,41.63227185858731,41.63227185858731,41.22209976555323,41.44671630859375,181200,0.0,0.0
2022-08-22 00:00:00-04:00,41.35883021490143,41.41742730344963,40.48966055789828,40.78263854980469,165300,0.0,0.0
2022-08-23 00:00:00-04:00,40.65568858029741,40.90960187648874,40.323645823482444,40.56779479980469,130700,0.0,0.0
2022-08-24 00:00:00-04:00,40.66545681672003,40.997499605514555,40.52873397287842,40.92913818359375,108800,0.0,0.0
2022-08-25 00:00:00-04:00,41.143985432133334,41.64204769132124,40.9681978758511,41.61275100708008,151000,0.0,0.0
2022-08-26 00:00:00-04:00,41.3881323734066,41.593216603878396,39.952535309269095,39.991600036621094,236600,0.0,0.0
2022-08-29 00:00:00-04:00,39.63025843614287,39.874407380499335,39.23961863500561,39.6986198425293,120200,0.0,0.0
2022-08-30 00:00:00-04:00,39.79627725625087,40.138084282395354,39.09312711627687,39.61072540283203,138600,0.0,0.0
2022-08-31 00:00:00-04:00,39.85487294218733,39.85487294218733,38.89780957720561,38.93687057495117,132300,0.0,0.0
2022-09-01 00:00:00-04:00,38.68296009198428,38.80015054443699,38.009106608192255,38.458343505859375,214300,0.0,0.0
2022-09-02 00:00:00-04:00,38.809922172438284,39.327516800199575,38.37045327838735,38.595069885253906,305300,0.0,0.0
2022-09-06 00:00:00-04:00,38.37045250874632,38.64389815937423,37.247365771522965,37.647769927978516,176700,0.0,0.0
2022-09-07 00:00:00-04:00,37.852855111938325,38.77085763413275,37.80402606245127,38.624366760253906,189300,0.0,0.0
2022-09-08 00:00:00-04:00,38.12629983986973,38.341148376464844,37.66729863481328,38.341148376464844,131900,0.0,0.0
2022-09-09 00:00:00-04:00,38.7806123363291,39.72791130820349,38.643889541505324,39.688846588134766,206800,0.0,0.0
2022-09-12 00:00:00-04:00,39.9134739213109,39.9623029718775,39.27868881310968,39.933006286621094,160800,0.0,0.0
2022-09-13 00:00:00-04:00,39.112650607548815,39.454461281585665,38.116522710319465,38.30207824707031,170700,0.0,0.0
2022-09-14 00:00:00-04:00,38.341152733959674,38.341152733959674,37.74543237457852,38.23373031616211,137100,0.0,0.0
2022-09-15 00:00:00-04:00,38.214192508010555,38.56576757193729,37.774723678102134,38.02863693237305,97500,0.0,0.0
2022-09-16 00:00:00-04:00,37.55010955155263,37.85285186767578,36.925088830684686,37.85285186767578,391000,0.0,0.0
2022-09-19 00:00:00-04:00,37.471980682540085,39.24938478223137,37.471980682540085,39.10289764404297,250000,0.0,0.0
2022-09-20 00:00:00-04:00,38.751325269254394,38.839219048498165,38.14583685969601,38.624366760253906,216400,0.0,0.0
2022-09-21 00:00:00-04:00,38.9661768896807,39.6986237956866,38.487643271906435,38.53647232055664,207800,0.0,0.0
2022-09-22 00:00:00-04:00,38.24349356729401,38.448577802928874,37.55987572309361,37.92121887207031,207500,0.0,0.0
2022-09-23 00:00:00-04:00,37.55987075732908,37.677064926841304,37.11063761711671,37.608699798583984,195200,0.0,0.0
2022-09-26 00:00:00-04:00,37.30596186584272,38.16536724891428,37.09110958872046,37.16923904418945,234600,0.0,0.0
2022-09-27 00:00:00-04:00,37.41338186313745,37.65753078327572,36.51491189981187,36.71023178100586,258700,0.0,0.0
2022-09-28 00:00:00-04:00,36.92509112181472,37.75519611970811,36.60281269707317,37.31572723388672,531000,0.0,0.0
2022-09-29 00:00:00-04:00,36.90556196569347,37.10088190141793,36.2610087855953,37.06181716918945,177400,0.0,0.0
2022-09-30 00:00:00-04:00,37.091113072494664,37.550114352942906,36.43679558586386,36.44655990600586,452200,0.0,0.0
2022-10-03 00:00:00-04:00,36.99345832940517,38.106777197603535,36.632115119228516,37.94075393676758,154300,0.0,0.0
2022-10-04 00:00:00-04:00,38.65366418089947,39.0735969543457,38.65366418089947,39.0735969543457,255400,0.0,0.0
2022-10-05 00:00:00-04:00,38.48763681174197,39.25914831733658,38.48763681174197,39.01499938964844,168200,0.0,0.0
2022-10-06 00:00:00-04:00,38.888042927803866,39.181020911192334,38.6243616251291,38.94664001464844,143600,0.0,0.0
2022-10-07 00:00:00-04:00,39.64002891915651,40.19668830082201,38.917346292293345,40.18692398071289,315900,0.0,0.0
2022-10-10 00:00:00-04:00,40.45059895844397,40.987729664771614,40.06972716698805,40.69474792480469,244600,0.0,0.0
2022-10-11 00:00:00-04:00,40.44083479794897,41.388133983286096,40.26504724344481,41.222110748291016,423400,0.0,0.0
2022-10-12 00:00:00-04:00,41.35883309626566,41.96432521052824,40.78264139102711,41.82760238647461,223300,0.0,0.0
2022-10-13 00:00:00-04:00,40.94866064865527,42.52098042346042,40.6068536217051,41.96432113647461,504700,0.0,0.0
2022-10-14 00:00:00-04:00,42.237768578340315,42.237768578340315,40.75334250726532,41.20257568359375,210200,0.0,0.0
2022-10-17 00:00:00-04:00,41.827601551938656,42.42332188408414,41.72017541363485,42.40378952026367,292500,0.0,0.0
2022-10-18 00:00:00-04:00,42.970222748398015,43.57571120764477,42.30613718970752,42.833499908447266,210800,0.0,0.0
2022-10-19 00:00:00-04:00,42.2963575520163,43.136226654052734,42.2963575520163,43.136226654052734,185700,0.0,0.0
2022-10-20 00:00:00-04:00,43.18506302340934,43.38037918297301,42.25729636381414,42.442848205566406,206400,0.0,0.0
2022-10-21 00:00:00-04:00,42.569813262732794,44.220258908556104,42.49168380650996,43.985877990722656,267900,0.0,0.0
2022-10-24 00:00:00-04:00,43.98588226576116,44.591370708666126,43.80032665190634,43.878456115722656,378700,0.0,0.0
2022-10-25 00:00:00-04:00,43.82962883038918,44.28862640985042,43.41945657965456,43.94681930541992,362400,0.0,0.0
2022-10-26 00:00:00-04:00,44.36674996942097,44.815983168405474,43.56594166673816,44.015174865722656,241200,0.0,0.0
2022-10-27 00:00:00-04:00,44.25932337759203,44.91364453066679,43.995642052509744,44.12260055541992,290700,0.0,0.0
2022-10-28 00:00:00-04:00,44.16166610864631,46.11485783427712,44.10306901572706,46.0953254699707,429500,0.0,0.0
2022-10-31 00:00:00-04:00,45.95860501153505,46.319944456264274,45.55820083618164,45.55820083618164,314000,0.0,0.0
2022-11-01 00:00:00-04:00,46.066027811557895,46.82777516332432,45.77304978030209,46.80824279785156,302300,0.0,0.0
2022-11-02 00:00:00-04:00,46.632445905075386,46.85706247495031,45.23591371920416,45.24568176269531,352200,0.0,0.0
2022-11-03 00:00:00-04:00,43.83938014602429,45.79257153573652,42.97021057366906,43.90774154663086,320600,0.0,0.0
2022-11-04 00:00:00-04:00,44.66949849313002,45.26521886795287,44.23002958922978,45.19685745239258,305000,0.0,0.0
2022-11-07 00:00:00-05:00,45.616793802034906,46.24181458480614,45.26521868037165,46.19298553466797,237500,0.0,0.0
2022-11-08 00:00:00-05:00,46.241814144510975,46.91566769642197,45.34334770918657,46.466434478759766,280500,0.0,0.0
2022-11-09 00:00:00-05:00,45.919547745373364,46.60316574075109,45.675398727411206,46.056270599365234,173000,0.0,0.0
2022-11-10 00:00:00-05:00,47.394199309097594,48.01922010847249,47.24771215479163,47.89226531982422,251000,0.0,0.0
2022-11-11 00:00:00-05:00,47.76530621645027,48.22430749019855,46.95473354145452,47.472328186035156,236200,0.0,0.0
2022-11-14 00:00:00-05:00,47.472327526783616,48.39032633611407,47.01332625940952,47.38443374633789,283000,0.0,0.0
2022-11-15 00:00:00-05:00,47.77506081927048,48.849318346185,47.65787037602387,48.536808013916016,256200,0.0,0.0
2022-11-16 00:00:00-05:00,48.21453679701693,48.56611190437498,47.90202641834702,48.146175384521484,197500,0.0,0.0
2022-11-17 00:00:00-05:00,47.715687614086534,48.29293310740015,47.57871473978006,48.27336502075195,226400,0.09,0.0
2022-11-18 00:00:00-05:00,48.84082700363555,49.4669946104418,48.801694560647924,49.05607223510742,208300,0.0,0.0
2022-11-21 00:00:00-05:00,47.7548210559372,49.026716757473736,47.58849419505643,48.14617156982422,230400,0.0,0.0
2022-11-22 00:00:00-05:00,48.185315112678374,48.23423346786936,47.148228814365694,47.94071960449219,400400,0.0,0.0
2022-11-23 00:00:00-05:00,48.126604912469354,48.821258906553936,47.95049586971335,48.22444534301758,242400,0.0,0.0
2022-11-25 00:00:00-05:00,48.02877331684404,48.439691972111156,47.86244643335649,48.2440185546875,108400,0.0,0.0
2022-11-28 00:00:00-05:00,48.116822763979066,48.224445371530344,46.45357276598388,46.561195373535156,278700,0.0,0.0
2022-11-29 00:00:00-05:00,46.64924962231656,46.815572755028576,46.30681744777372,46.38508605957031,156600,0.0,0.0
2022-11-30 00:00:00-05:00,46.316600088194406,47.53957748413086,45.944813914805096,47.53957748413086,456400,0.0,0.0
2022-12-01 00:00:00-05:00,47.559138530918894,48.02876133358008,47.392811688930195,47.891788482666016,204700,0.0,0.0
2022-12-02 00:00:00-05:00,47.41239045622768,48.55709932810212,47.255849486732075,48.341854095458984,252100,0.0,0.0
2022-12-05 00:00:00-05:00,47.77440197707897,48.077698053688,46.091583491770656,46.29704284667969,285900,0.0,0.0
2022-12-06 00:00:00-05:00,46.45357927131571,46.71774287259922,45.63173820028859,45.76871109008789,291500,0.0,0.0
2022-12-07 00:00:00-05:00,45.778493021940314,46.29703426889352,45.43605709497248,45.621952056884766,266400,0.0,0.0
2022-12-08 00:00:00-05:00,45.8665517670048,46.502497863188324,45.70022487695404,45.915470123291016,205200,0.0,0.0
2022-12-09 00:00:00-05:00,45.75891833149901,46.081782392483845,44.623995565564535,44.692481994628906,279100,0.0,0.0
2022-12-12 00:00:00-05:00,45.06427465153843,45.670870424814225,44.67292037264572,45.651302337646484,351800,0.0,0.0
2022-12-13 00:00:00-05:00,46.81557838556101,47.089527890374114,44.80011380345516,44.88816833496094,568600,0.0,0.0
2022-12-14 00:00:00-05:00,45.22081521939133,45.78827481334661,44.389188317107795,44.526161193847656,752000,0.0,0.0
2022-12-15 00:00:00-05:00,44.14459343249111,44.3696208376781,43.547779833754255,44.01740646362305,625800,0.0,0.0
2022-12-16 00:00:00-05:00,43.498865194867655,43.65540617410959,42.500915052613585,43.03902816772461,1243000,0.0,0.0
2022-12-19 00:00:00-05:00,43.136852476703595,44.203288757471185,43.136852476703595,44.0565299987793,546300,0.0,0.0
2022-12-20 00:00:00-05:00,44.125023541058205,44.721837115392745,44.00761875450693,44.535945892333984,554800,0.0,0.0
2022-12-21 00:00:00-05:00,44.712056792679036,45.16211160331705,44.5065974746353,44.93708419799805,227400,0.0,0.0
2022-12-22 00:00:00-05:00,44.59464426458013,44.88815805832565,44.01739885291411,44.819671630859375,214000,0.0,0.0
2022-12-23 00:00:00-05:00,45.03491737256375,45.25994476024639,44.87837641886144,45.142539978027344,110900,0.0,0.0
2022-12-27 00:00:00-05:00,45.04470968514488,45.250169016294166,44.83925035399559,45.1523323059082,126900,0.0,0.0
2022-12-28 00:00:00-05:00,45.23059390564628,45.41648511941221,44.73162078857422,44.73162078857422,149600,0.0,0.0
2022-12-29 00:00:00-05:00,45.132759926685694,45.97416899204616,45.03491949336999,45.71978759765625,175800,0.0,0.0
2022-12-30 00:00:00-05:00,45.602385020944794,45.739357901997,45.054489764504844,45.46541213989258,152700,0.0,0.0
2023-01-03 00:00:00-05:00,45.817626426244274,45.93503120988019,44.86859478359111,45.49475860595703,250500,0.0,0.0
2023-01-04 00:00:00-05:00,45.788275881095934,46.727521685412626,45.55346629613229,46.12092590332031,322000,0.0,0.0
2023-01-05 00:00:00-05:00,45.93502966613846,46.42422060245042,45.47518899169142,46.130706787109375,199200,0.0,0.0
2023-01-06 00:00:00-05:00,46.79600980566569,48.341851324291525,46.79600980566569,48.18531036376953,303300,0.0,0.0
2023-01-09 00:00:00-05:00,48.380985474354546,48.380985474354546,47.51022618459866,47.69611740112305,219000,0.0,0.0
2023-01-10 00:00:00-05:00,47.63741852253391,48.90931811595857,47.34390466721713,48.84082794189453,300000,0.0,0.0
2023-01-11 00:00:00-05:00,48.72341947416553,48.987583043711254,48.13639180777341,48.92887878417969,322000,0.0,0.0
2023-01-12 00:00:00-05:00,48.977797984195824,50.17142133324508,48.586443741478604,49.48655700683594,306200,0.0,0.0
2023-01-13 00:00:00-05:00,49.37893863590113,50.02467057917079,49.01693462407847,49.809425354003906,164000,0.0,0.0
2023-01-17 00:00:00-05:00,49.67245446515011,50.102941200483365,48.5081812316297,48.51796340942383,204800,0.0,0.0
2023-01-18 00:00:00-05:00,48.50817909847071,49.20282939047166,47.90157959943828,47.9113655090332,236600,0.0,0.0
2023-01-19 00:00:00-05:00,47.91136502828872,48.78212436195141,47.608065281815826,48.478824615478516,325400,0.0,0.0
2023-01-20 00:00:00-05:00,48.635367425029074,49.7996443721303,47.98963546625747,49.77029037475586,361000,0.0,0.0
2023-01-23 00:00:00-05:00,49.731161312843895,50.7388936284062,49.11477957731224,50.39645767211914,253500,0.0,0.0
2023-01-24 00:00:00-05:00,50.445370594378495,51.40418437974899,50.151853047398625,51.03239822387695,247100,0.0,0.0
2023-01-25 00:00:00-05:00,50.631269899954056,50.92478376162348,50.07359244311277,50.46494674682617,260500,0.0,0.0
2023-01-26 00:00:00-05:00,50.67039509004931,51.785749761892596,50.41601372812304,51.619422912597656,329000,0.0,0.0
2023-01-27 00:00:00-05:00,51.36504887393645,52.529321971475966,51.228076007429536,52.30429458618164,206700,0.0,0.0
2023-01-30 00:00:00-05:00,51.77597853535024,52.842415165293986,51.10089623523652,51.12046432495117,170700,0.0,0.0
2023-01-31 00:00:00-05:00,51.267211888239615,52.09883499145508,51.18893954654698,52.09883499145508,314700,0.0,0.0
2023-02-01 00:00:00-05:00,51.78575740319412,53.11635746496995,51.61943052935664,52.45105743408203,351200,0.0,0.0
2023-02-02 00:00:00-05:00,52.49019519985349,53.59576416015625,52.23581379267807,53.59576416015625,229200,0.0,0.0
2023-02-03 00:00:00-05:00,53.312042602658444,54.18280207991549,53.28268860155849,53.60555648803711,356600,0.0,0.0
2023-02-06 00:00:00-05:00,53.23375821092836,53.53705793886641,52.94024439188901,53.19462203979492,219400,0.0,0.0
2023-02-07 00:00:00-05:00,52.891330098134205,53.37073516845703,52.09883936697703,53.37073516845703,258400,0.0,0.0
2023-02-08 00:00:00-05:00,52.96959710146127,53.18484232040935,51.77596995235769,52.28472900390625,248200,0.0,0.0
2023-02-09 00:00:00-05:00,52.75435193706543,52.813056196538575,51.41396973639099,51.42375564575195,258000,0.0,0.0
2023-02-10 00:00:00-05:00,51.26721441817591,51.41396946774565,50.748669459449765,51.24764633178711,618400,0.0,0.0
2023-02-13 00:00:00-05:00,51.39439739220119,52.040129263987545,51.26721043889231,51.96186065673828,262600,0.0,0.0
2023-02-14 00:00:00-05:00,51.80532177572501,51.903158471745435,50.807371800947706,51.648780822753906,190800,0.0,0.0
2023-02-15 00:00:00-05:00,51.29655593203836,52.33364194036501,51.15958308291092,52.1183967590332,223400,0.0,0.0
2023-02-16 00:00:00-05:00,51.296560977890906,52.813052107335196,50.99326125910981,52.137969970703125,251300,0.0,0.0
2023-02-17 00:00:00-05:00,52.44126994620988,52.754351865178286,51.736837494646394,52.25537872314453,408900,0.0,0.0
2023-02-21 00:00:00-05:00,51.697699661348075,51.97164539858943,51.14002227783203,51.14002227783203,259100,0.0,0.0
2023-02-22 00:00:00-05:00,51.34549129013022,52.15755021084176,51.15960003788332,51.71727752685547,329400,0.0,0.0
2023-02-23 00:00:00-05:00,50.99326380779497,51.87380901456943,50.79758668048611,51.37483215332031,314400,0.0,0.0
2023-02-24 00:00:00-05:00,50.73888592225047,52.03034973144531,50.52364070997441,52.03034973144531,339600,0.0,0.0
2023-02-27 00:00:00-05:00,52.421703410899674,52.85219009851253,51.413967527181896,51.648780822753906,315900,0.0,0.0
2023-02-28 00:00:00-05:00,51.62921905517578,52.079273883513856,51.45310999500328,51.62921905517578,468700,0.0,0.0
2023-03-01 00:00:00-05:00,52.725001803079806,56.892910930149114,51.35526933541645,56.67766571044922,932200,0.0,0.0
2023-03-02 00:00:00-05:00,56.7461538180587,56.7461538180587,53.17505816247812,55.18074417114258,537700,0.0,0.0
2023-03-03 00:00:00-05:00,55.36663265171644,55.52317360863658,54.613278130216145,55.08290100097656,468700,0.0,0.0
2023-03-06 00:00:00-05:00,54.916590492217004,55.259022747881566,53.556639916532504,54.03604507446289,407500,0.0,0.0
2023-03-07 00:00:00-05:00,54.446952384244476,55.43511642760236,54.03603005939887,55.01441192626953,460800,0.0,0.0
2023-03-08 00:00:00-05:00,55.13182437072756,55.69928772388262,53.9382008651023,54.12409210205078,294900,0.0,0.0
2023-03-09 00:00:00-05:00,54.104519373695545,54.69155076442799,53.52727389220227,53.566410064697266,342800,0.0,0.0
2023-03-10 00:00:00-05:00,53.546848795666506,53.546848795666506,51.35527510816229,52.05970764160156,427000,0.0,0.0
2023-03-13 00:00:00-04:00,51.08133054772484,51.97165814433768,50.53343893887489,51.04219436645508,418000,0.0,0.0
2023-03-14 00:00:00-04:00,52.28473189933767,52.81305906661482,50.797590835278505,51.638999938964844,536100,0.0,0.0
2023-03-15 00:00:00-04:00,50.484507694693775,50.846511707469986,49.486561378837315,49.89748001098633,769800,0.0,0.0
2023-03-16 00:00:00-04:00,49.27020769092944,51.22062756679177,49.21139965240012,50.514949798583984,647900,0.09,0.0
2023-03-17 00:00:00-04:00,49.98569390428899,50.25032449714767,49.05458709360012,49.53484344482422,1183100,0.0,0.0
2023-03-20 00:00:00-04:00,50.152300180481824,50.936392317139536,49.907272322483394,50.62275695800781,652700,0.0,0.0
2023-03-21 00:00:00-04:00,51.56366519510784,52.04391772315588,50.99519874610406,51.52445983886719,590600,0.0,0.0
2023-03-22 00:00:00-04:00,51.20103177213277,51.85770475132948,49.82887403276756,49.926883697509766,436700,0.0,0.0
2023-03-23 00:00:00-04:00,49.89748247540595,50.89719677748242,49.28981431725994,49.79947280883789,402200,0.0,0.0
2023-03-24 00:00:00-04:00,49.319216234023635,50.32873000240603,48.51552500774907,50.2993278503418,346000,0.0,0.0
2023-03-27 00:00:00-04:00,50.79919062912625,51.09322338802344,50.26012620918047,50.946205139160156,200300,0.0,0.0
2023-03-28 00:00:00-04:00,50.848184828652904,52.0733241834568,50.79918000222647,51.965511322021484,275700,0.0,0.0
2023-03-29 00:00:00-04:00,52.50457576902859,53.03383690672074,51.8675017619367,52.1811408996582,310600,0.0,0.0
2023-03-30 00:00:00-04:00,52.44577569464017,52.7006068317098,51.965523052887264,52.25955581665039,300600,0.0,0.0
2023-03-31 00:00:00-04:00,52.622185137763026,53.239656430206985,52.553577631805766,53.13184356689453,323100,0.0,0.0
2023-04-03 00:00:00-04:00,53.04364651072551,53.68072063952487,52.514389010752204,53.30827713012695,276700,0.0,0.0
2023-04-04 00:00:00-04:00,53.5434930022912,53.66110533697966,51.30883621023811,51.56366729736328,372900,0.0,0.0
2023-04-05 00:00:00-04:00,51.08340971207285,51.37744241073237,49.17219156254308,49.88767623901367,323700,0.0,0.0
2023-04-06 00:00:00-04:00,49.88768366941241,49.88768366941241,49.18200209646067,49.52503967285156,230500,0.0,0.0
2023-04-10 00:00:00-04:00,49.43682142414186,50.397330220421324,49.28980694627488,50.162105560302734,503800,0.0,0.0
2023-04-11 00:00:00-04:00,50.35813569786274,50.936401698799415,50.11310779473414,50.15230941772461,180400,0.0,0.0
2023-04-12 00:00:00-04:00,50.37773876865833,50.88739352094058,50.16211301581107,50.446346282958984,211400,0.0,0.0
2023-04-13 00:00:00-04:00,50.70117365910011,50.70117365910011,49.721062039000365,50.446346282958984,194900,0.0,0.0
2023-04-14 00:00:00-04:00,50.299321758967146,50.68156464482799,49.80926601015505,50.3287239074707,159400,0.0,0.0
2023-04-17 00:00:00-04:00,50.35813487402712,50.8873922946164,50.35813487402712,50.710975646972656,129800,0.0,0.0
2023-04-18 00:00:00-04:00,50.78937408243951,51.191219619810994,50.38752854506802,50.83837890625,149600,0.0,0.0
2023-04-19 00:00:00-04:00,50.750178538801215,50.77958442983493,49.71126261339499,49.79947280883789,241100,0.0,0.0
2023-04-20 00:00:00-04:00,49.50542603440924,50.57374762863962,49.45642121131815,50.25031280517578,185800,0.0,0.0
2023-04-21 00:00:00-04:00,50.21111266579952,50.34832768023623,49.66224886922392,50.13270568847656,185100,0.0,0.0
2023-04-24 00:00:00-04:00,49.9170850906413,50.83838866718477,49.9170850906413,50.01509475708008,132000,0.0,0.0
2023-04-25 00:00:00-04:00,49.711263106330016,50.39733825676774,49.55444539496865,50.024898529052734,235800,0.0,0.0
2023-04-26 00:00:00-04:00,49.47602823505054,49.789663616982025,48.829154792463264,48.897762298583984,188600,0.0,0.0
2023-04-27 00:00:00-04:00,48.9369728160382,50.07390213012695,48.84876262189213,50.07390213012695,200300,0.0,0.0
2023-04-28 00:00:00-04:00,49.78966492721328,50.56395393246985,49.78966492721328,50.358131408691406,230700,0.0,0.0
2023-05-01 00:00:00-04:00,50.06409971697447,51.61267402018542,50.06409971697447,50.808982849121094,244400,0.0,0.0
2023-05-02 00:00:00-04:00,51.02460759001432,52.74960223746718,50.31892609209649,52.29875183105469,545600,0.0,0.0
2023-05-03 00:00:00-04:00,52.86721893417364,53.84733054485499,52.39676580970608,52.5241813659668,522800,0.0,0.0
2023-05-04 00:00:00-04:00,52.02432124080944,52.02432124080944,49.701454248034615,50.779579162597656,395200,0.0,0.0
2023-05-05 00:00:00-04:00,51.38724609066137,51.87730183919804,50.95599837792742,51.69108200073242,270300,0.0,0.0
2023-05-08 00:00:00-04:00,51.80870676132495,51.94592180561762,51.01481491227933,51.92631912231445,141400,0.0,0.0
2023-05-09 00:00:00-04:00,51.42645189758006,52.01451730543515,51.21082616991314,51.48525619506836,231900,0.0,0.0
2023-05-10 00:00:00-04:00,52.06351877304609,52.09292465872122,50.426734458887374,50.848182678222656,195800,0.0,0.0
2023-05-11 00:00:00-04:00,50.28953210225075,50.95600834979338,50.28953210225075,50.946205139160156,211900,0.0,0.0
2023-05-12 00:00:00-04:00,50.9657998616243,51.66167815472372,50.86779020357577,51.29903793334961,187200,0.0,0.0
2023-05-15 00:00:00-04:00,51.436252783985616,52.230144471397715,51.29903776762942,52.01451873779297,158200,0.0,0.0
2023-05-16 00:00:00-04:00,51.88710211845709,51.90670479736377,51.25003187871913,51.34804153442383,146500,0.0,0.0
2023-05-17 00:00:00-04:00,51.71068193840583,52.6809939843179,51.60287281226334,52.3575553894043,235200,0.0,0.0
2023-05-18 00:00:00-04:00,52.12189706362707,53.57518231482549,51.81749127781558,53.40824890136719,201200,0.1,0.0
2023-05-19 00:00:00-04:00,54.05633432434714,54.35091850745966,53.280593103672665,53.61445617675781,263700,0.0,0.0
2023-05-22 00:00:00-04:00,53.526082636267844,54.193808808498304,53.17258385024107,53.693016052246094,233900,0.0,0.0
2023-05-23 00:00:00-04:00,53.33951418887638,53.33951418887638,52.308467621900114,52.553955078125,317900,0.0,0.0
2023-05-24 00:00:00-04:00,52.51466779324248,52.51466779324248,51.62109374522838,51.83712387084961,269100,0.0,0.0
2023-05-25 00:00:00-04:00,51.680006155111805,52.455743457122864,51.444336613620656,52.406646728515625,247100,0.0,0.0
2023-05-26 00:00:00-04:00,52.53430791408158,53.339506352536695,52.377196115013284,53.20203399658203,170600,0.0,0.0
2023-05-30 00:00:00-04:00,53.24131245157436,53.56535389572277,52.16116556411795,52.210262298583984,209500,0.0,0.0
2023-05-31 00:00:00-04:00,52.13170940123369,52.553948069296176,51.45416546091616,52.03351593017578,479000,0.0,0.0
2023-06-01 00:00:00-04:00,52.31828461817317,53.72247314453125,52.04333987035747,53.72247314453125,445100,0.0,0.0
2023-06-02 00:00:00-04:00,54.478575909653976,57.30659245802751,54.478575909653976,57.0709228515625,478100,0.0,0.0
2023-06-05 00:00:00-04:00,56.83524885538442,56.83524885538442,54.861527889517944,55.892574310302734,505600,0.0,0.0
2023-06-06 00:00:00-04:00,55.78457078884108,57.316410115264794,55.34269261935682,56.697784423828125,296800,0.0,0.0
2023-06-07 00:00:00-04:00,57.21821193233491,59.35886267017926,56.76651594988654,59.13301467895508,330200,0.0,0.0
2023-06-08 00:00:00-04:00,59.0053533435041,59.79091229736372,58.74022649423137,59.6338005065918,285400,0.0,0.0
2023-06-09 00:00:00-04:00,59.29994361864837,59.40795868832533,58.55366347172538,59.03481674194336,352700,0.0,0.0
2023-06-12 00:00:00-04:00,59.01517694230258,60.29171458078615,58.691135481064805,60.1444206237793,278300,0.0,0.0
2023-06-13 00:00:00-04:00,60.11495398325323,61.02816738467909,60.026578371959104,60.871055603027344,408200,0.0,0.0
2023-06-14 00:00:00-04:00,61.01835888309284,61.195110143603976,60.252439251438645,60.60594177246094,496600,0.0,0.0
2023-06-15 00:00:00-04:00,60.40954853248967,61.09691410054754,60.20333998582461,61.01835632324219,321600,0.0,0.0
2023-06-16 00:00:00-04:00,61.49951664541821,61.51915609079863,59.88911958263567,61.10673522949219,943600,0.0,0.0
2023-06-20 00:00:00-04:00,60.59611941012998,61.46023625660017,60.448829192128734,60.93980407714844,244800,0.0,0.0
2023-06-21 00:00:00-04:00,60.48810003703693,62.17705472013525,60.38008871651578,61.862831115722656,270000,0.0,0.0
2023-06-22 00:00:00-04:00,61.735181516120676,61.735181516120676,60.82196792258653,61.470054626464844,299600,0.0,0.0
2023-06-23 00:00:00-04:00,60.63538605762956,61.18527916633083,59.93820276066498,60.871055603027344,606600,0.0,0.0
2023-06-26 00:00:00-04:00,60.87105869579686,61.764632701687404,60.68448587034069,60.9888916015625,169200,0.0,0.0
2023-06-27 00:00:00-04:00,61.028170243907944,62.069034441426105,61.028170243907944,61.88246536254883,154600,0.0,0.0
2023-06-28 00:00:00-04:00,61.9708484168709,62.294889881801566,61.85301549742711,61.911930084228516,303900,0.0,0.0
2023-06-29 00:00:00-04:00,61.853011789891596,62.95279437907378,61.853011789891596,62.746585845947266,361000,0.0,0.0
2023-06-30 00:00:00-04:00,63.25720067586001,63.54196700046602,62.87424087524414,62.87424087524414,392700,0.0,0.0
2023-07-03 00:00:00-04:00,62.49128103241622,63.41431618798585,62.49128103241622,63.30630111694336,115300,0.0,0.0
2023-07-05 00:00:00-04:00,62.84478380785186,62.84478380785186,61.980666981658416,62.010128021240234,228500,0.0,0.0
2023-07-06 00:00:00-04:00,61.548603255877936,61.73517233752338,60.85141991590537,61.51914596557617,198200,0.0,0.0
2023-07-07 00:00:00-04:00,61.754823908177336,62.579661911188126,61.49951860179269,61.61735153198242,316600,0.0,0.0
2023-07-10 00:00:00-04:00,61.54861305782791,62.501105551573914,61.22456782954028,62.40290832519531,185900,0.0,0.0
2023-07-11 00:00:00-04:00,62.589480815011086,63.541969557325075,62.12796321834356,62.6778564453125,225100,0.0,0.0
2023-07-12 00:00:00-04:00,63.70889774650304,64.15077963361433,62.687672842706476,62.69749069213867,292100,0.0,0.0
2023-07-13 00:00:00-04:00,62.73676300048828,63.34557448497032,62.43236100408793,62.73676300048828,300700,0.0,0.0
2023-07-14 00:00:00-04:00,62.9429762959248,62.9429762959248,61.98066600847757,62.5894775390625,313200,0.0,0.0
2023-07-17 00:00:00-04:00,62.37344636808428,62.64839108971122,61.82355317898952,62.33416748046875,329300,0.0,0.0
2023-07-18 00:00:00-04:00,62.06905125306914,62.658223430826276,61.57807631119229,62.45201110839844,407300,0.0,0.0
2023-07-19 00:00:00-04:00,62.32435245822569,62.795687893466955,60.880885112533576,61.244205474853516,329500,0.0,0.0
2023-07-20 00:00:00-04:00,61.911926904519476,63.335754697269664,61.28347970530745,62.44218063354492,362000,0.0,0.0
2023-07-21 00:00:00-04:00,62.5600181575387,63.08045033039627,61.84319528399341,61.89229202270508,325600,0.0,0.0
2023-07-24 00:00:00-04:00,62.010131057368675,62.60911728585826,61.430780528440344,61.509334564208984,128500,0.0,0.0
2023-07-25 00:00:00-04:00,61.08709419917331,61.62716582267823,61.008540165530945,61.15583038330078,185500,0.0,0.0
2023-07-26 00:00:00-04:00,60.93979954264124,61.27366258944566,60.655033231517294,60.84160232543945,234100,0.0,0.0
2023-07-27 00:00:00-04:00,62.74659116587018,63.68926203652141,60.399728092831516,60.625579833984375,289100,0.0,0.0
2023-07-28 00:00:00-04:00,61.0379938463052,61.401314190303914,60.20333809083334,60.29171371459961,209100,0.0,0.0
2023-07-31 00:00:00-04:00,59.72218922415869,60.01677342824835,58.50457351503039,59.9873161315918,445200,0.0,0.0
2023-08-01 00:00:00-04:00,60.213158055203984,60.8121479989037,59.75164047645023,60.77286911010742,260100,0.0,0.0
2023-08-02 00:00:00-04:00,60.46846100623149,60.704126823630155,59.84001008620692,59.88911056518555,215500,0.0,0.0
2023-08-03 00:00:00-04:00,59.584714266139855,59.70254719350696,58.66168280105528,59.37850570678711,222700,0.0,0.0
2023-08-04 00:00:00-04:00,59.26066544844636,59.60435010575003,58.632218212719756,59.13301467895508,221600,0.0,0.0
2023-08-07 00:00:00-04:00,59.18211013239108,59.751639022716674,58.78932874566652,59.55525207519531,227200,0.0,0.0
2023-08-08 00:00:00-04:00,59.0937352948672,59.11337473904914,57.99395264156536,58.789329528808594,155800,0.0,0.0
2023-08-09 00:00:00-04:00,58.89734288209339,59.13301245956618,58.54384038880463,58.86788558959961,208300,0.0,0.0
2023-08-10 00:00:00-04:00,58.97589981361455,59.417774178069116,58.239437545069194,58.5831184387207,242000,0.0,0.0
2023-08-11 00:00:00-04:00,58.58311738089958,58.90716257121191,58.58311738089958,58.75986862182617,256600,0.0,0.0
2023-08-14 00:00:00-04:00,58.70095272574399,59.87929313214361,58.40636856060431,59.614166259765625,320500,0.0,0.0
2023-08-15 00:00:00-04:00,59.46687666239782,60.27207513679584,58.93662291218227,60.1444206237793,181600,0.0,0.0
2023-08-16 00:00:00-04:00,60.19352765883977,61.14602025319859,59.44724738873786,59.51598358154297,431000,0.0,0.0
2023-08-17 00:00:00-04:00,59.545477100591235,60.15529096981215,58.88648160718173,59.014347076416016,309100,0.1,0.0
2023-08-18 00:00:00-04:00,58.62092757346271,59.49631037074169,58.62092757346271,59.30942916870117,239700,0.0,0.0
2023-08-21 00:00:00-04:00,59.3094157675458,59.5159650738373,58.670095950162924,58.76845169067383,420600,0.0,0.0
2023-08-22 00:00:00-04:00,58.975008804588974,59.40778312500577,58.61108801408243,58.62092208862305,341900,0.0,0.0
2023-08-23 00:00:00-04:00,58.83730455344584,58.83730455344584,58.22749067574247,58.276668548583984,328900,0.0,0.0
2023-08-24 00:00:00-04:00,57.89307576656758,58.67009891274537,56.88983140416672,57.03736877441406,385400,0.0,0.0
2023-08-25 00:00:00-04:00,57.460305246270394,57.73570810530717,56.801313453927186,57.49964904785156,411500,0.0,0.0
2023-08-28 00:00:00-04:00,57.696365121603954,58.316016873181326,57.696365121603954,58.30617904663086,373100,0.0,0.0
2023-08-29 00:00:00-04:00,58.1094627851415,59.22089696438501,57.77504799838766,59.19139099121094,206400,0.0,0.0
2023-08-30 00:00:00-04:00,59.329085949309594,60.17495880053881,59.260236182537994,59.9290657043457,192300,0.0,0.0
2023-08-31 00:00:00-04:00,60.06677720134786,60.69626305265153,59.89957166360916,59.94874954223633,433500,0.0,0.0
2023-09-01 00:00:00-04:00,60.58806706391548,60.7946201492028,59.37827328794797,59.38811111450195,258800,0.0,0.0
2023-09-05 00:00:00-04:00,58.87664726696518,59.10286847949002,55.82757043060476,56.693115234375,400000,0.0,0.0
2023-09-06 00:00:00-04:00,56.9783635979166,57.76522096313603,56.36854960887552,56.5357551574707,207500,0.0,0.0
2023-09-07 00:00:00-04:00,56.437384515656724,56.5455780783581,55.562005693117804,55.935760498046875,265600,0.0,0.0
2023-09-08 00:00:00-04:00,56.13248754450278,56.319364986315385,55.443985979460635,56.10298156738281,206100,0.0,0.0
2023-09-11 00:00:00-04:00,56.45706247891141,57.22424782116936,56.32919700452465,56.948848724365234,210800,0.0,0.0
2023-09-12 00:00:00-04:00,56.69312039704344,57.13572878882405,56.29969363370736,56.43739318847656,142000,0.0,0.0
2023-09-13 00:00:00-04:00,56.211171195787436,56.358704823033094,55.55217565425633,55.78823471069336,235000,0.0,0.0
2023-09-14 00:00:00-04:00,56.329203099589165,57.51932504187627,56.2308435886367,57.509490966796875,556900,0.0,0.0
2023-09-15 00:00:00-04:00,57.82423197456945,59.36844060086224,56.88983728777297,58.67010498046875,1612400,0.0,0.0
2023-09-18 00:00:00-04:00,58.69961095675729,59.11270963292305,57.92258773021894,58.67010498046875,349700,0.0,0.0
2023-09-19 00:00:00-04:00,58.40453302824671,58.68976618669845,57.735703463267434,58.23732376098633,337500,0.0,0.0
2023-09-20 00:00:00-04:00,58.57174287604475,58.915995509618895,58.03077873989271,58.25699996948242,379700,0.0,0.0
2023-09-21 00:00:00-04:00,57.96193024244779,58.168479575930704,57.34227848996756,57.843902587890625,399600,0.0,0.0
2023-09-22 00:00:00-04:00,57.81439243300531,58.384866304540466,57.45047164545822,57.98160171508789,205100,0.0,0.0
2023-09-25 00:00:00-04:00,57.62751707439545,59.043860225644146,57.62751707439545,58.53240203857422,269800,0.0,0.0
2023-09-26 00:00:00-04:00,58.23733019066867,58.552073108698515,57.89308129658339,58.18815231323242,305100,0.0,0.0
2023-09-27 00:00:00-04:00,58.532398698895065,60.21431055057568,58.532398698895065,59.47663116455078,237600,0.0,0.0
2023-09-28 00:00:00-04:00,59.33893084299686,60.75527389505874,59.33893084299686,59.447120666503906,435500,0.0,0.0
2023-09-29 00:00:00-04:00,59.742201164607856,59.742201164607856,58.620925252848,58.7487907409668,448200,0.0,0.0
2023-10-02 00:00:00-04:00,58.650432309076635,59.12254668365398,58.32585156603698,58.640594482421875,317800,0.0,0.0
2023-10-03 00:00:00-04:00,58.46355251429739,58.856983045157335,57.84390449343565,57.92258834838867,207700,0.0,0.0
2023-10-04 00:00:00-04:00,58.158646095342064,58.84714763268125,57.70619986952793,58.79796600341797,155700,0.0,0.0
2023-10-05 00:00:00-04:00,58.8471449468416,59.43728695075111,58.07012176513672,58.07012176513672,246600,0.0,0.0
2023-10-06 00:00:00-04:00,58.0996375342149,60.53889731470166,57.90292224907216,59.87006759643555,391600,0.0,0.0
2023-10-09 00:00:00-04:00,59.65367002217031,60.145456242461805,58.994674535923544,60.066768646240234,234500,0.0,0.0
2023-10-10 00:00:00-04:00,60.322510633485926,61.16837993565105,60.19464514221547,60.2044792175293,193500,0.0,0.0
2023-10-11 00:00:00-04:00,60.19463654048403,61.129031147108805,60.06677106748538,61.08968734741211,155600,0.0,0.0
2023-10-12 00:00:00-04:00,61.25689229667405,61.32574206948543,60.16512625347767,60.91264343261719,185000,0.0,0.0
2023-10-13 00:00:00-04:00,60.98148915006961,61.17820438160506,59.18154984676205,59.2110595703125,242000,0.0,0.0
2023-10-16 00:00:00-04:00,59.89957732802775,60.39136366486859,59.49631268189954,59.87006759643555,181400,0.0,0.0
2023-10-17 00:00:00-04:00,59.46679373211645,61.03067419092811,59.46679373211645,60.883140563964844,263500,0.0,0.0
2023-10-18 00:00:00-04:00,60.342171491272325,60.342171491272325,58.355358339204784,58.36519241333008,202700,0.0,0.0
2023-10-19 00:00:00-04:00,58.10946571951071,59.240571855331766,56.73246270404092,56.84065628051758,210200,0.0,0.0
2023-10-20 00:00:00-04:00,56.84066330478196,57.538998973026786,56.722631887476936,57.12590026855469,337100,0.0,0.0
2023-10-23 00:00:00-04:00,57.1062249019975,57.25375853663266,56.152158306157446,56.21117401123047,168200,0.0,0.0
2023-10-24 00:00:00-04:00,56.722624385306986,56.86032768728346,56.14232021111859,56.82098388671875,115700,0.0,0.0
2023-10-25 00:00:00-04:00,56.476729656902464,57.61767732870855,56.476729656902464,57.37178421020508,266400,0.0,0.0
2023-10-26 00:00:00-04:00,57.43079351477824,57.84389588591219,56.80130776069892,56.95867919921875,328600,0.0,0.0
2023-10-27 00:00:00-04:00,56.811141501365114,56.91933506821966,56.112805981525284,56.329193115234375,154800,0.0,0.0
2023-10-30 00:00:00-04:00,57.02754075413384,57.44064321063776,56.693125909166596,57.12590026855469,147100,0.0,0.0
2023-10-31 00:00:00-04:00,56.889832604426154,57.2930971726416,56.34886848882463,57.0865478515625,179000,0.0,0.0
2023-11-01 00:00:00-04:00,56.968523735776806,57.479981942911344,56.466903355874095,56.91934585571289,352600,0.0,0.0
2023-11-02 00:00:00-04:00,59.18155529874049,62.702746636311524,59.1028714500963,62.210960388183594,627700,0.0,0.0
2023-11-03 00:00:00-04:00,63.204374527995355,63.84369818998845,61.92572720400917,63.29289245605469,283600,0.0,0.0
2023-11-06 00:00:00-05:00,63.597812117646605,63.597812117646605,62.781445004762396,63.42076873779297,324400,0.0,0.0
2023-11-07 00:00:00-05:00,63.115847273352465,63.74533309047437,62.16178447329084,62.909297943115234,220000,0.0,0.0
2023-11-08 00:00:00-05:00,62.80110168457031,62.830611410510095,61.95523249893235,62.80110168457031,237100,0.0,0.0
2023-11-09 00:00:00-05:00,62.99783006549698,64.05025248131167,62.76177098298191,63.6469841003418,359400,0.0,0.0
2023-11-10 00:00:00-05:00,64.07974754163743,64.60103974699877,63.31256222023302,64.44366455078125,378700,0.0,0.0
2023-11-13 00:00:00-05:00,64.2666152703249,65.38789467963853,64.15842921299722,64.35514068603516,193600,0.0,0.0
2023-11-14 00:00:00-05:00,65.34854688448715,67.48289700296635,64.95511645842996,67.41404724121094,404700,0.0,0.0
2023-11-15 00:00:00-05:00,67.34521648260244,68.60418819798704,67.34521648260244,68.0337142944336,380100,0.0,0.0
2023-11-16 00:00:00-05:00,68.16173856141211,68.55573857056697,67.28509248637822,67.53134155273438,250200,0.1,0.0
2023-11-17 00:00:00-05:00,68.03371172381874,68.2799608624622,67.40331453008567,68.07311248779297,251500,0.0,0.0
2023-11-20 00:00:00-05:00,68.14205572430127,69.32404847589704,67.54120727967755,69.2748031616211,304300,0.0,0.0
2023-11-21 00:00:00-05:00,68.98915685299394,68.98915685299394,67.82686066401281,68.26026153564453,190100,0.0,0.0
2023-11-22 00:00:00-05:00,68.63455971291872,68.63455971291872,67.83671491442362,68.516357421875,159400,0.0,0.0
2023-11-24 00:00:00-05:00,68.59514839437794,69.30434700166003,68.59514839437794,68.93989562988281,56900,0.0,0.0
2023-11-27 00:00:00-05:00,68.66409784147892,69.30434700166003,68.66409784147892,68.93989562988281,166000,0.0,0.0
2023-11-28 00:00:00-05:00,68.87095013758312,68.87095013758312,67.40330752791336,67.42300415039062,229500,0.0,0.0
2023-11-29 00:00:00-05:00,67.9647759518977,68.3587761560539,67.20633175871335,67.25557708740234,220800,0.0,0.0
2023-11-30 00:00:00-05:00,67.40331220692308,68.07311014154475,66.99946002630209,67.9056625366211,296500,0.0,0.0
2023-12-01 00:00:00-05:00,67.6594247073515,69.18616506036845,67.42302009216843,69.00886535644531,259600,0.0,0.0
2023-12-04 00:00:00-05:00,68.56561460246263,69.59986404861951,68.56561460246263,69.23541259765625,294600,0.0,0.0
2023-12-05 00:00:00-05:00,68.9497686852343,69.11721631988706,68.26027400435332,68.4178695678711,169100,0.0,0.0
2023-12-06 00:00:00-05:00,68.92020971209428,69.93475495482521,68.42771143776451,68.45726013183594,191600,0.0,0.0
2023-12-07 00:00:00-05:00,68.47695259814725,70.12190244586785,68.3193570676935,70.06279754638672,193800,0.0,0.0
2023-12-08 00:00:00-05:00,69.85595056101343,71.50089292619681,69.82640186815445,71.32360076904297,258600,0.0,0.0
2023-12-11 00:00:00-05:00,71.48119054746876,72.58438925325335,71.48119054746876,72.02294158935547,329200,0.0,0.0
2023-12-12 00:00:00-05:00,72.05250230693709,73.20494651758034,71.65850216660938,72.65335083007812,227500,0.0,0.0
2023-12-13 00:00:00-05:00,72.93899447926404,74.05203782878326,71.55014579475481,73.76638793945312,411600,0.0,0.0
2023-12-14 00:00:00-05:00,74.64302996697795,75.7265245617269,74.00278076987694,75.5196762084961,312500,0.0,0.0
2023-12-15 00:00:00-05:00,75.67729018827116,75.67729018827116,74.18994322582148,74.8597412109375,648100,0.0,0.0
2023-12-18 00:00:00-05:00,75.10598558959344,75.32268602909275,74.23919134652338,74.49528503417969,241900,0.0,0.0
2023-12-19 00:00:00-05:00,75.06658809813584,76.61303242068381,75.06658809813584,76.21903228759766,345600,0.0,0.0
2023-12-20 00:00:00-05:00,76.13038275410115,77.16462460230524,74.43618751903105,74.64303588867188,276100,0.0,0.0
2023-12-21 00:00:00-05:00,75.42117595471893,75.79547189081104,74.69228070446532,75.11582946777344,278000,0.0,0.0
2023-12-22 00:00:00-05:00,75.62803639889171,76.19933622030113,74.9188376571321,75.6871337890625,151800,0.0,0.0
2023-12-26 00:00:00-05:00,75.73639060288973,77.351784481793,75.73639060288973,76.67213439941406,197900,0.0,0.0
2023-12-27 00:00:00-05:00,76.61301687234278,77.36161622178814,76.12051868466773,76.51451873779297,220700,0.0,0.0
2023-12-28 00:00:00-05:00,76.1796290516927,76.63273407474689,75.89398666727153,76.19933319091797,151000,0.0,0.0
2023-12-29 00:00:00-05:00,76.05158024205127,76.13038176706243,75.3522336161631,75.58863067626953,217700,0.0,0.0
2024-01-02 00:00:00-05:00,74.52484673229831,76.01218619491742,73.51029391673384,74.15054321289062,343100,0.0,0.0
2024-01-03 00:00:00-05:00,73.93383983463687,74.47559095187452,71.9047493135784,72.16085052490234,398100,0.0,0.0
2024-01-04 00:00:00-05:00,72.30859436506414,72.70258694055175,71.40239190263327,71.62894439697266,238300,0.0,0.0
2024-01-05 00:00:00-05:00,71.04780326412491,72.15100218031048,71.04780326412491,71.05765533447266,363100,0.0,0.0
2024-01-08 00:00:00-05:00,71.12661404313359,71.82596083017881,70.81141538538182,71.78656005859375,414500,0.0,0.0
2024-01-09 00:00:00-05:00,70.71291478178145,71.78655758956477,70.22041642630025,71.76686096191406,271400,0.0,0.0
2024-01-10 00:00:00-05:00,71.56984631308157,72.43664049156716,71.56984631308157,72.36769104003906,201300,0.0,0.0
2024-01-11 00:00:00-05:00,72.36769622774443,72.6533461231025,71.31375024173296,72.25934600830078,223100,0.0,0.0
2024-01-12 00:00:00-05:00,73.11627960205078,73.56937700412504,72.38737691986893,73.11627960205078,122400,0.0,0.0
2024-01-16 00:00:00-05:00,72.55485220050463,73.07689918918966,72.20025282801525,73.06704711914062,197200,0.0,0.0
2024-01-17 00:00:00-05:00,72.13131514795617,72.93901218055495,71.39256758710624,71.60926055908203,169800,0.0,0.0
2024-01-18 00:00:00-05:00,72.1805539819643,72.88975277895888,71.99340221194402,72.87005615234375,273300,0.0,0.0
2024-01-19 00:00:00-05:00,73.22464008921995,73.4413405331096,72.0919000660415,73.1064453125,290900,0.0,0.0
2024-01-22 00:00:00-05:00,73.88459791851011,74.55439591479772,73.60880006973188,73.73684692382812,431900,0.0,0.0
2024-01-23 00:00:00-05:00,74.5445389610018,74.73169070966696,73.38224273520285,73.49059295654297,213600,0.0,0.0
2024-01-24 00:00:00-05:00,74.16040044341949,74.33770014523182,73.28375400527187,74.13085174560547,323600,0.0,0.0
2024-01-25 00:00:00-05:00,75.2438731457649,76.11066725800278,74.61347606142351,75.77577209472656,674900,0.0,0.0
2024-01-26 00:00:00-05:00,76.17962673431427,76.6918291296086,75.5886303292975,75.94322967529297,187700,0.0,0.0
2024-01-29 00:00:00-05:00,75.84472526829666,77.36162067545375,75.4408731239891,77.20401763916016,221500,0.0,0.0
2024-01-30 00:00:00-05:00,76.82973155443989,78.40572454487882,76.76078209594966,77.54878234863281,436800,0.0,0.0
2024-01-31 00:00:00-05:00,77.33207856204749,77.81472475062495,75.42118291655927,75.82503509521484,349700,0.0,0.0
2024-02-01 00:00:00-05:00,76.62288041947598,78.42542585999591,75.92353378999643,77.79502868652344,365100,0.0,0.0
2024-02-02 00:00:00-05:00,77.07599012537551,78.37618544095085,76.98734403143843,78.10038757324219,182100,0.0,0.0
2024-02-05 00:00:00-05:00,77.46012153151852,77.5389230524282,76.42587223562737,77.07597351074219,207300,0.0,0.0
2024-02-06 00:00:00-05:00,77.0464271685594,77.77532247188392,76.79032597525683,77.24342346191406,165400,0.0,0.0
2024-02-07 00:00:00-05:00,77.36162910036253,77.86397943959781,76.51453147534902,76.52438354492188,371200,0.0,0.0
2024-02-08 00:00:00-05:00,76.89867919955425,77.31237594074007,76.40618093197291,76.79032897949219,360200,0.0,0.0
2024-02-09 00:00:00-05:00,77.22373424207478,77.85413145915885,76.72138387645454,77.50938415527344,408600,0.0,0.0
2024-02-12 00:00:00-05:00,77.7162213183262,79.6369613876397,77.25327178497206,78.553466796875,474000,0.0,0.0
2024-02-13 00:00:00-05:00,76.64258919625176,77.40104084752114,74.88929630983638,75.86444091796875,407400,0.0,0.0
2024-02-14 00:00:00-05:00,76.93807895848254,78.09052308599756,76.56378298538017,77.82457733154297,280300,0.0,0.0
2024-02-15 00:00:00-05:00,78.13977936294751,79.55816930744814,78.13977936294751,79.31192016601562,264400,0.0,0.0
2024-02-16 00:00:00-05:00,78.71107478118691,80.24766693318007,78.63227325674444,78.7406234741211,281000,0.0,0.0
2024-02-20 00:00:00-05:00,77.75562286376953,78.44511737897061,77.40102353740137,77.75562286376953,276700,0.0,0.0
2024-02-21 00:00:00-05:00,77.75563849492846,79.6763789697755,77.57833879610196,79.60742950439453,507900,0.0,0.0
2024-02-22 00:00:00-05:00,79.84382072764507,80.46437338537815,79.49907342608644,80.30677032470703,304700,0.0,0.0
2024-02-23 00:00:00-05:00,80.66136325905124,81.78425867447304,80.33631260855364,81.59710693359375,209400,0.0,0.0
2024-02-26 00:00:00-05:00,81.29176376245844,81.92216095088624,80.86821494695909,80.87806701660156,380600,0.0,0.0
2024-02-27 00:00:00-05:00,83.72469649744305,84.68999630480471,79.89306098834241,82.9760971069336,647400,0.0,0.0
2024-02-28 00:00:00-05:00,82.9170094333327,83.63606021753073,80.28707046256973,81.02581787109375,494100,0.0,0.0
2024-02-29 00:00:00-05:00,81.92216636946478,81.92216636946478,80.20827436974768,80.68107604980469,388700,0.0,0.0
2024-03-01 00:00:00-05:00,80.97656398044697,81.0061126740137,79.54832201525562,79.58772277832031,628000,0.0,0.0
2024-03-04 00:00:00-05:00,79.28237198865652,80.38557085484513,78.78987370257852,78.8686752319336,481200,0.0,0.0
2024-03-05 00:00:00-05:00,78.52391833822989,79.67636238322923,77.67682078850561,78.25796508789062,419100,0.0,0.0
2024-03-06 00:00:00-05:00,78.41557836341515,79.1543257986829,78.05112692330916,78.27767944335938,695500,0.0,0.0
2024-03-07 00:00:00-05:00,78.79971727912809,79.89306395757012,78.58301685422222,79.78471374511719,667600,0.0,0.0
2024-03-08 00:00:00-05:00,80.15901281458497,81.24251498125686,78.8982184914689,79.27252197265625,231900,0.0,0.0
2024-03-11 00:00:00-04:00,78.78987089339832,78.86867241994379,76.26828216336067,76.7016830444336,253100,0.0,0.0
2024-03-12 00:00:00-04:00,76.95777122937768,77.31237055854456,75.87427661911296,77.07597351074219,332000,0.0,0.0
2024-03-13 00:00:00-04:00,77.03658233511737,77.78518184704612,76.55393611061682,77.59803009033203,352400,0.0,0.0
2024-03-14 00:00:00-04:00,77.53884155647289,77.93344277198925,75.812467824182,76.75950622558594,781200,0.12,0.0
2024-03-15 00:00:00-04:00,76.50301955507646,77.40072995541472,76.3451760630128,77.22315979003906,721100,0.0,0.0
2024-03-18 00:00:00-04:00,77.22315622676278,78.44641312824413,76.84828923999684,77.62762451171875,282300,0.0,0.0
2024-03-19 00:00:00-04:00,77.63748803787098,79.45265057331156,77.63748803787098,78.93966674804688,649900,0.0,0.0
2024-03-20 00:00:00-04:00,79.01858565498209,80.69563883713975,78.61412489035739,80.05441284179688,422600,0.0,0.0
2024-03-21 00:00:00-04:00,80.54766082194249,81.72158974670083,80.19252050943314,81.22834014892578,213400,0.0,0.0
2024-03-22 00:00:00-04:00,81.16916556118898,81.55389970675027,80.40956437098644,81.23822021484375,175600,0.0,0.0
2024-03-25 00:00:00-04:00,81.46511303867987,81.90903470788265,80.74496524656821,80.7745590209961,254400,0.0,0.0
2024-03-26 00:00:00-04:00,81.20862479110542,82.04714771887278,80.59699249514708,81.27767944335938,226200,0.0,0.0
2024-03-27 00:00:00-04:00,82.84619876976689,83.65512774086757,82.15564487526231,83.39863586425781,364100,0.0,0.0
2024-03-28 00:00:00-04:00,83.615674244261,84.59230634422744,83.31972147389948,83.72418975830078,375200,0.0,0.0
2024-04-01 00:00:00-04:00,83.82283192269361,84.29634728829437,83.43809786574636,84.01026916503906,328200,0.0,0.0
2024-04-02 00:00:00-04:00,83.5663508427353,83.85243652935544,81.81038337610799,82.79688262939453,475100,0.0,0.0
2024-04-03 00:00:00-04:00,82.24444255249892,84.36540985107422,82.24444255249892,84.36540985107422,439100,0.0,0.0
2024-04-04 00:00:00-04:00,85.37164296081446,87.27558674663162,83.98067545513415,84.23716735839844,526700,0.0,0.0
2024-04-05 00:00:00-04:00,84.36541719065258,85.66759597125018,83.30986323612568,85.37165069580078,337700,0.0,0.0
2024-04-08 00:00:00-04:00,85.47029269343186,85.94381563549048,84.23716865581149,84.29635620117188,154900,0.0,0.0
2024-04-09 00:00:00-04:00,84.33582006922124,84.82906970179003,82.64890722900304,83.63540649414062,323500,0.0,0.0
2024-04-10 00:00:00-04:00,82.04714474571657,83.23094841824862,79.07778728000494,82.8462142944336,408400,0.0,0.0
2024-04-11 00:00:00-04:00,82.78701755978841,83.90176656023183,82.15565862431258,83.79325103759766,265500,0.0,0.0
2024-04-12 00:00:00-04:00,82.76729321003124,83.41837883772718,81.75120012991678,82.4220199584961,188700,0.0,0.0
2024-04-15 00:00:00-04:00,83.30000167165039,83.4479705426432,82.02741669636663,82.3332290649414,184500,0.0,0.0
2024-04-16 00:00:00-04:00,81.88929984562212,82.19511218598844,80.97185529813162,82.10633087158203,240500,0.0,0.0
2024-04-17 00:00:00-04:00,82.81660751414684,82.81660751414684,81.3664599653057,81.47496795654297,238100,0.0,0.0
2024-04-18 00:00:00-04:00,81.68213599169492,82.3134948715634,80.35035606328053,80.4194107055664,316300,0.0,0.0
2024-04-19 00:00:00-04:00,80.09388461432609,81.06064976229727,79.37373677739868,79.74860382080078,366700,0.0,0.0
2024-04-22 00:00:00-04:00,80.04456186699879,81.41579545064114,79.58090593809654,80.89295196533203,252400,0.0,0.0
2024-04-23 00:00:00-04:00,81.21848665197597,82.71796222977646,81.21848665197597,82.62918090820312,245500,0.0,0.0
2024-04-24 00:00:00-04:00,82.50092418271797,83.66499352278855,81.28753439920197,82.2049789428711,250700,0.0,0.0
2024-04-25 00:00:00-04:00,81.09022997793606,82.34308815737934,80.5081990715868,81.97808074951172,352100,0.0,0.0
2024-04-26 00:00:00-04:00,82.25430894363525,83.4973001693143,82.25430894363525,82.74755859375,307500,0.0,0.0
2024-04-29 00:00:00-04:00,82.76728857302479,84.06946728185498,82.76728857302479,84.0300064086914,356800,0.0,0.0
2024-04-30 00:00:00-04:00,82.07673514469133,83.47756980922586,79.18629202158183,80.202392578125,746000,0.0,0.0
2024-05-01 00:00:00-04:00,80.37008173070964,81.30725285173752,79.18627831182151,79.25533294677734,506700,0.0,0.0
2024-05-02 00:00:00-04:00,79.59075476116035,81.20861282680525,79.38359083491953,81.19874572753906,548200,0.0,0.0
2024-05-03 00:00:00-04:00,82.17537554025007,82.17537554025007,80.41940087350987,80.883056640625,258000,0.0,0.0
2024-05-06 00:00:00-04:00,81.61308487129267,83.27040388406432,81.48483515409053,83.063232421875,257900,0.0,0.0
2024-05-07 00:00:00-04:00,83.16189272339,85.0855633182901,83.04351009970682,84.73042297363281,307300,0.0,0.0
2024-05-08 00:00:00-04:00,84.28648998896466,84.71068492554961,83.58607649393207,84.227294921875,242800,0.0,0.0
2024-05-09 00:00:00-04:00,84.35555240698474,86.22003537482117,84.35555240698474,86.04246520996094,267000,0.0,0.0
2024-05-10 00:00:00-04:00,86.6244891703854,86.87111396135121,85.37163854389128,86.52584075927734,734500,0.0,0.0
2024-05-13 00:00:00-04:00,86.9500504821201,86.9500504821201,85.08556734757168,85.13489532470703,212400,0.0,0.0
2024-05-14 00:00:00-04:00,85.82542411196509,85.82542411196509,84.85865165518376,85.59852600097656,401200,0.0,0.0
2024-05-15 00:00:00-04:00,86.15097306275258,86.92044119987897,85.81555943613341,86.26934814453125,226800,0.0,0.0
2024-05-16 00:00:00-04:00,86.02239034718147,86.02239034718147,84.64927289696985,85.32101440429688,294600,0.12,0.0
2024-05-17 00:00:00-04:00,85.55809742549073,85.73591157556945,85.07405072567272,85.32101440429688,133900,0.0,0.0
2024-05-20 00:00:00-04:00,85.24198066951779,86.48667966824942,84.86659860686103,86.47679901123047,205700,0.0,0.0
2024-05-21 00:00:00-04:00,86.19033418337764,86.19033418337764,85.19259869171427,85.4000473022461,647500,0.0,0.0
2024-05-22 00:00:00-04:00,85.12345290247102,85.86434405987458,84.98515382269444,85.70629119873047,189800,0.0,0.0
2024-05-23 00:00:00-04:00,86.22983807795532,86.34838335574369,84.74805602090044,85.21234893798828,187700,0.0,0.0
2024-05-24 00:00:00-04:00,85.54821616055455,85.90384445818655,85.1135652142413,85.69639587402344,229900,0.0,0.0
2024-05-28 00:00:00-04:00,85.9730122271137,86.33852125965582,84.44184162768921,85.16297149658203,203900,0.0,0.0
2024-05-29 00:00:00-04:00,84.25414523469091,84.78758778452472,83.96766640959119,84.58013916015625,231600,0.0,0.0
2024-05-30 00:00:00-04:00,85.19259505628416,86.92134094034604,84.86660870320743,86.1903305053711,322800,0.0,0.0
2024-05-31 00:00:00-04:00,87.22759087979408,90.91228544446409,87.0794111371157,90.90240478515625,542300,0.0,0.0
2024-06-03 00:00:00-04:00,91.20863142191229,91.77170833131117,84.28376747270337,86.2397232055664,497500,0.0,0.0
2024-06-04 00:00:00-04:00,85.8248176661334,86.04214691624948,83.72068976922823,84.42206573486328,328000,0.0,0.0
2024-06-05 00:00:00-04:00,84.88637346156732,86.70402289426134,84.07633272973891,86.37803649902344,240800,0.0,0.0
2024-06-06 00:00:00-04:00,86.2397212002314,87.01024668604613,85.10368675000534,85.53833770751953,124800,0.0,0.0
2024-06-07 00:00:00-04:00,85.25187904792445,85.57786542998258,84.10596377098075,84.72830963134766,141100,0.0,0.0
2024-06-10 00:00:00-04:00,83.90838657593443,84.26401489607474,83.0884653080146,83.77996063232422,343400,0.0,0.0
2024-06-11 00:00:00-04:00,83.32554648446057,84.07631820320803,82.18951201694102,83.8095932006836,243800,0.0,0.0
2024-06-12 00:00:00-04:00,85.65687968906059,87.10902729641869,85.05428772224215,85.10368347167969,246200,0.0,0.0
2024-06-13 00:00:00-04:00,84.60975129600315,84.73816968578608,83.73056127066502,84.57023620605469,228000,0.0,0.0
2024-06-14 00:00:00-04:00,83.04894401433151,83.07857844934243,81.86352139349535,82.7822265625,259000,0.0,0.0
2024-06-17 00:00:00-04:00,82.76247875104053,84.35292567446912,82.6834485536285,84.02693176269531,151500,0.0,0.0
2024-06-18 00:00:00-04:00,83.94790462423481,84.17510700875737,83.19713286233554,83.9775390625,151200,0.0,0.0
2024-06-20 00:00:00-04:00,83.56262973008671,84.75794061055913,82.19939288757311,83.19712829589844,232100,0.0,0.0
2024-06-21 00:00:00-04:00,82.98968745790341,83.315673828125,82.16976612952377,83.315673828125,636500,0.0,0.0
2024-06-24 00:00:00-04:00,83.65156152262301,85.09382891513118,83.02921558717837,84.32330322265625,192700,0.0,0.0
2024-06-25 00:00:00-04:00,83.97753279825169,84.11583185766231,82.54513891616512,83.71080780029297,241500,0.0,0.0
2024-06-26 00:00:00-04:00,83.1675027173056,83.56263863021785,82.35746203706039,82.44636535644531,315900,0.0,0.0
2024-06-27 00:00:00-04:00,83.0390705181738,83.76020782480597,82.11049214857594,82.5451431274414,304800,0.0,0.0
2024-06-28 00:00:00-04:00,83.43420708199167,84.27388206989059,82.49574813141054,82.65380096435547,811800,0.0,0.0
2024-07-01 00:00:00-04:00,83.1971449828625,83.52313892474002,80.94483690577259,81.349853515625,264600,0.0,0.0
2024-07-02 00:00:00-04:00,81.15227116977356,82.97980099383871,81.15227116977356,82.18951416015625,241500,0.0,0.0
2024-07-03 00:00:00-04:00,82.47598244426072,83.65153188703583,82.17963057192549,83.33541870117188,111600,0.0,0.0
2024-07-05 00:00:00-04:00,82.93040382296968,83.68117554846206,81.92279528714421,82.82173919677734,193300,0.0,0.0
2024-07-08 00:00:00-04:00,83.54287771835848,84.28376879693091,82.34757434933634,82.43647766113281,159800,0.0,0.0
2024-07-09 00:00:00-04:00,82.21916541894223,82.59454756212837,82.0907394603442,82.40685272216797,242400,0.0,0.0
2024-07-10 00:00:00-04:00,82.7921030945617,84.00716773721018,82.7427148797528,83.9478988647461,279900,0.0,0.0
2024-07-11 00:00:00-04:00,85.94337371077715,88.01786743093177,84.81721976164367,87.66223907470703,346800,0.0,0.0
2024-07-12 00:00:00-04:00,89.07487011883684,90.78386232747907,88.37349407893274,89.63794708251953,365000,0.0,0.0
2024-07-15 00:00:00-04:00,90.4677452391253,93.75730356271468,90.34919994879209,92.86823272705078,509800,0.0,0.0
2024-07-16 00:00:00-04:00,93.60912271354984,98.20264902888714,93.51033874115491,98.00507354736328,439500,0.0,0.0
2024-07-17 00:00:00-04:00,97.09625076404001,98.56815232951854,93.04604752599575,93.22386169433594,601800,0.0,0.0
2024-07-18 00:00:00-04:00,92.29528209587552,94.57722446572247,91.25803145318073,92.14710235595703,361900,0.0,0.0
2024-07-19 00:00:00-04:00,92.17671789015641,92.44344287464847,90.5566368159422,90.86287689208984,420600,0.0,0.0
2024-07-22 00:00:00-04:00,91.12961465346913,94.85382431555601,91.09998021230491,94.67601013183594,456800,0.0,0.0
2024-07-23 00:00:00-04:00,93.75730882236638,97.19503953080648,93.75730882236638,96.31584930419922,437000,0.0,0.0
2024-07-24 00:00:00-04:00,95.82191477224485,96.59244030371126,92.90774615211244,93.38191223144531,344700,0.0,0.0
2024-07-25 00:00:00-04:00,95.1007622672405,98.76570959048071,91.6037634963738,95.20942687988281,613900,0.0,0.0
2024-07-26 00:00:00-04:00,97.81737322325769,99.67454496147238,97.22466188548572,98.09397888183594,482700,0.0,0.0
2024-07-29 00:00:00-04:00,98.59779209152374,98.59779209152374,96.11828179606869,96.18743133544922,302500,0.0,0.0
2024-07-30 00:00:00-04:00,97.90627278055129,98.83485854259287,97.20489689910406,97.54076385498047,325400,0.0,0.0
2024-07-31 00:00:00-04:00,99.04232290842532,100.93900228784406,97.00733692523593,98.75584411621094,434400,0.0,0.0
2024-08-01 00:00:00-04:00,98.25203993230548,98.90402773405444,93.9449922948999,95.89106750488281,437600,0.0,0.0
2024-08-02 00:00:00-04:00,91.78158793990741,92.75956202679188,90.40846291109624,92.35453796386719,369700,0.0,0.0
2024-08-05 00:00:00-04:00,88.37350078814363,90.25042665515807,86.64475466739732,89.8947982788086,334300,0.0,0.0
2024-08-06 00:00:00-04:00,89.94416998680983,92.70027786137341,89.46011577599815,91.62351989746094,219600,0.0,0.0
2024-08-07 00:00:00-04:00,92.87809705022275,93.72765270862931,89.49963573148038,89.83551025390625,577100,0.0,0.0
2024-08-08 00:00:00-04:00,91.27777679673049,93.06579141174839,90.33931029931263,93.01640319824219,248100,0.0,0.0
2024-08-09 00:00:00-04:00,93.04605185395165,93.5202179670915,92.11746587201226,93.15471649169922,310700,0.0,0.0
2024-08-12 00:00:00-04:00,93.21398266505321,93.21398266505321,91.0703394857941,91.97916412353516,595700,0.0,0.0
2024-08-13 00:00:00-04:00,92.69042414614954,93.1349558224053,91.49512065933767,92.41382598876953,191600,0.0,0.0
2024-08-14 00:00:00-04:00,92.87810457274868,93.17446402614334,91.4951138881976,92.15697479248047,183200,0.0,0.0
2024-08-15 00:00:00-04:00,94.61672786771453,95.67373216124146,93.25349100982197,94.6463623046875,244800,0.0,0.0
2024-08-16 00:00:00-04:00,94.50790463599739,95.40797596548092,93.76608437212359,94.14193725585938,218600,0.12,0.0
2024-08-19 00:00:00-04:00,94.14191781128419,94.91340951897517,93.48911249173989,94.02322387695312,192300,0.0,0.0
2024-08-20 00:00:00-04:00,93.52867727067397,93.52867727067397,91.08561516202528,91.41201782226562,831600,0.0,0.0
2024-08-21 00:00:00-04:00,91.94613988688752,92.43079363656635,90.99661093915165,92.26264953613281,377000,0.0,0.0
2024-08-22 00:00:00-04:00,92.20330931372833,93.1330597398782,91.14497943241997,91.47138214111328,190600,0.0,0.0
2024-08-23 00:00:00-04:00,92.18351325062548,93.51879554254411,91.1746411783021,92.93522644042969,551800,0.0,0.0
2024-08-26 00:00:00-04:00,93.4396727760135,93.66716007614514,92.44068613588452,92.62861633300781,236800,0.0,0.0
2024-08-27 00:00:00-04:00,92.26265991285442,92.26265991285442,90.80869095410573,91.13509368896484,250800,0.0,0.0
2024-08-28 00:00:00-04:00,91.15486514520535,92.59894082195085,91.07573585015999,91.80766296386719,211900,0.0,0.0
2024-08-29 00:00:00-04:00,92.6681809822014,93.45945132751767,91.71865204011075,92.62861633300781,209600,0.0,0.0
2024-08-30 00:00:00-04:00,92.74730875809448,93.88476797118336,91.49116313590166,93.45945739746094,400100,0.0,0.0
2024-09-03 00:00:00-04:00,92.25275000065486,92.5198094789753,87.54467024244389,87.71281433105469,268100,0.0,0.0
2024-09-04 00:00:00-04:00,87.16881573998225,87.96998668268805,86.5259109407022,86.7336196899414,240100,0.0,0.0
2024-09-05 00:00:00-04:00,86.37755275666142,86.48635366499403,84.08285572433117,84.15209197998047,469800,0.0,0.0
2024-09-06 00:00:00-04:00,84.15208318469793,84.82466711764616,82.13433138585329,82.37171173095703,405800,0.0,0.0
2024-09-09 00:00:00-04:00,83.19267401043771,83.73667857895036,81.82772738333269,82.46074676513672,529800,0.0,0.0
2024-09-10 00:00:00-04:00,83.03440956834149,83.12343192157562,81.00677209720871,81.96619415283203,454300,0.0,0.0
2024-09-11 00:00:00-04:00,81.96618322458284,83.76633314023853,80.71003022057162,83.72676849365234,586400,0.0,0.0
2024-09-12 00:00:00-04:00,84.23121448508006,85.8829989837779,83.45971513932022,85.16095733642578,338900,0.0,0.0
2024-09-13 00:00:00-04:00,86.17972244361206,86.9512217885478,85.42801674267768,86.03136444091797,267000,0.0,0.0
2024-09-16 00:00:00-04:00,86.38742996459733,87.0105637517888,85.22030678035273,85.72473907470703,193100,0.0,0.0
2024-09-17 00:00:00-04:00,86.66438273011836,88.54365450674742,85.6752891440251,87.96998596191406,319300,0.0,0.0
2024-09-18 00:00:00-04:00,88.20736362338234,90.63063981703843,87.25783471519192,88.49420166015625,429200,0.0,0.0
2024-09-19 00:00:00-04:00,90.99661331354234,91.17465046752496,89.47340822862122,90.79879760742188,273100,0.0,0.0
2024-09-20 00:00:00-04:00,90.71966223464754,90.94714952684184,89.2854720496151,90.57129669189453,1081900,0.0,0.0
2024-09-23 00:00:00-04:00,90.82846529060086,91.42191992954753,90.35369705173242,91.01638793945312,227800,0.0,0.0
2024-09-24 00:00:00-04:00,91.81756869207396,92.09451371679319,90.61087318763792,91.89669799804688,264900,0.0,0.0
2024-09-25 00:00:00-04:00,92.20329666118919,92.70773645574965,91.6790783170821,91.9856948852539,336200,0.0,0.0
2024-09-26 00:00:00-04:00,93.41000044659285,94.17159918561589,91.49115647969883,91.78788757324219,380400,0.0,0.0
2024-09-27 00:00:00-04:00,92.58904251991646,93.7660661918294,91.59005597866108,91.9856948852539,283800,0.0,0.0
2024-09-30 00:00:00-04:00,91.87691360659542,93.1132807372108,91.73844109166139,92.4406967163086,458400,0.0,0.0
2024-10-01 00:00:00-04:00,91.78788023114234,92.57915050698908,89.57230534792848,91.68896484375,284800,0.0,0.0
2024-10-02 00:00:00-04:00,91.22410947214833,92.78687168370115,90.85814210978613,91.87690734863281,210400,0.0,0.0
2024-10-03 00:00:00-04:00,91.54061684080173,91.64941774185428,89.07776831281464,89.18656921386719,285900,0.0,0.0
2024-10-04 00:00:00-04:00,91.33289001632934,91.33289001632934,89.28546677657296,89.71077728271484,176800,0.0,0.0
2024-10-07 00:00:00-04:00,89.61188807361232,91.13509328332229,88.52388650844408,90.63065338134766,249600,0.0,0.0
2024-10-08 00:00:00-04:00,90.95704630290516,91.38235685159502,90.05697505337119,90.18555450439453,194700,0.0,0.0
2024-10-09 00:00:00-04:00,90.17565890006519,91.75820710167427,90.04707945268557,90.87791442871094,193200,0.0,0.0
2024-10-10 00:00:00-04:00,89.37449941499165,89.55253656706077,87.81172969640551,89.18656921386719,291800,0.0,0.0
2024-10-11 00:00:00-04:00,89.20635971579746,91.58017846565939,89.20635971579746,91.28345489501953,348500,0.0,0.0
2024-10-14 00:00:00-04:00,91.09551437681296,92.28243116362553,90.45260206056258,92.24286651611328,141000,0.0,0.0
2024-10-15 00:00:00-04:00,91.91647627404461,93.45946000492988,91.91647627404461,92.16374969482422,254500,0.0,0.0
2024-10-16 00:00:00-04:00,93.00447036850541,94.1716011229696,92.2527571166,92.50003051757812,234900,0.0,0.0
2024-10-17 00:00:00-04:00,93.02426871053434,93.35066390768557,92.05495353079483,93.12317657470703,158700,0.0,0.0
2024-10-18 00:00:00-04:00,93.62760225704265,93.70672400863947,87.71281930607947,87.80183410644531,555300,0.0,0.0
2024-10-21 00:00:00-04:00,87.88095904947747,88.6227792005077,86.61492053244211,86.91165161132812,399100,0.0,0.0
2024-10-22 00:00:00-04:00,86.209401215148,86.31819456792178,83.97404758133348,84.05317687988281,432300,0.0,0.0
2024-10-23 00:00:00-04:00,83.51905938740654,84.4586952145508,83.23222136057042,83.82567596435547,371600,0.0,0.0
2024-10-24 00:00:00-04:00,84.46859518410504,84.51804533653136,83.32124298274584,84.02349853515625,386100,0.0,0.0
2024-10-25 00:00:00-04:00,84.86423497637735,85.00270747844134,84.00372081682082,84.42903137207031,287800,0.0,0.0
2024-10-28 00:00:00-04:00,85.230198714316,86.01158360982078,84.56750777441975,84.81478118896484,385000,0.0,0.0
2024-10-29 00:00:00-04:00,83.96414462882262,84.46858441484393,83.47949093819749,83.60807037353516,340200,0.0,0.0
2024-10-30 00:00:00-04:00,83.61797395770685,84.95324881019704,83.52895160957533,83.85535430908203,415400,0.0,0.0
2024-10-31 00:00:00-04:00,82.6585381289479,84.32021540295914,79.12747486494699,80.68035125732422,500300,0.0,0.0
2024-11-01 00:00:00-04:00,81.78815382657164,82.74757584505623,80.61113000436657,80.94741821289062,570800,0.0,0.0
2024-11-04 00:00:00-05:00,80.62102103936864,81.24414728757638,80.01767334273889,80.67047119140625,898300,0.0,0.0
2024-11-05 00:00:00-05:00,80.02757407797262,83.75645396885308,80.02757407797262,83.68721771240234,744900,0.0,0.0
2024-11-06 00:00:00-05:00,89.22613537412072,91.12519333087738,87.98976833776578,89.39427947998047,586100,0.0,0.0
2024-11-07 00:00:00-05:00,89.3448233799825,89.42395267612737,87.54467339670431,87.69303894042969,1137800,0.0,0.0
2024-11-08 00:00:00-05:00,88.25682871864826,89.95806343874648,87.30729218466868,89.36460876464844,398200,0.0,0.0
2024-11-11 00:00:00-05:00,90.66032611161643,91.63952669631215,89.27559351482502,89.89871978759766,286500,0.0,0.0
2024-11-12 00:00:00-05:00,89.62177589526405,91.10541636471946,89.36460943429313,90.20533752441406,848400,0.0,0.0
2024-11-13 00:00:00-05:00,90.87791184076292,91.44169485734948,90.03718384005451,91.40213775634766,485000,0.0,0.0
2024-11-14 00:00:00-05:00,91.85712838096103,91.97581478732045,88.9887553370349,89.73057556152344,621900,0.0,0.0
2024-11-15 00:00:00-05:00,90.0673123451606,90.0673123451606,87.25456198760726,88.45294952392578,446800,0.12,0.0
2024-11-18 00:00:00-05:00,88.6411326343247,90.08712115379659,88.3341099001613,89.66124725341797,399300,0.0,0.0
2024-11-19 00:00:00-05:00,88.39353467891858,90.5526151559562,88.39353467891858,90.47338104248047,294100,0.0,0.0
2024-11-20 00:00:00-05:00,90.66155197773678,90.84973109118627,89.44335215075262,90.78040313720703,451600,0.0,0.0
2024-11-21 00:00:00-05:00,91.59253144875795,93.9794002788321,91.08742347940233,93.91007232666016,346100,0.0,0.0
2024-11-22 00:00:00-05:00,94.2963269377305,95.16787939556619,94.10814783358079,94.94999694824219,538200,0.0,0.0
2024-11-25 00:00:00-05:00,96.09885781952825,98.04995407423665,95.36596128864305,96.60396575927734,456600,0.0,0.0
2024-11-26 00:00:00-05:00,95.98002488262192,96.99023331810031,95.44520598518731,96.7822494506836,254400,0.0,0.0
2024-11-27 00:00:00-05:00,97.0694616532416,97.65379616653773,96.06915187367194,96.94070434570312,312800,0.0,0.0
2024-11-29 00:00:00-05:00,97.79245079130301,98.38669144883572,96.4752197265625,96.4752197265625,264800,0.0,0.0
2024-12-02 00:00:00-05:00,96.57426212823174,98.21832825973748,96.43560622158115,97.16850280761719,361100,0.0,0.0
2024-12-03 00:00:00-05:00,97.25764861688131,97.51515571658591,96.34647894861119,97.38640594482422,218100,0.0,0.0
2024-12-04 00:00:00-05:00,97.59438359840746,98.93142711085459,96.99023672395242,98.74324798583984,213500,0.0,0.0
2024-12-05 00:00:00-05:00,98.43622551406911,98.62440463958822,96.56436308038985,96.65349578857422,266900,0.0,0.0
2024-12-06 00:00:00-05:00,97.08927048488883,97.39629320437008,96.23752272486308,96.88128662109375,241000,0.0,0.0
2024-12-09 00:00:00-05:00,97.97073333590122,98.32727927656407,96.34647185340627,97.26754760742188,283200,0.0,0.0
2024-12-10 00:00:00-05:00,97.38638799277103,98.3173622403974,96.04934464138076,96.45540618896484,373900,0.0,0.0
2024-12-11 00:00:00-05:00,97.63398771794795,98.0796663109864,96.35636618007675,96.43560028076172,560900,0.0,0.0
2024-12-12 00:00:00-05:00,96.41579321251217,97.44581390880384,96.17809845373105,96.39598846435547,341900,0.0,0.0
2024-12-13 00:00:00-05:00,96.17809292056246,96.4256938172674,94.27651984735162,95.54423522949219,215600,0.0,0.0
2024-12-16 00:00:00-05:00,95.70270831997148,97.07936888018646,94.32604775975649,96.70301818847656,269600,0.0,0.0
2024-12-17 00:00:00-05:00,96.23751837730747,96.65348608610617,94.68258498911996,94.78162384033203,352600,0.0,0.0
2024-12-18 00:00:00-05:00,95.55415540293808,96.55445773196344,91.11714335816858,91.65196228027344,361800,0.0,0.0
2024-12-19 00:00:00-05:00,92.54332316589954,93.48420364846294,90.64174233934096,90.88934326171875,368200,0.0,0.0
2024-12-20 00:00:00-05:00,89.80980492492878,92.47399321007691,89.15613487702079,90.91905975341797,750000,0.0,0.0
2024-12-23 00:00:00-05:00,90.46346369671188,90.56251010439257,89.44334916951294,89.78009033203125,235200,0.0,0.0
2024-12-24 00:00:00-05:00,90.91905580363465,92.77110574655498,90.01778487785715,92.6918716430664,162300,0.0,0.0
2024-12-26 00:00:00-05:00,91.93917251349255,93.29602067612619,91.03790156629545,93.10784912109375,193300,0.0,0.0
2024-12-27 00:00:00-05:00,92.19667167223983,92.89986490952278,90.35452784450217,91.77080535888672,497600,0.0,0.0
2024-12-30 00:00:00-05:00,90.87943165319645,91.7509840549528,89.5819978675001,91.30530548095703,452700,0.0,0.0
2024-12-31 00:00:00-05:00,91.73119889930149,92.29572873981039,90.91906811898727,91.50340270996094,371400,0.0,0.0
2025-01-02 00:00:00-05:00,92.1768691706803,92.54332124843164,89.99798412137378,91.36473846435547,319000,0.0,0.0
2025-01-03 00:00:00-05:00,91.61233405749047,95.07874669750363,91.06760904873073,94.94999694824219,332800,0.0,0.0
2025-01-06 00:00:00-05:00,94.94009455450579,95.99982615843959,92.38485132238047,92.73149108886719,395800,0.0,0.0
2025-01-07 00:00:00-05:00,92.63244962431014,93.00880783690013,90.52289262813456,91.16665649414062,443500,0.0,0.0
2025-01-08 00:00:00-05:00,90.5228944856605,92.01840610239073,89.1957496747649,91.95897674560547,294000,0.0,0.0
2025-01-10 00:00:00-05:00,90.19605105524255,92.41455289296324,89.65132607991451,92.19666290283203,367100,0.0,0.0
2025-01-13 00:00:00-05:00,91.08742614327744,94.06854328621472,90.95866883106396,94.0190200805664,298500,0.0,0.0
2025-01-14 00:00:00-05:00,95.12827195516516,96.71291625644669,94.67267963462793,96.18800354003906,284200,0.0,0.0
2025-01-15 00:00:00-05:00,97.97072416618198,98.15890327174688,94.21709354388307,95.08865356445312,366600,0.0,0.0
2025-01-16 00:00:00-05:00,95.66308039603291,97.59437195577713,94.99951179544205,96.90108489990234,595300,0.0,0.0
2025-01-17 00:00:00-05:00,98.41641653341688,98.41641653341688,95.20750316547635,96.2672348022461,1096300,0.0,0.0
2025-01-21 00:00:00-05:00,97.29724797561532,98.85218133219766,96.98031912447051,98.16880798339844,318400,0.0,0.0
2025-01-22 00:00:00-05:00,98.54516904340404,98.84229317856999,97.14869618677704,98.27776336669922,268800,0.0,0.0
2025-01-23 00:00:00-05:00,98.00044255013334,100.79338066642829,97.67361507363945,100.34770202636719,452800,0.0,0.0
2025-01-24 00:00:00-05:00,100.23874654324341,100.7438544904083,97.49533192075907,98.33717346191406,330000,0.0,0.0
2025-01-27 00:00:00-05:00,97.47552150155236,98.09948061192806,95.7720260830344,96.4058837890625,292900,0.0,0.0
2025-01-28 00:00:00-05:00,96.57427514376933,97.56467892828412,95.92060501902257,97.38640594482422,227400,0.0,0.0
2025-01-29 00:00:00-05:00,96.98033136570179,98.44613220987797,96.1285835539555,96.53465270996094,203400,0.0,0.0
2025-01-30 00:00:00-05:00,97.61418132781901,99.10969295507698,97.52504862628386,97.99053955078125,181200,0.0,0.0
2025-01-31 00:00:00-05:00,98.53525371849437,98.78285462269135,97.029843545696,97.3665771484375,297700,0.0,0.0
2025-02-03 00:00:00-05:00,95.43529642849029,96.55444983405532,93.55352798008538,95.90078735351562,707300,0.0,0.0
2025-02-04 00:00:00-05:00,95.9404023678517,96.60397098653439,95.52442710051358,95.93049621582031,535100,0.0,0.0
2025-02-05 00:00:00-05:00,96.85157740648917,97.1883110329218,95.79184576421517,96.7822494506836,223600,0.0,0.0
2025-02-06 00:00:00-05:00,97.32696846313453,97.96083378405062,95.39568426685929,96.87138366699219,344000,0.0,0.0
2025-02-07 00:00:00-05:00,97.07935801097884,97.28734941741054,95.83145490946771,96.7129135131836,270500,0.0,0.0
2025-02-10 00:00:00-05:00,96.99023546913925,97.33687525585485,94.66278826555667,96.56436157226562,321100,0.0,0.0
2025-02-11 00:00:00-05:00,95.98002005121836,98.25794388172224,95.31644387199019,98.15890502929688,369400,0.0,0.0
2025-02-12 00:00:00-05:00,95.56405743631099,97.34678724076784,94.95991053347736,95.77204132080078,426400,0.0,0.0
2025-02-13 00:00:00-05:00,96.01962794818738,96.35636910824185,94.9995134284523,96.1681900024414,339500,0.0,0.0
2025-02-14 00:00:00-05:00,96.86147707023358,97.34677272836211,95.51452754237562,96.1681900024414,260800,0.0,0.0
2025-02-18 00:00:00-05:00,96.72281873497957,97.95091707730715,96.47521783617756,97.58446502685547,354700,0.0,0.0
2025-02-19 00:00:00-05:00,96.54455687598607,99.39691683762038,95.64328587384854,98.27776336669922,436900,0.0,0.0
2025-02-20 00:00:00-05:00,98.04005349746369,98.43621646182909,95.1975999072156,96.18800354003906,363500,0.0,0.0
2025-02-21 00:00:00-05:00,97.47552249592063,97.5745613467141,92.71168350028074,92.81072235107422,389300,0.0,0.0
2025-02-24 00:00:00-05:00,93.02860917315394,93.25640532274588,89.89893021315174,89.9088363647461,604700,0.0,0.0
2025-02-25 00:00:00-05:00,89.78008865279315,90.77049226163548,88.50246709064496,89.8791275024414,744900,0.0,0.0
2025-02-26 00:00:00-05:00,87.75966694012156,88.44304786810463,79.12334601048418,79.21248626708984,1208100,0.0,0.0
2025-02-27 00:00:00-05:00,78.8262196647807,84.02583861542364,78.47957991264047,80.88626098632812,940900,0.0,0.0
2025-02-28 00:00:00-05:00,81.5300360612799,81.63898107782477,78.31122388706387,80.50001525878906,800300,0.0,0.0
2025-03-03 00:00:00-05:00,81.02492317375984,82.3223571412643,79.133256061778,79.34123992919922,744500,0.0,0.0
2025-03-04 00:00:00-05:00,78.1923838688433,80.73772155659833,76.95437900989276,79.29173278808594,802900,0.0,0.0
2025-03-05 00:00:00-05:00,79.06392877389065,80.73770587999564,79.0144055666756,80.11375427246094,578200,0.0,0.0
2025-03-06 00:00:00-05:00,79.27190620605234,79.6779677587568,78.24188554029921,78.86583709716797,557000,0.0,0.0
2025-03-07 00:00:00-05:00,78.72718498535697,80.03451751709436,77.73678132324743,79.8166275024414,730600,0.0,0.0
2025-03-10 00:00:00-04:00,78.70737436733921,81.30222693260325,78.70737436733921,79.71758270263672,882600,0.0,0.0
2025-03-11 00:00:00-04:00,79.9750918839758,80.80702729332572,78.62814236354076,79.49969482421875,594300,0.0,0.0
2025-03-12 00:00:00-04:00,79.96518659145163,80.16327185022077,77.52879457994122,78.18246459960938,712100,0.0,0.0
2025-03-13 00:00:00-04:00,77.60802246470766,77.70706130806623,74.46844503754656,74.72594451904297,639700,0.0,0.0
2025-03-14 00:00:00-04:00,75.4701345517499,76.7302896451035,74.61680344655468,76.58145141601562,658500,0.14,0.0
2025-03-17 00:00:00-04:00,76.17463213796604,78.27819389925146,75.85711409571799,77.7622299194336,471800,0.0,0.0
2025-03-18 00:00:00-04:00,77.18672723388332,77.79199719364121,76.7005293805495,76.92874145507812,285300,0.0,0.0
2025-03-19 00:00:00-04:00,76.87913209364885,77.9606753152753,75.71819989922794,77.21649169921875,784000,0.0,0.0
2025-03-20 00:00:00-04:00,76.38300204502286,76.92873210009103,75.10300544497164,75.2915267944336,602400,0.0,0.0
2025-03-21 00:00:00-04:00,74.3191420003951,75.40068527095987,73.65433975682443,74.77557373046875,2103800,0.0,0.0
2025-03-24 00:00:00-04:00,75.94642159758014,77.60346867739247,75.73805108786368,77.53401184082031,356300,0.0,0.0
2025-03-25 00:00:00-04:00,77.27602347608023,79.31012837516226,77.25618191067782,78.47663879394531,512700,0.0,0.0
2025-03-26 00:00:00-04:00,78.46671893089213,79.37958231060969,78.37741296427471,78.75447082519531,591500,0.0,0.0
2025-03-27 00:00:00-04:00,78.7643948335052,80.35199267721633,78.079751022888,78.26827239990234,845100,0.0,0.0
2025-03-28 00:00:00-04:00,77.78206677255028,78.75446997627321,74.12068115546816,74.59696197509766,427400,0.0,0.0
2025-03-31 00:00:00-04:00,73.56502741516036,73.91231157426405,72.48348423820501,72.97960662841797,837800,0.0,0.0
2025-04-01 00:00:00-04:00,72.57279307675897,74.49775065022745,72.13620288808085,74.44813537597656,675100,0.0,0.0
2025-04-02 00:00:00-04:00,73.09867151389251,76.73029106168498,73.09867151389251,76.47230529785156,398900,0.0,0.0
2025-04-03 00:00:00-04:00,72.59263130420608,73.74363130560197,71.83852315625418,72.37433624267578,646300,0.0,0.0
2025-04-04 00:00:00-04:00,69.08008468701843,71.72937644726589,67.07574598111982,70.81651306152344,880900,0.0,0.0
2025-04-07 00:00:00-04:00,67.55202895529834,72.78115580976264,65.95451419437913,70.11202239990234,1150100,0.0,0.0
2025-04-08 00:00:00-04:00,72.14611510729445,72.90022323950019,67.46271866026933,68.69310760498047,752800,0.0,0.0
2025-04-09 00:00:00-04:00,68.71295193630635,77.11726654682809,68.71295193630635,75.99602508544922,803500,0.0,0.0
2025-04-10 00:00:00-04:00,74.60688524915716,75.15261532006379,72.32471929379724,73.62455749511719,829900,0.0,0.0
2025-04-11 00:00:00-04:00,73.49556830666529,76.15478453864124,72.90022297089713,75.66858673095703,580800,0.0,0.0
2025-04-14 00:00:00-04:00,76.55169440107802,77.16688138490689,74.3191434095573,75.56937408447266,484800,0.0,0.0
2025-04-15 00:00:00-04:00,75.599138531415,76.36316374499428,74.57712753380233,74.95417785644531,273700,0.0,0.0
2025-04-16 00:00:00-04:00,74.6763499866939,75.51975660029888,73.39635321394996,74.40843963623047,551200,0.0,0.0
2025-04-17 00:00:00-04:00,74.0710786057771,75.32130922022417,73.94208193200474,74.51758575439453,972200,0.0,0.0
2025-04-21 00:00:00-04:00,73.5948011401183,73.82302079406155,71.36225015382749,72.13619995117188,406800,0.0,0.0
2025-04-22 00:00:00-04:00,72.84070295587141,73.6444189157844,72.05682856338863,73.05899047851562,558400,0.0,0.0
2025-04-23 00:00:00-04:00,76.63106378743188,79.08190191021858,74.83509567934738,74.87478637695312,649000,0.0,0.0
2025-04-24 00:00:00-04:00,75.15261964535186,76.27386112344307,74.46797587552166,76.1250228881836,823900,0.0,0.0
2025-04-25 00:00:00-04:00,75.65867378804293,76.5318465766426,74.27945397968897,74.67635345458984,527800,0.0,0.0
2025-04-28 00:00:00-04:00,74.85495554021799,75.66859603216699,73.5352680440606,74.47789764404297,491900,0.0,0.0
2025-04-29 00:00:00-04:00,74.02146511648087,75.54952311084665,73.7734039012311,75.07324981689453,800600,0.0,0.0
2025-04-30 00:00:00-04:00,78.13927612852125,81.5625175784419,76.89897015822726,80.79849243164062,1308400,0.0,0.0
2025-05-01 00:00:00-04:00,80.86795178736956,84.79724031548199,80.16345888267985,83.58670043945312,1121600,0.0,0.0
2025-05-02 00:00:00-04:00,84.18203524923813,86.34512896040201,83.84467569081795,85.9085464477539,923700,0.0,0.0
2025-05-05 00:00:00-04:00,85.04530361534522,87.4266927254361,84.64840416862552,86.6725845336914,724900,0.0,0.0
2025-05-06 00:00:00-04:00,86.05739384467563,86.95040809821847,84.86669555624023,86.64281463623047,332700,0.0,0.0
2025-05-07 00:00:00-04:00,87.81366636800361,88.02203687129703,86.67258331358299,87.56560516357422,773800,0.0,0.0
2025-05-08 00:00:00-04:00,88.30978945288749,90.35381137056025,88.13118508152199,88.89521026611328,564800,0.0,0.0
2025-05-09 00:00:00-04:00,88.89521413286468,89.57986551458448,88.26017802265962,88.86544799804688,325100,0.0,0.0
2025-05-12 00:00:00-04:00,92.87411112574229,94.14418324975094,90.99876907228781,92.90387725830078,462000,0.0,0.0
2025-05-13 00:00:00-04:00,93.80682137689628,94.15410553202761,92.90387500332803,93.66790771484375,382800,0.0,0.0
2025-05-14 00:00:00-04:00,93.66791235435204,94.2334915979304,92.81458120506159,93.04279327392578,352700,0.0,0.0
2025-05-15 00:00:00-04:00,92.67566574648319,93.7274428110168,92.27876631281279,93.44961547851562,323600,0.0,0.0
2025-05-16 00:00:00-04:00,93.62849472605417,94.8408368654988,92.89314251646395,94.76133728027344,332300,0.14,0.0
2025-05-19 00:00:00-04:00,93.7874799134115,95.54637210435263,93.41980762446124,95.50662231445312,298900,0.0,0.0
2025-05-20 00:00:00-04:00,94.94021061604447,95.87431181880258,94.2843503890446,94.69178009033203,245300,0.0,0.0
2025-05-21 00:00:00-04:00,93.43967689070419,94.3439675347617,92.46583359256216,92.58507537841797,275000,0.0,0.0
2025-05-22 00:00:00-04:00,91.50192506784911,92.87325872081503,91.44229659146116,92.51551818847656,292100,0.0,0.0
2025-05-23 00:00:00-04:00,90.90568573523963,92.00871010551097,90.90568573523963,91.47210693359375,368200,0.0,0.0
2025-05-27 00:00:00-04:00,93.02231830566828,95.06938322773834,91.89941515956625,94.86070251464844,512400,0.0,0.0
2025-05-28 00:00:00-04:00,94.42345348502376,94.88057223985595,93.34030023154307,93.4197998046875,255000,0.0,0.0
2025-05-29 00:00:00-04:00,93.87691882053352,93.98622884736477,92.87325747485447,93.29061889648438,182600,0.0,0.0
2025-05-30 00:00:00-04:00,93.02231992786622,94.22472267558923,92.4360199872011,93.47943115234375,417400,0.0,0.0
2025-06-02 00:00:00-04:00,93.19124452936619,93.62848461941041,91.96897075982895,93.3999252319336,444700,0.0,0.0
2025-06-03 00:00:00-04:00,93.88687205669319,96.55004772163639,93.01239171263826,96.50035858154297,448800,0.0,0.0
2025-06-04 00:00:00-04:00,96.94751637531743,97.88161748603486,96.1525433202683,97.59343719482422,502400,0.0,0.0
2025-06-05 00:00:00-04:00,97.69281358213819,99.06415488116212,97.3847621687042,98.75609588623047,458500,0.0,0.0
2025-06-06 00:00:00-04:00,100.06780298309324,100.43548285469447,98.3188577110104,98.63684844970703,605800,0.0,0.0
2025-06-09 00:00:00-04:00,99.2032730299561,100.52492516214524,98.63685177066039,99.82931518554688,327000,0.0,0.0
2025-06-10 00:00:00-04:00,100.17711773472202,100.49510848841535,98.97471496039728,100.09762573242188,360700,0.0,0.0
2025-06-11 00:00:00-04:00,100.07773923203015,101.7968815853184,99.60075692947993,100.57460021972656,443700,0.0,0.0
2025-06-12 00:00:00-04:00,100.05787187577542,100.63422488115125,98.10023829789424,98.59709930419922,336500,0.0,0.0
2025-06-13 00:00:00-04:00,97.18601289445655,99.16351751627026,96.63946277163255,99.01445770263672,581700,0.0,0.0
2025-06-16 00:00:00-04:00,100.01812680271222,101.02178820560385,99.84919587216048,100.75347900390625,259900,0.0,0.0
2025-06-17 00:00:00-04:00,100.37586256287702,101.27021389004719,99.82931242363487,100.81309509277344,582600,0.0,0.0
2025-06-18 00:00:00-04:00,100.36592093280211,102.73097653831532,100.12742977815722,101.53851318359375,370100,0.0,0.0
2025-06-20 00:00:00-04:00,102.20430274075632,102.85022353529669,99.60075604061988,100.3957290649414,684900,0.0,0.0
2025-06-23 00:00:00-04:00,100.34605270294668,102.34342850023856,99.79950256050522,102.29374694824219,353100,0.0,0.0
2025-06-24 00:00:00-04:00,103.30734229067856,104.25138277686483,101.29008776404011,103.0887222290039,449300,0.0,0.0
2025-06-25 00:00:00-04:00,103.49614456336589,103.49614456336589,101.59813196390269,102.1347427368164,420800,0.0,0.0
2025-06-26 00:00:00-04:00,102.4527504482931,104.46007340361665,102.4527504482931,104.23151397705078,391000,0.0,0.0
2025-06-27 00:00:00-04:00,104.91717652283842,105.40409820760203,103.24772316500844,103.79426574707031,1509600,0.0,0.0
2025-06-30 00:00:00-04:00,105.01653994191534,106.41768400190726,104.34080868715768,105.75189208984375,624100,0.0,0.0
2025-07-01 00:00:00-04:00,105.53327136604082,106.80524187037648,105.255030424357,105.44384002685547,796800,0.0,0.0
2025-07-02 00:00:00-04:00,105.53327784719148,108.72313227431539,105.53327784719148,108.653564453125,437000,0.0,0.0
2025-07-03 00:00:00-04:00,109.15041909985123,110.0944595336914,108.87217815732893,110.0944595336914,276200,0.0,0.0
2025-07-07 00:00:00-04:00,109.30942119300518,110.38264278427766,108.52437989465756,109.32929229736328,453700,0.0,0.0
2025-07-08 00:00:00-04:00,109.49823503995712,110.44226795420612,109.18024428743664,110.35283660888672,771500,0.0,0.0
2025-07-09 00:00:00-04:00,110.68076025351675,112.16141158079314,109.55785705566407,111.79373168945312,509000,0.0,0.0
2025-07-10 00:00:00-04:00,111.77386256934912,113.68180713784355,111.64467384716606,112.3700942993164,562400,0.0,0.0
2025-07-11 00:00:00-04:00,110.76025667303946,110.94906628502153,106.22888663744938,109.42867279052734,1128100,0.0,0.0
2025-07-14 00:00:00-04:00,109.50816238500653,109.91559204791122,106.86486578282222,107.24247741699219,760600,0.0,0.0
2025-07-15 00:00:00-04:00,107.38159167174567,107.38159167174567,105.68232804416381,106.33818817138672,489600,0.0,0.0
2025-07-16 00:00:00-04:00,105.9009530199229,106.51706338800048,104.71842141626486,105.80158233642578,455100,0.0,0.0
2025-07-17 00:00:00-04:00,105.69226653455358,106.91454027962132,105.57301717197515,106.50711822509766,580800,0.0,0.0
2025-07-18 00:00:00-04:00,106.59655899733183,107.67971995418964,105.77177547301511,107.56047058105469,1023300,0.0,0.0
2025-07-21 00:00:00-04:00,108.4349547828331,108.78275599031218,106.96424278642452,107.32198333740234,536100,0.0,0.0
2025-07-22 00:00:00-04:00,107.32197472808558,108.3753176095229,106.96423420580552,108.3156967163086,587100,0.0,0.0
2025-07-23 00:00:00-04:00,109.37897931114422,110.5515715644813,107.18285461950812,107.70952606201172,955300,0.0,0.0
2025-07-24 00:00:00-04:00,106.92447859634426,107.37165801560184,104.03275171039732,106.80523681640625,833600,0.0,0.0
2025-07-25 00:00:00-04:00,107.35178492657096,108.11695510137253,106.22888181181327,108.09707641601562,524800,0.0,0.0
2025-07-28 00:00:00-04:00,108.41506527702334,108.60387487716957,106.76549075123572,107.04373168945312,793400,0.0,0.0
2025-07-29 00:00:00-04:00,107.94801931921816,108.26601005945949,103.73464011564614,104.20169067382812,1230000,0.0,0.0
2025-07-30 00:00:00-04:00,116.76234032283142,127.69328282113905,115.7089973808919,123.17184448242188,2589600,0.0,0.0
2025-07-31 00:00:00-04:00,121.15458925375361,127.55416161513577,121.15458925375361,125.77539825439453,1729800,0.0,0.0
2025-08-01 00:00:00-04:00,123.39046029318601,124.17550159169943,120.20061354747794,121.80050659179688,1064400,0.0,0.0
2025-08-04 00:00:00-04:00,122.10856116570812,123.81776428222656,121.96944068706104,123.81776428222656,473600,0.0,0.0
2025-08-05 00:00:00-04:00,124.06619726337392,125.34809962630365,122.85385514115367,124.83136749267578,896200,0.0,0.0
2025-08-06 00:00:00-04:00,125.1294799743902,126.08345224220095,124.00657677594057,124.572998046875,792200,0.0,0.0
2025-08-07 00:00:00-04:00,125.29840375094926,125.77539364836909,123.21158906041913,125.3580322265625,794000,0.0,0.0
2025-08-08 00:00:00-04:00,125.77539840273053,126.5405610382994,124.40406471574454,124.6028060913086,338400,0.0,0.0
2025-08-11 00:00:00-04:00,125.1294776390022,125.65614910792763,123.52958454575841,125.6462173461914,790000,0.0,0.0
2025-08-12 00:00:00-04:00,126.61011265481713,129.20372745591322,125.74557186061959,128.985107421875,1099800,0.0,0.0
2025-08-13 00:00:00-04:00,129.20374232055613,129.4819832753444,128.09076333840827,128.89569091796875,473600,0.0,0.0
2025-08-14 00:00:00-04:00,128.45845394027475,128.45845394027475,126.08345126041432,126.95793151855469,425100,0.0,0.0
2025-08-15 00:00:00-04:00,127.26631823119793,127.26631823119793,123.36665643768097,123.79442596435547,591300,0.14,0.0
2025-08-18 00:00:00-04:00,124.13266420385725,125.74426268853489,123.655158601607,125.69451904296875,290000,0.0,0.0
2025-08-19 00:00:00-04:00,125.39607553836593,126.35109429916568,124.52063598193865,124.6798095703125,255800,0.0,0.0
2025-08-20 00:00:00-04:00,124.61017592718908,125.46571501010277,123.00852770846562,125.40602111816406,433000,0.0,0.0
2025-08-21 00:00:00-04:00,125.54529600393195,126.11233865162873,124.05307771106517,124.1525650024414,331800,0.0,0.0
2025-08-22 00:00:00-04:00,125.13742334745116,128.46009993060028,125.12747310063709,127.65430450439453,381900,0.0,0.0
2025-08-25 00:00:00-04:00,127.6841401530505,128.01241479066763,125.81388853224536,125.91336822509766,312400,0.0,0.0
2025-08-26 00:00:00-04:00,126.26155694462962,127.2165757030572,125.67462141604145,126.76891326904297,347100,0.0,0.0
2025-08-27 00:00:00-04:00,126.23171675576748,127.73387768102972,126.15212995991112,127.14694213867188,378900,0.0,0.0
2025-08-28 00:00:00-04:00,127.98257314666576,127.98257314666576,125.69450982490255,126.30134582519531,430000,0.0,0.0
2025-08-29 00:00:00-04:00,125.91338113295313,126.07255472968555,121.91423938773663,122.3519515991211,409000,0.0,0.0
2025-09-02 00:00:00-04:00,120.49165473362874,122.04355931547276,120.05393494292825,121.67547607421875,304500,0.0,0.0
2025-09-03 00:00:00-04:00,122.00376752473777,122.76977716855637,120.68066547800727,121.41683197021484,372700,0.0,0.0
2025-09-04 00:00:00-04:00,121.63568074738528,124.39131470996344,121.4367213492113,124.3216781616211,224400,0.0,0.0
2025-09-05 00:00:00-04:00,124.39132082045622,125.45576959158655,121.9639765764594,124.28189086914062,230300,0.0,0.0
2025-09-08 00:00:00-04:00,124.44104313463751,125.15730906785002,123.13784169992888,124.17244720458984,270400,0.0,0.0
2025-09-09 00:00:00-04:00,123.66509257221082,123.66509257221082,121.22780590696739,123.01847076416016,248000,0.0,0.0
2025-09-10 00:00:00-04:00,123.33682059294374,125.23690795898438,122.94883685012024,125.23690795898438,375100,0.0,0.0
2025-09-11 00:00:00-04:00,125.55524567501593,127.7040360601823,125.53535277072078,127.18673706054688,262200,0.0,0.0
2025-09-12 00:00:00-04:00,126.36103381229266,127.03750636642239,124.21224355140741,124.94840240478516,257700,0.0,0.0
2025-09-15 00:00:00-04:00,125.51543733552089,126.58983619511727,123.55565633879799,125.49554443359375,212600,0.0,0.0
2025-09-16 00:00:00-04:00,125.0478821001366,125.67461860149774,123.8143171801874,124.94840240478516,286600,0.0,0.0
2025-09-17 00:00:00-04:00,126.06260562351731,126.60974779015419,123.69494768448772,124.3813705444336,343700,0.0,0.0
2025-09-18 00:00:00-04:00,124.88872035809094,127.52497411864887,124.79918331635587,127.0076675415039,269700,0.0,0.0
2025-09-19 00:00:00-04:00,127.296161255963,127.38569829578155,124.1724517255773,124.6400146484375,2059000,0.0,0.0
2025-09-22 00:00:00-04:00,124.20229924798457,125.72436067015327,123.06821396912103,125.65472412109375,746700,0.0,0.0
2025-09-23 00:00:00-04:00,125.56519965370325,128.03232970961466,123.58552546056373,123.834228515625,281200,0.0,0.0
2025-09-24 00:00:00-04:00,124.41120820310866,124.49079499868101,120.10367725270542,120.69061279296875,582300,0.0,0.0
2025-09-25 00:00:00-04:00,122.20272523127463,123.03837141384999,120.76025059813618,122.17288208007812,370700,0.0,0.0
2025-09-26 00:00:00-04:00,122.69019184740775,125.70447163342926,120.95921313499126,121.60584259033203,326400,0.0,0.0
2025-09-29 00:00:00-04:00,122.11319331474537,122.54096284950162,117.44752182982424,118.41249084472656,494600,0.0,0.0
2025-09-30 00:00:00-04:00,118.25331570030987,119.12874760591596,117.16896657706845,118.37268829345703,627000,0.0,0.0
2025-10-01 00:00:00-04:00,117.48731384184116,118.51196914585017,115.36836668665205,117.52710723876953,646200,0.0,0.0
2025-10-02 00:00:00-04:00,118.00462199716999,118.60150777948446,115.75634437431049,117.16897583007812,599100,0.0,0.0
2025-10-03 00:00:00-04:00,117.90513614052098,119.98429754177472,117.5669036427004,117.85540008544922,381400,0.0,0.0
2025-10-06 00:00:00-04:00,119.75548896847636,119.75548896847636,117.38783868329904,117.7459716796875,413700,0.0,0.0
2025-10-07 00:00:00-04:00,117.73602605265343,118.66120173132565,117.36795038456572,117.61665344238281,320800,0.0,0.0
2025-10-08 00:00:00-04:00,117.99466979086645,120.53144381084402,117.59674341266015,120.31258392333984,313700,0.0,0.0
2025-10-09 00:00:00-04:00,120.18325549037392,120.18325549037392,117.1988189887818,117.21871948242188,316800,0.0,0.0
2025-10-10 00:00:00-04:00,117.29831278664486,118.08420776330607,115.1992583901894,115.33853149414062,474300,0.0,0.0
2025-10-13 00:00:00-04:00,116.54225014852064,117.38783899620834,115.01023845762286,115.95530700683594,451600,0.0,0.0
2025-10-14 00:00:00-04:00,115.13955347689931,119.03922278377937,114.76152760089668,118.1936264038086,269300,0.0,0.0
2025-10-15 00:00:00-04:00,118.4920791720136,120.14346344139275,117.36794414279655,118.50202941894531,489000,0.0,0.0
2025-10-16 00:00:00-04:00,119.27797547299039,119.97434092554278,117.95487352332667,119.08895874023438,294800,0.0,0.0
2025-10-17 00:00:00-04:00,118.49207744255698,120.28274237340065,118.14389470317474,119.85497283935547,557000,0.0,0.0
2025-10-20 00:00:00-04:00,120.69061710046398,122.58076181878722,120.69061710046398,121.95402526855469,264300,0.0,0.0
2025-10-21 00:00:00-04:00,121.78489680484999,123.25722206862142,120.84977858160057,122.48126983642578,270300,0.0,0.0
2025-10-22 00:00:00-04:00,122.49122343874896,122.49122343874896,119.19839748589071,120.96916198730469,281200,0.0,0.0
2025-10-23 00:00:00-04:00,121.13826868677481,124.60021820886263,120.45185348406308,124.41120147705078,241900,0.0,0.0
2025-10-24 00:00:00-04:00,125.91337144908937,126.29139732753303,123.27711777702518,124.64996337890625,269600,0.0,0.0
2025-10-27 00:00:00-04:00,126.18197046406486,126.53016079117904,124.12270960081848,124.6798095703125,293300,0.0,0.0
2025-10-28 00:00:00-04:00,124.46094656422723,126.22176070008234,123.77452376373094,125.2468490600586,449700,0.0,0.0
2025-10-29 00:00:00-04:00,125.55524383839825,129.7434021891214,125.45576413874832,129.08682250976562,1022600,0.0,0.0
2025-10-30 00:00:00-04:00,131.82256562554838,132.20059913757902,106.72345683829197,115.1694107055664,2256900,0.0,0.0
2025-10-31 00:00:00-04:00,114.37354859974316,120.47174405365293,114.37354859974316,117.41767120361328,1090500,0.0,0.0
2025-11-03 00:00:00-05:00,117.18887982705714,118.97953722753194,114.08506304049354,114.7117919921875,759900,0.0,0.0
2025-11-04 00:00:00-05:00,115.15945305317494,115.33851953823817,112.8813323892426,113.03055572509766,630200,0.0,0.0
2025-11-05 00:00:00-05:00,112.38393399553803,113.58765583119926,111.69751115767097,112.48341369628906,397900,0.0,0.0
2025-11-06 00:00:00-05:00,112.27450751586171,113.57770909252912,110.13565972948074,110.3744125366211,368000,0.0,0.0
2025-11-07 00:00:00-05:00,109.47908615580596,111.40901667172024,108.50416685574694,110.13565826416016,371200,0.0,0.0
2025-11-10 00:00:00-05:00,111.49854727543566,112.51325232602224,109.90684935793985,112.0158462524414,287200,0.0,0.0
2025-11-11 00:00:00-05:00,111.12052491705457,113.41854636793533,109.57857048860595,109.9068603515625,260200,0.0,0.0
2025-11-12 00:00:00-05:00,110.08591454996002,112.17501851640331,110.08591454996002,110.58332061767578,381300,0.0,0.0
2025-11-13 00:00:00-05:00,110.016284330221,111.4985600641733,108.7130826967043,109.5487289428711,460200,0.0,0.0
2025-11-14 00:00:00-05:00,107.42707394624757,109.53876328371162,104.6978207493237,109.30966186523438,342600,0.14,0.0
2025-11-17 00:00:00-05:00,109.59852174866162,109.59852174866162,105.67396982595913,106.64016723632812,284000,0.0,0.0
2025-11-18 00:00:00-05:00,106.23178296639966,107.54660639902994,105.08629106991289,106.32142639160156,338800,0.0,0.0
2025-11-19 00:00:00-05:00,106.37122874269564,108.20400961792295,105.85326364353926,106.9190673828125,216200,0.0,0.0
2025-11-20 00:00:00-05:00,108.9709903601094,109.77781152023847,105.23569595288085,105.74369812011719,292100,0.0,0.0
2025-11-21 00:00:00-05:00,106.0126465343886,109.56864686033119,105.62417648529647,108.26378631591797,305900,0.0,0.0
2025-11-24 00:00:00-05:00,108.45303227900936,111.16236721315036,107.5864487842715,109.93719482421875,266400,0.0,0.0
2025-11-25 00:00:00-05:00,110.06667403981184,112.2480883824784,109.73796631156536,111.21216583251953,257800,0.0,0.0
2025-11-26 00:00:00-05:00,111.21218062485153,114.12072840228896,110.87350993872423,112.34770965576172,608900,0.0,0.0
2025-11-28 00:00:00-05:00,113.07483457576683,113.61271790909713,112.49711478765025,113.5529556274414,189500,0.0,0.0
2025-12-01 00:00:00-05:00,114.83788875315828,115.03710140916333,110.86353774989453,112.68635559082031,385900,0.0,0.0
2025-12-02 00:00:00-05:00,113.51310923053697,114.84785842262009,111.56079620881977,111.68032836914062,1837100,0.0,0.0
2025-12-03 00:00:00-05:00,112.09867201575825,112.50706023705888,110.01686406005912,111.11255645751953,1186600,0.0,0.0
2025-12-04 00:00:00-05:00,109.73796570556583,111.29185332166111,108.33349898273111,110.49498748779297,1796200,0.0,0.0
2025-12-05 00:00:00-05:00,111.05280234928793,111.05280234928793,109.50888506002276,110.40534973144531,213900,0.0,0.0
2025-12-08 00:00:00-05:00,110.61452763526627,112.29789524174531,109.56864210267744,109.85750579833984,233100,0.0,0.0
2025-12-09 00:00:00-05:00,109.4590804330105,111.07273055517551,108.63233334328834,108.93115997314453,673400,0.0,0.0
2025-12-10 00:00:00-05:00,109.30965498411227,111.35161899601431,108.66220242427924,109.95710754394531,565800,0.0,0.0
2025-12-11 00:00:00-05:00,110.49499004025444,112.80589189248344,110.04675774802172,111.79985046386719,390500,0.0,0.0
2025-12-12 00:00:00-05:00,111.90942177003072,111.98910987662144,109.62840101533497,110.3953857421875,486500,0.0,0.0
2025-12-15 00:00:00-05:00,110.96315858198301,110.96315858198301,108.1641725225573,109.61845397949219,440100,0.0,0.0
2025-12-16 00:00:00-05:00,110.19617319654175,111.7201798438326,109.65828983858204,110.8237075805664,688900,0.0,0.0
2025-12-17 00:00:00-05:00,110.42526756015191,111.81977903614558,108.76181822210879,109.12040710449219,383200,0.0,0.0
2025-12-18 00:00:00-05:00,110.01687236492077,112.2082497257868,108.72197481481814,110.76393127441406,767200,0.0,0.0
2025-12-19 00:00:00-05:00,112.15844299184789,112.36761857500369,110.63444402922974,112.11859893798828,875800,0.0,0.0
2025-12-22 00:00:00-05:00,112.71624740376333,113.68243717116977,111.9193815590524,112.78597259521484,229000,0.0,0.0
2025-12-23 00:00:00-05:00,112.29789751919513,114.61876244558522,112.29789751919513,113.6525650024414,508700,0.0,0.0
2025-12-24 00:00:00-05:00,113.1744459269895,113.971304195617,112.32777309232586,113.7422103881836,211800,0.0,0.0
2025-12-26 00:00:00-05:00,114.06095139829912,114.74824039707426,112.37757629799201,112.99514770507812,332300,0.0,0.0
2025-12-29 00:00:00-05:00,113.17444526298914,113.60275933467358,109.89734598884101,111.10260009765625,277500,0.0,0.0
2025-12-30 00:00:00-05:00,110.14636569862877,110.70416724373496,109.09051728892281,109.11044311523438,269000,0.0,0.0
2025-12-31 00:00:00-05:00,109.13036674965622,109.98699493607435,107.7856621870852,108.16416931152344,331700,0.0,0.0
2026-01-02 00:00:00-05:00,108.79170270915246,111.2320921676079,108.79170270915246,111.00299835205078,483100,0.0,0.0
2026-01-05 00:00:00-05:00,110.65436383964617,114.67852214332943,110.65436383964617,113.34378051757812,261100,0.0,0.0
2026-01-06 00:00:00-05:00,112.86565350791334,114.15059569742763,110.44518242524236,114.07090759277344,385100,0.0,0.0
2026-01-07 00:00:00-05:00,114.1008035962339,114.61876111051185,111.85962680660494,113.28401947021484,326700,0.0,0.0
2026-01-08 00:00:00-05:00,112.75609304331284,115.55507904128834,112.75609304331284,115.435546875,222000,0.0,0.0
2026-01-09 00:00:00-05:00,115.86385725325466,116.5411909748654,114.8777416113207,116.11287689208984,261200,0.0,0.0
2026-01-12 00:00:00-05:00,115.92362088856186,117.66675838076544,115.92362088856186,116.48143005371094,240800,0.0,0.0
2026-01-13 00:00:00-05:00,116.94959043924483,118.4038642629825,115.74432866255032,116.9296646118164,425300,0.0,0.0
2026-01-14 00:00:00-05:00,117.75640201010788,118.95169317563837,115.54510651434818,115.84393310546875,504800,0.0,0.0
2026-01-15 00:00:00-05:00,115.39569622934206,117.83609318855841,115.37577800250313,116.44158172607422,363000,0.0,0.0
2026-01-16 00:00:00-05:00,116.7005685853813,116.7005685853813,112.4971158157197,114.06095886230469,677700,0.0,0.0
2026-01-20 00:00:00-05:00,111.74009017910095,114.30997461910835,111.58071396601082,111.8895034790039,302100,0.0,0.0
2026-01-21 00:00:00-05:00,113.03499686517739,114.49922594580903,111.73012880087298,114.11075592041016,293300,0.0,0.0
2026-01-22 00:00:00-05:00,115.40566615445016,116.1128810420815,113.83186015688808,114.30001831054688,202400,0.0,0.0
2026-01-23 00:00:00-05:00,114.26017296534235,114.26017296534235,110.57468526024641,111.51099395751953,324700,0.0,0.0
2026-01-26 00:00:00-05:00,112.17837594709601,114.6586095615272,110.14637466798584,113.7521743774414,335200,0.0,0.0
2026-01-27 00:00:00-05:00,113.68244883997012,114.97735407067043,111.67037339478797,112.96527862548828,367300,0.0,0.0
2026-01-28 00:00:00-05:00,112.94534411996722,113.2142895792768,107.97491437382504,108.54267883300781,333500,0.0,0.0
2026-01-29 00:00:00-05:00,109.07060188088393,109.20008935735113,106.62024954508615,107.85538482666016,566600,0.0,0.0
2026-01-30 00:00:00-05:00,106.95890760676537,109.09051500898715,105.42494579030628,107.66612243652344,795200,0.0,0.0
2026-02-02 00:00:00-05:00,108.21396977993906,111.70024459913678,107.48683671621296,111.5906753540039,492600,0.0,0.0
2026-02-03 00:00:00-05:00,110.95318529479745,111.23208606337516,107.82549936236005,109.80769348144531,706000,0.0,0.0
2026-02-04 00:00:00-05:00,109.80769725186222,112.15844323841365,108.11436675622532,110.55475616455078,422800,0.0,0.0
2026-02-05 00:00:00-05:00,111.07272029758057,112.7262067248481,110.60456216712963,111.96919250488281,357500,0.0,0.0
2026-02-06 00:00:00-05:00,113.32385358877193,116.86989840377315,111.77993639188354,116.25232696533203,321000,0.0,0.0
2026-02-09 00:00:00-05:00,115.98339336213897,117.21852868493464,115.26621556197487,116.29217529296875,218300,0.0,0.0
2026-02-10 00:00:00-05:00,116.3220537231955,118.13491640936186,115.41562617985048,117.97554779052734,246200,0.0,0.0
2026-02-11 00:00:00-05:00,120.0473825759777,120.4159343724455,118.34408918055699,118.73255920410156,256900,0.0,0.0
2026-02-12 00:00:00-05:00,119.87805290013588,123.19499632117433,117.07907458481178,118.89193725585938,326600,0.0,0.0
2026-02-13 00:00:00-05:00,119.00150505831591,121.07335025703067,118.06518879362292,120.01750183105469,271300,0.0,0.0
2026-02-17 00:00:00-05:00,119.41985357092422,120.5852636195105,117.03922650778773,117.78628540039062,366900,0.0,0.0
2026-02-18 00:00:00-05:00,117.73648659363819,119.31029259366161,116.42166315551805,117.0790786743164,217300,0.0,0.0
2026-02-19 00:00:00-05:00,116.3320139707008,117.7962506451013,114.44942613203621,116.74040222167969,249000,0.0,0.0
2026-02-20 00:00:00-05:00,116.49137920425527,118.53334319830213,116.30212945418735,118.27436065673828,365300,0.0,0.0
2026-02-23 00:00:00-05:00,117.5372672686643,118.27436325758056,114.87773940095099,115.1666030883789,425200,0.0,0.0
2026-02-24 00:00:00-05:00,115.8240122552249,118.15484000745538,115.60487375891955,116.5312271118164,455500,0.0,0.0
2026-02-25 00:00:00-05:00,123.05555254681389,132.2294356445676,118.32417914333594,118.95170593261719,1006100,0.0,0.0
2026-02-26 00:00:00-05:00,121.42197607054867,122.17899789207303,117.08903592272166,117.16871643066406,624700,0.0,0.0
2026-02-27 00:00:00-05:00,115.64472667858396,119.36010328833419,114.30998497072592,115.97343444824219,516000,0.0,0.0
2026-03-02 00:00:00-05:00,113.9414251534133,120.52550500153808,111.79985474299485,119.10111236572266,414300,0.0,0.0
2026-03-03 00:00:00-05:00,116.31209669210858,118.8720184322522,113.25413564376989,117.74645233154297,659300,0.0,0.0
2026-03-04 00:00:00-05:00,118.97162786584778,118.97162786584778,116.25233000236227,116.35193634033203,385900,0.0,0.0
2026-03-05 00:00:00-05:00,115.30605755580729,116.53122994295107,110.9033844945145,111.92935180664062,507800,0.0,0.0
2026-03-06 00:00:00-05:00,108.93115037675804,109.5686400381126,106.04252107403983,108.34346008300781,452800,0.0,0.0
2026-03-09 00:00:00-04:00,106.41107211531872,106.71985403048951,103.4527176394045,105.7735824584961,602100,0.0,0.0
2026-03-10 00:00:00-04:00,108.27373447233354,112.4971129619086,107.5764825327451,108.05460357666016,587400,0.0,0.0
2026-03-11 00:00:00-04:00,108.20401467398662,110.88346851732936,106.92903529260431,110.45515441894531,460000,0.0,0.0
2026-03-12 00:00:00-04:00,108.35342078609496,109.43915033059868,105.60424192790934,106.40110778808594,823900,0.0,0.0
2026-03-13 00:00:00-04:00,107.27889436101493,108.72523620220863,103.13935402944878,105.15425872802734,675900,0.15,0.0
2026-03-16 00:00:00-04:00,106.49089177190025,107.03950081860287,104.33633283966005,106.66046142578125,409400,0.0,0.0
2026-03-17 00:00:00-04:00,107.27889757745197,107.27889757745197,105.21411581134141,106.93975067138672,423000,0.0,0.0
2026-03-18 00:00:00-04:00,105.11436576487729,107.59809469813565,105.11436576487729,106.76020812988281,664600,0.0,0.0
2026-03-19 00:00:00-04:00,104.99467265505785,106.42106835039753,103.53835379851351,105.08444213867188,474500,0.0,0.0
2026-03-20 00:00:00-04:00,105.53330999454694,106.81008224475279,104.0969374079839,105.30388641357422,1858600,0.0,0.0
2026-03-23 00:00:00-04:00,108.43596288114496,110.77006816561928,107.00956732123353,108.25641632080078,433200,0.0,0.0
2026-03-24 00:00:00-04:00,107.63799224338206,112.12664898193518,106.49088955483035,111.96704864501953,373400,0.0,0.0
2026-03-25 00:00:00-04:00,113.4333392388732,113.4333392388732,110.09178534082852,111.05933380126953,276900,0.0,0.0
2026-03-26 00:00:00-04:00,109.70277043806885,111.3286588636771,107.6878581065379,108.27637481689453,229200,0.0,0.0
2026-03-27 00:00:00-04:00,107.88735670659922,108.69531244417925,105.53330512509038,106.20161437988281,317300,0.0,0.0
2026-03-30 00:00:00-04:00,106.8001028376997,106.8001028376997,102.98973241265028,104.50589752197266,437300,0.0,0.0
2026-03-31 00:00:00-04:00,105.96221978989438,108.59556429456492,104.6355706146171,107.86740112304688,466900,0.0,0.0
2026-04-01 00:00:00-04:00,107.62801442856407,110.65037538987026,107.5980912681809,109.40352630615234,482600,0.0,0.0
2026-04-02 00:00:00-04:00,107.12926676210594,110.61046701196679,105.06448513870096,108.97460174560547,400100,0.0,0.0
2026-04-06 00:00:00-04:00,108.45592156438337,109.12423083152164,106.9297719283045,108.8349609375,243600,0.0,0.0
2026-04-07 00:00:00-04:00,108.43596453546824,109.72271363587205,107.17913859388457,108.29631805419922,341300,0.0,0.0
2026-04-08 00:00:00-04:00,113.23384272380333,116.28613444717391,112.10669389491306,112.81490325927734,684400,0.0,0.0
2026-04-09 00:00:00-04:00,112.16654138939562,114.76996290502352,111.39848569639318,114.46074676513672,506600,0.0,0.0
2026-04-10 00:00:00-04:00,114.84976166299569,115.86719477232667,113.95202880481038,114.75001525878906,253100,0.0,0.0
2026-04-13 00:00:00-04:00,114.75001187723933,117.89207298321362,113.59293231408431,117.62274932861328,655500,0.0,0.0
2026-04-14 00:00:00-04:00,118.16139457605229,118.20129466046525,115.40834963286166,116.92452239990234,471200,0.0,0.0
2026-04-15 00:00:00-04:00,115.53802125722216,115.59786757588402,111.418427158978,112.86477661132812,550500,0.0,0.0
2026-04-16 00:00:00-04:00,115.18890264544224,115.18890264544224,109.78255953759702,110.13168334960938,474600,0.0,0.0
2026-04-17 00:00:00-04:00,111.99696796794076,114.9594825314978,111.2289123008006,113.9520263671875,770300,0.0,0.0
2026-04-20 00:00:00-04:00,113.53308402925906,115.14900309838985,112.67525129492373,114.9894027709961,362700,0.0,0.0
2026-04-21 00:00:00-04:00,115.05922508792437,116.0766581414849,112.11666446922928,113.2138900756836,675000,0.0,0.0
2026-04-22 00:00:00-04:00,113.7924337161432,114.5704663070197,113.15404761028746,113.72261047363281,254000,0.0,0.0
2026-04-23 00:00:00-04:00,114.51062089375276,117.66265136508324,114.51062089375276,116.51554870605469,374700,0.0,0.0
2026-04-24 00:00:00-04:00,117.12400919892698,118.15141158678665,115.52804395515652,115.71756744384766,269200,0.0,0.0
2026-04-27 00:00:00-04:00,115.69761634904346,116.76491884464973,114.74003718000854,115.36845397949219,290800,0.0,0.0
2026-04-28 00:00:00-04:00,115.4881452935168,115.70759194414032,110.919688543766,111.45832824707031,381400,0.0,0.0
2026-04-29 00:00:00-04:00,126.41054839860685,128.5750689293277,118.8297000286095,121.17378234863281,1219300,0.0,0.0
2026-04-30 00:00:00-04:00,122.73982566822866,127.20852847972931,122.23110911610455,122.81961822509766,685700,0.0,0.0
2026-05-01 00:00:00-04:00,122.65004699619088,122.87947057090811,119.08904639756717,121.30345153808594,570200,0.0,0.0
2026-05-04 00:00:00-04:00,120.89448729139632,121.78224325352849,117.17389378946328,117.19384002685547,529000,0.0,0.0
2026-05-05 00:00:00-04:00,118.98929969897732,121.53286720014171,117.70255056349586,121.20370483398438,464900,0.0,0.0
2026-05-06 00:00:00-04:00,123.62757625662167,125.33326479986935,122.32087331096733,124.30586242675781,499300,0.0,0.0
2026-05-07 00:00:00-04:00,124.74475219636237,124.74475219636237,120.06657970277573,120.1563491821289,471800,0.0,0.0
2026-05-08 00:00:00-04:00,120.98426072785226,122.21115595970547,117.80229944348912,118.03172302246094,302000,0.0,0.0
2026-05-11 00:00:00-04:00,117.8920697769773,119.1588650199602,116.62526692383199,117.0841064453125,431300,0.0,0.0
2026-05-12 00:00:00-04:00,116.91454230892302,117.10406580220946,112.86477897775671,115.13903045654297,405800,0.0,0.0
2026-05-13 00:00:00-04:00,114.44079667462118,114.75998972735202,113.3236171849819,113.9520263671875,272300,0.0,0.0
2026-05-14 00:00:00-04:00,114.90960199754068,115.87715804928435,113.23383661961077,114.78990936279297,332500,0.0,0.0
2026-05-15 00:00:00-04:00,113.28174655864275,113.28174655864275,110.34533540933253,111.19429779052734,277200,0.15,0.0
2026-05-18 00:00:00-04:00,111.12438703391005,113.14192149788087,108.93705399210359,112.57261657714844,352400,0.0,0.0
2026-05-19 00:00:00-04:00,111.00452546029891,111.41402934908221,109.04691551366099,109.43643951416016,376500,0.0,0.0
2026-05-20 00:00:00-04:00,109.42645393137664,112.52268141068011,109.2267007611419,112.10318756103516,347700,0.0,0.0
2026-05-21 00:00:00-04:00,111.03449169237783,112.47273889711683,108.87712850536428,111.48394775390625,331300,0.0,0.0
2026-05-22 00:00:00-04:00,112.15313052644846,112.62255886221597,110.2754248034735,112.47274017333984,304500,0.0,0.0
2026-05-26 00:00:00-04:00,113.20184515661335,116.92730197757925,112.79234887189628,116.39794921875,443600,0.0,0.0
2026-05-27 00:00:00-04:00,115.83863154113033,116.8973370340639,114.76993610389697,116.20817565917969,313600,0.0,0.0
2026-05-28 00:00:00-04:00,114.69003566528463,115.87857999389944,111.71366463123879,113.19186401367188,426300,0.0,0.0
2026-05-29 00:00:00-04:00,112.19308104181819,112.19308104181819,106.19040459082223,106.56993865966797,772400,0.0,0.0
2026-06-01 00:00:00-04:00,104.94192583131534,106.30026868461877,101.06665805577015,105.36141204833984,680600,0.0,0.0
2026-06-02 00:00:00-04:00,106.06056623887667,107.3689670265371,105.08175741918832,106.32024383544922,477300,0.0,0.0
2026-06-03 00:00:00-04:00,106.52000189363119,107.86835480467062,105.07176478021532,106.9994125366211,465800,0.0,0.0
2026-06-04 00:00:00-04:00,108.36775009580047,109.57627432070629,107.4089211476131,107.77847290039062,305300,0.0,0.0
2026-06-05 00:00:00-04:00,106.79966510435004,108.08809365919366,106.25033244217421,106.36019897460938,322100,0.0,0.0
2026-06-08 00:00:00-04:00,107.48882118855222,108.29783141450311,105.49125905427758,106.74971771240234,382200,0.0,0.0
2026-06-09 00:00:00-04:00,108.13802316926439,111.74362344401285,108.06810879912085,109.97578430175781,565300,0.0,0.0
2026-06-10 00:00:00-04:00,110.06567302697403,111.3640914915049,108.70733013549695,110.51512908935547,634800,0.0,0.0
2026-06-11 00:00:00-04:00,112.2030614570354,113.86104168660873,109.87590736120397,110.175537109375,601400,0.0,0.0
2026-06-12 00:00:00-04:00,111.25422466387518,111.76360515183768,108.49758673031312,108.97700500488281,454600,0.0,0.0
2026-06-15 00:00:00-04:00,111.01452008538887,112.52268167045649,109.70611167101715,110.26543426513672,363200,0.0,0.0
2026-06-16 00:00:00-04:00,111.58382090175381,113.71122180982482,110.70488869477651,112.5626220703125,433700,0.0,0.0
2026-06-17 00:00:00-04:00,112.63254052170556,114.3504452211391,112.2929586076801,113.69125366210938,428900,0.0,0.0
2026-06-18 00:00:00-04:00,115.76872236542756,119.14459978121585,115.76872236542756,118.37553405761719,1009000,0.0,0.0
2026-06-22 00:00:00-04:00,119.34434874744375,119.34434874744375,116.18820450682854,117.2968521118164,531000,0.0,0.0
2026-06-23 00:00:00-04:00,116.12827114720348,119.12461434407399,115.79867918681977,118.04593658447266,449700,0.0,0.0
2026-06-24 00:00:00-04:00,119.50416045632011,123.20963743274729,117.6963614788555,121.53168487548828,796400,0.0,0.0
2026-06-25 00:00:00-04:00,122.76019007817679,128.31341061996073,122.28077179179122,126.81523895263672,800900,0.0,0.0
2026-06-26 00:00:00-04:00,124.98746297428961,127.11486391839524,123.51925357648781,125.2171859741211,2072600,0.0,0.0
2026-06-29 00:00:00-04:00,123.0498244550225,126.53557586669922,122.38064296869062,126.53557586669922,698300,0.0,0.0
2026-06-30 00:00:00-04:00,127.58429583563279,129.38209724717262,125.9263231687651,128.33338928222656,428600,0.0,0.0
2026-07-01 00:00:00-04:00,128.5531239714962,130.78040158989873,125.84642044512756,127.43447875976562,996900,0.0,0.0
2026-07-02 00:00:00-04:00,127.40451035467193,131.15993691697014,126.84519539608019,130.93020629882812,952300,0.0,0.0
2026-07-06 00:00:00-04:00,130.93021047037888,134.3460399964866,129.68173409796276,133.69683837890625,740500,0.0,0.0
2026-07-07 00:00:00-04:00,132.85786526303804,133.83666646696113,123.4393516308001,126.42571258544922,613700,0.0,0.0
2026-07-08 00:00:00-04:00,124.69781441048163,124.99745177794566,117.8961177979392,118.96481323242188,680400,0.0,0.0
2026-07-09 00:00:00-04:00,120.65275814780101,120.70269263000718,116.35799643313239,116.74752044677734,525200,0.0,0.0
2026-07-10 00:00:00-04:00,116.14825170080576,117.82620420546459,114.65008009379233,115.08954620361328,478700,0.0,0.0
2026-07-13 00:00:00-04:00,114.5202428098655,118.23570204343767,112.962139136334,116.7974624633789,665300,0.0,0.0
2026-07-14 00:00:00-04:00,118.85494962845951,119.8537307177743,116.65763428000497,118.1857681274414,453600,0.0,0.0
2026-07-15 00:00:00-04:00,117.8861317368157,118.36555001653115,115.27931246233271,117.63643646240234,663300,0.0,0.0
2026-07-16 00:00:00-04:00,115.10951999041824,121.05226439524785,115.10951999041824,119.35433959960938,513100,0.0,0.0
2026-07-17 00:00:00-04:00,117.09709583511489,120.52291536571862,116.13826687874848,116.48783874511719,586400,0.0,0.0
2026-07-20 00:00:00-04:00,116.92730009992302,116.92730009992302,113.60135729264513,114.0208511352539,444600,0.0,0.0
2026-07-21 00:00:00-04:00,114.94971147172303,117.0371679028524,114.13071128642272,115.87857818603516,349000,0.0,0.0
2026-07-22 00:00:00-04:00,115.92851712342151,116.87735608069778,115.31926006829643,116.80744171142578,410500,0.0,0.0
2026-07-23 00:00:00-04:00,115.5090369354189,118.45543816289862,115.5090369354189,117.65641784667969,294000,0.0,0.0
2026-07-24 00:00:00-04:00,118.70512688390885,120.52290809952936,118.02595546158389,118.74507904052734,294000,0.0,0.0
2026-07-27 00:00:00-04:00,120.19331574993622,120.84252499885909,115.92852374071748,118.17578125,413400,0.0,0.0
2026-07-28 00:00:00-04:00,118.13582851239201,118.84496218632555,116.20818066462235,117.65641784667969,333600,0.0,0.0
2026-07-29 00:00:00-04:00,118.6452091056229,118.6452091056229,111.15435077214292,111.7236557006836,549300,0.0,0.0
2026-07-30 00:00:00-04:00,120.70269118664145,125.22716822956356,116.23813856968815,124.39818572998047,901400,0.0,0.0
2026-07-31 00:00:00-04:00,124.1884342843877,127.28466168994001,122.2707764634702,124.79769134521484,563400,0.0,0.0
2026-08-03 00:00:00-04:00,124.84764254536275,130.09124353226798,124.83765260033242,128.96261596679688,415300,0.0,0.0
2026-08-04 00:00:00-04:00,129.6817364731094,132.80792624375698,127.6642019711752,132.34848022460938,686000,0.0,0.0
2026-08-05 00:00:00-04:00,132.72802002011696,133.6169345911885,129.76163892829823,130.0213165283203,360200,0.0,0.0
2026-08-06 00:00:00-04:00,129.90146423759475,130.50073897895447,126.62546352925831,127.67418670654297,491600,0.0,0.0
2026-08-07 00:00:00-04:00,127.19476625640874,129.44203125778313,126.44568046264887,128.05372619628906,310100,0.0,0.0
2026-08-10 00:00:00-04:00,127.90390706757151,128.68295511756355,126.10610563376571,126.615478515625,217100,0.0,0.0
2026-08-11 00:00:00-04:00,127.5143719657484,129.7216847424428,127.5143719657484,128.56309509277344,434200,0.0,0.0
2026-08-12 00:00:00-04:00,130.0113319737144,130.45079808943692,125.50683476793844,126.15603637695312,363500,0.0,0.0
2026-08-13 00:00:00-04:00,127.0649289414571,128.27344550162084,122.29075664619093,122.90999603271484,518400,0.0,0.0
2026-08-14 00:00:00-04:00,122.62000274658203,126.79000091552734,121.47000122070312,125.8499984741211,315000,0.15,0.0
2026-08-17 00:00:00-04:00,127.11000061035156,127.0,125.25,126.13999938964844,331929,0.0,0.0
