Date,Open,High,Low,Close,Volume,Dividends,Stock Splits
2022-01-03 00:00:00-05:00,21.773642910439147,21.91466445553011,21.153151070777373,21.167253494262695,117400,0.0,0.0
2022-01-04 00:00:00-05:00,21.153153179205653,21.52685936952887,21.153153179205653,21.39288902282715,30200,0.0,0.0
2022-01-05 00:00:00-05:00,21.519807778749815,21.519807778749815,20.948671684637734,21.230714797973633,43000,0.0,0.0
2022-01-06 00:00:00-05:00,21.00860378428044,21.20955860413376,20.71951083835527,21.061487197875977,43000,0.0,0.0
2022-01-07 00:00:00-05:00,21.06148926771897,21.14610112392987,20.187157787664944,20.285873413085938,50300,0.0,0.0
2022-01-10 00:00:00-05:00,19.954479120239956,20.649008259553298,19.77820279817112,20.44805335998535,69600,0.0,0.0
2022-01-11 00:00:00-05:00,20.34933562191634,21.562116029286187,20.068703258782914,21.18840980529785,102000,0.0,0.0
2022-01-12 00:00:00-05:00,21.20251049119248,21.470451186741087,21.07136170432397,21.329429626464844,61000,0.0,0.0
2022-01-13 00:00:00-05:00,21.167256653767545,21.414043722072545,21.080527946780375,21.301225662231445,65400,0.0,0.0
2022-01-14 00:00:00-05:00,21.054440521031843,21.505002675515332,21.053734458315876,21.385839462280273,71600,0.0,0.0
2022-01-18 00:00:00-05:00,21.061490698222332,21.435195554151516,21.061490698222332,21.273021697998047,84700,0.0,0.0
2022-01-19 00:00:00-05:00,21.110846537455412,21.26596917138086,21.061489396882827,21.153152465820312,120100,0.0,0.0
2022-01-20 00:00:00-05:00,21.061492177145073,21.273023191774342,20.730091884042785,20.835857391357422,34500,0.0,0.0
2022-01-21 00:00:00-05:00,20.4903558256597,20.765347755969415,19.968578162212445,20.03203773498535,56100,0.0,0.0
2022-01-24 00:00:00-05:00,19.919219342843835,20.148379041377734,18.52452098440992,19.7499942779541,131800,0.0,0.0
2022-01-25 00:00:00-05:00,19.453853494259548,20.017937142944685,19.23174496920412,19.961528778076172,38600,0.0,0.0
2022-01-26 00:00:00-05:00,19.95447154798641,20.29292298003423,19.35513335629242,19.446796417236328,30300,0.0,0.0
2022-01-27 00:00:00-05:00,19.4538476025831,19.996778790564576,19.319877272263273,19.66537857055664,44400,0.0,0.0
2022-01-28 00:00:00-05:00,19.326933390832036,20.58554606305488,19.326933390832036,20.497407913208008,197200,0.0,0.0
2022-01-31 00:00:00-05:00,20.23651921940801,21.265972137451172,20.046140497891074,21.265972137451172,232100,0.0,0.0
2022-02-01 00:00:00-05:00,21.209562990260334,21.294176200534945,20.18011011039377,20.6666316986084,83300,0.0,0.0
2022-02-02 00:00:00-05:00,20.75124567612686,20.75124567612686,20.18011085652083,20.687786102294922,37800,0.0,0.0
2022-02-03 00:00:00-05:00,20.356387784059898,20.962777343575443,20.046141118451967,20.36343765258789,74800,0.0,0.0
2022-02-04 00:00:00-05:00,20.102544178209634,20.356382414466236,19.742940458473143,20.01793098449707,33900,0.0,0.0
2022-02-07 00:00:00-05:00,19.926268179198487,20.35285639679421,19.8275539060044,20.024982452392578,36900,0.0,0.0
2022-02-08 00:00:00-05:00,19.869861509870738,20.391639111368967,19.72883995492258,20.307025909423828,118600,0.0,0.0
2022-02-09 00:00:00-05:00,20.095494223965286,20.765344569383263,20.095494223965286,20.47625160217285,85200,0.0,0.0
2022-02-10 00:00:00-05:00,20.173060022074164,20.652531768970125,19.936849082846848,20.067293167114258,71600,0.0,0.0
2022-02-11 00:00:00-05:00,19.91921896258412,19.91921896258412,19.228216291255354,19.383338928222656,71800,0.0,0.0
2022-02-14 00:00:00-05:00,19.36218577279766,19.482053695898003,19.030786853582008,19.108348846435547,82200,0.0,0.0
2022-02-15 00:00:00-05:00,19.09424984468957,19.531415685221063,18.741697224702776,19.524364471435547,79400,0.0,0.0
2022-02-16 00:00:00-05:00,19.418597410797304,19.771150002759075,19.122453179754164,19.68653678894043,82100,0.0,0.0
2022-02-17 00:00:00-05:00,19.460904728241246,19.91217164765922,19.140081900552246,19.672435760498047,97600,0.0,0.0
2022-02-18 00:00:00-05:00,19.54833361569586,19.802875244104122,19.235266792491668,19.34808349609375,32200,0.0,0.0
2022-02-22 00:00:00-05:00,19.319881439208984,19.517311371479124,19.04136457356398,19.319881439208984,286900,0.0,0.0
2022-02-23 00:00:00-05:00,19.27757573546394,19.764098686399155,19.171810227403608,19.242321014404297,53400,0.0,0.0
2022-02-24 00:00:00-05:00,19.051942567809913,19.404495163017877,18.68528754602209,19.333984375,72300,0.0,0.0
2022-02-25 00:00:00-05:00,19.390391230242578,20.257670224314637,19.319880447701795,20.074342727661133,111900,0.0,0.0
2022-02-28 00:00:00-05:00,19.778197644466694,20.278822968030173,19.778197644466694,20.10254669189453,124100,0.0,0.0
2022-03-01 00:00:00-05:00,20.02498474395034,20.02498474395034,18.706438948697485,18.882715225219727,52800,0.0,0.0
2022-03-02 00:00:00-05:00,18.840410129190722,19.3375092326713,18.702210114923037,19.263473510742188,40900,0.0,0.0
2022-03-03 00:00:00-05:00,19.42564484524656,20.130749940825474,19.35513541159366,20.095495223999023,74900,0.0,0.0
2022-03-04 00:00:00-05:00,19.90511652542122,20.264720285552215,19.714737826843415,20.095495223999023,123500,0.0,0.0
2022-03-07 00:00:00-05:00,19.891010102028627,19.891010102028627,18.685281276520545,19.094242095947266,116900,0.0,0.0
2022-03-08 00:00:00-05:00,19.037840511723875,19.7570481427161,18.304530453877344,18.62887954711914,155600,0.0,0.0
2022-03-09 00:00:00-05:00,18.90386729694794,19.728840315234507,18.90386729694794,19.164756774902344,78100,0.0,0.0
2022-03-10 00:00:00-05:00,18.898933140145317,20.095496944858,18.898933140145317,19.869863510131836,160200,0.0,0.0
2022-03-11 00:00:00-05:00,19.961528174818536,20.06729368764047,19.6724351454939,19.79230308532715,36400,0.0,0.0
2022-03-14 00:00:00-04:00,19.735896103297655,20.08844873396367,19.62660430363383,19.69359016418457,33700,0.0,0.0
2022-03-15 00:00:00-04:00,19.742939733077076,20.01793024899729,19.552561062879526,19.559612274169922,34500,0.0,0.0
2022-03-16 00:00:00-04:00,19.63435780082725,20.09549607957076,19.63435780082725,19.98267936706543,68000,0.0,0.0
2022-03-17 00:00:00-04:00,20.00383215332151,20.10254643634056,19.915694016374147,20.095495223999023,48300,0.0,0.0
2022-03-18 00:00:00-04:00,20.095497663953946,20.10960009034931,19.63717956515584,19.905118942260742,174100,0.0,0.0
2022-03-21 00:00:00-04:00,19.912167990896535,20.236517038324372,19.912167990896535,20.10254669189453,127400,0.0,0.0
2022-03-22 00:00:00-04:00,20.0461380824895,20.134276219436863,19.954473666930745,20.095495223999023,288700,0.0,0.0
2022-03-23 00:00:00-04:00,20.095498424391657,20.25767229943099,19.88396739998222,20.21536636352539,150800,0.0,0.0
2022-03-24 00:00:00-04:00,20.264722385348417,21.153155059221483,20.201262812580243,21.103797912597656,695400,0.0,0.0
2022-03-25 00:00:00-04:00,21.146102627820085,22.380036601848435,20.98392877114787,22.140300750732422,132400,0.0,0.0
2022-03-28 00:00:00-04:00,21.872357962559512,23.550508657107994,21.773642345604188,23.16269874572754,216900,0.0,0.0
2022-03-29 00:00:00-04:00,23.0569399013693,23.733840227963235,23.000530195938406,23.120399475097656,79900,0.0,0.0
2022-03-30 00:00:00-04:00,23.247315676682025,23.268467968656815,22.95117014022264,23.092191696166992,72700,0.0,0.0
2022-03-31 00:00:00-04:00,22.9821970915259,23.606918645123802,22.9821970915259,23.190906524658203,124500,0.0,0.0
2022-04-01 00:00:00-04:00,23.65627354742528,24.615216831918797,23.01462806879539,23.402435302734375,399200,0.0,0.0
2022-04-04 00:00:00-04:00,23.374238798808733,23.374238798808733,23.078093211787536,23.148605346679688,64300,0.0,0.0
2022-04-05 00:00:00-04:00,23.148602804076905,23.268469385583245,22.746690403744307,22.87360954284668,50300,0.0,0.0
2022-04-06 00:00:00-04:00,22.77489519464526,23.120397892350496,22.42234262912517,22.70438575744629,110700,0.0,0.0
2022-04-07 00:00:00-04:00,22.57746705817385,22.612721777459605,22.284847777552983,22.443496704101562,56900,0.0,0.0
2022-04-08 00:00:00-04:00,22.56336436571482,22.9300193594292,22.168505865881578,22.640926361083984,81900,0.0,0.0
2022-04-11 00:00:00-04:00,22.38003764184449,22.549262719046478,22.161455418568757,22.457599639892578,33900,0.0,0.0
2022-04-12 00:00:00-04:00,22.38708915946172,23.21206091771639,22.295426079060555,22.633874893188477,97000,0.0,0.0
2022-04-13 00:00:00-04:00,22.605673747280107,23.113347663745248,22.605673747280107,22.662080764770508,64800,0.0,0.0
2022-04-14 00:00:00-04:00,22.61272231773029,22.84540831214851,22.401191307199102,22.542211532592773,60900,0.0,0.0
2022-04-18 00:00:00-04:00,22.49990313910017,22.93706753836243,22.2742697272382,22.746688842773438,94500,0.0,0.0
2022-04-19 00:00:00-04:00,22.82425222638789,22.947645085760556,22.669130927360513,22.937068939208984,145400,0.0,0.0
2022-04-20 00:00:00-04:00,22.986427767917668,22.99348032597742,22.563365736267766,22.83130645751953,346800,0.0,0.0
2022-04-21 00:00:00-04:00,22.91591675452734,22.91591675452734,21.971075771519402,22.006330490112305,104300,0.0,0.0
2022-04-22 00:00:00-04:00,22.288370099047167,22.288370099047167,20.462147990764027,20.511505126953125,125800,0.0,0.0
2022-04-25 00:00:00-04:00,20.46215240295879,20.582020335928128,19.74294480514277,20.39164161682129,111900,0.0,0.0
2022-04-26 00:00:00-04:00,20.441000291525288,20.441000291525288,19.89806894603067,19.954477310180664,78300,0.0,0.0
2022-04-27 00:00:00-04:00,19.97562752532527,20.335231289441396,19.41154398056346,19.813453674316406,208200,0.0,0.0
2022-04-28 00:00:00-04:00,19.855762211574103,21.05091530360131,19.644231190728757,20.71599006652832,226000,0.0,0.0
2022-04-29 00:00:00-04:00,20.624325765911767,21.019184275803468,20.476254329032884,20.6666316986084,231600,0.0,0.0
2022-05-02 00:00:00-04:00,20.497403304092803,20.511505727668727,19.66537914144904,19.96857452392578,203500,0.0,0.0
2022-05-03 00:00:00-04:00,19.954477365237643,20.59612301354476,19.418598576774887,20.3140811920166,191300,0.0,0.0
2022-05-04 00:00:00-04:00,20.504454977901304,20.82880400305039,20.116647734992934,20.62432289123535,105800,0.0,0.0
2022-05-05 00:00:00-04:00,20.448047686773073,20.638426384559352,20.00735700386848,20.22946548461914,130200,0.0,0.0
2022-05-06 00:00:00-04:00,20.003833446084514,20.07434288429414,19.56666766682567,19.721790313720703,220800,0.0,0.0
2022-05-09 00:00:00-04:00,19.376287241042093,19.42917065990018,17.028287382628488,17.218666076660156,174300,0.0,0.0
2022-05-10 00:00:00-04:00,17.451349751831295,17.7404427108368,15.328983418606683,15.441800117492676,299900,0.0,0.0
2022-05-11 00:00:00-04:00,15.477056247223153,15.780250286315086,15.293728774474758,15.47000503540039,182900,0.0,0.0
2022-05-12 00:00:00-04:00,15.328986658028494,16.309082441051252,15.272578296664912,16.168062210083008,267800,0.0,0.0
2022-05-13 00:00:00-04:00,16.49240825765973,18.27984962181506,16.196264054699487,17.973129272460938,453000,0.0,0.0
2022-05-16 00:00:00-04:00,18.015439237803918,18.078898820142705,17.451355555772,17.535968780517578,268300,0.0,0.0
2022-05-17 00:00:00-04:00,17.62763102061957,19.510262067417003,17.465457138001437,19.235271453857422,323600,0.0,0.0
2022-05-18 00:00:00-04:00,19.10834720051906,19.20001026563853,17.761596657214834,18.184659957885742,153000,0.0,0.0
2022-05-19 00:00:00-04:00,18.1846652563732,18.706442986108556,18.107103247601202,18.325685501098633,158100,0.0,0.0
2022-05-20 00:00:00-04:00,18.579526014808344,18.650036817924466,18.01544093476108,18.332738876342773,118500,0.0,0.0
2022-05-23 00:00:00-04:00,18.600672445606655,19.34103362741117,18.445549803599476,18.755796432495117,238600,0.0,0.0
2022-05-24 00:00:00-04:00,18.720539761396473,19.467952131492886,18.45965162900232,19.383338928222656,161100,0.0,0.0
2022-05-25 00:00:00-04:00,19.38334045988989,19.489105963674312,18.861562808989586,18.93207359313965,136400,0.0,0.0
2022-05-26 00:00:00-04:00,18.812208277712465,19.686538625979566,18.720543842115195,19.61602783203125,156600,0.0,0.0
2022-05-27 00:00:00-04:00,19.70064328851678,20.05319595336914,19.38334535219698,20.05319595336914,220600,0.0,0.0
2022-05-31 00:00:00-04:00,20.10959893657588,20.412794362273576,19.383340157460026,19.926271438598633,1233200,0.0,0.0
2022-06-01 00:00:00-04:00,19.968579115829623,20.723041467180423,19.24937148664456,20.36343765258789,194500,0.0,0.0
2022-06-02 00:00:00-04:00,20.532664151277103,21.08969656361554,20.278825847239542,20.723041534423828,163800,0.0,0.0
2022-06-03 00:00:00-04:00,20.462149767371425,21.15315242377664,20.22946514450513,20.864059448242188,185900,0.0,0.0
2022-06-06 00:00:00-04:00,21.33648405287016,21.851210539113264,20.73009313517575,21.160207748413086,427400,0.0,0.0
2022-06-07 00:00:00-04:00,20.983926631237505,21.089692120677864,19.62307365776304,20.62432289123535,223800,0.0,0.0
2022-06-08 00:00:00-04:00,20.292926278016527,20.76534677246104,19.919220072151628,20.278823852539062,118600,0.0,0.0
2022-06-09 00:00:00-04:00,20.053191962880526,20.307028916542347,19.552566579073737,19.827558517456055,136100,0.0,0.0
2022-06-10 00:00:00-04:00,19.43974728210906,19.714737839195127,19.10482209252299,19.383338928222656,99000,0.0,0.0
2022-06-13 00:00:00-04:00,18.494906441050166,18.494906441050166,17.007135595307737,17.028287887573242,226300,0.0,0.0
2022-06-14 00:00:00-04:00,17.155208863936235,17.162260077076105,16.428950049106373,16.957778930664062,159100,0.0,0.0
2022-06-15 00:00:00-04:00,16.852010720222907,18.30452677201393,16.852010720222907,17.98723030090332,171500,0.0,0.0
2022-06-16 00:00:00-04:00,17.64877917170029,18.255168575650462,17.253919391359368,17.65583038330078,236700,0.0,0.0
2022-06-17 00:00:00-04:00,17.698140481701078,19.051942495991618,17.331485461295397,18.685287475585938,419000,0.0,0.0
2022-06-21 00:00:00-04:00,18.84041123278271,19.439750946347296,18.198765582049298,18.30453109741211,247300,0.0,0.0
2022-06-22 00:00:00-04:00,18.029539338929983,18.967329179814726,17.980182191233112,18.241071701049805,218800,0.0,0.0
2022-06-23 00:00:00-04:00,18.26927282166743,18.67118250882827,17.916720275753537,18.31157875061035,350000,0.0,0.0
2022-06-24 00:00:00-04:00,18.311582424033972,19.418598769978576,17.761601202802446,17.796855926513672,3600200,0.0,0.0
2022-06-27 00:00:00-04:00,17.937874472933462,17.980180403197757,16.5840726005445,16.901369094848633,265400,0.0,0.0
2022-06-28 00:00:00-04:00,16.92252136002197,17.1129000480937,16.365487719711624,16.492406845092773,189700,0.0,0.0
2022-06-29 00:00:00-04:00,16.294982014303535,16.56997261889331,15.561671942222171,15.843713760375977,199800,0.0,0.0
2022-06-30 00:00:00-04:00,15.603977990569994,16.56997273766242,15.512314903343544,16.56292152404785,303600,0.0,0.0
2022-07-01 00:00:00-04:00,16.506510102352312,17.825057216637134,16.506510102352312,17.803903579711914,263300,0.0,0.0
2022-07-05 00:00:00-04:00,17.43019734314508,18.74169324109535,17.155206788367593,18.734642028808594,227200,0.0,0.0
2022-07-06 00:00:00-04:00,18.741696289899423,18.88624280308902,17.95197786877092,18.05069351196289,102800,0.0,0.0
2022-07-07 00:00:00-04:00,18.20581640425536,18.81220731845613,18.20581640425536,18.63593101501465,144800,0.0,0.0
2022-07-08 00:00:00-04:00,18.522039644389523,18.792537699605877,18.244421682926816,18.301368713378906,49700,0.25,0.0
2022-07-11 00:00:00-04:00,18.08781102640032,18.130520944077134,17.73189187773802,17.97391700744629,60200,0.0,0.0
2022-07-12 00:00:00-04:00,17.952562756603513,18.393903132437327,17.73189324754856,18.087812423706055,160300,0.0,0.0
2022-07-13 00:00:00-04:00,17.867143036332934,18.47220591146616,17.867143036332934,18.187469482421875,40900,0.0,0.0
2022-07-14 00:00:00-04:00,17.888497702374924,18.671520183619307,17.867143420144625,18.6003360748291,52600,0.0,0.0
2022-07-15 00:00:00-04:00,18.94914004032877,19.803345361363597,18.479325416604507,19.48301887512207,120800,0.0,0.0
2022-07-18 00:00:00-04:00,19.66809223405664,19.803341895362152,19.184043315717695,19.22675323486328,82100,0.0,0.0
2022-07-19 00:00:00-04:00,19.37624031457941,19.888764819761512,19.37624031457941,19.611146926879883,75100,0.0,0.0
2022-07-20 00:00:00-04:00,19.525725608948783,20.37281360180335,19.525725608948783,19.746395111083984,121300,0.0,0.0
2022-07-21 00:00:00-04:00,19.596908888481572,20.011910747737904,19.35488375785501,19.867406845092773,78200,0.0,0.0
2022-07-22 00:00:00-04:00,19.867409179470936,20.06672441567775,19.49725289411141,19.611146926879883,54600,0.0,0.0
2022-07-25 00:00:00-04:00,19.725040292731805,20.372814449071296,19.725040292731805,20.294511795043945,73000,0.0,0.0
2022-07-26 00:00:00-04:00,20.20909181135812,20.621958030475763,20.20909181135812,20.586366653442383,122700,0.0,0.0
2022-07-27 00:00:00-04:00,20.61484157907677,21.020590650212394,20.479593246422372,20.828393936157227,98100,0.0,0.0
2022-07-28 00:00:00-04:00,20.85686643665871,21.960216869675772,20.757209486244257,21.604297637939453,130100,0.0,0.0
2022-07-29 00:00:00-04:00,21.390745508345695,21.95309855208769,21.013471987696438,21.91750717163086,147400,0.0,0.0
2022-08-01 00:00:00-04:00,21.568705443586783,21.931743232031998,21.38362863321784,21.910388946533203,109000,0.0,0.0
2022-08-02 00:00:00-04:00,21.625651024559396,21.981570241510646,21.56870400415616,21.654125213623047,106800,0.0,0.0
2022-08-03 00:00:00-04:00,21.632768450422752,21.995806195820713,21.597177073662245,21.853439331054688,106600,0.0,0.0
2022-08-04 00:00:00-04:00,22.010043730303696,22.024280824382554,21.832084127490024,21.94597816467285,79300,0.0,0.0
2022-08-05 00:00:00-04:00,21.760897241539993,22.209356143802825,21.718187322470527,21.995803833007812,104300,0.0,0.0
2022-08-08 00:00:00-04:00,22.23071109204573,22.23071109204573,21.61141249490801,21.703950881958008,150900,0.0,0.0
2022-08-09 00:00:00-04:00,21.846316850949822,21.896145312533022,21.604291730925354,21.71106719970703,182000,0.0,0.0
2022-08-10 00:00:00-04:00,22.059871565748093,22.800182786089223,21.772289333812637,22.30901527404785,196500,0.0,0.0
2022-08-11 00:00:00-04:00,22.600870176152178,22.978143675503603,22.543923156001544,22.672054290771484,195500,0.0,0.0
2022-08-12 00:00:00-04:00,22.899837216692756,22.978139865563257,22.721878996237326,22.743234634399414,155800,0.0,0.0
2022-08-15 00:00:00-04:00,22.750353480944796,22.7966247125305,22.63645945122653,22.778827667236328,92400,0.0,0.0
2022-08-16 00:00:00-04:00,22.814422785632047,23.049330787907707,22.62222742752565,22.636463165283203,138000,0.0,0.0
2022-08-17 00:00:00-04:00,22.46561943688959,22.77171016494078,21.995806203325806,22.202239990234375,46100,0.0,0.0
2022-08-18 00:00:00-04:00,22.109698812185176,22.70408454156318,22.109698812185176,22.643577575683594,62700,0.0,0.0
2022-08-19 00:00:00-04:00,22.330373905241622,22.422912311031375,21.87835630366377,22.08123016357422,78300,0.0,0.0
2022-08-22 00:00:00-04:00,21.960213245737783,22.280539686804804,21.67547817888136,21.803607940673828,55100,0.0,0.0
2022-08-23 00:00:00-04:00,21.682597260089853,21.874793956140113,21.04906151132123,21.106008529663086,64200,0.0,0.0
2022-08-24 00:00:00-04:00,21.106004195239578,21.355147858466434,21.075395671341692,21.262609481811523,47800,0.0,0.0
2022-08-25 00:00:00-04:00,21.447689893496474,21.732426333023078,20.977876669091135,21.718189239501953,75300,0.0,0.0
2022-08-26 00:00:00-04:00,21.782254181351625,21.782254181351625,20.942284695698408,21.063297271728516,41200,0.0,0.0
2022-08-29 00:00:00-04:00,20.93516632681705,20.93516632681705,20.394169003368905,20.60772132873535,62600,0.0,0.0
2022-08-30 00:00:00-04:00,20.74297051207459,21.1771923699297,19.767752665784776,20.095197677612305,70000,0.0,0.0
2022-08-31 00:00:00-04:00,20.016892142485908,20.771440305630264,19.910115319046515,20.60059928894043,104500,0.0,0.0
2022-09-01 00:00:00-04:00,20.23756725701879,20.31586992062789,19.732161253842715,20.25180435180664,84800,0.0,0.0
2022-09-02 00:00:00-04:00,20.39416713664551,20.94228295654134,20.23756319855691,20.287391662597656,82800,0.0,0.0
2022-09-06 00:00:00-04:00,20.443996936363394,21.397860434594573,20.443996936363394,20.999231338500977,258400,0.0,0.0
2022-09-07 00:00:00-04:00,20.956525862010928,21.803612701141063,20.85686754855947,21.404983520507812,178300,0.0,0.0
2022-09-08 00:00:00-04:00,21.17007189816042,21.910384417505096,21.17007189816042,21.461925506591797,167500,0.0,0.0
2022-09-09 00:00:00-04:00,21.540232814783103,21.647008316462934,21.22702349982798,21.269733428955078,135400,0.0,0.0
2022-09-12 00:00:00-04:00,21.2199001851803,21.643444859436524,21.12024325369595,21.29108428955078,129400,0.0,0.0
2022-09-13 00:00:00-04:00,20.742971497323357,21.340915889493367,20.68602447700831,21.234140396118164,146700,0.0,0.0
2022-09-14 00:00:00-04:00,21.11928339067931,21.750994866260346,20.990069337465243,21.456674575805664,160800,0.25,0.0
2022-09-15 00:00:00-04:00,21.255671549898835,21.549991776594602,20.932636486843112,21.162349700927734,143000,0.0,0.0
2022-09-16 00:00:00-04:00,21.399248040291184,21.399248040291184,19.04468552075082,19.274398803710938,1219100,0.0,0.0
2022-09-19 00:00:00-04:00,18.944183557042145,19.590253829956055,18.879576529750757,19.590253829956055,97600,0.0,0.0
2022-09-20 00:00:00-04:00,19.21697083312473,19.29593391983158,18.326831160835393,18.57090187072754,111700,0.0,0.0
2022-09-21 00:00:00-04:00,18.592435244879578,18.854452029005518,18.014562029955634,18.527828216552734,96300,0.0,0.0
2022-09-22 00:00:00-04:00,18.298114513487278,18.319650645486178,17.94636590603292,17.95354461669922,112000,0.0,0.0
2022-09-23 00:00:00-04:00,17.65922642188947,17.91765319056156,17.228513315170368,17.874582290649414,108500,0.0,0.0
2022-09-26 00:00:00-04:00,17.860222245535756,18.276577868092165,17.637687697927767,18.003793716430664,78300,0.0,0.0
2022-09-27 00:00:00-04:00,18.10429419590274,18.398614499626678,17.63266397576747,18.247865676879883,78000,0.0,0.0
2022-09-28 00:00:00-04:00,18.362719034939964,19.0231452649437,18.33041552594852,18.87239646911621,92400,0.0,0.0
2022-09-29 00:00:00-04:00,18.549361477937428,18.563718897387574,18.104291059375022,18.369897842407227,65800,0.0,0.0
2022-09-30 00:00:00-04:00,18.50629553717175,18.750366256290636,18.22633125982994,18.384260177612305,88600,0.0,0.0
2022-10-03 00:00:00-04:00,18.305291176912377,18.502700905960868,17.69511453050885,17.838685989379883,73800,0.0,0.0
2022-10-04 00:00:00-04:00,18.08993425485621,18.671396026354078,18.071986796692414,18.133005142211914,98900,0.0,0.0
2022-10-05 00:00:00-04:00,17.81715068511696,17.81715068511696,16.876761556627752,17.51565170288086,53000,0.0,0.0
2022-10-06 00:00:00-04:00,17.436690435553146,17.903295693039773,17.285940244217986,17.766902923583984,70000,0.0,0.0
2022-10-07 00:00:00-04:00,17.44386749219576,17.85304579387563,17.37208312237036,17.738187789916992,71500,0.0,0.0
2022-10-10 00:00:00-04:00,17.80997412121734,18.097115717665186,17.6951174826382,17.80279541015625,39600,0.0,0.0
2022-10-11 00:00:00-04:00,17.888934512137673,18.52064588089747,17.357722337017233,18.441682815551758,71800,0.0,0.0
2022-10-12 00:00:00-04:00,18.44886721321432,18.56372386112918,18.018154098933973,18.384260177612305,33300,0.0,0.0
2022-10-13 00:00:00-04:00,18.269403169022272,18.847275068410873,18.111474254357745,18.664222717285156,89600,0.0,0.0
2022-10-14 00:00:00-04:00,18.75754187532841,18.85804245991954,18.255044429169228,18.305294036865234,58000,0.0,0.0
2022-10-17 00:00:00-04:00,18.513470243618134,19.01596762723571,18.513470243618134,18.836503982543945,121200,0.0,0.0
2022-10-18 00:00:00-04:00,19.13800742901869,19.41079299939559,18.570902891360216,18.90111541748047,71600,0.0,0.0
2022-10-19 00:00:00-04:00,18.61397019897974,18.81640490262859,18.341184681269368,18.764719009399414,88900,0.0,0.0
2022-10-20 00:00:00-04:00,18.987252935604946,19.012377734710906,18.283754453041528,18.398611068725586,62800,0.0,0.0
2022-10-21 00:00:00-04:00,18.63550652698134,18.63550652698134,17.996616310505058,18.305294036865234,61900,0.0,0.0
2022-10-24 00:00:00-04:00,18.491931926729148,18.491931926729148,17.616149937103486,17.932004928588867,112900,0.0,0.0
2022-10-25 00:00:00-04:00,17.888935724861774,18.868807036869224,17.888935724861774,18.628326416015625,116900,0.0,0.0
2022-10-26 00:00:00-04:00,18.836507331830852,19.57230813205878,18.5709018572116,19.367719650268555,101500,0.0,0.0
2022-10-27 00:00:00-04:00,19.382079404775638,19.522060870293785,18.872403159125007,19.145187377929688,108500,0.0,0.0
2022-10-28 00:00:00-04:00,19.209788728745295,20.65267659912268,19.087753395354202,20.186071395874023,412300,0.0,0.0
2022-10-31 00:00:00-04:00,20.01378386542745,20.816345258750847,20.01378386542745,20.623960494995117,111700,0.0,0.0
2022-11-01 00:00:00-04:00,20.889569301507912,20.98288979780938,20.595249022681497,20.738819122314453,58000,0.0,0.0
2022-11-02 00:00:00-04:00,20.364099795113393,21.022372347399493,20.31887515141116,20.4588565826416,75300,0.0,0.0
2022-11-03 00:00:00-04:00,20.121466283484786,20.968533618297847,20.067626637186066,20.92546272277832,37000,0.0,0.0
2022-11-04 00:00:00-04:00,21.16953405165741,21.16953405165741,20.43732195973051,21.04749870300293,52300,0.0,0.0
2022-11-07 00:00:00-05:00,21.10492647089127,21.237729197984073,20.717285671236876,21.040319442749023,51000,0.0,0.0
2022-11-08 00:00:00-05:00,21.06185372030161,21.122870703062762,20.469623137554482,20.781890869140625,52900,0.0,0.0
2022-11-09 00:00:00-05:00,20.896749905535135,20.896749905535135,20.193251287546218,20.31528663635254,32300,0.0,0.0
2022-11-10 00:00:00-05:00,21.02596428691912,21.02596428691912,20.437322297721952,20.767536163330078,107300,0.0,0.0
2022-11-11 00:00:00-05:00,20.903928756713867,21.262856094527503,20.832143015311313,20.903928756713867,55700,0.0,0.0
2022-11-14 00:00:00-05:00,20.860853380137364,21.302333775522428,20.8106037794072,21.083389282226562,63900,0.0,0.0
2022-11-15 00:00:00-05:00,21.176711817519042,21.305925871409652,20.631142128424834,20.889570236206055,92600,0.0,0.0
2022-11-16 00:00:00-05:00,20.961356223565332,21.054676725154213,20.1071088109326,20.128644943237305,67400,0.0,0.0
2022-11-17 00:00:00-05:00,20.09992608529882,20.79624446034224,19.740998833775624,20.774709701538086,47300,0.0,0.0
2022-11-18 00:00:00-05:00,21.198247690764607,21.198247690764607,20.286571983177044,20.55217742919922,53600,0.0,0.0
2022-11-21 00:00:00-05:00,20.638320587140953,20.657702968827724,20.300929404367174,20.55217742919922,22900,0.0,0.0
2022-11-22 00:00:00-05:00,20.745994623048237,20.97570784228107,20.272210766080814,20.803422927856445,30000,0.0,0.0
2022-11-23 00:00:00-05:00,20.9182827737549,20.9182827737549,20.61678378456699,20.738819122314453,11800,0.0,0.0
2022-11-25 00:00:00-05:00,20.97570734355362,21.0080108498151,20.567966799869588,20.85367202758789,22700,0.0,0.0
2022-11-28 00:00:00-05:00,20.67421102799752,21.169531063707147,20.5952479565068,21.083389282226562,45300,0.0,0.0
2022-11-29 00:00:00-05:00,21.033140646176676,21.09056896326907,20.817784799379965,20.92546272277832,44400,0.0,0.0
2022-11-30 00:00:00-05:00,21.569878351824553,22.228776821298155,21.569878351824553,22.08396339416504,213100,0.25,0.0
2022-12-01 00:00:00-05:00,22.23601593833251,22.464096599508103,21.7364125219102,22.134647369384766,59700,0.0,0.0
2022-12-02 00:00:00-05:00,21.816061649068683,22.37359161668505,21.816061649068683,22.264982223510742,74700,0.0,0.0
2022-12-05 00:00:00-05:00,22.264978349881424,22.373587724160025,22.065860933530132,22.19257164001465,68400,0.0,0.0
2022-12-06 00:00:00-05:00,22.192573029557146,22.228777077278938,21.664006362207875,21.72193145751953,82000,0.0,0.0
2022-12-07 00:00:00-05:00,21.707452212642593,21.970288241781482,21.533676907701278,21.64228630065918,87300,0.0,0.0
2022-12-08 00:00:00-05:00,21.562640935433127,21.8377848330305,21.425068296112734,21.51195526123047,152400,0.0,0.0
2022-12-09 00:00:00-05:00,21.37902221571439,21.45409172832761,20.753447915560148,20.886381149291992,170700,2.2,0.0
2022-12-12 00:00:00-05:00,20.70652661535068,20.82382159824656,20.30772248031538,20.456296920776367,90800,0.0,0.0
2022-12-13 00:00:00-05:00,20.58140943824246,20.870738422021038,19.82290057599165,19.88545799255371,163300,0.0,0.0
2022-12-14 00:00:00-05:00,19.752522434099145,20.037940727928344,19.384997814268342,19.643047332763672,71000,0.0,0.0
2022-12-15 00:00:00-05:00,19.674325460044003,19.674325460044003,19.236423559518574,19.455373764038086,56000,0.0,0.0
2022-12-16 00:00:00-05:00,19.181689217131417,19.275524608626306,18.462278085895083,19.220787048339844,175300,0.0,0.0
2022-12-19 00:00:00-05:00,19.040933617230166,19.267703710753267,18.642129496048256,18.767244338989258,66100,0.0,0.0
2022-12-20 00:00:00-05:00,18.649946817504436,19.064389118935537,18.53265185467462,18.884536743164062,99600,0.0,0.0
2022-12-21 00:00:00-05:00,18.900177207670566,19.392816667396968,18.900177207670566,19.2598819732666,86600,0.0,0.0
2022-12-22 00:00:00-05:00,19.048751275217622,19.252063244321807,18.61866774736732,18.759422302246094,63500,0.0,0.0
2022-12-23 00:00:00-05:00,18.618669575392016,19.040933281487185,18.56393201900632,18.68904685974121,40700,0.0,0.0
2022-12-27 00:00:00-05:00,18.759422548439893,18.9236366951157,18.47009506315771,18.493553161621094,49700,0.0,0.0
2022-12-28 00:00:00-05:00,18.454460414570953,18.454460414570953,17.54737690105611,17.774147033691406,159900,0.0,0.0
2022-12-29 00:00:00-05:00,17.789783013597507,18.337161549072036,17.75850355831941,17.844520568847656,307500,0.0,0.0
2022-12-30 00:00:00-05:00,17.789784829917473,18.133851415672805,17.125111252260584,18.047834396362305,321000,0.0,0.0
2023-01-03 00:00:00-05:00,18.31370281556806,18.751604769570466,17.844521404822185,18.086931228637695,113800,0.0,0.0
2023-01-04 00:00:00-05:00,18.290241646802134,19.080029963673567,18.172946677095506,18.43881607055664,146700,0.0,0.0
2023-01-05 00:00:00-05:00,18.235503552445362,18.56393035276755,17.914896615403034,18.000913619995117,69400,0.0,0.0
2023-01-06 00:00:00-05:00,18.227686177203996,18.798524342660844,18.016555805774516,18.50919532775879,120700,0.0,0.0
2023-01-09 00:00:00-05:00,18.548292955432217,18.93927721960522,18.274605163700393,18.571752548217773,95800,0.0,0.0
2023-01-10 00:00:00-05:00,18.39190351432678,18.673411221896878,18.024377284116426,18.133853912353516,133600,0.0,0.0
2023-01-11 00:00:00-05:00,18.282422427741768,18.798522997318994,18.282422427741768,18.743783950805664,60200,0.0,0.0
2023-01-12 00:00:00-05:00,18.853261240107447,20.01839414020908,18.743784634573625,19.940196990966797,71900,0.0,0.0
2023-01-13 00:00:00-05:00,19.713424126489112,20.97630449970646,19.713424126489112,20.722164154052734,109800,0.0,0.0
2023-01-17 00:00:00-05:00,20.636144863280208,21.230441005078664,20.01839062486904,20.370275497436523,842700,0.0,0.0
2023-01-18 00:00:00-05:00,20.597050816016292,21.089690324489585,20.026214157701656,20.847280502319336,124600,0.0,0.0
2023-01-19 00:00:00-05:00,20.85509836015837,20.85509836015837,19.908915771926868,20.080949783325195,107600,0.0,0.0
2023-01-20 00:00:00-05:00,20.323359278138458,20.745622945450286,20.08094948291486,20.69870376586914,60900,0.0,0.0
2023-01-23 00:00:00-05:00,20.729984006266385,20.84336979066436,20.409377057717023,20.448474884033203,58200,0.0,0.0
2023-01-24 00:00:00-05:00,20.1122287308886,20.612689571359425,20.1122287308886,20.464115142822266,75200,0.0,0.0
2023-01-25 00:00:00-05:00,20.432836924166875,20.61269081864184,20.24516465694163,20.581411361694336,30300,0.0,0.0
2023-01-26 00:00:00-05:00,20.683071568040216,20.706529673191596,20.151332642801833,20.213890075683594,75200,0.0,0.0
2023-01-27 00:00:00-05:00,20.057488862075633,20.456292919096494,19.97147335357129,20.04184913635254,172600,0.0,0.0
2023-01-30 00:00:00-05:00,19.955835655324858,20.104408590329975,19.744703811071492,19.908916473388672,61000,0.0,0.0
2023-01-31 00:00:00-05:00,19.901099061232628,20.99585467061678,19.901099061232628,20.839460372924805,205100,0.0,0.0
2023-02-01 00:00:00-05:00,20.88637606091901,20.988032792107532,20.46411388405879,20.495391845703125,98000,0.0,0.0
2023-02-02 00:00:00-05:00,20.518850509897245,21.195252992728236,20.4953909211075,20.93329429626465,581200,0.0,0.0
2023-02-03 00:00:00-05:00,20.839458607581278,21.113147859614305,20.378097109107827,20.980213165283203,131200,0.0,0.0
2023-02-06 00:00:00-05:00,20.73780638096368,21.00367580826988,20.556389402256467,20.808183670043945,91400,0.0,0.0
2023-02-07 00:00:00-05:00,20.76126492043528,21.1131513732508,20.38592036508985,20.409379959106445,105000,0.0,0.0
2023-02-08 00:00:00-05:00,20.268626015595775,20.511035862112987,20.096593461855612,20.440658569335938,58800,0.0,0.0
2023-02-09 00:00:00-05:00,20.67524746185546,20.878559449892172,19.991025027524547,20.13568878173828,147800,0.0,0.0
2023-02-10 00:00:00-05:00,20.120047427292334,20.847278308770488,20.03403191385532,20.56576919555664,46700,0.0,0.0
2023-02-13 00:00:00-05:00,20.60487274964463,20.776905303384794,20.252986285759377,20.440658569335938,64900,0.0,0.0
2023-02-14 00:00:00-05:00,20.378095360136196,20.745621449589336,20.120045856992185,20.370275497436523,57800,0.0,0.0
2023-02-15 00:00:00-05:00,20.143508447312755,20.526672827786385,20.049671572417374,20.471935272216797,49800,0.0,0.0
2023-02-16 00:00:00-05:00,20.174787047190325,20.62832872525936,20.12004948989543,20.50321388244629,45400,0.0,0.0
2023-02-17 00:00:00-05:00,21.2382613399441,21.246081202817624,20.68306449930096,20.792539596557617,174000,0.0,0.0
2023-02-21 00:00:00-05:00,20.589228917098023,20.786285595904634,20.080949730591193,20.28426170349121,70200,0.0,0.0
2023-02-22 00:00:00-05:00,20.268626373733568,20.4328390654571,20.041854761559065,20.245166778564453,88800,0.0,0.0
2023-02-23 00:00:00-05:00,20.315542955671432,20.335091871494217,19.926123242789,20.268625259399414,39000,0.0,0.0
2023-02-24 00:00:00-05:00,20.03403480982757,20.05749291166204,19.682148367444157,19.83072280883789,72200,0.0,0.0
2023-02-27 00:00:00-05:00,19.955835342407227,20.425016714006645,19.846358744425935,19.955835342407227,77900,0.0,0.0
2023-02-28 00:00:00-05:00,19.994931641766122,20.209972652311677,19.64304675855149,19.979291915893555,68400,0.0,0.0
2023-03-01 00:00:00-05:00,19.87763607924752,20.38591522283587,19.73297234801932,20.370275497436523,113200,0.0,0.0
2023-03-02 00:00:00-05:00,20.237344792704754,20.886378609499534,20.237344792704754,20.581411361694336,221000,0.0,0.0
2023-03-03 00:00:00-05:00,20.76126256428926,21.144428432308995,20.41719750667974,20.956754684448242,167800,0.0,0.0
2023-03-06 00:00:00-05:00,21.003675522546054,21.28518318355098,20.624420302271222,21.074052810668945,245400,0.0,0.0
2023-03-07 00:00:00-05:00,21.034953488663657,21.206987522513664,20.917658505621052,21.074052810668945,343000,0.0,0.0
2023-03-08 00:00:00-05:00,21.113150298927806,21.324282159873867,20.99585531778664,21.26954460144043,460500,0.0,0.0
2023-03-09 00:00:00-05:00,21.31646131798097,21.41029670199577,20.534492824253803,20.612689971923828,91100,0.0,0.0
2023-03-10 00:00:00-05:00,20.47193284047493,20.632236301952858,19.65086513000142,19.979291915893555,122100,0.0,0.0
2023-03-13 00:00:00-04:00,19.658685878567262,20.21231967091212,19.431915809144396,19.596128463745117,102000,0.0,0.0
2023-03-14 00:00:00-04:00,20.092285813510372,20.401887460774297,19.369884493468536,19.51277732849121,92400,0.375,0.0
2023-03-15 00:00:00-04:00,19.115853049655964,19.48896093321035,18.949145755135188,19.48102378845215,205000,0.0,0.0
2023-03-16 00:00:00-04:00,19.171421894749248,19.65566948240267,18.972959967238086,19.576284408569336,151300,0.0,0.0
2023-03-17 00:00:00-04:00,19.330191628018547,19.94145471504341,19.02058999812017,19.544530868530273,464200,0.0,0.0
2023-03-20 00:00:00-04:00,19.647732453631352,19.965271261164176,19.369885429235953,19.870010375976562,200900,0.0,0.0
2023-03-21 00:00:00-04:00,20.13197913008337,20.33837972376196,19.82237748249328,20.028778076171875,151100,0.0,0.0
2023-03-22 00:00:00-04:00,20.004960492415478,20.044652267485507,19.31431240153017,19.401636123657227,97100,0.0,0.0
2023-03-23 00:00:00-04:00,19.425455651493714,19.782687776908936,19.076163700137222,19.179363250732422,139100,0.0,0.0
2023-03-24 00:00:00-04:00,19.052344341257434,19.27462223699738,18.972959270340006,19.26668357849121,219600,0.0,0.0
2023-03-27 00:00:00-04:00,19.481024610671735,19.826347959714102,19.21111625317017,19.600101470947266,69800,0.0,0.0
2023-03-28 00:00:00-04:00,19.465145824953865,19.838253696131606,19.465145824953865,19.77474594116211,42200,0.0,0.0
2023-03-29 00:00:00-04:00,19.77474824988449,20.012901980288706,19.707271914789604,19.862071990966797,74400,0.0,0.0
2023-03-30 00:00:00-04:00,20.02083602523937,20.235175241686676,19.85412875520978,20.116098403930664,74900,0.0,0.0
2023-03-31 00:00:00-04:00,20.179609717641743,20.433640753516492,19.993055013233043,20.35425567626953,128800,0.0,0.0
2023-04-03 00:00:00-04:00,20.370132850657725,20.46539524551005,19.877948100663183,20.314563751220703,89900,0.0,0.0
2023-04-04 00:00:00-04:00,20.457455648376246,20.703548012089264,20.167701418780656,20.671794891357422,236600,0.0,0.0
2023-04-05 00:00:00-04:00,20.560656952436094,20.73530443099273,20.489210531961916,20.576534271240234,61500,0.0,0.0
2023-04-06 00:00:00-04:00,20.63210130290888,20.72815710364894,20.23517745749514,20.39394760131836,76400,0.0,0.0
2023-04-10 00:00:00-04:00,20.19548570764218,20.767055500767636,20.179608390408173,20.624162673950195,94600,0.0,0.0
2023-04-11 00:00:00-04:00,20.719425727200985,20.822625264240624,20.33044052736795,20.47333335876465,54400,0.0,0.0
2023-04-12 00:00:00-04:00,20.711484162695513,20.711484162695513,20.305828290385673,20.3463134765625,85000,0.0,0.0
2023-04-13 00:00:00-04:00,20.306622494890824,20.37013024528817,20.131976559834165,20.23517608642578,62400,0.0,0.0
2023-04-14 00:00:00-04:00,20.282809930243015,20.49714919166873,19.957332465475577,20.06053352355957,66000,0.0,0.0
2023-04-17 00:00:00-04:00,20.06847218296176,20.18754904570567,19.917640682609093,20.06053352355957,86000,0.0,0.0
2023-04-18 00:00:00-04:00,19.98114939869006,20.108164926906923,19.885886995455145,19.98908805847168,48000,0.0,0.0
2023-04-19 00:00:00-04:00,19.92557661708275,20.11609987424683,19.75886782072402,19.94145393371582,134600,0.0,0.0
2023-04-20 00:00:00-04:00,19.846190218334826,20.139914499789608,19.552465936880044,20.06846809387207,152500,0.0,0.0
2023-04-21 00:00:00-04:00,20.10816079550049,20.29868404868103,19.64772922177812,19.854129791259766,262100,0.0,0.0
2023-04-24 00:00:00-04:00,19.893824007378434,19.893824007378434,19.028529846735335,19.036468505859375,96300,0.0,0.0
2023-04-25 00:00:00-04:00,18.877700409549025,19.155545916171228,18.266437266691284,18.361698150634766,92700,0.0,0.0
2023-04-26 00:00:00-04:00,18.329944876353185,18.61176046740216,17.9330209968551,17.948898315429688,83300,0.0,0.0
2023-04-27 00:00:00-04:00,17.980649813332686,18.107665322160784,17.61944917620073,18.083850860595703,93900,0.0,0.0
2023-04-28 00:00:00-04:00,17.980651586571934,18.528406968752538,17.980651586571934,18.361698150634766,59600,0.0,0.0
2023-05-01 00:00:00-04:00,18.369634480833447,18.64748146637085,18.210865856343688,18.32994270324707,56800,0.0,0.0
2023-05-02 00:00:00-04:00,18.234680136326023,18.34581983792489,17.702802145566523,18.004465103149414,58500,0.0,0.0
2023-05-03 00:00:00-04:00,18.012405943635304,18.39186416426388,18.012405943635304,18.139421463012695,68300,0.0,0.0
2023-05-04 00:00:00-04:00,17.94889722211699,18.06797407588426,17.655172902956345,17.782188415527344,52500,0.0,0.0
2023-05-05 00:00:00-04:00,18.02828028081334,18.385512346331087,17.980649843459076,18.31406593322754,63700,0.0,0.0
2023-05-08 00:00:00-04:00,18.345818982547623,18.504587598059572,17.7107399780673,17.829816818237305,46500,0.0,0.0
2023-05-09 00:00:00-04:00,17.71074294950568,18.258498323160946,17.647235189816982,18.139421463012695,50800,0.0,0.0
2023-05-10 00:00:00-04:00,18.385515092719526,18.42520687741977,18.004468508676887,18.06003761291504,65000,0.0,0.0
2023-05-11 00:00:00-04:00,17.853634565348063,18.179112000743356,17.742496372035813,17.933019638061523,61500,0.0,0.0
2023-05-12 00:00:00-04:00,17.956836131213276,17.956836131213276,17.31381838644747,17.401142120361328,123000,0.0,0.0
2023-05-15 00:00:00-04:00,17.440834026375708,17.55753064769865,17.17092567792058,17.21061897277832,44600,0.0,0.0
2023-05-16 00:00:00-04:00,17.147111761556097,17.21061952120783,16.82957296329744,17.19474220275879,72900,0.0,0.0
2023-05-17 00:00:00-04:00,17.139175646517476,17.63136047834354,17.139175646517476,17.504344940185547,153400,0.0,0.0
2023-05-18 00:00:00-04:00,17.520216369056055,18.0759102972295,17.470997599596473,18.028278350830078,90800,0.0,0.0
2023-05-19 00:00:00-04:00,18.218804595434182,18.218804595434182,17.79806478609033,17.853633880615234,100100,0.0,0.0
2023-05-22 00:00:00-04:00,17.790128966814724,18.194991524007495,17.790128966814724,18.067975997924805,68500,0.0,0.0
2023-05-23 00:00:00-04:00,18.099726848129997,18.639543523225353,18.075912386322113,18.49665069580078,88200,0.0,0.0
2023-05-24 00:00:00-04:00,18.4648981064411,18.607790937975647,17.956836051335483,18.393451690673828,95300,0.0,0.0
2023-05-25 00:00:00-04:00,18.171172808596133,18.56015798791367,17.786157715577094,18.036218643188477,55900,0.0,0.0
2023-05-26 00:00:00-04:00,17.99652742047422,18.18705068678652,17.925081006339067,18.16323471069336,39100,0.0,0.0
2023-05-30 00:00:00-04:00,18.202930972312895,18.64748533286301,18.131484546527844,18.47283935546875,63700,0.0,0.0
2023-05-31 00:00:00-04:00,18.449020376560313,18.576035887499387,18.060035185041357,18.306127548217773,185900,0.0,0.0
2023-06-01 00:00:00-04:00,18.24261843198642,18.441080342293002,18.155296221069587,18.3458194732666,45600,0.0,0.0
2023-06-02 00:00:00-04:00,18.615730156831827,19.099976249866774,18.540313652284247,18.80625343322754,96900,0.0,0.0
2023-06-05 00:00:00-04:00,18.639542316200505,18.941205268816585,18.59191188152478,18.71892738342285,38400,0.0,0.0
2023-06-06 00:00:00-04:00,18.71893170708497,19.401641323086196,18.52046975026085,19.131732940673828,73900,0.0,0.0
2023-06-07 00:00:00-04:00,19.30637630396086,19.453237708168672,18.996776177754022,19.052345275878906,208700,0.0,0.0
2023-06-08 00:00:00-04:00,19.06028296120829,19.076160278188517,18.8062519461018,18.83800506591797,56400,0.0,0.0
2023-06-09 00:00:00-04:00,18.726867254239107,18.83006678841001,18.385512502979143,18.49665069580078,55300,0.0,0.0
2023-06-12 00:00:00-04:00,18.464897693963778,18.67923693647759,18.2823130862569,18.306127548217773,61600,0.0,0.0
2023-06-13 00:00:00-04:00,18.132628609132233,18.60874138052201,18.132628609132233,18.519975662231445,54500,0.375,0.0
2023-06-14 00:00:00-04:00,18.503836596573876,18.955739713628244,18.366651529357014,18.66522979736328,62100,0.0,0.0
2023-06-15 00:00:00-04:00,18.58453245260124,18.988017730467035,18.503835089193245,18.963808059692383,46600,0.0,0.0
2023-06-16 00:00:00-04:00,19.197832006471014,19.230110031266683,18.826624716687714,19.189762115478516,222500,0.0,0.0
2023-06-20 00:00:00-04:00,19.16555328414986,19.16555328414986,18.415070319807874,18.50383758544922,59600,0.0,0.0
2023-06-21 00:00:00-04:00,18.398928362001573,18.487695617148894,18.156837806912428,18.21332550048828,53500,0.0,0.0
2023-06-22 00:00:00-04:00,18.19718822320591,18.19718822320591,17.84212223211636,18.019655227661133,95400,0.0,0.0
2023-06-23 00:00:00-04:00,17.73721646688467,18.011586641171384,17.349870881717973,17.366010665893555,662800,0.0,0.0
2023-06-26 00:00:00-04:00,17.325657752192466,17.906677553311134,17.325657752192466,17.721073150634766,86100,0.0,0.0
2023-06-27 00:00:00-04:00,17.777561736489805,18.019652285355594,17.688794483624402,17.850189208984375,74300,0.0,0.0
2023-06-28 00:00:00-04:00,17.858258376866225,17.858258376866225,17.478982755847923,17.70493507385254,48100,0.0,0.0
2023-06-29 00:00:00-04:00,17.696864096218114,18.13262738517602,17.696864096218114,18.124557495117188,99000,0.0,0.0
2023-06-30 00:00:00-04:00,18.269814224648744,18.269814224648744,17.70493571785168,17.785633087158203,121100,0.0,0.0
2023-07-03 00:00:00-04:00,17.616169828316888,18.28595542907715,17.616169828316888,18.28595542907715,41500,0.0,0.0
2023-07-05 00:00:00-04:00,18.108424179934055,18.30209697650546,17.947029413203932,17.97123908996582,53100,0.0,0.0
2023-07-06 00:00:00-04:00,17.737212485047525,17.769492046152227,17.19654214993729,17.65651512145996,79800,0.0,0.0
2023-07-07 00:00:00-04:00,17.656517079175284,18.164909448724423,17.61616916249491,17.93088722229004,105600,0.0,0.0
2023-07-10 00:00:00-04:00,17.866325686447947,18.189115105302676,17.850187446844426,17.890535354614258,56500,0.0,0.0
2023-07-11 00:00:00-04:00,17.93088660206512,18.16490882040473,17.825981098820183,18.092281341552734,36000,0.0,0.0
2023-07-12 00:00:00-04:00,18.35858148157668,18.35858148157668,18.019653761888293,18.084211349487305,73400,0.0,0.0
2023-07-13 00:00:00-04:00,18.132629495598607,18.18911873258511,18.039828057882275,18.14069938659668,23000,0.0,0.0
2023-07-14 00:00:00-04:00,18.01965386270074,18.172978711296544,17.866329014104934,18.092281341552734,30600,0.0,0.0
2023-07-17 00:00:00-04:00,18.09228398068829,18.32630469399038,18.09228398068829,18.18105125427246,40300,0.0,0.0
2023-07-18 00:00:00-04:00,18.229465725300756,18.342441115204277,18.140698467991275,18.277883529663086,33000,0.0,0.0
2023-07-19 00:00:00-04:00,18.3747201273782,18.39892825924739,18.172977486205863,18.20525550842285,32900,0.0,0.0
2023-07-20 00:00:00-04:00,18.181049979374148,18.390862540931295,17.94702774330772,18.019655227661133,52200,0.0,0.0
2023-07-21 00:00:00-04:00,18.13262915539299,18.22139641553199,18.043863434428285,18.084211349487305,50000,0.0,0.0
2023-07-24 00:00:00-04:00,18.132627140548845,18.23349845616217,18.01965175959764,18.076139450073242,53300,0.0,0.0
2023-07-25 00:00:00-04:00,18.01158614325148,18.24157267428477,17.817913356022103,17.84212303161621,39000,0.0,0.0
2023-07-26 00:00:00-04:00,17.77756589774048,18.011586611198815,17.63231091875105,17.9389591217041,47300,0.0,0.0
2023-07-27 00:00:00-04:00,18.02772237829308,18.05354510367233,17.608097318977098,17.65651512145996,38400,0.0,0.0
2023-07-28 00:00:00-04:00,17.785631024937476,17.809839155500523,17.53546905517578,17.53546905517578,34700,0.0,0.0
2023-07-31 00:00:00-04:00,17.559681039809888,17.745283914740543,17.414426080586132,17.567750930786133,55600,0.0,0.0
2023-08-01 00:00:00-04:00,17.624238384841355,17.874398844949898,17.454773755031223,17.81791114807129,49100,0.0,0.0
2023-08-02 00:00:00-04:00,17.68879472388027,17.922815385739202,17.54918854620732,17.89860725402832,28400,0.0,0.0
2023-08-03 00:00:00-04:00,17.898609096022405,17.97123657697772,17.591959389950112,17.92281723022461,43100,0.0,0.0
2023-08-04 00:00:00-04:00,17.89861130022814,18.156841691348276,17.834053702448106,17.94702911376953,53000,0.0,0.0
2023-08-07 00:00:00-04:00,18.019655629191195,18.100353006845875,17.930888359853604,18.05193519592285,37400,0.0,0.0
2023-08-08 00:00:00-04:00,17.82598138785668,17.82598138785668,17.446705744837676,17.575820922851562,40500,0.0,0.0
2023-08-09 00:00:00-04:00,17.519331383122125,17.63230831631384,17.487053358763283,17.551610946655273,46200,0.0,0.0
2023-08-10 00:00:00-04:00,18.455413110344356,18.560318581612634,17.83404555364517,18.108415603637695,105600,0.0,0.0
2023-08-11 00:00:00-04:00,18.076143230269242,18.076143230269242,17.753355260637985,17.801773071289062,52600,0.0,0.0
2023-08-14 00:00:00-04:00,17.729143041114106,17.769492493510807,17.60809776227246,17.721073150634766,41700,0.0,0.0
2023-08-15 00:00:00-04:00,17.6161681920935,17.6161681920935,17.406355650729658,17.4951229095459,39400,0.0,0.0
2023-08-16 00:00:00-04:00,17.454775458522953,17.60003042991508,17.228824648956934,17.2611026763916,40500,0.0,0.0
2023-08-17 00:00:00-04:00,17.333730061204854,17.49915899117765,17.19654498226343,17.253032684326172,39100,0.0,0.0
2023-08-18 00:00:00-04:00,17.067428169442028,17.57582051793682,17.067428169442028,17.543540954589844,31700,0.0,0.0
2023-08-21 00:00:00-04:00,17.446707106045125,17.583892185784972,17.244964432261494,17.2611026763916,24800,0.0,0.0
2023-08-22 00:00:00-04:00,17.39021580315187,17.454773389543405,17.115845676194294,17.220752716064453,29300,0.0,0.0
2023-08-23 00:00:00-04:00,17.454775124173864,17.535472499976432,17.374079287545715,17.446706771850586,30500,0.0,0.0
2023-08-24 00:00:00-04:00,17.422494926424385,17.559679986442458,17.422494926424385,17.45477294921875,39500,0.0,0.0
2023-08-25 00:00:00-04:00,17.559681325689294,17.559681325689294,17.30952085805028,17.349868774414062,41100,0.0,0.0
2023-08-28 00:00:00-04:00,17.33373224746335,17.559684623387554,17.11584976416229,17.244966506958008,39700,0.0,0.0
2023-08-29 00:00:00-04:00,17.253027971229418,17.446702238501054,17.115842929763524,17.390213012695312,74000,0.0,0.0
2023-08-30 00:00:00-04:00,17.430564778780155,17.470912691978395,17.349867413209452,17.422494888305664,75100,0.0,0.0
2023-08-31 00:00:00-04:00,17.470915241827512,17.48705502513207,17.188475190695538,17.2611026763916,53300,0.0,0.0
2023-09-01 00:00:00-04:00,17.277237639431878,17.45477058872785,17.18847039519688,17.390213012695312,64700,0.0,0.0
2023-09-05 00:00:00-04:00,17.325660270435385,17.430567322740565,17.18040683821771,17.2611026763916,56300,0.0,0.0
2023-09-06 00:00:00-04:00,17.188472365013894,17.220751926316446,17.075496978803358,17.099706649780273,42000,0.0,0.0
2023-09-07 00:00:00-04:00,17.14812472163605,17.14812472163605,16.825336799416572,16.881824493408203,90700,0.0,0.0
2023-09-08 00:00:00-04:00,16.82534030622788,17.438638255858258,16.82534030622788,17.374080657958984,57400,0.0,0.0
2023-09-11 00:00:00-04:00,17.37407593568227,17.648446036973983,17.102126955290217,17.511260986328125,93800,0.0,0.0
2023-09-12 00:00:00-04:00,17.478984933269256,17.708971455614293,17.341799855100778,17.4870548248291,33700,0.0,0.0
2023-09-13 00:00:00-04:00,17.43056435350314,17.470912265716954,16.897963908574987,17.091636657714844,55400,0.0,0.0
2023-09-14 00:00:00-04:00,17.169681987181125,17.794034258868088,17.169681987181125,17.736528396606445,83900,0.375,0.0
2023-09-15 00:00:00-04:00,17.72830875187698,17.999408870331106,17.391487440067817,17.45720863342285,683400,0.0,0.0
2023-09-18 00:00:00-04:00,17.25183316115489,17.465427474037345,16.997163681798458,17.07110023498535,124400,0.0,0.0
2023-09-19 00:00:00-04:00,16.95608623566039,17.835107923358162,16.95608623566039,17.695451736450195,82100,0.0,0.0
2023-09-20 00:00:00-04:00,17.744744854719507,17.85975658644425,17.42435256833049,17.465429306030273,43000,0.0,0.0
2023-09-21 00:00:00-04:00,17.399709489215265,17.498290533772703,17.177899788584856,17.292911529541016,44700,0.0,0.0
2023-09-22 00:00:00-04:00,17.260049404146894,17.432566992597035,17.21075888843503,17.301124572753906,99400,0.0,0.0
2023-09-25 00:00:00-04:00,17.18611275352541,17.416137770456803,17.147500779034612,17.37506103515625,40800,0.0,0.0
2023-09-26 00:00:00-04:00,17.366847202980942,17.457214461607528,17.095746994018555,17.095746994018555,45700,0.0,0.0
2023-09-27 00:00:00-04:00,17.120392639751945,17.24361971970628,16.97251951703981,17.103961944580078,40600,0.0,0.0
2023-09-28 00:00:00-04:00,17.079315703956066,17.407921738852302,16.972517763291556,17.28469467163086,34800,0.0,0.0
2023-09-29 00:00:00-04:00,17.366845478453687,17.44078203418493,16.972518225831877,17.235403060913086,73000,0.0,0.0
2023-10-02 00:00:00-04:00,17.095745595884356,17.416137865304577,17.071101121487047,17.301124572753906,91700,0.0,0.0
2023-10-03 00:00:00-04:00,17.268261799643074,17.59686779308333,17.169679218152506,17.572221755981445,64300,0.0,0.0
2023-10-04 00:00:00-04:00,17.498289108276367,17.646162229983506,17.383277376689627,17.498289108276367,43500,0.0,0.0
2023-10-05 00:00:00-04:00,17.506503982454305,17.711882964401642,17.342201737046803,17.54758071899414,75800,0.0,0.0
2023-10-06 00:00:00-04:00,17.522932551930978,17.662590305394502,17.25183239131556,17.407920837402344,50600,0.0,0.0
2023-10-09 00:00:00-04:00,17.333986858426353,17.588656364190133,17.243619602512588,17.498289108276367,40200,0.0,0.0
2023-10-10 00:00:00-04:00,17.481856763431004,17.621514511910693,17.276477813720703,17.276477813720703,53300,0.0,0.0
2023-10-11 00:00:00-04:00,17.243616443754853,17.457210739658365,16.873935274124076,16.9478702545166,75100,0.0,0.0
2023-10-12 00:00:00-04:00,16.882151271909958,17.416137865304577,16.800000934695934,17.301124572753906,75000,0.0,0.0
2023-10-13 00:00:00-04:00,17.301125987684525,17.358631855204216,16.98073525897917,17.095746994018555,35700,0.0,0.0
2023-10-16 00:00:00-04:00,17.30933842405002,17.407921013871846,17.071099646266017,17.260047912597656,54800,0.0,0.0
2023-10-17 00:00:00-04:00,17.013590262803568,17.416134355225594,17.013590262803568,17.333982467651367,88600,0.0,0.0
2023-10-18 00:00:00-04:00,17.218970391591508,17.440780033338722,17.153249190360896,17.276477813720703,53000,0.0,0.0
2023-10-19 00:00:00-04:00,17.153249204394935,17.153249204394935,16.808212505922654,16.9478702545166,53300,0.0,0.0
2023-10-20 00:00:00-04:00,17.005381228371295,17.038241052417945,16.832862059644945,16.849292755126953,63200,0.0,0.0
2023-10-23 00:00:00-04:00,16.78357031904132,16.849291529270495,16.561760646923897,16.619266510009766,58800,0.0,0.0
2023-10-24 00:00:00-04:00,16.701419236121733,16.89858287650836,16.701419236121733,16.857507705688477,34100,0.0,0.0
2023-10-25 00:00:00-04:00,16.734279727203162,16.800000937134268,16.561760571810737,16.660343170166016,40000,0.0,0.0
2023-10-26 00:00:00-04:00,16.808214717323068,16.8328607586412,16.417995914748087,16.660343170166016,64600,0.0,0.0
2023-10-27 00:00:00-04:00,16.59462406728413,16.59462406728413,16.348168323561627,16.51247215270996,48600,0.0,0.0
2023-10-30 00:00:00-04:00,16.660340064642202,16.750705732129838,16.496036286982402,16.717845916748047,65300,0.0,0.0
2023-10-31 00:00:00-04:00,16.82464460774168,17.0300235748291,16.734278927726884,17.0300235748291,70500,0.0,0.0
2023-11-01 00:00:00-04:00,17.12039182608452,17.227188205791364,16.997164751986706,17.15325164794922,55800,0.0,0.0
2023-11-02 00:00:00-04:00,17.30112179221784,17.424348845151783,17.26004663021219,17.391489028930664,66600,0.0,0.0
2023-11-03 00:00:00-04:00,17.695453135091935,17.991197791866306,17.539364676263908,17.81046485900879,75700,0.0,0.0
2023-11-06 00:00:00-05:00,17.785814845300997,17.843320694414526,17.473639564291762,17.596866607666016,46400,0.0,0.0
2023-11-07 00:00:00-05:00,17.62151725773318,17.637946385413077,17.333986369951674,17.580440521240234,50800,0.0,0.0
2023-11-08 00:00:00-05:00,17.637943267822266,17.646158613668753,17.470355226688326,17.637943267822266,37000,0.0,0.0
2023-11-09 00:00:00-05:00,17.794031389147488,17.950119823625474,17.440779358605344,17.572221755981445,44700,0.0,0.0
2023-11-10 00:00:00-05:00,17.752956226417712,18.048700837036407,17.218969724330094,17.900829315185547,52900,0.0,0.0
2023-11-13 00:00:00-05:00,17.74474286138583,18.286943202776975,17.687237001983306,18.180145263671875,53500,0.0,0.0
2023-11-14 00:00:00-05:00,18.484108673601305,18.87022060180408,18.484108673601305,18.829145431518555,95500,0.0,0.0
2023-11-15 00:00:00-05:00,18.82914379786158,18.89486500476669,18.58268966369671,18.60733413696289,50900,0.0,0.0
2023-11-16 00:00:00-05:00,18.640195939436502,18.71413249471773,18.447139204322493,18.566259384155273,62000,0.0,0.0
2023-11-17 00:00:00-05:00,18.689483315108117,18.738773821378253,18.574471611505487,18.6566219329834,58700,0.0,0.0
2023-11-20 00:00:00-05:00,18.755207061767578,18.830787310777612,18.668948272340764,18.755207061767578,40800,0.0,0.0
2023-11-21 00:00:00-05:00,18.689488052970844,18.96880360417083,18.54983027737085,18.82093048095703,51100,0.0,0.0
2023-11-22 00:00:00-05:00,18.960588773443867,19.071493618877604,18.80450029836112,18.993450164794922,57100,0.0,0.0
2023-11-24 00:00:00-05:00,18.99344782490329,19.108459546628385,18.845574715875486,19.0673828125,75500,0.0,0.0
2023-11-27 00:00:00-05:00,19.108458372947826,19.157748883957172,18.968800619323762,19.059167861938477,40700,0.0,0.0
2023-11-28 00:00:00-05:00,19.00166130065918,19.182395794096742,18.91622357534034,19.00166130065918,33900,0.0,0.0
2023-11-29 00:00:00-05:00,19.141318878847706,19.31383802395274,18.968801300659827,19.149534225463867,38500,0.0,0.0
2023-11-30 00:00:00-05:00,19.289191408088417,19.40420469036295,19.174179692730984,19.305622100830078,91100,0.0,0.0
2023-12-01 00:00:00-05:00,19.346695273783954,19.51099905044925,19.23989891579337,19.37955665588379,138800,0.0,0.0
2023-12-04 00:00:00-05:00,19.395989779298016,19.720487350184506,19.33437546359252,19.584938049316406,100700,0.0,0.0
2023-12-05 00:00:00-05:00,19.593151473882877,19.708163180539458,19.559469026385738,19.617795944213867,98900,0.0,0.0
2023-12-06 00:00:00-05:00,19.70816498464121,19.70816498464121,19.346697573166804,19.3713436126709,93700,0.0,0.0
2023-12-07 00:00:00-05:00,19.33848357482022,19.474032873266548,19.096136339981406,19.231685638427734,74400,0.0,0.0
2023-12-08 00:00:00-05:00,19.182398139575902,19.469929041360544,19.009878971738175,19.248119354248047,71100,0.0,0.0
2023-12-11 00:00:00-05:00,19.26898510400729,19.594587030114273,19.26898510400729,19.45265769958496,57000,0.375,0.0
2023-12-12 00:00:00-05:00,19.519453872738893,19.619639968982938,19.051922472542625,19.511106491088867,49400,0.0,0.0
2023-12-13 00:00:00-05:00,19.57789562684886,20.170658420824203,19.511105430451583,19.961938858032227,228400,0.0,0.0
2023-12-14 00:00:00-05:00,20.262493490739693,20.446166114173312,19.87844870595556,20.078819274902344,142200,0.0,0.0
2023-12-15 00:00:00-05:00,20.220747887323345,20.22909685977454,19.799135129161918,19.886796951293945,350600,0.0,0.0
2023-12-18 00:00:00-05:00,19.828358205057977,20.028728791620622,19.811660258076788,19.820009231567383,118400,0.0,0.0
2023-12-19 00:00:00-05:00,19.811657235490383,20.15813241667227,19.811657235490383,19.95358657836914,91400,0.0,0.0
2023-12-20 00:00:00-05:00,19.8700996647998,20.43781707106329,19.803309475380782,20.053773880004883,139400,0.0,0.0
2023-12-21 00:00:00-05:00,20.17900494647727,20.320934295654297,20.14394021705275,20.320934295654297,67400,0.0,0.0
2023-12-22 00:00:00-05:00,20.396073841967215,20.521305248336137,20.21239962638265,20.34598159790039,100400,0.0,0.0
2023-12-26 00:00:00-05:00,20.37937512529477,20.725850315288234,20.37937512529477,20.646535873413086,62000,0.0,0.0
2023-12-27 00:00:00-05:00,20.679929899998182,20.738371109333418,20.528817175173202,20.588092803955078,60100,0.0,0.0
2023-12-28 00:00:00-05:00,20.5046074124958,20.77176817215249,20.5046074124958,20.66323471069336,56800,0.0,0.0
2023-12-29 00:00:00-05:00,20.70497497326714,20.771765153474966,20.321766254609628,20.38772201538086,72000,0.0,0.0
2024-01-02 00:00:00-05:00,20.32093368841298,20.82186088185724,20.32093368841298,20.79681396484375,82300,0.0,0.0
2024-01-03 00:00:00-05:00,20.80516265360424,20.955440968829567,20.57139620854221,20.654884338378906,81300,0.0,0.0
2024-01-04 00:00:00-05:00,20.6214892473043,20.79263919029319,20.429466078357798,20.521303176879883,83400,0.0,0.0
2024-01-05 00:00:00-05:00,20.37937661853917,20.738374497279143,20.37937661853917,20.53800392150879,88400,0.0,0.0
2024-01-08 00:00:00-05:00,20.596445115056582,21.02640687550969,20.596445115056582,20.888652801513672,105400,0.0,0.0
2024-01-09 00:00:00-05:00,20.67993414240028,21.022234089359674,20.67993414240028,20.98883819580078,84500,0.0,0.0
2024-01-10 00:00:00-05:00,20.922046482481043,21.038930509049408,20.805164048316417,21.013883590698242,62400,0.0,0.0
2024-01-11 00:00:00-05:00,20.955438732011086,21.07232114586406,20.689112438385983,20.922042846679688,69200,0.0,0.0
2024-01-12 00:00:00-05:00,21.10572165163105,21.10572165163105,20.86360620718521,20.97214126586914,82400,0.0,0.0
2024-01-16 00:00:00-05:00,20.87195515320622,20.87195515320622,20.462865023291833,20.679933547973633,74400,0.0,0.0
2024-01-17 00:00:00-05:00,20.437819234970092,20.738375915379734,20.42947026135828,20.629840850830078,65100,0.0,0.0
2024-01-18 00:00:00-05:00,20.60479079470772,20.688278919265912,20.43781454559134,20.529651641845703,48600,0.0,0.0
2024-01-19 00:00:00-05:00,20.629838930011612,20.663234821349405,20.304236951486818,20.54635238647461,41900,0.0,0.0
2024-01-22 00:00:00-05:00,20.61314008076545,20.61314008076545,20.145607213070868,20.26249122619629,70200,0.0,0.0
2024-01-23 00:00:00-05:00,20.412770423505414,20.429466775476243,19.594588665597144,19.92854118347168,91400,0.0,0.0
2024-01-24 00:00:00-05:00,20.137262880092877,20.137262880092877,19.769916026303086,19.77826499938965,65800,0.0,0.0
2024-01-25 00:00:00-05:00,20.003680886620746,20.33763344019277,19.90349639447217,20.212400436401367,74500,0.0,0.0
2024-01-26 00:00:00-05:00,20.33763574530128,20.467040861693874,19.911847624400682,19.945241928100586,84500,0.0,0.0
2024-01-29 00:00:00-05:00,19.92019182527647,20.0036783607237,19.586239313873172,19.903493881225586,51200,0.0,0.0
2024-01-30 00:00:00-05:00,19.778265956518283,19.995334490062117,19.778265956518283,19.820009231567383,33400,0.0,0.0
2024-01-31 00:00:00-05:00,19.861752660056908,20.137262395670636,19.502754787989737,19.519451141357422,90900,0.0,0.0
2024-02-01 00:00:00-05:00,19.519448464465913,19.995330299267106,19.394217073161823,19.73651695251465,530000,0.0,0.0
2024-02-02 00:00:00-05:00,19.561197859637694,19.936892120677804,19.561197859637694,19.7866153717041,183800,0.0,0.0
2024-02-05 00:00:00-05:00,19.552849067258318,19.744870686397316,19.35247847436494,19.402570724487305,205100,0.0,0.0
2024-02-06 00:00:00-05:00,19.335779397448018,19.828357673357413,19.335779397448018,19.536149978637695,74900,0.0,0.0
2024-02-07 00:00:00-05:00,19.502753492726534,19.661379189808915,19.369173120234183,19.39421844482422,97600,0.0,0.0
2024-02-08 00:00:00-05:00,19.41091710480162,19.703124777548194,19.41091710480162,19.50275421142578,74000,0.0,0.0
2024-02-09 00:00:00-05:00,19.60293940367734,20.062123360917717,19.47770799439497,20.045425415039062,117000,0.0,0.0
2024-02-12 00:00:00-05:00,19.98698073412548,20.43781404791595,19.860913334707707,20.128910064697266,164500,0.0,0.0
2024-02-13 00:00:00-05:00,19.83670436588961,19.83670436588961,18.847374237388077,19.10201072692871,142300,0.0,0.0
2024-02-14 00:00:00-05:00,19.185501607170316,19.38587219403848,19.118711411547597,19.177152633666992,92600,0.0,0.0
2024-02-15 00:00:00-05:00,19.30238293800743,19.82000648342215,19.30238293800743,19.7448673248291,103600,0.0,0.0
2024-02-16 00:00:00-05:00,19.569547717062903,19.970288917231134,19.46936162081886,19.511106491088867,118900,0.0,0.0
2024-02-20 00:00:00-05:00,19.369171750343128,19.845051992740785,19.369171750343128,19.73651695251465,122600,0.0,0.0
2024-02-21 00:00:00-05:00,19.736522354663272,19.953590902126553,19.590419290218737,19.945241928100586,161200,0.0,0.0
2024-02-22 00:00:00-05:00,19.870098397961492,20.329282314294744,19.75154713303417,20.012027740478516,315000,0.0,0.0
2024-02-23 00:00:00-05:00,19.96193684111765,20.429468168660147,19.870099733198977,20.078819274902344,160500,0.0,0.0
2024-02-26 00:00:00-05:00,19.986985516571522,20.212401431202082,19.7949623110956,19.820009231567383,115900,0.0,0.0
2024-02-27 00:00:00-05:00,19.936892504550727,20.0504372748206,19.23976990934226,19.602941513061523,375200,0.0,0.0
2024-02-28 00:00:00-05:00,19.527800947216083,19.820008641065588,19.435965426363364,19.59459114074707,306100,0.0,0.0
2024-02-29 00:00:00-05:00,19.8283571259779,19.8283571259779,19.22724539900309,19.252290725708008,380100,0.0,0.0
2024-03-01 00:00:00-05:00,19.227246162294964,19.344128604634726,19.00683836108064,19.302385330200195,117400,0.0,0.0
2024-03-04 00:00:00-05:00,19.235591501552644,19.33577597822957,19.043568335182037,19.21054458618164,109500,0.0,0.0
2024-03-05 00:00:00-05:00,19.210546211859846,19.61128733728706,18.993477704152518,19.419265747070312,134800,0.0,0.0
2024-03-06 00:00:00-05:00,19.53614934583403,19.73651992053342,19.480212978403106,19.57789421081543,99400,0.0,0.0
2024-03-07 00:00:00-05:00,19.627984328918963,19.627984328918963,19.327427703245217,19.461008071899414,75100,0.0,0.0
2024-03-08 00:00:00-05:00,19.54449958121404,19.69477792004604,19.331606329471292,19.410919189453125,83800,0.0,0.0
2024-03-11 00:00:00-04:00,19.360822893600574,19.369171865390907,19.076964222343374,19.21054458618164,86500,0.0,0.0
2024-03-12 00:00:00-04:00,19.152107101991287,19.152107101991287,18.868248375510916,18.976781845092773,86800,0.0,0.0
2024-03-13 00:00:00-04:00,18.976779482447643,19.05191864142006,18.768059950280634,18.926687240600586,141300,0.0,0.0
2024-03-14 00:00:00-04:00,18.83320036311474,18.892691260545202,18.569739979777545,18.731216430664062,121700,0.4,0.0
2024-03-15 00:00:00-04:00,18.58673699004232,18.80770270722331,18.56633988028625,18.697219848632812,245400,0.0,0.0
2024-03-18 00:00:00-04:00,18.646229201990543,19.03292166588276,18.637730270574675,18.9351863861084,82000,0.0,0.0
2024-03-19 00:00:00-04:00,18.96068375999545,19.181651139438042,18.943687516196487,19.045671463012695,80700,0.0,0.0
2024-03-20 00:00:00-04:00,18.935187980770916,19.368623793450315,18.935187980770916,19.28363609313965,115600,0.0,0.0
2024-03-21 00:00:00-04:00,19.283635567542884,19.411116304031477,18.98617943506582,19.088163375854492,88100,0.0,0.0
2024-03-22 00:00:00-04:00,19.156156229582756,19.156156229582756,18.756714506149578,18.782211303710938,51300,0.0,0.0
2024-03-25 00:00:00-04:00,18.884194084502887,19.105161453357344,18.884194084502887,19.096662521362305,87300,0.0,0.0
2024-03-26 00:00:00-04:00,19.096659123332746,19.139153775746514,18.799204661462568,18.841697692871094,93800,0.0,0.0
2024-03-27 00:00:00-04:00,18.97768060007144,19.419615335093688,18.97768060007144,19.266637802124023,146000,0.0,0.0
2024-03-28 00:00:00-04:00,19.360124881751776,19.54709652582813,19.300632356767633,19.47060775756836,119900,0.0,0.0
2024-04-01 00:00:00-04:00,19.51310206066821,19.51310206066821,19.21564752151617,19.258140563964844,100200,0.0,0.0
2024-04-02 00:00:00-04:00,19.215647794750662,19.401770046611908,18.952185740604502,18.994680404663086,110200,0.0,0.0
2024-04-03 00:00:00-04:00,18.909692049506486,19.041423072065072,18.76521343867003,18.782211303710938,108300,0.0,0.0
2024-04-04 00:00:00-04:00,18.9266918295921,19.06267152166683,18.858701983554738,18.96918487548828,116900,0.0,0.0
2024-04-05 00:00:00-04:00,18.95217848897012,19.12640249243311,18.87568974393709,19.02016830444336,47800,0.0,0.0
2024-04-08 00:00:00-04:00,19.07116624288102,19.224143767929053,19.03717051686793,19.21564483642578,72400,0.0,0.0
2024-04-09 00:00:00-04:00,19.24114157245805,19.415365629909875,19.15615549253468,19.30063247680664,82400,0.0,0.0
2024-04-10 00:00:00-04:00,19.020175785280486,19.079668315598045,18.535747956877408,18.739717483520508,121900,0.0,0.0
2024-04-11 00:00:00-04:00,18.790708059951715,19.054168453550123,18.55274283995627,18.85869789123535,84700,0.0,0.0
2024-04-12 00:00:00-04:00,18.858698272109812,18.87994479087653,18.561242146359376,18.612234115600586,71500,0.0,0.0
2024-04-15 00:00:00-04:00,18.65472896027031,18.697221998227725,18.212794233089067,18.433761596679688,92300,0.0,0.0
2024-04-16 00:00:00-04:00,18.26378821586613,18.26378821586613,18.042820827920572,18.07681655883789,65500,0.0,0.0
2024-04-17 00:00:00-04:00,18.17624763412563,18.229791063484818,17.847347259521484,17.847347259521484,54500,0.0,0.0
2024-04-18 00:00:00-04:00,17.86434928868714,18.15330653663019,17.82185462222153,18.136308670043945,84300,0.0,0.0
2024-04-19 00:00:00-04:00,18.110807101107312,18.658975996622917,18.110807101107312,18.54424285888672,83700,0.0,0.0
2024-04-22 00:00:00-04:00,18.629231141813502,18.773709732341924,18.531495863074483,18.654727935791016,55800,0.0,0.0
2024-04-23 00:00:00-04:00,18.697220971414797,18.769459456176307,18.603734347835992,18.654727935791016,39600,0.0,0.0
2024-04-24 00:00:00-04:00,18.501752213327322,18.603736157145022,18.44226130926607,18.476255416870117,58600,0.0,0.0
2024-04-25 00:00:00-04:00,18.43376335577377,18.544246237609478,18.280785810919987,18.34027671813965,63200,0.0,0.0
2024-04-26 00:00:00-04:00,18.399764224400776,18.705719257556513,18.399764224400776,18.629230499267578,63900,0.0,0.0
2024-04-29 00:00:00-04:00,18.64623044943764,18.909690856933594,18.64623044943764,18.909690856933594,76300,0.0,0.0
2024-04-30 00:00:00-04:00,18.88419465211788,18.936887059467626,18.467756697876933,18.48475456237793,88900,0.0,0.0
2024-05-01 00:00:00-04:00,18.578238762950487,18.69382130860947,17.957829757963218,18.09381103515625,137900,0.0,0.0
2024-05-02 00:00:00-04:00,18.212795759574362,18.43376314168512,18.11081019052108,18.331777572631836,86700,0.0,0.0
2024-05-03 00:00:00-04:00,18.45925691220425,18.56124247348958,18.289283138069372,18.45075798034668,72200,0.0,0.0
2024-05-06 00:00:00-04:00,18.48475647109862,18.58249177056305,18.255290139657397,18.29778480529785,35600,0.0,0.0
2024-05-07 00:00:00-04:00,18.416763091652818,18.586738479573338,18.382767365666542,18.40826416015625,75100,0.0,0.0
2024-05-08 00:00:00-04:00,18.33177669404356,18.654729629729417,18.33177669404356,18.646230697631836,55200,0.0,0.0
2024-05-09 00:00:00-04:00,18.586736262409445,18.85019662335385,18.586736262409445,18.841697692871094,46000,0.0,0.0
2024-05-10 00:00:00-04:00,18.765212313482344,18.901191983644818,18.671725682368567,18.824703216552734,63400,0.0,0.0
2024-05-13 00:00:00-04:00,18.935187036474368,18.935187036474368,18.47625445028704,18.612234115600586,51300,0.0,0.0
2024-05-14 00:00:00-04:00,18.765212231367634,18.799207959262258,18.45925716433813,18.722719192504883,84400,0.0,0.0
2024-05-15 00:00:00-04:00,18.77370930085266,19.020171819615697,18.62073178251439,18.63772964477539,71600,0.0,0.0
2024-05-16 00:00:00-04:00,18.671723912228224,18.816202500704502,18.62158135282178,18.731216430664062,65100,0.0,0.0
2024-05-17 00:00:00-04:00,18.79070827305594,18.973431250641482,18.65472860894653,18.867197036743164,67600,0.0,0.0
2024-05-20 00:00:00-04:00,18.8926903943727,19.045667907040546,18.65472681556077,18.697219848632812,62800,0.0,0.0
2024-05-21 00:00:00-04:00,18.697220847718786,18.841699437291375,18.60798450089597,18.748212814331055,68100,0.0,0.0
2024-05-22 00:00:00-04:00,18.688721395491118,18.790706946878146,18.56973960304404,18.629230499267578,67300,0.0,0.0
2024-05-23 00:00:00-04:00,18.527249085247256,18.607988137585256,18.170302007189928,18.280786514282227,114000,0.0,0.0
2024-05-24 00:00:00-04:00,18.331777785536033,18.544246237609478,18.272286878316372,18.34027671813965,76300,0.0,0.0
2024-05-28 00:00:00-04:00,18.45925866393448,18.493254394590853,18.05131962209194,18.17030143737793,89500,0.0,0.0
2024-05-29 00:00:00-04:00,18.059816871341795,18.30628103260981,18.059816871341795,18.17879867553711,81100,0.0,0.0
2024-05-30 00:00:00-04:00,18.2552898606868,18.56974389759782,18.20429788370324,18.56124496459961,89800,0.0,0.0
2024-05-31 00:00:00-04:00,18.578241786236937,18.96918295614403,18.578241786236937,18.782211303710938,233200,0.0,0.0
2024-06-03 00:00:00-04:00,18.79070756838017,19.287882892696953,18.748212911811173,19.198646545410156,89900,0.0,0.0
2024-06-04 00:00:00-04:00,19.18165173449906,19.589590776430352,19.122160826843118,19.530099868774414,120300,0.0,0.0
2024-06-05 00:00:00-04:00,19.530097478789354,19.691573937670352,19.419614609663697,19.598087310791016,66400,0.0,0.0
2024-06-06 00:00:00-04:00,19.48760392712903,19.644830105543072,19.41961409692252,19.47910499572754,46000,0.0,0.0
2024-06-07 00:00:00-04:00,19.30063004811968,19.381369083294913,19.13915521977994,19.18164825439453,63100,0.0,0.0
2024-06-10 00:00:00-04:00,19.139157822445203,19.33462840186225,19.003178147980684,19.122159957885742,68200,0.0,0.0
2024-06-11 00:00:00-04:00,19.020172281329778,19.190147666055196,18.88419262195161,19.113658905029297,58300,0.0,0.0
2024-06-12 00:00:00-04:00,19.44511098090172,19.4706077773494,18.943686952141825,19.011676788330078,85500,0.0,0.0
2024-06-13 00:00:00-04:00,18.959754943847656,19.150130712814565,18.881873572334236,18.959754943847656,69100,0.4,0.0
2024-06-14 00:00:00-04:00,18.87321837038831,18.95109973557642,18.803990673612045,18.925140380859375,61000,0.0,0.0
2024-06-17 00:00:00-04:00,18.91648824879292,19.054943653590417,18.752071836651407,18.959754943847656,59200,0.0,0.0
2024-06-18 00:00:00-04:00,19.003022091026732,19.383775288538136,18.942448056301462,19.167438507080078,79100,0.0,0.0
2024-06-20 00:00:00-04:00,19.0549425651106,19.461655087155698,19.0549425651106,19.40973472595215,100400,0.0,0.0
2024-06-21 00:00:00-04:00,19.49627021701618,19.807794042032338,19.323200141603877,19.34916114807129,326300,0.0,0.0
2024-06-24 00:00:00-04:00,19.323203879331523,19.80779787349601,19.323203879331523,19.626075744628906,83300,0.0,0.0
2024-06-25 00:00:00-04:00,19.50492247274879,19.62607052644935,19.409733773116386,19.548189163208008,80400,0.0,0.0
2024-06-26 00:00:00-04:00,19.38377276852979,19.67366487626555,19.37511910033426,19.548189163208008,88300,0.0,0.0
2024-06-27 00:00:00-04:00,19.61741928361645,19.738567352294922,19.49627121493798,19.738567352294922,78000,0.0,0.0
2024-06-28 00:00:00-04:00,19.825100908899376,20.33565580367133,19.742893532815884,20.231813430786133,528500,0.0,0.0
2024-07-01 00:00:00-04:00,20.231813959526377,20.32700266628227,19.799140420481155,19.87702178955078,122500,0.0,0.0
2024-07-02 00:00:00-04:00,19.998170925152838,20.37892244014057,19.998170925152838,20.249120712280273,91600,0.0,0.0
2024-07-03 00:00:00-04:00,20.32700011019205,20.47410916098942,20.244792742297594,20.26642608642578,54400,0.0,0.0
2024-07-05 00:00:00-04:00,20.26642938946612,20.292390396962105,19.877022529619452,20.076053619384766,94200,0.0,0.0
2024-07-08 00:00:00-04:00,20.145279042401434,20.456802844505823,20.145279042401434,20.387575149536133,53500,0.0,0.0
2024-07-09 00:00:00-04:00,20.335658123984857,20.335658123984857,20.076054637928703,20.188549041748047,66100,0.0,0.0
2024-07-10 00:00:00-04:00,20.292391326302454,20.61256884748981,20.125378639748238,20.48276710510254,65700,0.0,0.0
2024-07-11 00:00:00-04:00,20.638529213665095,21.42599496355404,20.638529213665095,21.131776809692383,117300,0.0,0.0
2024-07-12 00:00:00-04:00,21.374072074530144,21.65098285711048,21.304844378885058,21.512527465820312,75000,0.0,0.0
2024-07-15 00:00:00-04:00,21.650982882712942,22.118269416240217,21.650982882712942,22.057695388793945,94100,0.0,0.0
2024-07-16 00:00:00-04:00,22.213459085502443,22.70670664538148,22.152885055414636,22.46440887451172,112200,0.0,0.0
2024-07-17 00:00:00-04:00,22.464412024636687,22.801898547551286,22.464412024636687,22.585561752319336,93300,0.0,0.0
2024-07-18 00:00:00-04:00,22.43844842869139,22.827853596269787,22.06634894706962,22.092309951782227,93700,0.0,0.0
2024-07-19 00:00:00-04:00,22.14423417347248,22.41249133355637,22.092313805508862,22.343263626098633,78800,0.0,0.0
2024-07-22 00:00:00-04:00,22.36056993630644,22.585560387817168,22.18749985036937,22.499025344848633,65700,0.0,0.0
2024-07-23 00:00:00-04:00,22.499023409642678,22.74132117901011,22.455756717139234,22.50767707824707,133500,0.0,0.0
2024-07-24 00:00:00-04:00,22.464410299580294,22.654787721097215,22.248073520960983,22.265380859375,66100,0.0,0.0
2024-07-25 00:00:00-04:00,22.334609050044218,22.602867849761278,22.170194283078025,22.19615364074707,87500,0.0,0.0
2024-07-26 00:00:00-04:00,22.412488863828507,22.775934700561663,22.274033464170024,22.706707000732422,67700,0.0,0.0
2024-07-29 00:00:00-04:00,22.706706933304623,22.73699394873257,22.343261097650725,22.45575714111328,91500,0.0,0.0
2024-07-30 00:00:00-04:00,22.568255516343235,22.62017588759297,22.369226051120226,22.412492752075195,103300,0.0,0.0
2024-07-31 00:00:00-04:00,22.429797158768512,22.73699498671524,22.25672707654912,22.29999542236328,130300,0.0,0.0
2024-08-01 00:00:00-04:00,22.308648603688486,22.447104006228855,21.92789542144317,22.10096549987793,105100,0.0,0.0
2024-08-02 00:00:00-04:00,21.772133329755967,22.06635148155148,21.61637058462674,21.711559295654297,89100,0.0,0.0
2024-08-05 00:00:00-04:00,21.192348987136413,21.235617329806026,20.846210498372024,21.11446762084961,102200,0.0,0.0
2024-08-06 00:00:00-04:00,21.0452421845135,21.503876762982962,20.915440443593823,21.348114013671875,68700,0.0,0.0
2024-08-07 00:00:00-04:00,21.33945946223776,21.927895757306537,21.33945946223776,21.460607528686523,98000,0.0,0.0
2024-08-08 00:00:00-04:00,21.650985289968887,21.85866840024089,21.458013252357834,21.702905654907227,53900,0.0,0.0
2024-08-09 00:00:00-04:00,21.815399029475156,21.858667373657227,21.16638872141117,21.858667373657227,94700,0.0,0.0
2024-08-12 00:00:00-04:00,21.95385978642846,22.29134467542751,21.453688206567243,22.152889251708984,86900,0.0,0.0
2024-08-13 00:00:00-04:00,22.343260178890983,22.550943269222014,22.213458453748895,22.30864715576172,82600,0.0,0.0
2024-08-14 00:00:00-04:00,22.429798673050488,22.507680050255285,22.204808211183156,22.343263626098633,41300,0.0,0.0
2024-08-15 00:00:00-04:00,22.611519375062173,22.611519375062173,22.265380859375,22.265380859375,105900,0.0,0.0
2024-08-16 00:00:00-04:00,22.334607965089077,22.54229106894611,22.213459900468788,22.36922264099121,105600,0.0,0.0
2024-08-19 00:00:00-04:00,22.351912895060014,22.550942308499998,22.32768328474622,22.447101593017578,76800,0.0,0.0
2024-08-20 00:00:00-04:00,22.395184052242076,22.50768010872736,22.274035976505992,22.325956344604492,52800,0.0,0.0
2024-08-21 00:00:00-04:00,22.48171570516405,22.66343944185055,22.32595297386662,22.54228973388672,74700,0.0,0.0
2024-08-22 00:00:00-04:00,22.611519687899538,22.654788034533215,22.4730642797091,22.516332626342773,57200,0.0,0.0
2024-08-23 00:00:00-04:00,22.68940146157907,23.572055942252796,22.68940146157907,23.269184112548828,156700,0.0,0.0
2024-08-26 00:00:00-04:00,23.485517020257188,23.658587080231857,23.26918027054806,23.277833938598633,155900,0.0,0.0
2024-08-27 00:00:00-04:00,23.277833938598633,23.598013054396247,23.26052660249748,23.277833938598633,201700,0.0,0.0
2024-08-28 00:00:00-04:00,23.321106635232592,23.450908379201344,22.897085074139298,22.931699752807617,175000,0.0,0.0
2024-08-29 00:00:00-04:00,23.113421864260125,23.113421864260125,22.8624720459897,22.931699752807617,197900,0.0,0.0
2024-08-30 00:00:00-04:00,23.070155717851026,23.1913037950483,22.827857912937716,22.845165252685547,267400,0.0,0.0
2024-09-03 00:00:00-04:00,22.82785543435485,22.983618174135508,22.62017233148683,22.672094345092773,209000,0.0,0.0
2024-09-04 00:00:00-04:00,22.646135000367877,22.749977384682527,22.256728122336312,22.403837203979492,138700,0.0,0.0
2024-09-05 00:00:00-04:00,22.47306679361969,22.715364610316517,22.33461136994117,22.412492752075195,158900,0.0,0.0
2024-09-06 00:00:00-04:00,22.45575974062886,22.50768010872736,22.187500929329328,22.325956344604492,165000,0.0,0.0
2024-09-09 00:00:00-04:00,22.204806425583545,22.403835862204744,21.815399570873716,22.040390014648438,202500,0.0,0.0
2024-09-10 00:00:00-04:00,22.144231260816913,22.256725651694694,21.962507521068467,22.23076629638672,123600,0.0,0.0
2024-09-11 00:00:00-04:00,22.109617037009407,22.204805743128137,21.82405256917177,22.17019271850586,128600,0.0,0.0
2024-09-12 00:00:00-04:00,22.317304325353696,22.369224693452196,22.005778815725204,22.325956344604492,134700,0.0,0.0
2024-09-13 00:00:00-04:00,22.554490415303224,22.68633628352451,22.290798678860646,22.413854598999023,156100,0.4,0.0
2024-09-16 00:00:00-04:00,22.50175373585773,22.58086159677746,22.150164174276306,22.308378219604492,123500,0.0,0.0
2024-09-17 00:00:00-04:00,22.422644490405794,22.484172450319466,22.12379296238697,22.194110870361328,207300,0.0,0.0
2024-09-18 00:00:00-04:00,22.264426023780924,22.85333905889757,22.1589483366135,22.238056182861328,304900,0.0,0.0
2024-09-19 00:00:00-04:00,22.554490080975988,22.554490080975988,22.079844627112827,22.158950805664062,179600,0.0,0.0
2024-09-20 00:00:00-04:00,22.106212769689005,22.128186801290347,21.613987420472164,21.701885223388672,1037800,0.0,0.0
2024-09-23 00:00:00-04:00,21.7106725507914,22.15015983581543,21.7106725507914,22.15015983581543,128800,0.0,0.0
2024-09-24 00:00:00-04:00,22.071054950533988,22.352326582431434,22.071054950533988,22.194110870361328,150200,0.0,0.0
2024-09-25 00:00:00-04:00,22.246847494319056,22.255637441831375,22.06665776159415,22.079843521118164,119000,0.0,0.0
2024-09-26 00:00:00-04:00,22.282009072022706,22.308377240164084,22.035895551465586,22.062265396118164,139500,0.0,0.0
2024-09-27 00:00:00-04:00,22.21169076648271,22.369906478552817,22.062265002473296,22.194110870361328,431200,0.0,0.0
2024-09-30 00:00:00-04:00,22.035892202863053,22.34353363768206,22.035892202863053,22.15015983581543,206500,0.0,0.0
2024-10-01 00:00:00-04:00,22.23805595161148,22.299585579784036,22.009524038728614,22.15015983581543,135500,0.0,0.0
2024-10-02 00:00:00-04:00,22.018314068731158,22.176529772225642,21.90404810315796,22.13258171081543,181000,0.0,0.0
2024-10-03 00:00:00-04:00,22.018313017648623,22.018313017648623,21.745831361588333,21.939205169677734,93300,0.0,0.0
2024-10-04 00:00:00-04:00,22.06226227293023,22.273215970754123,21.785384811062826,22.238056182861328,109600,0.0,0.0
2024-10-07 00:00:00-04:00,22.07984236007123,22.141370312911018,21.89525682504088,22.0534725189209,70900,0.0,0.0
2024-10-08 00:00:00-04:00,22.13258178006359,22.13258178006359,21.816150372084575,21.930418014526367,66300,0.0,0.0
2024-10-09 00:00:00-04:00,21.851310341986615,22.022710130545846,21.746711138105407,21.983156204223633,825200,0.0,0.0
2024-10-10 00:00:00-04:00,21.92162684856319,22.154554579540463,21.877677112947012,22.106210708618164,162900,0.0,0.0
2024-10-11 00:00:00-04:00,22.34353697363513,22.923660142359996,22.34353697363513,22.90608024597168,1095300,0.0,0.0
2024-10-14 00:00:00-04:00,22.853341233891854,23.22251065934594,22.78302332792494,23.08187484741211,104800,0.0,0.0
2024-10-15 00:00:00-04:00,23.020346120355743,23.609259191850125,23.020346120355743,23.345565795898438,142900,0.0,0.0
2024-10-16 00:00:00-04:00,23.41588243282723,23.71473392616604,23.407092485786567,23.4862003326416,121700,0.0,0.0
2024-10-17 00:00:00-04:00,23.494990124144316,23.934477414202433,23.327986161010124,23.855369567871094,264600,0.0,0.0
2024-10-18 00:00:00-04:00,23.872949783821785,24.22453928530814,23.670786030031003,23.925687789916992,158700,0.0,0.0
2024-10-21 00:00:00-04:00,24.013586790130713,24.013586790130713,23.43522232453559,23.565309524536133,151100,0.0,0.0
2024-10-22 00:00:00-04:00,23.53894042208281,24.365175340066827,23.486200738926467,24.347597122192383,159400,0.0,0.0
2024-10-23 00:00:00-04:00,24.32122974239838,24.497025351024806,24.00479831747528,24.083906173706055,104200,0.0,0.0
2024-10-24 00:00:00-04:00,24.083906173706055,24.312439794315942,24.00479831747528,24.083906173706055,87000,0.0,0.0
2024-10-25 00:00:00-04:00,24.24211795690632,24.24211795690632,23.451041199330685,23.47740936279297,81400,0.0,0.0
2024-10-28 00:00:00-04:00,23.60925946744281,23.969638937256892,23.60925946744281,23.80263328552246,73300,0.0,0.0
2024-10-29 00:00:00-04:00,23.626837574709693,23.688367207750808,23.398305643744152,23.547731399536133,82600,0.0,0.0
2024-10-30 00:00:00-04:00,23.45104365269689,23.71473537397164,23.33677601070304,23.547731399536133,65800,0.0,0.0
2024-10-31 00:00:00-04:00,23.45104223149692,23.522238623093962,23.213718690825484,23.248878479003906,79900,0.0,0.0
2024-11-01 00:00:00-04:00,23.433461543129024,23.442251489875694,22.783020572473692,23.090662002563477,116800,0.0,0.0
2024-11-04 00:00:00-05:00,23.1258209777473,23.50378031943198,23.1258209777473,23.4686222076416,75100,0.0,0.0
2024-11-05 00:00:00-05:00,23.424670402978432,24.048743178110378,23.424670402978432,24.039953231811523,86200,0.0,0.0
2024-11-06 00:00:00-05:00,24.611288738117516,24.927720129805405,24.06632374982293,24.365175247192383,187500,0.0,0.0
2024-11-07 00:00:00-05:00,24.37396379810712,24.611287328278134,24.119062051135625,24.25090789794922,127700,0.0,0.0
2024-11-08 00:00:00-05:00,24.2772787618507,25.0507756585553,24.242118973745004,24.25969886779785,92100,0.0,0.0
2024-11-11 00:00:00-05:00,24.286067674038,24.664027023605577,24.206961501732035,24.40033531188965,129100,0.0,0.0
2024-11-12 00:00:00-05:00,24.45307253334703,24.646448013803244,24.0926930898744,24.24211883544922,85500,0.0,0.0
2024-11-13 00:00:00-05:00,24.435491371559653,24.435491371559653,23.98721583460492,23.996004104614258,102700,0.0,0.0
2024-11-14 00:00:00-05:00,24.004795166809426,24.119062800372156,23.82812108951685,23.98721694946289,67800,0.0,0.0
2024-11-15 00:00:00-05:00,24.119063551235254,24.224539564641912,23.749894151289933,23.960847854614258,112900,0.0,0.0
2024-11-18 00:00:00-05:00,23.846580294526223,24.206961424944303,23.653206484982018,24.180591583251953,90900,0.0,0.0
2024-11-19 00:00:00-05:00,23.960850719232916,24.831035478171565,23.66199918466677,24.81345558166504,80100,0.0,0.0
2024-11-20 00:00:00-05:00,24.672818267924853,25.446316902240493,24.63766015355293,25.288101196289062,173400,0.0,0.0
2024-11-21 00:00:00-05:00,25.569370994204505,26.483503697341,25.569370994204505,25.929750442504883,380300,0.0,0.0
2024-11-22 00:00:00-05:00,26.09675732225181,26.28134119044984,25.701218066811652,26.175865173339844,196000,0.0,0.0
2024-11-25 00:00:00-05:00,26.38969234621465,27.307361155548982,26.02440470735636,27.236085891723633,259400,0.4,0.0
2024-11-26 00:00:00-05:00,27.17371974159561,28.25175829926929,27.09353485887023,27.53009605407715,231800,0.0,0.0
2024-11-27 00:00:00-05:00,27.7795609310735,28.135937251362485,27.467731013569516,27.84192657470703,163200,0.0,0.0
2024-11-29 00:00:00-05:00,27.984476489742217,28.23394075814744,27.472184372256304,27.53009605407715,96500,0.0,0.0
2024-12-02 00:00:00-05:00,27.628099123374295,28.135935561705868,27.111353065153505,28.037931442260742,232200,0.0,0.0
2024-12-03 00:00:00-05:00,28.08247953380801,28.599223892547215,28.064660294034592,28.16266441345215,148800,0.0,0.0
2024-12-04 00:00:00-05:00,28.216118315538765,28.403215221107473,27.886469201818905,28.28739356994629,111200,0.0,0.0
2024-12-05 00:00:00-05:00,28.34976382039516,28.688322608449365,28.109209160357132,28.26957893371582,132400,0.0,0.0
2024-12-06 00:00:00-05:00,28.323034180706898,28.323034180706898,27.360815624706568,28.037931442260742,188900,0.0,0.0
2024-12-09 00:00:00-05:00,27.948840320461894,28.17157573305955,27.50782345581055,27.84192657470703,162600,0.0,0.0
2024-12-10 00:00:00-05:00,27.681555112001075,27.797378471093364,27.209357153761516,27.2717227935791,94700,0.0,0.0
2024-12-11 00:00:00-05:00,27.271726099225557,27.619192819946903,27.200450830889473,27.441003799438477,127000,0.0,0.0
2024-12-12 00:00:00-05:00,27.556824574567145,27.876671949961747,27.44100121235533,27.619190216064453,210900,0.0,0.0
2024-12-13 00:00:00-05:00,27.53900411645769,28.01120376586914,27.44099999881813,28.01120376586914,137800,0.0,0.0
2024-12-16 00:00:00-05:00,27.88647330510371,28.07357193753868,27.663737889889347,27.877565383911133,156700,0.0,0.0
2024-12-17 00:00:00-05:00,27.797377116375166,27.886469912151888,27.30735824292244,27.378633499145508,124600,0.0,0.0
2024-12-18 00:00:00-05:00,27.44100279117457,27.97556813372189,26.05113426002063,26.291688919067383,374800,0.0,0.0
2024-12-19 00:00:00-05:00,26.469875663138843,26.719339937440136,26.07340689992411,26.50551414489746,127000,0.0,0.0
2024-12-20 00:00:00-05:00,26.300597869164182,27.280634022292144,26.158047341364078,26.345144271850586,616100,0.0,0.0
2024-12-23 00:00:00-05:00,26.345144046160176,26.345144046160176,25.78385156017272,26.149137496948242,322100,0.0,0.0
2024-12-24 00:00:00-05:00,26.380782527473066,26.55006021570033,26.1313182562918,26.149137496948242,74900,0.0,0.0
2024-12-26 00:00:00-05:00,25.935312396237567,26.977714211629998,25.935312396237567,26.942075729370117,214800,0.0,0.0
2024-12-27 00:00:00-05:00,26.897528947560538,27.146991522525493,26.403056058845948,26.50551414489746,158900,0.0,0.0
2024-12-30 00:00:00-05:00,26.282779123703488,26.683703552782664,26.149138213789218,26.496604919433594,236200,0.0,0.0
2024-12-31 00:00:00-05:00,26.665882898937426,26.772794941470327,25.953128584927544,26.202592849731445,301500,0.0,0.0
2025-01-02 00:00:00-05:00,26.29168762295705,26.790614458381807,26.215066248770764,26.603517532348633,157700,0.0,0.0
2025-01-03 00:00:00-05:00,26.630243812417643,27.414273370049973,26.550058932674876,27.35190773010254,148200,0.0,0.0
2025-01-06 00:00:00-05:00,27.262813741606873,27.262813741606873,26.70151957288392,26.933164596557617,153800,0.0,0.0
2025-01-07 00:00:00-05:00,26.933164583302926,27.082843821245643,26.42532813521817,26.6124267578125,125700,0.0,0.0
2025-01-08 00:00:00-05:00,26.532242848923193,26.639154894892545,25.953129419133262,26.26495933532715,179900,0.0,0.0
2025-01-10 00:00:00-05:00,26.06004277948135,26.104589181421154,25.258195649210723,25.828397750854492,180300,0.0,0.0
2025-01-13 00:00:00-05:00,25.757122881986778,25.997677534547044,25.74821326159532,25.819488525390625,152000,0.0,0.0
2025-01-14 00:00:00-05:00,25.81057924865771,25.81948886916779,25.31165239544757,25.73039436340332,211700,0.0,0.0
2025-01-15 00:00:00-05:00,26.336235701845933,26.336235701845933,25.63239265517774,25.757123947143555,180000,0.0,0.0
2025-01-16 00:00:00-05:00,25.783852541055914,25.783852541055914,25.34729132438304,25.480932235717773,130600,0.0,0.0
2025-01-17 00:00:00-05:00,25.623479018116107,25.623479018116107,25.035457734822067,25.071094512939453,138500,0.0,0.0
2025-01-21 00:00:00-05:00,25.2492845306068,25.630607078485728,25.213646051700778,25.37401580810547,150900,0.0,0.0
2025-01-22 00:00:00-05:00,25.249283898374916,25.302739916059227,24.99981965028786,25.062185287475586,119700,0.0,0.0
2025-01-23 00:00:00-05:00,24.946366301680033,25.276015461231655,24.946366301680033,25.16910171508789,119700,0.0,0.0
2025-01-24 00:00:00-05:00,25.03546159325818,25.204740988579285,24.964186326702407,25.151283264160156,87400,0.0,0.0
2025-01-27 00:00:00-05:00,24.679084046036262,25.445292698972025,24.679084046036262,25.09782600402832,160800,0.0,0.0
2025-01-28 00:00:00-05:00,25.044368643821485,25.34728892043048,25.044368643821485,25.329469680786133,107600,0.0,0.0
2025-01-29 00:00:00-05:00,25.24928734320078,25.810579853805045,25.24928734320078,25.721487045288086,157000,0.0,0.0
2025-01-30 00:00:00-05:00,25.83730477515687,26.444926201221207,25.83730477515687,26.24713706970215,245100,0.0,0.0
2025-01-31 00:00:00-05:00,26.193682578913226,27.39645407321427,26.193682578913226,27.2717227935791,520100,0.0,0.0
2025-02-03 00:00:00-05:00,26.94207254967628,27.886470126732934,26.94207254967628,27.253902435302734,264200,0.0,0.0
2025-02-04 00:00:00-05:00,27.173718719641105,27.441000519116194,26.728247920958463,26.906436920166016,213700,0.0,0.0
2025-02-05 00:00:00-05:00,27.048986136312053,27.67264420481204,26.639152137619,27.458818435668945,166600,0.0,0.0
2025-02-06 00:00:00-05:00,27.619191124918895,27.757287692304573,27.13808181867435,27.31627082824707,139400,0.0,0.0
2025-02-07 00:00:00-05:00,27.351908914561417,27.41427455720956,26.91534601735181,27.325180053710938,75600,0.0,0.0
2025-02-10 00:00:00-05:00,27.369725213576917,27.369725213576917,27.08462417479011,27.2717227935791,77000,0.0,0.0
2025-02-11 00:00:00-05:00,27.24499684380557,27.45882264573304,27.169267615749273,27.449913024902344,117000,0.0,0.0
2025-02-12 00:00:00-05:00,27.298451403413672,27.699375822581644,27.27172424169336,27.645919799804688,100500,0.0,0.0
2025-02-13 00:00:00-05:00,27.806285930114974,28.510130594856882,27.71719313147501,28.456674575805664,144200,0.0,0.0
2025-02-14 00:00:00-05:00,28.5724967108332,29.87772628487474,28.5724967108332,29.41889190673828,321400,0.0,0.0
2025-02-18 00:00:00-05:00,29.383256588816717,29.467897137116175,28.43885887128777,28.501224517822266,232500,0.0,0.0
2025-02-19 00:00:00-05:00,28.30521795738008,28.554680543518057,27.948841620514102,28.501224517822266,180300,0.0,0.0
2025-02-20 00:00:00-05:00,28.608135505792703,28.839778827882913,28.242849583364578,28.43885612487793,218200,0.0,0.0
2025-02-21 00:00:00-05:00,28.670501892409156,28.670501892409156,27.797379503851328,27.895381927490234,152000,0.0,0.0
2025-02-24 00:00:00-05:00,28.020114448790896,28.037931989580898,27.54969738520941,27.94883918762207,131000,0.0,0.0
2025-02-25 00:00:00-05:00,28.09138815998821,28.331941091075063,27.962201225205156,28.18048095703125,157000,0.0,0.0
2025-02-26 00:00:00-05:00,28.06466130037629,28.220575405643864,27.89538191513129,28.02011489868164,172700,0.0,0.0
2025-02-27 00:00:00-05:00,27.96665472402357,28.21611896990332,27.414271914388898,27.423181533813477,180200,0.0,0.0
2025-02-28 00:00:00-05:00,27.449910940750044,27.824106490546182,27.30736041695497,27.779560089111328,231900,0.0,0.0
2025-03-03 00:00:00-05:00,27.85083349872446,28.167117346151066,27.730556183646133,27.859743118286133,137400,0.0,0.0
2025-03-04 00:00:00-05:00,27.76173951078013,27.88647078825512,26.746066652858193,26.754976272583008,288200,0.0,0.0
2025-03-05 00:00:00-05:00,26.71043069268998,27.21826716953874,26.701521072125008,26.942075729370117,145800,0.0,0.0
2025-03-06 00:00:00-05:00,26.772795289727338,26.942074675165387,26.11349868774414,26.11349868774414,142700,0.0,0.0
2025-03-07 00:00:00-05:00,26.18477339635808,26.777250383192833,25.783850691119227,26.772794723510742,203900,0.0,0.0
2025-03-10 00:00:00-04:00,26.656971587445636,26.80843172087063,25.426580828822754,25.587841033935547,231200,0.0,0.0
2025-03-11 00:00:00-04:00,25.623482041181127,25.721486166404734,25.22255761920851,25.45420265197754,214000,0.0,0.0
2025-03-12 00:00:00-04:00,25.917491169082528,25.917491169082528,25.338379471426975,25.570024490356445,211500,0.0,0.0
2025-03-13 00:00:00-04:00,25.570024372476187,25.66300663398302,24.23108441784957,24.649503707885742,379200,1.2,0.0
2025-03-14 00:00:00-04:00,24.714591021204452,25.449148944066668,24.398452392819337,25.37476348876953,183700,0.0,0.0
2025-03-17 00:00:00-04:00,25.356163419458447,25.66765191922631,25.31896980985033,25.504934310913086,213000,0.0,0.0
2025-03-18 00:00:00-04:00,25.384055858949967,25.681599403694175,25.291075385549306,25.411951065063477,101400,0.0,0.0
2025-03-19 00:00:00-04:00,25.523534009949095,25.700198355153695,25.160903369105245,25.597919464111328,84800,0.0,0.0
2025-03-20 00:00:00-04:00,25.40265756063286,25.51423663311038,24.93774801004005,25.12371253967285,96100,0.0,0.0
2025-03-21 00:00:00-04:00,24.937745963390835,25.179499122677036,24.491433257088175,24.575117111206055,323600,0.0,0.0
2025-03-24 00:00:00-04:00,24.807573593140432,25.411955646654683,24.733188136915437,25.337570190429688,125700,0.0,0.0
2025-03-25 00:00:00-04:00,25.337568969560984,25.41195442220178,24.854062640651247,24.900554656982422,207800,0.0,0.0
2025-03-26 00:00:00-04:00,24.928447869658864,25.188797838310602,24.858712506021323,25.105113983154297,99500,0.0,0.0
2025-03-27 00:00:00-04:00,25.151605625292135,25.225991081405247,24.770379941026277,24.779678344726562,61200,0.0,0.0
2025-03-28 00:00:00-04:00,24.826166909387585,24.965639398509982,24.473764020083326,24.751781463623047,93700,0.0,0.0
2025-03-31 00:00:00-04:00,24.668099829913903,24.891256187240327,24.635556305313532,24.714590072631836,125200,0.0,0.0
2025-04-01 00:00:00-04:00,24.677399641180642,25.188799434213312,24.37985604094597,25.142309188842773,135300,0.0,0.0
2025-04-02 00:00:00-04:00,25.012132998275526,25.57002480322555,24.974941157139742,25.35616683959961,135300,0.0,0.0
2025-04-03 00:00:00-04:00,24.658802918070258,24.807573831952407,23.026969407034727,23.078109741210938,231100,0.0,0.0
2025-04-04 00:00:00-04:00,22.2598679470624,22.3807436399337,21.214750852573843,22.12969207763672,251500,0.0,0.0
2025-04-07 00:00:00-04:00,21.302152943439392,22.4644266822717,20.20031793560328,21.655485153198242,298100,0.0,0.0
2025-04-08 00:00:00-04:00,22.39934018223971,22.58530469437804,20.614087604970038,20.846542358398438,227800,0.0,0.0
2025-04-09 00:00:00-04:00,20.34444002408647,22.785215029187334,19.61918230046095,22.269166946411133,293900,0.0,0.0
2025-04-10 00:00:00-04:00,21.748467663265757,22.213377202187996,20.707071289233866,21.078998565673828,196000,0.0,0.0
2025-04-11 00:00:00-04:00,21.171980448384915,21.19057725524562,20.61408865698755,20.930227279663086,147400,0.0,0.0
2025-04-14 00:00:00-04:00,21.23706665295037,21.53460845691291,20.986015090798585,21.38583755493164,112000,0.0,0.0
2025-04-15 00:00:00-04:00,21.4044351892429,21.71127540813782,21.330049735374104,21.497417449951172,84300,0.0,0.0
2025-04-16 00:00:00-04:00,21.497416688049764,22.08320189481926,21.427679551617874,21.571802139282227,82700,0.0,0.0
2025-04-17 00:00:00-04:00,21.618290576661344,22.166883898765413,21.618290576661344,21.739166259765625,73500,0.0,0.0
2025-04-21 00:00:00-04:00,21.692678697812735,21.943730270795307,21.134786904570056,21.292856216430664,98700,0.0,0.0
2025-04-22 00:00:00-04:00,21.56250548411851,21.93443277043044,21.543908676430615,21.767065048217773,87700,0.0,0.0
2025-04-23 00:00:00-04:00,22.129690849899333,22.720126110623564,21.941867729471305,22.064603805541992,124700,0.0,0.0
2025-04-24 00:00:00-04:00,21.9902191118969,22.422585091068473,21.953027273913982,22.185482025146484,96600,0.0,0.0
2025-04-25 00:00:00-04:00,22.129691607938597,22.21337546026142,21.664782105473595,22.185482025146484,124000,0.0,0.0
2025-04-28 00:00:00-04:00,22.27846511453946,22.52021829693712,21.86004757743865,22.120397567749023,95200,0.0,0.0
2025-04-29 00:00:00-04:00,21.943730463503652,22.390043192621633,21.75776593962659,22.027414321899414,76000,0.0,0.0
2025-04-30 00:00:00-04:00,21.804258054699478,21.934432157901185,21.395137164436647,21.822853088378906,95700,0.0,0.0
2025-05-01 00:00:00-04:00,21.748465212815805,22.245918221534286,21.720571778656343,22.064603805541992,97600,0.0,0.0
2025-05-02 00:00:00-04:00,22.68758277494787,23.152492265309462,22.68758277494787,22.808460235595703,111500,0.0,0.0
2025-05-05 00:00:00-04:00,22.63179742117019,22.873550604104576,22.315658779909008,22.4830265045166,114500,0.0,0.0
2025-05-06 00:00:00-04:00,22.24127060932321,22.892144620427363,22.24127060932321,22.371444702148438,129800,0.0,0.0
2025-05-07 00:00:00-04:00,22.5016216268397,23.171090701629897,22.5016216268397,22.650392532348633,115900,0.0,0.0
2025-05-08 00:00:00-04:00,22.715477982052693,22.92003751934881,22.241270089081333,22.613197326660156,105900,0.0,0.0
2025-05-09 00:00:00-04:00,22.68758408049188,22.873548596733322,22.510917967411416,22.668987274169922,75700,0.0,0.0
2025-05-12 00:00:00-04:00,23.543018638352546,23.980034737579597,23.25477522237602,23.701087951660156,128500,0.0,0.0
2025-05-13 00:00:00-04:00,23.81266494893314,23.83125998091862,23.477929544348722,23.5244197845459,80000,0.0,0.0
2025-05-14 00:00:00-04:00,23.431440825930547,23.543018119045865,23.180389256187432,23.37565040588379,101900,0.0,0.0
2025-05-15 00:00:00-04:00,23.459333124551378,23.756874923078527,23.25477358143622,23.67319107055664,86600,0.0,0.0
2025-05-16 00:00:00-04:00,23.61740446581545,23.970736712189662,23.50582716847877,23.8498592376709,126700,0.0,0.0
2025-05-19 00:00:00-04:00,23.598806591667056,24.100909727452503,23.598806591667056,23.961437225341797,122300,0.0,0.0
2025-05-20 00:00:00-04:00,23.9800326671925,24.338011418624884,23.9800326671925,24.28687286376953,115400,0.0,0.0
2025-05-21 00:00:00-04:00,24.165996945193708,24.249680801740826,23.18968765012944,23.198986053466797,157400,0.0,0.0
2025-05-22 00:00:00-04:00,23.096704952129613,23.338458113847864,22.622497031854092,22.668987274169922,203500,0.0,0.0
2025-05-23 00:00:00-04:00,22.417939894858275,22.83635744118794,22.34355443505594,22.622499465942383,138800,0.0,0.0
2025-05-27 00:00:00-04:00,22.90144322364574,23.282670679114155,22.613199804622454,23.124601364135742,123900,0.0,0.0
2025-05-28 00:00:00-04:00,23.05951139715122,23.291966156289796,22.86889856559715,23.050214767456055,100800,0.0,0.0
2025-05-29 00:00:00-04:00,23.152492521799598,23.524419763511396,23.0595102679994,23.347755432128906,105100,0.0,0.0
2025-05-30 00:00:00-04:00,23.31056077788069,23.728980014509496,23.161789887854646,23.44073486328125,349500,0.0,0.0
2025-06-02 00:00:00-04:00,23.338459014892578,23.51419405299933,23.12924936941611,23.338459014892578,123300,0.0,0.0
2025-06-03 00:00:00-04:00,23.34775519740821,23.673190422203742,23.164580389816894,23.180387496948242,134700,0.0,0.0
2025-06-04 00:00:00-04:00,23.15249312737596,23.273370592524575,22.97582701788361,23.096704483032227,106800,0.0,0.0
2025-06-05 00:00:00-04:00,23.05951087114372,23.273370592524575,22.87354813216827,23.096704483032227,102700,0.0,0.0
2025-06-06 00:00:00-04:00,23.412843549696365,23.81266601790074,23.2454758398909,23.803367614746094,162000,0.0,0.0
2025-06-09 00:00:00-04:00,23.92424233006464,24.21248749559963,23.821963446525796,24.082311630249023,121400,0.0,0.0
2025-06-10 00:00:00-04:00,24.175295033205984,24.361259550549352,23.784770965576172,23.784770965576172,114700,0.0,0.0
2025-06-11 00:00:00-04:00,23.81266363457792,24.17529245386952,23.556962007140115,23.66389274597168,107900,0.0,0.0
2025-06-12 00:00:00-04:00,23.552315445802694,23.606245473320428,23.282668855192064,23.29196548461914,84600,0.0,0.0
2025-06-13 00:00:00-04:00,23.093537232231068,23.367559439528183,22.9848730981074,23.065189361572266,106200,0.4,0.0
2025-06-16 00:00:00-04:00,23.206926342713977,23.565992181055375,23.206926342713977,23.32976531982422,101200,0.0,0.0
2025-06-17 00:00:00-04:00,23.24472049217848,23.877808470295843,23.24472049217848,23.84946060180664,119100,0.0,0.0
2025-06-18 00:00:00-04:00,23.821113608514338,24.82271670471987,23.821113608514338,24.36916160583496,188400,0.0,0.0
2025-06-20 00:00:00-04:00,24.510898597967273,24.605389698950265,24.0630116083511,24.085689544677734,216100,0.0,0.0
2025-06-23 00:00:00-04:00,24.000646127194937,24.336087801072544,23.73607322487693,24.199077606201172,96100,0.0,0.0
2025-06-24 00:00:00-04:00,24.303019896800226,24.605391806296222,24.189632007723727,24.44475746154785,121700,0.0,0.0
2025-06-25 00:00:00-04:00,24.359714444850013,24.359714444850013,23.726626388145547,23.754972457885742,228200,0.0,0.0
2025-06-26 00:00:00-04:00,23.906156163188868,24.30301733770331,23.8116668663308,24.284120559692383,107000,0.0,0.0
2025-06-27 00:00:00-04:00,24.33136519973455,24.65263385529111,24.151832291684045,24.463651657104492,545900,0.0,0.0
2025-06-30 00:00:00-04:00,24.520348961158284,24.520348961158284,23.97230271419907,23.991199493408203,181400,0.0,0.0
2025-07-01 00:00:00-04:00,23.962851525550438,24.90775889734952,23.906155785609688,24.416406631469727,171200,0.0,0.0
2025-07-02 00:00:00-04:00,24.473103141292682,24.57231799321491,24.284122728431488,24.454204559326172,216400,0.0,0.0
2025-07-03 00:00:00-04:00,24.567594322391123,24.851065843665367,24.567594322391123,24.756576538085938,98200,0.0,0.0
2025-07-07 00:00:00-04:00,24.662081783265492,25.018310810155462,24.123484891130133,24.14238166809082,132200,0.0,0.0
2025-07-08 00:00:00-04:00,24.274671269553014,24.567592054802205,24.1329355219981,24.284120559692383,109700,0.0,0.0
2025-07-09 00:00:00-04:00,24.321915626704012,24.6148364084452,24.1423827207417,24.170730590820312,124000,0.0,0.0
2025-07-10 00:00:00-04:00,24.199081937887062,24.79437287692862,24.199081937887062,24.605392456054688,128800,0.0,0.0
2025-07-11 00:00:00-04:00,24.473102828202627,24.99280301202521,24.378611721846887,24.766023635864258,113200,0.0,0.0
2025-07-14 00:00:00-04:00,24.803819170464365,25.22902822000803,24.690429489830112,25.181781768798828,128800,0.0,0.0
2025-07-15 00:00:00-04:00,25.143986810752217,25.27627327171022,24.567592712690306,24.74712562561035,121800,0.0,0.0
2025-07-16 00:00:00-04:00,24.82271662204227,25.106188107334233,24.66208229977209,24.917207717895508,108500,0.0,0.0
2025-07-17 00:00:00-04:00,24.851065781176043,25.484153859213368,24.851065781176043,25.361316680908203,136200,0.0,0.0
2025-07-18 00:00:00-04:00,25.493601439123534,25.634392801536244,24.992801666259766,24.992801666259766,105000,0.0,0.0
2025-07-21 00:00:00-04:00,25.087290002731017,25.474701881023854,25.087290002731017,25.323516845703125,70200,0.0,0.0
2025-07-22 00:00:00-04:00,25.418008606867403,26.00385198572915,25.418008606867403,25.909360885620117,134600,0.0,0.0
2025-07-23 00:00:00-04:00,26.03219786432639,26.327955420032364,25.909360696667957,26.098342895507812,167900,0.0,0.0
2025-07-24 00:00:00-04:00,25.984952349012357,26.14558667198787,25.824318026036842,25.881011962890625,103500,0.0,0.0
2025-07-25 00:00:00-04:00,25.98495331318162,26.013301183794233,25.70148181612677,25.8526668548584,98700,0.0,0.0
2025-07-28 00:00:00-04:00,25.871562861301317,25.90936002099072,25.51249885559082,25.51249885559082,83000,0.0,0.0
2025-07-29 00:00:00-04:00,25.606991847479,25.966055879760447,25.521950034152468,25.814870834350586,89200,0.0,0.0
2025-07-30 00:00:00-04:00,25.97550459626004,26.372365782256306,25.729828452332082,25.833768844604492,136200,0.0,0.0
2025-07-31 00:00:00-04:00,25.79597236278012,25.984954571479864,25.427459038310317,25.569194793701172,168000,0.0,0.0
2025-08-01 00:00:00-04:00,25.503051204081434,25.50777675048008,24.94555567872147,25.09674072265625,211600,0.0,0.0
2025-08-04 00:00:00-04:00,25.181779873817014,25.465253152936775,25.07784129351403,25.30461883544922,138700,0.0,0.0
2025-08-05 00:00:00-04:00,25.418008142431347,26.58024378641304,25.418008142431347,26.4101619720459,254600,0.0,0.0
2025-08-06 00:00:00-04:00,26.457408139603736,26.466857430211455,26.069996236026682,26.41961097717285,114600,0.0,0.0
2025-08-07 00:00:00-04:00,26.514101224737338,26.849544722540983,26.443234250869857,26.570796966552734,161500,0.0,0.0
2025-08-08 00:00:00-04:00,26.81647177543663,26.81647177543663,26.471580783552376,26.67473602294922,101600,0.0,0.0
2025-08-11 00:00:00-04:00,26.712531010121186,27.118841455836627,26.712531010121186,27.109392166137695,131600,0.0,0.0
2025-08-12 00:00:00-04:00,27.288922739165017,28.24327935320322,27.208606481669236,28.035400390625,203600,0.0,0.0
2025-08-13 00:00:00-04:00,28.07320018028196,28.659043607010258,28.07320018028196,28.621248245239258,160400,0.0,0.0
2025-08-14 00:00:00-04:00,28.347221466974474,28.484233469942456,28.025952812834007,28.403915405273438,113900,0.0,0.0
2025-08-15 00:00:00-04:00,28.441710673364824,28.758253760263887,28.252728488584587,28.706283569335938,244800,0.0,0.0
2025-08-18 00:00:00-04:00,28.762984005849468,29.00866016529888,28.555103208171047,28.621248245239258,121000,0.0,0.0
2025-08-19 00:00:00-04:00,28.706287748386316,29.04173126531836,28.649593805605836,28.999210357666016,98500,0.0,0.0
2025-08-20 00:00:00-04:00,29.046451855568087,29.046451855568087,28.677938564108416,28.857471466064453,91100,0.0,0.0
2025-08-21 00:00:00-04:00,28.772430227640243,28.914165973131183,28.470058354387042,28.536203384399414,61100,0.0,0.0
2025-08-22 00:00:00-04:00,28.61179736281819,30.10947476033505,28.592898781849854,30.000810623168945,149900,0.0,0.0
2025-08-25 00:00:00-04:00,29.934667980345303,29.953566561685044,29.670093248392643,29.80238151550293,75200,0.0,0.0
2025-08-26 00:00:00-04:00,29.77403375719727,29.91104576903177,29.414967919442578,29.433866500854492,132700,0.0,0.0
2025-08-27 00:00:00-04:00,29.35827254513454,29.7645830143279,29.112596405569537,29.660642623901367,131100,0.0,0.0
2025-08-28 00:00:00-04:00,29.717339400465434,30.02915878033829,29.502844289196542,29.991361618041992,83000,0.0,0.0
2025-08-29 00:00:00-04:00,30.048056128022377,30.33152764153907,29.81182926600249,30.09530258178711,121100,0.0,0.0
2025-09-02 00:00:00-04:00,29.811827858264273,29.859074309797993,29.518907067826586,29.594499588012695,127700,0.0,0.0
2025-09-03 00:00:00-04:00,29.556703091244394,29.670090966024677,29.292128379644115,29.632295608520508,87400,0.0,0.0
2025-09-04 00:00:00-04:00,29.764580827027075,29.9157658553004,29.622845088304295,29.79292869567871,83900,0.0,0.0
2025-09-05 00:00:00-04:00,29.745685364193378,30.39767019107603,29.745685364193378,30.237037658691406,91700,0.0,0.0
2025-09-08 00:00:00-04:00,30.331525988985234,30.64807270629271,30.23703669113969,30.567752838134766,134400,0.0,0.0
2025-09-09 00:00:00-04:00,30.63389472050974,30.6584632345021,30.18034142489826,30.246482849121094,80000,0.0,0.0
2025-09-10 00:00:00-04:00,30.142546662691384,30.331527067369173,29.98191232746792,29.991361618041992,67900,0.0,0.0
2025-09-11 00:00:00-04:00,30.142546906579923,30.88430090336926,30.052781348801755,30.709491729736328,124700,0.0,0.0
2025-09-12 00:00:00-04:00,30.671691505314907,30.671691505314907,30.30317821807085,30.32207679748535,122600,0.0,0.0
2025-09-15 00:00:00-04:00,30.3699961291355,30.51374771504161,30.178326129326965,30.28374481201172,93500,0.45,0.0
2025-09-16 00:00:00-04:00,30.168743280653253,30.283745649298083,29.785405098338217,29.87165641784668,83800,0.0,0.0
2025-09-17 00:00:00-04:00,29.87165393686107,30.609581018966992,29.708734994420805,29.81415367126465,114500,0.0,0.0
2025-09-18 00:00:00-04:00,29.852488226392804,30.360412446355017,29.852488226392804,30.28374481201172,84600,0.0,0.0
2025-09-19 00:00:00-04:00,30.350830474254376,30.350830474254376,29.085813522338867,29.085813522338867,245100,0.0,0.0
2025-09-22 00:00:00-04:00,29.08581049749246,29.157685373071548,28.67372129706389,28.79830551147461,156800,0.0,0.0
2025-09-23 00:00:00-04:00,28.827058104426296,29.253521937261613,28.769557835299217,28.942060470581055,95200,0.0,0.0
2025-09-24 00:00:00-04:00,28.855810113197244,29.052271048161426,28.673723789018034,28.731224060058594,113700,0.0,0.0
2025-09-25 00:00:00-04:00,28.654558745294857,28.721642704929767,28.376639222821545,28.712059020996094,95100,0.0,0.0
2025-09-26 00:00:00-04:00,28.558721349072556,29.229564545204727,28.558721349072556,29.02831268310547,90400,0.0,0.0
2025-09-29 00:00:00-04:00,28.999561306959485,29.05706157721131,28.549139172169035,28.62580680847168,132800,0.0,0.0
2025-09-30 00:00:00-04:00,28.558719753508417,29.354147130133168,28.558719753508417,29.306230545043945,166100,0.0,0.0
2025-10-01 00:00:00-04:00,29.229561907455594,29.421231897025333,29.029267883374512,29.392480850219727,80500,0.0,0.0
2025-10-02 00:00:00-04:00,29.325401103463914,29.35415032648771,28.558722863249375,28.874977111816406,144100,0.0,0.0
2025-10-03 00:00:00-04:00,28.94205968626711,29.229562852011927,28.654554692621744,28.683305740356445,92000,0.0,0.0
2025-10-06 00:00:00-04:00,28.750390609386084,28.827058244561755,27.83996084226195,27.849544525146484,149700,0.0,0.0
2025-10-07 00:00:00-04:00,27.839960574387206,28.271217160538708,27.839960574387206,27.94537925720215,111700,0.0,0.0
2025-10-08 00:00:00-04:00,27.887879526873594,28.02204743275574,27.672251229633982,27.75370979309082,111700,0.0,0.0
2025-10-09 00:00:00-04:00,27.69620661714137,27.94537686470768,27.619538989267156,27.83995819091797,109600,0.0,0.0
2025-10-10 00:00:00-04:00,27.859126340075303,27.94058672518162,26.867238076789686,26.92953109741211,111100,0.0,0.0
2025-10-13 00:00:00-04:00,27.10203556232604,27.792044279496917,27.06370083075513,27.724960327148438,123600,0.0,0.0
2025-10-14 00:00:00-04:00,27.54287339886358,27.969337224705132,27.428830682393272,27.916627883911133,84900,0.0,0.0
2025-10-15 00:00:00-04:00,27.993296789312325,28.558721297863986,27.993296789312325,28.529972076416016,88500,0.0,0.0
2025-10-16 00:00:00-04:00,28.558718810824775,28.558718810824775,27.724958559230025,27.926210403442383,89100,0.0,0.0
2025-10-17 00:00:00-04:00,27.792045292450773,28.36705349166782,27.792045292450773,28.01246452331543,111000,0.0,0.0
2025-10-20 00:00:00-04:00,28.15621689528961,28.17538426230407,27.65308539251468,27.897464752197266,87700,0.0,0.0
2025-10-21 00:00:00-04:00,27.945379589278403,28.558720672070603,27.88787931974179,28.347885131835938,85200,0.0,0.0
2025-10-22 00:00:00-04:00,28.434136803764755,28.644972346621866,28.089131526452544,28.62580680847168,86600,0.0,0.0
2025-10-23 00:00:00-04:00,28.654557176259903,28.654557176259903,28.3191355685512,28.367053985595703,64800,0.0,0.0
2025-10-24 00:00:00-04:00,28.529972525209942,28.55872174711015,28.34788619893898,28.386220932006836,59200,0.0,0.0
2025-10-27 00:00:00-04:00,28.462886904130443,28.5098456698593,28.271216905812164,28.414968490600586,60500,0.0,0.0
2025-10-28 00:00:00-04:00,28.27121719507852,28.322968716640162,28.06996533989567,28.194549560546875,62000,0.0,0.0
2025-10-29 00:00:00-04:00,28.156214829330754,28.47246905026137,28.023004745785745,28.194549560546875,81000,0.0,0.0
2025-10-30 00:00:00-04:00,28.146634163998524,28.367053394105092,28.002880743763168,28.060382843017578,48500,0.0,0.0
2025-10-31 00:00:00-04:00,28.002879123647265,28.443719386256106,27.856252252042935,28.338300704956055,72800,0.0,0.0
2025-11-03 00:00:00-05:00,28.27121794253495,28.625806904056585,28.050798715916425,28.57788848876953,68200,0.0,0.0
2025-11-04 00:00:00-05:00,28.462888729701767,29.114562744400143,28.376637407716554,29.085813522338867,133000,0.0,0.0
2025-11-05 00:00:00-05:00,29.13372895193766,29.708737132995108,28.994768291167823,29.46915054321289,124500,0.0,0.0
2025-11-06 00:00:00-05:00,29.72790444150823,30.264577889772614,29.694362465235493,30.13999366760254,95500,0.0,0.0
2025-11-07 00:00:00-05:00,30.254997783904944,31.587098793089858,30.187913823428126,31.43376350402832,348300,0.0,0.0
2025-11-10 00:00:00-05:00,31.5295971674568,31.5295971674568,30.71500055606217,30.74375343322754,134200,0.0,0.0
2025-11-11 00:00:00-05:00,30.85875368215516,31.77876531510308,30.85875368215516,31.337926864624023,162700,0.0,0.0
2025-11-12 00:00:00-05:00,31.242092001257078,31.51043148627576,31.050425640845642,31.414594650268555,142900,0.0,0.0
2025-11-13 00:00:00-05:00,31.337926260449464,31.721262605553328,30.96417177025769,31.0312557220459,119300,0.0,0.0
2025-11-14 00:00:00-05:00,31.01208966710032,31.232508897406,30.686251749300325,31.09834098815918,79700,0.0,0.0
2025-11-17 00:00:00-05:00,31.06958657421063,31.155837891004353,30.34124496468676,30.456247329711914,151600,0.0,0.0
2025-11-18 00:00:00-05:00,30.446664223133908,31.127089259715515,30.331661855932474,30.887502670288086,137100,0.0,0.0
2025-11-19 00:00:00-05:00,30.858752727219287,30.954585898426963,30.417912462481574,30.753334045410156,142500,0.0,0.0
2025-11-20 00:00:00-05:00,31.069587760776102,31.433760407346583,30.81083745631427,30.820419311523438,225000,0.0,0.0
2025-11-21 00:00:00-05:00,30.90667375547238,31.922522332981156,30.90667375547238,31.68293571472168,167600,0.0,0.0
2025-11-24 00:00:00-05:00,31.72126563904612,31.855437211254497,31.33792925728394,31.395427703857422,142200,0.0,0.0
2025-11-25 00:00:00-05:00,31.599485611697723,32.26023775059329,31.599485611697723,32.153350830078125,116400,0.45,0.0
2025-11-26 00:00:00-05:00,32.0950452431056,32.561457825427624,32.0950452431056,32.50315856933594,147500,0.0,0.0
2025-11-28 00:00:00-05:00,32.551740116143954,32.551740116143954,32.328251001943684,32.474002838134766,44900,0.0,0.0
2025-12-01 00:00:00-05:00,32.27966577206526,32.687775345221596,32.27966577206526,32.64890670776367,132300,0.0,0.0
2025-12-02 00:00:00-05:00,32.74607952560449,32.74607952560449,32.328250924104715,32.376834869384766,83900,0.0,0.0
2025-12-03 00:00:00-05:00,32.85297073203218,33.6789090301191,32.55174430109613,33.43598556518555,269800,0.0,0.0
2025-12-04 00:00:00-05:00,33.49428612164152,34.78663693462424,33.49428612164152,34.60201644897461,239900,0.0,0.0
2025-12-05 00:00:00-05:00,34.4951282027472,34.77692028049452,34.26192007126589,34.728336334228516,113400,0.0,0.0
2025-12-08 00:00:00-05:00,34.83522287472689,34.83522287472689,34.135605826610565,34.33966064453125,93300,0.0,0.0
2025-12-09 00:00:00-05:00,34.01899955252918,34.98583758776325,33.89948384993652,34.71862030029297,238800,0.0,0.0
2025-12-10 00:00:00-05:00,34.80607157975294,35.09757897807683,34.660316027232156,34.893524169921875,350400,0.0,0.0
2025-12-11 00:00:00-05:00,34.98097703044905,35.85550293889736,34.98097703044905,35.806915283203125,172300,0.0,0.0
2025-12-12 00:00:00-05:00,35.94295436389608,36.33162964981893,35.76804918787965,36.0304069519043,166100,0.0,0.0
2025-12-15 00:00:00-05:00,36.26361106004098,36.5162535150287,36.09356539229014,36.409366607666016,135700,0.0,0.0
2025-12-16 00:00:00-05:00,36.42880325115075,36.92436547259021,36.33649115131958,36.48710250854492,202000,0.0,0.0
2025-12-17 00:00:00-05:00,36.6620032510679,37.17699973146522,36.263608978045625,36.62313461303711,162700,0.0,0.0
2025-12-18 00:00:00-05:00,36.866059484437415,37.57539547605105,36.8271945516019,37.11870193481445,189300,0.0,0.0
2025-12-19 00:00:00-05:00,36.9340794975446,37.03125110102403,35.89436743397953,36.040122985839844,233100,0.0,0.0
2025-12-22 00:00:00-05:00,35.95266909564041,36.34134808206407,35.758329602428574,36.21502685546875,123400,0.0,0.0
2025-12-23 00:00:00-05:00,36.215027138363816,36.23931725850659,35.738895561611386,35.78748321533203,172600,0.0,0.0
2025-12-24 00:00:00-05:00,35.67087902535803,36.137291611311525,35.34050298030126,36.04983901977539,58000,0.0,0.0
2025-12-26 00:00:00-05:00,36.04983939690159,36.15187051035924,35.4668245850401,35.71946334838867,84000,0.0,0.0
2025-12-29 00:00:00-05:00,35.81663485949576,36.31219707758701,35.75833189577771,36.292762756347656,99600,0.0,0.0
2025-12-30 00:00:00-05:00,36.19559537839047,36.253898342948574,35.89436895491699,36.0109748840332,138200,0.0,0.0
2025-12-31 00:00:00-05:00,36.049838949557284,36.049838949557284,35.534842415246324,35.95267105102539,170500,0.0,0.0
2026-01-02 00:00:00-05:00,35.96238475810538,36.18101808015101,35.68059638221349,35.88465118408203,110200,0.0,0.0
2026-01-05 00:00:00-05:00,35.74861174680997,36.623133843830935,35.74861174680997,36.56483459472656,232800,0.0,0.0
2026-01-06 00:00:00-05:00,36.53568828861858,37.01181991925374,36.253899881424275,36.74946212768555,154000,0.0,0.0
2026-01-07 00:00:00-05:00,36.82719799233112,36.82719799233112,36.13243674895963,36.2053108215332,132300,0.0,0.0
2026-01-08 00:00:00-05:00,36.185878953182694,37.42284401127309,36.14701031134464,37.00210189819336,109900,0.0,0.0
2026-01-09 00:00:00-05:00,36.992382597404934,37.28388999549357,36.55511964691314,36.759178161621094,103100,0.0,0.0
2026-01-12 00:00:00-05:00,36.84662686449139,37.02153204383125,36.535685147157785,36.66200637817383,93200,0.0,0.0
2026-01-13 00:00:00-05:00,36.73002050920756,37.00695306084382,36.36077587145347,36.4190788269043,77600,0.0,0.0
2026-01-14 00:00:00-05:00,36.51625543400994,36.83691246623143,36.37049987872524,36.76889419555664,105500,0.0,0.0
2026-01-15 00:00:00-05:00,36.72030941994925,37.00210151024415,35.806914879919944,36.088706970214844,156900,0.0,0.0
2026-01-16 00:00:00-05:00,35.87493282642028,36.438517001941435,34.645740779296275,35.126731872558594,355400,0.0,0.0
2026-01-20 00:00:00-05:00,34.300790690193544,34.78663759432297,33.81980329298638,34.514564514160156,192400,0.0,0.0
2026-01-21 00:00:00-05:00,34.660314012775665,35.0781426185522,34.39795996423455,35.058712005615234,134000,0.0,0.0
2026-01-22 00:00:00-05:00,35.07814556573593,35.53484284919195,34.93239371615819,35.00041198730469,95700,0.0,0.0
2026-01-23 00:00:00-05:00,34.95182610942231,34.95182610942231,34.3105083691906,34.64088439941406,97200,0.0,0.0
2026-01-26 00:00:00-05:00,34.689467694528716,34.87408817302653,34.32022303081559,34.728336334228516,120800,0.0,0.0
2026-01-27 00:00:00-05:00,34.74776848151327,34.74776848151327,34.164753687145485,34.174468994140625,152800,0.0,0.0
2026-01-28 00:00:00-05:00,34.10644879520188,34.10644879520188,33.134755055091084,33.193058013916016,150100,0.0,0.0
2026-01-29 00:00:00-05:00,33.33881613514425,34.71861957355397,33.32909712122996,34.70890426635742,157100,0.0,0.0
2026-01-30 00:00:00-05:00,34.59229685648112,34.79635536603663,33.5234351882388,34.78663635253906,236400,0.0,0.0
2026-02-02 00:00:00-05:00,34.81578994363968,36.030407169582155,34.68946871426073,35.65144348144531,202400,0.0,0.0
2026-02-03 00:00:00-05:00,35.758326115028645,36.127570745448075,34.98097192471182,35.26276397705078,187900,0.0,0.0
2026-02-04 00:00:00-05:00,35.573710275998174,35.661162865443146,34.592297471480414,34.65060043334961,159800,0.0,0.0
2026-02-05 00:00:00-05:00,34.893520746983775,35.42795154260464,34.78177434011744,35.233612060546875,192700,0.0,0.0
2026-02-06 00:00:00-05:00,35.36965408450319,35.81663232117767,35.20446421903457,35.3988037109375,166600,0.0,0.0
2026-02-09 00:00:00-05:00,35.466821938891655,35.5639898313797,35.08786196878378,35.3502197265625,93800,0.0,0.0
2026-02-10 00:00:00-05:00,35.43767481877745,35.77776617325568,35.39880617634629,35.52512741088867,93500,0.0,0.0
2026-02-11 00:00:00-05:00,35.709744094615715,35.758328039115256,34.29107215761186,34.32994079589844,113100,0.0,0.0
2026-02-12 00:00:00-05:00,34.41739009424307,35.49597072626615,33.66918918499205,35.34049987792969,254300,0.0,0.0
2026-02-13 00:00:00-05:00,35.48625613923502,36.34134767577685,33.8635256517831,34.057865142822266,364900,0.0,0.0
2026-02-17 00:00:00-05:00,34.31050612532631,35.88464889263581,34.087017017543644,35.855499267578125,257700,0.0,0.0
2026-02-18 00:00:00-05:00,35.75833306663424,36.08384961793697,35.22390218856511,35.92352294921875,142800,0.0,0.0
2026-02-19 00:00:00-05:00,35.95266920762352,36.788326436334984,35.85550131407372,36.36077880859375,130400,0.0,0.0
2026-02-20 00:00:00-05:00,36.46766673039093,37.44616234667261,36.24417760363285,37.13813781738281,226800,0.0,0.0
2026-02-23 00:00:00-05:00,37.118705296303936,37.497665299470825,36.341350968433666,36.77861022949219,116100,0.0,0.0
2026-02-24 00:00:00-05:00,36.82719464240602,36.92436253481063,36.54540256502816,36.59398651123047,113600,0.0,0.0
2026-02-25 00:00:00-05:00,36.7300234163997,37.02153080329225,36.156723949266755,36.934078216552734,140500,0.0,0.0
2026-02-26 00:00:00-05:00,36.943799695309124,37.43936191542528,36.93408068129086,37.060401916503906,116800,0.0,0.0
2026-02-27 00:00:00-05:00,36.827196286701685,37.337333304679206,36.3413493895511,36.71059036254883,174600,0.0,0.0
2026-03-02 00:00:00-05:00,36.17615516406673,36.85634147957646,36.09647557083183,36.846622467041016,91300,0.0,0.0
2026-03-03 00:00:00-05:00,36.35106748808205,36.83205491531714,35.651446716308875,36.45795440673828,96900,0.0,0.0
2026-03-04 00:00:00-05:00,36.63285577825153,37.20615524937901,36.24417678854161,37.12841796875,163700,0.0,0.0
2026-03-05 00:00:00-05:00,36.982666375692304,36.982666375692304,36.049837535475454,36.65229034423828,104100,0.0,0.0
2026-03-06 00:00:00-05:00,36.21502973399164,36.43851887159797,35.56399293599249,36.0595588684082,109700,0.0,0.0
2026-03-09 00:00:00-04:00,35.632008677099634,37.167286609064504,35.55427510318818,37.12841796875,197100,0.0,0.0
2026-03-10 00:00:00-04:00,37.05068214844371,37.86690501197264,37.00209820435502,37.147850036621094,144800,0.0,0.0
2026-03-11 00:00:00-04:00,37.11870193481445,37.21101032035598,36.69115431316638,37.11870193481445,97300,0.0,0.0
2026-03-12 00:00:00-04:00,36.82719558851247,37.12356248669306,35.95266970753406,36.0789909362793,163100,0.0,0.0
2026-03-13 00:00:00-04:00,36.45795368397197,36.58427492230851,35.845785520806466,35.874935150146484,124400,0.0,0.0
2026-03-16 00:00:00-04:00,36.23446333737566,37.10315488191309,36.147010745548386,36.76889419555664,127000,0.0,0.0
2026-03-17 00:00:00-04:00,37.211416359667474,37.95878987608344,36.90656461212297,37.004905700683594,155800,0.45,0.0
2026-03-18 00:00:00-04:00,36.95573899958578,37.33925988706842,36.62138678333671,36.79839324951172,170000,0.0,0.0
2026-03-19 00:00:00-04:00,36.532881221846154,37.4572649841008,36.532881221846154,37.40809631347656,219000,0.0,0.0
2026-03-20 00:00:00-04:00,37.56543982036283,37.56543982036283,36.2998163548828,36.53288269042969,585700,0.0,0.0
2026-03-23 00:00:00-04:00,37.65394535629234,37.757200695317394,36.719725561023225,36.87706756591797,232100,0.0,0.0
2026-03-24 00:00:00-04:00,36.58204853205398,36.68038586964548,35.65766105284643,36.37553787231445,163200,0.0,0.0
2026-03-25 00:00:00-04:00,36.503379216008064,36.93115455398327,36.10019009048969,36.7885627746582,127600,0.0,0.0
2026-03-26 00:00:00-04:00,36.7688960253234,37.34909540001061,36.680390908800625,37.19175338745117,101000,0.0,0.0
2026-03-27 00:00:00-04:00,36.97540285074651,37.23108593902624,36.778728169090215,36.86723327636719,103600,0.0,0.0
2026-03-30 00:00:00-04:00,37.368760031620766,37.958791584219966,36.97540316233521,37.94895935058594,114200,0.0,0.0
2026-03-31 00:00:00-04:00,38.35214946227956,38.64716524633895,37.14258212170564,37.79161834716797,243700,0.0,0.0
2026-04-01 00:00:00-04:00,37.9587921755955,38.96184883170448,37.72278105141056,38.72583770751953,190500,0.0,0.0
2026-04-02 00:00:00-04:00,38.71600066643041,39.905903494004676,38.49473977462573,39.7288932800293,162400,0.0,0.0
2026-04-06 00:00:00-04:00,39.92556912973987,40.712282882138624,39.72889444296937,40.328758239746094,196800,0.0,0.0
2026-04-07 00:00:00-04:00,40.29925749027818,40.80078769130614,39.43387461980877,40.3090934753418,184700,0.0,0.0
2026-04-08 00:00:00-04:00,40.810622164673134,41.44982618103712,40.71228481661531,40.96796417236328,454500,0.0,0.0
2026-04-09 00:00:00-04:00,40.74178046772061,42.26603169089924,40.74178046772061,41.97101593017578,288500,0.0,0.0
2026-04-10 00:00:00-04:00,41.906831328015656,42.667158386218944,41.492109532690485,42.14381790161133,169500,0.175,0.0
2026-04-13 00:00:00-04:00,42.064822604144,42.064822604144,40.79103149733817,41.3538703918457,174700,0.0,0.0
2026-04-14 00:00:00-04:00,41.18600273442849,42.099381347306526,40.86015043276511,41.84758758544922,147100,0.0,0.0
2026-04-15 00:00:00-04:00,41.65997363299593,41.837712628294376,41.30943388303897,41.7883415222168,139500,0.0,0.0
2026-04-16 00:00:00-04:00,41.551360280299015,42.479549916748766,41.551360280299015,42.459800720214844,106200,0.0,0.0
2026-04-17 00:00:00-04:00,42.706657024974525,43.67434498647554,42.70468323549209,43.30899429321289,106900,0.0,0.0
2026-04-20 00:00:00-04:00,43.2003758170388,43.703967112039784,43.2003758170388,43.447235107421875,103900,0.0,0.0
2026-04-21 00:00:00-04:00,43.437364426420096,43.85208624562468,43.1954395984434,43.36824035644531,147000,0.0,0.0
2026-04-22 00:00:00-04:00,43.417614298978705,44.28655631108564,43.2102496270502,44.13844299316406,221700,0.0,0.0
2026-04-23 00:00:00-04:00,44.375424937874904,44.87902000253965,44.103881976959556,44.46429443359375,139600,0.0,0.0
2026-04-24 00:00:00-04:00,44.24706303268547,44.5827918370065,43.63484924630507,43.79283905029297,112100,0.0,0.0
2026-04-27 00:00:00-04:00,43.75334321511623,44.80002422506749,43.269497334965486,44.572914123535156,119500,0.0,0.0
2026-04-28 00:00:00-04:00,45.01726240649567,45.09625542431334,44.217436912987885,44.54329299926758,223500,0.0,0.0
2026-04-29 00:00:00-04:00,44.30630620478141,44.66178420023128,44.039697708194,44.405052185058594,370100,0.0,0.0
2026-04-30 00:00:00-04:00,44.40505089175666,45.28386937337095,44.26187204960534,44.45442199707031,365700,0.0,0.0
2026-05-01 00:00:00-04:00,44.44454641850369,44.44454641850369,42.72640781134438,42.95351791381836,257900,0.0,0.0
2026-05-04 00:00:00-04:00,42.77578000240169,42.914020610302416,41.97595449940937,42.765907287597656,204000,0.0,0.0
2026-05-05 00:00:00-04:00,43.04238782970382,43.69409623301684,42.578291138923305,43.22999954223633,277000,0.0,0.0
2026-05-06 00:00:00-04:00,43.654596221936025,44.202624150622626,43.31886743469355,43.58547592163086,148400,0.0,0.0
2026-05-07 00:00:00-04:00,43.486734793266216,44.42480087801924,42.71159674904494,43.397865295410156,148900,0.0,0.0
2026-05-08 00:00:00-04:00,44.25693493452239,47.387112812425805,44.217436542557444,46.755149841308594,338800,0.0,0.0
2026-05-11 00:00:00-04:00,47.01188665663659,48.02894578807988,45.79240108699975,45.83683395385742,194900,0.0,0.0
2026-05-12 00:00:00-04:00,46.034322126916436,46.2614322354306,44.829651280309754,45.98495101928711,252400,0.0,0.0
2026-05-13 00:00:00-04:00,45.886205951554054,46.01457007005585,44.4445448376884,45.21474838256836,234000,0.0,0.0
2026-05-14 00:00:00-04:00,45.36286132805666,45.708466590720704,44.73090215455804,45.668968200683594,209200,0.0,0.0
2026-05-15 00:00:00-04:00,45.70846902142348,46.1429400346148,44.79015212148187,46.01457214355469,199000,0.0,0.0
2026-05-18 00:00:00-04:00,46.17256182662808,46.40954841207027,45.27399412506534,45.580101013183594,144900,0.0,0.0
2026-05-19 00:00:00-04:00,45.26412191541244,46.330552144864484,44.71609396181416,45.56035232543945,97600,0.0,0.0
2026-05-20 00:00:00-04:00,45.846707631731775,47.15012438135077,45.44087165213261,47.12050247192383,246600,0.0,0.0
2026-05-21 00:00:00-04:00,46.84401870654882,47.643844182543084,46.557664785609184,47.36736297607422,272400,0.0,0.0
2026-05-22 00:00:00-04:00,47.39698479799106,47.54510188219435,46.38979841902088,46.63665771484375,232500,0.0,0.0
2026-05-26 00:00:00-04:00,46.65640792768323,47.24886874386485,46.16268932527389,46.59716033935547,323400,0.0,0.0
2026-05-27 00:00:00-04:00,46.814397090874536,47.209373474121094,46.014571609848524,47.209373474121094,617500,0.0,0.0
2026-05-28 00:00:00-04:00,47.238994223673835,48.56216017822907,46.64653343013669,47.693214416503906,209800,0.0,0.0
2026-05-29 00:00:00-04:00,47.75246359857366,48.2876543802121,46.715655291844,47.48585510253906,234900,0.0,0.0
2026-06-01 00:00:00-04:00,47.396986294540696,48.40417270531257,46.72552868735944,47.752464294433594,241000,0.0,0.0
2026-06-02 00:00:00-04:00,47.53522738348883,48.18693580097063,47.396986774746345,47.88083267211914,205900,0.0,0.0
2026-06-03 00:00:00-04:00,47.41673521573986,48.15731312229537,46.46879639937459,46.88351821899414,214400,0.0,0.0
2026-06-04 00:00:00-04:00,47.090877829373824,47.65371672148305,46.21205934052867,46.93288803100586,305100,0.0,0.0
2026-06-05 00:00:00-04:00,46.79464722585314,48.1968099762304,46.55272617213051,47.82158279418945,177400,0.0,0.0
2026-06-08 00:00:00-04:00,47.90057511835082,48.23334322018936,47.140251817624005,47.406856536865234,143900,0.0,0.0
2026-06-09 00:00:00-04:00,47.870954051051115,49.22374193342533,47.870954051051115,49.13487243652344,290600,0.0,0.0
2026-06-10 00:00:00-04:00,49.5989688010851,50.1914333655862,49.40641885348506,49.44097900390625,228500,0.0,0.0
2026-06-11 00:00:00-04:00,49.79645758777408,50.33460904605425,48.789271206112964,49.125,252100,0.0,0.0
2026-06-12 00:00:00-04:00,49.43000030517578,49.75,49.10499954223633,49.70000076293945,206400,0.625,0.0
2026-06-15 00:00:00-04:00,49.54999923706055,49.97800064086914,47.56999969482422,47.810001373291016,267500,0.0,0.0
2026-06-16 00:00:00-04:00,48.0,48.29499816894531,47.15800094604492,48.13999938964844,230900,0.0,0.0
2026-06-17 00:00:00-04:00,47.84000015258789,48.150001525878906,46.4900016784668,47.2400016784668,350000,0.0,0.0
2026-06-18 00:00:00-04:00,47.720001220703125,48.13999938964844,47.15999984741211,47.400001525878906,395400,0.0,0.0
2026-06-22 00:00:00-04:00,47.459999084472656,49.66999816894531,47.334999084472656,49.599998474121094,526700,0.0,0.0
2026-06-23 00:00:00-04:00,49.599998474121094,50.49800109863281,49.45000076293945,50.09000015258789,323900,0.0,0.0
2026-06-24 00:00:00-04:00,50.38999938964844,51.22999954223633,49.939998626708984,50.9900016784668,315800,0.0,0.0
2026-06-25 00:00:00-04:00,51.209999084472656,53.084999084472656,51.17499923706055,52.81999969482422,451500,0.0,0.0
2026-06-26 00:00:00-04:00,53.20000076293945,53.47999954223633,52.06999969482422,53.43000030517578,895000,0.0,0.0
2026-06-29 00:00:00-04:00,53.20000076293945,53.63999938964844,52.72999954223633,53.27000045776367,303100,0.0,0.0
2026-06-30 00:00:00-04:00,53.0,53.529998779296875,52.40999984741211,53.09000015258789,384600,0.0,0.0
2026-07-01 00:00:00-04:00,53.380001068115234,55.40999984741211,53.15999984741211,55.279998779296875,520400,0.0,0.0
2026-07-02 00:00:00-04:00,55.130001068115234,55.784000396728516,52.09000015258789,52.630001068115234,470800,0.0,0.0
2026-07-06 00:00:00-04:00,52.209999084472656,53.959999084472656,52.084999084472656,52.900001525878906,349700,0.0,0.0
2026-07-07 00:00:00-04:00,53.09000015258789,54.439998626708984,52.849998474121094,53.529998779296875,390400,0.0,0.0
2026-07-08 00:00:00-04:00,53.47999954223633,54.02000045776367,51.4900016784668,51.880001068115234,301900,0.0,0.0
2026-07-09 00:00:00-04:00,52.13999938964844,53.32500076293945,51.75,52.189998626708984,309800,0.0,0.0
2026-07-10 00:00:00-04:00,52.16999816894531,52.619998931884766,51.619998931884766,52.369998931884766,173700,0.0,0.0
2026-07-13 00:00:00-04:00,52.630001068115234,53.68000030517578,51.40999984741211,51.70000076293945,178600,0.0,0.0
2026-07-14 00:00:00-04:00,52.18000030517578,53.59000015258789,51.72999954223633,52.40999984741211,226200,0.0,0.0
2026-07-15 00:00:00-04:00,52.290000915527344,53.439998626708984,52.290000915527344,53.08000183105469,219600,0.0,0.0
2026-07-16 00:00:00-04:00,53.279998779296875,54.810001373291016,53.2400016784668,54.220001220703125,258100,0.0,0.0
2026-07-17 00:00:00-04:00,53.900001525878906,55.459999084472656,53.560001373291016,55.27000045776367,325100,0.0,0.0
2026-07-20 00:00:00-04:00,55.369998931884766,55.928001403808594,54.58000183105469,55.54999923706055,437800,0.0,0.0
2026-07-21 00:00:00-04:00,55.9900016784668,56.5099983215332,54.5,55.529998779296875,331600,0.0,0.0
2026-07-22 00:00:00-04:00,55.25,56.939998626708984,54.20000076293945,56.90999984741211,276600,0.0,0.0
2026-07-23 00:00:00-04:00,56.349998474121094,56.779998779296875,55.11000061035156,55.97999954223633,284100,0.0,0.0
2026-07-24 00:00:00-04:00,56.290000915527344,57.834999084472656,55.60900115966797,57.56999969482422,246500,0.0,0.0
2026-07-27 00:00:00-04:00,57.4900016784668,58.6349983215332,57.32500076293945,58.40999984741211,281100,0.0,0.0
2026-07-28 00:00:00-04:00,58.93000030517578,60.18000030517578,58.5,60.04999923706055,430800,0.0,0.0
2026-07-29 00:00:00-04:00,60.0,60.400001525878906,58.94300079345703,59.31999969482422,343300,0.0,0.0
2026-07-30 00:00:00-04:00,59.470001220703125,59.470001220703125,58.060001373291016,58.279998779296875,243000,0.0,0.0
2026-07-31 00:00:00-04:00,58.63999938964844,58.90999984741211,57.119998931884766,58.709999084472656,292500,0.0,0.0
2026-08-03 00:00:00-04:00,59.15999984741211,59.25,58.154998779296875,58.459999084472656,270411,0.0,0.0
