Date,Open,High,Low,Close,Volume,Dividends,Stock Splits
2022-01-03 00:00:00-05:00,43.0,44.20000076293945,43.0,43.29999923706055,440,0.0,0.0
2022-01-04 00:00:00-05:00,44.099998474121094,44.5,43.0,43.20000076293945,340,0.0,0.0
2022-01-05 00:00:00-05:00,43.0,44.20000076293945,43.0,43.599998474121094,340,0.0,0.0
2022-01-06 00:00:00-05:00,43.0,43.5,42.5,42.599998474121094,990,0.0,0.0
2022-01-07 00:00:00-05:00,43.599998474121094,43.599998474121094,42.5,42.5,180,0.0,0.0
2022-01-10 00:00:00-05:00,42.79999923706055,42.79999923706055,41.400001525878906,41.79999923706055,350,0.0,0.0
2022-01-11 00:00:00-05:00,41.70000076293945,45.0,41.20000076293945,43.0,4140,0.0,0.0
2022-01-12 00:00:00-05:00,43.0,43.79999923706055,42.20000076293945,42.20000076293945,390,0.0,0.0
2022-01-13 00:00:00-05:00,43.0,43.0,41.79999923706055,41.79999923706055,260,0.0,0.0
2022-01-14 00:00:00-05:00,41.599998474121094,45.0,41.29999923706055,42.0,4280,0.0,0.0
2022-01-18 00:00:00-05:00,42.29999923706055,42.79999923706055,41.599998474121094,41.900001525878906,800,0.0,0.0
2022-01-19 00:00:00-05:00,42.5,42.5,41.599998474121094,41.599998474121094,330,0.0,0.0
2022-01-20 00:00:00-05:00,41.70000076293945,42.29999923706055,41.70000076293945,42.20000076293945,260,0.0,0.0
2022-01-21 00:00:00-05:00,42.0,42.0,41.0,41.29999923706055,460,0.0,0.0
2022-01-24 00:00:00-05:00,41.29999923706055,42.0,40.099998474121094,41.5,1940,0.0,0.0
2022-01-25 00:00:00-05:00,41.099998474121094,42.0,40.5,41.79999923706055,290,0.0,0.0
2022-01-26 00:00:00-05:00,41.0,46.5,41.0,43.900001525878906,1610,0.0,0.0
2022-01-27 00:00:00-05:00,43.70000076293945,48.0,42.5,43.79999923706055,480,0.0,0.0
2022-01-28 00:00:00-05:00,43.70000076293945,43.79999923706055,40.400001525878906,43.70000076293945,430,0.0,0.0
2022-01-31 00:00:00-05:00,43.79999923706055,43.900001525878906,41.70000076293945,43.79999923706055,700,0.0,0.0
2022-02-01 00:00:00-05:00,43.900001525878906,46.0,43.20000076293945,46.0,330,0.0,0.0
2022-02-02 00:00:00-05:00,45.5,46.0,44.29999923706055,45.79999923706055,130,0.0,0.0
2022-02-03 00:00:00-05:00,42.79999923706055,45.5,42.29999923706055,43.900001525878906,670,0.0,0.0
2022-02-04 00:00:00-05:00,45.0,45.0,43.400001525878906,44.29999923706055,260,0.0,0.0
2022-02-07 00:00:00-05:00,43.79999923706055,44.20000076293945,43.29999923706055,44.20000076293945,540,0.0,0.0
2022-02-08 00:00:00-05:00,44.099998474121094,44.29999923706055,43.20000076293945,44.29999923706055,260,0.0,0.0
2022-02-09 00:00:00-05:00,45.400001525878906,49.0,43.900001525878906,48.29999923706055,1000,0.0,0.0
2022-02-10 00:00:00-05:00,50.0,51.0,47.5,50.900001525878906,1750,0.0,0.0
2022-02-11 00:00:00-05:00,51.0,53.0,49.5,52.70000076293945,2190,0.0,0.0
2022-02-14 00:00:00-05:00,51.70000076293945,53.0,50.0,51.099998474121094,1110,0.0,0.0
2022-02-15 00:00:00-05:00,50.900001525878906,51.79999923706055,49.099998474121094,51.70000076293945,710,0.0,0.0
2022-02-16 00:00:00-05:00,51.0,51.900001525878906,50.20000076293945,50.900001525878906,360,0.0,0.0
2022-02-17 00:00:00-05:00,51.5,51.5,48.400001525878906,48.400001525878906,1150,0.0,0.0
2022-02-18 00:00:00-05:00,48.0,49.900001525878906,48.0,49.900001525878906,590,0.0,0.0
2022-02-22 00:00:00-05:00,47.5,50.0,47.5,48.0,390,0.0,0.0
2022-02-23 00:00:00-05:00,48.099998474121094,50.0,48.099998474121094,49.400001525878906,1210,0.0,0.0
2022-02-24 00:00:00-05:00,48.099998474121094,50.0,48.0,50.0,270,0.0,0.0
2022-02-25 00:00:00-05:00,49.70000076293945,49.900001525878906,49.70000076293945,49.900001525878906,150,0.0,0.0
2022-02-28 00:00:00-05:00,49.5,50.5,49.0,50.29999923706055,350,0.0,0.0
2022-03-01 00:00:00-05:00,49.29999923706055,49.400001525878906,42.5,47.29999923706055,4300,0.0,0.0
2022-03-02 00:00:00-05:00,46.20000076293945,47.099998474121094,44.20000076293945,46.900001525878906,520,0.0,0.0
2022-03-03 00:00:00-05:00,46.20000076293945,47.0,44.5,46.400001525878906,330,0.0,0.0
2022-03-04 00:00:00-05:00,45.79999923706055,46.20000076293945,43.20000076293945,44.099998474121094,830,0.0,0.0
2022-03-07 00:00:00-05:00,44.400001525878906,45.5,42.5,42.5,610,0.0,0.0
2022-03-08 00:00:00-05:00,43.0,43.0,41.79999923706055,42.900001525878906,960,0.0,0.0
2022-03-09 00:00:00-05:00,43.0,45.79999923706055,41.599998474121094,45.29999923706055,2220,0.0,0.0
2022-03-10 00:00:00-05:00,44.20000076293945,46.20000076293945,43.20000076293945,45.70000076293945,510,0.0,0.0
2022-03-11 00:00:00-05:00,44.0,45.5,42.099998474121094,44.0,3150,0.0,0.0
2022-03-14 00:00:00-04:00,45.400001525878906,45.400001525878906,41.5,42.599998474121094,1210,0.0,0.0
2022-03-15 00:00:00-04:00,40.5,42.20000076293945,40.5,42.099998474121094,660,0.0,0.0
2022-03-16 00:00:00-04:00,41.79999923706055,42.900001525878906,41.29999923706055,42.0,780,0.0,0.0
2022-03-17 00:00:00-04:00,41.599998474121094,45.5,41.20000076293945,41.79999923706055,5030,0.0,0.0
2022-03-18 00:00:00-04:00,41.400001525878906,44.900001525878906,41.400001525878906,43.599998474121094,5930,0.0,0.0
2022-03-21 00:00:00-04:00,42.599998474121094,44.599998474121094,42.0,42.0,550,0.0,0.0
2022-03-22 00:00:00-04:00,44.0,44.0,42.5,43.900001525878906,680,0.0,0.0
2022-03-23 00:00:00-04:00,43.900001525878906,43.900001525878906,42.5,43.29999923706055,600,0.0,0.0
2022-03-24 00:00:00-04:00,42.599998474121094,43.0,42.5,42.599998474121094,390,0.0,0.0
2022-03-25 00:00:00-04:00,42.099998474121094,42.900001525878906,42.0,42.400001525878906,390,0.0,0.0
2022-03-28 00:00:00-04:00,42.5,43.0,41.5,42.900001525878906,920,0.0,0.0
2022-03-29 00:00:00-04:00,43.0,43.29999923706055,41.599998474121094,43.20000076293945,360,0.0,0.0
2022-03-30 00:00:00-04:00,42.5,43.0,42.099998474121094,43.0,220,0.0,0.0
2022-03-31 00:00:00-04:00,42.400001525878906,43.5,40.20000076293945,42.400001525878906,3400,0.0,0.0
2022-04-01 00:00:00-04:00,43.400001525878906,43.5,43.0,43.0,220,0.0,0.0
2022-04-04 00:00:00-04:00,42.79999923706055,43.79999923706055,41.5,43.0,1110,0.0,0.0
2022-04-05 00:00:00-04:00,43.099998474121094,44.5,43.099998474121094,43.79999923706055,4140,0.0,0.0
2022-04-06 00:00:00-04:00,43.599998474121094,44.5,42.79999923706055,42.79999923706055,2590,0.0,0.0
2022-04-07 00:00:00-04:00,44.0,44.0,42.70000076293945,42.900001525878906,160,0.0,0.0
2022-04-08 00:00:00-04:00,42.79999923706055,42.79999923706055,42.79999923706055,42.79999923706055,100,0.0,0.0
2022-04-11 00:00:00-04:00,42.5,43.400001525878906,41.0,41.0,660,0.0,0.0
2022-04-12 00:00:00-04:00,42.5,44.0,42.5,42.5,840,0.0,0.0
2022-04-13 00:00:00-04:00,43.5,43.5,41.0,41.29999923706055,790,0.0,0.0
2022-04-14 00:00:00-04:00,41.5,42.099998474121094,40.79999923706055,42.099998474121094,90,0.0,0.0
2022-04-18 00:00:00-04:00,42.0,42.0,40.0,40.0,1730,0.0,0.0
2022-04-19 00:00:00-04:00,40.0,41.70000076293945,40.0,41.0,1060,0.0,0.0
2022-04-20 00:00:00-04:00,39.900001525878906,41.70000076293945,39.70000076293945,39.70000076293945,2020,0.0,0.0
2022-04-21 00:00:00-04:00,41.79999923706055,41.79999923706055,39.0,40.0,1950,0.0,0.0
2022-04-22 00:00:00-04:00,39.29999923706055,40.0,38.5,39.20000076293945,2900,0.0,0.0
2022-04-25 00:00:00-04:00,39.5,40.0,38.70000076293945,40.0,1170,0.0,0.0
2022-04-26 00:00:00-04:00,39.29999923706055,39.900001525878906,36.099998474121094,36.599998474121094,2510,0.0,0.0
2022-04-27 00:00:00-04:00,37.0,38.599998474121094,37.0,38.0,440,0.0,0.0
2022-04-28 00:00:00-04:00,37.79999923706055,37.79999923706055,36.099998474121094,36.29999923706055,1810,0.0,0.0
2022-04-29 00:00:00-04:00,37.5,37.5,36.5,37.0,340,0.0,0.0
2022-05-02 00:00:00-04:00,36.29999923706055,37.0,35.5,35.5,2160,0.0,0.0
2022-05-03 00:00:00-04:00,36.0,37.29999923706055,35.79999923706055,37.29999923706055,1190,0.0,0.0
2022-05-04 00:00:00-04:00,36.29999923706055,38.099998474121094,36.29999923706055,38.099998474121094,200,0.0,0.0
2022-05-05 00:00:00-04:00,37.20000076293945,37.599998474121094,36.79999923706055,37.599998474121094,140,0.0,0.0
2022-05-06 00:00:00-04:00,37.29999923706055,37.29999923706055,35.79999923706055,37.20000076293945,230,0.0,0.0
2022-05-09 00:00:00-04:00,35.70000076293945,37.099998474121094,35.70000076293945,36.29999923706055,600,0.0,0.0
2022-05-10 00:00:00-04:00,35.70000076293945,36.5,35.20000076293945,36.0,1780,0.0,0.0
2022-05-11 00:00:00-04:00,35.20000076293945,36.099998474121094,33.29999923706055,33.29999923706055,1340,0.0,0.0
2022-05-12 00:00:00-04:00,35.0,35.0,33.0,33.70000076293945,470,0.0,0.0
2022-05-13 00:00:00-04:00,34.20000076293945,36.20000076293945,33.5,35.099998474121094,1450,0.0,0.0
2022-05-16 00:00:00-04:00,34.79999923706055,37.599998474121094,33.70000076293945,37.400001525878906,1780,0.0,0.0
2022-05-17 00:00:00-04:00,37.599998474121094,39.099998474121094,37.5,38.70000076293945,1930,0.0,0.0
2022-05-18 00:00:00-04:00,39.099998474121094,39.099998474121094,37.5,38.70000076293945,560,0.0,0.0
2022-05-19 00:00:00-04:00,37.5,39.79999923706055,37.5,39.79999923706055,1180,0.0,0.0
2022-05-20 00:00:00-04:00,39.70000076293945,40.400001525878906,38.0,40.0,3100,0.0,0.0
2022-05-23 00:00:00-04:00,40.0,40.29999923706055,38.599998474121094,40.29999923706055,450,0.0,0.0
2022-05-24 00:00:00-04:00,39.599998474121094,41.0,38.5,40.79999923706055,640,0.0,0.0
2022-05-25 00:00:00-04:00,40.70000076293945,41.20000076293945,40.099998474121094,40.900001525878906,740,0.0,0.0
2022-05-26 00:00:00-04:00,39.099998474121094,41.400001525878906,38.900001525878906,41.400001525878906,160,0.0,0.0
2022-05-27 00:00:00-04:00,41.400001525878906,41.79999923706055,41.400001525878906,41.79999923706055,520,0.0,0.0
2022-05-31 00:00:00-04:00,42.5,43.400001525878906,42.5,43.400001525878906,1260,0.0,0.0
2022-06-01 00:00:00-04:00,43.0,43.400001525878906,41.79999923706055,41.900001525878906,710,0.0,0.0
2022-06-02 00:00:00-04:00,41.900001525878906,44.0,41.900001525878906,44.0,800,0.0,0.0
2022-06-03 00:00:00-04:00,43.20000076293945,44.79999923706055,42.70000076293945,43.400001525878906,180,0.0,0.0
2022-06-06 00:00:00-04:00,43.5,44.20000076293945,43.0,43.0,1030,0.0,0.0
2022-06-07 00:00:00-04:00,43.70000076293945,43.70000076293945,42.400001525878906,42.400001525878906,510,0.0,0.0
2022-06-08 00:00:00-04:00,42.20000076293945,43.70000076293945,42.20000076293945,43.5,60,0.0,0.0
2022-06-09 00:00:00-04:00,42.599998474121094,44.29999923706055,42.599998474121094,42.70000076293945,340,0.0,0.0
2022-06-10 00:00:00-04:00,42.70000076293945,44.20000076293945,42.099998474121094,42.5,1470,0.0,0.0
2022-06-13 00:00:00-04:00,42.0,42.5,40.5,40.5,2120,0.0,0.0
2022-06-14 00:00:00-04:00,41.79999923706055,42.79999923706055,40.400001525878906,41.400001525878906,1690,0.0,0.0
2022-06-15 00:00:00-04:00,41.5,41.5,37.5,39.20000076293945,1440,0.0,0.0
2022-06-16 00:00:00-04:00,37.599998474121094,38.5,36.5,37.29999923706055,1020,0.0,0.0
2022-06-17 00:00:00-04:00,36.599998474121094,39.29999923706055,35.599998474121094,39.29999923706055,730,0.0,0.0
2022-06-21 00:00:00-04:00,37.0,39.599998474121094,37.0,38.900001525878906,530,0.0,0.0
2022-06-22 00:00:00-04:00,38.400001525878906,38.599998474121094,37.0,38.0,1250,0.0,0.0
2022-06-23 00:00:00-04:00,38.79999923706055,39.79999923706055,37.70000076293945,39.0,610,0.0,0.0
2022-06-24 00:00:00-04:00,39.20000076293945,39.79999923706055,36.0,39.5,150,0.0,0.0
2022-06-27 00:00:00-04:00,38.099998474121094,40.0,38.099998474121094,40.0,340,0.0,0.0
2022-06-28 00:00:00-04:00,42.400001525878906,42.400001525878906,42.400001525878906,42.400001525878906,50,0.0,0.0
2022-06-29 00:00:00-04:00,40.099998474121094,40.099998474121094,39.29999923706055,39.5,300,0.0,0.0
2022-06-30 00:00:00-04:00,40.0,46.5,38.79999923706055,43.599998474121094,5400,0.0,0.0
2022-07-01 00:00:00-04:00,43.70000076293945,46.0,40.70000076293945,42.20000076293945,230,0.0,0.0
2022-07-05 00:00:00-04:00,42.5,44.599998474121094,41.099998474121094,42.5,710,0.0,0.0
2022-07-06 00:00:00-04:00,42.20000076293945,44.900001525878906,40.5,42.099998474121094,450,0.0,0.0
2022-07-07 00:00:00-04:00,42.400001525878906,43.29999923706055,40.5,41.79999923706055,200,0.0,0.0
2022-07-08 00:00:00-04:00,41.79999923706055,43.599998474121094,37.5,42.5,1490,0.0,0.0
2022-07-11 00:00:00-04:00,40.0,43.20000076293945,36.400001525878906,40.5,410,0.0,0.0
2022-07-12 00:00:00-04:00,41.599998474121094,42.29999923706055,38.099998474121094,41.20000076293945,620,0.0,0.0
2022-07-13 00:00:00-04:00,41.70000076293945,41.70000076293945,41.70000076293945,41.70000076293945,30,0.0,0.0
2022-07-14 00:00:00-04:00,42.599998474121094,42.70000076293945,40.5,42.099998474121094,510,0.0,0.0
2022-07-15 00:00:00-04:00,40.900001525878906,41.0,40.20000076293945,40.20000076293945,170,0.0,0.0
2022-07-18 00:00:00-04:00,41.0,41.400001525878906,40.400001525878906,41.400001525878906,140,0.0,0.0
2022-07-19 00:00:00-04:00,40.5,41.900001525878906,40.5,41.5,90,0.0,0.0
2022-07-20 00:00:00-04:00,40.20000076293945,41.70000076293945,40.099998474121094,41.70000076293945,220,0.0,0.0
2022-07-21 00:00:00-04:00,37.79999923706055,40.599998474121094,36.0,40.599998474121094,290,0.0,0.0
2022-07-22 00:00:00-04:00,40.79999923706055,41.29999923706055,40.0,41.29999923706055,180,0.0,0.0
2022-07-25 00:00:00-04:00,40.599998474121094,41.29999923706055,38.0,39.20000076293945,130,0.0,0.0
2022-07-26 00:00:00-04:00,38.79999923706055,40.5,38.79999923706055,40.5,310,0.0,0.0
2022-07-27 00:00:00-04:00,42.0,42.0,39.099998474121094,41.400001525878906,260,0.0,0.0
2022-07-28 00:00:00-04:00,40.70000076293945,40.70000076293945,40.0,40.0,500,0.0,0.0
2022-07-29 00:00:00-04:00,40.70000076293945,40.70000076293945,39.099998474121094,40.0,70,0.0,0.0
2022-08-01 00:00:00-04:00,39.5,39.900001525878906,39.099998474121094,39.20000076293945,330,0.0,0.0
2022-08-02 00:00:00-04:00,40.29999923706055,41.0,39.20000076293945,40.20000076293945,260,0.0,0.0
2022-08-03 00:00:00-04:00,39.20000076293945,40.599998474121094,39.20000076293945,40.599998474121094,110,0.0,0.0
2022-08-04 00:00:00-04:00,41.400001525878906,41.79999923706055,39.400001525878906,41.5,670,0.0,0.0
2022-08-05 00:00:00-04:00,41.0,41.900001525878906,40.0,41.70000076293945,220,0.0,0.0
2022-08-08 00:00:00-04:00,41.70000076293945,42.400001525878906,41.70000076293945,42.0,410,0.0,0.0
2022-08-09 00:00:00-04:00,41.79999923706055,42.29999923706055,40.900001525878906,42.0,150,0.0,0.0
2022-08-10 00:00:00-04:00,40.20000076293945,42.20000076293945,40.20000076293945,42.0,180,0.0,0.0
2022-08-11 00:00:00-04:00,40.70000076293945,42.29999923706055,40.70000076293945,42.29999923706055,340,0.0,0.0
2022-08-12 00:00:00-04:00,42.5,44.5,41.0,44.5,880,0.0,0.0
2022-08-15 00:00:00-04:00,46.900001525878906,48.0,43.599998474121094,46.900001525878906,3620,0.0,0.0
2022-08-16 00:00:00-04:00,46.79999923706055,49.5,46.5,47.599998474121094,3230,0.0,0.0
2022-08-17 00:00:00-04:00,46.70000076293945,47.0,45.5,46.900001525878906,2780,0.0,0.0
2022-08-18 00:00:00-04:00,45.5,47.0,44.0,44.900001525878906,1910,0.0,0.0
2022-08-19 00:00:00-04:00,45.599998474121094,45.79999923706055,42.599998474121094,44.099998474121094,640,0.0,0.0
2022-08-22 00:00:00-04:00,42.900001525878906,43.400001525878906,40.599998474121094,43.0,390,0.0,0.0
2022-08-23 00:00:00-04:00,41.599998474121094,43.20000076293945,41.599998474121094,41.79999923706055,600,0.0,0.0
2022-08-24 00:00:00-04:00,42.5,44.79999923706055,42.5,44.20000076293945,720,0.0,0.0
2022-08-25 00:00:00-04:00,45.400001525878906,45.599998474121094,43.0,44.29999923706055,1530,0.0,0.0
2022-08-26 00:00:00-04:00,44.400001525878906,46.099998474121094,44.29999923706055,44.29999923706055,1040,0.0,0.0
2022-08-29 00:00:00-04:00,44.400001525878906,45.599998474121094,43.79999923706055,44.70000076293945,400,0.0,0.0
2022-08-30 00:00:00-04:00,47.5,47.5,45.0,46.0,700,0.0,0.0
2022-08-31 00:00:00-04:00,46.0,46.5,45.5,45.79999923706055,150,0.0,0.0
2022-09-01 00:00:00-04:00,45.400001525878906,45.400001525878906,42.29999923706055,43.900001525878906,290,0.0,0.0
2022-09-02 00:00:00-04:00,43.099998474121094,43.099998474121094,40.900001525878906,42.900001525878906,140,0.0,0.0
2022-09-06 00:00:00-04:00,42.0,43.599998474121094,41.79999923706055,42.70000076293945,300,0.0,0.0
2022-09-07 00:00:00-04:00,41.79999923706055,43.20000076293945,41.79999923706055,43.099998474121094,490,0.0,0.0
2022-09-08 00:00:00-04:00,42.5,43.099998474121094,39.0,40.29999923706055,2740,0.0,0.0
2022-09-09 00:00:00-04:00,41.5,41.5,39.5,41.20000076293945,680,0.0,0.0
2022-09-12 00:00:00-04:00,39.599998474121094,41.70000076293945,37.5,41.599998474121094,2660,0.0,0.0
2022-09-13 00:00:00-04:00,40.400001525878906,40.900001525878906,39.400001525878906,39.599998474121094,180,0.0,0.0
2022-09-14 00:00:00-04:00,39.0,40.0,38.599998474121094,40.0,700,0.0,0.0
2022-09-15 00:00:00-04:00,39.70000076293945,39.70000076293945,35.20000076293945,36.099998474121094,4880,0.0,0.0
2022-09-16 00:00:00-04:00,37.79999923706055,38.0,36.70000076293945,36.79999923706055,150,0.0,0.0
2022-09-19 00:00:00-04:00,36.20000076293945,37.20000076293945,36.20000076293945,36.20000076293945,200,0.0,0.0
2022-09-20 00:00:00-04:00,36.20000076293945,37.0,36.20000076293945,36.5,90,0.0,0.0
2022-09-21 00:00:00-04:00,36.099998474121094,36.70000076293945,36.099998474121094,36.29999923706055,290,0.0,0.0
2022-09-22 00:00:00-04:00,36.599998474121094,36.599998474121094,36.0,36.29999923706055,480,0.0,0.0
2022-09-23 00:00:00-04:00,36.29999923706055,36.29999923706055,35.20000076293945,35.5,740,0.0,0.0
2022-09-26 00:00:00-04:00,35.29999923706055,35.400001525878906,35.0,35.0,370,0.0,0.0
2022-09-27 00:00:00-04:00,34.900001525878906,34.900001525878906,33.599998474121094,33.599998474121094,530,0.0,0.0
2022-09-28 00:00:00-04:00,33.29999923706055,35.29999923706055,33.099998474121094,34.79999923706055,480,0.0,0.0
2022-09-29 00:00:00-04:00,34.20000076293945,34.5,31.200000762939453,33.900001525878906,1170,0.0,0.0
2022-09-30 00:00:00-04:00,31.200000762939453,34.0,31.200000762939453,33.599998474121094,270,0.0,0.0
2022-10-03 00:00:00-04:00,33.5,34.099998474121094,33.5,34.099998474121094,190,0.0,0.0
2022-10-04 00:00:00-04:00,33.79999923706055,35.29999923706055,33.099998474121094,34.5,310,0.0,0.0
2022-10-05 00:00:00-04:00,35.5,35.5,33.79999923706055,34.900001525878906,150,0.0,0.0
2022-10-06 00:00:00-04:00,34.900001525878906,34.900001525878906,34.900001525878906,34.900001525878906,0,0.0,0.0
2022-10-07 00:00:00-04:00,35.0,35.0,33.400001525878906,33.400001525878906,590,0.0,0.0
2022-10-10 00:00:00-04:00,32.599998474121094,33.099998474121094,32.20000076293945,33.0,320,0.0,0.0
2022-10-11 00:00:00-04:00,33.5,33.5,32.099998474121094,32.79999923706055,160,0.0,0.0
2022-10-12 00:00:00-04:00,32.70000076293945,32.70000076293945,31.799999237060547,32.29999923706055,400,0.0,0.0
2022-10-13 00:00:00-04:00,32.29999923706055,32.29999923706055,31.299999237060547,31.899999618530273,180,0.0,0.0
2022-10-14 00:00:00-04:00,32.0,32.29999923706055,31.399999618530273,31.799999237060547,450,0.0,0.0
2022-10-17 00:00:00-04:00,31.799999237060547,31.799999237060547,30.600000381469727,31.799999237060547,240,0.0,0.0
2022-10-18 00:00:00-04:00,31.899999618530273,32.0,31.299999237060547,32.0,90,0.0,0.0
2022-10-19 00:00:00-04:00,31.899999618530273,32.099998474121094,30.899999618530273,32.099998474121094,350,0.0,0.0
2022-10-20 00:00:00-04:00,32.5,32.5,31.200000762939453,31.799999237060547,150,0.0,0.0
2022-10-21 00:00:00-04:00,31.100000381469727,32.099998474121094,31.100000381469727,31.399999618530273,310,0.0,0.0
2022-10-24 00:00:00-04:00,32.29999923706055,32.29999923706055,31.399999618530273,32.0,1630,0.0,0.0
2022-10-25 00:00:00-04:00,32.0,32.400001525878906,31.5,32.20000076293945,1180,0.0,0.0
2022-10-26 00:00:00-04:00,31.700000762939453,32.400001525878906,31.700000762939453,32.20000076293945,320,0.0,0.0
2022-10-27 00:00:00-04:00,32.400001525878906,34.29999923706055,32.29999923706055,33.0,1990,0.0,0.0
2022-10-28 00:00:00-04:00,33.400001525878906,33.900001525878906,33.0,33.29999923706055,290,0.0,0.0
2022-10-31 00:00:00-04:00,33.599998474121094,35.0,33.599998474121094,34.900001525878906,870,0.0,0.0
2022-11-01 00:00:00-04:00,35.0,35.5,34.70000076293945,35.29999923706055,340,0.0,0.0
2022-11-02 00:00:00-04:00,35.5,36.0,34.79999923706055,36.0,720,0.0,0.0
2022-11-03 00:00:00-04:00,35.0,36.0,35.0,35.900001525878906,330,0.0,0.0
2022-11-04 00:00:00-04:00,35.900001525878906,36.400001525878906,35.099998474121094,36.099998474121094,370,0.0,0.0
2022-11-07 00:00:00-05:00,36.5,36.70000076293945,36.099998474121094,36.70000076293945,310,0.0,0.0
2022-11-08 00:00:00-05:00,36.70000076293945,37.400001525878906,36.5,37.099998474121094,940,0.0,0.0
2022-11-09 00:00:00-05:00,37.099998474121094,37.70000076293945,37.099998474121094,37.599998474121094,580,0.0,0.0
2022-11-10 00:00:00-05:00,37.70000076293945,38.599998474121094,37.70000076293945,38.0,570,0.0,0.0
2022-11-11 00:00:00-05:00,38.29999923706055,41.0,38.29999923706055,39.79999923706055,2140,0.0,0.0
2022-11-14 00:00:00-05:00,40.400001525878906,41.400001525878906,40.0,40.29999923706055,1050,0.0,0.0
2022-11-15 00:00:00-05:00,42.400001525878906,43.0,39.20000076293945,39.70000076293945,2230,0.0,0.0
2022-11-16 00:00:00-05:00,39.70000076293945,39.79999923706055,38.5,39.099998474121094,780,0.0,0.0
2022-11-17 00:00:00-05:00,40.0,40.0,38.0,38.599998474121094,510,0.0,0.0
2022-11-18 00:00:00-05:00,39.0,39.0,35.79999923706055,36.400001525878906,1280,0.0,0.0
2022-11-21 00:00:00-05:00,35.599998474121094,36.400001525878906,35.20000076293945,36.099998474121094,1750,0.0,0.0
2022-11-22 00:00:00-05:00,36.099998474121094,36.099998474121094,35.29999923706055,35.79999923706055,930,0.0,0.0
2022-11-23 00:00:00-05:00,35.79999923706055,37.0,35.400001525878906,35.400001525878906,330,0.0,0.0
2022-11-25 00:00:00-05:00,35.599998474121094,35.599998474121094,35.5,35.5,200,0.0,0.0
2022-11-28 00:00:00-05:00,36.0,36.599998474121094,35.599998474121094,36.29999923706055,930,0.0,0.0
2022-11-29 00:00:00-05:00,36.70000076293945,36.70000076293945,35.70000076293945,35.70000076293945,350,0.0,0.0
2022-11-30 00:00:00-05:00,35.599998474121094,36.400001525878906,35.400001525878906,35.900001525878906,470,0.0,0.0
2022-12-01 00:00:00-05:00,36.400001525878906,38.29999923706055,36.400001525878906,37.599998474121094,2330,0.0,0.0
2022-12-02 00:00:00-05:00,37.70000076293945,38.400001525878906,35.79999923706055,36.5,2670,0.0,0.0
2022-12-05 00:00:00-05:00,37.900001525878906,37.900001525878906,36.099998474121094,36.70000076293945,1060,0.0,0.0
2022-12-06 00:00:00-05:00,37.20000076293945,37.70000076293945,36.099998474121094,36.400001525878906,480,0.0,0.0
2022-12-07 00:00:00-05:00,37.0,37.0,36.20000076293945,36.5,720,0.0,0.0
2022-12-08 00:00:00-05:00,36.099998474121094,36.20000076293945,35.599998474121094,35.900001525878906,570,0.0,0.0
2022-12-09 00:00:00-05:00,36.599998474121094,36.599998474121094,35.599998474121094,35.79999923706055,760,0.0,0.0
2022-12-12 00:00:00-05:00,36.599998474121094,36.599998474121094,34.5,34.70000076293945,1880,0.0,0.0
2022-12-13 00:00:00-05:00,34.79999923706055,34.79999923706055,30.200000762939453,30.700000762939453,6570,0.0,0.0
2022-12-14 00:00:00-05:00,31.700000762939453,32.599998474121094,31.600000381469727,32.20000076293945,1910,0.0,0.0
2022-12-15 00:00:00-05:00,31.600000381469727,34.0,31.600000381469727,31.799999237060547,880,0.0,0.0
2022-12-16 00:00:00-05:00,31.899999618530273,32.20000076293945,30.799999237060547,31.0,1550,0.0,0.0
2022-12-19 00:00:00-05:00,30.600000381469727,31.100000381469727,30.0,30.799999237060547,2790,0.0,0.0
2022-12-20 00:00:00-05:00,30.299999237060547,30.5,29.799999237060547,30.299999237060547,1460,0.0,0.0
2022-12-21 00:00:00-05:00,30.200000762939453,30.399999618530273,29.799999237060547,30.399999618530273,1240,0.0,0.0
2022-12-22 00:00:00-05:00,30.600000381469727,30.799999237060547,29.799999237060547,30.100000381469727,1450,0.0,0.0
2022-12-23 00:00:00-05:00,29.600000381469727,30.0,29.600000381469727,30.0,480,0.0,0.0
2022-12-27 00:00:00-05:00,30.100000381469727,30.100000381469727,28.5,29.399999618530273,1620,0.0,0.0
2022-12-28 00:00:00-05:00,29.299999237060547,29.899999618530273,29.0,29.899999618530273,1030,0.0,0.0
2022-12-29 00:00:00-05:00,30.0,31.100000381469727,29.700000762939453,31.100000381469727,480,0.0,0.0
2022-12-30 00:00:00-05:00,31.299999237060547,31.700000762939453,30.299999237060547,30.899999618530273,440,0.0,0.0
2023-01-03 00:00:00-05:00,32.29999923706055,32.29999923706055,31.0,32.20000076293945,1740,0.0,0.0
2023-01-04 00:00:00-05:00,31.899999618530273,32.900001525878906,31.799999237060547,32.79999923706055,430,0.0,0.0
2023-01-05 00:00:00-05:00,32.29999923706055,32.900001525878906,31.899999618530273,32.20000076293945,750,0.0,0.0
2023-01-06 00:00:00-05:00,32.70000076293945,32.70000076293945,32.20000076293945,32.5,330,0.0,0.0
2023-01-09 00:00:00-05:00,32.599998474121094,35.0,32.599998474121094,34.099998474121094,1750,0.0,0.0
2023-01-10 00:00:00-05:00,34.0,34.0,33.5,33.900001525878906,460,0.0,0.0
2023-01-11 00:00:00-05:00,34.400001525878906,34.400001525878906,33.900001525878906,34.400001525878906,970,0.0,0.0
2023-01-12 00:00:00-05:00,34.900001525878906,34.900001525878906,33.79999923706055,34.29999923706055,1000,0.0,0.0
2023-01-13 00:00:00-05:00,34.400001525878906,35.20000076293945,34.400001525878906,35.20000076293945,840,0.0,0.0
2023-01-17 00:00:00-05:00,35.20000076293945,35.599998474121094,35.099998474121094,35.099998474121094,1400,0.0,0.0
2023-01-18 00:00:00-05:00,35.400001525878906,35.400001525878906,33.599998474121094,33.900001525878906,960,0.0,0.0
2023-01-19 00:00:00-05:00,34.099998474121094,34.099998474121094,32.79999923706055,33.0,490,0.0,0.0
2023-01-20 00:00:00-05:00,32.599998474121094,33.79999923706055,32.599998474121094,33.099998474121094,370,0.0,0.0
2023-01-23 00:00:00-05:00,32.599998474121094,33.0,32.599998474121094,32.900001525878906,350,0.0,0.0
2023-01-24 00:00:00-05:00,33.0,34.099998474121094,32.5,33.0,530,0.0,0.0
2023-01-25 00:00:00-05:00,33.79999923706055,33.79999923706055,32.20000076293945,33.20000076293945,1600,0.0,0.0
2023-01-26 00:00:00-05:00,34.099998474121094,34.099998474121094,33.79999923706055,34.0,590,0.0,0.0
2023-01-27 00:00:00-05:00,34.0,34.20000076293945,33.900001525878906,34.20000076293945,470,0.0,0.0
2023-01-30 00:00:00-05:00,33.099998474121094,35.0,33.099998474121094,35.0,1800,0.0,0.0
2023-01-31 00:00:00-05:00,35.0,35.599998474121094,35.0,35.599998474121094,890,0.0,0.0
2023-02-01 00:00:00-05:00,35.20000076293945,36.0,35.20000076293945,36.0,1620,0.0,0.0
2023-02-02 00:00:00-05:00,36.0,36.0,35.099998474121094,35.900001525878906,1960,0.0,0.0
2023-02-03 00:00:00-05:00,35.29999923706055,35.900001525878906,34.099998474121094,34.5,1330,0.0,0.0
2023-02-06 00:00:00-05:00,34.29999923706055,35.79999923706055,34.0,35.20000076293945,840,0.0,0.0
2023-02-07 00:00:00-05:00,35.20000076293945,35.29999923706055,33.599998474121094,34.29999923706055,1090,0.0,0.0
2023-02-08 00:00:00-05:00,35.0,35.099998474121094,34.5,34.900001525878906,360,0.0,0.0
2023-02-09 00:00:00-05:00,34.900001525878906,35.099998474121094,33.70000076293945,34.400001525878906,180,0.0,0.0
2023-02-10 00:00:00-05:00,35.0,35.0,32.5,32.900001525878906,2110,0.0,0.0
2023-02-13 00:00:00-05:00,34.0,34.5,33.29999923706055,33.900001525878906,1310,0.0,0.0
2023-02-14 00:00:00-05:00,34.0,34.5,33.400001525878906,33.900001525878906,270,0.0,0.0
2023-02-15 00:00:00-05:00,34.5,34.5,33.20000076293945,34.20000076293945,370,0.0,0.0
2023-02-16 00:00:00-05:00,33.29999923706055,34.20000076293945,33.0,33.70000076293945,2060,0.0,0.0
2023-02-17 00:00:00-05:00,33.599998474121094,33.900001525878906,32.599998474121094,33.400001525878906,1150,0.0,0.0
2023-02-21 00:00:00-05:00,33.5,33.599998474121094,31.600000381469727,32.099998474121094,1340,0.0,0.0
2023-02-22 00:00:00-05:00,31.600000381469727,33.79999923706055,31.399999618530273,33.0,1690,0.0,0.0
2023-02-23 00:00:00-05:00,33.0,33.400001525878906,31.700000762939453,32.900001525878906,490,0.0,0.0
2023-02-24 00:00:00-05:00,33.099998474121094,33.099998474121094,31.600000381469727,32.29999923706055,370,0.0,0.0
2023-02-27 00:00:00-05:00,32.29999923706055,32.79999923706055,31.399999618530273,32.70000076293945,660,0.0,0.0
2023-02-28 00:00:00-05:00,32.70000076293945,32.900001525878906,31.899999618530273,31.899999618530273,870,0.0,0.0
2023-03-01 00:00:00-05:00,31.399999618530273,32.79999923706055,31.399999618530273,32.099998474121094,2260,0.0,0.0
2023-03-02 00:00:00-05:00,31.299999237060547,32.099998474121094,31.299999237060547,32.0,710,0.0,0.0
2023-03-03 00:00:00-05:00,31.700000762939453,32.400001525878906,31.5,32.29999923706055,600,0.0,0.0
2023-03-06 00:00:00-05:00,31.600000381469727,32.20000076293945,31.399999618530273,32.20000076293945,880,0.0,0.0
2023-03-07 00:00:00-05:00,31.799999237060547,32.0,31.700000762939453,32.0,460,0.0,0.0
2023-03-08 00:00:00-05:00,31.799999237060547,31.799999237060547,31.5,31.799999237060547,360,0.0,0.0
2023-03-09 00:00:00-05:00,31.600000381469727,31.899999618530273,29.899999618530273,30.100000381469727,2920,0.0,0.0
2023-03-10 00:00:00-05:00,31.0,31.200000762939453,29.399999618530273,30.100000381469727,1560,0.0,0.0
2023-03-13 00:00:00-04:00,29.5,30.600000381469727,28.200000762939453,29.0,3680,0.0,0.0
2023-03-14 00:00:00-04:00,30.600000381469727,30.600000381469727,27.799999237060547,28.5,1940,0.0,0.0
2023-03-15 00:00:00-04:00,27.899999618530273,28.399999618530273,27.299999237060547,27.600000381469727,1610,0.0,0.0
2023-03-16 00:00:00-04:00,27.5,27.5,25.0,27.399999618530273,1330,0.0,0.0
2023-03-17 00:00:00-04:00,27.299999237060547,29.5,26.299999237060547,27.700000762939453,3610,0.0,0.0
2023-03-20 00:00:00-04:00,27.399999618530273,28.899999618530273,26.600000381469727,27.0,470,0.0,0.0
2023-03-21 00:00:00-04:00,27.0,28.0,26.299999237060547,27.700000762939453,1790,0.0,0.0
2023-03-22 00:00:00-04:00,27.100000381469727,28.799999237060547,27.100000381469727,27.100000381469727,800,0.0,0.0
2023-03-23 00:00:00-04:00,27.600000381469727,28.299999237060547,26.100000381469727,26.600000381469727,1610,0.0,0.0
2023-03-24 00:00:00-04:00,26.299999237060547,26.899999618530273,26.0,26.799999237060547,1290,0.0,0.0
2023-03-27 00:00:00-04:00,26.799999237060547,26.799999237060547,25.700000762939453,26.0,900,0.0,0.0
2023-03-28 00:00:00-04:00,26.799999237060547,27.0,25.700000762939453,26.899999618530273,450,0.0,0.0
2023-03-29 00:00:00-04:00,26.0,26.200000762939453,25.5,26.100000381469727,950,0.0,0.0
2023-03-30 00:00:00-04:00,26.399999618530273,26.799999237060547,25.100000381469727,25.899999618530273,1080,0.0,0.0
2023-03-31 00:00:00-04:00,26.0,26.799999237060547,25.5,26.799999237060547,2840,0.0,0.0
2023-04-03 00:00:00-04:00,27.0,28.299999237060547,26.5,28.299999237060547,4120,0.0,0.0
2023-04-04 00:00:00-04:00,27.100000381469727,28.399999618530273,27.100000381469727,28.299999237060547,1820,0.0,0.0
2023-04-05 00:00:00-04:00,27.700000762939453,28.100000381469727,26.799999237060547,27.5,760,0.0,0.0
2023-04-06 00:00:00-04:00,27.100000381469727,28.0,26.600000381469727,27.299999237060547,1020,0.0,0.0
2023-04-10 00:00:00-04:00,26.899999618530273,27.700000762939453,26.600000381469727,27.700000762939453,1220,0.0,0.0
2023-04-11 00:00:00-04:00,27.700000762939453,27.799999237060547,26.600000381469727,27.5,590,0.0,0.0
2023-04-12 00:00:00-04:00,27.5,27.600000381469727,26.600000381469727,27.100000381469727,1100,0.0,0.0
2023-04-13 00:00:00-04:00,27.200000762939453,27.700000762939453,26.5,27.299999237060547,1300,0.0,0.0
2023-04-14 00:00:00-04:00,27.299999237060547,28.299999237060547,27.299999237060547,28.299999237060547,2820,0.0,0.0
2023-04-17 00:00:00-04:00,28.299999237060547,28.299999237060547,27.200000762939453,27.600000381469727,1260,0.0,0.0
2023-04-18 00:00:00-04:00,27.200000762939453,27.700000762939453,27.200000762939453,27.200000762939453,930,0.0,0.0
2023-04-19 00:00:00-04:00,27.100000381469727,27.100000381469727,26.600000381469727,26.899999618530273,590,0.0,0.0
2023-04-20 00:00:00-04:00,26.700000762939453,27.200000762939453,26.600000381469727,27.0,1270,0.0,0.0
2023-04-21 00:00:00-04:00,26.600000381469727,27.399999618530273,26.600000381469727,27.399999618530273,2040,0.0,0.0
2023-04-24 00:00:00-04:00,27.200000762939453,27.600000381469727,27.0,27.399999618530273,1330,0.0,0.0
2023-04-25 00:00:00-04:00,27.0,27.100000381469727,26.5,26.799999237060547,1430,0.0,0.0
2023-04-26 00:00:00-04:00,26.5,26.5,25.700000762939453,25.799999237060547,2030,0.0,0.0
2023-04-27 00:00:00-04:00,25.799999237060547,25.899999618530273,25.700000762939453,25.799999237060547,890,0.0,0.0
2023-04-28 00:00:00-04:00,26.0,27.299999237060547,26.0,27.100000381469727,5170,0.0,0.0
2023-05-01 00:00:00-04:00,27.299999237060547,28.100000381469727,26.399999618530273,27.600000381469727,7540,0.0,0.0
2023-05-02 00:00:00-04:00,28.299999237060547,29.299999237060547,27.200000762939453,28.100000381469727,6530,0.0,0.0
2023-05-03 00:00:00-04:00,28.299999237060547,28.700000762939453,27.5,28.200000762939453,1510,0.0,0.0
2023-05-04 00:00:00-04:00,26.5,31.100000381469727,26.5,30.100000381469727,7480,0.0,0.0
2023-05-05 00:00:00-04:00,30.600000381469727,31.299999237060547,28.200000762939453,29.0,5450,0.0,0.0
2023-05-08 00:00:00-04:00,29.0,30.299999237060547,28.700000762939453,29.200000762939453,4350,0.0,0.0
2023-05-09 00:00:00-04:00,29.0,30.200000762939453,28.299999237060547,30.0,2840,0.0,0.0
2023-05-10 00:00:00-04:00,29.899999618530273,30.200000762939453,28.700000762939453,29.700000762939453,1810,0.0,0.0
2023-05-11 00:00:00-04:00,29.5,30.200000762939453,29.399999618530273,30.200000762939453,1940,0.0,0.0
2023-05-12 00:00:00-04:00,29.100000381469727,30.0,28.700000762939453,29.700000762939453,1690,0.0,0.0
2023-05-15 00:00:00-04:00,29.600000381469727,29.799999237060547,29.100000381469727,29.5,1810,0.0,0.0
2023-05-16 00:00:00-04:00,30.100000381469727,30.600000381469727,28.700000762939453,30.200000762939453,4630,0.0,0.0
2023-05-17 00:00:00-04:00,30.700000762939453,30.700000762939453,29.799999237060547,30.399999618530273,1540,0.0,0.0
2023-05-18 00:00:00-04:00,30.0,30.5,30.0,30.200000762939453,570,0.0,0.0
2023-05-19 00:00:00-04:00,30.0,30.200000762939453,29.0,29.200000762939453,1250,0.0,0.0
2023-05-22 00:00:00-04:00,29.899999618530273,30.100000381469727,29.600000381469727,30.0,990,0.0,0.0
2023-05-23 00:00:00-04:00,29.5,29.799999237060547,29.399999618530273,29.5,930,0.0,0.0
2023-05-24 00:00:00-04:00,29.5,29.899999618530273,29.100000381469727,29.700000762939453,980,0.0,0.0
2023-05-25 00:00:00-04:00,29.299999237060547,29.700000762939453,29.0,29.299999237060547,2230,0.0,0.0
2023-05-26 00:00:00-04:00,29.0,29.799999237060547,28.899999618530273,29.700000762939453,2410,0.0,0.0
2023-05-30 00:00:00-04:00,29.700000762939453,29.799999237060547,28.700000762939453,29.299999237060547,5150,0.0,0.0
2023-05-31 00:00:00-04:00,29.0,29.200000762939453,28.799999237060547,29.0,870,0.0,0.0
2023-06-01 00:00:00-04:00,28.799999237060547,29.0,26.200000762939453,27.100000381469727,4900,0.0,0.0
2023-06-02 00:00:00-04:00,27.5,28.0,27.5,28.0,360,0.0,0.0
2023-06-05 00:00:00-04:00,27.799999237060547,27.799999237060547,26.200000762939453,26.600000381469727,2040,0.0,0.0
2023-06-06 00:00:00-04:00,26.600000381469727,27.899999618530273,26.600000381469727,27.100000381469727,580,0.0,0.0
2023-06-07 00:00:00-04:00,26.799999237060547,27.299999237060547,26.399999618530273,26.700000762939453,4400,0.0,0.0
2023-06-08 00:00:00-04:00,27.0,27.799999237060547,26.600000381469727,27.799999237060547,380,0.0,0.0
2023-06-09 00:00:00-04:00,27.200000762939453,27.600000381469727,26.0,27.0,2010,0.0,0.0
2023-06-12 00:00:00-04:00,27.299999237060547,27.5,26.5,26.5,470,0.0,0.0
2023-06-13 00:00:00-04:00,26.700000762939453,27.0,25.5,25.799999237060547,3300,0.0,0.0
2023-06-14 00:00:00-04:00,26.5,26.799999237060547,26.100000381469727,26.200000762939453,310,0.0,0.0
2023-06-15 00:00:00-04:00,25.799999237060547,27.0,25.600000381469727,27.0,1740,0.0,0.0
2023-06-16 00:00:00-04:00,27.399999618530273,27.399999618530273,26.5,27.399999618530273,640,0.0,0.0
2023-06-20 00:00:00-04:00,26.899999618530273,27.399999618530273,25.299999237060547,26.0,3640,0.0,0.0
2023-06-21 00:00:00-04:00,25.700000762939453,26.700000762939453,25.399999618530273,26.0,200,0.0,0.0
2023-06-22 00:00:00-04:00,25.700000762939453,26.200000762939453,23.399999618530273,24.700000762939453,7670,0.0,0.0
2023-06-23 00:00:00-04:00,24.700000762939453,25.399999618530273,24.0,24.700000762939453,2720,0.0,0.0
2023-06-26 00:00:00-04:00,25.399999618530273,25.799999237060547,24.5,25.299999237060547,980,0.0,0.0
2023-06-27 00:00:00-04:00,25.0,25.299999237060547,24.200000762939453,24.600000381469727,2360,0.0,0.0
2023-06-28 00:00:00-04:00,25.200000762939453,25.200000762939453,24.100000381469727,24.899999618530273,2020,0.0,0.0
2023-06-29 00:00:00-04:00,24.200000762939453,25.0,24.100000381469727,24.600000381469727,2420,0.0,0.0
2023-06-30 00:00:00-04:00,24.799999237060547,25.100000381469727,24.700000762939453,25.0,1160,0.0,0.0
2023-07-03 00:00:00-04:00,25.200000762939453,25.5,25.100000381469727,25.5,790,0.0,0.0
2023-07-05 00:00:00-04:00,25.700000762939453,25.700000762939453,24.100000381469727,24.200000762939453,2490,0.0,0.0
2023-07-06 00:00:00-04:00,24.299999237060547,25.0,24.200000762939453,24.600000381469727,980,0.0,0.0
2023-07-07 00:00:00-04:00,24.600000381469727,24.600000381469727,23.700000762939453,23.799999237060547,3010,0.0,0.0
2023-07-10 00:00:00-04:00,24.100000381469727,24.700000762939453,24.0,24.600000381469727,1360,0.0,0.0
2023-07-11 00:00:00-04:00,24.600000381469727,24.899999618530273,24.5,24.899999618530273,630,0.0,0.0
2023-07-12 00:00:00-04:00,24.899999618530273,25.100000381469727,24.0,25.100000381469727,3890,0.0,0.0
2023-07-13 00:00:00-04:00,24.899999618530273,26.299999237060547,24.899999618530273,25.799999237060547,11270,0.0,0.0
2023-07-14 00:00:00-04:00,25.299999237060547,26.200000762939453,23.799999237060547,23.799999237060547,3870,0.0,0.0
2023-07-17 00:00:00-04:00,25.299999237060547,25.299999237060547,24.200000762939453,24.899999618530273,1060,0.0,0.0
2023-07-18 00:00:00-04:00,25.100000381469727,25.100000381469727,23.5,24.399999618530273,4870,0.0,0.0
2023-07-19 00:00:00-04:00,25.700000762939453,25.700000762939453,24.600000381469727,25.200000762939453,3460,0.0,0.0
2023-07-20 00:00:00-04:00,24.799999237060547,25.5,24.0,24.100000381469727,3150,0.0,0.0
2023-07-21 00:00:00-04:00,24.700000762939453,24.700000762939453,24.200000762939453,24.5,400,0.0,0.0
2023-07-24 00:00:00-04:00,24.100000381469727,24.5,23.299999237060547,23.5,3940,0.0,0.0
2023-07-25 00:00:00-04:00,23.5,24.200000762939453,23.299999237060547,23.899999618530273,900,0.0,0.0
2023-07-26 00:00:00-04:00,24.399999618530273,24.5,23.200000762939453,23.200000762939453,3460,0.0,0.0
2023-07-27 00:00:00-04:00,23.899999618530273,24.299999237060547,23.299999237060547,23.799999237060547,1240,0.0,0.0
2023-07-28 00:00:00-04:00,23.399999618530273,24.100000381469727,21.299999237060547,22.399999618530273,15420,0.0,0.0
2023-07-31 00:00:00-04:00,22.700000762939453,23.100000381469727,22.0,23.0,2840,0.0,0.0
2023-08-01 00:00:00-04:00,23.0,23.0,21.5,21.5,3670,0.0,0.0
2023-08-02 00:00:00-04:00,21.700000762939453,22.5,21.5,22.0,1630,0.0,0.0
2023-08-03 00:00:00-04:00,21.700000762939453,22.0,21.700000762939453,21.700000762939453,400,0.0,0.0
2023-08-04 00:00:00-04:00,21.700000762939453,21.899999618530273,21.0,21.0,3820,0.0,0.0
2023-08-07 00:00:00-04:00,21.899999618530273,22.5,21.0,21.100000381469727,1360,0.0,0.0
2023-08-08 00:00:00-04:00,21.799999237060547,22.299999237060547,20.5,21.899999618530273,5370,0.0,0.0
2023-08-09 00:00:00-04:00,21.799999237060547,21.899999618530273,20.799999237060547,21.399999618530273,900,0.0,0.0
2023-08-10 00:00:00-04:00,21.100000381469727,21.399999618530273,20.0,21.100000381469727,4150,0.0,0.0
2023-08-11 00:00:00-04:00,20.200000762939453,21.399999618530273,20.200000762939453,21.200000762939453,1060,0.0,0.0
2023-08-14 00:00:00-04:00,20.299999237060547,21.5,20.200000762939453,21.5,1560,0.0,0.0
2023-08-15 00:00:00-04:00,20.600000381469727,21.0,20.0,20.299999237060547,2220,0.0,0.0
2023-08-16 00:00:00-04:00,20.200000762939453,20.600000381469727,20.0,20.0,1230,0.0,0.0
2023-08-17 00:00:00-04:00,19.799999237060547,20.0,19.700000762939453,19.899999618530273,1220,0.0,0.0
2023-08-18 00:00:00-04:00,19.899999618530273,20.0,19.0,19.0,3640,0.0,0.0
2023-08-21 00:00:00-04:00,18.899999618530273,19.600000381469727,18.899999618530273,19.299999237060547,1200,0.0,0.0
2023-08-22 00:00:00-04:00,20.0,20.0,18.600000381469727,18.799999237060547,1070,0.0,0.0
2023-08-23 00:00:00-04:00,18.5,19.799999237060547,18.5,19.700000762939453,2010,0.0,0.0
2023-08-24 00:00:00-04:00,19.5,19.799999237060547,18.700000762939453,19.700000762939453,1190,0.0,0.0
2023-08-25 00:00:00-04:00,19.5,19.899999618530273,19.5,19.899999618530273,490,0.0,0.0
2023-08-28 00:00:00-04:00,19.600000381469727,20.700000762939453,19.5,20.700000762939453,940,0.0,0.0
2023-08-29 00:00:00-04:00,20.600000381469727,21.299999237060547,20.600000381469727,20.899999618530273,710,0.0,0.0
2023-08-30 00:00:00-04:00,20.600000381469727,21.5,20.600000381469727,21.299999237060547,840,0.0,0.0
2023-08-31 00:00:00-04:00,21.5,22.100000381469727,21.5,22.100000381469727,1540,0.0,0.0
2023-09-01 00:00:00-04:00,20.299999237060547,21.899999618530273,20.299999237060547,21.899999618530273,3470,0.0,0.0
2023-09-05 00:00:00-04:00,22.299999237060547,22.299999237060547,21.399999618530273,21.799999237060547,800,0.0,0.0
2023-09-06 00:00:00-04:00,21.899999618530273,22.100000381469727,21.5,21.799999237060547,800,0.0,0.0
2023-09-07 00:00:00-04:00,21.799999237060547,22.200000762939453,21.700000762939453,21.899999618530273,1400,0.0,0.0
2023-09-08 00:00:00-04:00,21.5,22.0,21.5,21.5,1130,0.0,0.0
2023-09-11 00:00:00-04:00,21.799999237060547,22.0,21.5,21.5,1830,0.0,0.0
2023-09-12 00:00:00-04:00,21.600000381469727,22.0,21.5,21.5,1090,0.0,0.0
2023-09-13 00:00:00-04:00,21.5,21.700000762939453,19.399999618530273,19.600000381469727,3470,0.0,0.0
2023-09-14 00:00:00-04:00,19.600000381469727,20.5,19.399999618530273,20.0,1060,0.0,0.0
2023-09-15 00:00:00-04:00,19.5,20.100000381469727,19.0,19.399999618530273,1690,0.0,0.0
2023-09-18 00:00:00-04:00,20.100000381469727,20.100000381469727,19.200000762939453,19.5,1570,0.0,0.0
2023-09-19 00:00:00-04:00,19.299999237060547,20.299999237060547,19.200000762939453,19.200000762939453,340,0.0,0.0
2023-09-20 00:00:00-04:00,19.200000762939453,19.899999618530273,19.0,19.200000762939453,910,0.0,0.0
2023-09-21 00:00:00-04:00,19.100000381469727,20.600000381469727,18.0,18.0,4160,0.0,0.0
2023-09-22 00:00:00-04:00,17.799999237060547,18.799999237060547,17.600000381469727,18.600000381469727,3860,0.0,0.0
2023-09-25 00:00:00-04:00,18.399999618530273,18.5,17.600000381469727,17.600000381469727,4080,0.0,0.0
2023-09-26 00:00:00-04:00,18.100000381469727,19.200000762939453,17.799999237060547,19.200000762939453,720,0.0,0.0
2023-09-27 00:00:00-04:00,19.0,19.100000381469727,17.299999237060547,17.700000762939453,5000,0.0,0.0
2023-09-28 00:00:00-04:00,17.700000762939453,18.899999618530273,17.700000762939453,18.299999237060547,430,0.0,0.0
2023-09-29 00:00:00-04:00,18.5,18.899999618530273,17.399999618530273,18.700000762939453,3800,0.0,0.0
2023-10-02 00:00:00-04:00,18.200000762939453,18.600000381469727,17.5,18.600000381469727,820,0.0,0.0
2023-10-03 00:00:00-04:00,18.200000762939453,18.399999618530273,17.0,17.100000381469727,3570,0.0,0.0
2023-10-04 00:00:00-04:00,18.0,18.899999618530273,17.899999618530273,18.700000762939453,1160,0.0,0.0
2023-10-05 00:00:00-04:00,18.299999237060547,18.899999618530273,16.799999237060547,16.899999618530273,5300,0.0,0.0
2023-10-06 00:00:00-04:00,16.899999618530273,18.200000762939453,16.799999237060547,17.700000762939453,3890,0.0,0.0
2023-10-09 00:00:00-04:00,16.299999237060547,17.899999618530273,16.299999237060547,17.0,1960,0.0,0.0
2023-10-10 00:00:00-04:00,17.200000762939453,18.0,17.0,17.299999237060547,440,0.0,0.0
2023-10-11 00:00:00-04:00,16.600000381469727,17.899999618530273,16.600000381469727,17.200000762939453,1900,0.0,0.0
2023-10-12 00:00:00-04:00,16.5,17.299999237060547,16.5,17.0,790,0.0,0.0
2023-10-13 00:00:00-04:00,17.0,17.700000762939453,16.5,17.299999237060547,1170,0.0,0.0
2023-10-16 00:00:00-04:00,17.0,17.399999618530273,16.600000381469727,17.399999618530273,840,0.0,0.0
2023-10-17 00:00:00-04:00,17.0,17.399999618530273,17.0,17.399999618530273,250,0.0,0.0
2023-10-18 00:00:00-04:00,17.600000381469727,17.600000381469727,16.700000762939453,17.100000381469727,970,0.0,0.0
2023-10-19 00:00:00-04:00,17.200000762939453,17.5,16.799999237060547,17.100000381469727,380,0.0,0.0
2023-10-20 00:00:00-04:00,16.700000762939453,17.399999618530273,16.600000381469727,17.200000762939453,420,0.0,0.0
2023-10-23 00:00:00-04:00,16.899999618530273,17.0,16.600000381469727,16.600000381469727,190,0.0,0.0
2023-10-24 00:00:00-04:00,16.600000381469727,17.0,16.600000381469727,16.899999618530273,630,0.0,0.0
2023-10-25 00:00:00-04:00,16.799999237060547,16.899999618530273,16.799999237060547,16.899999618530273,110,0.0,0.0
2023-10-26 00:00:00-04:00,16.899999618530273,17.100000381469727,16.799999237060547,17.100000381469727,560,0.0,0.0
2023-10-27 00:00:00-04:00,17.100000381469727,17.299999237060547,17.0,17.200000762939453,380,0.0,0.0
2023-10-30 00:00:00-04:00,16.899999618530273,17.299999237060547,16.899999618530273,17.100000381469727,340,0.0,0.0
2023-10-31 00:00:00-04:00,17.100000381469727,17.200000762939453,16.799999237060547,17.200000762939453,210,0.0,0.0
2023-11-01 00:00:00-04:00,17.100000381469727,17.299999237060547,16.799999237060547,17.299999237060547,240,0.0,0.0
2023-11-02 00:00:00-04:00,16.899999618530273,17.299999237060547,16.899999618530273,17.299999237060547,1700,0.0,0.0
2023-11-03 00:00:00-04:00,17.299999237060547,17.899999618530273,17.299999237060547,17.799999237060547,1640,0.0,0.0
2023-11-06 00:00:00-05:00,18.100000381469727,18.5,17.899999618530273,18.5,1870,0.0,0.0
2023-11-07 00:00:00-05:00,18.600000381469727,18.799999237060547,18.0,18.200000762939453,430,0.0,0.0
2023-11-08 00:00:00-05:00,18.100000381469727,18.799999237060547,17.799999237060547,18.299999237060547,2060,0.0,0.0
2023-11-09 00:00:00-05:00,18.100000381469727,18.100000381469727,17.600000381469727,18.0,770,0.0,0.0
2023-11-10 00:00:00-05:00,18.0,18.100000381469727,17.299999237060547,18.0,350,0.0,0.0
2023-11-13 00:00:00-05:00,18.0,18.0,17.0,17.799999237060547,410,0.0,0.0
2023-11-14 00:00:00-05:00,17.0,17.799999237060547,17.0,17.799999237060547,880,0.0,0.0
2023-11-15 00:00:00-05:00,17.100000381469727,17.5,16.600000381469727,17.299999237060547,2890,0.0,0.0
2023-11-16 00:00:00-05:00,16.600000381469727,17.0,16.5,16.600000381469727,1620,0.0,0.0
2023-11-17 00:00:00-05:00,16.5,16.600000381469727,16.100000381469727,16.200000762939453,1450,0.0,0.0
2023-11-20 00:00:00-05:00,16.0,16.0,15.300000190734863,15.600000381469727,2460,0.0,0.0
2023-11-21 00:00:00-05:00,15.5,15.600000381469727,14.399999618530273,14.699999809265137,8790,0.0,0.0
2023-11-22 00:00:00-05:00,14.5,14.699999809265137,13.600000381469727,14.199999809265137,2990,0.0,0.0
2023-11-24 00:00:00-05:00,14.0,14.300000190734863,13.5,14.0,1560,0.0,0.0
2023-11-27 00:00:00-05:00,14.0,15.300000190734863,14.0,15.100000381469727,1430,0.0,0.0
2023-11-28 00:00:00-05:00,15.300000190734863,15.5,15.199999809265137,15.399999618530273,1440,0.0,0.0
2023-11-29 00:00:00-05:00,15.399999618530273,15.5,15.399999618530273,15.5,330,0.0,0.0
2023-11-30 00:00:00-05:00,15.399999618530273,15.399999618530273,15.0,15.300000190734863,1300,0.0,0.0
2023-12-01 00:00:00-05:00,15.399999618530273,15.399999618530273,14.899999618530273,15.300000190734863,1250,0.0,0.0
2023-12-04 00:00:00-05:00,15.300000190734863,15.399999618530273,15.0,15.399999618530273,820,0.0,0.0
2023-12-05 00:00:00-05:00,15.399999618530273,15.800000190734863,14.699999809265137,15.699999809265137,1620,0.0,0.0
2023-12-06 00:00:00-05:00,15.699999809265137,15.699999809265137,15.100000381469727,15.5,2490,0.0,0.0
2023-12-07 00:00:00-05:00,15.300000190734863,15.5,14.800000190734863,14.800000190734863,2510,0.0,0.0
2023-12-08 00:00:00-05:00,14.800000190734863,15.300000190734863,14.199999809265137,15.100000381469727,1700,0.0,0.0
2023-12-11 00:00:00-05:00,14.800000190734863,14.800000190734863,13.5,14.199999809265137,4590,0.0,0.0
2023-12-12 00:00:00-05:00,13.899999618530273,14.199999809265137,13.199999809265137,13.5,2290,0.0,0.0
2023-12-13 00:00:00-05:00,13.399999618530273,13.600000381469727,12.0,12.899999618530273,3310,0.0,0.0
2023-12-14 00:00:00-05:00,12.600000381469727,13.300000190734863,12.199999809265137,12.5,1480,0.0,0.0
2023-12-15 00:00:00-05:00,12.399999618530273,12.800000190734863,11.5,12.300000190734863,3010,0.0,0.0
2023-12-18 00:00:00-05:00,12.600000381469727,12.600000381469727,11.699999809265137,12.600000381469727,1690,0.0,0.0
2023-12-19 00:00:00-05:00,12.399999618530273,13.0,12.300000190734863,13.0,1810,0.0,0.0
2023-12-20 00:00:00-05:00,12.800000190734863,13.300000190734863,12.800000190734863,13.199999809265137,700,0.0,0.0
2023-12-21 00:00:00-05:00,13.5,14.0,13.0,14.0,1240,0.0,0.0
2023-12-22 00:00:00-05:00,14.0,14.5,13.600000381469727,14.5,4680,0.0,0.0
2023-12-26 00:00:00-05:00,13.800000190734863,15.600000381469727,13.800000190734863,15.300000190734863,2320,0.0,0.0
2023-12-27 00:00:00-05:00,15.199999809265137,16.5,15.199999809265137,16.5,4120,0.0,0.0
2023-12-28 00:00:00-05:00,16.299999237060547,16.5,16.100000381469727,16.399999618530273,1600,0.0,0.0
2023-12-29 00:00:00-05:00,16.399999618530273,16.600000381469727,16.100000381469727,16.5,1820,0.0,0.0
2024-01-02 00:00:00-05:00,16.5,17.100000381469727,16.5,17.100000381469727,1200,0.0,0.0
2024-01-03 00:00:00-05:00,17.200000762939453,17.200000762939453,16.399999618530273,16.600000381469727,670,0.0,0.0
2024-01-04 00:00:00-05:00,17.0,17.0,16.0,16.600000381469727,610,0.0,0.0
2024-01-05 00:00:00-05:00,17.0,17.0,16.5,16.700000762939453,190,0.0,0.0
2024-01-08 00:00:00-05:00,16.899999618530273,16.899999618530273,16.200000762939453,16.399999618530273,460,0.0,0.0
2024-01-09 00:00:00-05:00,15.600000381469727,16.600000381469727,15.5,16.200000762939453,2460,0.0,0.0
2024-01-10 00:00:00-05:00,16.5,16.600000381469727,16.299999237060547,16.399999618530273,550,0.0,0.0
2024-01-11 00:00:00-05:00,15.899999618530273,16.399999618530273,15.0,15.600000381469727,1040,0.0,0.0
2024-01-12 00:00:00-05:00,16.200000762939453,16.399999618530273,15.699999809265137,16.200000762939453,1220,0.0,0.0
2024-01-16 00:00:00-05:00,15.300000190734863,16.299999237060547,15.300000190734863,16.100000381469727,2180,0.0,0.0
2024-01-17 00:00:00-05:00,15.899999618530273,16.100000381469727,15.699999809265137,15.899999618530273,530,0.0,0.0
2024-01-18 00:00:00-05:00,15.800000190734863,15.800000190734863,15.300000190734863,15.5,110,0.0,0.0
2024-01-19 00:00:00-05:00,15.300000190734863,15.600000381469727,15.300000190734863,15.600000381469727,590,0.0,0.0
2024-01-22 00:00:00-05:00,13.0,15.199999809265137,8.5,11.5,21930,0.0,0.0
2024-01-23 00:00:00-05:00,11.300000190734863,13.0,10.300000190734863,11.699999809265137,5720,0.0,0.0
2024-01-24 00:00:00-05:00,12.0,13.0,12.0,13.0,2400,0.0,0.0
2024-01-25 00:00:00-05:00,13.399999618530273,13.399999618530273,12.300000190734863,12.899999618530273,910,0.0,0.0
2024-01-26 00:00:00-05:00,12.899999618530273,12.899999618530273,11.5,12.199999809265137,890,0.0,0.0
2024-01-29 00:00:00-05:00,12.300000190734863,12.899999618530273,12.0,12.300000190734863,380,0.0,0.0
2024-01-30 00:00:00-05:00,11.699999809265137,12.699999809265137,11.699999809265137,12.699999809265137,230,0.0,0.0
2024-01-31 00:00:00-05:00,12.100000381469727,12.5,12.0,12.0,240,0.0,0.0
2024-02-01 00:00:00-05:00,12.300000190734863,12.600000381469727,12.100000381469727,12.199999809265137,910,0.0,0.0
2024-02-02 00:00:00-05:00,12.300000190734863,12.399999618530273,11.199999809265137,11.699999809265137,1860,0.0,0.0
2024-02-05 00:00:00-05:00,11.600000381469727,12.399999618530273,11.5,12.300000190734863,1120,0.0,0.0
2024-02-06 00:00:00-05:00,12.100000381469727,12.600000381469727,12.0,12.600000381469727,920,0.0,0.0
2024-02-07 00:00:00-05:00,11.800000190734863,12.0,11.800000190734863,12.0,160,0.0,0.0
2024-02-08 00:00:00-05:00,12.0,12.5,11.5,12.199999809265137,860,0.0,0.0
2024-02-09 00:00:00-05:00,11.600000381469727,12.600000381469727,11.600000381469727,12.300000190734863,360,0.0,0.0
2024-02-12 00:00:00-05:00,11.600000381469727,12.600000381469727,11.600000381469727,12.199999809265137,510,0.0,0.0
2024-02-13 00:00:00-05:00,11.699999809265137,12.199999809265137,11.699999809265137,12.0,640,0.0,0.0
2024-02-14 00:00:00-05:00,12.300000190734863,12.399999618530273,12.0,12.399999618530273,470,0.0,0.0
2024-02-15 00:00:00-05:00,12.0,14.800000190734863,12.0,13.300000190734863,7730,0.0,0.0
2024-02-16 00:00:00-05:00,12.899999618530273,14.199999809265137,12.800000190734863,14.199999809265137,5750,0.0,0.0
2024-02-20 00:00:00-05:00,14.199999809265137,14.199999809265137,13.100000381469727,13.5,3330,0.0,0.0
2024-02-21 00:00:00-05:00,13.0,14.100000381469727,12.800000190734863,14.0,3120,0.0,0.0
2024-02-22 00:00:00-05:00,13.5,13.899999618530273,13.300000190734863,13.899999618530273,2280,0.0,0.0
2024-02-23 00:00:00-05:00,13.0,13.899999618530273,13.0,13.800000190734863,2210,0.0,0.0
2024-02-26 00:00:00-05:00,13.300000190734863,13.800000190734863,13.199999809265137,13.300000190734863,510,0.0,0.0
2024-02-27 00:00:00-05:00,12.899999618530273,13.600000381469727,12.899999618530273,13.5,1200,0.0,0.0
2024-02-28 00:00:00-05:00,13.5,13.600000381469727,13.300000190734863,13.5,2130,0.0,0.0
2024-02-29 00:00:00-05:00,13.199999809265137,13.600000381469727,13.0,13.0,2700,0.0,0.0
2024-03-01 00:00:00-05:00,12.899999618530273,14.199999809265137,12.5,14.0,2310,0.0,0.0
2024-03-04 00:00:00-05:00,14.0,14.100000381469727,13.899999618530273,13.899999618530273,1160,0.0,0.0
2024-03-05 00:00:00-05:00,13.600000381469727,14.0,13.300000190734863,13.699999809265137,210,0.0,0.0
2024-03-06 00:00:00-05:00,13.699999809265137,13.800000190734863,13.300000190734863,13.300000190734863,510,0.0,0.0
2024-03-07 00:00:00-05:00,14.0,14.0,13.5,13.800000190734863,320,0.0,0.0
2024-03-08 00:00:00-05:00,13.300000190734863,14.0,13.300000190734863,13.800000190734863,870,0.0,0.0
2024-03-11 00:00:00-04:00,13.300000190734863,13.899999618530273,13.300000190734863,13.800000190734863,1090,0.0,0.0
2024-03-12 00:00:00-04:00,13.800000190734863,13.800000190734863,12.899999618530273,13.0,1700,0.0,0.0
2024-03-13 00:00:00-04:00,13.600000381469727,13.600000381469727,12.399999618530273,13.600000381469727,3720,0.0,0.0
2024-03-14 00:00:00-04:00,13.199999809265137,13.5,12.399999618530273,12.600000381469727,760,0.0,0.0
2024-03-15 00:00:00-04:00,12.899999618530273,12.899999618530273,11.800000190734863,12.300000190734863,1110,0.0,0.0
2024-03-18 00:00:00-04:00,11.5,11.5,10.899999618530273,11.5,3810,0.0,0.0
2024-03-19 00:00:00-04:00,11.5,12.300000190734863,11.0,12.300000190734863,8310,0.0,0.0
2024-03-20 00:00:00-04:00,12.100000381469727,12.899999618530273,11.800000190734863,11.800000190734863,200,0.0,0.0
2024-03-21 00:00:00-04:00,11.699999809265137,12.5,11.699999809265137,12.399999618530273,500,0.0,0.0
2024-03-22 00:00:00-04:00,12.300000190734863,12.399999618530273,11.300000190734863,12.399999618530273,1000,0.0,0.0
2024-03-25 00:00:00-04:00,12.5,13.699999809265137,12.300000190734863,13.5,5900,0.0,0.0
2024-03-26 00:00:00-04:00,13.5,14.399999618530273,13.5,14.300000190734863,3210,0.0,0.0
2024-03-27 00:00:00-04:00,14.399999618530273,15.0,14.0,14.899999618530273,4820,0.0,0.0
2024-03-28 00:00:00-04:00,14.800000190734863,15.600000381469727,13.600000381469727,14.800000190734863,2780,0.0,0.0
2024-04-01 00:00:00-04:00,14.800000190734863,14.800000190734863,13.800000190734863,14.300000190734863,490,0.0,0.0
2024-04-02 00:00:00-04:00,14.199999809265137,15.600000381469727,13.800000190734863,14.300000190734863,2400,0.0,0.0
2024-04-03 00:00:00-04:00,14.399999618530273,14.399999618530273,13.899999618530273,14.399999618530273,930,0.0,0.0
2024-04-04 00:00:00-04:00,15.0,15.0,13.0,13.899999618530273,1730,0.0,0.0
2024-04-05 00:00:00-04:00,13.600000381469727,14.800000190734863,13.600000381469727,13.800000190734863,1800,0.0,0.0
2024-04-08 00:00:00-04:00,14.600000381469727,14.600000381469727,13.699999809265137,13.800000190734863,1510,0.0,0.0
2024-04-09 00:00:00-04:00,14.0,14.5,13.800000190734863,13.899999618530273,150,0.0,0.0
2024-04-10 00:00:00-04:00,13.5,14.300000190734863,13.5,13.800000190734863,300,0.0,0.0
2024-04-11 00:00:00-04:00,14.399999618530273,14.399999618530273,13.399999618530273,13.899999618530273,2180,0.0,0.0
2024-04-12 00:00:00-04:00,13.800000190734863,14.399999618530273,13.800000190734863,14.199999809265137,1620,0.0,0.0
2024-04-15 00:00:00-04:00,13.699999809265137,14.100000381469727,13.300000190734863,13.5,2800,0.0,0.0
2024-04-16 00:00:00-04:00,13.300000190734863,13.800000190734863,13.100000381469727,13.100000381469727,4140,0.0,0.0
2024-04-17 00:00:00-04:00,13.5,13.899999618530273,12.899999618530273,13.600000381469727,2580,0.0,0.0
2024-04-18 00:00:00-04:00,13.199999809265137,14.5,13.0,13.899999618530273,5050,0.0,0.0
2024-04-19 00:00:00-04:00,13.800000190734863,14.199999809265137,13.600000381469727,13.899999618530273,250,0.0,0.0
2024-04-22 00:00:00-04:00,13.300000190734863,14.199999809265137,13.300000190734863,13.600000381469727,2390,0.0,0.0
2024-04-23 00:00:00-04:00,13.899999618530273,14.699999809265137,13.800000190734863,14.5,4100,0.0,0.0
2024-04-24 00:00:00-04:00,14.800000190734863,15.0,14.600000381469727,14.800000190734863,3100,0.0,0.0
2024-04-25 00:00:00-04:00,15.0,15.399999618530273,14.699999809265137,15.399999618530273,1950,0.0,0.0
2024-04-26 00:00:00-04:00,15.899999618530273,16.200000762939453,14.899999618530273,15.199999809265137,19850,0.0,0.0
2024-04-29 00:00:00-04:00,15.300000190734863,15.800000190734863,15.300000190734863,15.399999618530273,2150,0.0,0.0
2024-04-30 00:00:00-04:00,15.800000190734863,16.0,15.199999809265137,15.199999809265137,1660,0.0,0.0
2024-05-01 00:00:00-04:00,15.699999809265137,15.699999809265137,14.5,15.0,9480,0.0,0.0
2024-05-02 00:00:00-04:00,14.899999618530273,15.600000381469727,14.199999809265137,14.800000190734863,2620,0.0,0.0
2024-05-03 00:00:00-04:00,14.899999618530273,15.399999618530273,14.199999809265137,15.399999618530273,4110,0.0,0.0
2024-05-06 00:00:00-04:00,15.199999809265137,15.399999618530273,14.300000190734863,15.0,340,0.0,0.0
2024-05-07 00:00:00-04:00,14.399999618530273,15.399999618530273,14.0,14.0,12330,0.0,0.0
2024-05-08 00:00:00-04:00,14.199999809265137,14.699999809265137,13.800000190734863,14.399999618530273,1790,0.0,0.0
2024-05-09 00:00:00-04:00,14.0,14.699999809265137,13.899999618530273,14.199999809265137,250,0.0,0.0
2024-05-10 00:00:00-04:00,14.899999618530273,15.0,14.100000381469727,14.699999809265137,910,0.0,0.0
2024-05-13 00:00:00-04:00,15.100000381469727,15.399999618530273,14.600000381469727,15.0,1660,0.0,0.0
2024-05-14 00:00:00-04:00,14.800000190734863,15.199999809265137,14.5,15.199999809265137,18150,0.0,0.0
2024-05-15 00:00:00-04:00,15.199999809265137,16.200000762939453,15.199999809265137,15.800000190734863,3690,0.0,0.0
2024-05-16 00:00:00-04:00,16.399999618530273,16.5,15.699999809265137,16.0,860,0.0,0.0
2024-05-17 00:00:00-04:00,15.800000190734863,16.299999237060547,15.100000381469727,16.100000381469727,310,0.0,0.0
2024-05-20 00:00:00-04:00,15.899999618530273,16.100000381469727,15.300000190734863,15.5,680,0.0,0.0
2024-05-21 00:00:00-04:00,15.699999809265137,16.399999618530273,15.699999809265137,16.200000762939453,90,0.0,0.0
2024-05-22 00:00:00-04:00,15.800000190734863,16.0,14.600000381469727,15.100000381469727,14600,0.0,0.0
2024-05-23 00:00:00-04:00,15.800000190734863,16.0,14.600000381469727,14.800000190734863,9300,0.0,0.0
2024-05-24 00:00:00-04:00,14.5,15.800000190734863,14.5,15.399999618530273,1350,0.0,0.0
2024-05-28 00:00:00-04:00,14.800000190734863,16.200000762939453,14.800000190734863,16.100000381469727,4220,0.0,0.0
2024-05-29 00:00:00-04:00,16.200000762939453,16.899999618530273,16.0,16.799999237060547,3180,0.0,0.0
2024-05-30 00:00:00-04:00,16.799999237060547,17.899999618530273,16.299999237060547,16.799999237060547,6240,0.0,0.0
2024-05-31 00:00:00-04:00,16.100000381469727,17.700000762939453,14.699999809265137,17.299999237060547,8730,0.0,0.0
2024-06-03 00:00:00-04:00,17.0,17.5,16.299999237060547,16.799999237060547,390,0.0,0.0
2024-06-04 00:00:00-04:00,15.899999618530273,17.600000381469727,15.699999809265137,17.200000762939453,3140,0.0,0.0
2024-06-05 00:00:00-04:00,16.899999618530273,17.100000381469727,15.699999809265137,16.299999237060547,1930,0.0,0.0
2024-06-06 00:00:00-04:00,16.299999237060547,17.5,16.200000762939453,16.799999237060547,2650,0.0,0.0
2024-06-07 00:00:00-04:00,16.0,16.899999618530273,15.5,16.5,590,0.0,0.0
2024-06-10 00:00:00-04:00,16.0,16.799999237060547,15.199999809265137,16.0,1570,0.0,0.0
2024-06-11 00:00:00-04:00,15.800000190734863,15.899999618530273,15.199999809265137,15.800000190734863,1930,0.0,0.0
2024-06-12 00:00:00-04:00,15.800000190734863,16.600000381469727,15.300000190734863,16.0,6090,0.0,0.0
2024-06-13 00:00:00-04:00,15.5,15.899999618530273,15.5,15.699999809265137,570,0.0,0.0
2024-06-14 00:00:00-04:00,15.5,15.800000190734863,14.300000190734863,14.699999809265137,11170,0.0,0.0
2024-06-17 00:00:00-04:00,14.600000381469727,14.600000381469727,13.0,13.0,4480,0.0,0.0
2024-06-18 00:00:00-04:00,13.0,13.100000381469727,12.0,12.899999618530273,5340,0.0,0.0
2024-06-20 00:00:00-04:00,13.0,13.100000381469727,12.100000381469727,12.300000190734863,9360,0.0,0.0
2024-06-21 00:00:00-04:00,12.5,12.899999618530273,12.5,12.899999618530273,50,0.0,0.0
2024-06-24 00:00:00-04:00,12.399999618530273,12.399999618530273,10.800000190734863,10.899999618530273,7550,0.0,0.0
2024-06-25 00:00:00-04:00,10.699999809265137,10.800000190734863,8.600000381469727,8.600000381469727,6820,0.0,0.0
2024-06-26 00:00:00-04:00,9.0,11.600000381469727,9.0,10.600000381469727,6270,0.0,0.0
2024-06-27 00:00:00-04:00,10.300000190734863,11.0,10.300000190734863,10.300000190734863,2280,0.0,0.0
2024-06-28 00:00:00-04:00,10.300000190734863,10.899999618530273,10.199999809265137,10.300000190734863,900,0.0,0.0
2024-07-01 00:00:00-04:00,10.600000381469727,11.399999618530273,10.5,10.899999618530273,1600,0.0,0.0
2024-07-02 00:00:00-04:00,11.100000381469727,12.0,10.899999618530273,12.0,2910,0.0,0.0
2024-07-03 00:00:00-04:00,13.5,16.5,12.0,12.199999809265137,378550,0.0,0.0
2024-07-05 00:00:00-04:00,11.899999618530273,11.899999618530273,9.600000381469727,11.600000381469727,27700,0.0,0.0
2024-07-08 00:00:00-04:00,10.600000381469727,11.100000381469727,10.5,10.899999618530273,5870,0.0,0.0
2024-07-09 00:00:00-04:00,10.699999809265137,13.800000190734863,10.699999809265137,13.0,11780,0.0,0.0
2024-07-10 00:00:00-04:00,13.0,13.100000381469727,12.0,12.300000190734863,4460,0.0,0.0
2024-07-11 00:00:00-04:00,12.199999809265137,12.800000190734863,12.199999809265137,12.600000381469727,1550,0.0,0.0
2024-07-12 00:00:00-04:00,12.0,12.600000381469727,11.199999809265137,11.899999618530273,3850,0.0,0.0
2024-07-15 00:00:00-04:00,12.0,12.0,11.600000381469727,12.0,960,0.0,0.0
2024-07-16 00:00:00-04:00,12.0,12.0,11.399999618530273,11.800000190734863,1930,0.0,0.0
2024-07-17 00:00:00-04:00,11.800000190734863,11.899999618530273,11.5,11.800000190734863,780,0.0,0.0
2024-07-18 00:00:00-04:00,11.800000190734863,11.800000190734863,11.600000381469727,11.800000190734863,150,0.0,0.0
2024-07-19 00:00:00-04:00,11.5,11.5,11.100000381469727,11.199999809265137,310,0.0,0.0
2024-07-22 00:00:00-04:00,11.100000381469727,11.100000381469727,10.899999618530273,11.100000381469727,1100,0.0,0.0
2024-07-23 00:00:00-04:00,11.100000381469727,11.399999618530273,10.899999618530273,11.199999809265137,630,0.0,0.0
2024-07-24 00:00:00-04:00,10.699999809265137,11.0,10.600000381469727,10.800000190734863,2800,0.0,0.0
2024-07-25 00:00:00-04:00,11.0,11.199999809265137,10.699999809265137,10.800000190734863,460,0.0,0.0
2024-07-26 00:00:00-04:00,10.699999809265137,11.0,10.699999809265137,10.899999618530273,180,0.0,0.0
2024-07-29 00:00:00-04:00,11.0,11.0,10.800000190734863,10.899999618530273,450,0.0,0.0
2024-07-30 00:00:00-04:00,10.899999618530273,11.100000381469727,10.100000381469727,10.800000190734863,1530,0.0,0.0
2024-07-31 00:00:00-04:00,10.5,11.100000381469727,10.199999809265137,10.800000190734863,1340,0.0,0.0
2024-08-01 00:00:00-04:00,10.300000190734863,10.699999809265137,10.199999809265137,10.600000381469727,170,0.0,0.0
2024-08-02 00:00:00-04:00,10.199999809265137,10.800000190734863,10.199999809265137,10.5,100,0.0,0.0
2024-08-05 00:00:00-04:00,10.300000190734863,11.100000381469727,10.300000190734863,11.0,610,0.0,0.0
2024-08-06 00:00:00-04:00,10.300000190734863,11.0,10.300000190734863,10.899999618530273,440,0.0,0.0
2024-08-07 00:00:00-04:00,10.300000190734863,10.800000190734863,10.199999809265137,10.300000190734863,420,0.0,0.0
2024-08-08 00:00:00-04:00,10.600000381469727,10.800000190734863,10.300000190734863,10.800000190734863,320,0.0,0.0
2024-08-09 00:00:00-04:00,10.399999618530273,10.600000381469727,10.300000190734863,10.600000381469727,440,0.0,0.0
2024-08-12 00:00:00-04:00,10.5,10.800000190734863,10.5,10.699999809265137,100,0.0,0.0
2024-08-13 00:00:00-04:00,10.800000190734863,10.800000190734863,10.399999618530273,10.5,1180,0.0,0.0
2024-08-14 00:00:00-04:00,10.399999618530273,10.5,10.399999618530273,10.5,500,0.0,0.0
2024-08-15 00:00:00-04:00,10.5,10.5,10.399999618530273,10.5,970,0.0,0.0
2024-08-16 00:00:00-04:00,10.5,10.899999618530273,10.5,10.600000381469727,1090,0.0,0.0
2024-08-19 00:00:00-04:00,10.800000190734863,11.0,10.600000381469727,10.699999809265137,1190,0.0,0.0
2024-08-20 00:00:00-04:00,11.0,11.0,10.600000381469727,11.0,200,0.0,0.0
2024-08-21 00:00:00-04:00,10.600000381469727,11.899999618530273,10.600000381469727,11.5,6350,0.0,0.0
2024-08-22 00:00:00-04:00,11.5,12.0,11.399999618530273,12.0,1980,0.0,0.0
2024-08-23 00:00:00-04:00,11.600000381469727,11.600000381469727,10.5,11.199999809265137,2920,0.0,0.0
2024-08-26 00:00:00-04:00,10.699999809265137,11.800000190734863,10.5,11.0,830,0.0,0.0
2024-08-27 00:00:00-04:00,10.600000381469727,11.5,10.399999618530273,10.800000190734863,2140,0.0,0.0
2024-08-28 00:00:00-04:00,10.399999618530273,10.699999809265137,10.0,10.699999809265137,3380,0.0,0.0
2024-08-29 00:00:00-04:00,10.5,11.0,10.0,10.300000190734863,1300,0.0,0.0
2024-08-30 00:00:00-04:00,10.399999618530273,10.899999618530273,10.0,10.5,830,0.0,0.0
2024-09-03 00:00:00-04:00,10.399999618530273,10.399999618530273,10.0,10.399999618530273,370,0.0,0.0
2024-09-04 00:00:00-04:00,10.600000381469727,10.699999809265137,10.100000381469727,10.399999618530273,580,0.0,0.0
2024-09-05 00:00:00-04:00,10.199999809265137,10.300000190734863,10.100000381469727,10.300000190734863,430,0.0,0.0
2024-09-06 00:00:00-04:00,10.5,10.800000190734863,10.0,10.100000381469727,880,0.0,0.0
2024-09-09 00:00:00-04:00,10.100000381469727,10.699999809265137,10.100000381469727,10.199999809265137,200,0.0,0.0
2024-09-10 00:00:00-04:00,10.600000381469727,10.600000381469727,10.0,10.100000381469727,520,0.0,0.0
2024-09-11 00:00:00-04:00,10.199999809265137,10.600000381469727,9.899999618530273,10.600000381469727,1370,0.0,0.0
2024-09-12 00:00:00-04:00,10.199999809265137,10.600000381469727,10.100000381469727,10.5,220,0.0,0.0
2024-09-13 00:00:00-04:00,10.5,10.600000381469727,10.100000381469727,10.600000381469727,1100,0.0,0.0
2024-09-16 00:00:00-04:00,10.199999809265137,10.199999809265137,9.5,9.800000190734863,3070,0.0,0.0
2024-09-17 00:00:00-04:00,10.199999809265137,10.5,9.699999809265137,10.300000190734863,180,0.0,0.0
2024-09-18 00:00:00-04:00,10.0,10.399999618530273,9.800000190734863,10.399999618530273,450,0.0,0.0
2024-09-19 00:00:00-04:00,10.5,10.5,9.899999618530273,10.0,930,0.0,0.0
2024-09-20 00:00:00-04:00,10.0,10.399999618530273,10.0,10.199999809265137,170,0.0,0.0
2024-09-23 00:00:00-04:00,10.399999618530273,10.399999618530273,9.399999618530273,10.0,2990,0.0,0.0
2024-09-24 00:00:00-04:00,9.399999618530273,10.300000190734863,9.100000381469727,10.0,2110,0.0,0.0
2024-09-25 00:00:00-04:00,9.800000190734863,10.0,9.5,9.699999809265137,600,0.0,0.0
2024-09-26 00:00:00-04:00,9.800000190734863,10.300000190734863,9.0,9.5,2660,0.0,0.0
2024-09-27 00:00:00-04:00,10.0,10.0,9.300000190734863,10.0,1710,0.0,0.0
2024-09-30 00:00:00-04:00,10.0,10.600000381469727,9.300000190734863,9.600000381469727,3750,0.0,0.0
2024-10-01 00:00:00-04:00,9.5,9.899999618530273,9.100000381469727,9.300000190734863,2330,0.0,0.0
2024-10-02 00:00:00-04:00,10.0,10.0,9.300000190734863,9.699999809265137,1960,0.0,0.0
2024-10-03 00:00:00-04:00,9.199999809265137,9.600000381469727,9.100000381469727,9.199999809265137,1740,0.0,0.0
2024-10-04 00:00:00-04:00,9.100000381469727,10.0,9.100000381469727,9.699999809265137,5080,0.0,0.0
2024-10-07 00:00:00-04:00,10.0,10.0,9.5,9.5,1260,0.0,0.0
2024-10-08 00:00:00-04:00,9.699999809265137,10.0,9.300000190734863,9.600000381469727,1470,0.0,0.0
2024-10-09 00:00:00-04:00,9.199999809265137,9.600000381469727,9.199999809265137,9.600000381469727,590,0.0,0.0
2024-10-10 00:00:00-04:00,9.600000381469727,9.600000381469727,9.300000190734863,9.300000190734863,480,0.0,0.0
2024-10-11 00:00:00-04:00,9.600000381469727,9.600000381469727,9.199999809265137,9.300000190734863,500,0.0,0.0
2024-10-14 00:00:00-04:00,9.0,9.699999809265137,8.600000381469727,8.699999809265137,4280,0.0,0.0
2024-10-15 00:00:00-04:00,8.899999618530273,9.0,7.199999809265137,7.5,11320,0.0,0.0
2024-10-16 00:00:00-04:00,7.400000095367432,8.300000190734863,6.099999904632568,7.900000095367432,4730,0.0,0.0
2024-10-17 00:00:00-04:00,7.900000095367432,8.0,7.199999809265137,7.199999809265137,1700,0.0,0.0
2024-10-18 00:00:00-04:00,7.800000190734863,9.0,7.599999904632568,7.800000190734863,9160,0.0,0.0
2024-10-21 00:00:00-04:00,7.699999809265137,8.0,7.599999904632568,7.599999904632568,2460,0.0,0.0
2024-10-22 00:00:00-04:00,7.599999904632568,7.599999904632568,7.099999904632568,7.300000190734863,5930,0.0,0.0
2024-10-23 00:00:00-04:00,7.5,7.5,6.699999809265137,6.900000095367432,3890,0.0,0.0
2024-10-24 00:00:00-04:00,6.900000095367432,7.199999809265137,6.900000095367432,7.0,860,0.0,0.0
2024-10-25 00:00:00-04:00,7.0,7.099999904632568,6.5,6.5,2110,0.0,0.0
2024-10-28 00:00:00-04:00,6.900000095367432,7.099999904632568,6.699999809265137,6.800000190734863,226800,0.0,0.0
2024-10-29 00:00:00-04:00,7.0,7.300000190734863,5.300000190734863,5.699999809265137,44500,0.0,0.0
2024-10-30 00:00:00-04:00,5.5,5.699999809265137,5.099999904632568,5.699999809265137,13560,0.0,0.0
2024-10-31 00:00:00-04:00,6.5,7.400000095367432,5.599999904632568,6.900000095367432,44580,0.0,0.0
2024-11-01 00:00:00-04:00,6.699999809265137,7.400000095367432,6.5,7.400000095367432,7880,0.0,0.0
2024-11-04 00:00:00-05:00,7.099999904632568,7.400000095367432,7.0,7.199999809265137,1160,0.0,0.0
2024-11-05 00:00:00-05:00,6.900000095367432,7.400000095367432,6.5,6.800000190734863,8980,0.0,0.0
2024-11-06 00:00:00-05:00,6.5,6.800000190734863,6.199999809265137,6.800000190734863,1260,0.0,0.0
2024-11-07 00:00:00-05:00,6.0,6.900000095367432,6.0,6.599999904632568,950,0.0,0.0
2024-11-08 00:00:00-05:00,6.800000190734863,7.0,6.199999809265137,6.699999809265137,2410,0.0,0.0
2024-11-11 00:00:00-05:00,6.400000095367432,7.0,6.099999904632568,7.0,2180,0.0,0.0
2024-11-12 00:00:00-05:00,6.699999809265137,6.900000095367432,6.300000190734863,6.900000095367432,5330,0.0,0.0
2024-11-13 00:00:00-05:00,6.699999809265137,6.699999809265137,6.300000190734863,6.5,1680,0.0,0.0
2024-11-14 00:00:00-05:00,6.900000095367432,6.900000095367432,6.300000190734863,6.300000190734863,690,0.0,0.0
2024-11-15 00:00:00-05:00,6.300000190734863,6.900000095367432,6.0,6.5,3580,0.0,0.0
2024-11-18 00:00:00-05:00,6.300000190734863,6.900000095367432,6.300000190734863,6.599999904632568,1020,0.0,0.0
2024-11-19 00:00:00-05:00,6.300000190734863,6.900000095367432,6.300000190734863,6.300000190734863,900,0.0,0.0
2024-11-20 00:00:00-05:00,6.900000095367432,6.900000095367432,5.800000190734863,6.0,5840,0.0,0.0
2024-11-21 00:00:00-05:00,5.699999809265137,6.0,5.699999809265137,5.699999809265137,2700,0.0,0.0
2024-11-22 00:00:00-05:00,5.900000095367432,6.5,5.800000190734863,6.199999809265137,1250,0.0,0.0
2024-11-25 00:00:00-05:00,6.199999809265137,6.300000190734863,5.400000095367432,5.900000095367432,6920,0.0,0.0
2024-11-26 00:00:00-05:00,5.699999809265137,6.0,5.5,5.800000190734863,2660,0.0,0.0
2024-11-27 00:00:00-05:00,5.199999809265137,5.800000190734863,5.199999809265137,5.800000190734863,2260,0.0,0.0
2024-11-29 00:00:00-05:00,5.800000190734863,5.800000190734863,5.300000190734863,5.800000190734863,780,0.0,0.0
2024-12-02 00:00:00-05:00,5.5,5.5,5.199999809265137,5.400000095367432,2310,0.0,0.0
2024-12-03 00:00:00-05:00,5.099999904632568,5.599999904632568,5.099999904632568,5.099999904632568,2150,0.0,0.0
2024-12-04 00:00:00-05:00,5.199999809265137,5.300000190734863,5.099999904632568,5.300000190734863,2500,0.0,0.0
2024-12-05 00:00:00-05:00,5.400000095367432,5.699999809265137,5.199999809265137,5.5,2830,0.0,0.0
2024-12-06 00:00:00-05:00,5.5,5.699999809265137,5.400000095367432,5.699999809265137,5110,0.0,0.0
2024-12-09 00:00:00-05:00,5.699999809265137,6.199999809265137,5.400000095367432,6.099999904632568,4710,0.0,0.0
2024-12-10 00:00:00-05:00,6.0,6.800000190734863,5.900000095367432,6.699999809265137,12660,0.0,0.0
2024-12-11 00:00:00-05:00,6.5,6.699999809265137,6.0,6.099999904632568,2730,0.0,0.0
2024-12-12 00:00:00-05:00,6.199999809265137,6.900000095367432,6.099999904632568,6.5,680,0.0,0.0
2024-12-13 00:00:00-05:00,6.699999809265137,6.800000190734863,6.099999904632568,6.199999809265137,1070,0.0,0.0
2024-12-16 00:00:00-05:00,6.099999904632568,6.5,5.900000095367432,6.5,790,0.0,0.0
2024-12-17 00:00:00-05:00,6.0,6.5,6.0,6.5,1570,0.0,0.0
2024-12-18 00:00:00-05:00,6.0,6.5,6.0,6.5,970,0.0,0.0
2024-12-19 00:00:00-05:00,6.199999809265137,6.199999809265137,6.0,6.099999904632568,360,0.0,0.0
2024-12-20 00:00:00-05:00,6.099999904632568,6.400000095367432,5.900000095367432,6.199999809265137,400,0.0,0.0
2024-12-23 00:00:00-05:00,6.099999904632568,6.199999809265137,6.0,6.0,1410,0.0,0.0
2024-12-24 00:00:00-05:00,5.699999809265137,6.199999809265137,5.699999809265137,6.099999904632568,4410,0.0,0.0
2024-12-26 00:00:00-05:00,6.099999904632568,6.099999904632568,5.0,5.699999809265137,6220,0.0,0.0
2024-12-27 00:00:00-05:00,5.699999809265137,5.800000190734863,5.199999809265137,5.300000190734863,4750,0.0,0.0
2024-12-30 00:00:00-05:00,5.599999904632568,5.599999904632568,5.099999904632568,5.5,5010,0.0,0.0
2024-12-31 00:00:00-05:00,5.199999809265137,5.699999809265137,5.099999904632568,5.699999809265137,5370,0.0,0.0
2025-01-02 00:00:00-05:00,5.900000095367432,6.0,5.400000095367432,6.0,5880,0.0,0.0
2025-01-03 00:00:00-05:00,6.0,6.0,5.5,5.900000095367432,1580,0.0,0.0
2025-01-06 00:00:00-05:00,5.900000095367432,7.300000190734863,5.900000095367432,7.099999904632568,16460,0.0,0.0
2025-01-07 00:00:00-05:00,7.400000095367432,9.300000190734863,6.699999809265137,8.800000190734863,43670,0.0,0.0
2025-01-08 00:00:00-05:00,9.300000190734863,14.699999809265137,6.400000095367432,7.199999809265137,351290,0.0,0.0
2025-01-10 00:00:00-05:00,7.0,7.800000190734863,6.699999809265137,7.599999904632568,11370,0.0,0.0
2025-01-13 00:00:00-05:00,7.900000095367432,7.900000095367432,6.5,7.0,4490,0.0,0.0
2025-01-14 00:00:00-05:00,6.800000190734863,7.0,6.0,6.099999904632568,9350,0.0,0.0
2025-01-15 00:00:00-05:00,6.099999904632568,6.5,6.0,6.099999904632568,5050,0.0,0.0
2025-01-16 00:00:00-05:00,6.0,6.300000190734863,5.5,6.199999809265137,6850,0.0,0.0
2025-01-17 00:00:00-05:00,6.300000190734863,7.400000095367432,6.199999809265137,6.599999904632568,4900,0.0,0.0
2025-01-21 00:00:00-05:00,6.800000190734863,7.800000190734863,6.400000095367432,7.0,27040,0.0,0.0
2025-01-22 00:00:00-05:00,7.199999809265137,7.400000095367432,6.5,6.800000190734863,4420,0.0,0.0
2025-01-23 00:00:00-05:00,6.5,7.0,6.5,6.900000095367432,4240,0.0,0.0
2025-01-24 00:00:00-05:00,6.900000095367432,7.0,6.300000190734863,7.0,1720,0.0,0.0
2025-01-27 00:00:00-05:00,7.300000190734863,7.300000190734863,6.5,6.900000095367432,1330,0.0,0.0
2025-01-28 00:00:00-05:00,6.5,6.900000095367432,6.5,6.900000095367432,730,0.0,0.0
2025-01-29 00:00:00-05:00,6.5,7.400000095367432,6.099999904632568,7.0,2290,0.0,0.0
2025-01-30 00:00:00-05:00,6.900000095367432,7.400000095367432,6.5,7.0,2450,0.0,0.0
2025-01-31 00:00:00-05:00,6.599999904632568,7.099999904632568,6.199999809265137,6.699999809265137,2370,0.0,0.0
2025-02-03 00:00:00-05:00,6.699999809265137,6.699999809265137,6.199999809265137,6.599999904632568,2870,0.0,0.0
2025-02-04 00:00:00-05:00,6.599999904632568,7.0,6.5,6.800000190734863,3750,0.0,0.0
2025-02-05 00:00:00-05:00,6.699999809265137,7.0,6.599999904632568,7.0,3470,0.0,0.0
2025-02-06 00:00:00-05:00,6.900000095367432,7.0,6.599999904632568,7.0,770,0.0,0.0
2025-02-07 00:00:00-05:00,6.599999904632568,7.0,6.599999904632568,6.900000095367432,3230,0.0,0.0
2025-02-10 00:00:00-05:00,7.0,7.0,6.599999904632568,7.0,980,0.0,0.0
2025-02-11 00:00:00-05:00,7.099999904632568,7.800000190734863,6.599999904632568,7.5,7090,0.0,0.0
2025-02-12 00:00:00-05:00,7.800000190734863,7.800000190734863,7.099999904632568,7.699999809265137,1590,0.0,0.0
2025-02-13 00:00:00-05:00,7.800000190734863,7.800000190734863,7.099999904632568,7.699999809265137,780,0.0,0.0
2025-02-14 00:00:00-05:00,7.699999809265137,7.800000190734863,7.199999809265137,7.800000190734863,740,0.0,0.0
2025-02-18 00:00:00-05:00,7.300000190734863,8.0,7.300000190734863,7.699999809265137,4840,0.0,0.0
2025-02-19 00:00:00-05:00,7.5,7.599999904632568,7.0,7.099999904632568,570,0.0,0.0
2025-02-20 00:00:00-05:00,7.599999904632568,7.599999904632568,7.199999809265137,7.300000190734863,350,0.0,0.0
2025-02-21 00:00:00-05:00,7.5,7.5,6.699999809265137,7.400000095367432,1060,0.0,0.0
2025-02-24 00:00:00-05:00,7.0,7.400000095367432,6.900000095367432,7.0,1450,0.0,0.0
2025-02-25 00:00:00-05:00,6.699999809265137,7.400000095367432,6.599999904632568,7.0,1220,0.0,0.0
2025-02-26 00:00:00-05:00,7.400000095367432,7.400000095367432,6.5,7.300000190734863,150,0.0,0.0
2025-02-27 00:00:00-05:00,7.300000190734863,7.300000190734863,6.800000190734863,7.199999809265137,2090,0.0,0.0
2025-02-28 00:00:00-05:00,7.199999809265137,7.300000190734863,6.900000095367432,7.199999809265137,1280,0.0,0.0
2025-03-03 00:00:00-05:00,7.0,7.199999809265137,6.5,7.099999904632568,730,0.0,0.0
2025-03-04 00:00:00-05:00,6.800000190734863,7.099999904632568,6.800000190734863,7.099999904632568,150,0.0,0.0
2025-03-05 00:00:00-05:00,6.599999904632568,7.099999904632568,6.0,7.099999904632568,2080,0.0,0.0
2025-03-06 00:00:00-05:00,6.900000095367432,7.099999904632568,6.900000095367432,7.099999904632568,720,0.0,0.0
2025-03-07 00:00:00-05:00,7.099999904632568,7.300000190734863,6.900000095367432,7.300000190734863,1430,0.0,0.0
2025-03-10 00:00:00-04:00,7.300000190734863,7.300000190734863,6.900000095367432,7.199999809265137,460,0.0,0.0
2025-03-11 00:00:00-04:00,7.300000190734863,7.300000190734863,6.599999904632568,7.300000190734863,460,0.0,0.0
2025-03-12 00:00:00-04:00,6.599999904632568,7.0,6.0,7.0,7310,0.0,0.0
2025-03-13 00:00:00-04:00,7.0,7.800000190734863,6.099999904632568,6.400000095367432,7440,0.0,0.0
2025-03-14 00:00:00-04:00,6.599999904632568,7.199999809265137,6.5,7.199999809265137,1390,0.0,0.0
2025-03-17 00:00:00-04:00,7.0,7.199999809265137,6.400000095367432,6.800000190734863,4120,0.0,0.0
2025-03-18 00:00:00-04:00,6.5,6.900000095367432,6.199999809265137,6.900000095367432,2910,0.0,0.0
2025-03-19 00:00:00-04:00,6.900000095367432,6.900000095367432,6.199999809265137,6.5,5570,0.0,0.0
2025-03-20 00:00:00-04:00,6.699999809265137,7.5,6.599999904632568,7.400000095367432,2440,0.0,0.0
2025-03-21 00:00:00-04:00,6.5,7.5,6.5,6.800000190734863,3700,0.0,0.0
2025-03-24 00:00:00-04:00,6.5,7.400000095367432,6.199999809265137,6.599999904632568,11510,0.0,0.0
2025-03-25 00:00:00-04:00,6.400000095367432,6.900000095367432,6.199999809265137,6.900000095367432,8090,0.0,0.0
2025-03-26 00:00:00-04:00,6.800000190734863,7.199999809265137,6.699999809265137,7.199999809265137,6400,0.0,0.0
2025-03-27 00:00:00-04:00,6.900000095367432,7.199999809265137,6.5,7.199999809265137,7420,0.0,0.0
2025-03-28 00:00:00-04:00,7.0,7.199999809265137,6.599999904632568,7.099999904632568,5570,0.0,0.0
2025-03-31 00:00:00-04:00,6.800000190734863,7.099999904632568,6.599999904632568,7.0,1770,0.0,0.0
2025-04-01 00:00:00-04:00,7.099999904632568,7.099999904632568,7.0,7.099999904632568,920,0.0,0.0
2025-04-02 00:00:00-04:00,7.099999904632568,7.099999904632568,6.199999809265137,6.199999809265137,4520,0.0,0.0
2025-04-03 00:00:00-04:00,6.800000190734863,7.5,6.599999904632568,6.900000095367432,11870,0.0,0.0
2025-04-04 00:00:00-04:00,7.400000095367432,7.5,6.900000095367432,7.099999904632568,7390,0.0,0.0
2025-04-07 00:00:00-04:00,6.900000095367432,7.099999904632568,6.800000190734863,7.0,3840,0.0,0.0
2025-04-08 00:00:00-04:00,7.099999904632568,7.099999904632568,6.599999904632568,7.0,5050,0.0,0.0
2025-04-09 00:00:00-04:00,6.800000190734863,7.800000190734863,6.699999809265137,7.699999809265137,12410,0.0,0.0
2025-04-10 00:00:00-04:00,7.800000190734863,8.0,7.199999809265137,8.0,5760,0.0,0.0
2025-04-11 00:00:00-04:00,8.0,8.0,7.599999904632568,8.0,2060,0.0,0.0
2025-04-14 00:00:00-04:00,8.399999618530273,8.399999618530273,7.599999904632568,8.0,2260,0.0,0.0
2025-04-15 00:00:00-04:00,7.800000190734863,8.300000190734863,7.800000190734863,8.199999809265137,1450,0.0,0.0
2025-04-16 00:00:00-04:00,8.300000190734863,8.399999618530273,7.599999904632568,8.399999618530273,6100,0.0,0.0
2025-04-17 00:00:00-04:00,8.5,10.600000381469727,8.5,9.5,93590,0.0,0.0
2025-04-21 00:00:00-04:00,10.699999809265137,11.800000190734863,6.900000095367432,7.800000190734863,1797670,0.0,0.0
2025-04-22 00:00:00-04:00,6.5,7.400000095367432,5.5,7.199999809265137,76900,0.0,0.0
2025-04-23 00:00:00-04:00,6.5,6.900000095367432,6.300000190734863,6.5,16350,0.0,0.0
2025-04-24 00:00:00-04:00,6.300000190734863,7.300000190734863,6.300000190734863,7.199999809265137,12440,0.0,0.0
2025-04-25 00:00:00-04:00,7.0,7.0,6.300000190734863,6.800000190734863,14420,0.0,0.0
2025-04-28 00:00:00-04:00,6.400000095367432,6.800000190734863,6.199999809265137,6.5,4260,0.0,0.0
2025-04-29 00:00:00-04:00,6.099999904632568,6.400000095367432,6.0,6.199999809265137,6560,0.0,0.0
2025-04-30 00:00:00-04:00,6.099999904632568,6.199999809265137,5.599999904632568,6.199999809265137,7820,0.0,0.0
2025-05-01 00:00:00-04:00,5.900000095367432,6.199999809265137,5.900000095367432,6.099999904632568,3890,0.0,0.0
2025-05-02 00:00:00-04:00,5.900000095367432,6.400000095367432,5.900000095367432,6.300000190734863,7170,0.0,0.0
2025-05-05 00:00:00-04:00,6.0,6.300000190734863,6.0,6.0,3440,0.0,0.0
2025-05-06 00:00:00-04:00,6.199999809265137,6.300000190734863,6.0,6.099999904632568,7110,0.0,0.0
2025-05-07 00:00:00-04:00,6.0,6.199999809265137,5.900000095367432,6.099999904632568,1810,0.0,0.0
2025-05-08 00:00:00-04:00,6.099999904632568,6.199999809265137,5.900000095367432,6.199999809265137,3250,0.0,0.0
2025-05-09 00:00:00-04:00,6.0,6.300000190734863,5.900000095367432,6.300000190734863,5850,0.0,0.0
2025-05-12 00:00:00-04:00,6.199999809265137,6.900000095367432,6.0,6.400000095367432,12870,0.0,0.0
2025-05-13 00:00:00-04:00,6.400000095367432,6.5,6.300000190734863,6.5,1740,0.0,0.0
2025-05-14 00:00:00-04:00,6.400000095367432,6.900000095367432,6.300000190734863,6.599999904632568,8010,0.0,0.0
2025-05-15 00:00:00-04:00,6.599999904632568,6.599999904632568,6.099999904632568,6.400000095367432,5870,0.0,0.0
2025-05-16 00:00:00-04:00,6.599999904632568,6.699999809265137,6.099999904632568,6.300000190734863,5430,0.0,0.0
2025-05-19 00:00:00-04:00,6.099999904632568,6.599999904632568,6.099999904632568,6.5,3150,0.0,0.0
2025-05-20 00:00:00-04:00,6.400000095367432,6.800000190734863,6.300000190734863,6.699999809265137,4990,0.0,0.0
2025-05-21 00:00:00-04:00,6.5,6.599999904632568,6.0,6.099999904632568,6450,0.0,0.0
2025-05-22 00:00:00-04:00,6.099999904632568,6.400000095367432,5.900000095367432,6.199999809265137,2220,0.0,0.0
2025-05-23 00:00:00-04:00,5.900000095367432,6.400000095367432,5.900000095367432,6.300000190734863,2470,0.0,0.0
2025-05-27 00:00:00-04:00,6.0,6.099999904632568,5.800000190734863,5.900000095367432,6990,0.0,0.0
2025-05-28 00:00:00-04:00,6.0,6.0,5.900000095367432,6.0,2430,0.0,0.0
2025-05-29 00:00:00-04:00,6.0,6.300000190734863,5.800000190734863,6.199999809265137,4850,0.0,0.0
2025-05-30 00:00:00-04:00,5.5,6.300000190734863,5.5,6.0,2490,0.0,0.0
2025-06-02 00:00:00-04:00,6.0,6.300000190734863,6.0,6.199999809265137,1720,0.0,0.0
2025-06-03 00:00:00-04:00,6.199999809265137,6.199999809265137,6.099999904632568,6.199999809265137,1820,0.0,0.0
2025-06-04 00:00:00-04:00,6.0,6.199999809265137,6.0,6.0,1130,0.0,0.0
2025-06-05 00:00:00-04:00,6.099999904632568,6.099999904632568,5.599999904632568,5.800000190734863,5590,0.0,0.0
2025-06-06 00:00:00-04:00,6.0,6.300000190734863,5.800000190734863,6.199999809265137,6030,0.0,0.0
2025-06-09 00:00:00-04:00,6.0,6.199999809265137,6.0,6.199999809265137,930,0.0,0.0
2025-06-10 00:00:00-04:00,6.0,6.199999809265137,6.0,6.099999904632568,1360,0.0,0.0
2025-06-11 00:00:00-04:00,6.199999809265137,6.199999809265137,6.0,6.199999809265137,540,0.0,0.0
2025-06-12 00:00:00-04:00,6.0,6.199999809265137,5.5,6.0,3640,0.0,0.0
2025-06-13 00:00:00-04:00,5.599999904632568,6.0,5.599999904632568,5.699999809265137,750,0.0,0.0
2025-06-16 00:00:00-04:00,6.099999904632568,6.099999904632568,5.599999904632568,5.699999809265137,2480,0.0,0.0
2025-06-17 00:00:00-04:00,5.599999904632568,6.099999904632568,5.599999904632568,6.0,1890,0.0,0.0
2025-06-18 00:00:00-04:00,7.099999904632568,8.300000190734863,6.199999809265137,8.100000381469727,2765170,0.0,0.0
2025-06-20 00:00:00-04:00,8.699999809265137,9.899999618530273,8.300000190734863,9.399999618530273,988270,0.0,0.0
2025-06-23 00:00:00-04:00,9.199999809265137,9.199999809265137,7.300000190734863,8.0,123140,0.0,0.0
2025-06-24 00:00:00-04:00,6.900000095367432,7.5,6.599999904632568,7.199999809265137,42690,0.0,0.0
2025-06-25 00:00:00-04:00,6.800000190734863,7.199999809265137,6.699999809265137,6.800000190734863,12970,0.0,0.0
2025-06-26 00:00:00-04:00,7.199999809265137,7.199999809265137,6.599999904632568,6.800000190734863,14330,0.0,0.0
2025-06-27 00:00:00-04:00,6.599999904632568,7.199999809265137,6.599999904632568,6.699999809265137,7250,0.0,0.0
2025-06-30 00:00:00-04:00,6.5,7.099999904632568,6.5,6.699999809265137,8350,0.0,0.0
2025-07-01 00:00:00-04:00,6.699999809265137,7.300000190734863,6.5,7.300000190734863,6820,0.0,0.0
2025-07-02 00:00:00-04:00,6.900000095367432,7.300000190734863,6.599999904632568,6.900000095367432,8290,0.0,0.0
2025-07-03 00:00:00-04:00,6.800000190734863,7.099999904632568,6.400000095367432,6.900000095367432,14370,0.0,0.0
2025-07-07 00:00:00-04:00,6.800000190734863,7.300000190734863,6.599999904632568,6.699999809265137,6490,0.0,0.0
2025-07-08 00:00:00-04:00,6.800000190734863,7.199999809265137,6.599999904632568,7.199999809265137,2970,0.0,0.0
2025-07-09 00:00:00-04:00,7.0,7.300000190734863,6.800000190734863,7.099999904632568,2770,0.0,0.0
2025-07-10 00:00:00-04:00,6.900000095367432,7.300000190734863,6.800000190734863,7.0,3750,0.0,0.0
2025-07-11 00:00:00-04:00,7.0,7.300000190734863,6.900000095367432,7.300000190734863,2760,0.0,0.0
2025-07-14 00:00:00-04:00,7.300000190734863,7.5,7.0,7.400000095367432,5300,0.0,0.0
2025-07-15 00:00:00-04:00,7.199999809265137,7.300000190734863,7.0,7.099999904632568,3200,0.0,0.0
2025-07-16 00:00:00-04:00,6.900000095367432,6.900000095367432,6.5,6.900000095367432,12120,0.0,0.0
2025-07-17 00:00:00-04:00,6.699999809265137,6.900000095367432,6.5,6.900000095367432,3780,0.0,0.0
2025-07-18 00:00:00-04:00,6.599999904632568,6.900000095367432,6.599999904632568,6.900000095367432,4440,0.0,0.0
2025-07-21 00:00:00-04:00,6.900000095367432,6.900000095367432,6.599999904632568,6.900000095367432,2830,0.0,0.0
2025-07-22 00:00:00-04:00,6.599999904632568,6.900000095367432,6.599999904632568,6.599999904632568,4480,0.0,0.0
2025-07-23 00:00:00-04:00,6.699999809265137,6.800000190734863,6.599999904632568,6.800000190734863,3750,0.0,0.0
2025-07-24 00:00:00-04:00,6.599999904632568,6.900000095367432,6.599999904632568,6.800000190734863,1780,0.0,0.0
2025-07-25 00:00:00-04:00,6.699999809265137,6.900000095367432,6.5,6.599999904632568,4130,0.0,0.0
2025-07-28 00:00:00-04:00,6.599999904632568,6.699999809265137,6.599999904632568,6.699999809265137,1540,0.0,0.0
2025-07-29 00:00:00-04:00,6.5,6.699999809265137,6.5,6.699999809265137,2290,0.0,0.0
2025-07-30 00:00:00-04:00,6.5,6.699999809265137,6.5,6.699999809265137,1250,0.0,0.0
2025-07-31 00:00:00-04:00,6.599999904632568,6.599999904632568,6.300000190734863,6.5,780,0.0,0.0
2025-08-01 00:00:00-04:00,6.400000095367432,6.5,6.199999809265137,6.5,3270,0.0,0.0
2025-08-04 00:00:00-04:00,6.300000190734863,6.599999904632568,6.300000190734863,6.599999904632568,3280,0.0,0.0
2025-08-05 00:00:00-04:00,6.300000190734863,6.400000095367432,6.099999904632568,6.400000095367432,2840,0.0,0.0
2025-08-06 00:00:00-04:00,6.099999904632568,6.599999904632568,6.099999904632568,6.199999809265137,7040,0.0,0.0
2025-08-07 00:00:00-04:00,6.199999809265137,6.199999809265137,6.0,6.199999809265137,4260,0.0,0.0
2025-08-08 00:00:00-04:00,6.300000190734863,6.300000190734863,6.0,6.199999809265137,2540,0.0,0.0
2025-08-11 00:00:00-04:00,6.5,6.5,6.199999809265137,6.400000095367432,3660,0.0,0.0
2025-08-12 00:00:00-04:00,6.300000190734863,6.400000095367432,6.0,6.400000095367432,2000,0.0,0.0
2025-08-13 00:00:00-04:00,6.099999904632568,6.5,6.099999904632568,6.5,19720,0.0,0.0
2025-08-14 00:00:00-04:00,6.5,6.900000095367432,6.5,6.699999809265137,9120,0.0,0.0
2025-08-15 00:00:00-04:00,6.800000190734863,7.199999809265137,6.400000095367432,6.800000190734863,5570,0.0,0.0
2025-08-18 00:00:00-04:00,6.800000190734863,7.199999809265137,6.699999809265137,7.199999809265137,4410,0.0,0.0
2025-08-19 00:00:00-04:00,7.199999809265137,7.5,6.699999809265137,7.300000190734863,3250,0.0,0.0
2025-08-20 00:00:00-04:00,7.5,7.5,6.900000095367432,7.199999809265137,1120,0.0,0.0
2025-08-21 00:00:00-04:00,7.0,7.199999809265137,6.800000190734863,7.0,1250,0.0,0.0
2025-08-22 00:00:00-04:00,6.800000190734863,8.100000381469727,6.800000190734863,7.599999904632568,10230,0.0,0.0
2025-08-25 00:00:00-04:00,7.699999809265137,8.199999809265137,6.800000190734863,7.5,24220,0.0,0.0
2025-08-26 00:00:00-04:00,7.699999809265137,8.0,7.0,7.300000190734863,3420,0.0,0.0
2025-08-27 00:00:00-04:00,7.300000190734863,7.5,6.599999904632568,7.199999809265137,5890,0.0,0.0
2025-08-28 00:00:00-04:00,7.0,7.5,7.0,7.099999904632568,3400,0.0,0.0
2025-08-29 00:00:00-04:00,7.099999904632568,7.400000095367432,7.0,7.199999809265137,1160,0.0,0.0
2025-09-02 00:00:00-04:00,7.300000190734863,7.5,7.0,7.199999809265137,3010,0.0,0.0
2025-09-03 00:00:00-04:00,7.199999809265137,7.300000190734863,7.0,7.300000190734863,1500,0.0,0.0
2025-09-04 00:00:00-04:00,7.099999904632568,7.199999809265137,6.900000095367432,7.099999904632568,1040,0.0,0.0
2025-09-05 00:00:00-04:00,7.199999809265137,7.900000095367432,7.0,7.5,14950,0.0,0.0
2025-09-08 00:00:00-04:00,7.0,8.0,7.0,7.699999809265137,8560,0.0,0.0
2025-09-09 00:00:00-04:00,7.900000095367432,8.0,7.099999904632568,7.599999904632568,8510,0.0,0.0
2025-09-10 00:00:00-04:00,7.599999904632568,8.0,7.099999904632568,7.5,9660,0.0,0.0
2025-09-11 00:00:00-04:00,7.199999809265137,7.5,6.699999809265137,6.800000190734863,6680,0.0,0.0
2025-09-12 00:00:00-04:00,7.0,7.199999809265137,6.800000190734863,7.0,1980,0.0,0.0
2025-09-15 00:00:00-04:00,7.300000190734863,7.300000190734863,6.599999904632568,7.0,2830,0.0,0.0
2025-09-16 00:00:00-04:00,7.300000190734863,7.300000190734863,6.699999809265137,7.0,3780,0.0,0.0
2025-09-17 00:00:00-04:00,7.199999809265137,7.199999809265137,6.699999809265137,7.0,13570,0.0,0.0
2025-09-18 00:00:00-04:00,6.900000095367432,7.199999809265137,6.699999809265137,6.800000190734863,5410,0.0,0.0
2025-09-19 00:00:00-04:00,6.900000095367432,7.0,6.800000190734863,6.900000095367432,1870,0.0,0.0
2025-09-22 00:00:00-04:00,6.699999809265137,7.099999904632568,6.400000095367432,6.699999809265137,15800,0.0,0.0
2025-09-23 00:00:00-04:00,6.5,7.199999809265137,6.5,7.099999904632568,7260,0.0,0.0
2025-09-24 00:00:00-04:00,7.0,7.300000190734863,6.5,6.699999809265137,21250,0.0,0.0
2025-09-25 00:00:00-04:00,7.099999904632568,7.099999904632568,5.699999809265137,6.199999809265137,16520,0.0,0.0
2025-09-26 00:00:00-04:00,6.300000190734863,6.5,5.800000190734863,6.099999904632568,14750,0.0,0.0
2025-09-29 00:00:00-04:00,5.900000095367432,6.099999904632568,5.400000095367432,5.800000190734863,11340,0.0,0.0
2025-09-30 00:00:00-04:00,5.800000190734863,5.800000190734863,5.300000190734863,5.599999904632568,13220,0.0,0.0
2025-10-01 00:00:00-04:00,5.5,5.800000190734863,5.199999809265137,5.699999809265137,19470,0.0,0.0
2025-10-02 00:00:00-04:00,5.800000190734863,6.400000095367432,5.599999904632568,6.300000190734863,20450,0.0,0.0
2025-10-03 00:00:00-04:00,6.300000190734863,7.0,6.0,6.300000190734863,19000,0.0,0.0
2025-10-06 00:00:00-04:00,6.5,6.5,5.0,5.5,48970,0.0,0.0
2025-10-07 00:00:00-04:00,5.599999904632568,5.900000095367432,5.5,5.599999904632568,12940,0.0,0.0
2025-10-08 00:00:00-04:00,5.599999904632568,5.800000190734863,5.400000095367432,5.5,5970,0.0,0.0
2025-10-09 00:00:00-04:00,5.699999809265137,5.900000095367432,5.0,5.400000095367432,28280,0.0,0.0
2025-10-10 00:00:00-04:00,5.400000095367432,5.5,5.0,5.5,19620,0.0,0.0
2025-10-13 00:00:00-04:00,5.300000190734863,5.300000190734863,5.0,5.099999904632568,23090,0.0,0.0
2025-10-14 00:00:00-04:00,5.099999904632568,8.0,5.0,7.199999809265137,1185130,0.0,0.0
2025-10-15 00:00:00-04:00,6.400000095367432,7.199999809265137,5.599999904632568,5.599999904632568,160480,0.0,0.0
2025-10-16 00:00:00-04:00,5.800000190734863,6.5,5.5,6.0,43510,0.0,0.0
2025-10-17 00:00:00-04:00,5.800000190734863,5.900000095367432,5.5,5.5,17660,0.0,0.0
2025-10-20 00:00:00-04:00,5.800000190734863,5.900000095367432,5.400000095367432,5.699999809265137,17750,0.0,0.0
2025-10-21 00:00:00-04:00,5.5,5.900000095367432,5.099999904632568,5.199999809265137,38070,0.0,0.0
2025-10-22 00:00:00-04:00,5.0,5.5,4.699999809265137,5.199999809265137,56800,0.0,0.0
2025-10-23 00:00:00-04:00,4.900000095367432,5.300000190734863,4.599999904632568,5.0,20010,0.0,0.0
2025-10-24 00:00:00-04:00,5.199999809265137,5.5,5.0,5.300000190734863,28170,0.0,0.0
2025-10-27 00:00:00-04:00,5.239999771118164,5.46999979019165,4.829999923706055,5.25,84800,0.0,0.1
2025-10-28 00:00:00-04:00,5.210000038146973,5.360000133514404,5.019999980926514,5.21999979019165,15000,0.0,0.0
2025-10-29 00:00:00-04:00,5.179999828338623,5.260000228881836,4.869999885559082,4.949999809265137,44500,0.0,0.0
2025-10-30 00:00:00-04:00,4.980000019073486,5.369999885559082,4.699999809265137,5.300000190734863,49900,0.0,0.0
2025-10-31 00:00:00-04:00,5.159999847412109,5.239999771118164,4.869999885559082,5.070000171661377,21300,0.0,0.0
2025-11-03 00:00:00-05:00,5.079999923706055,5.079999923706055,4.510000228881836,4.78000020980835,32200,0.0,0.0
2025-11-04 00:00:00-05:00,4.710000038146973,4.75,4.230000019073486,4.230000019073486,16900,0.0,0.0
2025-11-05 00:00:00-05:00,4.21999979019165,4.539999961853027,4.099999904632568,4.380000114440918,24300,0.0,0.0
2025-11-06 00:00:00-05:00,4.420000076293945,4.690000057220459,4.050000190734863,4.650000095367432,35800,0.0,0.0
2025-11-07 00:00:00-05:00,4.460000038146973,4.460000038146973,4.130000114440918,4.28000020980835,25200,0.0,0.0
2025-11-10 00:00:00-05:00,4.179999828338623,4.550000190734863,3.700000047683716,3.75,95600,0.0,0.0
2025-11-11 00:00:00-05:00,2.9800000190734863,3.0799999237060547,2.0399999618530273,2.859999895095825,44700,0.0,0.0
2025-11-12 00:00:00-05:00,3.1500000953674316,3.990000009536743,3.1500000953674316,3.930000066757202,14200,0.0,0.0
2025-11-13 00:00:00-05:00,3.2300000190734863,3.9200000762939453,3.2300000190734863,3.740000009536743,9300,0.0,0.0
2025-11-14 00:00:00-05:00,3.740000009536743,4.0,3.7200000286102295,3.7799999713897705,6600,0.0,0.0
2025-11-17 00:00:00-05:00,3.549999952316284,3.5999999046325684,3.549999952316284,3.559999942779541,2000,0.0,0.0
2025-11-18 00:00:00-05:00,3.9100000858306885,4.0,3.7100000381469727,4.0,12100,0.0,0.0
2025-11-19 00:00:00-05:00,4.0,4.400000095367432,4.0,4.25,3100,0.0,0.0
2025-11-20 00:00:00-05:00,3.950000047683716,3.950000047683716,3.950000047683716,3.950000047683716,500,0.0,0.0
2025-11-21 00:00:00-05:00,3.950000047683716,4.340000152587891,2.5199999809265137,3.809999942779541,5700,0.0,0.0
2025-11-24 00:00:00-05:00,3.859999895095825,3.859999895095825,3.0299999713897705,3.809999942779541,1800,0.0,0.0
2025-11-25 00:00:00-05:00,3.809999942779541,3.809999942779541,3.809999942779541,3.809999942779541,0,0.0,0.0
2025-11-26 00:00:00-05:00,3.0299999713897705,3.140000104904175,2.6600000858306885,3.0,5800,0.0,0.0
2025-11-28 00:00:00-05:00,3.0,3.0,3.0,3.0,0,0.0,0.0
2025-12-01 00:00:00-05:00,2.6500000953674316,2.6500000953674316,2.619999885559082,2.630000114440918,1900,0.0,0.0
2025-12-02 00:00:00-05:00,2.5799999237060547,4.460000038146973,2.5799999237060547,4.300000190734863,46400,0.0,0.0
2025-12-03 00:00:00-05:00,4.300000190734863,4.300000190734863,3.700000047683716,3.950000047683716,4200,0.0,0.0
2025-12-04 00:00:00-05:00,3.690000057220459,4.880000114440918,3.5999999046325684,4.739999771118164,17900,0.0,0.0
2025-12-05 00:00:00-05:00,8.970000267028809,11.829999923706055,7.059999942779541,8.1899995803833,8794600,0.0,0.0
2025-12-08 00:00:00-05:00,6.880000114440918,6.880000114440918,4.349999904632568,5.510000228881836,431800,0.0,0.0
2025-12-09 00:00:00-05:00,4.949999809265137,5.400000095367432,4.53000020980835,4.559999942779541,159700,0.0,0.0
2025-12-10 00:00:00-05:00,4.550000190734863,6.320000171661377,4.389999866485596,5.400000095367432,176400,0.0,0.0
2025-12-11 00:00:00-05:00,4.849999904632568,5.300000190734863,4.599999904632568,4.760000228881836,69200,0.0,0.0
2025-12-12 00:00:00-05:00,4.900000095367432,4.900000095367432,4.619999885559082,4.639999866485596,34300,0.0,0.0
2025-12-15 00:00:00-05:00,4.659999847412109,4.78000020980835,4.5,4.690000057220459,53500,0.0,0.0
2025-12-16 00:00:00-05:00,4.550000190734863,4.659999847412109,4.320000171661377,4.53000020980835,42100,0.0,0.0
2025-12-17 00:00:00-05:00,4.5,4.690000057220459,4.449999809265137,4.550000190734863,31300,0.0,0.0
2025-12-18 00:00:00-05:00,4.53000020980835,4.53000020980835,4.320000171661377,4.340000152587891,22200,0.0,0.0
2025-12-19 00:00:00-05:00,4.300000190734863,4.340000152587891,4.199999809265137,4.289999961853027,29900,0.0,0.0
2025-12-22 00:00:00-05:00,4.199999809265137,4.28000020980835,4.079999923706055,4.28000020980835,10400,0.0,0.0
2025-12-23 00:00:00-05:00,4.179999828338623,4.179999828338623,3.819999933242798,3.930000066757202,23700,0.0,0.0
2025-12-24 00:00:00-05:00,3.9200000762939453,3.9200000762939453,3.799999952316284,3.799999952316284,6200,0.0,0.0
2025-12-26 00:00:00-05:00,3.819999933242798,3.990000009536743,3.5199999809265137,3.700000047683716,10500,0.0,0.0
2025-12-29 00:00:00-05:00,3.799999952316284,3.799999952316284,3.559999942779541,3.700000047683716,26900,0.0,0.0
2025-12-30 00:00:00-05:00,3.609999895095825,3.690000057220459,3.5999999046325684,3.5999999046325684,13300,0.0,0.0
2025-12-31 00:00:00-05:00,3.5899999141693115,3.8299999237060547,3.5899999141693115,3.700000047683716,5300,0.0,0.0
2026-01-02 00:00:00-05:00,3.740000009536743,3.990000009536743,3.740000009536743,3.8299999237060547,4000,0.0,0.0
2026-01-05 00:00:00-05:00,3.819999933242798,4.150000095367432,3.4700000286102295,4.130000114440918,24700,0.0,0.0
2026-01-06 00:00:00-05:00,4.050000190734863,4.090000152587891,3.700000047683716,3.7799999713897705,25800,0.0,0.0
2026-01-07 00:00:00-05:00,3.869999885559082,4.079999923706055,3.7799999713897705,3.9200000762939453,13500,0.0,0.0
2026-01-08 00:00:00-05:00,4.059999942779541,4.480000019073486,3.950000047683716,4.25,32900,0.0,0.0
2026-01-09 00:00:00-05:00,4.010000228881836,4.25,4.010000228881836,4.210000038146973,11600,0.0,0.0
2026-01-12 00:00:00-05:00,4.099999904632568,4.150000095367432,4.099999904632568,4.130000114440918,2600,0.0,0.0
2026-01-13 00:00:00-05:00,3.9200000762939453,4.010000228881836,3.8299999237060547,4.0,3600,0.0,0.0
2026-01-14 00:00:00-05:00,3.859999895095825,4.0,3.8299999237060547,4.0,9900,0.0,0.0
2026-01-15 00:00:00-05:00,3.8399999141693115,4.090000152587891,3.8399999141693115,4.010000228881836,7400,0.0,0.0
2026-01-16 00:00:00-05:00,3.9700000286102295,4.130000114440918,3.9700000286102295,4.110000133514404,4200,0.0,0.0
2026-01-20 00:00:00-05:00,4.079999923706055,4.110000133514404,3.809999942779541,3.809999942779541,5300,0.0,0.0
2026-01-21 00:00:00-05:00,4.0,4.130000114440918,3.9200000762939453,3.9200000762939453,8000,0.0,0.0
2026-01-22 00:00:00-05:00,3.9200000762939453,4.119999885559082,3.9200000762939453,4.119999885559082,3100,0.0,0.0
2026-01-23 00:00:00-05:00,4.099999904632568,4.119999885559082,3.869999885559082,4.099999904632568,1700,0.0,0.0
2026-01-26 00:00:00-05:00,4.079999923706055,5.179999828338623,3.9100000858306885,4.880000114440918,74600,0.0,0.0
2026-01-27 00:00:00-05:00,4.920000076293945,4.920000076293945,4.28000020980835,4.590000152587891,25300,0.0,0.0
2026-01-28 00:00:00-05:00,4.46999979019165,4.570000171661377,4.050000190734863,4.489999771118164,11600,0.0,0.0
2026-01-29 00:00:00-05:00,4.46999979019165,4.46999979019165,4.199999809265137,4.449999809265137,29400,0.0,0.0
2026-01-30 00:00:00-05:00,4.440000057220459,4.46999979019165,4.289999961853027,4.460000038146973,9900,0.0,0.0
2026-02-02 00:00:00-05:00,4.309999942779541,4.46999979019165,4.199999809265137,4.340000152587891,12800,0.0,0.0
2026-02-03 00:00:00-05:00,4.239999771118164,4.550000190734863,4.159999847412109,4.550000190734863,10700,0.0,0.0
2026-02-04 00:00:00-05:00,4.75,4.75,4.289999961853027,4.75,8300,0.0,0.0
2026-02-05 00:00:00-05:00,4.409999847412109,4.75,4.210000038146973,4.639999866485596,16700,0.0,0.0
2026-02-06 00:00:00-05:00,4.5,4.989999771118164,4.349999904632568,4.800000190734863,14400,0.0,0.0
2026-02-09 00:00:00-05:00,4.769999980926514,5.690000057220459,4.769999980926514,5.570000171661377,14200,0.0,0.0
2026-02-10 00:00:00-05:00,5.489999771118164,5.679999828338623,5.079999923706055,5.679999828338623,38800,0.0,0.0
2026-02-11 00:00:00-05:00,5.420000076293945,5.840000152587891,4.909999847412109,5.670000076293945,17700,0.0,0.0
2026-02-12 00:00:00-05:00,5.590000152587891,5.639999866485596,5.460000038146973,5.559999942779541,6000,0.0,0.0
2026-02-13 00:00:00-05:00,5.809999942779541,5.809999942779541,5.320000171661377,5.599999904632568,6300,0.0,0.0
2026-02-17 00:00:00-05:00,5.539999961853027,5.809999942779541,4.989999771118164,5.809999942779541,6405,0.0,0.0
