Date,Open,High,Low,Close,Volume,Dividends,Stock Splits
2022-01-03 00:00:00-05:00,45.599998474121094,46.36000061035156,44.08000183105469,46.36000061035156,14926,0.0,0.0
2022-01-04 00:00:00-05:00,46.36000061035156,46.36000061035156,43.70000076293945,44.84000015258789,21618,0.0,0.0
2022-01-05 00:00:00-05:00,45.220001220703125,45.599998474121094,42.18000030517578,42.939998626708984,28400,0.0,0.0
2022-01-06 00:00:00-05:00,42.939998626708984,43.70000076293945,38.380001068115234,40.279998779296875,50626,0.0,0.0
2022-01-07 00:00:00-05:00,39.900001525878906,40.65999984741211,38.0,40.65999984741211,31176,0.0,0.0
2022-01-10 00:00:00-05:00,41.040000915527344,41.41999816894531,38.0,38.7599983215332,25466,0.0,0.0
2022-01-11 00:00:00-05:00,39.13999938964844,43.31999969482422,38.7599983215332,40.65999984741211,41368,0.0,0.0
2022-01-12 00:00:00-05:00,40.65999984741211,41.79999923706055,38.380001068115234,39.900001525878906,27918,0.0,0.0
2022-01-13 00:00:00-05:00,39.900001525878906,40.65999984741211,38.7599983215332,39.900001525878906,16745,0.0,0.0
2022-01-14 00:00:00-05:00,39.900001525878906,40.279998779296875,38.7599983215332,39.900001525878906,12779,0.0,0.0
2022-01-18 00:00:00-05:00,43.31999969482422,43.31999969482422,39.13999938964844,39.52000045776367,20176,0.0,0.0
2022-01-19 00:00:00-05:00,40.279998779296875,40.65999984741211,39.13999938964844,40.279998779296875,16074,0.0,0.0
2022-01-20 00:00:00-05:00,40.65999984741211,42.18000030517578,39.13999938964844,39.900001525878906,21932,0.0,0.0
2022-01-21 00:00:00-05:00,40.65999984741211,40.65999984741211,38.0,38.7599983215332,31718,0.0,0.0
2022-01-24 00:00:00-05:00,39.52000045776367,39.52000045776367,31.15999984741211,38.380001068115234,56366,0.0,0.0
2022-01-25 00:00:00-05:00,38.380001068115234,38.380001068115234,36.784000396728516,38.0,19695,0.0,0.0
2022-01-26 00:00:00-05:00,38.7599983215332,40.279998779296875,36.86000061035156,38.7599983215332,25837,0.0,0.0
2022-01-27 00:00:00-05:00,39.13999938964844,41.41999816894531,38.0,38.380001068115234,19511,0.0,0.0
2022-01-28 00:00:00-05:00,39.13999938964844,39.900001525878906,38.0,39.13999938964844,15305,0.0,0.0
2022-01-31 00:00:00-05:00,41.41999816894531,41.41999816894531,38.0,39.900001525878906,25389,0.0,0.0
2022-02-01 00:00:00-05:00,40.65999984741211,43.70000076293945,38.0,42.18000030517578,47642,0.0,0.0
2022-02-02 00:00:00-05:00,42.560001373291016,42.939998626708984,39.900001525878906,41.41999816894531,15624,0.0,0.0
2022-02-03 00:00:00-05:00,39.900001525878906,42.560001373291016,39.13999938964844,39.900001525878906,12187,0.0,0.0
2022-02-04 00:00:00-05:00,39.900001525878906,39.900001525878906,38.380001068115234,39.52000045776367,12653,0.0,0.0
2022-02-07 00:00:00-05:00,38.7599983215332,41.79999923706055,38.380001068115234,41.41999816894531,13797,0.0,0.0
2022-02-08 00:00:00-05:00,40.65999984741211,40.65999984741211,38.0,39.52000045776367,12037,0.0,0.0
2022-02-09 00:00:00-05:00,39.52000045776367,43.31999969482422,39.52000045776367,40.279998779296875,33526,0.0,0.0
2022-02-10 00:00:00-05:00,39.900001525878906,43.70000076293945,39.52000045776367,42.560001373291016,35529,0.0,0.0
2022-02-11 00:00:00-05:00,42.939998626708984,44.08000183105469,39.900001525878906,40.279998779296875,17884,0.0,0.0
2022-02-14 00:00:00-05:00,41.040000915527344,41.79999923706055,39.52000045776367,40.279998779296875,10408,0.0,0.0
2022-02-15 00:00:00-05:00,41.040000915527344,41.34400177001953,40.279998779296875,41.040000915527344,16918,0.0,0.0
2022-02-16 00:00:00-05:00,41.41999816894531,42.18000030517578,39.900001525878906,40.279998779296875,18153,0.0,0.0
2022-02-17 00:00:00-05:00,39.900001525878906,40.470001220703125,39.33000183105469,39.900001525878906,12897,0.0,0.0
2022-02-18 00:00:00-05:00,40.65999984741211,40.65999984741211,38.7599983215332,39.52000045776367,11834,0.0,0.0
2022-02-22 00:00:00-05:00,38.7599983215332,39.13999938964844,37.2400016784668,37.847999572753906,20313,0.0,0.0
2022-02-23 00:00:00-05:00,38.0,38.380001068115234,35.720001220703125,36.44200134277344,18734,0.0,0.0
2022-02-24 00:00:00-05:00,34.80799865722656,35.150001525878906,32.75600051879883,34.84600067138672,24071,0.0,0.0
2022-02-25 00:00:00-05:00,34.959999084472656,35.529998779296875,33.81999969482422,34.50400161743164,16729,0.0,0.0
2022-02-28 00:00:00-05:00,34.58000183105469,34.58000183105469,33.32600021362305,34.1619987487793,13355,0.0,0.0
2022-03-01 00:00:00-05:00,34.20000076293945,35.720001220703125,33.630001068115234,35.64400100708008,8129,0.0,0.0
2022-03-02 00:00:00-05:00,35.90999984741211,36.099998474121094,35.150001525878906,35.90999984741211,7482,0.0,0.0
2022-03-03 00:00:00-05:00,36.099998474121094,36.099998474121094,34.959999084472656,34.959999084472656,10566,0.0,0.0
2022-03-04 00:00:00-05:00,34.959999084472656,34.959999084472656,33.51599884033203,34.0099983215332,6705,0.0,0.0
2022-03-07 00:00:00-05:00,34.04800033569336,34.20000076293945,30.020000457763672,30.285999298095703,24116,0.0,0.0
2022-03-08 00:00:00-05:00,30.285999298095703,30.780000686645508,29.639999389648438,30.209999084472656,17471,0.0,0.0
2022-03-09 00:00:00-05:00,30.172000885009766,31.540000915527344,30.172000885009766,30.969999313354492,9311,0.0,0.0
2022-03-10 00:00:00-05:00,30.59000015258789,30.780000686645508,30.020000457763672,30.323999404907227,5671,0.0,0.0
2022-03-11 00:00:00-05:00,31.15999984741211,31.729999542236328,30.020000457763672,30.020000457763672,6271,0.0,0.0
2022-03-14 00:00:00-04:00,29.639999389648438,31.15999984741211,29.41200065612793,29.639999389648438,8153,0.0,0.0
2022-03-15 00:00:00-04:00,29.98200035095215,30.399999618530273,29.450000762939453,29.79199981689453,6303,0.0,0.0
2022-03-16 00:00:00-04:00,31.350000381469727,31.540000915527344,30.020000457763672,31.15999984741211,15366,0.0,0.0
2022-03-17 00:00:00-04:00,31.15999984741211,31.729999542236328,30.399999618530273,31.729999542236328,6734,0.0,0.0
2022-03-18 00:00:00-04:00,31.920000076293945,31.920000076293945,28.8799991607666,31.15999984741211,36397,0.0,0.0
2022-03-21 00:00:00-04:00,30.780000686645508,31.729999542236328,30.399999618530273,30.780000686645508,14726,0.0,0.0
2022-03-22 00:00:00-04:00,31.540000915527344,31.540000915527344,29.639999389648438,30.780000686645508,23679,0.0,0.0
2022-03-23 00:00:00-04:00,30.780000686645508,30.969999313354492,27.968000411987305,29.260000228881836,27113,0.0,0.0
2022-03-24 00:00:00-04:00,30.399999618530273,30.742000579833984,28.04400062561035,28.917999267578125,28163,0.0,0.0
2022-03-25 00:00:00-04:00,30.020000457763672,30.020000457763672,26.600000381469727,27.93000030517578,22826,0.0,0.0
2022-03-28 00:00:00-04:00,28.006000518798828,29.260000228881836,27.93000030517578,29.260000228881836,9697,0.0,0.0
2022-03-29 00:00:00-04:00,29.639999389648438,30.399999618530273,28.5,30.172000885009766,27418,0.0,0.0
2022-03-30 00:00:00-04:00,30.399999618530273,30.666000366210938,29.260000228881836,30.399999618530273,20242,0.0,0.0
2022-03-31 00:00:00-04:00,30.399999618530273,31.15999984741211,29.715999603271484,31.04599952697754,37416,0.0,0.0
2022-04-01 00:00:00-04:00,31.540000915527344,33.060001373291016,31.197999954223633,33.060001373291016,21605,0.0,0.0
2022-04-04 00:00:00-04:00,33.439998626708984,33.439998626708984,32.29999923706055,33.439998626708984,21329,0.0,0.0
2022-04-05 00:00:00-04:00,33.439998626708984,33.439998626708984,30.399999618530273,30.856000900268555,26339,0.0,0.0
2022-04-06 00:00:00-04:00,30.780000686645508,31.15999984741211,29.639999389648438,31.15999984741211,25516,0.0,0.0
2022-04-07 00:00:00-04:00,29.336000442504883,30.780000686645508,29.336000442504883,30.399999618530273,12726,0.0,0.0
2022-04-08 00:00:00-04:00,30.399999618530273,30.399999618530273,28.1200008392334,28.423999786376953,20384,0.0,0.0
2022-04-11 00:00:00-04:00,29.031999588012695,29.031999588012695,26.979999542236328,27.32200050354004,19484,0.0,0.0
2022-04-12 00:00:00-04:00,27.511999130249023,28.04400062561035,26.979999542236328,27.360000610351562,11216,0.0,0.0
2022-04-13 00:00:00-04:00,27.854000091552734,30.666000366210938,27.0939998626709,30.666000366210938,23045,0.0,0.0
2022-04-14 00:00:00-04:00,30.780000686645508,30.780000686645508,29.260000228881836,30.59000015258789,14995,0.0,0.0
2022-04-18 00:00:00-04:00,30.780000686645508,30.780000686645508,29.260000228881836,29.56399917602539,18132,0.0,0.0
2022-04-19 00:00:00-04:00,29.56399917602539,30.780000686645508,29.260000228881836,29.98200035095215,30676,0.0,0.0
2022-04-20 00:00:00-04:00,29.41200065612793,29.829999923706055,28.309999465942383,28.576000213623047,11318,0.0,0.0
2022-04-21 00:00:00-04:00,28.5,28.8799991607666,27.398000717163086,27.739999771118164,16095,0.0,0.0
2022-04-22 00:00:00-04:00,28.5,29.06999969482422,27.360000610351562,27.43600082397461,10447,0.0,0.0
2022-04-25 00:00:00-04:00,27.739999771118164,28.1200008392334,26.600000381469727,26.979999542236328,11587,0.0,0.0
2022-04-26 00:00:00-04:00,27.360000610351562,27.549999237060547,22.95199966430664,23.559999465942383,30695,0.0,0.0
2022-04-27 00:00:00-04:00,24.889999389648438,25.079999923706055,23.29400062561035,23.29400062561035,14150,0.0,0.0
2022-04-28 00:00:00-04:00,23.940000534057617,24.510000228881836,15.960000038146973,20.899999618530273,60363,0.0,0.0
2022-04-29 00:00:00-04:00,20.672000885009766,22.305999755859375,20.4060001373291,21.88800048828125,11850,0.0,0.0
2022-05-02 00:00:00-04:00,21.65999984741211,22.040000915527344,20.899999618530273,21.393999099731445,12047,0.0,0.0
2022-05-03 00:00:00-04:00,21.621999740600586,23.18000030517578,21.280000686645508,22.077999114990234,18161,0.0,0.0
2022-05-04 00:00:00-04:00,21.31800079345703,22.420000076293945,19.760000228881836,20.823999404907227,28103,0.0,0.0
2022-05-05 00:00:00-04:00,21.280000686645508,21.280000686645508,19.3799991607666,19.760000228881836,12739,0.0,0.0
2022-05-06 00:00:00-04:00,19.760000228881836,20.139999389648438,19.0,19.56999969482422,14887,0.0,0.0
2022-05-09 00:00:00-04:00,19.3799991607666,19.56999969482422,17.479999542236328,18.6200008392334,26053,0.0,0.0
2022-05-10 00:00:00-04:00,19.760000228881836,19.760000228881836,17.555999755859375,18.43000030517578,23958,0.0,0.0
2022-05-11 00:00:00-04:00,18.695999145507812,19.0,15.579999923706055,15.579999923706055,25034,0.0,0.0
2022-05-12 00:00:00-04:00,15.845999717712402,16.68199920654297,15.199999809265137,15.960000038146973,21197,0.0,0.0
2022-05-13 00:00:00-04:00,16.34000015258789,16.719999313354492,14.819999694824219,15.618000030517578,27224,0.0,0.0
2022-05-16 00:00:00-04:00,15.618000030517578,16.149999618530273,14.857999801635742,16.149999618530273,13434,0.0,0.0
2022-05-17 00:00:00-04:00,16.073999404907227,18.582000732421875,15.960000038146973,18.43000030517578,23776,0.0,0.0
2022-05-18 00:00:00-04:00,19.0,22.191999435424805,18.6200008392334,20.899999618530273,27829,0.0,0.0
2022-05-19 00:00:00-04:00,20.899999618530273,23.18000030517578,20.899999618530273,21.65999984741211,16574,0.0,0.0
2022-05-20 00:00:00-04:00,21.964000701904297,23.104000091552734,21.926000595092773,22.45800018310547,14661,0.0,0.0
2022-05-23 00:00:00-04:00,26.979999542236328,26.979999542236328,23.940000534057617,25.84000015258789,20755,0.0,0.0
2022-05-24 00:00:00-04:00,25.84000015258789,26.600000381469727,22.799999237060547,23.3700008392334,17705,0.0,0.0
2022-05-25 00:00:00-04:00,24.281999588012695,24.700000762939453,23.18000030517578,23.559999465942383,8924,0.0,0.0
2022-05-26 00:00:00-04:00,23.559999465942383,25.84000015258789,23.3700008392334,25.34600067138672,13079,0.0,0.0
2022-05-27 00:00:00-04:00,26.06800079345703,26.219999313354492,22.799999237060547,24.586000442504883,11824,0.0,0.0
2022-05-31 00:00:00-04:00,25.84000015258789,26.865999221801758,25.118000030517578,25.84000015258789,10516,0.0,0.0
2022-06-01 00:00:00-04:00,27.360000610351562,27.360000610351562,25.079999923706055,25.95400047302246,13129,0.0,0.0
2022-06-02 00:00:00-04:00,26.40999984741211,28.423999786376953,26.06800079345703,28.423999786376953,12739,0.0,0.0
2022-06-03 00:00:00-04:00,28.8799991607666,31.15999984741211,28.5,29.829999923706055,21418,0.0,0.0
2022-06-06 00:00:00-04:00,32.68000030517578,32.68000030517578,28.5,29.260000228881836,19787,0.0,0.0
2022-06-07 00:00:00-04:00,28.5,28.576000213623047,26.600000381469727,27.0939998626709,18158,0.0,0.0
2022-06-08 00:00:00-04:00,27.360000610351562,28.1200008392334,25.49799919128418,26.219999313354492,17934,0.0,0.0
2022-06-09 00:00:00-04:00,26.790000915527344,26.941999435424805,23.18000030517578,23.97800064086914,22553,0.0,0.0
2022-06-10 00:00:00-04:00,26.219999313354492,26.333999633789062,24.700000762939453,25.459999084472656,17282,0.0,0.0
2022-06-13 00:00:00-04:00,24.965999603271484,25.84000015258789,23.559999465942383,24.281999588012695,19626,0.0,0.0
2022-06-14 00:00:00-04:00,24.281999588012695,24.281999588012695,21.31800079345703,21.583999633789062,17950,0.0,0.0
2022-06-15 00:00:00-04:00,22.381999969482422,24.31999969482422,21.469999313354492,23.940000534057617,17550,0.0,0.0
2022-06-16 00:00:00-04:00,23.940000534057617,23.940000534057617,21.65999984741211,21.926000595092773,9700,0.0,0.0
2022-06-17 00:00:00-04:00,21.77400016784668,22.381999969482422,21.65999984741211,21.697999954223633,17661,0.0,0.0
2022-06-21 00:00:00-04:00,21.65999984741211,21.850000381469727,20.253999710083008,20.899999618530273,18663,0.0,0.0
2022-06-22 00:00:00-04:00,20.59600067138672,21.54599952697754,20.520000457763672,21.166000366210938,7605,0.0,0.0
2022-06-23 00:00:00-04:00,21.31800079345703,21.736000061035156,20.709999084472656,21.280000686645508,8487,0.0,0.0
2022-06-24 00:00:00-04:00,21.736000061035156,22.305999755859375,21.280000686645508,22.305999755859375,9158,0.0,0.0
2022-06-27 00:00:00-04:00,22.420000076293945,24.31999969482422,22.040000915527344,23.3700008392334,31913,0.0,0.0
2022-06-28 00:00:00-04:00,23.332000732421875,23.3700008392334,21.469999313354492,21.964000701904297,9179,0.0,0.0
2022-06-29 00:00:00-04:00,20.329999923706055,21.469999313354492,20.329999923706055,21.242000579833984,15903,0.0,0.0
2022-06-30 00:00:00-04:00,21.280000686645508,21.850000381469727,20.139999389648438,21.280000686645508,7579,0.0,0.0
2022-07-01 00:00:00-04:00,20.899999618530273,22.040000915527344,20.520000457763672,21.393999099731445,8418,0.0,0.0
2022-07-05 00:00:00-04:00,22.799999237060547,23.559999465942383,20.709999084472656,22.00200080871582,11555,0.0,0.0
2022-07-06 00:00:00-04:00,22.229999542236328,22.420000076293945,21.280000686645508,21.65999984741211,7829,0.0,0.0
2022-07-07 00:00:00-04:00,22.3439998626709,23.18000030517578,21.356000900268555,23.18000030517578,8353,0.0,0.0
2022-07-08 00:00:00-04:00,23.332000732421875,24.700000762939453,23.142000198364258,23.940000534057617,15334,0.0,0.0
2022-07-11 00:00:00-04:00,24.31999969482422,24.31999969482422,22.00200080871582,22.00200080871582,10547,0.0,0.0
2022-07-12 00:00:00-04:00,21.850000381469727,22.040000915527344,21.09000015258789,21.77400016784668,9458,0.0,0.0
2022-07-13 00:00:00-04:00,22.799999237060547,23.18000030517578,21.697999954223633,22.799999237060547,7621,0.0,0.0
2022-07-14 00:00:00-04:00,22.799999237060547,23.18000030517578,21.280000686645508,22.913999557495117,11145,0.0,0.0
2022-07-15 00:00:00-04:00,22.989999771118164,24.395999908447266,22.077999114990234,22.83799934387207,17395,0.0,0.0
2022-07-18 00:00:00-04:00,22.799999237060547,23.332000732421875,21.850000381469727,22.420000076293945,16466,0.0,0.0
2022-07-19 00:00:00-04:00,22.799999237060547,23.18000030517578,21.280000686645508,21.65999984741211,15997,0.0,0.0
2022-07-20 00:00:00-04:00,22.040000915527344,23.06599998474121,21.65999984741211,22.420000076293945,27513,0.0,0.0
2022-07-21 00:00:00-04:00,22.799999237060547,23.18000030517578,21.280000686645508,22.15399932861328,16655,0.0,0.0
2022-07-22 00:00:00-04:00,22.15399932861328,22.799999237060547,20.253999710083008,21.43199920654297,16126,0.0,0.0
2022-07-25 00:00:00-04:00,22.040000915527344,22.420000076293945,20.86199951171875,21.280000686645508,16513,0.0,0.0
2022-07-26 00:00:00-04:00,21.507999420166016,23.559999465942383,19.0,20.520000457763672,35234,0.0,0.0
2022-07-27 00:00:00-04:00,20.899999618530273,21.65999984741211,19.076000213623047,20.520000457763672,17145,0.0,0.0
2022-07-28 00:00:00-04:00,20.520000457763672,22.3439998626709,20.368000030517578,21.583999633789062,21145,0.0,0.0
2022-07-29 00:00:00-04:00,22.077999114990234,22.989999771118164,21.65999984741211,22.57200050354004,21745,0.0,0.0
2022-08-01 00:00:00-04:00,23.18000030517578,26.562000274658203,22.610000610351562,23.559999465942383,26879,0.0,0.0
2022-08-02 00:00:00-04:00,23.940000534057617,25.84000015258789,22.040000915527344,23.18000030517578,27879,0.0,0.0
2022-08-03 00:00:00-04:00,23.673999786376953,24.700000762939453,22.040000915527344,23.63599967956543,19537,0.0,0.0
2022-08-04 00:00:00-04:00,24.20599937438965,25.459999084472656,23.18000030517578,23.559999465942383,19332,0.0,0.0
2022-08-05 00:00:00-04:00,24.281999588012695,27.739999771118164,24.281999588012695,27.32200050354004,42521,0.0,0.0
2022-08-08 00:00:00-04:00,29.145999908447266,33.36399841308594,27.055999755859375,27.170000076293945,60668,0.0,0.0
2022-08-09 00:00:00-04:00,31.540000915527344,32.18600082397461,28.1200008392334,30.020000457763672,26392,0.0,0.0
2022-08-10 00:00:00-04:00,31.15999984741211,32.29999923706055,30.020000457763672,32.29999923706055,34300,0.0,0.0
2022-08-11 00:00:00-04:00,33.439998626708984,33.81999969482422,31.540000915527344,32.566001892089844,29087,0.0,0.0
2022-08-12 00:00:00-04:00,32.68000030517578,34.20000076293945,29.260000228881836,30.399999618530273,43947,0.0,0.0
2022-08-15 00:00:00-04:00,30.399999618530273,32.11000061035156,28.5,28.841999053955078,26066,0.0,0.0
2022-08-16 00:00:00-04:00,29.260000228881836,30.399999618530273,27.360000610351562,29.41200065612793,17847,0.0,0.0
2022-08-17 00:00:00-04:00,30.780000686645508,31.920000076293945,29.56399917602539,30.020000457763672,71008,0.0,0.0
2022-08-18 00:00:00-04:00,30.856000900268555,35.90999984741211,30.399999618530273,34.1619987487793,123079,0.0,0.0
2022-08-19 00:00:00-04:00,34.959999084472656,40.279998779296875,33.060001373291016,33.439998626708984,102968,0.0,0.0
2022-08-22 00:00:00-04:00,32.41400146484375,33.060001373291016,29.639999389648438,30.93199920654297,34471,0.0,0.0
2022-08-23 00:00:00-04:00,31.881999969482422,33.402000427246094,30.399999618530273,31.426000595092773,24721,0.0,0.0
2022-08-24 00:00:00-04:00,31.15999984741211,33.81999969482422,30.780000686645508,33.060001373291016,38508,0.0,0.0
2022-08-25 00:00:00-04:00,36.099998474121094,39.13999938964844,33.060001373291016,36.66999816894531,48839,0.0,0.0
2022-08-26 00:00:00-04:00,37.619998931884766,39.900001525878906,36.47999954223633,38.380001068115234,58184,0.0,0.0
2022-08-29 00:00:00-04:00,38.380001068115234,40.279998779296875,37.54399871826172,40.279998779296875,32700,0.0,0.0
2022-08-30 00:00:00-04:00,39.52000045776367,41.41999816894531,37.2400016784668,41.41999816894531,39797,0.0,0.0
2022-08-31 00:00:00-04:00,42.18000030517578,43.31999969482422,41.040000915527344,42.18000030517578,35447,0.0,0.0
2022-09-01 00:00:00-04:00,43.31999969482422,43.31999969482422,38.380001068115234,39.13999938964844,29521,0.0,0.0
2022-09-02 00:00:00-04:00,40.279998779296875,42.18000030517578,38.380001068115234,40.279998779296875,21797,0.0,0.0
2022-09-06 00:00:00-04:00,39.13999938964844,42.18000030517578,35.720001220703125,36.821998596191406,37916,0.0,0.0
2022-09-07 00:00:00-04:00,37.2400016784668,39.13999938964844,35.56800079345703,35.56800079345703,23350,0.0,0.0
2022-09-08 00:00:00-04:00,36.099998474121094,38.0,32.94599914550781,34.58000183105469,26495,0.0,0.0
2022-09-09 00:00:00-04:00,34.58000183105469,36.47999954223633,31.15999984741211,31.8439998626709,46750,0.0,0.0
2022-09-12 00:00:00-04:00,32.641998291015625,34.20000076293945,29.829999923706055,31.197999954223633,35371,0.0,0.0
2022-09-13 00:00:00-04:00,30.93199920654297,31.920000076293945,28.1200008392334,28.690000534057617,27666,0.0,0.0
2022-09-14 00:00:00-04:00,28.1200008392334,29.450000762939453,25.459999084472656,27.511999130249023,38400,0.0,0.0
2022-09-15 00:00:00-04:00,27.398000717163086,27.739999771118164,25.079999923706055,25.992000579833984,40063,0.0,0.0
2022-09-16 00:00:00-04:00,25.84000015258789,25.84000015258789,23.18000030517578,23.597999572753906,49761,0.0,0.0
2022-09-19 00:00:00-04:00,23.940000534057617,25.649999618530273,23.559999465942383,24.775999069213867,30505,0.0,0.0
2022-09-20 00:00:00-04:00,26.143999099731445,26.790000915527344,24.1299991607666,25.422000885009766,40029,0.0,0.0
2022-09-21 00:00:00-04:00,24.700000762939453,26.18199920654297,23.256000518798828,23.75,28068,0.0,0.0
2022-09-22 00:00:00-04:00,23.63599967956543,24.700000762939453,23.18000030517578,23.218000411987305,17068,0.0,0.0
2022-09-23 00:00:00-04:00,23.52199935913086,24.167999267578125,19.950000762939453,20.709999084472656,37484,0.0,0.0
2022-09-26 00:00:00-04:00,20.215999603271484,21.54599952697754,18.961999893188477,19.607999801635742,31526,0.0,0.0
2022-09-27 00:00:00-04:00,21.280000686645508,21.280000686645508,19.076000213623047,19.645999908447266,35145,0.0,0.0
2022-09-28 00:00:00-04:00,20.4060001373291,20.672000885009766,18.354000091552734,18.88599967956543,36024,0.0,0.0
2022-09-29 00:00:00-04:00,19.0,19.417999267578125,17.860000610351562,18.239999771118164,24424,0.0,0.0
2022-09-30 00:00:00-04:00,18.163999557495117,19.0,17.860000610351562,18.392000198364258,15784,0.0,0.0
2022-10-03 00:00:00-04:00,18.392000198364258,22.15399932861328,18.392000198364258,22.15399932861328,37942,0.0,0.0
2022-10-04 00:00:00-04:00,23.940000534057617,23.940000534057617,22.191999435424805,23.673999786376953,22124,0.0,0.0
2022-10-05 00:00:00-04:00,23.559999465942383,24.700000762939453,21.697999954223633,23.97800064086914,18647,0.0,0.0
2022-10-06 00:00:00-04:00,24.31999969482422,24.700000762939453,23.027999877929688,24.31999969482422,17382,0.0,0.0
2022-10-07 00:00:00-04:00,24.43400001525879,24.624000549316406,22.420000076293945,22.83799934387207,17311,0.0,0.0
2022-10-10 00:00:00-04:00,22.420000076293945,24.889999389648438,22.420000076293945,24.31999969482422,16608,0.0,0.0
2022-10-11 00:00:00-04:00,24.31999969482422,24.624000549316406,22.45800018310547,22.799999237060547,16845,0.0,0.0
2022-10-12 00:00:00-04:00,22.799999237060547,24.586000442504883,22.115999221801758,23.218000411987305,15979,0.0,0.0
2022-10-13 00:00:00-04:00,22.3439998626709,23.559999465942383,20.97599983215332,22.799999237060547,28121,0.0,0.0
2022-10-14 00:00:00-04:00,22.115999221801758,23.18000030517578,20.899999618530273,21.736000061035156,16734,0.0,0.0
2022-10-17 00:00:00-04:00,22.040000915527344,23.18000030517578,20.329999923706055,20.937999725341797,24387,0.0,0.0
2022-10-18 00:00:00-04:00,21.850000381469727,22.420000076293945,20.253999710083008,20.634000778198242,21547,0.0,0.0
2022-10-19 00:00:00-04:00,20.368000030517578,22.420000076293945,18.6200008392334,20.025999069213867,34411,0.0,0.0
2022-10-20 00:00:00-04:00,20.139999389648438,21.128000259399414,18.08799934387207,18.961999893188477,25650,0.0,0.0
2022-10-21 00:00:00-04:00,19.493999481201172,20.368000030517578,17.784000396728516,18.6200008392334,22439,0.0,0.0
2022-10-24 00:00:00-04:00,19.0,19.3799991607666,17.365999221801758,18.125999450683594,25213,0.0,0.0
2022-10-25 00:00:00-04:00,18.125999450683594,19.0,17.479999542236328,18.163999557495117,22371,0.0,0.0
2022-10-26 00:00:00-04:00,17.100000381469727,18.239999771118164,17.100000381469727,17.746000289916992,28461,0.0,0.0
2022-10-27 00:00:00-04:00,18.163999557495117,18.6200008392334,17.479999542236328,17.93600082397461,26413,0.0,0.0
2022-10-28 00:00:00-04:00,17.860000610351562,19.0,17.479999542236328,17.860000610351562,26947,0.0,0.0
2022-10-31 00:00:00-04:00,18.239999771118164,18.54400062561035,16.90999984741211,17.176000595092773,23834,0.0,0.0
2022-11-01 00:00:00-04:00,17.860000610351562,18.392000198364258,17.100000381469727,17.670000076293945,26497,0.0,0.0
2022-11-02 00:00:00-04:00,18.011999130249023,18.239999771118164,16.719999313354492,17.479999542236328,17913,0.0,0.0
2022-11-03 00:00:00-04:00,17.365999221801758,18.239999771118164,16.947999954223633,17.784000396728516,16776,0.0,0.0
2022-11-04 00:00:00-04:00,18.049999237060547,18.08799934387207,16.34000015258789,17.40399932861328,28329,0.0,0.0
2022-11-07 00:00:00-05:00,17.40399932861328,17.40399932861328,15.199999809265137,17.290000915527344,30595,0.0,0.0
2022-11-08 00:00:00-05:00,17.100000381469727,18.239999771118164,16.643999099731445,17.479999542236328,26584,0.0,0.0
2022-11-09 00:00:00-05:00,17.100000381469727,17.860000610351562,15.960000038146973,16.79599952697754,30895,0.0,0.0
2022-11-10 00:00:00-05:00,16.22599983215332,18.239999771118164,15.960000038146973,16.56800079345703,45500,0.0,0.0
2022-11-11 00:00:00-05:00,16.530000686645508,17.51799964904785,16.263999938964844,17.479999542236328,35605,0.0,0.0
2022-11-14 00:00:00-05:00,17.479999542236328,17.82200050354004,16.757999420166016,17.365999221801758,23916,0.0,0.0
2022-11-15 00:00:00-05:00,17.82200050354004,18.08799934387207,17.327999114990234,17.746000289916992,20789,0.0,0.0
2022-11-16 00:00:00-05:00,17.746000289916992,17.82200050354004,16.719999313354492,16.757999420166016,14311,0.0,0.0
2022-11-17 00:00:00-05:00,16.757999420166016,17.25200080871582,16.34000015258789,16.643999099731445,11834,0.0,0.0
2022-11-18 00:00:00-05:00,16.719999313354492,17.100000381469727,16.378000259399414,16.530000686645508,10871,0.0,0.0
2022-11-21 00:00:00-05:00,16.719999313354492,17.02400016784668,15.199999809265137,15.199999809265137,30224,0.0,0.0
2022-11-22 00:00:00-05:00,15.732000350952148,16.302000045776367,15.579999923706055,15.92199993133545,14787,0.0,0.0
2022-11-23 00:00:00-05:00,16.34000015258789,16.530000686645508,15.428000450134277,16.34000015258789,21653,0.0,0.0
2022-11-25 00:00:00-05:00,16.34000015258789,16.719999313354492,15.883999824523926,16.34000015258789,8997,0.0,0.0
2022-11-28 00:00:00-05:00,16.492000579833984,16.492000579833984,15.390000343322754,15.579999923706055,14497,0.0,0.0
2022-11-29 00:00:00-05:00,15.390000343322754,15.92199993133545,14.477999687194824,14.553999900817871,43968,0.0,0.0
2022-11-30 00:00:00-05:00,14.744000434875488,15.579999923706055,13.680000305175781,14.13599967956543,50832,0.0,0.0
2022-12-01 00:00:00-05:00,14.4399995803833,14.781999588012695,13.527999877929688,13.869999885559082,23266,0.0,0.0
2022-12-02 00:00:00-05:00,14.022000312805176,14.4399995803833,13.109999656677246,13.565999984741211,32718,0.0,0.0
2022-12-05 00:00:00-05:00,13.869999885559082,14.25,12.920000076293945,13.413999557495117,31863,0.0,0.0
2022-12-06 00:00:00-05:00,13.489999771118164,13.489999771118164,12.539999961853027,12.805999755859375,30658,0.0,0.0
2022-12-07 00:00:00-05:00,12.767999649047852,13.680000305175781,12.15999984741211,12.236000061035156,25511,0.0,0.0
2022-12-08 00:00:00-05:00,12.920000076293945,13.300000190734863,11.970000267028809,12.312000274658203,33429,0.0,0.0
2022-12-09 00:00:00-05:00,12.312000274658203,12.920000076293945,11.894000053405762,12.616000175476074,34111,0.0,0.0
2022-12-12 00:00:00-05:00,12.539999961853027,12.729999542236328,11.399999618530273,12.045999526977539,27542,0.0,0.0
2022-12-13 00:00:00-05:00,11.970000267028809,12.15999984741211,11.362000465393066,12.15999984741211,30550,0.0,0.0
2022-12-14 00:00:00-05:00,11.894000053405762,12.15999984741211,11.210000038146973,11.779999732971191,26113,0.0,0.0
2022-12-15 00:00:00-05:00,11.399999618530273,11.552000045776367,10.640000343322754,11.324000358581543,29537,0.0,0.0
2022-12-16 00:00:00-05:00,11.362000465393066,11.513999938964844,10.069999694824219,10.069999694824219,52747,0.0,0.0
2022-12-19 00:00:00-05:00,12.15999984741211,12.15999984741211,10.829999923706055,11.133999824523926,32655,0.0,0.0
2022-12-20 00:00:00-05:00,10.906000137329102,11.210000038146973,10.564000129699707,10.906000137329102,23079,0.0,0.0
2022-12-21 00:00:00-05:00,11.133999824523926,11.399999618530273,10.449999809265137,11.399999618530273,31376,0.0,0.0
2022-12-22 00:00:00-05:00,10.868000030517578,12.15999984741211,10.640000343322754,12.15999984741211,19113,0.0,0.0
2022-12-23 00:00:00-05:00,11.817999839782715,12.350000381469727,11.020000457763672,11.704000473022461,21374,0.0,0.0
2022-12-27 00:00:00-05:00,11.057999610900879,12.236000061035156,10.640000343322754,11.779999732971191,32242,0.0,0.0
2022-12-28 00:00:00-05:00,11.437999725341797,11.894000053405762,10.640000343322754,11.552000045776367,27113,0.0,0.0
2022-12-29 00:00:00-05:00,11.552000045776367,12.15999984741211,10.678000450134277,12.15999984741211,32611,0.0,0.0
2022-12-30 00:00:00-05:00,11.704000473022461,11.704000473022461,10.753999710083008,11.28600025177002,26945,0.0,0.0
2023-01-03 00:00:00-05:00,11.513999938964844,11.970000267028809,11.28600025177002,11.513999938964844,14771,0.0,0.0
2023-01-04 00:00:00-05:00,11.932000160217285,12.539999961853027,11.513999938964844,12.27400016784668,23587,0.0,0.0
2023-01-05 00:00:00-05:00,12.920000076293945,13.984000205993652,12.312000274658203,13.338000297546387,40732,0.0,0.0
2023-01-06 00:00:00-05:00,13.907999992370605,15.199999809265137,13.680000305175781,14.972000122070312,51111,0.0,0.0
2023-01-09 00:00:00-05:00,15.770000457763672,18.809999465942383,15.770000457763672,18.809999465942383,82892,0.0,0.0
2023-01-10 00:00:00-05:00,19.0,23.559999465942383,18.239999771118164,21.356000900268555,128484,0.0,0.0
2023-01-11 00:00:00-05:00,19.760000228881836,22.040000915527344,17.898000717163086,19.722000122070312,54808,0.0,0.0
2023-01-12 00:00:00-05:00,19.760000228881836,20.520000457763672,14.4399995803833,17.631999969482422,128887,0.0,0.0
2023-01-13 00:00:00-05:00,17.441999435424805,18.6200008392334,15.960000038146973,17.100000381469727,46687,0.0,0.0
2023-01-17 00:00:00-05:00,17.479999542236328,18.049999237060547,16.11199951171875,17.746000289916992,46968,0.0,0.0
2023-01-18 00:00:00-05:00,18.239999771118164,19.3799991607666,15.579999923706055,17.100000381469727,54761,0.0,0.0
2023-01-19 00:00:00-05:00,17.100000381469727,17.100000381469727,15.579999923706055,15.656000137329102,27968,0.0,0.0
2023-01-20 00:00:00-05:00,15.960000038146973,17.100000381469727,15.199999809265137,15.465999603271484,37100,0.0,0.0
2023-01-23 00:00:00-05:00,15.960000038146973,16.34000015258789,14.553999900817871,15.656000137329102,51997,0.0,0.0
2023-01-24 00:00:00-05:00,15.579999923706055,15.960000038146973,14.402000427246094,15.276000022888184,41571,0.0,0.0
2023-01-25 00:00:00-05:00,14.972000122070312,15.579999923706055,13.946000099182129,15.579999923706055,45271,0.0,0.0
2023-01-26 00:00:00-05:00,15.883999824523926,15.960000038146973,14.630000114440918,15.579999923706055,36095,0.0,0.0
2023-01-27 00:00:00-05:00,15.579999923706055,15.579999923706055,14.4399995803833,15.199999809265137,33411,0.0,0.0
2023-01-30 00:00:00-05:00,14.819999694824219,15.23799991607666,14.13599967956543,14.630000114440918,38124,0.0,0.0
2023-01-31 00:00:00-05:00,14.744000434875488,15.199999809265137,14.36400032043457,14.744000434875488,32608,0.0,0.0
2023-02-01 00:00:00-05:00,14.744000434875488,17.100000381469727,14.630000114440918,16.56800079345703,104416,0.0,0.0
2023-02-02 00:00:00-05:00,17.479999542236328,18.54400062561035,16.606000900268555,17.479999542236328,64382,0.0,0.0
2023-02-03 00:00:00-05:00,17.290000915527344,17.82200050354004,15.199999809265137,16.719999313354492,43029,0.0,0.0
2023-02-06 00:00:00-05:00,17.214000701904297,17.784000396728516,16.302000045776367,16.719999313354492,43442,0.0,0.0
2023-02-07 00:00:00-05:00,16.90999984741211,17.290000915527344,16.11199951171875,17.100000381469727,30376,0.0,0.0
2023-02-08 00:00:00-05:00,16.719999313354492,17.670000076293945,16.302000045776367,17.100000381469727,67789,0.0,0.0
2023-02-09 00:00:00-05:00,17.290000915527344,17.746000289916992,15.276000022888184,16.719999313354492,60350,0.0,0.0
2023-02-10 00:00:00-05:00,16.302000045776367,16.34000015258789,15.656000137329102,15.883999824523926,29534,0.0,0.0
2023-02-13 00:00:00-05:00,16.263999938964844,16.263999938964844,14.819999694824219,15.503999710083008,26645,0.0,0.0
2023-02-14 00:00:00-05:00,15.579999923706055,15.770000457763672,15.199999809265137,15.579999923706055,20795,0.0,0.0
2023-02-15 00:00:00-05:00,15.807999610900879,16.492000579833984,15.390000343322754,16.22599983215332,21950,0.0,0.0
2023-02-16 00:00:00-05:00,16.45400047302246,17.100000381469727,15.960000038146973,16.871999740600586,22705,0.0,0.0
2023-02-17 00:00:00-05:00,17.100000381469727,17.100000381469727,15.960000038146973,16.45400047302246,21926,0.0,0.0
2023-02-21 00:00:00-05:00,16.719999313354492,18.239999771118164,16.187999725341797,18.049999237060547,62703,0.0,0.0
2023-02-22 00:00:00-05:00,18.31599998474121,19.760000228881836,17.93600082397461,19.3799991607666,58932,0.0,0.0
2023-02-23 00:00:00-05:00,19.56999969482422,19.760000228881836,17.100000381469727,18.049999237060547,40158,0.0,0.0
2023-02-24 00:00:00-05:00,17.974000930786133,19.0,17.479999542236328,18.88599967956543,26963,0.0,0.0
2023-02-27 00:00:00-05:00,19.0,22.420000076293945,19.0,21.280000686645508,83563,0.0,0.0
2023-02-28 00:00:00-05:00,21.736000061035156,22.799999237060547,17.214000701904297,19.760000228881836,110982,0.0,0.0
2023-03-01 00:00:00-05:00,19.0,19.0,17.479999542236328,18.049999237060547,42339,0.0,0.0
2023-03-02 00:00:00-05:00,18.049999237060547,18.847999572753906,16.34000015258789,17.555999755859375,69521,0.0,0.0
2023-03-03 00:00:00-05:00,17.479999542236328,18.20199966430664,16.34000015258789,17.479999542236328,39266,0.0,0.0
2023-03-06 00:00:00-05:00,17.327999114990234,17.860000610351562,15.960000038146973,16.90999984741211,31261,0.0,0.0
2023-03-07 00:00:00-05:00,16.035999298095703,16.90999984741211,14.819999694824219,15.960000038146973,67366,0.0,0.0
2023-03-08 00:00:00-05:00,15.579999923706055,16.22599983215332,15.04800033569336,16.073999404907227,23453,0.0,0.0
2023-03-09 00:00:00-05:00,15.770000457763672,16.34000015258789,14.819999694824219,15.579999923706055,25724,0.0,0.0
2023-03-10 00:00:00-05:00,15.503999710083008,15.960000038146973,14.4399995803833,15.579999923706055,41776,0.0,0.0
2023-03-13 00:00:00-04:00,14.630000114440918,15.960000038146973,14.4399995803833,15.694000244140625,30992,0.0,0.0
2023-03-14 00:00:00-04:00,15.199999809265137,16.719999313354492,14.25,15.618000030517578,33653,0.0,0.0
2023-03-15 00:00:00-04:00,15.010000228881836,15.770000457763672,14.36400032043457,15.010000228881836,22718,0.0,0.0
2023-03-16 00:00:00-04:00,15.199999809265137,15.390000343322754,13.37600040435791,14.819999694824219,43276,0.0,0.0
2023-03-17 00:00:00-04:00,14.934000015258789,15.199999809265137,13.680000305175781,14.819999694824219,26676,0.0,0.0
2023-03-20 00:00:00-04:00,14.13599967956543,15.199999809265137,13.300000190734863,14.0600004196167,30245,0.0,0.0
2023-03-21 00:00:00-04:00,13.793999671936035,14.819999694824219,13.680000305175781,14.25,26445,0.0,0.0
2023-03-22 00:00:00-04:00,14.0600004196167,15.161999702453613,14.0600004196167,15.010000228881836,33153,0.0,0.0
2023-03-23 00:00:00-04:00,15.276000022888184,15.579999923706055,14.781999588012695,15.579999923706055,22861,0.0,0.0
2023-03-24 00:00:00-04:00,15.579999923706055,15.579999923706055,14.022000312805176,15.010000228881836,34961,0.0,0.0
2023-03-27 00:00:00-04:00,14.819999694824219,14.972000122070312,13.718000411987305,14.25,26376,0.0,0.0
2023-03-28 00:00:00-04:00,14.4399995803833,14.819999694824219,13.831999778747559,14.4399995803833,17882,0.0,0.0
2023-03-29 00:00:00-04:00,14.4399995803833,14.630000114440918,13.718000411987305,14.4399995803833,26579,0.0,0.0
2023-03-30 00:00:00-04:00,14.326000213623047,14.819999694824219,13.680000305175781,14.4399995803833,22232,0.0,0.0
2023-03-31 00:00:00-04:00,14.0600004196167,14.819999694824219,13.869999885559082,14.630000114440918,21942,0.0,0.0
2023-04-03 00:00:00-04:00,14.402000427246094,14.630000114440918,13.869999885559082,14.4399995803833,16568,0.0,0.0
2023-04-04 00:00:00-04:00,13.907999992370605,15.199999809265137,13.907999992370605,14.477999687194824,21187,0.0,0.0
2023-04-05 00:00:00-04:00,14.515999794006348,15.199999809265137,14.0600004196167,14.211999893188477,18853,0.0,0.0
2023-04-06 00:00:00-04:00,14.4399995803833,15.199999809265137,14.25,14.781999588012695,18942,0.0,0.0
2023-04-10 00:00:00-04:00,14.819999694824219,15.199999809265137,14.13599967956543,14.25,19250,0.0,0.0
2023-04-11 00:00:00-04:00,14.819999694824219,14.819999694824219,14.25,14.630000114440918,16547,0.0,0.0
2023-04-12 00:00:00-04:00,14.819999694824219,14.819999694824219,14.0600004196167,14.4399995803833,20632,0.0,0.0
2023-04-13 00:00:00-04:00,14.630000114440918,14.744000434875488,14.097999572753906,14.592000007629395,16532,0.0,0.0
2023-04-14 00:00:00-04:00,14.781999588012695,15.35200023651123,14.4399995803833,14.819999694824219,26908,0.0,0.0
2023-04-17 00:00:00-04:00,14.630000114440918,15.390000343322754,13.604000091552734,14.781999588012695,40547,0.0,0.0
2023-04-18 00:00:00-04:00,14.630000114440918,14.668000221252441,13.642000198364258,14.668000221252441,31874,0.0,0.0
2023-04-19 00:00:00-04:00,14.25,14.25,13.642000198364258,14.0600004196167,18763,0.0,0.0
2023-04-20 00:00:00-04:00,14.288000106811523,14.326000213623047,13.300000190734863,14.097999572753906,26663,0.0,0.0
2023-04-21 00:00:00-04:00,14.097999572753906,14.097999572753906,13.489999771118164,13.946000099182129,17813,0.0,0.0
2023-04-24 00:00:00-04:00,14.211999893188477,14.211999893188477,12.15999984741211,13.604000091552734,42784,0.0,0.0
2023-04-25 00:00:00-04:00,12.729999542236328,13.300000190734863,11.020000457763672,12.539999961853027,48445,0.0,0.0
2023-04-26 00:00:00-04:00,12.15999984741211,12.350000381469727,11.210000038146973,11.894000053405762,31461,0.0,0.0
2023-04-27 00:00:00-04:00,11.399999618530273,12.045999526977539,11.17199993133545,12.045999526977539,19584,0.0,0.0
2023-04-28 00:00:00-04:00,11.932000160217285,13.14799976348877,11.817999839782715,13.14799976348877,29974,0.0,0.0
2023-05-01 00:00:00-04:00,13.14799976348877,13.185999870300293,12.15999984741211,13.109999656677246,20766,0.0,0.0
2023-05-02 00:00:00-04:00,12.920000076293945,13.109999656677246,11.59000015258789,12.654000282287598,25411,0.0,0.0
2023-05-03 00:00:00-04:00,12.654000282287598,12.654000282287598,11.362000465393066,12.312000274658203,25358,0.0,0.0
2023-05-04 00:00:00-04:00,11.59000015258789,12.15999984741211,11.437999725341797,12.15999984741211,17516,0.0,0.0
2023-05-05 00:00:00-04:00,12.15999984741211,12.350000381469727,11.17199993133545,12.15999984741211,35216,0.0,0.0
2023-05-08 00:00:00-04:00,12.15999984741211,12.15999984741211,11.28600025177002,12.15999984741211,26074,0.0,0.0
2023-05-09 00:00:00-04:00,12.539999961853027,12.539999961853027,11.248000144958496,11.704000473022461,27626,0.0,0.0
2023-05-10 00:00:00-04:00,12.008000373840332,12.008000373840332,10.829999923706055,11.47599983215332,28105,0.0,0.0
2023-05-11 00:00:00-04:00,11.552000045776367,11.779999732971191,11.210000038146973,11.59000015258789,17216,0.0,0.0
2023-05-12 00:00:00-04:00,11.628000259399414,11.779999732971191,11.020000457763672,11.513999938964844,30903,0.0,0.0
2023-05-15 00:00:00-04:00,11.552000045776367,11.817999839782715,10.829999923706055,11.741999626159668,21113,0.0,0.0
2023-05-16 00:00:00-04:00,11.779999732971191,11.894000053405762,11.020000457763672,11.779999732971191,24271,0.0,0.0
2023-05-17 00:00:00-04:00,11.210000038146973,11.970000267028809,11.020000457763672,11.47599983215332,32945,0.0,0.0
2023-05-18 00:00:00-04:00,11.47599983215332,11.47599983215332,10.640000343322754,11.399999618530273,28782,0.0,0.0
2023-05-19 00:00:00-04:00,11.28600025177002,11.362000465393066,10.069999694824219,11.210000038146973,38963,0.0,0.0
2023-05-22 00:00:00-04:00,10.829999923706055,11.020000457763672,10.222000122070312,10.640000343322754,28992,0.0,0.0
2023-05-23 00:00:00-04:00,10.640000343322754,11.399999618530273,10.260000228881836,11.362000465393066,39545,0.0,0.0
2023-05-24 00:00:00-04:00,10.944000244140625,11.362000465393066,10.260000228881836,11.020000457763672,40034,0.0,0.0
2023-05-25 00:00:00-04:00,10.260000228881836,11.020000457763672,10.069999694824219,10.564000129699707,31226,0.0,0.0
2023-05-26 00:00:00-04:00,10.449999809265137,11.210000038146973,10.260000228881836,11.133999824523926,32655,0.0,0.0
2023-05-30 00:00:00-04:00,11.17199993133545,11.362000465393066,10.260000228881836,10.791999816894531,45216,0.0,0.0
2023-05-31 00:00:00-04:00,10.678000450134277,11.362000465393066,9.6899995803833,10.260000228881836,77526,0.0,0.0
2023-06-01 00:00:00-04:00,10.260000228881836,10.60200023651123,9.576000213623047,10.107999801635742,72479,0.0,0.0
2023-06-02 00:00:00-04:00,9.880000114440918,10.260000228881836,9.538000106811523,10.145999908447266,56155,0.0,0.0
2023-06-05 00:00:00-04:00,10.37399959564209,10.449999809265137,9.5,10.222000122070312,56279,0.0,0.0
2023-06-06 00:00:00-04:00,10.145999908447266,10.184000015258789,7.980000019073486,9.576000213623047,107555,0.0,0.0
2023-06-07 00:00:00-04:00,9.5,9.61400032043457,8.930000305175781,9.119999885559082,72782,0.0,0.0
2023-06-08 00:00:00-04:00,9.3100004196167,9.3100004196167,8.663999557495117,8.930000305175781,57076,0.0,0.0
2023-06-09 00:00:00-04:00,8.815999984741211,9.196000099182129,8.39799976348877,9.196000099182129,55603,0.0,0.0
2023-06-12 00:00:00-04:00,9.5,9.5,8.62600040435791,8.815999984741211,52200,0.0,0.0
2023-06-13 00:00:00-04:00,8.777999877929688,9.119999885559082,8.550000190734863,9.119999885559082,41795,0.0,0.0
2023-06-14 00:00:00-04:00,9.157999992370605,9.461999893188477,8.854000091552734,9.461999893188477,36205,0.0,0.0
2023-06-15 00:00:00-04:00,9.61400032043457,10.564000129699707,9.5,10.449999809265137,78568,0.0,0.0
2023-06-16 00:00:00-04:00,10.48799991607666,11.020000457763672,10.069999694824219,10.526000022888184,44879,0.0,0.0
2023-06-20 00:00:00-04:00,10.982000350952148,11.399999618530273,10.640000343322754,11.399999618530273,45166,0.0,0.0
2023-06-21 00:00:00-04:00,11.779999732971191,12.654000282287598,11.628000259399414,12.045999526977539,78055,0.0,0.0
2023-06-22 00:00:00-04:00,12.501999855041504,12.501999855041504,10.526000022888184,11.59000015258789,59184,0.0,0.0
2023-06-23 00:00:00-04:00,11.47599983215332,11.59000015258789,10.107999801635742,10.791999816894531,63134,0.0,0.0
2023-06-26 00:00:00-04:00,11.020000457763672,11.399999618530273,10.715999603271484,11.399999618530273,36126,0.0,0.0
2023-06-27 00:00:00-04:00,11.779999732971191,12.539999961853027,10.868000030517578,12.539999961853027,85774,0.0,0.0
2023-06-28 00:00:00-04:00,12.539999961853027,12.654000282287598,12.008000373840332,12.539999961853027,49134,0.0,0.0
2023-06-29 00:00:00-04:00,12.767999649047852,14.0600004196167,12.350000381469727,13.984000205993652,71042,0.0,0.0
2023-06-30 00:00:00-04:00,14.13599967956543,14.819999694824219,13.718000411987305,14.36400032043457,75413,0.0,0.0
2023-07-03 00:00:00-04:00,14.857999801635742,17.860000610351562,14.326000213623047,17.02400016784668,109087,0.0,0.0
2023-07-05 00:00:00-04:00,18.239999771118164,20.139999389648438,17.40399932861328,18.6200008392334,216721,0.0,0.0
2023-07-06 00:00:00-04:00,19.0,19.760000228881836,15.199999809265137,18.239999771118164,126563,0.0,0.0
2023-07-07 00:00:00-04:00,18.125999450683594,18.468000411987305,16.34000015258789,17.5939998626709,58371,0.0,0.0
2023-07-10 00:00:00-04:00,17.670000076293945,18.239999771118164,16.187999725341797,17.746000289916992,63366,0.0,0.0
2023-07-11 00:00:00-04:00,17.365999221801758,17.365999221801758,15.23799991607666,16.719999313354492,92774,0.0,0.0
2023-07-12 00:00:00-04:00,16.719999313354492,18.6200008392334,15.960000038146973,18.239999771118164,75787,0.0,0.0
2023-07-13 00:00:00-04:00,18.354000091552734,18.6200008392334,16.34000015258789,17.670000076293945,62792,0.0,0.0
2023-07-14 00:00:00-04:00,17.479999542236328,17.479999542236328,15.960000038146973,16.302000045776367,73026,0.0,0.0
2023-07-17 00:00:00-04:00,16.34000015258789,16.530000686645508,15.579999923706055,16.530000686645508,43711,0.0,0.0
2023-07-18 00:00:00-04:00,16.149999618530273,16.719999313354492,15.579999923706055,15.998000144958496,51550,0.0,0.0
2023-07-19 00:00:00-04:00,15.92199993133545,16.035999298095703,15.428000450134277,16.035999298095703,52716,0.0,0.0
2023-07-20 00:00:00-04:00,15.732000350952148,16.149999618530273,14.022000312805176,15.199999809265137,79434,0.0,0.0
2023-07-21 00:00:00-04:00,15.199999809265137,15.199999809265137,14.4399995803833,15.161999702453613,36271,0.0,0.0
2023-07-24 00:00:00-04:00,15.12399959564209,15.428000450134277,14.477999687194824,15.35200023651123,35876,0.0,0.0
2023-07-25 00:00:00-04:00,15.390000343322754,15.960000038146973,15.010000228881836,15.579999923706055,59879,0.0,0.0
2023-07-26 00:00:00-04:00,15.770000457763672,15.883999824523926,14.4399995803833,15.010000228881836,56874,0.0,0.0
2023-07-27 00:00:00-04:00,15.199999809265137,15.199999809265137,14.25,14.781999588012695,37947,0.0,0.0
2023-07-28 00:00:00-04:00,14.895999908447266,14.895999908447266,14.25,14.857999801635742,32745,0.0,0.0
2023-07-31 00:00:00-04:00,14.630000114440918,15.199999809265137,14.25,15.199999809265137,78321,0.0,0.0
2023-08-01 00:00:00-04:00,12.236000061035156,12.729999542236328,10.564000129699707,12.045999526977539,365111,0.0,0.0
2023-08-02 00:00:00-04:00,11.666000366210938,11.779999732971191,10.449999809265137,11.020000457763672,163466,0.0,0.0
2023-08-03 00:00:00-04:00,10.906000137329102,11.666000366210938,10.564000129699707,11.666000366210938,105363,0.0,0.0
2023-08-04 00:00:00-04:00,11.704000473022461,13.680000305175781,11.628000259399414,12.920000076293945,121461,0.0,0.0
2023-08-07 00:00:00-04:00,13.071999549865723,14.0600004196167,12.729999542236328,13.604000091552734,77176,0.0,0.0
2023-08-08 00:00:00-04:00,13.680000305175781,13.680000305175781,12.539999961853027,13.185999870300293,45763,0.0,0.0
2023-08-09 00:00:00-04:00,13.109999656677246,13.565999984741211,12.729999542236328,13.223999977111816,51426,0.0,0.0
2023-08-10 00:00:00-04:00,13.680000305175781,13.680000305175781,12.805999755859375,13.300000190734863,41705,0.0,0.0
2023-08-11 00:00:00-04:00,13.071999549865723,13.26200008392334,11.855999946594238,12.425999641418457,58953,0.0,0.0
2023-08-14 00:00:00-04:00,12.767999649047852,13.300000190734863,12.27400016784668,12.920000076293945,51866,0.0,0.0
2023-08-15 00:00:00-04:00,12.881999969482422,12.920000076293945,11.855999946594238,12.27400016784668,70587,0.0,0.0
2023-08-16 00:00:00-04:00,12.27400016784668,12.350000381469727,11.437999725341797,12.27400016784668,62013,0.0,0.0
2023-08-17 00:00:00-04:00,12.654000282287598,12.654000282287598,11.817999839782715,12.46399974822998,40455,0.0,0.0
2023-08-18 00:00:00-04:00,12.197999954223633,12.27400016784668,11.437999725341797,12.15999984741211,59226,0.0,0.0
2023-08-21 00:00:00-04:00,12.083999633789062,12.350000381469727,11.399999618530273,11.894000053405762,52316,0.0,0.0
2023-08-22 00:00:00-04:00,11.666000366210938,11.779999732971191,11.399999618530273,11.779999732971191,46884,0.0,0.0
2023-08-23 00:00:00-04:00,11.59000015258789,11.970000267028809,11.399999618530273,11.628000259399414,50418,0.0,0.0
2023-08-24 00:00:00-04:00,11.437999725341797,11.894000053405762,11.17199993133545,11.628000259399414,61266,0.0,0.0
2023-08-25 00:00:00-04:00,11.513999938964844,11.628000259399414,11.210000038146973,11.399999618530273,40832,0.0,0.0
2023-08-28 00:00:00-04:00,11.020000457763672,12.539999961853027,11.020000457763672,11.970000267028809,98082,0.0,0.0
2023-08-29 00:00:00-04:00,12.083999633789062,12.350000381469727,11.133999824523926,11.741999626159668,68024,0.0,0.0
2023-08-30 00:00:00-04:00,11.741999626159668,11.779999732971191,11.399999618530273,11.741999626159668,25129,0.0,0.0
2023-08-31 00:00:00-04:00,11.741999626159668,11.817999839782715,11.399999618530273,11.817999839782715,37234,0.0,0.0
2023-09-01 00:00:00-04:00,11.779999732971191,11.970000267028809,11.437999725341797,11.817999839782715,55647,0.0,0.0
2023-09-05 00:00:00-04:00,12.15999984741211,12.27400016784668,11.779999732971191,12.15999984741211,74716,0.0,0.0
2023-09-06 00:00:00-04:00,11.932000160217285,12.083999633789062,11.817999839782715,11.894000053405762,40682,0.0,0.0
2023-09-07 00:00:00-04:00,11.817999839782715,12.15999984741211,11.628000259399414,12.121999740600586,39434,0.0,0.0
2023-09-08 00:00:00-04:00,12.15999984741211,12.539999961853027,11.779999732971191,12.539999961853027,59603,0.0,0.0
2023-09-11 00:00:00-04:00,12.539999961853027,12.654000282287598,11.779999732971191,12.539999961853027,39947,0.0,0.0
2023-09-12 00:00:00-04:00,12.425999641418457,12.539999961853027,12.008000373840332,12.539999961853027,36203,0.0,0.0
2023-09-13 00:00:00-04:00,12.501999855041504,12.729999542236328,12.15999984741211,12.539999961853027,45655,0.0,0.0
2023-09-14 00:00:00-04:00,12.539999961853027,12.654000282287598,11.399999618530273,12.539999961853027,542874,0.0,0.0
2023-09-15 00:00:00-04:00,12.539999961853027,12.729999542236328,12.197999954223633,12.539999961853027,50145,0.0,0.0
2023-09-18 00:00:00-04:00,12.920000076293945,17.860000610351562,12.881999969482422,17.479999542236328,558171,0.0,0.0
2023-09-19 00:00:00-04:00,17.290000915527344,17.441999435424805,14.4399995803833,16.719999313354492,265503,0.0,0.0
2023-09-20 00:00:00-04:00,16.719999313354492,19.0,15.998000144958496,16.187999725341797,300113,0.0,0.0
2023-09-21 00:00:00-04:00,17.100000381469727,18.6200008392334,16.757999420166016,18.6200008392334,209024,0.0,0.0
2023-09-22 00:00:00-04:00,19.0,22.040000915527344,18.658000946044922,20.899999618530273,415358,0.0,0.0
2023-09-25 00:00:00-04:00,21.280000686645508,24.700000762939453,21.166000366210938,23.940000534057617,356118,0.0,0.0
2023-09-26 00:00:00-04:00,25.535999298095703,27.170000076293945,19.56999969482422,22.040000915527344,393808,0.0,0.0
2023-09-27 00:00:00-04:00,22.3439998626709,23.559999465942383,19.0,20.785999298095703,175474,0.0,0.0
2023-09-28 00:00:00-04:00,20.558000564575195,20.59600067138672,18.277999877929688,18.54400062561035,127537,0.0,0.0
2023-09-29 00:00:00-04:00,18.6200008392334,20.709999084472656,18.239999771118164,20.17799949645996,105505,0.0,0.0
2023-10-02 00:00:00-04:00,20.899999618530273,22.799999237060547,19.79800033569336,21.65999984741211,150639,0.0,0.0
2023-10-03 00:00:00-04:00,22.040000915527344,22.15399932861328,19.950000762939453,20.48200035095215,85126,0.0,0.0
2023-10-04 00:00:00-04:00,20.520000457763672,20.899999618530273,19.0,19.836000442504883,74926,0.0,0.0
2023-10-05 00:00:00-04:00,19.607999801635742,20.520000457763672,19.076000213623047,20.329999923706055,35934,0.0,0.0
2023-10-06 00:00:00-04:00,20.17799949645996,21.507999420166016,19.950000762939453,21.43199920654297,58103,0.0,0.0
2023-10-09 00:00:00-04:00,21.850000381469727,25.459999084472656,21.697999954223633,23.483999252319336,269295,0.0,0.0
2023-10-10 00:00:00-04:00,24.700000762939453,24.700000762939453,22.799999237060547,24.1299991607666,100245,0.0,0.0
2023-10-11 00:00:00-04:00,25.079999923706055,25.84000015258789,23.673999786376953,24.016000747680664,110355,0.0,0.0
2023-10-12 00:00:00-04:00,23.940000534057617,24.700000762939453,21.013999938964844,22.799999237060547,122787,0.0,0.0
2023-10-13 00:00:00-04:00,22.799999237060547,22.799999237060547,20.899999618530273,21.88800048828125,65089,0.0,0.0
2023-10-16 00:00:00-04:00,21.583999633789062,21.850000381469727,20.899999618530273,21.736000061035156,52055,0.0,0.0
2023-10-17 00:00:00-04:00,21.54599952697754,21.54599952697754,19.417999267578125,20.368000030517578,67029,0.0,0.0
2023-10-18 00:00:00-04:00,20.139999389648438,20.139999389648438,19.0,19.22800064086914,78426,0.0,0.0
2023-10-19 00:00:00-04:00,19.22800064086914,19.722000122070312,18.809999465942383,19.341999053955078,53068,0.0,0.0
2023-10-20 00:00:00-04:00,19.266000747680664,19.56999969482422,17.746000289916992,18.43000030517578,91858,0.0,0.0
2023-10-23 00:00:00-04:00,18.77199935913086,18.809999465942383,17.479999542236328,18.354000091552734,41661,0.0,0.0
2023-10-24 00:00:00-04:00,18.392000198364258,18.43000030517578,15.960000038146973,16.757999420166016,101934,0.0,0.0
2023-10-25 00:00:00-04:00,17.479999542236328,20.139999389648438,17.290000915527344,18.582000732421875,114945,0.0,0.0
2023-10-26 00:00:00-04:00,19.531999588012695,21.280000686645508,19.3799991607666,20.937999725341797,94266,0.0,0.0
2023-10-27 00:00:00-04:00,21.280000686645508,23.559999465942383,20.899999618530273,23.52199935913086,175553,0.0,0.0
2023-10-30 00:00:00-04:00,23.75,25.04199981689453,20.672000885009766,23.027999877929688,131053,0.0,0.0
2023-10-31 00:00:00-04:00,25.649999618530273,28.04400062561035,23.3700008392334,24.586000442504883,451592,0.0,0.0
2023-11-01 00:00:00-04:00,24.92799949645996,24.92799949645996,21.54599952697754,21.697999954223633,160382,0.0,0.0
2023-11-02 00:00:00-04:00,23.559999465942383,23.559999465942383,21.65999984741211,22.381999969482422,67313,0.0,0.0
2023-11-03 00:00:00-04:00,22.420000076293945,22.989999771118164,21.77400016784668,22.648000717163086,58845,0.0,0.0
2023-11-06 00:00:00-05:00,21.242000579833984,22.305999755859375,19.836000442504883,21.65999984741211,100745,0.0,0.0
2023-11-07 00:00:00-05:00,21.583999633789062,21.621999740600586,20.253999710083008,20.74799919128418,73255,0.0,0.0
2023-11-08 00:00:00-05:00,20.520000457763672,20.59600067138672,19.076000213623047,19.607999801635742,82287,0.0,0.0
2023-11-09 00:00:00-05:00,18.961999893188477,19.760000228881836,18.809999465942383,19.190000534057617,71868,0.0,0.0
2023-11-10 00:00:00-05:00,16.833999633789062,17.479999542236328,15.161999702453613,16.263999938964844,349187,0.0,0.0
2023-11-13 00:00:00-05:00,17.327999114990234,18.582000732421875,16.34000015258789,17.93600082397461,145018,0.0,0.0
2023-11-14 00:00:00-05:00,17.898000717163086,18.239999771118164,16.34000015258789,17.479999542236328,136684,0.0,0.0
2023-11-15 00:00:00-05:00,17.51799964904785,17.82200050354004,16.719999313354492,17.290000915527344,67921,0.0,0.0
2023-11-16 00:00:00-05:00,17.176000595092773,18.049999237060547,16.530000686645508,17.062000274658203,102984,0.0,0.0
2023-11-17 00:00:00-05:00,16.719999313354492,17.13800048828125,16.378000259399414,17.100000381469727,92216,0.0,0.0
2023-11-20 00:00:00-05:00,17.441999435424805,17.479999542236328,16.90999984741211,17.176000595092773,73929,0.0,0.0
2023-11-21 00:00:00-05:00,17.479999542236328,17.860000610351562,17.13800048828125,17.746000289916992,62800,0.0,0.0
2023-11-22 00:00:00-05:00,17.5939998626709,17.784000396728516,17.062000274658203,17.479999542236328,61366,0.0,0.0
2023-11-24 00:00:00-05:00,17.479999542236328,17.860000610351562,17.479999542236328,17.555999755859375,33647,0.0,0.0
2023-11-27 00:00:00-05:00,17.860000610351562,18.658000946044922,17.70800018310547,18.43000030517578,120539,0.0,0.0
2023-11-28 00:00:00-05:00,18.733999252319336,21.65999984741211,18.43000030517578,19.304000854492188,163239,0.0,0.0
2023-11-29 00:00:00-05:00,19.760000228881836,20.253999710083008,17.670000076293945,18.20199966430664,173789,0.0,0.0
2023-11-30 00:00:00-05:00,18.6200008392334,18.6200008392334,16.492000579833984,17.100000381469727,196763,0.0,0.0
2023-12-01 00:00:00-05:00,16.947999954223633,17.479999542236328,16.416000366210938,17.479999542236328,115139,0.0,0.0
2023-12-04 00:00:00-05:00,17.100000381469727,17.290000915527344,16.378000259399414,16.986000061035156,96482,0.0,0.0
2023-12-05 00:00:00-05:00,16.719999313354492,16.79599952697754,15.35200023651123,16.530000686645508,147768,0.0,0.0
2023-12-06 00:00:00-05:00,16.073999404907227,16.45400047302246,15.579999923706055,16.34000015258789,63676,0.0,0.0
2023-12-07 00:00:00-05:00,15.998000144958496,16.302000045776367,15.199999809265137,15.770000457763672,77621,0.0,0.0
2023-12-08 00:00:00-05:00,15.579999923706055,15.92199993133545,15.23799991607666,15.732000350952148,74574,0.0,0.0
2023-12-11 00:00:00-05:00,15.92199993133545,16.11199951171875,14.819999694824219,15.314000129699707,111582,0.0,0.0
2023-12-12 00:00:00-05:00,14.895999908447266,15.579999923706055,14.819999694824219,15.23799991607666,68371,0.0,0.0
2023-12-13 00:00:00-05:00,15.12399959564209,15.503999710083008,14.819999694824219,14.857999801635742,110603,0.0,0.0
2023-12-14 00:00:00-05:00,15.010000228881836,15.770000457763672,14.781999588012695,15.770000457763672,87468,0.0,0.0
2023-12-15 00:00:00-05:00,15.770000457763672,16.34000015258789,15.04800033569336,16.073999404907227,100139,0.0,0.0
2023-12-18 00:00:00-05:00,15.770000457763672,16.34000015258789,15.23799991607666,15.618000030517578,72318,0.0,0.0
2023-12-19 00:00:00-05:00,15.314000129699707,15.618000030517578,15.010000228881836,15.199999809265137,72226,0.0,0.0
2023-12-20 00:00:00-05:00,15.199999809265137,15.390000343322754,14.4399995803833,14.819999694824219,112745,0.0,0.0
2023-12-21 00:00:00-05:00,15.010000228881836,15.199999809265137,14.36400032043457,14.592000007629395,46558,0.0,0.0
2023-12-22 00:00:00-05:00,14.668000221252441,15.579999923706055,14.592000007629395,15.579999923706055,96847,0.0,0.0
2023-12-26 00:00:00-05:00,15.883999824523926,15.883999824523926,15.23799991607666,15.465999603271484,44203,0.0,0.0
2023-12-27 00:00:00-05:00,15.579999923706055,15.579999923706055,15.010000228881836,15.541999816894531,48997,0.0,0.0
2023-12-28 00:00:00-05:00,15.314000129699707,15.390000343322754,15.086000442504883,15.35200023651123,44255,0.0,0.0
2023-12-29 00:00:00-05:00,15.314000129699707,15.579999923706055,14.819999694824219,15.579999923706055,46247,0.0,0.0
2024-01-02 00:00:00-05:00,15.579999923706055,15.770000457763672,14.857999801635742,15.199999809265137,75721,0.0,0.0
2024-01-03 00:00:00-05:00,15.199999809265137,15.199999809265137,14.592000007629395,14.592000007629395,74021,0.0,0.0
2024-01-04 00:00:00-05:00,14.706000328063965,15.199999809265137,14.592000007629395,15.199999809265137,75984,0.0,0.0
2024-01-05 00:00:00-05:00,15.199999809265137,15.770000457763672,15.199999809265137,15.390000343322754,62413,0.0,0.0
2024-01-08 00:00:00-05:00,15.199999809265137,15.390000343322754,14.4399995803833,14.895999908447266,123068,0.0,0.0
2024-01-09 00:00:00-05:00,15.04800033569336,15.579999923706055,14.668000221252441,15.579999923706055,115097,0.0,0.0
2024-01-10 00:00:00-05:00,15.579999923706055,16.90999984741211,15.579999923706055,16.90999984741211,162853,0.0,0.0
2024-01-11 00:00:00-05:00,16.719999313354492,17.100000381469727,15.807999610900879,15.960000038146973,82174,0.0,0.0
2024-01-12 00:00:00-05:00,15.960000038146973,15.998000144958496,14.515999794006348,15.390000343322754,159653,0.0,0.0
2024-01-16 00:00:00-05:00,15.199999809265137,15.199999809265137,14.477999687194824,14.477999687194824,84058,0.0,0.0
2024-01-17 00:00:00-05:00,14.592000007629395,15.199999809265137,14.0600004196167,14.477999687194824,78024,0.0,0.0
2024-01-18 00:00:00-05:00,14.781999588012695,14.972000122070312,12.843999862670898,13.680000305175781,132295,0.0,0.0
2024-01-19 00:00:00-05:00,14.4399995803833,14.819999694824219,13.109999656677246,13.907999992370605,109758,0.0,0.0
2024-01-22 00:00:00-05:00,14.022000312805176,14.4399995803833,13.718000411987305,14.4399995803833,76976,0.0,0.0
2024-01-23 00:00:00-05:00,14.4399995803833,14.781999588012695,14.288000106811523,14.477999687194824,80597,0.0,0.0
2024-01-24 00:00:00-05:00,14.4399995803833,14.630000114440918,12.920000076293945,13.984000205993652,167855,0.0,0.0
2024-01-25 00:00:00-05:00,13.869999885559082,14.25,12.920000076293945,13.755999565124512,112058,0.0,0.0
2024-01-26 00:00:00-05:00,13.680000305175781,14.0600004196167,13.300000190734863,14.0600004196167,54366,0.0,0.0
2024-01-29 00:00:00-05:00,14.097999572753906,14.4399995803833,13.45199966430664,14.288000106811523,67711,0.0,0.0
2024-01-30 00:00:00-05:00,14.097999572753906,14.288000106811523,13.869999885559082,14.097999572753906,51895,0.0,0.0
2024-01-31 00:00:00-05:00,14.0600004196167,14.4399995803833,13.831999778747559,14.4399995803833,42758,0.0,0.0
2024-02-01 00:00:00-05:00,13.907999992370605,14.173999786376953,13.604000091552734,13.831999778747559,73747,0.0,0.0
2024-02-02 00:00:00-05:00,13.869999885559082,14.211999893188477,13.071999549865723,13.413999557495117,106695,0.0,0.0
2024-02-05 00:00:00-05:00,13.109999656677246,13.489999771118164,12.539999961853027,13.071999549865723,85416,0.0,0.0
2024-02-06 00:00:00-05:00,13.071999549865723,13.109999656677246,11.894000053405762,12.539999961853027,166650,0.0,0.0
2024-02-07 00:00:00-05:00,12.729999542236328,12.729999542236328,10.753999710083008,11.399999618530273,244818,0.0,0.0
2024-02-08 00:00:00-05:00,11.399999618530273,12.616000175476074,11.133999824523926,12.616000175476074,125392,0.0,0.0
2024-02-09 00:00:00-05:00,12.616000175476074,12.881999969482422,12.197999954223633,12.236000061035156,60076,0.0,0.0
2024-02-12 00:00:00-05:00,12.920000076293945,13.565999984741211,12.729999542236328,13.565999984741211,91592,0.0,0.0
2024-02-13 00:00:00-05:00,13.489999771118164,13.642000198364258,12.843999862670898,13.642000198364258,60534,0.0,0.0
2024-02-14 00:00:00-05:00,13.489999771118164,13.489999771118164,12.57800006866455,13.185999870300293,71108,0.0,0.0
2024-02-15 00:00:00-05:00,13.185999870300293,13.185999870300293,12.197999954223633,12.920000076293945,75708,0.0,0.0
2024-02-16 00:00:00-05:00,12.920000076293945,13.109999656677246,12.539999961853027,12.805999755859375,46592,0.0,0.0
2024-02-20 00:00:00-05:00,13.071999549865723,14.0600004196167,12.843999862670898,14.0600004196167,115705,0.0,0.0
2024-02-21 00:00:00-05:00,14.0600004196167,14.553999900817871,13.755999565124512,14.553999900817871,79284,0.0,0.0
2024-02-22 00:00:00-05:00,14.592000007629395,15.12399959564209,14.4399995803833,15.12399959564209,94255,0.0,0.0
2024-02-23 00:00:00-05:00,15.199999809265137,15.199999809265137,13.489999771118164,14.25,80613,0.0,0.0
2024-02-26 00:00:00-05:00,14.13599967956543,14.13599967956543,13.109999656677246,13.300000190734863,75808,0.0,0.0
2024-02-27 00:00:00-05:00,13.300000190734863,13.338000297546387,12.805999755859375,13.223999977111816,81050,0.0,0.0
2024-02-28 00:00:00-05:00,13.071999549865723,13.869999885559082,12.920000076293945,13.223999977111816,73421,0.0,0.0
2024-02-29 00:00:00-05:00,13.185999870300293,13.413999557495117,12.996000289916992,13.223999977111816,58374,0.0,0.0
2024-03-01 00:00:00-05:00,12.996000289916992,13.527999877929688,12.654000282287598,12.729999542236328,105479,0.0,0.0
2024-03-04 00:00:00-05:00,12.729999542236328,13.26200008392334,12.045999526977539,12.539999961853027,105105,0.0,0.0
2024-03-05 00:00:00-05:00,12.539999961853027,12.539999961853027,11.894000053405762,12.15999984741211,79187,0.0,0.0
2024-03-06 00:00:00-05:00,12.15999984741211,12.27400016784668,11.704000473022461,12.121999740600586,75511,0.0,0.0
2024-03-07 00:00:00-05:00,12.15999984741211,14.0600004196167,12.121999740600586,13.984000205993652,258918,0.0,0.0
2024-03-08 00:00:00-05:00,14.211999893188477,15.314000129699707,13.984000205993652,14.857999801635742,248079,0.0,0.0
2024-03-11 00:00:00-04:00,14.819999694824219,15.199999809265137,14.25,15.161999702453613,138087,0.0,0.0
2024-03-12 00:00:00-04:00,14.326000213623047,16.986000061035156,14.326000213623047,16.719999313354492,339526,0.0,0.0
2024-03-13 00:00:00-04:00,19.760000228881836,19.836000442504883,15.23799991607666,15.960000038146973,1197703,0.0,0.0
2024-03-14 00:00:00-04:00,17.100000381469727,18.049999237060547,15.960000038146973,16.302000045776367,360818,0.0,0.0
2024-03-15 00:00:00-04:00,16.56800079345703,17.860000610351562,16.34000015258789,17.479999542236328,363116,0.0,0.0
2024-03-18 00:00:00-04:00,17.479999542236328,17.51799964904785,16.149999618530273,17.100000381469727,216634,0.0,0.0
2024-03-19 00:00:00-04:00,17.100000381469727,17.100000381469727,16.416000366210938,16.833999633789062,145792,0.0,0.0
2024-03-20 00:00:00-04:00,17.100000381469727,17.100000381469727,15.12399959564209,15.960000038146973,326797,0.0,0.0
2024-03-21 00:00:00-04:00,15.960000038146973,16.149999618530273,15.199999809265137,15.503999710083008,154726,0.0,0.0
2024-03-22 00:00:00-04:00,15.656000137329102,15.845999717712402,14.895999908447266,15.845999717712402,173929,0.0,0.0
2024-03-25 00:00:00-04:00,16.11199951171875,16.90999984741211,15.845999717712402,16.263999938964844,145489,0.0,0.0
2024-03-26 00:00:00-04:00,16.719999313354492,16.986000061035156,16.073999404907227,16.302000045776367,102834,0.0,0.0
2024-03-27 00:00:00-04:00,16.22599983215332,16.530000686645508,16.11199951171875,16.34000015258789,77961,0.0,0.0
2024-03-28 00:00:00-04:00,16.34000015258789,16.34000015258789,15.23799991607666,15.732000350952148,149368,0.0,0.0
2024-04-01 00:00:00-04:00,15.960000038146973,16.22599983215332,15.579999923706055,16.11199951171875,99132,0.0,0.0
2024-04-02 00:00:00-04:00,15.998000144958496,16.073999404907227,15.276000022888184,15.960000038146973,77782,0.0,0.0
2024-04-03 00:00:00-04:00,15.845999717712402,17.860000610351562,15.579999923706055,17.5939998626709,331213,0.0,0.0
2024-04-04 00:00:00-04:00,17.479999542236328,17.479999542236328,15.503999710083008,16.11199951171875,199132,0.0,0.0
2024-04-05 00:00:00-04:00,16.149999618530273,16.263999938964844,15.770000457763672,15.770000457763672,69584,0.0,0.0
2024-04-08 00:00:00-04:00,16.11199951171875,16.56800079345703,15.618000030517578,16.530000686645508,130411,0.0,0.0
2024-04-09 00:00:00-04:00,15.960000038146973,16.34000015258789,15.732000350952148,16.149999618530273,60113,0.0,0.0
2024-04-10 00:00:00-04:00,15.960000038146973,15.960000038146973,14.553999900817871,15.199999809265137,176876,0.0,0.0
2024-04-11 00:00:00-04:00,15.35200023651123,15.503999710083008,14.402000427246094,14.4399995803833,118358,0.0,0.0
2024-04-12 00:00:00-04:00,14.515999794006348,14.934000015258789,13.527999877929688,13.907999992370605,195884,0.0,0.0
2024-04-15 00:00:00-04:00,14.211999893188477,14.4399995803833,13.718000411987305,14.097999572753906,74589,0.0,0.0
2024-04-16 00:00:00-04:00,14.326000213623047,14.4399995803833,13.338000297546387,14.4399995803833,99132,0.0,0.0
2024-04-17 00:00:00-04:00,14.4399995803833,14.4399995803833,13.907999992370605,14.25,54829,0.0,0.0
2024-04-18 00:00:00-04:00,14.288000106811523,14.4399995803833,13.755999565124512,14.0600004196167,46271,0.0,0.0
2024-04-19 00:00:00-04:00,13.718000411987305,14.173999786376953,13.680000305175781,13.984000205993652,46837,0.0,0.0
2024-04-22 00:00:00-04:00,13.755999565124512,14.4399995803833,13.489999771118164,13.680000305175781,60403,0.0,0.0
2024-04-23 00:00:00-04:00,13.680000305175781,13.680000305175781,13.338000297546387,13.489999771118164,80213,0.0,0.0
2024-04-24 00:00:00-04:00,13.37600040435791,13.642000198364258,12.805999755859375,13.489999771118164,92482,0.0,0.0
2024-04-25 00:00:00-04:00,13.300000190734863,13.300000190734863,12.920000076293945,13.14799976348877,77782,0.0,0.0
2024-04-26 00:00:00-04:00,13.300000190734863,13.37600040435791,12.958000183105469,13.300000190734863,57645,0.0,0.0
2024-04-29 00:00:00-04:00,13.338000297546387,13.338000297546387,12.920000076293945,13.300000190734863,72058,0.0,0.0
2024-04-30 00:00:00-04:00,13.185999870300293,13.338000297546387,12.805999755859375,13.300000190734863,95868,0.0,0.0
2024-05-01 00:00:00-04:00,12.920000076293945,13.300000190734863,12.805999755859375,13.300000190734863,76639,0.0,0.0
2024-05-02 00:00:00-04:00,13.338000297546387,13.37600040435791,12.996000289916992,13.300000190734863,42339,0.0,0.0
2024-05-03 00:00:00-04:00,13.413999557495117,13.642000198364258,13.109999656677246,13.300000190734863,72550,0.0,0.0
2024-05-06 00:00:00-04:00,13.680000305175781,14.4399995803833,13.527999877929688,13.984000205993652,128824,0.0,0.0
2024-05-07 00:00:00-04:00,14.0600004196167,14.13599967956543,13.680000305175781,14.022000312805176,54666,0.0,0.0
2024-05-08 00:00:00-04:00,14.0600004196167,14.173999786376953,13.755999565124512,14.0600004196167,39163,0.0,0.0
2024-05-09 00:00:00-04:00,13.907999992370605,14.211999893188477,13.793999671936035,14.211999893188477,40605,0.0,0.0
2024-05-10 00:00:00-04:00,14.4399995803833,14.4399995803833,12.996000289916992,13.793999671936035,117929,0.0,0.0
2024-05-13 00:00:00-04:00,13.869999885559082,13.869999885559082,12.539999961853027,13.071999549865723,108121,0.0,0.0
2024-05-14 00:00:00-04:00,12.767999649047852,13.26200008392334,12.616000175476074,12.996000289916992,88808,0.0,0.0
2024-05-15 00:00:00-04:00,12.920000076293945,13.300000190734863,12.729999542236328,13.300000190734863,76892,0.0,0.0
2024-05-16 00:00:00-04:00,13.300000190734863,13.413999557495117,12.920000076293945,13.37600040435791,60892,0.0,0.0
2024-05-17 00:00:00-04:00,13.300000190734863,13.300000190734863,12.920000076293945,13.300000190734863,56224,0.0,0.0
2024-05-20 00:00:00-04:00,13.300000190734863,13.338000297546387,12.996000289916992,13.338000297546387,48545,0.0,0.0
2024-05-21 00:00:00-04:00,13.300000190734863,13.489999771118164,13.034000396728516,13.489999771118164,41118,0.0,0.0
2024-05-22 00:00:00-04:00,13.300000190734863,13.680000305175781,12.996000289916992,13.680000305175781,52818,0.0,0.0
2024-05-23 00:00:00-04:00,13.527999877929688,13.527999877929688,12.843999862670898,13.26200008392334,61832,0.0,0.0
2024-05-24 00:00:00-04:00,13.300000190734863,13.527999877929688,12.958000183105469,13.527999877929688,61532,0.0,0.0
2024-05-28 00:00:00-04:00,13.565999984741211,13.680000305175781,12.996000289916992,13.300000190734863,73168,0.0,0.0
2024-05-29 00:00:00-04:00,13.26200008392334,13.300000190734863,12.805999755859375,13.300000190734863,47521,0.0,0.0
2024-05-30 00:00:00-04:00,13.071999549865723,13.338000297546387,12.920000076293945,13.300000190734863,50421,0.0,0.0
2024-05-31 00:00:00-04:00,13.300000190734863,13.37600040435791,12.996000289916992,13.300000190734863,43242,0.0,0.0
2024-06-03 00:00:00-04:00,13.223999977111816,13.300000190734863,12.958000183105469,13.109999656677246,67387,0.0,0.0
2024-06-04 00:00:00-04:00,13.071999549865723,13.14799976348877,12.539999961853027,12.616000175476074,71939,0.0,0.0
2024-06-05 00:00:00-04:00,11.248000144958496,11.59000015258789,10.829999923706055,11.399999618530273,402379,0.0,0.0
2024-06-06 00:00:00-04:00,11.437999725341797,11.437999725341797,10.260000228881836,11.020000457763672,320521,0.0,0.0
2024-06-07 00:00:00-04:00,10.715999603271484,11.020000457763672,10.260000228881836,11.020000457763672,180108,0.0,0.0
2024-06-10 00:00:00-04:00,10.715999603271484,11.020000457763672,10.29800033569336,10.791999816894531,130445,0.0,0.0
2024-06-11 00:00:00-04:00,10.640000343322754,11.855999946594238,10.60200023651123,11.513999938964844,164316,0.0,0.0
2024-06-12 00:00:00-04:00,11.59000015258789,12.15999984741211,11.020000457763672,11.362000465393066,126295,0.0,0.0
2024-06-13 00:00:00-04:00,11.28600025177002,11.324000358581543,10.640000343322754,11.020000457763672,82742,0.0,0.0
2024-06-14 00:00:00-04:00,11.020000457763672,11.020000457763672,10.449999809265137,10.982000350952148,144655,0.0,0.0
2024-06-17 00:00:00-04:00,10.48799991607666,10.564000129699707,10.184000015258789,10.336000442504883,112026,0.0,0.0
2024-06-18 00:00:00-04:00,10.449999809265137,10.48799991607666,10.222000122070312,10.336000442504883,57445,0.0,0.0
2024-06-20 00:00:00-04:00,10.260000228881836,10.336000442504883,9.880000114440918,10.145999908447266,133503,0.0,0.0
2024-06-21 00:00:00-04:00,10.145999908447266,10.145999908447266,9.5,10.031999588012695,175042,0.0,0.0
2024-06-24 00:00:00-04:00,10.107999801635742,10.184000015258789,9.576000213623047,10.031999588012695,170484,0.0,0.0
2024-06-25 00:00:00-04:00,9.842000007629395,10.107999801635742,9.5,10.031999588012695,145311,0.0,0.0
2024-06-26 00:00:00-04:00,9.727999687194824,10.031999588012695,9.538000106811523,10.031999588012695,147063,0.0,0.0
2024-06-27 00:00:00-04:00,10.031999588012695,10.411999702453613,9.423999786376953,10.069999694824219,276353,0.0,0.0
2024-06-28 00:00:00-04:00,11.020000457763672,11.020000457763672,9.803999900817871,10.29800033569336,220397,0.0,0.0
2024-07-01 00:00:00-04:00,10.640000343322754,10.640000343322754,9.576000213623047,10.069999694824219,114495,0.0,0.0
2024-07-02 00:00:00-04:00,9.918000221252441,10.069999694824219,9.652000427246094,10.069999694824219,90168,0.0,0.0
2024-07-03 00:00:00-04:00,9.956000328063965,10.069999694824219,9.576000213623047,10.069999694824219,75634,0.0,0.0
2024-07-05 00:00:00-04:00,9.918000221252441,10.069999694824219,9.576000213623047,10.069999694824219,118811,0.0,0.0
2024-07-08 00:00:00-04:00,9.6899995803833,10.069999694824219,9.423999786376953,10.069999694824219,228089,0.0,0.0
2024-07-09 00:00:00-04:00,9.880000114440918,10.069999694824219,9.6899995803833,10.069999694824219,80600,0.0,0.0
2024-07-10 00:00:00-04:00,10.031999588012695,10.184000015258789,9.880000114440918,10.069999694824219,71234,0.0,0.0
2024-07-11 00:00:00-04:00,10.031999588012695,11.324000358581543,9.956000328063965,11.020000457763672,229426,0.0,0.0
2024-07-12 00:00:00-04:00,11.133999824523926,12.539999961853027,10.48799991607666,12.15999984741211,292384,0.0,0.0
2024-07-15 00:00:00-04:00,12.539999961853027,12.767999649047852,11.628000259399414,12.350000381469727,151403,0.0,0.0
2024-07-16 00:00:00-04:00,12.46399974822998,12.46399974822998,11.59000015258789,11.970000267028809,129274,0.0,0.0
2024-07-17 00:00:00-04:00,11.817999839782715,11.894000053405762,11.437999725341797,11.741999626159668,64039,0.0,0.0
2024-07-18 00:00:00-04:00,11.552000045776367,11.932000160217285,11.133999824523926,11.399999618530273,65971,0.0,0.0
2024-07-19 00:00:00-04:00,11.399999618530273,11.399999618530273,10.37399959564209,11.399999618530273,86674,0.0,0.0
2024-07-22 00:00:00-04:00,11.28600025177002,11.399999618530273,9.880000114440918,10.829999923706055,165555,0.0,0.0
2024-07-23 00:00:00-04:00,10.449999809265137,11.248000144958496,10.336000442504883,11.210000038146973,81424,0.0,0.0
2024-07-24 00:00:00-04:00,11.210000038146973,11.210000038146973,10.564000129699707,10.829999923706055,60792,0.0,0.0
2024-07-25 00:00:00-04:00,10.715999603271484,11.095999717712402,10.336000442504883,10.829999923706055,90708,0.0,0.0
2024-07-26 00:00:00-04:00,10.715999603271484,10.906000137329102,10.678000450134277,10.906000137329102,57139,0.0,0.0
2024-07-29 00:00:00-04:00,11.095999717712402,11.248000144958496,10.60200023651123,10.982000350952148,135866,0.0,0.0
2024-07-30 00:00:00-04:00,10.982000350952148,10.982000350952148,10.336000442504883,10.37399959564209,155182,0.0,0.0
2024-07-31 00:00:00-04:00,10.449999809265137,10.640000343322754,10.260000228881836,10.640000343322754,112732,0.0,0.0
2024-08-01 00:00:00-04:00,10.640000343322754,10.715999603271484,10.145999908447266,10.526000022888184,71339,0.0,0.0
2024-08-02 00:00:00-04:00,10.222000122070312,10.260000228881836,9.803999900817871,10.260000228881836,92013,0.0,0.0
2024-08-05 00:00:00-04:00,10.184000015258789,10.184000015258789,9.119999885559082,10.069999694824219,208521,0.0,0.0
2024-08-06 00:00:00-04:00,10.107999801635742,10.107999801635742,9.6899995803833,10.069999694824219,74932,0.0,0.0
2024-08-07 00:00:00-04:00,10.069999694824219,10.260000228881836,9.461999893188477,10.069999694824219,171268,0.0,0.0
2024-08-08 00:00:00-04:00,10.222000122070312,10.37399959564209,9.61400032043457,10.29800033569336,74605,0.0,0.0
2024-08-09 00:00:00-04:00,10.069999694824219,10.260000228881836,9.727999687194824,10.069999694824219,69387,0.0,0.0
2024-08-12 00:00:00-04:00,9.727999687194824,10.069999694824219,9.5,10.069999694824219,137082,0.0,0.0
2024-08-13 00:00:00-04:00,9.918000221252441,10.069999694824219,9.5,10.069999694824219,162303,0.0,0.0
2024-08-14 00:00:00-04:00,9.880000114440918,10.069999694824219,9.5,10.069999694824219,124134,0.0,0.0
2024-08-15 00:00:00-04:00,9.880000114440918,10.069999694824219,9.61400032043457,10.069999694824219,139461,0.0,0.0
2024-08-16 00:00:00-04:00,9.842000007629395,10.031999588012695,9.3100004196167,10.031999588012695,239929,0.0,0.0
2024-08-19 00:00:00-04:00,9.880000114440918,10.107999801635742,9.61400032043457,10.069999694824219,162253,0.0,0.0
2024-08-20 00:00:00-04:00,10.031999588012695,10.145999908447266,9.652000427246094,10.031999588012695,146934,0.0,0.0
2024-08-21 00:00:00-04:00,9.765999794006348,10.145999908447266,9.6899995803833,10.069999694824219,113084,0.0,0.0
2024-08-22 00:00:00-04:00,10.031999588012695,10.145999908447266,9.803999900817871,10.145999908447266,84039,0.0,0.0
2024-08-23 00:00:00-04:00,10.145999908447266,10.411999702453613,10.069999694824219,10.184000015258789,96355,0.0,0.0
2024-08-26 00:00:00-04:00,10.29800033569336,10.29800033569336,9.994000434875488,10.145999908447266,107879,0.0,0.0
2024-08-27 00:00:00-04:00,10.145999908447266,10.184000015258789,9.765999794006348,10.107999801635742,82097,0.0,0.0
2024-08-28 00:00:00-04:00,9.61400032043457,10.107999801635742,8.739999771118164,10.031999588012695,609705,0.0,0.0
2024-08-29 00:00:00-04:00,9.61400032043457,9.880000114440918,9.272000312805176,9.727999687194824,339971,0.0,0.0
2024-08-30 00:00:00-04:00,9.5,10.069999694824219,9.38599967956543,9.6899995803833,171321,0.0,0.0
2024-09-03 00:00:00-04:00,9.6899995803833,9.842000007629395,9.157999992370605,9.157999992370605,100692,0.0,0.0
2024-09-04 00:00:00-04:00,9.157999992370605,9.196000099182129,8.777999877929688,8.892000198364258,106763,0.0,0.0
2024-09-05 00:00:00-04:00,8.739999771118164,8.854000091552734,6.611999988555908,8.284000396728516,265392,0.0,0.0
2024-09-06 00:00:00-04:00,8.170000076293945,8.208000183105469,7.980000019073486,7.980000019073486,98863,0.0,0.0
2024-09-09 00:00:00-04:00,7.980000019073486,8.131999969482422,7.714000225067139,7.828000068664551,122611,0.0,0.0
2024-09-10 00:00:00-04:00,7.751999855041504,7.980000019073486,6.915999889373779,7.980000019073486,241329,0.0,0.0
2024-09-11 00:00:00-04:00,7.409999847412109,7.980000019073486,7.257999897003174,7.866000175476074,110368,0.0,0.0
2024-09-12 00:00:00-04:00,7.941999912261963,7.980000019073486,6.992000102996826,7.638000011444092,129176,0.0,0.0
2024-09-13 00:00:00-04:00,7.714000225067139,7.751999855041504,7.409999847412109,7.599999904632568,76061,0.0,0.0
2024-09-16 00:00:00-04:00,7.599999904632568,7.599999904632568,7.257999897003174,7.599999904632568,80139,0.0,0.0
2024-09-17 00:00:00-04:00,7.638000011444092,7.828000068664551,7.409999847412109,7.599999904632568,84492,0.0,0.0
2024-09-18 00:00:00-04:00,7.638000011444092,7.751999855041504,7.21999979019165,7.751999855041504,93358,0.0,0.0
2024-09-19 00:00:00-04:00,7.199999809265137,8.5600004196167,6.5,8.5600004196167,571600,0.0,0.02631578947368421
2024-09-20 00:00:00-04:00,8.420000076293945,9.600000381469727,8.420000076293945,9.180000305175781,725600,0.0,0.0
2024-09-23 00:00:00-04:00,9.180000305175781,9.630000114440918,8.930000305175781,9.630000114440918,276800,0.0,0.0
2024-09-24 00:00:00-04:00,9.6899995803833,10.628000259399414,9.515000343322754,10.0,479400,0.0,0.0
2024-09-25 00:00:00-04:00,9.960000038146973,10.619999885559082,9.899999618530273,10.34000015258789,804400,0.0,0.0
2024-09-26 00:00:00-04:00,10.329999923706055,10.350000381469727,9.420000076293945,9.880000114440918,325900,0.0,0.0
2024-09-27 00:00:00-04:00,9.65999984741211,9.75,9.199999809265137,9.600000381469727,329500,0.0,0.0
2024-09-30 00:00:00-04:00,9.40999984741211,9.6899995803833,8.800000190734863,8.890000343322754,455400,0.0,0.0
2024-10-01 00:00:00-04:00,8.949999809265137,9.100000381469727,8.699999809265137,8.84000015258789,163600,0.0,0.0
2024-10-02 00:00:00-04:00,8.850000381469727,9.260000228881836,8.28499984741211,8.899999618530273,188300,0.0,0.0
2024-10-03 00:00:00-04:00,8.859999656677246,8.949999809265137,8.600000381469727,8.84000015258789,79300,0.0,0.0
2024-10-04 00:00:00-04:00,8.960000038146973,9.5,8.75,9.25,92200,0.0,0.0
2024-10-07 00:00:00-04:00,9.319999694824219,9.350000381469727,8.859999656677246,8.960000038146973,92900,0.0,0.0
2024-10-08 00:00:00-04:00,9.0,9.199999809265137,8.970000267028809,9.130000114440918,50300,0.0,0.0
2024-10-09 00:00:00-04:00,9.140000343322754,9.140000343322754,8.90999984741211,9.100000381469727,76400,0.0,0.0
2024-10-10 00:00:00-04:00,9.140000343322754,9.760000228881836,9.109999656677246,9.640000343322754,135400,0.0,0.0
2024-10-11 00:00:00-04:00,9.680000305175781,9.800000190734863,9.539999961853027,9.779999732971191,159400,0.0,0.0
2024-10-14 00:00:00-04:00,9.300000190734863,9.842000007629395,9.300000190734863,9.819999694824219,112100,0.0,0.0
2024-10-15 00:00:00-04:00,9.65999984741211,9.729000091552734,9.539999961853027,9.680000305175781,122400,0.0,0.0
2024-10-16 00:00:00-04:00,9.6899995803833,10.579999923706055,9.569000244140625,10.579999923706055,386700,0.0,0.0
2024-10-17 00:00:00-04:00,10.699999809265137,10.75,10.239999771118164,10.449999809265137,153500,0.0,0.0
2024-10-18 00:00:00-04:00,10.470000267028809,11.593000411987305,10.300000190734863,11.40999984741211,252700,0.0,0.0
2024-10-21 00:00:00-04:00,11.4399995803833,11.65999984741211,10.520000457763672,10.920000076293945,202500,0.0,0.0
2024-10-22 00:00:00-04:00,10.859999656677246,11.369999885559082,10.800000190734863,11.369999885559082,112000,0.0,0.0
2024-10-23 00:00:00-04:00,11.279999732971191,11.279999732971191,10.720000267028809,10.930000305175781,138400,0.0,0.0
2024-10-24 00:00:00-04:00,10.699999809265137,10.890000343322754,10.510000228881836,10.739999771118164,116600,0.0,0.0
2024-10-25 00:00:00-04:00,10.800000190734863,10.800000190734863,10.260000228881836,10.40999984741211,89100,0.0,0.0
2024-10-28 00:00:00-04:00,10.279999732971191,10.670000076293945,10.149999618530273,10.670000076293945,102600,0.0,0.0
2024-10-29 00:00:00-04:00,10.539999961853027,10.960000038146973,10.34000015258789,10.5,82400,0.0,0.0
2024-10-30 00:00:00-04:00,10.34000015258789,10.49899959564209,9.619999885559082,9.90999984741211,143300,0.0,0.0
2024-10-31 00:00:00-04:00,9.930000305175781,10.029999732971191,9.699999809265137,10.029999732971191,86500,0.0,0.0
2024-11-01 00:00:00-04:00,9.989999771118164,10.199999809265137,9.800000190734863,9.989999771118164,45800,0.0,0.0
2024-11-04 00:00:00-05:00,10.029999732971191,10.149999618530273,9.845999717712402,10.119999885559082,60400,0.0,0.0
2024-11-05 00:00:00-05:00,9.960000038146973,10.182999610900879,9.9399995803833,10.149999618530273,57400,0.0,0.0
2024-11-06 00:00:00-05:00,10.449999809265137,10.798999786376953,9.890000343322754,9.9399995803833,268900,0.0,0.0
2024-11-07 00:00:00-05:00,10.050000190734863,11.515000343322754,10.0,11.399999618530273,395200,0.0,0.0
2024-11-08 00:00:00-05:00,11.380000114440918,12.0,10.510000228881836,10.779999732971191,532000,0.0,0.0
2024-11-11 00:00:00-05:00,10.859999656677246,12.800000190734863,10.859999656677246,12.0,635400,0.0,0.0
2024-11-12 00:00:00-05:00,12.279999732971191,12.279999732971191,11.399999618530273,11.699999809265137,311600,0.0,0.0
2024-11-13 00:00:00-05:00,11.960000038146973,12.130000114440918,10.255000114440918,10.5,493300,0.0,0.0
2024-11-14 00:00:00-05:00,10.920000076293945,11.470000267028809,10.53499984741211,11.0,650700,0.0,0.0
2024-11-15 00:00:00-05:00,11.819999694824219,12.947999954223633,11.300000190734863,11.600000381469727,2158800,0.0,0.0
2024-11-18 00:00:00-05:00,13.359999656677246,13.880000114440918,10.359999656677246,10.600000381469727,2966500,0.0,0.0
2024-11-19 00:00:00-05:00,11.239999771118164,12.0,10.800000190734863,11.0,932400,0.0,0.0
2024-11-20 00:00:00-05:00,11.369999885559082,11.479999542236328,10.930000305175781,11.15999984741211,324800,0.0,0.0
2024-11-21 00:00:00-05:00,11.25,11.390000343322754,9.949999809265137,10.15999984741211,965800,0.0,0.0
2024-11-22 00:00:00-05:00,10.239999771118164,10.329999923706055,9.16100025177002,9.819999694824219,884300,0.0,0.0
2024-11-25 00:00:00-05:00,10.010000228881836,10.899999618530273,9.850000381469727,10.640000343322754,510700,0.0,0.0
2024-11-26 00:00:00-05:00,10.630000114440918,10.899999618530273,10.380000114440918,10.710000038146973,279700,0.0,0.0
2024-11-27 00:00:00-05:00,10.75,10.75,10.199999809265137,10.25,204600,0.0,0.0
2024-11-29 00:00:00-05:00,10.420000076293945,11.024999618530273,10.279999732971191,10.380000114440918,291200,0.0,0.0
2024-12-02 00:00:00-05:00,10.5,10.994999885559082,10.0,10.0,331200,0.0,0.0
2024-12-03 00:00:00-05:00,10.199999809265137,11.079999923706055,9.949999809265137,10.569999694824219,467400,0.0,0.0
2024-12-04 00:00:00-05:00,10.640000343322754,10.680000305175781,10.260000228881836,10.430000305175781,232600,0.0,0.0
2024-12-05 00:00:00-05:00,10.380000114440918,10.6899995803833,10.210000038146973,10.640000343322754,190400,0.0,0.0
2024-12-06 00:00:00-05:00,10.710000038146973,10.800000190734863,10.4399995803833,10.800000190734863,201200,0.0,0.0
2024-12-09 00:00:00-05:00,10.800000190734863,10.800000190734863,10.260000228881836,10.449999809265137,221200,0.0,0.0
2024-12-10 00:00:00-05:00,10.5,10.609999656677246,10.140000343322754,10.319999694824219,179100,0.0,0.0
2024-12-11 00:00:00-05:00,10.369999885559082,10.369999885559082,10.024999618530273,10.279999732971191,178400,0.0,0.0
2024-12-12 00:00:00-05:00,10.0600004196167,10.300000190734863,9.710000038146973,10.039999961853027,242100,0.0,0.0
2024-12-13 00:00:00-05:00,10.020000457763672,10.039999961853027,9.5,9.779999732971191,234400,0.0,0.0
2024-12-16 00:00:00-05:00,9.739999771118164,10.062999725341797,9.739999771118164,9.90999984741211,148600,0.0,0.0
2024-12-17 00:00:00-05:00,9.890000343322754,9.951000213623047,9.329999923706055,9.470000267028809,190900,0.0,0.0
2024-12-18 00:00:00-05:00,9.449999809265137,9.6899995803833,9.199999809265137,9.460000038146973,240600,0.0,0.0
2024-12-19 00:00:00-05:00,9.380000114440918,9.600000381469727,9.15999984741211,9.319999694824219,223900,0.0,0.0
2024-12-20 00:00:00-05:00,9.279999732971191,9.670000076293945,9.109999656677246,9.609999656677246,393900,0.0,0.0
2024-12-23 00:00:00-05:00,9.609999656677246,9.630000114440918,9.359999656677246,9.539999961853027,164200,0.0,0.0
2024-12-24 00:00:00-05:00,9.5,9.529999732971191,9.350000381469727,9.529999732971191,105100,0.0,0.0
2024-12-26 00:00:00-05:00,9.5,9.619999885559082,8.973999977111816,9.0600004196167,245500,0.0,0.0
2024-12-27 00:00:00-05:00,9.0600004196167,9.5,8.975000381469727,9.149999618530273,195100,0.0,0.0
2024-12-30 00:00:00-05:00,9.010000228881836,9.149999618530273,8.38599967956543,9.0,375800,0.0,0.0
2024-12-31 00:00:00-05:00,8.949999809265137,9.119999885559082,8.649999618530273,8.819999694824219,211400,0.0,0.0
2025-01-02 00:00:00-05:00,8.869999885559082,9.4399995803833,8.866999626159668,9.40999984741211,227700,0.0,0.0
2025-01-03 00:00:00-05:00,9.40999984741211,10.300000190734863,9.40999984741211,10.100000381469727,228300,0.0,0.0
2025-01-06 00:00:00-05:00,10.279999732971191,10.649999618530273,10.125,10.649999618530273,206200,0.0,0.0
2025-01-07 00:00:00-05:00,10.699999809265137,10.729999542236328,9.859999656677246,10.029999732971191,252200,0.0,0.0
2025-01-08 00:00:00-05:00,9.850000381469727,9.975000381469727,9.329999923706055,9.5600004196167,184600,0.0,0.0
2025-01-10 00:00:00-05:00,9.5,9.5600004196167,8.819999694824219,8.890000343322754,215100,0.0,0.0
2025-01-13 00:00:00-05:00,8.890000343322754,9.083999633789062,8.630000114440918,8.899999618530273,168700,0.0,0.0
2025-01-14 00:00:00-05:00,8.920000076293945,8.979999542236328,8.625,8.829999923706055,128900,0.0,0.0
2025-01-15 00:00:00-05:00,8.899999618530273,9.40999984741211,8.899999618530273,9.220000267028809,212000,0.0,0.0
2025-01-16 00:00:00-05:00,9.170000076293945,9.239999771118164,8.829999923706055,8.930000305175781,109900,0.0,0.0
2025-01-17 00:00:00-05:00,9.050000190734863,9.369999885559082,8.899999618530273,9.130000114440918,167400,0.0,0.0
2025-01-21 00:00:00-05:00,9.229999542236328,9.619999885559082,8.960000038146973,9.619999885559082,299100,0.0,0.0
2025-01-22 00:00:00-05:00,9.65999984741211,10.010000228881836,9.380000114440918,10.010000228881836,152100,0.0,0.0
2025-01-23 00:00:00-05:00,10.050000190734863,10.399999618530273,9.819999694824219,10.1899995803833,267500,0.0,0.0
2025-01-24 00:00:00-05:00,10.1899995803833,10.258999824523926,9.899999618530273,10.029999732971191,184700,0.0,0.0
2025-01-27 00:00:00-05:00,9.880000114440918,9.899999618530273,9.350000381469727,9.59000015258789,181000,0.0,0.0
2025-01-28 00:00:00-05:00,9.6899995803833,10.0,9.600000381469727,9.770000457763672,166700,0.0,0.0
2025-01-29 00:00:00-05:00,9.779999732971191,10.100000381469727,9.699999809265137,9.859999656677246,178600,0.0,0.0
2025-01-30 00:00:00-05:00,9.989999771118164,10.229999542236328,9.710000038146973,9.979999542236328,220400,0.0,0.0
2025-01-31 00:00:00-05:00,10.039999961853027,10.229999542236328,9.779999732971191,9.90999984741211,171000,0.0,0.0
2025-02-03 00:00:00-05:00,9.699999809265137,10.079999923706055,9.579999923706055,9.84000015258789,272000,0.0,0.0
2025-02-04 00:00:00-05:00,10.0,10.720000267028809,9.609999656677246,9.829999923706055,881700,0.0,0.0
2025-02-05 00:00:00-05:00,9.949999809265137,10.40999984741211,9.510000228881836,9.880000114440918,843600,0.0,0.0
2025-02-06 00:00:00-05:00,9.9399995803833,9.979999542236328,9.199999809265137,9.40999984741211,457300,0.0,0.0
2025-02-07 00:00:00-05:00,9.399999618530273,9.630000114440918,8.899999618530273,9.0,337500,0.0,0.0
2025-02-10 00:00:00-05:00,9.0,9.430000305175781,8.829999923706055,9.369999885559082,214300,0.0,0.0
2025-02-11 00:00:00-05:00,9.359999656677246,9.449999809265137,9.220000267028809,9.390000343322754,165300,0.0,0.0
2025-02-12 00:00:00-05:00,9.380000114440918,9.574000358581543,9.137999534606934,9.359999656677246,178100,0.0,0.0
2025-02-13 00:00:00-05:00,9.239999771118164,9.779999732971191,9.239999771118164,9.470000267028809,407600,0.0,0.0
2025-02-14 00:00:00-05:00,9.710000038146973,10.59000015258789,9.359999656677246,9.529999732971191,806400,0.0,0.0
2025-02-18 00:00:00-05:00,9.59000015258789,10.069999694824219,9.100000381469727,9.289999961853027,503500,0.0,0.0
2025-02-19 00:00:00-05:00,9.5,9.550000190734863,9.079999923706055,9.319999694824219,345500,0.0,0.0
2025-02-20 00:00:00-05:00,9.279999732971191,9.489999771118164,9.220000267028809,9.329999923706055,204700,0.0,0.0
2025-02-21 00:00:00-05:00,9.34000015258789,9.569999694824219,9.010000228881836,9.09000015258789,284500,0.0,0.0
2025-02-24 00:00:00-05:00,9.069999694824219,9.15999984741211,8.550000190734863,9.010000228881836,397800,0.0,0.0
2025-02-25 00:00:00-05:00,8.869999885559082,9.019000053405762,7.800000190734863,8.0,1119800,0.0,0.0
2025-02-26 00:00:00-05:00,8.380000114440918,8.779999732971191,8.130000114440918,8.260000228881836,326600,0.0,0.0
2025-02-27 00:00:00-05:00,8.359999656677246,8.548999786376953,8.159000396728516,8.300000190734863,180000,0.0,0.0
2025-02-28 00:00:00-05:00,8.229999542236328,8.430000305175781,8.09000015258789,8.15999984741211,155500,0.0,0.0
2025-03-03 00:00:00-05:00,8.229999542236328,8.475000381469727,7.28000020980835,7.300000190734863,286800,0.0,0.0
2025-03-04 00:00:00-05:00,7.21999979019165,7.650000095367432,6.809999942779541,7.460000038146973,295200,0.0,0.0
2025-03-05 00:00:00-05:00,7.550000190734863,8.0,7.5,7.809999942779541,137700,0.0,0.0
2025-03-06 00:00:00-05:00,7.579999923706055,7.849999904632568,7.289999961853027,7.460000038146973,140000,0.0,0.0
2025-03-07 00:00:00-05:00,7.480000019073486,7.586999893188477,7.159999847412109,7.289999961853027,181300,0.0,0.0
2025-03-10 00:00:00-04:00,7.159999847412109,7.329999923706055,7.0,7.329999923706055,220900,0.0,0.0
2025-03-11 00:00:00-04:00,7.28000020980835,7.429999828338623,7.099999904632568,7.150000095367432,133400,0.0,0.0
2025-03-12 00:00:00-04:00,7.28000020980835,7.460000038146973,7.139999866485596,7.340000152587891,222700,0.0,0.0
2025-03-13 00:00:00-04:00,7.460000038146973,7.639999866485596,7.199999809265137,7.300000190734863,217300,0.0,0.0
2025-03-14 00:00:00-04:00,7.420000076293945,7.710000038146973,7.309999942779541,7.570000171661377,184200,0.0,0.0
2025-03-17 00:00:00-04:00,7.670000076293945,7.690000057220459,7.349999904632568,7.650000095367432,131500,0.0,0.0
2025-03-18 00:00:00-04:00,7.670000076293945,7.679999828338623,7.389999866485596,7.489999771118164,108800,0.0,0.0
2025-03-19 00:00:00-04:00,7.489999771118164,7.599999904632568,7.34499979019165,7.519999980926514,153700,0.0,0.0
2025-03-20 00:00:00-04:00,7.489999771118164,7.599999904632568,7.28000020980835,7.369999885559082,97300,0.0,0.0
2025-03-21 00:00:00-04:00,7.300000190734863,7.360000133514404,7.159999847412109,7.309999942779541,115200,0.0,0.0
2025-03-24 00:00:00-04:00,7.409999847412109,7.534999847412109,7.25,7.380000114440918,139700,0.0,0.0
2025-03-25 00:00:00-04:00,7.389999866485596,7.440000057220459,7.150000095367432,7.210000038146973,136000,0.0,0.0
2025-03-26 00:00:00-04:00,7.190000057220459,7.300000190734863,6.900000095367432,7.010000228881836,183100,0.0,0.0
2025-03-27 00:00:00-04:00,7.010000228881836,7.079999923706055,6.849999904632568,7.019999980926514,150500,0.0,0.0
2025-03-28 00:00:00-04:00,7.0,7.090000152587891,6.650000095367432,6.71999979019165,191200,0.0,0.0
2025-03-31 00:00:00-04:00,6.570000171661377,6.638999938964844,6.199999809265137,6.340000152587891,271700,0.0,0.0
2025-04-01 00:00:00-04:00,6.369999885559082,6.369999885559082,5.809999942779541,5.909999847412109,352500,0.0,0.0
2025-04-02 00:00:00-04:00,5.849999904632568,6.429999828338623,5.730000019073486,6.260000228881836,293200,0.0,0.0
2025-04-03 00:00:00-04:00,6.0,6.199999809265137,5.889999866485596,5.960000038146973,186800,0.0,0.0
2025-04-04 00:00:00-04:00,5.739999771118164,5.840000152587891,5.5,5.690000057220459,324100,0.0,0.0
2025-04-07 00:00:00-04:00,5.230000019073486,5.5,4.809999942779541,5.150000095367432,319100,0.0,0.0
2025-04-08 00:00:00-04:00,5.389999866485596,5.489999771118164,4.900000095367432,5.0,274400,0.0,0.0
2025-04-09 00:00:00-04:00,4.840000152587891,5.5,4.835000038146973,5.420000076293945,225500,0.0,0.0
2025-04-10 00:00:00-04:00,5.340000152587891,5.829999923706055,5.039999961853027,5.739999771118164,447500,0.0,0.0
2025-04-11 00:00:00-04:00,5.820000171661377,6.849999904632568,5.800000190734863,6.800000190734863,560800,0.0,0.0
2025-04-14 00:00:00-04:00,7.150000095367432,7.960000038146973,7.119999885559082,7.699999809265137,657300,0.0,0.0
2025-04-15 00:00:00-04:00,7.789999961853027,8.09000015258789,7.510000228881836,7.699999809265137,461500,0.0,0.0
2025-04-16 00:00:00-04:00,7.840000152587891,7.889999866485596,7.199999809265137,7.449999809265137,237000,0.0,0.0
2025-04-17 00:00:00-04:00,7.570000171661377,7.840000152587891,7.179999828338623,7.349999904632568,423700,0.0,0.0
2025-04-21 00:00:00-04:00,7.210000038146973,7.849999904632568,7.119999885559082,7.289999961853027,293700,0.0,0.0
2025-04-22 00:00:00-04:00,7.389999866485596,7.445000171661377,6.901000022888184,7.050000190734863,219000,0.0,0.0
2025-04-23 00:00:00-04:00,7.210000038146973,7.534999847412109,6.829999923706055,6.920000076293945,252300,0.0,0.0
2025-04-24 00:00:00-04:00,7.03000020980835,7.260000228881836,6.920000076293945,7.059999942779541,189100,0.0,0.0
2025-04-25 00:00:00-04:00,7.059999942779541,7.199999809265137,6.909999847412109,6.989999771118164,146000,0.0,0.0
2025-04-28 00:00:00-04:00,7.03000020980835,7.105999946594238,6.710000038146973,6.869999885559082,122100,0.0,0.0
2025-04-29 00:00:00-04:00,6.909999847412109,7.045000076293945,6.699999809265137,6.809999942779541,124400,0.0,0.0
2025-04-30 00:00:00-04:00,6.739999771118164,7.110000133514404,6.5,6.71999979019165,290400,0.0,0.0
2025-05-01 00:00:00-04:00,6.769999980926514,7.019999980926514,6.550000190734863,6.619999885559082,209000,0.0,0.0
2025-05-02 00:00:00-04:00,6.670000076293945,6.849999904632568,6.460000038146973,6.5,172800,0.0,0.0
2025-05-05 00:00:00-04:00,6.429999828338623,6.5,6.25,6.5,206800,0.0,0.0
2025-05-06 00:00:00-04:00,6.449999809265137,6.449999809265137,6.050000190734863,6.079999923706055,163600,0.0,0.0
2025-05-07 00:00:00-04:00,6.139999866485596,6.269999980926514,6.058000087738037,6.210000038146973,135200,0.0,0.0
2025-05-08 00:00:00-04:00,6.289999961853027,6.639999866485596,6.250999927520752,6.630000114440918,195500,0.0,0.0
2025-05-09 00:00:00-04:00,6.590000152587891,7.050000190734863,6.590000152587891,7.050000190734863,161600,0.0,0.0
2025-05-12 00:00:00-04:00,7.21999979019165,7.289999961853027,6.5,6.619999885559082,210000,0.0,0.0
2025-05-13 00:00:00-04:00,6.619999885559082,6.670000076293945,6.369999885559082,6.590000152587891,165000,0.0,0.0
2025-05-14 00:00:00-04:00,6.610000133514404,6.703999996185303,6.260000228881836,6.380000114440918,162400,0.0,0.0
2025-05-15 00:00:00-04:00,6.349999904632568,6.579999923706055,6.25,6.559999942779541,211800,0.0,0.0
2025-05-16 00:00:00-04:00,6.610000133514404,6.796000003814697,6.5,6.71999979019165,183300,0.0,0.0
2025-05-19 00:00:00-04:00,6.679999828338623,7.53000020980835,6.610000133514404,7.5,791300,0.0,0.0
2025-05-20 00:00:00-04:00,7.599999904632568,7.699999809265137,6.892000198364258,7.010000228881836,1314700,0.0,0.0
2025-05-21 00:00:00-04:00,6.980000019073486,7.400000095367432,6.860000133514404,7.019999980926514,303000,0.0,0.0
2025-05-22 00:00:00-04:00,7.019999980926514,7.269999980926514,7.019999980926514,7.260000228881836,151100,0.0,0.0
2025-05-23 00:00:00-04:00,7.019999980926514,7.5,7.0,7.46999979019165,230200,0.0,0.0
2025-05-27 00:00:00-04:00,7.610000133514404,8.34000015258789,7.420000076293945,8.34000015258789,564900,0.0,0.0
2025-05-28 00:00:00-04:00,8.270000457763672,8.300000190734863,7.909999847412109,8.100000381469727,627000,0.0,0.0
2025-05-29 00:00:00-04:00,8.130000114440918,8.5,7.949999809265137,8.0600004196167,388600,0.0,0.0
2025-05-30 00:00:00-04:00,8.0,8.029999732971191,7.710000038146973,7.960000038146973,192700,0.0,0.0
2025-06-02 00:00:00-04:00,7.980000019073486,8.170000076293945,7.559999942779541,8.100000381469727,297000,0.0,0.0
2025-06-03 00:00:00-04:00,8.239999771118164,8.460000038146973,7.860000133514404,8.319999694824219,254000,0.0,0.0
2025-06-04 00:00:00-04:00,8.289999961853027,8.739999771118164,8.199999809265137,8.579999923706055,230300,0.0,0.0
2025-06-05 00:00:00-04:00,8.75,9.109999656677246,8.619999885559082,8.819999694824219,484200,0.0,0.0
2025-06-06 00:00:00-04:00,9.029999732971191,9.170000076293945,8.75,8.899999618530273,324600,0.0,0.0
2025-06-09 00:00:00-04:00,9.0,9.119999885559082,8.329999923706055,8.449999809265137,324300,0.0,0.0
2025-06-10 00:00:00-04:00,8.5,9.0600004196167,8.359999656677246,8.960000038146973,290300,0.0,0.0
2025-06-11 00:00:00-04:00,9.039999961853027,9.199999809265137,8.520000457763672,8.710000038146973,301900,0.0,0.0
2025-06-12 00:00:00-04:00,8.600000381469727,8.789999961853027,8.449999809265137,8.649999618530273,190100,0.0,0.0
2025-06-13 00:00:00-04:00,8.609999656677246,8.699999809265137,8.241999626159668,8.350000381469727,462100,0.0,0.0
2025-06-16 00:00:00-04:00,8.470000267028809,8.51099967956543,7.929999828338623,8.039999961853027,273300,0.0,0.0
2025-06-17 00:00:00-04:00,8.039999961853027,8.260000228881836,7.599999904632568,7.710000038146973,286300,0.0,0.0
2025-06-18 00:00:00-04:00,7.739999771118164,8.079999923706055,7.5,7.900000095367432,213200,0.0,0.0
2025-06-20 00:00:00-04:00,8.020000457763672,8.1899995803833,7.679999828338623,7.78000020980835,176000,0.0,0.0
2025-06-23 00:00:00-04:00,7.679999828338623,7.679999828338623,7.110000133514404,7.409999847412109,397800,0.0,0.0
2025-06-24 00:00:00-04:00,7.360000133514404,7.889999866485596,7.210000038146973,7.840000152587891,239200,0.0,0.0
2025-06-25 00:00:00-04:00,8.0,8.289999961853027,7.880000114440918,8.260000228881836,306500,0.0,0.0
2025-06-26 00:00:00-04:00,8.300000190734863,8.678999900817871,8.079999923706055,8.579999923706055,323700,0.0,0.0
2025-06-27 00:00:00-04:00,8.680000305175781,8.699999809265137,8.100000381469727,8.149999618530273,184200,0.0,0.0
2025-06-30 00:00:00-04:00,8.300000190734863,8.489999771118164,8.217000007629395,8.390000343322754,151200,0.0,0.0
2025-07-01 00:00:00-04:00,8.920000076293945,9.829999923706055,8.75,9.0,1153300,0.0,0.0
2025-07-02 00:00:00-04:00,9.029999732971191,9.15999984741211,7.28000020980835,7.380000114440918,1336400,0.0,0.0
2025-07-03 00:00:00-04:00,7.949999809265137,7.96999979019165,7.550000190734863,7.940000057220459,442100,0.0,0.0
2025-07-07 00:00:00-04:00,7.949999809265137,8.005000114440918,7.650000095367432,7.869999885559082,302600,0.0,0.0
2025-07-08 00:00:00-04:00,7.739999771118164,7.869999885559082,7.349999904632568,7.630000114440918,528600,0.0,0.0
2025-07-09 00:00:00-04:00,7.599999904632568,7.71999979019165,7.400000095367432,7.519999980926514,265900,0.0,0.0
2025-07-10 00:00:00-04:00,7.5,7.849999904632568,7.46999979019165,7.599999904632568,408700,0.0,0.0
2025-07-11 00:00:00-04:00,7.53000020980835,7.699999809265137,7.400000095367432,7.639999866485596,340100,0.0,0.0
2025-07-14 00:00:00-04:00,7.539999961853027,7.630000114440918,7.329999923706055,7.46999979019165,300800,0.0,0.0
2025-07-15 00:00:00-04:00,7.449999809265137,7.539999961853027,7.309999942779541,7.460000038146973,277500,0.0,0.0
2025-07-16 00:00:00-04:00,7.5,7.550000190734863,7.329999923706055,7.519999980926514,222500,0.0,0.0
2025-07-17 00:00:00-04:00,7.5,8.489999771118164,7.465000152587891,8.460000038146973,979200,0.0,0.0
2025-07-18 00:00:00-04:00,8.449999809265137,8.5,8.15999984741211,8.319999694824219,440200,0.0,0.0
2025-07-21 00:00:00-04:00,8.470000267028809,8.84000015258789,7.869999885559082,8.029999732971191,1003700,0.0,0.0
2025-07-22 00:00:00-04:00,8.0,8.109999656677246,7.550000190734863,7.730000019073486,501900,0.0,0.0
2025-07-23 00:00:00-04:00,7.840000152587891,8.0,7.670000076293945,7.760000228881836,428500,0.0,0.0
2025-07-24 00:00:00-04:00,7.760000228881836,8.180000305175781,7.760000228881836,8.039999961853027,490800,0.0,0.0
2025-07-25 00:00:00-04:00,8.0,8.069999694824219,7.800000190734863,7.989999771118164,256700,0.0,0.0
2025-07-28 00:00:00-04:00,7.980000019073486,7.985000133514404,7.739999771118164,7.739999771118164,277000,0.0,0.0
2025-07-29 00:00:00-04:00,7.860000133514404,7.908999919891357,7.440000057220459,7.570000171661377,362000,0.0,0.0
2025-07-30 00:00:00-04:00,7.539999961853027,7.599999904632568,7.260000228881836,7.300000190734863,290400,0.0,0.0
2025-07-31 00:00:00-04:00,7.389999866485596,7.804999828338623,7.357999801635742,7.690000057220459,406900,0.0,0.0
2025-08-01 00:00:00-04:00,7.5,7.690000057220459,7.309999942779541,7.559999942779541,383500,0.0,0.0
2025-08-04 00:00:00-04:00,7.590000152587891,7.75,7.413000106811523,7.679999828338623,236800,0.0,0.0
2025-08-05 00:00:00-04:00,7.800000190734863,7.800000190734863,7.5,7.570000171661377,158000,0.0,0.0
2025-08-06 00:00:00-04:00,7.539999961853027,7.65500020980835,7.369999885559082,7.460000038146973,237600,0.0,0.0
2025-08-07 00:00:00-04:00,7.550000190734863,7.64300012588501,7.4039998054504395,7.590000152587891,265900,0.0,0.0
2025-08-08 00:00:00-04:00,7.630000114440918,7.650000095367432,7.400000095367432,7.449999809265137,254600,0.0,0.0
2025-08-11 00:00:00-04:00,7.590000152587891,7.590000152587891,7.260000228881836,7.260000228881836,229000,0.0,0.0
2025-08-12 00:00:00-04:00,7.25,7.679999828338623,7.21999979019165,7.630000114440918,323900,0.0,0.0
2025-08-13 00:00:00-04:00,7.71999979019165,7.75,7.409999847412109,7.599999904632568,415000,0.0,0.0
2025-08-14 00:00:00-04:00,7.5,7.565999984741211,7.039999961853027,7.170000076293945,471400,0.0,0.0
2025-08-15 00:00:00-04:00,7.159999847412109,7.230000019073486,6.989999771118164,7.059999942779541,431200,0.0,0.0
2025-08-18 00:00:00-04:00,7.059999942779541,7.190000057220459,6.829999923706055,6.920000076293945,432500,0.0,0.0
2025-08-19 00:00:00-04:00,6.989999771118164,6.989999771118164,6.590000152587891,6.590000152587891,366800,0.0,0.0
2025-08-20 00:00:00-04:00,6.619999885559082,6.71999979019165,6.363999843597412,6.599999904632568,373100,0.0,0.0
2025-08-21 00:00:00-04:00,6.630000114440918,6.96999979019165,6.619999885559082,6.920000076293945,511200,0.0,0.0
2025-08-22 00:00:00-04:00,6.96999979019165,7.170000076293945,6.860000133514404,7.150000095367432,593400,0.0,0.0
2025-08-25 00:00:00-04:00,7.340000152587891,7.739999771118164,7.230000019073486,7.25,676000,0.0,0.0
2025-08-26 00:00:00-04:00,7.420000076293945,7.550000190734863,7.300000190734863,7.449999809265137,337400,0.0,0.0
2025-08-27 00:00:00-04:00,7.329999923706055,7.880000114440918,7.329999923706055,7.670000076293945,443900,0.0,0.0
2025-08-28 00:00:00-04:00,7.71999979019165,7.789999961853027,7.5,7.639999866485596,301800,0.0,0.0
2025-08-29 00:00:00-04:00,7.599999904632568,7.710000038146973,7.369999885559082,7.480000019073486,368400,0.0,0.0
2025-09-02 00:00:00-04:00,7.179999828338623,7.440000057220459,6.150000095367432,6.239999771118164,1764300,0.0,0.0
2025-09-03 00:00:00-04:00,6.570000171661377,6.579999923706055,5.809999942779541,6.010000228881836,1327100,0.0,0.0
2025-09-04 00:00:00-04:00,6.0,6.489999771118164,5.929999828338623,5.980000019073486,1129800,0.0,0.0
2025-09-05 00:00:00-04:00,6.050000190734863,6.730000019073486,5.949999809265137,6.730000019073486,754700,0.0,0.0
2025-09-08 00:00:00-04:00,6.650000095367432,6.668000221252441,6.260000228881836,6.269999980926514,623200,0.0,0.0
2025-09-09 00:00:00-04:00,6.309999942779541,6.46999979019165,6.159999847412109,6.429999828338623,812700,0.0,0.0
2025-09-10 00:00:00-04:00,6.429999828338623,6.550000190734863,6.260000228881836,6.28000020980835,272700,0.0,0.0
2025-09-11 00:00:00-04:00,6.28000020980835,6.380000114440918,6.010000228881836,6.010000228881836,446600,0.0,0.0
2025-09-12 00:00:00-04:00,6.050000190734863,6.170000076293945,5.980000019073486,6.090000152587891,541900,0.0,0.0
2025-09-15 00:00:00-04:00,6.110000133514404,6.164999961853027,5.900000095367432,6.010000228881836,574900,0.0,0.0
2025-09-16 00:00:00-04:00,6.019999980926514,6.184999942779541,5.980000019073486,6.039999961853027,401300,0.0,0.0
2025-09-17 00:00:00-04:00,6.130000114440918,6.150000095367432,5.980000019073486,6.0,499400,0.0,0.0
2025-09-18 00:00:00-04:00,6.010000228881836,6.077000141143799,5.909999847412109,6.0,488700,0.0,0.0
2025-09-19 00:00:00-04:00,6.019999980926514,6.150000095367432,5.960000038146973,6.0,418400,0.0,0.0
2025-09-22 00:00:00-04:00,6.0,6.130000114440918,5.900000095367432,6.050000190734863,466100,0.0,0.0
2025-09-23 00:00:00-04:00,6.21999979019165,6.630000114440918,6.150000095367432,6.420000076293945,1511100,0.0,0.0
2025-09-24 00:00:00-04:00,6.539999961853027,6.539999961853027,6.019999980926514,6.039999961853027,1064000,0.0,0.0
2025-09-25 00:00:00-04:00,6.0,6.099999904632568,5.820000171661377,5.860000133514404,1023600,0.0,0.0
2025-09-26 00:00:00-04:00,5.920000076293945,5.960000038146973,5.71999979019165,5.860000133514404,573600,0.0,0.0
2025-09-29 00:00:00-04:00,5.909999847412109,6.0,5.809999942779541,5.989999771118164,594400,0.0,0.0
2025-09-30 00:00:00-04:00,5.949999809265137,5.96999979019165,5.815000057220459,5.889999866485596,295000,0.0,0.0
2025-10-01 00:00:00-04:00,5.849999904632568,6.21999979019165,5.849999904632568,5.980000019073486,992800,0.0,0.0
2025-10-02 00:00:00-04:00,6.0,6.514999866485596,5.909999847412109,6.210000038146973,1388600,0.0,0.0
2025-10-03 00:00:00-04:00,6.199999809265137,6.429999828338623,6.065000057220459,6.079999923706055,825300,0.0,0.0
2025-10-06 00:00:00-04:00,6.110000133514404,6.630000114440918,6.085999965667725,6.429999828338623,816600,0.0,0.0
2025-10-07 00:00:00-04:00,6.400000095367432,6.400000095367432,5.929999828338623,6.070000171661377,996800,0.0,0.0
2025-10-08 00:00:00-04:00,6.139999866485596,6.309999942779541,6.130000114440918,6.260000228881836,484000,0.0,0.0
2025-10-09 00:00:00-04:00,6.260000228881836,6.349999904632568,6.199999809265137,6.269999980926514,348600,0.0,0.0
2025-10-10 00:00:00-04:00,6.340000152587891,6.349999904632568,5.900000095367432,6.019999980926514,699600,0.0,0.0
2025-10-13 00:00:00-04:00,5.980000019073486,6.025000095367432,5.829999923706055,5.849999904632568,362300,0.0,0.0
2025-10-14 00:00:00-04:00,5.829999923706055,6.179999828338623,5.809999942779541,6.139999866485596,573700,0.0,0.0
2025-10-15 00:00:00-04:00,6.170000076293945,6.289999961853027,6.099999904632568,6.199999809265137,399300,0.0,0.0
2025-10-16 00:00:00-04:00,6.25,6.28000020980835,5.949999809265137,6.099999904632568,522100,0.0,0.0
2025-10-17 00:00:00-04:00,6.03000020980835,6.099999904632568,5.809999942779541,6.03000020980835,694100,0.0,0.0
2025-10-20 00:00:00-04:00,6.119999885559082,6.510000228881836,6.099999904632568,6.260000228881836,1038400,0.0,0.0
2025-10-21 00:00:00-04:00,6.300000190734863,6.300000190734863,6.019000053405762,6.050000190734863,419400,0.0,0.0
2025-10-22 00:00:00-04:00,6.059999942779541,6.119999885559082,5.710000038146973,5.809999942779541,546600,0.0,0.0
2025-10-23 00:00:00-04:00,5.820000171661377,6.099999904632568,5.820000171661377,6.0,336300,0.0,0.0
2025-10-24 00:00:00-04:00,6.050000190734863,6.300000190734863,6.0,6.170000076293945,470600,0.0,0.0
2025-10-27 00:00:00-04:00,6.25,6.650000095367432,6.228000164031982,6.510000228881836,965900,0.0,0.0
2025-10-28 00:00:00-04:00,7.599999904632568,8.0,6.960000038146973,7.150000095367432,6911400,0.0,0.0
2025-10-29 00:00:00-04:00,7.210000038146973,7.610000133514404,6.860000133514404,7.480000019073486,1653800,0.0,0.0
2025-10-30 00:00:00-04:00,7.489999771118164,7.539999961853027,7.119999885559082,7.179999828338623,777800,0.0,0.0
2025-10-31 00:00:00-04:00,7.199999809265137,7.449999809265137,7.150000095367432,7.260000228881836,645000,0.0,0.0
2025-11-03 00:00:00-05:00,7.400000095367432,7.438000202178955,6.480000019073486,6.730000019073486,1457800,0.0,0.0
2025-11-04 00:00:00-05:00,6.579999923706055,6.829999923706055,6.170000076293945,6.170000076293945,982600,0.0,0.0
2025-11-05 00:00:00-05:00,6.199999809265137,6.210000038146973,5.869999885559082,5.949999809265137,1604200,0.0,0.0
2025-11-06 00:00:00-05:00,5.949999809265137,6.150000095367432,5.820000171661377,6.070000171661377,880000,0.0,0.0
2025-11-07 00:00:00-05:00,6.0,6.0320000648498535,5.860000133514404,5.980000019073486,488500,0.0,0.0
2025-11-10 00:00:00-05:00,6.139999866485596,6.369999885559082,5.989999771118164,6.360000133514404,925600,0.0,0.0
2025-11-11 00:00:00-05:00,6.329999923706055,6.409999847412109,6.099999904632568,6.349999904632568,678500,0.0,0.0
2025-11-12 00:00:00-05:00,6.489999771118164,6.539999961853027,6.25,6.460000038146973,601200,0.0,0.0
2025-11-13 00:00:00-05:00,6.25,6.429999828338623,5.849999904632568,5.940000057220459,1136100,0.0,0.0
2025-11-14 00:00:00-05:00,5.829999923706055,6.072000026702881,5.829999923706055,5.929999828338623,461700,0.0,0.0
2025-11-17 00:00:00-05:00,5.900000095367432,6.179999828338623,5.860000133514404,6.070000171661377,458600,0.0,0.0
2025-11-18 00:00:00-05:00,6.0,6.159999847412109,5.889999866485596,6.019999980926514,548500,0.0,0.0
2025-11-19 00:00:00-05:00,6.03000020980835,6.300000190734863,5.710000038146973,5.929999828338623,807300,0.0,0.0
2025-11-20 00:00:00-05:00,6.019999980926514,6.050000190734863,5.813000202178955,5.849999904632568,569600,0.0,0.0
2025-11-21 00:00:00-05:00,5.849999904632568,5.849999904632568,5.519999980926514,5.590000152587891,621800,0.0,0.0
2025-11-24 00:00:00-05:00,5.659999847412109,5.949999809265137,5.610000133514404,5.889999866485596,364900,0.0,0.0
2025-11-25 00:00:00-05:00,5.869999885559082,6.190000057220459,5.78000020980835,6.170000076293945,544600,0.0,0.0
2025-11-26 00:00:00-05:00,6.179999828338623,6.179999828338623,5.920000076293945,6.03000020980835,541000,0.0,0.0
2025-11-28 00:00:00-05:00,6.050000190734863,6.230000019073486,6.050000190734863,6.179999828338623,434600,0.0,0.0
2025-12-01 00:00:00-05:00,6.099999904632568,6.199999809265137,5.929999828338623,6.0,481000,0.0,0.0
2025-12-02 00:00:00-05:00,6.0,6.039999961853027,5.5,5.510000228881836,996800,0.0,0.0
2025-12-03 00:00:00-05:00,5.820000171661377,5.849999904632568,5.599999904632568,5.630000114440918,773100,0.0,0.0
2025-12-04 00:00:00-05:00,5.699999809265137,6.0,5.639999866485596,5.949999809265137,644900,0.0,0.0
2025-12-05 00:00:00-05:00,6.0,6.199999809265137,5.96999979019165,5.989999771118164,412700,0.0,0.0
2025-12-08 00:00:00-05:00,6.050000190734863,6.054999828338623,5.610000133514404,5.909999847412109,704000,0.0,0.0
2025-12-09 00:00:00-05:00,5.909999847412109,6.014999866485596,5.739999771118164,5.75,435300,0.0,0.0
2025-12-10 00:00:00-05:00,5.789999961853027,6.010000228881836,5.695000171661377,5.96999979019165,804500,0.0,0.0
2025-12-11 00:00:00-05:00,6.010000228881836,6.429999828338623,5.949999809265137,6.300000190734863,1017700,0.0,0.0
2025-12-12 00:00:00-05:00,6.349999904632568,6.840000152587891,6.349999904632568,6.679999828338623,898500,0.0,0.0
2025-12-15 00:00:00-05:00,6.900000095367432,7.059999942779541,6.559999942779541,6.659999847412109,703900,0.0,0.0
2025-12-16 00:00:00-05:00,6.619999885559082,6.809999942779541,6.53000020980835,6.659999847412109,423200,0.0,0.0
2025-12-17 00:00:00-05:00,6.789999961853027,7.03000020980835,6.579999923706055,6.789999961853027,842300,0.0,0.0
2025-12-18 00:00:00-05:00,6.980000019073486,7.214000225067139,6.739999771118164,6.769999980926514,718500,0.0,0.0
2025-12-19 00:00:00-05:00,6.800000190734863,7.214000225067139,6.769999980926514,7.179999828338623,1253900,0.0,0.0
2025-12-22 00:00:00-05:00,7.25,7.364999771118164,6.940000057220459,7.170000076293945,642100,0.0,0.0
2025-12-23 00:00:00-05:00,7.110000133514404,7.918000221252441,7.019999980926514,7.849999904632568,1705800,0.0,0.0
2025-12-24 00:00:00-05:00,7.590000152587891,8.25,7.5,8.15999984741211,1039300,0.0,0.0
2025-12-26 00:00:00-05:00,8.170000076293945,8.399999618530273,8.0,8.34000015258789,1025300,0.0,0.0
2025-12-29 00:00:00-05:00,8.300000190734863,8.739999771118164,8.274999618530273,8.710000038146973,1480500,0.0,0.0
2025-12-30 00:00:00-05:00,9.0,9.119999885559082,8.40999984741211,8.569999694824219,1701600,0.0,0.0
2025-12-31 00:00:00-05:00,8.0,8.399999618530273,7.849999904632568,8.180000305175781,1192700,0.0,0.0
2026-01-02 00:00:00-05:00,8.270000457763672,8.380999565124512,8.140000343322754,8.279999732971191,717300,0.0,0.0
2026-01-05 00:00:00-05:00,8.970000267028809,8.970000267028809,7.690000057220459,7.730000019073486,866200,0.0,0.0
2026-01-06 00:00:00-05:00,7.619999885559082,8.027000427246094,7.389999866485596,7.440000057220459,730100,0.0,0.0
2026-01-07 00:00:00-05:00,7.400000095367432,7.550000190734863,6.860000133514404,7.28000020980835,703200,0.0,0.0
2026-01-08 00:00:00-05:00,7.199999809265137,7.46999979019165,7.170000076293945,7.369999885559082,301600,0.0,0.0
2026-01-09 00:00:00-05:00,7.409999847412109,7.789999961853027,7.300000190734863,7.53000020980835,571800,0.0,0.0
2026-01-12 00:00:00-05:00,7.539999961853027,7.619999885559082,7.139999866485596,7.380000114440918,387200,0.0,0.0
2026-01-13 00:00:00-05:00,7.300000190734863,7.75,7.300000190734863,7.730000019073486,338600,0.0,0.0
2026-01-14 00:00:00-05:00,7.730000019073486,8.180000305175781,7.630000114440918,8.140000343322754,777000,0.0,0.0
2026-01-15 00:00:00-05:00,8.069999694824219,8.229999542236328,7.78000020980835,7.849999904632568,512300,0.0,0.0
2026-01-16 00:00:00-05:00,7.800000190734863,8.074999809265137,7.610000133514404,7.739999771118164,303200,0.0,0.0
2026-01-20 00:00:00-05:00,7.489999771118164,7.78000020980835,7.331999778747559,7.679999828338623,369100,0.0,0.0
2026-01-21 00:00:00-05:00,7.579999923706055,8.0,7.460000038146973,7.550000190734863,331600,0.0,0.0
2026-01-22 00:00:00-05:00,7.559999942779541,7.889999866485596,7.559999942779541,7.710000038146973,228000,0.0,0.0
2026-01-23 00:00:00-05:00,7.710000038146973,7.769999980926514,7.449999809265137,7.539999961853027,266500,0.0,0.0
2026-01-26 00:00:00-05:00,7.5,7.550000190734863,7.079999923706055,7.329999923706055,312000,0.0,0.0
2026-01-27 00:00:00-05:00,7.28000020980835,7.381999969482422,7.090000152587891,7.25,290500,0.0,0.0
2026-01-28 00:00:00-05:00,7.300000190734863,7.300000190734863,7.03000020980835,7.130000114440918,166000,0.0,0.0
2026-01-29 00:00:00-05:00,7.110000133514404,7.139999866485596,6.670000076293945,6.769999980926514,345100,0.0,0.0
2026-01-30 00:00:00-05:00,6.670000076293945,6.889999866485596,6.519999980926514,6.619999885559082,456900,0.0,0.0
2026-02-02 00:00:00-05:00,6.519999980926514,7.119999885559082,6.099999904632568,6.869999885559082,587400,0.0,0.0
2026-02-03 00:00:00-05:00,7.0,7.09499979019165,6.449999809265137,6.639999866485596,248200,0.0,0.0
2026-02-04 00:00:00-05:00,6.619999885559082,6.754000186920166,6.074999809265137,6.360000133514404,655500,0.0,0.0
2026-02-05 00:00:00-05:00,6.320000171661377,6.420000076293945,5.78000020980835,5.860000133514404,811500,0.0,0.0
2026-02-06 00:00:00-05:00,6.0,6.238999843597412,5.800000190734863,5.980000019073486,716300,0.0,0.0
2026-02-09 00:00:00-05:00,6.099999904632568,6.420000076293945,5.760000228881836,6.320000171661377,701400,0.0,0.0
2026-02-10 00:00:00-05:00,6.699999809265137,7.190000057220459,6.389999866485596,6.409999847412109,1122100,0.0,0.0
2026-02-11 00:00:00-05:00,6.369999885559082,6.534999847412109,6.03000020980835,6.489999771118164,641800,0.0,0.0
2026-02-12 00:00:00-05:00,6.559999942779541,6.650000095367432,5.880000114440918,5.920000076293945,481000,0.0,0.0
2026-02-13 00:00:00-05:00,6.039999961853027,6.199999809265137,5.980000019073486,6.090000152587891,293200,0.0,0.0
2026-02-17 00:00:00-05:00,6.46999979019165,7.150000095367432,6.400000095367432,6.760000228881836,1073709,0.0,0.0
