Date,Open,High,Low,Close,Volume,Dividends,Stock Splits
2022-08-29 00:00:00-04:00,19.42186917969521,19.651713197388297,19.38356086920461,19.575098037719727,139900,0.0,0.0
2022-08-30 00:00:00-04:00,19.61340794286956,19.690023108767292,19.529131114250777,19.674699783325195,243900,0.0,0.0
2022-08-31 00:00:00-04:00,19.667038433712136,19.69002342224121,19.61340825512373,19.69002342224121,58700,0.0,0.0
2022-09-01 00:00:00-04:00,19.720664101146898,19.92752456665039,19.62106542959657,19.92752456665039,64200,0.0,0.0
2022-09-02 00:00:00-04:00,19.927523105534224,19.927523105534224,19.83558464050293,19.83558464050293,9600,0.0,0.0
2022-09-06 00:00:00-04:00,19.880028461669855,19.91220657006824,19.8049462087403,19.842487335205078,12800,0.0,0.0
2022-09-07 00:00:00-04:00,19.91986253492033,19.91986253492033,19.613403403568654,19.774293899536133,32800,0.0,0.0
2022-09-08 00:00:00-04:00,19.804941734387953,19.912202071483527,19.713003258797105,19.891515731811523,14500,0.0,0.0
2022-09-09 00:00:00-04:00,19.904540355167423,19.9122020165549,19.774295034205302,19.850910186767578,17300,0.0,0.0
2022-09-12 00:00:00-04:00,19.89687728881836,19.89687728881836,19.797278620439023,19.89687728881836,31300,0.0,0.0
2022-09-13 00:00:00-04:00,19.804945126957517,19.896882156984603,19.659376457883102,19.674699783325195,37300,0.0,0.0
2022-09-14 00:00:00-04:00,19.728330275143566,19.81260710510407,19.67470009655516,19.69002342224121,38800,0.0,0.0
2022-09-15 00:00:00-04:00,19.781958098923813,19.89688010526354,19.682359416446072,19.804943084716797,38700,0.0,0.0
2022-09-16 00:00:00-04:00,19.781956538010498,19.919863519261533,19.73598803136431,19.84324836730957,25800,0.0,0.0
2022-09-19 00:00:00-04:00,19.85857168996246,19.919863519261533,19.80647297746763,19.84324836730957,31000,0.0,0.0
2022-09-20 00:00:00-04:00,19.843249933059173,19.919865091056526,19.804943084716797,19.804943084716797,29200,0.0,0.0
2022-09-21 00:00:00-04:00,19.87389689668966,19.91986540769373,19.820266723632812,19.820266723632812,28300,0.0,0.0
2022-09-22 00:00:00-04:00,19.76663210512172,19.91986240041913,19.76663210512172,19.881555557250977,19800,0.0,0.0
2022-09-23 00:00:00-04:00,19.64405344518306,19.83559063232038,19.58276160375163,19.69002342224121,53100,0.0,0.0
2022-09-26 00:00:00-04:00,19.68159028248162,19.76663282180574,19.59041899874336,19.667034149169922,24400,0.0,0.0
2022-09-27 00:00:00-04:00,19.69001655335406,19.76433304956195,19.345249152254326,19.613401412963867,34200,0.0,0.0
2022-09-28 00:00:00-04:00,19.575095331954902,19.919862772151728,19.291621180070777,19.628726959228516,79900,0.0,0.0
2022-09-29 00:00:00-04:00,19.513801292062944,19.62872473330436,18.732330951757312,19.613401412963867,77700,0.0,0.0
2022-09-30 00:00:00-04:00,19.605744686112207,20.15737120536319,19.153716851511522,19.575098037719727,535000,0.0,0.0
2022-10-03 00:00:00-04:00,19.306945714083916,20.397941179960245,19.306945714083916,19.460174560546875,57100,0.0,0.0
2022-10-04 00:00:00-04:00,19.567436903443543,20.111401734645842,19.544451918245713,19.64405059814453,51500,0.0,0.0
2022-10-05 00:00:00-04:00,19.613406820659097,19.613406820659097,19.498484809044307,19.59808349609375,11500,0.0,0.0
2022-10-06 00:00:00-04:00,19.621067608578773,19.843249959624693,19.621067608578773,19.827926635742188,6500,0.0,0.0
2022-10-07 00:00:00-04:00,19.778126866530002,19.804941951097312,19.58275815175388,19.72832679748535,6600,0.0,0.0
2022-10-10 00:00:00-04:00,19.65937485948642,19.804177788909417,19.536791188541756,19.575098037719727,8200,0.0,0.0
2022-10-11 00:00:00-04:00,19.72066666869058,19.728328330778492,19.552114486694336,19.552114486694336,3200,0.0,0.0
2022-10-12 00:00:00-04:00,19.71300550770854,19.71300550770854,19.383561336116856,19.59808349609375,6800,0.0,0.0
2022-10-13 00:00:00-04:00,19.59808208906143,19.69002056854019,19.460175100499562,19.64405059814453,5300,0.0,0.0
2022-10-14 00:00:00-04:00,19.613401437064432,19.720661756955145,19.34524917602539,19.34524917602539,3400,0.0,0.0
2022-10-17 00:00:00-04:00,19.352915005685926,19.559775491166924,19.345253343855603,19.498483657836914,5200,0.0,0.0
2022-10-18 00:00:00-04:00,19.498482267738325,19.575095957954414,19.46017396131781,19.55594253540039,4900,0.0,0.0
2022-10-19 00:00:00-04:00,19.460174490499746,19.72832679748535,19.329929167753168,19.72832679748535,6700,0.0,0.0
2022-10-20 00:00:00-04:00,19.598081474738773,19.72832679748535,19.153715337364417,19.72832679748535,3900,0.0,0.0
2022-10-21 00:00:00-04:00,19.567437495636256,19.728328012952616,19.169039841358693,19.53679084777832,13000,0.0,0.0
2022-10-24 00:00:00-04:00,19.904537192871885,20.04244415331178,19.49847943303471,19.613401412963867,24500,0.0,0.0
2022-10-25 00:00:00-04:00,19.958169432233138,19.973492754170195,19.62872677846086,19.912200927734375,4500,0.0,0.0
2022-10-26 00:00:00-04:00,19.973495511516546,20.11523260572015,19.544452667236328,19.544452667236328,2800,0.0,0.0
2022-10-27 00:00:00-04:00,20.08842092445126,20.49448031279611,19.32610369003012,19.360580444335938,32300,0.0,0.0
2022-10-28 00:00:00-04:00,19.5429205323775,19.5429205323775,19.414208112336386,19.467838287353516,4600,0.0,0.0
2022-10-31 00:00:00-04:00,19.49082214335667,20.088417157513923,19.383560338233824,19.39122200012207,16800,0.0,0.0
2022-11-01 00:00:00-04:00,19.70151044101457,19.70151044101457,19.253312771172784,19.35291290283203,9100,0.0,0.0
2022-11-02 00:00:00-04:00,19.398886973183302,19.398886973183302,19.195858013084088,19.20734977722168,4000,0.0,0.0
2022-11-03 00:00:00-04:00,19.276298793617464,19.276298793617464,19.153715133666992,19.153715133666992,13300,0.0,0.0
2022-11-04 00:00:00-04:00,19.345254515162868,19.735990524291992,19.234162603865705,19.735990524291992,4700,0.0,0.0
2022-11-07 00:00:00-05:00,19.578926145414126,19.578926145414126,19.31460396425351,19.322265625,7500,0.0,0.0
2022-11-08 00:00:00-05:00,19.69002080845229,19.69002080845229,19.383560180664062,19.383560180664062,4600,0.0,0.0
2022-11-09 00:00:00-05:00,19.383557980452846,19.483158111572266,19.345251136983784,19.483158111572266,9100,0.0,0.0
2022-11-10 00:00:00-05:00,19.41420717897178,19.63638953069141,19.41420717897178,19.53679084777832,16700,0.0,0.0
2022-11-11 00:00:00-05:00,19.552115779034303,20.364233016967773,19.402717011726693,20.364233016967773,5500,0.0,0.0
2022-11-14 00:00:00-05:00,19.91986473514586,19.91986473514586,19.47549858027588,19.65171241760254,26100,0.0,0.0
2022-11-15 00:00:00-05:00,19.789620041363673,19.789620041363673,19.549815718643544,19.68235969543457,5500,0.0,0.0
2022-11-16 00:00:00-05:00,19.552112895333067,20.19031482831761,19.552112895333067,19.56743621826172,8000,0.0,0.0
2022-11-17 00:00:00-05:00,19.498483184395763,19.651712033343966,19.47090091021381,19.47549819946289,4000,0.0,0.0
2022-11-18 00:00:00-05:00,19.621067324496934,19.931356591405855,19.49082199600659,19.498483657836914,25600,0.0,0.0
2022-11-21 00:00:00-05:00,19.57509769628814,19.57509769628814,19.53679084777832,19.53679084777832,3300,0.0,0.0
2022-11-22 00:00:00-05:00,19.49082199600659,19.59425223874709,19.475498672345946,19.498483657836914,1800,0.0,0.0
2022-11-23 00:00:00-05:00,19.529126615997626,19.5597732598228,19.483158111572266,19.483158111572266,12600,0.0,0.0
2022-11-25 00:00:00-05:00,19.52912924719137,19.728328074956206,19.52912924719137,19.697681427001953,1700,0.0,0.0
2022-11-28 00:00:00-05:00,19.529128052914587,19.618002157496868,19.460174560546875,19.460174560546875,14500,0.0,0.0
2022-11-29 00:00:00-05:00,19.91986482931666,19.91986482931666,19.398883515355287,19.498483657836914,14100,0.0,0.0
2022-11-30 00:00:00-05:00,19.345253343855603,20.03172246167674,19.345253343855603,19.498483657836914,37600,0.0,0.0
2022-12-01 00:00:00-05:00,19.95817431518324,20.34124868945787,19.69002342224121,19.69002342224121,6500,0.0,0.0
2022-12-02 00:00:00-05:00,19.720663787458385,20.230153282022474,19.69001860489668,19.912200927734375,3500,0.0,0.0
2022-12-05 00:00:00-05:00,19.912205823487533,19.91986748633981,19.7130069732666,19.7130069732666,5300,0.0,0.0
2022-12-06 00:00:00-05:00,19.935188849768224,20.113701338847797,19.575098037719727,19.575098037719727,8100,0.0,0.0
2022-12-07 00:00:00-05:00,19.965835207802865,19.965835207802865,19.67469933756293,19.789621353149414,4200,0.0,0.0
2022-12-08 00:00:00-05:00,19.89687999734467,20.211000828248714,19.72832781971478,19.946680068969727,5300,0.0,0.0
2022-12-09 00:00:00-05:00,19.705340984690277,20.11140025884613,19.705340984690277,20.07309341430664,7800,0.0,0.0
2022-12-12 00:00:00-05:00,20.073094848434582,20.333585501588797,19.996479692569363,20.05010986328125,12600,0.0,0.0
2022-12-13 00:00:00-05:00,20.233988100403387,20.341248456351018,20.111404418945312,20.111404418945312,900,0.0,0.0
2022-12-14 00:00:00-05:00,20.29944364234325,20.889543765675345,20.29944364234325,20.456804275512695,9100,0.689,0.0
2022-12-15 00:00:00-05:00,20.456809848189057,20.456809848189057,19.836811065673828,19.836811065673828,5100,0.0,0.0
2022-12-16 00:00:00-05:00,20.181427112744014,20.181427112744014,19.866707297283966,19.929651260375977,11200,0.0,0.0
2022-12-19 00:00:00-05:00,19.874576588095895,20.063408487897686,19.866708404683003,19.906047821044922,18300,0.0,0.0
2022-12-20 00:00:00-05:00,19.906045061495647,20.153887552184774,19.82736623967895,20.142086029052734,9300,0.0,0.0
2022-12-21 00:00:00-05:00,20.181426760417985,20.244370722411123,19.913914546771544,19.968990325927734,4300,0.0,0.0
2022-12-22 00:00:00-05:00,19.984725384014677,20.260105762480116,19.984725384014677,20.142086029052734,7400,0.0,0.0
2022-12-23 00:00:00-05:00,20.08307678494481,20.08307678494481,19.95325551951031,20.008331298828125,2800,0.0,0.0
2022-12-27 00:00:00-05:00,20.094881798796383,20.417469824478946,20.079145431518555,20.079145431518555,4100,0.0,0.0
2022-12-28 00:00:00-05:00,20.197160984881865,20.41746557885338,20.197160984881865,20.409597396850586,2300,0.0,0.0
2022-12-29 00:00:00-05:00,20.315180562497012,20.387566935963267,20.2994441986084,20.2994441986084,3000,0.0,0.0
2022-12-30 00:00:00-05:00,20.44893720049069,20.456805382645214,20.252237148734487,20.43320083618164,9500,0.0,0.0
2023-01-03 00:00:00-05:00,20.44894003731705,20.44894003731705,19.97685954747125,20.290006637573242,6000,0.0,0.0
2023-01-04 00:00:00-05:00,19.90604723572352,20.06340789794922,19.90604723572352,20.06340789794922,6800,0.0,0.0
2023-01-05 00:00:00-05:00,20.024068165595768,20.24358492028456,20.024068165595768,20.1916561126709,700,0.0,0.0
2023-01-06 00:00:00-05:00,20.181427139113527,20.433202991810543,20.102746809970096,20.291580200195312,3300,0.0,0.0
2023-01-09 00:00:00-05:00,20.260107330561816,20.452874060617987,20.142087588000003,20.181427001953125,9000,0.0,0.0
2023-01-10 00:00:00-05:00,20.464679504321857,20.464679504321857,20.094883839946178,20.22077178955078,9800,0.0,0.0
2023-01-11 00:00:00-05:00,20.41353067448085,20.415104911157457,20.142085149382552,20.370256423950195,3900,0.0,0.0
2023-01-12 00:00:00-05:00,20.205030629920685,20.37812614440918,20.149954852615366,20.37812614440918,6600,0.0,0.0
2023-01-13 00:00:00-05:00,20.252236607644825,20.378124517349196,20.252236607644825,20.2994441986084,1400,0.0,0.0
2023-01-17 00:00:00-05:00,20.29944612448993,20.303380966186523,20.291579442501543,20.303380966186523,700,0.0,0.0
2023-01-18 00:00:00-05:00,20.378124580650262,20.378124580650262,20.33878517150879,20.33878517150879,2500,0.0,0.0
2023-01-19 00:00:00-05:00,20.275842666625977,20.37812603813065,20.205030524544906,20.275842666625977,5000,0.0,0.0
2023-01-20 00:00:00-05:00,20.220766908063688,20.360816955566406,20.220766908063688,20.360816955566406,1800,0.0,0.0
2023-01-23 00:00:00-05:00,20.252239947381252,20.287646021618208,20.197164165390987,20.205032348632812,11600,0.0,0.0
2023-01-24 00:00:00-05:00,20.220767176102743,20.220767176102743,20.197162628173828,20.197162628173828,7300,0.0,0.0
2023-01-25 00:00:00-05:00,20.18143086736013,20.22077178955078,20.18143086736013,20.22077178955078,4400,0.0,0.0
2023-01-26 00:00:00-05:00,20.18143086736013,20.358461265461212,20.18143086736013,20.22077178955078,15500,0.0,0.0
2023-01-27 00:00:00-05:00,20.220767916608693,20.338787659170507,20.181427001953125,20.181427001953125,20900,0.0,0.0
2023-01-30 00:00:00-05:00,20.20109523051044,20.22076643674981,20.19716188968397,20.21289825439453,11500,0.0,0.0
2023-01-31 00:00:00-05:00,20.26010805327458,20.26010805327458,20.134220123291016,20.134220123291016,14900,0.0,0.0
2023-02-01 00:00:00-05:00,20.22077178955078,20.377344607972177,20.139730840470506,20.22077178955078,13500,0.0,0.0
2023-02-02 00:00:00-05:00,20.32305018835425,20.55908966064453,20.2593198609904,20.55908966064453,7800,0.0,0.0
2023-02-03 00:00:00-05:00,20.29158365951724,20.55909442308638,20.29158365951724,20.330923080444336,6800,0.0,0.0
2023-02-06 00:00:00-05:00,20.441068535697973,20.441068535697973,20.2286321246486,20.33878517150879,9100,0.0,0.0
2023-02-07 00:00:00-05:00,20.385992762619008,20.409597308525246,20.323048807571297,20.33878517150879,6100,0.0,0.0
2023-02-08 00:00:00-05:00,20.4017291265565,20.4017291265565,20.299444261665055,20.33878517150879,2600,0.0,0.0
2023-02-09 00:00:00-05:00,20.73218575524436,20.73218575524436,20.378125061802272,20.43320083618164,3800,0.0,0.0
2023-02-10 00:00:00-05:00,20.425334330778245,20.551223754882812,20.425334330778245,20.551223754882812,1100,0.0,0.0
2023-02-13 00:00:00-05:00,20.54335743136972,20.61416958228012,20.53548924785717,20.596858978271484,3200,0.0,0.0
2023-02-14 00:00:00-05:00,20.724319029046942,20.724319029046942,20.614167472549664,20.692846298217773,4300,0.0,0.0
2023-02-15 00:00:00-05:00,20.669239506866347,20.7321834564209,20.669239506866347,20.7321834564209,1400,0.0,0.0
2023-02-16 00:00:00-05:00,20.732189197766697,20.928889282184404,20.68498159770316,20.763660430908203,6700,0.0,0.0
2023-02-17 00:00:00-05:00,20.582691013465542,20.7321834564209,20.535483426475164,20.7321834564209,1600,0.0,0.0
2023-02-21 00:00:00-05:00,20.53548775883043,20.889546987007066,20.456807430112587,20.54335594177246,7000,0.0,0.0
2023-02-22 00:00:00-05:00,20.5984329864264,20.661376953125,20.5984329864264,20.661376953125,600,0.0,0.0
2023-02-23 00:00:00-05:00,20.692845437140523,21.251474380493164,20.66924239070323,21.251474380493164,14700,0.0,0.0
2023-02-24 00:00:00-05:00,20.81873649279753,21.046909314110163,20.61416972288612,20.65350914001465,6000,0.0,0.0
2023-02-27 00:00:00-05:00,20.850204485352542,21.322284887048138,20.850204485352542,21.172792434692383,5200,0.0,0.0
2023-02-28 00:00:00-05:00,21.243605278392458,21.243605278392458,20.771524860954393,20.802997589111328,22800,0.0,0.0
2023-03-01 00:00:00-05:00,20.842339537867996,20.842339537867996,20.819522857666016,20.819522857666016,600,0.0,0.0
2023-03-02 00:00:00-05:00,20.881675899376255,20.881675899376255,20.7321834564209,20.7321834564209,3500,0.0,0.0
2023-03-03 00:00:00-05:00,20.771529637816467,21.08624948825105,20.637773513793945,20.637773513793945,2200,0.0,0.0
2023-03-06 00:00:00-05:00,20.75814710401986,20.75814710401986,20.653503144302178,20.7321834564209,1700,0.0,0.0
2023-03-07 00:00:00-05:00,20.7321834564209,20.7321834564209,20.7321834564209,20.7321834564209,0,0.0,0.0
2023-03-08 00:00:00-05:00,20.7321834564209,20.7321834564209,20.7321834564209,20.7321834564209,900,0.0,0.0
2023-03-09 00:00:00-05:00,20.582694449711386,20.65350659236999,20.41746711730957,20.41746711730957,14700,0.0,0.0
2023-03-10 00:00:00-05:00,20.417464408059544,20.45680381511543,19.98472342693387,20.10274314880371,21600,0.0,0.0
2023-03-13 00:00:00-04:00,19.984727072616124,20.063407401783216,18.70224325979161,19.60706329345703,42200,0.0,0.0
2023-03-14 00:00:00-04:00,20.059607656378496,20.059607656378496,18.936269933706622,19.05662727355957,55200,0.484,0.0
2023-03-15 00:00:00-04:00,18.856031524309923,19.176984946297956,18.211717319235284,18.23017120361328,28000,0.0,0.0
2023-03-16 00:00:00-04:00,18.117835042005098,18.559145736600357,18.05364436769258,18.270288467407227,75800,0.0,0.0
2023-03-17 00:00:00-04:00,18.214125336072442,18.214125336072442,16.095829613836006,16.866119384765625,27800,0.0,0.0
2023-03-20 00:00:00-04:00,17.09078511348048,17.09078511348048,16.20816360081631,16.50504493713379,10200,0.0,0.0
2023-03-21 00:00:00-04:00,16.448878864546394,18.093766138830368,16.32852152040334,16.432830810546875,119900,0.0,0.0
2023-03-22 00:00:00-04:00,16.40876287075018,16.85007371296664,15.927331887151468,16.03966522216797,57200,0.0,0.0
2023-03-23 00:00:00-04:00,16.063733740873467,16.68959250322791,15.197158774944837,15.518112182617188,42700,0.0,0.0
2023-03-24 00:00:00-04:00,15.245299160359991,15.852703949788566,14.90027372396784,15.806968688964844,135100,0.0,0.0
2023-03-27 00:00:00-04:00,15.927327133717618,17.010546140926518,15.903255056072462,16.400733947753906,20300,0.0,0.0
2023-03-28 00:00:00-04:00,16.79390385296862,17.27533474504822,16.55318764171551,17.251262664794922,29700,0.0,0.0
2023-03-29 00:00:00-04:00,17.26731083955501,17.69257354736328,17.26731083955501,17.69257354736328,30900,0.0,0.0
2023-03-30 00:00:00-04:00,17.74071770820796,17.885147129888743,17.130905444681673,17.69257354736328,19100,0.0,0.0
2023-03-31 00:00:00-04:00,17.812934843477652,18.085745670355237,17.491979849202725,17.925268173217773,39500,0.0,0.0
2023-04-03 00:00:00-04:00,17.877123353261098,18.446815490722656,17.877123353261098,18.446815490722656,11900,0.0,0.0
2023-04-04 00:00:00-04:00,18.431568789163336,19.17698289820846,17.85304921738645,18.856029510498047,13900,0.0,0.0
2023-04-05 00:00:00-04:00,18.552730178442165,19.257223824838878,18.454839498803924,18.543102264404297,15500,0.0,0.0
2023-04-06 00:00:00-04:00,18.75974514976746,19.417701592510948,18.75974514976746,19.08872413635254,11000,0.0,0.0
2023-04-10 00:00:00-04:00,19.016510374810732,19.016510374810732,18.302387237548828,18.302387237548828,8900,0.0,0.0
2023-04-11 00:00:00-04:00,18.318433053166935,18.37058845989202,17.64443013545981,17.853050231933594,15000,0.0,0.0
2023-04-12 00:00:00-04:00,17.84502926732434,17.84502926732434,16.85007277295354,17.82095718383789,13200,0.0,0.0
2023-04-13 00:00:00-04:00,18.013529716722346,18.81591408663556,17.901194864244317,18.294363021850586,7100,0.0,0.0
2023-04-14 00:00:00-04:00,18.294363071098996,18.294363071098996,18.0696964263916,18.0696964263916,3800,0.0,0.0
2023-04-17 00:00:00-04:00,18.053644570437346,18.053644570437346,17.333906454452517,17.65245246887207,7800,0.0,0.0
2023-04-18 00:00:00-04:00,17.853051022658956,17.9734083639174,17.644430916945232,17.69257354736328,6700,0.0,0.0
2023-04-19 00:00:00-04:00,17.86909996057091,18.238196029419328,17.692574422924533,18.053647994995117,5400,0.0,0.0
2023-04-20 00:00:00-04:00,18.053647972767582,18.454840149940196,18.053647972767582,18.149934768676758,4100,0.0,0.0
2023-04-21 00:00:00-04:00,18.494958542063156,18.697160045925756,18.254243850708008,18.254243850708008,7400,0.0,0.0
2023-04-24 00:00:00-04:00,18.33448022200653,18.33448022200653,17.893167970982294,17.92125129699707,500,0.0,0.0
2023-04-25 00:00:00-04:00,18.34571548365133,18.34571548365133,17.49197769165039,17.49197769165039,10600,0.0,0.0
2023-04-26 00:00:00-04:00,17.65245516899372,17.65245516899372,17.49197769165039,17.49197769165039,3700,0.0,0.0
2023-04-27 00:00:00-04:00,17.913233528762945,17.913233528762945,17.736707969596555,17.740720748901367,1300,0.0,0.0
2023-04-28 00:00:00-04:00,18.270291676659088,18.47008428642569,17.820955347117295,18.4548397064209,19500,0.0,0.0
2023-05-01 00:00:00-04:00,18.406696399360793,18.45483902917833,17.796884143441098,17.893169403076172,9800,0.0,0.0
2023-05-02 00:00:00-04:00,17.652456524728358,18.045624690946095,17.026596151534353,17.451860427856445,17900,0.0,0.0
2023-05-03 00:00:00-04:00,17.15497733527605,17.28336024380122,16.352592956947525,16.69761848449707,16700,0.0,0.0
2023-05-04 00:00:00-04:00,15.847093043185906,16.606951528833648,14.643516356361658,16.027629852294922,33700,0.0,0.0
2023-05-05 00:00:00-04:00,16.055708119142572,16.64144822125096,16.055708119142572,16.28839874267578,8100,0.0,0.0
2023-05-08 00:00:00-04:00,16.087805387653837,16.970428466796875,16.087805387653837,16.970428466796875,7800,0.0,0.0
2023-05-09 00:00:00-04:00,16.850070186479407,16.93030892202415,15.486016273498535,15.486016273498535,1700,0.0,0.0
2023-05-10 00:00:00-04:00,16.047685812309844,17.25126224823308,16.047685812309844,16.055709838867188,3400,0.0,0.0
2023-05-11 00:00:00-04:00,16.48097430635764,16.814764939580602,15.726732633561285,15.731547355651855,5300,0.0,0.0
2023-05-12 00:00:00-04:00,16.392713083264184,16.448879744841708,15.887210068213,15.935354232788086,4700,0.0,0.0
2023-05-15 00:00:00-04:00,16.248279191970276,16.32851791381836,16.248279191970276,16.32851791381836,1700,0.0,0.0
2023-05-16 00:00:00-04:00,16.328519772509743,16.328519772509743,15.502063445122927,15.746790885925293,10000,0.0,0.0
2023-05-17 00:00:00-04:00,15.919303110464616,16.448876575333934,15.919303110464616,16.416780471801758,6800,0.0,0.0
2023-05-18 00:00:00-04:00,16.448880436857774,17.050668745523303,16.448880436857774,16.954381942749023,9400,0.0,0.0
2023-05-19 00:00:00-04:00,17.050665106092183,17.34754794838591,16.769830315906542,16.850069046020508,4800,0.0,0.0
2023-05-22 00:00:00-04:00,16.866118861728154,17.71664581684767,16.785880123224054,17.700597763061523,4600,0.0,0.0
2023-05-23 00:00:00-04:00,17.57221620610484,17.69257354736328,17.23922751094226,17.69257354736328,2700,0.0,0.0
2023-05-24 00:00:00-04:00,17.572216139536224,18.109813690185547,17.05869066921805,18.109813690185547,7500,0.0,0.0
2023-05-25 00:00:00-04:00,17.65245416191187,17.877122311289764,17.65245416191187,17.853050231933594,2200,0.0,0.0
2023-05-26 00:00:00-04:00,17.67652472471628,18.535075585881923,17.67652472471628,18.09376335144043,8000,0.0,0.0
2023-05-30 00:00:00-04:00,18.053647538890008,18.4548397064209,17.25126320382823,18.4548397064209,6200,0.0,0.0
2023-05-31 00:00:00-04:00,18.437187522137176,18.76776885986328,17.98945661607075,18.76776885986328,14800,0.0,0.0
2023-06-01 00:00:00-04:00,18.615314293699612,18.695551490399545,18.599266242189056,18.607290267944336,1800,0.0,0.0
2023-06-02 00:00:00-04:00,18.856030966998915,19.538057925082068,18.856030966998915,19.369556427001953,7500,0.0,0.0
2023-06-05 00:00:00-04:00,19.995416940020988,20.035535543096742,19.136865978616363,19.265247344970703,6200,0.0,0.0
2023-06-06 00:00:00-04:00,19.899133216571915,20.035538630647306,19.45782239302457,19.538061141967773,11100,0.0,0.0
2023-06-07 00:00:00-04:00,19.658414628770615,19.947273455909453,19.658414628770615,19.859010696411133,7200,0.0,0.0
2023-06-08 00:00:00-04:00,19.25722603571797,19.57817949689457,19.104772567749023,19.104772567749023,7300,0.0,0.0
2023-06-09 00:00:00-04:00,19.69291842553203,19.69291842553203,19.417701794578054,19.542070388793945,3200,0.0,0.0
2023-06-12 00:00:00-04:00,19.570152755745145,19.570152755745145,18.944293975830078,18.944293975830078,6200,0.0,0.0
2023-06-13 00:00:00-04:00,19.421711493142656,19.421711493142656,18.944293396096054,19.032554626464844,1900,0.0,0.0
2023-06-14 00:00:00-04:00,19.453571335008846,19.453571335008846,18.487035751342773,18.487035751342773,6300,0.484,0.0
2023-06-15 00:00:00-04:00,18.80402721548947,19.65834554922442,18.200351025227164,18.339597702026367,9300,0.0,0.0
2023-06-16 00:00:00-04:00,19.658346252088407,19.96960271366561,18.519800864925884,19.166887283325195,6700,0.0,0.0
2023-06-20 00:00:00-04:00,20.05151302537003,20.067895355715653,18.945730723920615,19.224224090576172,4600,0.0,0.0
2023-06-21 00:00:00-04:00,19.248796565989412,19.945029945730866,18.355979919433594,18.355979919433594,18400,0.0,0.0
2023-06-22 00:00:00-04:00,18.659047908450493,19.207843481119774,18.478845397770865,18.98668670654297,10500,0.0,0.0
2023-06-23 00:00:00-04:00,19.16688584687356,19.601008189835248,18.88020133972168,18.88020133972168,7100,0.0,0.0
2023-06-26 00:00:00-04:00,18.929351328407332,19.03583335876465,18.81467656997815,19.03583335876465,1400,0.0,0.0
2023-06-27 00:00:00-04:00,19.216032230384915,19.601009168057907,19.216032230384915,19.42736053466797,6600,0.0,0.0
2023-06-28 00:00:00-04:00,19.571521759033203,19.571521759033203,19.571521759033203,19.571521759033203,700,0.0,0.0
2023-06-29 00:00:00-04:00,19.52729151551332,19.52729151551332,18.716384887695312,18.716384887695312,9600,0.0,0.0
2023-06-30 00:00:00-04:00,19.306134132300546,20.313624011492074,18.552564123618794,20.190759658813477,15500,0.0,0.0
2023-07-03 00:00:00-04:00,20.231714143179495,20.231714143179495,19.666536283564177,20.157995223999023,4400,0.0,0.0
2023-07-05 00:00:00-04:00,20.13342383164726,20.14980616257618,19.740257263183594,19.740257263183594,2900,0.0,0.0
2023-07-06 00:00:00-04:00,19.70749168027323,19.961413110888966,19.044022931710643,19.166887283325195,4400,0.0,0.0
2023-07-07 00:00:00-04:00,19.65834668764698,20.215333427099115,19.617392423636392,19.936840057373047,5000,0.0,0.0
2023-07-10 00:00:00-04:00,20.14980645080416,20.174378385243955,19.486337661743164,19.486337661743164,5800,0.0,0.0
2023-07-11 00:00:00-04:00,19.985987190358337,19.985987190358337,19.752544428527035,19.879505157470703,4500,0.0,0.0
2023-07-12 00:00:00-04:00,19.985983904482843,19.985983904482843,19.49452496373636,19.977792739868164,13400,0.0,0.0
2023-07-13 00:00:00-04:00,19.985985399648495,19.985985399648495,19.535482248272952,19.773019790649414,7800,0.0,0.0
2023-07-14 00:00:00-04:00,19.8221647058981,19.8221647058981,18.5771358432142,19.003067016601562,7000,0.0,0.0
2023-07-17 00:00:00-04:00,19.289752960205078,19.289752960205078,19.289752960205078,19.289752960205078,1700,0.0,0.0
2023-07-18 00:00:00-04:00,19.31432601821297,19.31432601821297,18.986687211408416,19.265180587768555,1900,0.0,0.0
2023-07-19 00:00:00-04:00,18.8392467201484,19.330705642700195,18.8392467201484,19.330705642700195,8400,0.0,0.0
2023-07-20 00:00:00-04:00,19.453569982761934,19.637867274006965,18.64266346358865,19.330705642700195,6300,0.0,0.0
2023-07-21 00:00:00-04:00,19.248796463012695,19.248796463012695,19.248796463012695,19.248796463012695,1600,0.0,0.0
2023-07-24 00:00:00-04:00,19.57643404635003,19.57643404635003,19.146408081054688,19.146408081054688,1400,0.0,0.0
2023-07-25 00:00:00-04:00,19.18326961348847,19.248797371836563,19.14231535038528,19.166887283325195,2200,0.0,0.0
2023-07-26 00:00:00-04:00,19.560052803082748,19.560052803082748,19.175077438354492,19.175077438354492,1900,0.0,0.0
2023-07-27 00:00:00-04:00,19.576435239283843,19.727967880377076,18.855629931487318,19.248796463012695,7600,0.0,0.0
2023-07-28 00:00:00-04:00,19.216032383230225,19.26517937288043,19.125932693481445,19.125932693481445,3100,0.0,0.0
2023-07-31 00:00:00-04:00,19.371662095463318,20.25628763130339,19.28156240244504,20.248096466064453,11400,0.0,0.0
2023-08-01 00:00:00-04:00,20.06789607023665,20.22352508945125,19.740257263183594,19.740257263183594,3400,0.0,0.0
2023-08-02 00:00:00-04:00,19.94503098338041,20.05151300591362,19.378215789794922,19.378215789794922,2300,0.0,0.0
2023-08-03 00:00:00-04:00,19.969602543987115,19.969602543987115,19.420806986620473,19.494525909423828,2700,0.0,0.0
2023-08-04 00:00:00-04:00,20.207140364736173,20.207140364736173,19.535480499267578,19.535480499267578,1800,0.0,0.0
2023-08-07 00:00:00-04:00,20.067895805073046,20.067895805073046,19.822167093606414,19.904075622558594,2100,0.0,0.0
2023-08-08 00:00:00-04:00,19.863121620540355,20.20714275852233,19.740257263183594,19.740257263183594,6900,0.0,0.0
2023-08-09 00:00:00-04:00,19.86312142227606,19.86312142227606,19.57643688310179,19.592819213867188,3400,0.0,0.0
2023-08-10 00:00:00-04:00,19.54367257089256,19.609200327582105,19.03583128481987,19.453571319580078,6700,0.0,0.0
2023-08-11 00:00:00-04:00,19.20784252039121,19.388043459752613,18.921158000535158,19.379852294921875,5500,0.0,0.0
2023-08-14 00:00:00-04:00,19.53548140601825,19.53548140601825,19.24879688463713,19.453571319580078,2700,0.0,0.0
2023-08-15 00:00:00-04:00,19.4863375646472,19.4863375646472,19.371662809380894,19.41261863708496,2900,0.0,0.0
2023-08-16 00:00:00-04:00,19.438829429432516,19.438829429432516,19.256989616419666,19.41261863708496,3500,0.0,0.0
2023-08-17 00:00:00-04:00,19.40442455919821,19.41261572350964,19.134122386140447,19.330705642700195,5000,0.0,0.0
2023-08-18 00:00:00-04:00,19.37166264592686,19.37166264592686,19.044023838584273,19.084978103637695,8800,0.0,0.0
2023-08-21 00:00:00-04:00,19.224223876591655,19.224223876591655,19.084977194813828,19.166887283325195,3600,0.0,0.0
2023-08-22 00:00:00-04:00,19.166887283325195,19.33070746034793,19.166887283325195,19.166887283325195,4800,0.0,0.0
2023-08-23 00:00:00-04:00,19.322514019959,19.895883009716968,19.30613169172482,19.617389678955078,5000,0.0,0.0
2023-08-24 00:00:00-04:00,19.592819178988822,19.592819178988822,19.183270284413226,19.207843780517578,5500,0.0,0.0
2023-08-25 00:00:00-04:00,19.65834628893421,19.65834628893421,19.641963958740234,19.641963958740234,1300,0.0,0.0
2023-08-28 00:00:00-04:00,19.45357362429301,19.658348083496094,19.45357362429301,19.658348083496094,7300,0.0,0.0
2023-08-29 00:00:00-04:00,19.658343937235728,19.813972930850856,19.46995184945704,19.617389678955078,6500,0.0,0.0
2023-08-30 00:00:00-04:00,19.494523779503506,19.617389678955078,19.494523779503506,19.617389678955078,8100,0.0,0.0
2023-08-31 00:00:00-04:00,19.658347778458896,19.85493106876687,19.527292251586914,19.527292251586914,4200,0.0,0.0
2023-09-01 00:00:00-04:00,19.641966006197745,19.752544403076172,19.641966006197745,19.752544403076172,500,0.0,0.0
2023-09-05 00:00:00-04:00,19.695205688476562,19.695205688476562,19.695205688476562,19.695205688476562,400,0.0,0.0
2023-09-06 00:00:00-04:00,19.535483720435273,19.658348083496094,19.535483720435273,19.658348083496094,2200,0.0,0.0
2023-09-07 00:00:00-04:00,19.453571747926585,19.576436099136703,19.453571747926585,19.56824493408203,3600,0.0,0.0
2023-09-08 00:00:00-04:00,19.56005461759139,19.65834704020665,18.692630041943833,19.28156280517578,23400,0.0,0.0
2023-09-11 00:00:00-04:00,19.01125454942854,19.43718567645638,19.01125454942854,19.34626579284668,8600,0.0,0.0
2023-09-12 00:00:00-04:00,19.314323744841122,19.535480499267578,19.16688590855682,19.535480499267578,3400,0.0,0.0
2023-09-13 00:00:00-04:00,19.175079034495866,19.175079034495866,18.994878084106986,19.044023513793945,10800,0.0,0.0
2023-09-14 00:00:00-04:00,19.14775330791059,19.364410500559515,18.997180938720703,18.997180938720703,1900,0.484,0.0
2023-09-15 00:00:00-04:00,18.921892040315598,19.223035114592598,18.90516142632266,19.147748947143555,5000,0.0,0.0
2023-09-18 00:00:00-04:00,18.89679718017578,19.07246385040587,18.79390533431022,18.89679718017578,9500,0.0,0.0
2023-09-19 00:00:00-04:00,18.913527666815753,18.913527666815753,18.604017674746935,18.729494094848633,5200,0.0,0.0
2023-09-20 00:00:00-04:00,18.633296253636,18.737860207467314,18.4534461254046,18.528732299804688,9700,0.0,0.0
2023-09-21 00:00:00-04:00,18.428350363320053,18.670937887657818,18.08538074908857,18.319602966308594,10200,0.0,0.0
2023-09-22 00:00:00-04:00,18.612381436608054,18.612381436608054,18.361428617243455,18.40325355529785,3400,0.0,0.0
2023-09-25 00:00:00-04:00,18.378157635153745,18.40325355529785,18.00172840610685,18.40325355529785,6500,0.0,0.0
2023-09-26 00:00:00-04:00,18.02682567001802,18.15230369567871,17.98500072514404,18.15230369567871,5600,0.0,0.0
2023-09-27 00:00:00-04:00,18.26105088783086,18.82151380724516,18.26105088783086,18.813148498535156,27600,0.0,0.0
2023-09-28 00:00:00-04:00,18.61238255312134,19.039003648048446,18.403254659266043,18.988813400268555,4700,0.0,0.0
2023-09-29 00:00:00-04:00,19.131022508773896,20.36905939187387,18.833223602509854,20.118104934692383,25400,0.0,0.0
2023-10-02 00:00:00-04:00,19.950802882729565,20.034454365622217,18.681814562119655,19.182884216308594,10400,0.0,0.0
2023-10-03 00:00:00-04:00,19.16448050701915,19.16448050701915,18.470175947235887,18.729494094848633,4400,0.0,0.0
2023-10-04 00:00:00-04:00,18.604017199923895,19.967531957981173,18.570557566659733,19.32341766357422,5800,0.0,0.0
2023-10-05 00:00:00-04:00,19.65802501813779,19.65802501813779,19.52418327331543,19.52418327331543,1800,0.0,0.0
2023-10-06 00:00:00-04:00,19.181210038342133,19.524179645155648,19.181210038342133,19.36524200439453,2100,0.0,0.0
2023-10-09 00:00:00-04:00,19.37360868347596,19.95916744637202,19.37360868347596,19.90897560119629,1800,0.0,0.0
2023-10-10 00:00:00-04:00,19.825326596352507,19.825326596352507,19.39870546655036,19.81696128845215,6200,0.0,0.0
2023-10-11 00:00:00-04:00,19.37360827682219,19.783498764038086,19.37360827682219,19.783498764038086,4100,0.0,0.0
2023-10-12 00:00:00-04:00,19.490718672622926,19.673078536987305,19.3736075650124,19.673078536987305,1100,0.0,0.0
2023-10-13 00:00:00-04:00,19.65802351097497,19.65802351097497,19.407070657553234,19.649658203125,3500,0.0,0.0
2023-10-16 00:00:00-04:00,19.61619758605957,19.61619758605957,19.61619758605957,19.61619758605957,200,0.0,0.0
2023-10-17 00:00:00-04:00,19.40707268509102,19.674756182178704,19.373611450195312,19.373611450195312,1900,0.0,0.0
2023-10-18 00:00:00-04:00,19.365243627341233,19.365243627341233,18.570558547973633,18.570558547973633,1300,0.0,0.0
2023-10-19 00:00:00-04:00,19.231402786769415,19.231402786769415,17.985000610351562,17.985000610351562,8400,0.0,0.0
2023-10-20 00:00:00-04:00,18.135572963767835,18.9553540040127,17.985000610351562,17.985000610351562,9200,0.0,0.0
2023-10-23 00:00:00-04:00,17.984999718754384,18.105456638204195,17.984999718754384,18.06865119934082,2500,0.0,0.0
2023-10-24 00:00:00-04:00,18.436716756609563,18.457629227876353,18.06865119934082,18.06865119934082,1100,0.0,0.0
2023-10-25 00:00:00-04:00,18.31960507069401,18.388199639627487,17.993366033222713,18.15230369567871,2000,0.0,0.0
2023-10-26 00:00:00-04:00,18.110474202359743,18.40325355529785,17.750773991223138,18.40325355529785,8300,0.0,0.0
2023-10-27 00:00:00-04:00,18.386523401844396,18.386523401844396,18.19412612915039,18.19412612915039,1400,0.0,0.0
2023-10-30 00:00:00-04:00,18.19412612915039,18.19412612915039,18.19412612915039,18.19412612915039,100,0.0,0.0
2023-10-31 00:00:00-04:00,18.294511230306874,18.3948917388916,18.15230418021233,18.3948917388916,7300,0.0,0.0
2023-11-01 00:00:00-04:00,18.386526897984183,18.62911605834961,18.386526897984183,18.62911605834961,2900,0.0,0.0
2023-11-02 00:00:00-04:00,18.319603006808723,19.15611457420199,18.319603006808723,18.762954711914062,3400,0.0,0.0
2023-11-03 00:00:00-04:00,18.762954845606473,19.32341766357422,18.762954845606473,19.32341766357422,1800,0.0,0.0
2023-11-06 00:00:00-05:00,19.030639110966856,19.75840491306308,18.821511208648538,19.574371337890625,5200,0.0,0.0
2023-11-07 00:00:00-05:00,19.49072265625,19.49072265625,19.473993634257305,19.49072265625,800,0.0,0.0
2023-11-08 00:00:00-05:00,19.658023586359565,19.833690265324563,19.473991599512523,19.758405685424805,3600,0.0,0.0
2023-11-09 00:00:00-05:00,19.84205258812086,19.84205258812086,19.289955115119255,19.62455940246582,2700,0.0,0.0
2023-11-10 00:00:00-05:00,19.490721595990383,19.490721595990383,19.340150833129883,19.340150833129883,1100,0.0,0.0
2023-11-13 00:00:00-05:00,19.331786576442624,19.49072265625,19.331786576442624,19.49072265625,700,0.0,0.0
2023-11-14 00:00:00-05:00,19.816961212923168,19.816961212923168,19.708213806152344,19.708213806152344,1200,0.0,0.0
2023-11-15 00:00:00-05:00,19.70821143990606,19.96669351858597,19.70821143990606,19.917339324951172,2300,0.0,0.0
2023-11-16 00:00:00-05:00,19.870496830443624,19.97589683532715,19.708213371516692,19.97589683532715,1100,0.0,0.0
2023-11-17 00:00:00-05:00,19.892246949525855,19.97589683532715,19.892246949525855,19.97589683532715,800,0.0,0.0
2023-11-20 00:00:00-05:00,19.975898584146233,19.975898584146233,19.741676330566406,19.741676330566406,2700,0.0,0.0
2023-11-21 00:00:00-05:00,19.47398919280442,19.500757217407227,19.448893272259777,19.500757217407227,1500,0.0,0.0
2023-11-22 00:00:00-05:00,19.825325300806586,19.984261353969185,19.783498764038086,19.783498764038086,1700,0.0,0.0
2023-11-24 00:00:00-05:00,19.574371337890625,19.574371337890625,19.574371337890625,19.574371337890625,1300,0.0,0.0
2023-11-27 00:00:00-05:00,19.658021973811856,19.857112455826794,19.239766187135007,19.32341766357422,9500,0.0,0.0
2023-11-28 00:00:00-05:00,19.616198435498685,19.616198435498685,19.47399139404297,19.47399139404297,2800,0.0,0.0
2023-11-29 00:00:00-05:00,19.2732306919825,19.984264373779297,19.239769457511393,19.984264373779297,10800,0.0,0.0
2023-11-30 00:00:00-05:00,19.984260736224698,20.59491539001465,19.867149627931454,20.59491539001465,18100,0.0,0.0
2023-12-01 00:00:00-05:00,20.40252006123593,20.40252006123593,19.95080456828312,20.219324111938477,3100,0.0,0.0
2023-12-04 00:00:00-05:00,20.486170419152227,20.486170419152227,19.992628410732294,20.444345474243164,3400,0.0,0.0
2023-12-05 00:00:00-05:00,20.159930772157686,20.251945967280722,20.034454345703125,20.034454345703125,4900,0.0,0.0
2023-12-06 00:00:00-05:00,20.034453399229328,20.452709197998047,20.034453399229328,20.452709197998047,5900,0.0,0.0
2023-12-07 00:00:00-05:00,20.38578885587694,20.38578885587694,19.99262737383738,20.30213737487793,3100,0.0,0.0
2023-12-08 00:00:00-05:00,20.285402297973633,20.285402297973633,20.285402297973633,20.285402297973633,1500,0.0,0.0
2023-12-11 00:00:00-05:00,20.10137473312406,20.243581771850586,19.57437152086487,20.243581771850586,12300,0.0,0.0
2023-12-12 00:00:00-05:00,20.076274439231636,20.285402297973633,19.984257670819098,20.285402297973633,3900,0.0,0.0
2023-12-13 00:00:00-05:00,20.03445380485222,20.57818603515625,19.81696059362675,20.57818603515625,12900,0.0,0.0
2023-12-14 00:00:00-05:00,20.82052132644488,20.829054522426794,20.5901299175553,20.64986228942871,3200,0.484,0.0
2023-12-15 00:00:00-05:00,20.607199499965454,20.929747196840175,20.56453514099121,20.56453514099121,5800,0.0,0.0
2023-12-18 00:00:00-05:00,20.982648514031467,20.982648514031467,20.538932094158152,20.54234504699707,5800,0.0,0.0
2023-12-19 00:00:00-05:00,20.564531044113796,20.735190073552943,20.368272427865488,20.555997848510742,6000,0.0,0.0
2023-12-20 00:00:00-05:00,20.675460599870902,20.735191345214844,20.53893271693025,20.735191345214844,2900,0.0,0.0
2023-12-21 00:00:00-05:00,20.820521512747458,21.119176864624023,20.820521512747458,21.119176864624023,6700,0.0,0.0
2023-12-22 00:00:00-05:00,21.11917780069806,21.247172492163827,20.957050323486328,20.957050323486328,5100,0.0,0.0
2023-12-26 00:00:00-05:00,20.999715685275284,21.200240099215943,20.999715685275284,21.186588287353516,900,0.0,0.0
2023-12-27 00:00:00-05:00,21.023606267785656,21.332500457763672,21.023606267785656,21.332500457763672,5800,0.0,0.0
2023-12-28 00:00:00-05:00,21.093576146718497,21.093576146718497,21.072243971485694,21.07651138305664,1600,0.0,0.0
2023-12-29 00:00:00-05:00,21.07651268010721,21.14989523722077,20.735191345214844,20.735191345214844,8000,0.0,0.0
2024-01-02 00:00:00-05:00,21.102110753891058,21.247171833734505,20.991182458735835,21.127710342407227,7300,0.0,0.0
2024-01-03 00:00:00-05:00,21.119176864624023,21.247171550416628,21.119176864624023,21.119176864624023,3400,0.0,0.0
2024-01-04 00:00:00-05:00,21.247170904550515,21.289836883544922,21.247170904550515,21.289836883544922,2200,0.0,0.0
2024-01-05 00:00:00-05:00,21.315434843400883,21.332501234998645,21.289836883544922,21.289836883544922,6500,0.0,0.0
2024-01-08 00:00:00-05:00,21.03384575775902,21.181466951808822,21.03384575775902,21.161840438842773,3600,0.0,0.0
2024-01-09 00:00:00-05:00,20.905852881410762,21.315436547253096,20.905852881410762,21.250585556030273,8300,0.0,0.0
2024-01-10 00:00:00-05:00,21.23863863756245,21.3154357755702,21.127710342407227,21.127710342407227,2500,0.0,0.0
2024-01-11 00:00:00-05:00,21.127710342407227,21.127710342407227,21.127710342407227,21.127710342407227,0,0.0,0.0
2024-01-12 00:00:00-05:00,20.90414389180481,21.311169030402592,20.90414389180481,21.131975173950195,4200,0.0,0.0
2024-01-16 00:00:00-05:00,21.28983935406812,21.31543731689453,21.272772960489934,21.31543731689453,4300,0.0,0.0
2024-01-17 00:00:00-05:00,21.306903037524975,21.315436233880504,21.17464256286621,21.17464256286621,3400,0.0,0.0
2024-01-18 00:00:00-05:00,21.315434172396166,21.315434172396166,21.170373103463035,21.302635192871094,3400,0.0,0.0
2024-01-19 00:00:00-05:00,21.29410403255887,21.460497292450633,21.20450791223881,21.439165115356445,3200,0.0,0.0
2024-01-22 00:00:00-05:00,21.33250489052541,21.486099186143743,21.323971693264284,21.417835235595703,3800,0.0,0.0
2024-01-23 00:00:00-05:00,21.417835235595703,21.417835235595703,21.417835235595703,21.417835235595703,2500,0.0,0.0
2024-01-24 00:00:00-05:00,21.567159413539247,21.57142682540501,21.34103541087662,21.46049690246582,7000,0.0,0.0
2024-01-25 00:00:00-05:00,21.631155509357686,22.655114541536264,21.52022559699213,21.588489532470703,15500,0.0,0.0
2024-01-26 00:00:00-05:00,21.759152040571923,22.015141413562358,21.460496687055926,21.520227432250977,7300,0.0,0.0
2024-01-29 00:00:00-05:00,21.520229058566386,21.588493005025356,21.511695861816406,21.511695861816406,700,0.0,0.0
2024-01-30 00:00:00-05:00,21.512549538763977,21.545827865600586,21.512549538763977,21.545827865600586,1600,0.0,0.0
2024-01-31 00:00:00-05:00,21.44343131948998,21.451964516002842,21.119177989705396,21.153310775756836,7900,0.0,0.0
2024-02-01 00:00:00-05:00,21.14477627891867,21.14477627891867,20.346939543208855,20.393871307373047,10600,0.0,0.0
2024-02-02 00:00:00-05:00,20.48773609562112,21.33250301990444,20.48773609562112,21.153310775756836,3700,0.0,0.0
2024-02-05 00:00:00-05:00,20.957048133899438,21.332500600173876,20.77785591007748,20.948514938354492,2400,0.0,0.0
2024-02-06 00:00:00-05:00,20.73518979393004,21.332500457763672,20.73518979393004,21.332500457763672,1000,0.0,0.0
2024-02-07 00:00:00-05:00,21.33250205373574,21.33250205373574,20.735191345214844,20.735191345214844,1500,0.0,0.0
2024-02-08 00:00:00-05:00,21.597024623490658,21.597024623490658,20.735191345214844,20.735191345214844,3300,0.0,0.0
2024-02-09 00:00:00-05:00,21.323970204630722,21.323970204630722,20.974117279052734,20.974117279052734,900,0.0,0.0
2024-02-12 00:00:00-05:00,21.459646762896543,21.63969348176208,21.20877597155053,21.417835235595703,3500,0.0,0.0
2024-02-13 00:00:00-05:00,21.41783078510285,21.52022587587737,21.332500457763672,21.332500457763672,3900,0.0,0.0
2024-02-14 00:00:00-05:00,21.349569025515965,21.54156187471932,20.65839476838388,20.75225830078125,11700,0.0,0.0
2024-02-15 00:00:00-05:00,21.119176582785215,21.161840934966477,21.11064338684082,21.11064338684082,1000,0.0,0.0
2024-02-16 00:00:00-05:00,21.067976833018964,21.110641180741727,20.82051905911343,20.83758544921875,4800,0.0,0.0
2024-02-20 00:00:00-05:00,21.016779150464703,21.477561950683594,21.016779150464703,21.477561950683594,1600,0.0,0.0
2024-02-21 00:00:00-05:00,21.332501234998645,21.332501234998645,21.289836883544922,21.289836883544922,2200,0.0,0.0
2024-02-22 00:00:00-05:00,21.306903493625498,21.306903493625498,21.221574783325195,21.221574783325195,800,0.0,0.0
2024-02-23 00:00:00-05:00,20.991182032180745,21.451963223323116,20.991182032180745,21.24717140197754,6800,0.0,0.0
2024-02-26 00:00:00-05:00,21.332500457763672,21.436602838652036,21.332500457763672,21.332500457763672,3500,0.0,0.0
2024-02-27 00:00:00-05:00,21.37516975402832,21.37516975402832,21.37516975402832,21.37516975402832,900,0.0,0.0
2024-02-28 00:00:00-05:00,21.417831208627216,21.477561950683594,21.417831208627216,21.477561950683594,600,0.0,0.0
2024-02-29 00:00:00-05:00,21.460497336903035,21.460497336903035,21.341035842895508,21.341035842895508,2900,0.0,0.0
2024-03-01 00:00:00-05:00,21.358100044227612,21.405884636927805,21.332500457763672,21.332500457763672,4000,0.0,0.0
2024-03-04 00:00:00-05:00,21.332502214685857,21.46049690246582,21.332502214685857,21.46049690246582,4300,0.0,0.0
2024-03-05 00:00:00-05:00,21.332501021902797,21.545826032121827,21.221572732706797,21.349567413330078,10100,0.0,0.0
2024-03-06 00:00:00-05:00,21.498044654293658,21.54582925540615,21.14477876211134,21.264240264892578,6000,0.0,0.0
2024-03-07 00:00:00-05:00,21.238638205978884,21.24717140197754,21.238638205978884,21.24717140197754,500,0.0,0.0
2024-03-08 00:00:00-05:00,21.332501734423374,21.332501734423374,21.24717140197754,21.24717140197754,6100,0.0,0.0
2024-03-11 00:00:00-04:00,21.43490050534302,21.50316445230898,21.38370132446289,21.38370132446289,3600,0.0,0.0
2024-03-12 00:00:00-04:00,21.434897959234863,21.434897959234863,21.247170906721657,21.298368453979492,2600,0.0,0.0
2024-03-13 00:00:00-04:00,21.49804326757042,21.545827865600586,21.49804326757042,21.545827865600586,900,0.0,0.0
2024-03-14 00:00:00-04:00,21.7232999592036,21.914695739746094,21.462307824906144,21.914695739746094,5900,0.484,0.0
2024-03-15 00:00:00-04:00,21.69285524642974,21.9060001373291,21.69285524642974,21.9060001373291,1200,0.0,0.0
2024-03-18 00:00:00-04:00,21.905999622805357,21.940797805786133,21.892950511606045,21.940797805786133,1100,0.0,0.0
2024-03-19 00:00:00-04:00,21.93644881159252,21.93644881159252,21.618907715145024,21.802473068237305,7600,0.0,0.0
2024-03-20 00:00:00-04:00,21.802473068237305,21.802473068237305,21.802473068237305,21.802473068237305,400,0.0,0.0
2024-03-21 00:00:00-04:00,21.940796177319623,21.966896057128906,21.905997996921602,21.966896057128906,2200,0.0,0.0
2024-03-22 00:00:00-04:00,21.949493916623577,21.949493916623577,21.731999918259856,21.914695739746094,2000,0.0,0.0
2024-03-25 00:00:00-04:00,21.949498343423404,21.949498343423404,21.488412035882313,21.568449020385742,5600,0.0,0.0
2024-03-26 00:00:00-04:00,21.70590267429232,21.72330093383789,21.70590267429232,21.72330093383789,1500,0.0,0.0
2024-03-27 00:00:00-04:00,21.662405557446895,21.662405557446895,21.497109626204207,21.653705596923828,5700,0.0,0.0
2024-03-28 00:00:00-04:00,21.653701946101112,21.914695739746094,21.653701946101112,21.914695739746094,3500,0.0,0.0
2024-04-01 00:00:00-04:00,21.923395134188635,21.923395134188635,21.792897411053215,21.86249542236328,2600,0.0,0.0
2024-04-02 00:00:00-04:00,21.86598040106717,21.923398811512747,21.749402924378618,21.866849899291992,7600,0.0,0.0
2024-04-03 00:00:00-04:00,21.923400844701714,21.923400844701714,21.75810490252942,21.836402893066406,3200,0.0,0.0
2024-04-04 00:00:00-04:00,21.858147218134096,21.982553482055664,21.78854920381344,21.982553482055664,4600,0.0,0.0
2024-04-05 00:00:00-04:00,22.04084026135745,22.04084026135745,22.010391235351562,22.010391235351562,1900,0.0,0.0
2024-04-08 00:00:00-04:00,21.818127622478325,22.010391235351562,21.818127622478325,22.010391235351562,600,0.0,0.0
2024-04-09 00:00:00-04:00,21.86249892904447,21.90599873018268,21.801600866798726,21.810300827026367,3700,0.0,0.0
2024-04-10 00:00:00-04:00,21.832046418701594,21.93209345635406,21.792897433589978,21.92339515686035,7100,0.0,0.0
2024-04-11 00:00:00-04:00,21.801600045349062,21.836399884948424,21.7494019452977,21.79290008544922,2800,0.0,0.0
2024-04-12 00:00:00-04:00,21.949497899411394,21.949497899411394,21.792901926679203,21.874679565429688,3600,0.0,0.0
2024-04-15 00:00:00-04:00,21.810300473845075,21.810300473845075,21.671104431152344,21.671104431152344,5100,0.0,0.0
2024-04-16 00:00:00-04:00,21.723299193549504,21.723299193549504,21.25351303650254,21.575403213500977,10700,0.0,0.0
2024-04-17 00:00:00-04:00,21.7494049414311,21.836402893066406,21.627608804750416,21.836402893066406,6500,0.0,0.0
2024-04-18 00:00:00-04:00,21.758100789973202,21.85379868461872,21.749400830519285,21.78420066833496,2600,0.0,0.0
2024-04-19 00:00:00-04:00,21.8972995537711,21.8972995537711,21.740703582763672,21.740703582763672,4800,0.0,0.0
2024-04-22 00:00:00-04:00,21.91469786469931,21.966895964750673,21.79290008544922,21.79290008544922,2300,0.0,0.0
2024-04-23 00:00:00-04:00,21.766801956634147,21.966896057128906,21.766801956634147,21.966896057128906,1400,0.0,0.0
2024-04-24 00:00:00-04:00,21.89729881286621,21.89729881286621,21.89729881286621,21.89729881286621,400,0.0,0.0
2024-04-25 00:00:00-04:00,21.792898231689968,21.87989616394043,21.792898231689968,21.87989616394043,1300,0.0,0.0
2024-04-26 00:00:00-04:00,21.888597953835443,21.96515527775829,21.766801834106445,21.766801834106445,6400,0.0,0.0
2024-04-29 00:00:00-04:00,21.801600045349062,21.89816744308531,21.7494019452977,21.79290008544922,3400,0.0,0.0
2024-04-30 00:00:00-04:00,21.792898968441282,21.792898968441282,21.57540496013609,21.78420066833496,15500,0.0,0.0
2024-05-01 00:00:00-04:00,21.819002970869764,21.91470088360339,21.81030300977144,21.836402893066406,1100,0.0,0.0
2024-05-02 00:00:00-04:00,21.766801865097378,21.869459068828746,21.766801865097378,21.79290008544922,8700,0.0,0.0
2024-05-03 00:00:00-04:00,21.92339844053255,21.92339844053255,21.836400498437634,21.89642906188965,3800,0.0,0.0
2024-05-06 00:00:00-04:00,21.801599550726355,21.88859748840332,21.792899591023893,21.88859748840332,4400,0.0,0.0
2024-05-07 00:00:00-04:00,21.87989662173402,21.87989662173402,21.758100509643555,21.758100509643555,4500,0.0,0.0
2024-05-08 00:00:00-04:00,21.853800084184964,21.87119834485943,21.749402223399656,21.819000244140625,6400,0.0,0.0
2024-05-09 00:00:00-04:00,21.79289923097531,21.871197207656223,21.749401092529297,21.749401092529297,3400,0.0,0.0
2024-05-10 00:00:00-04:00,21.853801410423614,21.853801410423614,21.627607414451532,21.740703582763672,5800,0.0,0.0
2024-05-13 00:00:00-04:00,21.74940026941109,21.775500147099503,21.688502214152347,21.73200035095215,5100,0.0,0.0
2024-05-14 00:00:00-04:00,21.96428494965221,21.96428494965221,21.74070113297057,21.749401092529297,2700,0.0,0.0
2024-05-15 00:00:00-04:00,21.79290008544922,21.79725089507298,21.766801865097378,21.79290008544922,8100,0.0,0.0
2024-05-16 00:00:00-04:00,21.759839992571155,21.853798891825317,21.75810099627244,21.831178665161133,2700,0.0,0.0
2024-05-17 00:00:00-04:00,21.749401092529297,21.836399028768938,21.749401092529297,21.749401092529297,5800,0.0,0.0
2024-05-20 00:00:00-04:00,21.74940327727141,21.79290142008684,21.74940327727141,21.775503158569336,4300,0.0,0.0
2024-05-21 00:00:00-04:00,21.75810490252942,22.097395088624417,21.75810490252942,21.836402893066406,7500,0.0,0.0
2024-05-22 00:00:00-04:00,21.79289923097531,21.971244253560144,21.749401092529297,21.749401092529297,5700,0.0,0.0
2024-05-23 00:00:00-04:00,21.7494019452977,21.79290008544922,21.705903805146175,21.79290008544922,4200,0.0,0.0
2024-05-24 00:00:00-04:00,21.91469596727617,21.91469596727617,21.749400062186243,21.853797912597656,2600,0.0,0.0
2024-05-28 00:00:00-04:00,21.81899993408349,21.81899993408349,21.749401914331536,21.766801834106445,4700,0.0,0.0
2024-05-29 00:00:00-04:00,21.74940023634304,21.74940023634304,21.69720214039313,21.705902099609375,2100,0.0,0.0
2024-05-30 00:00:00-04:00,21.836402893066406,21.836402893066406,21.836402893066406,21.836402893066406,200,0.0,0.0
2024-05-31 00:00:00-04:00,21.7928986876633,21.80159864700513,21.749400550301726,21.758100509643555,10200,0.0,0.0
2024-06-03 00:00:00-04:00,21.86249850203544,21.86249850203544,21.749402339980534,21.788551330566406,6100,0.0,0.0
2024-06-04 00:00:00-04:00,21.87119666239219,21.87119666239219,21.749400550301726,21.758100509643555,5400,0.0,0.0
2024-06-05 00:00:00-04:00,21.749401914331536,21.784201753881355,21.749401914331536,21.766801834106445,7100,0.0,0.0
2024-06-06 00:00:00-04:00,21.819000626312896,21.819000626312896,21.749402604352873,21.753751754760742,1100,0.0,0.0
2024-06-07 00:00:00-04:00,21.788552269544407,21.79290142008684,21.775503158569336,21.775503158569336,5900,0.0,0.0
2024-06-10 00:00:00-04:00,21.810300827026367,21.856409122819898,21.779851795903493,21.810300827026367,5100,0.0,0.0
2024-06-11 00:00:00-04:00,21.78246109816479,21.862498074173082,21.766801834106445,21.766801834106445,3800,0.0,0.0
2024-06-12 00:00:00-04:00,21.77550182499722,21.949496044950994,21.766801865097378,21.79290008544922,6700,0.0,0.0
2024-06-13 00:00:00-04:00,21.79289923097531,21.79289923097531,21.749401092529297,21.749401092529297,13600,0.0,0.0
2024-06-14 00:00:00-04:00,21.7928986876633,21.90599649975951,21.749400550301726,21.758100509643555,2900,0.0,0.0
2024-06-17 00:00:00-04:00,22.16086454485235,22.16086454485235,21.637449264526367,21.637449264526367,9600,0.484,0.0
2024-06-18 00:00:00-04:00,21.845929720019058,21.885851283637862,21.819314780242,21.82375144958496,6700,0.0,0.0
2024-06-20 00:00:00-04:00,21.956820298220123,22.08989159797248,21.868105534354093,22.001176834106445,8500,0.0,0.0
2024-06-21 00:00:00-04:00,22.001177943058778,22.001177943058778,21.940853118896484,21.940853118896484,3200,0.0,0.0
2024-06-24 00:00:00-04:00,21.956820298220123,22.001176834106445,21.94085201298478,22.001176834106445,3900,0.0,0.0
2024-06-25 00:00:00-04:00,22.00117797984664,22.04553621013636,21.779391904678455,21.95682144165039,7700,0.0,0.0
2024-06-26 00:00:00-04:00,21.956821273453386,22.045536041259766,21.956821273453386,22.045536041259766,900,0.0,0.0
2024-06-27 00:00:00-04:00,21.992306880603888,22.01448514854705,21.735034234601738,22.001176834106445,6100,0.0,0.0
2024-06-28 00:00:00-04:00,21.994969513610606,22.02779443707929,21.868108181211117,21.87697982788086,8100,0.0,0.0
2024-07-01 00:00:00-04:00,22.001179524899875,22.01005117158084,21.956822983588648,21.9923095703125,8200,0.0,0.0
2024-07-02 00:00:00-04:00,22.339179255310267,22.339179255310267,22.001176834106445,22.001176834106445,4300,0.0,0.0
2024-07-03 00:00:00-04:00,22.169734716242566,22.169734716242566,22.001176834106445,22.001176834106445,3400,0.0,0.0
2024-07-05 00:00:00-04:00,22.081021706098397,22.081021706098397,22.06328010559082,22.06328010559082,500,0.0,0.0
2024-07-08 00:00:00-04:00,22.046425362274775,22.089895248413086,22.046425362274775,22.089895248413086,800,0.0,0.0
2024-07-09 00:00:00-04:00,21.876978151636987,22.045536041259766,21.868106505647003,22.045536041259766,3700,0.0,0.0
2024-07-10 00:00:00-04:00,22.045536041259766,22.045536041259766,22.045536041259766,22.045536041259766,500,0.0,0.0
2024-07-11 00:00:00-04:00,22.07214982163183,22.089893114041466,21.921335220336914,21.921335220336914,1500,0.0,0.0
2024-07-12 00:00:00-04:00,22.12981430954662,22.12981430954662,21.95682144165039,21.95682144165039,900,0.0,0.0
2024-07-15 00:00:00-04:00,22.15199321533229,22.373779296875,22.15199321533229,22.373779296875,5800,0.0,0.0
2024-07-16 00:00:00-04:00,22.33829421105193,22.33829421105193,22.08102154647644,22.3205509185791,2500,0.0,0.0
2024-07-17 00:00:00-04:00,22.285067741470733,22.285067741470733,22.267324447631836,22.267324447631836,2300,0.0,0.0
2024-07-18 00:00:00-04:00,22.3205509185791,22.3205509185791,22.3205509185791,22.3205509185791,1100,0.0,0.0
2024-07-19 00:00:00-04:00,22.160862981474384,22.400392335320817,22.13424973688703,22.347164154052734,1900,0.0,0.0
2024-07-22 00:00:00-04:00,22.1786067963745,22.222963333129883,22.1786067963745,22.222963333129883,1600,0.0,0.0
2024-07-23 00:00:00-04:00,22.222966011131877,22.400395563721574,22.222966011131877,22.24070930480957,3800,0.0,0.0
2024-07-24 00:00:00-04:00,22.30280760367168,22.31167924989917,22.178607940673828,22.178607940673828,6400,0.0,0.0
2024-07-25 00:00:00-04:00,22.26732384904801,22.280630473022665,21.9923095703125,21.9923095703125,2700,0.0,0.0
2024-07-26 00:00:00-04:00,22.169736658479845,22.256676424005917,22.018922054323102,22.14312171936035,5400,0.0,0.0
2024-07-29 00:00:00-04:00,22.143120932586804,22.143120932586804,21.95682144165039,21.95682144165039,3400,0.0,0.0
2024-07-30 00:00:00-04:00,21.95682186126709,22.178607940673828,21.91246532222314,22.178607940673828,7600,0.0,0.0
2024-07-31 00:00:00-04:00,21.912464558998963,22.160863876342773,21.83262143782604,22.160863876342773,5200,0.0,0.0
2024-08-01 00:00:00-04:00,22.160866732815546,22.178610026939577,22.089895248413086,22.089895248413086,2700,0.0,0.0
2024-08-02 00:00:00-04:00,22.089892411256297,22.17860717838854,22.089892411256297,22.13425064086914,5800,0.0,0.0
2024-08-05 00:00:00-04:00,22.001179305151307,22.089894078981267,21.48663564744983,21.82375144958496,7300,0.0,0.0
2024-08-06 00:00:00-04:00,21.95682161121208,22.036664734256696,21.868106842041016,21.868106842041016,4100,0.0,0.0
2024-08-07 00:00:00-04:00,22.00117913022539,22.00117913022539,21.761651442510566,21.912466049194336,5800,0.0,0.0
2024-08-08 00:00:00-04:00,21.965692762108247,22.054407529279185,21.965692762108247,22.008275985717773,4200,0.0,0.0
2024-08-09 00:00:00-04:00,22.05440807443546,22.151992797851562,21.947950012780144,22.151992797851562,3300,0.0,0.0
2024-08-12 00:00:00-04:00,22.178607516818577,22.178607516818577,21.752778658598093,21.95682144165039,13800,0.0,0.0
2024-08-13 00:00:00-04:00,22.063279720581196,22.160864443997294,22.063279720581196,22.151992797851562,2900,0.0,0.0
2024-08-14 00:00:00-04:00,22.178608489690983,22.22740169910327,22.027793884277344,22.027793884277344,5500,0.0,0.0
2024-08-15 00:00:00-04:00,22.0455358737369,22.17860717838854,22.0455358737369,22.13425064086914,5900,0.0,0.0
2024-08-16 00:00:00-04:00,22.134252939833395,22.214096069335938,22.134252939833395,22.214096069335938,5700,0.0,0.0
2024-08-19 00:00:00-04:00,22.249578812262538,22.311678642069698,22.06327932284105,22.0721492767334,15300,0.0,0.0
2024-08-20 00:00:00-04:00,22.169735804183624,22.18747909624623,22.00916290283203,22.00916290283203,9900,0.0,0.0
2024-08-21 00:00:00-04:00,22.054409441848186,22.13425257001672,22.054409441848186,22.09255599975586,3500,0.0,0.0
2024-08-22 00:00:00-04:00,22.1253790220926,22.285065264707868,22.1253790220926,22.276193618774414,2800,0.0,0.0
2024-08-23 00:00:00-04:00,22.267323076491127,22.267323076491127,22.14312171936035,22.14312171936035,8400,0.0,0.0
2024-08-26 00:00:00-04:00,22.16086560927208,22.285066969749693,22.089894128467833,22.24958038330078,9400,0.0,0.0
2024-08-27 00:00:00-04:00,22.21409586680307,22.218530844137835,22.187480926513672,22.187480926513672,2900,0.0,0.0
2024-08-28 00:00:00-04:00,22.222965443464098,22.24958038330078,22.178608902496535,22.24958038330078,2700,0.0,0.0
2024-08-29 00:00:00-04:00,22.31167796337633,22.489107493508282,22.31167796337633,22.45362091064453,5200,0.0,0.0
2024-08-30 00:00:00-04:00,22.444752118905935,22.489110353126026,22.214096069335938,22.214096069335938,4800,0.0,0.0
2024-09-03 00:00:00-04:00,22.285953452772205,22.338294982910156,22.285953452772205,22.338294982910156,1200,0.0,0.0
2024-09-04 00:00:00-04:00,22.453622454003703,22.48910903930664,22.453622454003703,22.48910903930664,700,0.0,0.0
2024-09-05 00:00:00-04:00,22.489108447087307,22.489108447087307,22.356037139892578,22.356037139892578,3900,0.0,0.0
2024-09-06 00:00:00-04:00,22.202561632189486,22.400394439697266,22.14667178279349,22.400394439697266,8400,0.0,0.0
2024-09-09 00:00:00-04:00,22.267321269154703,22.41636085510254,22.267321269154703,22.41636085510254,1200,0.0,0.0
2024-09-10 00:00:00-04:00,22.497982202683016,22.497982202683016,22.311681001467246,22.40926742553711,3300,0.0,0.0
2024-09-11 00:00:00-04:00,22.356036327582864,22.409264510108006,22.09876367654008,22.222963333129883,11700,0.0,0.0
2024-09-12 00:00:00-04:00,22.35603979565305,22.40305800264259,22.258453369140625,22.258453369140625,4100,0.0,0.0
2024-09-13 00:00:00-04:00,22.48910826701774,22.48910826701774,22.427008436963664,22.471364974975586,2200,0.0,0.0
2024-09-16 00:00:00-04:00,22.276009674394327,22.74631156731053,22.276009674394327,22.547338485717773,4500,0.484,0.0
2024-09-17 00:00:00-04:00,22.53829148649235,22.83675193786621,22.429759629149427,22.83675193786621,7600,0.0,0.0
2024-09-18 00:00:00-04:00,22.592557090075132,22.746309552019504,22.592557090075132,22.655866622924805,8800,0.0,0.0
2024-09-19 00:00:00-04:00,22.692044666604275,22.692044666604275,22.655866804654046,22.6649112701416,2500,0.0,0.0
2024-09-20 00:00:00-04:00,22.62873554193371,22.633256912231445,22.610646610631903,22.633256912231445,1300,0.0,0.0
2024-09-23 00:00:00-04:00,22.673955007533653,22.710132868322155,22.61968994140625,22.61968994140625,5400,0.0,0.0
2024-09-24 00:00:00-04:00,22.619690667759222,22.827708198806825,22.619690667759222,22.6649112701416,9500,0.0,0.0
2024-09-25 00:00:00-04:00,22.655866077139404,22.74630900405531,22.61968994140625,22.61968994140625,9400,0.0,0.0
2024-09-26 00:00:00-04:00,22.565425418885496,22.68300001916983,22.565425418885496,22.655866622924805,8100,0.0,0.0
2024-09-27 00:00:00-04:00,22.583511942172233,22.60160087245559,22.560901641845703,22.560901641845703,1200,0.0,0.0
2024-09-30 00:00:00-04:00,22.74630991678336,22.927195777873475,22.63325668486589,22.6739559173584,36600,0.0,0.0
2024-10-01 00:00:00-04:00,22.710135490529527,23.307056462020018,22.610648086929263,22.881975173950195,7000,0.0,0.0
2024-10-02 00:00:00-04:00,22.74631046283919,22.753547070494204,22.70108985900879,22.70108985900879,2700,0.0,0.0
2024-10-03 00:00:00-04:00,22.74631064456784,22.74631064456784,22.61064710693731,22.710134506225586,10000,0.0,0.0
2024-10-04 00:00:00-04:00,22.6649112701416,22.737265268986658,22.6649112701416,22.6649112701416,2100,0.0,0.0
2024-10-07 00:00:00-04:00,22.61968994140625,22.74630900405531,22.61968994140625,22.61968994140625,3200,0.0,0.0
2024-10-08 00:00:00-04:00,22.66943591202686,22.73726682022817,22.637781143188477,22.637781143188477,1500,0.0,0.0
2024-10-09 00:00:00-04:00,22.61968994140625,22.70108840312503,22.61968994140625,22.61968994140625,3600,0.0,0.0
2024-10-10 00:00:00-04:00,22.65496387684689,22.728221807961674,22.610647201538086,22.610647201538086,1300,0.0,0.0
2024-10-11 00:00:00-04:00,22.5202047112754,22.74631118774414,22.51116024520999,22.74631118774414,6700,0.0,0.0
2024-10-14 00:00:00-04:00,22.556382673302487,22.746311286332784,22.52924927498865,22.637781143188477,7700,0.0,0.0
2024-10-15 00:00:00-04:00,22.70108831576911,22.746308916525372,22.655865989957498,22.71917724609375,4800,0.0,0.0
2024-10-16 00:00:00-04:00,22.74631046283919,22.74631046283919,22.610646926292528,22.70108985900879,7800,0.0,0.0
2024-10-17 00:00:00-04:00,22.6829995668262,22.746309098413356,22.655866171122266,22.73726463317871,6600,0.0,0.0
2024-10-18 00:00:00-04:00,22.746311730550797,22.79153406195702,22.63778158528698,22.77344512939453,6300,0.0,0.0
2024-10-21 00:00:00-04:00,22.773444042116132,22.773444042116132,22.681191525485215,22.710134506225586,2600,0.0,0.0
2024-10-22 00:00:00-04:00,22.6649114062078,22.863886198017774,22.6649114062078,22.72369956970215,4000,0.0,0.0
2024-10-23 00:00:00-04:00,22.791531242097502,22.818662912528836,22.655865989719445,22.728219985961914,9700,0.0,0.0
2024-10-24 00:00:00-04:00,22.673956642827857,22.782488507965567,22.637780504485605,22.710134506225586,7100,0.0,0.0
2024-10-25 00:00:00-04:00,22.70108831576911,22.746308916525372,22.628734319525876,22.71917724609375,4800,0.0,0.0
2024-10-28 00:00:00-04:00,22.945283972847285,22.945283972847285,22.61969012335317,22.628734588623047,5600,0.0,0.0
2024-10-29 00:00:00-04:00,22.62873585784687,22.70108985900879,22.610646926292528,22.70108985900879,3900,0.0,0.0
2024-10-30 00:00:00-04:00,22.710135278223397,22.710135278223397,22.66219943508635,22.705612182617188,7300,0.0,0.0
2024-10-31 00:00:00-04:00,22.78248949540548,22.972418111309022,22.646825951895014,22.881975173950195,5500,0.0,0.0
2024-11-01 00:00:00-04:00,22.83675412334274,22.83675412334274,22.65586825214554,22.74631118774414,2800,0.0,0.0
2024-11-04 00:00:00-05:00,22.79153142458658,22.79153142458658,22.66491063635691,22.73726463317871,3600,0.0,0.0
2024-11-05 00:00:00-05:00,22.746309552019504,22.746309552019504,22.646823882565187,22.655866622924805,5600,0.0,0.0
2024-11-06 00:00:00-05:00,22.74631064456784,22.74631064456784,22.628736038636173,22.710134506225586,6900,0.0,0.0
2024-11-07 00:00:00-05:00,22.70108840312503,22.737264538858184,22.610645476209122,22.61968994140625,6900,0.0,0.0
2024-11-08 00:00:00-05:00,22.791532973815,22.791532973815,22.628736038636173,22.710134506225586,11800,0.0,0.0
2024-11-11 00:00:00-05:00,22.710132868322155,22.791531330040936,22.61968994140625,22.61968994140625,6300,0.0,0.0
2024-11-12 00:00:00-05:00,22.705611229369644,22.705611229369644,22.70108985900879,22.70108985900879,800,0.0,0.0
2024-11-13 00:00:00-05:00,22.619692490392914,22.74631156731053,22.538294019501436,22.547338485717773,11000,0.0,0.0
2024-11-14 00:00:00-05:00,22.610647646874,22.74631118774414,22.610647646874,22.74631118774414,2500,0.0,0.0
2024-11-15 00:00:00-05:00,22.746308916525372,22.746308916525372,22.610645389201235,22.71917724609375,1900,0.0,0.0
2024-11-18 00:00:00-05:00,22.655866622924805,22.746309552019504,22.655866622924805,22.655866622924805,3300,0.0,0.0
2024-11-19 00:00:00-05:00,22.746310307541595,22.746310307541595,22.637780169067426,22.709228515625,3700,0.0,0.0
2024-11-20 00:00:00-05:00,22.719181319762573,22.719181319762573,22.62059783935547,22.62059783935547,1300,0.0,0.0
2024-11-21 00:00:00-05:00,22.58351352896101,22.70108985900879,22.565426322462127,22.70108985900879,8000,0.0,0.0
2024-11-22 00:00:00-05:00,22.619691030203267,22.746310098947124,22.619691030203267,22.683000564575195,3000,0.0,0.0
2024-11-25 00:00:00-05:00,22.854843495797926,22.97241810680245,22.65586868863643,22.722797393798828,10900,0.0,0.0
2024-11-26 00:00:00-05:00,22.927195322226144,22.972415924072266,22.746309464730892,22.972415924072266,2800,0.0,0.0
2024-11-27 00:00:00-05:00,22.963372466324945,22.963372466324945,22.70108985900879,22.70108985900879,3900,0.0,0.0
2024-11-29 00:00:00-05:00,22.96337164115884,23.198522567749023,22.824994597345924,23.198522567749023,4200,0.0,0.0
2024-12-02 00:00:00-05:00,22.872929798665634,22.927194864809422,22.701088409979064,22.83675193786621,38500,0.0,0.0
2024-12-03 00:00:00-05:00,22.836751970238314,22.881972571246347,22.65586611609547,22.71194076538086,19500,0.0,0.0
2024-12-04 00:00:00-05:00,22.655865989957498,22.79153124233698,22.637778784688198,22.71917724609375,14300,0.0,0.0
2024-12-05 00:00:00-05:00,22.701089631074844,22.741788864135742,22.692045165388485,22.741788864135742,4200,0.0,0.0
2024-12-06 00:00:00-05:00,22.71013432478596,22.74631046283919,22.637780323624042,22.70108985900879,21900,0.0,0.0
2024-12-09 00:00:00-05:00,22.70108831576911,22.746308916525372,22.655865989957498,22.71917724609375,6900,0.0,0.0
2024-12-10 00:00:00-05:00,22.71917724609375,22.71917724609375,22.71917724609375,22.71917724609375,400,0.0,0.0
2024-12-11 00:00:00-05:00,22.6739559173584,22.728220985663263,22.61969084905353,22.6739559173584,11000,0.0,0.0
2024-12-12 00:00:00-05:00,22.701088315530576,22.728219985961914,22.64682324961256,22.728219985961914,8000,0.0,0.0
2024-12-13 00:00:00-05:00,22.719178790563134,22.782488325947877,22.692045393231616,22.70108985900879,4000,0.0,0.0
2024-12-16 00:00:00-05:00,22.843110875487348,23.17049455551106,22.769334246764068,23.156661987304688,25400,0.484,0.0
2024-12-17 00:00:00-05:00,23.147440492950693,23.147440492950693,23.009109529160824,23.128995895385742,2400,0.0,0.0
2024-12-18 00:00:00-05:00,22.926110983098624,23.128996282790467,22.926110983098624,23.055219650268555,7700,0.0,0.0
2024-12-19 00:00:00-05:00,23.055218163380825,23.165883984513417,23.055218163380825,23.101327896118164,3000,0.0,0.0
2024-12-20 00:00:00-05:00,23.06720732712301,23.17510452388204,23.06720732712301,23.101327896118164,2300,0.0,0.0
2024-12-23 00:00:00-05:00,23.082884102159348,23.165883024827032,23.07366180419922,23.07366180419922,4000,0.0,0.0
2024-12-24 00:00:00-05:00,23.07366180419922,23.07366180419922,23.07366180419922,23.07366180419922,0,0.0,0.0
2024-12-26 00:00:00-05:00,23.101326074558113,23.285768508911133,23.101326074558113,23.285768508911133,7800,0.0,0.0
2024-12-27 00:00:00-05:00,23.17510360656037,23.224903663842227,23.147438471602435,23.19354820251465,3500,0.0,0.0
2024-12-30 00:00:00-05:00,23.276545145506127,23.322656631469727,23.101325016791105,23.322656631469727,27000,0.0,0.0
2024-12-31 00:00:00-05:00,23.138214872109916,23.663873514424413,23.101325682276357,23.60854148864746,29500,0.0,0.0
2025-01-02 00:00:00-05:00,23.414880573738632,23.433325171659632,23.101329444976333,23.239662170410156,24300,0.0,0.0
2025-01-03 00:00:00-05:00,23.331879807485652,23.36876900042706,23.101327628522462,23.110549926757812,24000,0.0,0.0
2025-01-06 00:00:00-05:00,23.193549609357188,23.331880569458008,23.193549609357188,23.331880569458008,2200,0.0,0.0
2025-01-07 00:00:00-05:00,23.22121372104121,23.23043601847211,23.11977020827471,23.17510223388672,6600,0.0,0.0
2025-01-08 00:00:00-05:00,23.19354820251465,23.19354820251465,23.119771577671013,23.19354820251465,9100,0.0,0.0
2025-01-10 00:00:00-05:00,23.193547891131868,23.285769110691675,23.07366153698554,23.082883834838867,19800,0.0,0.0
2025-01-13 00:00:00-05:00,23.082884905404473,23.110550041274077,23.045995712280273,23.045995712280273,8600,0.0,0.0
2025-01-14 00:00:00-05:00,23.001730602670442,23.055219231944747,22.944553405683013,23.009109497070312,8800,0.0,0.0
2025-01-15 00:00:00-05:00,23.055219650268555,23.128996282790467,22.972220718809695,23.055219650268555,20500,0.0,0.0
2025-01-16 00:00:00-05:00,23.055219650268555,23.055219650268555,23.03216478241302,23.055219650268555,16200,0.0,0.0
2025-01-17 00:00:00-05:00,23.04599788814102,23.069052756533573,23.036775588989258,23.036775588989258,9200,0.0,0.0
2025-01-21 00:00:00-05:00,23.02755183424408,23.244271453177166,23.018329535675267,23.14743995666504,33700,0.0,0.0
2025-01-22 00:00:00-05:00,23.32265953838335,23.32265953838335,23.101327896118164,23.101327896118164,13900,0.0,0.0
2025-01-23 00:00:00-05:00,23.02755183424408,23.1935496905355,23.02755183424408,23.14743995666504,2100,0.0,0.0
2025-01-24 00:00:00-05:00,23.027551286837777,23.027551286837777,21.681127389322914,21.994678497314453,121600,0.0,0.0
2025-01-27 00:00:00-05:00,21.994677096173806,22.30822818419101,21.79179006335477,22.225229263305664,24400,0.0,0.0
2025-01-28 00:00:00-05:00,22.363560211790087,22.363560211790087,21.588904789509176,22.225229263305664,31300,0.0,0.0
2025-01-29 00:00:00-05:00,22.216006057439248,22.45578051253214,22.216006057439248,22.31744956970215,26600,0.0,0.0
2025-01-30 00:00:00-05:00,22.32667335724215,22.434572317479482,22.20678699173572,22.27134132385254,9900,0.0,0.0
2025-01-31 00:00:00-05:00,22.31744956970215,22.50189024048435,22.11732941028922,22.31744956970215,9600,0.0,0.0
2025-02-03 00:00:00-05:00,22.44655826542335,22.59411150596895,22.287937564401474,22.437335968017578,19100,0.0,0.0
2025-02-04 00:00:00-05:00,22.409671248127054,22.54800396364982,22.345116919002322,22.428115844726562,30600,0.0,0.0
2025-02-05 00:00:00-05:00,22.501891243924142,22.5941124629144,22.345115699332737,22.55537986755371,24000,0.0,0.0
2025-02-06 00:00:00-05:00,22.64944681873462,22.93533280288646,22.594114785242564,22.82466697692871,10600,0.0,0.0
2025-02-07 00:00:00-05:00,22.74166641326051,22.833887635103785,22.732444115178833,22.81544303894043,4900,0.0,0.0
2025-02-10 00:00:00-05:00,22.750889092059246,22.82466571897376,22.694633600511676,22.741666793823242,14300,0.0,0.0
2025-02-11 00:00:00-05:00,22.796997753013667,22.82466464642159,22.686333697328877,22.778554916381836,14800,0.0,0.0
2025-02-12 00:00:00-05:00,22.75088802297391,22.778554916381836,22.75088802297391,22.778554916381836,1600,0.0,0.0
2025-02-13 00:00:00-05:00,22.77855469529993,22.907663345336914,22.77855469529993,22.907663345336914,6300,0.0,0.0
2025-02-14 00:00:00-05:00,22.89844268657876,22.916887283325195,22.89844268657876,22.916887283325195,1200,0.0,0.0
2025-02-18 00:00:00-05:00,22.870775296537747,22.91688678740599,22.68633460998535,22.68633460998535,8600,0.0,0.0
2025-02-19 00:00:00-05:00,22.69555706161675,22.935331538832287,22.69555706161675,22.741666793823242,14100,0.0,0.0
2025-02-20 00:00:00-05:00,22.695558756665545,22.70478105559033,22.501893997192383,22.501893997192383,25400,0.0,0.0
2025-02-21 00:00:00-05:00,22.400451243900797,22.436416976847504,22.317452316193886,22.409671783447266,5800,0.0,0.0
2025-02-24 00:00:00-05:00,22.36356117268265,22.45578239529254,21.88401222229004,21.88401222229004,19200,0.0,0.0
2025-02-25 00:00:00-05:00,21.884012183990308,22.291629670597406,20.768140493386756,22.13300895690918,170400,0.0,0.0
2025-02-26 00:00:00-05:00,21.948564777569477,22.31744963821303,21.90245504947572,22.188339233398438,11800,0.0,0.0
2025-02-27 00:00:00-05:00,22.188340975920784,22.234452466609202,21.127801315716386,21.798246383666992,18200,0.0,0.0
2025-02-28 00:00:00-05:00,21.810236020757646,22.133009426691608,21.376798552715414,21.56123924255371,81000,0.0,0.0
2025-03-03 00:00:00-05:00,21.561238796815434,22.0647660736113,21.55201825764166,21.785335540771484,9400,0.0,0.0
2025-03-04 00:00:00-05:00,21.671904112163343,22.262117108091175,21.671904112163343,21.902456283569336,12100,0.0,0.0
2025-03-05 00:00:00-05:00,21.90245968291658,21.90245968291658,21.671907475727984,21.85634994506836,7400,0.0,0.0
2025-03-06 00:00:00-05:00,21.85634994506836,21.90245968291658,21.81023844824639,21.85634994506836,12100,0.0,0.0
2025-03-07 00:00:00-05:00,21.902457878275907,21.902457878275907,21.736460021341617,21.82591438293457,9600,0.0,0.0
2025-03-10 00:00:00-04:00,21.828679659078357,21.902456283569336,21.708793303895572,21.902456283569336,6700,0.0,0.0
2025-03-11 00:00:00-04:00,21.941190908484415,21.941190908484415,21.83790397644043,21.83790397644043,5100,0.0,0.0
2025-03-12 00:00:00-04:00,21.671904091539805,21.810235042457066,21.671904091539805,21.7696590423584,4100,0.0,0.0
2025-03-13 00:00:00-04:00,21.837903359872573,22.133009876794056,21.727237536540226,22.040788650512695,18700,0.0,0.0
2025-03-14 00:00:00-04:00,21.901534047353547,22.04078669710774,21.79178993590794,21.920900344848633,11200,0.0,0.0
2025-03-17 00:00:00-04:00,22.15059656402605,22.44242286682129,21.802286360921737,22.44242286682129,15500,0.484,0.0
2025-03-18 00:00:00-04:00,22.216491343494788,22.35769749488205,22.075285192107522,22.35581398010254,19100,0.0,0.0
2025-03-19 00:00:00-04:00,22.291804048892445,22.301218032836914,22.11294194501521,22.301218032836914,14900,0.0,0.0
2025-03-20 00:00:00-04:00,22.461251093263485,22.461251093263485,22.12235486962607,22.189191818237305,12700,0.0,0.0
2025-03-21 00:00:00-04:00,22.131768752875654,22.338871002197266,22.129885237971948,22.338871002197266,2400,0.0,0.0
2025-03-24 00:00:00-04:00,22.122353979570935,22.57421439588515,22.122353979570935,22.14118194580078,11500,0.0,0.0
2025-03-25 00:00:00-04:00,22.131767962685856,22.263560135227415,22.075285859530002,22.14118194580078,5700,0.0,0.0
2025-03-26 00:00:00-04:00,22.244732219213915,22.310630101167142,22.12235402951102,22.169422149658203,3300,0.0,0.0
2025-03-27 00:00:00-04:00,22.263560604559043,22.263560604559043,22.075286324892673,22.190134048461914,7000,0.0,0.0
2025-03-28 00:00:00-04:00,22.5648021416625,22.5648021416625,22.216493717391717,22.308748245239258,5100,0.0,0.0
2025-03-31 00:00:00-04:00,22.461251038010378,23.22376574378507,22.169422937025477,22.95076560974121,80500,0.0,0.0
2025-04-01 00:00:00-04:00,22.809559778672057,22.809559778672057,22.423595428466797,22.423595428466797,6300,0.0,0.0
2025-04-02 00:00:00-04:00,22.380292748332675,22.762491867754633,22.380292748332675,22.480077743530273,4800,0.0,0.0
2025-04-03 00:00:00-04:00,22.48007738441539,22.48007738441539,22.018802963971545,22.075286865234375,5400,0.0,0.0
2025-04-04 00:00:00-04:00,22.061164247087902,22.061164247087902,21.416321658152313,21.905838012695312,10400,0.0,0.0
2025-04-07 00:00:00-04:00,21.651665740026306,21.849354000144285,21.416321547199935,21.585769653320312,8300,0.0,0.0
2025-04-08 00:00:00-04:00,21.679908433392402,21.887010683793132,21.679908433392402,21.755218505859375,2600,0.0,0.0
2025-04-09 00:00:00-04:00,21.74580514462244,22.404767848681416,21.651667102461495,22.056459426879883,9100,0.0,0.0
2025-04-10 00:00:00-04:00,21.896425087027975,22.08469937403757,21.74957017357224,21.868183135986328,4400,0.0,0.0
2025-04-11 00:00:00-04:00,21.839942612903776,22.225906959641378,21.839942612903776,21.915252685546875,7300,0.0,0.0
2025-04-14 00:00:00-04:00,21.999976840949046,22.272975182186553,21.510460468793926,22.103527069091797,4900,0.0,0.0
2025-04-15 00:00:00-04:00,22.225906096139948,22.272974216388075,21.85876793517653,21.877595901489258,12700,0.0,0.0
2025-04-16 00:00:00-04:00,22.13176908086657,22.13176908086657,21.81170082092285,21.81170082092285,900,0.0,0.0
2025-04-17 00:00:00-04:00,22.14118161262456,22.14118161262456,21.764631271362305,21.764631271362305,600,0.0,0.0
2025-04-21 00:00:00-04:00,22.00939089174829,22.164718940409287,21.882306591705195,21.94349479675293,4300,0.0,0.0
2025-04-22 00:00:00-04:00,22.10352752608531,22.26356165892422,22.042339324951172,22.042339324951172,3300,0.0,0.0
2025-04-23 00:00:00-04:00,22.131768223515074,22.31063031373919,21.896424029469443,21.905838012695312,2500,0.0,0.0
2025-04-24 00:00:00-04:00,21.90584036907693,22.30121872942525,21.90584036907693,22.1788387298584,1800,0.0,0.0
2025-04-25 00:00:00-04:00,22.423597299728986,22.423597299728986,22.26356315612793,22.26356315612793,1300,0.0,0.0
2025-04-28 00:00:00-04:00,22.122355196665,22.54597548247423,22.122355196665,22.13176918029785,2300,0.0,0.0
2025-04-29 00:00:00-04:00,22.310630741822543,22.310630741822543,22.018802642822266,22.018802642822266,3300,0.0,0.0
2025-04-30 00:00:00-04:00,22.12235402951102,22.21649206533908,22.12235402951102,22.169422149658203,2500,0.0,0.0
2025-05-01 00:00:00-04:00,22.301215750514412,22.357697852866966,22.108233588237326,22.21649169921875,15400,0.0,0.0
2025-05-02 00:00:00-04:00,22.263560720409064,22.31063063722088,21.952906451586006,22.28238868713379,7900,0.0,0.0
2025-05-05 00:00:00-04:00,22.536562660967785,22.70601078402928,22.414182662963867,22.414182662963867,2200,0.0,0.0
2025-05-06 00:00:00-04:00,22.593043768544792,22.593043768544792,21.999977159655362,22.160011291503906,6700,0.0,0.0
2025-05-07 00:00:00-04:00,22.178837143530735,22.545975320438064,22.178837143530735,22.235321044921875,1000,0.0,0.0
2025-05-08 00:00:00-04:00,22.461252376714132,22.593044562088814,22.35770034790039,22.35770034790039,10200,0.0,0.0
2025-05-09 00:00:00-04:00,22.593044562088814,22.593044562088814,22.35770034790039,22.35770034790039,3600,0.0,0.0
2025-05-12 00:00:00-04:00,22.545977010587926,22.59304513640855,22.480079120691588,22.4989070892334,5600,0.0,0.0
2025-05-13 00:00:00-04:00,22.545974408138783,22.545974408138783,22.489490509033203,22.489490509033203,2100,0.0,0.0
2025-05-14 00:00:00-04:00,22.41418245655613,22.41418245655613,22.33887237983719,22.35770034790039,2900,0.0,0.0
2025-05-15 00:00:00-04:00,22.36711453465824,22.404768675592063,22.2164943798552,22.30404281616211,2000,0.0,0.0
2025-05-16 00:00:00-04:00,22.40006078586273,22.40006078586273,22.078109018791345,22.28238868713379,3000,0.0,0.0
2025-05-19 00:00:00-04:00,22.26356093314388,22.470664978027344,22.16942289415446,22.470664978027344,11200,0.0,0.0
2025-05-20 00:00:00-04:00,22.27297676874786,22.310632705688477,22.178838721930212,22.310632705688477,1800,0.0,0.0
2025-05-21 00:00:00-04:00,22.30121872145332,22.461252862383148,22.30121872145332,22.310632705688477,2100,0.0,0.0
2025-05-22 00:00:00-04:00,22.310632705688477,22.310632705688477,22.310632705688477,22.310632705688477,0,0.0,0.0
2025-05-23 00:00:00-04:00,22.404766455908533,22.489490509033203,22.20519468078977,22.489490509033203,2900,0.0,0.0
2025-05-27 00:00:00-04:00,22.454661224774963,22.489490988211777,22.357698811891424,22.44242286682129,2000,0.0,0.0
2025-05-28 00:00:00-04:00,22.244734292747513,22.451838349981102,22.19766616821289,22.19766616821289,5500,0.0,0.0
2025-05-29 00:00:00-04:00,22.357698972133296,22.470664978027344,22.357698972133296,22.470664978027344,1400,0.0,0.0
2025-05-30 00:00:00-04:00,22.442424484600473,22.442424484600473,21.934080118376883,22.065874099731445,27700,0.0,0.0
2025-06-02 00:00:00-04:00,22.35770034790039,22.35770034790039,22.35770034790039,22.35770034790039,4600,0.0,0.0
2025-06-03 00:00:00-04:00,22.44995466987831,22.46125216882521,22.21649397287053,22.301218032836914,3800,0.0,0.0
2025-06-04 00:00:00-04:00,22.451837539744506,22.451837539744506,22.320043563842773,22.320043563842773,3100,0.0,0.0
2025-06-05 00:00:00-04:00,22.461251893085713,22.583630091793786,22.35769986650162,22.404767990112305,6400,0.0,0.0
2025-06-06 00:00:00-04:00,22.40476798788469,22.536561965942383,22.40476798788469,22.536561965942383,3400,0.0,0.0
2025-06-09 00:00:00-04:00,22.593042976636863,22.68718101481293,22.404766900284727,22.410415649414062,13600,0.0,0.0
2025-06-10 00:00:00-04:00,22.40476833242455,22.5459762964817,22.357700208094734,22.475372314453125,6600,0.0,0.0
2025-06-11 00:00:00-04:00,22.442425136939494,22.56103810762587,22.414183183928202,22.527149200439453,2100,0.0,0.0
2025-06-12 00:00:00-04:00,22.583628118444093,22.583628118444093,22.37652587890625,22.37652587890625,3900,0.0,0.0
2025-06-13 00:00:00-04:00,22.52714851163714,22.545976479735643,22.376528357916865,22.51773452758789,3500,0.0,0.0
2025-06-16 00:00:00-04:00,22.387062362617456,22.435104370117188,22.387062362617456,22.435104370117188,1400,0.484,0.0
2025-06-17 00:00:00-04:00,22.300587521808296,22.608050857347532,22.300587521808296,22.310195922851562,11300,0.0,0.0
2025-06-18 00:00:00-04:00,22.387060165405273,22.598441312427354,22.387060165405273,22.387060165405273,4000,0.0,0.0
2025-06-20 00:00:00-04:00,22.473533388277026,22.58883235952568,22.401473134784727,22.459121704101562,3800,0.0,0.0
2025-06-23 00:00:00-04:00,22.531185150146484,22.579225322040962,22.404357190425372,22.531185150146484,10900,0.0,0.0
2025-06-24 00:00:00-04:00,22.579225587158913,22.598442389188374,22.502360211656168,22.5119686126709,4200,0.0,0.0
2025-06-25 00:00:00-04:00,22.3486284047805,22.49947644509318,22.3486284047805,22.487947463989258,3800,0.0,0.0
2025-06-26 00:00:00-04:00,22.4447118970888,22.4447118970888,21.964302836501215,22.041168212890625,10200,0.0,0.0
2025-06-27 00:00:00-04:00,22.262156281048558,22.281373083593284,21.647233260538663,21.820178985595703,11600,0.0,0.0
2025-06-30 00:00:00-04:00,21.897044829606322,22.44471083965567,21.16682287200218,21.262903213500977,131900,0.0,0.0
2025-07-01 00:00:00-04:00,21.522325204576944,21.666447553931825,21.31863186876262,21.60879898071289,16000,0.0,0.0
2025-07-02 00:00:00-04:00,21.426242963250967,21.92586881662453,21.426242963250967,21.810571670532227,12400,0.0,0.0
2025-07-03 00:00:00-04:00,21.858611842634836,21.945085618511612,21.75292126487098,21.810571670532227,5300,0.0,0.0
2025-07-07 00:00:00-04:00,21.791355085886686,21.927791448460972,21.647232735526984,21.858612060546875,7200,0.0,0.0
2025-07-08 00:00:00-04:00,21.820177620250508,21.87206261735165,21.51271612923422,21.578052520751953,9200,0.0,0.0
2025-07-09 00:00:00-04:00,21.993125494867765,21.993125494867765,21.762529373168945,21.762529373168945,6300,0.0,0.0
2025-07-10 00:00:00-04:00,21.88743803617213,21.99312678610476,21.849004430658322,21.93547821044922,7600,0.0,0.0
2025-07-11 00:00:00-04:00,21.973911040403706,22.012342811945906,21.810571887965345,21.858612060546875,14500,0.0,0.0
2025-07-14 00:00:00-04:00,21.90665088136381,22.012341453659605,21.858610711746632,21.887435913085938,9600,0.0,0.0
2025-07-15 00:00:00-04:00,21.887437150955503,22.310195798818288,21.887437150955503,22.127641677856445,20000,0.0,0.0
2025-07-16 00:00:00-04:00,22.271763448163913,22.31019521850856,21.860533792616362,22.222761154174805,10100,0.0,0.0
2025-07-17 00:00:00-04:00,22.269841427996138,22.406277788726882,22.242938638495573,22.396669387817383,17800,0.0,0.0
2025-07-18 00:00:00-04:00,22.521576410616166,22.550399780273438,22.348628862212298,22.550399780273438,3400,0.0,0.0
2025-07-21 00:00:00-04:00,22.550400654252478,23.021201313923537,22.3582381295012,22.9443359375,10300,0.0,0.0
2025-07-22 00:00:00-04:00,22.77138900756836,22.867469348541828,22.752172206327653,22.77138900756836,5000,0.0,0.0
2025-07-23 00:00:00-04:00,22.819429178055092,22.915511351643595,22.77138900756836,22.77138900756836,9600,0.0,0.0
2025-07-24 00:00:00-04:00,22.627266243576965,22.76178202804517,22.531185896604867,22.54079246520996,8800,0.0,0.0
2025-07-25 00:00:00-04:00,22.540792443202193,22.675308227539062,22.540792443202193,22.675308227539062,14000,0.0,0.0
2025-07-28 00:00:00-04:00,22.74256424236494,22.9539435622261,22.694524070955833,22.867469787597656,6300,0.0,0.0
2025-07-29 00:00:00-04:00,22.780996616339984,22.95394417017751,22.62726586462109,22.919355392456055,6600,0.0,0.0
2025-07-30 00:00:00-04:00,22.953944338629835,23.021201313923537,22.862667276819113,22.9443359375,10500,0.0,0.0
2025-07-31 00:00:00-04:00,23.01159380019129,23.751422330648182,22.852097646694702,23.338272094726562,45000,0.0,0.0
2025-08-01 00:00:00-04:00,23.117283953689643,23.328665117531795,23.107675552368164,23.107675552368164,4500,0.0,0.0
2025-08-04 00:00:00-04:00,23.328664583014252,23.395921558108395,23.11920583728168,23.146108627319336,9400,0.0,0.0
2025-08-05 00:00:00-04:00,23.422823471027918,23.422823471027918,23.107674157597348,23.20375633239746,3300,0.0,0.0
2025-08-06 00:00:00-04:00,23.22777702231716,23.39592129074614,23.165325164794922,23.165325164794922,5300,0.0,0.0
2025-08-07 00:00:00-04:00,23.357488172355286,23.357488172355286,23.194149017333984,23.194149017333984,7900,0.0,0.0
2025-08-08 00:00:00-04:00,23.36709490525553,23.434351876177473,23.222972562906367,23.309446334838867,4400,0.0,0.0
2025-08-11 00:00:00-04:00,23.404567381704787,23.511218249458448,23.370938894810845,23.43435287475586,5500,0.0,0.0
2025-08-12 00:00:00-04:00,23.38438993570171,23.712990644597877,23.38438993570171,23.588083267211914,6700,0.0,0.0
2025-08-13 00:00:00-04:00,23.684166246475332,23.8667222020607,23.660146160043997,23.732208251953125,10400,0.0,0.0
2025-08-14 00:00:00-04:00,23.54004497294678,23.809074718093363,23.54004497294678,23.72260093688965,2800,0.0,0.0
2025-08-15 00:00:00-04:00,23.722599871359108,23.78024844536716,23.597692489624023,23.597692489624023,4300,0.0,0.0
2025-08-18 00:00:00-04:00,23.60729998485087,23.60729998485087,23.338272094726562,23.338272094726562,12100,0.0,0.0
2025-08-19 00:00:00-04:00,23.3526828638658,23.48239351978196,23.304640862073715,23.372859954833984,3800,0.0,0.0
2025-08-20 00:00:00-04:00,23.276780503241234,23.443962657256268,23.276780503241234,23.29215431213379,1300,0.0,0.0
2025-08-21 00:00:00-04:00,23.443961415827204,23.443961415827204,23.088459742933072,23.232582092285156,5800,0.0,0.0
2025-08-22 00:00:00-04:00,23.367096424137024,23.367096424137024,22.905904165595796,22.9443359375,22600,0.0,0.0
2025-08-25 00:00:00-04:00,22.944334556307233,23.040416729206523,22.454318956489374,22.521575927734375,27600,0.0,0.0
2025-08-26 00:00:00-04:00,22.675307498445004,22.723347670339482,22.425494572840527,22.531185150146484,84800,0.0,0.0
2025-08-27 00:00:00-04:00,22.706053694872363,22.761781688071327,22.483143554691615,22.49083137512207,23400,0.0,0.0
2025-08-28 00:00:00-04:00,22.62726617128282,22.62726617128282,22.002734754883818,22.29098129272461,27900,0.0,0.0
2025-08-29 00:00:00-04:00,22.31019638218718,22.37745519087482,21.973911501824734,22.02195167541504,50400,0.0,0.0
2025-09-02 00:00:00-04:00,22.021950107317622,22.425493767632933,22.021950107317622,22.387060165405273,16900,0.0,0.0
2025-09-03 00:00:00-04:00,22.56961718614418,22.61765919121784,22.425494836153423,22.5119686126709,7000,0.0,0.0
2025-09-04 00:00:00-04:00,22.511969335445492,22.6657000913867,22.502360934122272,22.656091690063477,6200,0.0,0.0
2025-09-05 00:00:00-04:00,22.641677792564895,22.81942861814244,22.62053857867279,22.742563247680664,3100,0.0,0.0
2025-09-08 00:00:00-04:00,22.80982290341574,22.912630783759155,22.771391129967338,22.81943130493164,6500,0.0,0.0
2025-09-09 00:00:00-04:00,22.762742704731775,22.90590476989746,22.67530863454328,22.90590476989746,5600,0.0,0.0
2025-09-10 00:00:00-04:00,22.833841810141173,23.040417850512817,22.81654742135294,22.963552474975586,10200,0.0,0.0
2025-09-11 00:00:00-04:00,23.040418575732996,23.251799739575148,23.01159520438373,23.107675552368164,8000,0.0,0.0
2025-09-12 00:00:00-04:00,23.251799521752524,23.386313473762737,22.84921612344533,23.059635162353516,4600,0.0,0.0
2025-09-15 00:00:00-04:00,23.436182344528856,23.455794661792662,23.142005066905835,23.437162399291992,7900,0.484,0.0
2025-09-16 00:00:00-04:00,23.455795459155052,24.014733427839587,23.455795459155052,23.877450942993164,19400,0.0,0.0
2025-09-17 00:00:00-04:00,23.92648034831218,24.014733910439446,23.78821780589078,23.867645263671875,6400,0.0,0.0
2025-09-18 00:00:00-04:00,23.779391885822474,24.01473409654109,23.63230323791504,23.63230323791504,21100,0.0,0.0
2025-09-19 00:00:00-04:00,23.85783921760472,23.85783921760472,23.834304809570312,23.834304809570312,1100,0.0,0.0
2025-09-22 00:00:00-04:00,24.01473378839728,24.14221198652599,23.916674067606028,24.024539947509766,8300,0.0,0.0
2025-09-23 00:00:00-04:00,24.06376458395971,24.06376458395971,23.85293683887528,24.024539947509766,5300,0.0,0.0
2025-09-24 00:00:00-04:00,24.024539947509766,24.024539947509766,24.024539947509766,24.024539947509766,0,0.0,0.0
2025-09-25 00:00:00-04:00,24.240269353081633,24.240269353081633,24.034345626831055,24.034345626831055,1700,0.0,0.0
2025-09-26 00:00:00-04:00,24.147112583634144,24.18143320316187,24.147112583634144,24.171627044677734,2900,0.0,0.0
2025-09-29 00:00:00-04:00,24.210852569850772,24.44619477113281,24.210852569850772,24.26968765258789,4100,0.0,0.0
2025-09-30 00:00:00-04:00,24.406970146577304,24.446194781975155,24.1324051801266,24.2304630279541,11800,0.0,0.0
2025-10-01 00:00:00-04:00,24.318717057166662,24.328523216205607,24.2598819732666,24.2598819732666,4500,0.0,0.0
2025-10-02 00:00:00-04:00,24.35303737512365,24.35303737512365,24.034345626831055,24.034345626831055,4400,0.0,0.0
2025-10-03 00:00:00-04:00,24.17162858166072,24.17162858166072,24.0147337766052,24.063764572143555,4900,0.0,0.0
2025-10-06 00:00:00-04:00,24.220657893013335,24.25988065670693,24.09317970275879,24.09317970275879,1400,0.0,0.0
2025-10-07 00:00:00-04:00,24.17162775584381,24.17162775584381,23.848031997680664,23.848031997680664,6100,0.0,0.0
2025-10-08 00:00:00-04:00,23.700943472663376,23.789197031715236,23.516592175636593,23.691137313842773,8300,0.0,0.0
2025-10-09 00:00:00-04:00,23.56366110661247,23.794099293871113,23.500902063916328,23.534242630004883,7000,0.0,0.0
2025-10-10 00:00:00-04:00,23.544048434620397,23.66171859861311,23.32831855374473,23.347929000854492,13600,0.0,0.0
2025-10-13 00:00:00-04:00,23.377347305964086,23.6519141371606,23.377347305964086,23.583271026611328,5400,0.0,0.0
2025-10-14 00:00:00-04:00,23.55189303778196,23.720555978299338,23.41657066345215,23.41657066345215,1800,0.0,0.0
2025-10-15 00:00:00-04:00,23.504824561020346,23.642108917236328,23.27928851411825,23.642108917236328,3600,0.0,0.0
2025-10-16 00:00:00-04:00,23.730362872254148,23.730362872254148,23.092975616455078,23.092975616455078,10800,0.0,0.0
2025-10-17 00:00:00-04:00,23.28909354345608,23.455794498369947,23.132198747105793,23.24006462097168,10400,0.0,0.0
2025-10-20 00:00:00-04:00,23.308706236301433,23.377347477019438,23.308706236301433,23.347929000854492,1900,0.0,0.0
2025-10-21 00:00:00-04:00,23.357735511026476,23.638186417751513,23.357735511026476,23.534242630004883,5300,0.0,0.0
2025-10-22 00:00:00-04:00,23.436183377815727,23.69113790248544,23.436183377815727,23.563661575317383,3300,0.0,0.0
2025-10-23 00:00:00-04:00,23.583271131060084,23.59307728975341,23.465600967407227,23.465600967407227,2800,0.0,0.0
2025-10-24 00:00:00-04:00,23.597981246841456,23.69113694870107,23.544048309326172,23.544048309326172,3500,0.0,0.0
2025-10-27 00:00:00-04:00,23.700943107370534,23.730361583378922,23.53424215065671,23.544048309326172,5100,0.0,0.0
2025-10-28 00:00:00-04:00,23.583271026611328,23.73036153602624,23.56366057964506,23.583271026611328,2200,0.0,0.0
2025-10-29 00:00:00-04:00,23.602884413606493,23.66073944302943,23.44598960876465,23.44598960876465,5600,0.0,0.0
2025-10-30 00:00:00-04:00,23.66171949783878,23.681331816027413,23.43618344967033,23.44598960876465,3000,0.0,0.0
2025-10-31 00:00:00-04:00,23.357735275444497,23.426376516503005,22.76545675212031,23.1910343170166,27300,0.0,0.0
2025-11-03 00:00:00-05:00,23.06355781264849,23.490115428973777,23.06355781264849,23.465600967407227,8500,0.0,0.0
2025-11-04 00:00:00-05:00,23.38715342413583,23.534242062962644,23.18122783351148,23.313608169555664,2700,0.0,0.0
2025-11-05 00:00:00-05:00,23.51463031226649,23.6813312723757,23.51463031226649,23.534242630004883,10000,0.0,0.0
2025-11-06 00:00:00-05:00,23.465600863479622,23.583271026611328,23.436182387529936,23.583271026611328,15400,0.0,0.0
2025-11-07 00:00:00-05:00,23.53424351586554,23.759779567345845,23.53424351586554,23.63230323791504,3100,0.0,0.0
2025-11-10 00:00:00-05:00,23.642108868778447,23.90686768096131,23.642108868778447,23.681331634521484,3200,0.0,0.0
2025-11-11 00:00:00-05:00,23.6421079785107,23.710749218726452,23.583271026611328,23.583271026611328,5600,0.0,0.0
2025-11-12 00:00:00-05:00,23.602884772524686,23.70094449462539,23.59307861328125,23.59307861328125,2600,0.0,0.0
2025-11-13 00:00:00-05:00,23.666622958352843,23.671525102618403,23.544048778044615,23.573467254638672,12900,0.0,0.0
2025-11-14 00:00:00-05:00,23.583272454037818,23.632303250254985,23.534243528154285,23.59307861328125,6600,0.0,0.0
2025-11-17 00:00:00-05:00,23.696041917184367,23.730362538742444,23.485214173136978,23.563661575317383,19700,0.0,0.0
2025-11-18 00:00:00-05:00,23.681332176138522,24.053958746054466,23.534243528154285,23.59307861328125,7400,0.0,0.0
2025-11-19 00:00:00-05:00,23.612690981246345,23.710750703552524,23.54404973673211,23.553855895996094,6400,0.0,0.0
2025-11-20 00:00:00-05:00,23.5832725034544,23.681332225760578,23.53424357746813,23.553855895996094,4100,0.0,0.0
2025-11-21 00:00:00-05:00,23.642108437717255,23.89706295656602,23.642108437717255,23.651914596557617,2500,0.0,0.0
2025-11-24 00:00:00-05:00,23.779391283094697,23.975510722222726,23.779391283094697,23.79900360107422,3400,0.0,0.0
2025-11-25 00:00:00-05:00,23.91667329704279,24.024539173471236,23.55385477323838,23.76958465576172,11900,0.0,0.0
2025-11-26 00:00:00-05:00,23.995120156393057,24.12259834754209,23.81861491303314,23.857837677001953,7900,0.0,0.0
2025-11-28 00:00:00-05:00,23.857837677001953,23.857837677001953,23.857837677001953,23.857837677001953,0,0.0,0.0
2025-12-01 00:00:00-05:00,23.975511144123782,23.975511144123782,23.867645263671875,23.867645263671875,4000,0.0,0.0
2025-12-02 00:00:00-05:00,23.9951215429033,24.024540020329926,23.77939165277554,23.90686798095703,5700,0.0,0.0
2025-12-03 00:00:00-05:00,24.044152338614346,24.053958497756554,23.869605324350083,23.90686798095703,5100,0.0,0.0
2025-12-04 00:00:00-05:00,23.892158129203693,24.171627100479476,23.8745077920249,24.09317970275879,12200,0.0,0.0
2025-12-05 00:00:00-05:00,24.122599010578313,24.348135053015238,24.122599010578313,24.26968765258789,6500,0.0,0.0
2025-12-08 00:00:00-05:00,24.348136015940973,24.416777260237847,24.250076293945312,24.250076293945312,7200,0.0,0.0
2025-12-09 00:00:00-05:00,24.397164398940422,24.4903219744137,24.338329315185547,24.338329315185547,8200,0.0,0.0
2025-12-10 00:00:00-05:00,24.357940673828125,24.485416995331708,24.357940673828125,24.357940673828125,2000,0.0,0.0
2025-12-11 00:00:00-05:00,24.367748138537465,24.603090347235174,24.367748138537465,24.524642944335938,6300,0.0,0.0
2025-12-12 00:00:00-05:00,24.612896084849652,24.612896084849652,24.27949416065459,24.45600128173828,5400,0.0,0.0
2025-12-15 00:00:00-05:00,24.75,24.75,24.510000228881836,24.649999618530273,6200,0.484,0.0
2025-12-16 00:00:00-05:00,24.700000762939453,24.84000015258789,24.68600082397461,24.75,11600,0.0,0.0
2025-12-17 00:00:00-05:00,24.770000457763672,24.81999969482422,24.6200008392334,24.6200008392334,12900,0.0,0.0
2025-12-18 00:00:00-05:00,24.739999771118164,24.809999465942383,24.700000762939453,24.729999542236328,4500,0.0,0.0
2025-12-19 00:00:00-05:00,24.7810001373291,24.899999618530273,24.700000762939453,24.780000686645508,5000,0.0,0.0
2025-12-22 00:00:00-05:00,24.8799991607666,24.90999984741211,24.809999465942383,24.809999465942383,2700,0.0,0.0
2025-12-23 00:00:00-05:00,24.75,25.049999237060547,24.75,24.940000534057617,5600,0.0,0.0
2025-12-24 00:00:00-05:00,25.040000915527344,25.086000442504883,24.986000061035156,25.010000228881836,3600,0.0,0.0
2025-12-26 00:00:00-05:00,24.969999313354492,25.06999969482422,24.915000915527344,24.969999313354492,3200,0.0,0.0
2025-12-29 00:00:00-05:00,25.049999237060547,25.100000381469727,24.75,24.81999969482422,3300,0.0,0.0
2025-12-30 00:00:00-05:00,25.049999237060547,25.15999984741211,24.989999771118164,25.010000228881836,6300,0.0,0.0
2025-12-31 00:00:00-05:00,25.149999618530273,25.170000076293945,24.993999481201172,25.020000457763672,3500,0.0,0.0
2026-01-02 00:00:00-05:00,25.049999237060547,25.059999465942383,25.049999237060547,25.059999465942383,600,0.0,0.0
2026-01-05 00:00:00-05:00,25.010000228881836,25.079999923706055,24.989999771118164,25.0,15600,0.0,0.0
2026-01-06 00:00:00-05:00,25.020000457763672,25.149999618530273,25.0,25.09000015258789,5700,0.0,0.0
2026-01-07 00:00:00-05:00,25.09000015258789,25.219999313354492,25.09000015258789,25.100000381469727,2500,0.0,0.0
2026-01-08 00:00:00-05:00,25.25,25.260000228881836,25.15999984741211,25.15999984741211,2900,0.0,0.0
2026-01-09 00:00:00-05:00,25.31999969482422,25.31999969482422,25.18000030517578,25.18000030517578,12600,0.0,0.0
2026-01-12 00:00:00-05:00,25.149999618530273,25.280000686645508,25.149999618530273,25.149999618530273,2900,0.0,0.0
2026-01-13 00:00:00-05:00,25.190000534057617,25.229999542236328,25.15999984741211,25.170000076293945,1700,0.0,0.0
2026-01-14 00:00:00-05:00,25.170000076293945,25.239999771118164,25.079999923706055,25.110000610351562,2800,0.0,0.0
2026-01-15 00:00:00-05:00,25.150999069213867,25.309999465942383,25.1299991607666,25.1299991607666,3600,0.0,0.0
2026-01-16 00:00:00-05:00,25.232999801635742,25.232999801635742,25.1200008392334,25.1200008392334,5100,0.0,0.0
2026-01-20 00:00:00-05:00,25.079999923706055,25.100000381469727,25.0,25.020000457763672,8900,0.0,0.0
2026-01-21 00:00:00-05:00,25.149999618530273,25.149999618530273,25.049999237060547,25.049999237060547,600,0.0,0.0
2026-01-22 00:00:00-05:00,25.139999389648438,25.25,25.1299991607666,25.200000762939453,4800,0.0,0.0
2026-01-23 00:00:00-05:00,25.1299991607666,25.200000762939453,25.1299991607666,25.200000762939453,1700,0.0,0.0
2026-01-26 00:00:00-05:00,25.209999084472656,25.309999465942383,25.209999084472656,25.280000686645508,1800,0.0,0.0
2026-01-27 00:00:00-05:00,25.389999389648438,25.389999389648438,25.229999542236328,25.229999542236328,4600,0.0,0.0
2026-01-28 00:00:00-05:00,25.309999465942383,25.350000381469727,25.309999465942383,25.309999465942383,3100,0.0,0.0
2026-01-29 00:00:00-05:00,25.360000610351562,25.520000457763672,25.360000610351562,25.450000762939453,7500,0.0,0.0
2026-01-30 00:00:00-05:00,25.5,25.600000381469727,25.5,25.510000228881836,3800,0.0,0.0
2026-02-02 00:00:00-05:00,25.510000228881836,25.510000228881836,25.5,25.510000228881836,1300,0.0,0.0
2026-02-03 00:00:00-05:00,25.510000228881836,25.530000686645508,25.459999084472656,25.459999084472656,1300,0.0,0.0
2026-02-04 00:00:00-05:00,25.399999618530273,25.399999618530273,25.299999237060547,25.299999237060547,4100,0.0,0.0
2026-02-05 00:00:00-05:00,25.350000381469727,25.350000381469727,25.25,25.25,1200,0.0,0.0
2026-02-06 00:00:00-05:00,25.33799934387207,25.360000610351562,25.33799934387207,25.350000381469727,900,0.0,0.0
2026-02-09 00:00:00-05:00,25.5,25.5,25.341999053955078,25.341999053955078,600,0.0,0.0
2026-02-10 00:00:00-05:00,25.530000686645508,25.59000015258789,25.420000076293945,25.420000076293945,2300,0.0,0.0
2026-02-11 00:00:00-05:00,25.479999542236328,25.479999542236328,25.450000762939453,25.450000762939453,700,0.0,0.0
2026-02-12 00:00:00-05:00,25.5,25.610000610351562,25.360000610351562,25.56999969482422,1900,0.0,0.0
2026-02-13 00:00:00-05:00,25.68000030517578,25.68000030517578,25.610000610351562,25.610000610351562,1000,0.0,0.0
2026-02-17 00:00:00-05:00,25.550100326538086,25.719999313354492,25.550100326538086,25.56999969482422,1467,0.0,0.0
