Date,Open,High,Low,Close,Volume,Dividends,Stock Splits
2022-01-03 00:00:00-05:00,24.655806146058932,26.052155069354743,24.655806146058932,25.67133331298828,264500,0.0,0.0
2022-01-04 00:00:00-05:00,25.563921351954026,26.23768449862473,25.095217364037055,25.38815689086914,172700,0.0,0.0
2022-01-05 00:00:00-05:00,25.38815413725726,25.886152768829895,24.274981821073656,24.421451568603516,204700,0.0,0.0
2022-01-06 00:00:00-05:00,24.411689527186155,25.261217142216438,24.382394829266453,24.460512161254883,139000,0.0,0.0
2022-01-07 00:00:00-05:00,24.587448969498446,25.144035079080002,24.372624953545053,24.470272064208984,119700,0.0,0.0
2022-01-10 00:00:00-05:00,24.02110049756635,24.343334693038294,23.68910140375115,23.962512969970703,189800,0.0,0.0
2022-01-11 00:00:00-05:00,23.962514482420858,24.78274550792248,23.845337557369746,24.577688217163086,153600,0.0,0.0
2022-01-12 00:00:00-05:00,25.02685817379054,25.02685817379054,24.13827300542986,24.470272064208984,102500,0.0,0.0
2022-01-13 00:00:00-05:00,24.421451924061575,24.636274099401213,23.63051378591699,23.8843936920166,292000,0.0,0.0
2022-01-14 00:00:00-05:00,23.73792487185729,24.860862146519956,23.435220462374865,24.646039962768555,230600,0.0,0.0
2022-01-18 00:00:00-05:00,24.704629854637336,26.003331704941086,24.606984583345337,25.0659236907959,329200,0.0,0.0
2022-01-19 00:00:00-05:00,26.00332449789272,26.00332449789272,24.665565282336647,25.358856201171875,154900,0.0,0.0
2022-01-20 00:00:00-05:00,25.50533489013155,26.657565109863942,25.45651039196651,25.583452224731445,294900,0.0,0.0
2022-01-21 00:00:00-05:00,25.476037644029983,25.485802542686656,23.825807020332114,24.128511428833008,327900,0.0,0.0
2022-01-24 00:00:00-05:00,23.620753124754593,23.913692676626248,21.83381738842331,23.786752700805664,580200,0.0,0.0
2022-01-25 00:00:00-05:00,23.034866626615887,24.70462502371966,22.71263245195742,24.50933265686035,219500,0.0,0.0
2022-01-26 00:00:00-05:00,24.87062850990801,25.671333487331285,24.421454318575435,24.665571212768555,314900,0.0,0.0
2022-01-27 00:00:00-05:00,25.144038149242164,26.491562481057215,24.67533419578162,26.26697540283203,422400,0.0,0.0
2022-01-28 00:00:00-05:00,26.462272104493387,27.81956146081043,26.071685440351516,27.800031661987305,451100,0.0,0.0
2022-01-31 00:00:00-05:00,27.614499394310293,27.614499394310293,26.70638439288059,27.399675369262695,406200,0.0,0.0
2022-02-01 00:00:00-05:00,27.43873533263476,29.284258191260868,27.43873533263476,29.030376434326172,645300,0.0,0.0
2022-02-02 00:00:00-05:00,29.16708546380178,30.016611158035087,28.84485125866777,29.294025421142578,481400,0.0,0.0
2022-02-03 00:00:00-05:00,29.294026247934077,29.626025361074454,28.571440490647387,29.098731994628906,449500,0.0,0.0
2022-02-04 00:00:00-05:00,29.294026214239086,29.821319580078125,28.89367467164161,29.821319580078125,323600,0.0,0.0
2022-02-07 00:00:00-05:00,30.221671542883303,30.651315925691897,29.713907967785087,29.72367286682129,299100,0.0,0.0
2022-02-08 00:00:00-05:00,29.811697730480592,30.290953809350846,28.569543191995166,28.862966537475586,261000,0.05,0.0
2022-02-09 00:00:00-05:00,29.107482489838638,29.831257026621156,29.107482489838638,29.811695098876953,195900,0.0,0.0
2022-02-10 00:00:00-05:00,30.564814850443035,32.100390850044775,30.349639225486087,31.513547897338867,721900,0.0,0.0
2022-02-11 00:00:00-05:00,31.78740528128099,32.247101259286744,30.43766397016974,30.662620544433594,545700,0.0,0.0
2022-02-14 00:00:00-05:00,30.320296552209587,31.239686711947083,30.017094109035405,30.398542404174805,257500,0.0,0.0
2022-02-15 00:00:00-05:00,30.525693217156768,31.77763066180954,30.525693217156768,31.034292221069336,310700,0.0,0.0
2022-02-16 00:00:00-05:00,31.053855731921765,31.865659105742335,30.985390836666653,31.07341766357422,523800,0.0,0.0
2022-02-17 00:00:00-05:00,31.29836796819747,31.72871918457995,29.938845706547887,30.47678565979004,542100,0.0,0.0
2022-02-18 00:00:00-05:00,30.80933615407254,31.181003515416148,29.596524415045476,29.684551239013672,388000,0.0,0.0
2022-02-22 00:00:00-05:00,29.449810984719683,30.83867624534566,29.097703720876176,30.6430606842041,345600,0.0,0.0
2022-02-23 00:00:00-05:00,31.210341548551202,31.679816626206488,30.584374778344152,30.65283966064453,511100,0.0,0.0
2022-02-24 00:00:00-05:00,29.039020181364823,30.398542566074234,28.28590268623342,30.37898063659668,333500,0.0,0.0
2022-02-25 00:00:00-05:00,30.71152103293275,33.499032106904885,30.54524839018977,32.93174743652344,848400,0.0,0.0
2022-02-28 00:00:00-05:00,32.618768330582334,33.645749075971864,32.051487317288114,32.66767501831055,407900,0.0,0.0
2022-03-01 00:00:00-05:00,32.83394376601501,33.24473678471919,30.74086601034686,30.926700592041016,407400,0.0,0.0
2022-03-02 00:00:00-05:00,31.37661796292723,32.21775852921189,31.014727870592516,31.533109664916992,206900,0.0,0.0
2022-03-03 00:00:00-05:00,31.630916105895345,32.462277586977834,30.965825428606735,31.464641571044922,297000,0.0,0.0
2022-03-04 00:00:00-05:00,30.95604115202608,31.171218621968123,29.948626144672243,30.760427474975586,296000,0.0,0.0
2022-03-07 00:00:00-05:00,30.574595641199974,32.061266809270286,30.574595641199974,30.877798080444336,497400,0.0,0.0
2022-03-08 00:00:00-05:00,31.337496372975934,32.36447347481073,30.62350083224705,32.12973403930664,292300,0.0,0.0
2022-03-09 00:00:00-05:00,32.472059041982604,34.036976021645415,32.01236304686948,34.01741409301758,738700,0.0,0.0
2022-03-10 00:00:00-05:00,34.15434076589806,36.345228069854905,34.0369729358281,34.59447479248047,802300,0.0,0.0
2022-03-11 00:00:00-05:00,34.84878553521856,35.77795679128112,34.59448414839366,35.6899299621582,415900,0.0,0.0
2022-03-14 00:00:00-04:00,35.66058430661359,35.69970816992472,32.139518691865725,32.56986999511719,888500,0.0,0.0
2022-03-15 00:00:00-04:00,32.08082642119117,32.26666286887831,30.10511836100006,30.47678565979004,659100,0.0,0.0
2022-03-16 00:00:00-04:00,31.25924735632414,32.04170589050776,30.242051261885436,30.985387802124023,718600,0.0,0.0
2022-03-17 00:00:00-04:00,31.425526058235697,32.27644959373826,31.141883636049144,31.806974411010742,329800,0.0,0.0
2022-03-18 00:00:00-04:00,32.1101745427028,32.266666249698346,31.40595999569454,32.0612678527832,184800,0.0,0.0
2022-03-21 00:00:00-04:00,32.11995363447312,33.25451944268724,31.79718739015163,33.14693069458008,270000,0.0,0.0
2022-03-22 00:00:00-04:00,33.049129981847855,33.70443794198758,32.09061765938631,32.99044418334961,238100,0.0,0.0
2022-03-23 00:00:00-04:00,33.05890202564545,34.08587902826404,32.59920976090662,33.36210632324219,213000,0.0,0.0
2022-03-24 00:00:00-04:00,33.25452052474117,33.25452052474117,32.32534935210323,32.599212646484375,145400,0.0,0.0
2022-03-25 00:00:00-04:00,32.34490926836199,32.69701653131423,31.787407345706423,32.60898971557617,172700,0.0,0.0
2022-03-28 00:00:00-04:00,32.716583496258764,34.08588516943517,32.716583496258764,33.33277130126953,242800,0.0,0.0
2022-03-29 00:00:00-04:00,33.42078651737289,34.23258972167969,32.00258221374825,34.23258972167969,318000,0.0,0.0
2022-03-30 00:00:00-04:00,34.007630310696605,35.19109884677019,34.007630310696605,34.56513214111328,274000,0.0,0.0
2022-03-31 00:00:00-04:00,34.49666846037461,35.47474240459485,34.242367145485986,34.42820358276367,208000,0.0,0.0
2022-04-01 00:00:00-04:00,34.760745156790165,35.55298257903509,34.02718977704895,34.63359451293945,162400,0.0,0.0
2022-04-04 00:00:00-04:00,34.88790371050345,35.210669976192506,32.65789580594945,33.117591857910156,356400,0.0,0.0
2022-04-05 00:00:00-04:00,32.92197406948407,33.04912474722907,31.0538526870042,31.415739059448242,470000,0.0,0.0
2022-04-06 00:00:00-04:00,31.15165679024308,31.90477234076814,30.202923831010814,30.52568817138672,321600,0.0,0.0
2022-04-07 00:00:00-04:00,30.57459347536024,31.64069241947526,30.57459347536024,31.347270965576172,278400,0.0,0.0
2022-04-08 00:00:00-04:00,31.396178616409816,32.03192830418272,31.308151793965212,31.679821014404297,186900,0.0,0.0
2022-04-11 00:00:00-04:00,30.995168308354778,31.07341416061533,29.51827621459961,29.51827621459961,417000,0.0,0.0
2022-04-12 00:00:00-04:00,29.968187171737913,30.339856341502486,29.50849305705871,29.987749099731445,171100,0.0,0.0
2022-04-13 00:00:00-04:00,30.251834488315737,31.09297887459149,30.017096910512176,30.936485290527344,132000,0.0,0.0
2022-04-14 00:00:00-04:00,31.288591786908377,32.49162440737483,31.18100303360341,32.11017608642578,230700,0.0,0.0
2022-04-18 00:00:00-04:00,32.12973645484931,32.716583222200825,31.562455350572243,32.28622817993164,179600,0.0,0.0
2022-04-19 00:00:00-04:00,32.227542546415215,32.91219516698595,32.227542546415215,32.697017669677734,173800,0.0,0.0
2022-04-20 00:00:00-04:00,32.67745256852665,33.02955980956619,31.591789819006806,32.61876678466797,289900,0.0,0.0
2022-04-21 00:00:00-04:00,32.79481991069915,33.10780329111366,30.86801480906722,30.926700592041016,260200,0.0,0.0
2022-04-22 00:00:00-04:00,30.956043492189487,31.611353184180214,29.74323188689123,30.056215286254883,200700,0.0,0.0
2022-04-25 00:00:00-04:00,29.175951503072852,29.342224181388524,27.004627585240314,28.041385650634766,449400,0.0,0.0
2022-04-26 00:00:00-04:00,27.679498653790464,28.853188420496622,27.679498653790464,28.325027465820312,250700,0.0,0.0
2022-04-27 00:00:00-04:00,29.03901743154743,29.91928365387056,28.569540496184075,29.61608123779297,288900,0.0,0.0
2022-04-28 00:00:00-04:00,29.430248099491813,29.870382164998944,28.647789611399347,29.449810028076172,270900,0.0,0.0
2022-04-29 00:00:00-04:00,29.440031186316265,29.762795569115713,28.5597648573658,28.774940490722656,178200,0.0,0.0
2022-05-02 00:00:00-04:00,29.273755344203348,29.56717680025457,28.657567674756418,29.352001190185547,285200,0.0,0.0
2022-05-03 00:00:00-04:00,29.70410817064978,31.024506576885624,29.479149733077,30.47678565979004,270900,0.0,0.0
2022-05-04 00:00:00-04:00,31.05385453102027,32.30578825990747,30.124683334274444,32.07105255126953,319500,0.0,0.0
2022-05-05 00:00:00-04:00,32.0319258086913,32.71657840424867,30.82889514970998,31.96346092224121,146700,0.0,0.0
2022-05-06 00:00:00-04:00,31.875296147396988,31.875296147396988,30.807561768573787,31.5030574798584,150900,0.05,0.0
2022-05-09 00:00:00-04:00,31.111233707548074,31.130825612814423,28.485978190238544,29.044334411621094,401300,0.0,0.0
2022-05-10 00:00:00-04:00,28.877808010705447,30.34716732850319,27.496610401446528,27.58477210998535,538700,0.0,0.0
2022-05-11 00:00:00-04:00,27.428040120053403,28.789645799557942,26.771726228159505,27.457427978515625,485500,0.0,0.0
2022-05-12 00:00:00-04:00,27.163553188255758,27.23212298504292,25.66480800594533,26.55621910095215,335500,0.0,0.0
2022-05-13 00:00:00-04:00,26.889273779733678,27.69252316700493,26.71295037894012,27.349672317504883,389700,0.0,0.0
2022-05-16 00:00:00-04:00,27.38885589196293,28.133331479526994,26.997027127031036,27.839460372924805,302900,0.0,0.0
2022-05-17 00:00:00-04:00,28.388019305246054,29.16188271433504,28.103944164710555,28.172513961791992,139200,0.0,0.0
2022-05-18 00:00:00-04:00,28.143130965501566,28.691693173663822,26.889278760301355,27.21253776550293,212500,0.0,0.0
2022-05-19 00:00:00-04:00,27.232124077109354,28.897398644665163,27.202738087814605,28.427204132080078,371400,0.0,0.0
2022-05-20 00:00:00-04:00,28.5349551533565,29.37738836843508,27.48681254485837,28.290061950683594,267900,0.0,0.0
2022-05-23 00:00:00-04:00,28.505567182513122,29.710441207463468,28.21169423870958,29.69084930419922,343300,0.0,0.0
2022-05-24 00:00:00-04:00,29.38718416427512,29.661465222427623,28.476181156240695,28.985559463500977,191600,0.0,0.0
2022-05-25 00:00:00-04:00,29.083516531098713,29.75942040800523,28.446794594059746,29.35779571533203,145600,0.0,0.0
2022-05-26 00:00:00-04:00,29.387183571175218,30.8467467976705,28.84841928639173,30.562671661376953,300800,0.0,0.0
2022-05-27 00:00:00-04:00,30.366753973058668,30.464711617616835,29.308815522281122,29.837783813476562,160600,0.0,0.0
2022-05-31 00:00:00-04:00,29.994517647656764,30.347162557989996,29.15208450666436,29.259838104248047,210600,0.0,0.0
2022-06-01 00:00:00-04:00,29.416570876725125,30.84674622025893,29.396978972964906,30.533283233642578,251200,0.0,0.0
2022-06-02 00:00:00-04:00,30.63124069268567,31.591221550297384,30.268797948933162,30.523487091064453,191500,0.0,0.0
2022-06-03 00:00:00-04:00,30.52348438716706,30.699807767514397,29.808396783213162,30.582258224487305,64100,0.0,0.0
2022-06-06 00:00:00-04:00,30.96429832564255,31.10143792648971,30.023907419926065,30.161048889160156,75500,0.0,0.0
2022-06-07 00:00:00-04:00,29.82799174767916,30.317778135205014,29.62228049335717,30.04349708557129,98300,0.0,0.0
2022-06-08 00:00:00-04:00,29.485139515287738,29.583097161860795,28.11373806842506,28.46638298034668,230100,0.0,0.0
2022-06-09 00:00:00-04:00,28.16271967649522,28.250881383214335,27.437835985550127,27.555383682250977,218000,0.0,0.0
2022-06-10 00:00:00-04:00,27.42803784483705,27.986394030593633,26.84029380305604,27.036209106445312,171800,0.0,0.0
2022-06-13 00:00:00-04:00,26.017455304848895,26.232962535336434,25.067270278930664,25.067270278930664,332900,0.0,0.0
2022-06-14 00:00:00-04:00,25.282774626199767,26.49744473074931,24.675440508118463,24.812580108642578,439400,0.0,0.0
2022-06-15 00:00:00-04:00,25.16522620916337,26.164389063215637,25.15543025678022,25.78235626220703,209300,0.0,0.0
2022-06-16 00:00:00-04:00,24.979111027813758,25.468897518555202,23.901580374505137,24.792991638183594,687800,0.0,0.0
2022-06-17 00:00:00-04:00,24.489320361133156,25.01829057775933,23.362811998198406,23.460769653320312,658500,0.0,0.0
2022-06-21 00:00:00-04:00,23.881986086041877,24.73421531707699,23.705664536394924,24.156267166137695,321900,0.0,0.0
2022-06-22 00:00:00-04:00,23.715457500301156,23.80361920515176,22.775068473077233,22.78486442565918,332600,0.0,0.0
2022-06-23 00:00:00-04:00,22.83384402430807,23.019963400481615,21.57999189443253,22.167734146118164,329400,0.0,0.0
2022-06-24 00:00:00-04:00,22.490992016321865,22.745681184666733,21.92283983105623,22.108959197998047,277200,0.0,0.0
2022-06-27 00:00:00-04:00,22.393034601328157,24.391362123512703,22.36364674497735,24.136672973632812,321300,0.0,0.0
2022-06-28 00:00:00-04:00,24.41095454945294,24.41095454945294,23.01016512936955,23.157100677490234,177100,0.0,0.0
2022-06-29 00:00:00-04:00,23.95055575596019,23.95055575596019,22.490990636817713,22.53997039794922,89100,0.0,0.0
2022-06-30 00:00:00-04:00,22.27548510479961,22.74567959736843,21.775902755800182,22.530174255371094,173200,0.0,0.0
2022-07-01 00:00:00-04:00,22.618335037494205,22.618335037494205,21.40366504683925,22.4811954498291,192200,0.0,0.0
2022-07-05 00:00:00-04:00,22.226506190853872,22.226506190853872,20.90408260644922,21.47223472595215,306100,0.0,0.0
2022-07-06 00:00:00-04:00,21.53101129776848,21.766108563056285,19.307380427889193,20.1008358001709,587100,0.0,0.0
2022-07-07 00:00:00-04:00,20.717963107369446,21.579988166116188,20.717963107369446,20.96285629272461,226700,0.0,0.0
2022-07-08 00:00:00-04:00,21.060814555010555,21.24693390445895,20.62980201306204,20.894287109375,91200,0.0,0.0
2022-07-11 00:00:00-04:00,20.571028327527394,20.992244920794842,20.375113024672412,20.60041618347168,101600,0.0,0.0
2022-07-12 00:00:00-04:00,20.32613409953287,20.51225344094193,19.895121576201728,19.944101333618164,130300,0.0,0.0
2022-07-13 00:00:00-04:00,19.738391664538657,20.35552357853138,19.728595712273567,20.130220413208008,158000,0.0,0.0
2022-07-14 00:00:00-04:00,19.787371089691746,20.120425987499058,19.307378778791286,20.11063003540039,101200,0.0,0.0
2022-07-15 00:00:00-04:00,20.33593044896462,21.256729354158804,20.257564703951505,21.168567657470703,109200,0.0,0.0
2022-07-18 00:00:00-04:00,21.501623875904404,22.01100031592337,21.31550451929711,21.54080581665039,164600,0.0,0.0
2022-07-19 00:00:00-04:00,21.648558235319367,22.598743134002973,21.648558235319367,22.4811954498291,154100,0.0,0.0
2022-07-20 00:00:00-04:00,22.559561650011158,22.765271035654116,21.991409516023776,22.706497192382812,88000,0.0,0.0
2022-07-21 00:00:00-04:00,23.25505687592761,23.25505687592761,22.41262371249561,22.980775833129883,98200,0.0,0.0
2022-07-22 00:00:00-04:00,23.127710735582333,23.157096719151284,22.11875023908221,22.549762725830078,95500,0.0,0.0
2022-07-25 00:00:00-04:00,22.843638251008596,23.519544031423905,22.530175242232485,23.490156173706055,202400,0.0,0.0
2022-07-26 00:00:00-04:00,23.754644256478464,23.793828071665498,22.8632330132321,23.137514114379883,59200,0.0,0.0
2022-07-27 00:00:00-04:00,23.225671901013644,24.371772236123313,23.225671901013644,24.34238624572754,175100,0.0,0.0
2022-07-28 00:00:00-04:00,26.614994143824134,28.76025918707936,26.595402238606646,28.133331298828125,699400,0.0,0.0
2022-07-29 00:00:00-04:00,28.672093976404597,29.17167628804782,28.4467926991106,29.054126739501953,402900,0.0,0.0
2022-08-01 00:00:00-04:00,29.15208403834272,30.072882907770833,28.40760855544198,29.837783813476562,325800,0.0,0.0
2022-08-02 00:00:00-04:00,29.592894608072385,30.161048649086982,28.848420893639084,29.847583770751953,213500,0.0,0.0
2022-08-03 00:00:00-04:00,29.876971068690928,29.92594896243239,28.505569491674294,29.112903594970703,193500,0.0,0.0
2022-08-04 00:00:00-04:00,29.328412196992293,29.328412196992293,27.447632215316922,27.46722412109375,227100,0.0,0.0
2022-08-05 00:00:00-04:00,27.21253550699412,28.525163326661705,26.39949008451826,28.103946685791016,147600,0.0,0.0
2022-08-08 00:00:00-04:00,28.20207037212195,28.820279648356976,28.005814914758155,28.506267547607422,165600,0.05,0.0
2022-08-09 00:00:00-04:00,28.67308343135638,29.016532793940772,28.4179496726265,28.938030242919922,95900,0.0,0.0
2022-08-10 00:00:00-04:00,29.438487810449164,29.62493209064363,28.81046733608715,28.908594131469727,179400,0.0,0.0
2022-08-11 00:00:00-04:00,29.27167039210532,29.929130045009174,28.9184079303514,29.909503936767578,279400,0.0,0.0
2022-08-12 00:00:00-04:00,29.92913203059682,30.184265839717796,29.27167233407513,29.762313842773438,195900,0.0,0.0
2022-08-15 00:00:00-04:00,28.4670196896446,29.330547895048518,28.19225977937352,28.378704071044922,267700,0.0,0.0
2022-08-16 00:00:00-04:00,28.427767930197266,28.71234089952957,28.084320376380752,28.17263412475586,160600,0.0,0.0
2022-08-17 00:00:00-04:00,28.00581637372537,28.025440610330055,27.201162780174872,27.36798095703125,290400,0.0,0.0
2022-08-18 00:00:00-04:00,27.289479249776537,28.408143123798503,27.289479249776537,28.074506759643555,208700,0.0,0.0
2022-08-19 00:00:00-04:00,27.70161555607263,27.927310171744544,26.896963885138952,26.926403045654297,194000,0.0,0.0
2022-08-22 00:00:00-04:00,26.769398753318388,27.230601052302614,26.268944239110663,27.034343719482422,147200,0.0,0.0
2022-08-23 00:00:00-04:00,27.004905702223343,27.47592104232468,26.249317424363756,26.259130477905273,237300,0.0,0.0
2022-08-24 00:00:00-04:00,26.259134724224893,27.063786528262344,25.896059171070757,26.877342224121094,139500,0.0,0.0
2022-08-25 00:00:00-04:00,26.995097353621677,27.191352843711382,26.151193318454094,26.96565818786621,151700,0.0,0.0
2022-08-26 00:00:00-04:00,26.789027846881535,27.063787788321743,25.974562949795146,26.24932289123535,125000,0.0,0.0
2022-08-29 00:00:00-04:00,26.013810234273627,27.25022692858823,26.013810234273627,26.651643753051758,149700,0.0,0.0
2022-08-30 00:00:00-04:00,26.396509425613115,26.484825035642206,25.375976190991544,25.660547256469727,143800,0.0,0.0
2022-08-31 00:00:00-04:00,25.670362493698697,26.435763888511964,25.58204687615683,25.89605712890625,80800,0.0,0.0
2022-09-01 00:00:00-04:00,25.62129691403934,26.278756526673376,25.562418592920892,25.660547256469727,104600,0.0,0.0
2022-09-02 00:00:00-04:00,26.062873092536226,26.062873092536226,25.179718863893875,25.660547256469727,77900,0.0,0.0
2022-09-06 00:00:00-04:00,25.807740760935488,25.984371990883197,25.042341260026994,25.268035888671875,126600,0.0,0.0
2022-09-07 00:00:00-04:00,24.983463262580077,24.993276316777674,24.640015723907688,24.757768630981445,116800,0.0,0.0
2022-09-08 00:00:00-04:00,24.70870344571286,25.415226452034517,24.571324440173573,25.209157943725586,93300,0.0,0.0
2022-09-09 00:00:00-04:00,25.591859370158737,25.896056561893023,25.228783853586563,25.797929763793945,175200,0.0,0.0
2022-09-12 00:00:00-04:00,26.053062850859213,26.92640599188817,26.013812504192636,26.592769622802734,98200,0.0,0.0
2022-09-13 00:00:00-04:00,26.04324778139963,27.289475580552665,26.04324778139963,26.661455154418945,164000,0.0,0.0
2022-09-14 00:00:00-04:00,26.720333830221243,27.456296030352078,26.543702602726054,27.12265968322754,127800,0.0,0.0
2022-09-15 00:00:00-04:00,26.847902841809923,27.063784422893352,26.60258209763154,26.720335006713867,78000,0.0,0.0
2022-09-16 00:00:00-04:00,26.337635267708485,26.337635267708485,25.425041799104665,25.523170471191406,300600,0.0,0.0
2022-09-19 00:00:00-04:00,25.375980299039227,25.807743493913325,24.934402177407893,25.74886703491211,209200,0.0,0.0
2022-09-20 00:00:00-04:00,26.01381193727367,27.0343452597984,26.01381193727367,26.720335006713867,230500,0.0,0.0
2022-09-21 00:00:00-04:00,26.98528521528868,26.98528521528868,26.170820318202292,26.24932289123535,146300,0.0,0.0
2022-09-22 00:00:00-04:00,26.20025471634875,26.396510177387203,25.375976913700793,25.464292526245117,227900,0.0,0.0
2022-09-23 00:00:00-04:00,24.983463316060394,25.268036273453784,23.217154732983307,24.011993408203125,522900,0.0,0.0
2022-09-26 00:00:00-04:00,23.6489197196321,24.57132622645657,23.001273115509242,23.187715530395508,444200,0.0,0.0
2022-09-27 00:00:00-04:00,23.580231586254417,24.267128575571515,23.462476800619267,24.139562606811523,192300,0.0,0.0
2022-09-28 00:00:00-04:00,24.08068558614101,24.561514028902458,23.76667345568057,24.492822647094727,154500,0.0,0.0
2022-09-29 00:00:00-04:00,24.21806748756663,24.21806748756663,23.43303987549772,23.854991912841797,247600,0.0,0.0
2022-09-30 00:00:00-04:00,23.580231499533944,24.541888404030512,23.580231499533944,24.061059951782227,199800,0.0,0.0
2022-10-03 00:00:00-04:00,24.267127286545097,25.10121818151292,24.149374378813594,24.4633846282959,153000,0.0,0.0
2022-10-04 00:00:00-04:00,25.05215734187027,25.385793733950248,24.84608692480962,25.01290512084961,154800,0.0,0.0
2022-10-05 00:00:00-04:00,24.600764897664195,24.97365349165545,23.943305202452184,24.738143920898438,264800,0.0,0.0
2022-10-06 00:00:00-04:00,24.551700082984752,25.14047023270512,24.30637934323866,24.532073974609375,71300,0.0,0.0
2022-10-07 00:00:00-04:00,24.453568439625663,24.84608120116691,24.149371283387257,24.26712417602539,200500,0.0,0.0
2022-10-10 00:00:00-04:00,24.522262759016602,24.757770462232564,23.59004500107619,23.629295349121094,148700,0.0,0.0
2022-10-11 00:00:00-04:00,23.560609964575857,24.159193318246892,22.98165272419057,23.717615127563477,161200,0.0,0.0
2022-10-12 00:00:00-04:00,23.639102188772092,24.335812060315234,22.79519840372695,24.129743576049805,67500,0.0,0.0
2022-10-13 00:00:00-04:00,23.697983264015118,24.806834064160338,23.29565739752667,24.68907928466797,118000,0.0,0.0
2022-10-14 00:00:00-04:00,24.610577952416474,25.199348136011366,24.32600685119571,24.738143920898438,113200,0.0,0.0
2022-10-17 00:00:00-04:00,25.13065492335458,25.73904925520581,25.032526261932222,25.415225982666016,143400,0.0,0.0
2022-10-18 00:00:00-04:00,25.7488649431863,26.494640225997408,25.366165183293933,25.591859817504883,242800,0.0,0.0
2022-10-19 00:00:00-04:00,25.57223326187944,25.86661927112278,25.15028129211808,25.797929763793945,173200,0.0,0.0
2022-10-20 00:00:00-04:00,25.64092382135859,25.856807277992015,24.855898174460997,25.091405868530273,99300,0.0,0.0
2022-10-21 00:00:00-04:00,24.96383801237681,25.493729815994136,24.345628724566524,25.464292526245117,221100,0.0,0.0
2022-10-24 00:00:00-04:00,25.572234216911998,25.984373147925645,24.97365286522818,25.611486434936523,98700,0.0,0.0
2022-10-25 00:00:00-04:00,25.65073663827263,26.524079767960437,24.944213562610017,26.504453659057617,322200,0.0,0.0
2022-10-26 00:00:00-04:00,26.24931869944153,26.484826380932137,25.513356492915133,25.562419891357422,176900,0.0,0.0
2022-10-27 00:00:00-04:00,25.98437119680286,26.33763364590261,24.54188598239328,24.6400146484375,237300,0.0,0.0
2022-10-28 00:00:00-04:00,24.600763759921247,24.767581939697266,23.835364241130232,24.767581939697266,242900,0.0,0.0
2022-10-31 00:00:00-04:00,24.110118817239368,24.95402264939295,23.796108611316672,24.25731086730957,278900,0.0,0.0
2022-11-01 00:00:00-04:00,24.738144219733016,25.179722330675613,24.443760060203843,24.97365379333496,294400,0.0,0.0
2022-11-02 00:00:00-04:00,24.895150024792226,25.20916027891161,24.119935572242344,24.17881202697754,187400,0.0,0.0
2022-11-03 00:00:00-04:00,24.041429874457958,24.689076407058415,23.727419661275736,24.50263214111328,140300,0.0,0.0
2022-11-04 00:00:00-04:00,25.307290535576364,26.229695246886187,25.11103317864086,25.73905372619629,230700,0.0,0.0
2022-11-07 00:00:00-05:00,25.7587134639163,26.977827886414165,25.532585934770392,26.702543258666992,155300,0.05,0.0
2022-11-08 00:00:00-05:00,26.909010120426494,27.125304003072525,26.446925092413487,26.7517032623291,107900,0.0,0.0
2022-11-09 00:00:00-05:00,26.800860603635485,27.23345021771441,26.240461401990824,26.46658706665039,196700,0.0,0.0
2022-11-10 00:00:00-05:00,26.53540914923796,27.282608749012486,25.14915782768438,25.97500991821289,339300,0.0,0.0
2022-11-11 00:00:00-05:00,26.623893521475853,27.764355578692935,26.496083926797777,27.135135650634766,276900,0.0,0.0
2022-11-14 00:00:00-05:00,27.135137796752424,27.292442791208217,25.778379875541905,25.817707061767578,153800,0.0,0.0
2022-11-15 00:00:00-05:00,26.181472412190043,26.28962029187479,25.70955746029477,26.01433563232422,144800,0.0,0.0
2022-11-16 00:00:00-05:00,25.562082352778976,25.571914147941442,25.08033564115723,25.43427276611328,193000,0.0,0.0
2022-11-17 00:00:00-05:00,25.2081488276613,25.70955920121166,24.932866024693347,25.463769912719727,103800,0.0,0.0
2022-11-18 00:00:00-05:00,25.463769635072456,25.463769635072456,24.736233574095923,25.1688232421875,131600,0.0,0.0
2022-11-21 00:00:00-05:00,24.864044241700128,25.719389878296504,24.677243865514505,25.67023277282715,98300,0.0,0.0
2022-11-22 00:00:00-05:00,25.581747864011128,25.709557460273913,24.9230325404491,25.080337524414062,247400,0.0,0.0
2022-11-23 00:00:00-05:00,25.080335647099826,25.237640619290193,24.372463272243184,24.952524185180664,197600,0.0,0.0
2022-11-25 00:00:00-05:00,24.87387381541657,25.42444314014984,24.87387381541657,25.149158477783203,60400,0.0,0.0
2022-11-28 00:00:00-05:00,24.95252924991893,24.95252924991893,24.34297282776238,24.618257522583008,130600,0.0,0.0
2022-11-29 00:00:00-05:00,24.539603696229918,25.247478105882756,24.500278381928986,24.628087997436523,75900,0.0,0.0
2022-11-30 00:00:00-05:00,24.85421169743416,25.15898986766157,24.352801360801333,25.109832763671875,193200,0.0,0.0
2022-12-01 00:00:00-05:00,24.628082246390242,24.98201936856675,24.3036405094695,24.75589370727539,174200,0.0,0.0
2022-12-02 00:00:00-05:00,24.736226921319677,25.286794248401495,24.392121638684944,25.247468948364258,104400,0.0,0.0
2022-12-05 00:00:00-05:00,25.404778260806008,25.807872500316904,25.208146101190483,25.385114669799805,208400,0.0,0.0
2022-12-06 00:00:00-05:00,25.149156930244978,25.41460978027582,24.18566348408476,24.254484176635742,251100,0.0,0.0
2022-12-07 00:00:00-05:00,24.13650757999842,24.185666563238584,23.42863509835124,23.694087982177734,202600,0.0,0.0
2022-12-08 00:00:00-05:00,23.71375202560482,24.215160537607897,23.71375202560482,23.95954132080078,125700,0.0,0.0
2022-12-09 00:00:00-05:00,23.821892942725746,24.588756054717653,23.733408665371943,24.32330322265625,136100,0.0,0.0
2022-12-12 00:00:00-05:00,24.156167190641085,24.598588590742747,24.156167190641085,24.303640365600586,117700,0.0,0.0
2022-12-13 00:00:00-05:00,24.77555962208951,24.77555962208951,23.556443170254862,23.861223220825195,237900,0.0,0.0
2022-12-14 00:00:00-05:00,23.890716215587872,24.02835948148848,23.11402310005029,23.369644165039062,200700,0.0,0.0
2022-12-15 00:00:00-05:00,23.29099291403075,23.81206499232395,22.86823504847131,23.48762321472168,186300,0.0,0.0
2022-12-16 00:00:00-05:00,23.182841560780968,24.008693575687005,23.182841560780968,23.910377502441406,288500,0.0,0.0
2022-12-19 00:00:00-05:00,23.664590537982793,23.910379807177,23.20250738697807,23.369644165039062,130300,0.0,0.0
2022-12-20 00:00:00-05:00,23.251664957975084,24.215158462524414,23.251664957975084,24.215158462524414,182600,0.0,0.0
2022-12-21 00:00:00-05:00,24.215157258056262,25.640735727210686,24.146336564757803,25.385114669799805,360200,0.0,0.0
2022-12-22 00:00:00-05:00,25.09016949952819,25.670232335250997,24.775559529351078,25.630905151367188,221900,0.0,0.0
2022-12-23 00:00:00-05:00,25.483434304718887,26.083160787511208,25.17865610249713,25.896360397338867,88900,0.0,0.0
2022-12-27 00:00:00-05:00,25.87669246818664,25.994672135693154,25.562082521800193,25.75871467590332,97500,0.0,0.0
2022-12-28 00:00:00-05:00,25.51292577432144,25.758715032743716,24.82471510064978,24.864042282104492,67100,0.0,0.0
2022-12-29 00:00:00-05:00,24.77555846007886,25.51292624906664,24.736231277892347,25.483430862426758,123700,0.0,0.0
2022-12-30 00:00:00-05:00,24.962357348003405,25.56208375935196,24.77555885530737,25.522756576538086,123000,0.0,0.0
2023-01-03 00:00:00-05:00,25.5227549716936,25.768544223155473,24.69690481198703,24.75589370727539,78500,0.0,0.0
2023-01-04 00:00:00-05:00,24.57892868305358,24.66741297633045,23.969370426615537,24.107013702392578,90900,0.0,0.0
2023-01-05 00:00:00-05:00,23.920210745917913,24.411789266693226,23.654757894645662,24.352800369262695,77800,0.0,0.0
2023-01-06 00:00:00-05:00,24.569092971412665,25.001682572362835,24.401956207992587,24.588756561279297,97400,0.0,0.0
2023-01-09 00:00:00-05:00,24.98202311492038,25.453938098442915,24.578928832091947,24.657581329345703,69900,0.0,0.0
2023-01-10 00:00:00-05:00,24.746063964682683,25.13932642459509,24.382295017249128,25.080337524414062,73200,0.0,0.0
2023-01-11 00:00:00-05:00,25.158989007530487,25.335957576200528,24.47077832386327,24.677242279052734,82500,0.0,0.0
2023-01-12 00:00:00-05:00,24.991854656367153,25.2966328457114,24.77556075993308,25.1688232421875,60400,0.0,0.0
2023-01-13 00:00:00-05:00,24.962359290845587,25.778379645512157,24.91320218372559,25.394948959350586,148100,0.0,0.0
2023-01-17 00:00:00-05:00,25.50309511914924,26.24046292738228,25.493263323346,25.945514678955078,131100,0.0,0.0
2023-01-18 00:00:00-05:00,26.04383226400612,26.692715822661775,25.326128005981445,25.326128005981445,212400,0.0,0.0
2023-01-19 00:00:00-05:00,25.296632031493626,25.670232784027885,25.070506345878528,25.316295623779297,76000,0.0,0.0
2023-01-20 00:00:00-05:00,25.542421340942383,25.837369599921626,25.070506376843642,25.542421340942383,96500,0.0,0.0
2023-01-23 00:00:00-05:00,25.670230318275376,25.709555623845958,25.13932462889861,25.178651809692383,70000,0.0,0.0
2023-01-24 00:00:00-05:00,25.139326458523236,25.85703068323491,24.775559385822067,25.660400390625,157000,0.0,0.0
2023-01-25 00:00:00-05:00,25.660398391517877,25.945512949918193,25.03117662860585,25.916019439697266,132200,0.0,0.0
2023-01-26 00:00:00-05:00,25.97501101516456,26.12248420715332,25.483432458386446,26.12248420715332,165800,0.0,0.0
2023-01-27 00:00:00-05:00,26.004503279239156,26.73203923083132,26.004503279239156,26.71237564086914,150400,0.0,0.0
2023-01-30 00:00:00-05:00,26.712378881859845,27.223621031566104,26.161811422681076,26.348609924316406,125800,0.0,0.0
2023-01-31 00:00:00-05:00,26.289617254657788,26.83035471538726,26.171639467925505,26.702543258666992,59400,0.0,0.0
2023-02-01 00:00:00-05:00,26.98766440834804,27.223621898366112,26.761536839593546,27.007326126098633,240700,0.0,0.0
2023-02-02 00:00:00-05:00,27.11547220047583,27.13513579213601,25.758716254719516,26.171642303466797,137900,0.0,0.0
2023-02-03 00:00:00-05:00,26.01433337258648,26.46658656861859,25.94551268248279,26.201133728027344,67700,0.0,0.0
2023-02-06 00:00:00-05:00,26.36827260097645,26.938503632700815,25.955346552126162,26.7517032623291,112600,0.0,0.0
2023-02-07 00:00:00-05:00,26.68287886376904,27.085973060846797,26.555069286129555,26.977827072143555,71800,0.0,0.0
2023-02-08 00:00:00-05:00,26.928673001075992,27.25311477668329,26.820526992689153,27.12530517578125,121000,0.0,0.0
2023-02-09 00:00:00-05:00,27.3124436032441,27.627624770291348,26.84952149897194,27.0465087890625,239000,0.05,0.0
2023-02-10 00:00:00-05:00,26.967713204600003,27.32229295299361,26.455544753021133,27.07605743408203,81200,0.0,0.0
2023-02-13 00:00:00-05:00,27.292743389981474,27.381388325051752,26.603285079980072,27.32229232788086,176800,0.0,0.0
2023-02-14 00:00:00-05:00,27.282893109884984,27.59807423727202,26.898764467082795,27.381385803222656,123400,0.0,0.0
2023-02-15 00:00:00-05:00,27.69657144775545,27.7064192151252,26.89876702959789,27.686721801757812,96200,0.0,0.0
2023-02-16 00:00:00-05:00,27.440487857577484,27.913259620744093,27.2336490370496,27.716270446777344,100500,0.0,0.0
2023-02-17 00:00:00-05:00,27.745816961188925,28.366329611277365,26.839670221678873,28.326932907104492,211900,0.0,0.0
2023-02-21 00:00:00-05:00,26.672232026874685,27.135154138159063,25.175119582094442,25.342559814453125,537100,0.0,0.0
2023-02-22 00:00:00-05:00,25.175119582094442,25.86457980442502,25.175119582094442,25.342559814453125,200500,0.0,0.0
2023-02-23 00:00:00-05:00,25.509999771768364,26.22900704706254,25.509999771768364,26.110815048217773,221700,0.0,0.0
2023-02-24 00:00:00-05:00,25.91382525287245,26.987412256031867,25.805482902985656,26.544189453125,255200,0.0,0.0
2023-02-27 00:00:00-05:00,26.64268053505695,27.42078562224529,26.307800102422448,26.514638900756836,257900,0.0,0.0
2023-02-28 00:00:00-05:00,26.485092163085938,26.967713561097256,26.1108149959889,26.485092163085938,143700,0.0,0.0
2023-03-01 00:00:00-05:00,26.593436759308847,27.066208517492516,26.583587112851525,26.81997299194336,111100,0.0,0.0
2023-03-02 00:00:00-05:00,26.593434995083445,26.7017792202984,26.258554552262538,26.622983932495117,153900,0.0,0.0
2023-03-03 00:00:00-05:00,26.58358754820559,26.898768725489692,26.485092960647307,26.59343719482422,111800,0.0,0.0
2023-03-06 00:00:00-05:00,26.593435328974696,26.60328497490225,25.913824788996205,26.032018661499023,141400,0.0,0.0
2023-03-07 00:00:00-05:00,25.953222493854163,26.09111377491482,25.559246063232422,25.559246063232422,111100,0.0,0.0
2023-03-08 00:00:00-05:00,25.677437445964383,26.258553371876445,25.5592454588864,25.80548095703125,148900,0.0,0.0
2023-03-09 00:00:00-05:00,25.903975541734273,25.903975541734273,24.69249725341797,24.69249725341797,218600,0.0,0.0
2023-03-10 00:00:00-05:00,24.65309885450586,24.938731056671674,23.894693066151618,24.298519134521484,207900,0.0,0.0
2023-03-13 00:00:00-04:00,24.200027015349274,24.623552417510936,23.510568674835746,23.687856674194336,164700,0.0,0.0
2023-03-14 00:00:00-04:00,24.18032476729053,24.66294798888144,23.815897288082365,23.973487854003906,178500,0.0,0.0
2023-03-15 00:00:00-04:00,23.2052350461413,23.549965152353096,22.653668003379195,23.155988693237305,145300,0.0,0.0
2023-03-16 00:00:00-04:00,22.899901226874714,23.40222186631891,22.614267148540115,23.195383071899414,131400,0.0,0.0
2023-03-17 00:00:00-04:00,23.1658374741878,23.1658374741878,21.944509557237378,22.683216094970703,294000,0.0,0.0
2023-03-20 00:00:00-04:00,22.75216251289248,23.165838263258813,22.71276392779667,22.79155921936035,113700,0.0,0.0
2023-03-21 00:00:00-04:00,23.254482612982375,23.865145637500074,23.244632966957525,23.776500701904297,143100,0.0,0.0
2023-03-22 00:00:00-04:00,23.865145771619048,23.865145771619048,23.33327803368325,23.579513549804688,66500,0.0,0.0
2023-03-23 00:00:00-04:00,23.73710554452837,24.071986016702134,23.106741308221743,23.441621780395508,90400,0.0,0.0
2023-03-24 00:00:00-04:00,23.11659047108527,23.55981516869437,22.988548824347074,23.490869522094727,71800,0.0,0.0
2023-03-27 00:00:00-04:00,23.372676259080485,23.520417202633965,22.96885013667456,23.431774139404297,60800,0.0,0.0
2023-03-28 00:00:00-04:00,23.27417665621982,23.58935964749178,23.126435744496234,23.362821578979492,82300,0.0,0.0
2023-03-29 00:00:00-04:00,23.540115875772194,23.835599633720914,23.244633996451444,23.490869522094727,78200,0.0,0.0
2023-03-30 00:00:00-04:00,23.412076060362107,23.815902203714746,23.224936520219043,23.313581466674805,72800,0.0,0.0
2023-03-31 00:00:00-04:00,23.421924939543292,23.77650283511092,23.30373105526871,23.756805419921875,54200,0.0,0.0
2023-04-03 00:00:00-04:00,23.894695474499894,23.894695474499894,22.801409146774166,22.94915008544922,86500,0.0,0.0
2023-04-04 00:00:00-04:00,23.057493214033823,23.343127309950937,22.693065707979148,22.87035369873047,91500,0.0,0.0
2023-04-05 00:00:00-04:00,22.624118186510007,22.978697925268392,22.45667796305498,22.87035369873047,83400,0.0,0.0
2023-04-06 00:00:00-04:00,22.909750999950308,22.909750999950308,22.25968943436865,22.436979293823242,88300,0.0,0.0
2023-04-10 00:00:00-04:00,22.515774949129536,23.284028514586204,22.515774949129536,22.95899772644043,138100,0.0,0.0
2023-04-11 00:00:00-04:00,23.09688949603708,23.69770280851471,23.09688949603708,23.471166610717773,55100,0.0,0.0
2023-04-12 00:00:00-04:00,23.441620390484488,23.74695378318061,23.33327804082487,23.39237403869629,52700,0.0,0.0
2023-04-13 00:00:00-04:00,23.392374517374517,23.66815897746436,23.392374517374517,23.53026580810547,74700,0.0,0.0
2023-04-14 00:00:00-04:00,23.69770811469191,23.81590200184043,23.16584031909381,23.333280563354492,39900,0.0,0.0
2023-04-17 00:00:00-04:00,23.441621411064762,24.11138234485998,23.39237505713252,24.0325870513916,61200,0.0,0.0
2023-04-18 00:00:00-04:00,24.081834891102343,24.219726182765577,23.865146428628172,24.071985244750977,50200,0.0,0.0
2023-04-19 00:00:00-04:00,24.071983559182392,24.170478137171322,23.540113965218865,23.678007125854492,46200,0.0,0.0
2023-04-20 00:00:00-04:00,23.559812237312958,23.78634844184776,23.03779231159439,23.2150821685791,56800,0.0,0.0
2023-04-21 00:00:00-04:00,23.077195156720677,23.14614080748162,22.702916083121163,22.801410675048828,55400,0.0,0.0
2023-04-24 00:00:00-04:00,22.653668182557748,23.39237475372811,22.643818536173455,23.323429107666016,64300,0.0,0.0
2023-04-25 00:00:00-04:00,23.1461389216553,23.1461389216553,21.99375661083628,22.42713165283203,118400,0.0,0.0
2023-04-26 00:00:00-04:00,22.525624418554354,22.732461337290115,22.04300118424868,22.417280197143555,78300,0.0,0.0
2023-04-27 00:00:00-04:00,22.417281162376245,23.01809641079261,22.358185165711184,22.880203247070312,48600,0.0,0.0
2023-04-28 00:00:00-04:00,22.722615783179098,23.559817011579003,22.663519778417964,23.313581466674805,82500,0.0,0.0
2023-05-01 00:00:00-04:00,23.146137136405528,23.303727707044022,22.584720493677413,22.968847274780273,54800,0.0,0.0
2023-05-02 00:00:00-04:00,22.919604800443956,22.998400099083355,21.885414392345226,22.043004989624023,77500,0.0,0.0
2023-05-03 00:00:00-04:00,21.89526049261824,22.062700709931285,21.38309019511625,21.46188735961914,71800,0.0,0.0
2023-05-04 00:00:00-04:00,21.373243586015562,21.373243586015562,20.112517065090053,20.60498809814453,232300,0.0,0.0
2023-05-05 00:00:00-04:00,20.900469023836358,21.668724477056184,20.900469023836358,21.442188262939453,92600,0.0,0.0
2023-05-08 00:00:00-04:00,21.65937794118865,22.537993833558353,21.382958590768254,22.48863410949707,155200,0.05,0.0
2023-05-09 00:00:00-04:00,22.20233794333268,22.488629557202884,22.12336127104993,22.26156997680664,64600,0.0,0.0
2023-05-10 00:00:00-04:00,22.468887212990712,22.56760853416399,21.807456808968112,22.459014892578125,114300,0.0,0.0
2023-05-11 00:00:00-04:00,22.399784301574737,22.66632943814081,22.064132917651683,22.587352752685547,60500,0.0,0.0
2023-05-12 00:00:00-04:00,22.16285514841855,22.69594732622868,22.04438917393142,22.498506546020508,74100,0.0,0.0
2023-05-15 00:00:00-04:00,22.182598553818472,22.952622703008224,22.182598553818472,22.893390655517578,82500,0.0,0.0
2023-05-16 00:00:00-04:00,22.705818838372156,22.913131932644337,22.271446124672188,22.597225189208984,64500,0.0,0.0
2023-05-17 00:00:00-04:00,22.71569095176175,22.71569095176175,22.251703161952864,22.577482223510742,66100,0.0,0.0
2023-05-18 00:00:00-04:00,22.557738360838886,22.686074772512637,22.350423378347116,22.478761672973633,54300,0.0,0.0
2023-05-19 00:00:00-04:00,22.478757144129535,22.508372219266914,22.083873784361277,22.251699447631836,174900,0.0,0.0
2023-05-22 00:00:00-04:00,22.152978694628565,22.557734383949356,21.945663748686062,22.30105972290039,222400,0.0,0.0
2023-05-23 00:00:00-04:00,21.570525734073097,22.31093278295694,21.570525734073097,22.034513473510742,154900,0.0,0.0
2023-05-24 00:00:00-04:00,22.13323488181431,22.202339238724548,21.619885540548974,21.87656021118164,186600,0.0,0.0
2023-05-25 00:00:00-04:00,21.718605650827858,21.718605650827858,20.67216426942373,21.44218635559082,346800,0.0,0.0
2023-05-26 00:00:00-04:00,21.629757920497273,21.629757920497273,20.64254851515115,20.721525192260742,72100,0.0,0.0
2023-05-30 00:00:00-04:00,20.642549938959714,20.662294580337115,19.84291079270139,20.17856216430664,125700,0.0,0.0
2023-05-31 00:00:00-04:00,20.020611290351248,20.020611290351248,18.984040084489155,19.053144454956055,164700,0.0,0.0
2023-06-01 00:00:00-04:00,19.151865118508148,19.457899555378297,19.053143785757282,19.32956314086914,195300,0.0,0.0
2023-06-02 00:00:00-04:00,19.428282179532864,20.415491624566425,19.428282179532864,20.129199981689453,147500,0.0,0.0
2023-06-05 00:00:00-04:00,20.23779306261486,20.454978456643424,19.97124606793035,20.0798397064209,63800,0.0,0.0
2023-06-06 00:00:00-04:00,19.981115251908804,20.662290170426214,19.84290655766988,20.464847564697266,58000,0.0,0.0
2023-06-07 00:00:00-04:00,20.563571398904838,20.918967379784732,20.415490367855703,20.682037353515625,174500,0.0,0.0
2023-06-08 00:00:00-04:00,20.65242140999818,21.155898446692774,20.65242140999818,20.938711166381836,79700,0.0,0.0
2023-06-09 00:00:00-04:00,20.74127050569214,21.047304904058887,20.65242150569009,20.780757904052734,52400,0.0,0.0
2023-06-12 00:00:00-04:00,20.662293105247667,20.67216542523158,20.316769437620792,20.385873794555664,47800,0.0,0.0
2023-06-13 00:00:00-04:00,20.543827500209595,20.73139781721107,20.366129503361094,20.415491104125977,41100,0.0,0.0
2023-06-14 00:00:00-04:00,20.603061748351433,20.988072825669686,20.36612982682205,20.445106506347656,71000,0.0,0.0
2023-06-15 00:00:00-04:00,20.425364242962512,20.938711730825368,20.366130319670454,20.820247650146484,59500,0.0,0.0
2023-06-16 00:00:00-04:00,20.948584822476178,20.948584822476178,20.5339567589327,20.553701400756836,34900,0.0,0.0
2023-06-20 00:00:00-04:00,20.533952670343595,20.533952670343595,19.9613713521211,20.366127014160156,80400,0.0,0.0
2023-06-21 00:00:00-04:00,20.139073337213354,20.74127173218078,20.139073337213354,20.553701400756836,54400,0.0,0.0
2023-06-22 00:00:00-04:00,20.445109983731257,20.839995331475482,20.445109983731257,20.75114631652832,36600,0.0,0.0
2023-06-23 00:00:00-04:00,20.60306312940832,20.83999318386694,20.40562047588312,20.731399536132812,72000,0.0,0.0
2023-06-26 00:00:00-04:00,20.71165301212751,21.175642640863312,20.040350310686158,20.89922332763672,261800,0.0,0.0
2023-06-27 00:00:00-04:00,20.751144178075872,21.155899923145107,20.67216749325633,20.731399536132812,58200,0.0,0.0
2023-06-28 00:00:00-04:00,20.77088684088114,21.244746904647,20.691908280634316,21.05717658996582,91500,0.0,0.0
2023-06-29 00:00:00-04:00,20.978201830579383,21.550783264048857,20.978201830579383,21.39282989501953,120300,0.0,0.0
2023-06-30 00:00:00-04:00,20.731397742589646,21.708734838785997,20.731397742589646,21.570526123046875,109600,0.0,0.0
2023-07-03 00:00:00-04:00,21.550783281683046,21.89630698282468,21.491551238986755,21.72848129272461,66600,0.0,0.0
2023-07-05 00:00:00-04:00,21.965406014419727,22.10361470814552,21.461929066337188,21.767963409423828,118600,0.0,0.0
2023-07-06 00:00:00-04:00,21.600141989450087,21.728480272712197,21.037432902869163,21.639631271362305,77300,0.0,0.0
2023-07-07 00:00:00-04:00,21.639634067419436,22.10362189212428,21.639634067419436,21.886436462402344,92800,0.0,0.0
2023-07-10 00:00:00-04:00,21.846943807548513,22.07400340697433,21.80745640957395,21.925920486450195,48900,0.0,0.0
2023-07-11 00:00:00-04:00,22.024644531024766,22.587353673194876,21.817331429363268,22.498506546020508,74000,0.0,0.0
2023-07-12 00:00:00-04:00,22.70581839820948,22.942748451192998,22.53799270864374,22.557737350463867,46100,0.0,0.0
2023-07-13 00:00:00-04:00,22.597222632046474,22.90325890270121,22.468886238156024,22.7058162689209,71400,0.0,0.0
2023-07-14 00:00:00-04:00,22.794667040402324,22.794667040402324,22.27144533821819,22.360294342041016,91900,0.0,0.0
2023-07-17 00:00:00-04:00,22.21221052901749,22.488629826797023,21.995025148374413,22.449140548706055,38200,0.0,0.0
2023-07-18 00:00:00-04:00,22.212212904648492,23.120445685401112,22.212212904648492,22.824283599853516,77400,0.0,0.0
2023-07-19 00:00:00-04:00,23.00197901850123,23.071085260439656,22.735433902834696,22.76504898071289,53500,0.0,0.0
2023-07-20 00:00:00-04:00,22.903255293076533,22.903255293076533,22.60709138908242,22.725557327270508,48700,0.0,0.0
2023-07-21 00:00:00-04:00,22.834153905529238,22.834153905529238,22.409655420818066,22.64658546447754,71300,0.0,0.0
2023-07-24 00:00:00-04:00,22.49850319810882,22.893386582716946,22.49850319810882,22.7058162689209,51700,0.0,0.0
2023-07-25 00:00:00-04:00,22.7058162689209,23.08095501356049,22.7058162689209,22.7058162689209,48600,0.0,0.0
2023-07-26 00:00:00-04:00,22.705815946292226,22.952618293534535,22.705815946292226,22.844024658203125,24200,0.0,0.0
2023-07-27 00:00:00-04:00,22.952617528255065,23.159930589209242,22.853896216059184,22.942745208740234,50800,0.0,0.0
2023-07-28 00:00:00-04:00,23.110572966681868,23.505456368259964,23.08095600545629,23.456096649169922,60200,0.0,0.0
2023-07-31 00:00:00-04:00,23.633792408992125,23.722641401289092,23.159930489090844,23.594303131103516,75100,0.0,0.0
2023-08-01 00:00:00-04:00,23.58443370969789,23.58443370969789,23.19942261773563,23.347503662109375,88900,0.0,0.0
2023-08-02 00:00:00-04:00,23.406735245996195,23.406735245996195,22.90326008155185,23.14019012451172,65100,0.0,0.0
2023-08-03 00:00:00-04:00,23.396865278577938,23.584433722844672,22.99210954501952,23.515329360961914,75000,0.0,0.0
2023-08-04 00:00:00-04:00,23.643665494494016,23.772001885885146,23.40673358539083,23.495582580566406,73400,0.0,0.0
2023-08-07 00:00:00-04:00,23.49558153504538,23.723117240209028,23.386759290438224,23.64397430419922,34700,0.05,0.0
2023-08-08 00:00:00-04:00,23.495583981575415,23.495583981575415,22.941583371820187,23.297725677490234,62100,0.0,0.0
2023-08-09 00:00:00-04:00,23.465906684642295,23.82205090780709,23.287836459976692,23.604408264160156,61400,0.0,0.0
2023-08-10 00:00:00-04:00,23.64397816942502,23.723121118372813,23.416442427064705,23.58462142944336,40100,0.0,0.0
2023-08-11 00:00:00-04:00,23.831943195667318,23.831943195667318,23.327406192450088,23.396656036376953,44500,0.0,0.0
2023-08-14 00:00:00-04:00,23.08008245119197,23.357083692310795,22.92179656681452,23.27794075012207,46200,0.0,0.0
2023-08-15 00:00:00-04:00,23.297725677490234,23.446120349012435,23.04051252386278,23.297725677490234,55800,0.0,0.0
2023-08-16 00:00:00-04:00,23.21858421303527,23.643978273088514,23.000941574203804,23.04051399230957,101600,0.0,0.0
2023-08-17 00:00:00-04:00,23.040512738828873,23.24826226183163,22.862440640874137,23.000940322875977,58500,0.0,0.0
2023-08-18 00:00:00-04:00,22.66458522377578,22.94158651000275,22.506299313622335,22.54587173461914,56300,0.0,0.0
2023-08-21 00:00:00-04:00,22.46672230327382,22.674473697235207,22.18972296054731,22.278759002685547,50900,0.0,0.0
2023-08-22 00:00:00-04:00,22.338115314489546,22.486508086286715,22.140257027482335,22.446937561035156,56300,0.0,0.0
2023-08-23 00:00:00-04:00,22.852550085964157,23.505479926684544,22.456835316878596,22.96137046813965,155500,0.0,0.0
2023-08-24 00:00:00-04:00,22.852546700393177,22.94158274611148,22.288653002121666,22.367795944213867,86200,0.0,0.0
2023-08-25 00:00:00-04:00,22.476617089737324,22.476617089737324,21.93250957984883,22.1501522064209,71700,0.0,0.0
2023-08-28 00:00:00-04:00,22.0611175875746,22.555761496595707,21.813795633064046,21.95229721069336,74900,0.0,0.0
2023-08-29 00:00:00-04:00,22.06111761270515,22.41726183141941,22.06111761270515,22.31833267211914,54600,0.0,0.0
2023-08-30 00:00:00-04:00,21.82368751017995,22.53597590673372,21.82368751017995,22.338117599487305,67600,0.0,0.0
2023-08-31 00:00:00-04:00,22.24907889364881,22.31832872684247,22.001756982576346,22.01165008544922,49000,0.0,0.0
2023-09-01 00:00:00-04:00,22.1501522064209,22.367796719909613,22.061116157614908,22.1501522064209,47200,0.0,0.0
2023-09-05 00:00:00-04:00,22.130365467011416,22.130365467011416,21.34882732110168,21.408184051513672,70200,0.0,0.0
2023-09-06 00:00:00-04:00,21.467542353354048,21.76432788796888,21.200434240050857,21.398290634155273,126800,0.0,0.0
2023-09-07 00:00:00-04:00,21.358723351780434,21.408186986084683,20.794829618278513,20.89375877380371,54900,0.0,0.0
2023-09-08 00:00:00-04:00,21.022364654230284,21.536794736276146,21.022364654230284,21.418079376220703,56300,0.0,0.0
2023-09-11 00:00:00-04:00,21.517006634228483,21.526899737271897,20.82450451652121,20.87397003173828,89300,0.0,0.0
2023-09-12 00:00:00-04:00,20.784933929589233,21.51700657038143,20.695897889379165,21.477434158325195,77800,0.0,0.0
2023-09-13 00:00:00-04:00,21.853365114136814,23.19879696964451,21.853365114136814,22.585437774658203,302800,0.0,0.0
2023-09-14 00:00:00-04:00,22.664581998788343,23.139439661680253,22.52608231884069,22.56565284729004,110400,0.0,0.0
2023-09-15 00:00:00-04:00,22.545869405105154,22.743725828895332,22.179832096372447,22.22929573059082,98500,0.0,0.0
2023-09-18 00:00:00-04:00,22.209509167003922,22.64479438755029,21.89293552444769,22.278759002685547,76600,0.0,0.0
2023-09-19 00:00:00-04:00,22.437045959317047,22.72393841906614,22.427152855613066,22.55575942993164,72000,0.0,0.0
2023-09-20 00:00:00-04:00,22.723938265590107,22.85254672595666,22.268866819780033,22.30843734741211,57700,0.0,0.0
2023-09-21 00:00:00-04:00,22.2886554844076,22.2886554844076,21.883047625147974,22.021547317504883,34400,0.0,0.0
2023-09-22 00:00:00-04:00,22.16993733443035,22.506295305331488,22.12047370391053,22.35790252685547,70400,0.0,0.0
2023-09-25 00:00:00-04:00,22.40736688762351,22.743724869486435,22.40736688762351,22.684368133544922,83100,0.0,0.0
2023-09-26 00:00:00-04:00,22.575546454369743,23.02072670257744,22.526082820976292,22.763511657714844,58600,0.0,0.0
2023-09-27 00:00:00-04:00,22.78329950188386,23.277943419004874,22.78329950188386,23.119657516479492,76100,0.0,0.0
2023-09-28 00:00:00-04:00,23.050402942841963,23.29772487092789,22.892117059820293,23.089975357055664,65600,0.0,0.0
2023-09-29 00:00:00-04:00,23.159224358007467,23.307617132112597,22.82286639701371,22.88222312927246,58600,0.0,0.0
2023-10-02 00:00:00-04:00,22.852547848100492,23.15922652824531,22.753618693787644,23.010833740234375,72200,0.0,0.0
2023-10-03 00:00:00-04:00,23.000941069492303,23.21858370354802,22.338118176099083,22.417261123657227,70100,0.0,0.0
2023-10-04 00:00:00-04:00,22.258972697703147,22.318329429893737,21.61593608604169,21.912721633911133,62200,0.0,0.0
2023-10-05 00:00:00-04:00,21.863260794367154,22.11058274478552,21.68518868815925,22.001760482788086,90400,0.0,0.0
2023-10-06 00:00:00-04:00,22.001762661544692,22.60522888413799,21.962192126755927,22.437049865722656,67700,0.0,0.0
2023-10-09 00:00:00-04:00,22.555759935673645,23.000940177751623,22.496403199035463,22.753618240356445,81800,0.0,0.0
2023-10-10 00:00:00-04:00,22.88222430449666,22.892117408200644,22.427152855613066,22.55575942993164,46400,0.0,0.0
2023-10-11 00:00:00-04:00,22.634902880163438,22.87233360054945,22.555759935673645,22.753618240356445,50400,0.0,0.0
2023-10-12 00:00:00-04:00,22.75361993823927,22.822869783970706,22.58544093278431,22.62501335144043,37700,0.0,0.0
2023-10-13 00:00:00-04:00,22.704153442700164,22.83276001330357,22.41725910432224,22.5953311920166,46200,0.0,0.0
2023-10-16 00:00:00-04:00,22.763509664754956,23.05040210976934,22.595330684258077,22.88222312927246,144100,0.0,0.0
2023-10-17 00:00:00-04:00,22.911906090091932,23.475799853703197,22.902012985319498,23.119657516479492,140500,0.0,0.0
2023-10-18 00:00:00-04:00,22.921798259008064,23.080084155070914,22.615119571250887,22.664583206176758,71100,0.0,0.0
2023-10-19 00:00:00-04:00,22.51619046003938,22.605226512619467,22.140260040941957,22.179832458496094,49400,0.0,0.0
2023-10-20 00:00:00-04:00,22.17983003302313,22.24907986925334,21.7841153353387,21.981971740722656,33400,0.0,0.0
2023-10-23 00:00:00-04:00,22.031439796128314,22.249082433206453,21.665402479265765,22.001760482788086,69400,0.0,0.0
2023-10-24 00:00:00-04:00,22.110580203832207,22.73383061701904,22.110580203832207,22.46672248840332,40600,0.0,0.0
2023-10-25 00:00:00-04:00,22.42715258851972,22.5161886338786,22.08090151067037,22.486509323120117,41500,0.0,0.0
2023-10-26 00:00:00-04:00,22.258974121852546,22.30843775402335,21.87315250755375,22.199617385864258,68100,0.0,0.0
2023-10-27 00:00:00-04:00,22.23919147935395,22.40737049737851,22.041335032036002,22.13037109375,45600,0.0,0.0
2023-10-30 00:00:00-04:00,22.3183316915159,22.34801100407699,21.7742241696461,21.922616958618164,43800,0.0,0.0
2023-10-31 00:00:00-04:00,21.922617896862057,22.268869010560184,21.69508215157237,21.95229721069336,54900,0.0,0.0
2023-11-01 00:00:00-04:00,21.873151666845644,22.090794281715215,21.556579904520255,22.051223754882812,86600,0.0,0.0
2023-11-02 00:00:00-04:00,22.3579065772246,22.526085593142557,21.73465415303344,22.061119079589844,94600,0.0,0.0
2023-11-03 00:00:00-04:00,22.031439441669697,22.506297125973077,21.942403389998226,22.47661781311035,64300,0.0,0.0
2023-11-06 00:00:00-05:00,22.208918410810195,22.55593314510436,22.119685996532322,22.337810516357422,77100,0.05,0.0
2023-11-07 00:00:00-05:00,22.23866486338825,22.327897284423667,21.762759878584916,21.911479949951172,48000,0.0,0.0
2023-11-08 00:00:00-05:00,21.871818288419863,21.871818288419863,21.39591334642175,21.445486068725586,60500,0.0,0.0
2023-11-09 00:00:00-05:00,21.614038851954746,22.04037112845417,21.31659869634409,21.356258392333984,48800,0.0,0.0
2023-11-10 00:00:00-05:00,21.455405106920175,21.54463753704591,21.01915977194823,21.296770095825195,69100,0.0,0.0
2023-11-13 00:00:00-05:00,21.128216107393513,21.45540099140198,20.99932589475666,21.445486068725586,36500,0.0,0.0
2023-11-14 00:00:00-05:00,21.643785018656846,22.298154916030114,21.643785018656846,22.1890926361084,95800,0.0,0.0
2023-11-15 00:00:00-05:00,22.18908966022577,22.605506983713678,22.14943185807744,22.49644660949707,61400,0.0,0.0
2023-11-16 00:00:00-05:00,22.308069970551216,22.4964497575823,22.09986222521043,22.25849723815918,41200,0.0,0.0
2023-11-17 00:00:00-05:00,22.417131797725627,22.803804397583008,22.377472099751287,22.803804397583008,79300,0.0,0.0
2023-11-20 00:00:00-05:00,22.80380091587516,22.95252097841523,22.308066113356137,22.833545684814453,49100,0.0,0.0
2023-11-21 00:00:00-05:00,22.893036085239217,23.061586014012367,22.605508957476257,22.853376388549805,49200,0.0,0.0
2023-11-22 00:00:00-05:00,22.803803057240298,23.021925710043078,22.60550836118077,22.972352981567383,35000,0.0,0.0
2023-11-24 00:00:00-05:00,23.20039106353488,23.993567973968272,23.20039106353488,23.894420623779297,129400,0.0,0.0
2023-11-27 00:00:00-05:00,23.993566991996687,24.370324638001343,23.577149651108204,24.271177291870117,111100,0.0,0.0
2023-11-28 00:00:00-05:00,24.489301801338033,24.747082253451275,24.300922033029124,24.558704376220703,94600,0.0,0.0
2023-11-29 00:00:00-05:00,24.77682813786511,25.381625273723476,24.67768078740135,25.36179542541504,332800,0.0,0.0
2023-11-30 00:00:00-05:00,25.867444715683227,25.867444715683227,25.213074862657425,25.550174713134766,155200,0.0,0.0
2023-12-01 00:00:00-05:00,25.579917867259795,26.085567648378447,25.451027636501742,25.86744499206543,163800,0.0,0.0
2023-12-04 00:00:00-05:00,25.669150018551246,25.89718948757654,25.371709863931656,25.550174713134766,111800,0.0,0.0
2023-12-05 00:00:00-05:00,25.341966021188792,25.4609432220459,24.79665842069999,25.4609432220459,151900,0.0,0.0
2023-12-06 00:00:00-05:00,25.460942248068132,25.847614826674736,25.232904670483645,25.3717098236084,156500,0.0,0.0
2023-12-07 00:00:00-05:00,25.292393140893065,25.351880795430215,24.915633582974746,25.213075637817383,104700,0.0,0.0
2023-12-08 00:00:00-05:00,25.0742690316195,25.53034417518679,25.0742690316195,25.31222152709961,56700,0.0,0.0
2023-12-11 00:00:00-05:00,25.35188322537858,25.35188322537858,24.945380746768116,25.02469825744629,189800,0.0,0.0
2023-12-12 00:00:00-05:00,24.88589006610594,25.242817875297753,24.578534985916814,25.153587341308594,103600,0.0,0.0
2023-12-13 00:00:00-05:00,25.074268449719955,25.966590759831785,24.647936196057632,25.897188186645508,186000,0.0,0.0
2023-12-14 00:00:00-05:00,25.976506926068396,26.85891435493007,25.976506926068396,26.769681930541992,147200,0.0,0.0
2023-12-15 00:00:00-05:00,26.888661818134025,27.23567473540099,26.710196951494687,27.07703971862793,145000,0.0,0.0
2023-12-18 00:00:00-05:00,27.433966826758304,27.54302909950811,26.749852200463096,26.83908462524414,200200,0.0,0.0
2023-12-19 00:00:00-05:00,26.82917188319374,27.364566475422,26.581304436661075,27.334821701049805,140800,0.0,0.0
2023-12-20 00:00:00-05:00,27.374479935848402,28.00901995988295,27.14644046001735,27.43396759033203,145800,0.0,0.0
2023-12-21 00:00:00-05:00,27.47362536947393,27.919787505361683,27.35465006062282,27.89995765686035,81400,0.0,0.0
2023-12-22 00:00:00-05:00,28.009020002264723,28.475010096735403,28.009020002264723,28.256887435913086,120200,0.0,0.0
2023-12-26 00:00:00-05:00,28.306458572281173,28.306458572281173,27.761151005392303,27.82063865661621,116800,0.0,0.0
2023-12-27 00:00:00-05:00,27.761152383771325,27.939617237382404,27.662005032756454,27.830554962158203,64200,0.0,0.0
2023-12-28 00:00:00-05:00,27.65208861624987,28.058591031502573,27.65208861624987,27.751235961914062,48100,0.0,0.0
2023-12-29 00:00:00-05:00,27.75123563065305,27.80081024843255,27.30507541710739,27.72149085998535,92300,0.0,0.0
2024-01-02 00:00:00-05:00,27.72149376447577,28.15774099125118,27.592603526901343,27.98919105529785,128100,0.0,0.0
2024-01-03 00:00:00-05:00,27.95944836869415,28.921173368185844,27.612433569758874,28.5939884185791,152300,0.0,0.0
2024-01-04 00:00:00-05:00,28.921172454221498,29.23844246913763,28.73279267371062,28.861684799194336,126800,0.0,0.0
2024-01-05 00:00:00-05:00,28.90134121289883,29.39707606008776,28.712961441465094,29.317758560180664,182800,0.0,0.0
2024-01-08 00:00:00-05:00,28.990570992913323,29.307840963608584,28.20731098914417,28.901338577270508,105000,0.0,0.0
2024-01-09 00:00:00-05:00,28.693134718282685,29.01040473155014,28.207314774082086,28.61381721496582,63100,0.0,0.0
2024-01-10 00:00:00-05:00,28.712961169513576,29.040147980994586,28.435350868007284,28.53449821472168,57300,0.0,0.0
2024-01-11 00:00:00-05:00,28.46509647668895,28.56424383290677,28.108168641814743,28.375865936279297,106600,0.0,0.0
2024-01-12 00:00:00-05:00,28.703047445051237,29.159122581436073,28.475007985780515,28.762535095214844,143600,0.0,0.0
2024-01-16 00:00:00-05:00,28.752620171674526,29.089720007732147,28.475007985780515,28.762535095214844,67100,0.0,0.0
2024-01-17 00:00:00-05:00,28.356034487005427,28.911257002990258,28.32628971449469,28.871599197387695,67600,0.0,0.0
2024-01-18 00:00:00-05:00,29.02031805338524,29.278100397700253,28.84185320800728,29.10955047607422,125700,0.0,0.0
2024-01-19 00:00:00-05:00,29.010405696380428,29.4863107321093,28.812110985954146,29.347505569458008,103900,0.0,0.0
2024-01-22 00:00:00-05:00,29.089722135958617,29.46647980266309,28.633645075128527,28.722877502441406,128400,0.0,0.0
2024-01-23 00:00:00-05:00,28.871596043698347,28.871596043698347,28.375861235806454,28.643556594848633,71300,0.0,0.0
2024-01-24 00:00:00-05:00,28.950915509559927,29.23844073436382,28.703048088728348,28.822023391723633,72800,0.0,0.0
2024-01-25 00:00:00-05:00,28.9409996921052,28.980657494852892,28.395690248467762,28.623729705810547,55500,0.0,0.0
2024-01-26 00:00:00-05:00,28.62373107115285,28.742706376149286,28.098251449363197,28.633644104003906,83500,0.0,0.0
2024-01-29 00:00:00-05:00,28.504754164466434,28.742706667953442,28.18748415981709,28.48492431640625,40800,0.0,0.0
2024-01-30 00:00:00-05:00,27.840468124663893,29.000487708653154,27.790895397832564,28.831937789916992,76200,0.0,0.0
2024-01-31 00:00:00-05:00,28.77245197137319,29.000489555041188,28.435352112438576,28.47500991821289,38800,0.0,0.0
2024-02-01 00:00:00-05:00,28.455179974563666,28.8319376129732,27.235670856567058,28.118080139160156,159800,0.0,0.0
2024-02-02 00:00:00-05:00,28.088335558265378,28.14782320871525,27.483538456943677,27.612430572509766,84300,0.0,0.0
2024-02-05 00:00:00-05:00,27.652089021379524,27.870213563252154,27.295161219268746,27.671918869018555,97700,0.0,0.0
2024-02-06 00:00:00-05:00,27.56285664057081,28.385776408075582,27.56285664057081,27.850383758544922,77100,0.0,0.0
2024-02-07 00:00:00-05:00,27.820637587175245,28.237054911891946,27.64217274928548,28.127994537353516,42400,0.0,0.0
2024-02-08 00:00:00-05:00,27.91978757486504,28.336204939037422,27.899957726314344,28.256887435913086,70800,0.0,0.0
2024-02-09 00:00:00-05:00,28.197293910934018,28.356207712278756,27.859601609475963,28.177431106567383,108900,0.05,0.0
2024-02-12 00:00:00-05:00,28.29661726148022,29.716911106493853,28.29661726148022,29.64738655090332,154800,0.0,0.0
2024-02-13 00:00:00-05:00,29.69704499052607,29.935415695928857,28.604511169961828,29.279895782470703,167300,0.0,0.0
2024-02-14 00:00:00-05:00,29.667250299612046,31.147136302764288,29.65731794993159,30.670392990112305,301700,0.0,0.0
2024-02-15 00:00:00-05:00,30.690261414805644,31.782795385047084,30.45189067674606,31.008089065551758,217600,0.0,0.0
2024-02-16 00:00:00-05:00,31.04781229275791,31.206726086518263,30.819373951027636,31.037879943847656,73500,0.0,0.0
2024-02-20 00:00:00-05:00,30.92862806554293,31.504691079992153,30.700189708558337,31.445098876953125,99900,0.0,0.0
2024-02-21 00:00:00-05:00,31.584144676144508,32.60715573671088,31.385503388672962,32.54756164550781,222100,0.0,0.0
2024-02-22 00:00:00-05:00,32.746210648398666,33.36200121174666,32.19994085394036,33.292476654052734,213700,0.0,0.0
2024-02-23 00:00:00-05:00,33.28253666927675,33.620228943608936,33.09382772933955,33.4613151550293,162300,0.0,0.0
2024-02-26 00:00:00-05:00,33.38186276378812,33.3917932187488,32.5276996626221,33.33220291137695,175200,0.0,0.0
2024-02-27 00:00:00-05:00,33.68975758288792,33.68975758288792,32.974647341789705,33.36199951171875,96700,0.0,0.0
2024-02-28 00:00:00-05:00,33.371927233852794,34.2062256041393,33.371927233852794,33.87846755981445,125000,0.0,0.0
2024-02-29 00:00:00-05:00,34.13669947534976,34.26581811170815,33.7096179609981,33.89833068847656,149700,0.0,0.0
2024-03-01 00:00:00-05:00,33.957922752092514,34.63330733126941,33.91819714475557,34.11683654785156,121200,0.0,0.0
2024-03-04 00:00:00-05:00,34.166500810830755,34.58364811150811,33.401726970785106,33.53084182739258,121400,0.0,0.0
2024-03-05 00:00:00-05:00,33.53084167533691,33.66989456373594,32.84552663213023,32.95478057861328,60000,0.0,0.0
2024-03-06 00:00:00-05:00,33.01437479164095,36.17278606334589,32.59722370256049,36.133060455322266,686300,0.0,0.0
2024-03-07 00:00:00-05:00,38.4174478013383,40.691904625101984,37.990366256655896,40.61244583129883,854200,0.0,0.0
2024-03-08 00:00:00-05:00,41.21830836859345,44.02910085428251,41.11898865913051,43.99930191040039,513800,0.0,0.0
2024-03-11 00:00:00-04:00,43.70133363217691,44.69454576018093,42.618732261100384,44.35685348510742,425800,0.0,0.0
2024-03-12 00:00:00-04:00,44.615089167285035,45.56857573659056,44.06882322775614,45.05210494995117,334300,0.0,0.0
2024-03-13 00:00:00-04:00,45.05210475372699,45.151424455461914,41.81423094943714,42.211517333984375,409100,0.0,0.0
2024-03-14 00:00:00-04:00,42.11219772265663,42.25124682090555,40.81108840983475,41.19844055175781,284600,0.0,0.0
2024-03-15 00:00:00-04:00,41.31762707765017,41.86389683288191,41.10905341954567,41.267967224121094,180500,0.0,0.0
2024-03-18 00:00:00-04:00,41.109050979425,42.45982013254014,40.92034203169417,42.31083679199219,137400,0.0,0.0
2024-03-19 00:00:00-04:00,41.72484311663296,42.21151876475919,41.486474308868026,41.61559295654297,95900,0.0,0.0
2024-03-20 00:00:00-04:00,41.655321778646424,41.685120723518686,40.880617410442866,41.23817443847656,80200,0.0,0.0
2024-03-21 00:00:00-04:00,41.456674446238196,42.132055184061585,41.218301876744945,41.337486267089844,62500,0.0,0.0
2024-03-22 00:00:00-04:00,41.118985855762865,42.45982078611878,41.118985855762865,41.387149810791016,147700,0.0,0.0
2024-03-25 00:00:00-04:00,42.11219853773773,43.92977488243369,41.704981689782606,43.11534118652344,238600,0.0,0.0
2024-03-26 00:00:00-04:00,43.10541240156566,43.39344106946986,41.72484421593803,42.42009353637695,255900,0.0,0.0
2024-03-27 00:00:00-04:00,42.390297957025155,42.847174670036566,41.87382714669767,42.281044006347656,211600,0.0,0.0
2024-03-28 00:00:00-04:00,42.310839036304564,43.135206997137395,42.042675071179886,42.33070373535156,94900,0.0,0.0
2024-04-01 00:00:00-04:00,42.43002986169943,42.94650070253633,42.0426776782728,42.20159149169922,49800,0.0,0.0
2024-04-02 00:00:00-04:00,42.201588491540065,42.201588491540065,41.01966353620157,41.85396194458008,87500,0.0,0.0
2024-04-03 00:00:00-04:00,41.75464470799067,43.155073856061136,41.75464470799067,43.02595520019531,93400,0.0,0.0
2024-04-04 00:00:00-04:00,43.155073426624384,43.29412253672507,42.171791622791666,42.26118087768555,106900,0.0,0.0
2024-04-05 00:00:00-04:00,42.32077750555733,42.62867089951623,42.10226958302832,42.469757080078125,44400,0.0,0.0
2024-04-08 00:00:00-04:00,42.67832826750682,42.83724206356496,42.022808385166506,42.211517333984375,141000,0.0,0.0
2024-04-09 00:00:00-04:00,42.261180569803216,42.261180569803216,41.27790256193799,41.446746826171875,135800,0.0,0.0
2024-04-10 00:00:00-04:00,41.06932510950241,42.102266761016715,40.334350164666354,41.446746826171875,151000,0.0,0.0
2024-04-11 00:00:00-04:00,42.4399536213123,43.691403019796816,42.01287210471242,43.10540771484375,158300,0.0,0.0
2024-04-12 00:00:00-04:00,43.482826637270435,43.50269133489156,42.18172114791815,42.65846252441406,121800,0.0,0.0
2024-04-15 00:00:00-04:00,42.92663665830193,43.492767364085935,42.11220287844409,42.24131774902344,90600,0.0,0.0
2024-04-16 00:00:00-04:00,42.42009461970097,42.42009461970097,41.42688236193899,41.973148345947266,84100,0.0,0.0
2024-04-17 00:00:00-04:00,41.973144340598786,42.45981996753422,41.635452053632335,41.73477554321289,73700,0.0,0.0
2024-04-18 00:00:00-04:00,41.82416860035435,41.82416860035435,40.73163284824122,41.10905456542969,54300,0.0,0.0
2024-04-19 00:00:00-04:00,40.960072116674446,41.42687926655635,40.66210543056641,41.049461364746094,207000,0.0,0.0
2024-04-22 00:00:00-04:00,40.81109020057277,42.092334871463635,40.64224215328756,42.04267501831055,209000,0.0,0.0
2024-04-23 00:00:00-04:00,42.12213127708913,42.92663456176596,41.76457426167721,41.83409881591797,178100,0.0,0.0
2024-04-24 00:00:00-04:00,42.04267003199192,43.70133242116973,41.883752458663594,43.55234909057617,249000,0.0,0.0
2024-04-25 00:00:00-04:00,43.43316828541459,44.148282269221035,42.89683279755975,43.651676177978516,194200,0.0,0.0
2024-04-26 00:00:00-04:00,43.701341022680175,44.40652084350586,43.40337809165002,44.40652084350586,106500,0.0,0.0
2024-04-29 00:00:00-04:00,44.4065151769286,44.48597396909275,43.71126590070735,43.89997863769531,88100,0.0,0.0
2024-04-30 00:00:00-04:00,44.01916163755193,44.13834603320494,42.70812191895797,42.85710525512695,90000,0.0,0.0
2024-05-01 00:00:00-04:00,42.96635907586477,43.035887417135505,41.724843797809456,42.281044006347656,101800,0.0,0.0
2024-05-02 00:00:00-04:00,42.56907669292994,43.94964108346752,42.56907669292994,43.7708625793457,139900,0.0,0.0
2024-05-03 00:00:00-04:00,43.74107036772216,44.32706577314494,43.53249669514903,44.11848831176758,93800,0.0,0.0
2024-05-06 00:00:00-04:00,43.72120387480061,44.764075983717476,43.4232409563678,43.6119499206543,112400,0.0,0.0
2024-05-07 00:00:00-04:00,43.929775379794,45.5685770338379,43.701337027262504,45.46925354003906,133700,0.0,0.0
2024-05-08 00:00:00-04:00,45.568580654239625,46.661112651200774,44.94285585440702,46.48233413696289,135000,0.0,0.0
2024-05-09 00:00:00-04:00,46.72095765373198,48.07316770755909,46.72095765373198,47.506431579589844,179700,0.05,0.0
2024-05-10 00:00:00-04:00,47.188268981281766,47.82460408303416,46.561878748975964,46.72096252441406,131000,0.0,0.0
2024-05-13 00:00:00-04:00,46.97946293907138,48.60013118817543,46.74083542671486,48.38138961791992,269100,0.0,0.0
2024-05-14 00:00:00-04:00,47.228035456968335,47.228035456968335,43.75801602506289,45.209659576416016,641200,0.0,0.0
2024-05-15 00:00:00-04:00,45.40851321948297,45.497998073487665,44.245213910278046,44.63298034667969,179100,0.0,0.0
2024-05-16 00:00:00-04:00,44.901436980681126,47.118668695716444,44.86166508976462,46.33319091796875,215600,0.0,0.0
2024-05-17 00:00:00-04:00,45.88576881527628,47.45672052297053,45.80622503622536,46.9595832824707,254300,0.0,0.0
2024-05-20 00:00:00-04:00,47.12861001303367,48.898417304017784,47.12861001303367,48.58024978637695,144500,0.0,0.0
2024-05-21 00:00:00-04:00,48.36150737653489,49.95234873064949,47.97374095803158,49.42538070678711,207500,0.0,0.0
2024-05-22 00:00:00-04:00,48.9878975012933,49.28617904663622,47.70528268417753,48.36150360107422,95900,0.0,0.0
2024-05-23 00:00:00-04:00,48.00356961002471,49.10721486506623,47.556149138288795,47.73511505126953,81900,0.0,0.0
2024-05-24 00:00:00-04:00,46.97947055573686,48.78904985889971,46.97947055573686,48.44105529785156,104200,0.0,0.0
2024-05-28 00:00:00-04:00,48.57030346652137,48.88847097465426,47.88425548827031,48.1725959777832,223800,0.0,0.0
2024-05-29 00:00:00-04:00,47.914084560328035,48.470879619850905,47.526318130226194,47.67546081542969,143500,0.0,0.0
2024-05-30 00:00:00-04:00,47.62574984395789,48.699564326640534,47.53626498766299,48.252140045166016,110300,0.0,0.0
2024-05-31 00:00:00-04:00,48.421167998818746,49.405497611325366,48.26208423352191,49.14698791503906,127000,0.0,0.0
2024-06-03 00:00:00-04:00,49.514866595697534,49.7137222432417,48.11293978015235,48.6399040222168,103000,0.0,0.0
2024-06-04 00:00:00-04:00,48.669731388963484,49.06743886303874,47.933966682997855,48.73933029174805,220300,0.0,0.0
2024-06-05 00:00:00-04:00,49.11715716938968,52.974939133487304,48.44105026993837,52.37837600708008,581700,0.0,0.0
2024-06-06 00:00:00-04:00,52.696539512067844,52.94510809467194,50.877015666835206,51.284671783447266,262800,0.0,0.0
2024-06-07 00:00:00-04:00,52.33860014626106,52.33860014626106,50.8969016085862,51.284671783447266,160200,0.0,0.0
2024-06-10 00:00:00-04:00,51.2051312353833,52.69654282476339,50.48925245876699,51.125587463378906,265300,0.0,0.0
2024-06-11 00:00:00-04:00,50.340116202539804,51.12559013136617,48.361508388518736,50.797481536865234,244800,0.0,0.0
2024-06-12 00:00:00-04:00,51.17530957105013,51.6923327646,50.240689116501585,50.4693717956543,117500,0.0,0.0
2024-06-13 00:00:00-04:00,50.14125845578109,50.8770193901348,48.94812841339427,49.13703918457031,233200,0.0,0.0
2024-06-14 00:00:00-04:00,49.13704270181828,49.14698757056121,46.0746792931047,46.87009811401367,383600,0.0,0.0
2024-06-17 00:00:00-04:00,46.80049729854467,47.67545986234456,45.78633692086079,47.407005310058594,295700,0.0,0.0
2024-06-18 00:00:00-04:00,47.665516044191016,49.12710070788702,47.61580307997372,48.78904724121094,107600,0.0,0.0
2024-06-20 00:00:00-04:00,49.0972729662087,50.568798683974634,49.0972729662087,49.66400909423828,154900,0.0,0.0
2024-06-21 00:00:00-04:00,49.30607285768203,49.76343821972453,49.01773234092889,49.485042572021484,128900,0.0,0.0
2024-06-24 00:00:00-04:00,49.40549466423068,50.49919880415484,48.84870341533308,49.39555358886719,238300,0.0,0.0
2024-06-25 00:00:00-04:00,49.62423284632151,49.823088475652156,49.0177248836481,49.514862060546875,65000,0.0,0.0
2024-06-26 00:00:00-04:00,49.05750023190653,49.69383525641,48.97795645741563,49.42538070678711,69800,0.0,0.0
2024-06-27 00:00:00-04:00,49.70377896839861,50.19097130082614,49.087326109002376,50.171085357666016,184000,0.0,0.0
2024-06-28 00:00:00-04:00,50.39977002483504,51.29461853845084,50.181032227061394,50.737823486328125,204200,0.0,0.0
2024-07-01 00:00:00-04:00,51.19518996011284,51.582956364978386,50.519083072142635,51.06593322753906,103700,0.0,0.0
2024-07-02 00:00:00-04:00,50.82730996523174,52.59712110518125,50.678171070090855,52.28889465332031,389400,0.0,0.0
2024-07-03 00:00:00-04:00,52.38831614270853,53.52179213112295,51.950836777379735,52.1198616027832,137000,0.0,0.0
2024-07-05 00:00:00-04:00,51.77186562121686,52.06020609589913,51.17530252236553,51.71220779418945,130100,0.0,0.0
2024-07-08 00:00:00-04:00,51.135530253341415,51.51335556929719,49.833029486117034,50.54890823364258,264400,0.0,0.0
2024-07-09 00:00:00-04:00,50.439541082696245,51.41392956323424,50.06171573951427,50.49919891357422,174900,0.0,0.0
2024-07-10 00:00:00-04:00,50.956565638914114,51.12559047509669,50.29040357698604,50.896907806396484,163600,0.0,0.0
2024-07-11 00:00:00-04:00,50.85714024305881,51.960781709762884,50.519086774300355,51.046051025390625,120900,0.0,0.0
2024-07-12 00:00:00-04:00,51.15542199349689,51.423876554245645,50.42960208903815,51.09576416015625,147900,0.0,0.0
2024-07-15 00:00:00-04:00,50.648337874892306,51.44376044966108,50.41965521214586,50.51908493041992,104400,0.0,0.0
2024-07-16 00:00:00-04:00,50.23074557577637,51.4835297115911,50.23074557577637,50.84719467163086,81800,0.0,0.0
2024-07-17 00:00:00-04:00,50.81736931826026,51.10570982796477,49.952351582002876,50.23074722290039,90800,0.0,0.0
2024-07-18 00:00:00-04:00,50.43954504051131,51.00628120332612,48.958078156260754,49.44527053833008,126400,0.0,0.0
2024-07-19 00:00:00-04:00,49.097273097960496,49.22652604480111,48.32173645263677,48.62002182006836,124700,0.0,0.0
2024-07-22 00:00:00-04:00,49.097275672152946,50.64834145841147,48.81887623414393,50.44948959350586,84500,0.0,0.0
2024-07-23 00:00:00-04:00,50.44948379651673,50.79747831297082,49.52480831810356,49.90262985229492,112600,0.0,0.0
2024-07-24 00:00:00-04:00,50.131312498763975,50.240683287594855,48.56036094815035,48.8387565612793,60000,0.0,0.0
2024-07-25 00:00:00-04:00,48.29191051684744,48.36150942604854,46.740840984245466,46.76072692871094,185900,0.0,0.0
2024-07-26 00:00:00-04:00,47.10872594655706,47.20815187746137,46.243704417693785,46.949642181396484,82000,0.0,0.0
2024-07-29 00:00:00-04:00,46.60164226666417,47.67546048994377,46.38290446747671,46.50221633911133,87600,0.0,0.0
2024-07-30 00:00:00-04:00,46.30336035866708,47.21809481558023,45.239487011495555,45.32897186279297,301600,0.0,0.0
2024-07-31 00:00:00-04:00,45.82610547981411,47.52631372793731,45.657076866049934,46.45249938964844,180900,0.0,0.0
2024-08-01 00:00:00-04:00,46.730895508527055,46.93969221647127,45.130113161909954,45.53776550292969,107600,0.0,0.0
2024-08-02 00:00:00-04:00,44.84177712235474,44.84177712235474,43.4995081037251,44.64292526245117,193000,0.0,0.0
2024-08-05 00:00:00-04:00,41.530842588959906,43.84749999354328,40.58628114024925,42.81345748901367,377400,0.0,0.0
2024-08-06 00:00:00-04:00,42.50522936860601,44.284981403331265,42.36603156349556,43.40007781982422,139800,0.0,0.0
2024-08-07 00:00:00-04:00,43.80773553995032,44.374471697699256,43.3503663904645,43.837562561035156,67000,0.0,0.0
2024-08-08 00:00:00-04:00,43.83756025868685,44.632979052975216,43.31059601863131,44.265098571777344,52200,0.0,0.0
2024-08-09 00:00:00-04:00,44.11578840104469,44.593576270713136,43.9664780305331,44.14564895629883,62600,0.05,0.0
2024-08-12 00:00:00-04:00,44.44426984951078,45.101228647194546,43.18012111211072,44.7827033996582,72800,0.0,0.0
2024-08-13 00:00:00-04:00,44.63339218697835,45.698461675303946,44.63339218697835,45.26049041748047,65300,0.0,0.0
2024-08-14 00:00:00-04:00,45.3799360038809,46.325559466954815,45.19081283011426,45.49938201904297,57200,0.0,0.0
2024-08-15 00:00:00-04:00,45.83781661692457,46.405189948432216,45.72832285170021,46.166297912597656,61100,0.0,0.0
2024-08-16 00:00:00-04:00,46.1663014124557,46.36538065549029,45.56906368335193,45.64869689941406,66500,0.0,0.0
2024-08-19 00:00:00-04:00,45.92740070619902,47.42048917543629,45.65864432608188,47.1318244934082,316000,0.0,0.0
2024-08-20 00:00:00-04:00,51.083535172393994,54.836164792996556,51.083535172393994,54.6569938659668,1293800,0.0,0.0
2024-08-21 00:00:00-04:00,54.65699451287075,54.766488280364925,53.04445994763791,53.41275405883789,311800,0.0,0.0
2024-08-22 00:00:00-04:00,52.85533403236555,53.3231696675773,51.42197036743164,51.42197036743164,316200,0.0,0.0
2024-08-23 00:00:00-04:00,50.76500795414369,51.92961513753276,50.34694500537439,51.68076705932617,294700,0.0,0.0
2024-08-26 00:00:00-04:00,51.26270591122239,52.95487366189072,51.25275365847749,52.62639236450195,167700,0.0,0.0
2024-08-27 00:00:00-04:00,52.25809715607687,52.79560992384827,52.148603392591546,52.71597671508789,111000,0.0,0.0
2024-08-28 00:00:00-04:00,52.25809908080357,52.75579526252551,51.59118801991402,51.64095687866211,104900,0.0,0.0
2024-08-29 00:00:00-04:00,51.61109011496831,52.48703641707731,51.451827496141256,51.56132125854492,103400,0.0,0.0
2024-08-30 00:00:00-04:00,51.2627089331229,53.462525240109116,51.2627089331229,53.36298751831055,198300,0.0,0.0
2024-09-03 00:00:00-04:00,53.00464144458764,53.42270439956097,52.00924911698975,52.337730407714844,188700,0.0,0.0
2024-09-04 00:00:00-04:00,52.009248463268314,52.925007570530106,51.43191909790039,51.43191909790039,171800,0.0,0.0
2024-09-05 00:00:00-04:00,51.43192246526814,51.68077056033242,50.13791313035798,50.27726745605469,130400,0.0,0.0
2024-09-06 00:00:00-04:00,50.12796098744174,50.46639454935767,49.07284369508721,49.52077102661133,214900,0.0,0.0
2024-09-09 00:00:00-04:00,49.72980156634719,52.31782398957359,49.500861778409565,51.64095687866211,248000,0.0,0.0
2024-09-10 00:00:00-04:00,51.76040307021723,51.76040307021723,50.526114864732854,51.013858795166016,138200,0.0,0.0
2024-09-11 00:00:00-04:00,50.7650090381747,53.39284419261154,50.635606971550345,52.85533142089844,259900,0.0,0.0
2024-09-12 00:00:00-04:00,52.61644051667166,56.38897845513933,52.52685505279626,55.42344665527344,736900,0.0,0.0
2024-09-13 00:00:00-04:00,55.24427368862812,56.12021999229015,54.74657752927111,55.86141586303711,290200,0.0,0.0
2024-09-16 00:00:00-04:00,55.74196970935435,56.647776565246545,55.005377724604934,56.4885139465332,219300,0.0,0.0
2024-09-17 00:00:00-04:00,56.239663387495014,56.488511455581275,55.42344202794169,55.522979736328125,223500,0.0,0.0
2024-09-18 00:00:00-04:00,55.741968202435324,55.84150591252015,54.25883202060191,54.418094635009766,249100,0.0,0.0
2024-09-19 00:00:00-04:00,56.398930331313274,57.30473721683951,55.19450650057013,57.05588912963867,379600,0.0,0.0
2024-09-20 00:00:00-04:00,56.72740884030631,57.95174091349159,56.438744162035235,56.83689880371094,238800,0.0,0.0
2024-09-23 00:00:00-04:00,57.2051986563468,61.21662854772922,57.2051986563468,60.947872161865234,667400,0.0,0.0
2024-09-24 00:00:00-04:00,61.216628253833264,61.734232720739634,59.99229614441104,60.93791961669922,192100,0.0,0.0
2024-09-25 00:00:00-04:00,61.415708779817784,63.41644573341202,61.047414673359235,62.87893295288086,405500,0.0,0.0
2024-09-26 00:00:00-04:00,63.15764698457183,63.695159778647984,62.22197572144951,63.05810546875,257000,0.0,0.0
2024-09-27 00:00:00-04:00,63.00833841186191,65.58640489002842,62.95856955108756,63.11783218383789,252600,0.0,0.0
2024-09-30 00:00:00-04:00,63.11782784126834,63.336815370153744,61.34603069918219,62.34142303466797,123500,0.0,0.0
2024-10-01 00:00:00-04:00,61.704373775491746,62.301607669820754,61.117092133982666,62.00299072265625,90000,0.0,0.0
2024-10-02 00:00:00-04:00,62.062710783592614,63.95395774549832,61.7640938414813,63.486122131347656,173300,0.0,0.0
2024-10-03 00:00:00-04:00,64.00373320961535,65.1882449802838,63.13773910322243,63.70511245727539,180800,0.0,0.0
2024-10-04 00:00:00-04:00,63.705111441200174,64.06345330059621,62.16225403290771,63.03820037841797,184300,0.0,0.0
2024-10-07 00:00:00-04:00,63.038194441196374,63.625472236746745,62.152292129074205,62.96851348876953,96000,0.0,0.0
2024-10-08 00:00:00-04:00,62.46086895751953,63.24722981267609,62.12243541208003,62.21202087402344,107200,0.0,0.0
2024-10-09 00:00:00-04:00,62.11247978437781,62.580311573887336,60.858283385321144,61.21662521362305,104000,0.0,0.0
2024-10-10 00:00:00-04:00,61.574971778768536,62.09257625978736,60.60943997791416,61.246490478515625,88700,0.0,0.0
2024-10-11 00:00:00-04:00,60.75874818790248,61.21662774427435,59.94252678841512,61.04741287231445,111600,0.0,0.0
2024-10-14 00:00:00-04:00,60.87819650031121,60.89810480313775,58.9371806416101,59.22584533691406,221900,0.0,0.0
2024-10-15 00:00:00-04:00,58.638560155180755,58.72814561393428,57.2848260216254,58.34989547729492,203100,0.0,0.0
2024-10-16 00:00:00-04:00,58.419573666627564,59.962434794323265,57.73275433546212,58.13091278076172,134200,0.0,0.0
2024-10-17 00:00:00-04:00,58.1906401558842,58.1906401558842,56.75727643326919,57.324649810791016,108800,0.0,0.0
2024-10-18 00:00:00-04:00,58.539025758617235,59.09644304720398,57.71284828143261,58.45939254760742,315400,0.0,0.0
2024-10-21 00:00:00-04:00,58.668423226012415,59.15616714395542,57.68298693456739,58.55893325805664,161000,0.0,0.0
2024-10-22 00:00:00-04:00,58.52906709720485,59.16611756837721,58.00151038772531,58.49920654296875,108700,0.0,0.0
2024-10-23 00:00:00-04:00,57.901966938533604,58.32003366943431,56.23966365832987,57.04593276977539,206200,0.0,0.0
2024-10-24 00:00:00-04:00,57.55358216484591,57.67302817699354,56.807037943962804,57.205196380615234,94600,0.0,0.0
2024-10-25 00:00:00-04:00,57.56353941018881,57.762614835531,56.83689967863253,57.24501037597656,83400,0.0,0.0
2024-10-28 00:00:00-04:00,56.73736516291656,56.73736516291656,55.55284960805766,56.33920669555664,142400,0.0,0.0
2024-10-29 00:00:00-04:00,55.970911690037866,56.438747312167386,53.42270589317991,54.53754806518555,317000,0.0,0.0
2024-10-30 00:00:00-04:00,54.24888104823922,54.83616266468295,52.80556143523815,53.32316589355469,272500,0.0,0.0
2024-10-31 00:00:00-04:00,52.8453752506844,54.159292730497675,52.48703342944075,53.10417556762695,189200,0.0,0.0
2024-11-01 00:00:00-04:00,53.87063437555069,54.059761357322074,53.06436898040514,53.183815002441406,175000,0.0,0.0
2024-11-04 00:00:00-05:00,53.18381524842393,55.094966798325906,53.09422978220224,53.572017669677734,206200,0.0,0.0
2024-11-05 00:00:00-05:00,52.397450130664446,54.49772849385737,51.76039966539878,53.6815071105957,288400,0.0,0.0
2024-11-06 00:00:00-05:00,52.44722039985429,53.572014793784454,52.3078660814616,53.223628997802734,244200,0.0,0.0
2024-11-07 00:00:00-05:00,53.552110708576095,55.11487648296184,53.034506201558045,53.36298751831055,206000,0.0,0.0
2024-11-08 00:00:00-05:00,53.203718382163466,53.671550173979284,53.00463916577875,53.27339553833008,107900,0.0,0.0
2024-11-11 00:00:00-05:00,52.99469078246012,53.35302884156825,51.56132335754553,51.63100051879883,364200,0.0,0.0
2024-11-12 00:00:00-05:00,51.39187600852327,51.840231699630536,48.02420269260896,48.69175720214844,464400,0.05,0.0
2024-11-13 00:00:00-05:00,48.54230834330947,50.17632628379598,48.412781418529185,49.747894287109375,407500,0.0,0.0
2024-11-14 00:00:00-05:00,49.91727444873707,53.67352501268192,49.91727444873707,53.43440246582031,304200,0.0,0.0
2024-11-15 00:00:00-05:00,53.195275602513995,53.30487501908995,51.88009020517116,51.93987274169922,162500,0.0,0.0
2024-11-18 00:00:00-05:00,52.41811677934869,53.23512569901536,52.059429194951825,52.467933654785156,134300,0.0,0.0
2024-11-19 00:00:00-05:00,51.9498288271927,52.16902763599763,51.18263679715933,52.01957321166992,120700,0.0,0.0
2024-11-20 00:00:00-05:00,52.149101556213594,53.603775616323986,51.60110831995656,52.48786163330078,157300,0.0,0.0
2024-11-21 00:00:00-05:00,52.26866303132818,52.7568775388299,50.39552264525046,51.192604064941406,358800,0.0,0.0
2024-11-22 00:00:00-05:00,51.112892379198456,51.870122554146405,50.89369737132101,51.61106872558594,180500,0.0,0.0
2024-11-25 00:00:00-05:00,51.49151075866914,51.561255147559635,49.030518233926,49.14011764526367,194300,0.0,0.0
2024-11-26 00:00:00-05:00,49.16004492803233,49.71800383734745,47.27693883517194,47.41642761230469,228900,0.0,0.0
2024-11-27 00:00:00-05:00,47.316793679937135,47.735260009765625,46.6890903844103,47.735260009765625,149500,0.0,0.0
2024-11-29 00:00:00-05:00,47.84485841649888,48.97073806246054,47.84485841649888,48.26332473754883,57000,0.0,0.0
2024-12-02 00:00:00-05:00,48.26332905144643,48.6319823300281,47.446320046174385,47.46624755859375,146200,0.0,0.0
2024-12-03 00:00:00-05:00,47.70536991674643,48.51241319791521,47.48617109925167,48.193580627441406,112200,0.0,0.0
2024-12-04 00:00:00-05:00,48.123835604294705,48.512412556876015,47.177299760365045,48.49248504638672,159800,0.0,0.0
2024-12-05 00:00:00-05:00,48.30317850905574,49.349348085396635,48.30317850905574,48.86113739013672,163500,0.0,0.0
2024-12-06 00:00:00-05:00,49.020556180707274,49.29953373514241,47.98434840597086,48.64194107055664,156000,0.0,0.0
2024-12-09 00:00:00-05:00,48.54230584884889,48.59212272480929,47.2669717797155,47.35664367675781,102400,0.0,0.0
2024-12-10 00:00:00-05:00,47.21715537015508,47.88471367712721,46.838540267704985,47.37657165527344,240200,0.0,0.0
2024-12-11 00:00:00-05:00,47.34668609199277,47.34668609199277,44.39748268005938,45.084964752197266,379900,0.0,0.0
2024-12-12 00:00:00-05:00,44.34765601416638,45.24437494445206,43.789700947129816,43.84947967529297,217700,0.0,0.0
2024-12-13 00:00:00-05:00,43.909267620218785,44.31777211645053,43.14207550763052,43.59043502807617,216900,0.0,0.0
2024-12-16 00:00:00-05:00,43.31145246637021,44.38751139058669,42.892982361942124,43.62031936645508,210600,0.0,0.0
2024-12-17 00:00:00-05:00,43.10221461649268,43.71995600537044,42.03611756898219,43.012542724609375,139300,0.0,0.0
2024-12-18 00:00:00-05:00,43.05240543496378,43.421058723448205,41.86674692004529,42.19554138183594,222600,0.0,0.0
2024-12-19 00:00:00-05:00,42.52433627564243,43.221783970665854,42.29517559599466,42.62397003173828,128600,0.0,0.0
2024-12-20 00:00:00-05:00,42.47452192042195,43.809634855641484,42.39481187018346,42.40477752685547,102600,0.0,0.0
2024-12-23 00:00:00-05:00,42.37487936713744,44.35762292429175,42.37487936713744,44.22809600830078,116400,0.0,0.0
2024-12-24 00:00:00-05:00,44.23806659483273,44.84583862054,43.41109193235148,44.357627868652344,48900,0.0,0.0
2024-12-26 00:00:00-05:00,44.34766222904803,44.81594926946561,43.63029078507088,43.94912338256836,63900,0.0,0.0
2024-12-27 00:00:00-05:00,43.81959468338843,44.61667614495933,42.93284131984179,43.70999526977539,142900,0.0,0.0
2024-12-30 00:00:00-05:00,43.00258523896661,43.670143568756416,42.354954420595746,42.46455383300781,157800,0.0,0.0
2024-12-31 00:00:00-05:00,42.42470106956153,43.540615062988955,42.42470106956153,43.132110595703125,83200,0.0,0.0
2025-01-02 00:00:00-05:00,43.142074835482596,46.47985894610077,43.142074835482596,46.34036636352539,148300,0.0,0.0
2025-01-03 00:00:00-05:00,46.78872588476259,46.78872588476259,45.15470792502182,45.52335739135742,88700,0.0,0.0
2025-01-06 00:00:00-05:00,46.00160278082114,46.20087408291078,43.77973669436398,43.909263610839844,109100,0.0,0.0
2025-01-07 00:00:00-05:00,43.89930319963969,45.57317611098068,43.5804706261256,45.19456100463867,118700,0.0,0.0
2025-01-08 00:00:00-05:00,45.08496438374484,45.483507025682826,44.527005445188514,44.90562057495117,97600,0.0,0.0
2025-01-10 00:00:00-05:00,45.51339183325897,46.90828713949362,45.29419302207766,45.77244186401367,179800,0.0,0.0
2025-01-13 00:00:00-05:00,45.67281398370607,46.35033421371862,44.82591559658259,45.5333251953125,175600,0.0,0.0
2025-01-14 00:00:00-05:00,45.34401078184762,46.07135161481619,44.805983199662016,44.99528884887695,94700,0.0,0.0
2025-01-15 00:00:00-05:00,45.224451202248446,45.60306631555243,44.1085371744297,44.57682418823242,209900,0.0,0.0
2025-01-16 00:00:00-05:00,44.6565313608595,45.17463526331148,42.8033145792232,43.39116287231445,167600,0.0,0.0
2025-01-17 00:00:00-05:00,43.032471295523266,43.550575150209106,42.14571800990507,42.3250617980957,233500,0.0,0.0
2025-01-21 00:00:00-05:00,42.33502975138634,42.33502975138634,40.960061900885854,41.607688903808594,313700,0.0,0.0
2025-01-22 00:00:00-05:00,41.448269404340806,42.873054021438506,41.27889127541916,41.87670135498047,173300,0.0,0.0
2025-01-23 00:00:00-05:00,41.96637781845939,42.693714888109724,41.577800844337844,41.82688903808594,89600,0.0,0.0
2025-01-24 00:00:00-05:00,41.84681720809192,42.305138579611366,40.96006383252212,41.527984619140625,97800,0.0,0.0
2025-01-27 00:00:00-05:00,41.17925892995738,41.74717966509576,40.81060569426242,40.960060119628906,80600,0.0,0.0
2025-01-28 00:00:00-05:00,40.87039436940795,41.31875391213411,40.56152361757782,40.65119552612305,83000,0.0,0.0
2025-01-29 00:00:00-05:00,40.551559252273236,41.66747331117822,40.551559252273236,41.27889633178711,130800,0.0,0.0
2025-01-30 00:00:00-05:00,41.52798203632522,42.3051359484612,41.458237649378866,41.90659713745117,72100,0.0,0.0
2025-01-31 00:00:00-05:00,41.85678090310842,42.653866211299956,41.49809707536356,42.016197204589844,122400,0.0,0.0
2025-02-03 00:00:00-05:00,42.01619423270127,42.53429812606547,40.720936399682834,42.2154655456543,140700,0.0,0.0
2025-02-04 00:00:00-05:00,42.40477175139867,44.218133338719234,42.344989221862086,43.46090316772461,105700,0.0,0.0
2025-02-05 00:00:00-05:00,43.680105253552235,44.82591245057094,43.6502158869326,44.0088996887207,192600,0.0,0.0
2025-02-06 00:00:00-05:00,44.098572434961014,44.6565313608595,43.36127350512168,43.39116287231445,97200,0.0,0.0
2025-02-07 00:00:00-05:00,43.52068875501071,43.7398875779285,42.444625952451545,42.6937141418457,35400,0.0,0.0
2025-02-10 00:00:00-05:00,42.74359090649013,44.000464133332024,42.74359090649013,43.66130828857422,80400,0.05,0.0
2025-02-11 00:00:00-05:00,43.840862423859136,44.249844143817484,42.60393996544457,43.88076400756836,51500,0.0,0.0
2025-02-12 00:00:00-05:00,44.329642136543384,44.818427008820215,43.631383469325534,44.03038787841797,128800,0.0,0.0
2025-02-13 00:00:00-05:00,44.09023942630376,44.09023942630376,42.11515679340098,43.81093215942383,111300,0.0,0.0
2025-02-14 00:00:00-05:00,43.92065991011226,45.237381674480936,42.893218907442964,43.8907356262207,162200,0.0,0.0
2025-02-18 00:00:00-05:00,43.88076480933419,45.29723680987234,43.88076480933419,45.13763427734375,114400,0.0,0.0
2025-02-19 00:00:00-05:00,44.638874279551324,45.5366408709505,44.50919603741047,44.698726654052734,153900,0.0,0.0
2025-02-20 00:00:00-05:00,44.16006749381257,45.177535047298086,44.16006749381257,44.91817855834961,58900,0.0,0.0
2025-02-21 00:00:00-05:00,44.818429176645694,45.0777818648392,43.49173003431191,43.571533203125,86000,0.0,0.0
2025-02-24 00:00:00-05:00,43.46180600549553,43.561556161876936,42.713668416961326,43.122650146484375,108600,0.0,0.0
2025-02-25 00:00:00-05:00,42.783491557388665,43.83088335345585,41.965528150538155,42.38448715209961,81200,0.0,0.0
2025-02-26 00:00:00-05:00,42.903193165641326,43.43187962357679,42.15505561321271,42.56403732299805,69400,0.0,0.0
2025-02-27 00:00:00-05:00,42.60393607533224,42.60393607533224,40.69867938726494,40.808406829833984,104300,0.0,0.0
2025-02-28 00:00:00-05:00,40.79843349057494,41.20741517472488,39.91064045428565,40.84830856323242,78400,0.0,0.0
2025-03-03 00:00:00-05:00,40.84830920765189,40.958036652363866,39.21238244524391,39.50165939331055,135400,0.0,0.0
2025-03-04 00:00:00-05:00,39.09267829483654,40.09019499972853,37.77595654879704,39.66126251220703,127300,0.0,0.0
2025-03-05 00:00:00-05:00,39.70116469018072,39.990445452199765,39.132580464267036,39.820865631103516,57300,0.0,0.0
2025-03-06 00:00:00-05:00,39.8208649636952,40.84830975550392,39.8208649636952,40.150047302246094,68800,0.0,0.0
2025-03-07 00:00:00-05:00,39.910641476896004,41.09768878476941,39.910641476896004,40.61888122558594,76800,0.0,0.0
2025-03-10 00:00:00-04:00,40.199923832826435,40.199923832826435,38.73357681360505,39.00290298461914,73600,0.0,0.0
2025-03-11 00:00:00-04:00,38.76350089120073,39.0128800746951,37.65625670764983,38.43431854248047,81100,0.0,0.0
2025-03-12 00:00:00-04:00,38.60389891871225,40.15004911747058,38.60389891871225,39.61138916015625,101600,0.0,0.0
2025-03-13 00:00:00-04:00,39.850795327953534,39.99044706553482,39.112631251163855,39.22235870361328,49700,0.0,0.0
2025-03-14 00:00:00-04:00,39.22235792740236,40.289700535193155,38.903152874898076,40.040321350097656,78900,0.0,0.0
2025-03-17 00:00:00-04:00,39.84081568692783,41.416893901761895,39.80091791083935,40.638832092285156,82500,0.0,0.0
2025-03-18 00:00:00-04:00,40.65878174217699,41.416896615902544,39.711143857856776,39.81089401245117,65900,0.0,0.0
2025-03-19 00:00:00-04:00,39.73109338095107,40.27972682414782,39.39193753884728,39.980472564697266,83000,0.0,0.0
2025-03-20 00:00:00-04:00,39.73109408962102,41.43684682361605,39.73109408962102,40.6887092590332,70300,0.0,0.0
2025-03-21 00:00:00-04:00,40.59893399566951,40.63883558040707,39.890697990088434,40.03034973144531,67400,0.0,0.0
2025-03-24 00:00:00-04:00,40.35952678098262,41.327119245896384,39.97049585742228,40.14007568359375,76700,0.0,0.0
2025-03-25 00:00:00-04:00,40.72860904755614,40.72860904755614,40.1699983207372,40.20989990234375,36600,0.0,0.0
2025-03-26 00:00:00-04:00,40.120124384504535,40.578981170324354,39.3221079506317,39.4916877746582,99400,0.0,0.0
2025-03-27 00:00:00-04:00,39.40191173292532,39.711143296153125,39.01288080819564,39.14255905151367,58400,0.0,0.0
2025-03-28 00:00:00-04:00,39.00290412177893,39.60141646594486,38.52409652958088,38.793426513671875,87100,0.0,0.0
2025-03-31 00:00:00-04:00,38.47422077469198,39.69119242836364,37.756007496430094,39.12260818481445,104400,0.0,0.0
2025-04-01 00:00:00-04:00,39.02285102415919,39.7709885258774,38.38444096486217,39.28220748901367,67400,0.0,0.0
2025-04-02 00:00:00-04:00,38.90315178827817,39.860766919043506,38.86325020652355,39.741065979003906,64800,0.0,0.0
2025-04-03 00:00:00-04:00,37.87571212064413,38.21486796700666,34.91308616286624,34.972938537597656,246100,0.0,0.0
2025-04-04 00:00:00-04:00,32.38936787772755,32.41929216051168,29.716022865919733,31.331998825073242,569500,0.0,0.0
2025-04-07 00:00:00-04:00,29.287091964263528,32.91805227278991,29.177364514518327,31.27215003967285,589500,0.0,0.0
2025-04-08 00:00:00-04:00,32.159940143259504,32.83824799973898,28.94793514549923,29.466644287109375,275700,0.0,0.0
2025-04-09 00:00:00-04:00,29.247190205102527,32.63874860755958,28.29955045362602,31.222272872924805,468700,0.0,0.0
2025-04-10 00:00:00-04:00,30.923019409179688,31.322025730711175,29.935478049909673,30.923019409179688,372100,0.0,0.0
2025-04-11 00:00:00-04:00,30.91304291852209,32.29959245283083,30.91304291852209,31.65120506286621,347400,0.0,0.0
2025-04-14 00:00:00-04:00,31.920538721928523,33.646242389955816,31.920538721928523,33.18738555908203,224900,0.0,0.0
2025-04-15 00:00:00-04:00,32.81830314183471,33.406838186312676,32.309567459964626,32.56892395019531,103300,0.0,0.0
2025-04-16 00:00:00-04:00,32.26966171338083,33.067678067865316,32.02028255391043,32.46916580200195,57700,0.0,0.0
2025-04-17 00:00:00-04:00,32.73849779385372,33.09760441473645,32.41929275423001,32.49909591674805,125100,0.0,0.0
2025-04-21 00:00:00-04:00,32.1699153376561,32.21979041434401,31.052695735292,31.95046043395996,111700,0.0,0.0
2025-04-22 00:00:00-04:00,32.269665196951884,32.48912009864809,31.671156671702384,31.87066078186035,68000,0.0,0.0
2025-04-23 00:00:00-04:00,32.309566615194704,33.60633761676915,32.309566615194704,33.36693572998047,116400,0.0,0.0
2025-04-24 00:00:00-04:00,33.52653742060881,34.24475067352237,33.12752921227366,34.164947509765625,102100,0.0,0.0
2025-04-25 00:00:00-04:00,34.00534319899932,34.6238024646897,33.945490829329636,34.19486999511719,70800,0.0,0.0
2025-04-28 00:00:00-04:00,34.38440506807637,34.76345870960721,33.58638858959663,33.84574508666992,54700,0.0,0.0
2025-04-29 00:00:00-04:00,33.69611217164575,34.254722881313825,33.55646044553477,33.82579040527344,98400,0.0,0.0
2025-04-30 00:00:00-04:00,33.506586852180206,34.42430041013141,33.11755593934332,34.22480010986328,56700,0.0,0.0
2025-05-01 00:00:00-04:00,34.08514516272571,35.381919968274936,34.08514516272571,34.384403228759766,56500,0.0,0.0
2025-05-02 00:00:00-04:00,34.93303449165491,35.55149376604702,34.66370453218799,35.33203887939453,71900,0.0,0.0
2025-05-05 00:00:00-04:00,35.14251370374581,37.007868910775116,35.11258941971986,36.27968215942383,122300,0.0,0.0
2025-05-06 00:00:00-04:00,35.71109869911375,36.70861544381091,34.94301034907,35.46171951293945,101300,0.0,0.0
2025-05-07 00:00:00-04:00,35.76097540392148,36.4093628395931,34.96296273286572,35.900630950927734,108500,0.0,0.0
2025-05-08 00:00:00-04:00,36.050255594599705,37.30712886045429,35.84077798536545,36.7784423828125,99300,0.0,0.0
2025-05-09 00:00:00-04:00,36.95824082417268,37.297857243621294,36.56868159812113,36.938262939453125,61000,0.05,0.0
2025-05-12 00:00:00-04:00,38.06698570182138,39.95485184167801,37.96709628598222,38.57640838623047,120100,0.0,0.0
2025-05-13 00:00:00-04:00,38.92601816265939,40.46427716290565,38.92601816265939,39.62522506713867,151400,0.0,0.0
2025-05-14 00:00:00-04:00,39.725111287622255,41.44317110961905,39.40547278265423,40.31444549560547,137600,0.0,0.0
2025-05-15 00:00:00-04:00,40.0447497415893,40.773925318268404,40.0447497415893,40.07471466064453,65600,0.0,0.0
2025-05-16 00:00:00-04:00,40.71399358601512,41.4231951236311,40.59413009376115,40.92375946044922,83500,0.0,0.0
2025-05-19 00:00:00-04:00,40.44430188063923,41.34328379256819,40.06472970783808,40.184593200683594,92300,0.0,0.0
2025-05-20 00:00:00-04:00,40.32443279584535,40.484252049375705,39.934873603514575,40.05473709106445,48500,0.0,0.0
2025-05-21 00:00:00-04:00,39.435439078878034,40.23453536920345,39.05586691207659,39.25564193725586,68000,0.0,0.0
2025-05-22 00:00:00-04:00,39.06585759373755,39.46540383201367,38.186849772903415,38.29672622680664,54700,0.0,0.0
2025-05-23 00:00:00-04:00,37.80727707713937,38.89604694356858,37.767325121146584,38.816139221191406,80000,0.0,0.0
2025-05-27 00:00:00-04:00,39.115799577142575,39.59525733925687,38.586399012589794,39.075843811035156,44600,0.0,0.0
2025-05-28 00:00:00-04:00,38.92601535921461,39.215685137183264,38.58639896847299,38.836116790771484,41300,0.0,0.0
2025-05-29 00:00:00-04:00,39.325563219390475,39.85496761568264,38.846105437942434,38.97595977783203,34200,0.0,0.0
2025-05-30 00:00:00-04:00,38.84610687871401,39.3655204471453,38.45654765498852,39.125789642333984,82700,0.0,0.0
2025-06-02 00:00:00-04:00,39.2656336102109,39.55530340190299,39.015915776081734,39.445430755615234,31700,0.0,0.0
2025-06-03 00:00:00-04:00,39.345540079574185,39.94486514858505,38.89604723041394,39.52533721923828,63900,0.0,0.0
2025-06-04 00:00:00-04:00,39.70513578264342,40.12465991664179,39.405475142588614,39.43544006347656,48700,0.0,0.0
2025-06-05 00:00:00-04:00,39.47539421516499,39.97482986493622,39.20569850704153,39.295597076416016,50100,0.0,0.0
2025-06-06 00:00:00-04:00,39.45541791494139,40.304457029460636,38.7562072151299,39.19571304321289,75500,0.0,0.0
2025-06-09 00:00:00-04:00,39.135779514194034,39.63521518557436,38.77618522113751,38.94599533081055,154100,0.0,0.0
2025-06-10 00:00:00-04:00,39.2656321334924,39.3055840895528,38.17686226522049,38.326690673828125,172200,0.0,0.0
2025-06-11 00:00:00-04:00,38.32669325475199,38.816141900769665,38.03702345444752,38.646331787109375,111000,0.0,0.0
2025-06-12 00:00:00-04:00,38.5864004108951,39.605249621206184,38.36664749973241,38.98594665527344,126100,0.0,0.0
2025-06-13 00:00:00-04:00,40.31444833476117,41.51309471800202,39.75507900647762,41.343284606933594,295400,0.0,0.0
2025-06-16 00:00:00-04:00,41.27336213722627,42.442043548862436,40.19458310610761,40.24452590942383,117600,0.0,0.0
2025-06-17 00:00:00-04:00,39.95485127096134,40.933744669852906,39.82499693742108,40.55417251586914,99500,0.0,0.0
2025-06-18 00:00:00-04:00,40.753948525458185,41.36326063182176,40.46427493220474,40.733970642089844,111900,0.0,0.0
2025-06-20 00:00:00-04:00,40.58414274144737,40.943737025804445,39.86495417273323,39.974830627441406,83500,0.0,0.0
2025-06-23 00:00:00-04:00,40.06473020032709,40.344412957201826,38.88606171008104,39.18572235107422,70600,0.0,0.0
2025-06-24 00:00:00-04:00,39.06585679209561,39.29559673172818,38.27674755788488,38.3466682434082,66500,0.0,0.0
2025-06-25 00:00:00-04:00,38.13690924921871,39.36552057828903,38.13690924921871,38.87607192993164,54300,0.0,0.0
2025-06-26 00:00:00-04:00,38.70626342943186,39.14576543598634,37.97708782723407,38.0470085144043,70800,0.0,0.0
2025-06-27 00:00:00-04:00,37.967098361342224,38.53645853676881,37.51760930186663,37.71738052368164,66100,0.0,0.0
2025-06-30 00:00:00-04:00,37.42770819044152,38.05699435520095,36.57866531372223,37.63747024536133,123100,0.0,0.0
2025-07-01 00:00:00-04:00,37.60750800156586,37.83724795573462,36.83837660175297,37.4676628112793,66300,0.0,0.0
2025-07-02 00:00:00-04:00,37.66743619055716,38.45654544005488,37.64745830710754,38.0569953918457,53000,0.0,0.0
2025-07-03 00:00:00-04:00,38.15688411796112,38.72624044959192,38.15688411796112,38.58639907836914,30300,0.0,0.0
2025-07-07 00:00:00-04:00,38.06698524013447,39.47539359805639,38.04700735720893,38.60637664794922,104000,0.0,0.0
2025-07-08 00:00:00-04:00,38.955980389513854,39.4354381524455,38.4865096629303,38.58639907836914,97300,0.0,0.0
2025-07-09 00:00:00-04:00,38.57640916686838,38.65632070115681,37.37776282528373,37.557559967041016,99500,0.0,0.0
2025-07-10 00:00:00-04:00,37.617495499233534,39.38549827468075,37.617495499233534,38.646331787109375,106400,0.0,0.0
2025-07-11 00:00:00-04:00,38.75620517983136,40.25451211057529,38.75620517983136,40.05473709106445,80700,0.0,0.0
2025-07-14 00:00:00-04:00,39.95485207079051,40.07471556009323,39.445429383460244,39.775054931640625,43000,0.0,0.0
2025-07-15 00:00:00-04:00,39.98481653282526,39.98481653282526,38.98594524248925,39.075843811035156,47100,0.0,0.0
2025-07-16 00:00:00-04:00,38.95598083980367,39.79503288723049,38.726240897226184,39.28561019897461,57700,0.0,0.0
2025-07-17 00:00:00-04:00,39.435439051702836,40.9537239074707,39.06585773213045,40.9537239074707,97300,0.0,0.0
2025-07-18 00:00:00-04:00,40.98368957766809,41.223420374183874,40.45428899045173,40.6640510559082,50700,0.0,0.0
2025-07-21 00:00:00-04:00,40.82387004496013,40.863825812512005,39.85496744937336,39.95485305786133,95700,0.0,0.0
2025-07-22 00:00:00-04:00,40.16461388331637,41.333295280622465,40.16461388331637,41.003665924072266,131800,0.0,0.0
2025-07-23 00:00:00-04:00,41.243399276372585,42.73171546561441,41.243399276372585,42.292213439941406,155700,0.0,0.0
2025-07-24 00:00:00-04:00,42.36213419031875,43.281097822166174,42.28222646298828,42.771671295166016,134300,0.0,0.0
2025-07-25 00:00:00-04:00,42.641817110693815,43.07133210157452,42.332169426843905,42.76168441772461,95000,0.0,0.0
2025-07-28 00:00:00-04:00,42.791648235926225,42.94148046065545,42.42206690809038,42.83160400390625,44500,0.0,0.0
2025-07-29 00:00:00-04:00,42.55191704743067,42.8815464146493,41.882675086677764,42.37211990356445,68100,0.0,0.0
2025-07-30 00:00:00-04:00,42.16235604035836,42.17234688703119,40.86382413147462,41.27336120605469,64700,0.0,0.0
2025-07-31 00:00:00-04:00,41.253384063626356,41.682899028870594,40.82386909838212,40.98368835449219,57600,0.0,0.0
2025-08-01 00:00:00-04:00,41.01365798953169,41.852710055219255,40.75394931112817,41.65293502807617,93800,0.0,0.0
2025-08-04 00:00:00-04:00,41.812754801179175,44.14012303636011,41.61297977158282,44.04023742675781,141500,0.0,0.0
2025-08-05 00:00:00-04:00,44.24999775778464,45.02911996161602,43.5208221671874,44.15011215209961,226200,0.0,0.0
2025-08-06 00:00:00-04:00,44.449772446310575,45.80823801163576,44.279966155840725,44.89926528930664,132700,0.0,0.0
2025-08-07 00:00:00-04:00,45.17895146567074,45.17895146567074,43.84046368166741,44.20005798339844,138300,0.0,0.0
2025-08-08 00:00:00-04:00,44.32991153691055,44.90925493794486,44.090180736570694,44.25,44200,0.0,0.0
2025-08-11 00:00:00-04:00,44.06999969482422,44.279998779296875,43.209999084472656,43.58000183105469,87500,0.05,0.0
2025-08-12 00:00:00-04:00,43.65999984741211,44.36000061035156,43.599998474121094,44.150001525878906,63000,0.0,0.0
2025-08-13 00:00:00-04:00,44.290000915527344,44.790000915527344,43.779998779296875,44.0,124900,0.0,0.0
2025-08-14 00:00:00-04:00,43.900001525878906,44.290000915527344,43.29999923706055,43.34000015258789,160200,0.0,0.0
2025-08-15 00:00:00-04:00,43.65999984741211,43.68000030517578,43.0,43.0,60600,0.0,0.0
2025-08-18 00:00:00-04:00,43.34000015258789,43.81999969482422,42.77000045776367,43.81999969482422,123800,0.0,0.0
2025-08-19 00:00:00-04:00,43.790000915527344,43.90999984741211,42.88999938964844,43.119998931884766,104400,0.0,0.0
2025-08-20 00:00:00-04:00,42.900001525878906,44.83000183105469,42.900001525878906,44.75,109600,0.0,0.0
2025-08-21 00:00:00-04:00,47.33000183105469,48.09000015258789,46.040000915527344,46.70000076293945,308700,0.0,0.0
2025-08-22 00:00:00-04:00,46.5,47.84000015258789,46.5,46.810001373291016,229900,0.0,0.0
2025-08-25 00:00:00-04:00,46.939998626708984,46.939998626708984,46.2599983215332,46.529998779296875,77300,0.0,0.0
2025-08-26 00:00:00-04:00,46.470001220703125,47.43000030517578,46.25,47.18000030517578,111700,0.0,0.0
2025-08-27 00:00:00-04:00,47.099998474121094,47.380001068115234,46.880001068115234,46.939998626708984,38400,0.0,0.0
2025-08-28 00:00:00-04:00,46.88999938964844,47.470001220703125,46.20000076293945,46.959999084472656,67100,0.0,0.0
2025-08-29 00:00:00-04:00,46.86000061035156,47.36000061035156,46.22999954223633,46.790000915527344,88700,0.0,0.0
2025-09-02 00:00:00-04:00,46.70000076293945,47.18000030517578,46.47999954223633,46.869998931884766,110800,0.0,0.0
2025-09-03 00:00:00-04:00,46.95000076293945,48.029998779296875,46.880001068115234,47.779998779296875,166600,0.0,0.0
2025-09-04 00:00:00-04:00,47.630001068115234,48.7599983215332,47.560001373291016,47.93000030517578,107800,0.0,0.0
2025-09-05 00:00:00-04:00,47.86000061035156,48.5,47.689998626708984,48.029998779296875,153800,0.0,0.0
2025-09-08 00:00:00-04:00,48.02000045776367,49.27000045776367,48.02000045776367,49.189998626708984,115600,0.0,0.0
2025-09-09 00:00:00-04:00,49.27000045776367,49.5,48.599998474121094,49.0,81900,0.0,0.0
2025-09-10 00:00:00-04:00,49.0,49.150001525878906,47.63999938964844,48.119998931884766,119200,0.0,0.0
2025-09-11 00:00:00-04:00,48.119998931884766,48.52000045776367,47.11000061035156,48.0,70500,0.0,0.0
2025-09-12 00:00:00-04:00,47.939998626708984,48.77000045776367,47.939998626708984,48.099998474121094,90900,0.0,0.0
2025-09-15 00:00:00-04:00,48.209999084472656,49.59000015258789,48.209999084472656,49.06999969482422,266500,0.0,0.0
2025-09-16 00:00:00-04:00,49.33000183105469,49.33000183105469,48.2599983215332,48.349998474121094,49200,0.0,0.0
2025-09-17 00:00:00-04:00,48.11000061035156,48.91999816894531,48.0,48.41999816894531,94600,0.0,0.0
2025-09-18 00:00:00-04:00,48.880001068115234,49.38999938964844,48.310001373291016,49.15999984741211,69800,0.0,0.0
2025-09-19 00:00:00-04:00,49.2599983215332,49.2599983215332,48.209999084472656,48.2400016784668,109000,0.0,0.0
2025-09-22 00:00:00-04:00,48.099998474121094,48.189998626708984,47.29999923706055,47.33000183105469,127800,0.0,0.0
2025-09-23 00:00:00-04:00,47.529998779296875,48.61000061035156,47.529998779296875,48.369998931884766,96500,0.0,0.0
2025-09-24 00:00:00-04:00,48.38999938964844,49.119998931884766,48.38999938964844,48.61000061035156,129200,0.0,0.0
2025-09-25 00:00:00-04:00,48.40999984741211,48.40999984741211,47.560001373291016,47.65999984741211,156400,0.0,0.0
2025-09-26 00:00:00-04:00,48.150001525878906,48.290000915527344,47.540000915527344,47.7599983215332,133200,0.0,0.0
2025-09-29 00:00:00-04:00,47.54999923706055,47.54999923706055,46.02000045776367,46.189998626708984,208300,0.0,0.0
2025-09-30 00:00:00-04:00,45.61000061035156,46.06999969482422,44.650001525878906,45.04999923706055,115500,0.0,0.0
2025-10-01 00:00:00-04:00,44.5,45.900001525878906,44.060001373291016,45.33000183105469,96800,0.0,0.0
2025-10-02 00:00:00-04:00,45.25,45.40999984741211,44.220001220703125,44.34000015258789,93300,0.0,0.0
2025-10-03 00:00:00-04:00,44.5,45.540000915527344,44.36000061035156,44.79999923706055,70100,0.0,0.0
2025-10-06 00:00:00-04:00,44.75,44.95000076293945,44.25,44.56999969482422,95900,0.0,0.0
2025-10-07 00:00:00-04:00,44.04999923706055,44.86000061035156,43.38999938964844,44.790000915527344,89800,0.0,0.0
2025-10-08 00:00:00-04:00,44.79999923706055,44.970001220703125,44.209999084472656,44.650001525878906,44200,0.0,0.0
2025-10-09 00:00:00-04:00,44.599998474121094,44.880001068115234,43.869998931884766,43.939998626708984,55300,0.0,0.0
2025-10-10 00:00:00-04:00,43.900001525878906,45.029998779296875,43.02000045776367,43.459999084472656,175700,0.0,0.0
2025-10-13 00:00:00-04:00,43.79999923706055,45.5,43.79999923706055,44.9900016784668,144500,0.0,0.0
2025-10-14 00:00:00-04:00,44.119998931884766,44.5099983215332,43.4900016784668,44.0099983215332,157400,0.0,0.0
2025-10-15 00:00:00-04:00,44.099998474121094,44.869998931884766,44.099998474121094,44.439998626708984,66300,0.0,0.0
2025-10-16 00:00:00-04:00,44.400001525878906,45.29999923706055,44.27000045776367,44.400001525878906,56400,0.0,0.0
2025-10-17 00:00:00-04:00,44.59000015258789,45.470001220703125,44.349998474121094,45.470001220703125,103900,0.0,0.0
2025-10-20 00:00:00-04:00,45.79999923706055,46.16999816894531,45.470001220703125,45.79999923706055,65100,0.0,0.0
2025-10-21 00:00:00-04:00,45.810001373291016,45.81999969482422,44.939998626708984,45.0,126000,0.0,0.0
2025-10-22 00:00:00-04:00,44.66999816894531,46.099998474121094,44.66999816894531,45.84000015258789,155200,0.0,0.0
2025-10-23 00:00:00-04:00,46.16999816894531,47.099998474121094,45.900001525878906,46.66999816894531,181900,0.0,0.0
2025-10-24 00:00:00-04:00,46.31999969482422,47.0,45.720001220703125,45.84000015258789,54400,0.0,0.0
2025-10-27 00:00:00-04:00,46.2599983215332,46.70000076293945,45.77000045776367,46.119998931884766,54200,0.0,0.0
2025-10-28 00:00:00-04:00,46.0099983215332,46.52000045776367,45.65999984741211,46.31999969482422,55900,0.0,0.0
2025-10-29 00:00:00-04:00,46.38999938964844,47.7400016784668,46.38999938964844,47.209999084472656,90100,0.0,0.0
2025-10-30 00:00:00-04:00,47.27000045776367,47.810001373291016,47.130001068115234,47.7400016784668,65100,0.0,0.0
2025-10-31 00:00:00-04:00,47.959999084472656,49.290000915527344,47.83000183105469,49.13999938964844,152700,0.0,0.0
2025-11-03 00:00:00-05:00,49.20000076293945,49.33000183105469,48.5,48.5,54400,0.0,0.0
2025-11-04 00:00:00-05:00,47.959999084472656,48.18000030517578,47.470001220703125,48.0,96400,0.0,0.0
2025-11-05 00:00:00-05:00,48.189998626708984,49.29999923706055,47.9900016784668,48.43000030517578,61400,0.0,0.0
2025-11-06 00:00:00-05:00,48.5,49.52000045776367,47.900001525878906,48.93000030517578,102800,0.0,0.0
2025-11-07 00:00:00-05:00,48.83000183105469,49.11000061035156,48.099998474121094,48.529998779296875,102400,0.0,0.0
2025-11-10 00:00:00-05:00,49.11000061035156,50.70000076293945,48.93000030517578,50.38999938964844,159600,0.0,0.0
2025-11-11 00:00:00-05:00,50.849998474121094,51.36000061035156,50.5099983215332,51.02000045776367,112100,0.0,0.0
2025-11-12 00:00:00-05:00,51.119998931884766,52.04999923706055,51.119998931884766,51.939998626708984,111900,0.0,0.0
2025-11-13 00:00:00-05:00,51.93000030517578,53.290000915527344,51.900001525878906,52.58000183105469,119900,0.0,0.0
2025-11-14 00:00:00-05:00,52.38999938964844,52.779998779296875,51.0,52.47999954223633,135300,0.0,0.0
2025-11-17 00:00:00-05:00,52.720001220703125,54.52000045776367,52.5099983215332,53.279998779296875,222200,0.0,0.0
2025-11-18 00:00:00-05:00,53.29999923706055,53.45000076293945,50.4900016784668,52.90999984741211,221600,0.0,0.0
2025-11-19 00:00:00-05:00,52.689998626708984,53.84000015258789,52.150001525878906,52.91999816894531,141000,0.0,0.0
2025-11-20 00:00:00-05:00,53.380001068115234,54.119998931884766,52.36000061035156,52.61000061035156,119100,0.0,0.0
2025-11-21 00:00:00-05:00,52.91999816894531,52.97999954223633,52.040000915527344,52.29999923706055,140200,0.0,0.0
2025-11-24 00:00:00-05:00,52.400001525878906,53.400001525878906,52.29999923706055,53.08000183105469,92100,0.0,0.0
2025-11-25 00:00:00-05:00,53.54999923706055,53.54999923706055,52.689998626708984,52.900001525878906,73100,0.0,0.0
2025-11-26 00:00:00-05:00,53.13999938964844,53.59000015258789,52.52000045776367,53.38999938964844,89200,0.0,0.0
2025-11-28 00:00:00-05:00,53.58000183105469,54.79999923706055,53.5,54.400001525878906,149900,0.0,0.0
2025-12-01 00:00:00-05:00,54.20000076293945,55.0,53.5099983215332,53.709999084472656,92800,0.0,0.0
2025-12-02 00:00:00-05:00,53.619998931884766,54.61000061035156,53.220001220703125,54.369998931884766,76700,0.0,0.0
2025-12-03 00:00:00-05:00,54.599998474121094,56.439998626708984,54.599998474121094,55.810001373291016,144900,0.0,0.0
2025-12-04 00:00:00-05:00,55.7599983215332,56.20000076293945,54.95000076293945,55.16999816894531,49300,0.0,0.0
2025-12-05 00:00:00-05:00,54.84000015258789,55.7599983215332,54.619998931884766,55.5099983215332,159100,0.0,0.0
2025-12-08 00:00:00-05:00,55.599998474121094,56.189998626708984,54.79999923706055,54.939998626708984,97400,0.0,0.0
2025-12-09 00:00:00-05:00,54.61000061035156,54.72999954223633,52.7599983215332,52.97999954223633,163800,0.0,0.0
2025-12-10 00:00:00-05:00,52.529998779296875,53.650001525878906,51.9900016784668,52.619998931884766,96500,0.0,0.0
2025-12-11 00:00:00-05:00,52.560001373291016,52.63999938964844,51.439998626708984,51.540000915527344,151200,0.0,0.0
2025-12-12 00:00:00-05:00,51.880001068115234,52.18000030517578,51.0,51.13999938964844,122200,0.0,0.0
2025-12-15 00:00:00-05:00,51.04999923706055,51.29999923706055,50.459999084472656,50.63999938964844,137900,0.0,0.0
2025-12-16 00:00:00-05:00,50.41999816894531,51.22999954223633,50.36000061035156,50.4900016784668,88000,0.0,0.0
2025-12-17 00:00:00-05:00,50.880001068115234,50.880001068115234,49.83000183105469,50.529998779296875,97900,0.0,0.0
2025-12-18 00:00:00-05:00,50.27000045776367,50.599998474121094,49.86000061035156,50.02000045776367,52900,0.0,0.0
2025-12-19 00:00:00-05:00,50.02000045776367,50.459999084472656,49.7599983215332,50.09000015258789,119000,0.0,0.0
2025-12-22 00:00:00-05:00,49.900001525878906,51.209999084472656,49.900001525878906,51.0,81300,0.0,0.0
2025-12-23 00:00:00-05:00,50.900001525878906,51.75,50.529998779296875,51.61000061035156,118200,0.0,0.0
2025-12-24 00:00:00-05:00,51.61000061035156,51.72999954223633,51.25,51.2599983215332,33300,0.0,0.0
2025-12-26 00:00:00-05:00,51.59000015258789,52.189998626708984,51.0099983215332,52.09000015258789,50400,0.0,0.0
2025-12-29 00:00:00-05:00,51.84000015258789,52.79999923706055,51.68000030517578,52.779998779296875,80200,0.0,0.0
2025-12-30 00:00:00-05:00,53.060001373291016,53.060001373291016,52.029998779296875,52.349998474121094,48200,0.0,0.0
2025-12-31 00:00:00-05:00,52.20000076293945,52.599998474121094,51.619998931884766,52.43000030517578,48500,0.0,0.0
2026-01-02 00:00:00-05:00,52.2400016784668,52.650001525878906,51.209999084472656,51.38999938964844,133000,0.0,0.0
2026-01-05 00:00:00-05:00,51.7599983215332,52.25,50.93000030517578,51.119998931884766,88000,0.0,0.0
2026-01-06 00:00:00-05:00,51.47999954223633,53.90999984741211,51.47999954223633,53.189998626708984,188700,0.0,0.0
2026-01-07 00:00:00-05:00,54.0,55.93000030517578,53.630001068115234,55.439998626708984,148600,0.0,0.0
2026-01-08 00:00:00-05:00,56.0,56.66999816894531,55.22999954223633,55.93000030517578,140700,0.0,0.0
2026-01-09 00:00:00-05:00,55.849998474121094,56.650001525878906,55.15999984741211,55.56999969482422,89600,0.0,0.0
2026-01-12 00:00:00-05:00,55.56999969482422,56.31999969482422,55.2599983215332,55.43000030517578,98200,0.0,0.0
2026-01-13 00:00:00-05:00,55.849998474121094,56.43000030517578,55.59000015258789,56.02000045776367,81200,0.0,0.0
2026-01-14 00:00:00-05:00,56.4900016784668,57.70000076293945,56.15999984741211,57.08000183105469,151600,0.0,0.0
2026-01-15 00:00:00-05:00,56.790000915527344,57.45000076293945,56.130001068115234,56.939998626708984,107100,0.0,0.0
2026-01-16 00:00:00-05:00,57.0,57.439998626708984,55.099998474121094,55.43000030517578,86300,0.0,0.0
2026-01-20 00:00:00-05:00,55.15999984741211,56.720001220703125,55.15999984741211,56.02000045776367,89200,0.0,0.0
2026-01-21 00:00:00-05:00,56.290000915527344,57.310001373291016,56.16999816894531,56.810001373291016,55900,0.0,0.0
2026-01-22 00:00:00-05:00,57.0,57.349998474121094,56.43000030517578,56.619998931884766,74000,0.0,0.0
2026-01-23 00:00:00-05:00,56.9900016784668,58.349998474121094,56.9900016784668,57.380001068115234,60400,0.0,0.0
2026-01-26 00:00:00-05:00,57.5,58.709999084472656,57.5,58.099998474121094,91700,0.0,0.0
2026-01-27 00:00:00-05:00,58.29999923706055,59.630001068115234,58.29999923706055,58.900001525878906,108200,0.0,0.0
2026-01-28 00:00:00-05:00,59.380001068115234,60.06999969482422,58.84000015258789,59.650001525878906,113700,0.0,0.0
2026-01-29 00:00:00-05:00,59.9900016784668,60.29999923706055,59.0,59.939998626708984,64100,0.0,0.0
2026-01-30 00:00:00-05:00,60.13999938964844,60.63999938964844,59.29999923706055,59.810001373291016,254300,0.0,0.0
2026-02-02 00:00:00-05:00,59.36000061035156,60.20000076293945,59.02000045776367,59.61000061035156,123000,0.0,0.0
2026-02-03 00:00:00-05:00,59.72999954223633,61.81999969482422,59.709999084472656,61.02000045776367,141200,0.0,0.0
2026-02-04 00:00:00-05:00,61.09000015258789,61.66999816894531,58.880001068115234,59.540000915527344,154100,0.0,0.0
2026-02-05 00:00:00-05:00,58.90999984741211,60.20000076293945,58.79999923706055,58.900001525878906,87700,0.0,0.0
2026-02-06 00:00:00-05:00,59.0099983215332,60.61000061035156,59.0,60.220001220703125,77300,0.0,0.0
2026-02-09 00:00:00-05:00,60.130001068115234,62.0099983215332,60.099998474121094,61.81999969482422,132200,0.0,0.0
2026-02-10 00:00:00-05:00,61.959999084472656,62.189998626708984,61.25,61.380001068115234,87200,0.0,0.0
2026-02-11 00:00:00-05:00,61.81999969482422,63.470001220703125,61.81999969482422,62.36000061035156,145600,0.0,0.0
2026-02-12 00:00:00-05:00,62.400001525878906,62.459999084472656,60.209999084472656,60.33000183105469,209300,0.0,0.0
2026-02-13 00:00:00-05:00,60.43000030517578,62.7400016784668,60.43000030517578,61.939998626708984,161900,0.0,0.0
2026-02-17 00:00:00-05:00,62.20000076293945,63.56399917602539,61.72999954223633,62.22999954223633,107581,0.0,0.0
