Date,Open,High,Low,Close,Volume,Dividends,Stock Splits
2025-01-15 00:00:00-05:00,10.020000457763672,10.029999732971191,10.010000228881836,10.010000228881836,2113100,0.0,0.0
2025-01-16 00:00:00-05:00,10.010000228881836,10.029999732971191,10.010000228881836,10.029999732971191,60100,0.0,0.0
2025-01-17 00:00:00-05:00,10.039999961853027,10.039999961853027,10.029999732971191,10.029999732971191,24200,0.0,0.0
2025-01-21 00:00:00-05:00,10.029999732971191,10.029999732971191,10.029999732971191,10.029999732971191,0,0.0,0.0
2025-01-22 00:00:00-05:00,10.029999732971191,10.050000190734863,10.020000457763672,10.050000190734863,26200,0.0,0.0
2025-01-23 00:00:00-05:00,10.050000190734863,10.050000190734863,10.020000457763672,10.039999961853027,223400,0.0,0.0
2025-01-24 00:00:00-05:00,10.069999694824219,10.069999694824219,10.050000190734863,10.050000190734863,400,0.0,0.0
2025-01-27 00:00:00-05:00,10.050000190734863,10.0600004196167,10.050000190734863,10.0600004196167,35400,0.0,0.0
2025-01-28 00:00:00-05:00,10.0600004196167,10.0600004196167,10.0600004196167,10.0600004196167,0,0.0,0.0
2025-01-29 00:00:00-05:00,10.050000190734863,10.0600004196167,10.050000190734863,10.0600004196167,12600,0.0,0.0
2025-01-30 00:00:00-05:00,10.050000190734863,10.074999809265137,10.050000190734863,10.074999809265137,800,0.0,0.0
2025-01-31 00:00:00-05:00,10.053000450134277,10.079999923706055,10.053000450134277,10.079999923706055,6000,0.0,0.0
2025-02-03 00:00:00-05:00,10.079000473022461,10.09000015258789,10.079000473022461,10.09000015258789,600,0.0,0.0
2025-02-04 00:00:00-05:00,10.09000015258789,10.09000015258789,10.09000015258789,10.09000015258789,0,0.0,0.0
2025-02-05 00:00:00-05:00,10.109999656677246,10.109999656677246,10.100000381469727,10.100000381469727,300,0.0,0.0
2025-02-06 00:00:00-05:00,10.109999656677246,10.109999656677246,10.109999656677246,10.109999656677246,300,0.0,0.0
2025-02-07 00:00:00-05:00,10.079999923706055,10.100000381469727,10.079999923706055,10.100000381469727,500,0.0,0.0
2025-02-10 00:00:00-05:00,10.119999885559082,10.119999885559082,10.100000381469727,10.100000381469727,300,0.0,0.0
2025-02-11 00:00:00-05:00,10.100000381469727,10.109999656677246,10.100000381469727,10.109999656677246,5700,0.0,0.0
2025-02-12 00:00:00-05:00,10.09000015258789,10.119999885559082,10.09000015258789,10.119999885559082,2800,0.0,0.0
2025-02-13 00:00:00-05:00,10.100000381469727,10.119999885559082,10.100000381469727,10.119999885559082,300,0.0,0.0
2025-02-14 00:00:00-05:00,10.119999885559082,10.119999885559082,10.119999885559082,10.119999885559082,0,0.0,0.0
2025-02-18 00:00:00-05:00,10.100000381469727,10.119999885559082,10.100000381469727,10.119999885559082,1200,0.0,0.0
2025-02-19 00:00:00-05:00,10.119999885559082,10.119999885559082,10.119999885559082,10.119999885559082,0,0.0,0.0
2025-02-20 00:00:00-05:00,10.130000114440918,10.130000114440918,10.130000114440918,10.130000114440918,100,0.0,0.0
2025-02-21 00:00:00-05:00,10.119999885559082,10.119999885559082,10.100000381469727,10.102999687194824,23400,0.0,0.0
2025-02-24 00:00:00-05:00,10.135000228881836,10.135000228881836,10.130000114440918,10.130000114440918,600,0.0,0.0
2025-02-25 00:00:00-05:00,10.119999885559082,10.149999618530273,10.119999885559082,10.149999618530273,700,0.0,0.0
2025-02-26 00:00:00-05:00,10.149999618530273,10.149999618530273,10.149999618530273,10.149999618530273,6800,0.0,0.0
2025-02-27 00:00:00-05:00,10.130000114440918,10.149999618530273,10.130000114440918,10.149999618530273,1000,0.0,0.0
2025-02-28 00:00:00-05:00,10.149999618530273,10.149999618530273,10.149999618530273,10.149999618530273,1000,0.0,0.0
2025-03-03 00:00:00-05:00,10.164999961853027,10.164999961853027,10.164999961853027,10.164999961853027,100,0.0,0.0
2025-03-04 00:00:00-05:00,10.15999984741211,10.15999984741211,10.149999618530273,10.15999984741211,1100,0.0,0.0
2025-03-05 00:00:00-05:00,10.149999618530273,10.149999618530273,10.149999618530273,10.149999618530273,600,0.0,0.0
2025-03-06 00:00:00-05:00,10.170000076293945,10.170000076293945,10.170000076293945,10.170000076293945,100,0.0,0.0
2025-03-07 00:00:00-05:00,10.109999656677246,10.15999984741211,10.109999656677246,10.15999984741211,300,0.0,0.0
2025-03-10 00:00:00-04:00,10.109999656677246,10.140000343322754,10.109999656677246,10.119999885559082,48100,0.0,0.0
2025-03-11 00:00:00-04:00,10.168000221252441,10.168000221252441,10.119999885559082,10.168000221252441,400,0.0,0.0
2025-03-12 00:00:00-04:00,10.138999938964844,10.159000396728516,10.109999656677246,10.149999618530273,1500,0.0,0.0
2025-03-13 00:00:00-04:00,10.109999656677246,10.126999855041504,10.109999656677246,10.126999855041504,300,0.0,0.0
2025-03-14 00:00:00-04:00,10.170000076293945,10.170000076293945,10.170000076293945,10.170000076293945,100,0.0,0.0
2025-03-17 00:00:00-04:00,10.170000076293945,10.170000076293945,10.170000076293945,10.170000076293945,0,0.0,0.0
2025-03-18 00:00:00-04:00,10.170000076293945,10.170000076293945,10.170000076293945,10.170000076293945,0,0.0,0.0
2025-03-19 00:00:00-04:00,10.170000076293945,10.170000076293945,10.170000076293945,10.170000076293945,0,0.0,0.0
2025-03-20 00:00:00-04:00,10.170000076293945,10.170000076293945,10.170000076293945,10.170000076293945,0,0.0,0.0
2025-03-21 00:00:00-04:00,10.1899995803833,10.1899995803833,10.1899995803833,10.1899995803833,200,0.0,0.0
2025-03-24 00:00:00-04:00,10.149999618530273,10.149999618530273,10.109999656677246,10.130000114440918,29800,0.0,0.0
2025-03-25 00:00:00-04:00,10.15999984741211,10.15999984741211,10.15999984741211,10.15999984741211,200,0.0,0.0
2025-03-26 00:00:00-04:00,10.109999656677246,10.170000076293945,10.109999656677246,10.170000076293945,1200,0.0,0.0
2025-03-27 00:00:00-04:00,10.170000076293945,10.170000076293945,10.170000076293945,10.170000076293945,0,0.0,0.0
2025-03-28 00:00:00-04:00,10.300000190734863,10.300000190734863,10.300000190734863,10.300000190734863,1100,0.0,0.0
2025-03-31 00:00:00-04:00,10.180000305175781,10.829999923706055,10.180000305175781,10.300000190734863,25500,0.0,0.0
2025-04-01 00:00:00-04:00,10.600000381469727,10.600000381469727,10.319999694824219,10.319999694824219,600,0.0,0.0
2025-04-02 00:00:00-04:00,10.319999694824219,10.319999694824219,10.319999694824219,10.319999694824219,0,0.0,0.0
2025-04-03 00:00:00-04:00,10.319999694824219,10.319999694824219,10.319999694824219,10.319999694824219,0,0.0,0.0
2025-04-04 00:00:00-04:00,10.319999694824219,10.319999694824219,10.319999694824219,10.319999694824219,0,0.0,0.0
2025-04-07 00:00:00-04:00,10.319999694824219,10.319999694824219,10.319999694824219,10.319999694824219,0,0.0,0.0
2025-04-08 00:00:00-04:00,10.319999694824219,10.319999694824219,10.319999694824219,10.319999694824219,0,0.0,0.0
2025-04-09 00:00:00-04:00,10.319999694824219,10.319999694824219,10.319999694824219,10.319999694824219,0,0.0,0.0
2025-04-10 00:00:00-04:00,10.319999694824219,10.319999694824219,10.319999694824219,10.319999694824219,0,0.0,0.0
2025-04-11 00:00:00-04:00,10.319999694824219,10.319999694824219,10.319999694824219,10.319999694824219,0,0.0,0.0
2025-04-14 00:00:00-04:00,10.319999694824219,10.319999694824219,10.319999694824219,10.319999694824219,0,0.0,0.0
2025-04-15 00:00:00-04:00,10.319999694824219,10.319999694824219,10.319999694824219,10.319999694824219,0,0.0,0.0
2025-04-16 00:00:00-04:00,10.170000076293945,10.25,10.15999984741211,10.25,3500,0.0,0.0
2025-04-17 00:00:00-04:00,10.25,10.25,10.25,10.25,0,0.0,0.0
2025-04-21 00:00:00-04:00,10.300000190734863,10.300000190734863,10.170000076293945,10.289999961853027,500,0.0,0.0
2025-04-22 00:00:00-04:00,10.289999961853027,10.289999961853027,10.289999961853027,10.289999961853027,0,0.0,0.0
2025-04-23 00:00:00-04:00,10.289999961853027,10.289999961853027,10.289999961853027,10.289999961853027,0,0.0,0.0
2025-04-24 00:00:00-04:00,10.289999961853027,10.289999961853027,10.289999961853027,10.289999961853027,0,0.0,0.0
2025-04-25 00:00:00-04:00,10.289999961853027,10.289999961853027,10.289999961853027,10.289999961853027,0,0.0,0.0
2025-04-28 00:00:00-04:00,10.289999961853027,10.289999961853027,10.289999961853027,10.289999961853027,0,0.0,0.0
2025-04-29 00:00:00-04:00,10.289999961853027,10.289999961853027,10.289999961853027,10.289999961853027,0,0.0,0.0
2025-04-30 00:00:00-04:00,10.289999961853027,10.289999961853027,10.289999961853027,10.289999961853027,0,0.0,0.0
2025-05-01 00:00:00-04:00,10.289999961853027,10.289999961853027,10.289999961853027,10.289999961853027,0,0.0,0.0
2025-05-02 00:00:00-04:00,10.289999961853027,10.289999961853027,10.289999961853027,10.289999961853027,0,0.0,0.0
2025-05-05 00:00:00-04:00,10.289999961853027,10.289999961853027,10.289999961853027,10.289999961853027,0,0.0,0.0
2025-05-06 00:00:00-04:00,10.289999961853027,10.289999961853027,10.289999961853027,10.289999961853027,0,0.0,0.0
2025-05-07 00:00:00-04:00,10.289999961853027,10.289999961853027,10.289999961853027,10.289999961853027,0,0.0,0.0
2025-05-08 00:00:00-04:00,10.289999961853027,10.289999961853027,10.289999961853027,10.289999961853027,0,0.0,0.0
2025-05-09 00:00:00-04:00,10.170000076293945,10.300000190734863,10.15999984741211,10.289999961853027,3400,0.0,0.0
2025-05-12 00:00:00-04:00,10.289999961853027,10.289999961853027,10.289999961853027,10.289999961853027,0,0.0,0.0
2025-05-13 00:00:00-04:00,10.289999961853027,10.289999961853027,10.289999961853027,10.289999961853027,0,0.0,0.0
2025-05-14 00:00:00-04:00,10.289999961853027,10.289999961853027,10.289999961853027,10.289999961853027,0,0.0,0.0
2025-05-15 00:00:00-04:00,10.289999961853027,10.289999961853027,10.289999961853027,10.289999961853027,0,0.0,0.0
2025-05-16 00:00:00-04:00,10.260000228881836,10.260000228881836,10.260000228881836,10.260000228881836,10000,0.0,0.0
2025-05-19 00:00:00-04:00,10.300000190734863,10.300000190734863,10.239999771118164,10.239999771118164,6000,0.0,0.0
2025-05-20 00:00:00-04:00,10.239999771118164,10.239999771118164,10.239999771118164,10.239999771118164,0,0.0,0.0
2025-05-21 00:00:00-04:00,10.239999771118164,10.239999771118164,10.239999771118164,10.239999771118164,0,0.0,0.0
2025-05-22 00:00:00-04:00,10.239999771118164,10.239999771118164,10.239999771118164,10.239999771118164,0,0.0,0.0
2025-05-23 00:00:00-04:00,10.239999771118164,10.239999771118164,10.239999771118164,10.239999771118164,0,0.0,0.0
2025-05-27 00:00:00-04:00,10.239999771118164,10.239999771118164,10.239999771118164,10.239999771118164,0,0.0,0.0
2025-05-28 00:00:00-04:00,10.380000114440918,10.380000114440918,10.380000114440918,10.380000114440918,200,0.0,0.0
2025-05-29 00:00:00-04:00,10.380000114440918,10.380000114440918,10.380000114440918,10.380000114440918,0,0.0,0.0
2025-05-30 00:00:00-04:00,10.380000114440918,10.380000114440918,10.380000114440918,10.380000114440918,0,0.0,0.0
2025-06-02 00:00:00-04:00,10.380000114440918,10.380000114440918,10.380000114440918,10.380000114440918,0,0.0,0.0
2025-06-03 00:00:00-04:00,10.380000114440918,10.380000114440918,10.380000114440918,10.380000114440918,0,0.0,0.0
2025-06-04 00:00:00-04:00,10.380000114440918,10.380000114440918,10.380000114440918,10.380000114440918,0,0.0,0.0
2025-06-05 00:00:00-04:00,10.380000114440918,10.380000114440918,10.380000114440918,10.380000114440918,0,0.0,0.0
2025-06-06 00:00:00-04:00,10.380000114440918,10.380000114440918,10.380000114440918,10.380000114440918,0,0.0,0.0
2025-06-09 00:00:00-04:00,10.380000114440918,10.380000114440918,10.380000114440918,10.380000114440918,0,0.0,0.0
2025-06-10 00:00:00-04:00,10.380000114440918,10.380000114440918,10.380000114440918,10.380000114440918,0,0.0,0.0
2025-06-11 00:00:00-04:00,10.380000114440918,10.380000114440918,10.380000114440918,10.380000114440918,0,0.0,0.0
2025-06-12 00:00:00-04:00,10.239999771118164,10.270000457763672,10.239999771118164,10.270000457763672,2000,0.0,0.0
2025-06-13 00:00:00-04:00,10.270000457763672,10.270000457763672,10.270000457763672,10.270000457763672,0,0.0,0.0
2025-06-16 00:00:00-04:00,10.260000228881836,10.300000190734863,10.260000228881836,10.300000190734863,18700,0.0,0.0
2025-06-17 00:00:00-04:00,10.300000190734863,10.300000190734863,10.300000190734863,10.300000190734863,0,0.0,0.0
2025-06-18 00:00:00-04:00,10.300000190734863,10.300000190734863,10.300000190734863,10.300000190734863,0,0.0,0.0
2025-06-20 00:00:00-04:00,10.300000190734863,10.300000190734863,10.300000190734863,10.300000190734863,0,0.0,0.0
2025-06-23 00:00:00-04:00,11.289999961853027,11.289999961853027,10.789999961853027,10.789999961853027,300,0.0,0.0
2025-06-24 00:00:00-04:00,10.789999961853027,10.789999961853027,10.789999961853027,10.789999961853027,0,0.0,0.0
2025-06-25 00:00:00-04:00,10.789999961853027,10.789999961853027,10.789999961853027,10.789999961853027,0,0.0,0.0
2025-06-26 00:00:00-04:00,10.789999961853027,10.789999961853027,10.789999961853027,10.789999961853027,0,0.0,0.0
2025-06-27 00:00:00-04:00,10.789999961853027,10.789999961853027,10.789999961853027,10.789999961853027,0,0.0,0.0
2025-06-30 00:00:00-04:00,10.789999961853027,10.789999961853027,10.789999961853027,10.789999961853027,0,0.0,0.0
2025-07-01 00:00:00-04:00,10.5,10.600000381469727,10.25,10.350000381469727,132200,0.0,0.0
2025-07-02 00:00:00-04:00,10.350000381469727,10.350000381469727,10.350000381469727,10.350000381469727,0,0.0,0.0
2025-07-03 00:00:00-04:00,10.350000381469727,10.350000381469727,10.350000381469727,10.350000381469727,0,0.0,0.0
2025-07-07 00:00:00-04:00,10.399999618530273,10.600000381469727,10.399999618530273,10.600000381469727,2500,0.0,0.0
2025-07-08 00:00:00-04:00,10.420000076293945,10.420000076293945,10.399999618530273,10.399999618530273,600,0.0,0.0
2025-07-09 00:00:00-04:00,10.399999618530273,10.399999618530273,10.399999618530273,10.399999618530273,0,0.0,0.0
2025-07-10 00:00:00-04:00,10.399999618530273,10.399999618530273,10.399999618530273,10.399999618530273,0,0.0,0.0
2025-07-11 00:00:00-04:00,10.399999618530273,10.399999618530273,10.399999618530273,10.399999618530273,0,0.0,0.0
2025-07-14 00:00:00-04:00,10.399999618530273,10.399999618530273,10.399999618530273,10.399999618530273,0,0.0,0.0
2025-07-15 00:00:00-04:00,10.600000381469727,10.600000381469727,10.600000381469727,10.600000381469727,200,0.0,0.0
2025-07-16 00:00:00-04:00,10.600000381469727,10.600000381469727,10.600000381469727,10.600000381469727,0,0.0,0.0
2025-07-17 00:00:00-04:00,10.600000381469727,10.600000381469727,10.600000381469727,10.600000381469727,0,0.0,0.0
2025-07-18 00:00:00-04:00,10.600000381469727,10.600000381469727,10.600000381469727,10.600000381469727,0,0.0,0.0
2025-07-21 00:00:00-04:00,10.600000381469727,10.600000381469727,10.600000381469727,10.600000381469727,0,0.0,0.0
2025-07-22 00:00:00-04:00,10.600000381469727,10.600000381469727,10.600000381469727,10.600000381469727,0,0.0,0.0
2025-07-23 00:00:00-04:00,10.600000381469727,10.600000381469727,10.600000381469727,10.600000381469727,0,0.0,0.0
2025-07-24 00:00:00-04:00,10.460000038146973,10.460000038146973,10.449999809265137,10.449999809265137,900,0.0,0.0
2025-07-25 00:00:00-04:00,10.449999809265137,10.449999809265137,10.449999809265137,10.449999809265137,0,0.0,0.0
2025-07-28 00:00:00-04:00,10.989999771118164,10.989999771118164,10.449999809265137,10.449999809265137,700,0.0,0.0
2025-07-29 00:00:00-04:00,10.449999809265137,10.449999809265137,10.449999809265137,10.449999809265137,0,0.0,0.0
2025-07-30 00:00:00-04:00,10.460000038146973,10.460000038146973,10.449999809265137,10.449999809265137,1400,0.0,0.0
2025-07-31 00:00:00-04:00,10.449999809265137,10.449999809265137,10.449999809265137,10.449999809265137,0,0.0,0.0
2025-08-01 00:00:00-04:00,10.449999809265137,10.449999809265137,10.449999809265137,10.449999809265137,0,0.0,0.0
2025-08-04 00:00:00-04:00,10.449999809265137,10.449999809265137,10.449999809265137,10.449999809265137,100,0.0,0.0
2025-08-05 00:00:00-04:00,10.449999809265137,10.449999809265137,10.449999809265137,10.449999809265137,100,0.0,0.0
2025-08-06 00:00:00-04:00,10.449999809265137,10.449999809265137,10.449999809265137,10.449999809265137,0,0.0,0.0
2025-08-07 00:00:00-04:00,10.449999809265137,10.449999809265137,10.449999809265137,10.449999809265137,0,0.0,0.0
2025-08-08 00:00:00-04:00,10.449999809265137,10.449999809265137,10.449999809265137,10.449999809265137,0,0.0,0.0
2025-08-11 00:00:00-04:00,10.449999809265137,10.449999809265137,10.449999809265137,10.449999809265137,0,0.0,0.0
2025-08-12 00:00:00-04:00,10.449999809265137,10.449999809265137,10.449999809265137,10.449999809265137,0,0.0,0.0
2025-08-13 00:00:00-04:00,10.449999809265137,10.449999809265137,10.449999809265137,10.449999809265137,0,0.0,0.0
2025-08-14 00:00:00-04:00,10.449999809265137,10.449999809265137,10.449999809265137,10.449999809265137,0,0.0,0.0
2025-08-15 00:00:00-04:00,10.449999809265137,10.449999809265137,10.449999809265137,10.449999809265137,0,0.0,0.0
2025-08-18 00:00:00-04:00,10.449999809265137,10.449999809265137,10.449999809265137,10.449999809265137,100,0.0,0.0
2025-08-19 00:00:00-04:00,10.449999809265137,10.449999809265137,10.449999809265137,10.449999809265137,0,0.0,0.0
2025-08-20 00:00:00-04:00,10.449999809265137,10.449999809265137,10.449999809265137,10.449999809265137,200,0.0,0.0
2025-08-21 00:00:00-04:00,10.449999809265137,10.449999809265137,10.449999809265137,10.449999809265137,0,0.0,0.0
2025-08-22 00:00:00-04:00,10.449999809265137,10.449999809265137,10.449999809265137,10.449999809265137,0,0.0,0.0
2025-08-25 00:00:00-04:00,10.449999809265137,10.449999809265137,10.449999809265137,10.449999809265137,0,0.0,0.0
2025-08-26 00:00:00-04:00,10.449999809265137,10.449999809265137,10.449999809265137,10.449999809265137,100,0.0,0.0
2025-08-27 00:00:00-04:00,10.449999809265137,10.449999809265137,10.449999809265137,10.449999809265137,0,0.0,0.0
2025-08-28 00:00:00-04:00,10.449999809265137,10.449999809265137,10.449999809265137,10.449999809265137,100,0.0,0.0
2025-08-29 00:00:00-04:00,10.449999809265137,10.449999809265137,10.449999809265137,10.449999809265137,100,0.0,0.0
2025-09-02 00:00:00-04:00,10.449999809265137,10.449999809265137,10.449999809265137,10.449999809265137,0,0.0,0.0
2025-09-03 00:00:00-04:00,10.449999809265137,10.449999809265137,10.449999809265137,10.449999809265137,0,0.0,0.0
2025-09-04 00:00:00-04:00,10.449999809265137,10.449999809265137,10.449999809265137,10.449999809265137,0,0.0,0.0
2025-09-05 00:00:00-04:00,10.449999809265137,10.449999809265137,10.449999809265137,10.449999809265137,0,0.0,0.0
2025-09-08 00:00:00-04:00,10.449999809265137,10.449999809265137,10.449999809265137,10.449999809265137,0,0.0,0.0
2025-09-09 00:00:00-04:00,10.449999809265137,10.449999809265137,10.449999809265137,10.449999809265137,0,0.0,0.0
2025-09-10 00:00:00-04:00,10.449999809265137,10.449999809265137,10.449999809265137,10.449999809265137,0,0.0,0.0
2025-09-11 00:00:00-04:00,10.449999809265137,10.449999809265137,10.449999809265137,10.449999809265137,0,0.0,0.0
2025-09-12 00:00:00-04:00,10.449999809265137,10.449999809265137,10.449999809265137,10.449999809265137,0,0.0,0.0
2025-09-15 00:00:00-04:00,10.449999809265137,10.449999809265137,10.449999809265137,10.449999809265137,0,0.0,0.0
2025-09-16 00:00:00-04:00,10.449999809265137,10.449999809265137,10.449999809265137,10.449999809265137,0,0.0,0.0
2025-09-17 00:00:00-04:00,10.449999809265137,10.449999809265137,10.449999809265137,10.449999809265137,0,0.0,0.0
2025-09-18 00:00:00-04:00,10.449999809265137,10.449999809265137,10.449999809265137,10.449999809265137,0,0.0,0.0
2025-09-19 00:00:00-04:00,10.449999809265137,10.449999809265137,10.449999809265137,10.449999809265137,0,0.0,0.0
2025-09-22 00:00:00-04:00,10.449999809265137,10.449999809265137,10.449999809265137,10.449999809265137,0,0.0,0.0
2025-09-23 00:00:00-04:00,10.449999809265137,10.449999809265137,10.449999809265137,10.449999809265137,0,0.0,0.0
2025-09-24 00:00:00-04:00,10.449999809265137,10.449999809265137,10.449999809265137,10.449999809265137,0,0.0,0.0
2025-09-25 00:00:00-04:00,10.449999809265137,10.449999809265137,10.449999809265137,10.449999809265137,0,0.0,0.0
2025-09-26 00:00:00-04:00,10.449999809265137,10.449999809265137,10.449999809265137,10.449999809265137,0,0.0,0.0
2025-09-29 00:00:00-04:00,10.449999809265137,10.449999809265137,10.449999809265137,10.449999809265137,0,0.0,0.0
2025-09-30 00:00:00-04:00,10.449999809265137,10.449999809265137,10.449999809265137,10.449999809265137,0,0.0,0.0
2025-10-01 00:00:00-04:00,10.449999809265137,10.449999809265137,10.449999809265137,10.449999809265137,0,0.0,0.0
2025-10-02 00:00:00-04:00,10.449999809265137,10.449999809265137,10.449999809265137,10.449999809265137,0,0.0,0.0
2025-10-03 00:00:00-04:00,10.449999809265137,10.449999809265137,10.449999809265137,10.449999809265137,0,0.0,0.0
2025-10-06 00:00:00-04:00,10.449999809265137,10.449999809265137,10.449999809265137,10.449999809265137,0,0.0,0.0
2025-10-07 00:00:00-04:00,10.449999809265137,10.449999809265137,10.449999809265137,10.449999809265137,0,0.0,0.0
2025-10-08 00:00:00-04:00,10.449999809265137,10.449999809265137,10.449999809265137,10.449999809265137,0,0.0,0.0
2025-10-09 00:00:00-04:00,10.449999809265137,10.449999809265137,10.449999809265137,10.449999809265137,0,0.0,0.0
2025-10-10 00:00:00-04:00,10.449999809265137,10.449999809265137,10.449999809265137,10.449999809265137,0,0.0,0.0
2025-10-13 00:00:00-04:00,10.449999809265137,10.449999809265137,10.449999809265137,10.449999809265137,0,0.0,0.0
2025-10-14 00:00:00-04:00,10.420000076293945,10.420000076293945,10.399999618530273,10.399999618530273,500,0.0,0.0
2025-10-15 00:00:00-04:00,10.399999618530273,10.420000076293945,10.399999618530273,10.40999984741211,1500,0.0,0.0
2025-10-16 00:00:00-04:00,10.40999984741211,10.40999984741211,10.40999984741211,10.40999984741211,0,0.0,0.0
2025-10-17 00:00:00-04:00,10.40999984741211,10.40999984741211,10.40999984741211,10.40999984741211,0,0.0,0.0
2025-10-20 00:00:00-04:00,10.40999984741211,10.40999984741211,10.40999984741211,10.40999984741211,0,0.0,0.0
2025-10-21 00:00:00-04:00,10.40999984741211,10.40999984741211,10.40999984741211,10.40999984741211,0,0.0,0.0
2025-10-22 00:00:00-04:00,10.40999984741211,10.40999984741211,10.40999984741211,10.40999984741211,0,0.0,0.0
2025-10-23 00:00:00-04:00,10.40999984741211,10.40999984741211,10.40999984741211,10.40999984741211,0,0.0,0.0
2025-10-24 00:00:00-04:00,10.40999984741211,10.40999984741211,10.40999984741211,10.40999984741211,0,0.0,0.0
2025-10-27 00:00:00-04:00,10.40999984741211,10.40999984741211,10.40999984741211,10.40999984741211,0,0.0,0.0
2025-10-28 00:00:00-04:00,10.40999984741211,10.40999984741211,10.40999984741211,10.40999984741211,0,0.0,0.0
2025-10-29 00:00:00-04:00,10.470000267028809,10.470000267028809,10.470000267028809,10.470000267028809,200,0.0,0.0
2025-10-30 00:00:00-04:00,10.470000267028809,10.470000267028809,10.470000267028809,10.470000267028809,0,0.0,0.0
2025-10-31 00:00:00-04:00,10.470000267028809,10.470000267028809,10.470000267028809,10.470000267028809,0,0.0,0.0
2025-11-03 00:00:00-05:00,10.470000267028809,10.470000267028809,10.470000267028809,10.470000267028809,0,0.0,0.0
2025-11-04 00:00:00-05:00,10.470000267028809,10.470000267028809,10.470000267028809,10.470000267028809,0,0.0,0.0
2025-11-05 00:00:00-05:00,10.489999771118164,10.489999771118164,10.489999771118164,10.489999771118164,400,0.0,0.0
2025-11-06 00:00:00-05:00,10.489999771118164,10.489999771118164,10.489999771118164,10.489999771118164,0,0.0,0.0
2025-11-07 00:00:00-05:00,10.489999771118164,10.489999771118164,10.489999771118164,10.489999771118164,0,0.0,0.0
2025-11-10 00:00:00-05:00,10.489999771118164,10.489999771118164,10.489999771118164,10.489999771118164,0,0.0,0.0
2025-11-11 00:00:00-05:00,10.489999771118164,10.489999771118164,10.489999771118164,10.489999771118164,300,0.0,0.0
2025-11-12 00:00:00-05:00,10.5,10.510000228881836,10.5,10.510000228881836,700,0.0,0.0
2025-11-13 00:00:00-05:00,10.510000228881836,10.510000228881836,10.510000228881836,10.510000228881836,0,0.0,0.0
2025-11-14 00:00:00-05:00,10.510000228881836,10.510000228881836,10.510000228881836,10.510000228881836,0,0.0,0.0
2025-11-17 00:00:00-05:00,10.510000228881836,10.510000228881836,10.510000228881836,10.510000228881836,0,0.0,0.0
2025-11-18 00:00:00-05:00,10.510000228881836,10.510000228881836,10.510000228881836,10.510000228881836,0,0.0,0.0
2025-11-19 00:00:00-05:00,10.510000228881836,10.510000228881836,10.510000228881836,10.510000228881836,0,0.0,0.0
2025-11-20 00:00:00-05:00,10.510000228881836,10.510000228881836,10.510000228881836,10.510000228881836,0,0.0,0.0
2025-11-21 00:00:00-05:00,10.510000228881836,10.510000228881836,10.510000228881836,10.510000228881836,0,0.0,0.0
2025-11-24 00:00:00-05:00,10.510000228881836,10.510000228881836,10.510000228881836,10.510000228881836,0,0.0,0.0
2025-11-25 00:00:00-05:00,10.510000228881836,10.510000228881836,10.510000228881836,10.510000228881836,0,0.0,0.0
2025-11-26 00:00:00-05:00,10.510000228881836,10.510000228881836,10.510000228881836,10.510000228881836,0,0.0,0.0
2025-11-28 00:00:00-05:00,10.510000228881836,10.510000228881836,10.510000228881836,10.510000228881836,0,0.0,0.0
2025-12-01 00:00:00-05:00,10.510000228881836,10.510000228881836,10.510000228881836,10.510000228881836,0,0.0,0.0
2025-12-02 00:00:00-05:00,10.510000228881836,10.510000228881836,10.510000228881836,10.510000228881836,0,0.0,0.0
2025-12-03 00:00:00-05:00,10.510000228881836,10.510000228881836,10.510000228881836,10.510000228881836,0,0.0,0.0
2025-12-04 00:00:00-05:00,10.510000228881836,10.510000228881836,10.510000228881836,10.510000228881836,0,0.0,0.0
2025-12-05 00:00:00-05:00,10.510000228881836,10.510000228881836,10.510000228881836,10.510000228881836,0,0.0,0.0
2025-12-08 00:00:00-05:00,10.510000228881836,10.510000228881836,10.510000228881836,10.510000228881836,0,0.0,0.0
2025-12-09 00:00:00-05:00,10.510000228881836,10.510000228881836,10.510000228881836,10.510000228881836,0,0.0,0.0
2025-12-10 00:00:00-05:00,10.4399995803833,10.479999542236328,10.420000076293945,10.470000267028809,1600,0.0,0.0
2025-12-11 00:00:00-05:00,10.470000267028809,10.470000267028809,10.470000267028809,10.470000267028809,0,0.0,0.0
2025-12-12 00:00:00-05:00,10.470000267028809,10.470000267028809,10.470000267028809,10.470000267028809,0,0.0,0.0
2025-12-15 00:00:00-05:00,10.470000267028809,10.470000267028809,10.470000267028809,10.470000267028809,0,0.0,0.0
2025-12-16 00:00:00-05:00,10.479999542236328,10.479999542236328,10.479999542236328,10.479999542236328,100,0.0,0.0
2025-12-17 00:00:00-05:00,10.479999542236328,10.479999542236328,10.479999542236328,10.479999542236328,0,0.0,0.0
2025-12-18 00:00:00-05:00,10.479999542236328,10.479999542236328,10.479999542236328,10.479999542236328,0,0.0,0.0
2025-12-19 00:00:00-05:00,10.479999542236328,10.479999542236328,10.479999542236328,10.479999542236328,0,0.0,0.0
2025-12-22 00:00:00-05:00,10.479999542236328,10.479999542236328,10.479999542236328,10.479999542236328,0,0.0,0.0
2025-12-23 00:00:00-05:00,10.479999542236328,10.479999542236328,10.479999542236328,10.479999542236328,0,0.0,0.0
2025-12-24 00:00:00-05:00,10.479999542236328,10.479999542236328,10.479999542236328,10.479999542236328,0,0.0,0.0
2025-12-26 00:00:00-05:00,10.479999542236328,10.479999542236328,10.479999542236328,10.479999542236328,0,0.0,0.0
2025-12-29 00:00:00-05:00,10.479999542236328,10.479999542236328,10.479999542236328,10.479999542236328,0,0.0,0.0
2025-12-30 00:00:00-05:00,10.479999542236328,10.479999542236328,10.479999542236328,10.479999542236328,0,0.0,0.0
2025-12-31 00:00:00-05:00,10.479999542236328,10.479999542236328,10.479999542236328,10.479999542236328,0,0.0,0.0
2026-01-02 00:00:00-05:00,10.479999542236328,10.479999542236328,10.479999542236328,10.479999542236328,0,0.0,0.0
2026-01-05 00:00:00-05:00,10.479999542236328,10.479999542236328,10.479999542236328,10.479999542236328,0,0.0,0.0
2026-01-06 00:00:00-05:00,10.479999542236328,10.479999542236328,10.479999542236328,10.479999542236328,0,0.0,0.0
2026-01-07 00:00:00-05:00,10.479999542236328,10.479999542236328,10.479999542236328,10.479999542236328,0,0.0,0.0
2026-01-08 00:00:00-05:00,10.479999542236328,10.479999542236328,10.479999542236328,10.479999542236328,0,0.0,0.0
2026-01-09 00:00:00-05:00,10.479999542236328,10.479999542236328,10.479999542236328,10.479999542236328,0,0.0,0.0
2026-01-12 00:00:00-05:00,10.479999542236328,10.479999542236328,10.479999542236328,10.479999542236328,0,0.0,0.0
2026-01-13 00:00:00-05:00,10.479999542236328,10.479999542236328,10.479999542236328,10.479999542236328,0,0.0,0.0
2026-01-14 00:00:00-05:00,10.479999542236328,10.479999542236328,10.479999542236328,10.479999542236328,0,0.0,0.0
2026-01-15 00:00:00-05:00,10.479999542236328,10.479999542236328,10.479999542236328,10.479999542236328,0,0.0,0.0
2026-01-16 00:00:00-05:00,10.479999542236328,10.479999542236328,10.479999542236328,10.479999542236328,0,0.0,0.0
2026-01-20 00:00:00-05:00,10.479999542236328,10.479999542236328,10.479999542236328,10.479999542236328,0,0.0,0.0
2026-01-21 00:00:00-05:00,10.479999542236328,10.479999542236328,10.479999542236328,10.479999542236328,0,0.0,0.0
2026-01-22 00:00:00-05:00,10.479999542236328,10.479999542236328,10.479999542236328,10.479999542236328,0,0.0,0.0
2026-01-23 00:00:00-05:00,10.479999542236328,10.479999542236328,10.479999542236328,10.479999542236328,0,0.0,0.0
2026-01-26 00:00:00-05:00,10.479999542236328,10.479999542236328,10.479999542236328,10.479999542236328,0,0.0,0.0
2026-01-27 00:00:00-05:00,10.479999542236328,10.479999542236328,10.479999542236328,10.479999542236328,0,0.0,0.0
2026-01-28 00:00:00-05:00,10.479999542236328,10.479999542236328,10.479999542236328,10.479999542236328,0,0.0,0.0
2026-01-29 00:00:00-05:00,10.479999542236328,10.479999542236328,10.479999542236328,10.479999542236328,0,0.0,0.0
2026-01-30 00:00:00-05:00,10.479999542236328,10.479999542236328,10.479999542236328,10.479999542236328,0,0.0,0.0
2026-02-02 00:00:00-05:00,10.479999542236328,10.479999542236328,10.479999542236328,10.479999542236328,0,0.0,0.0
2026-02-03 00:00:00-05:00,10.479999542236328,10.479999542236328,10.479999542236328,10.479999542236328,0,0.0,0.0
2026-02-04 00:00:00-05:00,10.479999542236328,10.479999542236328,10.479999542236328,10.479999542236328,0,0.0,0.0
2026-02-05 00:00:00-05:00,10.479999542236328,10.479999542236328,10.479999542236328,10.479999542236328,0,0.0,0.0
2026-02-06 00:00:00-05:00,10.479999542236328,10.479999542236328,10.479999542236328,10.479999542236328,0,0.0,0.0
2026-02-09 00:00:00-05:00,10.479999542236328,10.479999542236328,10.479999542236328,10.479999542236328,0,0.0,0.0
2026-02-10 00:00:00-05:00,10.479999542236328,10.479999542236328,10.479999542236328,10.479999542236328,0,0.0,0.0
2026-02-11 00:00:00-05:00,10.479999542236328,10.479999542236328,10.479999542236328,10.479999542236328,0,0.0,0.0
2026-02-12 00:00:00-05:00,10.479999542236328,10.479999542236328,10.479999542236328,10.479999542236328,0,0.0,0.0
2026-02-13 00:00:00-05:00,10.479999542236328,10.479999542236328,10.479999542236328,10.479999542236328,0,0.0,0.0
2026-02-17 00:00:00-05:00,10.479999542236328,10.479999542236328,10.479999542236328,10.479999542236328,0,0.0,0.0
2026-02-18 00:00:00-05:00,10.479999542236328,10.479999542236328,10.479999542236328,10.479999542236328,0,0.0,0.0
2026-02-19 00:00:00-05:00,10.479999542236328,10.479999542236328,10.479999542236328,10.479999542236328,0,0.0,0.0
2026-02-20 00:00:00-05:00,10.479999542236328,10.479999542236328,10.479999542236328,10.479999542236328,0,0.0,0.0
2026-02-23 00:00:00-05:00,10.479999542236328,10.479999542236328,10.479999542236328,10.479999542236328,0,0.0,0.0
2026-02-24 00:00:00-05:00,10.479999542236328,10.479999542236328,10.479999542236328,10.479999542236328,0,0.0,0.0
2026-02-25 00:00:00-05:00,10.479999542236328,10.479999542236328,10.479999542236328,10.479999542236328,0,0.0,0.0
2026-02-26 00:00:00-05:00,10.479999542236328,10.479999542236328,10.479999542236328,10.479999542236328,0,0.0,0.0
2026-02-27 00:00:00-05:00,10.479999542236328,10.479999542236328,10.479999542236328,10.479999542236328,0,0.0,0.0
2026-03-02 00:00:00-05:00,11.779999732971191,11.779999732971191,11.779999732971191,11.779999732971191,2000,0.0,0.0
2026-03-03 00:00:00-05:00,11.779999732971191,11.779999732971191,11.779999732971191,11.779999732971191,0,0.0,0.0
2026-03-04 00:00:00-05:00,11.779999732971191,11.779999732971191,11.779999732971191,11.779999732971191,0,0.0,0.0
2026-03-05 00:00:00-05:00,11.779999732971191,11.779999732971191,11.779999732971191,11.779999732971191,0,0.0,0.0
2026-03-06 00:00:00-05:00,11.779999732971191,11.779999732971191,11.779999732971191,11.779999732971191,0,0.0,0.0
2026-03-09 00:00:00-04:00,11.779999732971191,11.779999732971191,11.779999732971191,11.779999732971191,0,0.0,0.0
2026-03-10 00:00:00-04:00,11.779999732971191,11.779999732971191,11.779999732971191,11.779999732971191,0,0.0,0.0
2026-03-11 00:00:00-04:00,11.779999732971191,11.779999732971191,11.779999732971191,11.779999732971191,0,0.0,0.0
2026-03-12 00:00:00-04:00,11.779999732971191,11.779999732971191,11.779999732971191,11.779999732971191,0,0.0,0.0
2026-03-13 00:00:00-04:00,11.779999732971191,11.779999732971191,11.779999732971191,11.779999732971191,0,0.0,0.0
2026-03-16 00:00:00-04:00,11.779999732971191,11.779999732971191,11.779999732971191,11.779999732971191,0,0.0,0.0
2026-03-17 00:00:00-04:00,11.779999732971191,11.779999732971191,11.779999732971191,11.779999732971191,0,0.0,0.0
2026-03-18 00:00:00-04:00,11.779999732971191,11.779999732971191,11.779999732971191,11.779999732971191,0,0.0,0.0
2026-03-19 00:00:00-04:00,11.779999732971191,11.779999732971191,11.779999732971191,11.779999732971191,0,0.0,0.0
2026-03-20 00:00:00-04:00,11.779999732971191,11.779999732971191,11.779999732971191,11.779999732971191,0,0.0,0.0
2026-03-23 00:00:00-04:00,11.779999732971191,11.779999732971191,11.779999732971191,11.779999732971191,0,0.0,0.0
2026-03-24 00:00:00-04:00,11.779999732971191,11.779999732971191,11.779999732971191,11.779999732971191,0,0.0,0.0
2026-03-25 00:00:00-04:00,11.779999732971191,11.779999732971191,11.779999732971191,11.779999732971191,0,0.0,0.0
2026-03-26 00:00:00-04:00,11.779999732971191,11.779999732971191,11.779999732971191,11.779999732971191,0,0.0,0.0
2026-03-27 00:00:00-04:00,11.779999732971191,11.779999732971191,11.779999732971191,11.779999732971191,0,0.0,0.0
2026-03-30 00:00:00-04:00,11.779999732971191,11.779999732971191,11.779999732971191,11.779999732971191,0,0.0,0.0
2026-03-31 00:00:00-04:00,11.779999732971191,11.779999732971191,11.779999732971191,11.779999732971191,0,0.0,0.0
2026-04-01 00:00:00-04:00,11.779999732971191,11.779999732971191,11.779999732971191,11.779999732971191,0,0.0,0.0
2026-04-02 00:00:00-04:00,11.779999732971191,11.779999732971191,11.779999732971191,11.779999732971191,0,0.0,0.0
2026-04-06 00:00:00-04:00,11.779999732971191,11.779999732971191,11.779999732971191,11.779999732971191,0,0.0,0.0
2026-04-07 00:00:00-04:00,11.779999732971191,11.779999732971191,11.779999732971191,11.779999732971191,0,0.0,0.0
2026-04-08 00:00:00-04:00,11.779999732971191,11.779999732971191,11.779999732971191,11.779999732971191,0,0.0,0.0
2026-04-09 00:00:00-04:00,11.779999732971191,11.779999732971191,11.779999732971191,11.779999732971191,0,0.0,0.0
2026-04-10 00:00:00-04:00,11.779999732971191,11.779999732971191,11.779999732971191,11.779999732971191,0,0.0,0.0
2026-04-13 00:00:00-04:00,11.779999732971191,11.779999732971191,11.779999732971191,11.779999732971191,0,0.0,0.0
2026-04-14 00:00:00-04:00,11.779999732971191,11.779999732971191,11.779999732971191,11.779999732971191,0,0.0,0.0
2026-04-15 00:00:00-04:00,11.779999732971191,11.779999732971191,11.779999732971191,11.779999732971191,0,0.0,0.0
2026-04-16 00:00:00-04:00,11.779999732971191,11.779999732971191,11.779999732971191,11.779999732971191,0,0.0,0.0
2026-04-17 00:00:00-04:00,11.779999732971191,11.779999732971191,11.779999732971191,11.779999732971191,0,0.0,0.0
2026-04-20 00:00:00-04:00,11.680000305175781,11.680000305175781,11.680000305175781,11.680000305175781,200,0.0,0.0
2026-04-21 00:00:00-04:00,11.680000305175781,11.680000305175781,11.680000305175781,11.680000305175781,0,0.0,0.0
2026-04-22 00:00:00-04:00,11.680000305175781,11.680000305175781,11.680000305175781,11.680000305175781,0,0.0,0.0
2026-04-23 00:00:00-04:00,11.680000305175781,11.680000305175781,11.680000305175781,11.680000305175781,0,0.0,0.0
2026-04-24 00:00:00-04:00,11.680000305175781,11.680000305175781,11.680000305175781,11.680000305175781,0,0.0,0.0
2026-04-27 00:00:00-04:00,11.680000305175781,11.680000305175781,11.680000305175781,11.680000305175781,0,0.0,0.0
2026-04-28 00:00:00-04:00,11.680000305175781,11.680000305175781,11.680000305175781,11.680000305175781,0,0.0,0.0
2026-04-29 00:00:00-04:00,11.680000305175781,11.680000305175781,11.680000305175781,11.680000305175781,0,0.0,0.0
2026-04-30 00:00:00-04:00,11.680000305175781,11.680000305175781,11.680000305175781,11.680000305175781,0,0.0,0.0
2026-05-01 00:00:00-04:00,10.489999771118164,10.5,10.479999542236328,10.479999542236328,500,0.0,0.0
2026-05-04 00:00:00-04:00,10.479999542236328,10.479999542236328,10.479999542236328,10.479999542236328,0,0.0,0.0
2026-05-05 00:00:00-04:00,10.479999542236328,10.479999542236328,10.479999542236328,10.479999542236328,0,0.0,0.0
2026-05-06 00:00:00-04:00,10.479999542236328,10.479999542236328,10.479999542236328,10.479999542236328,0,0.0,0.0
2026-05-07 00:00:00-04:00,10.479999542236328,10.479999542236328,10.479999542236328,10.479999542236328,0,0.0,0.0
2026-05-08 00:00:00-04:00,10.479999542236328,10.479999542236328,10.479999542236328,10.479999542236328,0,0.0,0.0
2026-05-11 00:00:00-04:00,10.479999542236328,10.479999542236328,10.479999542236328,10.479999542236328,0,0.0,0.0
2026-05-12 00:00:00-04:00,10.479999542236328,10.479999542236328,10.479999542236328,10.479999542236328,0,0.0,0.0
2026-05-13 00:00:00-04:00,10.479999542236328,10.479999542236328,10.479999542236328,10.479999542236328,0,0.0,0.0
2026-05-14 00:00:00-04:00,10.479999542236328,10.479999542236328,10.479999542236328,10.479999542236328,0,0.0,0.0
2026-05-15 00:00:00-04:00,10.479999542236328,10.479999542236328,10.479999542236328,10.479999542236328,0,0.0,0.0
2026-05-18 00:00:00-04:00,10.479999542236328,10.479999542236328,10.479999542236328,10.479999542236328,0,0.0,0.0
2026-05-19 00:00:00-04:00,10.479999542236328,10.479999542236328,10.479999542236328,10.479999542236328,0,0.0,0.0
2026-05-20 00:00:00-04:00,11.239999771118164,12.0,11.239999771118164,12.0,3600,0.0,0.0
2026-05-21 00:00:00-04:00,12.699999809265137,12.699999809265137,12.699999809265137,12.699999809265137,400,0.0,0.0
2026-05-22 00:00:00-04:00,12.0,12.0,12.0,12.0,400,0.0,0.0
2026-05-26 00:00:00-04:00,12.0,12.0,10.449999809265137,10.449999809265137,1500,0.0,0.0
2026-05-27 00:00:00-04:00,10.449999809265137,10.449999809265137,10.449999809265137,10.449999809265137,0,0.0,0.0
2026-05-28 00:00:00-04:00,10.449999809265137,10.449999809265137,10.449999809265137,10.449999809265137,0,0.0,0.0
2026-05-29 00:00:00-04:00,10.449999809265137,10.449999809265137,10.449999809265137,10.449999809265137,0,0.0,0.0
2026-06-01 00:00:00-04:00,10.989999771118164,10.989999771118164,10.449999809265137,10.449999809265137,400,0.0,0.0
2026-06-02 00:00:00-04:00,10.460000038146973,10.460000038146973,10.460000038146973,10.460000038146973,400,0.0,0.0
2026-06-03 00:00:00-04:00,10.460000038146973,10.460000038146973,10.460000038146973,10.460000038146973,0,0.0,0.0
2026-06-04 00:00:00-04:00,10.460000038146973,10.460000038146973,10.460000038146973,10.460000038146973,0,0.0,0.0
2026-06-05 00:00:00-04:00,10.460000038146973,10.460000038146973,10.460000038146973,10.460000038146973,0,0.0,0.0
2026-06-08 00:00:00-04:00,11.890000343322754,11.890000343322754,11.890000343322754,11.890000343322754,1000,0.0,0.0
2026-06-09 00:00:00-04:00,11.890000343322754,11.890000343322754,11.890000343322754,11.890000343322754,0,0.0,0.0
2026-06-10 00:00:00-04:00,11.890000343322754,11.890000343322754,11.890000343322754,11.890000343322754,0,0.0,0.0
2026-06-11 00:00:00-04:00,13.0,13.789999961853027,11.149999618530273,11.489999771118164,4900,0.0,0.0
2026-06-12 00:00:00-04:00,12.390000343322754,16.40999984741211,11.100000381469727,13.100000381469727,14300,0.0,0.0
2026-06-15 00:00:00-04:00,12.0,16.600000381469727,11.550000190734863,16.190000534057617,16300,0.0,0.0
2026-06-16 00:00:00-04:00,14.5,16.469999313354492,11.149999618530273,12.609999656677246,34700,0.0,0.0
2026-06-17 00:00:00-04:00,13.34000015258789,13.34000015258789,12.600000381469727,12.729999542236328,2700,0.0,0.0
2026-06-18 00:00:00-04:00,11.489999771118164,13.800000190734863,11.319999694824219,13.75,11900,0.0,0.0
2026-06-22 00:00:00-04:00,12.800000190734863,15.399999618530273,12.050000190734863,13.0,24500,0.0,0.0
2026-06-23 00:00:00-04:00,12.510000228881836,12.800000190734863,11.270000457763672,11.609999656677246,4600,0.0,0.0
2026-06-24 00:00:00-04:00,12.699999809265137,12.699999809265137,12.699999809265137,12.699999809265137,300,0.0,0.0
2026-06-25 00:00:00-04:00,12.699999809265137,12.699999809265137,12.699999809265137,12.699999809265137,0,0.0,0.0
2026-06-26 00:00:00-04:00,12.699999809265137,12.699999809265137,12.699999809265137,12.699999809265137,0,0.0,0.0
2026-06-29 00:00:00-04:00,12.699999809265137,12.699999809265137,12.699999809265137,12.699999809265137,0,0.0,0.0
2026-06-30 00:00:00-04:00,11.119999885559082,11.149999618530273,10.430000305175781,10.899999618530273,1900,0.0,0.0
2026-07-01 00:00:00-04:00,10.8100004196167,10.84000015258789,10.8100004196167,10.84000015258789,600,0.0,0.0
2026-07-02 00:00:00-04:00,10.84000015258789,10.84000015258789,10.84000015258789,10.84000015258789,0,0.0,0.0
2026-07-06 00:00:00-04:00,11.199999809265137,11.199999809265137,11.199999809265137,11.199999809265137,200,0.0,0.0
2026-07-07 00:00:00-04:00,11.199999809265137,11.199999809265137,11.199999809265137,11.199999809265137,0,0.0,0.0
2026-07-08 00:00:00-04:00,11.199999809265137,11.199999809265137,11.199999809265137,11.199999809265137,0,0.0,0.0
2026-07-09 00:00:00-04:00,11.199999809265137,11.199999809265137,11.199999809265137,11.199999809265137,0,0.0,0.0
2026-07-10 00:00:00-04:00,11.199999809265137,11.199999809265137,11.199999809265137,11.199999809265137,0,0.0,0.0
2026-07-13 00:00:00-04:00,11.199999809265137,11.199999809265137,11.199999809265137,11.199999809265137,0,0.0,0.0
2026-07-14 00:00:00-04:00,10.8100004196167,11.079999923706055,10.8100004196167,10.850000381469727,1300,0.0,0.0
2026-07-15 00:00:00-04:00,10.850000381469727,10.850000381469727,10.850000381469727,10.850000381469727,0,0.0,0.0
2026-07-16 00:00:00-04:00,11.1899995803833,11.1899995803833,11.1899995803833,11.1899995803833,500,0.0,0.0
2026-07-17 00:00:00-04:00,11.1899995803833,11.1899995803833,11.1899995803833,11.1899995803833,0,0.0,0.0
2026-07-20 00:00:00-04:00,11.1899995803833,11.1899995803833,11.1899995803833,11.1899995803833,0,0.0,0.0
2026-07-21 00:00:00-04:00,11.1899995803833,11.1899995803833,11.1899995803833,11.1899995803833,0,0.0,0.0
2026-07-22 00:00:00-04:00,10.8100004196167,10.8100004196167,10.8100004196167,10.8100004196167,100,0.0,0.0
2026-07-23 00:00:00-04:00,10.75,10.75,10.729999542236328,10.729999542236328,300,0.0,0.0
2026-07-24 00:00:00-04:00,10.729999542236328,10.729999542236328,10.729999542236328,10.729999542236328,0,0.0,0.0
2026-07-27 00:00:00-04:00,10.729999542236328,10.729999542236328,10.729999542236328,10.729999542236328,0,0.0,0.0
2026-07-28 00:00:00-04:00,10.729999542236328,10.729999542236328,10.729999542236328,10.729999542236328,500,0.0,0.0
2026-07-29 00:00:00-04:00,10.729999542236328,10.729999542236328,10.729999542236328,10.729999542236328,0,0.0,0.0
2026-07-30 00:00:00-04:00,10.729999542236328,10.770000457763672,10.729999542236328,10.770000457763672,300,0.0,0.0
2026-07-31 00:00:00-04:00,10.770000457763672,10.770000457763672,10.770000457763672,10.770000457763672,0,0.0,0.0
2026-08-03 00:00:00-04:00,10.770000457763672,10.770000457763672,10.770000457763672,10.770000457763672,0,0.0,0.0
2026-08-04 00:00:00-04:00,10.770000457763672,10.770000457763672,10.770000457763672,10.770000457763672,0,0.0,0.0
2026-08-05 00:00:00-04:00,10.770000457763672,10.770000457763672,10.770000457763672,10.770000457763672,0,0.0,0.0
2026-08-06 00:00:00-04:00,10.770000457763672,10.770000457763672,10.770000457763672,10.770000457763672,0,0.0,0.0
2026-08-07 00:00:00-04:00,10.770000457763672,10.770000457763672,10.770000457763672,10.770000457763672,0,0.0,0.0
2026-08-10 00:00:00-04:00,10.770000457763672,10.770000457763672,10.770000457763672,10.770000457763672,0,0.0,0.0
2026-08-11 00:00:00-04:00,10.770000457763672,10.770000457763672,10.770000457763672,10.770000457763672,0,0.0,0.0
2026-08-12 00:00:00-04:00,10.770000457763672,10.770000457763672,10.770000457763672,10.770000457763672,0,0.0,0.0
2026-08-13 00:00:00-04:00,11.0,11.0,11.0,11.0,1100,0.0,0.0
2026-08-14 00:00:00-04:00,11.0,11.0,11.0,11.0,0,0.0,0.0
2026-08-17 00:00:00-04:00,11.0,11.0,11.0,11.0,0,0.0,0.0
2026-08-18 00:00:00-04:00,11.0,11.0,11.0,11.0,0,0.0,0.0
2026-08-19 00:00:00-04:00,11.0,11.0,11.0,11.0,0,0.0,0.0
2026-08-20 00:00:00-04:00,11.0,11.0,11.0,11.0,0,0.0,0.0
2026-08-21 00:00:00-04:00,11.0,11.0,11.0,11.0,0,0.0,0.0
2026-08-24 00:00:00-04:00,11.0,11.0,11.0,11.0,0,0.0,0.0
2026-08-25 00:00:00-04:00,11.0,11.0,11.0,11.0,0,0.0,0.0
2026-08-26 00:00:00-04:00,11.0,11.0,11.0,11.0,0,0.0,0.0
2026-08-27 00:00:00-04:00,11.0,11.0,11.0,11.0,0,0.0,0.0
2026-08-28 00:00:00-04:00,11.0,11.0,11.0,11.0,0,0.0,0.0
2026-08-31 00:00:00-04:00,11.0,11.0,11.0,11.0,0,0.0,0.0
2026-09-01 00:00:00-04:00,11.1899995803833,15.890000343322754,11.1899995803833,13.989999771118164,10200,0.0,0.0
2026-09-02 00:00:00-04:00,11.0,16.059999465942383,11.0,14.449999809265137,2900,0.0,0.0
