Date,Open,High,Low,Close,Volume,Dividends,Stock Splits
2022-01-03 00:00:00-05:00,10.649999618530273,11.34000015258789,10.260000228881836,10.829999923706055,108800,0.0,0.0
2022-01-04 00:00:00-05:00,10.710000038146973,11.09000015258789,10.010000228881836,10.220000267028809,60400,0.0,0.0
2022-01-05 00:00:00-05:00,10.149999618530273,10.59000015258789,9.1899995803833,9.239999771118164,91600,0.0,0.0
2022-01-06 00:00:00-05:00,9.25,9.329999923706055,9.0,9.140000343322754,81400,0.0,0.0
2022-01-07 00:00:00-05:00,9.100000381469727,9.335000038146973,9.09000015258789,9.140000343322754,40400,0.0,0.0
2022-01-10 00:00:00-05:00,9.0,9.109999656677246,6.389999866485596,7.199999809265137,372200,0.0,0.0
2022-01-11 00:00:00-05:00,7.039999961853027,8.239999771118164,6.630000114440918,7.989999771118164,326200,0.0,0.0
2022-01-12 00:00:00-05:00,7.900000095367432,8.15999984741211,7.139999866485596,7.199999809265137,342600,0.0,0.0
2022-01-13 00:00:00-05:00,7.110000133514404,8.050000190734863,6.949999809265137,7.96999979019165,362000,0.0,0.0
2022-01-14 00:00:00-05:00,7.760000228881836,8.020000457763672,7.150000095367432,7.28000020980835,474900,0.0,0.0
2022-01-18 00:00:00-05:00,7.079999923706055,7.425000190734863,6.769999980926514,7.0,353500,0.0,0.0
2022-01-19 00:00:00-05:00,7.0,7.599999904632568,6.869999885559082,7.409999847412109,325000,0.0,0.0
2022-01-20 00:00:00-05:00,7.380000114440918,7.954999923706055,7.159999847412109,7.579999923706055,126200,0.0,0.0
2022-01-21 00:00:00-05:00,7.449999809265137,7.449999809265137,6.849999904632568,6.940000057220459,149800,0.0,0.0
2022-01-24 00:00:00-05:00,6.829999923706055,7.179999828338623,6.489999771118164,7.130000114440918,126700,0.0,0.0
2022-01-25 00:00:00-05:00,7.0,7.369999885559082,6.710000038146973,7.070000171661377,129900,0.0,0.0
2022-01-26 00:00:00-05:00,7.139999866485596,7.400000095367432,6.809999942779541,6.960000038146973,79300,0.0,0.0
2022-01-27 00:00:00-05:00,7.0,7.699999809265137,6.579999923706055,6.699999809265137,241500,0.0,0.0
2022-01-28 00:00:00-05:00,6.619999885559082,6.650000095367432,6.25,6.5,81600,0.0,0.0
2022-01-31 00:00:00-05:00,6.610000133514404,7.139999866485596,6.420000076293945,7.130000114440918,205500,0.0,0.0
2022-02-01 00:00:00-05:00,7.119999885559082,7.829999923706055,7.079999923706055,7.409999847412109,92000,0.0,0.0
2022-02-02 00:00:00-05:00,7.420000076293945,7.420000076293945,6.914999961853027,7.170000076293945,91800,0.0,0.0
2022-02-03 00:00:00-05:00,6.960000038146973,7.019999980926514,6.730000019073486,6.840000152587891,78600,0.0,0.0
2022-02-04 00:00:00-05:00,6.789999961853027,7.525000095367432,6.574999809265137,7.260000228881836,303400,0.0,0.0
2022-02-07 00:00:00-05:00,7.409999847412109,7.724999904632568,7.21999979019165,7.550000190734863,115600,0.0,0.0
2022-02-08 00:00:00-05:00,7.46999979019165,8.579999923706055,7.164999961853027,8.479999542236328,190600,0.0,0.0
2022-02-09 00:00:00-05:00,8.5,8.710000038146973,8.109999656677246,8.25,202700,0.0,0.0
2022-02-10 00:00:00-05:00,7.980000019073486,8.399999618530273,7.980000019073486,8.270000457763672,186800,0.0,0.0
2022-02-11 00:00:00-05:00,8.199999809265137,8.319999694824219,7.599999904632568,7.820000171661377,80600,0.0,0.0
2022-02-14 00:00:00-05:00,7.739999771118164,7.909999847412109,7.215000152587891,7.309999942779541,69000,0.0,0.0
2022-02-15 00:00:00-05:00,7.46999979019165,7.920000076293945,7.179999828338623,7.820000171661377,138100,0.0,0.0
2022-02-16 00:00:00-05:00,7.78000020980835,8.039999961853027,7.53000020980835,7.809999942779541,110300,0.0,0.0
2022-02-17 00:00:00-05:00,7.659999847412109,7.659999847412109,6.980000019073486,7.039999961853027,96100,0.0,0.0
2022-02-18 00:00:00-05:00,6.940000057220459,7.239999771118164,6.829999923706055,7.179999828338623,130800,0.0,0.0
2022-02-22 00:00:00-05:00,7.090000152587891,7.440000057220459,6.940000057220459,7.059999942779541,182600,0.0,0.0
2022-02-23 00:00:00-05:00,7.110000133514404,7.199999809265137,6.699999809265137,6.739999771118164,94100,0.0,0.0
2022-02-24 00:00:00-05:00,6.5,7.329999923706055,6.309999942779541,7.300000190734863,107200,0.0,0.0
2022-02-25 00:00:00-05:00,7.380000114440918,7.730000019073486,7.139999866485596,7.579999923706055,110000,0.0,0.0
2022-02-28 00:00:00-05:00,7.46999979019165,7.570000171661377,6.960000038146973,6.989999771118164,151500,0.0,0.0
2022-03-01 00:00:00-05:00,7.019999980926514,7.260000228881836,6.510000228881836,6.789999961853027,133100,0.0,0.0
2022-03-02 00:00:00-05:00,6.789999961853027,7.260000228881836,6.400000095367432,6.659999847412109,86500,0.0,0.0
2022-03-03 00:00:00-05:00,6.570000171661377,6.710000038146973,5.949999809265137,6.099999904632568,153700,0.0,0.0
2022-03-04 00:00:00-05:00,6.090000152587891,6.090000152587891,5.570000171661377,5.760000228881836,107100,0.0,0.0
2022-03-07 00:00:00-05:00,5.730000019073486,5.920000076293945,5.510000228881836,5.769999980926514,131500,0.0,0.0
2022-03-08 00:00:00-05:00,5.760000228881836,6.369999885559082,5.559999942779541,6.010000228881836,137100,0.0,0.0
2022-03-09 00:00:00-05:00,6.210000038146973,6.820000171661377,6.074999809265137,6.769999980926514,99300,0.0,0.0
2022-03-10 00:00:00-05:00,6.949999809265137,7.409999847412109,6.099999904632568,6.28000020980835,299400,0.0,0.0
2022-03-11 00:00:00-05:00,6.300000190734863,6.510000228881836,6.019999980926514,6.269999980926514,320300,0.0,0.0
2022-03-14 00:00:00-04:00,6.320000171661377,6.829999923706055,5.59499979019165,6.0,495900,0.0,0.0
2022-03-15 00:00:00-04:00,6.199999809265137,7.730000019073486,5.789999961853027,7.570000171661377,420000,0.0,0.0
2022-03-16 00:00:00-04:00,7.610000133514404,8.680000305175781,7.570000171661377,8.680000305175781,460800,0.0,0.0
2022-03-17 00:00:00-04:00,8.430000305175781,8.5600004196167,7.800000190734863,8.210000038146973,455400,0.0,0.0
2022-03-18 00:00:00-04:00,8.140000343322754,8.979999542236328,8.039999961853027,8.555000305175781,1174800,0.0,0.0
2022-03-21 00:00:00-04:00,8.380000114440918,8.399999618530273,7.300000190734863,7.659999847412109,686700,0.0,0.0
2022-03-22 00:00:00-04:00,7.449999809265137,7.829999923706055,6.929999828338623,7.070000171661377,387200,0.0,0.0
2022-03-23 00:00:00-04:00,6.880000114440918,7.099999904632568,6.690000057220459,6.980000019073486,279000,0.0,0.0
2022-03-24 00:00:00-04:00,6.929999828338623,7.190000057220459,6.820000171661377,6.940000057220459,142700,0.0,0.0
2022-03-25 00:00:00-04:00,6.940000057220459,7.050000190734863,6.489999771118164,6.539999961853027,200300,0.0,0.0
2022-03-28 00:00:00-04:00,6.599999904632568,6.789999961853027,6.485000133514404,6.769999980926514,107900,0.0,0.0
2022-03-29 00:00:00-04:00,6.949999809265137,7.119999885559082,6.739999771118164,6.960000038146973,253800,0.0,0.0
2022-03-30 00:00:00-04:00,6.840000152587891,7.090000152587891,6.75,6.920000076293945,102600,0.0,0.0
2022-03-31 00:00:00-04:00,6.920000076293945,6.960000038146973,6.71999979019165,6.789999961853027,92000,0.0,0.0
2022-04-01 00:00:00-04:00,6.78000020980835,7.010000228881836,6.429999828338623,6.670000076293945,206100,0.0,0.0
2022-04-04 00:00:00-04:00,6.679999828338623,6.885000228881836,6.599999904632568,6.760000228881836,69600,0.0,0.0
2022-04-05 00:00:00-04:00,6.809999942779541,6.820000171661377,6.269999980926514,6.389999866485596,114700,0.0,0.0
2022-04-06 00:00:00-04:00,6.400000095367432,6.400000095367432,6.019999980926514,6.059999942779541,67000,0.0,0.0
2022-04-07 00:00:00-04:00,6.079999923706055,6.170000076293945,5.900000095367432,6.0,112900,0.0,0.0
2022-04-08 00:00:00-04:00,6.0,6.190000057220459,5.800000190734863,5.960000038146973,67400,0.0,0.0
2022-04-11 00:00:00-04:00,5.889999866485596,5.889999866485596,5.630000114440918,5.690000057220459,79600,0.0,0.0
2022-04-12 00:00:00-04:00,5.78000020980835,6.204999923706055,5.639999866485596,5.889999866485596,157700,0.0,0.0
2022-04-13 00:00:00-04:00,5.820000171661377,6.239999771118164,5.71999979019165,6.170000076293945,109600,0.0,0.0
2022-04-14 00:00:00-04:00,6.210000038146973,6.210000038146973,5.909999847412109,6.039999961853027,61300,0.0,0.0
2022-04-18 00:00:00-04:00,5.989999771118164,6.210000038146973,5.724999904632568,5.820000171661377,99100,0.0,0.0
2022-04-19 00:00:00-04:00,5.820000171661377,6.619999885559082,5.639999866485596,5.699999809265137,97500,0.0,0.0
2022-04-20 00:00:00-04:00,5.739999771118164,5.739999771118164,5.269999980926514,5.289999961853027,97400,0.0,0.0
2022-04-21 00:00:00-04:00,5.369999885559082,5.369999885559082,4.855000019073486,5.0,111400,0.0,0.0
2022-04-22 00:00:00-04:00,4.989999771118164,5.050000190734863,4.809999942779541,5.010000228881836,69000,0.0,0.0
2022-04-25 00:00:00-04:00,4.980000019073486,5.170000076293945,4.880000114440918,5.099999904632568,120300,0.0,0.0
2022-04-26 00:00:00-04:00,5.070000171661377,5.489999771118164,4.849999904632568,5.329999923706055,171700,0.0,0.0
2022-04-27 00:00:00-04:00,5.329999923706055,5.619999885559082,4.96999979019165,5.429999828338623,181800,0.0,0.0
2022-04-28 00:00:00-04:00,5.449999809265137,6.025000095367432,5.449999809265137,5.960000038146973,384700,0.0,0.0
2022-04-29 00:00:00-04:00,5.900000095367432,6.010000228881836,5.760000228881836,5.829999923706055,108300,0.0,0.0
2022-05-02 00:00:00-04:00,5.840000152587891,5.849999904632568,5.434999942779541,5.599999904632568,111700,0.0,0.0
2022-05-03 00:00:00-04:00,5.650000095367432,5.769999980926514,5.369999885559082,5.460000038146973,85000,0.0,0.0
2022-05-04 00:00:00-04:00,5.460000038146973,5.650000095367432,5.260000228881836,5.599999904632568,121400,0.0,0.0
2022-05-05 00:00:00-04:00,5.480000019073486,5.550000190734863,5.050000190734863,5.110000133514404,122400,0.0,0.0
2022-05-06 00:00:00-04:00,5.03000020980835,5.050000190734863,4.730999946594238,5.010000228881836,140100,0.0,0.0
2022-05-09 00:00:00-04:00,4.909999847412109,4.955999851226807,4.559999942779541,4.800000190734863,208900,0.0,0.0
2022-05-10 00:00:00-04:00,4.800000190734863,4.800000190734863,3.8499999046325684,4.460000038146973,388500,0.0,0.0
2022-05-11 00:00:00-04:00,4.349999904632568,4.53000020980835,3.880000114440918,3.890000104904175,77300,0.0,0.0
2022-05-12 00:00:00-04:00,3.890000104904175,4.150000095367432,3.569999933242798,3.759999990463257,137500,0.0,0.0
2022-05-13 00:00:00-04:00,3.8299999237060547,4.119999885559082,3.75,4.0,145000,0.0,0.0
2022-05-16 00:00:00-04:00,3.940000057220459,4.019999980926514,3.6600000858306885,3.819999933242798,312000,0.0,0.0
2022-05-17 00:00:00-04:00,3.930000066757202,4.304999828338623,3.799999952316284,4.25,1978600,0.0,0.0
2022-05-18 00:00:00-04:00,4.099999904632568,4.349999904632568,3.9100000858306885,4.010000228881836,121600,0.0,0.0
2022-05-19 00:00:00-04:00,4.070000171661377,4.380000114440918,4.050000190734863,4.21999979019165,68600,0.0,0.0
2022-05-20 00:00:00-04:00,4.380000114440918,4.380000114440918,4.039999961853027,4.210000038146973,72000,0.0,0.0
2022-05-23 00:00:00-04:00,4.260000228881836,4.539999961853027,4.130000114440918,4.5,74300,0.0,0.0
2022-05-24 00:00:00-04:00,4.5,4.574999809265137,4.11899995803833,4.150000095367432,59800,0.0,0.0
2022-05-25 00:00:00-04:00,4.099999904632568,4.434999942779541,3.9019999504089355,4.429999828338623,93400,0.0,0.0
2022-05-26 00:00:00-04:00,4.420000076293945,5.050000190734863,4.230000019073486,4.920000076293945,103800,0.0,0.0
2022-05-27 00:00:00-04:00,5.25,5.400000095367432,4.849999904632568,5.349999904632568,63800,0.0,0.0
2022-05-31 00:00:00-04:00,5.400000095367432,5.400000095367432,4.949999809265137,5.010000228881836,116500,0.0,0.0
2022-06-01 00:00:00-04:00,5.150000095367432,5.369999885559082,4.579999923706055,4.710000038146973,153800,0.0,0.0
2022-06-02 00:00:00-04:00,4.760000228881836,5.190000057220459,4.71999979019165,5.070000171661377,100200,0.0,0.0
2022-06-03 00:00:00-04:00,4.940000057220459,4.949999809265137,4.440000057220459,4.480000019073486,174300,0.0,0.0
2022-06-06 00:00:00-04:00,4.559999942779541,4.590000152587891,3.9600000381469727,4.039999961853027,211500,0.0,0.0
2022-06-07 00:00:00-04:00,4.019999980926514,4.590000152587891,4.0,4.46999979019165,150700,0.0,0.0
2022-06-08 00:00:00-04:00,4.409999847412109,4.769999980926514,4.28000020980835,4.409999847412109,77200,0.0,0.0
2022-06-09 00:00:00-04:00,4.369999885559082,4.369999885559082,4.059999942779541,4.119999885559082,116700,0.0,0.0
2022-06-10 00:00:00-04:00,4.079999923706055,4.139999866485596,3.6500000953674316,3.75,106700,0.0,0.0
2022-06-13 00:00:00-04:00,3.5999999046325684,3.634999990463257,3.299999952316284,3.309999942779541,173500,0.0,0.0
2022-06-14 00:00:00-04:00,3.3499999046325684,3.4649999141693115,3.0,3.009999990463257,151600,0.0,0.0
2022-06-15 00:00:00-04:00,3.0,3.2200000286102295,2.9000000953674316,3.130000114440918,187200,0.0,0.0
2022-06-16 00:00:00-04:00,2.9700000286102295,2.990000009536743,2.7899999618530273,2.7899999618530273,184100,0.0,0.0
2022-06-17 00:00:00-04:00,2.859999895095825,3.0799999237060547,2.490000009536743,2.490000009536743,493100,0.0,0.0
2022-06-21 00:00:00-04:00,2.559999942779541,2.8299999237060547,2.5299999713897705,2.680000066757202,181300,0.0,0.0
2022-06-22 00:00:00-04:00,2.609999895095825,3.049999952316284,2.609999895095825,2.940000057220459,267900,0.0,0.0
2022-06-23 00:00:00-04:00,2.9800000190734863,3.2899999618530273,2.950000047683716,3.25,133600,0.0,0.0
2022-06-24 00:00:00-04:00,3.309999942779541,3.5899999141693115,3.190000057220459,3.369999885559082,1631700,0.0,0.0
2022-06-27 00:00:00-04:00,3.3399999141693115,3.4600000381469727,2.9749999046325684,3.259999990463257,131900,0.0,0.0
2022-06-28 00:00:00-04:00,3.299999952316284,3.5899999141693115,3.130000114440918,3.180000066757202,80100,0.0,0.0
2022-06-29 00:00:00-04:00,3.1700000762939453,3.200000047683716,2.859999895095825,3.180000066757202,63200,0.0,0.0
2022-06-30 00:00:00-04:00,4.510000228881836,4.690000057220459,4.150000095367432,4.300000190734863,7362100,0.0,0.0
2022-07-01 00:00:00-04:00,4.329999923706055,4.369999885559082,3.930000066757202,4.010000228881836,663700,0.0,0.0
2022-07-05 00:00:00-04:00,3.9700000286102295,4.28000020980835,3.869999885559082,4.159999847412109,320400,0.0,0.0
2022-07-06 00:00:00-04:00,4.159999847412109,4.5,4.079999923706055,4.449999809265137,345700,0.0,0.0
2022-07-07 00:00:00-04:00,4.440000057220459,4.510000228881836,4.210000038146973,4.21999979019165,105500,0.0,0.0
2022-07-08 00:00:00-04:00,4.230000019073486,4.760000228881836,4.179999828338623,4.5,387400,0.0,0.0
2022-07-11 00:00:00-04:00,4.46999979019165,4.46999979019165,4.25,4.349999904632568,134600,0.0,0.0
2022-07-12 00:00:00-04:00,4.340000152587891,4.460000038146973,4.170000076293945,4.349999904632568,128200,0.0,0.0
2022-07-13 00:00:00-04:00,4.21999979019165,4.650000095367432,4.21999979019165,4.46999979019165,108900,0.0,0.0
2022-07-14 00:00:00-04:00,4.360000133514404,4.46999979019165,4.28000020980835,4.329999923706055,71100,0.0,0.0
2022-07-15 00:00:00-04:00,4.400000095367432,4.409999847412109,4.199999809265137,4.28000020980835,73800,0.0,0.0
2022-07-18 00:00:00-04:00,4.340000152587891,4.539999961853027,4.300000190734863,4.340000152587891,60000,0.0,0.0
2022-07-19 00:00:00-04:00,4.429999828338623,4.46999979019165,4.28000020980835,4.380000114440918,70500,0.0,0.0
2022-07-20 00:00:00-04:00,4.420000076293945,4.659999847412109,4.389999866485596,4.409999847412109,111600,0.0,0.0
2022-07-21 00:00:00-04:00,4.409999847412109,4.679999828338623,4.309999942779541,4.619999885559082,140900,0.0,0.0
2022-07-22 00:00:00-04:00,4.630000114440918,4.71999979019165,4.329999923706055,4.380000114440918,70300,0.0,0.0
2022-07-25 00:00:00-04:00,4.389999866485596,4.389999866485596,4.099999904632568,4.300000190734863,67600,0.0,0.0
2022-07-26 00:00:00-04:00,4.289999961853027,4.369999885559082,4.090000152587891,4.150000095367432,81300,0.0,0.0
2022-07-27 00:00:00-04:00,4.239999771118164,4.440000057220459,4.210000038146973,4.340000152587891,38700,0.0,0.0
2022-07-28 00:00:00-04:00,4.329999923706055,4.679999828338623,4.289999961853027,4.570000171661377,81400,0.0,0.0
2022-07-29 00:00:00-04:00,4.570000171661377,4.639999866485596,4.320000171661377,4.570000171661377,20600,0.0,0.0
2022-08-01 00:00:00-04:00,4.559999942779541,4.650000095367432,4.400000095367432,4.400000095367432,19700,0.0,0.0
2022-08-02 00:00:00-04:00,4.380000114440918,4.670000076293945,4.380000114440918,4.639999866485596,37100,0.0,0.0
2022-08-03 00:00:00-04:00,4.679999828338623,4.869999885559082,4.639999866485596,4.659999847412109,61600,0.0,0.0
2022-08-04 00:00:00-04:00,4.650000095367432,4.739999771118164,4.570000171661377,4.630000114440918,59500,0.0,0.0
2022-08-05 00:00:00-04:00,4.539999961853027,4.590000152587891,4.320000171661377,4.389999866485596,83800,0.0,0.0
2022-08-08 00:00:00-04:00,4.449999809265137,4.510000228881836,4.308000087738037,4.409999847412109,14600,0.0,0.0
2022-08-09 00:00:00-04:00,4.400000095367432,4.449999809265137,4.130000114440918,4.159999847412109,35700,0.0,0.0
2022-08-10 00:00:00-04:00,4.28000020980835,4.340000152587891,4.190000057220459,4.300000190734863,37500,0.0,0.0
2022-08-11 00:00:00-04:00,4.349999904632568,4.519999980926514,4.199999809265137,4.239999771118164,38100,0.0,0.0
2022-08-12 00:00:00-04:00,4.139999866485596,4.349999904632568,3.799999952316284,3.9800000190734863,126400,0.0,0.0
2022-08-15 00:00:00-04:00,3.9800000190734863,4.0,3.75,3.8299999237060547,26600,0.0,0.0
2022-08-16 00:00:00-04:00,3.690000057220459,3.7799999713897705,3.4000000953674316,3.5,39900,0.0,0.0
2022-08-17 00:00:00-04:00,3.450000047683716,3.7100000381469727,3.3299999237060547,3.559999942779541,26900,0.0,0.0
2022-08-18 00:00:00-04:00,3.559999942779541,3.569999933242798,3.190000057220459,3.299999952316284,52300,0.0,0.0
2022-08-19 00:00:00-04:00,3.319999933242798,3.319999933242798,3.0,3.0299999713897705,24300,0.0,0.0
2022-08-22 00:00:00-04:00,3.0,3.059999942779541,2.828000068664551,2.950000047683716,19200,0.0,0.0
2022-08-23 00:00:00-04:00,2.9800000190734863,3.2799999713897705,2.880000114440918,3.109999895095825,48600,0.0,0.0
2022-08-24 00:00:00-04:00,3.0999999046325684,3.4700000286102295,2.8399999141693115,3.359999895095825,38100,0.0,0.0
2022-08-25 00:00:00-04:00,3.3399999141693115,3.9200000762939453,3.3399999141693115,3.690000057220459,64100,0.0,0.0
2022-08-26 00:00:00-04:00,3.799999952316284,3.799999952316284,3.4800000190734863,3.630000114440918,27500,0.0,0.0
2022-08-29 00:00:00-04:00,3.559999942779541,3.7300000190734863,3.0999999046325684,3.5799999237060547,198500,0.0,0.0
2022-08-30 00:00:00-04:00,3.384999990463257,3.7300000190734863,3.359999895095825,3.390000104904175,63200,0.0,0.0
2022-08-31 00:00:00-04:00,3.390000104904175,3.4200000762939453,3.309999942779541,3.3299999237060547,68000,0.0,0.0
2022-09-01 00:00:00-04:00,3.299999952316284,3.5399999618530273,3.299999952316284,3.319999933242798,14300,0.0,0.0
2022-09-02 00:00:00-04:00,3.359999895095825,3.6600000858306885,3.049999952316284,3.490000009536743,82600,0.0,0.0
2022-09-06 00:00:00-04:00,3.5399999618530273,3.5799999237060547,3.3499999046325684,3.369999885559082,24900,0.0,0.0
2022-09-07 00:00:00-04:00,3.430000066757202,3.549999952316284,3.4030001163482666,3.549999952316284,24700,0.0,0.0
2022-09-08 00:00:00-04:00,3.5,3.619999885559082,3.5,3.5399999618530273,13000,0.0,0.0
2022-09-09 00:00:00-04:00,3.619999885559082,3.759999990463257,3.569999933242798,3.619999885559082,17300,0.0,0.0
2022-09-12 00:00:00-04:00,3.680000066757202,3.7300000190734863,3.5999999046325684,3.6600000858306885,11600,0.0,0.0
2022-09-13 00:00:00-04:00,3.559999942779541,3.744999885559082,3.549999952316284,3.549999952316284,9900,0.0,0.0
2022-09-14 00:00:00-04:00,3.694999933242798,3.694999933242798,3.619999885559082,3.630000114440918,7500,0.0,0.0
2022-09-15 00:00:00-04:00,3.5320000648498535,3.7100000381469727,3.5320000648498535,3.7100000381469727,6500,0.0,0.0
2022-09-16 00:00:00-04:00,3.680000066757202,3.7799999713897705,3.440000057220459,3.490000009536743,75200,0.0,0.0
2022-09-19 00:00:00-04:00,3.5,3.549999952316284,3.200000047683716,3.2200000286102295,16900,0.0,0.0
2022-09-20 00:00:00-04:00,3.2200000286102295,3.509999990463257,3.2200000286102295,3.490000009536743,22300,0.0,0.0
2022-09-21 00:00:00-04:00,3.561000108718872,3.700000047683716,3.319999933242798,3.5,21000,0.0,0.0
2022-09-22 00:00:00-04:00,3.490000009536743,3.5899999141693115,3.359999895095825,3.359999895095825,15000,0.0,0.0
2022-09-23 00:00:00-04:00,3.309999942779541,3.549999952316284,3.240000009536743,3.490000009536743,33600,0.0,0.0
2022-09-26 00:00:00-04:00,3.430000066757202,3.515000104904175,3.309999942779541,3.430000066757202,20800,0.0,0.0
2022-09-27 00:00:00-04:00,3.440000057220459,3.5299999713897705,3.3299999237060547,3.5299999713897705,16600,0.0,0.0
2022-09-28 00:00:00-04:00,3.5,3.690000057220459,3.390000104904175,3.450000047683716,61100,0.0,0.0
2022-09-29 00:00:00-04:00,3.369999885559082,3.638000011444092,3.180000066757202,3.490000009536743,9200,0.0,0.0
2022-09-30 00:00:00-04:00,3.430000066757202,3.680999994277954,3.2200000286102295,3.2300000190734863,33500,0.0,0.0
2022-10-03 00:00:00-04:00,3.319999933242798,3.6610000133514404,3.319999933242798,3.4100000858306885,14400,0.0,0.0
2022-10-04 00:00:00-04:00,3.5799999237060547,3.625,3.4000000953674316,3.5,42100,0.0,0.0
2022-10-05 00:00:00-04:00,3.390000104904175,3.6600000858306885,3.119999885559082,3.490000009536743,43400,0.0,0.0
2022-10-06 00:00:00-04:00,3.4200000762939453,3.619999885559082,3.1600000858306885,3.2699999809265137,31800,0.0,0.0
2022-10-07 00:00:00-04:00,3.5,3.7200000286102295,3.3499999046325684,3.390000104904175,57500,0.0,0.0
2022-10-10 00:00:00-04:00,3.4679999351501465,3.490000009536743,3.190000057220459,3.3299999237060547,7300,0.0,0.0
2022-10-11 00:00:00-04:00,3.2799999713897705,3.319999933242798,3.190000057220459,3.200000047683716,5800,0.0,0.0
2022-10-12 00:00:00-04:00,3.180000066757202,3.4070000648498535,3.1500000953674316,3.390000104904175,8300,0.0,0.0
2022-10-13 00:00:00-04:00,3.25,3.296999931335449,3.1500000953674316,3.1700000762939453,4100,0.0,0.0
2022-10-14 00:00:00-04:00,3.1700000762939453,3.380000114440918,3.1700000762939453,3.180000066757202,5000,0.0,0.0
2022-10-17 00:00:00-04:00,3.2300000190734863,3.4100000858306885,3.1559998989105225,3.240000009536743,3400,0.0,0.0
2022-10-18 00:00:00-04:00,3.299999952316284,3.4000000953674316,3.119999885559082,3.2200000286102295,7900,0.0,0.0
2022-10-19 00:00:00-04:00,3.2100000381469727,3.5,2.990000009536743,3.2799999713897705,44400,0.0,0.0
2022-10-20 00:00:00-04:00,3.2699999809265137,3.5,3.0,3.390000104904175,5700,0.0,0.0
2022-10-21 00:00:00-04:00,3.380000114440918,3.509999990463257,3.184999942779541,3.200000047683716,92500,0.0,0.0
2022-10-24 00:00:00-04:00,3.0,3.4000000953674316,3.0,3.180000066757202,8300,0.0,0.0
2022-10-25 00:00:00-04:00,3.2100000381469727,3.3499999046325684,2.9700000286102295,3.119999885559082,6300,0.0,0.0
2022-10-26 00:00:00-04:00,3.140000104904175,3.1700000762939453,3.0,3.059999942779541,18100,0.0,0.0
2022-10-27 00:00:00-04:00,3.049999952316284,3.0899999141693115,2.9700000286102295,3.0899999141693115,2300,0.0,0.0
2022-10-28 00:00:00-04:00,3.0,3.0799999237060547,2.819999933242798,2.819999933242798,45600,0.0,0.0
2022-10-31 00:00:00-04:00,2.819999933242798,3.380000114440918,2.799999952316284,2.9200000762939453,21000,0.0,0.0
2022-11-01 00:00:00-04:00,2.7200000286102295,3.049999952316284,2.7200000286102295,2.950000047683716,5700,0.0,0.0
2022-11-02 00:00:00-04:00,2.9100000858306885,3.049999952316284,2.799999952316284,2.799999952316284,5000,0.0,0.0
2022-11-03 00:00:00-04:00,2.7200000286102295,2.930000066757202,2.700000047683716,2.700000047683716,10200,0.0,0.0
2022-11-04 00:00:00-04:00,2.700000047683716,2.7799999713897705,2.450000047683716,2.5,45100,0.0,0.0
2022-11-07 00:00:00-05:00,2.5199999809265137,2.75,2.5199999809265137,2.690000057220459,7400,0.0,0.0
2022-11-08 00:00:00-05:00,2.640000104904175,2.6600000858306885,2.450000047683716,2.450000047683716,12700,0.0,0.0
2022-11-09 00:00:00-05:00,2.49399995803833,2.549999952316284,2.4000000953674316,2.4000000953674316,49500,0.0,0.0
2022-11-10 00:00:00-05:00,2.5999999046325684,2.619999885559082,2.5,2.5,117500,0.0,0.0
2022-11-11 00:00:00-05:00,2.440000057220459,2.5999999046325684,2.433000087738037,2.5299999713897705,5700,0.0,0.0
2022-11-14 00:00:00-05:00,2.490000009536743,2.5420000553131104,2.4100000858306885,2.4100000858306885,8700,0.0,0.0
2022-11-15 00:00:00-05:00,2.4100000858306885,2.690000057220459,2.4100000858306885,2.5899999141693115,11900,0.0,0.0
2022-11-16 00:00:00-05:00,2.5899999141693115,2.5999999046325684,2.4200000762939453,2.490000009536743,13500,0.0,0.0
2022-11-17 00:00:00-05:00,2.430000066757202,2.619999885559082,2.3299999237060547,2.3299999237060547,49400,0.0,0.0
2022-11-18 00:00:00-05:00,2.299999952316284,2.390000104904175,2.240000009536743,2.240000009536743,20600,0.0,0.0
2022-11-21 00:00:00-05:00,2.630000114440918,2.630000114440918,2.240000009536743,2.240000009536743,8300,0.0,0.0
2022-11-22 00:00:00-05:00,2.369999885559082,2.5999999046325684,2.2200000286102295,2.2200000286102295,45900,0.0,0.0
2022-11-23 00:00:00-05:00,2.5950000286102295,2.5950000286102295,2.2100000381469727,2.2200000286102295,11700,0.0,0.0
2022-11-25 00:00:00-05:00,2.1500000953674316,2.4719998836517334,2.1500000953674316,2.259999990463257,6900,0.0,0.0
2022-11-28 00:00:00-05:00,2.325000047683716,2.4000000953674316,2.1500000953674316,2.299999952316284,40300,0.0,0.0
2022-11-29 00:00:00-05:00,2.2850000858306885,2.390000104904175,2.1500000953674316,2.1600000858306885,12000,0.0,0.0
2022-11-30 00:00:00-05:00,2.2699999809265137,2.315000057220459,2.0399999618530273,2.049999952316284,31300,0.0,0.0
2022-12-01 00:00:00-05:00,2.0399999618530273,2.0899999141693115,1.600000023841858,1.6200000047683716,1564100,0.0,0.0
2022-12-02 00:00:00-05:00,1.600000023841858,1.840000033378601,1.600000023841858,1.840000033378601,77800,0.0,0.0
2022-12-05 00:00:00-05:00,1.7899999618530273,1.9500000476837158,1.7899999618530273,1.8799999952316284,18800,0.0,0.0
2022-12-06 00:00:00-05:00,1.850000023841858,1.899999976158142,1.7300000190734863,1.8200000524520874,57900,0.0,0.0
2022-12-07 00:00:00-05:00,1.7899999618530273,1.7949999570846558,1.6699999570846558,1.75,34400,0.0,0.0
2022-12-08 00:00:00-05:00,1.7799999713897705,1.8700000047683716,1.7400000095367432,1.8600000143051147,78600,0.0,0.0
2022-12-09 00:00:00-05:00,1.8899999856948853,1.8899999856948853,1.7300000190734863,1.8300000429153442,31100,0.0,0.0
2022-12-12 00:00:00-05:00,1.840000033378601,1.8700000047683716,1.7300000190734863,1.75,39900,0.0,0.0
2022-12-13 00:00:00-05:00,1.809999942779541,1.8300000429153442,1.7400000095367432,1.7899999618530273,25400,0.0,0.0
2022-12-14 00:00:00-05:00,1.7000000476837158,1.840000033378601,1.7000000476837158,1.7699999809265137,108300,0.0,0.0
2022-12-15 00:00:00-05:00,1.659999966621399,1.7699999809265137,1.6399999856948853,1.690000057220459,20100,0.0,0.0
2022-12-16 00:00:00-05:00,1.659999966621399,1.690000057220459,1.559999942779541,1.600000023841858,114900,0.0,0.0
2022-12-19 00:00:00-05:00,1.5700000524520874,1.6100000143051147,1.5199999809265137,1.5299999713897705,39200,0.0,0.0
2022-12-20 00:00:00-05:00,1.559999942779541,1.7400000095367432,1.5099999904632568,1.5099999904632568,161400,0.0,0.0
2022-12-21 00:00:00-05:00,1.5290000438690186,1.5700000524520874,1.4800000190734863,1.5,38000,0.0,0.0
2022-12-22 00:00:00-05:00,1.5099999904632568,1.5099999904632568,1.440000057220459,1.4500000476837158,73100,0.0,0.0
2022-12-23 00:00:00-05:00,1.440000057220459,1.4600000381469727,1.409999966621399,1.4299999475479126,32000,0.0,0.0
2022-12-27 00:00:00-05:00,1.409999966621399,1.5449999570846558,1.2899999618530273,1.2999999523162842,266000,0.0,0.0
2022-12-28 00:00:00-05:00,1.2999999523162842,1.3200000524520874,1.2799999713897705,1.3200000524520874,55800,0.0,0.0
2022-12-29 00:00:00-05:00,1.309999942779541,1.3550000190734863,1.2000000476837158,1.2400000095367432,114600,0.0,0.0
2022-12-30 00:00:00-05:00,1.25,1.4830000400543213,1.1200000047683716,1.1299999952316284,379300,0.0,0.0
2023-01-03 00:00:00-05:00,1.1299999952316284,1.2599999904632568,1.1299999952316284,1.2200000286102295,95400,0.0,0.0
2023-01-04 00:00:00-05:00,1.25,1.5260000228881836,1.25,1.3799999952316284,101900,0.0,0.0
2023-01-05 00:00:00-05:00,1.3600000143051147,1.375,1.2300000190734863,1.3300000429153442,138400,0.0,0.0
2023-01-06 00:00:00-05:00,1.2999999523162842,1.3300000429153442,1.2300000190734863,1.2599999904632568,181600,0.0,0.0
2023-01-09 00:00:00-05:00,1.3459999561309814,1.399999976158142,1.2899999618530273,1.3700000047683716,66700,0.0,0.0
2023-01-10 00:00:00-05:00,1.3799999952316284,1.4800000190734863,1.3799999952316284,1.409999966621399,327200,0.0,0.0
2023-01-11 00:00:00-05:00,1.3700000047683716,1.4800000190734863,1.3700000047683716,1.3799999952316284,58100,0.0,0.0
2023-01-12 00:00:00-05:00,1.399999976158142,1.4249999523162842,1.3799999952316284,1.3799999952316284,20200,0.0,0.0
2023-01-13 00:00:00-05:00,1.3799999952316284,1.3799999952316284,1.25,1.350000023841858,1593900,0.0,0.0
2023-01-17 00:00:00-05:00,1.350000023841858,1.409999966621399,1.350000023841858,1.3899999856948853,95300,0.0,0.0
2023-01-18 00:00:00-05:00,1.4500000476837158,1.4500000476837158,1.3799999952316284,1.399999976158142,32200,0.0,0.0
2023-01-19 00:00:00-05:00,1.3899999856948853,1.4500000476837158,1.3799999952316284,1.4470000267028809,53800,0.0,0.0
2023-01-20 00:00:00-05:00,1.440000057220459,1.4800000190734863,1.440000057220459,1.4500000476837158,47200,0.0,0.0
2023-01-23 00:00:00-05:00,1.4800000190734863,1.5,1.4600000381469727,1.4800000190734863,19600,0.0,0.0
2023-01-24 00:00:00-05:00,1.5,1.5,1.4800000190734863,1.4900000095367432,11400,0.0,0.0
2023-01-25 00:00:00-05:00,1.5,1.5,1.4600000381469727,1.4600000381469727,17100,0.0,0.0
2023-01-26 00:00:00-05:00,1.4600000381469727,1.4800000190734863,1.4600000381469727,1.4600000381469727,6000,0.0,0.0
2023-01-27 00:00:00-05:00,1.4550000429153442,1.5,1.4550000429153442,1.4800000190734863,23000,0.0,0.0
2023-01-30 00:00:00-05:00,1.5,1.5299999713897705,1.475000023841858,1.4800000190734863,23600,0.0,0.0
2023-01-31 00:00:00-05:00,1.5329999923706055,1.5499999523162842,1.4850000143051147,1.5,11600,0.0,0.0
2023-02-01 00:00:00-05:00,1.4900000095367432,1.5,1.4500000476837158,1.4500000476837158,27300,0.0,0.0
2023-02-02 00:00:00-05:00,1.4500000476837158,1.4900000095367432,1.440000057220459,1.4500000476837158,49800,0.0,0.0
2023-02-03 00:00:00-05:00,1.4500000476837158,1.4579999446868896,1.399999976158142,1.399999976158142,11200,0.0,0.0
2023-02-06 00:00:00-05:00,1.440000057220459,1.440000057220459,1.2999999523162842,1.3200000524520874,30900,0.0,0.0
2023-02-07 00:00:00-05:00,1.3289999961853027,1.3899999856948853,1.309999942779541,1.309999942779541,13100,0.0,0.0
2023-02-08 00:00:00-05:00,1.350000023841858,1.4299999475479126,1.1699999570846558,1.2100000381469727,109400,0.0,0.0
2023-02-09 00:00:00-05:00,1.190000057220459,1.2699999809265137,1.190000057220459,1.25,60600,0.0,0.0
2023-02-10 00:00:00-05:00,1.2239999771118164,1.3200000524520874,1.2100000381469727,1.2999999523162842,16500,0.0,0.0
2023-02-13 00:00:00-05:00,1.2799999713897705,1.3200000524520874,1.2799999713897705,1.2999999523162842,20500,0.0,0.0
2023-02-14 00:00:00-05:00,1.3250000476837158,1.340000033378601,1.2799999713897705,1.2999999523162842,17500,0.0,0.0
2023-02-15 00:00:00-05:00,1.3300000429153442,1.3300000429153442,1.2899999618530273,1.309999942779541,10100,0.0,0.0
2023-02-16 00:00:00-05:00,1.3799999952316284,1.3799999952316284,1.2289999723434448,1.2799999713897705,189800,0.0,0.0
2023-02-17 00:00:00-05:00,1.2799999713897705,1.2799999713897705,1.2000000476837158,1.2000000476837158,82900,0.0,0.0
2023-02-21 00:00:00-05:00,1.2009999752044678,1.2200000286102295,1.149999976158142,1.149999976158142,16400,0.0,0.0
2023-02-22 00:00:00-05:00,1.2200000286102295,1.2200000286102295,1.100000023841858,1.100000023841858,28000,0.0,0.0
2023-02-23 00:00:00-05:00,1.100000023841858,1.1299999952316284,1.0700000524520874,1.100000023841858,43500,0.0,0.0
2023-02-24 00:00:00-05:00,1.121000051498413,1.1399999856948853,1.0499999523162842,1.059999942779541,12700,0.0,0.0
2023-02-27 00:00:00-05:00,1.100000023841858,1.100000023841858,1.0299999713897705,1.059999942779541,38100,0.0,0.0
2023-02-28 00:00:00-05:00,1.1510000228881836,1.159999966621399,1.0399999618530273,1.0700000524520874,36200,0.0,0.0
2023-03-01 00:00:00-05:00,1.0499999523162842,1.1399999856948853,1.0499999523162842,1.0800000429153442,41400,0.0,0.0
2023-03-02 00:00:00-05:00,1.1200000047683716,1.3799999952316284,1.0099999904632568,1.1699999570846558,129900,0.0,0.0
2023-03-03 00:00:00-05:00,1.1699999570846558,1.2599999904632568,1.0299999713897705,1.2400000095367432,143100,0.0,0.0
2023-03-06 00:00:00-05:00,1.2400000095367432,1.2799999713897705,1.190000057220459,1.2799999713897705,56500,0.0,0.0
2023-03-07 00:00:00-05:00,1.2599999904632568,1.4299999475479126,1.190000057220459,1.399999976158142,53900,0.0,0.0
2023-03-08 00:00:00-05:00,1.399999976158142,1.4299999475479126,1.25,1.2699999809265137,66500,0.0,0.0
2023-03-09 00:00:00-05:00,1.2699999809265137,1.309999942779541,1.2100000381469727,1.2400000095367432,42600,0.0,0.0
2023-03-10 00:00:00-05:00,1.2300000190734863,1.2300000190734863,1.156000018119812,1.159999966621399,5000,0.0,0.0
2023-03-13 00:00:00-04:00,1.1130000352859497,1.1480000019073486,1.0800000429153442,1.100000023841858,50300,0.0,0.0
2023-03-14 00:00:00-04:00,1.1699999570846558,1.190000057220459,1.100000023841858,1.159999966621399,21100,0.0,0.0
2023-03-15 00:00:00-04:00,1.1100000143051147,1.277999997138977,1.0549999475479126,1.2100000381469727,165600,0.0,0.0
2023-03-16 00:00:00-04:00,1.2300000190734863,1.4700000286102295,1.2200000286102295,1.440000057220459,104700,0.0,0.0
2023-03-17 00:00:00-04:00,1.440000057220459,1.4500000476837158,1.309999942779541,1.440000057220459,50500,0.0,0.0
2023-03-20 00:00:00-04:00,1.4800000190734863,1.4800000190734863,1.25,1.2699999809265137,89200,0.0,0.0
2023-03-21 00:00:00-04:00,1.2599999904632568,1.3300000429153442,1.253000020980835,1.2899999618530273,32500,0.0,0.0
2023-03-22 00:00:00-04:00,1.2899999618530273,1.2999999523162842,1.2699999809265137,1.2999999523162842,7200,0.0,0.0
2023-03-23 00:00:00-04:00,1.2710000276565552,1.3769999742507935,1.2300000190734863,1.2400000095367432,22900,0.0,0.0
2023-03-24 00:00:00-04:00,1.1799999475479126,1.309999942779541,1.1649999618530273,1.25,43700,0.0,0.0
2023-03-27 00:00:00-04:00,1.2200000286102295,1.2200000286102295,1.149999976158142,1.1699999570846558,10100,0.0,0.0
2023-03-28 00:00:00-04:00,1.1399999856948853,1.3799999952316284,1.1399999856948853,1.2300000190734863,33500,0.0,0.0
2023-03-29 00:00:00-04:00,1.2400000095367432,1.440000057220459,1.2400000095367432,1.2400000095367432,7500,0.0,0.0
2023-03-30 00:00:00-04:00,1.2400000095367432,1.3600000143051147,1.2400000095367432,1.2999999523162842,6300,0.0,0.0
2023-03-31 00:00:00-04:00,1.2799999713897705,1.409999966621399,1.2710000276565552,1.309999942779541,19600,0.0,0.0
2023-04-03 00:00:00-04:00,1.340000033378601,1.3700000047683716,1.2999999523162842,1.3700000047683716,10100,0.0,0.0
2023-04-04 00:00:00-04:00,1.340000033378601,1.409999966621399,1.25,1.2999999523162842,39000,0.0,0.0
2023-04-05 00:00:00-04:00,1.2699999809265137,1.2760000228881836,1.149999976158142,1.149999976158142,17400,0.0,0.0
2023-04-06 00:00:00-04:00,1.149999976158142,1.1799999475479126,1.0800000429153442,1.0800000429153442,35000,0.0,0.0
2023-04-10 00:00:00-04:00,1.1200000047683716,1.1200000047683716,1.0499999523162842,1.1200000047683716,27500,0.0,0.0
2023-04-11 00:00:00-04:00,1.0800000429153442,1.1109999418258667,0.9900000095367432,0.9909999966621399,85100,0.0,0.0
2023-04-12 00:00:00-04:00,1.0,1.0499999523162842,0.9909999966621399,1.0499999523162842,195800,0.0,0.0
2023-04-13 00:00:00-04:00,1.0399999618530273,1.100000023841858,1.0,1.0199999809265137,545800,0.0,0.0
2023-04-14 00:00:00-04:00,1.0099999904632568,1.0499999523162842,1.0,1.0099999904632568,45100,0.0,0.0
2023-04-17 00:00:00-04:00,1.0399999618530273,1.090000033378601,1.0,1.065000057220459,37600,0.0,0.0
2023-04-18 00:00:00-04:00,1.0700000524520874,1.0700000524520874,1.0299999713897705,1.059999942779541,7800,0.0,0.0
2023-04-19 00:00:00-04:00,1.0499999523162842,1.1100000143051147,1.0099999904632568,1.0499999523162842,21900,0.0,0.0
2023-04-20 00:00:00-04:00,1.0099999904632568,1.0299999713897705,0.9900000095367432,1.0099999904632568,56800,0.0,0.0
2023-04-21 00:00:00-04:00,1.0099999904632568,1.0700000524520874,0.9909999966621399,0.9950000047683716,22400,0.0,0.0
2023-04-24 00:00:00-04:00,0.9900000095367432,1.100000023841858,0.9900000095367432,1.0,17200,0.0,0.0
2023-04-25 00:00:00-04:00,1.0199999809265137,1.0199999809265137,0.9800000190734863,1.0,6400,0.0,0.0
2023-04-26 00:00:00-04:00,1.0399999618530273,1.0399999618530273,0.949999988079071,0.9779999852180481,37800,0.0,0.0
2023-04-27 00:00:00-04:00,0.9800000190734863,1.0,0.9459999799728394,1.0,31800,0.0,0.0
2023-04-28 00:00:00-04:00,1.0,1.149999976158142,0.9649999737739563,0.9950000047683716,23400,0.0,0.0
2023-05-01 00:00:00-04:00,0.9800000190734863,1.0499999523162842,0.9409999847412109,0.949999988079071,20100,0.0,0.0
2023-05-02 00:00:00-04:00,0.949999988079071,1.0099999904632568,0.9399999976158142,0.9409999847412109,22400,0.0,0.0
2023-05-03 00:00:00-04:00,0.9800000190734863,0.9800000190734863,0.8899999856948853,0.8980000019073486,87200,0.0,0.0
2023-05-04 00:00:00-04:00,0.9100000262260437,0.9599999785423279,0.8479999899864197,0.8709999918937683,81700,0.0,0.0
2023-05-05 00:00:00-04:00,0.8799999952316284,0.9919999837875366,0.8399999737739563,0.8899999856948853,81300,0.0,0.0
2023-05-08 00:00:00-04:00,0.8899999856948853,0.949999988079071,0.8299999833106995,0.8299999833106995,72600,0.0,0.0
2023-05-09 00:00:00-04:00,0.8489999771118164,0.8960000276565552,0.8399999737739563,0.8799999952316284,60600,0.0,0.0
2023-05-10 00:00:00-04:00,0.8799999952316284,0.949999988079071,0.8550000190734863,0.8799999952316284,233400,0.0,0.0
2023-05-11 00:00:00-04:00,0.8799999952316284,0.9800000190734863,0.8629999756813049,0.8799999952316284,115500,0.0,0.0
2023-05-12 00:00:00-04:00,0.8899999856948853,0.9240000247955322,0.8899999856948853,0.9049999713897705,22800,0.0,0.0
2023-05-15 00:00:00-04:00,0.9049999713897705,0.9300000071525574,0.8799999952316284,0.9300000071525574,17600,0.0,0.0
2023-05-16 00:00:00-04:00,0.8999999761581421,0.949999988079071,0.8999999761581421,0.9010000228881836,8200,0.0,0.0
2023-05-17 00:00:00-04:00,0.9010000228881836,0.949999988079071,0.8899999856948853,0.9200000166893005,39000,0.0,0.0
2023-05-18 00:00:00-04:00,0.8999999761581421,0.949999988079071,0.8830000162124634,0.9129999876022339,6700,0.0,0.0
2023-05-19 00:00:00-04:00,0.9470000267028809,1.0700000524520874,0.8960000276565552,1.0700000524520874,87900,0.0,0.0
2023-05-22 00:00:00-04:00,1.059999942779541,1.100000023841858,0.9509999752044678,1.0199999809265137,142700,0.0,0.0
2023-05-23 00:00:00-04:00,1.0499999523162842,1.1799999475479126,1.0199999809265137,1.1299999952316284,105200,0.0,0.0
2023-05-24 00:00:00-04:00,1.1299999952316284,1.1699999570846558,1.0499999523162842,1.0800000429153442,47600,0.0,0.0
2023-05-25 00:00:00-04:00,1.0499999523162842,1.1200000047683716,1.0199999809265137,1.0499999523162842,96400,0.0,0.0
2023-05-26 00:00:00-04:00,1.0700000524520874,1.0950000286102295,1.0299999713897705,1.059999942779541,38200,0.0,0.0
2023-05-30 00:00:00-04:00,1.0700000524520874,1.100000023841858,1.0299999713897705,1.059999942779541,74300,0.0,0.0
2023-05-31 00:00:00-04:00,1.0700000524520874,1.090000033378601,0.9860000014305115,1.0499999523162842,77000,0.0,0.0
2023-06-01 00:00:00-04:00,1.0800000429153442,1.0800000429153442,1.0,1.0099999904632568,33200,0.0,0.0
2023-06-02 00:00:00-04:00,1.0,1.0800000429153442,0.9900000095367432,1.0199999809265137,29500,0.0,0.0
2023-06-05 00:00:00-04:00,1.0099999904632568,1.059999942779541,0.9599999785423279,1.0299999713897705,57800,0.0,0.0
2023-06-06 00:00:00-04:00,1.0299999713897705,1.0299999713897705,0.9900000095367432,1.0199999809265137,28400,0.0,0.0
2023-06-07 00:00:00-04:00,1.0299999713897705,1.0700000524520874,1.0099999904632568,1.0199999809265137,21200,0.0,0.0
2023-06-08 00:00:00-04:00,1.0199999809265137,1.0299999713897705,0.9800000190734863,1.0099999904632568,50200,0.0,0.0
2023-06-09 00:00:00-04:00,1.0099999904632568,1.0499999523162842,0.9900000095367432,0.9929999709129333,39200,0.0,0.0
2023-06-12 00:00:00-04:00,1.0390000343322754,1.090000033378601,1.0099999904632568,1.0800000429153442,25400,0.0,0.0
2023-06-13 00:00:00-04:00,1.1200000047683716,1.1399999856948853,1.0800000429153442,1.100000023841858,79600,0.0,0.0
2023-06-14 00:00:00-04:00,1.0950000286102295,1.1460000276565552,1.059999942779541,1.059999942779541,20200,0.0,0.0
2023-06-15 00:00:00-04:00,1.100000023841858,1.100000023841858,1.0099999904632568,1.059999942779541,37200,0.0,0.0
2023-06-16 00:00:00-04:00,1.059999942779541,1.090000033378601,1.0099999904632568,1.0099999904632568,55000,0.0,0.0
2023-06-20 00:00:00-04:00,1.0299999713897705,1.0399999618530273,1.0,1.0149999856948853,34500,0.0,0.0
2023-06-21 00:00:00-04:00,1.0,1.0299999713897705,0.9800000190734863,0.9900000095367432,93900,0.0,0.0
2023-06-22 00:00:00-04:00,1.0,1.027999997138977,0.9810000061988831,0.9810000061988831,32300,0.0,0.0
2023-06-23 00:00:00-04:00,1.0099999904632568,1.0369999408721924,0.9800000190734863,0.9900000095367432,60900,0.0,0.0
2023-06-26 00:00:00-04:00,0.9800000190734863,1.0199999809265137,0.9549999833106995,0.9800000190734863,74700,0.0,0.0
2023-06-27 00:00:00-04:00,1.0099999904632568,1.0099999904632568,0.9700000286102295,0.9800000190734863,19700,0.0,0.0
2023-06-28 00:00:00-04:00,0.9800000190734863,1.0099999904632568,0.9700000286102295,0.9900000095367432,14400,0.0,0.0
2023-06-29 00:00:00-04:00,0.9900000095367432,1.0199999809265137,0.9800000190734863,1.0099999904632568,20100,0.0,0.0
2023-06-30 00:00:00-04:00,1.0,1.0,0.9800000190734863,1.0,35000,0.0,0.0
2023-07-03 00:00:00-04:00,0.9900000095367432,1.0,0.9509999752044678,0.9700000286102295,34700,0.0,0.0
2023-07-05 00:00:00-04:00,0.9509999752044678,1.0,0.9100000262260437,0.9800000190734863,30200,0.0,0.0
2023-07-06 00:00:00-04:00,0.9700000286102295,1.0,0.9490000009536743,0.968999981880188,45000,0.0,0.0
2023-07-07 00:00:00-04:00,0.9800000190734863,0.9800000190734863,0.9490000009536743,0.9800000190734863,31200,0.0,0.0
2023-07-10 00:00:00-04:00,0.9900000095367432,0.9900000095367432,0.949999988079071,0.9750000238418579,34300,0.0,0.0
2023-07-11 00:00:00-04:00,1.0,1.0199999809265137,0.9700000286102295,1.0,42000,0.0,0.0
2023-07-12 00:00:00-04:00,1.0,1.0299999713897705,0.9819999933242798,1.0,75400,0.0,0.0
2023-07-13 00:00:00-04:00,1.0299999713897705,1.0299999713897705,0.9800000190734863,1.0299999713897705,18100,0.0,0.0
2023-07-14 00:00:00-04:00,1.0099999904632568,1.0299999713897705,0.949999988079071,0.9700000286102295,22100,0.0,0.0
2023-07-17 00:00:00-04:00,1.0,1.0,0.9599999785423279,0.9599999785423279,27500,0.0,0.0
2023-07-18 00:00:00-04:00,0.949999988079071,1.0299999713897705,0.949999988079071,1.0299999713897705,24900,0.0,0.0
2023-07-19 00:00:00-04:00,1.0299999713897705,1.0299999713897705,0.9610000252723694,0.9800000190734863,45700,0.0,0.0
2023-07-20 00:00:00-04:00,0.9940000176429749,1.0299999713897705,0.9649999737739563,1.0110000371932983,74900,0.0,0.0
2023-07-21 00:00:00-04:00,0.9900000095367432,1.0299999713897705,0.9700000286102295,0.9800000190734863,40700,0.0,0.0
2023-07-24 00:00:00-04:00,0.9900000095367432,1.0299999713897705,0.9900000095367432,1.0,32000,0.0,0.0
2023-07-25 00:00:00-04:00,1.0099999904632568,1.0499999523162842,0.9900000095367432,0.9900000095367432,60900,0.0,0.0
2023-07-26 00:00:00-04:00,1.0,1.0499999523162842,0.9900000095367432,1.0399999618530273,8900,0.0,0.0
2023-07-27 00:00:00-04:00,1.0499999523162842,1.0499999523162842,1.0,1.0099999904632568,8300,0.0,0.0
2023-07-28 00:00:00-04:00,1.0,1.024999976158142,1.0,1.0199999809265137,31400,0.0,0.0
2023-07-31 00:00:00-04:00,1.0,1.0499999523162842,0.9800000190734863,0.9810000061988831,38600,0.0,0.0
2023-08-01 00:00:00-04:00,0.9900000095367432,1.0299999713897705,0.9700000286102295,0.9700000286102295,30600,0.0,0.0
2023-08-02 00:00:00-04:00,0.9800000190734863,1.0399999618530273,0.9700000286102295,1.0199999809265137,13800,0.0,0.0
2023-08-03 00:00:00-04:00,0.9599999785423279,1.0199999809265137,0.9399999976158142,0.9399999976158142,36300,0.0,0.0
2023-08-04 00:00:00-04:00,1.0,1.0199999809265137,0.9200000166893005,0.9200000166893005,53600,0.0,0.0
2023-08-07 00:00:00-04:00,0.9399999976158142,0.9509999752044678,0.8949999809265137,0.8999999761581421,69600,0.0,0.0
2023-08-08 00:00:00-04:00,0.8999999761581421,0.9399999976158142,0.8830000162124634,0.9100000262260437,62700,0.0,0.0
2023-08-09 00:00:00-04:00,0.9200000166893005,0.9350000023841858,0.8899999856948853,0.8899999856948853,13300,0.0,0.0
2023-08-10 00:00:00-04:00,0.902999997138977,0.9399999976158142,0.8830000162124634,0.9390000104904175,17900,0.0,0.0
2023-08-11 00:00:00-04:00,0.949999988079071,0.949999988079071,0.8999999761581421,0.9279999732971191,34500,0.0,0.0
2023-08-14 00:00:00-04:00,0.9300000071525574,0.9599999785423279,0.8899999856948853,0.9200000166893005,18100,0.0,0.0
2023-08-15 00:00:00-04:00,0.9259999990463257,1.0,0.8920000195503235,1.0,38400,0.0,0.0
2023-08-16 00:00:00-04:00,0.9900000095367432,1.0,0.9399999976158142,0.9480000138282776,5400,0.0,0.0
2023-08-17 00:00:00-04:00,0.949999988079071,0.9800000190734863,0.9399999976158142,0.9399999976158142,9400,0.0,0.0
2023-08-18 00:00:00-04:00,0.9399999976158142,0.9679999947547913,0.9300000071525574,0.9399999976158142,21200,0.0,0.0
2023-08-21 00:00:00-04:00,0.949999988079071,0.9549999833106995,0.9150000214576721,0.9200000166893005,13400,0.0,0.0
2023-08-22 00:00:00-04:00,0.9200000166893005,0.9679999947547913,0.9200000166893005,0.9300000071525574,21900,0.0,0.0
2023-08-23 00:00:00-04:00,0.949999988079071,0.9700000286102295,0.9399999976158142,0.9399999976158142,6500,0.0,0.0
2023-08-24 00:00:00-04:00,0.9399999976158142,1.0,0.8999999761581421,0.9150000214576721,30000,0.0,0.0
2023-08-25 00:00:00-04:00,0.9100000262260437,0.9900000095367432,0.8999999761581421,0.9399999976158142,28100,0.0,0.0
2023-08-28 00:00:00-04:00,0.9700000286102295,0.9700000286102295,0.9300000071525574,0.9399999976158142,18000,0.0,0.0
2023-08-29 00:00:00-04:00,0.9200000166893005,1.0299999713897705,0.9200000166893005,0.9800000190734863,30200,0.0,0.0
2023-08-30 00:00:00-04:00,1.0299999713897705,1.0299999713897705,0.949999988079071,0.9800000190734863,11500,0.0,0.0
2023-08-31 00:00:00-04:00,0.9700000286102295,1.0299999713897705,0.9649999737739563,0.9649999737739563,5700,0.0,0.0
2023-09-01 00:00:00-04:00,1.0,1.0,0.9399999976158142,0.9599999785423279,7200,0.0,0.0
2023-09-05 00:00:00-04:00,0.9399999976158142,1.0,0.9100000262260437,0.9409999847412109,24400,0.0,0.0
2023-09-06 00:00:00-04:00,0.9700000286102295,1.0199999809265137,0.9200000166893005,0.9760000109672546,26100,0.0,0.0
2023-09-07 00:00:00-04:00,0.9599999785423279,1.0199999809265137,0.9399999976158142,0.9649999737739563,6100,0.0,0.0
2023-09-08 00:00:00-04:00,0.949999988079071,0.9900000095367432,0.9300000071525574,0.949999988079071,22800,0.0,0.0
2023-09-11 00:00:00-04:00,0.949999988079071,0.9900000095367432,0.9300000071525574,0.949999988079071,35100,0.0,0.0
2023-09-12 00:00:00-04:00,0.9800000190734863,1.1200000047683716,0.9300000071525574,1.0399999618530273,112000,0.0,0.0
2023-09-13 00:00:00-04:00,1.0199999809265137,1.1200000047683716,1.0,1.0700000524520874,86700,0.0,0.0
2023-09-14 00:00:00-04:00,1.0499999523162842,1.1200000047683716,1.0499999523162842,1.100000023841858,36600,0.0,0.0
2023-09-15 00:00:00-04:00,1.1200000047683716,1.190000057220459,1.059999942779541,1.1799999475479126,113400,0.0,0.0
2023-09-18 00:00:00-04:00,1.149999976158142,1.149999976158142,1.090000033378601,1.1100000143051147,12500,0.0,0.0
2023-09-19 00:00:00-04:00,1.100000023841858,1.1100000143051147,1.0099999904632568,1.1100000143051147,62400,0.0,0.0
2023-09-20 00:00:00-04:00,1.1100000143051147,1.149999976158142,1.1100000143051147,1.1100000143051147,5700,0.0,0.0
2023-09-21 00:00:00-04:00,1.0800000429153442,1.149999976158142,1.059999942779541,1.1399999856948853,17200,0.0,0.0
2023-09-22 00:00:00-04:00,1.1299999952316284,1.1699999570846558,1.1299999952316284,1.1399999856948853,28200,0.0,0.0
2023-09-25 00:00:00-04:00,1.1299999952316284,1.1299999952316284,1.059999942779541,1.0700000524520874,25600,0.0,0.0
2023-09-26 00:00:00-04:00,1.1200000047683716,1.1200000047683716,1.0399999618530273,1.0499999523162842,8200,0.0,0.0
2023-09-27 00:00:00-04:00,1.0299999713897705,1.090000033378601,1.0299999713897705,1.0399999618530273,7900,0.0,0.0
2023-09-28 00:00:00-04:00,1.0299999713897705,1.1100000143051147,1.0299999713897705,1.090000033378601,5000,0.0,0.0
2023-09-29 00:00:00-04:00,1.0800000429153442,1.159999966621399,1.0499999523162842,1.0800000429153442,29000,0.0,0.0
2023-10-02 00:00:00-04:00,1.059999942779541,1.1160000562667847,1.059999942779541,1.090000033378601,19000,0.0,0.0
2023-10-03 00:00:00-04:00,1.059999942779541,1.1200000047683716,1.059999942779541,1.0750000476837158,7700,0.0,0.0
2023-10-04 00:00:00-04:00,1.100000023841858,1.100000023841858,1.0700000524520874,1.0700000524520874,14100,0.0,0.0
2023-10-05 00:00:00-04:00,1.0499999523162842,1.1399999856948853,1.0499999523162842,1.0499999523162842,29800,0.0,0.0
2023-10-06 00:00:00-04:00,1.0499999523162842,1.100000023841858,1.0499999523162842,1.100000023841858,3400,0.0,0.0
2023-10-09 00:00:00-04:00,1.0829999446868896,1.0829999446868896,1.0529999732971191,1.059999942779541,8700,0.0,0.0
2023-10-10 00:00:00-04:00,1.059999942779541,1.090000033378601,1.0499999523162842,1.0549999475479126,18500,0.0,0.0
2023-10-11 00:00:00-04:00,1.059999942779541,1.090000033378601,1.0299999713897705,1.0399999618530273,108600,0.0,0.0
2023-10-12 00:00:00-04:00,1.0399999618530273,1.090000033378601,0.9900000095367432,1.0,68400,0.0,0.0
2023-10-13 00:00:00-04:00,1.0,1.0800000429153442,0.9800000190734863,1.0099999904632568,45400,0.0,0.0
2023-10-16 00:00:00-04:00,1.0,1.100000023841858,1.0,1.0499999523162842,34700,0.0,0.0
2023-10-17 00:00:00-04:00,1.0360000133514404,1.149999976158142,1.0360000133514404,1.090000033378601,19100,0.0,0.0
2023-10-18 00:00:00-04:00,1.1399999856948853,1.1399999856948853,0.9900000095367432,0.9900000095367432,33000,0.0,0.0
2023-10-19 00:00:00-04:00,0.9900000095367432,1.0700000524520874,0.9900000095367432,1.0,7800,0.0,0.0
2023-10-20 00:00:00-04:00,1.0199999809265137,1.0199999809265137,0.9800000190734863,0.9800000190734863,10900,0.0,0.0
2023-10-23 00:00:00-04:00,0.9980000257492065,1.0199999809265137,0.9900000095367432,1.0099999904632568,1000,0.0,0.0
2023-10-24 00:00:00-04:00,1.0499999523162842,1.0499999523162842,1.0499999523162842,1.0499999523162842,1300,0.0,0.0
2023-10-25 00:00:00-04:00,1.0499999523162842,1.0499999523162842,1.0199999809265137,1.0299999713897705,1400,0.0,0.0
2023-10-26 00:00:00-04:00,0.9800000190734863,0.9950000047683716,0.9300000071525574,0.9649999737739563,48400,0.0,0.0
2023-10-27 00:00:00-04:00,0.9700000286102295,1.0299999713897705,0.9649999737739563,0.9649999737739563,2300,0.0,0.0
2023-10-30 00:00:00-04:00,0.9700000286102295,1.0099999904632568,0.9480000138282776,0.9700000286102295,57800,0.0,0.0
2023-10-31 00:00:00-04:00,0.9700000286102295,1.0449999570846558,0.9649999737739563,1.0299999713897705,15000,0.0,0.0
2023-11-01 00:00:00-04:00,1.0299999713897705,1.0299999713897705,0.9900000095367432,1.0,11400,0.0,0.0
2023-11-02 00:00:00-04:00,0.9800000190734863,1.0299999713897705,0.9800000190734863,1.0149999856948853,6800,0.0,0.0
2023-11-03 00:00:00-04:00,1.0299999713897705,1.1200000047683716,1.0199999809265137,1.090000033378601,16300,0.0,0.0
2023-11-06 00:00:00-05:00,1.149999976158142,1.149999976158142,1.0499999523162842,1.0499999523162842,12400,0.0,0.0
2023-11-07 00:00:00-05:00,1.0850000381469727,1.0850000381469727,1.0099999904632568,1.0099999904632568,26600,0.0,0.0
2023-11-08 00:00:00-05:00,1.0399999618530273,1.090000033378601,1.0,1.0199999809265137,11900,0.0,0.0
2023-11-09 00:00:00-05:00,1.0099999904632568,1.0199999809265137,0.9850000143051147,0.9850000143051147,9700,0.0,0.0
2023-11-10 00:00:00-05:00,1.0,1.0,0.972000002861023,0.972000002861023,13200,0.0,0.0
2023-11-13 00:00:00-05:00,0.9959999918937683,1.0199999809265137,0.921999990940094,1.0,27600,0.0,0.0
2023-11-14 00:00:00-05:00,1.0199999809265137,1.0199999809265137,0.9700000286102295,1.0,21400,0.0,0.0
2023-11-15 00:00:00-05:00,0.9599999785423279,1.0499999523162842,0.9599999785423279,1.0199999809265137,7900,0.0,0.0
2023-11-16 00:00:00-05:00,1.0199999809265137,1.0499999523162842,1.0199999809265137,1.0399999618530273,16800,0.0,0.0
2023-11-17 00:00:00-05:00,1.0700000524520874,1.0770000219345093,1.0199999809265137,1.0199999809265137,600,0.0,0.0
2023-11-20 00:00:00-05:00,1.0099999904632568,1.0299999713897705,1.0,1.0199999809265137,4500,0.0,0.0
2023-11-21 00:00:00-05:00,1.0299999713897705,1.0399999618530273,1.0,1.0,2200,0.0,0.0
2023-11-22 00:00:00-05:00,1.0199999809265137,1.0299999713897705,1.0,1.0299999713897705,9400,0.0,0.0
2023-11-24 00:00:00-05:00,1.0299999713897705,1.0499999523162842,1.0299999713897705,1.0499999523162842,5100,0.0,0.0
2023-11-27 00:00:00-05:00,1.059999942779541,1.1200000047683716,1.059999942779541,1.059999942779541,27100,0.0,0.0
2023-11-28 00:00:00-05:00,1.0609999895095825,1.1399999856948853,1.0609999895095825,1.1399999856948853,15800,0.0,0.0
2023-11-29 00:00:00-05:00,1.1299999952316284,1.1799999475479126,1.100000023841858,1.149999976158142,33300,0.0,0.0
2023-11-30 00:00:00-05:00,1.159999966621399,1.1799999475479126,1.149999976158142,1.1699999570846558,27400,0.0,0.0
2023-12-01 00:00:00-05:00,1.159999966621399,1.159999966621399,1.090000033378601,1.1200000047683716,12700,0.0,0.0
2023-12-04 00:00:00-05:00,1.1399999856948853,1.159999966621399,1.1050000190734863,1.1050000190734863,22000,0.0,0.0
2023-12-05 00:00:00-05:00,1.100000023841858,1.1100000143051147,1.100000023841858,1.100000023841858,9400,0.0,0.0
2023-12-06 00:00:00-05:00,1.090000033378601,1.1349999904632568,1.0700000524520874,1.090000033378601,11200,0.0,0.0
2023-12-07 00:00:00-05:00,1.100000023841858,1.149999976158142,1.0399999618530273,1.1349999904632568,53900,0.0,0.0
2023-12-08 00:00:00-05:00,1.1399999856948853,1.1399999856948853,1.1200000047683716,1.1200000047683716,1900,0.0,0.0
2023-12-11 00:00:00-05:00,1.100000023841858,1.100000023841858,1.0700000524520874,1.0850000381469727,2300,0.0,0.0
2023-12-12 00:00:00-05:00,1.1399999856948853,1.1399999856948853,1.059999942779541,1.059999942779541,6500,0.0,0.0
2023-12-13 00:00:00-05:00,1.0700000524520874,1.0800000429153442,1.0499999523162842,1.0499999523162842,7400,0.0,0.0
2023-12-14 00:00:00-05:00,1.059999942779541,1.1200000047683716,1.0299999713897705,1.0299999713897705,13700,0.0,0.0
2023-12-15 00:00:00-05:00,1.0099999904632568,1.059999942779541,0.9900000095367432,1.0,35700,0.0,0.0
2023-12-18 00:00:00-05:00,1.0199999809265137,1.0399999618530273,0.9649999737739563,0.9649999737739563,24400,0.0,0.0
2023-12-19 00:00:00-05:00,0.9599999785423279,1.0,0.9599999785423279,0.9599999785423279,38000,0.0,0.0
2023-12-20 00:00:00-05:00,0.9599999785423279,0.9800000190734863,0.9399999976158142,0.9399999976158142,121900,0.0,0.0
2023-12-21 00:00:00-05:00,0.949999988079071,0.949999988079071,0.9300000071525574,0.9300000071525574,41500,0.0,0.0
2023-12-22 00:00:00-05:00,0.9200000166893005,0.9269999861717224,0.8799999952316284,0.8899999856948853,265700,0.0,0.0
2023-12-26 00:00:00-05:00,0.8600000143051147,0.949999988079071,0.8450000286102295,0.8450000286102295,380000,0.0,0.0
2023-12-27 00:00:00-05:00,0.8399999737739563,0.9259999990463257,0.8399999737739563,0.8799999952316284,79100,0.0,0.0
2023-12-28 00:00:00-05:00,0.875,0.9259999990463257,0.875,0.875,116900,0.0,0.0
2023-12-29 00:00:00-05:00,0.8999999761581421,0.8999999761581421,0.7400000095367432,0.7400000095367432,1176800,0.0,0.0
2024-01-02 00:00:00-05:00,0.8299999833106995,0.9150000214576721,0.8299999833106995,0.9070000052452087,168900,0.0,0.0
2024-01-03 00:00:00-05:00,0.9070000052452087,0.9070000052452087,0.8769999742507935,0.8999999761581421,21800,0.0,0.0
2024-01-04 00:00:00-05:00,1.0499999523162842,1.0700000524520874,0.906000018119812,0.984000027179718,7425600,0.0,0.0
2024-01-05 00:00:00-05:00,0.9589999914169312,0.9700000286102295,0.9100000262260437,0.9399999976158142,454000,0.0,0.0
2024-01-08 00:00:00-05:00,0.9300000071525574,1.0199999809265137,0.8999999761581421,1.0,456300,0.0,0.0
2024-01-09 00:00:00-05:00,1.0099999904632568,1.0299999713897705,0.9700000286102295,1.0099999904632568,89000,0.0,0.0
2024-01-10 00:00:00-05:00,1.0,1.0119999647140503,0.9110000133514404,0.9599999785423279,166900,0.0,0.0
2024-01-11 00:00:00-05:00,0.949999988079071,0.9599999785423279,0.9150000214576721,0.949999988079071,178200,0.0,0.0
2024-01-12 00:00:00-05:00,0.9309999942779541,1.0199999809265137,0.925000011920929,0.9800000190734863,234800,0.0,0.0
2024-01-16 00:00:00-05:00,0.9399999976158142,1.0,0.9399999976158142,0.9869999885559082,166100,0.0,0.0
2024-01-17 00:00:00-05:00,0.9900000095367432,0.9900000095367432,0.9509999752044678,0.9900000095367432,19900,0.0,0.0
2024-01-18 00:00:00-05:00,0.9900000095367432,0.9900000095367432,0.9430000185966492,0.9700000286102295,146500,0.0,0.0
2024-01-19 00:00:00-05:00,0.9750000238418579,0.9800000190734863,0.9399999976158142,0.9670000076293945,133900,0.0,0.0
2024-01-22 00:00:00-05:00,0.9900000095367432,0.9900000095367432,0.9599999785423279,0.9629999995231628,41300,0.0,0.0
2024-01-23 00:00:00-05:00,0.9599999785423279,0.9700000286102295,0.949999988079071,0.9599999785423279,164600,0.0,0.0
2024-01-24 00:00:00-05:00,0.9599999785423279,0.9700000286102295,0.9440000057220459,0.9599999785423279,91100,0.0,0.0
2024-01-25 00:00:00-05:00,0.9599999785423279,0.9649999737739563,0.949999988079071,0.9549999833106995,68600,0.0,0.0
2024-01-26 00:00:00-05:00,0.949999988079071,0.9700000286102295,0.9399999976158142,0.9700000286102295,55500,0.0,0.0
2024-01-29 00:00:00-05:00,0.9700000286102295,0.9700000286102295,0.9300000071525574,0.9599999785423279,241300,0.0,0.0
2024-01-30 00:00:00-05:00,0.9599999785423279,0.9700000286102295,0.949999988079071,0.9599999785423279,36900,0.0,0.0
2024-01-31 00:00:00-05:00,0.9800000190734863,0.9860000014305115,0.9369999766349792,0.9549999833106995,49000,0.0,0.0
2024-02-01 00:00:00-05:00,0.9399999976158142,0.9700000286102295,0.9350000023841858,0.9700000286102295,33700,0.0,0.0
2024-02-02 00:00:00-05:00,0.949999988079071,0.9670000076293945,0.9309999942779541,0.9670000076293945,117400,0.0,0.0
2024-02-05 00:00:00-05:00,0.949999988079071,0.9800000190734863,0.949999988079071,0.9660000205039978,24300,0.0,0.0
2024-02-06 00:00:00-05:00,0.949999988079071,0.9660000205039978,0.9359999895095825,0.9419999718666077,48900,0.0,0.0
2024-02-07 00:00:00-05:00,0.9419999718666077,0.9520000219345093,0.9300000071525574,0.9300000071525574,102200,0.0,0.0
2024-02-08 00:00:00-05:00,0.9399999976158142,0.9800000190734863,0.9399999976158142,0.949999988079071,10900,0.0,0.0
2024-02-09 00:00:00-05:00,0.949999988079071,0.9599999785423279,0.9200000166893005,0.9599999785423279,27900,0.0,0.0
2024-02-12 00:00:00-05:00,0.9300000071525574,0.9800000190734863,0.9300000071525574,0.9700000286102295,43100,0.0,0.0
2024-02-13 00:00:00-05:00,0.9700000286102295,0.9750000238418579,0.9399999976158142,0.9599999785423279,3400,0.0,0.0
2024-02-14 00:00:00-05:00,0.9399999976158142,0.9800000190734863,0.9350000023841858,0.9789999723434448,28700,0.0,0.0
2024-02-15 00:00:00-05:00,0.9399999976158142,0.9900000095367432,0.9399999976158142,0.949999988079071,50200,0.0,0.0
2024-02-16 00:00:00-05:00,0.9599999785423279,1.0,0.9399999976158142,0.968999981880188,28000,0.0,0.0
2024-02-20 00:00:00-05:00,0.9599999785423279,0.968999981880188,0.9300000071525574,0.9300000071525574,71100,0.0,0.0
2024-02-21 00:00:00-05:00,0.9900000095367432,0.9900000095367432,0.9300000071525574,0.9399999976158142,18500,0.0,0.0
2024-02-22 00:00:00-05:00,0.9700000286102295,0.9700000286102295,0.9300000071525574,0.949999988079071,1500,0.0,0.0
2024-02-23 00:00:00-05:00,0.9300000071525574,1.0,0.9300000071525574,1.0,35000,0.0,0.0
2024-02-26 00:00:00-05:00,0.9990000128746033,1.0,0.9800000190734863,0.9850000143051147,5800,0.0,0.0
2024-02-27 00:00:00-05:00,0.9700000286102295,1.0,0.968999981880188,0.9990000128746033,9200,0.0,0.0
2024-02-28 00:00:00-05:00,0.9700000286102295,1.0,0.9700000286102295,1.0,12800,0.0,0.0
2024-02-29 00:00:00-05:00,1.0,1.149999976158142,0.9950000047683716,1.100000023841858,197900,0.0,0.0
2024-03-01 00:00:00-05:00,1.149999976158142,1.149999976158142,0.9800000190734863,0.9800000190734863,229900,0.0,0.0
2024-03-04 00:00:00-05:00,1.0199999809265137,1.0199999809265137,0.9409999847412109,0.9900000095367432,125200,0.0,0.0
2024-03-05 00:00:00-05:00,0.9900000095367432,1.0199999809265137,0.9599999785423279,0.9900000095367432,37800,0.0,0.0
2024-03-06 00:00:00-05:00,0.9800000190734863,1.0,0.949999988079071,1.0,24000,0.0,0.0
2024-03-07 00:00:00-05:00,1.0099999904632568,1.0099999904632568,0.9449999928474426,0.9789999723434448,27800,0.0,0.0
2024-03-08 00:00:00-05:00,0.972000002861023,0.9900000095367432,0.9559999704360962,0.9810000061988831,22400,0.0,0.0
2024-03-11 00:00:00-04:00,0.9599999785423279,1.0,0.9599999785423279,0.9800000190734863,14600,0.0,0.0
2024-03-12 00:00:00-04:00,1.0,1.0,0.949999988079071,0.953000009059906,24000,0.0,0.0
2024-03-13 00:00:00-04:00,0.9700000286102295,1.0,0.9399999976158142,0.984000027179718,44300,0.0,0.0
2024-03-14 00:00:00-04:00,1.0,1.0,0.953000009059906,0.9980000257492065,14700,0.0,0.0
2024-03-15 00:00:00-04:00,0.949999988079071,0.9950000047683716,0.949999988079071,0.9800000190734863,24800,0.0,0.0
2024-03-18 00:00:00-04:00,0.9700000286102295,0.9990000128746033,0.9629999995231628,0.9800000190734863,69100,0.0,0.0
2024-03-19 00:00:00-04:00,0.9810000061988831,0.9810000061988831,0.9350000023841858,0.9620000123977661,64100,0.0,0.0
2024-03-20 00:00:00-04:00,0.9800000190734863,0.9800000190734863,0.9399999976158142,0.9800000190734863,15300,0.0,0.0
2024-03-21 00:00:00-04:00,0.9800000190734863,0.9800000190734863,0.949999988079071,0.9750000238418579,5100,0.0,0.0
2024-03-22 00:00:00-04:00,0.9399999976158142,0.9700000286102295,0.9399999976158142,0.9700000286102295,17400,0.0,0.0
2024-03-25 00:00:00-04:00,0.9700000286102295,0.9800000190734863,0.9399999976158142,0.9800000190734863,7100,0.0,0.0
2024-03-26 00:00:00-04:00,0.9800000190734863,0.9800000190734863,0.949999988079071,0.9789999723434448,4800,0.0,0.0
2024-03-27 00:00:00-04:00,0.9700000286102295,0.9900000095367432,0.949999988079071,0.9900000095367432,36300,0.0,0.0
2024-03-28 00:00:00-04:00,0.9900000095367432,0.9900000095367432,0.9599999785423279,0.9700000286102295,127400,0.0,0.0
2024-04-01 00:00:00-04:00,0.9900000095367432,0.9900000095367432,0.9570000171661377,0.9599999785423279,8500,0.0,0.0
2024-04-02 00:00:00-04:00,0.9900000095367432,0.9900000095367432,0.949999988079071,0.9700000286102295,8600,0.0,0.0
2024-04-03 00:00:00-04:00,0.9599999785423279,0.9850000143051147,0.949999988079071,0.9599999785423279,55200,0.0,0.0
2024-04-04 00:00:00-04:00,0.9679999947547913,0.984000027179718,0.9599999785423279,0.9750000238418579,13300,0.0,0.0
2024-04-05 00:00:00-04:00,0.9750000238418579,1.0099999904632568,0.9750000238418579,1.0,22800,0.0,0.0
2024-04-08 00:00:00-04:00,0.9900000095367432,1.0199999809265137,0.9800000190734863,0.9900000095367432,43800,0.0,0.0
2024-04-09 00:00:00-04:00,0.9850000143051147,0.9900000095367432,0.9800000190734863,0.9900000095367432,5400,0.0,0.0
2024-04-10 00:00:00-04:00,0.9850000143051147,0.9900000095367432,0.9509999752044678,0.9599999785423279,41100,0.0,0.0
2024-04-11 00:00:00-04:00,0.9399999976158142,0.9900000095367432,0.9399999976158142,0.9879999756813049,70600,0.0,0.0
2024-04-12 00:00:00-04:00,0.9599999785423279,0.9900000095367432,0.9300000071525574,0.9490000009536743,118500,0.0,0.0
2024-04-15 00:00:00-04:00,0.9599999785423279,0.9750000238418579,0.9549999833106995,0.9739999771118164,14600,0.0,0.0
2024-04-16 00:00:00-04:00,0.949999988079071,0.9649999737739563,0.9350000023841858,0.9350000023841858,19600,0.0,0.0
2024-04-17 00:00:00-04:00,0.949999988079071,0.949999988079071,0.9350000023841858,0.9399999976158142,19100,0.0,0.0
2024-04-18 00:00:00-04:00,0.9399999976158142,0.9700000286102295,0.8500000238418579,0.8600000143051147,140100,0.0,0.0
2024-04-19 00:00:00-04:00,0.8799999952316284,0.9100000262260437,0.8399999737739563,0.8899999856948853,23000,0.0,0.0
2024-04-22 00:00:00-04:00,0.8899999856948853,0.9200000166893005,0.8709999918937683,0.8709999918937683,11200,0.0,0.0
2024-04-23 00:00:00-04:00,0.9200000166893005,0.9300000071525574,0.8600000143051147,0.9290000200271606,23300,0.0,0.0
2024-04-24 00:00:00-04:00,0.9300000071525574,0.9399999976158142,0.9300000071525574,0.9309999942779541,1300,0.0,0.0
2024-04-25 00:00:00-04:00,0.9300000071525574,0.949999988079071,0.9100000262260437,0.949999988079071,900,0.0,0.0
2024-04-26 00:00:00-04:00,0.9240000247955322,0.949999988079071,0.9200000166893005,0.9459999799728394,5000,0.0,0.0
2024-04-29 00:00:00-04:00,0.949999988079071,0.9639999866485596,0.925000011920929,0.9639999866485596,50200,0.0,0.0
2024-04-30 00:00:00-04:00,0.9729999899864197,0.9900000095367432,0.9729999899864197,0.984000027179718,18700,0.0,0.0
2024-05-01 00:00:00-04:00,0.9800000190734863,0.9800000190734863,0.9079999923706055,0.9300000071525574,120100,0.0,0.0
2024-05-02 00:00:00-04:00,0.9300000071525574,0.9900000095367432,0.9300000071525574,0.9900000095367432,34800,0.0,0.0
2024-05-03 00:00:00-04:00,0.9350000023841858,0.9629999995231628,0.8899999856948853,0.8899999856948853,173100,0.0,0.0
2024-05-06 00:00:00-04:00,0.9190000295639038,0.9200000166893005,0.8769999742507935,0.8769999742507935,33800,0.0,0.0
2024-05-07 00:00:00-04:00,0.9160000085830688,0.9160000085830688,0.8600000143051147,0.8600000143051147,35900,0.0,0.0
2024-05-08 00:00:00-04:00,0.8899999856948853,0.8899999856948853,0.7799999713897705,0.796999990940094,115300,0.0,0.0
2024-05-09 00:00:00-04:00,0.8379999995231628,0.8500000238418579,0.7799999713897705,0.8050000071525574,180600,0.0,0.0
2024-05-10 00:00:00-04:00,0.8050000071525574,0.8389999866485596,0.800000011920929,0.800000011920929,60100,0.0,0.0
2024-05-13 00:00:00-04:00,0.8199999928474426,0.8399999737739563,0.800000011920929,0.8209999799728394,21400,0.0,0.0
2024-05-14 00:00:00-04:00,0.8299999833106995,0.8450000286102295,0.8159999847412109,0.828000009059906,25000,0.0,0.0
2024-05-15 00:00:00-04:00,0.8489999771118164,0.8690000176429749,0.8100000023841858,0.8100000023841858,19400,0.0,0.0
2024-05-16 00:00:00-04:00,0.800000011920929,0.8399999737739563,0.800000011920929,0.8199999928474426,22700,0.0,0.0
2024-05-17 00:00:00-04:00,0.8450000286102295,0.8450000286102295,0.8299999833106995,0.8299999833106995,31900,0.0,0.0
2024-05-20 00:00:00-04:00,0.8199999928474426,0.8899999856948853,0.8199999928474426,0.8299999833106995,37900,0.0,0.0
2024-05-21 00:00:00-04:00,0.8700000047683716,0.8700000047683716,0.824999988079071,0.847000002861023,5800,0.0,0.0
2024-05-22 00:00:00-04:00,0.847000002861023,0.847000002861023,0.8259999752044678,0.8389999866485596,2700,0.0,0.0
2024-05-23 00:00:00-04:00,0.8700000047683716,0.8700000047683716,0.8100000023841858,0.8199999928474426,11000,0.0,0.0
2024-05-24 00:00:00-04:00,0.8100000023841858,0.8899999856948853,0.8100000023841858,0.8199999928474426,48100,0.0,0.0
2024-05-28 00:00:00-04:00,0.8399999737739563,0.8399999737739563,0.7900000214576721,0.8019999861717224,12800,0.0,0.0
2024-05-29 00:00:00-04:00,0.800000011920929,0.8019999861717224,0.7900000214576721,0.8019999861717224,13000,0.0,0.0
2024-05-30 00:00:00-04:00,0.8199999928474426,0.8299999833106995,0.8100000023841858,0.8100000023841858,10500,0.0,0.0
2024-05-31 00:00:00-04:00,0.7960000038146973,0.8690000176429749,0.7820000052452087,0.800000011920929,12800,0.0,0.0
2024-06-03 00:00:00-04:00,0.7910000085830688,0.8190000057220459,0.7910000085830688,0.8100000023841858,2500,0.0,0.0
2024-06-04 00:00:00-04:00,0.8190000057220459,0.8190000057220459,0.75,0.75,27500,0.0,0.0
2024-06-05 00:00:00-04:00,0.75,0.800000011920929,0.75,0.800000011920929,34600,0.0,0.0
2024-06-06 00:00:00-04:00,0.800000011920929,0.8190000057220459,0.7950000166893005,0.800000011920929,6700,0.0,0.0
2024-06-07 00:00:00-04:00,0.7860000133514404,0.8190000057220459,0.7699999809265137,0.7879999876022339,12800,0.0,0.0
2024-06-10 00:00:00-04:00,0.7879999876022339,0.8289999961853027,0.75,0.7599999904632568,45500,0.0,0.0
2024-06-11 00:00:00-04:00,0.7689999938011169,0.800000011920929,0.7689999938011169,0.7799999713897705,7500,0.0,0.0
2024-06-12 00:00:00-04:00,0.7799999713897705,0.8190000057220459,0.7699999809265137,0.7799999713897705,7700,0.0,0.0
2024-06-13 00:00:00-04:00,0.8190000057220459,0.8190000057220459,0.7450000047683716,0.7799999713897705,34900,0.0,0.0
2024-06-14 00:00:00-04:00,0.7799999713897705,0.7950000166893005,0.7620000243186951,0.7699999809265137,7800,0.0,0.0
2024-06-17 00:00:00-04:00,0.7799999713897705,0.8299999833106995,0.7649999856948853,0.7799999713897705,10800,0.0,0.0
2024-06-18 00:00:00-04:00,0.7799999713897705,0.7799999713897705,0.7699999809265137,0.7699999809265137,10800,0.0,0.0
2024-06-20 00:00:00-04:00,0.7799999713897705,0.7799999713897705,0.7319999933242798,0.7749999761581421,4900,0.0,0.0
2024-06-21 00:00:00-04:00,0.7799999713897705,0.8199999928474426,0.75,0.7799999713897705,36300,0.0,0.0
2024-06-24 00:00:00-04:00,0.7699999809265137,0.7799999713897705,0.7549999952316284,0.7549999952316284,8700,0.0,0.0
2024-06-25 00:00:00-04:00,0.7699999809265137,0.7799999713897705,0.7609999775886536,0.7609999775886536,37700,0.0,0.0
2024-06-26 00:00:00-04:00,0.7699999809265137,0.7699999809265137,0.722000002861023,0.7250000238418579,39100,0.0,0.0
2024-06-27 00:00:00-04:00,0.7200000286102295,0.7480000257492065,0.6700000166893005,0.6940000057220459,108600,0.0,0.0
2024-06-28 00:00:00-04:00,0.6899999976158142,0.6940000057220459,0.6439999938011169,0.6600000262260437,85500,0.0,0.0
2024-07-01 00:00:00-04:00,0.6700000166893005,0.6899999976158142,0.6700000166893005,0.6800000071525574,8200,0.0,0.0
2024-07-02 00:00:00-04:00,0.6940000057220459,0.7200000286102295,0.6399999856948853,0.6399999856948853,47000,0.0,0.0
2024-07-03 00:00:00-04:00,0.6399999856948853,0.703000009059906,0.5799999833106995,0.6029999852180481,46400,0.0,0.0
2024-07-05 00:00:00-04:00,0.6200000047683716,0.6650000214576721,0.6200000047683716,0.6480000019073486,10800,0.0,0.0
2024-07-08 00:00:00-04:00,0.6309999823570251,0.6639999747276306,0.6299999952316284,0.6399999856948853,2600,0.0,0.0
2024-07-09 00:00:00-04:00,0.6489999890327454,0.6489999890327454,0.6100000143051147,0.6299999952316284,25300,0.0,0.0
2024-07-10 00:00:00-04:00,0.6209999918937683,0.6650000214576721,0.6140000224113464,0.6449999809265137,28200,0.0,0.0
2024-07-11 00:00:00-04:00,0.6600000262260437,0.6629999876022339,0.6299999952316284,0.6600000262260437,22500,0.0,0.0
2024-07-12 00:00:00-04:00,0.6859999895095825,0.6899999976158142,0.6330000162124634,0.6859999895095825,23400,0.0,0.0
2024-07-15 00:00:00-04:00,0.6499999761581421,0.699999988079071,0.6499999761581421,0.6520000100135803,23200,0.0,0.0
2024-07-16 00:00:00-04:00,0.6800000071525574,0.6980000138282776,0.6600000262260437,0.6899999976158142,15700,0.0,0.0
2024-07-17 00:00:00-04:00,0.6499999761581421,0.6980000138282776,0.6499999761581421,0.6499999761581421,34400,0.0,0.0
2024-07-18 00:00:00-04:00,0.6499999761581421,0.6930000185966492,0.6499999761581421,0.6600000262260437,5300,0.0,0.0
2024-07-19 00:00:00-04:00,0.6439999938011169,0.7009999752044678,0.6439999938011169,0.6949999928474426,49800,0.0,0.0
2024-07-22 00:00:00-04:00,0.699999988079071,0.699999988079071,0.6700000166893005,0.6899999976158142,8100,0.0,0.0
2024-07-23 00:00:00-04:00,0.7089999914169312,0.7089999914169312,0.6499999761581421,0.6549999713897705,26700,0.0,0.0
2024-07-24 00:00:00-04:00,0.6499999761581421,0.6959999799728394,0.6499999761581421,0.6650000214576721,28900,0.0,0.0
2024-07-25 00:00:00-04:00,0.6650000214576721,0.6980000138282776,0.6650000214576721,0.6850000023841858,3300,0.0,0.0
2024-07-26 00:00:00-04:00,0.699999988079071,0.699999988079071,0.6700000166893005,0.6700000166893005,10600,0.0,0.0
2024-07-29 00:00:00-04:00,0.6800000071525574,0.699999988079071,0.6700000166893005,0.6980000138282776,78400,0.0,0.0
2024-07-30 00:00:00-04:00,0.6899999976158142,0.6899999976158142,0.6600000262260437,0.6800000071525574,32600,0.0,0.0
2024-07-31 00:00:00-04:00,0.6880000233650208,0.7099999785423279,0.6600000262260437,0.6610000133514404,10300,0.0,0.0
2024-08-01 00:00:00-04:00,0.6959999799728394,0.6959999799728394,0.6610000133514404,0.6779999732971191,9200,0.0,0.0
2024-08-02 00:00:00-04:00,0.7400000095367432,0.8500000238418579,0.699999988079071,0.7950000166893005,367300,0.0,0.0
2024-08-05 00:00:00-04:00,0.7900000214576721,0.800000011920929,0.7310000061988831,0.7889999747276306,68000,0.0,0.0
2024-08-06 00:00:00-04:00,0.75,0.8119999766349792,0.75,0.781000018119812,167300,0.0,0.0
2024-08-07 00:00:00-04:00,0.765999972820282,0.7900000214576721,0.7400000095367432,0.75,77600,0.0,0.0
2024-08-08 00:00:00-04:00,0.75,0.9490000009536743,0.75,0.8500000238418579,305800,0.0,0.0
2024-08-09 00:00:00-04:00,0.949999988079071,0.949999988079071,0.8399999737739563,0.8500000238418579,204800,0.0,0.0
2024-08-12 00:00:00-04:00,0.8600000143051147,0.8889999985694885,0.7799999713897705,0.8299999833106995,90000,0.0,0.0
2024-08-13 00:00:00-04:00,0.7990000247955322,0.8500000238418579,0.7990000247955322,0.8500000238418579,54000,0.0,0.0
2024-08-14 00:00:00-04:00,0.8709999918937683,0.8709999918937683,0.8199999928474426,0.8349999785423279,59900,0.0,0.0
2024-08-15 00:00:00-04:00,0.8399999737739563,0.8700000047683716,0.8119999766349792,0.8309999704360962,35200,0.0,0.0
2024-08-16 00:00:00-04:00,0.8289999961853027,0.8500000238418579,0.8289999961853027,0.8500000238418579,46900,0.0,0.0
2024-08-19 00:00:00-04:00,0.8500000238418579,0.8600000143051147,0.8299999833106995,0.847000002861023,34600,0.0,0.0
2024-08-20 00:00:00-04:00,0.8700000047683716,0.8790000081062317,0.8209999799728394,0.8220000267028809,50900,0.0,0.0
2024-08-21 00:00:00-04:00,0.8450000286102295,0.8700000047683716,0.8199999928474426,0.8399999737739563,86900,0.0,0.0
2024-08-22 00:00:00-04:00,0.8500000238418579,0.8529999852180481,0.8349999785423279,0.8500000238418579,108900,0.0,0.0
2024-08-23 00:00:00-04:00,0.8500000238418579,0.8610000014305115,0.8299999833106995,0.8399999737739563,76300,0.0,0.0
2024-08-26 00:00:00-04:00,0.8199999928474426,0.8500000238418579,0.8199999928474426,0.8410000205039978,86800,0.0,0.0
2024-08-27 00:00:00-04:00,0.8550000190734863,0.8610000014305115,0.8399999737739563,0.8519999980926514,80200,0.0,0.0
2024-08-28 00:00:00-04:00,0.8500000238418579,0.8600000143051147,0.8349999785423279,0.8399999737739563,106900,0.0,0.0
2024-08-29 00:00:00-04:00,0.8500000238418579,0.8579999804496765,0.8500000238418579,0.8529999852180481,42400,0.0,0.0
2024-08-30 00:00:00-04:00,0.8629999756813049,0.8629999756813049,0.8450000286102295,0.8500000238418579,20300,0.0,0.0
2024-09-03 00:00:00-04:00,0.8320000171661377,0.8799999952316284,0.8199999928474426,0.8330000042915344,43800,0.0,0.0
2024-09-04 00:00:00-04:00,0.8230000138282776,0.8799999952316284,0.8209999799728394,0.8399999737739563,38500,0.0,0.0
2024-09-05 00:00:00-04:00,0.8799999952316284,0.8999999761581421,0.8410000205039978,0.8410000205039978,34400,0.0,0.0
2024-09-06 00:00:00-04:00,0.8500000238418579,0.8700000047683716,0.8299999833106995,0.8349999785423279,20700,0.0,0.0
2024-09-09 00:00:00-04:00,0.8450000286102295,0.8450000286102295,0.8009999990463257,0.8149999976158142,39200,0.0,0.0
2024-09-10 00:00:00-04:00,0.8259999752044678,0.8500000238418579,0.8029999732971191,0.8289999961853027,26200,0.0,0.0
2024-09-11 00:00:00-04:00,0.8230000138282776,0.8500000238418579,0.8009999990463257,0.8399999737739563,21400,0.0,0.0
2024-09-12 00:00:00-04:00,0.8009999990463257,0.8500000238418579,0.8009999990463257,0.847000002861023,26900,0.0,0.0
2024-09-13 00:00:00-04:00,0.8500000238418579,0.8600000143051147,0.8299999833106995,0.8349999785423279,58500,0.0,0.0
2024-09-16 00:00:00-04:00,0.8500000238418579,0.8579999804496765,0.8299999833106995,0.8360000252723694,93800,0.0,0.0
2024-09-17 00:00:00-04:00,0.8399999737739563,0.8529999852180481,0.8309999704360962,0.8309999704360962,33600,0.0,0.0
2024-09-18 00:00:00-04:00,0.8500000238418579,0.8600000143051147,0.8399999737739563,0.8399999737739563,239700,0.0,0.0
2024-09-19 00:00:00-04:00,0.8579999804496765,0.8999999761581421,0.8500000238418579,0.8690000176429749,95100,0.0,0.0
2024-09-20 00:00:00-04:00,0.8999999761581421,0.8999999761581421,0.8500000238418579,0.8790000081062317,55000,0.0,0.0
2024-09-23 00:00:00-04:00,0.8999999761581421,0.8999999761581421,0.8539999723434448,0.8619999885559082,26200,0.0,0.0
2024-09-24 00:00:00-04:00,0.8500000238418579,0.8889999985694885,0.8299999833106995,0.8429999947547913,98900,0.0,0.0
2024-09-25 00:00:00-04:00,0.8399999737739563,0.9179999828338623,0.8399999737739563,0.8479999899864197,8500,0.0,0.0
2024-09-26 00:00:00-04:00,0.8999999761581421,0.9200000166893005,0.8519999980926514,0.8980000019073486,53100,0.0,0.0
2024-09-27 00:00:00-04:00,0.8999999761581421,0.9200000166893005,0.8899999856948853,0.8999999761581421,27500,0.0,0.0
2024-09-30 00:00:00-04:00,0.9100000262260437,0.9200000166893005,0.8529999852180481,0.8899999856948853,24100,0.0,0.0
2024-10-01 00:00:00-04:00,0.8600000143051147,0.8989999890327454,0.8600000143051147,0.8700000047683716,2700,0.0,0.0
2024-10-02 00:00:00-04:00,0.8700000047683716,0.8899999856948853,0.8700000047683716,0.8790000081062317,6400,0.0,0.0
2024-10-03 00:00:00-04:00,0.875,0.9200000166893005,0.875,0.8880000114440918,22000,0.0,0.0
2024-10-04 00:00:00-04:00,0.9200000166893005,0.9200000166893005,0.875,0.8999999761581421,11100,0.0,0.0
2024-10-07 00:00:00-04:00,0.9200000166893005,0.9200000166893005,0.8899999856948853,0.8999999761581421,18500,0.0,0.0
2024-10-08 00:00:00-04:00,0.8999999761581421,0.8999999761581421,0.8949999809265137,0.8999999761581421,6600,0.0,0.0
2024-10-09 00:00:00-04:00,0.9190000295639038,0.9200000166893005,0.8899999856948853,0.8899999856948853,24600,0.0,0.0
2024-10-10 00:00:00-04:00,0.8849999904632568,0.8999999761581421,0.8809999823570251,0.8809999823570251,16100,0.0,0.0
2024-10-11 00:00:00-04:00,0.8899999856948853,0.9200000166893005,0.8899999856948853,0.8899999856948853,33800,0.0,0.0
2024-10-14 00:00:00-04:00,0.8899999856948853,0.902999997138977,0.8849999904632568,0.8859999775886536,30500,0.0,0.0
2024-10-15 00:00:00-04:00,0.8999999761581421,0.8999999761581421,0.8799999952316284,0.8799999952316284,20200,0.0,0.0
2024-10-16 00:00:00-04:00,0.8859999775886536,0.9100000262260437,0.8550000190734863,0.8700000047683716,78600,0.0,0.0
2024-10-17 00:00:00-04:00,0.8700000047683716,0.8700000047683716,0.8669999837875366,0.8700000047683716,5000,0.0,0.0
2024-10-18 00:00:00-04:00,0.8790000081062317,0.9020000100135803,0.8650000095367432,0.8859999775886536,20200,0.0,0.0
2024-10-21 00:00:00-04:00,0.8899999856948853,0.8960000276565552,0.8299999833106995,0.8650000095367432,86800,0.0,0.0
2024-10-22 00:00:00-04:00,0.8700000047683716,0.8980000019073486,0.8700000047683716,0.8899999856948853,156000,0.0,0.0
2024-10-23 00:00:00-04:00,0.8999999761581421,0.9200000166893005,0.875,0.9200000166893005,149000,0.0,0.0
2024-10-24 00:00:00-04:00,0.8999999761581421,0.9120000004768372,0.8700000047683716,0.9100000262260437,219200,0.0,0.0
2024-10-25 00:00:00-04:00,0.8999999761581421,0.9200000166893005,0.8999999761581421,0.9200000166893005,177900,0.0,0.0
2024-10-28 00:00:00-04:00,0.9200000166893005,1.1200000047683716,0.9100000262260437,1.0700000524520874,488100,0.0,0.0
2024-10-29 00:00:00-04:00,1.0700000524520874,1.1399999856948853,1.0299999713897705,1.0800000429153442,105700,0.0,0.0
2024-10-30 00:00:00-04:00,1.090000033378601,1.1699999570846558,1.0499999523162842,1.1100000143051147,133800,0.0,0.0
2024-10-31 00:00:00-04:00,1.1100000143051147,1.1299999952316284,1.059999942779541,1.0800000429153442,97200,0.0,0.0
2024-11-01 00:00:00-04:00,1.090000033378601,1.184999942779541,1.059999942779541,1.100000023841858,151300,0.0,0.0
2024-11-04 00:00:00-05:00,1.090000033378601,1.1200000047683716,1.0499999523162842,1.0800000429153442,73900,0.0,0.0
2024-11-05 00:00:00-05:00,1.090000033378601,1.1380000114440918,1.0299999713897705,1.090000033378601,128900,0.0,0.0
2024-11-06 00:00:00-05:00,1.1399999856948853,1.1399999856948853,1.0499999523162842,1.1399999856948853,53900,0.0,0.0
2024-11-07 00:00:00-05:00,1.1399999856948853,1.340000033378601,1.0479999780654907,1.2400000095367432,266000,0.0,0.0
2024-11-08 00:00:00-05:00,1.2799999713897705,1.2799999713897705,1.2000000476837158,1.2599999904632568,30600,0.0,0.0
2024-11-11 00:00:00-05:00,1.25,1.2899999618530273,1.159999966621399,1.2699999809265137,57900,0.0,0.0
2024-11-12 00:00:00-05:00,1.2599999904632568,1.2999999523162842,1.2300000190734863,1.25,53400,0.0,0.0
2024-11-13 00:00:00-05:00,1.2899999618530273,1.2899999618530273,1.159999966621399,1.1799999475479126,31800,0.0,0.0
2024-11-14 00:00:00-05:00,1.1399999856948853,1.2100000381469727,1.0800000429153442,1.0800000429153442,71000,0.0,0.0
2024-11-15 00:00:00-05:00,1.0700000524520874,1.0950000286102295,1.0399999618530273,1.0399999618530273,43100,0.0,0.0
2024-11-18 00:00:00-05:00,1.0199999809265137,1.1100000143051147,1.0099999904632568,1.059999942779541,72600,0.0,0.0
2024-11-19 00:00:00-05:00,1.090000033378601,1.1890000104904175,1.0399999618530273,1.100000023841858,17000,0.0,0.0
2024-11-20 00:00:00-05:00,1.1150000095367432,1.1449999809265137,1.0700000524520874,1.0800000429153442,9200,0.0,0.0
2024-11-21 00:00:00-05:00,1.1799999475479126,1.190000057220459,1.0800000429153442,1.1100000143051147,25500,0.0,0.0
2024-11-22 00:00:00-05:00,1.1200000047683716,1.149999976158142,1.0800000429153442,1.149999976158142,27100,0.0,0.0
2024-11-25 00:00:00-05:00,1.1299999952316284,1.1299999952316284,1.100000023841858,1.100000023841858,26100,0.0,0.0
2024-11-26 00:00:00-05:00,1.1100000143051147,1.1299999952316284,1.0399999618530273,1.0499999523162842,63000,0.0,0.0
2024-11-27 00:00:00-05:00,1.059999942779541,1.0779999494552612,0.9620000123977661,0.9900000095367432,41300,0.0,0.0
2024-11-29 00:00:00-05:00,0.949999988079071,1.1299999952316284,0.9359999895095825,1.0449999570846558,310400,0.0,0.0
2024-12-02 00:00:00-05:00,1.0499999523162842,1.1180000305175781,1.0,1.0,61500,0.0,0.0
2024-12-03 00:00:00-05:00,1.0099999904632568,1.0479999780654907,1.0,1.0399999618530273,38400,0.0,0.0
2024-12-04 00:00:00-05:00,1.0449999570846558,1.100000023841858,1.0399999618530273,1.0700000524520874,52100,0.0,0.0
2024-12-05 00:00:00-05:00,1.0700000524520874,1.100000023841858,1.0199999809265137,1.0299999713897705,63600,0.0,0.0
2024-12-06 00:00:00-05:00,1.059999942779541,1.100000023841858,1.0399999618530273,1.0499999523162842,42800,0.0,0.0
2024-12-09 00:00:00-05:00,1.059999942779541,1.090000033378601,1.0410000085830688,1.0499999523162842,41500,0.0,0.0
2024-12-10 00:00:00-05:00,1.0700000524520874,1.0700000524520874,1.0299999713897705,1.0399999618530273,22100,0.0,0.0
2024-12-11 00:00:00-05:00,1.0499999523162842,1.0499999523162842,0.9900000095367432,1.0099999904632568,33000,0.0,0.0
2024-12-12 00:00:00-05:00,1.0099999904632568,1.0499999523162842,1.0099999904632568,1.0199999809265137,6400,0.0,0.0
2024-12-13 00:00:00-05:00,1.0210000276565552,1.0210000276565552,0.9700000286102295,1.0,20600,0.0,0.0
2024-12-16 00:00:00-05:00,0.9900000095367432,1.0299999713897705,0.9819999933242798,1.0,20700,0.0,0.0
2024-12-17 00:00:00-05:00,1.0299999713897705,1.090000033378601,1.0099999904632568,1.059999942779541,21500,0.0,0.0
2024-12-18 00:00:00-05:00,1.090000033378601,1.090000033378601,0.9700000286102295,0.9700000286102295,45600,0.0,0.0
2024-12-19 00:00:00-05:00,0.9700000286102295,1.0240000486373901,0.9700000286102295,1.0,12200,0.0,0.0
2024-12-20 00:00:00-05:00,1.059999942779541,1.059999942779541,0.8999999761581421,0.8999999761581421,115700,0.0,0.0
2024-12-23 00:00:00-05:00,1.0399999618530273,1.0399999618530273,0.8999999761581421,0.9120000004768372,131300,0.0,0.0
2024-12-24 00:00:00-05:00,0.9120000004768372,1.0449999570846558,0.9120000004768372,0.9359999895095825,9700,0.0,0.0
2024-12-26 00:00:00-05:00,0.949999988079071,0.9750000238418579,0.8999999761581421,0.9110000133514404,46200,0.0,0.0
2024-12-27 00:00:00-05:00,0.9300000071525574,0.9800000190734863,0.8899999856948853,0.9580000042915344,89400,0.0,0.0
2024-12-30 00:00:00-05:00,1.0199999809265137,1.0199999809265137,0.8899999856948853,0.8999999761581421,93100,0.0,0.0
2024-12-31 00:00:00-05:00,0.8999999761581421,0.9580000042915344,0.8700000047683716,0.8999999761581421,222900,0.0,0.0
2025-01-02 00:00:00-05:00,0.9100000262260437,0.9929999709129333,0.9100000262260437,0.9829999804496765,21600,0.0,0.0
2025-01-03 00:00:00-05:00,0.9599999785423279,1.0670000314712524,0.9599999785423279,1.0299999713897705,59000,0.0,0.0
2025-01-06 00:00:00-05:00,1.0399999618530273,1.0700000524520874,1.0199999809265137,1.0299999713897705,120300,0.0,0.0
2025-01-07 00:00:00-05:00,1.059999942779541,1.059999942779541,0.9800000190734863,1.0399999618530273,23700,0.0,0.0
2025-01-08 00:00:00-05:00,1.0700000524520874,1.0700000524520874,1.0099999904632568,1.0399999618530273,26400,0.0,0.0
2025-01-10 00:00:00-05:00,1.0099999904632568,1.059999942779541,1.0,1.0299999713897705,22800,0.0,0.0
2025-01-13 00:00:00-05:00,1.0700000524520874,1.149999976158142,1.0210000276565552,1.100000023841858,109900,0.0,0.0
2025-01-14 00:00:00-05:00,1.1299999952316284,1.4500000476837158,1.0800000429153442,1.090000033378601,282600,0.0,0.0
2025-01-15 00:00:00-05:00,1.2699999809265137,1.340000033378601,1.159999966621399,1.2649999856948853,901100,0.0,0.0
2025-01-16 00:00:00-05:00,1.2799999713897705,1.3700000047683716,1.190000057220459,1.2000000476837158,252000,0.0,0.0
2025-01-17 00:00:00-05:00,1.2100000381469727,1.2999999523162842,1.1699999570846558,1.2300000190734863,302300,0.0,0.0
2025-01-21 00:00:00-05:00,1.3700000047683716,1.4270000457763672,1.2269999980926514,1.399999976158142,198200,0.0,0.0
2025-01-22 00:00:00-05:00,1.4199999570846558,1.4199999570846558,1.3300000429153442,1.409999966621399,107000,0.0,0.0
2025-01-23 00:00:00-05:00,1.4199999570846558,1.4800000190734863,1.3899999856948853,1.4500000476837158,190200,0.0,0.0
2025-01-24 00:00:00-05:00,1.4500000476837158,1.4900000095367432,1.350000023841858,1.3550000190734863,119000,0.0,0.0
2025-01-27 00:00:00-05:00,1.2999999523162842,1.4500000476837158,1.100000023841858,1.4299999475479126,250200,0.0,0.0
2025-01-28 00:00:00-05:00,1.4500000476837158,1.690000057220459,1.350000023841858,1.6799999475479126,829700,0.0,0.0
2025-01-29 00:00:00-05:00,1.649999976158142,1.690000057220459,1.5700000524520874,1.6100000143051147,165500,0.0,0.0
2025-01-30 00:00:00-05:00,1.6100000143051147,2.0,1.590000033378601,1.909999966621399,455000,0.0,0.0
2025-01-31 00:00:00-05:00,2.0,2.0199999809265137,1.659999966621399,1.7899999618530273,428800,0.0,0.0
2025-02-03 00:00:00-05:00,1.75,2.25,1.7200000286102295,2.190000057220459,735200,0.0,0.0
2025-02-04 00:00:00-05:00,2.119999885559082,2.299999952316284,2.015000104904175,2.2899999618530273,257900,0.0,0.0
2025-02-05 00:00:00-05:00,2.380000114440918,3.059999942779541,2.299999952316284,3.0299999713897705,2285700,0.0,0.0
2025-02-06 00:00:00-05:00,3.0199999809265137,3.1500000953674316,2.5799999237060547,3.0999999046325684,640700,0.0,0.0
2025-02-07 00:00:00-05:00,3.109999895095825,3.119999885559082,2.75,2.9600000381469727,348800,0.0,0.0
2025-02-10 00:00:00-05:00,2.9600000381469727,2.990000009536743,2.75,2.819999933242798,198500,0.0,0.0
2025-02-11 00:00:00-05:00,2.8299999237060547,2.8299999237060547,2.130000114440918,2.680000066757202,267600,0.0,0.0
2025-02-12 00:00:00-05:00,3.0,3.299999952316284,2.5999999046325684,3.259999990463257,617100,0.0,0.0
2025-02-13 00:00:00-05:00,3.319999933242798,3.75,3.299999952316284,3.569999933242798,1050100,0.0,0.0
2025-02-14 00:00:00-05:00,3.559999942779541,3.744999885559082,3.180000066757202,3.4800000190734863,551700,0.0,0.0
2025-02-18 00:00:00-05:00,3.799999952316284,4.0,3.6500000953674316,3.9000000953674316,921300,0.0,0.0
2025-02-19 00:00:00-05:00,4.0,4.044000148773193,3.380000114440918,3.7200000286102295,744700,0.0,0.0
2025-02-20 00:00:00-05:00,3.700000047683716,3.7079999446868896,3.440000057220459,3.6600000858306885,292000,0.0,0.0
2025-02-21 00:00:00-05:00,3.7100000381469727,3.740000009536743,3.0139999389648438,3.2100000381469727,503400,0.0,0.0
2025-02-24 00:00:00-05:00,3.190000057220459,3.2149999141693115,2.6700000762939453,2.799999952316284,603300,0.0,0.0
2025-02-25 00:00:00-05:00,2.7899999618530273,2.950000047683716,2.309999942779541,2.819999933242798,367000,0.0,0.0
2025-02-26 00:00:00-05:00,2.9700000286102295,2.9700000286102295,2.390000104904175,2.7100000381469727,388900,0.0,0.0
2025-02-27 00:00:00-05:00,2.890000104904175,3.3499999046325684,2.559999942779541,3.309999942779541,741100,0.0,0.0
2025-02-28 00:00:00-05:00,2.7899999618530273,3.049999952316284,2.2899999618530273,3.049999952316284,8718500,0.0,0.0
2025-03-03 00:00:00-05:00,2.940000057220459,3.1600000858306885,2.5299999713897705,2.5850000381469727,946800,0.0,0.0
2025-03-04 00:00:00-05:00,2.3299999237060547,2.509999990463257,2.1700000762939453,2.4700000286102295,766400,0.0,0.0
2025-03-05 00:00:00-05:00,2.5399999618530273,2.7200000286102295,2.4800000190734863,2.7200000286102295,393300,0.0,0.0
2025-03-06 00:00:00-05:00,2.640000104904175,2.809999942779541,2.549999952316284,2.619999885559082,586500,0.0,0.0
2025-03-07 00:00:00-05:00,2.5799999237060547,2.61899995803833,2.234999895095825,2.390000104904175,517400,0.0,0.0
2025-03-10 00:00:00-04:00,2.2699999809265137,2.4000000953674316,2.180000066757202,2.2699999809265137,659400,0.0,0.0
2025-03-11 00:00:00-04:00,2.240000009536743,2.3399999141693115,2.075000047683716,2.25,444100,0.0,0.0
2025-03-12 00:00:00-04:00,2.2699999809265137,2.4200000762939453,2.117000102996826,2.390000104904175,354100,0.0,0.0
2025-03-13 00:00:00-04:00,2.369999885559082,2.369999885559082,2.0999999046325684,2.2799999713897705,415300,0.0,0.0
2025-03-14 00:00:00-04:00,2.2699999809265137,2.5399999618530273,2.2100000381469727,2.4600000381469727,206500,0.0,0.0
2025-03-17 00:00:00-04:00,2.440000057220459,2.5199999809265137,2.309999942779541,2.319999933242798,231300,0.0,0.0
2025-03-18 00:00:00-04:00,2.309999942779541,2.309999942779541,2.1500000953674316,2.200000047683716,212300,0.0,0.0
2025-03-19 00:00:00-04:00,2.190000057220459,2.3399999141693115,2.1500000953674316,2.299999952316284,174700,0.0,0.0
2025-03-20 00:00:00-04:00,2.25,2.4800000190734863,2.25,2.450000047683716,168500,0.0,0.0
2025-03-21 00:00:00-04:00,2.430000066757202,2.690000057220459,2.2899999618530273,2.5899999141693115,277700,0.0,0.0
2025-03-24 00:00:00-04:00,2.6600000858306885,2.7100000381469727,2.549999952316284,2.640000104904175,180400,0.0,0.0
2025-03-25 00:00:00-04:00,2.6700000762939453,2.799999952316284,2.5899999141693115,2.700000047683716,158000,0.0,0.0
2025-03-26 00:00:00-04:00,2.6700000762939453,2.7200000286102295,2.4700000286102295,2.559999942779541,159900,0.0,0.0
2025-03-27 00:00:00-04:00,2.5399999618530273,2.700000047683716,2.4000000953674316,2.690000057220459,196400,0.0,0.0
2025-03-28 00:00:00-04:00,2.700000047683716,2.740000009536743,2.5,2.680000066757202,239500,0.0,0.0
2025-03-31 00:00:00-04:00,2.619999885559082,2.690000057220459,2.509999990463257,2.640000104904175,111900,0.0,0.0
2025-04-01 00:00:00-04:00,2.609999895095825,2.7200000286102295,2.509999990463257,2.609999895095825,227500,0.0,0.0
2025-04-02 00:00:00-04:00,2.559999942779541,2.7699999809265137,2.509999990463257,2.7699999809265137,174200,0.0,0.0
2025-04-03 00:00:00-04:00,2.6600000858306885,2.671999931335449,2.424999952316284,2.549999952316284,146300,0.0,0.0
2025-04-04 00:00:00-04:00,2.4000000953674316,2.509999990463257,2.0999999046325684,2.190000057220459,290200,0.0,0.0
2025-04-07 00:00:00-04:00,2.0399999618530273,2.2100000381469727,1.899999976158142,2.049999952316284,274900,0.0,0.0
2025-04-08 00:00:00-04:00,2.0999999046325684,2.2100000381469727,1.9299999475479126,1.9800000190734863,189900,0.0,0.0
2025-04-09 00:00:00-04:00,1.940000057220459,2.2899999618530273,1.8600000143051147,2.1700000762939453,204100,0.0,0.0
2025-04-10 00:00:00-04:00,2.0899999141693115,2.1500000953674316,2.0,2.0999999046325684,100700,0.0,0.0
2025-04-11 00:00:00-04:00,2.0899999141693115,2.130000114440918,1.909999966621399,2.0199999809265137,148300,0.0,0.0
2025-04-14 00:00:00-04:00,2.059999942779541,2.240000009536743,2.0,2.2200000286102295,75600,0.0,0.0
2025-04-15 00:00:00-04:00,2.2200000286102295,2.299999952316284,2.1500000953674316,2.2799999713897705,43800,0.0,0.0
2025-04-16 00:00:00-04:00,2.2699999809265137,2.319999933242798,2.190000057220459,2.2799999713897705,70900,0.0,0.0
2025-04-17 00:00:00-04:00,2.2780001163482666,2.444999933242798,2.2200000286102295,2.4000000953674316,54000,0.0,0.0
2025-04-21 00:00:00-04:00,2.3499999046325684,2.490000009536743,2.240000009536743,2.2699999809265137,172200,0.0,0.0
2025-04-22 00:00:00-04:00,2.3299999237060547,2.4200000762939453,2.200000047683716,2.299999952316284,170000,0.0,0.0
2025-04-23 00:00:00-04:00,2.440000057220459,2.450000047683716,2.25,2.309999942779541,97500,0.0,0.0
2025-04-24 00:00:00-04:00,2.3499999046325684,2.384999990463257,2.299999952316284,2.319999933242798,104000,0.0,0.0
2025-04-25 00:00:00-04:00,2.2799999713897705,2.319999933242798,2.130000114440918,2.25,204600,0.0,0.0
2025-04-28 00:00:00-04:00,2.2300000190734863,2.3499999046325684,2.190000057220459,2.3399999141693115,45000,0.0,0.0
2025-04-29 00:00:00-04:00,2.3399999141693115,2.359999895095825,2.2799999713897705,2.3499999046325684,32400,0.0,0.0
2025-04-30 00:00:00-04:00,2.359999895095825,2.380000114440918,2.2300000190734863,2.319999933242798,40100,0.0,0.0
2025-05-01 00:00:00-04:00,2.2899999618530273,2.319999933242798,2.200000047683716,2.25,76700,0.0,0.0
2025-05-02 00:00:00-04:00,2.259999990463257,2.450000047683716,2.259999990463257,2.359999895095825,123200,0.0,0.0
2025-05-05 00:00:00-04:00,2.430000066757202,2.430000066757202,2.25,2.299999952316284,59900,0.0,0.0
2025-05-06 00:00:00-04:00,2.25,2.3299999237060547,2.200000047683716,2.2899999618530273,49600,0.0,0.0
2025-05-07 00:00:00-04:00,2.3399999141693115,2.440000057220459,2.319999933242798,2.319999933242798,109700,0.0,0.0
2025-05-08 00:00:00-04:00,2.3299999237060547,2.630000114440918,2.299999952316284,2.450000047683716,222800,0.0,0.0
2025-05-09 00:00:00-04:00,3.0,3.1600000858306885,2.609999895095825,3.0799999237060547,722900,0.0,0.0
2025-05-12 00:00:00-04:00,3.0,3.1700000762939453,2.799999952316284,2.9200000762939453,367200,0.0,0.0
2025-05-13 00:00:00-04:00,2.9000000953674316,3.3399999141693115,2.859999895095825,3.1600000858306885,343100,0.0,0.0
2025-05-14 00:00:00-04:00,3.200000047683716,3.2300000190734863,2.9800000190734863,3.0,238400,0.0,0.0
2025-05-15 00:00:00-04:00,3.0199999809265137,3.1500000953674316,2.9019999504089355,3.059999942779541,62300,0.0,0.0
2025-05-16 00:00:00-04:00,3.130000114440918,3.325000047683716,3.119999885559082,3.2100000381469727,131600,0.0,0.0
2025-05-19 00:00:00-04:00,3.130000114440918,3.319999933242798,3.109999895095825,3.309999942779541,70400,0.0,0.0
2025-05-20 00:00:00-04:00,3.2899999618530273,3.299999952316284,3.1500000953674316,3.190000057220459,97600,0.0,0.0
2025-05-21 00:00:00-04:00,3.128999948501587,3.299999952316284,3.128999948501587,3.1600000858306885,83500,0.0,0.0
2025-05-22 00:00:00-04:00,3.140000104904175,3.2300000190734863,3.109999895095825,3.1500000953674316,65500,0.0,0.0
2025-05-23 00:00:00-04:00,3.109999895095825,3.2799999713897705,3.0999999046325684,3.2699999809265137,61000,0.0,0.0
2025-05-27 00:00:00-04:00,3.299999952316284,3.8399999141693115,3.259999990463257,3.549999952316284,252900,0.0,0.0
2025-05-28 00:00:00-04:00,3.509999990463257,3.559999942779541,3.1500000953674316,3.259999990463257,107900,0.0,0.0
2025-05-29 00:00:00-04:00,3.2699999809265137,3.490000009536743,3.2320001125335693,3.369999885559082,62100,0.0,0.0
2025-05-30 00:00:00-04:00,3.3399999141693115,3.4100000858306885,3.2929999828338623,3.3299999237060547,42400,0.0,0.0
2025-06-02 00:00:00-04:00,3.3299999237060547,3.5,3.299999952316284,3.450000047683716,71500,0.0,0.0
2025-06-03 00:00:00-04:00,3.4700000286102295,3.7699999809265137,3.4010000228881836,3.7300000190734863,156200,0.0,0.0
2025-06-04 00:00:00-04:00,3.7100000381469727,3.7100000381469727,3.5,3.569999933242798,99900,0.0,0.0
2025-06-05 00:00:00-04:00,3.5899999141693115,3.6489999294281006,3.5,3.5399999618530273,35600,0.0,0.0
2025-06-06 00:00:00-04:00,3.619999885559082,3.7130000591278076,3.4600000381469727,3.6700000762939453,68500,0.0,0.0
2025-06-09 00:00:00-04:00,3.7100000381469727,3.7780001163482666,3.5,3.5399999618530273,89800,0.0,0.0
2025-06-10 00:00:00-04:00,3.5199999809265137,3.6600000858306885,3.5,3.5899999141693115,102900,0.0,0.0
2025-06-11 00:00:00-04:00,3.630000114440918,3.7899999618530273,3.5399999618530273,3.759999990463257,78800,0.0,0.0
2025-06-12 00:00:00-04:00,3.7699999809265137,3.7799999713897705,3.549999952316284,3.609999895095825,69600,0.0,0.0
2025-06-13 00:00:00-04:00,3.5299999713897705,3.6040000915527344,3.450000047683716,3.549999952316284,87100,0.0,0.0
2025-06-16 00:00:00-04:00,3.5799999237060547,3.5899999141693115,3.450000047683716,3.5,66600,0.0,0.0
2025-06-17 00:00:00-04:00,3.5,3.7300000190734863,3.440000057220459,3.4700000286102295,54100,0.0,0.0
2025-06-18 00:00:00-04:00,3.4700000286102295,3.490000009536743,3.0,3.130000114440918,189700,0.0,0.0
2025-06-20 00:00:00-04:00,3.0999999046325684,3.369999885559082,3.0869998931884766,3.319999933242798,116300,0.0,0.0
2025-06-23 00:00:00-04:00,3.309999942779541,3.309999942779541,3.119999885559082,3.1700000762939453,122300,0.0,0.0
2025-06-24 00:00:00-04:00,3.180000066757202,3.490000009536743,3.059999942779541,3.380000114440918,66400,0.0,0.0
2025-06-25 00:00:00-04:00,3.390000104904175,3.453000068664551,3.309999942779541,3.430000066757202,26700,0.0,0.0
2025-06-26 00:00:00-04:00,3.430000066757202,3.569999933242798,3.4100000858306885,3.4800000190734863,75200,0.0,0.0
2025-06-27 00:00:00-04:00,3.490000009536743,3.5999999046325684,3.4059998989105225,3.5799999237060547,116900,0.0,0.0
2025-06-30 00:00:00-04:00,3.5999999046325684,3.619999885559082,3.4100000858306885,3.450000047683716,43400,0.0,0.0
2025-07-01 00:00:00-04:00,3.390000104904175,3.5,3.3299999237060547,3.490000009536743,40800,0.0,0.0
2025-07-02 00:00:00-04:00,3.490000009536743,3.7699999809265137,3.4700000286102295,3.5399999618530273,145300,0.0,0.0
2025-07-03 00:00:00-04:00,3.559999942779541,3.700000047683716,3.5299999713897705,3.630000114440918,39800,0.0,0.0
2025-07-07 00:00:00-04:00,3.640000104904175,3.694000005722046,3.450000047683716,3.490000009536743,70800,0.0,0.0
2025-07-08 00:00:00-04:00,3.509999990463257,3.565000057220459,3.5,3.5,46700,0.0,0.0
2025-07-09 00:00:00-04:00,3.549999952316284,3.619999885559082,3.440000057220459,3.4700000286102295,77000,0.0,0.0
2025-07-10 00:00:00-04:00,3.440000057220459,3.5799999237060547,3.2799999713897705,3.369999885559082,68700,0.0,0.0
2025-07-11 00:00:00-04:00,3.3399999141693115,3.4800000190734863,3.25,3.359999895095825,58600,0.0,0.0
2025-07-14 00:00:00-04:00,3.3399999141693115,3.3910000324249268,3.200000047683716,3.200000047683716,73300,0.0,0.0
2025-07-15 00:00:00-04:00,3.2300000190734863,3.4000000953674316,3.130000114440918,3.259999990463257,63700,0.0,0.0
2025-07-16 00:00:00-04:00,3.2899999618530273,3.369999885559082,3.234999895095825,3.2799999713897705,28500,0.0,0.0
2025-07-17 00:00:00-04:00,3.319999933242798,3.5,3.2850000858306885,3.450000047683716,56200,0.0,0.0
2025-07-18 00:00:00-04:00,3.4800000190734863,3.490000009536743,3.381999969482422,3.4100000858306885,22600,0.0,0.0
2025-07-21 00:00:00-04:00,3.4600000381469727,3.6040000915527344,3.375,3.4000000953674316,45100,0.0,0.0
2025-07-22 00:00:00-04:00,3.440000057220459,3.700000047683716,3.4000000953674316,3.680000066757202,74900,0.0,0.0
2025-07-23 00:00:00-04:00,3.740000009536743,4.079999923706055,3.7200000286102295,4.03000020980835,233500,0.0,0.0
2025-07-24 00:00:00-04:00,4.050000190734863,4.5,4.050000190734863,4.340000152587891,269800,0.0,0.0
2025-07-25 00:00:00-04:00,4.420000076293945,4.489999771118164,4.050000190734863,4.079999923706055,185200,0.0,0.0
2025-07-28 00:00:00-04:00,4.420000076293945,4.420000076293945,4.139999866485596,4.150000095367432,98700,0.0,0.0
2025-07-29 00:00:00-04:00,4.21999979019165,4.27400016784668,3.6500000953674316,3.744999885559082,153700,0.0,0.0
2025-07-30 00:00:00-04:00,3.7799999713897705,4.099999904632568,3.7300000190734863,3.7799999713897705,81500,0.0,0.0
2025-07-31 00:00:00-04:00,3.7100000381469727,3.875,3.3299999237060547,3.3299999237060547,96300,0.0,0.0
2025-08-01 00:00:00-04:00,3.1500000953674316,3.556999921798706,3.0999999046325684,3.309999942779541,117000,0.0,0.0
2025-08-04 00:00:00-04:00,3.3499999046325684,3.6600000858306885,3.3499999046325684,3.490000009536743,95900,0.0,0.0
2025-08-05 00:00:00-04:00,3.680000066757202,3.680000066757202,3.4000000953674316,3.4200000762939453,94000,0.0,0.0
2025-08-06 00:00:00-04:00,3.4800000190734863,3.496000051498413,3.319999933242798,3.4100000858306885,80300,0.0,0.0
2025-08-07 00:00:00-04:00,3.4200000762939453,3.4639999866485596,3.2100000381469727,3.3499999046325684,100300,0.0,0.0
2025-08-08 00:00:00-04:00,3.3299999237060547,3.5899999141693115,3.3299999237060547,3.4000000953674316,34500,0.0,0.0
2025-08-11 00:00:00-04:00,3.390000104904175,3.4790000915527344,3.200000047683716,3.259999990463257,62500,0.0,0.0
2025-08-12 00:00:00-04:00,3.049999952316284,3.1540000438690186,2.4000000953674316,2.680000066757202,453000,0.0,0.0
2025-08-13 00:00:00-04:00,2.5999999046325684,3.0899999141693115,2.5999999046325684,2.9100000858306885,178900,0.0,0.0
2025-08-14 00:00:00-04:00,2.9000000953674316,2.9649999141693115,2.6700000762939453,2.819999933242798,108600,0.0,0.0
2025-08-15 00:00:00-04:00,2.809999942779541,2.869999885559082,2.609999895095825,2.619999885559082,54900,0.0,0.0
2025-08-18 00:00:00-04:00,2.5999999046325684,2.75,2.5899999141693115,2.6500000953674316,48100,0.0,0.0
2025-08-19 00:00:00-04:00,2.6500000953674316,2.6700000762939453,2.4600000381469727,2.4600000381469727,54500,0.0,0.0
2025-08-20 00:00:00-04:00,2.4000000953674316,2.549999952316284,2.4000000953674316,2.490000009536743,59600,0.0,0.0
2025-08-21 00:00:00-04:00,2.490000009536743,2.759999990463257,2.4600000381469727,2.680000066757202,67700,0.0,0.0
2025-08-22 00:00:00-04:00,2.690000057220459,2.9200000762939453,2.690000057220459,2.8499999046325684,69900,0.0,0.0
2025-08-25 00:00:00-04:00,2.8499999046325684,2.8499999046325684,2.619999885559082,2.640000104904175,53000,0.0,0.0
2025-08-26 00:00:00-04:00,2.6500000953674316,2.7200000286102295,2.5799999237060547,2.640000104904175,23000,0.0,0.0
2025-08-27 00:00:00-04:00,2.6600000858306885,2.7109999656677246,2.549999952316284,2.559999942779541,50800,0.0,0.0
2025-08-28 00:00:00-04:00,2.5999999046325684,2.630000114440918,2.5,2.509999990463257,71500,0.0,0.0
2025-08-29 00:00:00-04:00,2.5,2.509999990463257,2.4000000953674316,2.4100000858306885,101000,0.0,0.0
2025-09-02 00:00:00-04:00,2.3499999046325684,2.440000057220459,2.2899999618530273,2.369999885559082,62400,0.0,0.0
2025-09-03 00:00:00-04:00,2.3399999141693115,2.4000000953674316,2.319999933242798,2.380000114440918,116500,0.0,0.0
2025-09-04 00:00:00-04:00,2.369999885559082,2.4800000190734863,2.369999885559082,2.440000057220459,112100,0.0,0.0
2025-09-05 00:00:00-04:00,2.4100000858306885,2.740000009536743,2.4100000858306885,2.7200000286102295,86900,0.0,0.0
2025-09-08 00:00:00-04:00,2.7899999618530273,2.8929998874664307,2.6700000762939453,2.7200000286102295,45200,0.0,0.0
2025-09-09 00:00:00-04:00,2.7799999713897705,2.7799999713897705,2.634000062942505,2.6649999618530273,26400,0.0,0.0
2025-09-10 00:00:00-04:00,2.6500000953674316,3.0399999618530273,2.6500000953674316,3.009999990463257,92000,0.0,0.0
2025-09-11 00:00:00-04:00,3.0299999713897705,3.109999895095825,2.760999917984009,2.930000066757202,65700,0.0,0.0
2025-09-12 00:00:00-04:00,2.930000066757202,3.0980000495910645,2.9000000953674316,3.0250000953674316,36900,0.0,0.0
2025-09-15 00:00:00-04:00,3.065000057220459,3.515000104904175,3.0220000743865967,3.1500000953674316,208100,0.0,0.0
2025-09-16 00:00:00-04:00,3.180000066757202,3.180000066757202,2.990000009536743,3.0399999618530273,56200,0.0,0.0
2025-09-17 00:00:00-04:00,3.009999990463257,3.184000015258789,2.927000045776367,3.049999952316284,68700,0.0,0.0
2025-09-18 00:00:00-04:00,3.109999895095825,3.3399999141693115,3.109999895095825,3.2200000286102295,58600,0.0,0.0
2025-09-19 00:00:00-04:00,3.25,3.369999885559082,3.1710000038146973,3.369999885559082,106600,0.0,0.0
2025-09-22 00:00:00-04:00,3.4800000190734863,3.5,3.260999917984009,3.3399999141693115,46500,0.0,0.0
2025-09-23 00:00:00-04:00,3.3499999046325684,3.3499999046325684,3.200000047683716,3.25,47500,0.0,0.0
2025-09-24 00:00:00-04:00,3.2799999713897705,3.319000005722046,3.1489999294281006,3.1600000858306885,22800,0.0,0.0
2025-09-25 00:00:00-04:00,3.140000104904175,3.378000020980835,2.950000047683716,3.2100000381469727,93800,0.0,0.0
2025-09-26 00:00:00-04:00,3.1500000953674316,3.3320000171661377,2.9600000381469727,3.2699999809265137,103000,0.0,0.0
2025-09-29 00:00:00-04:00,3.369999885559082,3.380000114440918,3.2699999809265137,3.299999952316284,34200,0.0,0.0
2025-09-30 00:00:00-04:00,3.2899999618530273,3.4679999351501465,3.2839999198913574,3.3399999141693115,36800,0.0,0.0
2025-10-01 00:00:00-04:00,3.2899999618530273,3.5,3.109999895095825,3.4600000381469727,97300,0.0,0.0
2025-10-02 00:00:00-04:00,3.5199999809265137,3.6500000953674316,3.369999885559082,3.5299999713897705,95600,0.0,0.0
2025-10-03 00:00:00-04:00,3.5299999713897705,3.8299999237060547,3.496999979019165,3.7899999618530273,84200,0.0,0.0
2025-10-06 00:00:00-04:00,3.799999952316284,3.9000000953674316,3.450000047683716,3.690000057220459,207500,0.0,0.0
2025-10-07 00:00:00-04:00,3.680000066757202,3.805000066757202,3.5399999618530273,3.690000057220459,68800,0.0,0.0
2025-10-08 00:00:00-04:00,3.690000057220459,3.759999990463257,3.3399999141693115,3.5,153900,0.0,0.0
2025-10-09 00:00:00-04:00,3.4800000190734863,3.6500000953674316,3.319999933242798,3.5899999141693115,61000,0.0,0.0
2025-10-10 00:00:00-04:00,3.5899999141693115,3.5899999141693115,3.2100000381469727,3.2100000381469727,83600,0.0,0.0
2025-10-13 00:00:00-04:00,3.2100000381469727,3.5299999713897705,3.2100000381469727,3.490000009536743,59400,0.0,0.0
2025-10-14 00:00:00-04:00,3.4000000953674316,3.424999952316284,3.24399995803833,3.259999990463257,60300,0.0,0.0
2025-10-15 00:00:00-04:00,3.2699999809265137,3.4189999103546143,3.1600000858306885,3.180000066757202,66400,0.0,0.0
2025-10-16 00:00:00-04:00,3.190000057220459,3.2799999713897705,2.756999969482422,2.940000057220459,150200,0.0,0.0
2025-10-17 00:00:00-04:00,2.880000114440918,3.0799999237060547,2.7809998989105225,3.0799999237060547,134800,0.0,0.0
2025-10-20 00:00:00-04:00,3.109999895095825,3.240000009536743,3.059999942779541,3.140000104904175,66600,0.0,0.0
2025-10-21 00:00:00-04:00,3.109999895095825,3.194999933242798,2.930000066757202,2.930000066757202,124100,0.0,0.0
2025-10-22 00:00:00-04:00,2.9200000762939453,2.944000005722046,2.734999895095825,2.740000009536743,77200,0.0,0.0
2025-10-23 00:00:00-04:00,2.799999952316284,3.0,2.759999990463257,2.7699999809265137,69700,0.0,0.0
2025-10-24 00:00:00-04:00,2.8399999141693115,3.009999990463257,2.8399999141693115,2.930000066757202,42000,0.0,0.0
2025-10-27 00:00:00-04:00,2.930000066757202,3.0399999618530273,2.930000066757202,2.950000047683716,54500,0.0,0.0
2025-10-28 00:00:00-04:00,2.950000047683716,3.009999990463257,2.869999885559082,2.9100000858306885,115600,0.0,0.0
2025-10-29 00:00:00-04:00,2.9100000858306885,2.9800000190734863,2.799999952316284,2.869999885559082,89200,0.0,0.0
2025-10-30 00:00:00-04:00,2.809999942779541,2.9700000286102295,2.809999942779541,2.9100000858306885,42100,0.0,0.0
2025-10-31 00:00:00-04:00,2.9000000953674316,3.069999933242798,2.822000026702881,2.990000009536743,28100,0.0,0.0
2025-11-03 00:00:00-05:00,2.9800000190734863,3.119999885559082,2.7100000381469727,2.75,189900,0.0,0.0
2025-11-04 00:00:00-05:00,2.7100000381469727,2.815000057220459,2.6500000953674316,2.700000047683716,64100,0.0,0.0
2025-11-05 00:00:00-05:00,2.7699999809265137,3.130000114440918,2.7300000190734863,2.869999885559082,108100,0.0,0.0
2025-11-06 00:00:00-05:00,2.819999933242798,2.940000057220459,2.75,2.75,31000,0.0,0.0
2025-11-07 00:00:00-05:00,3.059999942779541,3.109999895095825,2.8299999237060547,3.0999999046325684,127300,0.0,0.0
2025-11-10 00:00:00-05:00,3.130000114440918,3.299999952316284,3.119999885559082,3.240000009536743,57000,0.0,0.0
2025-11-11 00:00:00-05:00,3.2699999809265137,3.759999990463257,3.240000009536743,3.759999990463257,248600,0.0,0.0
2025-11-12 00:00:00-05:00,3.759999990463257,4.25,3.680000066757202,4.139999866485596,326600,0.0,0.0
2025-11-13 00:00:00-05:00,4.119999885559082,4.474999904632568,4.0269999504089355,4.460000038146973,237800,0.0,0.0
2025-11-14 00:00:00-05:00,4.300000190734863,4.320000171661377,3.740000009536743,4.210000038146973,228000,0.0,0.0
2025-11-17 00:00:00-05:00,4.21999979019165,4.21999979019165,3.869999885559082,4.139999866485596,135700,0.0,0.0
2025-11-18 00:00:00-05:00,4.079999923706055,4.420000076293945,3.890000104904175,4.360000133514404,141900,0.0,0.0
2025-11-19 00:00:00-05:00,4.360000133514404,4.389999866485596,4.210000038146973,4.360000133514404,63900,0.0,0.0
2025-11-20 00:00:00-05:00,4.400000095367432,4.429999828338623,3.9800000190734863,4.059999942779541,96700,0.0,0.0
2025-11-21 00:00:00-05:00,4.099999904632568,4.170000076293945,3.930000066757202,4.170000076293945,182400,0.0,0.0
2025-11-24 00:00:00-05:00,4.210000038146973,4.289999961853027,3.990000009536743,4.110000133514404,89000,0.0,0.0
2025-11-25 00:00:00-05:00,4.159999847412109,4.255000114440918,4.079999923706055,4.150000095367432,92200,0.0,0.0
2025-11-26 00:00:00-05:00,4.179999828338623,4.284999847412109,4.125,4.139999866485596,82800,0.0,0.0
2025-11-28 00:00:00-05:00,4.099999904632568,4.25,4.099999904632568,4.190000057220459,40300,0.0,0.0
2025-12-01 00:00:00-05:00,4.150000095367432,4.190000057220459,4.105000019073486,4.119999885559082,32300,0.0,0.0
2025-12-02 00:00:00-05:00,4.150000095367432,4.190000057220459,3.950000047683716,4.090000152587891,64900,0.0,0.0
2025-12-03 00:00:00-05:00,4.099999904632568,4.123000144958496,3.990000009536743,4.0,42400,0.0,0.0
2025-12-04 00:00:00-05:00,4.010000228881836,4.199999809265137,4.0,4.03000020980835,103200,0.0,0.0
2025-12-05 00:00:00-05:00,4.03000020980835,4.239999771118164,3.950000047683716,3.9800000190734863,90200,0.0,0.0
2025-12-08 00:00:00-05:00,4.019999980926514,4.090000152587891,3.934999942779541,3.9800000190734863,75100,0.0,0.0
2025-12-09 00:00:00-05:00,3.9600000381469727,4.025000095367432,3.7799999713897705,3.880000114440918,123800,0.0,0.0
2025-12-10 00:00:00-05:00,3.890000104904175,4.070000171661377,3.8299999237060547,3.9600000381469727,126200,0.0,0.0
2025-12-11 00:00:00-05:00,3.9800000190734863,3.9800000190734863,3.680000066757202,3.7200000286102295,158600,0.0,0.0
2025-12-12 00:00:00-05:00,3.7100000381469727,3.7899999618530273,3.575000047683716,3.640000104904175,125800,0.0,0.0
2025-12-15 00:00:00-05:00,3.640000104904175,3.674999952316284,3.2699999809265137,3.4700000286102295,235700,0.0,0.0
2025-12-16 00:00:00-05:00,3.450000047683716,3.690000057220459,3.450000047683716,3.5199999809265137,62500,0.0,0.0
2025-12-17 00:00:00-05:00,3.5,3.619999885559082,3.3399999141693115,3.3399999141693115,213700,0.0,0.0
2025-12-18 00:00:00-05:00,3.390000104904175,3.5999999046325684,3.3399999141693115,3.3399999141693115,158500,0.0,0.0
2025-12-19 00:00:00-05:00,3.319999933242798,3.5199999809265137,3.1500000953674316,3.1500000953674316,209200,0.0,0.0
2025-12-22 00:00:00-05:00,3.180000066757202,3.299999952316284,3.1700000762939453,3.1700000762939453,105700,0.0,0.0
2025-12-23 00:00:00-05:00,3.140000104904175,3.190999984741211,3.049999952316284,3.049999952316284,130100,0.0,0.0
2025-12-24 00:00:00-05:00,3.109999895095825,3.132999897003174,3.0399999618530273,3.0999999046325684,50000,0.0,0.0
2025-12-26 00:00:00-05:00,3.059999942779541,3.109999895095825,2.9800000190734863,2.9800000190734863,88800,0.0,0.0
2025-12-29 00:00:00-05:00,2.9700000286102295,2.9700000286102295,2.809999942779541,2.9000000953674316,156400,0.0,0.0
2025-12-30 00:00:00-05:00,2.880000114440918,2.890000104904175,2.7100000381469727,2.75,232900,0.0,0.0
2025-12-31 00:00:00-05:00,2.7699999809265137,2.9000000953674316,2.700000047683716,2.9000000953674316,216200,0.0,0.0
2026-01-02 00:00:00-05:00,2.9000000953674316,3.1500000953674316,2.740000009536743,3.140000104904175,230800,0.0,0.0
2026-01-05 00:00:00-05:00,3.130000114440918,3.2899999618530273,2.924999952316284,3.059999942779541,225900,0.0,0.0
2026-01-06 00:00:00-05:00,3.049999952316284,3.4000000953674316,3.049999952316284,3.380000114440918,197400,0.0,0.0
2026-01-07 00:00:00-05:00,3.4000000953674316,3.450000047683716,3.180000066757202,3.3399999141693115,149700,0.0,0.0
2026-01-08 00:00:00-05:00,3.3299999237060547,3.4100000858306885,3.1700000762939453,3.244999885559082,174000,0.0,0.0
2026-01-09 00:00:00-05:00,3.2699999809265137,3.2699999809265137,3.069999933242798,3.130000114440918,415600,0.0,0.0
2026-01-12 00:00:00-05:00,3.119999885559082,3.1600000858306885,3.005000114440918,3.069999933242798,305100,0.0,0.0
2026-01-13 00:00:00-05:00,3.059999942779541,3.109999895095825,2.9200000762939453,3.0399999618530273,1043700,0.0,0.0
2026-01-14 00:00:00-05:00,3.0299999713897705,3.700000047683716,3.009999990463257,3.680000066757202,701500,0.0,0.0
2026-01-15 00:00:00-05:00,3.6700000762939453,3.6700000762939453,3.4100000858306885,3.450000047683716,131200,0.0,0.0
2026-01-16 00:00:00-05:00,3.450000047683716,4.238999843597412,3.440000057220459,4.179999828338623,1433500,0.0,0.0
2026-01-20 00:00:00-05:00,4.099999904632568,4.690000057220459,4.0,4.400000095367432,518200,0.0,0.0
2026-01-21 00:00:00-05:00,4.460000038146973,4.880000114440918,4.460000038146973,4.610000133514404,252300,0.0,0.0
2026-01-22 00:00:00-05:00,4.699999809265137,4.715000152587891,4.3520002365112305,4.409999847412109,209400,0.0,0.0
2026-01-23 00:00:00-05:00,4.389999866485596,4.389999866485596,4.005000114440918,4.119999885559082,374500,0.0,0.0
2026-01-26 00:00:00-05:00,4.110000133514404,4.349999904632568,4.010000228881836,4.21999979019165,142300,0.0,0.0
2026-01-27 00:00:00-05:00,4.199999809265137,4.409999847412109,4.090000152587891,4.25,183000,0.0,0.0
2026-01-28 00:00:00-05:00,4.289999961853027,4.809999942779541,4.210000038146973,4.650000095367432,441800,0.0,0.0
2026-01-29 00:00:00-05:00,4.65500020980835,4.940000057220459,4.5,4.679999828338623,415100,0.0,0.0
2026-01-30 00:00:00-05:00,4.619999885559082,4.724999904632568,4.420000076293945,4.429999828338623,342100,0.0,0.0
2026-02-02 00:00:00-05:00,4.420000076293945,4.429999828338623,4.125,4.190000057220459,189800,0.0,0.0
2026-02-03 00:00:00-05:00,4.179999828338623,4.349999904632568,4.10099983215332,4.349999904632568,191300,0.0,0.0
2026-02-04 00:00:00-05:00,4.309999942779541,4.360000133514404,3.700000047683716,3.890000104904175,400000,0.0,0.0
2026-02-05 00:00:00-05:00,3.809999942779541,4.110000133514404,3.6700000762939453,3.680000066757202,197800,0.0,0.0
2026-02-06 00:00:00-05:00,3.799999952316284,3.9200000762939453,3.6600000858306885,3.869999885559082,132300,0.0,0.0
2026-02-09 00:00:00-05:00,3.869999885559082,3.8949999809265137,3.680000066757202,3.75,134100,0.0,0.0
2026-02-10 00:00:00-05:00,3.7300000190734863,4.400000095367432,3.7300000190734863,4.079999923706055,306400,0.0,0.0
2026-02-11 00:00:00-05:00,4.070000171661377,4.309999942779541,3.950000047683716,4.199999809265137,146800,0.0,0.0
2026-02-12 00:00:00-05:00,4.130000114440918,4.170000076293945,3.6649999618530273,3.805000066757202,448800,0.0,0.0
2026-02-13 00:00:00-05:00,3.809999942779541,3.9800000190734863,3.7200000286102295,3.9100000858306885,158200,0.0,0.0
2026-02-17 00:00:00-05:00,3.880000114440918,4.03000020980835,3.7100000381469727,3.940000057220459,133500,0.0,0.0
2026-02-18 00:00:00-05:00,3.950000047683716,4.199999809265137,3.950000047683716,4.170000076293945,103100,0.0,0.0
2026-02-19 00:00:00-05:00,4.130000114440918,4.159999847412109,3.765000104904175,3.9700000286102295,179900,0.0,0.0
2026-02-20 00:00:00-05:00,3.9600000381469727,4.000999927520752,3.7799999713897705,3.890000104904175,131300,0.0,0.0
2026-02-23 00:00:00-05:00,3.809999942779541,4.0,3.799999952316284,3.990000009536743,71000,0.0,0.0
2026-02-24 00:00:00-05:00,3.930000066757202,4.210000038146973,3.930000066757202,4.130000114440918,117300,0.0,0.0
2026-02-25 00:00:00-05:00,4.130000114440918,4.480000019073486,4.099999904632568,4.389999866485596,124000,0.0,0.0
2026-02-26 00:00:00-05:00,4.409999847412109,4.579999923706055,4.320000171661377,4.46999979019165,77800,0.0,0.0
2026-02-27 00:00:00-05:00,4.460000038146973,4.460000038146973,4.210000038146973,4.329999923706055,77200,0.0,0.0
2026-03-02 00:00:00-05:00,4.269999980926514,4.440000057220459,4.21999979019165,4.400000095367432,170900,0.0,0.0
2026-03-03 00:00:00-05:00,4.309999942779541,4.309999942779541,4.019999980926514,4.239999771118164,85700,0.0,0.0
2026-03-04 00:00:00-05:00,4.25,4.414999961853027,4.070000171661377,4.360000133514404,61000,0.0,0.0
2026-03-05 00:00:00-05:00,4.289999961853027,4.357999801635742,4.065000057220459,4.170000076293945,93500,0.0,0.0
2026-03-06 00:00:00-05:00,4.110000133514404,4.21999979019165,4.050000190734863,4.119999885559082,76200,0.0,0.0
2026-03-09 00:00:00-04:00,4.03000020980835,4.199999809265137,3.9800000190734863,4.199999809265137,89900,0.0,0.0
2026-03-10 00:00:00-04:00,4.119999885559082,4.179999828338623,3.9800000190734863,4.130000114440918,108000,0.0,0.0
2026-03-11 00:00:00-04:00,4.150000095367432,4.46999979019165,4.090000152587891,4.380000114440918,363000,0.0,0.0
2026-03-12 00:00:00-04:00,3.549999952316284,4.038000106811523,3.2799999713897705,3.424999952316284,514600,0.0,0.0
2026-03-13 00:00:00-04:00,3.5399999618530273,3.5399999618530273,2.7100000381469727,2.8299999237060547,821000,0.0,0.0
2026-03-16 00:00:00-04:00,2.9100000858306885,2.999000072479248,2.75600004196167,2.9700000286102295,384000,0.0,0.0
2026-03-17 00:00:00-04:00,2.9600000381469727,3.009999990463257,2.880000114440918,2.9200000762939453,220600,0.0,0.0
2026-03-18 00:00:00-04:00,2.9200000762939453,2.950000047683716,2.640000104904175,2.680000066757202,288300,0.0,0.0
2026-03-19 00:00:00-04:00,2.5799999237060547,2.5999999046325684,2.4100000858306885,2.5,533200,0.0,0.0
2026-03-20 00:00:00-04:00,2.4700000286102295,2.5399999618530273,2.2899999618530273,2.3499999046325684,276600,0.0,0.0
2026-03-23 00:00:00-04:00,2.309999942779541,2.4200000762939453,2.240000009536743,2.299999952316284,254300,0.0,0.0
2026-03-24 00:00:00-04:00,2.2799999713897705,2.4200000762939453,2.2300000190734863,2.4000000953674316,306200,0.0,0.0
2026-03-25 00:00:00-04:00,2.4200000762939453,2.5799999237060547,2.359999895095825,2.430000066757202,196400,0.0,0.0
2026-03-26 00:00:00-04:00,2.390000104904175,2.4600000381469727,2.240000009536743,2.2799999713897705,219500,0.0,0.0
2026-03-27 00:00:00-04:00,2.3499999046325684,2.3499999046325684,2.1600000858306885,2.200000047683716,226900,0.0,0.0
2026-03-30 00:00:00-04:00,2.2100000381469727,2.2200000286102295,2.009999990463257,2.2200000286102295,343300,0.0,0.0
2026-03-31 00:00:00-04:00,2.171999931335449,2.3499999046325684,2.171999931335449,2.2699999809265137,96300,0.0,0.0
2026-04-01 00:00:00-04:00,2.309999942779541,2.3580000400543213,2.1500000953674316,2.1600000858306885,220500,0.0,0.0
2026-04-02 00:00:00-04:00,2.130000114440918,2.2799999713897705,2.130000114440918,2.2699999809265137,176100,0.0,0.0
2026-04-06 00:00:00-04:00,2.2699999809265137,2.4089999198913574,2.174999952316284,2.2100000381469727,162400,0.0,0.0
2026-04-07 00:00:00-04:00,2.190000057220459,2.4000000953674316,2.075000047683716,2.1700000762939453,115900,0.0,0.0
2026-04-08 00:00:00-04:00,2.2699999809265137,2.430000066757202,2.255000114440918,2.2899999618530273,116700,0.0,0.0
2026-04-09 00:00:00-04:00,2.259999990463257,2.3429999351501465,2.119999885559082,2.119999885559082,348800,0.0,0.0
2026-04-10 00:00:00-04:00,2.130000114440918,2.200000047683716,2.0799999237060547,2.119999885559082,153900,0.0,0.0
2026-04-13 00:00:00-04:00,2.119999885559082,2.1500000953674316,2.069999933242798,2.130000114440918,108200,0.0,0.0
2026-04-14 00:00:00-04:00,2.1600000858306885,2.2100000381469727,2.119999885559082,2.190000057220459,225100,0.0,0.0
2026-04-15 00:00:00-04:00,2.2100000381469727,2.359999895095825,2.2100000381469727,2.3499999046325684,250200,0.0,0.0
2026-04-16 00:00:00-04:00,2.4100000858306885,2.48799991607666,2.180000066757202,2.259999990463257,270200,0.0,0.0
2026-04-17 00:00:00-04:00,2.259999990463257,2.3550000190734863,2.240000009536743,2.2799999713897705,199400,0.0,0.0
2026-04-20 00:00:00-04:00,2.2300000190734863,2.299999952316284,2.180000066757202,2.25,167900,0.0,0.0
2026-04-21 00:00:00-04:00,2.259999990463257,2.259999990463257,2.180000066757202,2.190000057220459,172200,0.0,0.0
2026-04-22 00:00:00-04:00,2.4000000953674316,2.450000047683716,2.319999933242798,2.380000114440918,543300,0.0,0.0
2026-04-23 00:00:00-04:00,2.359999895095825,2.359999895095825,2.2049999237060547,2.25,250700,0.0,0.0
2026-04-24 00:00:00-04:00,2.259999990463257,2.309999942779541,2.2100000381469727,2.2799999713897705,53400,0.0,0.0
2026-04-27 00:00:00-04:00,2.2899999618530273,2.450000047683716,2.2799999713897705,2.359999895095825,94400,0.0,0.0
2026-04-28 00:00:00-04:00,2.4100000858306885,2.489000082015991,2.4100000858306885,2.4600000381469727,145600,0.0,0.0
2026-04-29 00:00:00-04:00,2.450000047683716,2.450000047683716,2.2899999618530273,2.299999952316284,168100,0.0,0.0
2026-04-30 00:00:00-04:00,2.309999942779541,2.4200000762939453,2.2950000762939453,2.4000000953674316,83800,0.0,0.0
2026-05-01 00:00:00-04:00,2.4000000953674316,2.549999952316284,2.4000000953674316,2.5299999713897705,64800,0.0,0.0
2026-05-04 00:00:00-04:00,2.5299999713897705,2.630000114440918,2.4700000286102295,2.490000009536743,67900,0.0,0.0
2026-05-05 00:00:00-04:00,2.5,2.5999999046325684,2.4700000286102295,2.4800000190734863,97500,0.0,0.0
2026-05-06 00:00:00-04:00,2.4700000286102295,2.569999933242798,2.4700000286102295,2.5299999713897705,109500,0.0,0.0
2026-05-07 00:00:00-04:00,2.509999990463257,2.569999933242798,2.4700000286102295,2.559999942779541,87600,0.0,0.0
2026-05-08 00:00:00-04:00,2.569999933242798,2.700000047683716,2.5299999713897705,2.630000114440918,74500,0.0,0.0
2026-05-11 00:00:00-04:00,2.6500000953674316,2.6600000858306885,2.5299999713897705,2.5799999237060547,79400,0.0,0.0
2026-05-12 00:00:00-04:00,2.5799999237060547,2.6700000762939453,2.5299999713897705,2.5799999237060547,80500,0.0,0.0
2026-05-13 00:00:00-04:00,2.5899999141693115,2.630000114440918,2.4739999771118164,2.4800000190734863,135100,0.0,0.0
2026-05-14 00:00:00-04:00,2.440000057220459,2.440000057220459,2.25,2.319999933242798,387100,0.0,0.0
2026-05-15 00:00:00-04:00,2.2899999618530273,2.390000104904175,2.049999952316284,2.069999933242798,233000,0.0,0.0
2026-05-18 00:00:00-04:00,2.069999933242798,2.0799999237060547,1.909999966621399,1.9550000429153442,226100,0.0,0.0
2026-05-19 00:00:00-04:00,1.9900000095367432,2.0,1.899999976158142,1.9800000190734863,234400,0.0,0.0
2026-05-20 00:00:00-04:00,2.0,2.119999885559082,1.909999966621399,2.009999990463257,462400,0.0,0.0
2026-05-21 00:00:00-04:00,2.0299999713897705,2.1500000953674316,1.9500000476837158,2.069999933242798,170900,0.0,0.0
2026-05-22 00:00:00-04:00,2.0999999046325684,2.1649999618530273,2.0399999618530273,2.049999952316284,65900,0.0,0.0
2026-05-26 00:00:00-04:00,2.0799999237060547,2.125,1.9500000476837158,2.009999990463257,125200,0.0,0.0
2026-05-27 00:00:00-04:00,1.9600000381469727,1.9600000381469727,1.8600000143051147,1.9600000381469727,202400,0.0,0.0
2026-05-28 00:00:00-04:00,1.9600000381469727,2.0350000858306885,1.909999966621399,2.0199999809265137,175300,0.0,0.0
2026-05-29 00:00:00-04:00,2.0399999618530273,2.0899999141693115,1.9600000381469727,2.009999990463257,81200,0.0,0.0
2026-06-01 00:00:00-04:00,2.009999990463257,2.0199999809265137,1.9500000476837158,1.9700000286102295,80200,0.0,0.0
2026-06-02 00:00:00-04:00,1.9700000286102295,2.0199999809265137,1.9500000476837158,1.9600000381469727,117800,0.0,0.0
2026-06-03 00:00:00-04:00,1.9600000381469727,1.9800000190734863,1.9500000476837158,1.9600000381469727,60700,0.0,0.0
2026-06-04 00:00:00-04:00,1.9600000381469727,2.0480000972747803,1.9500000476837158,1.9900000095367432,165200,0.0,0.0
2026-06-05 00:00:00-04:00,1.9800000190734863,2.1700000762939453,1.9700000286102295,1.9900000095367432,177200,0.0,0.0
2026-06-08 00:00:00-04:00,2.0399999618530273,2.0399999618530273,1.9600000381469727,1.9900000095367432,91900,0.0,0.0
2026-06-09 00:00:00-04:00,1.9900000095367432,1.99399995803833,1.8300000429153442,1.8799999952316284,144200,0.0,0.0
2026-06-10 00:00:00-04:00,1.8700000047683716,1.9700000286102295,1.809999942779541,1.8300000429153442,132600,0.0,0.0
2026-06-11 00:00:00-04:00,1.8600000143051147,1.9700000286102295,1.809999942779541,1.8799999952316284,46100,0.0,0.0
2026-06-12 00:00:00-04:00,1.899999976158142,1.975000023841858,1.7599999904632568,1.7599999904632568,144700,0.0,0.0
2026-06-15 00:00:00-04:00,1.7999999523162842,1.840000033378601,1.7000000476837158,1.7200000286102295,252300,0.0,0.0
2026-06-16 00:00:00-04:00,1.7400000095367432,1.7400000095367432,1.659999966621399,1.659999966621399,120000,0.0,0.0
2026-06-17 00:00:00-04:00,1.6699999570846558,1.774999976158142,1.6699999570846558,1.6799999475479126,276700,0.0,0.0
2026-06-18 00:00:00-04:00,1.7100000381469727,1.725000023841858,1.6699999570846558,1.7100000381469727,118700,0.0,0.0
2026-06-22 00:00:00-04:00,1.7300000190734863,1.75,1.6799999475479126,1.7000000476837158,163400,0.0,0.0
2026-06-23 00:00:00-04:00,1.7200000286102295,1.7400000095367432,1.6799999475479126,1.690000057220459,263600,0.0,0.0
2026-06-24 00:00:00-04:00,1.7100000381469727,1.7400000095367432,1.6649999618530273,1.6799999475479126,167900,0.0,0.0
2026-06-25 00:00:00-04:00,1.7200000286102295,1.7200000286102295,1.6749999523162842,1.7000000476837158,223900,0.0,0.0
2026-06-26 00:00:00-04:00,1.7000000476837158,1.725000023841858,1.6799999475479126,1.7000000476837158,288300,0.0,0.0
2026-06-29 00:00:00-04:00,1.7300000190734863,1.7350000143051147,1.6799999475479126,1.7300000190734863,177000,0.0,0.0
2026-06-30 00:00:00-04:00,1.7400000095367432,1.7450000047683716,1.6799999475479126,1.7300000190734863,250900,0.0,0.0
2026-07-01 00:00:00-04:00,1.75,1.7549999952316284,1.7000000476837158,1.7100000381469727,100600,0.0,0.0
2026-07-02 00:00:00-04:00,1.7300000190734863,1.75,1.6799999475479126,1.7200000286102295,112400,0.0,0.0
2026-07-06 00:00:00-04:00,1.7200000286102295,1.784999966621399,1.7100000381469727,1.7699999809265137,161800,0.0,0.0
2026-07-07 00:00:00-04:00,1.7799999713897705,1.7799999713897705,1.7100000381469727,1.7400000095367432,222100,0.0,0.0
2026-07-08 00:00:00-04:00,1.7300000190734863,1.7699999809265137,1.7000000476837158,1.7200000286102295,175500,0.0,0.0
2026-07-09 00:00:00-04:00,1.7699999809265137,1.7999999523162842,1.7000000476837158,1.7400000095367432,219800,0.0,0.0
2026-07-10 00:00:00-04:00,1.725000023841858,2.140000104904175,1.7200000286102295,2.049999952316284,773500,0.0,0.0
2026-07-13 00:00:00-04:00,2.069999933242798,2.069999933242798,1.9500000476837158,2.009999990463257,293800,0.0,0.0
2026-07-14 00:00:00-04:00,2.009999990463257,2.1500000953674316,1.9550000429153442,2.069999933242798,293100,0.0,0.0
2026-07-15 00:00:00-04:00,2.0999999046325684,2.259999990463257,2.0329999923706055,2.2100000381469727,324400,0.0,0.0
2026-07-16 00:00:00-04:00,2.259999990463257,2.259999990463257,2.0399999618530273,2.0899999141693115,206300,0.0,0.0
2026-07-17 00:00:00-04:00,2.0799999237060547,2.0899999141693115,2.0,2.069999933242798,139100,0.0,0.0
2026-07-20 00:00:00-04:00,2.0799999237060547,2.240000009536743,2.0399999618530273,2.069999933242798,238000,0.0,0.0
2026-07-21 00:00:00-04:00,2.0799999237060547,2.130000114440918,2.0299999713897705,2.0999999046325684,298200,0.0,0.0
2026-07-22 00:00:00-04:00,2.0799999237060547,2.1500000953674316,2.0299999713897705,2.059999942779541,115900,0.0,0.0
2026-07-23 00:00:00-04:00,2.052000045776367,2.052000045776367,1.9550000429153442,1.9900000095367432,418500,0.0,0.0
2026-07-24 00:00:00-04:00,2.0,2.0199999809265137,1.9500000476837158,1.9900000095367432,193800,0.0,0.0
2026-07-27 00:00:00-04:00,1.9900000095367432,2.0399999618530273,1.940000057220459,2.009999990463257,77500,0.0,0.0
2026-07-28 00:00:00-04:00,2.0199999809265137,2.0899999141693115,1.9500000476837158,2.059999942779541,98700,0.0,0.0
2026-07-29 00:00:00-04:00,2.059999942779541,2.0999999046325684,1.9900000095367432,2.049999952316284,47300,0.0,0.0
2026-07-30 00:00:00-04:00,2.059999942779541,2.1500000953674316,2.049999952316284,2.109999895095825,127600,0.0,0.0
2026-07-31 00:00:00-04:00,2.0999999046325684,2.140000104904175,2.069999933242798,2.130000114440918,20600,0.0,0.0
2026-08-03 00:00:00-04:00,2.1600000858306885,2.200000047683716,2.0399999618530273,2.119999885559082,119000,0.0,0.0
2026-08-04 00:00:00-04:00,2.1600000858306885,2.180000066757202,2.015000104904175,2.059999942779541,198500,0.0,0.0
2026-08-05 00:00:00-04:00,2.109999895095825,2.119999885559082,2.0899999141693115,2.109999895095825,29700,0.0,0.0
2026-08-06 00:00:00-04:00,2.0999999046325684,2.109999895095825,2.049999952316284,2.0799999237060547,72200,0.0,0.0
2026-08-07 00:00:00-04:00,2.0,2.0,1.659999966621399,1.7300000190734863,1443500,0.0,0.0
2026-08-10 00:00:00-04:00,1.7599999904632568,1.7699999809265137,1.5800000429153442,1.7100000381469727,316400,0.0,0.0
2026-08-11 00:00:00-04:00,1.7200000286102295,1.7899999618530273,1.6399999856948853,1.690000057220459,234800,0.0,0.0
2026-08-12 00:00:00-04:00,1.7100000381469727,1.7300000190734863,1.6449999809265137,1.690000057220459,105800,0.0,0.0
2026-08-13 00:00:00-04:00,1.7000000476837158,1.7350000143051147,1.659999966621399,1.7000000476837158,89000,0.0,0.0
2026-08-14 00:00:00-04:00,1.7200000286102295,1.7699999809265137,1.659999966621399,1.6799999475479126,287000,0.0,0.0
2026-08-17 00:00:00-04:00,1.690000057220459,1.7330000400543213,1.5449999570846558,1.5499999523162842,454300,0.0,0.0
2026-08-18 00:00:00-04:00,1.5700000524520874,1.6399999856948853,1.5199999809265137,1.559999942779541,94900,0.0,0.0
2026-08-19 00:00:00-04:00,1.600000023841858,1.7400000095367432,1.5700000524520874,1.7000000476837158,297200,0.0,0.0
2026-08-20 00:00:00-04:00,1.7000000476837158,1.7400000095367432,1.6399999856948853,1.6699999570846558,323200,0.0,0.0
2026-08-21 00:00:00-04:00,1.690000057220459,1.7050000429153442,1.6349999904632568,1.6799999475479126,122700,0.0,0.0
2026-08-24 00:00:00-04:00,1.6799999475479126,1.7100000381469727,1.6200000047683716,1.659999966621399,200500,0.0,0.0
2026-08-25 00:00:00-04:00,1.6699999570846558,1.690000057220459,1.600000023841858,1.659999966621399,186600,0.0,0.0
2026-08-26 00:00:00-04:00,1.6699999570846558,1.7200000286102295,1.600000023841858,1.6699999570846558,91100,0.0,0.0
2026-08-27 00:00:00-04:00,1.6699999570846558,1.6799999475479126,1.6100000143051147,1.6100000143051147,134500,0.0,0.0
2026-08-28 00:00:00-04:00,1.6200000047683716,1.6299999952316284,1.5499999523162842,1.5700000524520874,70000,0.0,0.0
2026-08-31 00:00:00-04:00,1.600000023841858,1.6130000352859497,1.4800000190734863,1.5199999809265137,198800,0.0,0.0
2026-09-01 00:00:00-04:00,1.5299999713897705,1.5299999713897705,1.4700000286102295,1.5,167500,0.0,0.0
2026-09-02 00:00:00-04:00,1.4900000095367432,1.5299999713897705,1.3799999952316284,1.3899999856948853,204300,0.0,0.0
2026-09-03 00:00:00-04:00,1.409999966621399,1.4299999475479126,1.340000033378601,1.3799999952316284,107263,0.0,0.0
