Date,Open,High,Low,Close,Volume,Dividends,Stock Splits
2022-01-03 00:00:00-05:00,6.189478874240432,6.251373767920562,6.113829924109598,6.127583980560303,245400,0.0,0.0
2022-01-04 00:00:00-05:00,6.18260004792646,6.18947740244684,6.127582523484672,6.155091285705566,215500,0.0,0.0
2022-01-05 00:00:00-05:00,6.155091477659929,6.161968832394788,5.928144018294749,5.962530136108398,214500,0.0,0.0
2022-01-06 00:00:00-05:00,5.983162060279503,6.045056946508095,5.90751311925606,5.996916770935059,243300,0.0,0.0
2022-01-07 00:00:00-05:00,5.9762833040407,5.99003801147199,5.8456168627461915,5.880002975463867,231000,0.0,0.0
2022-01-10 00:00:00-05:00,5.831862672358429,5.8456173810091885,5.584283819390211,5.67368745803833,707600,0.0,0.0
2022-01-11 00:00:00-05:00,5.659932389942429,5.749336022912795,5.598038172526544,5.625546932220459,302300,0.0,0.0
2022-01-12 00:00:00-05:00,5.673688030749615,5.71495150500649,5.584284383076946,5.653056621551514,548500,0.0,0.0
2022-01-13 00:00:00-05:00,5.673688108503132,5.673688108503132,5.494880810707379,5.508635520935059,461100,0.0,0.0
2022-01-14 00:00:00-05:00,5.488003240827936,5.549897791080184,5.446740098016335,5.501757621765137,321900,0.0,0.0
2022-01-18 00:00:00-05:00,5.501758151769242,5.501758151769242,5.29544208990576,5.309196472167969,652100,0.0,0.0
2022-01-19 00:00:00-05:00,5.371090942473341,5.377968297039719,5.295441681894754,5.316073417663574,351700,0.0,0.0
2022-01-20 00:00:00-05:00,5.365166201567949,5.463352154839688,5.281006813049316,5.281006813049316,418500,0.15,0.0
2022-01-21 00:00:00-05:00,5.259968446347681,5.273995015494483,4.91631733504113,4.951383590698242,616700,0.0,0.0
2022-01-24 00:00:00-05:00,4.909301597889416,4.972421296876562,4.677863147496057,4.965407848358154,700400,0.0,0.0
2022-01-25 00:00:00-05:00,4.916315735467011,4.97242199379947,4.804102884382416,4.8882622718811035,477600,0.0,0.0
2022-01-26 00:00:00-05:00,4.951383204922326,5.259968036529069,4.923330068814418,5.000476360321045,648000,0.0,0.0
2022-01-27 00:00:00-05:00,5.12671464857944,5.12671464857944,4.846182998181965,4.909302711486816,413300,0.0,0.0
2022-01-28 00:00:00-05:00,4.930341609025009,4.965407848358154,4.804102211050717,4.965407848358154,424300,0.0,0.0
2022-01-31 00:00:00-05:00,4.986448533249658,5.154767307398665,4.979435083783611,5.147754192352295,275400,0.0,0.0
2022-02-01 00:00:00-05:00,5.182821169002346,5.182821169002346,5.063595186584665,5.105675220489502,604000,0.0,0.0
2022-02-02 00:00:00-05:00,5.147754516288198,5.182820762566038,5.070608239405433,5.119701385498047,640500,0.0,0.0
2022-02-03 00:00:00-05:00,5.077621114104038,5.077621114104038,4.944368916379706,4.958395481109619,540300,0.0,0.0
2022-02-04 00:00:00-05:00,4.979435715728893,5.01450229867011,4.92332945055872,4.9724225997924805,587500,0.0,0.0
2022-02-07 00:00:00-05:00,5.000475732377567,5.035541980899065,4.951382583143806,4.9724225997924805,331700,0.0,0.0
2022-02-08 00:00:00-05:00,4.979435519982731,5.049568348688461,4.951382388500439,4.993462085723877,352800,0.0,0.0
2022-02-09 00:00:00-05:00,5.049567815092781,5.091647842289264,4.979434993798096,5.014501571655273,1112300,0.0,0.0
2022-02-10 00:00:00-05:00,5.007487536209708,5.070607235196854,4.937354723123785,4.965407848358154,403400,0.0,0.0
2022-02-11 00:00:00-05:00,4.965408465590284,5.000475043702061,4.82514282198252,4.8742356300354,320200,0.0,0.0
2022-02-14 00:00:00-05:00,4.839169594690345,4.860209274927522,4.755010204902263,4.769036769866943,441500,0.0,0.0
2022-02-15 00:00:00-05:00,4.818129993552843,4.902289390563965,4.818129993552843,4.902289390563965,234300,0.0,0.0
2022-02-16 00:00:00-05:00,4.90228865708298,4.930342119642374,4.8461824008035235,4.91631555557251,245000,0.0,0.0
2022-02-17 00:00:00-05:00,4.89527459911137,4.909301160478812,4.769035546804401,4.77604866027832,229800,0.0,0.0
2022-02-18 00:00:00-05:00,4.80410388205749,4.8181304495535215,4.719944477081299,4.719944477081299,256800,0.0,0.0
2022-02-22 00:00:00-05:00,4.698904639415003,4.733971226714123,4.593705546357165,4.6638383865356445,303300,0.0,0.0
2022-02-23 00:00:00-05:00,4.6989038520608375,4.726956983431611,4.593704776630287,4.607731342315674,261100,0.0,0.0
2022-02-24 00:00:00-05:00,4.383306435468896,4.691891248656275,4.355253301035474,4.670851230621338,695500,0.0,0.0
2022-02-25 00:00:00-05:00,4.719943459659072,4.825142860412598,4.670850316795513,4.825142860412598,378400,0.0,0.0
2022-02-28 00:00:00-05:00,4.769037223153907,4.888262869475993,4.769037223153907,4.853196620941162,281700,0.0,0.0
2022-03-01 00:00:00-05:00,4.853196041030304,4.895275734895808,4.762023203778539,4.804102897644043,325600,0.0,0.0
2022-03-02 00:00:00-05:00,4.818129272663795,4.930342119642374,4.797089593768832,4.91631555557251,234800,0.0,0.0
2022-03-03 00:00:00-05:00,4.9373551279488215,4.979434819250585,4.846182296251837,4.867222309112549,209900,0.0,0.0
2022-03-04 00:00:00-05:00,4.86020950792408,4.86020950792408,4.747996982827213,4.811116695404053,197200,0.0,0.0
2022-03-07 00:00:00-05:00,4.769037227061296,4.811116925989401,4.607731547293701,4.614744663238525,228700,0.0,0.0
2022-03-08 00:00:00-05:00,4.593704980984333,4.769037227061296,4.593704980984333,4.614744663238525,372400,0.0,0.0
2022-03-09 00:00:00-05:00,4.70591765878726,4.825143643359353,4.70591765878726,4.76202392578125,295200,0.0,0.0
2022-03-10 00:00:00-05:00,4.74098324350012,4.790076049561553,4.670850090121512,4.783062934875488,208600,0.0,0.0
2022-03-11 00:00:00-05:00,4.811115632351955,4.8602084340245595,4.670849672553983,4.677863121032715,234100,0.0,0.0
2022-03-14 00:00:00-04:00,4.670851729903537,4.7339714563356745,4.523572591175067,4.551625728607178,312700,0.0,0.0
2022-03-15 00:00:00-04:00,4.565650620730041,4.677863121032715,4.565650620730041,4.677863121032715,192000,0.0,0.0
2022-03-16 00:00:00-04:00,4.733970324286262,4.9022891086283185,4.733970324286262,4.88124942779541,287600,0.0,0.0
2022-03-17 00:00:00-04:00,4.888263431754043,5.049569129943848,4.874236863842746,5.049569129943848,260000,0.0,0.0
2022-03-18 00:00:00-04:00,5.063594204689944,5.154767036437988,5.035541077139724,5.154767036437988,271100,0.0,0.0
2022-03-21 00:00:00-04:00,5.15476680497124,5.196846494407048,5.007487724736093,5.028527736663818,288100,0.0,0.0
2022-03-22 00:00:00-04:00,5.077621313584736,5.189834170252144,5.063594748303772,5.16879415512085,205700,0.0,0.0
2022-03-23 00:00:00-04:00,5.175808925366862,5.2880214762410125,5.09164951221125,5.238928318023682,371200,0.0,0.0
2022-03-24 00:00:00-04:00,5.2389272886067975,5.266980755232782,5.182821024194257,5.224900722503662,182900,0.0,0.0
2022-03-25 00:00:00-04:00,5.245940532684495,5.309060244877635,5.1828208204913535,5.2178874015808105,265000,0.0,0.0
2022-03-28 00:00:00-04:00,5.210875180305144,5.245941769663206,5.105676081070519,5.238928318023682,365100,0.0,0.0
2022-03-29 00:00:00-04:00,5.266980477136295,5.365166434674023,5.266980477136295,5.323086738586426,228300,0.0,0.0
2022-03-30 00:00:00-04:00,5.309060096740723,5.3932194877035045,5.273993516629718,5.309060096740723,189800,0.0,0.0
2022-03-31 00:00:00-04:00,5.330100791132029,5.3651673779131945,5.26698140311359,5.288021087646484,149000,0.0,0.0
2022-04-01 00:00:00-04:00,5.281007590002392,5.351140424086011,5.259967572567439,5.337113857269287,225200,0.0,0.0
2022-04-04 00:00:00-04:00,5.3581532674574985,5.400232965765052,5.316073569149945,5.3441267013549805,326400,0.0,0.0
2022-04-05 00:00:00-04:00,5.372180494617574,5.372180494617574,5.259967951989454,5.288021087646484,265600,0.0,0.0
2022-04-06 00:00:00-04:00,5.25295244806855,5.25295244806855,5.098660262250595,5.175806522369385,206100,0.0,0.0
2022-04-07 00:00:00-04:00,5.140740742886248,5.189833885889547,5.063594470858114,5.147754192352295,291500,0.0,0.0
2022-04-08 00:00:00-04:00,5.140740472662879,5.189833613085593,5.098660781337548,5.154767036437988,128000,0.0,0.0
2022-04-11 00:00:00-04:00,5.133728080408462,5.147754646157404,5.098661498826253,5.112688064575195,122000,0.0,0.0
2022-04-12 00:00:00-04:00,5.147753655960567,5.168793333327037,5.035540817134038,5.077620506286621,176500,0.0,0.0
2022-04-13 00:00:00-04:00,5.049567777124605,5.119700932311625,5.028528098104235,5.063594341278076,207700,0.0,0.0
2022-04-14 00:00:00-04:00,5.07060805187597,5.077621167104288,4.923328953464742,4.9373555183410645,166900,0.0,0.0
2022-04-18 00:00:00-04:00,4.909302711486816,4.937355843084593,4.846182998181965,4.909302711486816,294500,0.0,0.0
2022-04-19 00:00:00-04:00,4.90930174967629,5.077620506286621,4.881248623574569,5.077620506286621,201300,0.0,0.0
2022-04-20 00:00:00-04:00,5.112687353596081,5.112687353596081,5.00748795789837,5.070607662200928,126800,0.0,0.0
2022-04-21 00:00:00-04:00,5.113519225221129,5.199340443912899,5.042001542977988,5.070608615875244,205000,0.14,0.0
2022-04-22 00:00:00-04:00,5.04200150688485,5.092063713585074,4.920421277430236,4.941876411437988,197800,0.0,0.0
2022-04-25 00:00:00-04:00,4.87035923146834,4.898966307108014,4.7988415423691535,4.891814708709717,150200,0.0,0.0
2022-04-26 00:00:00-04:00,4.863207302672879,4.898965974281475,4.727323532104492,4.727323532104492,130400,0.0,0.0
2022-04-27 00:00:00-04:00,4.748778375243094,4.820296055091611,4.684412633891028,4.705867767333984,143700,0.0,0.0
2022-04-28 00:00:00-04:00,4.7416263836429735,4.848903065010445,4.67010870973905,4.798840522766113,132300,0.0,0.0
2022-04-29 00:00:00-04:00,4.777385327741531,4.834599811213104,4.620046436008474,4.648653507232666,192100,0.0,0.0
2022-05-02 00:00:00-04:00,4.63434917150774,4.684411708018455,4.5628315057946685,4.662956237792969,158100,0.0,0.0
2022-05-03 00:00:00-04:00,4.662957042844762,4.705867649681051,4.641501568915023,4.648653507232666,178700,0.0,0.0
2022-05-04 00:00:00-04:00,4.641501606520666,4.655805483271841,4.527073320696794,4.612894535064697,319100,0.0,0.0
2022-05-05 00:00:00-04:00,4.6200466101340405,4.6200466101340405,4.384038093127904,4.448403835296631,303900,0.0,0.0
2022-05-06 00:00:00-04:00,4.419796750984893,4.419796750984893,4.241002379069308,4.269609451293945,399200,0.0,0.0
2022-05-09 00:00:00-04:00,4.198092495592359,4.241003111338439,4.126574802682224,4.1480302810668945,475600,0.0,0.0
2022-05-10 00:00:00-04:00,4.205243317048615,4.248153921383009,4.047904093466003,4.133725643157959,304300,0.0,0.0
2022-05-11 00:00:00-04:00,4.069359848574533,4.162333001596677,3.990690231323242,3.990690231323242,162800,0.0,0.0
2022-05-12 00:00:00-04:00,3.9406283520572623,4.076511782590142,3.8762622652614196,3.9763870239257812,365500,0.0,0.0
2022-05-13 00:00:00-04:00,4.026449003113596,4.105118274688721,4.026449003113596,4.105118274688721,242800,0.0,0.0
2022-05-16 00:00:00-04:00,4.09796631955552,4.183787521603465,4.047903781182647,4.15518045425415,213800,0.0,0.0
2022-05-17 00:00:00-04:00,4.190940173187793,4.283912987406264,4.155181162395396,4.269609451293945,232600,0.0,0.0
2022-05-18 00:00:00-04:00,4.226698182440288,4.255305250194427,4.055055775915451,4.076510906219482,179100,0.0,0.0
2022-05-19 00:00:00-04:00,4.076510723785837,4.176635797467635,4.026448527968071,4.097966194152832,194300,0.0,0.0
2022-05-20 00:00:00-04:00,4.105118145513552,4.140877152212056,3.954931204040056,4.040752410888672,308500,0.0,0.0
2022-05-23 00:00:00-04:00,4.055055775915451,4.11226991142373,4.026448708161312,4.076510906219482,275100,0.0,0.0
2022-05-24 00:00:00-04:00,4.076511747102617,4.076511747102617,3.940628317752652,4.0192975997924805,303900,0.0,0.0
2022-05-25 00:00:00-04:00,4.019297030530711,4.148029184769121,3.990689960927324,4.1408772468566895,344900,0.0,0.0
2022-05-26 00:00:00-04:00,4.1551808656155265,4.269609146341144,4.1551808656155265,4.233850479125977,188600,0.0,0.0
2022-05-27 00:00:00-04:00,4.262457631730864,4.341127246762555,4.262457631730864,4.326823711395264,199600,0.0,0.0
2022-05-31 00:00:00-04:00,4.355430487535718,4.355430487535718,4.262457343425285,4.305367946624756,204800,0.0,0.0
2022-06-01 00:00:00-04:00,4.333975043215776,4.362582112198865,4.219546767283425,4.262457370758057,177800,0.0,0.0
2022-06-02 00:00:00-04:00,4.233850076808313,4.40549248158658,4.233850076808313,4.376885414123535,230800,0.0,0.0
2022-06-03 00:00:00-04:00,4.3339753456967856,4.362582416676446,4.2839128009707865,4.291064739227295,174600,0.0,0.0
2022-06-06 00:00:00-04:00,4.36973455697672,4.455555773883824,4.333975546087159,4.448403835296631,402900,0.0,0.0
2022-06-07 00:00:00-04:00,4.40549248158658,4.462706616512669,4.341126750306302,4.376885414123535,291800,0.0,0.0
2022-06-08 00:00:00-04:00,4.419796015318102,4.426947952695436,4.341126750306302,4.376885414123535,296000,0.0,0.0
2022-06-09 00:00:00-04:00,4.355430638610873,4.376885770443233,4.30536809596341,4.319671630859375,167600,0.0,0.0
2022-06-10 00:00:00-04:00,4.226698752239552,4.283912895460842,4.1480294758218745,4.162333011627197,209900,0.0,0.0
2022-06-13 00:00:00-04:00,4.083663200781586,4.097966735909485,3.876261770915468,3.9048688411712646,402800,0.0,0.0
2022-06-14 00:00:00-04:00,3.9334763346249577,3.9334763346249577,3.804744504623771,3.8762621879577637,222800,0.0,0.0
2022-06-15 00:00:00-04:00,3.8834140300750732,3.9620836572029745,3.819048281537004,3.8834140300750732,230200,0.0,0.0
2022-06-16 00:00:00-04:00,3.826198737424792,3.8619577411763766,3.6402528045767006,3.6831634044647217,383700,0.0,0.0
2022-06-17 00:00:00-04:00,3.6116467629026614,3.704619585199093,3.604494823713504,3.668860912322998,438800,0.0,0.0
2022-06-21 00:00:00-04:00,3.7761362543955292,3.8333503832310045,3.726073721152935,3.768984317779541,304300,0.0,0.0
2022-06-22 00:00:00-04:00,3.740377868240459,3.8333510133934636,3.70461886132833,3.776136875152588,348800,0.0,0.0
2022-06-23 00:00:00-04:00,3.7904408475174023,3.9477797458528134,3.7761373113050922,3.933476209640503,269300,0.0,0.0
2022-06-24 00:00:00-04:00,3.99069101564134,4.155181879846278,3.9692358782799295,4.1480302810668945,265200,0.0,0.0
2022-06-27 00:00:00-04:00,4.198091983795166,4.226699057471678,4.1337262385346225,4.198091983795166,211600,0.0,0.0
2022-06-28 00:00:00-04:00,4.255305767059326,4.326823786154661,4.226698695830468,4.255305767059326,376300,0.0,0.0
2022-06-29 00:00:00-04:00,4.248154533240672,4.269609667986447,4.18378844695691,4.198091983795166,179000,0.0,0.0
2022-06-30 00:00:00-04:00,4.176636553751005,4.219547161231889,4.112270472018083,4.169484615325928,190900,0.0,0.0
2022-07-01 00:00:00-04:00,4.198091477485164,4.241002082824707,4.148029275100619,4.241002082824707,137000,0.0,0.0
2022-07-05 00:00:00-04:00,4.198091588031805,4.291064739227295,4.155180981562315,4.291064739227295,192800,0.0,0.0
2022-07-06 00:00:00-04:00,4.30536853810376,4.3768862199281005,4.283913063044855,4.362582683563232,219800,0.0,0.0
2022-07-07 00:00:00-04:00,4.419796132958429,4.434099667070664,4.36258199650949,4.426948070526123,152000,0.0,0.0
2022-07-08 00:00:00-04:00,4.405492632579914,4.434099701023434,4.355430433315332,4.391189098358154,132600,0.0,0.0
2022-07-11 00:00:00-04:00,4.38403849029488,4.405493625953758,4.319672401271778,4.3482794761657715,157500,0.0,0.0
2022-07-12 00:00:00-04:00,4.348279070423299,4.376886142647936,4.226698842956989,4.269609451293945,147000,0.0,0.0
2022-07-13 00:00:00-04:00,4.18378793579693,4.276761084398084,4.169484400706229,4.233850479125977,124100,0.0,0.0
2022-07-14 00:00:00-04:00,4.190939760587035,4.205243295291162,4.1480291564746565,4.183787822723389,96800,0.0,0.0
2022-07-15 00:00:00-04:00,4.24100187131397,4.305367946624756,4.219546740225815,4.305367946624756,75100,0.0,0.0
2022-07-18 00:00:00-04:00,4.34112698097313,4.3840375844477615,4.255305433000704,4.262457370758057,171000,0.0,0.0
2022-07-19 00:00:00-04:00,4.298216647133509,4.376885921260487,4.291064708927501,4.333975315093994,205500,0.0,0.0
2022-07-20 00:00:00-04:00,4.369734116332322,4.4197963173015875,4.333975109048702,4.405492782592773,143100,0.0,0.0
2022-07-21 00:00:00-04:00,4.449184173935674,4.449184173935674,4.383647799828343,4.427338600158691,122200,0.11,0.0
2022-07-22 00:00:00-04:00,4.456465052091986,4.471028649756723,4.412774259097778,4.463747024536133,117200,0.0,0.0
2022-07-25 00:00:00-04:00,4.507437969687276,4.507437969687276,4.383647211746452,4.405492782592773,77100,0.0,0.0
2022-07-26 00:00:00-04:00,4.398211600047678,4.405493574045859,4.318111622185854,4.354520797729492,114100,0.0,0.0
2022-07-27 00:00:00-04:00,4.361801921879397,4.500156286889112,4.354520295943933,4.478311061859131,154400,0.0,0.0
2022-07-28 00:00:00-04:00,4.485592803118943,4.5220019754031116,4.427338405243154,4.500156402587891,151600,0.0,0.0
2022-07-29 00:00:00-04:00,4.529283890535868,4.660356641343643,4.50015668973939,4.616665840148926,186200,0.0,0.0
2022-08-01 00:00:00-04:00,4.59481975325271,4.674919720117334,4.558410929931397,4.631228923797607,181100,0.0,0.0
2022-08-02 00:00:00-04:00,4.631229001083305,4.68948339714842,4.602101803050748,4.667637825012207,107500,0.0,0.0
2022-08-03 00:00:00-04:00,4.6676373729996445,4.7987100986767,4.623946580181811,4.776864528656006,160200,0.0,0.0
2022-08-04 00:00:00-04:00,4.805992009833052,4.805992009833052,4.718610418998025,4.784146785736084,135200,0.0,0.0
2022-08-05 00:00:00-04:00,4.704046540626284,4.8132736962826455,4.660355747808451,4.776864528656006,206000,0.0,0.0
2022-08-08 00:00:00-04:00,4.769584097393192,4.8860929074053825,4.769584097393192,4.79871129989624,137800,0.0,0.0
2022-08-09 00:00:00-04:00,4.776863931154776,4.776863931154776,4.704045952233296,4.755018711090088,144800,0.0,0.0
2022-08-10 00:00:00-04:00,4.820556518416275,4.907938125748763,4.820556518416275,4.8642473220825195,127900,0.0,0.0
2022-08-11 00:00:00-04:00,4.893374965408068,5.017165760560835,4.893374965408068,4.922502517700195,235800,0.0,0.0
2022-08-12 00:00:00-04:00,4.973473245606491,5.0244460105896,4.951628022916268,5.0244460105896,121500,0.0,0.0
2022-08-15 00:00:00-04:00,4.980756199128188,5.024447000338692,4.893374249483557,4.900656223297119,172900,0.0,0.0
2022-08-16 00:00:00-04:00,4.8860929074053825,4.9370656853975365,4.791429325658656,4.79871129989624,146200,0.0,0.0
2022-08-17 00:00:00-04:00,4.74773749957075,4.7841466684713705,4.59481954574585,4.59481954574585,250400,0.0,0.0
2022-08-18 00:00:00-04:00,4.609383506394899,4.645792678159145,4.536565510090002,4.572974681854248,155300,0.0,0.0
2022-08-19 00:00:00-04:00,4.507438375934164,4.543847200994732,4.485592803118943,4.500156402587891,193100,0.0,0.0
2022-08-22 00:00:00-04:00,4.463747409540575,4.463747409540575,4.3472382709500526,4.383647441864014,119700,0.0,0.0
2022-08-23 00:00:00-04:00,4.38364815351195,4.42733895736738,4.347238976687269,4.361802577972412,89900,0.0,0.0
2022-08-24 00:00:00-04:00,4.361801908241887,4.420056651661412,4.35452028232919,4.369083881378174,173400,0.0,0.0
2022-08-25 00:00:00-04:00,4.398211721379376,4.42005729675293,4.369084519030397,4.42005729675293,77600,0.0,0.0
2022-08-26 00:00:00-04:00,4.427338640147156,4.434620613879794,4.238011837005615,4.238011837005615,180700,0.0,0.0
2022-08-29 00:00:00-04:00,4.194320182635493,4.238010974468335,4.143347418552069,4.150629043579102,268000,0.0,0.0
2022-08-30 00:00:00-04:00,4.150629559108018,4.165193158194504,4.0632479645891015,4.070529937744141,188800,0.0,0.0
2022-08-31 00:00:00-04:00,4.077811602484135,4.143347972608828,4.055966377258301,4.055966377258301,164900,0.0,0.0
2022-09-01 00:00:00-04:00,4.026839331668208,4.070530131001988,3.9758665588336606,4.063248157501221,113300,0.0,0.0
2022-09-02 00:00:00-04:00,4.085094096858676,4.136066527037423,4.0122760914435815,4.041403293609619,108900,0.0,0.0
2022-09-06 00:00:00-04:00,4.070530250373059,4.077811876863757,3.9685847017143425,4.019557476043701,105400,0.0,0.0
2022-09-07 00:00:00-04:00,3.990430120161473,4.092375317624659,3.990430120161473,4.0778117179870605,204100,0.0,0.0
2022-09-08 00:00:00-04:00,4.048685340156733,4.143348930619383,4.004994532379435,4.1215033531188965,119800,0.0,0.0
2022-09-09 00:00:00-04:00,4.15791103490097,4.223447396562607,4.150629062616988,4.194320201873779,146700,0.0,0.0
2022-09-12 00:00:00-04:00,4.245293101896102,4.259856700897217,4.223447877006225,4.259856700897217,155700,0.0,0.0
2022-09-13 00:00:00-04:00,4.208884870375392,4.2889845025431725,4.077812113694225,4.106939315795898,273100,0.0,0.0
2022-09-14 00:00:00-04:00,4.13606595993042,4.13606595993042,4.085093536740637,4.13606595993042,62600,0.0,0.0
2022-09-15 00:00:00-04:00,4.114221330714673,4.1506301600908415,4.063248552919667,4.092375755310059,100200,0.0,0.0
2022-09-16 00:00:00-04:00,4.0268397740156745,4.055966976771145,3.9831486226588235,4.0122761726379395,117900,0.0,0.0
2022-09-19 00:00:00-04:00,3.9467394698572806,4.026839444491917,3.9467394698572806,3.9977118968963623,199500,0.0,0.0
2022-09-20 00:00:00-04:00,3.946739714216324,3.954021341148335,3.903048910953339,3.932176113128662,105800,0.0,0.0
2022-09-21 00:00:00-04:00,3.924894061961576,3.990430439181965,3.8739216327667236,3.8739216327667236,73000,0.0,0.0
2022-09-22 00:00:00-04:00,3.873920368611883,3.881201993024847,3.771974849042228,3.779256820678711,172400,0.0,0.0
2022-09-23 00:00:00-04:00,3.706439533373032,3.728284757919543,3.640903165286331,3.69187593460083,263000,0.0,0.0
2022-09-26 00:00:00-04:00,3.677312366922463,3.7428483883397257,3.633621223012839,3.6554667949676514,159600,0.0,0.0
2022-09-27 00:00:00-04:00,3.713721554178096,3.750130728593258,3.5826491512860295,3.611776351928711,263800,0.0,0.0
2022-09-28 00:00:00-04:00,3.6336217762999556,3.7646945335399415,3.6190581751870283,3.735567331314087,168000,0.0,0.0
2022-09-29 00:00:00-04:00,3.6918755112313946,3.6918755112313946,3.5972119564559257,3.6190571784973145,181000,0.0,0.0
2022-09-30 00:00:00-04:00,3.597212944745972,3.6991581524689154,3.5826493436426943,3.604494571685791,139700,0.0,0.0
2022-10-03 00:00:00-04:00,3.6409027851270883,3.779257132628743,3.6336208128895313,3.7501299381256104,193400,0.0,0.0
2022-10-04 00:00:00-04:00,3.830230596468533,3.9685846220262473,3.8229486229004372,3.9613029956817627,298000,0.0,0.0
2022-10-05 00:00:00-04:00,3.9103305339813232,3.9248941350544446,3.7938217253963513,3.9103305339813232,195100,0.0,0.0
2022-10-06 00:00:00-04:00,3.8739206693267727,3.9394566830247926,3.8447934749668646,3.8520750999450684,110000,0.0,0.0
2022-10-07 00:00:00-04:00,3.8229487347812197,3.84479430890122,3.713721558628461,3.721003532409668,117400,0.0,0.0
2022-10-10 00:00:00-04:00,3.7137222037317525,3.721004178777897,3.648186164434859,3.662749767303467,164800,0.0,0.0
2022-10-11 00:00:00-04:00,3.648185880032976,3.6991583124876004,3.604494727609506,3.63362193107605,77800,0.0,0.0
2022-10-12 00:00:00-04:00,3.6263392713608305,3.6481848413528812,3.597212076187134,3.597212076187134,117500,0.0,0.0
2022-10-13 00:00:00-04:00,3.560803032927242,3.6773121649132916,3.50983061320544,3.6409029960632324,302500,0.0,0.0
2022-10-14 00:00:00-04:00,3.677312887637462,3.6845945145044348,3.52439490397104,3.5316765308380127,135200,0.0,0.0
2022-10-17 00:00:00-04:00,3.6991586008631447,3.6991586008631447,3.6409041893887144,3.662749767303467,227900,0.0,0.0
2022-10-18 00:00:00-04:00,3.75741235964484,3.7792579337648404,3.6773127313932883,3.721003532409668,183900,0.0,0.0
2022-10-19 00:00:00-04:00,3.706439892291852,3.706439892291852,3.626339917676345,3.6481854915618896,130100,0.0,0.0
2022-10-20 00:00:00-04:00,3.582648478600285,3.699157259295073,3.582648478600285,3.597212076187134,151000,0.0,0.0
2022-10-21 00:00:00-04:00,3.575367143425819,3.6554671180413263,3.5680855169463825,3.6481854915618896,370900,0.0,0.0
2022-10-24 00:00:00-04:00,3.6773126865911157,3.6773126865911157,3.604494338560704,3.626339912414551,479500,0.0,0.0
2022-10-25 00:00:00-04:00,3.6409027851270883,3.7574115631396197,3.6409027851270883,3.7501299381256104,131900,0.0,0.0
2022-10-26 00:00:00-04:00,3.706440159840657,3.8302309439394544,3.706440159840657,3.7865397930145264,178100,0.0,0.0
2022-10-27 00:00:00-04:00,3.8302295804635387,3.8666383969753992,3.771974849042228,3.779256820678711,168700,0.0,0.0
2022-10-28 00:00:00-04:00,3.8083852555463347,3.888485233568629,3.801103281533566,3.8739216327667236,241200,0.0,0.0
2022-10-31 00:00:00-04:00,3.9321757958566,3.9613029956817623,3.873921396206276,3.9613029956817627,395100,0.0,0.0
2022-11-01 00:00:00-04:00,4.01955730587466,4.01955730587466,3.859357710401597,3.8812029361724854,320300,0.0,0.0
2022-11-02 00:00:00-04:00,3.8884842856272654,3.917611480130398,3.7501299381256104,3.7501299381256104,168600,0.0,0.0
2022-11-03 00:00:00-04:00,3.750130727990641,3.7574123545383307,3.6773127263956384,3.699157953262329,332100,0.0,0.0
2022-11-04 00:00:00-04:00,3.7282858066003604,3.7574130123375755,3.5899314057367473,3.662749767303467,380700,0.0,0.0
2022-11-07 00:00:00-05:00,3.713721159147341,3.7865391530083508,3.648185138284224,3.69187593460083,293900,0.0,0.0
2022-11-08 00:00:00-05:00,3.6991579135853767,3.7719759143993374,3.640903512934208,3.713721513748169,378900,0.0,0.0
2022-11-09 00:00:00-05:00,3.7137215187712886,3.7137215187712886,3.626339917676345,3.6481854915618896,215900,0.0,0.0
2022-11-10 00:00:00-05:00,3.8011024614212396,3.895766019821167,3.7792572385434453,3.895766019821167,264500,0.0,0.0
2022-11-11 00:00:00-05:00,3.932175712111866,3.983148137108519,3.932175712111866,3.9685845375061035,140400,0.0,0.0
2022-11-14 00:00:00-05:00,3.97586683838006,3.9977120659711014,3.8739216327667236,3.8739216327667236,289400,0.0,0.0
2022-11-15 00:00:00-05:00,3.968584696524425,4.06324827134503,3.968584696524425,3.9977118968963623,454500,0.0,0.0
2022-11-16 00:00:00-05:00,3.9977121444113197,3.9977121444113197,3.895766936797689,3.932176113128662,239700,0.0,0.0
2022-11-17 00:00:00-05:00,3.857983402593569,3.8950795397199425,3.835726003337731,3.8802411556243896,168900,0.1,0.0
2022-11-18 00:00:00-05:00,3.887660026550293,3.9024987638703026,3.8505642445751764,3.887660026550293,229900,0.0,0.0
2022-11-21 00:00:00-05:00,3.8950795594024723,3.8950795594024723,3.828306653747578,3.835726022720337,203400,0.0,0.0
2022-11-22 00:00:00-05:00,3.8728212771068806,3.9321751594543457,3.828306130677484,3.9321751594543457,221100,0.0,0.0
2022-11-23 00:00:00-05:00,3.9321751660626325,3.97669031256684,3.92475579809113,3.969270944595337,160800,0.0,0.0
2022-11-25 00:00:00-05:00,3.969270610404201,3.969270610404201,3.9395938485666853,3.9618515968322754,66100,0.0,0.0
2022-11-28 00:00:00-05:00,3.961851944127472,3.9692709583497465,3.895079047252309,3.924755811691284,181300,0.0,0.0
2022-11-29 00:00:00-05:00,3.939594545845419,3.9544329293904594,3.887660026550293,3.887660026550293,160400,0.0,0.0
2022-11-30 00:00:00-05:00,3.887660807244092,4.021206639742198,3.887660807244092,4.013787269592285,215500,0.0,0.0
2022-12-01 00:00:00-05:00,4.0583019763386226,4.110236500268002,4.043463591469514,4.080559730529785,186400,0.0,0.0
2022-12-02 00:00:00-05:00,4.036044999742952,4.065721772597493,4.013787243214527,4.058302402496338,184800,0.0,0.0
2022-12-05 00:00:00-05:00,4.1028167309878345,4.1028167309878345,3.9321751594543457,3.9321751594543457,215800,0.0,0.0
2022-12-06 00:00:00-05:00,3.947014495746904,3.9618528814770606,3.835726425883218,3.8579838275909424,174800,0.0,0.0
2022-12-07 00:00:00-05:00,3.8579825396543925,3.909917049259801,3.850563526153565,3.8505635261535645,154300,0.0,0.0
2022-12-08 00:00:00-05:00,3.8728220963400766,3.9395950069963743,3.8579837110581225,3.8950798511505127,97800,0.0,0.0
2022-12-09 00:00:00-05:00,3.8802406169175976,3.895078998953088,3.8208870887756348,3.8208870887756348,198200,0.0,0.0
2022-12-12 00:00:00-05:00,3.8208874774850954,3.909917778755338,3.7986297252800503,3.887660026550293,229400,0.0,0.0
2022-12-13 00:00:00-05:00,4.036043855224909,4.058301251666672,3.902498415249522,3.924755811691284,175000,0.0,0.0
2022-12-14 00:00:00-05:00,3.9099173545837402,3.969270882324871,3.8802405907131754,3.9099173545837402,210000,0.0,0.0
2022-12-15 00:00:00-05:00,3.8579839992396696,3.86540336932236,3.791211437370643,3.8060498237609863,180600,0.0,0.0
2022-12-16 00:00:00-05:00,3.791211727211859,3.806050114736609,3.717019789588108,3.754115581512451,175300,0.0,0.0
2022-12-19 00:00:00-05:00,3.7541150055457178,3.7541150055457178,3.6725037097930904,3.672503709793091,191600,0.0,0.0
2022-12-20 00:00:00-05:00,3.6576647395653024,3.7170186248405117,3.6576647395653024,3.709599256515503,173500,0.0,0.0
2022-12-21 00:00:00-05:00,3.754115658334057,3.776373416964182,3.7170198656506113,3.731858253479004,213800,0.0,0.0
2022-12-22 00:00:00-05:00,3.709599849801106,3.709599849801106,3.6354079235600856,3.672503709793091,203400,0.0,0.0
2022-12-23 00:00:00-05:00,3.6725028315266623,3.7021795949259744,3.6428260681273503,3.6873412132263184,235900,0.0,0.0
2022-12-27 00:00:00-05:00,3.6576650335662078,3.694761170623109,3.6057308662165237,3.613149881362915,314000,0.0,0.0
2022-12-28 00:00:00-05:00,3.6057307192296317,3.6576648844622293,3.583472967147827,3.583472967147827,267000,0.0,0.0
2022-12-29 00:00:00-05:00,3.6131493713983103,3.7021796632390442,3.5983109894248546,3.665083885192871,204400,0.0,0.0
2022-12-30 00:00:00-05:00,3.635407141234713,3.6873413015398944,3.6205687591796707,3.6576645374298096,221300,0.0,0.0
2023-01-03 00:00:00-05:00,3.6725037097930904,3.7021804802894986,3.6502463088082897,3.672503709793091,203700,0.0,0.0
2023-01-04 00:00:00-05:00,3.702180507289195,3.7466960171334653,3.687342121932776,3.739276647567749,108100,0.0,0.0
2023-01-05 00:00:00-05:00,3.702180312468075,3.702180312468075,3.6354077587654907,3.6502461433410645,147900,0.0,0.0
2023-01-06 00:00:00-05:00,3.6873427362187545,3.7392772705056645,3.6502469435353087,3.731858253479004,238700,0.0,0.0
2023-01-09 00:00:00-05:00,3.7689539690372014,3.806050114736609,3.731858177112858,3.754115581512451,191600,0.0,0.0
2023-01-10 00:00:00-05:00,3.7763727421444044,3.8357262828517804,3.754114987491634,3.8283069133758545,330500,0.0,0.0
2023-01-11 00:00:00-05:00,3.857983402593569,3.8950795397199425,3.835726003337731,3.8802411556243896,149300,0.0,0.0
2023-01-12 00:00:00-05:00,3.9024983951680814,3.9321751594543457,3.8654022629227827,3.9321751594543457,205700,0.0,0.0
2023-01-13 00:00:00-05:00,3.9099173545837402,3.9321751043741298,3.8950789726484576,3.9099173545837402,178800,0.0,0.0
2023-01-17 00:00:00-05:00,3.9470132159135174,3.9618515968322754,3.9247554676479277,3.9618515968322754,282000,0.0,0.0
2023-01-18 00:00:00-05:00,3.99152909751084,3.99152909751084,3.89507942679841,3.91733717918396,366100,0.0,0.0
2023-01-19 00:00:00-05:00,3.90218317988614,3.90218317988614,3.8264127063674236,3.841566801071167,182700,0.11,0.0
2023-01-20 00:00:00-05:00,3.8491439888380414,3.8946062767413867,3.8491439888380414,3.8870294094085693,176800,0.0,0.0
2023-01-23 00:00:00-05:00,3.902182947792469,4.015838831961589,3.902182947792469,4.00068473815918,248000,0.0,0.0
2023-01-24 00:00:00-05:00,4.008261350796339,4.01583857786916,3.940067752349232,3.962799072265625,183000,0.0,0.0
2023-01-25 00:00:00-05:00,3.9552221298217773,3.962799357439878,3.887028887769365,3.9552221298217773,151800,0.0,0.0
2023-01-26 00:00:00-05:00,4.00068473815918,4.00068473815918,3.9627993230021077,4.00068473815918,115400,0.0,0.0
2023-01-27 00:00:00-05:00,3.9931075106069267,4.023415698211746,3.98553064435677,4.00068473815918,156400,0.0,0.0
2023-01-30 00:00:00-05:00,3.9855313781936275,4.015839571378949,3.962800052653555,3.977954149246216,169600,0.0,0.0
2023-01-31 00:00:00-05:00,3.9855307601704504,4.061301231384277,3.9855307601704504,4.061301231384277,130000,0.0,0.0
2023-02-01 00:00:00-05:00,4.068878212612724,4.137071819279544,4.030993156588359,4.121917724609375,205600,0.0,0.0
2023-02-02 00:00:00-05:00,4.174956461779394,4.258303786345908,4.167379235199502,4.212841510772705,271300,0.0,0.0
2023-02-03 00:00:00-05:00,4.167379587523678,4.190110907883086,4.10676321496803,4.152225494384766,259600,0.0,0.0
2023-02-06 00:00:00-05:00,4.091609975768834,4.114340939570229,4.061301783165536,4.068878650665283,216700,0.0,0.0
2023-02-07 00:00:00-05:00,4.061300951474632,4.1294941902160645,4.038569631026101,4.1294941902160645,236900,0.0,0.0
2023-02-08 00:00:00-05:00,4.129494877887417,4.144648973609307,4.099186686443638,4.114340782165527,99500,0.0,0.0
2023-02-09 00:00:00-05:00,4.129494415278257,4.1446485093025,4.023415757108557,4.0309929847717285,194200,0.0,0.0
2023-02-10 00:00:00-05:00,4.008261663084314,4.0385698511328,3.985530702699,4.0309929847717285,175000,0.0,0.0
2023-02-13 00:00:00-05:00,4.038569229554123,4.099185596321592,4.015838272667345,4.0764546394348145,167600,0.0,0.0
2023-02-14 00:00:00-05:00,4.06887775765208,4.129494129554952,4.053723664676362,4.099185943603516,259600,0.0,0.0
2023-02-15 00:00:00-05:00,4.068878549160059,4.152226257390951,4.068878549160059,4.144649028778076,275200,0.0,0.0
2023-02-16 00:00:00-05:00,4.076455536550314,4.152226011684643,4.038570118332086,4.046147346496582,313800,0.0,0.0
2023-02-17 00:00:00-05:00,4.02341602330522,4.053724213358953,4.008261928278355,4.046147346496582,167300,0.0,0.0
2023-02-21 00:00:00-05:00,4.030992670712732,4.046146763556303,3.940067752349232,3.962799072265625,356500,0.0,0.0
2023-02-22 00:00:00-05:00,3.9703767299652104,4.038570342014172,3.962799862683184,3.97037672996521,263700,0.0,0.0
2023-02-23 00:00:00-05:00,4.015838831961589,4.015838831961589,3.9324911353972887,4.00068473815918,76000,0.0,0.0
2023-02-24 00:00:00-05:00,3.9249133607384588,3.9627987706145587,3.9249133607384588,3.932490587234497,84400,0.0,0.0
2023-02-27 00:00:00-05:00,3.9552221298217773,3.9931075453080833,3.9400680358876747,3.9552221298217773,104500,0.0,0.0
2023-02-28 00:00:00-05:00,3.962799862683184,4.000685282999751,3.962799862683184,3.97037672996521,120600,0.0,0.0
2023-03-01 00:00:00-05:00,3.9779539585493815,3.9779539585493815,3.932491670950789,3.97037672996521,75300,0.0,0.0
2023-03-02 00:00:00-05:00,3.9628004789603564,3.993108675406148,3.917338184291669,3.985531806945801,110000,0.0,0.0
2023-03-03 00:00:00-05:00,3.993107569060071,4.053723945157043,3.985530702699,4.0309929847717285,202700,0.0,0.0
2023-03-06 00:00:00-05:00,4.053723945157043,4.084032133205529,4.008261663084314,4.0309929847717285,186500,0.0,0.0
2023-03-07 00:00:00-05:00,4.038569536483481,4.038569536483481,3.940067752349232,3.962799072265625,128800,0.0,0.0
2023-03-08 00:00:00-05:00,3.962799072265625,3.9931072579527673,3.9249136595056604,3.962799072265625,73400,0.0,0.0
2023-03-09 00:00:00-05:00,3.9779537121771797,3.9931078071048174,3.8642978195688356,3.871875047683716,113300,0.0,0.0
2023-03-10 00:00:00-05:00,3.8718751946246814,3.88702929012743,3.765796164803305,3.788527488708496,217800,0.0,0.0
2023-03-13 00:00:00-04:00,3.7430641651153564,3.80368053033147,3.7127559825073,3.7430641651153564,193200,0.0,0.0
2023-03-14 00:00:00-04:00,3.803681802458568,3.8567213204125532,3.788527706086309,3.8112590312957764,86900,0.0,0.0
2023-03-15 00:00:00-04:00,3.735488491869851,3.78852801413655,3.735488491869851,3.7809507846832275,242700,0.0,0.0
2023-03-16 00:00:00-04:00,3.7582190995495197,3.864297762475723,3.7582190995495197,3.841566801071167,162700,0.0,0.0
2023-03-17 00:00:00-04:00,3.841565990414273,3.849142855516197,3.7657951715827873,3.7961037158966064,139800,0.0,0.0
2023-03-20 00:00:00-04:00,3.7961049349235174,3.849144091575345,3.788527706086309,3.8112590312957764,106300,0.0,0.0
2023-03-21 00:00:00-04:00,3.8567208196546976,3.902183102868637,3.8567208196546976,3.894605875015259,90200,0.0,0.0
2023-03-22 00:00:00-04:00,3.902182356437829,3.9097592215397525,3.7961037158966064,3.7961037158966064,198700,0.0,0.0
2023-03-23 00:00:00-04:00,3.8264127063674236,3.90218317988614,3.80368138366075,3.841566801071167,140300,0.0,0.0
2023-03-24 00:00:00-04:00,3.8491437435150146,3.8491437435150146,3.796104591659273,3.8491437435150146,169000,0.0,0.0
2023-03-27 00:00:00-04:00,3.8870294094085693,3.902183505376351,3.8567212174730057,3.8870294094085693,146300,0.0,0.0
2023-03-28 00:00:00-04:00,3.871875047683716,3.8870291426113535,3.856720952756078,3.871875047683716,88900,0.0,0.0
2023-03-29 00:00:00-04:00,3.917337389444319,3.917337389444319,3.8794519709231197,3.9021832942962646,85800,0.0,0.0
2023-03-30 00:00:00-04:00,3.93249129167793,3.9476453860825766,3.894605875015259,3.894605875015259,128700,0.0,0.0
2023-03-31 00:00:00-04:00,3.9249139078450357,4.00068473815918,3.9249139078450357,4.00068473815918,97500,0.0,0.0
2023-04-03 00:00:00-04:00,3.9931072579527673,4.000684485025589,3.9476449794220536,3.962799072265625,187200,0.0,0.0
2023-04-04 00:00:00-04:00,3.9400674524284898,3.9779528623045897,3.9324905872344966,3.932490587234497,137200,0.0,0.0
2023-04-05 00:00:00-04:00,3.9249142757967777,3.932491504059378,3.8642978949044924,3.8794519901275635,127000,0.0,0.0
2023-04-06 00:00:00-04:00,3.871875047683716,3.894606009424111,3.856720952756078,3.871875047683716,115700,0.0,0.0
2023-04-10 00:00:00-04:00,3.849143574026897,3.9324912735186284,3.849143574026897,3.91733717918396,104900,0.0,0.0
2023-04-11 00:00:00-04:00,3.940067752349232,3.970375938036374,3.940067752349232,3.962799072265625,131600,0.0,0.0
2023-04-12 00:00:00-04:00,3.9627987706145587,3.9931069539946207,3.9249133607384588,3.932490587234497,237900,0.0,0.0
2023-04-13 00:00:00-04:00,3.9476455110620905,4.008261890599746,3.9476455110620905,3.993107795715332,77300,0.0,0.0
2023-04-14 00:00:00-04:00,3.962799357439878,3.9931075453080833,3.9476452635057755,3.9552221298217773,109200,0.0,0.0
2023-04-17 00:00:00-04:00,3.9703773474207034,4.000685905168696,3.9703773474207034,3.985531806945801,183600,0.0,0.0
2023-04-18 00:00:00-04:00,4.015839378865948,4.015839378865948,3.962799862683184,3.97037672996521,130500,0.0,0.0
2023-04-19 00:00:00-04:00,3.962800052653555,3.977954149246216,3.9552228237061433,3.977954149246216,181800,0.0,0.0
2023-04-20 00:00:00-04:00,3.9779538948565496,3.993432300321583,3.9469970839264827,3.9547364711761475,166100,0.11,0.0
2023-04-21 00:00:00-04:00,3.993432507050885,3.993432507050885,3.946997288251958,3.970215082168579,129200,0.0,0.0
2023-04-24 00:00:00-04:00,3.9779534652098842,3.985692851623641,3.954736044037125,3.962475061416626,178700,0.0,0.0
2023-04-25 00:00:00-04:00,3.9315182335481182,3.9392576199219493,3.8463868286072485,3.854126214981079,221800,0.0,0.0
2023-04-26 00:00:00-04:00,3.8463875765073325,3.8696053711090905,3.8231701509399003,3.838648557662964,109100,0.0,0.0
2023-04-27 00:00:00-04:00,3.8618658479886854,3.900562047958374,3.83090903562666,3.900562047958374,177800,0.0,0.0
2023-04-28 00:00:00-04:00,3.892822410603186,3.9469966391083346,3.885083024225734,3.9392576217651367,92000,0.0,0.0
2023-05-01 00:00:00-04:00,3.9315183478585163,3.962475156185413,3.9083009261304764,3.9160399436950684,91000,0.0,0.0
2023-05-02 00:00:00-04:00,3.9237792162085414,3.9237792162085414,3.8231694075542637,3.854126214981079,127200,0.0,0.0
2023-05-03 00:00:00-04:00,3.8618652323206564,3.900561426121303,3.8386478112676716,3.854126214981079,184400,0.0,0.0
2023-05-04 00:00:00-04:00,3.854125637079824,3.854125637079824,3.7999510476888996,3.815429449081421,188700,0.0,0.0
2023-05-05 00:00:00-04:00,3.8231692971022073,3.9005613134333768,3.8231692971022073,3.8773438930511475,208100,0.0,0.0
2023-05-08 00:00:00-04:00,3.8850826224648394,3.8928220080419527,3.8386474161048074,3.846386432647705,140800,0.0,0.0
2023-05-09 00:00:00-04:00,3.8541262149810795,3.8618652323206564,3.8386478112676716,3.854126214981079,77000,0.0,0.0
2023-05-10 00:00:00-04:00,3.89282234637855,3.9237791533091184,3.8696045566635,3.885082960128784,89100,0.0,0.0
2023-05-11 00:00:00-04:00,3.908301626235455,3.908301626235455,3.8618660363927084,3.8928232192993164,88800,0.0,0.0
2023-05-12 00:00:00-04:00,3.9083007498438342,3.9237791533091184,3.8696045566635,3.885082960128784,114800,0.0,0.0
2023-05-15 00:00:00-04:00,3.9005622382502203,3.908301626235455,3.877344812363178,3.8928232192993164,133500,0.0,0.0
2023-05-16 00:00:00-04:00,3.8773442943799195,3.8928226992482626,3.861865520477295,3.861865520477295,166200,0.0,0.0
2023-05-17 00:00:00-04:00,3.8696054243779434,3.9160406451863587,3.8618660363927084,3.8928232192993164,125300,0.0,0.0
2023-05-18 00:00:00-04:00,3.8928219977013785,3.946996220460404,3.8696042100659285,3.9083003997802734,381400,0.0,0.0
2023-05-19 00:00:00-04:00,3.923779330293925,3.9469967520219646,3.90056153953162,3.9160399436950684,145700,0.0,0.0
2023-05-22 00:00:00-04:00,3.9160403541086617,3.9547365530899006,3.9160403541086617,3.9469971656799316,215600,0.0,0.0
2023-05-23 00:00:00-04:00,3.939258440107732,3.946997459058636,3.8928232192993164,3.8928232192993164,213700,0.0,0.0
2023-05-24 00:00:00-04:00,3.877343734971055,3.8850827517715287,3.846386560666474,3.8696043491363525,129400,0.0,0.0
2023-05-25 00:00:00-04:00,3.892823029385024,3.908301435566037,3.8773446232040114,3.900562047958374,122600,0.0,0.0
2023-05-26 00:00:00-04:00,3.970214778731069,4.039867417088856,3.9624753916722666,4.001171588897705,690000,0.0,0.0
2023-05-30 00:00:00-04:00,4.05534506720311,4.05534506720311,3.9856924418123016,4.01664924621582,328100,0.0,0.0
2023-05-31 00:00:00-04:00,4.03212794956002,4.039866966721784,3.9315181432173585,3.9856927394866943,165500,0.0,0.0
2023-06-01 00:00:00-04:00,4.024389012005538,4.024389012005538,3.9624753916722666,4.001171588897705,256800,0.0,0.0
2023-06-02 00:00:00-04:00,4.032128383129116,4.063085193173409,4.01664997810697,4.039867401123047,158400,0.0,0.0
2023-06-05 00:00:00-04:00,4.047605991363525,4.070823778843371,4.032127589388366,4.047605991363525,163400,0.0,0.0
2023-06-06 00:00:00-04:00,4.01664997810697,4.063085193173409,4.001171573084824,4.039867401123047,194200,0.0,0.0
2023-06-07 00:00:00-04:00,4.055345216453134,4.1095198106702036,4.055345216453134,4.063084602355957,258800,0.0,0.0
2023-06-08 00:00:00-04:00,4.07856316343974,4.086302549642973,4.055345373864285,4.070824146270752,167800,0.0,0.0
2023-06-09 00:00:00-04:00,4.101780582793691,4.101780582793691,4.032127589388366,4.047605991363525,177100,0.0,0.0
2023-06-12 00:00:00-04:00,4.063085015649093,4.09404182434082,4.055345628959026,4.09404182434082,217100,0.0,0.0
2023-06-13 00:00:00-04:00,4.101781098489708,4.14821631025325,4.101781098489708,4.117259502410889,252400,0.0,0.0
2023-06-14 00:00:00-04:00,4.109520435333252,4.148216632660878,4.0785636250848665,4.109520435333252,239300,0.0,0.0
2023-06-15 00:00:00-04:00,4.1017814434292665,4.179173469543457,4.094042056300703,4.179173469543457,152700,0.0,0.0
2023-06-16 00:00:00-04:00,4.2333469485020725,4.2333469485020725,4.194651126861572,4.194651126861572,209900,0.0,0.0
2023-06-20 00:00:00-04:00,4.194651990111705,4.202391008418788,4.132738367517839,4.155955791473389,124700,0.0,0.0
2023-06-21 00:00:00-04:00,4.163694651245839,4.171433668572336,4.117259440184103,4.148216247558594,122900,0.0,0.0
2023-06-22 00:00:00-04:00,4.15595526488509,4.15595526488509,4.140476861197844,4.148216247558594,92100,0.0,0.0
2023-06-23 00:00:00-04:00,4.132738433791177,4.148216839687858,4.109520640429003,4.124999046325684,94900,0.0,0.0
2023-06-26 00:00:00-04:00,4.101780891418457,4.140476714750788,4.101780891418457,4.101780891418457,168200,0.0,0.0
2023-06-27 00:00:00-04:00,4.101781621997815,4.148216839687858,4.070824810204453,4.124999046325684,272300,0.0,0.0
2023-06-28 00:00:00-04:00,4.117259961869372,4.155955791473389,4.1095205745279895,4.155955791473389,91100,0.0,0.0
2023-06-29 00:00:00-04:00,4.163694907825264,4.171433925628662,4.140477116346519,4.171433925628662,124700,0.0,0.0
2023-06-30 00:00:00-04:00,4.179173518436279,4.210130329244125,4.171434131217171,4.186912536621094,154200,0.0,0.0
2023-07-03 00:00:00-04:00,4.186912536621094,4.217869347428938,4.179173518436279,4.186912536621094,169900,0.0,0.0
2023-07-05 00:00:00-04:00,4.179173469543457,4.194651874766295,4.171434082414893,4.179173469543457,122000,0.0,0.0
2023-07-06 00:00:00-04:00,4.163694442387807,4.163694442387807,4.094041444771989,4.132737636566162,150500,0.0,0.0
2023-07-07 00:00:00-04:00,4.11725923365534,4.155955056415278,4.11725923365534,4.132737636566162,167600,0.0,0.0
2023-07-10 00:00:00-04:00,4.11725989682059,4.186912536621094,4.11725989682059,4.186912536621094,122500,0.0,0.0
2023-07-11 00:00:00-04:00,4.202390700160584,4.272043704986572,4.194651682421181,4.272043704986572,275700,0.0,0.0
2023-07-12 00:00:00-04:00,4.295261703125394,4.310740108383885,4.279783297866904,4.287522315979004,159000,0.0,0.0
2023-07-13 00:00:00-04:00,4.310739567149123,4.326217970464223,4.303000180974451,4.318478584289551,102700,0.0,0.0
2023-07-14 00:00:00-04:00,4.333956937398482,4.3649137436700665,4.303000131126898,4.310739517211914,157500,0.0,0.0
2023-07-17 00:00:00-04:00,4.310740182448485,4.364914417266846,4.310740182448485,4.364914417266846,161200,0.0,0.0
2023-07-18 00:00:00-04:00,4.349436215758346,4.395871434509743,4.349436215758346,4.380393028259277,256400,0.0,0.0
2023-07-19 00:00:00-04:00,4.372653484344482,4.419088697517407,4.372653484344482,4.372653484344482,224200,0.0,0.0
2023-07-20 00:00:00-04:00,4.3805466578294645,4.388439338711091,4.3331890670929685,4.34897518157959,196300,0.11,0.0
2023-07-21 00:00:00-04:00,4.42001077040135,4.42001077040135,4.34108208057237,4.364760875701904,243500,0.0,0.0
2023-07-24 00:00:00-04:00,4.364759902197372,4.364759902197372,4.325295377904106,4.333188056945801,249600,0.0,0.0
2023-07-25 00:00:00-04:00,4.333189038907883,4.356867834122113,4.309510620055335,4.3410820960998535,124000,0.0,0.0
2023-07-26 00:00:00-04:00,4.341081112349093,4.341081112349093,4.301616588055826,4.333188056945801,167800,0.0,0.0
2023-07-27 00:00:00-04:00,4.348974774365049,4.356867454507648,4.27004571476917,4.285831451416016,344400,0.0,0.0
2023-07-28 00:00:00-04:00,4.3016171880628615,4.309510244567109,4.27004571476917,4.285831451416016,211600,0.0,0.0
2023-07-31 00:00:00-04:00,4.285831840339118,4.325296373718316,4.2779391594802885,4.317403316497803,183900,0.0,0.0
2023-08-01 00:00:00-04:00,4.317402911135851,4.325295967615283,4.285831437941419,4.309510231018066,131400,0.0,0.0
2023-08-02 00:00:00-04:00,4.270045886774937,4.277938943597132,4.214795994466226,4.222688674926758,194900,0.0,0.0
2023-08-03 00:00:00-04:00,4.214796081274742,4.230581818882594,4.1753315490742775,4.191117286682129,362000,0.0,0.0
2023-08-04 00:00:00-04:00,4.191116893856912,4.2147956862301585,4.151652741717017,4.159545421600342,295600,0.0,0.0
2023-08-07 00:00:00-04:00,4.167438868451188,4.191117286682129,4.159545811466426,4.191117286682129,276100,0.0,0.0
2023-08-08 00:00:00-04:00,4.151652741717017,4.159545421600342,4.096402477087201,4.159545421600342,291200,0.0,0.0
2023-08-09 00:00:00-04:00,4.143759301763656,4.151652357277727,4.104294776916504,4.104294776916504,483400,0.0,0.0
2023-08-10 00:00:00-04:00,4.135867191148538,4.191117463284958,4.104295714602495,4.127974510192871,130600,0.0,0.0
2023-08-11 00:00:00-04:00,4.0964020977640345,4.127973567097116,4.0964020977640345,4.104294776916504,121800,0.0,0.0
2023-08-14 00:00:00-04:00,4.112188254901412,4.143759727478027,4.08850946228813,4.143759727478027,129200,0.0,0.0
2023-08-15 00:00:00-04:00,4.143759301763656,4.151652357277727,4.0964020977640345,4.104294776916504,131500,0.0,0.0
2023-08-16 00:00:00-04:00,4.10429536821911,4.112188424870327,4.064831214047991,4.0806169509887695,219900,0.0,0.0
2023-08-17 00:00:00-04:00,4.135866973823998,4.135866973823998,4.033259868621826,4.033259868621826,286700,0.0,0.0
2023-08-18 00:00:00-04:00,4.025366740101718,4.049045534026578,4.009581002939031,4.041152477264404,175000,0.0,0.0
2023-08-21 00:00:00-04:00,4.064830780029297,4.088509194731396,4.0095805184550395,4.064830780029297,201800,0.0,0.0
2023-08-22 00:00:00-04:00,4.096402818395984,4.120081236380459,4.0253668117192225,4.033259868621826,151900,0.0,0.0
2023-08-23 00:00:00-04:00,4.088509042249964,4.104294776916504,4.049044893764414,4.104294776916504,188500,0.0,0.0
2023-08-24 00:00:00-04:00,4.120081603626319,4.135867342476929,4.049045966979423,4.056938648223877,206700,0.0,0.0
2023-08-25 00:00:00-04:00,4.0727233075834235,4.104294776916504,4.049044893764414,4.104294776916504,111700,0.0,0.0
2023-08-28 00:00:00-04:00,4.096402602621359,4.1279740758454375,4.096402602621359,4.112188339233398,152500,0.0,0.0
2023-08-29 00:00:00-04:00,4.120081393419887,4.191117402804229,4.112188712578117,4.167438983917236,238300,0.0,0.0
2023-08-30 00:00:00-04:00,4.159545926713784,4.206903140849452,4.159545926713784,4.167438983917236,214600,0.0,0.0
2023-08-31 00:00:00-04:00,4.183224171888209,4.2069025876616015,4.167438435918736,4.175331115722656,154400,0.0,0.0
2023-09-01 00:00:00-04:00,4.167438983917236,4.206903140849452,4.167438983917236,4.167438983917236,102800,0.0,0.0
2023-09-05 00:00:00-04:00,4.151653233194148,4.175331652008834,4.088509904844396,4.135867118835449,185400,0.0,0.0
2023-09-06 00:00:00-04:00,4.127973567097116,4.151652357277727,4.088509042249964,4.104294776916504,139500,0.0,0.0
2023-09-07 00:00:00-04:00,4.072723865509033,4.088509602338074,4.06483118527534,4.072723865509033,136700,0.0,0.0
2023-09-08 00:00:00-04:00,4.056938648223877,4.096403183531254,4.056938648223877,4.056938648223877,146100,0.0,0.0
2023-09-11 00:00:00-04:00,4.056938286606301,4.07272402404984,4.033259868621826,4.033259868621826,215800,0.0,0.0
2023-09-12 00:00:00-04:00,4.009581638866663,4.056938857865672,3.9937958992003266,4.0016889572143555,365000,0.0,0.0
2023-09-13 00:00:00-04:00,3.985902562020367,4.001688299090557,3.962223768234253,3.962223768234253,389800,0.0,0.0
2023-09-14 00:00:00-04:00,3.993794905871332,4.0174736976623535,3.9780091701311937,4.0174736976623535,178100,0.0,0.0
2023-09-15 00:00:00-04:00,4.017474351243188,4.025367032216461,3.9385452833403316,3.954331398010254,242700,0.0,0.0
2023-09-18 00:00:00-04:00,3.9543310878799875,3.9701168249501775,3.9543310878799875,3.962223768234253,149900,0.0,0.0
2023-09-19 00:00:00-04:00,3.9701168249501775,3.985902562020367,3.946438031164063,3.962223768234253,126100,0.0,0.0
2023-09-20 00:00:00-04:00,3.9701168681557424,3.9859026053977233,3.9464380741119385,3.9464380741119385,175100,0.0,0.0
2023-09-21 00:00:00-04:00,3.906973447437511,3.9227591842940837,3.8754019737243652,3.8754019737243652,111300,0.0,0.0
2023-09-22 00:00:00-04:00,3.8832953416223397,3.9227594987464314,3.867509603500366,3.867509603500366,161600,0.0,0.0
2023-09-25 00:00:00-04:00,3.8675090432374604,3.899080514907837,3.859615987139051,3.899080514907837,125000,0.0,0.0
2023-09-26 00:00:00-04:00,3.8832950733299123,3.8832950733299123,3.8359378622358475,3.859616279602051,124700,0.0,0.0
2023-09-27 00:00:00-04:00,3.875402240470284,3.8911879784133974,3.851723821736454,3.8832952976226807,102700,0.0,0.0
2023-09-28 00:00:00-04:00,3.867509014034922,3.9148662211829057,3.8596159579961116,3.8911874294281006,62300,0.0,0.0
2023-09-29 00:00:00-04:00,3.930651986578214,3.930651986578214,3.8754017229742397,3.899080514907837,83000,0.0,0.0
2023-10-02 00:00:00-04:00,3.8911874294281006,3.899080485466911,3.875401693712106,3.8911874294281006,78700,0.0,0.0
2023-10-03 00:00:00-04:00,3.8754018621450683,3.8832949185269277,3.8201519729186266,3.8280446529388428,118200,0.0,0.0
2023-10-04 00:00:00-04:00,3.8201524931103465,3.8438309127569377,3.7806879585504354,3.8122594356536865,150000,0.0,0.0
2023-10-05 00:00:00-04:00,3.8043666325154377,3.82015237056066,3.7806878372667625,3.788580894470215,111900,0.0,0.0
2023-10-06 00:00:00-04:00,3.7806881773650627,3.843831135226086,3.772795495813293,3.8359384536743164,110000,0.0,0.0
2023-10-09 00:00:00-04:00,3.8201521252044923,3.859616279602051,3.8043663881731375,3.859616279602051,82500,0.0,0.0
2023-10-10 00:00:00-04:00,3.8280447631546464,3.8990807671900516,3.8280447631546464,3.8754019737243652,139700,0.0,0.0
2023-10-11 00:00:00-04:00,3.891187862913021,3.9069736003875732,3.859616387963916,3.9069736003875732,115800,0.0,0.0
2023-10-12 00:00:00-04:00,3.899079886504877,3.9069725649696174,3.8201512200496306,3.84382963180542,210700,0.0,0.0
2023-10-13 00:00:00-04:00,3.851723846651105,3.859616527492875,3.7885808944702153,3.788580894470215,161700,0.0,0.0
2023-10-16 00:00:00-04:00,3.7964734021405255,3.875402088766403,3.7964734021405255,3.8517236709594727,176900,0.0,0.0
2023-10-17 00:00:00-04:00,3.8438305425706956,3.8832950733299123,3.8359378622358475,3.859616279602051,190800,0.0,0.0
2023-10-18 00:00:00-04:00,3.843830233562622,3.851723289624601,3.7806872905133058,3.7964730262756348,186400,0.0,0.0
2023-10-19 00:00:00-04:00,3.788580954666797,3.8122593739300146,3.7412233634169847,3.7491164207458496,171600,0.0,0.0
2023-10-20 00:00:00-04:00,3.741222986174924,3.741222986174924,3.685973095890685,3.6938657760620117,147400,0.0,0.0
2023-10-23 00:00:00-04:00,3.678080348641321,3.7175448819014134,3.662294610609621,3.6859734058380127,122700,0.0,0.0
2023-10-24 00:00:00-04:00,3.717544456470719,3.7333301926959215,3.630722719051287,3.6465084552764893,595400,0.0,0.0
2023-10-25 00:00:00-04:00,3.654402215649111,3.6622948971015448,3.559687780049642,3.567580461502075,194900,0.0,0.0
2023-10-26 00:00:00-04:00,3.5596871084489976,3.607044317313921,3.5281152595107415,3.5517940521240234,329800,0.0,0.0
2023-10-27 00:00:00-04:00,3.5754728873739032,3.583365567431355,3.528115301582612,3.536008358001709,155300,0.0,0.0
2023-10-30 00:00:00-04:00,3.567579692134142,3.607044219970703,3.567579692134142,3.607044219970703,170100,0.0,0.0
2023-10-31 00:00:00-04:00,3.6149369828260847,3.65440151156991,3.607044302894303,3.6465084552764893,87300,0.0,0.0
2023-11-01 00:00:00-04:00,3.6544016224820766,3.701758832594989,3.630722829244795,3.6938657760620117,173700,0.0,0.0
2023-11-02 00:00:00-04:00,3.733329644161236,3.8122583136903305,3.733329644161236,3.804365634918213,199500,0.0,0.0
2023-11-03 00:00:00-04:00,3.8438306141160523,3.8911878260915786,3.8280448767908766,3.8517236709594727,234900,0.0,0.0
2023-11-06 00:00:00-05:00,3.8911874408496097,3.8911874408496097,3.772794610812955,3.7964730262756348,111600,0.0,0.0
2023-11-07 00:00:00-05:00,3.804366458983946,3.875402088766403,3.7806876648153502,3.8517236709594727,206100,0.0,0.0
2023-11-08 00:00:00-05:00,3.8438297815019684,3.8438297815019684,3.7964725797845116,3.804365634918213,146600,0.0,0.0
2023-11-09 00:00:00-05:00,3.78858116759614,3.8043669067793857,3.7412235736846924,3.7412235736846924,179600,0.0,0.0
2023-11-10 00:00:00-05:00,3.7570095389038443,3.8201524931103465,3.7570095389038443,3.8122594356536865,173800,0.0,0.0
2023-11-13 00:00:00-05:00,3.8122596562955744,3.843831135226086,3.8043669747438047,3.8359384536743164,94200,0.0,0.0
2023-11-14 00:00:00-05:00,3.875401875788451,3.946437878028694,3.875401875788451,3.930652141571045,201000,0.0,0.0
2023-11-15 00:00:00-05:00,3.946438417469806,4.009581371931452,3.9385453599812523,3.99379563331604,228000,0.0,0.0
2023-11-16 00:00:00-05:00,3.9937959239803558,3.9937959239803558,3.9213277304725564,3.945483922958374,140900,0.1,0.0
2023-11-17 00:00:00-05:00,3.945483668164523,3.9696394751407387,3.9374314765393654,3.96158766746521,130500,0.0,0.0
2023-11-20 00:00:00-05:00,3.9374315241577094,3.993795714366582,3.9374315241577094,3.985743522644043,117400,0.0,0.0
2023-11-21 00:00:00-05:00,3.9696394751407387,3.993795666066583,3.945483668164523,3.96158766746521,141100,0.0,0.0
2023-11-22 00:00:00-05:00,3.961587715375693,3.993795714366582,3.961587715375693,3.985743522644043,123200,0.0,0.0
2023-11-24 00:00:00-05:00,3.985743441756913,4.001847440925541,3.977691634147412,3.99379563331604,59600,0.0,0.0
2023-11-27 00:00:00-05:00,3.977691634147412,4.001847440925541,3.977691634147412,3.99379563331604,120500,0.0,0.0
2023-11-28 00:00:00-05:00,4.001847645622092,4.03405602955645,3.9696396456373804,4.026003837585449,432400,0.0,0.0
2023-11-29 00:00:00-05:00,4.050159708554907,4.074315514654159,4.00989951979,4.034055709838867,155700,0.0,0.0
2023-11-30 00:00:00-05:00,4.058211581066772,4.058211581066772,4.009899584143312,4.042107582092285,184200,0.0,0.0
2023-12-01 00:00:00-05:00,4.009900175817918,4.090420182571354,4.009900175817918,4.08236837387085,323000,0.0,0.0
2023-12-04 00:00:00-05:00,4.042106853689477,4.074314845834449,4.03405504762801,4.058210849761963,245200,0.0,0.0
2023-12-05 00:00:00-05:00,4.0340553930587495,4.058211197261131,4.001847014206265,4.017951011657715,365000,0.0,0.0
2023-12-06 00:00:00-05:00,4.017950946023701,4.050159324350055,4.001846948835314,4.009899139404297,169300,0.0,0.0
2023-12-07 00:00:00-05:00,4.009899936156962,4.026003936545156,3.9776919353805726,4.001847743988037,645300,0.0,0.0
2023-12-08 00:00:00-05:00,3.993795207455333,4.017951011657715,3.9776912100038837,4.017951011657715,277500,0.0,0.0
2023-12-11 00:00:00-05:00,4.017951327173212,4.04210751722208,3.993795521073961,4.034055709838867,458200,0.0,0.0
2023-12-12 00:00:00-05:00,4.034055774579852,4.074315580041258,4.017951391655745,4.042107582092285,324600,0.0,0.0
2023-12-13 00:00:00-05:00,4.034055896989969,4.162887892695161,4.034055896989969,4.1548357009887695,325700,0.0,0.0
2023-12-14 00:00:00-05:00,4.203147315977774,4.243407502938031,4.187043317983591,4.227303504943848,249300,0.0,0.0
2023-12-15 00:00:00-05:00,4.19509579367333,4.219251600329241,4.1709396030677945,4.178991794586182,173600,0.0,0.0
2023-12-18 00:00:00-05:00,4.170939635058436,4.235356015850721,4.170939635058436,4.21925163269043,262300,0.0,0.0
2023-12-19 00:00:00-05:00,4.235355414961507,4.2836674057392585,4.235355414961507,4.275615215301514,321500,0.0,0.0
2023-12-20 00:00:00-05:00,4.259511757327635,4.291719755254717,4.211199760437012,4.211199760437012,233300,0.0,0.0
2023-12-21 00:00:00-05:00,4.21925175644945,4.259511947631836,4.21925175644945,4.259511947631836,171600,0.0,0.0
2023-12-22 00:00:00-05:00,4.267564041914273,4.315876039859198,4.259511850281971,4.283668041229248,218000,0.0,0.0
2023-12-26 00:00:00-05:00,4.275615409523985,4.340031400153789,4.275615409523985,4.323927402496338,145100,0.0,0.0
2023-12-27 00:00:00-05:00,4.315876483917236,4.348084485861048,4.307824291456448,4.315876483917236,162200,0.0,0.0
2023-12-28 00:00:00-05:00,4.3078234344135184,4.323927432181529,4.283667629736299,4.291719436645508,289000,0.0,0.0
2023-12-29 00:00:00-05:00,4.275615882562309,4.291719882001447,4.211199884805756,4.251460075378418,503600,0.0,0.0
2024-01-02 00:00:00-05:00,4.235355244929155,4.24340705109408,4.178991065976453,4.195095062255859,243100,0.0,0.0
2024-01-03 00:00:00-05:00,4.17899144232955,4.195095440059257,4.114575451410724,4.122627258300781,360400,0.0,0.0
2024-01-04 00:00:00-05:00,4.098471863544352,4.138731669919961,4.082367864204182,4.1145758628845215,203200,0.0,0.0
2024-01-05 00:00:00-05:00,4.106523260571075,4.1548352537601945,4.090419262841368,4.122627258300781,184400,0.0,0.0
2024-01-08 00:00:00-05:00,4.114575080858825,4.2031468684207836,4.114575080858825,4.195095062255859,244300,0.0,0.0
2024-01-09 00:00:00-05:00,4.162887859810511,4.219251665511471,4.162887859810511,4.1870436668396,360800,0.0,0.0
2024-01-10 00:00:00-05:00,4.1870436342691,4.235356015850721,4.1870436342691,4.21925163269043,370300,0.0,0.0
2024-01-11 00:00:00-05:00,4.22730366276192,4.251459852629818,4.195095665571132,4.235355854034424,256600,0.0,0.0
2024-01-12 00:00:00-05:00,4.251459852629818,4.283667849820606,4.211199664166526,4.235355854034424,248900,0.0,0.0
2024-01-16 00:00:00-05:00,4.227303759400552,4.235355950857134,4.19509576147347,4.211199760437012,282300,0.0,0.0
2024-01-17 00:00:00-05:00,4.187043443974368,4.195095635188554,4.146783639752266,4.1709394454956055,355200,0.0,0.0
2024-01-18 00:00:00-05:00,4.1791666633506965,4.2120734565833855,4.1791666633506965,4.195620059967041,421800,0.11,0.0
2024-01-19 00:00:00-05:00,4.220299138775123,4.25320592255553,4.187392354994716,4.228525638580322,273600,0.0,0.0
2024-01-22 00:00:00-05:00,4.2449800756407,4.302567157575014,4.2449800756407,4.277886867523193,223200,0.0,0.0
2024-01-23 00:00:00-05:00,4.310793050446812,4.310793050446812,4.261432869595877,4.294339656829834,191900,0.0,0.0
2024-01-24 00:00:00-05:00,4.327246943376307,4.327246943376307,4.277886369024612,4.286113262176514,294500,0.0,0.0
2024-01-25 00:00:00-05:00,4.319019943395225,4.319019943395225,4.26965976254429,4.294339656829834,322100,0.0,0.0
2024-01-26 00:00:00-05:00,4.286113390549455,4.310793286184631,4.269659996032715,4.269659996032715,364600,0.0,0.0
2024-01-29 00:00:00-05:00,4.286113570531575,4.368380546569824,4.286113570531575,4.368380546569824,318900,0.0,0.0
2024-01-30 00:00:00-05:00,4.37660706889067,4.37660706889067,4.3519267820337575,4.360153675079346,256600,0.0,0.0
2024-01-31 00:00:00-05:00,4.335473795874248,4.368380586591026,4.302567005157471,4.302567005157471,293600,0.0,0.0
2024-02-01 00:00:00-05:00,4.294340199351465,4.368380676121629,4.294340199351465,4.351927280426025,236100,0.0,0.0
2024-02-02 00:00:00-05:00,4.3519267820337575,4.37660706889067,4.335473388222433,4.360153675079346,359500,0.0,0.0
2024-02-05 00:00:00-05:00,4.327246708383908,4.343700101514348,4.294339529843192,4.310792922973633,228400,0.0,0.0
2024-02-06 00:00:00-05:00,4.310793101365521,4.368380175845083,4.310793101365521,4.360153675079346,112500,0.0,0.0
2024-02-07 00:00:00-05:00,4.384834159669325,4.417740951719835,4.360154261771395,4.40128755569458,356800,0.0,0.0
2024-02-08 00:00:00-05:00,4.401287404001644,4.442421088787036,4.3930609024125005,4.425967693328857,309600,0.0,0.0
2024-02-09 00:00:00-05:00,4.442420703696417,4.483553992636285,4.4259673096644985,4.475327491760254,280100,0.0,0.0
2024-02-12 00:00:00-05:00,4.4753273857324425,4.500007280055685,4.458873992090332,4.483553886413574,605800,0.0,0.0
2024-02-13 00:00:00-05:00,4.4095145804596605,4.425967976972275,4.368380893038167,4.384834289550781,264700,0.0,0.0
2024-02-14 00:00:00-05:00,4.442420482635498,4.450646983102167,4.409513696209148,4.442420482635498,197800,0.0,0.0
2024-02-15 00:00:00-05:00,4.450647204572448,4.475327491760254,4.434193810540529,4.475327491760254,209400,0.0,0.0
2024-02-16 00:00:00-05:00,4.425967693328857,4.458874484245214,4.417740799459823,4.425967693328857,291400,0.0,0.0
2024-02-20 00:00:00-05:00,4.401287686063395,4.401287686063395,4.376607787434432,4.384834289550781,200900,0.0,0.0
2024-02-21 00:00:00-05:00,4.384833919482357,4.393060813184294,4.351927129234375,4.376607418060303,553400,0.0,0.0
2024-02-22 00:00:00-05:00,4.417740929015455,4.458874615007143,4.409514427185059,4.409514427185059,417400,0.0,0.0
2024-02-23 00:00:00-05:00,4.442420482635498,4.458873875848673,4.417740196675816,4.442420482635498,343800,0.0,0.0
2024-02-26 00:00:00-05:00,4.450647332224606,4.467100726728436,4.442420831112625,4.458874225616455,222300,0.0,0.0
2024-02-27 00:00:00-05:00,4.458874225616455,4.475327620120285,4.417740543216946,4.458874225616455,171600,0.0,0.0
2024-02-28 00:00:00-05:00,4.45887389722301,4.45887389722301,4.417740217852972,4.4341936111450195,396600,0.0,0.0
2024-02-29 00:00:00-05:00,4.4670997915108615,4.475326683180355,4.425966510002752,4.45064640045166,400200,0.0,0.0
2024-03-01 00:00:00-05:00,4.458874810714496,4.5000081062316895,4.425968017388774,4.5000081062316895,999300,0.0,0.0
2024-03-04 00:00:00-05:00,4.500007515736096,4.516460910239926,4.434193937720776,4.458874225616455,822300,0.0,0.0
2024-03-05 00:00:00-05:00,4.458874637922923,4.458874637922923,4.384834159669325,4.40128755569458,377800,0.0,0.0
2024-03-06 00:00:00-05:00,4.442419901061953,4.45064640045166,4.401286227274057,4.45064640045166,854300,0.0,0.0
2024-03-07 00:00:00-05:00,4.450647550325971,4.516461131566446,4.450647550325971,4.491781234741211,386800,0.0,0.0
2024-03-08 00:00:00-05:00,4.524688025361449,4.557594815981687,4.475327839431093,4.491781234741211,347600,0.0,0.0
2024-03-11 00:00:00-04:00,4.483554121232266,4.500007515736096,4.450647332224606,4.458874225616455,244400,0.0,0.0
2024-03-12 00:00:00-04:00,4.50823500070308,4.50823500070308,4.458874810714496,4.5000081062316895,227800,0.0,0.0
2024-03-13 00:00:00-04:00,4.483553886413574,4.524687566658775,4.483553886413574,4.483553886413574,265400,0.0,0.0
2024-03-14 00:00:00-04:00,4.483553791021161,4.508234077099152,4.425967110638916,4.4341936111450195,290700,0.0,0.0
2024-03-15 00:00:00-04:00,4.417740799459823,4.442421088787036,4.409514297870679,4.425967693328857,124800,0.0,0.0
2024-03-18 00:00:00-04:00,4.442419901061953,4.458873292121154,4.425966510002752,4.45064640045166,138600,0.0,0.0
2024-03-19 00:00:00-04:00,4.450647004437067,4.450647004437067,4.417740217852972,4.4341936111450195,375100,0.0,0.0
2024-03-20 00:00:00-04:00,4.4259673096644985,4.483553992636285,4.417740416508611,4.475327491760254,329800,0.0,0.0
2024-03-21 00:00:00-04:00,4.500007736256327,4.516461131566446,4.467100945636089,4.491781234741211,416300,0.0,0.0
2024-03-22 00:00:00-04:00,4.508234279824091,4.508234279824091,4.458874097728335,4.475327491760254,217500,0.0,0.0
2024-03-25 00:00:00-04:00,4.458874119353846,4.483554014381492,4.458874119353846,4.467100620269775,175600,0.0,0.0
2024-03-26 00:00:00-04:00,4.475327491760254,4.508234279824091,4.475327491760254,4.475327491760254,162200,0.0,0.0
2024-03-27 00:00:00-04:00,4.4917815811431785,4.516461479871704,4.47532818456419,4.508234977722168,184800,0.0,0.0
2024-03-28 00:00:00-04:00,4.5246877889034,4.5411411833536715,4.508234394453127,4.51646089553833,521700,0.0,0.0
2024-04-01 00:00:00-04:00,4.541141794028802,4.541141794028802,4.483554709568828,4.5000081062316895,197200,0.0,0.0
2024-04-02 00:00:00-04:00,4.467100397729114,4.467100397729114,4.401286824560925,4.4341936111450195,342600,0.0,0.0
2024-04-03 00:00:00-04:00,4.425967436608795,4.483554121232266,4.425967436608795,4.458874225616455,191300,0.0,0.0
2024-04-04 00:00:00-04:00,4.4835544040044795,4.524688088998239,4.417740821838379,4.417740821838379,195900,0.0,0.0
2024-04-05 00:00:00-04:00,4.434193009392459,4.4670997915108615,4.409513118943551,4.45064640045166,141300,0.0,0.0
2024-04-08 00:00:00-04:00,4.467100492771464,4.483553886413574,4.442420598448221,4.483553886413574,118900,0.0,0.0
2024-04-09 00:00:00-04:00,4.491780885792172,4.508234279824091,4.458874097728335,4.475327491760254,248900,0.0,0.0
2024-04-10 00:00:00-04:00,4.467100985834358,4.467100985834358,4.417740799459823,4.425967693328857,341400,0.0,0.0
2024-04-11 00:00:00-04:00,4.425967436608795,4.467100726728436,4.417740543216946,4.458874225616455,171100,0.0,0.0
2024-04-12 00:00:00-04:00,4.425967625936542,4.434194127400424,4.343700649898292,4.368380546569824,164100,0.0,0.0
2024-04-15 00:00:00-04:00,4.376607125448147,4.401287020344138,4.277886369024612,4.286113262176514,210800,0.0,0.0
2024-04-16 00:00:00-04:00,4.261433124542236,4.294339913744889,4.253206623381509,4.261433124542236,301600,0.0,0.0
2024-04-17 00:00:00-04:00,4.277886626268996,4.327247203588917,4.244979836242302,4.253206729888916,256300,0.0,0.0
2024-04-18 00:00:00-04:00,4.270051190797942,4.286895557559218,4.227940073094062,4.236362457275391,191500,0.12,0.0
2024-04-19 00:00:00-04:00,4.236362561500755,4.253206928676446,4.185829058372292,4.211095809936523,199000,0.0,0.0
2024-04-22 00:00:00-04:00,4.219517904446961,4.278472984711006,4.219517904446961,4.270051002502441,168200,0.0,0.0
2024-04-23 00:00:00-04:00,4.295316898114128,4.345849990844727,4.286894916793022,4.345849990844727,228400,0.0,0.0
2024-04-24 00:00:00-04:00,4.36269492797929,4.36269492797929,4.312161828612894,4.329006195068359,89400,0.0,0.0
2024-04-25 00:00:00-04:00,4.295317257141029,4.295317257141029,4.236362178161526,4.286895275115967,149100,0.0,0.0
2024-04-26 00:00:00-04:00,4.295317452944672,4.345850552202682,4.295317452944672,4.337428569793701,224800,0.0,0.0
2024-04-29 00:00:00-04:00,4.36269491862202,4.36269491862202,4.320584203374364,4.337428569793701,210300,0.0,0.0
2024-04-30 00:00:00-04:00,4.34585035409547,4.34585035409547,4.278472891489549,4.286895275115967,193000,0.0,0.0
2024-05-01 00:00:00-04:00,4.278472984711006,4.329006082766487,4.24478425267402,4.270051002502441,235000,0.0,0.0
2024-05-02 00:00:00-04:00,4.320583820343018,4.329005802005368,4.253206360638862,4.320583820343018,101600,0.0,0.0
2024-05-03 00:00:00-04:00,4.371116738010687,4.371116738010687,4.329005626601194,4.345849990844727,131100,0.0,0.0
2024-05-06 00:00:00-04:00,4.35427313013242,4.3963838472554935,4.35427313013242,4.3879618644714355,237200,0.0,0.0
2024-05-07 00:00:00-04:00,4.421650513426666,4.421650513426666,4.387961779738193,4.396383762359619,322200,0.0,0.0
2024-05-08 00:00:00-04:00,4.4132282144250015,4.4132282144250015,4.3795394800859855,4.3879618644714355,420600,0.0,0.0
2024-05-09 00:00:00-04:00,4.413228491432781,4.430073261260986,4.396384123205992,4.430073261260986,469700,0.0,0.0
2024-05-10 00:00:00-04:00,4.446916689066499,4.446916689066499,4.404805576604357,4.413227558135986,143900,0.0,0.0
2024-05-13 00:00:00-04:00,4.446917629487775,4.446917629487775,4.413228491432781,4.430073261260986,185900,0.0,0.0
2024-05-14 00:00:00-04:00,4.45533903926588,4.45533903926588,4.430072690978935,4.4469170570373535,105200,0.0,0.0
2024-05-15 00:00:00-04:00,4.455339233928443,4.497450351715088,4.455339233928443,4.497450351715088,259700,0.0,0.0
2024-05-16 00:00:00-04:00,4.497449976422929,4.497449976422929,4.4637612456453395,4.4721832275390625,204600,0.0,0.0
2024-05-17 00:00:00-04:00,4.46376143225215,4.489027780590923,4.4300727000662095,4.438494682312012,158800,0.0,0.0
2024-05-20 00:00:00-04:00,4.421650223446435,4.4806057043355425,4.421650223446435,4.455338954925537,276900,0.0,0.0
2024-05-21 00:00:00-04:00,4.4721836947266445,4.4806060791015625,4.4553393275782,4.4806060791015625,169800,0.0,0.0
2024-05-22 00:00:00-04:00,4.489027677408894,4.497450061062471,4.446916963945083,4.463761329650879,151500,0.0,0.0
2024-05-23 00:00:00-04:00,4.497450259520043,4.497450259520043,4.404806043249404,4.421650409698486,151800,0.0,0.0
2024-05-24 00:00:00-04:00,4.430072690978935,4.472183405324298,4.430072690978935,4.4469170570373535,128200,0.0,0.0
2024-05-28 00:00:00-04:00,4.4553396128004605,4.47218398102725,4.413228491432781,4.430073261260986,155200,0.0,0.0
2024-05-29 00:00:00-04:00,4.4216505988104515,4.4216505988104515,4.3795394800859855,4.3879618644714355,138000,0.0,0.0
2024-05-30 00:00:00-04:00,4.396383471757046,4.404805855423134,4.35427275823068,4.36269474029541,201300,0.0,0.0
2024-05-31 00:00:00-04:00,4.379539386072393,4.404806137084961,4.33742866985329,4.404806137084961,225200,0.0,0.0
2024-06-03 00:00:00-04:00,4.413228224159417,4.4216506085634455,4.345850755332769,4.379539489746094,195900,0.0,0.0
2024-06-04 00:00:00-04:00,4.387961874150121,4.396383856952756,4.354273139736796,4.379539489746094,188500,0.0,0.0
2024-06-05 00:00:00-04:00,4.387961584033101,4.438494682312012,4.371117217940131,4.438494682312012,183600,0.0,0.0
2024-06-06 00:00:00-04:00,4.446917160172797,4.446917160172797,4.413228025673258,4.421650409698486,129900,0.0,0.0
2024-06-07 00:00:00-04:00,4.404806241356783,4.413228224159417,4.371117506943459,4.379539489746094,173900,0.0,0.0
2024-06-10 00:00:00-04:00,4.3626951129164775,4.3963838472554935,4.3626951129164775,4.3879618644714355,115200,0.0,0.0
2024-06-11 00:00:00-04:00,4.387961779738193,4.396383762359619,4.35427304604972,4.396383762359619,136000,0.0,0.0
2024-06-12 00:00:00-04:00,4.430072793723714,4.463761526621878,4.413228025673258,4.421650409698486,227000,0.0,0.0
2024-06-13 00:00:00-04:00,4.438494776147569,4.446917160172797,4.387961676800322,4.421650409698486,100800,0.0,0.0
2024-06-14 00:00:00-04:00,4.413227347030045,4.413227347030045,4.3626942554535155,4.371116638183594,198700,0.0,0.0
2024-06-17 00:00:00-04:00,4.354273036661208,4.413228119688228,4.354273036661208,4.404806137084961,241900,0.0,0.0
2024-06-18 00:00:00-04:00,4.3879618644714355,4.4216505988104515,4.3879618644714355,4.3879618644714355,171700,0.0,0.0
2024-06-20 00:00:00-04:00,4.421650513426666,4.421650513426666,4.3795393955153825,4.396383762359619,199800,0.0,0.0
2024-06-21 00:00:00-04:00,4.3795393955153825,4.4048061465824295,4.371117412893956,4.396383762359619,158500,0.0,0.0
2024-06-24 00:00:00-04:00,4.421650876346884,4.446917629487775,4.413228491432781,4.430073261260986,220900,0.0,0.0
2024-06-25 00:00:00-04:00,4.45533903926588,4.45533903926588,4.413227923319152,4.4469170570373535,134400,0.0,0.0
2024-06-26 00:00:00-04:00,4.430072690978935,4.4469170570373535,4.413227923319152,4.4469170570373535,133900,0.0,0.0
2024-06-27 00:00:00-04:00,4.4637612456453395,4.4721832275390625,4.446916880256546,4.4721832275390625,155600,0.0,0.0
2024-06-28 00:00:00-04:00,4.472183600722825,4.522716701105969,4.463761618126325,4.497450351715088,122700,0.0,0.0
2024-07-01 00:00:00-04:00,4.505872429023533,4.514294813398451,4.463761711953118,4.4806060791015625,160400,0.0,0.0
2024-07-02 00:00:00-04:00,4.480606374850715,4.522717094700712,4.480606374850715,4.50587272644043,206700,0.0,0.0
2024-07-03 00:00:00-04:00,4.505872156088668,4.522716522216797,4.505872156088668,4.522716522216797,92600,0.0,0.0
2024-07-05 00:00:00-04:00,4.522716989045202,4.547983741646076,4.514295005912516,4.531139373779297,310600,0.0,0.0
2024-07-08 00:00:00-04:00,4.531138328736639,4.547982692718506,4.514293964754772,4.547982692718506,260200,0.0,0.0
2024-07-09 00:00:00-04:00,4.547983741646076,4.547983741646076,4.522716989045202,4.531139373779297,207600,0.0,0.0
2024-07-10 00:00:00-04:00,4.5479835518425435,4.564827919006348,4.52271680029614,4.564827919006348,316900,0.0,0.0
2024-07-11 00:00:00-04:00,4.573249239508861,4.606937968957811,4.573249239508861,4.59851598739624,278800,0.0,0.0
2024-07-12 00:00:00-04:00,4.606937793813854,4.632204540740656,4.598515812572465,4.623782157897949,224700,0.0,0.0
2024-07-15 00:00:00-04:00,4.649049571141615,4.699582670636468,4.632205204643331,4.682738304138184,403900,0.0,0.0
2024-07-16 00:00:00-04:00,4.691160686310595,4.792226885259854,4.691160686310595,4.7753825187683105,477900,0.0,0.0
2024-07-17 00:00:00-04:00,4.741694450378418,4.766960802856362,4.708005712673537,4.741694450378418,377100,0.0,0.0
2024-07-18 00:00:00-04:00,4.758538154181151,4.7669601366296055,4.649049571141615,4.682738304138184,811300,0.0,0.0
2024-07-19 00:00:00-04:00,4.699954375236735,4.699954375236735,4.596658773914226,4.6310906410217285,1162500,0.12,0.0
2024-07-22 00:00:00-04:00,4.63969830098456,4.674130167338195,4.622482367807743,4.656914234161377,288200,0.0,0.0
2024-07-23 00:00:00-04:00,4.656914301665328,4.725778035370805,4.656914301665328,4.691346168518066,167300,0.0,0.0
2024-07-24 00:00:00-04:00,4.639698578969976,4.6483067513042515,4.553618907928467,4.553618907928467,321000,0.0,0.0
2024-07-25 00:00:00-04:00,4.570834432781522,4.648306335010769,4.536402567448571,4.588050365447998,430200,0.0,0.0
2024-07-26 00:00:00-04:00,4.631090676805203,4.648306610491979,4.579442875744877,4.605266571044922,235100,0.0,0.0
2024-07-29 00:00:00-04:00,4.613874743118428,4.639698438418473,4.5708347036713715,4.605266571044922,251300,0.0,0.0
2024-07-30 00:00:00-04:00,4.631090402344293,4.6396981634474255,4.56222667167839,4.588050365447998,259700,0.0,0.0
2024-07-31 00:00:00-04:00,4.613874606449446,4.682738339156715,4.613874606449446,4.656914234161377,295400,0.0,0.0
2024-08-01 00:00:00-04:00,4.674129923368211,4.6913458556464285,4.53640246514247,4.579442501068115,210500,0.0,0.0
2024-08-02 00:00:00-04:00,4.484754287597766,4.510577978592822,4.441714255325782,4.467538356781006,312000,0.0,0.0
2024-08-05 00:00:00-04:00,4.303987467620341,4.347027506480637,4.286771534168269,4.3298115730285645,572900,0.0,0.0
2024-08-06 00:00:00-04:00,4.381458831022581,4.441714385415938,4.364242899701596,4.415890693664551,213200,0.0,0.0
2024-08-07 00:00:00-04:00,4.519186314773304,4.519186314773304,4.381458863194138,4.390066623687744,335300,0.0,0.0
2024-08-08 00:00:00-04:00,4.433107070599351,4.476146697998047,4.398675204496306,4.476146697998047,174800,0.0,0.0
2024-08-09 00:00:00-04:00,4.4933623230836215,4.510578254955199,4.4589304593404675,4.48475456237793,132500,0.0,0.0
2024-08-12 00:00:00-04:00,4.510578564101092,4.510578564101092,4.458930764946524,4.476146697998047,143100,0.0,0.0
2024-08-13 00:00:00-04:00,4.484754902796448,4.553618635509908,4.484754902796448,4.536402702331543,206500,0.0,0.0
2024-08-14 00:00:00-04:00,4.536402737552899,4.553618670864931,4.510578632354736,4.510578632354736,159200,0.0,0.0
2024-08-15 00:00:00-04:00,4.5708347036713715,4.631090676805203,4.5708347036713715,4.605266571044922,144200,0.0,0.0
2024-08-16 00:00:00-04:00,4.613874435424805,4.631090367963471,4.596658502886139,4.613874435424805,155700,0.0,0.0
2024-08-19 00:00:00-04:00,4.596658773914226,4.639698402568488,4.596658773914226,4.6310906410217285,149000,0.0,0.0
2024-08-20 00:00:00-04:00,4.6310906410217285,4.64830657457548,4.613874707467977,4.6310906410217285,160400,0.0,0.0
2024-08-21 00:00:00-04:00,4.639698438418473,4.648306610491979,4.596658809431652,4.605266571044922,643000,0.0,0.0
2024-08-22 00:00:00-04:00,4.622482504731697,4.648306610491979,4.588050637358147,4.605266571044922,164300,0.0,0.0
2024-08-23 00:00:00-04:00,4.639698266287891,4.691346065432109,4.622482333239819,4.682738304138184,189200,0.0,0.0
2024-08-26 00:00:00-04:00,4.691346065432109,4.708561998480182,4.682738304138184,4.682738304138184,289800,0.0,0.0
2024-08-27 00:00:00-04:00,4.691346168518066,4.691346168518066,4.656914301665328,4.691346168518066,142700,0.0,0.0
2024-08-28 00:00:00-04:00,4.674130373272254,4.691346307207575,4.62248257146629,4.639698505401611,207100,0.0,0.0
2024-08-29 00:00:00-04:00,4.665522473608627,4.725778035370805,4.665522473608627,4.691346168518066,157100,0.0,0.0
2024-08-30 00:00:00-04:00,4.691346133318961,4.725777999913359,4.665522438603277,4.717170238494873,233600,0.0,0.0
2024-09-03 00:00:00-04:00,4.699954203190758,4.699954203190758,4.60526636688114,4.6224822998046875,176400,0.0,0.0
2024-09-04 00:00:00-04:00,4.631090743664072,4.656914439336933,4.605266637530969,4.639698505401611,275600,0.0,0.0
2024-09-05 00:00:00-04:00,4.64830657457548,4.64830657457548,4.605266535460984,4.6310906410217285,150700,0.0,0.0
2024-09-06 00:00:00-04:00,4.648306230180985,4.665522162459204,4.53640246514247,4.579442501068115,151000,0.0,0.0
2024-09-09 00:00:00-04:00,4.579442705354561,4.605266399693766,4.553618600555134,4.56222677230835,165500,0.0,0.0
2024-09-10 00:00:00-04:00,4.579442501068115,4.588050261977123,4.54501063651168,4.579442501068115,154400,0.0,0.0
2024-09-11 00:00:00-04:00,4.570834533601344,4.579442705354561,4.5191867344627115,4.56222677230835,202600,0.0,0.0
2024-09-12 00:00:00-04:00,4.570834398848035,4.648306300502137,4.570834398848035,4.613874435424805,170400,0.0,0.0
2024-09-13 00:00:00-04:00,4.622482535643541,4.708562204653057,4.622482535643541,4.665522575378418,161000,0.0,0.0
2024-09-16 00:00:00-04:00,4.665522371090111,4.708561998480182,4.665522371090111,4.682738304138184,191800,0.0,0.0
2024-09-17 00:00:00-04:00,4.691346168518066,4.734386207314104,4.691346168518066,4.691346168518066,201600,0.0,0.0
2024-09-18 00:00:00-04:00,4.691345385554155,4.734385417167011,4.682737625507681,4.699953556060791,213600,0.0,0.0
2024-09-19 00:00:00-04:00,4.768818648545474,4.8032505195453465,4.751602713045537,4.78603458404541,318400,0.0,0.0
2024-09-20 00:00:00-04:00,4.777426485040368,4.777426485040368,4.734386444091797,4.734386444091797,165400,0.0,0.0
2024-09-23 00:00:00-04:00,4.760210886025645,4.78603458404541,4.742994950525708,4.78603458404541,225900,0.0,0.0
2024-09-24 00:00:00-04:00,4.794641697687424,4.811857629383637,4.742993902598785,4.777425765991211,312200,0.0,0.0
2024-09-25 00:00:00-04:00,4.777425969661605,4.786033730646581,4.751601865786263,4.760210037231445,145300,0.0,0.0
2024-09-26 00:00:00-04:00,4.78603458404541,4.8032505195453465,4.777426821525581,4.78603458404541,124400,0.0,0.0
2024-09-27 00:00:00-04:00,4.811858007723048,4.85489763511754,4.794642074673208,4.803249835968018,274700,0.0,0.0
2024-09-30 00:00:00-04:00,4.8032493270389915,4.829073429107666,4.786033395813267,4.829073429107666,159200,0.0,0.0
2024-10-01 00:00:00-04:00,4.837681702067699,4.837681702067699,4.768817969868336,4.803249835968018,142200,0.0,0.0
2024-10-02 00:00:00-04:00,4.786033902918176,4.820465769017858,4.7774261416233665,4.803249835968018,225000,0.0,0.0
2024-10-03 00:00:00-04:00,4.8032494583054355,4.820465390001648,4.76881759491301,4.777425765991211,241900,0.0,0.0
2024-10-04 00:00:00-04:00,4.820466312172189,4.837682247161865,4.794642614917809,4.837682247161865,381500,0.0,0.0
2024-10-07 00:00:00-04:00,4.8635058068725705,4.8635058068725705,4.7774261416233665,4.803249835968018,550600,0.0,0.0
2024-10-08 00:00:00-04:00,4.846290419886836,4.846290419886836,4.811858549907485,4.837682247161865,516300,0.0,0.0
2024-10-09 00:00:00-04:00,4.85489804129793,4.88932991027832,4.846290279282959,4.88932991027832,380700,0.0,0.0
2024-10-10 00:00:00-04:00,4.88932991027832,4.88932991027832,4.846290279282959,4.88932991027832,255500,0.0,0.0
2024-10-11 00:00:00-04:00,4.897937401383415,4.923761094296151,4.880721469288191,4.906545162200928,269100,0.0,0.0
2024-10-14 00:00:00-04:00,4.949585368798883,4.949585368798883,4.87211346646172,4.915153503417969,293700,0.0,0.0
2024-10-15 00:00:00-04:00,4.923761948890195,4.949586056745297,4.88933007872357,4.897938251495361,192900,0.0,0.0
2024-10-16 00:00:00-04:00,4.932369436108426,4.949585368798883,4.906545331842634,4.915153503417969,265500,0.0,0.0
2024-10-17 00:00:00-04:00,4.940977197223548,4.940977197223548,4.906545331842634,4.915153503417969,234700,0.0,0.0
2024-10-18 00:00:00-04:00,4.940977266079363,4.949585437774658,4.932369504844286,4.949585437774658,268800,0.0,0.0
2024-10-21 00:00:00-04:00,4.940977096557617,4.949585267957572,4.915153403278161,4.940977096557617,221100,0.0,0.0
2024-10-22 00:00:00-04:00,4.940977127396224,4.940977127396224,4.846289704166966,4.880721569061279,367600,0.0,0.0
2024-10-23 00:00:00-04:00,4.8893295012172215,4.906545434267063,4.794642074673208,4.803249835968018,236300,0.0,0.0
2024-10-24 00:00:00-04:00,4.820466041564941,4.86350608185312,4.803250107541719,4.820466041564941,76200,0.0,0.0
2024-10-25 00:00:00-04:00,4.829074177647436,4.897937913224686,4.829074177647436,4.846290111541748,207500,0.0,0.0
2024-10-28 00:00:00-04:00,4.872114181518555,4.897938289574427,4.8548982463013965,4.872114181518555,141700,0.0,0.0
2024-10-29 00:00:00-04:00,4.854897465160441,4.889329330054754,4.854897465160441,4.880721569061279,126300,0.0,0.0
2024-10-30 00:00:00-04:00,4.889329467288245,4.949585437774658,4.880721706053167,4.949585437774658,175300,0.0,0.0
2024-10-31 00:00:00-04:00,4.897938370025137,4.932370241025009,4.78603458404541,4.78603458404541,268300,0.0,0.0
2024-11-01 00:00:00-04:00,4.820466144782953,4.846290251600866,4.76881834160738,4.794642448425293,234600,0.0,0.0
2024-11-04 00:00:00-05:00,4.803250107541719,4.829074213806675,4.777426411737008,4.820466041564941,211600,0.0,0.0
2024-11-05 00:00:00-05:00,4.811857839272653,4.880721569061279,4.811857839272653,4.880721569061279,161900,0.0,0.0
2024-11-06 00:00:00-05:00,5.027057478418315,5.027057478418315,4.966801506287055,5.018449306488037,246300,0.0,0.0
2024-11-07 00:00:00-05:00,5.027057209317918,5.1303528041904265,5.027057209317918,5.121744632720947,220000,0.0,0.0
2024-11-08 00:00:00-05:00,5.130352568084618,5.18200036314397,5.130352568084618,5.1647844314575195,197100,0.0,0.0
2024-11-11 00:00:00-05:00,5.225040912628174,5.233648674089782,5.182000873939449,5.225040912628174,182400,0.0,0.0
2024-11-12 00:00:00-05:00,5.23364933414546,5.23364933414546,5.1131377852627145,5.14756965637207,179800,0.0,0.0
2024-11-13 00:00:00-05:00,5.147569010244845,5.190609048959258,5.121744904924151,5.138960838317871,139500,0.0,0.0
2024-11-14 00:00:00-05:00,5.147568388918098,5.147568388918098,5.044272801023865,5.070096492767334,215400,0.0,0.0
2024-11-15 00:00:00-05:00,5.052522750262134,5.052522750262134,4.955865675981543,4.982226848602295,98500,0.12,0.0
2024-11-18 00:00:00-05:00,4.982227846090315,4.999801825023748,4.938292689258379,4.973440647125244,221200,0.0,0.0
2024-11-19 00:00:00-05:00,4.929505909290016,4.982227846090315,4.920718710324946,4.973440647125244,237100,0.0,0.0
2024-11-20 00:00:00-05:00,4.98222722488088,4.991014003753662,4.929505294654221,4.991014003753662,351200,0.0,0.0
2024-11-21 00:00:00-05:00,4.999800874650318,5.052522801429114,4.982226899057387,5.034948825836182,268800,0.0,0.0
2024-11-22 00:00:00-05:00,5.034948875768423,5.096458000451992,5.034948875768423,5.087670803070068,246200,0.0,0.0
2024-11-25 00:00:00-05:00,5.131606477855383,5.166754432991652,5.105245302004844,5.140393257141113,281200,0.0,0.0
2024-11-26 00:00:00-05:00,5.157967234709248,5.157967234709248,5.114032500287249,5.140393257141113,185400,0.0,0.0
2024-11-27 00:00:00-05:00,5.131606101989746,5.157966856912811,5.122818904350962,5.131606101989746,315400,0.0,0.0
2024-11-29 00:00:00-05:00,5.140393113529535,5.175541067683845,5.131606334489289,5.1579670906066895,111400,0.0,0.0
2024-12-02 00:00:00-05:00,5.166754245758057,5.175541024725369,5.131606291895484,5.166754245758057,286600,0.0,0.0
2024-12-03 00:00:00-05:00,5.166754145275837,5.184328121865347,5.1491801686863266,5.175540924072266,210600,0.0,0.0
2024-12-04 00:00:00-05:00,5.184328168931836,5.237050099179009,5.17554097105898,5.228262901306152,180300,0.0,0.0
2024-12-05 00:00:00-05:00,5.237050389038514,5.254624366760254,5.228263190679305,5.254624366760254,211500,0.0,0.0
2024-12-06 00:00:00-05:00,5.245837312899242,5.254624511500498,5.228263334693422,5.237050533294678,134800,0.0,0.0
2024-12-09 00:00:00-05:00,5.237050153483201,5.245836932450514,5.166754245758057,5.166754245758057,186400,0.0,0.0
2024-12-10 00:00:00-05:00,5.175541212277382,5.193115189845517,5.140393257141113,5.140393257141113,157900,0.0,0.0
2024-12-11 00:00:00-05:00,5.1579668053275105,5.210688733643008,5.1579668053275105,5.193114757537842,191000,0.0,0.0
2024-12-12 00:00:00-05:00,5.184328410559787,5.201902388127921,5.140393257141113,5.140393257141113,385200,0.0,0.0
2024-12-13 00:00:00-05:00,5.140392923265058,5.157966899691736,5.114032168123363,5.122818946838379,254900,0.0,0.0
2024-12-16 00:00:00-05:00,5.131606101989746,5.149180078270671,5.122818904350962,5.131606101989746,254100,0.0,0.0
2024-12-17 00:00:00-05:00,5.114032500287249,5.149180455423518,5.096458522719114,5.140393257141113,268000,0.0,0.0
2024-12-18 00:00:00-05:00,5.12281929042205,5.157967245632755,4.964653491973877,4.964653491973877,357200,0.0,0.0
2024-12-19 00:00:00-05:00,4.991013575186232,5.0261615256525936,4.929504871368408,4.929504871368408,312000,0.0,0.0
2024-12-20 00:00:00-05:00,4.911931177400336,5.052522987316299,4.876783224921346,5.008587837219238,265200,0.0,0.0
2024-12-23 00:00:00-05:00,5.008587942467272,5.061310291290283,4.982227187052419,5.061310291290283,242400,0.0,0.0
2024-12-24 00:00:00-05:00,5.070097117096595,5.122819047411691,5.008587988897322,5.11403226852417,136200,0.0,0.0
2024-12-26 00:00:00-05:00,5.105244970411699,5.149180120976721,5.0964581916966845,5.122818946838379,255000,0.0,0.0
2024-12-27 00:00:00-05:00,5.114032746929376,5.114032746929376,5.017375656144671,5.052523612976074,239600,0.0,0.0
2024-12-30 00:00:00-05:00,5.00858779482691,5.0261617709176605,4.938291890463908,5.0173749923706055,373600,0.0,0.0
2024-12-31 00:00:00-05:00,5.017375424789934,5.05252338000064,4.955866293672862,4.964653491973877,269300,0.0,0.0
2025-01-02 00:00:00-05:00,4.99101443817252,5.008588416444383,4.929505723719348,4.938292503356934,242800,0.0,0.0
2025-01-03 00:00:00-05:00,4.947079088007604,5.0261617709176605,4.947079088007604,5.0173749923706055,191100,0.0,0.0
2025-01-06 00:00:00-05:00,5.070097591391775,5.096458768513675,5.034949634560372,5.052523612976074,211100,0.0,0.0
2025-01-07 00:00:00-05:00,5.0876708967336075,5.0876708967336075,4.973439842645409,5.0173749923706055,311100,0.0,0.0
2025-01-08 00:00:00-05:00,5.017374892312987,5.052522843793559,4.973439743463955,5.0261616706848145,336300,0.0,0.0
2025-01-10 00:00:00-05:00,4.999801825023748,5.008588604992109,4.903144731391514,4.973440647125244,177600,0.0,0.0
2025-01-13 00:00:00-05:00,4.903143840534316,4.929505013643231,4.850421913313118,4.911931037902832,579700,0.0,0.0
2025-01-14 00:00:00-05:00,4.973440271278215,4.973440271278215,4.903144360856805,4.964653491973877,362200,0.0,0.0
2025-01-15 00:00:00-05:00,5.052523178938882,5.07009715584489,5.017375225126867,5.043735980987549,445500,0.0,0.0
2025-01-16 00:00:00-05:00,5.078884024684777,5.1140319762192075,5.034948875768423,5.087670803070068,277800,0.0,0.0
2025-01-17 00:00:00-05:00,5.12281923666275,5.1491804122924805,5.12281923666275,5.1491804122924805,1392300,0.0,0.0
2025-01-21 00:00:00-05:00,5.14918045680779,5.219476367099226,5.14918045680779,5.201902389526367,187100,0.0,0.0
2025-01-22 00:00:00-05:00,5.228263047625281,5.289772177466716,5.228263047625281,5.27219820022583,343400,0.0,0.0
2025-01-23 00:00:00-05:00,5.2634108590482365,5.298559231571349,5.245836882285009,5.289772033691406,390100,0.0,0.0
2025-01-24 00:00:00-05:00,5.298737957470576,5.316669372160952,5.253909634503961,5.271841049194336,207700,0.12,0.0
2025-01-27 00:00:00-05:00,5.191149188007597,5.191149188007597,5.110457612514449,5.164252281188965,299800,0.0,0.0
2025-01-28 00:00:00-05:00,5.182184125512677,5.182184125512677,5.119423958523206,5.15528678894043,294700,0.0,0.0
2025-01-29 00:00:00-05:00,5.173217628475686,5.173217628475686,5.083560562409627,5.12838888168335,273500,0.0,0.0
2025-01-30 00:00:00-05:00,5.15528678894043,5.182184125512677,5.11045803715957,5.15528678894043,228900,0.0,0.0
2025-01-31 00:00:00-05:00,5.155286166719342,5.209080405852441,5.101491927586243,5.110457420349121,268200,0.0,0.0
2025-02-03 00:00:00-05:00,4.984938328295024,5.0835613296109905,4.975972834094669,5.047698497772217,398800,0.0,0.0
2025-02-04 00:00:00-05:00,5.04769863258007,5.101492881774902,5.04769863258007,5.101492881774902,193400,0.0,0.0
2025-02-05 00:00:00-05:00,5.101491975622839,5.12838888168335,5.074594642043714,5.12838888168335,180800,0.0,0.0
2025-02-06 00:00:00-05:00,5.155286215262474,5.164252135628387,5.092526055256926,5.12838888168335,168600,0.0,0.0
2025-02-07 00:00:00-05:00,5.1373547053938955,5.146320198072516,5.047697641014665,5.083560466766357,260500,0.0,0.0
2025-02-10 00:00:00-05:00,5.101492789223771,5.110458283500914,5.065629957077839,5.0745954513549805,161300,0.0,0.0
2025-02-11 00:00:00-05:00,5.065629339931744,5.065629339931744,4.993903684378221,5.011835098266602,299400,0.0,0.0
2025-02-12 00:00:00-05:00,4.993903636082737,5.002869129180908,4.967006301750972,5.002869129180908,290000,0.0,0.0
2025-02-13 00:00:00-05:00,4.993904203068804,5.038732528686523,4.993904203068804,5.038732528686523,187800,0.0,0.0
2025-02-14 00:00:00-05:00,5.047698450321271,5.047698450321271,5.002869697184878,5.038732528686523,192700,0.0,0.0
2025-02-18 00:00:00-05:00,5.056663944437346,5.065629866072094,5.011835618819627,5.038732528686523,157200,0.0,0.0
2025-02-19 00:00:00-05:00,5.038731956610844,5.038731956610844,4.98493771546594,5.002869129180908,239200,0.0,0.0
2025-02-20 00:00:00-05:00,5.011835389488113,5.011835389488113,4.940109729766846,4.940109729766846,268900,0.0,0.0
2025-02-21 00:00:00-05:00,4.958041299447206,4.958041299447206,4.796658132518619,4.8235554695129395,283300,0.0,0.0
2025-02-24 00:00:00-05:00,4.832520729501987,4.832520729501987,4.733898162841797,4.733898162841797,370700,0.0,0.0
2025-02-25 00:00:00-05:00,4.751830010859093,4.751830010859093,4.6890698401996085,4.715967178344727,368900,0.0,0.0
2025-02-26 00:00:00-05:00,4.724932241771609,4.796657900258528,4.69803490607969,4.733898162841797,273100,0.0,0.0
2025-02-27 00:00:00-05:00,4.724931905831632,4.760794732525265,4.617343425750732,4.617343425750732,380400,0.0,0.0
2025-02-28 00:00:00-05:00,4.617343613749414,4.698034763336182,4.599412199672506,4.698034763336182,317300,0.0,0.0
2025-03-03 00:00:00-05:00,4.715966313634626,4.733897726603941,4.545617676666826,4.5904459953308105,540100,0.0,0.0
2025-03-04 00:00:00-05:00,4.527686642780345,4.599412300662873,4.455960557379173,4.545618057250977,480000,0.0,0.0
2025-03-05 00:00:00-05:00,4.554583169392179,4.5904459953308105,4.5097548507281955,4.5904459953308105,320800,0.0,0.0
2025-03-06 00:00:00-05:00,4.527686839090891,4.554583748203708,4.446995256715116,4.455960750579834,393200,0.0,0.0
2025-03-07 00:00:00-05:00,4.455960417910877,4.500789166443672,4.375269269077928,4.491823673248291,502500,0.0,0.0
2025-03-10 00:00:00-04:00,4.438029004713855,4.4649263393415755,4.267680786306604,4.330440521240234,615100,0.0,0.0
2025-03-11 00:00:00-04:00,4.3304405684666385,4.4200976390057605,4.26768083284857,4.348371982574463,803000,0.0,0.0
2025-03-12 00:00:00-04:00,4.411132287678937,4.429063702363866,4.348372122522362,4.402166366577148,306500,0.0,0.0
2025-03-13 00:00:00-04:00,4.402166079669352,4.402166079669352,4.285612105572956,4.294577598571777,368000,0.0,0.0
2025-03-14 00:00:00-04:00,4.321475214254294,4.429063702363866,4.321475214254294,4.402166366577148,297200,0.0,0.0
2025-03-17 00:00:00-04:00,4.3842350440599285,4.464926625597773,4.3842350440599285,4.4380292892456055,357500,0.0,0.0
2025-03-18 00:00:00-04:00,4.446995646136691,4.455961140786514,4.375269978863309,4.4111328125,250100,0.0,0.0
2025-03-19 00:00:00-04:00,4.446994876730787,4.5007891178785036,4.411132049298977,4.482857704162598,252000,0.0,0.0
2025-03-20 00:00:00-04:00,4.473891735076904,4.5187204826403224,4.455960321555261,4.473891735076904,223400,0.0,0.0
2025-03-21 00:00:00-04:00,4.438028861068889,4.446994781494141,4.402166034405115,4.446994781494141,265200,0.0,0.0
2025-03-24 00:00:00-04:00,4.473892351913136,4.554583937645164,4.473892351913136,4.509755611419678,293900,0.0,0.0
2025-03-25 00:00:00-04:00,4.5545831212169325,4.581480454145709,4.536651708437284,4.572514533996582,235400,0.0,0.0
2025-03-26 00:00:00-04:00,4.572515353639094,4.590446769633025,4.464926857675511,4.509755611419678,224300,0.0,0.0
2025-03-27 00:00:00-04:00,4.500789069877704,4.509754990399348,4.446994829303702,4.464926242828369,198200,0.0,0.0
2025-03-28 00:00:00-04:00,4.47389197771359,4.47389197771359,4.35733799726104,4.38423490524292,346600,0.0,0.0
2025-03-31 00:00:00-04:00,4.339406582766906,4.38423490524292,4.285612339284504,4.38423490524292,341300,0.0,0.0
2025-04-01 00:00:00-04:00,4.393200493884821,4.429063320159912,4.339406254472184,4.429063320159912,227700,0.0,0.0
2025-04-02 00:00:00-04:00,4.393200635583071,4.482857704162598,4.384234714965806,4.482857704162598,225900,0.0,0.0
2025-04-03 00:00:00-04:00,4.366303643468392,4.366303643468392,4.249749231420489,4.2587151527404785,601900,0.0,0.0
2025-04-04 00:00:00-04:00,4.186989264085617,4.213886171542521,3.9628463735244477,3.998709201812744,581400,0.0,0.0
2025-04-07 00:00:00-04:00,3.891120811211596,4.0525035424184805,3.5952522569063174,3.953880548477173,638500,0.0,0.0
2025-04-08 00:00:00-04:00,4.1062977861541095,4.2138862736253655,3.8821548901630014,3.953880548477173,254200,0.0,0.0
2025-04-09 00:00:00-04:00,3.953880573136428,4.393200874328613,3.926983664860188,4.393200874328613,641600,0.0,0.0
2025-04-10 00:00:00-04:00,4.303543713119057,4.303543713119057,4.097332234625463,4.1959547996521,411800,0.0,0.0
2025-04-11 00:00:00-04:00,4.195954193048954,4.312508583068848,4.133194465744841,4.312508583068848,158100,0.0,0.0
2025-04-14 00:00:00-04:00,4.402166080440043,4.402166080440043,4.249748851765817,4.285612106323242,323700,0.0,0.0
2025-04-15 00:00:00-04:00,4.303542991134354,4.339405813767259,4.240782837767485,4.276645660400391,459200,0.0,0.0
2025-04-16 00:00:00-04:00,4.249748994809719,4.285612250574278,4.1331950167697835,4.178023338317871,419400,0.0,0.0
2025-04-17 00:00:00-04:00,4.1963479192279705,4.27880904572004,4.168861168326633,4.214672565460205,153800,0.1,0.0
2025-04-21 00:00:00-04:00,4.187185804526276,4.205510450714605,4.040588198125622,4.086400032043457,172700,0.0,0.0
2025-04-22 00:00:00-04:00,4.04058802135345,4.214672370973545,4.04058802135345,4.132211685180664,177200,0.0,0.0
2025-04-23 00:00:00-04:00,4.242159959458456,4.342945300187704,4.223835312335496,4.232997417449951,317200,0.0,0.0
2025-04-24 00:00:00-04:00,4.260484384323846,4.379594802856445,4.260484384323846,4.379594802856445,126000,0.0,0.0
2025-04-25 00:00:00-04:00,4.388757161538164,4.425406455993652,4.315458572627189,4.425406455993652,173800,0.0,0.0
2025-04-28 00:00:00-04:00,4.434568948895405,4.462055700985293,4.342945276878322,4.397919654846191,142100,0.0,0.0
2025-04-29 00:00:00-04:00,4.39792010723671,4.4620561599731445,4.39792010723671,4.4620561599731445,96200,0.0,0.0
2025-04-30 00:00:00-04:00,4.4162443508268066,4.452893645282294,4.333783219854933,4.425406455993652,204700,0.0,0.0
2025-05-01 00:00:00-04:00,4.489542805385655,4.535354203637057,4.452893512026918,4.49870491027832,282800,0.0,0.0
2025-05-02 00:00:00-04:00,4.553679279917367,4.608653662035878,4.544517174160336,4.599491119384766,241000,0.0,0.0
2025-05-05 00:00:00-04:00,4.5994908472135565,4.6178154945373535,4.526192257918369,4.6178154945373535,90000,0.0,0.0
2025-05-06 00:00:00-04:00,4.572003793607942,4.599490983857266,4.517029850003361,4.5445170402526855,184800,0.0,0.0
2025-05-07 00:00:00-04:00,4.544516884237876,4.636140120433387,4.544516884237876,4.5536789894104,262600,0.0,0.0
2025-05-08 00:00:00-04:00,4.58116601951716,4.700276440879175,4.58116601951716,4.6636271476745605,142500,0.0,0.0
2025-05-09 00:00:00-04:00,4.663627331293872,4.672789436508744,4.608653389322482,4.6178154945373535,225100,0.0,0.0
2025-05-12 00:00:00-04:00,4.709438888445627,4.782737480188894,4.709438888445627,4.736926078796387,416200,0.0,0.0
2025-05-13 00:00:00-04:00,4.77357544050515,4.828549385070801,4.755250792316599,4.828549385070801,366200,0.0,0.0
2025-05-14 00:00:00-04:00,4.80106190216983,4.828549091226946,4.773575150006763,4.7827372550964355,187100,0.0,0.0
2025-05-15 00:00:00-04:00,4.7827373435157785,4.819387075234166,4.736925943432393,4.810224533081055,268800,0.0,0.0
2025-05-16 00:00:00-04:00,4.819386959075928,4.846873711084655,4.791899770173155,4.819386959075928,198900,0.0,0.0
2025-05-19 00:00:00-04:00,4.77357544050515,4.846874033259351,4.764412897963838,4.828549385070801,254100,0.0,0.0
2025-05-20 00:00:00-04:00,4.82854911306711,4.846873760223389,4.791899818754551,4.846873760223389,181900,0.0,0.0
2025-05-21 00:00:00-04:00,4.819386986137273,4.8377116332106676,4.736925855859973,4.7827372550964355,325500,0.0,0.0
2025-05-22 00:00:00-04:00,4.78273693357531,4.801061579416824,4.727762996050768,4.7735748291015625,126700,0.0,0.0
2025-05-23 00:00:00-04:00,4.727763265175008,4.764412558944268,4.6911139714057475,4.755250453948975,253000,0.0,0.0
2025-05-27 00:00:00-04:00,4.810224533081055,4.837711722646332,4.791899885668889,4.810224533081055,157200,0.0,0.0
2025-05-28 00:00:00-04:00,4.810224327721151,4.8193868694830915,4.773575034461466,4.791899681091309,155700,0.0,0.0
2025-05-29 00:00:00-04:00,4.837711606046428,4.846873711084655,4.773575123202655,4.819386959075928,144100,0.0,0.0
2025-05-30 00:00:00-04:00,4.8102242372668425,4.819386778856486,4.718601005840566,4.7644124031066895,172700,0.0,0.0
2025-06-02 00:00:00-04:00,4.773575238256724,4.8468738279053865,4.746088048691448,4.810224533081055,338300,0.0,0.0
2025-06-03 00:00:00-04:00,4.810224399748789,4.883522987365723,4.782737210945416,4.883522987365723,199400,0.0,0.0
2025-06-04 00:00:00-04:00,4.874361223989214,4.883523329636452,4.828549385070801,4.828549385070801,152600,0.0,0.0
2025-06-05 00:00:00-04:00,4.846873489244192,4.883522781507761,4.8377113846253135,4.865198135375977,106700,0.0,0.0
2025-06-06 00:00:00-04:00,4.901847790996166,4.911010333188258,4.865198496015916,4.874361038208008,108400,0.0,0.0
2025-06-09 00:00:00-04:00,4.901847723284816,4.920172370521815,4.883523076047817,4.911010265350342,119800,0.0,0.0
2025-06-10 00:00:00-04:00,4.883523191684561,4.929335029308862,4.856036438625231,4.901847839355469,188400,0.0,0.0
2025-06-11 00:00:00-04:00,4.901847790996166,4.938497085976417,4.865198496015916,4.874361038208008,133500,0.0,0.0
2025-06-12 00:00:00-04:00,4.865198544013654,4.911010381637954,4.865198544013654,4.901847839355469,87400,0.0,0.0
2025-06-13 00:00:00-04:00,4.865198084692836,4.874360626110291,4.810224146870174,4.837711334228516,88900,0.0,0.0
2025-06-16 00:00:00-04:00,4.856036302248554,4.911010243717391,4.846873760223389,4.846873760223389,133800,0.0,0.0
2025-06-17 00:00:00-04:00,4.828548974350994,4.86519826761068,4.791899681091309,4.791899681091309,169700,0.0,0.0
2025-06-18 00:00:00-04:00,4.80106160545272,4.892685272051178,4.782736959511832,4.837711334228516,204200,0.0,0.0
2025-06-20 00:00:00-04:00,4.856035953835384,4.874360599676899,4.764412287733796,4.7735748291015625,205500,0.0,0.0
2025-06-23 00:00:00-04:00,4.782736959511832,4.846873438751949,4.773574854988399,4.837711334228516,246900,0.0,0.0
2025-06-24 00:00:00-04:00,4.8743609045421845,4.947659492492676,4.8743609045421845,4.947659492492676,164400,0.0,0.0
2025-06-25 00:00:00-04:00,4.956821507819942,4.965984049594933,4.911010109627105,4.920172214508057,334600,0.0,0.0
2025-06-26 00:00:00-04:00,4.929334690480421,4.975146088061714,4.929334690480421,4.956821441650391,110200,0.0,0.0
2025-06-27 00:00:00-04:00,4.965984072893096,5.01179547130086,4.938496884333205,4.98430871963501,231000,0.0,0.0
2025-06-30 00:00:00-04:00,4.984308768845243,5.0209580626909105,4.975146226936803,5.011795520782471,188500,0.0,0.0
2025-07-01 00:00:00-04:00,4.984308768845243,5.039282709613744,4.975146226936803,5.011795520782471,194200,0.0,0.0
2025-07-02 00:00:00-04:00,5.002633145482901,5.030119895935059,4.965983853617343,5.030119895935059,104300,0.0,0.0
2025-07-03 00:00:00-04:00,5.030119986080895,5.075931820180857,5.011795339819717,5.057607173919678,106400,0.0,0.0
2025-07-07 00:00:00-04:00,5.057607083281238,5.066769624694638,4.984308499550122,5.030119895935059,230000,0.0,0.0
2025-07-08 00:00:00-04:00,5.039282437348459,5.048444978761859,4.984308499550122,5.030119895935059,155800,0.0,0.0
2025-07-09 00:00:00-04:00,5.030119986080895,5.057607173919678,5.020957881397321,5.057607173919678,86100,0.0,0.0
2025-07-10 00:00:00-04:00,5.075931910164265,5.085094451904297,5.039282616992208,5.085094451904297,175400,0.0,0.0
2025-07-11 00:00:00-04:00,5.048444978761859,5.066769624694638,5.02095779141568,5.030119895935059,225800,0.0,0.0
2025-07-14 00:00:00-04:00,5.048445069236103,5.057607173919678,5.020957881397321,5.057607173919678,322800,0.0,0.0
2025-07-15 00:00:00-04:00,5.085094518413364,5.094256623379192,5.03012014104222,5.048445224761963,250000,0.0,0.0
2025-07-16 00:00:00-04:00,5.066769715497282,5.066769715497282,4.993470693558537,5.057607173919678,232900,0.0,0.0
2025-07-17 00:00:00-04:00,5.0667693820237805,5.1125807762146,5.057606841049217,5.1125807762146,237700,0.0,0.0
2025-07-18 00:00:00-04:00,5.150036409346116,5.150036409346116,4.972126007080078,4.972126007080078,604100,0.12,0.0
2025-07-21 00:00:00-04:00,5.0283081260458475,5.093854204163289,5.0283081260458475,5.03767204284668,285500,0.0,0.0
2025-07-22 00:00:00-04:00,5.047035217285156,5.0657626032928595,5.018944361521652,5.047035217285156,179000,0.0,0.0
2025-07-23 00:00:00-04:00,5.065762815546075,5.084490202338448,5.037671958605577,5.056399345397949,168600,0.0,0.0
2025-07-24 00:00:00-04:00,5.07512691365264,5.0938543011146145,5.056399526190665,5.065762996673584,109300,0.0,0.0
2025-07-25 00:00:00-04:00,5.093853911910267,5.15939998626709,5.084489995646677,5.15939998626709,263800,0.0,0.0
2025-07-28 00:00:00-04:00,5.168763637542725,5.196854940823857,5.140672334261592,5.168763637542725,202300,0.0,0.0
2025-07-29 00:00:00-04:00,5.187490842065655,5.187490842065655,5.121944767708832,5.15939998626709,205300,0.0,0.0
2025-07-30 00:00:00-04:00,5.168763509463708,5.196854812048754,5.121944820654001,5.140672206878662,150000,0.0,0.0
2025-07-31 00:00:00-04:00,5.168763456034577,5.206218228096732,5.131308683972422,5.15939998626709,172400,0.0,0.0
2025-08-01 00:00:00-04:00,5.103217059591005,5.1125809752635965,5.009580135345459,5.009580135345459,193300,0.0,0.0
2025-08-04 00:00:00-04:00,5.037671791981628,5.093853950500488,5.037671791981628,5.093853950500488,76500,0.0,0.0
2025-08-05 00:00:00-04:00,5.121944806511865,5.131308722846395,5.047035261820052,5.093853950500488,155800,0.0,0.0
2025-08-06 00:00:00-04:00,5.103217601776123,5.112581518443572,5.065762828098568,5.103217601776123,158900,0.0,0.0
2025-08-07 00:00:00-04:00,5.131309076038564,5.140672546521483,5.047035609211609,5.065762996673584,121500,0.0,0.0
2025-08-08 00:00:00-04:00,5.0844902992248535,5.12194507352331,5.075126828898304,5.0844902992248535,104000,0.0,0.0
2025-08-11 00:00:00-04:00,5.103217686374082,5.112581603196761,5.075126828898304,5.0844902992248535,140200,0.0,0.0
2025-08-12 00:00:00-04:00,5.103217381677754,5.15939998626709,5.093853911910267,5.15939998626709,172200,0.0,0.0
2025-08-13 00:00:00-04:00,5.168763456034577,5.168763456034577,5.131308683972422,5.15939998626709,232900,0.0,0.0
2025-08-14 00:00:00-04:00,5.140671942275896,5.150035858154297,5.121944557015178,5.150035858154297,157800,0.0,0.0
2025-08-15 00:00:00-04:00,5.150035941165604,5.159399857194939,5.103217254011117,5.131308555603027,196100,0.0,0.0
2025-08-18 00:00:00-04:00,5.140671942275896,5.150035858154297,5.10321717175446,5.150035858154297,110300,0.0,0.0
2025-08-19 00:00:00-04:00,5.131308990345989,5.150036377495217,5.0844902992248535,5.0844902992248535,119000,0.0,0.0
2025-08-20 00:00:00-04:00,5.075126647949219,5.075126647949219,5.018944488504658,5.075126647949219,128700,0.0,0.0
2025-08-21 00:00:00-04:00,5.06576290025692,5.084490287362456,5.0283081260458475,5.03767204284668,176800,0.0,0.0
2025-08-22 00:00:00-04:00,5.037671627790144,5.159399857194939,5.037671627790144,5.131308555603027,194000,0.0,0.0
2025-08-25 00:00:00-04:00,5.121944557015178,5.159399774032698,5.121944557015178,5.150035858154297,218700,0.0,0.0
2025-08-26 00:00:00-04:00,5.121944639573694,5.178127242757515,5.121944639573694,5.131308555603027,176300,0.0,0.0
2025-08-27 00:00:00-04:00,5.140672168105275,5.206218242645264,5.140672168105275,5.206218242645264,187000,0.0,0.0
2025-08-28 00:00:00-04:00,5.206218076774297,5.253036763739225,5.206218076774297,5.243672847747803,199400,0.0,0.0
2025-08-29 00:00:00-04:00,5.243673312828104,5.262400699975856,5.1874911513848465,5.196855068206787,219700,0.0,0.0
2025-09-02 00:00:00-04:00,5.1406722508835125,5.187490940093994,5.056399235399202,5.187490940093994,276200,0.0,0.0
2025-09-03 00:00:00-04:00,5.196854544554133,5.196854544554133,5.131308472893579,5.150035858154297,144100,0.0,0.0
2025-09-04 00:00:00-04:00,5.1781273867682,5.2249456287286735,5.159400000684789,5.206218242645264,241600,0.0,0.0
2025-09-05 00:00:00-04:00,5.243673143332474,5.262400529874886,5.18749098370524,5.234309673309326,210500,0.0,0.0
2025-09-08 00:00:00-04:00,5.271764459640823,5.2811279296875,5.243673156508562,5.2811279296875,176300,0.0,0.0
2025-09-09 00:00:00-04:00,5.281128225820746,5.290492142888609,5.253037367609438,5.271764755249023,124200,0.0,0.0
2025-09-10 00:00:00-04:00,5.28112783197701,5.299855218219987,5.253036975860596,5.253036975860596,161600,0.0,0.0
2025-09-11 00:00:00-04:00,5.271764850357828,5.299855709075928,5.271764850357828,5.299855709075928,142600,0.0,0.0
2025-09-12 00:00:00-04:00,5.299855004208061,5.299855004208061,5.243672847747803,5.243672847747803,133000,0.0,0.0
2025-09-15 00:00:00-04:00,5.253036763739225,5.2811276187213085,5.243672847747803,5.243672847747803,174300,0.0,0.0
2025-09-16 00:00:00-04:00,5.253036763739225,5.262400233234556,5.206218076774297,5.243672847747803,213000,0.0,0.0
2025-09-17 00:00:00-04:00,5.243672930980546,5.2530368471206,5.196854689768563,5.224945545196533,213000,0.0,0.0
2025-09-18 00:00:00-04:00,5.243673059491053,5.28112783197701,5.2343095896176175,5.253036975860596,205800,0.0,0.0
2025-09-19 00:00:00-04:00,5.290492142888609,5.290492142888609,5.2624008381811604,5.271764755249023,165800,0.0,0.0
2025-09-22 00:00:00-04:00,5.262400933121028,5.299855709075928,5.262400933121028,5.299855709075928,126500,0.0,0.0
2025-09-23 00:00:00-04:00,5.309219530528195,5.309219530528195,5.243673450541574,5.271764755249023,155200,0.0,0.0
2025-09-24 00:00:00-04:00,5.262400400895495,5.262400400895495,5.19685477285161,5.206218242645264,184400,0.0,0.0
2025-09-25 00:00:00-04:00,5.178127425824092,5.187490895688369,5.121944820654001,5.140672206878662,146200,0.0,0.0
2025-09-26 00:00:00-04:00,5.140672206878662,5.187490895688369,5.121944820654001,5.140672206878662,169700,0.0,0.0
2025-09-29 00:00:00-04:00,5.1874911513848465,5.196855068206787,5.150036377089342,5.196855068206787,144700,0.0,0.0
2025-09-30 00:00:00-04:00,5.150036377089342,5.206218538532599,5.150036377089342,5.196855068206787,178900,0.0,0.0
2025-10-01 00:00:00-04:00,5.19685477285161,5.21558215893502,5.187490856561853,5.206218242645264,86100,0.0,0.0
2025-10-02 00:00:00-04:00,5.215582075552575,5.234309461336588,5.196854689768563,5.224945545196533,110400,0.0,0.0
2025-10-03 00:00:00-04:00,5.22494546226105,5.262400233234556,5.215581992765718,5.243672847747803,199700,0.0,0.0
2025-10-06 00:00:00-04:00,5.2343092790527335,5.2343092790527335,5.206217978106941,5.215581893920898,223400,0.0,0.0
2025-10-07 00:00:00-04:00,5.215582060276683,5.243672915622378,5.178127288818359,5.178127288818359,193300,0.0,0.0
2025-10-08 00:00:00-04:00,5.18749098370524,5.234309673309326,5.1781275136820915,5.234309673309326,192700,0.0,0.0
2025-10-09 00:00:00-04:00,5.224945712863935,5.253037015689446,5.187490940093994,5.187490940093994,176600,0.0,0.0
2025-10-10 00:00:00-04:00,5.215582356381177,5.224945826529304,5.047035428753703,5.056399345397949,326800,0.0,0.0
2025-10-13 00:00:00-04:00,5.112581297941344,5.168763456034577,5.093853911910267,5.15939998626709,178900,0.0,0.0
2025-10-14 00:00:00-04:00,5.15003625085401,5.2062184109201555,5.112581477476579,5.168763637542725,249800,0.0,0.0
2025-10-15 00:00:00-04:00,5.215581992765718,5.2717641492259775,5.159399836305459,5.243672847747803,330400,0.0,0.0
2025-10-16 00:00:00-04:00,5.215582198273415,5.234309584498076,5.131308737014385,5.140672206878662,226900,0.0,0.0
2025-10-17 00:00:00-04:00,5.121944639573694,5.187490712290757,5.112581170040451,5.131308555603027,155300,0.0,0.0
2025-10-20 00:00:00-04:00,5.159400083764594,5.196854856534535,5.159400083764594,5.187490940093994,159100,0.0,0.0
2025-10-21 00:00:00-04:00,5.196854508789063,5.215581893920898,5.159399738525394,5.215581893920898,136000,0.0,0.0
2025-10-22 00:00:00-04:00,5.224945529893216,5.224945529893216,5.131308601247407,5.178127288818359,131500,0.0,0.0
2025-10-23 00:00:00-04:00,5.196854607278965,5.243672847747803,5.178127221792212,5.243672847747803,152400,0.0,0.0
2025-10-24 00:00:00-04:00,5.253037156940024,5.2904919307170974,5.243673240247694,5.2624006271362305,207500,0.0,0.0
2025-10-27 00:00:00-04:00,5.271764850357828,5.309219626312727,5.2436735451435785,5.299855709075928,159400,0.0,0.0
2025-10-28 00:00:00-04:00,5.318583097053377,5.327947014290177,5.281128321098477,5.299855709075928,155500,0.0,0.0
2025-10-29 00:00:00-04:00,5.318583001099918,5.327946918167781,5.234309979969852,5.271764755249023,204900,0.0,0.0
2025-10-30 00:00:00-04:00,5.243672915622378,5.253036831735007,5.1687633727057305,5.178127288818359,304200,0.0,0.0
2025-10-31 00:00:00-04:00,5.2062183264789645,5.262400485633876,5.159400083764594,5.187490940093994,200400,0.0,0.0
2025-11-03 00:00:00-05:00,5.224945363238775,5.24367274837061,5.178127123657229,5.215581893920898,184300,0.0,0.0
2025-11-04 00:00:00-05:00,5.178127242757515,5.178127242757515,5.103217254011117,5.131308555603027,187800,0.0,0.0
2025-11-05 00:00:00-05:00,5.121944557015178,5.159399774032698,5.10321717175446,5.150035858154297,199300,0.0,0.0
2025-11-06 00:00:00-05:00,5.131308990345989,5.140672460672539,5.075126828898304,5.0844902992248535,258600,0.0,0.0
2025-11-07 00:00:00-05:00,5.084490202338448,5.084490202338448,4.981489798228458,5.056399345397949,220700,0.0,0.0
2025-11-10 00:00:00-05:00,5.075126188770433,5.14067181227737,5.075126188770433,5.121944427490234,264200,0.0,0.0
2025-11-11 00:00:00-05:00,5.159400039599431,5.159400039599431,5.1032174344293395,5.140672206878662,151600,0.0,0.0
2025-11-12 00:00:00-05:00,5.150035544454585,5.150035544454585,5.103216860906575,5.1125807762146,216500,0.0,0.0
2025-11-13 00:00:00-05:00,5.1313081603345925,5.196854228002595,5.06576209266659,5.1125807762146,525500,0.0,0.0
2025-11-14 00:00:00-05:00,5.064710294901304,5.0742846356450535,5.007265620027888,5.016839504241943,384000,0.12,0.0
2025-11-17 00:00:00-05:00,5.016839733218699,5.045562300231199,4.921098604059891,4.978543281555176,287400,0.0,0.0
2025-11-18 00:00:00-05:00,4.959395357401368,4.959395357401368,4.873228564181807,4.949821472167969,233600,0.0,0.0
2025-11-19 00:00:00-05:00,4.9881178539314455,4.9881178539314455,4.882802378710606,4.940247058868408,547700,0.0,0.0
2025-11-20 00:00:00-05:00,5.026414110111421,5.035988451360184,4.825357509184586,4.83493185043335,297900,0.0,0.0
2025-11-21 00:00:00-05:00,4.834931674668101,4.921098460125935,4.806209108495688,4.8828020095825195,252800,0.0,0.0
2025-11-24 00:00:00-05:00,4.9115247904203,4.99769157964418,4.901950449101135,4.988117694854736,247400,0.0,0.0
2025-11-25 00:00:00-05:00,4.997691718676675,5.083858966827393,4.978543492035375,5.083858966827393,266500,0.0,0.0
2025-11-26 00:00:00-05:00,5.112581304889387,5.131729530668647,5.0934330791101265,5.12215518951416,250900,0.0,0.0
2025-11-28 00:00:00-05:00,5.122155313035103,5.150877880661496,5.112581428179455,5.141303539276123,296900,0.0,0.0
2025-12-01 00:00:00-05:00,5.12215518951416,5.150877756447907,5.083858737955639,5.12215518951416,184800,0.0,0.0
2025-12-02 00:00:00-05:00,5.13172935352636,5.150877578644643,5.093432903289795,5.093432903289795,185900,0.0,0.0
2025-12-03 00:00:00-05:00,5.1030069637349,5.12215518951416,5.0647105121763785,5.12215518951416,187800,0.0,0.0
2025-12-04 00:00:00-05:00,5.103007035476173,5.14130348757309,5.083858809427715,5.131729602813721,240000,0.0,0.0
2025-12-05 00:00:00-05:00,5.1221552615246315,5.179599939670006,5.1221552615246315,5.131729602813721,229900,0.0,0.0
2025-12-08 00:00:00-05:00,5.131729405988101,5.150877631302136,5.103006839752197,5.103006839752197,135600,0.0,0.0
2025-12-09 00:00:00-05:00,5.112581253051758,5.122155137579459,5.093433027466646,5.112581253051758,209100,0.0,0.0
2025-12-10 00:00:00-05:00,5.10300715803992,5.160451837564998,5.0838589315315605,5.150877952575684,204700,0.0,0.0
2025-12-11 00:00:00-05:00,5.112581304889387,5.141303415293421,5.083858737955639,5.12215518951416,478400,0.0,0.0
2025-12-12 00:00:00-05:00,5.103007141771095,5.13172970970693,5.055136803917677,5.07428503036499,241000,0.0,0.0
2025-12-15 00:00:00-05:00,5.1030070172887,5.1125813585436655,5.045562339348062,5.055136680603027,213800,0.0,0.0
2025-12-16 00:00:00-05:00,5.0359883308410645,5.055136556350624,5.016839648801797,5.0359883308410645,309700,0.0,0.0
2025-12-17 00:00:00-05:00,5.045562373180563,5.064710599289173,4.968969468746128,4.988117694854736,355700,0.0,0.0
2025-12-18 00:00:00-05:00,5.026414199041886,5.064710651655066,4.988117746428707,4.997691631317139,239300,0.0,0.0
2025-12-19 00:00:00-05:00,5.026414286903493,5.09343330841291,5.026414286903493,5.083858966827393,246800,0.0,0.0
2025-12-22 00:00:00-05:00,5.103007035476173,5.160451713621548,5.103007035476173,5.131729602813721,198600,0.0,0.0
2025-12-23 00:00:00-05:00,5.1317297260673245,5.150877952575684,5.122155384548279,5.150877952575684,179100,0.0,0.0
2025-12-24 00:00:00-05:00,5.160451960590349,5.179600187555202,5.141303733625495,5.1700263023376465,106400,0.0,0.0
2025-12-26 00:00:00-05:00,5.179600238800049,5.189174580642072,5.170026353487773,5.179600238800049,112700,0.0,0.0
2025-12-29 00:00:00-05:00,5.170025929807094,5.170025929807094,5.103006911994347,5.112581253051758,325600,0.0,0.0
2025-12-30 00:00:00-05:00,5.1030069637349,5.131729530668647,5.1030069637349,5.12215518951416,300600,0.0,0.0
2025-12-31 00:00:00-05:00,5.112581483259616,5.122155368218408,5.055136803917677,5.07428503036499,152400,0.0,0.0
2026-01-02 00:00:00-05:00,5.093433132563453,5.1030070172887,5.035988454622815,5.055136680603027,266200,0.0,0.0
2026-01-05 00:00:00-05:00,5.074284853330866,5.150877756447907,5.074284853330866,5.12215518951416,391100,0.0,0.0
2026-01-06 00:00:00-05:00,5.160451731472811,5.208322525024414,5.131729620565627,5.208322525024414,295300,0.0,0.0
2026-01-07 00:00:00-05:00,5.217896057273892,5.246618622770181,5.198747832452931,5.227470397949219,335400,0.0,0.0
2026-01-08 00:00:00-05:00,5.246618977253807,5.246618977253807,5.198748183702205,5.208322525024414,178700,0.0,0.0
2026-01-09 00:00:00-05:00,5.217896057273892,5.246618622770181,5.2083221731282565,5.227470397949219,125500,0.0,0.0
2026-01-12 00:00:00-05:00,5.237044406807856,5.246618747711182,5.227470522434231,5.246618747711182,249900,0.0,0.0
2026-01-13 00:00:00-05:00,5.275341366169999,5.284915250638501,5.246618799705082,5.256192684173584,145400,0.0,0.0
2026-01-14 00:00:00-05:00,5.256192862046294,5.265767203368504,5.170026072795021,5.208322525024414,255600,0.0,0.0
2026-01-15 00:00:00-05:00,5.227471158235727,5.256193271379686,5.198748588562012,5.198748588562012,365300,0.0,0.0
2026-01-16 00:00:00-05:00,5.217896816167903,5.227471158235727,5.17960036095612,5.198748588562012,584300,0.0,0.0
2026-01-20 00:00:00-05:00,5.14130348757309,5.179599939670006,5.1221552615246315,5.131729602813721,293900,0.0,0.0
2026-01-21 00:00:00-05:00,5.150877897686591,5.227470802903834,5.150877897686591,5.217896461486816,453900,0.0,0.0
2026-01-22 00:00:00-05:00,5.266845181510978,5.266845181510978,5.227686519454307,5.257055282592773,153800,0.12,0.0
2026-01-23 00:00:00-05:00,5.247265735782234,5.276634498278726,5.217896506477679,5.227686405181885,348800,0.0,0.0
2026-01-26 00:00:00-05:00,5.257055086974317,5.257055086974317,5.188527664329131,5.208106994628906,254500,0.0,0.0
2026-01-27 00:00:00-05:00,5.22768636010661,5.237475791918344,5.208107029675082,5.217896461486816,213000,0.0,0.0
2026-01-28 00:00:00-05:00,5.217896825203516,5.237476156999834,5.188528060913086,5.188528060913086,200200,0.0,0.0
2026-01-29 00:00:00-05:00,5.188527981858105,5.247265976352095,5.120000088211073,5.168948650360107,434200,0.0,0.0
2026-01-30 00:00:00-05:00,5.168948526056824,5.178737958166363,5.100420634057757,5.1395792961120605,194900,0.0,0.0
2026-02-02 00:00:00-05:00,5.149369318862111,5.168948650360107,5.110210189058033,5.168948650360107,220800,0.0,0.0
2026-02-03 00:00:00-05:00,5.16894876844818,5.178738201016782,5.051472309968286,5.080841541290283,372100,0.0,0.0
2026-02-04 00:00:00-05:00,5.080841302709086,5.0906307348180055,5.002523978605435,5.022103309631348,275400,0.0,0.0
2026-02-05 00:00:00-05:00,5.012313606486441,5.041682837576458,4.943786178623225,4.953575611114502,393100,0.0,0.0
2026-02-06 00:00:00-05:00,4.982944838015421,5.071051597595215,4.953575606950096,5.071051597595215,305300,0.0,0.0
2026-02-09 00:00:00-05:00,5.071051359848256,5.13957925124915,5.061261927824168,5.129789352416992,322300,0.0,0.0
2026-02-10 00:00:00-05:00,5.139579171094386,5.159158501645281,5.100420509992597,5.110209941864014,243200,0.0,0.0
2026-02-11 00:00:00-05:00,5.149369115047672,5.159158547005158,5.061261893389969,5.119999885559082,199000,0.0,0.0
2026-02-12 00:00:00-05:00,5.129789432294871,5.129789432294871,5.012313445328135,5.031892776489258,432500,0.0,0.0
2026-02-13 00:00:00-05:00,5.031892776489258,5.051472107650381,4.98294468199049,5.031892776489258,373000,0.0,0.0
2026-02-17 00:00:00-05:00,5.031892899871448,5.061262130737305,4.9927342365890315,5.061262130737305,307400,0.0,0.0
2026-02-18 00:00:00-05:00,5.071051280762225,5.110209941864014,5.071051280762225,5.110209941864014,288800,0.0,0.0
2026-02-19 00:00:00-05:00,5.100420873235583,5.100420873235583,5.051472309968286,5.080841541290283,226700,0.0,0.0
2026-02-20 00:00:00-05:00,5.080841541290283,5.110210305804185,5.051472309968286,5.080841541290283,244400,0.0,0.0
2026-02-23 00:00:00-05:00,5.06126200663498,5.071051438811503,5.002524013151612,5.031892776489258,334700,0.0,0.0
2026-02-24 00:00:00-05:00,5.031892899871448,5.061262130737305,5.022103467454888,5.061262130737305,164800,0.0,0.0
2026-02-25 00:00:00-05:00,5.051472187042236,5.080841417649542,5.051472187042236,5.051472187042236,191300,0.0,0.0
2026-02-26 00:00:00-05:00,5.090630531311035,5.090630531311035,5.0318925405814525,5.090630531311035,287800,0.0,0.0
2026-02-27 00:00:00-05:00,5.05147207276618,5.061261971683173,4.992734079688442,5.022103309631348,301700,0.0,0.0
2026-03-02 00:00:00-05:00,4.963365506241235,5.071051597595215,4.953575606950096,5.071051597595215,305100,0.0,0.0
2026-03-03 00:00:00-05:00,4.963365158124445,5.01231325072278,4.904627166921606,4.982944488525391,393000,0.0,0.0
2026-03-04 00:00:00-05:00,5.002523978605435,5.04168264065726,4.982944647579523,5.022103309631348,213300,0.0,0.0
2026-03-05 00:00:00-05:00,5.002524218741125,5.022103550706903,4.9339963234568565,4.96336555480957,363700,0.0,0.0
2026-03-06 00:00:00-05:00,4.933995995828697,4.943785894565564,4.865468105094831,4.885047435760498,393000,0.0,0.0
2026-03-09 00:00:00-04:00,4.845888863268718,4.924206654175249,4.7675715391702616,4.904627323150635,478700,0.0,0.0
2026-03-10 00:00:00-04:00,4.904627554139974,4.924206886086701,4.845889091491699,4.845889091491699,417200,0.0,0.0
2026-03-11 00:00:00-04:00,4.845888739710473,4.885047400761252,4.826309409185083,4.875257968902588,219400,0.0,0.0
2026-03-12 00:00:00-04:00,4.806730110590694,4.826309441246148,4.767571449279785,4.767571449279785,188100,0.0,0.0
2026-03-13 00:00:00-04:00,4.777361588607308,4.806730352665516,4.708833694458008,4.708833694458008,221900,0.0,0.0
2026-03-16 00:00:00-04:00,4.747992320469452,4.8165202140808105,4.747992320469452,4.8165202140808105,220900,0.0,0.0
2026-03-17 00:00:00-04:00,4.845889091491699,4.865468423438426,4.836099658922384,4.845889091491699,167000,0.0,0.0
2026-03-18 00:00:00-04:00,4.836099545568615,4.875258208544224,4.8165202140808105,4.8165202140808105,155600,0.0,0.0
2026-03-19 00:00:00-04:00,4.747992003555342,4.777361232230784,4.708833343193454,4.7382025718688965,512900,0.0,0.0
2026-03-20 00:00:00-04:00,4.718623225937013,4.718623225937013,4.620726108551025,4.620726108551025,287600,0.0,0.0
2026-03-23 00:00:00-04:00,4.708833615217047,4.747992277841083,4.650095621280993,4.689254283905029,371800,0.0,0.0
2026-03-24 00:00:00-04:00,4.6598856426749995,4.718623638153076,4.630516411531915,4.718623638153076,222800,0.0,0.0
2026-03-25 00:00:00-04:00,4.747992118624331,4.816520009322454,4.738202686700636,4.767571449279785,258400,0.0,0.0
2026-03-26 00:00:00-04:00,4.718623353459646,4.7479921160227025,4.650095462799072,4.650095462799072,246900,0.0,0.0
2026-03-27 00:00:00-04:00,4.61093683432454,4.650095495892675,4.513040180404202,4.5424089431762695,371400,0.0,0.0
2026-03-30 00:00:00-04:00,4.581567766657534,4.610936997275581,4.454302345467554,4.464091777801514,249000,0.0,0.0
2026-03-31 00:00:00-04:00,4.513040148285989,4.669674793443798,4.513040148285989,4.650095462799072,208900,0.0,0.0
2026-04-01 00:00:00-04:00,4.669675075183966,4.777361633631153,4.669675075183966,4.718623638153076,256700,0.0,0.0
2026-04-02 00:00:00-04:00,4.6305160224696795,4.767571333736285,4.6305160224696795,4.7382025718688965,168800,0.0,0.0
2026-04-06 00:00:00-04:00,4.728412866886063,4.796940758727916,4.70883353590383,4.787150859832764,351400,0.0,0.0
2026-04-07 00:00:00-04:00,4.7871507799352395,4.7871507799352395,4.708833457313422,4.767571449279785,233300,0.0,0.0
2026-04-08 00:00:00-04:00,4.904627357831054,4.953575452334663,4.885047559859919,4.914416790008545,176200,0.0,0.0
2026-04-09 00:00:00-04:00,4.9144169475332085,4.963365510413871,4.904627515041931,4.953575611114502,153700,0.0,0.0
2026-04-10 00:00:00-04:00,4.9927342746957954,4.9927342746957954,4.924206846832578,4.953575611114502,155000,0.0,0.0
2026-04-13 00:00:00-04:00,4.9242067321757945,5.041682720184326,4.894837501769621,5.041682720184326,466000,0.0,0.0
2026-04-14 00:00:00-04:00,5.051471994624417,5.13957921628212,5.051471994624417,5.119999885559082,211300,0.0,0.0
2026-04-15 00:00:00-04:00,5.149369115047672,5.149369115047672,5.11020998679353,5.119999885559082,286500,0.0,0.0
2026-04-16 00:00:00-04:00,5.070000171661377,5.110000133514404,5.050000190734863,5.059999942779541,337600,0.11,0.0
2026-04-17 00:00:00-04:00,5.099999904632568,5.190000057220459,5.099999904632568,5.159999847412109,522000,0.0,0.0
2026-04-20 00:00:00-04:00,5.139999866485596,5.179999828338623,5.119999885559082,5.179999828338623,240600,0.0,0.0
2026-04-21 00:00:00-04:00,5.190000057220459,5.230000019073486,5.139999866485596,5.159999847412109,292900,0.0,0.0
2026-04-22 00:00:00-04:00,5.190000057220459,5.21999979019165,5.179999828338623,5.21999979019165,169600,0.0,0.0
2026-04-23 00:00:00-04:00,5.179999828338623,5.210000038146973,5.130000114440918,5.139999866485596,427600,0.0,0.0
2026-04-24 00:00:00-04:00,5.199999809265137,5.239999771118164,5.159999847412109,5.239999771118164,363800,0.0,0.0
2026-04-27 00:00:00-04:00,5.260000228881836,5.28000020980835,5.230000019073486,5.28000020980835,307200,0.0,0.0
2026-04-28 00:00:00-04:00,5.260000228881836,5.260000228881836,5.159999847412109,5.159999847412109,330000,0.0,0.0
2026-04-29 00:00:00-04:00,5.150000095367432,5.150000095367432,5.079999923706055,5.090000152587891,203400,0.0,0.0
2026-04-30 00:00:00-04:00,5.119999885559082,5.199999809265137,5.110000133514404,5.190000057220459,411100,0.0,0.0
2026-05-01 00:00:00-04:00,5.210000038146973,5.230000019073486,5.179999828338623,5.190000057220459,214600,0.0,0.0
2026-05-04 00:00:00-04:00,5.210000038146973,5.210000038146973,5.150000095367432,5.199999809265137,241200,0.0,0.0
2026-05-05 00:00:00-04:00,5.210000038146973,5.25,5.190000057220459,5.21999979019165,183100,0.0,0.0
2026-05-06 00:00:00-04:00,5.269999980926514,5.360000133514404,5.269999980926514,5.340000152587891,569100,0.0,0.0
2026-05-07 00:00:00-04:00,5.340000152587891,5.349999904632568,5.260000228881836,5.260000228881836,627100,0.0,0.0
2026-05-08 00:00:00-04:00,5.269999980926514,5.300000190734863,5.239999771118164,5.260000228881836,316800,0.0,0.0
2026-05-11 00:00:00-04:00,5.25,5.309999942779541,5.25,5.260000228881836,261900,0.0,0.0
2026-05-12 00:00:00-04:00,5.260000228881836,5.260000228881836,5.199999809265137,5.25,365600,0.0,0.0
2026-05-13 00:00:00-04:00,5.25,5.260000228881836,5.199999809265137,5.230000019073486,245500,0.0,0.0
2026-05-14 00:00:00-04:00,5.25,5.309999942779541,5.25,5.28000020980835,277500,0.0,0.0
2026-05-15 00:00:00-04:00,5.230000019073486,5.239999771118164,5.170000076293945,5.170000076293945,177300,0.0,0.0
2026-05-18 00:00:00-04:00,5.159999847412109,5.230000019073486,5.130000114440918,5.150000095367432,342100,0.0,0.0
2026-05-19 00:00:00-04:00,5.130000114440918,5.130000114440918,5.079999923706055,5.099999904632568,212600,0.0,0.0
2026-05-20 00:00:00-04:00,5.119999885559082,5.179999828338623,5.090000152587891,5.179999828338623,153100,0.0,0.0
2026-05-21 00:00:00-04:00,5.179999828338623,5.21999979019165,5.150000095367432,5.21999979019165,127100,0.0,0.0
2026-05-22 00:00:00-04:00,5.28000020980835,5.300000190734863,5.230000019073486,5.25,291526,0.0,0.0
