Date,Open,High,Low,Close,Volume,Dividends,Stock Splits
2022-01-03 00:00:00-05:00,9.319999694824219,9.390000343322754,9.100000381469727,9.369999885559082,5074700,0.0,0.0
2022-01-04 00:00:00-05:00,9.369999885559082,9.489999771118164,9.119999885559082,9.329999923706055,6166400,0.0,0.0
2022-01-05 00:00:00-05:00,9.270000457763672,9.350000381469727,8.779999732971191,8.779999732971191,9432700,0.0,0.0
2022-01-06 00:00:00-05:00,8.789999961853027,9.020000457763672,8.470000267028809,8.779999732971191,11285300,0.0,0.0
2022-01-07 00:00:00-05:00,8.970000267028809,9.229999542236328,8.800000190734863,8.859999656677246,6329700,0.0,0.0
2022-01-10 00:00:00-05:00,8.819999694824219,8.84000015258789,8.510000228881836,8.84000015258789,7247600,0.0,0.0
2022-01-11 00:00:00-05:00,8.84000015258789,9.350000381469727,8.84000015258789,9.199999809265137,8447500,0.0,0.0
2022-01-12 00:00:00-05:00,9.260000228881836,9.350000381469727,9.039999961853027,9.199999809265137,5020700,0.0,0.0
2022-01-13 00:00:00-05:00,9.229999542236328,9.289999961853027,8.90999984741211,8.9399995803833,4328900,0.0,0.0
2022-01-14 00:00:00-05:00,8.869999885559082,9.079999923706055,8.84000015258789,9.039999961853027,5482600,0.0,0.0
2022-01-18 00:00:00-05:00,8.9399995803833,9.289999961853027,8.850000381469727,9.09000015258789,7450200,0.0,0.0
2022-01-19 00:00:00-05:00,9.130000114440918,9.319999694824219,8.90999984741211,8.930000305175781,8747600,0.0,0.0
2022-01-20 00:00:00-05:00,9.010000228881836,9.3100004196167,8.869999885559082,8.890000343322754,8433700,0.0,0.0
2022-01-21 00:00:00-05:00,8.850000381469727,8.90999984741211,8.520000457763672,8.539999961853027,10221200,0.0,0.0
2022-01-24 00:00:00-05:00,8.229999542236328,8.329999923706055,7.619999885559082,8.199999809265137,18067000,0.0,0.0
2022-01-25 00:00:00-05:00,7.980000019073486,8.220000267028809,7.820000171661377,8.079999923706055,8155500,0.0,0.0
2022-01-26 00:00:00-05:00,8.289999961853027,8.380000114440918,7.869999885559082,7.909999847412109,8418500,0.0,0.0
2022-01-27 00:00:00-05:00,7.980000019073486,8.050000190734863,7.5,7.550000190734863,10348200,0.0,0.0
2022-01-28 00:00:00-05:00,7.53000020980835,7.889999866485596,7.440000057220459,7.880000114440918,8896400,0.0,0.0
2022-01-31 00:00:00-05:00,7.519999980926514,8.329999923706055,7.400000095367432,8.229999542236328,19786600,0.0,0.0
2022-02-01 00:00:00-05:00,8.239999771118164,8.350000381469727,8.050000190734863,8.130000114440918,9295300,0.0,0.0
2022-02-02 00:00:00-05:00,8.180000305175781,8.180000305175781,7.610000133514404,7.71999979019165,12319600,0.0,0.0
2022-02-03 00:00:00-05:00,7.570000171661377,7.670000076293945,7.269999980926514,7.269999980926514,14579800,0.0,0.0
2022-02-04 00:00:00-05:00,7.269999980926514,7.449999809265137,7.130000114440918,7.369999885559082,8067600,0.0,0.0
2022-02-07 00:00:00-05:00,7.409999847412109,7.510000228881836,7.230000019073486,7.239999771118164,5392500,0.0,0.0
2022-02-08 00:00:00-05:00,7.210000038146973,7.349999904632568,7.139999866485596,7.289999961853027,5377400,0.0,0.0
2022-02-09 00:00:00-05:00,7.349999904632568,7.559999942779541,7.28000020980835,7.389999866485596,10347700,0.0,0.0
2022-02-10 00:00:00-05:00,7.25,7.590000152587891,7.179999828338623,7.230000019073486,8253500,0.0,0.0
2022-02-11 00:00:00-05:00,7.21999979019165,7.349999904632568,6.989999771118164,7.039999961853027,8309700,0.0,0.0
2022-02-14 00:00:00-05:00,6.980000019073486,7.179999828338623,6.860000133514404,6.900000095367432,7303200,0.0,0.0
2022-02-15 00:00:00-05:00,7.070000171661377,7.21999979019165,6.980000019073486,7.190000057220459,5678600,0.0,0.0
2022-02-16 00:00:00-05:00,7.159999847412109,7.179999828338623,7.0,7.150000095367432,4278400,0.0,0.0
2022-02-17 00:00:00-05:00,7.079999923706055,7.110000133514404,6.829999923706055,6.829999923706055,5926800,0.0,0.0
2022-02-18 00:00:00-05:00,6.849999904632568,6.949999809265137,6.639999866485596,6.650000095367432,7584900,0.0,0.0
2022-02-22 00:00:00-05:00,6.46999979019165,6.690000057220459,6.329999923706055,6.420000076293945,8646700,0.0,0.0
2022-02-23 00:00:00-05:00,6.53000020980835,6.659999847412109,6.239999771118164,6.260000228881836,7586200,0.0,0.0
2022-02-24 00:00:00-05:00,5.849999904632568,6.639999866485596,5.800000190734863,6.619999885559082,11565600,0.0,0.0
2022-02-25 00:00:00-05:00,6.599999904632568,6.71999979019165,6.400000095367432,6.71999979019165,5892100,0.0,0.0
2022-02-28 00:00:00-05:00,6.679999828338623,6.900000095367432,6.619999885559082,6.869999885559082,5733300,0.0,0.0
2022-03-01 00:00:00-05:00,6.880000114440918,7.0,6.71999979019165,6.78000020980835,6755200,0.0,0.0
2022-03-02 00:00:00-05:00,6.78000020980835,6.880000114440918,6.639999866485596,6.840000152587891,5708900,0.0,0.0
2022-03-03 00:00:00-05:00,6.829999923706055,6.900000095367432,6.610000133514404,6.730000019073486,4440700,0.0,0.0
2022-03-04 00:00:00-05:00,6.730000019073486,6.769999980926514,6.449999809265137,6.480000019073486,5353900,0.0,0.0
2022-03-07 00:00:00-05:00,6.510000228881836,6.599999904632568,6.289999961853027,6.300000190734863,5291700,0.0,0.0
2022-03-08 00:00:00-05:00,6.269999980926514,6.550000190734863,6.199999809265137,6.360000133514404,5713200,0.0,0.0
2022-03-09 00:00:00-05:00,6.489999771118164,6.769999980926514,6.480000019073486,6.739999771118164,5228400,0.0,0.0
2022-03-10 00:00:00-05:00,6.610000133514404,6.760000228881836,6.449999809265137,6.510000228881836,10825100,0.0,0.0
2022-03-11 00:00:00-05:00,6.559999942779541,6.630000114440918,6.230000019073486,6.239999771118164,4120800,0.0,0.0
2022-03-14 00:00:00-04:00,6.239999771118164,6.25,5.900000095367432,5.940000057220459,6084400,0.0,0.0
2022-03-15 00:00:00-04:00,5.949999809265137,6.099999904632568,5.880000114440918,6.090000152587891,7559400,0.0,0.0
2022-03-16 00:00:00-04:00,6.210000038146973,6.579999923706055,6.210000038146973,6.570000171661377,7085200,0.0,0.0
2022-03-17 00:00:00-04:00,6.539999961853027,6.849999904632568,6.489999771118164,6.820000171661377,5341300,0.0,0.0
2022-03-18 00:00:00-04:00,6.820000171661377,7.119999885559082,6.789999961853027,7.03000020980835,7879100,0.0,0.0
2022-03-21 00:00:00-04:00,7.28000020980835,7.449999809265137,7.079999923706055,7.130000114440918,8861100,0.0,0.0
2022-03-22 00:00:00-04:00,7.130000114440918,7.570000171661377,7.130000114440918,7.480000019073486,12656800,0.0,0.0
2022-03-23 00:00:00-04:00,7.46999979019165,7.860000133514404,7.389999866485596,7.550000190734863,10960400,0.0,0.0
2022-03-24 00:00:00-04:00,7.559999942779541,7.670000076293945,7.389999866485596,7.650000095367432,6099000,0.0,0.0
2022-03-25 00:00:00-04:00,7.630000114440918,7.639999866485596,7.329999923706055,7.389999866485596,7341900,0.0,0.0
2022-03-28 00:00:00-04:00,7.349999904632568,7.78000020980835,7.300000190734863,7.670000076293945,15377300,0.0,0.0
2022-03-29 00:00:00-04:00,7.71999979019165,7.96999979019165,7.610000133514404,7.829999923706055,16883600,0.0,0.0
2022-03-30 00:00:00-04:00,7.75,7.820000171661377,7.53000020980835,7.590000152587891,10155100,0.0,0.0
2022-03-31 00:00:00-04:00,7.599999904632568,7.619999885559082,7.369999885559082,7.460000038146973,12854500,0.0,0.0
2022-04-01 00:00:00-04:00,6.900000095367432,6.960000038146973,6.519999980926514,6.75,21689100,0.0,0.0
2022-04-04 00:00:00-04:00,6.800000190734863,7.059999942779541,6.679999828338623,7.059999942779541,8940200,0.0,0.0
2022-04-05 00:00:00-04:00,7.03000020980835,7.179999828338623,6.900000095367432,7.110000133514404,8772300,0.0,0.0
2022-04-06 00:00:00-04:00,6.929999828338623,7.03000020980835,6.829999923706055,6.920000076293945,7026200,0.0,0.0
2022-04-07 00:00:00-04:00,6.880000114440918,6.940000057220459,6.599999904632568,6.769999980926514,6628500,0.0,0.0
2022-04-08 00:00:00-04:00,6.789999961853027,7.010000228881836,6.710000038146973,6.800000190734863,5471800,0.0,0.0
2022-04-11 00:00:00-04:00,6.730000019073486,6.820000171661377,6.599999904632568,6.760000228881836,5477200,0.0,0.0
2022-04-12 00:00:00-04:00,6.829999923706055,7.03000020980835,6.639999866485596,6.699999809265137,5649200,0.0,0.0
2022-04-13 00:00:00-04:00,6.710000038146973,6.909999847412109,6.599999904632568,6.849999904632568,4255100,0.0,0.0
2022-04-14 00:00:00-04:00,6.880000114440918,6.929999828338623,6.659999847412109,6.679999828338623,4630800,0.0,0.0
2022-04-18 00:00:00-04:00,6.639999866485596,6.670000076293945,6.429999828338623,6.5,4809500,0.0,0.0
2022-04-19 00:00:00-04:00,6.519999980926514,6.739999771118164,6.449999809265137,6.639999866485596,4913800,0.0,0.0
2022-04-20 00:00:00-04:00,6.670000076293945,6.670000076293945,6.389999866485596,6.409999847412109,4635800,0.0,0.0
2022-04-21 00:00:00-04:00,6.46999979019165,6.550000190734863,6.139999866485596,6.159999847412109,5939600,0.0,0.0
2022-04-22 00:00:00-04:00,6.150000095367432,6.210000038146973,5.909999847412109,6.059999942779541,8267300,0.0,0.0
2022-04-25 00:00:00-04:00,5.96999979019165,6.099999904632568,5.940000057220459,6.079999923706055,5446500,0.0,0.0
2022-04-26 00:00:00-04:00,6.03000020980835,6.059999942779541,5.670000076293945,5.699999809265137,7247000,0.0,0.0
2022-04-27 00:00:00-04:00,5.650000095367432,5.829999923706055,5.579999923706055,5.599999904632568,6054100,0.0,0.0
2022-04-28 00:00:00-04:00,5.670000076293945,5.929999828338623,5.570000171661377,5.880000114440918,5344800,0.0,0.0
2022-04-29 00:00:00-04:00,5.840000152587891,6.019999980926514,5.71999979019165,5.71999979019165,5996900,0.0,0.0
2022-05-02 00:00:00-04:00,5.690000057220459,5.869999885559082,5.610000133514404,5.860000133514404,6701100,0.0,0.0
2022-05-03 00:00:00-04:00,5.860000133514404,5.980000019073486,5.800000190734863,5.880000114440918,5503200,0.0,0.0
2022-05-04 00:00:00-04:00,5.889999866485596,6.130000114440918,5.71999979019165,6.119999885559082,5707100,0.0,0.0
2022-05-05 00:00:00-04:00,6.019999980926514,6.039999961853027,5.769999980926514,5.820000171661377,6448200,0.0,0.0
2022-05-06 00:00:00-04:00,5.739999771118164,5.849999904632568,5.550000190734863,5.610000133514404,7545400,0.0,0.0
2022-05-09 00:00:00-04:00,5.510000228881836,5.570000171661377,5.110000133514404,5.139999866485596,9641400,0.0,0.0
2022-05-10 00:00:00-04:00,5.21999979019165,5.309999942779541,4.989999771118164,5.190000057220459,11288900,0.0,0.0
2022-05-11 00:00:00-04:00,5.159999847412109,5.289999961853027,4.889999866485596,4.889999866485596,8047700,0.0,0.0
2022-05-12 00:00:00-04:00,4.75,5.28000020980835,4.699999809265137,5.130000114440918,15275900,0.0,0.0
2022-05-13 00:00:00-04:00,5.269999980926514,5.869999885559082,5.239999771118164,5.829999923706055,18835300,0.0,0.0
2022-05-16 00:00:00-04:00,5.769999980926514,5.929999828338623,5.679999828338623,5.690000057220459,8060700,0.0,0.0
2022-05-17 00:00:00-04:00,5.78000020980835,6.03000020980835,5.769999980926514,6.010000228881836,8153100,0.0,0.0
2022-05-18 00:00:00-04:00,5.929999828338623,6.25,5.829999923706055,5.880000114440918,11193800,0.0,0.0
2022-05-19 00:00:00-04:00,5.78000020980835,6.150000095367432,5.75,6.010000228881836,20904300,0.0,0.0
2022-05-20 00:00:00-04:00,6.099999904632568,6.210000038146973,5.739999771118164,5.889999866485596,12836900,0.0,0.0
2022-05-23 00:00:00-04:00,5.909999847412109,5.96999979019165,5.730000019073486,5.949999809265137,6860600,0.0,0.0
2022-05-24 00:00:00-04:00,5.869999885559082,5.869999885559082,5.619999885559082,5.739999771118164,7297300,0.0,0.0
2022-05-25 00:00:00-04:00,5.679999828338623,5.96999979019165,5.679999828338623,5.909999847412109,11079800,0.0,0.0
2022-05-26 00:00:00-04:00,5.849999904632568,6.119999885559082,5.840000152587891,6.070000171661377,9886700,0.0,0.0
2022-05-27 00:00:00-04:00,6.130000114440918,6.769999980926514,6.050000190734863,6.570000171661377,22551400,0.0,0.0
2022-05-31 00:00:00-04:00,6.5,6.510000228881836,5.960000038146973,6.050000190734863,13174300,0.0,0.0
2022-06-01 00:00:00-04:00,6.039999961853027,6.159999847412109,5.639999866485596,5.730000019073486,11298700,0.0,0.0
2022-06-02 00:00:00-04:00,5.690000057220459,6.210000038146973,5.679999828338623,6.159999847412109,14918100,0.0,0.0
2022-06-03 00:00:00-04:00,6.050000190734863,6.110000133514404,5.809999942779541,5.829999923706055,9865800,0.0,0.0
2022-06-06 00:00:00-04:00,5.909999847412109,6.0,5.800000190734863,5.900000095367432,10476400,0.0,0.0
2022-06-07 00:00:00-04:00,5.840000152587891,6.130000114440918,5.789999961853027,6.119999885559082,11532700,0.0,0.0
2022-06-08 00:00:00-04:00,6.090000152587891,6.190000057220459,6.010000228881836,6.130000114440918,10667300,0.0,0.0
2022-06-09 00:00:00-04:00,6.110000133514404,6.110000133514404,5.789999961853027,5.789999961853027,8516800,0.0,0.0
2022-06-10 00:00:00-04:00,5.610000133514404,5.739999771118164,5.489999771118164,5.539999961853027,9195100,0.0,0.0
2022-06-13 00:00:00-04:00,5.300000190734863,5.360000133514404,5.119999885559082,5.130000114440918,7684900,0.0,0.0
2022-06-14 00:00:00-04:00,5.150000095367432,5.269999980926514,5.050000190734863,5.139999866485596,8841400,0.0,0.0
2022-06-15 00:00:00-04:00,5.21999979019165,5.510000228881836,5.190000057220459,5.429999828338623,7643100,0.0,0.0
2022-06-16 00:00:00-04:00,5.230000019073486,5.269999980926514,5.0,5.070000171661377,8237000,0.0,0.0
2022-06-17 00:00:00-04:00,5.090000152587891,5.300000190734863,5.010000228881836,5.190000057220459,9362600,0.0,0.0
2022-06-21 00:00:00-04:00,5.400000095367432,5.449999809265137,5.260000228881836,5.269999980926514,8792700,0.0,0.0
2022-06-22 00:00:00-04:00,5.159999847412109,5.440000057220459,5.130000114440918,5.320000171661377,6103800,0.0,0.0
2022-06-23 00:00:00-04:00,5.329999923706055,5.400000095367432,5.159999847412109,5.369999885559082,10104700,0.0,0.0
2022-06-24 00:00:00-04:00,5.269999980926514,5.760000228881836,5.260000228881836,5.75,14534900,0.0,0.0
2022-06-27 00:00:00-04:00,5.760000228881836,5.869999885559082,5.639999866485596,5.800000190734863,10081600,0.0,0.0
2022-06-28 00:00:00-04:00,5.860000133514404,6.0,5.739999771118164,5.739999771118164,9816100,0.0,0.0
2022-06-29 00:00:00-04:00,5.75,5.75,5.46999979019165,5.539999961853027,9675000,0.0,0.0
2022-06-30 00:00:00-04:00,5.420000076293945,5.46999979019165,5.260000228881836,5.389999866485596,10152200,0.0,0.0
2022-07-01 00:00:00-04:00,5.400000095367432,5.480000019073486,5.260000228881836,5.449999809265137,6689300,0.0,0.0
2022-07-05 00:00:00-04:00,5.360000133514404,5.639999866485596,5.260000228881836,5.639999866485596,8980300,0.0,0.0
2022-07-06 00:00:00-04:00,5.679999828338623,5.889999866485596,5.659999847412109,5.840000152587891,8001300,0.0,0.0
2022-07-07 00:00:00-04:00,5.869999885559082,6.110000133514404,5.829999923706055,6.059999942779541,5737600,0.0,0.0
2022-07-08 00:00:00-04:00,5.989999771118164,6.099999904632568,5.869999885559082,5.940000057220459,5846600,0.0,0.0
2022-07-11 00:00:00-04:00,5.849999904632568,5.940000057220459,5.670000076293945,5.710000038146973,5341700,0.0,0.0
2022-07-12 00:00:00-04:00,5.75,5.78000020980835,5.5,5.630000114440918,6414700,0.0,0.0
2022-07-13 00:00:00-04:00,5.53000020980835,5.800000190734863,5.510000228881836,5.789999961853027,7101400,0.0,0.0
2022-07-14 00:00:00-04:00,5.670000076293945,5.730000019073486,5.550000190734863,5.619999885559082,7137400,0.0,0.0
2022-07-15 00:00:00-04:00,5.71999979019165,5.78000020980835,5.559999942779541,5.75,7503800,0.0,0.0
2022-07-18 00:00:00-04:00,5.829999923706055,5.949999809265137,5.730000019073486,5.75,5372100,0.0,0.0
2022-07-19 00:00:00-04:00,5.849999904632568,6.010000228881836,5.809999942779541,5.96999979019165,4197400,0.0,0.0
2022-07-20 00:00:00-04:00,5.949999809265137,6.25,5.949999809265137,6.170000076293945,7160500,0.0,0.0
2022-07-21 00:00:00-04:00,6.139999866485596,6.25,6.079999923706055,6.210000038146973,3240200,0.0,0.0
2022-07-22 00:00:00-04:00,6.210000038146973,6.25,5.880000114440918,5.929999828338623,5561500,0.0,0.0
2022-07-25 00:00:00-04:00,5.920000076293945,5.929999828338623,5.769999980926514,5.860000133514404,4145400,0.0,0.0
2022-07-26 00:00:00-04:00,5.789999961853027,5.789999961853027,5.630000114440918,5.710000038146973,4544800,0.0,0.0
2022-07-27 00:00:00-04:00,5.840000152587891,5.96999979019165,5.800000190734863,5.960000038146973,4028700,0.0,0.0
2022-07-28 00:00:00-04:00,5.929999828338623,6.119999885559082,5.840000152587891,6.119999885559082,4576900,0.0,0.0
2022-07-29 00:00:00-04:00,6.090000152587891,6.170000076293945,6.0,6.130000114440918,6140600,0.0,0.0
2022-08-01 00:00:00-04:00,6.079999923706055,6.170000076293945,6.0,6.099999904632568,5165100,0.0,0.0
2022-08-02 00:00:00-04:00,6.019999980926514,6.380000114440918,6.010000228881836,6.300000190734863,6529900,0.0,0.0
2022-08-03 00:00:00-04:00,6.349999904632568,6.599999904632568,6.349999904632568,6.570000171661377,5451400,0.0,0.0
2022-08-04 00:00:00-04:00,6.570000171661377,6.670000076293945,6.5,6.650000095367432,4342300,0.0,0.0
2022-08-05 00:00:00-04:00,6.519999980926514,6.769999980926514,6.449999809265137,6.75,5746700,0.0,0.0
2022-08-08 00:00:00-04:00,6.840000152587891,7.150000095367432,6.840000152587891,6.900000095367432,9476400,0.0,0.0
2022-08-09 00:00:00-04:00,6.820000171661377,6.869999885559082,6.570000171661377,6.590000152587891,5293600,0.0,0.0
2022-08-10 00:00:00-04:00,6.800000190734863,6.980000019073486,6.760000228881836,6.929999828338623,4709500,0.0,0.0
2022-08-11 00:00:00-04:00,7.019999980926514,7.090000152587891,6.710000038146973,6.739999771118164,6966300,0.0,0.0
2022-08-12 00:00:00-04:00,6.800000190734863,6.860000133514404,6.710000038146973,6.78000020980835,4346900,0.0,0.0
2022-08-15 00:00:00-04:00,6.690000057220459,6.900000095367432,6.679999828338623,6.860000133514404,3344900,0.0,0.0
2022-08-16 00:00:00-04:00,6.820000171661377,7.199999809265137,6.699999809265137,7.019999980926514,11236900,0.0,0.0
2022-08-17 00:00:00-04:00,6.900000095367432,6.96999979019165,6.730000019073486,6.769999980926514,7287200,0.0,0.0
2022-08-18 00:00:00-04:00,6.739999771118164,6.789999961853027,6.650000095367432,6.75,3703300,0.0,0.0
2022-08-19 00:00:00-04:00,6.630000114440918,6.670000076293945,6.349999904632568,6.369999885559082,3578000,0.0,0.0
2022-08-22 00:00:00-04:00,6.21999979019165,6.25,6.019999980926514,6.099999904632568,4103800,0.0,0.0
2022-08-23 00:00:00-04:00,6.119999885559082,6.230000019073486,6.079999923706055,6.150000095367432,3522000,0.0,0.0
2022-08-24 00:00:00-04:00,6.179999828338623,6.329999923706055,6.150000095367432,6.269999980926514,2815100,0.0,0.0
2022-08-25 00:00:00-04:00,6.320000171661377,6.420000076293945,6.28000020980835,6.420000076293945,3409900,0.0,0.0
2022-08-26 00:00:00-04:00,6.409999847412109,6.420000076293945,6.079999923706055,6.090000152587891,4479000,0.0,0.0
2022-08-29 00:00:00-04:00,6.0,6.190000057220459,5.96999979019165,6.110000133514404,8974300,0.0,0.0
2022-08-30 00:00:00-04:00,6.099999904632568,6.260000228881836,6.0,6.039999961853027,5007200,0.0,0.0
2022-08-31 00:00:00-04:00,6.110000133514404,6.139999866485596,5.929999828338623,5.940000057220459,4144300,0.0,0.0
2022-09-01 00:00:00-04:00,5.889999866485596,5.889999866485596,5.659999847412109,5.760000228881836,4189200,0.0,0.0
2022-09-02 00:00:00-04:00,5.849999904632568,5.869999885559082,5.679999828338623,5.739999771118164,3693300,0.0,0.0
2022-09-06 00:00:00-04:00,5.730000019073486,5.75,5.559999942779541,5.579999923706055,4800900,0.0,0.0
2022-09-07 00:00:00-04:00,5.570000171661377,5.699999809265137,5.5,5.690000057220459,5852300,0.0,0.0
2022-09-08 00:00:00-04:00,5.639999866485596,5.820000171661377,5.579999923706055,5.789999961853027,4036600,0.0,0.0
2022-09-09 00:00:00-04:00,5.880000114440918,6.090000152587891,5.880000114440918,6.019999980926514,4197800,0.0,0.0
2022-09-12 00:00:00-04:00,6.070000171661377,6.210000038146973,6.070000171661377,6.199999809265137,3683200,0.0,0.0
2022-09-13 00:00:00-04:00,5.900000095367432,5.989999771118164,5.829999923706055,5.929999828338623,6715400,0.0,0.0
2022-09-14 00:00:00-04:00,5.940000057220459,6.050000190734863,5.829999923706055,5.960000038146973,7881800,0.0,0.0
2022-09-15 00:00:00-04:00,5.900000095367432,6.099999904632568,5.889999866485596,6.050000190734863,7950900,0.0,0.0
2022-09-16 00:00:00-04:00,5.920000076293945,5.920000076293945,5.659999847412109,5.71999979019165,5644400,0.0,0.0
2022-09-19 00:00:00-04:00,5.619999885559082,5.769999980926514,5.559999942779541,5.739999771118164,6396900,0.0,0.0
2022-09-20 00:00:00-04:00,5.690000057220459,5.699999809265137,5.559999942779541,5.579999923706055,2836400,0.0,0.0
2022-09-21 00:00:00-04:00,5.579999923706055,5.659999847412109,5.449999809265137,5.449999809265137,5727200,0.0,0.0
2022-09-22 00:00:00-04:00,5.449999809265137,5.46999979019165,5.239999771118164,5.239999771118164,4112400,0.0,0.0
2022-09-23 00:00:00-04:00,5.139999866485596,5.210000038146973,5.0,5.070000171661377,7571200,0.0,0.0
2022-09-26 00:00:00-04:00,5.03000020980835,5.230000019073486,4.96999979019165,4.96999979019165,8010200,0.0,0.0
2022-09-27 00:00:00-04:00,5.050000190734863,5.170000076293945,4.96999979019165,5.090000152587891,7366700,0.0,0.0
2022-09-28 00:00:00-04:00,4.940000057220459,5.119999885559082,4.809999942779541,4.989999771118164,7009600,0.0,0.0
2022-09-29 00:00:00-04:00,4.949999809265137,4.989999771118164,4.679999828338623,4.800000190734863,9233300,0.0,0.0
2022-09-30 00:00:00-04:00,4.769999980926514,4.880000114440918,4.699999809265137,4.699999809265137,5013900,0.0,0.0
2022-10-03 00:00:00-04:00,4.760000228881836,4.840000152587891,4.670000076293945,4.809999942779541,7211800,0.0,0.0
2022-10-04 00:00:00-04:00,4.929999828338623,5.050000190734863,4.909999847412109,4.989999771118164,5627300,0.0,0.0
2022-10-05 00:00:00-04:00,4.900000095367432,4.940000057220459,4.760000228881836,4.909999847412109,5164500,0.0,0.0
2022-10-06 00:00:00-04:00,4.869999885559082,4.929999828338623,4.75,4.809999942779541,4496600,0.0,0.0
2022-10-07 00:00:00-04:00,4.730000019073486,4.75,4.550000190734863,4.579999923706055,7060800,0.0,0.0
2022-10-10 00:00:00-04:00,4.559999942779541,4.570000171661377,4.329999923706055,4.429999828338623,7411200,0.0,0.0
2022-10-11 00:00:00-04:00,4.380000114440918,4.409999847412109,4.139999866485596,4.179999828338623,8606600,0.0,0.0
2022-10-12 00:00:00-04:00,4.159999847412109,4.25,4.110000133514404,4.199999809265137,9178700,0.0,0.0
2022-10-13 00:00:00-04:00,4.019999980926514,4.309999942779541,3.940000057220459,4.199999809265137,10076800,0.0,0.0
2022-10-14 00:00:00-04:00,4.230000019073486,4.25,3.950000047683716,3.9800000190734863,17027600,0.0,0.0
2022-10-17 00:00:00-04:00,4.090000152587891,4.400000095367432,4.090000152587891,4.300000190734863,10098500,0.0,0.0
2022-10-18 00:00:00-04:00,4.460000038146973,4.550000190734863,4.349999904632568,4.380000114440918,5139800,0.0,0.0
2022-10-19 00:00:00-04:00,4.320000171661377,4.369999885559082,4.21999979019165,4.21999979019165,3376400,0.0,0.0
2022-10-20 00:00:00-04:00,4.230000019073486,4.46999979019165,4.199999809265137,4.340000152587891,4368200,0.0,0.0
2022-10-21 00:00:00-04:00,4.340000152587891,4.440000057220459,4.28000020980835,4.400000095367432,6645300,0.0,0.0
2022-10-24 00:00:00-04:00,4.400000095367432,4.429999828338623,4.289999961853027,4.420000076293945,4645600,0.0,0.0
2022-10-25 00:00:00-04:00,4.420000076293945,4.619999885559082,4.409999847412109,4.570000171661377,3592800,0.0,0.0
2022-10-26 00:00:00-04:00,4.5,4.610000133514404,4.460000038146973,4.53000020980835,4139100,0.0,0.0
2022-10-27 00:00:00-04:00,4.550000190734863,4.619999885559082,4.5,4.53000020980835,3079700,0.0,0.0
2022-10-28 00:00:00-04:00,4.5,4.639999866485596,4.480000019073486,4.630000114440918,3878200,0.0,0.0
2022-10-31 00:00:00-04:00,4.599999904632568,4.710000038146973,4.570000171661377,4.659999847412109,3332000,0.0,0.0
2022-11-01 00:00:00-04:00,4.75,4.789999961853027,4.619999885559082,4.659999847412109,3565000,0.0,0.0
2022-11-02 00:00:00-04:00,4.659999847412109,4.659999847412109,4.389999866485596,4.409999847412109,4300400,0.0,0.0
2022-11-03 00:00:00-04:00,4.360000133514404,4.409999847412109,4.260000228881836,4.269999980926514,3986700,0.0,0.0
2022-11-04 00:00:00-04:00,4.360000133514404,4.409999847412109,4.190000057220459,4.409999847412109,5946300,0.0,0.0
2022-11-07 00:00:00-05:00,4.409999847412109,4.789999961853027,4.360000133514404,4.75,8414900,0.0,0.0
2022-11-08 00:00:00-05:00,4.75,4.869999885559082,4.659999847412109,4.769999980926514,7801100,0.0,0.0
2022-11-09 00:00:00-05:00,4.730000019073486,4.739999771118164,4.570000171661377,4.650000095367432,5876100,0.0,0.0
2022-11-10 00:00:00-05:00,4.880000114440918,5.010000228881836,4.829999923706055,4.920000076293945,7342200,0.0,0.0
2022-11-11 00:00:00-05:00,4.949999809265137,5.139999866485596,4.849999904632568,4.96999979019165,29496800,0.0,0.0
2022-11-14 00:00:00-05:00,4.940000057220459,4.96999979019165,4.75,4.769999980926514,5871900,0.0,0.0
2022-11-15 00:00:00-05:00,4.869999885559082,5.010000228881836,4.840000152587891,4.840000152587891,6942300,0.0,0.0
2022-11-16 00:00:00-05:00,4.809999942779541,4.829999923706055,4.730000019073486,4.789999961853027,4026800,0.0,0.0
2022-11-17 00:00:00-05:00,4.679999828338623,4.75,4.610000133514404,4.730000019073486,3468900,0.0,0.0
2022-11-18 00:00:00-05:00,4.820000171661377,4.820000171661377,4.699999809265137,4.760000228881836,4086600,0.0,0.0
2022-11-21 00:00:00-05:00,4.71999979019165,4.730000019073486,4.519999980926514,4.590000152587891,4455000,0.0,0.0
2022-11-22 00:00:00-05:00,4.619999885559082,4.699999809265137,4.53000020980835,4.650000095367432,2622800,0.0,0.0
2022-11-23 00:00:00-05:00,4.639999866485596,4.880000114440918,4.590000152587891,4.809999942779541,3731800,0.0,0.0
2022-11-25 00:00:00-05:00,4.809999942779541,4.889999866485596,4.760000228881836,4.840000152587891,1531000,0.0,0.0
2022-11-28 00:00:00-05:00,4.800000190734863,4.880000114440918,4.760000228881836,4.800000190734863,4980100,0.0,0.0
2022-11-29 00:00:00-05:00,4.809999942779541,4.880000114440918,4.699999809265137,4.840000152587891,4389600,0.0,0.0
2022-11-30 00:00:00-05:00,4.820000171661377,4.889999866485596,4.639999866485596,4.869999885559082,11391000,0.0,0.0
2022-12-01 00:00:00-05:00,4.880000114440918,5.139999866485596,4.880000114440918,5.079999923706055,8192200,0.0,0.0
2022-12-02 00:00:00-05:00,4.989999771118164,5.28000020980835,4.960000038146973,5.199999809265137,5928700,0.0,0.0
2022-12-05 00:00:00-05:00,5.170000076293945,5.190000057220459,4.820000171661377,4.840000152587891,4597400,0.0,0.0
2022-12-06 00:00:00-05:00,4.840000152587891,4.849999904632568,4.550000190734863,4.579999923706055,5868400,0.0,0.0
2022-12-07 00:00:00-05:00,4.579999923706055,4.590000152587891,4.369999885559082,4.369999885559082,5059800,0.0,0.0
2022-12-08 00:00:00-05:00,4.420000076293945,4.559999942779541,4.360000133514404,4.400000095367432,5427600,0.0,0.0
2022-12-09 00:00:00-05:00,4.380000114440918,4.429999828338623,4.349999904632568,4.400000095367432,3651700,0.0,0.0
2022-12-12 00:00:00-05:00,4.380000114440918,4.46999979019165,4.349999904632568,4.409999847412109,3290200,0.0,0.0
2022-12-13 00:00:00-05:00,4.599999904632568,4.71999979019165,4.429999828338623,4.429999828338623,5928900,0.0,0.0
2022-12-14 00:00:00-05:00,4.429999828338623,4.519999980926514,4.349999904632568,4.389999866485596,6101700,0.0,0.0
2022-12-15 00:00:00-05:00,4.329999923706055,4.329999923706055,4.21999979019165,4.260000228881836,9393200,0.0,0.0
2022-12-16 00:00:00-05:00,4.21999979019165,4.260000228881836,4.170000076293945,4.21999979019165,6318700,0.0,0.0
2022-12-19 00:00:00-05:00,4.199999809265137,4.21999979019165,4.019999980926514,4.110000133514404,8847600,0.0,0.0
2022-12-20 00:00:00-05:00,4.099999904632568,4.230000019073486,4.070000171661377,4.150000095367432,7513300,0.0,0.0
2022-12-21 00:00:00-05:00,3.9800000190734863,4.050000190734863,3.640000104904175,3.75,23819300,0.0,0.0
2022-12-22 00:00:00-05:00,3.690000057220459,3.690000057220459,3.369999885559082,3.430000066757202,11914700,0.0,0.0
2022-12-23 00:00:00-05:00,3.4200000762939453,3.430000066757202,3.319999933242798,3.4000000953674316,10407900,0.0,0.0
2022-12-27 00:00:00-05:00,3.369999885559082,3.4100000858306885,3.2699999809265137,3.2899999618530273,9346700,0.0,0.0
2022-12-28 00:00:00-05:00,3.3299999237060547,3.3399999141693115,3.1700000762939453,3.180000066757202,7038900,0.0,0.0
2022-12-29 00:00:00-05:00,3.200000047683716,3.2899999618530273,3.190000057220459,3.259999990463257,7616400,0.0,0.0
2022-12-30 00:00:00-05:00,3.2200000286102295,3.259999990463257,3.180000066757202,3.259999990463257,7189400,0.0,0.0
2023-01-03 00:00:00-05:00,3.3499999046325684,3.509999990463257,3.2699999809265137,3.309999942779541,9370900,0.0,0.0
2023-01-04 00:00:00-05:00,3.369999885559082,3.7100000381469727,3.3399999141693115,3.619999885559082,13007800,0.0,0.0
2023-01-05 00:00:00-05:00,3.640000104904175,3.640000104904175,3.4700000286102295,3.5199999809265137,7880600,0.0,0.0
2023-01-06 00:00:00-05:00,3.549999952316284,3.5799999237060547,3.4200000762939453,3.5199999809265137,7190300,0.0,0.0
2023-01-09 00:00:00-05:00,3.559999942779541,3.630000114440918,3.4600000381469727,3.4600000381469727,7223200,0.0,0.0
2023-01-10 00:00:00-05:00,3.5,3.6600000858306885,3.4800000190734863,3.640000104904175,5468200,0.0,0.0
2023-01-11 00:00:00-05:00,3.6700000762939453,3.7300000190734863,3.630000114440918,3.7100000381469727,3851300,0.0,0.0
2023-01-12 00:00:00-05:00,3.7300000190734863,3.8399999141693115,3.609999895095825,3.819999933242798,6386500,0.0,0.0
2023-01-13 00:00:00-05:00,3.75,3.869999885559082,3.740000009536743,3.809999942779541,5314100,0.0,0.0
2023-01-17 00:00:00-05:00,3.9600000381469727,4.130000114440918,3.9000000953674316,4.079999923706055,10111100,0.0,0.0
2023-01-18 00:00:00-05:00,4.110000133514404,4.349999904632568,4.070000171661377,4.159999847412109,10420400,0.0,0.0
2023-01-19 00:00:00-05:00,4.130000114440918,4.179999828338623,4.03000020980835,4.119999885559082,8773000,0.0,0.0
2023-01-20 00:00:00-05:00,4.139999866485596,4.21999979019165,4.079999923706055,4.170000076293945,7464700,0.0,0.0
2023-01-23 00:00:00-05:00,4.179999828338623,4.289999961853027,4.119999885559082,4.260000228881836,4313900,0.0,0.0
2023-01-24 00:00:00-05:00,4.269999980926514,4.320000171661377,4.199999809265137,4.269999980926514,4571200,0.0,0.0
2023-01-25 00:00:00-05:00,4.199999809265137,4.239999771118164,4.110000133514404,4.199999809265137,5579800,0.0,0.0
2023-01-26 00:00:00-05:00,4.269999980926514,4.320000171661377,4.170000076293945,4.21999979019165,5600100,0.0,0.0
2023-01-27 00:00:00-05:00,4.190000057220459,4.409999847412109,4.179999828338623,4.369999885559082,6439100,0.0,0.0
2023-01-30 00:00:00-05:00,4.289999961853027,4.349999904632568,4.179999828338623,4.21999979019165,9472500,0.0,0.0
2023-01-31 00:00:00-05:00,4.230000019073486,4.289999961853027,4.21999979019165,4.25,8157100,0.0,0.0
2023-02-01 00:00:00-05:00,4.260000228881836,4.53000020980835,4.239999771118164,4.489999771118164,8567200,0.0,0.0
2023-02-02 00:00:00-05:00,4.650000095367432,4.78000020980835,4.539999961853027,4.579999923706055,10282800,0.0,0.0
2023-02-03 00:00:00-05:00,4.440000057220459,4.610000133514404,4.409999847412109,4.460000038146973,8336100,0.0,0.0
2023-02-06 00:00:00-05:00,4.400000095367432,4.53000020980835,4.360000133514404,4.409999847412109,9426200,0.0,0.0
2023-02-07 00:00:00-05:00,4.420000076293945,4.460000038146973,4.309999942779541,4.440000057220459,6774200,0.0,0.0
2023-02-08 00:00:00-05:00,4.409999847412109,4.489999771118164,4.360000133514404,4.369999885559082,5841900,0.0,0.0
2023-02-09 00:00:00-05:00,4.440000057220459,4.489999771118164,4.21999979019165,4.21999979019165,5586300,0.0,0.0
2023-02-10 00:00:00-05:00,4.199999809265137,4.21999979019165,4.050000190734863,4.110000133514404,5506900,0.0,0.0
2023-02-13 00:00:00-05:00,4.139999866485596,4.210000038146973,4.119999885559082,4.179999828338623,3557800,0.0,0.0
2023-02-14 00:00:00-05:00,4.199999809265137,4.269999980926514,4.110000133514404,4.239999771118164,3864100,0.0,0.0
2023-02-15 00:00:00-05:00,4.170000076293945,4.369999885559082,4.170000076293945,4.369999885559082,4955400,0.0,0.0
2023-02-16 00:00:00-05:00,4.300000190734863,4.349999904632568,4.210000038146973,4.260000228881836,4391600,0.0,0.0
2023-02-17 00:00:00-05:00,4.230000019073486,4.25,4.099999904632568,4.150000095367432,4577400,0.0,0.0
2023-02-21 00:00:00-05:00,4.079999923706055,4.110000133514404,3.890000104904175,3.9000000953674316,5589300,0.0,0.0
2023-02-22 00:00:00-05:00,3.930000066757202,3.9700000286102295,3.8499999046325684,3.869999885559082,5763800,0.0,0.0
2023-02-23 00:00:00-05:00,3.9100000858306885,3.950000047683716,3.799999952316284,3.859999895095825,4333500,0.0,0.0
2023-02-24 00:00:00-05:00,3.799999952316284,3.809999942779541,3.740000009536743,3.799999952316284,3683300,0.0,0.0
2023-02-27 00:00:00-05:00,3.8499999046325684,3.930000066757202,3.8299999237060547,3.880000114440918,5058200,0.0,0.0
2023-02-28 00:00:00-05:00,3.880000114440918,3.9200000762939453,3.8399999141693115,3.880000114440918,3810500,0.0,0.0
2023-03-01 00:00:00-05:00,3.880000114440918,3.930000066757202,3.819999933242798,3.8299999237060547,2890800,0.0,0.0
2023-03-02 00:00:00-05:00,3.809999942779541,3.9600000381469727,3.799999952316284,3.950000047683716,3858300,0.0,0.0
2023-03-03 00:00:00-05:00,3.9600000381469727,4.139999866485596,3.9600000381469727,4.119999885559082,4564900,0.0,0.0
2023-03-06 00:00:00-05:00,4.119999885559082,4.210000038146973,3.990000009536743,3.990000009536743,4183500,0.0,0.0
2023-03-07 00:00:00-05:00,3.7300000190734863,3.740000009536743,3.440000057220459,3.5,16164500,0.0,0.0
2023-03-08 00:00:00-05:00,3.509999990463257,3.6600000858306885,3.430000066757202,3.619999885559082,7589600,0.0,0.0
2023-03-09 00:00:00-05:00,3.609999895095825,3.7100000381469727,3.549999952316284,3.6600000858306885,10538000,0.0,0.0
2023-03-10 00:00:00-05:00,3.619999885559082,3.6700000762939453,3.5299999713897705,3.5899999141693115,13495800,0.0,0.0
2023-03-13 00:00:00-04:00,3.549999952316284,3.6500000953674316,3.490000009536743,3.5799999237060547,5247200,0.0,0.0
2023-03-14 00:00:00-04:00,3.630000114440918,3.759999990463257,3.619999885559082,3.7200000286102295,5308800,0.0,0.0
2023-03-15 00:00:00-04:00,3.619999885559082,3.700000047683716,3.5899999141693115,3.700000047683716,5348200,0.0,0.0
2023-03-16 00:00:00-04:00,3.6600000858306885,3.740000009536743,3.640000104904175,3.690000057220459,4416600,0.0,0.0
2023-03-17 00:00:00-04:00,3.6600000858306885,3.7300000190734863,3.6600000858306885,3.7200000286102295,6276000,0.0,0.0
2023-03-20 00:00:00-04:00,3.6700000762939453,3.7100000381469727,3.5999999046325684,3.609999895095825,3548600,0.0,0.0
2023-03-21 00:00:00-04:00,3.6700000762939453,3.819999933242798,3.5899999141693115,3.7699999809265137,5087600,0.0,0.0
2023-03-22 00:00:00-04:00,3.759999990463257,3.799999952316284,3.6500000953674316,3.6700000762939453,4220800,0.0,0.0
2023-03-23 00:00:00-04:00,3.740000009536743,3.8499999046325684,3.700000047683716,3.8299999237060547,5776800,0.0,0.0
2023-03-24 00:00:00-04:00,3.809999942779541,3.9000000953674316,3.7899999618530273,3.8399999141693115,4390300,0.0,0.0
2023-03-27 00:00:00-04:00,3.880000114440918,3.9200000762939453,3.8499999046325684,3.9100000858306885,4644400,0.0,0.0
2023-03-28 00:00:00-04:00,3.9000000953674316,3.9100000858306885,3.799999952316284,3.8299999237060547,5583600,0.0,0.0
2023-03-29 00:00:00-04:00,3.859999895095825,4.0,3.8499999046325684,3.9800000190734863,5436600,0.0,0.0
2023-03-30 00:00:00-04:00,4.0,4.070000171661377,3.9600000381469727,4.0,8196600,0.0,0.0
2023-03-31 00:00:00-04:00,3.819999933242798,4.699999809265137,3.819999933242798,4.559999942779541,20638700,0.0,0.0
2023-04-03 00:00:00-04:00,4.639999866485596,4.690000057220459,4.519999980926514,4.53000020980835,10178400,0.0,0.0
2023-04-04 00:00:00-04:00,4.550000190734863,4.650000095367432,4.460000038146973,4.639999866485596,6384700,0.0,0.0
2023-04-05 00:00:00-04:00,4.630000114440918,4.670000076293945,4.510000228881836,4.519999980926514,3858300,0.0,0.0
2023-04-06 00:00:00-04:00,4.519999980926514,4.559999942779541,4.449999809265137,4.550000190734863,4283600,0.0,0.0
2023-04-10 00:00:00-04:00,4.46999979019165,4.539999961853027,4.429999828338623,4.53000020980835,3258600,0.0,0.0
2023-04-11 00:00:00-04:00,4.53000020980835,4.579999923706055,4.53000020980835,4.570000171661377,3087100,0.0,0.0
2023-04-12 00:00:00-04:00,4.590000152587891,4.639999866485596,4.380000114440918,4.380000114440918,5129600,0.0,0.0
2023-04-13 00:00:00-04:00,4.449999809265137,4.570000171661377,4.429999828338623,4.489999771118164,2990400,0.0,0.0
2023-04-14 00:00:00-04:00,4.460000038146973,4.519999980926514,4.420000076293945,4.510000228881836,2963600,0.0,0.0
2023-04-17 00:00:00-04:00,4.489999771118164,4.510000228881836,4.429999828338623,4.46999979019165,4210600,0.0,0.0
2023-04-18 00:00:00-04:00,4.460000038146973,4.539999961853027,4.400000095367432,4.400000095367432,3405000,0.0,0.0
2023-04-19 00:00:00-04:00,4.349999904632568,4.380000114440918,4.320000171661377,4.329999923706055,2620200,0.0,0.0
2023-04-20 00:00:00-04:00,4.289999961853027,4.289999961853027,4.179999828338623,4.210000038146973,3772800,0.0,0.0
2023-04-21 00:00:00-04:00,4.21999979019165,4.25,4.179999828338623,4.230000019073486,3951400,0.0,0.0
2023-04-24 00:00:00-04:00,4.190000057220459,4.21999979019165,4.050000190734863,4.079999923706055,3482100,0.0,0.0
2023-04-25 00:00:00-04:00,4.050000190734863,4.050000190734863,3.940000057220459,3.9700000286102295,3739800,0.0,0.0
2023-04-26 00:00:00-04:00,4.010000228881836,4.059999942779541,3.9000000953674316,3.9700000286102295,3434600,0.0,0.0
2023-04-27 00:00:00-04:00,3.9600000381469727,4.0,3.9000000953674316,3.940000057220459,3787800,0.0,0.0
2023-04-28 00:00:00-04:00,3.890000104904175,3.940000057220459,3.8299999237060547,3.9100000858306885,3079800,0.0,0.0
2023-05-01 00:00:00-04:00,3.890000104904175,3.930000066757202,3.8499999046325684,3.880000114440918,2374000,0.0,0.0
2023-05-02 00:00:00-04:00,4.210000038146973,4.25,4.039999961853027,4.239999771118164,8902100,0.0,0.0
2023-05-03 00:00:00-04:00,4.150000095367432,4.429999828338623,4.099999904632568,4.369999885559082,6844700,0.0,0.0
2023-05-04 00:00:00-04:00,4.420000076293945,4.46999979019165,4.329999923706055,4.369999885559082,4315200,0.0,0.0
2023-05-05 00:00:00-04:00,4.369999885559082,4.75,4.369999885559082,4.690000057220459,6486200,0.0,0.0
2023-05-08 00:00:00-04:00,4.739999771118164,4.989999771118164,4.730000019073486,4.980000019073486,5756800,0.0,0.0
2023-05-09 00:00:00-04:00,4.909999847412109,5.070000171661377,4.880000114440918,5.019999980926514,5024600,0.0,0.0
2023-05-10 00:00:00-04:00,5.099999904632568,5.349999904632568,5.070000171661377,5.230000019073486,5905300,0.0,0.0
2023-05-11 00:00:00-04:00,5.239999771118164,5.369999885559082,5.070000171661377,5.139999866485596,4080900,0.0,0.0
2023-05-12 00:00:00-04:00,5.110000133514404,5.159999847412109,4.929999828338623,5.010000228881836,4789300,0.0,0.0
2023-05-15 00:00:00-04:00,5.0,5.159999847412109,4.96999979019165,5.139999866485596,2284700,0.0,0.0
2023-05-16 00:00:00-04:00,5.090000152587891,5.130000114440918,5.010000228881836,5.079999923706055,2482900,0.0,0.0
2023-05-17 00:00:00-04:00,5.139999866485596,5.380000114440918,5.099999904632568,5.380000114440918,9026900,0.0,0.0
2023-05-18 00:00:00-04:00,5.409999847412109,5.510000228881836,5.289999961853027,5.409999847412109,7268400,0.0,0.0
2023-05-19 00:00:00-04:00,5.440000057220459,5.480000019073486,5.349999904632568,5.380000114440918,2986900,0.0,0.0
2023-05-22 00:00:00-04:00,5.360000133514404,5.489999771118164,5.340000152587891,5.420000076293945,2789000,0.0,0.0
2023-05-23 00:00:00-04:00,5.380000114440918,5.440000057220459,5.260000228881836,5.28000020980835,3167000,0.0,0.0
2023-05-24 00:00:00-04:00,5.190000057220459,5.239999771118164,5.139999866485596,5.230000019073486,3629000,0.0,0.0
2023-05-25 00:00:00-04:00,5.25,5.320000171661377,5.170000076293945,5.179999828338623,2677600,0.0,0.0
2023-05-26 00:00:00-04:00,5.179999828338623,5.300000190734863,5.179999828338623,5.230000019073486,3174000,0.0,0.0
2023-05-30 00:00:00-04:00,5.269999980926514,5.340000152587891,5.130000114440918,5.190000057220459,3028700,0.0,0.0
2023-05-31 00:00:00-04:00,5.110000133514404,5.380000114440918,5.099999904632568,5.349999904632568,3931400,0.0,0.0
2023-06-01 00:00:00-04:00,5.300000190734863,5.449999809265137,5.289999961853027,5.369999885559082,2535800,0.0,0.0
2023-06-02 00:00:00-04:00,5.420000076293945,5.489999771118164,5.309999942779541,5.309999942779541,3628400,0.0,0.0
2023-06-05 00:00:00-04:00,5.269999980926514,5.28000020980835,5.199999809265137,5.210000038146973,2102100,0.0,0.0
2023-06-06 00:00:00-04:00,5.190000057220459,5.300000190734863,5.150000095367432,5.300000190734863,2594300,0.0,0.0
2023-06-07 00:00:00-04:00,5.340000152587891,5.369999885559082,5.150000095367432,5.179999828338623,3773800,0.0,0.0
2023-06-08 00:00:00-04:00,5.170000076293945,5.239999771118164,5.110000133514404,5.190000057220459,3803700,0.0,0.0
2023-06-09 00:00:00-04:00,5.199999809265137,5.230000019073486,5.139999866485596,5.150000095367432,2421800,0.0,0.0
2023-06-12 00:00:00-04:00,5.179999828338623,5.25,5.139999866485596,5.230000019073486,6567400,0.0,0.0
2023-06-13 00:00:00-04:00,5.269999980926514,5.289999961853027,5.170000076293945,5.210000038146973,6507700,0.0,0.0
2023-06-14 00:00:00-04:00,5.21999979019165,5.230000019073486,5.099999904632568,5.179999828338623,3012200,0.0,0.0
2023-06-15 00:00:00-04:00,5.119999885559082,5.179999828338623,5.079999923706055,5.159999847412109,3306300,0.0,0.0
2023-06-16 00:00:00-04:00,5.139999866485596,5.179999828338623,5.090000152587891,5.099999904632568,4861200,0.0,0.0
2023-06-20 00:00:00-04:00,5.070000171661377,5.099999904632568,4.909999847412109,4.949999809265137,3490000,0.0,0.0
2023-06-21 00:00:00-04:00,4.940000057220459,4.949999809265137,4.739999771118164,4.829999923706055,5876200,0.0,0.0
2023-06-22 00:00:00-04:00,4.829999923706055,4.989999771118164,4.710000038146973,4.96999979019165,7687300,0.0,0.0
2023-06-23 00:00:00-04:00,4.880000114440918,4.880000114440918,4.789999961853027,4.789999961853027,5160400,0.0,0.0
2023-06-26 00:00:00-04:00,4.739999771118164,4.889999866485596,4.739999771118164,4.78000020980835,4400800,0.0,0.0
2023-06-27 00:00:00-04:00,4.800000190734863,5.059999942779541,4.800000190734863,5.050000190734863,5856400,0.0,0.0
2023-06-28 00:00:00-04:00,5.03000020980835,5.099999904632568,4.960000038146973,5.010000228881836,7851700,0.0,0.0
2023-06-29 00:00:00-04:00,5.260000228881836,5.699999809265137,5.210000038146973,5.360000133514404,25394600,0.0,0.0
2023-06-30 00:00:00-04:00,5.389999866485596,5.71999979019165,5.320000171661377,5.53000020980835,12021100,0.0,0.0
2023-07-03 00:00:00-04:00,5.510000228881836,5.550000190734863,5.139999866485596,5.239999771118164,5897600,0.0,0.0
2023-07-05 00:00:00-04:00,5.340000152587891,5.449999809265137,5.119999885559082,5.139999866485596,8937000,0.0,0.0
2023-07-06 00:00:00-04:00,5.059999942779541,5.059999942779541,4.820000171661377,4.840000152587891,9032600,0.0,0.0
2023-07-07 00:00:00-04:00,4.829999923706055,4.889999866485596,4.75,4.760000228881836,5182900,0.0,0.0
2023-07-10 00:00:00-04:00,4.760000228881836,4.909999847412109,4.739999771118164,4.840000152587891,3855600,0.0,0.0
2023-07-11 00:00:00-04:00,4.880000114440918,4.949999809265137,4.809999942779541,4.920000076293945,2984900,0.0,0.0
2023-07-12 00:00:00-04:00,4.96999979019165,5.0,4.840000152587891,4.940000057220459,3659800,0.0,0.0
2023-07-13 00:00:00-04:00,4.960000038146973,5.050000190734863,4.929999828338623,5.050000190734863,4963900,0.0,0.0
2023-07-14 00:00:00-04:00,5.019999980926514,5.039999961853027,4.869999885559082,4.869999885559082,3924200,0.0,0.0
2023-07-17 00:00:00-04:00,4.849999904632568,4.940000057220459,4.800000190734863,4.829999923706055,4123600,0.0,0.0
2023-07-18 00:00:00-04:00,4.829999923706055,4.889999866485596,4.809999942779541,4.860000133514404,3350500,0.0,0.0
2023-07-19 00:00:00-04:00,4.880000114440918,4.920000076293945,4.789999961853027,4.829999923706055,4360500,0.0,0.0
2023-07-20 00:00:00-04:00,4.800000190734863,4.820000171661377,4.630000114440918,4.650000095367432,6647400,0.0,0.0
2023-07-21 00:00:00-04:00,4.739999771118164,4.760000228881836,4.639999866485596,4.699999809265137,6603800,0.0,0.0
2023-07-24 00:00:00-04:00,4.690000057220459,4.760000228881836,4.670000076293945,4.739999771118164,3762300,0.0,0.0
2023-07-25 00:00:00-04:00,4.71999979019165,4.769999980926514,4.699999809265137,4.699999809265137,2813700,0.0,0.0
2023-07-26 00:00:00-04:00,4.690000057220459,4.730000019073486,4.639999866485596,4.670000076293945,2853400,0.0,0.0
2023-07-27 00:00:00-04:00,4.739999771118164,4.760000228881836,4.619999885559082,4.639999866485596,3650800,0.0,0.0
2023-07-28 00:00:00-04:00,4.71999979019165,4.78000020980835,4.679999828338623,4.75,5061300,0.0,0.0
2023-07-31 00:00:00-04:00,4.78000020980835,5.119999885559082,4.78000020980835,5.099999904632568,11154300,0.0,0.0
2023-08-01 00:00:00-04:00,5.110000133514404,5.119999885559082,5.0,5.070000171661377,6151900,0.0,0.0
2023-08-02 00:00:00-04:00,4.96999979019165,4.980000019073486,4.739999771118164,4.739999771118164,4499300,0.0,0.0
2023-08-03 00:00:00-04:00,4.699999809265137,4.820000171661377,4.670000076293945,4.769999980926514,3805600,0.0,0.0
2023-08-04 00:00:00-04:00,4.789999961853027,4.900000095367432,4.730000019073486,4.769999980926514,3053800,0.0,0.0
2023-08-07 00:00:00-04:00,4.78000020980835,4.800000190734863,4.690000057220459,4.71999979019165,2086000,0.0,0.0
2023-08-08 00:00:00-04:00,4.639999866485596,4.690000057220459,4.610000133514404,4.639999866485596,2328100,0.0,0.0
2023-08-09 00:00:00-04:00,4.650000095367432,4.679999828338623,4.550000190734863,4.579999923706055,2980500,0.0,0.0
2023-08-10 00:00:00-04:00,4.659999847412109,4.739999771118164,4.630000114440918,4.679999828338623,2912600,0.0,0.0
2023-08-11 00:00:00-04:00,4.599999904632568,4.650000095367432,4.579999923706055,4.610000133514404,2126500,0.0,0.0
2023-08-14 00:00:00-04:00,4.570000171661377,4.650000095367432,4.519999980926514,4.610000133514404,2441900,0.0,0.0
2023-08-15 00:00:00-04:00,4.550000190734863,4.590000152587891,4.480000019073486,4.480000019073486,2092200,0.0,0.0
2023-08-16 00:00:00-04:00,4.449999809265137,4.46999979019165,4.400000095367432,4.409999847412109,2963700,0.0,0.0
2023-08-17 00:00:00-04:00,4.420000076293945,4.449999809265137,4.329999923706055,4.360000133514404,3532600,0.0,0.0
2023-08-18 00:00:00-04:00,4.300000190734863,4.420000076293945,4.28000020980835,4.369999885559082,2852100,0.0,0.0
2023-08-21 00:00:00-04:00,4.360000133514404,4.420000076293945,4.360000133514404,4.389999866485596,2592800,0.0,0.0
2023-08-22 00:00:00-04:00,4.420000076293945,4.480000019073486,4.329999923706055,4.46999979019165,3332700,0.0,0.0
2023-08-23 00:00:00-04:00,4.440000057220459,4.630000114440918,4.440000057220459,4.599999904632568,2469600,0.0,0.0
2023-08-24 00:00:00-04:00,4.579999923706055,4.610000133514404,4.429999828338623,4.429999828338623,2787600,0.0,0.0
2023-08-25 00:00:00-04:00,4.449999809265137,5.25,4.449999809265137,5.230000019073486,29005600,0.0,0.0
2023-08-28 00:00:00-04:00,5.25,5.369999885559082,5.019999980926514,5.340000152587891,11177300,0.0,0.0
2023-08-29 00:00:00-04:00,5.329999923706055,5.559999942779541,5.289999961853027,5.400000095367432,8079300,0.0,0.0
2023-08-30 00:00:00-04:00,5.400000095367432,5.610000133514404,5.369999885559082,5.519999980926514,6005000,0.0,0.0
2023-08-31 00:00:00-04:00,5.5,5.639999866485596,5.480000019073486,5.559999942779541,6623400,0.0,0.0
2023-09-01 00:00:00-04:00,5.619999885559082,5.75,5.53000020980835,5.599999904632568,4473500,0.0,0.0
2023-09-05 00:00:00-04:00,5.570000171661377,5.639999866485596,5.53000020980835,5.579999923706055,2991200,0.0,0.0
2023-09-06 00:00:00-04:00,5.53000020980835,5.650000095367432,5.519999980926514,5.539999961853027,3510400,0.0,0.0
2023-09-07 00:00:00-04:00,4.840000152587891,4.909999847412109,4.599999904632568,4.679999828338623,11811100,0.0,0.0
2023-09-08 00:00:00-04:00,4.679999828338623,4.690000057220459,4.489999771118164,4.559999942779541,5082300,0.0,0.0
2023-09-11 00:00:00-04:00,4.650000095367432,5.309999942779541,4.619999885559082,5.21999979019165,15120600,0.0,0.0
2023-09-12 00:00:00-04:00,5.139999866485596,5.360000133514404,5.059999942779541,5.320000171661377,9288300,0.0,0.0
2023-09-13 00:00:00-04:00,5.329999923706055,5.599999904632568,5.28000020980835,5.510000228881836,9053300,0.0,0.0
2023-09-14 00:00:00-04:00,5.53000020980835,5.650000095367432,5.380000114440918,5.380000114440918,9540700,0.0,0.0
2023-09-15 00:00:00-04:00,5.400000095367432,5.46999979019165,5.260000228881836,5.389999866485596,35578700,0.0,0.0
2023-09-18 00:00:00-04:00,5.349999904632568,5.389999866485596,5.21999979019165,5.21999979019165,3942400,0.0,0.0
2023-09-19 00:00:00-04:00,5.199999809265137,5.25,5.070000171661377,5.130000114440918,3150700,0.0,0.0
2023-09-20 00:00:00-04:00,5.150000095367432,5.230000019073486,5.099999904632568,5.110000133514404,2567100,0.0,0.0
2023-09-21 00:00:00-04:00,5.010000228881836,5.159999847412109,4.989999771118164,5.119999885559082,6150100,0.0,0.0
2023-09-22 00:00:00-04:00,5.179999828338623,5.210000038146973,5.059999942779541,5.159999847412109,5703200,0.0,0.0
2023-09-25 00:00:00-04:00,5.079999923706055,5.110000133514404,4.960000038146973,4.989999771118164,5907800,0.0,0.0
2023-09-26 00:00:00-04:00,4.929999828338623,5.010000228881836,4.849999904632568,4.880000114440918,5315300,0.0,0.0
2023-09-27 00:00:00-04:00,4.929999828338623,4.940000057220459,4.829999923706055,4.889999866485596,6406800,0.0,0.0
2023-09-28 00:00:00-04:00,4.900000095367432,4.900000095367432,4.760000228881836,4.760000228881836,7185500,0.0,0.0
2023-09-29 00:00:00-04:00,4.760000228881836,4.900000095367432,4.559999942779541,4.710000038146973,14370400,0.0,0.0
2023-10-02 00:00:00-04:00,4.690000057220459,4.699999809265137,4.349999904632568,4.400000095367432,8303800,0.0,0.0
2023-10-03 00:00:00-04:00,4.360000133514404,4.389999866485596,4.269999980926514,4.349999904632568,6189900,0.0,0.0
2023-10-04 00:00:00-04:00,4.349999904632568,4.409999847412109,4.230000019073486,4.269999980926514,5270900,0.0,0.0
2023-10-05 00:00:00-04:00,4.239999771118164,4.260000228881836,3.7799999713897705,3.7899999618530273,11654300,0.0,0.0
2023-10-06 00:00:00-04:00,3.7699999809265137,3.809999942779541,3.6700000762939453,3.7699999809265137,4647700,0.0,0.0
2023-10-09 00:00:00-04:00,3.7100000381469727,3.7100000381469727,3.549999952316284,3.5999999046325684,4537400,0.0,0.0
2023-10-10 00:00:00-04:00,3.609999895095825,3.740000009536743,3.569999933242798,3.609999895095825,6416300,0.0,0.0
2023-10-11 00:00:00-04:00,3.680000066757202,3.680000066757202,3.549999952316284,3.5899999141693115,3631800,0.0,0.0
2023-10-12 00:00:00-04:00,3.609999895095825,3.609999895095825,3.4800000190734863,3.490000009536743,4156800,0.0,0.0
2023-10-13 00:00:00-04:00,3.509999990463257,3.509999990463257,3.440000057220459,3.4700000286102295,3758800,0.0,0.0
2023-10-16 00:00:00-04:00,3.5,3.759999990463257,3.450000047683716,3.7100000381469727,7040000,0.0,0.0
2023-10-17 00:00:00-04:00,3.6500000953674316,3.740000009536743,3.619999885559082,3.7200000286102295,4266800,0.0,0.0
2023-10-18 00:00:00-04:00,3.680000066757202,3.700000047683716,3.509999990463257,3.549999952316284,4642300,0.0,0.0
2023-10-19 00:00:00-04:00,3.549999952316284,3.569999933242798,3.4200000762939453,3.440000057220459,4824200,0.0,0.0
2023-10-20 00:00:00-04:00,3.430000066757202,3.440000057220459,3.3399999141693115,3.369999885559082,4589400,0.0,0.0
2023-10-23 00:00:00-04:00,3.3399999141693115,3.380000114440918,3.2799999713897705,3.3499999046325684,4561300,0.0,0.0
2023-10-24 00:00:00-04:00,3.390000104904175,3.569999933242798,3.390000104904175,3.569999933242798,5018100,0.0,0.0
2023-10-25 00:00:00-04:00,3.5199999809265137,3.5199999809265137,3.430000066757202,3.4700000286102295,3363800,0.0,0.0
2023-10-26 00:00:00-04:00,3.4600000381469727,3.509999990463257,3.3399999141693115,3.440000057220459,5837200,0.0,0.0
2023-10-27 00:00:00-04:00,3.4700000286102295,3.509999990463257,3.380000114440918,3.4100000858306885,3921000,0.0,0.0
2023-10-30 00:00:00-04:00,3.450000047683716,3.7100000381469727,3.4200000762939453,3.630000114440918,14201600,0.0,0.0
2023-10-31 00:00:00-04:00,3.5799999237060547,3.609999895095825,3.380000114440918,3.5799999237060547,5673500,0.0,0.0
2023-11-01 00:00:00-04:00,3.559999942779541,3.5899999141693115,3.4700000286102295,3.559999942779541,3077900,0.0,0.0
2023-11-02 00:00:00-04:00,3.6500000953674316,3.7200000286102295,3.549999952316284,3.7100000381469727,4873600,0.0,0.0
2023-11-03 00:00:00-04:00,3.7699999809265137,3.7899999618530273,3.700000047683716,3.740000009536743,3832100,0.0,0.0
2023-11-06 00:00:00-05:00,3.759999990463257,3.7799999713897705,3.619999885559082,3.680000066757202,3689700,0.0,0.0
2023-11-07 00:00:00-05:00,3.6500000953674316,3.8299999237060547,3.6500000953674316,3.799999952316284,3254700,0.0,0.0
2023-11-08 00:00:00-05:00,3.7699999809265137,3.799999952316284,3.690000057220459,3.740000009536743,2192700,0.0,0.0
2023-11-09 00:00:00-05:00,3.75,3.7799999713897705,3.5799999237060547,3.5999999046325684,3229800,0.0,0.0
2023-11-10 00:00:00-05:00,3.619999885559082,3.6700000762939453,3.549999952316284,3.640000104904175,5050000,0.0,0.0
2023-11-13 00:00:00-05:00,3.5899999141693115,3.5999999046325684,3.4800000190734863,3.5199999809265137,2714600,0.0,0.0
2023-11-14 00:00:00-05:00,3.6600000858306885,3.799999952316284,3.6500000953674316,3.75,4754600,0.0,0.0
2023-11-15 00:00:00-05:00,3.75,3.7899999618530273,3.6500000953674316,3.6700000762939453,3534600,0.0,0.0
2023-11-16 00:00:00-05:00,3.5999999046325684,3.640000104904175,3.5199999809265137,3.5999999046325684,2617300,0.0,0.0
2023-11-17 00:00:00-05:00,3.6500000953674316,3.700000047683716,3.5799999237060547,3.700000047683716,2516700,0.0,0.0
2023-11-20 00:00:00-05:00,3.6600000858306885,3.740000009536743,3.6600000858306885,3.6700000762939453,1744200,0.0,0.0
2023-11-21 00:00:00-05:00,3.6600000858306885,3.690000057220459,3.5899999141693115,3.609999895095825,1570000,0.0,0.0
2023-11-22 00:00:00-05:00,3.609999895095825,3.6500000953674316,3.5799999237060547,3.619999885559082,1388400,0.0,0.0
2023-11-24 00:00:00-05:00,3.630000114440918,3.6600000858306885,3.5899999141693115,3.6500000953674316,1609100,0.0,0.0
2023-11-27 00:00:00-05:00,3.640000104904175,3.7200000286102295,3.5899999141693115,3.7200000286102295,2811500,0.0,0.0
2023-11-28 00:00:00-05:00,3.6700000762939453,3.740000009536743,3.640000104904175,3.6700000762939453,2585100,0.0,0.0
2023-11-29 00:00:00-05:00,3.680000066757202,3.7699999809265137,3.6600000858306885,3.7699999809265137,4024500,0.0,0.0
2023-11-30 00:00:00-05:00,3.759999990463257,3.7699999809265137,3.6500000953674316,3.6700000762939453,3143400,0.0,0.0
2023-12-01 00:00:00-05:00,3.680000066757202,3.8499999046325684,3.630000114440918,3.8499999046325684,3736500,0.0,0.0
2023-12-04 00:00:00-05:00,3.819999933242798,3.9200000762939453,3.7699999809265137,3.890000104904175,2987100,0.0,0.0
2023-12-05 00:00:00-05:00,3.7799999713897705,4.0,3.7799999713897705,3.950000047683716,5015700,0.0,0.0
2023-12-06 00:00:00-05:00,3.9800000190734863,4.039999961853027,3.930000066757202,3.940000057220459,3493000,0.0,0.0
2023-12-07 00:00:00-05:00,3.940000057220459,3.990000009536743,3.869999885559082,3.9200000762939453,2809400,0.0,0.0
2023-12-08 00:00:00-05:00,3.9000000953674316,4.170000076293945,3.890000104904175,4.119999885559082,6811500,0.0,0.0
2023-12-11 00:00:00-05:00,3.819999933242798,4.179999828338623,3.809999942779541,4.099999904632568,7203300,0.0,0.0
2023-12-12 00:00:00-05:00,4.099999904632568,4.150000095367432,4.039999961853027,4.090000152587891,3035800,0.0,0.0
2023-12-13 00:00:00-05:00,4.059999942779541,4.269999980926514,4.050000190734863,4.269999980926514,6284900,0.0,0.0
2023-12-14 00:00:00-05:00,4.289999961853027,4.389999866485596,4.269999980926514,4.360000133514404,7760100,0.0,0.0
2023-12-15 00:00:00-05:00,4.360000133514404,4.440000057220459,4.309999942779541,4.369999885559082,33483900,0.0,0.0
2023-12-18 00:00:00-05:00,4.349999904632568,4.360000133514404,4.139999866485596,4.150000095367432,4706800,0.0,0.0
2023-12-19 00:00:00-05:00,4.210000038146973,4.309999942779541,4.170000076293945,4.210000038146973,6288200,0.0,0.0
2023-12-20 00:00:00-05:00,4.179999828338623,4.269999980926514,4.079999923706055,4.099999904632568,6795700,0.0,0.0
2023-12-21 00:00:00-05:00,3.880000114440918,3.890000104904175,3.5199999809265137,3.5799999237060547,16642200,0.0,0.0
2023-12-22 00:00:00-05:00,3.609999895095825,3.630000114440918,3.5399999618530273,3.569999933242798,6720400,0.0,0.0
2023-12-26 00:00:00-05:00,3.569999933242798,3.619999885559082,3.4800000190734863,3.609999895095825,5798600,0.0,0.0
2023-12-27 00:00:00-05:00,3.5999999046325684,3.630000114440918,3.549999952316284,3.549999952316284,4452700,0.0,0.0
2023-12-28 00:00:00-05:00,3.549999952316284,3.619999885559082,3.509999990463257,3.559999942779541,5432700,0.0,0.0
2023-12-29 00:00:00-05:00,3.549999952316284,3.619999885559082,3.5299999713897705,3.5399999618530273,7030700,0.0,0.0
2024-01-02 00:00:00-05:00,3.5,3.509999990463257,3.390000104904175,3.430000066757202,6794900,0.0,0.0
2024-01-03 00:00:00-05:00,3.4000000953674316,3.4000000953674316,3.319999933242798,3.3299999237060547,8024100,0.0,0.0
2024-01-04 00:00:00-05:00,3.319999933242798,3.3299999237060547,3.2300000190734863,3.25,6353300,0.0,0.0
2024-01-05 00:00:00-05:00,3.2300000190734863,3.299999952316284,3.2300000190734863,3.259999990463257,3961500,0.0,0.0
2024-01-08 00:00:00-05:00,3.2699999809265137,3.299999952316284,3.190000057220459,3.2300000190734863,7478500,0.0,0.0
2024-01-09 00:00:00-05:00,3.2300000190734863,3.319999933242798,3.200000047683716,3.309999942779541,4759100,0.0,0.0
2024-01-10 00:00:00-05:00,3.299999952316284,3.450000047683716,3.240000009536743,3.450000047683716,7642000,0.0,0.0
2024-01-11 00:00:00-05:00,3.4000000953674316,3.450000047683716,3.2899999618530273,3.390000104904175,5150700,0.0,0.0
2024-01-12 00:00:00-05:00,3.390000104904175,3.4800000190734863,3.390000104904175,3.4000000953674316,5437000,0.0,0.0
2024-01-16 00:00:00-05:00,3.380000114440918,3.4600000381469727,3.3399999141693115,3.4000000953674316,5313400,0.0,0.0
2024-01-17 00:00:00-05:00,3.3299999237060547,3.3499999046325684,3.2699999809265137,3.3399999141693115,3264000,0.0,0.0
2024-01-18 00:00:00-05:00,3.369999885559082,3.4200000762939453,3.3499999046325684,3.390000104904175,3564400,0.0,0.0
2024-01-19 00:00:00-05:00,3.380000114440918,3.4600000381469727,3.3499999046325684,3.430000066757202,7641200,0.0,0.0
2024-01-22 00:00:00-05:00,3.450000047683716,3.609999895095825,3.450000047683716,3.5999999046325684,9463100,0.0,0.0
2024-01-23 00:00:00-05:00,3.619999885559082,3.630000114440918,3.5399999618530273,3.549999952316284,5849100,0.0,0.0
2024-01-24 00:00:00-05:00,3.190000057220459,3.25,2.8499999046325684,2.930000066757202,53741600,0.0,0.0
2024-01-25 00:00:00-05:00,2.890000104904175,3.059999942779541,2.8399999141693115,2.9800000190734863,36136500,0.0,0.0
2024-01-26 00:00:00-05:00,2.9800000190734863,3.0299999713897705,2.890000104904175,2.9200000762939453,12333700,0.0,0.0
2024-01-29 00:00:00-05:00,2.930000066757202,2.9800000190734863,2.8299999237060547,2.9800000190734863,6786200,0.0,0.0
2024-01-30 00:00:00-05:00,2.9800000190734863,2.9800000190734863,2.8299999237060547,2.859999895095825,8993800,0.0,0.0
2024-01-31 00:00:00-05:00,2.8299999237060547,2.9100000858306885,2.7899999618530273,2.7899999618530273,7373100,0.0,0.0
2024-02-01 00:00:00-05:00,2.8299999237060547,2.859999895095825,2.759999990463257,2.7699999809265137,8531900,0.0,0.0
2024-02-02 00:00:00-05:00,2.7799999713897705,2.7799999713897705,2.690000057220459,2.7100000381469727,7919200,0.0,0.0
2024-02-05 00:00:00-05:00,2.6700000762939453,2.690000057220459,2.5899999141693115,2.6600000858306885,6800600,0.0,0.0
2024-02-06 00:00:00-05:00,2.6700000762939453,2.759999990463257,2.6600000858306885,2.759999990463257,10561100,0.0,0.0
2024-02-07 00:00:00-05:00,2.75,2.7899999618530273,2.7300000190734863,2.75,4696400,0.0,0.0
2024-02-08 00:00:00-05:00,2.75,2.8499999046325684,2.700000047683716,2.7899999618530273,8492500,0.0,0.0
2024-02-09 00:00:00-05:00,2.7899999618530273,2.819999933242798,2.7200000286102295,2.799999952316284,11105800,0.0,0.0
2024-02-12 00:00:00-05:00,2.819999933242798,2.880000114440918,2.7799999713897705,2.809999942779541,5864500,0.0,0.0
2024-02-13 00:00:00-05:00,2.7100000381469727,2.740000009536743,2.6500000953674316,2.7100000381469727,6661300,0.0,0.0
2024-02-14 00:00:00-05:00,2.7300000190734863,2.819999933242798,2.7300000190734863,2.7799999713897705,8598500,0.0,0.0
2024-02-15 00:00:00-05:00,2.8399999141693115,2.859999895095825,2.7699999809265137,2.859999895095825,5741100,0.0,0.0
2024-02-16 00:00:00-05:00,2.819999933242798,2.859999895095825,2.7899999618530273,2.7899999618530273,4125600,0.0,0.0
2024-02-20 00:00:00-05:00,2.7799999713897705,2.7899999618530273,2.690000057220459,2.690000057220459,4011400,0.0,0.0
2024-02-21 00:00:00-05:00,2.680000066757202,2.7300000190734863,2.6500000953674316,2.7100000381469727,4522400,0.0,0.0
2024-02-22 00:00:00-05:00,2.7300000190734863,2.740000009536743,2.630000114440918,2.6500000953674316,6562700,0.0,0.0
2024-02-23 00:00:00-05:00,2.6600000858306885,2.680000066757202,2.569999933242798,2.569999933242798,6642700,0.0,0.0
2024-02-26 00:00:00-05:00,2.5799999237060547,2.619999885559082,2.549999952316284,2.609999895095825,4415300,0.0,0.0
2024-02-27 00:00:00-05:00,2.609999895095825,2.759999990463257,2.5999999046325684,2.7100000381469727,6706500,0.0,0.0
2024-02-28 00:00:00-05:00,2.680000066757202,2.7200000286102295,2.640000104904175,2.690000057220459,4106500,0.0,0.0
2024-02-29 00:00:00-05:00,2.700000047683716,2.819999933242798,2.700000047683716,2.7799999713897705,9499800,0.0,0.0
2024-03-01 00:00:00-05:00,2.7899999618530273,2.8499999046325684,2.759999990463257,2.7799999713897705,7415700,0.0,0.0
2024-03-04 00:00:00-05:00,2.75,2.809999942779541,2.6600000858306885,2.680000066757202,4887000,0.0,0.0
2024-03-05 00:00:00-05:00,2.6600000858306885,2.680000066757202,2.5999999046325684,2.619999885559082,3850100,0.0,0.0
2024-03-06 00:00:00-05:00,2.6600000858306885,2.7100000381469727,2.630000114440918,2.6700000762939453,4748000,0.0,0.0
2024-03-07 00:00:00-05:00,2.680000066757202,2.740000009536743,2.6600000858306885,2.7300000190734863,3897000,0.0,0.0
2024-03-08 00:00:00-05:00,2.75,2.819999933242798,2.7200000286102295,2.759999990463257,6387100,0.0,0.0
2024-03-11 00:00:00-04:00,2.7799999713897705,3.119999885559082,2.75,3.059999942779541,23751500,0.0,0.0
2024-03-12 00:00:00-04:00,3.049999952316284,3.0999999046325684,2.940000057220459,3.0799999237060547,12953400,0.0,0.0
2024-03-13 00:00:00-04:00,3.049999952316284,3.180000066757202,3.0,3.119999885559082,20528100,0.0,0.0
2024-03-14 00:00:00-04:00,3.0899999141693115,3.0999999046325684,2.9600000381469727,3.069999933242798,18442600,0.0,0.0
2024-03-15 00:00:00-04:00,3.059999942779541,3.0799999237060547,2.759999990463257,2.8499999046325684,41931300,0.0,0.0
2024-03-18 00:00:00-04:00,2.869999885559082,2.880000114440918,2.630000114440918,2.6500000953674316,8566100,0.0,0.0
2024-03-19 00:00:00-04:00,2.640000104904175,2.640000104904175,2.4600000381469727,2.4700000286102295,15011900,0.0,0.0
2024-03-20 00:00:00-04:00,2.5299999713897705,2.640000104904175,2.4800000190734863,2.619999885559082,16241500,0.0,0.0
2024-03-21 00:00:00-04:00,2.640000104904175,2.8299999237060547,2.640000104904175,2.7799999713897705,12281600,0.0,0.0
2024-03-22 00:00:00-04:00,2.759999990463257,2.759999990463257,2.6500000953674316,2.6700000762939453,6179000,0.0,0.0
2024-03-25 00:00:00-04:00,2.680000066757202,2.7300000190734863,2.640000104904175,2.640000104904175,4888000,0.0,0.0
2024-03-26 00:00:00-04:00,2.6500000953674316,2.7300000190734863,2.6500000953674316,2.6600000858306885,6146700,0.0,0.0
2024-03-27 00:00:00-04:00,2.690000057220459,2.7699999809265137,2.6700000762939453,2.75,4782800,0.0,0.0
2024-03-28 00:00:00-04:00,2.75,2.8299999237060547,2.740000009536743,2.759999990463257,7007800,0.0,0.0
2024-04-01 00:00:00-04:00,2.7899999618530273,2.7899999618530273,2.6600000858306885,2.700000047683716,7135100,0.0,0.0
2024-04-02 00:00:00-04:00,2.680000066757202,2.859999895095825,2.680000066757202,2.799999952316284,13832900,0.0,0.0
2024-04-03 00:00:00-04:00,2.7699999809265137,2.869999885559082,2.7699999809265137,2.809999942779541,10785300,0.0,0.0
2024-04-04 00:00:00-04:00,2.9600000381469727,3.109999895095825,2.7799999713897705,2.880000114440918,23700500,0.0,0.0
2024-04-05 00:00:00-04:00,2.9100000858306885,2.9100000858306885,2.7899999618530273,2.819999933242798,9465300,0.0,0.0
2024-04-08 00:00:00-04:00,2.8499999046325684,2.9000000953674316,2.7799999713897705,2.880000114440918,5179400,0.0,0.0
2024-04-09 00:00:00-04:00,3.0299999713897705,3.2200000286102295,3.0199999809265137,3.0999999046325684,23075500,0.0,0.0
2024-04-10 00:00:00-04:00,3.0299999713897705,3.130000114440918,2.9700000286102295,3.0999999046325684,9522600,0.0,0.0
2024-04-11 00:00:00-04:00,3.119999885559082,3.240000009536743,3.059999942779541,3.190000057220459,9219100,0.0,0.0
2024-04-12 00:00:00-04:00,3.1500000953674316,3.180000066757202,3.009999990463257,3.049999952316284,8960100,0.0,0.0
2024-04-15 00:00:00-04:00,3.049999952316284,3.069999933242798,2.7300000190734863,2.759999990463257,8298100,0.0,0.0
2024-04-16 00:00:00-04:00,2.7300000190734863,2.799999952316284,2.6500000953674316,2.7300000190734863,6367800,0.0,0.0
2024-04-17 00:00:00-04:00,2.759999990463257,2.869999885559082,2.740000009536743,2.759999990463257,7987200,0.0,0.0
2024-04-18 00:00:00-04:00,2.7699999809265137,2.880000114440918,2.7300000190734863,2.7899999618530273,6907600,0.0,0.0
2024-04-19 00:00:00-04:00,2.7699999809265137,2.799999952316284,2.7300000190734863,2.75,5375300,0.0,0.0
2024-04-22 00:00:00-04:00,2.759999990463257,2.819999933242798,2.680000066757202,2.799999952316284,7164200,0.0,0.0
2024-04-23 00:00:00-04:00,2.75,2.9100000858306885,2.75,2.890000104904175,3661200,0.0,0.0
2024-04-24 00:00:00-04:00,2.9000000953674316,2.9200000762939453,2.8399999141693115,2.869999885559082,4561400,0.0,0.0
2024-04-25 00:00:00-04:00,2.819999933242798,2.859999895095825,2.7799999713897705,2.7799999713897705,3933700,0.0,0.0
2024-04-26 00:00:00-04:00,2.799999952316284,2.890000104904175,2.799999952316284,2.8299999237060547,2955100,0.0,0.0
2024-04-29 00:00:00-04:00,2.859999895095825,2.9100000858306885,2.8399999141693115,2.859999895095825,3154600,0.0,0.0
2024-04-30 00:00:00-04:00,2.859999895095825,2.859999895095825,2.7799999713897705,2.7899999618530273,4039000,0.0,0.0
2024-05-01 00:00:00-04:00,2.7799999713897705,2.9200000762939453,2.7799999713897705,2.8399999141693115,5143400,0.0,0.0
2024-05-02 00:00:00-04:00,2.9100000858306885,2.9700000286102295,2.8299999237060547,2.9200000762939453,5529000,0.0,0.0
2024-05-03 00:00:00-04:00,2.9700000286102295,2.990000009536743,2.890000104904175,2.930000066757202,3972100,0.0,0.0
2024-05-06 00:00:00-04:00,2.9600000381469727,3.059999942779541,2.9600000381469727,3.009999990463257,4930600,0.0,0.0
2024-05-07 00:00:00-04:00,3.0,3.049999952316284,2.859999895095825,2.890000104904175,6553600,0.0,0.0
2024-05-08 00:00:00-04:00,2.880000114440918,2.880000114440918,2.809999942779541,2.859999895095825,4268600,0.0,0.0
2024-05-09 00:00:00-04:00,2.869999885559082,3.009999990463257,2.8399999141693115,2.990000009536743,4213600,0.0,0.0
2024-05-10 00:00:00-04:00,2.990000009536743,3.0799999237060547,2.880000114440918,2.9000000953674316,10431300,0.0,0.0
2024-05-13 00:00:00-04:00,3.0199999809265137,3.25,2.990000009536743,3.0999999046325684,21696800,0.0,0.0
2024-05-14 00:00:00-04:00,3.819999933242798,3.8499999046325684,3.319999933242798,3.4700000286102295,93932200,0.0,0.0
2024-05-15 00:00:00-04:00,3.4600000381469727,3.5199999809265137,3.0999999046325684,3.2300000190734863,30823100,0.0,0.0
2024-05-16 00:00:00-04:00,3.1700000762939453,3.25,3.0,3.0299999713897705,12003300,0.0,0.0
2024-05-17 00:00:00-04:00,2.990000009536743,3.0299999713897705,2.9100000858306885,2.940000057220459,9107800,0.0,0.0
2024-05-20 00:00:00-04:00,2.950000047683716,3.0199999809265137,2.859999895095825,3.009999990463257,7960700,0.0,0.0
2024-05-21 00:00:00-04:00,2.9600000381469727,3.009999990463257,2.9100000858306885,2.9600000381469727,6244700,0.0,0.0
2024-05-22 00:00:00-04:00,2.940000057220459,3.0199999809265137,2.940000057220459,2.9800000190734863,5508500,0.0,0.0
2024-05-23 00:00:00-04:00,2.990000009536743,3.009999990463257,2.8299999237060547,2.8399999141693115,8203600,0.0,0.0
2024-05-24 00:00:00-04:00,2.859999895095825,2.9200000762939453,2.8499999046325684,2.880000114440918,4188500,0.0,0.0
2024-05-28 00:00:00-04:00,2.930000066757202,2.940000057220459,2.819999933242798,2.8499999046325684,8518300,0.0,0.0
2024-05-29 00:00:00-04:00,2.799999952316284,2.859999895095825,2.740000009536743,2.75,7539500,0.0,0.0
2024-05-30 00:00:00-04:00,2.7799999713897705,2.809999942779541,2.740000009536743,2.7899999618530273,3740300,0.0,0.0
2024-05-31 00:00:00-04:00,2.799999952316284,2.8299999237060547,2.740000009536743,2.7899999618530273,3995900,0.0,0.0
2024-06-03 00:00:00-04:00,2.9200000762939453,2.950000047683716,2.7699999809265137,2.7899999618530273,11345400,0.0,0.0
2024-06-04 00:00:00-04:00,2.759999990463257,2.7799999713897705,2.700000047683716,2.7100000381469727,5954200,0.0,0.0
2024-06-05 00:00:00-04:00,2.7300000190734863,2.819999933242798,2.7200000286102295,2.7899999618530273,5502700,0.0,0.0
2024-06-06 00:00:00-04:00,2.7799999713897705,2.930000066757202,2.759999990463257,2.809999942779541,16065500,0.0,0.0
2024-06-07 00:00:00-04:00,2.759999990463257,2.8499999046325684,2.6600000858306885,2.680000066757202,15260900,0.0,0.0
2024-06-10 00:00:00-04:00,2.6600000858306885,2.740000009536743,2.6500000953674316,2.7300000190734863,5706300,0.0,0.0
2024-06-11 00:00:00-04:00,2.690000057220459,2.759999990463257,2.6600000858306885,2.759999990463257,4811400,0.0,0.0
2024-06-12 00:00:00-04:00,2.759999990463257,2.869999885559082,2.759999990463257,2.7699999809265137,7959200,0.0,0.0
2024-06-13 00:00:00-04:00,2.7699999809265137,2.7799999713897705,2.509999990463257,2.5199999809265137,14143200,0.0,0.0
2024-06-14 00:00:00-04:00,2.509999990463257,2.5299999713897705,2.299999952316284,2.3399999141693115,27284500,0.0,0.0
2024-06-17 00:00:00-04:00,2.3399999141693115,2.369999885559082,2.25,2.299999952316284,19255000,0.0,0.0
2024-06-18 00:00:00-04:00,2.319999933242798,2.3499999046325684,2.2300000190734863,2.2899999618530273,12528800,0.0,0.0
2024-06-20 00:00:00-04:00,2.299999952316284,2.369999885559082,2.259999990463257,2.319999933242798,11824100,0.0,0.0
2024-06-21 00:00:00-04:00,2.3399999141693115,2.380000114440918,2.2799999713897705,2.299999952316284,61328100,0.0,0.0
2024-06-24 00:00:00-04:00,2.3299999237060547,2.359999895095825,2.2200000286102295,2.259999990463257,10423000,0.0,0.0
2024-06-25 00:00:00-04:00,2.25,2.2899999618530273,2.2300000190734863,2.240000009536743,6294000,0.0,0.0
2024-06-26 00:00:00-04:00,2.25,2.25,2.200000047683716,2.2100000381469727,12676800,0.0,0.0
2024-06-27 00:00:00-04:00,2.299999952316284,2.5799999237060547,2.2799999713897705,2.450000047683716,34439600,0.0,0.0
2024-06-28 00:00:00-04:00,2.430000066757202,2.5399999618530273,2.4100000858306885,2.4800000190734863,9815700,0.0,0.0
2024-07-01 00:00:00-04:00,2.4700000286102295,2.5,2.380000114440918,2.4200000762939453,5425000,0.0,0.0
2024-07-02 00:00:00-04:00,2.4100000858306885,2.4800000190734863,2.380000114440918,2.450000047683716,5624300,0.0,0.0
2024-07-03 00:00:00-04:00,2.440000057220459,2.5299999713897705,2.4200000762939453,2.490000009536743,3293800,0.0,0.0
2024-07-05 00:00:00-04:00,2.509999990463257,2.5899999141693115,2.490000009536743,2.5,7414700,0.0,0.0
2024-07-08 00:00:00-04:00,2.509999990463257,2.5199999809265137,2.390000104904175,2.430000066757202,7176400,0.0,0.0
2024-07-09 00:00:00-04:00,2.430000066757202,2.450000047683716,2.390000104904175,2.4200000762939453,3693800,0.0,0.0
2024-07-10 00:00:00-04:00,2.4100000858306885,2.430000066757202,2.390000104904175,2.4200000762939453,3512700,0.0,0.0
2024-07-11 00:00:00-04:00,2.440000057220459,2.509999990463257,2.430000066757202,2.4800000190734863,7150700,0.0,0.0
2024-07-12 00:00:00-04:00,2.490000009536743,2.5299999713897705,2.4600000381469727,2.5,8502300,0.0,0.0
2024-07-15 00:00:00-04:00,2.490000009536743,2.609999895095825,2.4600000381469727,2.509999990463257,10720000,0.0,0.0
2024-07-16 00:00:00-04:00,2.5299999713897705,2.5799999237060547,2.4700000286102295,2.559999942779541,6670800,0.0,0.0
2024-07-17 00:00:00-04:00,2.5399999618530273,2.5399999618530273,2.4600000381469727,2.490000009536743,5153500,0.0,0.0
2024-07-18 00:00:00-04:00,2.5,2.5199999809265137,2.369999885559082,2.4100000858306885,6783900,0.0,0.0
2024-07-19 00:00:00-04:00,2.4200000762939453,2.4800000190734863,2.380000114440918,2.4200000762939453,5880100,0.0,0.0
2024-07-22 00:00:00-04:00,2.440000057220459,2.4700000286102295,2.390000104904175,2.4200000762939453,5257500,0.0,0.0
2024-07-23 00:00:00-04:00,2.430000066757202,2.509999990463257,2.4200000762939453,2.4700000286102295,5497100,0.0,0.0
2024-07-24 00:00:00-04:00,2.450000047683716,2.5,2.369999885559082,2.4000000953674316,7350200,0.0,0.0
2024-07-25 00:00:00-04:00,2.390000104904175,2.4800000190734863,2.380000114440918,2.4100000858306885,3972900,0.0,0.0
2024-07-26 00:00:00-04:00,2.430000066757202,2.4800000190734863,2.4100000858306885,2.4800000190734863,3066300,0.0,0.0
2024-07-29 00:00:00-04:00,2.4800000190734863,2.509999990463257,2.4100000858306885,2.4100000858306885,3571800,0.0,0.0
2024-07-30 00:00:00-04:00,2.4200000762939453,2.450000047683716,2.369999885559082,2.4000000953674316,4895500,0.0,0.0
2024-07-31 00:00:00-04:00,2.4100000858306885,2.4800000190734863,2.390000104904175,2.4200000762939453,5287400,0.0,0.0
2024-08-01 00:00:00-04:00,2.4200000762939453,2.430000066757202,2.2899999618530273,2.299999952316284,5062400,0.0,0.0
2024-08-02 00:00:00-04:00,2.25,2.2699999809265137,2.180000066757202,2.2200000286102295,5967700,0.0,0.0
2024-08-05 00:00:00-04:00,2.009999990463257,2.190000057220459,2.009999990463257,2.1600000858306885,5682100,0.0,0.0
2024-08-06 00:00:00-04:00,2.1700000762939453,2.2200000286102295,2.1600000858306885,2.1600000858306885,3547500,0.0,0.0
2024-08-07 00:00:00-04:00,2.200000047683716,2.2300000190734863,2.0999999046325684,2.109999895095825,4112100,0.0,0.0
2024-08-08 00:00:00-04:00,2.140000104904175,2.190000057220459,2.140000104904175,2.180000066757202,3524000,0.0,0.0
2024-08-09 00:00:00-04:00,2.180000066757202,2.2300000190734863,2.140000104904175,2.1700000762939453,3980700,0.0,0.0
2024-08-12 00:00:00-04:00,2.1700000762939453,2.2300000190734863,2.1600000858306885,2.1600000858306885,2550100,0.0,0.0
2024-08-13 00:00:00-04:00,2.180000066757202,2.2899999618530273,2.1700000762939453,2.2699999809265137,3183200,0.0,0.0
2024-08-14 00:00:00-04:00,2.2699999809265137,2.2799999713897705,2.2200000286102295,2.2300000190734863,2485800,0.0,0.0
2024-08-15 00:00:00-04:00,2.259999990463257,2.359999895095825,2.259999990463257,2.3299999237060547,3136300,0.0,0.0
2024-08-16 00:00:00-04:00,2.319999933242798,2.359999895095825,2.299999952316284,2.3499999046325684,2788400,0.0,0.0
2024-08-19 00:00:00-04:00,2.3399999141693115,2.4600000381469727,2.3299999237060547,2.390000104904175,8792500,0.0,0.0
2024-08-20 00:00:00-04:00,2.4000000953674316,2.4200000762939453,2.380000114440918,2.380000114440918,2603400,0.0,0.0
2024-08-21 00:00:00-04:00,2.390000104904175,2.490000009536743,2.390000104904175,2.430000066757202,7947200,0.0,0.0
2024-08-22 00:00:00-04:00,2.430000066757202,2.440000057220459,2.3499999046325684,2.369999885559082,3172000,0.0,0.0
2024-08-23 00:00:00-04:00,2.369999885559082,2.440000057220459,2.359999895095825,2.4200000762939453,4042500,0.0,0.0
2024-08-26 00:00:00-04:00,2.430000066757202,2.440000057220459,2.3499999046325684,2.359999895095825,4255200,0.0,0.0
2024-08-27 00:00:00-04:00,2.359999895095825,2.359999895095825,2.299999952316284,2.319999933242798,2264900,0.0,0.0
2024-08-28 00:00:00-04:00,2.319999933242798,2.3299999237060547,2.2799999713897705,2.319999933242798,3984700,0.0,0.0
2024-08-29 00:00:00-04:00,2.3399999141693115,2.4200000762939453,2.309999942779541,2.3499999046325684,4413700,0.0,0.0
2024-08-30 00:00:00-04:00,2.380000114440918,2.390000104904175,2.309999942779541,2.3499999046325684,2678700,0.0,0.0
2024-09-03 00:00:00-04:00,2.3399999141693115,2.3399999141693115,2.240000009536743,2.259999990463257,3922900,0.0,0.0
2024-09-04 00:00:00-04:00,2.25,2.299999952316284,2.240000009536743,2.2799999713897705,2869900,0.0,0.0
2024-09-05 00:00:00-04:00,2.2799999713897705,2.309999942779541,2.25,2.299999952316284,2034000,0.0,0.0
2024-09-06 00:00:00-04:00,2.2899999618530273,2.319999933242798,2.2200000286102295,2.25,3989300,0.0,0.0
2024-09-09 00:00:00-04:00,2.2699999809265137,2.359999895095825,2.2699999809265137,2.3499999046325684,3301400,0.0,0.0
2024-09-10 00:00:00-04:00,2.3499999046325684,2.4100000858306885,2.3299999237060547,2.380000114440918,4485400,0.0,0.0
2024-09-11 00:00:00-04:00,2.380000114440918,2.4800000190734863,2.359999895095825,2.450000047683716,6130900,0.0,0.0
2024-09-12 00:00:00-04:00,2.4600000381469727,2.5199999809265137,2.430000066757202,2.4700000286102295,6727500,0.0,0.0
2024-09-13 00:00:00-04:00,2.4800000190734863,2.5199999809265137,2.450000047683716,2.4800000190734863,5160400,0.0,0.0
2024-09-16 00:00:00-04:00,2.4700000286102295,2.4800000190734863,2.4000000953674316,2.4000000953674316,3919200,0.0,0.0
2024-09-17 00:00:00-04:00,2.430000066757202,2.440000057220459,2.380000114440918,2.4200000762939453,4073700,0.0,0.0
2024-09-18 00:00:00-04:00,2.4100000858306885,2.4800000190734863,2.359999895095825,2.380000114440918,7949700,0.0,0.0
2024-09-19 00:00:00-04:00,2.440000057220459,2.4600000381469727,2.390000104904175,2.4200000762939453,6435800,0.0,0.0
2024-09-20 00:00:00-04:00,2.4100000858306885,2.430000066757202,2.3499999046325684,2.380000114440918,18884700,0.0,0.0
2024-09-23 00:00:00-04:00,2.4000000953674316,2.4600000381469727,2.380000114440918,2.440000057220459,6294400,0.0,0.0
2024-09-24 00:00:00-04:00,2.450000047683716,2.4800000190734863,2.4000000953674316,2.450000047683716,8077900,0.0,0.0
2024-09-25 00:00:00-04:00,2.430000066757202,2.440000057220459,2.359999895095825,2.390000104904175,7000400,0.0,0.0
2024-09-26 00:00:00-04:00,2.440000057220459,2.559999942779541,2.4000000953674316,2.5399999618530273,19345500,0.0,0.0
2024-09-27 00:00:00-04:00,2.440000057220459,2.5399999618530273,2.2799999713897705,2.5199999809265137,26960400,0.0,0.0
2024-09-30 00:00:00-04:00,2.4700000286102295,2.630000114440918,2.450000047683716,2.619999885559082,15861400,0.0,0.0
2024-10-01 00:00:00-04:00,2.5999999046325684,2.619999885559082,2.4200000762939453,2.430000066757202,12829700,0.0,0.0
2024-10-02 00:00:00-04:00,2.440000057220459,2.509999990463257,2.4100000858306885,2.430000066757202,9309600,0.0,0.0
2024-10-03 00:00:00-04:00,2.4000000953674316,2.4000000953674316,2.299999952316284,2.319999933242798,8096900,0.0,0.0
2024-10-04 00:00:00-04:00,2.359999895095825,2.4100000858306885,2.3299999237060547,2.359999895095825,8053800,0.0,0.0
2024-10-07 00:00:00-04:00,2.359999895095825,2.359999895095825,2.319999933242798,2.3499999046325684,7147300,0.0,0.0
2024-10-08 00:00:00-04:00,2.3499999046325684,2.4100000858306885,2.319999933242798,2.3399999141693115,7853600,0.0,0.0
2024-10-09 00:00:00-04:00,2.3399999141693115,2.450000047683716,2.3399999141693115,2.4100000858306885,8516100,0.0,0.0
2024-10-10 00:00:00-04:00,2.4000000953674316,2.440000057220459,2.380000114440918,2.4200000762939453,5575900,0.0,0.0
2024-10-11 00:00:00-04:00,2.4100000858306885,2.5,2.4000000953674316,2.490000009536743,7806800,0.0,0.0
2024-10-14 00:00:00-04:00,2.5,2.5299999713897705,2.4800000190734863,2.490000009536743,3228300,0.0,0.0
2024-10-15 00:00:00-04:00,2.4800000190734863,2.559999942779541,2.4600000381469727,2.490000009536743,10427800,0.0,0.0
2024-10-16 00:00:00-04:00,2.509999990463257,2.680000066757202,2.509999990463257,2.5999999046325684,21215200,0.0,0.0
2024-10-17 00:00:00-04:00,2.619999885559082,2.6600000858306885,2.5299999713897705,2.5799999237060547,9864200,0.0,0.0
2024-10-18 00:00:00-04:00,2.5999999046325684,2.6500000953674316,2.549999952316284,2.559999942779541,8690600,0.0,0.0
2024-10-21 00:00:00-04:00,2.5399999618530273,2.5899999141693115,2.490000009536743,2.5799999237060547,5546500,0.0,0.0
2024-10-22 00:00:00-04:00,2.5799999237060547,2.619999885559082,2.569999933242798,2.5999999046325684,6907000,0.0,0.0
2024-10-23 00:00:00-04:00,2.5899999141693115,2.609999895095825,2.450000047683716,2.4700000286102295,7990300,0.0,0.0
2024-10-24 00:00:00-04:00,2.4700000286102295,2.509999990463257,2.4100000858306885,2.4200000762939453,5535700,0.0,0.0
2024-10-25 00:00:00-04:00,2.430000066757202,2.450000047683716,2.369999885559082,2.390000104904175,6853100,0.0,0.0
2024-10-28 00:00:00-04:00,2.4100000858306885,2.4700000286102295,2.4000000953674316,2.4100000858306885,5943400,0.0,0.0
2024-10-29 00:00:00-04:00,2.4100000858306885,2.450000047683716,2.380000114440918,2.4200000762939453,6197400,0.0,0.0
2024-10-30 00:00:00-04:00,2.4000000953674316,2.4200000762939453,2.3299999237060547,2.3399999141693115,6557000,0.0,0.0
2024-10-31 00:00:00-04:00,2.3399999141693115,2.3499999046325684,2.25,2.259999990463257,9317600,0.0,0.0
2024-11-01 00:00:00-04:00,2.2799999713897705,2.3399999141693115,2.25,2.2699999809265137,9847500,0.0,0.0
2024-11-04 00:00:00-05:00,2.2699999809265137,2.299999952316284,2.240000009536743,2.25,8156200,0.0,0.0
2024-11-05 00:00:00-05:00,2.259999990463257,2.309999942779541,2.25,2.299999952316284,5142500,0.0,0.0
2024-11-06 00:00:00-05:00,2.309999942779541,2.319999933242798,2.240000009536743,2.2899999618530273,8260900,0.0,0.0
2024-11-07 00:00:00-05:00,2.299999952316284,2.3299999237060547,2.2799999713897705,2.309999942779541,7539200,0.0,0.0
2024-11-08 00:00:00-05:00,2.309999942779541,2.3299999237060547,2.259999990463257,2.319999933242798,23059400,0.0,0.0
2024-11-11 00:00:00-05:00,2.319999933242798,2.509999990463257,2.309999942779541,2.430000066757202,11283000,0.0,0.0
2024-11-12 00:00:00-05:00,2.4000000953674316,2.509999990463257,2.390000104904175,2.4200000762939453,10294400,0.0,0.0
2024-11-13 00:00:00-05:00,2.430000066757202,2.549999952316284,2.4200000762939453,2.440000057220459,14301400,0.0,0.0
2024-11-14 00:00:00-05:00,2.440000057220459,2.4800000190734863,2.4000000953674316,2.4000000953674316,8230800,0.0,0.0
2024-11-15 00:00:00-05:00,2.4000000953674316,2.4100000858306885,2.3299999237060547,2.380000114440918,7917200,0.0,0.0
2024-11-18 00:00:00-05:00,2.380000114440918,2.4200000762939453,2.3399999141693115,2.390000104904175,7067400,0.0,0.0
2024-11-19 00:00:00-05:00,2.369999885559082,2.390000104904175,2.3299999237060547,2.3499999046325684,6086000,0.0,0.0
2024-11-20 00:00:00-05:00,2.3399999141693115,2.3499999046325684,2.2899999618530273,2.309999942779541,8370700,0.0,0.0
2024-11-21 00:00:00-05:00,2.309999942779541,2.3499999046325684,2.299999952316284,2.319999933242798,9412600,0.0,0.0
2024-11-22 00:00:00-05:00,2.319999933242798,2.369999885559082,2.309999942779541,2.3499999046325684,6823700,0.0,0.0
2024-11-25 00:00:00-05:00,2.369999885559082,2.5899999141693115,2.359999895095825,2.569999933242798,18470300,0.0,0.0
2024-11-26 00:00:00-05:00,2.549999952316284,2.5899999141693115,2.490000009536743,2.569999933242798,10826300,0.0,0.0
2024-11-27 00:00:00-05:00,2.569999933242798,2.700000047683716,2.569999933242798,2.609999895095825,16315600,0.0,0.0
2024-11-29 00:00:00-05:00,2.630000114440918,2.630000114440918,2.5399999618530273,2.569999933242798,6991900,0.0,0.0
2024-12-02 00:00:00-05:00,2.5799999237060547,2.630000114440918,2.5199999809265137,2.559999942779541,11494800,0.0,0.0
2024-12-03 00:00:00-05:00,2.5299999713897705,2.609999895095825,2.509999990463257,2.5399999618530273,8679900,0.0,0.0
2024-12-04 00:00:00-05:00,2.549999952316284,2.6600000858306885,2.5399999618530273,2.5799999237060547,14105800,0.0,0.0
2024-12-05 00:00:00-05:00,2.5999999046325684,2.680000066757202,2.5399999618530273,2.5799999237060547,18880500,0.0,0.0
2024-12-06 00:00:00-05:00,2.569999933242798,2.609999895095825,2.5299999713897705,2.5899999141693115,10533000,0.0,0.0
2024-12-09 00:00:00-05:00,2.619999885559082,2.950000047683716,2.619999885559082,2.940000057220459,39198200,0.0,0.0
2024-12-10 00:00:00-05:00,2.930000066757202,2.940000057220459,2.7799999713897705,2.819999933242798,17612100,0.0,0.0
2024-12-11 00:00:00-05:00,2.8299999237060547,2.8399999141693115,2.7300000190734863,2.7799999713897705,11868200,0.0,0.0
2024-12-12 00:00:00-05:00,2.759999990463257,2.759999990463257,2.680000066757202,2.759999990463257,12117200,0.0,0.0
2024-12-13 00:00:00-05:00,2.75,2.809999942779541,2.6600000858306885,2.690000057220459,10349300,0.0,0.0
2024-12-16 00:00:00-05:00,2.799999952316284,3.190000057220459,2.75,3.0899999141693115,31028800,0.0,0.0
2024-12-17 00:00:00-05:00,3.0,3.25,3.0,3.200000047683716,17735200,0.0,0.0
2024-12-18 00:00:00-05:00,3.200000047683716,3.25,2.9800000190734863,3.009999990463257,16757600,0.0,0.0
2024-12-19 00:00:00-05:00,3.0399999618530273,3.0799999237060547,2.9600000381469727,2.9800000190734863,20999500,0.0,0.0
2024-12-20 00:00:00-05:00,3.0,3.700000047683716,2.9800000190734863,3.690000057220459,40798500,0.0,0.0
2024-12-23 00:00:00-05:00,3.6700000762939453,3.799999952316284,3.609999895095825,3.7899999618530273,22913600,0.0,0.0
2024-12-24 00:00:00-05:00,3.7899999618530273,3.990000009536743,3.7200000286102295,3.9600000381469727,14643700,0.0,0.0
2024-12-26 00:00:00-05:00,3.950000047683716,4.059999942779541,3.9100000858306885,3.950000047683716,10303600,0.0,0.0
2024-12-27 00:00:00-05:00,3.950000047683716,3.9700000286102295,3.799999952316284,3.9100000858306885,14281700,0.0,0.0
2024-12-30 00:00:00-05:00,3.8399999141693115,3.890000104904175,3.75,3.8299999237060547,10281100,0.0,0.0
2024-12-31 00:00:00-05:00,3.8499999046325684,3.880000114440918,3.7300000190734863,3.7799999713897705,13940400,0.0,0.0
2025-01-02 00:00:00-05:00,3.819999933242798,4.099999904632568,3.7799999713897705,3.819999933242798,18937800,0.0,0.0
2025-01-03 00:00:00-05:00,3.869999885559082,3.9000000953674316,3.619999885559082,3.680000066757202,16811500,0.0,0.0
2025-01-06 00:00:00-05:00,3.8499999046325684,4.119999885559082,3.809999942779541,4.090000152587891,26335800,0.0,0.0
2025-01-07 00:00:00-05:00,4.110000133514404,4.349999904632568,3.9700000286102295,4.059999942779541,22805100,0.0,0.0
2025-01-08 00:00:00-05:00,4.0,4.099999904632568,3.880000114440918,4.050000190734863,22042700,0.0,0.0
2025-01-10 00:00:00-05:00,3.990000009536743,4.119999885559082,3.930000066757202,4.059999942779541,20872700,0.0,0.0
2025-01-13 00:00:00-05:00,4.019999980926514,4.039999961853027,3.859999895095825,3.940000057220459,18792900,0.0,0.0
2025-01-14 00:00:00-05:00,3.9800000190734863,4.119999885559082,3.9600000381469727,4.0,17719700,0.0,0.0
2025-01-15 00:00:00-05:00,4.070000171661377,4.230000019073486,4.03000020980835,4.139999866485596,18585500,0.0,0.0
2025-01-16 00:00:00-05:00,4.139999866485596,4.28000020980835,4.079999923706055,4.210000038146973,13479300,0.0,0.0
2025-01-17 00:00:00-05:00,4.25,4.260000228881836,3.9600000381469727,3.990000009536743,17295400,0.0,0.0
2025-01-21 00:00:00-05:00,4.010000228881836,4.179999828338623,3.9800000190734863,4.070000171661377,18772200,0.0,0.0
2025-01-22 00:00:00-05:00,4.070000171661377,4.150000095367432,4.050000190734863,4.090000152587891,13712900,0.0,0.0
2025-01-23 00:00:00-05:00,4.070000171661377,4.170000076293945,4.039999961853027,4.170000076293945,14723000,0.0,0.0
2025-01-24 00:00:00-05:00,4.139999866485596,4.230000019073486,4.119999885559082,4.170000076293945,14846000,0.0,0.0
2025-01-27 00:00:00-05:00,4.039999961853027,4.260000228881836,3.990000009536743,4.090000152587891,24188400,0.0,0.0
2025-01-28 00:00:00-05:00,4.079999923706055,4.429999828338623,4.059999942779541,4.329999923706055,20715800,0.0,0.0
2025-01-29 00:00:00-05:00,4.360000133514404,4.420000076293945,4.199999809265137,4.340000152587891,26122300,0.0,0.0
2025-01-30 00:00:00-05:00,4.340000152587891,4.539999961853027,4.309999942779541,4.409999847412109,22426000,0.0,0.0
2025-01-31 00:00:00-05:00,4.400000095367432,4.510000228881836,4.380000114440918,4.440000057220459,27405300,0.0,0.0
2025-02-03 00:00:00-05:00,4.210000038146973,4.389999866485596,4.119999885559082,4.309999942779541,28538600,0.0,0.0
2025-02-04 00:00:00-05:00,4.360000133514404,4.659999847412109,4.360000133514404,4.619999885559082,24136200,0.0,0.0
2025-02-05 00:00:00-05:00,4.650000095367432,5.090000152587891,4.630000114440918,5.079999923706055,29765000,0.0,0.0
2025-02-06 00:00:00-05:00,5.130000114440918,5.21999979019165,5.0,5.159999847412109,28616000,0.0,0.0
2025-02-07 00:00:00-05:00,5.179999828338623,5.340000152587891,5.090000152587891,5.25,27338100,0.0,0.0
2025-02-10 00:00:00-05:00,5.320000171661377,5.650000095367432,5.289999961853027,5.539999961853027,31484300,0.0,0.0
2025-02-11 00:00:00-05:00,5.5,5.570000171661377,5.230000019073486,5.269999980926514,30514200,0.0,0.0
2025-02-12 00:00:00-05:00,5.230000019073486,5.849999904632568,5.199999809265137,5.820000171661377,35763000,0.0,0.0
2025-02-13 00:00:00-05:00,5.980000019073486,6.0,5.650000095367432,5.909999847412109,31241500,0.0,0.0
2025-02-14 00:00:00-05:00,5.949999809265137,6.0,5.630000114440918,5.690000057220459,23230500,0.0,0.0
2025-02-18 00:00:00-05:00,5.760000228881836,6.239999771118164,5.730000019073486,6.070000171661377,31716500,0.0,0.0
2025-02-19 00:00:00-05:00,6.119999885559082,6.190000057220459,5.809999942779541,5.860000133514404,26866800,0.0,0.0
2025-02-20 00:00:00-05:00,5.760000228881836,5.809999942779541,5.389999866485596,5.579999923706055,28770500,0.0,0.0
2025-02-21 00:00:00-05:00,5.610000133514404,5.659999847412109,5.190000057220459,5.239999771118164,33694000,0.0,0.0
2025-02-24 00:00:00-05:00,5.269999980926514,5.510000228881836,5.039999961853027,5.360000133514404,62459800,0.0,0.0
2025-02-25 00:00:00-05:00,5.349999904632568,5.349999904632568,4.630000114440918,4.909999847412109,66216000,0.0,0.0
2025-02-26 00:00:00-05:00,4.980000019073486,5.119999885559082,4.929999828338623,5.050000190734863,41327800,0.0,0.0
2025-02-27 00:00:00-05:00,5.099999904632568,5.159999847412109,4.75,4.75,62468400,0.0,0.0
2025-02-28 00:00:00-05:00,4.650000095367432,4.820000171661377,4.590000152587891,4.710000038146973,66543300,0.0,0.0
2025-03-03 00:00:00-05:00,4.769999980926514,4.960000038146973,4.349999904632568,4.389999866485596,43457200,0.0,0.0
2025-03-04 00:00:00-05:00,4.25,4.460000038146973,4.170000076293945,4.420000076293945,32250700,0.0,0.0
2025-03-05 00:00:00-05:00,4.429999828338623,4.679999828338623,4.389999866485596,4.650000095367432,18558400,0.0,0.0
2025-03-06 00:00:00-05:00,4.5,4.690000057220459,4.380000114440918,4.409999847412109,16948500,0.0,0.0
2025-03-07 00:00:00-05:00,4.519999980926514,4.590000152587891,4.300000190734863,4.519999980926514,17316400,0.0,0.0
2025-03-10 00:00:00-04:00,4.320000171661377,4.369999885559082,4.090000152587891,4.190000057220459,17600200,0.0,0.0
2025-03-11 00:00:00-04:00,4.21999979019165,4.489999771118164,4.21999979019165,4.369999885559082,14636900,0.0,0.0
2025-03-12 00:00:00-04:00,4.5,4.53000020980835,4.260000228881836,4.369999885559082,16395600,0.0,0.0
2025-03-13 00:00:00-04:00,4.320000171661377,4.380000114440918,4.21999979019165,4.260000228881836,10733100,0.0,0.0
2025-03-14 00:00:00-04:00,4.360000133514404,4.539999961853027,4.340000152587891,4.539999961853027,13660200,0.0,0.0
2025-03-17 00:00:00-04:00,4.550000190734863,4.619999885559082,4.449999809265137,4.519999980926514,17234500,0.0,0.0
2025-03-18 00:00:00-04:00,4.5,4.5,4.329999923706055,4.409999847412109,11635800,0.0,0.0
2025-03-19 00:00:00-04:00,4.420000076293945,4.559999942779541,4.389999866485596,4.46999979019165,12751200,0.0,0.0
2025-03-20 00:00:00-04:00,4.400000095367432,4.519999980926514,4.389999866485596,4.420000076293945,10622000,0.0,0.0
2025-03-21 00:00:00-04:00,4.369999885559082,4.400000095367432,4.309999942779541,4.329999923706055,15779700,0.0,0.0
2025-03-24 00:00:00-04:00,4.429999828338623,4.519999980926514,4.389999866485596,4.440000057220459,10548400,0.0,0.0
2025-03-25 00:00:00-04:00,4.449999809265137,4.510000228881836,4.320000171661377,4.340000152587891,9552100,0.0,0.0
2025-03-26 00:00:00-04:00,4.329999923706055,4.369999885559082,4.110000133514404,4.150000095367432,13735100,0.0,0.0
2025-03-27 00:00:00-04:00,4.119999885559082,4.119999885559082,3.950000047683716,3.9600000381469727,13249800,0.0,0.0
2025-03-28 00:00:00-04:00,3.940000057220459,4.019999980926514,3.880000114440918,3.9200000762939453,13382600,0.0,0.0
2025-03-31 00:00:00-04:00,3.75,3.8299999237060547,3.6600000858306885,3.7699999809265137,19387600,0.0,0.0
2025-04-01 00:00:00-04:00,3.7899999618530273,3.8399999141693115,3.6700000762939453,3.7300000190734863,17207800,0.0,0.0
2025-04-02 00:00:00-04:00,3.069999933242798,3.5,2.940000057220459,3.390000104904175,33863300,0.0,0.0
2025-04-03 00:00:00-04:00,3.200000047683716,3.259999990463257,3.0899999141693115,3.140000104904175,18244400,0.0,0.0
2025-04-04 00:00:00-04:00,2.990000009536743,3.049999952316284,2.799999952316284,3.009999990463257,16215800,0.0,0.0
2025-04-07 00:00:00-04:00,2.819999933242798,3.200000047683716,2.809999942779541,2.9600000381469727,16344000,0.0,0.0
2025-04-08 00:00:00-04:00,3.0899999141693115,3.0999999046325684,2.809999942779541,2.869999885559082,17820900,0.0,0.0
2025-04-09 00:00:00-04:00,2.8399999141693115,3.3299999237060547,2.8299999237060547,3.2899999618530273,30149000,0.0,0.0
2025-04-10 00:00:00-04:00,3.2200000286102295,3.25,3.049999952316284,3.140000104904175,18087000,0.0,0.0
2025-04-11 00:00:00-04:00,3.140000104904175,3.190000057220459,3.049999952316284,3.1600000858306885,15871900,0.0,0.0
2025-04-14 00:00:00-04:00,3.259999990463257,3.2899999618530273,3.130000114440918,3.2300000190734863,14822500,0.0,0.0
2025-04-15 00:00:00-04:00,3.2200000286102295,3.2899999618530273,3.190000057220459,3.2300000190734863,12825100,0.0,0.0
2025-04-16 00:00:00-04:00,3.180000066757202,3.259999990463257,3.130000114440918,3.200000047683716,9914200,0.0,0.0
2025-04-17 00:00:00-04:00,3.180000066757202,3.240000009536743,3.1500000953674316,3.1700000762939453,16347500,0.0,0.0
2025-04-21 00:00:00-04:00,3.130000114440918,3.1600000858306885,3.0399999618530273,3.0899999141693115,10233100,0.0,0.0
2025-04-22 00:00:00-04:00,3.180000066757202,3.25,3.1500000953674316,3.1700000762939453,10182900,0.0,0.0
2025-04-23 00:00:00-04:00,3.2799999713897705,3.4200000762939453,3.2300000190734863,3.2899999618530273,18397600,0.0,0.0
2025-04-24 00:00:00-04:00,3.319999933242798,3.4000000953674316,3.299999952316284,3.380000114440918,10829100,0.0,0.0
2025-04-25 00:00:00-04:00,3.3499999046325684,3.4200000762939453,3.3399999141693115,3.380000114440918,9009000,0.0,0.0
2025-04-28 00:00:00-04:00,3.4000000953674316,3.450000047683716,3.3299999237060547,3.4000000953674316,9000400,0.0,0.0
2025-04-29 00:00:00-04:00,3.380000114440918,3.4200000762939453,3.3399999141693115,3.4000000953674316,7606800,0.0,0.0
2025-04-30 00:00:00-04:00,3.319999933242798,3.4000000953674316,3.2699999809265137,3.4000000953674316,11388700,0.0,0.0
2025-05-01 00:00:00-04:00,3.4200000762939453,3.4600000381469727,3.359999895095825,3.369999885559082,7303700,0.0,0.0
2025-05-02 00:00:00-04:00,3.4100000858306885,3.549999952316284,3.4000000953674316,3.490000009536743,16600900,0.0,0.0
2025-05-05 00:00:00-04:00,3.4800000190734863,3.6600000858306885,3.4600000381469727,3.5899999141693115,12673400,0.0,0.0
2025-05-06 00:00:00-04:00,3.559999942779541,3.680000066757202,3.5,3.609999895095825,11860300,0.0,0.0
2025-05-07 00:00:00-04:00,3.5999999046325684,3.700000047683716,3.549999952316284,3.680000066757202,11141700,0.0,0.0
2025-05-08 00:00:00-04:00,3.8299999237060547,3.950000047683716,3.7799999713897705,3.799999952316284,15400600,0.0,0.0
2025-05-09 00:00:00-04:00,3.8399999141693115,3.930000066757202,3.740000009536743,3.809999942779541,51114400,0.0,0.0
2025-05-12 00:00:00-04:00,3.950000047683716,3.990000009536743,3.7899999618530273,3.880000114440918,14621100,0.0,0.0
2025-05-13 00:00:00-04:00,3.9000000953674316,3.9700000286102295,3.869999885559082,3.9200000762939453,9879600,0.0,0.0
2025-05-14 00:00:00-04:00,3.950000047683716,3.9700000286102295,3.8499999046325684,3.880000114440918,8466600,0.0,0.0
2025-05-15 00:00:00-04:00,3.859999895095825,3.9100000858306885,3.809999942779541,3.890000104904175,8067100,0.0,0.0
2025-05-16 00:00:00-04:00,3.890000104904175,3.950000047683716,3.8499999046325684,3.940000057220459,6490300,0.0,0.0
2025-05-19 00:00:00-04:00,3.8499999046325684,3.930000066757202,3.8399999141693115,3.9100000858306885,4641700,0.0,0.0
2025-05-20 00:00:00-04:00,3.9000000953674316,4.03000020980835,3.890000104904175,3.930000066757202,9421900,0.0,0.0
2025-05-21 00:00:00-04:00,3.880000114440918,4.03000020980835,3.809999942779541,3.819999933242798,15438300,0.0,0.0
2025-05-22 00:00:00-04:00,3.809999942779541,3.9100000858306885,3.7300000190734863,3.869999885559082,14810800,0.0,0.0
2025-05-23 00:00:00-04:00,3.799999952316284,3.880000114440918,3.759999990463257,3.759999990463257,13654800,0.0,0.0
2025-05-27 00:00:00-04:00,3.8499999046325684,4.159999847412109,3.8299999237060547,4.130000114440918,19681400,0.0,0.0
2025-05-28 00:00:00-04:00,4.179999828338623,4.190000057220459,3.9700000286102295,4.090000152587891,14481900,0.0,0.0
2025-05-29 00:00:00-04:00,4.139999866485596,4.179999828338623,3.9800000190734863,3.990000009536743,7644300,0.0,0.0
2025-05-30 00:00:00-04:00,3.9800000190734863,4.0,3.890000104904175,3.9600000381469727,9432600,0.0,0.0
2025-06-02 00:00:00-04:00,3.930000066757202,4.050000190734863,3.869999885559082,4.039999961853027,12714800,0.0,0.0
2025-06-03 00:00:00-04:00,4.019999980926514,4.050000190734863,3.930000066757202,3.9700000286102295,11670300,0.0,0.0
2025-06-04 00:00:00-04:00,3.940000057220459,4.039999961853027,3.940000057220459,4.010000228881836,5736000,0.0,0.0
2025-06-05 00:00:00-04:00,4.03000020980835,4.210000038146973,4.019999980926514,4.070000171661377,16946000,0.0,0.0
2025-06-06 00:00:00-04:00,4.090000152587891,4.159999847412109,4.03000020980835,4.130000114440918,12315400,0.0,0.0
2025-06-09 00:00:00-04:00,4.170000076293945,4.239999771118164,4.099999904632568,4.210000038146973,9287500,0.0,0.0
2025-06-10 00:00:00-04:00,4.210000038146973,4.239999771118164,4.110000133514404,4.139999866485596,7625700,0.0,0.0
2025-06-11 00:00:00-04:00,4.139999866485596,4.239999771118164,4.119999885559082,4.159999847412109,8799900,0.0,0.0
2025-06-12 00:00:00-04:00,4.139999866485596,4.21999979019165,4.090000152587891,4.190000057220459,6419100,0.0,0.0
2025-06-13 00:00:00-04:00,4.099999904632568,4.21999979019165,4.059999942779541,4.079999923706055,18009100,0.0,0.0
2025-06-16 00:00:00-04:00,4.119999885559082,4.360000133514404,4.110000133514404,4.340000152587891,13375900,0.0,0.0
2025-06-17 00:00:00-04:00,4.309999942779541,4.420000076293945,4.260000228881836,4.300000190734863,17707300,0.0,0.0
2025-06-18 00:00:00-04:00,4.320000171661377,4.420000076293945,4.260000228881836,4.320000171661377,23730100,0.0,0.0
2025-06-20 00:00:00-04:00,4.360000133514404,4.389999866485596,4.21999979019165,4.230000019073486,18447400,0.0,0.0
2025-06-23 00:00:00-04:00,4.190000057220459,4.340000152587891,4.130000114440918,4.320000171661377,14890600,0.0,0.0
2025-06-24 00:00:00-04:00,4.380000114440918,4.429999828338623,4.289999961853027,4.329999923706055,18026600,0.0,0.0
2025-06-25 00:00:00-04:00,4.809999942779541,5.320000171661377,4.809999942779541,4.869999885559082,64700200,0.0,0.0
2025-06-26 00:00:00-04:00,4.860000133514404,4.889999866485596,4.599999904632568,4.71999979019165,37591700,0.0,0.0
2025-06-27 00:00:00-04:00,4.71999979019165,4.730000019073486,4.449999809265137,4.539999961853027,29730800,0.0,0.0
2025-06-30 00:00:00-04:00,4.610000133514404,4.699999809265137,4.489999771118164,4.579999923706055,31194800,0.0,0.0
2025-07-01 00:00:00-04:00,4.579999923706055,4.579999923706055,4.300000190734863,4.340000152587891,17674100,0.0,0.0
2025-07-02 00:00:00-04:00,4.400000095367432,4.539999961853027,4.139999866485596,4.230000019073486,18351700,0.0,0.0
2025-07-03 00:00:00-04:00,4.25,4.420000076293945,4.239999771118164,4.349999904632568,12837700,0.0,0.0
2025-07-07 00:00:00-04:00,4.25,4.349999904632568,4.230000019073486,4.309999942779541,12500900,0.0,0.0
2025-07-08 00:00:00-04:00,4.340000152587891,4.340000152587891,4.210000038146973,4.210000038146973,8825800,0.0,0.0
2025-07-09 00:00:00-04:00,4.25,4.269999980926514,4.130000114440918,4.130000114440918,9082300,0.0,0.0
2025-07-10 00:00:00-04:00,4.130000114440918,4.190000057220459,4.070000171661377,4.110000133514404,13423900,0.0,0.0
2025-07-11 00:00:00-04:00,4.070000171661377,4.130000114440918,4.019999980926514,4.03000020980835,10289800,0.0,0.0
2025-07-14 00:00:00-04:00,4.019999980926514,4.079999923706055,3.9600000381469727,4.03000020980835,10185000,0.0,0.0
2025-07-15 00:00:00-04:00,4.050000190734863,4.130000114440918,4.0,4.070000171661377,9599900,0.0,0.0
2025-07-16 00:00:00-04:00,4.079999923706055,4.119999885559082,3.9800000190734863,4.039999961853027,7261900,0.0,0.0
2025-07-17 00:00:00-04:00,4.039999961853027,4.070000171661377,3.9800000190734863,4.010000228881836,6151000,0.0,0.0
2025-07-18 00:00:00-04:00,4.019999980926514,4.03000020980835,3.890000104904175,3.9100000858306885,5943300,0.0,0.0
2025-07-21 00:00:00-04:00,3.9200000762939453,3.990000009536743,3.880000114440918,3.880000114440918,7389500,0.0,0.0
2025-07-22 00:00:00-04:00,3.880000114440918,4.010000228881836,3.8299999237060547,3.9600000381469727,11054500,0.0,0.0
2025-07-23 00:00:00-04:00,4.010000228881836,4.139999866485596,3.9600000381469727,4.099999904632568,16637500,0.0,0.0
2025-07-24 00:00:00-04:00,4.099999904632568,4.110000133514404,3.950000047683716,3.9600000381469727,10334100,0.0,0.0
2025-07-25 00:00:00-04:00,3.930000066757202,3.950000047683716,3.869999885559082,3.9100000858306885,5181200,0.0,0.0
2025-07-28 00:00:00-04:00,3.9100000858306885,3.930000066757202,3.8299999237060547,3.8299999237060547,4968600,0.0,0.0
2025-07-29 00:00:00-04:00,3.8499999046325684,3.880000114440918,3.7200000286102295,3.75,8490800,0.0,0.0
2025-07-30 00:00:00-04:00,3.740000009536743,3.799999952316284,3.700000047683716,3.740000009536743,7044800,0.0,0.0
2025-07-31 00:00:00-04:00,3.75,3.759999990463257,3.6700000762939453,3.690000057220459,6930500,0.0,0.0
2025-08-01 00:00:00-04:00,3.619999885559082,3.6500000953674316,3.549999952316284,3.609999895095825,8738400,0.0,0.0
2025-08-04 00:00:00-04:00,3.6500000953674316,3.8299999237060547,3.6500000953674316,3.7699999809265137,12862800,0.0,0.0
2025-08-05 00:00:00-04:00,3.75,3.7699999809265137,3.6700000762939453,3.740000009536743,10660300,0.0,0.0
2025-08-06 00:00:00-04:00,3.740000009536743,3.7799999713897705,3.6600000858306885,3.7100000381469727,10912300,0.0,0.0
2025-08-07 00:00:00-04:00,3.7100000381469727,3.7200000286102295,3.569999933242798,3.6600000858306885,9916100,0.0,0.0
2025-08-08 00:00:00-04:00,3.6600000858306885,3.6700000762939453,3.5799999237060547,3.609999895095825,5230400,0.0,0.0
2025-08-11 00:00:00-04:00,3.609999895095825,3.690000057220459,3.569999933242798,3.5799999237060547,5718400,0.0,0.0
2025-08-12 00:00:00-04:00,3.5999999046325684,3.680000066757202,3.5999999046325684,3.6700000762939453,5993500,0.0,0.0
2025-08-13 00:00:00-04:00,3.6700000762939453,3.7799999713897705,3.640000104904175,3.7699999809265137,6367700,0.0,0.0
2025-08-14 00:00:00-04:00,3.759999990463257,3.7699999809265137,3.640000104904175,3.690000057220459,5584300,0.0,0.0
2025-08-15 00:00:00-04:00,3.6700000762939453,3.7100000381469727,3.6500000953674316,3.6600000858306885,3760700,0.0,0.0
2025-08-18 00:00:00-04:00,3.6600000858306885,3.759999990463257,3.640000104904175,3.75,6538300,0.0,0.0
2025-08-19 00:00:00-04:00,3.75,3.759999990463257,3.6500000953674316,3.6600000858306885,6303000,0.0,0.0
2025-08-20 00:00:00-04:00,3.619999885559082,3.6600000858306885,3.559999942779541,3.6500000953674316,8979200,0.0,0.0
2025-08-21 00:00:00-04:00,3.5999999046325684,3.6600000858306885,3.5899999141693115,3.6500000953674316,4005800,0.0,0.0
2025-08-22 00:00:00-04:00,3.6700000762939453,3.7799999713897705,3.640000104904175,3.759999990463257,4790900,0.0,0.0
2025-08-25 00:00:00-04:00,3.759999990463257,3.7699999809265137,3.700000047683716,3.75,3036800,0.0,0.0
2025-08-26 00:00:00-04:00,3.75,3.819999933242798,3.7300000190734863,3.809999942779541,7172000,0.0,0.0
2025-08-27 00:00:00-04:00,3.9100000858306885,3.930000066757202,3.819999933242798,3.8499999046325684,7128900,0.0,0.0
2025-08-28 00:00:00-04:00,3.859999895095825,3.869999885559082,3.7799999713897705,3.8299999237060547,5470900,0.0,0.0
2025-08-29 00:00:00-04:00,3.8299999237060547,3.950000047683716,3.7899999618530273,3.8299999237060547,11305200,0.0,0.0
2025-09-02 00:00:00-04:00,3.75,3.7899999618530273,3.690000057220459,3.7799999713897705,6788200,0.0,0.0
2025-09-03 00:00:00-04:00,3.7699999809265137,3.7899999618530273,3.7200000286102295,3.7699999809265137,3849300,0.0,0.0
2025-09-04 00:00:00-04:00,3.75,3.799999952316284,3.700000047683716,3.799999952316284,4791700,0.0,0.0
2025-09-05 00:00:00-04:00,3.819999933242798,3.880000114440918,3.759999990463257,3.880000114440918,10547900,0.0,0.0
2025-09-08 00:00:00-04:00,3.880000114440918,3.880000114440918,3.799999952316284,3.859999895095825,4248800,0.0,0.0
2025-09-09 00:00:00-04:00,3.859999895095825,3.869999885559082,3.7100000381469727,3.75,5395100,0.0,0.0
2025-09-10 00:00:00-04:00,3.75,3.7899999618530273,3.690000057220459,3.7799999713897705,4949900,0.0,0.0
2025-09-11 00:00:00-04:00,3.759999990463257,3.869999885559082,3.759999990463257,3.869999885559082,4160600,0.0,0.0
2025-09-12 00:00:00-04:00,3.869999885559082,3.9100000858306885,3.819999933242798,3.9000000953674316,5483600,0.0,0.0
2025-09-15 00:00:00-04:00,3.950000047683716,4.050000190734863,3.940000057220459,3.9700000286102295,8449600,0.0,0.0
2025-09-16 00:00:00-04:00,4.0,4.03000020980835,3.9200000762939453,4.0,5769400,0.0,0.0
2025-09-17 00:00:00-04:00,3.9700000286102295,4.070000171661377,3.950000047683716,4.010000228881836,8257900,0.0,0.0
2025-09-18 00:00:00-04:00,4.070000171661377,4.25,4.039999961853027,4.199999809265137,13610700,0.0,0.0
2025-09-19 00:00:00-04:00,4.230000019073486,4.239999771118164,4.179999828338623,4.210000038146973,11635400,0.0,0.0
2025-09-22 00:00:00-04:00,4.199999809265137,4.429999828338623,4.170000076293945,4.400000095367432,16027000,0.0,0.0
2025-09-23 00:00:00-04:00,4.449999809265137,4.460000038146973,4.199999809265137,4.269999980926514,15230100,0.0,0.0
2025-09-24 00:00:00-04:00,4.289999961853027,4.360000133514404,4.179999828338623,4.269999980926514,12349600,0.0,0.0
2025-09-25 00:00:00-04:00,4.309999942779541,4.659999847412109,4.190000057220459,4.650000095367432,37810200,0.0,0.0
2025-09-26 00:00:00-04:00,4.670000076293945,5.070000171661377,4.650000095367432,4.960000038146973,31546100,0.0,0.0
2025-09-29 00:00:00-04:00,5.0,5.03000020980835,4.920000076293945,5.0,20568300,0.0,0.0
2025-09-30 00:00:00-04:00,4.960000038146973,4.980000019073486,4.739999771118164,4.880000114440918,13598100,0.0,0.0
2025-10-01 00:00:00-04:00,4.829999923706055,4.860000133514404,4.71999979019165,4.789999961853027,12551200,0.0,0.0
2025-10-02 00:00:00-04:00,4.829999923706055,4.840000152587891,4.699999809265137,4.75,9866000,0.0,0.0
2025-10-03 00:00:00-04:00,4.659999847412109,4.679999828338623,4.460000038146973,4.5,17146000,0.0,0.0
2025-10-06 00:00:00-04:00,4.510000228881836,4.800000190734863,4.510000228881836,4.800000190734863,12619200,0.0,0.0
2025-10-07 00:00:00-04:00,4.800000190734863,4.809999942779541,4.610000133514404,4.650000095367432,9368800,0.0,0.0
2025-10-08 00:00:00-04:00,4.650000095367432,4.789999961853027,4.630000114440918,4.760000228881836,9202000,0.0,0.0
2025-10-09 00:00:00-04:00,4.760000228881836,4.880000114440918,4.690000057220459,4.849999904632568,8656700,0.0,0.0
2025-10-10 00:00:00-04:00,4.849999904632568,4.960000038146973,4.480000019073486,4.480000019073486,12918800,0.0,0.0
2025-10-13 00:00:00-04:00,4.539999961853027,4.579999923706055,4.440000057220459,4.550000190734863,5592700,0.0,0.0
2025-10-14 00:00:00-04:00,4.449999809265137,4.539999961853027,4.329999923706055,4.46999979019165,8735300,0.0,0.0
2025-10-15 00:00:00-04:00,4.53000020980835,4.599999904632568,4.429999828338623,4.519999980926514,9106500,0.0,0.0
2025-10-16 00:00:00-04:00,4.570000171661377,4.71999979019165,4.489999771118164,4.519999980926514,10590300,0.0,0.0
2025-10-17 00:00:00-04:00,4.449999809265137,4.539999961853027,4.420000076293945,4.489999771118164,8388100,0.0,0.0
2025-10-20 00:00:00-04:00,4.53000020980835,4.639999866485596,4.489999771118164,4.579999923706055,6833700,0.0,0.0
2025-10-21 00:00:00-04:00,4.559999942779541,4.670000076293945,4.510000228881836,4.639999866485596,8806000,0.0,0.0
2025-10-22 00:00:00-04:00,4.619999885559082,5.090000152587891,4.449999809265137,4.510000228881836,23864400,0.0,0.0
2025-10-23 00:00:00-04:00,4.53000020980835,4.650000095367432,4.510000228881836,4.610000133514404,5759400,0.0,0.0
2025-10-24 00:00:00-04:00,4.630000114440918,4.860000133514404,4.610000133514404,4.78000020980835,8799200,0.0,0.0
2025-10-27 00:00:00-04:00,4.829999923706055,4.849999904632568,4.71999979019165,4.800000190734863,7342300,0.0,0.0
2025-10-28 00:00:00-04:00,4.829999923706055,4.909999847412109,4.71999979019165,4.840000152587891,12704000,0.0,0.0
2025-10-29 00:00:00-04:00,4.860000133514404,4.909999847412109,4.739999771118164,4.829999923706055,10364900,0.0,0.0
2025-10-30 00:00:00-04:00,4.78000020980835,4.940000057220459,4.760000228881836,4.769999980926514,7915900,0.0,0.0
2025-10-31 00:00:00-04:00,4.789999961853027,4.909999847412109,4.769999980926514,4.880000114440918,8020400,0.0,0.0
2025-11-03 00:00:00-05:00,4.880000114440918,4.929999828338623,4.710000038146973,4.800000190734863,10498700,0.0,0.0
2025-11-04 00:00:00-05:00,4.659999847412109,4.789999961853027,4.570000171661377,4.670000076293945,12150300,0.0,0.0
2025-11-05 00:00:00-05:00,4.599999904632568,4.769999980926514,4.539999961853027,4.75,9036400,0.0,0.0
2025-11-06 00:00:00-05:00,4.760000228881836,4.78000020980835,4.570000171661377,4.619999885559082,6827400,0.0,0.0
2025-11-07 00:00:00-05:00,4.539999961853027,4.599999904632568,4.440000057220459,4.559999942779541,10556900,0.0,0.0
2025-11-10 00:00:00-05:00,4.610000133514404,4.659999847412109,4.559999942779541,4.630000114440918,6063000,0.0,0.0
2025-11-11 00:00:00-05:00,4.610000133514404,4.619999885559082,4.53000020980835,4.559999942779541,5333200,0.0,0.0
2025-11-12 00:00:00-05:00,4.539999961853027,4.559999942779541,4.460000038146973,4.489999771118164,7384700,0.0,0.0
2025-11-13 00:00:00-05:00,4.460000038146973,4.460000038146973,4.28000020980835,4.349999904632568,8472800,0.0,0.0
2025-11-14 00:00:00-05:00,4.21999979019165,4.309999942779541,4.190000057220459,4.309999942779541,14136400,0.0,0.0
2025-11-17 00:00:00-05:00,4.300000190734863,4.329999923706055,4.139999866485596,4.159999847412109,7002200,0.0,0.0
2025-11-18 00:00:00-05:00,4.099999904632568,4.349999904632568,4.099999904632568,4.300000190734863,8462000,0.0,0.0
2025-11-19 00:00:00-05:00,4.300000190734863,4.329999923706055,4.190000057220459,4.21999979019165,6360300,0.0,0.0
2025-11-20 00:00:00-05:00,4.309999942779541,4.349999904632568,4.130000114440918,4.130000114440918,8352200,0.0,0.0
2025-11-21 00:00:00-05:00,4.119999885559082,4.210000038146973,4.050000190734863,4.170000076293945,8654700,0.0,0.0
2025-11-24 00:00:00-05:00,4.210000038146973,4.289999961853027,4.139999866485596,4.150000095367432,10178900,0.0,0.0
2025-11-25 00:00:00-05:00,4.070000171661377,4.090000152587891,3.9800000190734863,4.0,9701500,0.0,0.0
2025-11-26 00:00:00-05:00,4.0,4.119999885559082,4.0,4.070000171661377,8354300,0.0,0.0
2025-11-28 00:00:00-05:00,4.090000152587891,4.119999885559082,4.059999942779541,4.079999923706055,3334200,0.0,0.0
2025-12-01 00:00:00-05:00,4.03000020980835,4.03000020980835,3.940000057220459,3.9800000190734863,6929100,0.0,0.0
2025-12-02 00:00:00-05:00,4.019999980926514,4.099999904632568,4.0,4.059999942779541,4806200,0.0,0.0
2025-12-03 00:00:00-05:00,4.039999961853027,4.179999828338623,4.019999980926514,4.179999828338623,3984700,0.0,0.0
2025-12-04 00:00:00-05:00,4.159999847412109,4.260000228881836,4.119999885559082,4.25,5835100,0.0,0.0
2025-12-05 00:00:00-05:00,4.260000228881836,4.360000133514404,4.230000019073486,4.320000171661377,5118600,0.0,0.0
2025-12-08 00:00:00-05:00,4.349999904632568,4.429999828338623,4.340000152587891,4.409999847412109,4295500,0.0,0.0
2025-12-09 00:00:00-05:00,4.380000114440918,4.440000057220459,4.360000133514404,4.409999847412109,6338300,0.0,0.0
2025-12-10 00:00:00-05:00,4.409999847412109,4.440000057220459,4.340000152587891,4.380000114440918,4136000,0.0,0.0
2025-12-11 00:00:00-05:00,4.369999885559082,4.420000076293945,4.289999961853027,4.349999904632568,3818200,0.0,0.0
2025-12-12 00:00:00-05:00,4.349999904632568,4.360000133514404,4.199999809265137,4.28000020980835,5618300,0.0,0.0
2025-12-15 00:00:00-05:00,4.309999942779541,4.449999809265137,4.25,4.25,9832600,0.0,0.0
2025-12-16 00:00:00-05:00,4.230000019073486,4.440000057220459,4.230000019073486,4.389999866485596,9717900,0.0,0.0
2025-12-17 00:00:00-05:00,4.400000095367432,4.440000057220459,4.199999809265137,4.260000228881836,14692900,0.0,0.0
2025-12-18 00:00:00-05:00,4.309999942779541,4.429999828338623,4.28000020980835,4.329999923706055,20877900,0.0,0.0
2025-12-19 00:00:00-05:00,4.079999923706055,4.099999904632568,3.7100000381469727,3.7699999809265137,42669500,0.0,0.0
2025-12-22 00:00:00-05:00,3.809999942779541,3.990000009536743,3.759999990463257,3.950000047683716,13290600,0.0,0.0
2025-12-23 00:00:00-05:00,3.9100000858306885,4.110000133514404,3.9100000858306885,4.0,8761100,0.0,0.0
2025-12-24 00:00:00-05:00,3.9600000381469727,4.0,3.940000057220459,3.990000009536743,2241500,0.0,0.0
2025-12-26 00:00:00-05:00,3.9600000381469727,3.9800000190734863,3.9000000953674316,3.9700000286102295,4794800,0.0,0.0
2025-12-29 00:00:00-05:00,3.9200000762939453,3.990000009536743,3.859999895095825,3.880000114440918,5517900,0.0,0.0
2025-12-30 00:00:00-05:00,3.869999885559082,3.880000114440918,3.7799999713897705,3.7899999618530273,7408900,0.0,0.0
2025-12-31 00:00:00-05:00,3.7899999618530273,3.869999885559082,3.759999990463257,3.7899999618530273,8297200,0.0,0.0
2026-01-02 00:00:00-05:00,3.819999933242798,3.859999895095825,3.7699999809265137,3.799999952316284,5526000,0.0,0.0
2026-01-05 00:00:00-05:00,3.809999942779541,3.950000047683716,3.7899999618530273,3.880000114440918,10332700,0.0,0.0
2026-01-06 00:00:00-05:00,3.880000114440918,3.940000057220459,3.8399999141693115,3.9200000762939453,6598700,0.0,0.0
2026-01-07 00:00:00-05:00,3.950000047683716,4.0,3.819999933242798,3.890000104904175,12096300,0.0,0.0
2026-01-08 00:00:00-05:00,3.880000114440918,3.890000104904175,3.7899999618530273,3.859999895095825,11226500,0.0,0.0
2026-01-09 00:00:00-05:00,3.859999895095825,3.890000104904175,3.819999933242798,3.8399999141693115,5910900,0.0,0.0
2026-01-12 00:00:00-05:00,3.8299999237060547,4.03000020980835,3.7899999618530273,4.0,9727100,0.0,0.0
2026-01-13 00:00:00-05:00,4.0,4.079999923706055,3.9000000953674316,3.930000066757202,7867700,0.0,0.0
2026-01-14 00:00:00-05:00,3.9200000762939453,3.930000066757202,3.809999942779541,3.869999885559082,8587100,0.0,0.0
2026-01-15 00:00:00-05:00,3.880000114440918,3.9600000381469727,3.880000114440918,3.9200000762939453,6240500,0.0,0.0
2026-01-16 00:00:00-05:00,3.9200000762939453,3.940000057220459,3.859999895095825,3.880000114440918,5975800,0.0,0.0
2026-01-20 00:00:00-05:00,3.7899999618530273,3.890000104904175,3.7799999713897705,3.8299999237060547,7612500,0.0,0.0
2026-01-21 00:00:00-05:00,3.8299999237060547,3.8499999046325684,3.7200000286102295,3.799999952316284,8044100,0.0,0.0
2026-01-22 00:00:00-05:00,3.8499999046325684,3.880000114440918,3.819999933242798,3.819999933242798,5182800,0.0,0.0
2026-01-23 00:00:00-05:00,3.809999942779541,3.9100000858306885,3.799999952316284,3.819999933242798,5951100,0.0,0.0
2026-01-26 00:00:00-05:00,3.819999933242798,3.859999895095825,3.7799999713897705,3.809999942779541,3758800,0.0,0.0
2026-01-27 00:00:00-05:00,3.8399999141693115,3.8499999046325684,3.759999990463257,3.799999952316284,7637700,0.0,0.0
2026-01-28 00:00:00-05:00,3.7899999618530273,3.8399999141693115,3.740000009536743,3.75,4869500,0.0,0.0
2026-01-29 00:00:00-05:00,3.7200000286102295,3.759999990463257,3.5899999141693115,3.6600000858306885,6175000,0.0,0.0
2026-01-30 00:00:00-05:00,3.619999885559082,3.6700000762939453,3.549999952316284,3.569999933242798,7902400,0.0,0.0
2026-02-02 00:00:00-05:00,3.549999952316284,3.5999999046325684,3.549999952316284,3.559999942779541,5271200,0.0,0.0
2026-02-03 00:00:00-05:00,3.569999933242798,3.569999933242798,3.359999895095825,3.390000104904175,8827700,0.0,0.0
2026-02-04 00:00:00-05:00,3.4000000953674316,3.4800000190734863,3.3399999141693115,3.4600000381469727,11463700,0.0,0.0
2026-02-05 00:00:00-05:00,3.4000000953674316,3.490000009536743,3.3499999046325684,3.390000104904175,10432100,0.0,0.0
2026-02-06 00:00:00-05:00,3.450000047683716,3.5199999809265137,3.430000066757202,3.4600000381469727,6374500,0.0,0.0
2026-02-09 00:00:00-05:00,3.4600000381469727,3.490000009536743,3.430000066757202,3.4700000286102295,5415400,0.0,0.0
2026-02-10 00:00:00-05:00,3.490000009536743,3.5899999141693115,3.4800000190734863,3.5199999809265137,4605300,0.0,0.0
2026-02-11 00:00:00-05:00,3.509999990463257,3.5299999713897705,3.4000000953674316,3.490000009536743,5935500,0.0,0.0
2026-02-12 00:00:00-05:00,3.5,3.509999990463257,3.369999885559082,3.4100000858306885,6289600,0.0,0.0
2026-02-13 00:00:00-05:00,3.430000066757202,3.5199999809265137,3.4100000858306885,3.4600000381469727,6330900,0.0,0.0
2026-02-17 00:00:00-05:00,3.440000057220459,3.4600000381469727,3.380000114440918,3.4200000762939453,4514600,0.0,0.0
2026-02-18 00:00:00-05:00,3.4200000762939453,3.4600000381469727,3.380000114440918,3.430000066757202,4017700,0.0,0.0
2026-02-19 00:00:00-05:00,3.430000066757202,3.450000047683716,3.390000104904175,3.430000066757202,4357600,0.0,0.0
2026-02-20 00:00:00-05:00,3.430000066757202,3.490000009536743,3.4100000858306885,3.450000047683716,5555800,0.0,0.0
2026-02-23 00:00:00-05:00,3.4100000858306885,3.440000057220459,3.309999942779541,3.319999933242798,6007400,0.0,0.0
2026-02-24 00:00:00-05:00,3.309999942779541,3.430000066757202,3.299999952316284,3.380000114440918,6594300,0.0,0.0
2026-02-25 00:00:00-05:00,3.380000114440918,3.440000057220459,3.3499999046325684,3.4200000762939453,3417700,0.0,0.0
2026-02-26 00:00:00-05:00,3.440000057220459,3.5299999713897705,3.4200000762939453,3.509999990463257,5210200,0.0,0.0
2026-02-27 00:00:00-05:00,3.4600000381469727,3.4800000190734863,3.359999895095825,3.390000104904175,5636200,0.0,0.0
2026-03-02 00:00:00-05:00,3.319999933242798,3.4200000762939453,3.299999952316284,3.4000000953674316,5941800,0.0,0.0
2026-03-03 00:00:00-05:00,3.2899999618530273,3.450000047683716,3.2699999809265137,3.4100000858306885,6857500,0.0,0.0
2026-03-04 00:00:00-05:00,3.4200000762939453,3.549999952316284,3.390000104904175,3.4800000190734863,6634800,0.0,0.0
2026-03-05 00:00:00-05:00,3.4700000286102295,3.5899999141693115,3.4700000286102295,3.549999952316284,5726800,0.0,0.0
2026-03-06 00:00:00-05:00,3.5,3.5299999713897705,3.4200000762939453,3.440000057220459,5646600,0.0,0.0
2026-03-09 00:00:00-04:00,3.4000000953674316,3.5,3.359999895095825,3.4800000190734863,5802000,0.0,0.0
2026-03-10 00:00:00-04:00,3.5,3.509999990463257,3.440000057220459,3.450000047683716,6138400,0.0,0.0
2026-03-11 00:00:00-04:00,3.4700000286102295,3.5299999713897705,3.4200000762939453,3.5,4804800,0.0,0.0
2026-03-12 00:00:00-04:00,3.4600000381469727,3.509999990463257,3.4100000858306885,3.4200000762939453,6506400,0.0,0.0
2026-03-13 00:00:00-04:00,3.440000057220459,3.4600000381469727,3.319999933242798,3.3399999141693115,5305500,0.0,0.0
2026-03-16 00:00:00-04:00,3.3399999141693115,3.390000104904175,3.2799999713897705,3.299999952316284,8476700,0.0,0.0
2026-03-17 00:00:00-04:00,3.309999942779541,3.430000066757202,3.309999942779541,3.3299999237060547,11536000,0.0,0.0
2026-03-18 00:00:00-04:00,3.309999942779541,3.390000104904175,3.299999952316284,3.299999952316284,6880300,0.0,0.0
2026-03-19 00:00:00-04:00,3.259999990463257,3.3299999237060547,3.240000009536743,3.299999952316284,9902800,0.0,0.0
2026-03-20 00:00:00-04:00,3.2899999618530273,3.309999942779541,3.200000047683716,3.2200000286102295,27513600,0.0,0.0
2026-03-23 00:00:00-04:00,3.240000009536743,3.369999885559082,3.240000009536743,3.319999933242798,9126800,0.0,0.0
2026-03-24 00:00:00-04:00,3.299999952316284,3.319999933242798,3.2100000381469727,3.2300000190734863,11412800,0.0,0.0
2026-03-25 00:00:00-04:00,3.259999990463257,3.359999895095825,3.259999990463257,3.2899999618530273,11967500,0.0,0.0
2026-03-26 00:00:00-04:00,3.259999990463257,3.380000114440918,3.240000009536743,3.25,6751000,0.0,0.0
2026-03-27 00:00:00-04:00,3.25,3.25,3.130000114440918,3.1600000858306885,9686300,0.0,0.0
2026-03-30 00:00:00-04:00,3.1700000762939453,3.2200000286102295,3.119999885559082,3.1500000953674316,9008400,0.0,0.0
2026-03-31 00:00:00-04:00,3.200000047683716,3.2699999809265137,3.180000066757202,3.240000009536743,9018300,0.0,0.0
2026-04-01 00:00:00-04:00,3.2799999713897705,3.390000104904175,3.2200000286102295,3.359999895095825,6744800,0.0,0.0
2026-04-02 00:00:00-04:00,3.2899999618530273,3.4800000190734863,3.2699999809265137,3.4600000381469727,7822700,0.0,0.0
2026-04-06 00:00:00-04:00,3.4800000190734863,3.5899999141693115,3.4700000286102295,3.549999952316284,7688800,0.0,0.0
2026-04-07 00:00:00-04:00,3.5299999713897705,3.5399999618530273,3.440000057220459,3.4800000190734863,9761000,0.0,0.0
2026-04-08 00:00:00-04:00,3.630000114440918,3.6500000953674316,3.509999990463257,3.5299999713897705,8041300,0.0,0.0
2026-04-09 00:00:00-04:00,3.819999933242798,4.039999961853027,3.7300000190734863,3.819999933242798,23459500,0.0,0.0
2026-04-10 00:00:00-04:00,3.9000000953674316,3.9100000858306885,3.7300000190734863,3.8399999141693115,20570100,0.0,0.0
2026-04-13 00:00:00-04:00,3.809999942779541,3.890000104904175,3.759999990463257,3.869999885559082,14671000,0.0,0.0
2026-04-14 00:00:00-04:00,3.940000057220459,4.050000190734863,3.9200000762939453,3.9700000286102295,10607900,0.0,0.0
2026-04-15 00:00:00-04:00,4.03000020980835,4.139999866485596,4.010000228881836,4.110000133514404,8519400,0.0,0.0
2026-04-16 00:00:00-04:00,4.150000095367432,4.71999979019165,4.130000114440918,4.690000057220459,22010200,0.0,0.0
2026-04-17 00:00:00-04:00,4.679999828338623,4.940000057220459,4.679999828338623,4.860000133514404,22597400,0.0,0.0
2026-04-20 00:00:00-04:00,4.880000114440918,5.710000038146973,4.880000114440918,5.5,56823200,0.0,0.0
2026-04-21 00:00:00-04:00,5.5,5.690000057220459,5.230000019073486,5.610000133514404,37864500,0.0,0.0
2026-04-22 00:00:00-04:00,5.670000076293945,5.789999961853027,5.369999885559082,5.429999828338623,18147500,0.0,0.0
2026-04-23 00:00:00-04:00,5.320000171661377,5.389999866485596,5.139999866485596,5.269999980926514,19022300,0.0,0.0
2026-04-24 00:00:00-04:00,5.380000114440918,5.409999847412109,4.960000038146973,5.090000152587891,15547400,0.0,0.0
2026-04-27 00:00:00-04:00,5.090000152587891,5.320000171661377,5.050000190734863,5.320000171661377,10416800,0.0,0.0
2026-04-28 00:00:00-04:00,5.260000228881836,5.320000171661377,5.110000133514404,5.139999866485596,7637600,0.0,0.0
2026-04-29 00:00:00-04:00,5.119999885559082,5.440000057220459,5.03000020980835,5.380000114440918,17196200,0.0,0.0
2026-04-30 00:00:00-04:00,5.389999866485596,5.510000228881836,5.21999979019165,5.400000095367432,15615600,0.0,0.0
2026-05-01 00:00:00-04:00,5.510000228881836,5.630000114440918,5.28000020980835,5.420000076293945,16689800,0.0,0.0
2026-05-04 00:00:00-04:00,6.099999904632568,6.239999771118164,5.550000190734863,5.579999923706055,54371300,0.0,0.0
2026-05-05 00:00:00-04:00,5.75,5.880000114440918,5.489999771118164,5.599999904632568,27155800,0.0,0.0
2026-05-06 00:00:00-04:00,5.559999942779541,6.059999942779541,5.360000133514404,5.989999771118164,27525700,0.0,0.0
2026-05-07 00:00:00-04:00,6.039999961853027,6.150000095367432,5.829999923706055,6.099999904632568,27323900,0.0,0.0
2026-05-08 00:00:00-04:00,6.25,6.610000133514404,6.079999923706055,6.369999885559082,56713600,0.0,0.0
2026-05-11 00:00:00-04:00,6.420000076293945,6.519999980926514,6.119999885559082,6.21999979019165,27888300,0.0,0.0
2026-05-12 00:00:00-04:00,6.119999885559082,6.230000019073486,5.880000114440918,6.21999979019165,19197600,0.0,0.0
2026-05-13 00:00:00-04:00,6.260000228881836,6.340000152587891,6.0,6.099999904632568,16065400,0.0,0.0
2026-05-14 00:00:00-04:00,6.099999904632568,6.400000095367432,6.059999942779541,6.179999828338623,22046800,0.0,0.0
2026-05-15 00:00:00-04:00,6.070000171661377,6.300000190734863,5.960000038146973,6.190000057220459,19598700,0.0,0.0
2026-05-18 00:00:00-04:00,6.150000095367432,6.639999866485596,6.110000133514404,6.380000114440918,24303600,0.0,0.0
2026-05-19 00:00:00-04:00,6.289999961853027,6.440000057220459,6.079999923706055,6.210000038146973,20610800,0.0,0.0
2026-05-20 00:00:00-04:00,6.28000020980835,6.380000114440918,6.099999904632568,6.199999809265137,36234400,0.0,0.0
2026-05-21 00:00:00-04:00,6.170000076293945,6.730000019073486,6.099999904632568,6.650000095367432,27469200,0.0,0.0
2026-05-22 00:00:00-04:00,6.769999980926514,8.029999732971191,6.699999809265137,7.909999847412109,56157873,0.0,0.0
