Date,Open,High,Low,Close,Volume,Dividends,Stock Splits
2022-01-03 00:00:00-05:00,6.579999923706055,6.800000190734863,6.539999961853027,6.75,1615200,0.0,0.0
2022-01-04 00:00:00-05:00,6.800000190734863,6.889999866485596,6.380000114440918,6.5,1796600,0.0,0.0
2022-01-05 00:00:00-05:00,6.380000114440918,6.489999771118164,5.849999904632568,5.880000114440918,2813100,0.0,0.0
2022-01-06 00:00:00-05:00,5.909999847412109,5.96999979019165,5.599999904632568,5.730000019073486,2617700,0.0,0.0
2022-01-07 00:00:00-05:00,5.710000038146973,5.889999866485596,5.670000076293945,5.739999771118164,1628400,0.0,0.0
2022-01-10 00:00:00-05:00,5.614999771118164,5.614999771118164,5.25,5.579999923706055,2581200,0.0,0.0
2022-01-11 00:00:00-05:00,5.579999923706055,5.840000152587891,5.539999961853027,5.769999980926514,1715300,0.0,0.0
2022-01-12 00:00:00-05:00,5.75,5.909999847412109,5.550000190734863,5.579999923706055,1356600,0.0,0.0
2022-01-13 00:00:00-05:00,5.639999866485596,5.650000095367432,5.21999979019165,5.25,1710600,0.0,0.0
2022-01-14 00:00:00-05:00,5.150000095367432,5.317999839782715,5.099999904632568,5.289999961853027,1759900,0.0,0.0
2022-01-18 00:00:00-05:00,5.130000114440918,5.235000133514404,4.949999809265137,4.980000019073486,1917500,0.0,0.0
2022-01-19 00:00:00-05:00,5.0,5.099999904632568,4.820000171661377,4.849999904632568,1835700,0.0,0.0
2022-01-20 00:00:00-05:00,4.949999809265137,5.21999979019165,4.820000171661377,4.820000171661377,2680200,0.0,0.0
2022-01-21 00:00:00-05:00,4.710000038146973,4.929999828338623,4.679999828338623,4.789999961853027,3118600,0.0,0.0
2022-01-24 00:00:00-05:00,4.579999923706055,4.679999828338623,4.070000171661377,4.630000114440918,5276500,0.0,0.0
2022-01-25 00:00:00-05:00,4.429999828338623,4.760000228881836,4.429999828338623,4.639999866485596,2095100,0.0,0.0
2022-01-26 00:00:00-05:00,4.889999866485596,5.0,4.409999847412109,4.46999979019165,2892900,0.0,0.0
2022-01-27 00:00:00-05:00,4.46999979019165,4.610000133514404,4.150000095367432,4.190000057220459,1973500,0.0,0.0
2022-01-28 00:00:00-05:00,4.170000076293945,4.320000171661377,4.070000171661377,4.320000171661377,2132300,0.0,0.0
2022-01-31 00:00:00-05:00,4.309999942779541,4.920000076293945,4.309999942779541,4.880000114440918,2470600,0.0,0.0
2022-02-01 00:00:00-05:00,4.940000057220459,4.960000038146973,4.630000114440918,4.889999866485596,3829200,0.0,0.0
2022-02-02 00:00:00-05:00,4.940000057220459,4.96999979019165,4.550000190734863,4.730000019073486,2045800,0.0,0.0
2022-02-03 00:00:00-05:00,4.590000152587891,4.610000133514404,4.340000152587891,4.429999828338623,2008100,0.0,0.0
2022-02-04 00:00:00-05:00,4.409999847412109,4.460000038146973,4.239999771118164,4.440000057220459,2322100,0.0,0.0
2022-02-07 00:00:00-05:00,4.409999847412109,4.798999786376953,4.409999847412109,4.659999847412109,1580800,0.0,0.0
2022-02-08 00:00:00-05:00,4.570000171661377,4.675000190734863,4.40500020980835,4.659999847412109,1828100,0.0,0.0
2022-02-09 00:00:00-05:00,4.75,5.0,4.699999809265137,4.949999809265137,1677400,0.0,0.0
2022-02-10 00:00:00-05:00,4.800000190734863,5.199999809265137,4.710000038146973,4.909999847412109,2303300,0.0,0.0
2022-02-11 00:00:00-05:00,4.909999847412109,5.019999980926514,4.639999866485596,4.71999979019165,1416400,0.0,0.0
2022-02-14 00:00:00-05:00,4.730000019073486,4.860000133514404,4.510000228881836,4.550000190734863,1362000,0.0,0.0
2022-02-15 00:00:00-05:00,4.71999979019165,4.925000190734863,4.715000152587891,4.869999885559082,1646400,0.0,0.0
2022-02-16 00:00:00-05:00,4.809999942779541,4.849999904632568,4.679999828338623,4.789999961853027,1054000,0.0,0.0
2022-02-17 00:00:00-05:00,4.820000171661377,4.8460001945495605,4.429999828338623,4.46999979019165,1556200,0.0,0.0
2022-02-18 00:00:00-05:00,4.46999979019165,4.489999771118164,4.300000190734863,4.400000095367432,2143400,0.0,0.0
2022-02-22 00:00:00-05:00,4.28000020980835,4.519999980926514,4.150000095367432,4.199999809265137,5686500,0.0,0.0
2022-02-23 00:00:00-05:00,4.639999866485596,5.244999885559082,4.610000133514404,4.75,8142100,0.0,0.0
2022-02-24 00:00:00-05:00,4.449999809265137,5.059999942779541,4.420000076293945,5.010000228881836,3983500,0.0,0.0
2022-02-25 00:00:00-05:00,5.070000171661377,5.320000171661377,4.960000038146973,5.300000190734863,3058900,0.0,0.0
2022-02-28 00:00:00-05:00,5.239999771118164,5.369999885559082,5.050000190734863,5.21999979019165,2135800,0.0,0.0
2022-03-01 00:00:00-05:00,5.179999828338623,5.434999942779541,5.019999980926514,5.050000190734863,2011400,0.0,0.0
2022-03-02 00:00:00-05:00,5.039999961853027,5.309999942779541,4.909999847412109,5.210000038146973,2062500,0.0,0.0
2022-03-03 00:00:00-05:00,5.150000095367432,5.215000152587891,4.840000152587891,4.889999866485596,1837900,0.0,0.0
2022-03-04 00:00:00-05:00,4.809999942779541,4.839000225067139,4.510000228881836,4.599999904632568,2198100,0.0,0.0
2022-03-07 00:00:00-05:00,4.590000152587891,4.769999980926514,4.284999847412109,4.329999923706055,3691700,0.0,0.0
2022-03-08 00:00:00-05:00,4.300000190734863,4.519999980926514,4.114999771118164,4.289999961853027,4235000,0.0,0.0
2022-03-09 00:00:00-05:00,4.429999828338623,4.795000076293945,4.409999847412109,4.71999979019165,2159300,0.0,0.0
2022-03-10 00:00:00-05:00,4.559999942779541,4.644999980926514,4.440000057220459,4.539999961853027,1908400,0.0,0.0
2022-03-11 00:00:00-05:00,4.559999942779541,4.570000171661377,4.239999771118164,4.46999979019165,2643000,0.0,0.0
2022-03-14 00:00:00-04:00,4.480000019073486,4.480000019073486,3.859999895095825,3.9000000953674316,4155000,0.0,0.0
2022-03-15 00:00:00-04:00,3.9800000190734863,4.340000152587891,3.921999931335449,4.340000152587891,2740300,0.0,0.0
2022-03-16 00:00:00-04:00,4.400000095367432,4.570000171661377,4.315000057220459,4.559999942779541,2799700,0.0,0.0
2022-03-17 00:00:00-04:00,4.5,4.949999809265137,4.440000057220459,4.949999809265137,2320200,0.0,0.0
2022-03-18 00:00:00-04:00,4.880000114440918,5.179999828338623,4.849999904632568,5.099999904632568,2857200,0.0,0.0
2022-03-21 00:00:00-04:00,5.039999961853027,5.138000011444092,4.909999847412109,5.010000228881836,2524700,0.0,0.0
2022-03-22 00:00:00-04:00,5.050000190734863,5.300000190734863,5.019999980926514,5.260000228881836,3373600,0.0,0.0
2022-03-23 00:00:00-04:00,5.179999828338623,5.420000076293945,5.079999923706055,5.28000020980835,1935700,0.0,0.0
2022-03-24 00:00:00-04:00,5.289999961853027,5.300000190734863,5.105000019073486,5.269999980926514,1259100,0.0,0.0
2022-03-25 00:00:00-04:00,5.239999771118164,5.25,5.090000152587891,5.170000076293945,983400,0.0,0.0
2022-03-28 00:00:00-04:00,5.199999809265137,5.269999980926514,4.985000133514404,5.159999847412109,1677100,0.0,0.0
2022-03-29 00:00:00-04:00,5.239999771118164,5.480000019073486,5.239999771118164,5.349999904632568,2130600,0.0,0.0
2022-03-30 00:00:00-04:00,5.329999923706055,5.510000228881836,5.28000020980835,5.320000171661377,930100,0.0,0.0
2022-03-31 00:00:00-04:00,5.340000152587891,5.414999961853027,5.264999866485596,5.329999923706055,1585700,0.0,0.0
2022-04-01 00:00:00-04:00,5.409999847412109,5.429999828338623,5.135000228881836,5.300000190734863,1841500,0.0,0.0
2022-04-04 00:00:00-04:00,5.340000152587891,5.550000190734863,5.309999942779541,5.510000228881836,1793400,0.0,0.0
2022-04-05 00:00:00-04:00,5.510000228881836,5.53000020980835,5.130000114440918,5.190000057220459,1629500,0.0,0.0
2022-04-06 00:00:00-04:00,5.059999942779541,5.138999938964844,4.849999904632568,5.050000190734863,2204900,0.0,0.0
2022-04-07 00:00:00-04:00,5.070000171661377,5.09499979019165,4.860000133514404,5.010000228881836,1591200,0.0,0.0
2022-04-08 00:00:00-04:00,4.949999809265137,4.949999809265137,4.78000020980835,4.78000020980835,1466500,0.0,0.0
2022-04-11 00:00:00-04:00,4.710000038146973,4.909999847412109,4.650000095367432,4.769999980926514,1689500,0.0,0.0
2022-04-12 00:00:00-04:00,4.920000076293945,5.1519999504089355,4.835000038146973,4.889999866485596,1937600,0.0,0.0
2022-04-13 00:00:00-04:00,4.909999847412109,5.170000076293945,4.820000171661377,5.019999980926514,1703400,0.0,0.0
2022-04-14 00:00:00-04:00,5.139999866485596,5.269999980926514,5.010000228881836,5.059999942779541,2309100,0.0,0.0
2022-04-18 00:00:00-04:00,5.050000190734863,5.050000190734863,4.78000020980835,4.829999923706055,2259300,0.0,0.0
2022-04-19 00:00:00-04:00,4.78000020980835,5.119999885559082,4.78000020980835,5.099999904632568,1652900,0.0,0.0
2022-04-20 00:00:00-04:00,5.019999980926514,5.079999923706055,4.889999866485596,4.909999847412109,1489900,0.0,0.0
2022-04-21 00:00:00-04:00,4.900000095367432,5.0,4.599999904632568,4.610000133514404,1598600,0.0,0.0
2022-04-22 00:00:00-04:00,4.610000133514404,4.75,4.53000020980835,4.650000095367432,1111400,0.0,0.0
2022-04-25 00:00:00-04:00,4.590000152587891,4.829999923706055,4.571000099182129,4.820000171661377,1407100,0.0,0.0
2022-04-26 00:00:00-04:00,4.760000228881836,4.775000095367432,4.519999980926514,4.650000095367432,1241400,0.0,0.0
2022-04-27 00:00:00-04:00,4.659999847412109,4.800000190734863,4.46999979019165,4.489999771118164,1557500,0.0,0.0
2022-04-28 00:00:00-04:00,4.380000114440918,4.510000228881836,4.099999904632568,4.409999847412109,2013500,0.0,0.0
2022-04-29 00:00:00-04:00,4.380000114440918,4.510000228881836,4.199999809265137,4.210000038146973,1233900,0.0,0.0
2022-05-02 00:00:00-04:00,4.170000076293945,4.34499979019165,4.099999904632568,4.329999923706055,1517600,0.0,0.0
2022-05-03 00:00:00-04:00,4.320000171661377,4.460000038146973,4.230000019073486,4.329999923706055,1702400,0.0,0.0
2022-05-04 00:00:00-04:00,4.300000190734863,4.389999866485596,4.050000190734863,4.349999904632568,2239400,0.0,0.0
2022-05-05 00:00:00-04:00,4.25,4.329999923706055,4.099999904632568,4.190000057220459,1205900,0.0,0.0
2022-05-06 00:00:00-04:00,4.139999866485596,4.179999828338623,3.884999990463257,3.990000009536743,2098600,0.0,0.0
2022-05-09 00:00:00-04:00,3.940000057220459,3.940000057220459,3.615000009536743,3.7100000381469727,3908200,0.0,0.0
2022-05-10 00:00:00-04:00,3.890000104904175,3.9100000858306885,3.3499999046325684,3.4700000286102295,4352500,0.0,0.0
2022-05-11 00:00:00-04:00,3.4700000286102295,3.5399999618530273,3.0999999046325684,3.109999895095825,3581900,0.0,0.0
2022-05-12 00:00:00-04:00,3.009999990463257,3.25,2.7200000286102295,3.200000047683716,6479800,0.0,0.0
2022-05-13 00:00:00-04:00,3.319999933242798,3.6700000762939453,3.299999952316284,3.450000047683716,4036200,0.0,0.0
2022-05-16 00:00:00-04:00,3.4000000953674316,3.640000104904175,3.3610000610351562,3.4700000286102295,3097900,0.0,0.0
2022-05-17 00:00:00-04:00,3.549999952316284,3.7699999809265137,3.549999952316284,3.690000057220459,2401200,0.0,0.0
2022-05-18 00:00:00-04:00,3.5999999046325684,3.7200000286102295,3.3399999141693115,3.4100000858306885,2117400,0.0,0.0
2022-05-19 00:00:00-04:00,3.380000114440918,3.630000114440918,3.3550000190734863,3.549999952316284,2739100,0.0,0.0
2022-05-20 00:00:00-04:00,3.619999885559082,3.6649999618530273,3.450000047683716,3.509999990463257,2007300,0.0,0.0
2022-05-23 00:00:00-04:00,3.559999942779541,3.575000047683716,3.4100000858306885,3.5299999713897705,1903300,0.0,0.0
2022-05-24 00:00:00-04:00,3.5299999713897705,3.5350000858306885,3.319999933242798,3.4200000762939453,2307300,0.0,0.0
2022-05-25 00:00:00-04:00,3.380000114440918,3.630000114440918,3.380000114440918,3.5899999141693115,1800300,0.0,0.0
2022-05-26 00:00:00-04:00,3.569999933242798,3.859999895095825,3.569999933242798,3.700000047683716,1745900,0.0,0.0
2022-05-27 00:00:00-04:00,3.759999990463257,4.079999923706055,3.759999990463257,4.079999923706055,1419200,0.0,0.0
2022-05-31 00:00:00-04:00,4.079999923706055,4.130000114440918,3.940000057220459,4.039999961853027,2494100,0.0,0.0
2022-06-01 00:00:00-04:00,4.03000020980835,4.144999980926514,3.9800000190734863,4.03000020980835,1581500,0.0,0.0
2022-06-02 00:00:00-04:00,4.050000190734863,4.349999904632568,4.039999961853027,4.25,1415800,0.0,0.0
2022-06-03 00:00:00-04:00,4.159999847412109,4.25,4.03000020980835,4.059999942779541,1174200,0.0,0.0
2022-06-06 00:00:00-04:00,4.179999828338623,4.380000114440918,4.099999904632568,4.150000095367432,1692100,0.0,0.0
2022-06-07 00:00:00-04:00,3.9800000190734863,4.090000152587891,3.880000114440918,4.050000190734863,2004500,0.0,0.0
2022-06-08 00:00:00-04:00,4.039999961853027,4.309999942779541,4.010000228881836,4.199999809265137,1369200,0.0,0.0
2022-06-09 00:00:00-04:00,4.199999809265137,4.199999809265137,3.9000000953674316,3.9200000762939453,1505800,0.0,0.0
2022-06-10 00:00:00-04:00,3.9000000953674316,4.03000020980835,3.8399999141693115,3.8499999046325684,1346700,0.0,0.0
2022-06-13 00:00:00-04:00,3.690000057220459,3.7920000553131104,3.5399999618530273,3.759999990463257,2352900,0.0,0.0
2022-06-14 00:00:00-04:00,3.759999990463257,3.9000000953674316,3.5899999141693115,3.8299999237060547,1931100,0.0,0.0
2022-06-15 00:00:00-04:00,3.859999895095825,4.230000019073486,3.8499999046325684,4.070000171661377,2392900,0.0,0.0
2022-06-16 00:00:00-04:00,3.9800000190734863,4.125,3.8499999046325684,4.099999904632568,2188500,0.0,0.0
2022-06-17 00:00:00-04:00,4.170000076293945,4.369999885559082,4.079999923706055,4.349999904632568,3219800,0.0,0.0
2022-06-21 00:00:00-04:00,4.349999904632568,4.53000020980835,4.289999961853027,4.380000114440918,2699300,0.0,0.0
2022-06-22 00:00:00-04:00,4.28000020980835,4.489999771118164,4.25,4.360000133514404,1876800,0.0,0.0
2022-06-23 00:00:00-04:00,4.380000114440918,4.639999866485596,4.380000114440918,4.590000152587891,2647900,0.0,0.0
2022-06-24 00:00:00-04:00,4.679999828338623,4.920000076293945,4.519999980926514,4.579999923706055,15863900,0.0,0.0
2022-06-27 00:00:00-04:00,4.599999904632568,4.809999942779541,4.429999828338623,4.760000228881836,2417900,0.0,0.0
2022-06-28 00:00:00-04:00,4.789999961853027,4.855000019073486,4.579999923706055,4.599999904632568,2226200,0.0,0.0
2022-06-29 00:00:00-04:00,4.559999942779541,4.690000057220459,4.5,4.639999866485596,1651400,0.0,0.0
2022-06-30 00:00:00-04:00,4.550000190734863,4.610000133514404,4.380000114440918,4.53000020980835,1944100,0.0,0.0
2022-07-01 00:00:00-04:00,4.5,4.820000171661377,4.489999771118164,4.789999961853027,1639700,0.0,0.0
2022-07-05 00:00:00-04:00,4.690000057220459,5.090000152587891,4.625,5.079999923706055,1793400,0.0,0.0
2022-07-06 00:00:00-04:00,5.099999904632568,5.21999979019165,4.960000038146973,5.170000076293945,1790000,0.0,0.0
2022-07-07 00:00:00-04:00,5.179999828338623,5.639999866485596,5.179999828338623,5.610000133514404,3176200,0.0,0.0
2022-07-08 00:00:00-04:00,5.519999980926514,5.670000076293945,5.289999961853027,5.599999904632568,1783000,0.0,0.0
2022-07-11 00:00:00-04:00,5.510000228881836,5.565000057220459,5.295000076293945,5.380000114440918,1346600,0.0,0.0
2022-07-12 00:00:00-04:00,5.400000095367432,5.409999847412109,5.21999979019165,5.360000133514404,1992100,0.0,0.0
2022-07-13 00:00:00-04:00,5.239999771118164,5.599999904632568,5.2129998207092285,5.420000076293945,1926500,0.0,0.0
2022-07-14 00:00:00-04:00,5.380000114440918,5.474999904632568,5.224999904632568,5.429999828338623,2183900,0.0,0.0
2022-07-15 00:00:00-04:00,5.460000038146973,5.699999809265137,5.329999923706055,5.510000228881836,1488000,0.0,0.0
2022-07-18 00:00:00-04:00,5.579999923706055,5.695000171661377,5.442999839782715,5.519999980926514,1538800,0.0,0.0
2022-07-19 00:00:00-04:00,5.570000171661377,5.840000152587891,5.510000228881836,5.739999771118164,1947200,0.0,0.0
2022-07-20 00:00:00-04:00,5.75,6.195000171661377,5.679999828338623,6.059999942779541,2275000,0.0,0.0
2022-07-21 00:00:00-04:00,6.039999961853027,6.239999771118164,5.840000152587891,6.239999771118164,1500300,0.0,0.0
2022-07-22 00:00:00-04:00,6.239999771118164,6.269999980926514,5.650000095367432,5.829999923706055,1787600,0.0,0.0
2022-07-25 00:00:00-04:00,5.829999923706055,5.96999979019165,5.730000019073486,5.869999885559082,1095300,0.0,0.0
2022-07-26 00:00:00-04:00,5.809999942779541,5.889999866485596,5.605000019073486,5.659999847412109,1105200,0.0,0.0
2022-07-27 00:00:00-04:00,5.739999771118164,5.809999942779541,5.625,5.769999980926514,1062800,0.0,0.0
2022-07-28 00:00:00-04:00,5.75,6.085000038146973,5.559999942779541,6.070000171661377,1684200,0.0,0.0
2022-07-29 00:00:00-04:00,6.099999904632568,6.199999809265137,5.909999847412109,6.190000057220459,1538100,0.0,0.0
2022-08-01 00:00:00-04:00,6.110000133514404,6.425000190734863,6.019999980926514,6.230000019073486,2073000,0.0,0.0
2022-08-02 00:00:00-04:00,6.139999866485596,6.449999809265137,6.139999866485596,6.420000076293945,1389400,0.0,0.0
2022-08-03 00:00:00-04:00,6.449999809265137,6.690000057220459,6.340000152587891,6.519999980926514,1845300,0.0,0.0
2022-08-04 00:00:00-04:00,6.539999961853027,6.699999809265137,6.460000038146973,6.480000019073486,1745700,0.0,0.0
2022-08-05 00:00:00-04:00,6.320000171661377,6.644999980926514,6.204999923706055,6.550000190734863,2464400,0.0,0.0
2022-08-08 00:00:00-04:00,6.639999866485596,6.920000076293945,6.454999923706055,6.670000076293945,4117800,0.0,0.0
2022-08-09 00:00:00-04:00,6.699999809265137,6.949999809265137,6.125,6.329999923706055,3669100,0.0,0.0
2022-08-10 00:00:00-04:00,6.599999904632568,6.829999923706055,6.400000095367432,6.820000171661377,1931000,0.0,0.0
2022-08-11 00:00:00-04:00,6.929999828338623,7.21999979019165,6.840000152587891,7.090000152587891,2593800,0.0,0.0
2022-08-12 00:00:00-04:00,7.119999885559082,7.175000190734863,6.949999809265137,7.150000095367432,1839500,0.0,0.0
2022-08-15 00:00:00-04:00,7.159999847412109,7.28000020980835,6.980000019073486,7.21999979019165,1610600,0.0,0.0
2022-08-16 00:00:00-04:00,7.199999809265137,7.199999809265137,6.760000228881836,6.960000038146973,1628900,0.0,0.0
2022-08-17 00:00:00-04:00,6.800000190734863,6.869999885559082,6.679999828338623,6.730000019073486,1906400,0.0,0.0
2022-08-18 00:00:00-04:00,6.71999979019165,6.760000228881836,6.300000190734863,6.380000114440918,1743600,0.0,0.0
2022-08-19 00:00:00-04:00,6.25,6.25,5.90500020980835,5.980000019073486,1789400,0.0,0.0
2022-08-22 00:00:00-04:00,5.869999885559082,6.079999923706055,5.820000171661377,6.019999980926514,1697300,0.0,0.0
2022-08-23 00:00:00-04:00,6.03000020980835,6.195000171661377,5.960000038146973,5.989999771118164,1155700,0.0,0.0
2022-08-24 00:00:00-04:00,6.019999980926514,6.260000228881836,6.019999980926514,6.230000019073486,1094500,0.0,0.0
2022-08-25 00:00:00-04:00,6.360000133514404,6.489999771118164,6.25,6.380000114440918,1053600,0.0,0.0
2022-08-26 00:00:00-04:00,6.369999885559082,6.369999885559082,5.925000190734863,6.019999980926514,1143500,0.0,0.0
2022-08-29 00:00:00-04:00,5.880000114440918,6.105000019073486,5.835000038146973,6.079999923706055,867500,0.0,0.0
2022-08-30 00:00:00-04:00,6.170000076293945,6.329999923706055,6.119999885559082,6.25,1141400,0.0,0.0
2022-08-31 00:00:00-04:00,6.360000133514404,6.449999809265137,6.25,6.360000133514404,1125100,0.0,0.0
2022-09-01 00:00:00-04:00,6.230000019073486,6.329999923706055,5.855000019073486,6.25,1586200,0.0,0.0
2022-09-02 00:00:00-04:00,6.329999923706055,6.360000133514404,6.070000171661377,6.090000152587891,1255300,0.0,0.0
2022-09-06 00:00:00-04:00,6.110000133514404,6.190000057220459,5.829999923706055,5.980000019073486,2244000,0.0,0.0
2022-09-07 00:00:00-04:00,5.860000133514404,6.554999828338623,5.75,6.510000228881836,2187100,0.0,0.0
2022-09-08 00:00:00-04:00,6.429999828338623,6.739999771118164,6.389999866485596,6.599999904632568,1091500,0.0,0.0
2022-09-09 00:00:00-04:00,6.699999809265137,6.75,6.565000057220459,6.679999828338623,1125300,0.0,0.0
2022-09-12 00:00:00-04:00,6.71999979019165,6.75,6.565000057220459,6.639999866485596,863600,0.0,0.0
2022-09-13 00:00:00-04:00,6.300000190734863,6.440000057220459,6.0,6.039999961853027,1725500,0.0,0.0
2022-09-14 00:00:00-04:00,6.050000190734863,6.150000095367432,5.809999942779541,6.139999866485596,1347200,0.0,0.0
2022-09-15 00:00:00-04:00,6.039999961853027,6.28000020980835,5.9710001945495605,6.03000020980835,1058700,0.0,0.0
2022-09-16 00:00:00-04:00,5.909999847412109,5.934000015258789,5.710000038146973,5.880000114440918,1836900,0.0,0.0
2022-09-19 00:00:00-04:00,5.78000020980835,5.849999904632568,5.670000076293945,5.78000020980835,1092900,0.0,0.0
2022-09-20 00:00:00-04:00,5.679999828338623,5.860000133514404,5.599999904632568,5.71999979019165,831200,0.0,0.0
2022-09-21 00:00:00-04:00,5.78000020980835,5.929999828338623,5.65500020980835,5.679999828338623,903000,0.0,0.0
2022-09-22 00:00:00-04:00,5.599999904632568,5.65500020980835,5.335000038146973,5.46999979019165,1188500,0.0,0.0
2022-09-23 00:00:00-04:00,5.289999961853027,5.4120001792907715,5.210000038146973,5.349999904632568,1215800,0.0,0.0
2022-09-26 00:00:00-04:00,5.300000190734863,5.554999828338623,5.25,5.309999942779541,1086100,0.0,0.0
2022-09-27 00:00:00-04:00,5.46999979019165,5.599999904632568,5.309999942779541,5.380000114440918,1318100,0.0,0.0
2022-09-28 00:00:00-04:00,5.440000057220459,5.75,5.414999961853027,5.699999809265137,1312800,0.0,0.0
2022-09-29 00:00:00-04:00,5.570000171661377,5.610000133514404,5.400000095367432,5.590000152587891,886000,0.0,0.0
2022-09-30 00:00:00-04:00,5.599999904632568,6.010000228881836,5.570000171661377,5.579999923706055,1264500,0.0,0.0
2022-10-03 00:00:00-04:00,5.659999847412109,5.739999771118164,5.510000228881836,5.559999942779541,1056200,0.0,0.0
2022-10-04 00:00:00-04:00,5.769999980926514,5.829999923706055,5.630000114440918,5.699999809265137,1269300,0.0,0.0
2022-10-05 00:00:00-04:00,5.610000133514404,5.710000038146973,5.440000057220459,5.699999809265137,1374200,0.0,0.0
2022-10-06 00:00:00-04:00,5.699999809265137,5.840000152587891,5.619999885559082,5.650000095367432,1384700,0.0,0.0
2022-10-07 00:00:00-04:00,5.53000020980835,5.579999923706055,5.320000171661377,5.380000114440918,2263100,0.0,0.0
2022-10-10 00:00:00-04:00,5.400000095367432,5.400000095367432,4.840000152587891,4.989999771118164,1679300,0.0,0.0
2022-10-11 00:00:00-04:00,4.920000076293945,5.159999847412109,4.820000171661377,5.050000190734863,1720000,0.0,0.0
2022-10-12 00:00:00-04:00,5.03000020980835,5.050000190734863,4.829999923706055,4.989999771118164,1166500,0.0,0.0
2022-10-13 00:00:00-04:00,4.800000190734863,5.034999847412109,4.699999809265137,4.980000019073486,1216200,0.0,0.0
2022-10-14 00:00:00-04:00,5.039999961853027,5.070000171661377,4.75,4.769999980926514,1082400,0.0,0.0
2022-10-17 00:00:00-04:00,4.429999828338623,4.574999809265137,4.320000171661377,4.340000152587891,2780400,0.0,0.0
2022-10-18 00:00:00-04:00,4.440000057220459,4.510000228881836,4.329999923706055,4.389999866485596,2273600,0.0,0.0
2022-10-19 00:00:00-04:00,4.329999923706055,4.354000091552734,4.010000228881836,4.090000152587891,1633000,0.0,0.0
2022-10-20 00:00:00-04:00,4.099999904632568,4.320000171661377,4.045000076293945,4.28000020980835,1538800,0.0,0.0
2022-10-21 00:00:00-04:00,4.309999942779541,4.380000114440918,4.195000171661377,4.369999885559082,1088600,0.0,0.0
2022-10-24 00:00:00-04:00,4.420000076293945,4.440000057220459,4.090000152587891,4.170000076293945,2141400,0.0,0.0
2022-10-25 00:00:00-04:00,4.21999979019165,4.400000095367432,4.21999979019165,4.329999923706055,1417400,0.0,0.0
2022-10-26 00:00:00-04:00,4.349999904632568,4.574999809265137,4.335000038146973,4.429999828338623,1414800,0.0,0.0
2022-10-27 00:00:00-04:00,4.519999980926514,4.519999980926514,4.28000020980835,4.340000152587891,936500,0.0,0.0
2022-10-28 00:00:00-04:00,4.320000171661377,4.489999771118164,4.300000190734863,4.489999771118164,1429400,0.0,0.0
2022-10-31 00:00:00-04:00,4.420000076293945,4.554999828338623,4.375,4.539999961853027,1179300,0.0,0.0
2022-11-01 00:00:00-04:00,4.630000114440918,4.699999809265137,4.46999979019165,4.519999980926514,932000,0.0,0.0
2022-11-02 00:00:00-04:00,4.5,4.519999980926514,4.269999980926514,4.28000020980835,1306400,0.0,0.0
2022-11-03 00:00:00-04:00,4.239999771118164,4.320000171661377,4.159999847412109,4.199999809265137,1227000,0.0,0.0
2022-11-04 00:00:00-04:00,4.289999961853027,4.289999961853027,4.059999942779541,4.25,1573400,0.0,0.0
2022-11-07 00:00:00-05:00,4.289999961853027,4.650000095367432,4.199999809265137,4.619999885559082,3923200,0.0,0.0
2022-11-08 00:00:00-05:00,5.869999885559082,5.909999847412109,5.300000190734863,5.53000020980835,8843100,0.0,0.0
2022-11-09 00:00:00-05:00,5.510000228881836,6.03000020980835,5.429999828338623,5.519999980926514,3396300,0.0,0.0
2022-11-10 00:00:00-05:00,5.860000133514404,6.309999942779541,5.71999979019165,6.150000095367432,3915400,0.0,0.0
2022-11-11 00:00:00-05:00,6.159999847412109,6.420000076293945,5.769999980926514,5.829999923706055,4323100,0.0,0.0
2022-11-14 00:00:00-05:00,5.800000190734863,6.340000152587891,5.75,6.03000020980835,2402600,0.0,0.0
2022-11-15 00:00:00-05:00,6.110000133514404,6.400000095367432,5.980000019073486,6.190000057220459,3163000,0.0,0.0
2022-11-16 00:00:00-05:00,6.130000114440918,6.179999828338623,5.75,5.78000020980835,2142800,0.0,0.0
2022-11-17 00:00:00-05:00,5.630000114440918,5.985000133514404,5.610000133514404,5.820000171661377,2006700,0.0,0.0
2022-11-18 00:00:00-05:00,5.989999771118164,6.0,5.715000152587891,5.78000020980835,1302200,0.0,0.0
2022-11-21 00:00:00-05:00,5.699999809265137,5.945000171661377,5.614999771118164,5.900000095367432,1611100,0.0,0.0
2022-11-22 00:00:00-05:00,5.929999828338623,5.989999771118164,5.784999847412109,5.889999866485596,929700,0.0,0.0
2022-11-23 00:00:00-05:00,5.900000095367432,6.300000190734863,5.900000095367432,6.269999980926514,1904900,0.0,0.0
2022-11-25 00:00:00-05:00,6.190000057220459,6.26200008392334,6.025000095367432,6.110000133514404,922300,0.0,0.0
2022-11-28 00:00:00-05:00,6.090000152587891,6.284999847412109,6.0,6.059999942779541,1212600,0.0,0.0
2022-11-29 00:00:00-05:00,6.090000152587891,6.159999847412109,5.78000020980835,5.869999885559082,1506100,0.0,0.0
2022-11-30 00:00:00-05:00,5.869999885559082,6.190000057220459,5.739999771118164,6.190000057220459,1989800,0.0,0.0
2022-12-01 00:00:00-05:00,6.25,6.570000171661377,6.110000133514404,6.380000114440918,2214900,0.0,0.0
2022-12-02 00:00:00-05:00,6.260000228881836,6.65500020980835,6.21999979019165,6.610000133514404,1524200,0.0,0.0
2022-12-05 00:00:00-05:00,6.679999828338623,6.929999828338623,6.585000038146973,6.710000038146973,1567000,0.0,0.0
2022-12-06 00:00:00-05:00,6.690000057220459,6.860000133514404,6.519999980926514,6.619999885559082,1855700,0.0,0.0
2022-12-07 00:00:00-05:00,6.539999961853027,7.130000114440918,6.510000228881836,7.0,1645100,0.0,0.0
2022-12-08 00:00:00-05:00,7.03000020980835,7.360000133514404,6.860000133514404,7.25,1853400,0.0,0.0
2022-12-09 00:00:00-05:00,7.230000019073486,7.309999942779541,7.050000190734863,7.139999866485596,1557600,0.0,0.0
2022-12-12 00:00:00-05:00,7.070000171661377,7.199999809265137,6.920000076293945,7.179999828338623,1161100,0.0,0.0
2022-12-13 00:00:00-05:00,7.409999847412109,7.449999809265137,7.195000171661377,7.349999904632568,1559700,0.0,0.0
2022-12-14 00:00:00-05:00,7.340000152587891,7.420000076293945,7.139999866485596,7.190000057220459,1388200,0.0,0.0
2022-12-15 00:00:00-05:00,7.039999961853027,7.099999904632568,6.829999923706055,6.900000095367432,1622400,0.0,0.0
2022-12-16 00:00:00-05:00,6.739999771118164,6.869999885559082,6.650000095367432,6.760000228881836,2096900,0.0,0.0
2022-12-19 00:00:00-05:00,6.71999979019165,6.889999866485596,6.46999979019165,6.690000057220459,1016400,0.0,0.0
2022-12-20 00:00:00-05:00,6.619999885559082,6.789999961853027,6.550000190734863,6.650000095367432,775300,0.0,0.0
2022-12-21 00:00:00-05:00,6.71999979019165,6.929999828338623,6.639999866485596,6.760000228881836,851100,0.0,0.0
2022-12-22 00:00:00-05:00,6.699999809265137,6.710000038146973,6.389999866485596,6.510000228881836,927500,0.0,0.0
2022-12-23 00:00:00-05:00,6.480000019073486,6.559999942779541,6.360000133514404,6.429999828338623,943400,0.0,0.0
2022-12-27 00:00:00-05:00,6.389999866485596,6.389999866485596,6.199999809265137,6.230000019073486,1122500,0.0,0.0
2022-12-28 00:00:00-05:00,6.190000057220459,6.255000114440918,6.079999923706055,6.170000076293945,1028900,0.0,0.0
2022-12-29 00:00:00-05:00,6.269999980926514,6.414999961853027,6.159999847412109,6.380000114440918,924500,0.0,0.0
2022-12-30 00:00:00-05:00,6.260000228881836,6.429999828338623,6.230000019073486,6.409999847412109,1630200,0.0,0.0
2023-01-03 00:00:00-05:00,6.5,6.710000038146973,6.224999904632568,6.320000171661377,1113700,0.0,0.0
2023-01-04 00:00:00-05:00,6.420000076293945,6.625,6.269999980926514,6.610000133514404,1253600,0.0,0.0
2023-01-05 00:00:00-05:00,6.489999771118164,6.579999923706055,6.099999904632568,6.099999904632568,1564600,0.0,0.0
2023-01-06 00:00:00-05:00,6.130000114440918,6.224999904632568,6.010000228881836,6.130000114440918,1006900,0.0,0.0
2023-01-09 00:00:00-05:00,6.25,6.590000152587891,6.184999942779541,6.460000038146973,1554700,0.0,0.0
2023-01-10 00:00:00-05:00,6.5,6.789999961853027,6.449999809265137,6.769999980926514,1077800,0.0,0.0
2023-01-11 00:00:00-05:00,6.800000190734863,6.869999885559082,6.579999923706055,6.730000019073486,944500,0.0,0.0
2023-01-12 00:00:00-05:00,6.760000228881836,7.099999904632568,6.619999885559082,7.099999904632568,1206000,0.0,0.0
2023-01-13 00:00:00-05:00,7.019999980926514,7.559999942779541,6.989999771118164,7.53000020980835,1441300,0.0,0.0
2023-01-17 00:00:00-05:00,7.510000228881836,7.840000152587891,7.510000228881836,7.679999828338623,1575800,0.0,0.0
2023-01-18 00:00:00-05:00,7.769999980926514,7.96999979019165,7.710000038146973,7.730000019073486,2215800,0.0,0.0
2023-01-19 00:00:00-05:00,7.650000095367432,7.730000019073486,7.414999961853027,7.480000019073486,987700,0.0,0.0
2023-01-20 00:00:00-05:00,7.590000152587891,7.590000152587891,7.199999809265137,7.260000228881836,1616200,0.0,0.0
2023-01-23 00:00:00-05:00,7.21999979019165,7.789999961853027,7.15500020980835,7.630000114440918,2442500,0.0,0.0
2023-01-24 00:00:00-05:00,7.619999885559082,7.954999923706055,7.53000020980835,7.639999866485596,1637600,0.0,0.0
2023-01-25 00:00:00-05:00,7.480000019073486,7.570000171661377,7.269999980926514,7.429999828338623,1526000,0.0,0.0
2023-01-26 00:00:00-05:00,7.5,7.710000038146973,7.440000057220459,7.590000152587891,1284400,0.0,0.0
2023-01-27 00:00:00-05:00,7.539999961853027,7.789999961853027,7.4029998779296875,7.75,1337900,0.0,0.0
2023-01-30 00:00:00-05:00,7.630000114440918,7.815000057220459,7.420000076293945,7.449999809265137,1306800,0.0,0.0
2023-01-31 00:00:00-05:00,7.53000020980835,8.289999961853027,7.5229997634887695,8.279999732971191,3257600,0.0,0.0
2023-02-01 00:00:00-05:00,8.279999732971191,8.430000305175781,7.900000095367432,8.0,2562700,0.0,0.0
2023-02-02 00:00:00-05:00,8.079999923706055,8.539999961853027,8.050000190734863,8.319999694824219,2384200,0.0,0.0
2023-02-03 00:00:00-05:00,8.199999809265137,8.479999542236328,7.800000190734863,7.889999866485596,2668800,0.0,0.0
2023-02-06 00:00:00-05:00,7.800000190734863,7.994999885559082,7.735000133514404,7.840000152587891,1653600,0.0,0.0
2023-02-07 00:00:00-05:00,7.800000190734863,8.494999885559082,7.659999847412109,8.449999809265137,2622500,0.0,0.0
2023-02-08 00:00:00-05:00,8.420000076293945,8.640000343322754,8.329999923706055,8.430000305175781,2050300,0.0,0.0
2023-02-09 00:00:00-05:00,9.020000457763672,9.5649995803833,8.9399995803833,9.069999694824219,4282400,0.0,0.0
2023-02-10 00:00:00-05:00,9.050000190734863,9.64900016784668,9.0,9.609999656677246,3168100,0.0,0.0
2023-02-13 00:00:00-05:00,9.600000381469727,9.880000114440918,9.449999809265137,9.5600004196167,2376200,0.0,0.0
2023-02-14 00:00:00-05:00,9.460000038146973,9.979999542236328,9.279999732971191,9.850000381469727,2042000,0.0,0.0
2023-02-15 00:00:00-05:00,9.779999732971191,10.029999732971191,9.65999984741211,10.029999732971191,2282000,0.0,0.0
2023-02-16 00:00:00-05:00,9.779999732971191,10.03499984741211,9.583000183105469,9.619999885559082,2425100,0.0,0.0
2023-02-17 00:00:00-05:00,9.520000457763672,9.680000305175781,9.069999694824219,9.630000114440918,1897000,0.0,0.0
2023-02-21 00:00:00-05:00,9.40999984741211,9.5,9.25,9.34000015258789,1668800,0.0,0.0
2023-02-22 00:00:00-05:00,9.399999618530273,9.510000228881836,9.15999984741211,9.289999961853027,1290900,0.0,0.0
2023-02-23 00:00:00-05:00,9.40999984741211,9.739999771118164,9.260000228881836,9.640000343322754,2232600,0.0,0.0
2023-02-24 00:00:00-05:00,9.479999542236328,9.824999809265137,9.460000038146973,9.770000457763672,3635200,0.0,0.0
2023-02-27 00:00:00-05:00,9.75,10.0600004196167,9.600000381469727,9.649999618530273,6652600,0.0,0.0
2023-02-28 00:00:00-05:00,10.65999984741211,11.770000457763672,10.479999542236328,11.270000457763672,16196200,0.0,0.0
2023-03-01 00:00:00-05:00,11.5,12.041000366210938,11.329999923706055,11.529999732971191,7169900,0.0,0.0
2023-03-02 00:00:00-05:00,10.170000076293945,10.65999984741211,9.75,10.350000381469727,7887900,0.0,0.0
2023-03-03 00:00:00-05:00,10.460000038146973,10.557000160217285,10.0649995803833,10.359999656677246,3505800,0.0,0.0
2023-03-06 00:00:00-05:00,10.279999732971191,10.470000267028809,10.005000114440918,10.069999694824219,3301800,0.0,0.0
2023-03-07 00:00:00-05:00,9.970000267028809,10.020000457763672,9.399999618530273,9.770000457763672,5002700,0.0,0.0
2023-03-08 00:00:00-05:00,9.84000015258789,9.989999771118164,9.59000015258789,9.880000114440918,2479400,0.0,0.0
2023-03-09 00:00:00-05:00,9.819999694824219,10.0,9.470000267028809,9.539999961853027,2734400,0.0,0.0
2023-03-10 00:00:00-05:00,9.489999771118164,9.489999771118164,8.920000076293945,8.970000267028809,3908200,0.0,0.0
2023-03-13 00:00:00-04:00,8.899999618530273,9.15999984741211,8.670999526977539,8.890000343322754,3501100,0.0,0.0
2023-03-14 00:00:00-04:00,9.09000015258789,9.119999885559082,8.569999694824219,8.680000305175781,2540400,0.0,0.0
2023-03-15 00:00:00-04:00,8.510000228881836,9.039999961853027,8.244999885559082,9.010000228881836,4309500,0.0,0.0
2023-03-16 00:00:00-04:00,8.989999771118164,10.270000457763672,8.960000038146973,9.949999809265137,4882200,0.0,0.0
2023-03-17 00:00:00-04:00,9.789999961853027,10.140000343322754,9.59000015258789,9.739999771118164,3797000,0.0,0.0
2023-03-20 00:00:00-04:00,9.699999809265137,9.71500015258789,9.331999778747559,9.65999984741211,2484900,0.0,0.0
2023-03-21 00:00:00-04:00,9.680000305175781,10.039999961853027,9.670000076293945,10.029999732971191,2777500,0.0,0.0
2023-03-22 00:00:00-04:00,10.0,10.020000457763672,9.680000305175781,9.6899995803833,2408600,0.0,0.0
2023-03-23 00:00:00-04:00,9.779999732971191,9.829999923706055,9.399999618530273,9.40999984741211,2911300,0.0,0.0
2023-03-24 00:00:00-04:00,9.489999771118164,9.699999809265137,9.420000076293945,9.529999732971191,2009200,0.0,0.0
2023-03-27 00:00:00-04:00,9.630000114440918,9.65999984741211,9.430000305175781,9.539999961853027,1857900,0.0,0.0
2023-03-28 00:00:00-04:00,9.59000015258789,10.109999656677246,9.557000160217285,9.90999984741211,1830700,0.0,0.0
2023-03-29 00:00:00-04:00,9.979999542236328,10.0600004196167,9.569999694824219,10.029999732971191,1919700,0.0,0.0
2023-03-30 00:00:00-04:00,10.149999618530273,10.279999732971191,9.729999542236328,9.90999984741211,1836500,0.0,0.0
2023-03-31 00:00:00-04:00,10.050000190734863,10.289999961853027,9.720000267028809,9.920000076293945,3979200,0.0,0.0
2023-04-03 00:00:00-04:00,9.920000076293945,10.649999618530273,9.920000076293945,10.3100004196167,4896400,0.0,0.0
2023-04-04 00:00:00-04:00,10.300000190734863,10.34000015258789,9.859999656677246,10.09000015258789,5642500,0.0,0.0
2023-04-05 00:00:00-04:00,10.0,10.104999542236328,9.640000343322754,9.770000457763672,2653900,0.0,0.0
2023-04-06 00:00:00-04:00,9.779999732971191,9.970000267028809,9.760000228881836,9.949999809265137,1536500,0.0,0.0
2023-04-10 00:00:00-04:00,9.890000343322754,9.920000076293945,9.729999542236328,9.800000190734863,2894000,0.0,0.0
2023-04-11 00:00:00-04:00,9.779999732971191,9.949999809265137,9.420000076293945,9.550000190734863,3518700,0.0,0.0
2023-04-12 00:00:00-04:00,9.539999961853027,9.75,9.420000076293945,9.630000114440918,2217500,0.0,0.0
2023-04-13 00:00:00-04:00,9.739999771118164,10.130000114440918,9.739999771118164,10.050000190734863,4972600,0.0,0.0
2023-04-14 00:00:00-04:00,10.050000190734863,10.100000381469727,9.729999542236328,9.760000228881836,2076900,0.0,0.0
2023-04-17 00:00:00-04:00,9.699999809265137,9.994999885559082,9.670000076293945,9.970000267028809,2328700,0.0,0.0
2023-04-18 00:00:00-04:00,10.050000190734863,11.015000343322754,9.949999809265137,11.0,15375100,0.0,0.0
2023-04-19 00:00:00-04:00,11.010000228881836,11.25,10.65999984741211,11.1899995803833,4406300,0.0,0.0
2023-04-20 00:00:00-04:00,11.130000114440918,11.350000381469727,10.8100004196167,10.859999656677246,2571500,0.0,0.0
2023-04-21 00:00:00-04:00,10.90999984741211,11.699999809265137,10.895000457763672,11.680000305175781,4365200,0.0,0.0
2023-04-24 00:00:00-04:00,11.649999618530273,12.234999656677246,11.300000190734863,11.8100004196167,5037800,0.0,0.0
2023-04-25 00:00:00-04:00,11.720000267028809,11.84000015258789,11.125,11.1899995803833,3386800,0.0,0.0
2023-04-26 00:00:00-04:00,11.220000267028809,11.319999694824219,11.029999732971191,11.1899995803833,1548400,0.0,0.0
2023-04-27 00:00:00-04:00,11.5600004196167,12.0600004196167,11.510000228881836,11.539999961853027,2824700,0.0,0.0
2023-04-28 00:00:00-04:00,11.59000015258789,11.670000076293945,11.380000114440918,11.59000015258789,2492400,0.0,0.0
2023-05-01 00:00:00-04:00,11.579999923706055,12.3100004196167,11.40999984741211,12.020000457763672,3832100,0.0,0.0
2023-05-02 00:00:00-04:00,11.899999618530273,12.1899995803833,11.614999771118164,11.680000305175781,3079700,0.0,0.0
2023-05-03 00:00:00-04:00,11.729999542236328,12.199999809265137,11.654999732971191,11.859999656677246,2279800,0.0,0.0
2023-05-04 00:00:00-04:00,11.680000305175781,11.90999984741211,11.585000038146973,11.729999542236328,2422900,0.0,0.0
2023-05-05 00:00:00-04:00,11.819999694824219,12.260000228881836,11.739999771118164,12.039999961853027,3615600,0.0,0.0
2023-05-08 00:00:00-04:00,12.300000190734863,12.34000015258789,11.670000076293945,11.850000381469727,5724300,0.0,0.0
2023-05-09 00:00:00-04:00,10.774999618530273,11.489999771118164,10.46500015258789,10.649999618530273,9183700,0.0,0.0
2023-05-10 00:00:00-04:00,10.760000228881836,11.1899995803833,10.489999771118164,10.699999809265137,4549300,0.0,0.0
2023-05-11 00:00:00-04:00,10.609999656677246,10.90999984741211,10.369999885559082,10.569999694824219,3418400,0.0,0.0
2023-05-12 00:00:00-04:00,10.609999656677246,10.869999885559082,10.449999809265137,10.8100004196167,2990200,0.0,0.0
2023-05-15 00:00:00-04:00,10.789999961853027,10.949999809265137,10.680000305175781,10.770000457763672,3701300,0.0,0.0
2023-05-16 00:00:00-04:00,10.800000190734863,10.84000015258789,10.430000305175781,10.479999542236328,2514700,0.0,0.0
2023-05-17 00:00:00-04:00,10.539999961853027,10.779999732971191,10.359999656677246,10.600000381469727,2607100,0.0,0.0
2023-05-18 00:00:00-04:00,10.569999694824219,10.739999771118164,10.069999694824219,10.270000457763672,4566100,0.0,0.0
2023-05-19 00:00:00-04:00,10.329999923706055,10.4399995803833,9.760000228881836,9.770000457763672,3148300,0.0,0.0
2023-05-22 00:00:00-04:00,9.779999732971191,9.875,9.4399995803833,9.5,4712400,0.0,0.0
2023-05-23 00:00:00-04:00,9.449999809265137,9.729999542236328,9.1899995803833,9.199999809265137,3220800,0.0,0.0
2023-05-24 00:00:00-04:00,9.050000190734863,9.140000343322754,8.739999771118164,8.8100004196167,6690600,0.0,0.0
2023-05-25 00:00:00-04:00,8.9399995803833,9.170000076293945,8.8100004196167,9.029999732971191,4000000,0.0,0.0
2023-05-26 00:00:00-04:00,9.119999885559082,9.479999542236328,9.0600004196167,9.069999694824219,2602300,0.0,0.0
2023-05-30 00:00:00-04:00,9.079999923706055,9.119999885559082,8.744999885559082,8.880000114440918,3202200,0.0,0.0
2023-05-31 00:00:00-04:00,8.869999885559082,9.039999961853027,8.710000038146973,8.9399995803833,3289200,0.0,0.0
2023-06-01 00:00:00-04:00,8.890000343322754,8.979999542236328,8.770000457763672,8.899999618530273,2470500,0.0,0.0
2023-06-02 00:00:00-04:00,8.970000267028809,9.069999694824219,8.788000106811523,9.0,2297500,0.0,0.0
2023-06-05 00:00:00-04:00,9.0,9.045000076293945,8.789999961853027,8.949999809265137,1911900,0.0,0.0
2023-06-06 00:00:00-04:00,8.920000076293945,9.220000267028809,8.869999885559082,9.1899995803833,2416600,0.0,0.0
2023-06-07 00:00:00-04:00,9.199999809265137,9.300000190734863,8.9399995803833,9.15999984741211,2707900,0.0,0.0
2023-06-08 00:00:00-04:00,9.15999984741211,9.210000038146973,9.0,9.149999618530273,2165900,0.0,0.0
2023-06-09 00:00:00-04:00,9.100000381469727,9.300000190734863,8.975000381469727,9.0,2394000,0.0,0.0
2023-06-12 00:00:00-04:00,9.039999961853027,9.199999809265137,8.960000038146973,8.989999771118164,2270600,0.0,0.0
2023-06-13 00:00:00-04:00,9.0600004196167,9.145000457763672,8.949999809265137,9.039999961853027,2002700,0.0,0.0
2023-06-14 00:00:00-04:00,9.020000457763672,9.024999618530273,8.640000343322754,8.670000076293945,3487300,0.0,0.0
2023-06-15 00:00:00-04:00,8.609999656677246,8.859999656677246,8.449999809265137,8.800000190734863,3239500,0.0,0.0
2023-06-16 00:00:00-04:00,8.949999809265137,9.079999923706055,8.479999542236328,8.649999618530273,3336100,0.0,0.0
2023-06-20 00:00:00-04:00,8.550000190734863,8.59000015258789,8.15999984741211,8.350000381469727,3056800,0.0,0.0
2023-06-21 00:00:00-04:00,8.369999885559082,8.494999885559082,8.300000190734863,8.420000076293945,2405600,0.0,0.0
2023-06-22 00:00:00-04:00,8.449999809265137,8.5600004196167,8.279999732971191,8.34000015258789,2066700,0.0,0.0
2023-06-23 00:00:00-04:00,8.25,8.420000076293945,8.170000076293945,8.420000076293945,5039000,0.0,0.0
2023-06-26 00:00:00-04:00,8.319999694824219,8.46500015258789,8.170000076293945,8.220000267028809,2390700,0.0,0.0
2023-06-27 00:00:00-04:00,8.279999732971191,8.520000457763672,8.1899995803833,8.329999923706055,2007500,0.0,0.0
2023-06-28 00:00:00-04:00,8.300000190734863,8.5,8.25,8.470000267028809,1266400,0.0,0.0
2023-06-29 00:00:00-04:00,8.5600004196167,9.154999732971191,8.539999961853027,9.09000015258789,4092100,0.0,0.0
2023-06-30 00:00:00-04:00,9.170000076293945,9.609999656677246,9.09000015258789,9.399999618530273,3794100,0.0,0.0
2023-07-03 00:00:00-04:00,9.449999809265137,9.454999923706055,9.079999923706055,9.109999656677246,2311700,0.0,0.0
2023-07-05 00:00:00-04:00,9.09000015258789,9.149999618530273,8.6899995803833,8.890000343322754,3105000,0.0,0.0
2023-07-06 00:00:00-04:00,8.819999694824219,8.859999656677246,8.585000038146973,8.649999618530273,1554200,0.0,0.0
2023-07-07 00:00:00-04:00,8.649999618530273,8.755000114440918,8.229999542236328,8.270000457763672,3385600,0.0,0.0
2023-07-10 00:00:00-04:00,8.300000190734863,8.630000114440918,8.260000228881836,8.609999656677246,3646800,0.0,0.0
2023-07-11 00:00:00-04:00,8.680000305175781,8.765000343322754,8.475000381469727,8.640000343322754,2726200,0.0,0.0
2023-07-12 00:00:00-04:00,8.829999923706055,8.920000076293945,8.630000114440918,8.670000076293945,5130600,0.0,0.0
2023-07-13 00:00:00-04:00,8.539999961853027,9.270000457763672,8.4399995803833,9.109999656677246,5638600,0.0,0.0
2023-07-14 00:00:00-04:00,9.079999923706055,9.180000305175781,8.8100004196167,8.859999656677246,2581800,0.0,0.0
2023-07-17 00:00:00-04:00,8.770000457763672,9.208999633789062,8.65999984741211,9.119999885559082,1954700,0.0,0.0
2023-07-18 00:00:00-04:00,9.210000038146973,9.319999694824219,9.029999732971191,9.109999656677246,1696700,0.0,0.0
2023-07-19 00:00:00-04:00,9.170000076293945,9.220000267028809,8.84000015258789,8.890000343322754,1908400,0.0,0.0
2023-07-20 00:00:00-04:00,8.84000015258789,8.899999618530273,8.350000381469727,8.350000381469727,2215900,0.0,0.0
2023-07-21 00:00:00-04:00,8.430000305175781,8.484999656677246,8.180000305175781,8.260000228881836,3617600,0.0,0.0
2023-07-24 00:00:00-04:00,8.289999961853027,8.460000038146973,8.1899995803833,8.34000015258789,1847700,0.0,0.0
2023-07-25 00:00:00-04:00,8.319999694824219,8.399999618530273,8.079999923706055,8.300000190734863,1916600,0.0,0.0
2023-07-26 00:00:00-04:00,8.229999542236328,8.395000457763672,8.170000076293945,8.260000228881836,2707800,0.0,0.0
2023-07-27 00:00:00-04:00,8.40999984741211,8.800000190734863,8.300000190734863,8.40999984741211,2420000,0.0,0.0
2023-07-28 00:00:00-04:00,8.619999885559082,8.770000457763672,8.5,8.640000343322754,2072600,0.0,0.0
2023-07-31 00:00:00-04:00,8.649999618530273,8.989999771118164,8.555000305175781,8.970000267028809,2866800,0.0,0.0
2023-08-01 00:00:00-04:00,8.84000015258789,8.890000343322754,8.699999809265137,8.760000228881836,1685800,0.0,0.0
2023-08-02 00:00:00-04:00,8.5600004196167,8.609999656677246,8.34000015258789,8.380000114440918,3228500,0.0,0.0
2023-08-03 00:00:00-04:00,8.319999694824219,8.418999671936035,8.180000305175781,8.199999809265137,2588100,0.0,0.0
2023-08-04 00:00:00-04:00,8.199999809265137,8.289999961853027,8.050000190734863,8.149999618530273,2733400,0.0,0.0
2023-08-07 00:00:00-04:00,8.329999923706055,8.39900016784668,7.849999904632568,7.900000095367432,7962700,0.0,0.0
2023-08-08 00:00:00-04:00,9.260000228881836,9.274999618530273,7.21999979019165,7.440000057220459,20229700,0.0,0.0
2023-08-09 00:00:00-04:00,7.409999847412109,7.749000072479248,7.264999866485596,7.320000171661377,5581400,0.0,0.0
2023-08-10 00:00:00-04:00,7.380000114440918,7.684999942779541,7.135000228881836,7.190000057220459,4817300,0.0,0.0
2023-08-11 00:00:00-04:00,7.139999866485596,7.364999771118164,7.119999885559082,7.199999809265137,2421100,0.0,0.0
2023-08-14 00:00:00-04:00,7.159999847412109,7.264999866485596,6.985000133514404,7.119999885559082,2722400,0.0,0.0
2023-08-15 00:00:00-04:00,7.03000020980835,7.324999809265137,7.010000228881836,7.179999828338623,2513400,0.0,0.0
2023-08-16 00:00:00-04:00,7.179999828338623,7.269999980926514,6.989999771118164,7.0,1961900,0.0,0.0
2023-08-17 00:00:00-04:00,6.989999771118164,7.099999904632568,6.829999923706055,6.920000076293945,3105100,0.0,0.0
2023-08-18 00:00:00-04:00,6.800000190734863,6.949999809265137,6.730000019073486,6.809999942779541,3600100,0.0,0.0
2023-08-21 00:00:00-04:00,6.840000152587891,7.039999961853027,6.829999923706055,7.0,2385200,0.0,0.0
2023-08-22 00:00:00-04:00,7.050000190734863,7.130000114440918,6.704999923706055,6.739999771118164,2035100,0.0,0.0
2023-08-23 00:00:00-04:00,6.769999980926514,6.920000076293945,6.730000019073486,6.889999866485596,1824200,0.0,0.0
2023-08-24 00:00:00-04:00,6.940000057220459,6.940000057220459,6.639999866485596,6.710000038146973,1636500,0.0,0.0
2023-08-25 00:00:00-04:00,6.75,6.864999771118164,6.59499979019165,6.809999942779541,1605400,0.0,0.0
2023-08-28 00:00:00-04:00,6.840000152587891,7.034999847412109,6.800000190734863,6.849999904632568,1597900,0.0,0.0
2023-08-29 00:00:00-04:00,6.760000228881836,7.039999961853027,6.675000190734863,6.940000057220459,2032000,0.0,0.0
2023-08-30 00:00:00-04:00,6.940000057220459,7.054999828338623,6.820000171661377,6.940000057220459,2103400,0.0,0.0
2023-08-31 00:00:00-04:00,7.010000228881836,7.090000152587891,6.704999923706055,6.710000038146973,2317900,0.0,0.0
2023-09-01 00:00:00-04:00,6.840000152587891,6.945000171661377,6.78000020980835,6.849999904632568,1567800,0.0,0.0
2023-09-05 00:00:00-04:00,6.809999942779541,6.949999809265137,6.644999980926514,6.889999866485596,2311100,0.0,0.0
2023-09-06 00:00:00-04:00,6.900000095367432,6.940000057220459,6.769999980926514,6.909999847412109,1320300,0.0,0.0
2023-09-07 00:00:00-04:00,6.789999961853027,6.829999923706055,6.670000076293945,6.760000228881836,2000200,0.0,0.0
2023-09-08 00:00:00-04:00,6.75,6.75,6.519999980926514,6.53000020980835,2360000,0.0,0.0
2023-09-11 00:00:00-04:00,6.570000171661377,6.684999942779541,6.510000228881836,6.53000020980835,2020900,0.0,0.0
2023-09-12 00:00:00-04:00,6.5,6.610000133514404,6.429999828338623,6.460000038146973,1904500,0.0,0.0
2023-09-13 00:00:00-04:00,6.449999809265137,6.510000228881836,6.230000019073486,6.360000133514404,3223700,0.0,0.0
2023-09-14 00:00:00-04:00,6.46999979019165,6.46999979019165,6.239999771118164,6.300000190734863,2498500,0.0,0.0
2023-09-15 00:00:00-04:00,6.300000190734863,6.375,6.170000076293945,6.309999942779541,4147300,0.0,0.0
2023-09-18 00:00:00-04:00,6.300000190734863,6.434999942779541,6.230000019073486,6.340000152587891,2149700,0.0,0.0
2023-09-19 00:00:00-04:00,6.309999942779541,6.360000133514404,6.170000076293945,6.239999771118164,1522900,0.0,0.0
2023-09-20 00:00:00-04:00,6.269999980926514,6.369999885559082,6.190000057220459,6.190000057220459,1290000,0.0,0.0
2023-09-21 00:00:00-04:00,6.079999923706055,6.175000190734863,6.039999961853027,6.110000133514404,1600500,0.0,0.0
2023-09-22 00:00:00-04:00,6.150000095367432,6.159999847412109,6.010000228881836,6.010000228881836,1285000,0.0,0.0
2023-09-25 00:00:00-04:00,5.949999809265137,6.210000038146973,5.932000160217285,6.110000133514404,1558800,0.0,0.0
2023-09-26 00:00:00-04:00,6.050000190734863,6.235000133514404,6.019999980926514,6.159999847412109,1170200,0.0,0.0
2023-09-27 00:00:00-04:00,6.269999980926514,6.318999767303467,6.079999923706055,6.21999979019165,1268900,0.0,0.0
2023-09-28 00:00:00-04:00,6.25,6.389999866485596,6.239999771118164,6.360000133514404,1804200,0.0,0.0
2023-09-29 00:00:00-04:00,6.420000076293945,6.539999961853027,6.239999771118164,6.289999961853027,2028200,0.0,0.0
2023-10-02 00:00:00-04:00,6.329999923706055,6.579999923706055,6.300000190734863,6.449999809265137,1895100,0.0,0.0
2023-10-03 00:00:00-04:00,6.360000133514404,6.449999809265137,6.170000076293945,6.210000038146973,2948600,0.0,0.0
2023-10-04 00:00:00-04:00,6.210000038146973,6.28000020980835,6.105000019073486,6.199999809265137,1648200,0.0,0.0
2023-10-05 00:00:00-04:00,6.139999866485596,6.335000038146973,6.119999885559082,6.309999942779541,1524400,0.0,0.0
2023-10-06 00:00:00-04:00,6.230000019073486,6.385000228881836,6.179999828338623,6.360000133514404,2506700,0.0,0.0
2023-10-09 00:00:00-04:00,6.25,6.309999942779541,6.039999961853027,6.309999942779541,1851000,0.0,0.0
2023-10-10 00:00:00-04:00,6.309999942779541,6.550000190734863,6.300000190734863,6.349999904632568,1797500,0.0,0.0
2023-10-11 00:00:00-04:00,6.429999828338623,6.519999980926514,6.21999979019165,6.369999885559082,2496800,0.0,0.0
2023-10-12 00:00:00-04:00,6.360000133514404,6.380000114440918,6.159999847412109,6.21999979019165,2269400,0.0,0.0
2023-10-13 00:00:00-04:00,6.210000038146973,6.255000114440918,6.105000019073486,6.25,1191900,0.0,0.0
2023-10-16 00:00:00-04:00,6.28000020980835,6.320000171661377,6.130000114440918,6.28000020980835,1887000,0.0,0.0
2023-10-17 00:00:00-04:00,6.21999979019165,6.445000171661377,6.150000095367432,6.329999923706055,2208300,0.0,0.0
2023-10-18 00:00:00-04:00,6.260000228881836,6.304999828338623,6.119999885559082,6.130000114440918,1642900,0.0,0.0
2023-10-19 00:00:00-04:00,6.130000114440918,6.170000076293945,5.980000019073486,6.050000190734863,1326900,0.0,0.0
2023-10-20 00:00:00-04:00,6.079999923706055,6.164999961853027,6.0,6.0,1614600,0.0,0.0
2023-10-23 00:00:00-04:00,5.960000038146973,6.409999847412109,5.960000038146973,6.190000057220459,2102200,0.0,0.0
2023-10-24 00:00:00-04:00,6.210000038146973,6.46999979019165,6.210000038146973,6.260000228881836,1629800,0.0,0.0
2023-10-25 00:00:00-04:00,6.199999809265137,6.244999885559082,6.059999942779541,6.159999847412109,1598900,0.0,0.0
2023-10-26 00:00:00-04:00,6.190000057220459,6.230000019073486,6.034999847412109,6.079999923706055,1369200,0.0,0.0
2023-10-27 00:00:00-04:00,6.139999866485596,6.139999866485596,5.75,5.78000020980835,1936300,0.0,0.0
2023-10-30 00:00:00-04:00,5.75,5.900000095367432,5.650000095367432,5.78000020980835,2179400,0.0,0.0
2023-10-31 00:00:00-04:00,5.820000171661377,6.010000228881836,5.783999919891357,5.980000019073486,1521500,0.0,0.0
2023-11-01 00:00:00-04:00,5.96999979019165,6.03000020980835,5.760000228881836,5.889999866485596,1641600,0.0,0.0
2023-11-02 00:00:00-04:00,6.0,6.159999847412109,5.965000152587891,6.079999923706055,2239800,0.0,0.0
2023-11-03 00:00:00-04:00,6.25,6.635000228881836,6.210000038146973,6.480000019073486,3670900,0.0,0.0
2023-11-06 00:00:00-05:00,6.610000133514404,6.670000076293945,6.230000019073486,6.28000020980835,7701800,0.0,0.0
2023-11-07 00:00:00-05:00,6.769999980926514,7.400000095367432,6.71999979019165,6.96999979019165,14123900,0.0,0.0
2023-11-08 00:00:00-05:00,7.03000020980835,7.409999847412109,6.860000133514404,7.019999980926514,5541900,0.0,0.0
2023-11-09 00:00:00-05:00,7.010000228881836,7.039999961853027,6.610000133514404,6.630000114440918,3206400,0.0,0.0
2023-11-10 00:00:00-05:00,6.679999828338623,6.820000171661377,6.579999923706055,6.809999942779541,2154800,0.0,0.0
2023-11-13 00:00:00-05:00,6.78000020980835,7.019999980926514,6.675000190734863,7.0,2202700,0.0,0.0
2023-11-14 00:00:00-05:00,7.25,7.409999847412109,7.179999828338623,7.360000133514404,3129500,0.0,0.0
2023-11-15 00:00:00-05:00,7.440000057220459,7.900000095367432,7.420000076293945,7.710000038146973,3592700,0.0,0.0
2023-11-16 00:00:00-05:00,7.75,7.875,7.559999942779541,7.710000038146973,3080800,0.0,0.0
2023-11-17 00:00:00-05:00,7.75,7.78000020980835,7.400000095367432,7.46999979019165,2346300,0.0,0.0
2023-11-20 00:00:00-05:00,7.5,7.775000095367432,7.5,7.739999771118164,2408700,0.0,0.0
2023-11-21 00:00:00-05:00,7.679999828338623,7.800000190734863,7.505000114440918,7.579999923706055,1718200,0.0,0.0
2023-11-22 00:00:00-05:00,7.75,8.319999694824219,7.670000076293945,8.09000015258789,4501100,0.0,0.0
2023-11-24 00:00:00-05:00,8.09000015258789,8.260000228881836,8.020000457763672,8.220000267028809,1234000,0.0,0.0
2023-11-27 00:00:00-05:00,8.1899995803833,8.319999694824219,8.100000381469727,8.270000457763672,2164500,0.0,0.0
2023-11-28 00:00:00-05:00,8.229999542236328,8.479999542236328,8.130000114440918,8.399999618530273,2976100,0.0,0.0
2023-11-29 00:00:00-05:00,8.5,8.899999618530273,8.390000343322754,8.710000038146973,3941800,0.0,0.0
2023-11-30 00:00:00-05:00,8.819999694824219,9.029999732971191,8.800000190734863,8.890000343322754,4749800,0.0,0.0
2023-12-01 00:00:00-05:00,8.920000076293945,9.079999923706055,8.819999694824219,8.829999923706055,3043300,0.0,0.0
2023-12-04 00:00:00-05:00,8.850000381469727,8.928999900817871,8.645000457763672,8.890000343322754,2712900,0.0,0.0
2023-12-05 00:00:00-05:00,8.800000190734863,8.859999656677246,8.640000343322754,8.84000015258789,1786700,0.0,0.0
2023-12-06 00:00:00-05:00,8.970000267028809,9.239999771118164,8.875,8.899999618530273,1998400,0.0,0.0
2023-12-07 00:00:00-05:00,8.850000381469727,8.854999542236328,8.581000328063965,8.720000267028809,1727200,0.0,0.0
2023-12-08 00:00:00-05:00,8.670000076293945,8.770000457763672,8.595000267028809,8.640000343322754,1907400,0.0,0.0
2023-12-11 00:00:00-05:00,8.65999984741211,8.880000114440918,8.640000343322754,8.800000190734863,1490900,0.0,0.0
2023-12-12 00:00:00-05:00,8.84000015258789,8.84000015258789,8.1899995803833,8.4399995803833,4469000,0.0,0.0
2023-12-13 00:00:00-05:00,8.460000038146973,8.699999809265137,8.295000076293945,8.680000305175781,2913000,0.0,0.0
2023-12-14 00:00:00-05:00,8.850000381469727,8.930000305175781,8.569999694824219,8.710000038146973,3682300,0.0,0.0
2023-12-15 00:00:00-05:00,8.739999771118164,8.770000457763672,8.42300033569336,8.449999809265137,2879300,0.0,0.0
2023-12-18 00:00:00-05:00,8.460000038146973,8.779999732971191,8.380000114440918,8.640000343322754,2108200,0.0,0.0
2023-12-19 00:00:00-05:00,8.729999542236328,8.907999992370605,8.699999809265137,8.75,1970700,0.0,0.0
2023-12-20 00:00:00-05:00,8.710000038146973,8.710000038146973,8.300000190734863,8.34000015258789,2334100,0.0,0.0
2023-12-21 00:00:00-05:00,8.40999984741211,8.619999885559082,8.380000114440918,8.600000381469727,1882500,0.0,0.0
2023-12-22 00:00:00-05:00,8.510000228881836,8.6899995803833,8.369999885559082,8.59000015258789,2261100,0.0,0.0
2023-12-26 00:00:00-05:00,8.649999618530273,8.890000343322754,8.640000343322754,8.6899995803833,2168700,0.0,0.0
2023-12-27 00:00:00-05:00,8.75,9.09000015258789,8.725000381469727,8.920000076293945,3810700,0.0,0.0
2023-12-28 00:00:00-05:00,8.899999618530273,9.039999961853027,8.78499984741211,9.029999732971191,2144200,0.0,0.0
2023-12-29 00:00:00-05:00,9.045000076293945,9.125,8.880000114440918,8.899999618530273,1844800,0.0,0.0
2024-01-02 00:00:00-05:00,8.800000190734863,9.850000381469727,8.699999809265137,9.640000343322754,5779100,0.0,0.0
2024-01-03 00:00:00-05:00,9.489999771118164,9.630000114440918,9.050000190734863,9.050000190734863,4461300,0.0,0.0
2024-01-04 00:00:00-05:00,9.050000190734863,9.270000457763672,8.430000305175781,8.470000267028809,4628900,0.0,0.0
2024-01-05 00:00:00-05:00,8.380000114440918,8.539999961853027,8.09000015258789,8.350000381469727,3772400,0.0,0.0
2024-01-08 00:00:00-05:00,8.359999656677246,8.84000015258789,8.34000015258789,8.8100004196167,2561900,0.0,0.0
2024-01-09 00:00:00-05:00,8.680000305175781,8.824999809265137,8.510000228881836,8.539999961853027,2186400,0.0,0.0
2024-01-10 00:00:00-05:00,8.5,8.779999732971191,8.399999618530273,8.630000114440918,2453500,0.0,0.0
2024-01-11 00:00:00-05:00,8.579999923706055,8.779999732971191,8.404999732971191,8.760000228881836,2419300,0.0,0.0
2024-01-12 00:00:00-05:00,8.779999732971191,9.020000457763672,8.550000190734863,8.569999694824219,1857900,0.0,0.0
2024-01-16 00:00:00-05:00,8.460000038146973,8.625,8.329999923706055,8.460000038146973,2352900,0.0,0.0
2024-01-17 00:00:00-05:00,8.25,8.5,8.239999771118164,8.40999984741211,1738600,0.0,0.0
2024-01-18 00:00:00-05:00,8.470000267028809,8.550000190734863,8.140000343322754,8.420000076293945,2040400,0.0,0.0
2024-01-19 00:00:00-05:00,8.460000038146973,8.460000038146973,8.201000213623047,8.319999694824219,1739100,0.0,0.0
2024-01-22 00:00:00-05:00,8.449999809265137,8.824999809265137,8.4399995803833,8.6899995803833,2712300,0.0,0.0
2024-01-23 00:00:00-05:00,8.819999694824219,8.862000465393066,8.600000381469727,8.75,1821600,0.0,0.0
2024-01-24 00:00:00-05:00,8.899999618530273,8.970000267028809,8.625,8.9399995803833,3795800,0.0,0.0
2024-01-25 00:00:00-05:00,8.970000267028809,9.21500015258789,8.890000343322754,9.09000015258789,4062200,0.0,0.0
2024-01-26 00:00:00-05:00,9.130000114440918,9.210000038146973,8.819999694824219,8.819999694824219,2600900,0.0,0.0
2024-01-29 00:00:00-05:00,8.800000190734863,9.039999961853027,8.699999809265137,9.020000457763672,1942900,0.0,0.0
2024-01-30 00:00:00-05:00,9.0,9.010000228881836,8.625,8.859999656677246,2188500,0.0,0.0
2024-01-31 00:00:00-05:00,8.779999732971191,8.930000305175781,8.550000190734863,8.579999923706055,2095300,0.0,0.0
2024-02-01 00:00:00-05:00,8.600000381469727,8.920000076293945,8.59000015258789,8.90999984741211,1596400,0.0,0.0
2024-02-02 00:00:00-05:00,8.779999732971191,9.024999618530273,8.640000343322754,8.869999885559082,2664800,0.0,0.0
2024-02-05 00:00:00-05:00,8.829999923706055,8.829999923706055,8.505000114440918,8.5600004196167,2061100,0.0,0.0
2024-02-06 00:00:00-05:00,8.609999656677246,9.449999809265137,8.583999633789062,9.420000076293945,3651300,0.0,0.0
2024-02-07 00:00:00-05:00,9.420000076293945,9.64799976348877,9.300000190734863,9.4399995803833,2456600,0.0,0.0
2024-02-08 00:00:00-05:00,9.430000305175781,9.899999618530273,9.390000343322754,9.850000381469727,2397600,0.0,0.0
2024-02-09 00:00:00-05:00,9.869999885559082,10.074999809265137,9.8100004196167,9.869999885559082,2327300,0.0,0.0
2024-02-12 00:00:00-05:00,9.899999618530273,10.100000381469727,9.812000274658203,9.949999809265137,2309800,0.0,0.0
2024-02-13 00:00:00-05:00,9.5,9.800000190734863,9.140999794006348,9.479999542236328,2980400,0.0,0.0
2024-02-14 00:00:00-05:00,9.670000076293945,10.010000228881836,9.65999984741211,9.989999771118164,2452800,0.0,0.0
2024-02-15 00:00:00-05:00,10.039999961853027,10.130000114440918,9.890000343322754,10.050000190734863,1762200,0.0,0.0
2024-02-16 00:00:00-05:00,9.960000038146973,10.09000015258789,9.859999656677246,10.029999732971191,1754100,0.0,0.0
2024-02-20 00:00:00-05:00,9.899999618530273,9.954999923706055,9.529999732971191,9.609999656677246,3529000,0.0,0.0
2024-02-21 00:00:00-05:00,9.40999984741211,9.510000228881836,9.222000122070312,9.40999984741211,2735100,0.0,0.0
2024-02-22 00:00:00-05:00,9.479999542236328,9.520000457763672,9.25,9.449999809265137,3885000,0.0,0.0
2024-02-23 00:00:00-05:00,9.449999809265137,9.59000015258789,9.354999542236328,9.520000457763672,3271100,0.0,0.0
2024-02-26 00:00:00-05:00,9.770000457763672,10.28499984741211,9.670000076293945,10.25,9742900,0.0,0.0
2024-02-27 00:00:00-05:00,12.329999923706055,13.914999961853027,11.380000114440918,13.430000305175781,34615300,0.0,0.0
2024-02-28 00:00:00-05:00,13.1899995803833,13.619999885559082,12.829999923706055,13.329999923706055,12966600,0.0,0.0
2024-02-29 00:00:00-05:00,13.59000015258789,13.59000015258789,12.630000114440918,13.039999961853027,8497400,0.0,0.0
2024-03-01 00:00:00-05:00,13.15999984741211,13.295000076293945,12.729999542236328,13.119999885559082,7473900,0.0,0.0
2024-03-04 00:00:00-05:00,13.479999542236328,14.890000343322754,13.34000015258789,14.699999809265137,15269700,0.0,0.0
2024-03-05 00:00:00-05:00,14.510000228881836,14.579999923706055,13.90999984741211,14.239999771118164,7481300,0.0,0.0
2024-03-06 00:00:00-05:00,14.100000381469727,14.194999694824219,12.75,14.0,6464300,0.0,0.0
2024-03-07 00:00:00-05:00,14.1899995803833,14.6899995803833,14.069999694824219,14.350000381469727,5591500,0.0,0.0
2024-03-08 00:00:00-05:00,14.350000381469727,14.569999694824219,13.989999771118164,14.260000228881836,6669900,0.0,0.0
2024-03-11 00:00:00-04:00,14.34000015258789,14.930000305175781,14.180000305175781,14.470000267028809,5235900,0.0,0.0
2024-03-12 00:00:00-04:00,14.470000267028809,14.8100004196167,14.260000228881836,14.619999885559082,3280500,0.0,0.0
2024-03-13 00:00:00-04:00,14.279999732971191,15.380000114440918,14.0600004196167,15.119999885559082,5147000,0.0,0.0
2024-03-14 00:00:00-04:00,14.800000190734863,15.0,14.220000267028809,14.399999618530273,6077300,0.0,0.0
2024-03-15 00:00:00-04:00,14.350000381469727,14.65999984741211,14.079999923706055,14.630000114440918,5364700,0.0,0.0
2024-03-18 00:00:00-04:00,14.699999809265137,15.774999618530273,14.449999809265137,15.680000305175781,8120400,0.0,0.0
2024-03-19 00:00:00-04:00,15.550000190734863,15.817999839782715,15.279999732971191,15.640000343322754,4491400,0.0,0.0
2024-03-20 00:00:00-04:00,15.770000457763672,16.59000015258789,15.739999771118164,16.479999542236328,5572700,0.0,0.0
2024-03-21 00:00:00-04:00,16.450000762939453,16.8799991607666,15.946999549865723,16.729999542236328,4776300,0.0,0.0
2024-03-22 00:00:00-04:00,16.860000610351562,16.8799991607666,16.25,16.329999923706055,3782300,0.0,0.0
2024-03-25 00:00:00-04:00,16.459999084472656,17.15999984741211,16.18000030517578,16.309999465942383,4054800,0.0,0.0
2024-03-26 00:00:00-04:00,16.31999969482422,16.360000610351562,15.630000114440918,15.819999694824219,4741200,0.0,0.0
2024-03-27 00:00:00-04:00,16.0,16.190000534057617,15.670000076293945,15.739999771118164,3859000,0.0,0.0
2024-03-28 00:00:00-04:00,15.789999961853027,16.155000686645508,15.130000114440918,15.470000267028809,4306400,0.0,0.0
2024-04-01 00:00:00-04:00,15.649999618530273,15.770000457763672,15.0,15.65999984741211,4073200,0.0,0.0
2024-04-02 00:00:00-04:00,15.270000457763672,15.34000015258789,14.880000114440918,14.989999771118164,3845200,0.0,0.0
2024-04-03 00:00:00-04:00,14.800000190734863,15.770000457763672,14.680000305175781,15.510000228881836,7350000,0.0,0.0
2024-04-04 00:00:00-04:00,15.579999923706055,15.748000144958496,14.199999809265137,14.680000305175781,8430600,0.0,0.0
2024-04-05 00:00:00-04:00,14.680000305175781,14.930000305175781,14.319999694824219,14.510000228881836,4242300,0.0,0.0
2024-04-08 00:00:00-04:00,14.609999656677246,15.045000076293945,14.444999694824219,14.880000114440918,3364900,0.0,0.0
2024-04-09 00:00:00-04:00,14.90999984741211,15.329999923706055,14.475000381469727,14.550000190734863,3909200,0.0,0.0
2024-04-10 00:00:00-04:00,14.545000076293945,14.789999961853027,14.300000190734863,14.550000190734863,3901800,0.0,0.0
2024-04-11 00:00:00-04:00,14.5600004196167,14.75,14.425000190734863,14.600000381469727,2974800,0.0,0.0
2024-04-12 00:00:00-04:00,14.520000457763672,15.069999694824219,13.770000457763672,13.960000038146973,5897900,0.0,0.0
2024-04-15 00:00:00-04:00,13.949999809265137,14.020000457763672,13.170000076293945,13.220000267028809,5292500,0.0,0.0
2024-04-16 00:00:00-04:00,12.529999732971191,12.859999656677246,12.276000022888184,12.6899995803833,7022700,0.0,0.0
2024-04-17 00:00:00-04:00,12.800000190734863,12.880000114440918,12.350000381469727,12.40999984741211,3898700,0.0,0.0
2024-04-18 00:00:00-04:00,12.300000190734863,12.630000114440918,12.140000343322754,12.34000015258789,3549400,0.0,0.0
2024-04-19 00:00:00-04:00,12.039999961853027,12.300000190734863,11.8100004196167,11.899999618530273,4828300,0.0,0.0
2024-04-22 00:00:00-04:00,11.970000267028809,12.050000190734863,11.59000015258789,11.880000114440918,3456300,0.0,0.0
2024-04-23 00:00:00-04:00,12.0,12.5600004196167,11.90999984741211,12.329999923706055,3337800,0.0,0.0
2024-04-24 00:00:00-04:00,12.460000038146973,12.600000381469727,12.145000457763672,12.34000015258789,3109800,0.0,0.0
2024-04-25 00:00:00-04:00,12.039999961853027,12.359999656677246,11.954999923706055,12.270000457763672,2293300,0.0,0.0
2024-04-26 00:00:00-04:00,12.359999656677246,12.75,12.3100004196167,12.5,3601200,0.0,0.0
2024-04-29 00:00:00-04:00,12.5600004196167,12.8149995803833,12.420000076293945,12.550000190734863,3666300,0.0,0.0
2024-04-30 00:00:00-04:00,12.390000343322754,12.595000267028809,12.239999771118164,12.529999732971191,2748700,0.0,0.0
2024-05-01 00:00:00-04:00,12.420000076293945,13.15999984741211,12.1850004196167,12.510000228881836,4813200,0.0,0.0
2024-05-02 00:00:00-04:00,12.489999771118164,12.489999771118164,11.649999618530273,12.239999771118164,6123300,0.0,0.0
2024-05-03 00:00:00-04:00,12.210000038146973,12.369999885559082,11.199999809265137,11.260000228881836,12039600,0.0,0.0
2024-05-06 00:00:00-04:00,11.800000190734863,11.899999618530273,11.449999809265137,11.649999618530273,18676000,0.0,0.0
2024-05-07 00:00:00-04:00,13.635000228881836,13.635000228881836,12.069999694824219,12.350000381469727,25707800,0.0,0.0
2024-05-08 00:00:00-04:00,12.079999923706055,12.15999984741211,11.640000343322754,12.149999618530273,12703600,0.0,0.0
2024-05-09 00:00:00-04:00,12.270000457763672,13.010000228881836,12.220000267028809,12.920000076293945,10467600,0.0,0.0
2024-05-10 00:00:00-04:00,12.880000114440918,12.970000267028809,12.170000076293945,12.289999961853027,7000500,0.0,0.0
2024-05-13 00:00:00-04:00,12.329999923706055,12.979999542236328,12.069999694824219,12.890000343322754,7092400,0.0,0.0
2024-05-14 00:00:00-04:00,13.25,13.859999656677246,13.119999885559082,13.739999771118164,8719100,0.0,0.0
2024-05-15 00:00:00-04:00,14.0,14.069999694824219,13.5,13.84000015258789,5397200,0.0,0.0
2024-05-16 00:00:00-04:00,13.829999923706055,14.109999656677246,13.600000381469727,14.039999961853027,3391800,0.0,0.0
2024-05-17 00:00:00-04:00,14.119999885559082,14.670000076293945,14.003000259399414,14.569999694824219,5436800,0.0,0.0
2024-05-20 00:00:00-04:00,15.949999809265137,20.110000610351562,15.850000381469727,18.600000381469727,70740900,0.0,0.0
2024-05-21 00:00:00-04:00,18.18000030517578,18.600000381469727,17.350000381469727,17.559999465942383,21745800,0.0,0.0
2024-05-22 00:00:00-04:00,17.110000610351562,17.415000915527344,16.059999465942383,16.170000076293945,16267100,0.0,0.0
2024-05-23 00:00:00-04:00,16.729999542236328,16.739999771118164,15.65999984741211,15.829999923706055,11200600,0.0,0.0
2024-05-24 00:00:00-04:00,16.1200008392334,16.979999542236328,16.020000457763672,16.8799991607666,10022600,0.0,0.0
2024-05-28 00:00:00-04:00,17.299999237060547,19.149999618530273,17.239999771118164,19.100000381469727,21134200,0.0,0.0
2024-05-29 00:00:00-04:00,18.670000076293945,19.59000015258789,18.479999542236328,19.579999923706055,12412500,0.0,0.0
2024-05-30 00:00:00-04:00,19.729999542236328,21.440000534057617,19.5,20.3700008392334,19095300,0.0,0.0
2024-05-31 00:00:00-04:00,20.114999771118164,20.3799991607666,18.889999389648438,19.420000076293945,15992200,0.0,0.0
2024-06-03 00:00:00-04:00,19.979999542236328,21.170000076293945,19.700000762939453,20.489999771118164,12901000,0.0,0.0
2024-06-04 00:00:00-04:00,20.149999618530273,20.8700008392334,19.40999984741211,20.829999923706055,7911100,0.0,0.0
2024-06-05 00:00:00-04:00,21.030000686645508,21.75,20.549999237060547,21.75,10205100,0.0,0.0
2024-06-06 00:00:00-04:00,21.5,21.729999542236328,20.829999923706055,21.56999969482422,6835300,0.0,0.0
2024-06-07 00:00:00-04:00,21.309999465942383,21.950000762939453,20.700000762939453,20.790000915527344,9721500,0.0,0.0
2024-06-10 00:00:00-04:00,20.68000030517578,22.100000381469727,20.600000381469727,21.6200008392334,8397700,0.0,0.0
2024-06-11 00:00:00-04:00,21.469999313354492,22.1299991607666,21.059999465942383,22.040000915527344,7589300,0.0,0.0
2024-06-12 00:00:00-04:00,22.75,24.350000381469727,22.670000076293945,23.68000030517578,14705300,0.0,0.0
2024-06-13 00:00:00-04:00,23.700000762939453,24.559999465942383,23.239999771118164,24.3700008392334,9570100,0.0,0.0
2024-06-14 00:00:00-04:00,24.149999618530273,24.434999465942383,23.520000457763672,23.75,7955500,0.0,0.0
2024-06-17 00:00:00-04:00,24.170000076293945,25.5,23.209999084472656,24.149999618530273,14548500,0.0,0.0
2024-06-18 00:00:00-04:00,23.59000015258789,25.739999771118164,23.530000686645508,24.790000915527344,11898400,0.0,0.0
2024-06-20 00:00:00-04:00,24.5,24.549999237060547,21.920000076293945,22.389999389648438,15374500,0.0,0.0
2024-06-21 00:00:00-04:00,22.5,22.520000457763672,20.920000076293945,22.149999618530273,11820500,0.0,0.0
2024-06-24 00:00:00-04:00,22.020000457763672,22.8799991607666,21.799999237060547,22.149999618530273,9566900,0.0,0.0
2024-06-25 00:00:00-04:00,22.18000030517578,23.469999313354492,22.15999984741211,23.15999984741211,7627700,0.0,0.0
2024-06-26 00:00:00-04:00,22.81999969482422,23.059999465942383,20.959999084472656,21.559999465942383,11273500,0.0,0.0
2024-06-27 00:00:00-04:00,19.450000762939453,20.68000030517578,18.799999237060547,20.020000457763672,25638900,0.0,0.0
2024-06-28 00:00:00-04:00,20.200000762939453,20.450000762939453,19.474000930786133,20.190000534057617,20714300,0.0,0.0
2024-07-01 00:00:00-04:00,20.399999618530273,21.479999542236328,20.190000534057617,21.420000076293945,8701600,0.0,0.0
2024-07-02 00:00:00-04:00,21.290000915527344,21.969999313354492,20.530000686645508,21.209999084472656,5375100,0.0,0.0
2024-07-03 00:00:00-04:00,21.270000457763672,21.29800033569336,20.40999984741211,20.489999771118164,3818100,0.0,0.0
2024-07-05 00:00:00-04:00,20.489999771118164,20.780000686645508,20.020000457763672,20.780000686645508,4081300,0.0,0.0
2024-07-08 00:00:00-04:00,20.8799991607666,21.420000076293945,20.479999542236328,20.510000228881836,5418000,0.0,0.0
2024-07-09 00:00:00-04:00,20.399999618530273,20.759000778198242,19.920000076293945,20.690000534057617,5037400,0.0,0.0
2024-07-10 00:00:00-04:00,21.209999084472656,21.31999969482422,19.829999923706055,20.209999084472656,5331400,0.0,0.0
2024-07-11 00:00:00-04:00,20.93000030517578,21.360000610351562,20.6200008392334,21.049999237060547,6380300,0.0,0.0
2024-07-12 00:00:00-04:00,21.149999618530273,22.56999969482422,21.100000381469727,21.719999313354492,8662200,0.0,0.0
2024-07-15 00:00:00-04:00,22.059999465942383,23.43000030517578,21.950000762939453,22.84000015258789,8121900,0.0,0.0
2024-07-16 00:00:00-04:00,23.350000381469727,23.954999923706055,22.812999725341797,23.110000610351562,7128800,0.0,0.0
2024-07-17 00:00:00-04:00,22.719999313354492,23.329999923706055,21.809999465942383,21.989999771118164,6543900,0.0,0.0
2024-07-18 00:00:00-04:00,22.40999984741211,22.65999984741211,20.219999313354492,20.3700008392334,8874400,0.0,0.0
2024-07-19 00:00:00-04:00,20.729999542236328,21.114999771118164,19.040000915527344,19.420000076293945,15012400,0.0,0.0
2024-07-22 00:00:00-04:00,20.010000228881836,20.600000381469727,19.799999237060547,20.34000015258789,7170800,0.0,0.0
2024-07-23 00:00:00-04:00,20.299999237060547,22.920000076293945,20.170000076293945,22.770000457763672,9439700,0.0,0.0
2024-07-24 00:00:00-04:00,22.25,22.760000228881836,21.920000076293945,22.510000228881836,5957700,0.0,0.0
2024-07-25 00:00:00-04:00,22.40999984741211,23.68000030517578,21.760000228881836,23.25,7763600,0.0,0.0
2024-07-26 00:00:00-04:00,23.719999313354492,24.239999771118164,21.360000610351562,21.770000457763672,11507200,0.0,0.0
2024-07-29 00:00:00-04:00,21.8700008392334,22.3700008392334,21.34000015258789,21.709999084472656,4537400,0.0,0.0
2024-07-30 00:00:00-04:00,21.729999542236328,22.28700065612793,21.100000381469727,21.200000762939453,5348600,0.0,0.0
2024-07-31 00:00:00-04:00,21.549999237060547,21.969999313354492,21.114999771118164,21.239999771118164,6471900,0.0,0.0
2024-08-01 00:00:00-04:00,20.920000076293945,22.25,17.799999237060547,18.510000228881836,26801500,0.0,0.0
2024-08-02 00:00:00-04:00,17.860000610351562,17.979999542236328,17.25,17.579999923706055,11376900,0.0,0.0
2024-08-05 00:00:00-04:00,16.350000381469727,18.079999923706055,15.869999885559082,17.84000015258789,22811700,0.0,0.0
2024-08-06 00:00:00-04:00,17.524999618530273,17.780000686645508,16.010000228881836,16.8799991607666,21036000,0.0,0.0
2024-08-07 00:00:00-04:00,16.799999237060547,16.84000015258789,15.8100004196167,16.040000915527344,12904600,0.0,0.0
2024-08-08 00:00:00-04:00,15.989999771118164,16.280000686645508,14.75,15.850000381469727,18217100,0.0,0.0
2024-08-09 00:00:00-04:00,16.049999237060547,16.440000534057617,15.800000190734863,15.960000038146973,8244500,0.0,0.0
2024-08-12 00:00:00-04:00,15.970000267028809,16.655000686645508,15.6899995803833,15.970000267028809,8066500,0.0,0.0
2024-08-13 00:00:00-04:00,16.1299991607666,16.219999313354492,15.390000343322754,15.979999542236328,8290200,0.0,0.0
2024-08-14 00:00:00-04:00,16.100000381469727,16.200000762939453,15.40999984741211,15.430000305175781,6904200,0.0,0.0
2024-08-15 00:00:00-04:00,15.899999618530273,16.059999465942383,15.5600004196167,15.710000038146973,6925400,0.0,0.0
2024-08-16 00:00:00-04:00,15.65999984741211,15.800000190734863,15.350000381469727,15.579999923706055,6810200,0.0,0.0
2024-08-19 00:00:00-04:00,15.600000381469727,16.700000762939453,15.600000381469727,16.559999465942383,7045900,0.0,0.0
2024-08-20 00:00:00-04:00,16.709999084472656,16.93000030517578,16.020000457763672,16.530000686645508,6515600,0.0,0.0
2024-08-21 00:00:00-04:00,16.709999084472656,16.799999237060547,16.079999923706055,16.56999969482422,5351700,0.0,0.0
2024-08-22 00:00:00-04:00,17.290000915527344,17.610000610351562,16.329999923706055,16.459999084472656,9802400,0.0,0.0
2024-08-23 00:00:00-04:00,16.739999771118164,17.3799991607666,16.540000915527344,16.729999542236328,7369500,0.0,0.0
2024-08-26 00:00:00-04:00,16.780000686645508,16.780000686645508,15.925999641418457,16.049999237060547,5935900,0.0,0.0
2024-08-27 00:00:00-04:00,14.819999694824219,15.449999809265137,14.760000228881836,14.84000015258789,13887700,0.0,0.0
2024-08-28 00:00:00-04:00,14.449999809265137,15.050000190734863,14.399999618530273,14.640000343322754,7675000,0.0,0.0
2024-08-29 00:00:00-04:00,14.739999771118164,14.984999656677246,14.574999809265137,14.729999542236328,4899900,0.0,0.0
2024-08-30 00:00:00-04:00,14.8100004196167,14.9399995803833,14.369999885559082,14.729999542236328,5448500,0.0,0.0
2024-09-03 00:00:00-04:00,14.649999618530273,14.720000267028809,14.305000305175781,14.5,6559000,0.0,0.0
2024-09-04 00:00:00-04:00,14.329999923706055,14.829999923706055,14.170000076293945,14.609999656677246,4018700,0.0,0.0
2024-09-05 00:00:00-04:00,14.489999771118164,14.670000076293945,14.15999984741211,14.430000305175781,3824200,0.0,0.0
2024-09-06 00:00:00-04:00,14.3100004196167,14.420000076293945,13.470000267028809,13.649999618530273,9235400,0.0,0.0
2024-09-09 00:00:00-04:00,13.960000038146973,14.1899995803833,13.699999809265137,13.970000267028809,6025000,0.0,0.0
2024-09-10 00:00:00-04:00,13.859999656677246,14.640000343322754,13.84000015258789,14.529999732971191,5752700,0.0,0.0
2024-09-11 00:00:00-04:00,14.550000190734863,15.5,14.529999732971191,15.270000457763672,6851300,0.0,0.0
2024-09-12 00:00:00-04:00,15.239999771118164,16.405000686645508,15.1899995803833,15.819999694824219,10272700,0.0,0.0
2024-09-13 00:00:00-04:00,16.25,16.90999984741211,16.090999603271484,16.56999969482422,8820000,0.0,0.0
2024-09-16 00:00:00-04:00,16.450000762939453,16.68000030517578,16.1299991607666,16.280000686645508,4883800,0.0,0.0
2024-09-17 00:00:00-04:00,16.5,16.690000534057617,15.890000343322754,16.100000381469727,5082800,0.0,0.0
2024-09-18 00:00:00-04:00,16.270000457763672,16.799999237060547,16.149999618530273,16.309999465942383,4715700,0.0,0.0
2024-09-19 00:00:00-04:00,17.1200008392334,17.190000534057617,16.6299991607666,16.920000076293945,6794600,0.0,0.0
2024-09-20 00:00:00-04:00,16.809999465942383,16.899999618530273,15.729999542236328,16.299999237060547,11135600,0.0,0.0
2024-09-23 00:00:00-04:00,16.459999084472656,16.530000686645508,16.19499969482422,16.440000534057617,3949100,0.0,0.0
2024-09-24 00:00:00-04:00,16.600000381469727,17.290000915527344,16.360000610351562,17.270000457763672,5986200,0.0,0.0
2024-09-25 00:00:00-04:00,17.3700008392334,17.520000457763672,17.040000915527344,17.260000228881836,4011200,0.0,0.0
2024-09-26 00:00:00-04:00,17.549999237060547,18.079999923706055,17.25,17.709999084472656,5489600,0.0,0.0
2024-09-27 00:00:00-04:00,17.809999465942383,17.950000762939453,17.030000686645508,17.770000457763672,5526400,0.0,0.0
2024-09-30 00:00:00-04:00,17.8700008392334,18.645000457763672,17.604999542236328,18.420000076293945,7009900,0.0,0.0
2024-10-01 00:00:00-04:00,18.5,19.360000610351562,17.90999984741211,19.309999465942383,10062500,0.0,0.0
2024-10-02 00:00:00-04:00,19.15999984741211,19.239999771118164,18.299999237060547,18.950000762939453,6008500,0.0,0.0
2024-10-03 00:00:00-04:00,16.950000762939453,17.386999130249023,16.049999237060547,17.1299991607666,25320900,0.0,0.0
2024-10-04 00:00:00-04:00,17.549999237060547,17.739999771118164,16.690000534057617,17.65999984741211,7932000,0.0,0.0
2024-10-07 00:00:00-04:00,18.75,19.989999771118164,18.610000610351562,19.440000534057617,25996700,0.0,0.0
2024-10-08 00:00:00-04:00,18.5,19.170000076293945,18.290000915527344,18.75,49075100,0.0,0.0
2024-10-09 00:00:00-04:00,18.31999969482422,19.200000762939453,18.149999618530273,18.729999542236328,8671400,0.0,0.0
2024-10-10 00:00:00-04:00,18.010000228881836,18.229999542236328,17.530000686645508,17.850000381469727,11351700,0.0,0.0
2024-10-11 00:00:00-04:00,17.799999237060547,18.729999542236328,17.360000610351562,18.690000534057617,8557100,0.0,0.0
2024-10-14 00:00:00-04:00,20.0,21.190000534057617,19.700000762939453,20.5,19101300,0.0,0.0
2024-10-15 00:00:00-04:00,20.40999984741211,22.94499969482422,20.079999923706055,22.799999237060547,17277400,0.0,0.0
2024-10-16 00:00:00-04:00,22.639999389648438,23.06999969482422,22.190000534057617,22.360000610351562,8478700,0.0,0.0
2024-10-17 00:00:00-04:00,21.799999237060547,22.280000686645508,21.2450008392334,21.559999465942383,7421300,0.0,0.0
2024-10-18 00:00:00-04:00,21.760000228881836,22.15999984741211,21.100000381469727,22.149999618530273,6348400,0.0,0.0
2024-10-21 00:00:00-04:00,22.200000762939453,23.309999465942383,21.860000610351562,23.049999237060547,8054500,0.0,0.0
2024-10-22 00:00:00-04:00,22.799999237060547,23.739999771118164,22.549999237060547,23.59000015258789,7418600,0.0,0.0
2024-10-23 00:00:00-04:00,23.149999618530273,23.198999404907227,20.770000457763672,21.3799991607666,11670600,0.0,0.0
2024-10-24 00:00:00-04:00,21.6200008392334,21.969999313354492,21.15999984741211,21.520000457763672,5932000,0.0,0.0
2024-10-25 00:00:00-04:00,21.5,22.200000762939453,21.270000457763672,21.729999542236328,3971000,0.0,0.0
2024-10-28 00:00:00-04:00,22.459999084472656,23.209999084472656,22.360000610351562,23.079999923706055,6136300,0.0,0.0
2024-10-29 00:00:00-04:00,23.15999984741211,23.562000274658203,22.209999084472656,22.239999771118164,6379300,0.0,0.0
2024-10-30 00:00:00-04:00,21.540000915527344,21.86199951171875,18.6299991607666,19.040000915527344,25749100,0.0,0.0
2024-10-31 00:00:00-04:00,19.110000610351562,19.190000534057617,18.325000762939453,18.829999923706055,10793000,0.0,0.0
2024-11-01 00:00:00-04:00,19.0,20.59000015258789,18.700000762939453,20.360000610351562,12245000,0.0,0.0
2024-11-04 00:00:00-05:00,20.149999618530273,21.350000381469727,20.030000686645508,20.760000228881836,18449700,0.0,0.0
2024-11-05 00:00:00-05:00,22.079999923706055,22.280000686645508,19.540000915527344,20.639999389648438,41777400,0.0,0.0
2024-11-06 00:00:00-05:00,21.600000381469727,24.68000030517578,21.360000610351562,23.420000076293945,36942800,0.0,0.0
2024-11-07 00:00:00-05:00,23.399999618530273,24.350000381469727,23.280000686645508,23.6200008392334,13278100,0.0,0.0
2024-11-08 00:00:00-05:00,23.600000381469727,23.610000610351562,21.40999984741211,23.40999984741211,17983800,0.0,0.0
2024-11-11 00:00:00-05:00,24.799999237060547,29.68000030517578,24.389999389648438,27.8799991607666,38534700,0.0,0.0
2024-11-12 00:00:00-05:00,26.459999084472656,28.3700008392334,26.15999984741211,26.690000534057617,15916200,0.0,0.0
2024-11-13 00:00:00-05:00,29.1200008392334,30.440000534057617,27.510000228881836,27.600000381469727,21430900,0.0,0.0
2024-11-14 00:00:00-05:00,24.079999923706055,25.450000762939453,20.209999084472656,20.850000381469727,62791600,0.0,0.0
2024-11-15 00:00:00-05:00,21.334999084472656,21.3799991607666,19.149999618530273,19.31999969482422,32409600,0.0,0.0
2024-11-18 00:00:00-05:00,19.5,21.920000076293945,19.290000915527344,20.989999771118164,23562200,0.0,0.0
2024-11-19 00:00:00-05:00,20.584999084472656,23.639999389648438,20.020000457763672,23.530000686645508,22845300,0.0,0.0
2024-11-20 00:00:00-05:00,23.049999237060547,23.1200008392334,21.440000534057617,21.790000915527344,18420500,0.0,0.0
2024-11-21 00:00:00-05:00,21.899999618530273,24.579999923706055,21.360000610351562,24.149999618530273,24054400,0.0,0.0
2024-11-22 00:00:00-05:00,23.71500015258789,25.3700008392334,23.030000686645508,25.329999923706055,17465100,0.0,0.0
2024-11-25 00:00:00-05:00,26.489999771118164,31.395000457763672,26.3700008392334,31.350000381469727,49446700,0.0,0.0
2024-11-26 00:00:00-05:00,29.899999618530273,31.67799949645996,29.3700008392334,30.68000030517578,19613600,0.0,0.0
2024-11-27 00:00:00-05:00,31.489999771118164,35.02000045776367,30.030000686645508,30.34000015258789,24738800,0.0,0.0
2024-11-29 00:00:00-05:00,30.239999771118164,32.650001525878906,29.799999237060547,32.220001220703125,10258600,0.0,0.0
2024-12-02 00:00:00-05:00,33.560001373291016,33.9900016784668,30.71500015258789,30.850000381469727,15623300,0.0,0.0
2024-12-03 00:00:00-05:00,31.290000915527344,33.93000030517578,30.770999908447266,32.209999084472656,13983300,0.0,0.0
2024-12-04 00:00:00-05:00,32.0,34.40999984741211,31.899999618530273,33.91999816894531,14816300,0.0,0.0
2024-12-05 00:00:00-05:00,33.099998474121094,34.880001068115234,31.540000915527344,31.600000381469727,14224400,0.0,0.0
2024-12-06 00:00:00-05:00,32.63999938964844,34.5,31.0,34.22999954223633,13460700,0.0,0.0
2024-12-09 00:00:00-05:00,34.29999923706055,34.86000061035156,32.599998474121094,32.630001068115234,10909200,0.0,0.0
2024-12-10 00:00:00-05:00,32.25,32.29999923706055,29.68000030517578,30.8700008392334,14460600,0.0,0.0
2024-12-11 00:00:00-05:00,30.510000228881836,30.510000228881836,28.719999313354492,30.190000534057617,13123900,0.0,0.0
2024-12-12 00:00:00-05:00,30.200000762939453,32.220001220703125,30.09000015258789,30.09000015258789,8481300,0.0,0.0
2024-12-13 00:00:00-05:00,29.719999313354492,30.600000381469727,28.399999618530273,30.020000457763672,7944400,0.0,0.0
2024-12-16 00:00:00-05:00,29.579999923706055,31.399999618530273,28.510000228881836,31.25,9336400,0.0,0.0
2024-12-17 00:00:00-05:00,32.20000076293945,33.13999938964844,30.15999984741211,31.1200008392334,14673200,0.0,0.0
2024-12-18 00:00:00-05:00,31.34000015258789,31.625,28.190000534057617,28.549999237060547,13605700,0.0,0.0
2024-12-19 00:00:00-05:00,26.040000915527344,27.809999465942383,24.6200008392334,26.360000610351562,31501300,0.0,0.0
2024-12-20 00:00:00-05:00,26.040000915527344,27.1299991607666,25.309999465942383,26.200000762939453,17296300,0.0,0.0
2024-12-23 00:00:00-05:00,26.93000030517578,27.700000762939453,26.200000762939453,27.600000381469727,11008700,0.0,0.0
2024-12-24 00:00:00-05:00,27.969999313354492,28.290000915527344,27.3700008392334,28.149999618530273,4484600,0.0,0.0
2024-12-26 00:00:00-05:00,28.049999237060547,30.229999542236328,27.75,28.489999771118164,9851600,0.0,0.0
2024-12-27 00:00:00-05:00,28.459999084472656,28.709999084472656,26.3799991607666,26.559999465942383,8871100,0.0,0.0
2024-12-30 00:00:00-05:00,25.540000915527344,26.1299991607666,25.010000228881836,25.170000076293945,9286200,0.0,0.0
2024-12-31 00:00:00-05:00,25.600000381469727,25.700000762939453,24.110000610351562,24.18000030517578,8860200,0.0,0.0
2025-01-02 00:00:00-05:00,24.6200008392334,25.850000381469727,24.200000762939453,25.200000762939453,9574200,0.0,0.0
2025-01-03 00:00:00-05:00,25.110000610351562,26.7549991607666,25.059999465942383,26.6299991607666,7243100,0.0,0.0
2025-01-06 00:00:00-05:00,27.350000381469727,28.200000762939453,26.360000610351562,26.899999618530273,9048400,0.0,0.0
2025-01-07 00:00:00-05:00,27.68000030517578,28.809999465942383,26.260000228881836,27.670000076293945,10929200,0.0,0.0
2025-01-08 00:00:00-05:00,26.700000762939453,28.299999237060547,25.469999313354492,25.729999542236328,11265200,0.0,0.0
2025-01-10 00:00:00-05:00,24.149999618530273,25.610000610351562,24.06999969482422,25.40999984741211,9237100,0.0,0.0
2025-01-13 00:00:00-05:00,24.770000457763672,26.3799991607666,24.209999084472656,25.899999618530273,11874800,0.0,0.0
2025-01-14 00:00:00-05:00,25.899999618530273,26.59000015258789,25.15999984741211,26.209999084472656,7157000,0.0,0.0
2025-01-15 00:00:00-05:00,27.239999771118164,27.950000762939453,25.940000534057617,27.860000610351562,10510600,0.0,0.0
2025-01-16 00:00:00-05:00,28.09000015258789,28.68000030517578,26.649999618530273,27.940000534057617,9732000,0.0,0.0
2025-01-17 00:00:00-05:00,27.690000534057617,28.09000015258789,25.559999465942383,27.850000381469727,18881000,0.0,0.0
2025-01-21 00:00:00-05:00,28.68000030517578,30.0,28.010000228881836,29.809999465942383,11636000,0.0,0.0
2025-01-22 00:00:00-05:00,29.729999542236328,30.190000534057617,28.75,29.719999313354492,7627200,0.0,0.0
2025-01-23 00:00:00-05:00,29.030000686645508,30.90999984741211,28.479999542236328,30.889999389648438,9509000,0.0,0.0
2025-01-24 00:00:00-05:00,31.0,32.06999969482422,30.652000427246094,30.8700008392334,8964300,0.0,0.0
2025-01-27 00:00:00-05:00,29.290000915527344,31.8700008392334,29.100000381469727,30.510000228881836,10985000,0.0,0.0
2025-01-28 00:00:00-05:00,31.0,32.72999954223633,30.350000381469727,31.540000915527344,7679400,0.0,0.0
2025-01-29 00:00:00-05:00,31.899999618530273,32.33000183105469,30.920000076293945,31.860000610351562,6040500,0.0,0.0
2025-01-30 00:00:00-05:00,32.18000030517578,34.349998474121094,32.09000015258789,33.959999084472656,11315800,0.0,0.0
2025-01-31 00:00:00-05:00,34.0,37.959999084472656,33.68000030517578,37.279998779296875,19691200,0.0,0.0
2025-02-03 00:00:00-05:00,35.0099983215332,39.7400016784668,35.0,38.93000030517578,19020400,0.0,0.0
2025-02-04 00:00:00-05:00,39.33000183105469,41.97999954223633,38.380001068115234,41.849998474121094,16473400,0.0,0.0
2025-02-05 00:00:00-05:00,42.0,44.43000030517578,41.400001525878906,42.20000076293945,17369000,0.0,0.0
2025-02-06 00:00:00-05:00,41.900001525878906,43.15999984741211,39.27000045776367,40.470001220703125,15790500,0.0,0.0
2025-02-07 00:00:00-05:00,41.47999954223633,46.0099983215332,41.47999954223633,42.54999923706055,21856500,0.0,0.0
2025-02-10 00:00:00-05:00,43.22999954223633,45.178001403808594,41.30400085449219,44.77000045776367,13148800,0.0,0.0
2025-02-11 00:00:00-05:00,44.18000030517578,45.13999938964844,42.709999084472656,43.58000183105469,7337100,0.0,0.0
2025-02-12 00:00:00-05:00,43.0,46.494998931884766,42.79999923706055,46.34000015258789,9167900,0.0,0.0
2025-02-13 00:00:00-05:00,47.529998779296875,59.54999923706055,47.143001556396484,59.18000030517578,42823800,0.0,0.0
2025-02-14 00:00:00-05:00,60.02000045776367,64.83999633789062,58.624000549316406,60.470001220703125,38734300,0.0,0.0
2025-02-18 00:00:00-05:00,60.70000076293945,60.9900016784668,56.36000061035156,58.5,21100900,0.0,0.0
2025-02-19 00:00:00-05:00,59.2599983215332,72.9800033569336,58.69499969482422,68.73999786376953,59517400,0.0,0.0
2025-02-20 00:00:00-05:00,65.08000183105469,67.37999725341797,59.599998474121094,66.41000366210938,30853000,0.0,0.0
2025-02-21 00:00:00-05:00,53.5099983215332,57.369998931884766,49.04999923706055,49.279998779296875,88977000,0.0,0.0
2025-02-24 00:00:00-05:00,48.13999938964844,52.720001220703125,43.810001373291016,51.310001373291016,63215400,0.0,0.0
2025-02-25 00:00:00-05:00,39.880001068115234,43.220001220703125,36.02000045776367,39.86000061035156,82827000,0.0,0.0
2025-02-26 00:00:00-05:00,40.2400016784668,44.619998931884766,39.91999816894531,41.88999938964844,44967100,0.0,0.0
2025-02-27 00:00:00-05:00,43.209999084472656,45.79999923706055,40.459999084472656,41.34000015258789,40655100,0.0,0.0
2025-02-28 00:00:00-05:00,40.43000030517578,45.310001373291016,40.13999938964844,45.09000015258789,30500100,0.0,0.0
2025-03-03 00:00:00-05:00,44.970001220703125,46.3489990234375,39.66299819946289,40.68000030517578,25679000,0.0,0.0
2025-03-04 00:00:00-05:00,37.9900016784668,42.189998626708984,36.814998626708984,40.4900016784668,24460300,0.0,0.0
2025-03-05 00:00:00-05:00,37.790000915527344,41.31999969482422,37.41999816894531,40.88999938964844,21294300,0.0,0.0
2025-03-06 00:00:00-05:00,37.400001525878906,38.689998626708984,34.0,34.38999938964844,31345400,0.0,0.0
2025-03-07 00:00:00-05:00,34.40999984741211,36.268001556396484,32.68000030517578,35.95000076293945,23580200,0.0,0.0
2025-03-10 00:00:00-04:00,34.11000061035156,37.150001525878906,33.33100128173828,34.470001220703125,29324200,0.0,0.0
2025-03-11 00:00:00-04:00,34.77000045776367,37.689998626708984,34.29999923706055,34.709999084472656,23553700,0.0,0.0
2025-03-12 00:00:00-04:00,36.150001525878906,37.279998779296875,32.77000045776367,33.93000030517578,21357500,0.0,0.0
2025-03-13 00:00:00-04:00,33.47999954223633,33.63999938964844,31.010000228881836,31.540000915527344,19828500,0.0,0.0
2025-03-14 00:00:00-04:00,32.0,33.290000915527344,31.510000228881836,33.13999938964844,17092900,0.0,0.0
2025-03-17 00:00:00-04:00,33.650001525878906,35.689998626708984,32.59000015258789,34.689998626708984,18134400,0.0,0.0
2025-03-18 00:00:00-04:00,34.310001373291016,34.38999938964844,31.260000228881836,31.489999771118164,15345700,0.0,0.0
2025-03-19 00:00:00-04:00,31.729999542236328,34.939998626708984,31.02400016784668,33.880001068115234,17741900,0.0,0.0
2025-03-20 00:00:00-04:00,33.27000045776367,34.25,32.36000061035156,32.869998931884766,15791100,0.0,0.0
2025-03-21 00:00:00-04:00,32.599998474121094,35.20000076293945,31.8799991607666,34.75,49693300,0.0,0.0
2025-03-24 00:00:00-04:00,35.849998474121094,38.18000030517578,34.91999816894531,37.40999984741211,26407400,0.0,0.0
2025-03-25 00:00:00-04:00,37.81999969482422,38.689998626708984,35.77000045776367,37.040000915527344,17549600,0.0,0.0
2025-03-26 00:00:00-04:00,37.779998779296875,37.94499969482422,33.25,33.36000061035156,17227100,0.0,0.0
2025-03-27 00:00:00-04:00,32.959999084472656,33.29999923706055,31.780000686645508,31.920000076293945,15241700,0.0,0.0
2025-03-28 00:00:00-04:00,31.59000015258789,31.889999389648438,28.899999618530273,29.139999389648438,20932200,0.0,0.0
2025-03-31 00:00:00-04:00,27.770000457763672,30.170000076293945,27.219999313354492,29.549999237060547,19861600,0.0,0.0
2025-04-01 00:00:00-04:00,29.704999923706055,33.70000076293945,28.760000228881836,31.049999237060547,46231100,0.0,0.0
2025-04-02 00:00:00-04:00,29.15999984741211,31.25,28.950000762939453,31.219999313354492,25183700,0.0,0.0
2025-04-03 00:00:00-04:00,28.399999618530273,29.8700008392334,27.80500030517578,27.989999771118164,19702700,0.0,0.0
2025-04-04 00:00:00-04:00,26.299999237060547,27.093000411987305,23.969999313354492,25.989999771118164,27692800,0.0,0.0
2025-04-07 00:00:00-04:00,24.5,30.0,23.972000122070312,27.770000457763672,26512900,0.0,0.0
2025-04-08 00:00:00-04:00,29.799999237060547,29.899999618530273,25.1200008392334,26.100000381469727,26805700,0.0,0.0
2025-04-09 00:00:00-04:00,26.25,30.280000686645508,25.43000030517578,29.489999771118164,34893100,0.0,0.0
2025-04-10 00:00:00-04:00,28.489999771118164,28.8700008392334,26.020000457763672,26.809999465942383,19393500,0.0,0.0
2025-04-11 00:00:00-04:00,26.770000457763672,27.34000015258789,25.709999084472656,27.229999542236328,16252900,0.0,0.0
2025-04-14 00:00:00-04:00,28.719999313354492,29.0,27.200000762939453,28.309999465942383,13987400,0.0,0.0
2025-04-15 00:00:00-04:00,28.489999771118164,29.84000015258789,28.149999618530273,29.459999084472656,14703700,0.0,0.0
2025-04-16 00:00:00-04:00,28.649999618530273,28.719999313354492,26.211999893188477,26.950000762939453,20733000,0.0,0.0
2025-04-17 00:00:00-04:00,25.15999984741211,27.440000534057617,25.155000686645508,27.229999542236328,18498400,0.0,0.0
2025-04-21 00:00:00-04:00,26.610000610351562,26.93899917602539,25.25,25.84000015258789,10878200,0.0,0.0
2025-04-22 00:00:00-04:00,26.489999771118164,26.700000762939453,25.131999969482422,25.350000381469727,21898600,0.0,0.0
2025-04-23 00:00:00-04:00,27.0,29.0,26.420000076293945,26.709999084472656,22062200,0.0,0.0
2025-04-24 00:00:00-04:00,27.049999237060547,28.75,26.889999389648438,28.139999389648438,13998100,0.0,0.0
2025-04-25 00:00:00-04:00,27.860000610351562,28.31999969482422,27.020000457763672,28.09000015258789,13798200,0.0,0.0
2025-04-28 00:00:00-04:00,29.93000030517578,30.8700008392334,27.700000762939453,28.479999542236328,32802300,0.0,0.0
2025-04-29 00:00:00-04:00,37.939998626708984,37.939998626708984,32.95000076293945,35.040000915527344,152176200,0.0,0.0
2025-04-30 00:00:00-04:00,33.72999954223633,33.88999938964844,31.75,33.099998474121094,38982600,0.0,0.0
2025-05-01 00:00:00-04:00,33.720001220703125,36.685001373291016,32.0099983215332,36.15999984741211,42859200,0.0,0.0
2025-05-02 00:00:00-04:00,36.86000061035156,41.09000015258789,36.619998931884766,40.81999969482422,49783000,0.0,0.0
2025-05-05 00:00:00-04:00,42.279998779296875,43.099998474121094,39.79999923706055,41.880001068115234,72476600,0.0,0.0
2025-05-06 00:00:00-04:00,38.33000183105469,50.560001373291016,38.209999084472656,49.470001220703125,157524000,0.0,0.0
2025-05-07 00:00:00-04:00,47.97999954223633,52.380001068115234,47.20000076293945,52.349998474121094,85989900,0.0,0.0
2025-05-08 00:00:00-04:00,51.599998474121094,54.75,50.040000915527344,51.400001525878906,81324500,0.0,0.0
2025-05-09 00:00:00-04:00,49.43000030517578,52.220001220703125,48.869998931884766,51.959999084472656,61867600,0.0,0.0
2025-05-12 00:00:00-04:00,56.09000015258789,58.599998474121094,54.20000076293945,55.209999084472656,59273900,0.0,0.0
2025-05-13 00:00:00-04:00,56.0,64.19999694824219,55.91999816894531,64.0,77358700,0.0,0.0
2025-05-14 00:00:00-04:00,64.0,65.88999938964844,60.81999969482422,61.119998931884766,46964000,0.0,0.0
2025-05-15 00:00:00-04:00,60.0,62.70000076293945,53.70000076293945,58.58000183105469,56408300,0.0,0.0
2025-05-16 00:00:00-04:00,59.040000915527344,64.81999969482422,57.41999816894531,64.6500015258789,51619600,0.0,0.0
2025-05-19 00:00:00-04:00,62.79999923706055,63.61000061035156,61.08000183105469,62.34000015258789,35719800,0.0,0.0
2025-05-20 00:00:00-04:00,62.540000915527344,63.66999816894531,59.70000076293945,61.209999084472656,35759200,0.0,0.0
2025-05-21 00:00:00-04:00,60.2599983215332,63.20000076293945,57.650001525878906,58.0,38861800,0.0,0.0
2025-05-22 00:00:00-04:00,53.3650016784668,56.52000045776367,51.20000076293945,53.52000045776367,48861300,0.0,0.0
2025-05-23 00:00:00-04:00,53.505001068115234,55.369998931884766,52.880001068115234,54.83000183105469,23607600,0.0,0.0
2025-05-27 00:00:00-04:00,56.099998474121094,56.29999923706055,52.81999969482422,53.36000061035156,27304400,0.0,0.0
2025-05-28 00:00:00-04:00,53.849998474121094,54.09000015258789,51.40999984741211,53.34000015258789,19725300,0.0,0.0
2025-05-29 00:00:00-04:00,54.0,55.0,52.11000061035156,52.400001525878906,15830600,0.0,0.0
2025-05-30 00:00:00-04:00,52.27000045776367,57.380001068115234,52.09000015258789,56.560001373291016,41060700,0.0,0.0
2025-06-02 00:00:00-04:00,56.93000030517578,58.77000045776367,55.66999816894531,56.77000045776367,36132400,0.0,0.0
2025-06-03 00:00:00-04:00,61.91999816894531,67.37000274658203,54.27000045776367,54.72999954223633,114947700,0.0,0.0
2025-06-04 00:00:00-04:00,55.76499938964844,59.290000915527344,52.79999923706055,53.61000061035156,60443200,0.0,0.0
2025-06-05 00:00:00-04:00,54.04999923706055,54.810001373291016,51.849998474121094,52.77000045776367,36763300,0.0,0.0
2025-06-06 00:00:00-04:00,53.18000030517578,57.507999420166016,52.75,56.33000183105469,41606400,0.0,0.0
2025-06-09 00:00:00-04:00,57.209999084472656,57.209999084472656,54.6150016784668,56.86000061035156,27510800,0.0,0.0
2025-06-10 00:00:00-04:00,56.86000061035156,58.7599983215332,53.540000915527344,55.25,38352500,0.0,0.0
2025-06-11 00:00:00-04:00,54.67499923706055,57.7400016784668,53.630001068115234,57.560001373291016,28327000,0.0,0.0
2025-06-12 00:00:00-04:00,56.29999923706055,59.900001525878906,56.189998626708984,57.150001525878906,34448000,0.0,0.0
2025-06-13 00:00:00-04:00,55.42499923706055,57.68000030517578,54.66999816894531,55.47999954223633,26398500,0.0,0.0
2025-06-16 00:00:00-04:00,56.75,61.665000915527344,55.77199935913086,59.779998779296875,42208900,0.0,0.0
2025-06-17 00:00:00-04:00,59.75,60.439998626708984,56.5,59.2400016784668,35241400,0.0,0.0
2025-06-18 00:00:00-04:00,60.47999954223633,62.540000915527344,58.150001525878906,61.06999969482422,43348400,0.0,0.0
2025-06-20 00:00:00-04:00,62.869998931884766,64.5999984741211,61.52000045776367,64.22000122070312,42237200,0.0,0.0
2025-06-23 00:00:00-04:00,48.15999984741211,48.349998474121094,41.970001220703125,41.97999954223633,176087900,0.0,0.0
2025-06-24 00:00:00-04:00,42.435001373291016,44.382999420166016,41.84000015258789,42.95000076293945,63586500,0.0,0.0
2025-06-25 00:00:00-04:00,43.70000076293945,46.52000045776367,41.20000076293945,41.40999984741211,62880200,0.0,0.0
2025-06-26 00:00:00-04:00,41.709999084472656,46.80099868774414,40.880001068115234,46.279998779296875,64363800,0.0,0.0
2025-06-27 00:00:00-04:00,47.0,51.9900016784668,46.400001525878906,49.40999984741211,83385600,0.0,0.0
2025-06-30 00:00:00-04:00,50.7599983215332,50.779998779296875,48.33000183105469,49.849998474121094,36568600,0.0,0.0
2025-07-01 00:00:00-04:00,48.84000015258789,50.880001068115234,47.02000045776367,47.959999084472656,35681000,0.0,0.0
2025-07-02 00:00:00-04:00,48.20000076293945,48.20000076293945,46.70000076293945,47.459999084472656,24263300,0.0,0.0
2025-07-03 00:00:00-04:00,47.560001373291016,49.060001373291016,46.54999923706055,47.97999954223633,17394300,0.0,0.0
2025-07-07 00:00:00-04:00,47.025001525878906,48.47999954223633,45.040000915527344,48.41999816894531,27366100,0.0,0.0
2025-07-08 00:00:00-04:00,48.900001525878906,50.81700134277344,48.29999923706055,48.959999084472656,30597200,0.0,0.0
2025-07-09 00:00:00-04:00,50.5,52.33000183105469,48.68000030517578,51.2400016784668,39491900,0.0,0.0
2025-07-10 00:00:00-04:00,51.540000915527344,51.93000030517578,50.0,50.27000045776367,21342700,0.0,0.0
2025-07-11 00:00:00-04:00,50.099998474121094,50.77000045776367,47.7599983215332,47.88999938964844,19001000,0.0,0.0
2025-07-14 00:00:00-04:00,47.81999969482422,52.297000885009766,47.36000061035156,52.029998779296875,35149300,0.0,0.0
2025-07-15 00:00:00-04:00,53.0,53.236000061035156,50.20000076293945,50.459999084472656,21863800,0.0,0.0
2025-07-16 00:00:00-04:00,51.0,52.15999984741211,49.400001525878906,51.849998474121094,22062400,0.0,0.0
2025-07-17 00:00:00-04:00,51.720001220703125,52.08000183105469,49.68000030517578,49.9900016784668,21167800,0.0,0.0
2025-07-18 00:00:00-04:00,50.66999816894531,51.06999969482422,48.5,50.380001068115234,22080500,0.0,0.0
2025-07-21 00:00:00-04:00,50.21500015258789,50.34000015258789,47.540000915527344,47.599998474121094,26123400,0.0,0.0
2025-07-22 00:00:00-04:00,48.0099983215332,50.58000183105469,46.93000030517578,50.0099983215332,24104200,0.0,0.0
2025-07-23 00:00:00-04:00,50.0,59.15999984741211,49.79999923706055,58.02000045776367,81802300,0.0,0.0
2025-07-24 00:00:00-04:00,57.599998474121094,57.869998931884766,55.599998474121094,57.31999969482422,26514800,0.0,0.0
2025-07-25 00:00:00-04:00,58.15999984741211,59.939998626708984,54.29999923706055,57.650001525878906,46347000,0.0,0.0
2025-07-28 00:00:00-04:00,58.7400016784668,59.81999969482422,56.529998779296875,58.68000030517578,22878400,0.0,0.0
2025-07-29 00:00:00-04:00,57.599998474121094,60.959999084472656,56.099998474121094,60.27000045776367,35638800,0.0,0.0
2025-07-30 00:00:00-04:00,60.65999984741211,66.43000030517578,60.59000015258789,65.52999877929688,55250600,0.0,0.0
2025-07-31 00:00:00-04:00,66.29000091552734,70.43000030517578,65.87999725341797,66.18000030517578,38205000,0.0,0.0
2025-08-01 00:00:00-04:00,64.56999969482422,66.19999694824219,61.689998626708984,62.54999923706055,26736400,0.0,0.0
2025-08-04 00:00:00-04:00,63.80500030517578,65.58999633789062,62.29999923706055,63.349998474121094,37443400,0.0,0.0
2025-08-05 00:00:00-04:00,55.29499816894531,64.11000061035156,54.70000076293945,55.52000045776367,105853300,0.0,0.0
2025-08-06 00:00:00-04:00,55.630001068115234,55.69900131225586,50.220001220703125,51.130001068115234,46133300,0.0,0.0
2025-08-07 00:00:00-04:00,51.7599983215332,53.529998779296875,50.25,51.04999923706055,32134500,0.0,0.0
2025-08-08 00:00:00-04:00,52.05500030517578,52.709999084472656,50.422000885009766,51.939998626708984,23206200,0.0,0.0
2025-08-11 00:00:00-04:00,51.30400085449219,52.099998474121094,49.560001373291016,49.97999954223633,27019900,0.0,0.0
2025-08-12 00:00:00-04:00,48.724998474121094,48.97999954223633,47.25,47.959999084472656,30022400,0.0,0.0
2025-08-13 00:00:00-04:00,48.59000015258789,48.650001525878906,46.7599983215332,48.33000183105469,19269100,0.0,0.0
2025-08-14 00:00:00-04:00,47.38800048828125,47.79999923706055,45.279998779296875,47.130001068115234,24049200,0.0,0.0
2025-08-15 00:00:00-04:00,46.02000045776367,47.349998474121094,45.34000015258789,46.02000045776367,18163400,0.0,0.0
2025-08-18 00:00:00-04:00,45.220001220703125,45.75699996948242,44.54999923706055,45.099998474121094,21557700,0.0,0.0
2025-08-19 00:00:00-04:00,44.779998779296875,45.099998474121094,41.91999816894531,42.18000030517578,22071400,0.0,0.0
2025-08-20 00:00:00-04:00,42.4900016784668,43.65999984741211,40.93000030517578,43.380001068115234,24709600,0.0,0.0
2025-08-21 00:00:00-04:00,43.2599983215332,44.92900085449219,42.97999954223633,43.959999084472656,27665700,0.0,0.0
2025-08-22 00:00:00-04:00,42.904998779296875,45.709999084472656,42.630001068115234,44.56999969482422,28003400,0.0,0.0
2025-08-25 00:00:00-04:00,44.439998626708984,44.83000183105469,42.970001220703125,42.9900016784668,17811100,0.0,0.0
2025-08-26 00:00:00-04:00,43.5,46.29100036621094,43.099998474121094,45.349998474121094,29415900,0.0,0.0
2025-08-27 00:00:00-04:00,45.31999969482422,45.92399978637695,43.9900016784668,44.0099983215332,19903400,0.0,0.0
2025-08-28 00:00:00-04:00,44.45000076293945,45.099998474121094,43.79999923706055,44.119998931884766,17802000,0.0,0.0
2025-08-29 00:00:00-04:00,44.20000076293945,44.4900016784668,42.209999084472656,42.349998474121094,16151100,0.0,0.0
2025-09-02 00:00:00-04:00,41.34000015258789,42.13999938964844,40.779998779296875,41.529998779296875,14391200,0.0,0.0
2025-09-03 00:00:00-04:00,43.0,45.66999816894531,42.5,44.459999084472656,30523600,0.0,0.0
2025-09-04 00:00:00-04:00,44.540000915527344,48.290000915527344,44.29999923706055,48.11000061035156,44797900,0.0,0.0
2025-09-05 00:00:00-04:00,48.83000183105469,49.15999984741211,46.856998443603516,48.40999984741211,24064500,0.0,0.0
2025-09-08 00:00:00-04:00,49.119998931884766,51.584999084472656,49.09000015258789,49.63999938964844,34988000,0.0,0.0
2025-09-09 00:00:00-04:00,49.970001220703125,50.45899963378906,47.47999954223633,47.790000915527344,22266900,0.0,0.0
2025-09-10 00:00:00-04:00,50.0,51.415000915527344,47.52000045776367,47.779998779296875,29097500,0.0,0.0
2025-09-11 00:00:00-04:00,48.81999969482422,52.4900016784668,48.599998474121094,51.7599983215332,34586700,0.0,0.0
2025-09-12 00:00:00-04:00,51.029998779296875,55.93000030517578,50.25,55.5,35502300,0.0,0.0
2025-09-15 00:00:00-04:00,54.9900016784668,56.52000045776367,53.90999984741211,53.959999084472656,28041700,0.0,0.0
2025-09-16 00:00:00-04:00,54.31999969482422,54.33599853515625,48.689998626708984,50.88999938964844,49261600,0.0,0.0
2025-09-17 00:00:00-04:00,50.290000915527344,51.0,49.16999816894531,50.349998474121094,26977800,0.0,0.0
2025-09-18 00:00:00-04:00,50.400001525878906,56.310001373291016,50.27000045776367,56.20000076293945,37206000,0.0,0.0
2025-09-19 00:00:00-04:00,56.22999954223633,59.36000061035156,56.16999816894531,57.81999969482422,36251600,0.0,0.0
2025-09-22 00:00:00-04:00,58.11000061035156,58.939998626708984,56.43000030517578,57.70000076293945,18736300,0.0,0.0
2025-09-23 00:00:00-04:00,57.209999084472656,57.72999954223633,55.3129997253418,56.0,22345900,0.0,0.0
2025-09-24 00:00:00-04:00,56.52000045776367,56.7599983215332,53.02000045776367,53.25,23273000,0.0,0.0
2025-09-25 00:00:00-04:00,52.119998931884766,55.099998474121094,50.70000076293945,54.869998931884766,22269400,0.0,0.0
2025-09-26 00:00:00-04:00,54.400001525878906,58.400001525878906,54.11000061035156,58.400001525878906,27271500,0.0,0.0
2025-09-29 00:00:00-04:00,58.59000015258789,60.54999923706055,58.25,59.119998931884766,26127900,0.0,0.0
2025-09-30 00:00:00-04:00,58.599998474121094,59.17100143432617,55.78099822998047,56.720001220703125,20804800,0.0,0.0
2025-10-01 00:00:00-04:00,55.900001525878906,57.60599899291992,55.08599853515625,56.310001373291016,24723500,0.0,0.0
2025-10-02 00:00:00-04:00,57.0,59.27000045776367,56.75,57.869998931884766,25918200,0.0,0.0
2025-10-03 00:00:00-04:00,58.0,58.93000030517578,52.5099983215332,52.540000915527344,35805500,0.0,0.0
2025-10-06 00:00:00-04:00,53.61000061035156,54.79499816894531,52.70000076293945,54.7599983215332,27144400,0.0,0.0
2025-10-07 00:00:00-04:00,54.79999923706055,58.25,54.5,57.970001220703125,33007600,0.0,0.0
2025-10-08 00:00:00-04:00,58.369998931884766,60.130001068115234,57.040000915527344,58.16999816894531,32546700,0.0,0.0
2025-10-09 00:00:00-04:00,59.10499954223633,59.9900016784668,56.25,58.25,19685700,0.0,0.0
2025-10-10 00:00:00-04:00,58.290000915527344,59.220001220703125,53.02000045776367,53.95000076293945,31952800,0.0,0.0
2025-10-13 00:00:00-04:00,54.41999816894531,56.27000045776367,53.8380012512207,54.72999954223633,23360300,0.0,0.0
2025-10-14 00:00:00-04:00,53.22800064086914,55.13999938964844,51.72999954223633,54.02000045776367,21104000,0.0,0.0
2025-10-15 00:00:00-04:00,55.29999923706055,65.29900360107422,54.435001373291016,62.7599983215332,55066000,0.0,0.0
2025-10-16 00:00:00-04:00,62.119998931884766,63.630001068115234,57.810001373291016,59.150001525878906,38182400,0.0,0.0
2025-10-17 00:00:00-04:00,57.119998931884766,57.45000076293945,49.599998474121094,49.779998779296875,74581700,0.0,0.0
2025-10-20 00:00:00-04:00,51.369998931884766,52.40999984741211,50.220001220703125,51.36000061035156,30101300,0.0,0.0
2025-10-21 00:00:00-04:00,50.83000183105469,51.36000061035156,49.25,49.36000061035156,29718000,0.0,0.0
2025-10-22 00:00:00-04:00,48.86000061035156,48.900001525878906,46.150001525878906,47.459999084472656,23866300,0.0,0.0
2025-10-23 00:00:00-04:00,48.02000045776367,48.59000015258789,46.88999938964844,48.4900016784668,18463700,0.0,0.0
2025-10-24 00:00:00-04:00,49.939998626708984,50.9900016784668,48.7599983215332,48.779998779296875,16063500,0.0,0.0
2025-10-27 00:00:00-04:00,50.13999938964844,50.189998626708984,48.15999984741211,48.22999954223633,16742100,0.0,0.0
2025-10-28 00:00:00-04:00,49.13999938964844,49.16999816894531,47.119998931884766,47.119998931884766,13822100,0.0,0.0
2025-10-29 00:00:00-04:00,47.06999969482422,48.45500183105469,46.029998779296875,46.630001068115234,19797100,0.0,0.0
2025-10-30 00:00:00-04:00,46.06999969482422,46.91999816894531,44.04999923706055,44.060001373291016,17049000,0.0,0.0
2025-10-31 00:00:00-04:00,45.3650016784668,47.24100112915039,45.0,45.459999084472656,21891900,0.0,0.0
2025-11-03 00:00:00-05:00,46.900001525878906,47.150001525878906,44.0099983215332,44.38999938964844,40539900,0.0,0.0
2025-11-04 00:00:00-05:00,45.75,48.34000015258789,42.400001525878906,42.790000915527344,61191400,0.0,0.0
2025-11-05 00:00:00-05:00,44.099998474121094,46.81999969482422,43.68000030517578,43.72999954223633,36297500,0.0,0.0
2025-11-06 00:00:00-05:00,44.0,44.0,39.84000015258789,41.52000045776367,43246900,0.0,0.0
2025-11-07 00:00:00-05:00,40.7400016784668,41.275001525878906,39.34000015258789,41.029998779296875,28934600,0.0,0.0
2025-11-10 00:00:00-05:00,42.494998931884766,42.70000076293945,40.220001220703125,41.04999923706055,21798900,0.0,0.0
2025-11-11 00:00:00-05:00,40.90999984741211,41.279998779296875,38.869998931884766,39.75,22892200,0.0,0.0
2025-11-12 00:00:00-05:00,39.61000061035156,40.249000549316406,38.2599983215332,39.02000045776367,21967400,0.0,0.0
2025-11-13 00:00:00-05:00,38.91999816894531,38.959999084472656,35.779998779296875,36.04999923706055,34913200,0.0,0.0
2025-11-14 00:00:00-05:00,35.42499923706055,38.0890007019043,34.93000030517578,36.97999954223633,31484900,0.0,0.0
2025-11-17 00:00:00-05:00,36.66999816894531,37.630001068115234,33.90999984741211,35.58000183105469,30155500,0.0,0.0
2025-11-18 00:00:00-05:00,35.709999084472656,36.73500061035156,34.130001068115234,36.2599983215332,26537300,0.0,0.0
2025-11-19 00:00:00-05:00,36.599998474121094,36.599998474121094,34.43000030517578,35.83000183105469,20963500,0.0,0.0
2025-11-20 00:00:00-05:00,36.779998779296875,37.220001220703125,33.470001220703125,33.619998931884766,28325500,0.0,0.0
2025-11-21 00:00:00-05:00,33.540000915527344,34.9900016784668,32.880001068115234,34.709999084472656,18775400,0.0,0.0
2025-11-24 00:00:00-05:00,35.11000061035156,38.13999938964844,35.0099983215332,37.779998779296875,20835800,0.0,0.0
2025-11-25 00:00:00-05:00,38.0,38.36000061035156,36.900001525878906,37.09000015258789,14394300,0.0,0.0
2025-11-26 00:00:00-05:00,37.75,38.790000915527344,37.36000061035156,38.400001525878906,13448300,0.0,0.0
2025-11-28 00:00:00-05:00,38.900001525878906,39.867000579833984,38.52000045776367,39.7599983215332,9363600,0.0,0.0
2025-12-01 00:00:00-05:00,38.75,39.25,37.474998474121094,37.5099983215332,13564100,0.0,0.0
2025-12-02 00:00:00-05:00,37.54999923706055,38.279998779296875,36.21500015258789,36.310001373291016,12076000,0.0,0.0
2025-12-03 00:00:00-05:00,36.349998474121094,37.125,35.779998779296875,37.06999969482422,10875200,0.0,0.0
2025-12-04 00:00:00-05:00,38.27000045776367,40.459999084472656,37.7239990234375,40.02000045776367,24755200,0.0,0.0
2025-12-05 00:00:00-05:00,40.0,40.9900016784668,39.16999816894531,39.20000076293945,22174100,0.0,0.0
2025-12-08 00:00:00-05:00,39.34000015258789,39.599998474121094,38.23699951171875,39.119998931884766,9713100,0.0,0.0
2025-12-09 00:00:00-05:00,39.040000915527344,40.7400016784668,38.93000030517578,39.81999969482422,12617600,0.0,0.0
2025-12-10 00:00:00-05:00,39.650001525878906,39.78499984741211,37.61000061035156,37.880001068115234,16426400,0.0,0.0
2025-12-11 00:00:00-05:00,37.25,37.86000061035156,36.650001525878906,37.77000045776367,10260300,0.0,0.0
2025-12-12 00:00:00-05:00,37.599998474121094,38.880001068115234,36.849998474121094,37.209999084472656,10345200,0.0,0.0
2025-12-15 00:00:00-05:00,37.81999969482422,38.029998779296875,35.68000030517578,36.25,11294500,0.0,0.0
2025-12-16 00:00:00-05:00,36.0099983215332,36.900001525878906,35.40999984741211,36.86000061035156,10360000,0.0,0.0
2025-12-17 00:00:00-05:00,36.709999084472656,37.61000061035156,34.89500045776367,34.970001220703125,11451500,0.0,0.0
2025-12-18 00:00:00-05:00,35.599998474121094,36.029998779296875,34.310001373291016,34.77000045776367,11728300,0.0,0.0
2025-12-19 00:00:00-05:00,34.970001220703125,35.86000061035156,34.599998474121094,35.560001373291016,13764600,0.0,0.0
2025-12-22 00:00:00-05:00,35.970001220703125,36.27000045776367,34.78499984741211,35.04999923706055,12908200,0.0,0.0
2025-12-23 00:00:00-05:00,34.75,35.13999938964844,34.099998474121094,34.79999923706055,9523700,0.0,0.0
2025-12-24 00:00:00-05:00,34.61000061035156,35.040000915527344,34.130001068115234,34.66999816894531,4922700,0.0,0.0
2025-12-26 00:00:00-05:00,34.56999969482422,34.619998931884766,33.5,34.310001373291016,9909800,0.0,0.0
2025-12-29 00:00:00-05:00,34.060001373291016,34.75,33.79999923706055,34.099998474121094,9225200,0.0,0.0
2025-12-30 00:00:00-05:00,34.20000076293945,34.415000915527344,33.040000915527344,33.040000915527344,11262600,0.0,0.0
2025-12-31 00:00:00-05:00,32.91999816894531,32.95000076293945,32.064998626708984,32.470001220703125,14117900,0.0,0.0
2026-01-02 00:00:00-05:00,33.0,33.72999954223633,32.04999923706055,33.40999984741211,13320900,0.0,0.0
2026-01-05 00:00:00-05:00,33.959999084472656,35.83000183105469,33.189998626708984,34.709999084472656,17344400,0.0,0.0
2026-01-06 00:00:00-05:00,35.42499923706055,35.95000076293945,34.31999969482422,35.459999084472656,11836300,0.0,0.0
2026-01-07 00:00:00-05:00,35.4900016784668,36.45000076293945,34.939998626708984,35.459999084472656,10986400,0.0,0.0
2026-01-08 00:00:00-05:00,35.15999984741211,35.15999984741211,33.5099983215332,33.869998931884766,15611100,0.0,0.0
2026-01-09 00:00:00-05:00,34.310001373291016,34.349998474121094,31.65999984741211,31.690000534057617,25399600,0.0,0.0
2026-01-12 00:00:00-05:00,31.075000762939453,32.755001068115234,29.920000076293945,32.34000015258789,25633800,0.0,0.0
2026-01-13 00:00:00-05:00,33.20000076293945,33.27000045776367,31.709999084472656,32.20000076293945,15262300,0.0,0.0
2026-01-14 00:00:00-05:00,32.029998779296875,32.040000915527344,30.75,31.31999969482422,15132500,0.0,0.0
2026-01-15 00:00:00-05:00,31.579999923706055,31.65999984741211,30.729999542236328,31.229999542236328,13666300,0.0,0.0
2026-01-16 00:00:00-05:00,31.229999542236328,31.819000244140625,30.639999389648438,31.3799991607666,14591200,0.0,0.0
2026-01-20 00:00:00-05:00,30.149999618530273,31.299999237060547,30.023000717163086,30.469999313354492,16471800,0.0,0.0
2026-01-21 00:00:00-05:00,30.5,30.639999389648438,27.959999084472656,28.889999389648438,27909600,0.0,0.0
2026-01-22 00:00:00-05:00,29.5,30.770000457763672,29.0,30.520000457763672,14169200,0.0,0.0
2026-01-23 00:00:00-05:00,30.139999389648438,30.989999771118164,29.399999618530273,29.6200008392334,14237400,0.0,0.0
2026-01-26 00:00:00-05:00,29.639999389648438,30.950000762939453,29.420000076293945,30.280000686645508,12684500,0.0,0.0
2026-01-27 00:00:00-05:00,30.079999923706055,30.170000076293945,28.93000030517578,29.68000030517578,16634000,0.0,0.0
2026-01-28 00:00:00-05:00,29.829999923706055,29.979999542236328,28.325000762939453,28.670000076293945,15053600,0.0,0.0
2026-01-29 00:00:00-05:00,28.93000030517578,30.700000762939453,28.46500015258789,29.8700008392334,22116300,0.0,0.0
2026-01-30 00:00:00-05:00,29.399999618530273,30.270000457763672,26.8700008392334,27.09000015258789,21908300,0.0,0.0
2026-02-02 00:00:00-05:00,27.110000610351562,27.399999618530273,26.420000076293945,26.440000534057617,13612500,0.0,0.0
2026-02-03 00:00:00-05:00,26.559999465942383,26.81999969482422,24.639999389648438,25.540000915527344,21365600,0.0,0.0
2026-02-04 00:00:00-05:00,27.200000762939453,27.200000762939453,23.989999771118164,24.399999618530273,31676000,0.0,0.0
2026-02-05 00:00:00-05:00,26.799999237060547,27.770000457763672,22.950000762939453,23.479999542236328,71253500,0.0,0.0
2026-02-06 00:00:00-05:00,22.299999237060547,23.618000030517578,21.1200008392334,23.020000457763672,46351700,0.0,0.0
2026-02-09 00:00:00-05:00,17.829999923706055,19.520000457763672,16.350000381469727,19.329999923706055,144202400,0.0,0.0
2026-02-10 00:00:00-05:00,18.700000762939453,19.3799991607666,17.200000762939453,17.239999771118164,51693900,0.0,0.0
2026-02-11 00:00:00-05:00,17.520000457763672,17.6299991607666,16.600000381469727,16.690000534057617,33587600,0.0,0.0
2026-02-12 00:00:00-05:00,16.520000457763672,16.959999084472656,15.630000114440918,15.800000190734863,31825600,0.0,0.0
2026-02-13 00:00:00-05:00,16.110000610351562,16.8700008392334,16.079999923706055,16.299999237060547,26248400,0.0,0.0
2026-02-17 00:00:00-05:00,16.299999237060547,16.920000076293945,15.789999961853027,16.270000457763672,22435100,0.0,0.0
2026-02-18 00:00:00-05:00,16.110000610351562,16.399999618530273,15.574999809265137,15.84000015258789,17282700,0.0,0.0
2026-02-19 00:00:00-05:00,16.010000228881836,16.549999237060547,15.460000038146973,15.819999694824219,32798100,0.0,0.0
2026-02-20 00:00:00-05:00,15.649999618530273,16.299999237060547,15.289999961853027,15.630000114440918,25353500,0.0,0.0
2026-02-23 00:00:00-05:00,15.795000076293945,15.795000076293945,15.154999732971191,15.510000228881836,43356400,0.0,0.0
2026-02-24 00:00:00-05:00,14.829999923706055,16.059999465942383,13.739999771118164,15.460000038146973,63952600,0.0,0.0
2026-02-25 00:00:00-05:00,15.670000076293945,16.459999084472656,15.0600004196167,15.819999694824219,38317800,0.0,0.0
2026-02-26 00:00:00-05:00,15.77400016784668,16.360000610351562,14.984999656677246,15.600000381469727,29431200,0.0,0.0
2026-02-27 00:00:00-05:00,15.210000038146973,15.291999816894531,14.479999542236328,14.520000457763672,23484600,0.0,0.0
2026-03-02 00:00:00-05:00,14.510000228881836,16.479999542236328,14.3100004196167,16.479999542236328,32836200,0.0,0.0
2026-03-03 00:00:00-05:00,16.0,16.90999984741211,15.270000457763672,15.819999694824219,27508200,0.0,0.0
2026-03-04 00:00:00-05:00,15.869999885559082,16.739999771118164,15.800000190734863,16.450000762939453,20438100,0.0,0.0
2026-03-05 00:00:00-05:00,16.530000686645508,16.84000015258789,15.59000015258789,15.880000114440918,19004100,0.0,0.0
2026-03-06 00:00:00-05:00,15.539999961853027,15.83899974822998,15.210000038146973,15.739999771118164,21093800,0.0,0.0
2026-03-09 00:00:00-04:00,23.21500015258789,23.510000228881836,20.969999313354492,22.15999984741211,174964100,0.0,0.0
2026-03-10 00:00:00-04:00,24.0,26.030000686645508,22.43000030517578,23.469999313354492,118638500,0.0,0.0
2026-03-11 00:00:00-04:00,23.1200008392334,27.540000915527344,22.809999465942383,25.8799991607666,111773500,0.0,0.0
2026-03-12 00:00:00-04:00,26.84000015258789,27.239999771118164,23.760000228881836,23.84000015258789,68303400,0.0,0.0
2026-03-13 00:00:00-04:00,24.06999969482422,24.81999969482422,23.25,24.770000457763672,42982500,0.0,0.0
2026-03-16 00:00:00-04:00,24.219999313354492,25.165000915527344,23.520000457763672,24.8799991607666,37972100,0.0,0.0
2026-03-17 00:00:00-04:00,24.545000076293945,25.239999771118164,23.989999771118164,24.979999542236328,35316100,0.0,0.0
2026-03-18 00:00:00-04:00,24.700000762939453,25.040000915527344,23.149999618530273,23.149999618530273,35354200,0.0,0.0
2026-03-19 00:00:00-04:00,22.889999389648438,24.389999389648438,22.61199951171875,24.15999984741211,29908800,0.0,0.0
2026-03-20 00:00:00-04:00,23.950000762939453,24.25,21.700000762939453,22.020000457763672,33380800,0.0,0.0
2026-03-23 00:00:00-04:00,22.600000381469727,23.100000381469727,22.2450008392334,22.459999084472656,20283800,0.0,0.0
2026-03-24 00:00:00-04:00,22.209999084472656,22.299999237060547,21.09000015258789,21.34000015258789,26400700,0.0,0.0
2026-03-25 00:00:00-04:00,21.700000762939453,22.0,20.56999969482422,20.84000015258789,21696400,0.0,0.0
2026-03-26 00:00:00-04:00,20.579999923706055,21.219999313354492,20.020000457763672,20.860000610351562,26020000,0.0,0.0
2026-03-27 00:00:00-04:00,20.579999923706055,20.600000381469727,19.183000564575195,19.3799991607666,22374100,0.0,0.0
2026-03-30 00:00:00-04:00,19.350000381469727,19.670000076293945,18.6200008392334,18.780000686645508,19219600,0.0,0.0
2026-03-31 00:00:00-04:00,18.780000686645508,21.0,18.642000198364258,20.760000228881836,34530500,0.0,0.0
2026-04-01 00:00:00-04:00,21.0,21.6200008392334,19.700000762939453,19.84000015258789,26625200,0.0,0.0
2026-04-02 00:00:00-04:00,19.309999465942383,19.5,18.7549991607666,19.139999389648438,23512000,0.0,0.0
2026-04-06 00:00:00-04:00,19.780000686645508,20.3700008392334,19.510000228881836,20.329999923706055,19583300,0.0,0.0
2026-04-07 00:00:00-04:00,19.969999313354492,20.0,18.96299934387207,19.5,21488000,0.0,0.0
2026-04-08 00:00:00-04:00,20.799999237060547,20.950000762939453,19.040000915527344,19.389999389648438,20079200,0.0,0.0
2026-04-09 00:00:00-04:00,19.309999465942383,19.770000457763672,18.959999084472656,19.75,14700400,0.0,0.0
2026-04-10 00:00:00-04:00,19.950000762939453,20.149999618530273,19.18000030517578,19.43000030517578,16054500,0.0,0.0
2026-04-13 00:00:00-04:00,19.329999923706055,21.79800033569336,19.299999237060547,21.149999618530273,24685800,0.0,0.0
2026-04-14 00:00:00-04:00,21.75,21.959999084472656,20.920000076293945,21.360000610351562,19377300,0.0,0.0
2026-04-15 00:00:00-04:00,21.719999313354492,24.69499969482422,21.280000686645508,24.290000915527344,45776800,0.0,0.0
2026-04-16 00:00:00-04:00,26.149999618530273,27.809999465942383,24.760000228881836,26.989999771118164,80363700,0.0,0.0
2026-04-17 00:00:00-04:00,27.670000076293945,29.780000686645508,27.399999618530273,28.81999969482422,58933000,0.0,0.0
2026-04-20 00:00:00-04:00,28.53499984741211,31.854999542236328,28.40999984741211,31.010000228881836,69289000,0.0,0.0
2026-04-21 00:00:00-04:00,28.584999084472656,30.8700008392334,27.850000381469727,29.760000228881836,59038800,0.0,0.0
2026-04-22 00:00:00-04:00,30.0,30.049999237060547,28.049999237060547,29.010000228881836,32247300,0.0,0.0
2026-04-23 00:00:00-04:00,30.329999923706055,31.440000534057617,27.030000686645508,28.149999618530273,44911700,0.0,0.0
2026-04-24 00:00:00-04:00,29.5,31.329999923706055,28.899999618530273,30.559999465942383,43478900,0.0,0.0
2026-04-27 00:00:00-04:00,29.940000534057617,30.719999313354492,29.049999237060547,29.389999389648438,23287200,0.0,0.0
2026-04-28 00:00:00-04:00,28.56999969482422,28.825000762939453,27.649999618530273,27.90999984741211,21825600,0.0,0.0
2026-04-29 00:00:00-04:00,27.6200008392334,27.68600082397461,26.040000915527344,26.329999923706055,19906300,0.0,0.0
2026-04-30 00:00:00-04:00,26.260000228881836,27.350000381469727,25.6200008392334,27.170000076293945,17411800,0.0,0.0
2026-05-01 00:00:00-04:00,27.290000915527344,27.770000457763672,26.93000030517578,27.40999984741211,14645100,0.0,0.0
2026-05-04 00:00:00-04:00,27.6299991607666,28.41900062561035,26.670000076293945,27.270000457763672,15069500,0.0,0.0
2026-05-05 00:00:00-04:00,26.90999984741211,26.90999984741211,25.899999618530273,26.329999923706055,15492800,0.0,0.0
2026-05-06 00:00:00-04:00,26.864999771118164,27.06999969482422,25.799999237060547,26.8799991607666,14873600,0.0,0.0
2026-05-07 00:00:00-04:00,26.770000457763672,27.1200008392334,25.350000381469727,25.649999618530273,18627000,0.0,0.0
2026-05-08 00:00:00-04:00,25.610000610351562,28.524999618530273,25.399999618530273,28.270000457763672,25969500,0.0,0.0
2026-05-11 00:00:00-04:00,29.09000015258789,30.385000228881836,28.549999237060547,29.139999389648438,61193000,0.0,0.0
2026-05-12 00:00:00-04:00,25.209999084472656,26.84000015258789,24.559999465942383,25.030000686645508,53635000,0.0,0.0
2026-05-13 00:00:00-04:00,24.510000228881836,24.889999389648438,23.260000228881836,24.139999389648438,25968300,0.0,0.0
2026-05-14 00:00:00-04:00,24.040000915527344,24.799999237060547,23.3799991607666,24.239999771118164,18275600,0.0,0.0
2026-05-15 00:00:00-04:00,23.674999237060547,25.31999969482422,23.531999588012695,25.049999237060547,20662200,0.0,0.0
2026-05-18 00:00:00-04:00,23.979999542236328,23.979999542236328,22.139999389648438,22.290000915527344,32292400,0.0,0.0
2026-05-19 00:00:00-04:00,22.139999389648438,22.690000534057617,21.530000686645508,22.440000534057617,27331100,0.0,0.0
2026-05-20 00:00:00-04:00,22.190000534057617,23.399999618530273,21.875,23.040000915527344,16686600,0.0,0.0
2026-05-21 00:00:00-04:00,22.81999969482422,24.010000228881836,22.604999542236328,24.010000228881836,15102400,0.0,0.0
2026-05-22 00:00:00-04:00,24.09000015258789,24.524999618530273,23.299999237060547,23.75,13074247,0.0,0.0
