Date,Open,High,Low,Close,Volume,Dividends,Stock Splits
2022-01-03 00:00:00-05:00,33.472005516473665,33.828091283651176,32.482880062409095,32.64113998413086,594275,0.0,0.0
2022-01-04 00:00:00-05:00,32.75984034698899,33.27418613581989,32.087234605688174,32.126800537109375,725250,0.0,0.0
2022-01-05 00:00:00-05:00,32.16636242770583,32.16636242770583,30.58376121520996,30.58376121520996,1148150,0.0,0.0
2022-01-06 00:00:00-05:00,30.623320659968513,30.86071240983796,30.108976899536525,30.306800842285156,732975,0.0,0.0
2022-01-07 00:00:00-05:00,30.227675106051795,30.623324933367815,29.930938207216577,30.465065002441406,619875,0.0,0.0
2022-01-10 00:00:00-05:00,30.30680931030461,30.46506926336567,29.1989896388772,29.87159538269043,1031575,0.0,0.0
2022-01-11 00:00:00-05:00,29.8715923168109,30.979411874536932,29.8715923168109,30.90028190612793,847900,0.0,0.0
2022-01-12 00:00:00-05:00,30.999194570126846,31.612451348339707,30.999194570126846,31.533321380615234,863175,0.0,0.0
2022-01-13 00:00:00-05:00,31.810276585831744,32.087230524121196,31.21680089625731,31.295930862426758,626150,0.0,0.0
2022-01-14 00:00:00-05:00,30.900278517427328,31.157451358205364,30.26723883957805,31.05853843688965,1572875,0.0,0.0
2022-01-18 00:00:00-05:00,30.504634792086737,30.58376476757227,29.555073199652956,29.713335037231445,826100,0.0,0.0
2022-01-19 00:00:00-05:00,30.26724154875913,30.26724154875913,29.198986053466797,29.198986053466797,623025,0.0,0.0
2022-01-20 00:00:00-05:00,29.475941398829164,29.9705041866391,29.001161575317383,29.001161575317383,1717850,0.0,0.0
2022-01-21 00:00:00-05:00,28.882463144351014,29.57484980940035,28.684637304847186,29.475936889648438,1790150,0.0,0.0
2022-01-24 00:00:00-05:00,28.684639919091,29.198985639391463,27.972470227864573,29.040725708007812,1414000,0.0,0.0
2022-01-25 00:00:00-05:00,28.447253279645057,28.684643203905175,27.458127651924187,28.091167449951172,1500200,0.0,0.0
2022-01-26 00:00:00-05:00,28.20986072864993,29.950721897732873,27.695514997342123,27.814210891723633,1687875,0.0,0.0
2022-01-27 00:00:00-05:00,27.93290493918762,28.288990736230865,26.587693605119565,27.102039337158203,1969675,0.0,0.0
2022-01-28 00:00:00-05:00,27.378992432478416,28.96159351099181,27.022906670995965,28.922027587890625,1640350,0.0,0.0
2022-01-31 00:00:00-05:00,28.68463950785181,29.812241974446174,28.60550954329444,28.882465362548828,1957375,0.0,0.0
2022-02-01 00:00:00-05:00,29.119857474498986,29.357247386254876,28.229644833762567,29.001161575317383,1058850,0.0,0.0
2022-02-02 00:00:00-05:00,29.594638426207634,29.99028829421695,28.922032707288103,29.436378479003906,1801375,0.0,0.0
2022-02-03 00:00:00-05:00,29.198987759523373,29.693550552659172,28.961597845211067,29.119857788085938,827325,0.0,0.0
2022-02-04 00:00:00-05:00,28.882468161790197,29.594637911828876,28.64507635850328,29.23855209350586,1028650,0.0,0.0
2022-02-07 00:00:00-05:00,29.436377777731874,30.168330487763416,29.41659481315086,29.911157608032227,753050,0.0,0.0
2022-02-08 00:00:00-05:00,29.911151070180964,30.544190705547674,29.911151070180964,30.306800842285156,803925,0.0,0.0
2022-02-09 00:00:00-05:00,30.662893891334534,31.770713517360036,30.465068014812005,31.652019500732422,888700,0.0,0.0
2022-02-10 00:00:00-05:00,31.177238019849153,31.335497958093484,30.069416565531576,30.267242431640625,893075,0.0,0.0
2022-02-11 00:00:00-05:00,30.346373099216265,30.722239989545695,29.456160454450924,29.792463302612305,714600,0.0,0.0
2022-02-14 00:00:00-05:00,29.040727454504648,29.357247336307317,27.33943025990433,27.497690200805664,2102275,0.0,0.0
2022-02-15 00:00:00-05:00,27.695517095051297,28.249426908702258,27.458127174915173,27.893342971801758,1316725,0.0,0.0
2022-02-16 00:00:00-05:00,27.972470227864573,29.060506784475372,27.7350803307891,29.040725708007812,996875,0.0,0.0
2022-02-17 00:00:00-05:00,28.645071078844932,29.792458294562152,28.645071078844932,29.357242584228516,1012775,0.0,0.0
2022-02-18 00:00:00-05:00,29.040724437105748,29.51550421047903,27.77464315483655,27.85377311706543,721775,0.0,0.0
2022-02-22 00:00:00-05:00,27.814209079254546,28.641116524233855,27.49768734373191,27.85377311706543,723050,0.0,0.0
2022-02-23 00:00:00-05:00,28.13072915679939,28.387902007785172,26.112912273652697,26.508562088012695,2073675,0.0,0.0
2022-02-24 00:00:00-05:00,26.152477787634528,27.893338830083234,25.63813209374141,27.774642944335938,1227950,0.0,0.0
2022-02-25 00:00:00-05:00,27.774645625261336,29.555070877075195,27.735081583931418,29.555070877075195,1184725,0.0,0.0
2022-02-28 00:00:00-05:00,28.961592865415728,29.57484956695771,28.348334277266737,28.68463706970215,1834575,0.0,0.0
2022-03-01 00:00:00-05:00,28.684633922289567,28.96158968761426,27.260292951001837,28.249418258666992,1051975,0.0,0.0
2022-03-02 00:00:00-05:00,28.565940911347308,29.45615528653695,28.328551040165735,29.278112411499023,714750,0.0,0.0
2022-03-03 00:00:00-05:00,29.634199812466374,29.83202567203608,28.684640214389095,29.159420013427734,583900,0.0,0.0
2022-03-04 00:00:00-05:00,28.605511811426958,28.902248730393598,27.57682030400893,28.288991928100586,1008725,0.0,0.0
2022-03-07 00:00:00-05:00,28.1307313968792,28.190078402107282,26.350304260571214,26.58769416809082,1276700,0.0,0.0
2022-03-08 00:00:00-05:00,26.587695183404733,27.299866819766795,25.796395461455056,26.231611251831055,2917575,0.0,0.0
2022-03-09 00:00:00-05:00,26.904216474675938,27.715299146731528,26.587694704984226,27.537256240844727,1160675,0.0,0.0
2022-03-10 00:00:00-05:00,27.02290992470572,28.091165451169974,26.904215914324844,28.05160140991211,719000,0.0,0.0
2022-03-11 00:00:00-05:00,28.387903881598053,28.862683690169053,27.042692537372965,27.181169509887695,857325,0.0,0.0
2022-03-14 00:00:00-04:00,27.181168392500183,27.220734318224885,25.44030727936412,26.033782958984375,1284400,0.0,0.0
2022-03-15 00:00:00-04:00,26.231607756480773,27.102037334641057,26.231607756480773,27.06247329711914,906750,0.0,0.0
2022-03-16 00:00:00-04:00,27.141603888334817,27.73507955778638,26.56791118140664,27.299863815307617,1047725,0.0,0.0
2022-03-17 00:00:00-04:00,26.70639049629899,27.69551607023599,26.62726052584832,27.497690200805664,701825,0.0,0.0
2022-03-18 00:00:00-04:00,28.328555245097583,28.842900985641084,27.774645463454647,28.012035369873047,1679525,0.0,0.0
2022-03-21 00:00:00-04:00,27.814208876106573,28.031815798994867,26.88443041175276,27.06247329711914,710600,0.0,0.0
2022-03-22 00:00:00-04:00,26.86464939649328,28.012034866883162,26.86464939649328,27.814210891723633,796800,0.0,0.0
2022-03-23 00:00:00-04:00,27.57681935036353,27.675732282134298,27.10203954179253,27.181169509887695,366475,0.0,0.0
2022-03-24 00:00:00-04:00,27.18116802047966,27.398776835772807,26.72617120051608,27.339427947998047,469950,0.0,0.0
2022-03-25 00:00:00-04:00,27.339429200804837,27.814210891723633,27.181169266034317,27.814210891723633,726425,0.0,0.0
2022-03-28 00:00:00-04:00,27.616383963841205,28.20985963962346,27.616383963841205,28.13072967529297,471575,0.0,0.0
2022-03-29 00:00:00-04:00,28.3681200563237,29.159419713241952,28.3681200563237,29.040725708007812,817200,0.0,0.0
2022-03-30 00:00:00-04:00,28.92202940152393,29.278115185335697,28.68463950785181,28.882465362548828,493275,0.0,0.0
2022-03-31 00:00:00-04:00,29.040724209419203,29.31767813174534,28.427465591998146,28.486812591552734,834675,0.0,0.0
2022-04-01 00:00:00-04:00,28.368122116126642,29.23855180193842,28.20986217325177,29.119857788085938,877125,0.0,0.0
2022-04-04 00:00:00-04:00,28.882466186210877,29.198986053466797,28.249424565091818,29.198986053466797,567800,0.0,0.0
2022-04-05 00:00:00-04:00,29.23854817013686,29.456156979515505,28.387901554497457,28.486812591552734,528075,0.0,0.0
2022-04-06 00:00:00-04:00,28.288988630835078,28.526378515660525,27.537253052250957,28.486812591552734,855950,0.0,0.0
2022-04-07 00:00:00-04:00,28.328554894603787,28.565944798085088,27.062475409370162,27.141605377197266,1106375,0.0,0.0
2022-04-08 00:00:00-04:00,27.220734880101578,27.81421057197206,26.785519121182265,27.695514678955078,644650,0.0,0.0
2022-04-11 00:00:00-04:00,27.537253705766812,27.81420952127278,27.102037963288048,27.299863815307617,694275,0.0,0.0
2022-04-12 00:00:00-04:00,27.61638205382661,28.130727729705004,27.22073225953824,27.418556213378906,866450,0.0,0.0
2022-04-13 00:00:00-04:00,27.537253052250957,28.645072514769698,27.537253052250957,28.486812591552734,732975,0.0,0.0
2022-04-14 00:00:00-04:00,28.684633922289567,28.96158968761426,28.170288309518053,28.249418258666992,455725,0.0,0.0
2022-04-18 00:00:00-04:00,28.01203304152319,28.42746581487659,27.49768734373191,27.85377311706543,829875,0.0,0.0
2022-04-19 00:00:00-04:00,27.77464621364403,29.911157315723777,27.77464621364403,29.792463302612305,1595900,0.0,0.0
2022-04-20 00:00:00-04:00,30.069417027351662,30.326589902600293,28.823118579580886,28.961597442626953,786700,0.0,0.0
2022-04-21 00:00:00-04:00,29.4363768128684,29.71333264810257,27.913122548991385,28.05160140991211,664450,0.0,0.0
2022-04-22 00:00:00-04:00,27.89334126863558,28.150512251458,27.477908462111824,27.972471237182617,679100,0.0,0.0
2022-04-25 00:00:00-04:00,27.7746425230905,28.407682206522786,27.655946639143412,28.32855224609375,637100,0.0,0.0
2022-04-26 00:00:00-04:00,27.853773655736383,28.051599508437945,27.161385057888072,27.339427947998047,1226700,0.0,0.0
2022-04-27 00:00:00-04:00,27.14160398190364,27.893339580919555,26.943778129202077,27.339427947998047,1003900,0.0,0.0
2022-04-28 00:00:00-04:00,27.616386444167347,29.634201659125594,27.616386444167347,29.119857788085938,1401500,0.0,0.0
2022-04-29 00:00:00-04:00,28.645075831640103,28.981378679069103,27.497690312155516,27.537256240844727,1251500,0.0,0.0
2022-05-02 00:00:00-04:00,27.73507976975085,28.11094662753201,26.88443124081565,27.37899398803711,1197200,0.0,0.0
2022-05-03 00:00:00-04:00,27.576820171256333,27.814211969215645,26.963563371915487,27.497690200805664,571475,0.0,0.0
2022-05-04 00:00:00-04:00,27.616387121672588,27.93290701518742,26.429435634384582,27.893342971801758,654325,0.0,0.0
2022-05-05 00:00:00-04:00,27.02290814846873,27.695513785107046,25.63813283653481,25.915088653564453,845775,0.0,0.0
2022-05-06 00:00:00-04:00,25.677697776388264,25.954653603138077,24.25335837580779,24.807268142700195,1175375,0.0,0.0
2022-05-09 00:00:00-04:00,24.09509745213251,24.64900719625994,22.908146113823733,22.987276077270508,2474825,0.0,0.0
2022-05-10 00:00:00-04:00,23.34336407045143,23.640100989873712,21.28598293906359,21.602502822875977,2665225,0.0,0.0
2022-05-11 00:00:00-04:00,21.958587232822435,23.659882442944237,21.642065482621145,21.80032730102539,1642650,0.0,0.0
2022-05-12 00:00:00-04:00,21.760761672483103,22.25532443776681,20.870549072293876,21.919021606445312,1523100,0.0,0.0
2022-05-13 00:00:00-04:00,22.195977737360703,23.739013057872377,22.195977737360703,23.501623153686523,2207575,0.0,0.0
2022-05-16 00:00:00-04:00,23.382926848261118,23.798359644953397,23.224666914912365,23.34336280822754,732150,0.0,0.0
2022-05-17 00:00:00-04:00,23.739011647191823,24.530311280788695,23.560968757980742,24.411617279052734,874525,0.0,0.0
2022-05-18 00:00:00-04:00,24.09509472266898,24.372048620056113,23.20488037647624,23.422489166259766,681975,0.0,0.0
2022-05-19 00:00:00-04:00,23.145539954129482,24.055535632368773,23.026845932006836,23.026845932006836,955225,0.0,0.0
2022-05-20 00:00:00-04:00,23.422492243105268,23.422492243105268,22.47293077796488,23.145536422729492,947650,0.0,0.0
2022-05-23 00:00:00-04:00,23.105972458637698,23.89727210998535,22.611409704893617,23.89727210998535,1073000,0.0,0.0
2022-05-24 00:00:00-04:00,23.462055948094985,23.739011764526367,22.512496383085363,23.739011764526367,1167925,0.0,0.0
2022-05-25 00:00:00-04:00,23.739011764526367,24.055531619529575,23.382925984344183,23.739011764526367,883550,0.0,0.0
2022-05-26 00:00:00-04:00,23.857706706306725,24.56987635179085,23.857706706306725,24.095096588134766,662800,0.0,0.0
2022-05-27 00:00:00-04:00,24.292921073310172,25.04465665870896,24.17422707312501,25.00509262084961,679400,0.0,0.0
2022-05-31 00:00:00-04:00,24.72813747167789,24.8468333616491,23.739011972810776,23.81814193725586,2368150,0.0,0.0
2022-06-01 00:00:00-04:00,23.818140975222704,24.05553085896959,23.105971323982043,23.462055206298828,856550,0.0,0.0
2022-06-02 00:00:00-04:00,23.145536981078962,23.224666947865614,22.43336727999909,22.63119125366211,2273325,0.0,0.0
2022-06-03 00:00:00-04:00,22.275106638511343,22.769669386862265,21.998150820256246,22.354236602783203,1295050,0.0,0.0
2022-06-06 00:00:00-04:00,22.829015524643822,22.829015524643822,21.89923706467366,22.037715911865234,1275775,0.0,0.0
2022-06-07 00:00:00-04:00,21.76076051870022,22.275106220109752,21.329500995224425,22.19597625732422,1299725,0.0,0.0
2022-06-08 00:00:00-04:00,21.95858593364123,22.41358273898601,21.206850358778162,21.325544357299805,3232100,0.0,0.0
2022-06-09 00:00:00-04:00,21.32554882258056,21.83989462149029,20.77163897808181,20.81120491027832,3599650,0.0,0.0
2022-06-10 00:00:00-04:00,20.57380777352472,21.800324942148865,20.257287944179264,21.64206314086914,4592850,0.0,0.0
2022-06-13 00:00:00-04:00,21.009019632913322,21.523365204664984,19.465984804264995,19.624244689941406,3710200,0.0,0.0
2022-06-14 00:00:00-04:00,19.861640611833533,19.861640611833533,17.744912576562918,18.27903938293457,3321100,0.0,0.0
2022-06-15 00:00:00-04:00,18.635121927767383,19.584681367512697,18.160342207894725,19.18903160095215,3604500,0.0,0.0
2022-06-16 00:00:00-04:00,18.39773464789076,18.47686461229989,17.883388935927833,18.041648864746094,1810275,0.0,0.0
2022-06-17 00:00:00-04:00,18.27904058539139,19.66381604429546,18.1009976760195,18.753820419311523,11911675,0.0,0.0
2022-06-21 00:00:00-04:00,19.545117951236424,20.019897686098776,18.67468655071515,18.714252471923828,2794675,0.0,0.0
2022-06-22 00:00:00-04:00,18.437300530031433,19.268166182695346,18.35817055771141,18.753820419311523,2574250,0.0,0.0
2022-06-23 00:00:00-04:00,18.79338664835612,20.494682023660225,18.674690744680305,20.375988006591797,4034700,0.0,0.0
2022-06-24 00:00:00-04:00,20.49467753350472,21.305761943273897,20.019897796035185,20.138593673706055,5819375,0.0,0.0
2022-06-27 00:00:00-04:00,20.455117464956523,20.573811479035328,20.000118713368206,20.17816162109375,1623500,0.0,0.0
2022-06-28 00:00:00-04:00,20.41554830910182,20.771634068272164,19.426422877279332,19.703378677368164,1731075,0.0,0.0
2022-06-29 00:00:00-04:00,19.545121394489087,19.624251364239758,18.23947595029934,18.516429901123047,2176650,0.0,0.0
2022-06-30 00:00:00-04:00,18.160346115220868,19.545121539430408,18.160346115220868,19.30773162841797,1608275,0.0,0.0
2022-07-01 00:00:00-04:00,19.268166004524456,20.197944585642663,19.268166004524456,20.17816162109375,1281450,0.0,0.0
2022-07-05 00:00:00-04:00,20.05946760701495,20.375987493368207,19.60446885542663,20.17816162109375,1435900,0.0,0.0
2022-07-06 00:00:00-04:00,20.21772637105277,20.69250617289254,20.000117546920787,20.455116271972656,1448075,0.0,0.0
2022-07-07 00:00:00-04:00,20.652943203852516,20.91011610499779,20.059469309863807,20.09903335571289,1230925,0.0,0.0
2022-07-08 00:00:00-04:00,19.98033774506523,20.57381159193051,19.861641843727767,20.217727661132812,810525,0.0,0.0
2022-07-11 00:00:00-04:00,20.01989692145486,20.059462841152346,19.386857299150165,19.822072982788086,525675,0.0,0.0
2022-07-12 00:00:00-04:00,19.663815377785475,20.25729109337331,19.663815377785475,19.980337142944336,563725,0.0,0.0
2022-07-13 00:00:00-04:00,19.584683631456162,20.138595255278716,19.22859974369266,20.019899368286133,636050,0.0,0.0
2022-07-14 00:00:00-04:00,19.584690012119733,20.000122922030528,19.307735996584363,19.54512596130371,873375,0.0,0.0
2022-07-15 00:00:00-04:00,20.178161731817873,20.554030513880388,19.465991983615133,20.217727661132812,1515875,0.0,0.0
2022-07-18 00:00:00-04:00,20.336419770930984,20.73206959398272,19.446207197412782,19.50555419921875,1266300,0.0,0.0
2022-07-19 00:00:00-04:00,19.703377971055495,20.257287664769954,19.703377971055495,20.138593673706055,968400,0.0,0.0
2022-07-20 00:00:00-04:00,20.21772775093991,20.57381168331933,19.980337833817845,20.257291793823242,1761475,0.0,0.0
2022-07-21 00:00:00-04:00,20.178160646450674,20.57381048528162,20.099030678684485,20.53424644470215,1109825,0.0,0.0
2022-07-22 00:00:00-04:00,20.534247640436,20.652941655693354,20.138597778565888,20.257291793823242,722800,0.0,0.0
2022-07-25 00:00:00-04:00,20.41554761741624,21.04858915522776,20.375983582519446,20.85076332092285,609025,0.0,0.0
2022-07-26 00:00:00-04:00,20.732070420813997,20.850766315766904,20.49468051751543,20.53424644470215,435025,0.0,0.0
2022-07-27 00:00:00-04:00,20.613377619088485,21.14750446112398,20.51446468193899,21.0090274810791,583400,0.0,0.0
2022-07-28 00:00:00-04:00,21.167286174798523,22.07728174689601,21.009026239356114,21.998151779174805,907900,0.0,0.0
2022-07-29 00:00:00-04:00,22.116842946296803,22.116842946296803,21.483801453240783,21.68162727355957,1309325,0.0,0.0
2022-08-01 00:00:00-04:00,21.365113300174336,21.483807315467846,20.81120349338747,21.0090274810791,920575,0.0,0.0
2022-08-02 00:00:00-04:00,21.04859043634458,21.721194163383764,20.989241550476667,21.325544357299805,560225,0.0,0.0
2022-08-03 00:00:00-04:00,21.44423742114113,21.958583044684506,21.345324510981737,21.68162727355957,1044400,0.0,0.0
2022-08-04 00:00:00-04:00,21.64206292468558,22.156408585537623,21.206849106986446,21.56293296813965,856025,0.0,0.0
2022-08-05 00:00:00-04:00,21.32554522314891,21.32554522314891,20.534245578853042,20.929895401000977,893925,0.0,0.0
2022-08-08 00:00:00-04:00,20.96945944681354,21.879454899485232,20.96945944681354,21.64206314086914,1471225,0.0,0.0
2022-08-09 00:00:00-04:00,21.958589770477683,21.958589770477683,21.009028183351674,21.28598403930664,1001975,0.0,0.0
2022-08-10 00:00:00-04:00,21.800330311364846,21.87946028819018,21.22663562112186,21.483808517456055,729700,0.0,0.0
2022-08-11 00:00:00-04:00,21.80032759927727,22.23554147436973,21.44424180455869,21.919021606445312,961950,0.0,0.0
2022-08-12 00:00:00-04:00,22.156411250612383,22.730103976228524,21.99815131848429,22.552061080932617,945725,0.0,0.0
2022-08-15 00:00:00-04:00,22.433367996015953,22.947713739849434,22.275108057391385,22.90814781188965,708725,0.0,0.0
2022-08-16 00:00:00-04:00,22.82901835527119,23.18510416847708,22.552062513154688,23.105974197387695,713725,0.0,0.0
2022-08-17 00:00:00-04:00,22.74988443018524,22.908144344857966,21.64206314086914,21.64206314086914,1049275,0.0,0.0
2022-08-18 00:00:00-04:00,21.721193760302448,21.87945556640625,21.46402280607553,21.87945556640625,520275,0.0,0.0
2022-08-19 00:00:00-04:00,21.642063888970426,21.760759772381434,21.088154168468876,21.206850051879883,797175,0.0,0.0
2022-08-22 00:00:00-04:00,20.969463638389026,21.048593611542643,20.079249082151645,20.336421966552734,944700,0.0,0.0
2022-08-23 00:00:00-04:00,21.266200537250473,21.928914768991877,20.32653045654297,20.32653045654297,3010200,0.0,0.25
2022-08-24 00:00:00-04:00,20.01000993709034,20.216736820115525,19.114852498802865,19.3275146484375,3807400,0.0,0.0
2022-08-25 00:00:00-04:00,19.574793201338338,19.851747114820128,19.198924480745852,19.703378677368164,2190700,0.0,0.0
2022-08-26 00:00:00-04:00,19.58468334380819,19.762726228378515,19.08023101966839,19.198925018310547,2609300,0.0,0.0
2022-08-29 00:00:00-04:00,18.8131685527578,19.080232906016338,18.437299784481205,18.457082748413086,1770300,0.0,0.0
2022-08-30 00:00:00-04:00,18.49664533503868,18.763707753447722,17.932842284469295,17.942733764648438,1746600,0.0,0.0
2022-08-31 00:00:00-04:00,18.051539160762278,18.199907598460833,17.46301020702829,17.60643196105957,3243700,0.0,0.0
2022-09-01 00:00:00-04:00,17.51741048344502,17.735019285768136,17.121760688230765,17.586650848388672,2653800,0.0,0.0
2022-09-02 00:00:00-04:00,18.279041888119906,18.555997754282025,17.680621311887958,17.744915008544922,1543900,0.0,0.0
2022-09-06 00:00:00-04:00,17.824042239090165,18.427407520550528,17.373990205077842,17.42839241027832,2039200,0.0,0.0
2022-09-07 00:00:00-04:00,17.359151687428223,18.071323251454594,17.220674721804055,18.021865844726562,2379700,0.0,0.0
2022-09-08 00:00:00-04:00,17.73502330277155,18.115836906484688,17.507524854820566,17.655893325805664,1178900,0.0,0.0
2022-09-09 00:00:00-04:00,17.90316858599463,18.47686119346022,17.76468975894651,18.209796905517578,1611800,0.0,0.0
2022-09-12 00:00:00-04:00,18.39773298525481,18.92196824461153,18.35322226638424,18.842838287353516,1515200,0.0,0.0
2022-09-13 00:00:00-04:00,18.130669180215914,18.22958210121261,17.43828061984608,17.6262149810791,1555900,0.0,0.0
2022-09-14 00:00:00-04:00,17.61632786070859,17.89328373072999,17.291895512535888,17.843828201293945,2014100,0.0,0.0
2022-09-15 00:00:00-04:00,17.70534857251839,17.962521465221805,16.78546142578125,16.78546142578125,1753000,0.0,0.0
2022-09-16 00:00:00-04:00,16.607420645891175,16.67665913985425,16.01394487582449,16.112857818603516,4549800,0.0,0.0
2022-09-19 00:00:00-04:00,15.944704438454313,16.38486499923453,15.796335042369657,16.09307289123535,2022300,0.0,0.0
2022-09-20 00:00:00-04:00,15.835900262938923,15.919975029016806,15.005034651004802,15.0841646194458,3155600,0.0,0.0
2022-09-21 00:00:00-04:00,15.232531796433515,15.390792663341017,14.609383583068848,14.609383583068848,1662300,0.0,0.0
2022-09-22 00:00:00-04:00,15.242422364161886,15.34133528213929,14.550034768230548,14.639056205749512,2753400,0.0,0.0
2022-09-23 00:00:00-04:00,14.25329770177266,14.648948451035874,13.600475050287429,13.857647895812988,2712200,0.0,0.0
2022-09-26 00:00:00-04:00,13.580693361029653,13.729062759646377,12.6509157582401,12.8883056640625,2472800,0.0,0.0
2022-09-27 00:00:00-04:00,13.076241395243539,13.150425630549048,12.71026501687313,13.036676406860352,3533500,0.0,0.0
2022-09-28 00:00:00-04:00,13.09602171189454,13.610367437180987,13.046565247031827,13.481781005859375,2304000,0.0,0.0
2022-09-29 00:00:00-04:00,13.125433983701916,13.160078642730404,12.308806506615564,12.383045196533203,2321700,0.01,0.0
2022-09-30 00:00:00-04:00,12.452334514590179,12.650304669035938,12.293958391033572,12.383045196533203,1706600,0.0,0.0
2022-10-03 00:00:00-04:00,12.45233508946449,13.115535845472216,12.115785339371472,12.877971649169922,2136900,0.0,0.0
2022-10-04 00:00:00-04:00,13.11553261496804,13.630255857503718,13.09672538326016,13.610458374023438,1988900,0.0,0.0
2022-10-05 00:00:00-04:00,13.214520776321411,13.29370883802253,12.58596471057214,13.006651878356934,1559700,0.0,0.0
2022-10-06 00:00:00-04:00,13.056144324398542,13.145231134010952,12.600812476154374,12.877971649169922,1715400,0.0,0.0
2022-10-07 00:00:00-04:00,12.610711608568971,12.813631150490501,12.462234217308028,12.551321029663086,1660700,0.0,0.0
2022-10-10 00:00:00-04:00,12.689900128857571,12.793835061642675,12.39294533574874,12.442437171936035,1385500,0.0,0.0
2022-10-11 00:00:00-04:00,12.293957997882972,12.521623432216002,12.0712409912562,12.373146057128906,1675400,0.0,0.0
2022-10-12 00:00:00-04:00,12.383045921261418,12.412741210167184,11.675301751699868,11.848526000976562,2020100,0.0,0.0
2022-10-13 00:00:00-04:00,11.40309234497563,11.937612239646601,11.106136638159274,11.858423233032227,2438300,0.0,0.0
2022-10-14 00:00:00-04:00,12.115784767648218,12.284059634754124,11.38824409680527,11.42288875579834,1658000,0.0,0.0
2022-10-17 00:00:00-04:00,11.80893111289147,12.422639055161293,11.759438338967293,12.402841567993164,1915100,0.0,0.0
2022-10-18 00:00:00-04:00,12.858174328465628,13.234318116180077,12.798783750613786,13.194724082946777,2173700,0.0,0.0
2022-10-19 00:00:00-04:00,12.927464987091088,13.23926789026994,12.71464669800249,12.868073463439941,1633200,0.0,0.0
2022-10-20 00:00:00-04:00,13.02644828352311,13.273911209711606,12.68989855286737,12.739391326904297,1401200,0.0,0.0
2022-10-21 00:00:00-04:00,12.838379264650067,12.957161378050518,12.551322254599894,12.630510330200195,1613500,0.0,0.0
2022-10-24 00:00:00-04:00,12.660204497023006,12.689899786734044,12.105887073104974,12.313755989074707,1308300,0.0,0.0
2022-10-25 00:00:00-04:00,12.491927895131846,13.08583927154541,12.472131352715985,13.08583927154541,1357500,0.0,0.0
2022-10-26 00:00:00-04:00,13.056143821689975,13.37784638712502,12.907666440717005,13.105636596679688,1140700,0.0,0.0
2022-10-27 00:00:00-04:00,13.31350606378678,13.442186906645224,13.041297205737594,13.095738410949707,1086200,0.0,0.0
2022-10-28 00:00:00-04:00,13.115534800229394,13.313504948037405,12.858173136080916,13.283809661865234,1630200,0.0,0.0
2022-10-31 00:00:00-04:00,13.095735742837544,13.135330711646525,12.571114678066747,12.670100212097168,3869900,0.0,0.0
2022-11-01 00:00:00-04:00,13.056143901802834,13.551069766744499,12.957159295212204,13.491679191589355,2184000,0.0,0.0
2022-11-02 00:00:00-04:00,13.402592343641546,13.496628522010187,12.778985642453373,12.81857967376709,1477800,0.0,0.0
2022-11-03 00:00:00-04:00,12.541419876302019,13.066040961187122,12.284058233152328,12.89776611328125,1986500,0.0,0.0
2022-11-04 00:00:00-04:00,13.392695222031913,13.392695222031913,11.957410233062598,12.303858757019043,1456200,0.0,0.0
2022-11-07 00:00:00-05:00,12.3731461497306,12.46223295304804,11.873270932001946,12.135581970214844,1696600,0.0,0.0
2022-11-08 00:00:00-05:00,12.076192241348021,12.259315246835666,11.789135245932242,12.036598205566406,1259200,0.0,0.0
2022-11-09 00:00:00-05:00,11.848524876036652,11.99700225046474,11.640655985439654,11.868321418762207,1276400,0.0,0.0
2022-11-10 00:00:00-05:00,12.759188952223528,14.04104699927452,12.689898690223368,13.96680736541748,2639700,0.0,0.0
2022-11-11 00:00:00-05:00,14.164779764031492,14.491430784602787,13.986606136812151,14.432039260864258,1727900,0.0,0.0
2022-11-14 00:00:00-05:00,14.154879173934917,14.29345780459691,13.551069046635249,14.144980430603027,2025900,0.0,0.0
2022-11-15 00:00:00-05:00,14.511226021485989,15.169477375590356,14.432037959638558,15.09523868560791,3544600,0.0,0.0
2022-11-16 00:00:00-05:00,14.887370504755363,14.95665982621222,14.66960285218155,14.897269248962402,2083800,0.0,0.0
2022-11-17 00:00:00-05:00,14.610213389329504,14.669603971109355,14.189526168404408,14.540923118591309,1271000,0.0,0.0
2022-11-18 00:00:00-05:00,15.035847606544715,15.134833158744264,14.512216697478353,14.81808090209961,1235300,0.0,0.0
2022-11-21 00:00:00-05:00,14.699299417110335,14.758689995702799,14.313256880274412,14.352850914001465,1358900,0.0,0.0
2022-11-22 00:00:00-05:00,14.303356853026344,14.402342400464423,14.125184189232398,14.392443656921387,1218500,0.0,0.0
2022-11-23 00:00:00-05:00,14.303358520404842,14.7091976130176,14.224170450821683,14.699299812316895,779500,0.0,0.0
2022-11-25 00:00:00-05:00,14.610211523436407,15.263513503558203,14.610211523436407,15.214020729064941,613600,0.0,0.0
2022-11-28 00:00:00-05:00,14.946764013764279,15.154632949775444,14.204375091438166,14.22417163848877,1080900,0.0,0.0
2022-11-29 00:00:00-05:00,14.263763526693895,14.441937143275936,13.828229173266468,13.857924461364746,2254900,0.0,0.0
2022-11-30 00:00:00-05:00,13.768838319930572,14.308307623824003,13.610462183740983,14.283561706542969,8647700,0.0,0.0
2022-12-01 00:00:00-05:00,14.323156252732215,14.610213245838974,13.818331592580106,14.055895805358887,2633200,0.0,0.0
2022-12-02 00:00:00-05:00,13.788634166620033,14.303356547928802,13.699547364625253,14.144980430603027,899100,0.0,0.0
2022-12-05 00:00:00-05:00,13.887618169768368,13.981654339378668,13.669851489823365,13.818328857421875,1142500,0.0,0.0
2022-12-06 00:00:00-05:00,13.758939885944775,13.818331410354393,12.828479592833295,12.848276138305664,1753800,0.0,0.0
2022-12-07 00:00:00-05:00,12.818580571461254,12.986855452328003,12.447386147901588,12.600812911987305,1837100,0.0,0.0
2022-12-08 00:00:00-05:00,12.650304619241068,13.014570079585884,12.462233209256935,12.501827239990234,1123600,0.0,0.0
2022-12-09 00:00:00-05:00,12.373145619568037,12.630507275014114,12.066291192844467,12.48202896118164,1389300,0.0,0.0
2022-12-12 00:00:00-05:00,12.482029801758003,12.54142132008981,12.105886036312983,12.383045196533203,1364500,0.0,0.0
2022-12-13 00:00:00-05:00,13.155130388470788,13.293709980354,12.65030574374934,12.986855506896973,1970100,0.0,0.0
2022-12-14 00:00:00-05:00,12.887870561387762,13.466932943426183,12.887870561387762,13.194724082946777,2452900,0.0,0.0
2022-12-15 00:00:00-05:00,12.858172725192103,13.006651039300515,12.58398433883876,12.650303840637207,1090000,0.0,0.0
2022-12-16 00:00:00-05:00,12.392945471597221,12.41274201748989,11.739642465206153,12.036598205566406,3586300,0.0,0.0
2022-12-19 00:00:00-05:00,11.977205862566175,11.977205862566175,11.002201340830696,11.05664348602295,2367000,0.0,0.0
2022-12-20 00:00:00-05:00,10.94775902751066,11.234815951552283,10.858672233153598,11.076438903808594,2239400,0.0,0.0
2022-12-21 00:00:00-05:00,11.125933647155762,11.348650672582167,10.94281159869068,11.125933647155762,1455700,0.0,0.0
2022-12-22 00:00:00-05:00,10.937861666226674,11.066542502770064,10.596362559399832,10.967556953430176,1718000,0.0,0.0
2022-12-23 00:00:00-05:00,10.888368891556729,11.086339046240345,10.804231457816671,10.967556953430176,1390900,0.0,0.0
2022-12-27 00:00:00-05:00,10.908166698697512,10.947760730794576,10.517174805742332,10.591413497924805,1267000,0.0,0.0
2022-12-28 00:00:00-05:00,10.650804488842573,10.789383122298396,10.28455947414396,10.314254760742188,1922900,0.0,0.0
2022-12-29 00:00:00-05:00,10.373704065671866,11.032587793657104,10.339026123920492,11.027633666992188,1761100,0.01,0.0
2022-12-30 00:00:00-05:00,10.85919677026719,11.087080919676183,10.656082308436385,10.839380264282227,1476400,0.0,0.0
2023-01-03 00:00:00-05:00,10.997910382077523,11.255518366750294,10.383611874657209,10.433152198791504,2472400,0.0,0.0
2023-01-04 00:00:00-05:00,10.6015871611061,11.230747010995428,10.502507472439582,11.22579288482666,1987900,0.0,0.0
2023-01-05 00:00:00-05:00,11.096988331175755,11.106896583416885,10.72048325013924,10.730391502380371,1335100,0.0,0.0
2023-01-06 00:00:00-05:00,10.829472134985801,10.859195946806253,10.467828487408042,10.730391502380371,1209100,0.0,0.0
2023-01-09 00:00:00-05:00,10.799746075610866,11.26046935531926,10.720481957048436,10.968182563781738,1642700,0.0,0.0
2023-01-10 00:00:00-05:00,10.86910430480189,11.235701137164197,10.760115418894886,11.22579288482666,1133900,0.0,0.0
2023-01-11 00:00:00-05:00,11.265425559395808,11.731103050548116,11.265425559395808,11.711286544799805,1143000,0.0,0.0
2023-01-12 00:00:00-05:00,11.859908013810031,11.998619780408193,11.633014115699565,11.79055118560791,926500,0.0,0.0
2023-01-13 00:00:00-05:00,11.58248090541433,11.958985971928874,11.58248090541433,11.929262161254883,884900,0.0,0.0
2023-01-17 00:00:00-05:00,11.889631249090893,12.127423647295993,11.770735049988344,11.978803634643555,1097800,0.0,0.0
2023-01-18 00:00:00-05:00,12.038252710719426,12.226505757301327,11.78559884778037,11.810368537902832,936500,0.0,0.0
2023-01-19 00:00:00-05:00,11.641931792096042,11.721195932960619,11.4437714399346,11.513127326965332,883000,0.0,0.0
2023-01-20 00:00:00-05:00,11.602300747612592,11.894587647235236,11.314967975344945,11.830184936523438,1239000,0.0,0.0
2023-01-23 00:00:00-05:00,11.780644730922393,12.077884792260392,11.681564080540987,12.058069229125977,730900,0.0,0.0
2023-01-24 00:00:00-05:00,12.058068495803617,12.811078747178597,11.91935578268621,12.692182540893555,3835900,0.0,0.0
2023-01-25 00:00:00-05:00,12.503929443335876,12.92006663571292,12.380079110959446,12.870526313781738,1993500,0.0,0.0
2023-01-26 00:00:00-05:00,13.118226229816454,13.266847187127508,12.929974151106045,13.256938934326172,1203400,0.0,0.0
2023-01-27 00:00:00-05:00,13.217308092479977,13.539318779130621,13.197491585041496,13.375836372375488,1020600,0.0,0.0
2023-01-30 00:00:00-05:00,13.187583753463114,13.98022512151999,13.157858993483698,13.722617149353027,1596400,0.0,0.0
2023-01-31 00:00:00-05:00,13.752339093053502,14.961118432207837,13.752339093053502,14.663877487182617,3407300,0.0,0.0
2023-02-01 00:00:00-05:00,14.594520903321138,15.22368074052658,14.307188205645863,15.05029010772705,1967200,0.0,0.0
2023-02-02 00:00:00-05:00,15.367347841073647,16.29870277108578,15.12955545486317,15.2583589553833,2788800,0.0,0.0
2023-02-03 00:00:00-05:00,14.802589257809318,15.134508140360778,14.6787389426021,15.089921951293945,1710600,0.0,0.0
2023-02-06 00:00:00-05:00,14.871946680593874,14.916532871470706,14.178385076258541,14.723325729370117,1304000,0.0,0.0
2023-02-07 00:00:00-05:00,14.663878505747983,14.921487405657098,14.336913726979867,14.822406768798828,921200,0.0,0.0
2023-02-08 00:00:00-05:00,14.61433898674194,14.70351137581163,14.208110054227157,14.257650375366211,907600,0.0,0.0
2023-02-09 00:00:00-05:00,14.386453821814348,14.505350017254594,13.873217491525539,14.00994873046875,992200,0.0,0.0
2023-02-10 00:00:00-05:00,13.801877975463867,13.876187967781375,13.5640846771839,13.801877975463867,972500,0.0,0.0
2023-02-13 00:00:00-05:00,13.8316052873447,14.277466299101688,13.732524642552901,14.109029769897461,1173100,0.0,0.0
2023-02-14 00:00:00-05:00,13.920775274563647,14.322050021354618,13.663166398516376,14.118935585021973,937400,0.0,0.0
2023-02-15 00:00:00-05:00,14.762957539072445,14.951210551723891,14.307188330683344,14.941302299499512,1274100,0.0,0.0
2023-02-16 00:00:00-05:00,14.604430260028588,15.070107751792643,14.34682135438013,14.762958526611328,856900,0.0,0.0
2023-02-17 00:00:00-05:00,14.683694314152628,14.723326380584636,14.17838570337027,14.267557144165039,1076000,0.0,0.0
2023-02-21 00:00:00-05:00,14.000043143116912,14.000043143116912,13.306481398565342,13.465009689331055,1500900,0.0,0.0
2023-02-22 00:00:00-05:00,13.405560954323155,13.702801968556466,13.356020627800413,13.573997497558594,1557700,0.0,0.0
2023-02-23 00:00:00-05:00,13.573993889222104,13.692890074328965,13.296569457306099,13.623534202575684,1658700,0.0,0.0
2023-02-24 00:00:00-05:00,13.504638861011685,13.593811241637543,11.849998528007054,12.097699165344238,3746400,0.0,0.0
2023-02-27 00:00:00-05:00,12.18687256507522,12.305768767551195,11.775689510507172,12.25622844696045,1935600,0.0,0.0
2023-02-28 00:00:00-05:00,12.23641249365067,12.375124252977251,12.137331855643405,12.157148361206055,1797200,0.0,0.0
2023-03-01 00:00:00-05:00,12.186872842685958,12.394941437984366,11.94412630565499,12.37512493133545,1903600,0.0,0.0
2023-03-02 00:00:00-05:00,12.07788293021746,12.360262456799184,11.775688788459245,12.305768013000488,1175900,0.0,0.0
2023-03-03 00:00:00-05:00,12.454388472003446,12.454388472003446,12.21164194659139,12.2265043258667,1411600,0.0,0.0
2023-03-06 00:00:00-05:00,12.236412742481914,12.40484926357768,11.87972319432476,12.02834415435791,862600,0.0,0.0
2023-03-07 00:00:00-05:00,12.097699298580324,12.385032003259832,11.830182153756493,11.9887113571167,1999300,0.0,0.0
2023-03-08 00:00:00-05:00,12.02834345810805,12.761537128141704,12.02834345810805,12.751628875732422,3053000,0.0,0.0
2023-03-09 00:00:00-05:00,12.781353214811512,12.791261467629141,11.954033002599484,11.978803634643555,1561600,0.0,0.0
2023-03-10 00:00:00-05:00,11.89953789276863,12.365214373389124,11.319918409959586,11.404136657714844,2053700,0.0,0.0
2023-03-13 00:00:00-04:00,11.225794063542674,11.443770913341448,10.918645768051856,11.186161994934082,1904300,0.0,0.0
2023-03-14 00:00:00-04:00,11.532942855430186,11.790550818916348,11.314966014108345,11.602298736572266,1350400,0.0,0.0
2023-03-15 00:00:00-04:00,11.136620750171183,11.552757908531937,11.03754105931094,11.52303409576416,1713700,0.0,0.0
2023-03-16 00:00:00-04:00,11.295148666036969,11.676607873685542,11.176252473699027,11.671653747558594,1568300,0.0,0.0
2023-03-17 00:00:00-04:00,11.562665738695712,11.582481298182694,10.839379391813576,10.997908592224121,2234000,0.0,0.0
2023-03-20 00:00:00-04:00,11.047450142904005,11.25551875553257,10.720485315188135,10.86910629272461,1618800,0.0,0.0
2023-03-21 00:00:00-04:00,11.116805425758724,11.542849900810246,11.106897172991644,11.394229888916016,1849900,0.0,0.0
2023-03-22 00:00:00-04:00,11.38432307991492,11.38432307991492,10.39352035522461,10.39352035522461,2172400,0.0,0.0
2023-03-23 00:00:00-04:00,10.502508236773094,10.869105095814957,10.036830736951043,10.234991073608398,1937800,0.0,0.0
2023-03-24 00:00:00-04:00,10.026921656610057,10.760115314200824,9.898117212184175,10.730391502380371,1557100,0.0,0.0
2023-03-27 00:00:00-04:00,10.879012918245003,11.374414255758595,10.730392894952152,11.324874877929688,2066600,0.0,0.0
2023-03-28 00:00:00-04:00,11.225792412163736,11.305056537720706,10.507460211287913,10.879011154174805,2647700,0.0,0.0
2023-03-29 00:00:00-04:00,11.156437491924052,11.423953702314263,11.057356854059238,11.394229888916016,1156400,0.0,0.0
2023-03-30 00:00:00-04:00,11.552896869644869,11.850396558736781,11.483480622289417,11.711564064025879,961800,0.01,0.0
2023-03-31 00:00:00-04:00,11.810730160399423,11.984271726920685,11.75123078919099,11.890063285827637,1442100,0.0,0.0
2023-04-03 00:00:00-04:00,11.94956207116411,12.033853624343465,11.48347930971795,11.65206241607666,1433400,0.0,0.0
2023-04-04 00:00:00-04:00,11.701647229010181,11.721480037300518,11.270272536421382,11.314897537231445,2811100,0.0,0.0
2023-04-05 00:00:00-04:00,11.156231292221182,11.45373098249217,10.9380647265924,11.265314102172852,5637700,0.0,0.0
2023-04-06 00:00:00-04:00,11.314895824086356,11.483478924794197,11.245479586992056,11.295063018798828,1635800,0.0,0.0
2023-04-10 00:00:00-04:00,11.086813175504393,11.374395940281191,11.017395993851176,11.364479064941406,1948600,0.0,0.0
2023-04-11 00:00:00-04:00,11.404144287109375,11.533060814276762,11.265310885761764,11.404144287109375,1131100,0.0,0.0
2023-04-12 00:00:00-04:00,11.671897569929898,11.671897569929898,10.987648186455564,11.116564750671387,2083900,0.0,0.0
2023-04-13 00:00:00-04:00,11.156231772999218,11.800813674926758,11.106648331529682,11.800813674926758,1543500,0.0,0.0
2023-04-14 00:00:00-04:00,11.860313444038487,11.89006312925094,11.235564380224348,11.612397193908691,2911600,0.0,0.0
2023-04-17 00:00:00-04:00,11.562814246383473,12.098313331604004,11.562814246383473,12.098313331604004,1444200,0.0,0.0
2023-04-18 00:00:00-04:00,12.108230060712403,12.108230060712403,11.661980986114866,11.820647239685059,1445500,0.0,0.0
2023-04-19 00:00:00-04:00,11.602480854774091,11.919814312743844,11.602480854774091,11.800813674926758,878600,0.0,0.0
2023-04-20 00:00:00-04:00,11.572732310672421,11.751232339294546,11.513231985889854,11.731398582458496,963500,0.0,0.0
2023-04-21 00:00:00-04:00,11.800811958811792,12.04674499832686,11.533062926974056,12.028895378112793,1300900,0.0,0.0
2023-04-24 00:00:00-04:00,11.959478178321195,12.04872721795825,11.746270090116806,11.830561637878418,1439200,0.0,0.0
2023-04-25 00:00:00-04:00,11.751230634442537,11.790897196634287,11.542980946504489,11.612397193908691,1505800,0.0,0.0
2023-04-26 00:00:00-04:00,11.602479746467258,11.979312541623766,11.58264693920923,11.622313499450684,1744100,0.0,0.0
2023-04-27 00:00:00-04:00,11.810728282656092,12.375976947896717,11.75122892090724,12.286727905273438,2045500,0.0,0.0
2023-04-28 00:00:00-04:00,12.227228166297502,12.564394384301707,12.118145367535991,12.326395034790039,1885200,0.0,0.0
2023-05-01 00:00:00-04:00,12.326394844777811,12.336310774893931,11.95452051225129,11.9991455078125,1474800,0.0,0.0
2023-05-02 00:00:00-04:00,11.810730586561316,11.959480911400606,11.423981822575234,11.6024808883667,2026700,0.0,0.0
2023-05-03 00:00:00-04:00,10.412481682097106,11.195896932730635,10.114982016320686,10.67031478881836,2789300,0.0,0.0
2023-05-04 00:00:00-04:00,10.511649313282447,10.82898180868781,10.224066502889979,10.590982437133789,1846800,0.0,0.0
2023-05-05 00:00:00-04:00,10.828982340778103,11.017398282751639,10.65544076917916,10.928149223327637,1386400,0.0,0.0
2023-05-08 00:00:00-04:00,10.967816123093394,11.162181630024145,10.719899854852569,11.136398315429688,1220700,0.0,0.0
2023-05-09 00:00:00-04:00,10.938063620782383,11.007480807120498,10.670314588615044,10.888480186462402,687500,0.0,0.0
2023-05-10 00:00:00-04:00,11.205814178770265,11.205814178770265,10.878564819333047,11.076897621154785,675900,0.0,0.0
2023-05-11 00:00:00-04:00,10.888481719949278,10.997565479961192,10.690148900462361,10.878565788269043,637900,0.0,0.0
2023-05-12 00:00:00-04:00,10.938063628058707,10.938063628058707,10.486856172324883,10.838897705078125,776300,0.0,0.0
2023-05-15 00:00:00-04:00,10.898398032324856,11.057064279688298,10.769481469910701,10.789315223693848,1064600,0.0,0.0
2023-05-16 00:00:00-04:00,10.620732137597916,10.71989901541908,10.382732765697646,10.392648696899414,864200,0.0,0.0
2023-05-17 00:00:00-04:00,10.471982357545675,10.828981401451344,10.29844080100006,10.779397964477539,971600,0.0,0.0
2023-05-18 00:00:00-04:00,10.650481212073434,10.893439008508794,10.57114809265476,10.848814010620117,843300,0.0,0.0
2023-05-19 00:00:00-04:00,11.037230490167655,11.066980172471514,10.838897698599686,10.938063621520996,1624600,0.0,0.0
2023-05-22 00:00:00-04:00,11.047148681080522,11.265314304910097,10.769481794110305,11.195898056030273,1283700,0.0,0.0
2023-05-23 00:00:00-04:00,11.205814727320982,11.860313478234653,11.205814727320982,11.314897537231445,1692300,0.0,0.0
2023-05-24 00:00:00-04:00,11.166147819324568,11.220688749728556,10.888480946052523,11.007481575012207,1697000,0.0,0.0
2023-05-25 00:00:00-04:00,11.12648142030776,11.364480790242848,11.106647666617123,11.285147666931152,1365900,0.0,0.0
2023-05-26 00:00:00-04:00,11.32481220027908,12.321435447325145,11.314895325209903,12.247060775756836,2126500,0.0,0.0
2023-05-30 00:00:00-04:00,12.604060550383652,13.070143304636048,12.108228114799283,12.31647777557373,4085700,0.0,0.0
2023-05-31 00:00:00-04:00,12.197477728239773,12.455310813763813,12.13301898399612,12.356143951416016,4722500,0.0,0.0
2023-06-01 00:00:00-04:00,12.514810178300255,12.688351714597673,12.415644261648367,12.50489330291748,2443400,0.0,0.0
2023-06-02 00:00:00-04:00,12.78256034544042,12.931309695679925,12.688351919235236,12.732976913452148,1558000,0.0,0.0
2023-06-05 00:00:00-04:00,13.52631086665803,14.175851173310843,13.39739430387438,14.022143363952637,4098300,0.0,0.0
2023-06-06 00:00:00-04:00,13.982475473219411,14.041974837634195,13.476726147067035,13.813892364501953,2393100,0.0,0.0
2023-06-07 00:00:00-04:00,14.051892278384992,14.418808192774373,14.041975402008834,14.1510591506958,1619400,0.0,0.0
2023-06-08 00:00:00-04:00,14.200641815203346,14.379141809260778,13.853559649311599,14.329558372497559,1665100,0.0,0.0
2023-06-09 00:00:00-04:00,14.428726782268328,14.458476469203587,14.096518950027193,14.319643020629883,1745600,0.0,0.0
2023-06-12 00:00:00-04:00,14.279975334004892,14.389059087071416,14.002309404402272,14.190726280212402,2003800,0.0,0.0
2023-06-13 00:00:00-04:00,14.19072531913028,14.428724671242335,14.136183446290925,14.289891242980957,1938100,0.0,0.0
2023-06-14 00:00:00-04:00,14.379142050406633,14.526900297234347,13.60564363939477,13.764309883117676,1703400,0.0,0.0
2023-06-15 00:00:00-04:00,13.675060759571362,14.279976088900927,13.516394505696425,14.260143280029297,1123600,0.0,0.0
2023-06-16 00:00:00-04:00,14.418807808695197,14.491199302007137,13.675059123351788,13.744475364685059,2710900,0.0,0.0
2023-06-20 00:00:00-04:00,13.437059019845574,13.840666208642434,13.357725906835254,13.575891494750977,1829800,0.0,0.0
2023-06-21 00:00:00-04:00,13.516391730804523,13.516391730804523,13.025517754007467,13.16930866241455,1282000,0.0,0.0
2023-06-22 00:00:00-04:00,13.149477202551576,13.149477202551576,12.703228173068457,12.980894088745117,1536100,0.0,0.0
2023-06-23 00:00:00-04:00,12.683395817984922,12.792478631873985,12.227229861964002,12.346229553222656,6089100,0.0,0.0
2023-06-26 00:00:00-04:00,12.22722926305558,12.881728005782575,12.22722926305558,12.703228950500488,1749500,0.0,0.0
2023-06-27 00:00:00-04:00,12.842060472425937,13.085018263346994,12.584227367304479,12.951144218444824,1152200,0.0,0.0
2023-06-28 00:00:00-04:00,12.9610606665571,13.744475943621694,12.861894738436186,13.734560012817383,2156400,0.0,0.0
2023-06-29 00:00:00-04:00,13.684942426999124,14.325029022669993,13.684942426999124,14.270447731018066,2248100,0.01,0.0
2023-06-30 00:00:00-04:00,14.409378852470269,14.657474210565896,14.315102351399497,14.597930908203125,2348600,0.0,0.0
2023-07-03 00:00:00-04:00,14.57808513540152,14.826180532811689,14.488771587317283,14.647552490234375,676300,0.0,0.0
2023-07-05 00:00:00-04:00,14.538386642444772,14.786481984100202,14.379605775210676,14.687244415283203,995000,0.0,0.0
2023-07-06 00:00:00-04:00,14.379606966178876,14.528464751346219,13.992578806842928,14.48876953125,1045800,0.0,0.0
2023-07-07 00:00:00-04:00,14.48877096928704,15.362065898079953,14.478846926675832,15.223133087158203,1772200,0.0,0.0
2023-07-10 00:00:00-04:00,15.084199693960898,15.530771211748817,14.975038061828815,15.362066268920898,1359000,0.0,0.0
2023-07-11 00:00:00-04:00,15.580388695228477,15.620083915676613,15.272750973357597,15.610159873962402,956400,0.0,0.0
2023-07-12 00:00:00-04:00,16.06665650918162,16.22543739275751,15.768941879272461,15.768941879272461,918500,0.0,0.0
2023-07-13 00:00:00-04:00,15.798714042291005,15.83344724443534,15.56054270209376,15.679628372192383,758400,0.0,0.0
2023-07-14 00:00:00-04:00,15.689551005937812,15.92772137834197,15.610159619924836,15.808636665344238,1653600,0.0,0.0
2023-07-17 00:00:00-04:00,15.80863997443716,16.49834491777291,15.66970620284345,16.45368766784668,1920100,0.0,0.0
2023-07-18 00:00:00-04:00,16.473533193548544,16.949875856814085,16.448724034740078,16.86056137084961,1627400,0.0,0.0
2023-07-19 00:00:00-04:00,17.12850538942093,17.247590112726645,16.49834289240741,16.810943603515625,5983200,0.0,0.0
2023-07-20 00:00:00-04:00,16.642235472157086,16.69185378186945,16.28497758521306,16.404064178466797,1916800,0.0,0.0
2023-07-21 00:00:00-04:00,16.57276953629626,16.607502732611657,16.076578854285202,16.185739517211914,1000400,0.0,0.0
2023-07-24 00:00:00-04:00,16.255207061767578,16.552922627762165,16.121237233809993,16.255207061767578,603400,0.0,0.0
2023-07-25 00:00:00-04:00,16.10634837799087,16.433834138054408,15.987263679504395,15.987263679504395,786100,0.0,0.0
2023-07-26 00:00:00-04:00,16.02696206436198,16.31475362978432,15.858257120829009,16.046810150146484,1271000,0.0,0.0
2023-07-27 00:00:00-04:00,16.205590170245067,16.215514212598087,14.364722902154364,14.478846549987793,2433000,0.0,0.0
2023-07-28 00:00:00-04:00,14.736864696761215,15.46130269045032,14.67732139420726,15.292597770690918,1951500,0.0,0.0
2023-07-31 00:00:00-04:00,15.292599676603661,15.977343482474492,15.292599676603661,15.897953033447266,1219300,0.0,0.0
2023-08-01 00:00:00-04:00,15.788789749145508,15.907876363761996,15.518861666696075,15.788789749145508,964600,0.0,0.0
2023-08-02 00:00:00-04:00,15.42160859744889,15.818560822110747,15.362065290545232,15.798713684082031,1110200,0.0,0.0
2023-08-03 00:00:00-04:00,15.729246978843763,15.83344658091012,15.35214189946358,15.73917007446289,1752700,0.0,0.0
2023-08-04 00:00:00-04:00,15.639930459768063,16.56284542736158,15.550615985948223,15.927720069885254,2471600,0.0,0.0
2023-08-07 00:00:00-04:00,16.31475563694918,16.61246938907313,15.729250283996592,16.552927017211914,1947300,0.0,0.0
2023-08-08 00:00:00-04:00,16.2849771030807,17.009415003209792,16.076577937078,16.979644775390625,1241300,0.0,0.0
2023-08-09 00:00:00-04:00,16.930026620419895,16.934989587534314,16.59261678369914,16.791093826293945,2219700,0.0,0.0
2023-08-10 00:00:00-04:00,16.989572581291746,17.446067175326235,16.78117147628042,16.810943603515625,2289100,0.0,0.0
2023-08-11 00:00:00-04:00,16.57277177680937,17.173162128934838,16.483457290547356,17.029266357421875,2659000,0.0,0.0
2023-08-14 00:00:00-04:00,17.138429090803825,17.475838954818652,17.088808879732518,17.188047409057617,1279100,0.0,0.0
2023-08-15 00:00:00-04:00,16.939950004987224,17.04911256346334,16.607503148271462,16.850635528564453,937800,0.0,0.0
2023-08-16 00:00:00-04:00,16.791096218813358,16.930029032735483,16.026961956606424,16.056734085083008,1415500,0.0,0.0
2023-08-17 00:00:00-04:00,16.06665529738291,16.215512127905868,15.863216240935515,15.87810230255127,3214000,0.0,0.0
2023-08-18 00:00:00-04:00,15.649856778901992,15.81359968927413,15.173513164650203,15.282674789428711,3274300,0.0,0.0
2023-08-21 00:00:00-04:00,15.312447547912598,15.481152486338232,14.96511362846952,15.312447547912598,1315500,0.0,0.0
2023-08-22 00:00:00-04:00,15.411685289806634,15.714361967043436,15.238018328336194,15.47122859954834,1278000,0.0,0.0
2023-08-23 00:00:00-04:00,15.481153091318959,16.146048828412827,15.302524103320955,15.947571754455566,1151600,0.0,0.0
2023-08-24 00:00:00-04:00,15.94756864950022,16.999492393904163,15.912835452242822,16.146045684814453,2276100,0.0,0.0
2023-08-25 00:00:00-04:00,16.175821867666226,16.37429897601788,15.888032142656112,16.126203536987305,864900,0.0,0.0
2023-08-28 00:00:00-04:00,16.25520335379661,16.681927576076717,16.20558505052462,16.602537155151367,935200,0.0,0.0
2023-08-29 00:00:00-04:00,16.731553152105676,17.26743819245847,16.552924174382227,17.15827751159668,1474600,0.0,0.0
2023-08-30 00:00:00-04:00,17.168197631835938,17.30713231631905,17.02033263521278,17.168197631835938,1021700,0.0,0.0
2023-08-31 00:00:00-04:00,17.28728485107422,17.664388967410076,17.23766653594124,17.28728485107422,1581200,0.0,0.0
2023-09-01 00:00:00-04:00,17.32697873546888,17.515531735810775,17.05903718982417,17.148351669311523,957500,0.0,0.0
2023-09-05 00:00:00-04:00,16.97964793283077,17.193010105023717,16.880409405073063,17.0391902923584,925800,0.0,0.0
2023-09-06 00:00:00-04:00,16.910182909400653,16.999495509562205,16.38421999439185,16.741477966308594,878400,0.0,0.0
2023-09-07 00:00:00-04:00,16.642237596127842,16.93002723625974,16.51322694590317,16.910181045532227,1377800,0.0,0.0
2023-09-08 00:00:00-04:00,16.90025591338077,17.17812149381273,16.830787625455475,17.009416580200195,1004100,0.0,0.0
2023-09-11 00:00:00-04:00,17.197974722030924,17.525460606113676,16.751402201546327,17.2376708984375,2001600,0.0,0.0
2023-09-12 00:00:00-04:00,17.3269809161751,17.75370528458335,17.188048105183608,17.64454460144043,1611600,0.0,0.0
2023-09-13 00:00:00-04:00,17.634617854309287,17.76362660289929,17.083845876893612,17.366674423217773,1641200,0.0,0.0
2023-09-14 00:00:00-04:00,17.614774780882097,18.294555700183484,17.515536234538914,18.12088966369629,1841400,0.0,0.0
2023-09-15 00:00:00-04:00,18.001802757291934,18.185394727736732,17.69416497181631,17.803327560424805,2360800,0.0,0.0
2023-09-18 00:00:00-04:00,17.72393265577072,17.96210396793928,17.465913261050446,17.862865447998047,911600,0.0,0.0
2023-09-19 00:00:00-04:00,17.80332504941625,17.971036254799788,17.5304205092037,17.68423843383789,1465600,0.0,0.0
2023-09-20 00:00:00-04:00,17.54530457926038,17.67431333668843,16.97964744786041,17.25751304626465,2346600,0.0,0.0
2023-09-21 00:00:00-04:00,16.900254306452442,17.009414962892535,16.096424086531865,16.275053024291992,1899600,0.0,0.0
2023-09-22 00:00:00-04:00,16.394143348048402,16.612466603476083,16.20559032715048,16.28498077392578,992000,0.0,0.0
2023-09-25 00:00:00-04:00,16.056732381274156,16.999493635849596,15.97734193991183,16.910181045532227,1322600,0.0,0.0
2023-09-26 00:00:00-04:00,16.701778280779553,16.969721703341662,16.121236091378886,16.185739517211914,1186400,0.0,0.0
2023-09-27 00:00:00-04:00,16.52314887890335,16.8655216514971,16.344519935431336,16.404064178466797,2183900,0.0,0.0
2023-09-28 00:00:00-04:00,17.0693651387284,17.39704920030426,16.617558297859215,17.19845199584961,3492000,0.01,0.0
2023-09-29 00:00:00-04:00,17.228239559661223,17.824029189665424,17.228239559661223,17.45662498474121,1916100,0.0,0.0
2023-10-02 00:00:00-04:00,17.238171638752043,17.28781999128392,16.58776761439026,16.73175048828125,1952500,0.0,0.0
2023-10-03 00:00:00-04:00,16.612593095348526,16.781400158762946,15.857927282004777,16.0267333984375,1370800,0.0,0.0
2023-10-04 00:00:00-04:00,16.076382785977106,16.165751337927155,15.421013720670615,15.808277130126953,2284900,0.0,0.0
2023-10-05 00:00:00-04:00,15.699051349655548,16.05652465427495,15.594787710611289,15.927437782287598,1773300,0.0,0.0
2023-10-06 00:00:00-04:00,15.73876844800633,16.071416580114473,15.48059284546288,15.838066101074219,1045200,0.0,0.0
2023-10-09 00:00:00-04:00,15.569961628920368,16.225329747498005,15.51038227860347,16.096240997314453,1728100,0.0,0.0
2023-10-10 00:00:00-04:00,16.195539308566584,16.831049210617387,16.056522405288252,16.6324520111084,1585400,0.0,0.0
2023-10-11 00:00:00-04:00,16.682102570194253,17.282858325874777,16.622524160047682,17.248104095458984,1974500,0.0,0.0
2023-10-12 00:00:00-04:00,17.198450502711143,17.248100746495915,16.75260210911381,16.850906372070312,1504600,0.0,0.0
2023-10-13 00:00:00-04:00,16.880700376575565,16.930348737744765,16.314700725806908,16.562946319580078,1297400,0.0,0.0
2023-10-16 00:00:00-04:00,16.850909006786157,17.18852314145753,16.68210193945047,16.880699157714844,1458900,0.0,0.0
2023-10-17 00:00:00-04:00,16.582803416665477,17.059434415788463,16.433854572221716,16.8310489654541,1262300,0.0,0.0
2023-10-18 00:00:00-04:00,16.61259518648548,16.672175494458614,16.150858216493667,16.215402603149414,1281200,0.0,0.0
2023-10-19 00:00:00-04:00,16.106170620150234,16.255119465487077,15.530241966247559,15.530241966247559,987300,0.0,0.0
2023-10-20 00:00:00-04:00,15.520312934103568,15.89268033694112,15.391225125861764,15.48059368133545,1262600,0.0,0.0
2023-10-23 00:00:00-04:00,15.281997112450954,15.366400641271136,14.909628770064563,14.984102249145508,2047600,0.0,0.0
2023-10-24 00:00:00-04:00,15.321716441200175,15.669259660979943,15.26213708944788,15.510382652282715,1114600,0.0,0.0
2023-10-25 00:00:00-04:00,15.202557497588996,15.450803041039634,14.998995280736404,15.252205848693848,1783500,0.0,0.0
2023-10-26 00:00:00-04:00,15.252206915807898,15.704013760740002,15.013891404697226,15.609681129455566,1566700,0.0,0.0
2023-10-27 00:00:00-04:00,15.778486805483526,15.813241029439094,15.103258636124202,15.162837982177734,1591100,0.0,0.0
2023-10-30 00:00:00-04:00,15.510382272620665,15.927435830714785,15.510382272620665,15.808277130126953,2633200,0.0,0.0
2023-10-31 00:00:00-04:00,16.04659350802301,16.284909028166314,15.574927492778766,15.73876953125,2067300,0.0,0.0
2023-11-01 00:00:00-04:00,15.947293574350168,16.0912764476545,13.981189276272044,14.497540473937988,4490000,0.0,0.0
2023-11-02 00:00:00-04:00,15.073471932868333,16.2451913744535,14.966229092211758,16.106172561645508,3380800,0.0,0.0
2023-11-03 00:00:00-04:00,16.562944274317474,16.880698292075344,16.056523098279612,16.086313247680664,2871100,0.0,0.0
2023-11-06 00:00:00-05:00,15.897644827027591,15.947293178123614,15.485557262852073,15.877784729003906,2325600,0.0,0.0
2023-11-07 00:00:00-05:00,15.718907764200171,15.961194899891831,15.275045178676336,15.540170669555664,1639400,0.0,0.0
2023-11-08 00:00:00-05:00,15.609681619719662,15.733804404027588,15.346540976073449,15.381295204162598,1302300,0.0,0.0
2023-11-09 00:00:00-05:00,15.659330385927136,15.75862804177984,15.147944191198988,15.202558517456055,1265900,0.0,0.0
2023-11-10 00:00:00-05:00,15.242276672689353,15.550100614764547,15.053609530272796,15.470662117004395,1053200,0.0,0.0
2023-11-13 00:00:00-05:00,15.281997351657058,15.376329984711383,14.994032533583391,15.242278099060059,1677600,0.0,0.0
2023-11-14 00:00:00-05:00,16.16575055715901,16.90055714239853,16.16575055715901,16.741680145263672,1923600,0.0,0.0
2023-11-15 00:00:00-05:00,16.65231153172378,17.168662717350067,16.557977012948612,16.79132843017578,1196200,0.0,0.0
2023-11-16 00:00:00-05:00,16.731750321554713,16.811188821192086,16.07638222605557,16.25511932373047,1004400,0.0,0.0
2023-11-17 00:00:00-05:00,16.304768024536514,16.62748800157084,16.23029360092451,16.58280372619629,1038900,0.0,0.0
2023-11-20 00:00:00-05:00,16.52322360847863,16.68210061287067,16.384206703126416,16.433855056762695,1037800,0.0,0.0
2023-11-21 00:00:00-05:00,16.274979631941054,16.274979631941054,15.917507284346078,16.106172561645508,1119800,0.0,0.0
2023-11-22 00:00:00-05:00,16.39413648335628,16.672172183456983,16.260083657984328,16.344486236572266,746600,0.0,0.0
2023-11-24 00:00:00-05:00,16.245189207650633,16.43882043134687,16.165750708340298,16.304767608642578,337600,0.0,0.0
2023-11-27 00:00:00-05:00,16.265047044873356,16.73671395249097,16.05652169912674,16.6026611328125,1009400,0.0,0.0
2023-11-28 00:00:00-05:00,16.533153602493037,16.67217240134182,16.344486450174653,16.483505249023438,1320300,0.0,0.0
2023-11-29 00:00:00-05:00,16.75160871955402,17.42782928154342,16.75160871955402,17.35732650756836,1952800,0.0,0.0
2023-11-30 00:00:00-05:00,17.387121554206782,17.53110445264182,17.05943744733327,17.13887596130371,1775500,0.0,0.0
2023-12-01 00:00:00-05:00,17.128945561917863,17.58571653446651,16.98992863878802,17.387121200561523,2053500,0.0,0.0
2023-12-04 00:00:00-05:00,17.188522544254695,17.545996767125008,16.692031409807427,16.751611709594727,1215800,0.0,0.0
2023-12-05 00:00:00-05:00,16.602663049481045,16.74168185665744,16.27497897264798,16.314699172973633,1534000,0.0,0.0
2023-12-06 00:00:00-05:00,16.850909294438154,17.17859338439367,16.23526131644342,16.39413833618164,1197600,0.0,0.0
2023-12-07 00:00:00-05:00,16.413996851686157,16.647346386532618,16.32462829997022,16.433855056762695,912400,0.0,0.0
2023-12-08 00:00:00-05:00,16.37427672228902,16.523223677785914,16.006874358327575,16.384206771850586,894400,0.0,0.0
2023-12-11 00:00:00-05:00,16.344487236901664,16.761539865595903,16.344487236901664,16.751611709594727,1437800,0.0,0.0
2023-12-12 00:00:00-05:00,16.731749136300074,17.029643015347016,16.473573557276612,16.910486221313477,1616900,0.0,0.0
2023-12-13 00:00:00-05:00,16.880699795967512,17.456629477953747,16.418962855913673,17.248104095458984,2158200,0.0,0.0
2023-12-14 00:00:00-05:00,17.833959637360568,18.285768362505205,17.17362745054007,17.496347427368164,4018500,0.0,0.0
2023-12-15 00:00:00-05:00,17.49634500183477,17.615501790263096,16.63244976289586,16.930343627929688,4772400,0.0,0.0
2023-12-18 00:00:00-05:00,16.88069803243681,17.109083492442114,16.523223820975772,16.572874069213867,2080700,0.0,0.0
2023-12-19 00:00:00-05:00,16.850907132234887,17.226254658742306,16.67217192843618,17.168663024902344,3025200,0.0,0.0
2023-12-20 00:00:00-05:00,16.960136064523944,17.555925769087644,16.622521961736624,16.6324520111084,1899100,0.0,0.0
2023-12-21 00:00:00-05:00,16.960137005341995,16.960137005341995,16.54308437840886,16.801259994506836,1935700,0.0,0.0
2023-12-22 00:00:00-05:00,16.90055886477559,17.377189904754793,16.850908614383968,16.890628814697266,1457900,0.0,0.0
2023-12-26 00:00:00-05:00,17.029643555439414,17.223274772357218,16.860836513568966,17.089221954345703,1235600,0.0,0.0
2023-12-27 00:00:00-05:00,17.02964643923139,17.30768217114843,17.019716388738264,17.208383560180664,1132300,0.0,0.0
2023-12-28 00:00:00-05:00,17.138832981692662,17.764772135025144,17.138832981692662,17.72503089904785,1448900,0.01,0.0
2023-12-29 00:00:00-05:00,17.566062887729434,17.70516006195789,17.372319853609262,17.426965713500977,1172000,0.0,0.0
2024-01-02 00:00:00-05:00,17.168643632013712,17.908841586846282,17.03948032636775,17.734970092773438,2436700,0.0,0.0
2024-01-03 00:00:00-05:00,17.695225166600373,17.74987102923379,17.218318920983734,17.68528938293457,1383300,0.0,0.0
2024-01-04 00:00:00-05:00,17.60580230774764,17.625673872030735,17.069283337500885,17.37728500366211,1535300,0.0,0.0
2024-01-05 00:00:00-05:00,17.228253002415507,17.67535374791601,16.93018710211969,16.9798641204834,1337100,0.0,0.0
2024-01-08 00:00:00-05:00,16.890442550773827,17.83432098075148,16.791086627346186,17.7647705078125,2653300,0.0,0.0
2024-01-09 00:00:00-05:00,17.45677199459693,18.01316261291504,17.287867462868242,18.01316261291504,4460700,0.0,0.0
2024-01-10 00:00:00-05:00,17.943611842161644,18.14133069093203,17.466705655838314,17.973419189453125,2572800,0.0,0.0
2024-01-11 00:00:00-05:00,17.86412736475056,18.013160310151598,17.466705545328885,17.695222854614258,1616900,0.0,0.0
2024-01-12 00:00:00-05:00,18.06283991177538,18.192001297373587,17.715095095855432,18.05290412902832,2396500,0.0,0.0
2024-01-16 00:00:00-05:00,17.784642071509353,18.003225482061485,17.64753093508034,17.7647705078125,1089100,0.0,0.0
2024-01-17 00:00:00-05:00,17.417027678911907,17.65548075893272,17.26799284572435,17.57599639892578,1742300,0.0,0.0
2024-01-18 00:00:00-05:00,17.74490493617414,17.91380947648138,17.421998584244786,17.80451774597168,1291800,0.0,0.0
2024-01-19 00:00:00-05:00,17.9336747956111,18.201935217154936,17.81444920496268,18.191999435424805,1881500,0.0,0.0
2024-01-22 00:00:00-05:00,18.410585803096996,19.354462478520098,18.231745493317046,19.334590911865234,2553900,0.0,0.0
2024-01-23 00:00:00-05:00,19.61278636964051,20.03007977729485,19.354461698706217,19.821434020996094,3600600,0.0,0.0
2024-01-24 00:00:00-05:00,20.049950828447145,20.05988661111919,19.394204332546376,19.553173065185547,1801200,0.0,0.0
2024-01-25 00:00:00-05:00,19.871110916137695,20.089692453994758,19.702206397548252,19.871110916137695,2512300,0.0,0.0
2024-01-26 00:00:00-05:00,19.960532003626085,20.437438233181286,19.930724653632545,20.26853370666504,1611100,0.0,0.0
2024-01-29 00:00:00-05:00,20.198982762577085,20.258595560554564,19.831366402426504,20.13936996459961,1029600,0.0,0.0
2024-01-30 00:00:00-05:00,19.980402676279798,20.129435629465316,19.861175176697298,20.010208129882812,1341400,0.0,0.0
2024-01-31 00:00:00-05:00,19.9605323310243,20.179113882724778,19.324657347854235,19.513431549072266,1786400,0.0,0.0
2024-02-01 00:00:00-05:00,19.6525303801898,19.826401851547452,19.04646085993128,19.6127872467041,1446900,0.0,0.0
2024-02-02 00:00:00-05:00,19.245171472733293,19.970466555679245,19.066331173912257,19.83136749267578,1478700,0.0,0.0
2024-02-05 00:00:00-05:00,19.433946403254534,19.44885102543144,19.11600892431442,19.205429077148438,926600,0.0,0.0
2024-02-06 00:00:00-05:00,19.195493014841723,19.364397534953966,18.976911475013985,19.165687561035156,1355000,0.0,0.0
2024-02-07 00:00:00-05:00,19.294849189024333,19.294849189024333,18.812974132559145,19.06633186340332,1059600,0.0,0.0
2024-02-08 00:00:00-05:00,19.106071465561442,19.97046556879493,18.996781651171325,19.761817932128906,1520700,0.0,0.0
2024-02-09 00:00:00-05:00,20.020140796938627,20.17414256512782,19.821430855303063,20.04001235961914,1240500,0.0,0.0
2024-02-12 00:00:00-05:00,20.16917852207326,20.854732437086565,20.089694147510627,20.576536178588867,2634000,0.0,0.0
2024-02-13 00:00:00-05:00,19.652529744507763,19.8909828525382,18.748394332579377,18.92723274230957,4105900,0.0,0.0
2024-02-14 00:00:00-05:00,19.42401127851889,19.74691760748161,19.185558161231604,19.5631103515625,2086200,0.0,0.0
2024-02-15 00:00:00-05:00,19.841304141988804,20.656021304985877,19.831368358836258,20.417566299438477,2074600,0.0,0.0
2024-02-16 00:00:00-05:00,19.95059614599809,20.3678895690691,19.811498969993387,19.990339279174805,2649400,0.0,0.0
2024-02-20 00:00:00-05:00,19.84130168618261,20.247666260057787,18.082709977097995,18.370840072631836,5387900,0.0,0.0
2024-02-21 00:00:00-05:00,18.033032330294315,18.579489003974,17.864127815892488,18.152259826660156,3394300,0.0,0.0
2024-02-22 00:00:00-05:00,18.40064862848933,19.11600791846363,18.192000984503018,18.668909072875977,3792400,0.0,0.0
2024-02-23 00:00:00-05:00,18.83781258991605,19.155751962346812,18.7831686257261,18.92723274230957,1757900,0.0,0.0
2024-02-26 00:00:00-05:00,18.877554235804094,18.957038598889422,17.923741878780156,17.93367576599121,3026000,0.0,0.0
2024-02-27 00:00:00-05:00,18.201936449325466,18.41058408966939,17.834321975708008,17.834321975708008,1971200,0.0,0.0
2024-02-28 00:00:00-05:00,17.675353981211046,18.038001526211655,17.43689898375892,18.00322723388672,1918600,0.0,0.0
2024-02-29 00:00:00-05:00,18.360907260354097,18.61923194695701,18.142325707870217,18.251617431640625,1616100,0.0,0.0
2024-03-01 00:00:00-05:00,18.29135708689178,18.7334889928696,18.15225991963317,18.43045425415039,2350100,0.0,0.0
2024-03-04 00:00:00-05:00,18.43045473968871,18.619230825267703,18.047937519650365,18.23174476623535,1213800,0.0,0.0
2024-03-05 00:00:00-05:00,18.072777232560234,18.420522078074125,17.888968078682193,18.20193862915039,1642800,0.0,0.0
2024-03-06 00:00:00-05:00,18.480132184686237,18.55464770815899,17.96348288369248,18.033031463623047,1950600,0.0,0.0
2024-03-07 00:00:00-05:00,18.211876282549174,18.29136066439381,17.834325942551427,17.92374610900879,1628400,0.0,0.0
2024-03-08 00:00:00-05:00,18.092645976965635,18.86861301173093,17.98335615316469,18.271486282348633,1726500,0.0,0.0
2024-03-11 00:00:00-04:00,18.221807304339574,18.519873184584117,18.08271014623301,18.132387161254883,1118200,0.0,0.0
2024-03-12 00:00:00-04:00,18.211873200372967,18.513914937299358,18.082711812381124,18.23174476623535,1917700,0.0,0.0
2024-03-13 00:00:00-04:00,18.20193528857659,18.500003056480402,18.191999506807466,18.331098556518555,1418300,0.0,0.0
2024-03-14 00:00:00-04:00,18.350968803599397,18.599357670489216,18.231743208724016,18.41058349609375,2137300,0.0,0.0
2024-03-15 00:00:00-04:00,18.32116346009702,18.649036690516485,18.24167909802735,18.360904693603516,4362400,0.0,0.0
2024-03-18 00:00:00-04:00,18.38077574766211,18.624197665712817,18.092643758747254,18.42051887512207,1819500,0.0,0.0
2024-03-19 00:00:00-04:00,18.321162951528787,18.50993712179374,18.201935464205526,18.42051887512207,1572600,0.0,0.0
2024-03-20 00:00:00-04:00,18.221808521264215,18.500004751113046,17.933676508736127,18.102581024169922,6810300,0.0,0.0
2024-03-21 00:00:00-04:00,18.579493462315632,19.26504557199005,18.321168737415928,19.255109786987305,4502600,0.0,0.0
2024-03-22 00:00:00-04:00,19.125943880556992,19.284912613154482,18.31122865223066,18.43045425415039,1681500,0.0,0.0
2024-03-25 00:00:00-04:00,18.539747770744206,18.688780735160055,18.380779022693037,18.480134963989258,1037200,0.0,0.0
2024-03-26 00:00:00-04:00,18.658976435984055,18.90736535709379,18.500007678078386,18.778202056884766,1365800,0.0,0.0
2024-03-27 00:00:00-04:00,18.967076365758114,19.205655716112666,18.748379101948142,19.146011352539062,2217000,0.01,0.0
2024-03-28 00:00:00-04:00,19.185773687460003,19.3597391011598,18.981987039913484,19.15595245361328,1516600,0.0,0.0
2024-04-01 00:00:00-04:00,19.146010018845928,19.374648310001458,18.7583188385335,19.245418548583984,1751700,0.0,0.0
2024-04-02 00:00:00-04:00,18.9273139594114,19.006840408986232,18.47003545231102,18.78814125061035,2014200,0.0,0.0
2024-04-03 00:00:00-04:00,18.56944245557152,18.688731172057608,18.151928155750273,18.519737243652344,1627600,0.0,0.0
2024-04-04 00:00:00-04:00,18.808023891880712,18.942225135008627,18.20163351094572,18.21157455444336,1482700,0.0,0.0
2024-04-05 00:00:00-04:00,18.09228261319104,18.44020959355023,17.93322973758117,18.31097984313965,1042000,0.0,0.0
2024-04-08 00:00:00-04:00,18.46009382315353,18.529679227315242,18.14198803495139,18.350744247436523,761100,0.0,0.0
2024-04-09 00:00:00-04:00,18.410389392956436,18.887548046443786,18.36068418151404,18.817962646484375,930100,0.0,0.0
2024-04-10 00:00:00-04:00,18.102222158306887,18.28115712133132,17.843762651782576,18.052518844604492,1615400,0.0,0.0
2024-04-11 00:00:00-04:00,18.191690486845502,18.539619387141883,18.122105085998218,18.529678344726562,1826100,0.0,0.0
2024-04-12 00:00:00-04:00,18.3209233044997,18.47500473156249,18.052520830437945,18.400449752807617,1919600,0.0,0.0
2024-04-15 00:00:00-04:00,18.589325817207722,18.70861454188755,17.89346797102173,18.072402954101562,1845600,0.0,0.0
2024-04-16 00:00:00-04:00,18.022696909825182,18.033633383937563,17.495834923945143,17.595243453979492,1458900,0.0,0.0
2024-04-17 00:00:00-04:00,17.873584066545504,17.893466150656163,17.326840025921637,17.42624855041504,1094000,0.0,0.0
2024-04-18 00:00:00-04:00,17.48589344055378,17.72447276898614,17.18766975402832,17.18766975402832,2234100,0.0,0.0
2024-04-19 00:00:00-04:00,17.17773066418512,17.475954384608333,17.018677760484714,17.19761085510254,1237900,0.0,0.0
2024-04-22 00:00:00-04:00,16.84968292446886,17.306959524470976,16.68068898619415,17.038557052612305,1424100,0.0,0.0
2024-04-23 00:00:00-04:00,17.098203057747526,17.615124011837718,16.968971397179946,17.326841354370117,1464300,0.0,0.0
2024-04-24 00:00:00-04:00,17.257254393704322,17.386484146552345,16.9789109081072,17.05843734741211,1522200,0.0,0.0
2024-04-25 00:00:00-04:00,16.79003615978453,17.008735306278645,16.561397866686153,16.94908905029297,11499800,0.0,0.0
2024-04-26 00:00:00-04:00,17.068380050364865,17.2572560731172,16.670747815144203,16.680688858032227,1801000,0.0,0.0
2024-04-29 00:00:00-04:00,16.80991830300946,17.21749157334859,16.80991830300946,16.959030151367188,2238100,0.0,0.0
2024-04-30 00:00:00-04:00,16.849682768379594,16.849682768379594,16.3029367867627,16.342700958251953,2608000,0.0,0.0
2024-05-01 00:00:00-04:00,15.11003821623171,15.408262848058184,13.708383489480244,14.0264892578125,11529900,0.0,0.0
2024-05-02 00:00:00-04:00,14.2153658243389,14.558324211744143,13.782939949086199,14.45394515991211,3592100,0.0,0.0
2024-05-03 00:00:00-04:00,14.891339594265512,14.970866982070255,14.404239913637374,14.612997055053711,2878600,0.0,0.0
2024-05-06 00:00:00-04:00,14.662703127807639,14.772051758995383,14.275010975001903,14.76211166381836,2073300,0.0,0.0
2024-05-07 00:00:00-04:00,14.772051474153876,15.05039499040472,14.563294310980764,14.712407112121582,3456000,0.0,0.0
2024-05-08 00:00:00-04:00,14.603058315901754,14.757141646789778,14.4638874983643,14.682585716247559,2643900,0.0,0.0
2024-05-09 00:00:00-04:00,14.772051926726776,15.0404544081853,14.70246651954719,14.7919340133667,1914600,0.0,0.0
2024-05-10 00:00:00-04:00,14.77205136941913,15.000690617001966,14.608027952948195,14.861518859863281,2180900,0.0,0.0
2024-05-13 00:00:00-04:00,15.129920551292914,15.139860645695409,14.493708056063847,14.56329345703125,1883200,0.0,0.0
2024-05-14 00:00:00-04:00,14.861517847714643,15.030511774148646,13.956903857997311,14.0264892578125,4806700,0.0,0.0
2024-05-15 00:00:00-04:00,14.324713913308646,14.473826703483256,14.06625250209663,14.195483207702637,2755600,0.0,0.0
2024-05-16 00:00:00-04:00,14.235245852206576,14.42412185583794,14.056311838486785,14.096075057983398,2372500,0.0,0.0
2024-05-17 00:00:00-04:00,14.165661435436112,14.165661435436112,13.658679640745936,13.76802921295166,3187400,0.0,0.0
2024-05-20 00:00:00-04:00,13.768029235336128,13.817732552204994,13.360455021589418,13.439982414245605,2044400,0.0,0.0
2024-05-21 00:00:00-04:00,13.360456069199639,13.430042424726407,13.052291309117077,13.12187671661377,2875600,0.0,0.0
2024-05-22 00:00:00-04:00,13.111935109243305,13.305781654407399,12.9976159595504,13.022468566894531,1341800,0.0,0.0
2024-05-23 00:00:00-04:00,13.191461711436398,13.310751375424559,12.873354992771324,13.052289962768555,2177500,0.0,0.0
2024-05-24 00:00:00-04:00,13.10199517369088,13.241165984390571,12.84353374234853,12.883296966552734,1649000,0.0,0.0
2024-05-28 00:00:00-04:00,13.012527079970587,13.489685748336901,12.952881772409796,13.111934661865234,1495400,0.0,0.0
2024-05-29 00:00:00-04:00,12.823650330135802,13.340573139365437,12.754064931981793,13.310750961303711,1760400,0.0,0.0
2024-05-30 00:00:00-04:00,13.390278219052632,13.708383999213346,13.350514996532542,13.618916511535645,3279200,0.0,0.0
2024-05-31 00:00:00-04:00,13.648737389880857,13.817731306483555,13.420099119200687,13.559270858764648,3611000,0.0,0.0
2024-06-03 00:00:00-04:00,13.320693016052246,13.708385180041068,13.28092979010699,13.320693016052246,2132600,0.0,0.0
2024-06-04 00:00:00-04:00,13.231224724924587,13.370395523376306,13.042348715554454,13.181520462036133,1514100,0.0,0.0
2024-06-05 00:00:00-04:00,13.221283682740903,13.439981870632128,13.106964541718433,13.181520462036133,1648400,0.0,0.0
2024-06-06 00:00:00-04:00,13.270988464355469,13.459863533078243,13.1218756698617,13.270988464355469,1555000,0.0,0.0
2024-06-07 00:00:00-04:00,13.042348838398699,13.136786843973265,12.81371055420024,12.8733549118042,1644400,0.0,0.0
2024-06-10 00:00:00-04:00,12.803771018981934,12.997616626056217,12.644718115943538,12.803771018981934,2157400,0.0,0.0
2024-06-11 00:00:00-04:00,12.724242641994126,13.02246726407796,12.724242641994126,12.962821960449219,1165300,0.0,0.0
2024-06-12 00:00:00-04:00,13.430041787036048,13.59903572410099,13.012527465820312,13.012527465820312,1310500,0.0,0.0
2024-06-13 00:00:00-04:00,13.042349229076889,13.171579938463147,12.535367434106956,12.773947715759277,1624100,0.0,0.0
2024-06-14 00:00:00-04:00,12.614894314713155,12.863414699501302,12.37631497284374,12.684480667114258,1905100,0.0,0.0
2024-06-17 00:00:00-04:00,12.664599018688603,12.803770780267513,12.30175947189331,12.426019668579102,1499000,0.0,0.0
2024-06-18 00:00:00-04:00,12.4160775394588,12.445900666636831,12.048267503199595,12.237143516540527,2458700,0.0,0.0
2024-06-20 00:00:00-04:00,12.177497314694573,12.515485146950475,12.177497314694573,12.247082710266113,1331300,0.0,0.0
2024-06-21 00:00:00-04:00,12.257026056632775,12.694422491689323,12.222233352304887,12.654658317565918,3451500,0.0,0.0
2024-06-24 00:00:00-04:00,12.734184280551744,12.992644746972362,12.604953573326442,12.903177261352539,2229400,0.0,0.0
2024-06-25 00:00:00-04:00,12.932999556163352,13.320690704856032,12.789851777991156,13.251105308532715,3338600,0.0,0.0
2024-06-26 00:00:00-04:00,13.161637769722342,13.355484291230395,13.082111331986189,13.241164207458496,2721300,0.0,0.0
2024-06-27 00:00:00-04:00,13.350516594221636,13.579154914066358,13.280930235461406,13.400219917297363,1942200,0.0,0.0
2024-06-28 00:00:00-04:00,13.55939030315659,13.629027366638184,13.350478163977979,13.629027366638184,2490500,0.01,0.0
2024-07-01 00:00:00-04:00,13.61907980109378,13.688717817693572,13.06198136069882,13.19130802154541,1747300,0.0,0.0
2024-07-02 00:00:00-04:00,13.250996085365387,13.250996085365387,13.061980788551342,13.141566276550293,1027100,0.0,0.0
2024-07-03 00:00:00-04:00,13.20125410130625,13.449958955223245,13.141564518923332,13.300735473632812,603500,0.0,0.0
2024-07-05 00:00:00-04:00,13.320634481345897,13.320634481345897,13.012239994945668,13.091825485229492,797100,0.0,0.0
2024-07-08 00:00:00-04:00,13.171410393413572,13.211203136796877,12.912757087055176,13.042083740234375,2612700,0.0,0.0
2024-07-09 00:00:00-04:00,13.081876776148528,13.360426934794305,13.066955090004766,13.330581665039062,2394200,0.0,0.0
2024-07-10 00:00:00-04:00,13.36042594909668,13.390270267916227,13.01223875084474,13.36042594909668,1638500,0.0,0.0
2024-07-11 00:00:00-04:00,13.668820182779557,13.877732323072426,13.4997007859361,13.56933879852295,1847600,0.0,0.0
2024-07-12 00:00:00-04:00,13.569338718027527,13.997110470387627,13.569338718027527,13.907576560974121,1644200,0.0,0.0
2024-07-15 00:00:00-04:00,14.076696235629367,14.225919737185468,13.827991348436381,13.947370529174805,1619000,0.0,0.0
2024-07-16 00:00:00-04:00,14.146333326335,14.524364844055208,14.036902575919223,14.474623680114746,2183400,0.0,0.0
2024-07-17 00:00:00-04:00,14.395038397686156,14.743224652648655,14.245814903787538,14.29555606842041,1855300,0.0,0.0
2024-07-18 00:00:00-04:00,14.215970963830499,14.633795239921476,13.932447551211729,13.967266082763672,3063000,0.0,0.0
2024-07-19 00:00:00-04:00,14.02695570791895,14.02695570791895,13.713587025673819,13.937421798706055,1039400,0.0,0.0
2024-07-22 00:00:00-04:00,14.076696507885861,14.156281997428165,13.837940039258948,13.987163543701172,1047000,0.0,0.0
2024-07-23 00:00:00-04:00,13.85783564190695,14.265711476377167,13.818042900708242,14.255763053894043,1055500,0.0,0.0
2024-07-24 00:00:00-04:00,14.116488880510754,14.335349445349312,13.758354187011719,13.758354187011719,1359000,0.0,0.0
2024-07-25 00:00:00-04:00,13.917524337768555,14.255763113744518,13.748404949780575,13.917524337768555,1230700,0.0,0.0
2024-07-26 00:00:00-04:00,14.13638550683578,14.245815313185863,13.89265483673752,14.215970993041992,775600,0.0,0.0
2024-07-29 00:00:00-04:00,14.265711988862423,14.305504731490656,14.056799852880737,14.086644172668457,839000,0.0,0.0
2024-07-30 00:00:00-04:00,14.136385064506008,14.255763290079965,13.96726567442612,14.04685115814209,843300,0.0,0.0
2024-07-31 00:00:00-04:00,14.255762635084867,14.400011910651015,13.902602185913278,14.056798934936523,1696800,0.0,0.0
2024-08-01 00:00:00-04:00,14.09659298301662,14.176178470460851,13.609131635237247,13.758354187011719,1373700,0.0,0.0
2024-08-02 00:00:00-04:00,13.39026977995856,13.499699577465003,13.131616496324689,13.221150398254395,1916100,0.0,0.0
2024-08-05 00:00:00-04:00,12.634208153929626,12.922705786820126,12.186539544097313,12.276073455810547,2552100,0.0,0.0
2024-08-06 00:00:00-04:00,12.286020152901395,12.614310483903475,12.136796671433533,12.40539836883545,1412900,0.0,0.0
2024-08-07 00:00:00-04:00,12.534725895676553,12.763533921928943,12.14674595482196,12.186538696289062,2584400,0.0,0.0
2024-08-08 00:00:00-04:00,12.982395208666437,13.181358927255602,12.206436231801773,12.952550888061523,2741900,0.0,0.0
2024-08-09 00:00:00-04:00,13.022186832257223,13.022186832257223,12.435243201355824,12.5148286819458,2847200,0.0,0.0
2024-08-12 00:00:00-04:00,12.475036063868613,12.49990617102147,12.077108657020242,12.116901397705078,1594600,0.0,0.0
2024-08-13 00:00:00-04:00,12.23628098011938,12.40540038401511,12.07710999968431,12.315866470336914,1823900,0.0,0.0
2024-08-14 00:00:00-04:00,12.325815074198792,12.435244887666052,12.156695667827822,12.166643142700195,2007900,0.0,0.0
2024-08-15 00:00:00-04:00,12.455141773903316,12.554623164076006,12.022394833013731,12.136798858642578,1994600,0.0,0.0
2024-08-16 00:00:00-04:00,12.08705818535948,12.276074447294276,11.93883084150611,11.997525215148926,1884600,0.0,0.0
2024-08-19 00:00:00-04:00,12.266125519727582,12.266125519727582,12.02736904483245,12.136798858642578,1950500,0.0,0.0
2024-08-20 00:00:00-04:00,12.087055919185925,12.226330983513217,11.957730225773005,12.01741886138916,1666500,0.0,0.0
2024-08-21 00:00:00-04:00,12.087055454702666,12.165646658682121,11.917936079066244,12.156693458557129,1928900,0.0,0.0
2024-08-22 00:00:00-04:00,12.14674712114389,12.236281035225302,11.898042225910588,12.007472038269043,1348000,0.0,0.0
2024-08-23 00:00:00-04:00,12.087055795652107,12.813274478940675,12.057211478149048,12.723740577697754,2340200,0.0,0.0
2024-08-26 00:00:00-04:00,12.833171955852281,12.86301722576705,12.624259810118227,12.74363899230957,1271200,0.0,0.0
2024-08-27 00:00:00-04:00,12.594413574049927,12.614310417634606,12.236278928129213,12.465086936950684,1700000,0.0,0.0
2024-08-28 00:00:00-04:00,12.365607261657715,12.504881390922499,12.295969248291472,12.365607261657715,1112900,0.0,0.0
2024-08-29 00:00:00-04:00,12.484983846124818,12.624257957014352,12.295967626012272,12.40539836883545,1279200,0.0,0.0
2024-08-30 00:00:00-04:00,12.425296783447266,12.514830700737319,12.36063392581218,12.425296783447266,2207700,0.0,0.0
2024-09-03 00:00:00-04:00,12.256176572539678,12.465088716332234,12.116902442500544,12.305917739868164,1803600,0.0,0.0
2024-09-04 00:00:00-04:00,12.236279342308949,12.455139885479904,11.942807530637417,12.077108383178711,1761500,0.0,0.0
2024-09-05 00:00:00-04:00,12.136798774281834,12.256177010899624,11.922912411233089,11.947783470153809,2033800,0.0,0.0
2024-09-06 00:00:00-04:00,11.91793749882411,12.017419831190901,11.276279396133186,11.460321426391602,2803100,0.0,0.0
2024-09-09 00:00:00-04:00,11.47026799491406,11.599594637285332,11.012651009882543,11.122081756591797,2256000,0.0,0.0
2024-09-10 00:00:00-04:00,11.141979264512303,12.156695705917453,11.082290620155469,12.136798858642578,5202800,0.0,0.0
2024-09-11 00:00:00-04:00,11.97762714318061,13.10177332967625,11.808507746618108,13.042083740234375,4828700,0.0,0.0
2024-09-12 00:00:00-04:00,13.191307904121585,13.907577321110587,13.166436845295232,13.808095932006836,6529000,0.0,0.0
2024-09-13 00:00:00-04:00,14.017007483870131,14.390064811728703,13.748405752419714,14.036903381347656,3312800,0.0,0.0
2024-09-16 00:00:00-04:00,14.046850465425056,14.559182821723148,13.907575401423522,14.395037651062012,3109100,0.0,0.0
2024-09-17 00:00:00-04:00,14.554208054135028,14.554208054135028,13.86280886911058,14.007057189941406,2562200,0.0,0.0
2024-09-18 00:00:00-04:00,14.056799717718995,14.40498597518464,13.78819799601076,13.927473068237305,1644600,0.0,0.0
2024-09-19 00:00:00-04:00,14.275661034335545,14.454727909605689,13.897629488512573,14.106541633605957,2342900,0.0,0.0
2024-09-20 00:00:00-04:00,13.987162096062114,14.554208887546466,13.897628192410107,14.434830665588379,5267100,0.0,0.0
2024-09-23 00:00:00-04:00,14.424882653001355,14.832758493461228,14.24581484061066,14.633794784545898,3145900,0.0,0.0
2024-09-24 00:00:00-04:00,14.713379780626052,14.80291368385495,14.424882175073925,14.494519233703613,2629200,0.0,0.0
2024-09-25 00:00:00-04:00,14.444780860726837,14.613899317706181,13.987163812691124,14.026956558227539,2177700,0.0,0.0
2024-09-26 00:00:00-04:00,14.275661034335545,14.414935165241895,14.017007721603955,14.106541633605957,1760700,0.0,0.0
2024-09-27 00:00:00-04:00,14.285607308368434,14.633794503841711,14.206021826328906,14.315452575683594,1976500,0.0,0.0
2024-09-30 00:00:00-04:00,14.186035332924462,14.375182052963643,14.006843003860544,14.066574096679688,10770900,0.01,0.0
2024-10-01 00:00:00-04:00,14.33536312470729,14.33536312470729,13.628550025053077,13.698236465454102,1960500,0.0,0.0
2024-10-02 00:00:00-04:00,13.658415583540457,14.6340162219537,13.658415583540457,14.514554977416992,5767900,0.0,0.0
2024-10-03 00:00:00-04:00,14.345318229530356,14.783343749936826,14.176081226108801,14.554375648498535,4731600,0.0,0.0
2024-10-04 00:00:00-04:00,14.67383678660888,15.101906962614233,14.494645392671188,14.98244571685791,3577700,0.0,0.0
2024-10-07 00:00:00-04:00,14.952580699312271,15.19648086232797,14.683792183298893,14.843073844909668,3405800,0.0,0.0
2024-10-08 00:00:00-04:00,14.843074289612348,14.94262580579847,14.514555615349213,14.763433456420898,3521200,0.0,0.0
2024-10-09 00:00:00-04:00,14.713657446149288,14.882894451128957,14.544420441169617,14.872939109802246,2361300,0.0,0.0
2024-10-10 00:00:00-04:00,14.683792183298893,14.872938919113292,14.594196011294434,14.843073844909668,1260700,0.0,0.0
2024-10-11 00:00:00-04:00,14.843073675429098,15.291053580942696,14.768410516075761,15.261188507080078,2442300,0.0,0.0
2024-10-14 00:00:00-04:00,15.281099194958756,15.430425513721206,15.032221364092283,15.410514831542969,1790300,0.0,0.0
2024-10-15 00:00:00-04:00,15.350784493147524,15.72907890529359,15.28109900517631,15.38064956665039,1449600,0.0,0.0
2024-10-16 00:00:00-04:00,15.520020550751559,15.709167270656723,15.286074799218644,15.529975891113281,1894500,0.0,0.0
2024-10-17 00:00:00-04:00,15.529976799575294,15.898315869964259,15.410514607033432,15.81867504119873,2319800,0.0,0.0
2024-10-18 00:00:00-04:00,15.908272673288005,16.396073060778228,15.810712975547444,16.047645568847656,1798600,0.0,0.0
2024-10-21 00:00:00-04:00,16.027732849121094,16.236789317738424,15.838585164095521,16.027732849121094,1764200,0.0,0.0
2024-10-22 00:00:00-04:00,15.958049385554817,16.107375724780407,15.778857018969138,16.047645568847656,1375500,0.0,0.0
2024-10-23 00:00:00-04:00,16.037688305430002,16.248736603315017,15.520021952584798,15.74898910522461,1591800,0.0,0.0
2024-10-24 00:00:00-04:00,15.739034137979765,16.79427653822156,15.739034137979765,16.545398712158203,2125600,0.0,0.0
2024-10-25 00:00:00-04:00,16.575264358186875,17.068043334511092,16.565309016375675,16.78432273864746,2906600,0.0,0.0
2024-10-28 00:00:00-04:00,16.983421915322868,17.25221041679293,16.465757492490656,16.485666275024414,3310800,0.0,0.0
2024-10-29 00:00:00-04:00,16.465759272797055,16.585219576064173,16.152172653843117,16.316431045532227,1235600,0.0,0.0
2024-10-30 00:00:00-04:00,16.33634199074849,16.71463738765912,16.047644670904674,16.057598114013672,1874100,0.0,0.0
2024-10-31 00:00:00-04:00,16.057598195469154,16.12230696872978,15.584730845719463,15.619573593139648,2753200,0.0,0.0
2024-11-01 00:00:00-04:00,13.519043787662701,13.688280789741906,12.563352872730432,13.349806785583496,10255100,0.0,0.0
2024-11-04 00:00:00-05:00,13.349807153530765,13.439403327617862,12.443891970016539,12.513577461242676,4577300,0.0,0.0
2024-11-05 00:00:00-05:00,12.453847504334789,12.598196159738004,12.195014319495115,12.54344367980957,3355100,0.0,0.0
2024-11-06 00:00:00-05:00,12.682814727193536,13.170615074533218,12.513577716991012,12.702725410461426,3960900,0.0,0.0
2024-11-07 00:00:00-05:00,12.672859065259562,12.862006753949364,12.463802592592323,12.503623008728027,1846500,0.0,0.0
2024-11-08 00:00:00-05:00,12.553397551268782,12.633038381855284,12.145238057164564,12.314475059509277,2675000,0.0,0.0
2024-11-11 00:00:00-05:00,12.254744979525151,12.493667472615456,12.090485646851368,12.473756790161133,2931100,0.0,0.0
2024-11-12 00:00:00-05:00,12.443891136999843,12.553397037223764,12.11537248693453,12.384160041809082,1915500,0.0,0.0
2024-11-13 00:00:00-05:00,12.384159610030048,12.737566599683804,12.224877960932842,12.463801383972168,1737400,0.0,0.0
2024-11-14 00:00:00-05:00,12.463802463185765,12.72263469068369,12.394116023626601,12.483712196350098,2121800,0.0,0.0
2024-11-15 00:00:00-05:00,12.563353095130571,12.682814342937643,12.214924693041675,12.642993927001953,2692400,0.0,0.0
2024-11-18 00:00:00-05:00,12.623083228104175,12.891870777760275,12.473755967723203,12.493666648864746,2643700,0.0,0.0
2024-11-19 00:00:00-05:00,12.414026379658416,12.523532282665913,12.105417453883003,12.2846097946167,4067100,0.0,0.0
2024-11-20 00:00:00-05:00,12.185058246029406,12.364250586215995,11.677347248429788,11.687302589416504,3668000,0.0,0.0
2024-11-21 00:00:00-05:00,11.727123520216905,11.92622560174815,11.557886513566942,11.916271209716797,7976500,0.0,0.0
2024-11-22 00:00:00-05:00,11.94613573175593,12.49366714267346,11.85653956186479,12.274654388427734,2737400,0.0,0.0
2024-11-25 00:00:00-05:00,12.66290367190945,12.901826149830082,12.29954133533743,12.792320251464844,3980200,0.0,0.0
2024-11-26 00:00:00-05:00,12.623084511976534,12.921737164326867,12.493667919574364,12.692770004272461,1816200,0.0,0.0
2024-11-27 00:00:00-05:00,12.762455560827203,13.25025685753565,12.692770068180408,13.001379013061523,2555900,0.0,0.0
2024-11-29 00:00:00-05:00,13.110883260606265,13.349805733155552,13.0362201066088,13.041197776794434,1121300,0.0,0.0
2024-12-02 00:00:00-05:00,13.150704829880485,13.444380750919928,13.001378508745741,13.220390319824219,2056300,0.0,0.0
2024-12-03 00:00:00-05:00,13.170613598690347,13.339850589928893,12.941646463128503,13.071063041687012,1497400,0.0,0.0
2024-12-04 00:00:00-05:00,13.071064375706154,13.240301384216853,12.932688356315992,12.981468200683594,2698200,0.0,0.0
2024-12-05 00:00:00-05:00,12.981467623369568,13.090973527197386,12.772410207412037,12.891871452331543,1616100,0.0,0.0
2024-12-06 00:00:00-05:00,13.041198976043933,13.150704882017315,12.727612371266705,12.782365798950195,1250400,0.0,0.0
2024-12-09 00:00:00-05:00,12.762454722673056,13.110884061811735,12.563352650048197,12.573307991027832,1381100,0.0,0.0
2024-12-10 00:00:00-05:00,12.543443037228135,12.583263452133252,12.28460986564809,12.443891525268555,1583200,0.0,0.0
2024-12-11 00:00:00-05:00,12.43393619003614,12.6230838729695,12.175103018334479,12.593217849731445,1690100,0.0,0.0
2024-12-12 00:00:00-05:00,12.4936674030257,12.623083990077163,12.214924495972944,12.314475059509277,1342900,0.0,0.0
2024-12-13 00:00:00-05:00,12.27465483174218,12.372215467806962,12.100440156150047,12.195013999938965,1112300,0.0,0.0
2024-12-16 00:00:00-05:00,12.185058331309081,12.24478942825384,11.871472683181429,11.995911598205566,2128600,0.0,0.0
2024-12-17 00:00:00-05:00,11.946135389915888,12.080529640906892,11.796809077299356,11.926224708557129,2643500,0.0,0.0
2024-12-18 00:00:00-05:00,11.9262243816703,11.99093314491912,11.179590940265093,11.289097785949707,2351200,0.0,0.0
2024-12-19 00:00:00-05:00,11.398605420324147,11.458336522477635,10.940670135126275,11.109907150268555,2518300,0.0,0.0
2024-12-20 00:00:00-05:00,11.020310276412081,11.587752388189818,10.965557798069106,11.00040054321289,4977600,0.0,0.0
2024-12-23 00:00:00-05:00,10.960579405140207,11.060129963363174,10.557396653747547,10.74156665802002,2615300,0.0,0.0
2024-12-24 00:00:00-05:00,10.731613024211589,10.880940309386418,10.547443940041095,10.861029624938965,1478800,0.0,0.0
2024-12-26 00:00:00-05:00,10.771432118482787,10.875961300184109,10.563370618331033,10.801298141479492,1417700,0.0,0.0
2024-12-27 00:00:00-05:00,10.69179140854654,10.831163335905153,10.542465089471557,10.671881675720215,2087100,0.0,0.0
2024-12-30 00:00:00-05:00,10.661925561889403,11.21941228152653,10.502643913248368,11.1397705078125,2412100,0.0,0.0
2024-12-31 00:00:00-05:00,11.169664484142627,11.508441256313967,11.134790572344311,11.239412307739258,1906000,0.01,0.0
2025-01-02 00:00:00-05:00,11.319123536506858,11.458620123576926,11.04013131260948,11.050095558166504,1566500,0.0,0.0
2025-01-03 00:00:00-05:00,11.149734718841005,11.458619667104532,10.985328474670519,11.289231300354004,2213100,0.0,0.0
2025-01-06 00:00:00-05:00,11.458620374721676,11.637972997708053,11.2792677517353,11.299196243286133,1861800,0.0,0.0
2025-01-07 00:00:00-05:00,11.319123769363307,11.428728572259844,10.830887129938224,10.930527687072754,1998800,0.0,0.0
2025-01-08 00:00:00-05:00,10.80099523510388,10.900634841001255,10.57182233607866,10.86077880859375,1935300,0.0,0.0
2025-01-10 00:00:00-05:00,10.751174784520122,10.840851093558749,10.462218316641636,10.571822166442871,1728800,0.0,0.0
2025-01-13 00:00:00-05:00,10.51203923292631,10.641571581607023,10.213118501374117,10.362578392028809,5128900,0.0,0.0
2025-01-14 00:00:00-05:00,10.452253565398863,10.691389744435915,10.312757936081937,10.591750144958496,2571600,0.0,0.0
2025-01-15 00:00:00-05:00,10.910599024581025,10.990311088942459,10.601715012741158,10.641571044921875,2094200,0.0,0.0
2025-01-16 00:00:00-05:00,10.681427476197534,11.194573790916838,10.556877252198822,11.179628372192383,1878800,0.0,0.0
2025-01-17 00:00:00-05:00,11.319124377633358,11.368944658877878,10.985329728610752,11.239412307739258,1531500,0.0,0.0
2025-01-21 00:00:00-05:00,11.458620417280127,11.817324714342364,11.269304498057975,11.77746868133545,2079700,0.0,0.0
2025-01-22 00:00:00-05:00,11.767505107629653,11.877108958247383,11.408799868802973,11.418764114379883,1652400,0.0,0.0
2025-01-23 00:00:00-05:00,11.339052665542878,11.488512556335653,11.209520316742495,11.468585014343262,2094000,0.0,0.0
2025-01-24 00:00:00-05:00,11.508440639091026,11.588152704709993,11.368944049136445,11.558260917663574,1203900,0.0,0.0
2025-01-27 00:00:00-05:00,11.32908736812223,11.368943398651313,10.561858542876719,10.880706787109375,5042300,0.0,0.0
2025-01-28 00:00:00-05:00,11.010239511243963,11.070023084019487,10.312758477325383,10.422362327575684,4053900,0.0,0.0
2025-01-29 00:00:00-05:00,10.422362071534776,10.60769266297439,10.203153426176609,10.432326316833496,2192900,0.0,0.0
2025-01-30 00:00:00-05:00,10.581786655451706,10.91558128553073,10.536948499900587,10.8209228515625,2178300,0.0,0.0
2025-01-31 00:00:00-05:00,10.810959588656985,11.030167293964507,10.751175064327713,10.930527687072754,2078900,0.0,0.0
2025-02-03 00:00:00-05:00,10.581787265276544,10.80099593279908,10.333683613805952,10.5020751953125,2478500,0.0,0.0
2025-02-04 00:00:00-05:00,10.561858832496432,10.731247204450558,10.412398001231924,10.721282958984375,1335600,0.0,0.0
2025-02-05 00:00:00-05:00,10.751175139131144,10.940491058712619,10.522003186467106,10.890671730041504,2048000,0.0,0.0
2025-02-06 00:00:00-05:00,11.000275137681403,11.060059660003924,10.711318671981836,10.870742797851562,1410300,0.0,0.0
2025-02-07 00:00:00-05:00,10.870742840006134,10.920563117094304,10.611678159341853,10.721282958984375,1180900,0.0,0.0
2025-02-10 00:00:00-05:00,10.840851170487374,10.88668517973655,10.472182636456804,10.531966209411621,1566300,0.0,0.0
2025-02-11 00:00:00-05:00,10.502074573688464,10.65153445846372,10.392470721536128,10.452254295349121,2172600,0.0,0.0
2025-02-12 00:00:00-05:00,10.21311832376241,10.392470949623249,10.143370502702215,10.332686424255371,1689100,0.0,0.0
2025-02-13 00:00:00-05:00,10.442289085758112,10.452253330554786,10.178243250345037,10.193188667297363,1344700,0.0,0.0
2025-02-14 00:00:00-05:00,10.33268655225531,10.452254654229465,10.108496717394823,10.143370628356934,1415600,0.0,0.0
2025-02-18 00:00:00-05:00,10.12344201083199,10.332686424255371,10.00387391033903,10.332686424255371,2550400,0.0,0.0
2025-02-19 00:00:00-05:00,10.302794398268858,10.781066789172677,10.083585743983221,10.711318969726562,4041500,0.0,0.0
2025-02-20 00:00:00-05:00,10.492110154460335,12.584554208167072,9.998891402567196,12.19595718383789,7446100,0.0,0.0
2025-02-21 00:00:00-05:00,12.47495051212921,12.541708867616869,11.787432764446235,12.11624526977539,5132300,0.0,0.0
2025-02-24 00:00:00-05:00,12.235814363360598,12.390257333167487,11.777469477668706,11.857181549072266,3219600,0.0,0.0
2025-02-25 00:00:00-05:00,11.907001280227185,12.106281449513784,11.24937624646001,11.398836135864258,3315500,0.0,0.0
2025-02-26 00:00:00-05:00,11.438691588016539,11.493493988124476,11.00525736064047,11.199555397033691,2564300,0.0,0.0
2025-02-27 00:00:00-05:00,11.259340071375918,11.538332297942603,11.079987450604522,11.119843482971191,1573100,0.0,0.0
2025-02-28 00:00:00-05:00,11.020204189037443,11.458620557477584,11.020204189037443,11.32908821105957,2530800,0.0,0.0
2025-03-03 00:00:00-05:00,11.309160273050566,11.667864561929097,11.0999158669774,11.159699440002441,3073200,0.0,0.0
2025-03-04 00:00:00-05:00,10.980347856059028,11.010239642803963,10.611678368486162,10.86077880859375,2761200,0.0,0.0
2025-03-05 00:00:00-05:00,10.86077796061469,11.030166322681906,10.641570274609927,10.671462059020996,1965400,0.0,0.0
2025-03-06 00:00:00-05:00,10.462218070034584,10.661498224177173,9.690007116391028,9.804593086242676,3823600,0.0,0.0
2025-03-07 00:00:00-05:00,9.894269135078257,10.008855101940961,9.450869734653875,9.814557075500488,4521500,0.0,0.0
2025-03-10 00:00:00-04:00,9.635204175978767,9.814556779745429,9.022417380099574,9.047327041625977,4931800,0.0,0.0
2025-03-11 00:00:00-04:00,8.967615780853135,9.301410406261267,8.917795503133176,9.127039909362793,3348000,0.0,0.0
2025-03-12 00:00:00-04:00,9.276500516505855,9.49570821274438,9.246607780456543,9.246607780456543,2187000,0.0,0.0
2025-03-13 00:00:00-04:00,9.246608632717757,9.316357406352168,9.057292704836529,9.176860809326172,1978200,0.0,0.0
2025-03-14 00:00:00-04:00,9.366176304821376,9.699970937453182,9.266536697467913,9.525601387023926,2245500,0.0,0.0
2025-03-17 00:00:00-04:00,9.535564862804367,9.65513296403394,9.415996761574794,9.555493354797363,1867200,0.0,0.0
2025-03-18 00:00:00-04:00,9.46581674233461,9.714917182922363,9.276500825594736,9.714917182922363,2294100,0.0,0.0
2025-03-19 00:00:00-04:00,9.714916852738577,9.889287345272177,9.585384514006268,9.764737129211426,1702900,0.0,0.0
2025-03-20 00:00:00-04:00,9.595350326795105,9.83448655263752,9.376141644651444,9.445889472961426,2133300,0.0,0.0
2025-03-21 00:00:00-04:00,9.276499887644784,9.435924001462679,9.161912974375834,9.196786880493164,4945700,0.0,0.0
2025-03-24 00:00:00-04:00,9.316356944499951,9.455852584367717,9.236644878791862,9.415996551513672,2727700,0.0,0.0
2025-03-25 00:00:00-04:00,9.346249821799038,9.465817934308525,9.216717462353039,9.22668170928955,1325200,0.0,0.0
2025-03-26 00:00:00-04:00,9.166896182745882,9.545528973042613,9.166896182745882,9.376140594482422,2645000,0.0,0.0
2025-03-27 00:00:00-04:00,9.346249090837846,9.450870824760198,9.087184392207046,9.107112884521484,2074700,0.0,0.0
2025-03-28 00:00:00-04:00,9.087184681284072,9.166896752591953,8.743425779867055,8.83808422088623,2564500,0.0,0.0
2025-03-31 00:00:00-04:00,8.608652891274842,8.838083505180798,8.608652891274842,8.798182487487793,1657700,0.01,0.0
2025-04-01 00:00:00-04:00,8.828108787536621,8.987712855113937,8.668503768644023,8.828108787536621,1988100,0.0,0.0
2025-04-02 00:00:00-04:00,8.658530024971501,9.242083045342328,8.638579039030098,9.167267799377441,2259000,0.0,0.0
2025-04-03 00:00:00-04:00,8.66850444504229,8.777235033740986,8.069989144925563,8.079964637756348,5623500,0.0,0.0
2025-04-04 00:00:00-04:00,7.740804822739106,7.820606855854744,6.88293201543072,7.07246208190918,7516900,0.0,0.0
2025-04-07 00:00:00-04:00,6.623574989448257,7.411620786769078,6.42406990493323,7.142288684844971,4621900,0.0,0.0
2025-04-08 00:00:00-04:00,7.53132403603316,7.651027082337902,6.57369871427998,6.78317928314209,4483400,0.0,0.0
2025-04-09 00:00:00-04:00,6.66347597891754,8.119864992511811,6.3941438781022795,7.950284957885742,6422000,0.0,0.0
2025-04-10 00:00:00-04:00,7.730829215936326,7.820606739686673,7.072461976854125,7.331818580627441,2895300,0.0,0.0
2025-04-11 00:00:00-04:00,7.2420422287319015,7.651027919520157,7.182190223372848,7.611126899719238,3987200,0.0,0.0
2025-04-14 00:00:00-04:00,7.8006564314939775,7.8006564314939775,7.381695277472127,7.621101379394531,2073300,0.0,0.0
2025-04-15 00:00:00-04:00,7.651027264695432,7.9004088549363125,7.541299231805307,7.720853805541992,2246700,0.0,0.0
2025-04-16 00:00:00-04:00,7.670978069730875,7.940310178587017,7.616114288991576,7.75078010559082,2102600,0.0,0.0
2025-04-17 00:00:00-04:00,7.860508558289254,8.011135075418265,7.805644298991788,7.920360088348389,1418800,0.0,0.0
2025-04-21 00:00:00-04:00,7.81063186972462,7.900409400622774,7.720854338826467,7.8704833984375,1608500,0.0,0.0
2025-04-22 00:00:00-04:00,8.069989083237928,8.174728903214456,7.790681469660826,8.08993911743164,1827400,0.0,0.0
2025-04-23 00:00:00-04:00,8.419122519290603,8.608653070770687,8.080961315942858,8.129839897155762,2435200,0.0,0.0
2025-04-24 00:00:00-04:00,8.159766779088715,8.508900470663031,8.150788264640312,8.37922191619873,2060300,0.0,0.0
2025-04-25 00:00:00-04:00,8.35927134745309,8.568751929538161,8.28944480386317,8.468998908996582,1691300,0.0,0.0
2025-04-28 00:00:00-04:00,8.508899743271131,8.748306797139854,8.219617131523576,8.339320182800293,1988800,0.0,0.0
2025-04-29 00:00:00-04:00,8.309394657809936,8.488949710382656,8.229592623625457,8.339320182800293,2161300,0.0,0.0
2025-04-30 00:00:00-04:00,8.139815793179423,8.408150465241059,8.064003568828698,8.37922191619873,2340600,0.0,0.0
2025-05-01 00:00:00-04:00,8.628602451646639,9.107415589040732,8.204654518632548,8.718379974365234,4909200,0.0,0.0
2025-05-02 00:00:00-04:00,8.887960597663673,9.227119745941156,8.77823302964493,9.17724323272705,2289100,0.0,0.0
2025-05-05 00:00:00-04:00,9.087465347917915,9.296945934267146,8.90791123912952,8.917885780334473,1380300,0.0,0.0
2025-05-06 00:00:00-04:00,8.778232633569079,8.877984704181092,8.748307107517007,8.768257141113281,2141800,0.0,0.0
2025-05-07 00:00:00-04:00,8.78820848629248,8.88796056099377,8.57374014627743,8.708405494689941,1773400,0.0,0.0
2025-05-08 00:00:00-04:00,8.868009980090477,8.897935505525174,8.638578414916992,8.638578414916992,1885400,0.0,0.0
2025-05-09 00:00:00-04:00,8.738331676611761,8.79818272913748,8.58870214266681,8.598677635192871,1581100,0.0,0.0
2025-05-12 00:00:00-04:00,9.187217523062174,9.296945076718009,8.977736956035404,9.057538986206055,2866900,0.0,0.0
2025-05-13 00:00:00-04:00,9.077490745117613,9.177242815697557,8.952799943406191,9.087465286254883,2112900,0.0,0.0
2025-05-14 00:00:00-04:00,9.077490287723872,9.606178993972609,9.077490287723872,9.486475944519043,3147000,0.0,0.0
2025-05-15 00:00:00-04:00,9.416649674200919,11.940392386132393,9.391711892405098,11.800738334655762,16982400,0.0,0.0
2025-05-16 00:00:00-04:00,11.531405051584482,12.134908038116519,11.421676543985738,11.920439720153809,7278100,0.0,0.0
2025-05-19 00:00:00-04:00,11.780787835113742,11.790762376649662,11.291999149870028,11.561331748962402,5200900,0.0,0.0
2025-05-20 00:00:00-04:00,11.361826001927142,11.531405565486898,11.102468910445713,11.351850509643555,3691600,0.0,0.0
2025-05-21 00:00:00-04:00,11.082518465209315,11.311950042320575,10.873037873636143,10.942865371704102,2750000,0.0,0.0
2025-05-22 00:00:00-04:00,10.773285447414283,10.952839554805719,10.633631407162882,10.843111991882324,2412300,0.0,0.0
2025-05-23 00:00:00-04:00,10.653581537339189,11.257084511973376,10.653581537339189,11.152344703674316,3415100,0.0,0.0
2025-05-27 00:00:00-04:00,11.36182552864595,11.561330609430701,10.972789907629236,11.431652069091797,3054600,0.0,0.0
2025-05-28 00:00:00-04:00,11.471553561773742,11.486516800197393,11.002715888967748,11.192246437072754,1963000,0.0,0.0
2025-05-29 00:00:00-04:00,11.252097244851141,11.35683800892144,10.9827656182559,11.072543144226074,1375300,0.0,0.0
2025-05-30 00:00:00-04:00,10.972790362129784,11.147357671790363,10.912938359757614,11.032642364501953,2154200,0.0,0.0
2025-06-02 00:00:00-04:00,11.00271636044637,11.232147936197201,10.92291432139791,11.112444877624512,2421200,0.0,0.0
2025-06-03 00:00:00-04:00,11.262073344411709,11.262073344411709,10.953837662655546,10.972790718078613,2441100,0.0,0.0
2025-06-04 00:00:00-04:00,11.052592277526855,11.14236980445092,10.96281475060279,11.052592277526855,2655900,0.0,0.0
2025-06-05 00:00:00-04:00,11.072543561487104,11.152345598397812,10.82814875321832,10.843111991882324,1747000,0.0,0.0
2025-06-06 00:00:00-04:00,10.96281486612696,11.136384245974371,10.663556756998313,10.873037338256836,2368300,0.0,0.0
2025-06-09 00:00:00-04:00,10.972790480337807,11.027654737160397,10.663556875495003,10.693483352661133,1793900,0.0,0.0
2025-06-10 00:00:00-04:00,10.823162142080417,10.942865199478936,10.434126492048723,10.653582572937012,3195200,0.0,0.0
2025-06-11 00:00:00-04:00,10.773284964857245,10.85308699819346,10.493977848180487,10.603705406188965,2155000,0.0,0.0
2025-06-12 00:00:00-04:00,10.503951922937599,10.719418164440174,10.38923662401962,10.683506965637207,1480500,0.0,0.0
2025-06-13 00:00:00-04:00,10.444101206286792,10.583754287186052,10.259558411978855,10.304447174072266,1824500,0.0,0.0
2025-06-16 00:00:00-04:00,10.444101258414857,10.613680815766298,10.099954397752782,10.134867668151855,2426200,0.0,0.0
2025-06-17 00:00:00-04:00,10.04509073687101,10.204694811731732,9.990227430709718,10.035116195678711,2256900,0.0,0.0
2025-06-18 00:00:00-04:00,9.975263126125512,10.334372256192548,9.915411128790058,10.055065155029297,2491800,0.0,0.0
2025-06-20 00:00:00-04:00,10.114917747393696,10.239608543805435,9.875510695283547,9.955312728881836,3832900,0.0,0.0
2025-06-23 00:00:00-04:00,9.94533877915057,10.229633659652547,9.685981678886705,10.174769401550293,3878300,0.0,0.0
2025-06-24 00:00:00-04:00,10.264547048739864,10.459064400482658,10.045090965161231,10.314423561096191,4518100,0.0,0.0
2025-06-25 00:00:00-04:00,10.27452278137207,10.523904397661124,10.114918699157535,10.27452278137207,2910400,0.0,0.0
2025-06-26 00:00:00-04:00,10.294472459060845,10.35432446347379,10.035116310112317,10.174769401550293,2948100,0.0,0.0
2025-06-27 00:00:00-04:00,10.224645496893082,10.344348549528142,9.965288407192807,10.244596481323242,7964200,0.0,0.0
2025-06-30 00:00:00-04:00,10.224625753308633,10.38438538191619,10.08483655439827,10.334461212158203,2793600,0.01,0.0
2025-07-01 00:00:00-04:00,10.254581799975819,10.489228644664257,10.054881304142853,10.434310913085938,3082600,0.0,0.0
2025-07-02 00:00:00-04:00,10.364415482801913,10.653980035933266,10.354430268359549,10.624025344848633,2620100,0.0,0.0
2025-07-03 00:00:00-04:00,10.73386083966882,10.769807043640208,10.474250953613037,10.584086418151855,1562600,0.0,0.0
2025-07-07 00:00:00-04:00,10.514190067993054,10.651983363345352,10.264565416173943,10.34444522857666,2254100,0.0,0.0
2025-07-08 00:00:00-04:00,10.35443017387797,10.569107521217633,10.194670553227745,10.394370079040527,1763500,0.0,0.0
2025-07-09 00:00:00-04:00,10.494220564910142,10.494220564910142,10.154730886921806,10.384385108947754,2123200,0.0,0.0
2025-07-10 00:00:00-04:00,10.484235764104051,11.033410208862765,10.3544308260889,10.833710670471191,2097700,0.0,0.0
2025-07-11 00:00:00-04:00,10.673950329014176,10.878643431769559,10.614040942262505,10.823725700378418,1942600,0.0,0.0
2025-07-14 00:00:00-04:00,10.883634647048403,10.973499675784733,10.72387501918048,10.763814926147461,1536700,0.0,0.0
2025-07-15 00:00:00-04:00,10.843694876580157,10.843694876580157,10.50420613920864,10.564115524291992,1308600,0.0,0.0
2025-07-16 00:00:00-04:00,10.683935488935274,10.903605461120605,10.559123156232193,10.903605461120605,1573700,0.0,0.0
2025-07-17 00:00:00-04:00,10.903605461120605,11.193170034902053,10.888627638388925,10.903605461120605,2291200,0.0,0.0
2025-07-18 00:00:00-04:00,10.973500177127892,11.023425301178158,10.678942992698126,10.74384593963623,1724500,0.0,0.0
2025-07-21 00:00:00-04:00,10.773800387548324,10.91359054125362,10.67395014172418,10.753830909729004,1212800,0.0,0.0
2025-07-22 00:00:00-04:00,10.68393522259027,11.023424911438154,10.678942615137506,10.953530311584473,1555900,0.0,0.0
2025-07-23 00:00:00-04:00,11.013439589469247,11.123275047877307,10.81374005451254,11.113289833068848,1324700,0.0,0.0
2025-07-24 00:00:00-04:00,11.083334846116479,11.283034375762028,11.013439296558683,11.203154563903809,1419100,0.0,0.0
2025-07-25 00:00:00-04:00,11.263064273302074,11.263064273302074,10.8936198946834,11.073349952697754,1644700,0.0,0.0
2025-07-28 00:00:00-04:00,11.083335496568742,11.283035037934143,10.858672917381089,10.9435453414917,1896000,0.0,0.0
2025-07-29 00:00:00-04:00,10.933560371398926,11.05338009890349,10.803755428541677,10.933560371398926,1526500,0.0,0.0
2025-07-30 00:00:00-04:00,10.903604777381474,11.113289521263521,10.67394960444282,10.853679656982422,2483200,0.0,0.0
2025-07-31 00:00:00-04:00,10.813740074735568,10.853679981801601,10.554130202685098,10.723875045776367,1248100,0.0,0.0
2025-08-01 00:00:00-04:00,10.554130419318886,10.643995450122654,10.324476187035938,10.404356002807617,2280500,0.0,0.0
2025-08-04 00:00:00-04:00,10.394370679484979,10.624025861617852,10.324476079473564,10.564115524291992,1550700,0.0,0.0
2025-08-05 00:00:00-04:00,10.604055292835527,10.63400998498476,10.349438028960808,10.41434097290039,1676900,0.0,0.0
2025-08-06 00:00:00-04:00,10.534160223230703,10.64399472436712,10.392373226618767,10.394370079040527,2421100,0.0,0.0
2025-08-07 00:00:00-04:00,10.179693291902883,10.7039056472823,10.059873569821374,10.254581451416016,3003100,0.0,0.0
2025-08-08 00:00:00-04:00,10.374400553470215,10.494220268390684,10.264565100611284,10.474249839782715,2037200,0.0,0.0
2025-08-11 00:00:00-04:00,10.474249984940544,10.753830275871993,10.364415482801913,10.624025344848633,2077400,0.0,0.0
2025-08-12 00:00:00-04:00,10.753830558857157,11.123274932764371,10.63400988688064,10.923574447631836,2886700,0.0,0.0
2025-08-13 00:00:00-04:00,11.03340978867853,11.52267387716592,11.003455097121183,11.472748756408691,3104700,0.0,0.0
2025-08-14 00:00:00-04:00,11.332959496234034,11.472748690864684,11.103304322959797,11.203154563903809,1242500,0.0,0.0
2025-08-15 00:00:00-04:00,11.223124285851437,11.402854342578834,11.103304565447338,11.193169593811035,1219000,0.0,0.0
2025-08-18 00:00:00-04:00,11.173199217434613,11.307996760621325,11.103304618260388,11.113289833068848,1223100,0.0,0.0
2025-08-19 00:00:00-04:00,11.203155356137245,11.253080480139715,11.083335629876837,11.0933198928833,1545100,0.0,0.0
2025-08-20 00:00:00-04:00,11.293019783981508,11.307996653810235,10.884633453252446,11.273049354553223,2986900,0.0,0.0
2025-08-21 00:00:00-04:00,11.163215063388018,11.243094878147225,10.898612581846578,10.953530311584473,1751900,0.0,0.0
2025-08-22 00:00:00-04:00,11.023424623978602,11.592568527356926,11.0034551469308,11.392868995666504,2472700,0.0,0.0
2025-08-25 00:00:00-04:00,11.37289957082771,11.477741468355545,11.288027150439351,11.312989234924316,1672300,0.0,0.0
2025-08-26 00:00:00-04:00,11.377892948678415,11.432809728712773,11.153230364129755,11.243095397949219,1593000,0.0,0.0
2025-08-27 00:00:00-04:00,11.173199248494397,11.477741635301516,11.12327507879831,11.422823905944824,1981900,0.0,0.0
2025-08-28 00:00:00-04:00,11.4827346030261,11.4827346030261,11.243095152892458,11.253080368041992,2031800,0.0,0.0
2025-08-29 00:00:00-04:00,11.283034491297393,11.462763593697533,11.203154678621223,11.392868995666504,1514600,0.0,0.0
2025-09-02 00:00:00-04:00,11.233109719044485,11.339949424130864,11.03341018115442,11.223124504089355,1757100,0.0,0.0
2025-09-03 00:00:00-04:00,11.163215336181244,11.372900093108813,11.143244905882176,11.253080368041992,1680300,0.0,0.0
2025-09-04 00:00:00-04:00,11.342944199423519,11.342944199423519,11.108297361999815,11.26306438446045,1250500,0.0,0.0
2025-09-05 00:00:00-04:00,11.253079684375814,11.40285409354936,11.088326501145456,11.203154563903809,1535500,0.0,0.0
2025-09-08 00:00:00-04:00,11.243094826508413,11.422823932769893,11.14823718982659,11.38288402557373,1736200,0.0,0.0
2025-09-09 00:00:00-04:00,11.322974033400698,11.372899152777943,11.108296686648254,11.213138580322266,1295200,0.0,0.0
2025-09-10 00:00:00-04:00,11.2830356136861,11.402855344619514,11.14324545147583,11.153230667114258,2237700,0.0,0.0
2025-09-11 00:00:00-04:00,11.163214676674269,12.291518211364746,11.143244247555025,12.291518211364746,5242300,0.0,0.0
2025-09-12 00:00:00-04:00,12.391367910006753,12.561112754163764,12.021923529265761,12.04189395904541,2034000,0.0,0.0
2025-09-15 00:00:00-04:00,12.191668150858558,12.231608057446234,11.887125767975975,12.011938095092773,1793600,0.0,0.0
2025-09-16 00:00:00-04:00,11.952029091797936,12.051878385324356,11.74733694498988,11.802253723144531,1289500,0.0,0.0
2025-09-17 00:00:00-04:00,11.981983812632947,12.061863628537765,11.662464549013675,11.762313842773438,1546100,0.0,0.0
2025-09-18 00:00:00-04:00,11.852178153186987,12.301502328396055,11.782283556580065,12.141742706298828,2262900,0.0,0.0
2025-09-19 00:00:00-04:00,12.201654085226226,12.281533903112932,11.872149598382924,12.021924018859863,2642200,0.0,0.0
2025-09-22 00:00:00-04:00,12.001953414922113,12.331457870863273,11.842192841889092,12.301502227783203,4678400,0.0,0.0
2025-09-23 00:00:00-04:00,12.271548026513592,12.820722459072083,12.181682998173159,12.281533241271973,2610600,0.0,0.0
2025-09-24 00:00:00-04:00,12.33145910304499,12.516180825950894,12.181683729406165,12.251579284667969,1870500,0.0,0.0
2025-09-25 00:00:00-04:00,12.181683549268108,12.236601280681162,11.782284463289168,11.832209587097168,1814400,0.0,0.0
2025-09-26 00:00:00-04:00,11.83220890388422,12.25157839606823,11.63250842018328,11.782283782958984,3480500,0.0,0.0
2025-09-29 00:00:00-04:00,11.882133072566976,11.981983314417446,11.67244832647497,11.782283782958984,2780600,0.0,0.0
2025-09-30 00:00:00-04:00,11.772290326028978,11.902205362048209,11.232643766514583,11.692342758178711,2511500,0.01,0.0
2025-10-01 00:00:00-04:00,11.592408203466718,11.91719530097998,11.462493173851385,11.882218360900879,2262600,0.0,0.0
2025-10-02 00:00:00-04:00,11.812264013395733,12.261970270190131,11.567424469724438,11.772290229797363,3213000,0.0,0.0
2025-10-03 00:00:00-04:00,12.192015676365921,12.331924398265356,11.902205501256534,11.972159385681152,3224600,0.0,0.0
2025-10-06 00:00:00-04:00,12.062100604337598,12.231989425783214,11.772290430056874,11.902205467224121,1768500,0.0,0.0
2025-10-07 00:00:00-04:00,11.94217931522124,12.112068137573317,11.652369139394205,11.752304077148438,1653900,0.0,0.0
2025-10-08 00:00:00-04:00,11.822258126968977,12.002140636220476,11.68234940276779,11.812264442443848,1337000,0.0,0.0
2025-10-09 00:00:00-04:00,11.822257758748025,11.932185425949971,11.572421371702546,11.62238883972168,1573400,0.0,0.0
2025-10-10 00:00:00-04:00,11.642374997135656,11.737313088963417,10.942833319518305,11.132709503173828,2964100,0.0,0.0
2025-10-13 00:00:00-04:00,11.302598314218507,12.132055024247476,11.162689597532234,11.642374992370605,5083300,0.0,0.0
2025-10-14 00:00:00-04:00,11.76229718333307,13.990837227031943,11.502467120384726,13.471177101135254,14545900,0.0,0.0
2025-10-15 00:00:00-04:00,13.790968501729353,13.980843733047617,13.281302052803772,13.820948600769043,6937200,0.0,0.0
2025-10-16 00:00:00-04:00,13.850929132799472,13.865919659313015,12.461839412917715,12.481825828552246,5938400,0.0,0.0
2025-10-17 00:00:00-04:00,12.371897528422311,12.811609133489355,11.952172337969603,12.311936378479004,4291100,0.0,0.0
2025-10-20 00:00:00-04:00,12.74165540675041,12.756645932679938,12.261970013607412,12.591753959655762,3096600,0.0,0.0
2025-10-21 00:00:00-04:00,12.331924409793302,12.898552780262795,12.262969321910177,12.551780700683594,3047000,0.0,0.0
2025-10-22 00:00:00-04:00,12.531792555927403,12.601746436085605,11.702335865579627,11.882218360900879,3851300,0.0,0.0
2025-10-23 00:00:00-04:00,12.052107597313118,12.696684973185679,11.902205194911236,12.43185806274414,4266100,0.0,0.0
2025-10-24 00:00:00-04:00,12.6517140816828,12.781629113145359,12.426861912384263,12.451845169067383,1862800,0.0,0.0
2025-10-27 00:00:00-04:00,12.51180646663043,12.886561039588688,12.451845315615037,12.731661796569824,2477000,0.0,0.0
2025-10-28 00:00:00-04:00,12.781629624498358,12.891557292572163,12.531793235471378,12.631728172302246,2210700,0.0,0.0
2025-10-29 00:00:00-04:00,12.561773499242104,12.796620317944534,12.451845829733653,12.691688537597656,4568300,0.0,0.0
2025-10-30 00:00:00-04:00,12.491819610618077,13.191361318202649,12.10207449566872,12.401878356933594,6929700,0.0,0.0
2025-10-31 00:00:00-04:00,12.681694841162557,12.821603563809145,11.812264311191383,11.822257995605469,6882700,0.0,0.0
2025-11-03 00:00:00-05:00,11.632382150819097,12.621733983053026,11.592408368296013,12.451845169067383,5158000,0.0,0.0
2025-11-04 00:00:00-05:00,12.212002395784504,12.411871307120965,11.772289837794148,11.802270889282227,3331800,0.0,0.0
2025-11-05 00:00:00-05:00,11.802270812241169,11.862231008725633,11.43251213736969,11.662362098693848,2331600,0.0,0.0
2025-11-06 00:00:00-05:00,11.542440760963082,11.752303354909689,10.887869722745151,10.932839393615723,3701600,0.0,0.0
2025-11-07 00:00:00-05:00,10.802925790888256,10.802925790888256,10.383200584574917,10.533102035522461,4327000,0.0,0.0
2025-11-10 00:00:00-05:00,10.84289909882444,10.980808313277851,10.623042821106534,10.932839393615723,3357900,0.0,0.0
2025-11-11 00:00:00-05:00,10.942833054101737,10.992800519801772,10.47813724327664,10.64302921295166,2698200,0.0,0.0
2025-11-12 00:00:00-05:00,10.643029149226487,10.663016516606882,10.273271430140369,10.283265113830566,2805300,0.0,0.0
2025-11-13 00:00:00-05:00,10.19332412841669,10.43316682483822,9.593717387362858,9.753612518310547,4247200,0.0,0.0
2025-11-14 00:00:00-05:00,9.323893821532037,9.693651557345774,9.293913722155295,9.593717575073242,3597800,0.0,0.0
2025-11-17 00:00:00-05:00,9.55374394934369,9.568733522754542,9.223959038552104,9.36386775970459,2684400,0.0,0.0
2025-11-18 00:00:00-05:00,9.21396579269243,9.543749732015304,9.183984741444796,9.403841018676758,2548300,0.0,0.0
2025-11-19 00:00:00-05:00,9.433821171885121,9.50877284739113,9.223958577178612,9.253939628601074,2936000,0.0,0.0
2025-11-20 00:00:00-05:00,9.443815661509895,9.60870764620268,9.114031692124328,9.193979263305664,3973600,0.0,0.0
2025-11-21 00:00:00-05:00,9.243946170129258,9.313900052386614,8.934148635896365,9.1639986038208,2907800,0.0,0.0
2025-11-24 00:00:00-05:00,9.124024961165052,9.472796534297638,9.114031276960063,9.443815231323242,3127600,0.0,0.0
2025-11-25 00:00:00-05:00,9.423828649089765,9.493782531185607,9.243946148785986,9.383854866027832,3479500,0.0,0.0
2025-11-26 00:00:00-05:00,9.423828851372113,9.523762834646943,9.373861383209604,9.51377010345459,2779400,0.0,0.0
2025-11-28 00:00:00-05:00,9.57373066525593,9.768602750112061,9.523763195201731,9.703645706176758,1449800,0.0,0.0
2025-12-01 00:00:00-05:00,9.50377615725245,9.703645071343162,9.43382132253308,9.533756256103516,2059900,0.0,0.0
2025-12-02 00:00:00-05:00,9.583724251697468,9.703645606768891,9.443815527589035,9.493782997131348,2851400,0.0,0.0
2025-12-03 00:00:00-05:00,9.513770398905983,9.893520881413801,9.443815560085941,9.853547096252441,2602900,0.0,0.0
2025-12-04 00:00:00-05:00,9.783593144637406,9.893520814828761,9.618701162825266,9.713639259338379,2637900,0.0,0.0
2025-12-05 00:00:00-05:00,9.693651458770386,14.825290988488863,9.643683991617154,14.110758781433105,56005800,0.0,0.0
2025-12-08 00:00:00-05:00,14.29064119962289,15.250012941846459,13.790968437069992,14.990182876586914,12896800,0.0,0.0
2025-12-09 00:00:00-05:00,14.815297126529558,15.539823008925081,14.340608576899866,15.070130348205566,7213600,0.0,0.0
2025-12-10 00:00:00-05:00,14.945212007711545,15.434891078286647,14.670392374014332,14.790313720703125,6717100,0.0,0.0
2025-12-11 00:00:00-05:00,14.790314614033184,15.260007298387839,14.500504437101629,15.230026245117188,3023900,0.0,0.0
2025-12-12 00:00:00-05:00,15.250012867740866,15.349946847935731,13.590099707001047,14.340608596801758,10328500,0.0,0.0
2025-12-15 00:00:00-05:00,14.420556547257194,14.49051043056663,13.830942522077143,14.020817756652832,2633500,0.0,0.0
2025-12-16 00:00:00-05:00,13.990837363557137,14.110758712307323,13.301289369981037,13.46118450164795,3317300,0.0,0.0
2025-12-17 00:00:00-05:00,13.53113890663376,13.701027728860677,13.061446224415214,13.131401062011719,2767900,0.0,0.0
2025-12-18 00:00:00-05:00,13.481171302544048,13.530139021235197,13.001485893810028,13.141393661499023,2478500,0.0,0.0
2025-12-19 00:00:00-05:00,13.221340702939976,13.351255734226063,13.011479059766469,13.181366920471191,4402400,0.0,0.0
2025-12-22 00:00:00-05:00,13.391229708632451,13.42620760271286,12.826599904036712,13.021471977233887,4468900,0.0,0.0
2025-12-23 00:00:00-05:00,12.981498593526812,13.436200747007799,12.671702003686018,13.281302452087402,2512100,0.0,0.0
2025-12-24 00:00:00-05:00,13.261315530944962,13.785971548638047,13.211348064247964,13.611085891723633,1168500,0.0,0.0
2025-12-26 00:00:00-05:00,13.52114453214745,13.96085709183932,13.407219776422403,13.910889625549316,2082700,0.0,0.0
2025-12-29 00:00:00-05:00,15.265002924767511,15.309973550849135,15.240019667188916,15.25001335144043,86863700,0.0,0.0
2025-12-30 00:00:00-05:00,15.279993188168872,15.379928122863701,15.260006773060008,15.269999504089355,15056600,0.0,0.0
2025-12-31 00:00:00-05:00,15.279999732971191,15.359999656677246,15.25,15.34000015258789,10318000,0.01,0.0
2026-01-02 00:00:00-05:00,15.300000190734863,15.390000343322754,15.260000228881836,15.380000114440918,17239500,0.0,0.0
2026-01-05 00:00:00-05:00,15.329999923706055,15.449999809265137,15.3100004196167,15.3100004196167,16621000,0.0,0.0
2026-01-06 00:00:00-05:00,15.319999694824219,15.359999656677246,15.319999694824219,15.359999656677246,8440100,0.0,0.0
2026-01-07 00:00:00-05:00,15.350000381469727,15.399999618530273,15.329999923706055,15.390000343322754,4809200,0.0,0.0
2026-01-08 00:00:00-05:00,15.369999885559082,15.390000343322754,15.350000381469727,15.369999885559082,6804300,0.0,0.0
2026-01-09 00:00:00-05:00,15.380000114440918,15.390000343322754,15.350000381469727,15.359999656677246,3033400,0.0,0.0
2026-01-12 00:00:00-05:00,15.359999656677246,15.380000114440918,15.350000381469727,15.359999656677246,2044000,0.0,0.0
2026-01-13 00:00:00-05:00,15.359999656677246,15.380000114440918,15.34000015258789,15.350000381469727,11497800,0.0,0.0
2026-01-14 00:00:00-05:00,15.359999656677246,15.369999885559082,15.34000015258789,15.359999656677246,3960700,0.0,0.0
2026-01-15 00:00:00-05:00,15.359999656677246,15.369999885559082,15.329999923706055,15.329999923706055,4072600,0.0,0.0
2026-01-16 00:00:00-05:00,15.34000015258789,15.359999656677246,15.329999923706055,15.350000381469727,5144400,0.0,0.0
2026-01-20 00:00:00-05:00,15.350000381469727,15.354999542236328,15.319999694824219,15.350000381469727,6740600,0.0,0.0
2026-01-21 00:00:00-05:00,15.350000381469727,15.359999656677246,15.329999923706055,15.34000015258789,3048600,0.0,0.0
2026-01-22 00:00:00-05:00,15.359999656677246,15.380000114440918,15.350000381469727,15.369999885559082,4572300,0.0,0.0
2026-01-23 00:00:00-05:00,15.380000114440918,15.470000267028809,15.369999885559082,15.430000305175781,3392800,0.0,0.0
2026-01-26 00:00:00-05:00,15.4399995803833,15.494999885559082,15.380000114440918,15.40999984741211,3663700,0.0,0.0
2026-01-27 00:00:00-05:00,15.399999618530273,15.420000076293945,15.359999656677246,15.380000114440918,4118500,0.0,0.0
2026-01-28 00:00:00-05:00,15.359999656677246,15.399999618530273,15.359999656677246,15.380000114440918,3484900,0.0,0.0
2026-01-29 00:00:00-05:00,15.399999618530273,15.449999809265137,15.380000114440918,15.40999984741211,2939700,0.0,0.0
2026-01-30 00:00:00-05:00,15.390000343322754,15.4399995803833,15.380000114440918,15.390000343322754,2473600,0.0,0.0
2026-02-02 00:00:00-05:00,15.390000343322754,15.460000038146973,15.380000114440918,15.4399995803833,4640500,0.0,0.0
2026-02-03 00:00:00-05:00,15.4399995803833,15.470000267028809,15.420000076293945,15.449999809265137,5123100,0.0,0.0
2026-02-04 00:00:00-05:00,15.430000305175781,15.470000267028809,15.319999694824219,15.449999809265137,9132700,0.0,0.0
2026-02-05 00:00:00-05:00,15.399999618530273,15.449999809265137,15.380000114440918,15.430000305175781,5716100,0.0,0.0
2026-02-06 00:00:00-05:00,15.4399995803833,15.4399995803833,15.395000457763672,15.430000305175781,2458800,0.0,0.0
2026-02-09 00:00:00-05:00,15.430000305175781,15.449999809265137,15.390000343322754,15.399999618530273,3042600,0.0,0.0
2026-02-10 00:00:00-05:00,15.40999984741211,15.420000076293945,15.390000343322754,15.390000343322754,2704300,0.0,0.0
2026-02-11 00:00:00-05:00,15.4399995803833,15.4399995803833,15.390000343322754,15.40999984741211,3267000,0.0,0.0
2026-02-12 00:00:00-05:00,15.40999984741211,15.470000267028809,15.390000343322754,15.449999809265137,3064000,0.0,0.0
2026-02-13 00:00:00-05:00,15.449999809265137,15.449999809265137,15.395000457763672,15.40999984741211,2680600,0.0,0.0
2026-02-17 00:00:00-05:00,15.40999984741211,15.444999694824219,15.40999984741211,15.40999984741211,1600800,0.0,0.0
2026-02-18 00:00:00-05:00,15.4399995803833,15.454999923706055,15.390000343322754,15.40999984741211,2059100,0.0,0.0
2026-02-19 00:00:00-05:00,15.420000076293945,15.4399995803833,15.40999984741211,15.40999984741211,1970000,0.0,0.0
2026-02-20 00:00:00-05:00,15.430000305175781,15.449999809265137,15.380000114440918,15.399999618530273,3639800,0.0,0.0
2026-02-23 00:00:00-05:00,15.390000343322754,15.430000305175781,15.350000381469727,15.369999885559082,4467100,0.0,0.0
2026-02-24 00:00:00-05:00,15.369999885559082,15.40999984741211,15.359999656677246,15.390000343322754,6932900,0.0,0.0
2026-02-25 00:00:00-05:00,15.40999984741211,15.425000190734863,15.350000381469727,15.350000381469727,5552100,0.0,0.0
2026-02-26 00:00:00-05:00,15.399999618530273,15.40999984741211,15.369999885559082,15.40999984741211,1635800,0.0,0.0
2026-02-27 00:00:00-05:00,15.390000343322754,15.460000038146973,15.390000343322754,15.449999809265137,2613800,0.0,0.0
2026-03-02 00:00:00-05:00,15.430000305175781,15.460000038146973,15.390000343322754,15.4399995803833,2136100,0.0,0.0
2026-03-03 00:00:00-05:00,15.40999984741211,15.470000267028809,15.399999618530273,15.460000038146973,1866200,0.0,0.0
2026-03-04 00:00:00-05:00,15.449999809265137,15.470000267028809,15.430000305175781,15.430000305175781,1715200,0.0,0.0
2026-03-05 00:00:00-05:00,15.4399995803833,15.449999809265137,15.420000076293945,15.430000305175781,1877500,0.0,0.0
2026-03-06 00:00:00-05:00,15.40999984741211,15.425000190734863,15.369999885559082,15.399999618530273,3022000,0.0,0.0
2026-03-09 00:00:00-04:00,15.399999618530273,15.40999984741211,15.350000381469727,15.380000114440918,4596600,0.0,0.0
2026-03-10 00:00:00-04:00,15.369999885559082,15.399999618530273,15.369999885559082,15.369999885559082,4170200,0.0,0.0
2026-03-11 00:00:00-04:00,15.369999885559082,15.390000343322754,15.369999885559082,15.380000114440918,2938600,0.0,0.0
2026-03-12 00:00:00-04:00,15.369999885559082,15.420000076293945,15.359999656677246,15.369999885559082,3276700,0.0,0.0
2026-03-13 00:00:00-04:00,15.380000114440918,15.390000343322754,15.369999885559082,15.369999885559082,1944482,0.0,0.0
