Date,Open,High,Low,Close,Volume,Dividends,Stock Splits
2024-01-24 00:00:00-05:00,20.892029006022177,21.03335995085181,20.80889446198457,20.991792678833008,563100,0.0,0.0
2024-01-25 00:00:00-05:00,21.03336041525764,21.08324304560933,20.933598325933897,20.958538055419922,360800,0.0,0.0
2024-01-26 00:00:00-05:00,20.950224383859503,20.97516411157712,20.88371580046302,20.916969299316406,208300,0.0,0.0
2024-01-29 00:00:00-05:00,20.94191331035767,20.94191331035767,20.825522085153594,20.883718490600586,157700,0.0,0.0
2024-01-30 00:00:00-05:00,20.875404357910156,20.91697163253601,20.84214926965756,20.875404357910156,122500,0.0,0.0
2024-01-31 00:00:00-05:00,20.81720743643919,20.900341977293596,20.74238508111845,20.775638580322266,749300,0.0,0.0
2024-02-01 00:00:00-05:00,20.825519561767578,20.85046087536563,20.650935123650374,20.825519561767578,145300,0.0,0.0
2024-02-02 00:00:00-05:00,20.742387771606445,20.81721013663237,20.700818910097635,20.742387771606445,89700,0.0,0.0
2024-02-05 00:00:00-05:00,20.76732569508909,20.783953238245235,20.692503336576223,20.700817108154297,52500,0.0,0.0
2024-02-06 00:00:00-05:00,20.75069732692983,20.759011098177368,20.725757598876953,20.725757598876953,15100,0.0,0.0
2024-02-07 00:00:00-05:00,20.759011923511018,20.775639466667165,20.700817108154297,20.700817108154297,34300,0.0,0.0
2024-02-08 00:00:00-05:00,20.767327141855137,20.767327141855137,20.72575986675876,20.734073638916016,20300,0.0,0.0
2024-02-09 00:00:00-05:00,20.765664088848844,20.825520707674176,20.760675508716798,20.800580978393555,61600,0.0,0.0
2024-02-12 00:00:00-05:00,20.783955086217357,20.817210175486473,20.750699996948242,20.750699996948242,19800,0.0,0.0
2024-02-13 00:00:00-05:00,20.69250148784718,20.71744280035307,20.63513757906639,20.65093421936035,83100,0.0,0.0
2024-02-14 00:00:00-05:00,20.725755384217166,20.73406915457633,20.667560577392578,20.667560577392578,16700,0.0,0.0
2024-02-15 00:00:00-05:00,20.70913242721113,20.750699702517796,20.64262383530652,20.6925048828125,62400,0.0,0.0
2024-02-16 00:00:00-05:00,20.68419088113662,20.70081842535078,20.53454774027886,20.584428787231445,140900,0.0,0.0
2024-02-20 00:00:00-05:00,20.617677955237596,20.73406915457633,20.576110689131337,20.667560577392578,86700,0.0,0.0
2024-02-21 00:00:00-05:00,20.667565151904462,20.783954791315058,20.650937607505835,20.6925048828125,42000,0.0,0.0
2024-02-22 00:00:00-05:00,20.742383538328575,20.825518072999547,20.71744222651352,20.783950805664062,35400,0.0,0.0
2024-02-23 00:00:00-05:00,20.808894750050364,20.86708956595822,20.750698348452705,20.800580978393555,53000,0.0,0.0
2024-02-26 00:00:00-05:00,20.867088417764332,20.900341916872012,20.825519561767578,20.825519561767578,84000,0.0,0.0
2024-02-27 00:00:00-05:00,20.88371602053655,20.89202820607021,20.775638580322266,20.775638580322266,59800,0.0,0.0
2024-02-28 00:00:00-05:00,20.800581635553833,20.900343727207744,20.800581635553833,20.867090225219727,49800,0.0,0.0
2024-02-29 00:00:00-05:00,20.875402329766494,21.01673326972928,20.875402329766494,20.97516441345215,85400,0.0,0.0
2024-03-01 00:00:00-05:00,20.95853890716187,20.95853890716187,20.817209539158004,20.875404357910156,74800,0.0,0.0
2024-03-04 00:00:00-05:00,20.87540023633951,20.90033996191505,20.81720542907715,20.81720542907715,34700,0.0,0.0
2024-03-05 00:00:00-05:00,20.858775794301412,20.86708956595822,20.800580978393555,20.800580978393555,27800,0.0,0.0
2024-03-06 00:00:00-05:00,20.808893605058596,20.867088417764332,20.767324749061842,20.825519561767578,167700,0.0,0.0
2024-03-07 00:00:00-05:00,20.90034175704486,20.966850340441347,20.833833173648372,20.916969299316406,61600,0.0,0.0
2024-03-08 00:00:00-05:00,20.9335982237357,21.04998785594179,20.9335982237357,21.000106811523438,44300,0.0,0.0
2024-03-11 00:00:00-04:00,21.1081836936985,21.19963360096657,21.025049144207404,21.07493019104004,62300,0.0,0.0
2024-03-12 00:00:00-04:00,21.07493036149895,21.133125180889365,20.98348045349121,20.98348045349121,36400,0.0,0.0
2024-03-13 00:00:00-04:00,21.049989045035957,21.166378683816788,20.98348045349121,20.98348045349121,29500,0.0,0.0
2024-03-14 00:00:00-04:00,21.033361500727295,21.06661658934462,20.98348045349121,20.98348045349121,29400,0.0,0.0
2024-03-15 00:00:00-04:00,21.008421827967744,21.19963383097567,21.008421827967744,21.183006286621094,20700,0.0,0.0
2024-03-18 00:00:00-04:00,21.141440196349098,21.191321246518633,21.116498878419332,21.166379928588867,19800,0.0,0.0
2024-03-19 00:00:00-04:00,21.18300232002915,21.19962986127016,20.96684904096482,21.033357620239258,57700,0.0,0.0
2024-03-20 00:00:00-04:00,21.03335936640868,21.166376536000516,21.03335936640868,21.12480926513672,22600,0.0,0.0
2024-03-21 00:00:00-04:00,21.12480802372675,21.199630375436403,21.116494252904605,21.191316604614258,11000,0.0,0.0
2024-03-22 00:00:00-04:00,21.199632581664332,21.28276871284804,21.158065308917386,21.249513626098633,20400,0.0,0.0
2024-03-25 00:00:00-04:00,21.282766556152488,21.282766556152488,21.10818053978945,21.141435623168945,21300,0.0,0.0
2024-03-26 00:00:00-04:00,21.162220805067324,21.16637689794888,21.066614811893924,21.13312339782715,14700,0.0,0.0
2024-03-27 00:00:00-04:00,21.133120253917106,21.199628829956055,21.133120253917106,21.199628829956055,11800,0.0,0.0
2024-03-28 00:00:00-04:00,21.191319067334277,21.324336244567704,21.183005295545957,21.299396514892578,9900,0.0,0.0
2024-04-01 00:00:00-04:00,21.349274195875616,21.349274195875616,21.199629498645432,21.266138076782227,15100,0.0,0.0
2024-04-02 00:00:00-04:00,21.291080935770783,21.323503533010086,21.077421934586333,21.25782585144043,29100,0.0,0.0
2024-04-03 00:00:00-04:00,21.274455958794945,21.395834176994576,21.203789688917137,21.324337005615234,30600,0.0,0.0
2024-04-04 00:00:00-04:00,21.40747314077564,21.40747314077564,21.224574911974656,21.324337005615234,17700,0.0,0.0
2024-04-05 00:00:00-04:00,21.382532061806312,21.3908458339836,21.183006286621094,21.183006286621094,35700,0.0,0.0
2024-04-08 00:00:00-04:00,21.19963359571957,21.340964549785294,21.19963359571957,21.324337005615234,22900,0.0,0.0
2024-04-09 00:00:00-04:00,21.340963002439263,21.4091349771797,21.295238052131875,21.33264923095703,21800,0.0,0.0
2024-04-10 00:00:00-04:00,21.332651204679024,21.332651204679024,21.21626156453882,21.28277015686035,16400,0.0,0.0
2024-04-11 00:00:00-04:00,21.282765617738818,21.340960425397316,21.199629498645432,21.266138076782227,16900,0.0,0.0
2024-04-12 00:00:00-04:00,21.365903876078015,21.365903876078015,21.11649549382601,21.12480926513672,21800,0.0,0.0
2024-04-15 00:00:00-04:00,21.14975116674608,21.158064938287797,20.90865654910561,20.991792678833008,110600,0.0,0.0
2024-04-16 00:00:00-04:00,20.991793102936725,21.049987919214693,20.90034319982002,20.950225830078125,55600,0.0,0.0
2024-04-17 00:00:00-04:00,20.99179287532759,21.091556549072266,20.975165332088512,21.091556549072266,27200,0.0,0.0
2024-04-18 00:00:00-04:00,21.074926168213754,21.216257095336914,21.074926168213754,21.216257095336914,20500,0.0,0.0
2024-04-19 00:00:00-04:00,21.216258641100975,21.23288618331269,21.166376014465826,21.207944869995117,8300,0.0,0.0
2024-04-22 00:00:00-04:00,21.19963402003595,21.365906293684752,21.19963402003595,21.28277015686035,22700,0.0,0.0
2024-04-23 00:00:00-04:00,21.324332677489807,21.415782566173977,21.322670874824023,21.407468795776367,16500,0.0,0.0
2024-04-24 00:00:00-04:00,21.432414094456327,21.440727866400714,21.241200511115206,21.316022872924805,35800,0.0,0.0
2024-04-25 00:00:00-04:00,21.36590540093237,21.36590540093237,21.24951417996553,21.35759162902832,21000,0.0,0.0
2024-04-26 00:00:00-04:00,21.374216039982638,21.415784896493943,21.340962540463334,21.365903854370117,16400,0.0,0.0
2024-04-29 00:00:00-04:00,21.365904913464462,21.449039459228516,21.31602228317825,21.449039459228516,33100,0.0,0.0
2024-04-30 00:00:00-04:00,21.46103387158429,21.529572040233802,21.41819812895791,21.486736297607422,62800,0.764,0.0
2024-05-01 00:00:00-04:00,21.512436417555016,21.589542053280056,21.486733994287118,21.580974578857422,43900,0.0,0.0
2024-05-02 00:00:00-04:00,21.5809761511943,21.615244417302872,21.512437984898373,21.57240867614746,15900,0.0,0.0
2024-05-03 00:00:00-04:00,21.572407669913318,21.623810883717894,21.529570296677257,21.54670524597168,16500,0.0,0.0
2024-05-06 00:00:00-04:00,21.606676270634708,21.63237869497629,21.50386984142584,21.555273056030273,34200,0.0,0.0
2024-05-07 00:00:00-04:00,21.623812563436722,21.623812563436722,21.55527439501374,21.58954429626465,24800,0.0,0.0
2024-05-08 00:00:00-04:00,21.555272887482076,21.60667610168457,21.538137938055005,21.60667610168457,4800,0.0,0.0
2024-05-09 00:00:00-04:00,21.546708331384995,21.606679028424374,21.521007537841797,21.521007537841797,36800,0.0,0.0
2024-05-10 00:00:00-04:00,21.521004790986893,21.555273056030273,21.50386984142584,21.555273056030273,34100,0.0,0.0
2024-05-13 00:00:00-04:00,21.555275868246618,21.615246565455674,21.521007598732417,21.529573440551758,29100,0.0,0.0
2024-05-14 00:00:00-04:00,21.580978136615386,21.589545612450422,21.469602584838867,21.469602584838867,12900,0.0,0.0
2024-05-15 00:00:00-04:00,21.572405924476296,21.61524166016779,21.426762135415217,21.49530029296875,45900,0.0,0.0
2024-05-16 00:00:00-04:00,21.469602584838867,21.563843184945316,21.46103510900383,21.469602584838867,26800,0.0,0.0
2024-05-17 00:00:00-04:00,21.503869506814322,21.54670524597168,21.503869506814322,21.54670524597168,9700,0.0,0.0
2024-05-20 00:00:00-04:00,21.572407669913318,21.589542619207744,21.503869506814322,21.54670524597168,8600,0.0,0.0
2024-05-21 00:00:00-04:00,21.555274466256932,21.60667768422436,21.47816882226638,21.486736297607422,18700,0.0,0.0
2024-05-22 00:00:00-04:00,21.512438723630552,21.538139515574848,21.486736297607422,21.486736297607422,16600,0.0,0.0
2024-05-23 00:00:00-04:00,21.461031571019216,21.589542053280056,21.461031571019216,21.580974578857422,20500,0.0,0.0
2024-05-24 00:00:00-04:00,21.57241082004319,21.60239616864772,21.503872646935843,21.529573440551758,12800,0.0,0.0
2024-05-28 00:00:00-04:00,21.52957130091327,21.598109467209195,21.52957130091327,21.57240867614746,30600,0.0,0.0
2024-05-29 00:00:00-04:00,21.546708331384995,21.546708331384995,21.45246936492837,21.521007537841797,34100,0.0,0.0
2024-05-30 00:00:00-04:00,21.580977884554457,21.62381362915039,21.546707981614585,21.62381362915039,7100,0.0,0.0
2024-05-31 00:00:00-04:00,21.623812553930023,21.700918197631836,21.589544286773013,21.700918197631836,11500,0.0,0.0
2024-06-03 00:00:00-04:00,21.700917026128955,21.700917026128955,21.58097564643609,21.615243911743164,11000,0.0,0.0
2024-06-04 00:00:00-04:00,21.675212967906067,21.80372344683816,21.66664712778397,21.72661781311035,19300,0.0,0.0
2024-06-05 00:00:00-04:00,21.72662021911347,21.81229170245062,21.709485268814518,21.79515838623047,11200,0.0,0.0
2024-06-06 00:00:00-04:00,21.76089062662717,21.906534450340143,21.675217500782075,21.752323150634766,23600,0.0,0.0
2024-06-07 00:00:00-04:00,21.73090354417378,21.795158791951568,21.649514979856903,21.700918197631836,9500,0.0,0.0
2024-06-10 00:00:00-04:00,21.640944597553613,21.88939481182421,21.640944597553613,21.675212860107422,7400,0.0,0.0
2024-06-11 00:00:00-04:00,21.76088754852674,21.829425712692228,21.555273056030273,21.555273056030273,16600,0.0,0.0
2024-06-12 00:00:00-04:00,21.63238003874945,21.748038504353016,21.58097682095192,21.58954429626465,28400,0.0,0.0
2024-06-13 00:00:00-04:00,21.58954419489672,21.662365283594742,21.53813934326172,21.53813934326172,32200,0.0,0.0
2024-06-14 00:00:00-04:00,21.538138275688592,21.606676440392565,21.503870010375977,21.503870010375977,30200,0.0,0.0
2024-06-17 00:00:00-04:00,21.50387107625054,21.53813934326172,21.478168650433037,21.53813934326172,27700,0.0,0.0
2024-06-18 00:00:00-04:00,21.55527580725904,21.59811155255033,21.486737634345616,21.521007537841797,26200,0.0,0.0
2024-06-20 00:00:00-04:00,21.503869506814322,21.572407669913318,21.503869506814322,21.54670524597168,11700,0.0,0.0
2024-06-21 00:00:00-04:00,21.555273325286727,21.67521470555489,21.546705850399178,21.666648864746094,8400,0.0,0.0
2024-06-24 00:00:00-04:00,21.63238003874945,21.65808246468763,21.58954429626465,21.58954429626465,6100,0.0,0.0
2024-06-25 00:00:00-04:00,21.71805197582186,21.71805197582186,21.55527322189673,21.615243911743164,16400,0.0,0.0
2024-06-26 00:00:00-04:00,21.615242842469293,21.63237779131456,21.563839630012154,21.580974578857422,18500,0.0,0.0
2024-06-27 00:00:00-04:00,21.580978677864355,21.598111995885198,21.56812664675001,21.582691192626953,11800,0.0,0.0
2024-06-28 00:00:00-04:00,21.57241024910904,21.60239559691998,21.5638427734375,21.5638427734375,5700,0.0,0.0
2024-07-01 00:00:00-04:00,21.6923495512825,21.6923495512825,21.572408171589636,21.615243911743164,14600,0.0,0.0
2024-07-02 00:00:00-04:00,21.589544792039263,21.6752162789762,21.589544792039263,21.658082962036133,13500,0.0,0.0
2024-07-03 00:00:00-04:00,21.718053310558627,21.760889053344727,21.694065033145794,21.760889053344727,3700,0.0,0.0
2024-07-05 00:00:00-04:00,21.743755340576172,21.79516019574083,21.705202516242142,21.743755340576172,19600,0.0,0.0
2024-07-08 00:00:00-04:00,21.760889561535485,21.889398426973752,21.718053817749023,21.718053817749023,26100,0.0,0.0
2024-07-09 00:00:00-04:00,21.769453720287807,21.846559354618634,21.76088624602009,21.786588668823242,7200,0.0,0.0
2024-07-10 00:00:00-04:00,21.803723338400385,21.803723338400385,21.63237712339551,21.675212860107422,84200,0.0,0.0
2024-07-11 00:00:00-04:00,21.709487071212,21.760890292297724,21.709487071212,21.743755340576172,17200,0.0,0.0
2024-07-12 00:00:00-04:00,21.760890292297724,21.820860989244228,21.718054547072775,21.743755340576172,25300,0.0,0.0
2024-07-15 00:00:00-04:00,21.80372643020967,21.820859746876806,21.726620785931615,21.760889053344727,29400,0.0,0.0
2024-07-16 00:00:00-04:00,21.81914841335596,21.820860928075955,21.69235205868241,21.73518943786621,35700,0.0,0.0
2024-07-17 00:00:00-04:00,21.72662235673651,21.76089062662717,21.72662235673651,21.752323150634766,17800,0.0,0.0
2024-07-18 00:00:00-04:00,21.778024512681622,21.820860256468084,21.718053817749023,21.718053817749023,34500,0.0,0.0
2024-07-19 00:00:00-04:00,21.76089062662717,21.77802557861198,21.718054880744102,21.752323150634766,8800,0.0,0.0
2024-07-22 00:00:00-04:00,21.76089062662717,21.78659305460439,21.743755674642358,21.752323150634766,21700,0.0,0.0
2024-07-23 00:00:00-04:00,21.743753940097807,21.803726267260526,21.598110128003142,21.700918197631836,193000,0.0,0.0
2024-07-24 00:00:00-04:00,21.700919947186378,21.71805489918574,21.6323817732679,21.640949249267578,44100,0.0,0.0
2024-07-25 00:00:00-04:00,21.71805489918574,21.7351898511851,21.62381429726822,21.640949249267578,47400,0.0,0.0
2024-07-26 00:00:00-04:00,21.77802226376986,21.77802226376986,21.65979340078087,21.709484100341797,25000,0.0,0.0
2024-07-29 00:00:00-04:00,21.692349651332346,21.79515771588522,21.68378217644638,21.77802276611328,47300,0.0,0.0
2024-07-30 00:00:00-04:00,21.778024512681622,21.778024512681622,21.692351391029817,21.718053817749023,38000,0.0,0.0
2024-07-31 00:00:00-04:00,21.74375410259875,21.795158954836683,21.700918359812647,21.760889053344727,48500,0.0,0.0
2024-08-01 00:00:00-04:00,21.85285780044534,21.896650433078758,21.738994282667495,21.747753143310547,129400,0.555,0.0
2024-08-02 00:00:00-04:00,21.747751455629004,21.782786895482378,21.695199966430664,21.695199966430664,77200,0.0,0.0
2024-08-05 00:00:00-04:00,21.607612410346054,21.73023310511108,21.458715136453517,21.712717056274414,64700,0.0,0.0
2024-08-06 00:00:00-04:00,21.82658058529512,21.82658058529512,21.703959881013475,21.765270233154297,28100,0.0,0.0
2024-08-07 00:00:00-04:00,21.765266104651367,21.809058727707576,21.765266104651367,21.774024963378906,24500,0.0,0.0
2024-08-08 00:00:00-04:00,21.861611471794173,21.861611471794173,21.703957017339867,21.738990783691406,30000,0.0,0.0
2024-08-09 00:00:00-04:00,21.72147412439296,21.844096489056536,21.72147412439296,21.80906105041504,29400,0.0,0.0
2024-08-12 00:00:00-04:00,21.85285459922752,21.8878883660858,21.73023223876953,21.73023223876953,16600,0.0,0.0
2024-08-13 00:00:00-04:00,21.782788585882763,21.80906349723007,21.70396051067713,21.747753143310547,34800,0.0,0.0
2024-08-14 00:00:00-04:00,21.765267676209415,21.800301443067696,21.73023223876953,21.73023223876953,33000,0.0,0.0
2024-08-15 00:00:00-04:00,21.80906349723007,21.80906349723007,21.712719371320183,21.747753143310547,59800,0.0,0.0
2024-08-16 00:00:00-04:00,21.78278795393219,21.809062864517227,21.721475931209564,21.765270233154297,70100,0.0,0.0
2024-08-19 00:00:00-04:00,21.800302619405556,21.913289071257168,21.765268850656867,21.896648406982422,71300,0.0,0.0
2024-08-20 00:00:00-04:00,21.940441730867114,22.045546381607394,21.87037252056751,21.953580856323242,27700,0.0,0.0
2024-08-21 00:00:00-04:00,21.931685639382195,22.045547485351562,21.896650197187416,22.045547485351562,20000,0.0,0.0
2024-08-22 00:00:00-04:00,22.05430655657934,22.05430655657934,21.89665040636045,21.94044303894043,31900,0.0,0.0
2024-08-23 00:00:00-04:00,21.940441463532572,22.054304972995645,21.940441463532572,21.984235763549805,13700,0.0,0.0
2024-08-26 00:00:00-04:00,21.98423480029456,22.054304006670268,21.940440502196207,21.957958221435547,22900,0.0,0.0
2024-08-27 00:00:00-04:00,22.0017527380961,22.0017527380961,21.905406951904297,21.905406951904297,9600,0.0,0.0
2024-08-28 00:00:00-04:00,21.975476903546358,21.984235763549805,21.931684274110857,21.984235763549805,15900,0.0,0.0
2024-08-29 00:00:00-04:00,22.000001043323316,22.019269532981863,21.96671804354291,21.984235763549805,15700,0.0,0.0
2024-08-30 00:00:00-04:00,22.019270054639446,22.0280289148504,21.870372772216797,21.870372772216797,53900,0.0,0.0
2024-09-03 00:00:00-04:00,21.949200953196627,22.010511304397845,21.90540832250484,21.966718673706055,12500,0.0,0.0
2024-09-04 00:00:00-04:00,21.966719318694622,22.010511950672253,21.914167826205098,22.001754760742188,18200,0.0,0.0
2024-09-05 00:00:00-04:00,22.01926740741655,22.05430284404829,22.00262674442357,22.036785125732422,6600,0.0,0.0
2024-09-06 00:00:00-04:00,22.010510672978416,22.0455461129922,21.957959183539465,21.984235763549805,12200,0.0,0.0
2024-09-09 00:00:00-04:00,22.02802732682207,22.106855392456055,21.9851100842896,22.106855392456055,27500,0.0,0.0
2024-09-10 00:00:00-04:00,22.089340538341137,22.14189370263451,22.01927132319851,22.133134841918945,19300,0.0,0.0
2024-09-11 00:00:00-04:00,22.071821624719643,22.141890830774113,22.063062765140128,22.106855392456055,20900,0.0,0.0
2024-09-12 00:00:00-04:00,22.106856890227185,22.133133470746007,22.071823120117188,22.071823120117188,8400,0.0,0.0
2024-09-13 00:00:00-04:00,22.106857407718046,22.203203201293945,22.10510663799153,22.203203201293945,13800,0.0,0.0
2024-09-16 00:00:00-04:00,22.229476613845083,22.290788632359195,22.141891357131154,22.238235473632812,23000,0.0,0.0
2024-09-17 00:00:00-04:00,22.22071869836864,22.25137387133291,22.159406681858474,22.211959838867188,10200,0.0,0.0
2024-09-18 00:00:00-04:00,22.20320170506358,22.282029772571466,22.124373637555692,22.238235473632812,32000,0.0,0.0
2024-09-19 00:00:00-04:00,22.21196003346734,22.369616164711452,22.159406875998204,22.299545288085938,31900,0.0,0.0
2024-09-20 00:00:00-04:00,22.246993194639835,22.37837274356735,22.246993194639835,22.36961555480957,9500,0.0,0.0
2024-09-23 00:00:00-04:00,22.422169993974755,22.465087240984165,22.37837569150875,22.387134552001953,21600,0.0,0.0
2024-09-24 00:00:00-04:00,22.404652064876476,22.500997858824928,22.404652064876476,22.492238998413086,27300,0.0,0.0
2024-09-25 00:00:00-04:00,22.500996265725984,22.500996265725984,22.422168198182344,22.483478546142578,6800,0.0,0.0
2024-09-26 00:00:00-04:00,22.492238036410495,22.492238036410495,22.334581896903977,22.465961456298828,18300,0.0,0.0
2024-09-27 00:00:00-04:00,22.492238998413086,22.492238998413086,22.421294400833517,22.492238998413086,11500,0.0,0.0
2024-09-30 00:00:00-04:00,22.492237193936113,22.492237193936113,22.343339920043945,22.343339920043945,11400,0.0,0.0
2024-10-01 00:00:00-04:00,22.3433401306387,22.492237405934283,22.3433401306387,22.483478546142578,10500,0.0,0.0
2024-10-02 00:00:00-04:00,22.52726957831699,22.52726957831699,22.43092546859823,22.47471809387207,10000,0.0,0.0
2024-10-03 00:00:00-04:00,22.509755344923317,22.509755344923317,22.42216841673425,22.430927276611328,5800,0.0,0.0
2024-10-04 00:00:00-04:00,22.43092696177906,22.483478449722227,22.43092696177906,22.439685821533203,4300,0.0,0.0
2024-10-07 00:00:00-04:00,22.439684117718446,22.527269367446262,22.360856056498164,22.37749671936035,13800,0.0,0.0
2024-10-08 00:00:00-04:00,22.378373899223828,22.492237405934283,22.334581270846996,22.483478546142578,11000,0.0,0.0
2024-10-09 00:00:00-04:00,22.518513277841397,22.527272138007714,22.448444067092606,22.509756088256836,6900,0.0,0.0
2024-10-10 00:00:00-04:00,22.527271979631998,22.527271979631998,22.39151382446289,22.39151382446289,15700,0.0,0.0
2024-10-11 00:00:00-04:00,22.413410297009094,22.527272138007714,22.413410297009094,22.509756088256836,5300,0.0,0.0
2024-10-14 00:00:00-04:00,22.439687599257667,22.553549443918538,22.360859525807136,22.53603172302246,15500,0.0,0.0
2024-10-15 00:00:00-04:00,22.509754495532896,22.509754495532896,22.448442478706923,22.500995635986328,24200,0.0,0.0
2024-10-16 00:00:00-04:00,22.465957769075857,22.614855024107406,22.465957769075857,22.56230354309082,31900,0.0,0.0
2024-10-17 00:00:00-04:00,22.49223730947637,22.49223730947637,22.354726719557885,22.439685821533203,47500,0.0,0.0
2024-10-18 00:00:00-04:00,22.378372939864033,22.483477582276954,22.378372939864033,22.45720100402832,20100,0.0,0.0
2024-10-21 00:00:00-04:00,22.492237405934283,22.500996265725984,22.430927057974046,22.483478546142578,13500,0.0,0.0
2024-10-22 00:00:00-04:00,22.50099541932583,22.571064624442037,22.378373057436246,22.553546905517578,24700,0.0,0.0
2024-10-23 00:00:00-04:00,22.535156245023845,22.55354935071417,22.3792525390894,22.492238998413086,26600,0.0,0.0
2024-10-24 00:00:00-04:00,22.483478765292087,22.492237625169164,22.379251172743764,22.430927276611328,20200,0.0,0.0
2024-10-25 00:00:00-04:00,22.46596167692525,22.46596167692525,22.352099836486666,22.413410186767578,17200,0.0,0.0
2024-10-28 00:00:00-04:00,22.37837452650835,22.509755756484935,22.37837452650835,22.465961456298828,17500,0.0,0.0
2024-10-29 00:00:00-04:00,22.360857754327615,22.50975502898465,22.360857754327615,22.439685821533203,18500,0.0,0.0
2024-10-30 00:00:00-04:00,22.457203765365737,22.457203765365737,22.369618501597373,22.387134552001953,4000,0.0,0.0
2024-10-31 00:00:00-04:00,22.360858382270415,22.422168731689453,22.334581802270087,22.422168731689453,25300,0.0,0.0
2024-11-01 00:00:00-04:00,22.614651179829906,22.614651179829906,22.453501374725832,22.507217407226562,25800,0.555,0.0
2024-11-04 00:00:00-05:00,22.578841054213797,22.578841054213797,22.426644194326784,22.480361938476562,20500,0.0,0.0
2024-11-05 00:00:00-05:00,22.498266282769848,22.516172197595616,22.444550245894558,22.489315032958984,7700,0.0,0.0
2024-11-06 00:00:00-05:00,22.471408156731272,22.498265320218863,22.381880294034744,22.42664337158203,17200,0.0,0.0
2024-11-07 00:00:00-05:00,22.49826600830313,22.49826600830313,22.42664405747582,22.47140884399414,12200,0.0,0.0
2024-11-08 00:00:00-05:00,22.51438144686713,22.56093579840509,22.507218056752258,22.53318214416504,5800,0.0,0.0
2024-11-11 00:00:00-05:00,22.632559635009,22.632559635009,22.534078808029264,22.58063316345215,8300,0.0,0.0
2024-11-12 00:00:00-05:00,22.46245446887951,22.61465131823126,22.46245446887951,22.516170501708984,12800,0.0,0.0
2024-11-13 00:00:00-05:00,22.5698865952976,22.614651379110914,22.471407486112106,22.48752212524414,9400,0.0,0.0
2024-11-14 00:00:00-05:00,22.516169361992798,22.587791304674056,22.516169361992798,22.578838348388672,9100,0.0,0.0
2024-11-15 00:00:00-05:00,22.605698576852408,22.614651533676263,22.56093550033505,22.562725067138672,12000,0.0,0.0
2024-11-18 00:00:00-05:00,22.632558846575883,22.829518786071933,22.489314943742023,22.78475570678711,16000,0.0,0.0
2024-11-19 00:00:00-05:00,22.614652008590358,22.668368043059623,22.471408111604354,22.560935974121094,11100,0.0,0.0
2024-11-20 00:00:00-05:00,22.516170501708984,22.543029371924668,22.489313339095194,22.516170501708984,1500,0.0,0.0
2024-11-21 00:00:00-05:00,22.51617091444822,22.578839905165026,22.48931375134212,22.54302978515625,4700,0.0,0.0
2024-11-22 00:00:00-05:00,22.534076139259877,22.57883921480267,22.48931306371708,22.49826431274414,6200,0.0,0.0
2024-11-25 00:00:00-05:00,22.578840073822157,22.704179763793945,22.569887116852605,22.704179763793945,3000,0.0,0.0
2024-11-26 00:00:00-05:00,22.65046480210122,22.68627663437498,22.534079762415793,22.623607635498047,2400,0.0,0.0
2024-11-27 00:00:00-05:00,22.693435119557943,22.695226393960045,22.65046160992663,22.67732048034668,5000,0.0,0.0
2024-11-29 00:00:00-05:00,22.69522701928108,22.731037139892578,22.650462234014267,22.731037139892578,12800,0.0,0.0
2024-12-02 00:00:00-05:00,22.65046480210122,22.68627663437498,22.534079762415793,22.623607635498047,8700,0.0,0.0
2024-12-03 00:00:00-05:00,22.614651594704043,22.659414671342198,22.5161707769778,22.534076690673828,6400,0.0,0.0
2024-12-04 00:00:00-05:00,22.55377217117831,22.572572868278566,22.5161707769778,22.534076690673828,13500,0.0,0.0
2024-12-05 00:00:00-05:00,22.540343589707245,22.56093556121787,22.5161707769778,22.534076690673828,16000,0.0,0.0
2024-12-06 00:00:00-05:00,22.560935974121094,22.59674609456662,22.543030060097355,22.560935974121094,10200,0.0,0.0
2024-12-09 00:00:00-05:00,22.605701309957077,22.605701309957077,22.560938228027712,22.59674835205078,1800,0.0,0.0
2024-12-10 00:00:00-05:00,22.605697217244824,22.605697217244824,22.516169361992798,22.578838348388672,14500,0.0,0.0
2024-12-11 00:00:00-05:00,22.574363570634812,22.60569806500786,22.54302907626176,22.565410614013672,8400,0.0,0.0
2024-12-12 00:00:00-05:00,22.574364493549435,22.57525927696757,22.551982954882494,22.569887161254883,2700,0.0,0.0
2024-12-13 00:00:00-05:00,22.59674581897038,22.59674581897038,22.525123871350896,22.54302978515625,4900,0.0,0.0
2024-12-16 00:00:00-05:00,22.59674835205078,22.605701309957077,22.517068222006223,22.59674835205078,2600,0.0,0.0
2024-12-17 00:00:00-05:00,22.578839767311983,22.605698637856026,22.5161707769778,22.534076690673828,20900,0.0,0.0
2024-12-18 00:00:00-05:00,22.605698499729286,22.605698499729286,22.507217682604786,22.525123596191406,14900,0.0,0.0
2024-12-19 00:00:00-05:00,22.587795394144482,22.59674835205078,22.498267522683637,22.59674835205078,7600,0.0,0.0
2024-12-20 00:00:00-05:00,22.51617193538595,22.560936721929075,22.513485877433165,22.53765869140625,4200,0.0,0.0
2024-12-23 00:00:00-05:00,22.596745681008013,22.596745681008013,22.471407700339643,22.534076690673828,8000,0.0,0.0
2024-12-24 00:00:00-05:00,22.539448668581084,22.539448668581084,22.489313476620076,22.525123596191406,1700,0.0,0.0
2024-12-26 00:00:00-05:00,22.516172060307735,22.560936847099217,22.47588460599641,22.480361938476562,14600,0.0,0.0
2024-12-27 00:00:00-05:00,22.489316408252424,22.605701446533203,22.47141049233165,22.605701446533203,6600,0.0,0.0
2024-12-30 00:00:00-05:00,22.605701446533203,22.605701446533203,22.525126532491846,22.605701446533203,9300,0.0,0.0
2024-12-31 00:00:00-05:00,22.605699838362703,22.775802612304688,22.471408893714614,22.775802612304688,21800,0.0,0.0
2025-01-02 00:00:00-05:00,22.65941442911195,22.695226256121177,22.58779248269539,22.668367385864258,3400,0.0,0.0
2025-01-03 00:00:00-05:00,22.668370896902765,22.71761131286621,22.560938814439034,22.71761131286621,17700,0.0,0.0
2025-01-06 00:00:00-05:00,22.695228054343797,22.704181011805478,22.605700187329017,22.611967086791992,10400,0.0,0.0
2025-01-07 00:00:00-05:00,22.62360444710849,22.695226393960045,22.56093545706362,22.67732048034668,12400,0.0,0.0
2025-01-08 00:00:00-05:00,22.62360444710849,22.78475425442496,22.62360444710849,22.67732048034668,9500,0.0,0.0
2025-01-10 00:00:00-05:00,22.65046314358485,22.731038052698796,22.45350320330744,22.489315032958984,39800,0.0,0.0
2025-01-13 00:00:00-05:00,22.507217957545546,22.61465173277573,22.49826500064287,22.54302978515625,16400,0.0,0.0
2025-01-14 00:00:00-05:00,22.641513278374752,22.65046452873301,22.605701446533203,22.605701446533203,9700,0.0,0.0
2025-01-15 00:00:00-05:00,22.641511779999732,22.695227816605097,22.605699950528145,22.632558822631836,16700,0.0,0.0
2025-01-16 00:00:00-05:00,22.659417969747928,22.721192185670017,22.63256080289635,22.65046501159668,7700,0.0,0.0
2025-01-17 00:00:00-05:00,22.65046501159668,22.77580471811197,22.65046501159668,22.65046501159668,15100,0.0,0.0
2025-01-21 00:00:00-05:00,22.650460471062903,22.78385661785208,22.650460471062903,22.739988327026367,11000,0.0,0.0
2025-01-22 00:00:00-05:00,22.739991868260283,22.739991868260283,22.668369913856395,22.72208595275879,7300,0.0,0.0
2025-01-23 00:00:00-05:00,22.69522784061544,22.78475570678711,22.69522784061544,22.78475570678711,4600,0.0,0.0
2025-01-24 00:00:00-05:00,22.78475310880901,22.78475310880901,22.731035370669836,22.739988327026367,7600,0.0,0.0
2025-01-27 00:00:00-05:00,22.677323280510723,22.820567191901386,22.677323280510723,22.748945236206055,5900,0.0,0.0
2025-01-28 00:00:00-05:00,22.766850804676423,22.82951980150343,22.713134765625,22.713134765625,7300,0.0,0.0
2025-01-29 00:00:00-05:00,22.713131165558604,22.739988327026367,22.713131165558604,22.739988327026367,6800,0.0,0.0
2025-01-30 00:00:00-05:00,22.739991868260283,22.798185239839093,22.72208595275879,22.72208595275879,10800,0.0,0.0
2025-01-31 00:00:00-05:00,22.854801379822614,22.973790113208338,22.790731329127816,22.937177658081055,39000,0.555,0.0
2025-02-03 00:00:00-05:00,22.99209634077198,22.99209634077198,22.882260721168077,22.937177658081055,5800,0.0,0.0
2025-02-04 00:00:00-05:00,22.937180008766642,22.950910553735504,22.900569295665306,22.924365997314453,13400,0.0,0.0
2025-02-05 00:00:00-05:00,22.918874236833588,22.937178719466296,22.891414894217483,22.90056800842285,17000,0.0,0.0
2025-02-06 00:00:00-05:00,22.918873479671152,22.94633107560212,22.87310791015625,22.87310791015625,13900,0.0,0.0
2025-02-07 00:00:00-05:00,22.91887398464794,22.93717846707924,22.882261528229332,22.891414642333984,3900,0.0,0.0
2025-02-10 00:00:00-05:00,22.90972087054329,22.94633158118389,22.891414642333984,22.891414642333984,6400,0.0,0.0
2025-02-11 00:00:00-05:00,22.900568260205716,22.928025857345677,22.882262031593708,22.90972137451172,7400,0.0,0.0
2025-02-12 00:00:00-05:00,22.918873732260543,22.928025100486412,22.843819244895712,22.882261276245117,25500,0.0,0.0
2025-02-13 00:00:00-05:00,22.882261528229332,22.91887398464794,22.831920273542746,22.891414642333984,22800,0.0,0.0
2025-02-14 00:00:00-05:00,22.8914137896632,22.95548384023125,22.8914137896632,22.932601928710938,7800,0.0,0.0
2025-02-18 00:00:00-05:00,22.964637756347656,22.964637756347656,22.946331528180636,22.964637756347656,7400,0.0,0.0
2025-02-19 00:00:00-05:00,22.964636746716575,22.973789860397673,22.928024291992188,22.928024291992188,12600,0.0,0.0
2025-02-20 00:00:00-05:00,22.950907949083895,22.964636746716575,22.882260469364628,22.928024291992188,6900,0.0,0.0
2025-02-21 00:00:00-05:00,22.96463800825261,22.973791122436523,22.946331779884783,22.973791122436523,5100,0.0,0.0
2025-02-24 00:00:00-05:00,22.973789810799772,23.01955363332853,22.964636697138438,23.00124740600586,5200,0.0,0.0
2025-02-25 00:00:00-05:00,23.00124740600586,23.083623683179965,22.992096038122448,23.00124740600586,11000,0.0,0.0
2025-02-26 00:00:00-05:00,23.05616594767366,23.083623542712658,23.02870660685674,23.065319061279297,3000,0.0,0.0
2025-02-27 00:00:00-05:00,23.019553885856475,23.065319454665214,22.982943176587426,23.010400772094727,2200,0.0,0.0
2025-02-28 00:00:00-05:00,23.111084397812235,23.111084397812235,22.836497954763303,22.90056800842285,49900,0.0,0.0
2025-03-03 00:00:00-05:00,22.90971981040792,22.964636746716575,22.882260469364628,22.928024291992188,22300,0.0,0.0
2025-03-04 00:00:00-05:00,22.928025841612875,22.928025841612875,22.809038847272575,22.883176803588867,21200,0.0,0.0
2025-03-05 00:00:00-05:00,22.92802479640499,22.955484138052384,22.892328874307957,22.946331024169922,8600,0.0,0.0
2025-03-06 00:00:00-05:00,22.90971981040792,23.001247455663037,22.818190419374876,22.928024291992188,32400,0.0,0.0
2025-03-07 00:00:00-05:00,22.97379117628777,22.97379117628777,22.873108665806747,22.90056800842285,23200,0.0,0.0
2025-03-10 00:00:00-04:00,22.92802656467177,22.92802656467177,22.69005256848642,22.790733337402344,33100,0.0,0.0
2025-03-11 00:00:00-04:00,22.799885100761205,22.844734137541604,22.6992025920341,22.735815048217773,34500,0.0,0.0
2025-03-12 00:00:00-04:00,22.76327439035553,22.76327439035553,22.653438767582507,22.735815048217773,36300,0.0,0.0
2025-03-13 00:00:00-04:00,22.735815048217773,22.790731986715286,22.68547379385422,22.735815048217773,26100,0.0,0.0
2025-03-14 00:00:00-04:00,22.86395510060237,22.86395510060237,22.73581499581088,22.809038162231445,24800,0.0,0.0
2025-03-17 00:00:00-04:00,22.81819222790652,22.928026109229076,22.81819222790652,22.918874740600586,20900,0.0,0.0
2025-03-18 00:00:00-04:00,22.937179223635635,22.939010544828175,22.744969058432122,22.918874740600586,15500,0.0,0.0
2025-03-19 00:00:00-04:00,22.882260469364628,22.953652311988087,22.882260469364628,22.928024291992188,2400,0.0,0.0
2025-03-20 00:00:00-04:00,22.969213136406303,23.02870750427246,22.944501649063792,23.02870750427246,7100,0.0,0.0
2025-03-21 00:00:00-04:00,22.9554843383518,23.02870750427246,22.9554843383518,23.02870750427246,7700,0.0,0.0
2025-03-24 00:00:00-04:00,22.973790618224843,23.028707556345022,22.928025048309706,22.95548439025879,7500,0.0,0.0
2025-03-25 00:00:00-04:00,22.973790062825678,23.010400772094727,22.96463694906393,23.010400772094727,5100,0.0,0.0
2025-03-26 00:00:00-04:00,22.973790062825678,23.03786011337997,22.92802449401694,23.010400772094727,9700,0.0,0.0
2025-03-27 00:00:00-04:00,22.93717866570087,23.11108434363917,22.90056795474324,22.973791122436523,11600,0.0,0.0
2025-03-28 00:00:00-04:00,23.074471380482173,23.092777608448227,22.90972056612164,22.95548439025879,14600,0.0,0.0
2025-03-31 00:00:00-04:00,22.900567200535566,23.06531975886399,22.882260972770638,22.946331024169922,22700,0.0,0.0
2025-04-01 00:00:00-04:00,22.891413784747893,23.129389505219503,22.891413784747893,23.010400772094727,10300,0.0,0.0
2025-04-02 00:00:00-04:00,23.047014077438607,23.275836692590655,23.047014077438607,23.26668357849121,30800,0.0,0.0
2025-04-03 00:00:00-04:00,23.18430745733307,23.202613685658257,23.047014236450195,23.047014236450195,35600,0.0,0.0
2025-04-04 00:00:00-04:00,22.937177492698233,23.065319338941844,22.653437950619406,22.677234649658203,56800,0.0,0.0
2025-04-07 00:00:00-04:00,22.49783862023445,22.67174429013903,21.98527647005973,22.259862899780273,38000,0.0,0.0
2025-04-08 00:00:00-04:00,22.406313256648307,22.69005459691939,22.085961200528917,22.342243194580078,52500,0.0,0.0
2025-04-09 00:00:00-04:00,22.351392047198434,22.690050269543256,22.168333265534542,22.548179626464844,54400,0.0,0.0
2025-04-10 00:00:00-04:00,22.53445229504313,22.790732511113674,22.241557876168446,22.37885284423828,29200,0.0,0.0
2025-04-11 00:00:00-04:00,22.333085417586414,22.58936735814382,22.214098433692765,22.305627822875977,35500,0.0,0.0
2025-04-14 00:00:00-04:00,22.34223972778979,22.598521682074313,22.34223972778979,22.580215454101562,13200,0.0,0.0
2025-04-15 00:00:00-04:00,22.580214949487477,22.677234813174504,22.548179924140065,22.561908721923828,11600,0.0,0.0
2025-04-16 00:00:00-04:00,22.561910572802585,22.772426969720524,22.561910572802585,22.635133743286133,22100,0.0,0.0
2025-04-17 00:00:00-04:00,22.543603197109114,22.75412132909763,22.543603197109114,22.6625919342041,21200,0.0,0.0
2025-04-21 00:00:00-04:00,22.66259087508267,22.744967152059246,22.66259087508267,22.699201583862305,19000,0.0,0.0
2025-04-22 00:00:00-04:00,22.70835680119293,22.973791883991204,22.70835680119293,22.781579971313477,22000,0.0,0.0
2025-04-23 00:00:00-04:00,22.809037305693778,22.973789860397673,22.809037305693778,22.928024291992188,8100,0.0,0.0
2025-04-24 00:00:00-04:00,22.96463800825261,23.101931229455257,22.928025551516956,22.973791122436523,13700,0.0,0.0
2025-04-25 00:00:00-04:00,23.03328403654852,23.111082883529576,22.955483443789547,23.065319061279297,8000,0.0,0.0
2025-04-28 00:00:00-04:00,23.11108353102642,23.11108353102642,22.949991869454166,23.019554138183594,23500,0.0,0.0
2025-04-29 00:00:00-04:00,23.07905005309274,23.156848907470703,23.047015025316156,23.156848907470703,7700,0.0,0.0
2025-04-30 00:00:00-04:00,23.04701283406802,23.239222982452688,23.04701283406802,23.065319061279297,11800,0.0,0.0
2025-05-01 00:00:00-04:00,23.210384393266974,23.388206391898855,23.210384393266974,23.241270065307617,16400,0.555,0.0
2025-05-02 00:00:00-04:00,23.25717854178453,23.31333219451744,23.041921385398016,23.191665649414062,23400,0.0,0.0
2025-05-05 00:00:00-04:00,23.1729487178017,23.472437265835882,23.163589477539062,23.163589477539062,12800,0.0,0.0
2025-05-06 00:00:00-04:00,23.239397003046104,23.294615271030878,23.08871734053052,23.163589477539062,30900,0.0,0.0
2025-05-07 00:00:00-04:00,23.182308218826485,23.28525629268838,23.098076840607842,23.222551345825195,12000,0.0,0.0
2025-05-08 00:00:00-04:00,23.303974032309487,23.303974032309487,23.11679458618164,23.11679458618164,3700,0.0,0.0
2025-05-09 00:00:00-04:00,23.14487223462118,23.28525727588233,23.135512993858082,23.173885345458984,8500,0.0,0.0
2025-05-12 00:00:00-04:00,23.491155867480387,23.491155867480387,23.116795180507477,23.172948837280273,16100,0.0,0.0
2025-05-13 00:00:00-04:00,23.17294812457538,23.34141087480511,23.11679446952964,23.275897979736328,22900,0.0,0.0
2025-05-14 00:00:00-04:00,23.257179617050653,23.332051752520297,23.11679458618164,23.11679458618164,15700,0.0,0.0
2025-05-15 00:00:00-04:00,23.11679458618164,23.294614792239216,23.11679458618164,23.11679458618164,14500,0.0,0.0
2025-05-16 00:00:00-04:00,23.154229761370203,23.238461136910114,23.11679458618164,23.11679458618164,8900,0.0,0.0
2025-05-19 00:00:00-04:00,23.116795890526713,23.303975347215996,23.116795890526713,23.238462448120117,9600,0.0,0.0
2025-05-20 00:00:00-04:00,23.21974193379002,23.21974193379002,22.99512553437484,23.060638427734375,37500,0.0,0.0
2025-05-21 00:00:00-04:00,23.018523931107012,23.247820854810247,23.018523931107012,23.163589477539062,12400,0.0,0.0
2025-05-22 00:00:00-04:00,23.13551128122966,23.191666721651284,23.013844730501187,23.11679458618164,5500,0.0,0.0
2025-05-23 00:00:00-04:00,23.11679423153859,23.285255194941477,23.051279552051785,23.257179260253906,14800,0.0,0.0
2025-05-27 00:00:00-04:00,23.257179499690245,23.30397391471294,23.21506381213281,23.275897979736328,16000,0.0,0.0
2025-05-28 00:00:00-04:00,23.285254714331185,23.303973193798207,23.219741821289062,23.219741821289062,10800,0.0,0.0
2025-05-29 00:00:00-04:00,23.24782239874741,23.34141302249678,23.219744676094795,23.30397605895996,16100,0.0,0.0
2025-05-30 00:00:00-04:00,23.35076830417635,23.39756271557054,23.126150131225586,23.126150131225586,51100,0.0,0.0
2025-06-02 00:00:00-04:00,23.201025006955177,23.238460180603212,23.116793634881546,23.21038246154785,15500,0.0,0.0
2025-06-03 00:00:00-04:00,23.238460182806858,23.322691554888475,23.135510331353224,23.201025009155273,21200,0.0,0.0
2025-06-04 00:00:00-04:00,23.2384629206269,23.303975821054856,23.210385198260926,23.28525733947754,26200,0.0,0.0
2025-06-05 00:00:00-04:00,23.288063741413033,23.332051991684953,23.219742894783007,23.31333351135254,9600,0.0,0.0
2025-06-06 00:00:00-04:00,23.322692154648223,23.322692154648223,23.210383060620476,23.257179260253906,10500,0.0,0.0
2025-06-09 00:00:00-04:00,23.238461019644163,23.48179590496571,23.21038329957504,23.275897979736328,13900,0.0,0.0
2025-06-10 00:00:00-04:00,23.30397572541312,23.350771929164356,23.219744343753547,23.30678367614746,16000,0.0,0.0
2025-06-11 00:00:00-04:00,23.238460660634246,23.341410514204725,23.229101420755793,23.247819900512695,11200,0.0,0.0
2025-06-12 00:00:00-04:00,23.303975227689122,23.350771430440886,23.229103088378906,23.229103088378906,14700,0.0,0.0
2025-06-13 00:00:00-04:00,23.30397367479485,23.350769874428284,23.210383060620476,23.257179260253906,7100,0.0,0.0
2025-06-16 00:00:00-04:00,23.257179140391145,23.30397355469092,23.20102548621292,23.247819900512695,20800,0.0,0.0
2025-06-17 00:00:00-04:00,23.229101660095584,23.29461455482727,23.201025725263435,23.266538619995117,11400,0.0,0.0
2025-06-18 00:00:00-04:00,23.303974510048548,23.33205223083496,23.229102373044004,23.33205223083496,9700,0.0,0.0
2025-06-20 00:00:00-04:00,23.257179855447834,23.37884640742345,23.249691392259347,23.31333351135254,9300,0.0,0.0
2025-06-23 00:00:00-04:00,23.350772263380986,23.444361102037682,23.245949836533498,23.30397605895996,8700,0.0,0.0
2025-06-24 00:00:00-04:00,23.322691801140024,23.41628241389582,23.322691801140024,23.397563934326172,9800,0.0,0.0
2025-06-25 00:00:00-04:00,23.397565364137016,23.453719021185023,23.303974745661954,23.36012840270996,13900,0.0,0.0
2025-06-26 00:00:00-04:00,23.39756631768688,23.50051618071435,23.350771899088564,23.43500328063965,21100,0.0,0.0
2025-06-27 00:00:00-04:00,23.50987372235363,23.50987372235363,23.374167419096537,23.422834396362305,18900,0.0,0.0
2025-06-30 00:00:00-04:00,23.350769874428284,23.500514143070287,23.257179260253906,23.257179260253906,68200,0.0,0.0
2025-07-01 00:00:00-04:00,23.303974152955263,23.48179614502595,23.303974152955263,23.472436904907227,16300,0.0,0.0
2025-07-02 00:00:00-04:00,23.449040244052508,23.491155933022753,23.397565314745258,23.457462310791016,17500,0.0,0.0
2025-07-03 00:00:00-04:00,23.461206649768652,23.500514386812934,23.346089604059678,23.449039459228516,14000,0.0,0.0
2025-07-07 00:00:00-04:00,23.49115562438965,23.50051486460369,23.38352703956698,23.49115562438965,13800,0.0,0.0
2025-07-08 00:00:00-04:00,23.556668400887116,23.556668400887116,23.471501635993157,23.481796264648438,5400,0.0,0.0
2025-07-09 00:00:00-04:00,23.537949680641553,23.54543814375387,23.444359065024003,23.463077545166016,27600,0.0,0.0
2025-07-10 00:00:00-04:00,23.47243547832385,23.559474799554717,23.453716999224056,23.509872436523438,15400,0.0,0.0
2025-07-11 00:00:00-04:00,23.463076596000565,23.559475158249004,23.463076596000565,23.54730796813965,13900,0.0,0.0
2025-07-14 00:00:00-04:00,23.537948848400685,23.575385807361037,23.508000352287873,23.55666732788086,18900,0.0,0.0
2025-07-15 00:00:00-04:00,23.55198896006041,23.624988532017944,23.519230727923844,23.584745407104492,31200,0.0,0.0
2025-07-16 00:00:00-04:00,23.640901446637827,23.640901446637827,23.575388545939514,23.631542205810547,4900,0.0,0.0
2025-07-17 00:00:00-04:00,23.659618258110932,23.668977498277524,23.584746121870715,23.650259017944336,20200,0.0,0.0
2025-07-18 00:00:00-04:00,23.65025889832238,24.801418656602873,23.602527309241935,23.640899658203125,6200,0.0,0.0
2025-07-21 00:00:00-04:00,23.76256656706734,23.856157184575398,23.65961849439177,23.678335189819336,5200,0.0,0.0
2025-07-22 00:00:00-04:00,23.698926471409674,23.71577239001064,23.697053909301758,23.697053909301758,5000,0.0,0.0
2025-07-23 00:00:00-04:00,23.70641279058161,23.837438583374023,23.687694310156253,23.837438583374023,10300,0.0,0.0
2025-07-24 00:00:00-04:00,23.856158141403416,23.856158141403416,23.74385082396334,23.7625675201416,7000,0.0,0.0
2025-07-25 00:00:00-04:00,23.762567400988903,23.828080300015884,23.71577298313895,23.75320816040039,10800,0.0,0.0
2025-07-28 00:00:00-04:00,23.734491153972254,23.846798469380698,23.491156257130502,23.791580200195312,13500,0.0,0.0
2025-07-29 00:00:00-04:00,23.81217036204421,23.846797586885614,23.809362411499023,23.809362411499023,4300,0.0,0.0
2025-07-30 00:00:00-04:00,23.846798664594413,23.846798664594413,23.7344913482666,23.7344913482666,8100,0.0,0.0
2025-07-31 00:00:00-04:00,23.762566449853303,23.846797826685812,23.556668520425244,23.659618377685547,47000,0.0,0.0
2025-08-01 00:00:00-04:00,23.836646875166917,23.874924181628153,23.68354129964684,23.846216201782227,47700,0.555,0.0
2025-08-04 00:00:00-04:00,23.903629860166376,23.953389262477348,23.84621572678061,23.874923706054688,34700,0.0,0.0
2025-08-05 00:00:00-04:00,23.922767639160156,23.961044943460728,23.860567932252888,23.922767639160156,8800,0.0,0.0
2025-08-06 00:00:00-04:00,23.92276756884811,24.07587313527575,23.867266207840334,24.03759765625,22300,0.0,0.0
2025-08-07 00:00:00-04:00,24.06439079880219,24.15146929224944,23.951475307802237,24.047164916992188,12200,0.0,0.0
2025-08-08 00:00:00-04:00,23.988794640958904,24.095011787369785,23.96104487303618,24.03759765625,10100,0.0,0.0
2025-08-11 00:00:00-04:00,24.075874016222325,24.109365746031205,23.941907096986814,24.027070999145508,15800,0.0,0.0
2025-08-12 00:00:00-04:00,24.05673611918438,24.07491838745891,23.903630542344636,23.984010696411133,15500,0.0,0.0
2025-08-13 00:00:00-04:00,23.98975165758777,24.066304442816982,23.96870023482751,23.99932098388672,8900,0.0,0.0
2025-08-14 00:00:00-04:00,24.01846058254823,24.055779678970428,23.945735159941542,24.00984764099121,7800,0.0,0.0
2025-08-15 00:00:00-04:00,24.031856011677924,24.08544277811619,23.98018201537683,24.01845932006836,12000,0.0,0.0
2025-08-18 00:00:00-04:00,24.11415043946382,24.142856592442552,24.006975082834614,24.03759765625,11100,0.0,0.0
2025-08-19 00:00:00-04:00,24.11414940872226,24.11414940872226,24.022285342727404,24.09501075744629,5800,0.0,0.0
2025-08-20 00:00:00-04:00,24.056733454894353,24.11414940872226,24.03759662878063,24.09501075744629,5100,0.0,0.0
2025-08-21 00:00:00-04:00,24.056734483181714,24.085442461322767,24.03759765625,24.03759765625,6800,0.0,0.0
2025-08-22 00:00:00-04:00,24.114149566457208,24.171563695498424,24.066302937954312,24.08544158935547,19400,0.0,0.0
2025-08-25 00:00:00-04:00,24.028030195837204,24.161997120572547,24.028030195837204,24.14764404296875,9400,0.0,0.0
2025-08-26 00:00:00-04:00,24.14285818807173,24.161996841430664,24.09979713059536,24.161996841430664,15700,0.0,0.0
2025-08-27 00:00:00-04:00,24.114149566457208,24.152425044097267,24.047164286553155,24.08544158935547,13600,0.0,0.0
2025-08-28 00:00:00-04:00,24.047165874889895,24.153383024471125,24.047165874889895,24.104581832885742,2500,0.0,0.0
2025-08-29 00:00:00-04:00,24.138072126144465,24.257685960441354,24.066303095501425,24.07587242126465,22600,0.0,0.0
2025-09-02 00:00:00-04:00,24.07587450365554,24.168694963908614,24.03759902245436,24.04525375366211,13000,0.0,0.0
2025-09-03 00:00:00-04:00,24.047165157134696,24.133287266395534,24.028028330202982,24.03759765625,23100,0.0,0.0
2025-09-04 00:00:00-04:00,24.066302937954312,24.104580240756626,24.054820842210972,24.08544158935547,7100,0.0,0.0
2025-09-05 00:00:00-04:00,24.077786701362815,24.15242488611195,24.075872106170323,24.09501075744629,6500,0.0,0.0
2025-09-08 00:00:00-04:00,24.15242591848957,24.15242591848957,24.018459004155964,24.03759765625,17800,0.0,0.0
2025-09-09 00:00:00-04:00,24.06630380922873,24.15242591848957,24.03759765625,24.03759765625,11200,0.0,0.0
2025-09-10 00:00:00-04:00,24.056733769738205,24.093096477573546,24.037596943374023,24.07587242126465,12800,0.0,0.0
2025-09-11 00:00:00-04:00,24.103622504323848,24.104580714526318,24.037597258467976,24.056734085083008,12700,0.0,0.0
2025-09-12 00:00:00-04:00,24.114149882303412,24.114149882303412,24.066303253173828,24.066303253173828,4600,0.0,0.0
2025-09-15 00:00:00-04:00,24.057693253598128,24.123718502084042,24.057693253598128,24.114151000976562,4100,0.0,0.0
2025-09-16 00:00:00-04:00,24.109364148854798,24.123717224918497,24.07587242126465,24.07587242126465,5900,0.0,0.0
2025-09-17 00:00:00-04:00,24.085441431808306,24.11414940872226,24.074915721155197,24.09501075744629,7600,0.0,0.0
2025-09-18 00:00:00-04:00,24.114149882303412,24.126588363231054,24.04716460152199,24.066303253173828,29600,0.0,0.0
2025-09-19 00:00:00-04:00,24.047167062359662,24.142858505249023,24.047167062359662,24.142858505249023,6100,0.0,0.0
2025-09-22 00:00:00-04:00,24.17156513343327,24.200273112242805,24.114151000976562,24.114151000976562,15000,0.0,0.0
2025-09-23 00:00:00-04:00,24.15721324929222,24.19070498030904,24.142858346597546,24.152427673339844,3000,0.0,0.0
2025-09-24 00:00:00-04:00,24.152426639386572,24.228979424885328,24.06630452755518,24.104581832885742,10700,0.0,0.0
2025-09-25 00:00:00-04:00,24.085442062748992,24.128503116666824,23.82707573924201,24.056734085083008,49500,0.0,0.0
2025-09-26 00:00:00-04:00,24.08544158935547,24.11319135627357,23.98018083181136,24.08544158935547,13900,0.0,0.0
2025-09-29 00:00:00-04:00,24.114150602748275,24.190703386480457,24.02228653220472,24.13328742980957,14000,0.0,0.0
2025-09-30 00:00:00-04:00,24.08544222079801,24.238547785696692,24.02802809025158,24.047164916992188,40700,0.0,0.0
2025-10-01 00:00:00-04:00,24.133287024334958,24.133287024334958,24.037597415149204,24.1151065826416,20500,0.0,0.0
2025-10-02 00:00:00-04:00,24.133286888548234,24.209839670563493,24.11415006191614,24.20888328552246,19900,0.0,0.0
2025-10-03 00:00:00-04:00,24.190704662754847,24.20984149082578,24.123719376438075,24.171566009521484,9400,0.0,0.0
2025-10-06 00:00:00-04:00,24.18113430483733,24.248117763134893,24.18113430483733,24.228979110717773,10600,0.0,0.0
2025-10-07 00:00:00-04:00,24.209841299208172,24.252902356061202,24.18113514474776,24.223237991333008,27100,0.0,0.0
2025-10-08 00:00:00-04:00,24.207926878896654,24.257686278420316,24.028027932579317,24.056734085083008,132300,0.0,0.0
2025-10-09 00:00:00-04:00,24.07587345600861,24.181134218765738,24.06630412983411,24.12371826171875,17200,0.0,0.0
2025-10-10 00:00:00-04:00,24.19070234689958,24.19070234689958,24.019414519635056,24.08544158935547,19400,0.0,0.0
2025-10-13 00:00:00-04:00,24.152426082033198,24.190703386480457,24.13328742980957,24.13328742980957,12100,0.0,0.0
2025-10-14 00:00:00-04:00,24.161996208079437,24.267256973631945,24.161996208079437,24.200273513793945,11900,0.0,0.0
2025-10-15 00:00:00-04:00,24.257687073637427,24.285436842010636,24.21845338375644,24.250030517578125,11300,0.0,0.0
2025-10-16 00:00:00-04:00,24.3055317366692,24.3055317366692,24.238548278808594,24.238548278808594,5000,0.0,0.0
2025-10-17 00:00:00-04:00,24.19070418736532,24.23854899434606,24.14285755522218,24.200273513793945,21700,0.0,0.0
2025-10-20 00:00:00-04:00,24.190703947031395,24.27682605887103,24.18113462069784,24.209840774536133,29300,0.0,0.0
2025-10-21 00:00:00-04:00,24.26725760974234,24.26725760974234,24.161996841430664,24.161996841430664,214100,0.0,0.0
2025-10-22 00:00:00-04:00,24.16199565242021,24.248117763134893,24.16199565242021,24.228979110717773,16600,0.0,0.0
2025-10-23 00:00:00-04:00,24.25290193480968,24.26629862670183,24.200273377492238,24.22610855102539,11500,0.0,0.0
2025-10-24 00:00:00-04:00,24.219410658665677,24.24811863832752,24.16199652450441,24.181135177612305,22500,0.0,0.0
2025-10-27 00:00:00-04:00,24.209841016315494,24.310318031240094,24.209841016315494,24.305532455444336,47900,0.0,0.0
2025-10-28 00:00:00-04:00,24.295963129015213,24.313189011685072,24.267256974890234,24.305532455444336,22800,0.0,0.0
2025-10-29 00:00:00-04:00,24.276825093894963,24.352419666149224,24.276825093894963,24.288307189941406,8700,0.0,0.0
2025-10-30 00:00:00-04:00,24.286393328505167,24.35337861220145,24.286393328505167,24.334239959716797,17600,0.0,0.0
2025-10-31 00:00:00-04:00,24.466304945506952,24.4760877782582,24.388044149381514,24.427173614501953,73500,0.555,0.0
2025-11-03 00:00:00-05:00,24.544565532982496,24.544565532982496,24.395869461842842,24.47608757019043,28400,0.0,0.0
2025-11-04 00:00:00-05:00,24.46630457173223,24.524999701458476,24.43206559056821,24.505434036254883,20200,0.0,0.0
2025-11-05 00:00:00-05:00,24.46630453035086,24.544565325148326,24.44673886518036,24.515216827392578,13800,0.0,0.0
2025-11-06 00:00:00-05:00,24.503478672219938,24.544565449755858,24.45652182192616,24.49565315246582,28600,0.0,0.0
2025-11-07 00:00:00-05:00,24.466304654561075,24.534782617120943,24.43695615665633,24.49565315246582,22800,0.0,0.0
2025-11-10 00:00:00-05:00,24.495653277106815,24.515217076591654,24.456521946368042,24.466304779052734,9400,0.0,0.0
2025-11-11 00:00:00-05:00,24.505434036254883,24.544565366662066,24.46630457173223,24.505434036254883,18800,0.0,0.0
2025-11-12 00:00:00-05:00,24.49565306953762,24.603260496388312,24.476087404334027,24.510326385498047,14300,0.0,0.0
2025-11-13 00:00:00-05:00,24.47608757019043,24.515217034978235,24.456521904854256,24.47608757019043,10000,0.0,0.0
2025-11-14 00:00:00-05:00,24.49565348550763,24.583695248649803,24.388044190945052,24.417390823364258,34900,0.0,0.0
2025-11-17 00:00:00-05:00,24.446739488423145,24.534783118050438,24.262826709254664,24.388044357299805,56600,0.0,0.0
2025-11-18 00:00:00-05:00,24.417391199074338,24.43206638139431,24.32934943457747,24.339130401611328,18800,0.0,0.0
2025-11-19 00:00:00-05:00,24.436956822979408,24.436956822979408,24.329349392830284,24.348913192749023,22900,0.0,0.0
2025-11-20 00:00:00-05:00,24.34891340160458,24.397827566532467,24.242283694065616,24.309783935546875,25300,0.0,0.0
2025-11-21 00:00:00-05:00,24.24130601227924,24.358696276539117,24.24130601227924,24.30000114440918,33700,0.0,0.0
2025-11-24 00:00:00-05:00,24.309784019310055,24.373371500993105,24.251088887078954,24.290218353271484,14100,0.0,0.0
2025-11-25 00:00:00-05:00,24.309783851918418,24.358696150793435,24.270652520110726,24.329349517822266,9000,0.0,0.0
2025-11-26 00:00:00-05:00,24.358695942156285,24.388044440760677,24.30978364370021,24.368478775024414,9800,0.0,0.0
2025-11-28 00:00:00-05:00,24.388044149381514,24.48684833451921,24.388044149381514,24.427173614501953,11100,0.0,0.0
2025-12-01 00:00:00-05:00,24.436956239518082,24.524999867646322,24.436956239518082,24.47608757019043,19700,0.0,0.0
2025-12-02 00:00:00-05:00,24.525000116546533,24.525000116546533,24.495653484128983,24.498586654663086,15200,0.0,0.0
2025-12-03 00:00:00-05:00,24.525000285215786,24.525000285215786,24.358695858795848,24.388044357299805,45700,0.0,0.0
2025-12-04 00:00:00-05:00,24.388044149381514,24.50543441062739,24.368478483879016,24.427173614501953,65500,0.0,0.0
2025-12-05 00:00:00-05:00,24.45652186337364,24.524999826049562,24.45652186337364,24.485870361328125,3800,0.0,0.0
2025-12-08 00:00:00-05:00,24.48587015413993,24.613043245764196,24.48587015413993,24.524999618530273,25100,0.0,0.0
2025-12-09 00:00:00-05:00,24.525000034366407,24.59347799762398,24.43695640563965,24.43695640563965,12700,0.0,0.0
2025-12-10 00:00:00-05:00,24.466304696025137,24.505434160746574,24.466304696025137,24.485870361328125,9000,0.0,0.0
2025-12-11 00:00:00-05:00,24.485870195521358,24.6032604547753,24.41739036742461,24.515216827392578,30000,0.0,0.0
2025-12-12 00:00:00-05:00,24.515216661866575,24.55630343891649,24.515216661866575,24.55434799194336,4900,0.0,0.0
2025-12-15 00:00:00-05:00,24.55434874175528,24.603261039960373,24.3978271484375,24.3978271484375,104700,0.0,0.0
2025-12-16 00:00:00-05:00,24.436955908797596,24.573913698412735,24.436955908797596,24.544565200805664,7600,0.0,0.0
2025-12-17 00:00:00-05:00,24.59347716661284,24.622825663824926,24.564130535285244,24.6130428314209,14400,0.0,0.0
2025-12-18 00:00:00-05:00,24.632608578892945,24.691303707629604,24.586629453028156,24.593477249145508,12900,0.0,0.0
2025-12-19 00:00:00-05:00,24.6228254989561,24.67663014387575,24.61793501572908,24.65217399597168,12100,0.0,0.0
2025-12-22 00:00:00-05:00,24.60325975181081,24.671737712066477,24.567065324752516,24.661954879760742,14200,0.0,0.0
2025-12-23 00:00:00-05:00,24.701086333078795,24.701086333078795,24.62282554012422,24.642391204833984,8300,0.0,0.0
2025-12-24 00:00:00-05:00,24.613042748953784,24.671737877296806,24.554347620610763,24.63260841369629,7100,0.0,0.0
2025-12-26 00:00:00-05:00,24.583695904978363,24.701088035442968,24.583695904978363,24.681522369384766,8600,0.0,0.0
2025-12-29 00:00:00-05:00,24.62282558132504,24.70108637441056,24.62282558132504,24.63260841369629,6900,0.0,0.0
2025-12-30 00:00:00-05:00,24.632608331294627,24.7597814199265,24.632608331294627,24.65217399597168,26300,0.0,0.0
2025-12-31 00:00:00-05:00,24.65217399597168,24.77934708460355,24.65217399597168,24.65217399597168,20200,0.0,0.0
2026-01-02 00:00:00-05:00,24.701087701400567,24.75,24.701087701400567,24.75,10700,0.0,0.0
2026-01-05 00:00:00-05:00,24.75978291618577,24.789131414974907,24.740219116210938,24.740219116210938,11400,0.0,0.0
2026-01-06 00:00:00-05:00,24.779348707768683,24.79891437372738,24.67173941088046,24.71087074279785,17700,0.0,0.0
2026-01-07 00:00:00-05:00,24.71087074279785,24.78913154074803,24.71087074279785,24.71087074279785,24900,0.0,0.0
2026-01-08 00:00:00-05:00,24.76076254744122,24.789131456866112,24.710870659180753,24.730436325073242,15800,0.0,0.0
2026-01-09 00:00:00-05:00,24.730436200090978,24.79891416448402,24.730436200090978,24.75,6600,0.0,0.0
2026-01-12 00:00:00-05:00,24.789131039619125,24.818479537963867,24.779348206837543,24.818479537963867,6700,0.0,0.0
2026-01-13 00:00:00-05:00,24.83804317131225,24.85760883674439,24.798913706332524,24.84782600402832,9900,0.0,0.0
2026-01-14 00:00:00-05:00,24.80869687195512,24.877174836001956,24.77152285348904,24.779348373413086,21900,0.0,0.0
2026-01-15 00:00:00-05:00,24.77934771021539,24.926086467229073,24.77934771021539,24.916303634643555,20000,0.0,0.0
2026-01-16 00:00:00-05:00,24.916303593212,24.935869258350497,24.84782563111178,24.92608642578125,13600,0.0,0.0
2026-01-20 00:00:00-05:00,24.896740084353777,24.896740084353777,24.789130790721412,24.86739158630371,47100,0.0,0.0
2026-01-21 00:00:00-05:00,24.886957127082415,24.945652257004166,24.886957127082415,24.896739959716797,13900,0.0,0.0
2026-01-22 00:00:00-05:00,24.896739793958027,24.92608642578125,24.896739793958027,24.92608642578125,5000,0.0,0.0
2026-01-23 00:00:00-05:00,24.9260862603148,24.96521759033203,24.9260862603148,24.96521759033203,9600,0.0,0.0
2026-01-26 00:00:00-05:00,24.975000257401973,24.994564056396484,24.965217424962468,24.994564056396484,22600,0.0,0.0
2026-01-27 00:00:00-05:00,24.984783296755907,25.01412992843296,24.94565196667381,24.955434799194336,12200,0.0,0.0
2026-01-28 00:00:00-05:00,24.94565196667381,24.994564263391915,24.94565196667381,24.955434799194336,16600,0.0,0.0
2026-01-29 00:00:00-05:00,24.945651884005414,25.00336928956607,24.916303386541102,24.975000381469727,13700,0.0,0.0
2026-01-30 00:00:00-05:00,25.06999969482422,25.170000076293945,25.0,25.100000381469727,55800,0.555,0.0
2026-02-02 00:00:00-05:00,25.06999969482422,25.18000030517578,25.06999969482422,25.1200008392334,12200,0.0,0.0
2026-02-03 00:00:00-05:00,25.1200008392334,25.200000762939453,25.1200008392334,25.139999389648438,11000,0.0,0.0
2026-02-04 00:00:00-05:00,25.079999923706055,25.1299991607666,24.940000534057617,25.0,52000,0.0,0.0
2026-02-05 00:00:00-05:00,24.989999771118164,25.09000015258789,24.989999771118164,25.09000015258789,14100,0.0,0.0
2026-02-06 00:00:00-05:00,25.030000686645508,25.190000534057617,25.030000686645508,25.15999984741211,5300,0.0,0.0
2026-02-09 00:00:00-05:00,25.079999923706055,25.239999771118164,25.079999923706055,25.18000030517578,4900,0.0,0.0
2026-02-10 00:00:00-05:00,25.209999084472656,25.2549991607666,25.1200008392334,25.15999984741211,25300,0.0,0.0
2026-02-11 00:00:00-05:00,25.1299991607666,25.170000076293945,25.049999237060547,25.09000015258789,32100,0.0,0.0
2026-02-12 00:00:00-05:00,25.079999923706055,25.1200008392334,25.079999923706055,25.1200008392334,7700,0.0,0.0
2026-02-13 00:00:00-05:00,25.139999389648438,25.149999618530273,25.059999465942383,25.06999969482422,9800,0.0,0.0
2026-02-17 00:00:00-05:00,25.06999969482422,25.239999771118164,25.06999969482422,25.239999771118164,17800,0.0,0.0
2026-02-18 00:00:00-05:00,25.290000915527344,25.290000915527344,25.1299991607666,25.219999313354492,12500,0.0,0.0
2026-02-19 00:00:00-05:00,25.219999313354492,25.298999786376953,25.200000762939453,25.270000457763672,6700,0.0,0.0
2026-02-20 00:00:00-05:00,25.315000534057617,25.323999404907227,25.139999389648438,25.139999389648438,18300,0.0,0.0
2026-02-23 00:00:00-05:00,25.15999984741211,25.200000762939453,25.09000015258789,25.100000381469727,34700,0.0,0.0
2026-02-24 00:00:00-05:00,25.100000381469727,25.18000030517578,25.100000381469727,25.18000030517578,10600,0.0,0.0
2026-02-25 00:00:00-05:00,25.139999389648438,25.219999313354492,25.139999389648438,25.190000534057617,16200,0.0,0.0
2026-02-26 00:00:00-05:00,25.190000534057617,25.229999542236328,25.155000686645508,25.219999313354492,7300,0.0,0.0
2026-02-27 00:00:00-05:00,25.1200008392334,25.25,25.09000015258789,25.200000762939453,34600,0.0,0.0
2026-03-02 00:00:00-05:00,25.1200008392334,25.25,25.1200008392334,25.149999618530273,10100,0.0,0.0
2026-03-03 00:00:00-05:00,25.1200008392334,25.18000030517578,25.079999923706055,25.139999389648438,22700,0.0,0.0
2026-03-04 00:00:00-05:00,25.139999389648438,25.18000030517578,25.1200008392334,25.1299991607666,9100,0.0,0.0
2026-03-05 00:00:00-05:00,25.15999984741211,25.15999984741211,25.110000610351562,25.139999389648438,9500,0.0,0.0
2026-03-06 00:00:00-05:00,25.100000381469727,25.170000076293945,25.084999084472656,25.170000076293945,16800,0.0,0.0
2026-03-09 00:00:00-04:00,25.110000610351562,25.15999984741211,25.0,25.149999618530273,48700,0.0,0.0
2026-03-10 00:00:00-04:00,25.079999923706055,25.260000228881836,25.079999923706055,25.149999618530273,31100,0.0,0.0
2026-03-11 00:00:00-04:00,25.219999313354492,25.270000457763672,25.15999984741211,25.190000534057617,22300,0.0,0.0
2026-03-12 00:00:00-04:00,25.149999618530273,25.25,25.149999618530273,25.18000030517578,13600,0.0,0.0
2026-03-13 00:00:00-04:00,25.149999618530273,25.25,25.1299991607666,25.1299991607666,9424,0.0,0.0
