Date,Open,High,Low,Close,Volume,Dividends,Stock Splits
2022-01-03 00:00:00-05:00,45.00094189983039,46.01434875180567,45.00094189983039,45.28775405883789,1436000,0.0,0.0
2022-01-04 00:00:00-05:00,45.51720742035251,46.33940497677285,45.51720742035251,46.0908317565918,2223500,0.0,0.0
2022-01-05 00:00:00-05:00,46.70269948604648,46.81742727286697,44.54204389246544,44.7714958190918,2292000,0.0,0.0
2022-01-06 00:00:00-05:00,44.61852358406393,45.31643816035935,44.073579383844375,45.00094223022461,933600,0.0,0.0
2022-01-07 00:00:00-05:00,45.01050291790338,45.115664576764914,42.84984385267432,42.86896514892578,1596900,0.0,0.0
2022-01-10 00:00:00-05:00,42.27621896928092,42.38138427370429,40.85171341784356,42.32402038574219,2165400,0.0,0.0
2022-01-11 00:00:00-05:00,42.12324767401151,42.74467331455274,41.47313826909699,42.687313079833984,1311200,0.0,0.0
2022-01-12 00:00:00-05:00,42.48654678975469,43.02193214717808,42.09456933162764,42.45786666870117,1141600,0.0,0.0
2022-01-13 00:00:00-05:00,42.73511519647869,42.782916608537946,41.683465896105126,41.826873779296875,1089000,0.0,0.0
2022-01-14 00:00:00-05:00,41.30106912559255,41.32019042823265,39.61843096341907,40.23986053466797,2366300,0.0,0.0
2022-01-18 00:00:00-05:00,39.39852522829211,39.85742536162145,38.815338502494164,39.02566909790039,2729200,0.0,0.0
2022-01-19 00:00:00-05:00,39.12127216755712,39.52281206609663,38.59544932279161,38.61457061767578,2462300,0.0,0.0
2022-01-20 00:00:00-05:00,38.69105932476371,39.532374494287495,37.59160847427578,37.658531188964844,3450700,0.0,0.0
2022-01-21 00:00:00-05:00,37.2952350159352,38.25127799518723,36.79809587609694,37.0084228515625,3159200,0.0,0.0
2022-01-24 00:00:00-05:00,35.813370450933185,38.28952200457942,34.819084840485075,38.184356689453125,5431500,0.0,0.0
2022-01-25 00:00:00-05:00,37.28567848443667,38.46161098361175,36.84589956221147,38.06963348388672,2747700,0.0,0.0
2022-01-26 00:00:00-05:00,38.68149806525355,39.054354243639516,36.82677599842985,37.0084228515625,2424700,0.0,0.0
2022-01-27 00:00:00-05:00,37.1135944150061,37.515134430383455,35.34491606424185,35.37359619140625,3370000,0.0,0.0
2022-01-28 00:00:00-05:00,35.71776122949348,36.845892076989244,35.1250156874748,36.8267707824707,2397900,0.0,0.0
2022-01-31 00:00:00-05:00,36.84590247526207,38.098316620050795,36.77897974906794,38.06007766723633,2413000,0.0,0.0
2022-02-01 00:00:00-05:00,38.23216508616826,38.49985598651068,37.43864756441752,38.3851318359375,2396800,0.0,0.0
2022-02-02 00:00:00-05:00,38.55721384204673,38.78666210723056,37.85929928065866,38.40424346923828,1816500,0.0,0.0
2022-02-03 00:00:00-05:00,37.95490295406835,38.39468180229493,37.648969525126894,37.6680908203125,1871600,0.0,0.0
2022-02-04 00:00:00-05:00,37.60116492958369,38.25127067582426,36.94149306603839,37.84017562866211,2816800,0.0,0.0
2022-02-07 00:00:00-05:00,38.10787987607819,38.42337221361284,37.591615708823156,37.945350646972656,1976100,0.0,0.0
2022-02-08 00:00:00-05:00,37.830621243351935,38.834465664615394,37.811499945697484,38.633697509765625,2255100,0.0,0.0
2022-02-09 00:00:00-05:00,39.197768169242146,40.058208441519355,39.05436024152424,39.933921813964844,2036400,0.0,0.0
2022-02-10 00:00:00-05:00,39.04479416206505,40.411935870161756,38.691059292289125,38.90138626098633,1690700,0.0,0.0
2022-02-11 00:00:00-05:00,39.08303673402529,39.388970185613346,38.06007107146254,38.40424346923828,1947500,0.0,0.0
2022-02-14 00:00:00-05:00,38.20347565255928,38.94919163832784,37.89754219835172,38.117431640625,2387800,0.0,0.0
2022-02-15 00:00:00-05:00,38.62413611923523,38.94919086374318,37.96446415851988,38.23215866088867,2915700,0.0,0.0
2022-02-16 00:00:00-05:00,37.83061835105801,38.06962908294339,37.24743158173536,37.52468490600586,2101400,0.0,0.0
2022-02-17 00:00:00-05:00,37.29523207390324,37.40995984821366,35.63171946355894,35.650840759277344,4499600,0.0,0.0
2022-02-18 00:00:00-05:00,35.52655324504474,36.214905285110426,35.22061981546313,35.76556396484375,3272600,0.0,0.0
2022-02-22 00:00:00-05:00,30.880182595028735,31.922269422755434,27.86864805347752,28.81513023376465,14938500,0.0,0.0
2022-02-23 00:00:00-05:00,28.929866759035214,30.908877667458558,28.566569330558263,30.383052825927734,10295300,0.0,0.0
2022-02-24 00:00:00-05:00,29.21667453934405,31.453817202999915,29.00634572882425,31.348651885986328,5505200,0.0,0.0
2022-02-25 00:00:00-05:00,31.157439075164284,32.32381261084115,30.937549640031065,32.304691314697266,3497600,0.0,0.0
2022-02-28 00:00:00-05:00,31.664140524566193,32.15172445663824,31.109637526794934,31.558975219726562,3701800,0.0,0.0
2022-03-01 00:00:00-05:00,31.329527795226618,31.616339949780876,30.3161209589862,30.46908950805664,3794800,0.0,0.0
2022-03-02 00:00:00-05:00,30.555140153154067,32.218656945246416,30.555140153154067,31.93184471130371,3163300,0.0,0.0
2022-03-03 00:00:00-05:00,31.912717066006696,32.218650541002546,31.329530239603756,31.63546371459961,1985400,0.0,0.0
2022-03-04 00:00:00-05:00,31.635459106576235,31.721503111824063,30.53601015714045,30.985349655151367,2960300,0.0,0.0
2022-03-07 00:00:00-05:00,30.83191713423399,30.879866504705554,27.85900860706494,27.878189086914062,4345600,0.1,0.0
2022-03-08 00:00:00-05:00,28.0220397855272,29.844145179157643,28.0220397855272,28.894731521606445,4875900,0.0,0.0
2022-03-09 00:00:00-05:00,29.52767198262785,30.505852616725285,29.52767198262785,29.87291145324707,3098000,0.0,0.0
2022-03-10 00:00:00-05:00,29.58521065731289,30.73601190503389,29.374229056700738,30.51544189453125,3675100,0.0,0.0
2022-03-11 00:00:00-05:00,30.726427742262498,31.07166907887485,29.911275602567397,29.93045425415039,2355000,0.0,0.0
2022-03-14 00:00:00-04:00,29.796192134085537,29.978403028001406,28.770060276874535,29.067350387573242,2220500,0.0,0.0
2022-03-15 00:00:00-04:00,29.220790312572657,30.29487335854111,29.220790312572657,30.189382553100586,1717700,0.0,0.0
2022-03-16 00:00:00-04:00,30.448311173537675,31.589522149352405,30.275690534062903,31.34018325805664,2166800,0.0,0.0
2022-03-17 00:00:00-04:00,31.023711304535436,31.666244506835938,30.946993051630617,31.666244506835938,1912100,0.0,0.0
2022-03-18 00:00:00-04:00,31.72378839150496,32.82663851305462,31.26346420529896,32.7115592956543,2936300,0.0,0.0
2022-03-21 00:00:00-04:00,32.72114298542477,33.10474519915288,31.484033345670372,31.87722396850586,2722600,0.0,0.0
2022-03-22 00:00:00-04:00,31.858040730666346,32.14574053687489,31.531979974749596,31.771730422973633,2435800,0.0,0.0
2022-03-23 00:00:00-04:00,31.378546973032442,31.60870540704114,29.40300151322899,29.431772232055664,3086000,0.0,0.0
2022-03-24 00:00:00-04:00,29.49890417501085,29.69070349335565,29.12489394945988,29.412593841552734,3225800,0.0,0.0
2022-03-25 00:00:00-04:00,29.144070560893862,29.44136250161844,28.328920313971665,28.51112937927246,2693300,0.0,0.0
2022-03-28 00:00:00-04:00,28.00286078181839,28.49195022098653,27.92614069046346,28.20425033569336,4527800,0.0,0.0
2022-03-29 00:00:00-04:00,28.856371738875826,30.17020351886435,28.808422368189124,29.508493423461914,3705600,0.0,0.0
2022-03-30 00:00:00-04:00,28.88513722170452,28.91390610724005,27.34114362073301,27.801464080810547,4773400,0.0,0.0
2022-03-31 00:00:00-04:00,25.950594873679865,27.17811815205155,25.79715469252731,26.77533721923828,7838700,0.0,0.0
2022-04-01 00:00:00-04:00,26.947956538017376,27.120577190503397,26.583534754068847,26.900005340576172,3036500,0.0,0.0
2022-04-04 00:00:00-04:00,26.842462730457257,27.456223355846046,26.660251858863354,27.197294235229492,2912400,0.0,0.0
2022-04-05 00:00:00-04:00,27.1685244054639,27.504175444344593,26.93836416344168,27.110984802246094,3749200,0.0,0.0
2022-04-06 00:00:00-04:00,26.535586494648616,27.446639163439876,26.25747502532137,27.158937454223633,6924000,0.0,0.0
2022-04-07 00:00:00-04:00,27.09181012891149,27.408280758136257,25.854696505209233,26.919189453125,3539000,0.0,0.0
2022-04-08 00:00:00-04:00,27.101398247488657,28.11793991188929,26.86164773414833,27.48499870300293,2590800,0.0,0.0
2022-04-11 00:00:00-04:00,26.98631681688286,28.213840086423158,26.98631681688286,27.341148376464844,2248200,0.0,0.0
2022-04-12 00:00:00-04:00,27.667210566852244,28.54949255977359,27.628849605391988,27.93572998046875,3468700,0.0,0.0
2022-04-13 00:00:00-04:00,27.801466078151204,28.386457848079953,27.76310695163103,27.7918758392334,2231900,0.0,0.0
2022-04-14 00:00:00-04:00,27.935721694749304,28.338502524860814,27.321961126636825,27.446632385253906,2273800,0.0,0.0
2022-04-18 00:00:00-04:00,27.350735159488593,27.887775721781985,26.813692768044206,27.302783966064453,2590300,0.0,0.0
2022-04-19 00:00:00-04:00,27.417866986768036,28.789240122448078,27.417866986768036,28.578258514404297,2908200,0.0,0.0
2022-04-20 00:00:00-04:00,28.85636848534484,29.03857936588242,28.53030767981487,28.539897918701172,2547500,0.0,0.0
2022-04-21 00:00:00-04:00,28.82760024556799,28.856370964698876,27.235657036682774,27.389097213745117,2884700,0.0,0.0
2022-04-22 00:00:00-04:00,27.005492699670707,27.321963245793764,26.45886192265369,26.679431915283203,3584200,0.0,0.0
2022-04-25 00:00:00-04:00,26.276651906446673,27.590485324886945,25.979361827207274,27.52335548400879,3165100,0.0,0.0
2022-04-26 00:00:00-04:00,27.37950221117606,27.6576136269416,25.979360381758983,26.180749893188477,4725100,0.0,0.0
2022-04-27 00:00:00-04:00,26.27665742976714,26.852059061194435,25.509456473964985,25.701255798339844,4980000,0.0,0.0
2022-04-28 00:00:00-04:00,26.084853682400706,27.523356602478295,24.512089245959825,27.226064682006836,6263500,0.0,0.0
2022-04-29 00:00:00-04:00,26.832877373621717,27.648029495732363,25.941005159380143,25.998546600341797,3593500,0.0,0.0
2022-05-02 00:00:00-04:00,26.01772367931667,26.95754703756814,25.80674389599349,26.880826950073242,3374500,0.0,0.0
2022-05-03 00:00:00-04:00,26.919185490034995,27.379506004928842,26.679434993217225,27.120576858520508,3185100,0.0,0.0
2022-05-04 00:00:00-04:00,27.14934566581171,28.079578761323067,26.51640450244889,28.041217803955078,3199400,0.0,0.0
2022-05-05 00:00:00-04:00,27.427460308609806,27.734340686634035,26.20952720781873,26.823287963867188,3351600,0.0,0.0
2022-05-06 00:00:00-04:00,26.650668162177844,26.650668162177844,25.3943741448549,26.372556686401367,3094900,0.0,0.0
2022-05-09 00:00:00-04:00,25.528630685577422,26.54517215965093,25.38477894118559,25.576580047607422,2313300,0.0,0.0
2022-05-10 00:00:00-04:00,25.74920209304692,26.199932340019664,24.3874192842143,24.703889846801758,3661000,0.0,0.0
2022-05-11 00:00:00-04:00,24.790537599048623,25.15637773429489,23.346428612696275,23.51972198486328,2447300,0.1,0.0
2022-05-12 00:00:00-04:00,23.279036245332026,24.88681092751152,23.279036245332026,24.405441284179688,2787700,0.0,0.0
2022-05-13 00:00:00-04:00,24.944574097614847,25.936196197187698,24.819418801687892,25.512590408325195,2309800,0.0,0.0
2022-05-16 00:00:00-04:00,25.262281621128423,25.51259408533813,24.809794764449148,24.992713928222656,2140600,0.0,0.0
2022-05-17 00:00:00-04:00,25.724393302444835,26.109490489484966,24.992711217859853,25.743648529052734,2576400,0.0,0.0
2022-05-18 00:00:00-04:00,24.896441388352176,24.915694780715235,23.721898149061023,24.145503997802734,3630500,0.0,0.0
2022-05-19 00:00:00-04:00,23.962578503207297,24.53059478765813,23.77003176173812,23.972206115722656,2388300,0.0,0.0
2022-05-20 00:00:00-04:00,24.472833379549467,24.472833379549467,23.365683538228932,23.924072265625,2167100,0.0,0.0
2022-05-23 00:00:00-04:00,24.2128935354612,24.35730406623343,23.48121143176511,23.981836318969727,1624900,0.0,0.0
2022-05-24 00:00:00-04:00,23.615995870600525,23.837425470586236,22.412571736400572,22.778411865234375,2609000,0.0,0.0
2022-05-25 00:00:00-04:00,22.52810151630868,24.126248767983967,22.499220509625662,23.818172454833984,2243000,0.0,0.0
2022-05-26 00:00:00-04:00,24.106994261658375,25.483709992895548,24.106994261658375,25.00234031677246,2702800,0.0,0.0
2022-05-27 00:00:00-04:00,25.127496607085245,25.60886626685209,24.88681177720182,25.425945281982422,1863500,0.0,0.0
2022-05-31 00:00:00-04:00,25.12749586379399,25.541474052752395,24.771281518140633,25.387435913085938,2861100,0.0,0.0
2022-06-01 00:00:00-04:00,24.04923252025968,24.453583187930494,23.63525423713481,23.721900939941406,4702300,0.0,0.0
2022-06-02 00:00:00-04:00,23.94332993790015,24.723148345947266,23.760408935817104,24.723148345947266,2147300,0.0,0.0
2022-06-03 00:00:00-04:00,24.453578919289928,24.453578919289928,23.80854348670545,23.962581634521484,1483300,0.0,0.0
2022-06-06 00:00:00-04:00,23.972207385424724,24.511340860885003,23.61599488488611,24.2899112701416,1610000,0.0,0.0
2022-06-07 00:00:00-04:00,23.779663290955234,24.434324523313606,23.481212762659915,23.837427139282227,2167800,0.0,0.0
2022-06-08 00:00:00-04:00,23.67375672570148,23.9818329713525,23.356052867838958,23.63524627685547,1439400,0.0,0.0
2022-06-09 00:00:00-04:00,23.36568080766746,23.423444645467132,22.91319220877869,22.93244743347168,1395300,0.0,0.0
2022-06-10 00:00:00-04:00,22.441458617943645,22.634007264356985,21.295799864252217,21.3054256439209,2239000,0.0,0.0
2022-06-13 00:00:00-04:00,20.612250799695474,21.103248123400974,20.467840254200848,20.824052810668945,3722600,0.0,0.0
2022-06-14 00:00:00-04:00,20.93958020771027,21.14175458347399,20.313800017034605,20.60262107849121,2823300,0.0,0.0
2022-06-15 00:00:00-04:00,20.95883140277233,22.181510544527697,20.843301898647443,21.79641342163086,3389800,0.0,0.0
2022-06-16 00:00:00-04:00,20.987716351579717,21.00697157860432,19.28366915805206,19.62062644958496,4343500,0.0,0.0
2022-06-17 00:00:00-04:00,19.543602629641907,20.698890262527144,19.505094021227904,20.448577880859375,6064500,0.0,0.0
2022-06-21 00:00:00-04:00,21.218776750055603,21.28616821263947,20.38119268411988,20.42932891845703,3239300,0.0,0.0
2022-06-22 00:00:00-04:00,20.19827050396194,21.16100982448954,20.101996204653275,20.766286849975586,2063400,0.0,0.0
2022-06-23 00:00:00-04:00,20.997345194865385,21.806046414467428,20.775915579952347,21.70977210998535,3307700,0.0,0.0
2022-06-24 00:00:00-04:00,21.87343640215775,22.884313776653414,21.83492778472869,22.778411865234375,6559600,0.0,0.0
2022-06-27 00:00:00-04:00,22.913199353443506,22.99021843995183,22.18151894975441,22.297046661376953,2811800,0.0,0.0
2022-06-28 00:00:00-04:00,22.556982296063023,22.76878428291093,21.517223916145063,21.66163444519043,1976100,0.0,0.0
2022-06-29 00:00:00-04:00,21.536479767512244,21.536479767512244,20.718150964153654,20.852933883666992,1958400,0.0,0.0
2022-06-30 00:00:00-04:00,20.381193297142474,20.86256300011109,19.736157821713338,20.573741912841797,2314100,0.0,0.0
2022-07-01 00:00:00-04:00,20.612250739776982,20.987718524227493,20.130881032007732,20.46784019470215,2453000,0.0,0.0
2022-07-05 00:00:00-04:00,20.21752776521257,22.027477061944715,20.00572575444723,21.96971321105957,2529100,0.0,0.0
2022-07-06 00:00:00-04:00,21.854180579427798,22.171884442048093,20.631501354445724,21.05510711669922,2079100,0.0,0.0
2022-07-07 00:00:00-04:00,21.112874861642027,21.854184623700473,20.987717714136245,21.73865509033203,1595800,0.0,0.0
2022-07-08 00:00:00-04:00,21.613496168716225,21.988963875954934,21.392064753105313,21.632749557495117,1428600,0.0,0.0
2022-07-11 00:00:00-04:00,21.555731974637343,21.883063478000793,21.30541954051944,21.517223358154297,1804600,0.0,0.0
2022-07-12 00:00:00-04:00,21.497966645241956,22.143001994175638,21.497966645241956,21.93120002746582,2611400,0.0,0.0
2022-07-13 00:00:00-04:00,21.48834310443473,22.46071011834662,21.228403025845676,22.181516647338867,1602900,0.0,0.0
2022-07-14 00:00:00-04:00,21.84455666378025,21.88306528344041,21.170638375071167,21.652008056640625,1573200,0.0,0.0
2022-07-15 00:00:00-04:00,22.12375068449063,22.277788839591377,21.555734298951762,21.960084915161133,1066500,0.0,0.0
2022-07-18 00:00:00-04:00,22.248907294882827,23.03835327974378,22.171888219195896,22.306671142578125,1671100,0.0,0.0
2022-07-19 00:00:00-04:00,22.56661065208299,23.49083953740974,22.52810019705459,23.307918548583984,1619300,0.0,0.0
2022-07-20 00:00:00-04:00,23.240530167429927,24.01072284351561,23.16351108344934,23.952957153320312,2082400,0.0,0.0
2022-07-21 00:00:00-04:00,23.933698929813712,24.51134102496243,23.644876045959915,24.482460021972656,1517500,0.0,0.0
2022-07-22 00:00:00-04:00,24.665385601614364,25.204519181306324,24.18401587496231,24.35730743408203,2024200,0.0,0.0
2022-07-25 00:00:00-04:00,24.405441245054178,24.463205088003143,23.77003346377717,24.078109741210938,2461500,0.0,0.0
2022-07-26 00:00:00-04:00,23.779661674687105,23.779661674687105,23.105743423652118,23.2694091796875,2676900,0.0,0.0
2022-07-27 00:00:00-04:00,23.173136792616166,24.655756332654757,23.173136792616166,24.251405715942383,4028200,0.0,0.0
2022-07-28 00:00:00-04:00,23.90481769689405,25.897687833400017,23.90481769689405,25.705141067504883,2679000,0.0,0.0
2022-07-29 00:00:00-04:00,25.724391721371997,26.484956599122984,25.29116016699835,26.456073760986328,2192900,0.0,0.0
2022-08-01 00:00:00-04:00,26.253904532586528,27.149252490690802,25.878434908564905,26.80266571044922,1689700,0.0,0.0
2022-08-02 00:00:00-04:00,26.513842550531084,26.619742630241607,25.945826187768912,25.95545196533203,1210400,0.0,0.0
2022-08-03 00:00:00-04:00,26.350176822294355,26.918191349521283,26.22501967845484,26.61011505126953,1489200,0.0,0.0
2022-08-04 00:00:00-04:00,26.456075336123998,26.860425912714515,26.30203719611613,26.53309440612793,1316700,0.0,0.0
2022-08-05 00:00:00-04:00,26.119120596456924,26.812294179017762,26.099867202936732,26.186513900756836,1260700,0.0,0.0
2022-08-08 00:00:00-04:00,26.456072324371814,27.50545818138827,26.37905326313571,27.033716201782227,2095200,0.0,0.0
2022-08-09 00:00:00-04:00,26.783406894246237,26.783406894246237,25.50296370529239,25.743648529052734,1432500,0.0,0.0
2022-08-10 00:00:00-04:00,26.50706938922963,26.99990975762522,26.294470499035942,26.825965881347656,1695700,0.1,0.0
2022-08-11 00:00:00-04:00,27.550728627045206,28.014577698356756,27.28981283324282,27.560392379760742,2288500,0.0,0.0
2022-08-12 00:00:00-04:00,27.840637672610445,28.014581559117016,27.579723686023208,27.917945861816406,1439600,0.0,0.0
2022-08-15 00:00:00-04:00,27.657029306902825,28.18852282794093,27.483085436549278,27.95659828186035,2150100,0.0,0.0
2022-08-16 00:00:00-04:00,27.724674616731388,28.951941815007654,27.715010863274408,28.72968101501465,1503600,0.0,0.0
2022-08-17 00:00:00-04:00,28.149868474117405,28.21751474774989,27.589383680512835,27.869626998901367,2066500,0.0,0.0
2022-08-18 00:00:00-04:00,27.811648345807132,28.18852553903857,27.27048917639941,27.966264724731445,1387400,0.0,0.0
2022-08-19 00:00:00-04:00,27.599051086050324,27.744003719527846,26.75832470597703,27.00957679748535,1318700,0.0,0.0
2022-08-22 00:00:00-04:00,26.458748614928936,26.74865566779282,25.99489954215357,26.110862731933594,1536900,0.0,0.0
2022-08-23 00:00:00-04:00,26.24615463279188,26.825966962698395,26.091538257239822,26.1012020111084,1304900,0.0,0.0
2022-08-24 00:00:00-04:00,26.420098740853316,26.47807942138547,25.936922102349303,25.985239028930664,1772800,0.0,0.0
2022-08-25 00:00:00-04:00,25.94658120344082,26.4490852597351,25.83061801999896,26.188169479370117,1336500,0.0,0.0
2022-08-26 00:00:00-04:00,26.207498540447904,26.371778651564433,24.91258515709936,25.018882751464844,1694100,0.0,0.0
2022-08-29 00:00:00-04:00,24.642004189920765,25.12518074266431,24.642004189920765,24.786956787109375,1067900,0.0,0.0
2022-08-30 00:00:00-04:00,25.096192781243296,25.328117335832655,24.61301616505567,24.922250747680664,841000,0.0,0.0
2022-08-31 00:00:00-04:00,24.835275521685514,24.883592439639205,24.071855684445737,24.16849136352539,2044000,0.0,0.0
2022-09-01 00:00:00-04:00,23.888251508976822,24.574363270116205,23.51137433393433,24.545372009277344,1401200,0.0,0.0
2022-09-02 00:00:00-04:00,24.91258902235217,25.125186087240504,23.868927520147547,24.042869567871094,1324000,0.0,0.0
2022-09-06 00:00:00-04:00,24.19748493862351,24.352101302696237,23.443728781389634,23.579017639160156,1793300,0.0,0.0
2022-09-07 00:00:00-04:00,24.013879663013554,26.5843792710144,23.791618848324394,26.323463439941406,4717800,0.0,0.0
2022-09-08 00:00:00-04:00,25.994899916868473,26.168843782459717,25.492395825865405,26.13985252380371,2333900,0.0,0.0
2022-09-09 00:00:00-04:00,26.08187172713003,27.096543657254518,26.08187172713003,26.92259979248047,1954300,0.0,0.0
2022-09-12 00:00:00-04:00,27.135198750649057,27.376787059270637,26.74865782548903,27.2801513671875,2432200,0.0,0.0
2022-09-13 00:00:00-04:00,26.255819844515578,26.94192981872754,26.07221219716297,26.738996505737305,3507600,0.0,0.0
2022-09-14 00:00:00-04:00,26.932266235351562,27.260824648864258,26.062546824612568,26.932266235351562,2785000,0.0,0.0
2022-09-15 00:00:00-04:00,26.961254248511587,28.14020634688456,26.81630163533347,27.057889938354492,2638900,0.0,0.0
2022-09-16 00:00:00-04:00,26.690681552076644,26.835634192535565,25.869280798578988,26.072214126586914,5031100,0.0,0.0
2022-09-19 00:00:00-04:00,26.0238941725942,26.78731230673161,25.946585983780633,26.748659133911133,1655400,0.0,0.0
2022-09-20 00:00:00-04:00,26.391105475535042,26.516732424185843,25.820956937929,25.88860321044922,1489100,0.0,0.0
2022-09-21 00:00:00-04:00,26.207501375166558,26.584378558951133,25.6566784654865,25.69533348083496,1711300,0.0,0.0
2022-09-22 00:00:00-04:00,25.53105164194079,25.57936856471763,24.15883002291246,24.294118881225586,1814400,0.0,0.0
2022-09-23 00:00:00-04:00,23.88825125949626,24.187822088851586,23.443729656978064,23.994550704956055,1643900,0.0,0.0
2022-09-26 00:00:00-04:00,23.820607296761523,24.400419616683564,23.694982184978482,23.714309692382812,1277500,0.0,0.0
2022-09-27 00:00:00-04:00,24.15883260063737,24.371429663980823,23.463058885281168,23.849599838256836,1652100,0.0,0.0
2022-09-28 00:00:00-04:00,24.0332025444597,24.980228145475703,23.926903113040993,24.786956787109375,2125200,0.0,0.0
2022-09-29 00:00:00-04:00,24.245799861907642,24.255463614261874,22.94122278484302,23.530698776245117,2182800,0.0,0.0
2022-09-30 00:00:00-04:00,23.182813802367388,23.791617370385403,22.82526413889111,23.32776641845703,2459000,0.0,0.0
2022-10-03 00:00:00-04:00,23.743299952626188,24.748308255234075,23.298778325592206,24.48739242553711,2739400,0.0,0.0
2022-10-04 00:00:00-04:00,25.221822971553575,26.36212022705296,25.05754282723294,26.178512573242188,2525100,0.0,0.0
2022-10-05 00:00:00-04:00,25.482734836582537,26.420096782248606,25.482734836582537,26.294469833374023,1476500,0.0,0.0
2022-10-06 00:00:00-04:00,26.21716317266692,26.835630513364638,26.072210552081035,26.623031616210938,1365200,0.0,0.0
2022-10-07 00:00:00-04:00,26.207502471417428,26.333127590209614,25.72432581838606,25.994903564453125,1220900,0.0,0.0
2022-10-10 00:00:00-04:00,26.139852977075066,26.410432533039184,25.666340136517178,25.85961151123047,1697700,0.0,0.0
2022-10-11 00:00:00-04:00,25.270134794535558,25.366770479281584,24.013876422354375,25.018882751464844,2851400,0.0,0.0
2022-10-12 00:00:00-04:00,25.183161224589263,25.376432581510333,24.574359583680728,25.2121524810791,1070200,0.0,0.0
2022-10-13 00:00:00-04:00,24.506719669848774,25.32811847993327,23.801280377538212,24.912588119506836,1967200,0.0,0.0
2022-10-14 00:00:00-04:00,25.279803773740365,25.58903655432134,23.975226367888226,24.12984275817871,1621100,0.0,0.0
2022-10-17 00:00:00-04:00,24.844939617588462,25.405426236950003,24.622678826362463,25.28946304321289,1826900,0.0,0.0
2022-10-18 00:00:00-04:00,25.965910676281553,26.449087264768448,25.57936793095411,25.97557258605957,1647900,0.0,0.0
2022-10-19 00:00:00-04:00,25.878940775510905,26.120529088729434,24.844941246670654,25.096193313598633,1630200,0.0,0.0
2022-10-20 00:00:00-04:00,25.212157024472443,26.120529616620466,24.835279838050138,24.864269256591797,1542300,0.0,0.0
2022-10-21 00:00:00-04:00,24.796625686116048,26.004567318694473,24.699989986875245,25.994903564453125,1379500,0.0,0.0
2022-10-24 00:00:00-04:00,26.120528675967364,26.54572277342873,25.424753165262356,26.352453231811523,1164900,0.0,0.0
2022-10-25 00:00:00-04:00,26.29447137912508,27.628039913106576,26.29447137912508,27.28981590270996,2341700,0.0,0.0
2022-10-26 00:00:00-04:00,27.29948066278638,28.02424563613469,27.106209265957773,27.183517456054688,1753200,0.0,0.0
2022-10-27 00:00:00-04:00,26.381445962063076,27.173857264667106,25.869279861450195,25.869279861450195,4186600,0.0,0.0
2022-10-28 00:00:00-04:00,25.77263642343947,26.50706497704539,25.30878739269011,26.342784881591797,2332100,0.0,0.0
2022-10-31 00:00:00-04:00,26.246154856084257,26.584378871671586,25.898267086546134,25.985239028930664,2050300,0.0,0.0
2022-11-01 00:00:00-04:00,26.487742854854538,26.71966741734964,25.704997226036998,26.05288314819336,1649800,0.0,0.0
2022-11-02 00:00:00-04:00,25.618021488726534,25.965909202506836,24.149164300734483,24.19748306274414,3100900,0.0,0.0
2022-11-03 00:00:00-04:00,25.125188242870948,26.632699021354814,24.922254914863025,26.072214126586914,4372200,0.0,0.0
2022-11-04 00:00:00-04:00,26.429758824139938,27.956596716032738,26.429758824139938,27.93726921081543,3496800,0.0,0.0
2022-11-07 00:00:00-05:00,28.304489507765478,28.401123364818467,27.56039701215232,28.333478927612305,2560200,0.0,0.0
2022-11-08 00:00:00-05:00,28.526747125156074,28.855307363129867,28.014579261685764,28.555736541748047,2641200,0.0,0.0
2022-11-09 00:00:00-05:00,28.130543227930062,29.328821016754937,27.9276080903665,28.565401077270508,2572300,0.0,0.0
2022-11-10 00:00:00-05:00,30.15022230528163,31.23253691913622,29.995605931873833,30.430463790893555,3211300,0.0,0.0
2022-11-11 00:00:00-05:00,30.430460449558744,32.121580303966226,30.430460449558744,31.435466766357422,2745600,0.0,0.0
2022-11-14 00:00:00-05:00,30.894312274523426,31.425807659936982,30.150221684020487,30.208202362060547,1834700,0.0,0.0
2022-11-15 00:00:00-05:00,31.106912049031248,31.899321476659026,30.83633429901553,31.551437377929688,2970100,0.0,0.0
2022-11-16 00:00:00-05:00,31.018303379969925,31.163703156131497,30.330085661167622,30.698427200317383,1270600,0.1,0.0
2022-11-17 00:00:00-05:00,30.010211015442167,30.22346305847168,29.564323741535297,30.22346305847168,1230400,0.0,0.0
2022-11-18 00:00:00-05:00,30.65965502608575,30.960146186847613,30.048982960062233,30.281620025634766,1077900,0.0,0.0
2022-11-21 00:00:00-05:00,30.068371183678398,30.40763427939595,29.845427550345626,30.116836547851562,904700,0.0,0.0
2022-11-22 00:00:00-05:00,30.38824585919866,30.775974299504146,30.068369664842255,30.5918025970459,1490500,0.0,0.0
2022-11-23 00:00:00-05:00,30.572419621494067,31.115237625659432,30.485180485443156,30.892295837402344,1037600,0.0,0.0
2022-11-25 00:00:00-05:00,30.69843165373042,31.14432079089668,30.339781655382883,30.494873046875,640200,0.0,0.0
2022-11-28 00:00:00-05:00,30.136222582232413,30.57241824281651,30.029596565459613,30.388246536254883,2055200,0.0,0.0
2022-11-29 00:00:00-05:00,30.213771021060317,30.252542945064906,29.55463167346507,29.874507904052734,1639500,0.0,0.0
2022-11-30 00:00:00-05:00,30.02959715315241,30.86321472132292,29.583709890349187,30.79536247253418,1331400,0.0,0.0
2022-12-01 00:00:00-05:00,31.02799750428695,31.716218976909186,30.97953214083558,31.105545043945312,1250800,0.0,0.0
2022-12-02 00:00:00-05:00,30.640271249020355,31.289715261562026,30.436712652762044,31.095853805541992,1349400,0.0,0.0
2022-12-05 00:00:00-05:00,30.5336434262906,31.124930446172957,30.32039324889394,30.543336868286133,1208800,0.0,0.0
2022-12-06 00:00:00-05:00,30.514256518854047,30.882599919061196,30.29131289963315,30.727508544921875,1337400,0.0,0.0
2022-12-07 00:00:00-05:00,30.48517725167061,30.82443846828619,30.223459871280046,30.63057518005371,821000,0.0,0.0
2022-12-08 00:00:00-05:00,30.737201795327923,31.47388863546205,30.51425816408661,31.46419334411621,1164400,0.0,0.0
2022-12-09 00:00:00-05:00,31.260635881359846,31.619284001860365,30.93106623888987,31.425418853759766,1099600,0.0,0.0
2022-12-12 00:00:00-05:00,31.338181726043054,31.48357780600818,30.882599207278435,31.299407958984375,1138400,0.0,0.0
2022-12-13 00:00:00-05:00,32.4529040818286,32.79216904188672,31.473890369173827,32.20088195800781,2560300,0.0,0.0
2022-12-14 00:00:00-05:00,32.53045545838834,33.654869100337976,32.249351123483216,32.98603439331055,2857700,0.0,0.0
2022-12-15 00:00:00-05:00,32.42381569474007,33.35436375668652,32.42381569474007,32.94725036621094,1823300,0.0,0.0
2022-12-16 00:00:00-05:00,32.48198090308296,33.2283593398844,32.06517581529695,32.37535858154297,2785200,0.0,0.0
2022-12-19 00:00:00-05:00,32.220276257531715,32.89879893842566,31.774385170224043,32.08456802368164,1481700,0.0,0.0
2022-12-20 00:00:00-05:00,31.948852574566537,32.37535662564098,31.63866982705968,32.133026123046875,1314500,0.0,0.0
2022-12-21 00:00:00-05:00,32.5013565360837,33.29620006161993,32.5013565360837,32.860008239746094,1516200,0.0,0.0
2022-12-22 00:00:00-05:00,32.60799414243673,33.102350473369086,32.443211163906135,33.092655181884766,1509500,0.0,0.0
2022-12-23 00:00:00-05:00,33.09265547054139,33.519159555484904,32.734007333569146,33.509464263916016,1546200,0.0,0.0
2022-12-27 00:00:00-05:00,33.37375826830688,34.02320226285798,33.31559761450985,33.80025863647461,1628400,0.0,0.0
2022-12-28 00:00:00-05:00,33.897189841307444,34.0231990327326,32.850320358370546,32.9278678894043,2138600,0.0,0.0
2022-12-29 00:00:00-05:00,33.04418745131947,33.38344867557192,32.76308318112743,33.17020034790039,1077400,0.0,0.0
2022-12-30 00:00:00-05:00,32.71461643459945,33.37375566894719,32.65645578533234,33.276824951171875,1619700,0.0,0.0
2023-01-03 00:00:00-05:00,33.887496844017384,34.0232013348388,32.472287585922466,32.734004974365234,3929600,0.0,0.0
2023-01-04 00:00:00-05:00,33.150816634797536,33.94566046278847,33.05388220597524,33.858421325683594,1457400,0.0,0.0
2023-01-05 00:00:00-05:00,33.56762779659413,33.848728415782915,32.966645388618005,33.78087615966797,1110200,0.0,0.0
2023-01-06 00:00:00-05:00,34.03290354515708,34.74050831807221,33.84872995787959,34.643577575683594,1369400,0.0,0.0
2023-01-09 00:00:00-05:00,34.79865656911298,35.56441803523893,34.672643690821076,35.099143981933594,2023900,0.0,0.0
2023-01-10 00:00:00-05:00,35.47718024569787,36.708219508829494,35.34147577061825,36.650062561035156,2304500,0.0,0.0
2023-01-11 00:00:00-05:00,36.843934438622426,38.230065451978945,36.65007296073898,37.77448654174805,3935000,0.0,0.0
2023-01-12 00:00:00-05:00,37.87141081978103,37.94895835584124,36.853623443846026,37.7357063293457,3027300,0.0,0.0
2023-01-13 00:00:00-05:00,37.31890163831014,38.530554288904625,37.31890163831014,38.453006744384766,1607100,0.0,0.0
2023-01-17 00:00:00-05:00,38.501474874882675,38.54024494853199,37.44491364127912,37.5709228515625,1956500,0.0,0.0
2023-01-18 00:00:00-05:00,37.910187142088475,37.93926562123526,37.04749108247792,37.105648040771484,1879700,0.0,0.0
2023-01-19 00:00:00-05:00,36.82454671613501,36.92147744314526,36.13632524274946,36.15571212768555,1078200,0.0,0.0
2023-01-20 00:00:00-05:00,36.37864763684272,37.221960303787235,35.92306888439285,37.21226501464844,1255600,0.0,0.0
2023-01-23 00:00:00-05:00,37.37705226511839,38.0749614901339,37.22196091537389,37.9295654296875,1654100,0.0,0.0
2023-01-24 00:00:00-05:00,37.94895705326566,37.96834023894536,37.289817810058594,37.289817810058594,1256200,0.0,0.0
2023-01-25 00:00:00-05:00,36.669460302864685,37.3770650593934,36.35927379952852,37.15412139892578,1762000,0.0,0.0
2023-01-26 00:00:00-05:00,37.75509176498945,37.83263560040486,37.15411317425789,37.65815734863281,1911700,0.0,0.0
2023-01-27 00:00:00-05:00,37.144423374832336,38.79227171979696,37.144423374832336,38.63718032836914,2471500,0.0,0.0
2023-01-30 00:00:00-05:00,38.18159619294653,38.96674841000539,38.18159619294653,38.44331359863281,2189500,0.0,0.0
2023-01-31 00:00:00-05:00,38.501469853871214,39.51925718342454,38.385148555081784,39.49987030029297,1882800,0.0,0.0
2023-02-01 00:00:00-05:00,39.84883161967262,41.88440652491233,39.74220559839115,41.53544998168945,4260700,0.0,0.0
2023-02-02 00:00:00-05:00,42.146119641052955,42.92157649277515,41.680845530019646,42.89249801635742,2458200,0.0,0.0
2023-02-03 00:00:00-05:00,42.2430596291944,42.89250367263268,41.981342213912114,42.16551208496094,1630300,0.0,0.0
2023-02-06 00:00:00-05:00,41.62268424854596,41.76808402377032,40.55643155580027,40.65336227416992,2159100,0.0,0.0
2023-02-07 00:00:00-05:00,40.2850228475586,40.93446679972195,39.674348964392685,40.769683837890625,1882700,0.0,0.0
2023-02-08 00:00:00-05:00,40.26564116678039,40.41103726406408,39.54834118143491,39.81005859375,3206200,0.0,0.0
2023-02-09 00:00:00-05:00,39.42233170168629,41.448215227169406,38.99583126914747,40.24625778198242,4664400,0.0,0.0
2023-02-10 00:00:00-05:00,39.74220513376984,40.22686617198654,39.402943886086256,39.66465759277344,2004100,0.0,0.0
2023-02-13 00:00:00-05:00,39.771281829399506,40.10085146851524,39.2575423351812,39.722816467285156,2035300,0.0,0.0
2023-02-14 00:00:00-05:00,39.4126323153432,40.03299780282275,39.24784935046207,39.82944107055664,2225100,0.0,0.0
2023-02-15 00:00:00-05:00,39.82945091394603,41.40944719749646,39.58712035440576,41.27374267578125,1946100,0.0,0.0
2023-02-16 00:00:00-05:00,40.61459279877811,41.80685840095852,40.604897508197574,41.186492919921875,1197700,0.0,0.0
2023-02-17 00:00:00-05:00,40.730917251249515,41.61300026124016,40.47889142115473,41.39005661010742,1638600,0.0,0.0
2023-02-21 00:00:00-05:00,40.517658802124885,40.88600219694211,39.69373658237924,39.82944107055664,1582700,0.0,0.0
2023-02-22 00:00:00-05:00,40.47090831668765,41.11237790614887,40.072419688501064,40.743045806884766,1454800,0.11,0.0
2023-02-23 00:00:00-05:00,41.1221038051834,41.83160784629007,40.83052365307203,41.78301239013672,1319500,0.0,0.0
2023-02-24 00:00:00-05:00,41.05406792613378,41.58862533949478,40.95687330978009,41.50115203857422,969000,0.0,0.0
2023-02-27 00:00:00-05:00,41.90936445145319,42.0843110789543,41.24845579369258,41.4622802734375,2104100,0.0,0.0
2023-02-28 00:00:00-05:00,41.34564969759631,42.07459273017341,41.18042068226225,41.540035247802734,1415900,0.0,0.0
2023-03-01 00:00:00-05:00,41.40395436779502,41.880198683806135,41.141538191987635,41.569183349609375,1168900,0.0,0.0
2023-03-02 00:00:00-05:00,41.015188511471514,41.76357034460247,40.820802993791524,41.753849029541016,974200,0.0,0.0
2023-03-03 00:00:00-05:00,42.18150255486305,42.19122016339921,41.297051874241525,41.57890701293945,2049000,0.0,0.0
2023-03-06 00:00:00-05:00,41.52059027429368,41.67609795028898,40.66529620252183,40.8985595703125,2016200,0.0,0.0
2023-03-07 00:00:00-05:00,40.86939551156402,41.19013214884386,40.383433606057686,40.412593841552734,1171100,0.0,0.0
2023-03-08 00:00:00-05:00,40.76248252488165,41.063780235306865,40.169612125804974,40.63613510131836,1528900,0.0,0.0
2023-03-09 00:00:00-05:00,40.45146868843585,40.51950305979699,39.10049516055733,39.11993408203125,1598800,0.0,0.0
2023-03-10 00:00:00-05:00,39.03246548372215,39.081060939454055,37.99250715915779,38.16745376586914,1778600,0.0,0.0
2023-03-13 00:00:00-04:00,37.37047348088537,38.2063286009109,36.57349620541809,37.45794677734375,2626500,0.0,0.0
2023-03-14 00:00:00-04:00,38.40070877402606,38.40070877402606,36.94282303350336,37.516258239746094,2804300,0.0,0.0
2023-03-15 00:00:00-04:00,36.56377417103443,36.75815968240548,35.61128924367106,36.66096878051758,2500500,0.0,0.0
2023-03-16 00:00:00-04:00,36.28191602980805,37.00113754169097,35.93202288020233,36.77759552001953,1993900,0.0,0.0
2023-03-17 00:00:00-04:00,36.53462478049771,36.53462478049771,34.95038755853268,35.03786087036133,4561800,0.0,0.0
2023-03-20 00:00:00-04:00,35.475219026161746,36.75815815734958,35.17392131065737,36.038936614990234,2573300,0.0,0.0
2023-03-21 00:00:00-04:00,36.90394898242381,37.85643389016115,36.855349824886,37.564857482910156,1852600,0.0,0.0
2023-03-22 00:00:00-04:00,37.623172014403586,38.14801179258302,36.855351269392415,36.87479019165039,1392500,0.0,0.0
2023-03-23 00:00:00-04:00,37.176092590625615,37.63289805202605,36.23332513457649,36.65125274658203,1032100,0.0,0.0
2023-03-24 00:00:00-04:00,36.27220076646853,36.79704057842601,35.68904789157948,36.64153289794922,1172100,0.0,0.0
2023-03-27 00:00:00-04:00,37.04973754262237,37.86615375618928,36.8845122614411,37.57457733154297,2014700,0.0,0.0
2023-03-28 00:00:00-04:00,37.49682764124605,37.963350690724624,37.059461123736256,37.292720794677734,1410300,0.0,0.0
2023-03-29 00:00:00-04:00,37.914749995864746,37.953627841983185,37.55513918825791,37.78840255737305,1134400,0.0,0.0
2023-03-30 00:00:00-04:00,38.148015683824056,38.42987452392241,37.6426147763498,37.700931549072266,1380900,0.0,0.0
2023-03-31 00:00:00-04:00,38.07998122795209,38.39099660000269,37.80784370430674,38.38127899169922,1566800,0.0,0.0
2023-04-03 00:00:00-04:00,38.14801711100322,38.51734927020473,37.69121164324334,38.128578186035156,2112200,0.0,0.0
2023-04-04 00:00:00-04:00,38.18688971304968,38.18688971304968,36.95254595417799,37.1663703918457,1411100,0.0,0.0
2023-04-05 00:00:00-04:00,36.61236955675713,36.64152979334775,35.3197127674936,35.640445709228516,3360200,0.0,0.0
2023-04-06 00:00:00-04:00,35.45578231756259,35.50437776952279,34.95038146046676,35.368309020996094,1777200,0.0,0.0
2023-04-10 00:00:00-04:00,35.16420967547459,35.776522817213504,35.09617529390312,35.757083892822266,2669500,0.0,0.0
2023-04-11 00:00:00-04:00,36.19444720566248,37.46766512556082,36.19444720566248,37.33159637451172,2128700,0.0,0.0
2023-04-12 00:00:00-04:00,37.78840023312615,37.95362550757379,36.4860221290276,36.56377410888672,1316100,0.0,0.0
2023-04-13 00:00:00-04:00,36.884513825829806,36.884513825829806,36.17500980297983,36.54433822631836,1379200,0.0,0.0
2023-04-14 00:00:00-04:00,36.9331131169781,37.691212673474844,36.534624413230326,36.73872756958008,1040800,0.0,0.0
2023-04-17 00:00:00-04:00,36.59293516067847,37.20524452884366,36.51517947149191,37.1663703918457,1068400,0.0,0.0
2023-04-18 00:00:00-04:00,37.60373849695823,37.69121180589407,36.9817077256793,37.35103988647461,1540700,0.0,0.0
2023-04-19 00:00:00-04:00,37.176088681629125,37.25384437224303,36.83591680418179,36.94282531738281,1253100,0.0,0.0
2023-04-20 00:00:00-04:00,35.95146937155637,36.43743135777176,35.582137223905875,35.85427474975586,2501200,0.0,0.0
2023-04-21 00:00:00-04:00,35.786240528882686,35.786240528882686,34.84347308496358,35.22252655029297,2118100,0.0,0.0
2023-04-24 00:00:00-04:00,35.24195633402776,35.73763956202784,35.01841429873965,35.572410583496094,1401600,0.0,0.0
2023-04-25 00:00:00-04:00,35.203088375415746,35.416909133697764,34.6393706772272,34.75600051879883,1245700,0.0,0.0
2023-04-26 00:00:00-04:00,34.80459511221358,35.11561045394143,34.619927204090885,34.68796157836914,1398600,0.0,0.0
2023-04-27 00:00:00-04:00,35.03786155940128,35.51410597929974,34.31863983252938,35.494667053222656,1676100,0.0,0.0
2023-04-28 00:00:00-04:00,35.45578158123742,36.55405656918723,35.44606397408532,36.41798782348633,1948000,0.0,0.0
2023-05-01 00:00:00-04:00,36.39855355950158,36.894233154786185,35.93203049699967,35.95146942138672,1651900,0.0,0.0
2023-05-02 00:00:00-04:00,35.970900795291335,35.970900795291335,34.79487380248178,35.56269454956055,1801000,0.0,0.0
2023-05-03 00:00:00-04:00,35.65016092773724,36.13612276840149,35.339145646319686,35.38774108886719,2115900,0.0,0.0
2023-05-04 00:00:00-04:00,35.17392511348169,35.38774956099563,34.78515777243284,34.87263107299805,1102500,0.0,0.0
2023-05-05 00:00:00-04:00,35.33914949447002,35.543252599951494,34.901783048727566,35.29055404663086,1947200,0.0,0.0
2023-05-08 00:00:00-04:00,35.51409828141959,36.9428238162386,35.40718606496747,36.56377410888672,3469800,0.0,0.0
2023-05-09 00:00:00-04:00,36.30135727170716,39.479548965026055,35.57241432482472,36.690128326416016,8331700,0.0,0.0
2023-05-10 00:00:00-04:00,36.991423018279015,37.13720937103484,35.39746479194385,35.54325485229492,2756100,0.0,0.0
2023-05-11 00:00:00-04:00,35.484941020529384,36.43742973374303,35.30999812427717,36.30135726928711,3563700,0.0,0.0
2023-05-12 00:00:00-04:00,36.54433825638647,37.584296564065646,36.52490304048575,37.07889938354492,2977800,0.0,0.0
2023-05-15 00:00:00-04:00,37.457949023193706,38.27436526988963,37.42878878422902,38.05082321166992,3012000,0.0,0.0
2023-05-16 00:00:00-04:00,37.65232922888818,37.75923773133154,36.85534831067339,37.23440170288086,2435400,0.0,0.0
2023-05-17 00:00:00-04:00,37.50654533774056,37.55514079366824,36.719285604368054,36.75816345214844,2415400,0.0,0.0
2023-05-18 00:00:00-04:00,36.816480949816906,37.594019382779074,36.680412187497986,37.40935516357422,1671000,0.0,0.0
2023-05-19 00:00:00-04:00,37.244118483628846,37.244118483628846,36.0292137739395,36.77759552001953,1945500,0.0,0.0
2023-05-22 00:00:00-04:00,36.83608971919277,37.323468507586206,36.43643926144636,37.00179672241211,1571400,0.11,0.0
2023-05-23 00:00:00-04:00,36.65087886303054,37.303968292206335,36.56315054324289,36.93355941772461,1776300,0.0,0.0
2023-05-24 00:00:00-04:00,36.826331664311176,36.826331664311176,35.802837185733935,36.30971145629883,1557200,0.0,0.0
2023-05-25 00:00:00-04:00,36.48517463016843,36.80684268136385,35.97830026857107,36.0660285949707,1382000,0.0,0.0
2023-05-26 00:00:00-04:00,36.05628409491161,36.58265035591376,35.900323032687815,36.48517608642578,1054100,0.0,0.0
2023-05-30 00:00:00-04:00,36.699615885473115,37.03103353475,36.10501330426422,36.30971145629883,1603300,0.0,0.0
2023-05-31 00:00:00-04:00,35.9685490188758,36.43643211779266,34.49666328419576,34.740352630615234,4135600,0.0,0.0
2023-06-01 00:00:00-04:00,34.857325085235004,35.481172982231044,34.09701545737728,35.06202697753906,1941100,0.0,0.0
2023-06-02 00:00:00-04:00,35.74436111417588,36.6411400825732,35.481179821803906,36.35845947265625,2253900,0.0,0.0
2023-06-05 00:00:00-04:00,35.86133263919792,35.890574177016994,34.564903259277344,34.564903259277344,2253800,0.0,0.0
2023-06-06 00:00:00-04:00,34.701362536803806,36.88482078565825,34.60388828252467,36.51441192626953,2034700,0.0,0.0
2023-06-07 00:00:00-04:00,36.83608757549763,37.69387151589925,36.73860959244869,37.53791046142578,1854300,0.0,0.0
2023-06-08 00:00:00-04:00,37.55740621736999,37.996047846939014,37.19674697457094,37.25523376464844,1091700,0.0,0.0
2023-06-09 00:00:00-04:00,37.16750633529781,37.420941661603976,36.533912441924976,36.75810623168945,924900,0.0,0.0
2023-06-12 00:00:00-04:00,37.021292320156455,37.33321444725585,36.56315506917701,37.00179672241211,1309900,0.0,0.0
2023-06-13 00:00:00-04:00,37.29421497445219,37.96679993293659,37.17724513235221,37.61588668823242,1405100,0.0,0.0
2023-06-14 00:00:00-04:00,37.82059253548909,38.083777522557895,36.982300440026606,37.27473068237305,1193300,0.0,0.0
2023-06-15 00:00:00-04:00,37.10901823260682,37.732862446153,36.78735018679917,37.70362091064453,1287000,0.0,0.0
2023-06-16 00:00:00-04:00,37.84008139045226,38.00579207948226,37.26497438453228,37.45992660522461,2175200,0.0,0.0
2023-06-20 00:00:00-04:00,37.23573343044857,37.4891687183967,36.79709185668796,37.128509521484375,1516100,0.0,0.0
2023-06-21 00:00:00-04:00,36.51441725803929,37.62564028005979,36.348710257887625,37.27473068237305,1846100,0.0,0.0
2023-06-22 00:00:00-04:00,37.1285188947609,37.294225909790455,36.377955060932436,37.04079055786133,1186400,0.0,0.0
2023-06-23 00:00:00-04:00,36.5436588611357,36.9725508054926,36.25122864801479,36.70936584472656,1930100,0.0,0.0
2023-06-26 00:00:00-04:00,36.923822805022006,37.64514142243144,36.72887052087697,37.52817153930664,2030700,0.0,0.0
2023-06-27 00:00:00-04:00,37.64512973823098,38.9805500531765,37.40144038828675,38.658878326416016,2101200,0.0,0.0
2023-06-28 00:00:00-04:00,38.51266539447604,38.863578673070656,38.07402751463737,38.18124771118164,1636300,0.0,0.0
2023-06-29 00:00:00-04:00,38.083773871695854,39.00004455044971,37.88882163495545,38.980552673339844,925900,0.0,0.0
2023-06-30 00:00:00-04:00,39.3119755865178,39.47768259281367,38.70762320043785,39.058536529541016,1674900,0.0,0.0
2023-07-03 00:00:00-04:00,39.13650996945081,39.22423828165867,38.45417906543466,38.756351470947266,972600,0.0,0.0
2023-07-05 00:00:00-04:00,38.61989603158327,39.14626604109487,38.25923675176469,39.01954650878906,2124000,0.0,0.0
2023-07-06 00:00:00-04:00,38.229987542657135,38.85383170206661,37.77185036128884,38.278724670410156,1751400,0.0,0.0
2023-07-07 00:00:00-04:00,38.45418479569898,39.64338643812063,38.27872814513754,39.409446716308594,2451400,0.0,0.0
2023-07-10 00:00:00-04:00,39.487424159162295,41.67088256596842,39.43868702849707,41.661136627197266,2399600,0.0,0.0
2023-07-11 00:00:00-04:00,41.9145736576269,42.33371969167556,41.38820370067209,42.2557373046875,1846800,0.0,0.0
2023-07-12 00:00:00-04:00,42.8893317501493,43.240245059413496,42.42144857726536,43.17201232910156,2567100,0.0,0.0
2023-07-13 00:00:00-04:00,43.29872758195976,43.70812767703532,42.81134881826329,42.87958526611328,1515100,0.0,0.0
2023-07-14 00:00:00-04:00,42.8893260661198,43.016045570650206,42.29472345071297,42.860084533691406,1334100,0.0,0.0
2023-07-17 00:00:00-04:00,42.67488213350317,43.990806988725566,42.60664940601809,43.883583068847656,1531100,0.0,0.0
2023-07-18 00:00:00-04:00,43.81534650165094,44.56591015661669,43.65938546415185,44.166259765625,1028300,0.0,0.0
2023-07-19 00:00:00-04:00,44.176008565646995,45.1507660427679,44.176008565646995,45.00455093383789,1727500,0.0,0.0
2023-07-20 00:00:00-04:00,44.99480693739909,45.00455287649293,44.57566090667198,44.692630767822266,987100,0.0,0.0
2023-07-21 00:00:00-04:00,45.04354099681512,45.13126931629423,44.44893835572384,44.760860443115234,916500,0.0,0.0
2023-07-24 00:00:00-04:00,44.702379403592,45.18000849477502,44.65364227242706,44.79010772705078,1249400,0.0,0.0
2023-07-25 00:00:00-04:00,45.053289442436416,45.39445305434747,44.87783280819516,45.0825309753418,1651700,0.0,0.0
2023-07-26 00:00:00-04:00,45.12152862548828,45.60890740851994,44.69263291664121,45.12152862548828,1244200,0.0,0.0
2023-07-27 00:00:00-04:00,45.63814529260603,45.979308926058486,44.71212493528616,44.89733123779297,2237900,0.0,0.0
2023-07-28 00:00:00-04:00,44.35146495069718,45.03379592438883,43.903077406250105,44.829097747802734,1787900,0.0,0.0
2023-07-31 00:00:00-04:00,44.44893778664225,44.52692016669398,42.060785032828385,43.50342559814453,3238400,0.0,0.0
2023-08-01 00:00:00-04:00,42.54816382944916,43.4156973578597,42.54816382944916,42.93806457519531,4262500,0.0,0.0
2023-08-02 00:00:00-04:00,42.09977467550499,43.055036569973616,41.80734817203985,42.40195083618164,3526300,0.0,0.0
2023-08-03 00:00:00-04:00,42.81134315506615,45.49192600080216,42.62614058798633,44.78035354614258,4182800,0.0,0.0
2023-08-04 00:00:00-04:00,44.127273340258505,45.44319450381256,43.41570079745325,44.692630767822266,2511300,0.0,0.0
2023-08-07 00:00:00-04:00,44.75111530831671,45.06303740130953,43.971310075834666,44.20524978637695,2079900,0.0,0.0
2023-08-08 00:00:00-04:00,43.864083051263016,44.536664319423465,43.50342385399475,44.497676849365234,1909700,0.0,0.0
2023-08-09 00:00:00-04:00,44.66338501899729,45.033793882504504,44.45868685169244,44.79985046386719,1342200,0.0,0.0
2023-08-10 00:00:00-04:00,45.033798343465364,45.326224856925855,43.77636024533994,44.46843719482422,1648600,0.0,0.0
2023-08-11 00:00:00-04:00,44.312474207703914,44.65364155720345,43.88358225455545,44.09803009033203,977600,0.0,0.0
2023-08-14 00:00:00-04:00,43.717875937520894,44.1662672499178,43.532673336108196,44.10778045654297,1277600,0.0,0.0
2023-08-15 00:00:00-04:00,43.95181523706162,44.07853475152349,43.62039754274924,43.93231964111328,1433100,0.0,0.0
2023-08-16 00:00:00-04:00,43.844376699865755,44.26454821334861,43.07243706748073,43.199462890625,2343400,0.11,0.0
2023-08-17 00:00:00-04:00,43.38512257841275,43.39489236198006,42.05620836311868,42.09529495239258,993400,0.0,0.0
2023-08-18 00:00:00-04:00,41.62625861403069,42.26140257142277,41.48945929459286,41.88031768798828,1378400,0.0,0.0
2023-08-21 00:00:00-04:00,41.968266889751845,42.07575315031679,41.3038097585344,41.557865142822266,1345800,0.0,0.0
2023-08-22 00:00:00-04:00,41.606725570783595,41.85101117307095,41.049750968266146,41.792381286621094,2013600,0.0,0.0
2023-08-23 00:00:00-04:00,41.587182068695405,42.955179198206906,41.34289646762166,42.89655303955078,1727800,0.0,0.0
2023-08-24 00:00:00-04:00,42.77928560650153,43.170143989227256,42.33957458531233,42.40797424316406,1772600,0.0,0.0
2023-08-25 00:00:00-04:00,42.54478484241053,42.97472619543457,42.07575689524718,42.29072570800781,1358400,0.0,0.0
2023-08-28 00:00:00-04:00,42.495921869312674,43.883462198425725,42.495921869312674,43.84437561035156,1473600,0.0,0.0
2023-08-29 00:00:00-04:00,43.72712198745392,45.31009161681862,43.482836389758646,44.98763656616211,1460800,0.0,0.0
2023-08-30 00:00:00-04:00,44.85084114173812,45.45666843318892,44.50883903861866,45.104896545410156,1073300,0.0,0.0
2023-08-31 00:00:00-04:00,45.319863430459975,45.87683427414105,45.09512113629939,45.65209197998047,1134400,0.0,0.0
2023-09-01 00:00:00-04:00,46.36540941671485,46.609695026152224,45.92569457422705,46.01363754272461,1068400,0.0,0.0
2023-09-05 00:00:00-04:00,45.40780924903889,45.779120683192126,43.775979476566775,44.09843826293945,1531800,0.0,0.0
2023-09-06 00:00:00-04:00,44.19614396693784,44.95831373684131,43.93231510947081,44.078887939453125,850100,0.0,0.0
2023-09-07 00:00:00-04:00,43.71735238014474,44.21569336135396,43.375350305489164,44.127750396728516,724100,0.0,0.0
2023-09-08 00:00:00-04:00,43.87369263360685,44.039805042495836,43.3362613636667,43.47306442260742,963900,0.0,0.0
2023-09-11 00:00:00-04:00,44.225463575019255,44.88015092414976,43.775978963677396,44.72380828857422,1486600,0.0,0.0
2023-09-12 00:00:00-04:00,44.20592356237919,44.674951464386886,43.92255137340503,44.37203598022461,1706900,0.0,0.0
2023-09-13 00:00:00-04:00,44.28408871674025,44.90945919204252,43.75643098039068,43.77597427368164,2414300,0.0,0.0
2023-09-14 00:00:00-04:00,44.5967802506167,45.437123343258015,44.264551672770196,44.91923904418945,1749400,0.0,0.0
2023-09-15 00:00:00-04:00,44.45020676235077,44.47951983979994,43.580546947168834,43.717350006103516,3321000,0.0,0.0
2023-09-18 00:00:00-04:00,43.64894257922602,43.94208823663671,43.3264875745769,43.6000862121582,876100,0.0,0.0
2023-09-19 00:00:00-04:00,43.59031892048863,43.83460449728805,43.00403129966877,43.766204833984375,1568200,0.0,0.0
2023-09-20 00:00:00-04:00,43.83460583000513,43.961635377503534,42.79883361098394,42.86723327636719,900200,0.0,0.0
2023-09-21 00:00:00-04:00,42.51545850921064,42.51545850921064,41.61648941040039,41.61648941040039,1745400,0.0,0.0
2023-09-22 00:00:00-04:00,42.00735348041227,42.251639080786255,41.21586679329966,41.557865142822266,1694700,0.0,0.0
2023-09-25 00:00:00-04:00,41.342893492779694,41.83146465977188,41.14746428048238,41.52854919433594,1139000,0.0,0.0
2023-09-26 00:00:00-04:00,41.25495053362101,41.49923611711711,40.49277697841171,40.795692443847656,1093600,0.0,0.0
2023-09-27 00:00:00-04:00,41.01066936365892,41.33312443027497,40.619810897000434,41.02043914794922,920400,0.0,0.0
2023-09-28 00:00:00-04:00,41.08883545038442,42.04643451490263,41.08883545038442,41.86077880859375,1616300,0.0,0.0
2023-09-29 00:00:00-04:00,42.34934997558594,42.7402084100708,42.075751307947904,42.34934997558594,1396400,0.0,0.0
2023-10-02 00:00:00-04:00,42.1246115018352,42.85746833735076,40.8543270657754,41.01066970825195,1611000,0.0,0.0
2023-10-03 00:00:00-04:00,40.81523427541802,40.942263817985136,39.046605372375474,39.496089935302734,2193300,0.0,0.0
2023-10-04 00:00:00-04:00,39.56449625070235,40.69798125221469,39.54495295597772,40.5025520324707,1897900,0.0,0.0
2023-10-05 00:00:00-04:00,40.326663143586565,40.414606099632756,39.515633245882604,39.98466110229492,1360100,0.0,0.0
2023-10-06 00:00:00-04:00,39.09546431456332,40.2191795233314,38.90003882391,40.02375030517578,1878900,0.0,0.0
2023-10-09 00:00:00-04:00,39.71106622538681,40.258267306957976,39.300668209835244,40.22895050048828,1197100,0.0,0.0
2023-10-10 00:00:00-04:00,40.512323718610915,41.74352525156578,40.46346734325612,40.80546569824219,1232900,0.0,0.0
2023-10-11 00:00:00-04:00,41.10838094991691,41.28426688217133,40.29735468674596,40.570953369140625,966700,0.0,0.0
2023-10-12 00:00:00-04:00,40.4146075299941,40.785922660608776,38.724151739501394,39.085693359375,1329200,0.0,0.0
2023-10-13 00:00:00-04:00,39.12478330288816,39.33975210010012,38.7339248447714,38.97821044921875,927300,0.0,0.0
2023-10-16 00:00:00-04:00,39.70129255520466,40.570948602792484,39.44723347068338,40.35597610473633,1141100,0.0,0.0
2023-10-17 00:00:00-04:00,39.96512608008357,41.53832222987202,39.76969685248487,41.05952453613281,1223800,0.0,0.0
2023-10-18 00:00:00-04:00,40.395064713270465,40.639350299652726,39.69152103168884,39.9260368347168,1465900,0.0,0.0
2023-10-19 00:00:00-04:00,39.847866933317846,40.33643814624231,38.929354394920786,39.21272659301758,1228000,0.0,0.0
2023-10-20 00:00:00-04:00,39.17364002447008,39.31043936776914,38.58735605961622,38.968441009521484,1029600,0.0,0.0
2023-10-23 00:00:00-04:00,38.89025819216683,39.349516211618194,38.50917333666533,38.9098014831543,1483600,0.0,0.0
2023-10-24 00:00:00-04:00,39.134550462289226,39.60357834407108,38.518949736668304,38.93912124633789,1224500,0.0,0.0
2023-10-25 00:00:00-04:00,38.59712145309168,38.86095032551433,37.9717509677204,38.01083755493164,1479500,0.0,0.0
2023-10-26 00:00:00-04:00,37.97175073101311,38.01083731798069,36.96529534536162,37.16072082519531,2760000,0.0,0.0
2023-10-27 00:00:00-04:00,37.33661152272084,37.76655657944579,36.711240961123714,37.131412506103516,1707200,0.0,0.0
2023-10-30 00:00:00-04:00,37.44409662433466,38.587355175354254,37.23889761408837,38.264896392822266,1839800,0.0,0.0
2023-10-31 00:00:00-04:00,38.431011895808226,39.35929418208185,38.264895751605046,39.017295837402344,2970500,0.0,0.0
2023-11-01 00:00:00-04:00,39.095462421580834,39.51563391564511,38.40169227184757,39.4765510559082,3035700,0.0,0.0
2023-11-02 00:00:00-04:00,36.7112356139826,37.69815141635059,35.392095010720794,35.95883560180664,7762700,0.0,0.0
2023-11-03 00:00:00-04:00,36.78940887752481,38.76323303213784,36.50603671753011,38.157405853271484,4633200,0.0,0.0
2023-11-06 00:00:00-05:00,38.14763725579613,38.313749661815464,36.36923852281351,36.65260696411133,2874800,0.0,0.0
2023-11-07 00:00:00-05:00,36.55489608661301,37.229122983221714,36.34969708253676,37.08255386352539,1710000,0.0,0.0
2023-11-08 00:00:00-05:00,36.838266736711375,36.93597947910894,36.39855194091797,36.64283752441406,1920000,0.0,0.0
2023-11-09 00:00:00-05:00,36.857813972893666,36.857813972893666,35.63638592477288,35.66569900512695,2646900,0.0,0.0
2023-11-10 00:00:00-05:00,35.76340910505929,36.60375213623047,35.29438121667353,36.60375213623047,1895900,0.0,0.0
2023-11-13 00:00:00-05:00,36.52558135986328,36.642837395829325,36.13472293664023,36.52558135986328,1888600,0.0,0.0
2023-11-14 00:00:00-05:00,39.437461853027344,40.27780478542118,38.71437494707161,39.437461853027344,3871500,0.0,0.0
2023-11-15 00:00:00-05:00,39.51585684275529,40.49566976238495,39.34928670281962,39.66282653808594,2181000,0.11,0.0
2023-11-16 00:00:00-05:00,39.45705962145899,39.819589289929326,38.27148709910397,38.42825698852539,2136000,0.0,0.0
2023-11-17 00:00:00-05:00,38.85937776465798,39.221907475246674,38.477251348403755,38.77119445800781,1688600,0.0,0.0
2023-11-20 00:00:00-05:00,38.829984897225025,39.73141093918299,38.44785847779982,39.36888122558594,1626800,0.0,0.0
2023-11-21 00:00:00-05:00,39.19251210714103,39.29049189233319,38.820182195570204,38.839778900146484,829500,0.0,0.0
2023-11-22 00:00:00-05:00,39.05534335898737,39.30029658754329,38.44786039872177,38.820186614990234,1277400,0.0,0.0
2023-11-24 00:00:00-05:00,38.50663602641506,39.05533245069577,38.50663602641506,38.80057907104492,419700,0.0,0.0
2023-11-27 00:00:00-05:00,38.53604247241384,38.63402226561244,38.12451911806279,38.496849060058594,1589000,0.0,0.0
2023-11-28 00:00:00-05:00,38.50664199245596,38.810385303657604,38.06572548835331,38.48704528808594,1356900,0.0,0.0
2023-11-29 00:00:00-05:00,38.95735554674056,40.34869167574338,38.95735554674056,39.80979537963867,1845600,0.0,0.0
2023-11-30 00:00:00-05:00,39.85878330082994,40.05474659999909,39.192510326268255,39.50605010986328,1513800,0.0,0.0
2023-12-01 00:00:00-05:00,39.41787022653395,41.906595744873066,39.34928362653707,41.828208923339844,2390300,0.0,0.0
2023-12-04 00:00:00-05:00,41.759618685530796,43.15095474502678,41.700832312191324,43.043174743652344,2595100,0.0,0.0
2023-12-05 00:00:00-05:00,42.58266101534092,43.062770905139665,42.445487829023854,42.5728645324707,1326700,0.0,0.0
2023-12-06 00:00:00-05:00,43.052977491672394,44.81664370228454,43.052977491672394,44.542293548583984,2791600,0.0,0.0
2023-12-07 00:00:00-05:00,44.6206721035883,44.924411654243606,44.2483422239549,44.80683517456055,1376500,0.0,0.0
2023-12-08 00:00:00-05:00,44.67945876241566,45.512301821232256,44.67945876241566,45.28694534301758,1310400,0.0,0.0
2023-12-11 00:00:00-05:00,45.28694977064948,46.403935788262444,45.28694977064948,45.87483596801758,2669400,0.0,0.0
2023-12-12 00:00:00-05:00,45.835636339062866,46.34513938523973,45.669069976228066,45.953216552734375,1722800,0.0,0.0
2023-12-13 00:00:00-05:00,46.05120388689722,48.14800278499372,45.55150097866528,48.020626068115234,1873600,0.0,0.0
2023-12-14 00:00:00-05:00,48.931850186443576,50.51914962331188,48.902456998323906,49.54913330078125,4065300,0.0,0.0
2023-12-15 00:00:00-05:00,49.50993409146159,50.6367201814441,49.176797626938054,49.245384216308594,3017100,0.0,0.0
2023-12-18 00:00:00-05:00,49.50014011296616,49.71570011199927,48.75548033686395,49.1670036315918,1655700,0.0,0.0
2023-12-19 00:00:00-05:00,49.35316716452628,49.73529353894632,49.00043397654193,49.274784088134766,1786100,0.0,0.0
2023-12-20 00:00:00-05:00,49.1572051514364,49.59812164793749,47.80506621241853,47.89324951171875,2127100,0.0,0.0
2023-12-21 00:00:00-05:00,48.863267252178936,49.46095370668061,48.58892084199043,49.43156051635742,1230300,0.0,0.0
2023-12-22 00:00:00-05:00,49.460949284849086,49.74509589153549,49.15720597380267,49.45115280151367,741500,0.0,0.0
2023-12-26 00:00:00-05:00,49.50014227175495,50.22520163845093,49.40215875078986,49.95085525512695,1189800,0.0,0.0
2023-12-27 00:00:00-05:00,50.13702392578125,50.48975716518649,49.862677511883646,50.13702392578125,1036600,0.0,0.0
2023-12-28 00:00:00-05:00,49.99984900853642,50.411372352995805,49.88227251198635,50.31338882446289,914000,0.0,0.0
2023-12-29 00:00:00-05:00,49.9900528229603,50.60733597448974,49.93126270548958,49.941062927246094,1325800,0.0,0.0
2024-01-02 00:00:00-05:00,49.34337537866983,49.84307828408902,48.461542324766135,48.637908935546875,1914400,0.0,0.0
2024-01-03 00:00:00-05:00,48.45174477717357,48.91225426171126,46.942832134816946,47.33475875854492,1594300,0.0,0.0
2024-01-04 00:00:00-05:00,46.92323590047233,47.550315514574876,46.83505259613357,46.95262908935547,1083900,0.0,0.0
2024-01-05 00:00:00-05:00,46.9918189213026,48.05981497577262,46.63908573080769,47.67768859863281,1370000,0.0,0.0
2024-01-08 00:00:00-05:00,47.95203795658598,49.09842089698703,47.95203795658598,48.922054290771484,1253300,0.0,0.0
2024-01-09 00:00:00-05:00,48.128405262405906,49.176804693655136,48.03042547427936,49.02003479003906,917600,0.0,0.0
2024-01-10 00:00:00-05:00,49.147415814310015,50.10763202536742,48.88286587794374,50.097835540771484,1330400,0.0,0.0
2024-01-11 00:00:00-05:00,49.71569609702532,49.9018591571721,48.65749662834592,49.78428268432617,1814700,0.0,0.0
2024-01-12 00:00:00-05:00,50.3329815376262,50.47995494992255,48.66729906158722,48.98084259033203,910400,0.0,0.0
2024-01-16 00:00:00-05:00,47.85405852750009,48.70649463878602,47.76587522373332,48.42234802246094,2235500,0.0,0.0
2024-01-17 00:00:00-05:00,47.72667392101597,48.15779388488683,47.48172075524888,48.069610595703125,1028200,0.0,0.0
2024-01-18 00:00:00-05:00,49.39236599615129,50.17621553459887,48.80447977673797,49.58832931518555,2074200,0.0,0.0
2024-01-19 00:00:00-05:00,49.37276119716333,49.980244022668806,48.9906348434149,49.9704475402832,1129800,0.0,0.0
2024-01-22 00:00:00-05:00,50.27419424602446,50.764100627825826,49.941057756891965,50.47015380859375,1322600,0.0,0.0
2024-01-23 00:00:00-05:00,50.64652479342903,50.69551842600558,49.61772205004126,50.08803176879883,1175300,0.0,0.0
2024-01-24 00:00:00-05:00,50.78369767208555,50.78369767208555,49.3727648909174,49.6079216003418,1110100,0.0,0.0
2024-01-25 00:00:00-05:00,50.088032006873746,50.25460213550907,49.59812558029484,49.96065902709961,1452600,0.0,0.0
2024-01-26 00:00:00-05:00,50.225203761177326,50.75430358368337,49.90186747254984,50.73470687866211,1563800,0.0,0.0
2024-01-29 00:00:00-05:00,50.460356626044664,51.2931959684863,50.146816845053294,51.224609375,2219500,0.0,0.0
2024-01-30 00:00:00-05:00,50.95026985245788,51.351992984479296,50.68571992585507,50.76410675048828,1760800,0.0,0.0
2024-01-31 00:00:00-05:00,50.372178059479424,50.42116795404327,48.657505585919274,48.88286209106445,2382200,0.0,0.0
2024-02-01 00:00:00-05:00,49.15720597380267,50.852285392896505,48.71629320761453,49.45115280151367,1730200,0.0,0.0
2024-02-02 00:00:00-05:00,48.63790430564202,49.73529353894632,47.92264144675776,49.274784088134766,1758100,0.0,0.0
2024-02-05 00:00:00-05:00,48.94165040760962,49.72549990487773,48.5301270854881,49.54913330078125,1554200,0.0,0.0
2024-02-06 00:00:00-05:00,49.44135693652552,50.00965019996788,49.431560452326984,49.676513671875,1458400,0.0,0.0
2024-02-07 00:00:00-05:00,49.83328569919984,50.558345166747685,49.5295423484927,50.21541213989258,3857000,0.0,0.0
2024-02-08 00:00:00-05:00,50.49955088777702,52.527763015630626,49.35316800725289,50.83268737792969,3483400,0.0,0.0
2024-02-09 00:00:00-05:00,50.60732806619184,50.94046453775515,48.95144219091149,49.578521728515625,3240500,0.0,0.0
2024-02-12 00:00:00-05:00,49.764691423860945,50.960060460155475,49.167005036869135,50.95026397705078,2268400,0.0,0.0
2024-02-13 00:00:00-05:00,49.06902539826202,49.67650827013132,48.108805592879804,49.11801528930664,1745500,0.0,0.0
2024-02-14 00:00:00-05:00,49.62752637311872,49.88227609019944,49.24539619096309,49.7157096862793,1321900,0.0,0.0
2024-02-15 00:00:00-05:00,50.117429767796104,50.2937963833135,48.86326675326243,49.56873321533203,3311600,0.0,0.0
2024-02-16 00:00:00-05:00,48.97104720351608,50.166420110971025,48.765287396141225,49.676513671875,1620700,0.0,0.0
2024-02-20 00:00:00-05:00,48.990639255759206,49.558932465216806,48.6868959468054,49.4609489440918,1581300,0.0,0.0
2024-02-21 00:00:00-05:00,49.45112583962387,49.70653326269215,48.94030724614773,49.10730743408203,1655500,0.13,0.0
2024-02-22 00:00:00-05:00,49.18589293502189,50.37452656360365,49.15642385661824,49.82441711425781,1796300,0.0,0.0
2024-02-23 00:00:00-05:00,50.09947381862671,51.337223875904485,49.99141553042395,51.00322723388672,2181300,0.0,0.0
2024-02-26 00:00:00-05:00,51.00323115967312,51.21934775271343,50.73800192846547,51.071998596191406,1808200,0.0,0.0
2024-02-27 00:00:00-05:00,51.73016285388705,53.06614943305012,51.13093324876187,52.91879653930664,2159100,0.0,0.0
2024-02-28 00:00:00-05:00,52.37850689348868,52.6928562242688,52.152568546199184,52.457096099853516,1594400,0.0,0.0
2024-02-29 00:00:00-05:00,53.01703408818343,53.68502739083412,52.86968119155702,53.50820541381836,1901200,0.0,0.0
2024-03-01 00:00:00-05:00,53.64572916843091,54.294075124661575,53.44925990195564,53.78325653076172,1967700,0.0,0.0
2024-03-04 00:00:00-05:00,54.02884962898564,54.15655523190938,53.007212300275924,53.43944549560547,1259200,0.0,0.0
2024-03-05 00:00:00-05:00,53.19385778599046,53.576970832804825,52.741977303809975,52.90897750854492,1198400,0.0,0.0
2024-03-06 00:00:00-05:00,53.42961808086013,53.98955311197655,53.06615233637086,53.90114212036133,827300,0.0,0.0
2024-03-07 00:00:00-05:00,54.127074876142245,54.952242796545185,53.99937303831457,54.36283874511719,1398600,0.0,0.0
2024-03-08 00:00:00-05:00,54.63790024091421,54.844195057086374,53.74396852863496,53.84220504760742,1068400,0.0,0.0
2024-03-11 00:00:00-04:00,53.70467109505668,53.90114037532319,52.68303758288258,52.99738693237305,1224700,0.0,0.0
2024-03-12 00:00:00-04:00,52.997385756952724,53.67520082413218,52.60444720513463,53.63590621948242,975000,0.0,0.0
2024-03-13 00:00:00-04:00,54.63789758473975,55.4434182644541,54.46107560652539,54.77542495727539,2620500,0.0,0.0
2024-03-14 00:00:00-04:00,54.08778772796118,54.657544517080986,52.81073928343849,53.50820541381836,1680300,0.0,0.0
2024-03-15 00:00:00-04:00,53.28226699618611,53.86184930970323,52.01504407805446,52.07398223876953,2462600,0.0,0.0
2024-03-18 00:00:00-04:00,52.073985798575016,52.42762977640005,51.5729926615496,51.66140365600586,958500,0.0,0.0
2024-03-19 00:00:00-04:00,51.46492781325299,52.6633869750596,51.12110940486893,52.31956481933594,1207300,0.0,0.0
2024-03-20 00:00:00-04:00,52.01504221304742,53.439439754247,52.01504221304742,53.115264892578125,1530500,0.0,0.0
2024-03-21 00:00:00-04:00,53.54749478624107,55.11924523306928,52.91879610644567,55.0995979309082,1280500,0.0,0.0
2024-03-22 00:00:00-04:00,55.138894354068725,55.138894354068725,53.8127295194988,53.9207878112793,1758700,0.0,0.0
2024-03-25 00:00:00-04:00,55.20765086782367,55.50235287699471,54.441421147171745,54.608421325683594,1830800,0.0,0.0
2024-03-26 00:00:00-04:00,54.97189014139977,55.47288695811558,54.706657193845444,55.07994842529297,1260500,0.0,0.0
2024-03-27 00:00:00-04:00,55.394296241404504,55.52200182318886,54.64771754621642,55.23712158203125,1312900,0.0,0.0
2024-03-28 00:00:00-04:00,55.659536745050225,56.12123900915884,55.26659816955269,55.81671142578125,1465200,0.0,0.0
2024-04-01 00:00:00-04:00,55.84617004232229,55.97387561752916,54.50036185654609,54.52983093261719,1982600,0.0,0.0
2024-04-02 00:00:00-04:00,53.39032060183222,53.40996790417197,52.24098152000519,52.9875602722168,1817600,0.0,0.0
2024-04-03 00:00:00-04:00,52.68303335901363,53.0759681407032,52.22133114950535,52.51603317260742,1698000,0.0,0.0
2024-04-04 00:00:00-04:00,53.164380827576004,53.3510283211542,51.808750728357765,51.916805267333984,1148100,0.0,0.0
2024-04-05 00:00:00-04:00,52.56515303714242,53.0563243573253,52.17221822939999,52.751800537109375,1713200,0.0,0.0
2024-04-08 00:00:00-04:00,52.85985381160292,53.25278858206238,52.4570935171618,52.6732063293457,1975400,0.0,0.0
2024-04-09 00:00:00-04:00,53.01703669747291,53.21350223952428,52.2901014509268,52.64374542236328,1421500,0.0,0.0
2024-04-10 00:00:00-04:00,50.963939755679775,52.08380982158965,50.551353877674046,51.10146713256836,2512400,0.0,0.0
2024-04-11 00:00:00-04:00,51.376523052067625,51.57299234379772,50.384358562473714,50.46294403076172,1280300,0.0,0.0
2024-04-12 00:00:00-04:00,50.158420463663255,50.384358838823076,48.9894302324945,49.30377960205078,2197100,0.0,0.0
2024-04-15 00:00:00-04:00,50.060180526784585,50.39417717755906,48.783135831708,49.13677978515625,1775200,0.0,0.0
2024-04-16 00:00:00-04:00,48.9501348509981,49.23501136455231,48.16425775234726,49.058189392089844,1670800,0.0,0.0
2024-04-17 00:00:00-04:00,49.41182674665903,49.55917961983764,48.40983695212644,48.41966247558594,1186900,0.0,0.0
2024-04-18 00:00:00-04:00,48.94030741090632,49.29395134199108,48.3705506587561,48.665252685546875,1356200,0.0,0.0
2024-04-19 00:00:00-04:00,48.44913818491582,48.97960410418286,47.525737462270754,47.899024963378906,1478400,0.0,0.0
2024-04-22 00:00:00-04:00,48.30178017188306,48.4196639730073,47.64361247863308,48.262489318847656,1639700,0.0,0.0
2024-04-23 00:00:00-04:00,48.48843134265172,49.92265063949955,48.01690734426366,49.42165756225586,1439100,0.0,0.0
2024-04-24 00:00:00-04:00,49.47077409437538,50.119120062562985,49.06801377697611,49.62794876098633,1408300,0.0,0.0
2024-04-25 00:00:00-04:00,48.52772557818612,49.01889687453481,47.91867047262924,49.009071350097656,1293300,0.0,0.0
2024-04-26 00:00:00-04:00,49.28412936573465,49.68689345306386,48.9010163285911,49.038543701171875,804000,0.0,0.0
2024-04-29 00:00:00-04:00,49.27430195243265,50.16823351930775,49.02871631595774,50.0798225402832,1056700,0.0,0.0
2024-04-30 00:00:00-04:00,49.657420787294136,50.34506139978354,49.08766399226453,49.17607498168945,2295700,0.0,0.0
2024-05-01 00:00:00-04:00,48.881363672634606,50.32540842127182,48.34107601923262,49.126949310302734,1585200,0.0,0.0
2024-05-02 00:00:00-04:00,49.72618194878534,49.775298329896266,48.23302072950715,49.52971267700195,1504100,0.0,0.0
2024-05-03 00:00:00-04:00,50.59064395919834,51.05234618088728,49.40201031116897,49.490421295166016,1444100,0.0,0.0
2024-05-06 00:00:00-04:00,49.38236608775909,49.90300649967421,48.940311140218,49.24483871459961,2370600,0.0,0.0
2024-05-07 00:00:00-04:00,51.5336982361153,54.17620255348335,51.081821483888675,51.15058517456055,2992700,0.0,0.0
2024-05-08 00:00:00-04:00,50.07000705743364,51.29793539415831,49.76547948088356,51.16040802001953,1658600,0.0,0.0
2024-05-09 00:00:00-04:00,51.27828048285593,53.134907252938795,50.96393117508208,53.03667449951172,1623700,0.0,0.0
2024-05-10 00:00:00-04:00,53.429615612307224,53.62608488985711,53.095618964674344,53.468910217285156,1774200,0.0,0.0
2024-05-13 00:00:00-04:00,53.7636127962784,53.7636127962784,52.06416046109696,52.07398223876953,1610900,0.0,0.0
2024-05-14 00:00:00-04:00,52.55532880929662,52.7517980776778,51.936451925464766,52.38833236694336,1267900,0.0,0.0
2024-05-15 00:00:00-04:00,53.52078318109909,53.629105517468936,52.75268480538069,53.16627883911133,1989400,0.13,0.0
2024-05-16 00:00:00-04:00,52.87085564765265,52.87085564765265,51.69901271185609,51.708858489990234,1413200,0.0,0.0
2024-05-17 00:00:00-04:00,51.797484565917124,52.41787375886102,51.43313067771052,52.23077392578125,1404700,0.0,0.0
2024-05-20 00:00:00-04:00,52.18153782521248,52.28985640930906,51.73840268482916,52.07321548461914,674400,0.0,0.0
2024-05-21 00:00:00-04:00,52.01413014122221,52.01413014122221,51.47252218856553,51.74824905395508,708500,0.0,0.0
2024-05-22 00:00:00-04:00,51.34450366752299,51.62023052825948,50.15296544048688,50.20220184326172,1576500,0.0,0.0
2024-05-23 00:00:00-04:00,50.44839042077472,50.44839042077472,48.616767586256955,48.784175872802734,1427100,0.0,0.0
2024-05-24 00:00:00-04:00,49.138683368162546,49.719681961321875,48.961429305402284,49.08944320678711,913700,0.0,0.0
2024-05-28 00:00:00-04:00,49.37501625560082,49.719678579299845,48.42966382284859,48.85310363769531,1135500,0.0,0.0
2024-05-29 00:00:00-04:00,48.25240943580488,49.256847797288984,48.24256365816629,49.0205078125,1399800,0.0,0.0
2024-05-30 00:00:00-04:00,49.30608664240774,50.02494865354818,49.16822320965435,49.73937225341797,1093000,0.0,0.0
2024-05-31 00:00:00-04:00,50.23174603255003,50.61579901347914,49.660596963432134,50.57640838623047,1498500,0.0,0.0
2024-06-03 00:00:00-04:00,50.83243637366173,50.93091293485437,50.00525204212709,50.42869186401367,1112500,0.0,0.0
2024-06-04 00:00:00-04:00,49.571968322833065,50.231744403616524,49.30608723227206,49.453800201416016,1881300,0.0,0.0
2024-06-05 00:00:00-04:00,49.6507488714067,49.857547792224096,49.21746322856931,49.837852478027344,917800,0.0,0.0
2024-06-06 00:00:00-04:00,49.867388150274465,49.926474086441836,48.48875011483914,48.65615463256836,1093500,0.0,0.0
2024-06-07 00:00:00-04:00,47.878207406447395,48.931882199517645,47.809275691498634,48.29180145263672,1011100,0.0,0.0
2024-06-10 00:00:00-04:00,48.045608380208876,48.40011643548712,47.760032029401835,48.10469055175781,1190400,0.0,0.0
2024-06-11 00:00:00-04:00,47.710800185665235,48.25240809667555,47.011633541333794,47.68125534057617,1354900,0.0,0.0
2024-06-12 00:00:00-04:00,49.473495776914376,50.37945764008034,49.22730999803273,49.306087493896484,1681900,0.0,0.0
2024-06-13 00:00:00-04:00,49.11898069244565,49.384861746733016,48.74477730976385,48.961421966552734,1179800,0.0,0.0
2024-06-14 00:00:00-04:00,48.16378515640768,48.21302156040034,47.07071970788503,47.59263610839844,1526200,0.0,0.0
2024-06-17 00:00:00-04:00,47.02148348760662,47.69110910271428,47.02148348760662,47.474464416503906,2339400,0.0,0.0
2024-06-18 00:00:00-04:00,47.53354751679955,47.97668264099527,46.77529491684168,46.94269943237305,1214900,0.0,0.0
2024-06-20 00:00:00-04:00,46.86392840961125,47.92744909796628,46.68667433546922,47.53355407714844,1349100,0.0,0.0
2024-06-21 00:00:00-04:00,47.730499025173586,47.87820823555164,46.71621108272631,47.84866714477539,3213000,0.0,0.0
2024-06-24 00:00:00-04:00,47.828963733873024,48.59706201597845,47.48430521151705,48.10469055175781,1122400,0.0,0.0
2024-06-25 00:00:00-04:00,47.966834459311215,48.14408851398732,46.22383875932733,46.27307891845703,1509400,0.0,0.0
2024-06-26 00:00:00-04:00,46.11551779086936,46.834379750319506,45.4458922315055,45.4951286315918,1673500,0.0,0.0
2024-06-27 00:00:00-04:00,45.52467777435899,45.85949061327445,45.04215570905263,45.27849197387695,2081700,0.0,0.0
2024-06-28 00:00:00-04:00,45.54436672600909,46.88361789455931,45.54436672600909,46.61773681640625,6294900,0.0,0.0
2024-07-01 00:00:00-04:00,46.45032876654575,47.05102263973903,45.84963864984916,46.48971939086914,1800900,0.0,0.0
2024-07-02 00:00:00-04:00,46.1056719017211,47.809277023557385,45.849640347134546,47.582786560058594,2704000,0.0,0.0
2024-07-03 00:00:00-04:00,47.4646136149934,47.53354532485664,45.98749910678715,46.05643081665039,1352600,0.0,0.0
2024-07-05 00:00:00-04:00,45.977652457060636,46.371551186554996,44.352828650013926,44.53008270263672,2757800,0.0,0.0
2024-07-08 00:00:00-04:00,44.91413524562108,46.923012154085555,44.91413524562108,46.7260627746582,2817100,0.0,0.0
2024-07-09 00:00:00-04:00,46.31246785639484,46.68667129482295,45.10123426630858,45.18986129760742,1926000,0.0,0.0
2024-07-10 00:00:00-04:00,45.46558667628283,46.05643478436415,45.20955512566201,45.95795822143555,1406600,0.0,0.0
2024-07-11 00:00:00-04:00,47.1593457649576,48.10469822550649,47.1593457649576,48.094852447509766,4838100,0.0,0.0
2024-07-12 00:00:00-04:00,48.48874940518549,49.90677804397893,48.2524094204716,49.050052642822266,2074400,0.0,0.0
2024-07-15 00:00:00-04:00,49.19776204026161,49.473492649597446,48.50844115166695,48.94173049926758,1540400,0.0,0.0
2024-07-16 00:00:00-04:00,49.35532139777705,52.69359978923819,49.24699905951779,52.67390823364258,1966200,0.0,0.0
2024-07-17 00:00:00-04:00,52.18153655384844,53.40261584815761,52.02397781405059,52.73299026489258,2584600,0.0,0.0
2024-07-18 00:00:00-04:00,52.732993265027204,53.52078700883635,50.84228827988526,51.186946868896484,2673900,0.0,0.0
2024-07-19 00:00:00-04:00,51.18694767318515,51.46267454872657,50.40899969548252,50.793052673339844,1410300,0.0,0.0
2024-07-22 00:00:00-04:00,50.96045385826146,50.98014917043556,49.847693137653295,50.51731872558594,1413700,0.0,0.0
2024-07-23 00:00:00-04:00,50.330218198259985,51.55129748418464,50.05449134463119,50.88167190551758,1179000,0.0,0.0
2024-07-24 00:00:00-04:00,50.596105995203246,50.88167866446902,49.38487232608484,49.43410873413086,838500,0.0,0.0
2024-07-25 00:00:00-04:00,49.43410345545504,51.05892728645454,48.951577692535984,50.21205139160156,1432900,0.0,0.0
2024-07-26 00:00:00-04:00,51.206645376023324,51.748253373893384,50.88167832340302,51.51191711425781,1220800,0.0,0.0
2024-07-29 00:00:00-04:00,51.659622868237456,51.787640524899764,50.921065532603684,51.30511474609375,1338400,0.0,0.0
2024-07-30 00:00:00-04:00,51.46267375368837,51.895963130270424,50.822592980141884,51.19679641723633,1002600,0.0,0.0
2024-07-31 00:00:00-04:00,51.45282724091793,52.72314674804241,50.53701585266509,51.551300048828125,1417400,0.0,0.0
2024-08-01 00:00:00-04:00,51.68917377378495,52.16185007320616,49.552279012206505,50.23175048828125,1655500,0.0,0.0
2024-08-02 00:00:00-04:00,48.84325132824392,49.148523010775406,47.64186742190287,48.26225280761719,2018400,0.0,0.0
2024-08-05 00:00:00-04:00,46.282925430201324,48.37057973821258,45.790553883071524,47.85851287841797,2972700,0.0,0.0
2024-08-06 00:00:00-04:00,45.0913878647541,48.77432498894615,44.88459271341378,47.49415969848633,3528400,0.0,0.0
2024-08-07 00:00:00-04:00,47.76004161212302,48.685698798245895,47.02148426760565,47.07072067260742,2116900,0.0,0.0
2024-08-08 00:00:00-04:00,47.77973354194118,49.404557330920696,47.49415715405806,48.84325408935547,2067400,0.0,0.0
2024-08-09 00:00:00-04:00,49.01066567907515,49.335628956264124,48.5872258356949,49.10913848876953,1071500,0.0,0.0
2024-08-12 00:00:00-04:00,49.4144111622444,49.4144111622444,48.50844551829629,48.64631271362305,1167600,0.0,0.0
2024-08-13 00:00:00-04:00,48.90234571441537,50.19236062057479,48.6463141428517,49.837852478027344,2045100,0.0,0.0
2024-08-14 00:00:00-04:00,49.975712816478826,50.15296687674174,49.3750189185319,49.47349548339844,817400,0.0,0.0
2024-08-15 00:00:00-04:00,50.66812264137001,51.47770653362069,50.20409147157674,50.94456481933594,1460500,0.13,0.0
2024-08-16 00:00:00-04:00,50.97418687826385,51.35923242075999,50.04612452840933,50.25345993041992,1096400,0.0,0.0
2024-08-19 00:00:00-04:00,50.35218525985689,51.17164420031347,49.76967943659317,50.095489501953125,1115900,0.0,0.0
2024-08-20 00:00:00-04:00,49.93752260115031,50.40154998816574,49.46361636117896,49.76968002319336,740900,0.0,0.0
2024-08-21 00:00:00-04:00,50.38180414094707,51.201263100169896,50.24358305535337,51.13215255737305,695400,0.0,0.0
2024-08-22 00:00:00-04:00,51.21112830714074,51.290113927331866,50.243577057249475,50.45090866088867,728800,0.0,0.0
2024-08-23 00:00:00-04:00,50.77672782381598,52.40577075384301,50.28307890759474,52.020721435546875,1210900,0.0,0.0
2024-08-26 00:00:00-04:00,52.36627427763907,52.71182698835207,51.72452922489541,51.82326126098633,751500,0.0,0.0
2024-08-27 00:00:00-04:00,51.50732015808171,51.55668805699231,51.01367129891094,51.339481353759766,500800,0.0,0.0
2024-08-28 00:00:00-04:00,50.93469634664156,51.41847395137566,50.65825415321773,50.73723602294922,466100,0.0,0.0
2024-08-29 00:00:00-04:00,50.99393300258106,52.0305949418958,50.53977315111405,51.11240768432617,565700,0.0,0.0
2024-08-30 00:00:00-04:00,51.59617644403219,51.96147930684451,50.75697490066284,51.76401901245117,861500,0.0,0.0
2024-09-03 00:00:00-04:00,51.35922818061156,51.78376650427394,50.4212945872588,50.74710464477539,1100100,0.0,0.0
2024-09-04 00:00:00-04:00,49.75980444047738,50.253453279108136,49.13780584925493,49.89802551269531,1140400,0.0,0.0
2024-09-05 00:00:00-04:00,49.88815450125192,50.18434684161415,49.187173997044354,49.503108978271484,890800,0.0,0.0
2024-09-06 00:00:00-04:00,49.51298992659531,49.67095743591003,48.74289502322386,48.8909912109375,826400,0.0,0.0
2024-09-09 00:00:00-04:00,48.93047453856393,49.04894920600828,48.130762059270545,48.18012619018555,1065600,0.0,0.0
2024-09-10 00:00:00-04:00,47.92343609469252,48.26898881804273,47.13359860829046,47.76546859741211,1278100,0.0,0.0
2024-09-11 00:00:00-04:00,47.4396564480064,48.160383358324076,46.649818996031,48.012290954589844,1127500,0.0,0.0
2024-09-12 00:00:00-04:00,47.99254489250022,48.950224928415736,47.617370687774226,48.54542922973633,779600,0.0,0.0
2024-09-13 00:00:00-04:00,48.88111204901687,51.25062825748895,48.88111204901687,50.77672576904297,1829700,0.0,0.0
2024-09-16 00:00:00-04:00,50.924818781475544,51.388846154080284,50.2040881234295,50.91494369506836,1314600,0.0,0.0
2024-09-17 00:00:00-04:00,51.1420208545192,52.41563581003927,50.98405337085917,52.198429107666016,1575600,0.0,0.0
2024-09-18 00:00:00-04:00,52.2379295043755,53.80773324889196,51.655423617636885,52.29716873168945,865900,0.0,0.0
2024-09-19 00:00:00-04:00,53.69912696376871,54.21252227386287,52.85005024962232,53.99531555175781,1237500,0.0,0.0
2024-09-20 00:00:00-04:00,53.75836845160972,53.75836845160972,52.92903811057208,53.087005615234375,1933900,0.0,0.0
2024-09-23 00:00:00-04:00,53.52140891518173,53.57077304831877,52.820428432406736,53.46217346191406,1205900,0.0,0.0
2024-09-24 00:00:00-04:00,53.6991286524841,53.965699519930006,52.751323634615765,53.314083099365234,1161500,0.0,0.0
2024-09-25 00:00:00-04:00,53.314078336362805,53.314078336362805,52.70195478778936,53.00801467895508,681400,0.0,0.0
2024-09-26 00:00:00-04:00,53.6695051189392,53.787979791800595,53.126492121562364,53.363441467285156,1686400,0.0,0.0
2024-09-27 00:00:00-04:00,53.88671475175096,54.656805816547696,53.42268358899285,54.084171295166016,1241300,0.0,0.0
2024-09-30 00:00:00-04:00,53.95582389446663,54.094044977765726,53.40293579502822,53.906455993652344,1412000,0.0,0.0
2024-10-01 00:00:00-04:00,53.72874705813279,54.2322710695002,53.057387986713586,53.91633605957031,1040400,0.0,0.0
2024-10-02 00:00:00-04:00,53.37331771850586,54.0841695374301,52.98826843237945,53.37331771850586,911200,0.0,0.0
2024-10-03 00:00:00-04:00,52.929030409841964,53.19560124134621,52.38601742695932,52.62296676635742,1080400,0.0,0.0
2024-10-04 00:00:00-04:00,53.42268958282203,53.5312929536305,52.01085329479708,52.346534729003906,1606300,0.0,0.0
2024-10-07 00:00:00-04:00,51.83313467553131,51.83313467553131,50.95444023315439,51.576438903808594,732400,0.0,0.0
2024-10-08 00:00:00-04:00,51.06304410151,51.694914099329644,51.0136761978585,51.34935760498047,992900,0.0,0.0
2024-10-09 00:00:00-04:00,51.50732355753537,51.68503745986522,50.68786835567412,50.90507507324219,787800,0.0,0.0
2024-10-10 00:00:00-04:00,50.371934379009225,50.569394692928235,49.78942852438138,50.54964828491211,1173000,0.0,0.0
2024-10-11 00:00:00-04:00,50.480535062453775,50.855705496134135,49.77955079690989,49.99675750732422,1886100,0.0,0.0
2024-10-14 00:00:00-04:00,50.036254559574814,50.154729245180725,49.3648917307374,49.96714401245117,1158200,0.0,0.0
2024-10-15 00:00:00-04:00,49.86841132225659,50.697741643223026,49.79930077602958,49.828922271728516,990900,0.0,0.0
2024-10-16 00:00:00-04:00,50.11524057236463,50.55952538793152,49.90790891384763,50.036258697509766,895100,0.0,0.0
2024-10-17 00:00:00-04:00,50.243587473634626,50.47066552939891,49.48336766977554,49.77955627441406,968500,0.0,0.0
2024-10-18 00:00:00-04:00,49.9473910935996,50.14485138803378,49.68082026104974,49.97700881958008,949100,0.0,0.0
2024-10-21 00:00:00-04:00,49.82892082274156,49.97701323196061,48.81200153480821,49.18717575073242,1394600,0.0,0.0
2024-10-22 00:00:00-04:00,48.752763296456834,48.752763296456834,47.83457609995749,48.268985748291016,1543600,0.0,0.0
2024-10-23 00:00:00-04:00,48.130767114710025,48.33809874607527,47.232326279218455,47.52851486206055,1066500,0.0,0.0
2024-10-24 00:00:00-04:00,47.765470376199296,47.765470376199296,47.094107546195424,47.44953536987305,852400,0.0,0.0
2024-10-25 00:00:00-04:00,47.429785410320214,47.90368788433042,46.85715090032325,47.05461120605469,910100,0.0,0.0
2024-10-28 00:00:00-04:00,47.35080264899494,48.910735015873215,47.35080264899494,48.80213165283203,2572700,0.0,0.0
2024-10-29 00:00:00-04:00,47.607499238932306,49.04895306604318,47.528513610258905,48.742889404296875,1688500,0.0,0.0
2024-10-30 00:00:00-04:00,48.683652001721825,49.16742577614853,48.1998744610532,48.2294921875,1103700,0.0,0.0
2024-10-31 00:00:00-04:00,47.88394322972448,48.170260495202406,47.291566057090755,47.30143737792969,1631400,0.0,0.0
2024-11-01 00:00:00-04:00,47.50876372371496,48.05177669922895,46.876893805571996,47.222450256347656,1602800,0.0,0.0
2024-11-04 00:00:00-05:00,47.16321518739068,47.874070790945254,46.896644336057726,47.755592346191406,1534900,0.0,0.0
2024-11-05 00:00:00-05:00,47.518639947446346,48.940347297308264,47.518639947446346,48.92060089111328,1306200,0.0,0.0
2024-11-06 00:00:00-05:00,50.845834326783944,51.14202289971097,48.60466797344073,49.23653793334961,2897400,0.0,0.0
2024-11-07 00:00:00-05:00,52.76119495582087,55.64410659297331,52.2280569871714,53.314083099365234,4021200,0.0,0.0
2024-11-08 00:00:00-05:00,52.85992140089383,54.06442207119662,52.51436493543427,53.72874069213867,2033600,0.0,0.0
2024-11-11 00:00:00-05:00,54.3112463320451,55.44664022515468,53.95582231379215,55.15045166015625,1470200,0.0,0.0
2024-11-12 00:00:00-05:00,55.189950717858984,55.31829672526067,54.54820561588109,54.97274398803711,1368700,0.0,0.0
2024-11-13 00:00:00-05:00,55.4071508629444,55.62435758171724,54.27176066536405,54.617313385009766,1431400,0.0,0.0
2024-11-14 00:00:00-05:00,54.627192590176094,54.962870248142146,53.817604877238246,54.22239685058594,939000,0.0,0.0
2024-11-15 00:00:00-05:00,54.29150639529089,54.508709345109885,53.36344407484217,53.452301025390625,1170400,0.0,0.0
2024-11-18 00:00:00-05:00,53.33382361678783,53.995311285490075,53.16598104490214,53.5609016418457,1189100,0.0,0.0
2024-11-19 00:00:00-05:00,52.790814516710604,53.07712801607101,52.04046608038942,52.899417877197266,1021100,0.0,0.0
2024-11-20 00:00:00-05:00,52.67233949936123,53.156117109513914,52.376150893626445,52.83030700683594,1091500,0.0,0.0
2024-11-21 00:00:00-05:00,53.0876222323378,53.91897218168731,52.56308130580784,53.83979797363281,955300,0.13,0.0
2024-11-22 00:00:00-05:00,54.19609077044882,54.7701198582201,54.1070174214986,54.176300048828125,1640000,0.0,0.0
2024-11-25 00:00:00-05:00,54.987857227677814,57.83819693021031,54.987857227677814,57.2641716003418,2034100,0.0,0.0
2024-11-26 00:00:00-05:00,56.71983578712295,56.77921550426691,55.363941022649,55.4530143737793,1899400,0.0,0.0
2024-11-27 00:00:00-05:00,55.96765656973382,56.521891140233876,55.03733789554378,55.23527908325195,1259500,0.0,0.0
2024-11-29 00:00:00-05:00,55.512397969702064,55.730133667406974,54.93836886681253,55.40353012084961,887300,0.0,0.0
2024-12-02 00:00:00-05:00,55.50250233542827,55.97755894819792,55.007651225199766,55.54208755493164,1973100,0.0,0.0
2024-12-03 00:00:00-05:00,55.908276062169946,56.18539145577716,54.938364633716546,55.660850524902344,1735300,0.0,0.0
2024-12-04 00:00:00-05:00,55.27486774108547,55.54208779481269,54.89878361398587,55.42332458496094,938500,0.0,0.0
2024-12-05 00:00:00-05:00,55.52229090948583,55.52229090948583,54.374236529186966,54.661251068115234,1207500,0.0,0.0
2024-12-06 00:00:00-05:00,55.33424925821156,55.41342724556221,54.17629950881503,54.44351577758789,1063900,0.0,0.0
2024-12-09 00:00:00-05:00,54.46330944974765,55.12641186981892,54.285162756320396,54.898780822753906,1808500,0.0,0.0
2024-12-10 00:00:00-05:00,54.829502300983904,55.166001193315964,53.651754290114596,54.71073532104492,1681300,0.0,0.0
2024-12-11 00:00:00-05:00,55.12641186981892,55.235279713070476,54.68104513625077,54.898780822753906,1248400,0.0,0.0
2024-12-12 00:00:00-05:00,54.750325439888826,56.56148227934215,54.61176773585914,56.12601089477539,1839900,0.0,0.0
2024-12-13 00:00:00-05:00,56.16560152158027,57.392833947287,56.10621802866378,57.2641716003418,1703700,0.0,0.0
2024-12-16 00:00:00-05:00,57.14540584763569,57.52148995979905,56.46250892342717,56.59117126464844,1168900,0.0,0.0
2024-12-17 00:00:00-05:00,56.18539014999124,56.47240467265064,55.39362920421878,56.3635368347168,1446900,0.0,0.0
2024-12-18 00:00:00-05:00,56.41302074566352,57.08601848817123,54.50289535522461,54.50289535522461,1804500,0.0,0.0
2024-12-19 00:00:00-05:00,54.58207722265383,55.34414458566765,54.215884694498456,54.46331024169922,1884600,0.0,0.0
2024-12-20 00:00:00-05:00,54.46330947853156,55.48270528599609,54.31485641753984,54.86908721923828,3346300,0.0,0.0
2024-12-23 00:00:00-05:00,54.73052935389124,55.126411732837916,54.33465075035874,54.958160400390625,1038000,0.0,0.0
2024-12-24 00:00:00-05:00,55.25507698271437,55.502502538734944,54.740431373141845,55.43321990966797,254300,0.0,0.0
2024-12-26 00:00:00-05:00,55.13630656955911,55.47280545584266,54.601866495682735,55.25507354736328,765200,0.0,0.0
2024-12-27 00:00:00-05:00,54.84929349126613,55.294660231310345,54.06743163142654,54.46331024169922,669800,0.0,0.0
2024-12-30 00:00:00-05:00,54.04763730067767,56.67034584381624,53.671549410660894,56.39323043823242,2271500,0.0,0.0
2024-12-31 00:00:00-05:00,56.56148231256163,56.95736092781977,56.05673207568358,56.10621643066406,1367000,0.0,0.0
2025-01-02 00:00:00-05:00,56.54168559996529,56.601065313449425,55.19569005491749,55.245174407958984,1449000,0.0,0.0
2025-01-03 00:00:00-05:00,55.51239461397065,55.749924794873124,54.78991248620458,55.16600036621094,1060500,0.0,0.0
2025-01-06 00:00:00-05:00,55.47280605173925,56.19528818511203,54.789912911393124,54.928470611572266,1109800,0.0,0.0
2025-01-07 00:00:00-05:00,55.06703314407082,55.29466421082826,53.85959517870009,54.4138298034668,1071000,0.0,0.0
2025-01-08 00:00:00-05:00,53.780416926078914,54.70084026088364,52.988655932541036,54.55238342285156,762300,0.0,0.0
2025-01-10 00:00:00-05:00,53.94866445318117,55.1956913207446,53.94866445318117,54.57217788696289,1022400,0.0,0.0
2025-01-13 00:00:00-05:00,54.255471794480144,55.49259948730469,54.08722424045477,55.49259948730469,1138500,0.0,0.0
2025-01-14 00:00:00-05:00,55.49259835380752,56.43281613623201,55.47280385807696,56.116111755371094,1181600,0.0,0.0
2025-01-15 00:00:00-05:00,57.204784691357204,57.6303569266424,56.759417959615234,57.04643249511719,1171900,0.0,0.0
2025-01-16 00:00:00-05:00,57.30376118449801,58.98625197153028,57.07612634701938,58.92687225341797,1796600,0.0,0.0
2025-01-17 00:00:00-05:00,59.32274690628368,59.54048259253426,58.83779495561635,58.98624801635742,1178700,0.0,0.0
2025-01-21 00:00:00-05:00,59.263368205650096,60.64894900666655,59.05552787639553,60.4807014465332,1543000,0.0,0.0
2025-01-22 00:00:00-05:00,60.82709658548402,60.9656542900546,59.7681155286497,60.02544021606445,1237500,0.0,0.0
2025-01-23 00:00:00-05:00,59.787906906344496,59.787906906344496,58.74872040087063,59.63945007324219,1329300,0.0,0.0
2025-01-24 00:00:00-05:00,59.6196597164677,59.62955507687501,58.68933727078752,59.45140838623047,1952800,0.0,0.0
2025-01-27 00:00:00-05:00,58.65964816582026,60.05512807680819,58.65964816582026,59.045631408691406,1787100,0.0,0.0
2025-01-28 00:00:00-05:00,58.887277455799506,60.510388364800676,58.66954177640187,59.99574279785156,3700400,0.0,0.0
2025-01-29 00:00:00-05:00,61.24277084840288,62.222573874658586,59.95615879274438,61.3912239074707,2920600,0.0,0.0
2025-01-30 00:00:00-05:00,61.78710953499872,63.984249658671644,61.78710953499872,63.70713424682617,2937600,0.0,0.0
2025-01-31 00:00:00-05:00,63.36073476175097,63.825896027670765,62.33144729043053,62.48979949951172,2064700,0.0,0.0
2025-02-03 00:00:00-05:00,64.95414881023721,67.82428652995262,64.4790960109134,66.23086547851562,8485200,0.0,0.0
2025-02-04 00:00:00-05:00,65.81518466160827,66.76529769949613,63.76650177191912,64.12279510498047,5932700,0.0,0.0
2025-02-05 00:00:00-05:00,64.7859057890812,66.00324283028283,63.192484626211964,65.8250961303711,4493600,0.0,0.0
2025-02-06 00:00:00-05:00,65.87457523316364,66.19127963136815,64.33064223577027,64.58796691894531,3086700,0.0,0.0
2025-02-07 00:00:00-05:00,64.58796461251517,64.92445972010378,63.54877433163841,63.77640914916992,2275700,0.0,0.0
2025-02-10 00:00:00-05:00,63.776416150730775,64.26136814465954,63.430014318524066,64.08322143554688,2209300,0.0,0.0
2025-02-11 00:00:00-05:00,65.25107067924243,66.0824169580275,64.71663054966815,65.89437866210938,4070300,0.0,0.0
2025-02-12 00:00:00-05:00,64.37022893895006,65.86468130425214,64.04362541625251,65.81519317626953,2391200,0.0,0.0
2025-02-13 00:00:00-05:00,65.90426672838258,67.77481085740587,65.60736059502884,67.73522186279297,2773900,0.0,0.0
2025-02-14 00:00:00-05:00,68.2498706565132,68.83379894811186,67.59667105580812,68.07172393798828,2993300,0.0,0.0
2025-02-18 00:00:00-05:00,67.29973788644703,69.15048339662214,66.68611991094927,68.43789672851562,1578600,0.0,0.0
2025-02-19 00:00:00-05:00,68.26966518030498,68.26966518030498,65.60736368607712,66.11211395263672,4392200,0.0,0.0
2025-02-20 00:00:00-05:00,64.80569884813345,68.2696563059861,64.211871528982,64.55827331542969,2565800,0.0,0.0
2025-02-21 00:00:00-05:00,63.222176662759445,65.4094138110591,62.20278084447883,62.64814758300781,2979400,0.0,0.0
2025-02-24 00:00:00-05:00,62.6976346644621,64.31085412942572,62.6976346644621,63.2221794128418,3617000,0.0,0.0
2025-02-25 00:00:00-05:00,63.509191555885444,64.96405507118784,63.21228163603573,64.45930480957031,3143200,0.0,0.0
2025-02-26 00:00:00-05:00,64.65724319114241,65.32034181861749,63.81599787485615,63.905067443847656,2515700,0.0,0.0
2025-02-27 00:00:00-05:00,63.92486121658416,64.70672685753999,62.23247514290232,62.29185485839844,2146000,0.0,0.0
2025-02-28 00:00:00-05:00,62.73722365970102,63.657647034226734,61.58916922567311,63.2221794128418,2660200,0.0,0.0
2025-03-03 00:00:00-05:00,63.2023836640028,63.50918893249462,61.38133144862226,61.86628341674805,3304400,0.0,0.0
2025-03-04 00:00:00-05:00,60.97555127496279,62.2423688439565,59.19408812471185,61.1536979675293,3404300,0.0,0.0
2025-03-05 00:00:00-05:00,61.411021913812874,62.084019724546245,60.569776538103326,61.54957962036133,2913700,0.0,0.0
2025-03-06 00:00:00-05:00,60.86503041337031,61.529736071490674,58.14669206848429,58.166534423828125,4646900,0.15,0.0
2025-03-07 00:00:00-05:00,57.91851274050616,58.03756309230567,54.833096387679014,56.718074798583984,4401800,0.0,0.0
2025-03-10 00:00:00-04:00,56.102973455518274,56.66846732253533,54.16838738093994,54.89262008666992,5603700,0.0,0.0
2025-03-11 00:00:00-04:00,55.00174968189955,56.529577008087905,54.6247562776783,55.47795486450195,4473100,0.0,0.0
2025-03-12 00:00:00-04:00,56.231947776659375,56.46012918417619,55.22992965610478,55.706138610839844,3321200,0.0,0.0
2025-03-13 00:00:00-04:00,55.41843242468541,55.96408396818039,54.128709562458454,54.50570297241211,5880700,0.0,0.0
2025-03-14 00:00:00-04:00,55.1604845410889,55.45811609060178,54.20807417936631,54.872779846191406,3024500,0.0,0.0
2025-03-17 00:00:00-04:00,54.87278152544141,56.658551954456094,54.28744526311823,55.96408462524414,3129800,0.0,0.0
2025-03-18 00:00:00-04:00,55.70613832481322,56.09305478707432,54.29736139208518,54.56522750854492,5130000,0.0,0.0
2025-03-19 00:00:00-04:00,53.34495355746576,55.9938456368472,53.34495355746576,55.75574493408203,3454400,0.0,0.0
2025-03-20 00:00:00-04:00,55.64661427128942,58.216140729866005,55.378748140332505,56.96609878540039,4670900,0.0,0.0
2025-03-21 00:00:00-04:00,56.2914778206092,56.906575724919584,54.82317373747993,55.42835235595703,9117800,0.0,0.0
2025-03-24 00:00:00-04:00,56.42044347376751,57.58119663047791,56.1525773606805,57.14467239379883,3953500,0.0,0.0
2025-03-25 00:00:00-04:00,56.9859441199016,57.73001548326777,56.54942361582881,57.04547119140625,3832100,0.0,0.0
2025-03-26 00:00:00-04:00,57.01570593207431,57.501830405967034,56.14266119475326,56.57918167114258,1516500,0.0,0.0
2025-03-27 00:00:00-04:00,56.43036661330764,58.09708657377334,56.12281579022499,58.037559509277344,3956700,0.0,0.0
2025-03-28 00:00:00-04:00,57.71016420906171,57.948268673747144,56.39067982986692,57.878822326660156,4376500,0.0,0.0
2025-03-31 00:00:00-04:00,57.273644747672364,59.83325170232099,57.19427911445386,59.40665054321289,4629300,0.0,0.0
2025-04-01 00:00:00-04:00,59.366970297591536,61.787680953150115,59.019738530138895,61.75791931152344,5474000,0.0,0.0
2025-04-02 00:00:00-04:00,60.914638540301915,62.462304420496395,60.83526911847536,61.98609924316406,3945100,0.0,0.0
2025-04-03 00:00:00-04:00,59.52570686030447,59.7538882824572,57.27365049661118,57.77962112426758,9458300,0.0,0.0
2025-04-04 00:00:00-04:00,55.27953911001433,57.20420220421913,53.60289600145273,56.26171112060547,9142700,0.0,0.0
2025-04-07 00:00:00-04:00,54.237837912844626,58.196299071740164,52.680248891020554,55.388671875,6392400,0.0,0.0
2025-04-08 00:00:00-04:00,56.54942046296851,58.08716710461443,53.315192115723725,54.03942108154297,4143900,0.0,0.0
2025-04-09 00:00:00-04:00,53.59297392506875,60.22016902208925,52.97787606671071,59.6844367980957,5774500,0.0,0.0
2025-04-10 00:00:00-04:00,58.92052497491103,58.92052497491103,55.79542780838471,57.630802154541016,4280500,0.0,0.0
2025-04-11 00:00:00-04:00,56.55933934182103,58.999896136285315,55.75574474207787,58.90068435668945,3369100,0.0,0.0
2025-04-14 00:00:00-04:00,59.476101556103735,59.892779678400125,57.99787820298511,58.43440246582031,3915900,0.0,0.0
2025-04-15 00:00:00-04:00,58.80147572963864,59.70428209927431,58.08716606239552,58.692344665527344,2087200,0.0,0.0
2025-04-16 00:00:00-04:00,58.78163314355056,59.267761395084044,56.251791461369514,57.372859954833984,3449400,0.0,0.0
2025-04-17 00:00:00-04:00,57.72009031585291,59.486018293924495,57.343093137154355,59.386810302734375,2358600,0.0,0.0
2025-04-21 00:00:00-04:00,58.682426014683244,59.20823520067886,57.025625248471876,57.8292236328125,2877500,0.0,0.0
2025-04-22 00:00:00-04:00,58.62289854339116,60.52771928414129,58.42447877009409,60.36898422241211,2376300,0.0,0.0
2025-04-23 00:00:00-04:00,61.98609751906691,63.94052217040578,60.88487142137841,61.251949310302734,2982900,0.0,0.0
2025-04-24 00:00:00-04:00,61.52973532865987,62.49206873623515,60.17056617262571,61.10313415527344,3245400,0.0,0.0
2025-04-25 00:00:00-04:00,61.192426254890925,61.192426254890925,59.67452195837715,60.249935150146484,3525300,0.0,0.0
2025-04-28 00:00:00-04:00,60.44835174130303,60.93447619679743,59.64475338780893,60.45827102661133,2789900,0.0,0.0
2025-04-29 00:00:00-04:00,60.269772436395876,60.82534700976738,59.61498987488832,60.54755783081055,2942400,0.0,0.0
2025-04-30 00:00:00-04:00,59.109031167320396,60.646777901073946,58.63282216239523,60.57733154296875,2077100,0.0,0.0
2025-05-01 00:00:00-04:00,60.4781167830182,62.303571930331785,60.4781167830182,60.8551139831543,3436000,0.0,0.0
2025-05-02 00:00:00-04:00,61.122982410304196,62.41270534023564,60.89480098139301,62.154762268066406,1353300,0.0,0.0
2025-05-05 00:00:00-04:00,61.797599975362836,62.22420113859886,61.35115645749465,61.509891510009766,2105800,0.0,0.0
2025-05-06 00:00:00-04:00,60.5277190788075,60.87495462703502,59.704282131550315,60.47811508178711,2427100,0.0,0.0
2025-05-07 00:00:00-04:00,60.0713573105718,60.88487498659179,59.664598472561806,60.11104202270508,4262000,0.0,0.0
2025-05-08 00:00:00-04:00,55.7557465429396,60.48804072305211,55.70614254381071,59.52570724487305,6789800,0.0,0.0
2025-05-09 00:00:00-04:00,58.54352809246659,61.49997471515061,58.54352809246659,60.021751403808594,2778600,0.0,0.0
2025-05-12 00:00:00-04:00,63.494085764462795,64.09926437493212,61.50989558432333,63.72227096557617,9583700,0.0,0.0
2025-05-13 00:00:00-04:00,64.69452012471932,65.11119824731797,63.46432432839169,63.61314010620117,5462200,0.0,0.0
2025-05-14 00:00:00-04:00,63.33535215259993,64.20839691153675,63.1170900167301,63.672664642333984,8511400,0.0,0.0
2025-05-15 00:00:00-04:00,63.523854196039174,65.56756787792382,63.50401562251461,65.2997055053711,3426800,0.0,0.0
2025-05-16 00:00:00-04:00,65.56756107482653,66.31163239470835,65.31953730153258,66.29179382324219,2621100,0.0,0.0
2025-05-19 00:00:00-04:00,65.061599314379,65.67669344010412,64.60523647077858,65.63701629638672,2462000,0.0,0.0
2025-05-20 00:00:00-04:00,65.82551172642876,66.05369694145715,65.21041757729064,65.75606536865234,1705500,0.0,0.0
2025-05-21 00:00:00-04:00,65.09136053265888,65.61716972796681,64.02981907163579,64.06950378417969,2523400,0.0,0.0
2025-05-22 00:00:00-04:00,63.65184916466581,64.34792944396983,63.244139581997715,63.82089614868164,2901900,0.15,0.0
2025-05-23 00:00:00-04:00,62.786717951248974,63.86067694726981,62.786717951248974,63.462913513183594,1974100,0.0,0.0
2025-05-27 00:00:00-04:00,64.09933036620953,66.3069101626777,63.61207415468926,66.25718688964844,3325300,0.0,0.0
2025-05-28 00:00:00-04:00,66.0483550816359,66.38645660797582,65.53126800139917,65.9588623046875,2378300,0.0,0.0
2025-05-29 00:00:00-04:00,66.2969739278304,66.49585946305162,64.45732635060185,64.95452880859375,2207900,0.0,0.0
2025-05-30 00:00:00-04:00,64.88490795239521,65.10367820457508,64.25843571027586,64.69596862792969,2091300,0.0,0.0
2025-06-02 00:00:00-04:00,64.22859678064515,64.54681357209033,62.110517472852884,63.622013092041016,2348100,0.0,0.0
2025-06-03 00:00:00-04:00,63.622018427932375,64.68603505012362,63.25408971534856,64.44737243652344,1585500,0.0,0.0
2025-06-04 00:00:00-04:00,64.52692675958593,65.36223073530792,64.158994252973,64.83518981933594,2266600,0.0,0.0
2025-06-05 00:00:00-04:00,64.78547148708964,65.01418033282489,63.989944646178465,64.4672622680664,1849900,0.0,0.0
2025-06-06 00:00:00-04:00,65.11362452523083,65.29261767863302,64.43742901090104,65.08378601074219,1612500,0.0,0.0
2025-06-09 00:00:00-04:00,65.46166480874192,65.7898201885065,64.87496207643197,65.47160339355469,1701500,0.0,0.0
2025-06-10 00:00:00-04:00,65.88925414112059,66.15774005809469,65.58098354109208,65.72019958496094,2182900,0.0,0.0
2025-06-11 00:00:00-04:00,65.88925629267358,66.04835709655953,64.44736495308342,64.74568939208984,3087700,0.0,0.0
2025-06-12 00:00:00-04:00,64.30816138767125,64.77553289237454,63.75129708591776,64.13911437988281,1875200,0.0,0.0
2025-06-13 00:00:00-04:00,62.79666151399122,64.1788835103064,62.74693824178171,63.184478759765625,2757700,0.0,0.0
2025-06-16 00:00:00-04:00,63.979995924839294,64.87496168852509,63.860672214151805,64.39765167236328,2894800,0.0,0.0
2025-06-17 00:00:00-04:00,63.761234283447266,64.53686876219348,63.4430212786418,63.761234283447266,2103900,0.0,0.0
2025-06-18 00:00:00-04:00,63.88055957665682,65.62076790443757,63.8208977188789,64.61642456054688,2120000,0.0,0.0
2025-06-20 00:00:00-04:00,64.99429320319945,65.15339401354997,64.43742898691373,64.93463134765625,2094700,0.0,0.0
2025-06-23 00:00:00-04:00,64.45731901352957,65.76993304974717,63.54246841577022,65.7599868774414,1736900,0.0,0.0
2025-06-24 00:00:00-04:00,66.78422547290054,67.21181222461587,65.83953642505028,66.84388732910156,2063800,0.0,0.0
2025-06-25 00:00:00-04:00,66.40634625228189,66.48590045100826,65.23294837453899,65.41194152832031,2481200,0.0,0.0
2025-06-26 00:00:00-04:00,65.74009725699705,66.3765156767742,65.14345593679421,66.2770767211914,2043200,0.0,0.0
2025-06-27 00:00:00-04:00,66.63506840824299,67.9476824533023,66.37652103349758,67.13227081298828,3835200,0.0,0.0
2025-06-30 00:00:00-04:00,67.09248631216934,67.89795169129499,66.83393896593297,67.66924285888672,2107300,0.0,0.0
2025-07-01 00:00:00-04:00,67.29136980721496,70.25469939705062,67.12232281500893,69.3000717163086,2905700,0.0,0.0
2025-07-02 00:00:00-04:00,69.97626793376342,71.78608435146383,69.2503490975614,71.32865905761719,4447400,0.0,0.0
2025-07-03 00:00:00-04:00,71.61703490913703,71.75625856975476,71.03033968147149,71.46788024902344,1730500,0.0,0.0
2025-07-07 00:00:00-04:00,71.06016303513243,71.59714251439514,70.71212288747314,71.52753448486328,2344500,0.0,0.0
2025-07-08 00:00:00-04:00,71.52752675678853,71.96506723040471,70.6822843218799,71.28887176513672,2671900,0.0,0.0
2025-07-09 00:00:00-04:00,71.40819881768385,73.28762308686301,71.02038159304091,73.20807647705078,2969600,0.0,0.0
2025-07-10 00:00:00-04:00,73.06887038879076,74.00360577184975,72.32306676483893,72.53189086914062,3202200,0.0,0.0
2025-07-11 00:00:00-04:00,72.03468792666483,72.87993051029092,70.58285779305498,70.77178955078125,2204900,0.0,0.0
2025-07-14 00:00:00-04:00,70.4038548558782,71.8656233725533,70.4038548558782,71.56730651855469,1923800,0.0,0.0
2025-07-15 00:00:00-04:00,71.66675255747316,71.88552282406448,69.5884501982685,69.86688232421875,2019100,0.0,0.0
2025-07-16 00:00:00-04:00,70.04587568322768,70.57290900691008,68.76309259650871,70.55301666259766,2031400,0.0,0.0
2025-07-17 00:00:00-04:00,70.01604284546937,72.33300017210169,70.01604284546937,72.2435073852539,2126900,0.0,0.0
2025-07-18 00:00:00-04:00,72.93959045156589,72.99925989843545,71.8954699651801,72.90975952148438,1578300,0.0,0.0
2025-07-21 00:00:00-04:00,73.2876256803597,73.75499711805992,72.68103818717931,73.42684173583984,2980800,0.0,0.0
2025-07-22 00:00:00-04:00,73.59589919261576,74.69968909486175,73.02908877687103,74.39141845703125,2103800,0.0,0.0
2025-07-23 00:00:00-04:00,74.93833908349896,75.07755513509115,74.18258938435154,74.58035278320312,2339700,0.0,0.0
2025-07-24 00:00:00-04:00,74.78918155884041,75.26649918478851,73.2577973084192,73.46662139892578,2306700,0.0,0.0
2025-07-25 00:00:00-04:00,73.9141008160818,74.39141080831415,73.32739811669369,74.30191802978516,1900600,0.0,0.0
2025-07-28 00:00:00-04:00,74.33175659517195,74.70962767674918,73.62573011851889,74.36158752441406,1975700,0.0,0.0
2025-07-29 00:00:00-04:00,74.82895587732934,74.92839483291482,72.73076129163984,72.8898696899414,2733100,0.0,0.0
2025-07-30 00:00:00-04:00,72.88987201185607,73.34729729148542,71.67669698963175,72.36283111572266,2379000,0.0,0.0
2025-07-31 00:00:00-04:00,72.02472937088274,72.55176262347031,71.42808809600446,71.97500610351562,1258000,0.0,0.0
2025-08-01 00:00:00-04:00,71.15959957553287,72.07445768691592,70.02597879784472,71.78607940673828,2421900,0.0,0.0
2025-08-04 00:00:00-04:00,72.59154804753075,73.7848307341775,71.90540633002041,73.70528411865234,2928600,0.0,0.0
2025-08-05 00:00:00-04:00,73.85443635700085,74.64996317997088,73.21801793330724,74.17264556884766,2554900,0.0,0.0
2025-08-06 00:00:00-04:00,74.17264780093124,74.17264780093124,72.8302028851388,73.22796630859375,4163700,0.0,0.0
2025-08-07 00:00:00-04:00,73.93399033439107,74.98806450966369,70.7419520538871,73.54617309570312,6086000,0.0,0.0
2025-08-08 00:00:00-04:00,74.84884123148122,75.15711185897577,73.23791041269645,74.53063201904297,2920600,0.0,0.0
2025-08-11 00:00:00-04:00,74.58036327603234,75.85320026207019,73.94394478301342,75.84325408935547,2975900,0.0,0.0
2025-08-12 00:00:00-04:00,76.30067753050875,77.88177739424438,75.59464350275992,77.74256134033203,1916300,0.0,0.0
2025-08-13 00:00:00-04:00,78.1303821187391,80.63627878954803,77.61329497885058,80.52690124511719,2755600,0.0,0.0
2025-08-14 00:00:00-04:00,79.27394854664928,79.56232683696504,78.11049680023163,78.97562408447266,4296800,0.0,0.0
2025-08-15 00:00:00-04:00,79.32366448461178,79.78109735119122,78.73696931696126,79.6319351196289,1764700,0.0,0.0
2025-08-18 00:00:00-04:00,80.22857660669462,80.24846136380991,79.15461764151867,80.13907623291016,2344600,0.0,0.0
2025-08-19 00:00:00-04:00,80.17885613051332,81.31247699328249,80.07941716805588,80.9246597290039,2025500,0.0,0.0
2025-08-20 00:00:00-04:00,80.47718304216095,80.96443928365544,80.11919669710592,80.54679107666016,2869900,0.0,0.0
2025-08-21 00:00:00-04:00,79.89921929218563,80.6763004077568,79.54056880831637,80.1980972290039,1586900,0.15,0.0
2025-08-22 00:00:00-04:00,80.71614554967606,84.00377252667438,79.94903664212677,83.47576141357422,2991600,0.0,0.0
2025-08-25 00:00:00-04:00,82.68871970163217,83.14699362161973,82.00130502126008,82.3499984741211,2748300,0.0,0.0
2025-08-26 00:00:00-04:00,82.4795107198671,84.14324583708522,82.10093858325381,83.96392059326172,2282400,0.0,0.0
2025-08-27 00:00:00-04:00,83.73479225933569,84.71111273144784,83.73479225933569,84.24287414550781,2825400,0.0,0.0
2025-08-28 00:00:00-04:00,84.26279401440085,84.58159358623705,83.10714081600634,84.03365325927734,1428500,0.0,0.0
2025-08-29 00:00:00-04:00,84.20301671819259,84.4221928563924,83.35620603942374,83.6351547241211,1648400,0.0,0.0
2025-09-02 00:00:00-04:00,82.43965865392937,84.43215795674338,82.20056086581056,83.86429595947266,1809400,0.0,0.0
2025-09-03 00:00:00-04:00,84.39230788971233,84.94024824369511,83.23666223510554,84.44212341308594,2046700,0.0,0.0
2025-09-04 00:00:00-04:00,84.78084550248725,86.6836860229336,84.4720105366526,86.55416870117188,2844200,0.0,0.0
2025-09-05 00:00:00-04:00,86.75342871616157,87.8194156281892,86.32504102623743,86.82316589355469,1872600,0.0,0.0
2025-09-08 00:00:00-04:00,86.98255804845641,87.25154972133905,85.6077362117981,86.05604553222656,1725300,0.0,0.0
2025-09-09 00:00:00-04:00,85.70735871852142,86.02615831195716,83.97388640426347,84.06354522705078,1782300,0.0,0.0
2025-09-10 00:00:00-04:00,84.04362556258756,85.38856114163231,83.72482596162303,84.74099731445312,1650700,0.0,0.0
2025-09-11 00:00:00-04:00,84.92031731558063,86.01619040110451,84.50189429032669,85.76712799072266,1909100,0.0,0.0
2025-09-12 00:00:00-04:00,85.16937936182512,85.65754715664916,83.57538146235258,83.7646713256836,1371900,0.0,0.0
2025-09-15 00:00:00-04:00,85.06976061144744,85.28893675986313,84.09344016950004,85.10961151123047,1679400,0.0,0.0
2025-09-16 00:00:00-04:00,85.1096123522765,85.55792167789731,83.93403739979702,84.86054992675781,1872300,0.0,0.0
2025-09-17 00:00:00-04:00,84.91035856104642,86.04608252117634,83.86429341845135,84.73103332519531,2118400,0.0,0.0
2025-09-18 00:00:00-04:00,84.93028706339103,85.91657213977919,84.73104016337918,85.68743896484375,2106000,0.0,0.0
2025-09-19 00:00:00-04:00,85.4881759181064,86.05603788723333,85.1992626214234,85.22915649414062,3551400,0.0,0.0
2025-09-22 00:00:00-04:00,84.7708829870969,84.94025121201686,83.52557086705528,83.924072265625,1612800,0.0,0.0
2025-09-23 00:00:00-04:00,83.95396093285113,84.7210774770955,83.75471402827925,84.12332916259766,1644000,0.0,0.0
2025-09-24 00:00:00-04:00,83.05733327430745,83.72481869325867,81.7622057323824,81.7821273803711,2752900,0.0,0.0
2025-09-25 00:00:00-04:00,81.29396911959718,82.0311917251212,80.97516953876665,81.75224304199219,1733700,0.0,0.0
2025-09-26 00:00:00-04:00,82.12085898112895,82.72857187589571,81.7223576008387,82.33007049560547,1200900,0.0,0.0
2025-09-29 00:00:00-04:00,82.82819607256377,83.12707401068964,81.34378620831052,82.2005615234375,1556800,0.0,0.0
2025-09-30 00:00:00-04:00,82.13082172226856,84.07350545555539,81.89171633910905,84.01373291015625,1782800,0.0,0.0
2025-10-01 00:00:00-04:00,83.58534802227794,84.03365732911608,82.35995759572171,82.90789794921875,1199700,0.0,0.0
2025-10-02 00:00:00-04:00,82.61898280213096,83.69493423560283,82.13082260761894,83.6451187133789,1295400,0.0,0.0
2025-10-03 00:00:00-04:00,83.84437806653663,84.56167146302374,83.03741064421793,83.924072265625,1371100,0.0,0.0
2025-10-06 00:00:00-04:00,84.18309150856912,84.97012960754772,83.07725384045322,84.16316986083984,1342200,0.0,0.0
2025-10-07 00:00:00-04:00,83.76467279039099,84.46204450836022,82.67875671437413,83.50564575195312,1180000,0.0,0.0
2025-10-08 00:00:00-04:00,83.72482306019535,85.40848743235856,83.0971885052666,85.25904846191406,1536800,0.0,0.0
2025-10-09 00:00:00-04:00,85.14945976546021,85.36863590706619,83.35620733484913,83.615234375,1744600,0.0,0.0
2025-10-10 00:00:00-04:00,84.47200728605037,84.88046568313476,83.09718552892376,83.41598510742188,2009200,0.0,0.0
2025-10-13 00:00:00-04:00,84.80077049464956,85.41844039530673,84.44212002294732,84.73103332519531,1653800,0.0,0.0
2025-10-14 00:00:00-04:00,83.88421953747238,87.32128547434715,83.88421953747238,87.02240753173828,2307700,0.0,0.0
2025-10-15 00:00:00-04:00,87.32128364241855,87.46075798583482,85.9763481304579,86.1058578491211,1919800,0.0,0.0
2025-10-16 00:00:00-04:00,86.23537516533138,86.35492787055605,83.78460171409287,84.69119262695312,1838500,0.0,0.0
2025-10-17 00:00:00-04:00,84.79081159504268,85.10961119132669,83.7447463818204,83.93403625488281,1358300,0.0,0.0
2025-10-20 00:00:00-04:00,84.3923065010514,84.3923065010514,82.90789665848065,83.75470733642578,1358100,0.0,0.0
2025-10-21 00:00:00-04:00,83.75470424872867,85.30885120511081,83.3063949653973,84.51185607910156,1587300,0.0,0.0
2025-10-22 00:00:00-04:00,84.45207988359448,84.74099319554792,83.32632051007795,83.50564575195312,1532700,0.0,0.0
2025-10-23 00:00:00-04:00,83.56542285641808,84.11336323669258,82.40977714636016,82.60902404785156,1307400,0.0,0.0
2025-10-24 00:00:00-04:00,83.54550252235953,83.68497687575655,82.26033946538797,82.58910369873047,1306900,0.0,0.0
2025-10-27 00:00:00-04:00,83.33628300251534,83.94399588438824,81.98138289874441,82.12085723876953,1255600,0.0,0.0
2025-10-28 00:00:00-04:00,81.85187582378924,83.1768820967728,81.48326071281328,82.78834533691406,2048500,0.0,0.0
2025-10-29 00:00:00-04:00,82.48947932109284,82.97763955250649,81.2740534544538,81.42349243164062,2029800,0.0,0.0
2025-10-30 00:00:00-04:00,81.43345305611619,81.63270756810104,79.05241674357002,79.48080444335938,1916800,0.0,0.0
2025-10-31 00:00:00-04:00,79.59039034313275,80.24791881348581,78.72365034151706,79.04244995117188,1750100,0.0,0.0
2025-11-03 00:00:00-05:00,79.62026757559666,79.62026757559666,77.71743475931444,79.18192291259766,3116700,0.0,0.0
2025-11-04 00:00:00-05:00,78.59413685417857,80.03869585367124,77.77721241845781,79.80956268310547,2164000,0.0,0.0
2025-11-05 00:00:00-05:00,79.33135416785603,80.05861973171534,77.91668153764353,79.30146789550781,2999000,0.0,0.0
2025-11-06 00:00:00-05:00,84.09344046412102,89.37355929096911,82.71861101952662,88.64630126953125,4588100,0.0,0.0
2025-11-07 00:00:00-05:00,89.10456653755821,91.19668917461514,88.45700277826455,90.90777587890625,3117300,0.0,0.0
2025-11-10 00:00:00-05:00,91.07714423228848,93.65743486470242,90.6587211894479,93.14934539794922,3040600,0.0,0.0
2025-11-11 00:00:00-05:00,93.149346562148,93.6574360352514,91.63505036879725,91.7147445678711,1873300,0.0,0.0
2025-11-12 00:00:00-05:00,92.0833552789959,92.3124960424055,91.17676445083907,91.66493225097656,2751100,0.0,0.0
2025-11-13 00:00:00-05:00,91.68485858320855,92.21286970755553,87.90907131188973,88.28765106201172,1978300,0.0,0.0
2025-11-14 00:00:00-05:00,87.04233411059154,88.39723423415208,87.04233411059154,88.0086898803711,1566500,0.0,0.0
2025-11-17 00:00:00-05:00,88.05850333065678,88.16809139695279,85.5678792798954,85.6774673461914,1776300,0.0,0.0
2025-11-18 00:00:00-05:00,85.79701902442063,85.79701902442063,83.30639500305105,83.56541442871094,2101600,0.0,0.0
2025-11-19 00:00:00-05:00,83.86429494409991,85.65754733523366,83.45582894359327,84.35245513916016,2636000,0.0,0.0
2025-11-20 00:00:00-05:00,85.62992561420398,87.30659573130481,84.31254249464413,84.47222137451172,2231000,0.15,0.0
2025-11-21 00:00:00-05:00,85.8195385831833,88.26468647948369,84.03308601369491,87.19680786132812,3081400,0.0,0.0
2025-11-24 00:00:00-05:00,87.4363323639736,88.97328055428058,86.9872274392485,87.68583679199219,1963200,0.0,0.0
2025-11-25 00:00:00-05:00,87.845513799319,89.8615137988501,86.41834819681672,89.08306121826172,4339700,0.0,0.0
2025-11-26 00:00:00-05:00,89.02317608188258,91.51822033994286,89.02317608188258,90.52020263671875,1803800,0.0,0.0
2025-11-28 00:00:00-05:00,91.04915883579487,91.72781118169148,90.26072393289506,91.33857727050781,633900,0.0,0.0
2025-12-01 00:00:00-05:00,88.52416695576534,93.04519353333876,88.09501904013888,93.0052719116211,2239000,0.0,0.0
2025-12-02 00:00:00-05:00,93.24479318465868,94.2328285668584,92.12701062948186,92.48629760742188,1839000,0.0,0.0
2025-12-03 00:00:00-05:00,92.47632855667034,93.08511238027073,90.07110211946114,90.62998962402344,1679300,0.0,0.0
2025-12-04 00:00:00-05:00,90.29066501534383,91.0990569379638,89.6619089739541,90.0411605834961,1234300,0.0,0.0
2025-12-05 00:00:00-05:00,92.38649844538608,92.65595987486807,90.74975002190456,91.6878890991211,1588800,0.0,0.0
2025-12-08 00:00:00-05:00,91.11902345521911,92.35656333097558,90.02119784079603,90.8794937133789,1267900,0.0,0.0
2025-12-09 00:00:00-05:00,90.51023177545696,91.30864140328983,89.94136196509596,89.96131896972656,1158700,0.0,0.0
2025-12-10 00:00:00-05:00,90.41042244738298,92.17691809233239,89.8415526462217,92.12701416015625,1347300,0.0,0.0
2025-12-11 00:00:00-05:00,92.47632530261801,94.43243911402557,92.02721276145137,94.09310913085938,1375000,0.0,0.0
2025-12-12 00:00:00-05:00,94.59212026283642,95.17097237997501,93.14499758426099,93.56416320800781,1339100,0.0,0.0
2025-12-15 00:00:00-05:00,93.21485655163553,93.67394378902837,92.47632557098366,92.77572631835938,1534000,0.0,0.0
2025-12-16 00:00:00-05:00,92.70586329753216,93.70388099488036,89.9213930082182,90.9194107055664,1547400,0.0,0.0
2025-12-17 00:00:00-05:00,90.93937667980244,91.47830715812071,88.64393289595833,88.80361938476562,2030600,0.0,0.0
2025-12-18 00:00:00-05:00,89.45232955614378,91.54817295453716,88.99324229785199,89.78167724609375,2134300,0.0,0.0
2025-12-19 00:00:00-05:00,89.2627084546197,90.35054412847799,89.2028222129498,89.69185638427734,3557300,0.0,0.0
2025-12-22 00:00:00-05:00,89.18286351061737,90.02119473532463,88.67387234460459,89.82159423828125,1421500,0.0,0.0
2025-12-23 00:00:00-05:00,89.74175433699223,90.3106241504565,89.28266708527292,89.61201477050781,1005500,0.0,0.0
2025-12-24 00:00:00-05:00,89.72179392809507,90.3505423461934,88.89343739881967,89.87149810791016,580500,0.0,0.0
2025-12-26 00:00:00-05:00,89.92139215589937,91.74776635216028,89.92139215589937,91.56812286376953,1051400,0.0,0.0
2025-12-29 00:00:00-05:00,91.23878264310095,91.23878264310095,90.3804867523507,90.60005187988281,797300,0.0,0.0
2025-12-30 00:00:00-05:00,90.6499549443678,90.89945938430215,89.82159837636071,90.1309814453125,628400,0.0,0.0
2025-12-31 00:00:00-05:00,90.38048116177305,90.65992490161179,88.90341921854804,89.10301971435547,785100,0.0,0.0
2026-01-02 00:00:00-05:00,89.14294667595047,89.58207693015531,88.2347544670747,88.56409454345703,1294900,0.0,0.0
2026-01-05 00:00:00-05:00,88.28464644069065,89.532168588475,87.82555920401852,89.52218627929688,1717800,0.0,0.0
2026-01-06 00:00:00-05:00,89.4323714451177,91.2288064460182,89.04314513063446,90.58009338378906,1079800,0.0,0.0
2026-01-07 00:00:00-05:00,90.84955104774028,91.76772551477579,88.12496695969149,88.853515625,1311800,0.0,0.0
2026-01-08 00:00:00-05:00,88.00520088599986,92.29668003173248,88.00520088599986,92.03719329833984,1184800,0.0,0.0
2026-01-09 00:00:00-05:00,93.0451957724306,93.843605383185,92.30665717428731,93.59410095214844,1268800,0.0,0.0
2026-01-12 00:00:00-05:00,93.07513839050787,93.56416496070655,91.8276161910318,92.31664276123047,1363900,0.0,0.0
2026-01-13 00:00:00-05:00,92.21683789996227,93.62403891123107,91.90744723224832,93.4743423461914,866700,0.0,0.0
2026-01-14 00:00:00-05:00,92.91544541932862,93.79370585969195,91.18887907956108,91.41841888427734,1093800,0.0,0.0
2026-01-15 00:00:00-05:00,91.98728985067675,93.7438031398111,91.84756798140965,92.8056640625,1033800,0.0,0.0
2026-01-16 00:00:00-05:00,92.63600606288938,94.38253710299986,92.29668368708944,93.81366729736328,1423200,0.0,0.0
2026-01-20 00:00:00-05:00,91.84757299003209,93.17493843472394,91.48828598824676,92.46634674072266,1289600,0.0,0.0
2026-01-21 00:00:00-05:00,93.65397944162403,95.65001488698793,92.62602240554499,94.81168365478516,2200000,0.0,0.0
2026-01-22 00:00:00-05:00,96.06918852753626,96.52827576821755,93.66396215075336,94.51227569580078,1274000,0.0,0.0
2026-01-23 00:00:00-05:00,94.10309365604932,94.79172833349223,91.3385802511489,92.49628448486328,1079500,0.0,0.0
2026-01-26 00:00:00-05:00,92.64598709695761,93.08510971757926,91.88749149512607,92.5262222290039,941100,0.0,0.0
2026-01-27 00:00:00-05:00,92.22682114530406,92.63600445101775,89.9513343480803,90.54016876220703,1126200,0.0,0.0
2026-01-28 00:00:00-05:00,89.82159457830997,90.52020393487736,88.63395105787451,89.57209014892578,1697700,0.0,0.0
2026-01-29 00:00:00-05:00,89.57209117278572,89.94136047363281,87.98524663861375,89.94136047363281,1509000,0.0,0.0
2026-01-30 00:00:00-05:00,88.82357947575593,89.58207509540999,87.32655285537803,87.67585754394531,1526500,0.0,0.0
2026-02-02 00:00:00-05:00,87.8056042428292,91.47830983592681,86.91736144781153,91.32860565185547,1344200,0.0,0.0
2026-02-03 00:00:00-05:00,91.08907567702636,94.27275470061079,90.04116161976813,92.59608459472656,1517300,0.0,0.0
2026-02-04 00:00:00-05:00,93.30467355031095,95.18095171772964,92.87552563055783,94.59211730957031,2293900,0.0,0.0
2026-02-05 00:00:00-05:00,95.81968698988358,95.81968698988358,93.96337335256075,94.6520004272461,2953700,0.0,0.0
2026-02-06 00:00:00-05:00,95.31069224161386,96.6280753271889,93.69390079438821,96.12906646728516,3602300,0.0,0.0
2026-02-09 00:00:00-05:00,96.4284739495952,96.8476395606669,95.17096950210923,96.77777862548828,2309200,0.0,0.0
2026-02-10 00:00:00-05:00,95.16098732813904,98.24486601802208,94.97136914053975,97.7957534790039,1865600,0.0,0.0
2026-02-11 00:00:00-05:00,97.45643534989233,98.06522678990441,95.17097377602703,96.93746185302734,2149400,0.0,0.0
2026-02-12 00:00:00-05:00,97.71592256325503,98.364628016016,91.5381901905936,92.26673889160156,2043800,0.0,0.0
2026-02-13 00:00:00-05:00,92.75577116359625,96.62807725246591,91.90744999344068,95.84962463378906,3482100,0.0,0.0
2026-02-17 00:00:00-05:00,91.27870073158755,91.89747446572846,85.45028083943838,87.60599517822266,4536400,0.0,0.0
2026-02-18 00:00:00-05:00,86.05907211717965,92.07711780443276,85.89938562569843,89.94136047363281,3476600,0.0,0.0
2026-02-19 00:00:00-05:00,89.18286424980869,90.3605254663758,88.02516003740298,89.2726821899414,2120300,0.0,0.0
2026-02-20 00:00:00-05:00,88.993236111146,91.08907174956806,88.434348638039,91.01921081542969,1146700,0.0,0.0
2026-02-23 00:00:00-05:00,90.16092076480312,90.16092076480312,85.57004059261193,86.87744903564453,1628900,0.0,0.0
2026-02-24 00:00:00-05:00,86.72774418550252,88.91339788502711,86.31855325226701,88.4443359375,1987000,0.0,0.0
2026-02-25 00:00:00-05:00,88.7437347246781,88.7437347246781,86.31855133619352,86.53811645507812,1830100,0.0,0.0
2026-02-26 00:00:00-05:00,88.05510921137257,90.96931920661997,87.43633546679081,90.92939758300781,1378500,0.0,0.0
2026-02-27 00:00:00-05:00,89.67188766639379,90.56012279880396,87.48623410926811,89.33256530761719,1813000,0.0,0.0
2026-03-02 00:00:00-05:00,87.11697216183859,87.82556386567867,86.57804165167755,87.24671173095703,1316300,0.0,0.0
2026-03-03 00:00:00-05:00,84.6917874615854,86.36845759778606,83.30454338860483,85.95926666259766,2615800,0.0,0.0
2026-03-04 00:00:00-05:00,86.72774358776368,87.02714434278528,84.83150834887577,85.59000396728516,1443100,0.0,0.0
2026-03-05 00:00:00-05:00,84.44000244140625,85.66999816894531,82.0199966430664,82.5199966430664,3228300,0.17,0.0
2026-03-06 00:00:00-05:00,81.0199966430664,81.52999877929688,79.08000183105469,80.0,3336600,0.0,0.0
2026-03-09 00:00:00-04:00,78.66999816894531,80.79000091552734,75.95999908447266,80.70999908447266,2824100,0.0,0.0
2026-03-10 00:00:00-04:00,80.04000091552734,81.54000091552734,78.9800033569336,79.1500015258789,2334000,0.0,0.0
2026-03-11 00:00:00-04:00,78.95999908447266,79.76000213623047,77.8499984741211,79.0,1589200,0.0,0.0
2026-03-12 00:00:00-04:00,78.19000244140625,79.04000091552734,76.5999984741211,76.62999725341797,3312500,0.0,0.0
2026-03-13 00:00:00-04:00,77.76000213623047,78.4800033569336,76.44999694824219,76.94000244140625,1127527,0.0,0.0
