Date,Open,High,Low,Close,Volume,Dividends,Stock Splits
2022-01-03 00:00:00-05:00,77.5380797822016,78.40201295814013,75.96320009497468,76.99811553955078,2170200,0.0,0.0
2022-01-04 00:00:00-05:00,77.2051090524224,79.80591002757262,77.14211413442652,79.3199462890625,2885300,0.0,0.0
2022-01-05 00:00:00-05:00,79.79691080000948,80.60685038457557,78.1320391831372,78.27603149414062,1770100,0.0,0.0
2022-01-06 00:00:00-05:00,78.90598411787239,79.41894473272697,78.24003681537893,78.8609848022461,1297300,0.0,0.0
2022-01-07 00:00:00-05:00,78.84299146905306,80.48086636247876,78.10504798665097,79.04097747802734,2817400,0.0,0.0
2022-01-10 00:00:00-05:00,78.67199691623973,78.8429860697227,77.99704840419389,78.77999114990234,2519700,0.0,0.0
2022-01-11 00:00:00-05:00,78.74397306124743,78.81596919872652,76.2781637129898,77.69105529785156,1843200,0.0,0.0
2022-01-12 00:00:00-05:00,77.43007915978953,78.45600015053026,77.34008741543035,77.67305755615234,1888100,0.0,0.0
2022-01-13 00:00:00-05:00,77.87105652986706,79.44593635015745,77.28609979485869,78.93297576904297,2236600,0.0,0.0
2022-01-14 00:00:00-05:00,78.82498764559129,79.35595073928403,77.71807587391612,78.75299835205078,1807100,0.0,0.0
2022-01-18 00:00:00-05:00,78.60898029167612,78.81596746589534,77.40307591209711,78.45599365234375,2078800,0.0,0.0
2022-01-19 00:00:00-05:00,78.97797255522319,79.06796431174617,76.90812782554005,76.97112274169922,2459300,0.0,0.0
2022-01-20 00:00:00-05:00,77.55606685782834,79.22993934774713,77.21409549222712,77.37608337402344,2109500,0.0,0.0
2022-01-21 00:00:00-05:00,77.97905680255401,79.48194058539451,77.64607971444394,78.75299835205078,3205500,0.0,0.0
2022-01-24 00:00:00-05:00,78.00604443341841,78.15903110478042,74.9372754411698,77.4120864868164,3765500,0.0,0.0
2022-01-25 00:00:00-05:00,76.47616464785737,77.35809347408586,75.01827347483378,76.97112274169922,3023700,0.0,0.0
2022-01-26 00:00:00-05:00,77.4030909974859,79.05896125024103,74.82928699797807,75.45923614501953,2667200,0.0,0.0
2022-01-27 00:00:00-05:00,76.05319428911496,77.60107718710354,74.79328912568721,75.072265625,2660300,0.0,0.0
2022-01-28 00:00:00-05:00,75.07224567272199,75.69320028711938,72.58844094699036,75.64820098876953,3123300,0.0,0.0
2022-01-31 00:00:00-05:00,75.04526888690155,77.96104431152344,75.04526888690155,77.96104431152344,4174000,0.0,0.0
2022-02-01 00:00:00-05:00,77.39409128381816,77.71806709893187,75.66622484716562,76.18818664550781,2082000,0.0,0.0
2022-02-02 00:00:00-05:00,76.62015756127555,77.57408263217347,76.2151911844423,76.35917663574219,1945800,0.0,0.0
2022-02-03 00:00:00-05:00,76.01719119243114,76.08918733779805,74.3973122513273,74.47830963134766,1624200,0.0,0.0
2022-02-04 00:00:00-05:00,73.5423973506885,73.96536622014443,71.02258660742403,72.38148498535156,2114900,0.0,0.0
2022-02-07 00:00:00-05:00,72.44445629958031,73.04740851164189,72.26447281912093,72.65144348144531,1770300,0.0,0.0
2022-02-08 00:00:00-05:00,72.88543546771592,73.15541760928595,71.65253395717615,71.98550415039062,1844300,0.0,0.0
2022-02-09 00:00:00-05:00,72.9484258063233,73.70437163571005,72.40846842300742,73.6143798828125,2129500,0.0,0.0
2022-02-10 00:00:00-05:00,72.85844790306771,73.99236342972819,72.10250879591536,72.6064682006836,2113100,0.0,0.0
2022-02-11 00:00:00-05:00,72.60645112147047,73.23640022924786,71.31954920192781,72.09349060058594,2597000,0.0,0.0
2022-02-14 00:00:00-05:00,72.40846387029109,73.19140648972615,71.21155372081124,71.69751739501953,2205000,0.0,0.0
2022-02-15 00:00:00-05:00,72.22848215390677,73.18240705680074,71.84151145191444,73.03842163085938,2775700,0.0,0.0
2022-02-16 00:00:00-05:00,76.01720108072372,76.01720108072372,74.29832893263264,75.4952392578125,4564500,0.0,0.0
2022-02-17 00:00:00-05:00,74.87428946334113,75.48624308776932,73.26341830517606,73.92036437988281,3394100,0.0,0.0
2022-02-18 00:00:00-05:00,73.4343906406812,75.85520796666755,73.30840081150049,74.56830596923828,3612300,0.0,0.0
2022-02-22 00:00:00-05:00,74.46032392515737,75.06328319593545,73.767379751308,74.65830993652344,3631800,0.0,0.0
2022-02-23 00:00:00-05:00,74.78428797827664,75.58522626802505,72.66945084393045,72.79544067382812,2212400,0.0,0.0
2022-02-24 00:00:00-05:00,71.41854896807263,74.08234480897495,71.04957383709679,73.81236267089844,2335400,0.0,0.0
2022-02-25 00:00:00-05:00,74.39731280160426,75.98119368173977,73.65036823624105,75.87319946289062,2241500,0.0,0.0
2022-02-28 00:00:00-05:00,74.8851201902249,76.44428369570909,74.70382500324826,75.50153350830078,4314300,0.61,0.0
2022-03-01 00:00:00-05:00,75.59219036820588,75.89133368775889,73.48913412802197,74.64037322998047,2044900,0.0,0.0
2022-03-02 00:00:00-05:00,75.19333792981644,77.24200713540688,75.14801758229368,76.4624252319336,2146800,0.0,0.0
2022-03-03 00:00:00-05:00,76.72531369474359,77.46863522438288,75.71910923296761,77.38705444335938,1840600,0.0,0.0
2022-03-04 00:00:00-05:00,76.58027648514691,79.08218384821801,76.58027648514691,78.93714904785156,2521700,0.0,0.0
2022-03-07 00:00:00-05:00,78.85554537867888,80.17901965026998,78.69237693884062,78.7920913696289,2089400,0.0,0.0
2022-03-08 00:00:00-05:00,78.84650655541589,81.1036648137689,78.16663902685424,80.07026672363281,2682700,0.0,0.0
2022-03-09 00:00:00-05:00,81.13085313837061,81.67474574269647,80.29688401733964,80.46005249023438,1768600,0.0,0.0
2022-03-10 00:00:00-05:00,79.8617583529729,81.98294830322266,79.14563050612617,81.98294830322266,2155200,0.0,0.0
2022-03-11 00:00:00-05:00,83.17045174614935,84.09506843915632,82.37274309108513,82.68094635009766,2790200,0.0,0.0
2022-03-14 00:00:00-04:00,83.2067233663609,84.15853377896705,82.42714136214808,82.4634017944336,2450900,0.0,0.0
2022-03-15 00:00:00-04:00,82.79880190188516,83.38802184643254,81.09460301418201,81.7654037475586,1306900,0.0,0.0
2022-03-16 00:00:00-04:00,82.2911532971347,83.19764321125334,80.42378628716045,82.22769927978516,2142900,0.0,0.0
2022-03-17 00:00:00-04:00,82.05546816805372,83.83219457639723,81.75633173727437,83.40614318847656,1938700,0.0,0.0
2022-03-18 00:00:00-04:00,83.07980624220035,84.12227107970803,82.79878965165648,83.55117797851562,3593700,0.0,0.0
2022-03-21 00:00:00-04:00,83.9591175161676,84.51207704338302,83.37896439187121,84.03163146972656,1602800,0.0,0.0
2022-03-22 00:00:00-04:00,84.57551992309341,85.76301961218331,83.77780429539467,83.9591064453125,2588100,0.0,0.0
2022-03-23 00:00:00-04:00,84.12227387510502,84.64803281339746,82.78973248266823,84.14946746826172,1759200,0.0,0.0
2022-03-24 00:00:00-04:00,84.12226264035182,85.91710870868566,83.60556369147162,85.80833435058594,2256900,0.0,0.0
2022-03-25 00:00:00-04:00,86.11655418424155,87.31312076574169,86.08936058947545,87.22247314453125,1488700,0.0,0.0
2022-03-28 00:00:00-04:00,87.50347728064509,87.57599813938982,86.70576858236211,87.25872802734375,1653200,0.0,0.0
2022-03-29 00:00:00-04:00,87.8479618912223,89.26208428209087,87.55787841004839,89.1170425415039,2635600,0.0,0.0
2022-03-30 00:00:00-04:00,88.64565242589117,89.06263697008414,87.77542290984027,88.7091064453125,1839200,0.0,0.0
2022-03-31 00:00:00-04:00,88.70911979387434,88.98106958429868,87.11369531639045,87.14995574951172,2689000,0.0,0.0
2022-04-01 00:00:00-04:00,87.9295224733714,88.70003752422257,87.5850587926061,88.67284393310547,1969800,0.0,0.0
2022-04-04 00:00:00-04:00,89.87847330456862,90.13228936531549,87.62131543181931,88.536865234375,2186400,0.0,0.0
2022-04-05 00:00:00-04:00,88.08363631029698,89.07171405898846,86.2434626192875,86.74203491210938,1930300,0.0,0.0
2022-04-06 00:00:00-04:00,86.56980255541491,88.19242062694595,85.73583334246267,87.98392486572266,1997500,0.0,0.0
2022-04-07 00:00:00-04:00,87.7029037416677,87.97485349640178,86.43381641285792,87.28591918945312,1973000,0.0,0.0
2022-04-08 00:00:00-04:00,87.75728367511451,88.03830024271207,87.24965155192248,87.91139221191406,1275700,0.0,0.0
2022-04-11 00:00:00-04:00,88.05642309352231,88.51873485148694,87.13180649356175,87.35842895507812,1448200,0.0,0.0
2022-04-12 00:00:00-04:00,87.34937493658923,88.31025210129452,86.26158972809154,87.53067016601562,2048500,0.0,0.0
2022-04-13 00:00:00-04:00,87.92952242589232,88.38276738685053,86.97770524149237,87.83887481689453,1647900,0.0,0.0
2022-04-14 00:00:00-04:00,88.29212569966279,89.21674243900571,86.89613029636489,87.05023193359375,1697800,0.0,0.0
2022-04-18 00:00:00-04:00,86.87799661976747,87.59412453599595,86.63324736747228,87.46721649169922,2233400,0.0,0.0
2022-04-19 00:00:00-04:00,88.05643949771748,88.61846579672769,87.01397459734575,87.7301025390625,1575900,0.0,0.0
2022-04-20 00:00:00-04:00,87.59413004200866,88.97199877522588,87.37657436896336,88.391845703125,2441800,0.0,0.0
2022-04-21 00:00:00-04:00,88.76349640725671,89.08076651429442,88.04736849938897,88.20147705078125,2477900,0.0,0.0
2022-04-22 00:00:00-04:00,87.35843756146559,87.78448202167577,85.87179462073448,86.0621566772461,1917600,0.0,0.0
2022-04-25 00:00:00-04:00,85.98057657379525,86.78735213418892,85.1194138255903,86.62418365478516,2366900,0.0,0.0
2022-04-26 00:00:00-04:00,86.37941221485309,87.3765495925308,85.90803365495354,86.35221862792969,1957400,0.0,0.0
2022-04-27 00:00:00-04:00,86.551660563393,86.678568598855,84.15852081304139,84.5211181640625,1910900,0.0,0.0
2022-04-28 00:00:00-04:00,84.49391644075762,85.79926401241032,83.96815067817877,85.60890197753906,1484000,0.0,0.0
2022-04-29 00:00:00-04:00,85.39135218252773,85.77208322506107,82.118922846176,82.31835174560547,2480300,0.0,0.0
2022-05-02 00:00:00-04:00,82.83505884382514,83.69622854677671,80.3059507571712,81.69288635253906,2449200,0.0,0.0
2022-05-03 00:00:00-04:00,82.01015817415562,83.67809659213086,80.21530478301491,82.20958709716797,4185600,0.0,0.0
2022-05-04 00:00:00-04:00,81.80165031535846,82.28208887739234,79.68953400958515,81.78352355957031,2895900,0.0,0.0
2022-05-05 00:00:00-04:00,81.62034640747929,82.60841701806248,80.85889134199353,81.55689239501953,2418700,0.0,0.0
2022-05-06 00:00:00-04:00,80.5144344463119,80.78638418879602,79.06405195699143,80.16090393066406,2646700,0.0,0.0
2022-05-09 00:00:00-04:00,79.56262871257167,80.57790005917717,78.61081830885111,78.91902160644531,2632400,0.0,0.0
2022-05-10 00:00:00-04:00,79.5898357182223,79.94336631359174,77.06978736204033,77.77685546875,3375000,0.0,0.0
2022-05-11 00:00:00-04:00,77.45957241779307,80.54163998736765,76.90661293107658,78.8555679321289,3329300,0.0,0.0
2022-05-12 00:00:00-04:00,78.99153623349277,79.01872982631338,77.55022048624332,78.93714904785156,2111600,0.0,0.0
2022-05-13 00:00:00-04:00,79.44478088145432,80.17903554833185,78.79210699268778,80.10652160644531,2224900,0.0,0.0
2022-05-16 00:00:00-04:00,80.46912037000956,80.86797821342014,80.05213576824868,80.54164123535156,1790800,0.0,0.0
2022-05-17 00:00:00-04:00,81.16712049789227,81.31215531064375,79.8617726032776,81.2759017944336,2502700,0.0,0.0
2022-05-18 00:00:00-04:00,81.92854974833958,82.20956630330944,79.6260647108028,79.97053527832031,2048600,0.0,0.0
2022-05-19 00:00:00-04:00,79.42665306425067,80.61415270291623,78.92808081810963,79.33599853515625,2132100,0.0,0.0
2022-05-20 00:00:00-04:00,80.52350056456294,80.78638346903031,78.8192951033219,79.8708267211914,2464100,0.0,0.0
2022-05-23 00:00:00-04:00,80.55543319278117,81.24004027373965,79.47831777350582,80.06251525878906,2151900,0.61,0.0
2022-05-24 00:00:00-04:00,79.91646967615401,80.71973948045431,78.20951350730957,80.71060943603516,2258100,0.0,0.0
2022-05-25 00:00:00-04:00,80.43677042957934,81.46824259056679,80.43677042957934,81.19439697265625,2051000,0.0,0.0
2022-05-26 00:00:00-04:00,81.89727655745567,82.31716812817201,80.61934175377995,80.85667419433594,1960400,0.0,0.0
2022-05-27 00:00:00-04:00,81.18526988855237,82.47232751521655,81.15788672094847,82.30802154541016,2133900,0.0,0.0
2022-05-31 00:00:00-04:00,81.46824982675648,81.86075819972726,80.92969555166242,81.32219696044922,7252500,0.0,0.0
2022-06-01 00:00:00-04:00,81.19439517412148,81.3769612367456,78.89411849852304,80.47328186035156,2352000,0.0,0.0
2022-06-02 00:00:00-04:00,80.21770478221451,81.20354081721081,78.75721082158175,81.12139129638672,1914900,0.0,0.0
2022-06-03 00:00:00-04:00,80.89316904915904,81.19439084912301,79.82517679120065,80.32722473144531,1538900,0.0,0.0
2022-06-06 00:00:00-04:00,80.97531620442919,80.97531620442919,79.24097705512497,79.54220581054688,1425500,0.0,0.0
2022-06-07 00:00:00-04:00,79.33226407586176,81.65079370002118,79.33226407586176,81.51387786865234,1899300,0.0,0.0
2022-06-08 00:00:00-04:00,81.17613751573455,81.32218339349303,78.20037702091724,78.48335266113281,1967800,0.0,0.0
2022-06-09 00:00:00-04:00,77.83526213260404,78.36469330810301,75.91836359682141,75.97313690185547,1956000,0.0,0.0
2022-06-10 00:00:00-04:00,75.22463497747414,75.97313849626664,74.58566414268101,74.91427612304688,2234800,0.0,0.0
2022-06-13 00:00:00-04:00,73.26209193566818,73.78239306866135,70.70622256689037,71.06221771240234,2500100,0.0,0.0
2022-06-14 00:00:00-04:00,71.016571368564,71.75594472552862,70.08550191650662,70.69708251953125,2823000,0.0,0.0
2022-06-15 00:00:00-04:00,71.3908291014403,72.55010104920534,70.51453283012718,71.60990142822266,3573200,0.0,0.0
2022-06-16 00:00:00-04:00,70.66056914933262,71.9841398092025,69.94857206664497,70.92527770996094,2754800,0.0,0.0
2022-06-17 00:00:00-04:00,70.66971230343563,72.23061576761698,69.8846955486987,70.8796615600586,9174300,0.0,0.0
2022-06-21 00:00:00-04:00,71.25391788487391,73.52681889040647,71.25391788487391,71.81986236572266,2525700,0.0,0.0
2022-06-22 00:00:00-04:00,71.31778971894553,73.90104176792163,71.31778971894553,72.8147964477539,2282100,0.0,0.0
2022-06-23 00:00:00-04:00,73.25294683149495,74.9233895334487,72.6048530597157,74.58564758300781,2668100,0.0,0.0
2022-06-24 00:00:00-04:00,74.91426432871198,76.54819392823785,74.4578596460796,76.09178924560547,3299700,0.0,0.0
2022-06-27 00:00:00-04:00,75.86359913630787,77.28757974718076,75.28853165057471,75.91836547851562,1992600,0.0,0.0
2022-06-28 00:00:00-04:00,76.47518602637085,77.36974248519101,75.52586322091142,75.65365600585938,1454700,0.0,0.0
2022-06-29 00:00:00-04:00,75.47108889678167,76.39302843147004,75.47108889678167,75.97313690185547,1529400,0.0,0.0
2022-06-30 00:00:00-04:00,75.62627326500073,76.2104708464419,74.74997689283897,75.16986846923828,2500500,0.0,0.0
2022-07-01 00:00:00-04:00,74.79559970200862,76.13743054883825,74.42134452903106,75.95486450195312,1724900,0.0,0.0
2022-07-05 00:00:00-04:00,75.51674292097243,75.6262756182857,73.01563954815381,75.17900085449219,1819000,0.0,0.0
2022-07-06 00:00:00-04:00,75.51672361558967,76.18307056784697,74.5217577628478,74.54914093017578,1347400,0.0,0.0
2022-07-07 00:00:00-04:00,74.44873474631497,75.27026462465149,74.10186967065434,74.59478759765625,1439600,0.0,0.0
2022-07-08 00:00:00-04:00,74.6221784202331,75.52585789700203,74.36659286835373,74.95079040527344,1336900,0.0,0.0
2022-07-11 00:00:00-04:00,74.86863392692136,75.39806512106234,74.36659286835373,74.95079040527344,971000,0.0,0.0
2022-07-12 00:00:00-04:00,74.54915453368842,76.23785081416395,74.49438818903886,75.25202178955078,1467900,0.0,0.0
2022-07-13 00:00:00-04:00,74.43047701943631,75.03292758350722,73.77325315740781,74.76821899414062,2150400,0.0,0.0
2022-07-14 00:00:00-04:00,73.48113763132727,74.53999960335587,72.82391391961038,73.11601257324219,2771100,0.0,0.0
2022-07-15 00:00:00-04:00,74.11101404292216,74.37572966401872,73.21645756596884,74.13839721679688,2078600,0.0,0.0
2022-07-18 00:00:00-04:00,74.37572090866638,74.69520283990362,73.39901502506467,73.74588012695312,1586600,0.0,0.0
2022-07-19 00:00:00-04:00,74.101866157467,75.13333825547517,73.66371458839932,74.96903228759766,2123200,0.0,0.0
2022-07-20 00:00:00-04:00,74.87776904869526,75.39807023292065,73.91019311835652,74.29357147216797,1551800,0.0,0.0
2022-07-21 00:00:00-04:00,73.98321449709881,74.24792312982991,72.3127714014885,74.23880004882812,1696000,0.0,0.0
2022-07-22 00:00:00-04:00,75.1059689278078,75.94575204540105,74.64043410567459,75.60801696777344,1686000,0.0,0.0
2022-07-25 00:00:00-04:00,75.35242708193854,76.84943410621963,74.96904179879625,76.78553771972656,1745800,0.0,0.0
2022-07-26 00:00:00-04:00,77.2145563947591,77.88091042966363,76.84943814656481,77.51578521728516,2263200,0.0,0.0
2022-07-27 00:00:00-04:00,77.2967128642074,78.15475606854346,76.77641170000415,77.1597900390625,1392900,0.0,0.0
2022-07-28 00:00:00-04:00,77.61617958151766,78.53811899476939,77.10500856308873,78.48335266113281,1561600,0.0,0.0
2022-07-29 00:00:00-04:00,78.50161406678734,79.25924759488248,77.97218290516543,78.81196594238281,3905700,0.0,0.0
2022-08-01 00:00:00-04:00,78.64765862622538,79.14969960098728,78.38294307334387,78.48335266113281,1322100,0.0,0.0
2022-08-02 00:00:00-04:00,78.34644303065646,78.80284779215741,76.31087473012128,76.37477111816406,1853700,0.0,0.0
2022-08-03 00:00:00-04:00,76.55732549793947,77.20541932449449,75.1972345023716,75.22462463378906,2280100,0.0,0.0
2022-08-04 00:00:00-04:00,75.3067828990795,75.3067828990795,73.462910794155,73.93756866455078,2569700,0.0,0.0
2022-08-05 00:00:00-04:00,73.48117129172704,73.91932295497475,72.23974970407366,73.64547729492188,2911100,0.0,0.0
2022-08-08 00:00:00-04:00,74.53088800610061,75.224625091725,74.1657628576571,74.48524475097656,2063600,0.0,0.0
2022-08-09 00:00:00-04:00,74.6130450672548,75.58062785328212,74.35745952670618,75.45283508300781,2889100,0.0,0.0
2022-08-10 00:00:00-04:00,75.35242762546633,76.21046382682196,73.77326411334121,76.04615783691406,2909100,0.0,0.0
2022-08-11 00:00:00-04:00,75.53499718089046,75.93663564821621,73.70937791367861,74.14752960205078,2985900,0.0,0.0
2022-08-12 00:00:00-04:00,74.83212309475465,75.5714965337533,74.5491474246202,75.48021697998047,1954800,0.0,0.0
2022-08-15 00:00:00-04:00,75.46195505576235,75.65364420327923,74.21141057469748,74.5674057006836,1249100,0.0,0.0
2022-08-16 00:00:00-04:00,74.39396910861511,74.46699553497234,73.27121043696835,73.62721252441406,1986300,0.0,0.0
2022-08-17 00:00:00-04:00,73.17079021987442,74.74081622411049,73.1342770154715,74.45784759521484,1922600,0.0,0.0
2022-08-18 00:00:00-04:00,74.46699023494148,74.83211537655734,72.54096190299606,73.02474975585938,2531300,0.0,0.0
2022-08-19 00:00:00-04:00,72.87868279840475,73.18904154613197,72.18495282429727,72.641357421875,4554100,0.0,0.0
2022-08-22 00:00:00-04:00,72.46659447621428,73.0461109660369,71.86868386800587,72.79774475097656,2459300,0.61,0.0
2022-08-23 00:00:00-04:00,72.55860192428763,72.77017295113971,70.88445590555976,70.96724700927734,2562500,0.0,0.0
2022-08-24 00:00:00-04:00,70.80165255749488,71.92388331204901,70.74646318201765,71.29837799072266,2594200,0.0,0.0
2022-08-25 00:00:00-04:00,71.69392835906997,72.54939888979405,71.47315678999512,72.52179718017578,1845800,0.0,0.0
2022-08-26 00:00:00-04:00,72.65057590122002,72.65057590122002,71.06841492472377,71.13280487060547,1757200,0.0,0.0
2022-08-29 00:00:00-04:00,70.88444055596307,71.44555596439126,70.33252571661771,70.73726654052734,1868700,0.0,0.0
2022-08-30 00:00:00-04:00,70.78324598063665,71.29837251142091,69.87258626535899,70.01056671142578,2084100,0.0,0.0
2022-08-31 00:00:00-04:00,70.70048647373426,71.3995824967095,70.36933609537648,70.50731658935547,4030300,0.0,0.0
2022-09-01 00:00:00-04:00,70.12095951289038,70.47970449790031,69.7254192707028,70.44290924072266,2017500,0.0,0.0
2022-09-02 00:00:00-04:00,70.93963433147822,71.35356869119913,69.47705269237412,69.75301361083984,1679700,0.0,0.0
2022-09-06 00:00:00-04:00,70.30492686729913,70.8292469863491,69.4862517168172,70.16694641113281,1896300,0.0,0.0
2022-09-07 00:00:00-04:00,70.13014099059035,71.57432125079902,70.01976225603715,71.44554138183594,1435400,0.0,0.0
2022-09-08 00:00:00-04:00,71.07760161895781,71.93307197056322,70.14854777771292,70.2497329711914,2306400,0.0,0.0
2022-09-09 00:00:00-04:00,70.53490174461113,71.42716753128497,69.89100221710346,71.3719711303711,2547900,0.0,0.0
2022-09-12 00:00:00-04:00,71.79511139640168,72.92653582718876,71.65713092440906,71.98828125,2309900,0.0,0.0
2022-09-13 00:00:00-04:00,70.82924428822496,71.14199342684257,69.10910297189625,69.18269348144531,2490200,0.0,0.0
2022-09-14 00:00:00-04:00,68.63079439485,69.15511461386339,66.80027391344943,68.05128479003906,3786900,0.0,0.0
2022-09-15 00:00:00-04:00,67.96846216061967,68.28121824365896,66.79104235665541,66.9106216430664,2928700,0.0,0.0
2022-09-16 00:00:00-04:00,66.74507198892658,67.11301757242676,64.905351089404,66.98423767089844,7662000,0.0,0.0
2022-09-19 00:00:00-04:00,66.21156273261046,67.1314232444846,65.1629152925335,65.5308609008789,2818400,0.0,0.0
2022-09-20 00:00:00-04:00,64.73977029941375,65.0157312175421,63.58994483717509,63.9854850769043,2249500,0.0,0.0
2022-09-21 00:00:00-04:00,64.42701872639198,65.19050448900346,63.44276844834279,63.46116256713867,2023300,0.0,0.0
2022-09-22 00:00:00-04:00,63.20361826146634,63.31400405518428,61.851422114832914,62.78048324584961,1982600,0.0,0.0
2022-09-23 00:00:00-04:00,61.971006737678664,63.07483657192167,60.68320058574254,61.363895416259766,2723900,0.0,0.0
2022-09-26 00:00:00-04:00,61.08792356912527,61.14311293927434,59.422971717200674,60.49920654296875,3006000,0.0,0.0
2022-09-27 00:00:00-04:00,61.06953077946558,61.44667690829634,59.02743958915719,59.156219482421875,2467200,0.0,0.0
2022-09-28 00:00:00-04:00,59.77253136693478,60.646395932244,58.90786035260257,60.17726516723633,1846500,0.0,0.0
2022-09-29 00:00:00-04:00,59.450567263873545,59.7541228400465,57.62924784278974,58.25475311279297,2844400,0.0,0.0
2022-09-30 00:00:00-04:00,58.59511184577882,59.48737410345992,57.91441356325928,59.16542434692383,3208500,0.0,0.0
2022-10-03 00:00:00-04:00,59.882916412838334,60.591212919229754,58.7330908019237,60.14047622680664,2560500,0.0,0.0
2022-10-04 00:00:00-04:00,60.122074002955365,61.014339679660914,58.319148530158984,59.22060775756836,4330900,0.0,0.0
2022-10-05 00:00:00-04:00,58.401933440223154,58.49391806891036,56.736984992670884,57.3256950378418,3007100,0.0,0.0
2022-10-06 00:00:00-04:00,57.01294295817767,57.19691572638152,54.796079698343476,54.97085189819336,2802100,0.0,0.0
2022-10-07 00:00:00-04:00,54.639711192356444,54.961660940714786,53.49908271005001,53.9038200378418,2773300,0.0,0.0
2022-10-10 00:00:00-04:00,53.48988193315293,53.88542217307598,52.76319139850463,52.77238845825195,3556200,0.0,0.0
2022-10-11 00:00:00-04:00,52.99315831376634,53.75664062265278,51.99051033535717,53.508277893066406,3054800,0.0,0.0
2022-10-12 00:00:00-04:00,53.27831250801258,53.637061010380414,52.35845211104561,53.26911544799805,2439500,0.0,0.0
2022-10-13 00:00:00-04:00,52.413642026310505,54.50172543011245,51.972109481879386,54.42813491821289,2623000,0.0,0.0
2022-10-14 00:00:00-04:00,55.09964486394559,55.09964486394559,53.112746341961994,53.20473098754883,2731200,0.0,0.0
2022-10-17 00:00:00-04:00,54.041793815293225,55.26520972555399,53.55426896843163,55.173221588134766,2579500,0.0,0.0
2022-10-18 00:00:00-04:00,55.93671339901639,56.61740814472875,55.21921988536054,55.80792999267578,2359900,0.0,0.0
2022-10-19 00:00:00-04:00,55.17322066084227,55.660745499510064,54.39134080535746,54.575313568115234,1709100,0.0,0.0
2022-10-20 00:00:00-04:00,54.566121067919305,55.10883886835467,53.90382042766215,54.25336837768555,1832500,0.0,0.0
2022-10-21 00:00:00-04:00,54.179774057396855,54.336148626921805,52.62520787641621,53.24151611328125,5553000,0.0,0.0
2022-10-24 00:00:00-04:00,53.60026467593149,53.87622208768196,52.11928890511773,52.90116882324219,3645700,0.0,0.0
2022-10-25 00:00:00-04:00,53.17712679470869,55.57795930187441,53.17712679470869,55.522769927978516,2659900,0.0,0.0
2022-10-26 00:00:00-04:00,55.66075201031314,56.38744257826577,55.34799932973789,55.5595703125,3869900,0.0,0.0
2022-10-27 00:00:00-04:00,56.06549364260299,56.71859370262727,54.88806991171224,55.13643264770508,2349300,0.0,0.0
2022-10-28 00:00:00-04:00,55.2008139545832,56.7461795083825,54.8696672007592,56.571407318115234,2167800,0.0,0.0
2022-10-31 00:00:00-04:00,55.93671362106765,56.95775574368941,55.7987331539352,56.14828109741211,2275500,0.0,0.0
2022-11-01 00:00:00-04:00,55.84471902322517,56.19426692632913,55.06283915708623,55.28360366821289,1806300,0.0,0.0
2022-11-02 00:00:00-04:00,55.28361128318258,55.86312434544447,54.09699397720327,54.14298629760742,2287800,0.0,0.0
2022-11-03 00:00:00-04:00,53.49908059339483,54.161381202658895,52.52402730853261,53.7198486328125,2578300,0.0,0.0
2022-11-04 00:00:00-04:00,54.179781336560865,56.4978265581763,54.014206176589894,56.065494537353516,3314900,0.0,0.0
2022-11-07 00:00:00-05:00,56.80137873129349,57.325698869632475,55.86312071821613,56.53461837768555,2523900,0.0,0.0
2022-11-08 00:00:00-05:00,60.131276100766954,63.047231846932846,59.634550649000936,61.17991638183594,5087400,0.0,0.0
2022-11-09 00:00:00-05:00,60.94074643644175,62.69768302308753,60.90395118134172,61.170711517333984,4330400,0.0,0.0
2022-11-10 00:00:00-05:00,62.69769011347623,65.25490097931267,62.68848954416641,64.44541931152344,4430100,0.0,0.0
2022-11-11 00:00:00-05:00,64.67537847573338,65.9815854965604,64.67537847573338,65.8436050415039,3011900,0.0,0.0
2022-11-14 00:00:00-05:00,65.30089724631294,65.83441803955282,64.5190171971739,64.65699768066406,2378400,0.0,0.0
2022-11-15 00:00:00-05:00,65.45726717171037,65.51245654805118,63.57155060965258,64.30744171142578,2800200,0.0,0.0
2022-11-16 00:00:00-05:00,64.16946112595691,64.23385107088667,62.50450909052582,62.734474182128906,2600100,0.0,0.0
2022-11-17 00:00:00-05:00,61.787764746151154,62.40035527030558,60.961700856051856,61.9269905090332,2407500,0.61,0.0
2022-11-18 00:00:00-05:00,62.97581397669888,63.09647961413711,61.76920717153387,62.91084289550781,3805000,0.0,0.0
2022-11-21 00:00:00-05:00,62.87369945299702,63.337780508767366,62.08476307445044,63.2820930480957,2266900,0.0,0.0
2022-11-22 00:00:00-05:00,63.28208669941726,64.04317927127258,63.0036352613643,63.903953552246094,1885700,0.0,0.0
2022-11-23 00:00:00-05:00,63.56982953247335,64.47943163912599,63.47701472517799,64.36804962158203,1577400,0.0,0.0
2022-11-25 00:00:00-05:00,64.46084818458799,64.720739493364,64.03389451356999,64.53510284423828,956600,0.0,0.0
2022-11-28 00:00:00-05:00,64.21954233110431,64.82284207206888,61.527870641843094,61.852725982666016,3256700,0.0,0.0
2022-11-29 00:00:00-05:00,62.084753655626265,64.26593287057905,62.01049899845254,64.22880554199219,2401800,0.0,0.0
2022-11-30 00:00:00-05:00,64.13600718906676,66.39144163890336,63.690493294537575,65.92736053466797,9642500,0.0,0.0
2022-12-01 00:00:00-05:00,66.31717432687833,67.01329585059496,65.49111068523975,65.89022064208984,3345700,0.0,0.0
2022-12-02 00:00:00-05:00,65.33332840937207,66.39143261673392,64.65577405480047,65.97376251220703,2195100,0.0,0.0
2022-12-05 00:00:00-05:00,65.44470136137275,66.05728456874894,64.92492585182302,65.14768981933594,2978900,0.0,0.0
2022-12-06 00:00:00-05:00,65.4539833660974,65.4539833660974,63.050047102790536,63.3006477355957,3516500,0.0,0.0
2022-12-07 00:00:00-05:00,60.13563030415053,61.24014559765615,59.42094143847666,60.330543518066406,10394800,0.0,0.0
2022-12-08 00:00:00-05:00,60.516170230484306,61.88056974390312,60.358384362197654,60.98025131225586,3756800,0.0,0.0
2022-12-09 00:00:00-05:00,60.89672358926528,62.24255597062409,60.59971196324671,61.88057327270508,2779500,0.0,0.0
2022-12-12 00:00:00-05:00,61.89914111890514,62.08477073158165,60.32126108589159,61.00810623168945,3023800,0.0,0.0
2022-12-13 00:00:00-05:00,62.94794959740716,63.179990108615726,60.48831876233348,61.50001907348633,4433500,0.0,0.0
2022-12-14 00:00:00-05:00,61.45361447627448,63.6533612986592,61.24941767234233,62.51171875,3234400,0.0,0.0
2022-12-15 00:00:00-05:00,61.85272732726249,62.73447856885213,61.51858837477651,62.298248291015625,2512500,0.0,0.0
2022-12-16 00:00:00-05:00,61.305114079110155,61.778471686630574,59.012552389263014,59.69939041137695,8289900,0.0,0.0
2022-12-19 00:00:00-05:00,59.57873291324453,59.79220625022945,58.55775238548571,59.123931884765625,2413200,0.0,0.0
2022-12-20 00:00:00-05:00,58.48349466051809,59.337405667204145,58.121511993803516,58.984703063964844,2380600,0.0,0.0
2022-12-21 00:00:00-05:00,59.46734940682485,60.414071695820255,59.05895933038257,59.374534606933594,1777300,0.0,0.0
2022-12-22 00:00:00-05:00,58.632005012767266,59.931433520960056,58.47421913683443,59.89430618286133,1737900,0.0,0.0
2022-12-23 00:00:00-05:00,59.76435729864787,60.404791416306395,59.20746145261714,60.3955078125,1148100,0.0,0.0
2022-12-27 00:00:00-05:00,60.38622715058154,61.583557172602156,60.24700849327758,61.2030143737793,1758000,0.0,0.0
2022-12-28 00:00:00-05:00,61.323668384384895,61.834160361260714,59.98711272224798,60.18202590942383,1648300,0.0,0.0
2022-12-29 00:00:00-05:00,60.76677886591097,61.481460626477585,60.0985009654087,61.10091781616211,1422000,0.0,0.0
2022-12-30 00:00:00-05:00,60.92455749312632,61.26798000708671,60.11705394580493,60.841026306152344,1189700,0.0,0.0
2023-01-03 00:00:00-05:00,61.732078175296046,62.353945233094656,60.776072114226054,62.140464782714844,3086400,0.0,0.0
2023-01-04 00:00:00-05:00,62.827287945854565,64.4237277163196,62.641651297362074,63.89466857910156,2263700,0.0,0.0
2023-01-05 00:00:00-05:00,63.21712508458764,63.69048976746196,61.899136521062985,62.54884719848633,1761800,0.0,0.0
2023-01-06 00:00:00-05:00,62.864415397638524,64.97134002259298,62.55812023801663,64.76714324951172,1685000,0.0,0.0
2023-01-09 00:00:00-05:00,65.05488544827342,65.25908226606646,64.18241779222456,64.29379272460938,2207200,0.0,0.0
2023-01-10 00:00:00-05:00,63.78329676392941,64.05246460630889,63.077891628083684,64.03389739990234,2091100,0.0,0.0
2023-01-11 00:00:00-05:00,64.60007917937152,66.81838597814748,64.53510811719747,66.66988372802734,2144700,0.0,0.0
2023-01-12 00:00:00-05:00,66.8276640370122,67.50522541316566,66.43783769631168,66.92047882080078,2403200,0.0,0.0
2023-01-13 00:00:00-05:00,66.41000069007617,66.78125986280239,65.7417228490653,66.03873443603516,1376800,0.0,0.0
2023-01-17 00:00:00-05:00,66.16867582148134,66.91120123993025,65.94591890407814,66.55850219726562,1583000,0.0,0.0
2023-01-18 00:00:00-05:00,67.02259144062465,67.2824757229487,66.23365498890792,66.50282287597656,2985100,0.0,0.0
2023-01-19 00:00:00-05:00,66.1686839183269,67.08756251120566,66.1686839183269,66.50282287597656,2002200,0.0,0.0
2023-01-20 00:00:00-05:00,66.66989080250299,67.67230765211234,66.16868237769832,67.59805297851562,1843700,0.0,0.0
2023-01-23 00:00:00-05:00,67.49595506412078,69.16664274431938,67.01330676354317,68.94388580322266,2051200,0.0,0.0
2023-01-24 00:00:00-05:00,68.52620468176518,69.5378978999719,68.21990951097597,69.50077056884766,1528100,0.0,0.0
2023-01-25 00:00:00-05:00,69.33371475261852,69.46365689644686,68.13639172467386,68.55406188964844,1502800,0.0,0.0
2023-01-26 00:00:00-05:00,68.85107421875,69.06455464654249,68.34058216184347,68.85107421875,1274800,0.0,0.0
2023-01-27 00:00:00-05:00,68.96245698919164,70.14121991350639,68.19208063355157,69.78852081298828,2091600,0.0,0.0
2023-01-30 00:00:00-05:00,69.48222771709727,69.8720541688404,69.1109613948731,69.1666488647461,2349600,0.0,0.0
2023-01-31 00:00:00-05:00,69.03670154419542,69.7049794578902,68.55406031836895,69.6492919921875,2601900,0.0,0.0
2023-02-01 00:00:00-05:00,69.58430883420579,70.00197891705336,68.24775323899055,69.50077056884766,2266400,0.0,0.0
2023-02-02 00:00:00-05:00,70.06696627956907,71.2086089630084,69.4450992714976,70.79093170166016,1930800,0.0,0.0
2023-02-03 00:00:00-05:00,69.76066197819048,70.42893269536002,68.98100218618784,70.37324523925781,1648700,0.0,0.0
2023-02-06 00:00:00-05:00,69.5471987923878,69.94630884954847,68.38699596125983,69.1666488647461,1987100,0.0,0.0
2023-02-07 00:00:00-05:00,68.7582576109219,70.20618837975233,68.45196238480297,69.53791046142578,2332500,0.0,0.0
2023-02-08 00:00:00-05:00,69.37084319545421,70.02056100625545,68.96245662891306,69.61216735839844,1650200,0.0,0.0
2023-02-09 00:00:00-05:00,70.12266643478675,70.12266643478675,68.32202925958764,68.67472839355469,2483500,0.0,0.0
2023-02-10 00:00:00-05:00,68.43338535676077,70.15976011101789,68.26631591843733,69.87203216552734,2016700,0.0,0.0
2023-02-13 00:00:00-05:00,69.9741437188279,70.80020746342424,69.87204531611913,70.43822479248047,1298700,0.0,0.0
2023-02-14 00:00:00-05:00,70.08551641244583,70.90229644426283,69.7513775173129,70.30827331542969,1735600,0.0,0.0
2023-02-15 00:00:00-05:00,69.66785084738055,70.38253969031287,69.42653377953432,70.28044128417969,1865000,0.0,0.0
2023-02-16 00:00:00-05:00,68.88819168311854,72.8978516420711,68.41482703286783,72.44305419921875,2938100,0.0,0.0
2023-02-17 00:00:00-05:00,72.67510727095123,72.86073688909768,71.57059192342659,71.83975982666016,2544000,0.0,0.0
2023-02-21 00:00:00-05:00,71.59842608787021,71.94184862498547,70.3825359645051,71.3014144897461,2300900,0.0,0.0
2023-02-22 00:00:00-05:00,71.64483631559774,72.29454696713319,70.07624006662856,70.1876220703125,2199800,0.0,0.0
2023-02-23 00:00:00-05:00,70.41039207254602,70.94872790168893,69.69570314181443,70.6981201171875,1680500,0.0,0.0
2023-02-24 00:00:00-05:00,69.61215938148,70.22474978306825,68.64686992163234,69.49150085449219,1927600,0.0,0.0
2023-02-27 00:00:00-05:00,70.23078160878686,70.75481977853788,68.9861838161436,69.50086212158203,1199700,0.61,0.0
2023-02-28 00:00:00-05:00,69.86582976230011,70.02491176804429,69.17334254996949,69.36050415039062,4664400,0.0,0.0
2023-03-01 00:00:00-05:00,68.82708971294193,68.98617168084886,66.91808467960864,68.39662170410156,2665900,0.0,0.0
2023-03-02 00:00:00-05:00,68.12526448451527,69.66930659830362,68.04103998150808,69.57572937011719,1677800,0.0,0.0
2023-03-03 00:00:00-05:00,70.05298185416952,70.97004867702184,69.90325257889619,70.47408294677734,1979800,0.0,0.0
2023-03-06 00:00:00-05:00,70.7454699649691,71.10107346452149,70.09978202536061,70.36180114746094,2880800,0.0,0.0
2023-03-07 00:00:00-05:00,70.22141448440216,70.22141448440216,69.02360899767626,69.22012329101562,4827600,0.0,0.0
2023-03-08 00:00:00-05:00,68.95810762582367,70.60508668135775,68.85517054241727,69.92196655273438,1732700,0.0,0.0
2023-03-09 00:00:00-05:00,69.71608683967824,70.12783514054735,67.73221710033503,67.79772186279297,4593000,0.0,0.0
2023-03-10 00:00:00-05:00,67.22689826510162,67.67607892334816,63.37146248120815,63.47439956665039,4106300,0.0,0.0
2023-03-13 00:00:00-04:00,62.91292446534899,65.17752589933713,62.435671389761794,64.76577758789062,2710300,0.0,0.0
2023-03-14 00:00:00-04:00,66.03844770617117,67.00230658130457,65.6454191212693,66.96487426757812,2347200,0.0,0.0
2023-03-15 00:00:00-04:00,66.15075126309928,66.74965406365104,65.44891137437601,66.67478942871094,2623800,0.0,0.0
2023-03-16 00:00:00-04:00,66.01036933442661,66.76835398581308,64.96228606255386,66.30046081542969,2916400,0.0,0.0
2023-03-17 00:00:00-04:00,65.69219924825498,66.59056043156846,64.17622992281548,64.33531188964844,4939900,0.0,0.0
2023-03-20 00:00:00-04:00,64.70027783277583,65.41147756956634,64.25110431231766,64.69091796875,3012000,0.0,0.0
2023-03-21 00:00:00-04:00,65.18688569282635,65.7202836686818,64.61605540329005,64.93421936035156,2465200,0.0,0.0
2023-03-22 00:00:00-04:00,64.55991156925266,64.72835343248528,61.85548903253478,61.92099380493164,2457100,0.0,0.0
2023-03-23 00:00:00-04:00,62.03328486140436,63.06264853239325,61.443741965893174,61.53731918334961,1743900,0.0,0.0
2023-03-24 00:00:00-04:00,61.2378682386218,63.221730964927346,60.99456175992022,63.146873474121094,1576700,0.0,0.0
2023-03-27 00:00:00-04:00,63.633479960531254,63.97972352464845,63.174946589282996,63.521183013916016,1765100,0.0,0.0
2023-03-28 00:00:00-04:00,63.128148910158835,64.69091046544527,62.74448020341326,64.3540267944336,2056500,0.0,0.0
2023-03-29 00:00:00-04:00,65.29917138898297,66.17881285646979,65.20559418040601,65.46761322021484,1984000,0.0,0.0
2023-03-30 00:00:00-04:00,66.09460679293994,66.61865215810242,65.64543321078395,66.39405822753906,1610100,0.0,0.0
2023-03-31 00:00:00-04:00,66.67479185450152,67.15204499525265,65.76707775641039,67.08654022216797,3648400,0.0,0.0
2023-04-03 00:00:00-04:00,67.33918162490518,67.98487645973891,66.57183714068256,67.12395477294922,2702700,0.0,0.0
2023-04-04 00:00:00-04:00,67.27368088285353,67.432762850657,65.57990985504192,65.86064147949219,2150300,0.0,0.0
2023-04-05 00:00:00-04:00,65.83256897316556,66.68413798739499,65.62669483172621,66.02908325195312,1612200,0.0,0.0
2023-04-06 00:00:00-04:00,67.06781043004565,67.52635091232305,65.9635821783807,66.95552062988281,1858200,0.0,0.0
2023-04-10 00:00:00-04:00,66.66542242085335,68.18139898826364,66.35661832891365,68.14396667480469,1305100,0.0,0.0
2023-04-11 00:00:00-04:00,69.41663074289556,70.34305721718542,68.8832328165489,69.56635284423828,2369400,0.0,0.0
2023-04-12 00:00:00-04:00,70.32435097419669,70.52086526589142,69.62251115836536,69.83773803710938,1839000,0.0,0.0
2023-04-13 00:00:00-04:00,69.93132900930128,70.14655590841497,68.61186660370858,69.71609497070312,2032500,0.0,0.0
2023-04-14 00:00:00-04:00,70.0248998138402,70.29627873350897,68.93003141135445,69.33241271972656,1677100,0.0,0.0
2023-04-17 00:00:00-04:00,69.41663799995709,70.42728906273935,69.36049309851937,70.4085693359375,1753400,0.0,0.0
2023-04-18 00:00:00-04:00,70.34306820737424,70.679951912383,69.85646237763062,70.60508728027344,1357400,0.0,0.0
2023-04-19 00:00:00-04:00,70.06233130956802,71.40985888940145,70.04361158319765,71.35371398925781,1296600,0.0,0.0
2023-04-20 00:00:00-04:00,71.3069205384668,71.40985761321299,70.4179263178226,71.0074691772461,1239400,0.0,0.0
2023-04-21 00:00:00-04:00,71.19463725326119,71.32564678956263,70.23077831926456,70.77352905273438,1494700,0.0,0.0
2023-04-24 00:00:00-04:00,71.07298090482823,71.17591798966265,69.67866103682226,70.4927978515625,1848800,0.0,0.0
2023-04-25 00:00:00-04:00,70.22141567947625,71.73739229037326,69.96874934125142,71.48472595214844,2247700,0.0,0.0
2023-04-26 00:00:00-04:00,71.21334960218663,71.99941395683761,70.88582576253381,71.27885437011719,2619800,0.0,0.0
2023-04-27 00:00:00-04:00,71.30692085661778,72.99133923317686,71.30692085661778,72.98197937011719,2109900,0.0,0.0
2023-04-28 00:00:00-04:00,73.22528924187974,74.17978827337218,72.9539103163858,74.13300323486328,2314000,0.0,0.0
2023-05-01 00:00:00-04:00,73.92712193138907,74.53538448910096,73.1036325104686,73.2346420288086,2025200,0.0,0.0
2023-05-02 00:00:00-04:00,73.0942792205221,73.43116290925565,71.83096895751322,72.3830795288086,2531900,0.0,0.0
2023-05-03 00:00:00-04:00,73.12234249355707,73.96455160968306,71.54086132769176,72.54215240478516,2281500,0.0,0.0
2023-05-04 00:00:00-04:00,72.71059222010247,73.18784522930834,71.0542536203638,71.96196746826172,2234100,0.0,0.0
2023-05-05 00:00:00-04:00,72.25207326617941,73.90841933393914,71.90582969835494,73.70254516601562,1697200,0.0,0.0
2023-05-08 00:00:00-04:00,72.39244786856602,72.9819908231365,71.30693204677114,71.4285888671875,4200500,0.0,0.0
2023-05-09 00:00:00-04:00,71.44730136389451,73.66511804827465,71.11977750066995,73.29080200195312,4261000,0.0,0.0
2023-05-10 00:00:00-04:00,73.73996420903522,74.58216617787929,72.9445401325979,74.28271484375,2426300,0.0,0.0
2023-05-11 00:00:00-04:00,73.7399582399814,74.76932167150888,73.16912806496043,74.0674819946289,2530200,0.0,0.0
2023-05-12 00:00:00-04:00,74.03942101987882,74.47923462169324,73.73996966359904,74.2078628540039,1887300,0.0,0.0
2023-05-15 00:00:00-04:00,74.60394341596628,75.66957671774584,74.10413304261102,75.56584167480469,2221400,0.61,0.0
2023-05-16 00:00:00-04:00,75.72615599603424,75.72615599603424,73.06678203982922,73.11392974853516,2166300,0.0,0.0
2023-05-17 00:00:00-04:00,73.37798537230974,73.5005852526421,72.03886947282507,73.09507751464844,1911000,0.0,0.0
2023-05-18 00:00:00-04:00,72.61412876985436,73.38742180142849,72.11431838533841,72.50096130371094,1943100,0.0,0.0
2023-05-19 00:00:00-04:00,72.85931875214166,73.10450412780297,71.78425304399961,72.18032836914062,1848000,0.0,0.0
2023-05-22 00:00:00-04:00,72.27462860580629,73.01019909818129,71.96342349139269,72.13317108154297,1457800,0.0,0.0
2023-05-23 00:00:00-04:00,72.04830050562941,72.92532851766335,71.75595303839908,71.8313980102539,1638000,0.0,0.0
2023-05-24 00:00:00-04:00,71.78425351837448,72.03887131626809,69.89817230638721,70.00190734863281,1925900,0.0,0.0
2023-05-25 00:00:00-04:00,70.2753817782534,70.2753817782534,68.34215288077658,69.42665100097656,1889200,0.0,0.0
2023-05-26 00:00:00-04:00,69.69070676372088,69.7850093915003,68.70051118496382,69.35121154785156,1569000,0.0,0.0
2023-05-30 00:00:00-04:00,69.13429377409305,69.92645150127453,68.68163838269882,68.96454620361328,1924000,0.0,0.0
2023-05-31 00:00:00-04:00,69.36064679330313,70.57716297240141,69.07773170361587,70.36026763916016,7307300,0.0,0.0
2023-06-01 00:00:00-04:00,69.86045721623165,70.83178799208586,69.10602177361868,70.36026763916016,1906400,0.0,0.0
2023-06-02 00:00:00-04:00,71.3315957130396,72.39722908014784,70.93552035834408,71.44476318359375,2002200,0.0,0.0
2023-06-05 00:00:00-04:00,71.52964602964697,71.90686380331903,71.11471295395525,71.75597381591797,1460000,0.0,0.0
2023-06-06 00:00:00-04:00,72.30292704884295,74.18900840466927,72.08603172202739,74.17015075683594,2382600,0.0,0.0
2023-06-07 00:00:00-04:00,74.90571675170817,76.13167243592314,74.3870415326567,75.83932495117188,2588100,0.0,0.0
2023-06-08 00:00:00-04:00,75.31122643758837,75.92420429541598,74.5379333969713,75.25464630126953,3036500,0.0,0.0
2023-06-09 00:00:00-04:00,75.46209772309544,76.52773809389844,75.01887473128804,76.48058319091797,2344100,0.0,0.0
2023-06-12 00:00:00-04:00,76.4240159710919,77.15958653492434,76.22597829581619,77.15015411376953,2834300,0.0,0.0
2023-06-13 00:00:00-04:00,77.09356791744054,77.90458339711245,76.85780777090403,77.28217315673828,2332700,0.0,0.0
2023-06-14 00:00:00-04:00,77.81028122568725,78.19692412692346,76.72578310640633,76.8955307006836,3196300,0.0,0.0
2023-06-15 00:00:00-04:00,76.86722950310266,76.86722950310266,74.88684598652954,75.5846939086914,4333700,0.0,0.0
2023-06-16 00:00:00-04:00,75.93363050190642,77.30104377084153,75.42439487880422,75.82990264892578,11642800,0.0,0.0
2023-06-20 00:00:00-04:00,75.45269041398204,75.71674066578191,74.13243196015293,74.70768737792969,2655200,0.0,0.0
2023-06-21 00:00:00-04:00,74.22673344369726,74.61338358843517,73.56660782442476,74.49078369140625,2456100,0.0,0.0
2023-06-22 00:00:00-04:00,74.7265450406579,74.8585701665825,72.8970509264901,73.99097442626953,1625900,0.0,0.0
2023-06-23 00:00:00-04:00,73.48172087613293,74.06640863071932,71.53905956757004,71.93513488769531,3670700,0.0,0.0
2023-06-26 00:00:00-04:00,72.18976307887895,75.1414776595957,72.07659561318056,75.0377426147461,2283600,0.0,0.0
2023-06-27 00:00:00-04:00,75.47153248001021,76.36742530058858,74.66994946831355,76.1410903930664,1604400,0.0,0.0
2023-06-28 00:00:00-04:00,75.79217198843192,75.98077722148297,75.10374921762148,75.49982452392578,1964000,0.0,0.0
2023-06-29 00:00:00-04:00,75.27350228858668,75.94306026796879,74.95287193007792,75.81103515625,1891800,0.0,0.0
2023-06-30 00:00:00-04:00,76.3014194678331,76.59375975558102,74.91514861525097,76.28255462646484,4238300,0.0,0.0
2023-07-03 00:00:00-04:00,75.77332060931903,77.11243670842877,75.77332060931903,76.82952880859375,968900,0.0,0.0
2023-07-05 00:00:00-04:00,76.7446507972965,77.75370407456298,76.09395759642445,76.55604553222656,3081400,0.0,0.0
2023-07-06 00:00:00-04:00,75.49040809484494,75.84876095732884,73.92495713776565,75.71673583984375,1831000,0.0,0.0
2023-07-07 00:00:00-04:00,75.02830845157395,75.8676140169,74.90571576270266,75.26406860351562,1427700,0.0,0.0
2023-07-10 00:00:00-04:00,75.03774780726732,75.30179805067317,73.85894693861299,74.66053009033203,1710400,0.0,0.0
2023-07-11 00:00:00-04:00,75.15089880145257,76.33912463622069,75.00944128926743,76.29197692871094,2501700,0.0,0.0
2023-07-12 00:00:00-04:00,77.42362572003135,77.54622559306088,75.11317931002668,75.1509017944336,2254400,0.0,0.0
2023-07-13 00:00:00-04:00,75.150916555915,76.2825625310925,74.82084655122773,76.2542724609375,1866900,0.0,0.0
2023-07-14 00:00:00-04:00,75.45267513564666,75.74501539882516,74.62279486108325,75.42438507080078,2114600,0.0,0.0
2023-07-17 00:00:00-04:00,75.43381731641696,75.49982987214383,74.70767920342129,74.7642593383789,1199400,0.0,0.0
2023-07-18 00:00:00-04:00,74.9528661290804,74.9528661290804,73.46286033234043,74.12298583984375,1828500,0.0,0.0
2023-07-19 00:00:00-04:00,74.50020899722128,75.87704743936007,74.29273890960069,75.83932495117188,1857000,0.0,0.0
2023-07-20 00:00:00-04:00,75.94305714471227,77.37648286274897,75.4432467859281,77.33876037597656,1557100,0.0,0.0
2023-07-21 00:00:00-04:00,77.56508582350747,78.52698402605014,77.1218556104863,77.62166595458984,1531400,0.0,0.0
2023-07-24 00:00:00-04:00,77.59337352196879,78.25350620871501,77.51792855294151,77.9611587524414,1202600,0.0,0.0
2023-07-25 00:00:00-04:00,78.11204713388912,78.91363012805233,77.8857122313177,78.21578216552734,1708700,0.0,0.0
2023-07-26 00:00:00-04:00,78.10262005917201,79.19655057864578,77.62166735182898,78.49869537353516,1608500,0.0,0.0
2023-07-27 00:00:00-04:00,78.99850680941267,79.11167426999408,76.56546756295636,76.59375762939453,1487200,0.0,0.0
2023-07-28 00:00:00-04:00,77.30103955308526,77.58394741772479,75.91476871238218,76.39572143554688,1198400,0.0,0.0
2023-07-31 00:00:00-04:00,76.76351415516497,77.48022709925424,76.14110384178572,77.47079467773438,1910800,0.0,0.0
2023-08-01 00:00:00-04:00,77.12186048966487,80.38478016036828,76.90496517690808,79.78123474121094,2401300,0.0,0.0
2023-08-02 00:00:00-04:00,79.6869186603561,80.13014882656246,78.53640815101048,78.80989074707031,1582500,0.0,0.0
2023-08-03 00:00:00-04:00,78.5081369280993,79.15883730228123,76.80123559272869,79.01737976074219,2184000,0.0,0.0
2023-08-04 00:00:00-04:00,78.63073144043504,79.50775958440997,77.33877027849267,77.68769073486328,1737500,0.0,0.0
2023-08-07 00:00:00-04:00,77.98946741498403,80.2339090123855,77.98946741498403,79.9604263305664,1639800,0.0,0.0
2023-08-08 00:00:00-04:00,79.00795226488434,80.75257619975108,78.5364318935782,80.43194580078125,1512800,0.0,0.0
2023-08-09 00:00:00-04:00,79.87552412782215,81.13920208622477,79.47944886116385,80.60166931152344,1994000,0.0,0.0
2023-08-10 00:00:00-04:00,80.94117795580999,81.46927839945411,79.83782215969826,80.11129760742188,1420400,0.0,0.0
2023-08-11 00:00:00-04:00,79.93212209973396,80.85629784509283,79.12110662002712,79.46060180664062,1872500,0.0,0.0
2023-08-14 00:00:00-04:00,79.08064511383803,80.40103008009916,78.83366449324846,80.0590591430664,1803500,0.61,0.0
2023-08-15 00:00:00-04:00,79.65059387147782,80.42003209969862,78.87166168476661,79.09963989257812,1600800,0.0,0.0
2023-08-16 00:00:00-04:00,79.17562537518045,79.91655989555578,78.67217023940212,79.08063507080078,2216000,0.0,0.0
2023-08-17 00:00:00-04:00,79.32762321409102,80.07805901055414,77.67476132184728,77.69376373291016,1883100,0.0,0.0
2023-08-18 00:00:00-04:00,76.87682623614819,77.64625711874926,76.55385050633208,77.13330078125,2170100,0.0,0.0
2023-08-21 00:00:00-04:00,77.13330338831258,77.60826217086942,76.10739792593468,76.29737854003906,2207300,0.0,0.0
2023-08-22 00:00:00-04:00,76.5823545646118,76.61085093120013,75.64193098342285,75.85091400146484,1642900,0.0,0.0
2023-08-23 00:00:00-04:00,76.14539396806828,77.08581030939025,75.84141339593636,76.94332122802734,1641800,0.0,0.0
2023-08-24 00:00:00-04:00,76.87683330792878,78.02623275892324,76.2498841997702,76.33538055419922,1537700,0.0,0.0
2023-08-25 00:00:00-04:00,76.53485581838814,77.49427456190874,76.38287278075967,76.97181701660156,1388700,0.0,0.0
2023-08-28 00:00:00-04:00,77.09532434265144,78.13073116140707,77.09532434265144,77.21881103515625,767900,0.0,0.0
2023-08-29 00:00:00-04:00,77.21878820465963,78.97613398819023,76.94331128224536,78.90013885498047,1492900,0.0,0.0
2023-08-30 00:00:00-04:00,78.88115421396536,79.20412270223183,78.31120513348021,78.7576675415039,1381900,0.0,0.0
2023-08-31 00:00:00-04:00,78.86215964335197,79.2326341921529,78.48219838345771,78.72917175292969,3081800,0.0,0.0
2023-09-01 00:00:00-04:00,79.14711906157274,79.5650850450691,78.1307077131296,78.50117492675781,1311900,0.0,0.0
2023-09-05 00:00:00-04:00,78.52020332996436,78.85267308723057,76.38288842958524,76.81034851074219,1611300,0.0,0.0
2023-09-06 00:00:00-04:00,77.1523053157259,78.42519136631782,76.80083320980481,77.8742446899414,1987900,0.0,0.0
2023-09-07 00:00:00-04:00,78.09272705882421,79.08064225821197,77.8742500636238,78.41570281982422,1388100,0.0,0.0
2023-09-08 00:00:00-04:00,78.4157042670464,78.89066308817375,77.97873577398832,78.46319580078125,1151000,0.0,0.0
2023-09-11 00:00:00-04:00,78.87164105443692,79.71706696592715,78.63416170295551,79.54608154296875,1669600,0.0,0.0
2023-09-12 00:00:00-04:00,79.0426365488783,80.12554194983196,79.02364138714911,79.40360260009766,1761100,0.0,0.0
2023-09-13 00:00:00-04:00,79.37511381525118,79.95456414182732,78.26371194190206,78.44419860839844,1849600,0.0,0.0
2023-09-14 00:00:00-04:00,79.42261478529889,80.56251305904647,79.41311357961699,80.27754211425781,2842700,0.0,0.0
2023-09-15 00:00:00-04:00,79.90705190710273,80.89496684323073,79.62207379670824,80.14453125,7623000,0.0,0.0
2023-09-18 00:00:00-04:00,80.29653744922656,80.98047931384939,79.53660768087626,80.54351806640625,2163100,0.0,0.0
2023-09-19 00:00:00-04:00,80.72398434436867,80.9899600584607,79.54608154296875,79.54608154296875,2371400,0.0,0.0
2023-09-20 00:00:00-04:00,80.60050528872058,82.37685377400402,80.00205982178895,80.98997497558594,2117500,0.0,0.0
2023-09-21 00:00:00-04:00,80.70498193776515,81.0659479429908,79.36560216400325,79.54608154296875,2532500,0.0,0.0
2023-09-22 00:00:00-04:00,79.47959068629923,80.14453724452387,78.5581696073717,78.6816635131836,2537200,0.0,0.0
2023-09-25 00:00:00-04:00,78.26370655290673,79.2041229004252,78.14971383760614,79.02364349365234,1336800,0.0,0.0
2023-09-26 00:00:00-04:00,78.4536926512216,78.66267568690698,76.97182348515626,77.02881622314453,1788700,0.0,0.0
2023-09-27 00:00:00-04:00,77.46578229962851,78.45369021479448,76.01240230039662,76.18338775634766,2579500,0.0,0.0
2023-09-28 00:00:00-04:00,76.84832489331049,77.59876056546604,76.32586738507081,76.43035888671875,2146100,0.0,0.0
2023-09-29 00:00:00-04:00,79.32760263117487,80.03053946488811,77.32327637458522,77.81723022460938,4353400,0.0,0.0
2023-10-02 00:00:00-04:00,77.42777389700663,80.2680250622753,76.62983946507224,77.63675689697266,5079500,0.0,0.0
2023-10-03 00:00:00-04:00,76.80083320017162,77.31378955173706,74.45453566973741,75.33795928955078,3277500,0.0,0.0
2023-10-04 00:00:00-04:00,75.77493343208613,77.64627250243674,75.57545158030774,77.56078338623047,2970100,0.0,0.0
2023-10-05 00:00:00-04:00,77.43726628214044,79.07112543348921,77.43726628214044,78.84314727783203,3116900,0.0,0.0
2023-10-06 00:00:00-04:00,78.08323429761774,78.74818105521226,76.51587584515998,77.39929962158203,3837600,0.0,0.0
2023-10-09 00:00:00-04:00,76.7818456530186,78.2732160787578,76.75334928298801,78.00724029541016,2464700,0.0,0.0
2023-10-10 00:00:00-04:00,77.97872754332693,80.220533522209,77.97872754332693,79.47959899902344,2435600,0.0,0.0
2023-10-11 00:00:00-04:00,80.13503563890184,81.64540088642121,79.9260526430022,81.51241302490234,3409700,0.0,0.0
2023-10-12 00:00:00-04:00,80.55301559423097,81.13246591156349,80.08755075093359,80.74299621582031,2703400,0.0,0.0
2023-10-13 00:00:00-04:00,81.29394763435604,81.38893794219413,80.35352401905999,80.88548278808594,2727100,0.0,0.0
2023-10-16 00:00:00-04:00,81.47442298132287,81.67391203931756,80.29652727883,81.37943267822266,2356400,0.0,0.0
2023-10-17 00:00:00-04:00,81.00896783561599,82.61433082081373,80.80948601897596,82.22486114501953,2182700,0.0,0.0
2023-10-18 00:00:00-04:00,81.7499062339981,82.14887713344115,80.63850438274767,81.46493530273438,1689800,0.0,0.0
2023-10-19 00:00:00-04:00,80.93297246864633,81.42693365378847,79.55559491823402,79.71707916259766,3790600,0.0,0.0
2023-10-20 00:00:00-04:00,79.85956882438356,80.53400942099967,79.42260761730675,79.68858337402344,2596800,0.0,0.0
2023-10-23 00:00:00-04:00,78.9476566677401,79.3561215481484,78.59618452733874,78.83366394042969,3080800,0.0,0.0
2023-10-24 00:00:00-04:00,79.47959862755512,80.36302222736953,79.33710954746331,80.06855010986328,3474000,0.0,0.0
2023-10-25 00:00:00-04:00,79.51759341891926,80.0305497409402,78.38718926961596,78.52967834472656,3161200,0.0,0.0
2023-10-26 00:00:00-04:00,78.85266055347876,79.79307693092173,78.81466298050279,78.88115692138672,2602400,0.0,0.0
2023-10-27 00:00:00-04:00,79.29910844228797,79.60308172308513,77.21878699875121,77.2757797241211,2481000,0.0,0.0
2023-10-30 00:00:00-04:00,78.1307108979565,78.61517083063934,76.75333348317196,77.76974487304688,5863600,0.0,0.0
2023-10-31 00:00:00-04:00,79.53660777794462,81.36044792096702,78.40620345879697,79.42261505126953,4149300,0.0,0.0
2023-11-01 00:00:00-04:00,79.6410935144517,81.18946394588521,78.90966010158368,81.1514663696289,2961000,0.0,0.0
2023-11-02 00:00:00-04:00,82.34836184469427,83.65924556794664,81.6929163594199,83.40277099609375,2733300,0.0,0.0
2023-11-03 00:00:00-04:00,84.35267957008348,85.19810559207164,83.8112268678293,84.02020263671875,2553700,0.0,0.0
2023-11-06 00:00:00-05:00,83.65924458182023,84.04871428508703,82.99430514611632,83.72573852539062,1900600,0.0,0.0
2023-11-07 00:00:00-05:00,81.48392215205845,82.43383965394264,81.31293671182748,81.36043548583984,9874000,0.0,0.0
2023-11-08 00:00:00-05:00,81.77840479485779,82.38635874190437,81.1989617115646,82.04438781738281,12513600,0.0,0.0
2023-11-09 00:00:00-05:00,82.48135352312782,82.94681115499324,80.3155423820272,80.40103149414062,2633800,0.0,0.0
2023-11-10 00:00:00-05:00,81.2084396567808,81.86388500742008,80.68598941482772,81.67390441894531,4190400,0.0,0.0
2023-11-13 00:00:00-05:00,81.26252454726767,81.95135331098017,80.72676478711358,81.76957702636719,2581100,0.61,0.0
2023-11-14 00:00:00-05:00,84.04654699833355,84.2761541934065,83.08027274124159,83.17594909667969,3894100,0.0,0.0
2023-11-15 00:00:00-05:00,83.07070058063005,83.89346750099331,82.50624081011095,82.54450988769531,3461700,0.0,0.0
2023-11-16 00:00:00-05:00,82.72629848810392,83.77867273144801,82.62106033386138,83.0133056640625,2340700,0.0,0.0
2023-11-17 00:00:00-05:00,83.68299465927895,83.97957089888291,82.78368954682755,83.7021255493164,2196700,0.0,0.0
2023-11-20 00:00:00-05:00,83.74996572984215,85.22329246676777,83.50122035891167,84.71623992919922,2897400,0.0,0.0
2023-11-21 00:00:00-05:00,84.32398106425842,85.2806860977073,84.04653572866863,84.89800262451172,2032700,0.0,0.0
2023-11-22 00:00:00-05:00,85.57727005082394,85.62510822644869,84.084812399566,84.8597412109375,1674500,0.0,0.0
2023-11-24 00:00:00-05:00,84.83103216480296,85.83557535298591,84.28571059669567,85.73990631103516,920000,0.0,0.0
2023-11-27 00:00:00-05:00,85.72077100535112,86.70617603882778,85.48159474289251,86.21826171875,2336300,0.0,0.0
2023-11-28 00:00:00-05:00,85.5390052052443,86.22782673563405,85.09891444268672,85.44332885742188,2676800,0.0,0.0
2023-11-29 00:00:00-05:00,85.84515848015995,85.98865841700423,84.18048622195396,84.38139343261719,2534500,0.0,0.0
2023-11-30 00:00:00-05:00,84.38138795069668,85.35723125232856,83.69256640135039,85.24242401123047,6975000,0.0,0.0
2023-12-01 00:00:00-05:00,85.2328542522377,86.4957119972343,84.67797083895577,85.58683776855469,3281600,0.0,0.0
2023-12-04 00:00:00-05:00,84.92670071412837,86.08432020198167,84.42921731942216,85.93124389648438,3011700,0.0,0.0
2023-12-05 00:00:00-05:00,85.63467886103555,86.25653865993385,85.45290254929026,85.98865509033203,3330300,0.0,0.0
2023-12-06 00:00:00-05:00,86.10346338911641,86.41917783998929,83.49165512138423,83.63516235351562,3717200,0.0,0.0
2023-12-07 00:00:00-05:00,83.8839058199917,83.96044398192441,83.18550786574716,83.72126770019531,2512300,0.0,0.0
2023-12-08 00:00:00-05:00,83.23335127325304,84.22832554367363,83.05157495200773,83.92218017578125,2072800,0.0,0.0
2023-12-11 00:00:00-05:00,83.79779737695324,84.36225718936646,83.50122112751285,84.25701904296875,2220000,0.0,0.0
2023-12-12 00:00:00-05:00,84.5057690497312,85.19459793698331,84.05611645393711,84.76407623291016,2140700,0.0,0.0
2023-12-13 00:00:00-05:00,84.89801561026499,87.40458580896761,84.41966302037314,86.91666412353516,2712700,0.0,0.0
2023-12-14 00:00:00-05:00,88.00730177381959,89.3753903847209,87.03146576491386,87.89250183105469,5067600,0.0,0.0
2023-12-15 00:00:00-05:00,87.87335023510039,88.3038718520301,85.91210942157511,86.85924530029297,7153000,0.0,0.0
2023-12-18 00:00:00-05:00,88.46651302540808,88.46651302540808,85.51029076292592,86.23738861083984,3144900,0.0,0.0
2023-12-19 00:00:00-05:00,86.47655892674462,87.12711857778797,86.17998273110467,86.38088989257812,2124700,0.0,0.0
2023-12-20 00:00:00-05:00,86.07475540017184,86.4287316008951,84.65882870003773,84.69709777832031,3196600,0.0,0.0
2023-12-21 00:00:00-05:00,85.53900397056748,86.07475647505326,84.35268442623402,86.05561828613281,2097200,0.0,0.0
2023-12-22 00:00:00-05:00,86.42873083873312,87.25149776685227,85.87384745622974,86.065185546875,2187700,0.0,0.0
2023-12-26 00:00:00-05:00,86.06518841296659,86.81141721004599,85.62510495056286,86.54354095458984,1008400,0.0,0.0
2023-12-27 00:00:00-05:00,86.5052652518824,87.12712496819454,86.28522718706857,87.10799407958984,1332600,0.0,0.0
2023-12-28 00:00:00-05:00,86.82099657246368,87.37588733814987,86.61052026140469,87.21324920654297,1318300,0.0,0.0
2023-12-29 00:00:00-05:00,86.70616616056827,87.25148768488332,86.16084463625323,86.26608276367188,2331400,0.0,0.0
2024-01-02 00:00:00-05:00,86.40003027944945,86.70617560189051,85.90254686763781,86.33306121826172,1906300,0.0,0.0
2024-01-03 00:00:00-05:00,85.91212834477967,86.38091184066188,84.91715407866549,85.06066131591797,2079200,0.0,0.0
2024-01-04 00:00:00-05:00,85.08935569503934,85.58683914576505,84.48662679812301,84.8597412109375,1824900,0.0,0.0
2024-01-05 00:00:00-05:00,84.98410639980611,85.49115887895833,84.09437046309829,84.6875228881836,3072400,0.0,0.0
2024-01-08 00:00:00-05:00,84.6588187675068,85.9312380995657,84.47704979084088,85.92166900634766,1787200,0.0,0.0
2024-01-09 00:00:00-05:00,85.07021387762234,86.3043643054905,84.80233762334035,85.7112045288086,1731700,0.0,0.0
2024-01-10 00:00:00-05:00,85.83559034368251,87.11757178768937,85.71121399825289,86.80186462402344,1881700,0.0,0.0
2024-01-11 00:00:00-05:00,86.69661837489815,87.06016368348986,85.86428231421115,86.0843276977539,1505100,0.0,0.0
2024-01-12 00:00:00-05:00,86.63920918674644,88.12210497143826,86.63920918674644,87.94989776611328,1937000,0.0,0.0
2024-01-16 00:00:00-05:00,87.79681683135563,88.23690756553832,87.27063344766077,87.36630249023438,2243500,0.0,0.0
2024-01-17 00:00:00-05:00,86.09387848388769,87.56720501832321,84.24743759387665,85.759033203125,2005200,0.0,0.0
2024-01-18 00:00:00-05:00,85.76860931348939,86.23739274490922,84.48662074915647,85.15631866455078,2284200,0.0,0.0
2024-01-19 00:00:00-05:00,85.97910676011821,86.30438305410007,84.65884879280294,85.95996856689453,1946600,0.0,0.0
2024-01-22 00:00:00-05:00,86.03648377682073,86.68704349021954,85.02237877911207,85.08934783935547,2170800,0.0,0.0
2024-01-23 00:00:00-05:00,85.0989110612381,85.711201707753,83.71169166190154,84.24744415283203,2408400,0.0,0.0
2024-01-24 00:00:00-05:00,86.05562772782055,86.05562772782055,83.27161945903943,83.35771942138672,1943000,0.0,0.0
2024-01-25 00:00:00-05:00,84.65883710304573,84.95542066440373,83.09941032841787,83.4438247680664,1790700,0.0,0.0
2024-01-26 00:00:00-05:00,83.67342200279558,83.98913641807776,83.02286228300815,83.60645294189453,1293300,0.0,0.0
2024-01-29 00:00:00-05:00,83.50122661767253,83.92217923094076,82.72629776059351,83.39598846435547,1580900,0.0,0.0
2024-01-30 00:00:00-05:00,83.30987378806046,83.52991185225626,82.59234503258031,83.16636657714844,2878000,0.0,0.0
2024-01-31 00:00:00-05:00,83.73083145966704,84.20918403434291,82.70715724182395,82.76456451416016,2766500,0.0,0.0
2024-02-01 00:00:00-05:00,82.5732233164913,84.48663371278829,81.9035325974199,84.41010284423828,4542600,0.0,0.0
2024-02-02 00:00:00-05:00,83.40554858755753,84.68752988230239,81.70261472482818,84.12307739257812,3900300,0.0,0.0
2024-02-05 00:00:00-05:00,83.08984076138084,83.64473149978429,82.32448102134808,82.76456451416016,2726400,0.0,0.0
2024-02-06 00:00:00-05:00,82.68802235575282,83.86477284420198,82.58278421048173,82.78369140625,2821200,0.0,0.0
2024-02-07 00:00:00-05:00,82.9941616798456,83.62559050569455,81.9226494143505,83.00373077392578,2645100,0.0,0.0
2024-02-08 00:00:00-05:00,82.84108881640965,83.64472487372585,82.23836724773285,83.2142105102539,2161900,0.0,0.0
2024-02-09 00:00:00-05:00,83.06113293679016,83.88389987151972,82.49668045549541,83.8647689819336,2124100,0.0,0.0
2024-02-12 00:00:00-05:00,83.95086720200527,84.25701252263057,83.31943837248298,83.75952911376953,1916300,0.0,0.0
2024-02-13 00:00:00-05:00,82.40101770837896,83.5586301450007,81.7026269874899,83.49166107177734,2552600,0.0,0.0
2024-02-14 00:00:00-05:00,85.71120890990778,90.53300363068945,85.71120890990778,89.32756042480469,5693800,0.0,0.0
2024-02-15 00:00:00-05:00,89.59542623617358,90.28425501576132,88.6004521433335,89.68152618408203,3125100,0.0,0.0
2024-02-16 00:00:00-05:00,88.9735771277086,90.27469668898651,88.80136991227238,89.09794616699219,3102200,0.0,0.0
2024-02-20 00:00:00-05:00,88.59088663757187,89.72936798878396,87.98816508056093,88.79179382324219,3622600,0.0,0.0
2024-02-21 00:00:00-05:00,89.08836726108207,90.42774834714902,88.63871476829696,90.16944122314453,3004700,0.0,0.0
2024-02-22 00:00:00-05:00,90.81463364555722,91.0264810718846,89.48578253490837,90.3427963256836,2609100,0.61,0.0
2024-02-23 00:00:00-05:00,90.68944132659486,90.93017566783698,89.85168317428584,89.94798278808594,2007200,0.0,0.0
2024-02-26 00:00:00-05:00,89.93835353672897,90.13093807573766,88.33024986145571,88.45542907714844,2270000,0.0,0.0
2024-02-27 00:00:00-05:00,89.10058813561886,89.67834905240193,88.50357170514876,88.7057876586914,2707400,0.0,0.0
2024-02-28 00:00:00-05:00,88.53246583140361,89.65910081252588,88.41691070002085,88.45542907714844,3651000,0.0,0.0
2024-02-29 00:00:00-05:00,88.86948768065729,89.56280373850304,88.03172955298885,88.74430847167969,8932800,0.0,0.0
2024-03-01 00:00:00-05:00,88.46505878238415,89.37021491402307,87.82951659212046,89.28355407714844,2556900,0.0,0.0
2024-03-04 00:00:00-05:00,89.21615901141938,90.22723895766913,87.67546051239836,89.93836212158203,2521500,0.0,0.0
2024-03-05 00:00:00-05:00,89.74575444311043,90.2753729027916,87.89691656925213,88.15691375732422,2457200,0.0,0.0
2024-03-06 00:00:00-05:00,89.03319117770212,89.35096228309052,88.14729053234294,88.65764617919922,1809300,0.0,0.0
2024-03-07 00:00:00-05:00,89.30281454892919,89.70725385001388,88.0702558229918,88.6287612915039,2102400,0.0,0.0
2024-03-08 00:00:00-05:00,88.88874872051099,88.93689852898798,88.21469548160879,88.59024047851562,3137900,0.0,0.0
2024-03-11 00:00:00-04:00,88.36875782208124,89.37021355272087,88.10876796878844,89.26428985595703,2170500,0.0,0.0
2024-03-12 00:00:00-04:00,89.11023341462848,90.10205782279668,88.88875456634956,89.41837310791016,1743600,0.0,0.0
2024-03-13 00:00:00-04:00,89.45688065513076,89.77465174158667,88.79245153738276,89.24503326416016,2334200,0.0,0.0
2024-03-14 00:00:00-04:00,88.59022994846124,88.7346720100942,87.42507671877797,88.30134582519531,2517100,0.0,0.0
2024-03-15 00:00:00-04:00,87.90655106142285,88.74430919592828,87.742853476048,87.96432495117188,6279900,0.0,0.0
2024-03-18 00:00:00-04:00,88.47468819942775,89.3317019222258,88.13766156910765,88.8791275024414,2074100,0.0,0.0
2024-03-19 00:00:00-04:00,89.32206801490426,90.34277922495028,88.90800467272221,90.18871307373047,2686400,0.0,0.0
2024-03-20 00:00:00-04:00,89.91909358986629,90.24649613274998,88.88875084484651,89.54354858398438,2212500,0.0,0.0
2024-03-21 00:00:00-04:00,89.89983324093303,90.06353083025968,87.93544012912618,89.64946746826172,3810100,0.0,0.0
2024-03-22 00:00:00-04:00,89.9287278122925,90.20798055421578,88.59024534534858,88.66728210449219,1659600,0.0,0.0
2024-03-25 00:00:00-04:00,88.99467040479847,89.27392312505137,87.85840400881008,87.88729095458984,1761900,0.0,0.0
2024-03-26 00:00:00-04:00,88.15691176139502,88.9272571847472,87.61766188375717,87.63692474365234,1776400,0.0,0.0
2024-03-27 00:00:00-04:00,88.44579319292636,89.43761747747793,87.76210856325129,89.36058807373047,3077200,0.0,0.0
2024-03-28 00:00:00-04:00,89.87095160073986,90.1309414728638,89.49540659287776,89.97687530517578,3519500,0.0,0.0
2024-04-01 00:00:00-04:00,89.97687586494568,90.0635367073163,88.40728315124639,88.58061218261719,2198600,0.0,0.0
2024-04-02 00:00:00-04:00,88.19542485722901,88.5902326814302,87.53100310782578,87.60803985595703,2582000,0.0,0.0
2024-04-03 00:00:00-04:00,87.81988563222735,88.46505925670157,87.29990591493343,87.88729095458984,1974800,0.0,0.0
2024-04-04 00:00:00-04:00,88.7057857830487,89.01392542192612,86.77027977345357,87.08805084228516,1787400,0.0,0.0
2024-04-05 00:00:00-04:00,87.08806140589253,88.60949692491832,87.08806140589253,88.35913848876953,1728100,0.0,0.0
2024-04-08 00:00:00-04:00,88.08951513828707,88.65764466857759,87.91618611526756,88.38802337646484,1807500,0.0,0.0
2024-04-09 00:00:00-04:00,88.37839307582371,88.59987190953689,87.61767165098875,88.59024047851562,2019000,0.0,0.0
2024-04-10 00:00:00-04:00,86.5873427726649,87.31917736805829,86.14439238105666,86.85696411132812,4559400,0.0,0.0
2024-04-11 00:00:00-04:00,87.25175568273811,87.86803501180289,86.47177876396562,87.0206527709961,2312300,0.0,0.0
2024-04-12 00:00:00-04:00,86.94361927677166,87.26139038396988,86.0673427108546,86.46215057373047,1808400,0.0,0.0
2024-04-15 00:00:00-04:00,87.07843038279344,87.22287246378956,85.05626328873605,85.79772186279297,1548000,0.0,0.0
2024-04-16 00:00:00-04:00,85.41254757552669,85.88439220841394,84.61331508763747,85.03700256347656,1911100,0.0,0.0
2024-04-17 00:00:00-04:00,85.08515559542869,87.6658283137012,85.03700578318704,86.37548828125,3175900,0.0,0.0
2024-04-18 00:00:00-04:00,86.4236322665343,87.54064318488498,86.06734278120602,87.44434356689453,1879100,0.0,0.0
2024-04-19 00:00:00-04:00,88.02210824675655,88.58060633619687,87.40582157295745,87.93544006347656,1901600,0.0,0.0
2024-04-22 00:00:00-04:00,88.33025392820686,88.47468866579858,87.39620344308932,88.2146987915039,1940500,0.0,0.0
2024-04-23 00:00:00-04:00,88.39764704599298,89.59168724049584,88.022102086862,89.48576354980469,2379000,0.0,0.0
2024-04-24 00:00:00-04:00,88.78282774757194,90.51611805319993,88.50358235903755,90.22723388671875,2692300,0.0,0.0
2024-04-25 00:00:00-04:00,89.72651249018283,90.6316760502108,89.29319357341143,90.51612091064453,2477900,0.0,0.0
2024-04-26 00:00:00-04:00,90.80498720433864,91.46940892277057,90.47758471335668,90.84349822998047,1857200,0.0,0.0
2024-04-29 00:00:00-04:00,91.56571154575872,92.27829049348067,91.11313715026503,92.23014068603516,2607900,0.0,0.0
2024-04-30 00:00:00-04:00,91.0168380187423,94.55082379041707,91.0168380187423,91.74867248535156,3879100,0.0,0.0
2024-05-01 00:00:00-04:00,91.49829723658291,92.4901288074895,90.65091507382539,90.86276245117188,2283500,0.0,0.0
2024-05-02 00:00:00-04:00,91.47905354853393,92.62495141232644,90.24649484460384,92.51902770996094,3129100,0.0,0.0
2024-05-03 00:00:00-04:00,93.366412721581,93.60714708008754,91.15166103129859,92.259033203125,2557300,0.0,0.0
2024-05-06 00:00:00-04:00,92.92345580043686,93.2604824091437,92.3071764740503,93.19307708740234,1605800,0.0,0.0
2024-05-07 00:00:00-04:00,93.88639587978247,94.32934619926081,93.31826634391764,93.8478775024414,1836400,0.0,0.0
2024-05-08 00:00:00-04:00,94.17527555963156,95.00340226652386,93.6167701346802,94.75303649902344,2293600,0.0,0.0
2024-05-09 00:00:00-04:00,95.16709982275808,95.65819258044193,94.25230493459668,95.48487091064453,2253000,0.0,0.0
2024-05-10 00:00:00-04:00,95.8142960491816,96.29874491479264,95.27171568517022,95.75616455078125,1763500,0.61,0.0
2024-05-13 00:00:00-04:00,96.00806367114124,96.57971712306168,95.30077253298998,96.38594055175781,2091000,0.0,0.0
2024-05-14 00:00:00-04:00,96.66692512404336,97.20951288988249,95.59145542384623,95.74647521972656,2721800,0.0,0.0
2024-05-15 00:00:00-04:00,97.27734350614159,97.95556902957303,96.21155737270486,97.85868072509766,2632600,0.0,0.0
2024-05-16 00:00:00-04:00,98.27530062025272,98.59503865687459,97.67458134466949,97.81022644042969,2326300,0.0,0.0
2024-05-17 00:00:00-04:00,98.35280711318835,98.71129452947987,97.75208788098507,98.1396484375,1913200,0.0,0.0
2024-05-20 00:00:00-04:00,97.86836203135438,98.97290485505579,97.6552033474641,97.70364379882812,1800700,0.0,0.0
2024-05-21 00:00:00-04:00,97.68427620414279,98.18809980918425,97.24827514962813,97.95556640625,1472900,0.0,0.0
2024-05-22 00:00:00-04:00,97.9167946235115,99.46703678479268,97.26763496893393,98.70160675048828,2274300,0.0,0.0
2024-05-23 00:00:00-04:00,98.7888085831665,98.8275653782103,96.66692025516144,96.85101318359375,2129800,0.0,0.0
2024-05-24 00:00:00-04:00,97.51956073208481,98.21716829994442,96.96728930621317,97.73271942138672,1936700,0.0,0.0
2024-05-28 00:00:00-04:00,98.28498264163831,98.58533855579492,97.51955259036902,97.69395446777344,2738000,0.0,0.0
2024-05-29 00:00:00-04:00,97.26762515908183,97.78113968157255,96.84130786851516,97.50984954833984,2075900,0.0,0.0
2024-05-30 00:00:00-04:00,97.92648911260277,99.03103188648089,97.81990977546516,98.972900390625,1672500,0.0,0.0
2024-05-31 00:00:00-04:00,99.66082808374146,100.81381882871999,98.87602323291262,100.44563293457031,7068500,0.0,0.0
2024-06-03 00:00:00-04:00,100.53283668539241,101.15293067916278,100.10651929263648,100.82350158691406,3030100,0.0,0.0
2024-06-04 00:00:00-04:00,100.67816487869288,101.74395088428281,100.19371602232447,101.24011993408203,2039200,0.0,0.0
2024-06-05 00:00:00-04:00,101.13353960613101,102.4028006240442,100.85255838513046,101.74394989013672,2202900,0.0,0.0
2024-06-06 00:00:00-04:00,101.39514923095703,101.9764863923025,100.9882139572255,101.39514923095703,1666300,0.0,0.0
2024-06-07 00:00:00-04:00,100.5909669875076,100.92039607582716,99.9224251554057,100.5812759399414,1967200,0.0,0.0
2024-06-10 00:00:00-04:00,101.29826213871783,101.9764876029891,100.23246870614422,100.30998229980469,2268000,0.0,0.0
2024-06-11 00:00:00-04:00,99.65113636769044,100.88164070235408,99.1860695673935,100.2421646118164,2346500,0.0,0.0
2024-06-12 00:00:00-04:00,101.9958657185787,101.9958657185787,99.40891042844063,99.67051696777344,2182100,0.0,0.0
2024-06-13 00:00:00-04:00,100.08713291707667,100.84287192184252,99.68988132159059,100.639404296875,1883200,0.0,0.0
2024-06-14 00:00:00-04:00,100.62002237113697,101.22074159258977,99.9708627010509,100.80411529541016,1859500,0.0,0.0
2024-06-17 00:00:00-04:00,100.329371501875,101.08511061334534,100.08714704860355,100.56190490722656,1900300,0.0,0.0
2024-06-18 00:00:00-04:00,100.58126818192329,101.01727658353052,99.74801556598362,100.70722961425781,2172600,0.0,0.0
2024-06-20 00:00:00-04:00,100.44561727910703,100.65877594415949,99.60268105725721,99.82552337646484,3080000,0.0,0.0
2024-06-21 00:00:00-04:00,99.72864724656961,100.1355825337625,98.633795433283,99.13761901855469,17559600,0.0,0.0
2024-06-24 00:00:00-04:00,99.21513122628683,100.6587868061495,98.89539319420554,99.76740264892578,3349700,0.0,0.0
2024-06-25 00:00:00-04:00,99.77709885776606,99.88367081520299,97.33547225824236,97.79085540771484,3136500,0.0,0.0
2024-06-26 00:00:00-04:00,97.39359600999403,98.76943639672268,97.01572648882365,98.66285705566406,2846700,0.0,0.0
2024-06-27 00:00:00-04:00,98.88570297335365,100.35843170743487,98.79850572320446,100.13558197021484,2649600,0.0,0.0
2024-06-28 00:00:00-04:00,100.5425170713034,101.59861947116677,100.07745028715145,101.0075912475586,11688700,0.0,0.0
2024-07-01 00:00:00-04:00,100.99789898987532,101.52110465985383,99.7383363551299,100.76536560058594,2494100,0.0,0.0
2024-07-02 00:00:00-04:00,101.29825460374487,102.68377857092655,100.84287151499176,102.67408752441406,2775500,0.0,0.0
2024-07-03 00:00:00-04:00,102.61596729935161,102.92601429287873,101.8892939652627,102.07337951660156,1204800,0.0,0.0
2024-07-05 00:00:00-04:00,102.218712730305,103.18761048130315,101.47266471456183,103.1682357788086,1626900,0.0,0.0
2024-07-08 00:00:00-04:00,102.48031274265172,102.65471463499966,101.03665715116793,101.17230224609375,3726300,0.0,0.0
2024-07-09 00:00:00-04:00,100.92039744417016,101.78271588666713,100.08714475266243,101.5695571899414,4672100,0.0,0.0
2024-07-10 00:00:00-04:00,101.9571143208902,102.1315162130041,99.71895547341116,101.29826354980469,2448000,0.0,0.0
2024-07-11 00:00:00-04:00,101.70519620981483,102.9163183759942,100.52313979288728,101.39514923095703,3071700,0.0,0.0
2024-07-12 00:00:00-04:00,101.69550896665505,101.72457471699408,100.14527401437896,100.95914459228516,3512500,0.0,0.0
2024-07-15 00:00:00-04:00,101.22075383477329,102.28653993094089,100.86225898943631,102.06369018554688,1811600,0.0,0.0
2024-07-16 00:00:00-04:00,102.68377632434941,103.06164581694055,102.06367502686136,102.64501953125,2181700,0.0,0.0
2024-07-17 00:00:00-04:00,102.69346863955907,103.61392592106942,102.25746761659836,103.46858978271484,2144400,0.0,0.0
2024-07-18 00:00:00-04:00,102.92600642900342,104.2340168520066,102.30590509722346,102.65470886230469,1599300,0.0,0.0
2024-07-19 00:00:00-04:00,103.3426321455174,104.6990830107235,102.5675110293115,104.06930541992188,2100800,0.0,0.0
2024-07-22 00:00:00-04:00,104.04991937127355,105.29010719637941,103.65267517359239,105.25135040283203,1744100,0.0,0.0
2024-07-23 00:00:00-04:00,105.36762514463061,107.18915016413479,105.07695287704567,106.1814956665039,2601600,0.0,0.0
2024-07-24 00:00:00-04:00,106.18150300680165,107.92552194866917,105.67767941920843,106.14275360107422,2224200,0.0,0.0
2024-07-25 00:00:00-04:00,106.66595769328379,108.37121993007283,105.11572265625,105.11572265625,2572600,0.0,0.0
2024-07-26 00:00:00-04:00,105.22230087244469,107.05351714519367,104.87349706886359,106.3656005859375,2104700,0.0,0.0
2024-07-29 00:00:00-04:00,106.86942632563887,108.67157675804035,105.96835110943813,108.17743682861328,3316900,0.0,0.0
2024-07-30 00:00:00-04:00,110.4252808801927,111.74298244891064,107.75112094460592,108.74908447265625,3992200,0.0,0.0
2024-07-31 00:00:00-04:00,108.73939423276363,110.25087230860915,107.78018016884354,107.78987121582031,3178400,0.0,0.0
2024-08-01 00:00:00-04:00,108.90411548638018,109.40793909581309,107.6154796230352,108.89442443847656,1967200,0.0,0.0
2024-08-02 00:00:00-04:00,108.88472094210933,111.05505711396346,108.46809463512957,109.2529067993164,2827000,0.0,0.0
2024-08-05 00:00:00-04:00,108.62313085276641,111.11319785501995,107.29573823122995,107.58641052246094,4104400,0.0,0.0
2024-08-06 00:00:00-04:00,108.15805208811115,112.25649278208957,107.81893935742808,111.38448333740234,3935800,0.0,0.0
2024-08-07 00:00:00-04:00,111.97552133011445,113.78736292386887,111.05507135328364,111.24884796142578,3426100,0.0,0.0
2024-08-08 00:00:00-04:00,111.20039060300714,112.77969865350109,110.81283741986806,112.13053894042969,2543400,0.0,0.0
2024-08-09 00:00:00-04:00,112.6246712644313,114.01019532876593,111.85924116253005,113.74859619140625,2209200,0.0,0.0
2024-08-12 00:00:00-04:00,113.96296899519587,114.78151836311014,112.81310715935004,113.64140319824219,2116900,0.67,0.0
2024-08-13 00:00:00-04:00,114.35276345402939,114.9666773890605,113.59268661497399,114.17736053466797,1740400,0.0,0.0
2024-08-14 00:00:00-04:00,114.07990269874185,115.60005619800353,114.07990269874185,114.5086669921875,2340400,0.0,0.0
2024-08-15 00:00:00-04:00,114.26506106553377,115.45390220014087,112.40384086162514,113.3685531616211,2462300,0.0,0.0
2024-08-16 00:00:00-04:00,113.3490593402383,113.48548299194472,112.38434710759104,112.95927429199219,3472500,0.0,0.0
2024-08-19 00:00:00-04:00,113.03723948777538,114.01169844887688,112.23818343705341,112.5889892578125,1681900,0.0,0.0
2024-08-20 00:00:00-04:00,112.78388159794677,113.85578500172272,112.54026685006441,113.45626068115234,1681900,0.0,0.0
2024-08-21 00:00:00-04:00,113.80706830521842,114.23583264729427,113.3198388017803,113.35881805419922,3016000,0.0,0.0
2024-08-22 00:00:00-04:00,113.52446735565198,114.86921802643771,113.52446735565198,114.81075286865234,1668700,0.0,0.0
2024-08-23 00:00:00-04:00,115.0835924199323,116.44783634095857,114.99589468917102,116.32115936279297,2221100,0.0,0.0
2024-08-26 00:00:00-04:00,116.45758132413586,117.14944622784311,115.83392824376507,116.19447326660156,1399200,0.0,0.0
2024-08-27 00:00:00-04:00,115.6098046729708,117.7048928197357,115.39542252290208,117.18843078613281,2356000,0.0,0.0
2024-08-28 00:00:00-04:00,117.31512025775845,118.37728445039726,117.30537358593637,117.97775268554688,2948800,0.0,0.0
2024-08-29 00:00:00-04:00,117.8997804207852,118.15314181686543,116.86685636415791,117.47102355957031,2011900,0.0,0.0
2024-08-30 00:00:00-04:00,117.83157008403343,118.59164684734738,116.89609041883692,117.59770202636719,7190700,0.0,0.0
2024-09-03 00:00:00-04:00,117.159197332467,119.23479212214657,117.159197332467,118.94245147705078,2888900,0.0,0.0
2024-09-04 00:00:00-04:00,119.1276123458653,121.69043683073946,119.059400513478,121.3006591796875,4334100,0.0,0.0
2024-09-05 00:00:00-04:00,121.98277047762203,122.29459704122236,120.48210281700425,120.8329086303711,2608200,0.0,0.0
2024-09-06 00:00:00-04:00,120.69648213349508,121.64170847312968,119.85844686956325,121.4175796508789,2457000,0.0,0.0
2024-09-09 00:00:00-04:00,121.43707514962665,124.21428162732155,121.29090482247815,124.0778579711914,3460100,0.0,0.0
2024-09-10 00:00:00-04:00,124.6138108581447,125.81239866677643,123.10340390989771,125.72470092773438,2506300,0.0,0.0
2024-09-11 00:00:00-04:00,124.79895132942899,125.49080878222269,123.45419336616521,125.3738784790039,3995000,0.0,0.0
2024-09-12 00:00:00-04:00,124.75996546807305,125.63697248609564,123.80499995770546,125.53953552246094,3055700,0.0,0.0
2024-09-13 00:00:00-04:00,125.75393211493639,126.55298073246702,125.00359455029155,126.43605041503906,2100100,0.0,0.0
2024-09-16 00:00:00-04:00,127.62488982209275,127.95620229639047,125.80265634439176,125.88059997558594,2199400,0.0,0.0
2024-09-17 00:00:00-04:00,125.65648590529402,126.2509064939787,123.8147589779045,124.20454406738281,2110300,0.0,0.0
2024-09-18 00:00:00-04:00,124.37993947920201,125.4323569269171,123.54190418948797,124.40917205810547,2729300,0.0,0.0
2024-09-19 00:00:00-04:00,124.3994344506657,125.17900459278232,121.31039389601739,122.18740844726562,3091300,0.0,0.0
2024-09-20 00:00:00-04:00,120.81341962913508,123.0741640159805,119.90717254023193,122.07046508789062,10565700,0.0,0.0
2024-09-23 00:00:00-04:00,122.61616290115637,125.42260923929756,122.29458968582249,125.3056640625,2410000,0.0,0.0
2024-09-24 00:00:00-04:00,123.87322151981635,125.1107810863435,123.61011344609702,124.34095764160156,2389700,0.0,0.0
2024-09-25 00:00:00-04:00,125.03283499557266,126.23141543180422,124.99386317699951,125.78317260742188,2777800,0.0,0.0
2024-09-26 00:00:00-04:00,125.62724242783261,125.78315942391272,122.88901523632688,123.31777954101562,3376000,0.0,0.0
2024-09-27 00:00:00-04:00,124.09733456177987,124.26299078399634,122.98645205410418,123.95116424560547,2286000,0.0,0.0
2024-09-30 00:00:00-04:00,123.60036315007851,124.75997161865234,122.97671004963495,124.75997161865234,3515400,0.0,0.0
2024-10-01 00:00:00-04:00,125.0328230240705,125.21797259996103,123.66858646866122,124.32147216796875,1981800,0.0,0.0
2024-10-02 00:00:00-04:00,123.19109429839698,124.70150859105281,122.89876108450107,123.78551483154297,2047400,0.0,0.0
2024-10-03 00:00:00-04:00,124.08760086245833,124.50661851420858,122.99621158127214,123.2300796508789,1702500,0.0,0.0
2024-10-04 00:00:00-04:00,122.11918980555116,122.68437775533265,121.35911304837745,122.35305786132812,1966600,0.0,0.0
2024-10-07 00:00:00-04:00,121.71966885750591,122.32382863770631,120.82316098913827,121.09600830078125,2857600,0.0,0.0
2024-10-08 00:00:00-04:00,121.32012844312591,121.8073578746244,120.6574961189067,121.5832290649414,2092200,0.0,0.0
2024-10-09 00:00:00-04:00,121.61248037831153,121.68069220767957,120.09231935527366,121.16422271728516,2413600,0.0,0.0
2024-10-10 00:00:00-04:00,121.18371855344373,121.27141629249367,119.21530726340482,119.96564483642578,1722200,0.0,0.0
2024-10-11 00:00:00-04:00,121.16421585715058,122.10944217811323,120.44311835401129,121.9827651977539,1758300,0.0,0.0
2024-10-14 00:00:00-04:00,122.94748107812495,124.64304496455829,122.50897753463487,124.34095764160156,2195700,0.0,0.0
2024-10-15 00:00:00-04:00,125.19847686641636,126.71863039028047,124.82819259077188,125.94881439208984,2442800,0.0,0.0
2024-10-16 00:00:00-04:00,125.90008479787528,127.41049904139457,125.52980053303872,127.02072143554688,1560500,0.0,0.0
2024-10-17 00:00:00-04:00,127.4592296214414,127.66385766782417,126.67965951216927,127.40076446533203,1971500,0.0,0.0
2024-10-18 00:00:00-04:00,128.0633937969177,128.8916898544505,127.3812755037479,128.86245727539062,2187200,0.0,0.0
2024-10-21 00:00:00-04:00,128.5798477426443,129.15477491997837,126.46527373265586,126.73812103271484,2416600,0.0,0.0
2024-10-22 00:00:00-04:00,126.17295911962023,127.36180040186413,125.9488376917084,126.76737976074219,1415900,0.0,0.0
2024-10-23 00:00:00-04:00,126.59197041333653,128.8916942145777,126.3580949038824,128.4044647216797,1676600,0.0,0.0
2024-10-24 00:00:00-04:00,128.0828751085625,129.06707320561492,127.75156266429478,128.66754150390625,1197200,0.0,0.0
2024-10-25 00:00:00-04:00,129.01834878219543,129.27171760526662,126.80633784715984,126.87454223632812,1837100,0.0,0.0
2024-10-28 00:00:00-04:00,127.44946706097252,128.18031120198117,126.6114318511868,127.23509979248047,2282300,0.0,0.0
2024-10-29 00:00:00-04:00,130.20719548401394,134.21222222003593,129.99281333315628,133.83218383789062,4160400,0.0,0.0
2024-10-30 00:00:00-04:00,133.9491439595521,136.22937450676415,133.45216034119184,134.91384887695312,3679200,0.0,0.0
2024-10-31 00:00:00-04:00,133.87117545380517,135.07949503691057,131.19141333840855,131.43502807617188,3980900,0.0,0.0
2024-11-01 00:00:00-04:00,132.07817655689132,133.1793200703574,129.74921996110297,129.8661651611328,2217100,0.0,0.0
2024-11-04 00:00:00-05:00,130.25592451090878,131.43502636875405,129.95384461905664,130.87957763671875,2131800,0.0,0.0
2024-11-05 00:00:00-05:00,130.28515439770052,131.71761019706943,129.65176204845602,131.66888427734375,2355400,0.0,0.0
2024-11-06 00:00:00-05:00,132.52641144942288,132.52641144942288,127.85875982384927,130.25592041015625,2928700,0.0,0.0
2024-11-07 00:00:00-05:00,130.48978169873556,134.00757856748712,130.05127821180128,133.4228973388672,2020800,0.0,0.0
2024-11-08 00:00:00-05:00,134.4753229933505,136.6093902807732,134.3876252643211,134.6702117919922,2484900,0.0,0.0
2024-11-11 00:00:00-05:00,134.67021042527313,135.24513757960315,133.40341094336512,134.11477661132812,2868500,0.0,0.0
2024-11-12 00:00:00-05:00,134.06607615797435,134.44611458782097,132.42897724312851,132.48745727539062,2377000,0.0,0.0
2024-11-13 00:00:00-05:00,133.79970165357318,134.46560821797814,131.98801859815657,132.1544952392578,3404800,0.67,0.0
2024-11-14 00:00:00-05:00,131.85089610759908,132.5070150868501,130.49947839179003,131.6354522705078,2215500,0.0,0.0
2024-11-15 00:00:00-05:00,131.1360398797739,133.42756287799912,131.03810541617744,133.20233154296875,1994300,0.0,0.0
2024-11-18 00:00:00-05:00,132.39931075015056,134.3676828919909,132.39931075015056,134.17181396484375,2330700,0.0,0.0
2024-11-19 00:00:00-05:00,134.26972381598085,135.7190609664505,133.5940149922076,135.3175506591797,1652600,0.0,0.0
2024-11-20 00:00:00-05:00,134.71040007473988,135.60155273225587,134.31869217433874,134.5537109375,1720000,0.0,0.0
2024-11-21 00:00:00-05:00,134.42642414658584,135.474251077045,133.98574898998712,135.02378845214844,1831000,0.0,0.0
2024-11-22 00:00:00-05:00,135.9443143177158,136.45353162204333,134.45579733401405,135.05316162109375,1619100,0.0,0.0
2024-11-25 00:00:00-05:00,134.9356309222452,135.65051950501623,132.87914203792042,132.93789672851562,9474900,0.0,0.0
2024-11-26 00:00:00-05:00,133.74093084967515,136.21852017123405,133.2316985752737,136.0814208984375,2874700,0.0,0.0
2024-11-27 00:00:00-05:00,136.93338739410714,137.8343275644596,136.01285734494067,136.41436767578125,3352100,0.0,0.0
2024-11-29 00:00:00-05:00,136.4339495455518,137.383841943129,135.3175506591797,135.3175506591797,2149200,0.0,0.0
2024-12-02 00:00:00-05:00,134.5439375519973,134.9454479046867,130.7247328239034,131.2535400390625,2416300,0.0,0.0
2024-12-03 00:00:00-05:00,131.22416348875743,131.59629649524038,129.90212302876822,130.09799194335938,3142000,0.0,0.0
2024-12-04 00:00:00-05:00,130.15674063249622,131.54732319424153,129.5201965748589,130.82264709472656,3159900,0.0,0.0
2024-12-05 00:00:00-05:00,130.32322587708757,131.07727937382288,129.60835214113618,129.8629608154297,2468900,0.0,0.0
2024-12-06 00:00:00-05:00,129.373311975745,130.37218662829224,127.67915350218823,128.6486358642578,2304700,0.0,0.0
2024-12-09 00:00:00-05:00,128.53111755750925,129.15785917112936,126.3571043165492,126.76840209960938,3808200,0.0,0.0
2024-12-10 00:00:00-05:00,127.00346095042009,128.29610924697946,126.14168545757938,126.5921630859375,2581500,0.0,0.0
2024-12-11 00:00:00-05:00,125.56389317519495,126.72924443091487,125.32886692467447,125.92622375488281,2252900,0.0,0.0
2024-12-12 00:00:00-05:00,126.20042794470749,127.5224684075531,125.77934265136719,125.77934265136719,1810900,0.0,0.0
2024-12-13 00:00:00-05:00,125.78912483726691,126.9642635644994,125.25052270034777,126.44524383544922,1955400,0.0,0.0
2024-12-16 00:00:00-05:00,126.81738163441672,127.7868789660519,125.99478598844152,126.03395080566406,2170600,0.0,0.0
2024-12-17 00:00:00-05:00,125.4855540373899,128.30589905121477,125.07425621332382,126.55297088623047,3497900,0.0,0.0
2024-12-18 00:00:00-05:00,126.04375149895331,127.24826760290597,122.80231377373804,122.98837280273438,4105100,0.0,0.0
2024-12-19 00:00:00-05:00,123.37029703819363,125.72058195048167,121.09835669963013,121.21586608886719,4629100,0.0,0.0
2024-12-20 00:00:00-05:00,121.99929736813631,123.97744929876716,120.69684684235249,122.05805206298828,11368600,0.0,0.0
2024-12-23 00:00:00-05:00,122.18535558232367,123.40946152595713,121.45089201614358,123.01775360107422,1871900,0.0,0.0
2024-12-24 00:00:00-05:00,122.43017462775337,124.2614397770563,122.43017462775337,123.9676513671875,1074800,0.0,0.0
2024-12-26 00:00:00-05:00,122.99816134220605,124.24185714083002,122.99816134220605,123.77179718017578,1079000,0.0,0.0
2024-12-27 00:00:00-05:00,122.99816813463624,123.81097630349268,122.12660526920949,122.41059875488281,2612200,0.0,0.0
2024-12-30 00:00:00-05:00,121.77406047862111,122.62604092396784,120.9220875046243,122.3322525024414,1255000,0.0,0.0
2024-12-31 00:00:00-05:00,123.33113369874873,123.65429201394485,122.16578236193901,123.41926574707031,2645400,0.0,0.0
2025-01-02 00:00:00-05:00,123.0373308295002,123.49759584034742,121.01021177102912,122.13639068603516,1716200,0.0,0.0
2025-01-03 00:00:00-05:00,122.33225001279352,123.5661508982029,121.88177992127736,123.21360778808594,2433700,0.0,0.0
2025-01-06 00:00:00-05:00,123.17443647363154,123.70325114298161,121.2060720051646,121.48027801513672,2136800,0.0,0.0
2025-01-07 00:00:00-05:00,122.14619862912792,122.9785892301074,121.09836417278547,121.66634368896484,2606300,0.0,0.0
2025-01-08 00:00:00-05:00,122.28329051588581,124.54543591778649,121.44110502564533,123.85993957519531,2353100,0.0,0.0
2025-01-10 00:00:00-05:00,122.53790045760135,123.65428449657448,120.55974851157788,122.19515228271484,3116200,0.0,0.0
2025-01-13 00:00:00-05:00,121.92094831940922,123.30174336855151,121.61737244534937,123.11567687988281,2392100,0.0,0.0
2025-01-14 00:00:00-05:00,123.13527044373569,124.36917140158776,123.09609815460624,124.24186706542969,1844300,0.0,0.0
2025-01-15 00:00:00-05:00,126.25917406730542,126.74881643618698,123.2038104671482,123.9676513671875,2525300,0.0,0.0
2025-01-16 00:00:00-05:00,124.05580219133272,126.14167618329311,123.87953062360717,126.0633316040039,1732900,0.0,0.0
2025-01-17 00:00:00-05:00,126.43546660720307,126.99365119719856,125.69121550630881,126.66069793701172,2726900,0.0,0.0
2025-01-21 00:00:00-05:00,126.93489444035102,131.46898796910617,126.93489444035102,130.9010009765625,3558100,0.0,0.0
2025-01-22 00:00:00-05:00,130.82263880915082,130.82263880915082,128.36463960425365,128.4331817626953,3666100,0.0,0.0
2025-01-23 00:00:00-05:00,128.38424155089595,129.64751235131942,128.00232108167955,129.50062561035156,3374700,0.0,0.0
2025-01-24 00:00:00-05:00,129.26558795489603,134.72999869338602,128.42340246596675,133.9171905517578,3504500,0.0,0.0
2025-01-27 00:00:00-05:00,133.75071251987103,136.40456581596203,133.46671157536866,135.58197021484375,3033900,0.0,0.0
2025-01-28 00:00:00-05:00,135.49385545418642,137.00194758190565,133.66259752566282,134.3089141845703,1989300,0.0,0.0
2025-01-29 00:00:00-05:00,134.30888558429993,135.2587929030445,131.51793325972608,132.13487243652344,1781800,0.0,0.0
2025-01-30 00:00:00-05:00,133.85844734461975,135.45468641756116,133.29046034355653,134.33828735351562,1906700,0.0,0.0
2025-01-31 00:00:00-05:00,134.2599683242735,135.02380936540592,133.21212628881887,133.65280151367188,1579200,0.0,0.0
2025-02-03 00:00:00-05:00,133.18272806877954,137.67764155485295,132.93790687747665,137.4720001220703,3399400,0.0,0.0
2025-02-04 00:00:00-05:00,136.67877344676967,137.31530252792817,134.93563292461965,135.9834747314453,2582000,0.0,0.0
2025-02-05 00:00:00-05:00,137.41324905826298,139.890838384305,136.49271896380625,139.2445068359375,2057100,0.0,0.0
2025-02-06 00:00:00-05:00,139.792881199948,140.1943914852636,138.75484188099367,139.44033813476562,3072700,0.0,0.0
2025-02-07 00:00:00-05:00,139.53829569616715,140.41964603381177,139.36201666301818,139.63621520996094,2065600,0.0,0.0
2025-02-10 00:00:00-05:00,139.2445065644216,140.86032048948957,137.88330130516857,140.14544677734375,2062100,0.0,0.0
2025-02-11 00:00:00-05:00,139.37181371317493,140.60570712695412,138.65692508220883,140.42942810058594,2555900,0.0,0.0
2025-02-12 00:00:00-05:00,141.55560776569686,145.42377938019945,139.05842876759812,143.4652099609375,3815200,0.0,0.0
2025-02-13 00:00:00-05:00,143.8079586887385,148.81210391264037,143.56313752307344,148.30287170410156,4201600,0.0,0.0
2025-02-14 00:00:00-05:00,148.36164683000362,148.6456328465073,145.97218953313063,146.86334228515625,1878600,0.0,0.0
2025-02-18 00:00:00-05:00,146.85353666015047,149.6444890225075,146.79476702769492,147.67613220214844,3116900,0.0,0.0
2025-02-19 00:00:00-05:00,147.59780640048623,147.65656109771353,146.18763389622995,146.60873413085938,2345200,0.0,0.0
2025-02-20 00:00:00-05:00,146.04074914397225,147.9405640746211,145.7077809506448,147.2061004638672,3321600,0.0,0.0
2025-02-21 00:00:00-05:00,147.21586917845363,147.95033269564246,144.23883535420373,145.5021209716797,3988500,0.0,0.0
2025-02-24 00:00:00-05:00,145.83508398134722,148.62605151132283,145.74695193960892,147.5194549560547,2320900,0.0,0.0
2025-02-25 00:00:00-05:00,147.8932421792385,150.09663030536512,146.99810824827162,149.26052856445312,3163400,0.67,0.0
2025-02-26 00:00:00-05:00,149.83106426744976,149.93925243371842,147.37191482773548,148.18833923339844,2045500,0.0,0.0
2025-02-27 00:00:00-05:00,148.109669827406,149.70319397071032,147.52929911260352,149.0441436767578,2150500,0.0,0.0
2025-02-28 00:00:00-05:00,150.41143053020176,151.3852441708862,148.23753566817132,151.00161743164062,5298900,0.0,0.0
2025-03-03 00:00:00-05:00,150.98196124727522,154.60182242181799,150.017963752557,154.29689025878906,3441400,0.0,0.0
2025-03-04 00:00:00-05:00,154.73953779632535,155.9592814862052,150.85408415985046,151.38525390625,3030300,0.0,0.0
2025-03-05 00:00:00-05:00,149.79171966540255,152.9787829595768,149.79171966540255,152.31973266601562,2391000,0.0,0.0
2025-03-06 00:00:00-05:00,151.20819677137516,151.48362033486367,146.3587457959965,146.5358123779297,3740900,0.0,0.0
2025-03-07 00:00:00-05:00,146.77186956419183,147.37190257798486,143.84055286889836,145.04061889648438,3323900,0.0,0.0
2025-03-10 00:00:00-04:00,143.06348959848097,144.4701159658035,141.2338816948411,143.81106567382812,3344800,0.0,0.0
2025-03-11 00:00:00-04:00,144.81439136766878,146.8899140659426,143.33890172461506,144.88323974609375,2461300,0.0,0.0
2025-03-12 00:00:00-04:00,145.75870233347675,145.9947860894872,143.68319455923012,144.97178649902344,2460900,0.0,0.0
2025-03-13 00:00:00-04:00,145.33572648999635,145.82755635967484,142.38474727192536,143.50611877441406,2079600,0.0,0.0
2025-03-14 00:00:00-04:00,143.6536648005332,145.8668992613697,143.004460765875,145.42425537109375,2536200,0.0,0.0
2025-03-17 00:00:00-04:00,145.74887067660262,149.26054336501556,144.8045656744706,148.7883758544922,2206400,0.0,0.0
2025-03-18 00:00:00-04:00,148.53262330499447,150.10648491995593,147.26370882264257,147.5194549560547,2838000,0.0,0.0
2025-03-19 00:00:00-04:00,147.51945857210285,148.03096586092207,145.69968197328774,146.3292236328125,4881000,0.0,0.0
2025-03-20 00:00:00-04:00,146.32922894462584,146.7128556728018,144.92260261113321,145.47344970703125,4751300,0.0,0.0
2025-03-21 00:00:00-04:00,144.2241962084984,145.96527827085458,143.39792557226266,144.12583923339844,12752000,0.0,0.0
2025-03-24 00:00:00-04:00,145.35541824700746,148.3752461402431,144.51930138217193,147.39158630371094,4496300,0.0,0.0
2025-03-25 00:00:00-04:00,147.26369993040464,148.21783602836788,144.9422624437133,145.7488555908203,4511200,0.0,0.0
2025-03-26 00:00:00-04:00,145.99478689239308,147.66700556398897,145.56197417538903,147.40142822265625,1808700,0.0,0.0
2025-03-27 00:00:00-04:00,147.3423953014775,148.8867483968766,146.60465044915605,147.47027587890625,2849200,0.0,0.0
2025-03-28 00:00:00-04:00,148.453936417577,151.22786428058976,148.3555794424546,150.9130859375,2853000,0.0,0.0
2025-03-31 00:00:00-04:00,151.3557317843332,151.9459336804437,149.55563251159973,150.70652770996094,3708500,0.0,0.0
2025-04-01 00:00:00-04:00,151.532792319531,151.945927626565,149.3982523951269,151.6311492919922,3198000,0.0,0.0
2025-04-02 00:00:00-04:00,151.48360901257354,152.45743761677332,149.69334097424903,150.57864379882812,2464300,0.0,0.0
2025-04-03 00:00:00-04:00,150.75570953040835,154.82806087982763,149.39826908690776,149.93927001953125,4044200,0.0,0.0
2025-04-04 00:00:00-04:00,149.81137672638087,150.4114097494245,140.64366103128228,140.94859313964844,4825300,0.0,0.0
2025-04-07 00:00:00-04:00,137.81073857956662,142.7585459787829,134.4072692008716,136.54180908203125,5387700,0.0,0.0
2025-04-08 00:00:00-04:00,140.64366179030992,140.9682712972614,133.05965379606903,134.2597198486328,4786900,0.0,0.0
2025-04-09 00:00:00-04:00,132.52848926456488,139.7977350586251,128.16103706720483,139.17803955078125,4707300,0.0,0.0
2025-04-10 00:00:00-04:00,138.68620459726387,141.5289809007103,135.7942423005102,139.4927978515625,3412300,0.0,0.0
2025-04-11 00:00:00-04:00,139.0895080625483,140.78140434247118,136.8172560263445,140.33876037597656,2651400,0.0,0.0
2025-04-14 00:00:00-04:00,141.54864156167545,144.12584048681063,140.40760758195617,143.21102905273438,2576800,0.0,0.0
2025-04-15 00:00:00-04:00,143.99797316895172,145.49314043006996,142.43395751927,144.1947021484375,1930500,0.0,0.0
2025-04-16 00:00:00-04:00,144.12582273926242,145.45375432207126,142.58146981330344,143.2503662109375,2471000,0.0,0.0
2025-04-17 00:00:00-04:00,144.03730076676044,145.95544943036734,143.8700803978816,144.86358642578125,1951700,0.0,0.0
2025-04-21 00:00:00-04:00,144.3619015830924,144.86357766886073,139.2370426171723,141.30271911621094,2241800,0.0,0.0
2025-04-22 00:00:00-04:00,142.58148209226644,145.58164742280348,142.18802418409575,144.84390258789062,3386000,0.0,0.0
2025-04-23 00:00:00-04:00,144.97178837933953,146.4669404917592,143.9586199703553,145.23736572265625,1976400,0.0,0.0
2025-04-24 00:00:00-04:00,144.6275028610246,146.5358053229327,144.22419873052695,145.3357391357422,1684100,0.0,0.0
2025-04-25 00:00:00-04:00,145.66034898840843,146.51612823490197,143.51596276055508,144.55865478515625,1531000,0.0,0.0
2025-04-28 00:00:00-04:00,145.40458942136007,146.90958761711104,144.47994686774442,146.61448669433594,2397900,0.0,0.0
2025-04-29 00:00:00-04:00,150.13600910345073,150.32290687820054,147.4407756860042,149.00479125976562,4444400,0.0,0.0
2025-04-30 00:00:00-04:00,148.5719583347231,151.2770225798365,147.6866705855594,150.0966339111328,4269300,0.0,0.0
2025-05-01 00:00:00-04:00,149.0244611083587,149.2310362724722,146.46693960040585,147.8735809326172,2695000,0.0,0.0
2025-05-02 00:00:00-04:00,149.55562524353937,150.6868429878669,147.36206815297257,148.2572021484375,2367800,0.0,0.0
2025-05-05 00:00:00-04:00,148.60148715145854,149.13265681771082,147.00794813378803,148.46376037597656,2688700,0.0,0.0
2025-05-06 00:00:00-04:00,148.0309708072182,148.9949532222572,147.05714218798667,148.04080200195312,2528200,0.0,0.0
2025-05-07 00:00:00-04:00,147.42108437246884,149.93925097268567,147.1555070423766,148.8670654296875,4334000,0.0,0.0
2025-05-08 00:00:00-04:00,148.83755690963156,149.5556243367314,145.6406626676038,145.8275604248047,2605000,0.0,0.0
2025-05-09 00:00:00-04:00,146.2406942740074,147.33255720467025,145.56196664015528,146.7423553466797,1764000,0.0,0.0
2025-05-12 00:00:00-04:00,146.6636665539411,146.84071809453332,140.64365901305797,143.2503662109375,3227600,0.0,0.0
2025-05-13 00:00:00-04:00,143.506145825391,143.84058659754507,141.2043852036822,142.90611267089844,3284400,0.0,0.0
2025-05-14 00:00:00-04:00,142.52070310639044,142.58987047771532,140.96919467596533,141.71035766601562,3016200,0.67,0.0
2025-05-15 00:00:00-04:00,142.08588427142433,145.26794523041042,142.08588427142433,145.15924072265625,2396200,0.0,0.0
2025-05-16 00:00:00-04:00,145.54464652311435,146.96768188476562,144.77383821538655,146.96768188476562,2412600,0.0,0.0
2025-05-19 00:00:00-04:00,146.6613267013709,148.93422940782187,145.87074988012728,148.8749237060547,2548700,0.0,0.0
2025-05-20 00:00:00-04:00,147.6791916242462,149.62598085751247,147.65942305667525,149.43821716308594,2681900,0.0,0.0
2025-05-21 00:00:00-04:00,149.76431817244801,150.3177173862533,146.3154347506291,146.5526123046875,2154100,0.0,0.0
2025-05-22 00:00:00-04:00,146.72060611293995,147.03682776987512,144.9220436050673,145.16909790039062,1987900,0.0,0.0
2025-05-23 00:00:00-04:00,146.41425960184807,147.95587597520546,145.7521559070855,147.412353515625,2183300,0.0,0.0
2025-05-27 00:00:00-04:00,148.9045750263377,151.35536477899208,148.15353530929806,150.67349243164062,2342700,0.0,0.0
2025-05-28 00:00:00-04:00,149.69515811802108,150.29797129728013,148.13377291471073,149.91256713867188,2244700,0.0,0.0
2025-05-29 00:00:00-04:00,149.59634401796671,151.54313336148837,148.62788017912868,151.2664337158203,2720400,0.0,0.0
2025-05-30 00:00:00-04:00,151.39488174908848,153.08473990439597,150.24854610449387,152.462158203125,7389900,0.0,0.0
2025-06-02 00:00:00-04:00,151.39486463617752,153.48989525165916,150.98969198499034,153.3910675048828,2094300,0.0,0.0
2025-06-03 00:00:00-04:00,153.5492006740467,153.86542235202785,149.61608517385397,150.4066619873047,2407500,0.0,0.0
2025-06-04 00:00:00-04:00,150.09044298483587,151.29606925406503,148.56857995298978,150.25843811035156,2572500,0.0,0.0
2025-06-05 00:00:00-04:00,150.25843426210665,152.10639567445025,148.78598514700494,151.2268829345703,2560000,0.0,0.0
2025-06-06 00:00:00-04:00,151.41465442575654,152.7487537992583,150.8118412755149,152.63015747070312,1912800,0.0,0.0
2025-06-09 00:00:00-04:00,150.3374877158631,151.98780863317805,146.8490822002756,148.53892517089844,4401300,0.0,0.0
2025-06-10 00:00:00-04:00,148.23258925583013,149.82361965033598,148.05471738664255,149.12197875976562,2394500,0.0,0.0
2025-06-11 00:00:00-04:00,148.8255158740966,149.7149053196439,146.9478941527222,148.46975708007812,2002800,0.0,0.0
2025-06-12 00:00:00-04:00,149.87301712275124,151.1280420508517,149.09231712722712,150.1200714111328,1562700,0.0,0.0
2025-06-13 00:00:00-04:00,150.18925962938698,150.64384621790168,148.7168255166964,150.60430908203125,2487400,0.0,0.0
2025-06-16 00:00:00-04:00,151.08855054757743,152.3139454941476,148.28201688307814,148.80577087402344,2207800,0.0,0.0
2025-06-17 00:00:00-04:00,149.04295023613815,150.26833011825127,147.93613653355172,150.08056640625,4055700,0.0,0.0
2025-06-18 00:00:00-04:00,150.2090177276098,152.10639298416297,149.30973643672837,151.37510681152344,4257000,0.0,0.0
2025-06-20 00:00:00-04:00,151.10831366474937,152.3831073697912,149.35916479034353,149.45799255371094,11336500,0.0,0.0
2025-06-23 00:00:00-04:00,151.01937619410447,153.0254561223288,150.4560850908201,152.30404663085938,5187400,0.0,0.0
2025-06-24 00:00:00-04:00,151.45416987283878,153.55907743459045,150.70313019342902,152.43251037597656,4939900,0.0,0.0
2025-06-25 00:00:00-04:00,151.2268810061261,153.035320340593,150.36713684411657,151.62216186523438,3107700,0.0,0.0
2025-06-26 00:00:00-04:00,153.18355632675855,154.3793058795479,149.93232808522242,151.6715850830078,3152100,0.0,0.0
2025-06-27 00:00:00-04:00,151.27629726087036,151.61228750429296,150.1299616408419,150.33749389648438,3373600,0.0,0.0
2025-06-30 00:00:00-04:00,150.08055536971673,152.0668817779765,148.2424706027147,151.91864013671875,4618400,0.0,0.0
2025-07-01 00:00:00-04:00,152.34356962197626,152.96613621427406,148.23258238487617,149.81373596191406,3232600,0.0,0.0
2025-07-02 00:00:00-04:00,149.2899781519609,149.9421900374133,147.21471602107349,148.93421936035156,2921400,0.0,0.0
2025-07-03 00:00:00-04:00,150.0212602373874,151.2960689505058,148.43022984128532,150.96995544433594,1513900,0.0,0.0
2025-07-07 00:00:00-04:00,151.80006034226565,152.9068588950719,150.94031611492503,152.41275024414062,3114100,0.0,0.0
2025-07-08 00:00:00-04:00,151.61227639638184,152.18544416440278,148.75632937853445,149.97183227539062,2417800,0.0,0.0
2025-07-09 00:00:00-04:00,149.38879355196863,151.37510471198286,148.92433025780147,150.45606994628906,3122100,0.0,0.0
2025-07-10 00:00:00-04:00,150.02126612206274,151.80006028049132,149.0034035078785,150.92054748535156,2224000,0.0,0.0
2025-07-11 00:00:00-04:00,150.3275983234832,153.68754591088856,150.129957895753,153.331787109375,2455300,0.0,0.0
2025-07-14 00:00:00-04:00,153.5195672055661,156.35574609814446,153.5195672055661,156.20751953125,2734000,0.0,0.0
2025-07-15 00:00:00-04:00,155.7726987614036,156.68185687339314,153.49979594193002,154.86354064941406,2104600,0.0,0.0
2025-07-16 00:00:00-04:00,155.67386546566706,156.5435014892667,154.38917999780367,155.69363403320312,1824400,0.0,0.0
2025-07-17 00:00:00-04:00,155.42680775051062,156.0790347539534,154.6263541912847,155.77268981933594,1484100,0.0,0.0
2025-07-18 00:00:00-04:00,155.67386983950237,157.68984157285186,155.11059382038954,157.17596435546875,1559600,0.0,0.0
2025-07-21 00:00:00-04:00,156.92890528531612,159.04368963717357,156.59291503291792,158.43099975585938,1475000,0.0,0.0
2025-07-22 00:00:00-04:00,158.78673710721648,159.58720572901166,157.93688476617146,159.19190979003906,1898500,0.0,0.0
2025-07-23 00:00:00-04:00,158.7373381917177,159.83425991818427,157.77876627403978,159.72555541992188,1448900,0.0,0.0
2025-07-24 00:00:00-04:00,159.60696500032864,160.31848263726408,157.50207248014357,159.49826049804688,2417100,0.0,0.0
2025-07-25 00:00:00-04:00,159.2907365232306,160.34812111033156,158.31239604441913,159.6563720703125,1588000,0.0,0.0
2025-07-28 00:00:00-04:00,159.30061195323793,159.38954788357876,156.37549744271038,156.42489624023438,2178500,0.0,0.0
2025-07-29 00:00:00-04:00,160.5655251744478,165.22991152818142,158.61873609939806,164.00453186035156,5266900,0.0,0.0
2025-07-30 00:00:00-04:00,163.97489158616852,166.85060758732632,163.60925600546446,164.4196014404297,2461700,0.0,0.0
2025-07-31 00:00:00-04:00,163.85628631299508,165.34850388814,162.93725158411542,163.12501525878906,2908400,0.0,0.0
2025-08-01 00:00:00-04:00,164.89393990303088,165.8030980129797,163.17443636610628,164.28125,2413600,0.0,0.0
2025-08-04 00:00:00-04:00,163.77722494341364,167.00869926371234,163.75747145718344,166.79129028320312,2857900,0.0,0.0
2025-08-05 00:00:00-04:00,166.83085330084828,168.29341069567627,166.02050786975474,167.6905975341797,3127500,0.0,0.0
2025-08-06 00:00:00-04:00,167.74001607960892,169.07410043611543,166.8703799984492,166.96920776367188,3106300,0.0,0.0
2025-08-07 00:00:00-04:00,166.8901480356041,168.50093203480245,166.79132027069633,167.6807098388672,2663400,0.0,0.0
2025-08-08 00:00:00-04:00,168.1155107779517,168.87644226914298,166.05014038085938,166.05014038085938,1982300,0.0,0.0
2025-08-11 00:00:00-04:00,165.92166731534704,167.57200336324195,165.05204640441244,166.05014038085938,2484600,0.0,0.0
2025-08-12 00:00:00-04:00,166.20895379429098,166.20895379429098,160.98794334413765,163.56866455078125,2506800,0.74,0.0
2025-08-13 00:00:00-04:00,164.03516690196096,164.2833140221873,160.07474855639566,161.8316192626953,3029100,0.0,0.0
2025-08-14 00:00:00-04:00,162.32792227299544,163.14185214124592,160.54127502739996,160.68023681640625,1702700,0.0,0.0
2025-08-15 00:00:00-04:00,160.86883754086412,162.11949369229558,160.06482807312284,161.6926727294922,2490300,0.0,0.0
2025-08-18 00:00:00-04:00,162.05992552758087,163.19147579005045,160.7993339159627,161.206298828125,1671100,0.0,0.0
2025-08-19 00:00:00-04:00,161.2063206222338,162.3974239312793,161.08719968933903,162.35772705078125,1691800,0.0,0.0
2025-08-20 00:00:00-04:00,163.24112159535497,166.07992548893296,163.24112159535497,164.75978088378906,2127800,0.0,0.0
2025-08-21 00:00:00-04:00,164.39251930657443,166.55637033325004,164.20392504900866,165.70274353027344,2285200,0.0,0.0
2025-08-22 00:00:00-04:00,166.61590538348185,167.22138497128506,162.75473674359864,163.21131896972656,2798400,0.0,0.0
2025-08-25 00:00:00-04:00,163.3106035046332,164.7597895456682,163.26097104477645,163.6778564453125,1333000,0.0,0.0
2025-08-26 00:00:00-04:00,163.77711485220118,165.36526263025996,162.8837911931054,164.6108856201172,3632100,0.0,0.0
2025-08-27 00:00:00-04:00,165.01784630219734,166.9037584873713,164.8391876332795,166.50672912597656,1794300,0.0,0.0
2025-08-28 00:00:00-04:00,166.18909346141066,167.25117047859914,165.42481118371165,166.15931701660156,2114900,0.0,0.0
2025-08-29 00:00:00-04:00,166.2585733213473,167.31071470532288,166.05012307277738,167.0327911376953,1689700,0.0,0.0
2025-09-02 00:00:00-04:00,166.84420782251388,168.01547020193536,165.74243391239767,166.49681091308594,2666600,0.0,0.0
2025-09-03 00:00:00-04:00,166.23871936868872,168.2139759555018,165.9012429103484,166.1890869140625,2090900,0.0,0.0
2025-09-04 00:00:00-04:00,167.0030233433639,167.65813542057018,164.93843734428,166.43724060058594,2161000,0.0,0.0
2025-09-05 00:00:00-04:00,167.11220880400344,167.3404999295986,163.11207816107014,166.5762176513672,2700800,0.0,0.0
2025-09-08 00:00:00-04:00,166.56628208228705,169.72272154572605,165.72259090256068,168.10479736328125,2679700,0.0,0.0
2025-09-09 00:00:00-04:00,167.76732527648855,168.36286933438535,166.92361892901013,167.5985870361328,2136600,0.0,0.0
2025-09-10 00:00:00-04:00,167.58864918522568,169.22642940006378,166.7647988612222,166.84420776367188,2045200,0.0,0.0
2025-09-11 00:00:00-04:00,166.98316307240935,167.9658311631542,166.28835413507917,167.2213897705078,1816900,0.0,0.0
2025-09-12 00:00:00-04:00,167.18167130507638,168.41248647926983,166.82435399024746,167.87649536132812,1981800,0.0,0.0
2025-09-15 00:00:00-04:00,168.04524880792852,169.14702273221164,167.33058382213946,167.66806030273438,2074500,0.0,0.0
2025-09-16 00:00:00-04:00,167.757389655038,167.89635144974875,163.70762645042572,163.98556518554688,2715700,0.0,0.0
2025-09-17 00:00:00-04:00,164.10465574896483,165.76227669846568,163.11206726574048,164.68035888671875,3769200,0.0,0.0
2025-09-18 00:00:00-04:00,164.96822031562544,166.4769592103567,164.86897054423386,165.2957763671875,3695600,0.0,0.0
2025-09-19 00:00:00-04:00,165.53398990405552,166.95338420213875,163.65799822767707,163.9656982421875,20205200,0.0,0.0
2025-09-22 00:00:00-04:00,164.22378317847117,166.4968195864183,163.32052390464588,166.17918395996094,3535100,0.0,0.0
2025-09-23 00:00:00-04:00,167.22140068267873,171.42998174952578,166.6357770505493,171.2711639404297,3126300,0.0,0.0
2025-09-24 00:00:00-04:00,171.23144530343708,171.9361898380258,169.5440477976224,169.70286560058594,3678800,0.0,0.0
2025-09-25 00:00:00-04:00,170.1892481458689,171.41012788397504,169.6234653735148,170.42745971679688,2776300,0.0,0.0
2025-09-26 00:00:00-04:00,171.2116023820587,173.80225907221777,171.08256102548742,173.60372924804688,3167600,0.0,0.0
2025-09-29 00:00:00-04:00,173.70300074224224,175.91646902519034,172.94863887718498,174.89410400390625,3427100,0.0,0.0
2025-09-30 00:00:00-04:00,175.22166441357444,177.21676204788793,175.22166441357444,176.81973266601562,4692300,0.0,0.0
2025-10-01 00:00:00-04:00,177.04801299096655,179.06296651503024,176.62120718880388,178.050537109375,3106400,0.0,0.0
2025-10-02 00:00:00-04:00,177.59393059938319,178.04059239020546,173.5938002011577,174.19927978515625,3059000,0.0,0.0
2025-10-03 00:00:00-04:00,174.08018265371493,175.29114188181887,173.7029941626238,173.74269104003906,2001400,0.0,0.0
2025-10-06 00:00:00-04:00,172.75011557356606,174.13974871943682,171.86671231366475,172.84938049316406,1932200,0.0,0.0
2025-10-07 00:00:00-04:00,172.57144597301266,172.71040776423635,170.5167804038128,171.7178192138672,2241600,0.0,0.0
2025-10-08 00:00:00-04:00,171.19175056317548,171.52922703941255,167.6283612592441,167.8864288330078,3116800,0.0,0.0
2025-10-09 00:00:00-04:00,168.3330862245833,168.80953962687792,165.24613527107445,166.03028869628906,2420300,0.0,0.0
2025-10-10 00:00:00-04:00,165.78215683714424,166.7151925704825,164.29327389561317,164.7101593017578,2538100,0.0,0.0
2025-10-13 00:00:00-04:00,164.33297076786073,165.65311546009872,162.5363877751543,165.61341857910156,2155400,0.0,0.0
2025-10-14 00:00:00-04:00,165.64318626546606,168.2239074734021,165.64318626546606,168.08494567871094,3481500,0.0,0.0
2025-10-15 00:00:00-04:00,167.74747137405424,172.07515822361523,167.57873313157617,171.06271362304688,2862500,0.0,0.0
2025-10-16 00:00:00-04:00,172.293524568003,172.4324863609829,169.98079139893068,170.8046417236328,2631000,0.0,0.0
2025-10-17 00:00:00-04:00,171.3604889303672,174.35811063177076,171.2215271373591,173.79232788085938,3152400,0.0,0.0
2025-10-20 00:00:00-04:00,175.023136804312,176.62120493880096,173.77248071259416,176.39291381835938,1901700,0.0,0.0
2025-10-21 00:00:00-04:00,177.1075633751579,177.30609319686204,171.8468563053751,173.8220977783203,3450300,0.0,0.0
2025-10-22 00:00:00-04:00,174.55662320291998,175.29114418318846,173.42507286048976,174.6360321044922,1571800,0.0,0.0
2025-10-23 00:00:00-04:00,175.1422511506035,175.94624547359697,173.6037358291507,174.75514221191406,1832400,0.0,0.0
2025-10-24 00:00:00-04:00,175.47972985638054,178.2887573786724,175.04300359992905,176.6212158203125,1893800,0.0,0.0
2025-10-27 00:00:00-04:00,177.00831410651196,181.51465936183573,176.21424025456488,181.256591796875,3371300,0.0,0.0
2025-10-28 00:00:00-04:00,188.1253115812128,188.1253115812128,176.23410468256606,178.3681640625,5371100,0.0,0.0
2025-10-29 00:00:00-04:00,177.713054212129,182.17970286015773,173.613673640903,175.6484832763672,4807100,0.0,0.0
2025-10-30 00:00:00-04:00,176.4524775952797,180.17468480166613,176.13484197706546,179.5394287109375,2802000,0.0,0.0
2025-10-31 00:00:00-04:00,178.14979119247363,180.49230080890175,176.86935860926184,179.69822692871094,4039900,0.0,0.0
2025-11-03 00:00:00-05:00,178.4475666251748,181.4154118141496,177.9115754773351,180.96875,2926400,0.0,0.0
2025-11-04 00:00:00-05:00,181.95140304892757,183.52961519433651,179.62874949768053,182.98370361328125,2578100,0.0,0.0
2025-11-05 00:00:00-05:00,184.64131604953397,186.7257428012631,183.8174657813392,184.9688720703125,3129600,0.0,0.0
2025-11-06 00:00:00-05:00,185.70339094102656,187.52975026516833,184.04576985540552,186.36842346191406,3826900,0.0,0.0
2025-11-07 00:00:00-05:00,186.63643317627287,189.2667869070053,184.84977066780363,188.83998107910156,3319400,0.0,0.0
2025-11-10 00:00:00-05:00,188.97947247573524,191.4407408265145,188.33177668019985,190.38449096679688,3429100,0.74,0.0
2025-11-11 00:00:00-05:00,190.7332540418388,192.10836457158206,189.04922677669603,191.63006591796875,2139400,0.0,0.0
2025-11-12 00:00:00-05:00,191.0720598186892,192.12830971137913,190.3446450217154,190.9624481201172,3879400,0.0,0.0
2025-11-13 00:00:00-05:00,191.46067927237462,191.92901878138116,189.4378576504276,190.39447021484375,3181900,0.0,0.0
2025-11-14 00:00:00-05:00,191.76958370660628,194.1411740045235,190.85283822119624,193.13475036621094,2794100,0.0,0.0
2025-11-17 00:00:00-05:00,193.95183399448808,196.7319630346372,193.53332076289792,196.57254028320312,5516700,0.0,0.0
2025-11-18 00:00:00-05:00,197.2900010528568,199.93062575169049,196.67218275730946,197.58892822265625,3990300,0.0,0.0
2025-11-19 00:00:00-05:00,196.50278453606782,198.94411937321195,195.56610552965026,196.20384216308594,2842000,0.0,0.0
2025-11-20 00:00:00-05:00,197.48928310498286,200.7078588797747,196.37324783554573,196.88143920898438,5023000,0.0,0.0
2025-11-21 00:00:00-05:00,197.08073679676616,199.54200519331567,193.95183904637295,199.22312927246094,4471600,0.0,0.0
2025-11-24 00:00:00-05:00,199.22313147225242,202.46164095559345,198.49571667642667,201.5847625732422,6147600,0.0,0.0
2025-11-25 00:00:00-05:00,201.15626898493295,204.6040425920027,200.8374082748544,203.8666534423828,2830000,0.0,0.0
2025-11-26 00:00:00-05:00,203.7769697709517,206.27808994085274,202.00326435559174,205.52078247070312,2292100,0.0,0.0
2025-11-28 00:00:00-05:00,206.02898091968555,208.31089298847326,205.49089681540426,207.48382568359375,1311200,0.0,0.0
2025-12-01 00:00:00-05:00,206.86602298409517,207.38417354330124,202.99973610708,203.17909240722656,2573000,0.0,0.0
2025-12-02 00:00:00-05:00,203.46807263371815,204.02609027691474,201.6345817475464,202.4815673828125,2576500,0.0,0.0
2025-12-03 00:00:00-05:00,202.05310133059544,202.51146646412485,200.09006514239636,201.2061004638672,2639600,0.0,0.0
2025-12-04 00:00:00-05:00,201.1463123895628,204.8232686045292,200.3591121723942,203.14920043945312,2544800,0.0,0.0
2025-12-05 00:00:00-05:00,203.67732463445236,204.31506126529243,202.33210676877002,203.587646484375,2731900,0.0,0.0
2025-12-08 00:00:00-05:00,203.79691455317908,204.13570881864945,199.80108235833038,200.16978454589844,3807800,0.0,0.0
2025-12-09 00:00:00-05:00,200.75769391529062,202.66094466354858,194.73904012385677,195.1077423095703,3422600,0.0,0.0
2025-12-10 00:00:00-05:00,195.94476930809105,196.5127613442721,190.04570157457388,190.39447021484375,3744100,0.0,0.0
2025-12-11 00:00:00-05:00,189.61720758230308,189.9161499489411,182.9508733919297,184.31602478027344,7107100,0.0,0.0
2025-12-12 00:00:00-05:00,185.47192418231987,187.26554794371606,184.35587371175052,186.06979370117188,4236500,0.0,0.0
2025-12-15 00:00:00-05:00,187.3552502205097,190.3346691960908,187.16591954216025,189.7965850830078,3914800,0.0,0.0
2025-12-16 00:00:00-05:00,189.91615257439685,192.49699180586376,189.2584823996695,189.72682189941406,2852700,0.0,0.0
2025-12-17 00:00:00-05:00,189.39799719732133,190.8428675469649,187.4548794391784,188.4912109375,4458000,0.0,0.0
2025-12-18 00:00:00-05:00,188.19226929764605,189.34817166373963,184.02704015252957,186.82711791992188,4167400,0.0,0.0
2025-12-19 00:00:00-05:00,186.7474000046891,187.75382359193097,185.10322459403812,185.3523406982422,16159300,0.0,0.0
2025-12-22 00:00:00-05:00,185.83065940328,186.5780077353469,184.45553360672793,185.77085876464844,2320400,0.0,0.0
2025-12-23 00:00:00-05:00,185.51177794257197,186.82711826604782,184.60499167758547,186.1993408203125,2406200,0.0,0.0
2025-12-24 00:00:00-05:00,186.19935045207356,187.0762440464176,185.8007707481941,187.036376953125,818900,0.0,0.0
2025-12-26 00:00:00-05:00,186.6876246338168,187.40508026897834,185.74097122295007,187.19581604003906,995100,0.0,0.0
2025-12-29 00:00:00-05:00,188.19227190437883,189.09905818024566,187.3652046070889,188.96951293945312,1660500,0.0,0.0
2025-12-30 00:00:00-05:00,189.7567131439412,190.16526720733034,187.07623661290532,187.33531188964844,1668800,0.0,0.0
2025-12-31 00:00:00-05:00,187.58443139040608,187.73389497491632,184.61497160769025,184.95376586914062,2372500,0.0,0.0
2026-01-02 00:00:00-05:00,184.95376844099505,186.3288942569739,183.0206249619642,186.27906799316406,2186100,0.0,0.0
2026-01-05 00:00:00-05:00,186.3587858868402,186.36874505760767,181.2668519339419,184.07687377929688,3650900,0.0,0.0
2026-01-06 00:00:00-05:00,183.3394920770585,186.03990211061142,182.90104530434462,185.0035858154297,3579800,0.0,0.0
2026-01-07 00:00:00-05:00,185.3423904708222,188.25206488374022,184.83419906746758,184.99362182617188,2609200,0.0,0.0
2026-01-08 00:00:00-05:00,185.4719345892873,186.35878734946053,182.32310325019364,185.6512908935547,2429400,0.0,0.0
2026-01-09 00:00:00-05:00,186.24917118743315,189.32824264229612,185.0733352476639,185.42210388183594,2757900,0.0,0.0
2026-01-12 00:00:00-05:00,186.15949337267537,189.0691677034157,185.76089847506947,186.0199737548828,2420800,0.0,0.0
2026-01-13 00:00:00-05:00,185.84061414660368,187.95311384937006,184.95376142187249,187.5844268798828,2603900,0.0,0.0
2026-01-14 00:00:00-05:00,187.51467600641402,188.57094111296362,185.5915068844054,188.04281616210938,2388500,0.0,0.0
2026-01-15 00:00:00-05:00,189.0093602979041,191.37099126774714,187.03636504112748,187.51466369628906,2276300,0.0,0.0
2026-01-16 00:00:00-05:00,187.1758765129778,191.26138679351274,186.34880920429038,190.703369140625,3239300,0.0,0.0
2026-01-20 00:00:00-05:00,190.42435768891394,191.5105002629422,186.94669137211352,187.33531188964844,5219000,0.0,0.0
2026-01-21 00:00:00-05:00,188.06272023880945,188.83000207716418,184.5750948706296,185.34237670898438,3758800,0.0,0.0
2026-01-22 00:00:00-05:00,185.42210964222784,185.80077100482507,180.91808599893207,181.31668090820312,3977600,0.0,0.0
2026-01-23 00:00:00-05:00,181.32663295819202,183.3992807904827,180.86825263174177,183.03057861328125,4668000,0.0,0.0
2026-01-26 00:00:00-05:00,183.34946091097703,183.94734566979704,181.8149123304391,182.98077392578125,3661400,0.0,0.0
2026-01-27 00:00:00-05:00,183.83772724238494,184.335959454886,181.96436925783198,182.8412628173828,2499100,0.0,0.0
2026-01-28 00:00:00-05:00,182.60210995021689,185.1929235948848,181.92452142444145,183.2896728515625,2419500,0.0,0.0
2026-01-29 00:00:00-05:00,184.1964513322282,186.61785253787144,182.70175472484146,185.03347778320312,2617800,0.0,0.0
2026-01-30 00:00:00-05:00,184.58508177538363,188.23213013799432,183.7380809036805,187.6940460205078,2794900,0.0,0.0
2026-02-02 00:00:00-05:00,187.7936910654483,188.9296598947367,186.6178551446955,186.76731872558594,3222800,0.0,0.0
2026-02-03 00:00:00-05:00,186.418568670284,187.11609073511013,180.82840257136772,186.8370819091797,2950200,0.0,0.0
2026-02-04 00:00:00-05:00,187.49475133658888,188.54104203206273,184.4455726048038,184.82421875,2199200,0.0,0.0
2026-02-05 00:00:00-05:00,185.10322646336815,191.42082248546208,185.10322646336815,190.38449096679688,2489300,0.0,0.0
2026-02-06 00:00:00-05:00,192.22795770659232,195.61593070192146,190.98237716348007,195.22731018066406,2944300,0.0,0.0
2026-02-09 00:00:00-05:00,195.65580038371272,198.14696150291027,195.33692446213183,196.5526123046875,2933800,0.0,0.0
2026-02-10 00:00:00-05:00,196.50278339752072,200.4288557013279,196.08427015970724,200.12991333007812,3302200,0.0,0.0
2026-02-11 00:00:00-05:00,204.6339401179746,211.8682665532746,204.6339401179746,207.14503479003906,5781200,0.0,0.0
2026-02-12 00:00:00-05:00,208.28099204365267,211.42980797531854,206.26812970894449,207.4040985107422,6736400,0.0,0.0
2026-02-13 00:00:00-05:00,207.64326767284476,211.11095971345162,207.09520918248597,209.97499084472656,3587500,0.0,0.0
2026-02-17 00:00:00-05:00,211.26042205773598,215.6647930914596,210.66255251209236,214.71815490722656,4838100,0.0,0.0
2026-02-18 00:00:00-05:00,214.08041113475372,214.79786672948956,207.48382157715272,207.85250854492188,4433500,0.0,0.0
2026-02-19 00:00:00-05:00,208.63973329856216,209.4368927019184,206.27810219135435,207.27456665039062,2163600,0.0,0.0
2026-02-20 00:00:00-05:00,208.11160389385861,208.97852308910143,205.94926268380775,207.4539337158203,1954200,0.0,0.0
2026-02-23 00:00:00-05:00,207.9720964685249,210.75222551928783,206.64679696100953,208.7991485595703,2416800,0.0,0.0
2026-02-24 00:00:00-05:00,208.98848523336332,209.40699847856789,205.59055300816533,208.5600128173828,2511700,0.0,0.0
2026-02-25 00:00:00-05:00,208.25999450683594,210.85000610351562,207.57000732421875,208.25,2276900,0.74,0.0
2026-02-26 00:00:00-05:00,208.4600067138672,209.8699951171875,207.08999633789062,208.4499969482422,2192700,0.0,0.0
2026-02-27 00:00:00-05:00,209.02999877929688,211.13999938964844,207.08999633789062,207.1199951171875,6204200,0.0,0.0
2026-03-02 00:00:00-05:00,207.86000061035156,210.44000244140625,207.1300048828125,210.16000366210938,3751500,0.0,0.0
2026-03-03 00:00:00-05:00,207.6699981689453,209.0,205.3699951171875,208.0,2430800,0.0,0.0
2026-03-04 00:00:00-05:00,207.55999755859375,208.11000061035156,205.5800018310547,206.85000610351562,3085600,0.0,0.0
2026-03-05 00:00:00-05:00,205.27999877929688,206.02999877929688,199.1999969482422,205.0500030517578,4166600,0.0,0.0
2026-03-06 00:00:00-05:00,202.32000732421875,205.30999755859375,200.4199981689453,204.2899932861328,2453700,0.0,0.0
2026-03-09 00:00:00-04:00,202.86000061035156,208.24000549316406,202.61000061035156,207.67999267578125,3757500,0.0,0.0
2026-03-10 00:00:00-04:00,206.9499969482422,210.67999267578125,205.22999572753906,207.72000122070312,2818800,0.0,0.0
2026-03-11 00:00:00-04:00,207.4600067138672,207.60000610351562,204.44000244140625,205.3300018310547,2134900,0.0,0.0
2026-03-12 00:00:00-04:00,204.61000061035156,207.19000244140625,203.16000366210938,206.1999969482422,3064400,0.0,0.0
2026-03-13 00:00:00-04:00,207.88999938964844,210.1199951171875,206.32000732421875,207.82000732421875,2055069,0.0,0.0
