Date,Open,High,Low,Close,Volume,Dividends,Stock Splits
2022-01-04 00:00:00-05:00,12.0,12.0,11.5,11.800000190734863,23260,0.0,0.0
2022-01-05 00:00:00-05:00,11.800000190734863,12.100000381469727,11.600000381469727,11.899999618530273,23990,0.0,0.0
2022-01-06 00:00:00-05:00,11.600000381469727,11.699999809265137,11.399999618530273,11.5,21110,0.0,0.0
2022-01-07 00:00:00-05:00,11.399999618530273,11.5,11.300000190734863,11.300000190734863,8110,0.0,0.0
2022-01-10 00:00:00-05:00,11.399999618530273,11.5,11.199999809265137,11.5,11730,0.0,0.0
2022-01-11 00:00:00-05:00,11.699999809265137,11.800000190734863,11.399999618530273,11.800000190734863,11590,0.0,0.0
2022-01-12 00:00:00-05:00,11.699999809265137,11.800000190734863,11.5,11.699999809265137,8150,0.0,0.0
2022-01-13 00:00:00-05:00,11.800000190734863,11.800000190734863,11.5,11.5,5290,0.0,0.0
2022-01-14 00:00:00-05:00,11.600000381469727,11.600000381469727,11.199999809265137,11.5,15430,0.0,0.0
2022-01-17 00:00:00-05:00,11.300000190734863,11.600000381469727,11.300000190734863,11.5,3840,0.0,0.0
2022-01-18 00:00:00-05:00,11.399999618530273,11.699999809265137,11.300000190734863,11.5,8650,0.0,0.0
2022-01-19 00:00:00-05:00,11.399999618530273,12.600000381469727,11.399999618530273,12.399999618530273,20650,0.0,0.0
2022-01-20 00:00:00-05:00,12.399999618530273,12.600000381469727,12.100000381469727,12.199999809265137,17290,0.0,0.0
2022-01-21 00:00:00-05:00,12.0,12.199999809265137,11.699999809265137,12.0,9650,0.0,0.0
2022-01-24 00:00:00-05:00,12.0,12.0,11.300000190734863,11.600000381469727,24880,0.0,0.0
2022-01-25 00:00:00-05:00,11.899999618530273,12.100000381469727,11.5,12.0,12880,0.0,0.0
2022-01-26 00:00:00-05:00,12.0,12.0,11.300000190734863,11.399999618530273,25130,0.0,0.0
2022-01-27 00:00:00-05:00,11.199999809265137,11.399999618530273,10.699999809265137,10.899999618530273,27270,0.0,0.0
2022-01-28 00:00:00-05:00,10.899999618530273,10.899999618530273,10.399999618530273,10.399999618530273,23180,0.0,0.0
2022-01-31 00:00:00-05:00,10.699999809265137,10.800000190734863,10.399999618530273,10.699999809265137,18980,0.0,0.0
2022-02-01 00:00:00-05:00,11.0,11.199999809265137,10.800000190734863,11.0,9390,0.0,0.0
2022-02-02 00:00:00-05:00,11.0,11.0,10.699999809265137,10.800000190734863,5670,0.0,0.0
2022-02-03 00:00:00-05:00,10.600000381469727,10.800000190734863,10.399999618530273,10.5,11930,0.0,0.0
2022-02-04 00:00:00-05:00,10.5,10.699999809265137,10.5,10.699999809265137,12950,0.0,0.0
2022-02-07 00:00:00-05:00,10.399999618530273,11.0,10.399999618530273,10.800000190734863,11880,0.0,0.0
2022-02-08 00:00:00-05:00,11.0,11.100000381469727,10.800000190734863,11.100000381469727,4060,0.0,0.0
2022-02-09 00:00:00-05:00,11.0,11.100000381469727,10.800000190734863,10.800000190734863,5620,0.0,0.0
2022-02-10 00:00:00-05:00,10.800000190734863,11.100000381469727,10.5,10.899999618530273,16030,0.0,0.0
2022-02-11 00:00:00-05:00,10.699999809265137,11.399999618530273,10.699999809265137,11.199999809265137,18090,0.0,0.0
2022-02-14 00:00:00-05:00,11.399999618530273,11.399999618530273,10.800000190734863,10.800000190734863,9980,0.0,0.0
2022-02-15 00:00:00-05:00,10.699999809265137,10.800000190734863,10.5,10.699999809265137,27940,0.0,0.0
2022-02-16 00:00:00-05:00,10.800000190734863,10.800000190734863,10.399999618530273,10.600000381469727,16380,0.0,0.0
2022-02-17 00:00:00-05:00,10.699999809265137,10.800000190734863,10.600000381469727,10.600000381469727,70550,0.0,0.0
2022-02-18 00:00:00-05:00,10.800000190734863,10.800000190734863,10.199999809265137,10.300000190734863,31490,0.0,0.0
2022-02-22 00:00:00-05:00,10.199999809265137,10.399999618530273,9.699999809265137,9.800000190734863,35550,0.0,0.0
2022-02-23 00:00:00-05:00,9.800000190734863,10.0,9.600000381469727,9.800000190734863,19330,0.0,0.0
2022-02-24 00:00:00-05:00,10.300000190734863,10.300000190734863,9.600000381469727,9.699999809265137,33530,0.0,0.0
2022-02-25 00:00:00-05:00,9.800000190734863,9.800000190734863,9.600000381469727,9.699999809265137,9900,0.0,0.0
2022-02-28 00:00:00-05:00,9.699999809265137,10.0,9.399999618530273,10.0,49720,0.0,0.0
2022-03-01 00:00:00-05:00,9.800000190734863,10.300000190734863,9.699999809265137,9.699999809265137,37050,0.0,0.0
2022-03-02 00:00:00-05:00,9.699999809265137,9.899999618530273,9.600000381469727,9.699999809265137,9400,0.0,0.0
2022-03-03 00:00:00-05:00,9.699999809265137,9.699999809265137,9.399999618530273,9.399999618530273,16510,0.0,0.0
2022-03-04 00:00:00-05:00,9.699999809265137,10.600000381469727,9.699999809265137,10.399999618530273,72730,0.0,0.0
2022-03-07 00:00:00-05:00,10.800000190734863,11.300000190734863,10.5,11.300000190734863,59620,0.0,0.0
2022-03-08 00:00:00-05:00,11.399999618530273,12.5,11.399999618530273,11.899999618530273,63350,0.0,0.0
2022-03-09 00:00:00-05:00,11.300000190734863,11.600000381469727,11.100000381469727,11.399999618530273,92580,0.0,0.0
2022-03-10 00:00:00-05:00,11.0,11.899999618530273,11.0,11.5,51430,0.0,0.0
2022-03-11 00:00:00-05:00,11.399999618530273,11.5,11.100000381469727,11.300000190734863,15520,0.0,0.0
2022-03-14 00:00:00-04:00,11.199999809265137,11.199999809265137,10.300000190734863,10.399999618530273,45450,0.0,0.0
2022-03-15 00:00:00-04:00,10.199999809265137,10.899999618530273,10.100000381469727,10.5,41610,0.0,0.0
2022-03-16 00:00:00-04:00,10.399999618530273,10.699999809265137,10.100000381469727,10.5,40590,0.0,0.0
2022-03-17 00:00:00-04:00,10.399999618530273,11.0,10.399999618530273,10.600000381469727,40420,0.0,0.0
2022-03-18 00:00:00-04:00,10.699999809265137,11.100000381469727,10.5,10.800000190734863,202120,0.0,0.0
2022-03-21 00:00:00-04:00,11.0,11.5,10.899999618530273,11.199999809265137,41400,0.0,0.0
2022-03-22 00:00:00-04:00,10.899999618530273,10.899999618530273,10.600000381469727,10.800000190734863,18230,0.0,0.0
2022-03-23 00:00:00-04:00,10.699999809265137,11.0,10.600000381469727,11.0,20800,0.0,0.0
2022-03-24 00:00:00-04:00,11.0,11.0,10.800000190734863,11.0,14680,0.0,0.0
2022-03-25 00:00:00-04:00,10.600000381469727,10.800000190734863,10.600000381469727,10.800000190734863,14610,0.0,0.0
2022-03-28 00:00:00-04:00,10.5,10.5,10.300000190734863,10.5,6710,0.0,0.0
2022-03-29 00:00:00-04:00,10.300000190734863,10.600000381469727,10.100000381469727,10.5,17170,0.0,0.0
2022-03-30 00:00:00-04:00,10.5,10.800000190734863,10.399999618530273,10.399999618530273,14310,0.0,0.0
2022-03-31 00:00:00-04:00,10.399999618530273,10.699999809265137,10.300000190734863,10.5,18400,0.0,0.0
2022-04-01 00:00:00-04:00,10.600000381469727,10.800000190734863,10.5,10.699999809265137,18460,0.0,0.0
2022-04-04 00:00:00-04:00,10.699999809265137,10.699999809265137,10.300000190734863,10.399999618530273,9460,0.0,0.0
2022-04-05 00:00:00-04:00,10.699999809265137,10.699999809265137,10.0,10.199999809265137,15540,0.0,0.0
2022-04-06 00:00:00-04:00,10.0,10.199999809265137,9.899999618530273,10.100000381469727,27480,0.0,0.0
2022-04-07 00:00:00-04:00,10.0,10.199999809265137,9.800000190734863,10.100000381469727,8680,0.0,0.0
2022-04-08 00:00:00-04:00,10.100000381469727,10.5,10.100000381469727,10.300000190734863,8800,0.0,0.0
2022-04-11 00:00:00-04:00,10.699999809265137,10.699999809265137,10.100000381469727,10.100000381469727,6040,0.0,0.0
2022-04-12 00:00:00-04:00,10.199999809265137,10.5,10.0,10.399999618530273,26270,0.0,0.0
2022-04-13 00:00:00-04:00,10.5,10.699999809265137,10.399999618530273,10.699999809265137,15120,0.0,0.0
2022-04-14 00:00:00-04:00,10.399999618530273,10.899999618530273,10.399999618530273,10.800000190734863,10240,0.0,0.0
2022-04-18 00:00:00-04:00,10.800000190734863,10.899999618530273,10.5,10.600000381469727,22770,0.0,0.0
2022-04-19 00:00:00-04:00,10.699999809265137,10.699999809265137,10.399999618530273,10.5,15270,0.0,0.0
2022-04-20 00:00:00-04:00,10.5,10.600000381469727,10.199999809265137,10.399999618530273,17970,0.0,0.0
2022-04-21 00:00:00-04:00,10.199999809265137,10.300000190734863,9.800000190734863,9.800000190734863,19560,0.0,0.0
2022-04-22 00:00:00-04:00,9.800000190734863,9.899999618530273,9.300000190734863,9.600000381469727,28410,0.0,0.0
2022-04-25 00:00:00-04:00,9.300000190734863,9.300000190734863,8.800000190734863,9.100000381469727,31850,0.0,0.0
2022-04-26 00:00:00-04:00,9.100000381469727,9.300000190734863,8.5,8.600000381469727,29970,0.0,0.0
2022-04-27 00:00:00-04:00,8.600000381469727,8.800000190734863,8.5,8.5,11970,0.0,0.0
2022-04-28 00:00:00-04:00,8.800000190734863,8.899999618530273,8.600000381469727,8.800000190734863,19770,0.0,0.0
2022-04-29 00:00:00-04:00,9.0,9.100000381469727,8.699999809265137,8.699999809265137,10450,0.0,0.0
2022-05-02 00:00:00-04:00,8.699999809265137,8.699999809265137,8.199999809265137,8.5,23820,0.0,0.0
2022-05-03 00:00:00-04:00,8.300000190734863,8.600000381469727,8.199999809265137,8.199999809265137,23230,0.0,0.0
2022-05-04 00:00:00-04:00,8.399999618530273,8.399999618530273,8.0,8.399999618530273,40290,0.0,0.0
2022-05-05 00:00:00-04:00,8.600000381469727,8.600000381469727,8.100000381469727,8.399999618530273,17250,0.0,0.0
2022-05-06 00:00:00-04:00,8.100000381469727,8.300000190734863,8.0,8.0,14290,0.0,0.0
2022-05-09 00:00:00-04:00,8.100000381469727,8.100000381469727,7.599999904632568,7.599999904632568,27450,0.0,0.0
2022-05-10 00:00:00-04:00,7.699999809265137,7.800000190734863,6.800000190734863,6.900000095367432,51710,0.0,0.0
2022-05-11 00:00:00-04:00,6.900000095367432,7.0,6.5,6.699999809265137,27840,0.0,0.0
2022-05-12 00:00:00-04:00,6.900000095367432,6.900000095367432,6.0,6.099999904632568,62060,0.0,0.0
2022-05-13 00:00:00-04:00,6.300000190734863,6.699999809265137,6.300000190734863,6.5,18310,0.0,0.0
2022-05-16 00:00:00-04:00,6.800000190734863,6.800000190734863,6.5,6.5,11910,0.0,0.0
2022-05-17 00:00:00-04:00,6.900000095367432,6.900000095367432,6.5,6.599999904632568,8180,0.0,0.0
2022-05-18 00:00:00-04:00,6.900000095367432,6.900000095367432,6.400000095367432,6.400000095367432,5830,0.0,0.0
2022-05-19 00:00:00-04:00,6.599999904632568,6.800000190734863,6.5,6.800000190734863,14220,0.0,0.0
2022-05-20 00:00:00-04:00,6.699999809265137,6.800000190734863,6.400000095367432,6.5,9310,0.0,0.0
2022-05-24 00:00:00-04:00,6.599999904632568,7.0,6.599999904632568,6.800000190734863,14790,0.0,0.0
2022-05-25 00:00:00-04:00,6.900000095367432,6.900000095367432,6.699999809265137,6.699999809265137,14330,0.0,0.0
2022-05-26 00:00:00-04:00,6.699999809265137,7.5,6.699999809265137,7.400000095367432,15610,0.0,0.0
2022-05-27 00:00:00-04:00,7.599999904632568,7.800000190734863,7.300000190734863,7.699999809265137,32520,0.0,0.0
2022-05-30 00:00:00-04:00,8.0,8.0,7.099999904632568,7.400000095367432,5200,0.0,0.0
2022-05-31 00:00:00-04:00,7.5,7.800000190734863,7.400000095367432,7.5,12160,0.0,0.0
2022-06-01 00:00:00-04:00,7.599999904632568,7.599999904632568,7.199999809265137,7.400000095367432,19210,0.0,0.0
2022-06-02 00:00:00-04:00,7.599999904632568,8.199999809265137,7.599999904632568,8.100000381469727,17570,0.0,0.0
2022-06-03 00:00:00-04:00,7.800000190734863,7.900000095367432,7.599999904632568,7.599999904632568,5120,0.0,0.0
2022-06-06 00:00:00-04:00,7.699999809265137,7.699999809265137,7.199999809265137,7.199999809265137,4950,0.0,0.0
2022-06-07 00:00:00-04:00,7.300000190734863,7.400000095367432,7.199999809265137,7.400000095367432,3230,0.0,0.0
2022-06-08 00:00:00-04:00,7.199999809265137,7.300000190734863,7.099999904632568,7.300000190734863,1990,0.0,0.0
2022-06-09 00:00:00-04:00,7.199999809265137,7.199999809265137,6.900000095367432,7.099999904632568,7660,0.0,0.0
2022-06-10 00:00:00-04:00,6.900000095367432,7.5,6.800000190734863,7.5,10310,0.0,0.0
2022-06-13 00:00:00-04:00,7.099999904632568,7.099999904632568,6.599999904632568,6.599999904632568,11990,0.0,0.0
2022-06-14 00:00:00-04:00,6.699999809265137,6.699999809265137,6.599999904632568,6.599999904632568,6130,0.0,0.0
2022-06-15 00:00:00-04:00,6.800000190734863,7.0,6.599999904632568,6.699999809265137,9010,0.0,0.0
2022-06-16 00:00:00-04:00,6.599999904632568,7.199999809265137,6.5,6.900000095367432,16090,0.0,0.0
2022-06-17 00:00:00-04:00,6.699999809265137,6.900000095367432,6.199999809265137,6.199999809265137,171570,0.0,0.0
2022-06-20 00:00:00-04:00,6.599999904632568,6.599999904632568,6.099999904632568,6.300000190734863,3900,0.0,0.0
2022-06-21 00:00:00-04:00,6.599999904632568,6.599999904632568,6.300000190734863,6.400000095367432,6180,0.0,0.0
2022-06-22 00:00:00-04:00,6.5,6.599999904632568,6.400000095367432,6.400000095367432,3660,0.0,0.0
2022-06-23 00:00:00-04:00,6.400000095367432,6.599999904632568,6.0,6.300000190734863,3850,0.0,0.0
2022-06-24 00:00:00-04:00,6.300000190734863,6.699999809265137,6.300000190734863,6.599999904632568,28670,0.0,0.0
2022-06-27 00:00:00-04:00,6.599999904632568,6.599999904632568,6.400000095367432,6.400000095367432,4230,0.0,0.0
2022-06-28 00:00:00-04:00,6.400000095367432,6.400000095367432,5.900000095367432,5.900000095367432,29060,0.0,0.0
2022-06-29 00:00:00-04:00,6.199999809265137,6.199999809265137,5.699999809265137,5.900000095367432,7330,0.0,0.0
2022-06-30 00:00:00-04:00,5.699999809265137,5.900000095367432,5.300000190734863,5.400000095367432,12300,0.0,0.0
2022-07-04 00:00:00-04:00,5.400000095367432,5.900000095367432,5.400000095367432,5.800000190734863,5540,0.0,0.0
2022-07-05 00:00:00-04:00,5.599999904632568,5.599999904632568,5.199999809265137,5.5,19640,0.0,0.0
2022-07-06 00:00:00-04:00,5.699999809265137,5.699999809265137,5.0,5.400000095367432,9310,0.0,0.0
2022-07-07 00:00:00-04:00,5.5,5.5,5.300000190734863,5.400000095367432,7790,0.0,0.0
2022-07-08 00:00:00-04:00,5.199999809265137,5.400000095367432,5.199999809265137,5.300000190734863,3430,0.0,0.0
2022-07-11 00:00:00-04:00,5.599999904632568,5.599999904632568,5.199999809265137,5.199999809265137,6560,0.0,0.0
2022-07-12 00:00:00-04:00,5.300000190734863,5.400000095367432,4.900000095367432,5.0,22180,0.0,0.0
2022-07-13 00:00:00-04:00,4.900000095367432,5.199999809265137,4.800000190734863,4.900000095367432,45520,0.0,0.0
2022-07-14 00:00:00-04:00,4.900000095367432,4.900000095367432,4.400000095367432,4.699999809265137,23940,0.0,0.0
2022-07-15 00:00:00-04:00,4.800000190734863,4.800000190734863,4.599999904632568,4.699999809265137,8220,0.0,0.0
2022-07-18 00:00:00-04:00,4.699999809265137,5.0,4.599999904632568,4.599999904632568,10900,0.0,0.0
2022-07-19 00:00:00-04:00,4.599999904632568,4.800000190734863,4.400000095367432,4.400000095367432,13870,0.0,0.0
2022-07-20 00:00:00-04:00,4.5,4.5,4.300000190734863,4.400000095367432,6140,0.0,0.0
2022-07-21 00:00:00-04:00,4.300000190734863,4.599999904632568,4.300000190734863,4.400000095367432,9920,0.0,0.0
2022-07-22 00:00:00-04:00,4.5,4.5,4.300000190734863,4.300000190734863,5640,0.0,0.0
2022-07-25 00:00:00-04:00,4.599999904632568,4.599999904632568,4.199999809265137,4.199999809265137,20140,0.0,0.0
2022-07-26 00:00:00-04:00,4.400000095367432,4.800000190734863,4.400000095367432,4.699999809265137,23550,0.0,0.0
2022-07-27 00:00:00-04:00,4.699999809265137,4.800000190734863,4.599999904632568,4.699999809265137,15230,0.0,0.0
2022-07-28 00:00:00-04:00,4.659999847412109,5.010000228881836,4.53000020980835,4.860000133514404,15700,0.0,0.1
2022-07-29 00:00:00-04:00,4.849999904632568,5.28000020980835,4.789999961853027,5.070000171661377,16700,0.0,0.0
2022-08-02 00:00:00-04:00,4.929999828338623,5.159999847412109,4.78000020980835,4.820000171661377,29800,0.0,0.0
2022-08-03 00:00:00-04:00,4.820000171661377,4.829999923706055,4.389999866485596,4.409999847412109,17800,0.0,0.0
2022-08-04 00:00:00-04:00,4.579999923706055,4.75,4.550000190734863,4.610000133514404,24500,0.0,0.0
2022-08-05 00:00:00-04:00,4.599999904632568,4.639999866485596,4.389999866485596,4.519999980926514,10000,0.0,0.0
2022-08-08 00:00:00-04:00,4.659999847412109,4.71999979019165,4.519999980926514,4.670000076293945,20200,0.0,0.0
2022-08-09 00:00:00-04:00,4.619999885559082,4.619999885559082,4.53000020980835,4.53000020980835,8700,0.0,0.0
2022-08-10 00:00:00-04:00,4.670000076293945,4.670000076293945,4.449999809265137,4.5,4000,0.0,0.0
2022-08-11 00:00:00-04:00,4.539999961853027,4.590000152587891,4.179999828338623,4.190000057220459,17500,0.0,0.0
2022-08-12 00:00:00-04:00,4.380000114440918,4.380000114440918,4.190000057220459,4.309999942779541,8700,0.0,0.0
2022-08-15 00:00:00-04:00,4.21999979019165,4.320000171661377,4.130000114440918,4.260000228881836,17800,0.0,0.0
2022-08-16 00:00:00-04:00,4.320000171661377,4.340000152587891,4.269999980926514,4.340000152587891,5100,0.0,0.0
2022-08-17 00:00:00-04:00,4.260000228881836,4.320000171661377,4.070000171661377,4.079999923706055,19800,0.0,0.0
2022-08-18 00:00:00-04:00,4.090000152587891,4.090000152587891,3.950000047683716,4.050000190734863,12800,0.0,0.0
2022-08-19 00:00:00-04:00,3.9600000381469727,3.9600000381469727,3.809999942779541,3.8299999237060547,59300,0.0,0.0
2022-08-22 00:00:00-04:00,3.75,3.9600000381469727,3.680000066757202,3.9100000858306885,11400,0.0,0.0
2022-08-23 00:00:00-04:00,4.0,4.150000095367432,3.880000114440918,3.930000066757202,20000,0.0,0.0
2022-08-24 00:00:00-04:00,4.03000020980835,4.159999847412109,3.930000066757202,4.130000114440918,15200,0.0,0.0
2022-08-25 00:00:00-04:00,4.210000038146973,4.25,4.119999885559082,4.25,29600,0.0,0.0
2022-08-26 00:00:00-04:00,4.349999904632568,4.349999904632568,4.019999980926514,4.090000152587891,15700,0.0,0.0
2022-08-29 00:00:00-04:00,4.090000152587891,4.179999828338623,3.930000066757202,3.9600000381469727,19200,0.0,0.0
2022-08-30 00:00:00-04:00,3.890000104904175,3.9200000762939453,3.8399999141693115,3.9100000858306885,14100,0.0,0.0
2022-08-31 00:00:00-04:00,4.0,4.110000133514404,3.9200000762939453,4.010000228881836,15400,0.0,0.0
2022-09-01 00:00:00-04:00,3.940000057220459,4.010000228881836,3.869999885559082,3.880000114440918,12100,0.0,0.0
2022-09-02 00:00:00-04:00,4.050000190734863,4.130000114440918,3.8499999046325684,4.070000171661377,20800,0.0,0.0
2022-09-06 00:00:00-04:00,4.119999885559082,4.179999828338623,4.03000020980835,4.059999942779541,10400,0.0,0.0
2022-09-07 00:00:00-04:00,4.139999866485596,4.46999979019165,4.090000152587891,4.440000057220459,26100,0.0,0.0
2022-09-08 00:00:00-04:00,4.409999847412109,4.53000020980835,4.320000171661377,4.449999809265137,14600,0.0,0.0
2022-09-09 00:00:00-04:00,4.519999980926514,4.659999847412109,4.460000038146973,4.650000095367432,15300,0.0,0.0
2022-09-12 00:00:00-04:00,4.78000020980835,5.050000190734863,4.659999847412109,4.829999923706055,30000,0.0,0.0
2022-09-13 00:00:00-04:00,4.71999979019165,4.820000171661377,4.590000152587891,4.650000095367432,12200,0.0,0.0
2022-09-14 00:00:00-04:00,4.760000228881836,4.760000228881836,4.610000133514404,4.639999866485596,8500,0.0,0.0
2022-09-15 00:00:00-04:00,4.610000133514404,4.659999847412109,4.400000095367432,4.460000038146973,9500,0.0,0.0
2022-09-16 00:00:00-04:00,4.400000095367432,4.760000228881836,4.369999885559082,4.670000076293945,27900,0.0,0.0
2022-09-19 00:00:00-04:00,4.75,4.800000190734863,4.619999885559082,4.760000228881836,24300,0.0,0.0
2022-09-20 00:00:00-04:00,4.789999961853027,4.789999961853027,4.349999904632568,4.440000057220459,41300,0.0,0.0
2022-09-21 00:00:00-04:00,4.579999923706055,4.860000133514404,4.460000038146973,4.630000114440918,13200,0.0,0.0
2022-09-22 00:00:00-04:00,4.869999885559082,4.940000057220459,4.679999828338623,4.760000228881836,9300,0.0,0.0
2022-09-23 00:00:00-04:00,4.75,4.75,4.389999866485596,4.420000076293945,21400,0.0,0.0
2022-09-26 00:00:00-04:00,4.380000114440918,4.460000038146973,4.039999961853027,4.070000171661377,10400,0.0,0.0
2022-09-27 00:00:00-04:00,4.230000019073486,4.230000019073486,3.950000047683716,3.990000009536743,18200,0.0,0.0
2022-09-28 00:00:00-04:00,4.110000133514404,4.25,3.990000009536743,4.25,11800,0.0,0.0
2022-09-29 00:00:00-04:00,4.28000020980835,4.309999942779541,4.130000114440918,4.28000020980835,6300,0.0,0.0
2022-09-30 00:00:00-04:00,4.25,4.599999904632568,4.25,4.53000020980835,8600,0.0,0.0
2022-10-03 00:00:00-04:00,4.630000114440918,5.050000190734863,4.570000171661377,5.019999980926514,47000,0.0,0.0
2022-10-04 00:00:00-04:00,5.28000020980835,5.329999923706055,5.050000190734863,5.329999923706055,41500,0.0,0.0
2022-10-05 00:00:00-04:00,5.150000095367432,5.260000228881836,5.03000020980835,5.260000228881836,25900,0.0,0.0
2022-10-06 00:00:00-04:00,5.349999904632568,5.75,5.349999904632568,5.739999771118164,43400,0.0,0.0
2022-10-07 00:00:00-04:00,5.559999942779541,5.639999866485596,5.199999809265137,5.269999980926514,21800,0.0,0.0
2022-10-11 00:00:00-04:00,4.929999828338623,5.050000190734863,4.809999942779541,4.860000133514404,22700,0.0,0.0
2022-10-12 00:00:00-04:00,4.849999904632568,5.099999904632568,4.829999923706055,5.099999904632568,20300,0.0,0.0
2022-10-13 00:00:00-04:00,4.940000057220459,4.940000057220459,4.75,4.900000095367432,12700,0.0,0.0
2022-10-14 00:00:00-04:00,4.789999961853027,4.789999961853027,4.389999866485596,4.420000076293945,28800,0.0,0.0
2022-10-17 00:00:00-04:00,4.590000152587891,4.679999828338623,4.519999980926514,4.599999904632568,23800,0.0,0.0
2022-10-18 00:00:00-04:00,4.769999980926514,4.769999980926514,4.550000190734863,4.619999885559082,10000,0.0,0.0
2022-10-19 00:00:00-04:00,4.460000038146973,4.460000038146973,4.349999904632568,4.349999904632568,5700,0.0,0.0
2022-10-20 00:00:00-04:00,4.380000114440918,4.510000228881836,4.380000114440918,4.440000057220459,13400,0.0,0.0
2022-10-21 00:00:00-04:00,4.460000038146973,4.900000095367432,4.440000057220459,4.889999866485596,39000,0.0,0.0
2022-10-24 00:00:00-04:00,4.769999980926514,5.03000020980835,4.760000228881836,4.96999979019165,18300,0.0,0.0
2022-10-25 00:00:00-04:00,5.0,5.159999847412109,4.980000019073486,5.150000095367432,17400,0.0,0.0
2022-10-26 00:00:00-04:00,5.110000133514404,5.46999979019165,5.110000133514404,5.360000133514404,32100,0.0,0.0
2022-10-27 00:00:00-04:00,5.380000114440918,5.380000114440918,4.940000057220459,4.96999979019165,48200,0.0,0.0
2022-10-28 00:00:00-04:00,4.960000038146973,4.96999979019165,4.739999771118164,4.960000038146973,13300,0.0,0.0
2022-10-31 00:00:00-04:00,4.909999847412109,5.050000190734863,4.900000095367432,4.96999979019165,9200,0.0,0.0
2022-11-01 00:00:00-04:00,5.199999809265137,5.320000171661377,5.199999809265137,5.21999979019165,12800,0.0,0.0
2022-11-02 00:00:00-04:00,5.300000190734863,5.300000190734863,4.820000171661377,4.820000171661377,17300,0.0,0.0
2022-11-03 00:00:00-04:00,4.800000190734863,4.800000190734863,4.449999809265137,4.5,29600,0.0,0.0
2022-11-04 00:00:00-04:00,4.599999904632568,4.920000076293945,4.599999904632568,4.920000076293945,29900,0.0,0.0
2022-11-07 00:00:00-05:00,4.909999847412109,5.53000020980835,4.900000095367432,5.429999828338623,40000,0.0,0.0
2022-11-08 00:00:00-05:00,5.400000095367432,6.139999866485596,5.360000133514404,6.03000020980835,35000,0.0,0.0
2022-11-09 00:00:00-05:00,5.940000057220459,6.03000020980835,5.53000020980835,5.639999866485596,37000,0.0,0.0
2022-11-10 00:00:00-05:00,6.059999942779541,6.829999923706055,6.059999942779541,6.829999923706055,44700,0.0,0.0
2022-11-11 00:00:00-05:00,6.809999942779541,6.849999904632568,6.409999847412109,6.840000152587891,42100,0.0,0.0
2022-11-14 00:00:00-05:00,6.809999942779541,7.190000057220459,6.78000020980835,7.050000190734863,73900,0.0,0.0
2022-11-15 00:00:00-05:00,7.119999885559082,7.210000038146973,6.690000057220459,6.849999904632568,29500,0.0,0.0
2022-11-16 00:00:00-05:00,6.860000133514404,6.96999979019165,6.730000019073486,6.889999866485596,12800,0.0,0.0
2022-11-17 00:00:00-05:00,6.869999885559082,6.869999885559082,6.489999771118164,6.659999847412109,10900,0.0,0.0
2022-11-18 00:00:00-05:00,6.659999847412109,6.670000076293945,6.429999828338623,6.53000020980835,8700,0.0,0.0
2022-11-21 00:00:00-05:00,6.480000019073486,6.559999942779541,6.28000020980835,6.480000019073486,12100,0.0,0.0
2022-11-22 00:00:00-05:00,6.519999980926514,6.860000133514404,6.409999847412109,6.840000152587891,33500,0.0,0.0
2022-11-23 00:00:00-05:00,6.96999979019165,7.519999980926514,6.809999942779541,7.440000057220459,42500,0.0,0.0
2022-11-24 00:00:00-05:00,7.53000020980835,7.539999961853027,7.460000038146973,7.460000038146973,6300,0.0,0.0
2022-11-25 00:00:00-05:00,7.389999866485596,7.400000095367432,7.059999942779541,7.199999809265137,10100,0.0,0.0
2022-11-28 00:00:00-05:00,7.070000171661377,7.119999885559082,6.570000171661377,6.590000152587891,26600,0.0,0.0
2022-11-29 00:00:00-05:00,6.78000020980835,7.139999866485596,6.78000020980835,7.110000133514404,13300,0.0,0.0
2022-11-30 00:00:00-05:00,7.269999980926514,7.559999942779541,7.150000095367432,7.329999923706055,42600,0.0,0.0
2022-12-01 00:00:00-05:00,7.559999942779541,7.989999771118164,7.480000019073486,7.929999828338623,56500,0.0,0.0
2022-12-02 00:00:00-05:00,7.889999866485596,7.960000038146973,7.550000190734863,7.800000190734863,16900,0.0,0.0
2022-12-05 00:00:00-05:00,7.849999904632568,7.849999904632568,7.289999961853027,7.289999961853027,45400,0.0,0.0
2022-12-06 00:00:00-05:00,7.320000171661377,7.46999979019165,7.170000076293945,7.239999771118164,19200,0.0,0.0
2022-12-07 00:00:00-05:00,7.409999847412109,7.849999904632568,7.409999847412109,7.710000038146973,21100,0.0,0.0
2022-12-08 00:00:00-05:00,7.840000152587891,7.840000152587891,7.519999980926514,7.519999980926514,16200,0.0,0.0
2022-12-09 00:00:00-05:00,7.75,7.860000133514404,7.440000057220459,7.440000057220459,16200,0.0,0.0
2022-12-12 00:00:00-05:00,7.340000152587891,7.420000076293945,7.150000095367432,7.309999942779541,36800,0.0,0.0
2022-12-13 00:00:00-05:00,7.690000057220459,7.809999942779541,7.360000133514404,7.489999771118164,16000,0.0,0.0
2022-12-14 00:00:00-05:00,7.570000171661377,7.579999923706055,7.349999904632568,7.510000228881836,14700,0.0,0.0
2022-12-15 00:00:00-05:00,7.300000190734863,7.650000095367432,7.239999771118164,7.420000076293945,15000,0.0,0.0
2022-12-16 00:00:00-05:00,7.369999885559082,7.590000152587891,7.28000020980835,7.46999979019165,13100,0.0,0.0
2022-12-19 00:00:00-05:00,7.449999809265137,7.449999809265137,6.860000133514404,7.0,37200,0.0,0.0
2022-12-20 00:00:00-05:00,7.019999980926514,7.440000057220459,7.019999980926514,7.409999847412109,18900,0.0,0.0
2022-12-21 00:00:00-05:00,7.340000152587891,7.860000133514404,7.340000152587891,7.730000019073486,22200,0.0,0.0
2022-12-22 00:00:00-05:00,7.559999942779541,8.010000228881836,7.329999923706055,8.010000228881836,36500,0.0,0.0
2022-12-23 00:00:00-05:00,8.039999961853027,8.119999885559082,7.820000171661377,7.920000076293945,18100,0.0,0.0
2022-12-28 00:00:00-05:00,8.220000267028809,8.25,7.849999904632568,7.889999866485596,15400,0.0,0.0
2022-12-29 00:00:00-05:00,8.029999732971191,8.199999809265137,7.96999979019165,8.0,11300,0.0,0.0
2022-12-30 00:00:00-05:00,7.840000152587891,7.960000038146973,7.71999979019165,7.960000038146973,15100,0.0,0.0
2023-01-03 00:00:00-05:00,8.039999961853027,8.539999961853027,8.039999961853027,8.399999618530273,31400,0.0,0.0
2023-01-04 00:00:00-05:00,8.5,9.65999984741211,8.5,9.489999771118164,67200,0.0,0.0
2023-01-05 00:00:00-05:00,9.40999984741211,9.40999984741211,9.029999732971191,9.329999923706055,25000,0.0,0.0
2023-01-06 00:00:00-05:00,9.579999923706055,9.930000305175781,9.300000190734863,9.609999656677246,26100,0.0,0.0
2023-01-09 00:00:00-05:00,9.630000114440918,9.850000381469727,9.390000343322754,9.399999618530273,21300,0.0,0.0
2023-01-10 00:00:00-05:00,9.520000457763672,9.699999809265137,9.119999885559082,9.680000305175781,18700,0.0,0.0
2023-01-11 00:00:00-05:00,9.770000457763672,9.770000457763672,9.3100004196167,9.3100004196167,15400,0.0,0.0
2023-01-12 00:00:00-05:00,9.479999542236328,9.600000381469727,9.279999732971191,9.470000267028809,41900,0.0,0.0
2023-01-13 00:00:00-05:00,9.489999771118164,9.640000343322754,9.3100004196167,9.520000457763672,29600,0.0,0.0
2023-01-16 00:00:00-05:00,9.539999961853027,9.539999961853027,9.399999618530273,9.449999809265137,7400,0.0,0.0
2023-01-17 00:00:00-05:00,9.390000343322754,9.390000343322754,8.720000267028809,8.930000305175781,34600,0.0,0.0
2023-01-18 00:00:00-05:00,9.069999694824219,9.210000038146973,8.710000038146973,8.710000038146973,26900,0.0,0.0
2023-01-19 00:00:00-05:00,8.760000228881836,9.130000114440918,8.529999732971191,9.050000190734863,46100,0.0,0.0
2023-01-20 00:00:00-05:00,9.039999961853027,9.3100004196167,8.850000381469727,9.3100004196167,19200,0.0,0.0
2023-01-23 00:00:00-05:00,9.180000305175781,9.289999961853027,9.0600004196167,9.15999984741211,15900,0.0,0.0
2023-01-24 00:00:00-05:00,9.069999694824219,9.510000228881836,8.930000305175781,9.449999809265137,12500,0.0,0.0
2023-01-25 00:00:00-05:00,9.449999809265137,9.680000305175781,9.199999809265137,9.649999618530273,14100,0.0,0.0
2023-01-26 00:00:00-05:00,9.630000114440918,9.670000076293945,9.350000381469727,9.420000076293945,44600,0.0,0.0
2023-01-27 00:00:00-05:00,9.369999885559082,9.4399995803833,9.1899995803833,9.1899995803833,17300,0.0,0.0
2023-01-30 00:00:00-05:00,9.199999809265137,9.199999809265137,9.0,9.039999961853027,30000,0.0,0.0
2023-01-31 00:00:00-05:00,8.930000305175781,9.140000343322754,8.890000343322754,8.949999809265137,10000,0.0,0.0
2023-02-01 00:00:00-05:00,8.800000190734863,9.210000038146973,8.760000228881836,9.109999656677246,32300,0.0,0.0
2023-02-02 00:00:00-05:00,9.260000228881836,9.359999656677246,8.550000190734863,8.710000038146973,42400,0.0,0.0
2023-02-03 00:00:00-05:00,8.550000190734863,8.710000038146973,8.279999732971191,8.40999984741211,27300,0.0,0.0
2023-02-06 00:00:00-05:00,8.229999542236328,8.479999542236328,8.199999809265137,8.260000228881836,24400,0.0,0.0
2023-02-07 00:00:00-05:00,8.260000228881836,8.770000457763672,8.109999656677246,8.40999984741211,24800,0.0,0.0
2023-02-08 00:00:00-05:00,8.600000381469727,8.600000381469727,8.270000457763672,8.319999694824219,10500,0.0,0.0
2023-02-09 00:00:00-05:00,8.390000343322754,8.470000267028809,7.989999771118164,8.050000190734863,26500,0.0,0.0
2023-02-10 00:00:00-05:00,7.929999828338623,8.15999984741211,7.860000133514404,8.0600004196167,11100,0.0,0.0
2023-02-13 00:00:00-05:00,7.900000095367432,8.0,7.829999923706055,8.0,15100,0.0,0.0
2023-02-14 00:00:00-05:00,7.920000076293945,8.289999961853027,7.75,8.289999961853027,19700,0.0,0.0
2023-02-15 00:00:00-05:00,8.100000381469727,8.100000381469727,7.840000152587891,7.960000038146973,26100,0.0,0.0
2023-02-16 00:00:00-05:00,7.900000095367432,8.25,7.739999771118164,8.119999885559082,28700,0.0,0.0
2023-02-17 00:00:00-05:00,7.909999847412109,8.020000457763672,7.820000171661377,7.960000038146973,9500,0.0,0.0
2023-02-21 00:00:00-05:00,7.829999923706055,7.989999771118164,7.739999771118164,7.760000228881836,9100,0.0,0.0
2023-02-22 00:00:00-05:00,7.769999980926514,7.769999980926514,7.570000171661377,7.610000133514404,18000,0.0,0.0
2023-02-23 00:00:00-05:00,7.760000228881836,7.760000228881836,7.449999809265137,7.690000057220459,24900,0.0,0.0
2023-02-24 00:00:00-05:00,7.519999980926514,7.579999923706055,7.380000114440918,7.429999828338623,15600,0.0,0.0
2023-02-27 00:00:00-05:00,7.929999828338623,8.520000457763672,7.840000152587891,8.520000457763672,49400,0.0,0.0
2023-02-28 00:00:00-05:00,8.520000457763672,9.550000190734863,8.420000076293945,9.270000457763672,65900,0.0,0.0
2023-03-01 00:00:00-05:00,9.489999771118164,9.890000343322754,9.279999732971191,9.680000305175781,43100,0.0,0.0
2023-03-02 00:00:00-05:00,9.510000228881836,9.609999656677246,9.399999618530273,9.420000076293945,17100,0.0,0.0
2023-03-03 00:00:00-05:00,9.510000228881836,10.0,9.510000228881836,9.90999984741211,21900,0.0,0.0
2023-03-06 00:00:00-05:00,9.760000228881836,10.100000381469727,9.729999542236328,9.979999542236328,30000,0.0,0.0
2023-03-07 00:00:00-05:00,9.6899995803833,9.6899995803833,9.0,9.170000076293945,40000,0.0,0.0
2023-03-08 00:00:00-05:00,9.300000190734863,9.5,9.010000228881836,9.140000343322754,19800,0.0,0.0
2023-03-09 00:00:00-05:00,9.149999618530273,9.989999771118164,9.149999618530273,9.710000038146973,27500,0.0,0.0
2023-03-10 00:00:00-05:00,9.989999771118164,10.350000381469727,9.84000015258789,9.890000343322754,37600,0.0,0.0
2023-03-13 00:00:00-04:00,10.399999618530273,10.800000190734863,10.229999542236328,10.699999809265137,54700,0.0,0.0
2023-03-14 00:00:00-04:00,10.40999984741211,10.40999984741211,9.710000038146973,10.050000190734863,37400,0.0,0.0
2023-03-15 00:00:00-04:00,10.5,10.539999961853027,9.75,9.90999984741211,47400,0.0,0.0
2023-03-16 00:00:00-04:00,9.770000457763672,10.109999656677246,9.770000457763672,9.789999961853027,18400,0.0,0.0
2023-03-17 00:00:00-04:00,9.90999984741211,11.1899995803833,9.90999984741211,10.949999809265137,86900,0.0,0.0
2023-03-20 00:00:00-04:00,11.0,11.25,10.680000305175781,10.850000381469727,49100,0.0,0.0
2023-03-21 00:00:00-04:00,10.65999984741211,10.65999984741211,10.0,10.4399995803833,44700,0.0,0.0
2023-03-22 00:00:00-04:00,10.569999694824219,11.180000305175781,10.520000457763672,10.979999542236328,33500,0.0,0.0
2023-03-23 00:00:00-04:00,10.930000305175781,11.220000267028809,10.770000457763672,10.949999809265137,34000,0.0,0.0
2023-03-24 00:00:00-04:00,11.149999618530273,11.149999618530273,10.699999809265137,10.850000381469727,19000,0.0,0.0
2023-03-27 00:00:00-04:00,10.5,10.9399995803833,10.4399995803833,10.899999618530273,19300,0.0,0.0
2023-03-28 00:00:00-04:00,10.800000190734863,11.300000190734863,10.729999542236328,11.069999694824219,109300,0.0,0.0
2023-03-29 00:00:00-04:00,11.100000381469727,11.449999809265137,11.0600004196167,11.329999923706055,34300,0.0,0.0
2023-03-30 00:00:00-04:00,11.479999542236328,11.739999771118164,11.300000190734863,11.680000305175781,19400,0.0,0.0
2023-03-31 00:00:00-04:00,11.800000190734863,11.880000114440918,11.329999923706055,11.390000343322754,21600,0.0,0.0
2023-04-03 00:00:00-04:00,11.270000457763672,11.970000267028809,11.25,11.899999618530273,41600,0.0,0.0
2023-04-04 00:00:00-04:00,11.899999618530273,12.510000228881836,11.829999923706055,12.329999923706055,71800,0.0,0.0
2023-04-05 00:00:00-04:00,12.550000190734863,12.720000267028809,12.069999694824219,12.4399995803833,46600,0.0,0.0
2023-04-06 00:00:00-04:00,12.359999656677246,12.359999656677246,12.039999961853027,12.279999732971191,16200,0.0,0.0
2023-04-10 00:00:00-04:00,12.279999732971191,12.40999984741211,11.789999961853027,12.390000343322754,35400,0.0,0.0
2023-04-11 00:00:00-04:00,12.699999809265137,13.039999961853027,12.550000190734863,12.670000076293945,37500,0.0,0.0
2023-04-12 00:00:00-04:00,12.880000114440918,12.899999618530273,12.319999694824219,12.670000076293945,23600,0.0,0.0
2023-04-13 00:00:00-04:00,12.970000267028809,13.359999656677246,12.920000076293945,13.09000015258789,53900,0.0,0.0
2023-04-14 00:00:00-04:00,12.970000267028809,12.970000267028809,12.390000343322754,12.779999732971191,29700,0.0,0.0
2023-04-17 00:00:00-04:00,12.569999694824219,12.720000267028809,12.149999618530273,12.199999809265137,22700,0.0,0.0
2023-04-18 00:00:00-04:00,12.420000076293945,12.640000343322754,12.109999656677246,12.300000190734863,26600,0.0,0.0
2023-04-19 00:00:00-04:00,12.039999961853027,12.15999984741211,11.699999809265137,11.770000457763672,32500,0.0,0.0
2023-04-20 00:00:00-04:00,11.779999732971191,12.130000114440918,11.600000381469727,11.670000076293945,20100,0.0,0.0
2023-04-21 00:00:00-04:00,11.479999542236328,11.680000305175781,11.260000228881836,11.399999618530273,29900,0.0,0.0
2023-04-24 00:00:00-04:00,11.220000267028809,11.470000267028809,11.1899995803833,11.25,31000,0.0,0.0
2023-04-25 00:00:00-04:00,11.210000038146973,11.300000190734863,10.90999984741211,11.229999542236328,47600,0.0,0.0
2023-04-26 00:00:00-04:00,11.270000457763672,11.5600004196167,11.270000457763672,11.380000114440918,18200,0.0,0.0
2023-04-27 00:00:00-04:00,11.199999809265137,11.289999961853027,10.989999771118164,11.100000381469727,14000,0.0,0.0
2023-04-28 00:00:00-04:00,11.109999656677246,11.199999809265137,10.970000267028809,11.100000381469727,14800,0.0,0.0
2023-05-01 00:00:00-04:00,11.399999618530273,11.640000343322754,11.149999618530273,11.149999618530273,10000,0.0,0.0
2023-05-02 00:00:00-04:00,11.119999885559082,11.699999809265137,11.020000457763672,11.6899995803833,15600,0.0,0.0
2023-05-03 00:00:00-04:00,11.800000190734863,12.039999961853027,11.699999809265137,11.859999656677246,27300,0.0,0.0
2023-05-04 00:00:00-04:00,12.0,12.350000381469727,11.859999656677246,11.960000038146973,29600,0.0,0.0
2023-05-05 00:00:00-04:00,11.720000267028809,12.050000190734863,11.3100004196167,11.970000267028809,39500,0.0,0.0
2023-05-08 00:00:00-04:00,12.109999656677246,12.109999656677246,11.850000381469727,11.9399995803833,10400,0.0,0.0
2023-05-09 00:00:00-04:00,11.75,11.84000015258789,11.039999961853027,11.09000015258789,32000,0.0,0.0
2023-05-10 00:00:00-04:00,11.050000190734863,11.170000076293945,10.529999732971191,10.84000015258789,40100,0.0,0.0
2023-05-11 00:00:00-04:00,10.6899995803833,10.710000038146973,10.420000076293945,10.5600004196167,34300,0.0,0.0
2023-05-12 00:00:00-04:00,10.720000267028809,10.899999618530273,10.449999809265137,10.829999923706055,24100,0.0,0.0
2023-05-15 00:00:00-04:00,10.829999923706055,11.220000267028809,10.75,10.75,26500,0.0,0.0
2023-05-16 00:00:00-04:00,10.75,10.75,10.3100004196167,10.449999809265137,20600,0.0,0.0
2023-05-17 00:00:00-04:00,10.300000190734863,10.640000343322754,10.270000457763672,10.630000114440918,19400,0.0,0.0
2023-05-18 00:00:00-04:00,10.390000343322754,10.5600004196167,10.1899995803833,10.539999961853027,17300,0.0,0.0
2023-05-19 00:00:00-04:00,10.729999542236328,10.84000015258789,10.390000343322754,10.630000114440918,13800,0.0,0.0
2023-05-23 00:00:00-04:00,10.260000228881836,10.649999618530273,10.260000228881836,10.5,68300,0.0,0.0
2023-05-24 00:00:00-04:00,10.510000228881836,10.510000228881836,9.869999885559082,9.9399995803833,41000,0.0,0.0
2023-05-25 00:00:00-04:00,9.800000190734863,9.819999694824219,9.59000015258789,9.760000228881836,36600,0.0,0.0
2023-05-26 00:00:00-04:00,9.850000381469727,9.949999809265137,9.760000228881836,9.9399995803833,28500,0.0,0.0
2023-05-29 00:00:00-04:00,9.710000038146973,10.020000457763672,9.710000038146973,9.989999771118164,4100,0.0,0.0
2023-05-30 00:00:00-04:00,9.859999656677246,10.100000381469727,9.859999656677246,10.020000457763672,9600,0.0,0.0
2023-05-31 00:00:00-04:00,10.199999809265137,10.529999732971191,10.020000457763672,10.420000076293945,16900,0.0,0.0
2023-06-01 00:00:00-04:00,10.550000190734863,10.850000381469727,10.479999542236328,10.760000228881836,12900,0.0,0.0
2023-06-02 00:00:00-04:00,10.75,10.989999771118164,10.680000305175781,10.850000381469727,19000,0.0,0.0
2023-06-05 00:00:00-04:00,10.6899995803833,11.09000015258789,10.680000305175781,10.90999984741211,16300,0.0,0.0
2023-06-06 00:00:00-04:00,10.760000228881836,10.9399995803833,10.619999885559082,10.899999618530273,21600,0.0,0.0
2023-06-07 00:00:00-04:00,11.0,11.109999656677246,10.270000457763672,10.279999732971191,18500,0.0,0.0
2023-06-08 00:00:00-04:00,10.569999694824219,10.770000457763672,10.529999732971191,10.720000267028809,7400,0.0,0.0
2023-06-09 00:00:00-04:00,10.760000228881836,10.760000228881836,10.0600004196167,10.079999923706055,13800,0.0,0.0
2023-06-12 00:00:00-04:00,10.069999694824219,10.079999923706055,9.850000381469727,9.979999542236328,21000,0.0,0.0
2023-06-13 00:00:00-04:00,9.84000015258789,10.050000190734863,9.710000038146973,9.710000038146973,14900,0.0,0.0
2023-06-14 00:00:00-04:00,9.930000305175781,9.930000305175781,9.369999885559082,9.479999542236328,16700,0.0,0.0
2023-06-15 00:00:00-04:00,9.329999923706055,9.449999809265137,9.289999961853027,9.390000343322754,11800,0.0,0.0
2023-06-16 00:00:00-04:00,9.5,9.739999771118164,9.359999656677246,9.630000114440918,12400,0.0,0.0
2023-06-19 00:00:00-04:00,9.5,9.5,9.4399995803833,9.449999809265137,2100,0.0,0.0
2023-06-20 00:00:00-04:00,9.25,9.25,9.100000381469727,9.1899995803833,8300,0.0,0.0
2023-06-21 00:00:00-04:00,9.220000267028809,9.40999984741211,9.15999984741211,9.329999923706055,12100,0.0,0.0
2023-06-22 00:00:00-04:00,9.25,9.380000114440918,9.109999656677246,9.279999732971191,12000,0.0,0.0
2023-06-23 00:00:00-04:00,9.359999656677246,9.5600004196167,9.180000305175781,9.279999732971191,11800,0.0,0.0
2023-06-26 00:00:00-04:00,9.470000267028809,9.470000267028809,9.079999923706055,9.180000305175781,11500,0.0,0.0
2023-06-27 00:00:00-04:00,9.3100004196167,9.3100004196167,9.029999732971191,9.260000228881836,14900,0.0,0.0
2023-06-28 00:00:00-04:00,9.15999984741211,9.210000038146973,9.039999961853027,9.09000015258789,9700,0.0,0.0
2023-06-29 00:00:00-04:00,9.0,9.399999618530273,9.0,9.399999618530273,14200,0.0,0.0
2023-06-30 00:00:00-04:00,9.40999984741211,9.600000381469727,9.40999984741211,9.520000457763672,7900,0.0,0.0
2023-07-04 00:00:00-04:00,9.510000228881836,9.550000190734863,9.329999923706055,9.329999923706055,1000,0.0,0.0
2023-07-05 00:00:00-04:00,9.479999542236328,9.479999542236328,9.210000038146973,9.25,20000,0.0,0.0
2023-07-06 00:00:00-04:00,9.229999542236328,9.229999542236328,8.890000343322754,9.069999694824219,23800,0.0,0.0
2023-07-07 00:00:00-04:00,9.170000076293945,9.34000015258789,9.09000015258789,9.199999809265137,26000,0.0,0.0
2023-07-10 00:00:00-04:00,9.100000381469727,9.609999656677246,9.100000381469727,9.609999656677246,19700,0.0,0.0
2023-07-11 00:00:00-04:00,9.699999809265137,9.960000038146973,9.550000190734863,9.609999656677246,15400,0.0,0.0
2023-07-12 00:00:00-04:00,9.979999542236328,10.680000305175781,9.850000381469727,10.649999618530273,26000,0.0,0.0
2023-07-13 00:00:00-04:00,10.890000343322754,11.229999542236328,10.760000228881836,11.229999542236328,28000,0.0,0.0
2023-07-14 00:00:00-04:00,11.180000305175781,11.229999542236328,10.930000305175781,11.039999961853027,13900,0.0,0.0
2023-07-17 00:00:00-04:00,11.0,11.550000190734863,10.829999923706055,11.470000267028809,60000,0.0,0.0
2023-07-18 00:00:00-04:00,11.489999771118164,12.079999923706055,11.489999771118164,12.039999961853027,42700,0.0,0.0
2023-07-19 00:00:00-04:00,12.069999694824219,12.079999923706055,11.649999618530273,12.010000228881836,19800,0.0,0.0
2023-07-20 00:00:00-04:00,11.899999618530273,11.949999809265137,11.630000114440918,11.819999694824219,19600,0.0,0.0
2023-07-21 00:00:00-04:00,11.770000457763672,11.920000076293945,11.600000381469727,11.649999618530273,18400,0.0,0.0
2023-07-24 00:00:00-04:00,11.529999732971191,11.75,11.4399995803833,11.5,6100,0.0,0.0
2023-07-25 00:00:00-04:00,11.529999732971191,12.039999961853027,11.520000457763672,11.989999771118164,20600,0.0,0.0
2023-07-26 00:00:00-04:00,12.0,12.119999885559082,11.850000381469727,11.989999771118164,11000,0.0,0.0
2023-07-27 00:00:00-04:00,11.630000114440918,11.630000114440918,10.789999961853027,10.859999656677246,26500,0.0,0.0
2023-07-28 00:00:00-04:00,10.850000381469727,11.449999809265137,10.850000381469727,11.319999694824219,11600,0.0,0.0
2023-07-31 00:00:00-04:00,11.399999618530273,11.6899995803833,11.380000114440918,11.380000114440918,11700,0.0,0.0
2023-08-01 00:00:00-04:00,11.020000457763672,11.140000343322754,10.65999984741211,10.729999542236328,19700,0.0,0.0
2023-08-02 00:00:00-04:00,10.649999618530273,10.649999618530273,10.25,10.279999732971191,11900,0.0,0.0
2023-08-03 00:00:00-04:00,10.399999618530273,10.4399995803833,10.130000114440918,10.350000381469727,10300,0.0,0.0
2023-08-04 00:00:00-04:00,10.600000381469727,10.75,10.300000190734863,10.300000190734863,9200,0.0,0.0
2023-08-08 00:00:00-04:00,10.050000190734863,10.220000267028809,9.779999732971191,10.09000015258789,15200,0.0,0.0
2023-08-09 00:00:00-04:00,10.010000228881836,10.119999885559082,9.729999542236328,9.84000015258789,19100,0.0,0.0
2023-08-10 00:00:00-04:00,9.970000267028809,10.050000190734863,9.470000267028809,9.550000190734863,13600,0.0,0.0
2023-08-11 00:00:00-04:00,9.5,10.100000381469727,9.5,9.770000457763672,13700,0.0,0.0
2023-08-14 00:00:00-04:00,9.75,9.949999809265137,9.59000015258789,9.779999732971191,14400,0.0,0.0
2023-08-15 00:00:00-04:00,9.619999885559082,9.779999732971191,9.5,9.5,26300,0.0,0.0
2023-08-16 00:00:00-04:00,9.449999809265137,9.449999809265137,9.079999923706055,9.079999923706055,25100,0.0,0.0
2023-08-17 00:00:00-04:00,9.199999809265137,9.199999809265137,8.989999771118164,9.119999885559082,21500,0.0,0.0
2023-08-18 00:00:00-04:00,9.119999885559082,9.34000015258789,9.029999732971191,9.34000015258789,12900,0.0,0.0
2023-08-21 00:00:00-04:00,9.40999984741211,9.479999542236328,9.0,9.359999656677246,7600,0.0,0.0
2023-08-22 00:00:00-04:00,9.5,10.020000457763672,9.5,10.0,13800,0.0,0.0
2023-08-23 00:00:00-04:00,10.279999732971191,10.75,10.15999984741211,10.720000267028809,24200,0.0,0.0
2023-08-24 00:00:00-04:00,10.84000015258789,10.84000015258789,10.220000267028809,10.40999984741211,18400,0.0,0.0
2023-08-25 00:00:00-04:00,10.239999771118164,10.369999885559082,9.880000114440918,10.069999694824219,8300,0.0,0.0
2023-08-28 00:00:00-04:00,10.199999809265137,10.979999542236328,10.069999694824219,10.979999542236328,23000,0.0,0.0
2023-08-29 00:00:00-04:00,10.850000381469727,11.319999694824219,10.699999809265137,11.229999542236328,25100,0.0,0.0
2023-08-30 00:00:00-04:00,11.390000343322754,11.539999961853027,11.130000114440918,11.220000267028809,20100,0.0,0.0
2023-08-31 00:00:00-04:00,11.180000305175781,11.210000038146973,10.699999809265137,10.930000305175781,13800,0.0,0.0
2023-09-01 00:00:00-04:00,11.050000190734863,11.15999984741211,10.59000015258789,10.699999809265137,6700,0.0,0.0
2023-09-05 00:00:00-04:00,10.399999618530273,10.479999542236328,9.670000076293945,9.859999656677246,45700,0.0,0.0
2023-09-06 00:00:00-04:00,9.75,9.930000305175781,9.699999809265137,9.770000457763672,29700,0.0,0.0
2023-09-07 00:00:00-04:00,9.600000381469727,9.710000038146973,9.550000190734863,9.600000381469727,13400,0.0,0.0
2023-09-08 00:00:00-04:00,9.600000381469727,9.880000114440918,9.4399995803833,9.449999809265137,19700,0.0,0.0
2023-09-11 00:00:00-04:00,9.649999618530273,9.699999809265137,9.390000343322754,9.470000267028809,9600,0.0,0.0
2023-09-12 00:00:00-04:00,9.390000343322754,9.520000457763672,9.079999923706055,9.119999885559082,35700,0.0,0.0
2023-09-13 00:00:00-04:00,9.229999542236328,9.229999542236328,8.90999984741211,9.119999885559082,24400,0.0,0.0
2023-09-14 00:00:00-04:00,9.100000381469727,9.489999771118164,9.100000381469727,9.369999885559082,18400,0.0,0.0
2023-09-15 00:00:00-04:00,9.5,9.850000381469727,9.5,9.600000381469727,14600,0.0,0.0
2023-09-18 00:00:00-04:00,9.6899995803833,9.779999732971191,9.350000381469727,9.760000228881836,12100,0.0,0.0
2023-09-19 00:00:00-04:00,9.800000190734863,9.800000190734863,9.25,9.350000381469727,8700,0.0,0.0
2023-09-20 00:00:00-04:00,9.600000381469727,9.819999694824219,9.529999732971191,9.600000381469727,52900,0.0,0.0
2023-09-21 00:00:00-04:00,9.449999809265137,9.449999809265137,9.149999618530273,9.25,8700,0.0,0.0
2023-09-22 00:00:00-04:00,9.460000038146973,9.460000038146973,9.239999771118164,9.25,10200,0.0,0.0
2023-09-25 00:00:00-04:00,9.199999809265137,9.199999809265137,8.539999961853027,8.619999885559082,34500,0.0,0.0
2023-09-26 00:00:00-04:00,8.550000190734863,8.739999771118164,8.449999809265137,8.65999984741211,10900,0.0,0.0
2023-09-27 00:00:00-04:00,8.600000381469727,8.84000015258789,8.460000038146973,8.819999694824219,17600,0.0,0.0
2023-09-28 00:00:00-04:00,8.789999961853027,8.949999809265137,8.600000381469727,8.949999809265137,25200,0.0,0.0
2023-09-29 00:00:00-04:00,9.020000457763672,9.15999984741211,8.579999923706055,8.729999542236328,19000,0.0,0.0
2023-10-02 00:00:00-04:00,8.729999542236328,8.729999542236328,8.34000015258789,8.380000114440918,17300,0.0,0.0
2023-10-03 00:00:00-04:00,8.3100004196167,8.609999656677246,8.279999732971191,8.479999542236328,13500,0.0,0.0
2023-10-04 00:00:00-04:00,8.539999961853027,8.710000038146973,8.5,8.5600004196167,11100,0.0,0.0
2023-10-05 00:00:00-04:00,8.569999694824219,8.609999656677246,8.260000228881836,8.260000228881836,10500,0.0,0.0
2023-10-06 00:00:00-04:00,8.170000076293945,8.84000015258789,8.170000076293945,8.579999923706055,10900,0.0,0.0
2023-10-10 00:00:00-04:00,8.979999542236328,9.079999923706055,8.859999656677246,8.960000038146973,8600,0.0,0.0
2023-10-11 00:00:00-04:00,9.119999885559082,9.970000267028809,9.119999885559082,9.949999809265137,32500,0.0,0.0
2023-10-12 00:00:00-04:00,10.020000457763672,10.09000015258789,9.75,9.930000305175781,25100,0.0,0.0
2023-10-13 00:00:00-04:00,10.210000038146973,10.890000343322754,10.210000038146973,10.649999618530273,47900,0.0,0.0
2023-10-16 00:00:00-04:00,10.670000076293945,10.979999542236328,10.279999732971191,10.920000076293945,19400,0.0,0.0
2023-10-17 00:00:00-04:00,10.930000305175781,11.369999885559082,10.890000343322754,11.300000190734863,19100,0.0,0.0
2023-10-18 00:00:00-04:00,11.520000457763672,11.680000305175781,10.65999984741211,10.90999984741211,29200,0.0,0.0
2023-10-19 00:00:00-04:00,10.630000114440918,10.720000267028809,10.470000267028809,10.609999656677246,19500,0.0,0.0
2023-10-20 00:00:00-04:00,10.609999656677246,11.140000343322754,10.609999656677246,10.8100004196167,21200,0.0,0.0
2023-10-23 00:00:00-04:00,10.609999656677246,10.609999656677246,10.15999984741211,10.199999809265137,25900,0.0,0.0
2023-10-24 00:00:00-04:00,10.050000190734863,10.460000038146973,10.050000190734863,10.279999732971191,22300,0.0,0.0
2023-10-25 00:00:00-04:00,10.239999771118164,10.369999885559082,9.75,9.75,21300,0.0,0.0
2023-10-26 00:00:00-04:00,9.75,9.770000457763672,9.289999961853027,9.630000114440918,14100,0.0,0.0
2023-10-27 00:00:00-04:00,9.640000343322754,9.90999984741211,9.380000114440918,9.90999984741211,25700,0.0,0.0
2023-10-30 00:00:00-04:00,9.930000305175781,9.930000305175781,9.430000305175781,9.550000190734863,16000,0.0,0.0
2023-10-31 00:00:00-04:00,9.789999961853027,9.979999542236328,9.4399995803833,9.600000381469727,17500,0.0,0.0
2023-11-01 00:00:00-04:00,9.460000038146973,9.460000038146973,8.819999694824219,9.170000076293945,42800,0.0,0.0
2023-11-02 00:00:00-04:00,9.319999694824219,9.319999694824219,8.899999618530273,9.140000343322754,17600,0.0,0.0
2023-11-03 00:00:00-04:00,9.25,9.800000190734863,9.25,9.720000267028809,17300,0.0,0.0
2023-11-06 00:00:00-05:00,9.609999656677246,9.649999618530273,9.149999618530273,9.199999809265137,8100,0.0,0.0
2023-11-07 00:00:00-05:00,9.010000228881836,9.010000228881836,8.649999618530273,8.800000190734863,17600,0.0,0.0
2023-11-08 00:00:00-05:00,8.779999732971191,8.90999984741211,8.729999542236328,8.800000190734863,7600,0.0,0.0
2023-11-09 00:00:00-05:00,8.800000190734863,10.09000015258789,8.800000190734863,9.579999923706055,48000,0.0,0.0
2023-11-10 00:00:00-05:00,9.420000076293945,9.539999961853027,9.100000381469727,9.380000114440918,16300,0.0,0.0
2023-11-13 00:00:00-05:00,9.369999885559082,9.369999885559082,8.989999771118164,9.0600004196167,7900,0.0,0.0
2023-11-14 00:00:00-05:00,9.25,10.3100004196167,9.25,10.199999809265137,34800,0.0,0.0
2023-11-15 00:00:00-05:00,10.220000267028809,10.260000228881836,9.859999656677246,10.029999732971191,15500,0.0,0.0
2023-11-16 00:00:00-05:00,10.180000305175781,10.699999809265137,10.180000305175781,10.25,13400,0.0,0.0
2023-11-17 00:00:00-05:00,10.34000015258789,10.34000015258789,10.0,10.15999984741211,17000,0.0,0.0
2023-11-20 00:00:00-05:00,10.149999618530273,10.350000381469727,10.079999923706055,10.350000381469727,7400,0.0,0.0
2023-11-21 00:00:00-05:00,10.399999618530273,10.819999694824219,10.300000190734863,10.300000190734863,16100,0.0,0.0
2023-11-22 00:00:00-05:00,10.239999771118164,10.369999885559082,9.640000343322754,9.770000457763672,27900,0.0,0.0
2023-11-23 00:00:00-05:00,10.140000343322754,10.140000343322754,9.710000038146973,9.869999885559082,1400,0.0,0.0
2023-11-24 00:00:00-05:00,9.600000381469727,10.100000381469727,9.600000381469727,9.9399995803833,15500,0.0,0.0
2023-11-27 00:00:00-05:00,10.1899995803833,10.239999771118164,9.890000343322754,10.079999923706055,16200,0.0,0.0
2023-11-28 00:00:00-05:00,10.119999885559082,10.520000457763672,10.0,10.369999885559082,17200,0.0,0.0
2023-11-29 00:00:00-05:00,10.229999542236328,10.59000015258789,10.229999542236328,10.5,16500,0.0,0.0
2023-11-30 00:00:00-05:00,10.289999961853027,10.449999809265137,10.09000015258789,10.40999984741211,12300,0.0,0.0
2023-12-01 00:00:00-05:00,10.40999984741211,10.489999771118164,10.220000267028809,10.350000381469727,32400,0.0,0.0
2023-12-04 00:00:00-05:00,10.199999809265137,10.199999809265137,9.729999542236328,10.020000457763672,32600,0.0,0.0
2023-12-05 00:00:00-05:00,9.890000343322754,10.0,9.75,9.90999984741211,15800,0.0,0.0
2023-12-06 00:00:00-05:00,10.0,10.300000190734863,9.970000267028809,10.020000457763672,13200,0.0,0.0
2023-12-07 00:00:00-05:00,9.920000076293945,10.350000381469727,9.819999694824219,10.350000381469727,13600,0.0,0.0
2023-12-08 00:00:00-05:00,10.220000267028809,10.420000076293945,10.039999961853027,10.279999732971191,20700,0.0,0.0
2023-12-11 00:00:00-05:00,9.960000038146973,9.960000038146973,9.619999885559082,9.75,22500,0.0,0.0
2023-12-12 00:00:00-05:00,9.8100004196167,9.8100004196167,9.050000190734863,9.050000190734863,20300,0.0,0.0
2023-12-13 00:00:00-05:00,9.210000038146973,10.069999694824219,9.210000038146973,10.050000190734863,17700,0.0,0.0
2023-12-14 00:00:00-05:00,10.15999984741211,10.579999923706055,10.130000114440918,10.199999809265137,33600,0.0,0.0
2023-12-15 00:00:00-05:00,10.140000343322754,10.489999771118164,10.119999885559082,10.350000381469727,8300,0.0,0.0
2023-12-18 00:00:00-05:00,10.25,10.470000267028809,10.100000381469727,10.329999923706055,12200,0.0,0.0
2023-12-19 00:00:00-05:00,10.460000038146973,10.850000381469727,10.399999618530273,10.579999923706055,27500,0.0,0.0
2023-12-20 00:00:00-05:00,10.630000114440918,10.630000114440918,10.0600004196167,10.0600004196167,15100,0.0,0.0
2023-12-21 00:00:00-05:00,10.329999923706055,10.329999923706055,10.069999694824219,10.199999809265137,10000,0.0,0.0
2023-12-22 00:00:00-05:00,10.369999885559082,10.539999961853027,10.079999923706055,10.09000015258789,19100,0.0,0.0
2023-12-27 00:00:00-05:00,10.119999885559082,10.34000015258789,10.0600004196167,10.079999923706055,9700,0.0,0.0
2023-12-28 00:00:00-05:00,10.039999961853027,10.039999961853027,9.649999618530273,9.720000267028809,31700,0.0,0.0
2023-12-29 00:00:00-05:00,9.600000381469727,9.699999809265137,9.470000267028809,9.529999732971191,7400,0.0,0.0
2024-01-02 00:00:00-05:00,9.479999542236328,9.640000343322754,9.329999923706055,9.390000343322754,20700,0.0,0.0
2024-01-03 00:00:00-05:00,9.180000305175781,9.229999542236328,9.029999732971191,9.210000038146973,19200,0.0,0.0
2024-01-04 00:00:00-05:00,9.109999656677246,9.229999542236328,9.0600004196167,9.180000305175781,9900,0.0,0.0
2024-01-05 00:00:00-05:00,9.130000114440918,9.399999618530273,9.0600004196167,9.279999732971191,12100,0.0,0.0
2024-01-08 00:00:00-05:00,9.050000190734863,9.180000305175781,9.010000228881836,9.109999656677246,10100,0.0,0.0
2024-01-09 00:00:00-05:00,9.25,9.25,8.880000114440918,8.9399995803833,18800,0.0,0.0
2024-01-10 00:00:00-05:00,8.869999885559082,8.949999809265137,8.800000190734863,8.8100004196167,10500,0.0,0.0
2024-01-11 00:00:00-05:00,8.90999984741211,8.90999984741211,8.710000038146973,8.819999694824219,12300,0.0,0.0
2024-01-12 00:00:00-05:00,9.0600004196167,9.300000190734863,8.960000038146973,9.09000015258789,7300,0.0,0.0
2024-01-15 00:00:00-05:00,8.869999885559082,9.199999809265137,8.869999885559082,9.199999809265137,2100,0.0,0.0
2024-01-16 00:00:00-05:00,9.0,9.010000228881836,8.75,8.850000381469727,11300,0.0,0.0
2024-01-17 00:00:00-05:00,8.670000076293945,8.819999694824219,8.609999656677246,8.8100004196167,19800,0.0,0.0
2024-01-18 00:00:00-05:00,8.800000190734863,8.869999885559082,8.699999809265137,8.8100004196167,9500,0.0,0.0
2024-01-19 00:00:00-05:00,8.8100004196167,8.829999923706055,8.640000343322754,8.789999961853027,9000,0.0,0.0
2024-01-22 00:00:00-05:00,8.75,8.899999618530273,8.75,8.859999656677246,4200,0.0,0.0
2024-01-23 00:00:00-05:00,8.890000343322754,8.930000305175781,8.699999809265137,8.819999694824219,7600,0.0,0.0
2024-01-24 00:00:00-05:00,8.829999923706055,8.989999771118164,8.609999656677246,8.979999542236328,17300,0.0,0.0
2024-01-25 00:00:00-05:00,9.1899995803833,9.319999694824219,9.029999732971191,9.119999885559082,21600,0.0,0.0
2024-01-26 00:00:00-05:00,9.069999694824219,9.109999656677246,9.0,9.109999656677246,3000,0.0,0.0
2024-01-29 00:00:00-05:00,9.100000381469727,9.100000381469727,8.760000228881836,9.0,13300,0.0,0.0
2024-01-30 00:00:00-05:00,9.100000381469727,9.1899995803833,8.75,8.770000457763672,18900,0.0,0.0
2024-01-31 00:00:00-05:00,8.760000228881836,8.899999618530273,8.619999885559082,8.630000114440918,19200,0.0,0.0
2024-02-01 00:00:00-05:00,8.609999656677246,9.329999923706055,8.609999656677246,9.329999923706055,32600,0.0,0.0
2024-02-02 00:00:00-05:00,9.279999732971191,9.979999542236328,9.100000381469727,9.949999809265137,59600,0.0,0.0
2024-02-05 00:00:00-05:00,9.6899995803833,9.880000114440918,9.619999885559082,9.84000015258789,8100,0.0,0.0
2024-02-06 00:00:00-05:00,9.779999732971191,9.869999885559082,9.529999732971191,9.550000190734863,9500,0.0,0.0
2024-02-07 00:00:00-05:00,9.5,9.539999961853027,9.430000305175781,9.449999809265137,10500,0.0,0.0
2024-02-08 00:00:00-05:00,9.270000457763672,9.369999885559082,9.199999809265137,9.229999542236328,10200,0.0,0.0
2024-02-09 00:00:00-05:00,9.25,9.300000190734863,9.079999923706055,9.210000038146973,6600,0.0,0.0
2024-02-12 00:00:00-05:00,9.140000343322754,9.4399995803833,9.140000343322754,9.319999694824219,11300,0.0,0.0
2024-02-13 00:00:00-05:00,8.970000267028809,9.010000228881836,8.680000305175781,8.720000267028809,34000,0.0,0.0
2024-02-14 00:00:00-05:00,8.65999984741211,8.6899995803833,8.289999961853027,8.34000015258789,21100,0.0,0.0
2024-02-15 00:00:00-05:00,8.449999809265137,8.579999923706055,8.3100004196167,8.350000381469727,18700,0.0,0.0
2024-02-16 00:00:00-05:00,8.430000305175781,8.529999732971191,8.300000190734863,8.380000114440918,17200,0.0,0.0
2024-02-20 00:00:00-05:00,8.399999618530273,8.420000076293945,8.229999542236328,8.350000381469727,14300,0.0,0.0
2024-02-21 00:00:00-05:00,8.220000267028809,8.420000076293945,8.180000305175781,8.420000076293945,16100,0.0,0.0
2024-02-22 00:00:00-05:00,8.239999771118164,8.239999771118164,8.140000343322754,8.15999984741211,32000,0.0,0.0
2024-02-23 00:00:00-05:00,8.289999961853027,8.449999809265137,8.050000190734863,8.380000114440918,26000,0.0,0.0
2024-02-26 00:00:00-05:00,8.300000190734863,8.4399995803833,8.149999618530273,8.3100004196167,5100,0.0,0.0
2024-02-27 00:00:00-05:00,8.40999984741211,8.5,8.220000267028809,8.229999542236328,9500,0.0,0.0
2024-02-28 00:00:00-05:00,8.199999809265137,8.199999809265137,8.050000190734863,8.050000190734863,11600,0.0,0.0
2024-02-29 00:00:00-05:00,8.25,8.390000343322754,8.25,8.270000457763672,11800,0.0,0.0
2024-03-01 00:00:00-05:00,8.579999923706055,9.510000228881836,8.579999923706055,9.279999732971191,56800,0.0,0.0
2024-03-04 00:00:00-05:00,9.399999618530273,10.609999656677246,9.399999618530273,10.609999656677246,74300,0.0,0.0
2024-03-05 00:00:00-05:00,10.90999984741211,11.020000457763672,10.520000457763672,11.020000457763672,44100,0.0,0.0
2024-03-06 00:00:00-05:00,11.100000381469727,11.1899995803833,10.600000381469727,10.739999771118164,31500,0.0,0.0
2024-03-07 00:00:00-05:00,10.699999809265137,10.899999618530273,10.579999923706055,10.859999656677246,22400,0.0,0.0
2024-03-08 00:00:00-05:00,10.890000343322754,11.15999984741211,10.779999732971191,10.949999809265137,27600,0.0,0.0
2024-03-11 00:00:00-04:00,10.789999961853027,11.359999656677246,10.789999961853027,10.970000267028809,20600,0.0,0.0
2024-03-12 00:00:00-04:00,10.819999694824219,11.1899995803833,10.600000381469727,11.170000076293945,24000,0.0,0.0
2024-03-13 00:00:00-04:00,11.210000038146973,11.960000038146973,11.210000038146973,11.90999984741211,33600,0.0,0.0
2024-03-14 00:00:00-04:00,11.859999656677246,11.890000343322754,11.300000190734863,11.430000305175781,20600,0.0,0.0
2024-03-15 00:00:00-04:00,11.5,11.829999923706055,11.279999732971191,11.680000305175781,11500,0.0,0.0
2024-03-18 00:00:00-04:00,11.369999885559082,11.609999656677246,11.149999618530273,11.460000038146973,23200,0.0,0.0
2024-03-19 00:00:00-04:00,11.399999618530273,12.050000190734863,11.359999656677246,11.369999885559082,55500,0.0,0.0
2024-03-20 00:00:00-04:00,11.260000228881836,12.1899995803833,11.25,12.100000381469727,56000,0.0,0.0
2024-03-21 00:00:00-04:00,12.449999809265137,12.5,11.720000267028809,11.850000381469727,42800,0.0,0.0
2024-03-22 00:00:00-04:00,11.819999694824219,12.140000343322754,11.699999809265137,11.960000038146973,36400,0.0,0.0
2024-03-25 00:00:00-04:00,11.979999542236328,12.899999618530273,11.979999542236328,12.369999885559082,59600,0.0,0.0
2024-03-26 00:00:00-04:00,12.680000305175781,12.680000305175781,12.229999542236328,12.319999694824219,55700,0.0,0.0
2024-03-27 00:00:00-04:00,12.359999656677246,13.100000381469727,12.359999656677246,13.069999694824219,92200,0.0,0.0
2024-03-28 00:00:00-04:00,13.109999656677246,13.6899995803833,12.989999771118164,13.359999656677246,39100,0.0,0.0
2024-04-01 00:00:00-04:00,13.600000381469727,14.449999809265137,13.600000381469727,14.34000015258789,49900,0.0,0.0
2024-04-02 00:00:00-04:00,14.489999771118164,14.6899995803833,14.15999984741211,14.640000343322754,68600,0.0,0.0
2024-04-03 00:00:00-04:00,14.600000381469727,15.25,14.550000190734863,15.0,61100,0.0,0.0
2024-04-04 00:00:00-04:00,14.989999771118164,15.369999885559082,14.649999618530273,14.819999694824219,38200,0.0,0.0
2024-04-05 00:00:00-04:00,13.630000114440918,14.829999923706055,13.229999542236328,14.739999771118164,116900,0.0,0.0
2024-04-08 00:00:00-04:00,14.970000267028809,15.350000381469727,14.630000114440918,15.350000381469727,46000,0.0,0.0
2024-04-09 00:00:00-04:00,15.390000343322754,16.09000015258789,15.390000343322754,15.739999771118164,117200,0.0,0.0
2024-04-10 00:00:00-04:00,15.390000343322754,16.170000076293945,14.890000343322754,15.970000267028809,58600,0.0,0.0
2024-04-11 00:00:00-04:00,15.970000267028809,16.25,15.59000015258789,16.18000030517578,32200,0.0,0.0
2024-04-12 00:00:00-04:00,16.469999313354492,16.790000915527344,15.359999656677246,15.579999923706055,95800,0.0,0.0
2024-04-15 00:00:00-04:00,15.789999961853027,15.970000267028809,15.449999809265137,15.539999961853027,24100,0.0,0.0
2024-04-16 00:00:00-04:00,15.239999771118164,15.529999732971191,14.930000305175781,15.229999542236328,67400,0.0,0.0
2024-04-17 00:00:00-04:00,15.170000076293945,15.479999542236328,14.640000343322754,15.029999732971191,87300,0.0,0.0
2024-04-18 00:00:00-04:00,15.15999984741211,15.8100004196167,15.140000343322754,15.199999809265137,55900,0.0,0.0
2024-04-19 00:00:00-04:00,14.979999542236328,15.5600004196167,14.979999542236328,15.40999984741211,31500,0.0,0.0
2024-04-22 00:00:00-04:00,14.640000343322754,15.100000381469727,14.5600004196167,14.890000343322754,43500,0.0,0.0
2024-04-23 00:00:00-04:00,14.529999732971191,15.210000038146973,14.5,15.199999809265137,46800,0.0,0.0
2024-04-24 00:00:00-04:00,15.199999809265137,15.25,14.899999618530273,14.960000038146973,57900,0.0,0.0
2024-04-25 00:00:00-04:00,14.869999885559082,16.489999771118164,14.869999885559082,16.309999465942383,100100,0.0,0.0
2024-04-26 00:00:00-04:00,16.68000030517578,17.079999923706055,16.190000534057617,16.75,90100,0.0,0.0
2024-04-29 00:00:00-04:00,16.860000610351562,17.0,16.530000686645508,16.690000534057617,34500,0.0,0.0
2024-04-30 00:00:00-04:00,16.190000534057617,16.510000228881836,15.739999771118164,15.739999771118164,27700,0.0,0.0
2024-05-01 00:00:00-04:00,15.869999885559082,16.559999465942383,15.779999732971191,15.880000114440918,30900,0.0,0.0
2024-05-02 00:00:00-04:00,15.739999771118164,16.170000076293945,15.729999542236328,15.880000114440918,12500,0.0,0.0
2024-05-03 00:00:00-04:00,15.880000114440918,16.09000015258789,15.649999618530273,16.079999923706055,15500,0.0,0.0
2024-05-06 00:00:00-04:00,16.479999542236328,16.729999542236328,16.309999465942383,16.459999084472656,27600,0.0,0.0
2024-05-07 00:00:00-04:00,16.559999465942383,16.719999313354492,16.360000610351562,16.59000015258789,8300,0.0,0.0
2024-05-08 00:00:00-04:00,16.350000381469727,16.709999084472656,16.34000015258789,16.709999084472656,30200,0.0,0.0
2024-05-09 00:00:00-04:00,15.680000305175781,15.680000305175781,13.4399995803833,14.09000015258789,209200,0.0,0.0
2024-05-10 00:00:00-04:00,14.260000228881836,14.489999771118164,13.8100004196167,14.100000381469727,45500,0.0,0.0
2024-05-13 00:00:00-04:00,13.850000381469727,14.270000457763672,13.850000381469727,13.930000305175781,58000,0.0,0.0
2024-05-14 00:00:00-04:00,13.970000267028809,14.59000015258789,13.960000038146973,14.59000015258789,46500,0.0,0.0
2024-05-15 00:00:00-04:00,14.59000015258789,14.800000190734863,14.380000114440918,14.569999694824219,28200,0.0,0.0
2024-05-16 00:00:00-04:00,14.380000114440918,14.699999809265137,14.279999732971191,14.4399995803833,27100,0.0,0.0
2024-05-17 00:00:00-04:00,14.739999771118164,15.5,14.720000267028809,15.15999984741211,93700,0.0,0.0
2024-05-21 00:00:00-04:00,15.9399995803833,16.399999618530273,15.59000015258789,15.729999542236328,60300,0.0,0.0
2024-05-22 00:00:00-04:00,15.550000190734863,15.609999656677246,15.0600004196167,15.210000038146973,25500,0.0,0.0
2024-05-23 00:00:00-04:00,15.1899995803833,15.399999618530273,14.899999618530273,14.960000038146973,32200,0.0,0.0
2024-05-24 00:00:00-04:00,15.039999961853027,15.670000076293945,14.949999809265137,15.520000457763672,30400,0.0,0.0
2024-05-27 00:00:00-04:00,15.979999542236328,15.989999771118164,15.539999961853027,15.710000038146973,6700,0.0,0.0
2024-05-28 00:00:00-04:00,15.789999961853027,16.899999618530273,15.789999961853027,16.469999313354492,69000,0.0,0.0
2024-05-29 00:00:00-04:00,16.329999923706055,16.690000534057617,16.200000762939453,16.510000228881836,22600,0.0,0.0
2024-05-30 00:00:00-04:00,16.5,17.010000228881836,16.350000381469727,16.5,20300,0.0,0.0
2024-05-31 00:00:00-04:00,16.6200008392334,16.6200008392334,15.899999618530273,16.25,27200,0.0,0.0
2024-06-03 00:00:00-04:00,16.149999618530273,16.3799991607666,15.920000076293945,16.3799991607666,31600,0.0,0.0
2024-06-04 00:00:00-04:00,15.869999885559082,15.869999885559082,15.079999923706055,15.25,23300,0.0,0.0
2024-06-05 00:00:00-04:00,15.270000457763672,15.40999984741211,15.050000190734863,15.220000267028809,26800,0.0,0.0
2024-06-06 00:00:00-04:00,15.399999618530273,15.729999542236328,15.199999809265137,15.5,27900,0.0,0.0
2024-06-07 00:00:00-04:00,15.029999732971191,15.140000343322754,14.5,14.670000076293945,52800,0.0,0.0
2024-06-10 00:00:00-04:00,14.800000190734863,14.8100004196167,14.369999885559082,14.779999732971191,20800,0.0,0.0
2024-06-11 00:00:00-04:00,14.5600004196167,14.569999694824219,14.239999771118164,14.420000076293945,14500,0.0,0.0
2024-06-12 00:00:00-04:00,14.739999771118164,14.739999771118164,14.1899995803833,14.210000038146973,19800,0.0,0.0
2024-06-13 00:00:00-04:00,14.1899995803833,14.529999732971191,14.010000228881836,14.09000015258789,23200,0.0,0.0
2024-06-14 00:00:00-04:00,14.170000076293945,14.260000228881836,13.90999984741211,14.260000228881836,14000,0.0,0.0
2024-06-17 00:00:00-04:00,14.020000457763672,14.229999542236328,13.329999923706055,13.380000114440918,24700,0.0,0.0
2024-06-18 00:00:00-04:00,13.300000190734863,13.510000228881836,13.25,13.390000343322754,15900,0.0,0.0
2024-06-19 00:00:00-04:00,13.40999984741211,13.40999984741211,13.25,13.319999694824219,2900,0.0,0.0
2024-06-20 00:00:00-04:00,13.4399995803833,13.539999961853027,13.149999618530273,13.180000305175781,29000,0.0,0.0
2024-06-21 00:00:00-04:00,13.029999732971191,13.380000114440918,12.859999656677246,13.380000114440918,32100,0.0,0.0
2024-06-24 00:00:00-04:00,13.050000190734863,13.300000190734863,12.800000190734863,12.970000267028809,28500,0.0,0.0
2024-06-25 00:00:00-04:00,12.8100004196167,13.069999694824219,12.729999542236328,12.729999542236328,25100,0.0,0.0
2024-06-26 00:00:00-04:00,12.630000114440918,12.819999694824219,12.539999961853027,12.680000305175781,9200,0.0,0.0
2024-06-27 00:00:00-04:00,12.670000076293945,12.890000343322754,12.520000457763672,12.529999732971191,14200,0.0,0.0
2024-06-28 00:00:00-04:00,12.5600004196167,12.739999771118164,12.390000343322754,12.550000190734863,9600,0.0,0.0
2024-07-02 00:00:00-04:00,12.1899995803833,12.449999809265137,12.100000381469727,12.420000076293945,6200,0.0,0.0
2024-07-03 00:00:00-04:00,12.550000190734863,13.350000381469727,12.550000190734863,13.270000457763672,12900,0.0,0.0
2024-07-04 00:00:00-04:00,12.949999809265137,13.529999732971191,12.949999809265137,13.380000114440918,13100,0.0,0.0
2024-07-05 00:00:00-04:00,13.449999809265137,13.880000114440918,13.350000381469727,13.770000457763672,18400,0.0,0.0
2024-07-08 00:00:00-04:00,13.600000381469727,13.930000305175781,13.449999809265137,13.800000190734863,13500,0.0,0.0
2024-07-09 00:00:00-04:00,13.8100004196167,13.890000343322754,13.5,13.529999732971191,9100,0.0,0.0
2024-07-10 00:00:00-04:00,13.619999885559082,14.199999809265137,13.619999885559082,14.0,24500,0.0,0.0
2024-07-11 00:00:00-04:00,14.220000267028809,14.300000190734863,13.90999984741211,14.050000190734863,23100,0.0,0.0
2024-07-12 00:00:00-04:00,14.0,14.020000457763672,13.829999923706055,13.880000114440918,12300,0.0,0.0
2024-07-15 00:00:00-04:00,14.079999923706055,14.079999923706055,13.720000267028809,13.869999885559082,9400,0.0,0.0
2024-07-16 00:00:00-04:00,13.859999656677246,14.319999694824219,13.859999656677246,14.319999694824219,26600,0.0,0.0
2024-07-17 00:00:00-04:00,14.350000381469727,14.350000381469727,13.600000381469727,13.640000343322754,71300,0.0,0.0
2024-07-18 00:00:00-04:00,13.59000015258789,13.59000015258789,12.899999618530273,13.069999694824219,14300,0.0,0.0
2024-07-19 00:00:00-04:00,13.079999923706055,13.09000015258789,12.779999732971191,12.819999694824219,11200,0.0,0.0
2024-07-22 00:00:00-04:00,12.680000305175781,12.880000114440918,12.579999923706055,12.800000190734863,44400,0.0,0.0
2024-07-23 00:00:00-04:00,12.800000190734863,12.970000267028809,12.699999809265137,12.789999961853027,6100,0.0,0.0
2024-07-24 00:00:00-04:00,12.979999542236328,13.149999618530273,12.550000190734863,12.550000190734863,15000,0.0,0.0
2024-07-25 00:00:00-04:00,12.260000228881836,12.84000015258789,12.069999694824219,12.699999809265137,32400,0.0,0.0
2024-07-26 00:00:00-04:00,12.789999961853027,12.84000015258789,12.489999771118164,12.569999694824219,46100,0.0,0.0
2024-07-29 00:00:00-04:00,12.579999923706055,12.640000343322754,12.25,12.510000228881836,10000,0.0,0.0
2024-07-30 00:00:00-04:00,12.609999656677246,12.6899995803833,12.3100004196167,12.65999984741211,21200,0.0,0.0
2024-07-31 00:00:00-04:00,12.75,13.300000190734863,12.75,12.930000305175781,56300,0.0,0.0
2024-08-01 00:00:00-04:00,12.869999885559082,12.9399995803833,12.289999961853027,12.520000457763672,47600,0.0,0.0
2024-08-02 00:00:00-04:00,12.59000015258789,12.600000381469727,11.720000267028809,11.90999984741211,35700,0.0,0.0
2024-08-06 00:00:00-04:00,11.039999961853027,11.449999809265137,11.039999961853027,11.329999923706055,57700,0.0,0.0
2024-08-07 00:00:00-04:00,11.470000267028809,11.579999923706055,10.84000015258789,11.100000381469727,54000,0.0,0.0
2024-08-08 00:00:00-04:00,11.25,11.510000228881836,10.949999809265137,11.25,77400,0.0,0.0
2024-08-09 00:00:00-04:00,11.270000457763672,11.449999809265137,11.130000114440918,11.449999809265137,37300,0.0,0.0
2024-08-12 00:00:00-04:00,11.619999885559082,11.760000228881836,11.270000457763672,11.510000228881836,55900,0.0,0.0
2024-08-13 00:00:00-04:00,11.569999694824219,12.210000038146973,11.569999694824219,12.029999732971191,32600,0.0,0.0
2024-08-14 00:00:00-04:00,11.850000381469727,12.079999923706055,11.789999961853027,11.819999694824219,35000,0.0,0.0
2024-08-15 00:00:00-04:00,11.770000457763672,12.119999885559082,11.739999771118164,12.020000457763672,32600,0.0,0.0
2024-08-16 00:00:00-04:00,12.300000190734863,12.359999656677246,11.930000305175781,12.3100004196167,49300,0.0,0.0
2024-08-19 00:00:00-04:00,12.34000015258789,13.630000114440918,12.34000015258789,13.5600004196167,52000,0.0,0.0
2024-08-20 00:00:00-04:00,13.850000381469727,14.239999771118164,13.239999771118164,13.239999771118164,40600,0.0,0.0
2024-08-21 00:00:00-04:00,13.289999961853027,13.539999961853027,13.050000190734863,13.539999961853027,30900,0.0,0.0
2024-08-22 00:00:00-04:00,13.15999984741211,13.15999984741211,12.779999732971191,12.829999923706055,35700,0.0,0.0
2024-08-23 00:00:00-04:00,12.930000305175781,13.380000114440918,12.760000228881836,12.760000228881836,19800,0.0,0.0
2024-08-26 00:00:00-04:00,12.899999618530273,12.899999618530273,12.479999542236328,12.779999732971191,28300,0.0,0.0
2024-08-27 00:00:00-04:00,12.510000228881836,12.65999984741211,12.430000305175781,12.5600004196167,19600,0.0,0.0
2024-08-28 00:00:00-04:00,12.210000038146973,12.350000381469727,12.09000015258789,12.199999809265137,26500,0.0,0.0
2024-08-29 00:00:00-04:00,12.4399995803833,12.5600004196167,12.350000381469727,12.399999618530273,24200,0.0,0.0
2024-08-30 00:00:00-04:00,12.420000076293945,12.420000076293945,12.229999542236328,12.270000457763672,11100,0.0,0.0
2024-09-03 00:00:00-04:00,12.140000343322754,12.140000343322754,11.390000343322754,11.479999542236328,37300,0.0,0.0
2024-09-04 00:00:00-04:00,11.579999923706055,11.720000267028809,11.329999923706055,11.329999923706055,10600,0.0,0.0
2024-09-05 00:00:00-04:00,11.75,11.930000305175781,11.619999885559082,11.819999694824219,17800,0.0,0.0
2024-09-06 00:00:00-04:00,11.779999732971191,11.890000343322754,11.399999618530273,11.510000228881836,26700,0.0,0.0
2024-09-09 00:00:00-04:00,11.600000381469727,11.6899995803833,11.4399995803833,11.489999771118164,46600,0.0,0.0
2024-09-10 00:00:00-04:00,11.489999771118164,11.489999771118164,11.130000114440918,11.40999984741211,34800,0.0,0.0
2024-09-11 00:00:00-04:00,11.430000305175781,12.020000457763672,11.430000305175781,12.020000457763672,15400,0.0,0.0
2024-09-12 00:00:00-04:00,12.270000457763672,13.010000228881836,12.270000457763672,12.729999542236328,55300,0.0,0.0
2024-09-13 00:00:00-04:00,12.899999618530273,13.1899995803833,12.829999923706055,12.859999656677246,37100,0.0,0.0
2024-09-16 00:00:00-04:00,12.84000015258789,12.949999809265137,12.680000305175781,12.75,35400,0.0,0.0
2024-09-17 00:00:00-04:00,12.850000381469727,12.859999656677246,12.449999809265137,12.449999809265137,26300,0.0,0.0
2024-09-18 00:00:00-04:00,12.460000038146973,12.960000038146973,12.140000343322754,12.25,46000,0.0,0.0
2024-09-19 00:00:00-04:00,12.8100004196167,12.8100004196167,12.329999923706055,12.520000457763672,39900,0.0,0.0
2024-09-20 00:00:00-04:00,12.520000457763672,12.930000305175781,12.460000038146973,12.930000305175781,74800,0.0,0.0
2024-09-23 00:00:00-04:00,12.760000228881836,13.0,12.260000228881836,12.270000457763672,46800,0.0,0.0
2024-09-24 00:00:00-04:00,12.40999984741211,13.380000114440918,12.40999984741211,13.260000228881836,47600,0.0,0.0
2024-09-25 00:00:00-04:00,13.369999885559082,13.520000457763672,12.90999984741211,12.90999984741211,37100,0.0,0.0
2024-09-26 00:00:00-04:00,13.489999771118164,13.869999885559082,13.180000305175781,13.699999809265137,74700,0.0,0.0
2024-09-27 00:00:00-04:00,13.850000381469727,13.850000381469727,12.90999984741211,13.050000190734863,35400,0.0,0.0
2024-09-30 00:00:00-04:00,12.880000114440918,12.880000114440918,12.430000305175781,12.569999694824219,46600,0.0,0.0
2024-10-01 00:00:00-04:00,12.869999885559082,12.890000343322754,12.430000305175781,12.579999923706055,26000,0.0,0.0
2024-10-02 00:00:00-04:00,12.680000305175781,12.899999618530273,12.550000190734863,12.5600004196167,35300,0.0,0.0
2024-10-03 00:00:00-04:00,12.489999771118164,12.619999885559082,12.399999618530273,12.600000381469727,16000,0.0,0.0
2024-10-04 00:00:00-04:00,12.479999542236328,13.180000305175781,12.479999542236328,12.6899995803833,37800,0.0,0.0
2024-10-07 00:00:00-04:00,12.619999885559082,13.529999732971191,12.609999656677246,13.260000228881836,58700,0.0,0.0
2024-10-08 00:00:00-04:00,13.300000190734863,13.300000190734863,12.930000305175781,13.210000038146973,31000,0.0,0.0
2024-10-09 00:00:00-04:00,13.119999885559082,13.289999961853027,12.8100004196167,13.289999961853027,19400,0.0,0.0
2024-10-10 00:00:00-04:00,13.460000038146973,13.789999961853027,13.300000190734863,13.5600004196167,72800,0.0,0.0
2024-10-11 00:00:00-04:00,13.75,14.079999923706055,13.729999542236328,13.819999694824219,44700,0.0,0.0
2024-10-15 00:00:00-04:00,13.8100004196167,13.970000267028809,13.520000457763672,13.930000305175781,47800,0.0,0.0
2024-10-16 00:00:00-04:00,14.0600004196167,14.380000114440918,13.699999809265137,13.699999809265137,67400,0.0,0.0
2024-10-17 00:00:00-04:00,13.890000343322754,14.069999694824219,13.579999923706055,13.970000267028809,48600,0.0,0.0
2024-10-18 00:00:00-04:00,14.239999771118164,15.15999984741211,14.239999771118164,15.0,65600,0.0,0.0
2024-10-21 00:00:00-04:00,15.5600004196167,15.720000267028809,14.789999961853027,14.789999961853027,60100,0.0,0.0
2024-10-22 00:00:00-04:00,15.449999809265137,15.630000114440918,15.270000457763672,15.40999984741211,57700,0.0,0.0
2024-10-23 00:00:00-04:00,15.119999885559082,15.180000305175781,14.84000015258789,14.989999771118164,47800,0.0,0.0
2024-10-24 00:00:00-04:00,15.229999542236328,15.229999542236328,14.329999923706055,14.75,41300,0.0,0.0
2024-10-25 00:00:00-04:00,14.520000457763672,14.920000076293945,14.399999618530273,14.399999618530273,27200,0.0,0.0
2024-10-28 00:00:00-04:00,14.399999618530273,14.489999771118164,14.199999809265137,14.25,21500,0.0,0.0
2024-10-29 00:00:00-04:00,14.510000228881836,14.829999923706055,14.449999809265137,14.65999984741211,25900,0.0,0.0
2024-10-30 00:00:00-04:00,14.789999961853027,14.789999961853027,13.979999542236328,14.140000343322754,23200,0.0,0.0
2024-10-31 00:00:00-04:00,13.899999618530273,13.899999618530273,12.859999656677246,13.25,58200,0.0,0.0
2024-11-01 00:00:00-04:00,13.359999656677246,13.359999656677246,12.960000038146973,13.020000457763672,35400,0.0,0.0
2024-11-04 00:00:00-05:00,13.09000015258789,13.09000015258789,12.630000114440918,12.75,30800,0.0,0.0
2024-11-05 00:00:00-05:00,13.0,13.0,12.619999885559082,12.710000038146973,24100,0.0,0.0
2024-11-06 00:00:00-05:00,12.489999771118164,13.15999984741211,11.819999694824219,12.890000343322754,79100,0.0,0.0
2024-11-07 00:00:00-05:00,12.869999885559082,13.399999618530273,12.59000015258789,13.0600004196167,55100,0.0,0.0
2024-11-08 00:00:00-05:00,12.739999771118164,12.739999771118164,12.170000076293945,12.399999618530273,45400,0.0,0.0
2024-11-11 00:00:00-05:00,12.130000114440918,12.130000114440918,11.279999732971191,11.640000343322754,66500,0.0,0.0
2024-11-12 00:00:00-05:00,11.390000343322754,11.670000076293945,11.220000267028809,11.539999961853027,83900,0.0,0.0
2024-11-13 00:00:00-05:00,11.600000381469727,11.8100004196167,11.220000267028809,11.319999694824219,44200,0.0,0.0
2024-11-14 00:00:00-05:00,11.25,11.960000038146973,11.25,11.8100004196167,48700,0.0,0.0
2024-11-15 00:00:00-05:00,11.819999694824219,12.25,11.800000190734863,11.890000343322754,30300,0.0,0.0
2024-11-18 00:00:00-05:00,12.3100004196167,12.5600004196167,12.0,12.050000190734863,30000,0.0,0.0
2024-11-19 00:00:00-05:00,12.029999732971191,12.199999809265137,12.0,12.09000015258789,17600,0.0,0.0
2024-11-20 00:00:00-05:00,12.09000015258789,12.09000015258789,11.720000267028809,11.800000190734863,41500,0.0,0.0
2024-11-21 00:00:00-05:00,11.899999618530273,11.90999984741211,11.640000343322754,11.90999984741211,33400,0.0,0.0
2024-11-22 00:00:00-05:00,12.130000114440918,12.130000114440918,11.680000305175781,11.6899995803833,15300,0.0,0.0
2024-11-25 00:00:00-05:00,11.600000381469727,11.600000381469727,11.119999885559082,11.489999771118164,39700,0.0,0.0
2024-11-26 00:00:00-05:00,11.529999732971191,11.529999732971191,11.359999656677246,11.479999542236328,12100,0.0,0.0
2024-11-27 00:00:00-05:00,11.619999885559082,11.670000076293945,11.4399995803833,11.520000457763672,14800,0.0,0.0
2024-11-28 00:00:00-05:00,11.390000343322754,11.649999618530273,11.359999656677246,11.630000114440918,6800,0.0,0.0
2024-11-29 00:00:00-05:00,11.859999656677246,11.859999656677246,11.619999885559082,11.819999694824219,16200,0.0,0.0
2024-12-02 00:00:00-05:00,11.6899995803833,11.819999694824219,11.520000457763672,11.720000267028809,22200,0.0,0.0
2024-12-03 00:00:00-05:00,12.0600004196167,13.050000190734863,12.0600004196167,12.8100004196167,68200,0.0,0.0
2024-12-04 00:00:00-05:00,12.829999923706055,12.960000038146973,12.529999732971191,12.649999618530273,19600,0.0,0.0
2024-12-05 00:00:00-05:00,12.630000114440918,12.630000114440918,12.119999885559082,12.270000457763672,11700,0.0,0.0
2024-12-06 00:00:00-05:00,12.380000114440918,12.380000114440918,11.829999923706055,11.90999984741211,16600,0.0,0.0
2024-12-09 00:00:00-05:00,12.520000457763672,12.9399995803833,12.279999732971191,12.3100004196167,34700,0.0,0.0
2024-12-10 00:00:00-05:00,12.510000228881836,12.510000228881836,12.100000381469727,12.140000343322754,9000,0.0,0.0
2024-12-11 00:00:00-05:00,12.15999984741211,12.960000038146973,12.15999984741211,12.90999984741211,34000,0.0,0.0
2024-12-12 00:00:00-05:00,12.760000228881836,12.760000228881836,12.220000267028809,12.420000076293945,18900,0.0,0.0
2024-12-13 00:00:00-05:00,12.25,12.25,11.75,11.970000267028809,16400,0.0,0.0
2024-12-16 00:00:00-05:00,12.0,12.029999732971191,11.729999542236328,11.800000190734863,16300,0.0,0.0
2024-12-17 00:00:00-05:00,11.800000190734863,12.069999694824219,11.640000343322754,12.039999961853027,13300,0.0,0.0
2024-12-18 00:00:00-05:00,11.960000038146973,11.970000267028809,11.300000190734863,11.300000190734863,24700,0.0,0.0
2024-12-19 00:00:00-05:00,11.5,11.600000381469727,11.199999809265137,11.300000190734863,27600,0.0,0.0
2024-12-20 00:00:00-05:00,11.279999732971191,11.739999771118164,11.279999732971191,11.359999656677246,22000,0.0,0.0
2024-12-23 00:00:00-05:00,11.630000114440918,11.630000114440918,11.300000190734863,11.399999618530273,36100,0.0,0.0
2024-12-24 00:00:00-05:00,11.390000343322754,11.420000076293945,11.270000457763672,11.420000076293945,17000,0.0,0.0
2024-12-27 00:00:00-05:00,11.319999694824219,11.4399995803833,11.199999809265137,11.40999984741211,30600,0.0,0.0
2024-12-30 00:00:00-05:00,11.369999885559082,11.369999885559082,10.880000114440918,10.960000038146973,36200,0.0,0.0
2024-12-31 00:00:00-05:00,11.0600004196167,11.199999809265137,11.0600004196167,11.180000305175781,9300,0.0,0.0
2025-01-02 00:00:00-05:00,11.479999542236328,12.0,11.479999542236328,11.90999984741211,8900,0.0,0.0
2025-01-03 00:00:00-05:00,11.920000076293945,12.0,11.800000190734863,11.800000190734863,25800,0.0,0.0
2025-01-06 00:00:00-05:00,12.0600004196167,12.0600004196167,11.739999771118164,11.779999732971191,28600,0.0,0.0
2025-01-07 00:00:00-05:00,12.020000457763672,12.199999809265137,11.5600004196167,11.600000381469727,29100,0.0,0.0
2025-01-08 00:00:00-05:00,11.680000305175781,12.09000015258789,11.680000305175781,12.010000228881836,22400,0.0,0.0
2025-01-09 00:00:00-05:00,12.0,12.300000190734863,11.979999542236328,12.050000190734863,15600,0.0,0.0
2025-01-10 00:00:00-05:00,12.149999618530273,12.359999656677246,11.979999542236328,12.079999923706055,21700,0.0,0.0
2025-01-13 00:00:00-05:00,11.979999542236328,11.979999542236328,11.4399995803833,11.479999542236328,23700,0.0,0.0
2025-01-14 00:00:00-05:00,11.619999885559082,11.979999542236328,11.5600004196167,11.970000267028809,10700,0.0,0.0
2025-01-15 00:00:00-05:00,12.199999809265137,12.199999809265137,11.770000457763672,12.0600004196167,11200,0.0,0.0
2025-01-16 00:00:00-05:00,12.220000267028809,12.329999923706055,11.84000015258789,11.890000343322754,11700,0.0,0.0
2025-01-17 00:00:00-05:00,11.800000190734863,12.319999694824219,11.770000457763672,12.109999656677246,15200,0.0,0.0
2025-01-20 00:00:00-05:00,12.0,12.15999984741211,12.0,12.15999984741211,4000,0.0,0.0
2025-01-21 00:00:00-05:00,12.15999984741211,12.25,11.850000381469727,11.9399995803833,19300,0.0,0.0
2025-01-22 00:00:00-05:00,12.069999694824219,12.119999885559082,11.729999542236328,11.930000305175781,19400,0.0,0.0
2025-01-23 00:00:00-05:00,11.75,11.880000114440918,11.609999656677246,11.880000114440918,15000,0.0,0.0
2025-01-24 00:00:00-05:00,12.09000015258789,12.300000190734863,11.90999984741211,12.0,36200,0.0,0.0
2025-01-27 00:00:00-05:00,11.680000305175781,11.680000305175781,11.430000305175781,11.579999923706055,23500,0.0,0.0
2025-01-28 00:00:00-05:00,11.710000038146973,11.710000038146973,11.4399995803833,11.520000457763672,12700,0.0,0.0
2025-01-29 00:00:00-05:00,11.600000381469727,11.880000114440918,11.5600004196167,11.880000114440918,17500,0.0,0.0
2025-01-30 00:00:00-05:00,12.119999885559082,12.600000381469727,12.109999656677246,12.420000076293945,42400,0.0,0.0
2025-01-31 00:00:00-05:00,12.3100004196167,12.359999656677246,11.859999656677246,12.0,24900,0.0,0.0
2025-02-03 00:00:00-05:00,12.25,12.539999961853027,12.130000114440918,12.270000457763672,29100,0.0,0.0
2025-02-04 00:00:00-05:00,12.300000190734863,12.470000267028809,12.15999984741211,12.4399995803833,24800,0.0,0.0
2025-02-05 00:00:00-05:00,12.569999694824219,12.800000190734863,12.4399995803833,12.5,18400,0.0,0.0
2025-02-06 00:00:00-05:00,12.619999885559082,12.619999885559082,12.149999618530273,12.399999618530273,16700,0.0,0.0
2025-02-07 00:00:00-05:00,10.989999771118164,10.989999771118164,10.289999961853027,10.539999961853027,249700,0.0,0.0
2025-02-10 00:00:00-05:00,10.760000228881836,11.170000076293945,10.479999542236328,10.670000076293945,102600,0.0,0.0
2025-02-11 00:00:00-05:00,10.609999656677246,10.949999809265137,10.449999809265137,10.579999923706055,114800,0.0,0.0
2025-02-12 00:00:00-05:00,10.649999618530273,11.270000457763672,10.550000190734863,11.270000457763672,52300,0.0,0.0
2025-02-13 00:00:00-05:00,10.970000267028809,11.029999732971191,10.699999809265137,10.829999923706055,46600,0.0,0.0
2025-02-14 00:00:00-05:00,10.899999618530273,10.899999618530273,10.430000305175781,10.470000267028809,38200,0.0,0.0
2025-02-18 00:00:00-05:00,10.550000190734863,10.720000267028809,10.4399995803833,10.680000305175781,24400,0.0,0.0
2025-02-19 00:00:00-05:00,10.680000305175781,10.710000038146973,10.479999542236328,10.6899995803833,17200,0.0,0.0
2025-02-20 00:00:00-05:00,10.680000305175781,11.050000190734863,10.609999656677246,10.8100004196167,57000,0.0,0.0
2025-02-21 00:00:00-05:00,10.84000015258789,10.84000015258789,10.149999618530273,10.15999984741211,92700,0.0,0.0
2025-02-24 00:00:00-05:00,10.180000305175781,10.359999656677246,10.050000190734863,10.300000190734863,27200,0.0,0.0
2025-02-25 00:00:00-05:00,10.199999809265137,10.239999771118164,9.890000343322754,10.199999809265137,38200,0.0,0.0
2025-02-26 00:00:00-05:00,10.289999961853027,10.5,10.220000267028809,10.319999694824219,24800,0.0,0.0
2025-02-27 00:00:00-05:00,10.300000190734863,10.300000190734863,9.960000038146973,10.0,40100,0.0,0.0
2025-02-28 00:00:00-05:00,9.930000305175781,9.979999542236328,9.609999656677246,9.949999809265137,68900,0.0,0.0
2025-03-03 00:00:00-05:00,10.149999618530273,10.239999771118164,9.600000381469727,9.710000038146973,32800,0.0,0.0
2025-03-04 00:00:00-05:00,9.699999809265137,9.760000228881836,9.380000114440918,9.59000015258789,60200,0.0,0.0
2025-03-05 00:00:00-05:00,9.569999694824219,10.470000267028809,9.479999542236328,10.470000267028809,37900,0.0,0.0
2025-03-06 00:00:00-05:00,10.180000305175781,10.380000114440918,10.109999656677246,10.279999732971191,33400,0.0,0.0
2025-03-07 00:00:00-05:00,10.350000381469727,10.649999618530273,10.270000457763672,10.289999961853027,33100,0.0,0.0
2025-03-10 00:00:00-04:00,10.319999694824219,10.5,9.930000305175781,10.109999656677246,44100,0.0,0.0
2025-03-11 00:00:00-04:00,10.229999542236328,10.579999923706055,10.15999984741211,10.15999984741211,61400,0.0,0.0
2025-03-12 00:00:00-04:00,10.319999694824219,10.819999694824219,10.220000267028809,10.770000457763672,54700,0.0,0.0
2025-03-13 00:00:00-04:00,10.779999732971191,11.270000457763672,10.760000228881836,10.890000343322754,71300,0.0,0.0
2025-03-14 00:00:00-04:00,10.989999771118164,10.989999771118164,10.640000343322754,10.720000267028809,38500,0.0,0.0
2025-03-17 00:00:00-04:00,10.649999618530273,11.050000190734863,10.649999618530273,10.75,80100,0.0,0.0
2025-03-18 00:00:00-04:00,11.069999694824219,11.489999771118164,11.069999694824219,11.25,99200,0.0,0.0
2025-03-19 00:00:00-04:00,11.1899995803833,11.899999618530273,10.84000015258789,11.800000190734863,186700,0.0,0.0
2025-03-20 00:00:00-04:00,11.6899995803833,12.079999923706055,11.680000305175781,11.9399995803833,98400,0.0,0.0
2025-03-21 00:00:00-04:00,11.899999618530273,11.899999618530273,10.970000267028809,10.970000267028809,188400,0.0,0.0
2025-03-24 00:00:00-04:00,11.109999656677246,11.229999542236328,10.949999809265137,11.109999656677246,59800,0.0,0.0
2025-03-25 00:00:00-04:00,11.1899995803833,11.569999694824219,11.1899995803833,11.300000190734863,54000,0.0,0.0
2025-03-26 00:00:00-04:00,11.319999694824219,11.470000267028809,11.170000076293945,11.210000038146973,52400,0.0,0.0
2025-03-27 00:00:00-04:00,11.329999923706055,11.65999984741211,11.199999809265137,11.510000228881836,42700,0.0,0.0
2025-03-28 00:00:00-04:00,11.619999885559082,11.699999809265137,10.960000038146973,11.0,67900,0.0,0.0
2025-03-31 00:00:00-04:00,10.979999542236328,10.989999771118164,10.350000381469727,10.789999961853027,88200,0.0,0.0
2025-04-01 00:00:00-04:00,10.800000190734863,10.899999618530273,10.619999885559082,10.770000457763672,87700,0.0,0.0
2025-04-02 00:00:00-04:00,10.649999618530273,10.770000457763672,10.529999732971191,10.739999771118164,12100,0.0,0.0
2025-04-03 00:00:00-04:00,10.079999923706055,10.59000015258789,9.899999618530273,10.390000343322754,62400,0.0,0.0
2025-04-04 00:00:00-04:00,10.130000114440918,10.130000114440918,9.390000343322754,9.5600004196167,50200,0.0,0.0
2025-04-07 00:00:00-04:00,9.130000114440918,10.079999923706055,9.130000114440918,9.5,92400,0.0,0.0
2025-04-08 00:00:00-04:00,9.770000457763672,9.899999618530273,9.289999961853027,9.289999961853027,30100,0.0,0.0
2025-04-09 00:00:00-04:00,9.609999656677246,10.319999694824219,9.600000381469727,10.020000457763672,49600,0.0,0.0
2025-04-10 00:00:00-04:00,10.069999694824219,10.65999984741211,10.0600004196167,10.600000381469727,31600,0.0,0.0
2025-04-11 00:00:00-04:00,10.899999618530273,11.140000343322754,10.65999984741211,11.039999961853027,28700,0.0,0.0
2025-04-14 00:00:00-04:00,11.020000457763672,11.420000076293945,10.970000267028809,11.329999923706055,58800,0.0,0.0
2025-04-15 00:00:00-04:00,11.300000190734863,11.510000228881836,11.300000190734863,11.460000038146973,28500,0.0,0.0
2025-04-16 00:00:00-04:00,11.8100004196167,11.9399995803833,11.479999542236328,11.539999961853027,49400,0.0,0.0
2025-04-17 00:00:00-04:00,11.510000228881836,11.510000228881836,11.039999961853027,11.039999961853027,18000,0.0,0.0
2025-04-21 00:00:00-04:00,11.609999656677246,11.609999656677246,11.039999961853027,11.15999984741211,23000,0.0,0.0
2025-04-22 00:00:00-04:00,11.199999809265137,11.199999809265137,10.479999542236328,10.600000381469727,78200,0.0,0.0
2025-04-23 00:00:00-04:00,10.289999961853027,10.869999885559082,10.25,10.579999923706055,42200,0.0,0.0
2025-04-24 00:00:00-04:00,10.699999809265137,10.8100004196167,10.529999732971191,10.75,23100,0.0,0.0
2025-04-25 00:00:00-04:00,10.579999923706055,10.729999542236328,10.479999542236328,10.600000381469727,32800,0.0,0.0
2025-04-28 00:00:00-04:00,10.699999809265137,10.850000381469727,10.59000015258789,10.800000190734863,16600,0.0,0.0
2025-04-29 00:00:00-04:00,10.779999732971191,10.84000015258789,10.550000190734863,10.550000190734863,11000,0.0,0.0
2025-04-30 00:00:00-04:00,10.460000038146973,10.819999694824219,10.430000305175781,10.649999618530273,83600,0.0,0.0
2025-05-01 00:00:00-04:00,10.550000190734863,10.569999694824219,10.3100004196167,10.390000343322754,27600,0.0,0.0
2025-05-02 00:00:00-04:00,10.600000381469727,10.600000381469727,10.0,10.140000343322754,92000,0.0,0.0
2025-05-05 00:00:00-04:00,10.369999885559082,10.569999694824219,10.3100004196167,10.390000343322754,28700,0.0,0.0
2025-05-06 00:00:00-04:00,10.59000015258789,11.1899995803833,10.479999542236328,11.15999984741211,36000,0.0,0.0
2025-05-07 00:00:00-04:00,11.069999694824219,11.300000190734863,10.640000343322754,10.8100004196167,40200,0.0,0.0
2025-05-08 00:00:00-04:00,10.5600004196167,10.5600004196167,10.069999694824219,10.350000381469727,26800,0.0,0.0
2025-05-09 00:00:00-04:00,10.5,10.529999732971191,10.329999923706055,10.399999618530273,32400,0.0,0.0
2025-05-12 00:00:00-04:00,10.119999885559082,10.289999961853027,9.9399995803833,10.15999984741211,29400,0.0,0.0
2025-05-13 00:00:00-04:00,10.15999984741211,10.180000305175781,9.930000305175781,10.039999961853027,64600,0.0,0.0
2025-05-14 00:00:00-04:00,10.050000190734863,10.050000190734863,9.619999885559082,9.8100004196167,33600,0.0,0.0
2025-05-15 00:00:00-04:00,9.930000305175781,10.0600004196167,9.859999656677246,9.989999771118164,30300,0.0,0.0
2025-05-16 00:00:00-04:00,9.84000015258789,10.0,9.819999694824219,9.949999809265137,20600,0.0,0.0
2025-05-20 00:00:00-04:00,10.0600004196167,10.5,10.050000190734863,10.460000038146973,45100,0.0,0.0
2025-05-21 00:00:00-04:00,10.510000228881836,10.670000076293945,10.449999809265137,10.5600004196167,33100,0.0,0.0
2025-05-22 00:00:00-04:00,10.430000305175781,10.65999984741211,10.319999694824219,10.630000114440918,23900,0.0,0.0
2025-05-23 00:00:00-04:00,10.649999618530273,10.949999809265137,10.619999885559082,10.920000076293945,55900,0.0,0.0
2025-05-26 00:00:00-04:00,10.800000190734863,11.170000076293945,10.800000190734863,11.100000381469727,9700,0.0,0.0
2025-05-27 00:00:00-04:00,10.770000457763672,11.1899995803833,10.770000457763672,11.149999618530273,28100,0.0,0.0
2025-05-28 00:00:00-04:00,11.260000228881836,11.399999618530273,11.109999656677246,11.300000190734863,26200,0.0,0.0
2025-05-29 00:00:00-04:00,11.40999984741211,11.4399995803833,11.149999618530273,11.149999618530273,21800,0.0,0.0
2025-05-30 00:00:00-04:00,11.149999618530273,11.170000076293945,10.850000381469727,11.0,8400,0.0,0.0
2025-06-02 00:00:00-04:00,11.399999618530273,11.930000305175781,11.399999618530273,11.789999961853027,83600,0.0,0.0
2025-06-03 00:00:00-04:00,11.779999732971191,12.34000015258789,11.630000114440918,12.329999923706055,53500,0.0,0.0
2025-06-04 00:00:00-04:00,12.359999656677246,12.510000228881836,12.149999618530273,12.279999732971191,40600,0.0,0.0
2025-06-05 00:00:00-04:00,12.609999656677246,13.0,12.449999809265137,12.65999984741211,42300,0.0,0.0
2025-06-06 00:00:00-04:00,12.670000076293945,12.920000076293945,12.489999771118164,12.850000381469727,59500,0.0,0.0
2025-06-09 00:00:00-04:00,13.0,13.210000038146973,12.800000190734863,13.029999732971191,59200,0.0,0.0
2025-06-10 00:00:00-04:00,13.010000228881836,13.010000228881836,12.579999923706055,12.579999923706055,34800,0.0,0.0
2025-06-11 00:00:00-04:00,12.680000305175781,12.779999732971191,12.609999656677246,12.699999809265137,30500,0.0,0.0
2025-06-12 00:00:00-04:00,12.680000305175781,12.829999923706055,12.550000190734863,12.65999984741211,36300,0.0,0.0
2025-06-13 00:00:00-04:00,12.829999923706055,12.949999809265137,12.6899995803833,12.770000457763672,33200,0.0,0.0
2025-06-16 00:00:00-04:00,12.720000267028809,13.1899995803833,12.630000114440918,13.050000190734863,62400,0.0,0.0
2025-06-17 00:00:00-04:00,13.210000038146973,13.210000038146973,12.640000343322754,12.850000381469727,37100,0.0,0.0
2025-06-18 00:00:00-04:00,12.760000228881836,13.09000015258789,12.729999542236328,12.9399995803833,30100,0.0,0.0
2025-06-19 00:00:00-04:00,12.930000305175781,12.949999809265137,12.770000457763672,12.869999885559082,15900,0.0,0.0
2025-06-20 00:00:00-04:00,12.869999885559082,12.979999542236328,12.420000076293945,12.569999694824219,39100,0.0,0.0
2025-06-23 00:00:00-04:00,12.649999618530273,12.84000015258789,12.619999885559082,12.739999771118164,26300,0.0,0.0
2025-06-24 00:00:00-04:00,12.420000076293945,12.670000076293945,12.300000190734863,12.510000228881836,29100,0.0,0.0
2025-06-25 00:00:00-04:00,12.579999923706055,12.600000381469727,12.420000076293945,12.59000015258789,18900,0.0,0.0
2025-06-26 00:00:00-04:00,12.6899995803833,13.25,12.569999694824219,13.25,60300,0.0,0.0
2025-06-27 00:00:00-04:00,12.989999771118164,12.989999771118164,12.670000076293945,12.819999694824219,31900,0.0,0.0
2025-06-30 00:00:00-04:00,12.699999809265137,13.25,12.699999809265137,12.960000038146973,39500,0.0,0.0
2025-07-02 00:00:00-04:00,14.479999542236328,15.229999542236328,14.479999542236328,14.949999809265137,139700,0.0,0.0
2025-07-03 00:00:00-04:00,14.850000381469727,15.550000190734863,14.850000381469727,15.300000190734863,118100,0.0,0.0
2025-07-04 00:00:00-04:00,15.489999771118164,15.550000190734863,15.399999618530273,15.550000190734863,15800,0.0,0.0
2025-07-07 00:00:00-04:00,15.369999885559082,15.5600004196167,15.050000190734863,15.5600004196167,127000,0.0,0.0
2025-07-08 00:00:00-04:00,15.59000015258789,15.649999618530273,14.420000076293945,14.710000038146973,96000,0.0,0.0
2025-07-09 00:00:00-04:00,14.600000381469727,14.850000381469727,14.520000457763672,14.710000038146973,60700,0.0,0.0
2025-07-10 00:00:00-04:00,14.960000038146973,14.960000038146973,14.220000267028809,14.5,49700,0.0,0.0
2025-07-11 00:00:00-04:00,14.640000343322754,15.0,14.579999923706055,15.0,97500,0.0,0.0
2025-07-14 00:00:00-04:00,15.010000228881836,15.210000038146973,14.729999542236328,14.90999984741211,93200,0.0,0.0
2025-07-15 00:00:00-04:00,15.0,15.130000114440918,14.779999732971191,15.109999656677246,42300,0.0,0.0
2025-07-16 00:00:00-04:00,15.09000015258789,15.239999771118164,14.869999885559082,15.0600004196167,79000,0.0,0.0
2025-07-17 00:00:00-04:00,14.869999885559082,15.4399995803833,14.760000228881836,15.329999923706055,35600,0.0,0.0
2025-07-18 00:00:00-04:00,15.3100004196167,15.399999618530273,14.869999885559082,15.029999732971191,36500,0.0,0.0
2025-07-21 00:00:00-04:00,15.100000381469727,15.739999771118164,15.100000381469727,15.470000267028809,58000,0.0,0.0
2025-07-22 00:00:00-04:00,15.5,15.899999618530273,15.350000381469727,15.829999923706055,35900,0.0,0.0
2025-07-23 00:00:00-04:00,15.9399995803833,16.040000915527344,15.59000015258789,15.829999923706055,63600,0.0,0.0
2025-07-24 00:00:00-04:00,15.710000038146973,15.949999809265137,15.529999732971191,15.699999809265137,43100,0.0,0.0
2025-07-25 00:00:00-04:00,15.6899995803833,15.819999694824219,15.420000076293945,15.569999694824219,29900,0.0,0.0
2025-07-28 00:00:00-04:00,15.329999923706055,15.579999923706055,14.569999694824219,14.779999732971191,63800,0.0,0.0
2025-07-29 00:00:00-04:00,14.90999984741211,15.279999732971191,14.630000114440918,14.739999771118164,46600,0.0,0.0
2025-07-30 00:00:00-04:00,14.699999809265137,14.699999809265137,14.029999732971191,14.079999923706055,86600,0.0,0.0
2025-07-31 00:00:00-04:00,14.270000457763672,14.270000457763672,13.800000190734863,14.029999732971191,75000,0.0,0.0
2025-08-01 00:00:00-04:00,14.199999809265137,14.199999809265137,13.829999923706055,13.859999656677246,41700,0.0,0.0
2025-08-05 00:00:00-04:00,14.34000015258789,14.739999771118164,14.140000343322754,14.649999618530273,50000,0.0,0.0
2025-08-06 00:00:00-04:00,14.6899995803833,15.039999961853027,14.630000114440918,15.039999961853027,50400,0.0,0.0
2025-08-07 00:00:00-04:00,14.770000457763672,15.350000381469727,14.649999618530273,14.75,48000,0.0,0.0
2025-08-08 00:00:00-04:00,14.8100004196167,14.8100004196167,13.829999923706055,14.039999961853027,88700,0.0,0.0
2025-08-11 00:00:00-04:00,13.760000228881836,14.5,13.5600004196167,14.420000076293945,79400,0.0,0.0
2025-08-12 00:00:00-04:00,14.34000015258789,14.600000381469727,14.319999694824219,14.420000076293945,59900,0.0,0.0
2025-08-13 00:00:00-04:00,14.609999656677246,14.899999618530273,14.34000015258789,14.539999961853027,50800,0.0,0.0
2025-08-14 00:00:00-04:00,14.430000305175781,14.760000228881836,14.359999656677246,14.359999656677246,75900,0.0,0.0
2025-08-15 00:00:00-04:00,14.25,14.449999809265137,13.989999771118164,13.989999771118164,57800,0.0,0.0
2025-08-18 00:00:00-04:00,14.050000190734863,14.869999885559082,14.050000190734863,14.569999694824219,99000,0.0,0.0
2025-08-19 00:00:00-04:00,14.619999885559082,14.619999885559082,13.680000305175781,13.710000038146973,96000,0.0,0.0
2025-08-20 00:00:00-04:00,13.800000190734863,14.779999732971191,13.800000190734863,14.75,58400,0.0,0.0
2025-08-21 00:00:00-04:00,14.800000190734863,15.65999984741211,14.800000190734863,15.130000114440918,112200,0.0,0.0
2025-08-22 00:00:00-04:00,15.210000038146973,15.380000114440918,14.9399995803833,14.989999771118164,69700,0.0,0.0
2025-08-25 00:00:00-04:00,15.010000228881836,15.34000015258789,14.949999809265137,15.029999732971191,52700,0.0,0.0
2025-08-26 00:00:00-04:00,15.380000114440918,15.760000228881836,15.279999732971191,15.399999618530273,122700,0.0,0.0
2025-08-27 00:00:00-04:00,15.369999885559082,15.369999885559082,14.979999542236328,15.130000114440918,62200,0.0,0.0
2025-08-28 00:00:00-04:00,15.0,15.300000190734863,14.989999771118164,15.09000015258789,50000,0.0,0.0
2025-08-29 00:00:00-04:00,15.229999542236328,15.899999618530273,15.149999618530273,15.779999732971191,137700,0.0,0.0
2025-09-02 00:00:00-04:00,17.520000457763672,19.200000762939453,17.479999542236328,18.959999084472656,475500,0.0,0.0
2025-09-03 00:00:00-04:00,19.5,19.700000762939453,18.610000610351562,19.110000610351562,302200,0.0,0.0
2025-09-04 00:00:00-04:00,19.139999389648438,19.139999389648438,18.290000915527344,18.459999084472656,107200,0.0,0.0
2025-09-05 00:00:00-04:00,18.770000457763672,18.979999542236328,18.450000762939453,18.760000228881836,162500,0.0,0.0
2025-09-08 00:00:00-04:00,19.110000610351562,19.34000015258789,18.770000457763672,19.059999465942383,221900,0.0,0.0
2025-09-09 00:00:00-04:00,19.270000457763672,19.270000457763672,18.610000610351562,18.770000457763672,139800,0.0,0.0
2025-09-10 00:00:00-04:00,18.709999084472656,19.1200008392334,18.65999984741211,18.940000534057617,115400,0.0,0.0
2025-09-11 00:00:00-04:00,18.899999618530273,19.299999237060547,18.399999618530273,19.079999923706055,180900,0.0,0.0
2025-09-12 00:00:00-04:00,19.350000381469727,19.479999542236328,18.940000534057617,19.1200008392334,127300,0.0,0.0
2025-09-15 00:00:00-04:00,19.1200008392334,19.6200008392334,18.84000015258789,19.43000030517578,134800,0.0,0.0
2025-09-16 00:00:00-04:00,19.559999465942383,19.559999465942383,18.3700008392334,18.520000457763672,111100,0.0,0.0
2025-09-17 00:00:00-04:00,18.3799991607666,19.200000762939453,18.209999084472656,18.559999465942383,81200,0.0,0.0
2025-09-18 00:00:00-04:00,18.540000915527344,18.790000915527344,18.020000457763672,18.770000457763672,54300,0.0,0.0
2025-09-19 00:00:00-04:00,18.920000076293945,20.190000534057617,18.84000015258789,20.040000915527344,141500,0.0,0.0
2025-09-22 00:00:00-04:00,20.700000762939453,20.899999618530273,20.149999618530273,20.68000030517578,93200,0.0,0.0
2025-09-23 00:00:00-04:00,20.8700008392334,21.399999618530273,20.479999542236328,20.6200008392334,103800,0.0,0.0
2025-09-24 00:00:00-04:00,20.43000030517578,20.989999771118164,20.139999389648438,20.209999084472656,63500,0.0,0.0
2025-09-25 00:00:00-04:00,20.229999542236328,20.559999465942383,20.18000030517578,20.43000030517578,41400,0.0,0.0
2025-09-26 00:00:00-04:00,20.59000015258789,21.84000015258789,20.56999969482422,21.719999313354492,92800,0.0,0.0
2025-09-29 00:00:00-04:00,22.350000381469727,23.889999389648438,22.06999969482422,23.239999771118164,137800,0.0,0.0
2025-09-30 00:00:00-04:00,22.940000534057617,24.219999313354492,22.440000534057617,23.850000381469727,120600,0.0,0.0
2025-10-01 00:00:00-04:00,24.139999389648438,24.360000610351562,23.34000015258789,23.34000015258789,100000,0.0,0.0
2025-10-02 00:00:00-04:00,23.579999923706055,23.59000015258789,21.950000762939453,22.8700008392334,95400,0.0,0.0
2025-10-03 00:00:00-04:00,23.8799991607666,24.760000228881836,23.690000534057617,24.229999542236328,100700,0.0,0.0
2025-10-06 00:00:00-04:00,25.079999923706055,26.25,25.010000228881836,25.479999542236328,156900,0.0,0.0
2025-10-07 00:00:00-04:00,25.889999389648438,25.889999389648438,24.68000030517578,24.700000762939453,88000,0.0,0.0
2025-10-08 00:00:00-04:00,25.5,26.65999984741211,25.420000076293945,26.209999084472656,134100,0.0,0.0
2025-10-09 00:00:00-04:00,27.110000610351562,28.59000015258789,26.09000015258789,26.75,164000,0.0,0.0
2025-10-10 00:00:00-04:00,27.100000381469727,28.549999237060547,26.479999542236328,26.510000228881836,172700,0.0,0.0
2025-10-14 00:00:00-04:00,27.600000381469727,29.079999923706055,27.600000381469727,28.530000686645508,115900,0.0,0.0
2025-10-15 00:00:00-04:00,29.290000915527344,30.719999313354492,29.270000457763672,30.270000457763672,136100,0.0,0.0
2025-10-16 00:00:00-04:00,31.8700008392334,34.91999816894531,31.610000610351562,31.979999542236328,248800,0.0,0.0
2025-10-17 00:00:00-04:00,30.959999084472656,31.209999084472656,29.010000228881836,29.850000381469727,139400,0.0,0.0
2025-10-20 00:00:00-04:00,30.799999237060547,32.0,29.920000076293945,31.6299991607666,137300,0.0,0.0
2025-10-21 00:00:00-04:00,28.399999618530273,28.5,26.770000457763672,27.709999084472656,178800,0.0,0.0
2025-10-22 00:00:00-04:00,26.65999984741211,28.270000457763672,26.65999984741211,27.770000457763672,89500,0.0,0.0
2025-10-23 00:00:00-04:00,28.959999084472656,28.959999084472656,27.899999618530273,28.329999923706055,57400,0.0,0.0
2025-10-24 00:00:00-04:00,27.850000381469727,28.239999771118164,27.25,27.3799991607666,56900,0.0,0.0
2025-10-27 00:00:00-04:00,26.739999771118164,27.3799991607666,25.6200008392334,26.739999771118164,101900,0.0,0.0
2025-10-28 00:00:00-04:00,25.850000381469727,27.450000762939453,25.850000381469727,26.670000076293945,58700,0.0,0.0
2025-10-29 00:00:00-04:00,27.540000915527344,27.540000915527344,25.739999771118164,25.979999542236328,95700,0.0,0.0
2025-10-30 00:00:00-04:00,25.850000381469727,26.90999984741211,25.729999542236328,26.719999313354492,51500,0.0,0.0
2025-10-31 00:00:00-04:00,26.829999923706055,26.829999923706055,25.399999618530273,25.68000030517578,50700,0.0,0.0
2025-11-03 00:00:00-05:00,25.479999542236328,26.100000381469727,24.920000076293945,25.40999984741211,57900,0.0,0.0
2025-11-04 00:00:00-05:00,24.6200008392334,24.6200008392334,23.579999923706055,24.18000030517578,97600,0.0,0.0
2025-11-05 00:00:00-05:00,24.510000228881836,25.040000915527344,24.020000457763672,24.40999984741211,70700,0.0,0.0
2025-11-06 00:00:00-05:00,23.489999771118164,24.239999771118164,22.059999465942383,22.1299991607666,92200,0.0,0.0
2025-11-07 00:00:00-05:00,22.09000015258789,22.65999984741211,21.06999969482422,22.479999542236328,110600,0.0,0.0
2025-11-10 00:00:00-05:00,23.3700008392334,24.510000228881836,23.219999313354492,23.940000534057617,97300,0.0,0.0
2025-11-11 00:00:00-05:00,24.15999984741211,24.209999084472656,23.670000076293945,23.979999542236328,39200,0.0,0.0
2025-11-12 00:00:00-05:00,24.1299991607666,25.25,23.920000076293945,24.799999237060547,69600,0.0,0.0
2025-11-13 00:00:00-05:00,25.229999542236328,25.389999389648438,23.950000762939453,24.010000228881836,86800,0.0,0.0
2025-11-14 00:00:00-05:00,22.34000015258789,24.639999389648438,22.290000915527344,24.15999984741211,56200,0.0,0.0
2025-11-17 00:00:00-05:00,23.81999969482422,24.399999618530273,23.489999771118164,23.799999237060547,55000,0.0,0.0
2025-11-18 00:00:00-05:00,24.030000686645508,24.700000762939453,23.969999313354492,24.329999923706055,71100,0.0,0.0
2025-11-19 00:00:00-05:00,24.979999542236328,25.8700008392334,24.469999313354492,25.100000381469727,83500,0.0,0.0
2025-11-20 00:00:00-05:00,25.389999389648438,25.389999389648438,22.959999084472656,23.200000762939453,81600,0.0,0.0
2025-11-21 00:00:00-05:00,22.799999237060547,23.15999984741211,22.479999542236328,22.600000381469727,91100,0.0,0.0
2025-11-24 00:00:00-05:00,22.690000534057617,24.639999389648438,22.690000534057617,24.450000762939453,66900,0.0,0.0
2025-11-25 00:00:00-05:00,24.049999237060547,25.020000457763672,24.030000686645508,24.68000030517578,74600,0.0,0.0
2025-11-26 00:00:00-05:00,24.850000381469727,25.40999984741211,24.829999923706055,25.1200008392334,62200,0.0,0.0
2025-11-27 00:00:00-05:00,25.309999465942383,25.450000762939453,25.09000015258789,25.3700008392334,15800,0.0,0.0
2025-11-28 00:00:00-05:00,25.510000228881836,26.809999465942383,25.479999542236328,25.989999771118164,82000,0.0,0.0
2025-12-01 00:00:00-05:00,26.860000610351562,26.920000076293945,25.540000915527344,25.8799991607666,65600,0.0,0.0
2025-12-02 00:00:00-05:00,25.8700008392334,25.989999771118164,24.559999465942383,25.760000228881836,53100,0.0,0.0
2025-12-03 00:00:00-05:00,25.899999618530273,26.31999969482422,25.56999969482422,26.170000076293945,39100,0.0,0.0
2025-12-04 00:00:00-05:00,25.75,26.200000762939453,25.459999084472656,26.200000762939453,24800,0.0,0.0
2025-12-05 00:00:00-05:00,26.399999618530273,27.350000381469727,25.860000610351562,25.989999771118164,60200,0.0,0.0
2025-12-08 00:00:00-05:00,25.979999542236328,25.979999542236328,25.059999465942383,25.479999542236328,28500,0.0,0.0
2025-12-09 00:00:00-05:00,25.1299991607666,27.260000228881836,25.1299991607666,26.989999771118164,51100,0.0,0.0
2025-12-10 00:00:00-05:00,26.739999771118164,26.93000030517578,25.31999969482422,25.920000076293945,57600,0.0,0.0
2025-12-11 00:00:00-05:00,25.979999542236328,27.110000610351562,25.979999542236328,26.68000030517578,77100,0.0,0.0
2025-12-12 00:00:00-05:00,27.0,27.75,25.65999984741211,26.010000228881836,87300,0.0,0.0
2025-12-15 00:00:00-05:00,26.799999237060547,26.799999237060547,25.479999542236328,26.100000381469727,58300,0.0,0.0
2025-12-16 00:00:00-05:00,26.18000030517578,26.719999313354492,25.700000762939453,26.459999084472656,38600,0.0,0.0
2025-12-17 00:00:00-05:00,26.799999237060547,27.540000915527344,25.979999542236328,26.34000015258789,57100,0.0,0.0
2025-12-18 00:00:00-05:00,26.190000534057617,26.75,25.719999313354492,26.06999969482422,42300,0.0,0.0
2025-12-19 00:00:00-05:00,25.81999969482422,27.59000015258789,25.81999969482422,26.719999313354492,76700,0.0,0.0
2025-12-22 00:00:00-05:00,27.600000381469727,28.15999984741211,26.780000686645508,27.049999237060547,91000,0.0,0.0
2025-12-23 00:00:00-05:00,27.790000915527344,27.799999237060547,26.760000228881836,27.3700008392334,54600,0.0,0.0
2025-12-24 00:00:00-05:00,27.360000610351562,27.360000610351562,26.100000381469727,26.959999084472656,45000,0.0,0.0
2025-12-29 00:00:00-05:00,26.549999237060547,26.690000534057617,25.809999465942383,26.0,103700,0.0,0.0
2025-12-30 00:00:00-05:00,26.399999618530273,26.5,25.1200008392334,25.780000686645508,59000,0.0,0.0
2025-12-31 00:00:00-05:00,25.329999923706055,25.90999984741211,25.229999542236328,25.479999542236328,30400,0.0,0.0
2026-01-02 00:00:00-05:00,26.34000015258789,26.34000015258789,24.350000381469727,25.6299991607666,62700,0.0,0.0
2026-01-05 00:00:00-05:00,26.270000457763672,28.950000762939453,26.25,27.049999237060547,111300,0.0,0.0
2026-01-06 00:00:00-05:00,27.6200008392334,28.559999465942383,27.600000381469727,28.489999771118164,113600,0.0,0.0
2026-01-07 00:00:00-05:00,27.690000534057617,27.719999313354492,26.290000915527344,27.719999313354492,79400,0.0,0.0
2026-01-08 00:00:00-05:00,26.520000457763672,28.5,26.350000381469727,28.5,71800,0.0,0.0
2026-01-09 00:00:00-05:00,28.469999313354492,28.989999771118164,28.260000228881836,28.989999771118164,109500,0.0,0.0
2026-01-12 00:00:00-05:00,29.600000381469727,31.149999618530273,29.600000381469727,30.299999237060547,164100,0.0,0.0
2026-01-13 00:00:00-05:00,30.940000534057617,31.809999465942383,29.829999923706055,30.260000228881836,112600,0.0,0.0
2026-01-14 00:00:00-05:00,30.899999618530273,31.700000762939453,30.25,31.09000015258789,97000,0.0,0.0
2026-01-15 00:00:00-05:00,30.719999313354492,31.209999084472656,30.200000762939453,31.100000381469727,57100,0.0,0.0
2026-01-16 00:00:00-05:00,30.31999969482422,31.950000762939453,30.270000457763672,31.75,111700,0.0,0.0
2026-01-19 00:00:00-05:00,31.75,32.0,31.690000534057617,31.899999618530273,66200,0.0,0.0
2026-01-20 00:00:00-05:00,32.0,33.900001525878906,31.989999771118164,33.900001525878906,151500,0.0,0.0
2026-01-21 00:00:00-05:00,34.72999954223633,34.72999954223633,32.310001373291016,32.880001068115234,116000,0.0,0.0
2026-01-22 00:00:00-05:00,33.060001373291016,36.81999969482422,33.0,35.95000076293945,127000,0.0,0.0
2026-01-23 00:00:00-05:00,36.70000076293945,37.0,35.779998779296875,36.630001068115234,74600,0.0,0.0
2026-01-26 00:00:00-05:00,39.0,39.54999923706055,36.81999969482422,36.91999816894531,149600,0.0,0.0
2026-01-27 00:00:00-05:00,36.97999954223633,38.31999969482422,36.16999816894531,38.040000915527344,70900,0.0,0.0
2026-01-28 00:00:00-05:00,38.119998931884766,40.0,38.0,39.470001220703125,96900,0.0,0.0
2026-01-29 00:00:00-05:00,39.630001068115234,40.06999969482422,35.90999984741211,37.220001220703125,113600,0.0,0.0
2026-01-30 00:00:00-05:00,34.310001373291016,35.54999923706055,31.860000610351562,32.86000061035156,118000,0.0,0.0
2026-02-02 00:00:00-05:00,32.02000045776367,33.65999984741211,31.549999237060547,32.11000061035156,127200,0.0,0.0
2026-02-03 00:00:00-05:00,34.52000045776367,35.150001525878906,33.220001220703125,35.02000045776367,142200,0.0,0.0
2026-02-04 00:00:00-05:00,36.220001220703125,36.220001220703125,33.130001068115234,35.029998779296875,97300,0.0,0.0
2026-02-05 00:00:00-05:00,32.9900016784668,34.380001068115234,31.690000534057617,31.770000457763672,83900,0.0,0.0
2026-02-06 00:00:00-05:00,32.58000183105469,34.5099983215332,32.58000183105469,34.400001525878906,94000,0.0,0.0
2026-02-09 00:00:00-05:00,34.970001220703125,36.470001220703125,34.86000061035156,36.29999923706055,83200,0.0,0.0
2026-02-10 00:00:00-05:00,35.70000076293945,35.849998474121094,34.97999954223633,35.52000045776367,50900,0.0,0.0
2026-02-11 00:00:00-05:00,36.15999984741211,37.09000015258789,35.369998931884766,37.09000015258789,75400,0.0,0.0
2026-02-12 00:00:00-05:00,35.939998626708984,36.84000015258789,33.61000061035156,33.75,113700,0.0,0.0
2026-02-13 00:00:00-05:00,34.54999923706055,35.79999923706055,33.86000061035156,35.060001373291016,51200,0.0,0.0
2026-02-17 00:00:00-05:00,33.79999923706055,33.79999923706055,31.40999984741211,32.79999923706055,104400,0.0,0.0
2026-02-18 00:00:00-05:00,33.5099983215332,33.83000183105469,32.79999923706055,33.4900016784668,49000,0.0,0.0
2026-02-19 00:00:00-05:00,33.040000915527344,34.91999816894531,32.81999969482422,34.86000061035156,31600,0.0,0.0
2026-02-20 00:00:00-05:00,34.84000015258789,36.04999923706055,33.58000183105469,35.849998474121094,53400,0.0,0.0
2026-02-23 00:00:00-05:00,36.470001220703125,37.02000045776367,35.84000015258789,36.08000183105469,45300,0.0,0.0
2026-02-24 00:00:00-05:00,34.9900016784668,37.2400016784668,34.70000076293945,36.849998474121094,38100,0.0,0.0
2026-02-25 00:00:00-05:00,37.25,38.11000061035156,36.849998474121094,37.11000061035156,76800,0.0,0.0
2026-02-26 00:00:00-05:00,36.56999969482422,38.88999938964844,35.9900016784668,38.709999084472656,69400,0.0,0.0
2026-02-27 00:00:00-05:00,39.0,39.2400016784668,37.25,38.75,48800,0.0,0.0
2026-03-02 00:00:00-05:00,39.130001068115234,39.130001068115234,37.22999954223633,38.869998931884766,40300,0.0,0.0
2026-03-03 00:00:00-05:00,36.0099983215332,36.0099983215332,33.7599983215332,34.97999954223633,68400,0.0,0.0
2026-03-04 00:00:00-05:00,35.75,35.880001068115234,34.4900016784668,35.18000030517578,41700,0.0,0.0
2026-03-05 00:00:00-05:00,34.65999984741211,34.65999984741211,32.20000076293945,32.70000076293945,71400,0.0,0.0
2026-03-06 00:00:00-05:00,31.90999984741211,33.439998626708984,31.65999984741211,32.95000076293945,38600,0.0,0.0
2026-03-09 00:00:00-04:00,31.420000076293945,33.459999084472656,30.68000030517578,33.33000183105469,68600,0.0,0.0
2026-03-10 00:00:00-04:00,33.95000076293945,36.0,33.70000076293945,35.09000015258789,85000,0.0,0.0
2026-03-11 00:00:00-04:00,34.56999969482422,34.56999969482422,32.83000183105469,33.849998474121094,44000,0.0,0.0
2026-03-12 00:00:00-04:00,34.34000015258789,35.25,33.33000183105469,33.560001373291016,73600,0.0,0.0
2026-03-13 00:00:00-04:00,33.439998626708984,33.4900016784668,31.479999542236328,31.799999237060547,43000,0.0,0.0
2026-03-16 00:00:00-04:00,31.420000076293945,31.959999084472656,29.440000534057617,30.860000610351562,98900,0.0,0.0
2026-03-17 00:00:00-04:00,31.450000762939453,31.75,30.309999465942383,30.700000762939453,39600,0.0,0.0
2026-03-18 00:00:00-04:00,29.399999618530273,29.489999771118164,28.469999313354492,28.600000381469727,50700,0.0,0.0
2026-03-19 00:00:00-04:00,26.389999389648438,27.079999923706055,25.610000610351562,26.81999969482422,101800,0.0,0.0
2026-03-20 00:00:00-04:00,26.8799991607666,27.149999618530273,24.940000534057617,25.389999389648438,97600,0.0,0.0
2026-03-23 00:00:00-04:00,25.829999923706055,26.489999771118164,24.889999389648438,25.950000762939453,57300,0.0,0.0
2026-03-24 00:00:00-04:00,25.790000915527344,26.200000762939453,25.25,26.0,47500,0.0,0.0
2026-03-25 00:00:00-04:00,27.5,27.56999969482422,26.530000686645508,26.719999313354492,43800,0.0,0.0
2026-03-26 00:00:00-04:00,25.729999542236328,26.719999313354492,25.520000457763672,25.59000015258789,38400,0.0,0.0
2026-03-27 00:00:00-04:00,26.15999984741211,27.110000610351562,25.670000076293945,26.739999771118164,34500,0.0,0.0
2026-03-30 00:00:00-04:00,27.329999923706055,27.670000076293945,25.75,26.149999618530273,28200,0.0,0.0
2026-03-31 00:00:00-04:00,26.950000762939453,28.520000457763672,26.950000762939453,28.469999313354492,43000,0.0,0.0
2026-04-01 00:00:00-04:00,29.15999984741211,30.56999969482422,29.0,29.670000076293945,46600,0.0,0.0
2026-04-02 00:00:00-04:00,27.770000457763672,30.1299991607666,27.770000457763672,29.8700008392334,52100,0.0,0.0
2026-04-06 00:00:00-04:00,29.479999542236328,30.440000534057617,29.479999542236328,30.209999084472656,27600,0.0,0.0
2026-04-07 00:00:00-04:00,29.8799991607666,30.3700008392334,29.1200008392334,29.510000228881836,51900,0.0,0.0
2026-04-08 00:00:00-04:00,31.440000534057617,31.920000076293945,29.479999542236328,29.959999084472656,48100,0.0,0.0
2026-04-09 00:00:00-04:00,30.540000915527344,31.239999771118164,29.639999389648438,30.84000015258789,42000,0.0,0.0
2026-04-10 00:00:00-04:00,31.239999771118164,32.2599983215332,31.09000015258789,31.969999313354492,38100,0.0,0.0
2026-04-13 00:00:00-04:00,31.260000228881836,32.529998779296875,31.190000534057617,32.29999923706055,46900,0.0,0.0
2026-04-14 00:00:00-04:00,32.56999969482422,34.130001068115234,32.56999969482422,34.02000045776367,69100,0.0,0.0
2026-04-15 00:00:00-04:00,33.650001525878906,34.18000030517578,33.04999923706055,33.959999084472656,87154,0.0,0.0
