Date,Open,High,Low,Close,Volume,Dividends,Stock Splits
2022-01-03 00:00:00-05:00,11.032659919902695,11.337327450442734,11.00496311179878,11.124983787536621,129900,0.0,0.0
2022-01-04 00:00:00-05:00,11.124983547925769,11.309630398751027,11.032659682280324,11.16191291809082,161500,0.0,0.0
2022-01-05 00:00:00-05:00,11.245003865590345,11.383488779214955,11.051124458236524,11.060356140136719,97200,0.0,0.0
2022-01-06 00:00:00-05:00,11.171144804934404,11.171144804934404,10.986497084814033,11.115750312805176,82700,0.0,0.0
2022-01-07 00:00:00-05:00,11.18961004181472,11.337327526649398,11.097287054025879,11.254236221313477,108400,0.0,0.0
2022-01-10 00:00:00-05:00,11.23577113802629,11.521973523433314,11.078821101977692,11.245003700256348,134500,0.0,0.0
2022-01-11 00:00:00-05:00,11.31886352411114,11.31886352411114,11.0418927938712,11.217307090759277,113200,0.0,0.0
2022-01-12 00:00:00-05:00,11.2727017618312,11.291166007881936,10.931104845468521,11.051125526428223,242000,0.0,0.0
2022-01-13 00:00:00-05:00,11.041891814514543,11.245003782737644,11.01419500808681,11.22653865814209,262700,0.0,0.0
2022-01-14 00:00:00-05:00,11.115751766033709,11.226539884310572,10.755689721284627,10.89417552947998,173800,0.0,0.0
2022-01-18 00:00:00-05:00,10.783386312887497,11.152680002863532,10.783386312887497,11.060356140136719,138600,0.0,0.0
2022-01-19 00:00:00-05:00,11.07882102371071,11.134215516234121,10.903406744906814,10.949567794799805,143100,0.0,0.0
2022-01-20 00:00:00-05:00,11.032660973617297,11.060357784366497,10.663367228742155,10.672599792480469,104500,0.0,0.0
2022-01-21 00:00:00-05:00,10.617203754497126,10.774153793479115,10.451021153112523,10.460253715515137,172400,0.0,0.0
2022-01-24 00:00:00-05:00,10.37716320045806,10.968034031974875,10.358698954720552,10.93110466003418,137300,0.0,0.0
2022-01-25 00:00:00-05:00,10.801850670702615,10.986497517631642,10.598738698847878,10.903407096862793,107200,0.0,0.0
2022-01-26 00:00:00-05:00,10.894175398738772,10.98649838929534,10.534113358310803,10.617204666137695,121400,0.0,0.0
2022-01-27 00:00:00-05:00,10.580275916028814,10.940337977631382,10.580275916028814,10.672599792480469,83700,0.0,0.0
2022-01-28 00:00:00-05:00,10.635669500080033,10.829548039057464,10.561809877013731,10.811083793640137,103900,0.0,0.0
2022-01-31 00:00:00-05:00,10.7095280050079,10.866478049667537,10.644900946317339,10.848012924194336,145500,0.0,0.0
2022-02-01 00:00:00-05:00,10.894175571764851,10.94956919088544,10.801851699276268,10.884943008422852,96200,0.0,0.0
2022-02-02 00:00:00-05:00,10.940337307438131,11.004963488715916,10.718760193620883,10.912639617919922,80400,0.0,0.0
2022-02-03 00:00:00-05:00,10.848013798100638,10.968034481948274,10.515649436998828,10.561810493469238,136100,0.0,0.0
2022-02-04 00:00:00-05:00,10.543345016911104,10.598738630399263,10.229444938926177,10.312536239624023,115400,0.0,0.0
2022-02-07 00:00:00-05:00,10.331001208812857,10.460254450129963,10.174052039274072,10.201748847961426,162900,0.0,0.0
2022-02-08 00:00:00-05:00,10.257142625709726,10.644901475258097,10.257142625709726,10.617204666137695,168000,0.0,0.0
2022-02-09 00:00:00-05:00,10.663364912880269,10.709526841080681,10.395626785876528,10.43255615234375,110300,0.0,0.0
2022-02-10 00:00:00-05:00,10.386394821181797,10.48795036468796,10.25714159088392,10.331000328063965,148000,0.0,0.0
2022-02-11 00:00:00-05:00,10.386395882313563,10.663366615268396,10.349466509950632,10.469487190246582,227000,0.0,0.0
2022-02-14 00:00:00-05:00,10.534113358310803,10.663366601648823,10.423325241363509,10.617204666137695,108200,0.0,0.0
2022-02-15 00:00:00-05:00,10.672599375846264,11.004963733259137,10.672599375846264,10.875710487365723,112800,0.0,0.0
2022-02-16 00:00:00-05:00,10.848012959392547,11.023427249628902,10.838780396625989,10.98649787902832,113100,0.0,0.0
2022-02-17 00:00:00-05:00,10.931104185929449,10.931104185929449,10.774154141872321,10.857245445251465,76200,0.0,0.0
2022-02-18 00:00:00-05:00,10.774155046153808,10.894175729945355,10.764922482677756,10.86647891998291,92900,0.0,0.0
2022-02-22 00:00:00-05:00,10.792619599215586,10.91264028641644,10.672599792480469,10.672599792480469,119400,0.0,0.0
2022-02-23 00:00:00-05:00,10.755688340058384,10.820315394436538,10.497182763942526,10.515647888183594,104600,0.0,0.0
2022-02-24 00:00:00-05:00,10.33100028898195,10.534112255691504,10.192515377409652,10.487950325012207,103800,0.0,0.0
2022-02-25 00:00:00-05:00,10.534112923029754,10.75568914776857,10.534112923029754,10.681830406188965,65500,0.0,0.0
2022-02-28 00:00:00-05:00,10.552577495810345,10.709527533560841,10.552577495810345,10.626436233520508,178200,0.0,0.0
2022-03-01 00:00:00-05:00,10.552577620357306,10.681829972642792,10.257141785564166,10.451021194458008,147000,0.0,0.0
2022-03-02 00:00:00-05:00,10.487951134413091,10.931104470482591,10.487951134413091,10.811083793640137,119400,0.0,0.0
2022-03-03 00:00:00-05:00,10.829548466802537,10.977266838304052,10.774154847896954,10.89417552947998,81400,0.0,0.0
2022-03-04 00:00:00-05:00,10.783387255364351,10.940337307438131,10.74645788313909,10.912639617919922,86000,0.0,0.0
2022-03-07 00:00:00-05:00,10.931104533432999,10.931104533432999,10.414092451785473,10.506416320800781,130000,0.0,0.0
2022-03-08 00:00:00-05:00,10.524879733277983,10.644900401311954,10.312536084001753,10.331000328063965,112900,0.0,0.0
2022-03-09 00:00:00-05:00,10.487950717099102,10.617203951740086,10.432557102585557,10.58027458190918,119400,0.0,0.0
2022-03-10 00:00:00-05:00,10.423323162494173,10.617202548600275,10.321767628996884,10.49718189239502,95900,0.0,0.0
2022-03-11 00:00:00-05:00,10.534113843617584,11.355793516080247,10.50641703322119,10.829548835754395,259500,0.0,0.0
2022-03-14 00:00:00-04:00,10.931104672068475,11.10651896886348,10.654133941975493,10.783387184143066,172100,0.0,0.0
2022-03-15 00:00:00-04:00,10.829547889348175,10.87570982295184,10.52488036021589,10.681830406188965,146400,0.0,0.0
2022-03-16 00:00:00-04:00,10.92187252911224,11.318863953532976,10.820316972373181,11.300398826599121,225800,0.0,0.0
2022-03-17 00:00:00-04:00,11.078822294163565,11.494277954101562,10.949569050430677,11.494277954101562,191600,0.0,0.0
2022-03-18 00:00:00-04:00,11.485045241067585,12.14054225347395,11.26346900938631,11.817410469055176,1253500,0.0,0.0
2022-03-21 00:00:00-04:00,11.72508522296031,12.103611461110377,11.715852660940657,11.882035255432129,215500,0.0,0.0
2022-03-22 00:00:00-04:00,11.872803368878905,12.075915342538849,11.595833536256542,11.78048038482666,195200,0.0,0.0
2022-03-23 00:00:00-04:00,11.817409557212862,11.817409557212862,11.558903973531239,11.660459518432617,108500,0.0,0.0
2022-03-24 00:00:00-04:00,11.781631667389425,11.781631667389425,11.464720555376456,11.688422203063965,125400,0.12,0.0
2022-03-25 00:00:00-04:00,11.707065027645266,11.828236092755816,11.632496919168302,11.76298999786377,105000,0.0,0.0
2022-03-28 00:00:00-04:00,11.660460951900983,11.669782077101086,11.380833418277877,11.474042892456055,91900,0.0,0.0
2022-03-29 00:00:00-04:00,11.492683701697555,11.70706512644132,11.362190621900854,11.408795356750488,158300,0.0,0.0
2022-03-30 00:00:00-04:00,11.371511547530156,11.576571843930973,11.34354906267457,11.38083267211914,134400,0.0,0.0
2022-03-31 00:00:00-04:00,11.436758828755156,11.511326049587332,11.138489056515064,11.175772666931152,101900,0.0,0.0
2022-04-01 00:00:00-04:00,11.30626527798705,11.539288055631685,11.287623029098029,11.483362197875977,130900,0.0,0.0
2022-04-04 00:00:00-04:00,11.45539968942831,11.45539968942831,11.203735552333823,11.352869987487793,91000,0.0,0.0
2022-04-05 00:00:00-04:00,11.315585108196425,11.436757045381796,11.026636505844964,11.073241233825684,107800,0.0,0.0
2022-04-06 00:00:00-04:00,11.035958457451665,11.035958457451665,10.80293568897139,10.812256813049316,108400,0.0,0.0
2022-04-07 00:00:00-04:00,10.849541109515135,10.980033299248538,10.76565276530859,10.905466079711914,164000,0.0,0.0
2022-04-08 00:00:00-04:00,10.94274939879188,10.952070523214191,10.60719691979085,10.625838279724121,106700,0.0,0.0
2022-04-11 00:00:00-04:00,10.681763857422103,11.063921059608587,10.681763857422103,10.952070236206055,161300,0.0,0.0
2022-04-12 00:00:00-04:00,11.026637853110199,11.343548975406671,11.026637853110199,11.25033950805664,154700,0.0,0.0
2022-04-13 00:00:00-04:00,11.287622545941284,11.548608685748167,11.287622545941284,11.418115615844727,139400,0.0,0.0
2022-04-14 00:00:00-04:00,11.483361999526167,11.735027021712863,11.483361999526167,11.576571464538574,129700,0.0,0.0
2022-04-18 00:00:00-04:00,11.557928085327148,11.753667231576118,11.474040641715805,11.557928085327148,101000,0.0,0.0
2022-04-19 00:00:00-04:00,11.557929503756249,11.716385064875976,11.511325659000978,11.613855361938477,89400,0.0,0.0
2022-04-20 00:00:00-04:00,11.697743120342027,11.865518908683988,11.502003959850311,11.539287567138672,99200,0.0,0.0
2022-04-21 00:00:00-04:00,11.604532928837898,11.604532928837898,11.138487422547932,11.203734397888184,109000,0.0,0.0
2022-04-22 00:00:00-04:00,11.203734589643389,11.362189246695618,11.082562649264753,11.110525131225586,99700,0.0,0.0
2022-04-25 00:00:00-04:00,11.11052500519837,11.222375820684242,10.672441977861926,10.970711708068848,100000,0.0,0.0
2022-04-26 00:00:00-04:00,10.989353168772936,11.063920379792888,10.691084324693128,10.868181228637695,106700,0.0,0.0
2022-04-27 00:00:00-04:00,10.840218710834591,10.914785921607606,10.6071959549411,10.737689018249512,82700,0.0,0.0
2022-04-28 00:00:00-04:00,10.74700918818584,11.054599152999803,10.607195891056318,10.970711708068848,92800,0.0,0.0
2022-04-29 00:00:00-04:00,10.858861440366631,10.98003339540261,10.62583865504622,10.672443389892578,124600,0.0,0.0
2022-05-02 00:00:00-04:00,10.765651447315182,11.026636683742037,10.700404471525019,10.85886001586914,145700,0.0,0.0
2022-05-03 00:00:00-04:00,10.83089753419408,10.989353078538201,10.747009200257631,10.85886001586914,86100,0.0,0.0
2022-05-04 00:00:00-04:00,10.961392042944668,11.203735953196457,10.905466183305261,11.166451454162598,87300,0.0,0.0
2022-05-05 00:00:00-04:00,11.007994541101292,11.007994541101292,10.70040370895129,10.877501487731934,102200,0.0,0.0
2022-05-06 00:00:00-04:00,10.840218699031032,10.840218699031032,10.541949856263745,10.616517066955566,86900,0.0,0.0
2022-05-09 00:00:00-04:00,10.597876150087409,10.774973964393507,10.271644784589482,10.541951179504395,158800,0.0,0.0
2022-05-10 00:00:00-04:00,10.653801918029785,10.858861326953859,10.52330883960516,10.653801918029785,81800,0.0,0.0
2022-05-11 00:00:00-04:00,10.644480327412253,10.914786708171633,10.588554470846612,10.597875595092773,90400,0.0,0.0
2022-05-12 00:00:00-04:00,10.579234789530197,10.597876150087409,10.336890879906791,10.541951179504395,127300,0.0,0.0
2022-05-13 00:00:00-04:00,10.42077771359793,10.672441822550978,10.346210504359158,10.355530738830566,166200,0.0,0.0
2022-05-16 00:00:00-04:00,10.420779641379829,10.448742127789448,10.113189624139764,10.234360694885254,157500,0.0,0.0
2022-05-17 00:00:00-04:00,10.374174142701186,10.663121888502014,10.346211658345606,10.625838279724121,121500,0.0,0.0
2022-05-18 00:00:00-04:00,10.71904905396078,11.222378278329439,10.71904905396078,10.914788246154785,280300,0.0,0.0
2022-05-19 00:00:00-04:00,10.858860772248281,11.138488275210277,10.672442733244061,10.952070236206055,165700,0.0,0.0
2022-05-20 00:00:00-04:00,11.063921748553632,11.222377313802003,10.952070918186203,11.166451454162598,175300,0.0,0.0
2022-05-23 00:00:00-04:00,11.380832973602763,11.418116584034992,11.007996869280461,11.054600715637207,209500,0.0,0.0
2022-05-24 00:00:00-04:00,11.091883543231388,11.157130523566362,10.681763857422103,10.952070236206055,137300,0.0,0.0
2022-05-25 00:00:00-04:00,10.830898205535977,11.110525706352803,10.830898205535977,11.063920974731445,97900,0.0,0.0
2022-05-26 00:00:00-04:00,11.091883262709217,11.185092724309651,11.063920779793607,11.157130241394043,76200,0.0,0.0
2022-05-27 00:00:00-04:00,11.185093500307307,11.390153796708125,11.147809890862739,11.38083267211914,100800,0.0,0.0
2022-05-31 00:00:00-04:00,11.418115520597121,11.436757768532667,11.15713027187864,11.287622451782227,212700,0.0,0.0
2022-06-01 00:00:00-04:00,11.343548193092344,11.343548193092344,11.119846553573613,11.268980979919434,114000,0.0,0.0
2022-06-02 00:00:00-04:00,11.343547557049668,11.557928060673458,11.296942829201942,11.54860782623291,101700,0.0,0.0
2022-06-03 00:00:00-04:00,11.511325947457474,11.557929793380566,11.390153992452392,11.529967308044434,72200,0.0,0.0
2022-06-06 00:00:00-04:00,11.520646176031663,11.772311210632324,11.520646176031663,11.772311210632324,158100,0.0,0.0
2022-06-07 00:00:00-04:00,11.735027600570527,11.809594820694121,11.62317677038514,11.772311210632324,143300,0.0,0.0
2022-06-08 00:00:00-04:00,11.744349314270933,11.744349314270933,11.427438168397472,11.604535102844238,95400,0.0,0.0
2022-06-09 00:00:00-04:00,11.576572602922909,11.641818701500778,11.446079516855747,11.474042892456055,89000,0.0,0.0
2022-06-10 00:00:00-04:00,11.390153890132956,11.427437499883334,11.101205247883987,11.147809982299805,113600,0.0,0.0
2022-06-13 00:00:00-04:00,10.998674753565709,10.998674753565709,10.579233951763008,10.681763648986816,105600,0.0,0.0
2022-06-14 00:00:00-04:00,10.719048132430341,10.719048132430341,10.355532267061562,10.430099487304688,90100,0.0,0.0
2022-06-15 00:00:00-04:00,10.54195080242903,10.635159379703866,10.29960690147403,10.495346069335938,140600,0.0,0.0
2022-06-16 00:00:00-04:00,10.41055436036251,10.485924816488389,9.986595320032764,10.024280548095703,156000,0.12,0.0
2022-06-17 00:00:00-04:00,10.024279929639643,10.118492544741114,9.67569136694223,9.685111999511719,465100,0.0,0.0
2022-06-21 00:00:00-04:00,9.732218496480348,9.986594437285103,9.50610714808943,9.515528678894043,220500,0.0,0.0
2022-06-22 00:00:00-04:00,9.43073753893259,9.788747655027958,9.374209247554706,9.656848907470703,158400,0.0,0.0
2022-06-23 00:00:00-04:00,9.619162911036625,9.741640117166739,9.440158316530544,9.64742660522461,114800,0.0,0.0
2022-06-24 00:00:00-04:00,9.675691818473787,10.222128066417255,9.647427223986345,9.939488410949707,709400,0.0,0.0
2022-06-27 00:00:00-04:00,10.033699817974412,10.090228101631716,9.873537395846402,9.996014595031738,74500,0.0,0.0
2022-06-28 00:00:00-04:00,10.146757736003972,10.222128191922476,9.713377165229224,9.751062393188477,146800,0.0,0.0
2022-06-29 00:00:00-04:00,9.685112436579418,9.845274877815013,9.449579540466681,9.619163513183594,105500,0.0,0.0
2022-06-30 00:00:00-04:00,9.496686604146452,9.600320758306589,9.374209386418988,9.421316146850586,146000,0.0,0.0
2022-07-01 00:00:00-04:00,9.42131600728849,9.76048306009566,9.42131600728849,9.656848907470703,137400,0.0,0.0
2022-07-05 00:00:00-04:00,9.515528396632153,9.71337604522705,9.402471827303694,9.71337604522705,234800,0.0,0.0
2022-07-06 00:00:00-04:00,9.600320401757735,9.60974193319149,9.251731825088992,9.393052101135254,150100,0.0,0.0
2022-07-07 00:00:00-04:00,9.421315180435652,9.60974130434704,9.383629955653374,9.468421936035156,145500,0.0,0.0
2022-07-08 00:00:00-04:00,9.487264550618942,9.487264550618942,9.261153191166139,9.355366706848145,133300,0.0,0.0
2022-07-11 00:00:00-04:00,9.317681510419805,9.38363043251858,9.195204299031596,9.261153221130371,120700,0.0,0.0
2022-07-12 00:00:00-04:00,9.223467826843262,9.383630262018729,9.166939538580943,9.223467826843262,111600,0.0,0.0
2022-07-13 00:00:00-04:00,9.16693952446196,9.298838264546445,9.1575188918383,9.270574569702148,103300,0.0,0.0
2022-07-14 00:00:00-04:00,9.21404661344055,9.355366889726074,9.129254627366572,9.345945358276367,76900,0.0,0.0
2022-07-15 00:00:00-04:00,9.468421765852982,9.496685459310031,9.308259338785351,9.430736541748047,84800,0.0,0.0
2022-07-18 00:00:00-04:00,9.524948891973356,9.675690682752395,9.468421506606983,9.534370422363281,90200,0.0,0.0
2022-07-19 00:00:00-04:00,9.64742660522461,9.817010567325788,9.628584441928167,9.64742660522461,111000,0.0,0.0
2022-07-20 00:00:00-04:00,9.66627016973064,9.788747382230543,9.562635121507123,9.760482788085938,134500,0.0,0.0
2022-07-21 00:00:00-04:00,9.57205632229796,9.703955061624004,9.477843707196492,9.685111999511719,116800,0.0,0.0
2022-07-22 00:00:00-04:00,9.741640557343068,9.760482721490893,9.41189414913265,9.581478118896484,121800,0.0,0.0
2022-07-25 00:00:00-04:00,9.628585227933103,9.732219380740045,9.534371708300094,9.609742164611816,115800,0.0,0.0
2022-07-26 00:00:00-04:00,9.562635988267909,9.666271045884946,9.449580296902132,9.628585815429688,94900,0.0,0.0
2022-07-27 00:00:00-04:00,9.67569168575936,9.864117820657656,9.647427091659601,9.807589530944824,79700,0.0,0.0
2022-07-28 00:00:00-04:00,9.760481791404237,9.986594029038436,9.722796568212969,9.948908805847168,95800,0.0,0.0
2022-07-29 00:00:00-04:00,9.986595556297507,10.061966014206515,9.807590044898566,9.873538970947266,83800,0.0,0.0
2022-08-01 00:00:00-04:00,9.948910150973381,10.250391977264883,9.826432934420781,10.203285217285156,165500,0.0,0.0
2022-08-02 00:00:00-04:00,10.222128365614223,10.222128365614223,9.769904723932429,9.788747787475586,88500,0.0,0.0
2022-08-03 00:00:00-04:00,9.798167135927613,9.798167135927613,9.57205579398004,9.666269302368164,71900,0.0,0.0
2022-08-04 00:00:00-04:00,9.703955667204488,9.703955667204488,9.543793223201646,9.656848907470703,64600,0.0,0.0
2022-08-05 00:00:00-04:00,9.59089994973998,9.901803305025483,9.59089994973998,9.751062393188477,74600,0.0,0.0
2022-08-08 00:00:00-04:00,9.760482315075018,10.090228709555156,9.760482315075018,9.967751502990723,97800,0.0,0.0
2022-08-09 00:00:00-04:00,10.080806613168782,10.410552989152496,10.080806613168782,10.363446235656738,109900,0.0,0.0
2022-08-10 00:00:00-04:00,10.391710785609165,10.598979978996926,10.363447090574773,10.504766464233398,136800,0.0,0.0
2022-08-11 00:00:00-04:00,10.627243448460714,10.806248943014568,10.551872997644347,10.655508041381836,107900,0.0,0.0
2022-08-12 00:00:00-04:00,10.749720547328723,10.862776222413952,10.570715953065433,10.843934059143066,91300,0.0,0.0
2022-08-15 00:00:00-04:00,10.702614236145296,10.796827751874476,10.495345939119776,10.730878829956055,95000,0.0,0.0
2022-08-16 00:00:00-04:00,10.806249002201001,11.004096661299247,10.69319332535724,10.881619453430176,95100,0.0,0.0
2022-08-17 00:00:00-04:00,10.74030045600951,10.749721988151073,10.54245277347049,10.636666297912598,73200,0.0,0.0
2022-08-18 00:00:00-04:00,10.646087058584163,10.740299677712386,10.580137236859047,10.627243995666504,90400,0.0,0.0
2022-08-19 00:00:00-04:00,10.551873306992006,10.551873306992006,10.335183479163952,10.410553932189941,132600,0.0,0.0
2022-08-22 00:00:00-04:00,10.278653585082173,10.288075114860865,10.08080595216229,10.118491172790527,98400,0.0,0.0
2022-08-23 00:00:00-04:00,10.14675752298413,10.259813204488408,10.033700942993164,10.033700942993164,66000,0.0,0.0
2022-08-24 00:00:00-04:00,10.033701076906018,10.184442886076923,9.986595216182229,10.165599822998047,78500,0.0,0.0
2022-08-25 00:00:00-04:00,10.193863040996394,10.401132232708765,10.193863040996394,10.372868537902832,91200,0.0,0.0
2022-08-26 00:00:00-04:00,10.354024662230433,10.354024662230433,9.96775090244638,9.996014595031738,86200,0.0,0.0
2022-08-29 00:00:00-04:00,9.901802764807417,9.986594747711367,9.826432313000941,9.958330154418945,79300,0.0,0.0
2022-08-30 00:00:00-04:00,9.91122343162812,9.958329286034457,9.685111197439433,9.817009925842285,88200,0.0,0.0
2022-08-31 00:00:00-04:00,9.760482891456558,9.807589650376443,9.600320450220961,9.619163513183594,127400,0.0,0.0
2022-09-01 00:00:00-04:00,9.647427241675889,9.647427241675889,9.42131587628193,9.52495002746582,157000,0.0,0.0
2022-09-02 00:00:00-04:00,9.572056236638167,9.66626974938318,9.459000560436138,9.553214073181152,81800,0.0,0.0
2022-09-06 00:00:00-04:00,9.553214541562337,9.553214541562337,9.317681646638592,9.393052101135254,129100,0.0,0.0
2022-09-07 00:00:00-04:00,9.402472617815397,9.581478118896484,9.393051984984822,9.581478118896484,76800,0.0,0.0
2022-09-08 00:00:00-04:00,9.46842227236755,9.5626348884265,9.374208757821938,9.543792724609375,80200,0.0,0.0
2022-09-09 00:00:00-04:00,9.60974100642373,9.722796677265586,9.534370559195827,9.71337604522705,58900,0.0,0.0
2022-09-12 00:00:00-04:00,9.807589785884,9.854696545454741,9.694534102006244,9.751062393188477,76900,0.0,0.0
2022-09-13 00:00:00-04:00,9.553215045161911,9.656849200936245,9.459001522831253,9.506108283996582,115600,0.0,0.0
2022-09-14 00:00:00-04:00,9.459000560436138,9.609741462038842,9.440158396979124,9.553214073181152,126700,0.0,0.0
2022-09-15 00:00:00-04:00,9.467319957316779,9.572299991283426,9.429145316769342,9.457776069641113,138800,0.13,0.0
2022-09-16 00:00:00-04:00,9.410058475232637,9.562757962730865,9.33370918656118,9.495951652526855,417600,0.0,0.0
2022-09-19 00:00:00-04:00,9.362341325315398,9.610476070953109,9.362341325315398,9.562758445739746,109000,0.0,0.0
2022-09-20 00:00:00-04:00,9.46732092610601,9.505495570559853,9.371883859893748,9.4768648147583,76000,0.0,0.0
2022-09-21 00:00:00-04:00,9.495950756462731,9.581843925651834,9.266902912061946,9.30507755279541,115700,0.0,0.0
2022-09-22 00:00:00-04:00,9.305078491098245,9.390971668948618,9.25735995783078,9.343253135681152,95300,0.0,0.0
2022-09-23 00:00:00-04:00,9.228728806124364,9.266903449070012,9.047398569516076,9.1619234085083,171600,0.0,0.0
2022-09-26 00:00:00-04:00,9.085574606107636,9.247816164643897,9.00922440599807,9.0569429397583,103600,0.0,0.0
2022-09-27 00:00:00-04:00,9.085574559253502,9.238273138374515,9.056942893051819,9.171466827392578,118600,0.0,0.0
2022-09-28 00:00:00-04:00,9.219184875488281,9.295534161028764,9.13329170171642,9.219184875488281,87300,0.0,0.0
2022-09-29 00:00:00-04:00,9.171466386628252,9.171466386628252,8.999680948450477,9.1619234085083,81600,0.0,0.0
2022-09-30 00:00:00-04:00,9.123749742923028,9.228729794730484,8.999681912520376,9.009224891662598,117400,0.0,0.0
2022-10-03 00:00:00-04:00,9.133292119267638,9.543670230425644,9.133292119267638,9.438690185546875,133000,0.0,0.0
2022-10-04 00:00:00-04:00,9.534126251850134,9.715456494205236,9.534126251850134,9.610475540161133,140300,0.0,0.0
2022-10-05 00:00:00-04:00,9.495951159052158,9.667737504713399,9.429145762475127,9.639106750488281,95100,0.0,0.0
2022-10-06 00:00:00-04:00,9.639107190400939,9.868155054965776,9.639107190400939,9.705912590026855,103400,0.0,0.0
2022-10-07 00:00:00-04:00,9.59138919338066,9.696369242963383,9.410058941190533,9.486408233642578,96300,0.0,0.0
2022-10-10 00:00:00-04:00,9.543670650579338,9.686825346275885,9.5150398934711,9.600933074951172,78100,0.0,0.0
2022-10-11 00:00:00-04:00,9.553214043919814,9.76317413202519,9.515039399704719,9.572300910949707,119800,0.0,0.0
2022-10-12 00:00:00-04:00,9.543670185485345,9.724999518541228,9.419602363855397,9.495951652526855,215800,0.0,0.0
2022-10-13 00:00:00-04:00,9.419601836276923,9.782261392231959,9.410057948188703,9.753630638122559,123600,0.0,0.0
2022-10-14 00:00:00-04:00,9.791806305931686,9.791806305931686,9.543670650579338,9.600933074951172,79800,0.0,0.0
2022-10-17 00:00:00-04:00,9.744087219238281,9.877698928441351,9.696368686654663,9.744087219238281,115700,0.0,0.0
2022-10-18 00:00:00-04:00,9.829980351513667,9.944504283104537,9.75363106378642,9.858611106872559,75300,0.0,0.0
2022-10-19 00:00:00-04:00,9.744087672744858,9.829980853361924,9.629563735307217,9.77271842956543,86200,0.0,0.0
2022-10-20 00:00:00-04:00,9.734542861946116,9.858610676627203,9.58184429315563,9.753630638122559,86600,0.0,0.0
2022-10-21 00:00:00-04:00,9.77271790176595,10.06857207345137,9.77271790176595,9.992222785949707,117600,0.0,0.0
2022-10-24 00:00:00-04:00,10.001765269377724,10.097202329110173,9.973134515520092,10.078115463256836,76100,0.0,0.0
2022-10-25 00:00:00-04:00,10.030397358093623,10.27853299578024,10.030397358093623,10.183095932006836,75700,0.0,0.0
2022-10-26 00:00:00-04:00,10.259445233391377,10.278533010235018,10.078115904153254,10.14492130279541,65300,0.0,0.0
2022-10-27 00:00:00-04:00,10.211726644037581,10.354882239094335,10.154465134139112,10.240357398986816,72900,0.0,0.0
2022-10-28 00:00:00-04:00,10.259446087125868,10.431232452392578,10.164009015276502,10.431232452392578,91100,0.0,0.0
2022-10-31 00:00:00-04:00,10.345338337880504,10.421687624420521,10.278532939696811,10.393056869506836,167800,0.0,0.0
2022-11-01 00:00:00-04:00,10.249900896557886,10.278532560570772,9.982678403524389,10.078115463256836,223100,0.0,0.0
2022-11-02 00:00:00-04:00,10.030397920892174,10.230815037937354,9.839524692790896,9.887242317199707,126500,0.0,0.0
2022-11-03 00:00:00-04:00,9.753630549643276,10.10674621430683,9.744086661641632,10.020853042602539,70800,0.0,0.0
2022-11-04 00:00:00-04:00,10.087660165334551,10.41214513170101,10.05902940658322,10.40260124206543,67300,0.0,0.0
2022-11-07 00:00:00-05:00,10.412144158227845,10.564842737499092,10.345338757335506,10.555299758911133,62200,0.0,0.0
2022-11-08 00:00:00-05:00,10.574386641933732,10.669823709197543,10.459862707310355,10.517125129699707,100400,0.0,0.0
2022-11-09 00:00:00-05:00,10.459862510315121,10.459862510315121,9.591388673161038,9.610475540161133,178200,0.0,0.0
2022-11-10 00:00:00-05:00,9.868155446635402,10.030397918013767,9.705912975257037,9.944504737854004,126000,0.0,0.0
2022-11-11 00:00:00-05:00,10.06857207345137,10.440774622483156,9.954048142198875,9.992222785949707,90800,0.0,0.0
2022-11-14 00:00:00-05:00,9.934959958686104,9.982678488960726,9.667737463365595,9.696368217468262,124000,0.0,0.0
2022-11-15 00:00:00-05:00,9.782261893938532,9.89678582640503,9.60093256173874,9.610475540161133,106100,0.0,0.0
2022-11-16 00:00:00-05:00,9.572301377585816,9.724999961890042,9.438690571397299,9.620019912719727,92900,0.0,0.0
2022-11-17 00:00:00-05:00,9.515038894611017,9.715455993640216,9.476864252422374,9.696368217468262,100500,0.0,0.0
2022-11-18 00:00:00-05:00,9.858611106872559,10.011309682327052,9.734543286776958,9.858611106872559,728500,0.0,0.0
2022-11-21 00:00:00-05:00,9.85861062234964,9.925416018288859,9.772717450339071,9.849066734313965,64800,0.0,0.0
2022-11-22 00:00:00-05:00,9.925416940955893,10.16400870309575,9.906330073265483,10.039941787719727,115600,0.0,0.0
2022-11-23 00:00:00-05:00,10.030397415161133,10.106746702552126,9.982678883002938,10.030397415161133,48300,0.0,0.0
2022-11-25 00:00:00-05:00,9.95404817160927,10.030397459336514,9.858611106872559,9.858611106872559,36800,0.0,0.0
2022-11-28 00:00:00-05:00,9.782262386081804,9.791806275139656,9.600933044759376,9.620019912719727,86700,0.0,0.0
2022-11-29 00:00:00-05:00,9.543671026462462,9.829981339287414,9.543671026462462,9.782262802124023,94100,0.0,0.0
2022-11-30 00:00:00-05:00,9.763174521040174,9.868155479431152,9.572301292359322,9.868155479431152,143800,0.0,0.0
2022-12-01 00:00:00-05:00,9.877699815484567,10.059029163399794,9.858612036674863,9.954049110412598,87400,0.0,0.0
2022-12-02 00:00:00-05:00,9.839524196683652,10.17355210148042,9.839524196683652,10.030397415161133,118100,0.0,0.0
2022-12-05 00:00:00-05:00,9.982678941554965,10.078116006431129,9.829980365877347,9.87769889831543,101900,0.0,0.0
2022-12-06 00:00:00-05:00,9.925415982896602,10.020853042602539,9.829979833345922,10.020853042602539,177300,0.0,0.0
2022-12-07 00:00:00-05:00,10.02085396154416,10.21172718830441,9.934960781963213,10.154465675354004,163100,0.0,0.0
2022-12-08 00:00:00-05:00,10.202182288371198,10.6411911214908,10.13537689316449,10.249900817871094,170600,0.0,0.0
2022-12-09 00:00:00-05:00,10.21172617949575,10.545754975944241,10.21172617949575,10.30716323852539,138700,0.0,0.0
2022-12-12 00:00:00-05:00,10.345338668620876,10.86069682431963,10.316707912791866,10.72708511352539,179600,0.0,0.0
2022-12-13 00:00:00-05:00,10.860696807823581,11.251987140795219,10.707998230093706,10.822522163391113,313700,0.0,0.0
2022-12-14 00:00:00-05:00,10.841609514867661,10.956133453281309,10.67936704124282,10.832066535949707,180900,0.0,0.0
2022-12-15 00:00:00-05:00,10.76448515997204,10.822411047743612,10.532783450287255,10.619671821594238,193600,0.13,0.0
2022-12-16 00:00:00-05:00,10.50382139408795,11.131347113522938,10.50382139408795,11.015496253967285,1155500,0.0,0.0
2022-12-19 00:00:00-05:00,10.967224887407228,11.102384684584894,10.465204493477367,10.5231294631958,199200,0.0,0.0
2022-12-20 00:00:00-05:00,10.48451243930281,10.581055282451956,10.156268798137445,10.20453929901123,132600,0.0,0.0
2022-12-21 00:00:00-05:00,10.272119892348016,10.330044863001216,10.001800293630389,10.050071716308594,148600,0.0,0.0
2022-12-22 00:00:00-05:00,9.943875557422249,10.011454998344561,9.721827376147635,9.895604133605957,111900,0.0,0.0
2022-12-23 00:00:00-05:00,9.866641930365173,9.982492798423953,9.866641930365173,9.953530311584473,70200,0.0,0.0
2022-12-27 00:00:00-05:00,9.943875010857157,9.96318302690191,9.741135778532955,9.779752731323242,73300,0.0,0.0
2022-12-28 00:00:00-05:00,9.760443563827785,9.8859488876043,9.605975756318461,9.63493824005127,124600,0.0,0.0
2022-12-29 00:00:00-05:00,9.654247992705388,9.80871581327654,9.644593523744483,9.702519416809082,94200,0.0,0.0
2022-12-30 00:00:00-05:00,9.68320982946498,9.92456601309562,9.61563039267265,9.8666410446167,165000,0.0,0.0
2023-01-03 00:00:00-05:00,9.9438753862415,10.098343203233856,9.837678071533643,9.963183403015137,132700,0.0,0.0
2023-01-04 00:00:00-05:00,10.088688476523751,10.16592238304502,9.89560371022058,9.905258178710938,133600,0.0,0.0
2023-01-05 00:00:00-05:00,9.943875557422249,9.943875557422249,9.702519359041617,9.895604133605957,98100,0.0,0.0
2023-01-06 00:00:00-05:00,9.924566315770306,10.43624210357666,9.924566315770306,10.43624210357666,107100,0.0,0.0
2023-01-09 00:00:00-05:00,10.571401108627922,10.774140348330958,10.407278823120663,10.667943954467773,111800,0.0,0.0
2023-01-10 00:00:00-05:00,10.60036257565582,11.054112434387207,10.55209207807436,11.054112434387207,109100,0.0,0.0
2023-01-11 00:00:00-05:00,11.12169373930906,11.353395462036133,11.12169373930906,11.353395462036133,92300,0.0,0.0
2023-01-12 00:00:00-05:00,11.392011991227323,11.449936959399743,11.198927229484644,11.363049507141113,106600,0.0,0.0
2023-01-13 00:00:00-05:00,11.372702706522553,11.50786249595484,11.256851853023768,11.392011642456055,89700,0.0,0.0
2023-01-17 00:00:00-05:00,11.411320751676014,11.45959217543674,11.169964553573216,11.324432373046875,85300,0.0,0.0
2023-01-18 00:00:00-05:00,11.420974597116478,11.507862971002528,11.02515060114739,11.1892728805542,163800,0.0,0.0
2023-01-19 00:00:00-05:00,11.150655880948802,11.150655880948802,10.861028276112318,11.083075523376465,97000,0.0,0.0
2023-01-20 00:00:00-05:00,11.13134699106324,11.22788983331458,10.909299742866251,11.1892728805542,158000,0.0,0.0
2023-01-23 00:00:00-05:00,11.198927362390926,11.353395173618257,11.160310409584092,11.295469284057617,59200,0.0,0.0
2023-01-24 00:00:00-05:00,11.285814996196024,11.401666777170337,11.141001651029322,11.334086418151855,51000,0.0,0.0
2023-01-25 00:00:00-05:00,11.237544915118564,11.324432373046875,11.12169405051332,11.324432373046875,52900,0.0,0.0
2023-01-26 00:00:00-05:00,11.34374099341397,11.353395462036133,11.218235663428272,11.353395462036133,50700,0.0,0.0
2023-01-27 00:00:00-05:00,11.35339464003977,11.440283009946825,11.276160738055887,11.28581428527832,68600,0.0,0.0
2023-01-30 00:00:00-05:00,11.179618007064205,11.392011699900003,11.179618007064205,11.305123329162598,71400,0.0,0.0
2023-01-31 00:00:00-05:00,11.314777824074412,11.739564290055025,11.141001082186515,11.710601806640625,168600,0.0,0.0
2023-02-01 00:00:00-05:00,11.739564846018713,12.077463877758387,11.662330939455494,11.932649612426758,111100,0.0,0.0
2023-02-02 00:00:00-05:00,11.894032585345403,11.961612943694494,11.729910304741708,11.913341522216797,156100,0.0,0.0
2023-02-03 00:00:00-05:00,11.797490497427447,12.048500228325311,11.720256592427985,11.980920791625977,198100,0.0,0.0
2023-02-06 00:00:00-05:00,11.90368693277745,11.9423038854269,11.710602169530201,11.787836074829102,109800,0.0,0.0
2023-02-07 00:00:00-05:00,11.710602632755027,11.92299634107884,11.652676741139146,11.884379386901855,120900,0.0,0.0
2023-02-08 00:00:00-05:00,11.778181715793485,11.778181715793485,11.401666654142469,11.50786304473877,102700,0.0,0.0
2023-02-09 00:00:00-05:00,11.633368738088235,11.643023206819043,11.179618835449219,11.179618835449219,139600,0.0,0.0
2023-02-10 00:00:00-05:00,11.160310649699218,11.295469527080698,11.015496383032316,11.247198104858398,118300,0.0,0.0
2023-02-13 00:00:00-05:00,11.256852972346605,11.44028419915135,11.141002107328214,11.43062973022461,97900,0.0,0.0
2023-02-14 00:00:00-05:00,11.392012005848335,11.54647981544073,11.247197743829886,11.469245910644531,82400,0.0,0.0
2023-02-15 00:00:00-05:00,11.3630497741367,11.52717113494873,11.305123883902436,11.52717113494873,55400,0.0,0.0
2023-02-16 00:00:00-05:00,11.334086308449177,11.67198533816868,11.305123823836324,11.614059448242188,87700,0.0,0.0
2023-02-17 00:00:00-05:00,11.623714276674098,11.894032956401176,11.604406259901143,11.691293716430664,201600,0.0,0.0
2023-02-21 00:00:00-05:00,11.556134406029326,11.575442422082352,11.198927362390926,11.295469284057617,77500,0.0,0.0
2023-02-22 00:00:00-05:00,11.324431526914928,11.382357415239893,11.23754407547862,11.343740463256836,96000,0.0,0.0
2023-02-23 00:00:00-05:00,11.430628835393904,11.440283303564858,11.131346766999643,11.343740463256836,87100,0.0,0.0
2023-02-24 00:00:00-05:00,11.198927699207525,11.266507138476793,11.034805414667183,11.160310745239258,84100,0.0,0.0
2023-02-27 00:00:00-05:00,11.189272928384597,11.266506834235505,10.967224758537647,10.996188163757324,67600,0.0,0.0
2023-02-28 00:00:00-05:00,10.976878838451903,11.247197499363,10.909299403399316,11.21823501586914,200400,0.0,0.0
2023-03-01 00:00:00-05:00,11.218235913103769,11.449937640987645,11.1216939868359,11.411320686340332,79700,0.0,0.0
2023-03-02 00:00:00-05:00,11.314777979444733,11.363049399598744,11.18927265532461,11.343740463256836,54600,0.0,0.0
2023-03-03 00:00:00-05:00,11.430629138723136,11.62371390376222,11.314778279699686,11.50786304473877,76400,0.0,0.0
2023-03-06 00:00:00-05:00,11.507862829927667,11.507862829927667,10.832065704555227,10.957571029663086,274300,0.0,0.0
2023-03-07 00:00:00-05:00,10.928607402215047,11.16031003191594,10.832065483815361,11.112038612365723,182800,0.0,0.0
2023-03-08 00:00:00-05:00,11.10238408705665,11.21823494095924,10.938261813852797,11.19892692565918,88300,0.0,0.0
2023-03-09 00:00:00-05:00,11.227889601634635,11.23754406980071,10.947916469723744,11.044458389282227,88600,0.0,0.0
2023-03-10 00:00:00-05:00,10.957571041536765,10.957571041536765,10.581055065805192,10.764485359191895,155300,0.0,0.0
2023-03-13 00:00:00-04:00,10.60036317323271,10.687251546898679,10.349353441276413,10.378315925598145,165700,0.0,0.0
2023-03-14 00:00:00-04:00,10.629326280980793,10.69690571607507,10.156268393919348,10.320389747619629,233100,0.0,0.0
2023-03-15 00:00:00-04:00,10.204539587409684,10.204539587409684,9.789407559817874,9.856986999511719,189700,0.0,0.0
2023-03-16 00:00:00-04:00,9.712173643589193,9.760444145788389,8.68882297677212,9.345312118530273,371500,0.0,0.0
2023-03-17 00:00:00-04:00,9.268077849968275,9.287385865957388,8.418503970329452,8.669513702392578,728500,0.0,0.0
2023-03-20 00:00:00-04:00,8.737093876458987,8.79501884390956,8.563317132705752,8.63089656829834,229700,0.0,0.0
2023-03-21 00:00:00-04:00,8.775710937487702,8.920524278616233,8.621243128097065,8.650205612182617,287400,0.0,0.0
2023-03-22 00:00:00-04:00,8.688822808379319,8.804673668673614,8.534354994653592,8.601934432983398,292900,0.0,0.0
2023-03-23 00:00:00-04:00,8.641122326447679,8.817472066769618,8.4059899622404,8.42558479309082,167600,0.13,0.0
2023-03-24 00:00:00-04:00,8.405990228099881,8.660717431213936,8.386396330962718,8.503962516784668,159600,0.0,0.0
2023-03-27 00:00:00-04:00,8.601933746920107,8.846863530762173,8.5529476032851,8.68031120300293,177900,0.0,0.0
2023-03-28 00:00:00-04:00,8.719499852248456,8.856660866320397,8.611731084691698,8.827269554138184,192700,0.0,0.0
2023-03-29 00:00:00-04:00,8.866458524840207,9.052604752873467,8.856661109066616,8.935038566589355,141400,0.0,0.0
2023-03-30 00:00:00-04:00,8.974227077536092,9.023213220882104,8.719499879603205,8.768486022949219,126800,0.0,0.0
2023-03-31 00:00:00-04:00,8.88605210463307,8.944835662841797,8.748892026034307,8.944835662841797,237600,0.0,0.0
2023-04-03 00:00:00-04:00,8.984025262883389,9.150577603931369,8.915445216922357,9.062402725219727,189400,0.0,0.0
2023-04-04 00:00:00-04:00,9.062402248382568,9.072199664242362,8.739094999673398,8.817472457885742,169000,0.0,0.0
2023-04-05 00:00:00-04:00,8.788081521312066,8.788081521312066,8.611731765609129,8.719500541687012,117500,0.0,0.0
2023-04-06 00:00:00-04:00,8.739094999673398,8.895849916098086,8.699906270567226,8.817472457885742,99100,0.0,0.0
2023-04-10 00:00:00-04:00,8.827269480757304,9.042807014079061,8.817472065333689,8.944835662841797,124100,0.0,0.0
2023-04-11 00:00:00-04:00,9.023213067418919,9.130981833480881,9.003618236680587,9.033010482788086,128900,0.0,0.0
2023-04-12 00:00:00-04:00,9.062402279047038,9.062402279047038,8.729297613350948,8.758688926696777,166700,0.0,0.0
2023-04-13 00:00:00-04:00,8.76848654967965,8.993822448874237,8.739095235639672,8.925241470336914,151900,0.0,0.0
2023-04-14 00:00:00-04:00,8.993822448874237,9.033011179038553,8.846864010008282,8.925241470336914,146200,0.0,0.0
2023-04-17 00:00:00-04:00,8.954633922447762,9.121186263018798,8.954633922447762,9.09179401397705,146200,0.0,0.0
2023-04-18 00:00:00-04:00,9.140779252581904,9.179967979741612,8.905646889623652,9.003618240356445,94800,0.0,0.0
2023-04-19 00:00:00-04:00,8.935038855407479,9.01341631546371,8.905647541469648,8.984025001525879,97600,0.0,0.0
2023-04-20 00:00:00-04:00,8.944836302585585,9.023213762914217,8.807675279843966,8.925241470336914,136000,0.0,0.0
2023-04-21 00:00:00-04:00,8.915444747817673,8.915444747817673,8.729297583813604,8.817472457885742,112400,0.0,0.0
2023-04-24 00:00:00-04:00,8.807675012618137,8.925241199544114,8.807675012618137,8.876255989074707,132600,0.0,0.0
2023-04-25 00:00:00-04:00,8.817472433478047,8.895849891473434,8.719500143817312,8.846863746643066,157300,0.0,0.0
2023-04-26 00:00:00-04:00,8.788081174375613,8.846863801067274,8.690108884112172,8.758688926696777,110500,0.0,0.0
2023-04-27 00:00:00-04:00,8.778284190667241,9.062402725219727,8.758689357916632,9.062402725219727,118200,0.0,0.0
2023-04-28 00:00:00-04:00,9.023213596466508,9.238752075560804,9.023213596466508,9.189765930175781,111800,0.0,0.0
2023-05-01 00:00:00-04:00,9.189766276082512,9.297535052519619,9.033011352416525,9.150577545166016,122300,0.0,0.0
2023-05-02 00:00:00-04:00,9.111388230445499,9.121185646130124,8.866458444327787,9.08199691772461,89500,0.0,0.0
2023-05-03 00:00:00-04:00,9.150576963523273,9.336723189961265,9.052604675292969,9.052604675292969,117100,0.0,0.0
2023-05-04 00:00:00-04:00,8.984024634131547,9.10159081940812,8.7782835763143,9.052604675292969,105600,0.0,0.0
2023-05-05 00:00:00-04:00,9.189765587206685,9.297534355565315,9.140779443649862,9.228954315185547,77500,0.0,0.0
2023-05-08 00:00:00-04:00,9.21915697963423,9.248548292290263,7.612417717054119,7.827955722808838,459900,0.0,0.0
2023-05-09 00:00:00-04:00,7.837753452931947,8.151263292062659,7.837753452931947,7.847550868988037,232600,0.0,0.0
2023-05-10 00:00:00-04:00,7.906333282537267,7.935725529909528,7.612417816312116,7.6809983253479,223300,0.0,0.0
2023-05-11 00:00:00-04:00,7.612417909671069,7.7103897329476485,7.504648670483579,7.534040451049805,136200,0.0,0.0
2023-05-12 00:00:00-04:00,7.524243090299367,7.573229235880029,7.249921983113887,7.445865631103516,233600,0.0,0.0
2023-05-15 00:00:00-04:00,7.494851561222178,7.514445925457842,7.269516138928794,7.279313087463379,157400,0.0,0.0
2023-05-16 00:00:00-04:00,7.318501815934708,7.387082324342779,7.161746902049394,7.279313087463379,163400,0.0,0.0
2023-05-17 00:00:00-04:00,7.298907478948224,7.5634316307004905,7.2793131146394074,7.494851589202881,154700,0.0,0.0
2023-05-18 00:00:00-04:00,7.4556631229073504,7.602621093977329,7.396880027912661,7.5732293128967285,176600,0.0,0.0
2023-05-19 00:00:00-04:00,7.671200882832499,7.671200882832499,7.387082366221407,7.465459823608398,242000,0.0,0.0
2023-05-22 00:00:00-04:00,7.416474317488325,7.485054360701442,7.289110712711812,7.445865631103516,126700,0.0,0.0
2023-05-23 00:00:00-04:00,7.396880027912661,7.7299842328825665,7.347893881833831,7.5732293128967285,166800,0.0,0.0
2023-05-24 00:00:00-04:00,7.53404039660909,7.53404039660909,7.328299335631698,7.377285480499268,110200,0.0,0.0
2023-05-25 00:00:00-04:00,7.318501743273627,7.328299158877433,7.122558102862395,7.151949882507324,117200,0.0,0.0
2023-05-26 00:00:00-04:00,7.181341209152171,7.191138624775304,7.004991932434184,7.122558116912842,119900,0.0,0.0
2023-05-30 00:00:00-04:00,7.142152668476197,7.2009357622586005,6.936411606654538,7.073572158813477,145200,0.0,0.0
2023-05-31 00:00:00-04:00,7.053977764265257,7.132355689475471,6.809047974295401,6.887425899505615,838100,0.0,0.0
2023-06-01 00:00:00-04:00,6.92661479654516,7.171544592456235,6.8188455555376635,7.112761497497559,248400,0.0,0.0
2023-06-02 00:00:00-04:00,7.2597188931919865,7.514446101385778,7.220530163803174,7.504648685455322,213800,0.0,0.0
2023-06-05 00:00:00-04:00,7.053977940933367,7.053977940933367,6.446552158715,6.867831707000732,740400,0.0,0.0
2023-06-06 00:00:00-04:00,6.867831586806577,7.328299389870481,6.789453661005069,7.2891106605529785,454200,0.0,0.0
2023-06-07 00:00:00-04:00,7.3380961331967285,7.651606426126962,7.279313040866026,7.612417697906494,415400,0.0,0.0
2023-06-08 00:00:00-04:00,7.632012056282318,7.632012056282318,7.289110451027622,7.367487907409668,444500,0.0,0.0
2023-06-09 00:00:00-04:00,7.328299470851588,7.328299470851588,7.024586581701526,7.171544551849365,350000,0.0,0.0
2023-06-12 00:00:00-04:00,7.093166721967255,7.171544649704335,6.965803582123346,7.0245866775512695,526100,0.0,0.0
2023-06-13 00:00:00-04:00,7.0441806082527725,7.122558063989504,6.593509770600082,6.691481590270996,727700,0.0,0.0
2023-06-14 00:00:00-04:00,6.730670588742898,6.750264953464863,6.23101405474953,6.279999732971191,762400,0.0,0.0
2023-06-15 00:00:00-04:00,6.309999942779541,6.329999923706055,6.070000171661377,6.199999809265137,706500,0.13,0.0
2023-06-16 00:00:00-04:00,6.239999771118164,6.239999771118164,5.849999904632568,6.0,8427100,0.0,0.0
2023-06-20 00:00:00-04:00,6.0,6.150000095367432,5.869999885559082,6.0,1115700,0.0,0.0
2023-06-21 00:00:00-04:00,5.96999979019165,6.300000190734863,5.909999847412109,6.289999961853027,559800,0.0,0.0
2023-06-22 00:00:00-04:00,6.260000228881836,6.559999942779541,6.210000038146973,6.5,457800,0.0,0.0
2023-06-23 00:00:00-04:00,6.400000095367432,6.650000095367432,6.329999923706055,6.630000114440918,881300,0.0,0.0
2023-06-26 00:00:00-04:00,6.650000095367432,6.75,6.590000152587891,6.639999866485596,257300,0.0,0.0
2023-06-27 00:00:00-04:00,6.650000095367432,6.730000019073486,6.550000190734863,6.659999847412109,315500,0.0,0.0
2023-06-28 00:00:00-04:00,6.650000095367432,6.679999828338623,6.53000020980835,6.659999847412109,270400,0.0,0.0
2023-06-29 00:00:00-04:00,6.699999809265137,6.829999923706055,6.679999828338623,6.820000171661377,279200,0.0,0.0
2023-06-30 00:00:00-04:00,6.900000095367432,6.909999847412109,6.610000133514404,6.670000076293945,280400,0.0,0.0
2023-07-03 00:00:00-04:00,6.650000095367432,6.889999866485596,6.639999866485596,6.869999885559082,218900,0.0,0.0
2023-07-05 00:00:00-04:00,6.820000171661377,6.820000171661377,6.539999961853027,6.570000171661377,332300,0.0,0.0
2023-07-06 00:00:00-04:00,6.519999980926514,6.539999961853027,6.309999942779541,6.360000133514404,240800,0.0,0.0
2023-07-07 00:00:00-04:00,6.349999904632568,6.650000095367432,6.340000152587891,6.599999904632568,449700,0.0,0.0
2023-07-10 00:00:00-04:00,6.579999923706055,6.690000057220459,6.449999809265137,6.480000019073486,181200,0.0,0.0
2023-07-11 00:00:00-04:00,6.489999771118164,6.53000020980835,6.400000095367432,6.510000228881836,234000,0.0,0.0
2023-07-12 00:00:00-04:00,6.619999885559082,6.71999979019165,6.53000020980835,6.590000152587891,214400,0.0,0.0
2023-07-13 00:00:00-04:00,6.610000133514404,6.71999979019165,6.559999942779541,6.650000095367432,206000,0.0,0.0
2023-07-14 00:00:00-04:00,6.690000057220459,6.760000228881836,6.539999961853027,6.710000038146973,212900,0.0,0.0
2023-07-17 00:00:00-04:00,6.659999847412109,6.699999809265137,6.519999980926514,6.579999923706055,224800,0.0,0.0
2023-07-18 00:00:00-04:00,6.579999923706055,6.75,6.460000038146973,6.46999979019165,206200,0.0,0.0
2023-07-19 00:00:00-04:00,6.460000038146973,6.639999866485596,6.460000038146973,6.639999866485596,155900,0.0,0.0
2023-07-20 00:00:00-04:00,6.659999847412109,6.659999847412109,6.510000228881836,6.559999942779541,195700,0.0,0.0
2023-07-21 00:00:00-04:00,6.610000133514404,6.710000038146973,6.539999961853027,6.710000038146973,187000,0.0,0.0
2023-07-24 00:00:00-04:00,6.730000019073486,6.869999885559082,6.619999885559082,6.860000133514404,150000,0.0,0.0
2023-07-25 00:00:00-04:00,6.820000171661377,7.050000190734863,6.800000190734863,7.0,244200,0.0,0.0
2023-07-26 00:00:00-04:00,7.0,7.170000076293945,7.0,7.079999923706055,140400,0.0,0.0
2023-07-27 00:00:00-04:00,7.070000171661377,7.090000152587891,6.760000228881836,6.78000020980835,254500,0.0,0.0
2023-07-28 00:00:00-04:00,6.840000152587891,6.940000057220459,6.800000190734863,6.880000114440918,130500,0.0,0.0
2023-07-31 00:00:00-04:00,6.860000133514404,6.96999979019165,6.860000133514404,6.920000076293945,117600,0.0,0.0
2023-08-01 00:00:00-04:00,6.889999866485596,6.960000038146973,6.730000019073486,6.78000020980835,160100,0.0,0.0
2023-08-02 00:00:00-04:00,6.699999809265137,6.699999809265137,6.559999942779541,6.599999904632568,116200,0.0,0.0
2023-08-03 00:00:00-04:00,6.550000190734863,6.71999979019165,6.519999980926514,6.539999961853027,121400,0.0,0.0
2023-08-04 00:00:00-04:00,6.599999904632568,6.730000019073486,6.550000190734863,6.570000171661377,89600,0.0,0.0
2023-08-07 00:00:00-04:00,6.550000190734863,6.610000133514404,6.449999809265137,6.559999942779541,98000,0.0,0.0
2023-08-08 00:00:00-04:00,6.539999961853027,6.539999961853027,6.329999923706055,6.369999885559082,139600,0.0,0.0
2023-08-09 00:00:00-04:00,6.0,6.0,4.909999847412109,5.079999923706055,522700,0.0,0.0
2023-08-10 00:00:00-04:00,5.099999904632568,5.269999980926514,4.989999771118164,5.239999771118164,356500,0.0,0.0
2023-08-11 00:00:00-04:00,5.199999809265137,5.400000095367432,5.199999809265137,5.269999980926514,335400,0.0,0.0
2023-08-14 00:00:00-04:00,5.25,5.289999961853027,5.070000171661377,5.119999885559082,208300,0.0,0.0
2023-08-15 00:00:00-04:00,5.079999923706055,5.139999866485596,4.96999979019165,4.989999771118164,265100,0.0,0.0
2023-08-16 00:00:00-04:00,5.0,5.369999885559082,5.0,5.079999923706055,231300,0.0,0.0
2023-08-17 00:00:00-04:00,5.059999942779541,5.239999771118164,5.059999942779541,5.21999979019165,210900,0.0,0.0
2023-08-18 00:00:00-04:00,5.159999847412109,5.199999809265137,4.989999771118164,4.989999771118164,346900,0.0,0.0
2023-08-21 00:00:00-04:00,5.010000228881836,5.059999942779541,4.900000095367432,5.019999980926514,200900,0.0,0.0
2023-08-22 00:00:00-04:00,5.050000190734863,5.190000057220459,5.0,5.099999904632568,304400,0.0,0.0
2023-08-23 00:00:00-04:00,5.090000152587891,5.230000019073486,5.090000152587891,5.159999847412109,166800,0.0,0.0
2023-08-24 00:00:00-04:00,5.150000095367432,5.179999828338623,5.059999942779541,5.110000133514404,155100,0.0,0.0
2023-08-25 00:00:00-04:00,5.150000095367432,5.179999828338623,5.079999923706055,5.110000133514404,108200,0.0,0.0
2023-08-28 00:00:00-04:00,5.130000114440918,5.21999979019165,5.079999923706055,5.090000152587891,209600,0.0,0.0
2023-08-29 00:00:00-04:00,5.099999904632568,5.159999847412109,5.079999923706055,5.130000114440918,81500,0.0,0.0
2023-08-30 00:00:00-04:00,5.130000114440918,5.170000076293945,5.03000020980835,5.039999961853027,178500,0.0,0.0
2023-08-31 00:00:00-04:00,5.059999942779541,5.159999847412109,5.019999980926514,5.03000020980835,110700,0.0,0.0
2023-09-01 00:00:00-04:00,5.059999942779541,5.230000019073486,5.059999942779541,5.199999809265137,221200,0.0,0.0
2023-09-05 00:00:00-04:00,5.570000171661377,5.829999923706055,5.5,5.820000171661377,563600,0.0,0.0
2023-09-06 00:00:00-04:00,5.809999942779541,5.96999979019165,5.579999923706055,5.639999866485596,299100,0.0,0.0
2023-09-07 00:00:00-04:00,5.630000114440918,5.699999809265137,5.510000228881836,5.550000190734863,436200,0.0,0.0
2023-09-08 00:00:00-04:00,5.53000020980835,5.610000133514404,5.460000038146973,5.590000152587891,167500,0.0,0.0
2023-09-11 00:00:00-04:00,5.599999904632568,5.71999979019165,5.599999904632568,5.650000095367432,126700,0.0,0.0
2023-09-12 00:00:00-04:00,5.630000114440918,5.659999847412109,5.46999979019165,5.489999771118164,196200,0.0,0.0
2023-09-13 00:00:00-04:00,5.46999979019165,5.489999771118164,5.21999979019165,5.289999961853027,307200,0.0,0.0
2023-09-14 00:00:00-04:00,5.369999885559082,5.489999771118164,5.349999904632568,5.360000133514404,243900,0.0,0.0
2023-09-15 00:00:00-04:00,5.360000133514404,5.369999885559082,5.230000019073486,5.239999771118164,484000,0.0,0.0
2023-09-18 00:00:00-04:00,5.239999771118164,5.289999961853027,5.119999885559082,5.159999847412109,249800,0.0,0.0
2023-09-19 00:00:00-04:00,5.150000095367432,5.28000020980835,5.099999904632568,5.28000020980835,223000,0.0,0.0
2023-09-20 00:00:00-04:00,5.320000171661377,5.590000152587891,5.320000171661377,5.440000057220459,135300,0.0,0.0
2023-09-21 00:00:00-04:00,5.440000057220459,5.440000057220459,5.21999979019165,5.21999979019165,116500,0.0,0.0
2023-09-22 00:00:00-04:00,5.210000038146973,5.269999980926514,5.150000095367432,5.179999828338623,162200,0.0,0.0
2023-09-25 00:00:00-04:00,5.130000114440918,5.199999809265137,5.079999923706055,5.199999809265137,141200,0.0,0.0
2023-09-26 00:00:00-04:00,5.170000076293945,5.260000228881836,5.139999866485596,5.190000057220459,179100,0.0,0.0
2023-09-27 00:00:00-04:00,5.199999809265137,5.289999961853027,5.130000114440918,5.260000228881836,147300,0.0,0.0
2023-09-28 00:00:00-04:00,5.269999980926514,5.340000152587891,5.190000057220459,5.210000038146973,170300,0.0,0.0
2023-09-29 00:00:00-04:00,5.260000228881836,5.420000076293945,5.239999771118164,5.409999847412109,196300,0.0,0.0
2023-10-02 00:00:00-04:00,5.389999866485596,5.409999847412109,5.179999828338623,5.360000133514404,244200,0.0,0.0
2023-10-03 00:00:00-04:00,5.309999942779541,5.53000020980835,5.21999979019165,5.5,232800,0.0,0.0
2023-10-04 00:00:00-04:00,5.5,5.53000020980835,5.150000095367432,5.210000038146973,176200,0.0,0.0
2023-10-05 00:00:00-04:00,5.170000076293945,5.260000228881836,5.110000133514404,5.170000076293945,140300,0.0,0.0
2023-10-06 00:00:00-04:00,5.139999866485596,5.28000020980835,5.099999904632568,5.21999979019165,100100,0.0,0.0
2023-10-09 00:00:00-04:00,5.119999885559082,5.239999771118164,5.099999904632568,5.199999809265137,126900,0.0,0.0
2023-10-10 00:00:00-04:00,5.269999980926514,5.46999979019165,5.269999980926514,5.400000095367432,130200,0.0,0.0
2023-10-11 00:00:00-04:00,5.400000095367432,5.440000057220459,5.210000038146973,5.230000019073486,103200,0.0,0.0
2023-10-12 00:00:00-04:00,5.300000190734863,5.300000190734863,5.159999847412109,5.269999980926514,89700,0.0,0.0
2023-10-13 00:00:00-04:00,5.349999904632568,5.349999904632568,5.199999809265137,5.199999809265137,96700,0.0,0.0
2023-10-16 00:00:00-04:00,5.25,5.400000095367432,5.190000057220459,5.340000152587891,203700,0.0,0.0
2023-10-17 00:00:00-04:00,5.300000190734863,5.429999828338623,5.300000190734863,5.329999923706055,165400,0.0,0.0
2023-10-18 00:00:00-04:00,5.28000020980835,5.329999923706055,5.230000019073486,5.260000228881836,147400,0.0,0.0
2023-10-19 00:00:00-04:00,5.260000228881836,5.260000228881836,5.170000076293945,5.170000076293945,215100,0.0,0.0
2023-10-20 00:00:00-04:00,5.159999847412109,5.170000076293945,5.0,5.03000020980835,181300,0.0,0.0
2023-10-23 00:00:00-04:00,5.0,5.050000190734863,4.860000133514404,4.860000133514404,235400,0.0,0.0
2023-10-24 00:00:00-04:00,4.889999866485596,4.940000057220459,4.769999980926514,4.889999866485596,164400,0.0,0.0
2023-10-25 00:00:00-04:00,4.889999866485596,4.920000076293945,4.820000171661377,4.869999885559082,114700,0.0,0.0
2023-10-26 00:00:00-04:00,4.829999923706055,4.920000076293945,4.699999809265137,4.710000038146973,154200,0.0,0.0
2023-10-27 00:00:00-04:00,4.710000038146973,4.71999979019165,4.5,4.519999980926514,150200,0.0,0.0
2023-10-30 00:00:00-04:00,4.590000152587891,4.659999847412109,4.510000228881836,4.599999904632568,204600,0.0,0.0
2023-10-31 00:00:00-04:00,4.590000152587891,4.670000076293945,4.46999979019165,4.480000019073486,137600,0.0,0.0
2023-11-01 00:00:00-04:00,4.510000228881836,4.510000228881836,4.349999904632568,4.360000133514404,128800,0.0,0.0
2023-11-02 00:00:00-04:00,4.409999847412109,4.53000020980835,4.409999847412109,4.5,147000,0.0,0.0
2023-11-03 00:00:00-04:00,4.590000152587891,4.869999885559082,4.590000152587891,4.78000020980835,146600,0.0,0.0
2023-11-06 00:00:00-05:00,4.760000228881836,4.760000228881836,4.630000114440918,4.710000038146973,124800,0.0,0.0
2023-11-07 00:00:00-05:00,4.690000057220459,4.789999961853027,4.679999828338623,4.739999771118164,136600,0.0,0.0
2023-11-08 00:00:00-05:00,4.739999771118164,4.739999771118164,4.559999942779541,4.559999942779541,100600,0.0,0.0
2023-11-09 00:00:00-05:00,4.670000076293945,4.670000076293945,4.440000057220459,4.449999809265137,103900,0.0,0.0
2023-11-10 00:00:00-05:00,4.519999980926514,4.539999961853027,4.380000114440918,4.409999847412109,99800,0.0,0.0
2023-11-13 00:00:00-05:00,4.409999847412109,4.590000152587891,4.389999866485596,4.510000228881836,120400,0.0,0.0
2023-11-14 00:00:00-05:00,4.590000152587891,4.869999885559082,4.590000152587891,4.869999885559082,121100,0.0,0.0
2023-11-15 00:00:00-05:00,4.849999904632568,4.960000038146973,4.789999961853027,4.800000190734863,142000,0.0,0.0
2023-11-16 00:00:00-05:00,4.78000020980835,4.820000171661377,4.690000057220459,4.800000190734863,79900,0.0,0.0
2023-11-17 00:00:00-05:00,4.860000133514404,4.940000057220459,4.789999961853027,4.880000114440918,135500,0.0,0.0
2023-11-20 00:00:00-05:00,4.909999847412109,5.03000020980835,4.800000190734863,4.909999847412109,146600,0.0,0.0
2023-11-21 00:00:00-05:00,4.860000133514404,4.880000114440918,4.789999961853027,4.809999942779541,88100,0.0,0.0
2023-11-22 00:00:00-05:00,4.78000020980835,4.869999885559082,4.760000228881836,4.800000190734863,77900,0.0,0.0
2023-11-24 00:00:00-05:00,4.800000190734863,4.929999828338623,4.769999980926514,4.880000114440918,71800,0.0,0.0
2023-11-27 00:00:00-05:00,4.840000152587891,4.840000152587891,4.650000095367432,4.670000076293945,145100,0.0,0.0
2023-11-28 00:00:00-05:00,4.659999847412109,4.690000057220459,4.590000152587891,4.679999828338623,139100,0.0,0.0
2023-11-29 00:00:00-05:00,4.730000019073486,4.880000114440918,4.71999979019165,4.769999980926514,102100,0.0,0.0
2023-11-30 00:00:00-05:00,4.800000190734863,4.800000190734863,4.650000095367432,4.699999809265137,183600,0.0,0.0
2023-12-01 00:00:00-05:00,4.699999809265137,4.889999866485596,4.650000095367432,4.880000114440918,134700,0.0,0.0
2023-12-04 00:00:00-05:00,4.909999847412109,5.059999942779541,4.900000095367432,5.010000228881836,85500,0.0,0.0
2023-12-05 00:00:00-05:00,4.980000019073486,4.980000019073486,4.699999809265137,4.710000038146973,142200,0.0,0.0
2023-12-06 00:00:00-05:00,4.769999980926514,4.909999847412109,4.670000076293945,4.710000038146973,106900,0.0,0.0
2023-12-07 00:00:00-05:00,4.75,4.78000020980835,4.639999866485596,4.760000228881836,82000,0.0,0.0
2023-12-08 00:00:00-05:00,4.739999771118164,4.849999904632568,4.710000038146973,4.809999942779541,75600,0.0,0.0
2023-12-11 00:00:00-05:00,4.800000190734863,4.800000190734863,4.630000114440918,4.650000095367432,171100,0.0,0.0
2023-12-12 00:00:00-05:00,4.639999866485596,4.639999866485596,4.440000057220459,4.449999809265137,161100,0.0,0.0
2023-12-13 00:00:00-05:00,4.420000076293945,4.78000020980835,4.409999847412109,4.75,234200,0.0,0.0
2023-12-14 00:00:00-05:00,4.869999885559082,5.059999942779541,4.739999771118164,4.940000057220459,207800,0.0,0.0
2023-12-15 00:00:00-05:00,4.980000019073486,4.989999771118164,4.820000171661377,4.909999847412109,267300,0.0,0.0
2023-12-18 00:00:00-05:00,4.980000019073486,4.980000019073486,4.739999771118164,4.880000114440918,160600,0.0,0.0
2023-12-19 00:00:00-05:00,4.929999828338623,5.150000095367432,4.869999885559082,5.139999866485596,195300,0.0,0.0
2023-12-20 00:00:00-05:00,5.210000038146973,5.230000019073486,4.96999979019165,5.159999847412109,218600,0.0,0.0
2023-12-21 00:00:00-05:00,5.179999828338623,5.420000076293945,5.099999904632568,5.400000095367432,134500,0.0,0.0
2023-12-22 00:00:00-05:00,5.380000114440918,5.5,5.230000019073486,5.260000228881836,177700,0.0,0.0
2023-12-26 00:00:00-05:00,5.309999942779541,5.639999866485596,5.309999942779541,5.460000038146973,194600,0.0,0.0
2023-12-27 00:00:00-05:00,5.550000190734863,5.630000114440918,5.449999809265137,5.5,125200,0.0,0.0
2023-12-28 00:00:00-05:00,5.489999771118164,5.590000152587891,5.440000057220459,5.53000020980835,205500,0.0,0.0
2023-12-29 00:00:00-05:00,5.5,5.570000171661377,5.409999847412109,5.409999847412109,125000,0.0,0.0
2024-01-02 00:00:00-05:00,5.449999809265137,5.539999961853027,5.389999866485596,5.449999809265137,153200,0.0,0.0
2024-01-03 00:00:00-05:00,5.389999866485596,5.389999866485596,5.070000171661377,5.070000171661377,143000,0.0,0.0
2024-01-04 00:00:00-05:00,5.130000114440918,5.210000038146973,5.03000020980835,5.079999923706055,149800,0.0,0.0
2024-01-05 00:00:00-05:00,5.0,5.159999847412109,5.0,5.079999923706055,289100,0.0,0.0
2024-01-08 00:00:00-05:00,5.059999942779541,5.28000020980835,5.03000020980835,5.21999979019165,96300,0.0,0.0
2024-01-09 00:00:00-05:00,5.190000057220459,5.289999961853027,5.139999866485596,5.210000038146973,126200,0.0,0.0
2024-01-10 00:00:00-05:00,5.21999979019165,5.269999980926514,5.110000133514404,5.190000057220459,111200,0.0,0.0
2024-01-11 00:00:00-05:00,5.139999866485596,5.170000076293945,5.019999980926514,5.159999847412109,112100,0.0,0.0
2024-01-12 00:00:00-05:00,5.25,5.28000020980835,5.119999885559082,5.170000076293945,70100,0.0,0.0
2024-01-16 00:00:00-05:00,5.139999866485596,5.139999866485596,4.880000114440918,4.889999866485596,116700,0.0,0.0
2024-01-17 00:00:00-05:00,4.829999923706055,4.889999866485596,4.699999809265137,4.710000038146973,155000,0.0,0.0
2024-01-18 00:00:00-05:00,4.78000020980835,4.78000020980835,4.639999866485596,4.679999828338623,111900,0.0,0.0
2024-01-19 00:00:00-05:00,4.739999771118164,4.809999942779541,4.610000133514404,4.789999961853027,134300,0.0,0.0
2024-01-22 00:00:00-05:00,4.840000152587891,5.119999885559082,4.829999923706055,5.110000133514404,137000,0.0,0.0
2024-01-23 00:00:00-05:00,5.190000057220459,5.190000057220459,4.909999847412109,4.920000076293945,107400,0.0,0.0
2024-01-24 00:00:00-05:00,5.0,5.03000020980835,4.789999961853027,4.840000152587891,136100,0.0,0.0
2024-01-25 00:00:00-05:00,4.920000076293945,4.980000019073486,4.829999923706055,4.949999809265137,130400,0.0,0.0
2024-01-26 00:00:00-05:00,5.0,5.03000020980835,4.860000133514404,4.909999847412109,92700,0.0,0.0
2024-01-29 00:00:00-05:00,4.949999809265137,4.960000038146973,4.840000152587891,4.949999809265137,97700,0.0,0.0
2024-01-30 00:00:00-05:00,4.909999847412109,5.090000152587891,4.909999847412109,5.0,116600,0.0,0.0
2024-01-31 00:00:00-05:00,5.019999980926514,5.039999961853027,4.699999809265137,4.730000019073486,170700,0.0,0.0
2024-02-01 00:00:00-05:00,4.769999980926514,4.860000133514404,4.650000095367432,4.820000171661377,133200,0.0,0.0
2024-02-02 00:00:00-05:00,4.71999979019165,4.789999961853027,4.650000095367432,4.650000095367432,125100,0.0,0.0
2024-02-05 00:00:00-05:00,4.650000095367432,4.710000038146973,4.579999923706055,4.650000095367432,103700,0.0,0.0
2024-02-06 00:00:00-05:00,4.599999904632568,4.730000019073486,4.519999980926514,4.539999961853027,71800,0.0,0.0
2024-02-07 00:00:00-05:00,4.570000171661377,4.659999847412109,4.5,4.590000152587891,115000,0.0,0.0
2024-02-08 00:00:00-05:00,4.590000152587891,4.710000038146973,4.559999942779541,4.710000038146973,69200,0.0,0.0
2024-02-09 00:00:00-05:00,4.75,4.849999904632568,4.670000076293945,4.78000020980835,102700,0.0,0.0
2024-02-12 00:00:00-05:00,4.769999980926514,4.989999771118164,4.769999980926514,4.949999809265137,145100,0.0,0.0
2024-02-13 00:00:00-05:00,4.670000076293945,4.739999771118164,4.460000038146973,4.53000020980835,174800,0.0,0.0
2024-02-14 00:00:00-05:00,4.559999942779541,4.610000133514404,4.429999828338623,4.5,134700,0.0,0.0
2024-02-15 00:00:00-05:00,4.570000171661377,4.789999961853027,4.570000171661377,4.78000020980835,111600,0.0,0.0
2024-02-16 00:00:00-05:00,4.71999979019165,4.860000133514404,4.599999904632568,4.639999866485596,126800,0.0,0.0
2024-02-20 00:00:00-05:00,4.539999961853027,4.630000114440918,4.420000076293945,4.440000057220459,115800,0.0,0.0
2024-02-21 00:00:00-05:00,4.429999828338623,4.46999979019165,4.380000114440918,4.380000114440918,108600,0.0,0.0
2024-02-22 00:00:00-05:00,4.389999866485596,4.480000019073486,4.360000133514404,4.380000114440918,140200,0.0,0.0
2024-02-23 00:00:00-05:00,4.400000095367432,4.440000057220459,4.300000190734863,4.429999828338623,101800,0.0,0.0
2024-02-26 00:00:00-05:00,4.400000095367432,4.420000076293945,4.28000020980835,4.360000133514404,111800,0.0,0.0
2024-02-27 00:00:00-05:00,4.389999866485596,4.519999980926514,4.369999885559082,4.440000057220459,127900,0.0,0.0
2024-02-28 00:00:00-05:00,4.380000114440918,4.420000076293945,4.340000152587891,4.340000152587891,88800,0.0,0.0
2024-02-29 00:00:00-05:00,4.449999809265137,4.46999979019165,4.320000171661377,4.349999904632568,69100,0.0,0.0
2024-03-01 00:00:00-05:00,4.349999904632568,4.400000095367432,4.21999979019165,4.21999979019165,154600,0.0,0.0
2024-03-04 00:00:00-05:00,4.260000228881836,4.289999961853027,4.079999923706055,4.170000076293945,192900,0.0,0.0
2024-03-05 00:00:00-05:00,4.130000114440918,4.230000019073486,4.119999885559082,4.179999828338623,132000,0.0,0.0
2024-03-06 00:00:00-05:00,4.230000019073486,4.25,4.03000020980835,4.179999828338623,124500,0.0,0.0
2024-03-07 00:00:00-05:00,4.21999979019165,4.440000057220459,4.21999979019165,4.429999828338623,116800,0.0,0.0
2024-03-08 00:00:00-05:00,4.510000228881836,4.559999942779541,4.309999942779541,4.340000152587891,83100,0.0,0.0
2024-03-11 00:00:00-04:00,4.340000152587891,4.369999885559082,4.300000190734863,4.320000171661377,103800,0.0,0.0
2024-03-12 00:00:00-04:00,4.329999923706055,4.329999923706055,4.110000133514404,4.150000095367432,144100,0.0,0.0
2024-03-13 00:00:00-04:00,4.110000133514404,4.150000095367432,4.070000171661377,4.110000133514404,107100,0.0,0.0
2024-03-14 00:00:00-04:00,4.119999885559082,4.119999885559082,3.990000009536743,4.010000228881836,209200,0.0,0.0
2024-03-15 00:00:00-04:00,3.9800000190734863,5.070000171661377,3.9800000190734863,5.070000171661377,741700,0.0,0.0
2024-03-18 00:00:00-04:00,5.0,5.139999866485596,4.880000114440918,4.949999809265137,340500,0.0,0.0
2024-03-19 00:00:00-04:00,4.920000076293945,5.340000152587891,4.920000076293945,5.269999980926514,232400,0.0,0.0
2024-03-20 00:00:00-04:00,5.300000190734863,5.78000020980835,5.28000020980835,5.739999771118164,287200,0.0,0.0
2024-03-21 00:00:00-04:00,5.960000038146973,6.190000057220459,5.900000095367432,6.050000190734863,240800,0.0,0.0
2024-03-22 00:00:00-04:00,6.0,6.150000095367432,5.96999979019165,6.050000190734863,151500,0.0,0.0
2024-03-25 00:00:00-04:00,6.039999961853027,6.210000038146973,6.0,6.019999980926514,264100,0.0,0.0
2024-03-26 00:00:00-04:00,6.079999923706055,6.320000171661377,5.860000133514404,6.210000038146973,285600,0.0,0.0
2024-03-27 00:00:00-04:00,6.25,6.489999771118164,6.25,6.489999771118164,142200,0.0,0.0
2024-03-28 00:00:00-04:00,6.519999980926514,6.78000020980835,6.519999980926514,6.519999980926514,196700,0.0,0.0
2024-04-01 00:00:00-04:00,6.53000020980835,6.570000171661377,6.369999885559082,6.380000114440918,124800,0.0,0.0
2024-04-02 00:00:00-04:00,6.340000152587891,6.570000171661377,6.320000171661377,6.550000190734863,121000,0.0,0.0
2024-04-03 00:00:00-04:00,6.519999980926514,6.630000114440918,6.380000114440918,6.400000095367432,111800,0.0,0.0
2024-04-04 00:00:00-04:00,6.480000019073486,6.639999866485596,6.409999847412109,6.559999942779541,82200,0.0,0.0
2024-04-05 00:00:00-04:00,6.519999980926514,6.690000057220459,6.480000019073486,6.559999942779541,76500,0.0,0.0
2024-04-08 00:00:00-04:00,6.570000171661377,6.659999847412109,6.380000114440918,6.460000038146973,102600,0.0,0.0
2024-04-09 00:00:00-04:00,6.5,6.510000228881836,6.329999923706055,6.409999847412109,91700,0.0,0.0
2024-04-10 00:00:00-04:00,6.329999923706055,6.53000020980835,6.300000190734863,6.46999979019165,127200,0.0,0.0
2024-04-11 00:00:00-04:00,6.480000019073486,6.5,6.329999923706055,6.429999828338623,80100,0.0,0.0
2024-04-12 00:00:00-04:00,6.429999828338623,6.5,6.309999942779541,6.449999809265137,303000,0.0,0.0
2024-04-15 00:00:00-04:00,6.449999809265137,6.679999828338623,6.440000057220459,6.550000190734863,133400,0.0,0.0
2024-04-16 00:00:00-04:00,6.5,6.5,6.210000038146973,6.300000190734863,143100,0.0,0.0
2024-04-17 00:00:00-04:00,6.380000114440918,6.489999771118164,6.300000190734863,6.340000152587891,88500,0.0,0.0
2024-04-18 00:00:00-04:00,6.349999904632568,6.559999942779541,6.300000190734863,6.46999979019165,212300,0.0,0.0
2024-04-19 00:00:00-04:00,6.440000057220459,6.559999942779541,6.440000057220459,6.460000038146973,123300,0.0,0.0
2024-04-22 00:00:00-04:00,6.440000057220459,6.46999979019165,6.349999904632568,6.440000057220459,101200,0.0,0.0
2024-04-23 00:00:00-04:00,6.409999847412109,6.619999885559082,6.409999847412109,6.46999979019165,87300,0.0,0.0
2024-04-24 00:00:00-04:00,6.409999847412109,6.510000228881836,6.380000114440918,6.460000038146973,101700,0.0,0.0
2024-04-25 00:00:00-04:00,6.420000076293945,6.579999923706055,6.420000076293945,6.559999942779541,84700,0.0,0.0
2024-04-26 00:00:00-04:00,6.590000152587891,6.789999961853027,6.449999809265137,6.559999942779541,99400,0.0,0.0
2024-04-29 00:00:00-04:00,6.579999923706055,6.690000057220459,6.550000190734863,6.579999923706055,99500,0.0,0.0
2024-04-30 00:00:00-04:00,6.550000190734863,6.559999942779541,6.349999904632568,6.380000114440918,148100,0.0,0.0
2024-05-01 00:00:00-04:00,6.440000057220459,6.510000228881836,6.329999923706055,6.329999923706055,90700,0.0,0.0
2024-05-02 00:00:00-04:00,6.380000114440918,6.46999979019165,6.340000152587891,6.360000133514404,72100,0.0,0.0
2024-05-03 00:00:00-04:00,6.449999809265137,6.449999809265137,6.260000228881836,6.329999923706055,140200,0.0,0.0
2024-05-06 00:00:00-04:00,6.360000133514404,6.440000057220459,6.329999923706055,6.389999866485596,59800,0.0,0.0
2024-05-07 00:00:00-04:00,6.380000114440918,6.380000114440918,6.260000228881836,6.260000228881836,103200,0.0,0.0
2024-05-08 00:00:00-04:00,6.199999809265137,6.369999885559082,6.130000114440918,6.360000133514404,66100,0.0,0.0
2024-05-09 00:00:00-04:00,6.5,6.550000190734863,6.409999847412109,6.429999828338623,128200,0.0,0.0
2024-05-10 00:00:00-04:00,6.429999828338623,6.489999771118164,6.329999923706055,6.489999771118164,87600,0.0,0.0
2024-05-13 00:00:00-04:00,6.5,6.599999904632568,6.360000133514404,6.460000038146973,106100,0.0,0.0
2024-05-14 00:00:00-04:00,6.590000152587891,6.590000152587891,6.389999866485596,6.550000190734863,112900,0.0,0.0
2024-05-15 00:00:00-04:00,6.590000152587891,6.619999885559082,6.460000038146973,6.5,66400,0.0,0.0
2024-05-16 00:00:00-04:00,6.409999847412109,6.46999979019165,6.059999942779541,6.079999923706055,88400,0.0,0.0
2024-05-17 00:00:00-04:00,6.019999980926514,6.019999980926514,5.289999961853027,5.349999904632568,342000,0.0,0.0
2024-05-20 00:00:00-04:00,5.349999904632568,5.420000076293945,5.309999942779541,5.320000171661377,129300,0.0,0.0
2024-05-21 00:00:00-04:00,5.300000190734863,5.460000038146973,5.300000190734863,5.460000038146973,118000,0.0,0.0
2024-05-22 00:00:00-04:00,5.389999866485596,5.489999771118164,5.380000114440918,5.440000057220459,90600,0.0,0.0
2024-05-23 00:00:00-04:00,5.440000057220459,5.440000057220459,5.309999942779541,5.340000152587891,95000,0.0,0.0
2024-05-24 00:00:00-04:00,5.380000114440918,5.449999809265137,5.320000171661377,5.449999809265137,88600,0.0,0.0
2024-05-28 00:00:00-04:00,5.420000076293945,5.619999885559082,5.389999866485596,5.599999904632568,212300,0.0,0.0
2024-05-29 00:00:00-04:00,5.53000020980835,5.53000020980835,5.329999923706055,5.349999904632568,90000,0.0,0.0
2024-05-30 00:00:00-04:00,5.349999904632568,5.449999809265137,5.349999904632568,5.409999847412109,65300,0.0,0.0
2024-05-31 00:00:00-04:00,5.480000019073486,5.5,5.400000095367432,5.449999809265137,97500,0.0,0.0
2024-06-03 00:00:00-04:00,5.480000019073486,5.480000019073486,5.360000133514404,5.420000076293945,107400,0.0,0.0
2024-06-04 00:00:00-04:00,5.409999847412109,5.449999809265137,5.360000133514404,5.409999847412109,81100,0.0,0.0
2024-06-05 00:00:00-04:00,5.389999866485596,5.409999847412109,5.25,5.340000152587891,110600,0.0,0.0
2024-06-06 00:00:00-04:00,5.329999923706055,5.389999866485596,5.329999923706055,5.380000114440918,95600,0.0,0.0
2024-06-07 00:00:00-04:00,5.400000095367432,5.46999979019165,5.340000152587891,5.340000152587891,81600,0.0,0.0
2024-06-10 00:00:00-04:00,5.269999980926514,5.269999980926514,5.090000152587891,5.150000095367432,72600,0.0,0.0
2024-06-11 00:00:00-04:00,5.199999809265137,5.21999979019165,5.050000190734863,5.139999866485596,77800,0.0,0.0
2024-06-12 00:00:00-04:00,5.260000228881836,5.300000190734863,5.150000095367432,5.179999828338623,73300,0.0,0.0
2024-06-13 00:00:00-04:00,5.150000095367432,5.150000095367432,4.940000057220459,4.980000019073486,68000,0.0,0.0
2024-06-14 00:00:00-04:00,4.949999809265137,5.079999923706055,4.900000095367432,5.059999942779541,96000,0.0,0.0
2024-06-17 00:00:00-04:00,5.019999980926514,5.059999942779541,4.909999847412109,5.059999942779541,54000,0.0,0.0
2024-06-18 00:00:00-04:00,5.070000171661377,5.070000171661377,4.739999771118164,4.78000020980835,145500,0.0,0.0
2024-06-20 00:00:00-04:00,4.710000038146973,4.849999904632568,4.699999809265137,4.739999771118164,60700,0.0,0.0
2024-06-21 00:00:00-04:00,4.739999771118164,4.829999923706055,4.699999809265137,4.769999980926514,94900,0.0,0.0
2024-06-24 00:00:00-04:00,4.789999961853027,4.820000171661377,4.570000171661377,4.590000152587891,142500,0.0,0.0
2024-06-25 00:00:00-04:00,4.579999923706055,4.579999923706055,4.369999885559082,4.380000114440918,84600,0.0,0.0
2024-06-26 00:00:00-04:00,4.360000133514404,4.389999866485596,4.309999942779541,4.380000114440918,94300,0.0,0.0
2024-06-27 00:00:00-04:00,4.360000133514404,4.559999942779541,4.349999904632568,4.46999979019165,96300,0.0,0.0
2024-06-28 00:00:00-04:00,4.539999961853027,4.860000133514404,4.46999979019165,4.789999961853027,369800,0.0,0.0
2024-07-01 00:00:00-04:00,4.849999904632568,4.949999809265137,4.650000095367432,4.699999809265137,96100,0.0,0.0
2024-07-02 00:00:00-04:00,4.699999809265137,4.71999979019165,4.599999904632568,4.679999828338623,61100,0.0,0.0
2024-07-03 00:00:00-04:00,4.699999809265137,4.760000228881836,4.650000095367432,4.71999979019165,28300,0.0,0.0
2024-07-05 00:00:00-04:00,4.730000019073486,4.730000019073486,4.579999923706055,4.619999885559082,125900,0.0,0.0
2024-07-08 00:00:00-04:00,4.630000114440918,4.75,4.619999885559082,4.71999979019165,61900,0.0,0.0
2024-07-09 00:00:00-04:00,4.71999979019165,4.78000020980835,4.690000057220459,4.769999980926514,48300,0.0,0.0
2024-07-10 00:00:00-04:00,4.760000228881836,4.840000152587891,4.760000228881836,4.820000171661377,58900,0.0,0.0
2024-07-11 00:00:00-04:00,4.920000076293945,5.150000095367432,4.880000114440918,5.099999904632568,349000,0.0,0.0
2024-07-12 00:00:00-04:00,5.139999866485596,5.300000190734863,5.090000152587891,5.179999828338623,105000,0.0,0.0
2024-07-15 00:00:00-04:00,5.239999771118164,5.460000038146973,5.230000019073486,5.420000076293945,99800,0.0,0.0
2024-07-16 00:00:00-04:00,5.46999979019165,5.809999942779541,5.46999979019165,5.75,109000,0.0,0.0
2024-07-17 00:00:00-04:00,5.699999809265137,5.869999885559082,5.599999904632568,5.659999847412109,109400,0.0,0.0
2024-07-18 00:00:00-04:00,5.599999904632568,5.769999980926514,5.599999904632568,5.710000038146973,89900,0.0,0.0
2024-07-19 00:00:00-04:00,5.71999979019165,5.880000114440918,5.610000133514404,5.809999942779541,118500,0.0,0.0
2024-07-22 00:00:00-04:00,5.789999961853027,5.789999961853027,5.559999942779541,5.670000076293945,85900,0.0,0.0
2024-07-23 00:00:00-04:00,5.670000076293945,5.96999979019165,5.639999866485596,5.929999828338623,73200,0.0,0.0
2024-07-24 00:00:00-04:00,5.889999866485596,6.099999904632568,5.78000020980835,5.820000171661377,89000,0.0,0.0
2024-07-25 00:00:00-04:00,5.909999847412109,6.179999828338623,5.849999904632568,6.03000020980835,75500,0.0,0.0
2024-07-26 00:00:00-04:00,6.150000095367432,6.159999847412109,5.840000152587891,6.0,49800,0.0,0.0
2024-07-29 00:00:00-04:00,6.019999980926514,6.019999980926514,5.889999866485596,5.900000095367432,60100,0.0,0.0
2024-07-30 00:00:00-04:00,5.880000114440918,5.880000114440918,5.679999828338623,5.809999942779541,56600,0.0,0.0
2024-07-31 00:00:00-04:00,5.860000133514404,5.860000133514404,5.650000095367432,5.710000038146973,138100,0.0,0.0
2024-08-01 00:00:00-04:00,5.75,5.78000020980835,5.440000057220459,5.550000190734863,132400,0.0,0.0
2024-08-02 00:00:00-04:00,5.340000152587891,5.429999828338623,5.210000038146973,5.25,77300,0.0,0.0
2024-08-05 00:00:00-04:00,5.159999847412109,5.159999847412109,4.869999885559082,4.880000114440918,112000,0.0,0.0
2024-08-06 00:00:00-04:00,4.909999847412109,5.050000190734863,4.909999847412109,5.019999980926514,62500,0.0,0.0
2024-08-07 00:00:00-04:00,5.21999979019165,5.96999979019165,5.21999979019165,5.389999866485596,151700,0.0,0.0
2024-08-08 00:00:00-04:00,5.380000114440918,5.630000114440918,5.380000114440918,5.579999923706055,115600,0.0,0.0
2024-08-09 00:00:00-04:00,5.579999923706055,5.579999923706055,5.329999923706055,5.349999904632568,53400,0.0,0.0
2024-08-12 00:00:00-04:00,5.380000114440918,5.420000076293945,5.300000190734863,5.329999923706055,64900,0.0,0.0
2024-08-13 00:00:00-04:00,5.400000095367432,5.53000020980835,5.349999904632568,5.489999771118164,49500,0.0,0.0
2024-08-14 00:00:00-04:00,5.539999961853027,5.579999923706055,5.460000038146973,5.460000038146973,56100,0.0,0.0
2024-08-15 00:00:00-04:00,5.639999866485596,5.789999961853027,5.579999923706055,5.630000114440918,104400,0.0,0.0
2024-08-16 00:00:00-04:00,5.630000114440918,5.789999961853027,5.630000114440918,5.679999828338623,68400,0.0,0.0
2024-08-19 00:00:00-04:00,5.690000057220459,5.900000095367432,5.679999828338623,5.849999904632568,167500,0.0,0.0
2024-08-20 00:00:00-04:00,5.820000171661377,5.889999866485596,5.679999828338623,5.71999979019165,72900,0.0,0.0
2024-08-21 00:00:00-04:00,5.809999942779541,5.809999942779541,5.679999828338623,5.730000019073486,39500,0.0,0.0
2024-08-22 00:00:00-04:00,5.699999809265137,5.71999979019165,5.630000114440918,5.650000095367432,53400,0.0,0.0
2024-08-23 00:00:00-04:00,5.710000038146973,6.090000152587891,5.710000038146973,6.019999980926514,83500,0.0,0.0
2024-08-26 00:00:00-04:00,6.099999904632568,6.179999828338623,6.050000190734863,6.179999828338623,76500,0.0,0.0
2024-08-27 00:00:00-04:00,6.150000095367432,6.150000095367432,5.980000019073486,6.070000171661377,31200,0.0,0.0
2024-08-28 00:00:00-04:00,6.0,6.059999942779541,5.980000019073486,6.019999980926514,90500,0.0,0.0
2024-08-29 00:00:00-04:00,6.03000020980835,6.110000133514404,5.940000057220459,5.949999809265137,77800,0.0,0.0
2024-08-30 00:00:00-04:00,6.050000190734863,6.139999866485596,5.980000019073486,6.130000114440918,116600,0.0,0.0
2024-09-03 00:00:00-04:00,6.010000228881836,6.139999866485596,6.010000228881836,6.079999923706055,54800,0.0,0.0
2024-09-04 00:00:00-04:00,6.03000020980835,6.130000114440918,6.010000228881836,6.070000171661377,42200,0.0,0.0
2024-09-05 00:00:00-04:00,6.139999866485596,6.139999866485596,6.039999961853027,6.119999885559082,33600,0.0,0.0
2024-09-06 00:00:00-04:00,6.090000152587891,6.090000152587891,5.860000133514404,5.989999771118164,81000,0.0,0.0
2024-09-09 00:00:00-04:00,5.980000019073486,6.099999904632568,5.96999979019165,6.03000020980835,47100,0.0,0.0
2024-09-10 00:00:00-04:00,6.130000114440918,6.130000114440918,5.980000019073486,6.050000190734863,44100,0.0,0.0
2024-09-11 00:00:00-04:00,5.989999771118164,6.079999923706055,5.929999828338623,6.070000171661377,66600,0.0,0.0
2024-09-12 00:00:00-04:00,6.119999885559082,6.119999885559082,5.960000038146973,6.03000020980835,58500,0.0,0.0
2024-09-13 00:00:00-04:00,6.050000190734863,6.480000019073486,6.0,6.420000076293945,107800,0.0,0.0
2024-09-16 00:00:00-04:00,6.5,6.5,6.369999885559082,6.440000057220459,68300,0.0,0.0
2024-09-17 00:00:00-04:00,6.440000057220459,6.760000228881836,6.420000076293945,6.639999866485596,97300,0.0,0.0
2024-09-18 00:00:00-04:00,6.679999828338623,7.03000020980835,6.639999866485596,6.659999847412109,103600,0.0,0.0
2024-09-19 00:00:00-04:00,6.840000152587891,7.050000190734863,6.789999961853027,7.050000190734863,103500,0.0,0.0
2024-09-20 00:00:00-04:00,6.880000114440918,7.159999847412109,6.880000114440918,7.059999942779541,222500,0.0,0.0
2024-09-23 00:00:00-04:00,7.050000190734863,7.320000171661377,7.039999961853027,7.079999923706055,99100,0.0,0.0
2024-09-24 00:00:00-04:00,7.159999847412109,7.329999923706055,7.110000133514404,7.210000038146973,88200,0.0,0.0
2024-09-25 00:00:00-04:00,7.130000114440918,7.150000095367432,6.889999866485596,6.960000038146973,62000,0.0,0.0
2024-09-26 00:00:00-04:00,7.0,7.28000020980835,6.960000038146973,7.130000114440918,108800,0.0,0.0
2024-09-27 00:00:00-04:00,7.190000057220459,7.449999809265137,7.190000057220459,7.25,120700,0.0,0.0
2024-09-30 00:00:00-04:00,7.199999809265137,7.449999809265137,7.190000057220459,7.289999961853027,76500,0.0,0.0
2024-10-01 00:00:00-04:00,7.300000190734863,7.340000152587891,7.150000095367432,7.159999847412109,48300,0.0,0.0
2024-10-02 00:00:00-04:00,7.099999904632568,7.190000057220459,7.099999904632568,7.130000114440918,29000,0.0,0.0
2024-10-03 00:00:00-04:00,7.079999923706055,7.190000057220459,6.989999771118164,7.059999942779541,44400,0.0,0.0
2024-10-04 00:00:00-04:00,7.199999809265137,7.289999961853027,7.139999866485596,7.269999980926514,49500,0.0,0.0
2024-10-07 00:00:00-04:00,7.210000038146973,7.300000190734863,7.099999904632568,7.139999866485596,74600,0.0,0.0
2024-10-08 00:00:00-04:00,7.119999885559082,7.239999771118164,7.079999923706055,7.230000019073486,44900,0.0,0.0
2024-10-09 00:00:00-04:00,7.289999961853027,7.300000190734863,7.159999847412109,7.179999828338623,39800,0.0,0.0
2024-10-10 00:00:00-04:00,7.110000133514404,7.139999866485596,6.96999979019165,7.079999923706055,68000,0.0,0.0
2024-10-11 00:00:00-04:00,7.050000190734863,7.28000020980835,7.050000190734863,7.199999809265137,43400,0.0,0.0
2024-10-14 00:00:00-04:00,7.239999771118164,7.289999961853027,7.090000152587891,7.230000019073486,60500,0.0,0.0
2024-10-15 00:00:00-04:00,7.210000038146973,7.349999904632568,7.190000057220459,7.199999809265137,80400,0.0,0.0
2024-10-16 00:00:00-04:00,7.230000019073486,8.539999961853027,7.230000019073486,7.989999771118164,626000,0.0,0.0
2024-10-17 00:00:00-04:00,8.0600004196167,8.149999618530273,7.840000152587891,8.0,150600,0.0,0.0
2024-10-18 00:00:00-04:00,8.010000228881836,8.210000038146973,7.949999809265137,8.109999656677246,68200,0.0,0.0
2024-10-21 00:00:00-04:00,8.15999984741211,8.25,7.900000095367432,7.900000095367432,96700,0.0,0.0
2024-10-22 00:00:00-04:00,7.909999847412109,7.909999847412109,7.730000019073486,7.829999923706055,119900,0.0,0.0
2024-10-23 00:00:00-04:00,7.800000190734863,7.800000190734863,7.630000114440918,7.699999809265137,45400,0.0,0.0
2024-10-24 00:00:00-04:00,7.78000020980835,7.78000020980835,7.449999809265137,7.539999961853027,76700,0.0,0.0
2024-10-25 00:00:00-04:00,7.599999904632568,7.730000019073486,7.570000171661377,7.670000076293945,119000,0.0,0.0
2024-10-28 00:00:00-04:00,7.769999980926514,7.900000095367432,7.730000019073486,7.880000114440918,119200,0.0,0.0
2024-10-29 00:00:00-04:00,7.889999866485596,7.889999866485596,7.760000228881836,7.829999923706055,57500,0.0,0.0
2024-10-30 00:00:00-04:00,7.829999923706055,7.940000057220459,7.75,7.760000228881836,137400,0.0,0.0
2024-10-31 00:00:00-04:00,7.760000228881836,7.78000020980835,7.639999866485596,7.75,104800,0.0,0.0
2024-11-01 00:00:00-04:00,7.840000152587891,8.15999984741211,7.789999961853027,8.149999618530273,175700,0.0,0.0
2024-11-04 00:00:00-05:00,8.100000381469727,8.479999542236328,8.050000190734863,8.25,101100,0.0,0.0
2024-11-05 00:00:00-05:00,8.289999961853027,8.479999542236328,8.289999961853027,8.470000267028809,101700,0.0,0.0
2024-11-06 00:00:00-05:00,8.710000038146973,9.220000267028809,8.699999809265137,9.140000343322754,243500,0.0,0.0
2024-11-07 00:00:00-05:00,9.149999618530273,9.149999618530273,8.65999984741211,8.6899995803833,108200,0.0,0.0
2024-11-08 00:00:00-05:00,8.699999809265137,8.729999542236328,8.579999923706055,8.729999542236328,105000,0.0,0.0
2024-11-11 00:00:00-05:00,8.5,8.529999732971191,6.559999942779541,6.960000038146973,757300,0.0,0.0
2024-11-12 00:00:00-05:00,6.860000133514404,7.329999923706055,6.860000133514404,7.070000171661377,287800,0.0,0.0
2024-11-13 00:00:00-05:00,7.199999809265137,7.199999809265137,7.039999961853027,7.050000190734863,154500,0.0,0.0
2024-11-14 00:00:00-05:00,7.130000114440918,7.130000114440918,6.860000133514404,6.920000076293945,101600,0.0,0.0
2024-11-15 00:00:00-05:00,7.0,7.119999885559082,6.960000038146973,7.079999923706055,193800,0.0,0.0
2024-11-18 00:00:00-05:00,7.079999923706055,7.139999866485596,6.980000019073486,6.980000019073486,148200,0.0,0.0
2024-11-19 00:00:00-05:00,6.940000057220459,7.110000133514404,6.889999866485596,7.110000133514404,239300,0.0,0.0
2024-11-20 00:00:00-05:00,7.070000171661377,7.139999866485596,6.920000076293945,7.010000228881836,80700,0.0,0.0
2024-11-21 00:00:00-05:00,7.130000114440918,7.179999828338623,7.03000020980835,7.119999885559082,63400,0.0,0.0
2024-11-22 00:00:00-05:00,7.110000133514404,7.210000038146973,7.110000133514404,7.170000076293945,77400,0.0,0.0
2024-11-25 00:00:00-05:00,7.21999979019165,7.300000190734863,7.099999904632568,7.099999904632568,115000,0.0,0.0
2024-11-26 00:00:00-05:00,7.099999904632568,7.130000114440918,7.019999980926514,7.050000190734863,74100,0.0,0.0
2024-11-27 00:00:00-05:00,7.119999885559082,7.210000038146973,7.019999980926514,7.130000114440918,90300,0.0,0.0
2024-11-29 00:00:00-05:00,7.21999979019165,7.260000228881836,7.099999904632568,7.170000076293945,83700,0.0,0.0
2024-12-02 00:00:00-05:00,7.130000114440918,7.519999980926514,7.130000114440918,7.460000038146973,87900,0.0,0.0
2024-12-03 00:00:00-05:00,7.510000228881836,7.670000076293945,7.21999979019165,7.670000076293945,169000,0.0,0.0
2024-12-04 00:00:00-05:00,7.659999847412109,7.889999866485596,7.489999771118164,7.659999847412109,134200,0.0,0.0
2024-12-05 00:00:00-05:00,7.619999885559082,7.699999809265137,7.5,7.659999847412109,82000,0.0,0.0
2024-12-06 00:00:00-05:00,7.71999979019165,7.800000190734863,7.519999980926514,7.670000076293945,94600,0.0,0.0
2024-12-09 00:00:00-05:00,7.75,7.96999979019165,7.730000019073486,7.880000114440918,91400,0.0,0.0
2024-12-10 00:00:00-05:00,7.949999809265137,8.119999885559082,7.820000171661377,8.050000190734863,114200,0.0,0.0
2024-12-11 00:00:00-05:00,8.09000015258789,8.279999732971191,7.96999979019165,8.130000114440918,89700,0.0,0.0
2024-12-12 00:00:00-05:00,8.069999694824219,8.140000343322754,7.869999885559082,8.0,113700,0.0,0.0
2024-12-13 00:00:00-05:00,8.0,8.119999885559082,7.880000114440918,8.010000228881836,106000,0.0,0.0
2024-12-16 00:00:00-05:00,8.0,8.300000190734863,7.980000019073486,8.119999885559082,68000,0.0,0.0
2024-12-17 00:00:00-05:00,8.039999961853027,8.15999984741211,7.840000152587891,8.020000457763672,120900,0.0,0.0
2024-12-18 00:00:00-05:00,8.029999732971191,8.180000305175781,7.590000152587891,7.610000133514404,134400,0.0,0.0
2024-12-19 00:00:00-05:00,7.710000038146973,8.0,7.46999979019165,7.71999979019165,127700,0.0,0.0
2024-12-20 00:00:00-05:00,7.650000095367432,8.149999618530273,7.650000095367432,7.710000038146973,180700,0.0,0.0
2024-12-23 00:00:00-05:00,7.730000019073486,7.940000057220459,7.539999961853027,7.659999847412109,151200,0.0,0.0
2024-12-24 00:00:00-05:00,7.639999866485596,7.829999923706055,7.639999866485596,7.739999771118164,69000,0.0,0.0
2024-12-26 00:00:00-05:00,7.699999809265137,7.940000057220459,7.679999828338623,7.820000171661377,122500,0.0,0.0
2024-12-27 00:00:00-05:00,7.78000020980835,7.949999809265137,7.559999942779541,7.679999828338623,195800,0.0,0.0
2024-12-30 00:00:00-05:00,7.610000133514404,7.829999923706055,7.489999771118164,7.559999942779541,125800,0.0,0.0
2024-12-31 00:00:00-05:00,7.650000095367432,7.820000171661377,7.559999942779541,7.679999828338623,133200,0.0,0.0
2025-01-02 00:00:00-05:00,7.690000057220459,7.989999771118164,7.619999885559082,7.829999923706055,156500,0.0,0.0
2025-01-03 00:00:00-05:00,7.800000190734863,7.96999979019165,7.71999979019165,7.869999885559082,113300,0.0,0.0
2025-01-06 00:00:00-05:00,7.920000076293945,8.09000015258789,7.78000020980835,7.809999942779541,124800,0.0,0.0
2025-01-07 00:00:00-05:00,7.820000171661377,7.920000076293945,7.369999885559082,7.480000019073486,169200,0.0,0.0
2025-01-08 00:00:00-05:00,7.380000114440918,7.690000057220459,7.360000133514404,7.539999961853027,102600,0.0,0.0
2025-01-10 00:00:00-05:00,7.480000019073486,7.599999904632568,7.329999923706055,7.420000076293945,122900,0.0,0.0
2025-01-13 00:00:00-05:00,7.349999904632568,7.679999828338623,7.329999923706055,7.670000076293945,77700,0.0,0.0
2025-01-14 00:00:00-05:00,7.690000057220459,7.929999828338623,7.599999904632568,7.78000020980835,82400,0.0,0.0
2025-01-15 00:00:00-05:00,7.980000019073486,8.010000228881836,7.860000133514404,7.909999847412109,64400,0.0,0.0
2025-01-16 00:00:00-05:00,7.96999979019165,8.029999732971191,7.889999866485596,7.900000095367432,83900,0.0,0.0
2025-01-17 00:00:00-05:00,7.96999979019165,8.0,7.800000190734863,7.940000057220459,75300,0.0,0.0
2025-01-21 00:00:00-05:00,7.949999809265137,8.09000015258789,7.880000114440918,8.029999732971191,94500,0.0,0.0
2025-01-22 00:00:00-05:00,8.029999732971191,8.119999885559082,7.840000152587891,7.840000152587891,100400,0.0,0.0
2025-01-23 00:00:00-05:00,7.789999961853027,7.980000019073486,7.650000095367432,7.739999771118164,107300,0.0,0.0
2025-01-24 00:00:00-05:00,7.739999771118164,7.980000019073486,7.71999979019165,7.849999904632568,97300,0.0,0.0
2025-01-27 00:00:00-05:00,7.860000133514404,8.0,7.679999828338623,7.679999828338623,76800,0.0,0.0
2025-01-28 00:00:00-05:00,7.679999828338623,7.860000133514404,7.679999828338623,7.730000019073486,59700,0.0,0.0
2025-01-29 00:00:00-05:00,7.690000057220459,7.960000038146973,7.679999828338623,7.869999885559082,55300,0.0,0.0
2025-01-30 00:00:00-05:00,7.900000095367432,8.140000343322754,7.900000095367432,7.929999828338623,58200,0.0,0.0
2025-01-31 00:00:00-05:00,7.909999847412109,8.029999732971191,7.789999961853027,7.849999904632568,117800,0.0,0.0
2025-02-03 00:00:00-05:00,7.75,7.909999847412109,7.659999847412109,7.71999979019165,98300,0.0,0.0
2025-02-04 00:00:00-05:00,7.659999847412109,7.789999961853027,7.659999847412109,7.71999979019165,72200,0.0,0.0
2025-02-05 00:00:00-05:00,7.769999980926514,7.980000019073486,7.769999980926514,7.96999979019165,106400,0.0,0.0
2025-02-06 00:00:00-05:00,8.010000228881836,8.039999961853027,7.699999809265137,7.900000095367432,62900,0.0,0.0
2025-02-07 00:00:00-05:00,7.980000019073486,8.0,7.809999942779541,7.920000076293945,44600,0.0,0.0
2025-02-10 00:00:00-05:00,8.050000190734863,8.34000015258789,8.0,8.119999885559082,119900,0.0,0.0
2025-02-11 00:00:00-05:00,8.010000228881836,8.220000267028809,8.010000228881836,8.09000015258789,58000,0.0,0.0
2025-02-12 00:00:00-05:00,7.880000114440918,8.15999984741211,7.829999923706055,7.840000152587891,73300,0.0,0.0
2025-02-13 00:00:00-05:00,7.889999866485596,7.989999771118164,7.75,7.929999828338623,51200,0.0,0.0
2025-02-14 00:00:00-05:00,8.0,8.079999923706055,7.880000114440918,7.909999847412109,63600,0.0,0.0
2025-02-18 00:00:00-05:00,7.949999809265137,8.100000381469727,7.829999923706055,8.069999694824219,94500,0.0,0.0
2025-02-19 00:00:00-05:00,7.960000038146973,8.100000381469727,7.889999866485596,8.010000228881836,69500,0.0,0.0
2025-02-20 00:00:00-05:00,7.980000019073486,8.069999694824219,7.920000076293945,8.0600004196167,45800,0.0,0.0
2025-02-21 00:00:00-05:00,8.100000381469727,8.260000228881836,7.940000057220459,8.109999656677246,87300,0.0,0.0
2025-02-24 00:00:00-05:00,8.180000305175781,8.1899995803833,7.949999809265137,8.020000457763672,62500,0.0,0.0
2025-02-25 00:00:00-05:00,8.039999961853027,8.119999885559082,7.949999809265137,7.960000038146973,66800,0.0,0.0
2025-02-26 00:00:00-05:00,7.920000076293945,8.010000228881836,7.75,7.900000095367432,84800,0.0,0.0
2025-02-27 00:00:00-05:00,7.900000095367432,7.909999847412109,7.71999979019165,7.78000020980835,55800,0.0,0.0
2025-02-28 00:00:00-05:00,7.800000190734863,7.889999866485596,7.739999771118164,7.789999961853027,45800,0.0,0.0
2025-03-03 00:00:00-05:00,7.769999980926514,7.940000057220459,7.199999809265137,7.210000038146973,95400,0.0,0.0
2025-03-04 00:00:00-05:00,7.110000133514404,7.139999866485596,6.909999847412109,6.929999828338623,113100,0.0,0.0
2025-03-05 00:00:00-05:00,7.0,7.03000020980835,6.800000190734863,6.920000076293945,103700,0.0,0.0
2025-03-06 00:00:00-05:00,6.849999904632568,6.980000019073486,6.800000190734863,6.920000076293945,57500,0.0,0.0
2025-03-07 00:00:00-05:00,6.849999904632568,7.110000133514404,6.820000171661377,7.059999942779541,62400,0.0,0.0
2025-03-10 00:00:00-04:00,6.980000019073486,7.079999923706055,6.789999961853027,6.789999961853027,92200,0.0,0.0
2025-03-11 00:00:00-04:00,6.760000228881836,6.909999847412109,6.650000095367432,6.78000020980835,63600,0.0,0.0
2025-03-12 00:00:00-04:00,7.070000171661377,7.760000228881836,7.070000171661377,7.610000133514404,174300,0.0,0.0
2025-03-13 00:00:00-04:00,7.519999980926514,7.619999885559082,7.119999885559082,7.260000228881836,81100,0.0,0.0
2025-03-14 00:00:00-04:00,7.28000020980835,7.429999828338623,7.260000228881836,7.340000152587891,57800,0.0,0.0
2025-03-17 00:00:00-04:00,7.28000020980835,7.409999847412109,7.190000057220459,7.320000171661377,87900,0.0,0.0
2025-03-18 00:00:00-04:00,7.329999923706055,7.360000133514404,7.130000114440918,7.329999923706055,79500,0.0,0.0
2025-03-19 00:00:00-04:00,7.289999961853027,7.53000020980835,7.289999961853027,7.510000228881836,49900,0.0,0.0
2025-03-20 00:00:00-04:00,7.360000133514404,7.699999809265137,7.360000133514404,7.599999904632568,60700,0.0,0.0
2025-03-21 00:00:00-04:00,7.440000057220459,7.940000057220459,7.340000152587891,7.78000020980835,473900,0.0,0.0
2025-03-24 00:00:00-04:00,7.949999809265137,8.029999732971191,7.679999828338623,7.909999847412109,135000,0.0,0.0
2025-03-25 00:00:00-04:00,7.949999809265137,8.069999694824219,7.849999904632568,7.909999847412109,112300,0.0,0.0
2025-03-26 00:00:00-04:00,7.840000152587891,8.0,7.840000152587891,7.940000057220459,60800,0.0,0.0
2025-03-27 00:00:00-04:00,7.889999866485596,7.989999771118164,7.840000152587891,7.909999847412109,52600,0.0,0.0
2025-03-28 00:00:00-04:00,7.909999847412109,7.980000019073486,7.619999885559082,7.699999809265137,74200,0.0,0.0
2025-03-31 00:00:00-04:00,7.619999885559082,7.78000020980835,7.550000190734863,7.699999809265137,83900,0.0,0.0
2025-04-01 00:00:00-04:00,7.690000057220459,7.78000020980835,7.559999942779541,7.699999809265137,48300,0.0,0.0
2025-04-02 00:00:00-04:00,7.590000152587891,7.800000190734863,7.590000152587891,7.75,109100,0.0,0.0
2025-04-03 00:00:00-04:00,7.360000133514404,7.570000171661377,7.360000133514404,7.5,131200,0.0,0.0
2025-04-04 00:00:00-04:00,7.25,7.320000171661377,6.659999847412109,6.769999980926514,120200,0.0,0.0
2025-04-07 00:00:00-04:00,6.599999904632568,7.170000076293945,6.449999809265137,6.809999942779541,117300,0.0,0.0
2025-04-08 00:00:00-04:00,7.070000171661377,7.070000171661377,6.480000019073486,6.610000133514404,137300,0.0,0.0
2025-04-09 00:00:00-04:00,6.550000190734863,7.440000057220459,6.510000228881836,7.190000057220459,130400,0.0,0.0
2025-04-10 00:00:00-04:00,7.0,7.21999979019165,6.849999904632568,7.039999961853027,104300,0.0,0.0
2025-04-11 00:00:00-04:00,7.0,7.230000019073486,6.75,7.139999866485596,61700,0.0,0.0
2025-04-14 00:00:00-04:00,7.190000057220459,7.329999923706055,7.119999885559082,7.210000038146973,63000,0.0,0.0
2025-04-15 00:00:00-04:00,7.139999866485596,7.360000133514404,7.139999866485596,7.309999942779541,62200,0.0,0.0
2025-04-16 00:00:00-04:00,7.25,7.400000095367432,7.119999885559082,7.190000057220459,78600,0.0,0.0
2025-04-17 00:00:00-04:00,7.139999866485596,7.329999923706055,7.130000114440918,7.159999847412109,68200,0.0,0.0
2025-04-21 00:00:00-04:00,7.119999885559082,7.190000057220459,7.099999904632568,7.170000076293945,59300,0.0,0.0
2025-04-22 00:00:00-04:00,7.28000020980835,7.440000057220459,7.150000095367432,7.28000020980835,83700,0.0,0.0
2025-04-23 00:00:00-04:00,7.400000095367432,7.550000190734863,7.230000019073486,7.269999980926514,60400,0.0,0.0
2025-04-24 00:00:00-04:00,7.269999980926514,7.550000190734863,7.269999980926514,7.46999979019165,37300,0.0,0.0
2025-04-25 00:00:00-04:00,7.349999904632568,7.559999942779541,7.25,7.429999828338623,71000,0.0,0.0
2025-04-28 00:00:00-04:00,7.449999809265137,7.670000076293945,7.389999866485596,7.619999885559082,54300,0.0,0.0
2025-04-29 00:00:00-04:00,7.650000095367432,8.0,7.650000095367432,7.980000019073486,84600,0.0,0.0
2025-04-30 00:00:00-04:00,7.920000076293945,7.940000057220459,7.730000019073486,7.769999980926514,68900,0.0,0.0
2025-05-01 00:00:00-04:00,7.789999961853027,7.900000095367432,7.670000076293945,7.699999809265137,38800,0.0,0.0
2025-05-02 00:00:00-04:00,7.75,8.199999809265137,7.75,8.149999618530273,71600,0.0,0.0
2025-05-05 00:00:00-04:00,8.050000190734863,8.170000076293945,7.96999979019165,8.0600004196167,72000,0.0,0.0
2025-05-06 00:00:00-04:00,8.020000457763672,8.399999618530273,7.980000019073486,8.329999923706055,114600,0.0,0.0
2025-05-07 00:00:00-04:00,8.329999923706055,8.430000305175781,8.039999961853027,8.149999618530273,76100,0.0,0.0
2025-05-08 00:00:00-04:00,8.1899995803833,8.579999923706055,8.149999618530273,8.270000457763672,109900,0.0,0.0
2025-05-09 00:00:00-04:00,8.279999732971191,8.59000015258789,8.279999732971191,8.380000114440918,58500,0.0,0.0
2025-05-12 00:00:00-04:00,8.739999771118164,8.739999771118164,8.279999732971191,8.399999618530273,90900,0.0,0.0
2025-05-13 00:00:00-04:00,8.520000457763672,8.65999984741211,8.380000114440918,8.460000038146973,112600,0.0,0.0
2025-05-14 00:00:00-04:00,8.380000114440918,8.420000076293945,8.09000015258789,8.199999809265137,77300,0.0,0.0
2025-05-15 00:00:00-04:00,8.229999542236328,8.399999618530273,8.229999542236328,8.329999923706055,35700,0.0,0.0
2025-05-16 00:00:00-04:00,8.329999923706055,8.539999961853027,8.220000267028809,8.25,182000,0.0,0.0
2025-05-19 00:00:00-04:00,8.1899995803833,8.40999984741211,8.1899995803833,8.300000190734863,55400,0.0,0.0
2025-05-20 00:00:00-04:00,8.25,8.4399995803833,8.210000038146973,8.210000038146973,38400,0.0,0.0
2025-05-21 00:00:00-04:00,8.1899995803833,8.369999885559082,8.149999618530273,8.329999923706055,100900,0.0,0.0
2025-05-22 00:00:00-04:00,8.34000015258789,8.40999984741211,8.1899995803833,8.1899995803833,54000,0.0,0.0
2025-05-23 00:00:00-04:00,8.100000381469727,8.510000228881836,8.100000381469727,8.199999809265137,49900,0.0,0.0
2025-05-27 00:00:00-04:00,8.260000228881836,8.470000267028809,8.229999542236328,8.40999984741211,43200,0.0,0.0
2025-05-28 00:00:00-04:00,8.369999885559082,8.479999542236328,8.239999771118164,8.25,56200,0.0,0.0
2025-05-29 00:00:00-04:00,8.300000190734863,8.5,8.069999694824219,8.460000038146973,55500,0.0,0.0
2025-05-30 00:00:00-04:00,8.470000267028809,8.520000457763672,8.319999694824219,8.380000114440918,48600,0.0,0.0
2025-06-02 00:00:00-04:00,8.449999809265137,8.510000228881836,8.300000190734863,8.369999885559082,65900,0.0,0.0
2025-06-03 00:00:00-04:00,8.34000015258789,8.579999923706055,8.34000015258789,8.539999961853027,50000,0.0,0.0
2025-06-04 00:00:00-04:00,8.539999961853027,8.640000343322754,8.40999984741211,8.59000015258789,37400,0.0,0.0
2025-06-05 00:00:00-04:00,8.640000343322754,8.699999809265137,8.520000457763672,8.529999732971191,55000,0.0,0.0
2025-06-06 00:00:00-04:00,8.720000267028809,8.720000267028809,8.59000015258789,8.619999885559082,37100,0.0,0.0
2025-06-09 00:00:00-04:00,8.59000015258789,8.710000038146973,8.59000015258789,8.649999618530273,47000,0.0,0.0
2025-06-10 00:00:00-04:00,8.6899995803833,8.869999885559082,8.65999984741211,8.680000305175781,88000,0.0,0.0
2025-06-11 00:00:00-04:00,8.800000190734863,8.800000190734863,8.59000015258789,8.75,99900,0.0,0.0
2025-06-12 00:00:00-04:00,8.6899995803833,8.829999923706055,8.609999656677246,8.779999732971191,39800,0.0,0.0
2025-06-13 00:00:00-04:00,8.65999984741211,8.770000457763672,8.569999694824219,8.600000381469727,57700,0.0,0.0
2025-06-16 00:00:00-04:00,8.630000114440918,8.850000381469727,8.630000114440918,8.779999732971191,34600,0.0,0.0
2025-06-17 00:00:00-04:00,8.770000457763672,8.899999618530273,8.569999694824219,8.59000015258789,79600,0.0,0.0
2025-06-18 00:00:00-04:00,8.539999961853027,8.789999961853027,8.449999809265137,8.649999618530273,60800,0.0,0.0
2025-06-20 00:00:00-04:00,8.649999618530273,8.699999809265137,8.5,8.5,230500,0.0,0.0
2025-06-23 00:00:00-04:00,8.5,8.75,8.5,8.630000114440918,103700,0.0,0.0
2025-06-24 00:00:00-04:00,8.710000038146973,8.899999618530273,8.59000015258789,8.890000343322754,64300,0.0,0.0
2025-06-25 00:00:00-04:00,8.899999618530273,8.920000076293945,8.680000305175781,8.6899995803833,46800,0.0,0.0
2025-06-26 00:00:00-04:00,8.6899995803833,8.829999923706055,8.640000343322754,8.770000457763672,50300,0.0,0.0
2025-06-27 00:00:00-04:00,8.829999923706055,8.979999542236328,8.800000190734863,8.970000267028809,155500,0.0,0.0
2025-06-30 00:00:00-04:00,8.949999809265137,8.949999809265137,8.75,8.800000190734863,85400,0.0,0.0
2025-07-01 00:00:00-04:00,8.779999732971191,9.180000305175781,8.670000076293945,8.949999809265137,102600,0.0,0.0
2025-07-02 00:00:00-04:00,9.010000228881836,9.210000038146973,8.90999984741211,9.199999809265137,78400,0.0,0.0
2025-07-03 00:00:00-04:00,9.220000267028809,9.430000305175781,9.210000038146973,9.300000190734863,75200,0.0,0.0
2025-07-07 00:00:00-04:00,9.289999961853027,9.289999961853027,8.989999771118164,9.039999961853027,69900,0.0,0.0
2025-07-08 00:00:00-04:00,9.0600004196167,9.210000038146973,8.970000267028809,9.0,67600,0.0,0.0
2025-07-09 00:00:00-04:00,9.020000457763672,9.100000381469727,8.819999694824219,9.069999694824219,50100,0.0,0.0
2025-07-10 00:00:00-04:00,9.09000015258789,9.229999542236328,9.020000457763672,9.100000381469727,55600,0.0,0.0
2025-07-11 00:00:00-04:00,9.079999923706055,9.15999984741211,8.970000267028809,9.0600004196167,48400,0.0,0.0
2025-07-14 00:00:00-04:00,9.0,9.149999618530273,8.970000267028809,9.079999923706055,57200,0.0,0.0
2025-07-15 00:00:00-04:00,9.079999923706055,9.100000381469727,8.8100004196167,8.850000381469727,111500,0.0,0.0
2025-07-16 00:00:00-04:00,8.859999656677246,9.0,8.8100004196167,8.989999771118164,50800,0.0,0.0
2025-07-17 00:00:00-04:00,8.949999809265137,9.109999656677246,8.949999809265137,9.020000457763672,50800,0.0,0.0
2025-07-18 00:00:00-04:00,9.079999923706055,9.079999923706055,8.720000267028809,8.729999542236328,52800,0.0,0.0
2025-07-21 00:00:00-04:00,8.800000190734863,9.039999961853027,8.619999885559082,8.670000076293945,37300,0.0,0.0
2025-07-22 00:00:00-04:00,8.600000381469727,8.890000343322754,8.579999923706055,8.779999732971191,82800,0.0,0.0
2025-07-23 00:00:00-04:00,8.850000381469727,9.119999885559082,8.850000381469727,9.069999694824219,36900,0.0,0.0
2025-07-24 00:00:00-04:00,8.960000038146973,9.1899995803833,8.960000038146973,9.140000343322754,57000,0.0,0.0
2025-07-25 00:00:00-04:00,9.15999984741211,9.180000305175781,9.050000190734863,9.069999694824219,136600,0.0,0.0
2025-07-28 00:00:00-04:00,9.079999923706055,9.119999885559082,9.010000228881836,9.010000228881836,41900,0.0,0.0
2025-07-29 00:00:00-04:00,9.010000228881836,9.020000457763672,8.8100004196167,8.859999656677246,70700,0.0,0.0
2025-07-30 00:00:00-04:00,8.850000381469727,8.989999771118164,8.720000267028809,8.729999542236328,64600,0.0,0.0
2025-07-31 00:00:00-04:00,8.720000267028809,8.880000114440918,8.520000457763672,8.710000038146973,159500,0.0,0.0
2025-08-01 00:00:00-04:00,8.5,8.529999732971191,8.329999923706055,8.399999618530273,124500,0.0,0.0
2025-08-04 00:00:00-04:00,8.479999542236328,8.489999771118164,8.180000305175781,8.279999732971191,81500,0.0,0.0
2025-08-05 00:00:00-04:00,8.279999732971191,8.289999961853027,8.130000114440918,8.25,155900,0.0,0.0
2025-08-06 00:00:00-04:00,8.199999809265137,8.260000228881836,8.029999732971191,8.050000190734863,48100,0.0,0.0
2025-08-07 00:00:00-04:00,8.170000076293945,8.1899995803833,7.940000057220459,8.15999984741211,67200,0.0,0.0
2025-08-08 00:00:00-04:00,8.130000114440918,8.289999961853027,8.100000381469727,8.130000114440918,52900,0.0,0.0
2025-08-11 00:00:00-04:00,7.650000095367432,8.319999694824219,7.039999961853027,7.190000057220459,260800,0.0,0.0
2025-08-12 00:00:00-04:00,7.269999980926514,7.760000228881836,7.269999980926514,7.630000114440918,154800,0.0,0.0
2025-08-13 00:00:00-04:00,7.630000114440918,7.630000114440918,7.449999809265137,7.579999923706055,99400,0.0,0.0
2025-08-14 00:00:00-04:00,7.5,7.619999885559082,7.389999866485596,7.510000228881836,125100,0.0,0.0
2025-08-15 00:00:00-04:00,7.550000190734863,7.550000190734863,7.300000190734863,7.320000171661377,69000,0.0,0.0
2025-08-18 00:00:00-04:00,7.380000114440918,7.400000095367432,7.289999961853027,7.340000152587891,47700,0.0,0.0
2025-08-19 00:00:00-04:00,7.380000114440918,7.570000171661377,7.349999904632568,7.519999980926514,70600,0.0,0.0
2025-08-20 00:00:00-04:00,7.5,7.639999866485596,7.489999771118164,7.599999904632568,51200,0.0,0.0
2025-08-21 00:00:00-04:00,7.590000152587891,7.690000057220459,7.579999923706055,7.599999904632568,60200,0.0,0.0
2025-08-22 00:00:00-04:00,7.650000095367432,8.029999732971191,7.650000095367432,7.920000076293945,154500,0.0,0.0
2025-08-25 00:00:00-04:00,7.920000076293945,7.920000076293945,7.71999979019165,7.730000019073486,65300,0.0,0.0
2025-08-26 00:00:00-04:00,7.75,7.840000152587891,7.739999771118164,7.769999980926514,55100,0.0,0.0
2025-08-27 00:00:00-04:00,7.769999980926514,7.840000152587891,7.679999828338623,7.699999809265137,57700,0.0,0.0
2025-08-28 00:00:00-04:00,7.769999980926514,7.829999923706055,7.760000228881836,7.800000190734863,54900,0.0,0.0
2025-08-29 00:00:00-04:00,7.880000114440918,7.940000057220459,7.789999961853027,7.829999923706055,56800,0.0,0.0
2025-09-02 00:00:00-04:00,7.760000228881836,7.800000190734863,7.550000190734863,7.550000190734863,65000,0.0,0.0
2025-09-03 00:00:00-04:00,7.550000190734863,7.650000095367432,7.53000020980835,7.619999885559082,80000,0.0,0.0
2025-09-04 00:00:00-04:00,7.650000095367432,7.730000019073486,7.550000190734863,7.71999979019165,79100,0.0,0.0
2025-09-05 00:00:00-04:00,7.730000019073486,7.889999866485596,7.699999809265137,7.840000152587891,65000,0.0,0.0
2025-09-08 00:00:00-04:00,7.880000114440918,7.940000057220459,7.739999771118164,7.880000114440918,107500,0.0,0.0
2025-09-09 00:00:00-04:00,7.900000095367432,7.900000095367432,7.639999866485596,7.71999979019165,77500,0.0,0.0
2025-09-10 00:00:00-04:00,7.75,7.829999923706055,7.75,7.789999961853027,57000,0.0,0.0
2025-09-11 00:00:00-04:00,7.769999980926514,8.010000228881836,7.769999980926514,8.0,69600,0.0,0.0
2025-09-12 00:00:00-04:00,8.0,8.050000190734863,7.929999828338623,8.029999732971191,56300,0.0,0.0
2025-09-15 00:00:00-04:00,8.029999732971191,8.270000457763672,8.029999732971191,8.229999542236328,114200,0.0,0.0
2025-09-16 00:00:00-04:00,8.210000038146973,8.210000038146973,8.050000190734863,8.149999618530273,63500,0.0,0.0
2025-09-17 00:00:00-04:00,8.100000381469727,8.319999694824219,8.010000228881836,8.010000228881836,99600,0.0,0.0
2025-09-18 00:00:00-04:00,8.010000228881836,8.260000228881836,8.010000228881836,8.170000076293945,58100,0.0,0.0
2025-09-19 00:00:00-04:00,8.180000305175781,8.180000305175781,8.029999732971191,8.09000015258789,437000,0.0,0.0
2025-09-22 00:00:00-04:00,8.020000457763672,8.069999694824219,7.920000076293945,8.050000190734863,69900,0.0,0.0
2025-09-23 00:00:00-04:00,8.020000457763672,8.180000305175781,7.96999979019165,8.020000457763672,76200,0.0,0.0
2025-09-24 00:00:00-04:00,7.989999771118164,8.029999732971191,7.980000019073486,7.980000019073486,50100,0.0,0.0
2025-09-25 00:00:00-04:00,7.96999979019165,8.0,7.869999885559082,7.889999866485596,64100,0.0,0.0
2025-09-26 00:00:00-04:00,7.96999979019165,8.0,7.940000057220459,8.0,36700,0.0,0.0
2025-09-29 00:00:00-04:00,8.020000457763672,8.020000457763672,7.889999866485596,7.96999979019165,91700,0.0,0.0
2025-09-30 00:00:00-04:00,7.980000019073486,8.050000190734863,7.929999828338623,8.029999732971191,171400,0.0,0.0
2025-10-01 00:00:00-04:00,8.010000228881836,8.039999961853027,7.889999866485596,7.909999847412109,106000,0.0,0.0
2025-10-02 00:00:00-04:00,7.920000076293945,7.960000038146973,7.599999904632568,7.710000038146973,101400,0.0,0.0
2025-10-03 00:00:00-04:00,7.78000020980835,7.849999904632568,7.710000038146973,7.71999979019165,52600,0.0,0.0
2025-10-06 00:00:00-04:00,7.769999980926514,7.96999979019165,7.730000019073486,7.829999923706055,62300,0.0,0.0
2025-10-07 00:00:00-04:00,7.789999961853027,7.829999923706055,7.75,7.78000020980835,78400,0.0,0.0
2025-10-08 00:00:00-04:00,7.849999904632568,7.909999847412109,7.760000228881836,7.849999904632568,62400,0.0,0.0
2025-10-09 00:00:00-04:00,7.860000133514404,7.860000133514404,7.699999809265137,7.730000019073486,75100,0.0,0.0
2025-10-10 00:00:00-04:00,7.739999771118164,7.769999980926514,7.5,7.570000171661377,108800,0.0,0.0
2025-10-13 00:00:00-04:00,7.670000076293945,7.78000020980835,7.559999942779541,7.679999828338623,402700,0.0,0.0
2025-10-14 00:00:00-04:00,7.53000020980835,7.710000038146973,7.53000020980835,7.659999847412109,361600,0.0,0.0
2025-10-15 00:00:00-04:00,7.739999771118164,7.769999980926514,7.440000057220459,7.579999923706055,330000,0.0,0.0
2025-10-16 00:00:00-04:00,7.579999923706055,7.619999885559082,7.329999923706055,7.380000114440918,364500,0.0,0.0
2025-10-17 00:00:00-04:00,7.369999885559082,7.489999771118164,7.269999980926514,7.309999942779541,308700,0.0,0.0
2025-10-20 00:00:00-04:00,7.320000171661377,7.53000020980835,7.130000114440918,7.46999979019165,353400,0.0,0.0
2025-10-21 00:00:00-04:00,7.460000038146973,7.539999961853027,7.400000095367432,7.539999961853027,62100,0.0,0.0
2025-10-22 00:00:00-04:00,7.53000020980835,7.53000020980835,7.039999961853027,7.159999847412109,128800,0.0,0.0
2025-10-23 00:00:00-04:00,7.21999979019165,7.369999885559082,7.170000076293945,7.320000171661377,73000,0.0,0.0
2025-10-24 00:00:00-04:00,7.349999904632568,7.5,7.28000020980835,7.480000019073486,135100,0.0,0.0
2025-10-27 00:00:00-04:00,7.53000020980835,7.639999866485596,7.380000114440918,7.389999866485596,76200,0.0,0.0
2025-10-28 00:00:00-04:00,7.360000133514404,7.53000020980835,7.329999923706055,7.369999885559082,90300,0.0,0.0
2025-10-29 00:00:00-04:00,7.409999847412109,7.420000076293945,7.03000020980835,7.110000133514404,119200,0.0,0.0
2025-10-30 00:00:00-04:00,7.070000171661377,7.130000114440918,6.659999847412109,6.769999980926514,83900,0.0,0.0
2025-10-31 00:00:00-04:00,6.840000152587891,6.980000019073486,6.739999771118164,6.909999847412109,105300,0.0,0.0
2025-11-03 00:00:00-05:00,6.840000152587891,6.849999904632568,6.559999942779541,6.570000171661377,140400,0.0,0.0
2025-11-04 00:00:00-05:00,6.420000076293945,6.570000171661377,6.300000190734863,6.369999885559082,130800,0.0,0.0
2025-11-05 00:00:00-05:00,6.46999979019165,6.550000190734863,6.25,6.440000057220459,103100,0.0,0.0
2025-11-06 00:00:00-05:00,6.389999866485596,6.409999847412109,6.289999961853027,6.289999961853027,62700,0.0,0.0
2025-11-07 00:00:00-05:00,6.800000190734863,7.070000171661377,6.800000190734863,6.869999885559082,119000,0.0,0.0
2025-11-10 00:00:00-05:00,7.050000190734863,8.229999542236328,7.050000190734863,8.180000305175781,318600,0.0,0.0
2025-11-11 00:00:00-05:00,8.180000305175781,8.279999732971191,7.949999809265137,8.15999984741211,120900,0.0,0.0
2025-11-12 00:00:00-05:00,8.1899995803833,8.5,8.130000114440918,8.380000114440918,250600,0.0,0.0
2025-11-13 00:00:00-05:00,8.390000343322754,8.5,8.300000190734863,8.430000305175781,254100,0.0,0.0
2025-11-14 00:00:00-05:00,8.34000015258789,8.550000190734863,8.34000015258789,8.510000228881836,277400,0.0,0.0
2025-11-17 00:00:00-05:00,8.529999732971191,8.649999618530273,8.359999656677246,8.399999618530273,268200,0.0,0.0
2025-11-18 00:00:00-05:00,8.369999885559082,8.520000457763672,8.069999694824219,8.100000381469727,174700,0.0,0.0
2025-11-19 00:00:00-05:00,8.050000190734863,8.109999656677246,7.909999847412109,8.0,200700,0.0,0.0
2025-11-20 00:00:00-05:00,8.1899995803833,8.260000228881836,7.820000171661377,7.840000152587891,153200,0.0,0.0
2025-11-21 00:00:00-05:00,7.840000152587891,7.940000057220459,7.449999809265137,7.840000152587891,215200,0.0,0.0
2025-11-24 00:00:00-05:00,7.809999942779541,7.860000133514404,7.679999828338623,7.75,134400,0.0,0.0
2025-11-25 00:00:00-05:00,7.829999923706055,7.989999771118164,7.820000171661377,7.900000095367432,97600,0.0,0.0
2025-11-26 00:00:00-05:00,7.840000152587891,7.869999885559082,7.730000019073486,7.769999980926514,88500,0.0,0.0
2025-11-28 00:00:00-05:00,7.860000133514404,7.860000133514404,7.739999771118164,7.800000190734863,56200,0.0,0.0
2025-12-01 00:00:00-05:00,7.820000171661377,8.029999732971191,7.730000019073486,7.929999828338623,187000,0.0,0.0
2025-12-02 00:00:00-05:00,8.010000228881836,8.010000228881836,7.800000190734863,7.860000133514404,95400,0.0,0.0
2025-12-03 00:00:00-05:00,7.940000057220459,8.170000076293945,7.849999904632568,8.15999984741211,251700,0.0,0.0
2025-12-04 00:00:00-05:00,8.149999618530273,8.149999618530273,7.800000190734863,7.800000190734863,61600,0.0,0.0
2025-12-05 00:00:00-05:00,7.800000190734863,7.900000095367432,7.5,7.550000190734863,91900,0.0,0.0
2025-12-08 00:00:00-05:00,7.610000133514404,7.739999771118164,7.599999904632568,7.599999904632568,162300,0.0,0.0
2025-12-09 00:00:00-05:00,7.650000095367432,7.679999828338623,7.480000019073486,7.610000133514404,135300,0.0,0.0
2025-12-10 00:00:00-05:00,7.599999904632568,7.829999923706055,7.489999771118164,7.679999828338623,362000,0.0,0.0
2025-12-11 00:00:00-05:00,7.71999979019165,7.900000095367432,7.599999904632568,7.639999866485596,274700,0.0,0.0
2025-12-12 00:00:00-05:00,7.730000019073486,7.730000019073486,7.489999771118164,7.559999942779541,131000,0.0,0.0
2025-12-15 00:00:00-05:00,7.679999828338623,7.900000095367432,7.630000114440918,7.739999771118164,371100,0.0,0.0
2025-12-16 00:00:00-05:00,7.760000228881836,7.840000152587891,7.449999809265137,7.489999771118164,170900,0.0,0.0
2025-12-17 00:00:00-05:00,7.46999979019165,7.619999885559082,7.420000076293945,7.599999904632568,127600,0.0,0.0
2025-12-18 00:00:00-05:00,7.630000114440918,7.630000114440918,7.46999979019165,7.579999923706055,113100,0.0,0.0
2025-12-19 00:00:00-05:00,7.579999923706055,7.579999923706055,7.389999866485596,7.53000020980835,366700,0.0,0.0
2025-12-22 00:00:00-05:00,7.53000020980835,7.610000133514404,7.489999771118164,7.550000190734863,148500,0.0,0.0
2025-12-23 00:00:00-05:00,7.550000190734863,7.650000095367432,7.480000019073486,7.550000190734863,153800,0.0,0.0
2025-12-24 00:00:00-05:00,7.590000152587891,7.590000152587891,7.400000095367432,7.420000076293945,51600,0.0,0.0
2025-12-26 00:00:00-05:00,7.449999809265137,7.449999809265137,7.329999923706055,7.420000076293945,76100,0.0,0.0
2025-12-29 00:00:00-05:00,7.369999885559082,7.46999979019165,7.309999942779541,7.440000057220459,118500,0.0,0.0
2025-12-30 00:00:00-05:00,7.5,7.610000133514404,7.340000152587891,7.360000133514404,98100,0.0,0.0
2025-12-31 00:00:00-05:00,7.340000152587891,7.340000152587891,7.099999904632568,7.179999828338623,88000,0.0,0.0
2026-01-02 00:00:00-05:00,7.199999809265137,7.550000190734863,7.179999828338623,7.360000133514404,203600,0.0,0.0
2026-01-05 00:00:00-05:00,7.360000133514404,7.550000190734863,7.260000228881836,7.510000228881836,171700,0.0,0.0
2026-01-06 00:00:00-05:00,7.489999771118164,7.559999942779541,7.409999847412109,7.559999942779541,119100,0.0,0.0
2026-01-07 00:00:00-05:00,7.510000228881836,7.510000228881836,7.329999923706055,7.369999885559082,91600,0.0,0.0
2026-01-08 00:00:00-05:00,7.28000020980835,7.519999980926514,7.28000020980835,7.5,98600,0.0,0.0
2026-01-09 00:00:00-05:00,7.489999771118164,7.610000133514404,7.389999866485596,7.510000228881836,94500,0.0,0.0
2026-01-12 00:00:00-05:00,7.510000228881836,7.820000171661377,7.510000228881836,7.710000038146973,112800,0.0,0.0
2026-01-13 00:00:00-05:00,7.699999809265137,7.699999809265137,7.590000152587891,7.599999904632568,73600,0.0,0.0
2026-01-14 00:00:00-05:00,7.619999885559082,7.920000076293945,7.570000171661377,7.849999904632568,97800,0.0,0.0
2026-01-15 00:00:00-05:00,7.849999904632568,8.170000076293945,7.739999771118164,8.109999656677246,210900,0.0,0.0
2026-01-16 00:00:00-05:00,8.039999961853027,8.819999694824219,8.039999961853027,8.300000190734863,343500,0.0,0.0
2026-01-20 00:00:00-05:00,8.25,8.25,7.800000190734863,7.880000114440918,151200,0.0,0.0
2026-01-21 00:00:00-05:00,8.0,8.260000228881836,7.929999828338623,8.25,137800,0.0,0.0
2026-01-22 00:00:00-05:00,8.5,9.0600004196167,8.449999809265137,8.59000015258789,575100,0.0,0.0
2026-01-23 00:00:00-05:00,8.550000190734863,8.630000114440918,8.380000114440918,8.5600004196167,249600,0.0,0.0
2026-01-26 00:00:00-05:00,8.630000114440918,8.979999542236328,8.609999656677246,8.729999542236328,184100,0.0,0.0
2026-01-27 00:00:00-05:00,8.699999809265137,8.8100004196167,8.630000114440918,8.699999809265137,130800,0.0,0.0
2026-01-28 00:00:00-05:00,8.720000267028809,8.779999732971191,8.460000038146973,8.529999732971191,188900,0.0,0.0
2026-01-29 00:00:00-05:00,8.630000114440918,8.880000114440918,8.489999771118164,8.880000114440918,142000,0.0,0.0
2026-01-30 00:00:00-05:00,8.75,8.819999694824219,8.399999618530273,8.550000190734863,138200,0.0,0.0
2026-02-02 00:00:00-05:00,8.619999885559082,8.979999542236328,8.460000038146973,8.90999984741211,143600,0.0,0.0
2026-02-03 00:00:00-05:00,8.930000305175781,9.199999809265137,8.739999771118164,8.979999542236328,204600,0.0,0.0
2026-02-04 00:00:00-05:00,9.140000343322754,9.329999923706055,8.970000267028809,9.3100004196167,234000,0.0,0.0
2026-02-05 00:00:00-05:00,9.180000305175781,9.350000381469727,8.90999984741211,8.930000305175781,114600,0.0,0.0
2026-02-06 00:00:00-05:00,9.020000457763672,9.350000381469727,9.020000457763672,9.260000228881836,143900,0.0,0.0
2026-02-09 00:00:00-05:00,9.350000381469727,9.380000114440918,9.039999961853027,9.069999694824219,139400,0.0,0.0
2026-02-10 00:00:00-05:00,9.109999656677246,9.300000190734863,8.989999771118164,9.050000190734863,216100,0.0,0.0
2026-02-11 00:00:00-05:00,9.149999618530273,9.239999771118164,8.8100004196167,9.039999961853027,239200,0.0,0.0
2026-02-12 00:00:00-05:00,9.0600004196167,9.199999809265137,8.880000114440918,9.029999732971191,143200,0.0,0.0
2026-02-13 00:00:00-05:00,8.890000343322754,8.899999618530273,8.65999984741211,8.6899995803833,109000,0.0,0.0
2026-02-17 00:00:00-05:00,8.649999618530273,8.800000190734863,8.399999618530273,8.739999771118164,143400,0.0,0.0
2026-02-18 00:00:00-05:00,8.819999694824219,9.0,8.710000038146973,8.710000038146973,148500,0.0,0.0
2026-02-19 00:00:00-05:00,8.630000114440918,8.8100004196167,8.5,8.75,110100,0.0,0.0
2026-02-20 00:00:00-05:00,8.670000076293945,8.84000015258789,8.619999885559082,8.800000190734863,72300,0.0,0.0
2026-02-23 00:00:00-05:00,8.789999961853027,8.850000381469727,8.65999984741211,8.779999732971191,141300,0.0,0.0
2026-02-24 00:00:00-05:00,8.75,8.930000305175781,8.729999542236328,8.819999694824219,92400,0.0,0.0
2026-02-25 00:00:00-05:00,8.920000076293945,9.109999656677246,8.789999961853027,9.020000457763672,230700,0.0,0.0
2026-02-26 00:00:00-05:00,9.0,9.050000190734863,8.850000381469727,9.020000457763672,147000,0.0,0.0
2026-02-27 00:00:00-05:00,8.930000305175781,9.229999542236328,8.84000015258789,9.180000305175781,164400,0.0,0.0
2026-03-02 00:00:00-05:00,9.180000305175781,9.65999984741211,9.09000015258789,9.550000190734863,227600,0.0,0.0
2026-03-03 00:00:00-05:00,9.229999542236328,9.449999809265137,8.970000267028809,9.300000190734863,138900,0.0,0.0
2026-03-04 00:00:00-05:00,9.390000343322754,9.539999961853027,9.210000038146973,9.369999885559082,129900,0.0,0.0
2026-03-05 00:00:00-05:00,9.289999961853027,9.460000038146973,8.989999771118164,9.0600004196167,85900,0.0,0.0
2026-03-06 00:00:00-05:00,8.90999984741211,8.949999809265137,8.699999809265137,8.800000190734863,131500,0.0,0.0
2026-03-09 00:00:00-04:00,8.630000114440918,8.630000114440918,8.149999618530273,8.220000267028809,221200,0.0,0.0
2026-03-10 00:00:00-04:00,8.149999618530273,8.539999961853027,8.149999618530273,8.40999984741211,125400,0.0,0.0
2026-03-11 00:00:00-04:00,8.5600004196167,8.65999984741211,7.710000038146973,7.739999771118164,213900,0.0,0.0
2026-03-12 00:00:00-04:00,7.610000133514404,7.860000133514404,7.599999904632568,7.860000133514404,134600,0.0,0.0
2026-03-13 00:00:00-04:00,7.800000190734863,7.989999771118164,7.619999885559082,7.800000190734863,127800,0.0,0.0
2026-03-16 00:00:00-04:00,7.869999885559082,8.149999618530273,7.78000020980835,8.130000114440918,169400,0.0,0.0
2026-03-17 00:00:00-04:00,8.25,8.34000015258789,8.029999732971191,8.09000015258789,153200,0.0,0.0
2026-03-18 00:00:00-04:00,8.09000015258789,8.09000015258789,7.840000152587891,7.920000076293945,119500,0.0,0.0
2026-03-19 00:00:00-04:00,7.739999771118164,7.739999771118164,7.449999809265137,7.480000019073486,160800,0.0,0.0
2026-03-20 00:00:00-04:00,7.510000228881836,7.53000020980835,7.079999923706055,7.28000020980835,370600,0.0,0.0
2026-03-23 00:00:00-04:00,7.519999980926514,7.739999771118164,7.369999885559082,7.630000114440918,130500,0.0,0.0
2026-03-24 00:00:00-04:00,7.539999961853027,7.760000228881836,7.449999809265137,7.699999809265137,85300,0.0,0.0
2026-03-25 00:00:00-04:00,7.880000114440918,7.880000114440918,7.579999923706055,7.699999809265137,78100,0.0,0.0
2026-03-26 00:00:00-04:00,7.53000020980835,7.789999961853027,7.5,7.550000190734863,62300,0.0,0.0
2026-03-27 00:00:00-04:00,7.420000076293945,7.599999904632568,7.420000076293945,7.539999961853027,64500,0.0,0.0
2026-03-30 00:00:00-04:00,7.690000057220459,7.75,7.570000171661377,7.710000038146973,91800,0.0,0.0
2026-03-31 00:00:00-04:00,7.909999847412109,7.949999809265137,7.699999809265137,7.949999809265137,214400,0.0,0.0
2026-04-01 00:00:00-04:00,8.039999961853027,8.319999694824219,8.039999961853027,8.210000038146973,136800,0.0,0.0
2026-04-02 00:00:00-04:00,8.149999618530273,8.25,8.0,8.130000114440918,162200,0.0,0.0
2026-04-06 00:00:00-04:00,8.149999618530273,8.25,7.96999979019165,8.1899995803833,166000,0.0,0.0
2026-04-07 00:00:00-04:00,8.100000381469727,8.430000305175781,8.100000381469727,8.380000114440918,195200,0.0,0.0
2026-04-08 00:00:00-04:00,8.65999984741211,8.789999961853027,8.5,8.630000114440918,172000,0.0,0.0
2026-04-09 00:00:00-04:00,8.619999885559082,8.819999694824219,8.520000457763672,8.699999809265137,224900,0.0,0.0
2026-04-10 00:00:00-04:00,8.779999732971191,8.859999656677246,8.649999618530273,8.84000015258789,131000,0.0,0.0
2026-04-13 00:00:00-04:00,8.779999732971191,8.920000076293945,8.739999771118164,8.859999656677246,218500,0.0,0.0
2026-04-14 00:00:00-04:00,8.880000114440918,8.880000114440918,8.729999542236328,8.819999694824219,178000,0.0,0.0
2026-04-15 00:00:00-04:00,8.779999732971191,8.84000015258789,8.579999923706055,8.770000457763672,163338,0.0,0.0
