Date,Open,High,Low,Close,Volume,Dividends,Stock Splits
2022-01-03 00:00:00-05:00,9.760000228881836,9.760000228881836,9.760000228881836,9.760000228881836,0,0.0,0.0
2022-01-04 00:00:00-05:00,9.760000228881836,9.760000228881836,9.760000228881836,9.760000228881836,0,0.0,0.0
2022-01-05 00:00:00-05:00,9.760000228881836,9.760000228881836,9.760000228881836,9.760000228881836,0,0.0,0.0
2022-01-06 00:00:00-05:00,9.680000305175781,9.760000228881836,9.670000076293945,9.760000228881836,316900,0.0,0.0
2022-01-07 00:00:00-05:00,9.739999771118164,9.779999732971191,9.729999542236328,9.779999732971191,1500,0.0,0.0
2022-01-10 00:00:00-05:00,9.720000267028809,9.760000228881836,9.720000267028809,9.760000228881836,3900,0.0,0.0
2022-01-11 00:00:00-05:00,9.6899995803833,9.6899995803833,9.6899995803833,9.6899995803833,200,0.0,0.0
2022-01-12 00:00:00-05:00,9.6899995803833,9.6899995803833,9.6899995803833,9.6899995803833,0,0.0,0.0
2022-01-13 00:00:00-05:00,9.6899995803833,9.6899995803833,9.6899995803833,9.6899995803833,0,0.0,0.0
2022-01-14 00:00:00-05:00,9.6899995803833,9.6899995803833,9.6899995803833,9.6899995803833,0,0.0,0.0
2022-01-18 00:00:00-05:00,9.75,9.75,9.739999771118164,9.739999771118164,11100,0.0,0.0
2022-01-19 00:00:00-05:00,9.739999771118164,9.739999771118164,9.739999771118164,9.739999771118164,200,0.0,0.0
2022-01-20 00:00:00-05:00,9.739999771118164,9.739999771118164,9.739999771118164,9.739999771118164,0,0.0,0.0
2022-01-21 00:00:00-05:00,9.704000473022461,9.704000473022461,9.704000473022461,9.704000473022461,1100,0.0,0.0
2022-01-24 00:00:00-05:00,9.619999885559082,9.640000343322754,9.600000381469727,9.640000343322754,1000,0.0,0.0
2022-01-25 00:00:00-05:00,9.640000343322754,9.640000343322754,9.640000343322754,9.640000343322754,600,0.0,0.0
2022-01-26 00:00:00-05:00,9.649999618530273,9.649999618530273,9.649999618530273,9.649999618530273,700,0.0,0.0
2022-01-27 00:00:00-05:00,9.710000038146973,9.710000038146973,9.649999618530273,9.649999618530273,600,0.0,0.0
2022-01-28 00:00:00-05:00,9.649999618530273,9.649999618530273,9.649999618530273,9.649999618530273,0,0.0,0.0
2022-01-31 00:00:00-05:00,9.710000038146973,9.720000267028809,9.710000038146973,9.720000267028809,4100,0.0,0.0
2022-02-01 00:00:00-05:00,9.710000038146973,9.729999542236328,9.710000038146973,9.729999542236328,9300,0.0,0.0
2022-02-02 00:00:00-05:00,9.729999542236328,9.729999542236328,9.729999542236328,9.729999542236328,0,0.0,0.0
2022-02-03 00:00:00-05:00,9.699999809265137,9.829999923706055,9.699999809265137,9.829999923706055,200,0.0,0.0
2022-02-04 00:00:00-05:00,9.829999923706055,9.829999923706055,9.829999923706055,9.829999923706055,4700,0.0,0.0
2022-02-07 00:00:00-05:00,9.760000228881836,9.789999961853027,9.729999542236328,9.789999961853027,17300,0.0,0.0
2022-02-08 00:00:00-05:00,9.789999961853027,9.789999961853027,9.789999961853027,9.789999961853027,0,0.0,0.0
2022-02-09 00:00:00-05:00,9.779999732971191,9.779999732971191,9.75,9.779999732971191,60200,0.0,0.0
2022-02-10 00:00:00-05:00,9.710000038146973,9.739999771118164,9.710000038146973,9.729999542236328,14300,0.0,0.0
2022-02-11 00:00:00-05:00,9.729999542236328,9.729999542236328,9.729999542236328,9.729999542236328,0,0.0,0.0
2022-02-14 00:00:00-05:00,9.729999542236328,9.729999542236328,9.729999542236328,9.729999542236328,0,0.0,0.0
2022-02-15 00:00:00-05:00,9.760000228881836,9.760000228881836,9.760000228881836,9.760000228881836,4700,0.0,0.0
2022-02-16 00:00:00-05:00,9.720000267028809,9.729999542236328,9.699999809265137,9.720000267028809,27300,0.0,0.0
2022-02-17 00:00:00-05:00,9.739999771118164,9.739999771118164,9.739999771118164,9.739999771118164,100,0.0,0.0
2022-02-18 00:00:00-05:00,9.699999809265137,9.699999809265137,9.699999809265137,9.699999809265137,200,0.0,0.0
2022-02-22 00:00:00-05:00,9.729999542236328,9.729999542236328,9.699999809265137,9.699999809265137,5100,0.0,0.0
2022-02-23 00:00:00-05:00,9.699999809265137,9.699999809265137,9.699999809265137,9.699999809265137,100,0.0,0.0
2022-02-24 00:00:00-05:00,9.699999809265137,9.699999809265137,9.699999809265137,9.699999809265137,0,0.0,0.0
2022-02-25 00:00:00-05:00,9.649999618530273,9.649999618530273,9.649999618530273,9.649999618530273,100,0.0,0.0
2022-02-28 00:00:00-05:00,9.649999618530273,9.649999618530273,9.649999618530273,9.649999618530273,0,0.0,0.0
2022-03-01 00:00:00-05:00,9.670000076293945,9.670000076293945,9.649999618530273,9.670000076293945,3200,0.0,0.0
2022-03-02 00:00:00-05:00,9.680000305175781,9.680000305175781,9.680000305175781,9.680000305175781,400,0.0,0.0
2022-03-03 00:00:00-05:00,9.680000305175781,9.680000305175781,9.680000305175781,9.680000305175781,0,0.0,0.0
2022-03-04 00:00:00-05:00,9.699999809265137,9.699999809265137,9.6899995803833,9.6899995803833,5000,0.0,0.0
2022-03-07 00:00:00-05:00,9.6899995803833,9.6899995803833,9.6899995803833,9.6899995803833,0,0.0,0.0
2022-03-08 00:00:00-05:00,9.649999618530273,9.649999618530273,9.649999618530273,9.649999618530273,300,0.0,0.0
2022-03-09 00:00:00-05:00,9.649999618530273,9.649999618530273,9.649999618530273,9.649999618530273,0,0.0,0.0
2022-03-10 00:00:00-05:00,9.649999618530273,9.649999618530273,9.649999618530273,9.649999618530273,322000,0.0,0.0
2022-03-11 00:00:00-05:00,9.649999618530273,9.649999618530273,9.649999618530273,9.649999618530273,0,0.0,0.0
2022-03-14 00:00:00-04:00,9.649999618530273,9.649999618530273,9.649999618530273,9.649999618530273,0,0.0,0.0
2022-03-15 00:00:00-04:00,9.649999618530273,9.649999618530273,9.649999618530273,9.649999618530273,0,0.0,0.0
2022-03-16 00:00:00-04:00,9.649999618530273,9.649999618530273,9.649999618530273,9.649999618530273,0,0.0,0.0
2022-03-17 00:00:00-04:00,9.649999618530273,9.649999618530273,9.649999618530273,9.649999618530273,0,0.0,0.0
2022-03-18 00:00:00-04:00,9.649999618530273,9.649999618530273,9.649999618530273,9.649999618530273,0,0.0,0.0
2022-03-21 00:00:00-04:00,9.649999618530273,9.649999618530273,9.649999618530273,9.649999618530273,0,0.0,0.0
2022-03-22 00:00:00-04:00,9.84000015258789,9.859999656677246,9.8100004196167,9.819999694824219,1487000,0.0,0.0
2022-03-23 00:00:00-04:00,9.829999923706055,9.899999618530273,9.815999984741211,9.850000381469727,368500,0.0,0.0
2022-03-24 00:00:00-04:00,9.869999885559082,9.885000228881836,9.8100004196167,9.859999656677246,100300,0.0,0.0
2022-03-25 00:00:00-04:00,9.869999885559082,9.880000114440918,9.869999885559082,9.871999740600586,509000,0.0,0.0
2022-03-28 00:00:00-04:00,9.880000114440918,9.880000114440918,9.850000381469727,9.880000114440918,59200,0.0,0.0
2022-03-29 00:00:00-04:00,9.873000144958496,9.899999618530273,9.869999885559082,9.869999885559082,1900,0.0,0.0
2022-03-30 00:00:00-04:00,9.854000091552734,9.890000343322754,9.854000091552734,9.869999885559082,170800,0.0,0.0
2022-03-31 00:00:00-04:00,9.84000015258789,9.890000343322754,9.814000129699707,9.880000114440918,10600,0.0,0.0
2022-04-01 00:00:00-04:00,9.84000015258789,9.84000015258789,9.800000190734863,9.8100004196167,1800,0.0,0.0
2022-04-04 00:00:00-04:00,9.824999809265137,9.890000343322754,9.824999809265137,9.890000343322754,5500,0.0,0.0
2022-04-05 00:00:00-04:00,9.880000114440918,9.920000076293945,9.869999885559082,9.890000343322754,102100,0.0,0.0
2022-04-06 00:00:00-04:00,9.890000343322754,9.890000343322754,9.890000343322754,9.890000343322754,0,0.0,0.0
2022-04-07 00:00:00-04:00,9.899999618530273,10.0,9.899999618530273,10.0,900,0.0,0.0
2022-04-08 00:00:00-04:00,9.949999809265137,9.949999809265137,9.850000381469727,9.850000381469727,900,0.0,0.0
2022-04-11 00:00:00-04:00,9.850000381469727,9.850000381469727,9.850000381469727,9.850000381469727,0,0.0,0.0
2022-04-12 00:00:00-04:00,9.84000015258789,9.84000015258789,9.84000015258789,9.84000015258789,600,0.0,0.0
2022-04-13 00:00:00-04:00,9.829999923706055,9.829999923706055,9.829999923706055,9.829999923706055,3000,0.0,0.0
2022-04-14 00:00:00-04:00,9.859999656677246,9.890000343322754,9.829999923706055,9.84000015258789,6600,0.0,0.0
2022-04-18 00:00:00-04:00,9.84000015258789,9.84000015258789,9.84000015258789,9.84000015258789,0,0.0,0.0
2022-04-19 00:00:00-04:00,9.8100004196167,9.8100004196167,9.789999961853027,9.8100004196167,8500,0.0,0.0
2022-04-20 00:00:00-04:00,9.8100004196167,9.8100004196167,9.800000190734863,9.8100004196167,9200,0.0,0.0
2022-04-21 00:00:00-04:00,9.850000381469727,9.859999656677246,9.845000267028809,9.859999656677246,39900,0.0,0.0
2022-04-22 00:00:00-04:00,9.859999656677246,9.859999656677246,9.859999656677246,9.859999656677246,0,0.0,0.0
2022-04-25 00:00:00-04:00,9.819999694824219,9.819999694824219,9.789999961853027,9.819999694824219,27100,0.0,0.0
2022-04-26 00:00:00-04:00,9.819999694824219,9.819999694824219,9.819999694824219,9.819999694824219,9700,0.0,0.0
2022-04-27 00:00:00-04:00,9.829999923706055,9.829999923706055,9.819999694824219,9.824999809265137,2000,0.0,0.0
2022-04-28 00:00:00-04:00,9.824999809265137,9.859999656677246,9.824999809265137,9.859999656677246,12000,0.0,0.0
2022-04-29 00:00:00-04:00,9.859999656677246,9.880000114440918,9.859999656677246,9.869999885559082,7000,0.0,0.0
2022-05-02 00:00:00-04:00,9.859999656677246,9.869999885559082,9.859999656677246,9.869999885559082,3500,0.0,0.0
2022-05-03 00:00:00-04:00,9.819999694824219,9.819999694824219,9.819999694824219,9.819999694824219,300,0.0,0.0
2022-05-04 00:00:00-04:00,9.819999694824219,9.819999694824219,9.800000190734863,9.8100004196167,5200,0.0,0.0
2022-05-05 00:00:00-04:00,9.800000190734863,9.8100004196167,9.789999961853027,9.8100004196167,600,0.0,0.0
2022-05-06 00:00:00-04:00,9.829999923706055,9.829999923706055,9.8100004196167,9.8100004196167,18900,0.0,0.0
2022-05-09 00:00:00-04:00,9.859999656677246,9.925000190734863,9.795000076293945,9.8100004196167,159000,0.0,0.0
2022-05-10 00:00:00-04:00,9.885000228881836,9.885000228881836,9.885000228881836,9.885000228881836,200,0.0,0.0
2022-05-11 00:00:00-04:00,9.789999961853027,9.800000190734863,9.789999961853027,9.800000190734863,2100,0.0,0.0
2022-05-12 00:00:00-04:00,9.800000190734863,9.8100004196167,9.779999732971191,9.779999732971191,185700,0.0,0.0
2022-05-13 00:00:00-04:00,9.800000190734863,9.829999923706055,9.779999732971191,9.800000190734863,13300,0.0,0.0
2022-05-16 00:00:00-04:00,9.779999732971191,9.779999732971191,9.779999732971191,9.779999732971191,1000,0.0,0.0
2022-05-17 00:00:00-04:00,9.800000190734863,9.8100004196167,9.789999961853027,9.8100004196167,507800,0.0,0.0
2022-05-18 00:00:00-04:00,9.779999732971191,9.800000190734863,9.779999732971191,9.779999732971191,1000,0.0,0.0
2022-05-19 00:00:00-04:00,9.779999732971191,9.779999732971191,9.779999732971191,9.779999732971191,10100,0.0,0.0
2022-05-20 00:00:00-04:00,9.800000190734863,9.800000190734863,9.779999732971191,9.779999732971191,4700,0.0,0.0
2022-05-23 00:00:00-04:00,9.800000190734863,9.800000190734863,9.800000190734863,9.800000190734863,20000,0.0,0.0
2022-05-24 00:00:00-04:00,9.779999732971191,9.779999732971191,9.779999732971191,9.779999732971191,4900,0.0,0.0
2022-05-25 00:00:00-04:00,9.779999732971191,9.779999732971191,9.779999732971191,9.779999732971191,0,0.0,0.0
2022-05-26 00:00:00-04:00,9.800000190734863,9.800000190734863,9.800000190734863,9.800000190734863,100,0.0,0.0
2022-05-27 00:00:00-04:00,9.760000228881836,9.779999732971191,9.760000228881836,9.779999732971191,1100,0.0,0.0
2022-05-31 00:00:00-04:00,9.800000190734863,9.800000190734863,9.789999961853027,9.789999961853027,900,0.0,0.0
2022-06-01 00:00:00-04:00,9.789999961853027,9.789999961853027,9.789999961853027,9.789999961853027,4200,0.0,0.0
2022-06-02 00:00:00-04:00,9.779999732971191,9.819999694824219,9.779999732971191,9.819999694824219,6300,0.0,0.0
2022-06-03 00:00:00-04:00,9.800000190734863,9.800000190734863,9.800000190734863,9.800000190734863,200,0.0,0.0
2022-06-06 00:00:00-04:00,9.800000190734863,9.800000190734863,9.789999961853027,9.789999961853027,3400,0.0,0.0
2022-06-07 00:00:00-04:00,9.800000190734863,9.800000190734863,9.770000457763672,9.779999732971191,24000,0.0,0.0
2022-06-08 00:00:00-04:00,9.779999732971191,9.779999732971191,9.779999732971191,9.779999732971191,48200,0.0,0.0
2022-06-09 00:00:00-04:00,9.779999732971191,9.795000076293945,9.779999732971191,9.795000076293945,21200,0.0,0.0
2022-06-10 00:00:00-04:00,9.800000190734863,9.800000190734863,9.800000190734863,9.800000190734863,200,0.0,0.0
2022-06-13 00:00:00-04:00,9.800000190734863,9.800000190734863,9.800000190734863,9.800000190734863,0,0.0,0.0
2022-06-14 00:00:00-04:00,9.800000190734863,9.800000190734863,9.770000457763672,9.770000457763672,6000,0.0,0.0
2022-06-15 00:00:00-04:00,9.770000457763672,9.770000457763672,9.770000457763672,9.770000457763672,0,0.0,0.0
2022-06-16 00:00:00-04:00,9.770999908447266,9.779000282287598,9.770999908447266,9.779000282287598,400,0.0,0.0
2022-06-17 00:00:00-04:00,9.770000457763672,9.770000457763672,9.770000457763672,9.770000457763672,700,0.0,0.0
2022-06-21 00:00:00-04:00,9.800000190734863,9.800000190734863,9.779999732971191,9.779999732971191,1300,0.0,0.0
2022-06-22 00:00:00-04:00,9.800000190734863,9.800000190734863,9.770000457763672,9.770000457763672,8400,0.0,0.0
2022-06-23 00:00:00-04:00,9.800000190734863,9.800000190734863,9.800000190734863,9.800000190734863,100,0.0,0.0
2022-06-24 00:00:00-04:00,9.800000190734863,9.989999771118164,9.800000190734863,9.989999771118164,400,0.0,0.0
2022-06-27 00:00:00-04:00,9.9399995803833,9.9399995803833,9.8100004196167,9.8100004196167,300,0.0,0.0
2022-06-28 00:00:00-04:00,9.800000190734863,9.800000190734863,9.779999732971191,9.779999732971191,9500,0.0,0.0
2022-06-29 00:00:00-04:00,9.779999732971191,9.779999732971191,9.774999618530273,9.774999618530273,38000,0.0,0.0
2022-06-30 00:00:00-04:00,9.770000457763672,9.770000457763672,9.770000457763672,9.770000457763672,9200,0.0,0.0
2022-07-01 00:00:00-04:00,10.300000190734863,10.300000190734863,9.800000190734863,9.800000190734863,800,0.0,0.0
2022-07-05 00:00:00-04:00,9.800000190734863,9.800000190734863,9.800000190734863,9.800000190734863,0,0.0,0.0
2022-07-06 00:00:00-04:00,9.770000457763672,9.800000190734863,9.770000457763672,9.770000457763672,126100,0.0,0.0
2022-07-07 00:00:00-04:00,9.789999961853027,9.789999961853027,9.760000228881836,9.760000228881836,21300,0.0,0.0
2022-07-08 00:00:00-04:00,9.760000228881836,9.760000228881836,9.760000228881836,9.760000228881836,34100,0.0,0.0
2022-07-11 00:00:00-04:00,9.789999961853027,9.800000190734863,9.789999961853027,9.789999961853027,1200,0.0,0.0
2022-07-12 00:00:00-04:00,9.789999961853027,9.789999961853027,9.789999961853027,9.789999961853027,0,0.0,0.0
2022-07-13 00:00:00-04:00,9.800000190734863,9.800000190734863,9.800000190734863,9.800000190734863,100,0.0,0.0
2022-07-14 00:00:00-04:00,9.779999732971191,9.779999732971191,9.779999732971191,9.779999732971191,200,0.0,0.0
2022-07-15 00:00:00-04:00,9.779999732971191,9.779999732971191,9.779999732971191,9.779999732971191,0,0.0,0.0
2022-07-18 00:00:00-04:00,9.800000190734863,9.800000190734863,9.779999732971191,9.789999961853027,279400,0.0,0.0
2022-07-19 00:00:00-04:00,9.800000190734863,9.800000190734863,9.779999732971191,9.779999732971191,400,0.0,0.0
2022-07-20 00:00:00-04:00,9.760000228881836,9.770000457763672,9.760000228881836,9.770000457763672,24500,0.0,0.0
2022-07-21 00:00:00-04:00,9.770000457763672,9.779999732971191,9.770000457763672,9.779999732971191,11500,0.0,0.0
2022-07-22 00:00:00-04:00,9.779999732971191,9.779999732971191,9.779999732971191,9.779999732971191,0,0.0,0.0
2022-07-25 00:00:00-04:00,9.779999732971191,9.779999732971191,9.779999732971191,9.779999732971191,0,0.0,0.0
2022-07-26 00:00:00-04:00,9.779999732971191,9.779999732971191,9.779999732971191,9.779999732971191,0,0.0,0.0
2022-07-27 00:00:00-04:00,9.779999732971191,9.779999732971191,9.779999732971191,9.779999732971191,0,0.0,0.0
2022-07-28 00:00:00-04:00,9.770000457763672,9.779999732971191,9.729999542236328,9.729999542236328,497000,0.0,0.0
2022-07-29 00:00:00-04:00,9.739999771118164,9.739999771118164,9.720000267028809,9.739999771118164,188500,0.0,0.0
2022-08-01 00:00:00-04:00,9.75,9.760000228881836,9.75,9.760000228881836,5400,0.0,0.0
2022-08-02 00:00:00-04:00,10.300000190734863,10.300000190734863,9.770000457763672,9.770000457763672,5400,0.0,0.0
2022-08-03 00:00:00-04:00,9.770000457763672,9.770000457763672,9.770000457763672,9.770000457763672,0,0.0,0.0
2022-08-04 00:00:00-04:00,9.770000457763672,9.770000457763672,9.770000457763672,9.770000457763672,100,0.0,0.0
2022-08-05 00:00:00-04:00,9.760000228881836,9.760000228881836,9.760000228881836,9.760000228881836,300,0.0,0.0
2022-08-08 00:00:00-04:00,9.760000228881836,9.760000228881836,9.760000228881836,9.760000228881836,0,0.0,0.0
2022-08-09 00:00:00-04:00,9.760000228881836,9.760000228881836,9.75,9.75,3500,0.0,0.0
2022-08-10 00:00:00-04:00,9.75,9.789999961853027,9.75,9.75,9000,0.0,0.0
2022-08-11 00:00:00-04:00,9.789999961853027,9.789999961853027,9.75,9.75,56200,0.0,0.0
2022-08-12 00:00:00-04:00,9.75,9.75,9.75,9.75,100,0.0,0.0
2022-08-15 00:00:00-04:00,9.760000228881836,9.760000228881836,9.760000228881836,9.760000228881836,600,0.0,0.0
2022-08-16 00:00:00-04:00,9.760000228881836,9.760000228881836,9.760000228881836,9.760000228881836,0,0.0,0.0
2022-08-17 00:00:00-04:00,10.300000190734863,10.300000190734863,9.770000457763672,9.779999732971191,176800,0.0,0.0
2022-08-18 00:00:00-04:00,9.779999732971191,9.779999732971191,9.779999732971191,9.779999732971191,0,0.0,0.0
2022-08-19 00:00:00-04:00,9.789999961853027,9.789999961853027,9.75,9.770000457763672,500,0.0,0.0
2022-08-22 00:00:00-04:00,9.760000228881836,9.760000228881836,9.75,9.75,1800,0.0,0.0
2022-08-23 00:00:00-04:00,9.75,9.75,9.75,9.75,0,0.0,0.0
2022-08-24 00:00:00-04:00,9.789999961853027,9.789999961853027,9.739999771118164,9.739999771118164,200,0.0,0.0
2022-08-25 00:00:00-04:00,9.75,9.75,9.75,9.75,700,0.0,0.0
2022-08-26 00:00:00-04:00,9.760000228881836,9.760000228881836,9.760000228881836,9.760000228881836,1100,0.0,0.0
2022-08-29 00:00:00-04:00,9.75,9.75,9.739999771118164,9.75,2600,0.0,0.0
2022-08-30 00:00:00-04:00,9.75,9.75,9.739999771118164,9.739999771118164,2100,0.0,0.0
2022-08-31 00:00:00-04:00,9.739999771118164,9.739999771118164,9.739999771118164,9.739999771118164,14400,0.0,0.0
2022-09-01 00:00:00-04:00,9.739999771118164,9.739999771118164,9.739999771118164,9.739999771118164,100,0.0,0.0
2022-09-02 00:00:00-04:00,9.739999771118164,9.739999771118164,9.739999771118164,9.739999771118164,100,0.0,0.0
2022-09-06 00:00:00-04:00,9.75,9.75,9.739999771118164,9.739999771118164,2100,0.0,0.0
2022-09-07 00:00:00-04:00,9.75,9.75,9.720000267028809,9.720000267028809,2800,0.0,0.0
2022-09-08 00:00:00-04:00,9.739999771118164,9.739999771118164,9.739999771118164,9.739999771118164,600,0.0,0.0
2022-09-09 00:00:00-04:00,9.739999771118164,9.739999771118164,9.739999771118164,9.739999771118164,800,0.0,0.0
2022-09-12 00:00:00-04:00,9.75,9.75,9.729999542236328,9.729999542236328,1200,0.0,0.0
2022-09-13 00:00:00-04:00,9.729999542236328,9.729999542236328,9.729999542236328,9.729999542236328,0,0.0,0.0
2022-09-14 00:00:00-04:00,9.729999542236328,9.729999542236328,9.729999542236328,9.729999542236328,0,0.0,0.0
2022-09-15 00:00:00-04:00,9.739999771118164,9.739999771118164,9.739999771118164,9.739999771118164,100,0.0,0.0
2022-09-16 00:00:00-04:00,9.739999771118164,9.739999771118164,9.710000038146973,9.710000038146973,204000,0.0,0.0
2022-09-19 00:00:00-04:00,9.75,9.779999732971191,9.720000267028809,9.720000267028809,51400,0.0,0.0
2022-09-20 00:00:00-04:00,9.720000267028809,9.720000267028809,9.720000267028809,9.720000267028809,0,0.0,0.0
2022-09-21 00:00:00-04:00,9.729999542236328,9.729999542236328,9.729999542236328,9.729999542236328,10600,0.0,0.0
2022-09-22 00:00:00-04:00,9.739999771118164,9.739999771118164,9.710000038146973,9.710000038146973,19000,0.0,0.0
2022-09-23 00:00:00-04:00,9.739999771118164,9.739999771118164,9.710000038146973,9.729999542236328,57700,0.0,0.0
2022-09-26 00:00:00-04:00,9.729999542236328,9.729999542236328,9.720000267028809,9.720000267028809,12700,0.0,0.0
2022-09-27 00:00:00-04:00,9.729999542236328,9.729999542236328,9.720000267028809,9.720000267028809,3200,0.0,0.0
2022-09-28 00:00:00-04:00,9.710000038146973,9.720000267028809,9.699999809265137,9.699999809265137,528600,0.0,0.0
2022-09-29 00:00:00-04:00,9.699999809265137,9.699999809265137,9.699999809265137,9.699999809265137,53200,0.0,0.0
2022-09-30 00:00:00-04:00,9.720000267028809,9.729999542236328,9.720000267028809,9.729999542236328,57600,0.0,0.0
2022-10-03 00:00:00-04:00,9.729999542236328,9.729999542236328,9.729999542236328,9.729999542236328,27000,0.0,0.0
2022-10-04 00:00:00-04:00,9.729999542236328,9.739999771118164,9.729999542236328,9.739999771118164,17300,0.0,0.0
2022-10-05 00:00:00-04:00,9.744999885559082,9.75,9.739999771118164,9.739999771118164,10600,0.0,0.0
2022-10-06 00:00:00-04:00,9.75,9.760000228881836,9.75,9.760000228881836,1100,0.0,0.0
2022-10-07 00:00:00-04:00,9.739999771118164,9.760000228881836,9.739999771118164,9.760000228881836,300,0.0,0.0
2022-10-10 00:00:00-04:00,9.760000228881836,9.770000457763672,9.760000228881836,9.770000457763672,2500,0.0,0.0
2022-10-11 00:00:00-04:00,9.770000457763672,9.770000457763672,9.770000457763672,9.770000457763672,642600,0.0,0.0
2022-10-12 00:00:00-04:00,9.770000457763672,9.770000457763672,9.770000457763672,9.770000457763672,3800,0.0,0.0
2022-10-13 00:00:00-04:00,9.729999542236328,9.770000457763672,9.729999542236328,9.770000457763672,12400,0.0,0.0
2022-10-14 00:00:00-04:00,9.770000457763672,9.770000457763672,9.770000457763672,9.770000457763672,0,0.0,0.0
2022-10-17 00:00:00-04:00,9.779999732971191,9.8100004196167,9.770000457763672,9.8100004196167,14700,0.0,0.0
2022-10-18 00:00:00-04:00,9.800000190734863,9.800000190734863,9.800000190734863,9.800000190734863,131200,0.0,0.0
2022-10-19 00:00:00-04:00,9.800000190734863,9.800000190734863,9.800000190734863,9.800000190734863,0,0.0,0.0
2022-10-20 00:00:00-04:00,9.800000190734863,9.800000190734863,9.800000190734863,9.800000190734863,300,0.0,0.0
2022-10-21 00:00:00-04:00,9.800000190734863,9.800000190734863,9.795000076293945,9.795000076293945,3100,0.0,0.0
2022-10-24 00:00:00-04:00,9.789999961853027,9.789999961853027,9.78499984741211,9.78499984741211,6400,0.0,0.0
2022-10-25 00:00:00-04:00,9.770000457763672,9.800000190734863,9.770000457763672,9.770000457763672,555000,0.0,0.0
2022-10-26 00:00:00-04:00,9.770000457763672,9.789999961853027,9.770000457763672,9.789999961853027,86900,0.0,0.0
2022-10-27 00:00:00-04:00,9.779999732971191,9.779999732971191,9.779999732971191,9.779999732971191,18900,0.0,0.0
2022-10-28 00:00:00-04:00,9.800000190734863,9.8100004196167,9.800000190734863,9.8100004196167,2600,0.0,0.0
2022-10-31 00:00:00-04:00,9.78499984741211,9.800000190734863,9.779999732971191,9.779999732971191,50900,0.0,0.0
2022-11-01 00:00:00-04:00,9.776000022888184,9.795000076293945,9.776000022888184,9.789999961853027,33000,0.0,0.0
2022-11-02 00:00:00-04:00,9.779999732971191,9.800000190734863,9.779999732971191,9.800000190734863,213100,0.0,0.0
2022-11-03 00:00:00-04:00,9.800000190734863,9.800000190734863,9.800000190734863,9.800000190734863,0,0.0,0.0
2022-11-04 00:00:00-04:00,9.800000190734863,9.800000190734863,9.800000190734863,9.800000190734863,220500,0.0,0.0
2022-11-07 00:00:00-05:00,9.800000190734863,9.800000190734863,9.800000190734863,9.800000190734863,900,0.0,0.0
2022-11-08 00:00:00-05:00,9.800000190734863,9.800000190734863,9.800000190734863,9.800000190734863,0,0.0,0.0
2022-11-09 00:00:00-05:00,9.800000190734863,9.8100004196167,9.789999961853027,9.789999961853027,31600,0.0,0.0
2022-11-10 00:00:00-05:00,9.800000190734863,9.8100004196167,9.800000190734863,9.8100004196167,1062200,0.0,0.0
2022-11-11 00:00:00-05:00,9.800000190734863,9.800000190734863,9.800000190734863,9.800000190734863,25400,0.0,0.0
2022-11-14 00:00:00-05:00,9.800000190734863,9.800000190734863,9.800000190734863,9.800000190734863,100,0.0,0.0
2022-11-15 00:00:00-05:00,9.800000190734863,9.800000190734863,9.800000190734863,9.800000190734863,15500,0.0,0.0
2022-11-16 00:00:00-05:00,9.800000190734863,9.800000190734863,9.800000190734863,9.800000190734863,0,0.0,0.0
2022-11-17 00:00:00-05:00,9.805000305175781,9.805000305175781,9.789999961853027,9.789999961853027,171500,0.0,0.0
2022-11-18 00:00:00-05:00,9.800000190734863,9.8100004196167,9.800000190734863,9.8100004196167,37100,0.0,0.0
2022-11-21 00:00:00-05:00,9.805000305175781,9.8100004196167,9.805000305175781,9.8100004196167,17300,0.0,0.0
2022-11-22 00:00:00-05:00,9.800000190734863,9.8100004196167,9.800000190734863,9.8100004196167,10400,0.0,0.0
2022-11-23 00:00:00-05:00,9.8100004196167,9.819999694824219,9.800000190734863,9.8100004196167,370500,0.0,0.0
2022-11-25 00:00:00-05:00,9.8100004196167,9.8100004196167,9.8100004196167,9.8100004196167,1500,0.0,0.0
2022-11-28 00:00:00-05:00,10.300000190734863,10.300000190734863,9.795000076293945,9.8100004196167,3500,0.0,0.0
2022-11-29 00:00:00-05:00,9.819999694824219,9.819999694824219,9.819999694824219,9.819999694824219,14000,0.0,0.0
2022-11-30 00:00:00-05:00,9.819999694824219,9.819999694824219,9.819999694824219,9.819999694824219,100,0.0,0.0
2022-12-01 00:00:00-05:00,9.819999694824219,9.819999694824219,9.819999694824219,9.819999694824219,4900,0.0,0.0
2022-12-02 00:00:00-05:00,9.819999694824219,9.819999694824219,9.819999694824219,9.819999694824219,0,0.0,0.0
2022-12-05 00:00:00-05:00,9.835000038146973,9.84000015258789,9.829999923706055,9.84000015258789,53200,0.0,0.0
2022-12-06 00:00:00-05:00,9.84000015258789,9.84000015258789,9.84000015258789,9.84000015258789,0,0.0,0.0
2022-12-07 00:00:00-05:00,9.859999656677246,9.859999656677246,9.859999656677246,9.859999656677246,100,0.0,0.0
2022-12-08 00:00:00-05:00,9.859999656677246,9.859999656677246,9.859999656677246,9.859999656677246,13500,0.0,0.0
2022-12-09 00:00:00-05:00,9.859999656677246,9.859999656677246,9.859999656677246,9.859999656677246,6200,0.0,0.0
2022-12-12 00:00:00-05:00,9.859999656677246,9.859999656677246,9.859999656677246,9.859999656677246,0,0.0,0.0
2022-12-13 00:00:00-05:00,9.869999885559082,9.869999885559082,9.869999885559082,9.869999885559082,200,0.0,0.0
2022-12-14 00:00:00-05:00,9.859999656677246,9.869999885559082,9.859999656677246,9.869999885559082,400,0.0,0.0
2022-12-15 00:00:00-05:00,9.949999809265137,9.949999809265137,9.90999984741211,9.920000076293945,73300,0.0,0.0
2022-12-16 00:00:00-05:00,9.920000076293945,9.920000076293945,9.920000076293945,9.920000076293945,0,0.0,0.0
2022-12-19 00:00:00-05:00,9.869999885559082,9.899999618530273,9.869999885559082,9.899999618530273,70300,0.0,0.0
2022-12-20 00:00:00-05:00,9.859999656677246,9.890000343322754,9.859999656677246,9.890000343322754,70600,0.0,0.0
2022-12-21 00:00:00-05:00,9.890000343322754,9.899999618530273,9.880000114440918,9.899999618530273,1100,0.0,0.0
2022-12-22 00:00:00-05:00,10.399999618530273,10.399999618530273,9.899999618530273,9.90999984741211,5500,0.0,0.0
2022-12-23 00:00:00-05:00,9.960000038146973,10.399999618530273,9.899999618530273,9.914999961853027,32400,0.0,0.0
2022-12-27 00:00:00-05:00,9.920000076293945,9.920000076293945,9.920000076293945,9.920000076293945,600,0.0,0.0
2022-12-28 00:00:00-05:00,9.920000076293945,9.920000076293945,9.920000076293945,9.920000076293945,0,0.0,0.0
2022-12-29 00:00:00-05:00,9.925000190734863,9.9399995803833,9.920000076293945,9.9350004196167,12800,0.0,0.0
2022-12-30 00:00:00-05:00,9.9350004196167,9.9350004196167,9.9350004196167,9.9350004196167,100,0.0,0.0
2023-01-03 00:00:00-05:00,10.399999618530273,10.399999618530273,9.949999809265137,9.949999809265137,1100,0.0,0.0
2023-01-04 00:00:00-05:00,9.954999923706055,9.970000267028809,9.954999923706055,9.96500015258789,17600,0.0,0.0
2023-01-05 00:00:00-05:00,9.970000267028809,9.979999542236328,9.970000267028809,9.979999542236328,11500,0.0,0.0
2023-01-06 00:00:00-05:00,10.0,10.0,10.0,10.0,600,0.0,0.0
2023-01-09 00:00:00-05:00,10.5,10.5,10.0,10.0,800,0.0,0.0
2023-01-10 00:00:00-05:00,10.0,10.0,10.0,10.0,100,0.0,0.0
2023-01-11 00:00:00-05:00,10.0,10.005000114440918,9.970000267028809,10.0,127800,0.0,0.0
2023-01-12 00:00:00-05:00,10.0,10.0,10.0,10.0,0,0.0,0.0
2023-01-13 00:00:00-05:00,10.0,10.0,9.989999771118164,9.989999771118164,45100,0.0,0.0
2023-01-17 00:00:00-05:00,9.989999771118164,9.989999771118164,9.979999542236328,9.989999771118164,1092700,0.0,0.0
2023-01-18 00:00:00-05:00,9.989999771118164,9.989999771118164,9.989999771118164,9.989999771118164,300,0.0,0.0
2023-01-19 00:00:00-05:00,10.0,10.0,9.994999885559082,10.0,619400,0.0,0.0
2023-01-20 00:00:00-05:00,10.0,10.010000228881836,10.0,10.010000228881836,1700,0.0,0.0
2023-01-23 00:00:00-05:00,9.989999771118164,9.989999771118164,9.989999771118164,9.989999771118164,200,0.0,0.0
2023-01-24 00:00:00-05:00,10.0,10.0,10.0,10.0,100,0.0,0.0
2023-01-25 00:00:00-05:00,10.300000190734863,10.5,10.0,10.020000457763672,7500,0.0,0.0
2023-01-26 00:00:00-05:00,10.0,10.039999961853027,9.989999771118164,10.020000457763672,78200,0.0,0.0
2023-01-27 00:00:00-05:00,10.020000457763672,10.020000457763672,10.020000457763672,10.020000457763672,0,0.0,0.0
2023-01-30 00:00:00-05:00,10.020000457763672,10.020000457763672,10.020000457763672,10.020000457763672,0,0.0,0.0
2023-01-31 00:00:00-05:00,10.029999732971191,10.029999732971191,10.029999732971191,10.029999732971191,100,0.0,0.0
2023-02-01 00:00:00-05:00,10.029999732971191,10.029999732971191,10.020000457763672,10.020000457763672,41600,0.0,0.0
2023-02-02 00:00:00-05:00,10.020000457763672,10.020000457763672,10.020000457763672,10.020000457763672,0,0.0,0.0
2023-02-03 00:00:00-05:00,10.020000457763672,10.039999961853027,10.020000457763672,10.03499984741211,12100,0.0,0.0
2023-02-06 00:00:00-05:00,10.024999618530273,10.039999961853027,10.020000457763672,10.029999732971191,176100,0.0,0.0
2023-02-07 00:00:00-05:00,10.029999732971191,10.029999732971191,10.029999732971191,10.029999732971191,0,0.0,0.0
2023-02-08 00:00:00-05:00,10.050000190734863,10.050000190734863,10.050000190734863,10.050000190734863,11000,0.0,0.0
2023-02-09 00:00:00-05:00,10.029999732971191,10.029999732971191,10.029999732971191,10.029999732971191,6100,0.0,0.0
2023-02-10 00:00:00-05:00,10.039999961853027,10.050000190734863,10.03499984741211,10.039999961853027,98000,0.0,0.0
2023-02-13 00:00:00-05:00,10.5,10.5,10.029999732971191,10.029999732971191,6000,0.0,0.0
2023-02-14 00:00:00-05:00,10.079999923706055,10.079999923706055,10.079999923706055,10.079999923706055,100,0.0,0.0
2023-02-15 00:00:00-05:00,10.079999923706055,10.079999923706055,10.079999923706055,10.079999923706055,3400,0.0,0.0
2023-02-16 00:00:00-05:00,10.079999923706055,10.079999923706055,10.079999923706055,10.079999923706055,300,0.0,0.0
2023-02-17 00:00:00-05:00,10.0600004196167,10.069999694824219,10.039999961853027,10.039999961853027,196100,0.0,0.0
2023-02-21 00:00:00-05:00,10.050000190734863,10.050000190734863,10.039999961853027,10.039999961853027,2800,0.0,0.0
2023-02-22 00:00:00-05:00,10.050000190734863,10.0600004196167,10.050000190734863,10.0600004196167,248100,0.0,0.0
2023-02-23 00:00:00-05:00,10.079999923706055,10.079999923706055,10.0600004196167,10.0600004196167,1700,0.0,0.0
2023-02-24 00:00:00-05:00,10.0600004196167,10.069999694824219,10.0600004196167,10.0600004196167,116300,0.0,0.0
2023-02-27 00:00:00-05:00,10.074999809265137,10.074999809265137,10.050000190734863,10.0600004196167,48600,0.0,0.0
2023-02-28 00:00:00-05:00,10.550000190734863,10.550000190734863,10.0600004196167,10.0600004196167,22200,0.0,0.0
2023-03-01 00:00:00-05:00,10.0600004196167,10.069999694824219,10.0600004196167,10.0600004196167,5800,0.0,0.0
2023-03-02 00:00:00-05:00,10.079999923706055,10.09000015258789,10.079999923706055,10.079999923706055,213300,0.0,0.0
2023-03-03 00:00:00-05:00,10.09000015258789,10.09000015258789,10.079999923706055,10.079999923706055,8200,0.0,0.0
2023-03-06 00:00:00-05:00,10.079999923706055,10.100000381469727,10.079999923706055,10.079999923706055,128700,0.0,0.0
2023-03-07 00:00:00-05:00,10.09000015258789,10.09000015258789,10.09000015258789,10.09000015258789,100000,0.0,0.0
2023-03-08 00:00:00-05:00,10.104999542236328,10.104999542236328,10.09000015258789,10.09000015258789,1003000,0.0,0.0
2023-03-09 00:00:00-05:00,10.109999656677246,10.109999656677246,10.09000015258789,10.09000015258789,400,0.0,0.0
2023-03-10 00:00:00-05:00,10.09000015258789,10.09000015258789,10.09000015258789,10.09000015258789,13200,0.0,0.0
2023-03-13 00:00:00-04:00,10.4399995803833,10.4399995803833,10.104999542236328,10.104999542236328,600,0.0,0.0
2023-03-14 00:00:00-04:00,10.130000114440918,10.130000114440918,10.130000114440918,10.130000114440918,500,0.0,0.0
2023-03-15 00:00:00-04:00,10.079999923706055,10.079999923706055,10.079999923706055,10.079999923706055,100,0.0,0.0
2023-03-16 00:00:00-04:00,10.1899995803833,10.1899995803833,10.1899995803833,10.1899995803833,200,0.0,0.0
2023-03-17 00:00:00-04:00,10.079999923706055,10.09000015258789,10.079999923706055,10.09000015258789,800,0.0,0.0
2023-03-20 00:00:00-04:00,10.100000381469727,10.180000305175781,10.095000267028809,10.180000305175781,8200,0.0,0.0
2023-03-21 00:00:00-04:00,10.180000305175781,10.180000305175781,10.180000305175781,10.180000305175781,100,0.0,0.0
2023-03-22 00:00:00-04:00,10.180000305175781,10.180000305175781,10.180000305175781,10.180000305175781,100,0.0,0.0
2023-03-23 00:00:00-04:00,10.180000305175781,10.180000305175781,10.180000305175781,10.180000305175781,0,0.0,0.0
2023-03-24 00:00:00-04:00,10.180000305175781,10.180000305175781,10.180000305175781,10.180000305175781,0,0.0,0.0
2023-03-27 00:00:00-04:00,10.170000076293945,10.1899995803833,10.170000076293945,10.1899995803833,1900,0.0,0.0
2023-03-28 00:00:00-04:00,10.1899995803833,10.1899995803833,10.1899995803833,10.1899995803833,0,0.0,0.0
2023-03-29 00:00:00-04:00,10.1899995803833,10.1899995803833,10.1899995803833,10.1899995803833,0,0.0,0.0
2023-03-30 00:00:00-04:00,10.140000343322754,10.140000343322754,10.119999885559082,10.119999885559082,2700,0.0,0.0
2023-03-31 00:00:00-04:00,10.119999885559082,10.119999885559082,10.119999885559082,10.119999885559082,0,0.0,0.0
2023-04-03 00:00:00-04:00,10.130000114440918,10.140000343322754,10.119999885559082,10.140000343322754,135100,0.0,0.0
2023-04-04 00:00:00-04:00,10.130000114440918,10.130000114440918,10.119999885559082,10.119999885559082,5900,0.0,0.0
2023-04-05 00:00:00-04:00,10.119999885559082,10.119999885559082,10.119999885559082,10.119999885559082,0,0.0,0.0
2023-04-06 00:00:00-04:00,10.119999885559082,10.119999885559082,10.119999885559082,10.119999885559082,0,0.0,0.0
2023-04-10 00:00:00-04:00,10.119999885559082,10.119999885559082,10.119999885559082,10.119999885559082,0,0.0,0.0
2023-04-11 00:00:00-04:00,10.140000343322754,10.140000343322754,10.130000114440918,10.130000114440918,400,0.0,0.0
2023-04-12 00:00:00-04:00,10.140000343322754,10.149999618530273,10.140000343322754,10.140000343322754,32100,0.0,0.0
2023-04-13 00:00:00-04:00,10.140000343322754,10.140000343322754,10.140000343322754,10.140000343322754,0,0.0,0.0
2023-04-14 00:00:00-04:00,10.140000343322754,10.140000343322754,10.140000343322754,10.140000343322754,0,0.0,0.0
2023-04-17 00:00:00-04:00,10.149999618530273,10.149999618530273,10.149999618530273,10.149999618530273,300,0.0,0.0
2023-04-18 00:00:00-04:00,10.149999618530273,10.149999618530273,10.149999618530273,10.149999618530273,300,0.0,0.0
2023-04-19 00:00:00-04:00,10.149999618530273,10.15999984741211,10.149999618530273,10.15999984741211,300,0.0,0.0
2023-04-20 00:00:00-04:00,10.149999618530273,10.149999618530273,10.149999618530273,10.149999618530273,100,0.0,0.0
2023-04-21 00:00:00-04:00,10.649999618530273,10.649999618530273,10.154999732971191,10.170000076293945,4800,0.0,0.0
2023-04-24 00:00:00-04:00,10.170000076293945,10.1899995803833,10.170000076293945,10.1899995803833,258400,0.0,0.0
2023-04-25 00:00:00-04:00,10.15999984741211,10.239999771118164,10.15999984741211,10.170000076293945,5000,0.0,0.0
2023-04-26 00:00:00-04:00,10.210000038146973,10.210000038146973,10.170000076293945,10.170000076293945,600,0.0,0.0
2023-04-27 00:00:00-04:00,10.170000076293945,10.170000076293945,10.170000076293945,10.170000076293945,0,0.0,0.0
2023-04-28 00:00:00-04:00,10.170000076293945,10.170000076293945,10.170000076293945,10.170000076293945,0,0.0,0.0
2023-05-01 00:00:00-04:00,10.220000267028809,10.239999771118164,10.170000076293945,10.199999809265137,5600,0.0,0.0
2023-05-02 00:00:00-04:00,10.199999809265137,10.199999809265137,10.199999809265137,10.199999809265137,300,0.0,0.0
2023-05-03 00:00:00-04:00,10.199999809265137,10.199999809265137,10.199999809265137,10.199999809265137,0,0.0,0.0
2023-05-04 00:00:00-04:00,10.199999809265137,10.199999809265137,10.199999809265137,10.199999809265137,0,0.0,0.0
2023-05-05 00:00:00-04:00,10.175000190734863,10.210000038146973,10.175000190734863,10.199999809265137,231100,0.0,0.0
2023-05-08 00:00:00-04:00,10.199999809265137,10.199999809265137,10.199999809265137,10.199999809265137,93900,0.0,0.0
2023-05-09 00:00:00-04:00,10.199999809265137,10.220000267028809,10.199999809265137,10.210000038146973,25400,0.0,0.0
2023-05-10 00:00:00-04:00,10.210000038146973,10.210000038146973,10.210000038146973,10.210000038146973,0,0.0,0.0
2023-05-11 00:00:00-04:00,10.210000038146973,10.210000038146973,10.210000038146973,10.210000038146973,0,0.0,0.0
2023-05-12 00:00:00-04:00,10.210000038146973,10.210000038146973,10.210000038146973,10.210000038146973,0,0.0,0.0
2023-05-15 00:00:00-04:00,10.210000038146973,10.210000038146973,10.210000038146973,10.210000038146973,0,0.0,0.0
2023-05-16 00:00:00-04:00,10.220000267028809,10.220000267028809,10.210000038146973,10.210000038146973,97500,0.0,0.0
2023-05-17 00:00:00-04:00,10.210000038146973,10.220000267028809,10.210000038146973,10.21500015258789,245300,0.0,0.0
2023-05-18 00:00:00-04:00,10.210000038146973,10.220000267028809,10.210000038146973,10.210000038146973,127400,0.0,0.0
2023-05-19 00:00:00-04:00,10.21500015258789,10.21500015258789,10.21500015258789,10.21500015258789,500,0.0,0.0
2023-05-22 00:00:00-04:00,10.210000038146973,10.229999542236328,10.210000038146973,10.220000267028809,83900,0.0,0.0
2023-05-23 00:00:00-04:00,10.225000381469727,10.229999542236328,10.220000267028809,10.220000267028809,69700,0.0,0.0
2023-05-24 00:00:00-04:00,10.210000038146973,10.229999542236328,10.210000038146973,10.220000267028809,1800,0.0,0.0
2023-05-25 00:00:00-04:00,10.229999542236328,10.229999542236328,10.225000381469727,10.229999542236328,900,0.0,0.0
2023-05-26 00:00:00-04:00,10.229999542236328,10.229999542236328,10.229999542236328,10.229999542236328,2800,0.0,0.0
2023-05-30 00:00:00-04:00,10.229999542236328,10.239999771118164,10.220000267028809,10.220000267028809,506000,0.0,0.0
2023-05-31 00:00:00-04:00,10.239999771118164,10.260000228881836,10.239999771118164,10.239999771118164,1415200,0.0,0.0
2023-06-01 00:00:00-04:00,10.25,10.25,10.25,10.25,868600,0.0,0.0
2023-06-02 00:00:00-04:00,10.25,10.260000228881836,10.25,10.260000228881836,1000,0.0,0.0
2023-06-05 00:00:00-04:00,10.260000228881836,10.260000228881836,10.260000228881836,10.260000228881836,100,0.0,0.0
2023-06-06 00:00:00-04:00,10.25,10.270000457763672,10.239999771118164,10.25,332400,0.0,0.0
2023-06-07 00:00:00-04:00,10.25,10.25,10.25,10.25,0,0.0,0.0
2023-06-08 00:00:00-04:00,10.25,10.260000228881836,10.25,10.25,521600,0.0,0.0
2023-06-09 00:00:00-04:00,10.25,10.260000228881836,10.25,10.25,32000,0.0,0.0
2023-06-12 00:00:00-04:00,10.260000228881836,10.289999961853027,10.25,10.260000228881836,1805000,0.0,0.0
2023-06-13 00:00:00-04:00,10.270000457763672,10.279999732971191,10.260000228881836,10.270000457763672,1918200,0.0,0.0
2023-06-14 00:00:00-04:00,10.279999732971191,10.279999732971191,10.229999542236328,10.260000228881836,371700,0.0,0.0
2023-06-15 00:00:00-04:00,10.260000228881836,10.265000343322754,10.239999771118164,10.239999771118164,1100,0.0,0.0
2023-06-16 00:00:00-04:00,10.25,10.984999656677246,10.069999694824219,10.069999694824219,214500,0.0,0.0
2023-06-20 00:00:00-04:00,10.289999961853027,10.300000190734863,10.079999923706055,10.119999885559082,34800,0.0,0.0
2023-06-21 00:00:00-04:00,10.140000343322754,10.300000190734863,10.09000015258789,10.210000038146973,47000,0.0,0.0
2023-06-22 00:00:00-04:00,10.210000038146973,10.289999961853027,10.180000305175781,10.239999771118164,48400,0.0,0.0
2023-06-23 00:00:00-04:00,10.220000267028809,10.300000190734863,10.09000015258789,10.130000114440918,1419400,0.0,0.0
2023-06-26 00:00:00-04:00,10.119999885559082,10.149999618530273,10.119999885559082,10.130000114440918,11300,0.0,0.0
2023-06-27 00:00:00-04:00,10.130000114440918,10.130000114440918,10.109999656677246,10.109999656677246,22100,0.0,0.0
2023-06-28 00:00:00-04:00,10.100000381469727,10.109999656677246,10.09000015258789,10.100000381469727,263300,0.0,0.0
2023-06-29 00:00:00-04:00,10.100000381469727,10.100000381469727,10.069999694824219,10.09000015258789,34200,0.0,0.0
2023-06-30 00:00:00-04:00,10.09000015258789,10.119999885559082,10.069999694824219,10.119999885559082,1600,0.0,0.0
2023-07-03 00:00:00-04:00,10.109999656677246,10.109999656677246,10.109999656677246,10.109999656677246,2100,0.0,0.0
2023-07-05 00:00:00-04:00,10.119999885559082,10.149999618530273,10.116999626159668,10.149999618530273,3100,0.0,0.0
2023-07-06 00:00:00-04:00,10.119999885559082,10.15999984741211,10.119999885559082,10.15999984741211,500,0.0,0.0
2023-07-07 00:00:00-04:00,10.15999984741211,10.15999984741211,10.15999984741211,10.15999984741211,0,0.0,0.0
2023-07-10 00:00:00-04:00,10.149999618530273,10.149999618530273,10.149999618530273,10.149999618530273,500,0.0,0.0
2023-07-11 00:00:00-04:00,10.130000114440918,10.170000076293945,10.09000015258789,10.170000076293945,4200,0.0,0.0
2023-07-12 00:00:00-04:00,10.15999984741211,10.15999984741211,10.15999984741211,10.15999984741211,300,0.0,0.0
2023-07-13 00:00:00-04:00,10.15999984741211,10.170000076293945,10.130000114440918,10.130000114440918,8600,0.0,0.0
2023-07-14 00:00:00-04:00,10.130000114440918,10.130000114440918,10.130000114440918,10.130000114440918,0,0.0,0.0
2023-07-17 00:00:00-04:00,10.130000114440918,10.15999984741211,10.130000114440918,10.149999618530273,5200,0.0,0.0
2023-07-18 00:00:00-04:00,10.149999618530273,10.149999618530273,10.149999618530273,10.149999618530273,0,0.0,0.0
2023-07-19 00:00:00-04:00,10.145000457763672,10.145000457763672,10.145000457763672,10.145000457763672,1800,0.0,0.0
2023-07-20 00:00:00-04:00,10.130000114440918,10.130000114440918,10.130000114440918,10.130000114440918,300,0.0,0.0
2023-07-21 00:00:00-04:00,10.140000343322754,10.140000343322754,10.130000114440918,10.140000343322754,4600,0.0,0.0
2023-07-24 00:00:00-04:00,10.140000343322754,10.15999984741211,10.140000343322754,10.149999618530273,86600,0.0,0.0
2023-07-25 00:00:00-04:00,10.149999618530273,10.149999618530273,10.149999618530273,10.149999618530273,0,0.0,0.0
2023-07-26 00:00:00-04:00,10.163999557495117,10.163999557495117,10.163999557495117,10.163999557495117,2000,0.0,0.0
2023-07-27 00:00:00-04:00,10.163999557495117,10.163999557495117,10.163999557495117,10.163999557495117,0,0.0,0.0
2023-07-28 00:00:00-04:00,10.15999984741211,10.170000076293945,10.15999984741211,10.170000076293945,250600,0.0,0.0
2023-07-31 00:00:00-04:00,10.130000114440918,10.130000114440918,10.130000114440918,10.130000114440918,2600,0.0,0.0
2023-08-01 00:00:00-04:00,10.130000114440918,10.130000114440918,10.130000114440918,10.130000114440918,0,0.0,0.0
2023-08-02 00:00:00-04:00,10.130000114440918,10.130999565124512,10.130000114440918,10.130000114440918,5100,0.0,0.0
2023-08-03 00:00:00-04:00,10.140000343322754,10.170000076293945,10.140000343322754,10.170000076293945,1600,0.0,0.0
2023-08-04 00:00:00-04:00,10.130000114440918,10.170000076293945,10.130000114440918,10.170000076293945,700,0.0,0.0
2023-08-07 00:00:00-04:00,10.170000076293945,10.170000076293945,10.170000076293945,10.170000076293945,0,0.0,0.0
2023-08-08 00:00:00-04:00,10.170000076293945,10.170000076293945,10.170000076293945,10.170000076293945,0,0.0,0.0
2023-08-09 00:00:00-04:00,10.15999984741211,10.15999984741211,10.149999618530273,10.149999618530273,2700,0.0,0.0
2023-08-10 00:00:00-04:00,10.149999618530273,10.149999618530273,10.149999618530273,10.149999618530273,100,0.0,0.0
2023-08-11 00:00:00-04:00,10.149999618530273,10.156999588012695,10.149999618530273,10.156999588012695,400,0.0,0.0
2023-08-14 00:00:00-04:00,10.149999618530273,10.149999618530273,10.149999618530273,10.149999618530273,200,0.0,0.0
2023-08-15 00:00:00-04:00,10.149999618530273,10.149999618530273,10.149999618530273,10.149999618530273,0,0.0,0.0
2023-08-16 00:00:00-04:00,10.149999618530273,10.149999618530273,10.149999618530273,10.149999618530273,200,0.0,0.0
2023-08-17 00:00:00-04:00,10.149999618530273,10.149999618530273,10.149999618530273,10.149999618530273,0,0.0,0.0
2023-08-18 00:00:00-04:00,10.15999984741211,10.15999984741211,10.15999984741211,10.15999984741211,100,0.0,0.0
2023-08-21 00:00:00-04:00,10.15999984741211,10.15999984741211,10.15999984741211,10.15999984741211,0,0.0,0.0
2023-08-22 00:00:00-04:00,10.149999618530273,10.149999618530273,10.149999618530273,10.149999618530273,300,0.0,0.0
2023-08-23 00:00:00-04:00,10.149999618530273,10.149999618530273,10.149999618530273,10.149999618530273,0,0.0,0.0
2023-08-24 00:00:00-04:00,10.149999618530273,10.149999618530273,10.149999618530273,10.149999618530273,0,0.0,0.0
2023-08-25 00:00:00-04:00,10.149999618530273,10.149999618530273,10.149999618530273,10.149999618530273,0,0.0,0.0
2023-08-28 00:00:00-04:00,10.149999618530273,10.149999618530273,10.149999618530273,10.149999618530273,0,0.0,0.0
2023-08-29 00:00:00-04:00,10.170000076293945,10.170000076293945,10.130000114440918,10.130000114440918,18700,0.0,0.0
2023-08-30 00:00:00-04:00,10.140000343322754,10.140000343322754,10.140000343322754,10.140000343322754,5900,0.0,0.0
2023-08-31 00:00:00-04:00,10.140000343322754,10.140000343322754,10.140000343322754,10.140000343322754,0,0.0,0.0
2023-09-01 00:00:00-04:00,10.140000343322754,10.140000343322754,10.140000343322754,10.140000343322754,0,0.0,0.0
2023-09-05 00:00:00-04:00,10.140000343322754,10.140000343322754,10.140000343322754,10.140000343322754,0,0.0,0.0
2023-09-06 00:00:00-04:00,10.140000343322754,10.140000343322754,10.140000343322754,10.140000343322754,0,0.0,0.0
2023-09-07 00:00:00-04:00,10.149999618530273,10.220000267028809,10.149999618530273,10.210000038146973,19100,0.0,0.0
2023-09-08 00:00:00-04:00,10.180000305175781,10.180000305175781,10.180000305175781,10.180000305175781,300,0.0,0.0
2023-09-11 00:00:00-04:00,10.180000305175781,10.180000305175781,10.180000305175781,10.180000305175781,0,0.0,0.0
2023-09-12 00:00:00-04:00,10.180000305175781,10.180000305175781,10.180000305175781,10.180000305175781,0,0.0,0.0
2023-09-13 00:00:00-04:00,10.220000267028809,10.229999542236328,10.220000267028809,10.229999542236328,1500,0.0,0.0
2023-09-14 00:00:00-04:00,10.229999542236328,10.229999542236328,10.229999542236328,10.229999542236328,0,0.0,0.0
2023-09-15 00:00:00-04:00,10.229999542236328,10.229999542236328,10.229999542236328,10.229999542236328,1200,0.0,0.0
2023-09-18 00:00:00-04:00,10.220000267028809,10.220000267028809,10.220000267028809,10.220000267028809,1000,0.0,0.0
2023-09-19 00:00:00-04:00,10.229999542236328,10.229999542236328,10.229999542236328,10.229999542236328,200,0.0,0.0
2023-09-20 00:00:00-04:00,10.229999542236328,10.25,10.229999542236328,10.25,2100,0.0,0.0
2023-09-21 00:00:00-04:00,10.25,10.25,10.25,10.25,100,0.0,0.0
2023-09-22 00:00:00-04:00,10.25,10.25,10.25,10.25,100,0.0,0.0
2023-09-25 00:00:00-04:00,10.25,10.25,10.25,10.25,0,0.0,0.0
2023-09-26 00:00:00-04:00,10.229999542236328,10.229999542236328,10.229999542236328,10.229999542236328,3700,0.0,0.0
2023-09-27 00:00:00-04:00,10.229999542236328,10.229999542236328,10.229999542236328,10.229999542236328,0,0.0,0.0
2023-09-28 00:00:00-04:00,10.229999542236328,10.25,10.229999542236328,10.25,400,0.0,0.0
2023-09-29 00:00:00-04:00,10.25,10.25,10.25,10.25,300,0.0,0.0
2023-10-02 00:00:00-04:00,10.260000228881836,10.260000228881836,10.260000228881836,10.260000228881836,600,0.0,0.0
2023-10-03 00:00:00-04:00,10.260000228881836,10.260000228881836,10.260000228881836,10.260000228881836,100,0.0,0.0
2023-10-04 00:00:00-04:00,10.260000228881836,10.260000228881836,10.260000228881836,10.260000228881836,0,0.0,0.0
2023-10-05 00:00:00-04:00,10.260000228881836,10.260000228881836,10.260000228881836,10.260000228881836,300,0.0,0.0
2023-10-06 00:00:00-04:00,10.260000228881836,10.260000228881836,10.260000228881836,10.260000228881836,0,0.0,0.0
2023-10-09 00:00:00-04:00,10.260000228881836,10.260000228881836,10.260000228881836,10.260000228881836,0,0.0,0.0
2023-10-10 00:00:00-04:00,10.260000228881836,10.260000228881836,10.260000228881836,10.260000228881836,0,0.0,0.0
2023-10-11 00:00:00-04:00,10.260000228881836,10.260000228881836,10.260000228881836,10.260000228881836,100,0.0,0.0
2023-10-12 00:00:00-04:00,10.25,10.25,10.25,10.25,900,0.0,0.0
2023-10-13 00:00:00-04:00,10.25,10.25,10.25,10.25,0,0.0,0.0
2023-10-16 00:00:00-04:00,10.25,10.25,10.25,10.25,0,0.0,0.0
2023-10-17 00:00:00-04:00,10.25,10.25,10.25,10.25,0,0.0,0.0
2023-10-18 00:00:00-04:00,10.239999771118164,10.239999771118164,10.239999771118164,10.239999771118164,3000,0.0,0.0
2023-10-19 00:00:00-04:00,10.239999771118164,10.239999771118164,10.239999771118164,10.239999771118164,0,0.0,0.0
2023-10-20 00:00:00-04:00,10.239999771118164,10.239999771118164,10.239999771118164,10.239999771118164,0,0.0,0.0
2023-10-23 00:00:00-04:00,10.239999771118164,10.239999771118164,10.239999771118164,10.239999771118164,0,0.0,0.0
2023-10-24 00:00:00-04:00,10.239999771118164,10.239999771118164,10.239999771118164,10.239999771118164,0,0.0,0.0
2023-10-25 00:00:00-04:00,10.239999771118164,10.239999771118164,10.239999771118164,10.239999771118164,0,0.0,0.0
2023-10-26 00:00:00-04:00,10.239999771118164,10.239999771118164,10.239999771118164,10.239999771118164,200,0.0,0.0
2023-10-27 00:00:00-04:00,10.229999542236328,10.229999542236328,10.229999542236328,10.229999542236328,29400,0.0,0.0
2023-10-30 00:00:00-04:00,10.220000267028809,10.220000267028809,10.220000267028809,10.220000267028809,200,0.0,0.0
2023-10-31 00:00:00-04:00,10.220000267028809,10.220000267028809,10.220000267028809,10.220000267028809,0,0.0,0.0
2023-11-01 00:00:00-04:00,10.220000267028809,10.220000267028809,10.220000267028809,10.220000267028809,0,0.0,0.0
2023-11-02 00:00:00-04:00,10.220000267028809,10.220000267028809,10.220000267028809,10.220000267028809,0,0.0,0.0
2023-11-03 00:00:00-04:00,10.239999771118164,10.239999771118164,10.239999771118164,10.239999771118164,100,0.0,0.0
2023-11-06 00:00:00-05:00,10.239999771118164,10.239999771118164,10.239999771118164,10.239999771118164,100,0.0,0.0
2023-11-07 00:00:00-05:00,10.239999771118164,10.239999771118164,10.239999771118164,10.239999771118164,0,0.0,0.0
2023-11-08 00:00:00-05:00,10.220000267028809,10.220000267028809,10.220000267028809,10.220000267028809,100,0.0,0.0
2023-11-09 00:00:00-05:00,10.220000267028809,10.220000267028809,10.220000267028809,10.220000267028809,0,0.0,0.0
2023-11-10 00:00:00-05:00,10.220000267028809,10.220000267028809,10.220000267028809,10.220000267028809,0,0.0,0.0
2023-11-13 00:00:00-05:00,10.220000267028809,10.220000267028809,10.220000267028809,10.220000267028809,0,0.0,0.0
2023-11-14 00:00:00-05:00,10.229999542236328,10.229999542236328,10.220000267028809,10.220000267028809,700,0.0,0.0
2023-11-15 00:00:00-05:00,10.220000267028809,10.220000267028809,10.220000267028809,10.220000267028809,0,0.0,0.0
2023-11-16 00:00:00-05:00,10.220000267028809,10.220000267028809,10.220000267028809,10.220000267028809,0,0.0,0.0
2023-11-17 00:00:00-05:00,10.220000267028809,10.220000267028809,10.220000267028809,10.220000267028809,200,0.0,0.0
2023-11-20 00:00:00-05:00,10.220000267028809,10.220000267028809,10.220000267028809,10.220000267028809,0,0.0,0.0
2023-11-21 00:00:00-05:00,10.220000267028809,10.220000267028809,10.220000267028809,10.220000267028809,200,0.0,0.0
2023-11-22 00:00:00-05:00,10.220000267028809,10.220000267028809,10.220000267028809,10.220000267028809,0,0.0,0.0
2023-11-24 00:00:00-05:00,10.239999771118164,10.260000228881836,10.239999771118164,10.260000228881836,2700,0.0,0.0
2023-11-27 00:00:00-05:00,10.229999542236328,10.25,10.229999542236328,10.239999771118164,2600,0.0,0.0
2023-11-28 00:00:00-05:00,10.239999771118164,10.239999771118164,10.239999771118164,10.239999771118164,0,0.0,0.0
2023-11-29 00:00:00-05:00,10.239999771118164,10.239999771118164,10.239999771118164,10.239999771118164,0,0.0,0.0
2023-11-30 00:00:00-05:00,10.239999771118164,10.239999771118164,10.239999771118164,10.239999771118164,2300,0.0,0.0
2023-12-01 00:00:00-05:00,10.239999771118164,10.239999771118164,10.239999771118164,10.239999771118164,0,0.0,0.0
2023-12-04 00:00:00-05:00,10.239999771118164,10.239999771118164,10.239999771118164,10.239999771118164,0,0.0,0.0
2023-12-05 00:00:00-05:00,10.239999771118164,10.239999771118164,10.239999771118164,10.239999771118164,0,0.0,0.0
2023-12-06 00:00:00-05:00,10.239999771118164,10.239999771118164,10.239999771118164,10.239999771118164,0,0.0,0.0
2023-12-07 00:00:00-05:00,10.239999771118164,10.239999771118164,10.239999771118164,10.239999771118164,0,0.0,0.0
2023-12-08 00:00:00-05:00,10.229999542236328,10.229999542236328,10.220000267028809,10.220000267028809,270000,0.0,0.0
2023-12-11 00:00:00-05:00,10.229999542236328,10.229999542236328,10.220000267028809,10.220000267028809,65700,0.0,0.0
2023-12-12 00:00:00-05:00,10.220000267028809,10.220000267028809,10.220000267028809,10.220000267028809,0,0.0,0.0
2023-12-13 00:00:00-05:00,10.220000267028809,10.241999626159668,10.220000267028809,10.220000267028809,40100,0.0,0.0
2023-12-14 00:00:00-05:00,10.229999542236328,10.229999542236328,10.229999542236328,10.229999542236328,400,0.0,0.0
2023-12-15 00:00:00-05:00,10.229999542236328,10.229999542236328,10.229999542236328,10.229999542236328,100,0.0,0.0
2023-12-18 00:00:00-05:00,10.229999542236328,10.229999542236328,10.229999542236328,10.229999542236328,0,0.0,0.0
2023-12-19 00:00:00-05:00,10.229999542236328,10.234999656677246,10.220000267028809,10.220000267028809,8700,0.0,0.0
2023-12-20 00:00:00-05:00,10.220000267028809,10.220000267028809,10.220000267028809,10.220000267028809,0,0.0,0.0
2023-12-21 00:00:00-05:00,10.220000267028809,10.220000267028809,10.220000267028809,10.220000267028809,0,0.0,0.0
2023-12-22 00:00:00-05:00,10.220000267028809,10.220000267028809,10.220000267028809,10.220000267028809,9500,0.0,0.0
2023-12-26 00:00:00-05:00,10.220000267028809,10.220000267028809,10.220000267028809,10.220000267028809,0,0.0,0.0
2023-12-27 00:00:00-05:00,10.220000267028809,10.220000267028809,10.220000267028809,10.220000267028809,0,0.0,0.0
2023-12-28 00:00:00-05:00,10.220000267028809,10.234999656677246,10.220000267028809,10.234999656677246,33800,0.0,0.0
2023-12-29 00:00:00-05:00,10.229999542236328,10.229999542236328,10.220000267028809,10.220000267028809,44800,0.0,0.0
2024-01-02 00:00:00-05:00,10.220000267028809,10.220000267028809,10.220000267028809,10.220000267028809,0,0.0,0.0
2024-01-03 00:00:00-05:00,10.220000267028809,10.220000267028809,10.220000267028809,10.220000267028809,0,0.0,0.0
2024-01-04 00:00:00-05:00,10.220000267028809,10.220000267028809,10.220000267028809,10.220000267028809,200,0.0,0.0
2024-01-05 00:00:00-05:00,10.211000442504883,10.239999771118164,10.210000038146973,10.210000038146973,2000,0.0,0.0
2024-01-08 00:00:00-05:00,10.23900032043457,10.239999771118164,10.210000038146973,10.210000038146973,3200,0.0,0.0
2024-01-09 00:00:00-05:00,10.210000038146973,10.210000038146973,10.210000038146973,10.210000038146973,0,0.0,0.0
2024-01-10 00:00:00-05:00,10.220000267028809,10.220000267028809,10.220000267028809,10.220000267028809,200,0.0,0.0
2024-01-11 00:00:00-05:00,10.239999771118164,10.239999771118164,10.239999771118164,10.239999771118164,200,0.0,0.0
2024-01-12 00:00:00-05:00,10.239999771118164,10.239999771118164,10.239999771118164,10.239999771118164,0,0.0,0.0
2024-01-16 00:00:00-05:00,10.239999771118164,10.239999771118164,10.21500015258789,10.220000267028809,18900,0.0,0.0
2024-01-17 00:00:00-05:00,10.220000267028809,10.220000267028809,10.210000038146973,10.220000267028809,62200,0.0,0.0
2024-01-18 00:00:00-05:00,10.220000267028809,10.220000267028809,10.220000267028809,10.220000267028809,0,0.0,0.0
2024-01-19 00:00:00-05:00,10.225000381469727,10.229999542236328,10.225000381469727,10.229999542236328,1800,0.0,0.0
2024-01-22 00:00:00-05:00,10.229999542236328,10.229999542236328,10.229999542236328,10.229999542236328,0,0.0,0.0
2024-01-23 00:00:00-05:00,10.229999542236328,10.229999542236328,10.229999542236328,10.229999542236328,300,0.0,0.0
2024-01-24 00:00:00-05:00,10.229999542236328,10.229999542236328,10.229000091552734,10.229999542236328,3900,0.0,0.0
2024-01-25 00:00:00-05:00,10.229999542236328,10.229999542236328,10.229999542236328,10.229999542236328,0,0.0,0.0
2024-01-26 00:00:00-05:00,10.229999542236328,10.239999771118164,10.229999542236328,10.239999771118164,5000,0.0,0.0
2024-01-29 00:00:00-05:00,10.239999771118164,10.239999771118164,10.239999771118164,10.239999771118164,0,0.0,0.0
2024-01-30 00:00:00-05:00,10.239999771118164,10.239999771118164,10.239999771118164,10.239999771118164,0,0.0,0.0
2024-01-31 00:00:00-05:00,10.25,10.25,10.25,10.25,3500,0.0,0.0
2024-02-01 00:00:00-05:00,10.25,10.25,10.25,10.25,0,0.0,0.0
2024-02-02 00:00:00-05:00,10.25,10.25,10.25,10.25,0,0.0,0.0
2024-02-05 00:00:00-05:00,10.25,10.25,10.25,10.25,0,0.0,0.0
2024-02-06 00:00:00-05:00,10.229999542236328,10.229999542236328,10.229999542236328,10.229999542236328,375000,0.0,0.0
2024-02-07 00:00:00-05:00,10.229999542236328,10.229999542236328,10.229999542236328,10.229999542236328,0,0.0,0.0
2024-02-08 00:00:00-05:00,10.229999542236328,10.229999542236328,10.229999542236328,10.229999542236328,0,0.0,0.0
2024-02-09 00:00:00-05:00,10.229999542236328,10.229999542236328,10.229999542236328,10.229999542236328,0,0.0,0.0
2024-02-12 00:00:00-05:00,10.25,10.25,10.244999885559082,10.244999885559082,2000,0.0,0.0
2024-02-13 00:00:00-05:00,10.25,10.25,10.25,10.25,100,0.0,0.0
2024-02-14 00:00:00-05:00,10.229999542236328,10.229999542236328,10.229999542236328,10.229999542236328,200,0.0,0.0
2024-02-15 00:00:00-05:00,10.229999542236328,10.229999542236328,10.229999542236328,10.229999542236328,100,0.0,0.0
2024-02-16 00:00:00-05:00,10.239999771118164,10.279999732971191,10.239999771118164,10.260000228881836,12400,0.0,0.0
2024-02-20 00:00:00-05:00,10.277000427246094,10.277000427246094,10.277000427246094,10.277000427246094,200,0.0,0.0
2024-02-21 00:00:00-05:00,10.265000343322754,10.265000343322754,10.265000343322754,10.265000343322754,200,0.0,0.0
2024-02-22 00:00:00-05:00,10.265000343322754,10.265000343322754,10.265000343322754,10.265000343322754,0,0.0,0.0
2024-02-23 00:00:00-05:00,10.25,10.25,10.25,10.25,500,0.0,0.0
2024-02-26 00:00:00-05:00,10.25,10.25,10.25,10.25,200,0.0,0.0
2024-02-27 00:00:00-05:00,10.25,10.279999732971191,10.25,10.279999732971191,11100,0.0,0.0
2024-02-28 00:00:00-05:00,10.260000228881836,10.260000228881836,10.260000228881836,10.260000228881836,200,0.0,0.0
2024-02-29 00:00:00-05:00,10.260000228881836,10.260000228881836,10.260000228881836,10.260000228881836,0,0.0,0.0
2024-03-01 00:00:00-05:00,10.260000228881836,10.260000228881836,10.260000228881836,10.260000228881836,0,0.0,0.0
2024-03-04 00:00:00-05:00,10.25,10.279999732971191,10.25,10.279999732971191,300,0.0,0.0
2024-03-05 00:00:00-05:00,10.279999732971191,10.279999732971191,10.279999732971191,10.279999732971191,0,0.0,0.0
2024-03-06 00:00:00-05:00,10.260000228881836,10.260000228881836,10.260000228881836,10.260000228881836,300,0.0,0.0
2024-03-07 00:00:00-05:00,10.279999732971191,10.279999732971191,10.279999732971191,10.279999732971191,300,0.0,0.0
2024-03-08 00:00:00-05:00,10.260000228881836,10.279999732971191,10.260000228881836,10.279999732971191,2600,0.0,0.0
2024-03-11 00:00:00-04:00,10.279999732971191,10.279999732971191,10.270000457763672,10.270000457763672,103300,0.0,0.0
2024-03-12 00:00:00-04:00,10.270000457763672,10.270000457763672,10.270000457763672,10.270000457763672,2700,0.0,0.0
2024-03-13 00:00:00-04:00,10.279999732971191,10.300000190734863,10.279999732971191,10.300000190734863,3200,0.0,0.0
2024-03-14 00:00:00-04:00,10.295000076293945,10.300000190734863,10.295000076293945,10.300000190734863,600,0.0,0.0
2024-03-15 00:00:00-04:00,10.305000305175781,10.305000305175781,10.305000305175781,10.305000305175781,200,0.0,0.0
2024-03-18 00:00:00-04:00,10.305000305175781,10.305000305175781,10.305000305175781,10.305000305175781,0,0.0,0.0
2024-03-19 00:00:00-04:00,10.305000305175781,10.305000305175781,10.305000305175781,10.305000305175781,0,0.0,0.0
2024-03-20 00:00:00-04:00,10.305000305175781,10.305000305175781,10.305000305175781,10.305000305175781,800,0.0,0.0
2024-03-21 00:00:00-04:00,10.305000305175781,10.305000305175781,10.305000305175781,10.305000305175781,0,0.0,0.0
2024-03-22 00:00:00-04:00,10.305000305175781,10.305000305175781,10.305000305175781,10.305000305175781,0,0.0,0.0
2024-03-25 00:00:00-04:00,10.305000305175781,10.305000305175781,10.305000305175781,10.305000305175781,0,0.0,0.0
2024-03-26 00:00:00-04:00,10.305000305175781,10.305000305175781,10.305000305175781,10.305000305175781,0,0.0,0.0
2024-03-27 00:00:00-04:00,10.300000190734863,10.300000190734863,10.300000190734863,10.300000190734863,300,0.0,0.0
2024-03-28 00:00:00-04:00,10.300000190734863,10.300000190734863,10.300000190734863,10.300000190734863,0,0.0,0.0
2024-04-01 00:00:00-04:00,10.300000190734863,10.3100004196167,10.300000190734863,10.3100004196167,200,0.0,0.0
2024-04-02 00:00:00-04:00,10.3100004196167,10.350000381469727,10.3100004196167,10.319999694824219,4500,0.0,0.0
2024-04-03 00:00:00-04:00,10.329000473022461,10.359999656677246,10.329000473022461,10.359999656677246,20200,0.0,0.0
2024-04-04 00:00:00-04:00,10.380000114440918,10.380000114440918,10.380000114440918,10.380000114440918,2200,0.0,0.0
2024-04-05 00:00:00-04:00,10.380000114440918,10.380000114440918,10.380000114440918,10.380000114440918,200,0.0,0.0
2024-04-08 00:00:00-04:00,10.380000114440918,10.380000114440918,10.380000114440918,10.380000114440918,0,0.0,0.0
2024-04-09 00:00:00-04:00,10.399999618530273,10.5,10.399999618530273,10.40999984741211,20700,0.0,0.0
2024-04-10 00:00:00-04:00,10.399999618530273,10.430000305175781,10.399999618530273,10.40999984741211,3100,0.0,0.0
2024-04-11 00:00:00-04:00,10.40999984741211,10.420000076293945,10.40999984741211,10.420000076293945,91500,0.0,0.0
2024-04-12 00:00:00-04:00,10.420000076293945,10.420000076293945,10.40999984741211,10.40999984741211,400,0.0,0.0
2024-04-15 00:00:00-04:00,10.430000305175781,10.5600004196167,10.430000305175781,10.510000228881836,616400,0.0,0.0
2024-04-16 00:00:00-04:00,10.550000190734863,10.550000190734863,10.529999732971191,10.529999732971191,3400,0.0,0.0
2024-04-17 00:00:00-04:00,10.529999732971191,10.529999732971191,10.529999732971191,10.529999732971191,0,0.0,0.0
2024-04-18 00:00:00-04:00,10.529999732971191,10.529999732971191,10.529999732971191,10.529999732971191,0,0.0,0.0
2024-04-19 00:00:00-04:00,10.510000228881836,10.51099967956543,10.479999542236328,10.510000228881836,4500,0.0,0.0
2024-04-22 00:00:00-04:00,10.510000228881836,10.510000228881836,10.510000228881836,10.510000228881836,0,0.0,0.0
2024-04-23 00:00:00-04:00,10.510000228881836,10.510000228881836,10.510000228881836,10.510000228881836,0,0.0,0.0
2024-04-24 00:00:00-04:00,10.510000228881836,10.510000228881836,10.510000228881836,10.510000228881836,0,0.0,0.0
2024-04-25 00:00:00-04:00,10.510000228881836,10.510000228881836,10.510000228881836,10.510000228881836,0,0.0,0.0
2024-04-26 00:00:00-04:00,10.510000228881836,10.510000228881836,10.510000228881836,10.510000228881836,0,0.0,0.0
2024-04-29 00:00:00-04:00,10.470000267028809,10.5,10.470000267028809,10.5,500,0.0,0.0
2024-04-30 00:00:00-04:00,10.5,10.5,10.5,10.5,0,0.0,0.0
2024-05-01 00:00:00-04:00,10.479999542236328,10.479999542236328,10.449999809265137,10.449999809265137,2100,0.0,0.0
2024-05-02 00:00:00-04:00,10.5,10.5,10.5,10.5,27400,0.0,0.0
2024-05-03 00:00:00-04:00,10.5,10.5,10.5,10.5,0,0.0,0.0
2024-05-06 00:00:00-04:00,10.5,10.5,10.5,10.5,600,0.0,0.0
2024-05-07 00:00:00-04:00,10.529999732971191,10.539999961853027,10.479999542236328,10.5,13200,0.0,0.0
2024-05-08 00:00:00-04:00,10.5,10.5,10.489999771118164,10.5,40100,0.0,0.0
2024-05-09 00:00:00-04:00,10.5,10.5,10.489999771118164,10.489999771118164,112400,0.0,0.0
2024-05-10 00:00:00-04:00,10.5,10.5,10.5,10.5,13400,0.0,0.0
2024-05-13 00:00:00-04:00,10.510000228881836,10.550000190734863,10.489999771118164,10.489999771118164,15000,0.0,0.0
2024-05-14 00:00:00-04:00,10.489999771118164,10.489999771118164,10.489999771118164,10.489999771118164,0,0.0,0.0
2024-05-15 00:00:00-04:00,10.489999771118164,10.489999771118164,10.489999771118164,10.489999771118164,0,0.0,0.0
2024-05-16 00:00:00-04:00,10.539999961853027,10.539999961853027,10.539999961853027,10.539999961853027,800,0.0,0.0
2024-05-17 00:00:00-04:00,10.550000190734863,10.579999923706055,10.489999771118164,10.5,77300,0.0,0.0
2024-05-20 00:00:00-04:00,10.510000228881836,10.520000457763672,10.505000114440918,10.510000228881836,13600,0.0,0.0
2024-05-21 00:00:00-04:00,10.510000228881836,10.510000228881836,10.510000228881836,10.510000228881836,0,0.0,0.0
2024-05-22 00:00:00-04:00,10.520000457763672,10.520000457763672,10.510000228881836,10.510000228881836,700,0.0,0.0
2024-05-23 00:00:00-04:00,10.520000457763672,10.600000381469727,10.489999771118164,10.539999961853027,62900,0.0,0.0
2024-05-24 00:00:00-04:00,10.550000190734863,10.569999694824219,10.529999732971191,10.569999694824219,15000,0.0,0.0
2024-05-28 00:00:00-04:00,10.552000045776367,10.59000015258789,10.539999961853027,10.59000015258789,16600,0.0,0.0
2024-05-29 00:00:00-04:00,10.585000038146973,10.619999885559082,10.585000038146973,10.619999885559082,7100,0.0,0.0
2024-05-30 00:00:00-04:00,10.5600004196167,10.5600004196167,10.5600004196167,10.5600004196167,1300,0.0,0.0
2024-05-31 00:00:00-04:00,10.595000267028809,10.630000114440918,10.595000267028809,10.630000114440918,5400,0.0,0.0
2024-06-03 00:00:00-04:00,10.600000381469727,10.640000343322754,10.579999923706055,10.640000343322754,12400,0.0,0.0
2024-06-04 00:00:00-04:00,10.640000343322754,10.640000343322754,10.600000381469727,10.640000343322754,3100,0.0,0.0
2024-06-05 00:00:00-04:00,10.605999946594238,10.640000343322754,10.600000381469727,10.640000343322754,4700,0.0,0.0
2024-06-06 00:00:00-04:00,10.619999885559082,10.619999885559082,10.600000381469727,10.619999885559082,5500,0.0,0.0
2024-06-07 00:00:00-04:00,10.619999885559082,10.619999885559082,10.619999885559082,10.619999885559082,500,0.0,0.0
2024-06-10 00:00:00-04:00,10.619999885559082,10.619999885559082,10.619999885559082,10.619999885559082,0,0.0,0.0
2024-06-11 00:00:00-04:00,10.619999885559082,10.619999885559082,10.609999656677246,10.619999885559082,3300,0.0,0.0
2024-06-12 00:00:00-04:00,10.619999885559082,10.619999885559082,10.619999885559082,10.619999885559082,0,0.0,0.0
2024-06-13 00:00:00-04:00,10.600000381469727,10.609999656677246,10.59000015258789,10.604999542236328,50300,0.0,0.0
2024-06-14 00:00:00-04:00,10.609999656677246,10.619999885559082,10.59000015258789,10.600000381469727,72400,0.0,0.0
2024-06-17 00:00:00-04:00,10.600000381469727,10.600000381469727,10.595999717712402,10.595999717712402,1100,0.0,0.0
2024-06-18 00:00:00-04:00,10.59000015258789,10.59000015258789,10.58899974822998,10.59000015258789,6000,0.0,0.0
2024-06-20 00:00:00-04:00,10.600000381469727,10.600000381469727,10.59000015258789,10.59000015258789,6600,0.0,0.0
2024-06-21 00:00:00-04:00,10.600000381469727,10.600000381469727,10.569999694824219,10.59000015258789,5400,0.0,0.0
2024-06-24 00:00:00-04:00,10.4399995803833,10.4399995803833,10.420000076293945,10.4399995803833,3500,0.0,0.0
2024-06-25 00:00:00-04:00,10.4399995803833,10.4399995803833,10.4399995803833,10.4399995803833,0,0.0,0.0
2024-06-26 00:00:00-04:00,10.505000114440918,10.588000297546387,10.505000114440918,10.588000297546387,1200,0.0,0.0
2024-06-27 00:00:00-04:00,10.588000297546387,10.588000297546387,10.588000297546387,10.588000297546387,142300,0.0,0.0
2024-06-28 00:00:00-04:00,10.588000297546387,10.588000297546387,10.588000297546387,10.588000297546387,107800,0.0,0.0
2024-07-01 00:00:00-04:00,10.600000381469727,10.640000343322754,10.59000015258789,10.619999885559082,6100,0.0,0.0
2024-07-02 00:00:00-04:00,10.619999885559082,10.619999885559082,10.619999885559082,10.619999885559082,0,0.0,0.0
2024-07-03 00:00:00-04:00,10.619999885559082,10.619999885559082,10.619999885559082,10.619999885559082,0,0.0,0.0
2024-07-05 00:00:00-04:00,10.539999961853027,10.5649995803833,10.539999961853027,10.5649995803833,800,0.0,0.0
2024-07-08 00:00:00-04:00,10.5649995803833,10.5649995803833,10.5649995803833,10.5649995803833,0,0.0,0.0
2024-07-09 00:00:00-04:00,10.600000381469727,10.600000381469727,10.600000381469727,10.600000381469727,200,0.0,0.0
2024-07-10 00:00:00-04:00,10.600000381469727,10.600000381469727,10.600000381469727,10.600000381469727,0,0.0,0.0
2024-07-11 00:00:00-04:00,10.550000190734863,10.609999656677246,10.550000190734863,10.609999656677246,4400,0.0,0.0
2024-07-12 00:00:00-04:00,10.550000190734863,10.574999809265137,10.550000190734863,10.550000190734863,29100,0.0,0.0
2024-07-15 00:00:00-04:00,10.600000381469727,10.600000381469727,10.539999961853027,10.539999961853027,9400,0.0,0.0
2024-07-16 00:00:00-04:00,10.545000076293945,10.579999923706055,10.520000457763672,10.520000457763672,34900,0.0,0.0
2024-07-17 00:00:00-04:00,10.550000190734863,10.550000190734863,10.520000457763672,10.520000457763672,7000,0.0,0.0
2024-07-18 00:00:00-04:00,10.520000457763672,10.53499984741211,10.520000457763672,10.520000457763672,3000,0.0,0.0
2024-07-19 00:00:00-04:00,10.520000457763672,10.520000457763672,10.520000457763672,10.520000457763672,0,0.0,0.0
2024-07-22 00:00:00-04:00,10.510000228881836,10.51099967956543,10.5,10.5,12800,0.0,0.0
2024-07-23 00:00:00-04:00,10.515000343322754,10.520000457763672,10.515000343322754,10.520000457763672,700,0.0,0.0
2024-07-24 00:00:00-04:00,10.5,10.5,10.5,10.5,33100,0.0,0.0
2024-07-25 00:00:00-04:00,10.489999771118164,10.489999771118164,10.489999771118164,10.489999771118164,100,0.0,0.0
2024-07-26 00:00:00-04:00,10.489999771118164,10.489999771118164,10.489999771118164,10.489999771118164,0,0.0,0.0
2024-07-29 00:00:00-04:00,10.510000228881836,10.510000228881836,10.510000228881836,10.510000228881836,100,0.0,0.0
2024-07-30 00:00:00-04:00,10.510000228881836,10.510000228881836,10.510000228881836,10.510000228881836,0,0.0,0.0
2024-07-31 00:00:00-04:00,10.510000228881836,10.510000228881836,10.510000228881836,10.510000228881836,0,0.0,0.0
2024-08-01 00:00:00-04:00,10.529999732971191,10.529999732971191,10.5,10.5,20700,0.0,0.0
2024-08-02 00:00:00-04:00,10.510000228881836,10.510000228881836,10.510000228881836,10.510000228881836,100,0.0,0.0
2024-08-05 00:00:00-04:00,10.489999771118164,10.510000228881836,10.489999771118164,10.489999771118164,3800,0.0,0.0
2024-08-06 00:00:00-04:00,10.529999732971191,10.529999732971191,10.529999732971191,10.529999732971191,1100,0.0,0.0
2024-08-07 00:00:00-04:00,10.529999732971191,10.529999732971191,10.510000228881836,10.510000228881836,1200,0.0,0.0
2024-08-08 00:00:00-04:00,10.510000228881836,10.510000228881836,10.510000228881836,10.510000228881836,1400,0.0,0.0
2024-08-09 00:00:00-04:00,10.524999618530273,10.529999732971191,10.524999618530273,10.529999732971191,400,0.0,0.0
2024-08-12 00:00:00-04:00,10.529999732971191,10.529999732971191,10.529999732971191,10.529999732971191,0,0.0,0.0
2024-08-13 00:00:00-04:00,10.529999732971191,10.529999732971191,10.529999732971191,10.529999732971191,0,0.0,0.0
2024-08-14 00:00:00-04:00,10.529999732971191,10.529999732971191,10.529999732971191,10.529999732971191,0,0.0,0.0
2024-08-15 00:00:00-04:00,10.529999732971191,10.529999732971191,10.529999732971191,10.529999732971191,0,0.0,0.0
2024-08-16 00:00:00-04:00,10.5,10.5,10.5,10.5,31200,0.0,0.0
2024-08-19 00:00:00-04:00,10.510000228881836,10.510000228881836,10.510000228881836,10.510000228881836,1100,0.0,0.0
2024-08-20 00:00:00-04:00,10.510000228881836,10.510000228881836,10.510000228881836,10.510000228881836,0,0.0,0.0
2024-08-21 00:00:00-04:00,10.489999771118164,10.489999771118164,10.489999771118164,10.489999771118164,1200,0.0,0.0
2024-08-22 00:00:00-04:00,10.489999771118164,10.489999771118164,10.489999771118164,10.489999771118164,0,0.0,0.0
2024-08-23 00:00:00-04:00,10.489999771118164,10.489999771118164,10.489999771118164,10.489999771118164,0,0.0,0.0
2024-08-26 00:00:00-04:00,10.489999771118164,10.489999771118164,10.489999771118164,10.489999771118164,0,0.0,0.0
2024-08-27 00:00:00-04:00,10.489999771118164,10.489999771118164,10.489999771118164,10.489999771118164,0,0.0,0.0
2024-08-28 00:00:00-04:00,10.489999771118164,10.489999771118164,10.489999771118164,10.489999771118164,0,0.0,0.0
2024-08-29 00:00:00-04:00,10.489999771118164,10.489999771118164,10.489999771118164,10.489999771118164,1200,0.0,0.0
2024-08-30 00:00:00-04:00,10.489999771118164,10.489999771118164,10.489999771118164,10.489999771118164,100,0.0,0.0
2024-09-03 00:00:00-04:00,10.489999771118164,10.489999771118164,10.489999771118164,10.489999771118164,0,0.0,0.0
2024-09-04 00:00:00-04:00,10.489999771118164,10.489999771118164,10.489999771118164,10.489999771118164,0,0.0,0.0
2024-09-05 00:00:00-04:00,10.489999771118164,10.489999771118164,10.489999771118164,10.489999771118164,0,0.0,0.0
2024-09-06 00:00:00-04:00,10.489999771118164,10.489999771118164,10.489999771118164,10.489999771118164,0,0.0,0.0
2024-09-09 00:00:00-04:00,10.489999771118164,10.489999771118164,10.489999771118164,10.489999771118164,0,0.0,0.0
2024-09-10 00:00:00-04:00,10.489999771118164,10.489999771118164,10.489999771118164,10.489999771118164,0,0.0,0.0
2024-09-11 00:00:00-04:00,10.489999771118164,10.489999771118164,10.489999771118164,10.489999771118164,0,0.0,0.0
2024-09-12 00:00:00-04:00,10.489999771118164,10.489999771118164,10.489999771118164,10.489999771118164,0,0.0,0.0
2024-09-13 00:00:00-04:00,10.489999771118164,10.489999771118164,10.489999771118164,10.489999771118164,0,0.0,0.0
2024-09-16 00:00:00-04:00,10.489999771118164,10.489999771118164,10.489999771118164,10.489999771118164,0,0.0,0.0
2024-09-17 00:00:00-04:00,10.489999771118164,10.489999771118164,10.489999771118164,10.489999771118164,0,0.0,0.0
2024-09-18 00:00:00-04:00,10.489999771118164,10.489999771118164,10.489999771118164,10.489999771118164,0,0.0,0.0
2024-09-19 00:00:00-04:00,10.489999771118164,10.489999771118164,10.489999771118164,10.489999771118164,0,0.0,0.0
2024-09-20 00:00:00-04:00,10.489999771118164,10.489999771118164,10.489999771118164,10.489999771118164,300,0.0,0.0
2024-09-23 00:00:00-04:00,10.520000457763672,10.520000457763672,10.520000457763672,10.520000457763672,500,0.0,0.0
2024-09-24 00:00:00-04:00,10.520000457763672,10.520000457763672,10.520000457763672,10.520000457763672,200,0.0,0.0
2024-09-25 00:00:00-04:00,10.520000457763672,10.520000457763672,10.520000457763672,10.520000457763672,0,0.0,0.0
2024-09-26 00:00:00-04:00,10.529999732971191,10.539999961853027,10.510000228881836,10.510000228881836,5800,0.0,0.0
2024-09-27 00:00:00-04:00,10.527999877929688,10.527999877929688,10.527999877929688,10.527999877929688,500,0.0,0.0
2024-09-30 00:00:00-04:00,10.527999877929688,10.527999877929688,10.527999877929688,10.527999877929688,800,0.0,0.0
2024-10-01 00:00:00-04:00,10.520000457763672,10.550000190734863,10.520000457763672,10.550000190734863,5100,0.0,0.0
2024-10-02 00:00:00-04:00,10.529999732971191,10.529999732971191,10.520000457763672,10.520000457763672,4100,0.0,0.0
2024-10-03 00:00:00-04:00,10.550000190734863,10.550000190734863,10.550000190734863,10.550000190734863,300,0.0,0.0
2024-10-04 00:00:00-04:00,10.550000190734863,10.550000190734863,10.550000190734863,10.550000190734863,300,0.0,0.0
2024-10-07 00:00:00-04:00,10.548999786376953,10.579000473022461,10.548999786376953,10.550000190734863,5300,0.0,0.0
2024-10-08 00:00:00-04:00,10.550000190734863,10.550000190734863,10.550000190734863,10.550000190734863,0,0.0,0.0
2024-10-09 00:00:00-04:00,10.550000190734863,10.550000190734863,10.550000190734863,10.550000190734863,0,0.0,0.0
2024-10-10 00:00:00-04:00,10.550000190734863,10.550000190734863,10.550000190734863,10.550000190734863,0,0.0,0.0
2024-10-11 00:00:00-04:00,10.550000190734863,10.569999694824219,10.539999961853027,10.550000190734863,2600,0.0,0.0
2024-10-14 00:00:00-04:00,10.539999961853027,10.550000190734863,10.539999961853027,10.550000190734863,7300,0.0,0.0
2024-10-15 00:00:00-04:00,10.5600004196167,10.569999694824219,10.550000190734863,10.550000190734863,4100,0.0,0.0
2024-10-16 00:00:00-04:00,10.550000190734863,10.550000190734863,10.550000190734863,10.550000190734863,0,0.0,0.0
2024-10-17 00:00:00-04:00,10.569999694824219,10.569999694824219,10.539999961853027,10.539999961853027,400,0.0,0.0
2024-10-18 00:00:00-04:00,10.598999977111816,10.598999977111816,10.598999977111816,10.598999977111816,500,0.0,0.0
2024-10-21 00:00:00-04:00,10.569999694824219,10.600000381469727,10.569999694824219,10.600000381469727,2200,0.0,0.0
2024-10-22 00:00:00-04:00,10.600000381469727,10.600000381469727,10.600000381469727,10.600000381469727,100,0.0,0.0
2024-10-23 00:00:00-04:00,10.600000381469727,10.600000381469727,10.600000381469727,10.600000381469727,500,0.0,0.0
2024-10-24 00:00:00-04:00,10.600000381469727,10.600000381469727,10.600000381469727,10.600000381469727,0,0.0,0.0
2024-10-25 00:00:00-04:00,10.600000381469727,10.600000381469727,10.600000381469727,10.600000381469727,0,0.0,0.0
2024-10-28 00:00:00-04:00,10.600000381469727,10.600000381469727,10.600000381469727,10.600000381469727,400,0.0,0.0
2024-10-29 00:00:00-04:00,10.600000381469727,10.600000381469727,10.600000381469727,10.600000381469727,0,0.0,0.0
2024-10-30 00:00:00-04:00,10.600000381469727,10.600000381469727,10.600000381469727,10.600000381469727,0,0.0,0.0
2024-10-31 00:00:00-04:00,10.5600004196167,10.5600004196167,10.550999641418457,10.550999641418457,500,0.0,0.0
2024-11-01 00:00:00-04:00,10.59000015258789,10.59000015258789,10.59000015258789,10.59000015258789,100,0.0,0.0
2024-11-04 00:00:00-05:00,10.59000015258789,10.59000015258789,10.59000015258789,10.59000015258789,0,0.0,0.0
2024-11-05 00:00:00-05:00,10.59000015258789,10.59000015258789,10.59000015258789,10.59000015258789,0,0.0,0.0
2024-11-06 00:00:00-05:00,10.59000015258789,10.59000015258789,10.59000015258789,10.59000015258789,0,0.0,0.0
2024-11-07 00:00:00-05:00,10.59000015258789,10.59000015258789,10.59000015258789,10.59000015258789,0,0.0,0.0
2024-11-08 00:00:00-05:00,10.59000015258789,10.59000015258789,10.59000015258789,10.59000015258789,0,0.0,0.0
2024-11-11 00:00:00-05:00,10.59000015258789,10.59000015258789,10.59000015258789,10.59000015258789,0,0.0,0.0
2024-11-12 00:00:00-05:00,10.600000381469727,10.600000381469727,10.600000381469727,10.600000381469727,5900,0.0,0.0
2024-11-13 00:00:00-05:00,10.680000305175781,10.960000038146973,10.649999618530273,10.760000228881836,373000,0.0,0.0
2024-11-14 00:00:00-05:00,10.819999694824219,11.289999961853027,10.819999694824219,11.149999618530273,116800,0.0,0.0
2024-11-15 00:00:00-05:00,11.282999992370605,11.289999961853027,11.100000381469727,11.109999656677246,40900,0.0,0.0
2024-11-18 00:00:00-05:00,11.220000267028809,11.25,11.010000228881836,11.100000381469727,66600,0.0,0.0
2024-11-19 00:00:00-05:00,11.199999809265137,11.25,11.079999923706055,11.229999542236328,438000,0.0,0.0
2024-11-20 00:00:00-05:00,11.15999984741211,11.279999732971191,11.149999618530273,11.25,464300,0.0,0.0
2024-11-21 00:00:00-05:00,11.399999618530273,11.675000190734863,11.399999618530273,11.524999618530273,93700,0.0,0.0
2024-11-22 00:00:00-05:00,11.600000381469727,11.600000381469727,11.319999694824219,11.420000076293945,51100,0.0,0.0
2024-11-25 00:00:00-05:00,11.5,11.510000228881836,11.390000343322754,11.395000457763672,76000,0.0,0.0
2024-11-26 00:00:00-05:00,11.35099983215332,11.385000228881836,11.34000015258789,11.350000381469727,75400,0.0,0.0
2024-11-27 00:00:00-05:00,11.256999969482422,11.260000228881836,10.609999656677246,10.954999923706055,51300,0.0,0.0
2024-11-29 00:00:00-05:00,11.0600004196167,11.130999565124512,10.930000305175781,10.9399995803833,35500,0.0,0.0
2024-12-02 00:00:00-05:00,11.109999656677246,11.208000183105469,10.710000038146973,11.119999885559082,205600,0.0,0.0
2024-12-03 00:00:00-05:00,11.489999771118164,11.489999771118164,11.010000228881836,11.039999961853027,161600,0.0,0.0
2024-12-04 00:00:00-05:00,11.180000305175781,13.539999961853027,11.119999885559082,12.520000457763672,772800,0.0,0.0
2024-12-05 00:00:00-05:00,13.0,13.739999771118164,12.630000114440918,13.5,262200,0.0,0.0
2024-12-06 00:00:00-05:00,14.050000190734863,14.989999771118164,13.5,13.880000114440918,246100,0.0,0.0
2024-12-09 00:00:00-05:00,14.1899995803833,14.1899995803833,13.300000190734863,13.399999618530273,102900,0.0,0.0
2024-12-10 00:00:00-05:00,13.850000381469727,13.942999839782715,11.899999618530273,12.239999771118164,88400,0.0,0.0
2024-12-11 00:00:00-05:00,14.25,14.420000076293945,12.010000228881836,13.350000381469727,450200,0.0,0.0
2024-12-12 00:00:00-05:00,13.859999656677246,13.989999771118164,13.380000114440918,13.600000381469727,345400,0.0,0.0
2024-12-13 00:00:00-05:00,13.800000190734863,13.800000190734863,11.402999877929688,12.029999732971191,346300,0.0,0.0
2024-12-16 00:00:00-05:00,12.0600004196167,12.550000190734863,10.670000076293945,10.670000076293945,286600,0.0,0.0
2024-12-17 00:00:00-05:00,10.699999809265137,10.800000190734863,9.260000228881836,9.569999694824219,252700,0.0,0.0
2024-12-18 00:00:00-05:00,9.25,9.65999984741211,8.149999618530273,8.3100004196167,221800,0.0,0.0
2024-12-19 00:00:00-05:00,8.199999809265137,8.47700023651123,7.611000061035156,8.359999656677246,111300,0.0,0.0
2024-12-20 00:00:00-05:00,8.779999732971191,8.989999771118164,8.079999923706055,8.1899995803833,94800,0.0,0.0
2024-12-23 00:00:00-05:00,8.4399995803833,8.800000190734863,6.550000190734863,6.889999866485596,140400,0.0,0.0
2024-12-24 00:00:00-05:00,7.0,8.0,6.800000190734863,7.699999809265137,94700,0.0,0.0
2024-12-26 00:00:00-05:00,7.699999809265137,8.600000381469727,7.699999809265137,8.40999984741211,158200,0.0,0.0
2024-12-27 00:00:00-05:00,8.5,8.694999694824219,8.269000053405762,8.5,55500,0.0,0.0
2024-12-30 00:00:00-05:00,9.260000228881836,9.279999732971191,8.760000228881836,8.859999656677246,347000,0.0,0.0
2024-12-31 00:00:00-05:00,9.1899995803833,9.1899995803833,8.770000457763672,8.890000343322754,92300,0.0,0.0
2025-01-02 00:00:00-05:00,9.199999809265137,9.279999732971191,8.399999618530273,8.5,85200,0.0,0.0
2025-01-03 00:00:00-05:00,8.75,8.90999984741211,8.5,8.640000343322754,52400,0.0,0.0
2025-01-06 00:00:00-05:00,9.0,9.029999732971191,8.649999618530273,8.90999984741211,114000,0.0,0.0
2025-01-07 00:00:00-05:00,8.960000038146973,9.039999961853027,8.609999656677246,8.890000343322754,99700,0.0,0.0
2025-01-08 00:00:00-05:00,8.789999961853027,8.949999809265137,8.649999618530273,8.899999618530273,100100,0.0,0.0
2025-01-10 00:00:00-05:00,8.949999809265137,8.970000267028809,8.600000381469727,8.729999542236328,118800,0.0,0.0
2025-01-13 00:00:00-05:00,8.75,8.899999618530273,6.849999904632568,7.199999809265137,186000,0.0,0.0
2025-01-14 00:00:00-05:00,7.960000038146973,8.180000305175781,7.40500020980835,7.71999979019165,74100,0.0,0.0
2025-01-15 00:00:00-05:00,8.0,9.305000305175781,8.0,8.960000038146973,102100,0.0,0.0
2025-01-16 00:00:00-05:00,9.0,9.289999961853027,8.755000114440918,8.9399995803833,126700,0.0,0.0
2025-01-17 00:00:00-05:00,9.239999771118164,10.187999725341797,9.008999824523926,9.819999694824219,153800,0.0,0.0
2025-01-21 00:00:00-05:00,10.399999618530273,10.520000457763672,9.020000457763672,9.149999618530273,186000,0.0,0.0
2025-01-22 00:00:00-05:00,9.149999618530273,9.90999984741211,9.039999961853027,9.569999694824219,105400,0.0,0.0
2025-01-23 00:00:00-05:00,9.890000343322754,9.890000343322754,9.329999923706055,9.5600004196167,88700,0.0,0.0
2025-01-24 00:00:00-05:00,9.739999771118164,9.89799976348877,9.40999984741211,9.550000190734863,62900,0.0,0.0
2025-01-27 00:00:00-05:00,9.4399995803833,9.449999809265137,8.710000038146973,9.020000457763672,99300,0.0,0.0
2025-01-28 00:00:00-05:00,9.020000457763672,9.15999984741211,8.6899995803833,8.869999885559082,33000,0.0,0.0
2025-01-29 00:00:00-05:00,8.930000305175781,9.142999649047852,8.40999984741211,8.510000228881836,33700,0.0,0.0
2025-01-30 00:00:00-05:00,8.550000190734863,9.345000267028809,8.383000373840332,8.899999618530273,55200,0.0,0.0
2025-01-31 00:00:00-05:00,8.850000381469727,8.970000267028809,8.5,8.5600004196167,30600,0.0,0.0
2025-02-03 00:00:00-05:00,8.399999618530273,8.614999771118164,8.15999984741211,8.15999984741211,42500,0.0,0.0
2025-02-04 00:00:00-05:00,8.079999923706055,8.470000267028809,7.801000118255615,8.420000076293945,64700,0.0,0.0
2025-02-05 00:00:00-05:00,8.399999618530273,8.4399995803833,7.849999904632568,7.860000133514404,56800,0.0,0.0
2025-02-06 00:00:00-05:00,7.880000114440918,8.25,7.880000114440918,7.900000095367432,41500,0.0,0.0
2025-02-07 00:00:00-05:00,8.050000190734863,8.149999618530273,7.320000171661377,7.5,110800,0.0,0.0
2025-02-10 00:00:00-05:00,7.53000020980835,7.789999961853027,7.510000228881836,7.510000228881836,31900,0.0,0.0
2025-02-11 00:00:00-05:00,7.590000152587891,7.670000076293945,7.519999980926514,7.559999942779541,33100,0.0,0.0
2025-02-12 00:00:00-05:00,7.550000190734863,7.590000152587891,6.900000095367432,7.03000020980835,111600,0.0,0.0
2025-02-13 00:00:00-05:00,7.059999942779541,7.5,7.059999942779541,7.5,33500,0.0,0.0
2025-02-14 00:00:00-05:00,7.5,7.702000141143799,7.110000133514404,7.179999828338623,36000,0.0,0.0
2025-02-18 00:00:00-05:00,7.190000057220459,7.349999904632568,7.0,7.269999980926514,52900,0.0,0.0
2025-02-19 00:00:00-05:00,7.269999980926514,7.400000095367432,7.0229997634887695,7.03000020980835,34300,0.0,0.0
2025-02-20 00:00:00-05:00,7.110000133514404,7.175000190734863,6.809999942779541,6.820000171661377,28200,0.0,0.0
2025-02-21 00:00:00-05:00,6.949999809265137,7.000999927520752,6.320000171661377,6.320000171661377,55100,0.0,0.0
2025-02-24 00:00:00-05:00,6.360000133514404,6.400000095367432,5.989999771118164,6.019999980926514,48500,0.0,0.0
2025-02-25 00:00:00-05:00,6.0,6.296999931335449,5.9029998779296875,6.099999904632568,33300,0.0,0.0
2025-02-26 00:00:00-05:00,6.28000020980835,7.340000152587891,6.099999904632568,7.110000133514404,53600,0.0,0.0
2025-02-27 00:00:00-05:00,7.099999904632568,7.420000076293945,6.724999904632568,6.940000057220459,33500,0.0,0.0
2025-02-28 00:00:00-05:00,6.940000057220459,6.940000057220459,6.599999904632568,6.710000038146973,8800,0.0,0.0
2025-03-03 00:00:00-05:00,6.980000019073486,7.769999980926514,6.550000190734863,6.730000019073486,42700,0.0,0.0
2025-03-04 00:00:00-05:00,6.679999828338623,6.679999828338623,6.099999904632568,6.269999980926514,55800,0.0,0.0
2025-03-05 00:00:00-05:00,6.230000019073486,6.440000057220459,6.090000152587891,6.199999809265137,45800,0.0,0.0
2025-03-06 00:00:00-05:00,6.150000095367432,6.199999809265137,5.868000030517578,5.949999809265137,34800,0.0,0.0
2025-03-07 00:00:00-05:00,6.21999979019165,6.784999847412109,6.079999923706055,6.769999980926514,36500,0.0,0.0
2025-03-10 00:00:00-04:00,6.789999961853027,6.789999961853027,5.900000095367432,6.0,41800,0.0,0.0
2025-03-11 00:00:00-04:00,6.0,6.35699987411499,5.690000057220459,6.150000095367432,57700,0.0,0.0
2025-03-12 00:00:00-04:00,6.199999809265137,6.699999809265137,6.199999809265137,6.440000057220459,28500,0.0,0.0
2025-03-13 00:00:00-04:00,6.5,6.940000057220459,6.111000061035156,6.150000095367432,22000,0.0,0.0
2025-03-14 00:00:00-04:00,6.309999942779541,6.860000133514404,6.300000190734863,6.53000020980835,14600,0.0,0.0
2025-03-17 00:00:00-04:00,6.619999885559082,6.84499979019165,6.170000076293945,6.579999923706055,26700,0.0,0.0
2025-03-18 00:00:00-04:00,6.400000095367432,6.489999771118164,6.019999980926514,6.099999904632568,35900,0.0,0.0
2025-03-19 00:00:00-04:00,6.269999980926514,6.363999843597412,5.800000190734863,5.880000114440918,41100,0.0,0.0
2025-03-20 00:00:00-04:00,5.869999885559082,6.099999904632568,5.639999866485596,5.75,16500,0.0,0.0
2025-03-21 00:00:00-04:00,5.900000095367432,6.09499979019165,5.670000076293945,6.039999961853027,20800,0.0,0.0
2025-03-24 00:00:00-04:00,6.150000095367432,6.179999828338623,5.802000045776367,6.179999828338623,38700,0.0,0.0
2025-03-25 00:00:00-04:00,6.010000228881836,6.056000232696533,5.710000038146973,5.800000190734863,22900,0.0,0.0
2025-03-26 00:00:00-04:00,5.75,5.840000152587891,5.539999961853027,5.670000076293945,32500,0.0,0.0
2025-03-27 00:00:00-04:00,5.679999828338623,5.869999885559082,5.329999923706055,5.429999828338623,34300,0.0,0.0
2025-03-28 00:00:00-04:00,5.369999885559082,5.420000076293945,5.010000228881836,5.159999847412109,40800,0.0,0.0
2025-03-31 00:00:00-04:00,5.0,5.09499979019165,4.75,5.079999923706055,32000,0.0,0.0
2025-04-01 00:00:00-04:00,4.929999828338623,5.78000020980835,4.820000171661377,5.429999828338623,28400,0.0,0.0
2025-04-02 00:00:00-04:00,5.429999828338623,5.599999904632568,5.159999847412109,5.550000190734863,19400,0.0,0.0
2025-04-03 00:00:00-04:00,5.519999980926514,5.519999980926514,4.888000011444092,4.900000095367432,55900,0.0,0.0
2025-04-04 00:00:00-04:00,4.690000057220459,4.869999885559082,4.21999979019165,4.46999979019165,67600,0.0,0.0
2025-04-07 00:00:00-04:00,4.46999979019165,4.986000061035156,4.449999809265137,4.599999904632568,47500,0.0,0.0
2025-04-08 00:00:00-04:00,4.809999942779541,4.829999923706055,4.300000190734863,4.369999885559082,28000,0.0,0.0
2025-04-09 00:00:00-04:00,4.389999866485596,5.389999866485596,4.250999927520752,5.28000020980835,35400,0.0,0.0
2025-04-10 00:00:00-04:00,5.090000152587891,5.090000152587891,4.809999942779541,4.880000114440918,11300,0.0,0.0
2025-04-11 00:00:00-04:00,5.0,5.5,4.699999809265137,4.96999979019165,51200,0.0,0.0
2025-04-14 00:00:00-04:00,5.269999980926514,5.690000057220459,5.019999980926514,5.5,61500,0.0,0.0
2025-04-15 00:00:00-04:00,5.860000133514404,5.860000133514404,5.0,5.190000057220459,61000,0.0,0.0
2025-04-16 00:00:00-04:00,5.199999809265137,6.264999866485596,5.199999809265137,6.099999904632568,55500,0.0,0.0
2025-04-17 00:00:00-04:00,6.0,6.111000061035156,5.702000141143799,5.840000152587891,24100,0.0,0.0
2025-04-21 00:00:00-04:00,5.699999809265137,6.110000133514404,5.699999809265137,6.050000190734863,12200,0.0,0.0
2025-04-22 00:00:00-04:00,6.239999771118164,7.480000019073486,6.150000095367432,7.369999885559082,95300,0.0,0.0
2025-04-23 00:00:00-04:00,7.599999904632568,7.900000095367432,7.010000228881836,7.559999942779541,213300,0.0,0.0
2025-04-24 00:00:00-04:00,7.5,7.875,6.849999904632568,7.349999904632568,49600,0.0,0.0
2025-04-25 00:00:00-04:00,7.349999904632568,8.180000305175781,7.09499979019165,7.900000095367432,74600,0.0,0.0
2025-04-28 00:00:00-04:00,8.0,8.0,7.291999816894531,7.440000057220459,40200,0.0,0.0
2025-04-29 00:00:00-04:00,7.5,7.510000228881836,7.070000171661377,7.400000095367432,23400,0.0,0.0
2025-04-30 00:00:00-04:00,7.400000095367432,7.599999904632568,6.849999904632568,7.010000228881836,55600,0.0,0.0
2025-05-01 00:00:00-04:00,6.940000057220459,7.630000114440918,6.849999904632568,7.480000019073486,48700,0.0,0.0
2025-05-02 00:00:00-04:00,7.690000057220459,7.840000152587891,7.360000133514404,7.75,32000,0.0,0.0
2025-05-05 00:00:00-04:00,7.800000190734863,7.800000190734863,7.440000057220459,7.590000152587891,7800,0.0,0.0
2025-05-06 00:00:00-04:00,7.590000152587891,7.869999885559082,7.425000190734863,7.78000020980835,24800,0.0,0.0
2025-05-07 00:00:00-04:00,7.769999980926514,7.989999771118164,7.571000099182129,7.75,18800,0.0,0.0
2025-05-08 00:00:00-04:00,7.900000095367432,7.989999771118164,7.739999771118164,7.800000190734863,20700,0.0,0.0
2025-05-09 00:00:00-04:00,7.800000190734863,9.100000381469727,7.4029998779296875,8.880000114440918,268600,0.0,0.0
2025-05-12 00:00:00-04:00,9.489999771118164,9.489999771118164,8.5,8.520000457763672,75800,0.0,0.0
2025-05-13 00:00:00-04:00,8.170000076293945,8.550000190734863,6.840000152587891,7.670000076293945,73200,0.0,0.0
2025-05-14 00:00:00-04:00,6.940000057220459,7.630000114440918,6.0,6.0,138100,0.0,0.0
2025-05-15 00:00:00-04:00,6.210000038146973,6.46999979019165,6.0,6.119999885559082,61900,0.0,0.0
2025-05-16 00:00:00-04:00,6.0,6.96999979019165,6.0,6.610000133514404,56500,0.0,0.0
2025-05-19 00:00:00-04:00,6.260000228881836,6.764999866485596,6.190000057220459,6.230000019073486,58700,0.0,0.0
2025-05-20 00:00:00-04:00,6.199999809265137,6.65500020980835,6.110000133514404,6.119999885559082,58000,0.0,0.0
2025-05-21 00:00:00-04:00,6.099999904632568,6.284999847412109,5.800000190734863,6.010000228881836,58000,0.0,0.0
2025-05-22 00:00:00-04:00,6.159999847412109,8.029999732971191,6.159999847412109,7.400000095367432,414600,0.0,0.0
2025-05-23 00:00:00-04:00,7.0,7.489999771118164,6.5,6.510000228881836,199400,0.0,0.0
2025-05-27 00:00:00-04:00,6.550000190734863,6.690000057220459,6.199999809265137,6.199999809265137,112900,0.0,0.0
2025-05-28 00:00:00-04:00,6.309999942779541,6.329999923706055,5.590000152587891,5.590000152587891,107400,0.0,0.0
2025-05-29 00:00:00-04:00,5.590000152587891,6.074999809265137,5.050000190734863,5.059999942779541,160000,0.0,0.0
2025-05-30 00:00:00-04:00,5.190000057220459,5.199999809265137,4.809999942779541,5.0,200300,0.0,0.0
2025-06-02 00:00:00-04:00,5.150000095367432,5.480000019073486,4.920000076293945,4.929999828338623,115300,0.0,0.0
2025-06-03 00:00:00-04:00,4.960000038146973,5.415999889373779,4.860000133514404,4.909999847412109,64900,0.0,0.0
2025-06-04 00:00:00-04:00,5.0,5.23799991607666,4.920000076293945,4.980000019073486,51700,0.0,0.0
2025-06-05 00:00:00-04:00,5.0,5.197999954223633,4.900000095367432,4.989999771118164,42300,0.0,0.0
2025-06-06 00:00:00-04:00,5.130000114440918,5.670000076293945,4.989999771118164,5.650000095367432,80900,0.0,0.0
2025-06-09 00:00:00-04:00,5.670000076293945,5.670000076293945,5.230000019073486,5.230000019073486,74100,0.0,0.0
2025-06-10 00:00:00-04:00,5.300000190734863,5.517000198364258,5.269999980926514,5.340000152587891,32300,0.0,0.0
2025-06-11 00:00:00-04:00,5.349999904632568,5.6479997634887695,5.256999969482422,5.409999847412109,34400,0.0,0.0
2025-06-12 00:00:00-04:00,5.480000019073486,5.639999866485596,5.309999942779541,5.309999942779541,23500,0.0,0.0
2025-06-13 00:00:00-04:00,5.309999942779541,5.309999942779541,4.949999809265137,5.0,82800,0.0,0.0
2025-06-16 00:00:00-04:00,5.010000228881836,5.420000076293945,4.849999904632568,5.420000076293945,50800,0.0,0.0
2025-06-17 00:00:00-04:00,5.440000057220459,5.440000057220459,4.860000133514404,5.019999980926514,67200,0.0,0.0
2025-06-18 00:00:00-04:00,5.125,5.269999980926514,5.0,5.179999828338623,43000,0.0,0.0
2025-06-20 00:00:00-04:00,5.010000228881836,5.289999961853027,4.900000095367432,5.199999809265137,149400,0.0,0.0
2025-06-23 00:00:00-04:00,5.199999809265137,5.25,4.920000076293945,5.119999885559082,69400,0.0,0.0
2025-06-24 00:00:00-04:00,5.119999885559082,5.25,5.079999923706055,5.139999866485596,95500,0.0,0.0
2025-06-25 00:00:00-04:00,5.170000076293945,5.190000057220459,4.900000095367432,4.96999979019165,45100,0.0,0.0
2025-06-26 00:00:00-04:00,4.96999979019165,5.059999942779541,4.900000095367432,5.03000020980835,58700,0.0,0.0
2025-06-27 00:00:00-04:00,5.03000020980835,5.140999794006348,5.0,5.03000020980835,23300,0.0,0.0
2025-06-30 00:00:00-04:00,5.139999866485596,5.5,5.03000020980835,5.46999979019165,134300,0.0,0.0
2025-07-01 00:00:00-04:00,5.46999979019165,5.650000095367432,5.360000133514404,5.559999942779541,41700,0.0,0.0
2025-07-02 00:00:00-04:00,5.650000095367432,6.2210001945495605,5.630000114440918,6.0,127400,0.0,0.0
2025-07-03 00:00:00-04:00,6.079999923706055,6.409999847412109,5.75,6.269999980926514,46700,0.0,0.0
2025-07-07 00:00:00-04:00,6.269999980926514,6.269999980926514,5.5,5.639999866485596,65500,0.0,0.0
2025-07-08 00:00:00-04:00,5.599999904632568,5.678999900817871,5.400000095367432,5.570000171661377,46000,0.0,0.0
2025-07-09 00:00:00-04:00,5.5,5.699999809265137,5.309999942779541,5.5,30700,0.0,0.0
2025-07-10 00:00:00-04:00,5.599999904632568,5.980000019073486,5.449999809265137,5.820000171661377,57600,0.0,0.0
2025-07-11 00:00:00-04:00,5.929999828338623,6.267000198364258,5.840000152587891,5.940000057220459,49600,0.0,0.0
2025-07-14 00:00:00-04:00,5.989999771118164,6.13100004196167,5.659999847412109,5.800000190734863,40200,0.0,0.0
2025-07-15 00:00:00-04:00,5.869999885559082,6.0320000648498535,5.599999904632568,5.639999866485596,27400,0.0,0.0
2025-07-16 00:00:00-04:00,5.699999809265137,5.829999923706055,5.670000076293945,5.710000038146973,20800,0.0,0.0
2025-07-17 00:00:00-04:00,5.639999866485596,5.96999979019165,5.639999866485596,5.920000076293945,27500,0.0,0.0
2025-07-18 00:00:00-04:00,6.0,6.0,5.669000148773193,5.880000114440918,37400,0.0,0.0
2025-07-21 00:00:00-04:00,5.989999771118164,5.989999771118164,5.599999904632568,5.760000228881836,51000,0.0,0.0
2025-07-22 00:00:00-04:00,5.75,5.764999866485596,5.460000038146973,5.742000102996826,41600,0.0,0.0
2025-07-23 00:00:00-04:00,5.590000152587891,5.639999866485596,5.453000068664551,5.53000020980835,53800,0.0,0.0
2025-07-24 00:00:00-04:00,5.579999923706055,5.710000038146973,5.429999828338623,5.525000095367432,35000,0.0,0.0
2025-07-25 00:00:00-04:00,5.400000095367432,5.400000095367432,5.070000171661377,5.289999961853027,64700,0.0,0.0
2025-07-28 00:00:00-04:00,5.260000228881836,5.5,5.203000068664551,5.480000019073486,34500,0.0,0.0
2025-07-29 00:00:00-04:00,5.400000095367432,5.480000019073486,5.150000095367432,5.25,35600,0.0,0.0
2025-07-30 00:00:00-04:00,5.199999809265137,5.329999923706055,5.039999961853027,5.059999942779541,30500,0.0,0.0
2025-07-31 00:00:00-04:00,5.0,5.439000129699707,4.960000038146973,5.050000190734863,83300,0.0,0.0
2025-08-01 00:00:00-04:00,4.909999847412109,5.050000190734863,4.659999847412109,4.71999979019165,82700,0.0,0.0
2025-08-04 00:00:00-04:00,4.75,5.113999843597412,4.699999809265137,5.070000171661377,38500,0.0,0.0
2025-08-05 00:00:00-04:00,5.070000171661377,5.385000228881836,4.982999801635742,5.019999980926514,97900,0.0,0.0
2025-08-06 00:00:00-04:00,5.0,5.230000019073486,4.75,5.03000020980835,136700,0.0,0.0
2025-08-07 00:00:00-04:00,5.019999980926514,5.019999980926514,4.510000228881836,4.579999923706055,96600,0.0,0.0
2025-08-08 00:00:00-04:00,4.510000228881836,4.833000183105469,4.260000228881836,4.34499979019165,99200,0.0,0.0
2025-08-11 00:00:00-04:00,4.5,4.699999809265137,4.349999904632568,4.46999979019165,44300,0.0,0.0
2025-08-12 00:00:00-04:00,4.400000095367432,4.699999809265137,4.364999771118164,4.590000152587891,137800,0.0,0.0
2025-08-13 00:00:00-04:00,4.599999904632568,4.860000133514404,4.591000080108643,4.71999979019165,32400,0.0,0.0
2025-08-14 00:00:00-04:00,4.71999979019165,4.840000152587891,4.400000095367432,4.840000152587891,78900,0.0,0.0
2025-08-15 00:00:00-04:00,4.920000076293945,4.920000076293945,4.710000038146973,4.769999980926514,26900,0.0,0.0
2025-08-18 00:00:00-04:00,4.710000038146973,4.909999847412109,4.710000038146973,4.840000152587891,20300,0.0,0.0
2025-08-19 00:00:00-04:00,4.840000152587891,4.840000152587891,4.570000171661377,4.590000152587891,38200,0.0,0.0
2025-08-20 00:00:00-04:00,4.5,4.7179999351501465,4.400000095367432,4.579999923706055,27800,0.0,0.0
2025-08-21 00:00:00-04:00,4.670000076293945,4.769999980926514,4.520999908447266,4.570000171661377,24800,0.0,0.0
2025-08-22 00:00:00-04:00,4.739999771118164,4.900000095367432,4.675000190734863,4.840000152587891,35400,0.0,0.0
2025-08-25 00:00:00-04:00,4.900000095367432,4.940999984741211,4.800000190734863,4.809999942779541,15100,0.0,0.0
2025-08-26 00:00:00-04:00,4.900000095367432,4.929999828338623,4.820000171661377,4.900000095367432,14300,0.0,0.0
2025-08-27 00:00:00-04:00,4.949999809265137,5.349999904632568,4.949999809265137,5.159999847412109,51400,0.0,0.0
2025-08-28 00:00:00-04:00,5.159999847412109,5.385000228881836,5.130000114440918,5.150000095367432,38600,0.0,0.0
2025-08-29 00:00:00-04:00,5.230000019073486,5.300000190734863,4.980000019073486,5.059999942779541,21700,0.0,0.0
2025-09-02 00:00:00-04:00,5.059999942779541,5.25,5.019999980926514,5.090000152587891,29700,0.0,0.0
2025-09-03 00:00:00-04:00,5.090000152587891,5.21999979019165,4.900000095367432,4.915999889373779,57900,0.0,0.0
2025-09-04 00:00:00-04:00,4.880000114440918,5.050000190734863,4.880000114440918,4.929999828338623,13900,0.0,0.0
2025-09-05 00:00:00-04:00,4.909999847412109,5.078999996185303,4.880000114440918,4.880000114440918,21400,0.0,0.0
2025-09-08 00:00:00-04:00,4.829999923706055,4.991000175476074,4.829999923706055,4.900000095367432,7200,0.0,0.0
2025-09-09 00:00:00-04:00,5.050000190734863,5.050000190734863,4.920000076293945,4.960000038146973,7200,0.0,0.0
2025-09-10 00:00:00-04:00,5.0,5.068999767303467,4.78000020980835,4.889999866485596,20700,0.0,0.0
2025-09-11 00:00:00-04:00,4.789999961853027,5.011000156402588,4.610000133514404,4.616000175476074,92600,0.0,0.0
2025-09-12 00:00:00-04:00,4.71999979019165,4.929999828338623,4.71999979019165,4.929999828338623,17700,0.0,0.0
2025-09-15 00:00:00-04:00,4.840000152587891,4.989999771118164,4.796999931335449,4.820000171661377,28000,0.0,0.0
2025-09-16 00:00:00-04:00,4.820000171661377,4.86899995803833,4.679999828338623,4.75,25100,0.0,0.0
2025-09-17 00:00:00-04:00,4.900000095367432,5.119999885559082,4.760000228881836,4.889999866485596,69700,0.0,0.0
2025-09-18 00:00:00-04:00,4.800000190734863,4.920000076293945,4.639999866485596,4.659999847412109,29600,0.0,0.0
2025-09-19 00:00:00-04:00,4.670000076293945,4.835000038146973,4.619999885559082,4.71999979019165,11600,0.0,0.0
2025-09-22 00:00:00-04:00,4.659999847412109,4.730000019073486,4.619999885559082,4.690000057220459,12900,0.0,0.0
2025-09-23 00:00:00-04:00,4.670000076293945,4.724999904632568,4.53000020980835,4.53000020980835,16100,0.0,0.0
2025-09-24 00:00:00-04:00,4.53000020980835,4.760000228881836,4.460000038146973,4.559999942779541,22700,0.0,0.0
2025-09-25 00:00:00-04:00,4.550000190734863,4.78000020980835,4.409999847412109,4.53000020980835,37000,0.0,0.0
2025-09-26 00:00:00-04:00,4.519999980926514,4.728000164031982,4.445000171661377,4.510000228881836,18400,0.0,0.0
2025-09-29 00:00:00-04:00,4.590000152587891,4.699999809265137,4.510000228881836,4.53000020980835,16200,0.0,0.0
2025-09-30 00:00:00-04:00,4.53000020980835,4.809999942779541,4.409999847412109,4.630000114440918,22900,0.0,0.0
2025-10-01 00:00:00-04:00,4.630000114440918,4.940000057220459,4.610000133514404,4.900000095367432,13000,0.0,0.0
2025-10-02 00:00:00-04:00,4.760000228881836,4.875999927520752,4.625999927520752,4.869999885559082,7200,0.0,0.0
2025-10-03 00:00:00-04:00,4.960000038146973,4.960000038146973,4.5,4.650000095367432,29100,0.0,0.0
2025-10-06 00:00:00-04:00,4.800000190734863,5.099999904632568,4.619999885559082,5.079999923706055,44800,0.0,0.0
2025-10-07 00:00:00-04:00,5.03000020980835,5.179999828338623,5.010000228881836,5.139999866485596,27200,0.0,0.0
2025-10-08 00:00:00-04:00,5.150000095367432,5.150000095367432,4.5,4.840000152587891,101400,0.0,0.0
2025-10-09 00:00:00-04:00,4.699999809265137,5.300000190734863,4.699999809265137,5.110000133514404,43300,0.0,0.0
2025-10-10 00:00:00-04:00,5.139999866485596,5.2829999923706055,4.75,4.75,30600,0.0,0.0
2025-10-13 00:00:00-04:00,4.800000190734863,4.800000190734863,4.440000057220459,4.46999979019165,31300,0.0,0.0
2025-10-14 00:00:00-04:00,4.5,4.690000057220459,4.460000038146973,4.46999979019165,35600,0.0,0.0
2025-10-15 00:00:00-04:00,4.690000057220459,4.789999961853027,4.489999771118164,4.619999885559082,33500,0.0,0.0
2025-10-16 00:00:00-04:00,4.550000190734863,4.670000076293945,4.349999904632568,4.400000095367432,45900,0.0,0.0
2025-10-17 00:00:00-04:00,4.360000133514404,4.480000019073486,4.300000190734863,4.300000190734863,20300,0.0,0.0
2025-10-20 00:00:00-04:00,4.380000114440918,4.800000190734863,4.369999885559082,4.440000057220459,27200,0.0,0.0
2025-10-21 00:00:00-04:00,4.409999847412109,4.605000019073486,4.409999847412109,4.5,9200,0.0,0.0
2025-10-22 00:00:00-04:00,4.599999904632568,4.599999904632568,4.324999809265137,4.420000076293945,37900,0.0,0.0
2025-10-23 00:00:00-04:00,4.420000076293945,4.659999847412109,4.150000095367432,4.170000076293945,41000,0.0,0.0
2025-10-24 00:00:00-04:00,4.179999828338623,4.5,4.179999828338623,4.21999979019165,63200,0.0,0.0
2025-10-27 00:00:00-04:00,4.329999923706055,4.360000133514404,4.199999809265137,4.21999979019165,23100,0.0,0.0
2025-10-28 00:00:00-04:00,4.300000190734863,4.300000190734863,4.050000190734863,4.050000190734863,40000,0.0,0.0
2025-10-29 00:00:00-04:00,4.03000020980835,4.190000057220459,3.809999942779541,3.8499999046325684,43800,0.0,0.0
2025-10-30 00:00:00-04:00,3.809999942779541,3.8499999046325684,3.484999895095825,3.5399999618530273,64800,0.0,0.0
2025-10-31 00:00:00-04:00,3.5999999046325684,3.7920000553131104,3.5199999809265137,3.619999885559082,31700,0.0,0.0
2025-11-03 00:00:00-05:00,3.5999999046325684,3.799999952316284,3.552000045776367,3.5999999046325684,57600,0.0,0.0
2025-11-04 00:00:00-05:00,3.5399999618530273,3.5899999141693115,3.4100000858306885,3.450000047683716,39900,0.0,0.0
2025-11-05 00:00:00-05:00,3.440000057220459,3.7750000953674316,3.4000000953674316,3.5299999713897705,12000,0.0,0.0
2025-11-06 00:00:00-05:00,3.609999895095825,3.680000066757202,3.450000047683716,3.549999952316284,20900,0.0,0.0
2025-11-07 00:00:00-05:00,3.6700000762939453,3.6700000762939453,3.4100000858306885,3.5450000762939453,48900,0.0,0.0
2025-11-10 00:00:00-05:00,3.549999952316284,3.687999963760376,3.5,3.5850000381469727,11000,0.0,0.0
2025-11-11 00:00:00-05:00,3.5299999713897705,3.7339999675750732,3.5299999713897705,3.6500000953674316,8600,0.0,0.0
2025-11-12 00:00:00-05:00,3.990000009536743,4.0,3.5899999141693115,3.634999990463257,27600,0.0,0.0
2025-11-13 00:00:00-05:00,3.609999895095825,3.609999895095825,3.0929999351501465,3.4100000858306885,28500,0.0,0.0
2025-11-14 00:00:00-05:00,3.4000000953674316,3.4000000953674316,3.109999895095825,3.309999942779541,37100,0.0,0.0
2025-11-17 00:00:00-05:00,3.3499999046325684,3.3499999046325684,3.180000066757202,3.240000009536743,53100,0.0,0.0
2025-11-18 00:00:00-05:00,3.140000104904175,3.299999952316284,3.119999885559082,3.200000047683716,18000,0.0,0.0
2025-11-19 00:00:00-05:00,3.2300000190734863,3.2300000190734863,3.130000114440918,3.130000114440918,13400,0.0,0.0
2025-11-20 00:00:00-05:00,3.109999895095825,3.190000057220459,3.0199999809265137,3.0199999809265137,28700,0.0,0.0
2025-11-21 00:00:00-05:00,3.0199999809265137,3.2829999923706055,3.0199999809265137,3.0899999141693115,18800,0.0,0.0
2025-11-24 00:00:00-05:00,3.0999999046325684,3.130000114440918,3.009999990463257,3.009999990463257,16200,0.0,0.0
2025-11-25 00:00:00-05:00,3.0299999713897705,3.0799999237060547,2.9820001125335693,3.0,13300,0.0,0.0
2025-11-26 00:00:00-05:00,3.0,3.1500000953674316,2.890000104904175,3.1500000953674316,72000,0.0,0.0
2025-11-28 00:00:00-05:00,3.180000066757202,3.450000047683716,3.180000066757202,3.240000009536743,9800,0.0,0.0
2025-12-01 00:00:00-05:00,3.640000104904175,9.3100004196167,3.240000009536743,7.880000114440918,27356700,0.0,0.0
2025-12-02 00:00:00-05:00,6.130000114440918,6.869999885559082,5.5320000648498535,6.400000095367432,1386700,0.0,0.0
2025-12-03 00:00:00-05:00,6.289999961853027,7.429999828338623,5.300000190734863,5.409999847412109,577300,0.0,0.0
2025-12-04 00:00:00-05:00,5.349999904632568,5.89900016784668,5.210000038146973,5.699999809265137,196000,0.0,0.0
2025-12-05 00:00:00-05:00,5.739999771118164,6.0,5.349999904632568,5.760000228881836,107300,0.0,0.0
2025-12-08 00:00:00-05:00,5.730000019073486,5.75,4.050000190734863,4.269999980926514,345300,0.0,0.0
2025-12-09 00:00:00-05:00,4.25,4.590000152587891,4.210000038146973,4.309999942779541,113600,0.0,0.0
2025-12-10 00:00:00-05:00,4.28000020980835,5.389999866485596,4.25,4.800000190734863,192900,0.0,0.0
2025-12-11 00:00:00-05:00,4.800000190734863,4.980000019073486,4.53000020980835,4.650000095367432,102000,0.0,0.0
2025-12-12 00:00:00-05:00,4.650000095367432,4.75,4.110000133514404,4.139999866485596,55300,0.0,0.0
2025-12-15 00:00:00-05:00,4.260000228881836,4.260000228881836,3.440000057220459,3.509999990463257,125300,0.0,0.0
2025-12-16 00:00:00-05:00,3.490000009536743,3.490000009536743,2.9100000858306885,2.9800000190734863,395000,0.0,0.0
2025-12-17 00:00:00-05:00,2.9200000762939453,2.9800000190734863,2.0,2.190000057220459,851300,0.0,0.0
2025-12-18 00:00:00-05:00,2.2200000286102295,2.440000057220459,2.109999895095825,2.130000114440918,242500,0.0,0.0
2025-12-19 00:00:00-05:00,2.2799999713897705,2.878999948501587,2.069999933242798,2.240000009536743,884900,0.0,0.0
2025-12-22 00:00:00-05:00,2.2200000286102295,2.8399999141693115,2.200000047683716,2.5999999046325684,367400,0.0,0.0
2025-12-23 00:00:00-05:00,2.5799999237060547,2.7699999809265137,2.3399999141693115,2.559999942779541,182500,0.0,0.0
2025-12-24 00:00:00-05:00,2.450000047683716,3.130000114440918,2.390000104904175,3.059999942779541,288000,0.0,0.0
2025-12-26 00:00:00-05:00,3.0199999809265137,3.7899999618530273,2.9200000762939453,3.4800000190734863,355300,0.0,0.0
2025-12-29 00:00:00-05:00,3.4700000286102295,3.609999895095825,2.671999931335449,2.75,187700,0.0,0.0
2025-12-30 00:00:00-05:00,2.799999952316284,2.8299999237060547,2.5,2.5799999237060547,103100,0.0,0.0
2025-12-31 00:00:00-05:00,2.5299999713897705,2.571000099182129,2.4000000953674316,2.5199999809265137,52900,0.0,0.0
2026-01-02 00:00:00-05:00,2.5199999809265137,2.76200008392334,2.5199999809265137,2.6700000762939453,58800,0.0,0.0
2026-01-05 00:00:00-05:00,2.6700000762939453,2.7300000190734863,2.5799999237060547,2.7300000190734863,77700,0.0,0.0
2026-01-06 00:00:00-05:00,2.880000114440918,3.059999942779541,2.740000009536743,2.9100000858306885,204300,0.0,0.0
2026-01-07 00:00:00-05:00,2.9700000286102295,2.9700000286102295,2.5399999618530273,2.6600000858306885,115000,0.0,0.0
2026-01-08 00:00:00-05:00,2.559999942779541,2.890000104904175,2.3499999046325684,2.809999942779541,3198800,0.0,0.0
2026-01-09 00:00:00-05:00,2.7300000190734863,2.7300000190734863,2.5299999713897705,2.6500000953674316,153500,0.0,0.0
2026-01-12 00:00:00-05:00,2.640000104904175,2.7200000286102295,2.549999952316284,2.619999885559082,102900,0.0,0.0
2026-01-13 00:00:00-05:00,2.5999999046325684,2.619999885559082,2.377000093460083,2.4700000286102295,131700,0.0,0.0
2026-01-14 00:00:00-05:00,2.4600000381469727,2.680000066757202,2.430999994277954,2.5199999809265137,139500,0.0,0.0
2026-01-15 00:00:00-05:00,2.5199999809265137,2.700000047683716,2.4700000286102295,2.690000057220459,49100,0.0,0.0
2026-01-16 00:00:00-05:00,2.7300000190734863,2.9600000381469727,2.640000104904175,2.880000114440918,125500,0.0,0.0
2026-01-20 00:00:00-05:00,2.799999952316284,2.8499999046325684,2.6600000858306885,2.759999990463257,47000,0.0,0.0
2026-01-21 00:00:00-05:00,2.759999990463257,2.7699999809265137,2.565000057220459,2.7200000286102295,52100,0.0,0.0
2026-01-22 00:00:00-05:00,2.690000057220459,2.9000000953674316,2.6649999618530273,2.8399999141693115,44300,0.0,0.0
2026-01-23 00:00:00-05:00,2.8499999046325684,2.8499999046325684,2.619999885559082,2.7100000381469727,65500,0.0,0.0
2026-01-26 00:00:00-05:00,2.7100000381469727,2.7100000381469727,2.5299999713897705,2.680000066757202,56900,0.0,0.0
2026-01-27 00:00:00-05:00,2.680000066757202,2.680000066757202,2.5399999618530273,2.619999885559082,32400,0.0,0.0
2026-01-28 00:00:00-05:00,2.559999942779541,2.630000114440918,2.4000000953674316,2.4000000953674316,188700,0.0,0.0
2026-01-29 00:00:00-05:00,2.359999895095825,2.4549999237060547,2.240999937057495,2.3499999046325684,94600,0.0,0.0
2026-01-30 00:00:00-05:00,2.3499999046325684,2.9000000953674316,2.2200000286102295,2.859999895095825,473100,0.0,0.0
2026-02-02 00:00:00-05:00,2.8299999237060547,2.8499999046325684,2.325000047683716,2.5,277000,0.0,0.0
2026-02-03 00:00:00-05:00,2.5899999141693115,2.61899995803833,2.359999895095825,2.4000000953674316,74100,0.0,0.0
2026-02-04 00:00:00-05:00,2.440000057220459,2.5409998893737793,2.359999895095825,2.4600000381469727,34300,0.0,0.0
2026-02-05 00:00:00-05:00,2.4800000190734863,2.490000009536743,2.299999952316284,2.369999885559082,49500,0.0,0.0
2026-02-06 00:00:00-05:00,2.4100000858306885,2.549999952316284,2.3399999141693115,2.450000047683716,61200,0.0,0.0
2026-02-09 00:00:00-05:00,2.490000009536743,3.049999952316284,2.4800000190734863,2.7200000286102295,196500,0.0,0.0
2026-02-10 00:00:00-05:00,2.75,2.9000000953674316,2.5999999046325684,2.740000009536743,96600,0.0,0.0
2026-02-11 00:00:00-05:00,2.75,2.9000000953674316,2.6600000858306885,2.759999990463257,79800,0.0,0.0
2026-02-12 00:00:00-05:00,2.700000047683716,2.75,2.5199999809265137,2.5199999809265137,31400,0.0,0.0
2026-02-13 00:00:00-05:00,2.5299999713897705,2.7100000381469727,2.5299999713897705,2.5999999046325684,28800,0.0,0.0
2026-02-17 00:00:00-05:00,2.5999999046325684,2.75,2.549999952316284,2.6700000762939453,19600,0.0,0.0
2026-02-18 00:00:00-05:00,2.690000057220459,2.7899999618530273,2.5999999046325684,2.690000057220459,15600,0.0,0.0
2026-02-19 00:00:00-05:00,2.5999999046325684,2.628000020980835,2.4100000858306885,2.440000057220459,39900,0.0,0.0
2026-02-20 00:00:00-05:00,2.4600000381469727,2.5299999713897705,2.444999933242798,2.509999990463257,19400,0.0,0.0
2026-02-23 00:00:00-05:00,2.490000009536743,2.5899999141693115,2.3499999046325684,2.440000057220459,12900,0.0,0.0
2026-02-24 00:00:00-05:00,2.4100000858306885,2.4700000286102295,2.3499999046325684,2.4200000762939453,10300,0.0,0.0
2026-02-25 00:00:00-05:00,2.4200000762939453,2.5,2.4000000953674316,2.4600000381469727,32300,0.0,0.0
2026-02-26 00:00:00-05:00,2.4600000381469727,2.490000009536743,2.380000114440918,2.434999942779541,19000,0.0,0.0
2026-02-27 00:00:00-05:00,2.430000066757202,2.5,2.299999952316284,2.4100000858306885,48700,0.0,0.0
2026-03-02 00:00:00-05:00,2.319999933242798,2.3550000190734863,2.25,2.2699999809265137,70200,0.0,0.0
2026-03-03 00:00:00-05:00,2.259999990463257,2.2869999408721924,2.109999895095825,2.200000047683716,67800,0.0,0.0
2026-03-04 00:00:00-05:00,2.240000009536743,2.299999952316284,2.200000047683716,2.2300000190734863,29000,0.0,0.0
2026-03-05 00:00:00-05:00,2.2300000190734863,2.4000000953674316,2.2300000190734863,2.4000000953674316,78100,0.0,0.0
2026-03-06 00:00:00-05:00,2.430000066757202,2.430000066757202,2.25,2.359999895095825,31900,0.0,0.0
2026-03-09 00:00:00-04:00,2.3299999237060547,2.4000000953674316,2.200000047683716,2.4000000953674316,33400,0.0,0.0
2026-03-10 00:00:00-04:00,2.359999895095825,2.5999999046325684,2.309999942779541,2.4200000762939453,13200,0.0,0.0
2026-03-11 00:00:00-04:00,2.380000114440918,2.450000047683716,2.3299999237060547,2.4049999713897705,16900,0.0,0.0
2026-03-12 00:00:00-04:00,2.3499999046325684,2.4000000953674316,2.2799999713897705,2.375,24900,0.0,0.0
2026-03-13 00:00:00-04:00,2.380000114440918,2.380000114440918,2.2200000286102295,2.3499999046325684,28800,0.0,0.0
2026-03-16 00:00:00-04:00,2.380000114440918,2.5399999618530273,2.2799999713897705,2.4200000762939453,28700,0.0,0.0
2026-03-17 00:00:00-04:00,2.4600000381469727,2.5399999618530273,2.194999933242798,2.240000009536743,64300,0.0,0.0
2026-03-18 00:00:00-04:00,2.2799999713897705,2.4700000286102295,2.2799999713897705,2.359999895095825,19500,0.0,0.0
2026-03-19 00:00:00-04:00,2.319999933242798,2.440000057220459,2.309999942779541,2.309999942779541,18400,0.0,0.0
2026-03-20 00:00:00-04:00,2.2799999713897705,2.440000057220459,1.9700000286102295,1.9700000286102295,122200,0.0,0.0
2026-03-23 00:00:00-04:00,2.009999990463257,2.2300000190734863,2.009999990463257,2.1600000858306885,37300,0.0,0.0
2026-03-24 00:00:00-04:00,2.1500000953674316,2.1500000953674316,1.9800000190734863,1.9800000190734863,61300,0.0,0.0
2026-03-25 00:00:00-04:00,2.059999942779541,2.1389999389648438,1.6799999475479126,1.7000000476837158,116900,0.0,0.0
2026-03-26 00:00:00-04:00,1.7400000095367432,1.850000023841858,1.7200000286102295,1.75,31500,0.0,0.0
2026-03-27 00:00:00-04:00,1.7699999809265137,1.7999999523162842,1.6399999856948853,1.659999966621399,73800,0.0,0.0
2026-03-30 00:00:00-04:00,1.6799999475479126,1.840000033378601,1.6100000143051147,1.6200000047683716,53300,0.0,0.0
2026-03-31 00:00:00-04:00,1.649999976158142,1.6549999713897705,1.4500000476837158,1.4800000190734863,89200,0.0,0.0
2026-04-01 00:00:00-04:00,1.5299999713897705,1.5299999713897705,1.4500000476837158,1.4500000476837158,76800,0.0,0.0
2026-04-02 00:00:00-04:00,1.4800000190734863,1.4800000190734863,1.4259999990463257,1.4299999475479126,83900,0.0,0.0
2026-04-06 00:00:00-04:00,1.4900000095367432,1.5700000524520874,1.440000057220459,1.440000057220459,29100,0.0,0.0
2026-04-07 00:00:00-04:00,1.4600000381469727,1.4600000381469727,1.3949999809265137,1.399999976158142,74500,0.0,0.0
2026-04-08 00:00:00-04:00,1.5,2.2699999809265137,1.5,1.649999976158142,5475700,0.0,0.0
2026-04-09 00:00:00-04:00,1.649999976158142,1.6799999475479126,1.399999976158142,1.4800000190734863,355200,0.0,0.0
2026-04-10 00:00:00-04:00,1.5099999904632568,1.7999999523162842,1.5099999904632568,1.7000000476837158,269400,0.0,0.0
2026-04-13 00:00:00-04:00,1.6799999475479126,1.9500000476837158,1.6150000095367432,1.9199999570846558,152300,0.0,0.0
2026-04-14 00:00:00-04:00,1.9199999570846558,1.9800000190734863,1.8200000524520874,1.8300000429153442,79800,0.0,0.0
2026-04-15 00:00:00-04:00,1.8700000047683716,2.005000114440918,1.840000033378601,1.9299999475479126,69100,0.0,0.0
2026-04-16 00:00:00-04:00,1.9500000476837158,1.9800000190734863,1.8700000047683716,1.8700000047683716,39900,0.0,0.0
2026-04-17 00:00:00-04:00,1.899999976158142,1.9600000381469727,1.8200000524520874,1.8200000524520874,64500,0.0,0.0
2026-04-20 00:00:00-04:00,1.8200000524520874,1.9700000286102295,1.8200000524520874,1.9199999570846558,29600,0.0,0.0
2026-04-21 00:00:00-04:00,1.9700000286102295,2.140000104904175,1.9600000381469727,2.009999990463257,112900,0.0,0.0
2026-04-22 00:00:00-04:00,2.059999942779541,2.1600000858306885,1.9500000476837158,1.9700000286102295,48800,0.0,0.0
2026-04-23 00:00:00-04:00,1.940000057220459,1.9950000047683716,1.7999999523162842,1.850000023841858,56900,0.0,0.0
2026-04-24 00:00:00-04:00,1.899999976158142,1.899999976158142,1.7999999523162842,1.8200000524520874,37500,0.0,0.0
2026-04-27 00:00:00-04:00,1.8300000429153442,1.940999984741211,1.7999999523162842,1.850000023841858,67000,0.0,0.0
2026-04-28 00:00:00-04:00,1.850000023841858,1.8700000047683716,1.7799999713897705,1.7899999618530273,36900,0.0,0.0
2026-04-29 00:00:00-04:00,1.7999999523162842,1.8279999494552612,1.7300000190734863,1.7300000190734863,23900,0.0,0.0
2026-04-30 00:00:00-04:00,1.7300000190734863,1.7899999618530273,1.6799999475479126,1.7699999809265137,85300,0.0,0.0
2026-05-01 00:00:00-04:00,1.75,1.809999942779541,1.7419999837875366,1.7699999809265137,24300,0.0,0.0
2026-05-04 00:00:00-04:00,1.840000033378601,1.8899999856948853,1.7300000190734863,1.7599999904632568,33900,0.0,0.0
2026-05-05 00:00:00-04:00,1.7699999809265137,1.784000039100647,1.659999966621399,1.75,46300,0.0,0.0
2026-05-06 00:00:00-04:00,1.7699999809265137,1.850000023841858,1.7599999904632568,1.8300000429153442,62700,0.0,0.0
2026-05-07 00:00:00-04:00,1.8600000143051147,1.968999981880188,1.7899999618530273,1.7899999618530273,24700,0.0,0.0
2026-05-08 00:00:00-04:00,1.8799999952316284,1.9320000410079956,1.8020000457763672,1.8200000524520874,58200,0.0,0.0
2026-05-11 00:00:00-04:00,1.9500000476837158,1.9500000476837158,1.75,1.75,55500,0.0,0.0
2026-05-12 00:00:00-04:00,2.3949999809265137,2.4000000953674316,1.9700000286102295,2.059999942779541,52675300,0.0,0.0
2026-05-13 00:00:00-04:00,1.8799999952316284,2.2300000190734863,1.809999942779541,1.940000057220459,1450600,0.0,0.0
2026-05-14 00:00:00-04:00,1.940000057220459,2.2200000286102295,1.8700000047683716,2.180000066757202,607900,0.0,0.0
2026-05-15 00:00:00-04:00,2.059999942779541,2.259999990463257,1.9299999475479126,2.0299999713897705,360300,0.0,0.0
2026-05-18 00:00:00-04:00,1.9199999570846558,2.2200000286102295,1.899999976158142,2.119999885559082,305300,0.0,0.0
2026-05-19 00:00:00-04:00,2.069999933242798,2.1500000953674316,1.9809999465942383,2.0899999141693115,108600,0.0,0.0
2026-05-20 00:00:00-04:00,2.0299999713897705,2.180000066757202,2.0299999713897705,2.109999895095825,143000,0.0,0.0
2026-05-21 00:00:00-04:00,2.069999933242798,2.0999999046325684,1.940000057220459,1.9500000476837158,150800,0.0,0.0
2026-05-22 00:00:00-04:00,1.9700000286102295,2.0840001106262207,1.9199999570846558,1.940000057220459,107400,0.0,0.0
2026-05-26 00:00:00-04:00,1.9800000190734863,2.119999885559082,1.9299999475479126,1.9900000095367432,486300,0.0,0.0
2026-05-27 00:00:00-04:00,1.9299999475479126,2.0399999618530273,1.9199999570846558,2.0299999713897705,111300,0.0,0.0
2026-05-28 00:00:00-04:00,1.9900000095367432,2.015000104904175,1.9299999475479126,1.9700000286102295,61200,0.0,0.0
2026-05-29 00:00:00-04:00,1.9500000476837158,1.9500000476837158,1.809999942779541,1.8600000143051147,202000,0.0,0.0
2026-06-01 00:00:00-04:00,1.7899999618530273,1.9299999475479126,1.7000000476837158,1.840000033378601,201700,0.0,0.0
2026-06-02 00:00:00-04:00,1.8200000524520874,1.899999976158142,1.7599999904632568,1.7999999523162842,108400,0.0,0.0
2026-06-03 00:00:00-04:00,1.75,1.8600000143051147,1.7000000476837158,1.7999999523162842,132500,0.0,0.0
2026-06-04 00:00:00-04:00,1.7699999809265137,1.9199999570846558,1.7699999809265137,1.899999976158142,207600,0.0,0.0
2026-06-05 00:00:00-04:00,1.8300000429153442,1.8949999809265137,1.7000000476837158,1.7999999523162842,97400,0.0,0.0
2026-06-08 00:00:00-04:00,1.75,1.7799999713897705,1.715000033378601,1.7200000286102295,77200,0.0,0.0
2026-06-09 00:00:00-04:00,1.7400000095367432,1.8200000524520874,1.7209999561309814,1.7699999809265137,125400,0.0,0.0
2026-06-10 00:00:00-04:00,1.7400000095367432,1.8200000524520874,1.7200000286102295,1.75,44500,0.0,0.0
2026-06-11 00:00:00-04:00,1.7100000381469727,1.7300000190734863,1.6100000143051147,1.659999966621399,84100,0.0,0.0
2026-06-12 00:00:00-04:00,1.690000057220459,1.7480000257492065,1.6200000047683716,1.7000000476837158,51600,0.0,0.0
2026-06-15 00:00:00-04:00,1.7300000190734863,1.850000023841858,1.7300000190734863,1.8200000524520874,51300,0.0,0.0
2026-06-16 00:00:00-04:00,1.8200000524520874,1.8799999952316284,1.7000000476837158,1.7400000095367432,59800,0.0,0.0
2026-06-17 00:00:00-04:00,1.75,1.75,1.6749999523162842,1.7100000381469727,19900,0.0,0.0
2026-06-18 00:00:00-04:00,1.7200000286102295,1.9600000381469727,1.6699999570846558,1.9299999475479126,115800,0.0,0.0
2026-06-22 00:00:00-04:00,1.9299999475479126,2.0,1.8250000476837158,1.9800000190734863,82600,0.0,0.0
2026-06-23 00:00:00-04:00,1.8899999856948853,2.119999885559082,1.8899999856948853,2.109999895095825,122700,0.0,0.0
2026-06-24 00:00:00-04:00,2.0999999046325684,2.2200000286102295,2.071000099182129,2.180000066757202,126200,0.0,0.0
2026-06-25 00:00:00-04:00,2.1500000953674316,2.200000047683716,2.0799999237060547,2.190000057220459,68700,0.0,0.0
2026-06-26 00:00:00-04:00,2.140000104904175,2.240000009536743,2.109999895095825,2.240000009536743,22500,0.0,0.0
2026-06-29 00:00:00-04:00,2.2100000381469727,2.2899999618530273,2.049999952316284,2.2799999713897705,79100,0.0,0.0
2026-06-30 00:00:00-04:00,2.240000009536743,2.240000009536743,2.119999885559082,2.2200000286102295,48000,0.0,0.0
2026-07-01 00:00:00-04:00,2.130000114440918,2.2799999713897705,1.9299999475479126,2.130000114440918,136200,0.0,0.0
2026-07-02 00:00:00-04:00,2.140000104904175,2.299999952316284,2.130000114440918,2.240000009536743,47700,0.0,0.0
2026-07-06 00:00:00-04:00,2.240000009536743,2.490000009536743,2.200000047683716,2.4700000286102295,82500,0.0,0.0
2026-07-07 00:00:00-04:00,2.3499999046325684,2.5399999618530273,2.2100000381469727,2.5199999809265137,61600,0.0,0.0
2026-07-08 00:00:00-04:00,2.4600000381469727,2.619999885559082,2.25,2.619999885559082,48600,0.0,0.0
2026-07-09 00:00:00-04:00,2.559999942779541,2.5799999237060547,2.309999942779541,2.5399999618530273,73600,0.0,0.0
2026-07-10 00:00:00-04:00,2.5299999713897705,2.5999999046325684,2.4700000286102295,2.5899999141693115,71500,0.0,0.0
2026-07-13 00:00:00-04:00,2.490000009536743,2.690000057220459,2.4600000381469727,2.680000066757202,89700,0.0,0.0
2026-07-14 00:00:00-04:00,2.6500000953674316,2.869999885559082,2.630000114440918,2.869999885559082,57400,0.0,0.0
2026-07-15 00:00:00-04:00,2.9100000858306885,2.9100000858306885,2.700000047683716,2.9000000953674316,81500,0.0,0.0
2026-07-16 00:00:00-04:00,2.890000104904175,2.9000000953674316,2.809999942779541,2.8499999046325684,61400,0.0,0.0
2026-07-17 00:00:00-04:00,2.819999933242798,2.9000000953674316,2.740000009536743,2.880000114440918,46900,0.0,0.0
2026-07-20 00:00:00-04:00,2.9000000953674316,2.9000000953674316,2.7799999713897705,2.890000104904175,16600,0.0,0.0
2026-07-21 00:00:00-04:00,2.8299999237060547,2.9100000858306885,2.7790000438690186,2.869999885559082,25800,0.0,0.0
2026-07-22 00:00:00-04:00,2.75,2.9100000858306885,2.7200000286102295,2.880000114440918,44800,0.0,0.0
2026-07-23 00:00:00-04:00,2.869999885559082,2.869999885559082,2.7100000381469727,2.7799999713897705,32698,0.0,0.0
