Date,Open,High,Low,Close,Volume,Dividends,Stock Splits
2024-09-20 00:00:00-04:00,5.150000095367432,5.239999771118164,4.170000076293945,4.179999828338623,1029400,0.0,0.0
2024-09-23 00:00:00-04:00,4.25,5.159999847412109,4.25,4.539999961853027,1267500,0.0,0.0
2024-09-24 00:00:00-04:00,4.820000171661377,4.869999885559082,4.420000076293945,4.550000190734863,552400,0.0,0.0
2024-09-25 00:00:00-04:00,4.519999980926514,4.744999885559082,4.400000095367432,4.420000076293945,233900,0.0,0.0
2024-09-26 00:00:00-04:00,4.420000076293945,4.880000114440918,4.420000076293945,4.545000076293945,78700,0.0,0.0
2024-09-27 00:00:00-04:00,4.570000171661377,4.760000228881836,4.449999809265137,4.550000190734863,292000,0.0,0.0
2024-09-30 00:00:00-04:00,4.489999771118164,4.650000095367432,4.21999979019165,4.590000152587891,252500,0.0,0.0
2024-10-01 00:00:00-04:00,4.639999866485596,4.679999828338623,4.449999809265137,4.460000038146973,39300,0.0,0.0
2024-10-02 00:00:00-04:00,4.449999809265137,4.539999961853027,4.420000076293945,4.426000118255615,38300,0.0,0.0
2024-10-03 00:00:00-04:00,4.599999904632568,4.599999904632568,4.449999809265137,4.570000171661377,78700,0.0,0.0
2024-10-04 00:00:00-04:00,4.570000171661377,4.670000076293945,4.500999927520752,4.610000133514404,70300,0.0,0.0
2024-10-07 00:00:00-04:00,4.690000057220459,4.75,4.460000038146973,4.550000190734863,138200,0.0,0.0
2024-10-08 00:00:00-04:00,4.550000190734863,4.671000003814697,3.75,3.890000104904175,146800,0.0,0.0
2024-10-09 00:00:00-04:00,3.809999942779541,4.400000095367432,3.809999942779541,4.2270002365112305,90000,0.0,0.0
2024-10-10 00:00:00-04:00,4.199999809265137,4.670000076293945,4.199999809265137,4.394999980926514,233400,0.0,0.0
2024-10-11 00:00:00-04:00,4.550000190734863,4.559999942779541,4.059999942779541,4.559999942779541,43900,0.0,0.0
2024-10-14 00:00:00-04:00,4.599999904632568,4.690999984741211,4.190000057220459,4.519999980926514,38800,0.0,0.0
2024-10-15 00:00:00-04:00,4.5,4.519999980926514,4.039999961853027,4.25,58300,0.0,0.0
2024-10-16 00:00:00-04:00,4.199999809265137,4.400000095367432,4.199999809265137,4.320000171661377,49200,0.0,0.0
2024-10-17 00:00:00-04:00,4.190000057220459,4.389999866485596,4.000999927520752,4.28000020980835,76400,0.0,0.0
2024-10-18 00:00:00-04:00,4.349999904632568,4.507999897003174,4.28000020980835,4.507999897003174,109000,0.0,0.0
2024-10-21 00:00:00-04:00,4.599999904632568,4.645999908447266,4.400000095367432,4.473999977111816,167000,0.0,0.0
2024-10-22 00:00:00-04:00,4.449999809265137,4.579999923706055,4.415999889373779,4.429999828338623,17900,0.0,0.0
2024-10-23 00:00:00-04:00,4.53000020980835,4.599999904632568,4.400000095367432,4.409999847412109,15300,0.0,0.0
2024-10-24 00:00:00-04:00,4.539999961853027,4.539999961853027,3.950000047683716,4.150000095367432,85700,0.0,0.0
2024-10-25 00:00:00-04:00,4.164999961853027,4.349999904632568,4.059999942779541,4.139999866485596,31700,0.0,0.0
2024-10-28 00:00:00-04:00,4.079999923706055,4.139999866485596,3.8499999046325684,3.8499999046325684,17100,0.0,0.0
2024-10-29 00:00:00-04:00,3.9100000858306885,4.168000221252441,3.8499999046325684,3.859999895095825,39000,0.0,0.0
2024-10-30 00:00:00-04:00,3.950000047683716,4.241000175476074,3.799999952316284,3.799999952316284,32900,0.0,0.0
2024-10-31 00:00:00-04:00,3.9000000953674316,3.9800000190734863,3.369999885559082,3.740000009536743,20900,0.0,0.0
2024-11-01 00:00:00-04:00,3.740000009536743,4.380000114440918,3.740000009536743,3.869999885559082,8400,0.0,0.0
2024-11-04 00:00:00-05:00,4.019999980926514,4.28000020980835,3.9800000190734863,4.070000171661377,13500,0.0,0.0
2024-11-05 00:00:00-05:00,4.070000171661377,4.070000171661377,4.070000171661377,4.070000171661377,0,0.0,0.0
2024-11-06 00:00:00-05:00,3.8359999656677246,4.25,3.8359999656677246,4.25,42800,0.0,0.0
2024-11-07 00:00:00-05:00,4.369999885559082,4.5,4.289999961853027,4.5,13600,0.0,0.0
2024-11-08 00:00:00-05:00,4.525000095367432,4.699999809265137,4.260000228881836,4.610000133514404,27600,0.0,0.0
2024-11-11 00:00:00-05:00,4.510000228881836,4.550000190734863,4.03000020980835,4.039999961853027,53300,0.0,0.0
2024-11-12 00:00:00-05:00,4.21999979019165,4.300000190734863,3.930000066757202,3.930000066757202,24100,0.0,0.0
2024-11-13 00:00:00-05:00,3.9000000953674316,4.199999809265137,3.9000000953674316,3.9200000762939453,67800,0.0,0.0
2024-11-14 00:00:00-05:00,3.861999988555908,4.199999809265137,3.861999988555908,3.9000000953674316,16000,0.0,0.0
2024-11-15 00:00:00-05:00,3.990000009536743,4.119999885559082,3.9600000381469727,4.059999942779541,25400,0.0,0.0
2024-11-18 00:00:00-05:00,3.9600000381469727,5.224999904632568,3.8399999141693115,5.079999923706055,131200,0.0,0.0
2024-11-19 00:00:00-05:00,4.980000019073486,5.199999809265137,4.5,5.190000057220459,118400,0.0,0.0
2024-11-20 00:00:00-05:00,5.28000020980835,5.440000057220459,3.759999990463257,3.809999942779541,230200,0.0,0.0
2024-11-21 00:00:00-05:00,4.189000129699707,4.489999771118164,4.019999980926514,4.369999885559082,35800,0.0,0.0
2024-11-22 00:00:00-05:00,4.210000038146973,4.360000133514404,3.9000000953674316,3.940000057220459,32100,0.0,0.0
2024-11-25 00:00:00-05:00,4.25,4.699999809265137,3.740000009536743,4.079999923706055,827200,0.0,0.0
2024-11-26 00:00:00-05:00,4.179999828338623,4.380000114440918,2.240000009536743,4.019999980926514,2097400,0.0,0.0
2024-11-27 00:00:00-05:00,3.7899999618530273,4.050000190734863,3.696000099182129,3.9100000858306885,107600,0.0,0.0
2024-11-29 00:00:00-05:00,3.884999990463257,3.884999990463257,3.5,3.5799999237060547,61500,0.0,0.0
2024-12-02 00:00:00-05:00,3.7799999713897705,3.9000000953674316,3.319999933242798,3.319999933242798,62900,0.0,0.0
2024-12-03 00:00:00-05:00,3.4800000190734863,3.4800000190734863,2.990000009536743,3.299999952316284,106500,0.0,0.0
2024-12-04 00:00:00-05:00,3.4000000953674316,3.4000000953674316,2.86899995803833,3.0799999237060547,70600,0.0,0.0
2024-12-05 00:00:00-05:00,3.2300000190734863,3.5399999618530273,2.619999885559082,3.0199999809265137,182800,0.0,0.0
2024-12-06 00:00:00-05:00,3.01200008392334,3.01200008392334,2.4030001163482666,2.6010000705718994,150100,0.0,0.0
2024-12-09 00:00:00-05:00,2.5299999713897705,3.25,2.5,2.940000057220459,109300,0.0,0.0
2024-12-10 00:00:00-05:00,3.1700000762939453,3.299999952316284,2.799999952316284,2.930000066757202,60600,0.0,0.0
2024-12-11 00:00:00-05:00,2.930000066757202,3.618000030517578,2.4200000762939453,2.759999990463257,447800,0.0,0.0
2024-12-12 00:00:00-05:00,2.799999952316284,2.819999933242798,2.4000000953674316,2.549999952316284,48700,0.0,0.0
2024-12-13 00:00:00-05:00,2.4700000286102295,2.700000047683716,2.3499999046325684,2.4600000381469727,36600,0.0,0.0
2024-12-16 00:00:00-05:00,2.380000114440918,2.390000104904175,1.559999942779541,1.7699999809265137,267600,0.0,0.0
2024-12-17 00:00:00-05:00,1.6200000047683716,1.8300000429153442,1.6200000047683716,1.7200000286102295,65800,0.0,0.0
2024-12-18 00:00:00-05:00,1.7139999866485596,1.7139999866485596,1.4299999475479126,1.5,165900,0.0,0.0
2024-12-19 00:00:00-05:00,1.6200000047683716,1.6200000047683716,1.3899999856948853,1.4500000476837158,63800,0.0,0.0
2024-12-20 00:00:00-05:00,1.4550000429153442,1.7899999618530273,1.409999966621399,1.690000057220459,83900,0.0,0.0
2024-12-23 00:00:00-05:00,1.7200000286102295,1.7999999523162842,1.5,1.5399999618530273,46200,0.0,0.0
2024-12-24 00:00:00-05:00,1.5,1.559999942779541,1.4600000381469727,1.5,250800,0.0,0.0
2024-12-26 00:00:00-05:00,1.399999976158142,1.5870000123977661,1.399999976158142,1.5,75400,0.0,0.0
2024-12-27 00:00:00-05:00,1.5499999523162842,1.88100004196167,1.409999966621399,1.6699999570846558,180500,0.0,0.0
2024-12-30 00:00:00-05:00,1.649999976158142,1.8990000486373901,1.5,1.7269999980926514,225200,0.0,0.0
2024-12-31 00:00:00-05:00,1.7000000476837158,1.840000033378601,1.7000000476837158,1.7300000190734863,55300,0.0,0.0
2025-01-02 00:00:00-05:00,1.7000000476837158,1.7200000286102295,1.559999942779541,1.659999966621399,31000,0.0,0.0
2025-01-03 00:00:00-05:00,1.690000057220459,1.9500000476837158,1.6699999570846558,1.8899999856948853,66000,0.0,0.0
2025-01-06 00:00:00-05:00,1.9500000476837158,2.181999921798706,1.9500000476837158,2.049999952316284,43800,0.0,0.0
2025-01-07 00:00:00-05:00,2.0,2.1700000762939453,1.9019999504089355,2.0999999046325684,55600,0.0,0.0
2025-01-08 00:00:00-05:00,2.049999952316284,2.059999942779541,1.6699999570846558,1.7999999523162842,53600,0.0,0.0
2025-01-10 00:00:00-05:00,1.7940000295639038,1.899999976158142,1.7940000295639038,1.7999999523162842,21600,0.0,0.0
2025-01-13 00:00:00-05:00,1.7699999809265137,1.9299999475479126,1.6299999952316284,1.8799999952316284,83500,0.0,0.0
2025-01-14 00:00:00-05:00,1.8799999952316284,1.8799999952316284,1.7200000286102295,1.7400000095367432,20400,0.0,0.0
2025-01-15 00:00:00-05:00,1.7300000190734863,1.8550000190734863,1.2999999523162842,1.5,263100,0.0,0.0
2025-01-16 00:00:00-05:00,1.399999976158142,1.7000000476837158,1.3899999856948853,1.5199999809265137,139700,0.0,0.0
2025-01-17 00:00:00-05:00,1.600000023841858,1.7999999523162842,1.5499999523162842,1.75,84900,0.0,0.0
2025-01-21 00:00:00-05:00,1.840000033378601,1.9049999713897705,1.649999976158142,1.659999966621399,48500,0.0,0.0
2025-01-22 00:00:00-05:00,1.7430000305175781,1.850000023841858,1.5800000429153442,1.7899999618530273,318700,0.0,0.0
2025-01-23 00:00:00-05:00,1.75,2.200000047683716,1.7300000190734863,2.0399999618530273,640400,0.0,0.0
2025-01-24 00:00:00-05:00,2.200000047683716,2.7300000190734863,1.840000033378601,2.2200000286102295,719600,0.0,0.0
2025-01-27 00:00:00-05:00,2.0299999713897705,2.0799999237060547,1.7400000095367432,1.75,80100,0.0,0.0
2025-01-28 00:00:00-05:00,1.7100000381469727,1.9279999732971191,1.5950000286102295,1.649999976158142,147700,0.0,0.0
2025-01-29 00:00:00-05:00,1.6100000143051147,1.7699999809265137,1.6100000143051147,1.6759999990463257,20300,0.0,0.0
2025-01-30 00:00:00-05:00,1.690000057220459,1.690000057220459,1.3799999952316284,1.590000033378601,43600,0.0,0.0
2025-01-31 00:00:00-05:00,1.5499999523162842,1.6100000143051147,1.4600000381469727,1.4700000286102295,30700,0.0,0.0
2025-02-03 00:00:00-05:00,1.4800000190734863,1.5770000219345093,1.409999966621399,1.4700000286102295,53400,0.0,0.0
2025-02-04 00:00:00-05:00,1.4800000190734863,1.6399999856948853,1.4800000190734863,1.5299999713897705,29700,0.0,0.0
2025-02-05 00:00:00-05:00,1.5499999523162842,1.6200000047683716,1.5499999523162842,1.6100000143051147,28900,0.0,0.0
2025-02-06 00:00:00-05:00,1.5499999523162842,1.7899999618530273,1.5499999523162842,1.7899999618530273,43600,0.0,0.0
2025-02-07 00:00:00-05:00,1.7599999904632568,1.7999999523162842,1.5499999523162842,1.5700000524520874,22000,0.0,0.0
2025-02-10 00:00:00-05:00,1.590000033378601,1.6799999475479126,1.5800000429153442,1.6200000047683716,12500,0.0,0.0
2025-02-11 00:00:00-05:00,1.649999976158142,1.649999976158142,1.5199999809265137,1.5499999523162842,14000,0.0,0.0
2025-02-12 00:00:00-05:00,1.559999942779541,1.559999942779541,1.4199999570846558,1.4299999475479126,95600,0.0,0.0
2025-02-13 00:00:00-05:00,1.4600000381469727,1.5099999904632568,1.2000000476837158,1.309999942779541,111900,0.0,0.0
2025-02-14 00:00:00-05:00,1.3179999589920044,1.3919999599456787,1.2699999809265137,1.2999999523162842,10300,0.0,0.0
2025-02-18 00:00:00-05:00,1.2899999618530273,1.315000057220459,1.2000000476837158,1.2100000381469727,28600,0.0,0.0
2025-02-19 00:00:00-05:00,1.25,1.4049999713897705,1.2400000095367432,1.350000023841858,37800,0.0,0.0
2025-02-20 00:00:00-05:00,1.440000057220459,1.440000057220459,1.2599999904632568,1.309999942779541,10500,0.0,0.0
2025-02-21 00:00:00-05:00,1.2899999618530273,1.3350000381469727,1.2549999952316284,1.3200000524520874,4700,0.0,0.0
2025-02-24 00:00:00-05:00,1.3200000524520874,1.350000023841858,1.0540000200271606,1.2799999713897705,152600,0.0,0.0
2025-02-25 00:00:00-05:00,1.2100000381469727,1.2599999904632568,1.2100000381469727,1.2100000381469727,15700,0.0,0.0
2025-02-26 00:00:00-05:00,1.2450000047683716,1.3229999542236328,1.1699999570846558,1.2200000286102295,21600,0.0,0.0
2025-02-27 00:00:00-05:00,1.25,1.4500000476837158,1.25,1.4299999475479126,74600,0.0,0.0
2025-02-28 00:00:00-05:00,1.3980000019073486,1.75,1.3300000429153442,1.600000023841858,74200,0.0,0.0
2025-03-03 00:00:00-05:00,1.5579999685287476,1.6299999952316284,1.4550000429153442,1.4559999704360962,32900,0.0,0.0
2025-03-04 00:00:00-05:00,1.4700000286102295,1.5499999523162842,1.4110000133514404,1.5399999618530273,24900,0.0,0.0
2025-03-05 00:00:00-05:00,1.5299999713897705,1.7999999523162842,1.5299999713897705,1.7599999904632568,31600,0.0,0.0
2025-03-06 00:00:00-05:00,1.7000000476837158,1.840000033378601,1.6799999475479126,1.809999942779541,57300,0.0,0.0
2025-03-07 00:00:00-05:00,1.7899999618530273,1.850000023841858,1.7699999809265137,1.850000023841858,15900,0.0,0.0
2025-03-10 00:00:00-04:00,1.8799999952316284,2.0,1.850000023841858,1.9800000190734863,45200,0.0,0.0
2025-03-11 00:00:00-04:00,1.9800000190734863,2.0999999046325684,1.5499999523162842,1.6399999856948853,174700,0.0,0.0
2025-03-12 00:00:00-04:00,1.649999976158142,1.659999966621399,1.399999976158142,1.5399999618530273,33800,0.0,0.0
2025-03-13 00:00:00-04:00,1.5,1.6699999570846558,1.5,1.649999976158142,12800,0.0,0.0
2025-03-14 00:00:00-04:00,1.659999966621399,1.7400000095367432,1.6299999952316284,1.7400000095367432,5400,0.0,0.0
2025-03-17 00:00:00-04:00,1.7400000095367432,1.909999966621399,1.7400000095367432,1.909999966621399,5600,0.0,0.0
2025-03-18 00:00:00-04:00,1.8799999952316284,1.8899999856948853,1.8600000143051147,1.8600000143051147,7800,0.0,0.0
2025-03-19 00:00:00-04:00,1.7999999523162842,1.899999976158142,1.75,1.75,23700,0.0,0.0
2025-03-20 00:00:00-04:00,1.840000033378601,1.9500000476837158,1.774999976158142,1.940000057220459,29900,0.0,0.0
2025-03-21 00:00:00-04:00,1.940000057220459,2.0999999046325684,1.9199999570846558,2.0899999141693115,58900,0.0,0.0
2025-03-24 00:00:00-04:00,2.0799999237060547,2.0899999141693115,1.9040000438690186,1.9199999570846558,46000,0.0,0.0
2025-03-25 00:00:00-04:00,1.902999997138977,1.940000057220459,1.4600000381469727,1.8700000047683716,78900,0.0,0.0
2025-03-26 00:00:00-04:00,1.8600000143051147,1.9700000286102295,1.75,1.9700000286102295,15900,0.0,0.0
2025-03-27 00:00:00-04:00,1.8700000047683716,2.302000045776367,1.8700000047683716,2.2699999809265137,73000,0.0,0.0
2025-03-28 00:00:00-04:00,2.2699999809265137,2.2699999809265137,1.8799999952316284,1.899999976158142,57500,0.0,0.0
2025-03-31 00:00:00-04:00,1.840000033378601,2.140000104904175,1.600000023841858,1.625,109000,0.0,0.0
2025-04-01 00:00:00-04:00,1.6299999952316284,1.940000057220459,1.6299999952316284,1.75,58200,0.0,0.0
2025-04-02 00:00:00-04:00,1.7450000047683716,1.7999999523162842,1.649999976158142,1.7000000476837158,15100,0.0,0.0
2025-04-03 00:00:00-04:00,1.7000000476837158,1.75,1.625,1.75,6300,0.0,0.0
2025-04-04 00:00:00-04:00,1.7200000286102295,1.7400000095367432,1.5299999713897705,1.6399999856948853,11300,0.0,0.0
2025-04-07 00:00:00-04:00,1.628999948501587,1.850000023841858,1.628999948501587,1.850000023841858,13800,0.0,0.0
2025-04-08 00:00:00-04:00,1.75,1.809999942779541,1.75,1.75,4100,0.0,0.0
2025-04-09 00:00:00-04:00,1.75,1.7699999809265137,1.6699999570846558,1.6749999523162842,2500,0.0,0.0
2025-04-10 00:00:00-04:00,1.7999999523162842,1.7999999523162842,1.6799999475479126,1.7799999713897705,2900,0.0,0.0
2025-04-11 00:00:00-04:00,1.7999999523162842,1.850000023841858,1.7200000286102295,1.840000033378601,6000,0.0,0.0
2025-04-14 00:00:00-04:00,1.7710000276565552,1.7899999618530273,1.7710000276565552,1.7899999618530273,2000,0.0,0.0
2025-04-15 00:00:00-04:00,1.7699999809265137,1.7699999809265137,1.7610000371932983,1.7669999599456787,1200,0.0,0.0
2025-04-16 00:00:00-04:00,1.7699999809265137,1.7699999809265137,1.7699999809265137,1.7699999809265137,100,0.0,0.0
2025-04-17 00:00:00-04:00,1.850000023841858,1.850000023841858,1.850000023841858,1.850000023841858,300,0.0,0.0
2025-04-21 00:00:00-04:00,1.809999942779541,1.8899999856948853,1.7799999713897705,1.8899999856948853,3000,0.0,0.0
2025-04-22 00:00:00-04:00,1.7710000276565552,1.781000018119812,1.75,1.7599999904632568,4500,0.0,0.0
2025-04-23 00:00:00-04:00,1.7599999904632568,1.899999976158142,1.7100000381469727,1.8109999895095825,3900,0.0,0.0
2025-04-24 00:00:00-04:00,1.8200000524520874,1.840000033378601,1.809999942779541,1.815999984741211,3200,0.0,0.0
2025-04-25 00:00:00-04:00,1.8550000190734863,1.899999976158142,1.8300000429153442,1.8300000429153442,3200,0.0,0.0
2025-04-28 00:00:00-04:00,1.809999942779541,1.899999976158142,1.809999942779541,1.899999976158142,1000,0.0,0.0
2025-04-29 00:00:00-04:00,1.8289999961853027,1.899999976158142,1.809999942779541,1.8600000143051147,7800,0.0,0.0
2025-04-30 00:00:00-04:00,1.8600000143051147,1.8799999952316284,1.8600000143051147,1.8799999952316284,2300,0.0,0.0
2025-05-01 00:00:00-04:00,1.7000000476837158,1.944000005722046,1.7000000476837158,1.8669999837875366,11600,0.0,0.0
2025-05-02 00:00:00-04:00,1.9010000228881836,1.9500000476837158,1.9010000228881836,1.9010000228881836,2300,0.0,0.0
2025-05-05 00:00:00-04:00,1.850000023841858,1.8899999856948853,1.7200000286102295,1.7200000286102295,2600,0.0,0.0
2025-05-06 00:00:00-04:00,1.690000057220459,1.7799999713897705,1.6799999475479126,1.690000057220459,1500,0.0,0.0
2025-05-07 00:00:00-04:00,1.8300000429153442,1.8300000429153442,1.7300000190734863,1.7400000095367432,1800,0.0,0.0
2025-05-08 00:00:00-04:00,1.8480000495910645,1.8899999856948853,1.840000033378601,1.8899999856948853,2600,0.0,0.0
2025-05-09 00:00:00-04:00,1.8819999694824219,1.9500000476837158,1.8700000047683716,1.9500000476837158,3800,0.0,0.0
2025-05-12 00:00:00-04:00,1.8700000047683716,2.059999942779541,1.8700000047683716,1.9900000095367432,17100,0.0,0.0
2025-05-13 00:00:00-04:00,1.9700000286102295,1.9900000095367432,1.9520000219345093,1.9600000381469727,9400,0.0,0.0
2025-05-14 00:00:00-04:00,1.9500000476837158,1.9600000381469727,1.850000023841858,1.8509999513626099,48900,0.0,0.0
2025-05-15 00:00:00-04:00,1.9079999923706055,1.909999966621399,1.649999976158142,1.840999960899353,37700,0.0,0.0
2025-05-16 00:00:00-04:00,1.7999999523162842,1.9500000476837158,1.7999999523162842,1.9249999523162842,141000,0.0,0.0
2025-05-19 00:00:00-04:00,1.940000057220459,1.9700000286102295,1.850000023841858,1.8799999952316284,226100,0.0,0.0
2025-05-20 00:00:00-04:00,1.940000057220459,2.0799999237060547,1.8799999952316284,1.9299999475479126,366300,0.0,0.0
2025-05-21 00:00:00-04:00,1.9900000095367432,2.049999952316284,1.8300000429153442,1.9800000190734863,423000,0.0,0.0
2025-05-22 00:00:00-04:00,2.0,2.1500000953674316,1.9199999570846558,2.130000114440918,421200,0.0,0.0
2025-05-23 00:00:00-04:00,2.190000057220459,2.5999999046325684,2.130000114440918,2.549999952316284,474000,0.0,0.0
2025-05-27 00:00:00-04:00,2.5899999141693115,3.119999885559082,2.5,2.825000047683716,471400,0.0,0.0
2025-05-28 00:00:00-04:00,2.9000000953674316,3.4240000247955322,2.9000000953674316,3.0,557000,0.0,0.0
2025-05-29 00:00:00-04:00,3.109999895095825,3.2799999713897705,2.619999885559082,2.890000104904175,312300,0.0,0.0
2025-05-30 00:00:00-04:00,3.1510000228881836,3.1510000228881836,2.1530001163482666,2.6500000953674316,360600,0.0,0.0
2025-06-02 00:00:00-04:00,2.6500000953674316,3.1600000858306885,2.1500000953674316,2.2300000190734863,470600,0.0,0.0
2025-06-03 00:00:00-04:00,2.299999952316284,2.8499999046325684,2.240000009536743,2.630000114440918,631400,0.0,0.0
2025-06-04 00:00:00-04:00,2.5899999141693115,2.700000047683716,2.1700000762939453,2.2699999809265137,545100,0.0,0.0
2025-06-05 00:00:00-04:00,2.299999952316284,2.430000066757202,2.0,2.049999952316284,624900,0.0,0.0
2025-06-06 00:00:00-04:00,2.049999952316284,2.180000066757202,1.5099999904632568,1.5199999809265137,499600,0.0,0.0
2025-06-09 00:00:00-04:00,1.600000023841858,1.909999966621399,1.600000023841858,1.7000000476837158,327700,0.0,0.0
2025-06-10 00:00:00-04:00,1.7300000190734863,1.850000023841858,1.5499999523162842,1.6100000143051147,303800,0.0,0.0
2025-06-11 00:00:00-04:00,1.6100000143051147,1.75,1.5299999713897705,1.559999942779541,242400,0.0,0.0
2025-06-12 00:00:00-04:00,1.5499999523162842,1.6299999952316284,1.399999976158142,1.4500000476837158,303900,0.0,0.0
2025-06-13 00:00:00-04:00,1.4199999570846558,1.5,1.3200000524520874,1.3300000429153442,231200,0.0,0.0
2025-06-16 00:00:00-04:00,1.3550000190734863,2.0999999046325684,1.2999999523162842,1.659999966621399,770800,0.0,0.0
2025-06-17 00:00:00-04:00,1.5399999618530273,1.600000023841858,1.4299999475479126,1.4299999475479126,163600,0.0,0.0
2025-06-18 00:00:00-04:00,1.3899999856948853,1.590000033378601,1.3700000047683716,1.4800000190734863,199500,0.0,0.0
2025-06-20 00:00:00-04:00,1.440000057220459,1.600000023841858,1.399999976158142,1.5199999809265137,305700,0.0,0.0
2025-06-23 00:00:00-04:00,1.600000023841858,1.690000057220459,1.4500000476837158,1.4700000286102295,243600,0.0,0.0
2025-06-24 00:00:00-04:00,1.4800000190734863,1.6799999475479126,1.4470000267028809,1.6299999952316284,142100,0.0,0.0
2025-06-25 00:00:00-04:00,1.6200000047683716,1.6460000276565552,1.5,1.5199999809265137,133000,0.0,0.0
2025-06-26 00:00:00-04:00,1.5199999809265137,1.6150000095367432,1.4299999475479126,1.4900000095367432,160400,0.0,0.0
2025-06-27 00:00:00-04:00,1.527999997138977,1.5499999523162842,1.409999966621399,1.4500000476837158,141300,0.0,0.0
2025-06-30 00:00:00-04:00,1.4210000038146973,1.5609999895095825,1.4210000038146973,1.5299999713897705,77600,0.0,0.0
2025-07-01 00:00:00-04:00,1.4600000381469727,1.5199999809265137,1.4199999570846558,1.4500000476837158,137800,0.0,0.0
2025-07-02 00:00:00-04:00,1.4229999780654907,1.5,1.4229999780654907,1.4800000190734863,3000,0.0,0.0
2025-07-03 00:00:00-04:00,1.4900000095367432,1.5889999866485596,1.4900000095367432,1.5099999904632568,16100,0.0,0.0
2025-07-07 00:00:00-04:00,1.4800000190734863,1.5299999713897705,1.399999976158142,1.4900000095367432,182000,0.0,0.0
2025-07-08 00:00:00-04:00,1.4500000476837158,1.8650000095367432,1.3899999856948853,1.815000057220459,235600,0.0,0.0
2025-07-09 00:00:00-04:00,1.7100000381469727,2.049999952316284,1.7100000381469727,1.9900000095367432,155500,0.0,0.0
2025-07-10 00:00:00-04:00,2.069999933242798,2.069999933242798,1.7000000476837158,2.0399999618530273,349400,0.0,0.0
2025-07-11 00:00:00-04:00,1.8799999952316284,2.4600000381469727,1.8799999952316284,2.4600000381469727,246000,0.0,0.0
2025-07-14 00:00:00-04:00,2.4700000286102295,2.940000057220459,2.4000000953674316,2.740000009536743,304900,0.0,0.0
2025-07-15 00:00:00-04:00,2.75,2.990000009536743,2.6600000858306885,2.9700000286102295,199900,0.0,0.0
2025-07-16 00:00:00-04:00,2.9700000286102295,3.25,2.9000000953674316,3.25,279500,0.0,0.0
2025-07-17 00:00:00-04:00,3.2899999618530273,3.4839999675750732,2.630000114440918,2.9700000286102295,411700,0.0,0.0
2025-07-18 00:00:00-04:00,2.8399999141693115,3.200000047683716,2.75,3.130000114440918,491500,0.0,0.0
2025-07-21 00:00:00-04:00,3.1700000762939453,3.5,2.88100004196167,3.5,390100,0.0,0.0
2025-07-22 00:00:00-04:00,3.509999990463257,3.5999999046325684,3.265000104904175,3.5399999618530273,335100,0.0,0.0
2025-07-23 00:00:00-04:00,3.490000009536743,3.890000104904175,3.3350000381469727,3.5999999046325684,319200,0.0,0.0
2025-07-24 00:00:00-04:00,3.4700000286102295,3.7300000190734863,2.700000047683716,2.930000066757202,497900,0.0,0.0
2025-07-25 00:00:00-04:00,2.7100000381469727,3.299999952316284,2.7100000381469727,3.0199999809265137,344000,0.0,0.0
2025-07-28 00:00:00-04:00,2.9000000953674316,3.0899999141693115,2.759999990463257,2.9700000286102295,327100,0.0,0.0
2025-07-29 00:00:00-04:00,2.940000057220459,3.059999942779541,1.0,1.100000023841858,1899300,0.0,0.0
2025-07-30 00:00:00-04:00,1.0700000524520874,1.0800000429153442,0.8100000023841858,0.878000020980835,512000,0.0,0.0
2025-07-31 00:00:00-04:00,0.8500000238418579,1.5499999523162842,0.8500000238418579,1.059999942779541,3215200,0.0,0.0
2025-08-01 00:00:00-04:00,1.0,1.0399999618530273,0.9399999976158142,0.9800000190734863,216600,0.0,0.0
2025-08-04 00:00:00-04:00,1.0800000429153442,1.0800000429153442,0.9599999785423279,1.034000039100647,119800,0.0,0.0
2025-08-05 00:00:00-04:00,1.0299999713897705,1.069000005722046,0.8999999761581421,0.9800000190734863,209500,0.0,0.0
2025-08-06 00:00:00-04:00,0.968999981880188,1.0099999904632568,0.9599999785423279,1.0,20400,0.0,0.0
2025-08-07 00:00:00-04:00,0.9599999785423279,1.0,0.8999999761581421,0.9860000014305115,92900,0.0,0.0
2025-08-08 00:00:00-04:00,0.9480000138282776,1.0199999809265137,0.9430000185966492,0.9959999918937683,37700,0.0,0.0
2025-08-11 00:00:00-04:00,0.9599999785423279,0.9850000143051147,0.8799999952316284,0.9409999847412109,33100,0.0,0.0
2025-08-12 00:00:00-04:00,0.9399999976158142,0.9399999976158142,0.8309999704360962,0.8500000238418579,60000,0.0,0.0
2025-08-13 00:00:00-04:00,0.8309999704360962,0.8700000047683716,0.7210000157356262,0.7350000143051147,143100,0.0,0.0
2025-08-14 00:00:00-04:00,0.7360000014305115,0.75,0.6010000109672546,0.6119999885559082,143300,0.0,0.0
2025-08-15 00:00:00-04:00,0.6290000081062317,0.6800000071525574,0.6150000095367432,0.6259999871253967,68400,0.0,0.0
2025-08-18 00:00:00-04:00,0.6510000228881836,0.7300000190734863,0.5799999833106995,0.7170000076293945,272900,0.0,0.0
2025-08-19 00:00:00-04:00,0.699999988079071,1.0499999523162842,0.6399999856948853,0.7099999785423279,13362200,0.0,0.0
2025-08-20 00:00:00-04:00,0.7860000133514404,1.090000033378601,0.7850000262260437,0.8880000114440918,19743600,0.0,0.0
2025-08-21 00:00:00-04:00,0.9070000052452087,0.9070000052452087,0.781000018119812,0.843999981880188,733500,0.0,0.0
2025-08-22 00:00:00-04:00,0.7799999713897705,0.8489999771118164,0.7300000190734863,0.800000011920929,236000,0.0,0.0
2025-08-25 00:00:00-04:00,0.7799999713897705,0.800000011920929,0.6880000233650208,0.6940000057220459,326200,0.0,0.0
2025-08-26 00:00:00-04:00,0.699999988079071,0.7390000224113464,0.6880000233650208,0.7099999785423279,803000,0.0,0.0
2025-08-27 00:00:00-04:00,0.7419999837875366,0.75,0.6800000071525574,0.6830000281333923,970800,0.0,0.0
2025-08-28 00:00:00-04:00,0.6499999761581421,0.75,0.6209999918937683,0.6899999976158142,379900,0.0,0.0
2025-08-29 00:00:00-04:00,0.675000011920929,0.7200000286102295,0.6710000038146973,0.6800000071525574,70300,0.0,0.0
2025-09-02 00:00:00-04:00,0.6899999976158142,0.7200000286102295,0.6660000085830688,0.7139999866485596,124800,0.0,0.0
2025-09-03 00:00:00-04:00,0.6800000071525574,0.7179999947547913,0.6539999842643738,0.7099999785423279,102400,0.0,0.0
2025-09-04 00:00:00-04:00,0.6779999732971191,0.7429999709129333,0.6779999732971191,0.7429999709129333,259200,0.0,0.0
2025-09-05 00:00:00-04:00,0.7200000286102295,0.800000011920929,0.7080000042915344,0.781000018119812,227000,0.0,0.0
2025-09-08 00:00:00-04:00,0.7580000162124634,0.7799999713897705,0.7300000190734863,0.7549999952316284,192300,0.0,0.0
2025-09-09 00:00:00-04:00,0.7540000081062317,0.800000011920929,0.7300000190734863,0.75,427200,0.0,0.0
2025-09-10 00:00:00-04:00,1.690000057220459,2.819999933242798,0.9900000095367432,1.0800000429153442,141851700,0.0,0.0
2025-09-11 00:00:00-04:00,1.059999942779541,1.059999942779541,0.8399999737739563,1.0499999523162842,4089800,0.0,0.0
2025-09-12 00:00:00-04:00,1.0700000524520874,1.100000023841858,1.0,1.0399999618530273,1290300,0.0,0.0
2025-09-15 00:00:00-04:00,1.0199999809265137,1.0700000524520874,0.949999988079071,0.9700000286102295,820600,0.0,0.0
2025-09-16 00:00:00-04:00,0.9210000038146973,0.9700000286102295,0.8640000224113464,0.8920000195503235,662800,0.0,0.0
2025-09-17 00:00:00-04:00,0.8679999709129333,0.9850000143051147,0.8679999709129333,0.9520000219345093,317500,0.0,0.0
2025-09-18 00:00:00-04:00,0.9200000166893005,0.9800000190734863,0.8560000061988831,0.8939999938011169,585200,0.0,0.0
2025-09-19 00:00:00-04:00,0.8519999980926514,0.9399999976158142,0.8519999980926514,0.8790000081062317,229700,0.0,0.0
2025-09-22 00:00:00-04:00,0.8790000081062317,0.8790000081062317,0.7889999747276306,0.7979999780654907,765900,0.0,0.0
2025-09-23 00:00:00-04:00,0.800000011920929,0.828000009059906,0.800000011920929,0.8090000152587891,217600,0.0,0.0
2025-09-24 00:00:00-04:00,0.8050000071525574,0.8080000281333923,0.7350000143051147,0.7490000128746033,355000,0.0,0.0
2025-09-25 00:00:00-04:00,0.7300000190734863,0.777999997138977,0.7250000238418579,0.7459999918937683,215500,0.0,0.0
2025-09-26 00:00:00-04:00,0.7540000081062317,0.7680000066757202,0.722000002861023,0.7250000238418579,194100,0.0,0.0
2025-09-29 00:00:00-04:00,0.7059999704360962,0.7329999804496765,0.699999988079071,0.7059999704360962,138600,0.0,0.0
2025-09-30 00:00:00-04:00,0.699999988079071,0.718999981880188,0.6809999942779541,0.7020000219345093,150600,0.0,0.0
2025-10-01 00:00:00-04:00,0.7020000219345093,0.7459999918937683,0.699999988079071,0.7269999980926514,91000,0.0,0.0
2025-10-02 00:00:00-04:00,0.7260000109672546,0.7400000095367432,0.7110000252723694,0.7269999980926514,68700,0.0,0.0
2025-10-03 00:00:00-04:00,0.7559999823570251,0.7599999904632568,0.7269999980926514,0.753000020980835,176900,0.0,0.0
2025-10-06 00:00:00-04:00,0.7680000066757202,0.7799999713897705,0.7409999966621399,0.7549999952316284,132200,0.0,0.0
2025-10-07 00:00:00-04:00,0.75,0.75,0.6769999861717224,0.7049999833106995,272100,0.0,0.0
2025-10-08 00:00:00-04:00,0.7049999833106995,0.7049999833106995,0.6859999895095825,0.6899999976158142,133100,0.0,0.0
2025-10-09 00:00:00-04:00,0.6909999847412109,0.6949999928474426,0.6690000295639038,0.675000011920929,157500,0.0,0.0
2025-10-10 00:00:00-04:00,0.6869999766349792,0.6970000267028809,0.6499999761581421,0.6589999794960022,163600,0.0,0.0
2025-10-13 00:00:00-04:00,0.6499999761581421,0.6800000071525574,0.6449999809265137,0.6700000166893005,160900,0.0,0.0
2025-10-14 00:00:00-04:00,0.6660000085830688,0.6940000057220459,0.6579999923706055,0.671999990940094,68200,0.0,0.0
2025-10-15 00:00:00-04:00,0.6800000071525574,0.7099999785423279,0.6620000004768372,0.6629999876022339,94200,0.0,0.0
2025-10-16 00:00:00-04:00,0.6660000085830688,0.6700000166893005,0.6320000290870667,0.6349999904632568,142000,0.0,0.0
2025-10-17 00:00:00-04:00,0.6449999809265137,0.6629999876022339,0.6169999837875366,0.621999979019165,213400,0.0,0.0
2025-10-20 00:00:00-04:00,0.6200000047683716,0.6399999856948853,0.6200000047683716,0.6399999856948853,82500,0.0,0.0
2025-10-21 00:00:00-04:00,0.6240000128746033,0.6639999747276306,0.6200000047683716,0.6480000019073486,153500,0.0,0.0
2025-10-22 00:00:00-04:00,0.6650000214576721,0.6769999861717224,0.6299999952316284,0.6399999856948853,131100,0.0,0.0
2025-10-23 00:00:00-04:00,0.6380000114440918,0.6679999828338623,0.6320000290870667,0.6470000147819519,70200,0.0,0.0
2025-10-24 00:00:00-04:00,0.6380000114440918,0.6620000004768372,0.6380000114440918,0.6470000147819519,43300,0.0,0.0
2025-10-27 00:00:00-04:00,0.699999988079071,0.699999988079071,0.6499999761581421,0.6669999957084656,102900,0.0,0.0
2025-10-28 00:00:00-04:00,0.6470000147819519,0.6610000133514404,0.6299999952316284,0.6320000290870667,88400,0.0,0.0
2025-10-29 00:00:00-04:00,0.6449999809265137,0.6809999942779541,0.6349999904632568,0.652999997138977,3810700,0.0,0.0
2025-10-30 00:00:00-04:00,0.7549999952316284,1.090000033378601,0.7300000190734863,0.8640000224113464,69058400,0.0,0.0
2025-10-31 00:00:00-04:00,0.7609999775886536,0.7609999775886536,0.6600000262260437,0.6800000071525574,1759500,0.0,0.0
2025-11-03 00:00:00-05:00,0.6899999976158142,0.7099999785423279,0.656000018119812,0.6809999942779541,576300,0.0,0.0
2025-11-04 00:00:00-05:00,0.6600000262260437,0.6779999732971191,0.5699999928474426,0.5910000205039978,617200,0.0,0.0
2025-11-05 00:00:00-05:00,0.5759999752044678,0.6299999952316284,0.5720000267028809,0.6069999933242798,142500,0.0,0.0
2025-11-06 00:00:00-05:00,0.5899999737739563,0.6209999918937683,0.5529999732971191,0.5879999995231628,194800,0.0,0.0
2025-11-07 00:00:00-05:00,0.574999988079071,0.5879999995231628,0.5099999904632568,0.5260000228881836,226200,0.0,0.0
2025-11-10 00:00:00-05:00,0.5230000019073486,0.5550000071525574,0.5099999904632568,0.5299999713897705,83600,0.0,0.0
2025-11-11 00:00:00-05:00,0.5139999985694885,0.5289999842643738,0.47099998593330383,0.4869999885559082,168700,0.0,0.0
2025-11-12 00:00:00-05:00,0.47999998927116394,0.5320000052452087,0.47999998927116394,0.5120000243186951,138000,0.0,0.0
2025-11-13 00:00:00-05:00,0.5180000066757202,0.5199999809265137,0.4779999852180481,0.48100000619888306,91700,0.0,0.0
2025-11-14 00:00:00-05:00,0.46299999952316284,0.5009999871253967,0.46299999952316284,0.48500001430511475,60100,0.0,0.0
2025-11-17 00:00:00-05:00,0.47999998927116394,0.48500001430511475,0.4230000078678131,0.4399999976158142,112300,0.0,0.0
2025-11-18 00:00:00-05:00,0.4309999942779541,0.45399999618530273,0.42500001192092896,0.42800000309944153,52900,0.0,0.0
2025-11-19 00:00:00-05:00,0.42899999022483826,0.4399999976158142,0.41999998688697815,0.41999998688697815,37900,0.0,0.0
2025-11-20 00:00:00-05:00,0.4099999964237213,0.45399999618530273,0.39800000190734863,0.39800000190734863,71800,0.0,0.0
2025-11-21 00:00:00-05:00,0.3700000047683716,0.3959999978542328,0.3700000047683716,0.3880000114440918,143900,0.0,0.0
2025-11-24 00:00:00-05:00,0.3799999952316284,0.4440000057220459,0.3799999952316284,0.4309999942779541,93200,0.0,0.0
2025-11-25 00:00:00-05:00,0.42800000309944153,0.4399999976158142,0.42500001192092896,0.4309999942779541,73500,0.0,0.0
2025-11-26 00:00:00-05:00,0.4300000071525574,0.5339999794960022,0.4259999990463257,0.47999998927116394,312300,0.0,0.0
2025-11-28 00:00:00-05:00,0.44999998807907104,0.5059999823570251,0.44999998807907104,0.503000020980835,106000,0.0,0.0
2025-12-01 00:00:00-05:00,0.49300000071525574,0.49300000071525574,0.46000000834465027,0.4790000021457672,105300,0.0,0.0
2025-12-02 00:00:00-05:00,0.4650000035762787,0.47600001096725464,0.44699999690055847,0.45899999141693115,56600,0.0,0.0
2025-12-03 00:00:00-05:00,0.46000000834465027,0.46000000834465027,0.4399999976158142,0.44600000977516174,66900,0.0,0.0
2025-12-04 00:00:00-05:00,0.44600000977516174,0.46399998664855957,0.421999990940094,0.42800000309944153,111400,0.0,0.0
2025-12-05 00:00:00-05:00,0.4359999895095825,0.453000009059906,0.4350000023841858,0.4490000009536743,18000,0.0,0.0
2025-12-08 00:00:00-05:00,0.45399999618530273,0.4699999988079071,0.44999998807907104,0.453000009059906,27400,0.0,0.0
2025-12-09 00:00:00-05:00,0.4620000123977661,0.4690000116825104,0.4300000071525574,0.4309999942779541,56900,0.0,0.0
2025-12-10 00:00:00-05:00,0.453000009059906,0.4740000069141388,0.41999998688697815,0.4399999976158142,50400,0.0,0.0
2025-12-11 00:00:00-05:00,0.4320000112056732,0.4399999976158142,0.42399999499320984,0.43700000643730164,33000,0.0,0.0
2025-12-12 00:00:00-05:00,0.4399999976158142,0.4410000145435333,0.4300000071525574,0.4300000071525574,27500,0.0,0.0
2025-12-15 00:00:00-05:00,0.41999998688697815,0.44999998807907104,0.40799999237060547,0.40799999237060547,46100,0.0,0.0
2025-12-16 00:00:00-05:00,0.4090000092983246,0.41499999165534973,0.4050000011920929,0.4050000011920929,32200,0.0,0.0
2025-12-17 00:00:00-05:00,0.42399999499320984,0.503000020980835,0.3889999985694885,0.4300000071525574,555400,0.0,0.0
2025-12-18 00:00:00-05:00,0.4440000057220459,0.4729999899864197,0.4300000071525574,0.45500001311302185,97300,0.0,0.0
2025-12-19 00:00:00-05:00,0.5070000290870667,0.5299999713897705,0.460999995470047,0.4620000123977661,557100,0.0,0.0
2025-12-22 00:00:00-05:00,0.49000000953674316,0.5690000057220459,0.4699999988079071,0.5600000023841858,2296700,0.0,0.0
2025-12-23 00:00:00-05:00,0.5389999747276306,0.5410000085830688,0.47999998927116394,0.5230000019073486,271700,0.0,0.0
2025-12-24 00:00:00-05:00,0.4950000047683716,0.5,0.4399999976158142,0.4950000047683716,223900,0.0,0.0
2025-12-26 00:00:00-05:00,0.47999998927116394,0.47999998927116394,0.4399999976158142,0.460999995470047,123600,0.0,0.0
2025-12-29 00:00:00-05:00,0.44699999690055847,0.4580000042915344,0.40700000524520874,0.4350000023841858,208200,0.0,0.0
2025-12-30 00:00:00-05:00,0.421999990940094,0.44999998807907104,0.4099999964237213,0.43700000643730164,83300,0.0,0.0
2025-12-31 00:00:00-05:00,0.4300000071525574,0.4399999976158142,0.3199999928474426,0.3499999940395355,377200,0.0,0.0
2026-01-02 00:00:00-05:00,0.375,0.38999998569488525,0.3569999933242798,0.37700000405311584,87800,0.0,0.0
2026-01-05 00:00:00-05:00,0.3659999966621399,0.3880000114440918,0.3499999940395355,0.3580000102519989,204200,0.0,0.0
2026-01-06 00:00:00-05:00,0.3799999952316284,0.4090000092983246,0.35600000619888306,0.40700000524520874,155600,0.0,0.0
2026-01-07 00:00:00-05:00,0.4099999964237213,0.4099999964237213,0.3700000047683716,0.3790000081062317,145000,0.0,0.0
2026-01-08 00:00:00-05:00,0.4099999964237213,0.4099999964237213,0.37299999594688416,0.38199999928474426,69800,0.0,0.0
2026-01-09 00:00:00-05:00,0.3959999978542328,0.40299999713897705,0.3700000047683716,0.3790000081062317,107100,0.0,0.0
2026-01-12 00:00:00-05:00,0.3700000047683716,0.4000000059604645,0.367000013589859,0.37400001287460327,351500,0.0,0.0
2026-01-13 00:00:00-05:00,0.38999998569488525,0.38999998569488525,0.3370000123977661,0.3630000054836273,179500,0.0,0.0
2026-01-14 00:00:00-05:00,0.35199999809265137,0.3700000047683716,0.3499999940395355,0.36899998784065247,47900,0.0,0.0
2026-01-15 00:00:00-05:00,0.38199999928474426,0.39500001072883606,0.3499999940395355,0.3869999945163727,66900,0.0,0.0
2026-01-16 00:00:00-05:00,0.3700000047683716,0.3869999945163727,0.36800000071525574,0.3840000033378601,27900,0.0,0.0
2026-01-20 00:00:00-05:00,0.37599998712539673,0.3840000033378601,0.35499998927116394,0.3799999952316284,112100,0.0,0.0
2026-01-21 00:00:00-05:00,0.3700000047683716,0.3709999918937683,0.3400000035762787,0.3659999966621399,171200,0.0,0.0
2026-01-22 00:00:00-05:00,0.3569999933242798,0.36899998784065247,0.3409999907016754,0.36399999260902405,59900,0.0,0.0
2026-01-23 00:00:00-05:00,0.3499999940395355,0.3630000054836273,0.34599998593330383,0.3569999933242798,44000,0.0,0.0
2026-01-26 00:00:00-05:00,0.3400000035762787,0.35600000619888306,0.335999995470047,0.3370000123977661,100800,0.0,0.0
2026-01-27 00:00:00-05:00,0.3400000035762787,0.3499999940395355,0.3400000035762787,0.3440000116825104,18400,0.0,0.0
2026-01-28 00:00:00-05:00,0.3479999899864197,0.36000001430511475,0.3230000138282776,0.3269999921321869,65400,0.0,0.0
2026-01-29 00:00:00-05:00,0.3400000035762787,0.3479999899864197,0.30300000309944153,0.31299999356269836,118100,0.0,0.0
2026-01-30 00:00:00-05:00,0.328000009059906,0.3479999899864197,0.3009999990463257,0.33399999141693115,774900,0.0,0.0
2026-02-02 00:00:00-05:00,0.33799999952316284,0.33799999952316284,0.3009999990463257,0.30300000309944153,133500,0.0,0.0
2026-02-03 00:00:00-05:00,0.30000001192092896,0.31700000166893005,0.2590000033378601,0.3089999854564667,450000,0.0,0.0
2026-02-04 00:00:00-05:00,0.28999999165534973,0.296999990940094,0.27000001072883606,0.2849999964237213,308600,0.0,0.0
2026-02-05 00:00:00-05:00,0.2770000100135803,0.2809999883174896,0.25999999046325684,0.25999999046325684,118300,0.0,0.0
2026-02-06 00:00:00-05:00,0.25200000405311584,0.2849999964237213,0.25,0.2759999930858612,165200,0.0,0.0
2026-02-09 00:00:00-05:00,0.26600000262260437,0.2919999957084656,0.26600000262260437,0.2849999964237213,215300,0.0,0.0
2026-02-10 00:00:00-05:00,0.28200000524520874,0.3149999976158142,0.2750000059604645,0.30000001192092896,169300,0.0,0.0
2026-02-11 00:00:00-05:00,0.3160000145435333,0.38999998569488525,0.3149999976158142,0.3400000035762787,512700,0.0,0.0
2026-02-12 00:00:00-05:00,0.3449999988079071,0.4300000071525574,0.3400000035762787,0.41100001335144043,944900,0.0,0.0
2026-02-13 00:00:00-05:00,0.4189999997615814,0.4300000071525574,0.3700000047683716,0.42500001192092896,277400,0.0,0.0
2026-02-17 00:00:00-05:00,0.41499999165534973,0.44999998807907104,0.38499999046325684,0.43799999356269836,128700,0.0,0.0
2026-02-18 00:00:00-05:00,0.4399999976158142,0.4699999988079071,0.4300000071525574,0.4300000071525574,201900,0.0,0.0
2026-02-19 00:00:00-05:00,0.43799999356269836,0.4699999988079071,0.4009999930858612,0.4309999942779541,51200,0.0,0.0
2026-02-20 00:00:00-05:00,0.4269999861717224,0.4399999976158142,0.4099999964237213,0.41499999165534973,63300,0.0,0.0
2026-02-23 00:00:00-05:00,0.41200000047683716,0.43299999833106995,0.38999998569488525,0.38999998569488525,69100,0.0,0.0
2026-02-24 00:00:00-05:00,0.41999998688697815,0.4399999976158142,0.3779999911785126,0.3790000081062317,91100,0.0,0.0
2026-02-25 00:00:00-05:00,0.38999998569488525,0.41999998688697815,0.382999986410141,0.382999986410141,40000,0.0,0.0
2026-02-26 00:00:00-05:00,0.4000000059604645,0.4399999976158142,0.382999986410141,0.41100001335144043,157800,0.0,0.0
2026-02-27 00:00:00-05:00,0.4390000104904175,0.4390000104904175,0.414000004529953,0.414000004529953,36200,0.0,0.0
2026-03-02 00:00:00-05:00,0.4000000059604645,0.4749999940395355,0.39100000262260437,0.4410000145435333,288200,0.0,0.0
2026-03-03 00:00:00-05:00,0.4410000145435333,0.4410000145435333,0.4300000071525574,0.4309999942779541,48000,0.0,0.0
2026-03-04 00:00:00-05:00,0.41999998688697815,0.4300000071525574,0.38999998569488525,0.38999998569488525,48600,0.0,0.0
2026-03-05 00:00:00-05:00,0.39899998903274536,0.41999998688697815,0.39899998903274536,0.4009999930858612,50400,0.0,0.0
2026-03-06 00:00:00-05:00,0.4009999930858612,0.4180000126361847,0.3799999952316284,0.3799999952316284,39500,0.0,0.0
2026-03-09 00:00:00-04:00,0.3930000066757202,0.41100001335144043,0.38999998569488525,0.38999998569488525,119000,0.0,0.0
2026-03-10 00:00:00-04:00,0.3840000033378601,0.40700000524520874,0.3840000033378601,0.3970000147819519,47900,0.0,0.0
2026-03-11 00:00:00-04:00,0.38999998569488525,0.41499999165534973,0.38999998569488525,0.40799999237060547,59400,0.0,0.0
2026-03-12 00:00:00-04:00,0.4180000126361847,0.4490000009536743,0.41499999165534973,0.41499999165534973,55800,0.0,0.0
2026-03-13 00:00:00-04:00,0.4339999854564667,0.4339999854564667,0.38999998569488525,0.38999998569488525,24900,0.0,0.0
2026-03-16 00:00:00-04:00,0.39100000262260437,0.4869999885559082,0.3889999985694885,0.4300000071525574,404500,0.0,0.0
2026-03-17 00:00:00-04:00,0.421999990940094,0.45500001311302185,0.421999990940094,0.43700000643730164,78400,0.0,0.0
2026-03-18 00:00:00-04:00,0.43700000643730164,0.46799999475479126,0.4309999942779541,0.4320000112056732,56800,0.0,0.0
2026-03-19 00:00:00-04:00,0.4339999854564667,0.44999998807907104,0.4000000059604645,0.4300000071525574,144600,0.0,0.0
2026-03-20 00:00:00-04:00,0.4359999895095825,0.43700000643730164,0.4300000071525574,0.4300000071525574,51300,0.0,0.0
2026-03-23 00:00:00-04:00,0.4090000092983246,0.4300000071525574,0.4090000092983246,0.41999998688697815,40500,0.0,0.0
2026-03-24 00:00:00-04:00,0.4050000011920929,0.41999998688697815,0.38999998569488525,0.40299999713897705,11200,0.0,0.0
2026-03-25 00:00:00-04:00,0.44600000977516174,0.44600000977516174,0.38999998569488525,0.38999998569488525,146700,0.0,0.0
2026-03-26 00:00:00-04:00,0.3709999918937683,0.4000000059604645,0.3700000047683716,0.3700000047683716,34300,0.0,0.0
2026-03-27 00:00:00-04:00,0.375,0.4099999964237213,0.3700000047683716,0.37599998712539673,9300,0.0,0.0
2026-03-30 00:00:00-04:00,0.37299999594688416,0.38499999046325684,0.2809999883174896,0.3240000009536743,110800,0.0,0.0
2026-03-31 00:00:00-04:00,0.32899999618530273,0.3880000114440918,0.32100000977516174,0.3790000081062317,88200,0.0,0.0
2026-04-01 00:00:00-04:00,0.3889999985694885,0.4300000071525574,0.3790000081062317,0.39100000262260437,133000,0.0,0.0
2026-04-02 00:00:00-04:00,0.382999986410141,0.4099999964237213,0.382999986410141,0.3840000033378601,1436600,0.0,0.0
2026-04-06 00:00:00-04:00,0.35100001096725464,0.42899999022483826,0.35100001096725464,0.3930000066757202,220400,0.0,0.0
2026-04-07 00:00:00-04:00,0.38499999046325684,0.4009999930858612,0.3700000047683716,0.37299999594688416,32200,0.0,0.0
2026-04-08 00:00:00-04:00,0.4000000059604645,0.4000000059604645,0.35100001096725464,0.36899998784065247,86900,0.0,0.0
2026-04-09 00:00:00-04:00,0.3630000054836273,0.39899998903274536,0.35499998927116394,0.3630000054836273,102900,0.0,0.0
2026-04-10 00:00:00-04:00,0.37400001287460327,0.3880000114440918,0.3630000054836273,0.3700000047683716,34200,0.0,0.0
2026-04-13 00:00:00-04:00,0.38499999046325684,0.4650000035762787,0.36000001430511475,0.4410000145435333,169400,0.0,0.0
2026-04-14 00:00:00-04:00,0.4399999976158142,0.4399999976158142,0.3970000147819519,0.3970000147819519,51700,0.0,0.0
2026-04-15 00:00:00-04:00,0.39899998903274536,0.4300000071525574,0.38999998569488525,0.41600000858306885,34200,0.0,0.0
2026-04-16 00:00:00-04:00,0.414000004529953,0.41499999165534973,0.39100000262260437,0.4050000011920929,39300,0.0,0.0
2026-04-17 00:00:00-04:00,0.39500001072883606,0.41100001335144043,0.38999998569488525,0.39800000190734863,49800,0.0,0.0
2026-04-20 00:00:00-04:00,0.38999998569488525,0.3959999978542328,0.375,0.382999986410141,74200,0.0,0.0
2026-04-21 00:00:00-04:00,0.3700000047683716,0.3930000066757202,0.3619999885559082,0.3720000088214874,29000,0.0,0.0
2026-04-22 00:00:00-04:00,0.36800000071525574,0.3720000088214874,0.3050000071525574,0.3400000035762787,119600,0.0,0.0
2026-04-23 00:00:00-04:00,0.36000001430511475,0.36000001430511475,0.33000001311302185,0.34299999475479126,27600,0.0,0.0
2026-04-24 00:00:00-04:00,0.3630000054836273,0.3630000054836273,0.3400000035762787,0.3409999907016754,76800,0.0,0.0
2026-04-27 00:00:00-04:00,0.33799999952316284,0.34299999475479126,0.32499998807907104,0.33500000834465027,49600,0.0,0.0
2026-04-28 00:00:00-04:00,0.3199999928474426,0.3499999940395355,0.3199999928474426,0.3330000042915344,33200,0.0,0.0
2026-04-29 00:00:00-04:00,0.32600000500679016,0.3330000042915344,0.3179999887943268,0.3199999928474426,21200,0.0,0.0
2026-04-30 00:00:00-04:00,0.3100000023841858,0.3499999940395355,0.3050000071525574,0.3499999940395355,69100,0.0,0.0
2026-05-01 00:00:00-04:00,0.32499998807907104,0.3499999940395355,0.3199999928474426,0.3449999988079071,7100,0.0,0.0
2026-05-04 00:00:00-04:00,0.3490000069141388,0.4300000071525574,0.3050000071525574,0.35199999809265137,41400,0.0,0.0
2026-05-05 00:00:00-04:00,0.3499999940395355,0.38999998569488525,0.3499999940395355,0.37400001287460327,42000,0.0,0.0
2026-05-06 00:00:00-04:00,0.37400001287460327,0.38199999928474426,0.3580000102519989,0.3610000014305115,17519800,0.0,0.0
2026-05-07 00:00:00-04:00,0.6919999718666077,0.7450000047683716,0.527999997138977,0.5490000247955322,208925200,0.0,0.0
2026-05-08 00:00:00-04:00,0.5149999856948853,0.5180000066757202,0.44999998807907104,0.45899999141693115,6254800,0.0,0.0
2026-05-11 00:00:00-04:00,0.4490000009536743,0.6000000238418579,0.4490000009536743,0.5950000286102295,3167100,0.0,0.0
2026-05-12 00:00:00-04:00,0.578000009059906,0.6259999871253967,0.5590000152587891,0.5590000152587891,1090600,0.0,0.0
2026-05-13 00:00:00-04:00,0.5070000290870667,0.5699999928474426,0.47999998927116394,0.5149999856948853,543300,0.0,0.0
2026-05-14 00:00:00-04:00,0.49399998784065247,0.5249999761581421,0.41999998688697815,0.47999998927116394,797200,0.0,0.0
2026-05-15 00:00:00-04:00,0.4300000071525574,0.44999998807907104,0.3499999940395355,0.4020000100135803,357200,0.0,0.0
2026-05-18 00:00:00-04:00,0.3720000088214874,0.3869999945163727,0.3499999940395355,0.38499999046325684,367800,0.0,0.0
2026-05-19 00:00:00-04:00,0.38499999046325684,0.40700000524520874,0.3700000047683716,0.3799999952316284,220600,0.0,0.0
2026-05-20 00:00:00-04:00,0.3700000047683716,0.4300000071525574,0.3700000047683716,0.3919999897480011,369700,0.0,0.0
2026-05-21 00:00:00-04:00,0.382999986410141,0.4090000092983246,0.3799999952316284,0.3959999978542328,145400,0.0,0.0
2026-05-22 00:00:00-04:00,0.3889999985694885,0.46000000834465027,0.38100001215934753,0.42899999022483826,518000,0.0,0.0
2026-05-26 00:00:00-04:00,0.41999998688697815,0.4699999988079071,0.38999998569488525,0.42800000309944153,384900,0.0,0.0
2026-05-27 00:00:00-04:00,0.4309999942779541,0.5709999799728394,0.41999998688697815,0.5009999871253967,2363700,0.0,0.0
2026-05-28 00:00:00-04:00,0.44999998807907104,0.4779999852180481,0.4000000059604645,0.44999998807907104,601300,0.0,0.0
2026-05-29 00:00:00-04:00,0.45500001311302185,0.45500001311302185,0.41999998688697815,0.4359999895095825,312400,0.0,0.0
2026-06-01 00:00:00-04:00,0.4440000057220459,0.5230000019073486,0.41999998688697815,0.5199999809265137,1035500,0.0,0.0
2026-06-02 00:00:00-04:00,0.5,0.5,0.41999998688697815,0.46000000834465027,255000,0.0,0.0
2026-06-03 00:00:00-04:00,0.44699999690055847,0.47200000286102295,0.4350000023841858,0.44999998807907104,105700,0.0,0.0
2026-06-04 00:00:00-04:00,0.4350000023841858,0.4749999940395355,0.4350000023841858,0.44999998807907104,168800,0.0,0.0
2026-06-05 00:00:00-04:00,0.44699999690055847,0.4580000042915344,0.4050000011920929,0.4050000011920929,241400,0.0,0.0
2026-06-08 00:00:00-04:00,0.4300000071525574,0.47600001096725464,0.37599998712539673,0.39899998903274536,6304400,0.0,0.0
2026-06-09 00:00:00-04:00,0.4309999942779541,1.0800000429153442,0.4309999942779541,0.4399999976158142,94273800,0.0,0.0
2026-06-10 00:00:00-04:00,0.7049999833106995,0.9599999785423279,0.5239999890327454,0.6669999957084656,74296000,0.0,0.0
2026-06-11 00:00:00-04:00,0.5339999794960022,0.6200000047683716,0.4490000009536743,0.5410000085830688,2831700,0.0,0.0
2026-06-12 00:00:00-04:00,0.49000000953674316,0.5789999961853027,0.49000000953674316,0.49000000953674316,868600,0.0,0.0
2026-06-15 00:00:00-04:00,0.49000000953674316,0.5099999904632568,0.44999998807907104,0.4650000035762787,803600,0.0,0.0
2026-06-16 00:00:00-04:00,0.503000020980835,0.5149999856948853,0.4650000035762787,0.49900001287460327,529400,0.0,0.0
2026-06-17 00:00:00-04:00,0.4830000102519989,0.4830000102519989,0.4410000145435333,0.4560000002384186,491100,0.0,0.0
2026-06-18 00:00:00-04:00,0.4490000009536743,0.4560000002384186,0.41600000858306885,0.4320000112056732,290400,0.0,0.0
2026-06-22 00:00:00-04:00,0.4169999957084656,0.4359999895095825,0.4009999930858612,0.4009999930858612,115200,0.0,0.0
2026-06-23 00:00:00-04:00,0.4169999957084656,0.5839999914169312,0.4000000059604645,0.4269999861717224,17574300,0.0,0.0
2026-06-24 00:00:00-04:00,0.43700000643730164,0.49000000953674316,0.4300000071525574,0.4740000069141388,870400,0.0,0.0
2026-06-25 00:00:00-04:00,0.44999998807907104,0.4620000123977661,0.41999998688697815,0.42100000381469727,369200,0.0,0.0
2026-06-26 00:00:00-04:00,0.42100000381469727,0.45500001311302185,0.4180000126361847,0.4309999942779541,295300,0.0,0.0
2026-06-29 00:00:00-04:00,0.43799999356269836,0.44999998807907104,0.41999998688697815,0.42100000381469727,144200,0.0,0.0
2026-06-30 00:00:00-04:00,0.41999998688697815,0.4440000057220459,0.41600000858306885,0.4300000071525574,150400,0.0,0.0
2026-07-01 00:00:00-04:00,0.41999998688697815,0.48500001430511475,0.414000004529953,0.46399998664855957,175400,0.0,0.0
2026-07-02 00:00:00-04:00,0.4300000071525574,0.460999995470047,0.41999998688697815,0.4300000071525574,114400,0.0,0.0
2026-07-06 00:00:00-04:00,0.44699999690055847,0.46700000762939453,0.4359999895095825,0.44999998807907104,1714900,0.0,0.0
2026-07-07 00:00:00-04:00,0.46000000834465027,0.47200000286102295,0.43799999356269836,0.43799999356269836,379600,0.0,0.0
2026-07-08 00:00:00-04:00,0.4300000071525574,0.4449999928474426,0.4090000092983246,0.41999998688697815,272300,0.0,0.0
2026-07-09 00:00:00-04:00,0.42899999022483826,0.42899999022483826,0.4009999930858612,0.421999990940094,131200,0.0,0.0
2026-07-10 00:00:00-04:00,0.41200000047683716,0.4429999887943268,0.3869999945163727,0.4180000126361847,179400,0.0,0.0
2026-07-13 00:00:00-04:00,0.4050000011920929,0.4259999990463257,0.4009999930858612,0.4259999990463257,145800,0.0,0.0
2026-07-14 00:00:00-04:00,0.414000004529953,0.4449999928474426,0.414000004529953,0.43799999356269836,112100,0.0,0.0
2026-07-15 00:00:00-04:00,0.43799999356269836,0.43799999356269836,0.41999998688697815,0.42899999022483826,38400,0.0,0.0
2026-07-16 00:00:00-04:00,0.414000004529953,0.4180000126361847,0.3919999897480011,0.414000004529953,115800,0.0,0.0
2026-07-17 00:00:00-04:00,0.4050000011920929,0.41100001335144043,0.38999998569488525,0.40400001406669617,63000,0.0,0.0
2026-07-20 00:00:00-04:00,0.38999998569488525,0.4099999964237213,0.3799999952316284,0.3840000033378601,232600,0.0,0.0
2026-07-21 00:00:00-04:00,0.3840000033378601,0.4090000092983246,0.3799999952316284,0.4000000059604645,161300,0.0,0.0
2026-07-22 00:00:00-04:00,0.4000000059604645,0.4699999988079071,0.39100000262260437,0.4300000071525574,651900,0.0,0.0
2026-07-23 00:00:00-04:00,0.41920000314712524,0.4397999942302704,0.38510000705718994,0.39410001039505005,242040,0.0,0.0
