Date,Open,High,Low,Close,Volume,Dividends,Stock Splits
2022-01-03 00:00:00-05:00,5.157041999265194,5.2391480683345115,5.082755733378066,5.223508834838867,10900,0.0,0.0
2022-01-04 00:00:00-05:00,5.192230079634953,5.215689115010615,5.121853719245404,5.160951614379883,5300,0.0,0.0
2022-01-05 00:00:00-05:00,5.192230673709063,5.2000504773519,5.121854305267334,5.121854305267334,10900,0.0,0.0
2022-01-06 00:00:00-05:00,5.317344632646702,5.325164062995397,5.012379018804049,5.020198822021484,25100,0.0,0.0
2022-01-07 00:00:00-05:00,5.153132996898717,5.153132996898717,5.01237950819221,5.129673957824707,5100,0.0,0.0
2022-01-10 00:00:00-05:00,5.145312970458324,5.145312970458324,5.051477563956844,5.121854305267334,6200,0.0,0.0
2022-01-11 00:00:00-05:00,5.215690218623162,5.215690218623162,5.160952706410262,5.192231178283691,6200,0.0,0.0
2022-01-12 00:00:00-05:00,5.200049912548151,5.309524541575949,5.200049912548151,5.270426273345947,34800,0.0,0.0
2022-01-13 00:00:00-05:00,5.309524541575949,5.309524541575949,5.231328377984664,5.270426273345947,12800,0.0,0.0
2022-01-14 00:00:00-05:00,5.270426383575242,5.270426383575242,5.207869451393856,5.23132848739624,1900,0.0,0.0
2022-01-18 00:00:00-05:00,5.239147772262006,5.278246040225983,5.082755446143539,5.200049877166748,21800,0.0,0.0
2022-01-19 00:00:00-05:00,5.160951541672346,5.189884289416604,5.106214414681469,5.145312309265137,7900,0.0,0.0
2022-01-20 00:00:00-05:00,5.090573935855131,5.153130850167005,5.082754135131836,5.082754135131836,4500,0.0,0.0
2022-01-21 00:00:00-05:00,5.099176076077839,5.262606282942634,5.082754939402863,5.090574741363525,6100,0.0,0.0
2022-01-24 00:00:00-05:00,5.082755709031339,5.207869576397192,4.832527601430898,5.114034175872803,51700,0.0,0.0
2022-01-25 00:00:00-05:00,5.114034711471917,5.18441145567022,4.957642360885439,5.168772220611572,19200,0.0,0.0
2022-01-26 00:00:00-05:00,5.22350853965016,5.239147772262006,5.031145941237573,5.200049877166748,23300,0.0,0.0
2022-01-27 00:00:00-05:00,5.254786749708405,5.269644075898515,4.855986151037179,5.00455904006958,15700,0.0,0.0
2022-01-28 00:00:00-05:00,5.035837433767721,5.035837433767721,4.652675699406823,4.707413196563721,21500,0.0,0.0
2022-01-31 00:00:00-05:00,4.715233711167362,4.934182987135228,4.715233711167362,4.863806247711182,4200,0.0,0.0
2022-02-01 00:00:00-05:00,4.7871743917426235,4.934183120727539,4.7871743917426235,4.934183120727539,3000,0.0,0.0
2022-02-02 00:00:00-05:00,4.824707402183136,4.973280282434604,4.7856091384285,4.9029035568237305,7800,0.0,0.0
2022-02-03 00:00:00-05:00,4.848166798976957,4.910724105065719,4.816888332366943,4.816888332366943,4200,0.0,0.0
2022-02-04 00:00:00-05:00,4.6917746927253114,4.881791591644287,4.683954889260435,4.881791591644287,20800,0.0,0.0
2022-02-07 00:00:00-05:00,4.848167619620738,4.879446091525223,4.6917752600983125,4.785610675811768,16500,0.0,0.0
2022-02-08 00:00:00-05:00,4.707413628825602,4.801249027252197,4.707413628825602,4.801249027252197,2500,0.0,0.0
2022-02-09 00:00:00-05:00,4.809069161390336,4.926363603935223,4.784046312179677,4.906032562255859,19100,0.0,0.0
2022-02-10 00:00:00-05:00,5.160950278021678,5.30952313594669,5.020197220819962,5.082754135131836,34900,0.0,0.0
2022-02-11 00:00:00-05:00,5.082755199331713,5.295448827098454,5.00455904006958,5.00455904006958,81200,0.0,0.0
2022-02-14 00:00:00-05:00,5.1070141341070805,5.20158837945239,4.991948764689823,5.122776508331299,33700,0.05,0.0
2022-02-15 00:00:00-05:00,5.233114473512376,5.414382011603251,5.114896448530545,5.311926364898682,55500,0.0,0.0
2022-02-16 00:00:00-05:00,5.248876171653305,5.319807052612305,5.2015890429488705,5.319807052612305,21700,0.0,0.0
2022-02-17 00:00:00-05:00,5.304044490604859,5.438024871810481,5.264638363495672,5.382856369018555,46500,0.0,0.0
2022-02-18 00:00:00-05:00,5.364729781054389,5.371034656137119,5.30010377799354,5.327688217163086,4400,0.0,0.0
2022-02-22 00:00:00-05:00,5.327688138694872,5.516836643218994,5.327688138694872,5.516836643218994,41100,0.0,0.0
2022-02-23 00:00:00-05:00,5.532599732754531,5.800560524557268,5.532599732754531,5.595649242401123,74900,0.0,0.0
2022-02-24 00:00:00-05:00,5.674460799368723,5.784797810636535,5.651605484983008,5.737510681152344,35900,0.0,0.0
2022-02-25 00:00:00-05:00,5.713867225731114,5.898287378536833,5.713867225731114,5.807653427124023,26400,0.0,0.0
2022-02-28 00:00:00-05:00,5.895134565628818,5.934540695566989,5.690223291237864,5.7611541748046875,36800,0.0,0.0
2022-03-01 00:00:00-05:00,5.721749041501833,5.784798555600242,5.603531014664942,5.713867664337158,23200,0.0,0.0
2022-03-02 00:00:00-05:00,5.682342529296875,5.79189110912637,5.682342529296875,5.682342529296875,22800,0.0,0.0
2022-03-03 00:00:00-05:00,5.7375111752647046,5.792679309844971,5.6902236659034315,5.792679309844971,16900,0.0,0.0
2022-03-04 00:00:00-05:00,5.72962912572695,5.784797629634675,5.532599237805384,5.540480613708496,23100,0.0,0.0
2022-03-07 00:00:00-05:00,5.556242863311533,5.603529990240415,5.485311985015869,5.485311985015869,56200,0.0,0.0
2022-03-08 00:00:00-05:00,5.54836158228466,5.54836158228466,5.3355693195705065,5.453787326812744,25600,0.0,0.0
2022-03-09 00:00:00-05:00,5.532600402832031,5.556244159715463,5.501075644190633,5.532600402832031,24100,0.0,0.0
2022-03-10 00:00:00-05:00,5.548361487587713,5.556242863311533,5.47743060929205,5.485311985015869,14300,0.0,0.0
2022-03-11 00:00:00-05:00,5.548361653872759,5.548361653872759,5.49319314956665,5.49319314956665,7300,0.0,0.0
2022-03-14 00:00:00-04:00,5.477430575853796,5.490828764180625,5.367093947026645,5.398618698120117,31800,0.0,0.0
2022-03-15 00:00:00-04:00,5.414381531153026,5.438025284373238,5.233114009147095,5.343451023101807,16400,0.0,0.0
2022-03-16 00:00:00-04:00,5.327688785726769,5.343451163018074,5.264638900756836,5.264638900756836,30200,0.0,0.0
2022-03-17 00:00:00-04:00,5.264638804951041,5.335569689373468,5.264638804951041,5.296163558959961,15200,0.0,0.0
2022-03-18 00:00:00-04:00,5.319806912458369,5.4025594794621306,5.280400785007174,5.367094039916992,16500,0.0,0.0
2022-03-21 00:00:00-04:00,5.367094071394479,5.556242958142995,5.367094071394479,5.453787326812744,24000,0.0,0.0
2022-03-22 00:00:00-04:00,5.5089554546023525,5.564123958196646,5.453787326812744,5.453787326812744,35500,0.0,0.0
2022-03-23 00:00:00-04:00,5.5168367981049755,5.5168367981049755,5.367094039916992,5.367094039916992,8600,0.0,0.0
2022-03-24 00:00:00-04:00,5.516837313222416,5.516837313222416,5.264638900756836,5.264638900756836,13600,0.0,0.0
2022-03-25 00:00:00-04:00,5.311926032630748,5.319807409178758,5.264638900756836,5.264638900756836,14900,0.0,0.0
2022-03-28 00:00:00-04:00,5.2725202092666335,5.422262979504053,5.1590309439118585,5.22523307800293,63500,0.0,0.0
2022-03-29 00:00:00-04:00,5.264638583771365,5.288282336187082,5.043965314979914,5.114895820617676,51500,0.0,0.0
2022-03-30 00:00:00-04:00,5.122777436960671,5.122777436960671,5.020321798028327,5.036084175109863,12300,0.0,0.0
2022-03-31 00:00:00-04:00,5.0676086689958435,5.075490045034173,5.0360839164519104,5.059727668762207,4200,0.0,0.0
2022-04-01 00:00:00-04:00,5.036083759429959,5.036083759429959,4.917865753173828,4.917865753173828,32300,0.0,0.0
2022-04-04 00:00:00-04:00,4.933629407020657,5.066821375192422,4.917866652552779,4.985645294189453,41300,0.0,0.0
2022-04-05 00:00:00-04:00,5.020320682193384,5.0731246148899,5.012439683306632,5.028202056884766,2100,0.0,0.0
2022-04-06 00:00:00-04:00,5.075489886783563,5.075489886783563,4.886341001612818,4.917865753173828,18700,0.0,0.0
2022-04-07 00:00:00-04:00,4.894222377405412,4.917865753173828,4.8351135621796875,4.917865753173828,16600,0.0,0.0
2022-04-08 00:00:00-04:00,4.886340869636741,4.90604393278138,4.728717116088977,4.736598491668701,42000,0.0,0.0
2022-04-11 00:00:00-04:00,4.776004423766277,4.973034311095602,4.776004423766277,4.933628559112549,47500,0.0,0.0
2022-04-12 00:00:00-04:00,4.965153713598029,5.059727976991109,4.965153713598029,5.020321846008301,4000,0.0,0.0
2022-04-13 00:00:00-04:00,5.043964743473055,5.077853679656982,5.020320993736294,5.077853679656982,2600,0.0,0.0
2022-04-14 00:00:00-04:00,5.008499434347955,5.008499434347955,4.941509246826172,4.941509246826172,9900,0.0,0.0
2022-04-18 00:00:00-04:00,4.9415099893114505,4.9415099893114505,4.752361461397481,4.760242462158203,40900,0.0,0.0
2022-04-19 00:00:00-04:00,4.768123926852901,4.894222947792903,4.689311662960674,4.701133728027344,50000,0.0,0.0
2022-04-20 00:00:00-04:00,4.839053734803568,4.839053734803568,4.586855729584154,4.705073356628418,37900,0.0,0.0
2022-04-21 00:00:00-04:00,4.807530053206401,4.815411430524433,4.694040775299072,4.694040775299072,3500,0.0,0.0
2022-04-22 00:00:00-04:00,4.69719321373653,4.84693599455419,4.69719321373653,4.768124103546143,15300,0.0,0.0
2022-04-25 00:00:00-04:00,4.689311460378741,4.894222736358643,4.681430459812819,4.894222736358643,18400,0.0,0.0
2022-04-26 00:00:00-04:00,4.831171889703972,4.835112576797168,4.618379672131273,4.657785415649414,14900,0.0,0.0
2022-04-27 00:00:00-04:00,4.728717560750403,4.728717560750403,4.459180653774755,4.460756778717041,8500,0.0,0.0
2022-04-28 00:00:00-04:00,4.452875366342868,4.62626149551271,4.255845486202074,4.394554615020752,39700,0.0,0.0
2022-04-29 00:00:00-04:00,4.742115214493517,4.742115214493517,4.3898257749679885,4.405588150024414,8400,0.0,0.0
2022-05-02 00:00:00-04:00,4.421350890466808,4.6499055355753445,4.421350890466808,4.539568901062012,26900,0.0,0.0
2022-05-03 00:00:00-04:00,4.617593084207105,4.88634156593151,4.484400749206543,4.484400749206543,12900,0.0,0.0
2022-05-04 00:00:00-04:00,4.531687757268797,4.776004791259766,4.429232117780892,4.776004791259766,14200,0.0,0.0
2022-05-05 00:00:00-04:00,4.917865697862572,4.917865697862572,4.1927960443095085,4.255845546722412,36500,0.0,0.0
2022-05-06 00:00:00-04:00,4.177033344244801,4.3583008375038315,4.177033344244801,4.318106651306152,11800,0.0,0.0
2022-05-09 00:00:00-04:00,4.279488947187542,4.311013698577881,4.24008319585196,4.311013698577881,12800,0.0,0.0
2022-05-10 00:00:00-04:00,4.3110138329858225,4.3110138329858225,4.240083328048445,4.304708957672119,5300,0.0,0.0
2022-05-11 00:00:00-04:00,4.295251803033205,4.318895557121347,4.2558460472925965,4.290523052215576,8400,0.0,0.0
2022-05-12 00:00:00-04:00,4.295252511607127,4.6223221796529375,4.271609129423334,4.563213348388672,16500,0.0,0.0
2022-05-13 00:00:00-04:00,4.571093891866876,4.760242418027302,4.571093891866876,4.618381023406982,78200,0.0,0.0
2022-05-16 00:00:00-04:00,4.5159241936183845,4.728716417367749,4.472577761748842,4.712954044342041,48300,0.0,0.0
2022-05-17 00:00:00-04:00,4.816199056746938,4.894222881263662,4.72083635402335,4.846935749053955,11100,0.0,0.0
2022-05-18 00:00:00-04:00,4.846934262272149,4.846934262272149,4.657785415649414,4.657785415649414,15200,0.0,0.0
2022-05-19 00:00:00-04:00,4.657786204489457,4.909984584097077,4.649905204772949,4.649905204772949,40400,0.0,0.0
2022-05-20 00:00:00-04:00,4.720835176283136,4.807528418275314,4.6499046835664695,4.6656670570373535,43900,0.0,0.0
2022-05-23 00:00:00-04:00,4.7287170961836065,4.839053723202583,4.720835720637059,4.807528972625732,50900,0.0,0.0
2022-05-24 00:00:00-04:00,4.807529307607404,4.854816436767578,4.807529307607404,4.854816436767578,1700,0.0,0.0
2022-05-25 00:00:00-04:00,4.839055112051127,4.839055112051127,4.814623667615079,4.8232927322387695,5200,0.0,0.0
2022-05-26 00:00:00-04:00,4.807399774982155,5.466927266001131,4.807399774982155,5.220597743988037,96300,0.05,0.0
2022-05-27 00:00:00-04:00,5.188813854184523,5.188813854184523,5.021945389819148,5.069622039794922,12100,0.0,0.0
2022-05-31 00:00:00-04:00,5.0616755720583075,5.164975166320801,5.021945221196032,5.164975166320801,17000,0.0,0.0
2022-06-01 00:00:00-04:00,5.157028885615694,5.268274777753401,5.157028885615694,5.244436264038086,6600,0.0,0.0
2022-06-02 00:00:00-04:00,5.204705595562062,5.315951102013531,5.095843750886561,5.125244140625,19400,0.0,0.0
2022-06-03 00:00:00-04:00,5.228543662039921,5.323896952064287,5.096638239616184,5.220597743988037,2500,0.0,0.0
2022-06-06 00:00:00-04:00,5.260328384012825,5.315951329064435,5.1649750886960515,5.236490249633789,17200,0.0,0.0
2022-06-07 00:00:00-04:00,5.2841668972921765,5.331843544950564,5.236490249633789,5.236490249633789,10700,0.0,0.0
2022-06-08 00:00:00-04:00,5.308004737060227,5.315951034012404,5.220597743988037,5.220597743988037,6000,0.0,0.0
2022-06-09 00:00:00-04:00,5.212650998711495,5.212650998711495,5.013998138796117,5.045782566070557,6700,0.0,0.0
2022-06-10 00:00:00-04:00,4.947251470512265,5.204705902515464,4.947251470512265,5.18881368637085,2100,0.0,0.0
2022-06-13 00:00:00-04:00,5.069620582847881,5.069620582847881,4.7676681742117495,4.81534481048584,11600,0.0,0.0
2022-06-14 00:00:00-04:00,4.998106761097699,5.029891193688119,4.322687000200774,4.5213398933410645,94100,0.0,0.0
2022-06-15 00:00:00-04:00,4.608747477201984,4.735885213212961,4.537232311245639,4.584908962249756,11400,0.0,0.0
2022-06-16 00:00:00-04:00,4.688207910197227,4.688207910197227,4.370363235473633,4.370363235473633,11000,0.0,0.0
2022-06-17 00:00:00-04:00,4.561069816543624,5.323896884918213,4.410093965359327,5.323896884918213,65600,0.0,0.0
2022-06-21 00:00:00-04:00,4.998105268126118,5.363626512632339,4.640530318844047,4.68026065826416,30000,0.0,0.0
2022-06-22 00:00:00-04:00,4.608747192674295,4.608747192674295,4.5046530451265925,4.592854976654053,9000,0.0,0.0
2022-06-23 00:00:00-04:00,4.3624178666999125,4.370364165236155,4.108142375946045,4.108142375946045,38200,0.0,0.0
2022-06-24 00:00:00-04:00,4.116086970852787,4.183628971071531,4.10019475779545,4.139925479888916,39100,0.0,0.0
2022-06-27 00:00:00-04:00,4.139926685509799,4.139926685509799,3.8538663882715958,3.8697586059570312,60400,0.0,0.0
2022-06-28 00:00:00-04:00,3.8697578749760364,3.8697578749760364,3.7823508836671307,3.8141353130340576,50300,0.0,0.0
2022-06-29 00:00:00-04:00,3.8379735425231174,3.8459198395156466,3.647266961505959,3.8220813274383545,20900,0.0,0.0
2022-06-30 00:00:00-04:00,3.8141356296010165,3.897569858339174,3.734674170688244,3.7426204681396484,39600,0.0,0.0
2022-07-01 00:00:00-04:00,3.7346745661806477,3.877704904249928,3.7346745661806477,3.8697586059570312,4100,0.0,0.0
2022-07-05 00:00:00-04:00,3.8697580490635253,3.8697580490635253,3.7346740287269653,3.750566244125366,22700,0.0,0.0
2022-07-06 00:00:00-04:00,3.758512073916001,3.798242796921769,3.734673564332489,3.774404287338257,9400,0.0,0.0
2022-07-07 00:00:00-04:00,3.647266579960208,3.814135010344025,3.647266579960208,3.774404287338257,10000,0.0,0.0
2022-07-08 00:00:00-04:00,3.6711047627564013,3.7902965545654292,3.6711047627564013,3.7902965545654297,5300,0.0,0.0
2022-07-11 00:00:00-04:00,3.7744047121592166,3.7744047121592166,3.6234284782048123,3.758512496948242,10800,0.0,0.0
2022-07-12 00:00:00-04:00,3.758512073916001,3.774404287338257,3.7108354336492324,3.774404287338257,14200,0.0,0.0
2022-07-13 00:00:00-04:00,3.7902965545654292,3.8061887682132824,3.7823506371916333,3.7902965545654297,15700,0.0,0.0
2022-07-14 00:00:00-04:00,3.8141354474856466,3.8141354474856466,3.7346739923669587,3.782351016998291,17200,0.0,0.0
2022-07-15 00:00:00-04:00,3.798242932028467,3.973057285891578,3.790296635584555,3.8856499195098877,12500,0.0,0.0
2022-07-18 00:00:00-04:00,3.623427956525981,3.9674947641522675,3.623427956525981,3.8300271034240723,22200,0.0,0.0
2022-07-19 00:00:00-04:00,3.8220810013263287,4.1081412273448,3.8220810013263287,4.100194931030273,9300,0.0,0.0
2022-07-20 00:00:00-04:00,4.076357939601811,4.108142375946045,4.076357939601811,4.108142375946045,4100,0.0,0.0
2022-07-21 00:00:00-04:00,4.2909022952799205,4.2909022952799205,4.13992606060726,4.17171049118042,2300,0.0,0.0
2022-07-22 00:00:00-04:00,4.29090163066153,4.530874309549695,4.189191165461126,4.441877841949463,26500,0.0,0.0
2022-07-25 00:00:00-04:00,4.433931798690585,4.632584659770989,4.425985881275506,4.608746528625488,26100,0.0,0.0
2022-07-26 00:00:00-04:00,4.64053064944101,4.751776138202884,4.5690155029296875,4.5690155029296875,30700,0.0,0.0
2022-07-27 00:00:00-04:00,4.569016519062981,4.640531681479026,4.386255843144449,4.4180402755737305,17400,0.0,0.0
2022-07-28 00:00:00-04:00,4.418038978270612,4.719991376584484,4.34255106814225,4.68026065826416,20000,0.0,0.0
2022-07-29 00:00:00-04:00,4.719992716032489,4.719992716032489,4.608747203626426,4.648477554321289,9200,0.0,0.0
2022-08-01 00:00:00-04:00,4.648477543274744,4.648477543274744,4.576962760633809,4.592854976654053,9900,0.0,0.0
2022-08-02 00:00:00-04:00,4.472072997083489,4.561069468982162,4.472072997083489,4.505446910858154,5600,0.0,0.0
2022-08-03 00:00:00-04:00,4.481608977964701,4.569016353426688,4.44982454668767,4.537231922149658,22700,0.0,0.0
2022-08-04 00:00:00-04:00,4.433931837341648,4.600800272415818,4.433931837341648,4.457770347595215,39600,0.0,0.0
2022-08-05 00:00:00-04:00,4.489554209353802,4.489554209353802,4.4498234902399645,4.481607913970947,19800,0.0,0.0
2022-08-08 00:00:00-04:00,4.608747477201984,4.640531911204728,4.578552151229275,4.584908962249756,4700,0.0,0.0
2022-08-09 00:00:00-04:00,4.569016463173529,4.6325853272545015,4.489555383072314,4.592854976654053,4900,0.0,0.0
2022-08-10 00:00:00-04:00,4.592854987568417,4.767669364206515,4.592854987568417,4.648477554321289,7100,0.0,0.0
2022-08-11 00:00:00-04:00,4.664369509679238,4.664369509679238,4.203494890855777,4.4021477699279785,64300,0.0,0.0
2022-08-12 00:00:00-04:00,4.394201906093337,4.402942378259523,4.1240338659685225,4.251171588897705,19400,0.0,0.0
2022-08-15 00:00:00-04:00,4.147872006893714,4.449824478284143,4.1319797914994965,4.275010108947754,52100,0.0,0.0
2022-08-16 00:00:00-04:00,4.202823642420125,4.326341973643177,4.202823642420125,4.2830305099487305,7900,0.05,0.0
2022-08-17 00:00:00-04:00,4.202824149798905,4.299072325961691,4.202824149798905,4.250948429107666,5700,0.0,0.0
2022-08-18 00:00:00-04:00,4.1948027668291,4.283030082839614,4.16913661767397,4.234906196594238,16000,0.0,0.0
2022-08-19 00:00:00-04:00,4.283031067846589,4.283031067846589,4.178762432441358,4.218865871429443,10200,0.0,0.0
2022-08-22 00:00:00-04:00,4.1827719017166025,4.315112684847868,4.1707406432831045,4.1787614822387695,16500,0.0,0.0
2022-08-23 00:00:00-04:00,4.170740594092583,4.250947452884654,4.170740594092583,4.2268853187561035,8200,0.0,0.0
2022-08-24 00:00:00-04:00,4.2308967865563964,4.275010263859153,4.210845066889782,4.26939582824707,10400,0.0,0.0
2022-08-25 00:00:00-04:00,4.226885805985885,4.323133588685201,4.226885805985885,4.276613712310791,14100,0.0,0.0
2022-08-26 00:00:00-04:00,4.210844990501944,4.307092784209995,4.210844990501944,4.250948429107666,3900,0.0,0.0
2022-08-29 00:00:00-04:00,4.291050910949707,4.331154344188035,4.283030453774852,4.291050910949707,5900,0.0,0.0
2022-08-30 00:00:00-04:00,4.363237030874101,4.379278328020692,4.21084451675415,4.21084451675415,12200,0.0,0.0
2022-08-31 00:00:00-04:00,4.291050893051334,4.331154326122387,4.234906545697478,4.307092189788818,6600,0.0,0.0
2022-09-01 00:00:00-04:00,4.223677366784812,4.311102684110929,4.223677366784812,4.2830305099487305,1700,0.0,0.0
2022-09-02 00:00:00-04:00,4.226885312577158,4.283030037158606,4.186781883239746,4.186781883239746,9900,0.0,0.0
2022-09-06 00:00:00-04:00,4.138659125048122,4.202022315892991,3.9301222300616567,4.0424113273620605,31500,0.0,0.0
2022-09-07 00:00:00-04:00,4.138658636841153,4.138658636841153,4.05043169059712,4.08251428604126,14200,0.0,0.0
2022-09-08 00:00:00-04:00,4.082514138188985,4.250947949398078,4.010328109826605,4.170741081237793,6400,0.0,0.0
2022-09-09 00:00:00-04:00,4.170741518110381,4.250948394672095,4.146679761105652,4.202824115753174,4600,0.0,0.0
2022-09-12 00:00:00-04:00,4.250947531578839,4.250947531578839,4.1065754890441895,4.1065754890441895,8800,0.0,0.0
2022-09-13 00:00:00-04:00,4.127429228399621,4.127429228399621,3.9381417104924332,4.090534210205078,10700,0.0,0.0
2022-09-14 00:00:00-04:00,4.018348873883055,4.066472764399329,3.9662145635434207,3.9862658977508545,29000,0.0,0.0
2022-09-15 00:00:00-04:00,4.034390226040487,4.034390226040487,3.9381420612335205,3.9381420612335205,12000,0.0,0.0
2022-09-16 00:00:00-04:00,3.9301214538544142,3.9301214538544142,3.8178323787313384,3.8579354286193848,30200,0.0,0.0
2022-09-19 00:00:00-04:00,3.93012195764106,3.93012195764106,3.881998062133789,3.881998062133789,6400,0.0,0.0
2022-09-20 00:00:00-04:00,3.833874345404153,3.8900187015533447,3.833874345404153,3.8900187015533447,4000,0.0,0.0
2022-09-21 00:00:00-04:00,3.890017918423339,3.890017918423339,3.815425872802735,3.8154258728027344,14400,0.0,0.0
2022-09-22 00:00:00-04:00,3.849915569326666,3.849915569326666,3.7416365146636967,3.7416365146636963,6300,0.0,0.0
2022-09-23 00:00:00-04:00,3.625336387493084,3.669449856480536,3.5691916595006887,3.601274251937866,34100,0.0,0.0
2022-09-26 00:00:00-04:00,3.5691919704808805,3.601274565713383,3.5691919704808805,3.5772128105163574,14300,0.0,0.0
2022-09-27 00:00:00-04:00,3.5772123842764554,3.5772123842764554,3.488985066672378,3.5290884971618652,14000,0.0,0.0
2022-09-28 00:00:00-04:00,3.5451306513585985,3.6004730010829977,3.5451306513585985,3.569192409515381,17200,0.0,0.0
2022-09-29 00:00:00-04:00,3.448882320844287,3.488985372393128,3.3927375897302796,3.404768466949463,23200,0.0,0.0
2022-09-30 00:00:00-04:00,3.4007585048675537,3.5531510391594594,3.3686759063276517,3.4007585048675537,14600,0.0,0.0
2022-10-03 00:00:00-04:00,3.376696376551817,3.581223206635159,3.2563864540054577,3.450486421585083,21300,0.0,0.0
2022-10-04 00:00:00-04:00,3.6092956896756787,3.6092956896756787,3.4970065975286495,3.5050270557403564,15900,0.0,0.0
2022-10-05 00:00:00-04:00,3.4657257344718406,3.545130215034914,3.4657257344718406,3.537109375,8900,0.0,0.0
2022-10-06 00:00:00-04:00,3.5932539389082128,3.5932539389082128,3.4408614275034037,3.4729440212249756,8400,0.0,0.0
2022-10-07 00:00:00-04:00,3.392737459228171,3.5459319745996987,3.2964896802675066,3.3285722732543945,6400,0.0,0.0
2022-10-10 00:00:00-04:00,3.432841365530258,3.432841365530258,3.296490135287845,3.3045105934143066,7500,0.0,0.0
2022-10-11 00:00:00-04:00,3.3606555940753036,3.392738194010481,3.2884695529937744,3.2884695529937744,26600,0.0,0.0
2022-10-12 00:00:00-04:00,3.2684170527408636,3.424819976956061,3.2684170527408636,3.3526339530944824,7800,0.0,0.0
2022-10-13 00:00:00-04:00,3.489787245645306,3.489787245645306,3.2924792605304765,3.3285722732543945,18200,0.0,0.0
2022-10-14 00:00:00-04:00,3.2804492588119234,3.377499071116446,3.278042853345942,3.376697063446045,7500,0.0,0.0
2022-10-17 00:00:00-04:00,3.312530903969458,3.4007578415173123,3.2884687685307092,3.3526339530944824,27300,0.0,0.0
2022-10-18 00:00:00-04:00,3.3847173686355285,3.4248208099695137,3.3125317096710205,3.3125317096710205,4600,0.0,0.0
2022-10-19 00:00:00-04:00,3.296489973073931,3.4328411966067636,3.2644073772373483,3.2804486751556396,22400,0.0,0.0
2022-10-20 00:00:00-04:00,3.288469152107242,3.288469152107242,3.2243039600590557,3.2644073963165283,8100,0.0,0.0
2022-10-21 00:00:00-04:00,3.2243034672419015,3.256386058362346,3.2082621716816795,3.240344762802124,12800,0.0,0.0
2022-10-24 00:00:00-04:00,3.2403448356157325,3.2636045808415943,3.208262243774362,3.216283082962036,9800,0.0,0.0
2022-10-25 00:00:00-04:00,3.216283757327792,3.304510712162982,3.213075344489074,3.248366355895996,9700,0.0,0.0
2022-10-26 00:00:00-04:00,3.280448599691257,3.304510354787815,3.248366004592711,3.284458637237549,19000,0.0,0.0
2022-10-27 00:00:00-04:00,3.3045101372868904,3.3285722732543945,3.2563862478065584,3.3285722732543945,4000,0.0,0.0
2022-10-28 00:00:00-04:00,3.31172896930448,3.3285722732543945,3.2964896802675066,3.3285722732543945,8300,0.0,0.0
2022-10-31 00:00:00-04:00,3.3365931908296123,3.3686757882449174,3.296490135287845,3.3045105934143066,8400,0.0,0.0
2022-11-01 00:00:00-04:00,3.304510868422319,3.3847173686355285,3.304510868422319,3.3125317096710205,15200,0.0,0.0
2022-11-02 00:00:00-04:00,3.385519060341583,3.4697359638064387,3.3285723230783093,3.3863210678100586,8300,0.0,0.0
2022-11-03 00:00:00-04:00,3.2964904096283787,3.344614309756304,3.2243043682091095,3.3125317096710205,5600,0.0,0.0
2022-11-04 00:00:00-04:00,3.3766967501688128,3.400758507867595,3.208262916458369,3.248366355895996,11000,0.0,0.0
2022-11-07 00:00:00-05:00,3.2724277596892697,3.309322782298067,3.2403451645907237,3.284458637237549,4300,0.0,0.0
2022-11-08 00:00:00-05:00,3.3686757481257477,3.3686757481257477,3.2884692555427013,3.3365931510925293,4100,0.0,0.0
2022-11-09 00:00:00-05:00,3.296490236854646,3.312531536056541,3.22430419921875,3.22430419921875,15300,0.0,0.0
2022-11-10 00:00:00-05:00,3.2243037956072604,3.448882338776262,3.208262498413381,3.368675470352173,36700,0.0,0.0
2022-11-11 00:00:00-05:00,3.5371095308629963,3.5371095308629963,3.360655249321152,3.4087791442871094,10200,0.0,0.0
2022-11-14 00:00:00-05:00,3.4087796649907522,3.4248209657631055,3.368676221832479,3.376697063446045,14100,0.0,0.0
2022-11-15 00:00:00-05:00,3.43043515486828,3.4408620187421595,3.400758578471931,3.4168002605438232,13600,0.0,0.0
2022-11-16 00:00:00-05:00,3.418404234580293,3.5130480159174753,3.4087793784350295,3.448882818222046,3900,0.0,0.0
2022-11-17 00:00:00-05:00,3.4083070755004883,3.4529399178334264,3.3920770565487404,3.4083070755004883,10300,0.05,0.0
2022-11-18 00:00:00-05:00,3.344198912802696,3.42453757595284,3.327157448550404,3.4001927375793457,15500,0.0,0.0
2022-11-21 00:00:00-05:00,3.4083070135687907,3.5219175311208066,3.4083070135687907,3.432652235031128,12900,0.0,0.0
2022-11-22 00:00:00-05:00,3.4001923477230953,3.5340901042876713,3.4001923477230953,3.4164223670959473,10600,0.0,0.0
2022-11-23 00:00:00-05:00,3.4651124076277418,3.5827801442222578,3.4651124076277418,3.5381476879119873,11700,0.0,0.0
2022-11-25 00:00:00-05:00,3.603067459611394,3.7247927874473894,3.5706074237823486,3.5706074237823486,13900,0.0,0.0
2022-11-28 00:00:00-05:00,3.716677900107252,3.716677900107252,3.5381476879119873,3.5381476879119873,15400,0.0,0.0
2022-11-29 00:00:00-05:00,3.5462622034334896,3.7410228053619123,3.5462622034334896,3.5706074237823486,14700,0.0,0.0
2022-11-30 00:00:00-05:00,3.5300321252262985,3.6355274333459198,3.5300321252262985,3.603067398071289,8000,0.0,0.0
2022-12-01 00:00:00-05:00,3.6436427292223086,3.6436427292223086,3.611182689666748,3.611182689666748,2300,0.0,0.0
2022-12-02 00:00:00-05:00,3.6274120807647705,3.651757299689181,3.6111820637998724,3.6274120807647705,4600,0.0,0.0
2022-12-05 00:00:00-05:00,3.635527736910106,3.635527736910106,3.5787224769592285,3.5787224769592285,3500,0.0,0.0
2022-12-06 00:00:00-05:00,3.570607833372559,3.570607833372559,3.363674791009157,3.440767288208008,13300,0.0,0.0
2022-12-07 00:00:00-05:00,3.635528005482764,3.635528005482764,3.408307335847627,3.448882579803467,2600,0.0,0.0
2022-12-08 00:00:00-05:00,3.5624923454018314,3.570607548118757,3.4651122345237058,3.5138022899627686,8700,0.0,0.0
2022-12-09 00:00:00-05:00,3.517860691681652,3.578723178088971,3.509745487118409,3.5300331115722656,1400,0.0,0.0
2022-12-12 00:00:00-05:00,3.4813419881464136,3.5949521088608845,3.448881953656565,3.4651119709014893,17800,0.0,0.0
2022-12-13 00:00:00-05:00,3.489457630040551,3.5844030300650505,3.489457630040551,3.5381476879119873,5900,0.0,0.0
2022-12-14 00:00:00-05:00,3.6517578446442953,3.6517578446442953,3.586837767096622,3.5949525833129883,3300,0.0,0.0
2022-12-15 00:00:00-05:00,3.530032615476691,3.546262635368029,3.4488825160200007,3.4732277393341064,9600,0.0,0.0
2022-12-16 00:00:00-05:00,3.5949525605223664,3.5949525605223664,3.4083071452789735,3.546262502670288,15000,0.0,0.0
2022-12-19 00:00:00-05:00,3.4894576667698427,3.5462625414073425,3.2865822300263448,3.2946970462799072,16500,0.0,0.0
2022-12-20 00:00:00-05:00,3.2865824016919234,3.3271572589874268,3.2865824016919234,3.3271572589874268,24100,0.0,0.0
2022-12-21 00:00:00-05:00,3.2460066929747082,3.3961344560902904,3.2460066929747082,3.3190419673919678,32200,0.0,0.0
2022-12-22 00:00:00-05:00,3.294696871842037,3.294696871842037,3.2054317695309638,3.254122018814087,30700,0.0,0.0
2022-12-23 00:00:00-05:00,3.2865821442053518,3.3799046569324642,3.2622369221720056,3.2703521251678467,10600,0.0,0.0
2022-12-27 00:00:00-05:00,3.2216622402065753,3.2460072715257655,3.2135472297668457,3.2135472297668457,45200,0.0,0.0
2022-12-28 00:00:00-05:00,3.2054313862191224,3.246006427872112,3.156741336235535,3.180274724960327,25100,0.0,0.0
2022-12-29 00:00:00-05:00,3.124281092164587,3.197316360213278,3.059361025878692,3.0674760341644287,26200,0.0,0.0
2022-12-30 00:00:00-05:00,3.0674767893507524,3.1567420959472656,3.043131758500005,3.1567420959472656,20400,0.0,0.0
2023-01-03 00:00:00-05:00,3.1648566541310412,3.4488821669604848,3.1648566541310412,3.2054316997528076,30800,0.0,0.0
2023-01-04 00:00:00-05:00,3.302811819301372,3.302811819301372,3.172971487045288,3.172971487045288,5600,0.0,0.0
2023-01-05 00:00:00-05:00,3.1486269072779485,3.3271571234021162,3.140511703977027,3.155930280685425,8600,0.0,0.0
2023-01-06 00:00:00-05:00,3.2460068781962614,3.3028121378681985,3.1486267647193755,3.2297768592834473,20300,0.0,0.0
2023-01-09 00:00:00-05:00,3.2541217503714317,3.3109266173153844,3.181086479210196,3.2606136798858643,5700,0.0,0.0
2023-01-10 00:00:00-05:00,3.2622370088414683,3.2971317635239688,3.237891979638424,3.2865822315216064,8700,0.0,0.0
2023-01-11 00:00:00-05:00,3.310926914215088,3.310926914215088,3.2719749466814307,3.310926914215088,1000,0.0,0.0
2023-01-12 00:00:00-05:00,3.3920766998222627,3.525162996012296,3.2784665791077923,3.4651119709014893,13900,0.0,0.0
2023-01-13 00:00:00-05:00,3.4610545812052766,3.5543774762780695,3.4123645264971856,3.424536943435669,9500,0.0,0.0
2023-01-17 00:00:00-05:00,3.4245371659244537,3.5381476879119873,3.4083071466339754,3.5381476879119873,13600,0.0,0.0
2023-01-18 00:00:00-05:00,3.5462625220787642,3.554377725242283,3.4164223670959473,3.4164223670959473,14300,0.0,0.0
2023-01-19 00:00:00-05:00,3.4894578237593072,3.497572640377953,3.408307335847627,3.448882579803467,4200,0.0,0.0
2023-01-20 00:00:00-05:00,3.4488824058416516,3.4772848430055965,3.4164223670959473,3.4164223670959473,15200,0.0,0.0
2023-01-23 00:00:00-05:00,3.4164225394204766,3.448882579803467,3.408307335847627,3.448882579803467,14000,0.0,0.0
2023-01-24 00:00:00-05:00,3.424536943435669,3.4488821642667933,3.424536943435669,3.424536943435669,1800,0.0,0.0
2023-01-25 00:00:00-05:00,3.3515022026464574,3.4423903861670815,3.3515022026464574,3.4083070755004883,11200,0.0,0.0
2023-01-26 00:00:00-05:00,3.34338712814316,3.4407672455948974,3.3271571085678704,3.4285948276519775,24600,0.0,0.0
2023-01-27 00:00:00-05:00,3.44076721328777,3.4488824164763114,3.400192358207619,3.4464480876922607,5000,0.0,0.0
2023-01-30 00:00:00-05:00,3.448882491573252,3.5446397243396484,3.4326524717969575,3.440767288208008,9000,0.0,0.0
2023-01-31 00:00:00-05:00,3.4326521985478653,3.578722364906907,3.4083069773442767,3.5056874752044678,49200,0.0,0.0
2023-02-01 00:00:00-05:00,3.5543782605534515,3.6517583914566094,3.5462630561677337,3.6395859718322754,16500,0.0,0.0
2023-02-02 00:00:00-05:00,3.6679878894498583,3.6777259785403302,3.5300325302279485,3.53084397315979,23100,0.0,0.0
2023-02-03 00:00:00-05:00,3.5543774058678257,3.627412293006103,3.513802167604444,3.5706074237823486,6200,0.0,0.0
2023-02-06 00:00:00-05:00,3.489457334209735,3.5949522571770576,3.489457334209735,3.5706074237823486,19600,0.0,0.0
2023-02-07 00:00:00-05:00,3.5706076609400608,3.620920603730593,3.4975723819966724,3.5787224769592285,12200,0.0,0.0
2023-02-08 00:00:00-05:00,3.4927034017261374,3.5787225426610925,3.4927034017261374,3.5381476879119873,9300,0.0,0.0
2023-02-09 00:00:00-05:00,3.6923332617790368,3.7897133827209473,3.5138026530979976,3.7897133827209473,82100,0.0,0.0
2023-02-10 00:00:00-05:00,3.7978279777795523,3.7978279777795523,3.684217843307999,3.772671699523926,17400,0.0,0.0
2023-02-13 00:00:00-05:00,3.7324755191802983,3.962166091681835,3.625833272081184,3.732475519180298,63300,0.05,0.0
2023-02-14 00:00:00-05:00,3.814507610940706,3.8555235862731934,3.773491244447158,3.8555235862731934,8400,0.0,0.0
2023-02-15 00:00:00-05:00,3.912946739069825,3.9236109639317607,3.855523899545304,3.917048454284668,4800,0.0,0.0
2023-02-16 00:00:00-05:00,3.917868642732268,4.060604887209111,3.888336763154317,3.9621660709381104,19800,0.0,0.0
2023-02-17 00:00:00-05:00,3.8965404377186883,4.011385730568445,3.8965404377186883,3.953963279724121,11100,0.0,0.0
2023-02-21 00:00:00-05:00,4.011386217930011,4.011386217930011,3.77349217254356,3.781695604324341,31200,0.0,0.0
2023-02-22 00:00:00-05:00,3.8637273035145796,3.8719303427269947,3.7734915252114734,3.7981014251708984,13800,0.0,0.0
2023-02-23 00:00:00-05:00,3.818610044642873,3.862087213552929,3.7734919547746646,3.8473212718963623,17300,0.0,0.0
2023-02-24 00:00:00-05:00,3.815328388943197,3.846500800378888,3.7734917520774593,3.806304693222046,18100,0.0,0.0
2023-02-27 00:00:00-05:00,3.748881370808202,3.8473201713713134,3.700482235190519,3.8227102756500244,17400,0.0,0.0
2023-02-28 00:00:00-05:00,3.773491244447158,3.8555235862731934,3.773491244447158,3.8555235862731934,6400,0.0,0.0
2023-03-01 00:00:00-05:00,3.863727743349947,3.92115058901806,3.7981018575356087,3.8473212718963623,3500,0.0,0.0
2023-03-02 00:00:00-05:00,3.7734914217836315,3.8637271976134606,3.7734914217836315,3.8629069328308105,4000,0.0,0.0
2023-03-03 00:00:00-05:00,3.822710698951289,3.95314218281467,3.822710698951289,3.9047434329986572,18300,0.0,0.0
2023-03-06 00:00:00-05:00,3.962166612257577,3.99497955549755,3.9408381600354803,3.9785730838775635,9000,0.0,0.0
2023-03-07 00:00:00-05:00,4.003182411287745,4.077011327381573,3.9375565342438605,4.024510860443115,27300,0.0,0.0
2023-03-08 00:00:00-05:00,4.019588538695626,4.060604512779236,4.019588538695626,4.035995006561279,26600,0.0,0.0
2023-03-09 00:00:00-05:00,4.060604887209111,4.060604887209111,3.9621660709381104,3.9621660709381104,22200,0.0,0.0
2023-03-10 00:00:00-05:00,3.888337821256515,3.9949800968170166,3.888337821256515,3.9949800968170166,30900,0.0,0.0
2023-03-13 00:00:00-04:00,3.888336631099714,3.994978874018754,3.8637271234482875,3.9293529987335205,15100,0.0,0.0
2023-03-14 00:00:00-04:00,3.934275723710179,4.077011990375964,3.89654079915747,3.98677659034729,11700,0.0,0.0
2023-03-15 00:00:00-04:00,4.060605773820729,4.060605773820729,3.8719311391913336,3.8883376121520996,13900,0.0,0.0
2023-03-16 00:00:00-04:00,3.830915201012198,4.052402784375415,3.8227117688470686,4.003183364868164,18900,0.0,0.0
2023-03-17 00:00:00-04:00,4.003182986888112,4.003182986888112,3.880134254157644,3.9785730838775635,12600,0.0,0.0
2023-03-20 00:00:00-04:00,3.970369366367327,3.9785724051974456,3.904743491082094,3.9293529987335205,14500,0.0,0.0
2023-03-21 00:00:00-04:00,3.9129468330695802,3.9703696739735563,3.896540362977173,3.9457597732543945,22900,0.0,0.0
2023-03-22 00:00:00-04:00,4.003182690945445,4.003182690945445,3.9072046630413637,3.953963279724121,9400,0.0,0.0
2023-03-23 00:00:00-04:00,3.937556733788742,3.953963203881149,3.921150263696335,3.9457597732543945,13000,0.0,0.0
2023-03-24 00:00:00-04:00,3.9129470149300882,3.945759956639937,3.896540544075164,3.9211504459381104,9000,0.0,0.0
2023-03-27 00:00:00-04:00,3.921150643841276,3.921150643841276,3.8637277973703106,3.8719308376312256,5800,0.0,0.0
2023-03-28 00:00:00-04:00,3.8637272924332073,3.953963070477513,3.859625577258219,3.9129467010498047,15700,0.0,0.0
2023-03-29 00:00:00-04:00,3.9465801733028116,3.9777525848947466,3.8637275551716193,3.9252517223358154,7700,0.0,0.0
2023-03-30 00:00:00-04:00,3.9375568686975466,3.9375568686975466,3.9252517223358154,3.9252517223358154,6200,0.0,0.0
2023-03-31 00:00:00-04:00,4.003182192721117,4.003182192721117,3.814507610940706,3.8555235862731934,9100,0.0,0.0
2023-04-03 00:00:00-04:00,3.83911739320923,3.871930332292644,3.8243518444344557,3.8596255779266357,3200,0.0,0.0
2023-04-04 00:00:00-04:00,3.839116946235833,3.85142209033029,3.7324751022111755,3.757084608078003,6900,0.0,0.0
2023-04-05 00:00:00-04:00,3.7898979570808016,3.7898979570808016,3.691459140544931,3.740678548812866,5500,0.0,0.0
2023-04-06 00:00:00-04:00,3.7898983081577207,3.7898983081577207,3.691459482502977,3.7078659534454346,5100,0.0,0.0
2023-04-10 00:00:00-04:00,3.6939204855143135,3.707866162624652,3.6504433155059814,3.6504433155059814,4100,0.0,0.0
2023-04-11 00:00:00-04:00,3.703764138407401,3.703764138407401,3.5684106589785043,3.6340365409851074,21700,0.0,0.0
2023-04-12 00:00:00-04:00,3.6832562592420377,3.7160695941392383,3.6340368436379533,3.6504433155059814,56200,0.0,0.0
2023-04-13 00:00:00-04:00,3.6586465507624353,3.7324758657887616,3.6504431196879,3.699662923812866,4700,0.0,0.0
2023-04-14 00:00:00-04:00,3.7488820164131376,3.9293531818582608,3.691459177281872,3.7981014251708984,4100,0.0,0.0
2023-04-17 00:00:00-04:00,3.8637274165424547,3.8637274165424547,3.65864634513855,3.65864634513855,16500,0.0,0.0
2023-04-18 00:00:00-04:00,3.6914590353658507,3.9375564608546707,3.666849136352539,3.666849136352539,11900,0.0,0.0
2023-04-19 00:00:00-04:00,3.9129466832886486,3.9129466832886486,3.6799746604297976,3.732475519180298,1600,0.0,0.0
2023-04-20 00:00:00-04:00,3.9129470250765754,3.9129470250765754,3.7940000132796583,3.8145081996917725,4200,0.0,0.0
2023-04-21 00:00:00-04:00,3.871930867054555,3.871930867054555,3.7488825240777874,3.80220365524292,1900,0.0,0.0
2023-04-24 00:00:00-04:00,3.838297061162474,3.838297061162474,3.683255672454834,3.683255672454834,7700,0.0,0.0
2023-04-25 00:00:00-04:00,3.5684106918661453,3.9293534373901418,3.5684106918661453,3.6914594173431396,10400,0.0,0.0
2023-04-26 00:00:00-04:00,3.806304318052132,3.806304318052132,3.609426690589936,3.666849136352539,7100,0.0,0.0
2023-04-27 00:00:00-04:00,3.8063047119131475,3.8588055744667398,3.6504430451304364,3.6914594173431396,6700,0.0,0.0
2023-04-28 00:00:00-04:00,3.696380716957313,3.757084608078003,3.6504423728923023,3.757084608078003,5100,0.0,0.0
2023-05-01 00:00:00-04:00,3.740678140446437,3.7734910757095688,3.613528114092061,3.757084608078003,5900,0.0,0.0
2023-05-02 00:00:00-04:00,3.7324758657887616,3.781695278752604,3.6914594927383306,3.699662923812866,3900,0.0,0.0
2023-05-03 00:00:00-04:00,3.7652882855766348,3.822710730490273,3.6889981865048944,3.7488818168640137,17000,0.0,0.0
2023-05-04 00:00:00-04:00,3.740678386927169,3.7488818168640137,3.658646043364065,3.7488818168640137,9200,0.0,0.0
2023-05-05 00:00:00-04:00,3.7570844783227035,3.7570844783227035,3.6545439613765116,3.7160685062408447,5000,0.0,0.0
2023-05-08 00:00:00-04:00,3.634037179637815,3.855524765915313,3.594661721746156,3.7898988723754883,40100,0.0,0.0
2023-05-09 00:00:00-04:00,3.822711610482682,3.822711610482682,3.6545451696759526,3.675053358078003,14500,0.0,0.0
2023-05-10 00:00:00-04:00,3.707045239547436,3.707045239547436,3.609426690589936,3.666849136352539,12100,0.0,0.0
2023-05-11 00:00:00-04:00,3.609426396958108,3.658645799819591,3.577433726423988,3.6422393321990967,7400,0.0,0.0
2023-05-12 00:00:00-04:00,3.568410668857237,3.6668494921396584,3.4863783161218853,3.625833511352539,4700,0.0,0.0
2023-05-15 00:00:00-04:00,3.502785455530609,3.6340372449698792,3.502785455530609,3.568411350250244,3900,0.0,0.0
2023-05-16 00:00:00-04:00,3.4863783469441065,3.6028645626709106,3.4863783469441065,3.5848171710968018,4200,0.0,0.0
2023-05-17 00:00:00-04:00,3.4863784611393465,3.748882391972551,3.4863784611393465,3.7242724895477295,11200,0.0,0.0
2023-05-18 00:00:00-04:00,3.777593212417114,3.777593212417114,3.666849250161629,3.732475519180298,4900,0.0,0.0
2023-05-19 00:00:00-04:00,3.6258335347317066,3.789898241260289,3.6258335347317066,3.6914594173431396,10000,0.0,0.0
2023-05-22 00:00:00-04:00,3.6914593833214413,3.6914593833214413,3.6135287462288774,3.6340365409851074,3100,0.0,0.0
2023-05-23 00:00:00-04:00,3.568410368337694,3.634036244999184,3.5273943910048025,3.609426736831665,8500,0.0,0.0
2023-05-24 00:00:00-04:00,3.699662913554767,3.7734918372152633,3.650443109566273,3.7078659534454346,6300,0.0,0.0
2023-05-25 00:00:00-04:00,3.7242723346349607,3.7242723346349607,3.6012236099513775,3.625833511352539,3600,0.0,0.0
2023-05-26 00:00:00-04:00,3.529035413252711,3.6217319965362544,3.529035413252711,3.621731996536255,1600,0.0,0.0
2023-05-30 00:00:00-04:00,3.568411107158015,3.5848175797202595,3.4863787443467933,3.494582176208496,7500,0.0,0.0
2023-05-31 00:00:00-04:00,3.4945823913527208,3.4945823913527208,3.338720696835182,3.437159538269043,12100,0.0,0.0
2023-06-01 00:00:00-04:00,3.403949737548828,3.4537635897995558,3.403949737548828,3.403949737548828,13900,0.05,0.0
2023-06-02 00:00:00-04:00,3.4122522208749886,3.486972800797663,3.4122522208749886,3.483652114868164,3800,0.0,0.0
2023-06-05 00:00:00-04:00,3.420553825518861,3.486972284905985,3.420553825518861,3.470367670059204,13500,0.0,0.0
2023-06-06 00:00:00-04:00,3.421384646078269,3.520182182546008,3.412252363505119,3.478670835494995,42400,0.0,0.0
2023-06-07 00:00:00-04:00,3.4869725704193115,3.6613212385288048,3.4869725704193115,3.4869725704193115,8400,0.0,0.0
2023-06-08 00:00:00-04:00,3.4454610383587716,3.553391235707046,3.4454610383587716,3.5035769939422607,13000,0.0,0.0
2023-06-09 00:00:00-04:00,3.5367865253315736,3.5533911401783547,3.420553825518861,3.470367670059204,7800,0.0,0.0
2023-06-12 00:00:00-04:00,3.5035774468187504,3.553391695022583,3.485312486400883,3.553391695022583,6000,0.0,0.0
2023-06-13 00:00:00-04:00,3.478670175425217,3.5367865253315736,3.470367670059204,3.470367670059204,4600,0.0,0.0
2023-06-14 00:00:00-04:00,3.5351260196806433,3.5616934843632526,3.488633253400031,3.4952750205993652,14000,0.0,0.0
2023-06-15 00:00:00-04:00,3.478670506043176,3.565844841245265,3.3956474239186347,3.4454612731933594,32400,0.0,0.0
2023-06-16 00:00:00-04:00,3.445461181274152,3.445461181274152,3.3624381013645293,3.4122519493103027,14700,0.0,0.0
2023-06-20 00:00:00-04:00,3.4205543589007443,3.428856865561403,3.3458337783813477,3.3458337783813477,65400,0.0,0.0
2023-06-21 00:00:00-04:00,3.3707400369518905,3.3707400369518905,3.254507731094309,3.279414653778076,43200,0.0,0.0
2023-06-22 00:00:00-04:00,3.3333796448651434,3.3707401288810286,3.3292287878852496,3.354135513305664,9100,0.0,0.0
2023-06-23 00:00:00-04:00,3.3458333100327877,3.427195646960456,3.312623881866756,3.3209261894226074,15800,0.0,0.0
2023-06-26 00:00:00-04:00,3.3541355500331824,3.403949397304733,3.316775065608203,3.3956472873687744,31600,0.0,0.0
2023-06-27 00:00:00-04:00,3.279415006193794,3.2960196231006873,3.038647863101193,3.1897499561309814,73700,0.0,0.0
2023-06-28 00:00:00-04:00,3.18808889372219,3.2296006271411457,3.0934426324246562,3.1465773582458496,34000,0.0,0.0
2023-06-29 00:00:00-04:00,3.15487952149927,3.196391055082957,3.113367987915584,3.138274908065796,15800,0.0,0.0
2023-06-30 00:00:00-04:00,3.1216706295078205,3.1216706295078205,3.0394777248121407,3.088461399078369,19000,0.0,0.0
2023-07-03 00:00:00-04:00,3.1299727397445167,3.1449170112609863,3.0386473618223464,3.1449170112609863,6400,0.0,0.0
2023-07-05 00:00:00-04:00,3.096763706685732,3.105066014293095,3.0585730521033376,3.088461399078369,7800,0.0,0.0
2023-07-06 00:00:00-04:00,3.1382753936267815,3.1382753936267815,3.0386476976113137,3.0552523136138916,5800,0.0,0.0
2023-07-07 00:00:00-04:00,3.0469499558540654,3.105066110914016,3.0469499558540654,3.0801591873168945,2500,0.0,0.0
2023-07-10 00:00:00-04:00,3.046949863433838,3.0967637091171256,3.0220429405921942,3.046949863433838,12800,0.0,0.0
2023-07-11 00:00:00-04:00,3.0054381274218045,3.080159093889363,3.0054381274218045,3.046949863433838,7600,0.0,0.0
2023-07-12 00:00:00-04:00,3.0635544786616005,3.0635544786616005,2.9722288969662793,3.046949863433838,32500,0.0,0.0
2023-07-13 00:00:00-04:00,3.0635545715854797,3.0884614951826017,3.0635545715854797,3.0801591873168945,3000,0.0,0.0
2023-07-14 00:00:00-04:00,3.0801592376177584,3.0801592376177584,3.0145709450247846,3.0552523136138916,3900,0.0,0.0
2023-07-17 00:00:00-04:00,3.096763849258423,3.113368465237613,3.0394778647474276,3.096763849258423,14000,0.0,0.0
2023-07-18 00:00:00-04:00,3.1133687496185303,3.1133687496185303,3.096764132122644,3.1133687496185303,18300,0.0,0.0
2023-07-19 00:00:00-04:00,3.1133687496185303,3.1133687496185303,3.0884618233747005,3.1133687496185303,8400,0.0,0.0
2023-07-20 00:00:00-04:00,3.109217861686445,3.18808990303273,3.0884621863485875,3.1631829738616943,48300,0.0,0.0
2023-07-21 00:00:00-04:00,3.1963913343569357,3.271112299278671,3.166502987976766,3.262809991836548,11500,0.0,0.0
2023-07-24 00:00:00-04:00,3.2711125892646358,3.2877172056208916,3.237903356552124,3.237903356552124,11500,0.0,0.0
2023-07-25 00:00:00-04:00,3.2628101544545185,3.2628101544545185,3.1133684151055165,3.121670722961426,10300,0.0,0.0
2023-07-26 00:00:00-04:00,3.1714847034061115,3.212996244430542,3.1714847034061115,3.212996244430542,5300,0.0,0.0
2023-07-27 00:00:00-04:00,3.229601110357526,3.229601110357526,3.146577829040197,3.188089370727539,11100,0.0,0.0
2023-07-28 00:00:00-04:00,3.24620576164262,3.271112686920576,3.1963917131440613,3.2296011447906494,4900,0.0,0.0
2023-07-31 00:00:00-04:00,3.2960193784009473,3.2960193784009473,3.2046937942504883,3.2046937942504883,10700,0.0,0.0
2023-08-01 00:00:00-04:00,3.2046940215700466,3.2296011447906494,3.1797870962920904,3.2296011447906494,3700,0.0,0.0
2023-08-02 00:00:00-04:00,3.1631823952012255,3.2212987505780695,3.1216708541767946,3.212996244430542,5900,0.0,0.0
2023-08-03 00:00:00-04:00,3.1698243153774066,3.2337520678501317,3.09012192021467,3.1963915824890137,22700,0.0,0.0
2023-08-04 00:00:00-04:00,3.128312834431727,3.1988825579465425,3.071857213973999,3.071857213973999,15700,0.0,0.0
2023-08-07 00:00:00-04:00,3.1548799759259962,3.1548799759259962,2.97222900390625,2.97222900390625,4600,0.0,0.0
2023-08-08 00:00:00-04:00,3.0220432392737817,3.0544221036082226,2.997136116027832,2.997136116027832,5200,0.0,0.0
2023-08-09 00:00:00-04:00,3.0718567977027766,3.0718567977027766,2.972228908022959,2.9805312156677246,13500,0.0,0.0
2023-08-10 00:00:00-04:00,3.0220430346215608,3.0303453424937645,2.4906947369726393,2.681648015975952,110400,0.0,0.0
2023-08-11 00:00:00-04:00,2.7148572853032054,2.8642990270283515,2.6235318974361155,2.781275749206543,38000,0.0,0.0
2023-08-14 00:00:00-04:00,2.8227873338130625,2.878412774517415,2.7563686755735826,2.82610821723938,10800,0.0,0.0
2023-08-15 00:00:00-04:00,2.8480166004039256,2.89014698188166,2.789033865441592,2.8227381706237793,16100,0.05,0.0
2023-08-16 00:00:00-04:00,2.8901464403127615,2.9407028886125435,2.822737641686251,2.8438029289245605,13000,0.0,0.0
2023-08-17 00:00:00-04:00,2.8143117427825928,2.8530717290791623,2.8143117427825928,2.8143117427825928,5300,0.0,0.0
2023-08-18 00:00:00-04:00,2.8564426766994724,2.9583981396075383,2.7553295602594043,2.8227381706237793,34600,0.0,0.0
2023-08-21 00:00:00-04:00,2.7806077003479004,2.8985729656118653,2.7806077003479004,2.7806077003479004,6400,0.0,0.0
2023-08-22 00:00:00-04:00,2.7806078012009134,2.831164259193374,2.7721817248688367,2.8058860301971436,7900,0.0,0.0
2023-08-23 00:00:00-04:00,2.797459599470602,2.8817205530103283,2.797459599470602,2.864868402481079,1300,0.0,0.0
2023-08-24 00:00:00-04:00,2.8143114957836515,2.932276739726099,2.789033272273155,2.8311636447906494,6900,0.0,0.0
2023-08-25 00:00:00-04:00,2.789033822146968,2.9744076986649164,2.789033822146968,2.826951265335083,4000,0.0,0.0
2023-08-28 00:00:00-04:00,2.839590335525451,2.8985730707434945,2.8058860301971436,2.8058860301971436,4400,0.0,0.0
2023-08-29 00:00:00-04:00,2.8564426766994724,2.8564426766994724,2.8100991566272118,2.8227381706237793,4600,0.0,0.0
2023-08-30 00:00:00-04:00,2.755329572204683,2.8286366170979065,2.755329572204683,2.8058860301971436,18400,0.0,0.0
2023-08-31 00:00:00-04:00,2.8311640295956835,2.8311640295956835,2.772181500054427,2.7890336513519287,4900,0.0,0.0
2023-09-01 00:00:00-04:00,2.8227381706237793,2.864868752995019,2.8058860180326857,2.8227381706237793,6400,0.0,0.0
2023-09-05 00:00:00-04:00,2.8732942182016066,2.8732942182016066,2.789033272273155,2.8311636447906494,7100,0.0,0.0
2023-09-06 00:00:00-04:00,2.87329376633383,2.881719839512205,2.8395892727269003,2.848015546798706,2500,0.0,0.0
2023-09-07 00:00:00-04:00,2.8480165094530943,2.8480165094530943,2.7806077003479004,2.7806077003479004,3600,0.0,0.0
2023-09-08 00:00:00-04:00,2.7806077003479004,2.810941614221863,2.7047730161097436,2.7806077003479004,34300,0.0,0.0
2023-09-11 00:00:00-04:00,2.7890336513519287,2.873294608732928,2.7553293487569253,2.7890336513519287,25500,0.0,0.0
2023-09-12 00:00:00-04:00,2.8277932902846437,2.8277932902846437,2.7637550830841064,2.7637550830841064,3200,0.0,0.0
2023-09-13 00:00:00-04:00,2.8311641565066714,2.8311641565066714,2.7553294722685147,2.7806077003479004,10700,0.0,0.0
2023-09-14 00:00:00-04:00,2.763755197549597,2.8008298871822177,2.7553291225924794,2.772181272506714,6200,0.0,0.0
2023-09-15 00:00:00-04:00,2.805885802649431,2.805885802649431,2.738477197459423,2.7890336513519287,8700,0.0,0.0
2023-09-18 00:00:00-04:00,2.7974597270006796,2.7974597270006796,2.7553293487569253,2.7890336513519287,3300,0.0,0.0
2023-09-19 00:00:00-04:00,2.755329044403618,2.8058854927116643,2.6710682972235404,2.6963465213775635,24800,0.0,0.0
2023-09-20 00:00:00-04:00,2.7806076549198964,2.7806076549198964,2.6710686683654785,2.6710686683654785,10000,0.0,0.0
2023-09-21 00:00:00-04:00,2.7384769134995537,2.751116126108832,2.662642240524292,2.662642240524292,10100,0.0,0.0
2023-09-22 00:00:00-04:00,2.805885642543409,2.805885642543409,2.6289378631229274,2.6542162895202637,13600,0.0,0.0
2023-09-25 00:00:00-04:00,2.654216414079614,2.7300510941500216,2.6373642629528566,2.6457903385162354,3200,0.0,0.0
2023-09-26 00:00:00-04:00,2.6457900806883603,2.7688108121042188,2.603659506083534,2.6120855808258057,23300,0.0,0.0
2023-09-27 00:00:00-04:00,2.5868072594012603,2.629780379597584,2.5531029616985927,2.5699551105499268,16900,0.0,0.0
2023-09-28 00:00:00-04:00,2.5783814342628615,2.6205118104645133,2.55310320854187,2.55310320854187,25700,0.0,0.0
2023-09-29 00:00:00-04:00,2.6255679408379726,2.6752818534507923,2.5278254113034597,2.557316780090332,42700,0.0,0.0
2023-10-02 00:00:00-04:00,2.5699554735804075,2.603659776044126,2.4519904149573923,2.5615293979644775,29300,0.0,0.0
2023-10-03 00:00:00-04:00,2.628938002891915,2.628938002891915,2.5278250955007593,2.5615293979644775,2200,0.0,0.0
2023-10-04 00:00:00-04:00,2.5278250955007593,2.603659776044126,2.5278250955007593,2.5615293979644775,5800,0.0,0.0
2023-10-05 00:00:00-04:00,2.5699553692101644,2.620511820852559,2.5067597042104306,2.5362510681152344,17900,0.0,0.0
2023-10-06 00:00:00-04:00,2.6196691083618906,2.620511655568077,2.5531030576299045,2.6120855808258057,1300,0.0,0.0
2023-10-09 00:00:00-04:00,2.6457905528047836,2.696347010279737,2.578381741944675,2.679494857788086,4400,0.0,0.0
2023-10-10 00:00:00-04:00,2.67949439007435,2.6963465396244084,2.645790090974234,2.662642240524292,2900,0.0,0.0
2023-10-11 00:00:00-04:00,2.6879205901920735,2.6879205901920735,2.6120857127870227,2.6542162895202637,11300,0.0,0.0
2023-10-12 00:00:00-04:00,2.654216629050609,2.679494857788086,2.628938199419628,2.679494857788086,4400,0.0,0.0
2023-10-13 00:00:00-04:00,2.620511790094469,2.6794945172117712,2.561529263870646,2.5868074893951416,5400,0.0,0.0
2023-10-16 00:00:00-04:00,2.544676982887633,2.6963465291419895,2.544676982887633,2.6120855808258057,19000,0.0,0.0
2023-10-17 00:00:00-04:00,2.578381629278808,2.7131990442144924,2.5193990981353505,2.620512008666992,23700,0.0,0.0
2023-10-18 00:00:00-04:00,2.645790437193398,2.645790437193398,2.620512008666992,2.620512008666992,700,0.0,0.0
2023-10-19 00:00:00-04:00,2.667697927301014,2.667697927301014,2.595233638553005,2.633993625640869,2400,0.0,0.0
2023-10-20 00:00:00-04:00,2.6120855808258057,2.620511655568077,2.586807356598991,2.6120855808258057,5900,0.0,0.0
2023-10-23 00:00:00-04:00,2.6120854657743364,2.6120854657743364,2.5868072426609223,2.6036593914031982,5500,0.0,0.0
2023-10-24 00:00:00-04:00,2.612086251892586,2.6542168373211115,2.5573168524438388,2.6162993907928467,12900,0.0,0.0
2023-10-25 00:00:00-04:00,2.6162987186436757,2.620511655568077,2.561529132372176,2.6120855808258057,16200,0.0,0.0
2023-10-26 00:00:00-04:00,2.649160470406575,2.649160470406575,2.607872643901404,2.6120855808258057,4500,0.0,0.0
2023-10-27 00:00:00-04:00,2.6120855808258057,2.6626422301729034,2.5851222621866174,2.6120855808258057,10100,0.0,0.0
2023-10-30 00:00:00-04:00,2.6120857127870227,2.6542162895202637,2.56995533694726,2.6542162895202637,10300,0.0,0.0
2023-10-31 00:00:00-04:00,2.5868072631542387,2.839589697184446,2.5868072631542387,2.637363910675049,900,0.0,0.0
2023-11-01 00:00:00-04:00,2.7047726924952302,2.738476992568502,2.620511741418576,2.6424195766448975,4300,0.0,0.0
2023-11-02 00:00:00-04:00,2.6457905528047836,2.715727005734486,2.637364476558958,2.679494857788086,5400,0.0,0.0
2023-11-03 00:00:00-04:00,2.75532964700222,2.7806078766846656,2.662642804833253,2.704773187637329,11000,0.0,0.0
2023-11-06 00:00:00-05:00,2.6710682883540575,2.7890333340144546,2.654216138974001,2.713198661804199,6300,0.0,0.0
2023-11-07 00:00:00-05:00,2.654216138974001,2.8901464311882616,2.6457900642839727,2.713198661804199,7100,0.0,0.0
2023-11-08 00:00:00-05:00,2.713198670813579,2.713198670813579,2.654216147787525,2.6963465213775635,2700,0.0,0.0
2023-11-09 00:00:00-05:00,2.696347010279737,2.696347010279737,2.578381741944675,2.679494857788086,20900,0.0,0.0
2023-11-10 00:00:00-05:00,2.701402696205933,2.7637556202463416,2.646633100161315,2.679494857788086,38900,0.0,0.0
2023-11-13 00:00:00-05:00,2.8079046249456083,2.8079046249456083,2.4911593813624235,2.516841411590576,29200,0.05,0.0
2023-11-14 00:00:00-05:00,2.448355793546202,2.516841411590576,2.4397951168034844,2.516841411590576,28200,0.0,0.0
2023-11-15 00:00:00-05:00,2.4825988060434567,2.4825988060434567,2.422673862293635,2.456916570663452,14100,0.0,0.0
2023-11-16 00:00:00-05:00,2.4825992584228516,2.4825992584228516,2.4783188170453214,2.4825992584228516,3900,0.0,0.0
2023-11-17 00:00:00-05:00,2.499720615727615,2.5690620515811036,2.47403857977047,2.4825992584228516,10800,0.0,0.0
2023-11-20 00:00:00-05:00,2.48259863314099,2.48259863314099,2.3713096345872486,2.475749969482422,11600,0.0,0.0
2023-11-21 00:00:00-05:00,2.414113223971201,2.5254022320630214,2.414113223971201,2.4397952556610107,4500,0.0,0.0
2023-11-22 00:00:00-05:00,2.475750092082567,2.4825987560802836,2.405552459696137,2.457772731781006,20100,0.0,0.0
2023-11-24 00:00:00-05:00,2.4825988208704155,2.4825988208704155,2.4569165853370274,2.465477466583252,10600,0.0,0.0
2023-11-27 00:00:00-05:00,2.4825988208704155,2.4825988208704155,2.465477466583252,2.465477466583252,14800,0.0,0.0
2023-11-28 00:00:00-05:00,2.4654775651105454,2.5425236624817558,2.4483560060365144,2.525402307510376,49500,0.0,0.0
2023-11-29 00:00:00-05:00,2.508281001915276,2.5331070283432804,2.3798706329994768,2.3884313106536865,40000,0.0,0.0
2023-11-30 00:00:00-05:00,2.5254022117134705,2.5254022117134705,2.3884311730355456,2.4483559131622314,3200,0.0,0.0
2023-12-01 00:00:00-05:00,2.448355433171733,2.448355433171733,2.3969913802757237,2.4012718200683594,13700,0.0,0.0
2023-12-04 00:00:00-05:00,2.4055527337155636,2.482599038876148,2.4055527337155636,2.4517805576324463,30100,0.0,0.0
2023-12-05 00:00:00-05:00,2.446643919906547,2.446643919906547,2.4397952556610107,2.4397952556610107,2800,0.0,0.0
2023-12-06 00:00:00-05:00,2.4397951808415765,2.4397951808415765,2.414113149939339,2.415825366973877,10200,0.0,0.0
2023-12-07 00:00:00-05:00,2.431234815473932,2.431234815473932,2.3987043204695415,2.428666591644287,6500,0.0,0.0
2023-12-08 00:00:00-05:00,2.3969920180385413,2.5125612698551407,2.3969920180385413,2.491159677505493,48400,0.0,0.0
2023-12-11 00:00:00-05:00,2.4483559131622314,2.482598825908695,2.414113204518411,2.4483559131622314,9000,0.0,0.0
2023-12-12 00:00:00-05:00,2.4055529464487373,2.5245464409476472,2.4055529464487373,2.4825992584228516,18600,0.0,0.0
2023-12-13 00:00:00-05:00,2.431234553906282,2.51256108882163,2.431234553906282,2.465477466583252,11400,0.0,0.0
2023-12-14 00:00:00-05:00,2.4825990146942316,2.6366912153091344,2.4825990146942316,2.5853271484375,33400,0.0,0.0
2023-12-15 00:00:00-05:00,2.585326795173102,2.636690855026245,2.5425234119621494,2.636690855026245,11100,0.0,0.0
2023-12-18 00:00:00-05:00,2.64525156273134,2.698327840177243,2.516841411590576,2.516841411590576,40100,0.0,0.0
2023-12-19 00:00:00-05:00,2.525402595695238,2.722298404437412,2.525402595695238,2.6024487018585205,22000,0.0,0.0
2023-12-20 00:00:00-05:00,2.6709335810477186,2.722297845377584,2.623849961224071,2.6281301975250244,25600,0.0,0.0
2023-12-21 00:00:00-05:00,2.6281301030471598,2.7394191003081025,2.6281301030471598,2.670933485031128,34600,0.0,0.0
2023-12-22 00:00:00-05:00,2.628130304564313,2.662373012777116,2.628130304564313,2.6409714221954346,16200,0.0,0.0
2023-12-26 00:00:00-05:00,2.6281301593669744,2.6538121891077115,2.6281301593669744,2.645251512527466,6500,0.0,0.0
2023-12-27 00:00:00-05:00,2.628129996201529,2.653812024347817,2.5682052638601904,2.611008644104004,67800,0.0,0.0
2023-12-28 00:00:00-05:00,2.653812153313391,2.653812153313391,2.5682053886655885,2.6152892112731934,13900,0.0,0.0
2023-12-29 00:00:00-05:00,2.611008893025933,2.6709336310802283,2.5938875392961345,2.6666533946990967,24200,0.0,0.0
2024-01-02 00:00:00-05:00,2.705176611454607,2.729146425644996,2.6538123448560116,2.6966159343719482,9900,0.0,0.0
2024-01-03 00:00:00-05:00,2.6966163485205232,2.730859062110184,2.6966163485205232,2.7222983837127686,3900,0.0,0.0
2024-01-04 00:00:00-05:00,2.696615718324134,2.7051763947209277,2.5767660446663974,2.670933485031128,16800,0.0,0.0
2024-01-05 00:00:00-05:00,2.7051768710979354,2.722298226906564,2.6854872915077466,2.6880555152893066,3100,0.0,0.0
2024-01-08 00:00:00-05:00,2.7222980787066335,2.7222980787066335,2.675214250744783,2.692335605621338,3400,0.0,0.0
2024-01-09 00:00:00-05:00,2.693191299982523,2.717161316493067,2.6538121475101217,2.6794943809509277,5400,0.0,0.0
2024-01-10 00:00:00-05:00,2.6366907492494702,2.670933454444509,2.6366907492494702,2.663228988647461,6700,0.0,0.0
2024-01-11 00:00:00-05:00,2.6366912153091344,2.6366912153091344,2.5690617993640186,2.5853271484375,9600,0.0,0.0
2024-01-12 00:00:00-05:00,2.602448283779687,2.6110089608670157,2.568205575430371,2.5767662525177,5500,0.0,0.0
2024-01-16 00:00:00-05:00,2.5699178918089913,2.589607470281059,2.5339629650115967,2.5339629650115967,14700,0.0,0.0
2024-01-17 00:00:00-05:00,2.6110090823672762,2.6110090823672762,2.5005762815710795,2.525402307510376,9600,0.0,0.0
2024-01-18 00:00:00-05:00,2.6024484048815864,2.6024484048815864,2.5082809525389957,2.525402307510376,2800,0.0,0.0
2024-01-19 00:00:00-05:00,2.5682056746842967,2.5682056746842967,2.4997202553388966,2.5339629650115967,18600,0.0,0.0
2024-01-22 00:00:00-05:00,2.5596449572985422,2.5596449572985422,2.551084280014038,2.551084280014038,2500,0.0,0.0
2024-01-23 00:00:00-05:00,2.5596446990966797,2.569061381928941,2.5468035824139363,2.5596446990966797,12500,0.0,0.0
2024-01-24 00:00:00-05:00,2.5596449572985422,2.576766311867551,2.542523602729534,2.551084280014038,17900,0.0,0.0
2024-01-25 00:00:00-05:00,2.5767662721690954,2.5767662721690954,2.5510842407112477,2.5682055950164795,5300,0.0,0.0
2024-01-26 00:00:00-05:00,2.5682057727039993,2.6187138326297483,2.5510844172141853,2.5938878059387207,28900,0.0,0.0
2024-01-29 00:00:00-05:00,2.5450917871146808,2.6452516893900224,2.5450917871146808,2.5682055950164795,8400,0.0,0.0
2024-01-30 00:00:00-05:00,2.5425238428601182,2.6452519799764063,2.5382434017622737,2.606729030609131,18100,0.0,0.0
2024-01-31 00:00:00-05:00,2.533962753775097,2.645251550934102,2.533962753775097,2.6281301975250244,9300,0.0,0.0
2024-02-01 00:00:00-05:00,2.6110090220083055,2.6538124084472656,2.602448344720514,2.6538124084472656,9200,0.0,0.0
2024-02-02 00:00:00-05:00,2.632410543296869,2.6794943655305468,2.632410543296869,2.670933485031128,12700,0.0,0.0
2024-02-05 00:00:00-05:00,2.670934129792205,2.7633895796578134,2.645252094402204,2.713737726211548,27500,0.0,0.0
2024-02-06 00:00:00-05:00,2.679494484441156,2.7394192218780518,2.679494484441156,2.7394192218780518,9000,0.0,0.0
2024-02-07 00:00:00-05:00,2.645251570325688,2.730858542101269,2.5938875097219194,2.6195695400238037,34600,0.0,0.0
2024-02-08 00:00:00-05:00,2.756540966368398,2.756540966368398,2.568205846468396,2.6623733043670654,12900,0.0,0.0
2024-02-09 00:00:00-05:00,2.662373178016621,2.747980157964444,2.662373178016621,2.73085880279541,6900,0.0,0.0
2024-02-12 00:00:00-05:00,2.705176691449639,2.7993441421435237,2.705176691449639,2.765101432800293,7800,0.0,0.0
2024-02-13 00:00:00-05:00,2.6880556908215465,2.7993445108448847,2.6880556908215465,2.713737726211548,18500,0.0,0.0
2024-02-14 00:00:00-05:00,2.6966163485205232,2.7222983837127686,2.6966163485205232,2.7222983837127686,10200,0.0,0.0
2024-02-15 00:00:00-05:00,2.7222981452941895,2.752739045042394,2.674462179080197,2.7222981452941895,14100,0.05,0.0
2024-02-16 00:00:00-05:00,2.7136003937838726,2.7136003937838726,2.6614158186795063,2.6875081062316895,6500,0.0,0.0
2024-02-20 00:00:00-05:00,2.610970887901439,2.687508183990433,2.609231319069068,2.6701133251190186,11600,0.0,0.0
2024-02-21 00:00:00-05:00,2.670113247863567,2.6962055354157504,2.60923124357514,2.6875081062316895,11700,0.0,0.0
2024-02-22 00:00:00-05:00,2.652718309698766,2.6875080253884973,2.6179285940090344,2.6788105964660645,10400,0.0,0.0
2024-02-23 00:00:00-05:00,2.678810592314631,2.678810592314631,2.6422815153148607,2.6527183055877686,23200,0.0,0.0
2024-02-26 00:00:00-05:00,2.644020880776333,2.6788105964660645,2.644020880776333,2.6788105964660645,6700,0.0,0.0
2024-02-27 00:00:00-05:00,2.6701130915540054,2.6962053775787354,2.652718234204186,2.6962053775787354,6700,0.0,0.0
2024-02-28 00:00:00-05:00,2.6614160516885477,2.6970756596193723,2.609231472015381,2.609231472015381,58600,0.0,0.0
2024-02-29 00:00:00-05:00,2.700554590124966,2.700554590124966,2.481379065189344,2.609231472015381,34800,0.0,0.0
2024-03-01 00:00:00-05:00,2.574441104925093,2.695335412979627,2.513559110614347,2.539651393890381,31000,0.0,0.0
2024-03-04 00:00:00-05:00,2.6092313900608453,2.6092313900608453,2.4961645969572634,2.57444167137146,17600,0.0,0.0
2024-03-05 00:00:00-05:00,2.570092932542511,2.609231470963146,2.5413913929975354,2.583139181137085,10400,0.0,0.0
2024-03-06 00:00:00-05:00,2.583139020407523,2.6092313086100547,2.546609733978749,2.565744161605835,12800,0.0,0.0
2024-03-07 00:00:00-05:00,2.60053355500437,2.60053355500437,2.5222567001554395,2.557046413421631,6700,0.0,0.0
2024-03-08 00:00:00-05:00,2.557916094044371,2.60053355500437,2.530954128471987,2.557046413421631,1900,0.0,0.0
2024-03-11 00:00:00-04:00,2.5309544440024596,2.605752378322332,2.5309544440024596,2.565744161605835,4900,0.0,0.0
2024-03-12 00:00:00-04:00,2.600534283831837,2.609231714585932,2.4874674766654885,2.5309548377990723,17500,0.0,0.0
2024-03-13 00:00:00-04:00,2.554437642622247,2.609231472015381,2.5396520324511584,2.609231472015381,16100,0.0,0.0
2024-03-14 00:00:00-04:00,2.555307617997507,2.557047187132394,2.5474798679351807,2.5474798679351807,4200,0.0,0.0
2024-03-15 00:00:00-04:00,2.6005339565504584,2.6005339565504584,2.522257089614868,2.522257089614868,12800,0.0,0.0
2024-03-18 00:00:00-04:00,2.5135596599553582,2.582269416474411,2.5135596599553582,2.522257089614868,7700,0.0,0.0
2024-03-19 00:00:00-04:00,2.5570466447029268,2.5657440738061448,2.4961644336173334,2.504862070083618,13500,0.0,0.0
2024-03-20 00:00:00-04:00,2.5222570933373825,2.600533960388499,2.513559663665036,2.57444167137146,7300,0.0,0.0
2024-03-21 00:00:00-04:00,2.530954128471987,2.60053355500437,2.530954128471987,2.557046413421631,4300,0.0,0.0
2024-03-22 00:00:00-04:00,2.557046734844839,2.591836452484131,2.557046734844839,2.591836452484131,6300,0.0,0.0
2024-03-25 00:00:00-04:00,2.565744322287742,2.6614160516885477,2.544000643742379,2.609231472015381,14500,0.0,0.0
2024-03-26 00:00:00-04:00,2.6092314730467794,2.648370011498669,2.591836613148848,2.6353237628936768,17900,0.0,0.0
2024-03-27 00:00:00-04:00,2.662285798051171,2.670113339431112,2.635323621501806,2.65706729888916,4400,0.0,0.0
2024-03-28 00:00:00-04:00,2.6309744455455957,2.696205048975841,2.6309744455455957,2.6614153385162354,5700,0.0,0.0
2024-04-01 00:00:00-04:00,2.652718309698766,2.69620545431093,2.652718309698766,2.6788105964660645,7900,0.0,0.0
2024-04-02 00:00:00-04:00,2.6788105964660645,2.689247594118209,2.652718309698766,2.6788105964660645,9700,0.0,0.0
2024-04-03 00:00:00-04:00,2.678810790174336,2.7222981452941895,2.670113360622981,2.7222981452941895,7900,0.0,0.0
2024-04-04 00:00:00-04:00,2.7657855848268373,2.7657855848268373,2.697075821913688,2.7049033641815186,4600,0.0,0.0
2024-04-05 00:00:00-04:00,2.757088185176719,2.757088185176719,2.6962059638508578,2.7309958934783936,1900,0.0,0.0
2024-04-08 00:00:00-04:00,2.6788107519497206,2.7049030402314687,2.5657441693954777,2.6440210342407227,24500,0.0,0.0
2024-04-09 00:00:00-04:00,2.617928748504775,2.6962056134261405,2.617928748504775,2.6701133251190186,10300,0.0,0.0
2024-04-10 00:00:00-04:00,2.6875080253884973,2.6875080253884973,2.644020880776333,2.6788105964660645,11300,0.0,0.0
2024-04-11 00:00:00-04:00,2.7396928020403726,2.7396928020403726,2.626626018860906,2.6527183055877686,27700,0.0,0.0
2024-04-12 00:00:00-04:00,2.7309952858923854,2.7396927145235086,2.589226971105717,2.641411542892456,11400,0.0,0.0
2024-04-15 00:00:00-04:00,2.6179287407136,2.6788107465823607,2.591836452484131,2.591836452484131,15700,0.0,0.0
2024-04-16 00:00:00-04:00,2.5744414371876205,2.6005337238311768,2.565744008306435,2.6005337238311768,9300,0.0,0.0
2024-04-17 00:00:00-04:00,2.537042703044063,2.600533960388499,2.537042703044063,2.57444167137146,11500,0.0,0.0
2024-04-18 00:00:00-04:00,2.583139181137085,2.5918366110791053,2.5787903624845314,2.583139181137085,3800,0.0,0.0
2024-04-19 00:00:00-04:00,2.6005338792092108,2.6005338792092108,2.531824124733622,2.565744161605835,2400,0.0,0.0
2024-04-22 00:00:00-04:00,2.6005341053285562,2.6005341053285562,2.5657443847001757,2.5787904262542725,2700,0.0,0.0
2024-04-23 00:00:00-04:00,2.5744417522332697,2.6179289019609087,2.565744322287742,2.609231472015381,4800,0.0,0.0
2024-04-24 00:00:00-04:00,2.6092314897051634,2.713600649759088,2.6092314897051634,2.67446231842041,2100,0.0,0.0
2024-04-25 00:00:00-04:00,2.6701131634056767,2.6875080212235853,2.626626018860906,2.6527183055877686,11100,0.0,0.0
2024-04-26 00:00:00-04:00,2.635323604813473,2.6440210342407227,2.6266261753862237,2.6440210342407227,4000,0.0,0.0
2024-04-29 00:00:00-04:00,2.6962053775787354,2.6962053775787354,2.652718234204186,2.6962053775787354,14400,0.0,0.0
2024-04-30 00:00:00-04:00,2.7049029645998113,2.7049029645998113,2.6483697785849487,2.6875081062316895,2700,0.0,0.0
2024-05-01 00:00:00-04:00,2.6440213804542068,2.739693324044502,2.6440213804542068,2.7309958934783936,4800,0.0,0.0
2024-05-02 00:00:00-04:00,2.7309954971030925,2.7483903557106286,2.713600431132485,2.7396929264068604,4700,0.0,0.0
2024-05-03 00:00:00-04:00,2.7309955748455446,2.7431719347448267,2.7222981452941895,2.7222981452941895,9900,0.0,0.0
2024-05-06 00:00:00-04:00,2.7483907546106106,2.7483907546106106,2.7309958934783936,2.7309958934783936,1600,0.0,0.0
2024-05-07 00:00:00-04:00,2.713600307950448,2.7309953731314183,2.609231161042998,2.6527183055877686,55100,0.0,0.0
2024-05-08 00:00:00-04:00,2.6527184260061087,2.7483903557106286,2.6440209967023405,2.7396929264068604,7700,0.0,0.0
2024-05-09 00:00:00-04:00,2.713600234928555,2.739692728316341,2.6962053775787354,2.6962053775787354,2600,0.0,0.0
2024-05-10 00:00:00-04:00,2.6788105202289154,2.7309952996414313,2.6788105202289154,2.6962053775787354,2600,0.0,0.0
2024-05-13 00:00:00-04:00,2.678810677047628,2.6875081062316895,2.6266261019432617,2.6875081062316895,6700,0.0,0.0
2024-05-14 00:00:00-04:00,2.6614160697321254,2.704903219754594,2.6614160697321254,2.67446231842041,15600,0.0,0.0
2024-05-15 00:00:00-04:00,2.6788105202289154,2.6962053775787354,2.653588122225816,2.6962053775787354,12400,0.0,0.0
2024-05-16 00:00:00-04:00,2.635323531127323,2.7049029645998113,2.5831389560229567,2.6875081062316895,7000,0.0,0.0
2024-05-17 00:00:00-04:00,2.7049029645998113,2.7049029645998113,2.678810677047628,2.6875081062316895,2500,0.0,0.0
2024-05-20 00:00:00-04:00,2.704902806253645,2.704902806253645,2.635323376854366,2.6962053775787354,8500,0.0,0.0
2024-05-21 00:00:00-04:00,2.6875082809767505,2.6962057107263293,2.6875082809767505,2.691857099533081,8600,0.0,0.0
2024-05-22 00:00:00-04:00,2.635323376854366,2.704902806253645,2.635323376854366,2.6962053775787354,10400,0.0,0.0
2024-05-23 00:00:00-04:00,2.6614159099487855,2.6962056278780913,2.65706729888916,2.65706729888916,9000,0.0,0.0
2024-05-24 00:00:00-04:00,2.6962056134261405,2.6962056134261405,2.644021036811897,2.6701133251190186,5600,0.0,0.0
2024-05-28 00:00:00-04:00,2.635323604813473,2.6875081813769697,2.635323604813473,2.6440210342407227,7700,0.0,0.0
2024-05-29 00:00:00-04:00,2.6135802122825833,2.6788108312360865,2.6135802122825833,2.6266262531280518,5500,0.0,0.0
2024-05-30 00:00:00-04:00,2.6353237628936768,2.6440211928426427,2.6353237628936768,2.6353237628936768,2300,0.0,0.0
2024-05-31 00:00:00-04:00,2.6795406341552734,2.706070714393365,2.6795406341552734,2.6795406341552734,2700,0.05,0.0
2024-06-03 00:00:00-04:00,2.6972270011901855,2.6972270011901855,2.6618535655038578,2.6972270011901855,7200,0.0,0.0
2024-06-04 00:00:00-04:00,2.6972271771712983,2.7060705366698667,2.6662755243474687,2.6883838176727295,10700,0.0,0.0
2024-06-05 00:00:00-04:00,2.673349953186145,2.7060703601117675,2.581378851727847,2.6972270011901855,13000,0.0,0.0
2024-06-06 00:00:00-04:00,2.6972271656511566,2.7060705251119543,2.653010368347168,2.653010368347168,2000,0.0,0.0
2024-06-07 00:00:00-04:00,2.6264800277552696,2.706070254956714,2.6264800277552696,2.680424451828003,2800,0.0,0.0
2024-06-10 00:00:00-04:00,2.661853913996546,2.697227354314001,2.661853913996546,2.6795406341552734,4000,0.0,0.0
2024-06-11 00:00:00-04:00,2.6883836422686036,2.6972270011901855,2.5946439955313734,2.6972270011901855,4700,0.0,0.0
2024-06-12 00:00:00-04:00,2.6618535655038578,2.6972270011901855,2.6618535655038578,2.6972270011901855,3200,0.0,0.0
2024-06-13 00:00:00-04:00,2.688383806190359,2.688383806190359,2.6087935710431793,2.653010368347168,17800,0.0,0.0
2024-06-14 00:00:00-04:00,2.6176372263995624,2.6883841100831143,2.5999505054786742,2.6618540287017822,13100,0.0,0.0
2024-06-17 00:00:00-04:00,2.644167307780894,2.6618540287017822,2.644167307780894,2.6618540287017822,1000,0.0,0.0
2024-06-18 00:00:00-04:00,2.6087935710431793,2.653010368347168,2.6087935710431793,2.653010368347168,3900,0.0,0.0
2024-06-20 00:00:00-04:00,2.6176369416841805,2.6883838176727295,2.6105621275799327,2.6883838176727295,4600,0.0,0.0
2024-06-21 00:00:00-04:00,2.6618535655038578,2.6972270011901855,2.648588421700331,2.6972270011901855,20500,0.0,0.0
2024-06-24 00:00:00-04:00,2.6706972122192383,2.6706972122192383,2.6618538523446977,2.6706972122192383,5500,0.0,0.0
2024-06-25 00:00:00-04:00,2.6706969244254397,2.6972270011901855,2.6706969244254397,2.6972270011901855,2700,0.0,0.0
2024-06-26 00:00:00-04:00,2.6618540287017822,2.697227470543558,2.6618540287017822,2.6618540287017822,4900,0.0,0.0
2024-06-27 00:00:00-04:00,2.5468900548175952,2.653010368347168,2.5468900548175952,2.653010368347168,11800,0.0,0.0
2024-06-28 00:00:00-04:00,2.653010206582276,2.6972270011901855,2.5822633352096203,2.6972270011901855,4900,0.0,0.0
2024-07-01 00:00:00-04:00,2.723757034942469,2.723757034942469,2.564576576867707,2.591106653213501,26100,0.0,0.0
2024-07-02 00:00:00-04:00,2.5468904421797562,2.679540854266815,2.5468904421797562,2.573420524597168,15900,0.0,0.0
2024-07-03 00:00:00-04:00,2.5822636038443,2.6353237628936768,2.5822636038443,2.6353237628936768,4800,0.0,0.0
2024-07-05 00:00:00-04:00,2.6530102931360426,2.6530102931360426,2.5645767010351004,2.6087934970855713,18000,0.0,0.0
2024-07-08 00:00:00-04:00,2.5468902665501814,2.635323868509977,2.5468902665501814,2.624711751937866,8200,0.0,0.0
2024-07-09 00:00:00-04:00,2.5884533221990633,2.608793066106334,2.5822629928588867,2.5822629928588867,1700,0.0,0.0
2024-07-10 00:00:00-04:00,2.6264801521397585,2.6353235111364994,2.5645766391625724,2.599950075149536,3400,0.0,0.0
2024-07-11 00:00:00-04:00,2.5645762773605885,2.608793066106334,2.5645762773605885,2.5822629928588867,3300,0.0,0.0
2024-07-12 00:00:00-04:00,2.5645767010351004,2.6087934970855713,2.5645767010351004,2.6087934970855713,2400,0.0,0.0
2024-07-15 00:00:00-04:00,2.6176370432105514,2.6530104825768026,2.6123309851371475,2.6353237628936768,13100,0.0,0.0
2024-07-16 00:00:00-04:00,2.6264803635290916,2.653010442654558,2.6264803635290916,2.6485886573791504,58300,0.0,0.0
2024-07-17 00:00:00-04:00,2.6353236494255725,2.653010368347168,2.6353236494255725,2.653010368347168,2800,0.0,0.0
2024-07-18 00:00:00-04:00,2.6530103056629835,2.6530103056629835,2.6264802279074315,2.644166946411133,1400,0.0,0.0
2024-07-19 00:00:00-04:00,2.6530104825768026,2.6530104825768026,2.6264804030521143,2.6353237628936768,1100,0.0,0.0
2024-07-22 00:00:00-04:00,2.617636930503977,2.653010368347168,2.617636930503977,2.653010368347168,1600,0.0,0.0
2024-07-23 00:00:00-04:00,2.653010368347168,2.653010368347168,2.6353236494255725,2.653010368347168,900,0.0,0.0
2024-07-24 00:00:00-04:00,2.635323890906275,2.635323890906275,2.5557336484660613,2.604372024536133,9600,0.0,0.0
2024-07-25 00:00:00-04:00,2.635323574715854,2.6397451488997437,2.604371712059367,2.6087934970855713,14200,0.0,0.0
2024-07-26 00:00:00-04:00,2.6087936526120945,2.750287408408931,2.599950292874792,2.732600688934326,35800,0.0,0.0
2024-07-29 00:00:00-04:00,2.670697137951782,2.7060705764662707,2.670697137951782,2.675118923187256,5000,0.0,0.0
2024-07-30 00:00:00-04:00,2.7149138107778494,2.7149138107778494,2.670697014675731,2.6786561012268066,2800,0.0,0.0
2024-07-31 00:00:00-04:00,2.7149137190333494,2.7281788628368764,2.6928054271505486,2.6972270011901855,4200,0.0,0.0
2024-08-01 00:00:00-04:00,2.6972270011901855,2.7149137190333494,2.6706969244254397,2.6972270011901855,1900,0.0,0.0
2024-08-02 00:00:00-04:00,2.6706973815524515,2.6706973815524515,2.6264805793762207,2.6264805793762207,2000,0.0,0.0
2024-08-05 00:00:00-04:00,2.582263417483482,2.6087934950935066,2.47614289620107,2.58756947517395,36200,0.0,0.0
2024-08-06 00:00:00-04:00,2.608793695586323,2.6264804153522783,2.387709487669556,2.622058629989624,16900,0.0,0.0
2024-08-07 00:00:00-04:00,2.5734202240154316,2.6530104619713333,2.431926256807056,2.5645768642425537,30000,0.0,0.0
2024-08-08 00:00:00-04:00,2.5928755091487776,2.6441671227352397,2.5203598741110302,2.6353237628936768,5800,0.0,0.0
2024-08-09 00:00:00-04:00,2.546890401513114,2.626480647494518,2.546890401513114,2.5866854190826416,3800,0.0,0.0
2024-08-12 00:00:00-04:00,2.5468904421797562,2.6264806894319914,2.5468904421797562,2.573420524597168,6500,0.0,0.0
2024-08-13 00:00:00-04:00,2.5468900843220497,2.5557334438852934,2.3700226822148536,2.45845627784729,82700,0.0,0.0
2024-08-14 00:00:00-04:00,2.4496129782439855,2.5159382820129395,2.44076961846428,2.5159382820129395,5700,0.0,0.0
2024-08-15 00:00:00-04:00,2.608793843021644,2.608793843021644,2.4894083724332434,2.5557336807250977,5300,0.0,0.0
2024-08-16 00:00:00-04:00,2.5917293857331343,2.6187265400152326,2.5242363927507343,2.5557329654693604,7800,0.05,0.0
2024-08-19 00:00:00-04:00,2.5827301533729914,2.6007284710163323,2.5602326317888626,2.596228837966919,5500,0.0,0.0
2024-08-20 00:00:00-04:00,2.6007287949750886,2.609727847640566,2.5737314224243164,2.5737314224243164,12400,0.0,0.0
2024-08-21 00:00:00-04:00,2.6097276123166004,2.6547228715866824,2.5917295086085677,2.645723819732666,8900,0.0,0.0
2024-08-22 00:00:00-04:00,2.6682213997966526,2.6682213997966526,2.618726720806292,2.6547229290008545,13900,0.0,0.0
2024-08-23 00:00:00-04:00,2.654722838027387,2.713216781616211,2.654722838027387,2.713216781616211,26900,0.0,0.0
2024-08-26 00:00:00-04:00,2.672721080300505,2.6997182369232178,2.654722975885363,2.6997182369232178,4800,0.0,0.0
2024-08-27 00:00:00-04:00,2.6547229195880977,2.6907191276550293,2.645723867571365,2.6907191276550293,2000,0.0,0.0
2024-08-28 00:00:00-04:00,2.6457241109081675,2.6997184279746174,2.6457241109081675,2.6853199005126953,6800,0.0,0.0
2024-08-29 00:00:00-04:00,2.651123333648761,2.6817200675019577,2.636724807554809,2.6808202266693115,4800,0.0,0.0
2024-08-30 00:00:00-04:00,2.6808202266693115,2.6808202266693115,2.6808202266693115,2.6808202266693115,300,0.0,0.0
2024-09-03 00:00:00-04:00,2.6367252019899547,2.6367252019899547,2.577331407063969,2.600728988647461,3100,0.0,0.0
2024-09-04 00:00:00-04:00,2.641224238758915,2.641224238758915,2.555733137178006,2.582730293273926,5100,0.0,0.0
2024-09-05 00:00:00-04:00,2.627725964909794,2.627725964909794,2.6097278594970703,2.6097278594970703,700,0.0,0.0
2024-09-06 00:00:00-04:00,2.591729826119543,2.6277260379454788,2.5647324526957447,2.6232264041900635,2800,0.0,0.0
2024-09-09 00:00:00-04:00,2.6727210330981355,2.6727210330981355,2.6547229290008545,2.6547229290008545,1100,0.0,0.0
2024-09-10 00:00:00-04:00,2.6790203953903715,2.6997182369232178,2.6457239236777923,2.6997182369232178,3500,0.0,0.0
2024-09-11 00:00:00-04:00,2.573731291462896,2.6997182369232178,2.573731291462896,2.6997182369232178,13300,0.0,0.0
2024-09-12 00:00:00-04:00,2.690719375130209,2.6997184279746174,2.6322254243643832,2.6853199005126953,12300,0.0,0.0
2024-09-13 00:00:00-04:00,2.6997182369232178,2.6997182369232178,2.686219551334697,2.6997182369232178,1200,0.0,0.0
2024-09-16 00:00:00-04:00,2.690719184715647,2.6997182369232178,2.6277258192626505,2.6997182369232178,2800,0.0,0.0
2024-09-17 00:00:00-04:00,2.6907191276550293,2.717716283705228,2.5917295554709674,2.6907191276550293,17100,0.0,0.0
2024-09-18 00:00:00-04:00,2.731215153518306,2.74471362517815,2.6727212041807444,2.68172025680542,10700,0.0,0.0
2024-09-19 00:00:00-04:00,2.74471362517815,2.74471362517815,2.6592225179665614,2.68172025680542,9700,0.0,0.0
2024-09-20 00:00:00-04:00,2.7006178893207125,2.744713306427002,2.618726584312729,2.744713306427002,55700,0.0,0.0
2024-09-23 00:00:00-04:00,2.708717299478791,2.7177163517207408,2.6277258293012444,2.663722038269043,9400,0.0,0.0
2024-09-24 00:00:00-04:00,2.6565226888858127,2.7222160067846524,2.5647322694656465,2.5917296409606934,11000,0.0,0.0
2024-09-25 00:00:00-04:00,2.6727215295040745,2.6727215295040745,2.6007290997437593,2.618727207183838,8500,0.0,0.0
2024-09-26 00:00:00-04:00,2.663722038269043,2.663722038269043,2.6547229860270933,2.663722038269043,900,0.0,0.0
2024-09-27 00:00:00-04:00,2.6367247678786496,2.645723819732666,2.6367247678786496,2.645723819732666,4700,0.0,0.0
2024-09-30 00:00:00-04:00,2.618727052717701,2.7087175846099854,2.618727052717701,2.7087175846099854,10700,0.0,0.0
2024-10-01 00:00:00-04:00,2.7348148938909156,2.7348148938909156,2.681720415889378,2.7141170501708984,2400,0.0,0.0
2024-10-02 00:00:00-04:00,2.681720132508076,2.724015656428226,2.681720132508076,2.6997182369232178,1100,0.0,0.0
2024-10-03 00:00:00-04:00,2.686219494369501,2.729415072782413,2.6547229195880977,2.6907191276550293,7300,0.0,0.0
2024-10-04 00:00:00-04:00,2.6547229195880977,2.726715335721961,2.6547229195880977,2.6907191276550293,4200,0.0,0.0
2024-10-07 00:00:00-04:00,2.6907193338543283,2.6907193338543283,2.5737314341172817,2.6097278594970703,30300,0.0,0.0
2024-10-08 00:00:00-04:00,2.7267155446797764,2.7267155446797764,2.6097278594970703,2.6097278594970703,7900,0.0,0.0
2024-10-09 00:00:00-04:00,2.632225077358288,2.6367247104644775,2.61872660714835,2.6367247104644775,3300,0.0,0.0
2024-10-10 00:00:00-04:00,2.564732138492198,2.717716234564797,2.564732138492198,2.645723819732666,2600,0.0,0.0
2024-10-11 00:00:00-04:00,2.636725173008961,2.7465137083185933,2.636725173008961,2.6727213859558105,13000,0.0,0.0
2024-10-14 00:00:00-04:00,2.7357144457535014,2.7357144457535014,2.6997182369232178,2.6997182369232178,900,0.0,0.0
2024-10-15 00:00:00-04:00,2.7357144355773926,2.7357144355773926,2.7357144355773926,2.7357144355773926,200,0.0,0.0
2024-10-16 00:00:00-04:00,2.6997180485290473,2.7555122541442367,2.6997180485290473,2.744713306427002,4700,0.0,0.0
2024-10-17 00:00:00-04:00,2.7105173555589714,2.753712723045364,2.699718406410202,2.726715564727783,5500,0.0,0.0
2024-10-18 00:00:00-04:00,2.6907189969494563,2.753712358006593,2.6907189969494563,2.744713306427002,1900,0.0,0.0
2024-10-21 00:00:00-04:00,2.771710654583785,2.771710654583785,2.6997182369232178,2.6997182369232178,800,0.0,0.0
2024-10-22 00:00:00-04:00,2.661922121928067,2.7573121178843594,2.661922121928067,2.7357144355773926,14400,0.0,0.0
2024-10-23 00:00:00-04:00,2.747413043356311,2.762711409586184,2.712316677829612,2.744713306427002,3800,0.0,0.0
2024-10-24 00:00:00-04:00,2.6907189969494563,2.780709512745366,2.6907189969494563,2.744713306427002,8900,0.0,0.0
2024-10-25 00:00:00-04:00,2.645723730003564,2.759111822429504,2.645723730003564,2.7042176723480225,9300,0.0,0.0
2024-10-28 00:00:00-04:00,2.6997182189967104,2.762711584031422,2.6727210625532627,2.725815534591675,8900,0.0,0.0
2024-10-29 00:00:00-04:00,2.6367250370025133,2.762711775817891,2.6367250370025133,2.726715564727783,14300,0.0,0.0
2024-10-30 00:00:00-04:00,2.753712723045364,2.753712723045364,2.6907193536376752,2.726715564727783,4200,0.0,0.0
2024-10-31 00:00:00-04:00,2.6673215961433905,2.7357144355773926,2.6673215961433905,2.7357144355773926,500,0.0,0.0
2024-11-01 00:00:00-04:00,2.753712539925586,2.753712539925586,2.720416068336861,2.7357144355773926,4500,0.0,0.0
2024-11-04 00:00:00-05:00,2.708717173760469,2.7177162255847502,2.6682213332740443,2.6970183849334717,12500,0.0,0.0
2024-11-05 00:00:00-05:00,2.699718179671762,2.7447134397554267,2.6673215495006586,2.6907191276550293,8400,0.0,0.0
2024-11-06 00:00:00-05:00,2.7681113785697637,2.7780102727116094,2.6907194782315287,2.7087175846099854,23900,0.0,0.0
2024-11-07 00:00:00-05:00,2.6727210236215635,2.6907191276550293,2.609727659504433,2.6907191276550293,5000,0.0,0.0
2024-11-08 00:00:00-05:00,2.6952187167187875,2.7177164554595947,2.6907192977032284,2.7177164554595947,3600,0.0,0.0
2024-11-11 00:00:00-05:00,2.7267153935459305,2.737514342016747,2.6322252380892714,2.6997182369232178,7300,0.0,0.0
2024-11-12 00:00:00-05:00,2.735714497248385,3.014685335488534,2.735714497248385,3.0056862831115723,90700,0.0,0.0
2024-11-13 00:00:00-05:00,3.005686027797305,3.1163745986413987,2.933693614896917,3.0011866092681885,38400,0.0,0.0
2024-11-14 00:00:00-05:00,3.0821783468577104,3.0821783468577104,2.933693874817991,2.9696900844573975,10000,0.0,0.0
2024-11-15 00:00:00-05:00,2.9426929272278426,3.014685346506656,2.834704298309622,2.9696900844573975,8300,0.0,0.0
2024-11-18 00:00:00-05:00,2.996687126236795,3.0056861782999498,2.8437032411631624,2.9516918659210205,13500,0.0,0.0
2024-11-19 00:00:00-05:00,2.9516919229521785,2.969690027426239,2.9426928707151485,2.960690975189209,5300,0.0,0.0
2024-11-20 00:00:00-05:00,2.9516919229521785,2.969690027426239,2.915695714004058,2.960690975189209,38700,0.0,0.0
2024-11-21 00:00:00-05:00,2.9336940418073434,2.997587467742214,2.900397567451051,2.996687412261963,47400,0.0,0.0
2024-11-22 00:00:00-05:00,2.9829831420108373,3.097186168280663,2.9829831420108373,3.069777250289917,59800,0.05,0.0
2024-11-25 00:00:00-05:00,3.1063223285009327,3.1063223285009327,2.9373016880558223,3.0240960121154785,75700,0.0,0.0
2024-11-26 00:00:00-05:00,3.0880501404815073,3.0880501404815073,2.960142646700764,3.078913688659668,18300,0.0,0.0
2024-11-27 00:00:00-05:00,3.0606410086362326,3.14286732673645,3.0432823177222845,3.14286732673645,23500,0.0,0.0
2024-11-29 00:00:00-05:00,3.147435194907297,3.152003420299132,3.098099580495344,3.1154584884643555,16300,0.0,0.0
2024-12-02 00:00:00-05:00,3.1456079472483407,3.1611395208450417,3.0789132098360876,3.152003288269043,8800,0.0,0.0
2024-12-03 00:00:00-05:00,3.0789133050453175,3.1337309200214003,2.9966872093186527,3.1309900283813477,16300,0.0,0.0
2024-12-04 00:00:00-05:00,3.1063221253890503,3.1611395208450417,3.1063221253890503,3.152003288269043,8000,0.0,0.0
2024-12-05 00:00:00-05:00,3.1520035686121823,3.1702760353893558,3.069777250289917,3.069777250289917,2500,0.0,0.0
2024-12-06 00:00:00-05:00,3.0149595087241976,3.1373851965350634,3.0149595087241976,3.1063220500946045,6200,0.0,0.0
2024-12-09 00:00:00-05:00,3.1154581216088486,3.1364714767219506,3.0240955849551727,3.046936273574829,11400,0.0,0.0
2024-12-10 00:00:00-05:00,3.0606406057115705,3.0697768378727264,3.042368141389259,3.051504373550415,5000,0.0,0.0
2024-12-11 00:00:00-05:00,3.051504775272318,3.197684726919938,3.0332323085444886,3.14286732673645,41900,0.0,0.0
2024-12-12 00:00:00-05:00,3.1885484261511268,3.1885484261511268,3.1291628016285817,3.161139726638794,5600,0.0,0.0
2024-12-13 00:00:00-05:00,3.1520038335167073,3.1520038335167073,3.1245951310474323,3.1337313652038574,10400,0.0,0.0
2024-12-16 00:00:00-05:00,3.120026503259556,3.1794121265411377,3.1063222627022533,3.1794121265411377,8900,0.0,0.0
2024-12-17 00:00:00-05:00,3.1885485313897397,3.27534285828928,3.1273357889076903,3.1976847648620605,23700,0.0,0.0
2024-12-18 00:00:00-05:00,3.188548392138053,3.188548392138053,3.007650846591348,3.0332322120666504,9100,0.0,0.0
2024-12-19 00:00:00-05:00,2.996687133322423,3.1382988479506584,2.996687133322423,3.1108901500701904,17800,0.0,0.0
2024-12-20 00:00:00-05:00,3.106322662734582,3.1520038335167073,3.097186428578157,3.1337313652038574,13800,0.0,0.0
2024-12-23 00:00:00-05:00,3.106322662734582,3.142867599360282,3.0606412741274522,3.1337313652038574,42600,0.0,0.0
2024-12-24 00:00:00-05:00,3.1337307112391817,3.1410396099090576,3.1337307112391817,3.1410396099090576,800,0.0,0.0
2024-12-26 00:00:00-05:00,3.0423687526723127,3.148349328425643,3.0423687526723127,3.078913688659668,24700,0.0,0.0
2024-12-27 00:00:00-05:00,3.0789137424403026,3.142867599360282,3.0789137424403026,3.1337313652038574,5400,0.0,0.0
2024-12-30 00:00:00-05:00,3.1428670056246943,3.1611394704855966,3.0606406959256702,3.141953229904175,12300,0.0,0.0
2024-12-31 00:00:00-05:00,3.1428671541398896,3.151089611238371,3.0195279015879595,3.1245946884155273,14800,0.0,0.0
2025-01-02 00:00:00-05:00,3.106322363397305,3.152003529777416,3.1017541378468025,3.1392128467559814,3200,0.0,0.0
2025-01-03 00:00:00-05:00,3.142867599360282,3.1684489678682706,3.1337313652038574,3.1337313652038574,1100,0.0,0.0
2025-01-06 00:00:00-05:00,3.2159571256634596,3.2159571256634596,3.115458560784906,3.161139726638794,7000,0.0,0.0
2025-01-07 00:00:00-05:00,3.1428669795127826,3.1428669795127826,3.1063220500946045,3.1063220500946045,3000,0.0,0.0
2025-01-08 00:00:00-05:00,3.1063220500946045,3.1245945148036935,2.9692783469514747,3.1063220500946045,15500,0.0,0.0
2025-01-10 00:00:00-05:00,3.106322662734582,3.1337313652038574,2.9720198245926297,3.1337313652038574,13800,0.0,0.0
2025-01-13 00:00:00-05:00,3.1154584884643555,3.152003420299132,3.0240959410524386,3.1154584884643555,16300,0.0,0.0
2025-01-14 00:00:00-05:00,3.115458560784906,3.1702759598095716,3.115458560784906,3.161139726638794,8700,0.0,0.0
2025-01-15 00:00:00-05:00,3.156571498214556,3.2068208895197388,3.1382990318899404,3.1739304065704346,17500,0.0,0.0
2025-01-16 00:00:00-05:00,3.215957231806702,3.215957231806702,3.149262705676262,3.1976847648620605,5800,0.0,0.0
2025-01-17 00:00:00-05:00,3.23422938145303,3.23422938145303,3.152003288269043,3.152003288269043,9300,0.0,0.0
2025-01-21 00:00:00-05:00,3.152003597500457,3.2168707898064373,3.1154586636111743,3.1976847648620605,25700,0.0,0.0
2025-01-22 00:00:00-05:00,3.234229524420301,3.234229524420301,3.152003427601556,3.1794121265411377,15300,0.0,0.0
2025-01-23 00:00:00-05:00,3.1794119959276856,3.215956926345825,3.1794119959276856,3.215956926345825,4500,0.0,0.0
2025-01-24 00:00:00-05:00,3.1520033949514192,3.2205252505030755,3.1063222305253064,3.1885483264923096,14400,0.0,0.0
2025-01-27 00:00:00-05:00,3.124594761214746,3.1885483927400537,3.124594761214746,3.170275926589966,6800,0.0,0.0
2025-01-28 00:00:00-05:00,3.152003460439878,3.170275926589966,3.152003460439878,3.170275926589966,10600,0.0,0.0
2025-01-29 00:00:00-05:00,3.1209402294345763,3.1976847648620605,3.106322430138854,3.1976847648620605,3800,0.0,0.0
2025-01-30 00:00:00-05:00,3.0697771449395033,3.1885483927400537,3.0697771449395033,3.170275926589966,22800,0.0,0.0
2025-01-31 00:00:00-05:00,3.0971861196017976,3.1931164597617148,3.0971861196017976,3.1839802265167236,3000,0.0,0.0
2025-02-03 00:00:00-05:00,3.1976845513129755,3.1976845513129755,3.092617764485407,3.1245946884155273,24600,0.0,0.0
2025-02-04 00:00:00-05:00,3.124594955121668,3.161139889689759,3.1108904957461383,3.1346447467803955,6800,0.0,0.0
2025-02-05 00:00:00-05:00,3.1063223932807915,3.2159571936477676,3.051504775272318,3.14286732673645,30400,0.0,0.0
2025-02-06 00:00:00-05:00,3.138299101142,3.209561852075526,3.0743454675945974,3.14286732673645,22100,0.0,0.0
2025-02-07 00:00:00-05:00,3.088049901144783,3.416954517364502,3.088049901144783,3.416954517364502,72500,0.0,0.0
2025-02-10 00:00:00-05:00,3.499180681621513,3.499180681621513,3.2433659269847563,3.334728479385376,41900,0.0,0.0
2025-02-11 00:00:00-05:00,3.4626356785873265,3.4717719118622936,3.215957162338228,3.3530008792877197,37300,0.0,0.0
2025-02-12 00:00:00-05:00,3.3073193650263004,3.4534993095021767,3.3073193650263004,3.3895456790924072,52100,0.0,0.0
2025-02-13 00:00:00-05:00,3.3895457324869906,3.809812888878636,3.3895457324869906,3.4763400554656982,31000,0.0,0.0
2025-02-14 00:00:00-05:00,3.3986818871778275,3.4854762081551813,3.320110241112005,3.4626355171203613,36600,0.0,0.0
2025-02-18 00:00:00-05:00,3.370051925655696,3.4987434087530094,3.370051925655696,3.490410804748535,19300,0.05,0.0
2025-02-19 00:00:00-05:00,3.462635622019693,3.4718939971826974,3.4163437462046726,3.4533772468566895,5500,0.0,0.0
2025-02-20 00:00:00-05:00,3.351534638766108,3.4580060552317193,3.351534638766108,3.4348602294921875,12200,0.0,0.0
2025-02-21 00:00:00-05:00,3.388568621388271,3.462635622707006,3.2774678986730925,3.4209728240966797,21800,0.0,0.0
2025-02-24 00:00:00-05:00,3.42560240900053,3.444119160881309,3.370052153358193,3.407085657119751,15600,0.0,0.0
2025-02-25 00:00:00-05:00,3.3283890162917733,3.4070853142337056,3.249692718349841,3.351534843444824,26700,0.0,0.0
2025-02-26 00:00:00-05:00,3.3793099968724363,3.3978267458358147,3.3052427802818634,3.370051622390747,16800,0.0,0.0
2025-02-27 00:00:00-05:00,3.333017933217957,3.4163435250274956,3.2756161433658204,3.38856840133667,6600,0.0,0.0
2025-02-28 00:00:00-05:00,3.407085150463887,3.4117142273771606,3.3052428095271313,3.38856840133667,8300,0.0,0.0
2025-03-03 00:00:00-05:00,3.3330178698629176,3.3515346186381625,3.277467623537182,3.2867259979248047,20700,0.0,0.0
2025-03-04 00:00:00-05:00,3.3283887930376346,3.3283887930376346,3.2867259979248047,3.2867259979248047,6100,0.0,0.0
2025-03-05 00:00:00-05:00,3.3793102951133784,3.3793102951133784,3.2867263213884312,3.3422765731811523,6500,0.0,0.0
2025-03-06 00:00:00-05:00,3.2885777945096466,3.370051622390747,3.286726031318485,3.370051622390747,7200,0.0,0.0
2025-03-07 00:00:00-05:00,3.3145012090104395,3.4256019253461023,3.3145012090104395,3.423750162124634,7400,0.0,0.0
2025-03-10 00:00:00-04:00,3.3589416758939756,3.402456016360852,3.351534843444824,3.351534843444824,3000,0.0,0.0
2025-03-11 00:00:00-04:00,3.286726161011911,3.3561640827331134,3.286726161011911,3.3145012855529785,9100,0.0,0.0
2025-03-12 00:00:00-04:00,3.357089883459837,3.3885685348056365,3.2932070302336007,3.3330180644989014,3800,0.0,0.0
2025-03-13 00:00:00-04:00,3.2737645839608147,3.3052430152893066,3.2737645839608147,3.3052430152893066,600,0.0,0.0
2025-03-14 00:00:00-04:00,3.2867262650093614,3.3422765158491976,3.240434389309498,3.3052430152893066,6900,0.0,0.0
2025-03-17 00:00:00-04:00,3.240434125986692,3.2913552954871443,3.240434125986692,3.2867259979248047,13300,0.0,0.0
2025-03-18 00:00:00-04:00,3.167293159482591,3.3237597655692523,3.167293159482591,3.3052430152893066,2800,0.0,0.0
2025-03-19 00:00:00-04:00,3.3191304186500123,3.3330178698629176,3.2867259979248047,3.2867259979248047,1600,0.0,0.0
2025-03-20 00:00:00-04:00,3.3274632922149014,3.3274632922149014,3.3052430152893066,3.3052430152893066,11400,0.0,0.0
2025-03-21 00:00:00-04:00,3.308020549905006,3.3469058137877212,3.3052430152893066,3.3052430152893066,15900,0.0,0.0
2025-03-24 00:00:00-04:00,3.3506091976073575,3.3506091976073575,3.2219177139481765,3.277467966079712,42800,0.0,0.0
2025-03-25 00:00:00-04:00,3.2126590908966386,3.271912644454406,3.1941423416137695,3.1941423416137695,37400,0.0,0.0
2025-03-26 00:00:00-04:00,3.1941423416137695,3.229324076956395,3.1210011157253184,3.1941423416137695,36500,0.0,0.0
2025-03-27 00:00:00-04:00,3.194142400259923,3.234879205282771,3.138592151391384,3.2311758995056152,10700,0.0,0.0
2025-03-28 00:00:00-04:00,3.2432119624855025,3.2432119624855025,3.1571090505863246,3.175625801086426,6900,0.0,0.0
2025-03-31 00:00:00-04:00,3.1663672630061304,3.3681999655202444,3.0830416693036113,3.147850513458252,14100,0.0,0.0
2025-04-01 00:00:00-04:00,3.1015584188514898,3.2450635589531465,3.1015584188514898,3.147850513458252,2000,0.0,0.0
2025-04-02 00:00:00-04:00,3.138592109199292,3.1478504838862547,3.092300015027414,3.129333734512329,9100,0.0,0.0
2025-04-03 00:00:00-04:00,2.962682589441334,3.0367495824378254,2.8608402533341066,2.9534242153167725,11000,0.0,0.0
2025-04-04 00:00:00-04:00,2.8423236756433607,2.905280755910454,2.796031802242732,2.8515820503234863,8600,0.0,0.0
2025-04-07 00:00:00-04:00,2.7589983052910507,2.851582052151664,2.651601114785326,2.7034480571746826,25000,0.0,0.0
2025-04-08 00:00:00-04:00,2.796032001753749,2.796032001753749,2.703448248346173,2.7173357009887695,19500,0.0,0.0
2025-04-09 00:00:00-04:00,2.647897656792848,2.8515821258903085,2.6016057821654863,2.8238070011138916,51900,0.0,0.0
2025-04-10 00:00:00-04:00,2.7775152707094892,2.8099196949997824,2.610864292660537,2.684931516647339,13900,0.0,0.0
2025-04-11 00:00:00-04:00,2.684931336973996,2.758998335267215,2.6340101652788745,2.7219648361206055,10300,0.0,0.0
2025-04-14 00:00:00-04:00,2.731223269112957,2.731223269112957,2.6849313941931587,2.7265939712524414,14800,0.0,0.0
2025-04-15 00:00:00-04:00,2.684931440426776,2.7775151918606342,2.6756730652833904,2.7127065658569336,30400,0.0,0.0
2025-04-16 00:00:00-04:00,2.7127067552897883,2.7127067552897883,2.6108644008636475,2.6108644008636475,18100,0.0,0.0
2025-04-17 00:00:00-04:00,2.6664147658349084,2.684931516647339,2.610864292660537,2.684931516647339,13500,0.0,0.0
2025-04-21 00:00:00-04:00,2.668266041736739,2.796031742012468,2.65715590406509,2.666414499282837,2400,0.0,0.0
2025-04-22 00:00:00-04:00,2.638639213635189,2.7312231812328664,2.638639213635189,2.7034480571746826,26100,0.0,0.0
2025-04-23 00:00:00-04:00,2.768256679977112,2.768256679977112,2.666414558430437,2.7034480571746826,10800,0.0,0.0
2025-04-24 00:00:00-04:00,2.6849315993369984,2.74418515961423,2.6849315993369984,2.7404818534851074,9000,0.0,0.0
2025-04-25 00:00:00-04:00,2.6941898717305204,2.7497401237487793,2.647897774311558,2.7497401237487793,28300,0.0,0.0
2025-04-28 00:00:00-04:00,2.684931336973996,2.7497399604805626,2.684931336973996,2.7219648361206055,12200,0.0,0.0
2025-04-29 00:00:00-04:00,2.6941897117606484,2.8710248247016557,2.6765987334448886,2.7219648361206055,58400,0.0,0.0
2025-04-30 00:00:00-04:00,2.629381124451801,2.8839867870696,2.6108643730690977,2.7404818534851074,61000,0.0,0.0
2025-05-01 00:00:00-04:00,2.6571557783308988,2.8886153501327003,2.6571557783308988,2.8052899837493896,74800,0.0,0.0
2025-05-02 00:00:00-04:00,2.8330655004667853,2.9163910991927424,2.7589984978100057,2.782144546508789,30800,0.0,0.0
2025-05-05 00:00:00-04:00,2.740481960836598,2.814548969268799,2.740481960836598,2.814548969268799,49000,0.0,0.0
2025-05-06 00:00:00-04:00,2.8145483577919794,2.833991097797353,2.7775148616216194,2.8052899837493896,39600,0.0,0.0
2025-05-07 00:00:00-04:00,2.850656383799156,2.9626828760600605,2.8145486549990824,2.8423237800598145,108500,0.0,0.0
2025-05-08 00:00:00-04:00,2.7960318323548434,2.999716298248271,2.7960318323548434,2.9349076747894287,258000,0.0,0.0
2025-05-09 00:00:00-04:00,2.9441663710912316,3.0182333774185035,2.9256496195094135,2.9904582500457764,188200,0.0,0.0
2025-05-12 00:00:00-04:00,3.0460082994038458,3.170996474521913,2.990458048404055,3.157109022140503,179200,0.0,0.0
2025-05-13 00:00:00-04:00,3.166367639605596,3.2589513983566576,3.166367639605596,3.2404346466064453,227500,0.0,0.0
2025-05-14 00:00:00-04:00,3.2404344852202813,3.2728389095378336,3.110817008687154,3.2126593589782715,337500,0.0,0.0
2025-05-15 00:00:00-04:00,3.1941425742541028,3.258951201464378,3.018233222517705,3.046008348464966,668500,0.0,0.0
2025-05-16 00:00:00-04:00,3.0580442584491534,3.110816975675241,3.018233222517705,3.046008348464966,457400,0.0,0.0
2025-05-19 00:00:00-04:00,3.0645250622939972,3.1154462362876596,2.9811996854528857,3.0265657901763916,466200,0.0,0.0
2025-05-20 00:00:00-04:00,3.0089746730281055,3.0784125942453984,2.833065331474182,2.9349076747894287,462100,0.0,0.0
2025-05-21 00:00:00-04:00,2.9163912670792658,2.9682382160710765,2.9163912670792658,2.925649642944336,15100,0.0,0.0
2025-05-22 00:00:00-04:00,2.9441663710912316,2.9997166258366854,2.879357519817778,2.9904582500457764,123300,0.0,0.0
2025-05-23 00:00:00-04:00,3.0645252563730483,3.0645252563730483,2.9626831226730492,2.9904582500457764,58800,0.0,0.0
2025-05-27 00:00:00-04:00,2.9811996933732168,3.0348984021446213,2.93490781722739,3.027491569519043,50000,0.0,0.0
2025-05-28 00:00:00-04:00,3.036749943844489,3.0691543675054627,2.981199692486029,3.0598959922790527,190200,0.0,0.0
2025-05-29 00:00:00-04:00,3.0089747152606154,3.0969293872720667,2.981199590531274,3.0691542625427246,45800,0.0,0.0
2025-05-30 00:00:00-04:00,3.0738543902055344,3.1349555255009873,3.0409537271731915,3.0926547050476074,59600,0.05,0.0
2025-06-02 00:00:00-04:00,3.073854189485798,3.111454816714659,2.9234514564529377,2.998652935028076,258500,0.0,0.0
2025-06-03 00:00:00-04:00,2.979852943314618,3.0550542058960155,2.951652469846594,2.9704527854919434,179600,0.0,0.0
2025-06-04 00:00:00-04:00,3.0080532035365333,3.0080532035365333,2.9422521034425646,2.961052417755127,45900,0.0,0.0
2025-06-05 00:00:00-04:00,2.951652260598846,3.0550539893179396,2.8764507792311704,2.961052417755127,79900,0.0,0.0
2025-06-06 00:00:00-04:00,2.914051226865342,2.974212408222887,2.914051226865342,2.9422519207000732,37000,0.0,0.0
2025-06-09 00:00:00-04:00,2.951652111010646,3.0268533644497357,2.8943109983811506,2.944131851196289,40500,0.0,0.0
2025-06-10 00:00:00-04:00,2.989252889223971,2.998653046380252,2.961052417755127,2.961052417755127,27400,0.0,0.0
2025-06-11 00:00:00-04:00,2.961052417755127,2.9798527320676893,2.961052417755127,2.961052417755127,7600,0.0,0.0
2025-06-12 00:00:00-04:00,3.0080531099458785,3.0926545217201755,3.0080531099458785,3.0738542079925537,38200,0.0,0.0
2025-06-13 00:00:00-04:00,3.064454218976534,3.0738543763552144,3.0033530839563936,3.01745343208313,29500,0.0,0.0
2025-06-16 00:00:00-04:00,2.9892531394228365,3.0456540870812527,2.9892531394228365,3.0362539291381836,37400,0.0,0.0
2025-06-17 00:00:00-04:00,3.028733527719959,3.0926547332360856,2.998653158168929,3.08325457572937,50600,0.0,0.0
2025-06-18 00:00:00-04:00,3.0926545217201755,3.228016959852985,3.0456537374011217,3.0738542079925537,28600,0.0,0.0
2025-06-20 00:00:00-04:00,3.1490557193756104,3.2336573621576448,3.008053354934613,3.1490557193756104,67400,0.0,0.0
2025-06-23 00:00:00-04:00,3.026853561401367,3.0738543478590508,2.8482503487447426,3.026853561401367,180400,0.0,0.0
2025-06-24 00:00:00-04:00,3.111454759457288,3.2195566728096665,3.111454759457288,3.1866562366485596,120400,0.0,0.0
2025-06-25 00:00:00-04:00,3.1584557216707023,3.1866564172894147,3.0738543071668407,3.1208550930023193,31000,0.0,0.0
2025-06-26 00:00:00-04:00,3.1208549923116076,3.157515671315695,3.064454051128743,3.0738542079925537,17500,0.0,0.0
2025-06-27 00:00:00-04:00,2.932851831504486,3.102054890742801,2.932851831504486,3.08325457572937,21000,0.0,0.0
2025-06-30 00:00:00-04:00,3.0926546996482456,3.139655486671371,3.043773791497223,3.0813746452331543,26400,0.0,0.0
2025-07-01 00:00:00-04:00,3.08325457572937,3.130255363262948,3.070094400043455,3.08325457572937,8300,0.0,0.0
2025-07-02 00:00:00-04:00,3.0268536031003523,3.1180351076726627,3.0268536031003523,3.0926547050476074,7300,0.0,0.0
2025-07-03 00:00:00-04:00,3.1302552223205566,3.1302552223205566,3.1302552223205566,3.1302552223205566,1100,0.0,0.0
2025-07-07 00:00:00-04:00,3.0644542607159386,3.1217953783891077,3.0503539123971484,3.08325457572937,9600,0.0,0.0
2025-07-08 00:00:00-04:00,3.086074617264625,3.1302553347317534,3.086074617264625,3.0926547050476074,34700,0.0,0.0
2025-07-09 00:00:00-04:00,3.0644541707250896,3.130255271339782,3.0644541707250896,3.1161551475524902,2400,0.0,0.0
2025-07-10 00:00:00-04:00,3.1114549081536254,3.1302552223205566,3.1020547510701597,3.1302552223205566,2200,0.0,0.0
2025-07-11 00:00:00-04:00,3.120855120935313,3.1302552781865445,3.102054806432851,3.111454963684082,11000,0.0,0.0
2025-07-14 00:00:00-04:00,3.0926545666371124,3.139655351638794,3.083254409636776,3.139655351638794,4700,0.0,0.0
2025-07-15 00:00:00-04:00,3.1471756117095158,3.1960565177582327,3.1161550711966637,3.139655351638794,64700,0.0,0.0
2025-07-16 00:00:00-04:00,3.134955412921001,3.167855850654419,3.1255552558375355,3.1302552223205566,57700,0.0,0.0
2025-07-17 00:00:00-04:00,3.139655351638794,3.1772562037575605,3.130255194638458,3.139655351638794,40000,0.0,0.0
2025-07-18 00:00:00-04:00,3.1716160647338745,3.1716160647338745,3.130255194638458,3.139655351638794,31400,0.0,0.0
2025-07-21 00:00:00-04:00,3.1537559102490285,3.16785603463441,3.1396555617462103,3.1490557193756104,20300,0.0,0.0
2025-07-22 00:00:00-04:00,3.1537557846786144,3.27125786242635,3.1396554367372183,3.196056604385376,88500,0.0,0.0
2025-07-23 00:00:00-04:00,3.1960567295835,3.2336573600769043,3.1396555597259566,3.2336573600769043,76200,0.0,0.0
2025-07-24 00:00:00-04:00,3.2524577038762867,3.2524577038762867,3.1772564422293006,3.224257230758667,12400,0.0,0.0
2025-07-25 00:00:00-04:00,3.199816457555578,3.272197642277977,3.199816457555578,3.2524573802948,42400,0.0,0.0
2025-07-28 00:00:00-04:00,3.2524575479161064,3.27125786242635,3.102054807716731,3.196056604385376,69600,0.0,0.0
2025-07-29 00:00:00-04:00,3.196056604385376,3.22331690354303,3.1772562898751326,3.196056604385376,12500,0.0,0.0
2025-07-30 00:00:00-04:00,3.205456577475469,3.2430572043356642,3.1772561073303223,3.1772561073303223,28100,0.0,0.0
2025-07-31 00:00:00-04:00,3.205456860536984,3.205456860536984,3.1584558486938477,3.1584558486938477,5100,0.0,0.0
2025-08-01 00:00:00-04:00,3.130255363262948,3.130255363262948,3.08325457572937,3.08325457572937,10800,0.0,0.0
2025-08-04 00:00:00-04:00,3.072914413859856,3.163155969107757,3.072914413859856,3.1020548343658447,55100,0.0,0.0
2025-08-05 00:00:00-04:00,3.1208552057562327,3.130255363262948,3.073854418222654,3.08325457572937,59000,0.0,0.0
2025-08-06 00:00:00-04:00,3.092654677029968,3.1020548343658447,3.0644542050223387,3.1020548343658447,6200,0.0,0.0
2025-08-07 00:00:00-04:00,3.102054862468644,3.102054862468644,3.064454232784498,3.0926547050476074,38500,0.0,0.0
2025-08-08 00:00:00-04:00,3.123675218650104,3.139655463709351,3.092654677029968,3.1020548343658447,17900,0.0,0.0
2025-08-11 00:00:00-04:00,3.102054890742801,3.137775623738781,3.0644542607159386,3.08325457572937,37800,0.0,0.0
2025-08-12 00:00:00-04:00,3.1772562898751326,3.213916746287908,3.14905559399234,3.196056604385376,29000,0.0,0.0
2025-08-13 00:00:00-04:00,3.186656264045371,3.186656264045371,3.15845556978281,3.1772561073303223,12100,0.0,0.0
2025-08-14 00:00:00-04:00,3.1772561535671855,3.2900580357893157,3.1716160146325953,3.227077007293701,58400,0.0,0.0
2025-08-15 00:00:00-04:00,3.2336572120697618,3.2336572120697618,3.196056583297369,3.200756549835205,4500,0.0,0.0
2025-08-18 00:00:00-04:00,3.1772563595908982,3.1772563595908982,3.144355696417348,3.167855978012085,17900,0.0,0.0
2025-08-19 00:00:00-04:00,3.167856006238988,3.193236633316558,3.130255376058426,3.1584558486938477,36200,0.0,0.0
2025-08-20 00:00:00-04:00,3.186656326026745,3.186656326026745,3.149055474317788,3.1537556648254395,17800,0.0,0.0
2025-08-21 00:00:00-04:00,3.180076233459414,3.180076233459414,3.149055691148707,3.1584558486938477,7500,0.0,0.0
2025-08-22 00:00:00-04:00,3.196624394353037,3.2252510824841214,3.1632269707049145,3.210937738418579,12400,0.05,0.0
2025-08-25 00:00:00-04:00,3.2176171678007375,3.234793180383937,3.148913572473703,3.172769069671631,97800,0.0,0.0
2025-08-26 00:00:00-04:00,3.1966246106534215,3.1966246106534215,3.1679981480882065,3.1775403022766113,3500,0.0,0.0
2025-08-27 00:00:00-04:00,3.2128462912670153,3.2347932673782984,3.1870822716993357,3.2157087326049805,25300,0.0,0.0
2025-08-28 00:00:00-04:00,3.2252513427720753,3.2786874524244194,3.1870824980179115,3.244335651397705,51900,0.0,0.0
2025-08-29 00:00:00-04:00,3.2672363551557084,3.2720073179457665,3.2204797367981914,3.252923011779785,11900,0.0,0.0
2025-09-02 00:00:00-04:00,3.2634199600233345,3.26819092342829,3.1870824980179115,3.244335651397705,4600,0.0,0.0
2025-09-03 00:00:00-04:00,3.1870824067427037,3.292046328680498,3.1746775837410173,3.2634198665618896,79400,0.0,0.0
2025-09-04 00:00:00-04:00,3.263419701378149,3.3397569298304943,3.187082245422918,3.2729618549346924,75100,0.0,0.0
2025-09-05 00:00:00-04:00,3.225251087151977,3.297771499682282,3.2204798966222623,3.2729618549346924,57200,0.0,0.0
2025-09-08 00:00:00-04:00,3.215708777837139,3.301588389264944,3.215708777837139,3.282504081726074,7600,0.0,0.0
2025-09-09 00:00:00-04:00,3.282503989885346,3.3397569109000838,3.253877529377977,3.301588296890259,21600,0.0,0.0
2025-09-10 00:00:00-04:00,3.3015883699679773,3.330214831108967,3.2691450928420998,3.3111305236816406,11100,0.0,0.0
2025-09-11 00:00:00-04:00,3.320672622717408,3.320672622717408,3.2643738484829377,3.2729618549346924,13000,0.0,0.0
2025-09-12 00:00:00-04:00,3.304451038832365,3.339756984822631,3.288229400269427,3.3111305236816406,11600,0.0,0.0
2025-09-15 00:00:00-04:00,3.3397570161272503,3.3664751832776796,3.2805955715468422,3.315901517868042,21700,0.0,0.0
2025-09-16 00:00:00-04:00,3.311130576959779,3.3588413462957916,3.292046269225374,3.349299192428589,3900,0.0,0.0
2025-09-17 00:00:00-04:00,3.3492990833870375,3.3588412369435803,3.1966243989794614,3.2729618549346924,123100,0.0,0.0
2025-09-18 00:00:00-04:00,3.314947285082905,3.314947285082905,3.2538775478216064,3.2729618549346924,46900,0.0,0.0
2025-09-19 00:00:00-04:00,3.329260752545765,3.329260752545765,3.0534922087884153,3.196624517440796,487800,0.0,0.0
2025-09-22 00:00:00-04:00,3.206166617442432,3.2204799618184525,3.08975225069473,3.1584558486938477,187400,0.0,0.0
2025-09-23 00:00:00-04:00,3.1584558486938477,3.292046228692774,3.110745079945264,3.1584558486938477,82100,0.0,0.0
2025-09-24 00:00:00-04:00,3.2013956543190187,3.2013956543190187,3.110745079945264,3.1584558486938477,73800,0.0,0.0
2025-09-25 00:00:00-04:00,3.148913787560034,3.1966245577118877,3.082118709347438,3.139371633529663,180100,0.0,0.0
2025-09-26 00:00:00-04:00,3.187082204416587,3.215708664717896,3.0916606700788893,3.1441426277160645,209500,0.0,0.0
2025-09-29 00:00:00-04:00,3.1584558681638972,3.2023498211837538,3.110745099121204,3.1298294067382812,100600,0.0,0.0
2025-09-30 00:00:00-04:00,3.1832653277697767,3.1870821435698384,3.12028707080868,3.1679978370666504,31200,0.0,0.0
2025-10-01 00:00:00-04:00,3.152730655886178,3.1870824564650166,3.152730655886178,3.1775403022766113,1600,0.0,0.0
2025-10-02 00:00:00-04:00,3.1765859353856296,3.1870822360159803,3.1298293148457086,3.148913621902466,164400,0.0,0.0
2025-10-03 00:00:00-04:00,3.148913787560034,3.193761888752487,3.139371633529663,3.139371633529663,38300,0.0,0.0
2025-10-06 00:00:00-04:00,3.139371487117599,3.1870822550443476,3.0907065720831812,3.1202871799468994,679500,0.0,0.0
2025-10-07 00:00:00-04:00,3.153684633090655,3.1679977488178963,3.082118371945833,3.125058174133301,380100,0.0,0.0
2025-10-08 00:00:00-04:00,3.1584559415904048,3.1584559415904048,3.091660863377809,3.139371633529663,324700,0.0,0.0
2025-10-09 00:00:00-04:00,3.1489137143553587,3.1679980219724357,3.1012029453126653,3.1298294067382812,268300,0.0,0.0
2025-10-10 00:00:00-04:00,3.1393715062082124,3.1489136598515883,3.0630342770612056,3.091660737991333,64000,0.0,0.0
2025-10-13 00:00:00-04:00,3.0725763577830394,3.1393714317014214,3.0725763577830394,3.082118511199951,580100,0.0,0.0
2025-10-14 00:00:00-04:00,3.0630343493089294,3.1326920952988777,3.053492195440483,3.101202964782715,581900,0.0,0.0
2025-10-15 00:00:00-04:00,3.139371381644346,3.148913534909109,3.063034155526245,3.105973958969116,724700,0.0,0.0
2025-10-16 00:00:00-04:00,3.129829426388054,3.1489137341249474,3.0725765031773755,3.101202964782715,114900,0.0,0.0
2025-10-17 00:00:00-04:00,3.091660883389824,3.1155163823716143,3.0725765752055514,3.1107451915740967,214900,0.0,0.0
2025-10-20 00:00:00-04:00,3.1012029453126653,3.1527305303781956,3.0868896008484112,3.1298294067382812,165800,0.0,0.0
2025-10-21 00:00:00-04:00,3.1842196606966624,3.1918535202452287,3.100248798182679,3.1298294067382812,298300,0.0,0.0
2025-10-22 00:00:00-04:00,3.1393715605468198,3.1441427512025353,3.0916607915041268,3.1298294067382812,364700,0.0,0.0
2025-10-23 00:00:00-04:00,3.139371685522991,3.2395644182526953,3.1317380531734273,3.1775403022766113,222300,0.0,0.0
2025-10-24 00:00:00-04:00,3.196624489310489,3.267236609626592,3.134600603191715,3.253877639770508,162900,0.0,0.0
2025-10-27 00:00:00-04:00,3.2538775478216064,3.3111304691608647,3.1861280983181297,3.2729618549346924,157900,0.0,0.0
2025-10-28 00:00:00-04:00,3.2634196828804334,3.3206726038951713,3.1775400738554422,3.301588296890259,146300,0.0,0.0
2025-10-29 00:00:00-04:00,3.311130731587409,3.311130731587409,3.1966246523307267,3.244335651397705,324500,0.0,0.0
2025-10-30 00:00:00-04:00,3.225251032792029,3.2548316400678807,3.1775400383105716,3.234793186187744,183800,0.0,0.0
2025-10-31 00:00:00-04:00,3.1202871179362814,3.2481521554411685,3.1202871179362814,3.234793186187744,237300,0.0,0.0
2025-11-03 00:00:00-05:00,3.2061665058135986,3.2252510401514587,3.1918533894388075,3.2061665058135986,30900,0.0,0.0
2025-11-04 00:00:00-05:00,3.2061665622150475,3.2061665622150475,3.11074502636155,3.1202871799468994,13200,0.0,0.0
2025-11-05 00:00:00-05:00,3.1107451714385506,3.1727692863874095,3.1107451714385506,3.139371633529663,13600,0.0,0.0
2025-11-06 00:00:00-05:00,3.1393714317014214,3.1393714317014214,3.0725763577830394,3.082118511199951,13100,0.0,0.0
2025-11-07 00:00:00-05:00,3.0725765752055514,3.1489138079426415,3.0725765752055514,3.1107451915740967,10900,0.0,0.0
2025-11-10 00:00:00-05:00,3.1107451915740967,3.1966245784033225,3.091660883389824,3.1107451915740967,21800,0.0,0.0
2025-11-11 00:00:00-05:00,3.15654766771809,3.1632271528322953,3.10120303748196,3.1107451915740967,17500,0.0,0.0
2025-11-12 00:00:00-05:00,3.1012028727762,3.2061665622150475,3.053492104849451,3.1202871799468994,59200,0.0,0.0
2025-11-13 00:00:00-05:00,3.161318255852903,3.161318255852903,3.0344075987379364,3.0630340576171875,24700,0.0,0.0
2025-11-14 00:00:00-05:00,3.2013957146264485,3.2013957146264485,3.0725765228271484,3.0725765228271484,50800,0.0,0.0
2025-11-17 00:00:00-05:00,3.0725764691310506,3.1012029304191886,3.015323546554775,3.0344078540802,42900,0.0,0.0
2025-11-18 00:00:00-05:00,3.1393714696768806,3.1393714696768806,2.967612478591902,3.0248656272888184,39500,0.0,0.0
2025-11-19 00:00:00-05:00,3.005475317222456,3.0898226579270043,3.0006278964364563,3.049103260040283,44300,0.05,0.0
2025-11-20 00:00:00-05:00,3.0684934102981325,3.08303613497649,2.9860851764678955,2.9860851764678955,60600,0.0,0.0
2025-11-21 00:00:00-05:00,3.0345607514069983,3.0345607514069983,2.9754206463009916,2.9957802295684814,22100,0.0,0.0
2025-11-24 00:00:00-05:00,3.0345607712965763,3.0587983375621497,2.918219667316016,2.9860851764678955,70500,0.0,0.0
2025-11-25 00:00:00-05:00,2.927914882379293,3.0636461384297777,2.927914882379293,3.0345609188079834,54800,0.0,0.0
2025-11-26 00:00:00-05:00,3.034560972371612,3.1024264860203727,2.966695227574069,3.0054755210876465,235900,0.0,0.0
2025-11-28 00:00:00-05:00,3.05104237183287,3.05104237183287,2.9424574647303565,2.9860851764678955,176100,0.0,0.0
2025-12-01 00:00:00-05:00,3.0539509776060854,3.0539509776060854,2.942457523346847,2.9570000171661377,179100,0.0,0.0
2025-12-02 00:00:00-05:00,2.9279147400519987,3.005475321939861,2.9279147400519987,2.9860851764678955,35500,0.0,0.0
2025-12-03 00:00:00-05:00,2.9860851181299313,3.034560712011564,2.963786428157935,3.0151703357696533,17900,0.0,0.0
2025-12-04 00:00:00-05:00,3.015170374913357,3.0442558240794364,2.9763900842236057,2.9957802295684814,49100,0.0,0.0
2025-12-05 00:00:00-05:00,3.005475176678095,3.0733409136986287,2.956999815341111,3.0006277561187744,46100,0.0,0.0
2025-12-08 00:00:00-05:00,3.005475381811726,3.015170454740843,2.94730494423702,2.9570000171661377,309700,0.0,0.0
2025-12-09 00:00:00-05:00,2.9569997978570446,2.9860850144872613,2.9279145812268283,2.9473047256469727,200900,0.0,0.0
2025-12-10 00:00:00-05:00,2.9376097935338543,3.0442558240794364,2.9240367380221945,2.9957802295684814,64400,0.0,0.0
2025-12-11 00:00:00-05:00,2.9957802295684814,3.0248654475857952,2.9957802295684814,2.9957802295684814,8500,0.0,0.0
2025-12-12 00:00:00-05:00,2.9860850144872613,3.0539507511065205,2.9473047256469727,2.9473047256469727,58600,0.0,0.0
2025-12-15 00:00:00-05:00,2.937609711146279,3.005475217950002,2.889134349143619,2.918219566345215,96600,0.0,0.0
2025-12-16 00:00:00-05:00,2.9570001179611722,2.9570001179611722,2.8891346051440223,2.908524751663208,88100,0.0,0.0
2025-12-17 00:00:00-05:00,2.9763900805475068,2.9763900805475068,2.8697442812824074,2.879439353942871,30100,0.0,0.0
2025-12-18 00:00:00-05:00,2.90852455223311,2.9182196248279366,2.8600491892589774,2.889134407043457,19300,0.0,0.0
2025-12-19 00:00:00-05:00,2.869744138736928,2.986085004883626,2.8309638500213623,2.8309638500213623,233000,0.0,0.0
2025-12-22 00:00:00-05:00,2.8988294144889646,2.918219559242836,2.782488314816974,2.8018786907196045,105700,0.0,0.0
2025-12-23 00:00:00-05:00,2.7921837190299317,2.8910735533001892,2.7921837190299317,2.869744300842285,317300,0.0,0.0
2025-12-24 00:00:00-05:00,2.8988295602164937,2.976390143131042,2.889134487352175,2.9666950702667236,24100,0.0,0.0
2025-12-26 00:00:00-05:00,2.937609910964966,2.995780349324959,2.908524691784969,2.937609910964966,11900,0.0,0.0
2025-12-29 00:00:00-05:00,2.908524436806684,2.966694870067117,2.908524436806684,2.9473047256469727,24500,0.0,0.0
2025-12-30 00:00:00-05:00,3.015170290350534,3.0549202489968463,2.918219566345215,2.918219566345215,19900,0.0,0.0
2025-12-31 00:00:00-05:00,2.9085246525205495,2.9666950900952553,2.869744360804079,2.9570000171661377,19200,0.0,0.0
2026-01-02 00:00:00-05:00,3.0558898330779627,3.0558898330779627,2.9279147788094493,2.9666950702667236,10500,0.0,0.0
2026-01-05 00:00:00-05:00,2.94730508081728,3.0442560457500063,2.94730508081728,3.0054755210876465,38200,0.0,0.0
2026-01-06 00:00:00-05:00,3.0054755210876465,3.0491034668648123,2.9570001541956747,3.0054755210876465,88100,0.0,0.0
2026-01-07 00:00:00-05:00,3.0345607514069983,3.0345607514069983,2.986085156896044,2.9957802295684814,51200,0.0,0.0
2026-01-08 00:00:00-05:00,2.94730508081728,3.0248656678444354,2.94730508081728,3.0054755210876465,3000,0.0,0.0
2026-01-09 00:00:00-05:00,3.0442560457500063,3.0442560457500063,2.9957804477092522,3.0054755210876465,5000,0.0,0.0
2026-01-12 00:00:00-05:00,2.9860851764678955,3.044255844032559,2.956999958259947,2.9860851764678955,171800,0.0,0.0
2026-01-13 00:00:00-05:00,2.9570001541956747,3.010323173351235,2.9570001541956747,3.0054755210876465,145700,0.0,0.0
2026-01-14 00:00:00-05:00,3.01032299374149,3.01032299374149,2.966695050567368,2.9763901233673096,44000,0.0,0.0
2026-01-15 00:00:00-05:00,2.9376097935338543,3.015170374913357,2.9376097935338543,2.9957802295684814,18800,0.0,0.0
2026-01-16 00:00:00-05:00,2.9919022663392383,3.005475321939861,2.956999958259947,2.9860851764678955,267800,0.0,0.0
2026-01-20 00:00:00-05:00,2.9763902032049616,3.010323074489345,2.927914837904967,2.937609910964966,244100,0.0,0.0
2026-01-21 00:00:00-05:00,2.976389942277189,3.0248653033275494,2.9473047256469727,2.9473047256469727,322100,0.0,0.0
2026-01-22 00:00:00-05:00,2.9763901037319127,3.000627901146253,2.9473048855239643,2.9860851764678955,34800,0.0,0.0
2026-01-23 00:00:00-05:00,2.9957802492038783,3.005475321939861,2.961847610202322,2.9860851764678955,204300,0.0,0.0
2026-01-26 00:00:00-05:00,2.9957802492038783,3.0258351364895617,2.971542682938305,2.9860851764678955,141700,0.0,0.0
2026-01-27 00:00:00-05:00,2.9957802295684814,3.015170374913357,2.966695011551168,2.9957802295684814,203800,0.0,0.0
2026-01-28 00:00:00-05:00,2.986085156896044,3.0054753022409195,2.9715426634617694,2.9957802295684814,52500,0.0,0.0
2026-01-29 00:00:00-05:00,2.9860851961672514,3.0200180665414313,2.966695050567368,2.9763901233673096,28600,0.0,0.0
2026-01-30 00:00:00-05:00,2.986085215995361,3.005475361723998,2.9666950702667236,2.9666950702667236,42200,0.0,0.0
2026-02-02 00:00:00-05:00,2.9569999974024053,3.006445030814569,2.9569999974024053,2.9666950702667236,46200,0.0,0.0
2026-02-03 00:00:00-05:00,2.966694870067117,2.9860850144872613,2.9376096534369007,2.9473047256469727,75000,0.0,0.0
2026-02-04 00:00:00-05:00,2.9376098713079024,3.0006279609215527,2.9376098713079024,2.9570000171661377,110800,0.0,0.0
2026-02-05 00:00:00-05:00,2.995780288859679,3.0733411029229982,2.9666950702667236,2.9666950702667236,121800,0.0,0.0
2026-02-06 00:00:00-05:00,2.995780268967193,3.0054753417671347,2.9763901233673096,2.9763901233673096,45300,0.0,0.0
2026-02-09 00:00:00-05:00,3.228462400935067,3.3738887310028076,3.1412067415836904,3.3738887310028076,243400,0.0,0.0
2026-02-10 00:00:00-05:00,3.441753980806914,3.4902293434086644,3.3544983281237646,3.3835835456848145,159900,0.0,0.0
2026-02-11 00:00:00-05:00,3.3835835001594248,3.3835835001594248,3.276937703870471,3.286632776260376,23600,0.0,0.0
2026-02-12 00:00:00-05:00,3.286632883472393,3.286632883472393,3.102426270906507,3.112121343612671,150800,0.0,0.0
2026-02-13 00:00:00-05:00,3.131818408178588,3.2893940235596264,3.1219699322172727,3.2401516437530518,94000,0.05,0.0
2026-02-17 00:00:00-05:00,3.2401515244014556,3.385909104143621,3.2106060976058224,3.25,74100,0.0,0.0
2026-02-18 00:00:00-05:00,3.279545426795633,3.3140152087936285,3.22734848264273,3.25,166000,0.0,0.0
2026-02-19 00:00:00-05:00,3.28939402053821,3.328788159153473,3.28939402053821,3.2992424964904785,17100,0.0,0.0
2026-02-20 00:00:00-05:00,3.2893939021078498,3.3386365149024657,3.2696969509124756,3.2696969509124756,47400,0.0,0.0
2026-02-23 00:00:00-05:00,3.2598484761765016,3.2795454273770828,3.185984791771233,3.210606098175049,20300,0.0,0.0
2026-02-24 00:00:00-05:00,3.190909146689876,3.318939329482234,3.190909146689876,3.2303030490875244,22500,0.0,0.0
2026-02-25 00:00:00-05:00,3.23030304937563,3.2893939029773733,3.1613637201735965,3.210606098175049,49100,0.0,0.0
2026-02-26 00:00:00-05:00,3.210606098175049,3.2598484761765016,3.1909091469744677,3.210606098175049,16300,0.0,0.0
2026-02-27 00:00:00-05:00,3.2204545740661126,3.2253789292697923,3.1909091472625732,3.1909091472625732,12700,0.0,0.0
2026-03-02 00:00:00-05:00,3.151515126453404,3.1909090273780687,3.1219697007599057,3.1613636016845703,18400,0.0,0.0
2026-03-03 00:00:00-05:00,3.1446212168216383,3.17121207646136,3.0973483948351115,3.1416666507720947,6800,0.0,0.0
2026-03-04 00:00:00-05:00,3.1613636007729236,3.1613636007729236,3.112121224631293,3.121969699859619,7000,0.0,0.0
2026-03-05 00:00:00-05:00,3.1515152435141367,3.1515152435141367,3.0037878747532476,3.0333333015441895,38700,0.0,0.0
2026-03-06 00:00:00-05:00,3.0333334223524098,3.092424513093887,2.997878861829999,3.0037879943847656,24300,0.0,0.0
2026-03-09 00:00:00-04:00,3.013636350631714,3.0234848262296143,2.9545454970443106,3.013636350631714,20200,0.0,0.0
2026-03-10 00:00:00-04:00,3.031363866969549,3.046136463545068,2.9939395173400136,3.023484945297241,74000,0.0,0.0
2026-03-11 00:00:00-04:00,2.993939518395551,3.0530303743308393,2.9742425664171215,3.0037879943847656,41800,0.0,0.0
2026-03-12 00:00:00-04:00,3.0037879943847656,3.0540153862940933,2.970303222982673,3.0037879943847656,17300,0.0,0.0
2026-03-13 00:00:00-04:00,2.9693184458256088,3.0333334223524098,2.9693184458256088,3.0037879943847656,12100,0.0,0.0
2026-03-16 00:00:00-04:00,3.0530303743308393,3.0530303743308393,2.9742425664171215,3.0037879943847656,19000,0.0,0.0
2026-03-17 00:00:00-04:00,3.0136363509169035,3.0136363509169035,2.992954622601209,2.9939393997192383,7800,0.0,0.0
2026-03-18 00:00:00-04:00,2.993939518395551,3.043181898341625,2.980151698971888,3.0037879943847656,47600,0.0,0.0
2026-03-19 00:00:00-04:00,3.01363647037398,3.043181898341625,2.9742425664171215,3.0037879943847656,12400,0.0,0.0
2026-03-20 00:00:00-04:00,3.023484952761198,3.1288638573943586,2.8265151977539062,2.8265151977539062,82200,0.0,0.0
2026-03-23 00:00:00-04:00,2.836363790685482,3.0234848270994235,2.836363790685482,2.954545497894287,18700,0.0,0.0
2026-03-24 00:00:00-04:00,2.954545497894287,3.043181778300891,2.954545497894287,2.954545497894287,8400,0.0,0.0
2026-03-25 00:00:00-04:00,2.964393973495021,3.043181778300891,2.925000071092086,2.954545497894287,168100,0.0,0.0
2026-03-26 00:00:00-04:00,2.964393971822202,3.053030252178788,2.8068181274932025,2.816666603088379,35600,0.0,0.0
2026-03-27 00:00:00-04:00,2.816666606102864,2.875757694543342,2.816666606102864,2.856060743331909,11800,0.0,0.0
2026-03-30 00:00:00-04:00,2.8856061701490585,2.905303121360491,2.82651508170858,2.856060743331909,10900,0.0,0.0
2026-03-31 00:00:00-04:00,2.846212148666382,2.9053029998288524,2.806818013085231,2.846212148666382,53600,0.0,0.0
2026-04-01 00:00:00-04:00,2.856060625408389,2.9328786380387757,2.8353786631259936,2.9053030014038086,60800,0.0,0.0
2026-04-02 00:00:00-04:00,2.9053030024186635,2.9446969032287598,2.838333230157797,2.9446969032287598,5600,0.0,0.0
2026-04-06 00:00:00-04:00,2.875757576811091,2.986060593001829,2.875757576811091,2.9446969032287598,55000,0.0,0.0
2026-04-07 00:00:00-04:00,2.9053030024186635,3.043181655254001,2.9053030024186635,2.9446969032287598,45000,0.0,0.0
2026-04-08 00:00:00-04:00,3.053030375421419,3.0776516828063456,2.98409104347229,2.98409104347229,17800,0.0,0.0
2026-04-09 00:00:00-04:00,3.023484946363195,3.023484946363195,2.9643940904279065,3.0037879943847656,111800,0.0,0.0
2026-04-10 00:00:00-04:00,3.0136363500723746,3.0628787280527376,2.9939393988802294,3.053030252456665,15700,0.0,0.0
2026-04-13 00:00:00-04:00,3.072727324156663,3.102272986909798,3.0087123476747077,3.043181896209717,121900,0.0,0.0
2026-04-14 00:00:00-04:00,3.0234849442450864,3.092424510927483,3.0234849442450864,3.043181896209717,81100,0.0,0.0
2026-04-15 00:00:00-04:00,3.053030252178788,3.1219698161512013,3.0136363497980834,3.0727272033691406,100900,0.0,0.0
2026-04-16 00:00:00-04:00,3.033333187552819,3.117045344384377,3.033333187552819,3.1022727489471436,31400,0.0,0.0
2026-04-17 00:00:00-04:00,3.0136363519106375,3.1859847923501277,3.0136363519106375,3.1712121963500977,56000,0.0,0.0
2026-04-20 00:00:00-04:00,3.190909262957686,3.2785607694280836,3.190909262957686,3.2598485946655273,106100,0.0,0.0
2026-04-21 00:00:00-04:00,3.3090908530186316,3.3189393286154716,3.2598484750344308,3.289393901824951,14100,0.0,0.0
2026-04-22 00:00:00-04:00,3.2598485926814034,3.309090972442747,3.1465910018272187,3.2992424964904785,684900,0.0,0.0
2026-04-23 00:00:00-04:00,3.3386365176743453,3.4075758469153916,3.2696969536271188,3.3287880420684814,67200,0.0,0.0
2026-04-24 00:00:00-04:00,3.38787889510166,3.3977273707057742,3.284469783855376,3.3681819438934326,130800,0.0,0.0
2026-04-27 00:00:00-04:00,3.368181826060788,3.4863635291756787,3.368181826060788,3.4371211528778076,113000,0.0,0.0
2026-04-28 00:00:00-04:00,3.446969866268913,3.4863637700287105,3.446969866268913,3.4568183422088623,47300,0.0,0.0
2026-04-29 00:00:00-04:00,3.4863637700287105,3.5060607219086095,3.387879010629217,3.4568183422088623,118100,0.0,0.0
2026-04-30 00:00:00-04:00,3.4371211528778076,3.4863635291756787,3.368181826060788,3.4371211528778076,227500,0.0,0.0
2026-05-01 00:00:00-04:00,3.4962122449957556,3.4962122449957556,3.412500082126387,3.476515293121338,35700,0.0,0.0
2026-05-04 00:00:00-04:00,3.49621224596866,3.49621224596866,3.387879010629217,3.4568183422088623,158200,0.0,0.0
2026-05-05 00:00:00-04:00,3.4568183422088623,3.48143964946183,3.4075759625091155,3.4568183422088623,45800,0.0,0.0
2026-05-06 00:00:00-04:00,3.5159089549544014,3.5159089549544014,3.368181826060788,3.4371211528778076,126300,0.0,0.0
2026-05-07 00:00:00-04:00,3.417424319390053,3.486363648567934,3.2795454262281107,3.289393901824951,416000,0.0,0.0
2026-05-08 00:00:00-04:00,3.2893939015454206,3.5356060262516813,3.284469781150509,3.3090908527374268,67800,0.0,0.0
2026-05-11 00:00:00-04:00,3.309090972442747,3.397727490819354,3.235227520203826,3.2992424964904785,79500,0.0,0.0
2026-05-12 00:00:00-04:00,3.279545426795633,3.299242377992722,3.225378928406729,3.25,82700,0.0,0.0
2026-05-13 00:00:00-04:00,3.3110606426334472,3.3386365151930795,3.200757622007278,3.25,172400,0.0,0.0
2026-05-14 00:00:00-04:00,3.299999952316284,3.359999895095825,3.2200000286102295,3.309999942779541,790100,0.05,0.0
2026-05-15 00:00:00-04:00,3.3499999046325684,3.390000104904175,3.140000104904175,3.319999933242798,332100,0.0,0.0
2026-05-18 00:00:00-04:00,3.299999952316284,3.3519999980926514,3.1700000762939453,3.240000009536743,492500,0.0,0.0
2026-05-19 00:00:00-04:00,3.1600000858306885,3.244999885559082,3.1500000953674316,3.2200000286102295,72200,0.0,0.0
2026-05-20 00:00:00-04:00,3.190000057220459,3.3350000381469727,3.190000057220459,3.2300000190734863,159700,0.0,0.0
2026-05-21 00:00:00-04:00,3.1989998817443848,3.3299999237060547,3.171999931335449,3.2200000286102295,214300,0.0,0.0
2026-05-22 00:00:00-04:00,3.2300000190734863,3.309999942779541,3.190000057220459,3.259999990463257,80900,0.0,0.0
2026-05-26 00:00:00-04:00,3.3299999237060547,3.4200000762939453,3.299999952316284,3.4000000953674316,79000,0.0,0.0
2026-05-27 00:00:00-04:00,3.380000114440918,3.450000047683716,3.380000114440918,3.4100000858306885,45500,0.0,0.0
2026-05-28 00:00:00-04:00,3.4000000953674316,3.4800000190734863,3.3299999237060547,3.390000104904175,91000,0.0,0.0
2026-05-29 00:00:00-04:00,3.430000066757202,3.441999912261963,3.3550000190734863,3.4000000953674316,441200,0.0,0.0
2026-06-01 00:00:00-04:00,3.430000066757202,3.4800000190734863,3.325000047683716,3.440000057220459,215800,0.0,0.0
2026-06-02 00:00:00-04:00,3.4700000286102295,3.490000009536743,3.4100000858306885,3.4600000381469727,125900,0.0,0.0
2026-06-03 00:00:00-04:00,3.440000057220459,3.4749999046325684,3.3499999046325684,3.4000000953674316,145600,0.0,0.0
2026-06-04 00:00:00-04:00,3.4539999961853027,3.4700000286102295,3.4000000953674316,3.4700000286102295,63600,0.0,0.0
2026-06-05 00:00:00-04:00,3.430000066757202,3.430000066757202,3.2780001163482666,3.4200000762939453,44700,0.0,0.0
2026-06-08 00:00:00-04:00,3.440000057220459,3.490000009536743,3.375,3.490000009536743,25900,0.0,0.0
2026-06-09 00:00:00-04:00,3.5,3.630000114440918,3.4800000190734863,3.5999999046325684,32300,0.0,0.0
2026-06-10 00:00:00-04:00,3.640000104904175,3.674999952316284,3.558000087738037,3.5899999141693115,44800,0.0,0.0
2026-06-11 00:00:00-04:00,3.5899999141693115,3.619999885559082,3.5299999713897705,3.5799999237060547,20300,0.0,0.0
2026-06-12 00:00:00-04:00,3.5950000286102295,3.5999999046325684,3.444999933242798,3.4600000381469727,47900,0.0,0.0
2026-06-15 00:00:00-04:00,5.269999980926514,5.46999979019165,3.609999895095825,3.75,36689000,0.0,0.0
2026-06-16 00:00:00-04:00,3.990000009536743,4.389999866485596,3.9800000190734863,4.195000171661377,2805200,0.0,0.0
2026-06-17 00:00:00-04:00,4.179999828338623,4.697999954223633,4.179999828338623,4.5,1216300,0.0,0.0
2026-06-18 00:00:00-04:00,4.460000038146973,4.690000057220459,4.199999809265137,4.46999979019165,333300,0.0,0.0
2026-06-22 00:00:00-04:00,4.440000057220459,4.89900016784668,4.400000095367432,4.630000114440918,691700,0.0,0.0
2026-06-23 00:00:00-04:00,4.619999885559082,4.789999961853027,4.489999771118164,4.71999979019165,299700,0.0,0.0
2026-06-24 00:00:00-04:00,4.670000076293945,4.690000057220459,4.480000019073486,4.630000114440918,180700,0.0,0.0
2026-06-25 00:00:00-04:00,4.610000133514404,4.710000038146973,4.489999771118164,4.559999942779541,120300,0.0,0.0
2026-06-26 00:00:00-04:00,4.550000190734863,4.570000171661377,4.400000095367432,4.559999942779541,112800,0.0,0.0
2026-06-29 00:00:00-04:00,4.550000190734863,4.920000076293945,4.460000038146973,4.900000095367432,183800,0.0,0.0
2026-06-30 00:00:00-04:00,4.809999942779541,4.864999771118164,4.599999904632568,4.809999942779541,87200,0.0,0.0
2026-07-01 00:00:00-04:00,4.800000190734863,4.800000190734863,4.699999809265137,4.730000019073486,45600,0.0,0.0
2026-07-02 00:00:00-04:00,4.670000076293945,4.735000133514404,4.400000095367432,4.449999809265137,114700,0.0,0.0
2026-07-06 00:00:00-04:00,4.46999979019165,4.784999847412109,4.369999885559082,4.610000133514404,140500,0.0,0.0
2026-07-07 00:00:00-04:00,4.559999942779541,4.650000095367432,4.489999771118164,4.559999942779541,49300,0.0,0.0
2026-07-08 00:00:00-04:00,4.519999980926514,4.579999923706055,4.329999923706055,4.53000020980835,81900,0.0,0.0
2026-07-09 00:00:00-04:00,4.519999980926514,4.599999904632568,4.489999771118164,4.489999771118164,45700,0.0,0.0
2026-07-10 00:00:00-04:00,4.46999979019165,4.630000114440918,4.46999979019165,4.559999942779541,64100,0.0,0.0
2026-07-13 00:00:00-04:00,4.559999942779541,4.78000020980835,4.489999771118164,4.730000019073486,193700,0.0,0.0
2026-07-14 00:00:00-04:00,4.659999847412109,4.800000190734863,4.474999904632568,4.519999980926514,86800,0.0,0.0
2026-07-15 00:00:00-04:00,4.570000171661377,4.670000076293945,4.440000057220459,4.489999771118164,88800,0.0,0.0
2026-07-16 00:00:00-04:00,4.550000190734863,4.78000020980835,4.510000228881836,4.71999979019165,71200,0.0,0.0
2026-07-17 00:00:00-04:00,4.670000076293945,4.670000076293945,4.5,4.510000228881836,58100,0.0,0.0
2026-07-20 00:00:00-04:00,4.5,4.599999904632568,4.46999979019165,4.480000019073486,77100,0.0,0.0
2026-07-21 00:00:00-04:00,4.460000038146973,4.579999923706055,4.460000038146973,4.559999942779541,48600,0.0,0.0
2026-07-22 00:00:00-04:00,4.590000152587891,4.699999809265137,4.489999771118164,4.699999809265137,97000,0.0,0.0
2026-07-23 00:00:00-04:00,4.699999809265137,4.725500106811523,4.570000171661377,4.659999847412109,74908,0.0,0.0
