Date,Open,High,Low,Close,Volume,Dividends,Stock Splits
2022-01-03 00:00:00-05:00,19.57430029289185,20.175331779732595,19.522359614707984,19.6336612701416,292000,0.0,0.0
2022-01-04 00:00:00-05:00,19.81174283093696,20.264369688081988,19.81174283093696,20.04918670654297,181300,0.0,0.0
2022-01-05 00:00:00-05:00,20.160487272361856,20.286629501467516,19.618818283081055,19.618818283081055,196000,0.0,0.0
2022-01-06 00:00:00-05:00,19.826585299311756,20.00466823554564,19.60398198283874,19.796905517578125,174200,0.0,0.0
2022-01-07 00:00:00-05:00,19.655922892356816,19.89336681011405,19.514940035459436,19.61140251159668,164200,0.0,0.0
2022-01-10 00:00:00-05:00,19.5742993529791,19.69302271705512,19.12167245391284,19.663341522216797,311600,0.0,0.0
2022-01-11 00:00:00-05:00,19.70786193708,19.989827627476984,19.559460208434935,19.974987030029297,261200,0.0,0.0
2022-01-12 00:00:00-05:00,20.115970594162114,20.24953314541022,19.848845491665905,19.87852668762207,395300,0.0,0.0
2022-01-13 00:00:00-05:00,20.15307163257894,20.31631397227187,19.915627714742893,20.012088775634766,292800,0.0,0.0
2022-01-14 00:00:00-05:00,19.819164268706647,20.14565034739304,19.470418708360782,19.56688117980957,356300,0.0,0.0
2022-01-18 00:00:00-05:00,19.403637450202584,20.004667515261037,19.29975609495916,19.804325103759766,340600,0.0,0.0
2022-01-19 00:00:00-05:00,19.782064122498802,19.937887569977192,18.839707384506454,18.869388580322266,249700,0.0,0.0
2022-01-20 00:00:00-05:00,18.89906903065381,19.01037210363043,17.964132558480767,18.00123405456543,300000,0.0,0.0
2022-01-21 00:00:00-05:00,17.927029886780176,18.61710204617163,17.84540802246763,18.082853317260742,387700,0.0,0.0
2022-01-24 00:00:00-05:00,17.823154319398675,18.79519104691149,17.70443234116555,18.772930145263672,282500,0.0,0.0
2022-01-25 00:00:00-05:00,18.40933965256411,18.550322499840536,18.090273879122485,18.2831974029541,334800,0.0,0.0
2022-01-26 00:00:00-05:00,18.498380032801904,18.52063951186972,17.57828429570041,17.786046981811523,315100,0.0,0.0
2022-01-27 00:00:00-05:00,17.80830905598044,18.157054598826917,17.47440269506991,17.630226135253906,333800,0.0,0.0
2022-01-28 00:00:00-05:00,18.94358857764859,19.284913809453354,17.14049712497621,18.02349281311035,771800,0.0,0.0
2022-01-31 00:00:00-05:00,17.98639233695707,18.743245826661823,17.934451660947833,18.706144332885742,623000,0.0,0.0
2022-02-01 00:00:00-05:00,18.810029983090605,18.936172250707855,18.4538640799163,18.6616268157959,602600,0.0,0.0
2022-02-02 00:00:00-05:00,18.654201991095075,18.69872377965067,18.23125490675697,18.669042587280273,470900,0.0,0.0
2022-02-03 00:00:00-05:00,18.609682580265016,18.906487442933273,18.453860558093137,18.6987247467041,322500,0.0,0.0
2022-02-04 00:00:00-05:00,18.743248465951577,18.906490815721128,18.17931841864204,18.758089065551758,517400,0.0,0.0
2022-02-07 00:00:00-05:00,18.765588833962475,18.96075112963978,18.607958574973576,18.75057601928711,354500,0.29,0.0
2022-02-08 00:00:00-05:00,18.795618378494034,19.268510685666346,18.750579925086306,19.20095443725586,296500,0.0,0.0
2022-02-09 00:00:00-05:00,19.276016940780906,19.32856037096962,19.088361014849163,19.230979919433594,325700,0.0,0.0
2022-02-10 00:00:00-05:00,18.990778732338924,19.343572781961957,18.855667671137642,19.028310775756836,418300,0.0,0.0
2022-02-11 00:00:00-05:00,18.990780558356924,19.32856182309143,18.87068087127381,19.043325424194336,295300,0.0,0.0
2022-02-14 00:00:00-05:00,19.080852942892445,19.268508852467825,18.728060348303085,18.80312156677246,404600,0.0,0.0
2022-02-15 00:00:00-05:00,18.93073193664033,19.230982605428057,18.92322552675051,18.990781784057617,266700,0.0,0.0
2022-02-16 00:00:00-05:00,18.90821268771813,19.088362216145907,18.622974860598262,18.810630798339844,470000,0.0,0.0
2022-02-17 00:00:00-05:00,18.64549142358194,18.803121701538565,18.472848329143456,18.58544158935547,456800,0.0,0.0
2022-02-18 00:00:00-05:00,18.510379984897696,18.878185419286694,18.510379984897696,18.660505294799805,390400,0.0,0.0
2022-02-22 00:00:00-05:00,19.118386461575437,19.666342889016637,18.840656474891293,19.35858726501465,939300,0.0,0.0
2022-02-23 00:00:00-05:00,19.448657730168122,19.471176954007362,17.50454245477586,17.579605102539062,1633800,0.0,0.0
2022-02-24 00:00:00-05:00,17.27185196231443,18.9982859449653,17.219308531006963,18.87067985534668,974700,0.0,0.0
2022-02-25 00:00:00-05:00,18.788111148056423,19.403622334036914,18.57042959454081,19.178434371948242,484600,0.0,0.0
2022-02-28 00:00:00-05:00,19.17843434746308,19.793946964358792,19.103373125230398,19.56125259399414,420300,0.0,0.0
2022-03-01 00:00:00-05:00,19.501207102518634,19.666345264309737,18.923226399652503,19.095870971679688,500400,0.0,0.0
2022-03-02 00:00:00-05:00,19.05833487974215,19.61379623413086,19.013297859575786,19.61379623413086,404800,0.0,0.0
2022-03-03 00:00:00-05:00,19.816464522861594,19.929057786573672,19.493696116972885,19.89152717590332,375200,0.0,0.0
2022-03-04 00:00:00-05:00,19.816466029940504,19.861503052510276,19.34357371370503,19.688859939575195,250800,0.0,0.0
2022-03-07 00:00:00-05:00,19.78644024322584,19.78644024322584,18.352749159373996,18.39027976989746,537700,0.0,0.0
2022-03-08 00:00:00-05:00,18.450329647521933,19.148409885766377,18.217636712007458,18.855667114257812,414100,0.0,0.0
2022-03-09 00:00:00-05:00,19.14841229246676,19.576267606663,18.990780558356924,19.043325424194336,329700,0.0,0.0
2022-03-10 00:00:00-05:00,18.878184071903057,19.546240078415433,18.870677663773595,19.501201629638672,287600,0.0,0.0
2022-03-11 00:00:00-05:00,19.546240935177718,19.763921053669712,19.403622037868534,19.42613983154297,218200,0.0,0.0
2022-03-14 00:00:00-04:00,19.66634113602454,20.31938294076467,19.651328318703808,19.793947219848633,389500,0.0,0.0
2022-03-15 00:00:00-04:00,19.891528187266424,20.07918411356139,19.426140860106422,19.598785400390625,304800,0.0,0.0
2022-03-16 00:00:00-04:00,19.808956915764387,20.251824967041884,19.808956915764387,20.229307174682617,301200,0.0,0.0
2022-03-17 00:00:00-04:00,20.02664103806913,20.379433670341456,20.02664103806913,20.37192726135254,235400,0.0,0.0
2022-03-18 00:00:00-04:00,20.289360653066673,20.3794347020916,19.93656657123231,20.079185485839844,1434900,0.0,0.0
2022-03-21 00:00:00-04:00,20.056661997229345,20.161750274370153,19.568756945500024,19.591276168823242,331600,0.0,0.0
2022-03-22 00:00:00-04:00,19.771428264639873,20.206789950995983,19.75641544711354,20.116714477539062,517000,0.0,0.0
2022-03-23 00:00:00-04:00,19.966591135412223,20.22180331343269,19.628809890473036,19.636316299438477,331700,0.0,0.0
2022-03-24 00:00:00-04:00,19.666342067286106,19.771428930105287,19.463673318962435,19.703872680664062,188700,0.0,0.0
2022-03-25 00:00:00-04:00,19.771426582701878,20.071675749181214,19.726389565655218,19.98160171508789,355000,0.0,0.0
2022-03-28 00:00:00-04:00,19.808960286767572,20.40946014525511,19.636317168029144,20.394447326660156,719000,0.0,0.0
2022-03-29 00:00:00-04:00,20.627138408627157,21.047488700778402,20.55958216280646,20.762250900268555,325900,0.0,0.0
2022-03-30 00:00:00-04:00,20.612127665724064,20.634646893830894,20.04915984836407,20.079185485839844,417300,0.0,0.0
2022-03-31 00:00:00-04:00,20.07167394915473,20.116710962162472,19.478682077500135,19.568756103515625,351100,0.0,0.0
2022-04-01 00:00:00-04:00,19.696368056597393,19.77893713155293,19.133400214703293,19.268512725830078,402500,0.0,0.0
2022-04-04 00:00:00-04:00,19.185940395772906,19.929057649191112,18.95324746147856,19.823970794677734,430300,0.0,0.0
2022-04-05 00:00:00-04:00,19.78644496468434,19.92906246406583,19.028314711256304,19.095870971679688,559600,0.0,0.0
2022-04-06 00:00:00-04:00,18.998285891837654,18.998285891837654,18.55541778391155,18.60045623779297,532500,0.0,0.0
2022-04-07 00:00:00-04:00,18.56292383165419,18.908211479520105,18.390280723571777,18.765592575073242,326900,0.0,0.0
2022-04-08 00:00:00-04:00,18.75058059453442,19.050829802800155,18.59295029708284,18.78811264038086,363800,0.0,0.0
2022-04-11 00:00:00-04:00,18.60045759152996,19.17843680806215,18.60045759152996,18.615468978881836,392000,0.0,0.0
2022-04-12 00:00:00-04:00,18.7730986966401,19.23097960660971,18.690529632428905,18.72806167602539,451500,0.0,0.0
2022-04-13 00:00:00-04:00,18.743073047779173,19.133397710684974,18.69052961848437,19.01329803466797,356500,0.0,0.0
2022-04-14 00:00:00-04:00,19.065839334032507,19.313545067107896,18.83314641670736,18.960752487182617,353500,0.0,0.0
2022-04-18 00:00:00-04:00,18.908211593126495,19.193447972032917,18.84816175379351,19.118385314941406,232900,0.0,0.0
2022-04-19 00:00:00-04:00,19.245987489579647,20.026636673895606,19.215963291867933,19.81646156311035,310100,0.0,0.0
2022-04-20 00:00:00-04:00,20.004117303432007,20.341898473312984,19.65883115795439,19.846487045288086,261300,0.0,0.0
2022-04-21 00:00:00-04:00,19.838985443115234,20.154247467462284,19.703872942437762,19.838985443115234,216100,0.0,0.0
2022-04-22 00:00:00-04:00,19.71137647765413,19.741400678037653,19.20095218582577,19.3660888671875,434100,0.0,0.0
2022-04-25 00:00:00-04:00,19.230979125781268,19.861501693725586,18.990778347872673,19.861501693725586,607400,0.0,0.0
2022-04-26 00:00:00-04:00,19.816466559173115,19.944072652946364,19.493698120117188,19.493698120117188,477100,0.0,0.0
2022-04-27 00:00:00-04:00,19.628810819465528,20.371928161800877,19.598786613883902,20.011629104614258,559100,0.0,0.0
2022-04-28 00:00:00-04:00,20.14674045561192,20.349409200564835,19.823972031805663,20.236814498901367,378000,0.0,0.0
2022-04-29 00:00:00-04:00,19.62130160538357,20.184269338652353,17.384443488803853,17.819805145263672,1419100,0.0,0.0
2022-05-02 00:00:00-04:00,17.812302256826126,18.607964507898004,17.78978445933436,18.51788902282715,438200,0.0,0.0
2022-05-03 00:00:00-04:00,18.3902798261359,18.818135086896284,18.18761109260697,18.758085250854492,403600,0.0,0.0
2022-05-04 00:00:00-04:00,18.91572006032223,19.306043342609183,18.64549503806866,19.268512725830078,305800,0.0,0.0
2022-05-05 00:00:00-04:00,19.103376011605505,19.110880989601885,18.615469403167825,18.900707244873047,337500,0.0,0.0
2022-05-06 00:00:00-04:00,18.70554521197781,19.230982446307472,18.5028764417334,19.02080726623535,378800,0.0,0.0
2022-05-09 00:00:00-04:00,18.762331133651948,19.446532537793914,18.579877522548248,18.830751419067383,291100,0.32,0.0
2022-05-10 00:00:00-04:00,19.05121449464497,19.150044434229056,18.131344080124762,18.397422790527344,351000,0.0,0.0
2022-05-11 00:00:00-04:00,18.32139655022117,18.648293064044427,17.88806915283203,17.88806915283203,383900,0.0,0.0
2022-05-12 00:00:00-04:00,17.834855203965834,18.313797159066578,17.713219474101706,18.123741149902344,354200,0.0,0.0
2022-05-13 00:00:00-04:00,18.298589192003323,18.57987267532984,18.131340454627466,18.33660125732422,238500,0.0,0.0
2022-05-16 00:00:00-04:00,18.34420222037637,18.701508384332655,18.0553177739977,18.33660125732422,230600,0.0,0.0
2022-05-17 00:00:00-04:00,18.29859144239801,18.785134338245204,18.29859144239801,18.74712371826172,247200,0.0,0.0
2022-05-18 00:00:00-04:00,18.5494659778155,18.572273220641,17.363516901122377,17.599185943603516,507700,0.0,0.0
2022-05-19 00:00:00-04:00,17.4167344413919,17.4167344413919,16.800953311319944,16.876976013183594,469800,0.0,0.0
2022-05-20 00:00:00-04:00,17.029018223276253,17.26468726991194,16.010317892641634,16.557680130004883,522000,0.0,0.0
2022-05-23 00:00:00-04:00,16.70972143459272,16.724926261014716,16.22317858918524,16.34481430053711,286000,0.0,0.0
2022-05-24 00:00:00-04:00,16.23078114209517,16.45884774033989,15.858271591622358,16.41323471069336,374800,0.0,0.0
2022-05-25 00:00:00-04:00,16.299202982922374,17.150653051799363,16.299202982922374,17.05182456970215,243500,0.0,0.0
2022-05-26 00:00:00-04:00,17.16585544320375,17.89567113437368,17.12784482856461,17.68280792236328,279600,0.0,0.0
2022-05-27 00:00:00-04:00,17.774037499587923,17.948890131607804,17.515562658801038,17.933685302734375,209900,0.0,0.0
2022-05-31 00:00:00-04:00,17.77403397750202,17.964089950721732,17.515559187934258,17.68280792236328,278900,0.0,0.0
2022-06-01 00:00:00-04:00,17.682810684946492,17.766435790231743,17.355914127935662,17.447141647338867,226200,0.0,0.0
2022-06-02 00:00:00-04:00,17.68281226013311,17.774038337650516,17.492756240290767,17.644800186157227,160600,0.0,0.0
2022-06-03 00:00:00-04:00,17.40152427185026,17.50795660180859,17.219070713365678,17.226673126220703,183300,0.0,0.0
2022-06-06 00:00:00-04:00,17.3407070087514,17.926079768387837,17.04422014738242,17.88806915283203,203400,0.0,0.0
2022-06-07 00:00:00-04:00,17.523163656412464,17.766436568811233,17.348312474073722,17.675209045410156,149500,0.0,0.0
2022-06-08 00:00:00-04:00,17.477551834632852,17.667607859085162,17.29509822516012,17.591585159301758,151800,0.0,0.0
2022-06-09 00:00:00-04:00,17.56117454395159,17.690412680877245,17.325505511914994,17.371118545532227,151900,0.0,0.0
2022-06-10 00:00:00-04:00,17.120239991633596,17.393919568312388,16.77053629641653,16.83135414123535,186800,0.0,0.0
2022-06-13 00:00:00-04:00,16.52727297366777,16.740136259303707,16.13955848019473,16.261194229125977,325100,0.0,0.0
2022-06-14 00:00:00-04:00,16.299202831556272,16.413236140613204,15.303308355762312,15.805057525634766,773300,0.0,0.0
2022-06-15 00:00:00-04:00,15.949495743696822,16.245984025975783,15.440145715179723,16.0255184173584,587200,0.0,0.0
2022-06-16 00:00:00-04:00,15.81265836883247,15.896283471508104,15.265297619530948,15.478160858154297,442800,0.0,0.0
2022-06-17 00:00:00-04:00,15.538975814870001,15.576986427156983,15.120851829653622,15.386930465698242,434400,0.0,0.0
2022-06-21 00:00:00-04:00,15.645410419951798,15.782250976833808,15.34892351338228,15.447751998901367,259300,0.0,0.0
2022-06-22 00:00:00-04:00,15.432544057726892,15.83546323283454,15.394533444042684,15.698622703552246,240000,0.0,0.0
2022-06-23 00:00:00-04:00,15.615001330147816,16.2231799374513,15.615001330147816,16.20037269592285,237900,0.0,0.0
2022-06-24 00:00:00-04:00,16.253589533148762,16.565282727317854,16.162363459255815,16.238386154174805,356000,0.0,0.0
2022-06-27 00:00:00-04:00,16.382827679507354,16.451247959933216,15.96470503247136,16.238386154174805,248500,0.0,0.0
2022-06-28 00:00:00-04:00,16.35241710814717,16.5956885367183,15.911487281358971,15.941895484924316,223700,0.0,0.0
2022-06-29 00:00:00-04:00,15.979911782389875,15.995116613203892,15.310913726697805,15.52377700805664,388400,0.0,0.0
2022-06-30 00:00:00-04:00,15.196875562371067,15.531374483832355,14.900388705855388,15.364124298095703,228900,0.0,0.0
2022-07-01 00:00:00-04:00,15.364125427741916,15.622601688328448,15.23488874746077,15.61500072479248,210200,0.0,0.0
2022-07-05 00:00:00-04:00,15.49336537577252,16.040727615356445,15.151265426044857,16.040727615356445,378100,0.0,0.0
2022-07-06 00:00:00-04:00,15.934292806101471,16.01791790203433,15.462954783599331,15.637805938720703,213900,0.0,0.0
2022-07-07 00:00:00-04:00,15.789853504555134,15.926694062420333,15.615002325066168,15.865876197814941,239400,0.0,0.0
2022-07-08 00:00:00-04:00,15.789850127424623,16.177564475114313,15.645407186125649,16.10914421081543,189800,0.0,0.0
2022-07-11 00:00:00-04:00,15.919087544239328,16.20797196413905,15.919087544239328,16.0255184173584,148800,0.0,0.0
2022-07-12 00:00:00-04:00,15.926692956742691,16.30680494664097,15.926692956742691,16.055931091308594,183400,0.0,0.0
2022-07-13 00:00:00-04:00,15.865874272301998,16.291599272872936,15.83546461868374,16.16236114501953,188100,0.0,0.0
2022-07-14 00:00:00-04:00,15.995112400949388,16.36762195771896,15.774646762242364,16.29159927368164,271500,0.0,0.0
2022-07-15 00:00:00-04:00,16.603295051678273,16.67931775438991,16.1319554548761,16.504465103149414,211400,0.0,0.0
2022-07-18 00:00:00-04:00,16.648904519205207,16.952993814759086,16.572881832813703,16.770540237426758,223600,0.0,0.0
2022-07-19 00:00:00-04:00,16.945394307398757,17.355914529173095,16.86176920018024,17.211471557617188,207100,0.0,0.0
2022-07-20 00:00:00-04:00,17.249479311862746,17.401523209646346,17.16585422557403,17.37871742248535,186100,0.0,0.0
2022-07-21 00:00:00-04:00,17.1962659973908,17.35591232726789,16.861767060966127,17.333105087280273,134000,0.0,0.0
2022-07-22 00:00:00-04:00,17.447139695519105,17.447139695519105,17.165856204671083,17.264684677124023,169500,0.0,0.0
2022-07-25 00:00:00-04:00,17.348316003524907,17.348316003524907,17.036624197678147,17.082237243652344,199000,0.0,0.0
2022-07-26 00:00:00-04:00,16.80094923675318,17.143049137154883,16.80094923675318,16.869369506835938,194800,0.0,0.0
2022-07-27 00:00:00-04:00,16.952997966388377,17.279894582917244,16.717328885872504,17.234281539916992,125400,0.0,0.0
2022-07-28 00:00:00-04:00,17.188667613234834,17.477552137401318,17.127849742357025,17.46994972229004,184900,0.0,0.0
2022-07-29 00:00:00-04:00,17.462347583477293,17.500359659635134,17.19627030043463,17.47755241394043,182800,0.0,0.0
2022-08-01 00:00:00-04:00,17.27228700593562,17.89567184071119,17.18106094719621,17.766433715820312,238700,0.0,0.0
2022-08-02 00:00:00-04:00,17.804449652463855,17.9716984434731,17.22667912441487,17.234281539916992,182600,0.0,0.0
2022-08-03 00:00:00-04:00,17.530767810749808,17.94889194698512,17.36351902626314,17.73602867126465,276300,0.0,0.0
2022-08-04 00:00:00-04:00,18.982794468912804,19.606179423108674,18.731920584302056,19.19565773010254,715700,0.0,0.0
2022-08-05 00:00:00-04:00,19.005599697816137,19.18045086703312,18.420226879120474,18.997997283935547,260500,0.0,0.0
2022-08-08 00:00:00-04:00,19.188056364651203,19.476942338492073,19.043613377730768,19.30208969116211,202800,0.0,0.0
2022-08-09 00:00:00-04:00,19.20325922996375,19.233667437249473,18.8535554210982,19.02840805053711,231100,0.0,0.0
2022-08-10 00:00:00-04:00,19.438926275754245,19.796232462215087,19.317290559090335,19.75061798095703,307600,0.0,0.0
2022-08-11 00:00:00-04:00,19.84944817645229,20.33599104971256,19.841845762806084,20.14593505859375,309100,0.0,0.0
2022-08-12 00:00:00-04:00,20.335991864989065,20.60207055322501,20.153538280201843,20.55645751953125,313900,0.0,0.0
2022-08-15 00:00:00-04:00,20.39965538196857,20.509414769065813,20.05469538562932,20.376134872436523,216900,0.82,0.0
2022-08-16 00:00:00-04:00,20.18013622518531,20.96413530850421,20.086057172588408,20.73677635192871,238700,0.0,0.0
2022-08-17 00:00:00-04:00,20.438857007750595,20.69757665992365,20.32909760845283,20.478057861328125,150000,0.0,0.0
2022-08-18 00:00:00-04:00,20.415338403342087,20.681896736255318,20.27421831833175,20.619176864624023,158900,0.0,0.0
2022-08-19 00:00:00-04:00,20.454536571675998,20.454536571675998,20.164456247667275,20.30557632446289,147500,0.0,0.0
2022-08-22 00:00:00-04:00,20.109575184211742,20.109575184211742,19.50589556130486,19.537256240844727,188400,0.0,0.0
2022-08-23 00:00:00-04:00,19.458852167840814,19.929251799880383,19.458852167840814,19.6705322265625,150500,0.0,0.0
2022-08-24 00:00:00-04:00,19.78029545514152,19.85869565835146,19.537256171014253,19.654855728149414,150500,0.0,0.0
2022-08-25 00:00:00-04:00,19.45885621688566,20.054695675404904,19.443175876971058,19.976295471191406,163000,0.0,0.0
2022-08-26 00:00:00-04:00,19.976296950947003,20.054697160968036,19.28637839255307,19.317737579345703,158700,0.0,0.0
2022-08-29 00:00:00-04:00,19.239335749239427,19.309894281937154,18.97277597554797,18.988454818725586,195200,0.0,0.0
2022-08-30 00:00:00-04:00,19.113897930327315,19.200138312234998,18.88653896260659,18.933578491210938,174600,0.0,0.0
2022-08-31 00:00:00-04:00,18.933579190824247,19.113898636603597,18.502380256071945,18.63566017150879,236500,0.0,0.0
2022-09-01 00:00:00-04:00,18.659175000893807,18.784614717224972,18.32989537168465,18.44749641418457,160600,0.0,0.0
2022-09-02 00:00:00-04:00,18.706217090418598,18.75325661290463,18.243657549120808,18.306377410888672,142000,0.0,0.0
2022-09-06 00:00:00-04:00,18.416136076198754,18.431816414868443,17.922217370978753,18.0006160736084,224100,0.0,0.0
2022-09-07 00:00:00-04:00,18.05549817989157,18.815976699847667,18.05549817989157,18.729736328125,201100,0.0,0.0
2022-09-08 00:00:00-04:00,18.565097764374485,18.839497731258504,18.173098238928603,18.667016983032227,220300,0.0,0.0
2022-09-09 00:00:00-04:00,18.839498342450305,19.27853740649235,18.776778476158583,19.090377807617188,247200,0.0,0.0
2022-09-12 00:00:00-04:00,19.255016746276628,19.458856683980933,19.207977220763187,19.325576782226562,271700,0.0,0.0
2022-09-13 00:00:00-04:00,18.964940985264946,19.05117988004997,18.345580902151784,18.49454116821289,237100,0.0,0.0
2022-09-14 00:00:00-04:00,18.54941993071455,18.6121398034457,18.243660738070155,18.4867000579834,224300,0.0,0.0
2022-09-15 00:00:00-04:00,18.486698084364644,18.635658326958197,17.749738536930792,17.914379119873047,309600,0.0,0.0
2022-09-16 00:00:00-04:00,17.781101575692627,18.063341757960686,17.65566182698677,17.953580856323242,553200,0.0,0.0
2022-09-19 00:00:00-04:00,17.890857026907252,18.353416558763755,17.890857026907252,18.204456329345703,203800,0.0,0.0
2022-09-20 00:00:00-04:00,18.09469610362835,18.173096299422244,17.898696361823294,17.977096557617188,177300,0.0,0.0
2022-09-21 00:00:00-04:00,18.126059785598166,18.251499521523996,17.74973908246106,17.835979461669922,165300,0.0,0.0
2022-09-22 00:00:00-04:00,17.804617156845868,17.804617156845868,17.428297983375607,17.436138153076172,185400,0.0,0.0
2022-09-23 00:00:00-04:00,17.31070059509745,17.44398050596868,16.855981163070858,17.06766128540039,210600,0.0,0.0
2022-09-26 00:00:00-04:00,16.761898053312677,17.138218711834952,16.581578641217074,16.6756591796875,270200,0.0,0.0
2022-09-27 00:00:00-04:00,16.79326099015892,17.03630029547348,16.573740701105994,16.863821029663086,292600,0.0,0.0
2022-09-28 00:00:00-04:00,16.84814083230376,17.53806089214989,16.707020752091612,17.302860260009766,356200,0.0,0.0
2022-09-29 00:00:00-04:00,17.051982121275877,17.051982121275877,16.589422486633175,16.808942794799805,248800,0.0,0.0
2022-09-30 00:00:00-04:00,16.832459641029903,16.903019677572612,16.542380820007278,16.573740005493164,198600,0.0,0.0
2022-10-03 00:00:00-04:00,16.74622146227602,17.0441404660139,16.691341763852694,16.863821029663086,231300,0.0,0.0
2022-10-04 00:00:00-04:00,17.240138188570327,17.82813745078088,17.240138188570327,17.7183780670166,231900,0.0,0.0
2022-10-05 00:00:00-04:00,17.506696676110526,17.639976558813714,17.34989628633289,17.522377014160156,127800,0.0,0.0
2022-10-06 00:00:00-04:00,17.553740373056495,17.74974015925091,17.451821142193666,17.694860458374023,155800,0.0,0.0
2022-10-07 00:00:00-04:00,17.514537875546758,17.655657935577107,17.318538124473367,17.39693832397461,273000,0.0,0.0
2022-10-10 00:00:00-04:00,17.48317802896224,17.710538468791334,17.404779321092413,17.624298095703125,189300,0.0,0.0
2022-10-11 00:00:00-04:00,17.459661145566297,18.079019686411108,17.459661145566297,17.859500885009766,221500,0.0,0.0
2022-10-12 00:00:00-04:00,17.84382204199555,17.984942137811093,17.5223824883534,17.788942337036133,229700,0.0,0.0
2022-10-13 00:00:00-04:00,17.55374221932725,18.298542083346597,17.27934368608209,18.267181396484375,245600,0.0,0.0
2022-10-14 00:00:00-04:00,18.329894394786688,18.41613475592792,17.687015509012067,17.702695846557617,181100,0.0,0.0
2022-10-17 00:00:00-04:00,17.930058870106425,18.22797785012884,17.875177680692218,18.094697952270508,159200,0.0,0.0
2022-10-18 00:00:00-04:00,18.40045909777002,18.69053943469533,17.835980260812256,17.992780685424805,196100,0.0,0.0
2022-10-19 00:00:00-04:00,17.898699627118248,17.953579325577977,17.247980425427855,17.451820373535156,136100,0.0,0.0
2022-10-20 00:00:00-04:00,17.42830201556255,17.687021694100302,17.106862460268978,17.18526268005371,145100,0.0,0.0
2022-10-21 00:00:00-04:00,17.255821061363232,17.632140285544683,17.200941361423396,17.49102020263672,200900,0.0,0.0
2022-10-24 00:00:00-04:00,17.63214274695306,17.639982918804606,17.21662261098055,17.428302764892578,229700,0.0,0.0
2022-10-25 00:00:00-04:00,17.36557994127275,17.91437991495797,17.36557994127275,17.553739547729492,226000,0.0,0.0
2022-10-26 00:00:00-04:00,17.53805643389178,18.086854778658946,17.224455670757095,17.498855590820312,336600,0.0,0.0
2022-10-27 00:00:00-04:00,19.207977294921875,19.592136661377165,18.65133867067836,19.207977294921875,544100,0.0,0.0
2022-10-28 00:00:00-04:00,19.207982991009853,19.85870235497252,19.207982991009853,19.678382873535156,331300,0.0,0.0
2022-10-31 00:00:00-04:00,19.61565701079256,20.187975970686907,19.53725680503837,20.062536239624023,348900,0.0,0.0
2022-11-01 00:00:00-04:00,20.39965806159434,20.768137120508232,19.82733904603882,20.619176864624023,396100,0.0,0.0
2022-11-02 00:00:00-04:00,20.70541536811746,20.70541536811746,19.678377002685323,19.913576126098633,281900,0.0,0.0
2022-11-03 00:00:00-04:00,19.725419111897125,20.360458024576996,19.529419318261134,20.187978744506836,233600,0.0,0.0
2022-11-04 00:00:00-04:00,20.431015801774766,21.2934150971062,20.344776918993333,21.277734756469727,249200,0.0,0.0
2022-11-07 00:00:00-05:00,21.26989486210009,22.187173866200073,21.26989486210009,22.100934982299805,475700,0.0,0.0
2022-11-08 00:00:00-05:00,22.100935211586975,22.735974068595326,21.755975186328286,22.422374725341797,332500,0.0,0.0
2022-11-09 00:00:00-05:00,22.273414245459946,22.80653387113988,21.928454223780058,22.100934982299805,245000,0.0,0.0
2022-11-10 00:00:00-05:00,22.931972687905702,23.245572015335068,21.88141381949767,22.06173324584961,383900,0.0,0.0
2022-11-11 00:00:00-05:00,22.108774428334463,22.673253221839676,22.006853711574077,22.430213928222656,224600,0.0,0.0
2022-11-14 00:00:00-05:00,22.257735124774538,23.08877529053133,22.226375936735245,22.398855209350586,285500,0.0,0.0
2022-11-15 00:00:00-05:00,22.688935153344588,23.44157359746753,22.571335583370335,23.418054580688477,306800,0.0,0.0
2022-11-16 00:00:00-05:00,23.057411409923063,23.24557099814713,22.626212540496184,22.775171279907227,212600,0.0,0.0
2022-11-17 00:00:00-05:00,22.57917387691613,22.884934548110454,22.38317409848679,22.74381446838379,198000,0.0,0.0
2022-11-18 00:00:00-05:00,22.81437688369348,22.90061577833708,21.607017405085138,22.226377487182617,376800,0.0,0.0
2022-11-21 00:00:00-05:00,22.281252025099686,22.281252025099686,21.559972872813017,22.132291793823242,231800,0.0,0.0
2022-11-22 00:00:00-05:00,22.289095950323933,22.55565577947654,22.03821646297082,22.249895095825195,203700,0.0,0.0
2022-11-23 00:00:00-05:00,22.218533800172168,22.62621367613265,22.18717311954772,22.51645278930664,141100,0.0,0.0
2022-11-25 00:00:00-05:00,22.50077634864831,22.83789472922618,22.42237613406938,22.46941566467285,131800,0.0,0.0
2022-11-28 00:00:00-05:00,22.343977443958273,22.626217637554994,21.708938503725474,21.8265380859375,230500,0.0,0.0
2022-11-29 00:00:00-05:00,21.88141351827776,21.90493402827101,21.54429368517216,21.77165412902832,219800,0.0,0.0
2022-11-30 00:00:00-05:00,21.646214016144512,22.328292344905368,21.4031732366003,22.304773330688477,302400,0.0,0.0
2022-12-01 00:00:00-05:00,22.391015196624892,22.485095752126544,21.575656862169264,21.591337203979492,247700,0.0,0.0
2022-12-02 00:00:00-05:00,21.591335399746086,21.591335399746086,21.2620557260454,21.45805549621582,348200,0.0,0.0
2022-12-05 00:00:00-05:00,21.324776069568504,21.324776069568504,20.807336784375938,20.89357566833496,334100,0.0,0.0
2022-12-06 00:00:00-05:00,20.893573178867353,21.028472876731104,20.718997722498507,20.98086166381836,287000,0.32,0.0
2022-12-07 00:00:00-05:00,20.861833356083405,21.26653094547847,20.79834971935752,21.171308517456055,188100,0.0,0.0
2022-12-08 00:00:00-05:00,20.972931524036007,21.163377937480043,20.734872372080794,20.93325424194336,331800,0.0,0.0
2022-12-09 00:00:00-05:00,20.79041966013811,21.21892369331258,20.64758447790212,20.845966339111328,574500,0.0,0.0
2022-12-12 00:00:00-05:00,20.845962568978546,21.13956682288911,20.473003768695918,20.941184997558594,484000,0.0,0.0
2022-12-13 00:00:00-05:00,21.52046229043083,21.65536199979816,21.012603759765625,21.012603759765625,624300,0.0,0.0
2022-12-14 00:00:00-05:00,20.88563917031029,21.44110890903412,20.592034904567647,20.838027954101562,468700,0.0,0.0
2022-12-15 00:00:00-05:00,20.86183754867288,21.155441859869523,20.560296267757213,20.972930908203125,433600,0.0,0.0
2022-12-16 00:00:00-05:00,20.734868170624427,21.115762433866372,20.679321500483564,21.084020614624023,1237600,0.0,0.0
2022-12-19 00:00:00-05:00,21.1951130660817,21.57600731335072,20.996731244735972,21.091955184936523,306400,0.0,0.0
2022-12-20 00:00:00-05:00,21.068150293549103,21.35382062057755,20.84596360677879,20.996732711791992,237200,0.0,0.0
2022-12-21 00:00:00-05:00,21.18718222140465,21.385564071741648,21.11576463420066,21.163375854492188,191000,0.0,0.0
2022-12-22 00:00:00-05:00,20.957056258245746,20.957056258245746,20.203204703935747,20.401586532592773,485900,0.0,0.0
2022-12-23 00:00:00-05:00,20.41745870495649,21.242727889708714,20.29049444784589,21.20305061340332,305900,0.0,0.0
2022-12-27 00:00:00-05:00,21.19511732509542,21.19511732509542,20.71106661294773,20.845966339111328,186900,0.0,0.0
2022-12-28 00:00:00-05:00,20.893573760986328,21.036408917237285,20.70312739049612,20.893573760986328,257900,0.0,0.0
2022-12-29 00:00:00-05:00,20.980861872377652,21.266530666226974,20.91737975001856,21.13956642150879,259000,0.0,0.0
2022-12-30 00:00:00-05:00,21.099892232434573,21.099892232434573,20.80628644872136,20.96499252319336,191000,0.0,0.0
2023-01-03 00:00:00-05:00,21.187180585361588,21.36175605530566,20.734868730152037,20.949121475219727,333500,0.0,0.0
2023-01-04 00:00:00-05:00,21.10782933068474,21.401433623720763,21.060218110050087,21.226858139038086,165000,0.0,0.0
2023-01-05 00:00:00-05:00,20.98880099138079,21.90135722719442,20.853901268623403,21.806133270263672,243300,0.0,0.0
2023-01-06 00:00:00-05:00,21.89342147700891,22.155285463131428,21.845810255950298,22.0203857421875,208400,0.0,0.0
2023-01-09 00:00:00-05:00,22.091801849631857,22.369536728667267,21.909290919863825,22.11560821533203,185500,0.0,0.0
2023-01-10 00:00:00-05:00,22.26637127814513,22.805969979231115,22.1632134151883,22.782163619995117,315300,0.0,0.0
2023-01-11 00:00:00-05:00,22.861522420158735,23.4328630780822,22.861522420158735,23.369380950927734,274300,0.0,0.0
2023-01-12 00:00:00-05:00,23.48841010256529,23.591567993164062,23.186868858907363,23.591567993164062,195000,0.0,0.0
2023-01-13 00:00:00-05:00,23.32176749672346,23.623308726500127,23.08370990566462,23.440797805786133,212400,0.0,0.0
2023-01-17 00:00:00-05:00,23.432863216816266,23.51221474107917,23.09958166889882,23.139257431030273,242000,0.0,0.0
2023-01-18 00:00:00-05:00,23.290024822614352,23.34557148731085,22.615526365157425,22.67900848388672,334500,0.0,0.0
2023-01-19 00:00:00-05:00,22.55204416158936,22.631397188085735,21.734710561682984,21.91722297668457,281900,0.0,0.0
2023-01-20 00:00:00-05:00,22.028321514981442,22.23463882724929,21.71091084746684,22.194961547851562,304200,0.0,0.0
2023-01-23 00:00:00-05:00,22.19496328824137,22.631404314638683,21.97277656032539,22.472698211669922,290900,0.0,0.0
2023-01-24 00:00:00-05:00,22.456823171421473,22.821846535750094,22.298118611153924,22.34572982788086,195900,0.0,0.0
2023-01-25 00:00:00-05:00,22.218766840779168,22.337795646148095,21.92516104157133,22.044191360473633,249100,0.0,0.0
2023-01-26 00:00:00-05:00,22.19495977905029,22.54411224225778,20.734869311309883,21.10782814025879,662400,0.0,0.0
2023-01-27 00:00:00-05:00,21.163375584426426,21.687103541550137,21.10782890920624,21.42523956298828,269300,0.0,0.0
2023-01-30 00:00:00-05:00,21.42523927887535,21.956902684485073,21.282404108184174,21.63949203491211,244300,0.0,0.0
2023-01-31 00:00:00-05:00,21.79025944740725,22.813910415139013,21.79025944740725,22.80597496032715,376400,0.0,0.0
2023-02-01 00:00:00-05:00,22.623464218756002,23.09958091649174,22.163218430769216,22.917068481445312,1170500,0.0,0.0
2023-02-02 00:00:00-05:00,23.02816545870322,23.734404358761065,22.9250060493599,23.71059799194336,357900,0.0,0.0
2023-02-03 00:00:00-05:00,23.766147637353793,25.218302804473588,23.718534900801117,24.202587127685547,709800,0.0,0.0
2023-02-06 00:00:00-05:00,24.10635295461746,24.21060617112246,23.512916627743213,24.09833335876465,356300,0.32,0.0
2023-02-07 00:00:00-05:00,24.002099348572923,24.02615660462631,23.424700729989492,23.953983306884766,289600,0.0,0.0
2023-02-08 00:00:00-05:00,23.865766843461493,24.154466123168355,23.304407472827315,23.368562698364258,282400,0.0,0.0
2023-02-09 00:00:00-05:00,23.665282636376794,23.841709132139655,23.216196037428684,23.5610294342041,232800,0.0,0.0
2023-02-10 00:00:00-05:00,23.38460442519166,23.75349815925289,23.368565234671305,23.69736099243164,199800,0.0,0.0
2023-02-13 00:00:00-05:00,23.825672081141803,24.106351804270115,23.585090335364068,24.02615737915039,229500,0.0,0.0
2023-02-14 00:00:00-05:00,23.80161628497901,23.80161628497901,23.176101566156078,23.65726661682129,241300,0.0,0.0
2023-02-15 00:00:00-05:00,23.51291749645682,23.986062962182892,23.496878304158614,23.905868530273438,179500,0.0,0.0
2023-02-16 00:00:00-05:00,23.577064498715004,23.9860545819369,23.496870094823862,23.777549743652344,165200,0.0,0.0
2023-02-17 00:00:00-05:00,23.841710862898672,23.96200173372305,23.601129121249922,23.737459182739258,202700,0.0,0.0
2023-02-21 00:00:00-05:00,23.424696928007137,23.512910931435535,22.831260744900504,22.911455154418945,389200,0.0,0.0
2023-02-22 00:00:00-05:00,22.935516361970038,23.51291341832632,22.935516361970038,23.216196060180664,345300,0.0,0.0
2023-02-23 00:00:00-05:00,23.368567699093102,23.673306232791667,23.103927145924114,23.520936965942383,219400,0.0,0.0
2023-02-24 00:00:00-05:00,23.21619425320316,23.496872399986565,23.095901870774636,23.440736770629883,171100,0.0,0.0
2023-02-27 00:00:00-05:00,23.51291325529646,23.76953416745327,23.200156709803007,23.25629234313965,156400,0.0,0.0
2023-02-28 00:00:00-05:00,23.33648838321199,23.84171064795206,23.32846878795181,23.69736099243164,274900,0.0,0.0
2023-03-01 00:00:00-05:00,23.625188613850078,23.962004001787605,23.45678168467209,23.801616668701172,213700,0.0,0.0
2023-03-02 00:00:00-05:00,23.64122535519179,23.70538058769182,23.38460442519166,23.69736099243164,197100,0.0,0.0
2023-03-03 00:00:00-05:00,23.849729648478508,23.849729648478508,23.593108724877663,23.72943878173828,155900,0.0,0.0
2023-03-06 00:00:00-05:00,23.73745671735288,23.73745671735288,23.007690443286698,23.28837013244629,300400,0.0,0.0
2023-03-07 00:00:00-05:00,23.28837429436244,23.625188146049183,23.28837429436244,23.496877670288086,188500,0.0,0.0
2023-03-08 00:00:00-05:00,23.544995840183294,23.849732845412383,23.31243214100771,23.825674057006836,224400,0.0,0.0
2023-03-09 00:00:00-05:00,23.80963269004018,24.098330458083606,23.689341825890306,23.705379486083984,446900,0.0,0.0
2023-03-10 00:00:00-05:00,23.52093474543831,23.52093474543831,22.54256705660319,22.89542007446289,448500,0.0,0.0
2023-03-13 00:00:00-04:00,22.454351886005693,22.53454630580055,21.066994083005575,21.836856842041016,515800,0.0,0.0
2023-03-14 00:00:00-04:00,22.366137054101376,22.51048669854188,21.868934422785507,22.109516143798828,225500,0.0,0.0
2023-03-15 00:00:00-04:00,21.524100287380534,21.836856842041016,21.275498962639674,21.836856842041016,318700,0.0,0.0
2023-03-16 00:00:00-04:00,21.524101438295663,22.02932370972974,21.307576952146164,21.628353118896484,222100,0.0,0.0
2023-03-17 00:00:00-04:00,21.51607955021546,21.564195587705495,21.09105021857324,21.13916778564453,691500,0.0,0.0
2023-03-20 00:00:00-04:00,21.3957911344226,21.89299381427407,21.3957911344226,21.5882568359375,279800,0.0,0.0
2023-03-21 00:00:00-04:00,21.98922549880477,22.390196057477667,21.95714711991192,22.149614334106445,196100,0.0,0.0
2023-03-22 00:00:00-04:00,22.093476857771513,22.366136956169427,21.58825463402319,21.604293823242188,190500,0.0,0.0
2023-03-23 00:00:00-04:00,21.708548425624453,21.788742852968003,21.163228155186093,21.435888290405273,266000,0.0,0.0
2023-03-24 00:00:00-04:00,21.315597797993313,21.75666486195255,21.179267727928938,21.580238342285156,155400,0.0,0.0
2023-03-27 00:00:00-04:00,21.812797423536757,21.828835082240136,21.45994292918234,21.652408599853516,180200,0.0,0.0
2023-03-28 00:00:00-04:00,21.652411075926217,21.876955148844374,21.475984573364258,21.475984573364258,193600,0.0,0.0
2023-03-29 00:00:00-04:00,21.6764720861441,21.684491682026657,21.29153913168888,21.45994758605957,230100,0.0,0.0
2023-03-30 00:00:00-04:00,21.572216195838745,21.820817519063187,21.467964521448277,21.532119750976562,161700,0.0,0.0
2023-03-31 00:00:00-04:00,21.652407232421762,22.02931895581843,21.59627160655216,22.021299362182617,224000,0.0,0.0
2023-04-03 00:00:00-04:00,22.10951999891428,22.197734025805154,21.64439413549415,21.828840255737305,172100,0.0,0.0
2023-04-04 00:00:00-04:00,21.836857840861086,21.836857840861086,21.195305512320218,21.24342155456543,146400,0.0,0.0
2023-04-05 00:00:00-04:00,21.050953775595083,21.203323012158332,20.930662917079363,21.13916778564453,155700,0.0,0.0
2023-04-06 00:00:00-04:00,21.155208587646484,21.243422610799932,20.98680166662425,21.155208587646484,120900,0.0,0.0
2023-04-10 00:00:00-04:00,21.155205400911104,21.524099099781083,21.131148147006947,21.33965301513672,165800,0.0,0.0
2023-04-11 00:00:00-04:00,21.475986195340955,21.732607138296544,21.42786862135068,21.63637351989746,118600,0.0,0.0
2023-04-12 00:00:00-04:00,21.780722788407,21.796761979446735,21.411830571981803,21.492023468017578,110800,0.0,0.0
2023-04-13 00:00:00-04:00,21.58825568173021,21.58825568173021,21.211343894279306,21.516080856323242,119500,0.0,0.0
2023-04-14 00:00:00-04:00,21.55617635968811,21.85289524334749,21.35569108222621,21.4840030670166,125100,0.0,0.0
2023-04-17 00:00:00-04:00,21.45994500471842,21.81279953319978,21.419847030128874,21.756662368774414,138600,0.0,0.0
2023-04-18 00:00:00-04:00,21.860915331523614,22.08545939799947,21.556176846336285,21.852895736694336,151500,0.0,0.0
2023-04-19 00:00:00-04:00,21.80477865718131,22.029321183364857,21.684487799642802,21.94110870361328,125400,0.0,0.0
2023-04-20 00:00:00-04:00,21.844874393555315,21.94912758841093,21.58023390369434,21.81279754638672,143400,0.0,0.0
2023-04-21 00:00:00-04:00,21.74864433386778,21.772701589073836,21.363711425176195,21.411828994750977,132100,0.0,0.0
2023-04-24 00:00:00-04:00,21.45192457501418,21.51607980227957,21.195303665952622,21.3236141204834,253000,0.0,0.0
2023-04-25 00:00:00-04:00,21.171247779052834,21.45192751033804,21.123131734415267,21.155208587646484,192100,0.0,0.0
2023-04-26 00:00:00-04:00,21.0429341810832,21.331633465185934,21.0429341810832,21.13916778564453,161400,0.0,0.0
2023-04-27 00:00:00-04:00,20.890563298838295,22.06941759633782,20.666020788519248,22.00526237487793,311400,0.0,0.0
2023-04-28 00:00:00-04:00,22.085459692946497,22.41425543743135,22.085459692946497,22.398216247558594,191000,0.0,0.0
2023-05-01 00:00:00-04:00,22.406233460459454,22.654834758732733,21.58023362480157,21.6925048828125,278300,0.0,0.0
2023-05-02 00:00:00-04:00,21.716563884790222,21.796758296858503,21.195302500718174,21.732603073120117,194300,0.0,0.0
2023-05-03 00:00:00-04:00,21.82883481958802,22.061398458172313,21.435883888831505,21.46796226501465,183000,0.0,0.0
2023-05-04 00:00:00-04:00,21.267482125571945,21.45192824431132,21.131152053116427,21.36371421813965,169200,0.0,0.0
2023-05-05 00:00:00-04:00,21.62835431058262,21.836859212853952,21.492024241004497,21.780723571777344,232400,0.0,0.0
2023-05-08 00:00:00-04:00,21.813230222336447,22.048916328658674,21.53690751138765,22.040790557861328,180900,0.36,0.0
2023-05-09 00:00:00-04:00,22.03266337698733,22.520290234582028,21.967646359299504,22.325239181518555,328900,0.0,0.0
2023-05-10 00:00:00-04:00,22.650322638884656,22.674703048263417,22.00015100319398,22.30085563659668,231800,0.0,0.0
2023-05-11 00:00:00-04:00,22.130188671457805,22.243969617799294,21.788848932689366,22.10580825805664,167800,0.0,0.0
2023-05-12 00:00:00-04:00,22.170821996424092,22.642195704003264,22.170821996424092,22.479652404785156,236500,0.0,0.0
2023-05-15 00:00:00-04:00,22.585308438242805,22.731595563085765,22.13018777163821,22.146442413330078,235300,0.0,0.0
2023-05-16 00:00:00-04:00,21.918883732672224,22.154571404590882,21.577543982046347,21.95952033996582,161400,0.0,0.0
2023-05-17 00:00:00-04:00,22.09767750391423,22.471524919181476,22.000151215076638,22.28460121154785,201000,0.0,0.0
2023-05-18 00:00:00-04:00,22.333367294968316,22.39025699369783,22.14644355624905,22.29273223876953,123900,0.0,0.0
2023-05-19 00:00:00-04:00,22.382127768142002,22.382127768142002,21.918879828281355,22.05704116821289,164500,0.0,0.0
2023-05-22 00:00:00-04:00,22.000151313874756,22.12205801287337,21.74821059592725,21.861989974975586,183900,0.0,0.0
2023-05-23 00:00:00-04:00,21.740085710142495,21.967646043846123,21.71570374756169,21.731958389282227,160300,0.0,0.0
2023-05-24 00:00:00-04:00,21.731957339951535,21.740084660419374,21.390617630941705,21.57754135131836,173700,0.0,0.0
2023-05-25 00:00:00-04:00,21.561290609826727,21.740087029217182,21.26058592026346,21.366239547729492,148500,0.0,0.0
2023-05-26 00:00:00-04:00,21.317472457885742,21.43937915984979,21.15493070530962,21.317472457885742,196700,0.0,0.0
2023-05-30 00:00:00-04:00,21.341858435294363,21.423130101943286,20.789212962235414,20.80546760559082,205300,0.0,0.0
2023-05-31 00:00:00-04:00,20.76482821884601,20.862354515801215,20.12278539349456,20.34221839904785,333900,0.0,0.0
2023-06-01 00:00:00-04:00,20.390982136430473,20.62666824880161,20.325965117487264,20.5616512298584,211000,0.0,0.0
2023-06-02 00:00:00-04:00,20.79733857831635,21.48001804197556,20.707939597321364,21.40687370300293,230500,0.0,0.0
2023-06-05 00:00:00-04:00,21.577542249948547,21.707576282593674,21.236202526723094,21.536907196044922,186700,0.0,0.0
2023-06-06 00:00:00-04:00,21.545033849525367,22.3089849302492,21.545033849525367,22.08955192565918,325500,0.0,0.0
2023-06-07 00:00:00-04:00,22.178951040179093,23.406146999156963,22.14644175775769,23.316749572753906,204300,0.0,0.0
2023-06-08 00:00:00-04:00,23.267989309597095,23.267989309597095,22.747853110051018,22.80474281311035,163500,0.0,0.0
2023-06-09 00:00:00-04:00,22.853504288952696,23.09731771876171,22.642198593058495,22.93477439880371,103000,0.0,0.0
2023-06-12 00:00:00-04:00,23.048554692154276,23.22735109895818,22.861629414441172,23.072935104370117,159200,0.0,0.0
2023-06-13 00:00:00-04:00,23.064807528483577,23.324877140223613,22.877883802965858,22.886011123657227,162800,0.0,0.0
2023-06-14 00:00:00-04:00,22.902265289630687,23.072934370222892,22.666577644857203,22.715341567993164,171200,0.0,0.0
2023-06-15 00:00:00-04:00,22.593432887774043,22.886010220606938,22.4796535028403,22.837247848510742,229900,0.0,0.0
2023-06-16 00:00:00-04:00,22.991664292737966,22.991664292737966,22.276475587167745,22.390254974365234,582100,0.0,0.0
2023-06-20 00:00:00-04:00,22.390257710945864,22.772234072013994,22.243970573867266,22.76410675048828,169700,0.0,0.0
2023-06-21 00:00:00-04:00,22.642196019616932,22.934771792108894,22.60155941918207,22.780357360839844,127200,0.0,0.0
2023-06-22 00:00:00-04:00,22.739722845300882,22.755977486965136,22.41463776265554,22.56092643737793,227500,0.0,0.0
2023-06-23 00:00:00-04:00,22.398383085584666,22.75597745099324,22.317111427519812,22.35774803161621,208200,0.0,0.0
2023-06-26 00:00:00-04:00,22.333367731361353,22.658452837687882,22.227715653103253,22.260223388671875,114200,0.0,0.0
2023-06-27 00:00:00-04:00,22.30085875579873,22.95915625327266,22.26022215093739,22.942901611328125,139900,0.0,0.0
2023-06-28 00:00:00-04:00,22.894136688437445,23.129822769899043,22.755975347536573,22.991662979125977,138400,0.0,0.0
2023-06-29 00:00:00-04:00,23.007917764734472,23.194843039819226,22.93477342885955,23.09731674194336,155300,0.0,0.0
2023-06-30 00:00:00-04:00,23.267986150628836,23.267986150628836,22.845376320937167,22.983537673950195,190200,0.0,0.0
2023-07-03 00:00:00-04:00,22.91039340881634,23.422402218569616,22.91039340881634,23.389894485473633,116600,0.0,0.0
2023-07-05 00:00:00-04:00,23.18671550218266,23.18671550218266,22.552798447241187,23.113571166992188,453800,0.0,0.0
2023-07-06 00:00:00-04:00,22.90226666533179,22.959156362279796,22.39838361355465,22.84537696838379,243900,0.0,0.0
2023-07-07 00:00:00-04:00,22.820992734756533,23.129823151801766,22.73159376265994,22.7559757232666,165700,0.0,0.0
2023-07-10 00:00:00-04:00,22.6990870570129,23.44678349797516,22.6990870570129,23.414274215698242,188800,0.0,0.0
2023-07-11 00:00:00-04:00,23.471163926841143,24.096953659981637,23.471163926841143,24.031936645507812,194500,0.0,0.0
2023-07-12 00:00:00-04:00,24.283881127067026,24.365152795222247,23.934415589217398,24.040067672729492,272400,0.0,0.0
2023-07-13 00:00:00-04:00,24.178224027955515,24.178224027955515,23.73123227101923,23.80437660217285,127500,0.0,0.0
2023-07-14 00:00:00-04:00,23.771867373672702,24.031935418287304,23.633706031205218,24.00755500793457,152500,0.0,0.0
2023-07-17 00:00:00-04:00,23.98317304745402,24.19447872123534,23.755612733352333,24.00755500793457,144400,0.0,0.0
2023-07-18 00:00:00-04:00,23.95879635729322,24.462679467171217,23.95879635729322,24.332645416259766,176800,0.0,0.0
2023-07-19 00:00:00-04:00,24.381406740032443,25.21037494122429,24.20261031531832,25.202247619628906,292000,0.0,0.0
2023-07-20 00:00:00-04:00,25.14535507723675,25.14535507723675,24.503310694903575,24.95030403137207,172800,0.0,0.0
2023-07-21 00:00:00-04:00,25.096591552645055,25.096591552645055,24.64959975918957,24.714616775512695,141900,0.0,0.0
2023-07-24 00:00:00-04:00,24.673980593513267,25.234751752363753,24.625216670904454,25.185989379882812,151400,0.0,0.0
2023-07-25 00:00:00-04:00,25.064082310973266,25.397294693339653,25.031573029704422,25.096590042114258,143700,0.0,0.0
2023-07-26 00:00:00-04:00,25.07220994861403,25.234751706631886,24.71461560077016,24.982810974121094,141500,0.0,0.0
2023-07-27 00:00:00-04:00,25.17786508525024,25.364788827331015,24.958432057523382,25.12910270690918,176700,0.0,0.0
2023-07-28 00:00:00-04:00,25.234754019175647,25.356662286520695,25.031575640437907,25.275390625,129900,0.0,0.0
2023-07-31 00:00:00-04:00,25.210371643177673,25.844287143407062,25.210371643177673,25.576091766357422,261400,0.0,0.0
2023-08-01 00:00:00-04:00,25.39729456715927,25.795523959956988,25.29164250381614,25.4298038482666,186100,0.0,0.0
2023-08-02 00:00:00-04:00,25.234753052248397,25.316024710654986,24.893413327043092,24.90966796875,185100,0.0,0.0
2023-08-03 00:00:00-04:00,25.91743193226808,29.143905384067317,25.519202519980784,28.956981658935547,801400,0.0,0.0
2023-08-04 00:00:00-04:00,28.761930714302085,29.42022977558718,28.136140937581786,28.77005958557129,313000,0.0,0.0
2023-08-07 00:00:00-04:00,28.737548321234375,29.192665872763772,28.534369957085666,28.542495727539062,203400,0.0,0.0
2023-08-08 00:00:00-04:00,28.347444069644585,28.41245952907493,27.949213142207284,28.35556983947754,180700,0.0,0.0
2023-08-09 00:00:00-04:00,28.16864591926642,28.45309436511766,27.95734180238486,28.046737670898438,185800,0.0,0.0
2023-08-10 00:00:00-04:00,28.152396544381258,28.493737843494156,27.567241803191216,27.672895431518555,150100,0.0,0.0
2023-08-11 00:00:00-04:00,27.526605249092082,27.713528981193274,27.234027894409884,27.258411407470703,157300,0.0,0.0
2023-08-14 00:00:00-04:00,27.183338262010242,27.592048949716638,26.89974393511062,27.533658981323242,207000,0.86,0.0
2023-08-15 00:00:00-04:00,27.533663002052705,27.533663002052705,26.999839057426676,27.375185012817383,145000,0.0,0.0
2023-08-16 00:00:00-04:00,27.4168903992595,27.683802381184808,26.699563254644563,26.716245651245117,157200,0.0,0.0
2023-08-17 00:00:00-04:00,26.807994925632666,27.008180485703132,26.1740782278649,26.249147415161133,159200,0.0,0.0
2023-08-18 00:00:00-04:00,26.09066955086854,26.574447876212513,25.99891796800167,26.40762710571289,196800,0.0,0.0
2023-08-21 00:00:00-04:00,26.39094298126771,26.624491726480233,25.990575067406812,26.00725746154785,134300,0.0,0.0
2023-08-22 00:00:00-04:00,25.99891649935505,26.132372471847674,25.77370894917849,25.840436935424805,135500,0.0,0.0
2023-08-23 00:00:00-04:00,25.706981450310597,26.290852534225948,25.44006950026497,26.232465744018555,138500,0.0,0.0
2023-08-24 00:00:00-04:00,26.299191993672746,26.440989156629584,25.615228178226428,25.706979751586914,153200,0.0,0.0
2023-08-25 00:00:00-04:00,25.857122285159797,25.873804681358326,25.448413123821002,25.46509552001953,113000,0.0,0.0
2023-08-28 00:00:00-04:00,25.640253040159877,25.832095802227858,25.423386686592327,25.523479461669922,134100,0.0,0.0
2023-08-29 00:00:00-04:00,25.590208576097535,26.28251206222885,25.323296618686054,26.215784072875977,140700,0.0,0.0
2023-08-30 00:00:00-04:00,26.07398701452183,26.591128536614487,26.07398701452183,26.374263763427734,137300,0.0,0.0
2023-08-31 00:00:00-04:00,26.474354734100253,26.61615190981181,26.1740779876709,26.1740779876709,277500,0.0,0.0
2023-09-01 00:00:00-04:00,26.507718334546688,26.949792236848996,26.39094316566417,26.39928436279297,149700,0.0,0.0
2023-09-05 00:00:00-04:00,26.09067170649315,26.09067170649315,25.264912165228978,25.406707763671875,262100,0.0,0.0
2023-09-06 00:00:00-04:00,25.49845707370496,25.898825011071448,25.431729084143875,25.656936645507812,254400,0.0,0.0
2023-09-07 00:00:00-04:00,25.681959660310373,25.95721280992137,25.323296127894675,25.948871612548828,170200,0.0,0.0
2023-09-08 00:00:00-04:00,25.77371104669841,25.90716703005197,25.256569508933573,25.32329750061035,150900,0.0,0.0
2023-09-11 00:00:00-04:00,25.31495713607449,25.59855150776604,25.231546746002707,25.46509552001953,151500,0.0,0.0
2023-09-12 00:00:00-04:00,25.31495844107757,25.581870430330085,25.231548046705925,25.39836883544922,163800,0.0,0.0
2023-09-13 00:00:00-04:00,25.506797423648457,25.54850181914297,25.198179487858663,25.27324867248535,99500,0.0,0.0
2023-09-14 00:00:00-04:00,25.54850106994464,26.032279361729646,25.440068690286214,25.965551376342773,158300,0.0,0.0
2023-09-15 00:00:00-04:00,25.740346472329133,25.94053043667387,25.556843311822576,25.823755264282227,592500,0.0,0.0
2023-09-18 00:00:00-04:00,25.915508855662047,25.923850053688806,25.506799697875977,25.506799697875977,151200,0.0,0.0
2023-09-19 00:00:00-04:00,25.565184845379513,25.88214398628385,25.448411262373046,25.698640823364258,92900,0.0,0.0
2023-09-20 00:00:00-04:00,25.69029709807516,25.706979491411975,24.80615093319169,24.956289291381836,274800,0.0,0.0
2023-09-21 00:00:00-04:00,24.772788554617325,25.02301809924148,24.505875025185407,24.981313705444336,206200,0.0,0.0
2023-09-22 00:00:00-04:00,24.92292758544701,25.12311314839266,24.35574046017029,24.372421264648438,156500,0.0,0.0
2023-09-25 00:00:00-04:00,24.372420660835065,24.77279018588665,24.322375066798898,24.547582626342773,115500,0.0,0.0
2023-09-26 00:00:00-04:00,24.464173158063723,24.73108512414183,24.005418415232068,24.01375961303711,282400,0.0,0.0
2023-09-27 00:00:00-04:00,24.314035885152844,24.647675857923552,24.314035885152844,24.464174270629883,325400,0.0,0.0
2023-09-28 00:00:00-04:00,24.505876114077946,25.273248766855563,24.305692151299528,25.07306480407715,274000,0.0,0.0
2023-09-29 00:00:00-04:00,25.331633983073235,25.373338373512848,24.872877733634937,24.939605712890625,249100,0.0,0.0
2023-10-02 00:00:00-04:00,24.806156613766934,25.10643339891019,24.73942861605965,24.839521408081055,182100,0.0,0.0
2023-10-03 00:00:00-04:00,24.831177241656324,24.831177241656324,24.305692930462016,24.739425659179688,188100,0.0,0.0
2023-10-04 00:00:00-04:00,24.706061159878786,24.981314301905645,24.53089920172314,24.80615234375,151000,0.0,0.0
2023-10-05 00:00:00-04:00,24.639333724975586,24.772789700403806,24.38910257785714,24.639333724975586,161800,0.0,0.0
2023-10-06 00:00:00-04:00,24.405783280819048,25.198177881133844,24.405783280819048,25.03135871887207,147500,0.0,0.0
2023-10-09 00:00:00-04:00,24.80615252199471,25.24822642821102,24.78947012758941,25.198179244995117,119300,0.0,0.0
2023-10-10 00:00:00-04:00,25.373344528249678,25.440072523691377,25.048045749336513,25.056386947631836,144600,0.0,0.0
2023-10-11 00:00:00-04:00,25.023020515004497,25.264910476958192,24.814495344046126,25.006338119506836,136200,0.0,0.0
2023-10-12 00:00:00-04:00,25.114772069560072,25.114772069560072,24.372421380001807,24.530900955200195,117700,0.0,0.0
2023-10-13 00:00:00-04:00,24.622650687032873,24.722741870528726,24.19725917987381,24.21394157409668,182100,0.0,0.0
2023-10-16 00:00:00-04:00,24.372421722857087,24.589288094358036,24.26398933256702,24.405786514282227,126300,0.0,0.0
2023-10-17 00:00:00-04:00,24.25564814033653,24.881223661415625,24.25564814033653,24.764450073242188,126100,0.0,0.0
2023-10-18 00:00:00-04:00,24.547583474590486,24.78947184655776,24.289012707061108,24.447490692138672,99200,0.0,0.0
2023-10-19 00:00:00-04:00,24.27232838057346,24.430807943964375,23.913664859124864,24.088825225830078,209000,0.0,0.0
2023-10-20 00:00:00-04:00,24.205603983108325,24.314036379869744,23.86362280519496,23.89698600769043,245100,0.0,0.0
2023-10-23 00:00:00-04:00,23.788550846671583,23.896983230833033,23.479932907115455,23.638412475585938,318500,0.0,0.0
2023-10-24 00:00:00-04:00,23.796892752575097,23.86362074271981,23.29643203102935,23.50495719909668,173000,0.0,0.0
2023-10-25 00:00:00-04:00,23.304771237813007,23.69679794755856,23.104587284479916,23.46324920654297,463300,0.0,0.0
2023-10-26 00:00:00-04:00,22.295512570466776,22.93777052704506,21.16947624459129,21.277910232543945,843000,0.0,0.0
2023-10-27 00:00:00-04:00,21.394684889049856,22.07030608171516,21.37800249147269,21.61155128479004,371500,0.0,0.0
2023-10-30 00:00:00-04:00,21.73666333285477,22.128691671681338,21.578185348698426,21.828414916992188,292600,0.0,0.0
2023-10-31 00:00:00-04:00,22.028599129993452,22.053622723463985,21.64491357563685,21.903484344482422,250600,0.0,0.0
2023-11-01 00:00:00-04:00,21.84510149754905,21.936851508343167,21.45307308361755,21.703304290771484,397800,0.0,0.0
2023-11-02 00:00:00-04:00,21.99523641856469,22.554083957796326,21.786711241103944,22.52906036376953,346000,0.0,0.0
2023-11-03 00:00:00-04:00,23.004497625596336,23.079566817120586,22.42896768755072,22.68754005432129,382600,0.0,0.0
2023-11-06 00:00:00-05:00,22.865048418996423,22.865048418996423,22.1211954065336,22.264894485473633,381000,0.36,0.0
2023-11-07 00:00:00-05:00,22.180365567493297,22.78052111967484,22.078931870842034,22.645275115966797,250500,0.0,0.0
2023-11-08 00:00:00-05:00,22.535389076067833,22.755164258035347,22.383236902993424,22.603012084960938,204700,0.0,0.0
2023-11-09 00:00:00-05:00,22.670634520192078,22.670634520192078,21.799988504256824,21.892969131469727,173500,0.0,0.0
2023-11-10 00:00:00-05:00,21.9859502230165,22.09583699935242,21.639382127771444,21.72391128540039,156200,0.0,0.0
2023-11-13 00:00:00-05:00,21.605565880112103,21.842247155863184,21.411149981598335,21.783077239990234,172500,0.0,0.0
2023-11-14 00:00:00-05:00,22.433953414937864,23.169353371067093,22.357877335026622,22.974937438964844,260000,0.0,0.0
2023-11-15 00:00:00-05:00,23.03410730458568,23.575091327192343,23.03410730458568,23.346864700317383,184000,0.0,0.0
2023-11-16 00:00:00-05:00,23.28769603816629,23.380678283132525,22.78052426046622,23.008750915527344,188100,0.0,0.0
2023-11-17 00:00:00-05:00,23.135541164279868,23.304597854614258,22.88195371038909,23.304597854614258,184300,0.0,0.0
2023-11-20 00:00:00-05:00,23.22852177967297,23.465203080852472,23.084822706146035,23.304597854614258,174600,0.0,0.0
2023-11-21 00:00:00-05:00,23.270787917458645,23.439844613285246,23.051012761850497,23.135541915893555,152500,0.0,0.0
2023-11-22 00:00:00-05:00,23.24542765178174,23.482108950104188,23.042558658473684,23.16935157775879,102000,0.0,0.0
2023-11-24 00:00:00-05:00,23.19470962351781,23.473654676621752,23.177803471872878,23.380672454833984,61900,0.0,0.0
2023-11-27 00:00:00-05:00,23.33841076241657,23.380674533026156,23.059465684518578,23.194711685180664,168100,0.0,0.0
2023-11-28 00:00:00-05:00,23.1608996863131,23.23697576422776,22.839690833541937,23.084823608398438,173500,0.0,0.0
2023-11-29 00:00:00-05:00,23.346859399272873,23.61735134915938,23.000289774689186,23.051008224487305,188700,0.0,0.0
2023-11-30 00:00:00-05:00,23.169352220987868,23.220069067658024,22.6368213003025,22.687538146972656,290100,0.0,0.0
2023-12-01 00:00:00-05:00,22.772066518159026,23.270786728036907,22.653725063643634,23.2285213470459,228900,0.0,0.0
2023-12-04 00:00:00-05:00,23.3637674513011,23.9808291185891,23.3637674513011,23.668071746826172,187400,0.0,0.0
2023-12-05 00:00:00-05:00,23.473654826806015,23.684976886941627,23.321502685546875,23.321502685546875,195700,0.0,0.0
2023-12-06 00:00:00-05:00,23.456749498626888,24.183697926939782,23.355314196806248,24.09916877746582,212000,0.0,0.0
2023-12-07 00:00:00-05:00,24.07380951836209,24.59788895462733,23.854034374912757,24.47954750061035,187700,0.0,0.0
2023-12-08 00:00:00-05:00,24.352754714292292,24.673965161169217,24.352754714292292,24.665512084960938,272000,0.0,0.0
2023-12-11 00:00:00-05:00,24.792307281901785,25.138875376992644,24.724684278280634,25.12196922302246,249700,0.0,0.0
2023-12-12 00:00:00-05:00,25.0289867506013,25.0289867506013,24.52181345480233,24.623247146606445,182400,0.0,0.0
2023-12-13 00:00:00-05:00,24.59788928675716,25.806651785919925,24.285131913555684,25.67985725402832,413600,0.0,0.0
2023-12-14 00:00:00-05:00,26.03487743703479,27.125300052662826,26.026425973328916,26.897071838378906,365300,0.0,0.0
2023-12-15 00:00:00-05:00,26.880165706535756,26.92243108639365,25.958801385005664,26.525144577026367,1460500,0.0,0.0
2023-12-18 00:00:00-05:00,26.660391897610587,26.660391897610587,26.094048711595278,26.263105392456055,220000,0.0,0.0
2023-12-19 00:00:00-05:00,26.491334293952363,27.01541211419757,26.465975065646532,26.973148345947266,219000,0.0,0.0
2023-12-20 00:00:00-05:00,26.89707500014659,27.252097783383206,26.415260899304805,26.432167053222656,248000,0.0,0.0
2023-12-21 00:00:00-05:00,26.77873112912921,26.87171334946597,26.54204984657169,26.618125915527344,247500,0.0,0.0
2023-12-22 00:00:00-05:00,26.761827591918806,27.049225744434178,26.592769286112294,26.95624351501465,141800,0.0,0.0
2023-12-26 00:00:00-05:00,27.0745844559055,27.640929319567512,27.0154145301598,27.48877716064453,156300,0.0,0.0
2023-12-27 00:00:00-05:00,27.61556730322579,27.674740450976078,27.20982930484583,27.44651222229004,125200,0.0,0.0
2023-12-28 00:00:00-05:00,27.302810823577023,27.463417660613118,27.209828596770627,27.23518943786621,89600,0.0,0.0
2023-12-29 00:00:00-05:00,27.235193014671918,27.26900209970803,26.947793220229723,26.981605529785156,183200,0.0,0.0
2024-01-02 00:00:00-05:00,26.837901632138596,27.049223692234175,26.516692810187436,26.761825561523438,181200,0.0,0.0
2024-01-03 00:00:00-05:00,26.508242503366517,26.508242503366517,25.696764869457574,25.722124099731445,137700,0.0,0.0
2024-01-04 00:00:00-05:00,25.933443226097953,25.933443226097953,25.417816888448648,25.629138946533203,177400,0.0,0.0
2024-01-05 00:00:00-05:00,25.417818221576454,25.840462359912635,25.23185538112193,25.3586483001709,156200,0.0,0.0
2024-01-08 00:00:00-05:00,25.476989420837878,25.832010579337535,25.476989420837878,25.71367073059082,203600,0.0,0.0
2024-01-09 00:00:00-05:00,25.434728947954355,25.502351957758346,25.17268998649636,25.316389083862305,160700,0.0,0.0
2024-01-10 00:00:00-05:00,25.30793438805335,25.502350327277465,25.138876068222174,25.33329200744629,144000,0.0,0.0
2024-01-11 00:00:00-05:00,25.274119336543407,25.274119336543407,24.733135351404325,24.92755126953125,140600,0.0,0.0
2024-01-12 00:00:00-05:00,25.189589299114104,25.214948527122136,24.580982337255914,24.893739700317383,113000,0.0,0.0
2024-01-16 00:00:00-05:00,24.6993225106413,24.6993225106413,24.285131454467773,24.285131454467773,152800,0.0,0.0
2024-01-17 00:00:00-05:00,24.14988880897453,24.428833910465556,24.073812725635193,24.32740020751953,120900,0.0,0.0
2024-01-18 00:00:00-05:00,24.411925856616328,24.50490808729911,23.904754156825383,24.209056854248047,193900,0.0,0.0
2024-01-19 00:00:00-05:00,24.32739637854007,24.614794512085208,23.989279789245046,24.580982208251953,148600,0.0,0.0
2024-01-22 00:00:00-05:00,24.927551672784652,25.358648897513522,24.927551672784652,25.257213592529297,195700,0.0,0.0
2024-01-23 00:00:00-05:00,25.52770796817138,25.536159432602624,25.079704577117827,25.088157653808594,169600,0.0,0.0
2024-01-24 00:00:00-05:00,25.426272520756342,25.485442445007827,24.843023130366888,25.02053451538086,185400,0.0,0.0
2024-01-25 00:00:00-05:00,23.507465854211944,25.223401587464537,22.873499664739327,25.14732551574707,524200,0.0,0.0
2024-01-26 00:00:00-05:00,25.375553264262397,25.78974430696339,25.22340112362543,25.696762084960938,290400,0.0,0.0
2024-01-29 00:00:00-05:00,25.696762797368265,26.119406927628464,25.519253036543496,26.026426315307617,226400,0.0,0.0
2024-01-30 00:00:00-05:00,25.86582182588177,26.06869082067283,25.722122753039002,25.99261474609375,295500,0.0,0.0
2024-01-31 00:00:00-05:00,25.975708731317212,25.975708731317212,24.58098337706464,24.623247146606445,233000,0.0,0.0
2024-02-01 00:00:00-05:00,24.76694930236262,25.36710490055195,24.631703288286648,25.35019874572754,168400,0.0,0.0
2024-02-02 00:00:00-05:00,25.15577989980455,25.493894895986166,24.902192443473727,25.257213592529297,183200,0.0,0.0
2024-02-05 00:00:00-05:00,24.932084752000765,25.248656216492815,24.61551491942974,25.10320472717285,210500,0.36,0.0
2024-02-06 00:00:00-05:00,25.00909259958063,25.351330973042305,25.000536436253924,25.308551788330078,197000,0.0,0.0
2024-02-07 00:00:00-05:00,25.222990239175886,25.29143790966793,24.95775572000936,25.23154640197754,137300,0.0,0.0
2024-02-08 00:00:00-05:00,25.291438103691437,26.027251791066618,25.274327409878055,26.01013946533203,155000,0.0,0.0
2024-02-09 00:00:00-05:00,26.0101371257286,26.395156260518434,25.719234142092077,26.266817092895508,295800,0.0,0.0
2024-02-12 00:00:00-05:00,26.266820289398282,27.139527714589672,26.224039473703787,26.908517837524414,189700,0.0,0.0
2024-02-13 00:00:00-05:00,25.83902170844302,26.480719251216392,25.676457874002484,26.035808563232422,242900,0.0,0.0
2024-02-14 00:00:00-05:00,26.326708690476234,26.677503178138807,26.070028722384873,26.660390853881836,120000,0.0,0.0
2024-02-15 00:00:00-05:00,26.831513422129003,27.225087126496888,26.660393426886575,27.079635620117188,182800,0.0,0.0
2024-02-16 00:00:00-05:00,26.84862469555212,27.011188531348694,26.55772330843583,26.908517837524414,139300,0.0,0.0
2024-02-20 00:00:00-05:00,26.540608643440834,26.865734654463125,26.446492489127568,26.797286987304688,157800,0.0,0.0
2024-02-21 00:00:00-05:00,26.643278980691697,26.994073474293167,26.506383648160444,26.874290466308594,165500,0.0,0.0
2024-02-22 00:00:00-05:00,26.951294999961522,27.071078011079923,26.59194433468519,26.72028350830078,174500,0.0,0.0
2024-02-23 00:00:00-05:00,26.780174356720078,27.11385815823794,26.600499844451384,27.071077346801758,163300,0.0,0.0
2024-02-26 00:00:00-05:00,27.028301415278108,27.302092113686744,26.994076762016384,27.139528274536133,157100,0.0,0.0
2024-02-27 00:00:00-05:00,27.37053823674436,27.92667576535148,27.361982073913946,27.729888916015625,169800,0.0,0.0
2024-02-28 00:00:00-05:00,27.618659034153016,28.140573516960565,27.550212998814214,28.03790283203125,174300,0.0,0.0
2024-02-29 00:00:00-05:00,28.251803670817278,28.662489698719934,28.1576875107858,28.602598190307617,176100,0.0,0.0
2024-03-01 00:00:00-05:00,28.645376933401476,28.6624892589485,28.30314021398811,28.38869857788086,145000,0.0,0.0
2024-03-04 00:00:00-05:00,28.67104653124548,29.53520110286517,28.67104653124548,28.919170379638672,233200,0.0,0.0
2024-03-05 00:00:00-05:00,28.722378954618314,29.2956304008343,28.56837129825236,28.576929092407227,185900,0.0,0.0
2024-03-06 00:00:00-05:00,28.696712935403127,28.859275126815124,27.93523242555611,27.969453811645508,205400,0.0,0.0
2024-03-07 00:00:00-05:00,28.20902211440863,28.568371134643115,27.99512295555225,28.191909790039062,226400,0.0,0.0
2024-03-08 00:00:00-05:00,28.45714264526875,28.8250494594424,28.286025929334894,28.294580459594727,156700,0.0,0.0
2024-03-11 00:00:00-04:00,28.21757852080514,28.345919330188963,27.832559356496045,27.99512481689453,154000,0.0,0.0
2024-03-12 00:00:00-04:00,28.097793220215003,28.397250732625224,27.849669416308192,28.277467727661133,152500,0.0,0.0
2024-03-13 00:00:00-04:00,28.25180173019393,28.748046089214913,28.25180173019393,28.508480072021484,138700,0.0,0.0
2024-03-14 00:00:00-04:00,28.46570384906667,28.551262217282,27.704223274885596,27.781227111816406,166300,0.0,0.0
2024-03-15 00:00:00-04:00,27.592990914701257,28.089238519501322,27.592990914701257,27.89244842529297,1119800,0.0,0.0
2024-03-18 00:00:00-04:00,27.824006953179044,28.00368148898101,27.28498008193053,27.33631706237793,230600,0.0,0.0
2024-03-19 00:00:00-04:00,27.284977922588393,27.584438722401522,27.079634912813642,27.233642578125,180500,0.0,0.0
2024-03-20 00:00:00-04:00,27.344867557940606,28.268913486554908,27.233640713896886,28.106348037719727,186600,0.0,0.0
2024-03-21 00:00:00-04:00,28.20902448821454,28.671044229703515,28.097796002373478,28.602598190307617,188100,0.0,0.0
2024-03-22 00:00:00-04:00,28.559821126186318,28.559821126186318,28.037906573728552,28.04646110534668,130200,0.0,0.0
2024-03-25 00:00:00-04:00,28.11490832818306,29.261408046685553,28.11490832818306,28.602598190307617,307000,0.0,0.0
2024-03-26 00:00:00-04:00,28.671044229703515,28.936280383988375,28.602598190307617,28.602598190307617,191500,0.0,0.0
2024-03-27 00:00:00-04:00,28.84216440462095,29.158737538317524,28.84216440462095,29.08173370361328,179200,0.0,0.0
2024-03-28 00:00:00-04:00,29.21006940249987,29.62931320130604,29.175844752833605,29.57797622680664,358500,0.0,0.0
2024-04-01 00:00:00-04:00,29.637872227771915,29.663539086994078,28.97906230904699,29.13306999206543,235100,0.0,0.0
2024-04-02 00:00:00-04:00,28.782271521996574,28.782271521996574,28.029345536809615,28.345918655395508,255200,0.0,0.0
2024-04-03 00:00:00-04:00,28.21757766710752,28.457143689277608,28.01223629491666,28.166240692138672,213300,0.0,0.0
2024-04-04 00:00:00-04:00,28.508483033174336,28.508483033174336,27.669998622062447,27.781227111816406,155200,0.0,0.0
2024-04-05 00:00:00-04:00,27.72133228076359,28.380138817561658,27.72133228076359,28.294580459594727,141100,0.0,0.0
2024-04-08 00:00:00-04:00,28.559820461507805,28.679603484429855,28.440037438585758,28.491371154785156,112900,0.0,0.0
2024-04-09 00:00:00-04:00,28.53414427538695,28.628260420207397,28.26891142781139,28.363027572631836,118200,0.0,0.0
2024-04-10 00:00:00-04:00,27.755555350518197,27.755555350518197,27.122415629907668,27.413318634033203,194400,0.0,0.0
2024-04-11 00:00:00-04:00,27.515988654236217,27.515988654236217,27.088190321139358,27.293533325195312,130800,0.0,0.0
2024-04-12 00:00:00-04:00,27.088191428304803,27.165195261963277,26.788732256513097,27.156639099121094,101600,0.0,0.0
2024-04-15 00:00:00-04:00,27.242197805833047,27.319201635845754,26.335265802475856,26.60905647277832,139800,0.0,0.0
2024-04-16 00:00:00-04:00,26.446491649162287,26.626167789697192,26.061472513673962,26.463603973388672,119600,0.0,0.0
2024-04-17 00:00:00-04:00,26.72884037819971,26.93418338780346,26.532053531319598,26.56627655029297,137500,0.0,0.0
2024-04-18 00:00:00-04:00,26.74595069885254,27.15663668727628,26.64327838578608,26.74595069885254,160400,0.0,0.0
2024-04-19 00:00:00-04:00,26.617613350099514,27.284977718905267,26.617613350099514,27.225086212158203,157500,0.0,0.0
2024-04-22 00:00:00-04:00,27.37909119152868,27.610102665118244,27.242195866124717,27.387645721435547,203900,0.0,0.0
2024-04-23 00:00:00-04:00,27.729891781313224,29.27852314329072,27.584441893930663,29.13306999206543,256900,0.0,0.0
2024-04-24 00:00:00-04:00,28.92772930238722,29.115958381052454,28.354477742859455,28.58548927307129,268700,0.0,0.0
2024-04-25 00:00:00-04:00,26.942740089243916,27.06252310592752,24.204831607861923,24.86363983154297,941600,0.0,0.0
2024-04-26 00:00:00-04:00,24.820860005437407,25.299993691670103,24.51284467689866,24.641183853149414,436900,0.0,0.0
2024-04-29 00:00:00-04:00,24.81230348828918,25.01764649374104,24.35028050208165,24.71818733215332,360600,0.0,0.0
2024-04-30 00:00:00-04:00,24.529955147351256,24.65829431389733,24.16204833984375,24.16204833984375,304900,0.0,0.0
2024-05-01 00:00:00-04:00,24.170606200844603,24.949199048795993,23.91392784971029,24.624073028564453,254300,0.0,0.0
2024-05-02 00:00:00-04:00,24.88930832022712,24.88930832022712,24.375949969992618,24.86363983154297,173500,0.0,0.0
2024-05-03 00:00:00-04:00,25.359884629863725,25.56522763364516,25.051870940152135,25.18021011352539,207900,0.0,0.0
2024-05-06 00:00:00-04:00,25.396982532961662,25.59641217359607,25.28426028123791,25.440336227416992,163500,0.39,0.0
2024-05-07 00:00:00-04:00,25.570400212294828,25.89989426004733,25.30160365511385,25.34495735168457,205500,0.0,0.0
2024-05-08 00:00:00-04:00,25.188882148546426,25.795843841649678,25.128186310003613,25.717805862426758,162000,0.0,0.0
2024-05-09 00:00:00-04:00,25.72647502317108,26.55020845211983,25.72647502317108,26.506853103637695,151500,0.0,0.0
2024-05-10 00:00:00-04:00,26.45483148889775,26.489514117975187,26.220717540733908,26.411476135253906,119400,0.0,0.0
2024-05-13 00:00:00-04:00,26.636917297465885,26.76698169618458,25.943248222208,25.960590362548828,127800,0.0,0.0
2024-05-14 00:00:00-04:00,26.437487645058933,26.437487645058933,25.917235011696754,25.960590362548828,133900,0.0,0.0
2024-05-15 00:00:00-04:00,26.281412223101547,26.281412223101547,25.639767902005133,25.943248748779297,248400,0.0,0.0
2024-05-16 00:00:00-04:00,25.908562154205306,26.107993446691875,25.761157279152144,25.839195251464844,134100,0.0,0.0
2024-05-17 00:00:00-04:00,25.795840830075,25.795840830075,25.50103108828144,25.52704429626465,124700,0.0,0.0
2024-05-20 00:00:00-04:00,25.501033782958984,25.847868323531372,25.492362712714982,25.501033782958984,121000,0.0,0.0
2024-05-21 00:00:00-04:00,25.535714370996793,25.639763891202247,25.050144430580332,25.21489143371582,130600,0.0,0.0
2024-05-22 00:00:00-04:00,25.249578492874843,25.440337070169893,24.746668012881088,24.850717544555664,219600,0.0,0.0
2024-05-23 00:00:00-04:00,24.85071786864994,25.032807032211426,24.191731428712565,24.278440475463867,153600,0.0,0.0
2024-05-24 00:00:00-04:00,24.52122625798904,24.88540294289414,24.37382136995989,24.876731872558594,129300,0.0,0.0
2024-05-28 00:00:00-04:00,24.998124064848117,25.14552895591561,24.52989783394041,24.633947372436523,143000,0.0,0.0
2024-05-29 00:00:00-04:00,24.23508677900697,24.711984055382864,24.23508677900697,24.278440475463867,149300,0.0,0.0
2024-05-30 00:00:00-04:00,24.469196779653373,24.928753527011022,24.451856294985756,24.798690795898438,128100,0.0,0.0
2024-05-31 00:00:00-04:00,25.006791850102744,25.301601593507186,24.946096018314307,25.24090576171875,163400,0.0,0.0
2024-06-03 00:00:00-04:00,25.38831233397132,25.440337099869343,24.92875554933256,25.076160430908203,138500,0.0,0.0
2024-06-04 00:00:00-04:00,24.651285483451773,24.989448909037293,24.20907088254292,24.30445098876953,188000,0.0,0.0
2024-06-05 00:00:00-04:00,24.373822585856367,24.63394809354893,24.217746619705768,24.555910110473633,104000,0.0,0.0
2024-06-06 00:00:00-04:00,24.512552294878972,24.60793074963905,24.139704583638817,24.339134216308594,102100,0.0,0.0
2024-06-07 00:00:00-04:00,24.13970531757718,24.356477095462154,23.879579845650188,24.096351623535156,105500,0.0,0.0
2024-06-10 00:00:00-04:00,23.8622353073572,24.356474646629454,23.8622353073572,24.105018615722656,140000,0.0,0.0
2024-06-11 00:00:00-04:00,23.862238794875488,23.94027677078045,23.628124867160604,23.88825035095215,137200,0.0,0.0
2024-06-12 00:00:00-04:00,24.590591617156957,24.885401374636587,24.451857808206245,24.529895782470703,137500,0.0,0.0
2024-06-13 00:00:00-04:00,24.51255430225863,24.581921208599894,23.862238935120203,24.000972747802734,170100,0.0,0.0
2024-06-14 00:00:00-04:00,23.72350647228019,24.03565674165815,23.72350647228019,23.79287338256836,169000,0.0,0.0
2024-06-17 00:00:00-04:00,23.75818560093512,24.04432427045542,23.636793939271165,24.009641647338867,225300,0.0,0.0
2024-06-18 00:00:00-04:00,24.174387873137107,24.44318606771123,23.92293347150274,24.035654067993164,215100,0.0,0.0
2024-06-20 00:00:00-04:00,23.92293312499528,24.139704899122574,23.498060646166266,23.59343910217285,200700,0.0,0.0
2024-06-21 00:00:00-04:00,23.53274232452702,23.63679349961598,23.229263176011976,23.51540184020996,642900,0.0,0.0
2024-06-24 00:00:00-04:00,23.654136920377443,23.870908697549325,23.51540311529443,23.645465850830078,147200,0.0,0.0
2024-06-25 00:00:00-04:00,23.766857853417918,23.974958563989677,23.203251555556395,23.29863166809082,159800,0.0,0.0
2024-06-26 00:00:00-04:00,23.298632411061863,23.515404198216434,23.14255645969657,23.44603729248047,162900,0.0,0.0
2024-06-27 00:00:00-04:00,23.58477046546389,23.775529037614188,23.39401023947615,23.576099395751953,136700,0.0,0.0
2024-06-28 00:00:00-04:00,23.82755409895082,24.209072901842763,23.784200403688367,24.183059692382812,295900,0.0,0.0
2024-07-01 00:00:00-04:00,24.209072299446404,24.235085508259065,23.628123866663028,23.749515533447266,157500,0.0,0.0
2024-07-02 00:00:00-04:00,23.74951471281437,24.33913419482845,23.74951471281437,23.948945999145508,204900,0.0,0.0
2024-07-03 00:00:00-04:00,23.948947545637015,24.12236398141526,23.645466715728247,23.671478271484375,78900,0.0,0.0
2024-07-05 00:00:00-04:00,23.628122038004918,23.65413524480433,23.116540547810857,23.237932205200195,196100,0.0,0.0
2024-07-08 00:00:00-04:00,23.411353012693745,23.636795869794998,23.324643967064418,23.44603729248047,168400,0.0,0.0
2024-07-09 00:00:00-04:00,23.463376656183886,23.463376656183886,23.00382154785465,23.021162033081055,143600,0.0,0.0
2024-07-10 00:00:00-04:00,23.19457971086041,23.6021100487165,23.19457971086041,23.31597137451172,251500,0.0,0.0
2024-07-11 00:00:00-04:00,23.896919725771195,24.6772977756264,23.714832230801175,24.616601943969727,202700,0.0,0.0
2024-07-12 00:00:00-04:00,24.963442112619198,25.249580831988318,24.746670305405086,24.954771041870117,203600,0.0,0.0
2024-07-15 00:00:00-04:00,25.145526400432033,25.509703055833164,24.902741412218802,24.989450454711914,212000,0.0,0.0
2024-07-16 00:00:00-04:00,25.33628315983452,26.610902189548696,25.30160053761881,26.567546844482422,236900,0.0,0.0
2024-07-17 00:00:00-04:00,26.29875297535242,27.217864883659274,26.168690234698026,26.940397262573242,239900,0.0,0.0
2024-07-18 00:00:00-04:00,26.8883733530583,27.556030871199567,26.12533571694327,26.350778579711914,251000,0.0,0.0
2024-07-19 00:00:00-04:00,26.25539888960976,26.25539888960976,25.492361289123906,25.657108306884766,215500,0.0,0.0
2024-07-22 00:00:00-04:00,25.73514583157128,25.787170595384183,25.266917995742897,25.72647476196289,296600,0.0,0.0
2024-07-23 00:00:00-04:00,25.59641251506836,25.73514632378113,25.396982871773428,25.48369026184082,187500,0.0,0.0
2024-07-24 00:00:00-04:00,25.275588606107878,25.501031450317512,24.876729334393648,25.006792068481445,250900,0.0,0.0
2024-07-25 00:00:00-04:00,25.11951037771634,26.142673326080917,25.041472413597873,26.038623809814453,340300,0.0,0.0
2024-07-26 00:00:00-04:00,26.53286608744002,26.931725367064374,26.220714196368835,26.740966796875,154400,0.0,0.0
2024-07-29 00:00:00-04:00,26.706283569335938,26.879701660941524,26.489511781747698,26.706283569335938,125200,0.0,0.0
2024-07-30 00:00:00-04:00,26.83634709530138,26.83634709530138,26.359448185759128,26.68027114868164,162100,0.0,0.0
2024-07-31 00:00:00-04:00,26.801665660801834,27.49533477068339,26.238059302293372,26.766983032226562,204200,0.0,0.0
2024-08-01 00:00:00-04:00,28.102292028876768,30.885640751770413,27.556027898140464,27.79014015197754,677500,0.0,0.0
2024-08-02 00:00:00-04:00,26.74963717473876,27.3045723855478,26.029954953031762,27.209192276000977,273200,0.0,0.0
2024-08-05 00:00:00-04:00,26.029955407762372,27.243877029532463,25.83052576962361,26.57621955871582,281200,0.0,0.0
2024-08-06 00:00:00-04:00,26.36812026853043,26.758310150071246,26.047298947119096,26.42014503479004,200900,0.0,0.0
2024-08-07 00:00:00-04:00,26.662925868924948,26.688939074910184,25.995268466505728,26.038623809814453,189900,0.0,0.0
2024-08-08 00:00:00-04:00,26.194701020097725,26.246727437899285,25.6484368638808,26.17736053466797,238700,0.0,0.0
2024-08-09 00:00:00-04:00,26.2467270678241,26.324765039588684,25.925904111254432,26.298751831054688,182700,0.0,0.0
2024-08-12 00:00:00-04:00,26.420142454486452,26.420142454486452,25.492359553253408,25.76115608215332,228200,0.0,0.0
2024-08-13 00:00:00-04:00,26.037297085409836,26.81227042343346,25.966035305972078,26.68756103515625,178500,0.79,0.0
2024-08-14 00:00:00-04:00,26.883531899214017,26.9458857431409,26.277805931327485,26.455961227416992,176600,0.0,0.0
2024-08-15 00:00:00-04:00,27.07950096518535,27.364548075500753,26.76773005114733,27.04387092590332,226900,0.0,0.0
2024-08-16 00:00:00-04:00,27.00823903759072,27.48925730783727,26.928069325882962,27.070592880249023,274800,0.0,0.0
2024-08-19 00:00:00-04:00,26.98151866094423,27.293287894201644,26.7499174455138,27.284379959106445,184900,0.0,0.0
2024-08-20 00:00:00-04:00,27.177488383192042,27.4358117072428,26.98151890635992,27.204212188720703,148800,0.0,0.0
2024-08-21 00:00:00-04:00,27.42690223007047,28.130612035686077,27.19530103990156,28.1217041015625,188700,0.0,0.0
2024-08-22 00:00:00-04:00,27.979182223548023,27.979182223548023,26.34015962530836,26.482683181762695,510700,0.0,0.0
2024-08-23 00:00:00-04:00,26.749917256582282,27.77430599908625,26.58957782403099,27.68522834777832,320800,0.0,0.0
2024-08-26 00:00:00-04:00,28.00590614942736,28.665078025651827,27.622873452658386,28.362215042114258,351600,0.0,0.0
2024-08-27 00:00:00-04:00,28.00590609248522,28.593814489962142,27.86338253570024,28.335491180419922,191700,0.0,0.0
2024-08-28 00:00:00-04:00,28.317677758273227,28.8165085211856,28.184060433619003,28.192968368530273,242100,0.0,0.0
2024-08-29 00:00:00-04:00,28.513643785576644,28.513643785576644,27.78321185670924,28.086074829101562,331500,0.0,0.0
2024-08-30 00:00:00-04:00,28.175153870671046,28.192969741361118,27.53379781696293,28.04153823852539,265700,0.0,0.0
2024-09-03 00:00:00-04:00,27.72976667433328,27.89901404405556,27.115134440473003,27.257658004760742,170300,0.0,0.0
2024-09-04 00:00:00-04:00,27.034965936141887,27.16858157127961,26.651933202802763,27.132949829101562,181500,0.0,0.0
2024-09-05 00:00:00-04:00,27.257657521825383,27.471442864469264,26.8211789015506,26.838993072509766,210900,0.0,0.0
2024-09-06 00:00:00-04:00,26.83899140665292,27.10622434263217,26.536130130966733,26.75882339477539,206400,0.0,0.0
2024-09-09 00:00:00-04:00,26.63411872276008,26.84790408994901,25.538468078786153,25.556283950805664,352000,0.0,0.0
2024-09-10 00:00:00-04:00,25.73443588026977,26.18873039277797,25.50283465630393,26.16200828552246,401100,0.0,0.0
2024-09-11 00:00:00-04:00,25.912590699925023,26.188729896763277,25.55628178480874,25.93040657043457,310400,0.0,0.0
2024-09-12 00:00:00-04:00,26.170911847095642,26.393605112877314,25.983850319366134,26.197635650634766,263200,0.0,0.0
2024-09-13 00:00:00-04:00,26.856809192086857,27.605058747801994,26.714285628999676,27.444719314575195,351400,0.0,0.0
2024-09-16 00:00:00-04:00,27.524886375434434,28.20187408428644,27.266563079393975,27.774303436279297,588500,0.0,0.0
2024-09-17 00:00:00-04:00,28.10389254719919,28.665080590022765,27.774307429109765,28.460203170776367,519300,0.0,0.0
2024-09-18 00:00:00-04:00,28.273137140177337,30.081407090462868,28.023720068029913,28.629446029663086,440600,0.0,0.0
2024-09-19 00:00:00-04:00,29.37769848246772,29.636023515040606,28.540372933265555,28.878864288330078,402100,0.0,0.0
2024-09-20 00:00:00-04:00,28.469106860412918,28.83432368779384,28.139521771808095,28.362215042114258,3122400,0.0,0.0
2024-09-23 00:00:00-04:00,28.682893610871464,28.682893610871464,27.694134956823227,27.756488800048828,266500,0.0,0.0
2024-09-24 00:00:00-04:00,27.89901401787107,28.21969288672496,27.68522867164011,28.130615234375,213000,0.0,0.0
2024-09-25 00:00:00-04:00,28.032628382655382,28.032628382655382,27.124041126903574,27.1685791015625,427300,0.0,0.0
2024-09-26 00:00:00-04:00,27.471439656294667,28.290950890232672,27.391269949788743,27.970272064208984,357600,0.0,0.0
2024-09-27 00:00:00-04:00,28.424568979447777,28.700709858826336,28.077168020312282,28.30876922607422,297700,0.0,0.0
2024-09-30 00:00:00-04:00,28.25532204547975,28.71852616303071,28.094984315077113,28.406753540039062,219100,0.0,0.0
2024-10-01 00:00:00-04:00,28.406754886076172,28.5136467114096,27.93464620932615,28.442386627197266,212400,0.0,0.0
2024-10-02 00:00:00-04:00,28.24641515351441,28.478016371333467,27.792122352078273,27.8099365234375,181600,0.0,0.0
2024-10-03 00:00:00-04:00,27.578334999297255,27.836660019808225,27.31110374271305,27.47144317626953,216300,0.0,0.0
2024-10-04 00:00:00-04:00,27.827750706106805,27.90792041891336,27.578333633040323,27.622873306274414,151700,0.0,0.0
2024-10-07 00:00:00-04:00,27.364549710382672,27.515981209161783,26.9904249309881,27.498167037963867,152800,0.0,0.0
2024-10-08 00:00:00-04:00,27.622877362176077,27.69413915079927,27.275476355014884,27.328922271728516,162800,0.0,0.0
2024-10-09 00:00:00-04:00,27.45362396549609,27.60505544553804,26.749914169311523,26.749914169311523,200100,0.0,0.0
2024-10-10 00:00:00-04:00,26.518314955685884,26.571760864673706,26.215451973063537,26.40251350402832,212900,0.0,0.0
2024-10-11 00:00:00-04:00,26.313438283626905,26.77663900603207,26.304530348713264,26.447053909301758,233700,0.0,0.0
2024-10-14 00:00:00-04:00,26.447052369986018,26.723191540177048,26.27780501450743,26.70537567138672,190800,0.0,0.0
2024-10-15 00:00:00-04:00,26.562853350835336,27.498166117521627,26.562853350835336,26.981517791748047,262600,0.0,0.0
2024-10-16 00:00:00-04:00,27.275475883688863,28.059355544998393,27.275475883688863,27.916831970214844,244800,0.0,0.0
2024-10-17 00:00:00-04:00,27.872290437559936,28.02372022982772,27.34673418540355,27.64959716796875,188000,0.0,0.0
2024-10-18 00:00:00-04:00,27.72976622881663,28.059353027821075,27.613966471823915,27.73867416381836,221000,0.0,0.0
2024-10-21 00:00:00-04:00,27.73867166734894,27.756487535748974,26.62520537756756,26.634113311767578,161700,0.0,0.0
2024-10-22 00:00:00-04:00,26.50940827740514,26.562854188925975,26.20654528042891,26.491592407226562,197900,0.0,0.0
2024-10-23 00:00:00-04:00,26.277808482224124,26.678657087830146,26.153100782264463,26.366886138916016,160500,0.0,0.0
2024-10-24 00:00:00-04:00,26.455961996000358,26.500499971809216,25.90368192129023,26.126375198364258,215300,0.0,0.0
2024-10-25 00:00:00-04:00,26.438144878500616,26.58957636772576,25.99275834536958,26.144189834594727,171800,0.0,0.0
2024-10-28 00:00:00-04:00,26.25999063704907,26.66974714742329,26.2065447266576,26.527223587036133,225400,0.0,0.0
2024-10-29 00:00:00-04:00,26.12637445291427,26.411421567593546,26.03729680482329,26.268898010253906,155300,0.0,0.0
2024-10-30 00:00:00-04:00,26.179822304496685,26.83008799449498,26.162008132768676,26.188730239868164,263400,0.0,0.0
2024-10-31 00:00:00-04:00,25.832419880845514,26.34906821050183,24.362644606738307,24.64769172668457,334600,0.0,0.0
2024-11-01 00:00:00-04:00,24.99509196073453,25.057445804022315,24.629875136607673,24.89710807800293,247200,0.0,0.0
2024-11-04 00:00:00-05:00,24.86147673261479,25.262325301537857,24.843660863103803,25.07526206970215,217600,0.0,0.0
2024-11-05 00:00:00-05:00,24.97727763971386,25.146523299326045,24.852568254876452,24.923830032348633,224200,0.0,0.0
2024-11-06 00:00:00-05:00,26.06401979784333,26.616298140593834,25.50283182164469,25.618633270263672,435300,0.0,0.0
2024-11-07 00:00:00-05:00,25.707713351925,26.4737770966325,25.4582962611976,25.66317367553711,275600,0.0,0.0
2024-11-08 00:00:00-05:00,25.66317166478606,26.07292816037492,25.565187782439754,25.9036808013916,215500,0.0,0.0
2024-11-11 00:00:00-05:00,26.331253821786788,26.48268532515256,25.885867247065697,26.295623779296875,209500,0.0,0.0
2024-11-12 00:00:00-05:00,26.232431827008035,26.458106571580483,25.645677835472007,25.85329818725586,238900,0.39,0.0
2024-11-13 00:00:00-05:00,26.187299592262868,26.86432387834486,25.997731896843774,26.449081420898438,256100,0.0,0.0
2024-11-14 00:00:00-05:00,26.575456819180612,26.638645468413305,26.196323202022896,26.32270050048828,190200,0.0,0.0
2024-11-15 00:00:00-05:00,26.53032298437838,26.53032298437838,26.042866421066194,26.0699462890625,173600,0.0,0.0
2024-11-18 00:00:00-05:00,26.151185796595083,26.31367186962463,25.78107939547732,26.078969955444336,167900,0.0,0.0
2024-11-19 00:00:00-05:00,25.862326095936734,26.313675597512457,25.555408297124302,26.26854133605957,154900,0.0,0.0
2024-11-20 00:00:00-05:00,26.28659411630157,26.28659411630157,25.889406097194595,26.151187896728516,116100,0.0,0.0
2024-11-21 00:00:00-05:00,26.178268901802518,26.530320932621677,25.988702953441912,26.458105087280273,172200,0.0,0.0
2024-11-22 00:00:00-05:00,26.710862518045726,27.05388736724708,26.6476738659635,27.017780303955078,168000,0.0,0.0
2024-11-25 00:00:00-05:00,27.487184759517444,28.552368114668152,27.324698666868212,28.019777297973633,222400,0.0,0.0
2024-11-26 00:00:00-05:00,27.77604753354836,27.848263381792812,27.505236811310436,27.541345596313477,113800,0.0,0.0
2024-11-27 00:00:00-05:00,27.80312986896805,28.01977915469769,27.64967096260393,27.75799560546875,114700,0.0,0.0
2024-11-29 00:00:00-05:00,27.739938735961914,27.983667869336994,27.559399976313493,27.739938735961914,111300,0.0,0.0
2024-12-02 00:00:00-05:00,27.739937389801028,28.281557085985888,27.56842583472237,28.082963943481445,172200,0.0,0.0
2024-12-03 00:00:00-05:00,28.046859204767774,28.055886401878144,27.48718675801924,27.830211639404297,127000,0.0,0.0
2024-12-04 00:00:00-05:00,27.866316603950775,28.0378281602271,27.550371635489896,28.02880096435547,182400,0.0,0.0
2024-12-05 00:00:00-05:00,27.920479431967784,28.055883933185225,27.405941294284535,27.414968490600586,131300,0.0,0.0
2024-12-06 00:00:00-05:00,27.68577731850913,27.703831711027416,27.144157595292008,27.216373443603516,132800,0.0,0.0
2024-12-09 00:00:00-05:00,27.478158159805048,27.866319006949738,27.351779128465704,27.712860107421875,149000,0.0,0.0
2024-12-10 00:00:00-05:00,27.640641601687708,27.748964507563084,27.080967515459793,27.49620819091797,125000,0.0,0.0
2024-12-11 00:00:00-05:00,27.776048596429405,27.81215566105249,27.442049209416933,27.514265060424805,171900,0.0,0.0
2024-12-12 00:00:00-05:00,27.30664427267481,27.35177853318117,26.85529478056448,27.03583526611328,109300,0.0,0.0
2024-12-13 00:00:00-05:00,27.108052714736722,27.22540283203125,26.47616269981051,27.22540283203125,195100,0.0,0.0
2024-12-16 00:00:00-05:00,27.19832014586031,27.369833438164434,26.665729319226354,26.79210662841797,276900,0.0,0.0
2024-12-17 00:00:00-05:00,26.72891662870781,27.189293302717026,26.72891662870781,27.008752822875977,190400,0.0,0.0
2024-12-18 00:00:00-05:00,27.108050729403725,27.523291429778048,25.862325184757463,25.907461166381836,196200,0.0,0.0
2024-12-19 00:00:00-05:00,25.988707250586,26.160218835529715,25.50124892261076,25.555410385131836,180300,0.0,0.0
2024-12-20 00:00:00-05:00,25.212384096427737,25.943569826112682,25.16724811202635,25.438058853149414,810600,0.0,0.0
2024-12-23 00:00:00-05:00,25.438057032602725,25.636650184470685,25.311679728846897,25.573461532592773,151000,0.0,0.0
2024-12-24 00:00:00-05:00,25.636650271028806,25.754002100708263,25.293625421778405,25.708866119384766,63100,0.0,0.0
2024-12-26 00:00:00-05:00,25.61859731494789,25.889408052788475,25.573463052855328,25.62762451171875,119400,0.0,0.0
2024-12-27 00:00:00-05:00,25.420005263225477,25.808166132543146,25.05892598540502,25.203357696533203,153400,0.0,0.0
2024-12-30 00:00:00-05:00,25.158223849664026,25.158223849664026,24.670765525201553,25.022817611694336,185000,0.0,0.0
2024-12-31 00:00:00-05:00,25.158222739567524,25.51027481052615,25.140168345733297,25.37487030029297,196200,0.0,0.0
2025-01-02 00:00:00-05:00,25.555409595805173,25.763031685619893,24.869358111934737,25.131141662597656,183000,0.0,0.0
2025-01-03 00:00:00-05:00,25.1762735317001,25.257516576125855,24.84227587951567,25.248489379882812,171000,0.0,0.0
2025-01-06 00:00:00-05:00,25.27557285596648,25.64567932075933,25.230438593142672,25.37487030029297,200100,0.0,0.0
2025-01-07 00:00:00-05:00,25.284601168556442,25.51027593615681,24.79714284409397,25.022817611694336,260500,0.0,0.0
2025-01-08 00:00:00-05:00,24.85130090761367,24.95962380955632,24.282599646249576,24.842273712158203,193100,0.0,0.0
2025-01-10 00:00:00-05:00,24.46314484926048,25.176276210729483,24.46314484926048,25.140169143676758,256900,0.0,0.0
2025-01-13 00:00:00-05:00,24.7158964684954,25.456111053028543,24.7158964684954,25.42902946472168,269200,0.0,0.0
2025-01-14 00:00:00-05:00,25.57346220248629,25.80816414543912,25.04086966304749,25.52832794189453,220600,0.0,0.0
2025-01-15 00:00:00-05:00,26.169241912599293,26.30464640846366,25.79913548708129,26.006755828857422,170300,0.0,0.0
2025-01-16 00:00:00-05:00,25.86232451792052,26.08799925493861,25.735947216154106,25.952594757080078,154800,0.0,0.0
2025-01-17 00:00:00-05:00,26.169244037596542,26.169244037596542,25.76303051701806,25.880380630493164,136900,0.0,0.0
2025-01-21 00:00:00-05:00,25.96162393978376,26.340757595856328,25.96162393978376,26.088001251220703,178900,0.0,0.0
2025-01-22 00:00:00-05:00,25.907459848158638,25.943566909859285,25.46513585955437,25.474163055419922,184000,0.0,0.0
2025-01-23 00:00:00-05:00,25.41097373533045,26.078970715893675,25.41097373533045,25.97064781188965,247300,0.0,0.0
2025-01-24 00:00:00-05:00,25.781080147240324,25.988702203144157,25.501243969841482,25.97064781188965,195200,0.0,0.0
2025-01-27 00:00:00-05:00,25.95259617696788,26.629620425062694,25.844271539697562,26.0699462890625,187700,0.0,0.0
2025-01-28 00:00:00-05:00,25.961622891520047,26.241459093443527,25.916486909428087,26.115081787109375,139500,0.0,0.0
2025-01-29 00:00:00-05:00,26.57545850613614,26.57545850613614,25.58248928180938,25.790109634399414,267700,0.0,0.0
2025-01-30 00:00:00-05:00,25.555406522482407,29.43701299954061,25.555406522482407,28.633609771728516,1268400,0.0,0.0
2025-01-31 00:00:00-05:00,28.34474911600081,28.796098629700698,27.56842912323499,28.001724243164062,658300,0.0,0.0
2025-02-03 00:00:00-05:00,27.487185028197057,27.631616729350007,26.76502480067062,27.24345588684082,315000,0.0,0.0
2025-02-04 00:00:00-05:00,27.189292698329684,27.812153724236403,26.97264343863165,27.640642166137695,233200,0.0,0.0
2025-02-05 00:00:00-05:00,27.613560578235045,27.73993787825758,27.29761560641712,27.640642166137695,212800,0.0,0.0
2025-02-06 00:00:00-05:00,27.911451958209152,28.028802065628017,27.270534800233644,27.27956199645996,234900,0.0,0.0
2025-02-07 00:00:00-05:00,27.279563024623563,27.297617417756666,26.512270255845326,26.5935115814209,221900,0.0,0.0
2025-02-10 00:00:00-05:00,26.719891649345207,26.87335055341327,26.394919447374775,26.69281005859375,341600,0.0,0.0
2025-02-11 00:00:00-05:00,26.50070779388699,27.003828952318365,26.281164681848654,26.88490867614746,282300,0.39,0.0
2025-02-12 00:00:00-05:00,26.262868705537272,26.720250620253896,26.262868705537272,26.427526473999023,315000,0.0,0.0
2025-02-13 00:00:00-05:00,26.65621699994392,27.415470896294547,26.592183812083693,27.388029098510742,236000,0.0,0.0
2025-02-14 00:00:00-05:00,27.525244876691705,27.827116882781326,26.848319824999024,27.012977600097656,163800,0.0,0.0
2025-02-18 00:00:00-05:00,26.839169930932403,27.040417338059253,26.619626829128528,26.784284591674805,147000,0.0,0.0
2025-02-19 00:00:00-05:00,26.427526932045605,27.003829131650306,26.272017008555686,26.720251083374023,220800,0.0,0.0
2025-02-20 00:00:00-05:00,26.62877481356491,26.683660153105087,26.162245065539704,26.4641170501709,183000,0.0,0.0
2025-02-21 00:00:00-05:00,26.692809556207763,26.90320482401865,26.00673666526249,26.089065551757812,290400,0.0,0.0
2025-02-24 00:00:00-05:00,26.28116340711337,26.47326471131275,25.90611039080934,26.07991600036621,229900,0.0,0.0
2025-02-25 00:00:00-05:00,26.116506632409838,27.01297651128231,26.116506632409838,26.427526473999023,260100,0.0,0.0
2025-02-26 00:00:00-05:00,26.363491949893817,26.692807470138764,26.226277731382904,26.409231185913086,279500,0.0,0.0
2025-02-27 00:00:00-05:00,26.28116131314584,26.39093372748123,25.75974627079276,25.85122299194336,289200,0.0,0.0
2025-02-28 00:00:00-05:00,25.9152603361678,26.162246999516675,25.649979721468856,26.070770263671875,259100,0.0,0.0
2025-03-03 00:00:00-05:00,26.253720633301782,26.36349130752648,25.421285750541944,25.49446678161621,238400,0.0,0.0
2025-03-04 00:00:00-05:00,25.156005045262475,25.521910224238862,24.826689511796967,25.192596435546875,267100,0.0,0.0
2025-03-05 00:00:00-05:00,25.25663107645841,25.439582804082693,24.835838787852687,25.284072875976562,183800,0.0,0.0
2025-03-06 00:00:00-05:00,25.174300002711224,25.60423835731312,25.146856460802116,25.375547409057617,199200,0.0,0.0
2025-03-07 00:00:00-05:00,25.265777368869287,25.63168254636164,24.899870446603423,25.50361442565918,277700,0.0,0.0
2025-03-10 00:00:00-04:00,25.293218528103758,25.997587067476335,25.15600430810515,25.375547409057617,190100,0.0,0.0
2025-03-11 00:00:00-04:00,25.43043504853267,25.814635946147558,25.174302279971826,25.201744079589844,212500,0.0,0.0
2025-03-12 00:00:00-04:00,25.22004114367194,25.329813582418453,24.771807029606645,24.835840225219727,174100,0.0,0.0
2025-03-13 00:00:00-04:00,24.780952015163084,25.210890382302022,24.05828776011147,24.094879150390625,237900,0.0,0.0
2025-03-14 00:00:00-04:00,24.241239347539516,24.899868618675,23.90277599272264,24.643735885620117,330000,0.0,0.0
2025-03-17 00:00:00-04:00,24.50652328114338,24.927313795801407,24.24124093903623,24.735214233398438,454900,0.0,0.0
2025-03-18 00:00:00-04:00,24.625442708637205,24.89987116346381,24.268685368407912,24.616294860839844,350200,0.0,0.0
2025-03-19 00:00:00-04:00,24.39675087350295,25.30236683569649,24.360159483625146,25.119413375854492,371100,0.0,0.0
2025-03-20 00:00:00-04:00,24.93646242885073,25.448729689503704,24.93646242885073,25.09197235107422,190400,0.0,0.0
2025-03-21 00:00:00-04:00,24.817540903405522,25.238333154908467,24.753507717144384,25.22003746032715,1015100,0.0,0.0
2025-03-24 00:00:00-04:00,25.54020490588538,26.07991567774862,25.54020490588538,26.01588249206543,415700,0.0,0.0
2025-03-25 00:00:00-04:00,25.92440930452586,26.217133476060095,25.384698458969478,25.40299415588379,307900,0.0,0.0
2025-03-26 00:00:00-04:00,25.457876170589053,25.68656711777177,25.1925955791393,25.302366256713867,193700,0.0,0.0
2025-03-27 00:00:00-04:00,25.4761726278307,25.75974892229058,25.2108902836653,25.50361442565918,247700,0.0,0.0
2025-03-28 00:00:00-04:00,25.549353973437473,25.549353973437473,24.991347480505322,25.183448791503906,199100,0.0,0.0
2025-03-31 00:00:00-04:00,24.991347508428937,25.585943647832035,24.698623362555015,25.338958740234375,192200,0.0,0.0
2025-04-01 00:00:00-04:00,25.375548049730234,25.61338685129364,25.19259633337082,25.50361442565918,179000,0.0,0.0
2025-04-02 00:00:00-04:00,25.210890673147524,25.686568283623064,25.210890673147524,25.649978637695312,174900,0.0,0.0
2025-04-03 00:00:00-04:00,23.939369760541705,24.14976502497804,23.189263690969685,23.600906372070312,391800,0.0,0.0
2025-04-04 00:00:00-04:00,22.896538598434464,24.424194217982805,22.713585140075082,24.35101318359375,370700,0.0,0.0
2025-04-07 00:00:00-04:00,23.73811981902112,25.57679340629626,23.2715901009097,24.021696090698242,723300,0.0,0.0
2025-04-08 00:00:00-04:00,25.10112101129813,25.10112101129813,22.78676779853726,23.106935501098633,314400,0.0,0.0
2025-04-09 00:00:00-04:00,22.48489357866785,25.704862493856723,22.457450037227453,24.84498405456543,537600,0.0,0.0
2025-04-10 00:00:00-04:00,24.469933513738514,24.652886985582455,23.655794228057573,24.277833938598633,274100,0.0,0.0
2025-04-11 00:00:00-04:00,24.177208522180035,24.6345904412685,23.600906327055377,24.543113708496094,200200,0.0,0.0
2025-04-14 00:00:00-04:00,24.954758381104185,25.05538121785568,24.030846686008644,24.14061737060547,194100,0.0,0.0
2025-04-15 00:00:00-04:00,24.085732093341754,24.396751941828505,23.774712244855,23.90277862548828,240100,0.0,0.0
2025-04-16 00:00:00-04:00,23.78385893182005,24.07658307027869,23.573463675399587,23.719825744628906,163200,0.0,0.0
2025-04-17 00:00:00-04:00,23.68323289977614,24.277830732356815,23.674085052914688,24.25038719177246,187900,0.0,0.0
2025-04-21 00:00:00-04:00,23.91192508328697,24.19550311645197,23.719825523504365,24.12232208251953,249100,0.0,0.0
2025-04-22 00:00:00-04:00,24.543111796065503,24.945608342036902,24.424193274069147,24.936460494995117,274100,0.0,0.0
2025-04-23 00:00:00-04:00,25.613386204616155,25.915258186522475,25.009642240803508,25.375547409057617,388900,0.0,0.0
2025-04-24 00:00:00-04:00,25.44873015563279,26.125655198659295,25.247482735740668,26.089065551757812,409700,0.0,0.0
2025-04-25 00:00:00-04:00,26.06162039066349,26.079916085365628,25.47617211838296,25.997587203979492,298100,0.0,0.0
2025-04-28 00:00:00-04:00,25.869520863559593,26.34519671300662,25.741452745255003,26.15309715270996,429700,0.0,0.0
2025-04-29 00:00:00-04:00,25.942701329455478,26.381787524607645,25.832928908280714,26.336050033569336,210700,0.0,0.0
2025-04-30 00:00:00-04:00,26.079917794201204,26.262869518889687,25.485321635609854,26.006736755371094,278500,0.0,0.0
2025-05-01 00:00:00-04:00,26.04332618187255,26.711105118413062,25.832930915114243,26.564743041992188,221800,0.0,0.0
2025-05-02 00:00:00-04:00,26.58303547285325,26.96723633768148,26.519002286177457,26.939794540405273,225300,0.0,0.0
2025-05-05 00:00:00-04:00,26.70195510647131,26.884906814783232,26.33604994507403,26.64706802368164,297900,0.0,0.0
2025-05-06 00:00:00-04:00,24.80839543277334,25.119413524710207,23.05204883802148,23.47283935546875,1795700,0.0,0.0
2025-05-07 00:00:00-04:00,23.811301922926607,24.030845021688787,23.006308816025154,23.11608123779297,810100,0.0,0.0
2025-05-08 00:00:00-04:00,23.271593203669422,24.067436788788246,22.686143143886696,24.049142837524414,632100,0.0,0.0
2025-05-09 00:00:00-04:00,24.049139792447008,24.2320914953354,23.802153161535628,23.857038497924805,414200,0.0,0.0
2025-05-12 00:00:00-04:00,24.954757355724894,25.35725217573969,24.771803895882893,25.119413375854492,386200,0.0,0.0
2025-05-13 00:00:00-04:00,25.128560816619036,25.38469530729761,24.92731340986882,25.13770866394043,285900,0.0,0.0
2025-05-14 00:00:00-04:00,25.00964379934577,25.128562332149027,24.579705417951125,24.607147216796875,299000,0.0,0.0
2025-05-15 00:00:00-04:00,24.699969170087904,25.65603596867205,24.310116156260484,25.563215255737305,947600,0.39,0.0
2025-05-16 00:00:00-04:00,25.544649018049622,25.84167953237367,25.340439211620698,25.600341796875,362800,0.0,0.0
2025-05-19 00:00:00-04:00,25.2197724335472,25.48895568609355,24.746379364819195,25.136232376098633,353200,0.0,0.0
2025-05-20 00:00:00-04:00,25.043409056859264,25.349722000459042,25.00628112725645,25.26618194580078,277500,0.0,0.0
2025-05-21 00:00:00-04:00,24.86704901815732,25.089821913595443,24.133753354870446,24.198728561401367,356700,0.0,0.0
2025-05-22 00:00:00-04:00,24.031648541211553,24.24514078264455,23.83672292085635,24.115188598632812,220400,0.0,0.0
2025-05-23 00:00:00-04:00,23.818157977056043,24.34724382502678,23.818157977056043,24.198728561401367,258200,0.0,0.0
2025-05-27 00:00:00-04:00,24.47719670334888,24.811355170770806,24.15231889103059,24.69068717956543,246200,0.0,0.0
2025-05-28 00:00:00-04:00,24.60714686393262,24.69068692252884,24.328679411798014,24.347244262695312,202500,0.0,0.0
2025-05-29 00:00:00-04:00,24.41221926566853,24.5792993814598,24.15231843705243,24.48647689819336,233900,0.0,0.0
2025-05-30 00:00:00-04:00,24.291550935091884,24.4864765538125,24.217293303611424,24.25442123413086,167000,0.0,0.0
2025-06-02 00:00:00-04:00,24.291550790502644,24.300833215687646,23.613949685971477,23.883132934570312,227200,0.0,0.0
2025-06-03 00:00:00-04:00,24.022364936216498,24.681402937904803,23.83672175029585,24.607145309448242,286900,0.0,0.0
2025-06-04 00:00:00-04:00,24.495758178319146,24.68140313617261,24.384372619960292,24.467912673950195,216700,0.0,0.0
2025-06-05 00:00:00-04:00,24.393656707954058,24.523607125046038,24.124471677758788,24.152318954467773,227000,0.0,0.0
2025-06-06 00:00:00-04:00,24.458630432640764,24.5050407872318,24.21729269379599,24.300832748413086,173000,0.0,0.0
2025-06-09 00:00:00-04:00,24.597865208585475,24.894895750475083,24.384374727907527,24.727815628051758,233200,0.0,0.0
2025-06-10 00:00:00-04:00,24.959869821887956,25.321877327442667,24.71853207499868,25.10838508605957,189200,0.0,0.0
2025-06-11 00:00:00-04:00,25.256898749048617,25.256898749048617,24.904175461612628,24.94130516052246,211600,0.0,0.0
2025-06-12 00:00:00-04:00,24.76494597178597,24.820638757220866,24.440068144272573,24.737098693847656,244700,0.0,0.0
2025-06-13 00:00:00-04:00,24.46791276548407,24.93202339141242,24.319397506822316,24.38437271118164,234100,0.0,0.0
2025-06-16 00:00:00-04:00,24.644274258372963,25.284747436843094,24.523606271052707,25.27546501159668,265300,0.0,0.0
2025-06-17 00:00:00-04:00,25.108384216584682,25.256899475613384,24.783508193985366,24.839200973510742,298900,0.0,0.0
2025-06-18 00:00:00-04:00,24.839202905727262,25.56321617764359,24.737097993286817,25.294031143188477,299000,0.0,0.0
2025-06-20 00:00:00-04:00,25.3590042422273,25.461109146169935,25.21048898400612,25.43326187133789,433200,0.0,0.0
2025-06-23 00:00:00-04:00,25.173363477636038,25.535369233088435,24.829920803416858,25.526086807250977,259500,0.0,0.0
2025-06-24 00:00:00-04:00,25.758140985632696,25.92522110232368,25.47039287935469,25.878808975219727,257300,0.0,0.0
2025-06-25 00:00:00-04:00,25.850962792750114,25.850962792750114,25.38685215650843,25.44254493713379,208700,0.0,0.0
2025-06-26 00:00:00-04:00,25.47967720574401,25.971633396658035,25.461112353517358,25.934505462646484,202200,0.0,0.0
2025-06-27 00:00:00-04:00,26.045887832429962,26.389330474625122,25.73957489012251,25.915937423706055,341000,0.0,0.0
2025-06-30 00:00:00-04:00,26.15727655110788,26.240816609851276,25.80455146520428,25.850963592529297,192000,0.0,0.0
2025-07-01 00:00:00-04:00,25.962349276563376,27.772381530401404,25.85096371135461,27.243295669555664,332000,0.0,0.0
2025-07-02 00:00:00-04:00,27.30827103971609,28.069412231445312,27.113343643781583,28.069412231445312,213600,0.0,0.0
2025-07-03 00:00:00-04:00,28.06941295782449,28.07869538362745,27.809510346666613,27.967308044433594,99800,0.0,0.0
2025-07-07 00:00:00-04:00,27.688842022221827,27.939462204590807,27.271141718273526,27.336118698120117,212400,0.0,0.0
2025-07-08 00:00:00-04:00,27.503193735059696,27.698121110226932,27.16903530260959,27.37324333190918,180200,0.0,0.0
2025-07-09 00:00:00-04:00,27.382527006826773,27.995152893140794,27.21544689775176,27.930177688598633,192000,0.0,0.0
2025-07-10 00:00:00-04:00,27.930178657390957,28.70988467982505,27.874485875914697,28.14366912841797,254000,0.0,0.0
2025-07-11 00:00:00-04:00,27.865204036775577,28.06012966126381,27.586736582653135,27.670276641845703,227500,0.0,0.0
2025-07-14 00:00:00-04:00,27.67027482543712,27.688839675248257,27.289704256516387,27.586734771728516,146300,0.0,0.0
2025-07-15 00:00:00-04:00,27.58673627305997,27.642430825524404,26.41717722793107,26.472871780395508,197000,0.0,0.0
2025-07-16 00:00:00-04:00,26.639954651102045,26.807033014444052,26.27794710442319,26.74205780029297,185200,0.0,0.0
2025-07-17 00:00:00-04:00,26.797750691993624,27.280424440145488,26.797750691993624,27.085498809814453,206800,0.0,0.0
2025-07-18 00:00:00-04:00,27.2618596130703,27.28042269302607,26.78846655058739,26.89056968688965,185100,0.0,0.0
2025-07-21 00:00:00-04:00,27.029804215211676,27.298987463418012,27.001956939697266,27.001956939697266,204200,0.0,0.0
2025-07-22 00:00:00-04:00,27.1597544028212,27.939460406380974,27.1597544028212,27.70740509033203,201100,0.0,0.0
2025-07-23 00:00:00-04:00,27.98587057538495,28.152950685100215,27.846637740769413,27.87448501586914,212200,0.0,0.0
2025-07-24 00:00:00-04:00,27.87448871820227,27.939463931623525,27.410378027545537,27.475353240966797,187700,0.0,0.0
2025-07-25 00:00:00-04:00,27.80950886833991,27.80950886833991,27.289705444098104,27.71668815612793,148800,0.0,0.0
2025-07-28 00:00:00-04:00,27.73525185000845,27.902331968393586,27.466068591842557,27.670276641845703,285300,0.0,0.0
2025-07-29 00:00:00-04:00,27.79094385588842,27.79094385588842,27.057648241396144,27.122623443603516,196300,0.0,0.0
2025-07-30 00:00:00-04:00,27.391810497982227,27.531043337483517,26.872007070971335,27.09477996826172,426200,0.0,0.0
2025-07-31 00:00:00-04:00,28.320029779880155,28.77485796755957,26.862722740277615,27.633146286010742,624200,0.0,0.0
2025-08-01 00:00:00-04:00,27.178318752529815,27.345397089837444,26.194402955882918,26.509998321533203,426000,0.0,0.0
2025-08-04 00:00:00-04:00,26.57497601384145,27.23401408162144,26.57497601384145,27.085498809814453,264900,0.0,0.0
2025-08-05 00:00:00-04:00,27.03908627773536,27.50319693782341,26.946265562071083,27.39181137084961,259600,0.0,0.0
2025-08-06 00:00:00-04:00,27.391809996145597,27.753815726305074,27.373245145767783,27.456785202026367,242700,0.0,0.0
2025-08-07 00:00:00-04:00,27.62386753595216,27.930180510052324,27.150474435898865,27.206167221069336,314700,0.0,0.0
2025-08-08 00:00:00-04:00,27.49391787529795,27.568175514396017,27.08549997503767,27.159757614135742,197500,0.0,0.0
2025-08-11 00:00:00-04:00,27.28042338199146,27.46606834977024,27.01124012619802,27.35468101501465,251400,0.0,0.0
2025-08-12 00:00:00-04:00,27.596018335100386,28.301466723053036,27.48463277252142,28.227209091186523,301400,0.0,0.0
2025-08-13 00:00:00-04:00,28.293581253117626,29.080567518579226,28.293581253117626,28.900413513183594,401800,0.64,0.0
2025-08-14 00:00:00-04:00,28.303062313409942,28.435806413859563,28.103944354232777,28.20824432373047,215200,0.0,0.0
2025-08-15 00:00:00-04:00,28.350470688953028,28.378916628693602,28.018608625990645,28.331506729125977,450900,0.0,0.0
2025-08-18 00:00:00-04:00,28.350472025603242,28.540108015809082,28.17979999611855,28.246173858642578,199900,0.0,0.0
2025-08-19 00:00:00-04:00,28.435806948130125,28.871968985449502,28.369434896658273,28.521142959594727,231500,0.0,0.0
2025-08-20 00:00:00-04:00,28.34099067690502,28.50218072962173,27.59193229675293,27.59193229675293,239700,0.0,0.0
2025-08-21 00:00:00-04:00,27.59193330962282,27.59193330962282,27.184217172578276,27.31696128845215,235500,0.0,0.0
2025-08-22 00:00:00-04:00,27.392811729603466,28.540105951197333,27.335921660058315,28.47373390197754,304700,0.0,0.0
2025-08-25 00:00:00-04:00,29.602063627156735,29.782217631707322,28.36943515255391,28.549589157104492,404500,0.0,0.0
2025-08-26 00:00:00-04:00,28.445288938130354,28.815077115605163,28.217726843645643,28.359952926635742,421900,0.0,0.0
2025-08-27 00:00:00-04:00,28.397881812433567,28.57803401304663,28.113427828276457,28.40736198425293,278400,0.0,0.0
2025-08-28 00:00:00-04:00,28.502180148908046,28.502180148908046,27.952237946462148,28.01861000061035,414000,0.0,0.0
2025-08-29 00:00:00-04:00,28.094464429531737,28.160838293114544,27.73415821259653,27.980684280395508,337900,0.0,0.0
2025-09-02 00:00:00-04:00,27.648822784423828,28.047056931874497,27.639340803710372,27.648822784423828,309800,0.0,0.0
2025-09-03 00:00:00-04:00,27.525559156985782,27.791047368529828,27.25058715674053,27.449705123901367,287800,0.0,0.0
2025-09-04 00:00:00-04:00,27.70571128668979,28.70129750302482,27.59193114159612,28.6728515625,327600,0.0,0.0
2025-09-05 00:00:00-04:00,28.862487671383036,29.203829916614296,28.5685517102219,28.767669677734375,253900,0.0,0.0
2025-09-08 00:00:00-04:00,28.77715140167806,28.77715140167806,28.255653345505955,28.3220272064209,233400,0.0,0.0
2025-09-09 00:00:00-04:00,28.094463892737387,28.236691789194452,27.686749589535996,27.828975677490234,200700,0.0,0.0
2025-09-10 00:00:00-04:00,27.828974612363144,27.895346663634605,27.601412518645517,27.781564712524414,250700,0.0,0.0
2025-09-11 00:00:00-04:00,27.98068224053024,28.17031641143341,27.781564281303766,28.047054290771484,289600,0.0,0.0
2025-09-12 00:00:00-04:00,27.81001036805603,27.914310338131955,27.56348431692377,27.658302307128906,264300,0.0,0.0
2025-09-15 00:00:00-04:00,27.734156867205087,28.03757299485338,27.60141276348465,27.971200942993164,250800,0.0,0.0
2025-09-16 00:00:00-04:00,27.762602570627713,27.81949264195097,27.079914480737585,27.62037467956543,293700,0.0,0.0
2025-09-17 00:00:00-04:00,27.75312055584969,28.54958878738743,27.516076482380193,27.686748504638672,244900,0.0,0.0
2025-09-18 00:00:00-04:00,27.895348517940526,28.293582660544143,27.77208638717166,28.26513671875,260900,0.0,0.0
2025-09-19 00:00:00-04:00,28.27461916232309,28.27461916232309,27.70571297664497,27.743640899658203,473600,0.0,0.0
2025-09-22 00:00:00-04:00,27.82897570917037,27.84793966985328,27.44022355768492,27.506595611572266,257700,0.0,0.0
2025-09-23 00:00:00-04:00,27.525558764368824,27.772084820502492,27.32644080004815,27.48763084411621,199400,0.0,0.0
2025-09-24 00:00:00-04:00,27.4497038984725,27.69622813861423,27.146285971177434,27.373849868774414,165200,0.0,0.0
2025-09-25 00:00:00-04:00,27.26006932253426,27.373851277186947,27.023025241468744,27.15576934814453,159800,0.0,0.0
2025-09-26 00:00:00-04:00,27.544520771563505,27.724674774813238,27.44022260842125,27.715192794799805,193400,0.0,0.0
2025-09-29 00:00:00-04:00,27.83845777788346,28.075501861663795,27.38333176256306,27.92379379272461,612800,0.0,0.0
2025-09-30 00:00:00-04:00,27.933273315429688,28.04705526874123,27.62037520445145,27.933273315429688,271100,0.0,0.0
2025-10-01 00:00:00-04:00,27.78156416084732,27.885864129918613,26.975615773123522,27.051469802856445,392100,0.0,0.0
2025-10-02 00:00:00-04:00,26.97561901784748,27.335925250292114,26.956655056007516,27.31696128845215,296900,0.0,0.0
2025-10-03 00:00:00-04:00,27.364368854237004,27.781565128041095,27.35488687412744,27.4212589263916,197900,0.0,0.0
2025-10-06 00:00:00-04:00,27.48762976885744,27.506593728241914,26.634271490085748,26.70064353942871,244100,0.0,0.0
2025-10-07 00:00:00-04:00,26.643755124475373,26.643755124475373,26.11277688825282,26.255002975463867,272400,0.0,0.0
2025-10-08 00:00:00-04:00,26.23603805683502,26.65323613145496,26.131738086054348,26.62479019165039,228700,0.0,0.0
2025-10-09 00:00:00-04:00,26.653236582505766,26.653236582505766,26.122256548184563,26.198110580444336,192500,0.0,0.0
2025-10-10 00:00:00-04:00,26.3118900516767,26.406708035185066,25.47749577550882,25.562829971313477,226600,0.0,0.0
2025-10-13 00:00:00-04:00,25.809358037757928,26.074848050790607,25.676613935492966,25.980030059814453,172400,0.0,0.0
2025-10-14 00:00:00-04:00,25.591278547840634,26.672198969191673,25.591278547840634,26.54893684387207,228800,0.0,0.0
2025-10-15 00:00:00-04:00,26.76701627366774,26.91872433561994,26.40671007865694,26.62479019165039,191000,0.0,0.0
2025-10-16 00:00:00-04:00,26.32137505900156,26.548937160499793,25.90417696867006,25.9326229095459,226600,0.0,0.0
2025-10-17 00:00:00-04:00,25.828321839587854,26.18862984139165,25.828321839587854,25.95158576965332,173700,0.0,0.0
2025-10-20 00:00:00-04:00,26.046402503593182,26.198110568040903,25.828322387012427,25.94210433959961,149300,0.0,0.0
2025-10-21 00:00:00-04:00,25.90417711026766,26.245521168632276,25.90417711026766,26.122257232666016,161300,0.0,0.0
2025-10-22 00:00:00-04:00,26.141219416383144,26.264483343970436,25.875731218815513,26.055883407592773,153300,0.0,0.0
2025-10-23 00:00:00-04:00,26.27396283014599,26.27396283014599,25.8852107151267,26.131736755371094,141800,0.0,0.0
2025-10-24 00:00:00-04:00,26.368781631458305,26.406709550439054,26.10329343260393,26.15070152282715,129100,0.0,0.0
2025-10-27 00:00:00-04:00,26.21707450510523,26.37826454950165,25.970548448469362,26.264484405517578,165300,0.0,0.0
2025-10-28 00:00:00-04:00,26.065365620086148,26.748051888003584,26.065365620086148,26.729089736938477,208100,0.0,0.0
2025-10-29 00:00:00-04:00,26.520490669029762,26.52997264912485,25.581796341649316,25.780914306640625,260800,0.0,0.0
2025-10-30 00:00:00-04:00,24.08367576132198,24.9180718523614,23.154463494553085,23.23979949951172,885200,0.0,0.0
2025-10-31 00:00:00-04:00,23.277725603399816,23.40098952542744,22.822601449380798,22.91741943359375,465000,0.0,0.0
2025-11-03 00:00:00-05:00,22.92690265145737,22.92690265145737,22.443332533499518,22.670894622802734,494700,0.0,0.0
2025-11-04 00:00:00-05:00,22.52866828618999,22.77519433225005,22.376960228384217,22.64244842529297,439200,0.0,0.0
2025-11-05 00:00:00-05:00,22.595041541929795,22.926903614288957,22.329551522341905,22.879493713378906,436700,0.0,0.0
2025-11-06 00:00:00-05:00,22.832084377719834,22.907938406542716,22.34851426578545,22.386442184448242,296500,0.0,0.0
2025-11-07 00:00:00-05:00,22.329550722513403,22.65193080314313,22.092506651962296,22.44333267211914,271400,0.0,0.0
2025-11-10 00:00:00-05:00,22.58555777805707,22.69933972275248,22.1399155957139,22.23473358154297,257500,0.0,0.0
2025-11-11 00:00:00-05:00,22.36747809760432,22.52866813399687,22.196806081600126,22.291624069213867,337000,0.0,0.0
2025-11-12 00:00:00-05:00,22.38804032882547,22.416966108428134,22.012014389038086,22.012014389038086,258600,0.39,0.0
2025-11-13 00:00:00-05:00,22.01201490232192,22.29162526130604,21.828821971918856,21.867389678955078,303600,0.0,0.0
2025-11-14 00:00:00-05:00,21.78061361910562,21.944522691791157,21.587778766884004,21.693838119506836,301600,0.0,0.0
2025-11-17 00:00:00-05:00,21.770972333432614,21.934881410942896,20.98035272626872,21.096052169799805,344400,0.0,0.0
2025-11-18 00:00:00-05:00,20.893576557244558,21.42386964102363,20.893576557244558,21.18282699584961,362700,0.0,0.0
2025-11-19 00:00:00-05:00,21.21175465580203,21.72276577091708,21.21175465580203,21.568498611450195,312500,0.0,0.0
2025-11-20 00:00:00-05:00,21.722764933349502,22.021657313415954,21.38530484539859,21.40458869934082,299000,0.0,0.0
2025-11-21 00:00:00-05:00,21.578137162898397,22.397682538575765,21.578137162898397,22.195207595825195,320200,0.0,0.0
2025-11-24 00:00:00-05:00,22.137357636124282,22.291626634764675,21.828823316862696,21.886674880981445,427600,0.0,0.0
2025-11-25 00:00:00-05:00,22.07950705921472,22.87012668157379,22.07950705921472,22.74478530883789,365700,0.0,0.0
2025-11-26 00:00:00-05:00,22.59051803782389,23.23651243012948,22.59051803782389,22.81227684020996,447900,0.0,0.0
2025-11-28 00:00:00-05:00,22.619440641708586,22.97618456101937,22.416965705160685,22.792991638183594,283500,0.0,0.0
2025-12-01 00:00:00-05:00,22.436250649581172,23.27507805468,22.436250649581172,23.140094757080078,282800,0.0,0.0
2025-12-02 00:00:00-05:00,23.14009503668764,23.188302832410262,22.783351095707847,23.13045310974121,212700,0.0,0.0
2025-12-03 00:00:00-05:00,23.236511949420198,23.631821750368463,23.08224479973353,23.467912673950195,191600,0.0,0.0
2025-12-04 00:00:00-05:00,23.47755551873481,23.525763315268428,23.197945149613076,23.24615478515625,171100,0.0,0.0
2025-12-05 00:00:00-05:00,23.18830418278967,23.506480434512852,23.034037020682042,23.149738311767578,238000,0.0,0.0
2025-12-08 00:00:00-05:00,23.130453519154237,23.130453519154237,22.792993426094203,22.860485076904297,276100,0.0,0.0
2025-12-09 00:00:00-05:00,22.735142590538096,23.217227888759012,22.735142590538096,23.091886520385742,149900,0.0,0.0
2025-12-10 00:00:00-05:00,22.98582795385009,23.853581152577394,22.98582795385009,23.76680564880371,226900,0.0,0.0
2025-12-11 00:00:00-05:00,23.90179026481779,24.31638208165934,23.622179905658907,24.297100067138672,367600,0.0,0.0
2025-12-12 00:00:00-05:00,24.268173447050398,24.354948945923798,24.056056582587324,24.133190155029297,262700,0.0,0.0
2025-12-15 00:00:00-05:00,24.152473687471073,24.258533045875815,23.58361286531581,24.01749038696289,399000,0.0,0.0
2025-12-16 00:00:00-05:00,24.065698360285072,24.123549922936878,23.22687093093898,23.24615478515625,381600,0.0,0.0
2025-12-17 00:00:00-05:00,23.159379170654475,23.516121276938943,22.976186234475954,23.120811462402344,292500,0.0,0.0
2025-12-18 00:00:00-05:00,23.371495929012337,23.5836128062813,23.07260354763117,23.188302993774414,288900,0.0,0.0
2025-12-19 00:00:00-05:00,22.96654411237577,23.130453193036274,22.60980200912084,22.74478530883789,537600,0.0,0.0
2025-12-22 00:00:00-05:00,22.619442505309255,22.783351588927854,22.359117828158183,22.474817276000977,283300,0.0,0.0
2025-12-23 00:00:00-05:00,22.35911667096067,22.378398685263484,22.098790168273243,22.195207595825195,429200,0.0,0.0
2025-12-24 00:00:00-05:00,22.185567213121548,22.416967951944336,22.14699950381295,22.39768409729004,93600,0.0,0.0
2025-12-26 00:00:00-05:00,22.272341608285036,22.465174628173557,22.204849959373576,22.436250686645508,230600,0.0,0.0
2025-12-29 00:00:00-05:00,22.436251093357775,22.54230861256569,22.069865222611778,22.166282653808594,210000,0.0,0.0
2025-12-30 00:00:00-05:00,22.04094163809916,22.166283013381584,21.915598423807165,21.963808059692383,219300,0.0,0.0
2025-12-31 00:00:00-05:00,21.992730257141016,22.108431535075336,21.87703081821612,22.021656036376953,282500,0.0,0.0
2026-01-02 00:00:00-05:00,22.069863270548755,22.532666531556966,22.021655478719058,22.040939331054688,329600,0.0,0.0
2026-01-05 00:00:00-05:00,22.012014944509694,22.53266795643959,21.915597515743844,22.185565948486328,309900,0.0,0.0
2026-01-06 00:00:00-05:00,22.079507732699806,22.561593062405084,21.88667470422345,22.46517562866211,275200,0.0,0.0
2026-01-07 00:00:00-05:00,22.53266738931135,22.56159132990647,22.098789890290103,22.204849243164062,255000,0.0,0.0
2026-01-08 00:00:00-05:00,22.07950751395647,23.28472082627953,22.060223659597007,23.111169815063477,493400,0.0,0.0
2026-01-09 00:00:00-05:00,23.313644574190246,23.525761436612893,22.792991585958188,23.37149429321289,316000,0.0,0.0
2026-01-12 00:00:00-05:00,23.207585893237038,23.352211114472198,22.8219180236068,23.284719467163086,191500,0.0,0.0
2026-01-13 00:00:00-05:00,23.429345677785367,23.718597971479845,23.246154581356024,23.69931411743164,343900,0.0,0.0
2026-01-14 00:00:00-05:00,23.612537333008444,23.80537218501638,23.14973589500072,23.294361114501953,318200,0.0,0.0
2026-01-15 00:00:00-05:00,23.342570595031212,23.97892491704471,23.130453713699758,23.940357208251953,294800,0.0,0.0
2026-01-16 00:00:00-05:00,23.892148579483226,23.949998301648797,23.602896290636362,23.776447296142578,244900,0.0,0.0
2026-01-20 00:00:00-05:00,23.496838689264468,23.525762630739212,23.29436190389372,23.332929611206055,258400,0.0,0.0
2026-01-21 00:00:00-05:00,23.506477855276056,24.07533864275857,23.332928696204796,24.065696716308594,360700,0.0,0.0
2026-01-22 00:00:00-05:00,24.075338145949964,24.239247214198322,23.63182057245994,23.892147064208984,347100,0.0,0.0
2026-01-23 00:00:00-05:00,23.7668049302629,23.834296578044285,23.284719630099314,23.34256935119629,202300,0.0,0.0
2026-01-26 00:00:00-05:00,23.275078133348952,23.81501500359263,23.072603186264708,23.776447296142578,515900,0.0,0.0
2026-01-27 00:00:00-05:00,23.65110673198051,23.776448107451102,23.04367819198185,23.429346084594727,365800,0.0,0.0
2026-01-28 00:00:00-05:00,23.477554321482938,23.651105322568913,23.207585893237038,23.284719467163086,500200,0.0,0.0
2026-01-29 00:00:00-05:00,23.38113749055211,23.38113749055211,21.549213683836527,21.732406616210938,1240800,0.0,0.0
2026-01-30 00:00:00-05:00,21.79989846339891,22.166282492468596,21.46243837617106,22.10843276977539,743100,0.0,0.0
2026-02-02 00:00:00-05:00,22.012014000707865,22.36875792014267,21.944522355168434,22.281982421875,477300,0.0,0.0
2026-02-03 00:00:00-05:00,22.185566265427884,23.01475359004662,22.185566265427884,22.49410057067871,551700,0.0,0.0
2026-02-04 00:00:00-05:00,22.658008565829665,23.371494572327848,22.551949213847017,23.361852645874023,508100,0.0,0.0
2026-02-05 00:00:00-05:00,23.323287242850647,23.381136963714503,22.90869359213914,23.091886520385742,353400,0.0,0.0
2026-02-06 00:00:00-05:00,23.06296280300571,23.708957233954408,23.06296280300571,23.660749435424805,399900,0.0,0.0
2026-02-09 00:00:00-05:00,23.641463558309326,23.747521073805075,23.25579568603052,23.728239059448242,301100,0.0,0.0
2026-02-10 00:00:00-05:00,23.834296621449578,24.065697345268372,23.72823910574689,23.853580474853516,314600,0.0,0.0
2026-02-11 00:00:00-05:00,23.657657759998152,24.02991181216824,22.903355168173785,23.138463973999023,289500,0.39,0.0
2026-02-12 00:00:00-05:00,23.246221067094794,23.540106151706976,22.805396242872398,23.0111141204834,328700,0.0,0.0
2026-02-13 00:00:00-05:00,23.118871952671128,23.49112414749666,22.76621060186301,23.3637752532959,455100,0.0,0.0
2026-02-17 00:00:00-05:00,23.481326998115833,23.500919709935356,22.707433565882962,23.226627349853516,276400,0.0,0.0
2026-02-18 00:00:00-05:00,22.74661773587336,23.226627977642835,22.687841467289967,22.942541122436523,382100,0.0,0.0
2026-02-19 00:00:00-05:00,22.952336676074157,23.216832678147064,22.65845160650521,22.8935604095459,315700,0.0,0.0
2026-02-20 00:00:00-05:00,22.9327446593221,23.275609649976847,22.69763771762099,23.118871688842773,476600,0.0,0.0
2026-02-23 00:00:00-05:00,23.0209097778301,23.079686045582335,22.27640353526759,22.44293785095215,352900,0.0,0.0
2026-02-24 00:00:00-05:00,22.462531149717268,22.824986990197466,22.413549368257843,22.5017147064209,256600,0.0,0.0
2026-02-25 00:00:00-05:00,22.472326228737693,22.599675116366182,22.080481341653332,22.56049156188965,278100,0.0,0.0
2026-02-26 00:00:00-05:00,22.668248063760423,22.971929490520125,22.52130646255041,22.71722984313965,429400,0.0,0.0
2026-02-27 00:00:00-05:00,22.482124227524746,22.482124227524746,22.168646426483683,22.315589904785156,296200,0.0,0.0
2026-03-02 00:00:00-05:00,22.041296380178448,22.256810605470985,21.747413175828274,22.1098690032959,323800,0.0,0.0
2026-03-03 00:00:00-05:00,21.551490053562798,22.15885104992367,21.52210098538822,22.01190757751465,439100,0.0,0.0
2026-03-04 00:00:00-05:00,22.002111486775,22.35477283526713,21.78659725628753,22.256811141967773,322100,0.0,0.0
2026-03-05 00:00:00-05:00,22.09027644854159,22.28619983181119,21.767004174071456,21.845373153686523,239000,0.0,0.0
2026-03-06 00:00:00-05:00,21.55148957667842,21.806189223163916,21.335975353558613,21.77680015563965,341600,0.0,0.0
2026-03-09 00:00:00-04:00,21.43393501466681,21.757207281159566,21.012702927420467,21.69843101501465,625500,0.0,0.0
2026-03-10 00:00:00-04:00,21.688634495785877,21.972723205528865,21.394751298812395,21.62006187438965,412400,0.0,0.0
2026-03-11 00:00:00-04:00,21.620063035804332,21.75720828596413,21.238014485522662,21.48291778564453,244300,0.0,0.0
2026-03-12 00:00:00-04:00,21.345772481734226,21.67883925007449,21.21842171965175,21.571083068847656,388700,0.0,0.0
2026-03-13 00:00:00-04:00,21.80618906000017,22.002110569971162,21.375158748521894,21.69843101501465,431800,0.0,0.0
2026-03-16 00:00:00-04:00,21.845373674425225,22.100073331361557,21.708228423945624,21.73761749267578,328400,0.0,0.0
2026-03-17 00:00:00-04:00,21.923743188809734,22.002112172197837,21.708228951608433,21.884559631347656,255100,0.0,0.0
2026-03-18 00:00:00-04:00,21.698431602746446,22.07068565816282,21.688635246712977,21.7572078704834,294600,0.0,0.0
2026-03-19 00:00:00-04:00,21.531897960231085,21.992317365878353,21.433936265297795,21.727821350097656,344700,0.0,0.0
2026-03-20 00:00:00-04:00,21.92374131060702,21.92374131060702,21.44373109491927,21.453527450561523,1038700,0.0,0.0
2026-03-23 00:00:00-04:00,22.09027671813965,22.335180015983607,21.79639350811245,22.09027671813965,422500,0.0,0.0
2026-03-24 00:00:00-04:00,21.87476216943479,22.139258175677433,21.796393190007027,21.93353843688965,231000,0.0,0.0
2026-03-25 00:00:00-04:00,22.060889571855984,22.080482284162475,21.600470174972955,22.002111434936523,359800,0.0,0.0
2026-03-26 00:00:00-04:00,21.82578188403214,22.16864499536453,21.75720739330184,21.864965438842773,211700,0.0,0.0
2026-03-27 00:00:00-04:00,21.62006182500934,21.796392490176206,21.551489203769734,21.708227157592773,357400,0.0,0.0
2026-03-30 00:00:00-04:00,21.90415208335225,21.9727247094419,21.620063354164937,21.63965606689453,357200,0.0,0.0
2026-03-31 00:00:00-04:00,21.962928456368683,22.10987006560384,21.512305403788407,21.806190490722656,252700,0.0,0.0
2026-04-01 00:00:00-04:00,21.59067494977686,22.247013973449622,21.453527836780086,21.864965438842773,527200,0.0,0.0
2026-04-02 00:00:00-04:00,21.610267099433155,22.021704726369958,21.41434557660759,21.806190490722656,331900,0.0,0.0
2026-04-06 00:00:00-04:00,21.70822752345025,21.747412946798317,21.38495525468402,21.433935165405273,431600,0.0,0.0
2026-04-07 00:00:00-04:00,21.35556703069429,21.512304993349872,20.767800604967796,20.79718780517578,502200,0.0,0.0
2026-04-08 00:00:00-04:00,21.453528129568866,21.874762093198996,21.267401103402655,21.42414093017578,730000,0.0,0.0
2026-04-09 00:00:00-04:00,21.296790594804964,21.776800835231438,20.95392560351066,21.747413635253906,322200,0.0,0.0
2026-04-10 00:00:00-04:00,21.87476216943479,22.021703772303862,21.620062519178596,21.93353843688965,283400,0.0,0.0
2026-04-13 00:00:00-04:00,21.81598536545436,21.99231603194625,21.649451054707995,21.786596298217773,458500,0.0,0.0
2026-04-14 00:00:00-04:00,21.884558898025368,22.10986948415832,21.747413648807726,22.002111434936523,267500,0.0,0.0
2026-04-15 00:00:00-04:00,21.962928026015902,21.992317094672643,21.669044813304083,21.825782775878906,262900,0.0,0.0
2026-04-16 00:00:00-04:00,21.708227584165353,21.992316298841907,21.659247673307107,21.688634872436523,368400,0.0,0.0
2026-04-17 00:00:00-04:00,22.01190830431003,22.609472964343265,21.992317460010657,22.237220764160156,341400,0.0,0.0
2026-04-20 00:00:00-04:00,22.060889200769484,22.354772406567843,22.031500132804105,22.276403427124023,275700,0.0,0.0
2026-04-21 00:00:00-04:00,22.462530830539237,22.678045060506662,22.256811088260612,22.3449764251709,337600,0.0,0.0
2026-04-22 00:00:00-04:00,22.413548942490195,22.52130699119005,22.070685821106792,22.178442001342773,292500,0.0,0.0
2026-04-23 00:00:00-04:00,22.23721981435605,22.295996081671554,21.75720771447722,22.021703720092773,319900,0.0,0.0
2026-04-24 00:00:00-04:00,21.92374313226957,22.002112115455564,21.708228895624067,21.97272491455078,286800,0.0,0.0
2026-04-27 00:00:00-04:00,21.835579549810618,22.325386159342873,21.8257831934043,22.14905548095703,317800,0.0,0.0
2026-04-28 00:00:00-04:00,22.32538605590572,22.32538605590572,21.825783092281892,21.982521057128906,253400,0.0,0.0
2026-04-29 00:00:00-04:00,21.796393294617275,22.011907521962005,21.678838890679508,21.7572078704834,358600,0.0,0.0
2026-04-30 00:00:00-04:00,21.982520243313395,22.168645401888725,20.728614702494227,20.904945373535156,826100,0.0,0.0
2026-05-01 00:00:00-04:00,21.042090504066717,21.081275927842768,20.317176980384403,20.395545959472656,613200,0.0,0.0
2026-05-04 00:00:00-04:00,20.326973196803724,20.356362264434036,19.602059678097227,19.63144874572754,684800,0.0,0.0
2026-05-05 00:00:00-04:00,19.739205831309533,20.023294559410463,19.739205831309533,19.84696388244629,403900,0.0,0.0
2026-05-06 00:00:00-04:00,20.150642017910553,20.31717632667278,19.866555178530156,20.082069396972656,406800,0.0,0.0
2026-05-07 00:00:00-04:00,20.10166343057458,20.45432291409181,19.837167416588724,20.02329444885254,449900,0.0,0.0
2026-05-08 00:00:00-04:00,20.003700896198744,20.062477162905836,19.739204893321084,19.97431182861328,283800,0.0,0.0
2026-05-11 00:00:00-04:00,19.95472233512292,20.082071233013007,19.220012411963907,19.229806900024414,636600,0.0,0.0
2026-05-12 00:00:00-04:00,19.210215529088856,19.28858451067332,18.710612570813932,18.739999771118164,912400,0.0,0.0
2026-05-13 00:00:00-04:00,18.68000030517578,18.799999237060547,18.280000686645508,18.68000030517578,724200,0.39,0.0
2026-05-14 00:00:00-04:00,18.799999237060547,19.079999923706055,18.75,18.979999542236328,514500,0.0,0.0
2026-05-15 00:00:00-04:00,19.049999237060547,19.239999771118164,18.780000686645508,18.84000015258789,550000,0.0,0.0
2026-05-18 00:00:00-04:00,18.90999984741211,19.56999969482422,18.8799991607666,19.299999237060547,501900,0.0,0.0
2026-05-19 00:00:00-04:00,19.219999313354492,19.260000228881836,18.950000762939453,19.06999969482422,545100,0.0,0.0
2026-05-20 00:00:00-04:00,19.1200008392334,19.829999923706055,18.899999618530273,19.65999984741211,577400,0.0,0.0
2026-05-21 00:00:00-04:00,19.540000915527344,19.940000534057617,19.139999389648438,19.719999313354492,399200,0.0,0.0
2026-05-22 00:00:00-04:00,19.6299991607666,19.829999923706055,19.6299991607666,19.739999771118164,285100,0.0,0.0
2026-05-26 00:00:00-04:00,19.860000610351562,20.100000381469727,19.780000686645508,20.0,338900,0.0,0.0
2026-05-27 00:00:00-04:00,20.1200008392334,20.739999771118164,20.1200008392334,20.56999969482422,446400,0.0,0.0
2026-05-28 00:00:00-04:00,20.56999969482422,21.209999084472656,20.43000030517578,21.040000915527344,642400,0.0,0.0
2026-05-29 00:00:00-04:00,20.93000030517578,21.25,20.610000610351562,20.6200008392334,542900,0.0,0.0
2026-06-01 00:00:00-04:00,20.709999084472656,20.93000030517578,20.399999618530273,20.639999389648438,571000,0.0,0.0
2026-06-02 00:00:00-04:00,20.6200008392334,20.8700008392334,20.40999984741211,20.440000534057617,519000,0.0,0.0
2026-06-03 00:00:00-04:00,20.34000015258789,20.559999465942383,20.260000228881836,20.549999237060547,429000,0.0,0.0
2026-06-04 00:00:00-04:00,20.93000030517578,21.0,20.59000015258789,20.790000915527344,430400,0.0,0.0
2026-06-05 00:00:00-04:00,20.770000457763672,20.899999618530273,20.530000686645508,20.670000076293945,559700,0.0,0.0
2026-06-08 00:00:00-04:00,20.56999969482422,20.920000076293945,20.31999969482422,20.690000534057617,569700,0.0,0.0
2026-06-09 00:00:00-04:00,20.860000610351562,21.6200008392334,20.790000915527344,21.56999969482422,655200,0.0,0.0
2026-06-10 00:00:00-04:00,21.68000030517578,21.719999313354492,21.239999771118164,21.350000381469727,453100,0.0,0.0
2026-06-11 00:00:00-04:00,21.31999969482422,22.15999984741211,21.260000228881836,22.1299991607666,505100,0.0,0.0
2026-06-12 00:00:00-04:00,22.09000015258789,22.1299991607666,21.450000762939453,21.579999923706055,544200,0.0,0.0
2026-06-15 00:00:00-04:00,21.6299991607666,21.889999389648438,21.459999084472656,21.459999084472656,603700,0.0,0.0
2026-06-16 00:00:00-04:00,21.6200008392334,21.719999313354492,20.950000762939453,21.09000015258789,601900,0.0,0.0
2026-06-17 00:00:00-04:00,21.229999542236328,21.860000610351562,21.010000228881836,21.06999969482422,806200,0.0,0.0
2026-06-18 00:00:00-04:00,21.139999389648438,22.059999465942383,21.030000686645508,21.170000076293945,4555500,0.0,0.0
2026-06-22 00:00:00-04:00,21.170000076293945,22.149999618530273,20.850000381469727,21.329999923706055,748800,0.0,0.0
2026-06-23 00:00:00-04:00,21.399999618530273,21.770000457763672,21.31999969482422,21.65999984741211,562700,0.0,0.0
2026-06-24 00:00:00-04:00,22.100000381469727,23.139999389648438,21.950000762939453,22.68000030517578,784800,0.0,0.0
2026-06-25 00:00:00-04:00,22.59000015258789,22.950000762939453,21.979999542236328,21.979999542236328,489100,0.0,0.0
2026-06-26 00:00:00-04:00,22.0,22.65999984741211,21.799999237060547,22.530000686645508,1106200,0.0,0.0
2026-06-29 00:00:00-04:00,22.200000762939453,22.309999465942383,21.81999969482422,22.110000610351562,464600,0.0,0.0
2026-06-30 00:00:00-04:00,21.8799991607666,22.399999618530273,21.760000228881836,22.34000015258789,452800,0.0,0.0
2026-07-01 00:00:00-04:00,22.40999984741211,22.450000762939453,21.8700008392334,21.8700008392334,712700,0.0,0.0
2026-07-02 00:00:00-04:00,22.020000457763672,22.079999923706055,21.489999771118164,21.690000534057617,460500,0.0,0.0
2026-07-06 00:00:00-04:00,21.579999923706055,21.579999923706055,21.110000610351562,21.25,426600,0.0,0.0
2026-07-07 00:00:00-04:00,21.43000030517578,21.559999465942383,21.309999465942383,21.399999618530273,364600,0.0,0.0
2026-07-08 00:00:00-04:00,21.25,21.389999389648438,20.905000686645508,21.219999313354492,466065,0.0,0.0
