Date,Open,High,Low,Close,Volume,Dividends,Stock Splits
2022-01-03 00:00:00-05:00,7.989999771118164,7.989999771118164,7.598999977111816,7.900000095367432,539900,0.0,0.0
2022-01-04 00:00:00-05:00,7.900000095367432,8.050000190734863,7.039999961853027,7.239999771118164,2786100,0.0,0.0
2022-01-05 00:00:00-05:00,7.289999961853027,7.289999961853027,6.610000133514404,6.730000019073486,2189600,0.0,0.0
2022-01-06 00:00:00-05:00,6.610000133514404,6.989999771118164,6.400000095367432,6.820000171661377,1413700,0.0,0.0
2022-01-07 00:00:00-05:00,6.789999961853027,7.039999961853027,6.675000190734863,6.820000171661377,858400,0.0,0.0
2022-01-10 00:00:00-05:00,6.670000076293945,6.800000190734863,6.320000171661377,6.570000171661377,2030800,0.0,0.0
2022-01-11 00:00:00-05:00,6.590000152587891,7.28000020980835,6.550000190734863,7.159999847412109,1027200,0.0,0.0
2022-01-12 00:00:00-05:00,7.210000038146973,7.389999866485596,6.739999771118164,6.760000228881836,666000,0.0,0.0
2022-01-13 00:00:00-05:00,6.769999980926514,6.909999847412109,6.494999885559082,6.599999904632568,567400,0.0,0.0
2022-01-14 00:00:00-05:00,6.619999885559082,6.730000019073486,6.369999885559082,6.559999942779541,1003500,0.0,0.0
2022-01-18 00:00:00-05:00,6.409999847412109,6.505000114440918,6.230000019073486,6.389999866485596,1407400,0.0,0.0
2022-01-19 00:00:00-05:00,6.599999904632568,6.75,6.300000190734863,6.320000171661377,1170100,0.0,0.0
2022-01-20 00:00:00-05:00,6.400000095367432,6.949999809265137,6.400000095367432,6.599999904632568,1290300,0.0,0.0
2022-01-21 00:00:00-05:00,6.519999980926514,6.639999866485596,6.175000190734863,6.179999828338623,1268600,0.0,0.0
2022-01-24 00:00:00-05:00,6.010000228881836,6.53000020980835,5.869999885559082,6.53000020980835,1829500,0.0,0.0
2022-01-25 00:00:00-05:00,6.159999847412109,6.5970001220703125,6.159999847412109,6.440000057220459,1985600,0.0,0.0
2022-01-26 00:00:00-05:00,6.650000095367432,6.989999771118164,6.309999942779541,6.380000114440918,1595200,0.0,0.0
2022-01-27 00:00:00-05:00,6.46999979019165,6.739999771118164,6.091000080108643,6.130000114440918,776200,0.0,0.0
2022-01-28 00:00:00-05:00,6.139999866485596,6.5,5.96999979019165,6.5,651800,0.0,0.0
2022-01-31 00:00:00-05:00,6.550000190734863,7.050000190734863,6.539999961853027,6.96999979019165,970900,0.0,0.0
2022-02-01 00:00:00-05:00,7.039999961853027,7.400000095367432,7.010000228881836,7.329999923706055,831500,0.0,0.0
2022-02-02 00:00:00-05:00,7.489999771118164,7.489999771118164,6.699999809265137,6.809999942779541,885600,0.0,0.0
2022-02-03 00:00:00-05:00,6.610000133514404,6.822999954223633,6.409999847412109,6.510000228881836,577900,0.0,0.0
2022-02-04 00:00:00-05:00,6.619999885559082,7.039999961853027,6.46999979019165,6.980000019073486,741200,0.0,0.0
2022-02-07 00:00:00-05:00,6.96999979019165,7.25,6.949999809265137,7.110000133514404,449400,0.0,0.0
2022-02-08 00:00:00-05:00,6.800000190734863,7.349999904632568,6.800000190734863,7.309999942779541,530200,0.0,0.0
2022-02-09 00:00:00-05:00,7.110000133514404,7.510000228881836,7.110000133514404,7.440000057220459,1449300,0.0,0.0
2022-02-10 00:00:00-05:00,6.96999979019165,7.570000171661377,6.96999979019165,7.25,1687500,0.0,0.0
2022-02-11 00:00:00-05:00,7.349999904632568,7.539999961853027,6.860000133514404,6.920000076293945,570500,0.0,0.0
2022-02-14 00:00:00-05:00,7.010000228881836,7.550000190734863,6.949999809265137,7.230000019073486,1150600,0.0,0.0
2022-02-15 00:00:00-05:00,7.369999885559082,7.679999828338623,7.289999961853027,7.650000095367432,764200,0.0,0.0
2022-02-16 00:00:00-05:00,7.650000095367432,7.659999847412109,7.309999942779541,7.440000057220459,569700,0.0,0.0
2022-02-17 00:00:00-05:00,7.349999904632568,7.579999923706055,7.070000171661377,7.159999847412109,867600,0.0,0.0
2022-02-18 00:00:00-05:00,7.150000095367432,7.210000038146973,6.789999961853027,6.96999979019165,5068200,0.0,0.0
2022-02-22 00:00:00-05:00,6.650000095367432,6.820000171661377,6.420000076293945,6.650000095367432,1206900,0.0,0.0
2022-02-23 00:00:00-05:00,6.03000020980835,6.300000190734863,5.889999866485596,6.03000020980835,2852000,0.0,0.0
2022-02-24 00:00:00-05:00,5.599999904632568,7.110000133514404,5.480000019073486,7.079999923706055,1505200,0.0,0.0
2022-02-25 00:00:00-05:00,6.590000152587891,7.199999809265137,6.590000152587891,7.170000076293945,991100,0.0,0.0
2022-02-28 00:00:00-05:00,7.25,7.550000190734863,7.21999979019165,7.53000020980835,862700,0.0,0.0
2022-03-01 00:00:00-05:00,7.539999961853027,7.739999771118164,7.230000019073486,7.340000152587891,689400,0.0,0.0
2022-03-02 00:00:00-05:00,7.21999979019165,7.235000133514404,6.71999979019165,6.889999866485596,1356700,0.0,0.0
2022-03-03 00:00:00-05:00,6.920000076293945,6.980000019073486,6.691999912261963,6.860000133514404,459700,0.0,0.0
2022-03-04 00:00:00-05:00,6.800000190734863,6.980000019073486,6.460000038146973,6.570000171661377,573800,0.0,0.0
2022-03-07 00:00:00-05:00,6.550000190734863,6.789000034332275,6.224999904632568,6.28000020980835,545400,0.0,0.0
2022-03-08 00:00:00-05:00,6.210000038146973,6.559999942779541,5.901000022888184,6.420000076293945,737200,0.0,0.0
2022-03-09 00:00:00-05:00,6.639999866485596,6.789999961853027,6.275000095367432,6.610000133514404,380100,0.0,0.0
2022-03-10 00:00:00-05:00,6.449999809265137,6.449999809265137,6.144999980926514,6.289999961853027,280500,0.0,0.0
2022-03-11 00:00:00-05:00,6.360000133514404,6.360000133514404,5.769999980926514,5.789999961853027,571300,0.0,0.0
2022-03-14 00:00:00-04:00,5.71999979019165,5.800000190734863,5.53000020980835,5.670000076293945,518100,0.0,0.0
2022-03-15 00:00:00-04:00,5.679999828338623,5.855000019073486,5.614999771118164,5.840000152587891,481700,0.0,0.0
2022-03-16 00:00:00-04:00,5.929999828338623,6.110000133514404,5.75,6.019999980926514,1198900,0.0,0.0
2022-03-17 00:00:00-04:00,6.019999980926514,6.360000133514404,5.96999979019165,6.300000190734863,524800,0.0,0.0
2022-03-18 00:00:00-04:00,6.510000228881836,6.769999980926514,6.260000228881836,6.579999923706055,864700,0.0,0.0
2022-03-21 00:00:00-04:00,6.590000152587891,6.599999904632568,6.25,6.349999904632568,316700,0.0,0.0
2022-03-22 00:00:00-04:00,6.409999847412109,6.710000038146973,6.300000190734863,6.550000190734863,863400,0.0,0.0
2022-03-23 00:00:00-04:00,6.519999980926514,6.699999809265137,6.25,6.429999828338623,468600,0.0,0.0
2022-03-24 00:00:00-04:00,6.449999809265137,6.513000011444092,6.21999979019165,6.429999828338623,276100,0.0,0.0
2022-03-25 00:00:00-04:00,6.389999866485596,6.420000076293945,5.840000152587891,5.920000076293945,531000,0.0,0.0
2022-03-28 00:00:00-04:00,5.989999771118164,6.239999771118164,5.89900016784668,6.199999809265137,573100,0.0,0.0
2022-03-29 00:00:00-04:00,6.269999980926514,6.480000019073486,6.159999847412109,6.440000057220459,524700,0.0,0.0
2022-03-30 00:00:00-04:00,6.449999809265137,6.599999904632568,6.260000228881836,6.28000020980835,395200,0.0,0.0
2022-03-31 00:00:00-04:00,6.25,6.420000076293945,6.010000228881836,6.039999961853027,247700,0.0,0.0
2022-04-01 00:00:00-04:00,6.03000020980835,6.177999973297119,5.889999866485596,6.019999980926514,296300,0.0,0.0
2022-04-04 00:00:00-04:00,5.909999847412109,6.570000171661377,5.909999847412109,6.539999961853027,451000,0.0,0.0
2022-04-05 00:00:00-04:00,6.440000057220459,6.53000020980835,6.230000019073486,6.409999847412109,800600,0.0,0.0
2022-04-06 00:00:00-04:00,6.289999961853027,6.349999904632568,5.920000076293945,6.289999961853027,618800,0.0,0.0
2022-04-07 00:00:00-04:00,6.320000171661377,6.579999923706055,6.199999809265137,6.510000228881836,583800,0.0,0.0
2022-04-08 00:00:00-04:00,6.340000152587891,6.479000091552734,5.849999904632568,5.889999866485596,578200,0.0,0.0
2022-04-11 00:00:00-04:00,5.849999904632568,6.090000152587891,5.760000228881836,5.949999809265137,468800,0.0,0.0
2022-04-12 00:00:00-04:00,6.070000171661377,6.159999847412109,5.849999904632568,5.960000038146973,414900,0.0,0.0
2022-04-13 00:00:00-04:00,5.960000038146973,6.079999923706055,5.849999904632568,6.019999980926514,274100,0.0,0.0
2022-04-14 00:00:00-04:00,6.039999961853027,6.110000133514404,5.78000020980835,5.909999847412109,391100,0.0,0.0
2022-04-18 00:00:00-04:00,5.829999923706055,5.918000221252441,5.570000171661377,5.769999980926514,291600,0.0,0.0
2022-04-19 00:00:00-04:00,5.78000020980835,6.139999866485596,5.760000228881836,5.949999809265137,552000,0.0,0.0
2022-04-20 00:00:00-04:00,5.96999979019165,6.019999980926514,5.599999904632568,5.710000038146973,517900,0.0,0.0
2022-04-21 00:00:00-04:00,5.760000228881836,5.849999904632568,5.199999809265137,5.260000228881836,552800,0.0,0.0
2022-04-22 00:00:00-04:00,5.230000019073486,5.409999847412109,5.110000133514404,5.300000190734863,384600,0.0,0.0
2022-04-25 00:00:00-04:00,5.309999942779541,5.550000190734863,5.230000019073486,5.53000020980835,568000,0.0,0.0
2022-04-26 00:00:00-04:00,5.449999809265137,5.449999809265137,5.139999866485596,5.340000152587891,465300,0.0,0.0
2022-04-27 00:00:00-04:00,5.340000152587891,5.590000152587891,5.260000228881836,5.360000133514404,339800,0.0,0.0
2022-04-28 00:00:00-04:00,5.389999866485596,5.639999866485596,5.269999980926514,5.550000190734863,211400,0.0,0.0
2022-04-29 00:00:00-04:00,5.53000020980835,5.699999809265137,5.230000019073486,5.230000019073486,184600,0.0,0.0
2022-05-02 00:00:00-04:00,5.179999828338623,5.420000076293945,5.150000095367432,5.400000095367432,227000,0.0,0.0
2022-05-03 00:00:00-04:00,5.369999885559082,5.460000038146973,5.150000095367432,5.239999771118164,175400,0.0,0.0
2022-05-04 00:00:00-04:00,5.199999809265137,5.409999847412109,4.929999828338623,5.380000114440918,291600,0.0,0.0
2022-05-05 00:00:00-04:00,5.289999961853027,5.297999858856201,4.940000057220459,4.980000019073486,207700,0.0,0.0
2022-05-06 00:00:00-04:00,4.929999828338623,4.929999828338623,4.619999885559082,4.690000057220459,382100,0.0,0.0
2022-05-09 00:00:00-04:00,4.489999771118164,4.53000020980835,4.210000038146973,4.21999979019165,483700,0.0,0.0
2022-05-10 00:00:00-04:00,4.25,4.388999938964844,4.014999866485596,4.300000190734863,663900,0.0,0.0
2022-05-11 00:00:00-04:00,4.340000152587891,4.364999771118164,3.869999885559082,3.990000009536743,698300,0.0,0.0
2022-05-12 00:00:00-04:00,3.809999942779541,4.199999809265137,3.7799999713897705,4.119999885559082,561700,0.0,0.0
2022-05-13 00:00:00-04:00,4.230000019073486,4.519999980926514,4.230000019073486,4.519999980926514,596700,0.0,0.0
2022-05-16 00:00:00-04:00,4.489999771118164,4.739999771118164,4.329999923706055,4.480000019073486,806400,0.0,0.0
2022-05-17 00:00:00-04:00,4.789999961853027,5.369999885559082,4.550000190734863,5.300000190734863,1745400,0.0,0.0
2022-05-18 00:00:00-04:00,5.199999809265137,5.559999942779541,5.070000171661377,5.110000133514404,919400,0.0,0.0
2022-05-19 00:00:00-04:00,5.099999904632568,5.539999961853027,5.099999904632568,5.380000114440918,568900,0.0,0.0
2022-05-20 00:00:00-04:00,5.460000038146973,5.480000019073486,4.960000038146973,5.260000228881836,369100,0.0,0.0
2022-05-23 00:00:00-04:00,5.239999771118164,5.239999771118164,4.96999979019165,5.099999904632568,208300,0.0,0.0
2022-05-24 00:00:00-04:00,4.960000038146973,4.980000019073486,4.659999847412109,4.690000057220459,510100,0.0,0.0
2022-05-25 00:00:00-04:00,4.670000076293945,5.019999980926514,4.670000076293945,4.909999847412109,392400,0.0,0.0
2022-05-26 00:00:00-04:00,4.849999904632568,5.099999904632568,4.789999961853027,4.989999771118164,387900,0.0,0.0
2022-05-27 00:00:00-04:00,5.079999923706055,5.289999961853027,5.0,5.190000057220459,319700,0.0,0.0
2022-05-31 00:00:00-04:00,5.25,5.320000171661377,5.039999961853027,5.199999809265137,1108600,0.0,0.0
2022-06-01 00:00:00-04:00,5.190000057220459,5.400000095367432,5.119999885559082,5.239999771118164,241700,0.0,0.0
2022-06-02 00:00:00-04:00,5.190000057220459,5.429999828338623,5.190000057220459,5.349999904632568,382100,0.0,0.0
2022-06-03 00:00:00-04:00,5.21999979019165,5.260000228881836,5.110000133514404,5.170000076293945,187400,0.0,0.0
2022-06-06 00:00:00-04:00,5.260000228881836,5.320000171661377,5.0,5.050000190734863,260300,0.0,0.0
2022-06-07 00:00:00-04:00,4.989999771118164,5.320000171661377,4.960000038146973,5.320000171661377,379900,0.0,0.0
2022-06-08 00:00:00-04:00,5.289999961853027,5.46999979019165,5.199999809265137,5.320000171661377,371400,0.0,0.0
2022-06-09 00:00:00-04:00,5.25,5.25,4.829999923706055,4.980000019073486,390700,0.0,0.0
2022-06-10 00:00:00-04:00,4.800000190734863,4.949999809265137,4.619999885559082,4.71999979019165,386500,0.0,0.0
2022-06-13 00:00:00-04:00,4.510000228881836,4.614999771118164,4.300000190734863,4.409999847412109,630600,0.0,0.0
2022-06-14 00:00:00-04:00,4.389999866485596,4.639999866485596,4.260000228881836,4.5,244900,0.0,0.0
2022-06-15 00:00:00-04:00,4.5,4.650000095367432,4.360000133514404,4.519999980926514,310100,0.0,0.0
2022-06-16 00:00:00-04:00,4.400000095367432,4.5,4.210000038146973,4.489999771118164,510700,0.0,0.0
2022-06-17 00:00:00-04:00,4.510000228881836,5.019999980926514,4.5,4.840000152587891,638700,0.0,0.0
2022-06-21 00:00:00-04:00,4.909999847412109,5.110000133514404,4.800000190734863,4.880000114440918,358700,0.0,0.0
2022-06-22 00:00:00-04:00,4.769999980926514,4.929999828338623,4.679999828338623,4.739999771118164,288900,0.0,0.0
2022-06-23 00:00:00-04:00,4.730000019073486,4.949999809265137,4.679999828338623,4.860000133514404,163400,0.0,0.0
2022-06-24 00:00:00-04:00,4.949999809265137,5.119999885559082,4.920000076293945,5.090000152587891,418100,0.0,0.0
2022-06-27 00:00:00-04:00,4.989999771118164,5.039999961853027,4.730000019073486,4.769999980926514,270600,0.0,0.0
2022-06-28 00:00:00-04:00,4.78000020980835,4.896999835968018,4.610000133514404,4.650000095367432,141200,0.0,0.0
2022-06-29 00:00:00-04:00,4.670000076293945,4.71999979019165,4.519999980926514,4.679999828338623,192800,0.0,0.0
2022-06-30 00:00:00-04:00,4.559999942779541,4.559999942779541,4.239999771118164,4.440000057220459,318000,0.0,0.0
2022-07-01 00:00:00-04:00,4.440000057220459,4.789999961853027,4.360000133514404,4.559999942779541,348400,0.0,0.0
2022-07-05 00:00:00-04:00,4.409999847412109,4.590000152587891,4.409999847412109,4.539999961853027,289300,0.0,0.0
2022-07-06 00:00:00-04:00,4.46999979019165,4.53000020980835,4.210000038146973,4.369999885559082,579800,0.0,0.0
2022-07-07 00:00:00-04:00,4.360000133514404,4.570000171661377,4.349999904632568,4.5,319200,0.0,0.0
2022-07-08 00:00:00-04:00,4.409999847412109,4.53000020980835,4.284999847412109,4.400000095367432,255300,0.0,0.0
2022-07-11 00:00:00-04:00,4.360000133514404,4.360000133514404,4.159999847412109,4.269999980926514,301700,0.0,0.0
2022-07-12 00:00:00-04:00,4.230000019073486,4.300000190734863,4.0,4.110000133514404,330700,0.0,0.0
2022-07-13 00:00:00-04:00,3.9700000286102295,4.090000152587891,3.8299999237060547,4.039999961853027,204400,0.0,0.0
2022-07-14 00:00:00-04:00,3.9700000286102295,4.059999942779541,3.759999990463257,3.950000047683716,258200,0.0,0.0
2022-07-15 00:00:00-04:00,3.9600000381469727,4.050000190734863,3.8299999237060547,3.990000009536743,149400,0.0,0.0
2022-07-18 00:00:00-04:00,4.019999980926514,4.199999809265137,3.880000114440918,3.880000114440918,203000,0.0,0.0
2022-07-19 00:00:00-04:00,3.990000009536743,4.079999923706055,3.7899999618530273,3.859999895095825,261900,0.0,0.0
2022-07-20 00:00:00-04:00,3.8399999141693115,4.25,3.8399999141693115,4.210000038146973,494200,0.0,0.0
2022-07-21 00:00:00-04:00,4.239999771118164,4.480000019073486,4.199999809265137,4.480000019073486,758700,0.0,0.0
2022-07-22 00:00:00-04:00,4.409999847412109,4.409999847412109,4.130000114440918,4.130000114440918,229600,0.0,0.0
2022-07-25 00:00:00-04:00,4.130000114440918,4.179999828338623,4.010000228881836,4.099999904632568,137000,0.0,0.0
2022-07-26 00:00:00-04:00,4.050000190734863,4.099999904632568,3.934999942779541,4.039999961853027,192800,0.0,0.0
2022-07-27 00:00:00-04:00,4.010000228881836,4.329999923706055,4.010000228881836,4.309999942779541,209200,0.0,0.0
2022-07-28 00:00:00-04:00,4.320000171661377,4.400000095367432,4.130000114440918,4.360000133514404,121700,0.0,0.0
2022-07-29 00:00:00-04:00,4.360000133514404,4.460000038146973,4.25600004196167,4.389999866485596,106400,0.0,0.0
2022-08-01 00:00:00-04:00,4.409999847412109,4.619999885559082,4.340000152587891,4.619999885559082,309100,0.0,0.0
2022-08-02 00:00:00-04:00,4.53000020980835,4.840000152587891,4.53000020980835,4.809999942779541,166700,0.0,0.0
2022-08-03 00:00:00-04:00,4.75,5.105000019073486,4.730000019073486,5.010000228881836,382000,0.0,0.0
2022-08-04 00:00:00-04:00,5.090000152587891,5.170000076293945,4.960000038146973,5.150000095367432,401200,0.0,0.0
2022-08-05 00:00:00-04:00,5.079999923706055,5.190000057220459,4.96999979019165,5.090000152587891,192000,0.0,0.0
2022-08-08 00:00:00-04:00,5.099999904632568,5.409999847412109,5.079999923706055,5.360000133514404,435800,0.0,0.0
2022-08-09 00:00:00-04:00,5.489999771118164,5.659999847412109,5.360000133514404,5.489999771118164,483800,0.0,0.0
2022-08-10 00:00:00-04:00,6.150000095367432,6.159999847412109,5.400000095367432,5.599999904632568,839900,0.0,0.0
2022-08-11 00:00:00-04:00,5.659999847412109,6.300000190734863,5.630000114440918,6.21999979019165,915600,0.0,0.0
2022-08-12 00:00:00-04:00,6.199999809265137,6.21999979019165,5.789999961853027,6.099999904632568,879600,0.0,0.0
2022-08-15 00:00:00-04:00,5.989999771118164,6.150000095367432,5.610000133514404,5.699999809265137,693400,0.0,0.0
2022-08-16 00:00:00-04:00,5.659999847412109,5.739999771118164,5.380000114440918,5.639999866485596,520500,0.0,0.0
2022-08-17 00:00:00-04:00,5.590000152587891,5.670000076293945,5.349999904632568,5.539999961853027,466000,0.0,0.0
2022-08-18 00:00:00-04:00,5.449999809265137,5.5,5.329999923706055,5.380000114440918,609600,0.0,0.0
2022-08-19 00:00:00-04:00,5.309999942779541,5.380000114440918,5.079999923706055,5.139999866485596,3755900,0.0,0.0
2022-08-22 00:00:00-04:00,5.039999961853027,5.409999847412109,5.039999961853027,5.409999847412109,558300,0.0,0.0
2022-08-23 00:00:00-04:00,5.340000152587891,5.570000171661377,5.269999980926514,5.300000190734863,258200,0.0,0.0
2022-08-24 00:00:00-04:00,5.269999980926514,5.449999809265137,5.210000038146973,5.21999979019165,270600,0.0,0.0
2022-08-25 00:00:00-04:00,5.28000020980835,5.489999771118164,5.239999771118164,5.309999942779541,425900,0.0,0.0
2022-08-26 00:00:00-04:00,5.329999923706055,5.449999809265137,5.165999889373779,5.199999809265137,424300,0.0,0.0
2022-08-29 00:00:00-04:00,5.050000190734863,5.21999979019165,5.039999961853027,5.099999904632568,201000,0.0,0.0
2022-08-30 00:00:00-04:00,5.179999828338623,5.179999828338623,4.960000038146973,5.019999980926514,224700,0.0,0.0
2022-08-31 00:00:00-04:00,5.0,5.170000076293945,5.0,5.059999942779541,203400,0.0,0.0
2022-09-01 00:00:00-04:00,4.980000019073486,5.090000152587891,4.829999923706055,4.920000076293945,202700,0.0,0.0
2022-09-02 00:00:00-04:00,4.940000057220459,4.96999979019165,4.769999980926514,4.789999961853027,223100,0.0,0.0
2022-09-06 00:00:00-04:00,4.769999980926514,4.909999847412109,4.730000019073486,4.760000228881836,169200,0.0,0.0
2022-09-07 00:00:00-04:00,4.769999980926514,4.889999866485596,4.690000057220459,4.869999885559082,127600,0.0,0.0
2022-09-08 00:00:00-04:00,4.78000020980835,4.840000152587891,4.650000095367432,4.699999809265137,100800,0.0,0.0
2022-09-09 00:00:00-04:00,4.760000228881836,5.0,4.760000228881836,4.929999828338623,204500,0.0,0.0
2022-09-12 00:00:00-04:00,4.96999979019165,5.001999855041504,4.909999847412109,5.0,191900,0.0,0.0
2022-09-13 00:00:00-04:00,4.800000190734863,4.809999942779541,4.670000076293945,4.699999809265137,236900,0.0,0.0
2022-09-14 00:00:00-04:00,4.699999809265137,4.789999961853027,4.599999904632568,4.699999809265137,162400,0.0,0.0
2022-09-15 00:00:00-04:00,4.599999904632568,4.820000171661377,4.570000171661377,4.570000171661377,211100,0.0,0.0
2022-09-16 00:00:00-04:00,4.539999961853027,4.539999961853027,4.244999885559082,4.309999942779541,268900,0.0,0.0
2022-09-19 00:00:00-04:00,4.21999979019165,4.349999904632568,4.199999809265137,4.340000152587891,202000,0.0,0.0
2022-09-20 00:00:00-04:00,4.300000190734863,4.329999923706055,4.21999979019165,4.269999980926514,112000,0.0,0.0
2022-09-21 00:00:00-04:00,4.289999961853027,4.349999904632568,4.195000171661377,4.210000038146973,147300,0.0,0.0
2022-09-22 00:00:00-04:00,4.239999771118164,4.239999771118164,4.03000020980835,4.059999942779541,248700,0.0,0.0
2022-09-23 00:00:00-04:00,4.0,4.059999942779541,3.940000057220459,4.039999961853027,332100,0.0,0.0
2022-09-26 00:00:00-04:00,3.950000047683716,4.130000114440918,3.9100000858306885,4.010000228881836,282100,0.0,0.0
2022-09-27 00:00:00-04:00,4.059999942779541,4.074999809265137,3.809999942779541,3.880000114440918,416900,0.0,0.0
2022-09-28 00:00:00-04:00,3.9100000858306885,4.039999961853027,3.890000104904175,4.03000020980835,406500,0.0,0.0
2022-09-29 00:00:00-04:00,3.930000066757202,4.03000020980835,3.8399999141693115,4.019999980926514,533200,0.0,0.0
2022-09-30 00:00:00-04:00,3.990000009536743,4.070000171661377,3.930000066757202,3.940000057220459,503200,0.0,0.0
2022-10-03 00:00:00-04:00,3.9000000953674316,3.9000000953674316,3.430000066757202,3.759999990463257,631900,0.0,0.0
2022-10-04 00:00:00-04:00,3.7100000381469727,4.210000038146973,3.7100000381469727,4.099999904632568,241800,0.0,0.0
2022-10-05 00:00:00-04:00,3.9600000381469727,4.179999828338623,3.9600000381469727,4.110000133514404,586000,0.0,0.0
2022-10-06 00:00:00-04:00,4.090000152587891,4.230000019073486,4.059999942779541,4.21999979019165,389500,0.0,0.0
2022-10-07 00:00:00-04:00,4.139999866485596,4.210000038146973,3.990000009536743,4.130000114440918,516400,0.0,0.0
2022-10-10 00:00:00-04:00,4.130000114440918,4.199999809265137,4.045000076293945,4.130000114440918,555300,0.0,0.0
2022-10-11 00:00:00-04:00,4.070000171661377,4.150000095367432,3.940000057220459,4.099999904632568,430400,0.0,0.0
2022-10-12 00:00:00-04:00,4.110000133514404,4.110000133514404,3.809999942779541,4.059999942779541,340200,0.0,0.0
2022-10-13 00:00:00-04:00,3.950000047683716,4.150000095367432,3.930000066757202,4.099999904632568,327100,0.0,0.0
2022-10-14 00:00:00-04:00,4.130000114440918,4.150000095367432,3.9700000286102295,4.099999904632568,314800,0.0,0.0
2022-10-17 00:00:00-04:00,4.150000095367432,4.150000095367432,3.9000000953674316,4.099999904632568,318100,0.0,0.0
2022-10-18 00:00:00-04:00,4.150000095367432,4.28000020980835,4.119999885559082,4.239999771118164,289800,0.0,0.0
2022-10-19 00:00:00-04:00,4.190000057220459,4.289999961853027,4.09499979019165,4.159999847412109,401400,0.0,0.0
2022-10-20 00:00:00-04:00,4.119999885559082,4.199999809265137,3.950000047683716,4.099999904632568,346600,0.0,0.0
2022-10-21 00:00:00-04:00,4.079999923706055,4.199999809265137,3.9800000190734863,4.170000076293945,177800,0.0,0.0
2022-10-24 00:00:00-04:00,4.199999809265137,4.199999809265137,4.0,4.170000076293945,204100,0.0,0.0
2022-10-25 00:00:00-04:00,4.199999809265137,4.5,4.150000095367432,4.440000057220459,254400,0.0,0.0
2022-10-26 00:00:00-04:00,4.440000057220459,4.599999904632568,4.320000171661377,4.440000057220459,204200,0.0,0.0
2022-10-27 00:00:00-04:00,4.389999866485596,4.570000171661377,4.269999980926514,4.449999809265137,174900,0.0,0.0
2022-10-28 00:00:00-04:00,4.460000038146973,4.539999961853027,4.320000171661377,4.400000095367432,179100,0.0,0.0
2022-10-31 00:00:00-04:00,4.349999904632568,4.539999961853027,4.320000171661377,4.449999809265137,244400,0.0,0.0
2022-11-01 00:00:00-04:00,4.5,4.550000190734863,4.329999923706055,4.329999923706055,215400,0.0,0.0
2022-11-02 00:00:00-04:00,4.300000190734863,4.349999904632568,4.139999866485596,4.230000019073486,374500,0.0,0.0
2022-11-03 00:00:00-04:00,4.03000020980835,4.230000019073486,3.9100000858306885,3.990000009536743,1563200,0.0,0.0
2022-11-04 00:00:00-04:00,4.0,4.03000020980835,3.819999933242798,4.019999980926514,247400,0.0,0.0
2022-11-07 00:00:00-05:00,4.0,4.019999980926514,3.819999933242798,4.019999980926514,248300,0.0,0.0
2022-11-08 00:00:00-05:00,4.050000190734863,4.090000152587891,3.880000114440918,4.090000152587891,195400,0.0,0.0
2022-11-09 00:00:00-05:00,4.5,5.269000053405762,4.349999904632568,5.110000133514404,1745000,0.0,0.0
2022-11-10 00:00:00-05:00,5.0,5.550000190734863,4.855000019073486,5.519999980926514,925300,0.0,0.0
2022-11-11 00:00:00-05:00,5.510000228881836,5.900000095367432,5.480000019073486,5.889999866485596,1098100,0.0,0.0
2022-11-14 00:00:00-05:00,5.75,5.795000076293945,5.400000095367432,5.5,477000,0.0,0.0
2022-11-15 00:00:00-05:00,5.670000076293945,5.835000038146973,5.480000019073486,5.679999828338623,1026700,0.0,0.0
2022-11-16 00:00:00-05:00,5.639999866485596,5.800000190734863,5.150000095367432,5.28000020980835,441900,0.0,0.0
2022-11-17 00:00:00-05:00,5.139999866485596,5.449999809265137,5.130000114440918,5.300000190734863,2556700,0.0,0.0
2022-11-18 00:00:00-05:00,5.429999828338623,5.429999828338623,5.039999961853027,5.090000152587891,241500,0.0,0.0
2022-11-21 00:00:00-05:00,5.010000228881836,5.090000152587891,4.849999904632568,4.880000114440918,190900,0.0,0.0
2022-11-22 00:00:00-05:00,4.920000076293945,4.949999809265137,4.699999809265137,4.909999847412109,267400,0.0,0.0
2022-11-23 00:00:00-05:00,4.840000152587891,5.0,4.78000020980835,4.949999809265137,145900,0.0,0.0
2022-11-25 00:00:00-05:00,4.940000057220459,4.940000057220459,4.789999961853027,4.860000133514404,88200,0.0,0.0
2022-11-28 00:00:00-05:00,4.75,5.0,4.739999771118164,4.739999771118164,220900,0.0,0.0
2022-11-29 00:00:00-05:00,4.789999961853027,4.900000095367432,4.710000038146973,4.869999885559082,437800,0.0,0.0
2022-11-30 00:00:00-05:00,4.920000076293945,5.190000057220459,4.889999866485596,5.159999847412109,2490000,0.0,0.0
2022-12-01 00:00:00-05:00,5.179999828338623,5.300000190734863,5.090000152587891,5.139999866485596,205200,0.0,0.0
2022-12-02 00:00:00-05:00,5.070000171661377,5.28000020980835,5.070000171661377,5.150000095367432,196500,0.0,0.0
2022-12-05 00:00:00-05:00,5.119999885559082,5.360000133514404,5.099999904632568,5.340000152587891,1126800,0.0,0.0
2022-12-06 00:00:00-05:00,5.369999885559082,5.369999885559082,5.039999961853027,5.070000171661377,586000,0.0,0.0
2022-12-07 00:00:00-05:00,5.010000228881836,5.099999904632568,4.929999828338623,4.960000038146973,341300,0.0,0.0
2022-12-08 00:00:00-05:00,5.0,5.059999942779541,4.900000095367432,5.039999961853027,635500,0.0,0.0
2022-12-09 00:00:00-05:00,5.010000228881836,5.085000038146973,4.820000171661377,4.860000133514404,338100,0.0,0.0
2022-12-12 00:00:00-05:00,4.78000020980835,4.940000057220459,4.550000190734863,4.829999923706055,833100,0.0,0.0
2022-12-13 00:00:00-05:00,4.96999979019165,5.010000228881836,4.820000171661377,4.980000019073486,415600,0.0,0.0
2022-12-14 00:00:00-05:00,4.96999979019165,5.130000114440918,4.880000114440918,5.070000171661377,468000,0.0,0.0
2022-12-15 00:00:00-05:00,4.96999979019165,5.0,4.75,4.820000171661377,436100,0.0,0.0
2022-12-16 00:00:00-05:00,4.789999961853027,5.070000171661377,4.789999961853027,5.050000190734863,406100,0.0,0.0
2022-12-19 00:00:00-05:00,5.090000152587891,5.090000152587891,4.78000020980835,4.880000114440918,348100,0.0,0.0
2022-12-20 00:00:00-05:00,4.829999923706055,4.989999771118164,4.760000228881836,4.889999866485596,215300,0.0,0.0
2022-12-21 00:00:00-05:00,4.920000076293945,4.940000057220459,4.809999942779541,4.929999828338623,152700,0.0,0.0
2022-12-22 00:00:00-05:00,4.900000095367432,4.929999828338623,4.679999828338623,4.789999961853027,202800,0.0,0.0
2022-12-23 00:00:00-05:00,4.670000076293945,4.769999980926514,4.619999885559082,4.71999979019165,197700,0.0,0.0
2022-12-27 00:00:00-05:00,4.670000076293945,4.670000076293945,4.519999980926514,4.53000020980835,195500,0.0,0.0
2022-12-28 00:00:00-05:00,4.519999980926514,4.690000057220459,4.510000228881836,4.659999847412109,363600,0.0,0.0
2022-12-29 00:00:00-05:00,4.699999809265137,4.829999923706055,4.559999942779541,4.710000038146973,282600,0.0,0.0
2022-12-30 00:00:00-05:00,4.5,4.659999847412109,4.449999809265137,4.619999885559082,367700,0.0,0.0
2023-01-03 00:00:00-05:00,4.710000038146973,4.840000152587891,4.565000057220459,4.610000133514404,181000,0.0,0.0
2023-01-04 00:00:00-05:00,4.599999904632568,4.699999809265137,4.539999961853027,4.639999866485596,181100,0.0,0.0
2023-01-05 00:00:00-05:00,4.599999904632568,4.619999885559082,4.510000228881836,4.519999980926514,89000,0.0,0.0
2023-01-06 00:00:00-05:00,4.440000057220459,4.489999771118164,4.224999904632568,4.409999847412109,344300,0.0,0.0
2023-01-09 00:00:00-05:00,4.579999923706055,4.929999828338623,4.579999923706055,4.800000190734863,473700,0.0,0.0
2023-01-10 00:00:00-05:00,4.829999923706055,5.046999931335449,4.679999828338623,5.0,682600,0.0,0.0
2023-01-11 00:00:00-05:00,5.03000020980835,5.269999980926514,4.949999809265137,5.260000228881836,314100,0.0,0.0
2023-01-12 00:00:00-05:00,5.320000171661377,5.340000152587891,5.119999885559082,5.25,180700,0.0,0.0
2023-01-13 00:00:00-05:00,5.170000076293945,5.369999885559082,5.150000095367432,5.309999942779541,199600,0.0,0.0
2023-01-17 00:00:00-05:00,5.289999961853027,5.340000152587891,5.110000133514404,5.28000020980835,254700,0.0,0.0
2023-01-18 00:00:00-05:00,5.300000190734863,5.320000171661377,5.175000190734863,5.260000228881836,274200,0.0,0.0
2023-01-19 00:00:00-05:00,5.199999809265137,5.264999866485596,5.15500020980835,5.210000038146973,248600,0.0,0.0
2023-01-20 00:00:00-05:00,4.880000114440918,5.480000019073486,4.78000020980835,5.440000057220459,538900,0.0,0.0
2023-01-23 00:00:00-05:00,5.5,5.769999980926514,5.440000057220459,5.570000171661377,386100,0.0,0.0
2023-01-24 00:00:00-05:00,5.510000228881836,5.730000019073486,5.380000114440918,5.46999979019165,311600,0.0,0.0
2023-01-25 00:00:00-05:00,5.409999847412109,5.53000020980835,5.355000019073486,5.460000038146973,312600,0.0,0.0
2023-01-26 00:00:00-05:00,5.53000020980835,5.639999866485596,5.340000152587891,5.489999771118164,231700,0.0,0.0
2023-01-27 00:00:00-05:00,5.46999979019165,5.889999866485596,5.440999984741211,5.789999961853027,593800,0.0,0.0
2023-01-30 00:00:00-05:00,5.670000076293945,5.900000095367432,5.658999919891357,5.730000019073486,301800,0.0,0.0
2023-01-31 00:00:00-05:00,5.71999979019165,6.119999885559082,5.710000038146973,6.079999923706055,632900,0.0,0.0
2023-02-01 00:00:00-05:00,6.090000152587891,6.389999866485596,5.960000038146973,6.349999904632568,553300,0.0,0.0
2023-02-02 00:00:00-05:00,6.5,6.730000019073486,6.389999866485596,6.550000190734863,639300,0.0,0.0
2023-02-03 00:00:00-05:00,6.46999979019165,6.610000133514404,6.289999961853027,6.300000190734863,776000,0.0,0.0
2023-02-06 00:00:00-05:00,6.239999771118164,6.400000095367432,6.099999904632568,6.300000190734863,406400,0.0,0.0
2023-02-07 00:00:00-05:00,6.260000228881836,6.309999942779541,6.070000171661377,6.300000190734863,269700,0.0,0.0
2023-02-08 00:00:00-05:00,6.289999961853027,6.289999961853027,6.010000228881836,6.119999885559082,429000,0.0,0.0
2023-02-09 00:00:00-05:00,6.230000019073486,6.25,6.050000190734863,6.070000171661377,273800,0.0,0.0
2023-02-10 00:00:00-05:00,6.0,6.070000171661377,5.78000020980835,5.829999923706055,251400,0.0,0.0
2023-02-13 00:00:00-05:00,5.820000171661377,6.039999961853027,5.710000038146973,5.949999809265137,230900,0.0,0.0
2023-02-14 00:00:00-05:00,5.909999847412109,6.079999923706055,5.849999904632568,6.039999961853027,155500,0.0,0.0
2023-02-15 00:00:00-05:00,6.0,6.210000038146973,6.0,6.179999828338623,295300,0.0,0.0
2023-02-16 00:00:00-05:00,6.139999866485596,6.139999866485596,5.900000095367432,5.929999828338623,255600,0.0,0.0
2023-02-17 00:00:00-05:00,5.849999904632568,5.929999828338623,5.679999828338623,5.820000171661377,255000,0.0,0.0
2023-02-21 00:00:00-05:00,5.760000228881836,5.784999847412109,5.570000171661377,5.679999828338623,231200,0.0,0.0
2023-02-22 00:00:00-05:00,5.710000038146973,6.03000020980835,5.710000038146973,5.980000019073486,503300,0.0,0.0
2023-02-23 00:00:00-05:00,6.139999866485596,6.199999809265137,5.349999904632568,5.610000133514404,687700,0.0,0.0
2023-02-24 00:00:00-05:00,5.519999980926514,5.590000152587891,5.260000228881836,5.489999771118164,484900,0.0,0.0
2023-02-27 00:00:00-05:00,5.480000019073486,5.5,5.380000114440918,5.380000114440918,424000,0.0,0.0
2023-02-28 00:00:00-05:00,5.389999866485596,5.5,5.369999885559082,5.5,548600,0.0,0.0
2023-03-01 00:00:00-05:00,5.489999771118164,5.550000190734863,5.309999942779541,5.340000152587891,351600,0.0,0.0
2023-03-02 00:00:00-05:00,5.309999942779541,5.679999828338623,5.300000190734863,5.610000133514404,456500,0.0,0.0
2023-03-03 00:00:00-05:00,5.769999980926514,5.769999980926514,5.5,5.550000190734863,273900,0.0,0.0
2023-03-06 00:00:00-05:00,5.579999923706055,5.760000228881836,5.550000190734863,5.670000076293945,239700,0.0,0.0
2023-03-07 00:00:00-05:00,5.690000057220459,5.940000057220459,5.690000057220459,5.849999904632568,332000,0.0,0.0
2023-03-08 00:00:00-05:00,5.849999904632568,5.880000114440918,5.46999979019165,5.579999923706055,422900,0.0,0.0
2023-03-09 00:00:00-05:00,5.599999904632568,5.679999828338623,5.34499979019165,5.380000114440918,284200,0.0,0.0
2023-03-10 00:00:00-05:00,5.800000190734863,6.238999843597412,5.46999979019165,5.510000228881836,907800,0.0,0.0
2023-03-13 00:00:00-04:00,5.420000076293945,5.949999809265137,5.260000228881836,5.769999980926514,1112500,0.0,0.0
2023-03-14 00:00:00-04:00,5.960000038146973,6.019999980926514,5.650000095367432,5.829999923706055,575400,0.0,0.0
2023-03-15 00:00:00-04:00,5.670000076293945,5.784999847412109,5.579999923706055,5.670000076293945,302300,0.0,0.0
2023-03-16 00:00:00-04:00,5.650000095367432,5.7170000076293945,5.550000190734863,5.619999885559082,248300,0.0,0.0
2023-03-17 00:00:00-04:00,5.599999904632568,5.690000057220459,5.380000114440918,5.429999828338623,270800,0.0,0.0
2023-03-20 00:00:00-04:00,5.429999828338623,5.46999979019165,5.150000095367432,5.21999979019165,271700,0.0,0.0
2023-03-21 00:00:00-04:00,5.289999961853027,5.480000019073486,5.269999980926514,5.329999923706055,263200,0.0,0.0
2023-03-22 00:00:00-04:00,5.340000152587891,5.360000133514404,5.170000076293945,5.190000057220459,237400,0.0,0.0
2023-03-23 00:00:00-04:00,5.25,5.449999809265137,5.218999862670898,5.260000228881836,245200,0.0,0.0
2023-03-24 00:00:00-04:00,5.25,5.389999866485596,5.210000038146973,5.320000171661377,183200,0.0,0.0
2023-03-27 00:00:00-04:00,5.340000152587891,5.389999866485596,5.260000228881836,5.360000133514404,214800,0.0,0.0
2023-03-28 00:00:00-04:00,5.329999923706055,5.360000133514404,5.21999979019165,5.25,275600,0.0,0.0
2023-03-29 00:00:00-04:00,5.309999942779541,5.380000114440918,5.210000038146973,5.360000133514404,221400,0.0,0.0
2023-03-30 00:00:00-04:00,5.389999866485596,5.46999979019165,5.320000171661377,5.429999828338623,312900,0.0,0.0
2023-03-31 00:00:00-04:00,5.460000038146973,5.650000095367432,5.449999809265137,5.639999866485596,368300,0.0,0.0
2023-04-03 00:00:00-04:00,5.659999847412109,5.800000190734863,5.599999904632568,5.760000228881836,283200,0.0,0.0
2023-04-04 00:00:00-04:00,5.760000228881836,5.78000020980835,5.460000038146973,5.730000019073486,487200,0.0,0.0
2023-04-05 00:00:00-04:00,5.650000095367432,5.809999942779541,5.159999847412109,5.239999771118164,554100,0.0,0.0
2023-04-06 00:00:00-04:00,5.199999809265137,5.360000133514404,5.110000133514404,5.199999809265137,703900,0.0,0.0
2023-04-10 00:00:00-04:00,5.130000114440918,5.375,5.079999923706055,5.329999923706055,680200,0.0,0.0
2023-04-11 00:00:00-04:00,5.329999923706055,5.525000095367432,5.323999881744385,5.480000019073486,182100,0.0,0.0
2023-04-12 00:00:00-04:00,5.519999980926514,5.639999866485596,5.260000228881836,5.289999961853027,180300,0.0,0.0
2023-04-13 00:00:00-04:00,5.329999923706055,5.480000019073486,5.320000171661377,5.389999866485596,179000,0.0,0.0
2023-04-14 00:00:00-04:00,5.409999847412109,5.480000019073486,5.300000190734863,5.369999885559082,151500,0.0,0.0
2023-04-17 00:00:00-04:00,5.420000076293945,5.480000019073486,5.320000171661377,5.349999904632568,129100,0.0,0.0
2023-04-18 00:00:00-04:00,5.449999809265137,5.449999809265137,5.179999828338623,5.28000020980835,258700,0.0,0.0
2023-04-19 00:00:00-04:00,5.190000057220459,5.260000228881836,5.099999904632568,5.190000057220459,216500,0.0,0.0
2023-04-20 00:00:00-04:00,5.110000133514404,5.269999980926514,5.099999904632568,5.190000057220459,156500,0.0,0.0
2023-04-21 00:00:00-04:00,5.179999828338623,5.25,5.130000114440918,5.230000019073486,102200,0.0,0.0
2023-04-24 00:00:00-04:00,5.190000057220459,5.230999946594238,5.010000228881836,5.059999942779541,176300,0.0,0.0
2023-04-25 00:00:00-04:00,5.010000228881836,5.070000171661377,4.929999828338623,4.980000019073486,237100,0.0,0.0
2023-04-26 00:00:00-04:00,5.019999980926514,5.045000076293945,4.849999904632568,4.889999866485596,210200,0.0,0.0
2023-04-27 00:00:00-04:00,4.889999866485596,4.889999866485596,4.710000038146973,4.820000171661377,200200,0.0,0.0
2023-04-28 00:00:00-04:00,4.809999942779541,5.0,4.75,4.909999847412109,175000,0.0,0.0
2023-05-01 00:00:00-04:00,4.889999866485596,4.919000148773193,4.789999961853027,4.860000133514404,246900,0.0,0.0
2023-05-02 00:00:00-04:00,4.840000152587891,4.869999885559082,4.769999980926514,4.800000190734863,166200,0.0,0.0
2023-05-03 00:00:00-04:00,4.820000171661377,4.909999847412109,4.739999771118164,4.760000228881836,184100,0.0,0.0
2023-05-04 00:00:00-04:00,4.760000228881836,4.789999961853027,4.610000133514404,4.710000038146973,179100,0.0,0.0
2023-05-05 00:00:00-04:00,4.789999961853027,4.860000133514404,4.650000095367432,4.659999847412109,155700,0.0,0.0
2023-05-08 00:00:00-04:00,4.630000114440918,4.75,4.5,4.71999979019165,252400,0.0,0.0
2023-05-09 00:00:00-04:00,4.690000057220459,4.840000152587891,4.670000076293945,4.690000057220459,119900,0.0,0.0
2023-05-10 00:00:00-04:00,4.710000038146973,4.75,4.559999942779541,4.679999828338623,317100,0.0,0.0
2023-05-11 00:00:00-04:00,4.650000095367432,4.764999866485596,4.510000228881836,4.639999866485596,406400,0.0,0.0
2023-05-12 00:00:00-04:00,4.639999866485596,4.809999942779541,4.579999923706055,4.599999904632568,159300,0.0,0.0
2023-05-15 00:00:00-04:00,4.539999961853027,4.789999961853027,4.539999961853027,4.78000020980835,204600,0.0,0.0
2023-05-16 00:00:00-04:00,4.699999809265137,4.800000190734863,4.539999961853027,4.579999923706055,273700,0.0,0.0
2023-05-17 00:00:00-04:00,4.869999885559082,5.46999979019165,4.801000118255615,5.360000133514404,994400,0.0,0.0
2023-05-18 00:00:00-04:00,5.329999923706055,5.53000020980835,5.25,5.5,419500,0.0,0.0
2023-05-19 00:00:00-04:00,5.5,5.550000190734863,5.099999904632568,5.099999904632568,336000,0.0,0.0
2023-05-22 00:00:00-04:00,5.070000171661377,5.309000015258789,5.070000171661377,5.25,351600,0.0,0.0
2023-05-23 00:00:00-04:00,5.25,5.380000114440918,5.119999885559082,5.119999885559082,210000,0.0,0.0
2023-05-24 00:00:00-04:00,5.070000171661377,5.190000057220459,5.019999980926514,5.139999866485596,157100,0.0,0.0
2023-05-25 00:00:00-04:00,5.139999866485596,5.230000019073486,5.034999847412109,5.110000133514404,204900,0.0,0.0
2023-05-26 00:00:00-04:00,5.110000133514404,5.360000133514404,5.110000133514404,5.150000095367432,309600,0.0,0.0
2023-05-30 00:00:00-04:00,5.210000038146973,5.360000133514404,5.130000114440918,5.170000076293945,380600,0.0,0.0
2023-05-31 00:00:00-04:00,5.119999885559082,5.300000190734863,5.079999923706055,5.099999904632568,1518300,0.0,0.0
2023-06-01 00:00:00-04:00,5.070000171661377,5.264999866485596,4.9720001220703125,5.199999809265137,885700,0.0,0.0
2023-06-02 00:00:00-04:00,5.28000020980835,5.289999961853027,4.670000076293945,4.880000114440918,1752300,0.0,0.0
2023-06-05 00:00:00-04:00,4.880000114440918,5.110000133514404,4.869999885559082,4.880000114440918,305100,0.0,0.0
2023-06-06 00:00:00-04:00,4.869999885559082,5.047999858856201,4.829999923706055,4.96999979019165,230600,0.0,0.0
2023-06-07 00:00:00-04:00,4.989999771118164,5.090000152587891,4.829999923706055,4.829999923706055,294300,0.0,0.0
2023-06-08 00:00:00-04:00,4.789999961853027,4.849999904632568,4.75,4.769999980926514,238800,0.0,0.0
2023-06-09 00:00:00-04:00,4.78000020980835,4.900000095367432,4.760000228881836,4.880000114440918,425200,0.0,0.0
2023-06-12 00:00:00-04:00,4.889999866485596,5.070000171661377,4.869999885559082,5.059999942779541,312900,0.0,0.0
2023-06-13 00:00:00-04:00,5.159999847412109,5.159999847412109,4.960000038146973,5.039999961853027,638600,0.0,0.0
2023-06-14 00:00:00-04:00,5.019999980926514,5.070000171661377,4.900000095367432,4.989999771118164,312600,0.0,0.0
2023-06-15 00:00:00-04:00,4.889999866485596,5.059999942779541,4.75,5.0,971500,0.0,0.0
2023-06-16 00:00:00-04:00,5.130000114440918,5.130000114440918,4.849999904632568,4.960000038146973,913200,0.0,0.0
2023-06-20 00:00:00-04:00,4.929999828338623,5.019999980926514,4.860000133514404,4.860000133514404,371900,0.0,0.0
2023-06-21 00:00:00-04:00,4.849999904632568,4.849999904632568,4.699999809265137,4.800000190734863,402000,0.0,0.0
2023-06-22 00:00:00-04:00,4.730000019073486,4.840000152587891,4.71999979019165,4.809999942779541,349000,0.0,0.0
2023-06-23 00:00:00-04:00,4.769999980926514,4.880000114440918,4.711999893188477,4.880000114440918,385000,0.0,0.0
2023-06-26 00:00:00-04:00,4.900000095367432,4.96999979019165,4.760000228881836,4.789999961853027,276600,0.0,0.0
2023-06-27 00:00:00-04:00,4.800000190734863,4.840000152587891,4.679999828338623,4.690000057220459,247100,0.0,0.0
2023-06-28 00:00:00-04:00,4.679999828338623,4.75,4.659999847412109,4.71999979019165,158400,0.0,0.0
2023-06-29 00:00:00-04:00,4.739999771118164,4.860000133514404,4.695000171661377,4.849999904632568,453300,0.0,0.0
2023-06-30 00:00:00-04:00,4.869999885559082,4.920000076293945,4.78000020980835,4.860000133514404,340000,0.0,0.0
2023-07-03 00:00:00-04:00,4.900000095367432,4.940000057220459,4.78000020980835,4.889999866485596,224700,0.0,0.0
2023-07-05 00:00:00-04:00,4.820000171661377,4.829999923706055,4.710000038146973,4.78000020980835,264900,0.0,0.0
2023-07-06 00:00:00-04:00,4.769999980926514,4.800000190734863,4.679999828338623,4.760000228881836,234800,0.0,0.0
2023-07-07 00:00:00-04:00,4.670000076293945,4.739999771118164,4.614999771118164,4.619999885559082,455000,0.0,0.0
2023-07-10 00:00:00-04:00,4.550000190734863,4.690000057220459,4.550000190734863,4.679999828338623,428700,0.0,0.0
2023-07-11 00:00:00-04:00,4.619999885559082,4.710000038146973,4.590000152587891,4.670000076293945,1114900,0.0,0.0
2023-07-12 00:00:00-04:00,4.730000019073486,4.809999942779541,4.650000095367432,4.789999961853027,635100,0.0,0.0
2023-07-13 00:00:00-04:00,4.78000020980835,4.820000171661377,4.690000057220459,4.769999980926514,515900,0.0,0.0
2023-07-14 00:00:00-04:00,4.78000020980835,4.800000190734863,4.710000038146973,4.78000020980835,342500,0.0,0.0
2023-07-17 00:00:00-04:00,4.75,4.809999942779541,4.71999979019165,4.730000019073486,350000,0.0,0.0
2023-07-18 00:00:00-04:00,4.760000228881836,4.789999961853027,4.650000095367432,4.760000228881836,326400,0.0,0.0
2023-07-19 00:00:00-04:00,4.789999961853027,4.829999923706055,4.684999942779541,4.760000228881836,607600,0.0,0.0
2023-07-20 00:00:00-04:00,4.699999809265137,4.760000228881836,4.614999771118164,4.659999847412109,443700,0.0,0.0
2023-07-21 00:00:00-04:00,4.679999828338623,4.710000038146973,4.519999980926514,4.53000020980835,398400,0.0,0.0
2023-07-24 00:00:00-04:00,4.510000228881836,4.559999942779541,4.409999847412109,4.550000190734863,427100,0.0,0.0
2023-07-25 00:00:00-04:00,4.550000190734863,4.630000114440918,4.449999809265137,4.480000019073486,253900,0.0,0.0
2023-07-26 00:00:00-04:00,4.449999809265137,4.550000190734863,4.440000057220459,4.550000190734863,297400,0.0,0.0
2023-07-27 00:00:00-04:00,4.570000171661377,4.605000019073486,4.460000038146973,4.510000228881836,860500,0.0,0.0
2023-07-28 00:00:00-04:00,4.550000190734863,4.800000190734863,4.46999979019165,4.78000020980835,809300,0.0,0.0
2023-07-31 00:00:00-04:00,4.800000190734863,4.900000095367432,4.730000019073486,4.829999923706055,949500,0.0,0.0
2023-08-01 00:00:00-04:00,4.769999980926514,4.90500020980835,4.75,4.900000095367432,371700,0.0,0.0
2023-08-02 00:00:00-04:00,4.829999923706055,4.829999923706055,4.684999942779541,4.75,361900,0.0,0.0
2023-08-03 00:00:00-04:00,4.71999979019165,4.869999885559082,4.702000141143799,4.800000190734863,1875900,0.0,0.0
2023-08-04 00:00:00-04:00,4.820000171661377,4.880000114440918,4.710000038146973,4.75,431700,0.0,0.0
2023-08-07 00:00:00-04:00,4.739999771118164,4.739999771118164,4.5,4.570000171661377,338900,0.0,0.0
2023-08-08 00:00:00-04:00,4.5,4.510000228881836,4.440000057220459,4.5,434700,0.0,0.0
2023-08-09 00:00:00-04:00,4.519999980926514,4.519999980926514,4.065000057220459,4.179999828338623,840700,0.0,0.0
2023-08-10 00:00:00-04:00,4.21999979019165,4.320000171661377,4.199999809265137,4.25,420600,0.0,0.0
2023-08-11 00:00:00-04:00,4.25,4.289999961853027,4.150000095367432,4.170000076293945,211100,0.0,0.0
2023-08-14 00:00:00-04:00,4.139999866485596,4.284999847412109,4.059999942779541,4.260000228881836,351700,0.0,0.0
2023-08-15 00:00:00-04:00,4.679999828338623,4.888999938964844,4.519999980926514,4.769999980926514,1778000,0.0,0.0
2023-08-16 00:00:00-04:00,4.730000019073486,4.730000019073486,4.46999979019165,4.53000020980835,1076200,0.0,0.0
2023-08-17 00:00:00-04:00,4.46999979019165,4.554999828338623,4.400000095367432,4.480000019073486,854300,0.0,0.0
2023-08-18 00:00:00-04:00,4.400000095367432,4.46999979019165,4.301000118255615,4.409999847412109,336800,0.0,0.0
2023-08-21 00:00:00-04:00,4.409999847412109,4.429999828338623,4.309999942779541,4.369999885559082,495700,0.0,0.0
2023-08-22 00:00:00-04:00,4.400000095367432,4.480000019073486,4.380000114440918,4.460000038146973,384000,0.0,0.0
2023-08-23 00:00:00-04:00,4.460000038146973,4.809999942779541,4.440000057220459,4.71999979019165,1336500,0.0,0.0
2023-08-24 00:00:00-04:00,4.650000095367432,4.840000152587891,4.572999954223633,4.71999979019165,1368300,0.0,0.0
2023-08-25 00:00:00-04:00,4.730000019073486,4.800000190734863,4.710000038146973,4.760000228881836,413300,0.0,0.0
2023-08-28 00:00:00-04:00,4.71999979019165,4.795000076293945,4.670000076293945,4.730000019073486,351200,0.0,0.0
2023-08-29 00:00:00-04:00,4.679999828338623,4.945000171661377,4.679999828338623,4.829999923706055,946100,0.0,0.0
2023-08-30 00:00:00-04:00,4.820000171661377,5.070000171661377,4.789999961853027,5.0,1946400,0.0,0.0
2023-08-31 00:00:00-04:00,4.949999809265137,5.239999771118164,4.880000114440918,5.110000133514404,1267300,0.0,0.0
2023-09-01 00:00:00-04:00,5.119999885559082,5.164999961853027,4.980000019073486,5.010000228881836,566300,0.0,0.0
2023-09-05 00:00:00-04:00,4.949999809265137,5.025000095367432,4.710000038146973,4.820000171661377,463100,0.0,0.0
2023-09-06 00:00:00-04:00,4.789999961853027,4.849999904632568,4.75,4.78000020980835,285100,0.0,0.0
2023-09-07 00:00:00-04:00,4.760000228881836,4.760000228881836,4.599999904632568,4.71999979019165,602200,0.0,0.0
2023-09-08 00:00:00-04:00,4.71999979019165,4.71999979019165,4.489999771118164,4.519999980926514,539100,0.0,0.0
2023-09-11 00:00:00-04:00,4.559999942779541,4.579999923706055,4.460000038146973,4.480000019073486,344100,0.0,0.0
2023-09-12 00:00:00-04:00,4.480000019073486,4.619999885559082,4.449999809265137,4.599999904632568,655100,0.0,0.0
2023-09-13 00:00:00-04:00,4.610000133514404,4.75,4.570000171661377,4.619999885559082,964000,0.0,0.0
2023-09-14 00:00:00-04:00,4.630000114440918,4.659999847412109,4.445000171661377,4.460000038146973,560300,0.0,0.0
2023-09-15 00:00:00-04:00,4.449999809265137,4.46999979019165,4.369999885559082,4.429999828338623,962900,0.0,0.0
2023-09-18 00:00:00-04:00,4.389999866485596,4.454999923706055,4.369999885559082,4.400000095367432,368200,0.0,0.0
2023-09-19 00:00:00-04:00,4.400000095367432,4.429999828338623,4.340000152587891,4.429999828338623,734800,0.0,0.0
2023-09-20 00:00:00-04:00,4.440000057220459,4.519999980926514,4.360000133514404,4.449999809265137,313800,0.0,0.0
2023-09-21 00:00:00-04:00,4.409999847412109,4.434999942779541,4.210000038146973,4.25,1806100,0.0,0.0
2023-09-22 00:00:00-04:00,4.28000020980835,4.400000095367432,4.190000057220459,4.380000114440918,2170800,0.0,0.0
2023-09-25 00:00:00-04:00,4.360000133514404,4.420000076293945,4.335000038146973,4.369999885559082,526300,0.0,0.0
2023-09-26 00:00:00-04:00,4.340000152587891,4.375,4.170000076293945,4.199999809265137,1159800,0.0,0.0
2023-09-27 00:00:00-04:00,4.110000133514404,4.400000095367432,3.994999885559082,4.309999942779541,2522700,0.0,0.0
2023-09-28 00:00:00-04:00,4.320000171661377,4.590000152587891,4.269999980926514,4.510000228881836,2967600,0.0,0.0
2023-09-29 00:00:00-04:00,4.5,4.614999771118164,4.440000057220459,4.480000019073486,968300,0.0,0.0
2023-10-02 00:00:00-04:00,4.5,4.565000057220459,4.429999828338623,4.449999809265137,505900,0.0,0.0
2023-10-03 00:00:00-04:00,4.389999866485596,4.409999847412109,4.159999847412109,4.170000076293945,783400,0.0,0.0
2023-10-04 00:00:00-04:00,4.190000057220459,4.230000019073486,4.144999980926514,4.199999809265137,323700,0.0,0.0
2023-10-05 00:00:00-04:00,4.170000076293945,4.179999828338623,4.079999923706055,4.179999828338623,624700,0.0,0.0
2023-10-06 00:00:00-04:00,4.150000095367432,4.300000190734863,4.125,4.199999809265137,593400,0.0,0.0
2023-10-09 00:00:00-04:00,4.110000133514404,4.119999885559082,4.03000020980835,4.090000152587891,1101300,0.0,0.0
2023-10-10 00:00:00-04:00,4.099999904632568,4.179999828338623,4.065000057220459,4.090000152587891,553600,0.0,0.0
2023-10-11 00:00:00-04:00,4.070000171661377,4.09499979019165,3.930000066757202,3.990000009536743,646600,0.0,0.0
2023-10-12 00:00:00-04:00,3.930000066757202,3.9800000190734863,3.8399999141693115,3.9200000762939453,1242500,0.0,0.0
2023-10-13 00:00:00-04:00,3.890000104904175,3.8949999809265137,3.565000057220459,3.630000114440918,1608000,0.0,0.0
2023-10-16 00:00:00-04:00,3.630000114440918,3.7899999618530273,3.4800000190734863,3.75,1054700,0.0,0.0
2023-10-17 00:00:00-04:00,3.700000047683716,3.890000104904175,3.700000047683716,3.8499999046325684,926100,0.0,0.0
2023-10-18 00:00:00-04:00,3.8399999141693115,3.890000104904175,3.759999990463257,3.7799999713897705,725600,0.0,0.0
2023-10-19 00:00:00-04:00,3.7699999809265137,3.809999942779541,3.700000047683716,3.7300000190734863,334000,0.0,0.0
2023-10-20 00:00:00-04:00,3.7899999618530273,3.7899999618530273,3.630000114440918,3.700000047683716,642200,0.0,0.0
2023-10-23 00:00:00-04:00,3.6600000858306885,3.7799999713897705,3.5899999141693115,3.740000009536743,770500,0.0,0.0
2023-10-24 00:00:00-04:00,3.75,3.880000114440918,3.75,3.7899999618530273,477800,0.0,0.0
2023-10-25 00:00:00-04:00,3.75,3.75,3.684999942779541,3.700000047683716,541700,0.0,0.0
2023-10-26 00:00:00-04:00,3.680000066757202,3.759999990463257,3.609999895095825,3.700000047683716,629900,0.0,0.0
2023-10-27 00:00:00-04:00,3.740000009536743,3.75,3.6050000190734863,3.6600000858306885,635400,0.0,0.0
2023-10-30 00:00:00-04:00,3.6600000858306885,3.6700000762939453,3.5399999618530273,3.640000104904175,430600,0.0,0.0
2023-10-31 00:00:00-04:00,3.640000104904175,3.8299999237060547,3.5899999141693115,3.7300000190734863,437200,0.0,0.0
2023-11-01 00:00:00-04:00,3.7300000190734863,3.7300000190734863,3.6449999809265137,3.690000057220459,267700,0.0,0.0
2023-11-02 00:00:00-04:00,3.759999990463257,3.890000104904175,3.740000009536743,3.819999933242798,683000,0.0,0.0
2023-11-03 00:00:00-04:00,3.8499999046325684,4.019999980926514,3.8499999046325684,4.010000228881836,365000,0.0,0.0
2023-11-06 00:00:00-05:00,4.0,4.010000228881836,3.869999885559082,3.950000047683716,455500,0.0,0.0
2023-11-07 00:00:00-05:00,3.9600000381469727,4.050000190734863,3.930000066757202,3.990000009536743,286300,0.0,0.0
2023-11-08 00:00:00-05:00,3.9700000286102295,4.059999942779541,3.930000066757202,4.03000020980835,384100,0.0,0.0
2023-11-09 00:00:00-05:00,4.039999961853027,4.039999961853027,3.9230000972747803,3.950000047683716,410800,0.0,0.0
2023-11-10 00:00:00-05:00,3.9600000381469727,3.9600000381469727,3.875,3.930000066757202,249800,0.0,0.0
2023-11-13 00:00:00-05:00,3.9000000953674316,3.990000009536743,3.880000114440918,3.9800000190734863,378800,0.0,0.0
2023-11-14 00:00:00-05:00,4.079999923706055,4.21999979019165,4.039999961853027,4.199999809265137,572100,0.0,0.0
2023-11-15 00:00:00-05:00,4.159999847412109,4.159999847412109,3.75,3.930000066757202,1600100,0.0,0.0
2023-11-16 00:00:00-05:00,3.950000047683716,4.090000152587891,3.9000000953674316,4.010000228881836,690700,0.0,0.0
2023-11-17 00:00:00-05:00,3.9800000190734863,4.079999923706055,3.9079999923706055,4.059999942779541,858400,0.0,0.0
2023-11-20 00:00:00-05:00,4.050000190734863,4.09499979019165,3.990000009536743,3.990000009536743,350700,0.0,0.0
2023-11-21 00:00:00-05:00,3.9100000858306885,4.050000190734863,3.9100000858306885,3.9800000190734863,794500,0.0,0.0
2023-11-22 00:00:00-05:00,3.9800000190734863,4.179999828338623,3.9800000190734863,4.070000171661377,519900,0.0,0.0
2023-11-24 00:00:00-05:00,4.070000171661377,4.150000095367432,4.019999980926514,4.070000171661377,400300,0.0,0.0
2023-11-27 00:00:00-05:00,4.070000171661377,4.09499979019165,4.039999961853027,4.059999942779541,487800,0.0,0.0
2023-11-28 00:00:00-05:00,4.019999980926514,4.054999828338623,3.9700000286102295,4.019999980926514,475200,0.0,0.0
2023-11-29 00:00:00-05:00,4.090000152587891,4.114999771118164,4.039999961853027,4.059999942779541,452700,0.0,0.0
2023-11-30 00:00:00-05:00,4.059999942779541,4.070000171661377,3.9800000190734863,4.010000228881836,556000,0.0,0.0
2023-12-01 00:00:00-05:00,4.03000020980835,4.21999979019165,4.0,4.199999809265137,634100,0.0,0.0
2023-12-04 00:00:00-05:00,4.150000095367432,4.150000095367432,4.010000228881836,4.090000152587891,697600,0.0,0.0
2023-12-05 00:00:00-05:00,4.059999942779541,4.170000076293945,4.019999980926514,4.150000095367432,1459100,0.0,0.0
2023-12-06 00:00:00-05:00,4.190000057220459,4.335000038146973,4.110000133514404,4.309999942779541,1070000,0.0,0.0
2023-12-07 00:00:00-05:00,4.269999980926514,4.375,4.25,4.300000190734863,700700,0.0,0.0
2023-12-08 00:00:00-05:00,4.260000228881836,4.389999866485596,4.230000019073486,4.309999942779541,639000,0.0,0.0
2023-12-11 00:00:00-05:00,4.260000228881836,4.335000038146973,4.230000019073486,4.300000190734863,487400,0.0,0.0
2023-12-12 00:00:00-05:00,4.269999980926514,4.34499979019165,4.224999904632568,4.230000019073486,826600,0.0,0.0
2023-12-13 00:00:00-05:00,4.25,4.440000057220459,4.239999771118164,4.440000057220459,736300,0.0,0.0
2023-12-14 00:00:00-05:00,4.300000190734863,4.579999923706055,4.300000190734863,4.550000190734863,1246900,0.0,0.0
2023-12-15 00:00:00-05:00,4.579999923706055,4.599999904632568,4.454999923706055,4.5,515700,0.0,0.0
2023-12-18 00:00:00-05:00,4.460000038146973,4.505000114440918,4.420000076293945,4.46999979019165,513400,0.0,0.0
2023-12-19 00:00:00-05:00,4.53000020980835,4.590000152587891,4.480000019073486,4.5,447300,0.0,0.0
2023-12-20 00:00:00-05:00,4.480000019073486,4.630000114440918,4.420000076293945,4.429999828338623,546800,0.0,0.0
2023-12-21 00:00:00-05:00,4.480000019073486,4.565000057220459,4.460000038146973,4.550000190734863,407900,0.0,0.0
2023-12-22 00:00:00-05:00,4.460000038146973,4.635000228881836,4.460000038146973,4.579999923706055,441100,0.0,0.0
2023-12-26 00:00:00-05:00,4.550000190734863,4.589000225067139,4.510000228881836,4.519999980926514,512900,0.0,0.0
2023-12-27 00:00:00-05:00,4.5,4.614999771118164,4.5,4.590000152587891,559200,0.0,0.0
2023-12-28 00:00:00-05:00,4.559999942779541,4.739999771118164,4.539999961853027,4.679999828338623,462500,0.0,0.0
2023-12-29 00:00:00-05:00,4.650000095367432,4.760000228881836,4.639999866485596,4.679999828338623,542300,0.0,0.0
2024-01-02 00:00:00-05:00,4.53000020980835,4.539999961853027,4.400000095367432,4.440000057220459,742600,0.0,0.0
2024-01-03 00:00:00-05:00,4.400000095367432,4.449999809265137,4.300000190734863,4.300000190734863,668300,0.0,0.0
2024-01-04 00:00:00-05:00,4.300000190734863,4.480000019073486,4.269999980926514,4.420000076293945,657300,0.0,0.0
2024-01-05 00:00:00-05:00,4.409999847412109,4.534999847412109,4.349999904632568,4.420000076293945,536400,0.0,0.0
2024-01-08 00:00:00-05:00,4.389999866485596,4.599999904632568,4.389999866485596,4.480000019073486,719800,0.0,0.0
2024-01-09 00:00:00-05:00,4.420000076293945,4.539999961853027,4.409999847412109,4.409999847412109,672800,0.0,0.0
2024-01-10 00:00:00-05:00,4.440000057220459,4.525000095367432,4.360000133514404,4.440000057220459,925800,0.0,0.0
2024-01-11 00:00:00-05:00,4.440000057220459,4.510000228881836,4.380000114440918,4.449999809265137,455800,0.0,0.0
2024-01-12 00:00:00-05:00,4.449999809265137,4.550000190734863,4.389999866485596,4.409999847412109,443200,0.0,0.0
2024-01-16 00:00:00-05:00,4.349999904632568,4.394999980926514,4.289999961853027,4.349999904632568,558900,0.0,0.0
2024-01-17 00:00:00-05:00,4.300000190734863,4.360000133514404,4.260000228881836,4.349999904632568,450900,0.0,0.0
2024-01-18 00:00:00-05:00,4.400000095367432,4.445000171661377,4.320000171661377,4.340000152587891,382100,0.0,0.0
2024-01-19 00:00:00-05:00,4.349999904632568,4.420000076293945,4.264999866485596,4.369999885559082,468900,0.0,0.0
2024-01-22 00:00:00-05:00,4.400000095367432,4.5,4.329999923706055,4.449999809265137,409100,0.0,0.0
2024-01-23 00:00:00-05:00,4.480000019073486,4.650000095367432,4.440000057220459,4.559999942779541,674600,0.0,0.0
2024-01-24 00:00:00-05:00,4.619999885559082,4.619999885559082,4.46999979019165,4.46999979019165,410700,0.0,0.0
2024-01-25 00:00:00-05:00,4.480000019073486,4.559999942779541,4.480000019073486,4.5,350900,0.0,0.0
2024-01-26 00:00:00-05:00,4.510000228881836,4.690000057220459,4.440000057220459,4.590000152587891,428800,0.0,0.0
2024-01-29 00:00:00-05:00,4.579999923706055,4.769999980926514,4.53000020980835,4.760000228881836,498100,0.0,0.0
2024-01-30 00:00:00-05:00,4.75,4.789000034332275,4.684999942779541,4.739999771118164,730300,0.0,0.0
2024-01-31 00:00:00-05:00,4.71999979019165,4.764999866485596,4.579999923706055,4.590000152587891,346200,0.0,0.0
2024-02-01 00:00:00-05:00,4.610000133514404,4.75,4.599999904632568,4.739999771118164,478900,0.0,0.0
2024-02-02 00:00:00-05:00,4.710000038146973,4.769999980926514,4.670000076293945,4.710000038146973,447100,0.0,0.0
2024-02-05 00:00:00-05:00,4.619999885559082,4.670000076293945,4.570000171661377,4.570000171661377,462800,0.0,0.0
2024-02-06 00:00:00-05:00,4.559999942779541,4.715000152587891,4.559999942779541,4.670000076293945,437700,0.0,0.0
2024-02-07 00:00:00-05:00,4.71999979019165,4.795000076293945,4.630000114440918,4.71999979019165,384400,0.0,0.0
2024-02-08 00:00:00-05:00,4.699999809265137,4.800000190734863,4.630000114440918,4.71999979019165,450600,0.0,0.0
2024-02-09 00:00:00-05:00,4.730000019073486,4.815000057220459,4.679999828338623,4.75,448900,0.0,0.0
2024-02-12 00:00:00-05:00,4.78000020980835,4.934999942779541,4.71999979019165,4.820000171661377,467100,0.0,0.0
2024-02-13 00:00:00-05:00,4.590000152587891,4.715000152587891,4.519999980926514,4.619999885559082,473700,0.0,0.0
2024-02-14 00:00:00-05:00,4.659999847412109,4.735000133514404,4.619999885559082,4.679999828338623,753300,0.0,0.0
2024-02-15 00:00:00-05:00,4.760000228881836,4.760000228881836,4.591000080108643,4.639999866485596,675500,0.0,0.0
2024-02-16 00:00:00-05:00,4.559999942779541,4.690000057220459,4.5,4.579999923706055,345200,0.0,0.0
2024-02-20 00:00:00-05:00,4.550000190734863,4.570000171661377,4.46999979019165,4.519999980926514,455000,0.0,0.0
2024-02-21 00:00:00-05:00,4.449999809265137,4.485000133514404,4.340000152587891,4.460000038146973,350800,0.0,0.0
2024-02-22 00:00:00-05:00,4.460000038146973,4.534999847412109,4.420000076293945,4.460000038146973,515700,0.0,0.0
2024-02-23 00:00:00-05:00,4.480000019073486,4.605000019073486,4.445000171661377,4.570000171661377,265400,0.0,0.0
2024-02-26 00:00:00-05:00,4.5,4.699999809265137,4.5,4.610000133514404,329600,0.0,0.0
2024-02-27 00:00:00-05:00,4.619999885559082,4.699999809265137,4.539999961853027,4.630000114440918,374300,0.0,0.0
2024-02-28 00:00:00-05:00,4.590000152587891,4.65500020980835,4.510000228881836,4.53000020980835,375400,0.0,0.0
2024-02-29 00:00:00-05:00,4.590000152587891,4.625,4.519999980926514,4.579999923706055,822700,0.0,0.0
2024-03-01 00:00:00-05:00,4.590000152587891,4.675000190734863,4.539999961853027,4.659999847412109,338200,0.0,0.0
2024-03-04 00:00:00-05:00,4.650000095367432,4.65500020980835,4.534999847412109,4.570000171661377,454900,0.0,0.0
2024-03-05 00:00:00-05:00,4.690000057220459,5.079999923706055,4.619999885559082,5.019999980926514,2474300,0.0,0.0
2024-03-06 00:00:00-05:00,5.150000095367432,5.409999847412109,5.099999904632568,5.28000020980835,1537400,0.0,0.0
2024-03-07 00:00:00-05:00,5.260000228881836,5.300000190734863,5.159999847412109,5.190000057220459,866700,0.0,0.0
2024-03-08 00:00:00-05:00,5.119999885559082,5.25,5.0,5.139999866485596,795000,0.0,0.0
2024-03-11 00:00:00-04:00,5.099999904632568,5.289999961853027,5.090000152587891,5.21999979019165,630300,0.0,0.0
2024-03-12 00:00:00-04:00,5.210000038146973,5.308000087738037,5.170000076293945,5.28000020980835,498100,0.0,0.0
2024-03-13 00:00:00-04:00,5.230000019073486,5.320000171661377,5.170000076293945,5.210000038146973,475700,0.0,0.0
2024-03-14 00:00:00-04:00,5.179999828338623,5.21999979019165,5.025000095367432,5.079999923706055,614100,0.0,0.0
2024-03-15 00:00:00-04:00,4.989999771118164,5.059999942779541,4.940000057220459,5.019999980926514,522400,0.0,0.0
2024-03-18 00:00:00-04:00,5.010000228881836,5.210000038146973,5.0,5.159999847412109,435100,0.0,0.0
2024-03-19 00:00:00-04:00,5.170000076293945,5.269999980926514,5.099999904632568,5.239999771118164,382000,0.0,0.0
2024-03-20 00:00:00-04:00,5.230000019073486,5.389999866485596,5.224999904632568,5.300000190734863,437100,0.0,0.0
2024-03-21 00:00:00-04:00,5.300000190734863,5.375,5.230000019073486,5.25,504300,0.0,0.0
2024-03-22 00:00:00-04:00,5.260000228881836,5.329999923706055,5.190000057220459,5.28000020980835,463000,0.0,0.0
2024-03-25 00:00:00-04:00,5.340000152587891,5.385000228881836,5.239999771118164,5.28000020980835,335700,0.0,0.0
2024-03-26 00:00:00-04:00,5.300000190734863,5.5,5.239999771118164,5.420000076293945,448900,0.0,0.0
2024-03-27 00:00:00-04:00,5.449999809265137,5.485000133514404,5.335000038146973,5.369999885559082,387300,0.0,0.0
2024-03-28 00:00:00-04:00,5.369999885559082,5.449999809265137,5.309999942779541,5.409999847412109,381200,0.0,0.0
2024-04-01 00:00:00-04:00,5.420000076293945,5.46999979019165,5.329999923706055,5.369999885559082,464600,0.0,0.0
2024-04-02 00:00:00-04:00,5.309999942779541,5.429999828338623,5.269999980926514,5.420000076293945,376000,0.0,0.0
2024-04-03 00:00:00-04:00,5.329999923706055,5.519999980926514,5.309999942779541,5.510000228881836,717300,0.0,0.0
2024-04-04 00:00:00-04:00,5.590000152587891,5.639999866485596,5.429999828338623,5.449999809265137,763100,0.0,0.0
2024-04-05 00:00:00-04:00,5.460000038146973,5.5,5.210000038146973,5.239999771118164,869400,0.0,0.0
2024-04-08 00:00:00-04:00,5.25,5.309999942779541,5.190000057220459,5.230000019073486,667900,0.0,0.0
2024-04-09 00:00:00-04:00,5.21999979019165,5.320000171661377,5.204999923706055,5.320000171661377,1097800,0.0,0.0
2024-04-10 00:00:00-04:00,5.21999979019165,5.275000095367432,5.130000114440918,5.139999866485596,441100,0.0,0.0
2024-04-11 00:00:00-04:00,5.199999809265137,5.309999942779541,5.139999866485596,5.309999942779541,465200,0.0,0.0
2024-04-12 00:00:00-04:00,5.260000228881836,5.284999847412109,5.054999828338623,5.079999923706055,494400,0.0,0.0
2024-04-15 00:00:00-04:00,5.130000114440918,5.130000114440918,4.929999828338623,4.940000057220459,430000,0.0,0.0
2024-04-16 00:00:00-04:00,4.909999847412109,4.980000019073486,4.869999885559082,4.900000095367432,434600,0.0,0.0
2024-04-17 00:00:00-04:00,4.920000076293945,5.0,4.900000095367432,4.909999847412109,502800,0.0,0.0
2024-04-18 00:00:00-04:00,4.909999847412109,5.005000114440918,4.889999866485596,4.920000076293945,621100,0.0,0.0
2024-04-19 00:00:00-04:00,4.900000095367432,5.010000228881836,4.869999885559082,4.869999885559082,627900,0.0,0.0
2024-04-22 00:00:00-04:00,4.889999866485596,4.960000038146973,4.849999904632568,4.920000076293945,870900,0.0,0.0
2024-04-23 00:00:00-04:00,4.96999979019165,5.135000228881836,4.909999847412109,5.079999923706055,388700,0.0,0.0
2024-04-24 00:00:00-04:00,5.070000171661377,5.130000114440918,5.03000020980835,5.070000171661377,363400,0.0,0.0
2024-04-25 00:00:00-04:00,5.0,5.045000076293945,4.940000057220459,5.019999980926514,351800,0.0,0.0
2024-04-26 00:00:00-04:00,5.059999942779541,5.239999771118164,4.960000038146973,5.179999828338623,415000,0.0,0.0
2024-04-29 00:00:00-04:00,5.190000057220459,5.224999904632568,5.139999866485596,5.179999828338623,429700,0.0,0.0
2024-04-30 00:00:00-04:00,5.170000076293945,5.215000152587891,5.079999923706055,5.150000095367432,354200,0.0,0.0
2024-05-01 00:00:00-04:00,4.96999979019165,5.269999980926514,4.929999828338623,5.170000076293945,468600,0.0,0.0
2024-05-02 00:00:00-04:00,5.21999979019165,5.309999942779541,5.179999828338623,5.269999980926514,440000,0.0,0.0
2024-05-03 00:00:00-04:00,5.349999904632568,5.364999771118164,5.210000038146973,5.230000019073486,467400,0.0,0.0
2024-05-06 00:00:00-04:00,5.300000190734863,5.315000057220459,5.210000038146973,5.21999979019165,414200,0.0,0.0
2024-05-07 00:00:00-04:00,5.21999979019165,5.25,5.179999828338623,5.230000019073486,642500,0.0,0.0
2024-05-08 00:00:00-04:00,5.210000038146973,5.239999771118164,5.159999847412109,5.199999809265137,507900,0.0,0.0
2024-05-09 00:00:00-04:00,5.199999809265137,5.230000019073486,5.039999961853027,5.050000190734863,1276900,0.0,0.0
2024-05-10 00:00:00-04:00,5.050000190734863,5.199999809265137,5.010000228881836,5.199999809265137,616100,0.0,0.0
2024-05-13 00:00:00-04:00,5.199999809265137,5.2829999923706055,5.090000152587891,5.099999904632568,927200,0.0,0.0
2024-05-14 00:00:00-04:00,5.139999866485596,5.360000133514404,5.110000133514404,5.360000133514404,933800,0.0,0.0
2024-05-15 00:00:00-04:00,5.75,6.289999961853027,5.699999809265137,6.179999828338623,3044900,0.0,0.0
2024-05-16 00:00:00-04:00,6.090000152587891,6.130000114440918,5.800000190734863,5.829999923706055,905400,0.0,0.0
2024-05-17 00:00:00-04:00,5.599999904632568,5.980000019073486,5.570000171661377,5.96999979019165,1560400,0.0,0.0
2024-05-20 00:00:00-04:00,6.0,6.150000095367432,5.96999979019165,6.070000171661377,1681500,0.0,0.0
2024-05-21 00:00:00-04:00,6.050000190734863,6.079999923706055,5.96999979019165,6.039999961853027,1005100,0.0,0.0
2024-05-22 00:00:00-04:00,6.019999980926514,6.25,6.010000228881836,6.119999885559082,1303300,0.0,0.0
2024-05-23 00:00:00-04:00,6.150000095367432,6.170000076293945,6.090000152587891,6.139999866485596,713400,0.0,0.0
2024-05-24 00:00:00-04:00,6.110000133514404,6.309999942779541,6.059999942779541,6.260000228881836,1220700,0.0,0.0
2024-05-28 00:00:00-04:00,6.25,6.260000228881836,5.980000019073486,5.989999771118164,644400,0.0,0.0
2024-05-29 00:00:00-04:00,5.900000095367432,6.099999904632568,5.840000152587891,6.090000152587891,921400,0.0,0.0
2024-05-30 00:00:00-04:00,6.090000152587891,6.170000076293945,6.019999980926514,6.079999923706055,982300,0.0,0.0
2024-05-31 00:00:00-04:00,6.119999885559082,6.135000228881836,6.0,6.090000152587891,1115100,0.0,0.0
2024-06-03 00:00:00-04:00,6.150000095367432,6.199999809265137,5.985000133514404,6.099999904632568,592400,0.0,0.0
2024-06-04 00:00:00-04:00,6.070000171661377,6.119999885559082,6.03000020980835,6.070000171661377,531600,0.0,0.0
2024-06-05 00:00:00-04:00,6.119999885559082,6.255000114440918,6.050000190734863,6.25,901300,0.0,0.0
2024-06-06 00:00:00-04:00,6.429999828338623,6.510000228881836,6.235000133514404,6.25,1468700,0.0,0.0
2024-06-07 00:00:00-04:00,6.150000095367432,6.199999809265137,6.019999980926514,6.130000114440918,721600,0.0,0.0
2024-06-10 00:00:00-04:00,6.150000095367432,6.244999885559082,6.050000190734863,6.199999809265137,919000,0.0,0.0
2024-06-11 00:00:00-04:00,6.139999866485596,6.28000020980835,6.119999885559082,6.170000076293945,540300,0.0,0.0
2024-06-12 00:00:00-04:00,6.300000190734863,6.394999980926514,6.199999809265137,6.289999961853027,741700,0.0,0.0
2024-06-13 00:00:00-04:00,6.28000020980835,6.28000020980835,6.039999961853027,6.079999923706055,560000,0.0,0.0
2024-06-14 00:00:00-04:00,6.050000190734863,6.119999885559082,6.03000020980835,6.050000190734863,558900,0.0,0.0
2024-06-17 00:00:00-04:00,6.050000190734863,6.164999961853027,6.03000020980835,6.139999866485596,1515800,0.0,0.0
2024-06-18 00:00:00-04:00,6.070000171661377,6.159999847412109,6.010000228881836,6.110000133514404,553500,0.0,0.0
2024-06-20 00:00:00-04:00,6.090000152587891,6.190000057220459,6.054999828338623,6.139999866485596,645000,0.0,0.0
2024-06-21 00:00:00-04:00,6.119999885559082,6.329999923706055,6.090000152587891,6.329999923706055,873800,0.0,0.0
2024-06-24 00:00:00-04:00,6.329999923706055,6.369999885559082,6.21999979019165,6.25,612900,0.0,0.0
2024-06-25 00:00:00-04:00,6.269999980926514,6.409999847412109,6.239999771118164,6.380000114440918,475700,0.0,0.0
2024-06-26 00:00:00-04:00,6.389999866485596,6.449999809265137,6.320000171661377,6.369999885559082,564900,0.0,0.0
2024-06-27 00:00:00-04:00,6.380000114440918,6.550000190734863,6.349999904632568,6.519999980926514,658900,0.0,0.0
2024-06-28 00:00:00-04:00,6.519999980926514,6.539999961853027,6.340000152587891,6.389999866485596,894700,0.0,0.0
2024-07-01 00:00:00-04:00,6.429999828338623,6.480000019073486,6.295000076293945,6.409999847412109,902900,0.0,0.0
2024-07-02 00:00:00-04:00,6.400000095367432,6.550000190734863,6.360000133514404,6.53000020980835,874800,0.0,0.0
2024-07-03 00:00:00-04:00,6.550000190734863,6.639999866485596,6.480000019073486,6.550000190734863,511600,0.0,0.0
2024-07-05 00:00:00-04:00,6.539999961853027,6.644999980926514,6.5,6.5,423400,0.0,0.0
2024-07-08 00:00:00-04:00,6.489999771118164,6.619999885559082,6.460000038146973,6.559999942779541,365700,0.0,0.0
2024-07-09 00:00:00-04:00,6.539999961853027,6.539999961853027,6.304999828338623,6.360000133514404,689400,0.0,0.0
2024-07-10 00:00:00-04:00,6.019999980926514,6.099999904632568,5.849999904632568,5.980000019073486,1711400,0.0,0.0
2024-07-11 00:00:00-04:00,6.0,6.239999771118164,5.989999771118164,6.21999979019165,1560600,0.0,0.0
2024-07-12 00:00:00-04:00,6.260000228881836,6.429999828338623,6.260000228881836,6.360000133514404,427000,0.0,0.0
2024-07-15 00:00:00-04:00,6.400000095367432,6.429999828338623,6.199999809265137,6.199999809265137,604000,0.0,0.0
2024-07-16 00:00:00-04:00,6.28000020980835,6.559999942779541,6.28000020980835,6.519999980926514,1091100,0.0,0.0
2024-07-17 00:00:00-04:00,6.480000019073486,6.559999942779541,6.329999923706055,6.360000133514404,643700,0.0,0.0
2024-07-18 00:00:00-04:00,6.369999885559082,6.40500020980835,6.224999904632568,6.269999980926514,627800,0.0,0.0
2024-07-19 00:00:00-04:00,6.289999961853027,6.394999980926514,6.28000020980835,6.340000152587891,451400,0.0,0.0
2024-07-22 00:00:00-04:00,6.400000095367432,6.489999771118164,6.289999961853027,6.300000190734863,731100,0.0,0.0
2024-07-23 00:00:00-04:00,6.28000020980835,6.449999809265137,6.21999979019165,6.380000114440918,914800,0.0,0.0
2024-07-24 00:00:00-04:00,6.360000133514404,6.400000095367432,6.079999923706055,6.090000152587891,525000,0.0,0.0
2024-07-25 00:00:00-04:00,6.130000114440918,6.224999904632568,6.059999942779541,6.099999904632568,663200,0.0,0.0
2024-07-26 00:00:00-04:00,6.199999809265137,6.284999847412109,6.099999904632568,6.199999809265137,423700,0.0,0.0
2024-07-29 00:00:00-04:00,6.25,6.340000152587891,6.210000038146973,6.25,612700,0.0,0.0
2024-07-30 00:00:00-04:00,6.260000228881836,6.360000133514404,6.179999828338623,6.210000038146973,435400,0.0,0.0
2024-07-31 00:00:00-04:00,6.309999942779541,6.369999885559082,6.239999771118164,6.28000020980835,612500,0.0,0.0
2024-08-01 00:00:00-04:00,6.260000228881836,6.320000171661377,5.994999885559082,6.079999923706055,579200,0.0,0.0
2024-08-02 00:00:00-04:00,5.880000114440918,5.880000114440918,5.769999980926514,5.849999904632568,917100,0.0,0.0
2024-08-05 00:00:00-04:00,5.519999980926514,5.784999847412109,5.452000141143799,5.730000019073486,627300,0.0,0.0
2024-08-06 00:00:00-04:00,5.760000228881836,5.809999942779541,5.730000019073486,5.760000228881836,1097700,0.0,0.0
2024-08-07 00:00:00-04:00,5.889999866485596,5.949999809265137,5.690000057220459,5.75,797300,0.0,0.0
2024-08-08 00:00:00-04:00,5.789999961853027,5.929999828338623,5.75,5.889999866485596,965100,0.0,0.0
2024-08-09 00:00:00-04:00,5.909999847412109,5.934999942779541,5.860000133514404,5.909999847412109,464800,0.0,0.0
2024-08-12 00:00:00-04:00,5.889999866485596,6.025000095367432,5.889999866485596,5.909999847412109,452400,0.0,0.0
2024-08-13 00:00:00-04:00,5.940000057220459,6.050000190734863,5.940000057220459,5.960000038146973,1486900,0.0,0.0
2024-08-14 00:00:00-04:00,5.5,5.710000038146973,4.590000152587891,4.599999904632568,2714600,0.0,0.0
2024-08-15 00:00:00-04:00,4.619999885559082,4.775000095367432,4.539999961853027,4.650000095367432,2359300,0.0,0.0
2024-08-16 00:00:00-04:00,4.619999885559082,4.698999881744385,4.579999923706055,4.659999847412109,1090900,0.0,0.0
2024-08-19 00:00:00-04:00,4.659999847412109,4.820000171661377,4.65500020980835,4.760000228881836,1088700,0.0,0.0
2024-08-20 00:00:00-04:00,4.800000190734863,4.860000133514404,4.679999828338623,4.760000228881836,859100,0.0,0.0
2024-08-21 00:00:00-04:00,4.739999771118164,4.815000057220459,4.739999771118164,4.769999980926514,573000,0.0,0.0
2024-08-22 00:00:00-04:00,4.760000228881836,4.824999809265137,4.739999771118164,4.75,601200,0.0,0.0
2024-08-23 00:00:00-04:00,4.760000228881836,4.929999828338623,4.760000228881836,4.869999885559082,567800,0.0,0.0
2024-08-26 00:00:00-04:00,4.849999904632568,4.998000144958496,4.823999881744385,4.909999847412109,503200,0.0,0.0
2024-08-27 00:00:00-04:00,4.840000152587891,4.949999809265137,4.840000152587891,4.929999828338623,458200,0.0,0.0
2024-08-28 00:00:00-04:00,4.909999847412109,5.050000190734863,4.889999866485596,4.920000076293945,629100,0.0,0.0
2024-08-29 00:00:00-04:00,4.840000152587891,5.15500020980835,4.809999942779541,5.019999980926514,912300,0.0,0.0
2024-08-30 00:00:00-04:00,5.019999980926514,5.190000057220459,5.010000228881836,5.179999828338623,913100,0.0,0.0
2024-09-03 00:00:00-04:00,5.119999885559082,5.224999904632568,4.945000171661377,4.989999771118164,925500,0.0,0.0
2024-09-04 00:00:00-04:00,4.960000038146973,5.150000095367432,4.945000171661377,4.980000019073486,688200,0.0,0.0
2024-09-05 00:00:00-04:00,4.949999809265137,5.090000152587891,4.864999771118164,4.889999866485596,841000,0.0,0.0
2024-09-06 00:00:00-04:00,4.889999866485596,4.965000152587891,4.760000228881836,4.78000020980835,574200,0.0,0.0
2024-09-09 00:00:00-04:00,4.789999961853027,4.860000133514404,4.760000228881836,4.789999961853027,615400,0.0,0.0
2024-09-10 00:00:00-04:00,4.769999980926514,4.795000076293945,4.521999835968018,4.650000095367432,1174400,0.0,0.0
2024-09-11 00:00:00-04:00,4.639999866485596,4.755000114440918,4.5,4.579999923706055,681000,0.0,0.0
2024-09-12 00:00:00-04:00,4.570000171661377,4.744999885559082,4.539999961853027,4.639999866485596,551200,0.0,0.0
2024-09-13 00:00:00-04:00,4.679999828338623,4.835000038146973,4.679999828338623,4.699999809265137,728100,0.0,0.0
2024-09-16 00:00:00-04:00,4.699999809265137,4.704999923706055,4.550000190734863,4.619999885559082,574400,0.0,0.0
2024-09-17 00:00:00-04:00,4.610000133514404,4.730000019073486,4.610000133514404,4.699999809265137,533000,0.0,0.0
2024-09-18 00:00:00-04:00,4.699999809265137,4.820000171661377,4.679999828338623,4.710000038146973,560700,0.0,0.0
2024-09-19 00:00:00-04:00,4.840000152587891,4.849999904632568,4.735000133514404,4.829999923706055,397500,0.0,0.0
2024-09-20 00:00:00-04:00,4.840000152587891,4.920000076293945,4.78000020980835,4.860000133514404,453100,0.0,0.0
2024-09-23 00:00:00-04:00,4.869999885559082,4.900000095367432,4.739999771118164,4.75,580900,0.0,0.0
2024-09-24 00:00:00-04:00,4.78000020980835,4.820000171661377,4.699999809265137,4.820000171661377,343400,0.0,0.0
2024-09-25 00:00:00-04:00,4.769999980926514,4.809999942779541,4.690000057220459,4.699999809265137,348100,0.0,0.0
2024-09-26 00:00:00-04:00,4.789999961853027,4.829999923706055,4.724999904632568,4.760000228881836,508300,0.0,0.0
2024-09-27 00:00:00-04:00,4.789999961853027,4.84499979019165,4.739999771118164,4.769999980926514,256400,0.0,0.0
2024-09-30 00:00:00-04:00,4.739999771118164,4.78000020980835,4.630000114440918,4.730000019073486,472800,0.0,0.0
2024-10-01 00:00:00-04:00,4.75,4.75,4.519999980926514,4.519999980926514,315700,0.0,0.0
2024-10-02 00:00:00-04:00,4.519999980926514,4.579999923706055,4.510000228881836,4.539999961853027,281000,0.0,0.0
2024-10-03 00:00:00-04:00,4.5,4.534999847412109,4.449999809265137,4.480000019073486,296900,0.0,0.0
2024-10-04 00:00:00-04:00,4.480000019073486,4.605000019073486,4.46999979019165,4.53000020980835,527800,0.0,0.0
2024-10-07 00:00:00-04:00,4.460000038146973,4.510000228881836,4.349999904632568,4.389999866485596,448200,0.0,0.0
2024-10-08 00:00:00-04:00,4.340000152587891,4.480000019073486,4.340000152587891,4.449999809265137,848400,0.0,0.0
2024-10-09 00:00:00-04:00,4.409999847412109,4.519999980926514,4.389999866485596,4.449999809265137,366100,0.0,0.0
2024-10-10 00:00:00-04:00,4.420000076293945,4.570000171661377,4.414999961853027,4.510000228881836,301200,0.0,0.0
2024-10-11 00:00:00-04:00,4.489999771118164,4.619999885559082,4.460000038146973,4.610000133514404,266300,0.0,0.0
2024-10-14 00:00:00-04:00,4.570000171661377,4.65500020980835,4.545000076293945,4.630000114440918,240900,0.0,0.0
2024-10-15 00:00:00-04:00,4.570000171661377,4.699999809265137,4.570000171661377,4.630000114440918,474100,0.0,0.0
2024-10-16 00:00:00-04:00,4.650000095367432,4.675000190734863,4.550000190734863,4.570000171661377,277900,0.0,0.0
2024-10-17 00:00:00-04:00,4.570000171661377,4.684999942779541,4.559999942779541,4.599999904632568,509100,0.0,0.0
2024-10-18 00:00:00-04:00,4.639999866485596,4.71999979019165,4.480000019073486,4.53000020980835,596900,0.0,0.0
2024-10-21 00:00:00-04:00,4.480000019073486,4.574999809265137,4.449999809265137,4.53000020980835,335600,0.0,0.0
2024-10-22 00:00:00-04:00,4.510000228881836,4.545000076293945,4.449999809265137,4.460000038146973,277200,0.0,0.0
2024-10-23 00:00:00-04:00,4.440000057220459,4.494999885559082,4.375,4.420000076293945,258500,0.0,0.0
2024-10-24 00:00:00-04:00,4.440000057220459,4.489999771118164,4.400000095367432,4.409999847412109,223500,0.0,0.0
2024-10-25 00:00:00-04:00,4.420000076293945,4.494999885559082,4.409999847412109,4.420000076293945,219500,0.0,0.0
2024-10-28 00:00:00-04:00,4.449999809265137,4.554999828338623,4.420000076293945,4.460000038146973,215900,0.0,0.0
2024-10-29 00:00:00-04:00,4.420000076293945,4.519999980926514,4.420000076293945,4.5,213100,0.0,0.0
2024-10-30 00:00:00-04:00,4.480000019073486,4.614999771118164,4.480000019073486,4.5,189700,0.0,0.0
2024-10-31 00:00:00-04:00,4.480000019073486,4.574999809265137,4.425000190734863,4.46999979019165,252600,0.0,0.0
2024-11-01 00:00:00-04:00,4.489999771118164,4.548999786376953,4.400000095367432,4.420000076293945,226300,0.0,0.0
2024-11-04 00:00:00-05:00,4.380000114440918,4.505000114440918,4.380000114440918,4.46999979019165,471300,0.0,0.0
2024-11-05 00:00:00-05:00,4.440000057220459,4.610000133514404,4.440000057220459,4.510000228881836,715300,0.0,0.0
2024-11-06 00:00:00-05:00,4.5,4.673999786376953,4.5,4.610000133514404,308800,0.0,0.0
2024-11-07 00:00:00-05:00,4.599999904632568,4.75,4.559999942779541,4.71999979019165,364300,0.0,0.0
2024-11-08 00:00:00-05:00,4.710000038146973,4.744999885559082,4.590000152587891,4.599999904632568,287000,0.0,0.0
2024-11-11 00:00:00-05:00,4.599999904632568,4.659999847412109,4.290999889373779,4.550000190734863,1226300,0.0,0.0
2024-11-12 00:00:00-05:00,4.510000228881836,4.53000020980835,4.139999866485596,4.289999961853027,1453300,0.0,0.0
2024-11-13 00:00:00-05:00,5.0,5.199999809265137,4.429999828338623,4.559999942779541,2732100,0.0,0.0
2024-11-14 00:00:00-05:00,4.570000171661377,4.849999904632568,4.559999942779541,4.630000114440918,1069700,0.0,0.0
2024-11-15 00:00:00-05:00,4.460000038146973,4.550000190734863,4.260000228881836,4.340000152587891,1494900,0.0,0.0
2024-11-18 00:00:00-05:00,4.269999980926514,4.400000095367432,4.269999980926514,4.349999904632568,892200,0.0,0.0
2024-11-19 00:00:00-05:00,4.300000190734863,4.465000152587891,4.28000020980835,4.409999847412109,677300,0.0,0.0
2024-11-20 00:00:00-05:00,4.360000133514404,4.514999866485596,4.360000133514404,4.440000057220459,525000,0.0,0.0
2024-11-21 00:00:00-05:00,4.420000076293945,4.625,4.409999847412109,4.579999923706055,600900,0.0,0.0
2024-11-22 00:00:00-05:00,4.590000152587891,4.735000133514404,4.579999923706055,4.699999809265137,477700,0.0,0.0
2024-11-25 00:00:00-05:00,4.710000038146973,4.804999828338623,4.644999980926514,4.690000057220459,844800,0.0,0.0
2024-11-26 00:00:00-05:00,4.659999847412109,4.78000020980835,4.550000190734863,4.690000057220459,604500,0.0,0.0
2024-11-27 00:00:00-05:00,4.670000076293945,4.840000152587891,4.659999847412109,4.800000190734863,537500,0.0,0.0
2024-11-29 00:00:00-05:00,4.78000020980835,4.954999923706055,4.78000020980835,4.849999904632568,312100,0.0,0.0
2024-12-02 00:00:00-05:00,4.760000228881836,4.866000175476074,4.730000019073486,4.769999980926514,701700,0.0,0.0
2024-12-03 00:00:00-05:00,4.75,4.920000076293945,4.730000019073486,4.880000114440918,580200,0.0,0.0
2024-12-04 00:00:00-05:00,4.869999885559082,5.09499979019165,4.829999923706055,4.989999771118164,659900,0.0,0.0
2024-12-05 00:00:00-05:00,4.96999979019165,5.010000228881836,4.880000114440918,4.900000095367432,399800,0.0,0.0
2024-12-06 00:00:00-05:00,4.920000076293945,5.090000152587891,4.920000076293945,5.019999980926514,619900,0.0,0.0
2024-12-09 00:00:00-05:00,5.03000020980835,5.340000152587891,5.019999980926514,5.130000114440918,1272400,0.0,0.0
2024-12-10 00:00:00-05:00,5.099999904632568,5.144999980926514,4.985000133514404,5.03000020980835,641400,0.0,0.0
2024-12-11 00:00:00-05:00,5.050000190734863,5.184999942779541,5.03000020980835,5.099999904632568,560100,0.0,0.0
2024-12-12 00:00:00-05:00,5.039999961853027,5.110000133514404,5.0,5.019999980926514,421800,0.0,0.0
2024-12-13 00:00:00-05:00,5.0,5.050000190734863,4.909999847412109,4.920000076293945,400400,0.0,0.0
2024-12-16 00:00:00-05:00,4.889999866485596,4.949999809265137,4.78000020980835,4.840000152587891,378900,0.0,0.0
2024-12-17 00:00:00-05:00,4.78000020980835,4.900000095367432,4.769999980926514,4.849999904632568,404700,0.0,0.0
2024-12-18 00:00:00-05:00,4.860000133514404,4.929999828338623,4.625,4.659999847412109,390600,0.0,0.0
2024-12-19 00:00:00-05:00,4.699999809265137,4.739999771118164,4.570000171661377,4.590000152587891,318500,0.0,0.0
2024-12-20 00:00:00-05:00,4.570000171661377,4.75,4.510000228881836,4.639999866485596,303000,0.0,0.0
2024-12-23 00:00:00-05:00,4.619999885559082,4.695000171661377,4.605000019073486,4.679999828338623,462700,0.0,0.0
2024-12-24 00:00:00-05:00,4.710000038146973,4.839000225067139,4.682000160217285,4.809999942779541,260000,0.0,0.0
2024-12-26 00:00:00-05:00,4.789999961853027,4.860000133514404,4.75,4.829999923706055,269200,0.0,0.0
2024-12-27 00:00:00-05:00,4.829999923706055,4.840000152587891,4.699999809265137,4.75,364500,0.0,0.0
2024-12-30 00:00:00-05:00,4.679999828338623,4.78000020980835,4.659999847412109,4.739999771118164,393900,0.0,0.0
2024-12-31 00:00:00-05:00,4.739999771118164,4.800000190734863,4.699999809265137,4.730000019073486,414900,0.0,0.0
2025-01-02 00:00:00-05:00,4.730000019073486,4.840000152587891,4.704999923706055,4.75,326000,0.0,0.0
2025-01-03 00:00:00-05:00,4.789999961853027,4.84499979019165,4.764999866485596,4.829999923706055,289900,0.0,0.0
2025-01-06 00:00:00-05:00,4.860000133514404,4.929999828338623,4.804999828338623,4.809999942779541,359500,0.0,0.0
2025-01-07 00:00:00-05:00,4.869999885559082,4.889999866485596,4.724999904632568,4.75,364100,0.0,0.0
2025-01-08 00:00:00-05:00,4.71999979019165,4.760000228881836,4.65500020980835,4.710000038146973,257900,0.0,0.0
2025-01-10 00:00:00-05:00,4.679999828338623,4.71999979019165,4.619999885559082,4.690000057220459,262000,0.0,0.0
2025-01-13 00:00:00-05:00,4.659999847412109,4.71999979019165,4.605000019073486,4.630000114440918,314500,0.0,0.0
2025-01-14 00:00:00-05:00,4.630000114440918,4.840000152587891,4.630000114440918,4.820000171661377,526400,0.0,0.0
2025-01-15 00:00:00-05:00,4.940000057220459,5.050000190734863,4.909999847412109,5.039999961853027,1205000,0.0,0.0
2025-01-16 00:00:00-05:00,5.050000190734863,5.119999885559082,4.934999942779541,4.960000038146973,725700,0.0,0.0
2025-01-17 00:00:00-05:00,5.010000228881836,5.040999889373779,4.949999809265137,5.03000020980835,310000,0.0,0.0
2025-01-21 00:00:00-05:00,5.03000020980835,5.164999961853027,5.005000114440918,5.159999847412109,378500,0.0,0.0
2025-01-22 00:00:00-05:00,5.170000076293945,5.210000038146973,5.099999904632568,5.150000095367432,250500,0.0,0.0
2025-01-23 00:00:00-05:00,5.139999866485596,5.190000057220459,5.050000190734863,5.119999885559082,401200,0.0,0.0
2025-01-24 00:00:00-05:00,5.119999885559082,5.269999980926514,5.090000152587891,5.25,417700,0.0,0.0
2025-01-27 00:00:00-05:00,5.150000095367432,5.239999771118164,5.090000152587891,5.170000076293945,419100,0.0,0.0
2025-01-28 00:00:00-05:00,5.170000076293945,5.28000020980835,5.119999885559082,5.150000095367432,961100,0.0,0.0
2025-01-29 00:00:00-05:00,5.150000095367432,5.198999881744385,5.039999961853027,5.099999904632568,1279800,0.0,0.0
2025-01-30 00:00:00-05:00,5.130000114440918,5.244999885559082,5.130000114440918,5.190000057220459,347600,0.0,0.0
2025-01-31 00:00:00-05:00,5.199999809265137,5.255000114440918,5.125,5.139999866485596,278700,0.0,0.0
2025-02-03 00:00:00-05:00,5.03000020980835,5.170000076293945,5.019999980926514,5.150000095367432,306300,0.0,0.0
2025-02-04 00:00:00-05:00,5.150000095367432,5.284999847412109,5.150000095367432,5.25,320200,0.0,0.0
2025-02-05 00:00:00-05:00,5.260000228881836,5.309999942779541,5.21999979019165,5.260000228881836,293800,0.0,0.0
2025-02-06 00:00:00-05:00,5.28000020980835,5.320000171661377,5.25,5.269999980926514,441900,0.0,0.0
2025-02-07 00:00:00-05:00,5.309999942779541,5.394999980926514,5.25,5.340000152587891,524200,0.0,0.0
2025-02-10 00:00:00-05:00,5.389999866485596,5.65500020980835,5.340000152587891,5.619999885559082,593100,0.0,0.0
2025-02-11 00:00:00-05:00,5.599999904632568,5.989999771118164,5.59499979019165,5.869999885559082,859200,0.0,0.0
2025-02-12 00:00:00-05:00,5.800000190734863,5.880000114440918,5.771999835968018,5.809999942779541,494900,0.0,0.0
2025-02-13 00:00:00-05:00,5.869999885559082,5.994999885559082,5.800000190734863,5.900000095367432,433300,0.0,0.0
2025-02-14 00:00:00-05:00,5.940000057220459,5.949999809265137,5.760000228881836,5.869999885559082,281400,0.0,0.0
2025-02-18 00:00:00-05:00,5.860000133514404,5.860000133514404,5.769999980926514,5.809999942779541,306700,0.0,0.0
2025-02-19 00:00:00-05:00,5.829999923706055,5.829999923706055,5.610000133514404,5.610000133514404,279800,0.0,0.0
2025-02-20 00:00:00-05:00,5.610000133514404,5.614999771118164,5.480000019073486,5.53000020980835,313300,0.0,0.0
2025-02-21 00:00:00-05:00,5.570000171661377,5.579999923706055,5.340000152587891,5.349999904632568,316500,0.0,0.0
2025-02-24 00:00:00-05:00,5.360000133514404,5.369999885559082,5.15500020980835,5.28000020980835,586100,0.0,0.0
2025-02-25 00:00:00-05:00,5.239999771118164,5.269999980926514,5.139999866485596,5.199999809265137,372100,0.0,0.0
2025-02-26 00:00:00-05:00,5.269999980926514,5.284999847412109,5.170000076293945,5.199999809265137,360400,0.0,0.0
2025-02-27 00:00:00-05:00,5.210000038146973,5.244999885559082,5.099999904632568,5.159999847412109,427800,0.0,0.0
2025-02-28 00:00:00-05:00,5.150000095367432,5.215000152587891,5.085000038146973,5.139999866485596,432800,0.0,0.0
2025-03-03 00:00:00-05:00,5.480000019073486,5.570000171661377,5.150000095367432,5.150000095367432,660000,0.0,0.0
2025-03-04 00:00:00-05:00,5.079999923706055,5.130000114440918,5.007999897003174,5.059999942779541,596000,0.0,0.0
2025-03-05 00:00:00-05:00,4.650000095367432,5.5,4.599999904632568,5.210000038146973,3505300,0.0,0.0
2025-03-06 00:00:00-05:00,5.159999847412109,5.230000019073486,4.914999961853027,4.920000076293945,1107500,0.0,0.0
2025-03-07 00:00:00-05:00,4.800000190734863,4.880000114440918,4.53000020980835,4.619999885559082,1015500,0.0,0.0
2025-03-10 00:00:00-04:00,4.610000133514404,4.639999866485596,4.449999809265137,4.570000171661377,1054200,0.0,0.0
2025-03-11 00:00:00-04:00,4.570000171661377,4.775000095367432,4.570000171661377,4.659999847412109,625400,0.0,0.0
2025-03-12 00:00:00-04:00,4.71999979019165,4.775000095367432,4.570000171661377,4.710000038146973,422500,0.0,0.0
2025-03-13 00:00:00-04:00,4.670000076293945,4.670000076293945,4.510000228881836,4.519999980926514,393700,0.0,0.0
2025-03-14 00:00:00-04:00,4.579999923706055,4.644999980926514,4.5,4.510000228881836,569500,0.0,0.0
2025-03-17 00:00:00-04:00,4.510000228881836,4.599999904632568,4.480000019073486,4.5,865900,0.0,0.0
2025-03-18 00:00:00-04:00,4.460000038146973,4.550000190734863,4.440000057220459,4.489999771118164,367500,0.0,0.0
2025-03-19 00:00:00-04:00,4.5,4.670000076293945,4.449999809265137,4.670000076293945,506900,0.0,0.0
2025-03-20 00:00:00-04:00,4.619999885559082,4.795000076293945,4.619999885559082,4.690000057220459,391100,0.0,0.0
2025-03-21 00:00:00-04:00,4.619999885559082,4.704999923706055,4.590000152587891,4.659999847412109,462700,0.0,0.0
2025-03-24 00:00:00-04:00,4.699999809265137,4.900000095367432,4.679999828338623,4.809999942779541,508400,0.0,0.0
2025-03-25 00:00:00-04:00,4.769999980926514,4.849999904632568,4.730000019073486,4.78000020980835,443100,0.0,0.0
2025-03-26 00:00:00-04:00,4.739999771118164,4.820000171661377,4.630000114440918,4.699999809265137,508200,0.0,0.0
2025-03-27 00:00:00-04:00,4.679999828338623,4.789999961853027,4.630000114440918,4.769999980926514,383100,0.0,0.0
2025-03-28 00:00:00-04:00,4.760000228881836,4.760000228881836,4.559999942779541,4.599999904632568,658100,0.0,0.0
2025-03-31 00:00:00-04:00,4.539999961853027,4.684999942779541,4.460000038146973,4.619999885559082,558700,0.0,0.0
2025-04-01 00:00:00-04:00,4.619999885559082,4.789999961853027,4.610000133514404,4.690000057220459,540600,0.0,0.0
2025-04-02 00:00:00-04:00,4.630000114440918,4.784999847412109,4.630000114440918,4.760000228881836,473200,0.0,0.0
2025-04-03 00:00:00-04:00,4.599999904632568,4.625,4.53000020980835,4.550000190734863,559200,0.0,0.0
2025-04-04 00:00:00-04:00,4.400000095367432,4.440000057220459,4.135000228881836,4.210000038146973,706800,0.0,0.0
2025-04-07 00:00:00-04:00,4.0,4.28000020980835,3.940000057220459,4.130000114440918,768100,0.0,0.0
2025-04-08 00:00:00-04:00,4.269999980926514,4.309999942779541,4.019999980926514,4.079999923706055,649600,0.0,0.0
2025-04-09 00:00:00-04:00,4.059999942779541,4.519999980926514,4.019999980926514,4.5,588800,0.0,0.0
2025-04-10 00:00:00-04:00,4.389999866485596,4.420000076293945,4.199999809265137,4.269999980926514,470200,0.0,0.0
2025-04-11 00:00:00-04:00,4.239999771118164,4.429999828338623,4.179999828338623,4.400000095367432,367400,0.0,0.0
2025-04-14 00:00:00-04:00,4.489999771118164,4.510000228881836,4.360000133514404,4.409999847412109,347600,0.0,0.0
2025-04-15 00:00:00-04:00,4.400000095367432,4.474999904632568,4.394999980926514,4.420000076293945,307300,0.0,0.0
2025-04-16 00:00:00-04:00,4.400000095367432,4.514999866485596,4.380000114440918,4.429999828338623,313400,0.0,0.0
2025-04-17 00:00:00-04:00,4.420000076293945,4.525000095367432,4.39900016784668,4.460000038146973,332600,0.0,0.0
2025-04-21 00:00:00-04:00,4.420000076293945,4.519999980926514,4.375,4.400000095367432,286000,0.0,0.0
2025-04-22 00:00:00-04:00,4.440000057220459,4.545000076293945,4.429999828338623,4.510000228881836,244200,0.0,0.0
2025-04-23 00:00:00-04:00,4.579999923706055,4.679999828338623,4.53000020980835,4.53000020980835,261200,0.0,0.0
2025-04-24 00:00:00-04:00,4.570000171661377,4.699999809265137,4.570000171661377,4.679999828338623,280600,0.0,0.0
2025-04-25 00:00:00-04:00,4.650000095367432,4.744999885559082,4.60099983215332,4.670000076293945,271800,0.0,0.0
2025-04-28 00:00:00-04:00,4.650000095367432,4.704999923706055,4.590000152587891,4.610000133514404,311800,0.0,0.0
2025-04-29 00:00:00-04:00,4.570000171661377,4.679999828338623,4.570000171661377,4.650000095367432,310000,0.0,0.0
2025-04-30 00:00:00-04:00,4.539999961853027,4.619999885559082,4.5,4.590000152587891,320200,0.0,0.0
2025-05-01 00:00:00-04:00,4.610000133514404,4.659999847412109,4.554999828338623,4.610000133514404,469400,0.0,0.0
2025-05-02 00:00:00-04:00,4.679999828338623,4.71999979019165,4.614999771118164,4.650000095367432,340800,0.0,0.0
2025-05-05 00:00:00-04:00,4.610000133514404,4.71999979019165,4.539999961853027,4.659999847412109,356000,0.0,0.0
2025-05-06 00:00:00-04:00,4.590000152587891,4.684999942779541,4.579999923706055,4.639999866485596,210500,0.0,0.0
2025-05-07 00:00:00-04:00,4.710000038146973,4.755000114440918,4.670000076293945,4.730000019073486,230200,0.0,0.0
2025-05-08 00:00:00-04:00,4.78000020980835,4.869999885559082,4.75,4.809999942779541,255400,0.0,0.0
2025-05-09 00:00:00-04:00,4.820000171661377,4.900000095367432,4.804999828338623,4.820000171661377,223400,0.0,0.0
2025-05-12 00:00:00-04:00,4.949999809265137,4.949999809265137,4.730000019073486,4.840000152587891,465200,0.0,0.0
2025-05-13 00:00:00-04:00,4.829999923706055,4.949999809265137,4.801000118255615,4.940000057220459,588700,0.0,0.0
2025-05-14 00:00:00-04:00,4.630000114440918,5.340000152587891,4.630000114440918,5.329999923706055,959400,0.0,0.0
2025-05-15 00:00:00-04:00,5.289999961853027,5.409999847412109,5.0,5.019999980926514,436100,0.0,0.0
2025-05-16 00:00:00-04:00,4.800000190734863,5.03000020980835,4.784999847412109,4.940000057220459,553200,0.0,0.0
2025-05-19 00:00:00-04:00,4.840000152587891,5.099999904632568,4.840000152587891,5.0,570200,0.0,0.0
2025-05-20 00:00:00-04:00,5.0,5.184999942779541,4.989999771118164,5.070000171661377,506300,0.0,0.0
2025-05-21 00:00:00-04:00,4.920000076293945,5.050000190734863,4.880000114440918,4.900000095367432,1045300,0.0,0.0
2025-05-22 00:00:00-04:00,4.900000095367432,5.03000020980835,4.869999885559082,5.0,388300,0.0,0.0
2025-05-23 00:00:00-04:00,4.929999828338623,5.0,4.840000152587891,4.849999904632568,553800,0.0,0.0
2025-05-27 00:00:00-04:00,4.869999885559082,5.025000095367432,4.869999885559082,4.989999771118164,728700,0.0,0.0
2025-05-28 00:00:00-04:00,4.989999771118164,5.039999961853027,4.920000076293945,4.96999979019165,373800,0.0,0.0
2025-05-29 00:00:00-04:00,5.0,5.130000114440918,4.96999979019165,5.0,513800,0.0,0.0
2025-05-30 00:00:00-04:00,4.989999771118164,5.090000152587891,4.96999979019165,5.010000228881836,523300,0.0,0.0
2025-06-02 00:00:00-04:00,4.989999771118164,5.110000133514404,4.965000152587891,5.010000228881836,559900,0.0,0.0
2025-06-03 00:00:00-04:00,5.03000020980835,5.090000152587891,5.010000228881836,5.079999923706055,348000,0.0,0.0
2025-06-04 00:00:00-04:00,5.050000190734863,5.170000076293945,5.050000190734863,5.099999904632568,425400,0.0,0.0
2025-06-05 00:00:00-04:00,5.139999866485596,5.284999847412109,5.105000019073486,5.130000114440918,627400,0.0,0.0
2025-06-06 00:00:00-04:00,5.170000076293945,5.269999980926514,5.085000038146973,5.130000114440918,994600,0.0,0.0
2025-06-09 00:00:00-04:00,5.139999866485596,5.215000152587891,5.079999923706055,5.170000076293945,911100,0.0,0.0
2025-06-10 00:00:00-04:00,5.199999809265137,5.199999809265137,5.099999904632568,5.099999904632568,341500,0.0,0.0
2025-06-11 00:00:00-04:00,5.110000133514404,5.170000076293945,4.989999771118164,5.019999980926514,438700,0.0,0.0
2025-06-12 00:00:00-04:00,4.989999771118164,5.019999980926514,4.889999866485596,4.900000095367432,555500,0.0,0.0
2025-06-13 00:00:00-04:00,4.820000171661377,4.864999771118164,4.695000171661377,4.710000038146973,393700,0.0,0.0
2025-06-16 00:00:00-04:00,4.739999771118164,4.860000133514404,4.710000038146973,4.860000133514404,702600,0.0,0.0
2025-06-17 00:00:00-04:00,4.829999923706055,4.945000171661377,4.829999923706055,4.849999904632568,383200,0.0,0.0
2025-06-18 00:00:00-04:00,4.849999904632568,4.994999885559082,4.820000171661377,4.960000038146973,612300,0.0,0.0
2025-06-20 00:00:00-04:00,5.0,5.119999885559082,4.929999828338623,4.949999809265137,740300,0.0,0.0
2025-06-23 00:00:00-04:00,4.929999828338623,5.045000076293945,4.849999904632568,4.96999979019165,457000,0.0,0.0
2025-06-24 00:00:00-04:00,5.0,5.070000171661377,4.965000152587891,5.070000171661377,511800,0.0,0.0
2025-06-25 00:00:00-04:00,5.090000152587891,5.099999904632568,4.875,4.889999866485596,676700,0.0,0.0
2025-06-26 00:00:00-04:00,4.889999866485596,4.949999809265137,4.820000171661377,4.929999828338623,585600,0.0,0.0
2025-06-27 00:00:00-04:00,4.949999809265137,5.03000020980835,4.890999794006348,4.96999979019165,350600,0.0,0.0
2025-06-30 00:00:00-04:00,5.03000020980835,5.074999809265137,4.980000019073486,4.989999771118164,360900,0.0,0.0
2025-07-01 00:00:00-04:00,5.010000228881836,5.114999771118164,4.989999771118164,5.070000171661377,490800,0.0,0.0
2025-07-02 00:00:00-04:00,5.099999904632568,5.130000114440918,5.019999980926514,5.079999923706055,597800,0.0,0.0
2025-07-03 00:00:00-04:00,5.110000133514404,5.375,5.110000133514404,5.320000171661377,429700,0.0,0.0
2025-07-07 00:00:00-04:00,5.269999980926514,5.284999847412109,5.135000228881836,5.150000095367432,298500,0.0,0.0
2025-07-08 00:00:00-04:00,5.150000095367432,5.204999923706055,5.150000095367432,5.179999828338623,295900,0.0,0.0
2025-07-09 00:00:00-04:00,5.190000057220459,5.244999885559082,5.159999847412109,5.230000019073486,448900,0.0,0.0
2025-07-10 00:00:00-04:00,5.25,5.269999980926514,5.15500020980835,5.179999828338623,341100,0.0,0.0
2025-07-11 00:00:00-04:00,5.170000076293945,5.170000076293945,4.960000038146973,5.010000228881836,459600,0.0,0.0
2025-07-14 00:00:00-04:00,5.019999980926514,5.150000095367432,4.980000019073486,5.090000152587891,339000,0.0,0.0
2025-07-15 00:00:00-04:00,5.130000114440918,5.139999866485596,5.054999828338623,5.059999942779541,306400,0.0,0.0
2025-07-16 00:00:00-04:00,5.099999904632568,5.150000095367432,5.070000171661377,5.150000095367432,298200,0.0,0.0
2025-07-17 00:00:00-04:00,5.150000095367432,5.284999847412109,5.1479997634887695,5.28000020980835,422200,0.0,0.0
2025-07-18 00:00:00-04:00,5.300000190734863,5.349999904632568,5.25,5.329999923706055,404400,0.0,0.0
2025-07-21 00:00:00-04:00,5.340000152587891,5.605000019073486,5.320000171661377,5.599999904632568,847700,0.0,0.0
2025-07-22 00:00:00-04:00,5.579999923706055,5.679999828338623,5.539999961853027,5.610000133514404,642500,0.0,0.0
2025-07-23 00:00:00-04:00,5.630000114440918,5.650000095367432,5.409999847412109,5.429999828338623,598800,0.0,0.0
2025-07-24 00:00:00-04:00,5.420000076293945,5.449999809265137,5.409999847412109,5.409999847412109,253600,0.0,0.0
2025-07-25 00:00:00-04:00,5.420000076293945,5.474999904632568,5.394999980926514,5.409999847412109,223200,0.0,0.0
2025-07-28 00:00:00-04:00,5.460000038146973,5.460000038146973,5.340000152587891,5.400000095367432,421400,0.0,0.0
2025-07-29 00:00:00-04:00,5.449999809265137,5.489999771118164,5.21999979019165,5.239999771118164,261200,0.0,0.0
2025-07-30 00:00:00-04:00,5.21999979019165,5.230000019073486,5.099999904632568,5.150000095367432,556100,0.0,0.0
2025-07-31 00:00:00-04:00,5.199999809265137,5.204999923706055,5.070000171661377,5.099999904632568,358900,0.0,0.0
2025-08-01 00:00:00-04:00,5.0,5.017000198364258,4.885000228881836,4.929999828338623,525200,0.0,0.0
2025-08-04 00:00:00-04:00,5.0,5.099999904632568,4.985000133514404,5.090000152587891,453900,0.0,0.0
2025-08-05 00:00:00-04:00,5.090000152587891,5.269999980926514,5.070000171661377,5.139999866485596,557400,0.0,0.0
2025-08-06 00:00:00-04:00,5.199999809265137,5.25,5.150000095367432,5.199999809265137,298900,0.0,0.0
2025-08-07 00:00:00-04:00,5.239999771118164,5.245999813079834,5.045000076293945,5.090000152587891,298000,0.0,0.0
2025-08-08 00:00:00-04:00,5.099999904632568,5.170000076293945,5.014999866485596,5.019999980926514,259000,0.0,0.0
2025-08-11 00:00:00-04:00,5.059999942779541,5.160999774932861,5.0,5.050000190734863,448400,0.0,0.0
2025-08-12 00:00:00-04:00,5.039999961853027,5.150000095367432,5.0,5.130000114440918,554000,0.0,0.0
2025-08-13 00:00:00-04:00,5.150000095367432,5.260000228881836,5.090000152587891,5.190000057220459,357400,0.0,0.0
2025-08-14 00:00:00-04:00,5.119999885559082,5.170000076293945,5.010000228881836,5.110000133514404,375800,0.0,0.0
2025-08-15 00:00:00-04:00,5.130000114440918,5.284999847412109,5.125999927520752,5.260000228881836,491300,0.0,0.0
2025-08-18 00:00:00-04:00,4.75,4.800000190734863,4.420000076293945,4.429999828338623,2855500,0.0,0.0
2025-08-19 00:00:00-04:00,4.480000019073486,4.579999923706055,4.340000152587891,4.460000038146973,1510100,0.0,0.0
2025-08-20 00:00:00-04:00,4.260000228881836,4.322000026702881,4.010000228881836,4.159999847412109,2957800,0.0,0.0
2025-08-21 00:00:00-04:00,4.110000133514404,4.409999847412109,4.03000020980835,4.349999904632568,3253100,0.0,0.0
2025-08-22 00:00:00-04:00,4.369999885559082,4.579999923706055,4.369999885559082,4.579999923706055,652200,0.0,0.0
2025-08-25 00:00:00-04:00,4.53000020980835,4.638999938964844,4.525000095367432,4.590000152587891,665800,0.0,0.0
2025-08-26 00:00:00-04:00,4.579999923706055,4.670000076293945,4.539999961853027,4.559999942779541,820700,0.0,0.0
2025-08-27 00:00:00-04:00,4.539999961853027,4.659999847412109,4.53000020980835,4.650000095367432,612600,0.0,0.0
2025-08-28 00:00:00-04:00,4.639999866485596,4.809999942779541,4.639999866485596,4.78000020980835,648000,0.0,0.0
2025-08-29 00:00:00-04:00,4.78000020980835,4.824999809265137,4.730000019073486,4.769999980926514,470600,0.0,0.0
2025-09-02 00:00:00-04:00,4.699999809265137,4.809999942779541,4.650000095367432,4.71999979019165,1042700,0.0,0.0
2025-09-03 00:00:00-04:00,4.710000038146973,4.739999771118164,4.510000228881836,4.539999961853027,429200,0.0,0.0
2025-09-04 00:00:00-04:00,4.550000190734863,4.585000038146973,4.46999979019165,4.570000171661377,373500,0.0,0.0
2025-09-05 00:00:00-04:00,4.619999885559082,4.684999942779541,4.579999923706055,4.630000114440918,290600,0.0,0.0
2025-09-08 00:00:00-04:00,4.630000114440918,4.764999866485596,4.460000038146973,4.710000038146973,597500,0.0,0.0
2025-09-09 00:00:00-04:00,4.699999809265137,4.800000190734863,4.699999809265137,4.769999980926514,552500,0.0,0.0
2025-09-10 00:00:00-04:00,4.760000228881836,4.769999980926514,4.514999866485596,4.559999942779541,431500,0.0,0.0
2025-09-11 00:00:00-04:00,4.579999923706055,4.690000057220459,4.579999923706055,4.670000076293945,268200,0.0,0.0
2025-09-12 00:00:00-04:00,4.639999866485596,4.690000057220459,4.599999904632568,4.599999904632568,337400,0.0,0.0
2025-09-15 00:00:00-04:00,4.630000114440918,4.650000095367432,4.429999828338623,4.559999942779541,940000,0.0,0.0
2025-09-16 00:00:00-04:00,4.539999961853027,4.590000152587891,4.474999904632568,4.480000019073486,388800,0.0,0.0
2025-09-17 00:00:00-04:00,4.53000020980835,4.684999942779541,4.525000095367432,4.579999923706055,868000,0.0,0.0
2025-09-18 00:00:00-04:00,4.599999904632568,4.78000020980835,4.579999923706055,4.730000019073486,971900,0.0,0.0
2025-09-19 00:00:00-04:00,4.760000228881836,4.769999980926514,4.644999980926514,4.769999980926514,1511500,0.0,0.0
2025-09-22 00:00:00-04:00,4.760000228881836,4.803999900817871,4.659999847412109,4.739999771118164,444000,0.0,0.0
2025-09-23 00:00:00-04:00,4.730000019073486,4.815000057220459,4.695000171661377,4.71999979019165,350700,0.0,0.0
2025-09-24 00:00:00-04:00,4.769999980926514,4.840000152587891,4.699999809265137,4.829999923706055,371800,0.0,0.0
2025-09-25 00:00:00-04:00,4.760000228881836,4.78000020980835,4.684999942779541,4.710000038146973,335300,0.0,0.0
2025-09-26 00:00:00-04:00,4.699999809265137,4.755000114440918,4.679999828338623,4.739999771118164,295100,0.0,0.0
2025-09-29 00:00:00-04:00,4.739999771118164,4.789999961853027,4.730000019073486,4.75,367500,0.0,0.0
2025-09-30 00:00:00-04:00,4.769999980926514,4.769999980926514,4.630000114440918,4.679999828338623,351500,0.0,0.0
2025-10-01 00:00:00-04:00,4.659999847412109,4.75,4.614999771118164,4.650000095367432,351200,0.0,0.0
2025-10-02 00:00:00-04:00,4.650000095367432,4.724999904632568,4.650000095367432,4.710000038146973,260300,0.0,0.0
2025-10-03 00:00:00-04:00,4.739999771118164,4.789999961853027,4.670000076293945,4.730000019073486,347100,0.0,0.0
2025-10-06 00:00:00-04:00,4.699999809265137,4.699999809265137,4.610000133514404,4.659999847412109,520100,0.0,0.0
2025-10-07 00:00:00-04:00,4.690000057220459,4.690000057220459,4.570000171661377,4.599999904632568,265000,0.0,0.0
2025-10-08 00:00:00-04:00,4.610000133514404,4.704999923706055,4.610000133514404,4.659999847412109,336400,0.0,0.0
2025-10-09 00:00:00-04:00,4.679999828338623,4.710000038146973,4.619999885559082,4.650000095367432,328200,0.0,0.0
2025-10-10 00:00:00-04:00,4.650000095367432,4.699999809265137,4.485000133514404,4.510000228881836,322700,0.0,0.0
2025-10-13 00:00:00-04:00,4.559999942779541,4.690000057220459,4.545000076293945,4.639999866485596,303800,0.0,0.0
2025-10-14 00:00:00-04:00,4.590000152587891,4.724999904632568,4.565000057220459,4.670000076293945,327600,0.0,0.0
2025-10-15 00:00:00-04:00,4.699999809265137,4.71999979019165,4.650000095367432,4.670000076293945,275300,0.0,0.0
2025-10-16 00:00:00-04:00,4.690000057220459,4.704999923706055,4.599999904632568,4.650000095367432,364400,0.0,0.0
2025-10-17 00:00:00-04:00,4.610000133514404,4.699999809265137,4.599999904632568,4.630000114440918,312800,0.0,0.0
2025-10-20 00:00:00-04:00,4.690000057220459,4.71999979019165,4.659999847412109,4.690000057220459,337600,0.0,0.0
2025-10-21 00:00:00-04:00,4.679999828338623,4.820000171661377,4.670000076293945,4.800000190734863,525500,0.0,0.0
2025-10-22 00:00:00-04:00,4.900000095367432,4.900000095367432,4.75,4.809999942779541,433700,0.0,0.0
2025-10-23 00:00:00-04:00,4.789999961853027,4.860000133514404,4.760000228881836,4.820000171661377,394700,0.0,0.0
2025-10-24 00:00:00-04:00,4.840000152587891,4.989999771118164,4.840000152587891,4.920000076293945,720500,0.0,0.0
2025-10-27 00:00:00-04:00,4.989999771118164,4.989999771118164,4.869999885559082,4.920000076293945,450400,0.0,0.0
2025-10-28 00:00:00-04:00,4.860000133514404,4.960000038146973,4.860000133514404,4.880000114440918,534300,0.0,0.0
2025-10-29 00:00:00-04:00,4.869999885559082,4.880000114440918,4.71999979019165,4.75,326700,0.0,0.0
2025-10-30 00:00:00-04:00,4.699999809265137,4.809999942779541,4.690000057220459,4.730000019073486,318600,0.0,0.0
2025-10-31 00:00:00-04:00,4.730000019073486,4.789999961853027,4.679999828338623,4.730000019073486,308500,0.0,0.0
2025-11-03 00:00:00-05:00,4.71999979019165,4.800000190734863,4.699999809265137,4.760000228881836,484600,0.0,0.0
2025-11-04 00:00:00-05:00,4.690000057220459,4.735000133514404,4.650000095367432,4.679999828338623,474400,0.0,0.0
2025-11-05 00:00:00-05:00,4.679999828338623,4.709000110626221,4.65500020980835,4.690000057220459,266900,0.0,0.0
2025-11-06 00:00:00-05:00,4.650000095367432,4.675000190734863,4.579999923706055,4.659999847412109,357100,0.0,0.0
2025-11-07 00:00:00-05:00,4.630000114440918,4.789999961853027,4.630000114440918,4.78000020980835,423100,0.0,0.0
2025-11-10 00:00:00-05:00,4.820000171661377,4.880000114440918,4.789999961853027,4.809999942779541,525700,0.0,0.0
2025-11-11 00:00:00-05:00,4.829999923706055,5.03000020980835,4.829999923706055,5.010000228881836,1224600,0.0,0.0
2025-11-12 00:00:00-05:00,5.099999904632568,5.210000038146973,4.800000190734863,5.079999923706055,721100,0.0,0.0
2025-11-13 00:00:00-05:00,5.010000228881836,5.085000038146973,4.952000141143799,4.989999771118164,581900,0.0,0.0
2025-11-14 00:00:00-05:00,4.610000133514404,5.0,4.4629998207092285,4.5,2964400,0.0,0.0
2025-11-17 00:00:00-05:00,4.519999980926514,4.795000076293945,4.510000228881836,4.730000019073486,1166300,0.0,0.0
2025-11-18 00:00:00-05:00,4.650000095367432,4.795000076293945,4.591000080108643,4.730000019073486,430100,0.0,0.0
2025-11-19 00:00:00-05:00,4.75,4.804999828338623,4.659999847412109,4.690000057220459,424200,0.0,0.0
2025-11-20 00:00:00-05:00,4.75,4.84499979019165,4.619999885559082,4.630000114440918,536200,0.0,0.0
2025-11-21 00:00:00-05:00,4.699999809265137,4.840000152587891,4.570000171661377,4.809999942779541,625500,0.0,0.0
2025-11-24 00:00:00-05:00,4.809999942779541,4.849999904632568,4.724999904632568,4.760000228881836,733200,0.0,0.0
2025-11-25 00:00:00-05:00,4.820000171661377,4.946000099182129,4.820000171661377,4.929999828338623,723700,0.0,0.0
2025-11-26 00:00:00-05:00,4.909999847412109,4.940000057220459,4.889999866485596,4.889999866485596,347200,0.0,0.0
2025-11-28 00:00:00-05:00,4.880000114440918,4.965000152587891,4.880000114440918,4.940000057220459,384500,0.0,0.0
2025-12-01 00:00:00-05:00,4.869999885559082,4.929999828338623,4.820000171661377,4.820000171661377,640800,0.0,0.0
2025-12-02 00:00:00-05:00,4.869999885559082,4.894999980926514,4.815000057220459,4.849999904632568,453300,0.0,0.0
2025-12-03 00:00:00-05:00,4.860000133514404,4.880000114440918,4.764999866485596,4.809999942779541,543000,0.0,0.0
2025-12-04 00:00:00-05:00,4.809999942779541,4.84499979019165,4.769999980926514,4.809999942779541,463800,0.0,0.0
2025-12-05 00:00:00-05:00,4.829999923706055,4.949999809265137,4.809999942779541,4.909999847412109,700500,0.0,0.0
2025-12-08 00:00:00-05:00,4.909999847412109,4.989999771118164,4.909999847412109,4.980000019073486,680300,0.0,0.0
2025-12-09 00:00:00-05:00,4.940000057220459,5.090000152587891,4.940000057220459,5.050000190734863,928500,0.0,0.0
2025-12-10 00:00:00-05:00,5.010000228881836,5.054999828338623,4.989999771118164,5.0,309900,0.0,0.0
2025-12-11 00:00:00-05:00,5.0,5.039999961853027,4.949999809265137,4.989999771118164,454500,0.0,0.0
2025-12-12 00:00:00-05:00,5.0,5.014999866485596,4.909999847412109,4.920000076293945,349000,0.0,0.0
2025-12-15 00:00:00-05:00,4.929999828338623,4.949999809265137,4.829999923706055,4.829999923706055,331600,0.0,0.0
2025-12-16 00:00:00-05:00,4.820000171661377,4.889999866485596,4.800000190734863,4.889999866485596,264000,0.0,0.0
2025-12-17 00:00:00-05:00,4.849999904632568,4.934999942779541,4.829999923706055,4.829999923706055,449500,0.0,0.0
2025-12-18 00:00:00-05:00,4.880000114440918,5.045000076293945,4.880000114440918,5.010000228881836,629600,0.0,0.0
2025-12-19 00:00:00-05:00,5.0,5.063000202178955,4.864999771118164,4.909999847412109,383900,0.0,0.0
2025-12-22 00:00:00-05:00,4.900000095367432,5.019999980926514,4.900000095367432,5.019999980926514,535700,0.0,0.0
2025-12-23 00:00:00-05:00,4.989999771118164,5.025000095367432,4.929999828338623,4.960000038146973,229800,0.0,0.0
2025-12-24 00:00:00-05:00,4.96999979019165,5.019999980926514,4.954999923706055,5.0,151100,0.0,0.0
2025-12-26 00:00:00-05:00,4.96999979019165,5.010000228881836,4.929999828338623,5.010000228881836,382000,0.0,0.0
2025-12-29 00:00:00-05:00,4.980000019073486,5.070000171661377,4.980000019073486,5.019999980926514,544200,0.0,0.0
2025-12-30 00:00:00-05:00,5.010000228881836,5.050000190734863,4.96999979019165,4.96999979019165,264800,0.0,0.0
2025-12-31 00:00:00-05:00,4.949999809265137,5.0,4.9120001792907715,4.96999979019165,409300,0.0,0.0
2026-01-02 00:00:00-05:00,5.010000228881836,5.019999980926514,4.760000228881836,4.809999942779541,424100,0.0,0.0
2026-01-05 00:00:00-05:00,4.800000190734863,4.96999979019165,4.800000190734863,4.829999923706055,387000,0.0,0.0
2026-01-06 00:00:00-05:00,4.860000133514404,4.929999828338623,4.840000152587891,4.909999847412109,376200,0.0,0.0
2026-01-07 00:00:00-05:00,4.909999847412109,5.010000228881836,4.869999885559082,5.010000228881836,1474200,0.0,0.0
2026-01-08 00:00:00-05:00,5.0,5.03000020980835,4.914999961853027,4.96999979019165,421900,0.0,0.0
2026-01-09 00:00:00-05:00,4.989999771118164,5.019999980926514,4.840000152587891,4.849999904632568,276700,0.0,0.0
2026-01-12 00:00:00-05:00,4.840000152587891,4.960000038146973,4.835000038146973,4.920000076293945,325900,0.0,0.0
2026-01-13 00:00:00-05:00,4.940000057220459,4.960000038146973,4.755000114440918,4.78000020980835,328400,0.0,0.0
2026-01-14 00:00:00-05:00,4.760000228881836,4.769999980926514,4.679999828338623,4.699999809265137,272400,0.0,0.0
2026-01-15 00:00:00-05:00,4.710000038146973,4.739999771118164,4.639999866485596,4.730000019073486,484500,0.0,0.0
2026-01-16 00:00:00-05:00,4.730000019073486,4.730000019073486,4.625,4.639999866485596,614800,0.0,0.0
2026-01-20 00:00:00-05:00,4.489999771118164,4.630000114440918,4.489999771118164,4.519999980926514,408900,0.0,0.0
2026-01-21 00:00:00-05:00,4.519999980926514,4.567999839782715,4.425000190734863,4.489999771118164,499800,0.0,0.0
2026-01-22 00:00:00-05:00,4.539999961853027,4.610000133514404,4.519999980926514,4.539999961853027,381300,0.0,0.0
2026-01-23 00:00:00-05:00,4.550000190734863,4.570000171661377,4.505000114440918,4.510000228881836,333100,0.0,0.0
2026-01-26 00:00:00-05:00,4.519999980926514,4.635000228881836,4.519999980926514,4.599999904632568,492100,0.0,0.0
2026-01-27 00:00:00-05:00,4.599999904632568,4.599999904632568,4.480000019073486,4.489999771118164,578200,0.0,0.0
2026-01-28 00:00:00-05:00,4.53000020980835,4.559999942779541,4.454999923706055,4.46999979019165,484900,0.0,0.0
2026-01-29 00:00:00-05:00,4.480000019073486,4.480000019073486,4.315000057220459,4.340000152587891,486100,0.0,0.0
2026-01-30 00:00:00-05:00,4.309999942779541,4.34499979019165,4.230000019073486,4.260000228881836,577300,0.0,0.0
2026-02-02 00:00:00-05:00,4.28000020980835,4.389999866485596,4.28000020980835,4.300000190734863,430000,0.0,0.0
2026-02-03 00:00:00-05:00,4.260000228881836,4.304999828338623,4.170000076293945,4.260000228881836,1410500,0.0,0.0
2026-02-04 00:00:00-05:00,4.239999771118164,4.355000019073486,4.170000076293945,4.300000190734863,878500,0.0,0.0
2026-02-05 00:00:00-05:00,4.25,4.349999904632568,4.130000114440918,4.139999866485596,999800,0.0,0.0
2026-02-06 00:00:00-05:00,4.199999809265137,4.300000190734863,4.139999866485596,4.289999961853027,793700,0.0,0.0
2026-02-09 00:00:00-05:00,4.289999961853027,4.505000114440918,4.260000228881836,4.489999771118164,535400,0.0,0.0
2026-02-10 00:00:00-05:00,4.510000228881836,4.570000171661377,4.494999885559082,4.510000228881836,401400,0.0,0.0
2026-02-11 00:00:00-05:00,4.519999980926514,4.525000095367432,4.389999866485596,4.409999847412109,350100,0.0,0.0
2026-02-12 00:00:00-05:00,4.46999979019165,4.5,4.329999923706055,4.400000095367432,499500,0.0,0.0
2026-02-13 00:00:00-05:00,4.420000076293945,4.53000020980835,4.389999866485596,4.489999771118164,486200,0.0,0.0
2026-02-17 00:00:00-05:00,4.46999979019165,4.474999904632568,4.385000228881836,4.429999828338623,444900,0.0,0.0
2026-02-18 00:00:00-05:00,4.460000038146973,4.559999942779541,4.409999847412109,4.53000020980835,413600,0.0,0.0
2026-02-19 00:00:00-05:00,4.5,4.550000190734863,4.440000057220459,4.5,719100,0.0,0.0
2026-02-20 00:00:00-05:00,4.480000019073486,4.639999866485596,4.465000152587891,4.489999771118164,646200,0.0,0.0
2026-02-23 00:00:00-05:00,4.440000057220459,4.440000057220459,4.291999816894531,4.320000171661377,456900,0.0,0.0
2026-02-24 00:00:00-05:00,4.309999942779541,4.5,4.309999942779541,4.420000076293945,564700,0.0,0.0
2026-02-25 00:00:00-05:00,4.449999809265137,4.539999961853027,4.420000076293945,4.5,687300,0.0,0.0
2026-02-26 00:00:00-05:00,4.550000190734863,4.639999866485596,4.534999847412109,4.559999942779541,892800,0.0,0.0
2026-02-27 00:00:00-05:00,4.460000038146973,4.534999847412109,4.425000190734863,4.449999809265137,880100,0.0,0.0
2026-03-02 00:00:00-05:00,4.380000114440918,4.630000114440918,4.360000133514404,4.619999885559082,814900,0.0,0.0
2026-03-03 00:00:00-05:00,4.539999961853027,4.760000228881836,4.539999961853027,4.710000038146973,1040000,0.0,0.0
2026-03-04 00:00:00-05:00,4.880000114440918,4.900000095367432,4.409999847412109,4.420000076293945,1859300,0.0,0.0
2026-03-05 00:00:00-05:00,4.429999828338623,4.539999961853027,4.304999828338623,4.46999979019165,1195600,0.0,0.0
2026-03-06 00:00:00-05:00,4.409999847412109,4.565000057220459,4.380000114440918,4.480000019073486,1122300,0.0,0.0
2026-03-09 00:00:00-04:00,4.409999847412109,4.46999979019165,4.275000095367432,4.460000038146973,906700,0.0,0.0
2026-03-10 00:00:00-04:00,4.460000038146973,4.5,4.324999809265137,4.449999809265137,817300,0.0,0.0
2026-03-11 00:00:00-04:00,4.460000038146973,4.510000228881836,4.304999828338623,4.360000133514404,603700,0.0,0.0
2026-03-12 00:00:00-04:00,4.329999923706055,4.409999847412109,4.105000019073486,4.119999885559082,539500,0.0,0.0
2026-03-13 00:00:00-04:00,4.139999866485596,4.184999942779541,4.070000171661377,4.179999828338623,654500,0.0,0.0
2026-03-16 00:00:00-04:00,4.210000038146973,4.264999866485596,4.139999866485596,4.239999771118164,727700,0.0,0.0
2026-03-17 00:00:00-04:00,4.269999980926514,4.400000095367432,4.260000228881836,4.300000190734863,721600,0.0,0.0
2026-03-18 00:00:00-04:00,4.25,4.329999923706055,4.25,4.309999942779541,1353600,0.0,0.0
2026-03-19 00:00:00-04:00,4.260000228881836,4.309999942779541,4.159999847412109,4.25,614100,0.0,0.0
2026-03-20 00:00:00-04:00,4.21999979019165,4.21999979019165,4.059999942779541,4.110000133514404,959800,0.0,0.0
2026-03-23 00:00:00-04:00,4.170000076293945,4.195000171661377,4.050000190734863,4.190000057220459,738100,0.0,0.0
2026-03-24 00:00:00-04:00,4.139999866485596,4.139999866485596,4.0,4.03000020980835,572400,0.0,0.0
2026-03-25 00:00:00-04:00,4.090000152587891,4.110000133514404,3.9700000286102295,4.019999980926514,655400,0.0,0.0
2026-03-26 00:00:00-04:00,3.9800000190734863,4.083000183105469,3.890000104904175,3.9100000858306885,1133000,0.0,0.0
2026-03-27 00:00:00-04:00,3.869999885559082,3.924999952316284,3.700000047683716,3.7899999618530273,756900,0.0,0.0
2026-03-30 00:00:00-04:00,3.799999952316284,3.9000000953674316,3.799999952316284,3.8399999141693115,527700,0.0,0.0
2026-03-31 00:00:00-04:00,3.890000104904175,3.9649999141693115,3.8499999046325684,3.9200000762939453,732100,0.0,0.0
2026-04-01 00:00:00-04:00,3.940000057220459,4.010000228881836,3.890000104904175,3.9600000381469727,1128900,0.0,0.0
2026-04-02 00:00:00-04:00,3.9100000858306885,4.070000171661377,3.880000114440918,4.03000020980835,381500,0.0,0.0
2026-04-06 00:00:00-04:00,4.050000190734863,4.085000038146973,3.994999885559082,4.050000190734863,842600,0.0,0.0
2026-04-07 00:00:00-04:00,4.039999961853027,4.135000228881836,4.039999961853027,4.090000152587891,603400,0.0,0.0
2026-04-08 00:00:00-04:00,4.210000038146973,4.264999866485596,4.099999904632568,4.119999885559082,576500,0.0,0.0
2026-04-09 00:00:00-04:00,4.090000152587891,4.159999847412109,3.9549999237060547,3.9700000286102295,561700,0.0,0.0
2026-04-10 00:00:00-04:00,3.9700000286102295,4.039999961853027,3.940000057220459,4.0,656800,0.0,0.0
2026-04-13 00:00:00-04:00,3.990000009536743,4.199999809265137,3.9749999046325684,4.190000057220459,539400,0.0,0.0
2026-04-14 00:00:00-04:00,4.21999979019165,4.315000057220459,4.164999961853027,4.170000076293945,509200,0.0,0.0
2026-04-15 00:00:00-04:00,4.199999809265137,4.309999942779541,4.170000076293945,4.25,2086900,0.0,0.0
2026-04-16 00:00:00-04:00,4.349999904632568,4.514999866485596,4.309999942779541,4.5,779000,0.0,0.0
2026-04-17 00:00:00-04:00,4.519999980926514,4.635000228881836,4.449999809265137,4.460000038146973,603600,0.0,0.0
2026-04-20 00:00:00-04:00,4.46999979019165,4.635000228881836,4.460000038146973,4.630000114440918,463800,0.0,0.0
2026-04-21 00:00:00-04:00,4.630000114440918,4.730000019073486,4.59499979019165,4.599999904632568,603500,0.0,0.0
2026-04-22 00:00:00-04:00,4.639999866485596,4.675000190734863,4.599999904632568,4.610000133514404,631200,0.0,0.0
2026-04-23 00:00:00-04:00,4.559999942779541,4.574999809265137,4.385000228881836,4.429999828338623,499000,0.0,0.0
2026-04-24 00:00:00-04:00,4.5,4.510000228881836,4.414999961853027,4.460000038146973,777500,0.0,0.0
2026-04-27 00:00:00-04:00,4.480000019073486,4.53000020980835,4.454999923706055,4.46999979019165,459200,0.0,0.0
2026-04-28 00:00:00-04:00,4.46999979019165,4.579999923706055,4.453999996185303,4.460000038146973,489300,0.0,0.0
2026-04-29 00:00:00-04:00,4.440000057220459,4.4770002365112305,4.369999885559082,4.420000076293945,549600,0.0,0.0
2026-04-30 00:00:00-04:00,4.440000057220459,4.635000228881836,4.440000057220459,4.610000133514404,461900,0.0,0.0
2026-05-01 00:00:00-04:00,4.650000095367432,4.78000020980835,4.639999866485596,4.75,1169400,0.0,0.0
2026-05-04 00:00:00-04:00,4.730000019073486,4.894999980926514,4.730000019073486,4.840000152587891,739900,0.0,0.0
2026-05-05 00:00:00-04:00,4.849999904632568,4.909999847412109,4.78000020980835,4.820000171661377,681200,0.0,0.0
2026-05-06 00:00:00-04:00,4.820000171661377,4.829999923706055,4.699999809265137,4.75,496800,0.0,0.0
2026-05-07 00:00:00-04:00,4.800000190734863,4.914999961853027,4.800000190734863,4.829999923706055,575500,0.0,0.0
2026-05-08 00:00:00-04:00,4.849999904632568,4.869999885559082,4.75,4.789999961853027,679600,0.0,0.0
2026-05-11 00:00:00-04:00,4.739999771118164,4.795000076293945,4.599999904632568,4.679999828338623,949900,0.0,0.0
2026-05-12 00:00:00-04:00,4.710000038146973,4.710000038146973,4.550000190734863,4.579999923706055,643200,0.0,0.0
2026-05-13 00:00:00-04:00,4.699999809265137,4.789999961853027,4.53000020980835,4.789999961853027,1616400,0.0,0.0
2026-05-14 00:00:00-04:00,4.760000228881836,4.800000190734863,4.5,4.639999866485596,1429100,0.0,0.0
2026-05-15 00:00:00-04:00,4.550000190734863,4.699999809265137,4.400000095367432,4.610000133514404,1297700,0.0,0.0
2026-05-18 00:00:00-04:00,4.610000133514404,4.820000171661377,4.550000190734863,4.78000020980835,2857800,0.0,0.0
2026-05-19 00:00:00-04:00,4.800000190734863,5.014999866485596,4.730000019073486,4.800000190734863,2256500,0.0,0.0
2026-05-20 00:00:00-04:00,4.769999980926514,4.90500020980835,4.690000057220459,4.889999866485596,1213700,0.0,0.0
2026-05-21 00:00:00-04:00,4.860000133514404,4.929999828338623,4.769999980926514,4.800000190734863,763600,0.0,0.0
2026-05-22 00:00:00-04:00,4.800000190734863,4.875,4.75,4.760000228881836,576600,0.0,0.0
2026-05-26 00:00:00-04:00,4.75,4.824999809265137,4.710000038146973,4.760000228881836,806000,0.0,0.0
2026-05-27 00:00:00-04:00,4.739999771118164,4.804999828338623,4.614999771118164,4.639999866485596,813800,0.0,0.0
2026-05-28 00:00:00-04:00,4.659999847412109,4.809999942779541,4.650000095367432,4.769999980926514,842500,0.0,0.0
2026-05-29 00:00:00-04:00,4.789999961853027,4.889999866485596,4.739999771118164,4.880000114440918,1983500,0.0,0.0
2026-06-01 00:00:00-04:00,4.820000171661377,5.090000152587891,4.820000171661377,5.039999961853027,1996700,0.0,0.0
2026-06-02 00:00:00-04:00,4.949999809265137,5.0,4.90500020980835,4.96999979019165,957300,0.0,0.0
2026-06-03 00:00:00-04:00,4.949999809265137,4.949999809265137,4.775000095367432,4.800000190734863,716700,0.0,0.0
2026-06-04 00:00:00-04:00,4.809999942779541,4.909999847412109,4.809999942779541,4.809999942779541,615000,0.0,0.0
2026-06-05 00:00:00-04:00,4.809999942779541,4.860000133514404,4.732999801635742,4.75,683000,0.0,0.0
2026-06-08 00:00:00-04:00,4.829999923706055,4.934999942779541,4.800000190734863,4.840000152587891,1142700,0.0,0.0
2026-06-09 00:00:00-04:00,4.800000190734863,4.96999979019165,4.795000076293945,4.960000038146973,1135700,0.0,0.0
2026-06-10 00:00:00-04:00,4.889999866485596,5.0,4.840000152587891,4.840000152587891,1125900,0.0,0.0
2026-06-11 00:00:00-04:00,4.809999942779541,4.934999942779541,4.764999866485596,4.929999828338623,827100,0.0,0.0
2026-06-12 00:00:00-04:00,4.909999847412109,5.005000114440918,4.885000228881836,4.940000057220459,1080900,0.0,0.0
2026-06-15 00:00:00-04:00,4.940000057220459,5.010000228881836,4.929999828338623,4.949999809265137,1273000,0.0,0.0
2026-06-16 00:00:00-04:00,4.949999809265137,4.994999885559082,4.869999885559082,4.96999979019165,1046600,0.0,0.0
2026-06-17 00:00:00-04:00,4.940000057220459,5.0,4.880000114440918,4.909999847412109,854500,0.0,0.0
2026-06-18 00:00:00-04:00,4.929999828338623,4.980000019073486,4.880000114440918,4.949999809265137,1192000,0.0,0.0
2026-06-22 00:00:00-04:00,4.90500020980835,5.005000114440918,4.822999954223633,4.860000133514404,1062400,0.0,0.0
2026-06-23 00:00:00-04:00,4.900000095367432,4.985000133514404,4.885000228881836,4.920000076293945,1485900,0.0,0.0
2026-06-24 00:00:00-04:00,4.889999866485596,4.980000019073486,4.84499979019165,4.880000114440918,1522400,0.0,0.0
2026-06-25 00:00:00-04:00,4.869999885559082,5.010000228881836,4.829999923706055,4.909999847412109,1452400,0.0,0.0
2026-06-26 00:00:00-04:00,4.900000095367432,5.085000038146973,4.8520002365112305,5.059999942779541,1887000,0.0,0.0
2026-06-29 00:00:00-04:00,5.099999904632568,5.139999866485596,4.989999771118164,5.019999980926514,1113300,0.0,0.0
2026-06-30 00:00:00-04:00,4.940000057220459,5.050000190734863,4.849999904632568,5.039999961853027,1334600,0.0,0.0
2026-07-01 00:00:00-04:00,5.03000020980835,5.090000152587891,4.980000019073486,5.019999980926514,2189000,0.0,0.0
2026-07-02 00:00:00-04:00,5.039999961853027,5.21999979019165,5.005000114440918,5.130000114440918,1450000,0.0,0.0
2026-07-06 00:00:00-04:00,5.079999923706055,5.28000020980835,5.065000057220459,5.25,1150000,0.0,0.0
2026-07-07 00:00:00-04:00,5.28000020980835,5.340000152587891,5.210000038146973,5.25,881600,0.0,0.0
2026-07-08 00:00:00-04:00,5.190000057220459,5.216000080108643,5.130000114440918,5.190000057220459,645245,0.0,0.0
