Date,Open,High,Low,Close,Volume,Dividends,Stock Splits
2024-10-11 00:00:00-04:00,23.260000228881836,25.829999923706055,23.0,25.0,3571200,0.0,0.0
2024-10-14 00:00:00-04:00,25.299999237060547,25.8799991607666,24.100000381469727,25.5,757500,0.0,0.0
2024-10-15 00:00:00-04:00,25.360000610351562,26.20199966430664,25.0,25.530000686645508,335700,0.0,0.0
2024-10-16 00:00:00-04:00,25.610000610351562,26.8799991607666,25.610000610351562,26.43000030517578,490100,0.0,0.0
2024-10-17 00:00:00-04:00,26.84000015258789,26.84000015258789,25.635000228881836,26.5,266900,0.0,0.0
2024-10-18 00:00:00-04:00,26.899999618530273,27.40999984741211,26.200000762939453,26.670000076293945,422000,0.0,0.0
2024-10-21 00:00:00-04:00,26.469999313354492,27.709999084472656,25.8700008392334,27.049999237060547,508100,0.0,0.0
2024-10-22 00:00:00-04:00,27.049999237060547,27.200000762939453,26.31999969482422,26.350000381469727,397500,0.0,0.0
2024-10-23 00:00:00-04:00,25.989999771118164,26.639999389648438,25.989999771118164,26.209999084472656,82200,0.0,0.0
2024-10-24 00:00:00-04:00,26.010000228881836,26.899999618530273,26.010000228881836,26.43000030517578,98300,0.0,0.0
2024-10-25 00:00:00-04:00,26.56999969482422,26.825000762939453,26.09000015258789,26.280000686645508,215000,0.0,0.0
2024-10-28 00:00:00-04:00,25.479999542236328,26.280000686645508,25.023000717163086,25.959999084472656,145300,0.0,0.0
2024-10-29 00:00:00-04:00,26.010000228881836,26.639999389648438,25.405000686645508,26.200000762939453,162400,0.0,0.0
2024-10-30 00:00:00-04:00,26.25,26.479999542236328,25.604999542236328,26.010000228881836,188000,0.0,0.0
2024-10-31 00:00:00-04:00,26.010000228881836,26.84000015258789,25.700000762939453,26.290000915527344,114200,0.0,0.0
2024-11-01 00:00:00-04:00,26.84000015258789,26.84000015258789,26.30500030517578,26.420000076293945,53100,0.0,0.0
2024-11-04 00:00:00-05:00,26.709999084472656,26.760000228881836,26.059999465942383,26.239999771118164,68600,0.0,0.0
2024-11-05 00:00:00-05:00,26.989999771118164,27.31999969482422,26.270000457763672,26.959999084472656,239700,0.0,0.0
2024-11-06 00:00:00-05:00,27.0,28.940000534057617,26.489999771118164,27.780000686645508,158000,0.0,0.0
2024-11-07 00:00:00-05:00,28.09000015258789,29.530000686645508,27.920000076293945,28.950000762939453,142800,0.0,0.0
2024-11-08 00:00:00-05:00,28.950000762939453,29.170000076293945,28.079999923706055,28.270000457763672,63700,0.0,0.0
2024-11-11 00:00:00-05:00,29.309999465942383,29.309999465942383,27.530000686645508,28.899999618530273,139400,0.0,0.0
2024-11-12 00:00:00-05:00,29.0,29.399999618530273,28.024999618530273,28.850000381469727,195800,0.0,0.0
2024-11-13 00:00:00-05:00,29.0,29.0,26.690000534057617,27.8799991607666,204200,0.0,0.0
2024-11-14 00:00:00-05:00,28.010000228881836,28.739999771118164,27.459999084472656,27.549999237060547,73000,0.0,0.0
2024-11-15 00:00:00-05:00,27.940000534057617,28.75,26.479999542236328,26.530000686645508,111400,0.0,0.0
2024-11-18 00:00:00-05:00,26.510000228881836,27.908000946044922,24.18000030517578,25.0,118900,0.0,0.0
2024-11-19 00:00:00-05:00,24.5,25.690000534057617,24.5,25.56999969482422,215500,0.0,0.0
2024-11-20 00:00:00-05:00,25.510000228881836,25.799999237060547,24.834999084472656,25.059999465942383,302300,0.0,0.0
2024-11-21 00:00:00-05:00,24.809999465942383,25.790000915527344,24.809999465942383,25.229999542236328,220100,0.0,0.0
2024-11-22 00:00:00-05:00,25.510000228881836,26.329999923706055,25.299999237060547,26.309999465942383,66900,0.0,0.0
2024-11-25 00:00:00-05:00,26.709999084472656,29.190000534057617,26.709999084472656,28.940000534057617,143900,0.0,0.0
2024-11-26 00:00:00-05:00,28.690000534057617,29.329999923706055,27.610000610351562,27.68000030517578,182500,0.0,0.0
2024-11-27 00:00:00-05:00,27.690000534057617,29.200000762939453,27.690000534057617,28.84000015258789,73800,0.0,0.0
2024-11-29 00:00:00-05:00,28.940000534057617,29.34000015258789,28.739999771118164,28.790000915527344,67900,0.0,0.0
2024-12-02 00:00:00-05:00,28.530000686645508,29.239999771118164,27.899999618530273,28.020000457763672,142200,0.0,0.0
2024-12-03 00:00:00-05:00,27.809999465942383,29.702999114990234,27.809999465942383,29.469999313354492,150700,0.0,0.0
2024-12-04 00:00:00-05:00,29.5,29.885000228881836,28.709999084472656,28.940000534057617,79300,0.0,0.0
2024-12-05 00:00:00-05:00,29.0,29.264999389648438,28.059999465942383,28.280000686645508,99900,0.0,0.0
2024-12-06 00:00:00-05:00,28.030000686645508,30.43000030517578,28.030000686645508,30.239999771118164,242900,0.0,0.0
2024-12-09 00:00:00-05:00,30.889999389648438,32.53499984741211,29.079999923706055,30.040000915527344,179600,0.0,0.0
2024-12-10 00:00:00-05:00,29.93000030517578,31.399999618530273,28.969999313354492,29.625,96200,0.0,0.0
2024-12-11 00:00:00-05:00,29.6299991607666,30.2450008392334,29.30500030517578,29.610000610351562,69200,0.0,0.0
2024-12-12 00:00:00-05:00,29.979999542236328,32.749000549316406,28.920000076293945,29.200000762939453,94000,0.0,0.0
2024-12-13 00:00:00-05:00,28.90999984741211,29.959999084472656,28.90999984741211,29.219999313354492,105800,0.0,0.0
2024-12-16 00:00:00-05:00,28.8799991607666,29.649999618530273,27.5,28.600000381469727,651600,0.0,0.0
2024-12-17 00:00:00-05:00,28.610000610351562,29.700000762939453,26.81999969482422,27.43000030517578,340400,0.0,0.0
2024-12-18 00:00:00-05:00,27.0,28.43000030517578,26.530000686645508,26.920000076293945,318700,0.0,0.0
2024-12-19 00:00:00-05:00,26.530000686645508,27.6200008392334,25.75,26.729999542236328,291000,0.0,0.0
2024-12-20 00:00:00-05:00,26.34000015258789,28.229999542236328,26.0,26.920000076293945,2553100,0.0,0.0
2024-12-23 00:00:00-05:00,26.56999969482422,27.579999923706055,26.450000762939453,26.719999313354492,184800,0.0,0.0
2024-12-24 00:00:00-05:00,26.579999923706055,27.04800033569336,26.15999984741211,26.979999542236328,107400,0.0,0.0
2024-12-26 00:00:00-05:00,26.600000381469727,27.21500015258789,26.190000534057617,26.479999542236328,115600,0.0,0.0
2024-12-27 00:00:00-05:00,26.31999969482422,26.610000610351562,25.799999237060547,26.450000762939453,126400,0.0,0.0
2024-12-30 00:00:00-05:00,26.270000457763672,26.270000457763672,25.059999465942383,25.860000610351562,149500,0.0,0.0
2024-12-31 00:00:00-05:00,25.8799991607666,26.420000076293945,25.049999237060547,25.8799991607666,138000,0.0,0.0
2025-01-02 00:00:00-05:00,26.110000610351562,26.829999923706055,25.700000762939453,25.860000610351562,90000,0.0,0.0
2025-01-03 00:00:00-05:00,25.440000534057617,25.8799991607666,23.889999389648438,24.290000915527344,179300,0.0,0.0
2025-01-06 00:00:00-05:00,24.049999237060547,24.344999313354492,22.239999771118164,22.549999237060547,389500,0.0,0.0
2025-01-07 00:00:00-05:00,22.40999984741211,23.489999771118164,22.184999465942383,23.440000534057617,247000,0.0,0.0
2025-01-08 00:00:00-05:00,23.34000015258789,23.579999923706055,22.690000534057617,23.020000457763672,99500,0.0,0.0
2025-01-10 00:00:00-05:00,22.709999084472656,22.84000015258789,20.100000381469727,20.93000030517578,181000,0.0,0.0
2025-01-13 00:00:00-05:00,20.510000228881836,20.84000015258789,19.80500030517578,20.84000015258789,385700,0.0,0.0
2025-01-14 00:00:00-05:00,21.1299991607666,21.1299991607666,18.690000534057617,19.09000015258789,200800,0.0,0.0
2025-01-15 00:00:00-05:00,19.6200008392334,20.850000381469727,19.200000762939453,20.030000686645508,277300,0.0,0.0
2025-01-16 00:00:00-05:00,19.889999389648438,20.469999313354492,19.520000457763672,20.149999618530273,115600,0.0,0.0
2025-01-17 00:00:00-05:00,20.229999542236328,21.06999969482422,19.950000762939453,21.040000915527344,257500,0.0,0.0
2025-01-21 00:00:00-05:00,21.18000030517578,23.2189998626709,21.1299991607666,22.940000534057617,178700,0.0,0.0
2025-01-22 00:00:00-05:00,23.049999237060547,24.424999237060547,23.049999237060547,23.239999771118164,123400,0.0,0.0
2025-01-23 00:00:00-05:00,23.309999465942383,24.364999771118164,22.8700008392334,23.06999969482422,153000,0.0,0.0
2025-01-24 00:00:00-05:00,22.860000610351562,23.3799991607666,22.649999618530273,22.959999084472656,356800,0.0,0.0
2025-01-27 00:00:00-05:00,22.790000915527344,23.121000289916992,22.21500015258789,22.6200008392334,204700,0.0,0.0
2025-01-28 00:00:00-05:00,22.5,23.59000015258789,22.381000518798828,23.329999923706055,105600,0.0,0.0
2025-01-29 00:00:00-05:00,23.31999969482422,23.690000534057617,22.94499969482422,23.25,124500,0.0,0.0
2025-01-30 00:00:00-05:00,23.31999969482422,24.709999084472656,23.31999969482422,23.799999237060547,85500,0.0,0.0
2025-01-31 00:00:00-05:00,23.729999542236328,24.0,22.989999771118164,23.010000228881836,98600,0.0,0.0
2025-02-03 00:00:00-05:00,22.360000610351562,23.520000457763672,22.360000610351562,23.170000076293945,88200,0.0,0.0
2025-02-04 00:00:00-05:00,22.969999313354492,23.39299964904785,22.875,22.979999542236328,168900,0.0,0.0
2025-02-05 00:00:00-05:00,22.899999618530273,23.47599983215332,22.479999542236328,22.950000762939453,135800,0.0,0.0
2025-02-06 00:00:00-05:00,22.790000915527344,22.799999237060547,22.38800048828125,22.610000610351562,134600,0.0,0.0
2025-02-07 00:00:00-05:00,22.670000076293945,22.829999923706055,21.209999084472656,21.270000457763672,151600,0.0,0.0
2025-02-10 00:00:00-05:00,21.270000457763672,22.0,20.729999542236328,21.440000534057617,91800,0.0,0.0
2025-02-11 00:00:00-05:00,21.219999313354492,22.25,21.219999313354492,21.84000015258789,87900,0.0,0.0
2025-02-12 00:00:00-05:00,21.510000228881836,22.34000015258789,21.389999389648438,22.31999969482422,111700,0.0,0.0
2025-02-13 00:00:00-05:00,22.59000015258789,22.59000015258789,21.8700008392334,21.899999618530273,117000,0.0,0.0
2025-02-14 00:00:00-05:00,21.989999771118164,22.3799991607666,21.389999389648438,21.440000534057617,302200,0.0,0.0
2025-02-18 00:00:00-05:00,21.530000686645508,22.15999984741211,21.530000686645508,21.969999313354492,94700,0.0,0.0
2025-02-19 00:00:00-05:00,21.969999313354492,22.235000610351562,21.885000228881836,22.149999618530273,73300,0.0,0.0
2025-02-20 00:00:00-05:00,22.030000686645508,23.459999084472656,21.834999084472656,23.110000610351562,178400,0.0,0.0
2025-02-21 00:00:00-05:00,23.479999542236328,25.084999084472656,23.290000915527344,24.690000534057617,320300,0.0,0.0
2025-02-24 00:00:00-05:00,24.739999771118164,25.488000869750977,24.040000915527344,25.43000030517578,343800,0.0,0.0
2025-02-25 00:00:00-05:00,25.520000457763672,26.040000915527344,24.124000549316406,25.540000915527344,436500,0.0,0.0
2025-02-26 00:00:00-05:00,25.399999618530273,25.979999542236328,25.0,25.200000762939453,232800,0.0,0.0
2025-02-27 00:00:00-05:00,25.09000015258789,25.3700008392334,23.520000457763672,23.760000228881836,228100,0.0,0.0
2025-02-28 00:00:00-05:00,23.68000030517578,24.200000762939453,22.93000030517578,23.239999771118164,375700,0.0,0.0
2025-03-03 00:00:00-05:00,23.329999923706055,24.639999389648438,23.270000457763672,24.6200008392334,228100,0.0,0.0
2025-03-04 00:00:00-05:00,24.510000228881836,24.68000030517578,23.350000381469727,23.760000228881836,346800,0.0,0.0
2025-03-05 00:00:00-05:00,23.889999389648438,24.309999465942383,22.8799991607666,23.34000015258789,227600,0.0,0.0
2025-03-06 00:00:00-05:00,23.239999771118164,23.239999771118164,21.350000381469727,22.219999313354492,344000,0.0,0.0
2025-03-07 00:00:00-05:00,22.229999542236328,22.790000915527344,21.670000076293945,22.690000534057617,333500,0.0,0.0
2025-03-10 00:00:00-04:00,22.68000030517578,22.979999542236328,21.809999465942383,22.209999084472656,257800,0.0,0.0
2025-03-11 00:00:00-04:00,22.260000228881836,23.229999542236328,22.0,23.229999542236328,197300,0.0,0.0
2025-03-12 00:00:00-04:00,23.25,23.274999618530273,21.559999465942383,21.559999465942383,135400,0.0,0.0
2025-03-13 00:00:00-04:00,21.709999084472656,21.920000076293945,20.8799991607666,21.399999618530273,141700,0.0,0.0
2025-03-14 00:00:00-04:00,21.420000076293945,21.75,21.030000686645508,21.030000686645508,126900,0.0,0.0
2025-03-17 00:00:00-04:00,22.09000015258789,22.09000015258789,20.40999984741211,20.469999313354492,142000,0.0,0.0
2025-03-18 00:00:00-04:00,20.5,20.854999542236328,19.985000610351562,20.68000030517578,148200,0.0,0.0
2025-03-19 00:00:00-04:00,20.639999389648438,20.940000534057617,20.440000534057617,20.635000228881836,76000,0.0,0.0
2025-03-20 00:00:00-04:00,20.459999084472656,20.969999313354492,20.170000076293945,20.270000457763672,146000,0.0,0.0
2025-03-21 00:00:00-04:00,20.18000030517578,20.729999542236328,20.010000228881836,20.420000076293945,140400,0.0,0.0
2025-03-24 00:00:00-04:00,20.600000381469727,21.15999984741211,20.549999237060547,21.049999237060547,244800,0.0,0.0
2025-03-25 00:00:00-04:00,21.239999771118164,21.239999771118164,20.049999237060547,20.15999984741211,87200,0.0,0.0
2025-03-26 00:00:00-04:00,20.15999984741211,20.325000762939453,19.510000228881836,19.56999969482422,113600,0.0,0.0
2025-03-27 00:00:00-04:00,19.5,19.889999389648438,19.280000686645508,19.829999923706055,87800,0.0,0.0
2025-03-28 00:00:00-04:00,19.770000457763672,19.950000762939453,19.405000686645508,19.459999084472656,136100,0.0,0.0
2025-03-31 00:00:00-04:00,19.260000228881836,19.5,18.799999237060547,19.209999084472656,157700,0.0,0.0
2025-04-01 00:00:00-04:00,19.0,19.1200008392334,18.500999450683594,18.770000457763672,84500,0.0,0.0
2025-04-02 00:00:00-04:00,18.520000457763672,19.389999389648438,18.520000457763672,19.239999771118164,115400,0.0,0.0
2025-04-03 00:00:00-04:00,18.739999771118164,18.954999923706055,18.09000015258789,18.729999542236328,148400,0.0,0.0
2025-04-04 00:00:00-04:00,18.979999542236328,19.030000686645508,17.670000076293945,18.440000534057617,182900,0.0,0.0
2025-04-07 00:00:00-04:00,17.780000686645508,18.93000030517578,17.239999771118164,18.190000534057617,113900,0.0,0.0
2025-04-08 00:00:00-04:00,18.350000381469727,19.329999923706055,16.729999542236328,16.969999313354492,243300,0.0,0.0
2025-04-09 00:00:00-04:00,16.780000686645508,19.639999389648438,16.780000686645508,19.229999542236328,287100,0.0,0.0
2025-04-10 00:00:00-04:00,18.670000076293945,18.670000076293945,10.010000228881836,11.149999618530273,1382400,0.0,0.0
2025-04-11 00:00:00-04:00,12.979999542236328,15.84000015258789,12.609999656677246,15.0,2299900,0.0,0.0
2025-04-14 00:00:00-04:00,15.5600004196167,15.869999885559082,14.199999809265137,14.880000114440918,489600,0.0,0.0
2025-04-15 00:00:00-04:00,14.529999732971191,15.114999771118164,13.970000267028809,14.569999694824219,250300,0.0,0.0
2025-04-16 00:00:00-04:00,14.510000228881836,14.899999618530273,14.076000213623047,14.489999771118164,270400,0.0,0.0
2025-04-17 00:00:00-04:00,14.380000114440918,15.180000305175781,14.300000190734863,14.845000267028809,621600,0.0,0.0
2025-04-21 00:00:00-04:00,14.680000305175781,15.140000343322754,14.010000228881836,14.930000305175781,320400,0.0,0.0
2025-04-22 00:00:00-04:00,15.140000343322754,15.609999656677246,14.010000228881836,14.770000457763672,425300,0.0,0.0
2025-04-23 00:00:00-04:00,15.149999618530273,15.600000381469727,14.805000305175781,15.079999923706055,539800,0.0,0.0
2025-04-24 00:00:00-04:00,15.1899995803833,15.569999694824219,14.920000076293945,15.489999771118164,359300,0.0,0.0
2025-04-25 00:00:00-04:00,15.270000457763672,15.430000305175781,14.729999542236328,15.3100004196167,247400,0.0,0.0
2025-04-28 00:00:00-04:00,15.069999694824219,16.280000686645508,15.039999961853027,16.190000534057617,231600,0.0,0.0
2025-04-29 00:00:00-04:00,16.239999771118164,16.674999237060547,15.645000457763672,16.360000610351562,272000,0.0,0.0
2025-04-30 00:00:00-04:00,16.200000762939453,16.350000381469727,15.600000381469727,16.09000015258789,148200,0.0,0.0
2025-05-01 00:00:00-04:00,16.139999389648438,16.469999313354492,15.550000190734863,16.280000686645508,219600,0.0,0.0
2025-05-02 00:00:00-04:00,16.540000915527344,16.704999923706055,16.200000762939453,16.31999969482422,208000,0.0,0.0
2025-05-05 00:00:00-04:00,16.209999084472656,16.2450008392334,15.619999885559082,16.18000030517578,242600,0.0,0.0
2025-05-06 00:00:00-04:00,16.049999237060547,16.225000381469727,15.489999771118164,15.770000457763672,308000,0.0,0.0
2025-05-07 00:00:00-04:00,15.399999618530273,16.280000686645508,15.199999809265137,16.010000228881836,342000,0.0,0.0
2025-05-08 00:00:00-04:00,16.200000762939453,17.290000915527344,15.890000343322754,17.100000381469727,299100,0.0,0.0
2025-05-09 00:00:00-04:00,17.790000915527344,17.790000915527344,15.550000190734863,15.970000267028809,468200,0.0,0.0
2025-05-12 00:00:00-04:00,16.450000762939453,17.260000228881836,16.0,17.15999984741211,445100,0.0,0.0
2025-05-13 00:00:00-04:00,17.0,17.933000564575195,16.079999923706055,16.600000381469727,294200,0.0,0.0
2025-05-14 00:00:00-04:00,16.670000076293945,17.229999542236328,16.190000534057617,16.459999084472656,357900,0.0,0.0
2025-05-15 00:00:00-04:00,16.59000015258789,17.709999084472656,16.065000534057617,17.59000015258789,351400,0.0,0.0
2025-05-16 00:00:00-04:00,17.600000381469727,18.309999465942383,16.989999771118164,17.969999313354492,405600,0.0,0.0
2025-05-19 00:00:00-04:00,17.799999237060547,17.899999618530273,17.104999542236328,17.829999923706055,336700,0.0,0.0
2025-05-20 00:00:00-04:00,17.979999542236328,18.3799991607666,17.665000915527344,18.18000030517578,339700,0.0,0.0
2025-05-21 00:00:00-04:00,18.110000610351562,18.290000915527344,17.399999618530273,17.549999237060547,380500,0.0,0.0
2025-05-22 00:00:00-04:00,17.40999984741211,17.610000610351562,17.200000762939453,17.260000228881836,252500,0.0,0.0
2025-05-23 00:00:00-04:00,17.3799991607666,17.3799991607666,16.540000915527344,16.579999923706055,212600,0.0,0.0
2025-05-27 00:00:00-04:00,16.799999237060547,17.753999710083008,16.799999237060547,17.280000686645508,635600,0.0,0.0
2025-05-28 00:00:00-04:00,17.25,17.469999313354492,17.0,17.190000534057617,473700,0.0,0.0
2025-05-29 00:00:00-04:00,17.149999618530273,17.790000915527344,17.0,17.020000457763672,238600,0.0,0.0
2025-05-30 00:00:00-04:00,16.950000762939453,17.239999771118164,16.520000457763672,16.809999465942383,254700,0.0,0.0
2025-06-02 00:00:00-04:00,16.969999313354492,17.18000030517578,16.399999618530273,17.18000030517578,270600,0.0,0.0
2025-06-03 00:00:00-04:00,17.149999618530273,17.200000762939453,16.809999465942383,16.93000030517578,239000,0.0,0.0
2025-06-04 00:00:00-04:00,16.979999542236328,17.584999084472656,16.979999542236328,17.139999389648438,432100,0.0,0.0
2025-06-05 00:00:00-04:00,17.020000457763672,17.84000015258789,16.78499984741211,17.5,275300,0.0,0.0
2025-06-06 00:00:00-04:00,17.875,18.139999389648438,17.75,17.889999389648438,235600,0.0,0.0
2025-06-09 00:00:00-04:00,18.0,18.195999145507812,17.600000381469727,17.809999465942383,166500,0.0,0.0
2025-06-10 00:00:00-04:00,17.989999771118164,18.1299991607666,17.575000762939453,17.719999313354492,173200,0.0,0.0
2025-06-11 00:00:00-04:00,17.770000457763672,17.829999923706055,17.28499984741211,17.764999389648438,318400,0.0,0.0
2025-06-12 00:00:00-04:00,17.81999969482422,18.190000534057617,17.739999771118164,18.18000030517578,248300,0.0,0.0
2025-06-13 00:00:00-04:00,18.010000228881836,18.110000610351562,17.141000747680664,17.270000457763672,424100,0.0,0.0
2025-06-16 00:00:00-04:00,17.25,17.360000610351562,16.81800079345703,17.219999313354492,390400,0.0,0.0
2025-06-17 00:00:00-04:00,17.09000015258789,17.899999618530273,16.799999237060547,17.739999771118164,428800,0.0,0.0
2025-06-18 00:00:00-04:00,17.75,17.989999771118164,17.420000076293945,17.799999237060547,398500,0.0,0.0
2025-06-20 00:00:00-04:00,17.969999313354492,17.989999771118164,17.600000381469727,17.90999984741211,254300,0.0,0.0
2025-06-23 00:00:00-04:00,17.920000076293945,18.530000686645508,17.684999465942383,18.489999771118164,318500,0.0,0.0
2025-06-24 00:00:00-04:00,19.260000228881836,20.09000015258789,18.559999465942383,19.649999618530273,390000,0.0,0.0
2025-06-25 00:00:00-04:00,19.649999618530273,19.68899917602539,19.229999542236328,19.31999969482422,246300,0.0,0.0
2025-06-26 00:00:00-04:00,19.260000228881836,19.405000686645508,19.079999923706055,19.290000915527344,205200,0.0,0.0
2025-06-27 00:00:00-04:00,19.239999771118164,19.479000091552734,18.309999465942383,18.899999618530273,2360300,0.0,0.0
2025-06-30 00:00:00-04:00,18.90999984741211,19.299999237060547,18.540000915527344,18.729999542236328,276400,0.0,0.0
2025-07-01 00:00:00-04:00,18.600000381469727,18.84000015258789,18.299999237060547,18.56999969482422,242800,0.0,0.0
2025-07-02 00:00:00-04:00,18.540000915527344,18.8799991607666,18.350000381469727,18.6299991607666,147400,0.0,0.0
2025-07-03 00:00:00-04:00,18.700000762939453,19.01099967956543,18.600000381469727,18.93000030517578,99500,0.0,0.0
2025-07-07 00:00:00-04:00,18.799999237060547,18.899999618530273,17.020000457763672,17.200000762939453,390000,0.0,0.0
2025-07-08 00:00:00-04:00,17.200000762939453,17.530000686645508,17.0,17.1299991607666,242800,0.0,0.0
2025-07-09 00:00:00-04:00,17.1299991607666,17.219999313354492,16.399999618530273,16.5,246700,0.0,0.0
2025-07-10 00:00:00-04:00,16.459999084472656,16.93000030517578,16.299999237060547,16.760000228881836,175300,0.0,0.0
2025-07-11 00:00:00-04:00,16.610000610351562,16.799999237060547,16.114999771118164,16.1299991607666,131200,0.0,0.0
2025-07-14 00:00:00-04:00,16.010000228881836,16.510000228881836,15.6899995803833,16.3799991607666,227900,0.0,0.0
2025-07-15 00:00:00-04:00,16.510000228881836,16.510000228881836,15.640000343322754,15.729999542236328,298900,0.0,0.0
2025-07-16 00:00:00-04:00,15.800000190734863,15.850000381469727,15.399999618530273,15.800000190734863,283200,0.0,0.0
2025-07-17 00:00:00-04:00,15.850000381469727,16.040000915527344,15.569999694824219,15.619999885559082,192400,0.0,0.0
2025-07-18 00:00:00-04:00,15.8100004196167,15.850000381469727,15.399999618530273,15.579999923706055,218000,0.0,0.0
2025-07-21 00:00:00-04:00,15.6899995803833,15.960000038146973,15.15999984741211,15.210000038146973,109100,0.0,0.0
2025-07-22 00:00:00-04:00,15.270000457763672,15.890000343322754,15.149999618530273,15.520000457763672,177000,0.0,0.0
2025-07-23 00:00:00-04:00,15.59000015258789,15.800000190734863,15.430000305175781,15.75,185200,0.0,0.0
2025-07-24 00:00:00-04:00,15.649999618530273,15.699999809265137,15.3100004196167,15.380000114440918,154600,0.0,0.0
2025-07-25 00:00:00-04:00,15.369999885559082,15.5,14.720000267028809,15.130000114440918,193500,0.0,0.0
2025-07-28 00:00:00-04:00,15.199999809265137,15.199999809265137,14.854999542236328,14.960000038146973,163300,0.0,0.0
2025-07-29 00:00:00-04:00,15.0,15.0,14.369999885559082,14.760000228881836,153100,0.0,0.0
2025-07-30 00:00:00-04:00,14.8100004196167,15.095000267028809,14.710000038146973,14.920000076293945,270500,0.0,0.0
2025-07-31 00:00:00-04:00,14.800000190734863,14.899999618530273,14.369999885559082,14.399999618530273,320500,0.0,0.0
2025-08-01 00:00:00-04:00,14.350000381469727,14.40999984741211,14.09000015258789,14.140000343322754,272800,0.0,0.0
2025-08-04 00:00:00-04:00,14.239999771118164,15.270000457763672,14.229999542236328,15.229999542236328,374900,0.0,0.0
2025-08-05 00:00:00-04:00,15.289999961853027,15.300000190734863,14.779999732971191,15.079999923706055,383600,0.0,0.0
2025-08-06 00:00:00-04:00,15.0,15.0,11.53499984741211,12.779999732971191,1172000,0.0,0.0
2025-08-07 00:00:00-04:00,12.899999618530273,12.899999618530273,12.149999618530273,12.579999923706055,510300,0.0,0.0
2025-08-08 00:00:00-04:00,12.6899995803833,13.28499984741211,12.680000305175781,12.90999984741211,636600,0.0,0.0
2025-08-11 00:00:00-04:00,12.899999618530273,12.899999618530273,12.069999694824219,12.119999885559082,392400,0.0,0.0
2025-08-12 00:00:00-04:00,12.199999809265137,12.28499984741211,11.65999984741211,11.699999809265137,334600,0.0,0.0
2025-08-13 00:00:00-04:00,11.619999885559082,12.114999771118164,11.550000190734863,11.90999984741211,458300,0.0,0.0
2025-08-14 00:00:00-04:00,11.829999923706055,11.9399995803833,11.569999694824219,11.789999961853027,241800,0.0,0.0
2025-08-15 00:00:00-04:00,11.899999618530273,12.390000343322754,11.8100004196167,12.3100004196167,285700,0.0,0.0
2025-08-18 00:00:00-04:00,12.369999885559082,12.600000381469727,12.010000228881836,12.180000305175781,221900,0.0,0.0
2025-08-19 00:00:00-04:00,12.199999809265137,12.239999771118164,11.649999618530273,11.789999961853027,320300,0.0,0.0
2025-08-20 00:00:00-04:00,11.75,11.75,11.350000381469727,11.579999923706055,220100,0.0,0.0
2025-08-21 00:00:00-04:00,11.510000228881836,11.789999961853027,11.399999618530273,11.680000305175781,223500,0.0,0.0
2025-08-22 00:00:00-04:00,11.680000305175781,12.265000343322754,11.609999656677246,12.0600004196167,365700,0.0,0.0
2025-08-25 00:00:00-04:00,12.020000457763672,12.045000076293945,11.420000076293945,11.4399995803833,315800,0.0,0.0
2025-08-26 00:00:00-04:00,11.399999618530273,11.579999923706055,11.279999732971191,11.460000038146973,528400,0.0,0.0
2025-08-27 00:00:00-04:00,11.449999809265137,12.069000244140625,11.449999809265137,11.600000381469727,246200,0.0,0.0
2025-08-28 00:00:00-04:00,11.569999694824219,11.970000267028809,11.510000228881836,11.970000267028809,180800,0.0,0.0
2025-08-29 00:00:00-04:00,11.9399995803833,12.050000190734863,11.725000381469727,11.829999923706055,226000,0.0,0.0
2025-09-02 00:00:00-04:00,11.699999809265137,11.789999961853027,11.175000190734863,11.420000076293945,323400,0.0,0.0
2025-09-03 00:00:00-04:00,11.359999656677246,11.630000114440918,11.300000190734863,11.609999656677246,264200,0.0,0.0
2025-09-04 00:00:00-04:00,11.670000076293945,12.34000015258789,11.510000228881836,12.329999923706055,275300,0.0,0.0
2025-09-05 00:00:00-04:00,12.3100004196167,12.600000381469727,11.729999542236328,11.800000190734863,273400,0.0,0.0
2025-09-08 00:00:00-04:00,11.880000114440918,12.079999923706055,11.770000457763672,12.0600004196167,232800,0.0,0.0
2025-09-09 00:00:00-04:00,12.069999694824219,12.140000343322754,11.770000457763672,11.859999656677246,196700,0.0,0.0
2025-09-10 00:00:00-04:00,11.739999771118164,11.84000015258789,11.385000228881836,11.4399995803833,209600,0.0,0.0
2025-09-11 00:00:00-04:00,11.460000038146973,11.789999961853027,11.375,11.5600004196167,178300,0.0,0.0
2025-09-12 00:00:00-04:00,11.550000190734863,11.680000305175781,11.300000190734863,11.569999694824219,310600,0.0,0.0
2025-09-15 00:00:00-04:00,11.600000381469727,12.229999542236328,11.550000190734863,11.949999809265137,315700,0.0,0.0
2025-09-16 00:00:00-04:00,11.899999618530273,12.100000381469727,11.600000381469727,11.670000076293945,170000,0.0,0.0
2025-09-17 00:00:00-04:00,11.770000457763672,12.289999961853027,11.729999542236328,11.949999809265137,236600,0.0,0.0
2025-09-18 00:00:00-04:00,12.0,12.59000015258789,11.9350004196167,12.5600004196167,214400,0.0,0.0
2025-09-19 00:00:00-04:00,12.600000381469727,12.678999900817871,12.03499984741211,12.25,983500,0.0,0.0
2025-09-22 00:00:00-04:00,12.300000190734863,12.300000190734863,11.800000190734863,12.1899995803833,211700,0.0,0.0
2025-09-23 00:00:00-04:00,12.210000038146973,12.270000457763672,12.010000228881836,12.069999694824219,145200,0.0,0.0
2025-09-24 00:00:00-04:00,12.039999961853027,12.654999732971191,12.039999961853027,12.210000038146973,217800,0.0,0.0
2025-09-25 00:00:00-04:00,12.100000381469727,12.100000381469727,11.300000190734863,11.300000190734863,245900,0.0,0.0
2025-09-26 00:00:00-04:00,11.289999961853027,11.484999656677246,11.130000114440918,11.369999885559082,207800,0.0,0.0
2025-09-29 00:00:00-04:00,11.449999809265137,11.649999618530273,11.289999961853027,11.5,132200,0.0,0.0
2025-09-30 00:00:00-04:00,11.479999542236328,11.539999961853027,11.260000228881836,11.489999771118164,137900,0.0,0.0
2025-10-01 00:00:00-04:00,11.460000038146973,11.739999771118164,11.199999809265137,11.5600004196167,279900,0.0,0.0
2025-10-02 00:00:00-04:00,11.539999961853027,11.899999618530273,11.4399995803833,11.8100004196167,140400,0.0,0.0
2025-10-03 00:00:00-04:00,11.850000381469727,12.989999771118164,11.850000381469727,12.640000343322754,539100,0.0,0.0
2025-10-06 00:00:00-04:00,12.699999809265137,12.720000267028809,12.324999809265137,12.569999694824219,141900,0.0,0.0
2025-10-07 00:00:00-04:00,12.550000190734863,12.574999809265137,11.789999961853027,11.800000190734863,201500,0.0,0.0
2025-10-08 00:00:00-04:00,11.84000015258789,12.300000190734863,11.569999694824219,12.239999771118164,248900,0.0,0.0
2025-10-09 00:00:00-04:00,12.279999732971191,12.96500015258789,12.279999732971191,12.819999694824219,256900,0.0,0.0
2025-10-10 00:00:00-04:00,12.800000190734863,12.8100004196167,11.930000305175781,11.949999809265137,169800,0.0,0.0
2025-10-13 00:00:00-04:00,11.930000305175781,12.199999809265137,11.90999984741211,11.979999542236328,114400,0.0,0.0
2025-10-14 00:00:00-04:00,11.899999618530273,12.600000381469727,11.899999618530273,12.460000038146973,176500,0.0,0.0
2025-10-15 00:00:00-04:00,12.5,12.989999771118164,12.449999809265137,12.645000457763672,202500,0.0,0.0
2025-10-16 00:00:00-04:00,12.6899995803833,12.989999771118164,12.569999694824219,12.989999771118164,245100,0.0,0.0
2025-10-17 00:00:00-04:00,12.800000190734863,12.890000343322754,12.329999923706055,12.710000038146973,318500,0.0,0.0
2025-10-20 00:00:00-04:00,12.800000190734863,12.989999771118164,12.449999809265137,12.5,259600,0.0,0.0
2025-10-21 00:00:00-04:00,12.65999984741211,13.779999732971191,12.460000038146973,13.380000114440918,671700,0.0,0.0
2025-10-22 00:00:00-04:00,13.3100004196167,13.859999656677246,13.0,13.390000343322754,422200,0.0,0.0
2025-10-23 00:00:00-04:00,13.359999656677246,13.479999542236328,12.539999961853027,12.9399995803833,313300,0.0,0.0
2025-10-24 00:00:00-04:00,13.0600004196167,13.0600004196167,12.729999542236328,12.890000343322754,197200,0.0,0.0
2025-10-27 00:00:00-04:00,13.029999732971191,13.09000015258789,12.800000190734863,12.890000343322754,280800,0.0,0.0
2025-10-28 00:00:00-04:00,12.84000015258789,12.989999771118164,12.654999732971191,12.829999923706055,207500,0.0,0.0
2025-10-29 00:00:00-04:00,12.819999694824219,12.819999694824219,12.010000228881836,12.029999732971191,331900,0.0,0.0
2025-10-30 00:00:00-04:00,12.0,12.100000381469727,11.270000457763672,11.319999694824219,320700,0.0,0.0
2025-10-31 00:00:00-04:00,11.220000267028809,11.600000381469727,11.199999809265137,11.399999618530273,245900,0.0,0.0
2025-11-03 00:00:00-05:00,11.390000343322754,11.600000381469727,11.100000381469727,11.34000015258789,237900,0.0,0.0
2025-11-04 00:00:00-05:00,11.399999618530273,11.510000228881836,10.850000381469727,10.920000076293945,347600,0.0,0.0
2025-11-05 00:00:00-05:00,11.25,11.880000114440918,10.942000389099121,11.779999732971191,485200,0.0,0.0
2025-11-06 00:00:00-05:00,11.770000457763672,11.989999771118164,11.5,11.5600004196167,473500,0.0,0.0
2025-11-07 00:00:00-05:00,11.489999771118164,11.979999542236328,11.265000343322754,11.979999542236328,322900,0.0,0.0
2025-11-10 00:00:00-05:00,11.960000038146973,11.989999771118164,11.420000076293945,11.779999732971191,262700,0.0,0.0
2025-11-11 00:00:00-05:00,11.84000015258789,12.529999732971191,11.75,12.520000457763672,362600,0.0,0.0
2025-11-12 00:00:00-05:00,12.529999732971191,12.899999618530273,12.5,12.850000381469727,309500,0.0,0.0
2025-11-13 00:00:00-05:00,12.699999809265137,12.914999961853027,12.359999656677246,12.489999771118164,289400,0.0,0.0
2025-11-14 00:00:00-05:00,12.399999618530273,13.149999618530273,12.399999618530273,12.899999618530273,331700,0.0,0.0
2025-11-17 00:00:00-05:00,12.800000190734863,13.079999923706055,12.649999618530273,12.890000343322754,294900,0.0,0.0
2025-11-18 00:00:00-05:00,12.800000190734863,13.329999923706055,12.649999618530273,13.199999809265137,358500,0.0,0.0
2025-11-19 00:00:00-05:00,13.289999961853027,13.720000267028809,13.199999809265137,13.649999618530273,297800,0.0,0.0
2025-11-20 00:00:00-05:00,13.789999961853027,14.079999923706055,13.520000457763672,13.640000343322754,371200,0.0,0.0
2025-11-21 00:00:00-05:00,13.670000076293945,15.319999694824219,13.609999656677246,15.260000228881836,1079300,0.0,0.0
2025-11-24 00:00:00-05:00,15.289999961853027,16.059999465942383,14.869999885559082,16.010000228881836,925800,0.0,0.0
2025-11-25 00:00:00-05:00,16.100000381469727,17.389999389648438,16.020000457763672,17.350000381469727,681600,0.0,0.0
2025-11-26 00:00:00-05:00,17.200000762939453,17.350000381469727,16.649999618530273,16.90999984741211,498100,0.0,0.0
2025-11-28 00:00:00-05:00,16.920000076293945,17.2450008392334,16.815000534057617,16.969999313354492,200700,0.0,0.0
2025-12-01 00:00:00-05:00,16.8700008392334,16.8700008392334,16.270000457763672,16.65999984741211,545200,0.0,0.0
2025-12-02 00:00:00-05:00,16.670000076293945,17.110000610351562,16.520000457763672,16.850000381469727,509500,0.0,0.0
2025-12-03 00:00:00-05:00,16.829999923706055,18.170000076293945,16.829999923706055,18.0,639100,0.0,0.0
2025-12-04 00:00:00-05:00,17.899999618530273,19.283000946044922,17.860000610351562,19.149999618530273,696500,0.0,0.0
2025-12-05 00:00:00-05:00,19.100000381469727,19.989999771118164,18.8799991607666,19.719999313354492,537700,0.0,0.0
2025-12-08 00:00:00-05:00,19.799999237060547,20.549999237060547,19.524999618530273,20.219999313354492,669900,0.0,0.0
2025-12-09 00:00:00-05:00,22.209999084472656,24.25,21.079999923706055,21.219999313354492,1953000,0.0,0.0
2025-12-10 00:00:00-05:00,21.139999389648438,21.292999267578125,19.8700008392334,20.18000030517578,630200,0.0,0.0
2025-12-11 00:00:00-05:00,20.299999237060547,20.450000762939453,20.0,20.40999984741211,464400,0.0,0.0
2025-12-12 00:00:00-05:00,20.489999771118164,21.06800079345703,20.200000762939453,20.93000030517578,332400,0.0,0.0
2025-12-15 00:00:00-05:00,21.200000762939453,21.950000762939453,20.950000762939453,21.899999618530273,803700,0.0,0.0
2025-12-16 00:00:00-05:00,21.75,22.15999984741211,21.5,21.989999771118164,419500,0.0,0.0
2025-12-17 00:00:00-05:00,22.15999984741211,22.649999618530273,21.440000534057617,21.59000015258789,502000,0.0,0.0
2025-12-18 00:00:00-05:00,21.799999237060547,21.979999542236328,21.09000015258789,21.350000381469727,313700,0.0,0.0
2025-12-19 00:00:00-05:00,21.299999237060547,21.579999923706055,20.854999542236328,21.200000762939453,766500,0.0,0.0
2025-12-22 00:00:00-05:00,21.0,21.4950008392334,21.0,21.09000015258789,444500,0.0,0.0
2025-12-23 00:00:00-05:00,21.09000015258789,21.454999923706055,21.030000686645508,21.290000915527344,228700,0.0,0.0
2025-12-24 00:00:00-05:00,21.25,21.649999618530273,21.010000228881836,21.420000076293945,206100,0.0,0.0
2025-12-26 00:00:00-05:00,21.399999618530273,21.520000457763672,21.200000762939453,21.299999237060547,196700,0.0,0.0
2025-12-29 00:00:00-05:00,21.25,22.110000610351562,21.209999084472656,21.389999389648438,391800,0.0,0.0
2025-12-30 00:00:00-05:00,21.329999923706055,22.0,21.020000457763672,21.709999084472656,666100,0.0,0.0
2025-12-31 00:00:00-05:00,21.799999237060547,22.100000381469727,21.040000915527344,21.93000030517578,802600,0.0,0.0
2026-01-02 00:00:00-05:00,21.889999389648438,21.950000762939453,20.719999313354492,21.299999237060547,284200,0.0,0.0
2026-01-05 00:00:00-05:00,22.600000381469727,22.959999084472656,20.389999389648438,20.809999465942383,953100,0.0,0.0
2026-01-06 00:00:00-05:00,20.790000915527344,21.75,20.639999389648438,21.729999542236328,308800,0.0,0.0
2026-01-07 00:00:00-05:00,21.75,22.93000030517578,21.61400032043457,22.829999923706055,677600,0.0,0.0
2026-01-08 00:00:00-05:00,22.6200008392334,23.398000717163086,22.600000381469727,23.06999969482422,320000,0.0,0.0
2026-01-09 00:00:00-05:00,23.100000381469727,23.399999618530273,22.200000762939453,23.329999923706055,302300,0.0,0.0
2026-01-12 00:00:00-05:00,23.200000762939453,24.329999923706055,22.902000427246094,23.43000030517578,572800,0.0,0.0
2026-01-13 00:00:00-05:00,23.579999923706055,23.579999923706055,22.670000076293945,22.790000915527344,228900,0.0,0.0
2026-01-14 00:00:00-05:00,22.739999771118164,22.959999084472656,22.274999618530273,22.93000030517578,196100,0.0,0.0
2026-01-15 00:00:00-05:00,23.0,23.399999618530273,22.43000030517578,22.84000015258789,287500,0.0,0.0
2026-01-16 00:00:00-05:00,22.600000381469727,22.854999542236328,21.850000381469727,21.940000534057617,399200,0.0,0.0
2026-01-20 00:00:00-05:00,21.799999237060547,21.979999542236328,21.3799991607666,21.450000762939453,218900,0.0,0.0
2026-01-21 00:00:00-05:00,21.469999313354492,22.700000762939453,21.40999984741211,22.15999984741211,646900,0.0,0.0
2026-01-22 00:00:00-05:00,22.3799991607666,22.773000717163086,22.170000076293945,22.690000534057617,173100,0.0,0.0
2026-01-23 00:00:00-05:00,22.5,22.700000762939453,22.229999542236328,22.309999465942383,179400,0.0,0.0
2026-01-26 00:00:00-05:00,22.350000381469727,22.8700008392334,21.649999618530273,22.06999969482422,602500,0.0,0.0
2026-01-27 00:00:00-05:00,21.84000015258789,22.100000381469727,21.475000381469727,21.889999389648438,319400,0.0,0.0
2026-01-28 00:00:00-05:00,21.8799991607666,21.889999389648438,20.5049991607666,20.549999237060547,381000,0.0,0.0
2026-01-29 00:00:00-05:00,20.540000915527344,20.600000381469727,20.079999923706055,20.43000030517578,186300,0.0,0.0
2026-01-30 00:00:00-05:00,20.559999465942383,20.90999984741211,20.079999923706055,20.610000610351562,277100,0.0,0.0
2026-02-02 00:00:00-05:00,20.799999237060547,21.1299991607666,20.0,20.219999313354492,552700,0.0,0.0
2026-02-03 00:00:00-05:00,20.0,20.760000228881836,19.790000915527344,20.479999542236328,477200,0.0,0.0
2026-02-04 00:00:00-05:00,20.510000228881836,20.799999237060547,19.8700008392334,20.149999618530273,226700,0.0,0.0
2026-02-05 00:00:00-05:00,20.139999389648438,20.510000228881836,19.200000762939453,19.34000015258789,199800,0.0,0.0
2026-02-06 00:00:00-05:00,19.399999618530273,20.270000457763672,18.780000686645508,20.149999618530273,503200,0.0,0.0
2026-02-09 00:00:00-05:00,20.149999618530273,21.09000015258789,19.399999618530273,20.899999618530273,311000,0.0,0.0
2026-02-10 00:00:00-05:00,20.979999542236328,21.399999618530273,20.649999618530273,20.790000915527344,146100,0.0,0.0
2026-02-11 00:00:00-05:00,21.940000534057617,21.950000762939453,20.0,20.56999969482422,223700,0.0,0.0
2026-02-12 00:00:00-05:00,20.690000534057617,20.709999084472656,19.799999237060547,19.940000534057617,218100,0.0,0.0
2026-02-13 00:00:00-05:00,19.940000534057617,20.71500015258789,19.709999084472656,19.770000457763672,231600,0.0,0.0
2026-02-17 00:00:00-05:00,19.829999923706055,20.0,19.489999771118164,19.690000534057617,184600,0.0,0.0
2026-02-18 00:00:00-05:00,19.729999542236328,20.03700065612793,19.600000381469727,19.940000534057617,349100,0.0,0.0
2026-02-19 00:00:00-05:00,19.90999984741211,21.020000457763672,19.799999237060547,20.299999237060547,359200,0.0,0.0
2026-02-20 00:00:00-05:00,20.200000762939453,20.524999618530273,20.040000915527344,20.219999313354492,206200,0.0,0.0
2026-02-23 00:00:00-05:00,20.020000457763672,20.110000610351562,19.489999771118164,19.989999771118164,313700,0.0,0.0
2026-02-24 00:00:00-05:00,19.979999542236328,20.06999969482422,19.600000381469727,19.899999618530273,268800,0.0,0.0
2026-02-25 00:00:00-05:00,18.81999969482422,19.834999084472656,17.790000915527344,18.950000762939453,713600,0.0,0.0
2026-02-26 00:00:00-05:00,18.81999969482422,19.520000457763672,18.649999618530273,19.389999389648438,384000,0.0,0.0
2026-02-27 00:00:00-05:00,19.200000762939453,19.28499984741211,18.040000915527344,18.670000076293945,384300,0.0,0.0
2026-03-02 00:00:00-05:00,18.139999389648438,18.65999984741211,18.049999237060547,18.15999984741211,247500,0.0,0.0
2026-03-03 00:00:00-05:00,17.799999237060547,17.84000015258789,16.84000015258789,17.540000915527344,500200,0.0,0.0
2026-03-04 00:00:00-05:00,17.6299991607666,17.950000762939453,17.40999984741211,17.770000457763672,196800,0.0,0.0
2026-03-05 00:00:00-05:00,17.6200008392334,18.15999984741211,17.579999923706055,17.889999389648438,416600,0.0,0.0
2026-03-06 00:00:00-05:00,17.799999237060547,17.989999771118164,17.360000610351562,17.829999923706055,309500,0.0,0.0
2026-03-09 00:00:00-04:00,17.600000381469727,18.360000610351562,17.40999984741211,18.280000686645508,249600,0.0,0.0
2026-03-10 00:00:00-04:00,18.149999618530273,18.8700008392334,17.969999313354492,18.43000030517578,247800,0.0,0.0
2026-03-11 00:00:00-04:00,18.209999084472656,18.549999237060547,17.8700008392334,18.520000457763672,231600,0.0,0.0
2026-03-12 00:00:00-04:00,18.399999618530273,18.68000030517578,18.0,18.360000610351562,551400,0.0,0.0
2026-03-13 00:00:00-04:00,18.459999084472656,18.725000381469727,18.200000762939453,18.489999771118164,270800,0.0,0.0
2026-03-16 00:00:00-04:00,18.600000381469727,19.600000381469727,18.200000762939453,19.15999984741211,334400,0.0,0.0
2026-03-17 00:00:00-04:00,19.209999084472656,19.65999984741211,19.0,19.5,478500,0.0,0.0
2026-03-18 00:00:00-04:00,19.399999618530273,19.40999984741211,18.799999237060547,18.889999389648438,248700,0.0,0.0
2026-03-19 00:00:00-04:00,18.899999618530273,19.399999618530273,18.809999465942383,19.030000686645508,160200,0.0,0.0
2026-03-20 00:00:00-04:00,19.170000076293945,19.170000076293945,18.389999389648438,18.5,320300,0.0,0.0
2026-03-23 00:00:00-04:00,18.829999923706055,19.219999313354492,18.610000610351562,19.0,192600,0.0,0.0
2026-03-24 00:00:00-04:00,18.899999618530273,18.989999771118164,18.6200008392334,18.920000076293945,165300,0.0,0.0
2026-03-25 00:00:00-04:00,19.100000381469727,20.15999984741211,18.600000381469727,18.770000457763672,225000,0.0,0.0
2026-03-26 00:00:00-04:00,18.700000762939453,19.049999237060547,18.389999389648438,18.399999618530273,301000,0.0,0.0
2026-03-27 00:00:00-04:00,18.270000457763672,18.31999969482422,17.5049991607666,17.770000457763672,292200,0.0,0.0
2026-03-30 00:00:00-04:00,17.770000457763672,17.93000030517578,17.530000686645508,17.760000228881836,312100,0.0,0.0
2026-03-31 00:00:00-04:00,18.0,18.3799991607666,17.670000076293945,18.329999923706055,438500,0.0,0.0
2026-04-01 00:00:00-04:00,18.399999618530273,18.969999313354492,18.360000610351562,18.5,290800,0.0,0.0
2026-04-02 00:00:00-04:00,18.200000762939453,18.790000915527344,18.059999465942383,18.56999969482422,217800,0.0,0.0
2026-04-06 00:00:00-04:00,18.5,18.770000457763672,18.020000457763672,18.170000076293945,221300,0.0,0.0
2026-04-07 00:00:00-04:00,18.0,18.05500030517578,17.6299991607666,17.8700008392334,247400,0.0,0.0
2026-04-08 00:00:00-04:00,18.350000381469727,19.280000686645508,18.350000381469727,18.68000030517578,209300,0.0,0.0
2026-04-09 00:00:00-04:00,18.59000015258789,18.809999465942383,18.469999313354492,18.56999969482422,248500,0.0,0.0
2026-04-10 00:00:00-04:00,18.56999969482422,18.75,17.760000228881836,18.149999618530273,251600,0.0,0.0
2026-04-13 00:00:00-04:00,17.950000762939453,19.239999771118164,17.950000762939453,19.139999389648438,215200,0.0,0.0
2026-04-14 00:00:00-04:00,19.329999923706055,20.149999618530273,19.219999313354492,19.549999237060547,347600,0.0,0.0
2026-04-15 00:00:00-04:00,19.600000381469727,20.59000015258789,19.56999969482422,20.530000686645508,265900,0.0,0.0
2026-04-16 00:00:00-04:00,20.549999237060547,20.989999771118164,20.40999984741211,20.739999771118164,191200,0.0,0.0
2026-04-17 00:00:00-04:00,21.040000915527344,21.55500030517578,20.934999465942383,21.190000534057617,244000,0.0,0.0
2026-04-20 00:00:00-04:00,21.18000030517578,21.649999618530273,20.850000381469727,21.1299991607666,176000,0.0,0.0
2026-04-21 00:00:00-04:00,21.200000762939453,21.389999389648438,20.735000610351562,20.940000534057617,240900,0.0,0.0
2026-04-22 00:00:00-04:00,21.190000534057617,21.635000228881836,21.010000228881836,21.329999923706055,290300,0.0,0.0
2026-04-23 00:00:00-04:00,21.239999771118164,21.25,20.809999465942383,21.059999465942383,174400,0.0,0.0
2026-04-24 00:00:00-04:00,21.190000534057617,21.30500030517578,20.829999923706055,21.18000030517578,168400,0.0,0.0
2026-04-27 00:00:00-04:00,21.100000381469727,21.59000015258789,21.049999237060547,21.139999389648438,180200,0.0,0.0
2026-04-28 00:00:00-04:00,21.09000015258789,21.19499969482422,20.65999984741211,20.799999237060547,194200,0.0,0.0
2026-04-29 00:00:00-04:00,20.600000381469727,20.780000686645508,19.075000762939453,19.25,490900,0.0,0.0
2026-04-30 00:00:00-04:00,19.239999771118164,20.264999389648438,19.030000686645508,20.15999984741211,247700,0.0,0.0
2026-05-01 00:00:00-04:00,20.15999984741211,20.639999389648438,19.860000610351562,20.5,171900,0.0,0.0
2026-05-04 00:00:00-04:00,20.399999618530273,20.860000610351562,20.040000915527344,20.270000457763672,203700,0.0,0.0
2026-05-05 00:00:00-04:00,20.399999618530273,20.475000381469727,19.690000534057617,20.3700008392334,319000,0.0,0.0
2026-05-06 00:00:00-04:00,20.3799991607666,20.56999969482422,19.799999237060547,20.149999618530273,219000,0.0,0.0
2026-05-07 00:00:00-04:00,20.110000610351562,20.93000030517578,20.110000610351562,20.3799991607666,239200,0.0,0.0
2026-05-08 00:00:00-04:00,20.3700008392334,20.549999237060547,19.81999969482422,20.200000762939453,307300,0.0,0.0
2026-05-11 00:00:00-04:00,20.229999542236328,20.469999313354492,20.0,20.059999465942383,306900,0.0,0.0
2026-05-12 00:00:00-04:00,18.540000915527344,18.600000381469727,16.07900047302246,16.75,1167400,0.0,0.0
2026-05-13 00:00:00-04:00,16.600000381469727,17.940000534057617,15.84000015258789,17.90999984741211,668600,0.0,0.0
2026-05-14 00:00:00-04:00,17.90999984741211,17.979999542236328,16.399999618530273,16.459999084472656,474500,0.0,0.0
2026-05-15 00:00:00-04:00,16.399999618530273,16.860000610351562,16.274999618530273,16.299999237060547,387000,0.0,0.0
2026-05-18 00:00:00-04:00,16.31999969482422,16.90999984741211,16.299999237060547,16.579999923706055,325200,0.0,0.0
2026-05-19 00:00:00-04:00,16.420000076293945,17.040000915527344,16.299999237060547,16.959999084472656,301700,0.0,0.0
2026-05-20 00:00:00-04:00,17.059999465942383,18.15999984741211,16.959999084472656,18.100000381469727,350900,0.0,0.0
2026-05-21 00:00:00-04:00,17.799999237060547,18.790000915527344,17.75,18.739999771118164,563600,0.0,0.0
2026-05-22 00:00:00-04:00,18.799999237060547,19.200000762939453,18.674999237060547,18.770000457763672,204300,0.0,0.0
2026-05-26 00:00:00-04:00,18.920000076293945,19.1299991607666,18.600000381469727,18.799999237060547,187200,0.0,0.0
2026-05-27 00:00:00-04:00,18.670000076293945,18.780000686645508,18.420000076293945,18.700000762939453,122200,0.0,0.0
2026-05-28 00:00:00-04:00,18.649999618530273,18.93000030517578,18.489999771118164,18.670000076293945,159600,0.0,0.0
2026-05-29 00:00:00-04:00,18.809999465942383,18.989999771118164,18.420000076293945,18.450000762939453,179600,0.0,0.0
2026-06-01 00:00:00-04:00,18.399999618530273,18.40999984741211,17.440000534057617,17.610000610351562,384300,0.0,0.0
2026-06-02 00:00:00-04:00,17.399999618530273,17.829999923706055,17.309999465942383,17.5,262500,0.0,0.0
2026-06-03 00:00:00-04:00,17.530000686645508,17.65999984741211,16.985000610351562,17.18000030517578,348400,0.0,0.0
2026-06-04 00:00:00-04:00,17.200000762939453,18.895000457763672,17.200000762939453,18.75,347400,0.0,0.0
2026-06-05 00:00:00-04:00,18.799999237060547,19.200000762939453,18.170000076293945,18.25,202500,0.0,0.0
2026-06-08 00:00:00-04:00,18.360000610351562,18.75,18.1299991607666,18.139999389648438,277800,0.0,0.0
2026-06-09 00:00:00-04:00,18.25,18.885000228881836,18.1299991607666,18.5,433600,0.0,0.0
2026-06-10 00:00:00-04:00,18.5,18.93000030517578,18.25,18.3799991607666,251500,0.0,0.0
2026-06-11 00:00:00-04:00,18.40999984741211,18.475000381469727,17.799999237060547,18.149999618530273,242700,0.0,0.0
2026-06-12 00:00:00-04:00,18.149999618530273,18.56999969482422,17.989999771118164,18.469999313354492,209700,0.0,0.0
2026-06-15 00:00:00-04:00,18.600000381469727,18.614999771118164,18.0,18.59000015258789,233600,0.0,0.0
2026-06-16 00:00:00-04:00,18.600000381469727,18.799999237060547,17.799999237060547,17.920000076293945,206300,0.0,0.0
2026-06-17 00:00:00-04:00,17.8700008392334,18.1299991607666,17.06999969482422,17.280000686645508,402100,0.0,0.0
2026-06-18 00:00:00-04:00,17.6299991607666,18.079999923706055,17.45199966430664,18.030000686645508,708900,0.0,0.0
2026-06-22 00:00:00-04:00,18.139999389648438,18.260000228881836,17.600000381469727,18.18000030517578,227900,0.0,0.0
2026-06-23 00:00:00-04:00,18.049999237060547,18.799999237060547,18.049999237060547,18.389999389648438,273700,0.0,0.0
2026-06-24 00:00:00-04:00,18.600000381469727,19.389999389648438,18.459999084472656,18.610000610351562,392400,0.0,0.0
2026-06-25 00:00:00-04:00,18.700000762939453,19.929000854492188,18.610000610351562,19.729999542236328,422500,0.0,0.0
2026-06-26 00:00:00-04:00,19.600000381469727,20.760000228881836,19.600000381469727,19.979999542236328,1195600,0.0,0.0
2026-06-29 00:00:00-04:00,19.93000030517578,20.190000534057617,19.549999237060547,19.959999084472656,235700,0.0,0.0
2026-06-30 00:00:00-04:00,19.84000015258789,19.950000762939453,19.139999389648438,19.450000762939453,505100,0.0,0.0
2026-07-01 00:00:00-04:00,19.450000762939453,20.200000762939453,19.450000762939453,20.0,322800,0.0,0.0
2026-07-02 00:00:00-04:00,20.270000457763672,20.454999923706055,19.5,19.549999237060547,721400,0.0,0.0
2026-07-06 00:00:00-04:00,19.6200008392334,19.954999923706055,19.402000427246094,19.790000915527344,360600,0.0,0.0
2026-07-07 00:00:00-04:00,20.0,20.290000915527344,19.670000076293945,19.850000381469727,466100,0.0,0.0
2026-07-08 00:00:00-04:00,19.65999984741211,19.68000030517578,19.040000915527344,19.399999618530273,255500,0.0,0.0
2026-07-09 00:00:00-04:00,19.3700008392334,19.655000686645508,19.299999237060547,19.639999389648438,152300,0.0,0.0
2026-07-10 00:00:00-04:00,19.639999389648438,19.799999237060547,19.43000030517578,19.559999465942383,197200,0.0,0.0
2026-07-13 00:00:00-04:00,19.5,20.084999084472656,19.5,19.520000457763672,268400,0.0,0.0
2026-07-14 00:00:00-04:00,19.520000457763672,19.520000457763672,18.489999771118164,19.1299991607666,387200,0.0,0.0
2026-07-15 00:00:00-04:00,19.170000076293945,19.790000915527344,19.170000076293945,19.399999618530273,290800,0.0,0.0
2026-07-16 00:00:00-04:00,19.3700008392334,20.239999771118164,19.0,19.139999389648438,530900,0.0,0.0
2026-07-17 00:00:00-04:00,19.0,19.020000457763672,18.489999771118164,18.719999313354492,314300,0.0,0.0
2026-07-20 00:00:00-04:00,18.739999771118164,18.799999237060547,18.239999771118164,18.43000030517578,231400,0.0,0.0
2026-07-21 00:00:00-04:00,18.31999969482422,18.56999969482422,17.860000610351562,17.889999389648438,288800,0.0,0.0
2026-07-22 00:00:00-04:00,17.84000015258789,17.860000610351562,16.674999237060547,16.81999969482422,523500,0.0,0.0
2026-07-23 00:00:00-04:00,16.600000381469727,16.709999084472656,15.960000038146973,16.280000686645508,406300,0.0,0.0
2026-07-24 00:00:00-04:00,16.399999618530273,17.190000534057617,16.100000381469727,16.90999984741211,363500,0.0,0.0
2026-07-27 00:00:00-04:00,17.15999984741211,18.139999389648438,16.780000686645508,18.1299991607666,442400,0.0,0.0
2026-07-28 00:00:00-04:00,18.200000762939453,18.732999801635742,17.799999237060547,17.829999923706055,311400,0.0,0.0
2026-07-29 00:00:00-04:00,17.799999237060547,18.28499984741211,17.639999389648438,17.729999542236328,273100,0.0,0.0
2026-07-30 00:00:00-04:00,17.809999465942383,18.145000457763672,17.329999923706055,17.639999389648438,387700,0.0,0.0
2026-07-31 00:00:00-04:00,17.65999984741211,17.770000457763672,17.399999618530273,17.690000534057617,410800,0.0,0.0
2026-08-03 00:00:00-04:00,18.0,18.71500015258789,18.0,18.309999465942383,536700,0.0,0.0
2026-08-04 00:00:00-04:00,18.309999465942383,18.65999984741211,18.010000228881836,18.520000457763672,326800,0.0,0.0
2026-08-05 00:00:00-04:00,18.520000457763672,18.520000457763672,18.0,18.290000915527344,181500,0.0,0.0
2026-08-06 00:00:00-04:00,18.270000457763672,18.399999618530273,18.059999465942383,18.25,176100,0.0,0.0
2026-08-07 00:00:00-04:00,18.299999237060547,18.875,18.200000762939453,18.809999465942383,262800,0.0,0.0
2026-08-10 00:00:00-04:00,18.639999389648438,19.600000381469727,18.639999389648438,19.299999237060547,424100,0.0,0.0
2026-08-11 00:00:00-04:00,20.010000228881836,21.75,18.649999618530273,21.309999465942383,1859800,0.0,0.0
2026-08-12 00:00:00-04:00,21.350000381469727,23.440000534057617,21.055999755859375,22.90999984741211,531700,0.0,0.0
2026-08-13 00:00:00-04:00,23.0,23.5,22.684999465942383,23.25,496329,0.0,0.0
