Date,Open,High,Low,Close,Volume,Dividends,Stock Splits
2022-01-03 00:00:00-05:00,57.17818052287432,57.26154788466913,56.21118145441472,56.81972885131836,1028100,0.0,0.0
2022-01-04 00:00:00-05:00,56.819749208801575,57.40328279021419,56.65302078551294,56.66969680786133,1014500,0.0,0.0
2022-01-05 00:00:00-05:00,56.694689213533394,56.98645592566728,56.211186456261636,56.27787780761719,1224400,0.0,0.0
2022-01-06 00:00:00-05:00,56.1444915275459,56.59464858045722,55.886070507555615,56.06113052368164,1324900,0.0,0.0
2022-01-07 00:00:00-05:00,55.94442601316184,56.56130509769528,55.594305967348575,56.311222076416016,1004700,0.0,0.0
2022-01-10 00:00:00-05:00,56.4195987052759,56.63634244231037,55.444261428677905,55.70268249511719,1780100,0.0,0.0
2022-01-11 00:00:00-05:00,55.6860099632448,55.81938631451435,54.91074044387497,55.3192138671875,1682000,0.0,0.0
2022-01-12 00:00:00-05:00,55.17749750472245,55.76936895459172,54.97742344501982,55.577632904052734,1236600,0.0,0.0
2022-01-13 00:00:00-05:00,55.0190996651137,55.7860310431277,55.01076165708145,55.63597869873047,1315400,0.0,0.0
2022-01-14 00:00:00-05:00,55.560958057696006,55.75268773029452,54.693989626717894,54.885719299316406,1433100,0.0,0.0
2022-01-18 00:00:00-05:00,54.58563444124962,54.85239353513315,53.3768773283098,53.78535079956055,1955400,0.0,0.0
2022-01-19 00:00:00-05:00,53.78534342633217,54.60229661687912,53.67697474556106,54.1104621887207,1754900,0.0,0.0
2022-01-20 00:00:00-05:00,54.31886144800678,54.60229013021617,53.510246362823636,53.568599700927734,2922700,0.0,0.0
2022-01-21 00:00:00-05:00,53.885381574280984,54.01876428572059,53.30184493180817,53.451900482177734,2041900,0.0,0.0
2022-01-24 00:00:00-05:00,53.26015670315862,53.56026140035265,51.67627539466118,53.00173568725586,2007800,0.0,0.0
2022-01-25 00:00:00-05:00,51.901361775851996,52.810010888931586,51.901361775851996,52.43488311767578,1626700,0.0,0.0
2022-01-26 00:00:00-05:00,52.66828922335447,53.410213013101156,52.101425459948736,52.501564025878906,1437900,0.0,0.0
2022-01-27 00:00:00-05:00,52.935046061191,53.326849781926995,52.343174655837245,52.810001373291016,1599000,0.0,0.0
2022-01-28 00:00:00-05:00,52.62662483603359,54.04378467855689,52.30151235039994,53.9937629699707,1553800,0.0,0.0
2022-01-31 00:00:00-05:00,53.45190140402366,54.38555496005201,53.40187970635225,54.15214157104492,1560100,0.0,0.0
2022-02-01 00:00:00-05:00,54.085443005798474,54.293848698212976,53.318511584121985,53.81035232543945,2112200,0.0,0.0
2022-02-02 00:00:00-05:00,53.86037440546874,55.49427447553251,53.72699169279196,55.33588409423828,2132800,0.0,0.0
2022-02-03 00:00:00-05:00,55.235846042886934,55.27752336500397,54.502253941213255,54.87738800048828,1583400,0.0,0.0
2022-02-04 00:00:00-05:00,54.46890517187517,54.90239254550729,53.98540883056692,54.37721252441406,1769500,0.0,0.0
2022-02-07 00:00:00-05:00,54.34387537611769,54.618966081720586,53.73532790000731,54.23550033569336,2134900,0.0,0.0
2022-02-08 00:00:00-05:00,54.47724957712858,54.777354298719466,54.32719721633314,54.52727127075195,1562200,0.0,0.0
2022-02-09 00:00:00-05:00,54.84403855115339,55.035768211773835,54.30218252063922,54.5439338684082,1389300,0.0,0.0
2022-02-10 00:00:00-05:00,54.01041715105682,54.22716084050795,52.62660355385819,52.75998306274414,1802100,0.0,0.0
2022-02-11 00:00:00-05:00,52.87669995623728,53.3351919079051,52.03473905988428,52.29316329956055,1967400,0.0,0.0
2022-02-14 00:00:00-05:00,52.35151242352704,52.63494430933034,51.23445771830446,51.609588623046875,1729700,0.0,0.0
2022-02-15 00:00:00-05:00,51.83466324893081,52.068076603124005,50.78429679502452,50.99270248413086,2391200,0.0,0.0
2022-02-16 00:00:00-05:00,51.00103908853125,51.35949711832788,50.51753637670571,51.02604675292969,2970700,0.0,0.0
2022-02-17 00:00:00-05:00,50.94269200738919,51.21778588960882,50.41750873040058,50.89267349243164,1843700,0.0,0.0
2022-02-18 00:00:00-05:00,50.60925263354637,51.33450694844736,50.58424496062545,50.82599639892578,1927400,0.0,0.0
2022-02-22 00:00:00-05:00,50.901019060935,51.22613150639478,50.392508546746434,50.834327697753906,2190100,0.0,0.0
2022-02-23 00:00:00-05:00,50.81763381909174,51.042712306619414,50.134063529571215,50.18408203125,2473100,0.0,0.0
2022-02-24 00:00:00-05:00,50.03404390843751,50.78430256647341,49.56721396697916,50.50920867919922,2408500,0.0,0.0
2022-02-25 00:00:00-05:00,51.54289831057943,52.618269286157044,51.026049894390205,52.143104553222656,2104100,0.0,0.0
2022-02-28 00:00:00-05:00,51.784642538086594,52.23479957063075,51.55122919381258,52.02639389038086,2936000,0.0,0.0
2022-03-01 00:00:00-05:00,51.86801997730286,52.34318479533828,50.492540864030346,50.7509651184082,2085300,0.0,0.0
2022-03-02 00:00:00-05:00,50.88433987787261,51.88468794077025,50.70094183200271,51.52622985839844,1271200,0.0,0.0
2022-03-03 00:00:00-05:00,51.60958252988109,52.659945759132455,51.60958252988109,52.02639389038086,1255200,0.0,0.0
2022-03-04 00:00:00-05:00,51.91954736775895,53.627484774973595,51.91954736775895,53.59383010864258,1210000,0.573,0.0
2022-03-07 00:00:00-05:00,53.61065885302491,54.26690881632645,53.004887681063046,54.05657196044922,1643200,0.0,0.0
2022-03-08 00:00:00-05:00,54.275321284644846,54.839022488728475,53.577001418646326,53.61906814575195,1584400,0.0,0.0
2022-03-09 00:00:00-05:00,54.13229368392543,54.283736486809666,53.223640076105944,53.31618881225586,1615000,0.0,0.0
2022-03-10 00:00:00-05:00,52.836615500906674,54.08180925416569,52.836615500906674,53.93878173828125,1624400,0.0,0.0
2022-03-11 00:00:00-05:00,53.96402292099511,54.48566063141006,53.854650067395646,54.14070510864258,990000,0.0,0.0
2022-03-14 00:00:00-04:00,54.40153173656757,54.84744487883912,54.02292151501804,54.28373718261719,1225800,0.0,0.0
2022-03-15 00:00:00-04:00,54.847436004886674,54.864260127602165,54.0313280453112,54.57820510864258,1325600,0.0,0.0
2022-03-16 00:00:00-04:00,54.34262561567926,54.64551119392591,53.84623372959081,54.41835021972656,1420100,0.0,0.0
2022-03-17 00:00:00-04:00,54.28372675235061,55.11666522833268,54.24166323735307,54.68757629394531,1310200,0.0,0.0
2022-03-18 00:00:00-04:00,54.721239368442134,55.040949091242446,54.132292297214164,54.49407196044922,2189800,0.0,0.0
2022-03-21 00:00:00-04:00,54.54455389894349,55.217627972698956,54.54455389894349,54.67075729370117,1237900,0.0,0.0
2022-03-22 00:00:00-04:00,54.83060731678745,54.83060731678745,54.292145506096176,54.77171325683594,1377500,0.0,0.0
2022-03-23 00:00:00-04:00,54.77171561450034,55.083016469913275,54.30056311460736,54.813785552978516,1520800,0.0,0.0
2022-03-24 00:00:00-04:00,54.77171952320278,55.141914467520756,54.68758605921374,55.125083923339844,1005600,0.0,0.0
2022-03-25 00:00:00-04:00,55.31859486350574,56.277730443438905,55.30177073884535,56.244075775146484,920700,0.0,0.0
2022-03-28 00:00:00-04:00,56.35345845469721,56.437591921022765,55.899130033772785,56.34504318237305,799500,0.0,0.0
2022-03-29 00:00:00-04:00,56.614273015782395,56.95922214664427,56.403936144607236,56.95081329345703,754700,0.0,0.0
2022-03-30 00:00:00-04:00,56.9171555091051,57.43878681293216,56.68998810604298,57.43037796020508,702000,0.0,0.0
2022-03-31 00:00:00-04:00,57.438771357173486,57.85103611284296,57.37146845860913,57.49766540527344,1473700,0.0,0.0
2022-04-01 00:00:00-04:00,57.48084416015039,58.12026987076488,57.21161329551852,58.10343933105469,1043500,0.0,0.0
2022-04-04 00:00:00-04:00,57.69119057556775,57.9183515477018,56.984461845398535,57.56498718261719,1310200,0.0,0.0
2022-04-05 00:00:00-04:00,57.73326596648485,58.574613440335845,57.73326596648485,58.12028503417969,1188500,0.0,0.0
2022-04-06 00:00:00-04:00,58.26330641057142,59.44960930451375,58.06979368767637,59.40753936767578,1389900,0.0,0.0
2022-04-07 00:00:00-04:00,59.40754072565767,59.40754072565767,58.62508738297203,59.382301330566406,1101500,0.0,0.0
2022-04-08 00:00:00-04:00,59.57580595631063,60.139513579636954,59.43277844218547,59.82821273803711,1032500,0.0,0.0
2022-04-11 00:00:00-04:00,59.962826674579354,60.09744534036115,59.298167873938425,59.382301330566406,657600,0.0,0.0
2022-04-12 00:00:00-04:00,59.205611720893785,60.08902253315463,59.070993071994714,60.030128479003906,990200,0.0,0.0
2022-04-13 00:00:00-04:00,59.93758595882799,60.01331056140456,59.113069115481345,59.39912414550781,710300,0.0,0.0
2022-04-14 00:00:00-04:00,59.44962011263967,60.038560821615604,59.44120483994792,59.5758171081543,739000,0.0,0.0
2022-04-18 00:00:00-04:00,59.73566226180214,59.97965376526066,59.272918648523756,59.61787414550781,793800,0.0,0.0
2022-04-19 00:00:00-04:00,59.97124025216226,60.15633770289887,59.57580595631063,59.82821273803711,742200,0.0,0.0
2022-04-20 00:00:00-04:00,60.37508128347584,61.12387983270469,60.223638519644716,61.09864044189453,1235400,0.0,0.0
2022-04-21 00:00:00-04:00,61.014512349969735,61.52773479200832,60.52653572258129,60.677978515625,1061800,0.0,0.0
2022-04-22 00:00:00-04:00,60.57701837750282,60.66956711354175,59.96283189460552,60.0133171081543,1536200,0.0,0.0
2022-04-25 00:00:00-04:00,60.18157780001211,60.2320565893584,58.09503986673051,58.978450775146484,1035800,0.0,0.0
2022-04-26 00:00:00-04:00,58.93638359482898,59.4580148362507,58.229648493040095,58.24647903442383,797600,0.0,0.0
2022-04-27 00:00:00-04:00,58.17917747617944,58.80177279213368,57.44720288353656,58.22124099731445,1082300,0.0,0.0
2022-04-28 00:00:00-04:00,58.50729435730732,58.95320741714469,58.095035961095334,58.667152404785156,710700,0.0,0.0
2022-04-29 00:00:00-04:00,58.33902840406188,58.423168283232734,56.97604965950721,57.08542251586914,1272500,0.0,0.0
2022-05-02 00:00:00-04:00,57.211629708233666,57.47244537783252,55.705616920637354,56.437591552734375,940000,0.0,0.0
2022-05-03 00:00:00-04:00,56.71522154811363,57.69118102617749,56.40392075289344,56.68997573852539,822200,0.0,0.0
2022-05-04 00:00:00-04:00,56.875082811044685,57.8847035398506,56.73205529396283,57.825809478759766,1353000,0.0,0.0
2022-05-05 00:00:00-04:00,57.783744863778004,58.843844480030775,56.93398211636267,57.44720458984375,1192700,0.0,0.0
2022-05-06 00:00:00-04:00,57.211627645655064,57.758504781944644,56.77412978800645,57.29576110839844,1623100,0.0,0.0
2022-05-09 00:00:00-04:00,56.9928685235463,57.741667162457965,56.050563585933936,57.12748718261719,1607900,0.0,0.0
2022-05-10 00:00:00-04:00,57.09383464438782,57.84263331118952,55.24287294601824,55.90753173828125,1409000,0.0,0.0
2022-05-11 00:00:00-04:00,56.117864412731265,57.20320324004842,55.96642163638537,56.33661651611328,1059000,0.0,0.0
2022-05-12 00:00:00-04:00,56.25248608219879,56.50489286262905,55.301765857990844,56.20200729370117,914300,0.0,0.0
2022-05-13 00:00:00-04:00,56.54695131202576,57.03493428700414,55.94959549878139,56.88349151611328,877800,0.0,0.0
2022-05-16 00:00:00-04:00,57.001282488629066,57.18637993112563,56.496475366619876,56.807769775390625,1117900,0.0,0.0
2022-05-17 00:00:00-04:00,57.093833617478964,57.18638234262995,56.210416302481754,57.1779670715332,868600,0.0,0.0
2022-05-18 00:00:00-04:00,57.37988122350892,57.48084520669791,56.277718354319326,56.420745849609375,988400,0.0,0.0
2022-05-19 00:00:00-04:00,56.2366077434512,56.830630451241625,55.25223706018259,56.601505279541016,1182600,0.573,0.0
2022-05-20 00:00:00-04:00,56.7542575269067,57.37373719521362,56.160241248496106,57.22098922729492,1147400,0.0,0.0
2022-05-23 00:00:00-04:00,57.70468842549123,58.1120184865948,57.16158599354759,57.789546966552734,1365700,0.0,0.0
2022-05-24 00:00:00-04:00,57.95077771771922,58.8333207119198,57.42464444974644,58.824832916259766,846200,0.0,0.0
2022-05-25 00:00:00-04:00,58.95212658069643,59.14730056953553,58.64663066623474,58.99455261230469,1092900,0.0,0.0
2022-05-26 00:00:00-04:00,59.35096345119747,59.61402683592458,58.90968873727176,59.02849197387695,715300,0.0,0.0
2022-05-27 00:00:00-04:00,58.83332563520256,59.89407358128241,58.799380924013015,59.88558578491211,1126900,0.0,0.0
2022-05-31 00:00:00-04:00,59.232152741518476,59.6649331312821,58.739964266656706,59.350955963134766,2408500,0.0,0.0
2022-06-01 00:00:00-04:00,59.58857856850286,59.58857856850286,58.96061758759712,59.41037368774414,1390400,0.0,0.0
2022-06-02 00:00:00-04:00,59.537664738083734,59.571602975501975,58.298705420689615,59.41037368774414,1382700,0.0,0.0
2022-06-03 00:00:00-04:00,59.31702734911456,59.69889402584157,59.104877756645834,59.41037368774414,1409700,0.0,0.0
2022-06-06 00:00:00-04:00,59.59704999021687,59.85162554665753,59.29155414305609,59.741310119628906,1766800,0.0,0.0
2022-06-07 00:00:00-04:00,59.58009119702717,59.98742126616126,58.90121638085943,59.86861801147461,2016100,0.0,0.0
2022-06-08 00:00:00-04:00,59.571604329031075,59.58857992241766,58.47691810439677,58.536319732666016,1150800,0.0,0.0
2022-06-09 00:00:00-04:00,58.544787958148106,59.00303176269469,57.17006301879883,57.17006301879883,1140100,0.0,0.0
2022-06-10 00:00:00-04:00,56.491188205246665,57.288872673840714,56.15174759259231,56.64393615722656,1419900,0.0,0.0
2022-06-13 00:00:00-04:00,56.23661312308156,56.23661312308156,53.51261627295998,53.716278076171875,1370300,0.0,0.0
2022-06-14 00:00:00-04:00,53.76718630278364,54.08116675276535,51.1789622557089,52.03604507446289,1768400,0.0,0.0
2022-06-15 00:00:00-04:00,52.434895658706395,52.72341924279345,51.37414766384899,52.02756881713867,1386300,0.0,0.0
2022-06-16 00:00:00-04:00,51.399597997019654,51.671149189953525,51.00924356182041,51.543861389160156,1930700,0.0,0.0
2022-06-17 00:00:00-04:00,51.85783982873517,52.07847395046884,50.35582053044133,51.034698486328125,3093600,0.0,0.0
2022-06-21 00:00:00-04:00,51.043187099226316,52.04453331412737,50.9158960642076,51.71357727050781,1229000,0.0,0.0
2022-06-22 00:00:00-04:00,51.459002361835275,52.47732100820463,51.36565602732244,51.95119094848633,1157500,0.0,0.0
2022-06-23 00:00:00-04:00,52.129394036115244,53.06285087498413,51.95967372800846,52.98647689819336,1501300,0.0,0.0
2022-06-24 00:00:00-04:00,53.17317249190079,54.573357827386815,53.156200136439985,54.40364074707031,1338200,0.0,0.0
2022-06-27 00:00:00-04:00,54.16603272161461,55.24374974732849,53.89447827902428,55.1334342956543,840600,0.0,0.0
2022-06-28 00:00:00-04:00,55.362546796307136,55.8292784132308,54.90430297449773,54.93824768066406,664800,0.0,0.0
2022-06-29 00:00:00-04:00,55.04857961091057,55.42195849809878,54.853399133511836,55.294673919677734,786900,0.0,0.0
2022-06-30 00:00:00-04:00,54.67518998125935,55.73593788057426,54.378181864309454,55.37104034423828,1485600,0.0,0.0
2022-07-01 00:00:00-04:00,55.608642380976924,56.81365034419193,55.12494163662776,56.694847106933594,1580200,0.0,0.0
2022-07-05 00:00:00-04:00,56.491184600500794,56.491184600500794,53.69929561286539,54.31877517700195,1023400,0.0,0.0
2022-07-06 00:00:00-04:00,54.5139509899499,55.78684839350106,54.36969083804394,55.124942779541016,979500,0.0,0.0
2022-07-07 00:00:00-04:00,55.36255244303649,55.71896865699045,54.683677673339844,54.683677673339844,998300,0.0,0.0
2022-07-08 00:00:00-04:00,54.90431394745748,55.03160500244844,54.29332530008051,54.64973831176758,789000,0.0,0.0
2022-07-11 00:00:00-04:00,54.556383493118,55.15039969172548,54.45454937008915,55.124942779541016,576000,0.0,0.0
2022-07-12 00:00:00-04:00,54.93825383191687,55.88019849205415,54.87037088627428,55.1334342956543,734300,0.0,0.0
2022-07-13 00:00:00-04:00,54.768537242736556,55.48984453163947,54.530930745148915,54.726104736328125,751500,0.0,0.0
2022-07-14 00:00:00-04:00,53.80114109015478,55.141928146769885,53.80114109015478,55.00614929199219,612400,0.0,0.0
2022-07-15 00:00:00-04:00,55.413477972426996,55.413477972426996,54.36969909432453,55.192840576171875,896100,0.0,0.0
2022-07-18 00:00:00-04:00,55.08252385699616,55.19283931545791,54.454556395405774,54.675193786621094,759300,0.0,0.0
2022-07-19 00:00:00-04:00,54.77701943009911,55.167373846779505,54.5818389846135,54.61578369140625,872500,0.0,0.0
2022-07-20 00:00:00-04:00,54.649729457664996,54.85339122807896,53.580493832982526,53.58898162841797,1052200,0.0,0.0
2022-07-21 00:00:00-04:00,53.56351574008492,53.79263763511,53.11375974456075,53.775665283203125,808900,0.0,0.0
2022-07-22 00:00:00-04:00,54.081163718864225,54.60729370445381,54.02176210293372,54.57334899902344,746000,0.0,0.0
2022-07-25 00:00:00-04:00,54.43758411402484,55.150403602905854,54.31029306978424,55.116458892822266,853500,0.0,0.0
2022-07-26 00:00:00-04:00,54.99765857866448,55.82928783434915,54.72610735780063,55.75291061401367,924100,0.0,0.0
2022-07-27 00:00:00-04:00,55.51529471313285,56.37238073916617,55.37952236281639,56.346923828125,1253700,0.0,0.0
2022-07-28 00:00:00-04:00,56.82214331200262,57.551938392617224,56.482702685669324,57.37373352050781,990700,0.0,0.0
2022-07-29 00:00:00-04:00,57.37372950176184,58.19687085881839,57.37372950176184,57.92531967163086,2512700,0.0,0.0
2022-08-01 00:00:00-04:00,57.764075074473155,58.15442944157753,57.34826379908003,58.103515625,1125400,0.0,0.0
2022-08-02 00:00:00-04:00,58.230806946887135,58.434468688558006,57.551925842264176,57.704673767089844,1102800,0.0,0.0
2022-08-03 00:00:00-04:00,57.704689215170006,58.145957519303515,56.9154924713438,58.018672943115234,836200,0.0,0.0
2022-08-04 00:00:00-04:00,57.09369070458925,58.35810031707476,56.64393465631332,57.90834426879883,1130800,0.0,0.0
2022-08-05 00:00:00-04:00,57.84046380025091,58.03563778555295,56.75425252724357,57.5604248046875,670100,0.0,0.0
2022-08-08 00:00:00-04:00,58.16292893945129,58.34113380762143,57.75559890199718,58.24778747558594,961100,0.0,0.0
2022-08-09 00:00:00-04:00,58.57025704881617,59.138822881061884,58.31568142065217,59.011531829833984,1127300,0.0,0.0
2022-08-10 00:00:00-04:00,59.300039227906666,59.342471727152486,58.55327515092921,59.0369758605957,838200,0.0,0.0
2022-08-11 00:00:00-04:00,58.90969392394359,59.66494591212558,58.638142720038736,58.84180450439453,910000,0.0,0.0
2022-08-12 00:00:00-04:00,59.181241883988356,60.20804501979376,59.07941423453756,60.15713119506836,565600,0.0,0.0
2022-08-15 00:00:00-04:00,60.182592369805384,60.70023787214546,60.012875292506656,60.615379333496094,928600,0.0,0.0
2022-08-16 00:00:00-04:00,60.454137331457126,60.742664102201886,60.26744468114419,60.428680419921875,1038200,0.0,0.0
2022-08-17 00:00:00-04:00,60.28442713877484,60.64932468569132,60.258970224339755,60.36079788208008,731800,0.0,0.0
2022-08-18 00:00:00-04:00,60.37192386645976,60.7654484495194,60.24359907208005,60.68845748901367,603000,0.573,0.0
2022-08-19 00:00:00-04:00,60.791101203325674,61.15041186853936,60.26925191945263,61.02208709716797,1006500,0.0,0.0
2022-08-22 00:00:00-04:00,60.77401259477783,61.022105487030366,60.00407026138564,60.10673141479492,735200,0.0,0.0
2022-08-23 00:00:00-04:00,60.08959121366685,60.09814793769349,59.542078359586775,59.90138244628906,562300,0.0,0.0
2022-08-24 00:00:00-04:00,59.80729783750804,60.098161250163066,59.601975576595606,59.9869499206543,916100,0.0,0.0
2022-08-25 00:00:00-04:00,60.072492152186385,60.42323956075277,59.67896764475802,60.243587493896484,577800,0.0,0.0
2022-08-26 00:00:00-04:00,60.252142882210876,60.44890839499382,59.319655668034116,59.439430236816406,608200,0.0,0.0
2022-08-29 00:00:00-04:00,59.13145989351023,60.47457867676162,58.729378625750414,60.029720306396484,683500,0.0,0.0
2022-08-30 00:00:00-04:00,59.95273982532853,60.380484818613915,59.12291349405558,59.362449645996094,787400,0.0,0.0
2022-08-31 00:00:00-04:00,59.370998973693794,59.57631471735752,58.60105677636756,58.6267204284668,940100,0.0,0.0
2022-09-01 00:00:00-04:00,58.76359346208711,59.84150585592242,58.5411642978757,59.6618537902832,773200,0.0,0.0
2022-09-02 00:00:00-04:00,59.67897568348545,60.192268304624925,58.35296376257783,58.489845275878906,830600,0.0,0.0
2022-09-06 00:00:00-04:00,58.626719905815115,59.353884991913475,58.05354325780922,58.1904182434082,1127300,0.0,0.0
2022-09-07 00:00:00-04:00,58.46417252313316,60.06394087334433,58.46417252313316,59.9869499206543,852800,0.0,0.0
2022-09-08 00:00:00-04:00,59.755964008845176,60.42324503963684,59.66185960431102,59.9869499206543,575500,0.0,0.0
2022-09-09 00:00:00-04:00,60.09815524452617,60.41468880331603,59.66185364227395,60.01260757446289,652200,0.0,0.0
2022-09-12 00:00:00-04:00,60.13237638083953,60.850984650730844,59.9783879620244,60.585784912109375,715300,0.0,0.0
2022-09-13 00:00:00-04:00,59.98695289797838,60.346257082104174,58.63527731746341,58.86625671386719,703100,0.0,0.0
2022-09-14 00:00:00-04:00,59.011685906680064,59.91850295430919,59.011685906680064,59.5677490234375,994500,0.0,0.0
2022-09-15 00:00:00-04:00,59.345331274158674,59.345331274158674,57.71989930774224,57.79689025878906,1722400,0.0,0.0
2022-09-16 00:00:00-04:00,57.91666088221807,58.26741485753967,57.26649328829016,57.37770462036133,1857700,0.0,0.0
2022-09-19 00:00:00-04:00,57.266503876082496,57.99366908578692,57.01841098771353,57.8824577331543,782400,0.0,0.0
2022-09-20 00:00:00-04:00,57.42047899527369,57.64290164884576,56.65909357858854,57.069725036621094,752800,0.0,0.0
2022-09-21 00:00:00-04:00,57.403358699799696,57.8824373795442,56.40243729745452,56.4195442199707,639500,0.0,0.0
2022-09-22 00:00:00-04:00,56.32544835460878,56.69330924963903,55.94048053447298,56.35966873168945,1031200,0.0,0.0
2022-09-23 00:00:00-04:00,55.81215686952855,56.04314278773014,54.939560080545064,55.564064025878906,1230000,0.0,0.0
2022-09-26 00:00:00-04:00,55.59827480338904,55.6068315280704,53.587875276594055,54.3235969543457,1159100,0.0,0.0
2022-09-27 00:00:00-04:00,54.55458723983571,54.922444866999605,53.62210318794716,53.835975646972656,1367900,0.0,0.0
2022-09-28 00:00:00-04:00,54.5203666773536,54.59736089287776,53.87019584004326,54.084068298339844,1666400,0.0,0.0
2022-09-29 00:00:00-04:00,54.058408818522146,54.058408818522146,51.69725799012487,51.74858856201172,1467600,0.0,0.0
2022-09-30 00:00:00-04:00,52.048005348323855,52.193437064041795,50.6963297476196,50.81610107421875,2005000,0.0,0.0
2022-10-03 00:00:00-04:00,51.77425524904374,52.67251909735308,51.15830140406116,51.996681213378906,2057500,0.0,0.0
2022-10-04 00:00:00-04:00,52.40730485765673,53.29701505232916,52.12499491447173,53.06603240966797,1492800,0.0,0.0
2022-10-05 00:00:00-04:00,52.39020107279223,52.432974913603694,51.209624138473714,51.466270446777344,1338000,0.0,0.0
2022-10-06 00:00:00-04:00,51.2866156468469,51.2866156468469,49.515751970675446,49.644073486328125,1881700,0.0,0.0
2022-10-07 00:00:00-04:00,49.65263188234268,49.8066203170536,48.48060843332792,48.797142028808594,1411800,0.0,0.0
2022-10-10 00:00:00-04:00,48.9340135628665,49.472973010429044,48.73725131515447,49.12221908569336,968700,0.0,0.0
2022-10-11 00:00:00-04:00,48.89979789204589,49.85794557494781,48.745809463650176,49.062339782714844,1072500,0.0,0.0
2022-10-12 00:00:00-04:00,48.91691335353653,48.91691335353653,47.128939309686,47.14604949951172,1231500,0.0,0.0
2022-10-13 00:00:00-04:00,46.58997994742261,48.85702952558793,46.29911324603651,48.651710510253906,1689300,0.0,0.0
2022-10-14 00:00:00-04:00,49.15645197544162,49.549976571071795,47.830443199379395,48.13842010498047,862100,0.0,0.0
2022-10-17 00:00:00-04:00,48.703037434157,49.6269647754096,48.703037434157,48.99390411376953,910800,0.0,0.0
2022-10-18 00:00:00-04:00,49.798064248647314,50.465348562351984,49.592748508611145,50.345577239990234,1029300,0.0,0.0
2022-10-19 00:00:00-04:00,49.72107132229315,50.088932234804695,49.318993294509674,49.89216995239258,642700,0.0,0.0
2022-10-20 00:00:00-04:00,49.81517377967763,49.84939415704334,48.5918230280491,48.797142028808594,688100,0.0,0.0
2022-10-21 00:00:00-04:00,49.0794494379467,50.106037861629794,48.754365660137516,49.755287170410156,861300,0.0,0.0
2022-10-24 00:00:00-04:00,50.24291720022032,50.662108651796466,49.6012998293047,49.986270904541016,2293000,0.0,0.0
2022-10-25 00:00:00-04:00,50.08893216039503,51.355056799753996,49.986274287861846,50.867427825927734,1967000,0.0,0.0
2022-10-26 00:00:00-04:00,51.19251673881108,51.42349940790046,50.70488774743408,50.74766159057617,1458100,0.0,0.0
2022-10-27 00:00:00-04:00,51.21818265922677,51.894020506467605,51.21818265922677,51.50049591064453,1295500,0.0,0.0
2022-10-28 00:00:00-04:00,51.63737429636412,53.057487493613266,51.63737429636412,53.00615692138672,763900,0.0,0.0
2022-10-31 00:00:00-04:00,52.89494036498948,52.903493827800204,51.84268495035254,52.29609680175781,1714700,0.0,0.0
2022-11-01 00:00:00-04:00,52.415870317545604,52.74095741658336,51.90257438273304,52.3217658996582,1377700,0.0,0.0
2022-11-02 00:00:00-04:00,52.03944396404947,53.442446656301826,51.953893029500875,51.98811340332031,1365100,0.0,0.0
2022-11-03 00:00:00-04:00,51.33794506621465,53.06603497514552,51.08985548700808,52.646846771240234,2044700,0.0,0.0
2022-11-04 00:00:00-04:00,52.912051520384345,53.63066320102097,51.5945994920798,53.55366897583008,2309200,0.0,0.0
2022-11-07 00:00:00-05:00,53.553661162073666,53.553661162073666,51.72291347846702,52.39019775390625,1444500,0.0,0.0
2022-11-08 00:00:00-05:00,52.56129582720725,53.040371323677,52.23621203005779,52.595516204833984,1873000,0.0,0.0
2022-11-09 00:00:00-05:00,52.373085338956585,52.604067971005804,50.85031131249523,51.44060134887695,2902100,0.0,0.0
2022-11-10 00:00:00-05:00,52.93771417651187,53.134476455397945,51.04707907977457,52.78372573852539,2212000,0.0,0.0
2022-11-11 00:00:00-05:00,52.70672541856369,52.74094579269621,50.3969023795707,50.80753707885742,2466000,0.0,0.0
2022-11-14 00:00:00-05:00,51.02141885608728,51.106969807069596,49.12223016893618,49.13078689575195,2752700,0.0,0.0
2022-11-15 00:00:00-05:00,49.87506197900821,51.303731850864615,49.87506197900821,51.081302642822266,3639700,0.0,0.0
2022-11-16 00:00:00-05:00,51.260945619341186,51.89400948711959,50.74765306103885,50.85886764526367,2536700,0.0,0.0
2022-11-17 00:00:00-05:00,50.49841860545632,50.83553852479565,50.11808249566871,50.29960632324219,2308800,0.613,0.0
2022-11-18 00:00:00-05:00,50.84418585414165,51.103506103110455,49.80690156083054,50.69723892211914,5822500,0.0,0.0
2022-11-21 00:00:00-05:00,50.56756766025158,50.947903734209255,50.31689003773082,50.48112869262695,3053400,0.0,0.0
2022-11-22 00:00:00-05:00,50.77502486389783,51.50112338985282,50.70587105312346,51.17264938354492,5398200,0.0,0.0
2022-11-23 00:00:00-05:00,50.169946141744134,50.70587502751154,49.77232159093076,50.420623779296875,3531500,0.0,0.0
2022-11-25 00:00:00-05:00,50.80095276808682,51.18993468616796,50.43790187873277,51.00840759277344,1134600,0.0,0.0
2022-11-28 00:00:00-05:00,50.65401131171036,51.034350718272215,50.36876005422453,50.731807708740234,3798700,0.0,0.0
2022-11-29 00:00:00-05:00,49.9365568598469,50.52435110660219,49.34876261309162,50.19587707519531,2733800,0.0,0.0
2022-11-30 00:00:00-05:00,50.1267204851738,51.22450915393561,49.70316165670611,51.18128967285156,8247200,0.0,0.0
2022-12-01 00:00:00-05:00,51.69993292744992,51.92467620576255,50.64536045071487,50.89603805541992,2710000,0.0,0.0
2022-12-02 00:00:00-05:00,50.51570056071983,50.757735597113005,50.083499142617526,50.56756591796875,1994800,0.0,0.0
2022-12-05 00:00:00-05:00,50.057569481572614,50.59349833139301,49.971130514562475,50.2736701965332,3355800,0.0,0.0
2022-12-06 00:00:00-05:00,50.23909443436147,50.576211029784226,49.979774229992834,50.5416374206543,3225100,0.0,0.0
2022-12-07 00:00:00-05:00,50.54163763515446,51.613495363743226,50.45519536837452,51.57891845703125,4444000,0.0,0.0
2022-12-08 00:00:00-05:00,51.648072919537945,53.69670685515654,51.15536353372379,53.592979431152344,3708100,0.0,0.0
2022-12-09 00:00:00-05:00,53.56704425327862,54.803140559889016,53.437382510233014,53.930091857910156,2691900,0.0,0.0
2022-12-12 00:00:00-05:00,54.362298928927736,54.60433069053683,53.86094695167525,54.578399658203125,1620600,0.0,0.0
2022-12-13 00:00:00-05:00,55.2007595576565,55.581098873984516,54.137544582115,54.6734733581543,2136400,0.0,0.0
2022-12-14 00:00:00-05:00,54.76856114397691,55.53787909726776,54.172121110239324,54.50059509277344,1719200,0.0,0.0
2022-12-15 00:00:00-05:00,54.40551599749688,54.63026259251932,53.74857126056612,54.28450012207031,1348100,0.0,0.0
2022-12-16 00:00:00-05:00,53.78314857662735,53.938741359770624,52.52976373349998,53.51518249511719,3053800,0.0,0.0
2022-12-19 00:00:00-05:00,53.54110909576813,53.75720979920228,52.98789182256632,53.325008392333984,1687200,0.0,0.0
2022-12-20 00:00:00-05:00,53.24721847040359,53.83501271888636,52.97060980022763,53.60162353515625,1561200,0.0,0.0
2022-12-21 00:00:00-05:00,53.878241150235056,54.509254951305955,53.610275030286125,54.47467803955078,1542300,0.0,0.0
2022-12-22 00:00:00-05:00,54.29314337286343,54.42280181993758,53.29043621395503,54.120262145996094,988500,0.0,0.0
2022-12-23 00:00:00-05:00,54.05110287990332,54.76855874487446,53.826359615867844,54.75127029418945,837300,0.0,0.0
2022-12-27 00:00:00-05:00,54.8550069260462,54.94144919400857,54.44873980764683,54.87229537963867,833500,0.0,0.0
2022-12-28 00:00:00-05:00,54.87230115543495,55.15755572358329,54.35366068281068,54.65620040893555,1034500,0.0,0.0
2022-12-29 00:00:00-05:00,54.92416788088891,55.19213070282063,54.768575075764005,54.90687942504883,796300,0.0,0.0
2022-12-30 00:00:00-05:00,54.90687900587921,55.079760265524385,53.92146011256823,54.396881103515625,742800,0.0,0.0
2023-01-03 00:00:00-05:00,55.0451833541082,55.0451833541082,53.47197015646508,54.396881103515625,1194600,0.0,0.0
2023-01-04 00:00:00-05:00,54.75991769707408,55.71940536133005,54.500597508813435,55.2266960144043,1454700,0.0,0.0
2023-01-05 00:00:00-05:00,54.88958210988787,55.18347921686184,54.14619511592809,54.44873809814453,1301100,0.0,0.0
2023-01-06 00:00:00-05:00,54.92415599079686,56.523299889306514,54.768563219355,55.99601364135742,1646400,0.0,0.0
2023-01-09 00:00:00-05:00,55.82313957250179,56.28127204371701,55.41686916372734,55.56381607055664,1312600,0.0,0.0
2023-01-10 00:00:00-05:00,55.15754310743726,55.55516430122826,54.87228860453498,55.47737121582031,1315900,0.0,0.0
2023-01-11 00:00:00-05:00,55.47737767112274,55.831779426224465,55.39957798179218,55.67619323730469,1128300,0.0,0.0
2023-01-12 00:00:00-05:00,55.650256686289886,55.89229503954029,55.045177290340874,55.25263214111328,1102600,0.0,0.0
2023-01-13 00:00:00-05:00,54.89822592498308,55.25263097690082,54.2845006663462,54.36229705810547,1009000,0.0,0.0
2023-01-17 00:00:00-05:00,54.362286708080944,54.70804911616706,53.66212261298689,54.08567810058594,1655300,0.0,0.0
2023-01-18 00:00:00-05:00,54.345004999520974,54.345004999520974,52.27044018595521,52.31365966796875,2224000,0.0,0.0
2023-01-19 00:00:00-05:00,52.24450423758387,52.36552339987554,51.17264660819481,51.21586608886719,1643600,0.0,0.0
2023-01-20 00:00:00-05:00,50.93925713530295,51.65670974277068,50.204516076188,51.552982330322266,2006800,0.0,0.0
2023-01-23 00:00:00-05:00,51.30230847897508,52.296373088052654,51.155361575380866,51.98518753051758,1493900,0.0,0.0
2023-01-24 00:00:00-05:00,52.08028210915021,53.22129383513258,51.65672317722477,53.031124114990234,1316200,0.0,0.0
2023-01-25 00:00:00-05:00,52.93604144649097,53.73993320703565,52.55570201415179,53.53247833251953,1888700,0.0,0.0
2023-01-26 00:00:00-05:00,53.454673077530764,53.73992430710861,53.03111422459975,53.074337005615234,903900,0.0,0.0
2023-01-27 00:00:00-05:00,53.02247406248315,53.5584029376519,52.77179642988787,53.36823654174805,969100,0.0,0.0
2023-01-30 00:00:00-05:00,53.281788911134164,53.636193932868764,53.082976659666954,53.325008392333984,1137900,0.0,0.0
2023-01-31 00:00:00-05:00,53.57569072575079,54.21535031521331,53.08298134225258,54.154842376708984,1709700,0.0,0.0
2023-02-01 00:00:00-05:00,53.85229922266918,54.656194171703255,53.402809325552845,54.36229705810547,1761700,0.0,0.0
2023-02-02 00:00:00-05:00,54.405509597797376,55.1056770342503,53.964665632394734,54.664833068847656,1453900,0.0,0.0
2023-02-03 00:00:00-05:00,54.35365268275839,54.50059958598043,52.18399966068121,53.28179168701172,1547600,0.0,0.0
2023-02-06 00:00:00-05:00,53.16942236832697,53.722643009157764,52.668070387413266,53.69670867919922,1639100,0.0,0.0
2023-02-07 00:00:00-05:00,53.52382586218703,53.765860915886684,52.5038334761724,53.57569122314453,1200700,0.0,0.0
2023-02-08 00:00:00-05:00,53.212641510768414,53.316368931197445,51.89874876140478,52.40010070800781,1297800,0.0,0.0
2023-02-09 00:00:00-05:00,52.35688845934239,52.52112383916989,51.717232097963155,52.00248336791992,1257200,0.0,0.0
2023-02-10 00:00:00-05:00,52.183998921431794,52.797727448515275,52.03705202029143,52.78908157348633,1199200,0.0,0.0
2023-02-13 00:00:00-05:00,52.815023359350604,53.14349743120488,52.74587283221257,53.031124114990234,743500,0.0,0.0
2023-02-14 00:00:00-05:00,53.091620298158,53.212639464345564,52.31365972870578,52.42603302001953,965600,0.0,0.0
2023-02-15 00:00:00-05:00,52.13214747758063,53.08298948342065,52.01112828457632,53.031124114990234,1353000,0.0,0.0
2023-02-16 00:00:00-05:00,52.60756230445958,53.022475310885255,52.10620702746472,52.737220764160156,1186700,0.0,0.0
2023-02-17 00:00:00-05:00,52.97925997531454,53.92145936501069,52.73722489619252,53.67942428588867,963600,0.0,0.0
2023-02-21 00:00:00-05:00,53.29908634016789,53.59298347823629,52.4606144144419,52.8409538269043,1024500,0.0,0.0
2023-02-22 00:00:00-05:00,52.66807174682617,53.16942374068025,52.63349483761263,52.66807174682617,1269800,0.0,0.0
2023-02-23 00:00:00-05:00,52.57297970609319,53.100265958471226,52.235863130949234,52.521114349365234,1638600,0.0,0.0
2023-02-24 00:00:00-05:00,50.30824932086686,52.90145801475241,50.273672413563894,52.408748626708984,1843000,0.0,0.0
2023-02-27 00:00:00-05:00,52.391462815354764,52.8928148067913,51.90739598100609,52.028411865234375,1426600,0.0,0.0
2023-02-28 00:00:00-05:00,51.751801942430674,51.93332906184056,50.714517778035365,50.83553695678711,1623100,0.0,0.0
2023-03-01 00:00:00-05:00,50.53299009099611,50.86146409904199,49.97113021393983,50.178585052490234,2554300,0.0,0.0
2023-03-02 00:00:00-05:00,50.07486146323915,50.939264383996,49.91926867370808,50.83553695678711,929100,0.0,0.0
2023-03-03 00:00:00-05:00,50.8355369550068,51.483839145551734,50.33418167821637,51.45790481567383,1225800,0.0,0.0
2023-03-06 00:00:00-05:00,51.45789269410267,51.72585872348181,50.956540832847594,51.1899299621582,1267600,0.0,0.0
2023-03-07 00:00:00-05:00,51.3628130809063,51.68264449285083,50.290955449466594,50.463836669921875,1050800,0.0,0.0
2023-03-08 00:00:00-05:00,50.422781597951875,51.46233529835769,50.35289395468447,51.366241455078125,980100,0.613,0.0
2023-03-09 00:00:00-05:00,51.392455403307316,52.466953017670825,51.15658958565291,51.34877395629883,1733900,0.0,0.0
2023-03-10 00:00:00-05:00,51.33130043699189,51.506016222276564,50.03840895776761,50.28301239013672,1182500,0.0,0.0
2023-03-13 00:00:00-04:00,50.31795659588642,52.493161451787046,50.204394159630304,51.44486999511719,1628000,0.0,0.0
2023-03-14 00:00:00-04:00,51.776822408694535,52.37085403965486,51.49727850382217,52.14372253417969,1877000,0.0,0.0
2023-03-15 00:00:00-04:00,52.02142597648879,52.903739192931454,51.68946631756002,52.66787338256836,2503500,0.0,0.0
2023-03-16 00:00:00-04:00,52.15246690329428,53.25317075458735,52.15246690329428,52.877532958984375,1651600,0.0,0.0
2023-03-17 00:00:00-04:00,52.73775595288896,52.82511550888934,51.86418038744307,52.300968170166016,2915900,0.0,0.0
2023-03-20 00:00:00-04:00,52.52809244337022,52.80763631918914,52.09130472084993,52.44947052001953,1829100,0.0,0.0
2023-03-21 00:00:00-04:00,52.46694952925995,52.57177766377216,50.955664204705805,51.49728012084961,1808600,0.0,0.0
2023-03-22 00:00:00-04:00,51.16532039169207,51.60210817262332,50.25680100757276,50.27427291870117,1415000,0.0,0.0
2023-03-23 00:00:00-04:00,50.12576480632859,50.58875877049983,49.75886135114622,49.924842834472656,2175400,0.0,0.0
2023-03-24 00:00:00-04:00,50.10829743225969,51.94280487697476,50.029675494204675,51.9340705871582,1295900,0.0,0.0
2023-03-27 00:00:00-04:00,52.152457858735055,52.405795552751016,51.540954344099504,51.645782470703125,985300,0.0,0.0
2023-03-28 00:00:00-04:00,51.53222029092219,52.37085197243623,51.50601075983195,51.750614166259766,813900,0.0,0.0
2023-03-29 00:00:00-04:00,51.83797733634179,52.67660913033972,51.83797733634179,52.52810287475586,762700,0.0,0.0
2023-03-30 00:00:00-04:00,52.80764389038086,53.09592209571412,52.39706230596918,52.80764389038086,659800,0.0,0.0
2023-03-31 00:00:00-04:00,52.88626462018046,53.41914623910443,52.80764268734863,53.39293670654297,1345400,0.0,0.0
2023-04-03 00:00:00-04:00,53.13960354016958,53.165809740901786,52.169934123961944,52.80764389038086,1534000,0.0,0.0
2023-04-04 00:00:00-04:00,52.7202850721322,53.34052626836569,52.51936308804368,53.04351043701172,1012700,0.0,0.0
2023-04-05 00:00:00-04:00,53.27063721571712,55.18376649125163,53.27063721571712,55.166297912597656,1812400,0.0,0.0
2023-04-06 00:00:00-04:00,55.62055341507157,55.847684923193604,54.95663746636938,55.288597106933594,2098500,0.0,0.0
2023-04-10 00:00:00-04:00,55.05273643322159,55.05273643322159,54.100538866152235,54.89549255371094,1798200,0.0,0.0
2023-04-11 00:00:00-04:00,54.8954803297323,55.03525226568144,54.598464549287144,54.65961456298828,1010600,0.0,0.0
2023-04-12 00:00:00-04:00,54.755725650646944,54.97411957767332,53.995715717674685,54.24905014038086,954200,0.0,0.0
2023-04-13 00:00:00-04:00,53.838462724066176,54.40628483890768,53.148337231522554,54.19662857055664,1045900,0.0,0.0
2023-04-14 00:00:00-04:00,53.67248823344098,53.96076980554696,53.27938184591717,53.602603912353516,933700,0.0,0.0
2023-04-17 00:00:00-04:00,53.794784019527114,54.493643793703924,53.59385871030165,54.2140998840332,829100,0.0,0.0
2023-04-18 00:00:00-04:00,54.23157470492405,54.51985291930406,53.75984308238245,53.9345588684082,911400,0.0,0.0
2023-04-19 00:00:00-04:00,54.083057746628704,54.64214551974247,53.978229622276366,54.5897331237793,957400,0.0,0.0
2023-04-20 00:00:00-04:00,54.65962015309434,54.816864013671875,54.362604342273016,54.816864013671875,943400,0.0,0.0
2023-04-21 00:00:00-04:00,55.2798702242132,55.393436000335974,54.63342606074146,55.05274200439453,964000,0.0,0.0
2023-04-24 00:00:00-04:00,55.052737758075786,55.28860358301792,54.65089375962326,55.113887786865234,676800,0.0,0.0
2023-04-25 00:00:00-04:00,55.00905369098756,55.769063489739416,54.886753646639704,55.62929153442383,750700,0.0,0.0
2023-04-26 00:00:00-04:00,55.105157710042185,55.60309560107282,54.16169433813556,54.18790054321289,921000,0.0,0.0
2023-04-27 00:00:00-04:00,54.11800746546798,54.79939534668165,54.03064790862883,54.62467956542969,932700,0.0,0.0
2023-04-28 00:00:00-04:00,54.53732591263591,54.869285579425025,53.89961611355848,54.257781982421875,970800,0.0,0.0
2023-05-01 00:00:00-04:00,54.09179262588649,55.27112153432723,54.09179262588649,54.572261810302734,1378100,0.0,0.0
2023-05-02 00:00:00-04:00,54.3626070332925,54.44996658928562,53.40167524435234,53.672481536865234,881400,0.0,0.0
2023-05-03 00:00:00-04:00,53.829729190696604,54.61594858779248,53.620072906422074,53.882144927978516,1097400,0.0,0.0
2023-05-04 00:00:00-04:00,53.82972425902667,54.563527851612406,53.23569262062744,54.31892776489258,1124300,0.0,0.0
2023-05-05 00:00:00-04:00,53.6375360646035,54.97410548909686,53.61132653402696,54.67708969116211,1523600,0.0,0.0
2023-05-08 00:00:00-04:00,54.42376578305196,54.956647496564784,54.126749909901875,54.20537185668945,686800,0.0,0.0
2023-05-09 00:00:00-04:00,54.240302618661914,54.4412245826238,53.759836762889904,54.30145263671875,845000,0.0,0.0
2023-05-10 00:00:00-04:00,54.624684984093626,55.26239481636048,54.27525671935344,55.14009475708008,1293900,0.0,0.0
2023-05-11 00:00:00-04:00,55.0527327166644,55.37595474387075,54.28398528344602,54.537322998046875,576500,0.0,0.0
2023-05-12 00:00:00-04:00,54.84307107935447,55.13135260577619,54.24903944832749,54.48490524291992,799400,0.0,0.0
2023-05-15 00:00:00-04:00,54.61594550088885,54.67709552471492,53.45408838334072,53.908348083496094,994000,0.0,0.0
2023-05-16 00:00:00-04:00,53.925828235385204,54.004450182665344,52.65914278806149,52.68535232543945,960200,0.0,0.0
2023-05-17 00:00:00-04:00,52.6853362900716,52.84258013677297,52.152454735408696,52.44947052001953,1375000,0.0,0.0
2023-05-18 00:00:00-04:00,52.0902613289153,52.35503663450246,51.63131589472389,52.28443145751953,988500,0.613,0.0
2023-05-19 00:00:00-04:00,52.62864767109942,53.396497183764936,52.29326377087723,52.319740295410156,1994300,0.0,0.0
2023-05-22 00:00:00-04:00,52.60216546850009,52.80516337033703,52.072614800302176,52.134395599365234,693300,0.0,0.0
2023-05-23 00:00:00-04:00,52.04613317368711,52.78750605655146,51.82548652243939,51.85196304321289,1188300,0.0,0.0
2023-05-24 00:00:00-04:00,51.737227586695255,52.10791572402922,51.172372679139514,51.36654281616211,1034500,0.0,0.0
2023-05-25 00:00:00-04:00,51.137068628488976,51.137068628488976,50.42217560597477,50.642822265625,1121300,0.0,0.0
2023-05-26 00:00:00-04:00,50.431004829904126,50.784040865939204,50.00736360674273,50.71343231201172,992100,0.0,0.0
2023-05-30 00:00:00-04:00,50.70461253995882,51.06647299476118,50.24566699807265,50.32509994506836,1096700,0.0,0.0
2023-05-31 00:00:00-04:00,50.43982830057405,51.17237346797755,50.2191816384837,51.05763626098633,2053800,0.0,0.0
2023-06-01 00:00:00-04:00,51.0399936105357,51.154727464482725,50.02501749650339,50.48396301269531,1370000,0.0,0.0
2023-06-02 00:00:00-04:00,50.17504408372771,51.154715694144855,49.94557306183205,50.95172119140625,1389700,0.0,0.0
2023-06-05 00:00:00-04:00,51.08412196396063,51.77253855065782,50.872299662853116,51.37537384033203,1155600,0.0,0.0
2023-06-06 00:00:00-04:00,51.525407209926485,51.93139624230065,51.34888921465054,51.719573974609375,1219800,0.0,0.0
2023-06-07 00:00:00-04:00,51.816660353344716,52.964022301510525,51.43714783226513,52.68159484863281,1195800,0.0,0.0
2023-06-08 00:00:00-04:00,52.73455657128349,53.06994046791397,52.399172674653016,52.7522087097168,1299900,0.0,0.0
2023-06-09 00:00:00-04:00,52.77868421171786,52.97285436392225,52.38151952166391,52.42565155029297,1259000,0.0,0.0
2023-06-12 00:00:00-04:00,52.47860128789027,52.69042356482624,52.1961738298429,52.50508117675781,1106700,0.0,0.0
2023-06-13 00:00:00-04:00,52.21382573434497,52.584513875632254,51.92257389250577,52.29325866699219,1160800,0.0,0.0
2023-06-14 00:00:00-04:00,52.40799128087592,52.74337175217367,51.83430866571831,52.00199890136719,1144300,0.0,0.0
2023-06-15 00:00:00-04:00,52.178519694545415,52.743374589007495,52.14321878874209,52.61098861694336,1117200,0.0,0.0
2023-06-16 00:00:00-04:00,52.566864782950965,53.11406759132054,52.27560955744392,52.34621810913086,2717200,0.0,0.0
2023-06-20 00:00:00-04:00,52.522730755892276,52.57568716764212,51.70192825797566,51.940223693847656,1476100,0.0,0.0
2023-06-21 00:00:00-04:00,51.76371158629003,52.249133600598405,51.066467281424686,52.08143997192383,1147600,0.0,0.0
2023-06-22 00:00:00-04:00,52.32856577321087,52.50508378495927,51.401850420033085,51.454803466796875,732800,0.0,0.0
2023-06-23 00:00:00-04:00,51.8343107888752,52.01965316746839,50.5016064997709,50.58103942871094,1321700,0.0,0.0
2023-06-26 00:00:00-04:00,50.836983314953116,51.7813506426228,50.76637814254814,51.684268951416016,1516600,0.0,0.0
2023-06-27 00:00:00-04:00,51.772532633264966,52.07261222823531,51.56953810825575,51.82548904418945,1107500,0.0,0.0
2023-06-28 00:00:00-04:00,51.91374323583643,51.91374323583643,50.78403347188944,50.92524719238281,990800,0.0,0.0
2023-06-29 00:00:00-04:00,50.545738209593665,51.128245268071296,50.32509154552182,50.80168914794922,1126500,0.0,0.0
2023-06-30 00:00:00-04:00,50.881125908017204,51.816665679283105,50.845821631078564,51.56071472167969,1591200,0.0,0.0
2023-07-03 00:00:00-04:00,51.48128940078757,51.92258279856506,51.26946708846174,51.89610290527344,522400,0.0,0.0
2023-07-05 00:00:00-04:00,51.79900744804873,53.0787587187362,51.5607086569441,52.73455047607422,1408000,0.0,0.0
2023-07-06 00:00:00-04:00,52.416819024590474,52.84928795144513,51.834311987823476,52.6021614074707,1422100,0.0,0.0
2023-07-07 00:00:00-04:00,52.51390765598515,52.51390765598515,51.75488256966426,51.79901123046875,1405800,0.0,0.0
2023-07-10 00:00:00-04:00,51.87843927871654,51.87843927871654,50.810510300582116,51.21649932861328,1204700,0.0,0.0
2023-07-11 00:00:00-04:00,51.44598257244598,52.037314080110264,51.29594107389751,52.01083755493164,693700,0.0,0.0
2023-07-12 00:00:00-04:00,52.18735046130407,53.22880299569039,52.0990897746945,53.087589263916016,1256500,0.0,0.0
2023-07-13 00:00:00-04:00,53.03463063133352,53.40531539916992,52.93754556352852,53.40531539916992,852400,0.0,0.0
2023-07-14 00:00:00-04:00,53.228805826944374,53.35236742796911,52.699251779522676,53.09641647338867,1259300,0.0,0.0
2023-07-17 00:00:00-04:00,52.87576904207395,53.087591331385276,52.11674394167652,52.46977996826172,785200,0.0,0.0
2023-07-18 00:00:00-04:00,52.496257046645454,53.03463547781688,51.42832793680112,52.03731155395508,975600,0.0,0.0
2023-07-19 00:00:00-04:00,52.28443406271089,52.96402281308644,52.15204471992037,52.76102828979492,1121100,0.0,0.0
2023-07-20 00:00:00-04:00,53.06110890493712,53.7583531723778,52.48742959765627,53.5994873046875,770900,0.0,0.0
2023-07-21 00:00:00-04:00,53.89956612736275,54.579158247859354,53.55535787458674,54.332035064697266,850800,0.0,0.0
2023-07-24 00:00:00-04:00,54.45559869623041,54.45559869623041,53.696573614597874,53.970176696777344,609200,0.0,0.0
2023-07-25 00:00:00-04:00,53.89074785961745,54.23495615146564,53.687753312291626,53.837791442871094,643600,0.0,0.0
2023-07-26 00:00:00-04:00,53.83778509916533,54.49090069487545,53.82013296232983,54.12021255493164,714100,0.0,0.0
2023-07-27 00:00:00-04:00,53.96134352672828,53.97017127802893,52.637463642885876,52.796329498291016,1611200,0.0,0.0
2023-07-28 00:00:00-04:00,53.122890171758904,53.308235930238524,52.62864379394909,53.087589263916016,1319700,0.0,0.0
2023-07-31 00:00:00-04:00,53.264102883885066,53.396492227864584,52.619815034573215,52.9287223815918,1063000,0.0,0.0
2023-08-01 00:00:00-04:00,52.875764955757454,53.158192408478776,52.46977591332065,52.5139045715332,1410900,0.0,0.0
2023-08-02 00:00:00-04:00,52.41682180246909,52.89341941239095,52.28443582202477,52.699249267578125,1096200,0.0,0.0
2023-08-03 00:00:00-04:00,52.58451435449362,52.646295150803965,51.49892980949554,51.52540969848633,1744900,0.0,0.0
2023-08-04 00:00:00-04:00,51.357717639566644,51.851967391860825,50.431002299965925,50.57221603393555,1170700,0.0,0.0
2023-08-07 00:00:00-04:00,50.607520050648105,51.12824632327665,50.4839584549059,50.87229537963867,1414400,0.0,0.0
2023-08-08 00:00:00-04:00,50.916427535871804,51.34006876470367,50.32509603941937,51.26063919067383,1331600,0.0,0.0
2023-08-09 00:00:00-04:00,51.260637208989955,51.78136013043919,51.13707224273983,51.27828598022461,1321600,0.0,0.0
2023-08-10 00:00:00-04:00,51.50775606373575,51.75487924179153,51.0929392718843,51.198848724365234,1280200,0.0,0.0
2023-08-11 00:00:00-04:00,51.36654386636396,51.48128107393231,51.05763651780317,51.43714904785156,1203600,0.0,0.0
2023-08-14 00:00:00-04:00,51.47245559008178,51.49010772793172,50.7046061110148,50.86347198486328,1636800,0.0,0.0
2023-08-15 00:00:00-04:00,50.55456648135795,50.55456648135795,49.936758467900944,50.03384017944336,1403000,0.0,0.0
2023-08-16 00:00:00-04:00,50.2368339053472,50.45748058279542,49.89262562721614,50.34274673461914,1248300,0.0,0.0
2023-08-17 00:00:00-04:00,50.49277695515696,50.801684275309256,50.02500714956705,50.130916595458984,1287800,0.0,0.0
2023-08-18 00:00:00-04:00,50.30312390487222,50.570787943668385,49.99977041996112,50.32096862792969,1093300,0.613,0.0
2023-08-21 00:00:00-04:00,50.26743219331062,50.392341845550554,49.48228143183176,50.035457611083984,1022100,0.0,0.0
2023-08-22 00:00:00-04:00,49.99084301674645,50.47264029651012,49.758868439563585,50.356651306152344,1353900,0.0,0.0
2023-08-23 00:00:00-04:00,50.68676615485349,50.74922097049682,50.17820356831083,50.45478820800781,1331500,0.0,0.0
2023-08-24 00:00:00-04:00,50.365573349672395,51.12395527911183,50.14251944059814,50.16928482055664,985000,0.0,0.0
2023-08-25 00:00:00-04:00,50.17821005830105,50.93659200550526,50.1246758935975,50.758148193359375,1266100,0.0,0.0
2023-08-28 00:00:00-04:00,50.847366812917755,51.31131591403655,50.579699419191606,50.606468200683594,1260100,0.0,0.0
2023-08-29 00:00:00-04:00,50.65107766205578,51.061496002098494,50.46371321162745,50.92766571044922,959900,0.0,0.0
2023-08-30 00:00:00-04:00,49.73210300153184,49.96407757844883,48.74174306210807,49.46443557739258,4911100,0.0,0.0
2023-08-31 00:00:00-04:00,49.7321038377535,49.892699529991646,49.01832856609058,49.04509735107422,2888000,0.0,0.0
2023-09-01 00:00:00-04:00,49.15216054373887,49.25030481030147,47.54617304630643,47.822757720947266,2657900,0.0,0.0
2023-09-05 00:00:00-04:00,47.83168241660713,47.90305790007668,46.645033946690305,47.046531677246094,1967700,0.0,0.0
2023-09-06 00:00:00-04:00,47.10007325101331,47.59971192448786,46.84132985023074,47.56402587890625,1697100,0.0,0.0
2023-09-07 00:00:00-04:00,47.8762942167406,48.32240206572384,47.64431963282374,47.83168411254883,2100000,0.0,0.0
2023-09-08 00:00:00-04:00,48.019048960014835,48.2331822267211,47.76030558877517,48.12611389160156,1342300,0.0,0.0
2023-09-11 00:00:00-04:00,47.70678006899762,47.87629984627242,46.939473933957544,47.02869415283203,2532700,0.0,0.0
2023-09-12 00:00:00-04:00,47.03761621602845,47.37665575615653,46.70749393246204,47.296356201171875,1755900,0.0,0.0
2023-09-13 00:00:00-04:00,47.26958752616892,48.045814234619826,47.171443254295156,47.92982864379883,1522700,0.0,0.0
2023-09-14 00:00:00-04:00,48.17964239524595,48.75065983462442,48.06365341426832,48.57221603393555,1625500,0.0,0.0
2023-09-15 00:00:00-04:00,48.61683150029662,48.97371571255582,48.197489062271195,48.3045539855957,3197600,0.0,0.0
2023-09-18 00:00:00-04:00,48.56329733686809,48.68820698133544,48.06365535546615,48.3045539855957,1915300,0.0,0.0
2023-09-19 00:00:00-04:00,48.34024282961178,48.714971758376095,47.510482026167935,48.367008209228516,1840200,0.0,0.0
2023-09-20 00:00:00-04:00,48.41162092447173,48.8309633799559,48.277790615627396,48.491920471191406,1401600,0.0,0.0
2023-09-21 00:00:00-04:00,48.46515933447916,48.61683778202525,48.04581684227095,48.05474090576172,2744500,0.0,0.0
2023-09-22 00:00:00-04:00,47.867373557315354,48.09934814123222,47.50156525729041,47.83168411254883,1221300,0.0,0.0
2023-09-25 00:00:00-04:00,47.52832837417024,47.76030294703252,47.15359602904487,47.546173095703125,905300,0.0,0.0
2023-09-26 00:00:00-04:00,47.34096842755101,47.34096842755101,45.80635626439257,45.89557647705078,1356000,0.0,0.0
2023-09-27 00:00:00-04:00,45.91341569556834,46.19000376730039,45.45838721991371,45.547607421875,1701800,0.0,0.0
2023-09-28 00:00:00-04:00,45.761745732223964,45.83312122097975,44.79815110752395,44.98551559448242,2133100,0.0,0.0
2023-09-29 00:00:00-04:00,45.4673108862745,45.84204324707133,44.994437658241424,45.23533630371094,2605400,0.0,0.0
2023-10-02 00:00:00-04:00,45.065812786480826,45.90449770928728,42.54976482512695,42.91557312011719,4860400,0.0,0.0
2023-10-03 00:00:00-04:00,42.75497981909026,43.92378375102226,42.1928863114694,43.71857452392578,3100900,0.0,0.0
2023-10-04 00:00:00-04:00,43.673952592799026,43.71856269034803,42.76389230796383,43.44197463989258,2853200,0.0,0.0
2023-10-05 00:00:00-04:00,43.575815189138694,43.62042529370343,42.906653410069325,43.12970733642578,1603500,0.0,0.0
2023-10-06 00:00:00-04:00,42.5497649249552,43.63826915317724,41.86275843694069,43.53120422363281,2395100,0.0,0.0
2023-10-09 00:00:00-04:00,43.54904795365279,44.075455333591364,43.245694490577456,44.03084182739258,2501700,0.0,0.0
2023-10-10 00:00:00-04:00,44.004077658987896,44.63754998348638,44.004077658987896,44.34312057495117,1360300,0.0,0.0
2023-10-11 00:00:00-04:00,44.56617435651931,45.02120286045969,44.18252133787834,44.878448486328125,1167000,0.0,0.0
2023-10-12 00:00:00-04:00,44.75354177993519,44.86953078015508,43.754261095244885,43.93270492553711,1770300,0.0,0.0
2023-10-13 00:00:00-04:00,44.20036904701094,44.61970813487287,44.01300455646414,44.56617736816406,1912900,0.0,0.0
2023-10-16 00:00:00-04:00,44.7446188636949,45.30671230600149,44.21821146282086,44.99443817138672,1380600,0.0,0.0
2023-10-17 00:00:00-04:00,44.70893053835924,45.20856916625514,44.49479726673751,44.69108581542969,1686600,0.0,0.0
2023-10-18 00:00:00-04:00,44.61970912962945,44.81599768802579,43.60258369709037,43.90593719482422,2747400,0.0,0.0
2023-10-19 00:00:00-04:00,43.65611439148184,43.92377842027375,43.24569598709874,43.290306091308594,3001100,0.0,0.0
2023-10-20 00:00:00-04:00,43.4241352742701,43.86132245263203,43.120785212121554,43.156471252441406,2312400,0.0,0.0
2023-10-23 00:00:00-04:00,42.88880446353146,43.5936556182468,42.34455239225841,43.11185836791992,2466200,0.0,0.0
2023-10-24 00:00:00-04:00,43.35275732597675,43.87916468051695,43.227847683125255,43.66503143310547,1788200,0.0,0.0
2023-10-25 00:00:00-04:00,43.46874965783895,43.807789170680195,43.218926949363635,43.62934875488281,2304400,0.0,0.0
2023-10-26 00:00:00-04:00,43.71857182395611,44.503722638273544,43.71857182395611,43.8524055480957,2007800,0.0,0.0
2023-10-27 00:00:00-04:00,43.77209942246407,43.98622926469881,42.98694872602758,43.11185836791992,1795000,0.0,0.0
2023-10-30 00:00:00-04:00,43.17431623630236,43.75425779006022,42.960186378953374,43.254615783691406,2412400,0.0,0.0
2023-10-31 00:00:00-04:00,43.48659491696092,43.91485804652047,43.361681859414844,43.84347915649414,3140300,0.0,0.0
2023-11-01 00:00:00-04:00,43.941626862268755,44.762463740517795,43.30815447968094,44.44126892089844,3814500,0.0,0.0
2023-11-02 00:00:00-04:00,44.334195461831136,45.77066323654802,44.30743008083454,45.53868865966797,3072700,0.0,0.0
2023-11-03 00:00:00-04:00,46.27029867347883,46.404128963008894,45.67251248894151,45.69035720825195,2149000,0.0,0.0
2023-11-06 00:00:00-05:00,45.6011470487132,45.913421196524276,45.28886949736918,45.440547943115234,2823300,0.0,0.0
2023-11-07 00:00:00-05:00,45.297789885802075,45.76174244171933,44.610783412820716,44.905216217041016,3586200,0.0,0.0
2023-11-08 00:00:00-05:00,45.08365560967161,45.08365560967161,43.54012294687194,44.236053466796875,2849900,0.0,0.0
2023-11-09 00:00:00-05:00,44.28958132813019,44.423415027998104,43.593654257294745,44.012996673583984,3548500,0.0,0.0
2023-11-10 00:00:00-05:00,44.16467683739129,44.27174176764428,43.94162291397012,44.08437728881836,1808600,0.0,0.0
2023-11-13 00:00:00-05:00,43.86132402985113,44.09329861616891,42.80850922307154,42.87096405029297,2825000,0.0,0.0
2023-11-14 00:00:00-05:00,43.789948331053125,44.592940421525576,43.665035273682356,44.5572509765625,5418000,0.0,0.0
2023-11-15 00:00:00-05:00,44.548334878825884,45.4940848459952,44.47695598159055,44.851688385009766,2060200,0.0,0.0
2023-11-16 00:00:00-05:00,45.06581190607711,45.39593415387551,44.77138250538948,44.905216217041016,1737100,0.0,0.0
2023-11-17 00:00:00-05:00,45.18180178522386,45.199646507364136,44.601863631562246,44.95874786376953,3568600,0.0,0.0
2023-11-20 00:00:00-05:00,44.83383993146697,45.244258345832506,44.16467814144507,45.030128479003906,2118300,0.0,0.0
2023-11-21 00:00:00-05:00,45.03283909419214,45.40336802212098,44.463488588731764,45.367218017578125,2104600,0.643,0.0
2023-11-22 00:00:00-05:00,45.42143648810046,45.99078695484275,44.96053602761172,45.93656539916992,2578900,0.0,0.0
2023-11-24 00:00:00-05:00,46.01790018924897,46.02693941397961,45.55699970415601,45.68352127075195,772800,0.0,0.0
2023-11-27 00:00:00-05:00,45.71966860596631,46.017897503040466,45.394325483737106,45.837154388427734,1527200,0.0,0.0
2023-11-28 00:00:00-05:00,45.819082340163824,46.76799754284669,45.710635774916845,46.32516860961914,2172400,0.0,0.0
2023-11-29 00:00:00-05:00,46.39746954273006,46.641476904989126,45.6744866809185,45.76485824584961,4231800,0.0,0.0
2023-11-30 00:00:00-05:00,45.82811803959213,46.21672196580853,45.39432833188747,46.12635040283203,2080100,0.0,0.0
2023-12-01 00:00:00-05:00,46.352280482736646,46.858366726492726,45.84619079152659,46.77703094482422,1867000,0.0,0.0
2023-12-04 00:00:00-05:00,45.421436491644165,46.51495164633539,45.04187181208899,45.59314727783203,9573700,0.0,0.0
2023-12-05 00:00:00-05:00,45.312985831256434,46.37938666412815,45.141278508064886,46.27997589111328,8994400,0.0,0.0
2023-12-06 00:00:00-05:00,46.36132020467417,47.002967288296006,45.9727162644628,46.94874572753906,3751600,0.0,0.0
2023-12-07 00:00:00-05:00,46.93067000971567,47.102377361920134,46.433619508109736,46.72281265258789,3352200,0.0,0.0
2023-12-08 00:00:00-05:00,46.804147943301125,46.87644450492642,46.29805822210735,46.596290588378906,2020300,0.0,0.0
2023-12-11 00:00:00-05:00,46.487836861333776,46.93066576293714,46.04501140718431,46.79510498046875,2722000,0.0,0.0
2023-12-12 00:00:00-05:00,46.9758599613983,46.9758599613983,46.18057701977241,46.40650939941406,2338900,0.0,0.0
2023-12-13 00:00:00-05:00,46.41554792093236,48.25011771260206,46.18961554471868,48.19589614868164,3398800,0.0,0.0
2023-12-14 00:00:00-05:00,48.57546240786241,49.16288798340444,48.13263341972932,48.2320442199707,4486400,0.0,0.0
2023-12-15 00:00:00-05:00,47.4457921993713,47.98802844552538,46.50591282174718,46.77703094482422,5910400,0.0,0.0
2023-12-18 00:00:00-05:00,47.0300736150164,47.201780940990126,46.50590896606445,46.50590896606445,2158400,0.0,0.0
2023-12-19 00:00:00-05:00,46.686664376057884,47.02104331534217,46.523992795334856,46.85837173461914,2230000,0.0,0.0
2023-12-20 00:00:00-05:00,46.83125950613748,47.066231092121015,46.081165860392126,46.1353874206543,2766400,0.0,0.0
2023-12-21 00:00:00-05:00,46.24383684197866,46.641480028192646,45.99079368526392,46.153465270996094,2453300,0.0,0.0
2023-12-22 00:00:00-05:00,46.505917016744284,47.12949254826955,46.424581227739,46.43362045288086,1858200,0.0,0.0
2023-12-26 00:00:00-05:00,46.44265646418715,47.030081993008466,46.40650645834645,46.80414962768555,1698400,0.0,0.0
2023-12-27 00:00:00-05:00,46.94874675027324,46.94874675027324,46.4697677859424,46.85837173461914,1906900,0.0,0.0
2023-12-28 00:00:00-05:00,46.740887157144755,47.27408765799412,46.6866621503374,47.2108268737793,1318900,0.0,0.0
2023-12-29 00:00:00-05:00,47.039118003643566,47.21082880850992,46.849335643221686,47.174678802490234,1447900,0.0,0.0
2024-01-02 00:00:00-05:00,47.10237574745337,48.48508408501635,46.98489340666069,48.28626251220703,2267900,0.0,0.0
2024-01-03 00:00:00-05:00,48.412780811349236,48.84657048393123,47.924766136899294,48.68389892578125,3929300,0.0,0.0
2024-01-04 00:00:00-05:00,48.60257264122343,48.85561925191934,48.32241869547892,48.44894027709961,2222200,0.0,0.0
2024-01-05 00:00:00-05:00,48.39471263743443,49.01828818079081,48.17781949427475,48.5302734375,1772900,0.0,0.0
2024-01-08 00:00:00-05:00,48.50315547849392,48.75620205599013,48.277223127398,48.729087829589844,2051600,0.0,0.0
2024-01-09 00:00:00-05:00,48.991172790527344,49.22614437874162,48.37663648705745,48.991172790527344,3153200,0.0,0.0
2024-01-10 00:00:00-05:00,48.76523773366889,49.1719166543027,48.62968039176034,48.873687744140625,3066300,0.0,0.0
2024-01-11 00:00:00-05:00,48.77427727025747,48.900798835829725,47.915733642861916,48.21396255493164,2983400,0.0,0.0
2024-01-12 00:00:00-05:00,48.54834255494078,48.8194606747487,48.177813653464035,48.66582489013672,2408300,0.0,0.0
2024-01-16 00:00:00-05:00,48.50315198125068,48.50315198125068,47.60846186599535,47.77113342285156,2690900,0.0,0.0
2024-01-17 00:00:00-05:00,47.48194672365431,47.816325659045035,46.6776280546974,46.80414962768555,2999300,0.0,0.0
2024-01-18 00:00:00-05:00,46.56916989390128,46.67761989245938,45.927522915974215,45.99078369140625,3763200,0.0,0.0
2024-01-19 00:00:00-05:00,45.9998284092284,46.18057153350576,45.430477914883184,45.584110260009766,2491900,0.0,0.0
2024-01-22 00:00:00-05:00,45.4395203504697,46.08117094651164,44.90631978183053,45.05995559692383,2883200,0.0,0.0
2024-01-23 00:00:00-05:00,45.15936113284302,45.33106848502816,44.635196403876456,45.22262191772461,3388700,0.0,0.0
2024-01-24 00:00:00-05:00,45.49373453725453,45.719666869392775,44.57193020843605,44.59904098510742,5393700,0.0,0.0
2024-01-25 00:00:00-05:00,44.960537632352775,45.322030771192516,44.60808371808376,45.25876998901367,2525900,0.0,0.0
2024-01-26 00:00:00-05:00,45.35817789713682,45.56603524797293,44.906313191635526,44.969573974609375,2154900,0.0,0.0
2024-01-29 00:00:00-05:00,45.13224509247216,45.954638710351645,44.88823774025024,45.72870635986328,2357400,0.0,0.0
2024-01-30 00:00:00-05:00,45.4937432033932,46.00886874299876,45.041878453040646,45.8100471496582,2495800,0.0,0.0
2024-01-31 00:00:00-05:00,46.15346143007586,46.57821536274543,45.376253573469484,45.88234329223633,11112100,0.0,0.0
2024-02-01 00:00:00-05:00,45.701596744449645,46.8764443074073,45.44855360864607,46.76799774169922,2676100,0.0,0.0
2024-02-02 00:00:00-05:00,46.23479889038484,46.307098901735664,45.42144099995952,45.81908416748047,2182700,0.0,0.0
2024-02-05 00:00:00-05:00,45.3039551376153,45.439512477198925,44.84305121965051,44.88823699951172,1967700,0.0,0.0
2024-02-06 00:00:00-05:00,44.73460722406569,45.00572536623585,44.60808565421656,44.87920379638672,2157300,0.0,0.0
2024-02-07 00:00:00-05:00,45.050917852569064,45.09610708920041,44.59905306589353,44.62616729736328,1848900,0.0,0.0
2024-02-08 00:00:00-05:00,44.39119198911896,44.39119198911896,43.41516592367722,43.939327239990234,3527400,0.0,0.0
2024-02-09 00:00:00-05:00,43.93932335143281,44.52674885229575,43.740505223680266,44.35504150390625,2495900,0.0,0.0
2024-02-12 00:00:00-05:00,44.35504273232998,44.98765058468212,44.12007114649555,44.978614807128906,4081100,0.0,0.0
2024-02-13 00:00:00-05:00,44.93343149015424,45.032842285965906,43.5326480181963,44.45445251464844,2089100,0.0,0.0
2024-02-14 00:00:00-05:00,44.45445251464844,44.73460989853091,44.17429857822039,44.45445251464844,1909400,0.0,0.0
2024-02-15 00:00:00-05:00,44.752683206942116,45.367219514632815,44.743643981781034,45.13224792480469,2554300,0.0,0.0
2024-02-16 00:00:00-05:00,44.91535217386024,45.56603500200084,44.59904481324434,45.21358108520508,2748100,0.0,0.0
2024-02-20 00:00:00-05:00,45.30395057722635,45.737740225645034,45.14127902813763,45.34913635253906,2043000,0.0,0.0
2024-02-21 00:00:00-05:00,45.58411519785696,45.84619758288467,45.32203626028373,45.73775100708008,2018300,0.0,0.0
2024-02-22 00:00:00-05:00,45.47566513197971,45.701597491915,45.141286204562654,45.42144012451172,3162900,0.0,0.0
2024-02-23 00:00:00-05:00,45.35818095646269,45.92753148908312,45.30395939451602,45.70159912109375,3482800,0.0,0.0
2024-02-26 00:00:00-05:00,45.58410407941294,45.58410407941294,44.653264015268384,44.707489013671875,1810900,0.0,0.0
2024-02-27 00:00:00-05:00,44.87920329861208,45.394328797258176,44.72557095048621,45.367218017578125,1653500,0.0,0.0
2024-02-28 00:00:00-05:00,45.087060406180576,45.403367773013876,44.91535305672535,44.99668884277344,2136900,0.0,0.0
2024-02-29 00:00:00-05:00,44.96957389361596,45.51181360771337,44.72556998684434,44.770755767822266,3767200,0.0,0.0
2024-03-01 00:00:00-05:00,44.69845772579226,44.78883273917622,43.92124984796149,44.39118957519531,2653700,0.0,0.0
2024-03-04 00:00:00-05:00,44.27370737648819,45.231658389370054,44.15622158242473,45.17743682861328,2804800,0.0,0.0
2024-03-05 00:00:00-05:00,45.502777099609375,46.23479920598903,45.23165895010168,45.502777099609375,2728500,0.0,0.0
2024-03-06 00:00:00-05:00,45.90042092581547,46.261910647840395,45.54796698167305,45.80101013183594,3005400,0.0,0.0
2024-03-07 00:00:00-05:00,46.2076890515481,46.48784298260624,46.0992390323117,46.41554641723633,3266400,0.0,0.0
2024-03-08 00:00:00-05:00,46.64708554620084,47.56227260582472,46.244401005622926,47.18704605102539,4148600,0.643,0.0
2024-03-11 00:00:00-04:00,47.02231710236045,47.717857805542195,46.97655844274461,47.25111389160156,2310300,0.0,0.0
2024-03-12 00:00:00-04:00,47.022317264362904,47.06807592413639,46.308468905481114,46.92164611816406,2258000,0.0,0.0
2024-03-13 00:00:00-04:00,47.507363799909555,47.91004488047146,46.939948756580996,47.07722473144531,2793700,0.0,0.0
2024-03-14 00:00:00-04:00,47.13213493125269,47.24195640405267,46.30846515734866,46.61962890625,2273000,0.0,0.0
2024-03-15 00:00:00-04:00,46.50980708144659,47.333476849116785,46.50065674676654,47.22365188598633,3810100,0.0,0.0
2024-03-18 00:00:00-04:00,46.96739422269342,47.543962981517296,46.86672309911897,47.37007522583008,2235600,0.0,0.0
2024-03-19 00:00:00-04:00,47.30601874900324,47.98325872203268,47.30601874900324,47.77276611328125,1651900,0.0,0.0
2024-03-20 00:00:00-04:00,47.88259420704372,47.91920253306203,47.13214097947896,47.379241943359375,2270100,0.0,0.0
2024-03-21 00:00:00-04:00,47.351782389086004,47.76361379375689,47.30602024086769,47.39754104614258,2158700,0.0,0.0
2024-03-22 00:00:00-04:00,47.70870747008381,47.845983448931314,47.00401294028172,47.25111389160156,2400400,0.0,0.0
2024-03-25 00:00:00-04:00,47.38838590680344,47.46160254899437,46.784362573374906,47.05891799926758,1694200,0.0,0.0
2024-03-26 00:00:00-04:00,47.3060126462958,47.37007545412262,46.72944737585444,46.9307861328125,1925400,0.0,0.0
2024-03-27 00:00:00-04:00,47.08638019021826,48.56898241535602,47.08638019021826,48.55067825317383,2169900,0.0,0.0
2024-03-28 00:00:00-04:00,48.614737237272195,49.05402662147855,48.4957654292233,48.85268783569336,2158400,0.0,0.0
2024-04-01 00:00:00-04:00,48.85268694166031,48.85268694166031,48.18460079720857,48.2669677734375,1453500,0.0,0.0
2024-04-02 00:00:00-04:00,48.33103396901774,48.889295190095275,48.321880142595724,48.514068603515625,2071000,0.0,0.0
2024-04-03 00:00:00-04:00,48.38594465131792,48.44085713828057,47.99241388932395,48.2486686706543,1310800,0.0,0.0
2024-04-04 00:00:00-04:00,48.5872856103568,48.706260916591724,47.89174491708887,48.212059020996094,2306300,0.0,0.0
2024-04-05 00:00:00-04:00,47.89174141080567,48.029017377646184,47.4432982070054,47.77276611328125,2040500,0.0,0.0
2024-04-08 00:00:00-04:00,47.70870786089304,48.42255273200103,47.69040369866438,48.3035774230957,1997400,0.0,0.0
2024-04-09 00:00:00-04:00,48.52322142623264,48.6604973992665,48.20290384016339,48.47746276855469,1651100,0.0,0.0
2024-04-10 00:00:00-04:00,47.65379360762519,47.74531092421388,47.01316191801885,47.296871185302734,1890800,0.0,0.0
2024-04-11 00:00:00-04:00,47.58973337889818,47.61718787713723,46.65624203598804,47.09553146362305,2053700,0.0,0.0
2024-04-12 00:00:00-04:00,47.113832233176595,47.360933173018715,46.38168323984538,46.6287841796875,1882000,0.0,0.0
2024-04-15 00:00:00-04:00,46.81181991392443,47.04976701543873,46.00645431674396,46.116275787353516,1985600,0.0,0.0
2024-04-16 00:00:00-04:00,46.05221485823513,46.08882318032502,45.347520368232594,45.35667419433594,1956200,0.0,0.0
2024-04-17 00:00:00-04:00,45.55800974425991,46.372525651456996,45.48479659644745,46.24440002441406,1260500,0.0,0.0
2024-04-18 00:00:00-04:00,46.58302283437497,46.74775678476463,46.088820983205984,46.63793182373047,1713000,0.0,0.0
2024-04-19 00:00:00-04:00,46.71114299262111,47.56226713954548,46.71114299262111,47.37007522583008,1932300,0.0,0.0
2024-04-22 00:00:00-04:00,47.39753931570066,47.928346002268746,47.2328053633819,47.827674865722656,1461100,0.0,0.0
2024-04-23 00:00:00-04:00,47.64464292496456,48.25781662219302,47.52566762133746,47.81852722167969,1938500,0.0,0.0
2024-04-24 00:00:00-04:00,47.37923640150781,48.239511015340824,47.12298513167706,48.02901840209961,2108200,0.0,0.0
2024-04-25 00:00:00-04:00,47.800217742891704,48.129685629416635,47.43414502876734,47.97410202026367,1679400,0.0,0.0
2024-04-26 00:00:00-04:00,47.86428350579885,48.11138443592541,47.3060188293457,47.3060188293457,1191600,0.0,0.0
2024-04-29 00:00:00-04:00,47.54397401169507,48.30357754470612,47.498215351589195,48.276123046875,2010700,0.0,0.0
2024-04-30 00:00:00-04:00,47.91004702873437,48.33103578088266,47.50736593011644,48.00156784057617,1823900,0.0,0.0
2024-05-01 00:00:00-04:00,47.76361048120884,48.834381136112576,47.69039733322823,48.45000076293945,2208600,0.0,0.0
2024-05-02 00:00:00-04:00,48.697106498870454,49.02657442526747,48.34933790203969,49.008270263671875,2149400,0.0,0.0
2024-05-03 00:00:00-04:00,49.34688561438998,49.59398654461165,48.80692858939947,49.511619567871094,3072000,0.0,0.0
2024-05-06 00:00:00-04:00,49.55737928691434,49.69465524731566,49.13639059799714,49.38349151611328,2469400,0.0,0.0
2024-05-07 00:00:00-04:00,49.593985293028865,50.04242848644619,49.337734034597,49.83193588256836,1877400,0.0,0.0
2024-05-08 00:00:00-04:00,49.73126839752029,50.060736320346784,49.539079939592106,49.9417610168457,1541000,0.0,0.0
2024-05-09 00:00:00-04:00,49.55737742359845,51.122346354997646,49.55737742359845,50.99422073364258,4723700,0.0,0.0
2024-05-10 00:00:00-04:00,51.314538516771506,51.45181797315071,50.600693722387476,50.71966552734375,4709000,0.0,0.0
2024-05-13 00:00:00-04:00,50.966765320603955,51.30538704116512,50.74712238467611,51.01252746582031,2802500,0.0,0.0
2024-05-14 00:00:00-04:00,51.525039043946464,51.56164737009691,50.472575850837245,50.6098518371582,2419000,0.0,0.0
2024-05-15 00:00:00-04:00,51.287089137837484,51.396910619198565,50.8661038833184,50.92101287841797,1846200,0.0,0.0
2024-05-16 00:00:00-04:00,50.96677153805492,51.186417991939024,50.74712857533277,50.92101287841797,2121900,0.0,0.0
2024-05-17 00:00:00-04:00,51.025638580322266,51.507100295538926,50.86823593689615,51.025638580322266,2062200,0.643,0.0
2024-05-20 00:00:00-04:00,51.034889889861816,51.13673802385846,50.78489997877329,51.00711441040039,978900,0.0,0.0
2024-05-21 00:00:00-04:00,51.11822474212025,51.53487463372537,51.05341292920155,51.50709915161133,1153800,0.0,0.0
2024-05-22 00:00:00-04:00,51.12748043824816,51.35895218448148,50.71083058863248,50.77564239501953,1311900,0.0,0.0
2024-05-23 00:00:00-04:00,50.56269485987653,50.646024839766355,49.44237232178588,49.451629638671875,1853600,0.0,0.0
2024-05-24 00:00:00-04:00,49.61828796836106,49.75717244094104,49.45162801405663,49.47014617919922,1191900,0.0,0.0
2024-05-28 00:00:00-04:00,49.49792226232193,49.77568767887787,49.155345032968896,49.312744140625,1305300,0.0,0.0
2024-05-29 00:00:00-04:00,48.82201948994186,48.92386762172854,48.53499325781379,48.67387771606445,2166100,0.0,0.0
2024-05-30 00:00:00-04:00,49.0812719849876,49.37755909655679,48.71091927648914,49.34052276611328,1493500,0.0,0.0
2024-05-31 00:00:00-04:00,49.5812507125132,50.636761382084856,49.47940257211966,50.608985900878906,3494200,0.0,0.0
2024-06-03 00:00:00-04:00,50.54417624748865,50.85897799851522,50.127526351721286,50.26641082763672,2002300,0.0,0.0
2024-06-04 00:00:00-04:00,50.10900898740846,50.89601514354908,50.09049082152502,50.53491973876953,1919800,0.0,0.0
2024-06-05 00:00:00-04:00,50.29418802878703,50.3960361770084,49.79420813677984,49.82198715209961,1575700,0.0,0.0
2024-06-06 00:00:00-04:00,49.69235872947638,50.0534576636516,49.43311147292092,49.451629638671875,1039400,0.0,0.0
2024-06-07 00:00:00-04:00,48.92387530905454,49.37756154957895,48.80350899512291,49.03498077392578,811400,0.0,0.0
2024-06-10 00:00:00-04:00,48.618325372896244,49.22941065861763,48.618325372896244,49.11830520629883,1473400,0.0,0.0
2024-06-11 00:00:00-04:00,48.70166097331876,49.38681899441847,48.62759184053933,49.33126449584961,1672200,0.0,0.0
2024-06-12 00:00:00-04:00,49.8682825890233,49.8682825890233,48.93313458727267,49.18312454223633,1591300,0.0,0.0
2024-06-13 00:00:00-04:00,49.11831075557398,49.36830070051857,48.43315626822574,49.03498077392578,1318900,0.0,0.0
2024-06-14 00:00:00-04:00,48.79425105222479,49.164603774371955,48.61833024212431,48.8312873840332,940200,0.0,0.0
2024-06-17 00:00:00-04:00,48.47944381649143,49.28496451639717,48.285008394441526,48.72017288208008,1154500,0.0,0.0
2024-06-18 00:00:00-04:00,48.68314804903039,49.210903442044476,48.60907538167022,48.8868408203125,1277000,0.0,0.0
2024-06-20 00:00:00-04:00,48.81276776996542,49.47014674615638,48.78498875594375,48.9516487121582,1370500,0.0,0.0
2024-06-21 00:00:00-04:00,49.14608415844169,49.34051958275719,48.71091613375386,48.75720977783203,2983800,0.0,0.0
2024-06-24 00:00:00-04:00,48.78499677467903,49.64607217932808,48.78499677467903,49.41460037231445,981700,0.0,0.0
2024-06-25 00:00:00-04:00,49.32200495529674,49.32200495529674,48.72017694319134,48.9516487121582,1323100,0.0,0.0
2024-06-26 00:00:00-04:00,48.52574500922483,48.979431263233586,48.23871872346589,48.91461944580078,1397800,0.0,0.0
2024-06-27 00:00:00-04:00,48.88683220513598,49.38681202576968,48.7109149491257,49.30348205566406,1117000,0.0,0.0
2024-06-28 00:00:00-04:00,49.49792172887972,49.51643989404773,48.98868454868542,49.04423904418945,2429000,0.0,0.0
2024-07-01 00:00:00-04:00,49.33126027314987,49.534956551820464,48.65536315899052,48.803504943847656,1191800,0.0,0.0
2024-07-02 00:00:00-04:00,49.016463500673,49.35904428256665,48.757216233924595,48.87758255004883,1030500,0.0,0.0
2024-07-03 00:00:00-04:00,48.89610318966685,49.3220104442897,48.55352239044564,48.57204055786133,605700,0.0,0.0
2024-07-05 00:00:00-04:00,48.56277632766348,49.09053166196166,48.442410022584255,48.90535354614258,3045600,0.0,0.0
2024-07-08 00:00:00-04:00,48.96090917243857,49.099790113529664,48.68314375827751,48.979427337646484,1539200,0.0,0.0
2024-07-09 00:00:00-04:00,48.85905956074287,49.5905111705583,48.85905956074287,49.294227600097656,1323500,0.0,0.0
2024-07-10 00:00:00-04:00,49.56273372130411,49.72939367644372,49.30348647196645,49.70161819458008,1471600,0.0,0.0
2024-07-11 00:00:00-04:00,49.979380261730135,50.72008916164145,49.821981165739636,50.5904655456543,2050700,0.0,0.0
2024-07-12 00:00:00-04:00,50.8682331888625,51.39598852411296,50.636761426665664,50.9700813293457,1924200,0.0,0.0
2024-07-15 00:00:00-04:00,50.44233254975924,50.64602885719876,50.08123711891956,50.109012603759766,1008000,0.0,0.0
2024-07-16 00:00:00-04:00,50.38677191424457,50.868233607412954,50.21085464503987,50.71083450317383,926000,0.0,0.0
2024-07-17 00:00:00-04:00,50.92379239847553,51.66450139969389,50.88675606541983,51.17378234863281,1400000,0.0,0.0
2024-07-18 00:00:00-04:00,51.17377750571441,51.88671095566088,50.98859938993969,51.03489303588867,850400,0.0,0.0
2024-07-19 00:00:00-04:00,51.18303126686081,51.275622084306065,50.701569612081116,51.266361236572266,1009400,0.0,0.0
2024-07-22 00:00:00-04:00,51.220073097943256,51.59042934356564,51.10896763704811,51.37747573852539,798200,0.0,0.0
2024-07-23 00:00:00-04:00,51.22933532951149,51.43302809132108,51.044157201701765,51.12748718261719,768000,0.0,0.0
2024-07-24 00:00:00-04:00,51.43302526516459,52.090404227387204,51.31265895890534,52.05337142944336,1355700,0.0,0.0
2024-07-25 00:00:00-04:00,52.34039461903072,52.93296177511574,51.73857014637261,52.15522003173828,2650300,0.0,0.0
2024-07-26 00:00:00-04:00,52.275578382679896,52.66445275343465,52.2292847397749,52.54408645629883,1610300,0.0,0.0
2024-07-29 00:00:00-04:00,52.784819289179474,53.09036371173983,52.34965477641309,52.96999740600586,1064700,0.0,0.0
2024-07-30 00:00:00-04:00,52.82185234678332,53.497749429147824,52.74778322382841,53.43293762207031,1431700,0.0,0.0
2024-07-31 00:00:00-04:00,53.54405124050641,53.747743995252804,53.00703504167754,53.70145034790039,3201400,0.0,0.0
2024-08-01 00:00:00-04:00,53.84959010596686,55.5069287552678,53.840332789637365,55.32175064086914,2031100,0.0,0.0
2024-08-02 00:00:00-04:00,55.96061367595022,56.60873533640331,54.77547934733582,55.70136642456055,2928700,0.0,0.0
2024-08-05 00:00:00-04:00,56.06246445890632,56.52540801931344,53.97921843707429,54.18291473388672,2257700,0.0,0.0
2024-08-06 00:00:00-04:00,54.16438636069826,55.06249782887797,54.09031370964169,54.42363357543945,1907700,0.0,0.0
2024-08-07 00:00:00-04:00,54.6088233840615,55.14583962347018,54.42364524867991,54.65511703491211,1885700,0.0,0.0
2024-08-08 00:00:00-04:00,54.432902967844896,54.92362199620476,54.22920667744089,54.62733840942383,1967800,0.0,0.0
2024-08-09 00:00:00-04:00,55.36804432328238,55.36804432328238,53.03480855705716,54.340309143066406,1879000,0.0,0.0
2024-08-12 00:00:00-04:00,54.31253836568406,54.33105653193783,53.7199711734796,54.18291473388672,1573800,0.0,0.0
2024-08-13 00:00:00-04:00,54.414380641240164,54.58104058755774,54.18290888601896,54.46067428588867,1554100,0.0,0.0
2024-08-14 00:00:00-04:00,54.10884298232971,54.979179151054595,54.06254933190329,54.74770736694336,1070900,0.0,0.0
2024-08-15 00:00:00-04:00,54.47919534689459,54.71066711442355,53.96069731611733,54.256980895996094,1668400,0.0,0.0
2024-08-16 00:00:00-04:00,54.182913737306606,54.45142184507907,53.94218111241439,54.40512466430664,4549400,0.0,0.0
2024-08-19 00:00:00-04:00,54.414381104858975,54.71066467150821,54.108836690013916,54.562522888183594,2040400,0.0,0.0
2024-08-20 00:00:00-04:00,54.509165608745015,54.78999521932349,54.12536430773459,54.153446197509766,1764700,0.643,0.0
2024-08-21 00:00:00-04:00,54.275139882577655,54.780635319941645,54.125363853463384,54.61213684082031,1461000,0.0,0.0
2024-08-22 00:00:00-04:00,54.61214082113373,54.93041535256622,54.40619742698844,54.64958572387695,2010800,0.0,0.0
2024-08-23 00:00:00-04:00,54.761915210090564,55.02402237950568,54.59341672376874,54.78999710083008,1312600,0.0,0.0
2024-08-26 00:00:00-04:00,55.04274313890033,56.166065156213044,54.93041200845173,55.48271179199219,1738400,0.0,0.0
2024-08-27 00:00:00-04:00,55.407820348717415,55.5388774964554,54.86488359185723,54.90232849121094,923900,0.0,0.0
2024-08-28 00:00:00-04:00,54.892961937321935,55.26740376480288,54.864880050090534,55.01465606689453,1724900,0.0,0.0
2024-08-29 00:00:00-04:00,55.0708269771338,55.0708269771338,54.52788664923511,54.958492279052734,2044100,0.0,0.0
2024-08-30 00:00:00-04:00,55.06146327061328,55.40781965796178,54.86488290787025,55.36101531982422,1420900,0.0,0.0
2024-09-03 00:00:00-04:00,55.42654373528274,56.147341990785804,55.295490156271676,55.88523483276367,1441500,0.0,0.0
2024-09-04 00:00:00-04:00,56.08181079490882,56.86813577813553,56.08181079490882,56.362640380859375,1920900,0.0,0.0
2024-09-05 00:00:00-04:00,56.877493835617194,56.924301741257125,56.07244999436115,56.55921936035156,1283200,0.0,0.0
2024-09-06 00:00:00-04:00,56.64347828879818,56.765172436601276,55.87587564131855,55.941402435302734,1016700,0.0,0.0
2024-09-09 00:00:00-04:00,56.19414442473571,56.72772173315395,55.96011916416834,56.577945709228516,1603000,0.0,0.0
2024-09-10 00:00:00-04:00,56.587308793552815,56.8587789531929,56.13798072118753,56.540504455566406,2102900,0.0,0.0
2024-09-11 00:00:00-04:00,56.35328266170559,56.47497679534307,55.75417857447806,56.24095153808594,1467100,0.0,0.0
2024-09-12 00:00:00-04:00,56.278393566227685,56.568586174379746,56.01628641753684,56.50305938720703,1536300,0.0,0.0
2024-09-13 00:00:00-04:00,56.793254196838404,57.2238634332371,56.60603682642608,57.1583366394043,1304800,0.0,0.0
2024-09-16 00:00:00-04:00,57.42979992437963,58.262932886545734,57.33619124460208,58.04762649536133,1432900,0.0,0.0
2024-09-17 00:00:00-04:00,57.972736273317494,58.0944304054014,57.710629131237084,57.95401382446289,1287900,0.0,0.0
2024-09-18 00:00:00-04:00,57.785521956012985,58.11315949197846,57.40172063801064,57.61702346801758,1571400,0.0,0.0
2024-09-19 00:00:00-04:00,57.31746630079285,57.47660533462185,56.68091730736103,57.16769027709961,1610900,0.0,0.0
2024-09-20 00:00:00-04:00,57.588941992055055,57.879134628125826,57.13961387780969,57.710636138916016,3699800,0.0,0.0
2024-09-23 00:00:00-04:00,58.03826904296875,58.08507338446009,57.71999452150832,58.03826904296875,2136100,0.0,0.0
2024-09-24 00:00:00-04:00,57.73871422269151,58.58120661318438,57.476607066068034,57.76679611206055,2211300,0.0,0.0
2024-09-25 00:00:00-04:00,58.01018455890592,58.0944337982009,57.523411573084054,57.80424118041992,1967800,0.0,0.0
2024-09-26 00:00:00-04:00,57.52341089117848,58.02890632095602,57.46724354200026,57.598297119140625,1643300,0.0,0.0
2024-09-27 00:00:00-04:00,57.766798613744626,58.23484916852319,57.59830012834895,57.98210144042969,1527100,0.0,0.0
2024-09-30 00:00:00-04:00,58.150598185681986,58.28165176574746,57.691910655452816,58.04762649536133,1173100,0.0,0.0
2024-10-01 00:00:00-04:00,58.14123587170802,58.14123587170802,57.32682897089057,57.70126724243164,3801000,0.0,0.0
2024-10-02 00:00:00-04:00,57.373634253726046,57.869766667889486,57.23321766774592,57.35491180419922,2281100,0.0,0.0
2024-10-03 00:00:00-04:00,57.373636704157285,57.44852293452087,56.381368262508445,56.886863708496094,3489600,0.0,0.0
2024-10-04 00:00:00-04:00,56.41880823985947,56.615388594719626,56.08181130527523,56.4749755859375,2389500,0.0,0.0
2024-10-07 00:00:00-04:00,56.2035070752899,56.25967085206379,55.55759507485363,55.78226089477539,2088600,0.0,0.0
2024-10-08 00:00:00-04:00,55.96948069125945,56.306477628897575,55.78225977357805,56.03500747680664,1646600,0.0,0.0
2024-10-09 00:00:00-04:00,56.08181669175378,56.24095573545534,55.501435010304874,55.76354217529297,1710100,0.0,0.0
2024-10-10 00:00:00-04:00,55.847792049821955,56.11926222860258,55.229965460390865,55.2861328125,1603500,0.0,0.0
2024-10-11 00:00:00-04:00,55.342297272304556,55.66993480721199,55.342297272304556,55.548240661621094,979100,0.0,0.0
2024-10-14 00:00:00-04:00,55.52951732340289,56.0818171187921,55.454631091811336,55.9133186340332,1143400,0.0,0.0
2024-10-15 00:00:00-04:00,56.23158534628072,56.971105974394575,56.184781011666054,56.48433303833008,1460700,0.0,0.0
2024-10-16 00:00:00-04:00,56.521782179601466,57.336189090078385,56.40944748295892,57.24258041381836,1382200,0.0,0.0
2024-10-17 00:00:00-04:00,57.32683036147221,57.34554924020258,56.79324947316091,56.89622116088867,1133200,0.0,0.0
2024-10-18 00:00:00-04:00,56.72771984357263,57.607657079398464,56.53113948827016,57.21449279785156,1713700,0.0,0.0
2024-10-21 00:00:00-04:00,57.27066429917442,57.37363598921568,56.76516885948582,57.28938674926758,1972800,0.0,0.0
2024-10-22 00:00:00-04:00,57.07408650807496,57.69191310529215,56.71836708211889,57.5795783996582,1581300,0.0,0.0
2024-10-23 00:00:00-04:00,57.70126810979955,58.01018317013307,57.560855094964225,58.00082015991211,1267700,0.0,0.0
2024-10-24 00:00:00-04:00,58.03826418647805,58.131872861627805,57.53276877040844,57.70126724243164,1004100,0.0,0.0
2024-10-25 00:00:00-04:00,57.91657347985559,57.91657347985559,56.868141258169636,56.886863708496094,1368000,0.0,0.0
2024-10-28 00:00:00-04:00,57.28002122098657,57.38299290650167,57.045995961522095,57.07408142089844,908400,0.0,0.0
2024-10-29 00:00:00-04:00,56.7183666704896,56.7183666704896,55.97884593300717,56.081817626953125,1286000,0.0,0.0
2024-10-30 00:00:00-04:00,56.15670221764878,56.39072747455174,56.00692619606857,56.22222900390625,1839200,0.0,0.0
2024-10-31 00:00:00-04:00,56.269034222169466,56.92430566594653,56.184784985527536,56.577945709228516,2244500,0.0,0.0
2024-11-01 00:00:00-04:00,56.46561237210187,57.008552669401865,55.69800983318543,55.77289962768555,1334300,0.0,0.0
2024-11-04 00:00:00-05:00,55.55759567605169,55.98820487131625,55.445264550346295,55.969482421875,1879600,0.0,0.0
2024-11-05 00:00:00-05:00,55.857153061007004,57.1957779709213,55.53888210292908,57.1583366394043,2384500,0.0,0.0
2024-11-06 00:00:00-05:00,56.9149424830628,57.66382260041717,56.74644401029031,57.14896774291992,1992500,0.0,0.0
2024-11-07 00:00:00-05:00,57.18641367639717,58.0757103941358,56.53114222275071,57.485965728759766,3282800,0.0,0.0
2024-11-08 00:00:00-05:00,57.326829409607804,58.56248249993961,57.20513527422816,58.51567459106445,3095600,0.0,0.0
2024-11-11 00:00:00-05:00,58.412706733603265,59.66708227882882,58.3378169358264,59.236473083496094,2435400,0.0,0.0
2024-11-12 00:00:00-05:00,59.4236952104038,59.97599498189557,59.16158805476099,59.61091613769531,2430300,0.0,0.0
2024-11-13 00:00:00-05:00,59.81685873059386,59.81685873059386,58.82459032861729,59.33008575439453,2317100,0.0,0.0
2024-11-14 00:00:00-05:00,59.33008786623152,59.4049740962666,58.70289828134429,58.787147521972656,1977200,0.0,0.0
2024-11-15 00:00:00-05:00,59.03053834239854,59.75133663855802,58.79651306069517,59.68580627441406,1931000,0.0,0.0
2024-11-18 00:00:00-05:00,59.51730979198299,60.04152412381239,59.42369753919751,59.78877639770508,1493000,0.0,0.0
2024-11-19 00:00:00-05:00,59.47050032185487,59.91046897106262,58.97436789338977,59.891746520996094,1260000,0.0,0.0
2024-11-20 00:00:00-05:00,59.95727625207121,60.303629076366974,59.66708363550082,60.25682830810547,1583700,0.0,0.0
2024-11-21 00:00:00-05:00,60.25493830268684,61.19139810396017,59.95224502737168,61.068424224853516,1780900,0.668,0.0
2024-11-22 00:00:00-05:00,61.43732308183149,61.43732308183149,60.75626871748218,60.784645080566406,1897100,0.0,0.0
2024-11-25 00:00:00-05:00,61.049511282225204,61.4278796943827,60.813031926723916,61.00221252441406,2099900,0.0,0.0
2024-11-26 00:00:00-05:00,61.27652973448138,61.3805812287394,60.76573345815398,61.333282470703125,1630300,0.0,0.0
2024-11-27 00:00:00-05:00,61.27652380165214,61.929209072117764,61.27652380165214,61.48462677001953,1543400,0.0,0.0
2024-11-29 00:00:00-05:00,61.36166128608825,61.49408913816383,61.06842199925518,61.13463592529297,757500,0.0,0.0
2024-12-02 00:00:00-05:00,61.27652130951066,61.28598250317254,59.829269000622496,60.1697998046875,1836800,0.0,0.0
2024-12-03 00:00:00-05:00,60.45357853926883,60.746814220887885,59.79143566333481,59.82927322387695,1186400,0.0,0.0
2024-12-04 00:00:00-05:00,59.857652873964454,60.03737949220551,59.611715933724824,59.87657165527344,1646400,0.0,0.0
2024-12-05 00:00:00-05:00,59.829274810503165,60.358989846975696,59.71576573425494,59.89548873901367,1757400,0.0,0.0
2024-12-06 00:00:00-05:00,60.1225109457326,60.1225109457326,59.517120781679715,59.55495834350586,1407700,0.0,0.0
2024-12-09 00:00:00-05:00,59.33739428757951,59.772515397837154,59.081996172848726,59.09145736694336,1479000,0.0,0.0
2024-12-10 00:00:00-05:00,59.28063975922901,59.43199000226066,58.259050877484135,58.98740768432617,2530700,0.0,0.0
2024-12-11 00:00:00-05:00,59.0914592811993,59.27118228254826,58.61850059601829,58.90227508544922,3217300,0.0,0.0
2024-12-12 00:00:00-05:00,59.072541892253064,59.36577397460386,58.6090407821669,58.7603874206543,2583500,0.0,0.0
2024-12-13 00:00:00-05:00,58.9684856096981,59.24280249728578,58.533364510455144,58.56174087524414,1820400,0.0,0.0
2024-12-16 00:00:00-05:00,58.56174481699702,58.67525389218145,57.937439490900005,58.098243713378906,1778900,0.0,0.0
2024-12-17 00:00:00-05:00,57.68204220029813,58.561745664583725,57.615828271449836,58.173919677734375,2032100,0.0,0.0
2024-12-18 00:00:00-05:00,58.032028958583844,58.382020982030454,57.21854305490038,57.22800064086914,3753000,0.0,0.0
2024-12-19 00:00:00-05:00,57.076655169652575,57.97527740730725,56.97260367993414,57.256378173828125,2295500,0.0,0.0
2024-12-20 00:00:00-05:00,57.32258725254736,58.154995491483405,57.22799696538133,58.10770034790039,3325600,0.0,0.0
2024-12-23 00:00:00-05:00,58.060414641235205,58.107709792505396,57.40772928518489,58.003658294677734,1187000,0.0,0.0
2024-12-24 00:00:00-05:00,57.98473304519472,58.42931535600346,57.729334926754916,58.410396575927734,501600,0.0,0.0
2024-12-26 00:00:00-05:00,58.306343501670106,58.457690129765496,58.09824053489335,58.344181060791016,985100,0.0,0.0
2024-12-27 00:00:00-05:00,58.107703838472496,58.675252812338066,57.79554937697458,58.363101959228516,945300,0.0,0.0
2024-12-30 00:00:00-05:00,58.3158108521028,58.36310600180281,57.71988186239452,58.192840576171875,3090200,0.0,0.0
2024-12-31 00:00:00-05:00,58.30634700337433,58.59958269158986,57.87122587251654,58.221214294433594,1669800,0.0,0.0
2025-01-02 00:00:00-05:00,58.7130878152412,58.911729586602306,57.92797831531425,58.30634307861328,1634100,0.0,0.0
2025-01-03 00:00:00-05:00,58.344184564767644,58.54282634949988,58.126623999338754,58.221214294433594,1220600,0.0,0.0
2025-01-06 00:00:00-05:00,58.03202583562251,58.12661973216151,56.93476189448756,57.01043701171875,1385700,0.0,0.0
2025-01-07 00:00:00-05:00,57.0198980853882,57.66312218765,57.010440499349826,57.265838623046875,1227300,0.0,0.0
2025-01-08 00:00:00-05:00,57.19961953089074,57.644198202320254,56.5280155143781,57.615821838378906,3044000,0.0,0.0
2025-01-10 00:00:00-05:00,57.28475913707623,57.72933786210199,56.56585989119829,56.66045379638672,1513300,0.0,0.0
2025-01-13 00:00:00-05:00,56.991525612357336,57.42664676761682,56.442891766552066,57.38880920410156,1432700,0.0,0.0
2025-01-14 00:00:00-05:00,57.25637311417586,58.1077001290159,57.25637311417586,57.89959716796875,2050000,0.0,0.0
2025-01-15 00:00:00-05:00,58.646874316981794,58.74146460639582,58.11715931445381,58.344181060791016,1397100,0.0,0.0
2025-01-16 00:00:00-05:00,58.34418408954982,59.55495717716651,58.30634652846469,59.526580810546875,1606100,0.0,0.0
2025-01-17 00:00:00-05:00,59.81981956575044,59.914409864928295,59.44145115226179,59.744144439697266,1664200,0.0,0.0
2025-01-21 00:00:00-05:00,60.302229772347765,60.64276058840432,60.10358799911086,60.188720703125,1277400,0.0,0.0
2025-01-22 00:00:00-05:00,59.904946647056676,59.961699377872954,59.186047450685415,59.46982192993164,2639900,0.0,0.0
2025-01-23 00:00:00-05:00,59.62117141644519,60.169805229881376,59.29010177619125,59.64955139160156,2132800,0.0,0.0
2025-01-24 00:00:00-05:00,59.59279356128111,60.31168916575807,59.46982329437735,60.08467102050781,1621300,0.0,0.0
2025-01-27 00:00:00-05:00,60.46303588814426,60.79410552061901,59.43198943032622,60.75627517700195,2519500,0.0,0.0
2025-01-28 00:00:00-05:00,60.964370743127404,60.964370743127404,59.7630588756869,59.79143524169922,1622100,0.0,0.0
2025-01-29 00:00:00-05:00,59.79144023786398,60.122513505354966,59.450909383708066,59.611717224121094,1384500,0.0,0.0
2025-01-30 00:00:00-05:00,59.90494999463819,60.92654250707869,59.90494999463819,60.77519226074219,2077400,0.0,0.0
2025-01-31 00:00:00-05:00,60.79411041128955,60.95492186009405,60.41574560207864,60.699520111083984,3105500,0.0,0.0
2025-02-03 00:00:00-05:00,60.20763595950143,61.55083675713625,60.09412328853294,61.361656188964844,1774600,0.0,0.0
2025-02-04 00:00:00-05:00,60.88870346134404,61.229234290523834,60.396822389516885,60.83194351196289,1369100,0.0,0.0
2025-02-05 00:00:00-05:00,61.27652644101253,61.54138215151494,60.94545680288451,61.45625305175781,1407300,0.0,0.0
2025-02-06 00:00:00-05:00,61.721114554223604,62.05218422341949,61.17248069282612,61.97650909423828,2285500,0.0,0.0
2025-02-07 00:00:00-05:00,61.91028381519967,62.24136064050251,61.58867540028129,61.683265686035156,1044600,0.0,0.0
2025-02-10 00:00:00-05:00,61.87246392628314,62.26028632842074,61.21977857580538,62.241371154785156,1287500,0.0,0.0
2025-02-11 00:00:00-05:00,61.891377172573875,62.6670291694721,61.59814508130052,62.63865280151367,1461700,0.0,0.0
2025-02-12 00:00:00-05:00,61.8724591672234,62.93188201198644,61.79678404494693,62.8372917175293,1289900,0.0,0.0
2025-02-13 00:00:00-05:00,62.960253091145724,63.43321174048853,62.818371269763894,63.27240753173828,1894700,0.0,0.0
2025-02-14 00:00:00-05:00,63.28187349477652,64.21832967035564,62.96971903065787,63.05485534667969,1706800,0.0,0.0
2025-02-18 00:00:00-05:00,62.94134150204331,63.48051410430307,62.83729001592505,63.44267654418945,2216600,0.0,0.0
2025-02-19 00:00:00-05:00,63.423768021717564,63.7453764912349,63.14945109471766,63.62240982055664,1552700,0.0,0.0
2025-02-20 00:00:00-05:00,63.45214132963918,63.80212615113913,62.506223923592486,63.612945556640625,1819900,0.0,0.0
2025-02-21 00:00:00-05:00,63.53726923367601,64.68182840739033,63.480516499752355,64.37913513183594,2284300,0.0,0.0
2025-02-24 00:00:00-05:00,64.37913732829809,65.08857539365586,63.991314938626644,64.69129180908203,3005200,0.0,0.0
2025-02-25 00:00:00-05:00,64.85209790856959,65.32505663244604,64.71021606482857,65.08857727050781,2469900,0.0,0.0
2025-02-26 00:00:00-05:00,65.04128369276062,65.81693568697335,64.95614737240288,65.3628921508789,3112900,0.0,0.0
2025-02-27 00:00:00-05:00,64.8993876807716,66.11962188541506,64.36021509888509,64.85208892822266,3599100,0.0,0.0
2025-02-28 00:00:00-05:00,65.6750403388384,65.95881842380695,64.49264367943023,65.18316650390625,3432600,0.0,0.0
2025-03-03 00:00:00-05:00,65.03182435491172,65.81693756642305,64.91831166345239,65.76017761230469,2021400,0.0,0.0
2025-03-04 00:00:00-05:00,66.05341340583458,66.14800370195191,64.01022836917062,64.03860473632812,2540600,0.0,0.0
2025-03-05 00:00:00-05:00,63.50889153137827,63.99131140991681,62.988634092093875,63.348087310791016,2593800,0.0,0.0
2025-03-06 00:00:00-05:00,63.15889953771341,63.19673709847762,62.0900155090375,62.17515182495117,3899800,0.0,0.0
2025-03-07 00:00:00-05:00,62.222448764372146,63.25350253855842,62.099482093797285,62.241371154785156,3050300,0.0,0.0
2025-03-10 00:00:00-04:00,62.24900908587459,62.51658118780579,61.140491405221304,62.17255783081055,4724400,0.668,0.0
2025-03-11 00:00:00-04:00,62.43057954181854,63.615544842538156,62.05788878360194,62.67903518676758,3241700,0.0,0.0
2025-03-12 00:00:00-04:00,62.46880292028702,63.7206612019991,62.430577293795984,63.35752868652344,4709900,0.0,0.0
2025-03-13 00:00:00-04:00,63.35752714746169,64.10290861894835,63.08994776852441,63.65376663208008,2703100,0.0,0.0
2025-03-14 00:00:00-04:00,63.57730690583688,64.51381638029528,63.34796047382749,64.45647430419922,2145800,0.0,0.0
2025-03-17 00:00:00-04:00,64.4087150298862,65.03941970985068,63.892679951300565,64.6380615234375,4126000,0.0,0.0
2025-03-18 00:00:00-04:00,64.50426586632688,64.6571683664793,63.91177961442494,64.12201690673828,1864400,0.0,0.0
2025-03-19 00:00:00-04:00,63.95957351281808,64.94385981704895,63.78756181852963,64.75273895263672,1716100,0.0,0.0
2025-03-20 00:00:00-04:00,64.87696365859452,65.11586837299228,64.5711659157971,64.95341491699219,1567300,0.0,0.0
2025-03-21 00:00:00-04:00,64.905616231195,65.383425550843,63.95955581971361,64.45647430419922,3434200,0.0,0.0
2025-03-24 00:00:00-04:00,64.69538706936558,64.8960734246573,64.2366941478796,64.51382446289062,1800100,0.0,0.0
2025-03-25 00:00:00-04:00,64.39914379516291,64.39914379516291,62.9561575125863,63.2332878112793,2048100,0.0,0.0
2025-03-26 00:00:00-04:00,63.39573680549156,64.53292531525628,63.38618586850259,64.34180450439453,1872800,0.0,0.0
2025-03-27 00:00:00-04:00,64.36091989776583,64.94384790533677,64.14113167308372,64.3322525024414,3041200,0.0,0.0
2025-03-28 00:00:00-04:00,64.65717005250507,65.11586298333843,64.48515838074438,64.85784912109375,1719500,0.0,0.0
2025-03-31 00:00:00-04:00,65.23054343080624,66.13837840373476,65.14453394482318,65.8899154663086,2530200,0.0,0.0
2025-04-01 00:00:00-04:00,65.69877985521508,66.05236136784806,65.25919616671516,65.9472427368164,1736500,0.0,0.0
2025-04-02 00:00:00-04:00,66.03324639474897,66.43460447271906,65.47898583519508,66.34860229492188,1285200,0.0,0.0
2025-04-03 00:00:00-04:00,66.63529248613006,67.17999483164972,66.07147368453359,66.13836669921875,1937300,0.0,0.0
2025-04-04 00:00:00-04:00,65.93769592977914,66.147933228256,62.85104405729141,63.24285125732422,4851200,0.0,0.0
2025-04-07 00:00:00-04:00,62.62170004559376,63.53909323698329,61.092711393277874,61.50362777709961,3915600,0.0,0.0
2025-04-08 00:00:00-04:00,62.526136359412796,63.443529502935384,61.035369767141376,61.646968841552734,2941200,0.0,0.0
2025-04-09 00:00:00-04:00,61.11182691140138,62.526142388728395,59.19103095869751,62.277679443359375,5439400,0.0,0.0
2025-04-10 00:00:00-04:00,62.13433014693979,63.338411856573984,61.39850689098111,62.57392120361328,2810900,0.0,0.0
2025-04-11 00:00:00-04:00,62.793715327441575,63.93090412040691,61.8094290538771,63.56776428222656,2545100,0.0,0.0
2025-04-14 00:00:00-04:00,63.672877825777356,64.7527317326025,63.32885447555961,64.59027099609375,2019500,0.0,0.0
2025-04-15 00:00:00-04:00,64.74317224298906,65.18275600620132,64.58071880043528,64.85784912109375,2249300,0.0,0.0
2025-04-16 00:00:00-04:00,64.7909518498366,65.42165641107485,64.25580041123108,64.43737030029297,3397300,0.0,0.0
2025-04-17 00:00:00-04:00,64.6762835078683,66.16704656809655,64.60939048057071,65.33566284179688,1975900,0.0,0.0
2025-04-21 00:00:00-04:00,65.26876316528936,65.31653972803863,63.56775567582357,63.97867202758789,1620800,0.0,0.0
2025-04-22 00:00:00-04:00,64.56159769694624,65.4312142223894,64.21757437817665,65.32609558105469,1373200,0.0,0.0
2025-04-23 00:00:00-04:00,65.32610870492248,65.70835772376967,64.42782460425062,65.08720397949219,1644400,0.0,0.0
2025-04-24 00:00:00-04:00,64.95340955948669,65.49811197175357,64.49470933772858,65.24964904785156,1397300,0.0,0.0
2025-04-25 00:00:00-04:00,65.42165407886722,65.57455656753005,64.64760527968944,64.86739349365234,1972300,0.0,0.0
2025-04-28 00:00:00-04:00,65.45989140216274,66.10015428360519,64.89607977871756,65.9568099975586,1617000,0.0,0.0
2025-04-29 00:00:00-04:00,65.89946876319416,66.10970605675664,65.53633625936332,65.85169219970703,1667900,0.0,0.0
2025-04-30 00:00:00-04:00,65.82302683681264,66.25305971386825,65.33566644992727,66.03326416015625,2100700,0.0,0.0
2025-05-01 00:00:00-04:00,65.803906458633,66.38683446832647,65.17319459602997,65.39299011230469,1567900,0.0,0.0
2025-05-02 00:00:00-04:00,65.73702142942051,66.31994950996933,65.1445351189695,66.17660522460938,1598200,0.0,0.0
2025-05-05 00:00:00-04:00,65.82302053337209,66.55885109460903,65.58411583259517,66.37728118896484,1602900,0.0,0.0
2025-05-06 00:00:00-04:00,66.0428191691516,66.65441464861377,66.00459354033606,66.17660522460938,1799600,0.0,0.0
2025-05-07 00:00:00-04:00,66.16704453491454,67.23734022958118,66.16704453491454,66.5492935180664,2480900,0.0,0.0
2025-05-08 00:00:00-04:00,65.56500515161574,66.12881673285914,63.443530291141336,63.60598373413086,6286800,0.0,0.0
2025-05-09 00:00:00-04:00,64.02645838422269,64.07424223963248,63.02305574695884,63.63465118408203,2910400,0.0,0.0
2025-05-12 00:00:00-04:00,63.214182062917914,63.4244193554167,62.229895912394035,62.449684143066406,3678100,0.0,0.0
2025-05-13 00:00:00-04:00,62.44968344644404,62.573918549239764,61.637408972408004,61.88587188720703,2253700,0.0,0.0
2025-05-14 00:00:00-04:00,61.704301803343434,61.857204301455546,60.4811109816161,61.21693420410156,5207700,0.0,0.0
2025-05-15 00:00:00-04:00,61.44629248146489,62.898829866657906,61.36984122677238,62.78415298461914,1703600,0.0,0.0
2025-05-16 00:00:00-04:00,63.05172929889344,64.15068504559534,62.784149920528485,63.959564208984375,2692900,0.0,0.0
2025-05-19 00:00:00-04:00,63.62509357702885,64.20802155612603,63.52953316701776,64.14112854003906,2077100,0.0,0.0
2025-05-20 00:00:00-04:00,64.07424444566021,64.9438537758752,64.07424444566021,64.48516082763672,2360300,0.0,0.0
2025-05-21 00:00:00-04:00,64.1029112518903,64.38004158050651,63.31930412265556,63.36708068847656,1752600,0.0,0.0
2025-05-22 00:00:00-04:00,63.080394242310106,63.30018246678659,62.344563739307596,62.994384765625,1765100,0.0,0.0
2025-05-23 00:00:00-04:00,63.4365513227708,63.581363065694106,62.50976647966535,63.523441314697266,1503000,0.668,0.0
2025-05-27 00:00:00-04:00,63.9482053848575,64.13163406146555,63.446199750759575,63.93855667114258,2052100,0.0,0.0
2025-05-28 00:00:00-04:00,63.75512833750218,63.8806279053442,62.93453837606973,63.55239486694336,2533100,0.0,0.0
2025-05-29 00:00:00-04:00,63.581355397071725,64.09301711031489,63.137271506984625,63.93855667114258,1764200,0.0,0.0
2025-05-30 00:00:00-04:00,63.93856259152487,64.38264652273186,63.62963431914475,64.11233520507812,2941500,0.0,0.0
2025-06-02 00:00:00-04:00,63.8130489791248,64.25713286392698,63.552393768747734,64.19921112060547,1631200,0.0,0.0
2025-06-03 00:00:00-04:00,64.19921052354796,64.21851531599886,62.88626367398235,63.726165771484375,2180400,0.0,0.0
2025-06-04 00:00:00-04:00,63.5234325048729,63.75512684215865,62.76076430565086,62.799381256103516,2499600,0.0,0.0
2025-06-05 00:00:00-04:00,62.731804822596054,63.05038178137863,62.46148616344457,62.818687438964844,1590500,0.0,0.0
2025-06-06 00:00:00-04:00,62.85730758536842,63.214508879045574,62.558035404312065,62.98280715942383,1769800,0.0,0.0
2025-06-09 00:00:00-04:00,62.992456028134015,65.59903746933313,62.992456028134015,64.99083709716797,5517100,0.0,0.0
2025-06-10 00:00:00-04:00,64.99084706775756,65.70524231750102,64.85569140876369,65.60870361328125,2877400,0.0,0.0
2025-06-11 00:00:00-04:00,65.60869844738126,65.84039279235172,65.10669280570681,65.17427062988281,2702800,0.0,0.0
2025-06-12 00:00:00-04:00,65.31907959585354,65.62800783122958,64.91360530251052,65.5797348022461,2118600,0.0,0.0
2025-06-13 00:00:00-04:00,65.53147001015428,65.80178869483701,65.26115869090258,65.63766479492188,1957700,0.0,0.0
2025-06-16 00:00:00-04:00,65.92728684902347,66.15898120831129,64.67226161913867,64.88465118408203,2212100,0.0,0.0
2025-06-17 00:00:00-04:00,64.96188209095132,64.97153817039286,63.89994168072922,64.430908203125,1657200,0.0,0.0
2025-06-18 00:00:00-04:00,64.43091397561675,64.67226442526439,63.89994740565062,64.47918701171875,3066500,0.0,0.0
2025-06-20 00:00:00-04:00,64.79776336359234,65.43492464188122,64.57571773657284,64.86534118652344,2769000,0.0,0.0
2025-06-23 00:00:00-04:00,65.1742741643876,66.1493246281725,65.068079382719,66.10105895996094,2309900,0.0,0.0
2025-06-24 00:00:00-04:00,65.98519897101181,66.67063323442152,65.9658941794837,66.40032196044922,2635000,0.0,0.0
2025-06-25 00:00:00-04:00,66.13967778565305,66.20725561540647,65.63766473711541,65.83074951171875,2600200,0.0,0.0
2025-06-26 00:00:00-04:00,66.02382232143867,66.49686709675858,65.78247189407111,66.09140014648438,2214900,0.0,0.0
2025-06-27 00:00:00-04:00,66.2844754217955,66.8057857887269,65.66661163995971,65.94657897949219,2941800,0.0,0.0
2025-06-30 00:00:00-04:00,65.80177947426854,66.68029113873385,65.51215603540788,66.54513549804688,2033000,0.0,0.0
2025-07-01 00:00:00-04:00,66.9023404011287,67.37538516929777,66.31344477801946,67.05680084228516,2621600,0.0,0.0
2025-07-02 00:00:00-04:00,66.8057964994192,66.96026431100069,65.94658955243145,66.59341430664062,2297700,0.0,0.0
2025-07-03 00:00:00-04:00,66.40997682810327,67.8580792254921,66.33274293253942,67.75188446044922,1782400,0.0,0.0
2025-07-07 00:00:00-04:00,67.60708289789548,67.90635508134993,66.63202507494186,66.90234375,2493500,0.0,0.0
2025-07-08 00:00:00-04:00,66.45824766918356,66.70925416661724,65.7341964140493,66.30378723144531,2313900,0.0,0.0
2025-07-09 00:00:00-04:00,66.44860293075088,66.6706412043009,65.89832423854642,66.42929077148438,2232400,0.0,0.0
2025-07-10 00:00:00-04:00,66.05278671562522,67.10507846507093,65.86936538954016,67.0181884765625,2092200,0.0,0.0
2025-07-11 00:00:00-04:00,66.80579866854653,66.90234473663506,66.31344907536332,66.57410430908203,3393000,0.0,0.0
2025-07-14 00:00:00-04:00,66.46790161400092,66.9988754635556,65.42526607238263,66.13001251220703,2623100,0.0,0.0
2025-07-15 00:00:00-04:00,65.91761651758044,66.18792777254605,64.97152712520081,65.38665008544922,2492200,0.0,0.0
2025-07-16 00:00:00-04:00,65.38666409453083,65.81143585815722,65.14531365582663,65.71489715576172,2796400,0.0,0.0
2025-07-17 00:00:00-04:00,65.51216341698694,65.9562473386284,65.29977385328213,65.49285125732422,2495100,0.0,0.0
2025-07-18 00:00:00-04:00,66.03347349751424,66.70925169779106,65.64731136931462,66.51617431640625,1980500,0.0,0.0
2025-07-21 00:00:00-04:00,66.63201446126288,67.16298828161798,66.38101535112193,66.6706314086914,1557400,0.0,0.0
2025-07-22 00:00:00-04:00,66.11070499202926,67.65534608322463,65.6473089819558,67.36572265625,3119300,0.0,0.0
2025-07-23 00:00:00-04:00,67.47192506327896,67.655353745499,66.86372463626644,67.14369201660156,1665400,0.0,0.0
2025-07-24 00:00:00-04:00,67.67465579190328,67.71327274266788,67.05679931053008,67.35607147216797,1807200,0.0,0.0
2025-07-25 00:00:00-04:00,67.48158661854642,67.58778140471941,66.87337877675003,67.38504791259766,1410800,0.0,0.0
2025-07-28 00:00:00-04:00,67.38503852955175,67.38503852955175,65.96589691687709,65.99485778808594,1751400,0.0,0.0
2025-07-29 00:00:00-04:00,66.2168890869113,67.38503144941934,65.69557872906572,67.29814147949219,2170300,0.0,0.0
2025-07-30 00:00:00-04:00,67.48157560543814,68.30216552022769,67.23056911859113,67.73258209228516,2167700,0.0,0.0
2025-07-31 00:00:00-04:00,67.33677379859132,68.39871427788434,67.1340403097161,68.35044860839844,2480900,0.0,0.0
2025-08-01 00:00:00-04:00,68.5435271067951,69.15172758308891,67.93532663050128,69.07450103759766,2412100,0.0,0.0
2025-08-04 00:00:00-04:00,69.36410758488934,70.75428832795758,69.12275717063055,70.59017181396484,2824200,0.0,0.0
2025-08-05 00:00:00-04:00,70.455017709376,70.87014072558121,70.03023861406919,70.512939453125,6503100,0.0,0.0
2025-08-06 00:00:00-04:00,70.48398100560827,71.11149359105072,70.04954581625708,70.7156753540039,2903400,0.0,0.0
2025-08-07 00:00:00-04:00,71.3914440285959,71.41075618487262,69.64406952245926,70.34881591796875,3368200,0.0,0.0
2025-08-08 00:00:00-04:00,70.54189545510832,70.92805757278015,69.69234468857411,69.91438293457031,2644700,0.0,0.0
2025-08-11 00:00:00-04:00,69.86611727325494,70.11711638912632,69.51857210389326,69.91438293457031,2250700,0.0,0.0
2025-08-12 00:00:00-04:00,70.03989992255588,70.1460947043114,69.32549732430407,70.11712646484375,1704600,0.0,0.0
2025-08-13 00:00:00-04:00,70.23297209028446,70.8701407333142,69.94334864064726,70.73497772216797,1438400,0.0,0.0
2025-08-14 00:00:00-04:00,70.74464119875866,70.84117990358897,70.23297943427005,70.29090118408203,1885100,0.0,0.0
2025-08-15 00:00:00-04:00,70.29089361289678,70.29089361289678,69.3061871450028,69.46064758300781,2124800,0.0,0.0
2025-08-18 00:00:00-04:00,69.47030275494126,69.6247705563595,68.68832976519433,68.9586410522461,3502100,0.0,0.0
2025-08-19 00:00:00-04:00,69.07449426023804,70.03989595575258,69.07449426023804,69.99162292480469,1228000,0.0,0.0
2025-08-20 00:00:00-04:00,70.35847659360142,70.86048962613896,70.01093137582338,70.08816528320312,1586700,0.0,0.0
2025-08-21 00:00:00-04:00,70.0012820462667,70.25228119489876,69.7502755322039,70.03024291992188,1816900,0.0,0.0
2025-08-22 00:00:00-04:00,70.36932151697722,70.72009690146828,70.09649786990347,70.44727325439453,1117000,0.668,0.0
2025-08-25 00:00:00-04:00,70.3206057946401,70.3206057946401,69.79444267321878,69.81393432617188,1234300,0.0,0.0
2025-08-26 00:00:00-04:00,69.84316032103042,70.1354756272736,69.4826391011821,69.92111206054688,2951200,0.0,0.0
2025-08-27 00:00:00-04:00,69.90162513734616,70.3985582180207,69.80418917330287,70.21342468261719,1751200,0.0,0.0
2025-08-28 00:00:00-04:00,70.2134172581102,70.3303448629305,69.29751037228812,69.38520050048828,1664800,0.0,0.0
2025-08-29 00:00:00-04:00,69.38520012041825,69.88213314582404,69.27801834172509,69.43392181396484,1218400,0.0,0.0
2025-09-02 00:00:00-04:00,69.1805791167822,69.66776629366095,68.95646974450797,69.44365692138672,1504700,0.0,0.0
2025-09-03 00:00:00-04:00,69.14161133291891,69.64829021907774,68.88827188983952,69.56059265136719,3180000,0.0,0.0
2025-09-04 00:00:00-04:00,70.00880537954953,70.22316895603612,69.04417671924726,69.7457275390625,3794400,0.0,0.0
2025-09-05 00:00:00-04:00,69.94059307222908,70.09649654411498,69.47289752434477,69.76520538330078,2182800,0.0,0.0
2025-09-08 00:00:00-04:00,70.00880045997427,70.00880045997427,68.61544474461107,68.95647430419922,2212800,0.0,0.0
2025-09-09 00:00:00-04:00,68.61544783455294,69.58008390439703,68.61544783455294,69.27802276611328,1511100,0.0,0.0
2025-09-10 00:00:00-04:00,69.40469613051735,69.89188336103545,69.18058673356867,69.77495574951172,1588000,0.0,0.0
2025-09-11 00:00:00-04:00,69.9016185263602,70.48624168921634,69.53135892445822,70.44727325439453,2090200,0.0,0.0
2025-09-12 00:00:00-04:00,70.44728020432456,70.86626154191838,70.35958263260662,70.66163635253906,1206800,0.0,0.0
2025-09-15 00:00:00-04:00,70.61291278554171,70.7688088213334,70.3108591053983,70.35957336425781,1624600,0.0,0.0
2025-09-16 00:00:00-04:00,70.17445085953247,70.26214843345375,69.46316161074589,69.52162170410156,2022600,0.0,0.0
2025-09-17 00:00:00-04:00,69.77495440742528,70.27188745448389,69.68725684199751,69.92111206054688,2133400,0.0,0.0
2025-09-18 00:00:00-04:00,69.53135902512783,70.23290979512568,69.37545555006749,69.45340728759766,2379700,0.0,0.0
2025-09-19 00:00:00-04:00,69.82367728474344,70.7493300470336,69.50213192921173,70.43753051757812,2782600,0.0,0.0
2025-09-22 00:00:00-04:00,70.34983207855788,70.56419564625496,69.60931285146066,70.36932373046875,2022800,0.0,0.0
2025-09-23 00:00:00-04:00,70.15495946552392,71.66524281646151,69.97957176950462,71.41190338134766,3523900,0.0,0.0
2025-09-24 00:00:00-04:00,71.47036868635728,71.86986580296666,71.16831496767338,71.8211441040039,1864200,0.0,0.0
2025-09-25 00:00:00-04:00,72.10370786902848,72.65910099715066,71.5677989586093,71.62626647949219,3988000,0.0,0.0
2025-09-26 00:00:00-04:00,71.88934367249965,72.48371266468651,71.36318059250374,72.17191314697266,2182200,0.0,0.0
2025-09-29 00:00:00-04:00,72.35704818027166,73.15603492575218,71.78216339358546,73.13654327392578,2459000,0.0,0.0
2025-09-30 00:00:00-04:00,73.0098730484428,74.22784103107804,73.0098730484428,74.07193756103516,2237400,0.0,0.0
2025-10-01 00:00:00-04:00,74.05245616351064,74.50066750611809,73.57501477762897,74.27656555175781,1754000,0.0,0.0
2025-10-02 00:00:00-04:00,73.80886821651639,74.14989780400663,73.42886275704335,74.14015197753906,1725200,0.0,0.0
2025-10-03 00:00:00-04:00,74.14989915285886,75.47504908883013,74.14989915285886,74.65657806396484,2723100,0.0,0.0
2025-10-06 00:00:00-04:00,74.67605893150049,75.71863931907514,74.66631310529309,75.49453735351562,2480800,0.0,0.0
2025-10-07 00:00:00-04:00,75.66017421708902,76.1765914635598,75.45555648361305,75.69915008544922,1518300,0.0,0.0
2025-10-08 00:00:00-04:00,75.98172131092346,75.98172131092346,75.2606788804329,75.83556365966797,2860500,0.0,0.0
2025-10-09 00:00:00-04:00,76.37146494906443,76.54685264336489,74.66630970098825,74.72477722167969,2416400,0.0,0.0
2025-10-10 00:00:00-04:00,74.87092634924193,75.85504658815714,74.71503030873605,75.48478698730469,1590600,0.0,0.0
2025-10-13 00:00:00-04:00,75.53350250440077,76.00120550147395,75.06580694121455,75.5042724609375,1644300,0.0,0.0
2025-10-14 00:00:00-04:00,75.71863808797656,76.3227529269301,75.51402034427143,76.08889770507812,1456400,0.0,0.0
2025-10-15 00:00:00-04:00,76.19607903899113,76.86839978853394,76.01095294847957,76.63455200195312,2024300,0.0,0.0
2025-10-16 00:00:00-04:00,76.91712446884523,77.28738409812081,75.42633269148608,75.51402282714844,2073900,0.0,0.0
2025-10-17 00:00:00-04:00,75.77710241107053,76.04993351847752,75.25094671721884,75.98172760009766,1522500,0.0,0.0
2025-10-20 00:00:00-04:00,76.34223669331179,76.75147217829998,75.9037711642369,76.63455200195312,2824500,0.0,0.0
2025-10-21 00:00:00-04:00,76.63455080609421,76.78070845813413,75.6894064146413,76.11813354492188,1253100,0.0,0.0
2025-10-22 00:00:00-04:00,76.3227502702461,77.11199117333453,76.13761675119598,76.7125015258789,1691700,0.0,0.0
2025-10-23 00:00:00-04:00,76.85864863803727,76.89762450541514,75.57247475011393,75.8940200805664,1192700,0.0,0.0
2025-10-24 00:00:00-04:00,76.11813033898856,76.73198353103767,75.8550450896199,75.96222686767578,1600600,0.0,0.0
2025-10-27 00:00:00-04:00,76.0206913206467,76.40070419533562,75.41658391931414,76.30326080322266,1326400,0.0,0.0
2025-10-28 00:00:00-04:00,76.71250349165007,76.71250349165007,75.47504378084732,75.68940734863281,1458100,0.0,0.0
2025-10-29 00:00:00-04:00,75.5237616395506,75.77709363052847,74.86118675182638,74.96836853027344,1752500,0.0,0.0
2025-10-30 00:00:00-04:00,75.17299851803544,75.90377943538402,74.96838075324438,75.75762176513672,4578800,0.0,0.0
2025-10-31 00:00:00-04:00,75.4360743806881,75.4360743806881,74.69555508977461,74.84170532226562,2907000,0.0,0.0
2025-11-03 00:00:00-05:00,74.84169801451382,75.31914684032405,74.05245710057521,75.28990936279297,1494300,0.0,0.0
2025-11-04 00:00:00-05:00,75.51402252790636,75.65043436098773,74.88067762637871,75.06581115722656,2153800,0.0,0.0
2025-11-05 00:00:00-05:00,75.08528858314077,75.26067627179077,74.04270827668981,74.80271911621094,4748700,0.0,0.0
2025-11-06 00:00:00-05:00,73.60424167439236,75.37760275145884,72.84423084620481,73.62372589111328,3362300,0.0,0.0
2025-11-07 00:00:00-05:00,73.8088652125431,74.59810614488283,73.00013262806152,73.65296173095703,2856700,0.0,0.0
2025-11-10 00:00:00-05:00,74.05245599846077,74.82221268314278,73.38988109480329,74.60784912109375,3177000,0.0,0.0
2025-11-11 00:00:00-05:00,74.91964626212014,75.12426399198031,74.52989501929218,75.01708221435547,2185300,0.0,0.0
2025-11-12 00:00:00-05:00,74.98785653630465,75.47504375972181,74.80272301256225,75.35811614990234,2861500,0.0,0.0
2025-11-13 00:00:00-05:00,75.07555569992925,75.19247587835,74.32528319692244,74.38374328613281,1623400,0.0,0.0
2025-11-14 00:00:00-05:00,74.38374068948507,74.9293954273202,73.94527516793916,74.51041412353516,1457500,0.0,0.0
2025-11-17 00:00:00-05:00,74.87092958915879,75.30940255444736,74.68580349766495,75.14376068115234,1315100,0.0,0.0
2025-11-18 00:00:00-05:00,75.1437535759317,75.52375898291808,74.6565663942685,74.76374816894531,1401400,0.0,0.0
2025-11-19 00:00:00-05:00,74.76376153150558,74.90991176501689,73.58476179933741,73.68220520019531,1577300,0.0,0.0
2025-11-20 00:00:00-05:00,74.0914320866571,74.61759516763829,73.55552317994841,73.77963256835938,1629700,0.0,0.0
2025-11-21 00:00:00-05:00,74.05007649374716,74.68928095330146,73.65671470903928,74.5909423828125,2067300,0.695,0.0
2025-11-24 00:00:00-05:00,74.64994827483531,76.12504927615623,74.37458978561065,75.74151611328125,2707500,0.0,0.0
2025-11-25 00:00:00-05:00,75.98736580415533,76.17421433069937,74.79745190420738,75.29898834228516,1402200,0.0,0.0
2025-11-26 00:00:00-05:00,75.46616377775963,76.09553959351892,75.42682685143075,75.83002471923828,1399700,0.0,0.0
2025-11-28 00:00:00-05:00,75.83002385095915,76.42006273363339,75.58417369128226,76.3610610961914,625300,0.0,0.0
2025-12-01 00:00:00-05:00,76.12504488461067,76.19388262725776,74.14840755609956,74.26641082763672,1799300,0.0,0.0
2025-12-02 00:00:00-05:00,74.29591950913282,74.35492114518797,73.12567037569704,73.2928466796875,1641900,0.0,0.0
2025-12-03 00:00:00-05:00,73.32235387735926,73.68621483777791,72.79131659840444,73.05683898925781,1692800,0.0,0.0
2025-12-04 00:00:00-05:00,72.73231232059128,73.28301429239484,72.43729662259008,72.58480072021484,1689700,0.0,0.0
2025-12-05 00:00:00-05:00,72.65363752390999,73.0863362119989,72.00459699452821,72.0635986328125,1766200,0.0,0.0
2025-12-08 00:00:00-05:00,72.32911747011165,72.6536339675418,71.68006946974897,72.12259674072266,1865300,0.0,0.0
2025-12-09 00:00:00-05:00,72.65364257596768,73.00766743579403,71.98492978549037,72.27995300292969,2826000,0.0,0.0
2025-12-10 00:00:00-05:00,72.36845364610032,72.46679971794094,71.84725247745334,72.28978729248047,3560700,0.0,0.0
2025-12-11 00:00:00-05:00,72.57496981162383,73.3813580316307,71.98492342884933,72.15210723876953,1981600,0.0,0.0
2025-12-12 00:00:00-05:00,72.27995085140111,72.61430348531118,72.02426457074807,72.5749740600586,1543600,0.0,0.0
2025-12-15 00:00:00-05:00,72.97815852065935,73.1650070378312,72.47662210773828,72.88965606689453,2029900,0.0,0.0
2025-12-16 00:00:00-05:00,73.00766235911881,73.12567313843894,71.61123523287937,72.0635986328125,1736000,0.0,0.0
2025-12-17 00:00:00-05:00,72.28978000440875,72.7519794855551,72.09309538330864,72.36844635009766,2308500,0.0,0.0
2025-12-18 00:00:00-05:00,72.23077312140364,72.66347179857955,71.8177466583274,72.07343292236328,2538000,0.0,0.0
2025-12-19 00:00:00-05:00,71.9849223177928,72.05376006102048,71.18837021719365,71.26704406738281,4385000,0.0,0.0
2025-12-22 00:00:00-05:00,71.25720772721625,71.48339317008201,70.73600660123361,71.22770690917969,1783500,0.0,0.0
2025-12-23 00:00:00-05:00,71.20804675570807,71.64073795252393,71.09003597325733,71.36538696289062,1462700,0.0,0.0
2025-12-24 00:00:00-05:00,71.4145623963249,71.83742500253514,71.29655160991088,71.79808807373047,699400,0.0,0.0
2025-12-26 00:00:00-05:00,71.73907754935217,71.78825058510026,71.31621495127507,71.56206512451172,1281300,0.0,0.0
2025-12-29 00:00:00-05:00,71.827589124013,72.23077951573241,71.65057669520272,71.8374252319336,1875700,0.0,0.0
2025-12-30 00:00:00-05:00,71.83742783540652,72.17178048930326,71.70958093606174,71.98493194580078,1205600,0.0,0.0
2025-12-31 00:00:00-05:00,71.98492622360693,71.99476233110211,71.22771100701681,71.28671264648438,970700,0.0,0.0
2026-01-02 00:00:00-05:00,71.12936999222454,72.2799469387525,70.85401901385048,71.8669204711914,1484800,0.0,0.0
2026-01-05 00:00:00-05:00,71.70957809833735,71.70957809833735,70.22464842561382,71.10970306396484,1831400,0.0,0.0
2026-01-06 00:00:00-05:00,71.02119914273723,71.9259259782844,70.97202610705999,71.88658905029297,1411800,0.0,0.0
2026-01-07 00:00:00-05:00,71.88659168291035,72.17177879422835,71.19821417473047,71.30638885498047,2770900,0.0,0.0
2026-01-08 00:00:00-05:00,71.3063778696718,72.27010623265372,70.82450618542987,71.72924041748047,2700000,0.0,0.0
2026-01-09 00:00:00-05:00,72.11277301531723,72.72247662966261,71.4538963663142,71.61123657226562,2219400,0.0,0.0
2026-01-12 00:00:00-05:00,71.48339630830567,72.6044724594195,71.35554942086621,72.14227294921875,2121300,0.0,0.0
2026-01-13 00:00:00-05:00,72.26028489222382,72.84048768908886,71.90626004904281,72.70281219482422,2454200,0.0,0.0
2026-01-14 00:00:00-05:00,72.83064928381569,74.28608553794763,72.83064928381569,74.01073455810547,2091600,0.0,0.0
2026-01-15 00:00:00-05:00,74.14841279841731,75.06297573124642,74.01073730338942,74.52210235595703,2096100,0.0,0.0
2026-01-16 00:00:00-05:00,74.246751169561,75.42682898175133,74.13857649478918,75.17115020751953,2553600,0.0,0.0
2026-01-20 00:00:00-05:00,74.91546789843211,75.48584212239307,74.47294057111023,74.86629486083984,2068700,0.0,0.0
2026-01-21 00:00:00-05:00,75.37766029134637,75.78085065089705,74.55159985522197,75.63334655761719,2981500,0.0,0.0
2026-01-22 00:00:00-05:00,75.75135380518994,75.85952848110291,74.76795311707322,74.96463775634766,2023600,0.0,0.0
2026-01-23 00:00:00-05:00,74.73845319549555,74.95480254992282,73.57804006945541,74.43360137939453,2108700,0.0,0.0
2026-01-26 00:00:00-05:00,74.80729185242123,75.55467849421879,74.73845410269988,75.31865692138672,1383200,0.0,0.0
2026-01-27 00:00:00-05:00,75.31865579157363,75.96770385299781,74.90562929944109,75.81035614013672,1618600,0.0,0.0
2026-01-28 00:00:00-05:00,75.68251446471268,76.16437869098056,75.14164859927983,75.3776626586914,1385700,0.0,0.0
2026-01-29 00:00:00-05:00,75.72184988784682,76.23321492354108,74.96463469017901,75.10231018066406,2173600,0.0,0.0
2026-01-30 00:00:00-05:00,74.84662585656748,75.48583779486091,74.47293630164677,75.45633697509766,3549700,0.0,0.0
2026-02-02 00:00:00-05:00,75.31865164254722,75.86936110447263,74.43359706608956,74.69911193847656,2830600,0.0,0.0
2026-02-03 00:00:00-05:00,74.73845122512577,76.8724288870775,74.73845122512577,76.50857543945312,3003600,0.0,0.0
2026-02-04 00:00:00-05:00,76.57741201537151,77.17728701756637,75.79068848709089,75.94803619384766,1942800,0.0,0.0
2026-02-05 00:00:00-05:00,76.34139605216335,76.55774541343962,75.84969568662711,76.28239440917969,1632800,0.0,0.0
2026-02-06 00:00:00-05:00,76.85276029955334,77.20678512456732,75.37765936291221,75.47599792480469,1914000,0.0,0.0
2026-02-09 00:00:00-05:00,75.3481607318058,75.96770044218842,75.05313753481317,75.8693618774414,1409500,0.0,0.0
2026-02-10 00:00:00-05:00,76.08571221143052,77.80666337652383,75.8398620449886,77.44280242919922,2024700,0.0,0.0
2026-02-11 00:00:00-05:00,77.42313310577643,78.07217360509537,77.27562151414675,77.99349975585938,1805300,0.0,0.0
2026-02-12 00:00:00-05:00,78.49503992605813,80.04881476051136,78.20985283598114,79.35060119628906,2469100,0.0,0.0
2026-02-13 00:00:00-05:00,78.67204805457365,81.35673499564649,78.31802323810797,81.31739807128906,2187500,0.0,0.0
2026-02-17 00:00:00-05:00,81.62225493671234,81.8091034633516,79.81280132015902,80.15699005126953,2123400,0.0,0.0
2026-02-18 00:00:00-05:00,79.99964205300523,80.15698975965567,78.9080667220605,79.06541442871094,2089000,0.0,0.0
2026-02-19 00:00:00-05:00,79.06541541031915,79.85213144508374,77.91483842647172,78.20985412597656,4791800,0.0,0.0
2026-02-20 00:00:00-05:00,79.3112676758217,79.38994153220467,77.2952932468312,78.92774200439453,2456800,0.0,0.0
2026-02-23 00:00:00-05:00,79.32110415006868,80.7765329861193,78.95724318968006,80.74703216552734,2667700,0.0,0.0
2026-02-24 00:00:00-05:00,80.81586628910154,81.3174027249217,79.6357885018499,81.13055419921875,2194800,0.0,0.0
2026-02-25 00:00:00-05:00,81.27807127670509,81.62226002929025,79.85213572634937,81.42558288574219,1940500,0.0,0.0
2026-02-26 00:00:00-05:00,81.61241912841797,82.03528171468963,81.16989183004719,81.61241912841797,2745700,0.0,0.0
2026-02-27 00:00:00-05:00,81.71075570123264,82.6843277383025,81.21905538048073,82.27130126953125,3150900,0.0,0.0
2026-03-02 00:00:00-05:00,81.9172801873227,83.0875219023975,81.87794325953212,82.61549377441406,1881800,0.0,0.0
2026-03-03 00:00:00-05:00,82.08445111217026,83.81523830752126,80.82569951655184,83.00885009765625,2803700,0.0,0.0
2026-03-04 00:00:00-05:00,82.77282989545667,83.45137873652153,81.86810310920448,82.92034149169922,2321700,0.0,0.0
2026-03-05 00:00:00-05:00,82.33030641210813,82.53681965528544,81.29773269346977,81.52391815185547,2490600,0.0,0.0
2026-03-06 00:00:00-05:00,80.95354261825413,82.40897890682126,80.66835552445545,81.97628021240234,1779500,0.0,0.0
2026-03-09 00:00:00-04:00,81.97627699851802,81.97627699851802,80.35366446081333,81.75009155273438,2545600,0.0,0.0
2026-03-10 00:00:00-04:00,81.66579910901392,82.11206485420352,81.15012282271297,81.2492904663086,1266800,0.695,0.0
2026-03-11 00:00:00-04:00,80.74352567469874,81.23937145884601,80.14851224692327,80.34684753417969,2518400,0.0,0.0
2026-03-12 00:00:00-04:00,80.04934523102055,81.98314077795669,79.60307948218478,81.06086730957031,2507600,0.0,0.0
2026-03-13 00:00:00-04:00,81.91372427861272,82.4591576825637,81.78480709495452,81.94347381591797,1736500,0.0,0.0
2026-03-16 00:00:00-04:00,82.37982274837888,82.86574952474473,82.06248173193492,82.54840850830078,2359500,0.0,0.0
2026-03-17 00:00:00-04:00,82.91533506409007,83.16325796344066,82.05256065058772,82.12197875976562,1974700,0.0,0.0
2026-03-18 00:00:00-04:00,81.3583793668673,82.0823099942995,80.85261453490351,80.86253356933594,2184900,0.0,0.0
2026-03-19 00:00:00-04:00,80.79311758207889,81.38813104154126,79.68242024267762,80.38652038574219,2195300,0.0,0.0
2026-03-20 00:00:00-04:00,80.07909816287662,80.54519443395226,77.50070146897603,78.04612731933594,3789600,0.0,0.0
2026-03-23 00:00:00-04:00,78.96840231588428,79.4840862039923,78.23455262312244,78.75023651123047,1877100,0.0,0.0
2026-03-24 00:00:00-04:00,78.7403119674189,80.41626557149725,78.46263953909853,79.26590728759766,2535800,0.0,0.0
2026-03-25 00:00:00-04:00,79.84109369515558,79.9799299153717,79.13699355948627,79.31549835205078,1198800,0.0,0.0
2026-03-26 00:00:00-04:00,79.41466126444311,79.9402565762068,79.11715077257388,79.73200225830078,1186100,0.0,0.0
2026-03-27 00:00:00-04:00,79.92041888013648,81.01128564472947,79.59316641676472,80.17826080322266,1620100,0.0,0.0
2026-03-30 00:00:00-04:00,81.12037125714957,81.3385370412004,80.52535027844685,80.912109375,1879500,0.0,0.0
2026-03-31 00:00:00-04:00,81.3385398980161,81.38812750331832,80.22785017290698,81.23937225341797,2016000,0.0,0.0
2026-04-01 00:00:00-04:00,81.07078681331276,81.93356121325341,80.8426944204527,81.59638214111328,1084100,0.0,0.0
2026-04-02 00:00:00-04:00,81.77488569738902,82.46907433381203,81.4476256644756,82.15172576904297,929700,0.0,0.0
2026-04-06 00:00:00-04:00,81.7352178502541,82.3104007799798,81.61621970341864,81.96331024169922,1227600,0.0,0.0
2026-04-07 00:00:00-04:00,81.78480473153962,82.73682772782816,81.68563708805239,82.15172576904297,1100200,0.0,0.0
2026-04-08 00:00:00-04:00,82.10214882198001,82.7963299185372,81.20962486497325,82.74674987792969,1099500,0.0,0.0
2026-04-09 00:00:00-04:00,82.85583904748336,84.56154230252554,82.66741521590035,83.70869445800781,1656400,0.0,0.0
2026-04-10 00:00:00-04:00,83.55001349612296,83.96652213331855,82.70707718770159,82.88558197021484,1364700,0.0,0.0
2026-04-13 00:00:00-04:00,82.95500332408372,82.99467189575147,81.29888017848863,81.76496887207031,1617800,0.0,0.0
2026-04-14 00:00:00-04:00,81.45754561113763,81.7153875398978,80.61460928304409,81.23937225341797,1795400,0.0,0.0
2026-04-15 00:00:00-04:00,80.96170121564093,81.22946218327147,80.35676873737214,80.86253356933594,1345800,0.0,0.0
2026-04-16 00:00:00-04:00,80.56502260075649,81.45754654437769,80.56502260075649,81.31871032714844,1814700,0.0,0.0
2026-04-17 00:00:00-04:00,81.20962313878013,81.80463657546818,80.37660584061813,81.68563842773438,1971700,0.0,0.0
2026-04-20 00:00:00-04:00,81.82447228892165,82.38973617240613,80.83278073431688,80.99144744873047,1765200,0.0,0.0
2026-04-21 00:00:00-04:00,81.20962480046133,81.20962480046133,79.45433399141452,79.68241882324219,1606500,0.0,0.0
2026-04-22 00:00:00-04:00,80.50552321027112,80.60469085561584,78.5518895763542,78.97831726074219,1593500,0.0,0.0
2026-04-23 00:00:00-04:00,79.66258875544348,81.26912431955004,79.59317064546366,81.20962524414062,1862000,0.0,0.0
2026-04-24 00:00:00-04:00,81.01129198974063,81.4377196949333,80.43610902627019,80.55511474609375,1414800,0.0,0.0
2026-04-27 00:00:00-04:00,80.6443559873886,81.44762371622883,80.49560074271291,80.912109375,1311300,0.0,0.0
2026-04-28 00:00:00-04:00,81.52696371895695,81.6757189688573,80.74352646442102,81.23937225341797,1363200,0.0,0.0
2026-04-29 00:00:00-04:00,80.86253594938294,81.46746844545684,80.43610824831455,80.65428161621094,1413600,0.0,0.0
2026-04-30 00:00:00-04:00,80.86253127169662,82.51865437255253,80.86253127169662,82.15172576904297,2828500,0.0,0.0
2026-05-01 00:00:00-04:00,82.16164888893732,83.391344374543,81.76497072925615,81.92364501953125,1544300,0.0,0.0
2026-05-04 00:00:00-04:00,81.25921218206213,82.13189806691132,80.8228654566343,81.3980484008789,1232700,0.0,0.0
2026-05-05 00:00:00-04:00,81.36830016257045,82.17156795083648,80.75344863656038,80.93195343017578,2038600,0.0,0.0
2026-05-06 00:00:00-04:00,80.50552434992913,80.8327843936052,79.63283846613277,80.31710052490234,2908500,0.0,0.0
2026-05-07 00:00:00-04:00,80.7236966889766,82.60791221733724,80.71377765462556,82.04264831542969,3524500,0.0,0.0
2026-05-08 00:00:00-04:00,82.25090608177622,82.53849756193706,80.86253628879534,81.10054016113281,2963800,0.0,0.0
2026-05-11 00:00:00-04:00,81.69555244385616,82.96492406531954,81.58646576102721,82.73683166503906,2255800,0.0,0.0
2026-05-12 00:00:00-04:00,82.63765969255451,82.95500068981283,81.80463484599753,82.60791015625,2850100,0.0,0.0
2026-05-13 00:00:00-04:00,81.96331090698823,82.07239758647704,81.25921079047356,81.77488708496094,1747700,0.0,0.0
2026-05-14 00:00:00-04:00,81.83438642408963,82.22115310371662,81.43771584212433,82.04264831542969,1725700,0.0,0.0
2026-05-15 00:00:00-04:00,82.21123819919708,82.29057534597814,79.77167768073008,79.8311767578125,2319700,0.0,0.0
2026-05-18 00:00:00-04:00,80.58486399022854,81.36830128602382,80.25760393641406,81.27904510498047,2125200,0.0,0.0
2026-05-19 00:00:00-04:00,81.03112134776846,82.44924066675478,80.87245462292033,82.28065490722656,1743600,0.0,0.0
2026-05-20 00:00:00-04:00,82.57815718053018,82.87566769045475,82.14181801624913,82.46907806396484,3182400,0.0,0.0
2026-05-21 00:00:00-04:00,82.04264739713618,83.1136685488636,82.04264739713618,82.95500183105469,1477200,0.0,0.0
2026-05-22 00:00:00-04:00,83.1500015258789,84.08000183105469,82.83999633789062,83.94000244140625,1609800,0.695,0.0
2026-05-26 00:00:00-04:00,84.44000244140625,84.48999786376953,83.80000305175781,84.11000061035156,1698800,0.0,0.0
2026-05-27 00:00:00-04:00,83.87999725341797,84.44000244140625,83.5199966430664,84.16999816894531,1848000,0.0,0.0
2026-05-28 00:00:00-04:00,84.04000091552734,84.44999694824219,82.75,82.8499984741211,1861300,0.0,0.0
2026-05-29 00:00:00-04:00,82.66000366210938,82.88999938964844,81.73999786376953,82.04000091552734,2489200,0.0,0.0
2026-06-01 00:00:00-04:00,81.2300033569336,81.58999633789062,80.22000122070312,80.38999938964844,2195600,0.0,0.0
2026-06-02 00:00:00-04:00,80.38999938964844,81.5999984741211,80.2699966430664,81.3499984741211,2518200,0.0,0.0
2026-06-03 00:00:00-04:00,81.51000213623047,83.01000213623047,81.04000091552734,81.06999969482422,2077900,0.0,0.0
2026-06-04 00:00:00-04:00,81.80000305175781,82.13999938964844,80.27999877929688,81.88999938964844,2197700,0.0,0.0
2026-06-05 00:00:00-04:00,82.0,83.69000244140625,81.98999786376953,83.2699966430664,1708000,0.0,0.0
2026-06-08 00:00:00-04:00,82.94000244140625,83.58000183105469,81.37000274658203,81.69000244140625,1771700,0.0,0.0
2026-06-09 00:00:00-04:00,81.9000015258789,82.87999725341797,81.16999816894531,82.2699966430664,2780800,0.0,0.0
2026-06-10 00:00:00-04:00,82.91000366210938,83.4000015258789,82.43000030517578,82.83000183105469,1526600,0.0,0.0
2026-06-11 00:00:00-04:00,83.30999755859375,84.08000183105469,82.7699966430664,82.80999755859375,1618200,0.0,0.0
2026-06-12 00:00:00-04:00,83.02999877929688,83.9800033569336,83.02999877929688,83.8499984741211,1408100,0.0,0.0
2026-06-15 00:00:00-04:00,83.37000274658203,83.73999786376953,82.69999694824219,83.44000244140625,2169600,0.0,0.0
2026-06-16 00:00:00-04:00,83.80999755859375,85.08999633789062,83.55999755859375,83.97000122070312,1783700,0.0,0.0
2026-06-17 00:00:00-04:00,83.94999694824219,84.05000305175781,82.23999786376953,82.8499984741211,2224800,0.0,0.0
2026-06-18 00:00:00-04:00,82.8499984741211,83.33999633789062,82.0,82.5,2848400,0.0,0.0
2026-06-22 00:00:00-04:00,82.41999816894531,84.0,82.41999816894531,83.25,2117900,0.0,0.0
2026-06-23 00:00:00-04:00,83.7300033569336,85.0,83.12999725341797,84.83999633789062,1981500,0.0,0.0
2026-06-24 00:00:00-04:00,85.1500015258789,86.08000183105469,84.83999633789062,85.81999969482422,2196300,0.0,0.0
2026-06-25 00:00:00-04:00,86.18000030517578,86.81999969482422,85.77999877929688,86.66000366210938,2708400,0.0,0.0
2026-06-26 00:00:00-04:00,86.91999816894531,87.56999969482422,86.76000213623047,87.20999908447266,2727000,0.0,0.0
2026-06-29 00:00:00-04:00,87.2300033569336,87.37000274658203,86.5199966430664,87.01000213623047,2087200,0.0,0.0
2026-06-30 00:00:00-04:00,86.9800033569336,87.55999755859375,85.8499984741211,86.43000030517578,2312600,0.0,0.0
2026-07-01 00:00:00-04:00,85.4800033569336,86.48999786376953,85.4800033569336,86.19000244140625,2209300,0.0,0.0
2026-07-02 00:00:00-04:00,86.44000244140625,88.18000030517578,86.44000244140625,88.12999725341797,1505500,0.0,0.0
2026-07-06 00:00:00-04:00,87.9000015258789,87.9000015258789,85.76000213623047,86.2699966430664,1907100,0.0,0.0
2026-07-07 00:00:00-04:00,86.81999969482422,88.62000274658203,86.81999969482422,87.12000274658203,2352900,0.0,0.0
2026-07-08 00:00:00-04:00,87.12000274658203,87.41999816894531,85.66999816894531,85.91000366210938,2797900,0.0,0.0
2026-07-09 00:00:00-04:00,86.12000274658203,86.27999877929688,85.04000091552734,85.27999877929688,3199500,0.0,0.0
2026-07-10 00:00:00-04:00,85.31999969482422,86.16000366210938,85.31999969482422,85.70999908447266,1682000,0.0,0.0
2026-07-13 00:00:00-04:00,86.16999816894531,87.22000122070312,85.9800033569336,86.44999694824219,2322200,0.0,0.0
2026-07-14 00:00:00-04:00,86.86000061035156,87.5199966430664,86.08000183105469,86.44999694824219,2340900,0.0,0.0
2026-07-15 00:00:00-04:00,86.22000122070312,86.55000305175781,85.08999633789062,85.41999816894531,1795500,0.0,0.0
2026-07-16 00:00:00-04:00,85.55999755859375,86.63999938964844,85.44000244140625,86.55999755859375,1867800,0.0,0.0
2026-07-17 00:00:00-04:00,87.3499984741211,88.12000274658203,85.27999877929688,85.58999633789062,1874800,0.0,0.0
2026-07-20 00:00:00-04:00,86.16999816894531,86.66000366210938,84.91999816894531,85.16000366210938,1634400,0.0,0.0
2026-07-21 00:00:00-04:00,85.18000030517578,85.3499984741211,84.45999908447266,84.91999816894531,2821600,0.0,0.0
2026-07-22 00:00:00-04:00,85.63999938964844,86.66000366210938,85.18000030517578,86.55999755859375,1597500,0.0,0.0
2026-07-23 00:00:00-04:00,85.97000122070312,86.97000122070312,85.87000274658203,86.6500015258789,1899800,0.0,0.0
2026-07-24 00:00:00-04:00,87.06999969482422,87.66000366210938,86.76000213623047,87.18000030517578,1644700,0.0,0.0
2026-07-27 00:00:00-04:00,87.01000213623047,87.29000091552734,85.66999816894531,85.83999633789062,1415800,0.0,0.0
2026-07-28 00:00:00-04:00,86.5199966430664,87.43000030517578,85.63999938964844,85.66000366210938,1607900,0.0,0.0
2026-07-29 00:00:00-04:00,85.93000030517578,86.13999938964844,83.44999694824219,84.0,2029100,0.0,0.0
2026-07-30 00:00:00-04:00,84.0999984741211,84.37000274658203,82.62000274658203,83.25,1677400,0.0,0.0
2026-07-31 00:00:00-04:00,83.05999755859375,83.58000183105469,82.5199966430664,83.01000213623047,2840300,0.0,0.0
2026-08-03 00:00:00-04:00,82.91999816894531,84.18000030517578,82.45999908447266,83.2300033569336,1891400,0.0,0.0
2026-08-04 00:00:00-04:00,83.01000213623047,83.97000122070312,82.0199966430664,83.83999633789062,1978844,0.0,0.0
