Date,Open,High,Low,Close,Volume,Dividends,Stock Splits
2022-01-03 00:00:00-05:00,25790.400390625,25842.240234375,25764.48046875,25790.400390625,3,0.0,0.0
2022-01-04 00:00:00-05:00,25764.48046875,25816.3203125,25764.48046875,25764.48046875,14,0.0,0.0
2022-01-05 00:00:00-05:00,25764.48046875,25800.767578125,25764.48046875,25800.767578125,0,0.0,0.0
2022-01-06 00:00:00-05:00,25738.560546875,25816.3203125,25738.560546875,25816.3203125,1,0.0,0.0
2022-01-07 00:00:00-05:00,25816.3203125,25816.3203125,25764.48046875,25790.400390625,1,0.0,0.0
2022-01-10 00:00:00-05:00,25764.48046875,25816.3203125,25764.48046875,25790.400390625,0,0.0,0.0
2022-01-11 00:00:00-05:00,25764.48046875,25764.48046875,25764.48046875,25764.48046875,2,0.0,0.0
2022-01-12 00:00:00-05:00,25712.640625,25764.48046875,25712.640625,25712.640625,0,0.0,0.0
2022-01-13 00:00:00-05:00,25764.48046875,25816.3203125,25764.48046875,25764.48046875,1,0.0,0.0
2022-01-14 00:00:00-05:00,25782.623046875,25787.80859375,25764.48046875,25764.48046875,193,0.0,0.0
2022-01-18 00:00:00-05:00,25712.640625,25751.51953125,25712.640625,25751.51953125,0,0.0,0.0
2022-01-19 00:00:00-05:00,25816.3203125,25816.3203125,25764.48046875,25764.48046875,3,0.0,0.0
2022-01-20 00:00:00-05:00,25764.48046875,25842.240234375,25764.48046875,25798.17578125,1,0.0,0.0
2022-01-21 00:00:00-05:00,25712.640625,25842.240234375,25712.640625,25764.48046875,5,0.0,0.0
2022-01-24 00:00:00-05:00,25816.3203125,25816.3203125,25738.560546875,25738.560546875,1,0.0,0.0
2022-01-25 00:00:00-05:00,25660.80078125,25660.80078125,25660.80078125,25660.80078125,3,0.0,0.0
2022-01-26 00:00:00-05:00,25813.728515625,25813.728515625,25738.560546875,25738.560546875,0,0.0,0.0
2022-01-27 00:00:00-05:00,25764.48046875,25777.439453125,25764.48046875,25777.439453125,1,0.0,0.0
2022-01-28 00:00:00-05:00,25660.80078125,25764.48046875,25660.80078125,25764.48046875,5,0.0,0.0
2022-01-31 00:00:00-05:00,26023.6796875,26023.6796875,25764.48046875,25764.48046875,1,0.0,0.0
2022-02-01 00:00:00-05:00,25738.560546875,25790.400390625,25738.560546875,25790.400390625,7,0.0,0.0
2022-02-02 00:00:00-05:00,25790.400390625,25790.400390625,25790.400390625,25790.400390625,0,0.0,0.0
2022-02-03 00:00:00-05:00,25790.400390625,25824.095703125,25790.400390625,25795.583984375,2,0.0,0.0
2022-02-04 00:00:00-05:00,25790.400390625,25816.3203125,25790.400390625,25816.3203125,0,0.0,0.0
2022-02-07 00:00:00-05:00,25842.240234375,25842.240234375,25842.240234375,25842.240234375,0,0.0,0.0
2022-02-08 00:00:00-05:00,25842.240234375,25894.080078125,25842.240234375,25894.080078125,3,0.0,0.0
2022-02-09 00:00:00-05:00,25868.16015625,25868.16015625,25842.240234375,25842.240234375,2,0.0,0.0
2022-02-10 00:00:00-05:00,25842.240234375,25868.16015625,25842.240234375,25868.16015625,2,0.0,0.0
2022-02-11 00:00:00-05:00,25894.080078125,25920.0,25894.080078125,25920.0,3,0.0,0.0
2022-02-14 00:00:00-05:00,25868.16015625,25971.83984375,25868.16015625,25971.83984375,147,0.0,0.0
2022-02-15 00:00:00-05:00,26049.599609375,26049.599609375,25958.880859375,26023.6796875,59,0.0,0.0
2022-02-16 00:00:00-05:00,26023.6796875,26023.6796875,25945.919921875,25945.919921875,0,0.0,0.0
2022-02-17 00:00:00-05:00,25920.0,26047.0078125,25920.0,26047.0078125,0,0.0,0.0
2022-02-18 00:00:00-05:00,26047.0078125,26047.0078125,26047.0078125,26047.0078125,0,0.0,0.0
2022-02-22 00:00:00-05:00,25894.080078125,26049.599609375,25894.080078125,26023.6796875,1,0.0,0.0
2022-02-23 00:00:00-05:00,26023.6796875,26023.6796875,26023.6796875,26023.6796875,0,0.0,0.0
2022-02-24 00:00:00-05:00,26010.720703125,26010.720703125,26010.720703125,26010.720703125,0,0.0,0.0
2022-02-25 00:00:00-05:00,25971.83984375,25971.83984375,25971.83984375,25971.83984375,1,0.0,0.0
2022-02-28 00:00:00-05:00,26023.6796875,26023.6796875,25971.83984375,25971.83984375,0,0.0,0.0
2022-03-01 00:00:00-05:00,25894.080078125,25920.0,25894.080078125,25920.0,1,0.0,0.0
2022-03-02 00:00:00-05:00,25971.83984375,25971.83984375,25971.83984375,25971.83984375,2,0.0,0.0
2022-03-03 00:00:00-05:00,25971.83984375,25971.83984375,25945.919921875,25971.83984375,6,0.0,0.0
2022-03-04 00:00:00-05:00,25984.80078125,25984.80078125,25984.80078125,25984.80078125,0,0.0,0.0
2022-03-07 00:00:00-05:00,25971.83984375,25971.83984375,25971.83984375,25971.83984375,33,0.0,0.0
2022-03-08 00:00:00-05:00,25945.919921875,25945.919921875,25945.919921875,25945.919921875,5,0.0,0.0
2022-03-09 00:00:00-05:00,26101.439453125,26101.439453125,25945.919921875,25984.80078125,8,0.0,0.0
2022-03-10 00:00:00-05:00,26049.599609375,26049.599609375,25945.919921875,25945.919921875,39,0.0,0.0
2022-03-11 00:00:00-05:00,25945.919921875,25945.919921875,25945.919921875,25945.919921875,154,0.0,0.0
2022-03-14 00:00:00-04:00,25971.83984375,25997.759765625,25945.919921875,25945.919921875,3,0.0,0.0
2022-03-15 00:00:00-04:00,25945.919921875,25997.759765625,25945.919921875,25945.919921875,80,0.0,0.0
2022-03-16 00:00:00-04:00,25945.919921875,25945.919921875,25945.919921875,25945.919921875,238,0.0,0.0
2022-03-17 00:00:00-04:00,25945.919921875,25945.919921875,25945.919921875,25945.919921875,0,0.0,0.0
2022-03-18 00:00:00-04:00,25945.919921875,25945.919921875,25945.919921875,25945.919921875,0,0.0,0.0
2022-03-21 00:00:00-04:00,26000.3515625,26000.3515625,26000.3515625,26000.3515625,0,0.0,0.0
2022-03-22 00:00:00-04:00,26000.3515625,26000.3515625,26000.3515625,26000.3515625,0,0.0,0.0
2022-03-23 00:00:00-04:00,26023.6796875,26049.599609375,26023.6796875,26049.599609375,108,0.0,0.0
2022-03-24 00:00:00-04:00,26049.599609375,26049.599609375,26049.599609375,26049.599609375,0,0.0,0.0
2022-03-25 00:00:00-04:00,26049.599609375,26049.599609375,26049.599609375,26049.599609375,0,0.0,0.0
2022-03-28 00:00:00-04:00,26049.599609375,26049.599609375,26049.599609375,26049.599609375,0,0.0,0.0
2022-03-29 00:00:00-04:00,26049.599609375,26049.599609375,26023.6796875,26023.6796875,2,0.0,0.0
2022-03-30 00:00:00-04:00,25945.919921875,26049.599609375,25945.919921875,26049.599609375,1,0.0,0.0
2022-03-31 00:00:00-04:00,26049.599609375,26049.599609375,26049.599609375,26049.599609375,0,0.0,0.0
2022-04-01 00:00:00-04:00,26049.599609375,26049.599609375,26049.599609375,26049.599609375,0,0.0,0.0
2022-04-04 00:00:00-04:00,26021.087890625,26075.51953125,25997.759765625,25997.759765625,6,0.0,0.0
2022-04-05 00:00:00-04:00,25997.759765625,25997.759765625,25997.759765625,25997.759765625,0,0.0,0.0
2022-04-06 00:00:00-04:00,26049.599609375,26049.599609375,26049.599609375,26049.599609375,0,0.0,0.0
2022-04-07 00:00:00-04:00,26049.599609375,26049.599609375,26049.599609375,26049.599609375,0,0.0,0.0
2022-04-08 00:00:00-04:00,26023.6796875,26049.599609375,26023.6796875,26023.6796875,2,0.0,0.0
2022-04-11 00:00:00-04:00,26023.6796875,26023.6796875,26023.6796875,26023.6796875,0,0.0,0.0
2022-04-12 00:00:00-04:00,26023.6796875,26023.6796875,26023.6796875,26023.6796875,0,0.0,0.0
2022-04-13 00:00:00-04:00,26049.599609375,26049.599609375,25997.759765625,25997.759765625,2,0.0,0.0
2022-04-14 00:00:00-04:00,25997.759765625,25997.759765625,25997.759765625,25997.759765625,1,0.0,0.0
2022-04-18 00:00:00-04:00,25997.759765625,25997.759765625,25997.759765625,25997.759765625,6,0.0,0.0
2022-04-19 00:00:00-04:00,25997.759765625,25997.759765625,25997.759765625,25997.759765625,0,0.0,0.0
2022-04-20 00:00:00-04:00,26049.599609375,26049.599609375,26049.599609375,26049.599609375,0,0.0,0.0
2022-04-21 00:00:00-04:00,26049.599609375,26049.599609375,26049.599609375,26049.599609375,0,0.0,0.0
2022-04-22 00:00:00-04:00,26101.439453125,26101.439453125,26023.6796875,26023.6796875,0,0.0,0.0
2022-04-25 00:00:00-04:00,26023.6796875,26023.6796875,26023.6796875,26023.6796875,0,0.0,0.0
2022-04-26 00:00:00-04:00,26049.599609375,26059.96875,26049.599609375,26059.96875,0,0.0,0.0
2022-04-27 00:00:00-04:00,26049.599609375,26054.783203125,26049.599609375,26049.599609375,2,0.0,0.0
2022-04-28 00:00:00-04:00,26075.51953125,26075.51953125,26049.599609375,26049.599609375,1,0.0,0.0
2022-04-29 00:00:00-04:00,26049.599609375,26049.599609375,26049.599609375,26049.599609375,0,0.0,0.0
2022-05-02 00:00:00-04:00,26049.599609375,26049.599609375,26049.599609375,26049.599609375,1,0.0,0.0
2022-05-03 00:00:00-04:00,26049.599609375,26049.599609375,26023.6796875,26049.599609375,119,0.0,0.0
2022-05-04 00:00:00-04:00,26049.599609375,26049.599609375,26023.6796875,26023.6796875,22,0.0,0.0
2022-05-05 00:00:00-04:00,26023.6796875,26023.6796875,26023.6796875,26023.6796875,5,0.0,0.0
2022-05-06 00:00:00-04:00,26049.599609375,26049.599609375,26023.6796875,26023.6796875,8,0.0,0.0
2022-05-09 00:00:00-04:00,26023.6796875,26023.6796875,25971.83984375,25997.759765625,378,0.0,0.0
2022-05-10 00:00:00-04:00,26049.599609375,26049.599609375,26049.599609375,26049.599609375,0,0.0,0.0
2022-05-11 00:00:00-04:00,25997.759765625,25997.759765625,25997.759765625,25997.759765625,2,0.0,0.0
2022-05-12 00:00:00-04:00,25997.759765625,25997.759765625,25997.759765625,25997.759765625,0,0.0,0.0
2022-05-13 00:00:00-04:00,25997.759765625,25997.759765625,25997.759765625,25997.759765625,0,0.0,0.0
2022-05-16 00:00:00-04:00,26049.599609375,26049.599609375,26049.599609375,26049.599609375,0,0.0,0.0
2022-05-17 00:00:00-04:00,26049.599609375,26049.599609375,26049.599609375,26049.599609375,0,0.0,0.0
2022-05-18 00:00:00-04:00,26049.599609375,26049.599609375,26049.599609375,26049.599609375,0,0.0,0.0
2022-05-19 00:00:00-04:00,25997.759765625,25997.759765625,25997.759765625,25997.759765625,0,0.0,0.0
2022-05-20 00:00:00-04:00,25997.759765625,25997.759765625,25997.759765625,25997.759765625,0,0.0,0.0
2022-05-23 00:00:00-04:00,25997.759765625,25997.759765625,25997.759765625,25997.759765625,0,0.0,0.0
2022-05-24 00:00:00-04:00,26049.599609375,26049.599609375,26049.599609375,26049.599609375,0,0.0,0.0
2022-05-25 00:00:00-04:00,26023.6796875,26075.51953125,26023.6796875,26075.51953125,113,0.0,0.0
2022-05-26 00:00:00-04:00,26049.599609375,26075.51953125,26049.599609375,26075.51953125,15,0.0,0.0
2022-05-27 00:00:00-04:00,26049.599609375,26049.599609375,26049.599609375,26049.599609375,0,0.0,0.0
2022-05-31 00:00:00-04:00,26075.51953125,26075.51953125,26075.51953125,26075.51953125,1,0.0,0.0
2022-06-01 00:00:00-04:00,26075.51953125,26075.51953125,26075.51953125,26075.51953125,0,0.0,0.0
2022-06-02 00:00:00-04:00,26075.51953125,26101.439453125,26075.51953125,26088.48046875,19,0.0,0.0
2022-06-03 00:00:00-04:00,26088.48046875,26088.48046875,26088.48046875,26088.48046875,0,0.0,0.0
2022-06-06 00:00:00-04:00,26088.48046875,26088.48046875,26088.48046875,26088.48046875,0,0.0,0.0
2022-06-07 00:00:00-04:00,26075.51953125,26075.51953125,26075.51953125,26075.51953125,0,0.0,0.0
2022-06-08 00:00:00-04:00,26075.51953125,26075.51953125,26075.51953125,26075.51953125,5,0.0,0.0
2022-06-09 00:00:00-04:00,26075.51953125,26075.51953125,26075.51953125,26075.51953125,0,0.0,0.0
2022-06-10 00:00:00-04:00,26101.439453125,26101.439453125,26101.439453125,26101.439453125,0,0.0,0.0
2022-06-13 00:00:00-04:00,26101.439453125,26114.400390625,26075.51953125,26101.439453125,123,0.0,0.0
2022-06-14 00:00:00-04:00,26101.439453125,26101.439453125,26101.439453125,26101.439453125,24,0.0,0.0
2022-06-15 00:00:00-04:00,26101.439453125,26127.359375,26101.439453125,26127.359375,0,0.0,0.0
2022-06-16 00:00:00-04:00,26101.439453125,26101.439453125,26101.439453125,26101.439453125,0,0.0,0.0
2022-06-17 00:00:00-04:00,26101.439453125,26101.439453125,26101.439453125,26101.439453125,3,0.0,0.0
2022-06-21 00:00:00-04:00,26101.439453125,26101.439453125,26101.439453125,26101.439453125,1,0.0,0.0
2022-06-22 00:00:00-04:00,26101.439453125,26101.439453125,26101.439453125,26101.439453125,386,0.0,0.0
2022-06-23 00:00:00-04:00,26127.359375,26127.359375,26101.439453125,26101.439453125,3,0.0,0.0
2022-06-24 00:00:00-04:00,26101.439453125,26101.439453125,26101.439453125,26101.439453125,0,0.0,0.0
2022-06-27 00:00:00-04:00,26101.439453125,26101.439453125,26101.439453125,26101.439453125,0,0.0,0.0
2022-06-28 00:00:00-04:00,26119.583984375,26119.583984375,26119.583984375,26119.583984375,0,0.0,0.0
2022-06-29 00:00:00-04:00,26127.359375,26127.359375,26101.439453125,26127.359375,10,0.0,0.0
2022-06-30 00:00:00-04:00,26101.439453125,26101.439453125,26101.439453125,26101.439453125,0,0.0,0.0
2022-07-01 00:00:00-04:00,26127.359375,26127.359375,26127.359375,26127.359375,3,0.0,0.0
2022-07-05 00:00:00-04:00,26153.279296875,26153.279296875,26127.359375,26127.359375,17,0.0,0.0
2022-07-06 00:00:00-04:00,26127.359375,26153.279296875,26127.359375,26153.279296875,42,0.0,0.0
2022-07-07 00:00:00-04:00,26127.359375,26127.359375,26127.359375,26127.359375,1,0.0,0.0
2022-07-08 00:00:00-04:00,26153.279296875,26153.279296875,26153.279296875,26153.279296875,0,0.0,0.0
2022-07-11 00:00:00-04:00,26153.279296875,26179.19921875,26153.279296875,26179.19921875,0,0.0,0.0
2022-07-12 00:00:00-04:00,26153.279296875,27475.19921875,26127.359375,26179.19921875,197,0.0,0.0
2022-07-13 00:00:00-04:00,26140.3203125,26205.119140625,26101.439453125,26127.359375,16,0.0,0.0
2022-07-14 00:00:00-04:00,26127.359375,26127.359375,26124.767578125,26127.359375,2,0.0,0.0
2022-07-15 00:00:00-04:00,26101.439453125,26428.03125,26101.439453125,26428.03125,1,0.0,0.0
2022-07-18 00:00:00-04:00,26568.0,27267.83984375,26568.0,27267.83984375,2,0.0,0.0
2022-07-19 00:00:00-04:00,26568.0,26568.0,26285.47265625,26360.640625,5,0.0,0.0
2022-07-20 00:00:00-04:00,26321.759765625,26386.560546875,26308.80078125,26360.640625,7,0.0,0.0
2022-07-21 00:00:00-04:00,26425.439453125,26459.13671875,26386.560546875,26386.560546875,5,0.0,0.0
2022-07-22 00:00:00-04:00,26438.400390625,26438.400390625,26438.400390625,26438.400390625,0,0.0,0.0
2022-07-25 00:00:00-04:00,26386.560546875,26386.560546875,26386.560546875,26386.560546875,2,0.0,0.0
2022-07-26 00:00:00-04:00,26360.640625,26386.560546875,26352.86328125,26386.560546875,1,0.0,0.0
2022-07-27 00:00:00-04:00,26386.560546875,26386.560546875,26386.560546875,26386.560546875,0,0.0,0.0
2022-07-28 00:00:00-04:00,26386.560546875,26386.560546875,26386.560546875,26386.560546875,0,0.0,0.0
2022-07-29 00:00:00-04:00,26334.720703125,26386.560546875,26334.720703125,26386.560546875,1,0.0,0.0
2022-08-01 00:00:00-04:00,26386.560546875,26386.560546875,26373.599609375,26373.599609375,0,0.0,0.0
2022-08-02 00:00:00-04:00,26386.560546875,26386.560546875,26334.720703125,26334.720703125,1,0.0,0.0
2022-08-03 00:00:00-04:00,26345.087890625,26464.3203125,26345.087890625,26464.3203125,3,0.0,0.0
2022-08-04 00:00:00-04:00,26464.3203125,26568.0,26438.400390625,26568.0,6,0.0,0.0
2022-08-05 00:00:00-04:00,27190.080078125,27190.080078125,26568.0,26645.759765625,2,0.0,0.0
2022-08-08 00:00:00-04:00,26619.83984375,26645.759765625,26619.83984375,26645.759765625,1,0.0,0.0
2022-08-09 00:00:00-04:00,26568.0,26645.759765625,26568.0,26645.759765625,1,0.0,0.0
2022-08-10 00:00:00-04:00,26645.759765625,26866.080078125,26593.919921875,26593.919921875,47,0.0,0.0
2022-08-11 00:00:00-04:00,26619.83984375,26710.560546875,26593.919921875,26619.83984375,6,0.0,0.0
2022-08-12 00:00:00-04:00,26645.759765625,26671.6796875,26635.392578125,26645.759765625,5,0.0,0.0
2022-08-15 00:00:00-04:00,26762.400390625,26762.400390625,26568.0,26619.83984375,1,0.0,0.0
2022-08-16 00:00:00-04:00,26593.919921875,26593.919921875,26438.400390625,26490.240234375,3,0.0,0.0
2022-08-17 00:00:00-04:00,26490.240234375,26490.240234375,26490.240234375,26490.240234375,0,0.0,0.0
2022-08-18 00:00:00-04:00,26490.240234375,26490.240234375,26490.240234375,26490.240234375,0,0.0,0.0
2022-08-19 00:00:00-04:00,26490.240234375,26490.240234375,26490.240234375,26490.240234375,0,0.0,0.0
2022-08-22 00:00:00-04:00,26334.720703125,26593.919921875,26334.720703125,26593.919921875,2,0.0,0.0
2022-08-23 00:00:00-04:00,26710.560546875,27086.400390625,26334.720703125,26775.359375,15,0.0,0.0
2022-08-24 00:00:00-04:00,26516.16015625,26593.919921875,26516.16015625,26555.0390625,1,0.0,0.0
2022-08-25 00:00:00-04:00,27034.560546875,27034.560546875,27034.560546875,27034.560546875,0,0.0,0.0
2022-08-26 00:00:00-04:00,26516.16015625,26568.0,26516.16015625,26568.0,1,0.0,0.0
2022-08-29 00:00:00-04:00,26604.287109375,26697.599609375,26438.400390625,26516.16015625,6,0.0,0.0
2022-08-30 00:00:00-04:00,26568.0,26645.759765625,26542.080078125,26568.0,10,0.0,0.0
2022-08-31 00:00:00-04:00,26282.880859375,29064.095703125,25155.359375,27216.0,28,0.0,0.0
2022-09-01 00:00:00-04:00,27475.19921875,27734.400390625,26231.0390625,26420.255859375,7,0.0,0.0
2022-09-02 00:00:00-04:00,26438.400390625,27578.880859375,26438.400390625,27501.119140625,2,0.0,0.0
2022-09-06 00:00:00-04:00,27371.51953125,33696.0,23742.720703125,24494.400390625,97,0.0,0.0
2022-09-07 00:00:00-04:00,17184.9609375,19440.0,14541.1201171875,17547.83984375,90,0.0,0.0
2022-09-08 00:00:00-04:00,17314.560546875,19582.560546875,17236.80078125,18273.599609375,22,0.0,0.0
2022-09-09 00:00:00-04:00,18144.0,18299.51953125,15681.599609375,15811.2001953125,20,0.0,0.0
2022-09-12 00:00:00-04:00,15811.2001953125,16848.0,13011.83984375,14515.2001953125,19,0.0,0.0
2022-09-13 00:00:00-04:00,14385.599609375,23457.599609375,11249.2802734375,15500.16015625,659,0.0,0.0
2022-09-14 00:00:00-04:00,16096.3203125,20088.0,14256.0,17236.80078125,1378,0.0,0.0
2022-09-15 00:00:00-04:00,17366.400390625,18377.279296875,15163.2001953125,16640.640625,189,0.0,0.0
2022-09-16 00:00:00-04:00,15914.8798828125,17599.6796875,15577.919921875,16848.0,194,0.0,0.0
2022-09-19 00:00:00-04:00,16796.16015625,19776.9609375,15888.9599609375,18584.640625,567,0.0,0.0
2022-09-20 00:00:00-04:00,17781.119140625,19310.400390625,16562.880859375,17418.240234375,266,0.0,0.0
2022-09-21 00:00:00-04:00,17184.9609375,17340.48046875,16044.48046875,16485.119140625,170,0.0,0.0
2022-09-22 00:00:00-04:00,16225.919921875,16301.087890625,12182.400390625,13374.7197265625,237,0.0,0.0
2022-09-23 00:00:00-04:00,12182.400390625,12389.759765625,11093.759765625,11666.591796875,108,0.0,0.0
2022-09-26 00:00:00-04:00,11301.1201171875,13737.599609375,10290.240234375,12960.0,111,0.0,0.0
2022-09-27 00:00:00-04:00,12804.48046875,13348.7998046875,10419.83984375,10860.48046875,253,0.0,0.0
2022-09-28 00:00:00-04:00,11016.0,11404.7998046875,9357.1201171875,9849.599609375,106,0.0,0.0
2022-09-29 00:00:00-04:00,9590.400390625,9797.759765625,8138.8798828125,9072.0,105,0.0,0.0
2022-09-30 00:00:00-04:00,9486.7197265625,9810.7197265625,8968.3203125,9357.1201171875,50,0.0,0.0
2022-10-03 00:00:00-04:00,8994.240234375,9261.2158203125,8138.8798828125,8786.8798828125,55,0.0,0.0
2022-10-04 00:00:00-04:00,8864.6396484375,8968.3203125,8138.8798828125,8346.240234375,34,0.0,0.0
2022-10-05 00:00:00-04:00,13789.4404296875,16536.9609375,12078.7197265625,16381.4404296875,18479,0.0,0.0
2022-10-06 00:00:00-04:00,15318.7197265625,18558.720703125,13271.0400390625,13815.3603515625,2714,0.0,0.0
2022-10-07 00:00:00-04:00,12571.2001953125,13131.072265625,11897.2802734375,12260.16015625,281,0.0,0.0
2022-10-10 00:00:00-04:00,13970.8798828125,13970.8798828125,10964.16015625,11793.599609375,177,0.0,0.0
2022-10-11 00:00:00-04:00,11352.9599609375,12926.3037109375,11352.9599609375,12908.16015625,114,0.0,0.0
2022-10-12 00:00:00-04:00,12182.400390625,12674.8798828125,11949.1201171875,12493.4404296875,39,0.0,0.0
2022-10-13 00:00:00-04:00,11897.2802734375,12908.16015625,11223.3603515625,12286.080078125,68,0.0,0.0
2022-10-14 00:00:00-04:00,12908.16015625,13219.2001953125,11923.2001953125,12752.6396484375,60,0.0,0.0
2022-10-17 00:00:00-04:00,12752.6396484375,13219.2001953125,11664.0,11845.4404296875,29,0.0,0.0
2022-10-18 00:00:00-04:00,12026.8798828125,12273.1201171875,11301.1201171875,11352.9599609375,29,0.0,0.0
2022-10-19 00:00:00-04:00,11430.7197265625,11474.7841796875,10886.400390625,10912.3203125,25,0.0,0.0
2022-10-20 00:00:00-04:00,11031.5517578125,11143.0078125,10005.1201171875,10756.7998046875,33,0.0,0.0
2022-10-21 00:00:00-04:00,11145.599609375,11145.599609375,9984.3837890625,10212.48046875,17,0.0,0.0
2022-10-24 00:00:00-04:00,10031.0400390625,10318.751953125,8424.0,8605.4404296875,44,0.0,0.0
2022-10-25 00:00:00-04:00,8475.83984375,9072.0,8294.400390625,8449.919921875,28,0.0,0.0
2022-10-26 00:00:00-04:00,8527.6796875,9305.2802734375,8398.080078125,8579.51953125,18,0.0,0.0
2022-10-27 00:00:00-04:00,8786.8798828125,8786.8798828125,8294.400390625,8294.400390625,27,0.0,0.0
2022-10-28 00:00:00-04:00,8424.0,8579.51953125,8320.3203125,8553.599609375,9,0.0,0.0
2022-10-31 00:00:00-04:00,8372.16015625,8812.7998046875,8294.400390625,8786.8798828125,9,0.0,0.0
2022-11-01 00:00:00-04:00,8657.2802734375,8735.0400390625,8372.16015625,8605.4404296875,13,0.0,0.0
2022-11-02 00:00:00-04:00,8683.2001953125,8683.2001953125,8294.400390625,8553.599609375,20,0.0,0.0
2022-11-03 00:00:00-04:00,10368.0,10368.0,8501.759765625,8683.2001953125,12,0.0,0.0
2022-11-04 00:00:00-04:00,9253.4404296875,9642.240234375,8553.599609375,9097.919921875,23,0.0,0.0
2022-11-07 00:00:00-05:00,9072.0,9214.5595703125,8735.0400390625,8942.400390625,27,0.0,0.0
2022-11-08 00:00:00-05:00,8760.9599609375,9979.2001953125,8760.9599609375,9590.400390625,46,0.0,0.0
2022-11-09 00:00:00-05:00,9408.9599609375,10601.2802734375,8994.240234375,9123.83984375,32,0.0,0.0
2022-11-10 00:00:00-05:00,9072.0,9901.4404296875,8372.16015625,8812.7998046875,66,0.0,0.0
2022-11-11 00:00:00-05:00,8994.240234375,9849.599609375,8864.6396484375,9616.3203125,34,0.0,0.0
2022-11-14 00:00:00-05:00,9434.8798828125,10126.9443359375,9105.6962890625,9849.599609375,14,0.0,0.0
2022-11-15 00:00:00-05:00,9642.240234375,10082.8798828125,9460.7998046875,9486.7197265625,12,0.0,0.0
2022-11-16 00:00:00-05:00,9460.7998046875,10108.7998046875,9460.7998046875,9720.0,7,0.0,0.0
2022-11-17 00:00:00-05:00,9486.7197265625,9720.0,9072.0,9123.83984375,5,0.0,0.0
2022-11-18 00:00:00-05:00,9072.0,9331.2001953125,9072.0,9227.51953125,6,0.0,0.0
2022-11-21 00:00:00-05:00,9123.83984375,9460.7998046875,9072.0,9097.919921875,7,0.0,0.0
2022-11-22 00:00:00-05:00,9331.2001953125,10056.9599609375,9331.2001953125,9383.0400390625,14,0.0,0.0
2022-11-23 00:00:00-05:00,9072.0,9800.3515625,9072.0,9331.2001953125,4,0.0,0.0
2022-11-25 00:00:00-05:00,9771.83984375,9771.83984375,9129.0244140625,9694.080078125,6,0.0,0.0
2022-11-28 00:00:00-05:00,9486.7197265625,10082.8798828125,9072.0,9642.240234375,12,0.0,0.0
2022-11-29 00:00:00-05:00,10056.9599609375,10056.9599609375,9110.8798828125,9175.6796875,22,0.0,0.0
2022-11-30 00:00:00-05:00,9771.83984375,9979.2001953125,9224.927734375,9823.6796875,10,0.0,0.0
2022-12-01 00:00:00-05:00,9564.48046875,9927.3603515625,9383.0400390625,9616.3203125,8,0.0,0.0
2022-12-02 00:00:00-05:00,9953.2802734375,9953.2802734375,9178.2724609375,9279.3603515625,13,0.0,0.0
2022-12-05 00:00:00-05:00,9953.2802734375,11664.0,9512.6396484375,11145.599609375,45,0.0,0.0
2022-12-06 00:00:00-05:00,10679.0400390625,11638.080078125,10679.0400390625,11638.080078125,16,0.0,0.0
2022-12-07 00:00:00-05:00,11327.0400390625,11638.080078125,11083.3916015625,11638.080078125,11,0.0,0.0
2022-12-08 00:00:00-05:00,11521.4404296875,12467.51953125,10912.3203125,11689.919921875,26,0.0,0.0
2022-12-09 00:00:00-05:00,11664.0,12830.400390625,11664.0,12674.8798828125,18,0.0,0.0
2022-12-12 00:00:00-05:00,12985.919921875,13608.0,12140.927734375,13556.16015625,27,0.0,0.0
2022-12-13 00:00:00-05:00,12597.1201171875,13737.599609375,12441.599609375,12985.919921875,16,0.0,0.0
2022-12-14 00:00:00-05:00,13608.0,14108.255859375,12856.3203125,13633.919921875,22,0.0,0.0
2022-12-15 00:00:00-05:00,13219.2001953125,13475.8076171875,11689.919921875,11715.83984375,22,0.0,0.0
2022-12-16 00:00:00-05:00,12104.6396484375,13659.83984375,11560.3203125,12415.6796875,118,0.0,0.0
2022-12-19 00:00:00-05:00,12778.5595703125,13089.599609375,12052.7998046875,12571.2001953125,11,0.0,0.0
2022-12-20 00:00:00-05:00,12337.919921875,13322.8798828125,11638.080078125,11664.0,15,0.0,0.0
2022-12-21 00:00:00-05:00,11689.919921875,12052.7998046875,11689.919921875,11949.1201171875,3,0.0,0.0
2022-12-22 00:00:00-05:00,12415.6796875,12415.6796875,11664.0,11689.919921875,18,0.0,0.0
2022-12-23 00:00:00-05:00,11726.2080078125,11923.2001953125,11275.2001953125,11275.2001953125,6,0.0,0.0
2022-12-27 00:00:00-05:00,10912.3203125,11612.16015625,9497.087890625,9797.759765625,7,0.0,0.0
2022-12-28 00:00:00-05:00,10342.080078125,10342.080078125,9408.9599609375,9538.5595703125,3,0.0,0.0
2022-12-29 00:00:00-05:00,9940.3203125,9940.3203125,9331.2001953125,9357.1201171875,2,0.0,0.0
2022-12-30 00:00:00-05:00,9486.7197265625,9849.599609375,9357.1201171875,9694.080078125,9,0.0,0.0
2023-01-03 00:00:00-05:00,9720.0,9880.7041015625,9201.599609375,9616.3203125,11,0.0,0.0
2023-01-04 00:00:00-05:00,9590.400390625,9590.400390625,8735.0400390625,8760.9599609375,11,0.0,0.0
2023-01-05 00:00:00-05:00,8527.6796875,9035.7119140625,8501.759765625,8709.1201171875,3,0.0,0.0
2023-01-06 00:00:00-05:00,8602.84765625,9486.7197265625,8424.0,8864.6396484375,8,0.0,0.0
2023-01-09 00:00:00-05:00,9331.2001953125,10082.8798828125,8501.759765625,9072.0,16,0.0,0.0
2023-01-10 00:00:00-05:00,9072.0,9175.6796875,8838.7197265625,8968.3203125,3,0.0,0.0
2023-01-11 00:00:00-05:00,8665.0556640625,9720.0,8665.0556640625,8838.7197265625,7,0.0,0.0
2023-01-12 00:00:00-05:00,9123.83984375,9849.599609375,9046.080078125,9616.3203125,7,0.0,0.0
2023-01-13 00:00:00-05:00,9383.0400390625,9688.896484375,9046.080078125,9201.599609375,9,0.0,0.0
2023-01-17 00:00:00-05:00,9797.759765625,9797.759765625,9201.599609375,9227.51953125,10,0.0,0.0
2023-01-18 00:00:00-05:00,9331.2001953125,9720.0,8916.48046875,9020.16015625,5,0.0,0.0
2023-01-19 00:00:00-05:00,9396.0,9720.0,8579.51953125,8605.4404296875,5,0.0,0.0
2023-01-20 00:00:00-05:00,9134.2080078125,9434.8798828125,8605.4404296875,8942.400390625,12,0.0,0.0
2023-01-23 00:00:00-05:00,9020.16015625,9434.8798828125,8683.2001953125,8683.2001953125,11,0.0,0.0
2023-01-24 00:00:00-05:00,9072.0,9512.6396484375,9072.0,9253.4404296875,4,0.0,0.0
2023-01-25 00:00:00-05:00,9253.4404296875,9253.4404296875,8812.7998046875,9046.080078125,5,0.0,0.0
2023-01-26 00:00:00-05:00,8838.7197265625,9046.080078125,8644.3203125,8994.240234375,10,0.0,0.0
2023-01-27 00:00:00-05:00,8760.9599609375,9279.3603515625,8760.9599609375,8968.3203125,5,0.0,0.0
2023-01-30 00:00:00-05:00,9072.0,9263.8076171875,8722.080078125,9097.919921875,7,0.0,0.0
2023-01-31 00:00:00-05:00,8994.240234375,9201.599609375,8709.1201171875,8812.7998046875,9,0.0,0.0
2023-02-01 00:00:00-05:00,8968.3203125,9305.2802734375,8683.2001953125,8760.9599609375,14,0.0,0.0
2023-02-02 00:00:00-05:00,8760.9599609375,8994.240234375,8553.599609375,8605.4404296875,10,0.0,0.0
2023-02-03 00:00:00-05:00,9046.080078125,9720.0,8735.0400390625,9201.599609375,24,0.0,0.0
2023-02-06 00:00:00-05:00,9227.51953125,9668.16015625,9072.0,9642.240234375,10,0.0,0.0
2023-02-07 00:00:00-05:00,9434.8798828125,9642.240234375,9149.759765625,9590.400390625,15,0.0,0.0
2023-02-08 00:00:00-05:00,9486.7197265625,9797.759765625,9331.2001953125,9655.2001953125,20,0.0,0.0
2023-02-09 00:00:00-05:00,9797.759765625,10471.6796875,9497.087890625,10134.7197265625,20,0.0,0.0
2023-02-10 00:00:00-05:00,10264.3203125,10303.2001953125,9745.919921875,9745.919921875,11,0.0,0.0
2023-02-13 00:00:00-05:00,9564.48046875,10082.8798828125,9331.2001953125,9953.2802734375,9,0.0,0.0
2023-02-14 00:00:00-05:00,9953.2802734375,10368.0,9953.2802734375,10368.0,8,0.0,0.0
2023-02-15 00:00:00-05:00,10316.16015625,10601.2802734375,10108.7998046875,10108.7998046875,5,0.0,0.0
2023-02-16 00:00:00-05:00,10290.240234375,10368.0,9720.0,9745.919921875,12,0.0,0.0
2023-02-17 00:00:00-05:00,9979.2001953125,10342.080078125,9849.599609375,9875.51953125,17,0.0,0.0
2023-02-21 00:00:00-05:00,9849.599609375,10056.9599609375,9331.2001953125,9797.759765625,12,0.0,0.0
2023-02-22 00:00:00-05:00,9797.759765625,9979.2001953125,9590.400390625,9590.400390625,12,0.0,0.0
2023-02-23 00:00:00-05:00,9590.400390625,9927.3603515625,9590.400390625,9616.3203125,4,0.0,0.0
2023-02-24 00:00:00-05:00,9745.919921875,9976.6083984375,9590.400390625,9616.3203125,5,0.0,0.0
2023-02-27 00:00:00-05:00,9590.400390625,9927.3603515625,9590.400390625,9732.9599609375,9,0.0,0.0
2023-02-28 00:00:00-05:00,9668.16015625,9805.5361328125,9460.7998046875,9642.240234375,12,0.0,0.0
2023-03-01 00:00:00-05:00,9797.759765625,9836.6396484375,9201.599609375,9253.4404296875,3,0.0,0.0
2023-03-02 00:00:00-05:00,9201.599609375,9639.6484375,9201.599609375,9201.599609375,13,0.0,0.0
2023-03-03 00:00:00-05:00,9072.0,9523.0078125,8836.1279296875,9227.51953125,11,0.0,0.0
2023-03-06 00:00:00-05:00,9331.2001953125,9383.0400390625,8164.7998046875,8605.4404296875,14,0.0,0.0
2023-03-07 00:00:00-05:00,8449.919921875,9297.50390625,8449.919921875,8605.4404296875,2,0.0,0.0
2023-03-08 00:00:00-05:00,8812.7998046875,8812.7998046875,8398.080078125,8449.919921875,6,0.0,0.0
2023-03-09 00:00:00-05:00,8527.6796875,8683.2001953125,7776.0,7776.0,32,0.0,0.0
2023-03-10 00:00:00-05:00,7776.0,8268.48046875,6842.8798828125,7490.8798828125,54,0.0,0.0
2023-03-13 00:00:00-04:00,7490.8798828125,7630.84814453125,6998.39990234375,7050.240234375,13,0.0,0.0
2023-03-14 00:00:00-04:00,6531.83984375,7532.35205078125,6531.83984375,7024.31982421875,10,0.0,0.0
2023-03-15 00:00:00-04:00,6868.7998046875,7516.7998046875,6609.60009765625,7128.0,16,0.0,0.0
2023-03-16 00:00:00-04:00,7361.27978515625,7568.64013671875,7205.759765625,7568.64013671875,4,0.0,0.0
2023-03-17 00:00:00-04:00,7516.7998046875,8087.0400390625,7413.1201171875,7853.759765625,25,0.0,0.0
2023-03-20 00:00:00-04:00,8035.2001953125,8035.2001953125,7555.68017578125,7750.080078125,9,0.0,0.0
2023-03-21 00:00:00-04:00,7646.39990234375,8242.5595703125,7646.39990234375,7776.0,25,0.0,0.0
2023-03-22 00:00:00-04:00,7983.35986328125,8190.72021484375,7801.919921875,8164.7998046875,4,0.0,0.0
2023-03-23 00:00:00-04:00,8346.240234375,8346.240234375,7827.83984375,7905.60009765625,11,0.0,0.0
2023-03-24 00:00:00-04:00,7905.60009765625,8268.48046875,7801.919921875,8035.2001953125,11,0.0,0.0
2023-03-27 00:00:00-04:00,7897.82421875,8087.0400390625,7801.919921875,7905.60009765625,3,0.0,0.0
2023-03-28 00:00:00-04:00,8061.1201171875,8061.1201171875,7698.240234375,8035.2001953125,8,0.0,0.0
2023-03-29 00:00:00-04:00,7672.31982421875,8087.0400390625,7542.72021484375,7672.31982421875,18,0.0,0.0
2023-03-30 00:00:00-04:00,7672.31982421875,7776.0,7542.72021484375,7698.240234375,17,0.0,0.0
2023-03-31 00:00:00-04:00,7750.080078125,7776.0,7542.72021484375,7711.2001953125,9,0.0,0.0
2023-04-03 00:00:00-04:00,7776.0,8061.1201171875,7750.080078125,7853.759765625,15,0.0,0.0
2023-04-04 00:00:00-04:00,7646.39990234375,8061.1201171875,7542.72021484375,7568.64013671875,36,0.0,0.0
2023-04-05 00:00:00-04:00,7516.7998046875,7776.0,7516.7998046875,7776.0,7,0.0,0.0
2023-04-06 00:00:00-04:00,7646.39990234375,7656.76806640625,7452.0,7542.72021484375,3,0.0,0.0
2023-04-10 00:00:00-04:00,7361.27978515625,7361.27978515625,6739.2001953125,6791.0400390625,23,0.0,0.0
2023-04-11 00:00:00-04:00,6946.56005859375,7050.240234375,6868.7998046875,7050.240234375,5,0.0,0.0
2023-04-12 00:00:00-04:00,7102.080078125,7283.52001953125,7102.080078125,7128.0,9,0.0,0.0
2023-04-13 00:00:00-04:00,6868.7998046875,6972.47998046875,6350.39990234375,6376.31982421875,43,0.0,0.0
2023-04-14 00:00:00-04:00,6220.7998046875,6402.240234375,5909.759765625,5909.759765625,50,0.0,0.0
2023-04-17 00:00:00-04:00,6298.56005859375,7011.35986328125,6117.1201171875,6920.64013671875,64,0.0,0.0
2023-04-18 00:00:00-04:00,7050.240234375,7050.240234375,6381.50390625,6480.0,13,0.0,0.0
2023-04-19 00:00:00-04:00,6402.240234375,6658.84814453125,6272.64013671875,6272.64013671875,9,0.0,0.0
2023-04-20 00:00:00-04:00,6480.0,6868.7998046875,6454.080078125,6739.2001953125,40,0.0,0.0
2023-04-21 00:00:00-04:00,6816.9599609375,6894.72021484375,6402.240234375,6583.68017578125,5,0.0,0.0
2023-04-24 00:00:00-04:00,6402.240234375,6505.919921875,6324.47998046875,6324.47998046875,8,0.0,0.0
2023-04-25 00:00:00-04:00,6220.7998046875,6298.56005859375,5987.52001953125,6143.0400390625,8,0.0,0.0
2023-04-26 00:00:00-04:00,6091.2001953125,6091.2001953125,5806.080078125,5909.759765625,7,0.0,0.0
2023-04-27 00:00:00-04:00,6065.27978515625,6104.16015625,5909.759765625,5961.60009765625,3,0.0,0.0
2023-04-28 00:00:00-04:00,5896.7998046875,6194.8798828125,5832.0,6091.2001953125,6,0.0,0.0
2023-05-01 00:00:00-04:00,5935.68017578125,6117.1201171875,5935.68017578125,6013.43994140625,3,0.0,0.0
2023-05-02 00:00:00-04:00,5935.68017578125,6376.31982421875,5780.16015625,6324.47998046875,16,0.0,0.0
2023-05-03 00:00:00-04:00,6168.9599609375,6350.39990234375,6091.2001953125,6091.2001953125,11,0.0,0.0
2023-05-04 00:00:00-04:00,6428.16015625,6428.16015625,6039.35986328125,6220.7998046875,17,0.0,0.0
2023-05-05 00:00:00-04:00,6168.9599609375,6168.9599609375,5780.16015625,5909.759765625,15,0.0,0.0
2023-05-08 00:00:00-04:00,5832.0,5832.0,5469.1201171875,5469.1201171875,27,0.0,0.0
2023-05-09 00:00:00-04:00,5469.1201171875,5754.240234375,5339.52001953125,5365.43994140625,5,0.0,0.0
2023-05-10 00:00:00-04:00,5572.7998046875,6091.2001953125,5295.4560546875,6091.2001953125,16,0.0,0.0
2023-05-11 00:00:00-04:00,6194.8798828125,6609.60009765625,5987.52001953125,5987.52001953125,56,0.0,0.0
2023-05-12 00:00:00-04:00,6272.64013671875,6272.64013671875,5624.64013671875,5935.68017578125,11,0.0,0.0
2023-05-15 00:00:00-04:00,5754.240234375,6039.35986328125,5572.7998046875,5650.56005859375,9,0.0,0.0
2023-05-16 00:00:00-04:00,5728.31982421875,5728.31982421875,5209.919921875,5339.52001953125,14,0.0,0.0
2023-05-17 00:00:00-04:00,5417.27978515625,5417.27978515625,4950.72021484375,5158.080078125,9,0.0,0.0
2023-05-18 00:00:00-04:00,5002.56005859375,5150.30419921875,4795.2001953125,4924.7998046875,11,0.0,0.0
2023-05-19 00:00:00-04:00,4821.1201171875,4924.7998046875,4406.39990234375,4484.16015625,34,0.0,0.0
2023-05-22 00:00:00-04:00,4691.52001953125,4924.7998046875,4434.912109375,4924.7998046875,18,0.0,0.0
2023-05-23 00:00:00-04:00,5158.080078125,5184.0,4510.080078125,4652.64013671875,40,0.0,0.0
2023-05-24 00:00:00-04:00,4639.68017578125,4665.60009765625,4484.16015625,4587.83984375,4,0.0,0.0
2023-05-25 00:00:00-04:00,4872.9599609375,4911.83984375,4406.39990234375,4458.240234375,18,0.0,0.0
2023-05-26 00:00:00-04:00,4847.0400390625,5002.56005859375,4510.080078125,4587.83984375,19,0.0,0.0
2023-05-30 00:00:00-04:00,4665.60009765625,5572.7998046875,4613.759765625,5184.0,64,0.0,0.0
2023-05-31 00:00:00-04:00,5287.68017578125,5443.2001953125,4743.35986328125,5054.39990234375,29,0.0,0.0
2023-06-01 00:00:00-04:00,5305.82421875,5305.82421875,4976.64013671875,5184.0,24,0.0,0.0
2023-06-02 00:00:00-04:00,5184.0,5251.39208984375,5132.16015625,5132.16015625,6,0.0,0.0
2023-06-05 00:00:00-04:00,5184.0,5443.2001953125,4976.64013671875,4976.64013671875,12,0.0,0.0
2023-06-06 00:00:00-04:00,5184.0,5287.68017578125,5002.56005859375,5196.9599609375,12,0.0,0.0
2023-06-07 00:00:00-04:00,5287.68017578125,5313.60009765625,5002.56005859375,5158.080078125,3,0.0,0.0
2023-06-08 00:00:00-04:00,5417.27978515625,5417.27978515625,5106.240234375,5106.240234375,6,0.0,0.0
2023-06-09 00:00:00-04:00,5184.0,5313.60009765625,4872.9599609375,4898.8798828125,8,0.0,0.0
2023-06-12 00:00:00-04:00,4769.27978515625,5209.919921875,4717.43994140625,5080.31982421875,13,0.0,0.0
2023-06-13 00:00:00-04:00,5158.080078125,5832.0,5158.080078125,5572.7998046875,10,0.0,0.0
2023-06-14 00:00:00-04:00,5443.2001953125,5624.64013671875,5443.2001953125,5469.1201171875,3,0.0,0.0
2023-06-15 00:00:00-04:00,5832.0,5832.0,5443.2001953125,5660.92822265625,11,0.0,0.0
2023-06-16 00:00:00-04:00,5572.7998046875,6454.080078125,5520.9599609375,6454.080078125,69,0.0,0.0
2023-06-20 00:00:00-04:00,6324.47998046875,6454.080078125,5339.52001953125,5443.2001953125,19,0.0,0.0
2023-06-21 00:00:00-04:00,5443.2001953125,5572.7998046875,5313.60009765625,5313.60009765625,23,0.0,0.0
2023-06-22 00:00:00-04:00,5313.60009765625,5378.39990234375,5106.240234375,5132.16015625,9,0.0,0.0
2023-06-23 00:00:00-04:00,6194.8798828125,6350.39990234375,5235.83984375,5961.60009765625,4645,0.0,0.0
2023-06-26 00:00:00-04:00,5417.27978515625,5443.2001953125,4349.3759765625,4717.43994140625,335,0.0,0.0
2023-06-27 00:00:00-04:00,4691.52001953125,5313.60009765625,4691.52001953125,5235.83984375,164,0.0,0.0
2023-06-28 00:00:00-04:00,5184.0,5365.43994140625,5054.39990234375,5287.68017578125,46,0.0,0.0
2023-06-29 00:00:00-04:00,5365.43994140625,5520.9599609375,5158.080078125,5365.43994140625,39,0.0,0.0
2023-06-30 00:00:00-04:00,5469.1201171875,5546.8798828125,5184.0,5365.43994140625,33,0.0,0.0
2023-07-03 00:00:00-04:00,5261.759765625,5715.35986328125,5184.0,5676.47998046875,25,0.0,0.0
2023-07-05 00:00:00-04:00,5780.16015625,5780.16015625,5391.35986328125,5546.8798828125,20,0.0,0.0
2023-07-06 00:00:00-04:00,5443.2001953125,5624.64013671875,5417.27978515625,5469.1201171875,17,0.0,0.0
2023-07-07 00:00:00-04:00,5469.1201171875,5650.56005859375,5287.68017578125,5313.60009765625,45,0.0,0.0
2023-07-10 00:00:00-04:00,5469.1201171875,5702.39990234375,5339.52001953125,5572.7998046875,30,0.0,0.0
2023-07-11 00:00:00-04:00,5702.39990234375,5702.39990234375,5391.35986328125,5520.9599609375,7,0.0,0.0
2023-07-12 00:00:00-04:00,5495.0400390625,5495.0400390625,5209.919921875,5339.52001953125,18,0.0,0.0
2023-07-13 00:00:00-04:00,5209.919921875,5495.0400390625,5209.919921875,5365.43994140625,17,0.0,0.0
2023-07-14 00:00:00-04:00,5443.2001953125,5443.2001953125,5235.83984375,5443.2001953125,11,0.0,0.0
2023-07-17 00:00:00-04:00,5443.2001953125,5676.47998046875,5352.47998046875,5520.9599609375,11,0.0,0.0
2023-07-18 00:00:00-04:00,5520.9599609375,5572.7998046875,5287.68017578125,5572.7998046875,8,0.0,0.0
2023-07-19 00:00:00-04:00,5598.72021484375,5598.72021484375,5417.27978515625,5572.7998046875,9,0.0,0.0
2023-07-20 00:00:00-04:00,5495.0400390625,5572.7998046875,4976.64013671875,5106.240234375,41,0.0,0.0
2023-07-21 00:00:00-04:00,5080.31982421875,5339.52001953125,5080.31982421875,5313.60009765625,7,0.0,0.0
2023-07-24 00:00:00-04:00,5261.759765625,5443.2001953125,5235.83984375,5417.27978515625,7,0.0,0.0
2023-07-25 00:00:00-04:00,5443.2001953125,5443.2001953125,5132.16015625,5158.080078125,9,0.0,0.0
2023-07-26 00:00:00-04:00,5339.52001953125,5339.52001953125,5054.39990234375,5132.16015625,9,0.0,0.0
2023-07-27 00:00:00-04:00,5106.240234375,5158.080078125,5018.11181640625,5028.47998046875,6,0.0,0.0
2023-07-28 00:00:00-04:00,5106.240234375,5443.2001953125,5054.39990234375,5261.759765625,23,0.0,0.0
2023-07-31 00:00:00-04:00,5339.52001953125,5339.52001953125,5142.52783203125,5184.0,6,0.0,0.0
2023-08-01 00:00:00-04:00,5158.080078125,5261.759765625,5080.31982421875,5184.0,14,0.0,0.0
2023-08-02 00:00:00-04:00,5132.16015625,5287.68017578125,4976.64013671875,5054.39990234375,14,0.0,0.0
2023-08-03 00:00:00-04:00,5002.56005859375,5132.16015625,4948.1279296875,5054.39990234375,14,0.0,0.0
2023-08-04 00:00:00-04:00,5080.31982421875,5132.16015625,4950.72021484375,5002.56005859375,5,0.0,0.0
2023-08-07 00:00:00-04:00,4924.7998046875,5129.56787109375,4898.8798828125,4898.8798828125,9,0.0,0.0
2023-08-08 00:00:00-04:00,4898.8798828125,4950.72021484375,4847.0400390625,4924.7998046875,11,0.0,0.0
2023-08-09 00:00:00-04:00,4924.7998046875,5054.39990234375,4847.0400390625,4950.72021484375,12,0.0,0.0
2023-08-10 00:00:00-04:00,5261.759765625,5261.759765625,4665.60009765625,4691.52001953125,30,0.0,0.0
2023-08-11 00:00:00-04:00,5080.31982421875,5106.240234375,4691.52001953125,4976.64013671875,18,0.0,0.0
2023-08-14 00:00:00-04:00,5054.39990234375,5067.35986328125,4860.0,4950.72021484375,9,0.0,0.0
2023-08-15 00:00:00-04:00,4872.9599609375,4950.72021484375,4717.43994140625,4950.72021484375,6,0.0,0.0
2023-08-16 00:00:00-04:00,4872.9599609375,4976.64013671875,4821.1201171875,4968.86376953125,4,0.0,0.0
2023-08-17 00:00:00-04:00,4872.9599609375,5067.35986328125,4872.9599609375,5002.56005859375,6,0.0,0.0
2023-08-18 00:00:00-04:00,5002.56005859375,5261.759765625,4935.16796875,5184.0,13,0.0,0.0
2023-08-21 00:00:00-04:00,5184.0,5184.0,4950.72021484375,5028.47998046875,6,0.0,0.0
2023-08-22 00:00:00-04:00,5002.56005859375,5235.83984375,5002.56005859375,5196.9599609375,8,0.0,0.0
2023-08-23 00:00:00-04:00,5106.240234375,5184.0,5054.39990234375,5158.080078125,5,0.0,0.0
2023-08-24 00:00:00-04:00,5080.31982421875,5259.16796875,5054.39990234375,5054.39990234375,6,0.0,0.0
2023-08-25 00:00:00-04:00,5184.0,5184.0,5054.39990234375,5184.0,7,0.0,0.0
2023-08-28 00:00:00-04:00,5184.0,5378.39990234375,5080.31982421875,5313.60009765625,20,0.0,0.0
2023-08-29 00:00:00-04:00,5391.35986328125,5495.0400390625,5209.919921875,5495.0400390625,17,0.0,0.0
2023-08-30 00:00:00-04:00,5313.60009765625,5495.0400390625,5184.0,5235.83984375,19,0.0,0.0
2023-08-31 00:00:00-04:00,5287.68017578125,5417.27978515625,5184.0,5235.83984375,19,0.0,0.0
2023-09-01 00:00:00-04:00,5184.0,5313.60009765625,5132.16015625,5184.0,8,0.0,0.0
2023-09-05 00:00:00-04:00,5313.60009765625,5546.8798828125,5248.7998046875,5443.2001953125,14,0.0,0.0
2023-09-06 00:00:00-04:00,5598.72021484375,5598.72021484375,5287.68017578125,5391.35986328125,8,0.0,0.0
2023-09-07 00:00:00-04:00,5339.52001953125,5702.39990234375,5287.68017578125,5365.43994140625,12,0.0,0.0
2023-09-08 00:00:00-04:00,5546.8798828125,5559.83984375,5235.83984375,5235.83984375,9,0.0,0.0
2023-09-11 00:00:00-04:00,5184.0,5417.27978515625,5002.56005859375,5184.0,26,0.0,0.0
2023-09-12 00:00:00-04:00,5261.759765625,5443.2001953125,5028.47998046875,5184.0,16,0.0,0.0
2023-09-13 00:00:00-04:00,5196.9599609375,5287.68017578125,5184.0,5209.919921875,9,0.0,0.0
2023-09-14 00:00:00-04:00,5857.919921875,6013.43994140625,4795.2001953125,5184.0,2932,0.0,0.0
2023-09-15 00:00:00-04:00,4976.64013671875,5209.919921875,4924.7998046875,4950.72021484375,176,0.0,0.0
2023-09-18 00:00:00-04:00,4924.7998046875,5041.43994140625,4924.7998046875,5002.56005859375,58,0.0,0.0
2023-09-19 00:00:00-04:00,4898.8798828125,5261.759765625,4872.9599609375,5132.16015625,33,0.0,0.0
2023-09-20 00:00:00-04:00,5106.240234375,5209.919921875,4976.64013671875,5158.080078125,20,0.0,0.0
2023-09-21 00:00:00-04:00,5209.919921875,5209.919921875,5054.39990234375,5132.16015625,25,0.0,0.0
2023-09-22 00:00:00-04:00,5054.39990234375,5106.240234375,4950.72021484375,4950.72021484375,20,0.0,0.0
2023-09-25 00:00:00-04:00,4924.7998046875,5054.39990234375,4898.8798828125,4950.72021484375,19,0.0,0.0
2023-09-26 00:00:00-04:00,4847.0400390625,4976.64013671875,4847.0400390625,4924.7998046875,37,0.0,0.0
2023-09-27 00:00:00-04:00,4821.1201171875,4950.72021484375,4691.52001953125,4691.52001953125,20,0.0,0.0
2023-09-28 00:00:00-04:00,4639.68017578125,4691.52001953125,4523.0400390625,4561.919921875,12,0.0,0.0
2023-09-29 00:00:00-04:00,4536.0,4743.35986328125,4536.0,4587.83984375,17,0.0,0.0
2023-10-02 00:00:00-04:00,4613.759765625,4639.68017578125,4458.240234375,4639.68017578125,15,0.0,0.0
2023-10-03 00:00:00-04:00,4665.60009765625,4769.27978515625,4510.080078125,4769.27978515625,17,0.0,0.0
2023-10-04 00:00:00-04:00,4639.68017578125,4898.8798828125,4561.919921875,4898.8798828125,25,0.0,0.0
2023-10-05 00:00:00-04:00,4898.8798828125,5106.240234375,4668.19189453125,5054.39990234375,45,0.0,0.0
2023-10-06 00:00:00-04:00,4950.72021484375,4950.72021484375,4847.0400390625,4898.8798828125,7,0.0,0.0
2023-10-09 00:00:00-04:00,4950.72021484375,4950.72021484375,4665.60009765625,4950.72021484375,11,0.0,0.0
2023-10-10 00:00:00-04:00,5054.39990234375,5054.39990234375,4743.35986328125,4924.7998046875,7,0.0,0.0
2023-10-11 00:00:00-04:00,4691.52001953125,4898.8798828125,4639.68017578125,4639.68017578125,22,0.0,0.0
2023-10-12 00:00:00-04:00,4613.759765625,4950.72021484375,4613.759765625,4717.43994140625,4,0.0,0.0
2023-10-13 00:00:00-04:00,4691.52001953125,4904.06396484375,4561.919921875,4769.27978515625,3,0.0,0.0
2023-10-16 00:00:00-04:00,4665.60009765625,4898.8798828125,4665.60009765625,4847.0400390625,6,0.0,0.0
2023-10-17 00:00:00-04:00,4743.35986328125,4872.9599609375,4613.759765625,4613.759765625,8,0.0,0.0
2023-10-18 00:00:00-04:00,4613.759765625,4769.27978515625,4613.759765625,4712.255859375,2,0.0,0.0
2023-10-19 00:00:00-04:00,4639.68017578125,4795.2001953125,4639.68017578125,4717.43994140625,2,0.0,0.0
2023-10-20 00:00:00-04:00,4561.919921875,4769.27978515625,4561.919921875,4665.60009765625,8,0.0,0.0
2023-10-23 00:00:00-04:00,4561.919921875,4795.2001953125,4510.080078125,4769.27978515625,10,0.0,0.0
2023-10-24 00:00:00-04:00,4691.52001953125,4795.2001953125,4561.919921875,4743.35986328125,7,0.0,0.0
2023-10-25 00:00:00-04:00,4561.919921875,4743.35986328125,4543.77587890625,4546.3681640625,8,0.0,0.0
2023-10-26 00:00:00-04:00,4536.0,4717.43994140625,4536.0,4691.52001953125,10,0.0,0.0
2023-10-27 00:00:00-04:00,4665.60009765625,4898.8798828125,4665.60009765625,4821.1201171875,4,0.0,0.0
2023-10-30 00:00:00-04:00,4795.2001953125,4950.72021484375,4753.72802734375,4924.7998046875,6,0.0,0.0
2023-10-31 00:00:00-04:00,4769.27978515625,4976.64013671875,4717.43994140625,4717.43994140625,9,0.0,0.0
2023-11-01 00:00:00-04:00,4691.52001953125,4924.7998046875,4691.52001953125,4924.7998046875,5,0.0,0.0
2023-11-02 00:00:00-04:00,4898.8798828125,5028.47998046875,4740.76806640625,4904.06396484375,8,0.0,0.0
2023-11-03 00:00:00-04:00,4802.97607421875,4847.0400390625,4665.60009765625,4665.60009765625,16,0.0,0.0
2023-11-06 00:00:00-05:00,4639.68017578125,4795.2001953125,4639.68017578125,4665.60009765625,8,0.0,0.0
2023-11-07 00:00:00-05:00,4639.68017578125,4922.2080078125,4600.7998046875,4613.759765625,10,0.0,0.0
2023-11-08 00:00:00-05:00,4536.0,4743.35986328125,4536.0,4639.68017578125,9,0.0,0.0
2023-11-09 00:00:00-05:00,4639.68017578125,4743.35986328125,4512.671875,4665.60009765625,7,0.0,0.0
2023-11-10 00:00:00-05:00,4639.68017578125,4717.43994140625,4510.080078125,4536.0,5,0.0,0.0
2023-11-13 00:00:00-05:00,4720.0322265625,4720.0322265625,4458.240234375,4639.68017578125,10,0.0,0.0
2023-11-14 00:00:00-05:00,4717.43994140625,4743.35986328125,4510.080078125,4613.759765625,7,0.0,0.0
2023-11-15 00:00:00-05:00,4484.16015625,4704.47998046875,4302.72021484375,4302.72021484375,21,0.0,0.0
2023-11-16 00:00:00-05:00,4328.64013671875,4530.81591796875,4199.0400390625,4199.0400390625,8,0.0,0.0
2023-11-17 00:00:00-05:00,4199.0400390625,4380.47998046875,4199.0400390625,4199.0400390625,4,0.0,0.0
2023-11-20 00:00:00-05:00,4199.0400390625,4380.47998046875,4199.0400390625,4302.72021484375,4,0.0,0.0
2023-11-21 00:00:00-05:00,4328.64013671875,4380.47998046875,4224.9599609375,4276.7998046875,6,0.0,0.0
2023-11-22 00:00:00-05:00,4199.0400390625,4458.240234375,4199.0400390625,4323.4560546875,5,0.0,0.0
2023-11-24 00:00:00-05:00,4328.64013671875,4458.240234375,4302.72021484375,4328.64013671875,11,0.0,0.0
2023-11-27 00:00:00-05:00,4458.240234375,4458.240234375,4147.2001953125,4147.2001953125,14,0.0,0.0
2023-11-28 00:00:00-05:00,4173.1201171875,4354.56005859375,4147.2001953125,4224.9599609375,6,0.0,0.0
2023-11-29 00:00:00-05:00,4302.72021484375,4302.72021484375,3758.39990234375,3836.159912109375,26,0.0,0.0
2023-11-30 00:00:00-05:00,3784.320068359375,3810.239990234375,3421.43994140625,3499.199951171875,10,0.0,0.0
2023-12-01 00:00:00-05:00,3706.56005859375,3706.56005859375,2643.840087890625,2851.199951171875,46,0.0,0.0
2023-12-04 00:00:00-05:00,3240.0,3291.840087890625,2864.159912109375,2980.800048828125,62,0.0,0.0
2023-12-05 00:00:00-05:00,2980.800048828125,3058.56005859375,2773.43994140625,2825.280029296875,22,0.0,0.0
2023-12-06 00:00:00-05:00,2799.360107421875,2838.239990234375,2485.72802734375,2540.159912109375,41,0.0,0.0
2023-12-07 00:00:00-05:00,2669.760009765625,2695.679931640625,2540.159912109375,2540.159912109375,18,0.0,0.0
2023-12-08 00:00:00-05:00,2592.0,2592.0,2358.719970703125,2410.56005859375,34,0.0,0.0
2023-12-11 00:00:00-05:00,2420.927978515625,2420.927978515625,1972.511962890625,2034.719970703125,67,0.0,0.0
2023-12-12 00:00:00-05:00,2073.60009765625,2125.43994140625,1866.239990234375,1969.9200439453125,31,0.0,0.0
2023-12-13 00:00:00-05:00,1897.343994140625,1990.656005859375,1897.343994140625,1902.5279541015625,15,0.0,0.0
2023-12-14 00:00:00-05:00,1946.592041015625,2091.743896484375,1931.0400390625,1969.9200439453125,19,0.0,0.0
2023-12-15 00:00:00-05:00,1995.8399658203125,2047.6800537109375,1881.7919921875,1881.7919921875,24,0.0,0.0
2023-12-18 00:00:00-05:00,1814.4000244140625,2073.60009765625,1814.4000244140625,1915.488037109375,44,0.0,0.0
2023-12-19 00:00:00-05:00,1918.0799560546875,2060.639892578125,1861.0560302734375,1938.8160400390625,102,0.0,0.0
2023-12-20 00:00:00-05:00,1944.0,1964.7359619140625,1829.9520263671875,1829.9520263671875,66,0.0,0.0
2023-12-21 00:00:00-05:00,1840.3199462890625,2013.9840087890625,1829.9520263671875,1907.7120361328125,101,0.0,0.0
2023-12-22 00:00:00-05:00,1918.0799560546875,1977.696044921875,1886.9759521484375,1905.1199951171875,73,0.0,0.0
2023-12-26 00:00:00-05:00,2063.23193359375,2071.008056640625,1814.4000244140625,1842.9119873046875,132,0.0,0.0
2023-12-27 00:00:00-05:00,1866.239990234375,1969.9200439453125,1832.5439453125,1941.407958984375,247,0.0,0.0
2023-12-28 00:00:00-05:00,1982.8800048828125,2042.4959716796875,1814.4000244140625,1840.3199462890625,229,0.0,0.0
2023-12-29 00:00:00-05:00,1866.239990234375,1918.0799560546875,1521.5040283203125,1757.3759765625,281,0.0,0.0
2024-01-02 00:00:00-05:00,1788.47998046875,1816.991943359375,1503.3599853515625,1539.64794921875,261,0.0,0.0
2024-01-03 00:00:00-05:00,1539.64794921875,1578.5279541015625,1244.1600341796875,1296.0,307,0.0,0.0
2024-01-04 00:00:00-05:00,1270.0799560546875,1423.008056640625,1096.416015625,1391.904052734375,471,0.0,0.0
2024-01-05 00:00:00-05:00,1394.4959716796875,1394.4959716796875,1244.1600341796875,1272.6719970703125,208,0.0,0.0
2024-01-08 00:00:00-05:00,1244.1600341796875,1249.343994140625,909.7919921875,953.8560180664062,472,0.0,0.0
2024-01-09 00:00:00-05:00,925.343994140625,948.6719970703125,725.760009765625,759.4559936523438,464,0.0,0.0
2024-01-10 00:00:00-05:00,1036.800048828125,1713.31201171875,938.3040161132812,1355.615966796875,43551,0.0,0.0
2024-01-11 00:00:00-05:00,1355.615966796875,1464.47998046875,1251.93603515625,1378.9439697265625,3141,0.0,0.0
2024-01-12 00:00:00-05:00,1420.416015625,1420.416015625,1197.5040283203125,1365.9840087890625,1133,0.0,0.0
2024-01-16 00:00:00-05:00,1296.0,1347.8399658203125,1122.3360595703125,1192.3199462890625,504,0.0,0.0
2024-01-17 00:00:00-05:00,1127.52001953125,1156.031982421875,956.447998046875,1052.35205078125,340,0.0,0.0
2024-01-18 00:00:00-05:00,1021.2479858398438,1034.2080078125,925.343994140625,982.3679809570312,256,0.0,0.0
2024-01-19 00:00:00-05:00,997.9199829101562,1023.8400268554688,912.3839721679688,1000.5120239257812,195,0.0,0.0
2024-01-22 00:00:00-05:00,1010.8800048828125,1114.56005859375,907.2000122070312,1039.3919677734375,161,0.0,0.0
2024-01-23 00:00:00-05:00,1088.6400146484375,1166.4000244140625,1039.3919677734375,1099.008056640625,139,0.0,0.0
2024-01-24 00:00:00-05:00,1150.8480224609375,1231.199951171875,1114.56005859375,1220.83203125,137,0.0,0.0
2024-01-25 00:00:00-05:00,1228.6080322265625,1228.6080322265625,1148.2559814453125,1166.4000244140625,105,0.0,0.0
2024-01-26 00:00:00-05:00,1207.8719482421875,1233.7919921875,1148.2559814453125,1161.2159423828125,137,0.0,0.0
2024-01-29 00:00:00-05:00,1161.2159423828125,1161.2159423828125,1067.904052734375,1114.56005859375,46,0.0,0.0
2024-01-30 00:00:00-05:00,1114.56005859375,1218.239990234375,1075.6800537109375,1189.72802734375,95,0.0,0.0
2024-01-31 00:00:00-05:00,1114.56005859375,1200.095947265625,1093.823974609375,1130.112060546875,70,0.0,0.0
2024-02-01 00:00:00-05:00,1132.7039794921875,1132.7039794921875,1093.823974609375,1127.52001953125,43,0.0,0.0
2024-02-02 00:00:00-05:00,1135.2960205078125,1158.6240234375,1093.823974609375,1096.416015625,44,0.0,0.0
2024-02-05 00:00:00-05:00,1088.6400146484375,1088.6400146484375,881.280029296875,909.7919921875,216,0.0,0.0
2024-02-06 00:00:00-05:00,907.2000122070312,948.6719970703125,800.927978515625,819.072021484375,129,0.0,0.0
2024-02-07 00:00:00-05:00,829.4400024414062,876.0960083007812,829.4400024414062,868.3200073242188,180,0.0,0.0
2024-02-08 00:00:00-05:00,842.4000244140625,904.6079711914062,842.4000244140625,899.4240112304688,126,0.0,0.0
2024-02-09 00:00:00-05:00,870.9119873046875,896.8319702148438,816.47998046875,832.031982421875,92,0.0,0.0
2024-02-12 00:00:00-05:00,832.031982421875,855.3599853515625,767.2319946289062,777.5999755859375,110,0.0,0.0
2024-02-13 00:00:00-05:00,777.5999755859375,777.5999755859375,712.7999877929688,730.9439697265625,132,0.0,0.0
2024-02-14 00:00:00-05:00,767.2319946289062,800.927978515625,751.6799926757812,785.3759765625,103,0.0,0.0
2024-02-15 00:00:00-05:00,775.0079956054688,803.52001953125,751.6799926757812,756.864013671875,90,0.0,0.0
2024-02-16 00:00:00-05:00,756.864013671875,764.6400146484375,699.8400268554688,730.9439697265625,107,0.0,0.0
2024-02-20 00:00:00-05:00,775.0079956054688,777.5999755859375,728.3519897460938,775.0079956054688,93,0.0,0.0
2024-02-21 00:00:00-05:00,751.6799926757812,816.47998046875,749.0880126953125,769.823974609375,82,0.0,0.0
2024-02-22 00:00:00-05:00,767.2319946289062,798.3359985351562,702.4320068359375,725.760009765625,160,0.0,0.0
2024-02-23 00:00:00-05:00,699.8400268554688,723.1680297851562,658.3679809570312,686.8800048828125,95,0.0,0.0
2024-02-26 00:00:00-05:00,712.7999877929688,777.5999755859375,694.656005859375,775.0079956054688,144,0.0,0.0
2024-02-27 00:00:00-05:00,775.0079956054688,855.3599853515625,746.4959716796875,793.1519775390625,310,0.0,0.0
2024-02-28 00:00:00-05:00,1117.1519775390625,1127.52001953125,844.9920043945312,907.2000122070312,20170,0.0,0.0
2024-02-29 00:00:00-05:00,803.52001953125,829.4400024414062,717.9840087890625,725.760009765625,1701,0.0,0.0
2024-03-01 00:00:00-05:00,679.10400390625,787.968017578125,648.0,762.0479736328125,1030,0.0,0.0
2024-03-04 00:00:00-05:00,769.823974609375,769.823974609375,673.9199829101562,697.2479858398438,347,0.0,0.0
2024-03-05 00:00:00-05:00,681.6959838867188,720.5759887695312,622.0800170898438,648.0,527,0.0,0.0
2024-03-06 00:00:00-05:00,642.8159790039062,686.8800048828125,629.8560180664062,686.8800048828125,390,0.0,0.0
2024-03-07 00:00:00-05:00,717.9840087890625,717.9840087890625,655.7760009765625,663.552001953125,288,0.0,0.0
2024-03-08 00:00:00-05:00,684.2880249023438,684.2880249023438,624.6719970703125,629.8560180664062,314,0.0,0.0
2024-03-11 00:00:00-04:00,616.89599609375,642.8159790039062,601.343994140625,614.3040161132812,296,0.0,0.0
2024-03-12 00:00:00-04:00,590.9760131835938,596.1599731445312,461.3760070800781,482.11199951171875,1005,0.0,0.0
2024-03-13 00:00:00-04:00,466.55999755859375,546.9119873046875,466.55999755859375,518.4000244140625,356,0.0,0.0
2024-03-14 00:00:00-04:00,518.4000244140625,749.0880126953125,518.4000244140625,648.0,2656,0.0,0.0
2024-03-15 00:00:00-04:00,632.447998046875,673.9199829101562,596.1599731445312,616.89599609375,412,0.0,0.0
2024-03-18 00:00:00-04:00,642.8159790039062,655.7760009765625,601.343994140625,609.1199951171875,161,0.0,0.0
2024-03-19 00:00:00-04:00,609.1199951171875,710.2080078125,603.9359741210938,635.0399780273438,217,0.0,0.0
2024-03-20 00:00:00-04:00,648.0,655.7760009765625,572.8319702148438,611.7119750976562,184,0.0,0.0
2024-03-21 00:00:00-04:00,593.5679931640625,648.0,585.7919921875,611.7119750976562,125,0.0,0.0
2024-03-22 00:00:00-04:00,598.7520141601562,673.9199829101562,585.7919921875,673.9199829101562,258,0.0,0.0
2024-03-25 00:00:00-04:00,681.6959838867188,681.6959838867188,596.1599731445312,660.9600219726562,150,0.0,0.0
2024-03-26 00:00:00-04:00,660.9600219726562,699.8400268554688,632.447998046875,689.4719848632812,154,0.0,0.0
2024-03-27 00:00:00-04:00,710.2080078125,741.31201171875,686.8800048828125,728.3519897460938,180,0.0,0.0
2024-03-28 00:00:00-04:00,725.760009765625,956.447998046875,725.760009765625,829.4400024414062,1031,0.0,0.0
2024-04-01 00:00:00-04:00,842.4000244140625,842.4000244140625,707.6160278320312,762.0479736328125,389,0.0,0.0
2024-04-02 00:00:00-04:00,816.47998046875,826.8480224609375,725.760009765625,772.416015625,134,0.0,0.0
2024-04-03 00:00:00-04:00,749.0880126953125,821.6640014648438,725.760009765625,751.6799926757812,190,0.0,0.0
2024-04-04 00:00:00-04:00,777.5999755859375,777.5999755859375,707.6160278320312,725.760009765625,116,0.0,0.0
2024-04-05 00:00:00-04:00,725.760009765625,730.9439697265625,684.2880249023438,694.656005859375,131,0.0,0.0
2024-04-08 00:00:00-04:00,699.8400268554688,749.0880126953125,635.0399780273438,676.5120239257812,1516,0.0,0.0
2024-04-09 00:00:00-04:00,673.9199829101562,686.8800048828125,635.0399780273438,663.552001953125,339,0.0,0.0
2024-04-10 00:00:00-04:00,622.0800170898438,632.447998046875,544.3200073242188,585.7919921875,472,0.0,0.0
2024-04-11 00:00:00-04:00,562.4639892578125,648.0,559.8720092773438,570.239990234375,317,0.0,0.0
2024-04-12 00:00:00-04:00,570.239990234375,611.7119750976562,567.6480102539062,590.9760131835938,224,0.0,0.0
2024-04-15 00:00:00-04:00,572.8319702148438,596.1599731445312,565.0560302734375,590.9760131835938,185,0.0,0.0
2024-04-16 00:00:00-04:00,593.5679931640625,596.1599731445312,518.4000244140625,557.280029296875,155,0.0,0.0
2024-04-17 00:00:00-04:00,518.4000244140625,583.2000122070312,518.4000244140625,572.8319702148438,133,0.0,0.0
2024-04-18 00:00:00-04:00,570.239990234375,583.2000122070312,531.3599853515625,583.2000122070312,177,0.0,0.0
2024-04-19 00:00:00-04:00,570.239990234375,583.2000122070312,531.3599853515625,557.280029296875,88,0.0,0.0
2024-04-22 00:00:00-04:00,544.3200073242188,570.239990234375,520.9920043945312,520.9920043945312,85,0.0,0.0
2024-04-23 00:00:00-04:00,523.583984375,544.3200073242188,505.44000244140625,518.4000244140625,69,0.0,0.0
2024-04-24 00:00:00-04:00,508.0320129394531,531.3599853515625,474.33599853515625,495.0719909667969,113,0.0,0.0
2024-04-25 00:00:00-04:00,526.176025390625,526.176025390625,495.0719909667969,518.4000244140625,41,0.0,0.0
2024-04-26 00:00:00-04:00,531.3599853515625,531.3599853515625,479.5199890136719,492.4800109863281,104,0.0,0.0
2024-04-29 00:00:00-04:00,508.0320129394531,518.4000244140625,492.4800109863281,518.4000244140625,59,0.0,0.0
2024-04-30 00:00:00-04:00,513.2160034179688,590.9760131835938,497.66400146484375,539.135986328125,248,0.0,0.0
2024-05-01 00:00:00-04:00,533.9520263671875,541.72802734375,500.2560119628906,502.8479919433594,69,0.0,0.0
2024-05-02 00:00:00-04:00,536.5440063476562,536.5440063476562,487.2959899902344,500.2560119628906,100,0.0,0.0
2024-05-03 00:00:00-04:00,515.8079833984375,515.8079833984375,487.2959899902344,487.2959899902344,139,0.0,0.0
2024-05-06 00:00:00-04:00,492.4800109863281,508.0320129394531,461.3760070800781,461.3760070800781,311,0.0,0.0
2024-05-07 00:00:00-04:00,448.4159851074219,471.7439880371094,422.4960021972656,440.6400146484375,257,0.0,0.0
2024-05-08 00:00:00-04:00,466.55999755859375,471.7439880371094,409.5360107421875,419.90399169921875,225,0.0,0.0
2024-05-09 00:00:00-04:00,419.90399169921875,422.4960021972656,404.35198974609375,412.12799072265625,181,0.0,0.0
2024-05-10 00:00:00-04:00,425.0880126953125,432.864013671875,375.8399963378906,381.02398681640625,225,0.0,0.0
2024-05-13 00:00:00-04:00,482.11199951171875,482.11199951171875,339.552001953125,349.9200134277344,12239,0.0,0.0
2024-05-14 00:00:00-04:00,349.9200134277344,438.0480041503906,316.2239990234375,435.45599365234375,9802,0.0,0.0
2024-05-15 00:00:00-04:00,396.57598876953125,427.67999267578125,362.8800048828125,414.7200012207031,4449,0.0,0.0
2024-05-16 00:00:00-04:00,414.7200012207031,624.6719970703125,414.7200012207031,487.2959899902344,14785,0.0,0.0
2024-05-17 00:00:00-04:00,526.176025390625,585.7919921875,409.5360107421875,489.88800048828125,8185,0.0,0.0
2024-05-20 00:00:00-04:00,469.1520080566406,469.1520080566406,370.656005859375,406.9440002441406,3521,0.0,0.0
2024-05-21 00:00:00-04:00,388.79998779296875,388.79998779296875,349.9200134277344,360.2879943847656,2293,0.0,0.0
2024-05-22 00:00:00-04:00,365.47198486328125,401.760009765625,336.9599914550781,360.2879943847656,1611,0.0,0.0
2024-05-23 00:00:00-04:00,373.24798583984375,393.9840087890625,349.9200134277344,375.8399963378906,2335,0.0,0.0
2024-05-24 00:00:00-04:00,388.79998779296875,466.55999755859375,370.656005859375,419.90399169921875,12118,0.0,0.0
2024-05-28 00:00:00-04:00,388.79998779296875,440.6400146484375,352.5119934082031,401.760009765625,7927,0.0,0.0
2024-05-29 00:00:00-04:00,414.7200012207031,422.4960021972656,378.4320068359375,414.7200012207031,4093,0.0,0.0
2024-05-30 00:00:00-04:00,396.57598876953125,399.1679992675781,352.5119934082031,355.10400390625,3534,0.0,0.0
2024-05-31 00:00:00-04:00,362.8800048828125,373.24798583984375,334.3680114746094,352.5119934082031,2842,0.0,0.0
2024-06-03 00:00:00-04:00,344.7359924316406,352.5119934082031,318.8160095214844,334.3680114746094,1910,0.0,0.0
2024-06-04 00:00:00-04:00,331.7760009765625,342.1440124511719,298.0799865722656,298.0799865722656,2827,0.0,0.0
2024-06-05 00:00:00-04:00,295.4880065917969,414.7200012207031,285.1199951171875,357.6960144042969,42091,0.0,0.0
2024-06-06 00:00:00-04:00,510.6239929199219,559.8720092773438,365.47198486328125,440.6400146484375,91858,0.0,0.0
2024-06-07 00:00:00-04:00,451.00799560546875,461.3760070800781,365.47198486328125,401.760009765625,16524,0.0,0.0
2024-06-10 00:00:00-04:00,448.4159851074219,710.2080078125,414.7200012207031,598.7520141601562,85531,0.0,0.0
2024-06-11 00:00:00-04:00,899.4240112304688,1070.4959716796875,601.343994140625,699.8400268554688,211718,0.0,0.0
2024-06-12 00:00:00-04:00,562.4639892578125,583.2000122070312,474.33599853515625,502.8479919433594,27369,0.0,0.0
2024-06-13 00:00:00-04:00,466.55999755859375,497.66400146484375,406.9440002441406,417.31201171875,14229,0.0,0.0
2024-06-14 00:00:00-04:00,505.44000244140625,648.0,448.4159851074219,497.66400146484375,63978,0.0,0.0
2024-06-17 00:00:00-04:00,497.66400146484375,515.8079833984375,445.8240051269531,484.7040100097656,10565,0.0,0.0
2024-06-18 00:00:00-04:00,440.6400146484375,448.4159851074219,378.4320068359375,381.02398681640625,10259,0.0,0.0
2024-06-20 00:00:00-04:00,393.9840087890625,399.1679992675781,342.1440124511719,357.6960144042969,5368,0.0,0.0
2024-06-21 00:00:00-04:00,362.8800048828125,362.8800048828125,331.7760009765625,349.9200134277344,3475,0.0,0.0
2024-06-24 00:00:00-04:00,342.1440124511719,342.1440124511719,316.2239990234375,326.5920104980469,4317,0.0,0.0
2024-06-25 00:00:00-04:00,336.9599914550781,347.3280029296875,316.2239990234375,336.9599914550781,3484,0.0,0.0
2024-06-26 00:00:00-04:00,334.3680114746094,406.9440002441406,334.3680114746094,383.6159973144531,12609,0.0,0.0
2024-06-27 00:00:00-04:00,378.4320068359375,391.3919982910156,362.8800048828125,383.6159973144531,5348,0.0,0.0
2024-06-28 00:00:00-04:00,373.24798583984375,373.24798583984375,349.9200134277344,352.5119934082031,2705,0.0,0.0
2024-07-01 00:00:00-04:00,360.2879943847656,360.2879943847656,336.9599914550781,352.5119934082031,2421,0.0,0.0
2024-07-02 00:00:00-04:00,349.9200134277344,349.9200134277344,336.9599914550781,336.9599914550781,1969,0.0,0.0
2024-07-03 00:00:00-04:00,336.9599914550781,352.5119934082031,334.3680114746094,347.3280029296875,1314,0.0,0.0
2024-07-05 00:00:00-04:00,347.3280029296875,349.9200134277344,334.3680114746094,336.9599914550781,1645,0.0,0.0
2024-07-08 00:00:00-04:00,336.9599914550781,344.7359924316406,331.7760009765625,334.3680114746094,2309,0.0,0.0
2024-07-09 00:00:00-04:00,331.7760009765625,339.552001953125,324.0,336.9599914550781,1617,0.0,0.0
2024-07-10 00:00:00-04:00,331.7760009765625,336.9599914550781,326.5920104980469,329.1839904785156,1505,0.0,0.0
2024-07-11 00:00:00-04:00,334.3680114746094,362.8800048828125,329.1839904785156,344.7359924316406,3114,0.0,0.0
2024-07-12 00:00:00-04:00,342.1440124511719,344.7359924316406,334.3680114746094,339.552001953125,1371,0.0,0.0
2024-07-15 00:00:00-04:00,339.552001953125,352.5119934082031,331.7760009765625,336.9599914550781,1230,0.0,0.0
2024-07-16 00:00:00-04:00,336.9599914550781,349.9200134277344,334.3680114746094,336.9599914550781,1111,0.0,0.0
2024-07-17 00:00:00-04:00,339.552001953125,344.7359924316406,334.3680114746094,336.9599914550781,1198,0.0,0.0
2024-07-18 00:00:00-04:00,349.9200134277344,440.6400146484375,311.0400085449219,334.3680114746094,31816,0.0,0.0
2024-07-19 00:00:00-04:00,266.97601318359375,266.97601318359375,220.32000732421875,241.05599975585938,10969,0.0,0.0
2024-07-22 00:00:00-04:00,233.27999877929688,238.46400451660156,207.36000061035156,233.27999877929688,8019,0.0,0.0
2024-07-23 00:00:00-04:00,223.9199981689453,241.9199981689453,190.8000030517578,235.44000244140625,9446,0.0,0.027777777777777776
2024-07-24 00:00:00-04:00,242.63999938964844,273.6000061035156,230.39999389648438,262.79998779296875,13375,0.0,0.0
2024-07-25 00:00:00-04:00,244.8000030517578,247.67999267578125,218.16000366210938,233.27999877929688,4806,0.0,0.0
2024-07-26 00:00:00-04:00,251.27999877929688,338.3999938964844,237.60000610351562,240.47999572753906,74201,0.0,0.0
2024-07-29 00:00:00-04:00,237.60000610351562,294.8399963378906,237.60000610351562,272.8800048828125,23408,0.0,0.0
2024-07-30 00:00:00-04:00,275.760009765625,288.0,246.9600067138672,250.55999755859375,12460,0.0,0.0
2024-07-31 00:00:00-04:00,250.55999755859375,250.55999755859375,227.52000427246094,229.67999267578125,5051,0.0,0.0
2024-08-01 00:00:00-04:00,230.39999389648438,233.20799255371094,209.52000427246094,218.8800048828125,4186,0.0,0.0
2024-08-02 00:00:00-04:00,212.39999389648438,212.39999389648438,192.9600067138672,198.72000122070312,2946,0.0,0.0
2024-08-05 00:00:00-04:00,169.1999969482422,169.9199981689453,151.1999969482422,159.1199951171875,6810,0.0,0.0
2024-08-06 00:00:00-04:00,169.1999969482422,169.27200317382812,152.63999938964844,159.83999633789062,5174,0.0,0.0
2024-08-07 00:00:00-04:00,164.16000366210938,165.60000610351562,129.60000610351562,130.32000732421875,4646,0.0,0.0
2024-08-08 00:00:00-04:00,136.0800018310547,149.1840057373047,134.63999938964844,138.24000549316406,3200,0.0,0.0
2024-08-09 00:00:00-04:00,187.9199981689453,190.8000030517578,151.1999969482422,164.8800048828125,336501,0.0,0.0
2024-08-12 00:00:00-04:00,165.60000610351562,192.9600067138672,165.60000610351562,185.75999450683594,28400,0.0,0.0
2024-08-13 00:00:00-04:00,168.47999572753906,189.36000061035156,159.83999633789062,181.44000244140625,10218,0.0,0.0
2024-08-14 00:00:00-04:00,143.27999877929688,164.8800048828125,138.9600067138672,149.75999450683594,9514,0.0,0.0
2024-08-15 00:00:00-04:00,144.72000122070312,147.45599365234375,138.9600067138672,141.1199951171875,5065,0.0,0.0
2024-08-16 00:00:00-04:00,141.1199951171875,155.52000427246094,137.52000427246094,151.9199981689453,3794,0.0,0.0
2024-08-19 00:00:00-04:00,156.9600067138672,160.55999755859375,144.72000122070312,159.1199951171875,4964,0.0,0.0
2024-08-20 00:00:00-04:00,151.9199981689453,159.1199951171875,145.44000244140625,157.67999267578125,4106,0.0,0.0
2024-08-21 00:00:00-04:00,146.16000366210938,154.0800018310547,141.1199951171875,143.27999877929688,3990,0.0,0.0
2024-08-22 00:00:00-04:00,144.0,146.16000366210938,141.1199951171875,142.55999755859375,2246,0.0,0.0
2024-08-23 00:00:00-04:00,142.55999755859375,154.0800018310547,141.1199951171875,151.1999969482422,4865,0.0,0.0
2024-08-26 00:00:00-04:00,151.1999969482422,154.0800018310547,140.39999389648438,147.60000610351562,4283,0.0,0.0
2024-08-27 00:00:00-04:00,147.60000610351562,149.0399932861328,136.0800018310547,136.8000030517578,4226,0.0,0.0
2024-08-28 00:00:00-04:00,140.39999389648438,140.39999389648438,123.12000274658203,123.83999633789062,3442,0.0,0.0
2024-08-29 00:00:00-04:00,124.55999755859375,134.63999938964844,120.23999786376953,131.0399932861328,2154,0.0,0.0
2024-08-30 00:00:00-04:00,135.36000061035156,135.36000061035156,125.27999877929688,127.44000244140625,1046,0.0,0.0
2024-09-03 00:00:00-04:00,131.75999450683594,131.75999450683594,115.91999816894531,119.5199966430664,2518,0.0,0.0
2024-09-04 00:00:00-04:00,119.5199966430664,119.5199966430664,105.83999633789062,107.27999877929688,2818,0.0,0.0
2024-09-05 00:00:00-04:00,105.12000274658203,109.44000244140625,95.04000091552734,102.23999786376953,2369,0.0,0.0
2024-09-06 00:00:00-04:00,104.4000015258789,104.83200073242188,97.19999694824219,98.63999938964844,1614,0.0,0.0
2024-09-09 00:00:00-04:00,97.19999694824219,117.36000061035156,97.19999694824219,100.08000183105469,5001,0.0,0.0
2024-09-10 00:00:00-04:00,102.23999786376953,102.23999786376953,89.27999877929688,97.19999694824219,2882,0.0,0.0
2024-09-11 00:00:00-04:00,97.91999816894531,104.4000015258789,97.19999694824219,102.23999786376953,2231,0.0,0.0
2024-09-12 00:00:00-04:00,104.4000015258789,113.04000091552734,100.08000183105469,110.87999725341797,2633,0.0,0.0
2024-09-13 00:00:00-04:00,111.5999984741211,119.5199966430664,110.16000366210938,118.08000183105469,2136,0.0,0.0
2024-09-16 00:00:00-04:00,120.23999786376953,126.0,110.87999725341797,123.12000274658203,1956,0.0,0.0
2024-09-17 00:00:00-04:00,123.12000274658203,126.0,111.5999984741211,111.5999984741211,5789,0.0,0.0
2024-09-18 00:00:00-04:00,109.44000244140625,120.23999786376953,102.95999908447266,115.91999816894531,3376,0.0,0.0
2024-09-19 00:00:00-04:00,119.5199966430664,121.68000030517578,113.76000213623047,121.68000030517578,6151,0.0,0.0
2024-09-20 00:00:00-04:00,113.04000091552734,118.80000305175781,108.0,112.31999969482422,4182,0.0,0.0
2024-09-23 00:00:00-04:00,111.5999984741211,111.5999984741211,105.12000274658203,108.72000122070312,1499,0.0,0.0
2024-09-24 00:00:00-04:00,108.72000122070312,110.16000366210938,105.83999633789062,109.44000244140625,1603,0.0,0.0
2024-09-25 00:00:00-04:00,110.87999725341797,110.87999725341797,104.4000015258789,105.83999633789062,1163,0.0,0.0
2024-09-26 00:00:00-04:00,108.0,109.44000244140625,103.68000030517578,105.12000274658203,1865,0.0,0.0
2024-09-27 00:00:00-04:00,105.12000274658203,105.40799713134766,94.68000030517578,102.23999786376953,3382,0.0,0.0
2024-09-30 00:00:00-04:00,102.23999786376953,108.0719985961914,99.36000061035156,101.5199966430664,3563,0.0,0.0
2024-10-01 00:00:00-04:00,102.95999908447266,108.0,99.86399841308594,105.83999633789062,1996,0.0,0.0
2024-10-02 00:00:00-04:00,104.4000015258789,105.12000274658203,96.4800033569336,97.55999755859375,1954,0.0,0.0
2024-10-03 00:00:00-04:00,98.63999938964844,102.16799926757812,97.91999816894531,100.08000183105469,1129,0.0,0.0
2024-10-04 00:00:00-04:00,101.5199966430664,102.45600128173828,100.00800323486328,101.5199966430664,1182,0.0,0.0
2024-10-07 00:00:00-04:00,101.5199966430664,101.5199966430664,95.76000213623047,96.4800033569336,1288,0.0,0.0
2024-10-08 00:00:00-04:00,96.4800033569336,96.83999633789062,89.27999877929688,90.72000122070312,2493,0.0,0.0
2024-10-09 00:00:00-04:00,91.44000244140625,91.44000244140625,87.12000274658203,90.0,1832,0.0,0.0
2024-10-10 00:00:00-04:00,90.0,90.50399780273438,87.12000274658203,89.27999877929688,1360,0.0,0.0
2024-10-11 00:00:00-04:00,90.0,96.4800033569336,87.12000274658203,92.87999725341797,2236,0.0,0.0
2024-10-14 00:00:00-04:00,91.44000244140625,100.80000305175781,91.44000244140625,97.91999816894531,1532,0.0,0.0
2024-10-15 00:00:00-04:00,100.08000183105469,100.08000183105469,93.5999984741211,95.76000213623047,671,0.0,0.0
2024-10-16 00:00:00-04:00,95.76000213623047,100.08000183105469,94.31999969482422,97.91999816894531,788,0.0,0.0
2024-10-17 00:00:00-04:00,99.36000061035156,99.36000061035156,95.76000213623047,95.76000213623047,611,0.0,0.0
2024-10-18 00:00:00-04:00,97.19999694824219,103.60800170898438,96.83999633789062,102.23999786376953,963,0.0,0.0
2024-10-21 00:00:00-04:00,103.68000030517578,104.4000015258789,102.23999786376953,102.95999908447266,651,0.0,0.0
2024-10-22 00:00:00-04:00,103.68000030517578,103.68000030517578,95.76000213623047,97.19999694824219,971,0.0,0.0
2024-10-23 00:00:00-04:00,99.36000061035156,102.23999786376953,97.19999694824219,98.63999938964844,853,0.0,0.0
2024-10-24 00:00:00-04:00,99.36000061035156,100.80000305175781,91.44000244140625,95.76000213623047,1239,0.0,0.0
2024-10-25 00:00:00-04:00,95.76000213623047,99.36000061035156,95.4000015258789,97.91999816894531,797,0.0,0.0
2024-10-28 00:00:00-04:00,100.80000305175781,101.5199966430664,95.04000091552734,100.80000305175781,1658,0.0,0.0
2024-10-29 00:00:00-04:00,98.63999938964844,101.87999725341797,96.552001953125,100.80000305175781,700,0.0,0.0
2024-10-30 00:00:00-04:00,100.80000305175781,100.80000305175781,95.76000213623047,98.63999938964844,558,0.0,0.0
2024-10-31 00:00:00-04:00,97.19999694824219,99.36000061035156,96.4800033569336,98.63999938964844,919,0.0,0.0
2024-11-01 00:00:00-04:00,98.63999938964844,99.0,92.87999725341797,95.04000091552734,685,0.0,0.0
2024-11-04 00:00:00-05:00,96.4800033569336,96.4800033569336,87.83999633789062,88.55999755859375,1739,0.0,0.0
2024-11-05 00:00:00-05:00,94.31999969482422,104.4000015258789,85.68000030517578,102.23999786376953,24286,0.0,0.0
2024-11-06 00:00:00-05:00,97.19999694824219,97.19999694824219,89.27999877929688,92.87999725341797,3768,0.0,0.0
2024-11-07 00:00:00-05:00,90.0,95.76000213623047,86.4000015258789,95.04000091552734,3231,0.0,0.0
2024-11-08 00:00:00-05:00,95.04000091552734,95.04000091552734,87.19200134277344,93.5999984741211,2296,0.0,0.0
2024-11-11 00:00:00-05:00,93.5999984741211,97.19999694824219,90.0,95.76000213623047,2643,0.0,0.0
2024-11-12 00:00:00-05:00,97.19999694824219,97.91999816894531,88.55999755859375,93.5999984741211,4813,0.0,0.0
2024-11-13 00:00:00-05:00,89.27999877929688,91.44000244140625,79.91999816894531,81.72000122070312,8143,0.0,0.0
2024-11-14 00:00:00-05:00,83.5199966430664,83.5199966430664,72.0,74.16000366210938,4192,0.0,0.0
2024-11-15 00:00:00-05:00,72.72000122070312,73.44000244140625,67.1760025024414,68.47200012207031,2840,0.0,0.0
2024-11-18 00:00:00-05:00,68.61599731445312,69.12000274658203,60.98400115966797,65.9520034790039,1846,0.0,0.0
2024-11-19 00:00:00-05:00,65.5199966430664,68.4000015258789,65.5199966430664,65.5199966430664,6390,0.0,0.0
2024-11-20 00:00:00-05:00,78.4800033569336,79.91999816894531,69.4800033569336,78.4800033569336,516250,0.0,0.0
2024-11-21 00:00:00-05:00,69.12000274658203,79.19999694824219,64.80000305175781,76.31999969482422,22269,0.0,0.0
2024-11-22 00:00:00-05:00,75.5999984741211,79.19999694824219,72.72000122070312,76.31999969482422,12525,0.0,0.0
2024-11-25 00:00:00-05:00,75.5999984741211,76.31999969482422,62.35200119018555,64.2959976196289,12344,0.0,0.0
2024-11-26 00:00:00-05:00,64.72799682617188,79.19999694824219,64.08000183105469,73.44000244140625,17081,0.0,0.0
2024-11-27 00:00:00-05:00,72.72000122070312,83.5199966430664,70.91999816894531,80.63999938964844,25067,0.0,0.0
2024-11-29 00:00:00-05:00,81.0,87.83999633789062,77.76000213623047,87.12000274658203,11181,0.0,0.0
2024-12-02 00:00:00-05:00,87.83999633789062,89.27999877929688,79.19999694824219,80.63999938964844,44747,0.0,0.0
2024-12-03 00:00:00-05:00,80.63999938964844,90.0,69.4800033569336,82.80000305175781,115079,0.0,0.0
2024-12-04 00:00:00-05:00,79.19999694824219,83.5199966430664,76.31999969482422,81.36000061035156,16786,0.0,0.0
2024-12-05 00:00:00-05:00,77.76000213623047,82.08000183105469,72.0,77.04000091552734,9544,0.0,0.0
2024-12-06 00:00:00-05:00,77.76000213623047,81.36000061035156,75.5999984741211,79.91999816894531,5165,0.0,0.0
2024-12-09 00:00:00-05:00,77.76000213623047,82.80000305175781,72.0,77.76000213623047,14269,0.0,0.0
2024-12-10 00:00:00-05:00,77.04000091552734,81.72000122070312,74.16000366210938,74.87999725341797,7565,0.0,0.0
2024-12-11 00:00:00-05:00,76.31999969482422,77.04000091552734,72.0,74.87999725341797,8397,0.0,0.0
2024-12-12 00:00:00-05:00,74.87999725341797,77.04000091552734,71.27999877929688,72.72000122070312,4700,0.0,0.0
2024-12-13 00:00:00-05:00,72.72000122070312,73.44000244140625,69.83999633789062,71.42400360107422,2828,0.0,0.0
2024-12-16 00:00:00-05:00,70.55999755859375,77.76000213623047,69.83999633789062,74.16000366210938,8794,0.0,0.0
2024-12-17 00:00:00-05:00,74.87999725341797,75.5999984741211,68.11199951171875,70.48799896240234,15108,0.0,0.0
2024-12-18 00:00:00-05:00,72.72000122070312,72.72000122070312,65.5199966430664,65.73600006103516,9286,0.0,0.0
2024-12-19 00:00:00-05:00,67.03199768066406,67.39199829101562,61.70399856567383,61.992000579833984,5719,0.0,0.0
2024-12-20 00:00:00-05:00,63.0,70.55999755859375,59.11199951171875,65.5199966430664,6221,0.0,0.0
2024-12-23 00:00:00-05:00,68.4000015258789,75.5999984741211,68.4000015258789,73.44000244140625,18507,0.0,0.0
2024-12-24 00:00:00-05:00,77.04000091552734,82.80000305175781,72.0,82.08000183105469,10475,0.0,0.0
2024-12-26 00:00:00-05:00,82.80000305175781,129.60000610351562,82.44000244140625,128.16000366210938,168047,0.0,0.0
2024-12-27 00:00:00-05:00,159.1199951171875,192.24000549316406,132.47999572753906,155.52000427246094,220917,0.0,0.0
2024-12-30 00:00:00-05:00,132.47999572753906,188.63999938964844,118.80000305175781,151.9199981689453,96244,0.0,0.0
2024-12-31 00:00:00-05:00,147.60000610351562,151.9199981689453,108.0,111.5999984741211,49047,0.0,0.0
2025-01-02 00:00:00-05:00,120.23999786376953,126.0,108.0,114.4800033569336,26067,0.0,0.0
2025-01-03 00:00:00-05:00,116.63999938964844,284.3999938964844,108.72000122070312,273.6000061035156,1455544,0.0,0.0
2025-01-06 00:00:00-05:00,434.1600036621094,434.8800048828125,300.9599914550781,349.9200134277344,697442,0.0,0.0
2025-01-07 00:00:00-05:00,313.20001220703125,345.6000061035156,282.9599914550781,300.9599914550781,114190,0.0,0.0
2025-01-08 00:00:00-05:00,279.3599853515625,291.6000061035156,195.83999633789062,210.24000549316406,114340,0.0,0.0
2025-01-10 00:00:00-05:00,226.0800018310547,295.20001220703125,221.75999450683594,221.75999450683594,173567,0.0,0.0
2025-01-13 00:00:00-05:00,203.75999450683594,204.47999572753906,144.0,149.0399932861328,72083,0.0,0.0
2025-01-14 00:00:00-05:00,174.24000549316406,208.8000030517578,137.52000427246094,142.55999755859375,245328,0.0,0.0
2025-01-15 00:00:00-05:00,159.1199951171875,247.67999267578125,151.1999969482422,223.1999969482422,854903,0.0,0.0
2025-01-16 00:00:00-05:00,191.52000427246094,194.39999389648438,158.39999389648438,159.83999633789062,255822,0.0,0.0
2025-01-17 00:00:00-05:00,177.83999633789062,184.32000732421875,156.9600067138672,162.72000122070312,113322,0.0,0.0
2025-01-21 00:00:00-05:00,171.36000061035156,172.0800018310547,144.36000061035156,153.36000061035156,105718,0.0,0.0
2025-01-22 00:00:00-05:00,151.9199981689453,172.8000030517578,149.39999389648438,155.52000427246094,128453,0.0,0.0
2025-01-23 00:00:00-05:00,155.52000427246094,156.9600067138672,141.83999633789062,144.0,89354,0.0,0.0
2025-01-24 00:00:00-05:00,144.0,158.39999389648438,141.1199951171875,142.55999755859375,96767,0.0,0.0
2025-01-27 00:00:00-05:00,133.1999969482422,140.39999389648438,125.27999877929688,129.60000610351562,68485,0.0,0.0
2025-01-28 00:00:00-05:00,131.75999450683594,133.1999969482422,118.72799682617188,126.72000122070312,42769,0.0,0.0
2025-01-29 00:00:00-05:00,126.0,130.32000732421875,122.4000015258789,126.0,25097,0.0,0.0
2025-01-30 00:00:00-05:00,128.8800048828125,128.8800048828125,109.44000244140625,112.31999969482422,209228,0.0,0.0
2025-01-31 00:00:00-05:00,158.0399932861328,166.32000732421875,126.0,126.72000122070312,769543,0.0,0.0
2025-02-03 00:00:00-05:00,108.72000122070312,121.68000030517578,108.72000122070312,115.19999694824219,89035,0.0,0.0
2025-02-04 00:00:00-05:00,119.5199966430664,122.4000015258789,115.19999694824219,115.91999816894531,49738,0.0,0.0
2025-02-05 00:00:00-05:00,113.76000213623047,113.76000213623047,102.23999786376953,111.5999984741211,62964,0.0,0.0
2025-02-06 00:00:00-05:00,111.5999984741211,127.44000244140625,110.5199966430664,117.36000061035156,116129,0.0,0.0
2025-02-07 00:00:00-05:00,128.8800048828125,128.8800048828125,112.31999969482422,117.36000061035156,105085,0.0,0.0
2025-02-10 00:00:00-05:00,117.36000061035156,134.27999877929688,108.0,125.27999877929688,144226,0.0,0.0
2025-02-11 00:00:00-05:00,121.68000030517578,123.83999633789062,114.4800033569336,115.91999816894531,59214,0.0,0.0
2025-02-12 00:00:00-05:00,114.4800033569336,120.95999908447266,111.5999984741211,118.80000305175781,39063,0.0,0.0
2025-02-13 00:00:00-05:00,119.5199966430664,121.68000030517578,115.19999694824219,120.95999908447266,51856,0.0,0.0
2025-02-14 00:00:00-05:00,117.72000122070312,118.80000305175781,108.72000122070312,113.04000091552734,62842,0.0,0.0
2025-02-18 00:00:00-05:00,111.5999984741211,113.68800354003906,103.68000030517578,104.4000015258789,42058,0.0,0.0
2025-02-19 00:00:00-05:00,105.83999633789062,105.83999633789062,92.87999725341797,97.91999816894531,62271,0.0,0.0
2025-02-20 00:00:00-05:00,96.12000274658203,97.19999694824219,87.83999633789062,87.83999633789062,44621,0.0,0.0
2025-02-21 00:00:00-05:00,97.91999816894531,105.83999633789062,92.16000366210938,92.87999725341797,96922,0.0,0.0
2025-02-24 00:00:00-05:00,90.0,90.72000122070312,77.04000091552734,79.91999816894531,50010,0.0,0.0
2025-02-25 00:00:00-05:00,79.91999816894531,84.95999908447266,74.16000366210938,81.36000061035156,31049,0.0,0.0
2025-02-26 00:00:00-05:00,80.63999938964844,84.95999908447266,76.31999969482422,79.19999694824219,35758,0.0,0.0
2025-02-27 00:00:00-05:00,81.36000061035156,81.36000061035156,73.44000244140625,74.16000366210938,23632,0.0,0.0
2025-02-28 00:00:00-05:00,73.44000244140625,73.44000244140625,68.90399932861328,69.33599853515625,23679,0.0,0.0
2025-03-03 00:00:00-05:00,73.44000244140625,77.04000091552734,67.03199768066406,67.8239974975586,21686,0.0,0.0
2025-03-04 00:00:00-05:00,62.63999938964844,68.4000015258789,59.11199951171875,65.5199966430664,22319,0.0,0.0
2025-03-05 00:00:00-05:00,67.1760025024414,72.0,65.59200286865234,69.69599914550781,81140,0.0,0.0
2025-03-06 00:00:00-05:00,84.23999786376953,92.87999725341797,73.44000244140625,75.5999984741211,436892,0.0,0.0
2025-03-07 00:00:00-05:00,74.16000366210938,77.76000213623047,67.75199890136719,76.31999969482422,55518,0.0,0.0
2025-03-10 00:00:00-04:00,72.0,81.36000061035156,71.27999877929688,79.19999694824219,29883,0.0,0.0
2025-03-11 00:00:00-04:00,77.04000091552734,77.76000213623047,72.0,74.16000366210938,19922,0.0,0.0
2025-03-12 00:00:00-04:00,74.16000366210938,80.63999938964844,74.16000366210938,76.31999969482422,30911,0.0,0.0
2025-03-13 00:00:00-04:00,75.23999786376953,76.68000030517578,72.0,73.44000244140625,19893,0.0,0.0
2025-03-14 00:00:00-04:00,74.16000366210938,77.76000213623047,72.0,76.31999969482422,19811,0.0,0.0
2025-03-17 00:00:00-04:00,76.31999969482422,85.68000030517578,76.31999969482422,83.5199966430664,46007,0.0,0.0
2025-03-18 00:00:00-04:00,84.23999786376953,87.12000274658203,77.76000213623047,85.68000030517578,29707,0.0,0.0
2025-03-19 00:00:00-04:00,86.4000015258789,90.0,79.91999816894531,79.91999816894531,27251,0.0,0.0
2025-03-20 00:00:00-04:00,80.63999938964844,86.4000015258789,77.11199951171875,82.08000183105469,35110,0.0,0.0
2025-03-21 00:00:00-04:00,85.68000030517578,86.4000015258789,82.08000183105469,85.68000030517578,21174,0.0,0.0
2025-03-24 00:00:00-04:00,87.12000274658203,87.12000274658203,82.08000183105469,84.23999786376953,23542,0.0,0.0
2025-03-25 00:00:00-04:00,85.68000030517578,85.68000030517578,79.19999694824219,81.36000061035156,18729,0.0,0.0
2025-03-26 00:00:00-04:00,83.5199966430664,83.66400146484375,74.16000366210938,76.31999969482422,20886,0.0,0.0
2025-03-27 00:00:00-04:00,78.12000274658203,78.12000274658203,70.91999816894531,71.27999877929688,22624,0.0,0.0
2025-03-28 00:00:00-04:00,71.27999877929688,74.87999725341797,70.55999755859375,72.0,10600,0.0,0.0
2025-03-31 00:00:00-04:00,68.4000015258789,69.40799713134766,64.80000305175781,66.16799926757812,15349,0.0,0.0
2025-04-01 00:00:00-04:00,65.5199966430664,76.31999969482422,65.5199966430664,74.87999725341797,14075,0.0,0.0
2025-04-02 00:00:00-04:00,73.44000244140625,80.63999938964844,72.72000122070312,78.4800033569336,15150,0.0,0.0
2025-04-03 00:00:00-04:00,70.48799896240234,78.4800033569336,70.48799896240234,76.31999969482422,10526,0.0,0.0
2025-04-04 00:00:00-04:00,74.87999725341797,74.87999725341797,66.31199645996094,69.4800033569336,11861,0.0,0.0
2025-04-07 00:00:00-04:00,64.08000183105469,69.83999633789062,62.63999938964844,64.94400024414062,14489,0.0,0.0
2025-04-08 00:00:00-04:00,67.68000030517578,67.68000030517578,59.040000915527344,60.98400115966797,17151,0.0,0.0
2025-04-09 00:00:00-04:00,60.47999954223633,71.27999877929688,59.7599983215332,70.55999755859375,14632,0.0,0.0
2025-04-10 00:00:00-04:00,70.55999755859375,70.55999755859375,64.80000305175781,67.68000030517578,6304,0.0,0.0
2025-04-11 00:00:00-04:00,67.39199829101562,76.31999969482422,67.39199829101562,76.31999969482422,11361,0.0,0.0
2025-04-14 00:00:00-04:00,77.04000091552734,78.4800033569336,72.72000122070312,75.5999984741211,13390,0.0,0.0
2025-04-15 00:00:00-04:00,76.31999969482422,76.31999969482422,71.27999877929688,73.44000244140625,10801,0.0,0.0
2025-04-16 00:00:00-04:00,67.68000030517578,70.99199676513672,65.30400085449219,67.68000030517578,16421,0.0,0.0
2025-04-17 00:00:00-04:00,65.5199966430664,70.55999755859375,65.5199966430664,67.68000030517578,3849,0.0,0.0
2025-04-21 00:00:00-04:00,64.80000305175781,66.95999908447266,60.47999954223633,62.35200119018555,13901,0.0,0.0
2025-04-22 00:00:00-04:00,63.36000061035156,69.83999633789062,63.36000061035156,68.18399810791016,12832,0.0,0.0
2025-04-23 00:00:00-04:00,69.83999633789062,72.64800262451172,67.68000030517578,69.76799774169922,9750,0.0,0.0
2025-04-24 00:00:00-04:00,70.41600036621094,84.95999908447266,69.40799713134766,80.63999938964844,72118,0.0,0.0
2025-04-25 00:00:00-04:00,94.68000030517578,100.08000183105469,77.76000213623047,78.4800033569336,407263,0.0,0.0
2025-04-28 00:00:00-04:00,79.19999694824219,80.56800079345703,72.0,77.04000091552734,48710,0.0,0.0
2025-04-29 00:00:00-04:00,75.5999984741211,83.01599884033203,75.5999984741211,77.04000091552734,27613,0.0,0.0
2025-04-30 00:00:00-04:00,75.5999984741211,76.8239974975586,69.83999633789062,72.72000122070312,22015,0.0,0.0
2025-05-01 00:00:00-04:00,74.87999725341797,74.87999725341797,72.0,74.87999725341797,14347,0.0,0.0
2025-05-02 00:00:00-04:00,74.16000366210938,78.4800033569336,73.80000305175781,75.5999984741211,17711,0.0,0.0
2025-05-05 00:00:00-04:00,73.80000305175781,74.16000366210938,70.55999755859375,72.0,13950,0.0,0.0
2025-05-06 00:00:00-04:00,70.55999755859375,71.9280014038086,65.16000366210938,65.9520034790039,19199,0.0,0.0
2025-05-07 00:00:00-04:00,66.95999908447266,69.4800033569336,64.08000183105469,67.8239974975586,12811,0.0,0.0
2025-05-08 00:00:00-04:00,68.61599731445312,74.16000366210938,67.03199768066406,72.0,19321,0.0,0.0
2025-05-09 00:00:00-04:00,71.27999877929688,73.44000244140625,67.68000030517578,67.89600372314453,14063,0.0,0.0
2025-05-12 00:00:00-04:00,72.0,74.16000366210938,69.83999633789062,74.16000366210938,19563,0.0,0.0
2025-05-13 00:00:00-04:00,73.44000244140625,80.27999877929688,72.72000122070312,75.5999984741211,35594,0.0,0.0
2025-05-14 00:00:00-04:00,77.76000213623047,82.08000183105469,74.16000366210938,78.4800033569336,38513,0.0,0.0
2025-05-15 00:00:00-04:00,73.44000244140625,74.87999725341797,72.0,72.72000122070312,24922,0.0,0.0
2025-05-16 00:00:00-04:00,73.44000244140625,74.16000366210938,70.55999755859375,71.20800018310547,18310,0.0,0.0
2025-05-19 00:00:00-04:00,69.98400115966797,72.72000122070312,68.47200012207031,70.55999755859375,13301,0.0,0.0
2025-05-20 00:00:00-04:00,70.55999755859375,74.16000366210938,69.0479965209961,73.44000244140625,12246,0.0,0.0
2025-05-21 00:00:00-04:00,72.0,73.44000244140625,69.26399993896484,69.76799774169922,11228,0.0,0.0
2025-05-22 00:00:00-04:00,70.55999755859375,71.27999877929688,67.68000030517578,68.76000213623047,15101,0.0,0.0
2025-05-23 00:00:00-04:00,67.31999969482422,67.68000030517578,65.5199966430664,66.88800048828125,11881,0.0,0.0
2025-05-27 00:00:00-04:00,68.4000015258789,70.55999755859375,66.23999786376953,69.6240005493164,25821,0.0,0.0
2025-05-28 00:00:00-04:00,71.27999877929688,73.44000244140625,66.23999786376953,66.45600128173828,21082,0.0,0.0
2025-05-29 00:00:00-04:00,68.18399810791016,68.97599792480469,66.5999984741211,67.68000030517578,11876,0.0,0.0
2025-05-30 00:00:00-04:00,66.74400329589844,67.60800170898438,65.30400085449219,65.9520034790039,9926,0.0,0.0
2025-06-02 00:00:00-04:00,65.5199966430664,69.12000274658203,63.36000061035156,67.68000030517578,16189,0.0,0.0
2025-06-03 00:00:00-04:00,68.04000091552734,70.91999816894531,66.6719970703125,68.83200073242188,11925,0.0,0.0
2025-06-04 00:00:00-04:00,67.96800231933594,74.87999725341797,67.68000030517578,74.87999725341797,31299,0.0,0.0
2025-06-05 00:00:00-04:00,74.87999725341797,77.76000213623047,64.80000305175781,65.30400085449219,45111,0.0,0.0
2025-06-06 00:00:00-04:00,66.95999908447266,71.13600158691406,66.5999984741211,69.12000274658203,18743,0.0,0.0
2025-06-09 00:00:00-04:00,69.12000274658203,71.85600280761719,67.1760025024414,71.85600280761719,16881,0.0,0.0
2025-06-10 00:00:00-04:00,72.0,74.16000366210938,69.40799713134766,72.0,13032,0.0,0.0
2025-06-11 00:00:00-04:00,71.56800079345703,74.16000366210938,70.48799896240234,72.72000122070312,11635,0.0,0.0
2025-06-12 00:00:00-04:00,71.27999877929688,79.19999694824219,70.91999816894531,77.04000091552734,30901,0.0,0.0
2025-06-13 00:00:00-04:00,73.44000244140625,75.5999984741211,67.96800231933594,68.11199951171875,17160,0.0,0.0
2025-06-16 00:00:00-04:00,68.4000015258789,70.91999816894531,67.68000030517578,69.76799774169922,10015,0.0,0.0
2025-06-17 00:00:00-04:00,71.13600158691406,71.27999877929688,66.6719970703125,67.03199768066406,9186,0.0,0.0
2025-06-18 00:00:00-04:00,68.4000015258789,71.27999877929688,67.68000030517578,68.04000091552734,9332,0.0,0.0
2025-06-20 00:00:00-04:00,69.12000274658203,70.91999816894531,66.95999908447266,68.04000091552734,21736,0.0,0.0
2025-06-23 00:00:00-04:00,67.1760025024414,67.68000030517578,63.43199920654297,66.09600067138672,15456,0.0,0.0
2025-06-24 00:00:00-04:00,66.23999786376953,68.90399932861328,65.87999725341797,67.1760025024414,10904,0.0,0.0
2025-06-25 00:00:00-04:00,68.4000015258789,69.83999633789062,65.87999725341797,68.18399810791016,11146,0.0,0.0
2025-06-26 00:00:00-04:00,68.4000015258789,68.76000213623047,66.31199645996094,66.81600189208984,14074,0.0,0.0
2025-06-27 00:00:00-04:00,66.81600189208984,67.68000030517578,63.720001220703125,66.88800048828125,13669,0.0,0.0
2025-06-30 00:00:00-04:00,66.95999908447266,66.95999908447266,64.80000305175781,65.16000366210938,9621,0.0,0.0
2025-07-01 00:00:00-04:00,64.80000305175781,65.66400146484375,63.36000061035156,64.87200164794922,10306,0.0,0.0
2025-07-02 00:00:00-04:00,64.44000244140625,67.68000030517578,64.08000183105469,66.16799926757812,8079,0.0,0.0
2025-07-03 00:00:00-04:00,66.95999908447266,66.95999908447266,64.08000183105469,65.23200225830078,6513,0.0,0.0
2025-07-07 00:00:00-04:00,65.5199966430664,78.4800033569336,63.720001220703125,77.04000091552734,56401,0.0,0.0
2025-07-08 00:00:00-04:00,76.31999969482422,76.31999969482422,72.0,74.16000366210938,24590,0.0,0.0
2025-07-09 00:00:00-04:00,75.5999984741211,75.5999984741211,69.83999633789062,73.44000244140625,21600,0.0,0.0
2025-07-10 00:00:00-04:00,74.16000366210938,74.87999725341797,72.0,74.16000366210938,10979,0.0,0.0
2025-07-11 00:00:00-04:00,74.16000366210938,74.87999725341797,69.83999633789062,70.55999755859375,14786,0.0,0.0
2025-07-14 00:00:00-04:00,69.69599914550781,72.72000122070312,68.4000015258789,70.55999755859375,13772,0.0,0.0
2025-07-15 00:00:00-04:00,72.0,73.44000244140625,69.83999633789062,71.27999877929688,13922,0.0,0.0
2025-07-16 00:00:00-04:00,71.27999877929688,82.80000305175781,71.20800018310547,82.08000183105469,67479,0.0,0.0
2025-07-17 00:00:00-04:00,82.08000183105469,87.12000274658203,71.27999877929688,78.4800033569336,62675,0.0,0.0
2025-07-18 00:00:00-04:00,79.91999816894531,82.80000305175781,76.31999969482422,82.80000305175781,31013,0.0,0.0
2025-07-21 00:00:00-04:00,84.23999786376953,84.31199645996094,74.87999725341797,74.87999725341797,34951,0.0,0.0
2025-07-22 00:00:00-04:00,74.87999725341797,76.31999969482422,72.0,72.0,29339,0.0,0.0
2025-07-23 00:00:00-04:00,73.44000244140625,82.80000305175781,72.0,78.4800033569336,34032,0.0,0.0
2025-07-24 00:00:00-04:00,77.04000091552734,78.4800033569336,71.78399658203125,72.72000122070312,48329,0.0,0.0
2025-07-25 00:00:00-04:00,73.44000244140625,73.44000244140625,70.55999755859375,72.72000122070312,19253,0.0,0.0
2025-07-28 00:00:00-04:00,72.72000122070312,74.87999725341797,70.55999755859375,70.91999816894531,15486,0.0,0.0
2025-07-29 00:00:00-04:00,71.27999877929688,71.71199798583984,65.59200286865234,66.5999984741211,35551,0.0,0.0
2025-07-30 00:00:00-04:00,67.24800109863281,68.90399932861328,66.74400329589844,67.53600311279297,12181,0.0,0.0
2025-07-31 00:00:00-04:00,67.03199768066406,68.68800354003906,66.5999984741211,67.53600311279297,10888,0.0,0.0
2025-08-01 00:00:00-04:00,65.87999725341797,66.95999908447266,64.80000305175781,66.23999786376953,14025,0.0,0.0
2025-08-04 00:00:00-04:00,67.39199829101562,71.27999877929688,66.95999908447266,69.6240005493164,11053,0.0,0.0
2025-08-05 00:00:00-04:00,69.552001953125,71.63999938964844,67.89600372314453,68.90399932861328,10522,0.0,0.0
2025-08-06 00:00:00-04:00,68.47200012207031,68.76000213623047,65.5199966430664,66.09600067138672,12508,0.0,0.0
2025-08-07 00:00:00-04:00,66.23999786376953,68.04000091552734,64.2959976196289,64.80000305175781,18196,0.0,0.0
2025-08-08 00:00:00-04:00,65.08799743652344,67.68000030517578,64.87200164794922,66.6719970703125,15286,0.0,0.0
2025-08-11 00:00:00-04:00,65.23200225830078,72.0,64.87200164794922,67.46399688720703,25501,0.0,0.0
2025-08-12 00:00:00-04:00,66.81600189208984,66.95999908447266,60.84000015258789,62.20800018310547,52860,0.0,0.0
2025-08-13 00:00:00-04:00,61.63199996948242,64.58399963378906,61.63199996948242,62.20800018310547,18496,0.0,0.0
2025-08-14 00:00:00-04:00,63.36000061035156,64.58399963378906,61.91999816894531,63.57600021362305,10438,0.0,0.0
2025-08-15 00:00:00-04:00,63.215999603271484,64.08000183105469,61.20000076293945,61.992000579833984,11497,0.0,0.0
2025-08-18 00:00:00-04:00,61.847999572753906,63.57600021362305,60.69599914550781,61.12799835205078,12863,0.0,0.0
2025-08-19 00:00:00-04:00,61.20000076293945,61.91999816894531,56.52000045776367,56.95199966430664,23381,0.0,0.0
2025-08-20 00:00:00-04:00,57.959999084472656,57.959999084472656,54.720001220703125,55.87200164794922,14606,0.0,0.0
2025-08-21 00:00:00-04:00,55.439998626708984,57.02399826049805,54.79199981689453,56.880001068115234,6538,0.0,0.0
2025-08-22 00:00:00-04:00,57.599998474121094,60.19200134277344,56.880001068115234,58.82400131225586,15594,0.0,0.0
2025-08-25 00:00:00-04:00,59.040000915527344,65.5199966430664,58.82400131225586,63.071998596191406,28360,0.0,0.0
2025-08-26 00:00:00-04:00,64.65599822998047,69.83999633789062,60.47999954223633,68.83200073242188,59653,0.0,0.0
2025-08-27 00:00:00-04:00,68.61599731445312,82.80000305175781,66.23999786376953,70.05599975585938,155721,0.0,0.0
2025-08-28 00:00:00-04:00,70.99199676513672,74.16000366210938,64.08000183105469,66.38400268554688,50118,0.0,0.0
2025-08-29 00:00:00-04:00,67.60800170898438,70.55999755859375,63.36000061035156,65.16000366210938,31918,0.0,0.0
2025-09-02 00:00:00-04:00,52.91999816894531,55.439998626708984,46.79999923706055,46.79999923706055,136835,0.0,0.0
2025-09-03 00:00:00-04:00,47.52000045776367,48.2400016784668,37.72800064086914,37.72800064086914,75782,0.0,0.0
2025-09-04 00:00:00-04:00,37.72800064086914,39.959999084472656,35.279998779296875,38.30400085449219,51346,0.0,0.0
2025-09-05 00:00:00-04:00,38.31999969482422,39.279998779296875,34.08000183105469,35.119998931884766,60025,0.0,0.1111111111111111
2025-09-08 00:00:00-04:00,33.439998626708984,33.52000045776367,30.0,30.079999923706055,79888,0.0,0.0
2025-09-09 00:00:00-04:00,29.600000381469727,29.760000228881836,27.280000686645508,28.959999084472656,56888,0.0,0.0
2025-09-10 00:00:00-04:00,28.959999084472656,29.18400001525879,26.799999237060547,27.040000915527344,39738,0.0,0.0
2025-09-11 00:00:00-04:00,26.959999084472656,29.760000228881836,26.959999084472656,28.399999618530273,57213,0.0,0.0
2025-09-12 00:00:00-04:00,28.559999465942383,29.1200008392334,26.639999389648438,26.719999313354492,52175,0.0,0.0
2025-09-15 00:00:00-04:00,26.8799991607666,29.600000381469727,26.31999969482422,27.920000076293945,74038,0.0,0.0
2025-09-16 00:00:00-04:00,28.079999923706055,28.167999267578125,26.191999435424805,26.8799991607666,61063,0.0,0.0
2025-09-17 00:00:00-04:00,26.399999618530273,26.8799991607666,25.200000762939453,26.31999969482422,67100,0.0,0.0
2025-09-18 00:00:00-04:00,26.31999969482422,27.520000457763672,26.079999923706055,26.479999542236328,99500,0.0,0.0
2025-09-19 00:00:00-04:00,26.0,28.799999237060547,26.0,26.719999313354492,112113,0.0,0.0
2025-09-22 00:00:00-04:00,27.040000915527344,35.84000015258789,26.97599983215332,29.84000015258789,367725,0.0,0.0
2025-09-23 00:00:00-04:00,28.639999389648438,29.031999588012695,26.799999237060547,27.280000686645508,182950,0.0,0.0
2025-09-24 00:00:00-04:00,27.68000030517578,28.399999618530273,26.90399932861328,27.1200008392334,53525,0.0,0.0
2025-09-25 00:00:00-04:00,26.959999084472656,27.920000076293945,25.760000228881836,26.31999969482422,86075,0.0,0.0
2025-09-26 00:00:00-04:00,26.399999618530273,26.84000015258789,25.1200008392334,25.360000610351562,59088,0.0,0.0
2025-09-29 00:00:00-04:00,25.360000610351562,25.392000198364258,23.440000534057617,23.84000015258789,88563,0.0,0.0
2025-09-30 00:00:00-04:00,23.84000015258789,24.479999542236328,22.799999237060547,23.040000915527344,42613,0.0,0.0
2025-10-01 00:00:00-04:00,23.040000915527344,24.719999313354492,23.0,24.31999969482422,46650,0.0,0.0
2025-10-02 00:00:00-04:00,24.31999969482422,26.479999542236328,24.31999969482422,25.760000228881836,65188,0.0,0.0
2025-10-03 00:00:00-04:00,26.8799991607666,28.15999984741211,24.399999618530273,24.479999542236328,116475,0.0,0.0
2025-10-06 00:00:00-04:00,26.31999969482422,29.200000762939453,25.68000030517578,27.600000381469727,137450,0.0,0.0
2025-10-07 00:00:00-04:00,27.760000228881836,28.399999618530273,25.360000610351562,26.15999984741211,80788,0.0,0.0
2025-10-08 00:00:00-04:00,26.559999465942383,28.479999542236328,25.600000381469727,27.920000076293945,76313,0.0,0.0
2025-10-09 00:00:00-04:00,28.399999618530273,28.600000381469727,25.84000015258789,26.239999771118164,74163,0.0,0.0
2025-10-10 00:00:00-04:00,26.719999313354492,26.8799991607666,23.520000457763672,23.600000381469727,95675,0.0,0.0
2025-10-13 00:00:00-04:00,24.559999465942383,25.1200008392334,23.8799991607666,24.399999618530273,53588,0.0,0.0
2025-10-14 00:00:00-04:00,23.799999237060547,26.0,23.360000610351562,25.520000457763672,59713,0.0,0.0
2025-10-15 00:00:00-04:00,26.239999771118164,28.079999923706055,24.8799991607666,25.440000534057617,108838,0.0,0.0
2025-10-16 00:00:00-04:00,26.239999771118164,27.200000762939453,23.280000686645508,23.600000381469727,91113,0.0,0.0
2025-10-17 00:00:00-04:00,23.280000686645508,23.600000381469727,22.31999969482422,22.959999084472656,64863,0.0,0.0
2025-10-20 00:00:00-04:00,23.760000228881836,24.440000534057617,23.600000381469727,24.239999771118164,39738,0.0,0.0
2025-10-21 00:00:00-04:00,24.399999618530273,24.399999618530273,23.280000686645508,23.520000457763672,30063,0.0,0.0
2025-10-22 00:00:00-04:00,23.280000686645508,23.600000381469727,20.81599998474121,21.360000610351562,65125,0.0,0.0
2025-10-23 00:00:00-04:00,21.1200008392334,21.360000610351562,13.84000015258789,16.1200008392334,269088,0.0,0.0
2025-10-24 00:00:00-04:00,16.079999923706055,16.31999969482422,14.079999923706055,14.079999923706055,118238,0.0,0.0
2025-10-27 00:00:00-04:00,25.280000686645508,27.440000534057617,15.600000381469727,16.079999923706055,11041900,0.0,0.0
2025-10-28 00:00:00-04:00,15.4399995803833,15.84000015258789,14.399999618530273,14.720000267028809,426363,0.0,0.0
2025-10-29 00:00:00-04:00,14.399999618530273,15.199999809265137,13.199999809265137,13.880000114440918,246800,0.0,0.0
2025-10-30 00:00:00-04:00,13.039999961853027,13.760000228881836,12.479999542236328,13.359999656677246,125688,0.0,0.0
2025-10-31 00:00:00-04:00,13.359999656677246,13.359999656677246,12.5600004196167,13.199999809265137,87713,0.0,0.0
2025-11-03 00:00:00-05:00,12.960000038146973,13.039999961853027,11.760000228881836,11.84000015258789,149263,0.0,0.0
2025-11-04 00:00:00-05:00,11.84000015258789,13.039999961853027,11.359999656677246,11.680000305175781,109600,0.0,0.0
2025-11-05 00:00:00-05:00,11.680000305175781,12.319999694824219,11.520000457763672,12.15999984741211,62838,0.0,0.0
2025-11-06 00:00:00-05:00,12.239999771118164,12.319999694824219,10.640000343322754,11.199999809265137,77550,0.0,0.0
2025-11-07 00:00:00-05:00,10.880000114440918,11.520000457763672,9.920000076293945,11.359999656677246,85400,0.0,0.0
2025-11-10 00:00:00-05:00,11.600000381469727,11.600000381469727,10.960000038146973,11.359999656677246,33163,0.0,0.0
2025-11-11 00:00:00-05:00,11.199999809265137,11.520000457763672,10.960000038146973,11.119999885559082,18225,0.0,0.0
2025-11-12 00:00:00-05:00,11.119999885559082,12.5600004196167,11.119999885559082,12.079999923706055,158375,0.0,0.0
2025-11-13 00:00:00-05:00,11.760000228881836,12.479999542236328,11.399999618530273,11.4399995803833,75213,0.0,0.0
2025-11-14 00:00:00-05:00,10.800000190734863,11.119999885559082,9.680000305175781,10.479999542236328,84050,0.0,0.0
2025-11-17 00:00:00-05:00,10.239999771118164,10.479999542236328,8.720000267028809,8.960000038146973,97400,0.0,0.0
2025-11-18 00:00:00-05:00,8.720000267028809,9.039999961853027,8.399999618530273,8.960000038146973,44588,0.0,0.0
2025-11-19 00:00:00-05:00,8.880000114440918,9.119999885559082,8.0,8.319999694824219,53100,0.0,0.0
2025-11-20 00:00:00-05:00,8.5600004196167,8.5600004196167,7.199999809265137,7.199999809265137,85863,0.0,0.0
2025-11-21 00:00:00-05:00,7.199999809265137,7.519999980926514,6.599999904632568,7.0,61788,0.0,0.0
2025-11-24 00:00:00-05:00,7.039999961853027,7.440000057220459,7.007999897003174,7.239999771118164,33638,0.0,0.0
2025-11-25 00:00:00-05:00,7.199999809265137,7.199999809265137,6.880000114440918,7.056000232696533,20688,0.0,0.0
2025-11-26 00:00:00-05:00,7.039999961853027,7.599999904632568,6.800000190734863,7.064000129699707,49925,0.0,0.0
2025-11-28 00:00:00-05:00,7.360000133514404,7.599999904632568,6.656000137329102,6.751999855041504,65588,0.0,0.0
2025-12-01 00:00:00-05:00,6.711999893188477,6.800000190734863,6.0,6.0320000648498535,89675,0.0,0.0
2025-12-02 00:00:00-05:00,6.0320000648498535,6.199999809265137,5.679999828338623,5.783999919891357,62125,0.0,0.0
2025-12-03 00:00:00-05:00,6.079999923706055,13.600000381469727,5.696000099182129,12.479999542236328,20639363,0.0,0.0
2025-12-04 00:00:00-05:00,11.039999961853027,11.680000305175781,8.960000038146973,9.359999656677246,10519663,0.0,0.0
2025-12-05 00:00:00-05:00,9.760000228881836,11.520000457763672,8.800000190734863,8.960000038146973,4215863,0.0,0.0
2025-12-08 00:00:00-05:00,8.319999694824219,8.399999618530273,6.800000190734863,6.984000205993652,1386900,0.0,0.0
2025-12-09 00:00:00-05:00,6.760000228881836,9.4399995803833,6.760000228881836,8.479999542236328,4306375,0.0,0.0
2025-12-10 00:00:00-05:00,8.5600004196167,10.239999771118164,8.239999771118164,9.119999885559082,3418600,0.0,0.0
2025-12-11 00:00:00-05:00,8.640000343322754,8.880000114440918,7.199999809265137,8.5600004196167,1098638,0.0,0.0
2025-12-12 00:00:00-05:00,8.15999984741211,8.5600004196167,7.119999885559082,7.271999835968018,800675,0.0,0.0
2025-12-15 00:00:00-05:00,7.191999912261963,7.432000160217285,6.320000171661377,6.584000110626221,695400,0.0,0.0
2025-12-16 00:00:00-05:00,6.584000110626221,7.567999839782715,6.584000110626221,7.375999927520752,587525,0.0,0.0
2025-12-17 00:00:00-05:00,7.400000095367432,7.440000057220459,6.800000190734863,6.888000011444092,328038,0.0,0.0
2025-12-18 00:00:00-05:00,7.039999961853027,7.736000061035156,6.992000102996826,7.223999977111816,516088,0.0,0.0
2025-12-19 00:00:00-05:00,7.28000020980835,7.423999786376953,6.880000114440918,6.952000141143799,318025,0.0,0.0
2025-12-22 00:00:00-05:00,7.783999919891357,8.15999984741211,7.1519999504089355,7.1519999504089355,1190613,0.0,0.0
2025-12-23 00:00:00-05:00,7.440000057220459,7.559999942779541,7.208000183105469,7.343999862670898,416938,0.0,0.0
2025-12-24 00:00:00-05:00,7.248000144958496,7.343999862670898,6.800000190734863,7.239999771118164,233963,0.0,0.0
2025-12-26 00:00:00-05:00,7.263999938964844,7.320000171661377,6.895999908447266,7.199999809265137,247475,0.0,0.0
2025-12-29 00:00:00-05:00,7.184000015258789,7.320000171661377,6.239999771118164,6.271999835968018,394163,0.0,0.0
2025-12-30 00:00:00-05:00,6.400000095367432,6.51200008392334,6.007999897003174,6.111999988555908,214988,0.0,0.0
2025-12-31 00:00:00-05:00,6.079999923706055,6.144000053405762,5.535999774932861,6.144000053405762,377888,0.0,0.0
2026-01-02 00:00:00-05:00,6.223999977111816,7.440000057220459,6.216000080108643,7.136000156402588,364213,0.0,0.0
2026-01-05 00:00:00-05:00,7.28000020980835,8.079999923706055,6.992000102996826,8.0,501013,0.0,0.0
2026-01-06 00:00:00-05:00,8.319999694824219,8.800000190734863,7.599999904632568,8.479999542236328,590175,0.0,0.0
2026-01-07 00:00:00-05:00,8.15999984741211,8.239999771118164,7.064000129699707,7.079999923706055,499675,0.0,0.0
2026-01-08 00:00:00-05:00,7.199999809265137,7.97599983215332,7.119999885559082,7.760000228881836,721913,0.0,0.0
2026-01-09 00:00:00-05:00,7.71999979019165,7.71999979019165,7.079999923706055,7.136000156402588,344488,0.0,0.0
2026-01-12 00:00:00-05:00,7.136000156402588,7.400000095367432,6.880000114440918,7.176000118255615,229738,0.0,0.0
2026-01-13 00:00:00-05:00,7.176000118255615,7.28000020980835,6.616000175476074,7.119999885559082,507338,0.0,0.0
2026-01-14 00:00:00-05:00,7.320000171661377,8.479999542236328,7.25600004196167,8.079999923706055,803913,0.0,0.0
2026-01-15 00:00:00-05:00,8.15999984741211,8.479999542236328,7.599999904632568,7.76800012588501,516788,0.0,0.0
2026-01-16 00:00:00-05:00,7.76800012588501,8.960000038146973,7.760000228881836,8.399999618530273,614350,0.0,0.0
2026-01-20 00:00:00-05:00,7.6479997634887695,7.9039998054504395,7.199999809265137,7.208000183105469,456763,0.0,0.0
2026-01-21 00:00:00-05:00,7.28000020980835,7.599999904632568,7.144000053405762,7.28000020980835,398563,0.0,0.0
2026-01-22 00:00:00-05:00,7.495999813079834,8.239999771118164,7.368000030517578,7.760000228881836,571213,0.0,0.0
2026-01-23 00:00:00-05:00,7.599999904632568,7.639999866485596,7.199999809265137,7.25600004196167,285950,0.0,0.0
2026-01-26 00:00:00-05:00,7.639999866485596,10.800000190734863,7.559999942779541,10.15999984741211,4159463,0.0,0.0
2026-01-27 00:00:00-05:00,9.279999732971191,10.880000114440918,8.399999618530273,10.880000114440918,1310850,0.0,0.0
2026-01-28 00:00:00-05:00,10.800000190734863,11.359999656677246,9.279999732971191,9.4399995803833,701638,0.0,0.0
2026-01-29 00:00:00-05:00,9.4399995803833,9.4399995803833,8.15999984741211,8.479999542236328,596400,0.0,0.0
2026-01-30 00:00:00-05:00,8.5600004196167,8.920000076293945,8.239999771118164,8.399999618530273,297550,0.0,0.0
2026-02-02 00:00:00-05:00,8.239999771118164,8.319999694824219,7.559999942779541,7.935999870300293,327675,0.0,0.0
2026-02-03 00:00:00-05:00,8.079999923706055,8.880000114440918,8.079999923706055,8.399999618530273,237438,0.0,0.0
2026-02-04 00:00:00-05:00,8.640000343322754,9.039999961853027,7.943999767303467,8.239999771118164,304038,0.0,0.0
2026-02-05 00:00:00-05:00,7.920000076293945,8.239999771118164,7.039999961853027,7.119999885559082,390263,0.0,0.0
2026-02-06 00:00:00-05:00,7.392000198364258,8.079999923706055,7.360000133514404,7.776000022888184,317925,0.0,0.0
2026-02-09 00:00:00-05:00,8.4399995803833,8.479999542236328,6.960000038146973,7.927999973297119,1321800,0.0,0.0
2026-02-10 00:00:00-05:00,7.880000114440918,7.927999973297119,7.28000020980835,7.328000068664551,132000,0.0,0.0
2026-02-11 00:00:00-05:00,7.400000095367432,7.559999942779541,6.584000110626221,7.199999809265137,321225,0.0,0.0
2026-02-12 00:00:00-05:00,7.303999900817871,7.303999900817871,6.688000202178955,7.015999794006348,193538,0.0,0.0
2026-02-13 00:00:00-05:00,6.960000038146973,6.960000038146973,6.400000095367432,6.535999774932861,230988,0.0,0.0
2026-02-17 00:00:00-05:00,6.559999942779541,6.671999931335449,6.0,6.047999858856201,280188,0.0,0.0
2026-02-18 00:00:00-05:00,6.184000015258789,6.736000061035156,6.0,6.5279998779296875,202413,0.0,0.0
2026-02-19 00:00:00-05:00,6.559999942779541,8.319999694824219,6.223999977111816,6.888000011444092,1084425,0.0,0.0
2026-02-20 00:00:00-05:00,7.199999809265137,7.328000068664551,6.6479997634887695,7.0,343550,0.0,0.0
2026-02-23 00:00:00-05:00,7.0879998207092285,7.0960001945495605,6.480000019073486,6.616000175476074,224450,0.0,0.0
2026-02-24 00:00:00-05:00,6.5920000076293945,7.079999923706055,6.480000019073486,6.880000114440918,294438,0.0,0.0
2026-02-25 00:00:00-05:00,6.920000076293945,7.360000133514404,6.656000137329102,6.9120001792907715,385463,0.0,0.0
2026-02-26 00:00:00-05:00,6.815999984741211,6.840000152587891,6.519999980926514,6.639999866485596,287088,0.0,0.0
2026-02-27 00:00:00-05:00,6.495999813079834,6.631999969482422,5.984000205993652,5.984000205993652,455313,0.0,0.0
2026-03-02 00:00:00-05:00,5.9679999351501465,6.311999797821045,5.840000152587891,6.144000053405762,294813,0.0,0.0
2026-03-03 00:00:00-05:00,6.0,6.064000129699707,5.519999980926514,5.679999828338623,302813,0.0,0.0
2026-03-04 00:00:00-05:00,5.920000076293945,6.0,5.599999904632568,5.8480000495910645,139463,0.0,0.0
2026-03-05 00:00:00-05:00,6.0,6.0,5.703999996185303,6.0,138588,0.0,0.0
2026-03-06 00:00:00-05:00,5.76800012588501,5.920000076293945,5.576000213623047,5.656000137329102,176163,0.0,0.0
2026-03-09 00:00:00-04:00,5.74399995803833,5.74399995803833,5.360000133514404,5.728000164031982,159075,0.0,0.0
2026-03-10 00:00:00-04:00,5.751999855041504,9.84000015258789,5.5279998779296875,8.15999984741211,8459475,0.0,0.0
2026-03-11 00:00:00-04:00,6.0,6.920000076293945,5.6479997634887695,6.263999938964844,2351863,0.0,0.0
2026-03-12 00:00:00-04:00,6.1519999504089355,6.71999979019165,5.855999946594238,6.208000183105469,603525,0.0,0.0
2026-03-13 00:00:00-04:00,6.239999771118164,6.239999771118164,5.584000110626221,5.639999866485596,494125,0.0,0.0
2026-03-16 00:00:00-04:00,5.760000228881836,5.760000228881836,5.296000003814697,5.423999786376953,441750,0.0,0.0
2026-03-17 00:00:00-04:00,5.4079999923706055,5.679999828338623,5.3520002365112305,5.440000057220459,241750,0.0,0.0
2026-03-18 00:00:00-04:00,5.455999851226807,5.464000225067139,5.047999858856201,5.23199987411499,237900,0.0,0.0
2026-03-19 00:00:00-04:00,4.952000141143799,5.072000026702881,4.559999942779541,4.992000102996826,343188,0.0,0.0
2026-03-20 00:00:00-04:00,4.960000038146973,5.047999858856201,4.656000137329102,4.776000022888184,204450,0.0,0.0
2026-03-23 00:00:00-04:00,4.800000190734863,5.02400016784668,4.576000213623047,4.751999855041504,250225,0.0,0.0
2026-03-24 00:00:00-04:00,4.696000099182129,4.9039998054504395,4.607999801635742,4.639999866485596,190450,0.0,0.0
2026-03-25 00:00:00-04:00,4.791999816894531,4.815999984741211,4.559999942779541,4.639999866485596,166588,0.0,0.0
2026-03-26 00:00:00-04:00,4.559999942779541,4.576000213623047,4.02400016784668,4.303999900817871,317413,0.0,0.0
2026-03-27 00:00:00-04:00,4.296000003814697,4.303999900817871,3.9200000762939453,4.239999771118164,195975,0.0,0.0
2026-03-30 00:00:00-04:00,4.1519999504089355,4.159999847412109,3.7119998931884766,3.880000114440918,162188,0.0,0.0
2026-03-31 00:00:00-04:00,3.880000114440918,3.992000102996826,3.7279999256134033,3.992000102996826,192950,0.0,0.0
2026-04-01 00:00:00-04:00,4.144000053405762,4.144000053405762,3.680000066757202,3.9839999675750732,227775,0.0,0.0
2026-04-02 00:00:00-04:00,3.759999990463257,4.144000053405762,3.7039999961853027,4.144000053405762,164338,0.0,0.0
2026-04-06 00:00:00-04:00,4.0960001945495605,4.168000221252441,3.936000108718872,4.159999847412109,108275,0.0,0.0
2026-04-07 00:00:00-04:00,4.144000053405762,4.159999847412109,3.799999952316284,3.888000011444092,111238,0.0,0.0
2026-04-08 00:00:00-04:00,4.079999923706055,4.176000118255615,3.7839999198913574,3.9040000438690186,223363,0.0,0.0
2026-04-09 00:00:00-04:00,3.9200000762939453,3.9200000762939453,3.759999990463257,3.7760000228881836,90538,0.0,0.0
2026-04-10 00:00:00-04:00,3.799999952316284,3.8959999084472656,3.5199999809265137,3.5280001163482666,164275,0.0,0.0
2026-04-13 00:00:00-04:00,3.631999969482422,4.079999923706055,3.440000057220459,3.9040000438690186,446238,0.0,0.0
2026-04-14 00:00:00-04:00,3.992000102996826,4.392000198364258,3.7039999961853027,4.239999771118164,332375,0.0,0.0
2026-04-15 00:00:00-04:00,4.239999771118164,4.6479997634887695,4.144000053405762,4.320000171661377,698938,0.0,0.0
2026-04-16 00:00:00-04:00,4.320000171661377,4.375999927520752,3.880000114440918,4.064000129699707,252725,0.0,0.0
2026-04-17 00:00:00-04:00,3.359999895095825,3.640000104904175,3.2079999446868896,3.240000009536743,739475,0.0,0.0
2026-04-20 00:00:00-04:00,3.359999895095825,3.359999895095825,3.0799999237060547,3.1440000534057617,265838,0.0,0.0
2026-04-21 00:00:00-04:00,3.0299999713897705,3.240000009536743,2.809999942779541,3.0,400700,0.0,0.125
2026-04-22 00:00:00-04:00,3.009999990463257,3.109999895095825,2.8299999237060547,2.9200000762939453,487000,0.0,0.0
2026-04-23 00:00:00-04:00,2.940000057220459,3.0999999046325684,2.7699999809265137,3.049999952316284,868000,0.0,0.0
2026-04-24 00:00:00-04:00,3.009999990463257,3.5,2.859999895095825,3.069999933242798,1419800,0.0,0.0
2026-04-27 00:00:00-04:00,3.0199999809265137,3.2300000190734863,2.7799999713897705,2.950000047683716,1196100,0.0,0.0
2026-04-28 00:00:00-04:00,2.8299999237060547,2.877000093460083,2.740000009536743,2.75,432600,0.0,0.0
2026-04-29 00:00:00-04:00,2.7300000190734863,2.750999927520752,2.2909998893737793,2.319999933242798,601400,0.0,0.0
2026-04-30 00:00:00-04:00,2.3499999046325684,2.450000047683716,2.2799999713897705,2.4100000858306885,278300,0.0,0.0
2026-05-01 00:00:00-04:00,2.4100000858306885,2.4600000381469727,2.3519999980926514,2.359999895095825,157500,0.0,0.0
2026-05-04 00:00:00-04:00,2.3299999237060547,2.380000114440918,2.2200000286102295,2.2200000286102295,328800,0.0,0.0
2026-05-05 00:00:00-04:00,2.200000047683716,2.240000009536743,2.119999885559082,2.119999885559082,250400,0.0,0.0
2026-05-06 00:00:00-04:00,2.119999885559082,2.450000047683716,2.119999885559082,2.190000057220459,592000,0.0,0.0
2026-05-07 00:00:00-04:00,2.200000047683716,2.4700000286102295,2.190999984741211,2.25,472300,0.0,0.0
2026-05-08 00:00:00-04:00,2.2699999809265137,2.2899999618530273,2.200000047683716,2.2200000286102295,155700,0.0,0.0
2026-05-11 00:00:00-04:00,2.2200000286102295,2.5299999713897705,2.200000047683716,2.4100000858306885,375000,0.0,0.0
2026-05-12 00:00:00-04:00,2.4200000762939453,2.430000066757202,2.2200000286102295,2.2200000286102295,189500,0.0,0.0
2026-05-13 00:00:00-04:00,2.0,2.130000114440918,1.934999942779541,1.9900000095367432,687600,0.0,0.0
2026-05-14 00:00:00-04:00,2.0,2.049999952316284,1.9700000286102295,2.0,290200,0.0,0.0
2026-05-15 00:00:00-04:00,1.9800000190734863,1.9800000190734863,1.8300000429153442,1.8300000429153442,211000,0.0,0.0
2026-05-18 00:00:00-04:00,1.8600000143051147,1.8600000143051147,1.6399999856948853,1.659999966621399,216900,0.0,0.0
2026-05-19 00:00:00-04:00,1.6699999570846558,1.9500000476837158,1.590000033378601,1.6799999475479126,532800,0.0,0.0
2026-05-20 00:00:00-04:00,1.7200000286102295,1.7799999713897705,1.6299999952316284,1.649999976158142,244500,0.0,0.0
2026-05-21 00:00:00-04:00,1.659999966621399,1.7699999809265137,1.6399999856948853,1.7400000095367432,313700,0.0,0.0
2026-05-22 00:00:00-04:00,1.7699999809265137,1.899999976158142,1.6799999475479126,1.690000057220459,480900,0.0,0.0
2026-05-26 00:00:00-04:00,1.7300000190734863,1.7699999809265137,1.6299999952316284,1.7000000476837158,403200,0.0,0.0
2026-05-27 00:00:00-04:00,1.7200000286102295,1.840000033378601,1.659999966621399,1.690000057220459,519500,0.0,0.0
2026-05-28 00:00:00-04:00,1.7000000476837158,1.7380000352859497,1.649999976158142,1.7200000286102295,352700,0.0,0.0
2026-05-29 00:00:00-04:00,1.7799999713897705,1.7999999523162842,1.690000057220459,1.7999999523162842,414200,0.0,0.0
2026-06-01 00:00:00-04:00,1.899999976158142,2.0799999237060547,1.8600000143051147,2.0,972800,0.0,0.0
2026-06-02 00:00:00-04:00,2.0,2.0199999809265137,1.75,1.7699999809265137,550300,0.0,0.0
2026-06-03 00:00:00-04:00,1.7999999523162842,1.7999999523162842,1.649999976158142,1.7300000190734863,262800,0.0,0.0
2026-06-04 00:00:00-04:00,1.6799999475479126,1.7699999809265137,1.649999976158142,1.690000057220459,284600,0.0,0.0
2026-06-05 00:00:00-04:00,1.690000057220459,1.690000057220459,1.5,1.5399999618530273,347700,0.0,0.0
2026-06-08 00:00:00-04:00,1.590000033378601,1.6699999570846558,1.5499999523162842,1.6100000143051147,210600,0.0,0.0
2026-06-09 00:00:00-04:00,1.6100000143051147,1.6699999570846558,1.4950000047683716,1.5099999904632568,168500,0.0,0.0
2026-06-10 00:00:00-04:00,1.5,1.5369999408721924,1.4700000286102295,1.4800000190734863,137200,0.0,0.0
2026-06-11 00:00:00-04:00,1.4900000095367432,1.5099999904632568,1.4199999570846558,1.4800000190734863,204900,0.0,0.0
2026-06-12 00:00:00-04:00,1.4800000190734863,1.5049999952316284,1.4199999570846558,1.4299999475479126,172700,0.0,0.0
2026-06-15 00:00:00-04:00,1.5099999904632568,1.5099999904632568,1.4199999570846558,1.4199999570846558,199200,0.0,0.0
2026-06-16 00:00:00-04:00,1.4299999475479126,1.4850000143051147,1.350000023841858,1.3799999952316284,262200,0.0,0.0
2026-06-17 00:00:00-04:00,1.3799999952316284,1.4299999475479126,1.309999942779541,1.309999942779541,248600,0.0,0.0
2026-06-18 00:00:00-04:00,1.309999942779541,1.4500000476837158,1.1200000047683716,1.3799999952316284,643400,0.0,0.0
2026-06-22 00:00:00-04:00,1.399999976158142,1.4700000286102295,1.2699999809265137,1.2799999713897705,280400,0.0,0.0
2026-06-23 00:00:00-04:00,1.2100000381469727,1.2999999523162842,1.2100000381469727,1.2699999809265137,155400,0.0,0.0
2026-06-24 00:00:00-04:00,1.2599999904632568,1.2599999904632568,1.100000023841858,1.1100000143051147,416800,0.0,0.0
2026-06-25 00:00:00-04:00,1.1399999856948853,1.1399999856948853,1.0499999523162842,1.100000023841858,135400,0.0,0.0
2026-06-26 00:00:00-04:00,1.0800000429153442,1.2100000381469727,1.0700000524520874,1.149999976158142,228100,0.0,0.0
2026-06-29 00:00:00-04:00,1.149999976158142,1.25,1.1399999856948853,1.2200000286102295,158100,0.0,0.0
2026-06-30 00:00:00-04:00,1.2100000381469727,1.309999942779541,1.190000057220459,1.2300000190734863,287400,0.0,0.0
2026-07-01 00:00:00-04:00,1.25,1.2999999523162842,1.1399999856948853,1.2200000286102295,284500,0.0,0.0
2026-07-02 00:00:00-04:00,1.25,1.2799999713897705,1.1100000143051147,1.1299999952316284,290800,0.0,0.0
2026-07-06 00:00:00-04:00,1.149999976158142,1.159999966621399,1.0789999961853027,1.100000023841858,293200,0.0,0.0
2026-07-07 00:00:00-04:00,1.100000023841858,1.100000023841858,1.034999966621399,1.090000033378601,279000,0.0,0.0
2026-07-08 00:00:00-04:00,1.0800000429153442,1.1100000143051147,0.9800000190734863,1.0399999618530273,342200,0.0,0.0
2026-07-09 00:00:00-04:00,1.0499999523162842,1.0700000524520874,0.9800000190734863,1.0700000524520874,162200,0.0,0.0
2026-07-10 00:00:00-04:00,1.0800000429153442,1.0800000429153442,1.0199999809265137,1.0499999523162842,194800,0.0,0.0
2026-07-13 00:00:00-04:00,1.0499999523162842,1.0499999523162842,0.925000011920929,0.9599999785423279,263600,0.0,0.0
2026-07-14 00:00:00-04:00,0.9399999976158142,0.9580000042915344,0.8700000047683716,0.8700000047683716,314000,0.0,0.0
2026-07-15 00:00:00-04:00,0.8999999761581421,0.9200000166893005,0.7870000004768372,0.8080000281333923,419500,0.0,0.0
2026-07-16 00:00:00-04:00,0.8100000023841858,0.8500000238418579,0.7599999904632568,0.8309999704360962,479300,0.0,0.0
2026-07-17 00:00:00-04:00,0.800000011920929,0.8230000138282776,0.7699999809265137,0.7910000085830688,284300,0.0,0.0
2026-07-20 00:00:00-04:00,0.8199999928474426,0.8799999952316284,0.800000011920929,0.8560000061988831,156800,0.0,0.0
2026-07-21 00:00:00-04:00,0.8799999952316284,0.8809999823570251,0.824999988079071,0.8500000238418579,135300,0.0,0.0
2026-07-22 00:00:00-04:00,0.8500000238418579,0.8799999952316284,0.7900000214576721,0.8159999847412109,143600,0.0,0.0
2026-07-23 00:00:00-04:00,0.8299999833106995,0.8299999833106995,0.765999972820282,0.7670000195503235,108000,0.0,0.0
2026-07-24 00:00:00-04:00,0.7749999761581421,0.7960000038146973,0.7559999823570251,0.7699999809265137,63000,0.0,0.0
2026-07-27 00:00:00-04:00,0.7699999809265137,0.8029999732971191,0.7549999952316284,0.7990000247955322,83900,0.0,0.0
2026-07-28 00:00:00-04:00,0.800000011920929,0.8999999761581421,0.75,0.8700000047683716,445600,0.0,0.0
2026-07-29 00:00:00-04:00,0.8610000014305115,0.8700000047683716,0.753000020980835,0.7720000147819519,223600,0.0,0.0
2026-07-30 00:00:00-04:00,0.7900000214576721,0.8299999833106995,0.7879999876022339,0.8289999961853027,100600,0.0,0.0
2026-07-31 00:00:00-04:00,0.8539999723434448,0.8989999890327454,0.8199999928474426,0.8730000257492065,168600,0.0,0.0
2026-08-03 00:00:00-04:00,0.8999999761581421,1.059999942779541,0.8859999775886536,0.9750000238418579,411000,0.0,0.0
2026-08-04 00:00:00-04:00,1.0,1.090000033378601,0.9064000248908997,1.0800000429153442,1125517,0.0,0.0
