Date,Open,High,Low,Close,Volume,Dividends,Stock Splits
2022-01-03 00:00:00-05:00,42.84007577234268,43.29960193980768,41.98171214046169,42.224483489990234,154200,0.0,0.0
2022-01-04 00:00:00-05:00,42.510611868987574,42.91811829298727,42.23316167189291,42.47593307495117,178600,0.0,0.0
2022-01-05 00:00:00-05:00,42.57996956343621,42.71002246299477,41.46149676691213,41.54819869995117,132000,0.0,0.0
2022-01-06 00:00:00-05:00,41.582883262428645,42.37188280675967,41.06266501840682,41.95570755004883,135900,0.0,0.0
2022-01-07 00:00:00-05:00,41.764969015429934,42.04242255846556,40.88926732956885,40.96730041503906,197600,0.0,0.0
2022-01-10 00:00:00-05:00,40.84590047949014,41.426810650910674,40.386374325532614,41.40946960449219,176300,0.0,0.0
2022-01-11 00:00:00-05:00,41.132024388852656,41.61756382415586,40.58579624503672,41.444156646728516,264600,0.0,0.0
2022-01-12 00:00:00-05:00,41.53086974885817,41.84299875833737,40.8719230114225,41.18405532836914,170300,0.0,0.0
2022-01-13 00:00:00-05:00,41.30579281138849,42.42757198072058,40.853602681489264,42.001468658447266,116900,0.14,0.0
2022-01-14 00:00:00-05:00,41.95799374859751,42.844981786533566,41.41884532770304,42.6188850402832,194100,0.0,0.0
2022-01-18 00:00:00-05:00,42.37539684924885,42.43626828112587,41.401450621972245,42.20147705078125,358300,0.0,0.0
2022-01-19 00:00:00-05:00,42.21018129500435,42.45366705960227,39.836185138440364,39.897056579589844,174100,0.0,0.0
2022-01-20 00:00:00-05:00,39.99270728800654,40.20140839618623,38.957886292697545,39.349205017089844,288800,0.0,0.0
2022-01-21 00:00:00-05:00,39.19266870453593,40.55793336666404,39.079620361328125,39.079620361328125,232500,0.0,0.0
2022-01-24 00:00:00-05:00,38.6361423025178,39.9666228371467,38.3404795929064,39.836185455322266,207900,0.0,0.0
2022-01-25 00:00:00-05:00,39.288331453396104,39.288331453396104,37.914368743875315,38.35786437988281,225600,0.0,0.0
2022-01-26 00:00:00-05:00,39.027457439672276,39.784004798821414,37.853501209360374,38.1839485168457,278400,0.0,0.0
2022-01-27 00:00:00-05:00,38.34916209328036,38.91440052274284,36.66214793521725,36.9404182434082,230500,0.0,0.0
2022-01-28 00:00:00-05:00,37.11434985104225,37.37522793350938,36.105618832856486,37.166526794433594,214300,0.0,0.0
2022-01-31 00:00:00-05:00,36.91434368730924,38.314393505899154,36.601288657407785,38.28830337524414,275800,0.0,0.0
2022-02-01 00:00:00-05:00,38.3926493064488,38.45352073662009,37.479571219391225,38.34916687011719,151700,0.0,0.0
2022-02-02 00:00:00-05:00,38.27090855433134,38.74049106843225,38.01003048557905,38.72309875488281,158400,0.0,0.0
2022-02-03 00:00:00-05:00,38.37526321411133,39.14920293791601,38.070902696688854,38.37526321411133,141400,0.0,0.0
2022-02-04 00:00:00-05:00,38.01002967385295,38.470917679958916,37.58392961134756,38.340476989746094,144800,0.0,0.0
2022-02-07 00:00:00-05:00,38.18395105068071,38.679620386178414,37.83611140737773,38.088294982910156,92900,0.0,0.0
2022-02-08 00:00:00-05:00,38.279599620083545,38.92309852172472,38.21003037815259,38.71439743041992,93500,0.0,0.0
2022-02-09 00:00:00-05:00,39.062234574687956,39.30572360972718,38.627436754485764,39.04484558105469,133700,0.0,0.0
2022-02-10 00:00:00-05:00,38.540478890264836,39.87095917143931,38.540478890264836,39.37528991699219,237800,0.0,0.0
2022-02-11 00:00:00-05:00,39.2274624046535,39.57529869294928,38.618744753580465,38.94919204711914,119000,0.0,0.0
2022-02-14 00:00:00-05:00,39.14919662475586,39.427466967829005,38.792662540365626,39.14919662475586,174700,0.0,0.0
2022-02-15 00:00:00-05:00,39.557913686738324,40.78404360989119,39.33181692516706,40.59273147583008,200100,0.0,0.0
2022-02-16 00:00:00-05:00,40.47098134486983,41.43623302322432,40.41010991625685,41.384056091308594,146300,0.0,0.0
2022-02-17 00:00:00-05:00,40.992741968686886,41.479716769167474,40.540551793364436,41.3753662109375,146300,0.0,0.0
2022-02-18 00:00:00-05:00,41.12317958955572,41.62754334778142,40.21879930631299,41.0797004699707,472300,0.0,0.0
2022-02-22 00:00:00-05:00,40.79273240731555,40.86230165261345,39.81878619385431,40.105751037597656,162200,0.0,0.0
2022-02-23 00:00:00-05:00,40.39272591276067,40.53186110923966,39.48834547702485,39.55791473388672,137300,0.0,0.0
2022-02-24 00:00:00-05:00,38.810051866505766,39.31441558056768,38.253511223164104,39.19267272949219,161900,0.0,0.0
2022-02-25 00:00:00-05:00,39.349206401439254,40.21010762538978,39.31442177643744,40.07097244262695,122600,0.0,0.0
2022-02-28 00:00:00-05:00,39.61877712437046,40.09705404567999,39.42746502894905,39.6883430480957,182100,0.0,0.0
2022-03-01 00:00:00-05:00,39.55791466340259,39.65356741555011,37.91437580403923,38.305694580078125,189300,0.0,0.0
2022-03-02 00:00:00-05:00,38.67961297512555,39.61877784175185,38.288294280697926,39.34050750732422,166800,0.0,0.0
2022-03-03 00:00:00-05:00,40.23619714230212,40.23619714230212,37.27957016313732,37.983943939208984,222600,0.0,0.0
2022-03-04 00:00:00-05:00,37.68827796345441,37.68827796345441,36.757810825074884,37.236087799072266,166400,0.0,0.0
2022-03-07 00:00:00-05:00,37.26218097470937,37.91437786446913,36.63607421626656,36.80129623413086,233100,0.0,0.0
2022-03-08 00:00:00-05:00,36.99259769968706,37.45348230716007,36.24474495131985,36.2795295715332,131800,0.0,0.0
2022-03-09 00:00:00-05:00,36.94912116736677,37.31434975342016,36.8186804910653,37.03607940673828,161100,0.0,0.0
2022-03-10 00:00:00-05:00,36.34040294004669,37.23608539631333,36.123004027963006,37.15782165527344,132000,0.0,0.0
2022-03-11 00:00:00-05:00,37.28825901102078,38.00132711381753,37.070860118284116,37.775230407714844,187100,0.0,0.0
2022-03-14 00:00:00-04:00,37.81871593369329,37.90567417100375,36.56649608606031,36.705631256103516,231300,0.0,0.0
2022-03-15 00:00:00-04:00,37.00999489950251,37.13173776908977,36.001264000750986,36.43606185913086,211000,0.0,0.0
2022-03-16 00:00:00-04:00,36.62736826735369,37.28826282655598,36.33170561028828,37.209999084472656,215200,0.0,0.0
2022-03-17 00:00:00-04:00,37.027386819055934,37.175216497059345,36.71433183358476,37.00999450683594,142600,0.0,0.0
2022-03-18 00:00:00-04:00,36.583897258749026,37.82741959352496,35.583860701217645,37.47957992553711,1074800,0.0,0.0
2022-03-21 00:00:00-04:00,37.61001421736434,38.00133294781469,36.92303281471199,37.236087799072266,154100,0.0,0.0
2022-03-22 00:00:00-04:00,37.392612379135606,37.86219481910519,36.81867939158747,37.053470611572266,127500,0.0,0.0
2022-03-23 00:00:00-04:00,36.775197682432896,36.78389217860022,36.20995923148495,36.34909439086914,126200,0.0,0.0
2022-03-24 00:00:00-04:00,36.514329284366575,37.009998627468164,36.10561819480239,37.00130081176758,147200,0.0,0.0
2022-03-25 00:00:00-04:00,37.131745178000436,37.462192545131856,36.644770285240725,36.88825607299805,99900,0.0,0.0
2022-03-28 00:00:00-04:00,36.696940441512844,36.94042618420926,36.35779863783013,36.879554748535156,144600,0.0,0.0
2022-03-29 00:00:00-04:00,37.418700625121744,38.04481056914933,37.236086330528444,37.82741165161133,188000,0.0,0.0
2022-03-30 00:00:00-04:00,37.64480335034739,37.81872317551594,37.279571385768946,37.4534912109375,186500,0.0,0.0
2022-03-31 00:00:00-04:00,37.20999884954048,37.64479667675948,37.20999884954048,37.61001205444336,245900,0.0,0.0
2022-04-01 00:00:00-04:00,37.653494326700326,38.06220538002848,36.85346784990289,37.392616271972656,280300,0.0,0.0
2022-04-04 00:00:00-04:00,37.40130414307038,37.783928318307545,37.0969470193534,37.549137115478516,239100,0.0,0.0
2022-04-05 00:00:00-04:00,37.40130626235929,37.714361217203454,36.80128647707068,37.17521286010742,341700,0.0,0.0
2022-04-06 00:00:00-04:00,36.740412074657904,37.29695269721916,36.6186692281281,37.21868896484375,265400,0.0,0.0
2022-04-07 00:00:00-04:00,36.949121417639034,37.749147840457304,36.8273752375524,37.540443420410156,750600,0.0,0.0
2022-04-08 00:00:00-04:00,37.37522150506299,38.375257852635464,37.34913469647658,37.82741165161133,239200,0.0,0.0
2022-04-11 00:00:00-04:00,37.62740504554568,38.11437981503871,37.53174899106988,37.82741165161133,293400,0.0,0.0
2022-04-12 00:00:00-04:00,38.314387782217885,38.93179993382066,38.210033909676646,38.262210845947266,180400,0.0,0.0
2022-04-13 00:00:00-04:00,38.32327646088577,38.70711868480198,38.27093297805649,38.384342193603516,119700,0.14,0.0
2022-04-14 00:00:00-04:00,38.279659042119164,39.056069077537146,38.279659042119164,39.012451171875,192700,0.0,0.0
2022-04-18 00:00:00-04:00,38.98626544485354,39.77140080996671,38.80306830227107,39.42245101928711,119500,0.0,0.0
2022-04-19 00:00:00-04:00,39.58821393856129,40.18142673992678,39.570766111717276,39.93716049194336,118100,0.0,0.0
2022-04-20 00:00:00-04:00,40.33845482870195,41.00145562563603,40.172702133593845,40.2163200378418,155100,0.0,0.0
2022-04-21 00:00:00-04:00,40.63506077849106,40.9491116822358,40.34717662360079,40.565269470214844,255200,0.0,0.0
2022-04-22 00:00:00-04:00,40.34717566677015,40.757191273587566,39.61438358641172,39.736515045166016,218300,0.0,0.0
2022-04-25 00:00:00-04:00,39.53586812898643,39.78885661157205,38.768180432237735,39.666725158691406,297400,0.0,0.0
2022-04-26 00:00:00-04:00,39.24799178545468,39.605663935775354,38.43668609582899,38.58498764038086,318700,0.0,0.0
2022-04-27 00:00:00-04:00,38.39305987045642,38.646048348914974,36.91003130643302,37.2502555847168,228100,0.0,0.0
2022-04-28 00:00:00-04:00,37.59920912472477,39.500979200551654,37.494525479842785,39.326507568359375,171400,0.0,0.0
2022-04-29 00:00:00-04:00,38.881589181539326,39.81502622087947,38.80307563020079,38.91648483276367,161900,0.0,0.0
2022-05-02 00:00:00-04:00,38.74200896056573,39.256708156171044,37.71261056935509,38.57625961303711,157900,0.0,0.0
2022-05-03 00:00:00-04:00,38.611159138863016,39.22181982300568,38.36689619633915,39.003726959228516,114200,0.0,0.0
2022-05-04 00:00:00-04:00,39.13458422304069,39.99823010474358,38.51520128519995,39.8760986328125,121200,0.0,0.0
2022-05-05 00:00:00-04:00,39.40501679926958,39.59693958317677,38.105185202351784,38.6198844909668,167800,0.0,0.0
2022-05-06 00:00:00-04:00,38.54136587103825,38.83797225824019,38.07901012810062,38.64604949951172,133600,0.0,0.0
2022-05-09 00:00:00-04:00,38.30582689753479,39.07351463841404,37.904536864192366,38.270931243896484,147700,0.0,0.0
2022-05-10 00:00:00-04:00,38.63732955536145,38.811804498447444,37.48579958995971,38.28837966918945,106100,0.0,0.0
2022-05-11 00:00:00-04:00,38.454135556955485,39.43991291078738,37.62538200432863,37.703895568847656,150900,0.0,0.0
2022-05-12 00:00:00-04:00,37.79112148993655,38.14879356181004,37.23280443411767,38.06155776977539,117800,0.0,0.0
2022-05-13 00:00:00-04:00,38.39305950638854,39.02989348483706,37.99176950646591,38.83797073364258,129000,0.0,0.0
2022-05-16 00:00:00-04:00,38.506474966751,39.23054486189831,38.28838210597164,38.92521286010742,94800,0.0,0.0
2022-05-17 00:00:00-04:00,39.352670174572715,40.45185655668136,39.352670174572715,40.44313430786133,121200,0.0,0.0
2022-05-18 00:00:00-04:00,40.02440244190591,40.31228328550291,38.881594661971334,39.090965270996094,194200,0.0,0.0
2022-05-19 00:00:00-04:00,38.9862750071881,39.099684216150116,37.363667067689775,38.131351470947266,198400,0.0,0.0
2022-05-20 00:00:00-04:00,38.42796881273716,38.42796881273716,36.61343759168119,37.180477142333984,192100,0.0,0.0
2022-05-23 00:00:00-04:00,37.381117938327776,38.07029223112383,36.86641861340623,37.46835708618164,266700,0.0,0.0
2022-05-24 00:00:00-04:00,37.06706392537868,37.15429973818792,36.05511318875999,36.87514114379883,166500,0.0,0.0
2022-05-25 00:00:00-04:00,36.58725142478504,37.57303193368278,36.38660642347531,37.37238693237305,205800,0.0,0.0
2022-05-26 00:00:00-04:00,37.51196944442045,38.62860374902231,37.49452161743196,38.53264236450195,187500,0.0,0.0
2022-05-27 00:00:00-04:00,38.84669226986514,39.95460420154636,38.84669226986514,39.553314208984375,132200,0.0,0.0
2022-05-31 00:00:00-04:00,39.36140448907359,39.405022402209106,38.65478564391134,39.30033874511719,251200,0.0,0.0
2022-06-01 00:00:00-04:00,39.5097165209225,39.5097165209225,37.9132746548118,38.77692413330078,170900,0.0,0.0
2022-06-02 00:00:00-04:00,38.99500174824135,39.47480534655559,38.53264264921178,39.40501403808594,122100,0.0,0.0
2022-06-03 00:00:00-04:00,39.160749933952445,39.43118625437331,38.38433995370571,38.680946350097656,122000,0.0,0.0
2022-06-06 00:00:00-04:00,39.090960166319185,39.81502663365232,38.96882538576778,39.72779083251953,134700,0.0,0.0
2022-06-07 00:00:00-04:00,39.42246577033984,40.26866716627783,39.361400033296185,40.259944915771484,119300,0.0,0.0
2022-06-08 00:00:00-04:00,40.08546997415588,40.08546997415588,39.474809275596606,39.77141571044922,76300,0.0,0.0
2022-06-09 00:00:00-04:00,39.50097853884673,40.02440341015458,39.31778133141384,39.37012481689453,75700,0.0,0.0
2022-06-10 00:00:00-04:00,39.0124439464419,39.37011603116022,38.393057820556585,38.66349411010742,78500,0.0,0.0
2022-06-13 00:00:00-04:00,37.782405557179054,38.06156413174974,36.770454892402164,36.9100341796875,163600,0.0,0.0
2022-06-14 00:00:00-04:00,37.04089039771656,37.311326741070445,36.51746886691291,36.99727249145508,119600,0.0,0.0
2022-06-15 00:00:00-04:00,33.15884027816286,35.22636319326387,33.15884027816286,34.51974105834961,665200,0.0,0.0
2022-06-16 00:00:00-04:00,33.79566766112187,34.013760499253486,31.63218377836352,32.07709503173828,387400,0.0,0.0
2022-06-17 00:00:00-04:00,32.661587758567705,33.36820987151383,32.19050967777014,32.87968063354492,532000,0.0,0.0
2022-06-21 00:00:00-04:00,33.52522547697737,33.708422630269,32.62668420602431,33.36819839477539,194800,0.0,0.0
2022-06-22 00:00:00-04:00,33.228628103377915,33.490338868398865,32.844785869869376,33.219905853271484,173800,0.0,0.0
2022-06-23 00:00:00-04:00,33.35076344050164,33.61247423588063,31.75432525920645,32.303916931152344,164900,0.0,0.0
2022-06-24 00:00:00-04:00,32.513283960050515,33.44672113439164,32.513283960050515,33.17628479003906,401100,0.0,0.0
2022-06-27 00:00:00-04:00,33.38565681803149,33.926526201879426,33.045432474516936,33.59502410888672,269100,0.0,0.0
2022-06-28 00:00:00-04:00,33.62990751506545,33.91779159490486,32.88839336102214,32.949459075927734,270600,0.0,0.0
2022-06-29 00:00:00-04:00,32.949456573508215,33.123931457629844,31.81537481846509,32.20793914794922,287200,0.0,0.0
2022-06-30 00:00:00-04:00,31.78049024471643,32.61796598678183,31.640910954372195,32.31263732910156,243600,0.0,0.0
2022-07-01 00:00:00-04:00,31.92007373567777,32.67031376794539,31.553675970411465,32.024757385253906,284100,0.0,0.0
2022-07-05 00:00:00-04:00,31.501328120352937,31.754316595590204,30.49809979597476,31.588563919067383,295800,0.0,0.0
2022-07-06 00:00:00-04:00,31.39664420596771,31.43153652843136,30.969180809422397,31.27450942993164,297700,0.0,0.0
2022-07-07 00:00:00-04:00,31.6583604233281,31.867727705785065,31.230896952576295,31.44026756286621,203100,0.0,0.0
2022-07-08 00:00:00-04:00,31.571118219734085,31.571118219734085,30.899391875335578,31.344303131103516,160900,0.0,0.0
2022-07-11 00:00:00-04:00,31.05642388774196,31.10876737545663,30.332357277438053,30.45448875427246,114000,0.0,0.0
2022-07-12 00:00:00-04:00,30.34107965735589,31.038979518524382,30.245118260053566,30.33235740661621,131000,0.0,0.0
2022-07-13 00:00:00-04:00,30.01829553537681,30.49809907259063,29.75658481760858,30.393415451049805,163000,0.0,0.0
2022-07-14 00:00:00-04:00,30.05182723718221,30.516048487949806,29.701469432775944,30.209487915039062,122200,0.14,0.0
2022-07-15 00:00:00-04:00,30.69997606922612,31.032815554286163,30.22699417065533,30.927709579467773,185800,0.0,0.0
2022-07-18 00:00:00-04:00,31.26055030027062,31.59338983406323,30.726259567648267,30.857641220092773,126700,0.0,0.0
2022-07-19 00:00:00-04:00,31.251797737714842,32.740813419971936,31.251797737714842,32.60942840576172,183500,0.0,0.0
2022-07-20 00:00:00-04:00,32.50431635796428,33.31889527564839,32.329137485328935,33.23130416870117,205100,0.0,0.0
2022-07-21 00:00:00-04:00,32.994813260670966,33.783116518545135,32.62694063450242,33.76559829711914,162300,0.0,0.0
2022-07-22 00:00:00-04:00,33.6604926828025,34.247338071409935,33.31013493291866,33.564144134521484,161500,0.0,0.0
2022-07-25 00:00:00-04:00,33.75684734979414,33.81815946594828,33.47656243558674,33.78312301635742,118200,0.0,0.0
2022-07-26 00:00:00-04:00,33.53786666793538,34.07216070418947,33.520348447257994,33.9320182800293,143600,0.0,0.0
2022-07-27 00:00:00-04:00,34.063396515171426,34.5801722790446,33.66048750367942,34.34368133544922,107700,0.0,0.0
2022-07-28 00:00:00-04:00,34.44879911070252,35.38600233519888,34.39624444101937,35.28965377807617,97900,0.0,0.0
2022-07-29 00:00:00-04:00,35.25461250900603,36.17429738446743,35.25461250900603,36.12174606323242,138900,0.0,0.0
2022-08-01 00:00:00-04:00,35.65751854678893,36.49837302798051,35.65751854678893,36.33195495605469,129200,0.0,0.0
2022-08-02 00:00:00-04:00,36.34947969941484,36.68231924426329,35.972846268963536,36.04291915893555,67600,0.0,0.0
2022-08-03 00:00:00-04:00,36.20933872722468,36.37575683575927,35.80642961734552,36.15678405761719,245500,0.0,0.0
2022-08-04 00:00:00-04:00,36.28817134449121,36.7874290427709,35.937813540913346,36.37575912475586,83900,0.0,0.0
2022-08-05 00:00:00-04:00,36.0691948220454,36.31444325442884,35.94657060585368,36.04291915893555,79000,0.0,0.0
2022-08-08 00:00:00-04:00,36.33196416254462,36.664803731996244,36.20933993728865,36.34072494506836,116300,0.0,0.0
2022-08-09 00:00:00-04:00,35.99911803656132,36.14802124100918,35.56993332633295,35.815181732177734,147200,0.0,0.0
2022-08-10 00:00:00-04:00,36.31444246116276,36.83121831901015,36.31444246116276,36.472103118896484,122600,0.0,0.0
2022-08-11 00:00:00-04:00,36.857500789245464,37.225373464383026,36.62976722165213,36.92757034301758,164400,0.0,0.0
2022-08-12 00:00:00-04:00,37.26041291722445,37.60200995490722,37.14654612424359,37.58449172973633,143600,0.0,0.0
2022-08-15 00:00:00-04:00,37.27792696958633,38.022433079081694,37.27792696958633,37.78594207763672,99600,0.0,0.0
2022-08-16 00:00:00-04:00,37.84725497350206,38.26768231548529,37.84725497350206,38.19761276245117,110300,0.0,0.0
2022-08-17 00:00:00-04:00,37.7947013058292,37.7947013058292,37.111503993771166,37.470619201660156,105900,0.0,0.0
2022-08-18 00:00:00-04:00,37.47062340010013,37.847256872679075,37.47062340010013,37.803462982177734,175700,0.0,0.0
2022-08-19 00:00:00-04:00,37.619518193475564,37.654554634516444,37.03266950044701,37.39178466796875,99700,0.0,0.0
2022-08-22 00:00:00-04:00,36.988878937817454,36.988878937817454,36.13926354328641,36.21809387207031,71000,0.0,0.0
2022-08-23 00:00:00-04:00,36.139260133674114,36.66479672307067,36.139260133674114,36.29692077636719,116700,0.0,0.0
2022-08-24 00:00:00-04:00,36.27940872398699,36.524660510572204,36.02540283758225,36.18306350708008,64400,0.0,0.0
2022-08-25 00:00:00-04:00,36.270645687375925,37.137779235839844,36.270645687375925,37.137779235839844,164100,0.0,0.0
2022-08-26 00:00:00-04:00,37.129018132868424,37.24288489589842,35.23709374843114,35.25461196899414,139900,0.0,0.0
2022-08-29 00:00:00-04:00,35.19330630548211,35.94657322118956,34.67653039874743,35.578697204589844,125100,0.0,0.0
2022-08-30 00:00:00-04:00,35.54366222100098,35.80642888111675,35.298410442468146,35.692562103271484,130200,0.0,0.0
2022-08-31 00:00:00-04:00,35.77139625819696,35.885263048210774,35.307174997674075,35.43855667114258,230400,0.0,0.0
2022-09-01 00:00:00-04:00,36.03415988116947,36.03415988116947,34.045886652221256,34.475074768066406,150600,0.0,0.0
2022-09-02 00:00:00-04:00,35.03564457614671,35.622490018992636,34.291138465407364,34.44879913330078,115400,0.0,0.0
2022-09-06 00:00:00-04:00,34.24733614257036,34.24733614257036,33.36268771876356,33.70428466796875,137800,0.0,0.0
2022-09-07 00:00:00-04:00,33.75684166856036,34.623971931808924,33.49407502337168,34.483829498291016,167900,0.0,0.0
2022-09-08 00:00:00-04:00,34.06340717439531,34.15099829642803,33.76560404200337,34.133480072021484,107400,0.0,0.0
2022-09-09 00:00:00-04:00,34.51011838591423,35.00061537308312,34.36121512819501,34.930545806884766,85300,0.0,0.0
2022-09-12 00:00:00-04:00,35.23709563801768,35.482344056533165,34.9918472195022,35.4210319519043,76100,0.0,0.0
2022-09-13 00:00:00-04:00,34.59769117358899,34.89549421860694,33.800630573873114,33.96704864501953,119200,0.0,0.0
2022-09-14 00:00:00-04:00,33.984567972513304,34.13347117050731,33.275098445995745,33.64297103881836,101000,0.0,0.0
2022-09-15 00:00:00-04:00,33.35392944937711,34.010847671125525,33.161232368461405,33.26633834838867,133900,0.0,0.0
2022-09-16 00:00:00-04:00,32.951022746087986,32.951022746087986,32.39045296818949,32.845916748046875,303800,0.0,0.0
2022-09-19 00:00:00-04:00,32.889714695814426,34.107202958977226,32.889714695814426,34.019615173339844,151500,0.0,0.0
2022-09-20 00:00:00-04:00,33.634213599528735,33.730558796749804,33.24006200631965,33.64297103881836,144800,0.0,0.0
2022-09-21 00:00:00-04:00,34.04589708706736,34.38749419148863,33.45029067993164,33.45029067993164,128600,0.0,0.0
2022-09-22 00:00:00-04:00,33.0999290232892,33.36269571323825,32.60942875179381,32.714534759521484,150500,0.0,0.0
2022-09-23 00:00:00-04:00,32.355409619801115,32.355409619801115,31.278064181232274,32.18899154663086,270300,0.0,0.0
2022-09-26 00:00:00-04:00,32.29411008706922,33.0211014426716,32.18900407055491,32.4517707824707,238700,0.0,0.0
2022-09-27 00:00:00-04:00,32.7758422745965,33.14371826188907,32.27658463140316,32.55686950683594,160700,0.0,0.0
2022-09-28 00:00:00-04:00,32.62693770066793,33.94077411814449,32.311616425872145,33.616695404052734,173100,0.0,0.0
2022-09-29 00:00:00-04:00,33.14370373855956,33.14370373855956,32.302849480717434,32.96852493286133,132000,0.0,0.0
2022-09-30 00:00:00-04:00,32.77584004981295,33.62545540025605,32.530591635771245,32.53935241699219,210100,0.0,0.0
2022-10-03 00:00:00-04:00,32.95102543319664,33.49408037342316,32.56563451477821,32.60942840576172,120200,0.0,0.0
2022-10-04 00:00:00-04:00,33.12620277694582,33.78312113451285,33.12620277694582,33.362693786621094,181000,0.0,0.0
2022-10-05 00:00:00-04:00,33.02109522149773,33.187513328063886,32.41672822256812,32.79336166381836,161000,0.0,0.0
2022-10-06 00:00:00-04:00,32.81088415245158,32.81088415245158,32.40797499495717,32.565635681152344,122200,0.0,0.0
2022-10-07 00:00:00-04:00,32.09264831510633,32.11016653748195,31.207999803322505,31.549596786499023,146100,0.0,0.0
2022-10-10 00:00:00-04:00,31.838642181780113,32.15396353251871,31.514563389636372,31.786090850830078,110300,0.0,0.0
2022-10-11 00:00:00-04:00,31.70725777790614,32.01381831953443,31.33938178669288,31.540836334228516,122500,0.0,0.0
2022-10-12 00:00:00-04:00,31.628428254550357,31.803607143350277,31.251794813071317,31.391937255859375,108500,0.0,0.0
2022-10-13 00:00:00-04:00,30.758824871125398,32.1217795797313,30.574167205404397,31.9722957611084,249200,0.14,0.0
2022-10-14 00:00:00-04:00,32.35039936789322,32.35039936789322,31.242446899910245,31.462278366088867,114000,0.0,0.0
2022-10-17 00:00:00-04:00,32.15695009198403,33.04507119011347,32.12177624853364,32.92196273803711,172000,0.0,0.0
2022-10-18 00:00:00-04:00,33.65180439712922,33.95956713686097,33.24731526652112,33.61663055419922,151200,0.0,0.0
2022-10-19 00:00:00-04:00,33.18575441439774,33.4847252957657,32.48229114927682,32.91316223144531,122000,0.0,0.0
2022-10-20 00:00:00-04:00,32.83402433674394,33.361618456208234,32.55264035911477,32.64057159423828,97700,0.0,0.0
2022-10-21 00:00:00-04:00,32.93075098301763,34.091460739022025,32.71091953901132,33.906803131103516,98100,0.0,0.0
2022-10-24 00:00:00-04:00,34.14423183130665,34.70699996165926,33.898018258505395,34.4959602355957,85700,0.0,0.0
2022-10-25 00:00:00-04:00,34.45199283697214,35.42804523051474,33.8804295970749,35.23459243774414,98900,0.0,0.0
2022-10-26 00:00:00-04:00,35.44562546801291,35.744596384835624,34.75974903861855,35.111480712890625,79500,0.0,0.0
2022-10-27 00:00:00-04:00,35.43683218163134,36.02598226364593,35.07630870614015,35.35769271850586,102800,0.0,0.0
2022-10-28 00:00:00-04:00,35.524773571046204,36.360130630571824,35.278559997401274,35.99960708618164,142900,0.0,0.0
2022-10-31 00:00:00-04:00,35.98201211893065,36.474435801775954,35.56873125100522,36.25460433959961,137300,0.0,0.0
2022-11-01 00:00:00-04:00,36.54478677576753,36.984449739773744,36.298573234957736,36.97565460205078,94000,0.0,0.0
2022-11-02 00:00:00-04:00,37.0547975708652,37.59118697433144,36.34254564866989,36.35133743286133,148800,0.0,0.0
2022-11-03 00:00:00-04:00,35.92046458767296,36.32495708380678,35.34890471891654,36.21064376831055,81300,0.0,0.0
2022-11-04 00:00:00-04:00,36.597540978895964,37.63514575141067,36.597540978895964,37.54721450805664,82200,0.0,0.0
2022-11-07 00:00:00-05:00,37.81101695839123,38.479303224061944,37.274627576469555,38.153953552246094,99300,0.0,0.0
2022-11-08 00:00:00-05:00,38.47050533093063,39.02448154691735,38.27705257358501,38.6024055480957,93600,0.0,0.0
2022-11-09 00:00:00-05:00,38.40894959036156,38.70792048391066,37.934112873366814,37.986873626708984,61800,0.0,0.0
2022-11-10 00:00:00-05:00,39.569666986019044,40.00053816911952,39.393801128542066,39.79829025268555,108600,0.0,0.0
2022-11-11 00:00:00-05:00,40.15880661334438,40.686404092001716,39.87742263313846,40.39622497558594,83700,0.0,0.0
2022-11-14 00:00:00-05:00,39.99174110868515,40.57209606240419,39.59604378697624,40.01811981201172,91000,0.0,0.0
2022-11-15 00:00:00-05:00,40.60727089023113,41.073312550260916,39.9477764561382,40.334678649902344,101100,0.0,0.0
2022-11-16 00:00:00-05:00,40.088471112506184,40.088471112506184,39.27069769193415,39.34104537963867,131200,0.0,0.0
2022-11-17 00:00:00-05:00,38.716721679271565,39.24431927788947,38.46171969535343,38.98052215576172,203700,0.0,0.0
2022-11-18 00:00:00-05:00,39.69277475879409,39.96536702399865,38.64637803544663,38.804656982421875,307600,0.0,0.0
2022-11-21 00:00:00-05:00,38.71671882976036,38.87499776226033,38.33860841927291,38.444129943847656,169200,0.0,0.0
2022-11-22 00:00:00-05:00,39.19155361043522,40.08846639699186,38.74309889433789,40.00932693481445,245500,0.0,0.0
2022-11-23 00:00:00-05:00,39.8686408996582,40.14123316671921,39.49053045201591,39.8686408996582,106300,0.0,0.0
2022-11-25 00:00:00-05:00,39.75432558353591,40.40502826555025,39.719151740321664,40.11484909057617,73100,0.0,0.0
2022-11-28 00:00:00-05:00,39.79828588315392,39.79828588315392,38.86620264327699,39.04206848144531,109800,0.0,0.0
2022-11-29 00:00:00-05:00,38.79585247444728,39.50810756381873,38.59360794757033,38.69033432006836,260500,0.0,0.0
2022-11-30 00:00:00-05:00,38.96292714047998,40.1676025390625,38.18032436614068,40.1676025390625,327100,0.0,0.0
2022-12-01 00:00:00-05:00,40.88866011352015,43.45629049335039,40.624862977208664,43.06059646606445,147000,0.0,0.0
2022-12-02 00:00:00-05:00,42.84955206277878,44.30923296887521,42.656099285250576,44.168540954589844,132000,0.0,0.0
2022-12-05 00:00:00-05:00,44.071817625529135,44.071817625529135,42.84076325365636,42.94628143310547,142600,0.0,0.0
2022-12-06 00:00:00-05:00,42.98145209858216,42.99024388190162,41.92626031905111,42.35712814331055,149500,0.0,0.0
2022-12-07 00:00:00-05:00,42.24281518802508,42.41868103118297,41.15244964393568,41.249176025390625,225600,0.0,0.0
2022-12-08 00:00:00-05:00,41.345903081109014,41.42504254410257,40.86227452030932,41.07331085205078,157200,0.0,0.0
2022-12-09 00:00:00-05:00,40.827103479159824,41.328318994359456,40.6952032470074,41.19641876220703,125200,0.0,0.0
2022-12-12 00:00:00-05:00,40.95020844569639,41.70642928503723,40.87106897752439,41.50418472290039,93800,0.0,0.0
2022-12-13 00:00:00-05:00,42.58575394757403,42.83196412815673,41.51297526755715,41.54814910888672,125900,0.0,0.0
2022-12-14 00:00:00-05:00,41.76798630130564,41.95264396201176,40.58968929042062,40.78314208984375,122500,0.0,0.0
2022-12-15 00:00:00-05:00,40.41382406854089,40.41382406854089,39.11242192944321,39.23552703857422,133200,0.0,0.0
2022-12-16 00:00:00-05:00,38.61999333938885,39.17396961600039,38.47930132438489,38.78706741333008,449200,0.0,0.0
2022-12-19 00:00:00-05:00,38.83103389400038,38.98931283365986,38.408957839695866,38.71672058105469,354900,0.0,0.0
2022-12-20 00:00:00-05:00,38.92775627478218,39.85984289515109,38.67275097000739,39.05086135864258,114600,0.0,0.0
2022-12-21 00:00:00-05:00,39.261896094986426,39.76311150433846,39.261896094986426,39.50810623168945,97600,0.0,0.0
2022-12-22 00:00:00-05:00,39.112416898805954,39.112416898805954,38.0396381925948,38.681549072265625,99300,0.0,0.0
2022-12-23 00:00:00-05:00,38.64637324882618,39.209141277541,38.496886104370155,38.927757263183594,83000,0.0,0.0
2022-12-27 00:00:00-05:00,39.13879491777612,39.91260266055745,38.52326946207045,39.455352783203125,201200,0.0,0.0
2022-12-28 00:00:00-05:00,39.68398143249278,39.95657033274087,38.32981865182788,38.356197357177734,73700,0.0,0.0
2022-12-29 00:00:00-05:00,38.86621101508554,39.56087938058343,38.73431076945743,39.41139221191406,99200,0.0,0.0
2022-12-30 00:00:00-05:00,39.200347008285064,39.37620949033257,38.78706279587739,39.01568603515625,125400,0.0,0.0
2023-01-03 00:00:00-05:00,39.46414668308228,39.79828810445379,39.17396753075422,39.49931716918945,149600,0.0,0.0
2023-01-04 00:00:00-05:00,39.9477771938617,40.053295366043784,38.9189641134091,39.27948760986328,126200,0.0,0.0
2023-01-05 00:00:00-05:00,39.10362613527881,39.719151617818156,39.04207358702487,39.56966781616211,79500,0.0,0.0
2023-01-06 00:00:00-05:00,40.08847311476185,40.897451437594796,39.96536800949271,40.67761993408203,113000,0.0,0.0
2023-01-09 00:00:00-05:00,40.9062389828193,41.84711737485119,40.86227336115052,41.09089660644531,116400,0.0,0.0
2023-01-10 00:00:00-05:00,40.94140869686219,41.52176356575759,40.76554287354446,41.31951904296875,86600,0.0,0.0
2023-01-11 00:00:00-05:00,41.275559548436156,41.97022786514152,41.08211011729515,41.126075744628906,85800,0.0,0.0
2023-01-12 00:00:00-05:00,41.26718875132344,41.35538400299376,40.88794311316131,41.22309112548828,94200,0.14,0.0
2023-01-13 00:00:00-05:00,40.71154409251972,41.66406883927728,40.71154409251972,41.42593765258789,76800,0.0,0.0
2023-01-17 00:00:00-05:00,41.35538542551936,41.46122040405085,40.93204214696008,41.126075744628906,73700,0.0,0.0
2023-01-18 00:00:00-05:00,41.47885339399582,41.69052668112802,40.649806695296284,40.817378997802734,81500,0.0,0.0
2023-01-19 00:00:00-05:00,40.51750928089853,40.51750928089853,39.653183165643675,40.13826370239258,109100,0.0,0.0
2023-01-20 00:00:00-05:00,40.446957758585484,40.446957758585484,39.670826804467424,40.411678314208984,123000,0.0,0.0
2023-01-23 00:00:00-05:00,40.38522068979627,40.702728962493836,40.023614793542485,40.45577621459961,82500,0.0,0.0
2023-01-24 00:00:00-05:00,40.17354879121142,40.93204005485824,40.023616192991206,40.86148452758789,76900,0.0,0.0
2023-01-25 00:00:00-05:00,40.50869854959083,41.39948272705078,40.208829975750525,41.39948272705078,95700,0.0,0.0
2023-01-26 00:00:00-05:00,41.59351221792126,41.59351221792126,40.64099078378139,41.24954605102539,100500,0.0,0.0
2023-01-27 00:00:00-05:00,41.19662464417614,41.91983638252194,41.04669206242695,41.42593765258789,102000,0.0,0.0
2023-01-30 00:00:00-05:00,41.19663209339561,41.584699296437684,41.11725501681276,41.25836944580078,74700,0.0,0.0
2023-01-31 00:00:00-05:00,41.2760066001283,42.457841130984264,41.2760066001283,42.10505676269531,244100,0.0,0.0
2023-02-01 00:00:00-05:00,42.14915335139495,43.91308524275009,42.14915335139495,43.55147933959961,222200,0.0,0.0
2023-02-02 00:00:00-05:00,43.63085582587879,44.55691938357078,43.63085582587879,44.495182037353516,128300,0.0,0.0
2023-02-03 00:00:00-05:00,44.274691113571514,45.315411197865764,44.274691113571514,44.477542877197266,185100,0.0,0.0
2023-02-06 00:00:00-05:00,44.27468388242536,44.433437995757586,43.622027709344785,44.080650329589844,94200,0.0,0.0
2023-02-07 00:00:00-05:00,43.73668208372261,44.371698506245075,43.47209302914904,44.02772903442383,89400,0.0,0.0
2023-02-08 00:00:00-05:00,43.67495359160241,43.90426325480692,42.898822625220966,43.445640563964844,84100,0.0,0.0
2023-02-09 00:00:00-05:00,43.67496219049164,43.8601742662105,43.11932259890136,43.15460205078125,62500,0.0,0.0
2023-02-10 00:00:00-05:00,42.92527388832761,43.18104477789423,42.66068482110776,42.81943893432617,80800,0.0,0.0
2023-02-13 00:00:00-05:00,42.669511029556034,43.69259133527465,42.669511029556034,43.56029510498047,88500,0.0,0.0
2023-02-14 00:00:00-05:00,43.40154181078013,44.07183778935285,43.16341061032138,43.586753845214844,97300,0.0,0.0
2023-02-15 00:00:00-05:00,43.35744516809738,44.07183878562294,43.27806809948343,43.88662338256836,62900,0.0,0.0
2023-02-16 00:00:00-05:00,43.26043563225776,44.036566726154966,43.26043563225776,43.842533111572266,82600,0.0,0.0
2023-02-17 00:00:00-05:00,43.90426777790917,44.12475928481218,43.68377627100616,43.8072509765625,89100,0.0,0.0
2023-02-21 00:00:00-05:00,43.40154252383824,43.49855931425976,42.85472459033778,43.02229690551758,96500,0.0,0.0
2023-02-22 00:00:00-05:00,43.022294381641046,43.3662605351875,42.810624455350684,43.04875564575195,137100,0.0,0.0
2023-02-23 00:00:00-05:00,43.24278500563533,43.428000393060536,42.625411595660466,43.23396682739258,75000,0.0,0.0
2023-02-24 00:00:00-05:00,42.59895155689824,42.86354064941406,42.32554428588613,42.86354064941406,90400,0.0,0.0
2023-02-27 00:00:00-05:00,43.23397007518789,43.41918211209373,42.45783911864479,42.53721618652344,89200,0.0,0.0
2023-02-28 00:00:00-05:00,42.60776736892028,43.463271874171724,42.60776736892028,42.97819137573242,181700,0.0,0.0
2023-03-01 00:00:00-05:00,42.916463607848385,43.61321752580384,42.916463607848385,43.577938079833984,79900,0.0,0.0
2023-03-02 00:00:00-05:00,43.251614765276834,44.31879285032819,43.2075171368199,44.309974670410156,91600,0.0,0.0
2023-03-03 00:00:00-05:00,44.53928137799488,44.75095469063693,44.063018947875136,44.230594635009766,110200,0.0,0.0
2023-03-06 00:00:00-05:00,44.16885726092339,44.16885726092339,41.72581112757065,42.10505676269531,239900,0.0,0.0
2023-03-07 00:00:00-05:00,42.13151337538199,42.59895424716146,41.39948002994398,42.07859420776367,172000,0.0,0.0
2023-03-08 00:00:00-05:00,42.34319045332331,42.42256753591212,41.487685634792335,41.99040603637695,151100,0.0,0.0
2023-03-09 00:00:00-05:00,37.951002600036965,40.4381468897521,37.69523497187471,38.53310012817383,592600,0.0,0.0
2023-03-10 00:00:00-05:00,38.1803050493397,38.674203805676434,37.22778025166239,37.862796783447266,389500,0.0,0.0
2023-03-13 00:00:00-04:00,37.05139485008753,37.12195375390967,36.19589001006325,36.478118896484375,227400,0.0,0.0
2023-03-14 00:00:00-04:00,37.31598680606437,37.48355915343656,36.6633304133949,37.086673736572266,295400,0.0,0.0
2023-03-15 00:00:00-04:00,36.142957103379516,36.53102083369504,35.728432111965084,36.48692321777344,238000,0.0,0.0
2023-03-16 00:00:00-04:00,35.96657217450278,37.1395885619661,35.957753994909545,36.89263916015625,174600,0.0,0.0
2023-03-17 00:00:00-04:00,36.72506250487955,37.16604549050862,35.719621835954584,36.09004592895508,806300,0.0,0.0
2023-03-20 00:00:00-04:00,36.53102976123232,36.96319457751532,36.31935980730725,36.51339340209961,169600,0.0,0.0
2023-03-21 00:00:00-04:00,37.183682333175476,37.74813997274481,36.95437267876278,37.104305267333984,207600,0.0,0.0
2023-03-22 00:00:00-04:00,37.218964221951495,37.518832783227445,36.33699826107318,36.38109588623047,116000,0.0,0.0
2023-03-23 00:00:00-04:00,36.592767215999366,37.00728890735475,36.12532299422752,36.495750427246094,159300,0.0,0.0
2023-03-24 00:00:00-04:00,36.16942383921318,36.60158865549618,36.16942383921318,36.51339340209961,128800,0.0,0.0
2023-03-27 00:00:00-04:00,37.051391466939506,37.210145621609826,36.73388652203228,37.174869537353516,313600,0.0,0.0
2023-03-28 00:00:00-04:00,37.00728707890613,37.474731277582585,36.82207505376424,37.30715560913086,171900,0.0,0.0
2023-03-29 00:00:00-04:00,37.74814531804759,38.19794987632133,37.360081477000364,38.10093307495117,406600,0.0,0.0
2023-03-30 00:00:00-04:00,38.27732183147763,38.488991765749304,37.92453412178091,37.968631744384766,147200,0.0,0.0
2023-03-31 00:00:00-04:00,38.18030450621618,38.744762142247446,38.145025062856,38.70066452026367,202400,0.0,0.0
2023-04-03 00:00:00-04:00,38.61246659688325,38.75358100839457,37.898076360546646,38.453712463378906,324500,0.0,0.0
2023-04-04 00:00:00-04:00,38.524277545084786,38.524277545084786,36.575133371326174,36.866180419921875,262600,0.0,0.0
2023-04-05 00:00:00-04:00,36.76033867380036,36.76033867380036,36.32817390606322,36.68096160888672,229200,0.0,0.0
2023-04-06 00:00:00-04:00,36.81326406827972,36.81326406827972,36.41637867654856,36.777984619140625,168100,0.0,0.0
2023-04-10 00:00:00-04:00,36.54867109862797,37.289522698944985,36.46929402129282,37.174869537353516,156700,0.0,0.0
2023-04-11 00:00:00-04:00,37.35125915665499,37.80988188532826,37.086670026690925,37.46591567993164,128500,0.0,0.0
2023-04-12 00:00:00-04:00,37.90689198937771,37.90689198937771,37.41298990009581,37.659942626953125,98600,0.0,0.0
2023-04-13 00:00:00-04:00,37.80152518334372,38.049286901612746,37.14672201656097,37.9431037902832,204100,0.14,0.0
2023-04-14 00:00:00-04:00,37.766131049181695,38.27050506555476,37.677645682467265,37.92540740966797,114900,0.0,0.0
2023-04-17 00:00:00-04:00,37.86346178802267,38.31474249721099,37.86346178802267,38.18201446533203,80900,0.0,0.0
2023-04-18 00:00:00-04:00,38.33244711305544,38.429783045844204,37.79267757704534,38.09353256225586,185800,0.0,0.0
2023-04-19 00:00:00-04:00,37.677641816392274,38.04043718349587,37.677641816392274,37.7838249206543,188600,0.0,0.0
2023-04-20 00:00:00-04:00,37.69534182237645,37.8015283180117,37.46527783283448,37.75728225708008,99300,0.0,0.0
2023-04-21 00:00:00-04:00,37.74842961392215,37.74842961392215,36.81046929105628,36.96974563598633,127100,0.0,0.0
2023-04-24 00:00:00-04:00,36.71313922123902,37.14672223070939,36.58040779968671,36.748531341552734,106900,0.0,0.0
2023-04-25 00:00:00-04:00,36.34149563252508,36.509619185338266,35.80172610046632,35.86366653442383,97200,0.0,0.0
2023-04-26 00:00:00-04:00,35.59820193205773,35.943299550353956,35.509716574981766,35.6424446105957,90400,0.0,0.0
2023-04-27 00:00:00-04:00,35.66899404148971,36.06718153637217,35.438926705046406,36.05833435058594,109400,0.0,0.0
2023-04-28 00:00:00-04:00,36.005239543020615,36.500766312995204,36.005239543020615,36.27070236206055,112400,0.0,0.0
2023-05-01 00:00:00-04:00,36.208765038751345,36.952053638911956,36.208765038751345,36.47422790527344,79400,0.0,0.0
2023-05-02 00:00:00-04:00,36.16452293328774,36.38573974193974,35.660148879601245,36.3680419921875,84200,0.0,0.0
2023-05-03 00:00:00-04:00,36.421129980246064,36.96974664131266,36.18221545635413,36.24415588378906,116600,0.0,0.0
2023-05-04 00:00:00-04:00,35.79287242940506,35.79287242940506,35.01418848936303,35.18231201171875,133300,0.0,0.0
2023-05-05 00:00:00-04:00,35.81057289174454,36.38573448585464,35.7574796501574,36.24415588378906,101100,0.0,0.0
2023-05-08 00:00:00-04:00,36.33264929585165,36.38573916877143,35.89021568551713,36.09373474121094,61200,0.0,0.0
2023-05-09 00:00:00-04:00,35.90790748539106,36.36803539345964,35.854814245767756,36.0229377746582,83200,0.0,0.0
2023-05-10 00:00:00-04:00,36.606953556417004,36.606953556417004,35.61590327985674,36.217613220214844,123600,0.0,0.0
2023-05-11 00:00:00-04:00,35.766326409414496,36.12912515934927,35.430079343206806,36.01409149169922,85600,0.0,0.0
2023-05-12 00:00:00-04:00,36.10257602369804,36.40343096454136,35.90790756232885,36.16451644897461,63700,0.0,0.0
2023-05-15 00:00:00-04:00,36.30609732520494,36.52731410807945,36.11142885161552,36.13797378540039,91900,0.0,0.0
2023-05-16 00:00:00-04:00,35.978695173144914,36.235307435290686,35.801721082854726,36.16451644897461,75900,0.0,0.0
2023-05-17 00:00:00-04:00,36.45653060508339,36.97860240657647,36.199918297883265,36.84587097167969,155400,0.0,0.0
2023-05-18 00:00:00-04:00,36.76622782943361,37.49181859125203,36.76622782943361,37.288299560546875,76100,0.0,0.0
2023-05-19 00:00:00-04:00,37.6864906534221,37.6864906534221,36.64234718517325,37.0936279296875,78400,0.0,0.0
2023-05-22 00:00:00-04:00,37.2175147383547,37.72188875999821,37.04938781413993,37.39448547363281,100700,0.0,0.0
2023-05-23 00:00:00-04:00,37.25290374782338,38.16431916076357,37.25290374782338,37.58030700683594,108200,0.0,0.0
2023-05-24 00:00:00-04:00,37.447579566933086,37.48297506498985,37.01399652998943,37.24406051635742,114900,0.0,0.0
2023-05-25 00:00:00-04:00,37.3767868747332,37.89000802491631,37.24405546278066,37.7838249206543,245700,0.0,0.0
2023-05-26 00:00:00-04:00,37.79267413573039,38.960698471837,37.79267413573039,38.801422119140625,185900,0.0,0.0
2023-05-30 00:00:00-04:00,38.854513481429706,38.92530446831323,38.429777686628725,38.44747543334961,92200,0.0,0.0
2023-05-31 00:00:00-04:00,38.19971568188883,38.50057066709935,37.642251772190335,38.09353256225586,499800,0.0,0.0
2023-06-01 00:00:00-04:00,37.96080290655389,38.13777363998275,37.244059284365676,37.92540740966797,107900,0.0,0.0
2023-06-02 00:00:00-04:00,38.544813315152965,39.41198269562952,38.111226937164574,39.32349395751953,142300,0.0,0.0
2023-06-05 00:00:00-04:00,38.766030566545076,38.766030566545076,37.890010613900834,38.08468246459961,146400,0.0,0.0
2023-06-06 00:00:00-04:00,38.06698629349101,40.05793743828343,37.75728075677863,39.633201599121094,121800,0.0,0.0
2023-06-07 00:00:00-04:00,40.022534742648496,41.217107239967085,39.89865390044504,40.96049499511719,202800,0.0,0.0
2023-06-08 00:00:00-04:00,40.978194345321505,40.978194345321505,39.889808277695806,40.27029800415039,202000,0.0,0.0
2023-06-09 00:00:00-04:00,40.234908294201105,40.544610430363804,39.79247474225431,39.90750503540039,83700,0.0,0.0
2023-06-12 00:00:00-04:00,39.99599604701824,40.16411959114486,39.7305365758445,39.88096237182617,248300,0.0,0.0
2023-06-13 00:00:00-04:00,34.226658365871394,34.226658365871394,32.005640141037716,32.65159606933594,1832700,0.0,0.0
2023-06-14 00:00:00-04:00,32.740082940951055,33.50991637847662,32.53656391151326,32.917057037353516,754100,0.0,0.0
2023-06-15 00:00:00-04:00,32.81087910345091,33.80192947387695,32.793181353470004,33.80192947387695,467900,0.0,0.0
2023-06-16 00:00:00-04:00,34.36823899344985,34.36823899344985,33.2621550961008,33.76652908325195,622100,0.0,0.0
2023-06-20 00:00:00-04:00,33.669192874320174,33.669192874320174,33.07633353061514,33.20021438598633,236900,0.0,0.0
2023-06-21 00:00:00-04:00,32.97014704701113,33.359490735892194,32.625049414048476,33.20021438598633,267000,0.0,0.0
2023-06-22 00:00:00-04:00,32.3861379857601,32.3861379857601,29.749234149804813,30.120880126953125,608000,0.0,0.0
2023-06-23 00:00:00-04:00,29.820019814938718,30.35978924746088,28.536961936492567,28.997093200683594,799200,0.0,0.0
2023-06-26 00:00:00-04:00,29.209462372017526,29.643048749392918,28.64314795091513,28.76702880859375,356400,0.0,0.0
2023-06-27 00:00:00-04:00,28.811271672793097,29.20945913535164,28.53696167868625,28.926301956176758,458000,0.0,0.0
2023-06-28 00:00:00-04:00,29.023645007762312,29.492626943709993,28.793581008911133,28.793581008911133,292800,0.0,0.0
2023-06-29 00:00:00-04:00,28.899760922558997,29.696142706066556,28.837820492230662,29.44837760925293,328900,0.0,0.0
2023-06-30 00:00:00-04:00,29.784622644116666,30.1031752994815,29.545708152593043,29.660741806030273,390000,0.0,0.0
2023-07-03 00:00:00-04:00,29.510317280710975,29.811172238354963,29.474925161076545,29.625350952148438,105700,0.0,0.0
2023-07-05 00:00:00-04:00,29.43953103766111,29.775781506107144,29.129825504052796,29.492624282836914,213600,0.0,0.0
2023-07-06 00:00:00-04:00,29.05903916570366,29.315651465437004,28.846669551148352,29.067886352539062,238700,0.0,0.0
2023-07-07 00:00:00-04:00,29.200618444434845,29.351044252544682,28.944006138893915,28.988248825073242,260200,0.0,0.0
2023-07-10 00:00:00-04:00,28.890914439672073,29.41298620479281,28.890914439672073,29.014795303344727,676900,0.0,0.0
2023-07-11 00:00:00-04:00,29.182917467885996,29.35104100697699,28.669696289055487,29.14752197265625,538800,0.0,0.0
2023-07-12 00:00:00-04:00,29.722689098282178,29.93505870946793,29.26255775363009,29.837722778320312,644500,0.0,0.0
2023-07-13 00:00:00-04:00,30.05097084130487,30.24645429275543,29.677778858978847,30.033199310302734,329400,0.14,0.0
2023-07-14 00:00:00-04:00,29.83772096549199,29.846605036717833,29.340128237516108,29.562267303466797,167100,0.0,0.0
2023-07-17 00:00:00-04:00,29.500067111591946,29.748861767935512,29.375669783420165,29.597808837890625,368000,0.0,0.0
2023-07-18 00:00:00-04:00,29.722213161969748,30.068749626178494,29.18907727200925,29.402332305908203,152600,0.0,0.0
2023-07-19 00:00:00-04:00,29.375669838518387,29.54449429998632,29.07356058828899,29.384553909301758,211200,0.0,0.0
2023-07-20 00:00:00-04:00,29.420098776103217,29.420098776103217,28.593741170071535,28.700366973876953,177700,0.0,0.0
2023-07-21 00:00:00-04:00,28.869193632146946,29.011362494487003,28.424913818851113,28.806991577148438,377900,0.0,0.0
2023-07-24 00:00:00-04:00,28.842534122896783,29.375669889291114,28.753679856617552,29.260156631469727,202300,0.0,0.0
2023-07-25 00:00:00-04:00,29.17130391897498,29.411211128621947,29.05579065500088,29.162416458129883,134100,0.0,0.0
2023-07-26 00:00:00-04:00,28.993591547850457,29.562267008681886,28.993591547850457,29.34012794494629,136700,0.0,0.0
2023-07-27 00:00:00-04:00,29.455642488357565,29.82883450467045,28.91362260693558,29.020248413085938,131500,0.0,0.0
2023-07-28 00:00:00-04:00,29.180183810170913,29.366779786309994,29.046899033172892,29.06467056274414,92100,0.0,0.0
2023-07-31 00:00:00-04:00,29.073559299167233,29.988771080058296,29.064671839204948,29.891029357910156,400300,0.0,0.0
2023-08-01 00:00:00-04:00,29.65111723209184,30.077623769513412,29.59780603339705,30.050968170166016,158200,0.0,0.0
2023-08-02 00:00:00-04:00,29.69555203978852,30.08651900903733,29.553383157218096,29.802181243896484,144500,0.0,0.0
2023-08-03 00:00:00-04:00,29.562266592859494,29.660008321860023,29.15353153483281,29.45564079284668,109300,0.0,0.0
2023-08-04 00:00:00-04:00,29.437872224707114,29.997660273307066,29.420100691320435,29.57115364074707,100600,0.0,0.0
2023-08-07 00:00:00-04:00,29.757751823233964,29.8466060969413,29.50895375562154,29.76663589477539,97800,0.0,0.0
2023-08-08 00:00:00-04:00,29.42009942311636,29.615582892369734,28.69148353353793,29.020248413085938,126500,0.0,0.0
2023-08-09 00:00:00-04:00,29.07356340125667,29.07356340125667,28.66482492464205,28.966934204101562,156100,0.0,0.0
2023-08-10 00:00:00-04:00,29.073560849691255,29.357898571337422,28.584852212887206,28.673709869384766,176000,0.0,0.0
2023-08-11 00:00:00-04:00,28.567087221707794,28.727027631469564,28.389375278686565,28.416030883789062,85700,0.0,0.0
2023-08-14 00:00:00-04:00,28.30051877007397,28.362717440514956,27.865126382200422,28.344945907592773,119200,0.0,0.0
2023-08-15 00:00:00-04:00,28.22943084353037,28.22943084353037,27.83846564150562,28.007291793823242,102100,0.0,0.0
2023-08-16 00:00:00-04:00,28.06949182232761,28.256087819663133,27.79403986182856,27.936208724975586,109900,0.0,0.0
2023-08-17 00:00:00-04:00,28.060606056532603,28.28274511704815,27.87401005919708,27.936208724975586,179200,0.0,0.0
2023-08-18 00:00:00-04:00,27.76738166809082,28.11391804897692,27.705183004320133,27.76738166809082,323500,0.0,0.0
2023-08-21 00:00:00-04:00,27.687413687738026,27.767383888921046,27.438617317970113,27.491931915283203,297200,0.0,0.0
2023-08-22 00:00:00-04:00,27.642985232886524,27.98063585916408,27.376417343395946,27.936208724975586,297300,0.0,0.0
2023-08-23 00:00:00-04:00,28.122808021289543,28.611515028624012,27.84735602847828,28.584856033325195,150900,0.0,0.0
2023-08-24 00:00:00-04:00,28.433798816953217,28.66482194092886,28.122803803435495,28.327171325683594,195600,0.0,0.0
2023-08-25 00:00:00-04:00,28.398255394706684,28.593738843756903,28.01617765157112,28.318286895751953,205900,0.0,0.0
2023-08-28 00:00:00-04:00,28.46045529271772,28.88696188132153,28.46045529271772,28.558197021484375,117800,0.0,0.0
2023-08-29 00:00:00-04:00,28.46934639937566,28.90473711473136,28.46934639937566,28.89585304260254,157900,0.0,0.0
2023-08-30 00:00:00-04:00,28.744794416203103,29.14464542170398,28.744794416203103,28.94916534423828,206800,0.0,0.0
2023-08-31 00:00:00-04:00,28.93139276030052,29.206843028855086,28.558197372205836,28.65593910217285,332800,0.0,0.0
2023-09-01 00:00:00-04:00,28.789222721076328,28.860305455696526,27.518585367707235,27.64298439025879,372400,0.0,0.0
2023-09-05 00:00:00-04:00,27.287563195752956,27.385304931214527,26.52340592919272,26.754430770874023,323200,0.0,0.0
2023-09-06 00:00:00-04:00,26.958796035291986,27.225362225205753,26.41677619504262,26.656686782836914,312400,0.0,0.0
2023-09-07 00:00:00-04:00,24.088759856598557,24.088759856598557,20.481220354687814,20.730016708374023,831100,0.0,0.0
2023-09-08 00:00:00-04:00,20.587850308563585,21.609689752812457,20.525651636403865,20.73890495300293,492000,0.0,0.0
2023-09-11 00:00:00-04:00,20.907727489279036,21.289805222396105,20.072484206986754,20.090255737304688,505200,0.0,0.0
2023-09-12 00:00:00-04:00,20.001404638508568,20.285742413510732,19.74372247067109,20.23242950439453,379600,0.0,0.0
2023-09-13 00:00:00-04:00,20.250194720592084,20.481217819607725,20.205765897868847,20.285736083984375,356800,0.0,0.0
2023-09-14 00:00:00-04:00,20.472334327600215,20.79221338630336,20.170225103701554,20.29462242126465,390200,0.0,0.0
2023-09-15 00:00:00-04:00,20.232428087718045,20.28574099310127,19.486040633206073,19.992517471313477,842200,0.0,0.0
2023-09-18 00:00:00-04:00,20.072485265241102,20.214654125707114,19.71706311407608,19.797033309936523,311200,0.0,0.0
2023-09-19 00:00:00-04:00,19.68152157346844,20.01028814796,19.601551371424186,19.761491775512695,396000,0.0,0.0
2023-09-20 00:00:00-04:00,19.903658149705272,20.276851814159155,19.74371776568412,19.75260353088379,299300,0.0,0.0
2023-09-21 00:00:00-04:00,19.57489719341728,19.57489719341728,18.99733420439944,19.19281768798828,263200,0.0,0.0
2023-09-22 00:00:00-04:00,19.30832506894127,19.343868129057586,19.00621583709814,19.09507179260254,364800,0.0,0.0
2023-09-25 00:00:00-04:00,19.24613135217673,19.797037061983165,19.24613135217673,19.548240661621094,424000,0.0,0.0
2023-09-26 00:00:00-04:00,20.259084983254265,20.925502274740087,19.583783619294362,19.73483657836914,775900,0.0,0.0
2023-09-27 00:00:00-04:00,19.88588796418885,19.948088324793122,19.663748903533186,19.74371910095215,370300,0.0,0.0
2023-09-28 00:00:00-04:00,19.75260215947903,20.116910033439687,19.734830630313557,19.88588523864746,523400,0.0,0.0
2023-09-29 00:00:00-04:00,20.01917293685723,20.490106665028684,19.885888143433224,20.303510665893555,530900,0.0,0.0
2023-10-02 00:00:00-04:00,20.17022808600321,20.91661549131276,19.7881486172392,20.8721866607666,519400,0.0,0.0
2023-10-03 00:00:00-04:00,20.78333204459967,20.87218801667771,20.401252551014796,20.42790985107422,520200,0.0,0.0
2023-10-04 00:00:00-04:00,20.445680142417892,20.72113211381869,20.294625507497468,20.685590744018555,233500,0.0,0.0
2023-10-05 00:00:00-04:00,20.59673116749005,20.83664172704323,20.31239347977649,20.6589298248291,684200,0.0,0.0
2023-10-06 00:00:00-04:00,20.578965795366155,21.10321419948364,20.419025374477865,20.85441780090332,452000,0.0,0.0
2023-10-09 00:00:00-04:00,20.69447707223371,21.769629383384927,20.463452230505023,21.565261840820312,461000,0.0,0.0
2023-10-10 00:00:00-04:00,21.707431575656223,22.4449332672887,21.698545808915263,22.16948127746582,505600,0.0,0.0
2023-10-11 00:00:00-04:00,22.2672199205028,22.436046088381367,21.97399641565403,22.302762985229492,269400,0.0,0.0
2023-10-12 00:00:00-04:00,22.392114037297464,22.46359717587596,21.98108641654421,22.141923904418945,311000,0.14,0.0
2023-10-13 00:00:00-04:00,22.28489480571981,22.28489480571981,21.847060278038725,22.222347259521484,461200,0.0,0.0
2023-10-16 00:00:00-04:00,22.43679469909219,23.258851741434388,22.347440339302086,22.79421043395996,585600,0.0,0.0
2023-10-17 00:00:00-04:00,22.588694732452854,23.035464790184413,22.49934038004804,22.508275985717773,363700,0.0,0.0
2023-10-18 00:00:00-04:00,22.267020092062605,22.356374445858076,21.87386195793806,21.891733169555664,244900,0.0,0.0
2023-10-19 00:00:00-04:00,21.82918650512984,21.882798437831575,21.096483842466544,21.230514526367188,476800,0.0,0.0
2023-10-20 00:00:00-04:00,21.34667367809623,21.34667367809623,21.033935988444725,21.05180549621582,329000,0.0,0.0
2023-10-23 00:00:00-04:00,20.899904932723167,21.114354378261197,20.774809848899157,20.801616668701172,512300,0.0,0.0
2023-10-24 00:00:00-04:00,20.926712377702554,21.06074307213135,20.73906804206804,20.7658748626709,307100,0.0,0.0
2023-10-25 00:00:00-04:00,20.51568276336071,20.62290834033011,20.185073834266124,20.354846954345703,226500,0.0,0.0
2023-10-26 00:00:00-04:00,20.390581004838353,20.783739052684815,20.390581004838353,20.61396598815918,168100,0.0,0.0
2023-10-27 00:00:00-04:00,20.631839719162304,20.631839719162304,20.176134092939222,20.292293548583984,291900,0.0,0.0
2023-10-30 00:00:00-04:00,20.560357892328994,20.560357892328994,20.08678102608742,20.32803726196289,233000,0.0,0.0
2023-10-31 00:00:00-04:00,20.33697652078372,20.533554764425443,20.31910530655462,20.435266494750977,284900,0.0,0.0
2023-11-01 00:00:00-04:00,20.497808311050157,20.819481555801186,20.247616494650625,20.721193313598633,247300,0.0,0.0
2023-11-02 00:00:00-04:00,21.007129346951686,21.203707568427024,20.71226116259238,20.998193740844727,171700,0.0,0.0
2023-11-03 00:00:00-04:00,21.516445805350827,21.793442762567196,21.436027059015025,21.534317016601562,323800,0.0,0.0
2023-11-06 00:00:00-05:00,21.462835455915855,21.650478074984697,21.31093355768709,21.52538299560547,192400,0.0,0.0
2023-11-07 00:00:00-05:00,21.427089056186265,21.516443398150717,21.096480206497798,21.293058395385742,216100,0.0,0.0
2023-11-08 00:00:00-05:00,21.37348163454464,21.5611242583294,20.95351835443635,20.97138786315918,218500,0.0,0.0
2023-11-09 00:00:00-05:00,21.176901709835374,21.176901709835374,20.0510409443317,20.176136016845703,249100,0.0,0.0
2023-11-10 00:00:00-05:00,20.4084563086864,20.748000801594994,20.176135674888933,20.622905731201172,192300,0.0,0.0
2023-11-13 00:00:00-05:00,20.479938821646382,20.66758142148433,20.292294517515973,20.319101333618164,156900,0.0,0.0
2023-11-14 00:00:00-05:00,20.980323569672006,21.623673606955336,20.980323569672006,21.543254852294922,243900,0.0,0.0
2023-11-15 00:00:00-05:00,21.587929121018853,22.088311110047197,21.409220415648182,21.48070526123047,256400,0.0,0.0
2023-11-16 00:00:00-05:00,21.44496026543762,21.498572188899363,21.06073778799509,21.293058395385742,129500,0.0,0.0
2023-11-17 00:00:00-05:00,21.516448996277354,21.650479691949837,21.25732321188292,21.346675872802734,156300,0.0,0.0
2023-11-20 00:00:00-05:00,21.32880602298278,21.57899619643594,21.12329047498416,21.50751304626465,144100,0.0,0.0
2023-11-21 00:00:00-05:00,21.409222027586722,21.409222027586722,20.95351803273654,20.962451934814453,97500,0.0,0.0
2023-11-22 00:00:00-05:00,21.11435306068603,21.301997379005385,20.98925798466819,21.105419158935547,138500,0.0,0.0
2023-11-24 00:00:00-05:00,21.078614481457766,21.444965844965843,21.03393815099786,21.346675872802734,49200,0.0,0.0
2023-11-27 00:00:00-05:00,21.239449660733506,21.507511022580253,20.98032220056142,21.32880401611328,158100,0.0,0.0
2023-11-28 00:00:00-05:00,21.19477304211944,21.57899560283055,21.10542038508283,21.20370864868164,142200,0.0,0.0
2023-11-29 00:00:00-05:00,21.42709449077388,21.775576342392018,21.176904314968063,21.284128189086914,180700,0.0,0.0
2023-11-30 00:00:00-05:00,21.39135297790244,21.444964912982943,21.00713041719133,21.20370864868164,254600,0.0,0.0
2023-12-01 00:00:00-05:00,21.105418748328894,21.847056992549458,20.890967616052475,21.784507751464844,297900,0.0,0.0
2023-12-04 00:00:00-05:00,21.677281405566095,22.64230457305537,21.677281405566095,22.561885833740234,286300,0.0,0.0
2023-12-05 00:00:00-05:00,22.38317958761124,22.517211970622096,21.721960095547388,21.77557373046875,416800,0.0,0.0
2023-12-06 00:00:00-05:00,22.03469800050774,22.472532430504288,21.766636661095134,21.793441772460938,309700,0.0,0.0
2023-12-07 00:00:00-05:00,19.55959081831009,19.970620120590294,18.28182829573443,19.77404022216797,981200,0.0,0.0
2023-12-08 00:00:00-05:00,19.27366115946608,19.693626129356232,19.032404904970793,19.228984832763672,805800,0.0,0.0
2023-12-11 00:00:00-05:00,19.30046879575518,19.75617450545536,18.782215544304663,18.969858169555664,603100,0.0,0.0
2023-12-12 00:00:00-05:00,18.862634758590556,19.309404872593795,18.782216001726553,19.04134178161621,395700,0.0,0.0
2023-12-13 00:00:00-05:00,18.916244170747614,19.532787322998047,18.782213495291217,19.532787322998047,637600,0.0,0.0
2023-12-14 00:00:00-05:00,19.943817899939855,20.524618715542207,19.71149723284036,20.19400978088379,431400,0.0,0.0
2023-12-15 00:00:00-05:00,20.283364210455787,20.292298113113727,19.70256168870968,19.908077239990234,1258800,0.0,0.0
2023-12-18 00:00:00-05:00,20.01529777148953,20.01529777148953,19.488108979508393,19.69362449645996,289400,0.0,0.0
2023-12-19 00:00:00-05:00,19.791913807845372,20.140395622204252,19.73830187651807,20.01529884338379,274600,0.0,0.0
2023-12-20 00:00:00-05:00,19.854463457945794,20.301233576566208,19.595337675378182,19.622142791748047,264000,0.0,0.0
2023-12-21 00:00:00-05:00,19.74723797524446,20.05997737366113,19.613207291435202,19.970623016357422,347200,0.0,0.0
2023-12-22 00:00:00-05:00,20.149329374793684,20.408456832161786,20.095717443862977,20.12252426147461,265900,0.0,0.0
2023-12-26 00:00:00-05:00,20.265489539789087,20.748000302773722,20.202942006095938,20.66758155822754,264500,0.0,0.0
2023-12-27 00:00:00-05:00,20.7390639280026,20.917772621318555,20.53355012369394,20.640775680541992,237200,0.0,0.0
2023-12-28 00:00:00-05:00,20.524616885893202,20.631842455108576,20.453133741180487,20.54248809814453,305700,0.0,0.0
2023-12-29 00:00:00-05:00,20.46207112874647,20.613973037522232,20.310169219970703,20.310169219970703,264900,0.0,0.0
2024-01-02 00:00:00-05:00,20.104655923703316,20.31910538237435,19.818723312141937,19.925947189331055,291700,0.0,0.0
2024-01-03 00:00:00-05:00,19.684691585005858,19.684691585005858,18.558830707588317,18.800086975097656,323700,0.0,0.0
2024-01-04 00:00:00-05:00,18.853698927636728,18.916246470166694,18.469476361475266,18.630313873291016,298200,0.0,0.0
2024-01-05 00:00:00-05:00,18.46053883784484,18.96092083041764,18.41586251333197,18.746471405029297,255900,0.0,0.0
2024-01-08 00:00:00-05:00,18.7286001953346,19.291531428289893,18.71073068810323,19.086017608642578,270800,0.0,0.0
2024-01-09 00:00:00-05:00,18.800087918800777,18.880504974381186,18.612443577665697,18.77328109741211,220200,0.0,0.0
2024-01-10 00:00:00-05:00,18.79115252256158,18.951988339820232,18.514153811315023,18.549896240234375,298100,0.0,0.0
2024-01-11 00:00:00-05:00,18.5498919653965,18.5498919653965,18.27101263709252,18.441938400268555,277000,0.14,0.0
2024-01-12 00:00:00-05:00,18.738813674999342,18.83777099372541,18.307002728336062,18.432947158813477,188600,0.0,0.0
2024-01-16 00:00:00-05:00,18.244029589923738,18.414953675247176,18.091096339569443,18.315998077392578,431000,0.0,0.0
2024-01-17 00:00:00-05:00,18.12707752062674,18.2800107523802,18.073101590556075,18.26201820373535,355400,0.0,0.0
2024-01-18 00:00:00-05:00,18.441937783192635,18.630854371015666,18.181051010449995,18.612863540649414,255500,0.0,0.0
2024-01-19 00:00:00-05:00,18.720821004349354,18.77479865923755,18.432947041735613,18.76580238342285,167300,0.0,0.0
2024-01-22 00:00:00-05:00,18.99070233385707,19.332552203141077,18.99070233385707,19.23359489440918,312300,0.0,0.0
2024-01-23 00:00:00-05:00,19.494479841944663,19.665405618045465,19.314557791747628,19.413515090942383,237600,0.0,0.0
2024-01-24 00:00:00-05:00,19.73737844005043,19.73737844005043,18.86475853511428,18.927732467651367,177000,0.0,0.0
2024-01-25 00:00:00-05:00,19.224598034525215,19.314557341663587,18.945718691632106,19.071664810180664,134300,0.0,0.0
2024-01-26 00:00:00-05:00,19.16162372033061,19.27857356256962,19.035679320255152,19.143632888793945,189500,0.0,0.0
2024-01-29 00:00:00-05:00,19.098651682491585,19.47648660179055,18.837766606424843,19.404518127441406,154700,0.0,0.0
2024-01-30 00:00:00-05:00,19.377532238470167,19.56644885204769,19.33255086676322,19.395523071289062,253600,0.0,0.0
2024-01-31 00:00:00-05:00,19.404519540801765,19.557452774415818,18.66684219602711,18.675838470458984,473000,0.0,0.0
2024-02-01 00:00:00-05:00,18.765802067489638,19.305564880371094,18.756805791826395,19.305564880371094,276300,0.0,0.0
2024-02-02 00:00:00-05:00,19.00869291350235,19.197611253474353,18.909737321958904,18.918733596801758,186100,0.0,0.0
2024-02-05 00:00:00-05:00,18.630856570871938,18.837767445219722,18.289006731457786,18.693830490112305,219300,0.0,0.0
2024-02-06 00:00:00-05:00,18.603873392346056,19.152634221976896,18.603873392346056,18.927732467651367,173900,0.0,0.0
2024-02-07 00:00:00-05:00,18.945720248305456,18.945720248305456,18.522905636077667,18.603870391845703,216600,0.0,0.0
2024-02-08 00:00:00-05:00,18.621864994798347,18.990703715812582,18.549896505719087,18.837770462036133,144900,0.0,0.0
2024-02-09 00:00:00-05:00,18.84676769882504,19.14363794590017,18.79279004236468,18.927732467651367,435800,0.0,0.0
2024-02-12 00:00:00-05:00,18.93672906647514,19.67440834140281,18.93672906647514,19.629426956176758,342700,0.0,0.0
2024-02-13 00:00:00-05:00,18.945716850681745,19.14363142522797,17.911169476342973,18.378965377807617,393000,0.0,0.0
2024-02-14 00:00:00-05:00,18.729813265945175,19.107648189863255,18.603868863260416,19.071664810180664,217400,0.0,0.0
2024-02-15 00:00:00-05:00,19.22459654631711,19.78235175719897,19.10764671070843,19.77335548400879,275100,0.0,0.0
2024-02-16 00:00:00-05:00,19.629424789883664,19.845330267548302,19.584445125485942,19.728382110595703,234500,0.0,0.0
2024-02-20 00:00:00-05:00,19.45849538790376,19.971272733133446,19.45849538790376,19.962276458740234,202000,0.0,0.0
2024-02-21 00:00:00-05:00,19.863317029652276,19.971270594949086,19.683394992778833,19.75536346435547,184300,0.0,0.0
2024-02-22 00:00:00-05:00,19.78235254286716,19.791348816414633,19.044675270611723,19.08965492248535,547100,0.0,0.0
2024-02-23 00:00:00-05:00,19.0536689505306,19.224594692938318,18.810774745403343,19.080656051635742,156200,0.0,0.0
2024-02-26 00:00:00-05:00,19.017687166861084,19.314557341663587,18.99070006106509,19.071664810180664,196000,0.0,0.0
2024-02-27 00:00:00-05:00,19.197608553609644,19.35054177270239,19.080658712963803,19.269577026367188,142800,0.0,0.0
2024-02-28 00:00:00-05:00,19.089656861548267,19.35054367333378,19.06266975402832,19.06266975402832,123400,0.0,0.0
2024-02-29 00:00:00-05:00,19.377532058912177,19.665405971713568,19.08066015598889,19.161624908447266,293500,0.0,0.0
2024-03-01 00:00:00-05:00,19.20660352662584,19.584438411984053,18.90973338212036,19.43150520324707,183700,0.0,0.0
2024-03-04 00:00:00-05:00,19.413517211568706,19.47648942125726,18.702828638972747,18.7208194732666,217100,0.0,0.0
2024-03-05 00:00:00-05:00,18.531900111677732,18.756801807897453,18.37896688961377,18.45093536376953,154700,0.0,0.0
2024-03-06 00:00:00-05:00,18.702830713325838,18.93672702786388,18.59487711626933,18.927732467651367,269700,0.0,0.0
2024-03-07 00:00:00-05:00,15.69813914893298,15.69813914893298,11.77585300118142,13.03530216217041,2493000,0.0,0.0
2024-03-08 00:00:00-05:00,13.053294851488356,13.215223491816598,12.549514666863418,12.702447891235352,993200,0.0,0.0
2024-03-11 00:00:00-04:00,12.657468271798052,13.19723273208539,12.19866942427897,12.315617561340332,697200,0.0,0.0
2024-03-12 00:00:00-04:00,12.225656450744003,12.297624925529465,11.80284101793049,11.928786277770996,718700,0.0,0.0
2024-03-13 00:00:00-04:00,11.892802010750653,12.12669912425477,11.577939290899726,11.838825225830078,560600,0.0,0.0
2024-03-14 00:00:00-04:00,11.712882135172952,11.928787583156199,11.200105623797759,11.263078689575195,738300,0.0,0.0
2024-03-15 00:00:00-04:00,11.191109348982126,11.380026830450463,11.002191867513789,11.263078689575195,1256300,0.0,0.0
2024-03-18 00:00:00-04:00,11.254082248462476,11.45199514388998,10.129573651084497,10.462428092956543,2588300,0.0,0.0
2024-03-19 00:00:00-04:00,10.399454802666014,11.236088528564173,10.255516996533668,10.795281410217285,2850400,0.0,0.0
2024-03-20 00:00:00-04:00,10.98419985240955,11.047172058400925,10.489415905233415,11.002191543579102,2075100,0.0,0.0
2024-03-21 00:00:00-04:00,11.074160729257619,11.380026338375526,10.732310022433188,10.858254432678223,1124500,0.0,0.0
2024-03-22 00:00:00-04:00,10.849257996686442,11.065163415045408,10.687328503951282,10.831265449523926,633600,0.0,0.0
2024-03-25 00:00:00-04:00,10.876246687487559,10.903234652105871,10.183549018139438,10.300498008728027,836100,0.0,0.0
2024-03-26 00:00:00-04:00,10.38146399272181,10.471425029369831,10.084593772888184,10.084593772888184,775500,0.0,0.0
2024-03-27 00:00:00-04:00,10.1745536470427,10.62435706302646,10.1745536470427,10.597368240356445,600100,0.0,0.0
2024-03-28 00:00:00-04:00,10.59736824668475,10.96620691074258,10.588372830387971,10.9572114944458,574400,0.0,0.0
2024-04-01 00:00:00-04:00,10.930222711097283,11.083155941808043,10.831266268021116,10.894238471984863,754100,0.0,0.0
2024-04-02 00:00:00-04:00,10.714316869148812,10.885242641884497,10.345478217783883,10.489415168762207,676800,0.0,0.0
2024-04-03 00:00:00-04:00,10.39945464381324,10.678332262208778,10.39945464381324,10.651344299316406,388800,0.0,0.0
2024-04-04 00:00:00-04:00,10.759296311343622,10.95721002823224,10.59736682862277,10.64234733581543,697900,0.0,0.0
2024-04-05 00:00:00-04:00,10.624356304746216,10.93921815870341,10.624356304746216,10.831265449523926,588600,0.0,0.0
2024-04-08 00:00:00-04:00,10.912230895018535,11.4699870238129,10.849258691778953,11.31705379486084,517800,0.0,0.0
2024-04-09 00:00:00-04:00,11.13713266512236,11.43400285056828,10.948215196390237,11.34404182434082,578400,0.0,0.0
2024-04-10 00:00:00-04:00,10.993196126960306,11.182113602866396,10.705321346859813,11.002191543579102,838900,0.0,0.0
2024-04-11 00:00:00-04:00,11.175096028790735,11.5846067120828,11.102294168110662,11.439002990722656,443300,0.14,0.0
2024-04-12 00:00:00-04:00,11.338901356239097,11.50270598691586,11.184197175681417,11.393503189086914,517100,0.0,0.0
2024-04-15 00:00:00-04:00,11.357100680490916,11.557306231294433,11.229697858234108,11.439002990722656,488700,0.0,0.0
2024-04-16 00:00:00-04:00,11.32979985868331,11.439002646416489,11.102293833939202,11.138694763183594,396400,0.0,0.0
2024-04-17 00:00:00-04:00,11.220597181975213,11.466304107706035,11.111394393161499,11.120494842529297,510600,0.0,0.0
2024-04-18 00:00:00-04:00,11.156895503766131,11.338900147411053,11.129594156319445,11.193296432495117,304000,0.0,0.0
2024-04-19 00:00:00-04:00,11.11139490844056,11.348001395775958,10.528979139891891,10.58358097076416,578600,0.0,0.0
2024-04-22 00:00:00-04:00,10.610881593303892,10.71098480658915,10.092168098522714,10.292373657226562,460600,0.0,0.0
2024-04-23 00:00:00-04:00,10.237770827483248,11.002191188127318,10.237770827483248,10.97489070892334,577500,0.0,0.0
2024-04-24 00:00:00-04:00,11.020392791501646,11.28429977579117,10.84748857470508,11.184197425842285,487600,0.0,0.0
2024-04-25 00:00:00-04:00,11.056793324355535,11.138695638558664,10.774686317507733,11.038593292236328,429200,0.0,0.0
2024-04-26 00:00:00-04:00,11.056792564821333,11.229697631343011,10.993091154979988,11.120494842529297,310100,0.0,0.0
2024-04-29 00:00:00-04:00,11.229698288836515,11.484504810987314,11.156896425364856,11.466304779052734,353500,0.0,0.0
2024-04-30 00:00:00-04:00,11.39350277584429,11.520905601423811,11.084094425951182,11.093194007873535,278700,0.0,0.0
2024-05-01 00:00:00-04:00,11.102294120840739,11.220597360908819,10.774685749175262,10.792885780334473,275700,0.0,0.0
2024-05-02 00:00:00-04:00,10.956689613403622,11.22969700412274,10.865686860541725,11.165995597839355,238800,0.0,0.0
2024-05-03 00:00:00-04:00,11.357101007072714,11.520905632246517,11.074994005791899,11.229698181152344,253300,0.0,0.0
2024-05-06 00:00:00-04:00,11.375301202760948,11.44810306102929,11.175095658589706,11.429903030395508,307100,0.0,0.0
2024-05-07 00:00:00-04:00,11.020390516914656,11.120493714069148,10.174068772522828,10.337872505187988,691800,0.0,0.0
2024-05-08 00:00:00-04:00,10.246872353632645,10.692783988259285,10.174070489524894,10.392476081848145,587100,0.0,0.0
2024-05-09 00:00:00-04:00,10.401576234396675,10.574480439741741,10.26507209219795,10.483478546142578,416200,0.0,0.0
2024-05-10 00:00:00-04:00,10.565378671340753,10.574479119924824,9.855560171247545,9.891961097717285,354400,0.0,0.0
2024-05-13 00:00:00-04:00,10.037566048994329,10.255972502777816,10.010265567721389,10.073966979980469,330500,0.0,0.0
2024-05-14 00:00:00-04:00,10.265071328908478,10.97489073268117,10.101267585463432,10.956689834594727,512500,0.0,0.0
2024-05-15 00:00:00-04:00,11.13869401123904,11.32069864517434,10.765584294705034,11.220596313476562,405400,0.0,0.0
2024-05-16 00:00:00-04:00,11.22969700412274,11.329799337977569,11.084093293836963,11.165995597839355,316500,0.0,0.0
2024-05-17 00:00:00-04:00,11.2023972116781,11.402601891652449,11.12959448420869,11.238798141479492,204200,0.0,0.0
2024-05-20 00:00:00-04:00,11.22969700412274,11.329799337977569,11.147794700120347,11.165995597839355,258000,0.0,0.0
2024-05-21 00:00:00-04:00,11.10229368336536,11.175095540866778,10.801985804205362,10.920289039611816,279700,0.0,0.0
2024-05-22 00:00:00-04:00,10.99309155817741,11.138695281936053,10.865687865955271,11.011292457580566,239900,0.0,0.0
2024-05-23 00:00:00-04:00,11.074994176096501,11.074994176096501,10.510779296992052,10.665483474731445,315000,0.0,0.0
2024-05-24 00:00:00-04:00,10.856587005914758,10.856587005914758,10.638180578124329,10.692782402038574,475900,0.0,0.0
2024-05-28 00:00:00-04:00,10.856588842364776,11.256999103290092,10.811087459383861,11.102294921875,503200,0.0,0.0
2024-05-29 00:00:00-04:00,10.920289409678013,10.929389859140736,10.638181551400015,10.674582481384277,206700,0.0,0.0
2024-05-30 00:00:00-04:00,10.72918352986858,10.911188166551131,10.72918352986858,10.77468490600586,199400,0.0,0.0
2024-05-31 00:00:00-04:00,10.783786470699301,11.084094369267637,10.66548322764713,10.720084190368652,558200,0.0,0.0
2024-06-03 00:00:00-04:00,10.83838716319323,10.85658806222438,9.964763970630553,10.010265350341797,434500,0.0,0.0
2024-06-04 00:00:00-04:00,9.955662699133038,10.037565002277749,9.591653427230511,9.70085620880127,369200,0.0,0.0
2024-06-05 00:00:00-04:00,9.728157206198484,10.119467845268998,9.573453908286824,10.10126781463623,284700,0.0,0.0
2024-06-06 00:00:00-04:00,10.08306778987673,10.10126868995329,9.77365943150867,9.846461296081543,266500,0.0,0.0
2024-06-07 00:00:00-04:00,9.71905778798701,10.310573113281869,9.61895458029304,10.301472663879395,419600,0.0,0.0
2024-06-10 00:00:00-04:00,9.855560821847673,9.946563577962708,7.77160569118613,9.455150604248047,2660000,0.0,0.0
2024-06-11 00:00:00-04:00,9.364146796869568,9.491550467554356,9.11844077152966,9.473349571228027,793200,0.0,0.0
2024-06-12 00:00:00-04:00,9.719057349365057,9.910162438859311,9.5643531879713,9.646255493164062,660100,0.0,0.0
2024-06-13 00:00:00-04:00,9.700856886154344,9.700856886154344,8.900035564185636,8.99103832244873,658000,0.0,0.0
2024-06-14 00:00:00-04:00,9.018339098555245,9.018339098555245,8.536026546822349,8.64522933959961,607500,0.0,0.0
2024-06-17 00:00:00-04:00,8.545126634739916,8.909135928586155,8.426823397273235,8.890935897827148,676900,0.0,0.0
2024-06-18 00:00:00-04:00,8.890934304755724,9.163940792289983,8.7362301656242,9.072938919067383,933700,0.0,0.0
2024-06-20 00:00:00-04:00,8.818133207090975,9.209443850468714,8.809033625607734,9.127541542053223,909400,0.0,0.0
2024-06-21 00:00:00-04:00,9.14574234446261,9.819159967662989,9.14574234446261,9.300446510314941,7801400,0.0,0.0
2024-06-24 00:00:00-04:00,9.482451597134233,9.50065162862228,9.145742769872204,9.173043251037598,1167300,0.0,0.0
2024-06-25 00:00:00-04:00,9.109340830684653,9.109340830684653,8.645228362913931,8.663429260253906,939600,0.0,0.0
2024-06-26 00:00:00-04:00,8.599725769772004,8.890934010912762,8.408620714094118,8.872733116149902,855100,0.0,0.0
2024-06-27 00:00:00-04:00,9.02743905448606,9.109341361555916,8.827233511411588,8.909135818481445,436300,0.0,0.0
2024-06-28 00:00:00-04:00,8.972836430878187,9.464249361821484,8.972836430878187,9.41874885559082,982100,0.0,0.0
2024-07-01 00:00:00-04:00,9.473350806548286,9.564353564313636,9.127541542053223,9.127541542053223,424500,0.0,0.0
2024-07-02 00:00:00-04:00,9.091141211122704,9.254945838739332,8.881836069494057,9.100241661071777,318300,0.0,0.0
2024-07-03 00:00:00-04:00,9.145743181134653,9.18214411361426,9.054740416002293,9.063840866088867,209200,0.0,0.0
2024-07-05 00:00:00-04:00,8.900036078337555,8.963738359948428,8.645229555494081,8.708930969238281,504100,0.0,0.0
2024-07-08 00:00:00-04:00,8.88183615263223,8.981938499409022,8.754432455752664,8.945537567138672,559500,0.0,0.0
2024-07-09 00:00:00-04:00,8.963737399114054,8.963737399114054,8.23571797258907,8.317620277404785,654500,0.0,0.0
2024-07-10 00:00:00-04:00,8.390421117479569,8.599726210787576,8.162915128475314,8.590625762939453,846600,0.0,0.0
2024-07-11 00:00:00-04:00,10.010265721660453,12.69483680980515,9.946564308421765,12.521932601928711,3883800,0.0,0.0
2024-07-12 00:00:00-04:00,12.687420845031738,13.395341687337694,12.411607176855236,12.687420845031738,1800300,0.14,0.0
2024-07-15 00:00:00-04:00,12.48515666571129,13.009201991872517,12.48515666571129,12.54951286315918,1257300,0.0,0.0
2024-07-16 00:00:00-04:00,12.779357606090374,13.009202173658815,12.494350833306475,12.770164489746094,1209600,0.0,0.0
2024-07-17 00:00:00-04:00,12.558705644963826,13.174689088175434,12.429993262481448,12.806938171386719,919000,0.0,0.0
2024-07-18 00:00:00-04:00,12.687419820083045,12.862101298970343,12.411606174188051,12.540319442749023,703800,0.0,0.0
2024-07-19 00:00:00-04:00,12.613870612262467,12.613870612262467,12.22773165334104,12.347250938415527,454000,0.0,0.0
2024-07-22 00:00:00-04:00,12.393217926531506,12.475962106228842,11.859978631579105,12.365636825561523,487100,0.0,0.0
2024-07-23 00:00:00-04:00,12.21853630079922,12.50354392993555,12.181761207696539,12.457574844360352,347500,0.0,0.0
2024-07-24 00:00:00-04:00,12.356443904790007,12.669032665522133,11.878367647095995,11.9335298538208,355200,0.0,0.0
2024-07-25 00:00:00-04:00,11.979498943949784,12.200150401211411,11.878367647095995,11.9335298538208,360900,0.0,0.0
2024-07-26 00:00:00-04:00,12.163374281341095,12.163374281341095,11.712879132429379,11.832398414611816,292100,0.0,0.0
2024-07-29 00:00:00-04:00,11.869172398098252,11.869172398098252,11.22560783473621,11.34512710571289,372700,0.0,0.0
2024-07-30 00:00:00-04:00,11.42787054163767,11.804815438120562,11.418676549824108,11.71287727355957,577700,0.0,0.0
2024-07-31 00:00:00-04:00,11.70368323813587,12.034659927892303,11.620939942484078,11.639327049255371,576800,0.0,0.0
2024-08-01 00:00:00-04:00,11.648521716183208,11.804816078340943,10.830274812933142,10.93140697479248,627500,0.0,0.0
2024-08-02 00:00:00-04:00,10.453329657996406,10.471717642202108,10.177516032422291,10.444135665893555,502600,0.0,0.0
2024-08-05 00:00:00-04:00,9.690247106142085,9.864928594817707,9.40523945149638,9.800572395324707,380500,0.0,0.0
2024-08-06 00:00:00-04:00,9.772990799167019,9.920091177322462,9.478790042856131,9.76379680633545,354200,0.0,0.0
2024-08-07 00:00:00-04:00,10.021222891178017,10.048804870837165,9.3592711615326,9.386852264404297,286800,0.0,0.0
2024-08-08 00:00:00-04:00,9.432821194667088,9.533952488016418,9.322495908253066,9.478790283203125,266700,0.0,0.0
2024-08-09 00:00:00-04:00,9.423628874054584,9.65347348073884,9.16620316006874,9.304109573364258,262500,0.0,0.0
2024-08-12 00:00:00-04:00,9.42362785081355,9.42362785081355,8.954744693661143,9.157008171081543,335500,0.0,0.0
2024-08-13 00:00:00-04:00,9.12023222067586,9.616696435734177,9.07426313326932,9.570727348327637,310600,0.0,0.0
2024-08-14 00:00:00-04:00,9.644278002030338,9.681053098369551,9.350077231316625,9.533952713012695,277600,0.0,0.0
2024-08-15 00:00:00-04:00,9.800571291425536,9.94767166043354,9.59830784564585,9.892509460449219,269200,0.0,0.0
2024-08-16 00:00:00-04:00,9.754602960267938,9.993641516760725,9.681052770083607,9.864928245544434,270900,0.0,0.0
2024-08-19 00:00:00-04:00,9.855735085393396,10.002835465105811,9.809765997536411,9.984447479248047,191000,0.0,0.0
2024-08-20 00:00:00-04:00,9.92928502240803,10.094772506976772,9.469595909118652,9.469595909118652,214800,0.0,0.0
2024-08-21 00:00:00-04:00,9.570726783875095,10.002834777152282,9.51556458367048,9.966059684753418,264400,0.0,0.0
2024-08-22 00:00:00-04:00,9.993641227917943,9.993641227917943,9.04668189907376,9.083456993103027,374500,0.0,0.0
2024-08-23 00:00:00-04:00,9.212170747627344,9.782185173610156,9.18458876805664,9.772991180419922,365100,0.0,0.0
2024-08-26 00:00:00-04:00,9.947671579181067,9.947671579181067,9.653470843568087,9.74540901184082,369500,0.0,0.0
2024-08-27 00:00:00-04:00,9.616696948612539,9.635084058483327,9.322496176380211,9.414433479309082,195900,0.0,0.0
2024-08-28 00:00:00-04:00,9.322494997498373,9.34088210504401,9.019100270302888,9.166200637817383,287000,0.0,0.0
2024-08-29 00:00:00-04:00,9.175394241199381,9.727021525504961,9.101844053530291,9.589115142822266,277700,0.0,0.0
2024-08-30 00:00:00-04:00,9.616696818443373,9.699441003710575,9.414433351877703,9.57992172241211,292400,0.0,0.0
2024-09-03 00:00:00-04:00,9.43282105924713,9.56153345315528,9.083457218891226,9.138619422912598,376700,0.0,0.0
2024-09-04 00:00:00-04:00,9.009907618709386,9.313302391046603,8.973132521359041,9.248946189880371,425900,0.0,0.0
2024-09-05 00:00:00-04:00,9.432820359999038,10.048803812228961,9.000712368855504,9.506370544433594,525400,0.0,0.0
2024-09-06 00:00:00-04:00,9.497177670667117,9.497177670667117,8.88119414589268,8.954744338989258,364600,0.0,0.0
2024-09-09 00:00:00-04:00,8.954743345950956,8.954743345950956,8.550217328779782,8.881193161010742,469400,0.0,0.0
2024-09-10 00:00:00-04:00,8.75248155891972,9.028294338731207,8.596187182739907,8.973132133483887,431300,0.0,0.0
2024-09-11 00:00:00-04:00,8.954742899923577,9.17539344375382,8.853611619864878,9.111037254333496,343800,0.0,0.0
2024-09-12 00:00:00-04:00,9.009907137864953,9.304107900966688,8.963938049433448,9.212170600891113,359100,0.0,0.0
2024-09-13 00:00:00-04:00,9.423627038264627,9.745409775652046,9.368463957620026,9.717827796936035,395500,0.0,0.0
2024-09-16 00:00:00-04:00,9.791376908821382,9.791376908821382,9.59830746299847,9.690245628356934,368100,0.0,0.0
2024-09-17 00:00:00-04:00,9.864929469832742,10.0671929563353,9.63508487778496,9.846542358398438,411100,0.0,0.0
2024-09-18 00:00:00-04:00,9.837347877393569,10.370587234409038,9.727022583885626,10.076386451721191,436400,0.0,0.0
2024-09-19 00:00:00-04:00,10.480912016637024,10.536075099093775,10.205099234715615,10.499300003051758,477800,0.0,0.0
2024-09-20 00:00:00-04:00,10.655592960417769,11.041731855794177,10.618817869276555,10.729143142700195,1221800,0.0,0.0
2024-09-23 00:00:00-04:00,10.775112367297432,10.922212733793668,10.370585482645437,10.444135665893555,497400,0.0,0.0
2024-09-24 00:00:00-04:00,10.517687224651295,10.609625404128847,10.407361935350709,10.526881217956543,369400,0.0,0.0
2024-09-25 00:00:00-04:00,10.508492725846011,10.508492725846011,10.251066207885742,10.251066207885742,604900,0.0,0.0
2024-09-26 00:00:00-04:00,10.71075616525507,11.289964562749484,10.646399968907051,11.262383460998535,402100,0.0,0.0
2024-09-27 00:00:00-04:00,11.437065308987558,11.46464728841304,10.977376173345514,11.004958152770996,330700,0.0,0.0
2024-09-30 00:00:00-04:00,10.673981044170116,11.078507960521453,10.49010557164106,10.995763778686523,561900,0.0,0.0
2024-10-01 00:00:00-04:00,10.958989740370606,10.958989740370606,10.44413749088214,10.490106582641602,270600,0.0,0.0
2024-10-02 00:00:00-04:00,10.46252509859315,10.62801347220628,10.343005815071166,10.480912208557129,245300,0.0,0.0
2024-10-03 00:00:00-04:00,10.297035045815647,10.425748301723747,9.93847813050797,10.00283432006836,357600,0.0,0.0
2024-10-04 00:00:00-04:00,10.315424586677649,10.315424586677649,10.094773132272612,10.186711311340332,231000,0.0,0.0
2024-10-07 00:00:00-04:00,10.149934778696545,10.149934778696545,9.570726436826824,9.64427661895752,407400,0.0,0.0
2024-10-08 00:00:00-04:00,9.552339257106564,9.708633612143556,9.331687835603715,9.690245628356934,827900,0.0,0.0
2024-10-09 00:00:00-04:00,9.690246930135604,9.800572217314361,9.589115636085271,9.625890731811523,401600,0.0,0.0
2024-10-10 00:00:00-04:00,9.460403574585918,9.690248171516371,9.331690284661345,9.561534881591797,375300,0.0,0.0
2024-10-11 00:00:00-04:00,9.644278758340464,10.214293234692889,9.570728559894185,10.085580825805664,591900,0.0,0.0
2024-10-14 00:00:00-04:00,10.030416480748107,10.241873932354727,9.846541007690666,10.223485946655273,340800,0.0,0.0
2024-10-15 00:00:00-04:00,10.232679983033101,10.425749449761554,10.094772720062824,10.10396671295166,342000,0.0,0.0
2024-10-16 00:00:00-04:00,10.214291534496633,10.333810806274414,10.08557914703393,10.333810806274414,368800,0.0,0.0
2024-10-17 00:00:00-04:00,10.333810383173876,10.343004375269745,9.910896391424686,10.251066207885742,317000,0.0,0.0
2024-10-18 00:00:00-04:00,10.185891327836158,10.400037593517474,10.120716802076606,10.22313404083252,252000,0.14,0.0
2024-10-21 00:00:00-04:00,10.157960293495604,10.157960293495604,9.590008654793866,9.729668617248535,571500,0.0,0.0
2024-10-22 00:00:00-04:00,9.729669838191676,9.887951622401948,9.552767137687754,9.627252578735352,301900,0.0,0.0
2024-10-23 00:00:00-04:00,9.468969352682313,9.590008397938135,9.329309393968254,9.375862121582031,206100,0.0,0.0
2024-10-24 00:00:00-04:00,9.515523728239849,9.515523728239849,8.556522190294874,8.56583309173584,556400,0.0,0.0
2024-10-25 00:00:00-04:00,8.603075030764545,8.919638547608772,8.537900502450624,8.55652141571045,271200,0.0,0.0
2024-10-28 00:00:00-04:00,8.66825146602741,8.96619321670056,8.621697845500616,8.873085975646973,325800,0.0,0.0
2024-10-29 00:00:00-04:00,8.79859966573911,8.901017798332237,8.640317904400973,8.77997875213623,236300,0.0,0.0
2024-10-30 00:00:00-04:00,8.696181472866067,8.910326839599175,8.57514243986794,8.59376335144043,328400,0.0,0.0
2024-10-31 00:00:00-04:00,8.593764747683512,8.631008352752062,8.100298523698635,8.11892032623291,791100,0.0,0.0
2024-11-01 00:00:00-04:00,8.193406348546782,8.705494411819046,8.193406348546782,8.407551765441895,472100,0.0,0.0
2024-11-04 00:00:00-05:00,8.426172952350644,8.658940156073388,8.305133899862447,8.528590202331543,309900,0.0,0.0
2024-11-05 00:00:00-05:00,8.528590189320662,8.640318340384761,8.463415656517373,8.621697425842285,254300,0.0,0.0
2024-11-06 00:00:00-05:00,9.431727571821414,9.590009347604182,9.077921301715019,9.515523910522461,429800,0.0,0.0
2024-11-07 00:00:00-05:00,9.552766620666688,9.590009339174813,9.180338547648992,9.562077522277832,338800,0.0,0.0
2024-11-08 00:00:00-05:00,9.52483420895434,9.627252353955877,9.26413517137461,9.319999694824219,292200,0.0,0.0
2024-11-11 00:00:00-05:00,9.403795165596723,9.627251462838652,9.403795165596723,9.496901512145996,243500,0.0,0.0
2024-11-12 00:00:00-05:00,9.319998656025412,9.422415901675135,9.04067784578317,9.049988746643066,267400,0.0,0.0
2024-11-13 00:00:00-05:00,9.133785446130645,9.25482361043539,8.928950058650498,8.984813690185547,314400,0.0,0.0
2024-11-14 00:00:00-05:00,8.938260600133447,9.049988746643066,8.817221552763929,9.049988746643066,315800,0.0,0.0
2024-11-15 00:00:00-05:00,9.087231012641665,9.087231012641665,8.537900320190008,8.658939361572266,257300,0.0,0.0
2024-11-18 00:00:00-05:00,8.705493949541012,8.854464820850716,8.482036754640022,8.56583309173584,295000,0.0,0.0
2024-11-19 00:00:00-05:00,8.435483840735452,8.649629241624206,8.360997518756305,8.621697425842285,270300,0.0,0.0
2024-11-20 00:00:00-05:00,8.64962988814318,8.64962988814318,8.193406348546782,8.407551765441895,301500,0.0,0.0
2024-11-21 00:00:00-05:00,8.407550794292275,9.087231462146274,8.351687165005654,9.049988746643066,325900,0.0,0.0
2024-11-22 00:00:00-05:00,9.226892073880286,9.757601029204961,9.1244748210092,9.748291015625,340800,0.0,0.0
2024-11-25 00:00:00-05:00,9.953125953674316,10.400039478572085,9.925194135848354,9.953125953674316,1548400,0.0,0.0
2024-11-26 00:00:00-05:00,9.832087008854316,10.074164224242551,9.664494339177809,9.990367889404297,364200,0.0,0.0
2024-11-27 00:00:00-05:00,10.176581560858011,10.325552416434578,10.008988904366204,10.16727066040039,191500,0.0,0.0
2024-11-29 00:00:00-05:00,10.232445187731054,10.325552416434578,10.074163431696867,10.16727066040039,190300,0.0,0.0
2024-12-02 00:00:00-05:00,10.204513732873734,10.670048116877215,10.055542872062441,10.651426315307617,492200,0.0,0.0
2024-12-03 00:00:00-05:00,10.604872773243486,10.604872773243486,10.008988487801052,10.325551986694336,496100,0.0,0.0
2024-12-04 00:00:00-05:00,10.40003870839938,10.89350493048472,10.29762145866436,10.809708595275879,431600,0.0,0.0
2024-12-05 00:00:00-05:00,14.152245636925382,16.247151332931097,12.681156998293847,13.053585052490234,1876900,0.0,0.0
2024-12-06 00:00:00-05:00,13.249107851564052,13.770506740889438,11.759398388230458,11.85250473022461,884100,0.0,0.0
2024-12-09 00:00:00-05:00,11.992166433797337,12.64391442616902,11.871127381395445,12.131826400756836,620000,0.0,0.0
2024-12-10 00:00:00-05:00,12.0759619938039,12.504253656367121,11.526631286610165,12.169068336486816,900300,0.0,0.0
2024-12-11 00:00:00-05:00,12.31803990927429,12.31803990927429,11.824573689430393,11.86181640625,444200,0.0,0.0
2024-12-12 00:00:00-05:00,11.75939847180047,12.308729178834371,11.684913042501266,12.215621948242188,411800,0.0,0.0
2024-12-13 00:00:00-05:00,12.215621951796454,12.411146425747846,12.001476564483022,12.169068336486816,389000,0.0,0.0
2024-12-16 00:00:00-05:00,12.103895032936247,12.57874035887157,11.945613257624474,11.97354507446289,299200,0.0,0.0
2024-12-17 00:00:00-05:00,11.880439002817374,12.178380757291185,11.69422540627124,11.778020858764648,359000,0.0,0.0
2024-12-18 00:00:00-05:00,11.917681220309055,12.066652091273248,10.977301487427047,11.256622314453125,392800,0.0,0.0
2024-12-19 00:00:00-05:00,11.638361093949298,11.787331973882011,11.03316667223853,11.405593872070312,351600,0.0,0.0
2024-12-20 00:00:00-05:00,11.14489485230106,11.666292933006515,11.13558395030434,11.31248664855957,635400,0.0,0.0
2024-12-23 00:00:00-05:00,11.247311435509376,11.368350490393764,10.800398821723727,11.116961479187012,317000,0.0,0.0
2024-12-24 00:00:00-05:00,11.116962083704475,11.116962083704475,10.87488484870847,11.089030265808105,66400,0.0,0.0
2024-12-26 00:00:00-05:00,11.042476213426145,11.172826171753726,10.828330804677027,11.154204368591309,312100,0.0,0.0
2024-12-27 00:00:00-05:00,11.01454429330331,11.58249596538299,10.865573421147094,11.386971473693848,479200,0.0,0.0
2024-12-30 00:00:00-05:00,11.237998853119674,11.237998853119674,10.707289981647211,11.014542579650879,199100,0.0,0.0
2024-12-31 00:00:00-05:00,11.061096974383377,11.12627150343803,10.670048024182725,10.977300643920898,344800,0.0,0.0
2025-01-02 00:00:00-05:00,11.126270716385276,11.452145114479494,10.828329018426883,11.014542579650879,279600,0.0,0.0
2025-01-03 00:00:00-05:00,11.042475756880295,11.638360114394395,10.688669502850336,11.452146530151367,322100,0.0,0.0
2025-01-06 00:00:00-05:00,11.61973901244288,11.81526350966843,11.38697179612372,11.554564476013184,414100,0.0,0.0
2025-01-07 00:00:00-05:00,11.703533154843564,11.740775866944196,10.521076379696241,10.558319091796875,998100,0.0,0.0
2025-01-08 00:00:00-05:00,10.36279635122127,10.474524506066944,10.10209732324803,10.427970886230469,549400,0.0,0.0
2025-01-10 00:00:00-05:00,10.26037884451676,10.26968885790496,9.785533532198162,10.213825225830078,683700,0.0,0.0
2025-01-13 00:00:00-05:00,9.953125622638819,10.735223599245407,9.785533833320585,10.697980880737305,402700,0.0,0.0
2025-01-14 00:00:00-05:00,10.800397207284913,10.940057156232509,10.400037384661895,10.921435356140137,308300,0.0,0.0
2025-01-15 00:00:00-05:00,11.42421419300681,11.46145690815536,10.995922524830284,11.340417861938477,506600,0.0,0.0
2025-01-16 00:00:00-05:00,11.293865534396648,11.4521473138185,11.154204670705116,11.414904594421387,277100,0.0,0.0
2025-01-17 00:00:00-05:00,11.659778433981778,11.659778433981778,11.028756433325594,11.170029640197754,461600,0.14,0.0
2025-01-21 00:00:00-05:00,11.207702245174387,12.375564375659984,11.038174581256524,12.290800094604492,440800,0.0,0.0
2025-01-22 00:00:00-05:00,12.328472001529917,12.535673460718408,11.90465152906627,12.262544631958008,297900,0.0,0.0
2025-01-23 00:00:00-05:00,12.187196928290943,12.516835545931622,12.140106467079109,12.253125190734863,270500,0.0,0.0
2025-01-24 00:00:00-05:00,12.262544935571784,12.432072589838826,11.989415201855797,12.403818130493164,267200,0.0,0.0
2025-01-27 00:00:00-05:00,12.215454566342713,12.281381942917777,11.499668284524626,11.575014114379883,258300,0.0,0.0
2025-01-28 00:00:00-05:00,11.527921496305964,11.527921496305964,10.802717738027976,11.047591209411621,202000,0.0,0.0
2025-01-29 00:00:00-05:00,11.0005015497703,11.075847376972034,10.736790256371126,10.962828636169434,300000,0.0,0.0
2025-01-30 00:00:00-05:00,11.23595633002939,11.640939885085572,11.057009335164063,11.301883697509766,188200,0.0,0.0
2025-01-31 00:00:00-05:00,11.094682636622759,11.28304719192671,10.491916059650118,10.661443710327148,363000,0.0,0.0
2025-02-03 00:00:00-05:00,10.228205584821708,10.539007349954888,9.907986264830797,10.171696662902832,310900,0.0,0.0
2025-02-04 00:00:00-05:00,10.039839394473214,10.416569371970015,10.039839394473214,10.284713745117188,284100,0.0,0.0
2025-02-05 00:00:00-05:00,10.360060776005831,10.50133397276504,10.03042211931023,10.397733688354492,233900,0.0,0.0
2025-02-06 00:00:00-05:00,10.5013338163816,10.557843633159601,10.209368974575614,10.34122371673584,272500,0.0,0.0
2025-02-07 00:00:00-05:00,10.350643101338347,10.350643101338347,9.88914966583252,9.88914966583252,164100,0.0,0.0
2025-02-10 00:00:00-05:00,9.926821710828252,9.983331527741491,9.455909863259183,9.52183723449707,406600,0.0,0.0
2025-02-11 00:00:00-05:00,9.587765894528793,9.842057835515421,9.587765894528793,9.672530174255371,300300,0.0,0.0
2025-02-12 00:00:00-05:00,9.418238074574706,9.729039859180217,9.126272299057893,9.587766647338867,299900,0.0,0.0
2025-02-13 00:00:00-05:00,9.823222436723675,10.06809593998551,9.634856959793272,9.945659637451172,176200,0.0,0.0
2025-02-14 00:00:00-05:00,10.039840060200689,10.115185881057528,9.653692503761128,9.766711235046387,168900,0.0,0.0
2025-02-18 00:00:00-05:00,9.710202379551998,10.199950218200684,9.710202379551998,10.199950218200684,230400,0.0,0.0
2025-02-19 00:00:00-05:00,10.08693233408615,10.209369528588335,10.002168053415938,10.143442153930664,157500,0.0,0.0
2025-02-20 00:00:00-05:00,10.039841490465031,10.134024229049762,9.73845816410295,9.964495658874512,189000,0.0,0.0
2025-02-21 00:00:00-05:00,10.115187226755387,10.209369964452776,9.681948250095072,9.907986640930176,212600,0.0,0.0
2025-02-24 00:00:00-05:00,9.955077042849595,10.199951440617518,9.719621098425012,9.88914966583252,214900,0.0,0.0
2025-02-25 00:00:00-05:00,10.444825731388523,11.057010821343951,10.303551627265099,10.68970012664795,402000,0.0,0.0
2025-02-26 00:00:00-05:00,10.661444366085362,10.717954185248848,10.435406885817635,10.520171165466309,235400,0.0,0.0
2025-02-27 00:00:00-05:00,10.652026939758827,10.652026939758827,10.105768341905577,10.143442153930664,271200,0.0,0.0
2025-02-28 00:00:00-05:00,10.06809565082617,10.350642959913753,9.879731077498825,10.265878677368164,361400,0.0,0.0
2025-03-03 00:00:00-05:00,10.331807030794032,10.331807030794032,9.38056480546533,9.427656173706055,252700,0.0,0.0
2025-03-04 00:00:00-05:00,9.154527386163235,9.267546131894491,8.900234534623047,9.032090187072754,326200,0.0,0.0
2025-03-05 00:00:00-05:00,8.881398045762655,9.418237283500385,8.881398045762655,9.248708724975586,477500,0.0,0.0
2025-03-06 00:00:00-05:00,6.941240419604194,7.685281091496827,6.404401208978374,6.573929309844971,1570300,0.0,0.0
2025-03-07 00:00:00-05:00,6.451492148363978,6.602184243254629,5.8958164799498896,6.1689453125,1466700,0.0,0.0
2025-03-10 00:00:00-04:00,5.924070437949292,6.008834706087662,5.500249995450424,5.754542350769043,1176500,0.0,0.0
2025-03-11 00:00:00-04:00,5.7451249828592985,6.159527501009673,5.7451249828592985,6.037090301513672,631700,0.0,0.0
2025-03-12 00:00:00-04:00,6.545674406341683,6.715202956421943,5.924070920304803,5.9617438316345215,1071100,0.0,0.0
2025-03-13 00:00:00-04:00,5.971162344222784,6.1689453552463265,5.613269233885275,5.782797336578369,800300,0.0,0.0
2025-03-14 00:00:00-04:00,5.905235215689668,6.366729111818015,5.905235215689668,6.093599796295166,721500,0.0,0.0
2025-03-17 00:00:00-04:00,6.17836332321167,6.4232376970168525,6.112435503549537,6.17836332321167,649200,0.0,0.0
2025-03-18 00:00:00-04:00,6.12185409483531,6.216036375705776,5.971162445442564,6.027671813964844,576800,0.0,0.0
2025-03-19 00:00:00-04:00,6.2160363010485264,6.573929413154388,6.140690477257089,6.413819313049316,496700,0.0,0.0
2025-03-20 00:00:00-04:00,6.244291126643309,6.4609105917169485,6.244291126643309,6.37614631652832,349300,0.0,0.0
2025-03-21 00:00:00-04:00,6.21603601560597,6.357309653275847,6.178363105440204,6.2913818359375,684800,0.0,0.0
2025-03-24 00:00:00-04:00,6.460910328077292,6.573929057652676,6.404400963289599,6.470328330993652,246800,0.0,0.0
2025-03-25 00:00:00-04:00,6.4514923095703125,6.611602411775575,6.3478915759498715,6.4514923095703125,360800,0.0,0.0
2025-03-26 00:00:00-04:00,6.460911314411958,6.545675149985445,6.300801198522535,6.479747772216797,346400,0.0,0.0
2025-03-27 00:00:00-04:00,6.432656123043367,6.442074576083946,6.225455096212802,6.3573102951049805,286700,0.0,0.0
2025-03-28 00:00:00-04:00,6.3102184183283505,6.4044011447394045,5.971162219996041,6.131272315979004,356800,0.0,0.0
2025-03-31 00:00:00-04:00,6.027671771746507,6.140690507999473,5.886398126882031,6.008835315704346,325200,0.0,0.0
2025-04-01 00:00:00-04:00,5.989998866867058,6.13127251190146,5.848725221832655,6.018253326416016,282300,0.0,0.0
2025-04-02 00:00:00-04:00,5.858143126419209,6.206618231380164,5.858143126419209,6.17836332321167,310600,0.0,0.0
2025-04-03 00:00:00-04:00,5.688615428356644,5.7922161668638275,5.5096688615157134,5.519087314605713,505000,0.0,0.0
2025-04-04 00:00:00-04:00,5.227121847110052,5.556760060644796,4.784464445397683,5.443741321563721,749700,0.0,0.0
2025-04-07 00:00:00-04:00,4.96341078741832,5.952325833404426,4.96341078741832,5.349558353424072,490600,0.0,0.0
2025-04-08 00:00:00-04:00,5.613268915136667,5.613268915136667,4.944574096618618,5.038756370544434,326000,0.0,0.0
2025-04-09 00:00:00-04:00,4.972829792484528,5.905235125958551,4.925738423500422,5.613269805908203,546300,0.0,0.0
2025-04-10 00:00:00-04:00,5.415486293594713,5.528505030199606,5.180030367786246,5.3966498374938965,687800,0.0,0.0
2025-04-11 00:00:00-04:00,5.349557964485208,5.44374068513846,5.095265606733718,5.38723087310791,321100,0.0,0.0
2025-04-14 00:00:00-04:00,5.594432770744164,5.594432770744164,5.170611840918625,5.36839485168457,301700,0.0,0.0
2025-04-15 00:00:00-04:00,5.2836310177551455,5.406067755935731,5.208285194537391,5.3589768409729,448500,0.0,0.0
2025-04-16 00:00:00-04:00,5.3213042868234055,5.4531594863118675,5.236540005461113,5.311885833740234,289900,0.0,0.0
2025-04-17 00:00:00-04:00,5.30222732747979,5.534018935196279,5.253937735412906,5.495387077331543,322600,0.14,0.0
2025-04-21 00:00:00-04:00,5.389149499358356,5.572651063381251,5.28291165481287,5.514703273773193,259900,0.0,0.0
2025-04-22 00:00:00-04:00,5.620941427618787,5.688546955617562,5.466413519632761,5.640257358551025,338300,0.0,0.0
2025-04-23 00:00:00-04:00,5.90102246225993,6.036233974337215,5.746494559357786,5.765810489654541,292000,0.0,0.0
2025-04-24 00:00:00-04:00,5.814101189543529,6.074866507692247,5.7658111281897035,6.055550575256348,418700,0.0,0.0
2025-04-25 00:00:00-04:00,5.9782862071748974,6.181103706359863,5.920338416054637,6.181103706359863,363900,0.0,0.0
2025-04-28 00:00:00-04:00,6.17144563539905,6.277683484859937,6.045892315703219,6.190761566162109,525300,0.0,0.0
2025-04-29 00:00:00-04:00,6.161787635018749,6.210077229583491,5.978286070405303,6.171445369720459,559800,0.0,0.0
2025-04-30 00:00:00-04:00,5.987944581466622,6.113498372564045,5.891364919287127,6.055550575256348,269500,0.0,0.0
2025-05-01 00:00:00-04:00,6.103839721300159,6.2293930330419,6.065207862221456,6.161787509918213,275900,0.0,0.0
2025-05-02 00:00:00-04:00,6.277682806914853,6.5481062689219955,6.2583668782377755,6.451526165008545,255900,0.0,0.0
2025-05-05 00:00:00-04:00,6.383921004900628,6.45152652881873,6.2390513013891225,6.374262809753418,168900,0.0,0.0
2025-05-06 00:00:00-04:00,6.248709303075379,6.296999359819141,6.132813719524084,6.152129650115967,175000,0.0,0.0
2025-05-07 00:00:00-04:00,6.268024842491039,6.470842331312385,6.1907611249454,6.364604949951172,279000,0.0,0.0
2025-05-08 00:00:00-04:00,6.490158476225238,6.915109397366191,6.40323702136393,6.828187942504883,295100,0.0,0.0
2025-05-09 00:00:00-04:00,6.8185296623368705,6.905451576644107,6.75092367781701,6.857161521911621,208800,0.0,0.0
2025-05-12 00:00:00-04:00,7.378691789335343,7.658772990228978,7.311086268068098,7.455955505371094,332700,0.0,0.0
2025-05-13 00:00:00-04:00,7.494588136250334,7.6877474343895305,7.388350292009729,7.581509590148926,215300,0.0,0.0
2025-05-14 00:00:00-04:00,7.562193816779304,7.562193816779304,7.253138933362958,7.2821125984191895,213100,0.0,0.0
2025-05-15 00:00:00-04:00,7.195191030333486,7.340060744208468,7.146901432727242,7.272455215454102,226400,0.0,0.0
2025-05-16 00:00:00-04:00,7.282113128065654,7.388350982231022,7.214507137137122,7.32074499130249,177100,0.0,0.0
2025-05-19 00:00:00-04:00,7.098610989680041,7.19519064018375,7.0310054645914954,7.175874710083008,189500,0.0,0.0
2025-05-20 00:00:00-04:00,7.127585363399137,7.359376532682955,7.117927167748253,7.262796878814697,220900,0.0,0.0
2025-05-21 00:00:00-04:00,7.108269214630127,7.253138921253728,7.079295089094166,7.108269214630127,198800,0.0,0.0
2025-05-22 00:00:00-04:00,7.04066288068951,7.19519031450092,7.0020310222366575,7.117926597595215,224400,0.0,0.0
2025-05-23 00:00:00-04:00,6.8668200158877415,7.233822697818464,6.8668200158877415,7.224164962768555,247200,0.0,0.0
2025-05-27 00:00:00-04:00,7.31108662688416,7.639457436152,7.204848781856987,7.620141506195068,189000,0.0,0.0
2025-05-28 00:00:00-04:00,7.62014126610401,7.639457195452346,7.523561619362328,7.533219814300537,229300,0.0,0.0
2025-05-29 00:00:00-04:00,7.629799799147308,7.774669505943593,7.455955966780524,7.765011310577393,191400,0.0,0.0
2025-05-30 00:00:00-04:00,7.639457282707789,7.765011055170052,7.591167689049441,7.678089141845703,228300,0.0,0.0
2025-06-02 00:00:00-04:00,7.610483982100381,7.7456959560689835,7.52356206462458,7.600825786590576,210500,0.0,0.0
2025-06-03 00:00:00-04:00,7.649115542522126,8.03543413717226,7.629799612789619,8.025776863098145,274200,0.0,0.0
2025-06-04 00:00:00-04:00,8.035434074160351,8.093382323431547,7.7456955909729,7.7456955909729,249500,0.0,0.0
2025-06-05 00:00:00-04:00,7.765011254661658,7.851933170219127,7.639457478973782,7.72637939453125,230400,0.0,0.0
2025-06-06 00:00:00-04:00,7.948512498928111,8.083724472275652,7.842275111976895,7.909880638122559,146900,0.0,0.0
2025-06-09 00:00:00-04:00,8.064408368114432,8.35414684083929,8.035433783997032,8.276883125305176,258500,0.0,0.0
2025-06-10 00:00:00-04:00,8.373463295697228,8.527990727973231,8.267225916271514,8.383121490478516,400500,0.0,0.0
2025-06-11 00:00:00-04:00,8.431411586658939,8.788757465990665,8.373464253455486,8.730809211730957,421700,0.0,0.0
2025-06-12 00:00:00-04:00,8.61491309858684,8.875677924203046,8.489359322898963,8.692176818847656,322700,0.0,0.0
2025-06-13 00:00:00-04:00,8.479700989837127,8.653544818127717,8.450727325474091,8.508675575256348,337500,0.0,0.0
2025-06-16 00:00:00-04:00,8.653544933521948,9.233023754847085,8.653544933521948,9.068838119506836,442100,0.0,0.0
2025-06-17 00:00:00-04:00,8.894993121916706,9.088152396664762,8.759781169065029,8.779097557067871,298600,0.0,0.0
2025-06-18 00:00:00-04:00,8.788756370544434,9.010889321897713,8.730808123507499,8.788756370544434,271000,0.0,0.0
2025-06-20 00:00:00-04:00,8.837045776035623,8.943284078723636,8.663202871643167,8.672860145568848,551000,0.0,0.0
2025-06-23 00:00:00-04:00,8.566623016814734,8.614913072093286,8.276883606199611,8.585939407348633,259100,0.0,0.0
2025-06-24 00:00:00-04:00,8.75012570991508,8.86602129878767,8.692177454950652,8.808073043823242,185500,0.0,0.0
2025-06-25 00:00:00-04:00,8.875677642742613,8.99157414051479,8.711492933187058,8.91430950164795,189600,0.0,0.0
2025-06-26 00:00:00-04:00,8.98191625658901,9.097811837318753,8.914309810371176,9.039863586425781,153100,0.0,0.0
2025-06-27 00:00:00-04:00,9.001230845396273,9.175074660008066,8.95294171560954,9.146100997924805,488100,0.0,0.0
2025-06-30 00:00:00-04:00,9.175076148535725,9.281313540780621,9.030206893560296,9.184734344482422,184500,0.0,0.0
2025-07-01 00:00:00-04:00,9.078495714225163,9.657974556008144,9.030206578290105,9.542078971862793,227100,0.0,0.0
2025-07-02 00:00:00-04:00,9.484130548616202,9.80284362954544,9.484130548616202,9.60002613067627,248700,0.0,0.0
2025-07-03 00:00:00-04:00,9.77386939927991,9.889764974640206,9.522761858804524,9.696605682373047,166300,0.0,0.0
2025-07-07 00:00:00-04:00,9.648316491639557,9.889765858824068,9.542079101658619,9.725580215454102,310100,0.0,0.0
2025-07-08 00:00:00-04:00,9.802843462594517,10.411295948839555,9.802843462594517,10.034635543823242,479100,0.0,0.0
2025-07-09 00:00:00-04:00,10.034637071100313,10.2084800071606,9.677292081182184,9.938056945800781,690100,0.0,0.0
2025-07-10 00:00:00-04:00,7.822959297879674,8.286541607147953,7.407666121701378,7.436639785766602,1618700,0.0,0.0
2025-07-11 00:00:00-04:00,7.282112556867781,7.311086682286789,6.683318263137202,6.692975997924805,1350400,0.0,0.0
2025-07-14 00:00:00-04:00,6.692975564262153,6.799213403210842,6.3452888449305584,6.4901580810546875,872500,0.0,0.0
2025-07-15 00:00:00-04:00,6.499816902650877,6.499816902650877,6.200419746307828,6.258367538452148,889700,0.0,0.0
2025-07-16 00:00:00-04:00,6.3163149527169615,6.4418687251156745,6.103839727565982,6.4032368659973145,664300,0.0,0.0
2025-07-17 00:00:00-04:00,6.432210698578274,6.548106739497598,6.393578838447866,6.519132614135742,456500,0.0,0.0
2025-07-18 00:00:00-04:00,6.519132785177078,6.567422841871116,6.3839212711731275,6.393579006195068,441700,0.0,0.0
2025-07-21 00:00:00-04:00,6.471668125143075,6.559518505652207,6.383817279184201,6.539996147155762,551900,0.07,0.0
2025-07-22 00:00:00-04:00,6.5497584708180545,6.715698773860658,6.46190761263084,6.491191387176514,584400,0.0,0.0
2025-07-23 00:00:00-04:00,6.6180867800196665,6.705937170264538,6.442385068630336,6.676653861999512,754900,0.0,0.0
2025-07-24 00:00:00-04:00,6.618086725468907,6.618086725468907,6.34477321303267,6.35453462600708,358000,0.0,0.0
2025-07-25 00:00:00-04:00,6.422862756216579,6.588803055797521,6.3545347261184,6.452146530151367,423400,0.0,0.0
2025-07-28 00:00:00-04:00,6.471668731944918,6.657131387775517,6.393579290637252,6.579041481018066,304500,0.0,0.0
2025-07-29 00:00:00-04:00,6.6180869115675485,6.6180869115675485,6.4131018878387,6.442385196685791,333100,0.0,0.0
2025-07-30 00:00:00-04:00,6.481430091294632,6.579041899132689,6.354534973830064,6.422863006591797,431200,0.0,0.0
2025-07-31 00:00:00-04:00,6.354534670793976,6.5204745034804015,6.3447732577507665,6.4033403396606445,362000,0.0,0.0
2025-08-01 00:00:00-04:00,6.217877249539976,6.25692196810461,6.071459322197718,6.178832530975342,358400,0.0,0.0
2025-08-04 00:00:00-04:00,6.227638946978126,6.286206027506004,6.090981960296631,6.090981960296631,228900,0.0,0.0
2025-08-05 00:00:00-04:00,6.159311150531675,6.217878237686117,5.954326112766213,6.012893199920654,311700,0.0,0.0
2025-08-06 00:00:00-04:00,6.0616983752814395,6.198354890257659,6.012892244350767,6.178832530975342,350800,0.0,0.0
2025-08-07 00:00:00-04:00,6.315489278656261,6.344773051383626,6.139788038641404,6.20811653137207,273100,0.0,0.0
2025-08-08 00:00:00-04:00,6.335011572784792,6.3642953452076565,6.061698535603661,6.325250625610352,522500,0.0,0.0
2025-08-11 00:00:00-04:00,6.354534670793976,6.422862700297271,6.256922402161053,6.4033403396606445,410500,0.0,0.0
2025-08-12 00:00:00-04:00,6.510713409883679,6.823071173065046,6.432623969088337,6.803548812866211,1116300,0.0,0.0
2025-08-13 00:00:00-04:00,6.881637924267435,6.998772071931203,6.7156976490188995,6.7840256690979,468300,0.0,0.0
2025-08-14 00:00:00-04:00,6.676653634318997,6.754743074295864,6.461907208932836,6.647369861602783,444800,0.0,0.0
2025-08-15 00:00:00-04:00,6.686414648890181,6.764504089653021,6.461907273972127,6.530235767364502,265900,0.0,0.0
2025-08-18 00:00:00-04:00,6.539996850769579,6.618086758606502,6.48142976897923,6.569280624389648,233100,0.0,0.0
2025-08-19 00:00:00-04:00,6.5888025662840555,6.647369644352609,6.500951716456344,6.618086338043213,340300,0.0,0.0
2025-08-20 00:00:00-04:00,6.637609061918504,6.715698503631698,6.491191125981372,6.520474433898926,347700,0.0,0.0
2025-08-21 00:00:00-04:00,6.48142988286512,6.539996965684557,6.364295717226245,6.500952243804932,332100,0.0,0.0
2025-08-22 00:00:00-04:00,6.559518899206008,7.4380260151536275,6.520474179870538,7.320891857147217,605700,0.0,0.0
2025-08-25 00:00:00-04:00,7.272085646791726,7.457548294359068,7.2428023403309565,7.330653190612793,388800,0.0,0.0
2025-08-26 00:00:00-04:00,7.379459648940127,7.545399954869108,7.379459648940127,7.457549095153809,458000,0.0,0.0
2025-08-27 00:00:00-04:00,7.398981482499628,7.643011217228242,7.398981482499628,7.57468318939209,342300,0.0,0.0
2025-08-28 00:00:00-04:00,7.633250406928059,7.691817488460525,7.486832470371998,7.613728046417236,393800,0.0,0.0
2025-08-29 00:00:00-04:00,7.652772882988165,7.711339965404936,7.457548809482465,7.5453996658325195,248500,0.0,0.0
2025-09-02 00:00:00-04:00,7.369698472685864,7.603966804072798,7.262325254741953,7.594205856323242,370500,0.0,0.0
2025-09-03 00:00:00-04:00,7.486832311879771,7.613727885238698,7.457548539008565,7.467309951782227,385200,0.0,0.0
2025-09-04 00:00:00-04:00,7.28184739677059,7.28184739677059,6.393579302125179,6.852355003356934,682500,0.0,0.0
2025-09-05 00:00:00-04:00,6.852355194073843,7.086623990387801,6.832832833168497,6.940206050872803,352500,0.0,0.0
2025-09-08 00:00:00-04:00,6.989011481410326,7.115907055680572,6.88163873282761,7.076862335205078,310400,0.0,0.0
2025-09-09 00:00:00-04:00,7.047578718355595,7.320892233192699,7.008533997014551,7.223280429840088,608200,0.0,0.0
2025-09-10 00:00:00-04:00,8.306772586302527,8.521518087598313,7.691817528810962,8.101787567138672,1234500,0.0,0.0
2025-09-11 00:00:00-04:00,8.160354877222375,8.355579430849911,8.013937392901386,8.023698806762695,781200,0.0,0.0
2025-09-12 00:00:00-04:00,7.97489192382564,8.1213093944772,7.857757761124478,7.945608615875244,569800,0.0,0.0
2025-09-15 00:00:00-04:00,8.023697676206192,8.033458157792564,7.7211004054398575,7.877279281616211,401000,0.0,0.0
2025-09-16 00:00:00-04:00,7.828474203145106,7.91632412419051,7.682055806270341,7.808951377868652,259700,0.0,0.0
2025-09-17 00:00:00-04:00,7.799190158383896,8.179876882606854,7.769906850643536,7.8968024253845215,714500,0.0,0.0
2025-09-18 00:00:00-04:00,8.013935983980424,8.316533244184093,7.994413159690091,8.131070137023926,441100,0.0,0.0
2025-09-19 00:00:00-04:00,8.13107077236829,8.13107077236829,7.740623099598128,7.838234901428223,1125700,0.0,0.0
2025-09-22 00:00:00-04:00,7.7211004054398575,7.984652957162103,7.643010967351681,7.877279281616211,341300,0.0,0.0
2025-09-23 00:00:00-04:00,7.974891842894267,8.05298128390257,7.672295026262205,7.789429187774658,332000,0.0,0.0
2025-09-24 00:00:00-04:00,7.83823490103714,7.83823490103714,7.555160443019099,7.564921855926514,338700,0.0,0.0
2025-09-25 00:00:00-04:00,7.467309706812501,7.525876785183804,7.272085646791726,7.330653190612793,317000,0.0,0.0
2025-09-26 00:00:00-04:00,7.330653374258624,7.438026121237675,7.193996389185653,7.418503761291504,325700,0.0,0.0
2025-09-29 00:00:00-04:00,7.48683214704785,7.48683214704785,7.213518646249789,7.320891857147217,288800,0.0,0.0
2025-09-30 00:00:00-04:00,7.301370027948843,7.3892208855611985,7.233041531422587,7.369698524475098,263500,0.0,0.0
2025-10-01 00:00:00-04:00,7.30136960161448,7.496593201076187,7.30136960161448,7.418503761291504,376300,0.0,0.0
2025-10-02 00:00:00-04:00,7.457548864231065,7.603966804072798,7.3208923375886865,7.594205856323242,306300,0.0,0.0
2025-10-03 00:00:00-04:00,7.682055952876986,8.043219849288025,7.662533592677734,7.955368995666504,296100,0.0,0.0
2025-10-06 00:00:00-04:00,8.121309359460387,8.170115493100328,7.7991901806961845,7.838234901428223,343600,0.0,0.0
2025-10-07 00:00:00-04:00,7.847996583372956,7.906564131928549,7.252563873622702,7.262325286865234,242900,0.0,0.0
2025-10-08 00:00:00-04:00,7.2818470791365915,7.291608026166923,7.145190562563586,7.272085666656494,205600,0.0,0.0
2025-10-09 00:00:00-04:00,7.320891895375237,7.320891895375237,7.037817445990043,7.096384525299072,287000,0.0,0.0
2025-10-10 00:00:00-04:00,7.135429753053887,7.223280610999426,6.637609310745376,6.657131671905518,309300,0.0,0.0
2025-10-13 00:00:00-04:00,6.832833043880706,6.99877334941835,6.7352212363438015,6.969489574432373,297500,0.0,0.0
2025-10-14 00:00:00-04:00,6.784026227977913,7.242802375630382,6.784026227977913,7.106145858764648,364800,0.0,0.0
2025-10-15 00:00:00-04:00,7.233041240844589,7.28184737432402,7.047578585252447,7.184235572814941,263400,0.0,0.0
2025-10-16 00:00:00-04:00,7.233041320903058,7.359936896994288,7.125668570779515,7.174474239349365,214200,0.0,0.0
2025-10-17 00:00:00-04:00,7.086624027045034,7.125668749057696,6.784026733272208,6.881639003753662,347500,0.0,0.0
2025-10-20 00:00:00-04:00,6.979250889794096,7.06710128261737,6.774265864123444,6.871877670288086,237600,0.0,0.0
2025-10-21 00:00:00-04:00,6.842593687183828,6.9499664306640625,6.803548503114026,6.9499664306640625,178500,0.0,0.0
2025-10-22 00:00:00-04:00,6.920683417230482,7.02805616525354,6.764504070692777,6.86211633682251,229100,0.0,0.0
2025-10-23 00:00:00-04:00,6.89139954651278,7.2428024894239895,6.881638599308182,7.037817478179932,343000,0.0,0.0
2025-10-24 00:00:00-04:00,7.193996577435048,7.193996577435048,7.018295333321837,7.067101001739502,190300,0.0,0.0
2025-10-27 00:00:00-04:00,7.174474056031601,7.223280188804175,7.047578483182728,7.086623668670654,248100,0.0,0.0
2025-10-28 00:00:00-04:00,7.028056751252217,7.106146663757089,6.920683994276429,6.959728717803955,221200,0.0,0.0
2025-10-29 00:00:00-04:00,6.9793880524705365,7.058028970669462,6.694314489631006,6.733634948730469,221400,0.05,0.0
2025-10-30 00:00:00-04:00,6.654993852384851,6.723804888335341,6.4878816713171155,6.527202129364014,204300,0.0,0.0
2025-10-31 00:00:00-04:00,6.487881816149113,6.635333771485039,6.478051935786369,6.615673542022705,241200,0.0,0.0
2025-11-03 00:00:00-05:00,6.605843202827344,6.822106195974106,6.507542055368291,6.654994010925293,271300,0.0,0.0
2025-11-04 00:00:00-05:00,6.478052381337563,6.566523185634539,6.428901569932784,6.4977126121521,179100,0.0,0.0
2025-11-05 00:00:00-05:00,6.546862753070302,6.71397494421253,6.52720252286162,6.674654483795166,158000,0.0,0.0
2025-11-06 00:00:00-05:00,6.66482391294445,6.743464825636238,6.36992002161343,6.389580249786377,273300,0.0,0.0
2025-11-07 00:00:00-05:00,6.310939957700274,6.527202488869533,6.242128917959807,6.5173726081848145,292400,0.0,0.0
2025-11-10 00:00:00-05:00,6.615673784709037,6.68448482471986,6.458391943240713,6.635334014892578,179600,0.0,0.0
2025-11-11 00:00:00-05:00,6.635334340392165,6.635334340392165,6.419071797764354,6.468222141265869,282400,0.0,0.0
2025-11-12 00:00:00-05:00,6.507542204554388,6.802446122429095,6.507542204554388,6.782785892486572,254400,0.0,0.0
2025-11-13 00:00:00-05:00,6.7238048577988865,6.851596111502521,6.704144628864725,6.831935882568359,540300,0.0,0.0
2025-11-14 00:00:00-05:00,6.72380511448945,6.949897990232133,6.517372468431486,6.8909173011779785,310700,0.0,0.0
2025-11-17 00:00:00-05:00,6.881087103739513,7.205481135060763,6.841766643502807,7.0580291748046875,316200,0.0,0.0
2025-11-18 00:00:00-05:00,6.98921843161392,6.98921843161392,6.763125556453117,6.851596355438232,196000,0.0,0.0
2025-11-19 00:00:00-05:00,6.861426896371725,6.979388277472969,6.596013554525497,6.635334014892578,225200,0.0,0.0
2025-11-20 00:00:00-05:00,6.6844851526305655,6.949898507496776,6.399411566616371,6.468222141265869,288400,0.0,0.0
2025-11-21 00:00:00-05:00,6.4878819831876235,6.871256701942008,6.428901293282093,6.82210636138916,243100,0.0,0.0
2025-11-24 00:00:00-05:00,6.812275664573748,6.969557965036445,6.763125326527832,6.871256351470947,174100,0.0,0.0
2025-11-25 00:00:00-05:00,6.890917261648848,7.215311283954263,6.890917261648848,7.195651054382324,206900,0.0,0.0
2025-11-26 00:00:00-05:00,7.195651429164535,7.402084084790267,7.156330967972669,7.3037824630737305,213500,0.0,0.0
2025-11-28 00:00:00-05:00,7.352933188825842,7.490554801404478,7.264461917799714,7.451234340667725,88300,0.0,0.0
2025-12-01 00:00:00-05:00,7.372592988793218,7.647836666619041,7.352932759572576,7.608515739440918,400100,0.0,0.0
2025-12-02 00:00:00-05:00,7.687157278312445,8.237644176201826,7.638006469912545,8.159003257751465,421800,0.0,0.0
2025-12-03 00:00:00-05:00,8.10002207276891,8.571868519348197,7.765798170485781,8.542377471923828,468800,0.0,0.0
2025-12-04 00:00:00-05:00,7.75596769296415,7.9230803444448625,6.989218284622285,7.608515739440918,563300,0.0,0.0
2025-12-05 00:00:00-05:00,7.628176338493752,7.628176338493752,6.812275664573748,6.871256351470947,591100,0.0,0.0
2025-12-08 00:00:00-05:00,6.94989772491016,7.028538640646806,6.802445773535533,6.831935882568359,311800,0.0,0.0
2025-12-09 00:00:00-05:00,6.822106334019204,6.979388173136282,6.6943146053681515,6.7041449546813965,334000,0.0,0.0
2025-12-10 00:00:00-05:00,6.68448456243823,7.0088785821067106,6.674654213363746,6.999048233032227,399500,0.0,0.0
2025-12-11 00:00:00-05:00,7.008878506231188,7.215311147192156,6.940067469665252,7.146500110626221,240500,0.0,0.0
2025-12-12 00:00:00-05:00,7.156330617872364,7.175990847506483,6.841766474989597,6.851596355438232,284100,0.0,0.0
2025-12-15 00:00:00-05:00,6.9007473567388065,6.910577706199008,6.596013554525497,6.635334014892578,249700,0.0,0.0
2025-12-16 00:00:00-05:00,6.645164473757664,6.753295507178958,6.5370329715995,6.605843544006348,246600,0.0,0.0
2025-12-17 00:00:00-05:00,6.6058437726340316,6.733635509722279,6.527202847883382,6.546863079071045,215200,0.0,0.0
2025-12-18 00:00:00-05:00,6.674654348936124,6.772955497993393,6.605843310227608,6.6255035400390625,177400,0.0,0.0
2025-12-19 00:00:00-05:00,6.596013332223174,6.713974709348822,6.537032643660352,6.694314479827881,750800,0.0,0.0
2025-12-22 00:00:00-05:00,6.723805211546607,6.920407511231713,6.723805211546607,6.82210636138916,256900,0.0,0.0
2025-12-23 00:00:00-05:00,6.7926158650472575,6.7926158650472575,6.654994253586484,6.674654483795166,259700,0.0,0.0
2025-12-24 00:00:00-05:00,6.674654508808771,6.851596581350009,6.674654508808771,6.79261589050293,123200,0.0,0.0
2025-12-26 00:00:00-05:00,6.772955267975003,6.79261549711877,6.566522627597031,6.6451640129089355,222600,0.0,0.0
2025-12-29 00:00:00-05:00,6.576352746520681,6.723804694310024,6.487881484099711,6.66482400894165,175200,0.0,0.0
2025-12-30 00:00:00-05:00,6.654994346648422,6.694314807615634,6.527202614136547,6.56652307510376,179200,0.0,0.0
2025-12-31 00:00:00-05:00,6.586182816434362,6.615673394337953,6.478051791173807,6.527202129364014,168200,0.0,0.0
2026-01-02 00:00:00-05:00,6.615673171208266,6.684484204837936,6.537032257766825,6.586182594299316,186200,0.0,0.0
2026-01-05 00:00:00-05:00,6.556693240549243,6.78278612707635,6.556693240549243,6.763125896453857,221400,0.0,0.0
2026-01-06 00:00:00-05:00,6.733634851718173,6.822106117785771,6.5272022100516685,6.802445888519287,215700,0.0,0.0
2026-01-07 00:00:00-05:00,6.802445867537484,6.822106096743327,6.586182877536371,6.723804950714111,416400,0.0,0.0
2026-01-08 00:00:00-05:00,6.674654193922861,7.038368671356221,6.664824313613851,6.920407295227051,227400,0.0,0.0
2026-01-09 00:00:00-05:00,6.979387725222024,7.077688868361552,6.782785438942968,6.86142635345459,197000,0.0,0.0
2026-01-12 00:00:00-05:00,6.8319362771096,7.097349617416698,6.694314666622883,6.979388236999512,417700,0.0,0.0
2026-01-13 00:00:00-05:00,6.979388119483979,7.156330655867345,6.959727889745478,6.969558238983154,219200,0.0,0.0
2026-01-14 00:00:00-05:00,6.940067785525786,7.028539055317569,6.871256745828081,7.0187087059021,176100,0.0,0.0
2026-01-15 00:00:00-05:00,7.058029232956485,7.352933155898379,7.058029232956485,7.293952465057373,294200,0.0,0.0
2026-01-16 00:00:00-05:00,7.274158170594838,7.4918883421193305,7.145499475777353,7.432507514953613,329700,0.05,0.0
2026-01-20 00:00:00-05:00,7.254364815562125,7.363229905136447,7.046531677246094,7.046531677246094,300200,0.0,0.0
2026-01-21 00:00:00-05:00,7.1454997431570835,7.521578801196109,7.02673808438167,7.472095012664795,473000,0.0,0.0
2026-01-22 00:00:00-05:00,7.571063149367106,7.679928240464385,7.402817228194098,7.5017852783203125,373300,0.0,0.0
2026-01-23 00:00:00-05:00,7.442404491253271,7.481991711532526,7.165293477381597,7.303849220275879,405900,0.0,0.0
2026-01-26 00:00:00-05:00,7.234571394910505,7.709618513204343,7.234571394910505,7.531476020812988,592100,0.0,0.0
2026-01-27 00:00:00-05:00,7.49188897241193,8.036213503183454,7.45230175097098,8.016420364379883,469000,0.0,0.0
2026-01-28 00:00:00-05:00,8.065903224704405,8.263840264488904,7.818483340724415,7.867967128753662,501000,0.0,0.0
2026-01-29 00:00:00-05:00,7.897657679822233,7.927348329800038,7.630443717689472,7.887760639190674,290900,0.0,0.0
2026-01-30 00:00:00-05:00,7.858070362839459,7.976832489348308,7.689824449542382,7.9075541496276855,325500,0.0,0.0
2026-02-02 00:00:00-05:00,7.867967529013669,8.372705307240452,7.67992846425296,8.214356422424316,386400,0.0,0.0
2026-02-03 00:00:00-05:00,8.17476878279656,8.610228193752038,8.17476878279656,8.392498016357422,416300,0.0,0.0
2026-02-04 00:00:00-05:00,8.44198244441978,8.738887066083132,8.253943385538797,8.550848007202148,493300,0.0,0.0
2026-02-05 00:00:00-05:00,8.600331095084872,8.818061271013303,8.491466479037532,8.738886833190918,637700,0.0,0.0
2026-02-06 00:00:00-05:00,8.857648635832295,9.174347336172405,8.788371237554973,8.996204376220703,632800,0.0,0.0
2026-02-09 00:00:00-05:00,8.976410116515181,9.075378635377698,8.748783844498636,8.887338638305664,323600,0.0,0.0
2026-02-10 00:00:00-05:00,8.907132903694613,9.164450302988117,8.88733882197953,8.946720123291016,443500,0.0,0.0
2026-02-11 00:00:00-05:00,9.105068638672927,9.194140115172146,8.719093498954614,8.778473854064941,303700,0.0,0.0
2026-02-12 00:00:00-05:00,8.90713354876005,8.90713354876005,8.273737045512489,8.6795072555542,321600,0.0,0.0
2026-02-13 00:00:00-05:00,8.66960920952261,9.025894170413805,8.610227910790549,8.976409912109375,238400,0.0,0.0
2026-02-17 00:00:00-05:00,8.936822927746878,9.006101268716776,8.66960943605477,8.738886833190918,350500,0.0,0.0
2026-02-18 00:00:00-05:00,8.738887445763757,9.025895038946807,8.560744476259169,8.57064151763916,333900,0.0,0.0
2026-02-19 00:00:00-05:00,8.481570063035456,8.51126118728097,8.184666371250854,8.471673965454102,223200,0.0,0.0
2026-02-20 00:00:00-05:00,8.402395569866504,8.818061868516011,8.402395569866504,8.669610023498535,322300,0.0,0.0
2026-02-23 00:00:00-05:00,8.659712432387753,8.669609473116296,8.343014679744373,8.540950775146484,290400,0.0,0.0
2026-02-24 00:00:00-05:00,8.620125380459609,9.065481839708676,8.600331298618695,8.649815559387207,281600,0.0,0.0
2026-02-25 00:00:00-05:00,8.778474196705709,9.015997514085468,8.550847920175213,8.996204376220703,433100,0.0,0.0
2026-02-26 00:00:00-05:00,9.075379270360978,9.095172409218113,8.719094276428223,8.719094276428223,282800,0.0,0.0
2026-02-27 00:00:00-05:00,8.590434673621361,8.72898946265802,8.29353007108983,8.37270450592041,336300,0.0,0.0
2026-03-02 00:00:00-05:00,8.204458783615575,8.412291915758246,8.046109910332348,8.382601737976074,369000,0.0,0.0
2026-03-03 00:00:00-05:00,8.026316610521846,8.313324207242918,7.858071152240149,8.174769401550293,270000,0.0,0.0
2026-03-04 00:00:00-05:00,8.343014724245274,8.42218916282843,8.14507768395363,8.293530464172363,278000,0.0,0.0
2026-03-05 00:00:00-05:00,8.204459047030062,8.313323664949085,7.383023532624794,7.472095012664795,374300,0.0,0.0
2026-03-06 00:00:00-05:00,6.9079767987680665,6.957461061889352,5.799533646486812,6.591278553009033,1688900,0.0,0.0
2026-03-09 00:00:00-04:00,6.274580517453503,6.304270696554368,5.512525823055908,5.601596832275391,1021100,0.0,0.0
2026-03-10 00:00:00-04:00,5.60159653660215,5.928191320974097,5.591699968063202,5.660977363586426,956200,0.0,0.0
2026-03-11 00:00:00-04:00,5.621390586227444,5.858914384699621,5.522422533496079,5.809430122375488,723100,0.0,0.0
2026-03-12 00:00:00-04:00,5.6510812781861866,5.720359151549179,5.235414981842041,5.235414981842041,858600,0.0,0.0
2026-03-13 00:00:00-04:00,5.235414825437145,5.36407352701757,5.047375293569653,5.077065944671631,716900,0.0,0.0
2026-03-16 00:00:00-04:00,5.106756043950858,5.215621133732172,4.978097816300449,4.997891426086426,675800,0.0,0.0
2026-03-17 00:00:00-04:00,5.057272030156173,5.20572433289628,4.997891203443502,5.185930252075195,772100,0.0,0.0
2026-03-18 00:00:00-04:00,5.106755997891502,5.433350792372906,5.106755997891502,5.245311737060547,484600,0.0,0.0
2026-03-19 00:00:00-04:00,5.096859609803673,5.265105533392211,4.829645634668022,5.255208492279053,797000,0.0,0.0
2026-03-20 00:00:00-04:00,5.235414710637095,5.344279799734681,5.037478614020465,5.146343231201172,972400,0.0,0.0
2026-03-23 00:00:00-04:00,5.344279747759174,5.512525664205482,5.265105309882529,5.4432477951049805,436800,0.0,0.0
2026-03-24 00:00:00-04:00,5.443247916827884,5.868810765889803,5.403660697004304,5.799533367156982,381800,0.0,0.0
2026-03-25 00:00:00-04:00,5.8688109867036236,6.0964377452120955,5.769842933421005,6.086541175842285,339200,0.0,0.0
2026-03-26 00:00:00-04:00,5.997469587782355,6.076644029033571,5.651081171349837,5.680771350860596,278700,0.0,0.0
2026-03-27 00:00:00-04:00,5.591700183803163,5.779739712466775,5.502628703931746,5.5224223136901855,323500,0.0,0.0
2026-03-30 00:00:00-04:00,5.591700315931976,5.591700315931976,5.2947956906228155,5.3541765213012695,315800,0.0,0.0
2026-03-31 00:00:00-04:00,5.423454087321294,5.571906391607348,5.344279650879895,5.463041305541992,399900,0.0,0.0
2026-04-01 00:00:00-04:00,5.463041273638841,5.789636058010787,5.463041273638841,5.660977363586426,319600,0.0,0.0
2026-04-02 00:00:00-04:00,5.413557533139563,5.809430222827003,5.31458947869693,5.789636611938477,364500,0.0,0.0
2026-04-06 00:00:00-04:00,5.809429661394314,5.918294746718766,5.690668007540473,5.710461616516113,244800,0.0,0.0
2026-04-07 00:00:00-04:00,5.552113185273939,5.858914384699621,5.552113185273939,5.809430122375488,494700,0.0,0.0
2026-04-08 00:00:00-04:00,6.185508985619591,6.6506590536947545,6.185508985619591,6.324064254760742,540800,0.0,0.0
2026-04-09 00:00:00-04:00,6.21519966501408,6.749627606079224,6.21519966501408,6.650659084320068,615000,0.0,0.0
2026-04-10 00:00:00-04:00,6.7100407291136746,6.957461102324229,6.611072202295924,6.818905353546143,377400,0.0,0.0
2026-04-13 00:00:00-04:00,6.719936967724007,7.096016029744208,6.581381697685945,7.0762224197387695,370100,0.0,0.0
2026-04-14 00:00:00-04:00,7.17519042072824,7.511682260437864,7.17519042072824,7.323642730712891,579700,0.0,0.0
2026-04-15 00:00:00-04:00,7.293952138146768,7.392920188287228,7.026738166809082,7.026738166809082,370200,0.0,0.0
2026-04-16 00:00:00-04:00,7.006944278339435,7.096015755884776,6.799111145344887,6.9871506690979,583300,0.0,0.0
2026-04-17 00:00:00-04:00,7.1366620395578115,7.455619180118807,7.126694881409333,7.166564464569092,267800,0.05,0.0
2026-04-20 00:00:00-04:00,6.957249049043413,7.2363366118081585,6.957249049043413,7.146629810333252,232300,0.0,0.0
2026-04-21 00:00:00-04:00,7.136662112606929,7.286173288627847,7.04695578722072,7.086825370788574,220900,0.0,0.0
2026-04-22 00:00:00-04:00,7.196466227822491,7.924086814558362,7.176531436759162,7.714771270751953,851700,0.0,0.0
2026-04-23 00:00:00-04:00,7.774576388932853,8.322783875116642,7.7347068054230785,7.814445972442627,588000,0.0,0.0
2026-04-24 00:00:00-04:00,7.8443481791449905,8.432425268083767,7.784543801923191,8.362653732299805,518500,0.0,0.0
2026-04-27 00:00:00-04:00,8.32278347373301,8.512163748629716,7.8642823349169255,7.904151916503906,465700,0.0,0.0
2026-04-28 00:00:00-04:00,7.824412787214362,8.043695486892382,7.664934460175802,7.934054374694824,570600,0.0,0.0
2026-04-29 00:00:00-04:00,7.884217305204528,8.06363090171342,7.525391062752572,7.6350321769714355,475000,0.0,0.0
2026-04-30 00:00:00-04:00,7.73470653213671,8.043695555778651,7.585195361616193,7.99385929107666,286000,0.0,0.0
2026-05-01 00:00:00-04:00,8.033728762079152,8.62180485229616,8.033728762079152,8.6018705368042,483900,0.0,0.0
2026-05-04 00:00:00-04:00,8.591903330704637,9.130143183653832,8.342718195995456,8.851056098937988,668800,0.0,0.0
2026-05-05 00:00:00-04:00,8.960697174072266,9.389295907947382,8.940762857683062,8.960697174072266,744900,0.0,0.0
2026-05-06 00:00:00-04:00,9.13014329265724,9.309556895970914,8.890925788616249,9.249752044677734,425100,0.0,0.0
2026-05-07 00:00:00-04:00,9.369360280635954,9.379327913730112,8.950729196339395,9.219849586486816,377700,0.0,0.0
2026-05-08 00:00:00-04:00,9.160044537145735,9.678350039859668,9.150077854836459,9.598610877990723,408400,0.0,0.0
2026-05-11 00:00:00-04:00,9.688318400723677,9.768057568584295,9.209882442994108,9.528840065002441,344100,0.0,0.0
2026-05-12 00:00:00-04:00,9.369360243272926,9.498936621282834,8.940762478157177,9.329490661621094,493000,0.0,0.0
2026-05-13 00:00:00-04:00,9.538806511035558,15.499315339185115,9.449099711779978,13.824790954589844,12633500,0.0,0.0
2026-05-14 00:00:00-04:00,13.854693203016959,13.854693203016959,10.17672100816034,10.984081268310547,3357200,0.0,0.0
2026-05-15 00:00:00-04:00,10.535546575524203,10.844536542752211,10.106948815260576,10.49567699432373,1402500,0.0,0.0
2026-05-18 00:00:00-04:00,10.794699679714679,11.263167986981806,9.827861115948938,10.515612602233887,906100,0.0,0.0
2026-05-19 00:00:00-04:00,10.246492427308509,10.465775611031415,9.997307293712522,10.13685131072998,695700,0.0,0.0
2026-05-20 00:00:00-04:00,10.146819036629292,10.874439177085303,9.897633900763667,10.814635276794434,619400,0.0,0.0
2026-05-21 00:00:00-04:00,10.73489587367177,11.15352601821416,10.475743109925567,10.74486255645752,723800,0.0,0.0
2026-05-22 00:00:00-04:00,10.75483036660849,11.53228772006194,10.585384399109348,11.203363418579102,617700,0.0,0.0
2026-05-26 00:00:00-04:00,11.472483493072078,11.701733353997298,11.283102263940457,11.631961822509766,589000,0.0,0.0
2026-05-27 00:00:00-04:00,11.83130981134977,11.950918559206903,11.303037604005981,11.412678718566895,438100,0.0,0.0
2026-05-28 00:00:00-04:00,11.43261403914075,11.871179450021009,11.033917260501953,11.751570701599121,510400,0.0,0.0
2026-05-29 00:00:00-04:00,11.811375107542815,12.110396492085531,11.402710710907227,11.502385139465332,617800,0.0,0.0
2026-06-01 00:00:00-04:00,11.263168214159865,11.671831680640937,10.97411349758307,11.592092514038086,382100,0.0,0.0
2026-06-02 00:00:00-04:00,11.82134191396086,12.509093386982059,11.801407598379592,12.459256172180176,500100,0.0,0.0
2026-06-03 00:00:00-04:00,12.389485079456746,13.485899091000043,12.259908696620876,13.156974792480469,1208600,0.0,0.0
2026-06-04 00:00:00-04:00,12.568897214058408,12.937691080626276,12.160233765984984,12.678539276123047,877000,0.0,0.0
2026-06-05 00:00:00-04:00,12.329679628337708,12.329679628337708,11.073786394912421,11.332939147949219,743700,0.0,0.0
2026-06-08 00:00:00-04:00,11.681798696311509,11.681798696311509,11.273135251442755,11.332939147949219,358000,0.0,0.0
2026-06-09 00:00:00-04:00,11.761538344739165,12.02069110848537,10.276395195723039,10.74486255645752,566100,0.0,0.0
2026-06-10 00:00:00-04:00,10.585384133962627,10.904340793940674,10.495677335702345,10.515612602233887,396500,0.0,0.0
2026-06-11 00:00:00-04:00,10.824602085005969,11.392744847736019,10.675091381983563,11.382777214050293,386400,0.0,0.0
2026-06-12 00:00:00-04:00,11.253200529358026,12.21007147479301,11.193395679395783,11.98082160949707,420500,0.0,0.0
2026-06-15 00:00:00-04:00,12.469223778176906,12.598800156154102,11.950918266268117,12.010723114013672,397400,0.0,0.0
2026-06-16 00:00:00-04:00,12.010723192481331,12.100429989402826,11.492417677186383,11.51235294342041,326400,0.0,0.0
2026-06-17 00:00:00-04:00,11.681799247103411,11.940951061793312,11.452548431510767,11.53228759765625,371200,0.0,0.0
2026-06-18 00:00:00-04:00,11.881146857809489,14.093911038021322,11.851244908913142,13.974302291870117,1617300,0.0,0.0
2026-06-22 00:00:00-04:00,14.183617440077397,14.592281860302757,13.67528048667203,13.894562721252441,1095000,0.0,0.0
2026-06-23 00:00:00-04:00,13.246681175973492,13.725117109147936,12.708441345255876,13.356322288513184,766900,0.0,0.0
2026-06-24 00:00:00-04:00,13.44602954996189,13.695214682988164,12.5589310847505,13.047333717346191,865800,0.0,0.0
2026-06-25 00:00:00-04:00,15.260098286426608,18.409797331610914,14.96107593037919,17.941329956054688,3557000,0.0,0.0
2026-06-26 00:00:00-04:00,17.193773357803675,19.286928755501744,16.04752218084308,19.09754753112793,3066400,0.0,0.0
2026-06-29 00:00:00-04:00,19.815200622044294,20.31357088005592,18.011100820359076,19.356700897216797,1345500,0.0,0.0
2026-06-30 00:00:00-04:00,19.446407676025814,20.243799327582995,18.61911312461087,18.908166885375977,1063000,0.0,0.0
2026-07-01 00:00:00-04:00,18.60914551443604,18.73872094505063,17.831687227353505,18.349992752075195,702900,0.0,0.0
2026-07-02 00:00:00-04:00,18.140677693433588,18.34999228396327,15.050781791655567,15.250129699707031,754400,0.0,0.0
2026-07-06 00:00:00-04:00,15.399640734691978,16.01761973864215,14.871368528996253,15.270064353942871,624900,0.0,0.0
2026-07-07 00:00:00-04:00,14.662052779493125,15.658793278573375,13.715149495480048,15.648825645446777,1193500,0.0,0.0
2026-07-08 00:00:00-04:00,15.409608906210346,15.54915292509881,14.58231432762458,15.469413757324219,517500,0.0,0.0
2026-07-09 00:00:00-04:00,15.798337394600425,16.32660864586471,15.38967298881325,15.59898853302002,484500,0.0,0.0
2026-07-10 00:00:00-04:00,15.46941373712791,15.788370407809852,14.931172929503346,15.74850082397461,691400,0.0,0.0
2026-07-13 00:00:00-04:00,15.479379815382533,16.087391182756427,15.309933853061546,15.768434524536133,716600,0.0,0.0
2026-07-14 00:00:00-04:00,16.246869977917886,17.512730915031863,15.65879386009635,17.36322021484375,1099100,0.0,0.0
2026-07-15 00:00:00-04:00,17.622372404415138,17.622372404415138,15.170390728011519,15.708630561828613,1052600,0.0,0.0
2026-07-16 00:00:00-04:00,15.309934278262519,15.718598696164339,14.761727744362565,15.289999961853027,629600,0.0,0.0
2026-07-17 00:00:00-04:00,14.680000305175781,15.350000381469727,14.0,14.989999771118164,497700,0.05,0.0
2026-07-20 00:00:00-04:00,15.130000114440918,15.510000228881836,14.869999885559082,15.119999885559082,438500,0.0,0.0
2026-07-21 00:00:00-04:00,15.670000076293945,16.559999465942383,15.449999809265137,16.530000686645508,484600,0.0,0.0
2026-07-22 00:00:00-04:00,16.239999771118164,16.899999618530273,16.1200008392334,16.43000030517578,474500,0.0,0.0
2026-07-23 00:00:00-04:00,16.06999969482422,16.670000076293945,14.890000343322754,16.030000686645508,519000,0.0,0.0
2026-07-24 00:00:00-04:00,16.260000228881836,16.260000228881836,15.0600004196167,15.3100004196167,378100,0.0,0.0
2026-07-27 00:00:00-04:00,15.369999885559082,15.90999984741211,14.680000305175781,15.279999732971191,357300,0.0,0.0
2026-07-28 00:00:00-04:00,14.829999923706055,14.960000038146973,13.899999618530273,14.8100004196167,542700,0.0,0.0
2026-07-29 00:00:00-04:00,14.789999961853027,14.789999961853027,12.75,12.920000076293945,621000,0.0,0.0
2026-07-30 00:00:00-04:00,13.180000305175781,14.220000267028809,13.180000305175781,13.710000038146973,555700,0.0,0.0
2026-07-31 00:00:00-04:00,14.369999885559082,14.84000015258789,13.5,13.989999771118164,492000,0.0,0.0
2026-08-03 00:00:00-04:00,13.699999809265137,14.359999656677246,13.5600004196167,14.069999694824219,329800,0.0,0.0
2026-08-04 00:00:00-04:00,14.779999732971191,15.170000076293945,14.550000190734863,15.100000381469727,302352,0.0,0.0
