Date,Open,High,Low,Close,Volume,Dividends,Stock Splits
2022-01-03 00:00:00-05:00,135.02583731644705,137.51363010814865,134.5664194119185,137.17556762695312,1049800,0.0,0.0
2022-01-04 00:00:00-05:00,139.33393555967046,144.06680896740815,139.03054047315723,142.1597900390625,1325800,0.0,0.0
2022-01-05 00:00:00-05:00,143.02664079993022,145.42775841260624,142.66257457419465,143.27801513671875,1396800,0.0,0.0
2022-01-06 00:00:00-05:00,145.39307697985743,150.5507016526139,145.39307697985743,149.03375244140625,1675000,0.0,0.0
2022-01-07 00:00:00-05:00,149.42383213017675,153.6972883148992,148.21894160008847,153.36788940429688,1698100,0.0,0.0
2022-01-10 00:00:00-05:00,155.543644760248,156.0290664061207,151.95497676197712,153.85333251953125,1798800,0.0,0.0
2022-01-11 00:00:00-05:00,154.35607135196554,155.32691449854713,152.52706370683686,154.46875,1106600,0.0,0.0
2022-01-12 00:00:00-05:00,154.72881120832986,156.4538038372112,154.45141987581263,155.62164306640625,1708300,0.0,0.0
2022-01-13 00:00:00-05:00,157.95338952610675,160.1724669536647,156.9565426779716,158.81155395507812,1871800,0.0,0.0
2022-01-14 00:00:00-05:00,156.895852711436,160.6925632140278,155.80365429949262,160.6578826904297,1681000,0.0,0.0
2022-01-18 00:00:00-05:00,161.02199090795003,162.03617824695374,157.28596373193915,158.1007843017578,1629200,0.0,0.0
2022-01-19 00:00:00-05:00,158.1787914679956,158.51685390537068,152.4750608571758,152.49240112304688,2490500,0.0,0.0
2022-01-20 00:00:00-05:00,154.9628238018673,157.06920920130494,143.70272487970956,144.1968231201172,3911200,0.0,0.0
2022-01-21 00:00:00-05:00,143.33002561192518,143.33002561192518,136.82881513469988,138.787841796875,2660900,0.0,0.0
2022-01-24 00:00:00-05:00,137.6696350885829,144.87297395471933,135.6585876953158,144.43955993652344,2590100,0.0,0.0
2022-01-25 00:00:00-05:00,142.30715269538453,144.27485597992643,139.33393897241095,142.6712188720703,1497000,0.0,0.0
2022-01-26 00:00:00-05:00,143.29532629196513,145.74845097756742,142.19445109202462,145.41905212402344,1782900,0.0,0.0
2022-01-27 00:00:00-05:00,147.44749142644628,150.55072493897006,145.1070445571777,146.37261962890625,1995800,0.0,0.0
2022-01-28 00:00:00-05:00,145.8611713506368,149.20712842049227,144.68228457921757,149.15512084960938,1722100,0.0,0.0
2022-01-31 00:00:00-05:00,147.30877062267317,147.71618089111072,144.5002427943105,146.82334899902344,1517700,0.0,0.0
2022-02-01 00:00:00-05:00,146.58926617923717,150.36863633893037,145.92180499511122,149.83120727539062,1108700,0.0,0.0
2022-02-02 00:00:00-05:00,149.0077532243505,152.99516799247388,148.23627670235354,152.40573120117188,1243900,0.0,0.0
2022-02-03 00:00:00-05:00,153.08184440427786,155.3269259597803,151.06213338821976,151.85093688964844,1707100,0.0,0.0
2022-02-04 00:00:00-05:00,152.03294281795874,156.8091597214323,151.95493148242102,155.64761352539062,1243800,0.0,0.0
2022-02-07 00:00:00-05:00,155.64763396091658,157.4072937472674,153.7146112194725,156.4451141357422,963100,0.0,0.0
2022-02-08 00:00:00-05:00,158.76821979375705,160.4411914863874,157.77135965683482,159.7477264404297,1130400,0.0,0.0
2022-02-09 00:00:00-05:00,159.38368955218291,160.08581824552766,158.0834473121377,158.6728973388672,913700,0.0,0.0
2022-02-10 00:00:00-05:00,159.03697323641182,162.0535317130082,157.676046593683,158.72491455078125,1451100,0.0,0.0
2022-02-11 00:00:00-05:00,157.07792665369044,161.66344150723685,156.83520261579602,158.02276611328125,1319900,0.0,0.0
2022-02-14 00:00:00-05:00,158.30881988632893,159.79976527412148,155.248917756286,156.38446044921875,952400,0.0,0.0
2022-02-15 00:00:00-05:00,158.50820019596986,159.99048219112134,157.19929441676462,159.43569946289062,789100,0.0,0.0
2022-02-16 00:00:00-05:00,157.85807754700576,161.81947538038096,157.85807754700576,161.3167266845703,1095800,0.0,0.0
2022-02-17 00:00:00-05:00,159.86908441246914,159.86908441246914,157.06057010977952,158.33480834960938,1517500,0.0,0.0
2022-02-18 00:00:00-05:00,157.4072880922991,159.68704988877332,157.2946094502466,158.0660858154297,1489600,0.0,0.0
2022-02-22 00:00:00-05:00,157.72806190231768,159.88645561155323,155.49164360433093,158.27415466308594,1351000,0.0,0.0
2022-02-23 00:00:00-05:00,160.28518639719442,160.75326774924065,155.79500998224643,156.73118591308594,1468700,0.0,0.0
2022-02-24 00:00:00-05:00,150.08262115598947,151.59090685635027,145.71381322219074,151.23550415039062,2090400,0.0,0.0
2022-02-25 00:00:00-05:00,152.63204050174417,160.2518691038606,152.44001650582484,159.7543487548828,1530100,1.2,0.0
2022-02-28 00:00:00-05:00,154.80536132401727,159.3004372330056,154.68316547362775,159.05604553222656,1386000,0.0,0.0
2022-03-01 00:00:00-05:00,156.9699564470882,157.63331666861188,146.95858173220518,148.25038146972656,1813500,0.0,0.0
2022-03-02 00:00:00-05:00,150.45866954576664,157.85155200672472,150.45866954576664,156.0709686279297,1345400,0.0,0.0
2022-03-03 00:00:00-05:00,155.7741904905227,157.96499208050258,154.499851036229,157.6769561767578,1209200,0.0,0.0
2022-03-04 00:00:00-05:00,153.2517217508694,154.12455305370952,150.58086009511445,153.81033325195312,1319100,0.0,0.0
2022-03-07 00:00:00-05:00,151.49732760592417,156.14950648361113,148.7479011565336,148.8090057373047,2863300,0.0,0.0
2022-03-08 00:00:00-05:00,152.6669571263524,152.85898111712262,145.7803172925706,146.74916076660156,3357500,0.0,0.0
2022-03-09 00:00:00-05:00,152.23051566124212,154.87519352914074,150.0309769776213,151.18312072753906,1263900,0.0,0.0
2022-03-10 00:00:00-05:00,149.48112564391442,153.12083158938043,148.75667386315945,151.785400390625,1078700,0.0,0.0
2022-03-11 00:00:00-05:00,152.45744963737724,155.67819943568182,150.23172704097288,150.3190155029297,1100900,0.0,0.0
2022-03-14 00:00:00-04:00,152.6843909960577,155.34652943996005,151.0522005336562,152.92005920410156,976600,0.0,0.0
2022-03-15 00:00:00-04:00,154.02853568459318,154.33403195723022,150.1269788320369,152.7541961669922,808800,0.0,0.0
2022-03-16 00:00:00-04:00,154.2903952628777,158.4188836531867,154.2903952628777,158.34033203125,1276000,0.0,0.0
2022-03-17 00:00:00-04:00,155.08467940413735,156.50739887227365,152.59711786272248,156.2979278564453,854300,0.0,0.0
2022-03-18 00:00:00-04:00,156.08841901090716,157.29293043617145,151.20929536429213,156.4899139404297,2443300,0.0,0.0
2022-03-21 00:00:00-04:00,157.52858678819013,159.85904472390487,156.05349978372664,157.61587524414062,1155300,0.0,0.0
2022-03-22 00:00:00-04:00,159.76305506830434,162.94889769867524,158.8727766213117,161.02867126464844,826300,0.0,0.0
2022-03-23 00:00:00-04:00,159.6321292960104,160.6446168852261,156.1146199278306,156.15826416015625,1024000,0.0,0.0
2022-03-24 00:00:00-04:00,157.77301885893618,158.11342261489918,155.58221656474893,156.83909606933594,809500,0.0,0.0
2022-03-25 00:00:00-04:00,158.0260933341385,160.84533441508472,156.9350543209483,160.2256317138672,882500,0.0,0.0
2022-03-28 00:00:00-04:00,157.07474502358218,157.51988424416496,153.792890427073,156.5772247314453,1141600,0.0,0.0
2022-03-29 00:00:00-04:00,159.02117173812408,160.16457886228096,157.00493312152972,158.8815155029297,1130600,0.0,0.0
2022-03-30 00:00:00-04:00,157.1096472381511,157.57224680066213,147.96237817253447,150.3539276123047,4229100,0.0,0.0
2022-03-31 00:00:00-04:00,150.02225867368745,151.69809328953414,147.00225630288006,147.94491577148438,3673700,0.0,0.0
2022-04-01 00:00:00-04:00,150.24920392521202,150.84273623144114,143.21418463212675,143.72042846679688,9479700,0.0,0.0
2022-04-04 00:00:00-04:00,144.01717394742283,145.75411314297034,141.44232410718428,144.5146942138672,2908400,0.0,0.0
2022-04-05 00:00:00-04:00,144.2441183392945,145.6319304446787,142.68175592870634,142.95233154296875,1736700,0.0,0.0
2022-04-06 00:00:00-04:00,141.65180875935113,143.5545882270733,141.3550492656906,141.85256958007812,1944700,0.0,0.0
2022-04-07 00:00:00-04:00,142.16679444070624,142.70794569154796,137.86372835761415,140.70916748046875,1762500,0.0,0.0
2022-04-08 00:00:00-04:00,141.60812912112007,143.6156300908944,140.52581371159383,142.33258056640625,1348900,0.0,0.0
2022-04-11 00:00:00-04:00,142.47223305931547,146.19050249538267,141.4422986360321,142.7340850830078,1646900,0.0,0.0
2022-04-12 00:00:00-04:00,142.46355399586784,143.83389248204386,138.8063879954403,140.07199096679688,1636400,0.0,0.0
2022-04-13 00:00:00-04:00,138.6842045967449,140.63935206546617,138.13431645777743,139.39993286132812,1403100,0.0,0.0
2022-04-14 00:00:00-04:00,139.12934095078066,140.7789920144434,138.29143013787225,139.2689971923828,1303300,0.0,0.0
2022-04-18 00:00:00-04:00,138.56195108003195,140.04576143580226,138.23027096675673,138.91981506347656,954000,0.0,0.0
2022-04-19 00:00:00-04:00,140.3425393623594,142.05329457647207,139.09439699176062,141.43357849121094,2305500,0.0,0.0
2022-04-20 00:00:00-04:00,143.14434863209982,158.83785336884685,140.79643005103972,153.9150848388672,4121300,0.0,0.0
2022-04-21 00:00:00-04:00,157.83412052972648,160.8541100382309,154.9537739382011,155.17198181152344,2361900,0.0,0.0
2022-04-22 00:00:00-04:00,155.04104420660371,155.13705619232383,150.3015628291116,150.48486328125,1316200,0.0,0.0
2022-04-25 00:00:00-04:00,149.02722482915016,152.41380130467488,146.64438572901986,151.87265014648438,1537900,0.0,0.0
2022-04-26 00:00:00-04:00,149.09704662249797,151.9599321742493,147.54339468100451,147.69178771972656,1274300,0.0,0.0
2022-04-27 00:00:00-04:00,148.1893183310591,150.82527296476502,146.81897991879632,149.47238159179688,1124200,0.0,0.0
2022-04-28 00:00:00-04:00,150.0658703511628,151.42749828795323,146.81895035552566,149.52471923828125,988000,0.0,0.0
2022-04-29 00:00:00-04:00,149.04466911974174,150.03969627652734,145.04710013732983,145.4486083984375,1088300,0.0,0.0
2022-05-02 00:00:00-04:00,146.8538708781518,147.97981743075468,143.63312114816466,146.83641052246094,1067500,0.0,0.0
2022-05-03 00:00:00-04:00,148.35513043442015,149.6032727443112,147.19426325958304,148.58206176757812,793900,0.0,0.0
2022-05-04 00:00:00-04:00,148.18931993270235,154.49116395733398,147.38631661090022,153.69688415527344,1451000,0.0,0.0
2022-05-05 00:00:00-04:00,151.706818071793,151.706818071793,147.34266122803464,150.2491912841797,1270500,0.0,0.0
2022-05-06 00:00:00-04:00,149.95245218359753,150.37140756836808,146.4174819963201,148.80030822753906,1235500,0.0,0.0
2022-05-09 00:00:00-04:00,146.6705887541352,148.93995581675844,145.76284992009636,146.661865234375,1315100,0.0,0.0
2022-05-10 00:00:00-04:00,147.28161190402696,148.25917905357107,140.9972136045188,144.74166870117188,1355500,0.0,0.0
2022-05-11 00:00:00-04:00,144.6456160141292,149.09706133807887,143.44984129651968,143.62440490722656,1226700,0.0,0.0
2022-05-12 00:00:00-04:00,143.50222727844405,145.544649751719,141.6169080792588,144.65435791015625,1265300,0.0,0.0
2022-05-13 00:00:00-04:00,146.43489624939033,148.15437480347288,145.06454485296675,145.39622497558594,1032600,0.0,0.0
2022-05-16 00:00:00-04:00,145.38752382118165,145.50971967699286,142.6380970879052,143.03086853027344,1039400,0.0,0.0
2022-05-17 00:00:00-04:00,146.15561419524482,149.02723693847656,145.30024315865137,149.02723693847656,1334000,0.0,0.0
2022-05-18 00:00:00-04:00,147.22919238077944,148.35515233145486,143.8513391654533,144.62815856933594,1046900,0.0,0.0
2022-05-19 00:00:00-04:00,142.2104139878157,144.91619666235974,140.84879913112655,142.17550659179688,1195100,0.0,0.0
2022-05-20 00:00:00-04:00,142.9523184833827,144.40122173138687,139.13804971784904,142.0358428955078,1143500,0.0,0.0
2022-05-23 00:00:00-04:00,144.30522039803918,148.3202369426803,144.30522039803918,146.8887939453125,1172400,0.0,0.0
2022-05-24 00:00:00-04:00,146.84516770605484,148.13695452083562,144.121924529963,147.56088256835938,830700,0.0,0.0
2022-05-25 00:00:00-04:00,147.3688436676013,152.16069262996,147.07208420152145,151.57589721679688,1075900,0.0,0.0
2022-05-26 00:00:00-04:00,153.0858847628925,156.16697825865134,153.0858847628925,155.14576721191406,887500,0.0,0.0
2022-05-27 00:00:00-04:00,155.3377928427531,157.98247070679673,155.3377928427531,157.8079071044922,971000,0.0,0.0
2022-05-31 00:00:00-04:00,155.07528176810754,159.14348349727945,154.75016724872526,158.13302612304688,2185700,1.2,0.0
2022-06-01 00:00:00-04:00,158.6074788557062,158.6074788557062,153.31793639681823,156.21751403808594,1487400,0.0,0.0
2022-06-02 00:00:00-04:00,155.68155292165642,158.58114441607512,154.5217243682915,158.4932861328125,980300,0.0,0.0
2022-06-03 00:00:00-04:00,157.71125842827934,158.19451244964375,156.05058556044386,156.3756866455078,779900,0.0,0.0
2022-06-06 00:00:00-04:00,157.2807283450837,159.73219301614998,156.1648222167372,156.279052734375,784500,0.0,0.0
2022-06-07 00:00:00-04:00,155.16314344006068,158.9501799839133,154.64473532916142,158.69537353515625,946900,0.0,0.0
2022-06-08 00:00:00-04:00,157.06105559272063,157.43009254803005,155.61126659633808,156.30540466308594,1129100,0.0,0.0
2022-06-09 00:00:00-04:00,156.3405284519956,156.5601942403499,150.3919885566431,150.56771850585938,987300,0.0,0.0
2022-06-10 00:00:00-04:00,146.4643831833863,148.4325803350413,145.62965575515136,145.71751403808594,1175000,0.0,0.0
2022-06-13 00:00:00-04:00,141.8162452521759,145.75266632278036,141.43842648469598,142.68612670898438,1078500,0.0,0.0
2022-06-14 00:00:00-04:00,143.60871502694198,146.66645919768314,143.24845989850132,144.8915557861328,979000,0.0,0.0
2022-06-15 00:00:00-04:00,146.42922760010526,147.69450484558996,143.7053795257833,145.4099884033203,882700,0.0,0.0
2022-06-16 00:00:00-04:00,142.9409352000845,142.9409352000845,139.891985969335,141.14846801757812,1097000,0.0,0.0
2022-06-17 00:00:00-04:00,143.92506636628224,145.67359793657883,142.00957319890475,142.6422119140625,3022500,0.0,0.0
2022-06-21 00:00:00-04:00,145.97233189654156,146.77190527478336,144.1271336847954,145.2078857421875,728800,0.0,0.0
2022-06-22 00:00:00-04:00,142.91455924004717,145.98988033510057,142.71247046499772,144.7333984375,875400,0.0,0.0
2022-06-23 00:00:00-04:00,144.10077835691212,144.2765083319774,137.79198242290596,140.26980590820312,1134000,0.0,0.0
2022-06-24 00:00:00-04:00,140.1467711188042,147.30787036162707,139.90074651168405,146.42042541503906,1598000,0.0,0.0
2022-06-27 00:00:00-04:00,146.71919401709675,147.23761555345152,143.4154248371536,144.46981811523438,947100,0.0,0.0
2022-06-28 00:00:00-04:00,146.60496874445926,147.72965663278538,143.14303339147466,143.32754516601562,757600,0.0,0.0
2022-06-29 00:00:00-04:00,144.41709292533216,144.41709292533216,142.16771714086426,142.63340759277344,624700,0.0,0.0
2022-06-30 00:00:00-04:00,139.39992472368456,141.8514027955609,137.2384205519129,140.05014038085938,1130700,0.0,0.0
2022-07-01 00:00:00-04:00,139.38237132005338,141.2363515224421,136.02587089188455,140.33132934570312,1077200,0.0,0.0
2022-07-05 00:00:00-04:00,137.40534739425607,139.3911212823795,135.12959965103522,139.38233947753906,895100,0.0,0.0
2022-07-06 00:00:00-04:00,138.03800743306294,138.96059315642023,135.75347752918367,138.0028533935547,1588500,0.0,0.0
2022-07-07 00:00:00-04:00,139.82166241106762,141.3768864338607,139.3735356525215,139.5756378173828,778700,0.0,0.0
2022-07-08 00:00:00-04:00,140.8233466098883,140.8936412706714,137.74802558913942,139.63714599609375,862800,0.0,0.0
2022-07-11 00:00:00-04:00,138.1697815019133,139.99740247819568,137.66893706667136,139.43505859375,1084300,0.0,0.0
2022-07-12 00:00:00-04:00,136.77270173495478,140.48944290398805,136.77270173495478,138.73211669921875,757700,0.0,0.0
2022-07-13 00:00:00-04:00,137.56348957411467,138.4597296692112,134.04883725629944,135.4283447265625,1004400,0.0,0.0
2022-07-14 00:00:00-04:00,132.2388106272591,132.74843688839073,130.74508587971417,132.30032348632812,679800,0.0,0.0
2022-07-15 00:00:00-04:00,134.40034104751211,137.95891660139193,133.45138309736495,137.25599670410156,803200,0.0,0.0
2022-07-18 00:00:00-04:00,139.5229107259847,142.2907075944265,138.011622496495,138.8024139404297,882500,0.0,0.0
2022-07-19 00:00:00-04:00,141.70205089686525,145.44515217072757,140.8936821741816,144.7246551513672,1392400,0.0,0.0
2022-07-20 00:00:00-04:00,140.42793246329708,149.60116327177855,139.7689351881073,145.45387268066406,2437700,0.0,0.0
2022-07-21 00:00:00-04:00,145.48027775467926,148.88948197777793,143.6614384289561,148.68739318847656,1547800,0.0,0.0
2022-07-22 00:00:00-04:00,148.4940944894334,149.72421771990193,147.00915139936504,148.45895385742188,1216400,0.0,0.0
2022-07-25 00:00:00-04:00,150.40075673982938,152.3074540011759,149.2321332427458,151.51666259765625,1081500,0.0,0.0
2022-07-26 00:00:00-04:00,151.10368820702845,151.66603203176342,148.82795408875216,149.19699096679688,786700,0.0,0.0
2022-07-27 00:00:00-04:00,150.09324766332713,153.19492755042972,149.49574974177062,151.99114990234375,799300,0.0,0.0
2022-07-28 00:00:00-04:00,151.8506086588359,152.96650147531008,150.34808841056233,152.790771484375,758000,0.0,0.0
2022-07-29 00:00:00-04:00,153.76608546830983,156.47237018143272,152.40415460126565,155.91880798339844,1750300,0.0,0.0
2022-08-01 00:00:00-04:00,155.20711402308186,155.83097098287075,153.42342826054946,154.72384643554688,1154600,0.0,0.0
2022-08-02 00:00:00-04:00,154.64473366780175,154.73260535668427,152.3602038302288,152.720458984375,958900,0.0,0.0
2022-08-03 00:00:00-04:00,153.98573883238748,155.88365472277593,153.2388696862426,155.0928497314453,743700,0.0,0.0
2022-08-04 00:00:00-04:00,154.40750116521738,155.10165269475868,153.67820900217419,154.15269470214844,714000,0.0,0.0
2022-08-05 00:00:00-04:00,153.97693346984624,157.28948385414105,153.85392116654796,157.07861328125,736900,0.0,0.0
2022-08-08 00:00:00-04:00,157.28075338549607,158.12427617439084,156.55146113242554,157.5092010498047,713100,0.0,0.0
2022-08-09 00:00:00-04:00,158.1593907407679,158.68659407283886,156.806255185881,158.08909606933594,654200,0.0,0.0
2022-08-10 00:00:00-04:00,159.91670973560568,162.73722463621473,159.63553106318614,162.39454650878906,1217600,0.0,0.0
2022-08-11 00:00:00-04:00,163.5455681461805,165.56648256332232,163.36982479918123,164.19577026367188,1085800,0.0,0.0
2022-08-12 00:00:00-04:00,164.74933689945146,166.84055943950915,163.93218662395117,166.787841796875,631300,0.0,0.0
2022-08-15 00:00:00-04:00,165.01295769414602,167.81589555013167,164.88115016490946,167.16567993164062,779000,0.0,0.0
2022-08-16 00:00:00-04:00,166.93722116710495,169.9510294168186,166.06733979866146,168.18492126464844,770600,0.0,0.0
2022-08-17 00:00:00-04:00,165.8389095460972,167.9828366516114,165.17991209701597,167.5786590576172,888900,0.0,0.0
2022-08-18 00:00:00-04:00,167.49954937042105,168.41335308606696,166.45393814669066,167.98280334472656,708600,0.0,0.0
2022-08-19 00:00:00-04:00,166.8493729612225,167.1569104781633,165.35564803751984,165.90921020507812,802900,0.0,0.0
2022-08-22 00:00:00-04:00,163.32593558252827,163.49288375172594,161.4807373224898,161.7443389892578,729300,0.0,0.0
2022-08-23 00:00:00-04:00,162.17488015724632,163.49287501330411,161.46315167281205,161.93763732910156,687200,0.0,0.0
2022-08-24 00:00:00-04:00,161.48072905146168,162.78114689161558,160.8568856596462,161.9727783203125,526000,0.0,0.0
2022-08-25 00:00:00-04:00,162.57027665741762,165.03053641449532,162.1309450367729,164.95144653320312,551400,0.0,0.0
2022-08-26 00:00:00-04:00,165.557701678907,166.04096907117057,161.55100004002207,161.69158935546875,625300,0.0,0.0
2022-08-29 00:00:00-04:00,160.6108401339689,162.3154488840139,158.9150265966031,161.28741455078125,698700,0.0,0.0
2022-08-30 00:00:00-04:00,162.02548080539657,162.42967175688804,159.9430534134287,160.60205078125,661000,0.0,0.0
2022-08-31 00:00:00-04:00,161.31845782048978,162.3886722932498,160.3632287486543,160.7789306640625,801400,1.2,0.0
2022-09-01 00:00:00-04:00,160.76124897999944,160.76124897999944,158.2405177870714,159.92100524902344,686300,0.0,0.0
2022-09-02 00:00:00-04:00,161.9199427456993,164.04266552256877,159.1073208956079,159.8679656982422,747000,0.0,0.0
2022-09-06 00:00:00-04:00,160.83202807294256,161.1681310052523,156.8784459331897,158.33782958984375,657100,0.0,0.0
2022-09-07 00:00:00-04:00,157.64795070715695,162.05260789286962,157.32954094096434,161.68997192382812,611700,0.0,0.0
2022-09-08 00:00:00-04:00,160.73474619543407,166.30691047960073,159.9741013757422,166.19192504882812,801200,0.0,0.0
2022-09-09 00:00:00-04:00,167.01449469157075,167.8016725600057,165.68778950908867,165.93544006347656,843800,0.0,0.0
2022-09-12 00:00:00-04:00,166.64301636815102,169.2433606462834,165.70548021256704,168.53578186035156,834500,0.0,0.0
2022-09-13 00:00:00-04:00,165.39591380963014,166.83760443587042,164.30801933188542,164.75909423828125,1000100,0.0,0.0
2022-09-14 00:00:00-04:00,165.22785876492625,165.98850359786863,157.36492004232178,162.0791473388672,1849300,0.0,0.0
2022-09-15 00:00:00-04:00,162.19411690843768,166.63414670057824,161.71649553896185,164.9536590576172,1431800,0.0,0.0
2022-09-16 00:00:00-04:00,162.99896723585937,162.99896723585937,159.93870865227478,161.725341796875,2869600,0.0,0.0
2022-09-19 00:00:00-04:00,160.3101668356249,165.86463663996477,160.3101668356249,165.65235900878906,1128500,0.0,0.0
2022-09-20 00:00:00-04:00,164.67946758651024,167.20019892966437,163.9276627058143,165.55508422851562,880800,0.0,0.0
2022-09-21 00:00:00-04:00,166.9171776118812,168.90723508961256,164.11340936276815,164.19300842285156,1303200,0.0,0.0
2022-09-22 00:00:00-04:00,164.91830866943008,165.50204870642392,160.66399594842738,162.03492736816406,877000,0.0,0.0
2022-09-23 00:00:00-04:00,160.0448370779863,160.4959253964403,155.67555330217138,158.2405242919922,998200,0.0,0.0
2022-09-26 00:00:00-04:00,157.311830757203,159.29304836558373,155.08296263476734,156.65731811523438,791700,0.0,0.0
2022-09-27 00:00:00-04:00,157.60369071809015,159.72641304035514,154.88836169738627,156.81651306152344,919200,0.0,0.0
2022-09-28 00:00:00-04:00,157.09072662229187,159.76182996069062,156.3566148589331,158.4528045654297,913700,0.0,0.0
2022-09-29 00:00:00-04:00,156.1089706565905,157.24109129045863,153.49093325580634,154.6407470703125,1016800,0.0,0.0
2022-09-30 00:00:00-04:00,155.34832140536707,158.629711278999,153.9331639054625,155.94976806640625,952600,0.0,0.0
2022-10-03 00:00:00-04:00,158.16974410827655,160.938139043707,154.49034631155254,160.1067352294922,832700,0.0,0.0
2022-10-04 00:00:00-04:00,161.17697204369807,165.7585338811064,161.17697204369807,165.68777465820312,1256400,0.0,0.0
2022-10-05 00:00:00-04:00,163.80384129046985,165.54624827003514,163.02551686775897,164.34336853027344,1031600,0.0,0.0
2022-10-06 00:00:00-04:00,162.74249046874758,164.21071400222,161.88455343388372,162.83978271484375,688500,0.0,0.0
2022-10-07 00:00:00-04:00,162.20295808626452,162.20295808626452,158.50587984291886,161.026611328125,734000,0.0,0.0
2022-10-10 00:00:00-04:00,162.14988184289993,163.15817707273808,159.0365437576692,160.3367156982422,538200,0.0,0.0
2022-10-11 00:00:00-04:00,160.11559309122697,160.88507762480847,157.30298514369434,158.39971923828125,838800,0.0,0.0
2022-10-12 00:00:00-04:00,158.83311147698709,159.98292508393052,156.9934124050656,158.16091918945312,679200,0.0,0.0
2022-10-13 00:00:00-04:00,156.4096877639849,166.74914529443498,155.11836898793985,165.60818481445312,1418400,0.0,0.0
2022-10-14 00:00:00-04:00,166.98795664323524,169.6590601091279,163.2908646280669,164.1222686767578,955500,0.0,0.0
2022-10-17 00:00:00-04:00,167.83703996137365,168.62421780417571,165.55510550229806,166.19192504882812,960000,0.0,0.0
2022-10-18 00:00:00-04:00,169.03990824785745,170.31354725367024,165.03326008137063,167.48324584960938,1328100,0.0,0.0
2022-10-19 00:00:00-04:00,150.95251306845182,154.7203509038289,143.09841412017764,144.22169494628906,5949200,0.0,0.0
2022-10-20 00:00:00-04:00,143.4433339867648,147.93644307675044,142.09894934259836,142.75344848632812,2931600,0.0,0.0
2022-10-21 00:00:00-04:00,142.56775517090324,146.07024964137557,140.98454593881073,143.08074951171875,2110100,0.0,0.0
2022-10-24 00:00:00-04:00,143.4256427075288,145.49529904149475,141.75399513071943,144.29241943359375,2116000,0.0,0.0
2022-10-25 00:00:00-04:00,142.6473304856916,145.6722164774977,142.50581203677922,144.61085510253906,2204000,0.0,0.0
2022-10-26 00:00:00-04:00,144.8142802713552,146.6716728101795,144.575483070376,145.93756103515625,2089500,0.0,0.0
2022-10-27 00:00:00-04:00,147.12272931433483,148.90052256417064,147.12272931433483,147.76840209960938,1713000,0.0,0.0
2022-10-28 00:00:00-04:00,148.84744482410863,149.25430694718597,147.29078254056108,148.75015258789062,1390000,0.0,0.0
2022-10-31 00:00:00-04:00,148.16642147148306,149.97958771096427,147.46768259822832,148.918212890625,1449500,0.0,0.0
2022-11-01 00:00:00-04:00,150.1122345215296,150.91710538035295,148.57325201634484,148.6793975830078,1240300,0.0,0.0
2022-11-02 00:00:00-04:00,147.27307468858032,148.7236047502518,144.64619806836743,144.79656982421875,1817000,0.0,0.0
2022-11-03 00:00:00-04:00,143.5848554849792,146.36209072432953,143.34605830384632,145.22113037109375,2153900,0.0,0.0
2022-11-04 00:00:00-04:00,147.3438377942161,148.51134454337512,145.79601546509568,147.7241668701172,1422500,0.0,0.0
2022-11-07 00:00:00-05:00,149.04202095633082,149.6346141816104,147.08734999615993,149.44888305664062,1019600,0.0,0.0
2022-11-08 00:00:00-05:00,149.2454850552745,151.98733418545524,148.75017047754176,150.78445434570312,980500,0.0,0.0
2022-11-09 00:00:00-05:00,149.62580124344547,150.60756356833892,146.67167442653806,146.7689666748047,991200,0.0,0.0
2022-11-10 00:00:00-05:00,150.2095443561358,151.64238146258518,147.75955863426776,150.5279541015625,1332500,0.0,0.0
2022-11-11 00:00:00-05:00,151.518543301605,151.76619380519446,144.92040510520906,146.9989013671875,2264100,0.0,0.0
2022-11-14 00:00:00-05:00,147.0785017541109,149.85573685173736,146.14096576833018,146.68934631347656,1337600,0.0,0.0
2022-11-15 00:00:00-05:00,148.1575628830949,150.2891387939453,147.60035596770012,150.2891387939453,1538500,0.0,0.0
2022-11-16 00:00:00-05:00,150.48371159450414,151.38587469144085,148.84743684472033,149.20123291015625,1155400,0.0,0.0
2022-11-17 00:00:00-05:00,147.308481042823,149.0774210409453,147.308481042823,148.49366760253906,946400,0.0,0.0
2022-11-18 00:00:00-05:00,150.64295418881827,151.58933017967937,149.1305043768047,150.89944458007812,1407400,0.0,0.0
2022-11-21 00:00:00-05:00,151.0320826026203,151.6865952189549,148.9801193528243,149.9353485107422,1110600,0.0,0.0
2022-11-22 00:00:00-05:00,151.48317724526268,152.35879388801314,150.67830632448045,151.8369598388672,654600,0.0,0.0
2022-11-23 00:00:00-05:00,151.66889699523608,152.19074450113987,151.22666203846532,152.0138397216797,671800,0.0,0.0
2022-11-25 00:00:00-05:00,152.61529094395485,152.65066380336378,151.50085018143918,152.25265502929688,316500,0.0,0.0
2022-11-28 00:00:00-05:00,151.25320008836223,152.11113701271609,149.40466114658548,149.9353485107422,683900,0.0,0.0
2022-11-29 00:00:00-05:00,150.20072073615555,151.7043172257479,149.8734576178268,151.1736297607422,885500,0.0,0.0
2022-11-30 00:00:00-05:00,149.43669836711857,151.44082641601562,147.02283149246944,151.44082641601562,1662500,1.2,0.0
2022-12-01 00:00:00-05:00,152.02871537856174,152.5542526937177,149.01807849911648,149.92662048339844,1205000,0.0,0.0
2022-12-02 00:00:00-05:00,148.87552906444097,151.2092203450555,148.52814743418642,150.62135314941406,1094600,0.0,0.0
2022-12-05 00:00:00-05:00,149.64156005725522,150.4521217694925,143.01457450867298,143.6826171875,1607400,0.0,0.0
2022-12-06 00:00:00-05:00,143.64699396078453,144.61787939030137,141.55378813442886,142.82752990722656,1205600,0.0,0.0
2022-12-07 00:00:00-05:00,132.50406559143158,133.16320608635627,128.92336575536152,131.80039978027344,4485000,0.0,0.0
2022-12-08 00:00:00-05:00,132.38825410752705,134.1162600803763,131.8805351274912,133.71542358398438,2359100,0.0,0.0
2022-12-09 00:00:00-05:00,133.3947717107028,135.93333960264556,133.3947717107028,134.83775329589844,1496100,0.0,0.0
2022-12-12 00:00:00-05:00,134.44581389661886,136.0402030600683,132.77124928477937,134.98023986816406,1608200,0.0,0.0
2022-12-13 00:00:00-05:00,136.7349870752326,136.7349870752326,129.14603111566691,130.17926025390625,1967600,0.0,0.0
2022-12-14 00:00:00-05:00,130.77606919791003,131.45301436381325,127.30223837295821,128.07716369628906,1497000,0.0,0.0
2022-12-15 00:00:00-05:00,126.42930927125929,126.66980844753354,123.83730034742402,125.6009292602539,2030100,0.0,0.0
2022-12-16 00:00:00-05:00,124.58551990482849,125.47624360722403,123.30287559876048,124.74585723876953,2420800,0.0,0.0
2022-12-19 00:00:00-05:00,125.22682456804404,126.26006718044255,124.30047802713159,125.28026580810547,1212400,0.0,0.0
2022-12-20 00:00:00-05:00,125.66331627587823,126.48278054705006,124.9507345122694,124.97745513916016,998000,0.0,0.0
2022-12-21 00:00:00-05:00,125.89487083785376,127.39129355901807,125.75235179938791,127.38237762451172,1108700,0.0,0.0
2022-12-22 00:00:00-05:00,127.0973108955807,129.03908118167791,126.44708668682034,128.94110107421875,1338100,0.0,0.0
2022-12-23 00:00:00-05:00,129.0124020071261,129.68936063658794,128.3354569690277,128.76300048828125,1060500,0.0,0.0
2022-12-27 00:00:00-05:00,128.9055501374743,130.35743428875537,127.97028742401943,129.9209747314453,561800,0.0,0.0
2022-12-28 00:00:00-05:00,130.19707606450754,130.3128744898228,127.8544684838343,127.8812026977539,611800,0.0,0.0
2022-12-29 00:00:00-05:00,127.92573359734787,130.0812833229551,127.23988613331265,129.57357788085938,666200,0.0,0.0
2022-12-30 00:00:00-05:00,128.647213759374,130.29505799342712,128.36218925109858,129.2083740234375,782000,0.0,0.0
2023-01-03 00:00:00-05:00,129.15492496700787,130.92746986461847,128.3532791451375,129.12820434570312,874400,0.0,0.0
2023-01-04 00:00:00-05:00,130.58006766667418,131.94287350441365,129.65370763587086,130.57115173339844,1071000,0.0,0.0
2023-01-05 00:00:00-05:00,130.20599034905274,130.93639034284797,129.2262023856604,130.2594451904297,1175800,0.0,0.0
2023-01-06 00:00:00-05:00,131.37283513457308,134.25877104239908,130.6424352227043,133.7777862548828,1269400,0.0,0.0
2023-01-09 00:00:00-05:00,133.7777721624757,133.81339512427965,132.00522740490814,132.31698608398438,1148600,0.0,0.0
2023-01-10 00:00:00-05:00,132.91377123715858,133.46601549731065,131.25702486533947,131.82708740234375,1400500,0.0,0.0
2023-01-11 00:00:00-05:00,132.521867771501,133.25226771156943,130.8562188422999,133.0295867919922,1062900,0.0,0.0
2023-01-12 00:00:00-05:00,133.88467079284194,134.4903699474905,132.88706464561423,133.2878875732422,1052100,0.0,0.0
2023-01-13 00:00:00-05:00,131.53315316824938,133.27897741489792,128.60267848691075,133.2077178955078,1413300,0.0,0.0
2023-01-17 00:00:00-05:00,133.05632456245084,134.83777214864998,131.15907853391147,134.0895538330078,1112600,0.0,0.0
2023-01-18 00:00:00-05:00,132.73565470542704,133.1186593873623,129.71610178947574,129.86752319335938,1264700,0.0,0.0
2023-01-19 00:00:00-05:00,131.9785019134486,138.48968864960648,123.83728950984033,137.00218200683594,3522100,0.0,0.0
2023-01-20 00:00:00-05:00,138.40063447595696,140.15536101924258,136.8062316535255,136.8953094482422,2094400,0.0,0.0
2023-01-23 00:00:00-05:00,137.67023141915126,139.59419757291676,137.09126654102283,137.84837341308594,1182500,0.0,0.0
2023-01-24 00:00:00-05:00,138.00872802734375,139.6654746022754,136.3965203543215,138.00872802734375,981400,0.0,0.0
2023-01-25 00:00:00-05:00,137.35847992705763,138.92614842854158,136.73496259029616,138.85488891601562,1010400,0.0,0.0
2023-01-26 00:00:00-05:00,139.6832967484747,140.7343441875391,137.71479139704334,138.07107543945312,892000,0.0,0.0
2023-01-27 00:00:00-05:00,137.91075417933823,139.14885959733343,137.34959389064855,138.0443572998047,849100,0.0,0.0
2023-01-30 00:00:00-05:00,137.10016768999404,137.96417062398527,136.49448219761734,136.7171630859375,1143500,0.0,0.0
2023-01-31 00:00:00-05:00,136.98436069104503,138.95286560058594,136.1470920201958,138.95286560058594,1384600,0.0,0.0
2023-02-01 00:00:00-05:00,137.1447357928927,139.71002452189254,136.8686136071895,137.52774047851562,2280200,0.0,0.0
2023-02-02 00:00:00-05:00,138.48970475859662,140.07519171633663,137.2159765046871,138.970703125,1713700,0.0,0.0
2023-02-03 00:00:00-05:00,138.48081152070503,142.1951276327609,138.48081152070503,141.64288330078125,2265700,0.0,0.0
2023-02-06 00:00:00-05:00,141.18860031084148,141.62505979050837,139.8525148411197,140.5383758544922,1347000,0.0,0.0
2023-02-07 00:00:00-05:00,139.87924764488136,143.09476083236268,139.55858656056813,142.60487365722656,1186100,0.0,0.0
2023-02-08 00:00:00-05:00,141.48256070249548,143.34417012431,141.28660038531856,141.527099609375,1053500,0.0,0.0
2023-02-09 00:00:00-05:00,141.72303341160398,143.0413005421328,140.40476628107513,140.54727172851562,1602100,0.0,0.0
2023-02-10 00:00:00-05:00,139.90597484426087,141.87446656452906,139.80799469587433,141.64288330078125,841300,0.0,0.0
2023-02-13 00:00:00-05:00,141.30437579957623,143.86966383431704,140.6007102132655,143.70042419433594,1185800,0.0,0.0
2023-02-14 00:00:00-05:00,143.40648771202896,144.28830889581948,142.8542434750447,143.06800842285156,1068200,0.0,0.0
2023-02-15 00:00:00-05:00,141.990259754316,143.20164445724322,141.8299224304323,142.73846435546875,743900,0.0,0.0
2023-02-16 00:00:00-05:00,141.95463648534084,143.70046097615077,141.6339753989213,142.2307586669922,851600,0.0,0.0
2023-02-17 00:00:00-05:00,142.3198335258115,143.16601833340192,141.81212807780332,142.4445343017578,1298900,0.0,0.0
2023-02-21 00:00:00-05:00,141.75865680983298,142.30199875449472,138.27593783117425,138.46298217773438,1825700,0.0,0.0
2023-02-22 00:00:00-05:00,138.95291495817537,138.95291495817537,136.49452212488433,137.349609375,1671400,0.0,0.0
2023-02-23 00:00:00-05:00,138.67674704257797,139.50511339255797,136.93983889635996,137.812744140625,995700,0.0,0.0
2023-02-24 00:00:00-05:00,137.11799295386504,139.0686798095703,136.91313033175274,139.0686798095703,1046600,0.0,0.0
2023-02-27 00:00:00-05:00,140.49379506495197,141.3221748767032,137.59004173608332,138.12448120117188,1008900,0.0,0.0
2023-02-28 00:00:00-05:00,138.4986359635763,139.47842389968096,137.49211381184486,138.3204803466797,1197500,0.0,0.0
2023-03-01 00:00:00-05:00,137.49209390551687,138.14231832067986,136.53901314029684,137.33175659179688,1398500,0.0,0.0
2023-03-02 00:00:00-05:00,136.72607268313874,136.77951392455307,133.00285455672926,134.7843017578125,1731800,0.0,0.0
2023-03-03 00:00:00-05:00,135.18858704085898,137.62335751160185,134.56865978391934,137.04835510253906,1250900,1.3,0.0
2023-03-06 00:00:00-05:00,136.5092922545053,138.17140188220736,136.30265441401937,136.67100524902344,1391500,0.0,0.0
2023-03-07 00:00:00-05:00,135.07180920108283,135.6468117124113,129.17803003268048,129.5553741455078,1586500,0.0,0.0
2023-03-08 00:00:00-05:00,129.6541849869162,130.01357007382416,125.96158718741519,126.1233139038086,2294200,0.0,0.0
2023-03-09 00:00:00-05:00,124.89245595664043,125.34167709501871,119.29516441100651,120.06782531738281,2648000,0.0,0.0
2023-03-10 00:00:00-05:00,115.64747743993205,123.37408560033997,111.82909821014178,118.34280395507812,4544900,0.0,0.0
2023-03-13 00:00:00-04:00,111.85605407548677,118.04632029483284,108.17244242062168,114.20098876953125,7864400,0.0,0.0
2023-03-14 00:00:00-04:00,121.42445511372158,121.89164888576671,112.05370975899471,114.48848724365234,4248600,0.0,0.0
2023-03-15 00:00:00-04:00,110.28377056298689,113.1498031279027,108.90016887146096,112.20643615722656,3629900,0.0,0.0
2023-03-16 00:00:00-04:00,111.71230064345433,117.1029538813656,109.0439330485271,114.60528564453125,2999300,0.0,0.0
2023-03-17 00:00:00-04:00,114.02130712320154,114.02130712320154,108.73846240424531,110.05917358398438,6635000,0.0,0.0
2023-03-20 00:00:00-04:00,112.3681698332963,112.55684187972182,108.81033941233616,109.34940338134766,3044300,0.0,0.0
2023-03-21 00:00:00-04:00,113.76076189714014,116.59983588605051,113.23966373909813,114.5963134765625,2805500,0.0,0.0
2023-03-22 00:00:00-04:00,114.61427519726915,114.82091992652325,105.63883922394237,105.7107162475586,2660600,0.0,0.0
2023-03-23 00:00:00-04:00,106.47437297901831,106.97749835110724,100.91301430205452,100.95793914794922,2990200,0.0,0.0
2023-03-24 00:00:00-04:00,99.51146265856686,103.90484458596067,98.82864464898512,103.25796508789062,3069300,0.0,0.0
2023-03-27 00:00:00-04:00,107.87595867756568,109.51112326798004,104.53375247297649,105.95329284667969,2421200,0.0,0.0
2023-03-28 00:00:00-04:00,106.6091461103113,108.77438807262054,105.65679279431342,107.16617584228516,1757900,0.0,0.0
2023-03-29 00:00:00-04:00,108.26228072269564,110.14002155458046,108.01970435451439,109.96932220458984,1567900,0.0,0.0
2023-03-30 00:00:00-04:00,111.33495071313203,111.44276623987159,106.50133436470811,107.44469451904297,2210100,0.0,0.0
2023-03-31 00:00:00-04:00,108.68454767224833,109.1068165782751,105.77359703383024,107.42672729492188,2082600,0.0,0.0
2023-04-03 00:00:00-04:00,108.40602908813617,108.97204515399612,105.4591331876056,106.68101501464844,1728000,0.0,0.0
2023-04-04 00:00:00-04:00,108.01971636745793,108.1005728809872,103.54547087876783,105.27946472167969,1505300,0.0,0.0
2023-04-05 00:00:00-04:00,103.76108505464575,105.67477127769877,103.1142055907726,105.48609924316406,1392200,0.0,0.0
2023-04-06 00:00:00-04:00,105.81851669691568,106.62711601327267,104.67749816769006,105.62984466552734,1473500,0.0,0.0
2023-04-10 00:00:00-04:00,104.82124987185033,106.33063304265154,104.23726107069706,105.52203369140625,1131200,0.0,0.0
2023-04-11 00:00:00-04:00,105.50406405214991,106.6720416122641,104.89312310378662,106.18688201904297,1590000,0.0,0.0
2023-04-12 00:00:00-04:00,106.71695844452411,106.86969196630744,103.69819224488208,104.5247573852539,1242400,0.0,0.0
2023-04-13 00:00:00-04:00,104.30913684333774,105.04585916463888,103.03335057918183,104.71343994140625,1811000,0.0,0.0
2023-04-14 00:00:00-04:00,106.58219732787467,106.9146234145399,103.68023281661071,104.74937438964844,2757900,0.0,0.0
2023-04-17 00:00:00-04:00,104.21929208255143,113.0060554389871,102.76381329444308,112.89824676513672,5167200,0.0,0.0
2023-04-18 00:00:00-04:00,113.64396232202267,114.47951391840023,112.41310078270403,112.96115112304688,2029800,0.0,0.0
2023-04-19 00:00:00-04:00,113.37442700210366,116.68068782242786,112.20644936328505,116.44709777832031,1981200,0.0,0.0
2023-04-20 00:00:00-04:00,115.00060003315586,115.93497387640373,111.75722318698017,112.13456726074219,1328500,0.0,0.0
2023-04-21 00:00:00-04:00,111.39784331067948,111.64042653638342,109.29549191228436,111.48768615722656,1210100,0.0,0.0
2023-04-24 00:00:00-04:00,111.4247857324894,112.36815267513893,110.57126848309733,111.85604095458984,1161600,0.0,0.0
2023-04-25 00:00:00-04:00,110.10408825677956,111.12831175971586,107.08532208352425,107.8220443725586,1891500,0.0,0.0
2023-04-26 00:00:00-04:00,107.8040792579101,109.98729411047921,106.57321781257605,108.37908172607422,1287900,0.0,0.0
2023-04-27 00:00:00-04:00,109.42127326836425,111.94589358555749,108.72946895535505,111.48768615722656,1102000,0.0,0.0
2023-04-28 00:00:00-04:00,110.50839166666363,113.15879344041818,110.50839166666363,113.02403259277344,1419800,0.0,0.0
2023-05-01 00:00:00-04:00,112.36816055776414,113.2396505487704,109.28650367805183,109.33142852783203,1512000,0.0,0.0
2023-05-02 00:00:00-04:00,108.89118006320689,109.05289991581297,102.97044989890196,105.47710418701172,2988500,0.0,0.0
2023-05-03 00:00:00-04:00,105.99822129949888,109.3224549337421,102.62906281023731,103.15015411376953,2254800,0.0,0.0
2023-05-04 00:00:00-04:00,100.96693297008021,103.71617079046388,98.25364051517157,102.1349105834961,4063200,0.0,0.0
2023-05-05 00:00:00-04:00,106.69001839019906,109.10683026340591,105.49508853913193,106.53728485107422,2045800,0.0,0.0
2023-05-08 00:00:00-04:00,108.26227879236461,108.27126513312065,104.19233696022097,104.42593383789062,1145300,0.0,0.0
2023-05-09 00:00:00-04:00,103.63530560387397,105.4861011827801,102.20678580702887,104.87516021728516,1078100,0.0,0.0
2023-05-10 00:00:00-04:00,105.94429137785333,106.13296339735741,102.18880310472271,103.19506072998047,893000,0.0,0.0
2023-05-11 00:00:00-04:00,101.55090731927594,103.94974603046299,100.60754724696204,101.74856567382812,1477900,0.0,0.0
2023-05-12 00:00:00-04:00,102.70093757636009,102.90758232229041,99.23294973456852,100.1134262084961,1312400,0.0,0.0
2023-05-15 00:00:00-04:00,100.70639701482234,103.45563519304497,100.38296408372005,103.22203826904297,878800,0.0,0.0
2023-05-16 00:00:00-04:00,103.54545403578433,104.47084832002379,101.4700549379436,101.47903442382812,1106500,0.0,0.0
2023-05-17 00:00:00-04:00,103.50950959900214,107.8130479175944,103.19505624682296,107.79508209228516,1073400,0.0,0.0
2023-05-18 00:00:00-04:00,107.3907887077584,110.47244554539303,106.36656520879595,110.10408782958984,2266400,0.0,0.0
2023-05-19 00:00:00-04:00,110.50837834368674,110.5622826762459,107.2829744936049,109.2595443725586,1506500,0.0,0.0
2023-05-22 00:00:00-04:00,109.86152062680512,111.21817038549067,108.18143795433372,110.7509765625,1213100,0.0,0.0
2023-05-23 00:00:00-04:00,111.85604217106518,114.20097661554703,111.388855292064,111.39783477783203,1161000,0.0,0.0
2023-05-24 00:00:00-04:00,110.45448633139888,110.9216732596839,108.63064976097529,109.15174102783203,910700,0.0,0.0
2023-05-25 00:00:00-04:00,108.34315251201465,109.27753331660391,107.19314747700346,108.79237365722656,710100,0.0,0.0
2023-05-26 00:00:00-04:00,108.76540334497209,111.20916706407677,107.63337118313324,111.04744720458984,1008400,0.0,0.0
2023-05-30 00:00:00-04:00,110.87676014085434,112.79043964462065,108.45096197984391,112.51192474365234,1248600,0.0,0.0
2023-05-31 00:00:00-04:00,111.49509644896102,111.74022431312616,107.12826025992187,108.18138885498047,2113600,1.3,0.0
2023-06-01 00:00:00-04:00,108.99847732888955,110.44198903058182,107.2099787635127,110.12423706054688,1114000,0.0,0.0
2023-06-02 00:00:00-04:00,112.14877864300185,114.40029123313441,110.74158933483342,114.01898193359375,1176300,0.0,0.0
2023-06-05 00:00:00-04:00,114.44567007762122,114.44567007762122,109.9335716244574,110.84143829345703,1341700,0.0,0.0
2023-06-06 00:00:00-04:00,114.11883213981596,116.58823047125209,112.03982366116739,115.38984680175781,1726700,0.0,0.0
2023-06-07 00:00:00-04:00,115.78931374893848,118.83066565104002,114.40935255762348,117.99542999267578,1436900,0.0,0.0
2023-06-08 00:00:00-04:00,116.94232040648342,117.65045540294368,114.30951222507454,116.76074981689453,1119000,0.0,0.0
2023-06-09 00:00:00-04:00,116.6881218298529,116.9967932254359,114.79975717278018,115.22645568847656,903500,0.0,0.0
2023-06-12 00:00:00-04:00,114.41842837159915,117.70490108470923,112.45744008511254,113.80107879638672,1152500,0.0,0.0
2023-06-13 00:00:00-04:00,113.53780964542479,116.58824237494623,112.68441963968878,115.0267105102539,778900,0.0,0.0
2023-06-14 00:00:00-04:00,114.58185623164904,116.17970357499607,110.06068391070487,110.66895294189453,1494500,0.0,0.0
2023-06-15 00:00:00-04:00,110.51460486105542,113.61950698742997,110.09698012750965,113.2745132446289,1405200,0.0,0.0
2023-06-16 00:00:00-04:00,114.20962595433362,114.61816317128573,110.75972995561868,111.81285858154297,2641300,0.0,0.0
2023-06-20 00:00:00-04:00,111.2772278901669,111.44972479009913,109.733857177161,110.94131469726562,977700,0.0,0.0
2023-06-21 00:00:00-04:00,111.3226106021743,111.87640981023334,109.90633392471652,110.89591217041016,944900,0.0,0.0
2023-06-22 00:00:00-04:00,111.20458277145958,111.20458277145958,106.44736351824425,106.75603485107422,1197000,0.0,0.0
2023-06-23 00:00:00-04:00,105.33068587013483,106.7106470593805,104.68610137868076,105.19451141357422,2618700,0.0,0.0
2023-06-26 00:00:00-04:00,105.58490240790982,108.43560335732751,105.58490240790982,108.19047546386719,1399400,0.0,0.0
2023-06-27 00:00:00-04:00,108.0633721820318,111.49510719945526,106.9194582007329,110.59632110595703,1012300,0.0,0.0
2023-06-28 00:00:00-04:00,110.02437703871645,110.49646471561262,108.52639546977036,110.39659881591797,834100,0.0,0.0
2023-06-29 00:00:00-04:00,111.66759549012548,114.35487988375178,111.66759549012548,112.76611328125,1316200,0.0,0.0
2023-06-30 00:00:00-04:00,113.79200618047281,114.33673172885653,112.14876970854165,112.35758209228516,969100,0.0,0.0
2023-07-03 00:00:00-04:00,112.7570367991812,115.70760345458984,112.60270112879026,115.70760345458984,753900,0.0,0.0
2023-07-05 00:00:00-04:00,114.26411501764996,115.58051909571859,113.31993272260789,113.95543670654297,901600,0.0,0.0
2023-07-06 00:00:00-04:00,111.61312344195743,114.07344112811492,110.59631034347737,113.76476287841797,993500,0.0,0.0
2023-07-07 00:00:00-04:00,113.69214884160611,117.82293813267988,113.46518216869636,116.71533966064453,1133400,0.0,0.0
2023-07-10 00:00:00-04:00,116.16155016975921,118.26780772047616,115.85287879341371,117.54151153564453,908600,0.0,0.0
2023-07-11 00:00:00-04:00,118.56740238938275,119.56604749670346,117.14204495090472,119.33908081054688,959700,0.0,0.0
2023-07-12 00:00:00-04:00,120.50113486323791,122.80712387911719,118.94869067144924,119.3753890991211,1283000,0.0,0.0
2023-07-13 00:00:00-04:00,120.20152841996124,122.33502040229217,119.70221288842993,121.00952911376953,807400,0.0,0.0
2023-07-14 00:00:00-04:00,122.01728286954926,122.01728286954926,116.92414996435859,118.73988342285156,933900,0.0,0.0
2023-07-17 00:00:00-04:00,118.71264675453209,120.16523904078991,117.69584046591964,119.24829864501953,868800,0.0,0.0
2023-07-18 00:00:00-04:00,118.65820168224558,122.7163678547828,118.65820168224558,122.3441390991211,1300500,0.0,0.0
2023-07-19 00:00:00-04:00,124.95876380002662,128.23616292518818,123.5243328461914,125.37638854980469,2308700,0.0,0.0
2023-07-20 00:00:00-04:00,125.46714658811592,126.04818058963907,122.97960126266209,125.77581787109375,1527100,0.0,0.0
2023-07-21 00:00:00-04:00,126.85621465767038,126.94700687210222,123.85117798946573,125.15850830078125,1629300,0.0,0.0
2023-07-24 00:00:00-04:00,125.26745366230129,128.0092152000207,125.26745366230129,126.91069030761719,987900,0.0,0.0
2023-07-25 00:00:00-04:00,127.10134793537631,127.74593943805979,125.05864770070062,125.16758728027344,927900,0.0,0.0
2023-07-26 00:00:00-04:00,127.6006593417989,128.83535852940548,126.77449737262522,127.50079345703125,1005500,0.0,0.0
2023-07-27 00:00:00-04:00,127.8821193863249,129.12589248284425,124.86799492828472,125.4853515625,898200,0.0,0.0
2023-07-28 00:00:00-04:00,127.09227398474337,127.31015314342616,125.84848709115649,127.14674377441406,771700,0.0,0.0
2023-07-31 00:00:00-04:00,128.35421220384112,128.61748747969668,125.65784670828342,126.97425079345703,1781500,0.0,0.0
2023-08-01 00:00:00-04:00,125.69414537916414,126.2207097423257,123.8693382479079,125.92111206054688,1002800,0.0,0.0
2023-08-02 00:00:00-04:00,124.33234078795938,126.86529661810552,124.00550822448717,125.67597961425781,973100,0.0,0.0
2023-08-03 00:00:00-04:00,124.76808256222465,127.15577581585043,124.20520978268576,126.93789672851562,708200,0.0,0.0
2023-08-04 00:00:00-04:00,125.9483394335772,127.9547308724935,125.9483394335772,126.98330688476562,796100,0.0,0.0
2023-08-07 00:00:00-04:00,127.48262075803014,129.29835387895855,127.39184241375033,128.50851440429688,616500,0.0,0.0
2023-08-08 00:00:00-04:00,124.66825951321279,126.77450301346762,121.7358401540779,126.6383285522461,826900,0.0,0.0
2023-08-09 00:00:00-04:00,125.62151576479098,126.24794602879041,122.37135118917661,122.65280151367188,676800,0.0,0.0
2023-08-10 00:00:00-04:00,123.46987603448599,124.15984976644131,121.76308213871329,122.65280151367188,687500,0.0,0.0
2023-08-11 00:00:00-04:00,121.75400639231721,123.7331491928116,121.30914671238695,123.37908172607422,453000,0.0,0.0
2023-08-14 00:00:00-04:00,122.32597035729134,122.3350440376914,120.35590118059646,120.62825012207031,651600,0.0,0.0
2023-08-15 00:00:00-04:00,118.88513897634833,118.9668436528419,115.26275286253224,115.47156524658203,1195200,0.0,0.0
2023-08-16 00:00:00-04:00,115.38987558923027,117.17838132370308,114.2913575286749,116.4611587524414,923100,0.0,0.0
2023-08-17 00:00:00-04:00,117.33270229022358,117.6867697641793,116.17970765331253,116.87876892089844,546900,0.0,0.0
2023-08-18 00:00:00-04:00,115.74391547621629,116.79703717213756,115.19919687994854,115.91641235351562,529400,0.0,0.0
2023-08-21 00:00:00-04:00,116.48837364058014,116.7970449927602,115.07210381015732,116.56100463867188,535400,0.0,0.0
2023-08-22 00:00:00-04:00,116.07075013739787,116.73349584137416,114.07344627247726,114.11883544921875,760900,0.0,0.0
2023-08-23 00:00:00-04:00,113.87372347709945,115.47157085087437,112.984011039863,114.87237548828125,592600,0.0,0.0
2023-08-24 00:00:00-04:00,114.69988046277767,116.93323873566827,114.63633006811645,114.67264556884766,420400,0.0,0.0
2023-08-25 00:00:00-04:00,115.14473634010797,115.69853558659696,112.87506956809516,114.00990295410156,448100,0.0,0.0
2023-08-28 00:00:00-04:00,114.88144370757014,116.44296848635693,114.21869802281321,115.38984680175781,559000,0.0,0.0
2023-08-29 00:00:00-04:00,115.13566037290666,117.0785015803903,114.3639750246225,116.37944030761719,638200,0.0,0.0
2023-08-30 00:00:00-04:00,116.16154773322033,116.88784390281758,114.09161265428388,114.7815933227539,1192200,0.0,0.0
2023-08-31 00:00:00-04:00,115.2035413202056,115.73557625020061,113.80925036406163,114.70820617675781,967900,1.3,0.0
2023-09-01 00:00:00-04:00,115.38699965166245,117.76280682787535,115.17601787987441,115.35948181152344,1160000,0.0,0.0
2023-09-05 00:00:00-04:00,115.13933501385429,116.01994796477575,113.52489426684427,113.57075500488281,705200,0.0,0.0
2023-09-06 00:00:00-04:00,112.91030342835676,113.67166309509376,110.94728459977203,111.71781921386719,777100,0.0,0.0
2023-09-07 00:00:00-04:00,111.3050310807573,112.0021801160928,108.44306335394666,109.46126556396484,1219500,0.0,0.0
2023-09-08 00:00:00-04:00,109.80983291293538,111.78202663213108,108.07613882914882,111.7086410522461,837500,0.0,0.0
2023-09-11 00:00:00-04:00,112.69015381821168,116.96476949585988,112.69015381821168,115.7264175415039,1181200,0.0,0.0
2023-09-12 00:00:00-04:00,116.88220391057169,119.20296860579005,116.26761543366288,118.8910903930664,1401800,0.0,0.0
2023-09-13 00:00:00-04:00,119.75334551369156,120.07439165367941,114.86414186802143,115.7355728149414,829300,0.0,0.0
2023-09-14 00:00:00-04:00,117.43257618594858,118.94611334802266,117.04730543711223,118.2764892578125,993400,0.0,0.0
2023-09-15 00:00:00-04:00,116.96475452349219,118.6617556510055,116.69873707130829,118.60671997070312,2323300,0.0,0.0
2023-09-18 00:00:00-04:00,118.92778201779817,118.92778201779817,115.92821806659555,116.21258544921875,775200,0.0,0.0
2023-09-19 00:00:00-04:00,116.63453778510788,116.68957347076136,114.63482622463401,115.94656372070312,884600,0.0,0.0
2023-09-20 00:00:00-04:00,116.95558152380251,117.94626577633406,115.97407221761853,116.14836120605469,726200,0.0,0.0
2023-09-21 00:00:00-04:00,115.77226534419336,118.40491507025406,114.61646705001628,115.82730102539062,968600,0.0,0.0
2023-09-22 00:00:00-04:00,115.86399648547692,116.44189914511524,113.88263493389411,113.99270629882812,690800,0.0,0.0
2023-09-25 00:00:00-04:00,113.4147998633232,115.24022214221361,112.96532550286368,115.20352935791016,522700,0.0,0.0
2023-09-26 00:00:00-04:00,113.61662647970203,115.62551303023298,113.02038087811071,113.0754165649414,895200,0.0,0.0
2023-09-27 00:00:00-04:00,113.57993074430854,114.35046533213232,112.22232551739714,114.24038696289062,1049100,0.0,0.0
2023-09-28 00:00:00-04:00,114.20368239251442,117.38670984079408,114.19450744641554,116.0015869140625,954900,0.0,0.0
2023-09-29 00:00:00-04:00,116.07497690300092,117.47844977533678,115.55211693040137,115.99241638183594,1062000,0.0,0.0
2023-10-02 00:00:00-04:00,116.20341218770406,116.20341218770406,111.23165437458997,112.00218200683594,1084500,0.0,0.0
2023-10-03 00:00:00-04:00,111.34172810039982,111.45180647808624,109.3603662910865,110.67210388183594,798600,0.0,0.0
2023-10-04 00:00:00-04:00,110.77300044303169,112.387441225051,109.11268492511103,112.28654479980469,778800,0.0,0.0
2023-10-05 00:00:00-04:00,112.19480775728384,113.91015893745089,111.42428016732691,113.15797424316406,761100,0.0,0.0
2023-10-06 00:00:00-04:00,111.69030601617837,115.93739702320491,111.0481926446502,114.49723815917969,996900,0.0,0.0
2023-10-09 00:00:00-04:00,113.1854941451551,115.78145133183202,112.45165233318701,114.93753814697266,896900,0.0,0.0
2023-10-10 00:00:00-04:00,115.94655680890821,118.340699971758,115.76309287027645,116.43272399902344,1398000,0.0,0.0
2023-10-11 00:00:00-04:00,116.13003219064811,117.9371190305778,114.28625955560001,115.31363677978516,961300,0.0,0.0
2023-10-12 00:00:00-04:00,115.04758993063295,115.04758993063295,112.17644780216496,113.45149230957031,906400,0.0,0.0
2023-10-13 00:00:00-04:00,114.65316706323107,115.22189479903766,109.52547048778531,110.25013732910156,1214700,0.0,0.0
2023-10-16 00:00:00-04:00,111.71781670084142,112.6351154598613,110.8280357848427,112.515869140625,991500,0.0,0.0
2023-10-17 00:00:00-04:00,111.65361231785336,115.56130720958659,111.65361231785336,114.10279846191406,1385400,0.0,0.0
2023-10-18 00:00:00-04:00,114.1486521705871,117.14821583247412,110.70878205453454,111.29585266113281,1517400,0.0,0.0
2023-10-19 00:00:00-04:00,111.37840996093998,112.82774363193367,109.64471592354352,109.71810150146484,906400,0.0,0.0
2023-10-20 00:00:00-04:00,109.42456140592023,109.42456140592023,104.13174405342963,104.36106872558594,1381300,0.0,0.0
2023-10-23 00:00:00-04:00,104.2418332286431,105.26921038591068,102.2237787037055,102.29715728759766,1185500,0.0,0.0
2023-10-24 00:00:00-04:00,102.82001839674668,103.79235987672189,101.003770704871,101.93024444580078,1245000,0.0,0.0
2023-10-25 00:00:00-04:00,101.7926445019366,102.99430363786045,100.19654661933357,102.42558288574219,1008200,0.0,0.0
2023-10-26 00:00:00-04:00,102.3613477656594,104.31519826935451,102.08616238377579,103.70977783203125,1262200,0.0,0.0
2023-10-27 00:00:00-04:00,102.83836990394013,102.83836990394013,99.55443849234052,99.93053436279297,1031800,0.0,0.0
2023-10-30 00:00:00-04:00,101.60916622440229,103.44376348546058,100.73773532477287,102.77413940429688,1327400,0.0,0.0
2023-10-31 00:00:00-04:00,103.12272004174594,104.5995715353638,102.37053537406254,103.42543029785156,848200,0.0,0.0
2023-11-01 00:00:00-04:00,102.86588728890742,104.00333584595438,101.89355279646684,102.8567123413086,940400,0.0,0.0
2023-11-02 00:00:00-04:00,103.84739383750474,108.7365980048076,103.28784102294257,108.65403747558594,1328300,0.0,0.0
2023-11-03 00:00:00-04:00,111.30503269469799,113.69918311530128,111.30503269469799,112.41497039794922,1362600,0.0,0.0
2023-11-06 00:00:00-05:00,112.24984535616974,113.3139082176838,110.25930184208583,111.27750396728516,649500,0.0,0.0
2023-11-07 00:00:00-05:00,110.98396779809376,111.46096704140855,109.91072999828602,111.0665283203125,500700,0.0,0.0
2023-11-08 00:00:00-05:00,110.92894483621653,110.92894483621653,108.7182513555702,109.4704360961914,638300,0.0,0.0
2023-11-09 00:00:00-05:00,109.94741824546807,110.69042792258318,107.19552225800953,107.6449966430664,810400,0.0,0.0
2023-11-10 00:00:00-05:00,108.12200976964974,108.78245901288021,106.34244789610126,108.56230926513672,696800,0.0,0.0
2023-11-13 00:00:00-05:00,107.8926827702466,108.35133215067003,106.47086689156026,107.1955337524414,810000,0.0,0.0
2023-11-14 00:00:00-05:00,110.05750429859084,115.3778327138981,109.0026093632967,113.10293579101562,1254000,0.0,0.0
2023-11-15 00:00:00-05:00,113.20384087342364,115.72641240866376,113.20384087342364,114.92835998535156,972000,0.0,0.0
2023-11-16 00:00:00-05:00,114.71737457732527,115.6713660767367,113.16714451441126,113.25887298583984,1086900,0.0,0.0
2023-11-17 00:00:00-05:00,114.66234526967618,116.2767930506348,113.47902902668102,116.24927520751953,842500,0.0,0.0
2023-11-20 00:00:00-05:00,116.01076303985167,116.80880839773647,114.51556174002906,116.44189453125,737300,0.0,0.0
2023-11-21 00:00:00-05:00,115.73558287492924,116.46024973517486,114.56144158182438,115.07512664794922,592900,0.0,0.0
2023-11-22 00:00:00-05:00,116.25844984126398,116.25844984126398,113.8826492699134,114.7265625,384700,0.0,0.0
2023-11-24 00:00:00-05:00,114.70819627515394,115.63466285092053,114.0569080904008,115.2310562133789,277800,0.0,0.0
2023-11-27 00:00:00-05:00,114.34129489856575,114.98340124840354,113.84595271507618,114.41468048095703,655900,0.0,0.0
2023-11-28 00:00:00-05:00,114.44217299346992,115.35029662964111,113.24968203808461,114.89164733886719,617500,0.0,0.0
2023-11-29 00:00:00-05:00,115.75393919154138,118.70764248250555,115.75393919154138,117.16658020019531,894600,0.0,0.0
2023-11-30 00:00:00-05:00,117.72261072059098,119.47413134208058,116.40665470017775,118.77908325195312,1153400,1.3,0.0
2023-12-01 00:00:00-05:00,118.15816186503302,123.79268610419739,117.69479652438584,122.98643493652344,1147800,0.0,0.0
2023-12-04 00:00:00-05:00,121.69828659441794,124.91402922706203,121.69828659441794,124.54334259033203,914100,0.0,0.0
2023-12-05 00:00:00-05:00,123.74635297047055,123.98729786905083,122.30991751400691,122.4303970336914,865700,0.0,0.0
2023-12-06 00:00:00-05:00,122.71766174201886,125.03448819268556,120.66031872256393,121.2441635131836,2022200,0.0,0.0
2023-12-07 00:00:00-05:00,122.03189819836108,124.05217858368974,121.86509345117773,123.05130767822266,1256200,0.0,0.0
2023-12-08 00:00:00-05:00,123.38493508058075,124.50628554266568,121.9670381230749,122.93083190917969,925100,0.0,0.0
2023-12-11 00:00:00-05:00,122.33772303833693,124.16338377428283,122.32846082138308,123.64441680908203,815200,0.0,0.0
2023-12-12 00:00:00-05:00,123.41273473183281,123.46833631541092,121.54073462023015,122.10604095458984,640600,0.0,0.0
2023-12-13 00:00:00-05:00,122.02263079629644,128.42634339133082,121.40172291796178,128.36146545410156,1471800,0.0,0.0
2023-12-14 00:00:00-05:00,129.7237555597035,137.36928360680147,129.7237555597035,134.43154907226562,2297200,0.0,0.0
2023-12-15 00:00:00-05:00,133.40287583614042,135.2563371583259,131.2528680556149,132.30006408691406,2202000,0.0,0.0
2023-12-18 00:00:00-05:00,131.9664330650671,131.9664330650671,126.98063200439042,127.08257293701172,1599900,0.0,0.0
2023-12-19 00:00:00-05:00,127.14744356379474,129.5940119374836,126.53579793517561,129.14918518066406,1663700,0.0,0.0
2023-12-20 00:00:00-05:00,128.35219498284752,128.9916413936635,124.05216533389121,124.14484405517578,1283700,0.0,0.0
2023-12-21 00:00:00-05:00,125.10863778934537,126.44313218829106,124.21897014311908,126.22998809814453,968900,0.0,0.0
2023-12-22 00:00:00-05:00,126.9343295338798,127.89812342537795,126.00759865556618,126.51730346679688,631900,0.0,0.0
2023-12-26 00:00:00-05:00,126.81383665529006,129.08432424017107,126.25780667126445,128.6858367919922,723200,0.0,0.0
2023-12-27 00:00:00-05:00,128.3985338737276,128.83409840875396,127.32352293022468,127.77762603759766,562500,0.0,0.0
2023-12-28 00:00:00-05:00,127.97222213903122,128.4077866420113,127.2123104181804,128.250244140625,469800,0.0,0.0
2023-12-29 00:00:00-05:00,128.34295636229655,128.72290525152513,126.65629948218836,127.03626251220703,635000,0.0,0.0
2024-01-02 00:00:00-05:00,126.55434256218382,129.99251969288636,126.54508034583593,128.84336853027344,1063300,0.0,0.0
2024-01-03 00:00:00-05:00,127.8888542473264,127.8888542473264,124.60823333858181,124.72869873046875,1061900,0.0,0.0
2024-01-04 00:00:00-05:00,124.50629225756704,127.24940758650794,124.4321520945159,126.30413818359375,761700,0.0,0.0
2024-01-05 00:00:00-05:00,126.08172288420648,129.15846165805291,125.67395908676906,128.06492614746094,1006200,0.0,0.0
2024-01-08 00:00:00-05:00,127.2957350452546,128.0463846823243,125.86857592722923,127.95372009277344,922100,0.0,0.0
2024-01-09 00:00:00-05:00,126.60067445747451,127.43472638481121,126.04463041205838,126.49873352050781,853200,0.0,0.0
2024-01-10 00:00:00-05:00,126.55435165976539,127.3513406874149,125.24765788057442,126.81383514404297,940700,0.0,0.0
2024-01-11 00:00:00-05:00,125.88711568601354,126.02613379844705,123.58882712984368,125.37741088867188,791600,0.0,0.0
2024-01-12 00:00:00-05:00,125.52567780635464,126.0261203323773,122.07823827006835,123.32933044433594,1265100,0.0,0.0
2024-01-16 00:00:00-05:00,121.40173625486672,123.19031993272183,120.15992036177447,121.7631607055664,1359900,0.0,0.0
2024-01-17 00:00:00-05:00,119.89114956820264,122.40259605908929,119.13123772564504,121.36466217041016,1355300,0.0,0.0
2024-01-18 00:00:00-05:00,123.82976895634857,123.82976895634857,119.31659434014696,123.14399719238281,2432300,0.0,0.0
2024-01-19 00:00:00-05:00,123.523953169465,130.0388842862899,122.29141353900762,129.17701721191406,2497200,0.0,0.0
2024-01-22 00:00:00-05:00,129.88130593316302,132.05912880128923,129.59402166987587,131.56796264648438,1590000,0.0,0.0
2024-01-23 00:00:00-05:00,131.90156634096357,133.32872522512207,130.46513110081787,131.41966247558594,1305900,0.0,0.0
2024-01-24 00:00:00-05:00,132.2629987754975,133.1619286323414,130.61341935878727,132.22592163085938,1277000,0.0,0.0
2024-01-25 00:00:00-05:00,133.44924169594296,133.83846695399458,130.04814119128147,131.63284301757812,888000,0.0,0.0
2024-01-26 00:00:00-05:00,132.23521322401214,132.9858628703709,130.85437931328033,131.15093994140625,627300,0.0,0.0
2024-01-29 00:00:00-05:00,130.76170193649875,132.34640344812624,129.95543664561248,132.30006408691406,741300,0.0,0.0
2024-01-30 00:00:00-05:00,132.00352869586033,133.77358780073973,131.7625696536699,133.19900512695312,951800,0.0,0.0
2024-01-31 00:00:00-05:00,127.46254810917283,131.56797290957607,127.08259922787761,127.98152923583984,1715200,0.0,0.0
2024-02-01 00:00:00-05:00,127.32353099566825,127.32353099566825,118.90881449728444,122.07823181152344,3870900,0.0,0.0
2024-02-02 00:00:00-05:00,119.39072834225543,124.71943033876884,119.39072834225543,123.70929718017578,1998500,0.0,0.0
2024-02-05 00:00:00-05:00,122.50455267269967,124.47849389775769,122.19872979693079,123.23666381835938,1003500,0.0,0.0
2024-02-06 00:00:00-05:00,123.09764891040366,124.69162695356347,121.06810627749732,122.57868194580078,1077500,0.0,0.0
2024-02-07 00:00:00-05:00,123.31077426562769,123.31077426562769,118.90880381238306,120.9105453491211,2208100,0.0,0.0
2024-02-08 00:00:00-05:00,120.13211034873494,122.74548368226995,119.88188908951929,121.9762954711914,1089400,0.0,0.0
2024-02-09 00:00:00-05:00,121.46659836920847,123.72780937535308,120.55839211131703,123.56100463867188,1021400,0.0,0.0
2024-02-12 00:00:00-05:00,123.54247371405917,128.2780684004645,123.4868721317231,126.7118911743164,1057300,0.0,0.0
2024-02-13 00:00:00-05:00,124.62676098520818,125.50715246622168,121.2534612504349,123.0049819946289,1224700,0.0,0.0
2024-02-14 00:00:00-05:00,124.56189113209328,126.77677719464818,124.27460684452016,126.18367004394531,1229300,0.0,0.0
2024-02-15 00:00:00-05:00,126.85090610104774,129.7237628626703,126.5450832650526,127.6200942993164,1149300,0.0,0.0
2024-02-16 00:00:00-05:00,126.71189586962224,128.40781489765973,126.06318715034848,128.17613220214844,1168900,0.0,0.0
2024-02-20 00:00:00-05:00,126.89722142774019,128.23171582953486,126.07243171285148,127.29572296142578,797800,0.0,0.0
2024-02-21 00:00:00-05:00,127.01772452390482,127.7776505874572,125.3774070053709,127.07332611083984,761100,0.0,0.0
2024-02-22 00:00:00-05:00,127.4718356893405,129.34383603101998,126.69338514199335,127.87032318115234,1432300,0.0,0.0
2024-02-23 00:00:00-05:00,128.00005367048558,128.37075447524774,126.93431890597276,127.98152923583984,534700,0.0,0.0
2024-02-26 00:00:00-05:00,127.51816618040507,129.0472663733968,125.28474151580838,125.73883056640625,813600,0.0,0.0
2024-02-27 00:00:00-05:00,126.6840760608733,128.87116094382822,126.48947054469818,128.56533813476562,835900,0.0,0.0
2024-02-28 00:00:00-05:00,127.7405632835705,128.92677751321145,127.50888059589391,128.0093231201172,547300,0.0,0.0
2024-02-29 00:00:00-05:00,129.7423335070612,130.34470297059858,127.54598567203087,129.5013885498047,1444900,0.0,0.0
2024-03-01 00:00:00-05:00,128.659427121608,129.1739180406753,125.47896116049216,128.0701141357422,944100,1.3,0.0
2024-03-04 00:00:00-05:00,129.98777931811946,133.2804932862005,129.96906666103516,130.91384887695312,1138300,0.0,0.0
2024-03-05 00:00:00-05:00,130.20292534950096,135.05782504480496,130.20292534950096,134.57139587402344,1143500,0.0,0.0
2024-03-06 00:00:00-05:00,133.7201353211403,134.42171002300734,130.01582888848375,132.49472045898438,1488800,0.0,0.0
2024-03-07 00:00:00-05:00,133.62662218113257,136.04002698473272,132.27023278618506,134.113037109375,1649900,0.0,0.0
2024-03-08 00:00:00-05:00,135.4039273581611,135.82486935533677,133.47693765327807,133.52371215820312,758300,0.0,0.0
2024-03-11 00:00:00-04:00,132.9811413234231,134.88941811361545,132.49471223040428,133.60787963867188,982500,0.0,0.0
2024-03-12 00:00:00-04:00,133.68274518941186,134.97363313668626,132.9718069119227,133.99143981933594,843800,0.0,0.0
2024-03-13 00:00:00-04:00,134.59010743942306,137.31220667878125,133.54241275134788,133.9446563720703,952100,0.0,0.0
2024-03-14 00:00:00-04:00,133.18696268644013,134.32819215326683,130.43678722617165,131.27867126464844,1139900,0.0,0.0
2024-03-15 00:00:00-04:00,130.25903735531404,133.12145987805755,130.25903735531404,131.45639038085938,5118400,0.0,0.0
2024-03-18 00:00:00-04:00,132.5508845002701,132.76603014439965,129.66039927436285,131.83059692382812,881800,0.0,0.0
2024-03-19 00:00:00-04:00,131.4657558300677,132.21410513197478,130.18421710679576,130.59580993652344,890000,0.0,0.0
2024-03-20 00:00:00-04:00,129.92229153272172,134.33753652750784,129.50134952857974,133.9446563720703,868900,0.0,0.0
2024-03-21 00:00:00-04:00,134.30012103224897,136.8070745905236,133.94465192901689,136.4329071044922,1129800,0.0,0.0
2024-03-22 00:00:00-04:00,136.7696876083599,137.5180227120506,132.91569331118248,132.97181701660156,913700,0.0,0.0
2024-03-25 00:00:00-04:00,133.33661637171167,135.04846051090038,132.92503783277255,133.11212158203125,810800,0.0,0.0
2024-03-26 00:00:00-04:00,133.99143562596575,134.05690851740457,131.8960604491376,132.1112060546875,805100,0.0,0.0
2024-03-27 00:00:00-04:00,132.9905205202693,135.4974886204828,132.71925120489408,135.45071411132812,817700,0.0,0.0
2024-03-28 00:00:00-04:00,135.8716733658177,136.76969552523633,134.84269112831493,136.04940795898438,820100,0.0,0.0
2024-04-01 00:00:00-04:00,136.04939521154412,136.04939521154412,133.45824147340025,133.9727325439453,716100,0.0,0.0
2024-04-02 00:00:00-04:00,132.75665323066082,133.2337189350513,131.20383098308767,131.5686492919922,946600,0.0,0.0
2024-04-03 00:00:00-04:00,131.63414727576117,132.54151852672814,129.56683383964662,130.0719757080078,1042300,0.0,0.0
2024-04-04 00:00:00-04:00,131.8586473388786,132.09250559841766,128.6313919383792,129.19265747070312,1145100,0.0,0.0
2024-04-05 00:00:00-04:00,128.6220563909638,130.02520609704703,128.24788884543904,129.75393676757812,786400,0.0,0.0
2024-04-08 00:00:00-04:00,130.55840236536088,132.69118865467075,129.83811489418898,131.49383544921875,969000,0.0,0.0
2024-04-09 00:00:00-04:00,131.93348997381844,132.75667574317617,130.9606457429592,131.67156982421875,750500,0.0,0.0
2024-04-10 00:00:00-04:00,128.3694757681921,128.93074131773668,125.1796598581272,126.15250396728516,1181100,0.0,0.0
2024-04-11 00:00:00-04:00,126.37702117230324,127.16278157335698,124.44066774801715,126.45184326171875,973300,0.0,0.0
2024-04-12 00:00:00-04:00,124.4874425430634,126.5921670837008,124.4874425430634,125.87187957763672,1432500,0.0,0.0
2024-04-15 00:00:00-04:00,130.90450226017043,136.02132214488125,129.6697237926698,131.83993530273438,2948400,0.0,0.0
2024-04-16 00:00:00-04:00,131.11965259046818,131.5031835774045,127.38726947759145,128.51914978027344,1233200,0.0,0.0
2024-04-17 00:00:00-04:00,129.66034702251156,131.11027078480797,128.86522339602152,130.0625762939453,1169800,0.0,0.0
2024-04-18 00:00:00-04:00,129.95971196086396,131.87735264444964,129.44523518173526,130.3058319091797,816800,0.0,0.0
2024-04-19 00:00:00-04:00,130.88578622300108,134.15980178743365,130.54902976543073,134.1223907470703,1525200,0.0,0.0
2024-04-22 00:00:00-04:00,134.75851320817253,136.62937972895477,133.76695623593056,136.27391052246094,861200,0.0,0.0
2024-04-23 00:00:00-04:00,136.37678057254763,138.1353993062452,135.84359114655845,137.37770080566406,727100,0.0,0.0
2024-04-24 00:00:00-04:00,136.22713159427644,138.50959072035613,135.6658660055898,138.4066925048828,757400,0.0,0.0
2024-04-25 00:00:00-04:00,138.5002057883667,138.67794033969037,136.25517232872232,137.41510009765625,920300,0.0,0.0
2024-04-26 00:00:00-04:00,137.47123324625247,139.31402303456144,136.81641875937387,136.92868041992188,657600,0.0,0.0
2024-04-29 00:00:00-04:00,136.79771940718413,137.88281077857647,136.0493701943255,136.12420654296875,735000,0.0,0.0
2024-04-30 00:00:00-04:00,135.14199027442385,136.45159060628728,134.66492464072496,135.06715393066406,545600,0.0,0.0
2024-05-01 00:00:00-04:00,135.64714473011145,138.50021845648533,135.52554813669533,136.69483947753906,776100,0.0,0.0
2024-05-02 00:00:00-04:00,137.97636901127493,138.33183812271238,136.14291403081992,136.82579040527344,667700,0.0,0.0
2024-05-03 00:00:00-04:00,137.50864857285353,139.1643689502296,137.06899392872782,137.1157684326172,531900,0.0,0.0
2024-05-06 00:00:00-04:00,138.2008848397487,139.65079465777023,137.48994658206004,139.60403442382812,878300,0.0,0.0
2024-05-07 00:00:00-04:00,140.17462926045664,140.55814591107867,138.65921821873977,138.7340545654297,837700,0.0,0.0
2024-05-08 00:00:00-04:00,138.1728304577775,141.55909373616223,137.51801586428914,141.4936065673828,1048600,0.0,0.0
2024-05-09 00:00:00-04:00,141.16619962233545,143.03706565105028,140.5300977503134,142.80320739746094,819400,0.0,0.0
2024-05-10 00:00:00-04:00,143.43928680333522,144.9359852502528,142.79383577652172,143.73863220214844,1396100,0.0,0.0
2024-05-13 00:00:00-04:00,144.42151029927032,144.851815789439,143.21480792608727,143.86024475097656,643500,0.0,0.0
2024-05-14 00:00:00-04:00,144.52439285645403,145.30080392896485,143.43928719316844,145.04823303222656,595700,0.0,0.0
2024-05-15 00:00:00-04:00,146.05850552260358,146.53557120586458,143.7947594145898,144.60858154296875,548400,0.0,0.0
2024-05-16 00:00:00-04:00,144.57118250515595,145.35694285113394,143.53285123597942,143.5609130859375,727200,0.0,0.0
2024-05-17 00:00:00-04:00,144.58053220745253,144.73020492347433,143.5047898923946,143.86024475097656,764100,0.0,0.0
2024-05-20 00:00:00-04:00,144.0566745880222,145.7030314448272,142.382255884547,142.42901611328125,709300,0.0,0.0
2024-05-21 00:00:00-04:00,142.3635475575467,143.7386351804922,142.29806039760905,143.47671508789062,551800,0.0,0.0
2024-05-22 00:00:00-04:00,143.76669644112042,143.76669644112042,142.07356503743836,143.14930725097656,640800,0.0,0.0
2024-05-23 00:00:00-04:00,143.54220660495864,143.54220660495864,139.4075940081641,139.85659790039062,736100,0.0,0.0
2024-05-24 00:00:00-04:00,140.08107988693953,141.6526003425361,139.491752579304,140.9323272705078,513500,0.0,0.0
2024-05-28 00:00:00-04:00,140.89493461056838,141.60587293019728,138.3692679938928,139.21116638183594,588700,0.0,0.0
2024-05-29 00:00:00-04:00,136.75095107223504,136.83513661566502,134.9268595967119,136.2551727294922,657200,0.0,0.0
2024-05-30 00:00:00-04:00,137.41511879892337,138.62183550972856,135.75004899714122,138.31314086914062,483100,0.0,0.0
2024-05-31 00:00:00-04:00,138.77150325383238,142.0548682291357,138.2663613969697,141.81166076660156,1061400,0.0,0.0
2024-06-03 00:00:00-04:00,142.89704968402944,143.08582878203322,138.47046211157465,139.97116088867188,775300,1.35,0.0
2024-06-04 00:00:00-04:00,138.30999122924877,140.84891733218018,138.23449687538377,138.28167724609375,598000,0.0,0.0
2024-06-05 00:00:00-04:00,138.96125846307868,138.96125846307868,136.998073783078,137.8380889892578,602200,0.0,0.0
2024-06-06 00:00:00-04:00,138.0363036273306,138.92351362673153,136.73380261528885,137.1490936279297,448900,0.0,0.0
2024-06-07 00:00:00-04:00,135.91265014036588,138.8385532305056,135.71443785544255,138.57427978515625,386100,0.0,0.0
2024-06-10 00:00:00-04:00,136.93201961998375,137.81922964979452,134.64793337399493,135.77110290527344,783100,0.0,0.0
2024-06-11 00:00:00-04:00,134.29867999665188,134.29867999665188,131.92965220149935,132.92068481445312,1100300,0.0,0.0
2024-06-12 00:00:00-04:00,135.25197454558787,138.12123543741274,135.1198378150793,135.5728759765625,1058900,0.0,0.0
2024-06-13 00:00:00-04:00,134.506340515694,135.36523650309326,133.62857813868587,134.9688262939453,844200,0.0,0.0
2024-06-14 00:00:00-04:00,133.30767443831311,135.18590270213403,133.08114815042174,134.1948699951172,591700,0.0,0.0
2024-06-17 00:00:00-04:00,134.08162102691296,136.77156502848425,133.2132918142287,136.65829467773438,615000,0.0,0.0
2024-06-18 00:00:00-04:00,136.65827570363956,139.20664941522952,136.50727259331325,138.57427978515625,791000,0.0,0.0
2024-06-20 00:00:00-04:00,137.99854782291052,139.74463932373072,137.5643760454159,139.51812744140625,788000,0.0,0.0
2024-06-21 00:00:00-04:00,139.4142887263006,139.66911456472803,137.09244138565242,139.2255096435547,1446700,0.0,0.0
2024-06-24 00:00:00-04:00,140.01837081903034,142.4157129638458,137.9230493404305,141.188720703125,736700,0.0,0.0
2024-06-25 00:00:00-04:00,140.63185496269023,142.1797486291596,139.08396129622082,139.25384521484375,1029700,0.0,0.0
2024-06-26 00:00:00-04:00,138.56485228252134,139.8107253356778,137.96079654815526,139.0462188720703,796400,0.0,0.0
2024-06-27 00:00:00-04:00,138.2722581458581,140.03723048425567,138.19674938247425,139.357666015625,690900,0.0,0.0
2024-06-28 00:00:00-04:00,140.57521281882313,144.27505549249082,139.8484536359422,142.8592987060547,1989900,0.0,0.0
2024-07-01 00:00:00-04:00,143.2179900713071,144.71868910577297,141.3303139821197,141.40582275390625,887900,0.0,0.0
2024-07-02 00:00:00-04:00,140.6413012474963,143.44450138027113,140.45253651973826,143.2085418701172,790300,0.0,0.0
2024-07-03 00:00:00-04:00,143.3595344734043,143.58606074840148,140.68847155491613,140.75454711914062,562000,0.0,0.0
2024-07-05 00:00:00-04:00,140.24486830630406,140.7922960095036,137.63044772613972,138.2628173828125,1056700,0.0,0.0
2024-07-08 00:00:00-04:00,139.6219145301006,141.0188048002814,138.47044569932999,139.8767547607422,685800,0.0,0.0
2024-07-09 00:00:00-04:00,139.40485180819363,142.3873829614209,138.52708949384893,141.3869171142578,715100,0.0,0.0
2024-07-10 00:00:00-04:00,141.06601658917003,143.90696343756352,139.94284720204467,143.822021484375,753000,0.0,0.0
2024-07-11 00:00:00-04:00,145.20000810140087,147.1820733022719,144.29393185092783,146.2382354736328,970200,0.0,0.0
2024-07-12 00:00:00-04:00,146.29486023329304,147.86163445093848,145.5492347018089,146.49307250976562,784600,0.0,0.0
2024-07-15 00:00:00-04:00,149.3717817133857,150.53271270625856,147.8899636909607,149.46617126464844,808800,0.0,0.0
2024-07-16 00:00:00-04:00,149.58888698160948,154.3175100877137,149.06977321104122,153.95884704589844,1063300,0.0,0.0
2024-07-17 00:00:00-04:00,152.4203764667336,156.47886761734784,152.08059427160347,155.40289306640625,1078700,0.0,0.0
2024-07-18 00:00:00-04:00,164.2844295250781,165.17163949293197,156.43170535356262,157.97959899902344,2270800,0.0,0.0
2024-07-19 00:00:00-04:00,158.95175443503177,160.018281537497,154.37413456441436,155.96922302246094,1260900,0.0,0.0
2024-07-22 00:00:00-04:00,157.14900787952567,161.6511186242604,153.93996483070305,161.27357482910156,1319600,0.0,0.0
2024-07-23 00:00:00-04:00,162.34009862156864,164.1616986292735,160.46185624937263,162.50054931640625,1632900,0.0,0.0
2024-07-24 00:00:00-04:00,162.49113850490352,164.3599335395163,160.62232906846714,162.0380859375,1303800,0.0,0.0
2024-07-25 00:00:00-04:00,161.84931483063718,166.53075702912122,161.80212005650563,163.7653045654297,1057300,0.0,0.0
2024-07-26 00:00:00-04:00,164.02016133084385,165.5491742341857,163.56712313759897,165.07725524902344,980500,0.0,0.0
2024-07-29 00:00:00-04:00,165.05836822967186,165.26601370933733,162.14189832048763,162.50999450683594,829000,0.0,0.0
2024-07-30 00:00:00-04:00,163.70867791686118,165.16219632162114,163.1235030380172,163.8596954345703,793200,0.0,0.0
2024-07-31 00:00:00-04:00,163.18954686525518,165.34149585762793,162.34009862156864,162.50054931640625,912700,0.0,0.0
2024-08-01 00:00:00-04:00,162.481699806931,163.6992588460002,156.59216012638032,157.4793701171875,968700,0.0,0.0
2024-08-02 00:00:00-04:00,154.32692894003918,154.9498654068266,150.20236194979128,153.17544555664062,1311200,0.0,0.0
2024-08-05 00:00:00-04:00,149.06031093198138,152.6374645971544,146.3892623790871,150.98574829101562,1354400,0.0,0.0
2024-08-06 00:00:00-04:00,152.51476727908712,154.22311162391532,150.60822503446528,151.30665588378906,959800,0.0,0.0
2024-08-07 00:00:00-04:00,153.84560771596568,155.1858560672353,150.51386043107277,150.78756713867188,736000,0.0,0.0
2024-08-08 00:00:00-04:00,151.92017414302543,153.78896939143087,151.48600231671645,153.0622100830078,764600,0.0,0.0
2024-08-09 00:00:00-04:00,152.69409601106238,153.93996896581825,152.2693718316951,153.1188201904297,460200,0.0,0.0
2024-08-12 00:00:00-04:00,154.0626577522843,155.61999894220472,150.28730611876608,151.02349853515625,526900,0.0,0.0
2024-08-13 00:00:00-04:00,151.95790066550322,151.95790066550322,149.30571849234116,151.32553100585938,764100,0.0,0.0
2024-08-14 00:00:00-04:00,151.7219304406547,151.77855840588995,150.26842652626763,151.16506958007812,926200,0.0,0.0
2024-08-15 00:00:00-04:00,151.8257697885693,153.96828591925455,151.72194704033808,152.47702026367188,1131400,0.0,0.0
2024-08-16 00:00:00-04:00,151.97677461438022,154.39299720568906,151.97677461438022,153.93051147460938,862100,0.0,0.0
2024-08-19 00:00:00-04:00,153.93052105517435,155.56337100634448,153.8927738756332,155.1669464111328,643600,0.0,0.0
2024-08-20 00:00:00-04:00,154.30808692459934,154.477970859562,152.91119625083132,153.14715576171875,677300,0.0,0.0
2024-08-21 00:00:00-04:00,153.73233664716975,153.85502579281035,152.09948655274073,153.76065063476562,673500,0.0,0.0
2024-08-22 00:00:00-04:00,154.24198304320805,156.0258360420831,153.91164842968183,155.384033203125,664400,0.0,0.0
2024-08-23 00:00:00-04:00,156.52606224718028,161.2830129746841,156.17684685871603,159.20655822753906,891000,0.0,0.0
2024-08-26 00:00:00-04:00,160.2542128924319,160.40523039608436,157.44158029555797,157.76248168945312,923800,0.0,0.0
2024-08-27 00:00:00-04:00,157.52653991181774,158.47037781279164,156.74316712761402,157.9984588623047,587200,0.0,0.0
2024-08-28 00:00:00-04:00,157.97958247290774,161.31132890028798,157.77193699569233,160.8582763671875,1010800,0.0,0.0
2024-08-29 00:00:00-04:00,161.2547095859287,161.89651243952198,159.3009582368922,160.44300842285156,542100,0.0,0.0
2024-08-30 00:00:00-04:00,161.20749873940866,162.6987641881032,160.40523085057578,162.4439239501953,753900,0.0,0.0
2024-09-03 00:00:00-04:00,163.78526533590173,164.85071634010902,162.14902871333697,162.97666931152344,919800,1.35,0.0
2024-09-04 00:00:00-04:00,162.48198580148056,163.0052035207414,159.71370029058494,160.73159790039062,994700,0.0,0.0
2024-09-05 00:00:00-04:00,162.29173383427207,162.71029350705703,159.95153019679267,160.5793914794922,919600,0.0,0.0
2024-09-06 00:00:00-04:00,160.23692541155665,162.53906896696466,157.10714123811238,158.40090942382812,1021200,0.0,0.0
2024-09-09 00:00:00-04:00,158.54362809802248,161.407035269406,158.46752237216631,160.5603790283203,799600,0.0,0.0
2024-09-10 00:00:00-04:00,160.91233446026297,160.91233446026297,155.6326328686738,159.00973510742188,813600,0.0,0.0
2024-09-11 00:00:00-04:00,158.54361630585595,158.60069196708216,153.53977044169133,157.8111114501953,1053800,0.0,0.0
2024-09-12 00:00:00-04:00,157.86818310968889,159.50441976321252,155.9560759286709,157.611328125,740800,0.0,0.0
2024-09-13 00:00:00-04:00,158.5626162502635,161.09307676402034,158.5626162502635,160.65548706054688,1096500,0.0,0.0
2024-09-16 00:00:00-04:00,161.34994405222744,165.00293144713223,160.7411128197433,164.6509552001953,1308200,0.0,0.0
2024-09-17 00:00:00-04:00,165.46907075161755,167.40971573642858,164.3084839661046,165.35491943359375,1097700,0.0,0.0
2024-09-18 00:00:00-04:00,165.37395112701606,168.96035538056185,164.40363579768754,165.57373046875,1119200,0.0,0.0
2024-09-19 00:00:00-04:00,168.24686986923905,171.41469969396084,166.39183830945112,171.10076904296875,1512500,0.0,0.0
2024-09-20 00:00:00-04:00,170.18750737818485,171.4717677557207,168.71300448298297,170.81536865234375,2520100,0.0,0.0
2024-09-23 00:00:00-04:00,170.4824261927777,171.84277780078992,167.8663520090482,168.9698486328125,1272900,0.0,0.0
2024-09-24 00:00:00-04:00,168.7320190935348,169.4930617384021,165.11709193285702,166.2776641845703,1040200,0.0,0.0
2024-09-25 00:00:00-04:00,166.70577417545104,167.0387203800592,164.10871539482307,164.2514190673828,938900,0.0,0.0
2024-09-26 00:00:00-04:00,165.46906685809873,167.5048475704815,165.10756833862106,166.74380493164062,1058800,0.0,0.0
2024-09-27 00:00:00-04:00,167.04824040298092,168.96034765762798,165.99229710935623,166.8769989013672,859700,0.0,0.0
2024-09-30 00:00:00-04:00,166.9340800450171,169.64529020342036,166.2586653351985,169.4455108642578,806400,0.0,0.0
2024-10-01 00:00:00-04:00,168.06611788677625,168.627381231455,163.3762172878276,164.30848693847656,1041300,0.0,0.0
2024-10-02 00:00:00-04:00,164.91733055858919,167.3146100702834,163.73771360490537,164.78414916992188,1113400,0.0,0.0
2024-10-03 00:00:00-04:00,163.86139272621284,164.40364058694215,161.81610393532293,163.94700622558594,825500,0.0,0.0
2024-10-04 00:00:00-04:00,168.01855873755989,170.25411897679092,167.58096897733742,170.0353240966797,1105200,0.0,0.0
2024-10-07 00:00:00-04:00,169.1981697885234,169.83553886284133,168.06612079246545,169.1696319580078,838400,0.0,0.0
2024-10-08 00:00:00-04:00,169.74993465418225,170.46340948745257,168.37055287966285,168.87474060058594,849700,0.0,0.0
2024-10-09 00:00:00-04:00,168.81765441419356,171.74764477306616,168.53226159553716,170.4253387451172,661500,0.0,0.0
2024-10-10 00:00:00-04:00,170.44436287756406,170.79633911611583,168.9317998616629,170.35874938964844,827100,0.0,0.0
2024-10-11 00:00:00-04:00,171.09123677748528,176.92269338362894,171.09123677748528,176.17117309570312,1154900,0.0,0.0
2024-10-14 00:00:00-04:00,176.17121706883486,177.80745393052518,174.00225462718643,176.523193359375,980400,0.0,0.0
2024-10-15 00:00:00-04:00,177.96914766673115,180.9657358826057,176.256805322368,176.8275909423828,1814300,0.0,0.0
2024-10-16 00:00:00-04:00,177.44592899628452,181.1369764173238,177.1795662458674,180.12860107421875,1557600,0.0,0.0
2024-10-17 00:00:00-04:00,188.5285527184556,191.1541489735395,183.98134167212604,189.18495178222656,3219800,0.0,0.0
2024-10-18 00:00:00-04:00,190.56439545544217,190.56439545544217,186.6640602122654,187.92929077148438,1632500,0.0,0.0
2024-10-21 00:00:00-04:00,187.4060556500151,188.13856054105858,183.53425859875364,184.20018005371094,1072300,0.0,0.0
2024-10-22 00:00:00-04:00,184.89459914719586,186.0361558153701,183.33446831369892,184.6187286376953,1093500,0.0,0.0
2024-10-23 00:00:00-04:00,183.91475921490976,185.62710145209357,182.3641361729488,184.40943908691406,1120800,0.0,0.0
2024-10-24 00:00:00-04:00,185.04681631271873,186.40716787652593,183.49619320191437,185.0277862548828,1233900,0.0,0.0
2024-10-25 00:00:00-04:00,186.35958738144794,186.8352371853982,182.45926769846366,183.1917724609375,1086500,0.0,0.0
2024-10-28 00:00:00-04:00,184.52358541011122,188.14803458004013,183.63886922994527,187.62481689453125,1009100,0.0,0.0
2024-10-29 00:00:00-04:00,187.66288712025857,188.6902924901645,186.04568060891216,186.18836975097656,832900,0.0,0.0
2024-10-30 00:00:00-04:00,186.21691634435987,189.7842902206886,185.9981214776692,187.9387664794922,863300,0.0,0.0
2024-10-31 00:00:00-04:00,187.33944473105169,188.252698838617,184.6853249297678,185.1990203857422,1083200,0.0,0.0
2024-11-01 00:00:00-04:00,186.05520475163732,187.1301781020499,182.5449063911591,182.8873748779297,924900,0.0,0.0
2024-11-04 00:00:00-05:00,183.03957452668374,183.1346957850745,180.03346406045767,181.38430786132812,736700,0.0,0.0
2024-11-05 00:00:00-05:00,182.38319535814293,185.06585319510802,181.6031225694101,183.73403930664062,1208600,0.0,0.0
2024-11-06 00:00:00-05:00,196.4719089839521,206.27980572500343,195.74892649977102,206.01344299316406,3082100,0.0,0.0
2024-11-07 00:00:00-05:00,201.14282074277318,202.53171024402138,196.5575489966529,197.97499084472656,1518000,0.0,0.0
2024-11-08 00:00:00-05:00,198.78361842004523,201.2189436569006,197.29007072275056,199.21170043945312,939900,0.0,0.0
2024-11-11 00:00:00-05:00,202.64586508158985,206.2608068255174,202.62683502330015,204.1869659423828,1219100,0.0,0.0
2024-11-12 00:00:00-05:00,203.54960913209177,205.29999719231242,202.51269588599519,202.84564208984375,1063200,0.0,0.0
2024-11-13 00:00:00-05:00,203.61617538342236,206.05151473662067,201.4947811795089,201.6089324951172,708100,0.0,0.0
2024-11-14 00:00:00-05:00,202.10362476352958,203.54009664606622,201.25696858433886,202.88369750976562,919200,0.0,0.0
2024-11-15 00:00:00-05:00,203.39737302301486,205.66147080363126,202.21777076341075,204.28208923339844,848100,0.0,0.0
2024-11-18 00:00:00-05:00,204.034747156696,205.1667960754055,203.30225686926823,204.3582000732422,745200,0.0,0.0
2024-11-19 00:00:00-05:00,201.39966198923702,204.23453097616633,200.9240121484115,203.30226135253906,558600,0.0,0.0
2024-11-20 00:00:00-05:00,204.29163093812323,204.29163093812323,201.10477081919484,203.1215362548828,651000,0.0,0.0
2024-11-21 00:00:00-05:00,203.22616449968,208.25853364819713,202.6078109702291,206.07054138183594,751700,0.0,0.0
2024-11-22 00:00:00-05:00,205.71855462442343,210.7319079737654,205.690016795441,210.35137939453125,951300,0.0,0.0
2024-11-25 00:00:00-05:00,210.71289396911737,214.70835000354435,210.68435613796078,211.14097595214844,1482800,0.0,0.0
2024-11-26 00:00:00-05:00,209.5427851240274,210.79849315674537,208.43927400858834,209.99940490722656,778400,0.0,0.0
2024-11-27 00:00:00-05:00,211.34073466308737,213.30991739914836,209.9042628951944,210.04696655273438,580800,0.0,0.0
2024-11-29 00:00:00-05:00,211.44539039806787,211.90201019402778,208.24902279498522,209.27642822265625,542400,0.0,0.0
2024-12-02 00:00:00-05:00,210.17617873025233,210.43461968914414,205.53388097474175,206.45277404785156,903200,1.35,0.0
2024-12-03 00:00:00-05:00,206.32832030911416,207.65879090915627,204.58627210866385,205.1510009765625,599100,0.0,0.0
2024-12-04 00:00:00-05:00,204.02152327675577,205.39985543734983,201.07344178419538,202.80592346191406,1093000,0.0,0.0
2024-12-05 00:00:00-05:00,204.1172707843177,205.84018619031184,202.97823186020742,203.32281494140625,881800,0.0,0.0
2024-12-06 00:00:00-05:00,203.7152481196823,205.29457863289207,201.33188072554043,202.2124786376953,789700,0.0,0.0
2024-12-09 00:00:00-05:00,201.44676342541024,202.18377658576904,197.6372019599703,197.87649536132812,1192600,0.0,0.0
2024-12-10 00:00:00-05:00,200.6331408855268,201.63817599644773,197.54147452430362,198.12535095214844,948200,0.0,0.0
2024-12-11 00:00:00-05:00,199.18782155143114,199.52282353066872,193.05233559206434,193.32034301757812,1967900,0.0,0.0
2024-12-12 00:00:00-05:00,194.0956436121498,194.4976547345884,190.60196613516342,191.3868408203125,1714800,0.0,0.0
2024-12-13 00:00:00-05:00,191.94201216259222,192.38231842502404,188.83119810322052,190.75511169433594,1654800,0.0,0.0
2024-12-16 00:00:00-05:00,191.31027246065585,191.8175732729246,189.4342204846116,191.1667022705078,1435700,0.0,0.0
2024-12-17 00:00:00-05:00,189.721377815394,190.53496657847185,186.25639959546112,187.7495880126953,1404100,0.0,0.0
2024-12-18 00:00:00-05:00,188.96520680382642,189.26192827739374,177.83327337158372,178.1778564453125,1876700,0.0,0.0
2024-12-19 00:00:00-05:00,182.27456042269196,183.28917670039056,176.94311110098437,177.4791259765625,1527900,0.0,0.0
2024-12-20 00:00:00-05:00,176.77081343284672,182.16928655780376,176.33052175583182,181.36524963378906,3379100,0.0,0.0
2024-12-23 00:00:00-05:00,179.6518925102056,182.58084101746346,179.34558998654845,181.0015106201172,1047200,0.0,0.0
2024-12-24 00:00:00-05:00,181.27911601815862,182.8201661706155,180.5420882221199,182.73402404785156,293500,0.0,0.0
2024-12-26 00:00:00-05:00,181.9682637828693,183.1264502022114,180.94408107602627,182.84886169433594,423700,0.0,0.0
2024-12-27 00:00:00-05:00,181.5088242265599,183.4710183118815,179.7571948845027,181.12594604492188,506600,0.0,0.0
2024-12-30 00:00:00-05:00,179.6518981208401,181.47052194459962,178.66601057565452,180.48463439941406,554400,0.0,0.0
2024-12-31 00:00:00-05:00,180.91536445222692,182.3415582761829,179.29775344779023,179.95819091796875,817600,0.0,0.0
2025-01-02 00:00:00-05:00,181.0685120257939,182.7244181167625,179.68061335052047,180.63778686523438,1292400,0.0,0.0
2025-01-03 00:00:00-05:00,181.26953704365903,183.59546182981015,178.6851566964115,183.33702087402344,1007500,0.0,0.0
2025-01-06 00:00:00-05:00,184.7153444567871,187.71130229117537,183.49974458472607,184.97378540039062,1034000,0.0,0.0
2025-01-07 00:00:00-05:00,186.62012356053953,187.57729708668262,182.9445807254243,183.8155975341797,920700,0.0,0.0
2025-01-08 00:00:00-05:00,183.31787795277097,184.06447213529322,181.48967301120362,182.9541473388672,1101000,0.0,0.0
2025-01-10 00:00:00-05:00,182.26497149592225,182.34154712661766,177.76625908105157,179.70932006835938,1445500,0.0,0.0
2025-01-13 00:00:00-05:00,179.5370462114683,183.3657403352817,178.42672141028825,182.96371459960938,1374000,0.0,0.0
2025-01-14 00:00:00-05:00,184.73451960987515,187.51031743028244,183.81562645387248,186.6680145263672,1516800,0.0,0.0
2025-01-15 00:00:00-05:00,191.41557213624515,192.75562393731508,188.41962870458693,192.2674560546875,2139100,0.0,0.0
2025-01-16 00:00:00-05:00,187.32843935497294,190.03722761204517,184.83021583915902,187.7017364501953,2392900,0.0,0.0
2025-01-17 00:00:00-05:00,187.73047137117422,188.69721149318613,186.07455045211475,188.33348083496094,2029600,0.0,0.0
2025-01-21 00:00:00-05:00,188.7067628309795,191.1667059079236,188.0558918161783,189.76922607421875,1325900,0.0,0.0
2025-01-22 00:00:00-05:00,189.31934225118124,189.31934225118124,186.0458105972906,187.22314453125,1295000,0.0,0.0
2025-01-23 00:00:00-05:00,188.08459766272034,189.7596513314723,187.7591621694941,188.54403686523438,1539300,0.0,0.0
2025-01-24 00:00:00-05:00,187.09871242235516,191.75057639580425,187.09871242235516,190.42967224121094,971600,0.0,0.0
2025-01-27 00:00:00-05:00,191.20497956944484,193.54048532529083,190.55410857797776,192.43016052246094,1239700,0.0,0.0
2025-01-28 00:00:00-05:00,192.22916065602027,193.48305563612266,189.8362268450435,191.26242065429688,1353500,0.0,0.0
2025-01-29 00:00:00-05:00,191.3581381677774,194.08608868163583,190.5349683141995,191.779296875,1082600,0.0,0.0
2025-01-30 00:00:00-05:00,193.73190612770122,194.61251858023527,191.5304188122907,193.32989501953125,867900,0.0,0.0
2025-01-31 00:00:00-05:00,192.98532857016218,194.1913766036393,191.69315302683455,192.62161254882812,1691500,0.0,0.0
2025-02-03 00:00:00-05:00,188.1324529527525,189.11834048202633,185.4715118108841,187.4815673828125,1263500,0.0,0.0
2025-02-04 00:00:00-05:00,187.137009168201,190.97528473138763,186.9742914054557,189.43423461914062,835500,0.0,0.0
2025-02-05 00:00:00-05:00,190.60198136978556,191.09970112002966,188.44834079545623,190.23825073242188,794600,0.0,0.0
2025-02-06 00:00:00-05:00,191.75057677816602,193.6553573782667,190.28610243224412,193.3011932373047,966600,0.0,0.0
2025-02-07 00:00:00-05:00,193.42562343214857,193.42562343214857,190.07551616830114,191.79843139648438,906300,0.0,0.0
2025-02-10 00:00:00-05:00,191.65486134379785,191.80801262148054,188.8120546500429,189.07049560546875,608100,0.0,0.0
2025-02-11 00:00:00-05:00,188.46744491226437,190.93695414558346,187.88356852835588,190.67852783203125,637400,0.0,0.0
2025-02-12 00:00:00-05:00,188.70675573834689,189.58736823927663,188.0941652629016,189.12791442871094,700700,0.0,0.0
2025-02-13 00:00:00-05:00,188.8407900593891,189.62567949235375,187.8836163735169,188.6972198486328,803700,0.0,0.0
2025-02-14 00:00:00-05:00,189.52036275425047,191.2528445415686,189.13749917666863,190.3052520751953,1197300,0.0,0.0
2025-02-18 00:00:00-05:00,190.8603987907492,192.7077513250358,189.52036167155885,192.01858520507812,1036100,0.0,0.0
2025-02-19 00:00:00-05:00,190.41052263326702,191.2815540477347,189.47249666669893,190.6976776123047,717400,0.0,0.0
2025-02-20 00:00:00-05:00,191.32941750761904,191.32941750761904,187.06041711115165,188.99391174316406,1240100,0.0,0.0
2025-02-21 00:00:00-05:00,189.87449147797705,189.89363903634978,184.14103189383925,185.2417755126953,1753100,0.0,0.0
2025-02-24 00:00:00-05:00,186.64884905695303,186.92642297023986,183.60504406749604,184.63877868652344,1136000,0.0,0.0
2025-02-25 00:00:00-05:00,185.6821049580591,185.6821049580591,182.04484249340962,182.4468536376953,1780100,0.0,0.0
2025-02-26 00:00:00-05:00,182.79143543027058,185.423662713195,180.61864736542452,181.57582092285156,1378800,0.0,0.0
2025-02-27 00:00:00-05:00,182.22672616858398,184.28464369663504,180.19750807661347,181.3269805908203,1622200,0.0,0.0
2025-02-28 00:00:00-05:00,182.5617008215164,183.64331156950576,180.06347735774804,183.50930786132812,1590800,0.0,0.0
2025-03-03 00:00:00-05:00,184.5118443174631,186.1023746509263,179.79807393538817,182.0055389404297,1216500,1.35,0.0
2025-03-04 00:00:00-05:00,180.3089710270763,180.3089710270763,173.01177664574487,174.7854766845703,1660000,0.0,0.0
2025-03-05 00:00:00-05:00,174.78547771642164,175.44096436918565,170.23557900222445,171.7779083251953,2503800,0.0,0.0
2025-03-06 00:00:00-05:00,169.82104768761582,171.55618083893296,167.12195330877594,170.65005493164062,1727800,0.0,0.0
2025-03-07 00:00:00-05:00,170.7079016978858,172.69365960630734,168.01845616467688,172.29844665527344,1615500,0.0,0.0
2025-03-10 00:00:00-04:00,169.03060986374726,171.24770895580647,165.93628780144073,167.48826599121094,2021200,0.0,0.0
2025-03-11 00:00:00-04:00,167.26658158998194,169.09810231544108,163.68064410509953,165.0012664794922,1673700,0.0,0.0
2025-03-12 00:00:00-04:00,166.98701942901485,167.44008243720575,162.78414738267242,165.86883544921875,1179300,0.0,0.0
2025-03-13 00:00:00-04:00,167.06412349708168,167.88349645104526,163.9216150869381,164.32647705078125,1289500,0.0,0.0
2025-03-14 00:00:00-04:00,165.51213906238004,169.60897426050275,164.98195744790564,169.26194763183594,1244300,0.0,0.0
2025-03-17 00:00:00-04:00,168.50044742294776,169.75360012345158,166.37008636120294,169.0980987548828,1437900,0.0,0.0
2025-03-18 00:00:00-04:00,169.0595242666403,169.97528448817695,166.87132816844817,168.5293426513672,1288800,0.0,0.0
2025-03-19 00:00:00-04:00,168.3076490322996,172.25024722312077,167.93170471327795,170.67898559570312,880300,0.0,0.0
2025-03-20 00:00:00-04:00,169.17520437772242,172.22132554793157,168.37511475149702,170.53439331054688,1058200,0.0,0.0
2025-03-21 00:00:00-04:00,169.44511007848044,171.9417662260764,168.37511248538482,171.8260955810547,8883500,0.0,0.0
2025-03-24 00:00:00-04:00,173.54194758468427,176.2603254470757,172.85754331473927,175.78797912597656,924200,0.0,0.0
2025-03-25 00:00:00-04:00,175.80726196481476,177.1760852096531,175.05537334735257,176.39527893066406,708900,0.0,0.0
2025-03-26 00:00:00-04:00,177.59059894789286,178.969071354613,174.90115319945082,175.63375854492188,787400,0.0,0.0
2025-03-27 00:00:00-04:00,175.90366002407157,176.14465035745408,172.9153887154581,173.19493103027344,709300,0.0,0.0
2025-03-28 00:00:00-04:00,172.03817365291223,173.55158523882955,168.0377401585515,168.963134765625,1084900,0.0,0.0
2025-03-31 00:00:00-04:00,167.70999048139535,172.99250923599007,166.8906321644679,172.30809020996094,1286900,0.0,0.0
2025-04-01 00:00:00-04:00,171.43087931157265,171.91285997633227,167.94134400555538,170.01385498046875,1039700,0.0,0.0
2025-04-02 00:00:00-04:00,168.55827184768717,173.52266661028307,168.29799818076137,173.23348999023438,822200,0.0,0.0
2025-04-03 00:00:00-04:00,164.7313446388504,165.20369096723496,157.34739761032563,157.47271728515625,2143500,0.0,0.0
2025-04-04 00:00:00-04:00,152.61435867495746,153.10597363824587,146.77274089513423,151.3612060546875,2483300,0.0,0.0
2025-04-07 00:00:00-04:00,147.52462849119115,159.53559256660296,145.31716362184528,151.96849060058594,2079200,0.0,0.0
2025-04-08 00:00:00-04:00,156.95219698492207,159.24641503853,148.1705083348198,150.93707275390625,1233000,0.0,0.0
2025-04-09 00:00:00-04:00,148.710293153876,163.81556285561894,147.15831508871403,162.00331115722656,1751800,0.0,0.0
2025-04-10 00:00:00-04:00,158.6680236755801,158.6680236755801,147.96804818393835,152.16128540039062,1695900,0.0,0.0
2025-04-11 00:00:00-04:00,149.78995175727178,153.289136121844,148.17050376932997,152.2576904296875,1548700,0.0,0.0
2025-04-14 00:00:00-04:00,151.3419303051681,156.15210268458745,148.450046286598,152.78787231445312,1841600,0.0,0.0
2025-04-15 00:00:00-04:00,152.9324361442347,159.05359555363904,152.8071311922008,153.83856201171875,1400700,0.0,0.0
2025-04-16 00:00:00-04:00,152.88428525864416,156.2292325225652,151.8624738102587,153.1734619140625,1547400,0.0,0.0
2025-04-17 00:00:00-04:00,154.26271606486452,156.5858661834619,153.6554157768053,154.45550537109375,1105100,0.0,0.0
2025-04-21 00:00:00-04:00,152.9710125685459,153.79037080278516,149.39470987193513,151.12020874023438,1816900,0.0,0.0
2025-04-22 00:00:00-04:00,153.07703978289783,156.55694026417777,152.8167661433338,156.16171264648438,1412300,0.0,0.0
2025-04-23 00:00:00-04:00,160.11396761125275,164.80845413628253,158.5041393990131,159.38134765625,1217300,0.0,0.0
2025-04-24 00:00:00-04:00,159.91154771235,163.70955778356486,158.21498103208674,163.06370544433594,1022000,0.0,0.0
2025-04-25 00:00:00-04:00,161.58883891949236,162.62991889818147,160.2585676063537,161.35748291015625,829200,0.0,0.0
2025-04-28 00:00:00-04:00,162.13829287433808,163.18900719461982,161.29001690540213,162.63955688476562,884400,0.0,0.0
2025-04-29 00:00:00-04:00,161.66593990547534,164.37466853379865,161.10684064239837,163.78665161132812,722600,0.0,0.0
2025-04-30 00:00:00-04:00,160.54776686755682,164.02766795289244,159.38136715427817,163.64207458496094,1067600,0.0,0.0
2025-05-01 00:00:00-04:00,163.1022438581959,166.13873068246056,161.31892433494366,164.70242309570312,844600,0.0,0.0
2025-05-02 00:00:00-04:00,167.30513303210358,169.62828346405115,166.6496463607349,168.9920654296875,854200,0.0,0.0
2025-05-05 00:00:00-04:00,167.00628336745822,170.91996361416355,166.30259578690746,169.1077117919922,1004400,0.0,0.0
2025-05-06 00:00:00-04:00,167.3051233421227,168.83781830159634,166.11945504412256,166.33152770996094,1101000,0.0,0.0
2025-05-07 00:00:00-04:00,167.51719665527344,169.13665931803507,166.71710699631558,167.51719665527344,1420500,0.0,0.0
2025-05-08 00:00:00-04:00,168.7799643470063,172.79004650166732,168.7799643470063,171.16094970703125,1261900,0.0,0.0
2025-05-09 00:00:00-04:00,171.30556247412053,171.84537842783604,170.42835419489202,170.76573181152344,872900,0.0,0.0
2025-05-12 00:00:00-04:00,177.77374739877803,181.09941105832056,177.77374739877803,178.0436553955078,1452200,0.0,0.0
2025-05-13 00:00:00-04:00,178.6509451476767,180.7041873735658,177.78337117345458,179.77877807617188,1030800,0.0,0.0
2025-05-14 00:00:00-04:00,179.38354444728276,179.55706511989982,178.10147422711484,178.72805786132812,1125800,0.0,0.0
2025-05-15 00:00:00-04:00,178.69914116283846,180.63669797939298,178.00508788639596,180.24147033691406,762700,0.0,0.0
2025-05-16 00:00:00-04:00,179.76915960566976,181.61031462742804,179.21006025092032,180.96446228027344,1114800,0.0,0.0
2025-05-19 00:00:00-04:00,179.42211607564204,181.36930725264085,178.3424694500971,180.5885009765625,957000,0.0,0.0
2025-05-20 00:00:00-04:00,179.95228434168786,180.76202299407012,178.4388727836369,179.04617309570312,710600,0.0,0.0
2025-05-21 00:00:00-04:00,177.7737522049115,178.11114456438648,173.40700842183472,173.46484375,1280000,0.0,0.0
2025-05-22 00:00:00-04:00,173.26241729737043,175.4024126581515,172.54908060748247,174.10105895996094,976900,0.0,0.0
2025-05-23 00:00:00-04:00,171.96105850203585,173.77331048221157,170.7271891947748,172.9732208251953,1262200,0.0,0.0
2025-05-27 00:00:00-04:00,175.16141704262822,177.59058896633897,173.53232006665178,177.49420166015625,1114000,0.0,0.0
2025-05-28 00:00:00-04:00,177.49419652169283,178.39067345853923,174.80473629338982,174.90113830566406,1009700,0.0,0.0
2025-05-29 00:00:00-04:00,176.0386359699546,176.55918339193414,174.92045186240148,176.36639404296875,1189200,0.0,0.0
2025-05-30 00:00:00-04:00,175.54697831715666,176.70372883908132,174.4962641177598,176.05787658691406,1945000,0.0,0.0
2025-06-02 00:00:00-04:00,175.49465549802062,175.94137144590275,172.67834157661363,174.84397888183594,1280800,1.35,0.0
2025-06-03 00:00:00-04:00,174.3389802502374,177.74767481598047,173.76599664031704,177.3397979736328,1060700,0.0,0.0
2025-06-04 00:00:00-04:00,177.13586083838496,178.34007930234282,174.63033365789008,174.6788787841797,954000,0.0,0.0
2025-06-05 00:00:00-04:00,174.92165867726692,175.6500133717171,173.1930313879116,174.7177276611328,852100,0.0,0.0
2025-06-06 00:00:00-04:00,176.86394685027412,179.0684379866597,176.86394685027412,178.82565307617188,958500,0.0,0.0
2025-06-09 00:00:00-04:00,179.74821280872996,180.23378257577613,178.50515539056485,178.97129821777344,979000,0.0,0.0
2025-06-10 00:00:00-04:00,178.6216928252342,181.34088656707496,178.6216928252342,180.3988800048828,853800,0.0,0.0
2025-06-11 00:00:00-04:00,181.34088022224884,181.92356986740367,178.75766033537587,179.20437622070312,1041000,0.0,0.0
2025-06-12 00:00:00-04:00,178.18467152881306,178.67996215820312,176.3977784030463,178.67996215820312,781200,0.0,0.0
2025-06-13 00:00:00-04:00,177.20382961850348,177.32036161915508,172.40639801283842,172.8919677734375,1301600,0.0,0.0
2025-06-16 00:00:00-04:00,174.29040970367828,176.12586279177648,173.3095641295011,175.0478973388672,992100,0.0,0.0
2025-06-17 00:00:00-04:00,173.43579476111836,175.1644218359355,172.2801364184054,173.1833038330078,1109400,0.0,0.0
2025-06-18 00:00:00-04:00,173.2512911830968,177.20383629615725,173.2512911830968,176.4560546875,1350000,0.0,0.0
2025-06-20 00:00:00-04:00,178.15553527349445,180.010415243285,177.06786379393301,179.7190704345703,3680800,0.0,0.0
2025-06-23 00:00:00-04:00,178.90332593384122,184.22516642490402,178.82563299300068,183.94354248046875,1377000,0.0,0.0
2025-06-24 00:00:00-04:00,185.759566785002,187.63387377007817,184.45824338052384,184.63304138183594,1073300,0.0,0.0
2025-06-25 00:00:00-04:00,184.1766266446078,185.7887220020792,183.19578094365744,185.71102905273438,1065400,0.0,0.0
2025-06-26 00:00:00-04:00,186.35196306723088,188.10972323849407,186.09947212507817,187.90579223632812,977600,0.0,0.0
2025-06-27 00:00:00-04:00,188.14858464355967,189.11972420848656,187.34253702646075,188.1874237060547,1351600,0.0,0.0
2025-06-30 00:00:00-04:00,189.7218291649382,190.5958488606018,187.76984394146876,188.39137268066406,1411900,0.0,0.0
2025-07-01 00:00:00-04:00,187.75039894246981,193.13050518443313,187.50761407053548,191.800048828125,1163200,0.0,0.0
2025-07-02 00:00:00-04:00,193.49954271683026,194.4706822034894,191.1882259966895,194.28616333007812,1434000,0.0,0.0
2025-07-03 00:00:00-04:00,195.46125382348092,197.70458372633465,195.315574005563,196.7334442138672,838300,0.0,0.0
2025-07-07 00:00:00-04:00,196.33527987294238,197.86968213098984,193.80060506984077,194.87857055664062,742200,0.0,0.0
2025-07-08 00:00:00-04:00,195.57779054712006,196.3838381401471,193.94628323960512,195.00482177734375,801800,0.0,0.0
2025-07-09 00:00:00-04:00,196.20901940597994,196.31584534444934,193.15964194779636,194.59693908691406,1033700,0.0,0.0
2025-07-10 00:00:00-04:00,194.69406572390773,198.4232531047803,194.18908379373485,198.16104125976562,1183700,0.0,0.0
2025-07-11 00:00:00-04:00,196.86939955042251,197.40352923618832,195.28643743217455,196.08277893066406,1004400,0.0,0.0
2025-07-14 00:00:00-04:00,195.89827820406884,197.42295964641735,195.36414846882036,197.1898956298828,1307700,0.0,0.0
2025-07-15 00:00:00-04:00,195.8594186437315,196.2770163586051,191.06200168204853,191.58641052246094,1736700,0.0,0.0
2025-07-16 00:00:00-04:00,193.34417005121824,194.3541634846544,185.89553145788446,186.9637908935547,2700300,0.0,0.0
2025-07-17 00:00:00-04:00,187.2939674143886,190.1976798982278,184.73015968808974,189.95489501953125,1751600,0.0,0.0
2025-07-18 00:00:00-04:00,190.34335891527348,190.87748865142262,188.81866265193992,190.5278778076172,1191700,0.0,0.0
2025-07-21 00:00:00-04:00,190.68325949760114,192.43129885970956,189.54701316645136,189.65383911132812,795000,0.0,0.0
2025-07-22 00:00:00-04:00,190.03257069822425,192.5866723311788,190.02286463782983,191.100830078125,1453900,0.0,0.0
2025-07-23 00:00:00-04:00,191.15910126439505,191.67380402911013,188.41077462008658,190.15882873535156,1055400,0.0,0.0
2025-07-24 00:00:00-04:00,190.1588349907826,191.04257554735088,188.04175786150603,188.08059692382812,814900,0.0,0.0
2025-07-25 00:00:00-04:00,187.11915054721638,188.45932779051427,184.68159575247637,188.17770385742188,779400,0.0,0.0
2025-07-28 00:00:00-04:00,188.13886083818213,188.68269661513722,186.9832024029458,188.54673767089844,1140300,0.0,0.0
2025-07-29 00:00:00-04:00,189.41105694857853,190.4210504089465,187.9834954005362,188.73126220703125,590900,0.0,0.0
2025-07-30 00:00:00-04:00,188.67299645556832,189.47904408534308,185.1768880394867,186.02178955078125,731600,0.0,0.0
2025-07-31 00:00:00-04:00,185.53619671893193,186.1091654436729,182.9723891383428,183.25401306152344,861700,0.0,0.0
2025-08-01 00:00:00-04:00,180.16581055580133,180.58339344271963,177.35921789435932,179.65110778808594,1282100,0.0,0.0
2025-08-04 00:00:00-04:00,179.93274066966472,183.19577025977426,179.84534166365447,182.85586547851562,852800,0.0,0.0
2025-08-05 00:00:00-04:00,183.30259851815114,183.73960837212746,179.6122650942353,182.6130828857422,1039200,0.0,0.0
2025-08-06 00:00:00-04:00,182.72961219439077,182.92383713104618,180.1075385035106,180.14637756347656,755800,0.0,0.0
2025-08-07 00:00:00-04:00,181.74875404484777,181.77788704478306,177.84478386939074,178.4371795654297,852700,0.0,0.0
2025-08-08 00:00:00-04:00,179.83561543019027,182.35087813611185,177.72824437700143,181.7681884765625,810900,0.0,0.0
2025-08-11 00:00:00-04:00,182.16636953589907,182.99182931205394,180.2240903189496,181.1272430419922,942900,0.0,0.0
2025-08-12 00:00:00-04:00,182.7684666511797,185.73044534454013,181.92357995542645,185.5653533935547,935000,0.0,0.0
2025-08-13 00:00:00-04:00,186.14800831985383,187.91548928540203,185.34197559206257,187.6338653564453,1031900,0.0,0.0
2025-08-14 00:00:00-04:00,186.8181063120405,188.56616042661506,185.48764990019833,188.35250854492188,761100,0.0,0.0
2025-08-15 00:00:00-04:00,188.46906141155085,188.46906141155085,184.51651629182942,184.58450317382812,741900,0.0,0.0
2025-08-18 00:00:00-04:00,184.39026069317686,185.23516217396676,183.22489620269573,185.16717529296875,729800,0.0,0.0
2025-08-19 00:00:00-04:00,184.84669244523465,187.05118330198596,184.74958738440606,184.86611938476562,640200,0.0,0.0
2025-08-20 00:00:00-04:00,185.69160499482348,188.31367888842718,185.41967228038627,187.604736328125,990100,0.0,0.0
2025-08-21 00:00:00-04:00,186.1674607817247,187.0414953241603,185.26430805479723,186.8763885498047,904500,0.0,0.0
2025-08-22 00:00:00-04:00,188.19711113796254,194.3832796307163,187.73096834209568,193.97540283203125,1111400,0.0,0.0
2025-08-25 00:00:00-04:00,193.16938430511567,193.9560050220304,192.13025780460836,192.17881774902344,645700,0.0,0.0
2025-08-26 00:00:00-04:00,191.60584202176224,194.77175171667878,191.51844301601625,194.3735809326172,878000,0.0,0.0
2025-08-27 00:00:00-04:00,194.1987667765041,197.32583714837068,194.14050077751733,196.18960571289062,884700,0.0,0.0
2025-08-28 00:00:00-04:00,197.25785779511392,197.25785779511392,193.95598930033557,195.00482177734375,848700,0.0,0.0
2025-08-29 00:00:00-04:00,194.86887201500627,196.94711012705082,194.37358134456787,195.8400115966797,748500,0.0,0.0
2025-09-02 00:00:00-04:00,193.66790797685252,194.68545532226562,191.3881940502238,194.68545532226562,1044100,1.5,0.0
2025-09-03 00:00:00-04:00,194.76373190565334,196.49553458736477,192.9927991036067,194.28431701660156,954200,0.0,0.0
2025-09-04 00:00:00-04:00,195.6541064698971,198.4523805135328,194.45065738471237,197.99252319335938,916600,0.0,0.0
2025-09-05 00:00:00-04:00,198.42302468017851,199.55799229266458,194.62676090781045,195.2627410888672,977400,0.0,0.0
2025-09-08 00:00:00-04:00,195.0474871073968,195.3507940698342,192.11223532206026,194.9202880859375,700100,0.0,0.0
2025-09-09 00:00:00-04:00,194.88113362612242,197.27826774531724,194.85178230404313,195.48776245117188,628800,0.0,0.0
2025-09-10 00:00:00-04:00,196.31941493187074,196.48575900203602,193.1591313995919,193.8929443359375,927300,0.0,0.0
2025-09-11 00:00:00-04:00,193.70702882178932,194.62674335830553,191.77954578576146,193.56027221679688,904900,0.0,0.0
2025-09-12 00:00:00-04:00,193.82446454382796,195.52690101580362,192.75797838752464,194.5093536376953,696800,0.0,0.0
2025-09-15 00:00:00-04:00,194.54848051757727,195.3801411437856,191.9850321249001,192.32748413085938,782300,0.0,0.0
2025-09-16 00:00:00-04:00,192.7090716493246,192.7090716493246,188.51165320964827,191.06532287597656,805700,0.0,0.0
2025-09-17 00:00:00-04:00,191.61323371875102,196.76949688889337,190.9772684678738,194.3136749267578,1020100,0.0,0.0
2025-09-18 00:00:00-04:00,194.12777956138316,196.65209798022605,193.47224176365677,196.1041717529297,984500,0.0,0.0
2025-09-19 00:00:00-04:00,195.84977324443057,198.19798353140945,194.58762159889417,197.65985107421875,3604900,0.0,0.0
2025-09-22 00:00:00-04:00,196.26072060184177,197.4641846176559,193.8636012274321,194.60719299316406,1012500,0.0,0.0
2025-09-23 00:00:00-04:00,195.05727158377408,198.61870992314857,192.9536803814964,196.29986572265625,1509900,0.0,0.0
2025-09-24 00:00:00-04:00,196.14331242269566,197.9827416781468,194.24518051942593,195.1355438232422,847000,0.0,0.0
2025-09-25 00:00:00-04:00,194.90071214849488,195.65409760712527,193.61898794671666,194.4995574951172,931600,0.0,0.0
2025-09-26 00:00:00-04:00,196.20201671379212,197.28806049592075,194.8517960848044,195.8204345703125,670900,0.0,0.0
2025-09-29 00:00:00-04:00,195.65411198747628,196.09439679403698,191.91655067206287,194.02015686035156,1175900,0.0,0.0
2025-09-30 00:00:00-04:00,194.05927423808322,195.409494823685,190.55653868331422,193.3548126220703,847700,0.0,0.0
2025-10-01 00:00:00-04:00,192.69928002523565,193.55051320961203,190.62504017213018,191.07510375976562,918000,0.0,0.0
2025-10-02 00:00:00-04:00,190.47826752606133,191.848060665828,189.9695012933558,191.40777587890625,806700,0.0,0.0
2025-10-03 00:00:00-04:00,191.07509550477636,192.35683462505557,189.82272263669088,190.36085510253906,1484900,0.0,0.0
2025-10-06 00:00:00-04:00,192.96345044362457,194.5778329276823,185.81122276433254,185.89927673339844,1499800,0.0,0.0
2025-10-07 00:00:00-04:00,186.39826315287377,187.50387941230292,185.14589027912317,185.48834228515625,1043200,0.0,0.0
2025-10-08 00:00:00-04:00,185.56662040614694,186.49611381370545,183.86416900564066,184.0109405517578,790800,0.0,0.0
2025-10-09 00:00:00-04:00,184.2653320192838,185.72317917183005,182.6509345155655,183.98158264160156,608800,0.0,0.0
2025-10-10 00:00:00-04:00,184.72517355880575,185.2241609648784,176.7119341627181,176.9369659423828,1162500,0.0,0.0
2025-10-13 00:00:00-04:00,178.7763932030943,179.50042731066063,177.4946690510275,178.75682067871094,1015300,0.0,0.0
2025-10-14 00:00:00-04:00,178.36547029081126,184.61755601331697,177.85668913306003,183.00315856933594,1187000,0.0,0.0
2025-10-15 00:00:00-04:00,183.8543912918908,184.11855320342693,179.94072224375458,181.0365447998047,1873600,0.0,0.0
2025-10-16 00:00:00-04:00,181.07569858069695,183.48259680084158,170.988203582045,174.77468872070312,3179000,0.0,0.0
2025-10-17 00:00:00-04:00,173.0722290812552,177.33812894576351,172.22101083974357,176.77064514160156,3049600,0.0,0.0
2025-10-20 00:00:00-04:00,177.72949349771486,179.99942876057736,177.02503185954808,178.14044189453125,1684700,0.0,0.0
2025-10-21 00:00:00-04:00,177.5044562287806,178.95250958281656,177.12287409732983,177.77841186523438,1932600,0.0,0.0
2025-10-22 00:00:00-04:00,178.1012770920472,179.40257372575647,177.00545463395994,178.1893310546875,1224400,0.0,0.0
2025-10-23 00:00:00-04:00,178.9036035374567,179.51021746656795,176.52604181140936,177.18157958984375,1087400,0.0,0.0
2025-10-24 00:00:00-04:00,179.17755623805158,182.1617169147781,178.7079052076116,181.2322235107422,1035600,0.0,0.0
2025-10-27 00:00:00-04:00,182.0834509445885,182.0834509445885,177.55337443033056,178.97207641601562,1186100,0.0,0.0
2025-10-28 00:00:00-04:00,177.86646308092642,178.68834490702457,176.88804584318018,177.4946746826172,1314600,0.0,0.0
2025-10-29 00:00:00-04:00,175.70416901790423,179.7058919297428,175.44978591117163,177.42617797851562,1424900,0.0,0.0
2025-10-30 00:00:00-04:00,177.38703429253619,182.36717405944245,177.38703429253619,178.8546600341797,1187600,0.0,0.0
2025-10-31 00:00:00-04:00,177.3478960659125,180.38099535373826,176.3401275455848,179.9015655517578,873500,0.0,0.0
2025-11-03 00:00:00-05:00,178.31654249259293,179.15798191854307,176.75106893239567,178.7861785888672,1192000,0.0,0.0
2025-11-04 00:00:00-05:00,178.08171019919428,178.08171019919428,176.44775525753784,176.99566650390625,1038400,0.0,0.0
2025-11-05 00:00:00-05:00,176.9271913806725,180.55711098221366,176.18359965254297,179.39280700683594,834000,0.0,0.0
2025-11-06 00:00:00-05:00,179.7058969390548,180.8995671945068,177.85668890879924,179.34388732910156,956300,0.0,0.0
2025-11-07 00:00:00-05:00,178.95251114960902,181.87798413598685,178.4926538423649,181.8486328125,768600,0.0,0.0
2025-11-10 00:00:00-05:00,181.82905314574305,184.31424125275052,180.6843067863276,184.18704223632812,1131300,0.0,0.0
2025-11-11 00:00:00-05:00,184.66647919629685,184.9697861584609,181.89755655642296,182.7292022705078,804400,0.0,0.0
2025-11-12 00:00:00-05:00,182.76834852760916,186.95597323752702,182.76834852760916,184.08920288085938,879900,0.0,0.0
2025-11-13 00:00:00-05:00,183.92288060353363,184.57841840559914,181.88777081992296,182.357421875,856700,0.0,0.0
2025-11-14 00:00:00-05:00,182.36719123972875,183.7369694225211,180.30273023815155,182.92489624023438,862300,0.0,0.0
2025-11-17 00:00:00-05:00,182.3769661167495,182.49438633665193,176.4477600781216,177.1522216796875,970700,0.0,0.0
2025-11-18 00:00:00-05:00,176.1151023796839,179.2851795971246,175.87049807082323,178.16978454589844,780100,0.0,0.0
2025-11-19 00:00:00-05:00,178.89379848630264,179.43193093586902,176.5945270082817,178.68833923339844,586500,0.0,0.0
2025-11-20 00:00:00-05:00,181.5551057478818,182.30849122402046,177.64143667832812,178.80575561523438,819500,0.0,0.0
2025-11-21 00:00:00-05:00,180.175526629515,186.35913067885102,179.3145296205981,184.5294952392578,1192100,0.0,0.0
2025-11-24 00:00:00-05:00,184.1772683669674,184.81323360717263,181.8290580111723,183.53150939941406,1153700,0.0,0.0
2025-11-25 00:00:00-05:00,185.2241638731464,188.44316492817546,184.48057215114397,187.44517517089844,830600,0.0,0.0
2025-11-26 00:00:00-05:00,186.75050223400285,188.17899803771633,186.06561312104282,186.1341094970703,649900,0.0,0.0
2025-11-28 00:00:00-05:00,186.0264785003367,187.2005762269435,185.6644539619482,186.11453247070312,418100,0.0,0.0
2025-12-01 00:00:00-05:00,185.85813024897155,188.86600994911404,185.21709511186017,187.5938262939453,1013300,1.5,0.0
2025-12-02 00:00:00-05:00,188.58987124977935,189.62537794207157,187.58396422126776,188.34332275390625,851300,0.0,0.0
2025-12-03 00:00:00-05:00,188.3236139819597,193.00803550983846,186.85417949588913,192.92913818359375,709500,0.0,0.0
2025-12-04 00:00:00-05:00,192.3176833283565,194.39855323571916,192.27824219018714,192.86996459960938,595000,0.0,0.0
2025-12-05 00:00:00-05:00,191.76542911926387,193.76740182758468,191.71611640736828,192.41632080078125,757600,0.0,0.0
2025-12-08 00:00:00-05:00,192.34727658678733,193.77726996579082,191.25260061385714,193.19540405273438,731100,0.0,0.0
2025-12-09 00:00:00-05:00,193.3729334030785,195.87785969835068,193.3729334030785,194.93112182617188,804900,0.0,0.0
2025-12-10 00:00:00-05:00,194.7535875368151,202.87983154043988,193.83643433694746,201.77529907226562,1349100,0.0,0.0
2025-12-11 00:00:00-05:00,201.66682475444975,204.42815602928363,200.8679949412369,202.909423828125,1033000,0.0,0.0
2025-12-12 00:00:00-05:00,202.8995496373476,203.70822085509678,199.78317312925196,201.02577209472656,903900,0.0,0.0
2025-12-15 00:00:00-05:00,202.68260382922927,203.70823901225927,201.17372814804583,201.8837890625,1250600,0.0,0.0
2025-12-16 00:00:00-05:00,203.03763463323867,203.08693229694666,200.26643177676507,201.2723388671875,1211000,0.0,0.0
2025-12-17 00:00:00-05:00,202.03170819904327,204.4774651631567,202.03170819904327,203.27430725097656,1058200,0.0,0.0
2025-12-18 00:00:00-05:00,203.7673923121474,205.21709864511126,199.93109838873045,200.8482666015625,1228800,0.0,0.0
2025-12-19 00:00:00-05:00,201.3117994697093,203.94493581965347,200.99621014554825,202.9784698486328,2945500,0.0,0.0
2025-12-22 00:00:00-05:00,202.45576990375122,204.81277308133113,202.45576990375122,203.96466064453125,782400,0.0,0.0
2025-12-23 00:00:00-05:00,204.50705651418377,205.38476862182773,203.02776543064047,203.57017517089844,707100,0.0,0.0
2025-12-24 00:00:00-05:00,204.14216848415157,205.32559833530385,202.41632889551744,204.3788604736328,247700,0.0,0.0
2025-12-26 00:00:00-05:00,204.39857634859783,204.98044228310897,202.98832605975608,204.41830444335938,378800,0.0,0.0
2025-12-29 00:00:00-05:00,204.63524593280349,204.6451024550413,201.33149015993934,201.8541717529297,629900,0.0,0.0
2025-12-30 00:00:00-05:00,202.66286716202944,202.66286716202944,200.53268450877607,200.7397918701172,496100,0.0,0.0
2025-12-31 00:00:00-05:00,200.99619809921452,201.60763356797233,198.54058465331542,198.6983642578125,787900,0.0,0.0
2026-01-02 00:00:00-05:00,198.1855581029512,202.09087801929164,196.86404667142284,201.2230224609375,965100,0.0,0.0
2026-01-05 00:00:00-05:00,201.15399533783096,208.382799305699,201.0060722541738,206.55833435058594,981500,0.0,0.0
2026-01-06 00:00:00-05:00,205.25656617911872,209.0632756978936,205.1382126640036,208.41238403320312,922700,0.0,0.0
2026-01-07 00:00:00-05:00,207.0316953846706,208.85616027032586,205.0001381897794,206.65695190429688,1208100,0.0,0.0
2026-01-08 00:00:00-05:00,205.8581438979256,212.51495349236868,205.8581438979256,210.66090393066406,1370200,0.0,0.0
2026-01-09 00:00:00-05:00,210.60173084696862,211.82460177115877,208.65892747107654,208.75753784179688,1148700,0.0,0.0
2026-01-12 00:00:00-05:00,206.88378111919462,208.93506649457575,206.18359178921273,208.6293487548828,1175900,0.0,0.0
2026-01-13 00:00:00-05:00,209.8818280133102,211.02580169146262,205.72994438091922,206.27235412597656,1145100,0.0,0.0
2026-01-14 00:00:00-05:00,205.4439396573346,208.08693233306158,204.5760841288864,206.8936309814453,937200,0.0,0.0
2026-01-15 00:00:00-05:00,206.9922613776273,210.56227889947957,206.57806169675987,209.63526916503906,1213100,0.0,0.0
2026-01-16 00:00:00-05:00,209.5662223039104,212.73191162435904,202.66286439272275,209.34925842285156,1848800,0.0,0.0
2026-01-20 00:00:00-05:00,209.03370367119405,210.93705102115638,206.71614156557047,208.7871551513672,1185600,0.0,0.0
2026-01-21 00:00:00-05:00,209.92126704936908,217.55441444876388,209.74374429452746,216.13429260253906,1703600,0.0,0.0
2026-01-22 00:00:00-05:00,216.46959290273367,219.11258572054084,213.4518415323822,214.457763671875,1356600,0.0,0.0
2026-01-23 00:00:00-05:00,212.34730249685828,214.1520243016507,210.5228375501674,210.86801147460938,1249000,0.0,0.0
2026-01-26 00:00:00-05:00,210.86801227655528,213.26445651861167,210.41435640683136,211.2920684814453,1409100,0.0,0.0
2026-01-27 00:00:00-05:00,212.26839873893053,214.48733520507812,211.29206127650022,214.48733520507812,1068300,0.0,0.0
2026-01-28 00:00:00-05:00,213.72796345092257,214.89166514002002,212.39659554059818,213.89561462402344,1262700,0.0,0.0
2026-01-29 00:00:00-05:00,215.2762922184561,218.43212521204867,214.64512862936294,218.3828125,1314000,0.0,0.0
2026-01-30 00:00:00-05:00,217.01198256352333,219.75360055149258,216.46957287925773,218.51100158691406,1516100,0.0,0.0
2026-02-02 00:00:00-05:00,218.12638669681897,222.97847453039017,216.69640837366606,222.4261932373047,1464200,0.0,0.0
2026-02-03 00:00:00-05:00,222.33744475651247,226.50904135940758,221.8640758277048,224.9705810546875,1758000,0.0,0.0
2026-02-04 00:00:00-05:00,226.82462792001073,232.51497171217517,226.4400128485062,229.0534210205078,1709400,0.0,0.0
2026-02-05 00:00:00-05:00,228.52088362807865,231.2822299433653,227.05144909452608,230.71023559570312,1676700,0.0,0.0
2026-02-06 00:00:00-05:00,232.90943618469336,235.24671115943318,232.25854453031923,234.72402954101562,1265800,0.0,0.0
2026-02-09 00:00:00-05:00,233.5208804463465,235.2565915900445,230.11851401307752,232.98834228515625,1150800,0.0,0.0
2026-02-10 00:00:00-05:00,231.77532501269468,234.211225469264,230.01990084413984,232.9488983154297,891200,0.0,0.0
2026-02-11 00:00:00-05:00,234.35914640368713,235.70037087334333,229.76347865711676,231.47946166992188,1524200,0.0,0.0
2026-02-12 00:00:00-05:00,232.87985685170347,234.85224490500767,225.2072685282002,228.20529174804688,1316400,0.0,0.0
2026-02-13 00:00:00-05:00,226.27236189037592,229.31969784821823,223.44198982417223,225.5524444580078,1520600,0.0,0.0
2026-02-17 00:00:00-05:00,226.4991871972056,228.92523119787094,224.5958398908698,225.207275390625,1152500,0.0,0.0
2026-02-18 00:00:00-05:00,225.77925806718014,228.88576316580924,225.44395571680056,228.5504608154297,913100,0.0,0.0
2026-02-19 00:00:00-05:00,226.94296522519832,228.47156898036047,224.0534239422199,225.94691467285156,934600,0.0,0.0
2026-02-20 00:00:00-05:00,225.91733502728604,229.68458847738734,223.61950108249334,229.30984497070312,963900,0.0,0.0
2026-02-23 00:00:00-05:00,228.83644840455256,230.29602635452005,218.44197029908105,219.05340576171875,1829500,0.0,0.0
2026-02-24 00:00:00-05:00,218.24474630731834,219.14218650450326,215.02974407303546,215.5031280517578,1249100,0.0,0.0
2026-02-25 00:00:00-05:00,217.455775158744,220.7595310500207,217.09088819723397,219.44789123535156,1154400,0.0,0.0
2026-02-26 00:00:00-05:00,220.41436559258608,223.96467011802605,219.99030938300314,222.23883056640625,1471800,0.0,0.0
2026-02-27 00:00:00-05:00,219.6155494952145,219.6155494952145,211.28221300648113,213.984375,1988700,0.0,0.0
2026-03-02 00:00:00-05:00,210.51860261271688,219.20786967781288,210.51860261271688,217.97647094726562,1160000,1.5,0.0
2026-03-03 00:00:00-05:00,214.3220276881624,219.5554383682377,212.4352062584303,217.4600830078125,958100,0.0,0.0
2026-03-04 00:00:00-05:00,218.50278697923227,218.50278697923227,216.13930153268484,217.71827697753906,783900,0.0,0.0
2026-03-05 00:00:00-05:00,216.50675352739384,217.410425810164,212.90194407383493,214.4908447265625,1421400,0.0,0.0
2026-03-06 00:00:00-05:00,206.7648388593811,210.0915777040812,205.41427789698488,208.9992218017578,1542200,0.0,0.0
2026-03-09 00:00:00-04:00,203.36856667254455,208.54241125719227,200.24043656483838,207.2117156982422,1137600,0.0,0.0
2026-03-10 00:00:00-04:00,207.70824285073328,210.9456100283119,202.5939794467457,202.70321655273438,1623500,0.0,0.0
2026-03-11 00:00:00-04:00,201.32286601258798,202.98127288228326,198.28410760746496,201.79954528808594,1846100,0.0,0.0
2026-03-12 00:00:00-04:00,197.55917949070056,200.24043602621921,196.62570151359955,196.82431030273438,1249700,0.0,0.0
2026-03-13 00:00:00-04:00,198.38341311982023,199.43605330140477,194.53033910914894,194.89776611328125,700700,0.0,0.0
2026-03-16 00:00:00-04:00,196.60583816767155,199.40627212858553,195.35458914530034,196.9534149169922,1085200,0.0,0.0
2026-03-17 00:00:00-04:00,199.4857221828209,200.8263429118854,197.7677189838803,198.73098754882812,1091700,0.0,0.0
2026-03-18 00:00:00-04:00,198.4032705019247,199.5353572674141,195.16590329781133,195.70216369628906,1008500,0.0,0.0
2026-03-19 00:00:00-04:00,194.9573762364744,196.2979969741076,192.6038157876377,194.8779296875,1390300,0.0,0.0
2026-03-20 00:00:00-04:00,195.88091105792887,197.4300808578046,194.43103807814182,196.774658203125,2787100,0.0,0.0
2026-03-23 00:00:00-04:00,201.53141596501223,203.02100461343454,199.12821476390306,199.26724243164062,1175400,0.0,0.0
2026-03-24 00:00:00-04:00,197.45987087253494,203.65656520776454,197.20168095756352,202.36558532714844,1049000,0.0,0.0
2026-03-25 00:00:00-04:00,203.92469896265146,205.7817146918931,201.42218570542204,203.328857421875,795100,0.0,0.0
2026-03-26 00:00:00-04:00,201.9782930343154,204.7588615902033,201.9385773369351,204.3020477294922,1020400,0.0,0.0
2026-03-27 00:00:00-04:00,203.88495825414046,204.8879576275244,198.77071002911612,199.5353546142578,1123100,0.0,0.0
2026-03-30 00:00:00-04:00,200.84619959585035,201.98821148048478,198.73097889951663,199.73397827148438,1474000,0.0,0.0
2026-03-31 00:00:00-04:00,201.11432645864915,207.3904518815624,201.0944610345063,205.28517150878906,1681600,0.0,0.0
2026-04-01 00:00:00-04:00,206.92371334231132,209.16803653591703,205.2653065155574,207.52947998046875,741800,0.0,0.0
2026-04-02 00:00:00-04:00,203.8750412537838,209.16804820476304,203.4976739376201,208.70130920410156,689500,0.0,0.0
2026-04-06 00:00:00-04:00,209.14818386962335,210.89596248250257,208.055812766024,210.54840087890625,500500,0.0,0.0
2026-04-07 00:00:00-04:00,209.61492191994228,211.68048671825431,209.03894580910608,210.6377716064453,1384100,0.0,0.0
2026-04-08 00:00:00-04:00,217.1323608868223,218.47299670045396,215.89103704193337,217.5196533203125,1028100,0.0,0.0
2026-04-09 00:00:00-04:00,216.23862544857204,222.10760854060675,215.95064496828422,221.4422607421875,731800,0.0,0.0
2026-04-10 00:00:00-04:00,220.93578355012082,222.1771074207661,218.29425786957594,218.3935546875,777700,0.0,0.0
2026-04-13 00:00:00-04:00,216.83446252685096,220.3200945446543,215.86125368988795,219.75404357910156,916000,0.0,0.0
2026-04-14 00:00:00-04:00,218.75106231452972,220.10162332738358,217.1621616572147,218.97946166992188,1098200,0.0,0.0
2026-04-15 00:00:00-04:00,219.9030125652647,219.99238424880787,211.79964656066826,215.5931396484375,1646600,0.0,0.0
2026-04-16 00:00:00-04:00,213.9049234596998,216.64577626560916,213.7758360810314,215.4441680908203,1145400,0.0,0.0
2026-04-17 00:00:00-04:00,216.44716710759093,219.32703242319158,214.72916396242078,217.27139282226562,1378100,0.0,0.0
2026-04-20 00:00:00-04:00,216.52659610993294,220.01224319425495,215.60305843476053,218.15521240234375,999400,0.0,0.0
2026-04-21 00:00:00-04:00,217.53952358553664,220.57828200098552,216.55640477634984,217.38063049316406,1109600,0.0,0.0
2026-04-22 00:00:00-04:00,217.47994272676803,218.473001825977,215.4143779820678,216.05987548828125,853500,0.0,0.0
2026-04-23 00:00:00-04:00,216.6755655727552,218.41341898267095,215.19590207156185,218.17507934570312,907500,0.0,0.0
2026-04-24 00:00:00-04:00,217.92680954169526,217.92680954169526,213.15019784689127,213.42825317382812,699600,0.0,0.0
2026-04-27 00:00:00-04:00,213.70631818472165,217.63883894126644,213.70631818472165,216.40744018554688,1076000,0.0,0.0
2026-04-28 00:00:00-04:00,217.68849572098713,219.48593029842974,215.18598250315517,216.01022338867188,953400,0.0,0.0
2026-04-29 00:00:00-04:00,215.65271131009789,216.367715052835,211.20379576576067,214.0439453125,1280700,0.0,0.0
2026-04-30 00:00:00-04:00,212.58417118835337,217.75800067161552,211.4222786938226,217.11251831054688,937300,0.0,0.0
2026-05-01 00:00:00-04:00,216.9436972440694,217.67855127884056,214.59013687755072,214.93771362304688,744300,0.0,0.0
2026-05-04 00:00:00-04:00,213.27931417818957,215.6825154610389,211.90888772610728,212.59410095214844,929400,0.0,0.0
2026-05-05 00:00:00-04:00,212.90194419556127,215.49382910566626,211.62090459763795,213.984375,1111200,0.0,0.0
2026-05-06 00:00:00-04:00,215.90097879487408,217.9466780806653,215.82153224991686,215.91090393066406,796300,0.0,0.0
2026-05-07 00:00:00-04:00,214.99729962704,216.04001473432908,211.27332792449315,211.5414581298828,1069500,0.0,0.0
2026-05-08 00:00:00-04:00,212.28624794380846,212.3756196260728,210.31005488075866,210.6675567626953,668400,0.0,0.0
2026-05-11 00:00:00-04:00,211.30310933284917,211.30310933284917,205.95052151036214,206.5364227294922,1010100,0.0,0.0
2026-05-12 00:00:00-04:00,206.7251103313785,208.10546186960744,203.6565613594196,207.30108642578125,1052800,0.0,0.0
2026-05-13 00:00:00-04:00,206.9435801152933,206.9435801152933,202.08752184273055,202.6634979248047,722700,0.0,0.0
2026-05-14 00:00:00-04:00,204.63969251692296,207.11239993586793,203.82537679544228,204.31198120117188,734200,0.0,0.0
2026-05-15 00:00:00-04:00,204.72906259459828,205.08656446781106,201.4420394799113,203.47779846191406,1174300,0.0,0.0
2026-05-18 00:00:00-04:00,204.11335856697335,206.02004535314535,203.8353032341731,204.8383026123047,800900,0.0,0.0
2026-05-19 00:00:00-04:00,204.29211574534062,206.74497289232102,201.59099382763654,205.12628173828125,882000,0.0,0.0
2026-05-20 00:00:00-04:00,206.07962267010367,209.66456652276156,203.64663097657152,208.95948791503906,771300,0.0,0.0
2026-05-21 00:00:00-04:00,207.6188796386038,211.49180418549878,206.35769030035655,210.8562469482422,1667400,0.0,0.0
2026-05-22 00:00:00-04:00,211.27332450001302,212.82249427870164,210.68742326500018,211.70033264160156,718800,0.0,0.0
2026-05-26 00:00:00-04:00,211.48186606592023,214.8582608403971,211.48186606592023,213.73609924316406,872600,0.0,0.0
2026-05-27 00:00:00-04:00,214.69938109889347,216.01022642524015,212.653681713425,213.60702514648438,733000,0.0,0.0
2026-05-28 00:00:00-04:00,212.22666813517515,213.68645107982778,211.48187380593959,212.82249450683594,809200,0.0,0.0
2026-05-29 00:00:00-04:00,213.0111748688571,214.8284748224474,212.51464532370827,214.61000061035156,1668300,0.0,0.0
2026-06-01 00:00:00-04:00,211.57000732421875,213.49000549316406,210.72999572753906,211.6199951171875,935400,1.5,0.0
2026-06-02 00:00:00-04:00,211.0399932861328,218.05999755859375,209.74000549316406,217.2899932861328,803100,0.0,0.0
2026-06-03 00:00:00-04:00,216.2100067138672,216.22000122070312,213.67999267578125,214.02999877929688,988000,0.0,0.0
2026-06-04 00:00:00-04:00,216.94000244140625,221.7899932861328,216.77000427246094,221.72999572753906,907700,0.0,0.0
2026-06-05 00:00:00-04:00,222.5,224.6699981689453,221.88999938964844,222.44000244140625,1181300,0.0,0.0
2026-06-08 00:00:00-04:00,223.1199951171875,224.88999938964844,222.16000366210938,222.6300048828125,1178300,0.0,0.0
2026-06-09 00:00:00-04:00,224.22999572753906,227.1699981689453,223.1699981689453,225.42999267578125,1021900,0.0,0.0
2026-06-10 00:00:00-04:00,226.3000030517578,228.38999938964844,222.11000061035156,223.92999267578125,1581900,0.0,0.0
2026-06-11 00:00:00-04:00,224.13999938964844,228.39999389648438,222.82000732421875,227.82000732421875,1043900,0.0,0.0
2026-06-12 00:00:00-04:00,229.64999389648438,232.02999877929688,229.17999267578125,231.8800048828125,1027600,0.0,0.0
2026-06-15 00:00:00-04:00,233.22999572753906,233.22999572753906,225.63999938964844,225.94000244140625,1317900,0.0,0.0
2026-06-16 00:00:00-04:00,227.67999267578125,229.58999633789062,226.6199951171875,228.35000610351562,976500,0.0,0.0
2026-06-17 00:00:00-04:00,228.1699981689453,230.1999969482422,224.0500030517578,225.85000610351562,1095200,0.0,0.0
2026-06-18 00:00:00-04:00,228.05999755859375,228.25,224.75999450683594,225.1199951171875,2933400,0.0,0.0
2026-06-22 00:00:00-04:00,226.69000244140625,228.94000244140625,226.49000549316406,227.72999572753906,1112300,0.0,0.0
2026-06-23 00:00:00-04:00,228.3300018310547,231.75999450683594,226.89999389648438,231.24000549316406,1054900,0.0,0.0
2026-06-24 00:00:00-04:00,231.07000732421875,234.39999389648438,231.07000732421875,233.25999450683594,974900,0.0,0.0
2026-06-25 00:00:00-04:00,233.5800018310547,237.60000610351562,233.5800018310547,236.77000427246094,1083100,0.0,0.0
2026-06-26 00:00:00-04:00,237.0800018310547,238.0,235.24000549316406,237.25999450683594,1571400,0.0,0.0
2026-06-29 00:00:00-04:00,235.74000549316406,239.8300018310547,235.6699981689453,239.1999969482422,1101400,0.0,0.0
2026-06-30 00:00:00-04:00,237.9199981689453,239.47999572753906,236.94000244140625,238.00999450683594,1276100,0.0,0.0
2026-07-01 00:00:00-04:00,237.77999877929688,242.9499969482422,236.6199951171875,241.9499969482422,1075500,0.0,0.0
2026-07-02 00:00:00-04:00,243.57000732421875,243.57000732421875,237.49000549316406,238.8800048828125,728300,0.0,0.0
2026-07-06 00:00:00-04:00,237.19000244140625,240.91000366210938,236.5,239.9199981689453,886800,0.0,0.0
2026-07-07 00:00:00-04:00,240.50999450683594,242.0,239.0800018310547,239.75,717900,0.0,0.0
2026-07-08 00:00:00-04:00,238.4600067138672,238.4600067138672,232.0399932861328,234.6300048828125,973100,0.0,0.0
2026-07-09 00:00:00-04:00,236.22999572753906,239.0,235.2100067138672,237.94000244140625,719100,0.0,0.0
2026-07-10 00:00:00-04:00,239.14999389648438,243.0,238.50999450683594,242.33999633789062,1392700,0.0,0.0
2026-07-13 00:00:00-04:00,243.66000366210938,244.57000732421875,241.39999389648438,242.5500030517578,1157100,0.0,0.0
2026-07-14 00:00:00-04:00,242.60000610351562,246.47999572753906,240.74000549316406,241.85000610351562,1281500,0.0,0.0
2026-07-15 00:00:00-04:00,243.75999450683594,248.74000549316406,241.38999938964844,248.52999877929688,2098500,0.0,0.0
2026-07-16 00:00:00-04:00,250.8800048828125,254.35000610351562,249.8300018310547,254.0399932861328,1719800,0.0,0.0
2026-07-17 00:00:00-04:00,252.25,255.0,248.75,249.24000549316406,1110100,0.0,0.0
2026-07-20 00:00:00-04:00,250.1699981689453,250.67999267578125,247.0,249.44000244140625,1344700,0.0,0.0
2026-07-21 00:00:00-04:00,249.9499969482422,249.9499969482422,246.22999572753906,248.66000366210938,1113000,0.0,0.0
2026-07-22 00:00:00-04:00,249.05999755859375,251.0399932861328,247.13999938964844,250.72999572753906,1205100,0.0,0.0
2026-07-23 00:00:00-04:00,246.97999572753906,247.64999389648438,244.2899932861328,245.97000122070312,1046400,0.0,0.0
2026-07-24 00:00:00-04:00,246.74000549316406,249.7100067138672,245.85000610351562,249.60000610351562,1259300,0.0,0.0
2026-07-27 00:00:00-04:00,250.27999877929688,252.14999389648438,247.0500030517578,248.27999877929688,1089700,0.0,0.0
2026-07-28 00:00:00-04:00,250.13999938964844,253.5800018310547,249.11000061035156,252.61000061035156,1333200,0.0,0.0
2026-07-29 00:00:00-04:00,251.44000244140625,252.8800048828125,249.36000061035156,250.3300018310547,1167600,0.0,0.0
2026-07-30 00:00:00-04:00,250.82000732421875,251.10000610351562,246.74000549316406,247.0,1116200,0.0,0.0
2026-07-31 00:00:00-04:00,247.4600067138672,248.72999572753906,245.6300048828125,246.2899932861328,1152800,0.0,0.0
2026-08-03 00:00:00-04:00,246.67999267578125,249.72000122070312,246.30999755859375,249.47999572753906,1191500,0.0,0.0
2026-08-04 00:00:00-04:00,249.1999969482422,254.67999267578125,248.59500122070312,253.05999755859375,811847,0.0,0.0
