Date,Open,High,Low,Close,Volume,Dividends,Stock Splits
2022-01-03 00:00:00-05:00,826.0184079507419,829.3734098437054,814.4062321031857,820.0728759765625,470800,0.0,0.0
2022-01-04 00:00:00-05:00,825.4605987220683,834.2394242482181,824.4172389206545,825.0108642578125,495800,0.0,0.0
2022-01-05 00:00:00-05:00,825.8475040140145,832.4585793620591,801.2740037597949,802.1195068359375,573300,0.0,0.0
2022-01-06 00:00:00-05:00,803.549519925581,807.8849665931297,795.1575146515586,805.4653930664062,637000,0.0,0.0
2022-01-07 00:00:00-05:00,805.2676208391783,806.4908854906656,795.1305877466456,802.5692138671875,643300,0.0,0.0
2022-01-10 00:00:00-05:00,799.3581283220168,800.4104917026683,776.0978726619278,785.5422973632812,788500,0.0,0.0
2022-01-11 00:00:00-05:00,784.1121407521455,799.5470054239066,775.1354572419463,798.8994140625,744500,0.0,0.0
2022-01-12 00:00:00-05:00,805.5193637778549,809.4950009507975,792.3061634185331,796.12890625,650900,0.0,0.0
2022-01-13 00:00:00-05:00,801.184002474976,801.5707675559448,777.2491456303171,780.361328125,795900,0.0,0.0
2022-01-14 00:00:00-05:00,760.0512404752141,772.4189381752544,749.1406780395312,763.289306640625,1239700,0.0,0.0
2022-01-18 00:00:00-05:00,751.0564998479989,755.5088816952059,741.3332436447381,748.3580932617188,1018400,0.0,0.0
2022-01-19 00:00:00-05:00,755.5538960762416,755.5538960762416,742.0618622177374,742.5115966796875,795100,0.0,0.0
2022-01-20 00:00:00-05:00,744.9041865310119,761.5533656923642,740.9285491168183,743.4560546875,945800,0.0,0.0
2022-01-21 00:00:00-05:00,742.8714833444697,742.8714833444697,718.4868365621585,720.4027099609375,1248100,0.0,0.0
2022-01-24 00:00:00-05:00,701.1900610305938,709.1503398297332,678.24459774301,707.72021484375,1688700,0.0,0.0
2022-01-25 00:00:00-05:00,696.1981637756497,724.7023448991388,687.0775329183847,718.2711181640625,1220000,0.0,0.0
2022-01-26 00:00:00-05:00,729.4693908837426,737.5376018147582,705.2647031914626,715.5006103515625,942700,0.0,0.0
2022-01-27 00:00:00-05:00,726.4651006609818,732.680462128473,704.9048553118287,708.74560546875,696600,0.0,0.0
2022-01-28 00:00:00-05:00,705.8583179336896,727.3016836625143,694.9747646821718,726.8969116210938,602800,0.0,0.0
2022-01-31 00:00:00-05:00,724.2614173630337,740.8655791447086,724.0815125921027,740.208984375,611200,0.0,0.0
2022-02-01 00:00:00-05:00,744.6794281824898,747.7466485148739,738.077355822872,742.91650390625,631900,0.0,0.0
2022-02-02 00:00:00-05:00,746.604242209749,746.7031706252242,733.5439894908526,739.822265625,1030400,0.0,0.0
2022-02-03 00:00:00-05:00,734.416483142823,740.9196268403743,721.8149129029371,724.7651977539062,582600,0.0,0.0
2022-02-04 00:00:00-05:00,721.374165582675,735.2619696696623,717.1466501411843,728.4080200195312,667400,0.0,0.0
2022-02-07 00:00:00-05:00,728.5700004714437,741.8461737083572,722.9393148937985,734.7943115234375,568500,0.0,0.0
2022-02-08 00:00:00-05:00,733.9485746465947,735.6575874212632,720.726426471128,726.22216796875,971600,0.0,0.0
2022-02-09 00:00:00-05:00,736.8900534053863,741.9450653090083,731.2413611576455,731.2683715820312,1197800,0.0,0.0
2022-02-10 00:00:00-05:00,722.9301815237664,728.6148320322174,692.7800188209675,699.957763671875,2082100,0.0,0.0
2022-02-11 00:00:00-05:00,704.4460746324894,706.0741112105045,691.0260134806024,694.8307495117188,1271900,0.0,0.0
2022-02-14 00:00:00-05:00,688.0938171790312,696.072103190201,677.2552262020056,683.8753051757812,951400,0.0,0.0
2022-02-15 00:00:00-05:00,698.1677261567207,705.4084393551474,696.5936556831836,702.6560668945312,550400,0.0,0.0
2022-02-16 00:00:00-05:00,699.0403666133143,708.5567648117693,698.4827001779814,704.6620483398438,627200,0.0,0.0
2022-02-17 00:00:00-05:00,696.0181466153459,699.4361180413649,684.4329808056306,685.8451538085938,497600,0.0,0.0
2022-02-18 00:00:00-05:00,684.1360688356112,688.5344852246643,676.8054297530845,680.0165405273438,494300,0.0,0.0
2022-02-22 00:00:00-05:00,674.6017502618319,682.1573118244568,662.6837860072062,670.5361328125,690100,0.0,0.0
2022-02-23 00:00:00-05:00,675.5012310521788,681.3028171855359,657.6647450921586,658.85205078125,814100,0.0,0.0
2022-02-24 00:00:00-05:00,638.8748796713329,660.8128872699692,634.4584560548119,658.222412109375,1173900,0.0,0.0
2022-02-25 00:00:00-05:00,662.0542001305722,675.4742633265024,659.67064002692,675.3843383789062,676400,0.0,0.0
2022-02-28 00:00:00-05:00,665.6790433186968,672.5689518109558,661.4874869694727,669.1060180664062,795800,0.0,0.0
2022-03-01 00:00:00-05:00,665.9218824300888,667.1452020490557,640.1341204008407,642.949462890625,863400,0.0,0.0
2022-03-02 00:00:00-05:00,647.6176548106372,670.8239431281726,645.8367238276611,663.8440551757812,948200,0.0,0.0
2022-03-03 00:00:00-05:00,671.8762773509467,676.8503668637134,656.2255509769561,663.5472412109375,694400,0.0,0.0
2022-03-04 00:00:00-05:00,653.7412025009176,656.8287924510585,629.7556096061006,630.7335205078125,2160700,4.88,0.0
2022-03-07 00:00:00-05:00,630.1993501374502,635.4057384467753,611.0398654756549,613.0590209960938,1154400,0.0,0.0
2022-03-08 00:00:00-05:00,611.1845103827075,614.1725124916179,597.7384732602092,600.2012939453125,1180200,0.0,0.0
2022-03-09 00:00:00-05:00,622.004849897259,635.9760706668462,615.7119010322755,627.709228515625,1432500,0.0,0.0
2022-03-10 00:00:00-05:00,617.106432529064,639.0910009243967,616.9615834230616,631.2859497070312,1007800,0.0,0.0
2022-03-11 00:00:00-05:00,634.1560832361903,638.3302344344207,621.3257493776919,622.0863037109375,814600,0.0,0.0
2022-03-14 00:00:00-04:00,630.099690177912,643.2288417898883,628.7143117910542,631.5846557617188,758700,0.0,0.0
2022-03-15 00:00:00-04:00,636.1571764315526,647.4029577906355,634.1470294193115,640.7659301757812,639400,0.0,0.0
2022-03-16 00:00:00-04:00,654.4293707911812,662.7596022906674,644.2248330594492,661.9899291992188,1162300,0.0,0.0
2022-03-17 00:00:00-04:00,652.8900702023947,672.7830272552363,652.8900702023947,670.8815307617188,544800,0.0,0.0
2022-03-18 00:00:00-04:00,672.2577522638753,672.2577522638753,660.4234016660042,668.7626953125,1227100,0.0,0.0
2022-03-21 00:00:00-04:00,669.9308342898604,673.6431931138973,659.1105910141978,664.4528198242188,589300,0.0,0.0
2022-03-22 00:00:00-04:00,670.2566925117027,678.3062330570003,667.6761575025569,676.2598876953125,565600,0.0,0.0
2022-03-23 00:00:00-04:00,676.232833678171,676.232833678171,660.6860672302013,666.8341674804688,761300,0.0,0.0
2022-03-24 00:00:00-04:00,670.0755553255282,673.11793819044,664.9054221439651,668.4819946289062,463000,0.0,0.0
2022-03-25 00:00:00-04:00,670.0031625734135,673.6249969573158,665.8018214245333,670.9810180664062,419800,0.0,0.0
2022-03-28 00:00:00-04:00,674.1138583044781,681.194550459345,670.0392950239271,678.9852294921875,448900,0.0,0.0
2022-03-29 00:00:00-04:00,693.3822150768389,703.3241342803374,690.1044036197819,700.1369018554688,795100,0.0,0.0
2022-03-30 00:00:00-04:00,703.1338902882948,709.037498259229,700.109689402862,703.8673095703125,791800,0.0,0.0
2022-03-31 00:00:00-04:00,709.5536249399537,710.3141792525047,691.92431640625,691.92431640625,931600,0.0,0.0
2022-04-01 00:00:00-04:00,695.392223821789,701.5765217031005,692.2774439419949,696.98583984375,683300,0.0,0.0
2022-04-04 00:00:00-04:00,698.5613024787033,714.0899394096548,696.9314880689793,708.27685546875,882000,0.0,0.0
2022-04-05 00:00:00-04:00,706.0133594055045,707.3987378710423,690.1316322420329,692.1598510742188,754100,0.0,0.0
2022-04-06 00:00:00-04:00,681.1311162514062,686.4099544676509,667.3953270947303,674.7747802734375,845600,0.0,0.0
2022-04-07 00:00:00-04:00,674.7749794179051,682.0277125558514,666.517200371468,678.0889892578125,475500,0.0,0.0
2022-04-08 00:00:00-04:00,676.3775775352144,676.3775775352144,664.7877184510263,666.508056640625,820900,0.0,0.0
2022-04-11 00:00:00-04:00,663.293629866956,667.8481127640389,658.5309091943525,659.5178833007812,591700,0.0,0.0
2022-04-12 00:00:00-04:00,659.5360376665103,666.2545247122162,644.1794405829495,649.0598754882812,955300,0.0,0.0
2022-04-13 00:00:00-04:00,649.2138237032736,658.3227351139574,643.853524203468,648.0729370117188,908700,0.0,0.0
2022-04-14 00:00:00-04:00,648.3174915529778,651.3054942050543,623.0823620470604,623.1094970703125,1103900,0.0,0.0
2022-04-18 00:00:00-04:00,622.0500632790958,626.1155635839218,613.4120080598958,615.7118530273438,834100,0.0,0.0
2022-04-19 00:00:00-04:00,617.0701127832795,638.0405122555519,617.0701127832795,635.24267578125,998200,0.0,0.0
2022-04-20 00:00:00-04:00,640.8021530164126,643.5909258326268,631.584590707278,632.9155883789062,928200,0.0,0.0
2022-04-21 00:00:00-04:00,641.9429956713765,642.0607097176312,615.4130681508931,617.0338745117188,804900,0.0,0.0
2022-04-22 00:00:00-04:00,616.6174145101338,619.1708148407644,599.8936177685202,600.2648315429688,797000,0.0,0.0
2022-04-25 00:00:00-04:00,597.874317165796,605.8242703955555,586.7371871660685,605.0999145507812,1138200,0.0,0.0
2022-04-26 00:00:00-04:00,600.0111480537317,605.5978671875303,585.7049137871475,585.876953125,806200,0.0,0.0
2022-04-27 00:00:00-04:00,585.0528698610267,593.5732085936752,581.0869578781741,582.2278442382812,631800,0.0,0.0
2022-04-28 00:00:00-04:00,588.5480013486485,592.5320406944666,578.8777115890342,589.42626953125,1127300,0.0,0.0
2022-04-29 00:00:00-04:00,587.6789094627355,589.707183423948,564.2999586117643,565.6219482421875,1011600,0.0,0.0
2022-05-02 00:00:00-04:00,570.1763010040389,571.117957963696,552.329693789702,565.73046875,1537000,0.0,0.0
2022-05-03 00:00:00-04:00,570.9007514632101,581.0328361307456,566.0565144486803,571.3987426757812,887200,0.0,0.0
2022-05-04 00:00:00-04:00,572.5396361507628,603.4791436090924,570.4389653924608,602.3382568359375,1038100,0.0,0.0
2022-05-05 00:00:00-04:00,589.7161321009963,594.7957970239902,567.3875465690124,573.8887329101562,889500,0.0,0.0
2022-05-06 00:00:00-04:00,571.616014554579,576.8676634866067,558.6317689192947,569.1893920898438,725700,0.0,0.0
2022-05-09 00:00:00-04:00,558.414340807657,565.32299359887,546.3898806391958,548.3094482421875,1079400,0.0,0.0
2022-05-10 00:00:00-04:00,557.3096250773154,566.1559710106362,539.4992744665333,552.537841796875,1179800,0.0,0.0
2022-05-11 00:00:00-04:00,547.5852058191497,562.6429882443757,542.9492617508164,543.5921020507812,1170600,0.0,0.0
2022-05-12 00:00:00-04:00,536.9369740877105,547.6576287131618,530.644025480095,543.6373901367188,1117500,0.0,0.0
2022-05-13 00:00:00-04:00,549.3146411471882,564.4630035253823,546.0731386319821,557.1559448242188,1684400,0.0,0.0
2022-05-16 00:00:00-04:00,543.2751714969684,547.9473136553266,527.9276368492173,542.0075073242188,2287300,0.0,0.0
2022-05-17 00:00:00-04:00,557.4999724786401,566.246678833957,541.7811681106101,553.8871459960938,1564500,0.0,0.0
2022-05-18 00:00:00-04:00,547.7029388137804,549.0701903243728,531.875482796275,535.90478515625,967300,0.0,0.0
2022-05-19 00:00:00-04:00,530.146007784483,542.7047140857079,527.5020841591743,537.0093994140625,1301100,0.0,0.0
2022-05-20 00:00:00-04:00,540.423084514796,549.776489770955,531.640178011698,543.6737060546875,1200800,0.0,0.0
2022-05-23 00:00:00-04:00,552.085339436443,557.1921399897228,543.1303945058994,553.6970825195312,918600,0.0,0.0
2022-05-24 00:00:00-04:00,550.7361463700341,563.3944402890527,538.3223439650114,559.8903198242188,1133600,0.0,0.0
2022-05-25 00:00:00-04:00,556.8570536324296,573.6623634794273,556.8570536324296,567.3603515625,959300,0.0,0.0
2022-05-26 00:00:00-04:00,571.6342230016119,591.210236697888,571.5346358029605,590.7575073242188,1651200,0.0,0.0
2022-05-27 00:00:00-04:00,594.7504323405523,609.1200552499084,594.1075921331725,603.5153198242188,980700,0.0,0.0
2022-05-31 00:00:00-04:00,597.3038830701885,608.6402428801947,592.5230902087351,605.8242797851562,2519000,0.0,0.0
2022-06-01 00:00:00-04:00,609.0840550045707,612.5429144570827,596.5525354191152,598.0646362304688,919900,0.0,0.0
2022-06-02 00:00:00-04:00,599.7849163651566,624.0421920553807,598.9700366353322,621.58837890625,955500,0.0,0.0
2022-06-03 00:00:00-04:00,614.2288854508678,617.767221930454,609.0673225003964,612.58740234375,788500,4.88,0.0
2022-06-06 00:00:00-04:00,620.6580523702622,627.3699258822503,614.7486358634185,615.870361328125,605300,0.0,0.0
2022-06-07 00:00:00-04:00,608.3287405120498,620.1839784028653,608.1280844658303,619.7644653320312,545100,0.0,0.0
2022-06-08 00:00:00-04:00,614.7762124458599,617.7673514096754,603.9606003835803,604.0791015625,481900,0.0,0.0
2022-06-09 00:00:00-04:00,602.5833496335655,611.2467902442335,601.388708996829,601.7443237304688,969000,0.0,0.0
2022-06-10 00:00:00-04:00,586.0863440760123,591.4850202139768,563.2786865234375,563.2786865234375,1149800,0.0,0.0
2022-06-13 00:00:00-04:00,547.255919896759,553.1926663186289,536.1120245787822,545.9974365234375,1226200,0.0,0.0
2022-06-14 00:00:00-04:00,544.164406344495,551.2775359561334,535.5465516190333,539.1669311523438,750400,0.0,0.0
2022-06-15 00:00:00-04:00,545.7240191938065,556.9318158997586,537.8448869018692,547.07373046875,922800,0.0,0.0
2022-06-16 00:00:00-04:00,530.1205274572741,535.1453322869096,524.9133232587396,534.1878051757812,1005900,0.0,0.0
2022-06-17 00:00:00-04:00,535.7016593081461,542.4682480192585,528.1051728625562,530.9869384765625,1436700,0.0,0.0
2022-06-21 00:00:00-04:00,544.2009620133756,562.5400879026009,543.2890207280578,560.4243774414062,1130200,0.0,0.0
2022-06-22 00:00:00-04:00,551.9889925887923,567.1545825956297,550.0100953263335,555.627685546875,942900,0.0,0.0
2022-06-23 00:00:00-04:00,559.3938716285754,573.3283609932649,555.6731913112889,569.6988525390625,849900,0.0,0.0
2022-06-24 00:00:00-04:00,576.7482211924116,591.2481117153487,576.5019792030776,590.7374267578125,1013800,0.0,0.0
2022-06-27 00:00:00-04:00,592.7618878504368,595.2697266067271,578.0431408459115,580.8336791992188,637200,0.0,0.0
2022-06-28 00:00:00-04:00,585.8311898157509,590.9380394978336,571.3312989898037,573.7205810546875,518300,0.0,0.0
2022-06-29 00:00:00-04:00,572.3434742016065,574.2585843555569,559.7404385743064,563.5432739257812,535200,0.0,0.0
2022-06-30 00:00:00-04:00,553.4207269322948,561.6099982913133,543.8088849217132,555.4087524414062,721800,0.0,0.0
2022-07-01 00:00:00-04:00,553.77630932383,564.7378606684426,552.6181261558023,562.3941650390625,502700,0.0,0.0
2022-07-05 00:00:00-04:00,551.6971645830375,566.4797547829266,544.8849890106821,566.0602416992188,572800,0.0,0.0
2022-07-06 00:00:00-04:00,567.7290093655268,569.3614198122469,556.2294436565364,560.6067504882812,512800,0.0,0.0
2022-07-07 00:00:00-04:00,564.6831030773849,571.6502912052047,563.6981910442645,568.7777099609375,507900,0.0,0.0
2022-07-08 00:00:00-04:00,564.3365590707076,568.5497227430485,558.9013697632272,565.0022583007812,347000,0.0,0.0
2022-07-11 00:00:00-04:00,558.1445340282784,559.831658832027,550.5663040406448,551.7244873046875,460100,0.0,0.0
2022-07-12 00:00:00-04:00,548.9886548399012,562.1479609336334,547.8487282310143,550.1650390625,499700,0.0,0.0
2022-07-13 00:00:00-04:00,542.6049811228839,547.2102727717488,531.8896726721379,543.8634643554688,601500,0.0,0.0
2022-07-14 00:00:00-04:00,533.376119285159,539.1577947355214,529.1355708720689,536.7958984375,1136500,0.0,0.0
2022-07-15 00:00:00-04:00,542.5958880997719,550.630087881148,533.9507032966062,547.5021362304688,1053000,0.0,0.0
2022-07-18 00:00:00-04:00,552.1441037454059,559.3575362992314,542.1947911147408,544.9124145507812,830900,0.0,0.0
2022-07-19 00:00:00-04:00,554.7520747281009,574.2037960131286,553.0467491453468,573.0091552734375,922700,0.0,0.0
2022-07-20 00:00:00-04:00,573.5836959929757,583.0040652602706,571.3220993675186,578.8364868164062,671500,0.0,0.0
2022-07-21 00:00:00-04:00,578.389695127611,585.8949549149471,575.2252852386342,583.0132446289062,722000,0.0,0.0
2022-07-22 00:00:00-04:00,584.9557224680249,588.3207886251184,572.2249998632548,577.8425903320312,512600,0.0,0.0
2022-07-25 00:00:00-04:00,580.6512883667433,582.9859117320412,573.8026553623483,580.1315307617188,472100,0.0,0.0
2022-07-26 00:00:00-04:00,578.2892800593805,578.2892800593805,565.6589166500479,568.0846557617188,498500,0.0,0.0
2022-07-27 00:00:00-04:00,573.4378869924772,589.4971621776297,570.3646488336088,586.670166015625,468600,0.0,0.0
2022-07-28 00:00:00-04:00,590.6005237566242,605.4742835082554,582.5571951493225,601.8629760742188,550900,0.0,0.0
2022-07-29 00:00:00-04:00,602.7110963369819,615.414487548051,602.063653640723,610.2528686523438,894300,0.0,0.0
2022-08-01 00:00:00-04:00,603.0666776859788,615.3778833400602,597.7591734580739,612.2681884765625,569900,0.0,0.0
2022-08-02 00:00:00-04:00,605.3282886214045,618.1957641529926,604.6078195314354,607.4986572265625,711600,0.0,0.0
2022-08-03 00:00:00-04:00,613.8002860980238,630.5526419240911,610.0248360734963,629.7318725585938,901800,0.0,0.0
2022-08-04 00:00:00-04:00,631.5101639511176,637.7934522897516,630.2152230089431,634.72021484375,746300,0.0,0.0
2022-08-05 00:00:00-04:00,626.7316343315895,638.3588854596037,625.856150679473,634.6472778320312,549000,0.0,0.0
2022-08-08 00:00:00-04:00,638.3588593937702,643.2012650864668,633.1060690165112,634.9573364257812,490600,0.0,0.0
2022-08-09 00:00:00-04:00,634.0270926914847,637.0547440276786,628.3183321133911,635.1761474609375,486200,0.0,0.0
2022-08-10 00:00:00-04:00,648.490473040017,661.4035911969905,647.5238176247456,661.348876953125,822200,0.0,0.0
2022-08-11 00:00:00-04:00,667.6413040936445,671.9912817255799,663.3916823025113,664.4860229492188,692300,0.0,0.0
2022-08-12 00:00:00-04:00,667.9970361219041,686.181148792379,663.9206850212362,685.6248779296875,765900,0.0,0.0
2022-08-15 00:00:00-04:00,679.5878649909397,692.2638169475678,678.074011109856,689.2635498046875,720500,0.0,0.0
2022-08-16 00:00:00-04:00,683.0894738013967,696.4220483082117,682.2869611758853,690.4032592773438,664300,0.0,0.0
2022-08-17 00:00:00-04:00,678.9129369192459,681.0286474893738,669.8573661690461,677.7730102539062,594100,0.0,0.0
2022-08-18 00:00:00-04:00,674.7271274643757,682.0956286874313,669.5290509687537,679.5968627929688,785600,0.0,0.0
2022-08-19 00:00:00-04:00,671.2252998921354,672.328768977672,649.584949188278,650.9893188476562,774900,0.0,0.0
2022-08-22 00:00:00-04:00,637.5290046717673,640.3468718393973,631.2639173545535,633.8447265625,675600,0.0,0.0
2022-08-23 00:00:00-04:00,631.5923231074868,642.0522631340582,631.0633815669039,635.595703125,403500,0.0,0.0
2022-08-24 00:00:00-04:00,633.6989366485585,642.2985368806465,632.8964238095074,638.741943359375,386000,0.0,0.0
2022-08-25 00:00:00-04:00,641.7239619025016,649.2018915347095,638.6415959215684,648.0254516601562,363700,0.0,0.0
2022-08-26 00:00:00-04:00,650.5332618637366,651.3722878808195,616.2625501098443,616.87353515625,633200,0.0,0.0
2022-08-29 00:00:00-04:00,612.7790190627207,619.7735938354425,611.1375357171405,616.3720703125,379500,0.0,0.0
2022-08-30 00:00:00-04:00,621.077626942803,621.6338977913585,609.5506752607184,613.4811401367188,486400,0.0,0.0
2022-08-31 00:00:00-04:00,618.8888417043951,622.0259212738836,606.4772811933764,607.7084350585938,651400,0.0,0.0
2022-09-01 00:00:00-04:00,602.9847142239497,606.860464666761,593.4822460039125,606.3041381835938,485400,0.0,0.0
2022-09-02 00:00:00-04:00,617.4389444065422,619.691468251747,596.4551672055532,600.112060546875,502000,0.0,0.0
2022-09-06 00:00:00-04:00,605.450084749772,613.0206136799084,595.270268082619,607.8756103515625,656300,4.88,0.0
2022-09-07 00:00:00-04:00,610.0713158798616,622.1345656626333,606.2125361767078,619.4425659179688,482700,0.0,0.0
2022-09-08 00:00:00-04:00,613.9577457542362,636.1732246851401,606.7087586872364,635.7046508789062,860100,0.0,0.0
2022-09-09 00:00:00-04:00,638.534322993445,644.2673416118512,636.5865681058151,638.9569702148438,536600,0.0,0.0
2022-09-12 00:00:00-04:00,640.5647898237964,644.7818412119392,634.1610423520304,640.197265625,756400,0.0,0.0
2022-09-13 00:00:00-04:00,619.2956948345637,619.5805065043583,591.0439921891958,592.5139770507812,1239900,0.0,0.0
2022-09-14 00:00:00-04:00,597.7414867570417,602.5558060839243,585.0259594644842,591.2918701171875,831800,0.0,0.0
2022-09-15 00:00:00-04:00,589.3994928726112,596.2441700595169,578.9348640953114,580.96533203125,778000,0.0,0.0
2022-09-16 00:00:00-04:00,573.1467609929006,577.4097401887645,565.8150603448792,575.8203125,2693900,0.0,0.0
2022-09-19 00:00:00-04:00,570.3811606516483,584.7137080500403,570.3811606516483,583.1610107421875,566400,0.0,0.0
2022-09-20 00:00:00-04:00,575.7560627003228,578.5307201787549,569.0491637837321,571.7503051757812,561600,0.0,0.0
2022-09-21 00:00:00-04:00,578.2090834350158,580.7999222336884,558.2537030243317,558.685546875,816600,0.0,0.0
2022-09-22 00:00:00-04:00,556.0302546891282,558.5935596491921,544.426380449098,551.7120971679688,854700,0.0,0.0
2022-09-23 00:00:00-04:00,545.032762182671,550.5544861871036,535.7257737903436,543.34228515625,978900,0.0,0.0
2022-09-26 00:00:00-04:00,542.0650938635372,545.5471528383387,535.5602970358057,537.1497802734375,692600,0.0,0.0
2022-09-27 00:00:00-04:00,545.1154660044888,547.4490824154049,527.3283910592979,531.5913696289062,769400,0.0,0.0
2022-09-28 00:00:00-04:00,534.8713670483733,540.9903042846616,529.34050230972,537.8665161132812,885400,0.0,0.0
2022-09-29 00:00:00-04:00,530.5531157326993,532.8132719115124,514.2268869678271,518.10400390625,877300,0.0,0.0
2022-09-30 00:00:00-04:00,515.9817451372691,521.4483460921117,504.9107636866692,505.5722961425781,851300,0.0,0.0
2022-10-03 00:00:00-04:00,509.90872381185414,531.4351340176717,499.09496590479057,526.1890258789062,948900,0.0,0.0
2022-10-04 00:00:00-04:00,536.1484309040436,543.2963685922984,534.9815946202923,543.2595825195312,778800,0.0,0.0
2022-10-05 00:00:00-04:00,533.8790356005637,540.448096119407,527.3099190054004,535.7716674804688,556600,0.0,0.0
2022-10-06 00:00:00-04:00,533.0613144276258,537.4713243351117,524.3882706431655,525.169189453125,566700,0.0,0.0
2022-10-07 00:00:00-04:00,518.9401783505201,518.9401783505201,502.5495715519398,505.68255615234375,625900,0.0,0.0
2022-10-10 00:00:00-04:00,512.2516910792957,512.7937810463183,497.349516200193,501.2174377441406,512400,0.0,0.0
2022-10-11 00:00:00-04:00,491.6991451276462,498.83788725819375,484.12861519463195,487.9873962402344,932700,0.0,0.0
2022-10-12 00:00:00-04:00,487.99648307509176,494.68498678463425,484.18362940729355,487.95050048828125,797100,0.0,0.0
2022-10-13 00:00:00-04:00,464.0261696387874,520.8419755446469,462.24378357311764,520.0426635742188,2345300,0.0,0.0
2022-10-14 00:00:00-04:00,521.1635237956233,535.3398999173525,503.10083383223645,506.1878356933594,1276400,0.0,0.0
2022-10-17 00:00:00-04:00,520.014963879625,528.035671438153,520.014963879625,523.0009155273438,890900,0.0,0.0
2022-10-18 00:00:00-04:00,542.0651691523407,542.2948577833375,526.6025148122679,533.8515014648438,800600,0.0,0.0
2022-10-19 00:00:00-04:00,534.4670929488125,540.3104147947832,526.8781710170168,530.9483032226562,815400,0.0,0.0
2022-10-20 00:00:00-04:00,533.217508383466,542.7449874138368,523.0285530747567,525.8582763671875,820800,0.0,0.0
2022-10-21 00:00:00-04:00,527.1538161529593,549.8194752024539,524.5537250748162,548.7353515625,830800,0.0,0.0
2022-10-24 00:00:00-04:00,556.5906523915372,565.0340083529043,553.7792659101025,561.7632446289062,948900,0.0,0.0
2022-10-25 00:00:00-04:00,560.4402124876467,584.6493697276911,560.4402124876467,584.272705078125,956000,0.0,0.0
2022-10-26 00:00:00-04:00,583.4091269474814,589.5188670066746,582.5179619694109,585.9816284179688,1069200,0.0,0.0
2022-10-27 00:00:00-04:00,591.337981602013,603.8330207577608,589.7209646598118,596.2532958984375,943600,0.0,0.0
2022-10-28 00:00:00-04:00,596.0880314665831,610.9626721359915,593.0928822059248,609.8234252929688,862600,0.0,0.0
2022-10-31 00:00:00-04:00,604.5496410149944,608.8034787199846,592.7987353919078,593.4326782226562,1037400,0.0,0.0
2022-11-01 00:00:00-04:00,603.3829030843646,604.6691819891174,595.8215704696264,599.0280151367188,771100,0.0,0.0
2022-11-02 00:00:00-04:00,597.6405293221164,609.3362546673486,586.0734430487553,586.9094848632812,1061500,0.0,0.0
2022-11-03 00:00:00-04:00,575.5445796207456,586.7350028648646,572.3656688168858,582.3157958984375,717200,0.0,0.0
2022-11-04 00:00:00-04:00,593.5797587486727,606.736330631638,590.4651673663734,602.8408203125,707300,0.0,0.0
2022-11-07 00:00:00-05:00,606.6078779935814,623.4394732495771,602.2897190667337,621.3538818359375,798500,0.0,0.0
2022-11-08 00:00:00-05:00,622.9248028085985,635.2269401138656,619.9847769323742,630.56884765625,1084300,0.0,0.0
2022-11-09 00:00:00-05:00,622.3367785814094,627.3531987209798,612.8644212079662,615.2164306640625,539200,0.0,0.0
2022-11-10 00:00:00-05:00,643.789685396918,700.293092331619,643.256848112979,698.0789184570312,1795700,0.0,0.0
2022-11-11 00:00:00-05:00,687.2282528134075,721.8193764717743,687.2282528134075,711.804931640625,1278600,0.0,0.0
2022-11-14 00:00:00-05:00,698.2533742479825,700.9361215108286,664.0848943887685,680.9348754882812,1183000,0.0,0.0
2022-11-15 00:00:00-05:00,695.5522849680408,698.2074989521296,672.8039143978752,680.1631469726562,851300,0.0,0.0
2022-11-16 00:00:00-05:00,673.4471575750147,673.4471575750147,661.6227897309843,667.9622192382812,806400,0.0,0.0
2022-11-17 00:00:00-05:00,657.1942602677749,662.8813527024118,652.4902418490486,662.706787109375,781200,0.0,0.0
2022-11-18 00:00:00-05:00,670.9020733768294,671.2879906376336,660.5752818800783,662.0636596679688,626800,0.0,0.0
2022-11-21 00:00:00-05:00,658.3610608775892,669.3125979107372,657.350397365357,664.902587890625,656800,0.0,0.0
2022-11-22 00:00:00-05:00,668.1090617091606,677.1496303191917,667.1075946686348,673.8604736328125,605500,0.0,0.0
2022-11-23 00:00:00-05:00,672.0504574031593,680.7970173245444,670.0108495310468,676.4972534179688,489000,0.0,0.0
2022-11-25 00:00:00-05:00,674.7883518226746,679.7403952372883,668.5316368334264,677.838623046875,301600,0.0,0.0
2022-11-28 00:00:00-05:00,668.853233537997,676.4788841886193,660.9886977603283,662.578125,480100,0.0,0.0
2022-11-29 00:00:00-05:00,663.7633442697937,665.885664755515,653.7397020571299,655.9906616210938,698400,0.0,0.0
2022-11-30 00:00:00-05:00,655.9907988649506,659.4728586882529,636.9633704919066,657.8283081054688,2757000,0.0,0.0
2022-12-01 00:00:00-05:00,660.446574642696,666.0969366044193,653.418137164316,663.5060424804688,1103900,0.0,0.0
2022-12-02 00:00:00-05:00,648.8886609193086,655.4761139906898,642.8524380343674,655.053466796875,1142800,0.0,0.0
2022-12-05 00:00:00-05:00,651.3969146744353,656.1468595497461,641.979681422795,654.8514404296875,1100300,0.0,0.0
2022-12-06 00:00:00-05:00,654.2131207719355,658.968087630006,647.6079775298282,657.0808715820312,841000,4.88,0.0
2022-12-07 00:00:00-05:00,654.2595515379229,667.5993112832066,651.9098471829197,656.0357055664062,877800,0.0,0.0
2022-12-08 00:00:00-05:00,656.8127794483739,661.4197017205969,648.6349729563476,650.7442016601562,625800,0.0,0.0
2022-12-09 00:00:00-05:00,647.9502360537537,660.5499323310722,647.5617148344652,653.9910888671875,549000,0.0,0.0
2022-12-12 00:00:00-05:00,652.8070297834071,657.8765519451713,649.4397513609408,656.100341796875,701300,0.0,0.0
2022-12-13 00:00:00-05:00,683.3256936635208,687.4978508990151,662.955287846444,669.9027099609375,949800,0.0,0.0
2022-12-14 00:00:00-05:00,665.0923333159873,671.253397372333,651.6137882110945,658.2189331054688,549200,0.0,0.0
2022-12-15 00:00:00-05:00,647.1824576967426,650.2907403968597,640.9288526334518,645.8780517578125,566500,0.0,0.0
2022-12-16 00:00:00-05:00,638.3293437874802,650.929039882456,632.6862721907061,647.7651977539062,1697100,0.0,0.0
2022-12-19 00:00:00-05:00,647.0436579266847,648.4867931822405,635.6465651425701,640.5957641601562,606700,0.0,0.0
2022-12-20 00:00:00-05:00,639.2359811584977,643.2971321296903,636.0721951510895,639.7540283203125,590100,0.0,0.0
2022-12-21 00:00:00-05:00,649.837503016415,662.4741834848431,647.0067352709015,659.5324096679688,652200,0.0,0.0
2022-12-22 00:00:00-05:00,650.003898883488,654.3795474122279,636.6640881822512,650.6422119140625,623200,0.0,0.0
2022-12-23 00:00:00-05:00,655.6747959172076,656.9051225968162,647.7467830943283,651.2066040039062,363200,0.0,0.0
2022-12-27 00:00:00-05:00,651.7894390399438,654.5924270937707,648.0243230640089,650.5775756835938,325100,0.0,0.0
2022-12-28 00:00:00-05:00,651.2620621189769,658.4869983620933,647.8299647320184,647.8670043945312,457700,0.0,0.0
2022-12-29 00:00:00-05:00,653.7043550950073,666.9331053841058,651.7339126640604,662.501953125,395300,0.0,0.0
2022-12-30 00:00:00-05:00,655.2307332387122,659.5046364169344,646.0446137342004,655.5452880859375,413000,0.0,0.0
2023-01-03 00:00:00-05:00,666.0635520312208,669.3383441687278,651.0493875306472,658.6998291015625,540800,0.0,0.0
2023-01-04 00:00:00-05:00,665.7397186268796,672.9831182848628,659.9579176121352,667.8211669921875,710200,0.0,0.0
2023-01-05 00:00:00-05:00,659.6157507496907,663.4455734759316,648.6812000510059,648.7089233398438,686700,0.0,0.0
2023-01-06 00:00:00-05:00,659.9763452462539,683.2330739398242,657.2473240224771,682.7150268554688,1215700,0.0,0.0
2023-01-09 00:00:00-05:00,686.6097319045439,705.6665262020773,686.184171006732,696.5821533203125,1102800,0.0,0.0
2023-01-10 00:00:00-05:00,693.4739551553517,700.9764078071493,688.6172415221578,700.5509033203125,758900,0.0,0.0
2023-01-11 00:00:00-05:00,701.2169240628558,706.536181732198,692.1140304424234,699.292724609375,788000,0.0,0.0
2023-01-12 00:00:00-05:00,705.9903199026201,705.9903199026201,685.6291750678907,697.4795532226562,938600,0.0,0.0
2023-01-13 00:00:00-05:00,690.6986273845376,701.6701602047472,680.0138696561581,697.5072631835938,984100,0.0,0.0
2023-01-17 00:00:00-05:00,693.982585117888,695.7679983780042,680.0322407394627,693.5662841796875,823800,0.0,0.0
2023-01-18 00:00:00-05:00,694.7320373709807,705.8978596701836,690.4673939573689,691.3739624023438,728800,0.0,0.0
2023-01-19 00:00:00-05:00,682.539355755531,686.0084366741316,674.9628807707912,675.1941528320312,650700,0.0,0.0
2023-01-20 00:00:00-05:00,679.727162635726,687.0445863998135,676.2765448089655,686.1472778320312,724300,0.0,0.0
2023-01-23 00:00:00-05:00,686.2952425585804,693.8347346783875,680.3099484473842,691.9845581054688,730200,0.0,0.0
2023-01-24 00:00:00-05:00,685.2406744540939,700.3659028328581,671.2256198492472,695.731201171875,558200,0.0,0.0
2023-01-25 00:00:00-05:00,687.4329821319131,695.4627969665455,677.6270703206244,694.9724731445312,1070300,0.0,0.0
2023-01-26 00:00:00-05:00,693.8161311352635,702.4934627323606,690.3008073634251,702.0494384765625,488700,0.0,0.0
2023-01-27 00:00:00-05:00,695.4259339031512,706.8600127971844,695.4259339031512,702.30859375,489400,0.0,0.0
2023-01-30 00:00:00-05:00,694.1955118104669,701.4574891094567,690.6154244752436,691.8365478515625,458300,0.0,0.0
2023-01-31 00:00:00-05:00,693.8160996107613,702.7987257070322,690.1990298551326,702.336181640625,572000,0.0,0.0
2023-02-01 00:00:00-05:00,697.2574930567815,710.745295635909,688.6264602834922,705.5000610351562,702200,0.0,0.0
2023-02-02 00:00:00-05:00,706.6749737082554,723.2062970830536,705.9718975674306,712.9932861328125,1101700,0.0,0.0
2023-02-03 00:00:00-05:00,693.8161516170213,712.1421466432162,691.9567152966233,700.4397583007812,1201800,0.0,0.0
2023-02-06 00:00:00-05:00,691.0222894040962,693.9270795830298,683.4550755376952,686.7669067382812,691500,0.0,0.0
2023-02-07 00:00:00-05:00,680.2172869860333,687.9047670458843,673.8434162540052,685.3237915039062,730300,0.0,0.0
2023-02-08 00:00:00-05:00,680.2821821164467,686.2027698517447,675.1849365234375,675.1849365234375,517600,0.0,0.0
2023-02-09 00:00:00-05:00,683.7512031397571,684.028718314187,660.9292924788472,662.3353881835938,723700,0.0,0.0
2023-02-10 00:00:00-05:00,658.8755853617032,671.9748665836802,657.7470048003843,669.3106079101562,626000,0.0,0.0
2023-02-13 00:00:00-05:00,668.7093079242316,682.42838307795,666.9979171724702,681.706787109375,583100,0.0,0.0
2023-02-14 00:00:00-05:00,678.7927191757188,687.2480387815127,672.5391139786617,674.528076171875,466700,0.0,0.0
2023-02-15 00:00:00-05:00,665.2772725670221,673.3070322238482,664.5556765918706,669.939697265625,479200,0.0,0.0
2023-02-16 00:00:00-05:00,657.5618843484361,668.431669758928,656.322241423905,659.5878295898438,492600,0.0,0.0
2023-02-17 00:00:00-05:00,655.3880351524896,663.0384765061962,653.4638358027499,662.5111694335938,519200,0.0,0.0
2023-02-21 00:00:00-05:00,653.23254716225,655.499024586394,640.364538445046,643.630126953125,646400,0.0,0.0
2023-02-22 00:00:00-05:00,643.6301164037371,646.6828961771032,630.9841764947167,635.9148559570312,937900,0.0,0.0
2023-02-23 00:00:00-05:00,645.0362838025419,649.5414589348944,635.0452858163342,640.0130615234375,614800,0.0,0.0
2023-02-24 00:00:00-05:00,631.4374699124767,639.4950085946352,627.7463769673797,632.2330322265625,553500,0.0,0.0
2023-02-27 00:00:00-05:00,642.8252964293334,644.3239348044522,630.6326406625664,631.8907470703125,560000,0.0,0.0
2023-02-28 00:00:00-05:00,634.1479186934477,642.3627058771431,631.9554643230931,637.7835083007812,859100,0.0,0.0
2023-03-01 00:00:00-05:00,631.9741286693536,636.7013165851217,624.7399309993032,629.578125,635000,0.0,0.0
2023-03-02 00:00:00-05:00,622.5843578752671,635.9056505249213,622.3623457415899,634.5272216796875,490200,0.0,0.0
2023-03-03 00:00:00-05:00,641.6505486634292,643.2509899829544,636.5163193592925,643.158447265625,812200,0.0,0.0
2023-03-06 00:00:00-05:00,641.3973233670818,651.1252086861215,640.661230085716,641.4346313476562,543300,5.0,0.0
2023-03-07 00:00:00-05:00,641.4344979312982,641.9842218112153,627.2526341494294,628.6409912109375,417200,0.0,0.0
2023-03-08 00:00:00-05:00,630.4672419786673,633.9242005930454,626.7680659300762,628.3613891601562,554800,0.0,0.0
2023-03-09 00:00:00-05:00,628.4826307945877,629.1721458592972,605.6631172162092,606.8558349609375,787100,0.0,0.0
2023-03-10 00:00:00-05:00,603.5199888414601,607.0235259867835,585.6109675019449,591.7142333984375,960900,0.0,0.0
2023-03-13 00:00:00-04:00,582.3870344083384,599.3548831422653,581.5204770829012,583.0858764648438,997600,0.0,0.0
2023-03-14 00:00:00-04:00,602.3180160572654,603.7995863622606,582.0982297275441,594.3233032226562,928600,0.0,0.0
2023-03-15 00:00:00-04:00,578.6412116484458,591.2203684234121,577.7094222577076,588.6486206054688,1130000,0.0,0.0
2023-03-16 00:00:00-04:00,584.5115946863957,601.3583662897609,578.9208571822276,593.5313110351562,726200,0.0,0.0
2023-03-17 00:00:00-04:00,595.1431807022141,595.1431807022141,581.2967480994189,593.2796020507812,2701500,0.0,0.0
2023-03-20 00:00:00-04:00,603.3057476727963,607.9367712715666,595.907393303753,599.6624755859375,924200,0.0,0.0
2023-03-21 00:00:00-04:00,614.9157729551149,619.8076673133705,613.6205720376703,616.984375,791200,0.0,0.0
2023-03-22 00:00:00-04:00,615.0555698493337,621.9228532532055,603.6970546633734,604.0977172851562,480100,0.0,0.0
2023-03-23 00:00:00-04:00,608.7194615701267,615.9035220956765,601.5166901839617,607.32177734375,483400,0.0,0.0
2023-03-24 00:00:00-04:00,598.9635231622119,603.631797009372,594.565504630603,600.892333984375,574100,0.0,0.0
2023-03-27 00:00:00-04:00,609.8841499967666,611.9713491762457,602.3831997466343,604.0977172851562,411100,0.0,0.0
2023-03-28 00:00:00-04:00,602.2527589574269,605.5699267985951,597.6310632656797,602.1595458984375,373300,0.0,0.0
2023-03-29 00:00:00-04:00,607.5546318775737,612.8751126216264,606.5948615569324,612.3905639648438,589300,0.0,0.0
2023-03-30 00:00:00-04:00,618.2516227409712,622.0812637044025,612.2788205600114,615.9500732421875,392300,0.0,0.0
2023-03-31 00:00:00-04:00,619.723921684936,623.506984890588,617.4130449845159,623.47900390625,516300,0.0,0.0
2023-04-03 00:00:00-04:00,619.1926357849495,624.4945191078965,611.7010135123278,620.9536743164062,622800,0.0,0.0
2023-04-04 00:00:00-04:00,620.4692931953005,623.972830641971,609.2412416485857,614.1517333984375,525100,0.0,0.0
2023-04-05 00:00:00-04:00,607.8808739853682,612.0645999846773,606.8651983475337,611.2911987304688,426100,0.0,0.0
2023-04-06 00:00:00-04:00,611.8128382433954,614.1050604200545,609.3808817933694,611.6265258789062,441700,0.0,0.0
2023-04-10 00:00:00-04:00,607.8528573563086,614.822681486691,606.3992680117113,614.8133544921875,393800,0.0,0.0
2023-04-11 00:00:00-04:00,616.8445361604231,625.6406297062274,616.704745012228,624.0006713867188,535800,0.0,0.0
2023-04-12 00:00:00-04:00,630.029366420781,631.4177233969565,618.1117447154104,620.543701171875,481200,0.0,0.0
2023-04-13 00:00:00-04:00,618.1211088384342,625.7711200277852,613.6112801431174,624.9790649414062,694000,0.0,0.0
2023-04-14 00:00:00-04:00,633.8310542400319,655.9890323825281,631.8090872654517,644.1739501953125,1117700,0.0,0.0
2023-04-17 00:00:00-04:00,644.1740368366924,651.4140024200642,643.6708341196969,650.7244873046875,586100,0.0,0.0
2023-04-18 00:00:00-04:00,652.5973322357578,653.3986574640003,642.8042166216729,646.6898193359375,593800,0.0,0.0
2023-04-19 00:00:00-04:00,643.8478287534266,651.7866927309484,642.94402032364,647.8172607421875,348100,0.0,0.0
2023-04-20 00:00:00-04:00,643.3726093171415,651.2555682326255,643.3726093171415,648.8795166015625,580400,0.0,0.0
2023-04-21 00:00:00-04:00,648.0875081395432,648.7770231954618,632.6104429958094,634.49267578125,774500,0.0,0.0
2023-04-24 00:00:00-04:00,635.7413265953004,635.7413265953004,627.1874494864805,628.203125,451800,0.0,0.0
2023-04-25 00:00:00-04:00,624.8953289571575,625.9109476720553,613.5461395804723,614.7108764648438,552200,0.0,0.0
2023-04-26 00:00:00-04:00,610.9648926921584,616.6022062533794,603.2589774324184,606.2872924804688,434700,0.0,0.0
2023-04-27 00:00:00-04:00,612.4186006869633,618.2702655850467,610.5736758211445,617.4782104492188,393900,0.0,0.0
2023-04-28 00:00:00-04:00,614.8226123525419,626.1904543445478,614.0026331352883,625.4170532226562,529000,0.0,0.0
2023-05-01 00:00:00-04:00,629.0323641919646,629.5075858553388,617.0122589453418,617.7483520507812,560200,0.0,0.0
2023-05-02 00:00:00-04:00,612.8658405949134,613.6672227234449,591.9472134913407,607.0235595703125,719700,0.0,0.0
2023-05-03 00:00:00-04:00,612.5769887004598,617.7484086419278,596.5781801753784,598.5908203125,430700,0.0,0.0
2023-05-04 00:00:00-04:00,594.9941396145372,594.9941396145372,585.3780657032179,588.5740966796875,589300,0.0,0.0
2023-05-05 00:00:00-04:00,598.3858151113141,600.6873075463748,594.0622988046474,600.5195922851562,484300,0.0,0.0
2023-05-08 00:00:00-04:00,602.1689085560251,602.867750616245,597.0720477620071,599.2710571289062,374500,0.0,0.0
2023-05-09 00:00:00-04:00,595.413376741147,599.5971016973035,590.4096726319011,592.2173461914062,441700,0.0,0.0
2023-05-10 00:00:00-04:00,600.0257297219365,600.9575190197819,581.902416504462,586.26318359375,622400,0.0,0.0
2023-05-11 00:00:00-04:00,587.1858587917043,599.5973035635799,584.8098065951081,598.2276000976562,726100,0.0,0.0
2023-05-12 00:00:00-04:00,602.457784144266,606.7813008388498,599.0940378811074,601.0973510742188,906200,0.0,0.0
2023-05-15 00:00:00-04:00,601.1719028681413,605.905409137978,598.8610832605912,600.771240234375,501900,0.0,0.0
2023-05-16 00:00:00-04:00,598.758491396814,599.9977301768267,590.036900616233,590.5960083007812,362700,0.0,0.0
2023-05-17 00:00:00-04:00,596.5595611402152,607.1726569766171,594.9755645202647,606.259521484375,478300,0.0,0.0
2023-05-18 00:00:00-04:00,606.1943024792367,627.2527224526888,605.1600297824058,623.6746826171875,1125900,0.0,0.0
2023-05-19 00:00:00-04:00,627.5043120782285,630.3835666060479,617.5062291187273,621.2240600585938,1362500,0.0,0.0
2023-05-22 00:00:00-04:00,620.8793851417809,629.6754813121969,620.8420771594461,625.59423828125,648800,0.0,0.0
2023-05-23 00:00:00-04:00,621.0562973141816,626.1345041139236,614.3194211900379,616.4066772460938,713300,0.0,0.0
2023-05-24 00:00:00-04:00,608.4677089360606,611.7289713201404,604.218752219107,610.3219604492188,554500,0.0,0.0
2023-05-25 00:00:00-04:00,610.6203202872564,617.8882672309591,608.8313003177109,615.4656372070312,522800,0.0,0.0
2023-05-26 00:00:00-04:00,619.5280946577266,629.190745465963,617.5620328194861,626.4419555664062,533900,0.0,0.0
2023-05-30 00:00:00-04:00,631.3246769133256,634.2598367710025,623.2647313564603,627.6348266601562,504200,0.0,0.0
2023-05-31 00:00:00-04:00,625.9760569590047,628.594382686535,611.589227510762,612.6980590820312,1898400,0.0,0.0
2023-06-01 00:00:00-04:00,618.3075905839356,625.6500966934694,615.3258526878135,623.2181396484375,569800,0.0,0.0
2023-06-02 00:00:00-04:00,630.0480910496753,638.2758082687216,630.0480910496753,635.3499755859375,559800,0.0,0.0
2023-06-05 00:00:00-04:00,634.9678257430182,636.3748366764017,628.2309504747963,630.3461303710938,551600,0.0,0.0
2023-06-06 00:00:00-04:00,627.4111517100923,638.8441699244122,627.4111517100923,638.2012329101562,748600,0.0,0.0
2023-06-07 00:00:00-04:00,637.3376405222406,638.3044688605897,629.0682103941098,636.6148681640625,534100,5.0,0.0
2023-06-08 00:00:00-04:00,633.883475581453,640.0597535786383,625.1447242545388,638.8207397460938,521800,0.0,0.0
2023-06-09 00:00:00-04:00,640.5197540318557,644.3306372244243,635.7139128813301,642.4064331054688,465300,0.0,0.0
2023-06-12 00:00:00-04:00,642.603406322828,646.8366890676767,640.3976214984606,640.51025390625,435000,0.0,0.0
2023-06-13 00:00:00-04:00,643.2792313105042,650.5630989253949,642.9694635568962,646.8085327148438,624000,0.0,0.0
2023-06-14 00:00:00-04:00,648.3384524984023,661.9018341150551,647.6908448388361,649.9623413085938,678000,0.0,0.0
2023-06-15 00:00:00-04:00,650.6007450019003,669.0074955239182,649.37112663079,667.5526123046875,644400,0.0,0.0
2023-06-16 00:00:00-04:00,671.5512044695649,672.4053431945889,659.2549640315325,659.6586303710938,1281900,0.0,0.0
2023-06-20 00:00:00-04:00,653.0035955030512,653.7263678883797,645.316118289567,648.554443359375,698100,0.0,0.0
2023-06-21 00:00:00-04:00,648.3385077154,653.4353820915383,644.2836263607892,646.7615966796875,489300,0.0,0.0
2023-06-22 00:00:00-04:00,642.4156734031158,642.5095719373666,633.9303739483122,637.6943359375,361200,0.0,0.0
2023-06-23 00:00:00-04:00,629.2184153069395,641.0265434580398,628.8899136412429,638.69873046875,686000,0.0,0.0
2023-06-26 00:00:00-04:00,636.4742448506222,642.9602344510514,636.4742448506222,638.4359741210938,403800,0.0,0.0
2023-06-27 00:00:00-04:00,641.4958757760401,646.1046385022074,636.173793497583,642.6316528320312,528600,0.0,0.0
2023-06-28 00:00:00-04:00,642.6316544643481,643.692324147477,638.388975731832,643.176025390625,368100,0.0,0.0
2023-06-29 00:00:00-04:00,644.5652468909302,648.5168916598876,640.134828413231,645.9826049804688,524700,0.0,0.0
2023-06-30 00:00:00-04:00,652.46850204337,653.2757200173237,648.0850620972293,648.7327270507812,921900,0.0,0.0
2023-07-03 00:00:00-04:00,647.6626575257961,659.0765133551142,647.4186015608869,651.0230102539062,376900,0.0,0.0
2023-07-05 00:00:00-04:00,649.2302963645252,657.6405467215887,643.7861858974258,650.3191528320312,681400,0.0,0.0
2023-07-06 00:00:00-04:00,642.9694738133418,644.3774361647579,633.3953183656855,638.8676147460938,675300,0.0,0.0
2023-07-07 00:00:00-04:00,636.6619116504156,649.5306525274979,636.3427482688257,642.124755859375,435200,0.0,0.0
2023-07-10 00:00:00-04:00,651.257773148017,661.6766728843179,650.2722108416331,653.4541625976562,568600,0.0,0.0
2023-07-11 00:00:00-04:00,656.97408779948,667.3648583751726,656.8051391669659,666.6233520507812,504900,0.0,0.0
2023-07-12 00:00:00-04:00,678.328164596593,682.3924990987646,674.751942099249,681.453857421875,642000,0.0,0.0
2023-07-13 00:00:00-04:00,687.9023849778458,694.9703849598142,682.8149626583669,694.4071655273438,928100,0.0,0.0
2023-07-14 00:00:00-04:00,697.4108143799604,698.3494561220599,678.0841557024668,683.359375,1064100,0.0,0.0
2023-07-17 00:00:00-04:00,680.0928699888495,688.0244042516902,676.2913823510816,683.2091674804688,648400,0.0,0.0
2023-07-18 00:00:00-04:00,681.0032950269597,695.3738961180132,678.8537690244787,693.5904541015625,790000,0.0,0.0
2023-07-19 00:00:00-04:00,694.5573621639774,706.7503091932923,694.5573621639774,701.4469604492188,718900,0.0,0.0
2023-07-20 00:00:00-04:00,698.3681224909039,707.1443982951502,696.9413689650279,704.8071899414062,621600,0.0,0.0
2023-07-21 00:00:00-04:00,707.0223559257049,709.9133879571763,703.7465060642315,705.116943359375,512300,0.0,0.0
2023-07-24 00:00:00-04:00,705.5770164404398,710.5612018519823,704.4412392960608,710.1575927734375,385400,0.0,0.0
2023-07-25 00:00:00-04:00,706.3747221993891,706.7783312111885,696.6692001711517,700.2454223632812,610700,0.0,0.0
2023-07-26 00:00:00-04:00,697.6454770858217,703.8592808555305,695.5429287430997,697.5609741210938,552800,0.0,0.0
2023-07-27 00:00:00-04:00,700.3393397612356,702.0945951548698,683.706636356918,684.3355102539062,555200,0.0,0.0
2023-07-28 00:00:00-04:00,692.9052585518643,700.4613121698396,689.6951202378323,693.0366821289062,522800,0.0,0.0
2023-07-31 00:00:00-04:00,694.5853849925751,697.7110775464006,690.4741302216368,693.5153198242188,367700,0.0,0.0
2023-08-01 00:00:00-04:00,688.3246697253064,690.7557194035654,685.677693520268,687.3297119140625,359600,0.0,0.0
2023-08-02 00:00:00-04:00,678.1122756308278,679.3794189417359,669.5049477452069,673.4190673828125,649200,0.0,0.0
2023-08-03 00:00:00-04:00,666.8860693794658,669.1388321481688,662.3242849274859,666.5950927734375,585500,0.0,0.0
2023-08-04 00:00:00-04:00,666.5012899200575,676.7043201738367,665.5720438437365,666.6984252929688,475100,0.0,0.0
2023-08-07 00:00:00-04:00,669.5425394888459,674.7238602436803,667.9750238190868,668.8291625976562,387900,0.0,0.0
2023-08-08 00:00:00-04:00,660.2311413570562,660.2311413570562,645.334903464358,654.2144165039062,676900,0.0,0.0
2023-08-09 00:00:00-04:00,652.5999896482956,657.0209550653811,648.6013671331222,649.62451171875,447400,0.0,0.0
2023-08-10 00:00:00-04:00,654.2520103288598,662.7654968275091,651.9523268665994,654.2426147460938,496900,0.0,0.0
2023-08-11 00:00:00-04:00,651.2014592165473,655.4534762527246,647.9256089069418,652.9285278320312,381100,0.0,0.0
2023-08-14 00:00:00-04:00,650.3002094011111,651.5767480798544,646.3860904229937,650.412841796875,395000,0.0,0.0
2023-08-15 00:00:00-04:00,642.9601177734934,644.0113918106603,629.3592097887755,631.536865234375,519700,0.0,0.0
2023-08-16 00:00:00-04:00,628.8900052478759,634.9536518930777,628.8900052478759,630.9925537109375,494700,0.0,0.0
2023-08-17 00:00:00-04:00,633.3108653093547,639.2618206960179,631.2270512627299,632.6444091796875,471200,0.0,0.0
2023-08-18 00:00:00-04:00,624.4126338648379,633.8741587588855,624.4126338648379,629.1246337890625,530500,0.0,0.0
2023-08-21 00:00:00-04:00,630.9549429237816,635.413490862583,625.6046739391917,630.3823852539062,434300,0.0,0.0
2023-08-22 00:00:00-04:00,630.3824193946205,633.3578976126345,623.8306612166299,624.9852294921875,332500,0.0,0.0
2023-08-23 00:00:00-04:00,627.3881166143748,638.586104888901,626.1866277746914,637.121826171875,386800,0.0,0.0
2023-08-24 00:00:00-04:00,637.1312370981343,646.3299142491821,631.6776738527878,631.8560180664062,317900,0.0,0.0
2023-08-25 00:00:00-04:00,634.5217169338061,640.3413062690369,630.0725649489465,634.4841918945312,275200,0.0,0.0
2023-08-28 00:00:00-04:00,639.505967531858,641.5991201677438,633.2358479173813,637.3377075195312,430900,0.0,0.0
2023-08-29 00:00:00-04:00,637.009189234134,649.0331866780837,635.0380073624176,648.6295776367188,502600,0.0,0.0
2023-08-30 00:00:00-04:00,649.3335150714918,656.5798007412358,647.48436132428,653.1162109375,483900,0.0,0.0
2023-08-31 00:00:00-04:00,655.0499337996292,661.2168171631558,651.2296548838609,657.5560913085938,617100,0.0,0.0
2023-09-01 00:00:00-04:00,660.9914263467888,663.6102157870082,658.3632413241451,662.8593139648438,454500,0.0,0.0
2023-09-05 00:00:00-04:00,662.277401163965,664.8304789731243,652.8158772150276,653.2288818359375,556800,0.0,0.0
2023-09-06 00:00:00-04:00,650.4411273814616,656.4108744246223,646.4425048538282,651.5862426757812,426600,0.0,0.0
2023-09-07 00:00:00-04:00,645.4408203434114,654.8670017652275,642.8597562252655,653.3637084960938,453000,5.0,0.0
2023-09-08 00:00:00-04:00,654.4227172095123,655.717981355602,649.2605304182465,652.9478149414062,352400,0.0,0.0
2023-09-11 00:00:00-04:00,657.5237440914269,659.8779091763062,654.2429972640263,657.9680786132812,563500,0.0,0.0
2023-09-12 00:00:00-04:00,655.5288690290744,664.3972099951515,654.3281846907579,659.30126953125,404000,0.0,0.0
2023-09-13 00:00:00-04:00,660.7192420031529,665.8057171397268,656.1432321120056,659.197021484375,645200,0.0,0.0
2023-09-14 00:00:00-04:00,665.3237010460929,670.3818435283673,660.2371673198219,668.2545776367188,660100,0.0,0.0
2023-09-15 00:00:00-04:00,663.5746417388059,666.6852144139407,657.400872838638,659.3673706054688,2816100,0.0,0.0
2023-09-18 00:00:00-04:00,658.336729796508,661.3243308482281,652.4181947634097,656.9847412109375,494400,0.0,0.0
2023-09-19 00:00:00-04:00,655.8218718498782,657.6277165569634,648.2582597374263,651.3782958984375,428100,0.0,0.0
2023-09-20 00:00:00-04:00,653.3069569792686,656.7956751648564,645.4313301825232,646.1971435546875,334100,0.0,0.0
2023-09-21 00:00:00-04:00,639.8249326169968,639.8249326169968,629.339906261086,632.346435546875,547700,0.0,0.0
2023-09-22 00:00:00-04:00,634.3884482234159,635.0786093041229,623.3645098977456,624.0924682617188,468300,0.0,0.0
2023-09-25 00:00:00-04:00,619.2895566657982,623.9694946453144,617.4081177276458,621.6815185546875,458300,0.0,0.0
2023-09-26 00:00:00-04:00,616.5478441320109,618.7885596307632,610.5915110631025,611.4423828125,589000,0.0,0.0
2023-09-27 00:00:00-04:00,612.3500336300688,613.0780497664153,605.3820605432078,608.2940673828125,548800,0.0,0.0
2023-09-28 00:00:00-04:00,607.9442771030386,612.217678889886,605.7224313262649,610.0431518554688,696100,0.0,0.0
2023-09-29 00:00:00-04:00,617.190711046979,620.9914444405307,610.3267241088004,611.2249145507812,539900,0.0,0.0
2023-10-02 00:00:00-04:00,609.5422027658096,610.9981776491004,603.8978259571487,607.9632568359375,569000,0.0,0.0
2023-10-03 00:00:00-04:00,602.9428701481777,602.9428701481777,589.5836335430731,591.3516235351562,678600,0.0,0.0
2023-10-04 00:00:00-04:00,594.7174624330762,603.547948281386,591.2665409249624,601.808349609375,546700,0.0,0.0
2023-10-05 00:00:00-04:00,599.085341005133,607.802375771835,597.5347867605859,605.37255859375,496900,0.0,0.0
2023-10-06 00:00:00-04:00,600.3806082903227,615.9710937287559,599.9267523468005,612.8983764648438,608300,0.0,0.0
2023-10-09 00:00:00-04:00,606.5071220959178,612.5201796362894,605.5616706195407,608.511474609375,536100,0.0,0.0
2023-10-10 00:00:00-04:00,608.5116274623476,613.9763660672771,606.6963763293459,606.9327392578125,626700,0.0,0.0
2023-10-11 00:00:00-04:00,610.4213634455942,613.2577181460289,603.2926217001334,607.6133422851562,515000,0.0,0.0
2023-10-12 00:00:00-04:00,608.1428428451184,609.1261494871343,597.5821641333401,601.4679565429688,744200,0.0,0.0
2023-10-13 00:00:00-04:00,593.9043086840865,601.3166745346333,586.1799853572408,593.422119140625,1263400,0.0,0.0
2023-10-16 00:00:00-04:00,596.1165771064273,606.6205284107656,594.1405582711265,600.787109375,695400,0.0,0.0
2023-10-17 00:00:00-04:00,596.8635167323906,604.9660429621757,595.3318899282872,601.4016723632812,578500,0.0,0.0
2023-10-18 00:00:00-04:00,600.3616903815565,600.3616903815565,581.8781254708077,583.0504760742188,664500,0.0,0.0
2023-10-19 00:00:00-04:00,591.52183253921,595.161798214841,585.3385419771245,588.5531005859375,1040800,0.0,0.0
2023-10-20 00:00:00-04:00,589.2526162036061,591.918796217259,579.6751883987885,581.2919311523438,850300,0.0,0.0
2023-10-23 00:00:00-04:00,578.0869944216072,585.678941626865,577.1510064639803,581.197509765625,469500,0.0,0.0
2023-10-24 00:00:00-04:00,583.5987927096279,586.576929937814,577.4438949832945,578.9849853515625,657200,0.0,0.0
2023-10-25 00:00:00-04:00,575.0708187763829,578.228651868877,570.5704608424716,575.4773559570312,562000,0.0,0.0
2023-10-26 00:00:00-04:00,574.068710796418,584.1850536026208,573.4068831911933,573.9552612304688,856400,0.0,0.0
2023-10-27 00:00:00-04:00,573.9552888178534,575.7516121689115,563.6593074197204,565.4556884765625,543000,0.0,0.0
2023-10-30 00:00:00-04:00,569.956000082145,577.37777117628,567.5167190869176,574.0025024414062,528100,0.0,0.0
2023-10-31 00:00:00-04:00,575.7327336922481,579.4388876156407,571.440346717742,578.881103515625,508900,0.0,0.0
2023-11-01 00:00:00-04:00,580.9704122633444,584.2605646168871,574.522426893755,582.5966186523438,537100,0.0,0.0
2023-11-02 00:00:00-04:00,589.7443174692712,609.9486119850259,589.7443174692712,609.3340454101562,1174000,0.0,0.0
2023-11-03 00:00:00-04:00,619.1005975604719,626.0401796969398,618.5711469950036,622.0787353515625,894200,0.0,0.0
2023-11-06 00:00:00-05:00,620.802326567438,624.2437836952951,614.8837912567042,617.5877685546875,469400,0.0,0.0
2023-11-07 00:00:00-05:00,617.2097522622702,617.8526524587261,611.6221007029103,613.2105102539062,440800,0.0,0.0
2023-11-08 00:00:00-05:00,613.0590876777935,619.8946833167453,613.0590876777935,619.2234497070312,482200,0.0,0.0
2023-11-09 00:00:00-05:00,620.9064242928787,624.5653174479143,615.1391924898858,616.2642822265625,437100,0.0,0.0
2023-11-10 00:00:00-05:00,620.7645948681896,629.1507455003833,618.2118641419854,628.7252807617188,522700,0.0,0.0
2023-11-13 00:00:00-05:00,624.7732574321817,628.1295986637955,622.2394543763055,625.368896484375,356400,0.0,0.0
2023-11-14 00:00:00-05:00,636.2889449123014,660.9368757506121,636.2889449123014,659.3106689453125,1011000,0.0,0.0
2023-11-15 00:00:00-05:00,660.0858797681615,672.5185904930598,659.6415452470117,670.1738891601562,747400,0.0,0.0
2023-11-16 00:00:00-05:00,670.6466121261169,676.0923644534363,670.0887703341659,675.9033203125,558900,0.0,0.0
2023-11-17 00:00:00-05:00,680.5738323629198,681.5192838618257,674.7214852764614,677.75634765625,715600,0.0,0.0
2023-11-20 00:00:00-05:00,675.4211411042035,682.2945345762948,673.2654838891399,681.5949096679688,668300,0.0,0.0
2023-11-21 00:00:00-05:00,680.5359887896924,686.9650475489666,679.5243487441957,685.1119995117188,642900,0.0,0.0
2023-11-22 00:00:00-05:00,687.3432699076054,690.444378659059,686.3788908704954,687.4756469726562,498100,0.0,0.0
2023-11-24 00:00:00-05:00,687.0784174855369,690.879150600274,687.0028229212786,690.2740478515625,279600,0.0,0.0
2023-11-27 00:00:00-05:00,687.5322354526718,692.1176514324795,685.0173025384237,690.8223876953125,868100,0.0,0.0
2023-11-28 00:00:00-05:00,686.2653571713911,698.5278921547527,686.2653571713911,696.57080078125,610200,0.0,0.0
2023-11-29 00:00:00-05:00,701.7897614203432,710.2893611034029,701.7897614203432,706.535888671875,750000,0.0,0.0
2023-11-30 00:00:00-05:00,707.3489220062733,710.8754951076613,704.0682332173066,710.25146484375,961300,0.0,0.0
2023-12-01 00:00:00-05:00,709.0886301349301,719.8478728993066,707.8216997252124,715.0922241210938,746700,0.0,0.0
2023-12-04 00:00:00-05:00,710.8283174236342,716.5766212888046,708.6159354101945,715.1679077148438,767900,0.0,0.0
2023-12-05 00:00:00-05:00,714.4020556352634,714.4020556352634,707.3678941884799,713.154052734375,860700,0.0,0.0
2023-12-06 00:00:00-05:00,718.122215627968,720.0923664623456,706.643988486128,707.2245483398438,624800,5.0,0.0
2023-12-07 00:00:00-05:00,709.4802856445312,713.7156311068434,706.7772605076229,709.4802856445312,784300,0.0,0.0
2023-12-08 00:00:00-05:00,707.3006429759823,711.7167663242122,706.415454836122,708.8043823242188,456000,0.0,0.0
2023-12-11 00:00:00-05:00,709.8229518979083,718.7980462222016,708.4143649814775,716.1140747070312,781300,0.0,0.0
2023-12-12 00:00:00-05:00,718.5790783063336,722.8048966666298,716.3614603820185,722.662109375,607600,0.0,0.0
2023-12-13 00:00:00-05:00,722.3860404421539,739.6985619695328,718.3981626119953,736.1199340820312,600000,0.0,0.0
2023-12-14 00:00:00-05:00,745.1617830546413,768.6416964890883,744.2195495278195,768.1943969726562,1197400,0.0,0.0
2023-12-15 00:00:00-05:00,753.6990768933198,779.4917602539062,751.386248023173,779.4917602539062,2703000,0.0,0.0
2023-12-18 00:00:00-05:00,772.8295327880039,775.6848143130828,757.411000934408,758.0201416015625,916300,0.0,0.0
2023-12-19 00:00:00-05:00,762.4268193505179,775.1327992665452,760.4090916619793,762.7218627929688,756400,0.0,0.0
2023-12-20 00:00:00-05:00,759.2764426505747,766.5573753993216,750.7867555145687,751.1578979492188,547900,0.0,0.0
2023-12-21 00:00:00-05:00,756.6495024538561,760.8086906691339,753.4705972231984,760.5516967773438,341100,0.0,0.0
2023-12-22 00:00:00-05:00,763.2927709607302,768.5655606440521,761.5510912907434,763.7115478515625,426600,0.0,0.0
2023-12-26 00:00:00-05:00,764.6822770165735,770.0692146085046,764.6822770165735,767.6993408203125,280600,0.0,0.0
2023-12-27 00:00:00-05:00,770.1359055136493,774.0191040039062,769.621975837773,774.0191040039062,298000,0.0,0.0
2023-12-28 00:00:00-05:00,770.81172450083,778.1783407701643,770.81172450083,775.1231689453125,311500,0.0,0.0
2023-12-29 00:00:00-05:00,773.4004347453786,776.7982261551114,769.6315009493508,772.6390380859375,318500,0.0,0.0
2024-01-02 00:00:00-05:00,765.3581601044178,769.1556748614944,757.0587790876406,761.69384765625,660000,0.0,0.0
2024-01-03 00:00:00-05:00,754.18442907849,754.18442907849,744.5907261218335,746.3229370117188,638700,0.0,0.0
2024-01-04 00:00:00-05:00,745.4758948937102,754.2606252054899,744.9714339746266,748.0361328125,580200,0.0,0.0
2024-01-05 00:00:00-05:00,745.0475355589315,750.710521398688,743.7626822912109,745.0665893554688,471000,0.0,0.0
2024-01-08 00:00:00-05:00,746.5893544840264,759.5142761311504,745.1426601821321,758.7338256835938,513200,0.0,0.0
2024-01-09 00:00:00-05:00,754.4128398045397,756.7827137034133,749.1686311543114,756.192626953125,454700,0.0,0.0
2024-01-10 00:00:00-05:00,756.544822465526,760.5041200866978,749.8634460082774,754.1368408203125,510800,0.0,0.0
2024-01-11 00:00:00-05:00,758.5150095998586,761.3892865830198,749.1116119488904,754.3748168945312,735800,0.0,0.0
2024-01-12 00:00:00-05:00,747.1319093730187,763.635460166784,744.9999753847569,761.027587890625,880500,0.0,0.0
2024-01-16 00:00:00-05:00,765.0154218069704,769.9645871868703,750.6152832337415,753.2041015625,895200,0.0,0.0
2024-01-17 00:00:00-05:00,737.0147133603554,749.9205823594526,731.285097030662,749.4447021484375,617100,0.0,0.0
2024-01-18 00:00:00-05:00,756.2307287689451,757.5917391478505,747.1890051163833,756.89697265625,506700,0.0,0.0
2024-01-19 00:00:00-05:00,759.2668368794078,769.8123580682208,755.7453118842993,766.5858764648438,681500,0.0,0.0
2024-01-22 00:00:00-05:00,767.5090638553544,768.3561445368794,755.2313897857925,755.716796875,760500,0.0,0.0
2024-01-23 00:00:00-05:00,755.0029191698251,757.2110100583672,750.4439501100061,754.3271484375,718300,0.0,0.0
2024-01-24 00:00:00-05:00,759.3715691225585,759.3715691225585,747.3127806385089,747.8457641601562,659700,0.0,0.0
2024-01-25 00:00:00-05:00,752.7662637845103,756.5543093989086,749.5017328241775,752.3284912109375,723800,0.0,0.0
2024-01-26 00:00:00-05:00,753.1565450015368,755.0124893292391,747.5982389166032,749.3209228515625,687900,0.0,0.0
2024-01-29 00:00:00-05:00,749.330542406808,754.2511278309922,743.4581965010722,750.6535034179688,622200,0.0,0.0
2024-01-30 00:00:00-05:00,745.2092927106137,746.9605572968569,741.4879353397531,744.0195922851562,936600,0.0,0.0
2024-01-31 00:00:00-05:00,741.8686385875751,747.5220975918237,735.0921093011765,736.9575805664062,730800,0.0,0.0
2024-02-01 00:00:00-05:00,739.0323868825975,747.6553333533653,728.6962833953487,747.0652465820312,626600,0.0,0.0
2024-02-02 00:00:00-05:00,742.9917065650319,754.117786872541,739.7652251839373,749.9871215820312,509900,0.0,0.0
2024-02-05 00:00:00-05:00,744.4766058819738,749.2639310171526,739.6607000480229,745.3902587890625,501100,0.0,0.0
2024-02-06 00:00:00-05:00,747.0652820533975,749.9871934454632,741.1929366645718,749.9681396484375,666300,0.0,0.0
2024-02-07 00:00:00-05:00,751.8907281017084,760.8848756446384,748.5881473441588,756.364013671875,700600,0.0,0.0
2024-02-08 00:00:00-05:00,755.7547792106004,760.3993741078323,749.5112339851008,754.936279296875,545500,0.0,0.0
2024-02-09 00:00:00-05:00,755.9166441926385,762.1792438924753,753.5753507858818,758.7529296875,536600,0.0,0.0
2024-02-12 00:00:00-05:00,759.8189038255804,769.4887640241433,759.1621868195265,763.0834350585938,499300,0.0,0.0
2024-02-13 00:00:00-05:00,747.369887892899,753.0613967531747,732.8555411366218,740.5362548828125,637400,0.0,0.0
2024-02-14 00:00:00-05:00,747.2269986755489,750.2536475915388,741.5735400913668,747.5125732421875,420900,0.0,0.0
2024-02-15 00:00:00-05:00,750.3678549513828,763.7685983499101,750.3678549513828,759.5523071289062,508200,0.0,0.0
2024-02-16 00:00:00-05:00,756.7351371782037,759.5047341450036,752.9661454043306,755.6976928710938,393700,0.0,0.0
2024-02-20 00:00:00-05:00,751.2054943627163,762.8645595415743,749.5779631270854,759.6094970703125,582200,0.0,0.0
2024-02-21 00:00:00-05:00,760.2757557129898,767.1760189117049,757.0492738755115,766.595458984375,419100,0.0,0.0
2024-02-22 00:00:00-05:00,771.9158247769369,776.9506750638043,769.0986508394263,774.2000732421875,549600,0.0,0.0
2024-02-23 00:00:00-05:00,777.6452928636598,783.97452229415,772.8293879177567,774.3427124023438,492500,0.0,0.0
2024-02-26 00:00:00-05:00,771.8301672346034,775.5134756180225,764.5967527849464,767.1475219726562,577800,0.0,0.0
2024-02-27 00:00:00-05:00,768.3847314330474,770.8021819093984,756.9065034606172,761.9222412109375,555900,0.0,0.0
2024-02-28 00:00:00-05:00,760.2470748504288,773.8952842053174,758.8574839828325,770.6021728515625,513000,0.0,0.0
2024-02-29 00:00:00-05:00,774.1619180087346,775.6466618811236,768.4418288179835,772.2012939453125,758800,0.0,0.0
2024-03-01 00:00:00-05:00,772.2013146906387,776.0178251289456,766.3670187445679,775.52294921875,431300,0.0,0.0
2024-03-04 00:00:00-05:00,776.6078871228508,801.3441881233061,776.6078871228508,794.2154541015625,858900,0.0,0.0
2024-03-05 00:00:00-05:00,792.1406006902172,799.2883302123623,783.6509146347094,787.0487060546875,497600,0.0,0.0
2024-03-06 00:00:00-05:00,790.8889689653762,797.1521461816304,785.7080181766171,795.2463989257812,538000,5.1,0.0
2024-03-07 00:00:00-05:00,802.5150349556992,803.6929461842064,794.5089561065212,796.4913330078125,384700,0.0,0.0
2024-03-08 00:00:00-05:00,800.4655324305187,809.2282044150701,798.4256980793783,800.72412109375,396200,0.0,0.0
2024-03-11 00:00:00-04:00,800.2739975692162,800.676201114483,787.4604157081112,790.22802734375,428600,0.0,0.0
2024-03-12 00:00:00-04:00,794.9782360555942,798.9525760397952,787.4414041845047,794.470703125,438600,0.0,0.0
2024-03-13 00:00:00-04:00,794.0685055090086,796.414800685889,788.3608492116562,791.0231323242188,510800,0.0,0.0
2024-03-14 00:00:00-04:00,790.0749405024186,790.3526427723588,766.7270242512226,774.5607299804688,859000,0.0,0.0
2024-03-15 00:00:00-04:00,767.6560079212544,779.3490798858907,764.5435914213496,768.546630859375,1576700,0.0,0.0
2024-03-18 00:00:00-04:00,772.0707470165057,772.1377906859275,760.2244170411783,766.3726196289062,634800,0.0,0.0
2024-03-19 00:00:00-04:00,762.5993419109603,769.8392976828428,759.2570954690347,768.3357543945312,593900,0.0,0.0
2024-03-20 00:00:00-04:00,770.0692566967612,784.5587566733494,766.7940533719471,783.2659301757812,451400,0.0,0.0
2024-03-21 00:00:00-04:00,788.6671883562284,808.8835158745735,787.4125890204921,806.4127197265625,643300,0.0,0.0
2024-03-22 00:00:00-04:00,805.2251880132923,806.6616878247843,787.6424443489487,789.912109375,615100,0.0,0.0
2024-03-25 00:00:00-04:00,785.7078929472267,791.9805967309638,780.6609718690643,781.656982421875,378100,0.0,0.0
2024-03-26 00:00:00-04:00,784.7789520750887,789.0022941448182,783.3041666824274,785.4780883789062,374000,0.0,0.0
2024-03-27 00:00:00-04:00,791.7986868325161,800.1399834726394,787.6711463662232,799.7664794921875,466500,0.0,0.0
2024-03-28 00:00:00-04:00,800.8198961754322,803.1757769361791,795.8400768653567,798.4066162109375,532100,0.0,0.0
2024-04-01 00:00:00-04:00,799.632363127583,799.7664504671857,790.304700680418,791.7699584960938,395900,0.0,0.0
2024-04-02 00:00:00-04:00,790.5537797973259,790.946397385484,775.7099474692113,782.02099609375,530700,0.0,0.0
2024-04-03 00:00:00-04:00,780.9292693887452,791.109270397349,779.1192654198402,780.3067626953125,369600,0.0,0.0
2024-04-04 00:00:00-04:00,787.5658669127614,791.5306206838515,756.728990556501,758.5581665039062,1189400,0.0,0.0
2024-04-05 00:00:00-04:00,760.0329471069504,770.2225337414769,756.6715279946071,763.7965698242188,687300,0.0,0.0
2024-04-08 00:00:00-04:00,767.5890168402916,773.3541305128589,763.0975577684609,769.3128051757812,760200,0.0,0.0
2024-04-09 00:00:00-04:00,772.0994850423396,772.0994850423396,760.5596147880625,769.8681640625,802100,0.0,0.0
2024-04-10 00:00:00-04:00,760.1860970648493,761.4693959391338,747.8609334470221,750.4754028320312,654400,0.0,0.0
2024-04-11 00:00:00-04:00,752.247135414624,755.9054289434674,745.8307573242583,752.6876831054688,812000,0.0,0.0
2024-04-12 00:00:00-04:00,752.3045686817136,769.006276451032,729.799403679722,731.0827026367188,1453600,0.0,0.0
2024-04-15 00:00:00-04:00,738.1597899516415,745.2752455092414,724.2927968069315,730.6900024414062,935200,0.0,0.0
2024-04-16 00:00:00-04:00,732.2317919047277,734.3865415573458,717.0910866837172,717.933837890625,662900,0.0,0.0
2024-04-17 00:00:00-04:00,721.1612666204895,726.7732375622865,716.4112774878464,721.8795166015625,585800,0.0,0.0
2024-04-18 00:00:00-04:00,722.7892875183652,729.1864934558118,715.1662987154226,715.6642456054688,614900,0.0,0.0
2024-04-19 00:00:00-04:00,719.5810554070268,723.4500070780141,713.9882572511585,718.230712890625,867800,0.0,0.0
2024-04-22 00:00:00-04:00,724.7142000508767,733.8599043969315,718.776655436507,727.9319458007812,617200,0.0,0.0
2024-04-23 00:00:00-04:00,730.9485144757349,736.8477141738668,728.726721265671,734.166259765625,461000,0.0,0.0
2024-04-24 00:00:00-04:00,730.508056640625,735.1431886134333,727.2903109552684,730.508056640625,751200,0.0,0.0
2024-04-25 00:00:00-04:00,722.3774787302945,728.439524574153,716.3537769586517,725.5761108398438,510100,0.0,0.0
2024-04-26 00:00:00-04:00,727.606326846355,734.9898984715218,725.6718217283491,730.5846557617188,447900,0.0,0.0
2024-04-29 00:00:00-04:00,731.0442111616408,736.8285536429895,723.852127124908,729.0523071289062,483700,0.0,0.0
2024-04-30 00:00:00-04:00,725.9495125639818,729.2151881514524,721.889015844626,722.6934814453125,418600,0.0,0.0
2024-05-01 00:00:00-04:00,723.0383261597252,733.4098724231978,719.1310298321176,719.7631225585938,614800,0.0,0.0
2024-05-02 00:00:00-04:00,726.064480814192,728.8417373235427,717.0816219175823,724.95361328125,632500,0.0,0.0
2024-05-03 00:00:00-04:00,733.2853054937243,738.8876315565129,730.4123057792011,731.571044921875,558300,0.0,0.0
2024-05-06 00:00:00-04:00,736.1870205019787,742.3448096738625,733.4098224562097,741.8468627929688,450100,0.0,0.0
2024-05-07 00:00:00-04:00,747.4300002670456,752.984513137347,743.8004650071077,747.8609619140625,777400,0.0,0.0
2024-05-08 00:00:00-04:00,745.0645689094686,746.2616520857371,741.118987436594,745.380615234375,665700,0.0,0.0
2024-05-09 00:00:00-04:00,744.9687521464617,758.0025784555972,744.9687521464617,755.7233276367188,654800,0.0,0.0
2024-05-10 00:00:00-04:00,758.9795186700701,765.395837960904,758.5485570210948,762.9442138671875,607100,0.0,0.0
2024-05-13 00:00:00-04:00,765.1756339425986,766.6025478626939,756.3746753142668,756.8726806640625,416800,0.0,0.0
2024-05-14 00:00:00-04:00,758.969975631832,769.3031775177917,758.634757240833,768.968017578125,492200,0.0,0.0
2024-05-15 00:00:00-04:00,774.867117138077,783.543573327358,773.4880750340901,781.1685791015625,667300,0.0,0.0
2024-05-16 00:00:00-04:00,777.0411127948531,780.4982751755938,773.4689766474517,773.5169067382812,486300,0.0,0.0
2024-05-17 00:00:00-04:00,776.1216135278371,779.0137849092794,772.1760324326449,777.8358154296875,394400,0.0,0.0
2024-05-20 00:00:00-04:00,774.7331120536497,778.4009915202269,770.1554960726297,771.1035766601562,366300,0.0,0.0
2024-05-21 00:00:00-04:00,770.5576179092602,772.5208225525441,766.3534479276354,770.8544921875,461800,0.0,0.0
2024-05-22 00:00:00-04:00,769.5233269627226,774.6277058311069,761.8715808944683,765.7597045898438,391600,0.0,0.0
2024-05-23 00:00:00-04:00,764.6392826841102,764.6392826841102,748.7132832780869,751.3372802734375,538300,0.0,0.0
2024-05-24 00:00:00-04:00,754.0476164319507,755.97253586523,747.8610684622643,748.7996215820312,429000,0.0,0.0
2024-05-28 00:00:00-04:00,748.7995114166007,750.4658418894077,733.0745843162301,738.7535400390625,636200,0.0,0.0
2024-05-29 00:00:00-04:00,730.977358468995,733.5056124610384,724.3120359734875,724.5514526367188,574900,0.0,0.0
2024-05-30 00:00:00-04:00,723.0000452495304,730.1346151308579,721.9178772437718,729.60791015625,650000,0.0,0.0
2024-05-31 00:00:00-04:00,730.7570515352359,741.5116284261727,729.8185569998165,739.3473510742188,1616000,0.0,0.0
2024-06-03 00:00:00-04:00,746.4915522910417,746.6926833258818,736.1774639784127,744.4613037109375,571000,0.0,0.0
2024-06-04 00:00:00-04:00,744.4612566070505,753.5590890191451,741.8276735403915,752.0459594726562,666400,0.0,0.0
2024-06-05 00:00:00-04:00,755.3595074587951,755.6755537934224,746.4436340257656,755.4840087890625,539800,0.0,0.0
2024-06-06 00:00:00-04:00,754.3444049088474,754.3444049088474,743.6568713938636,745.5722045898438,406300,0.0,0.0
2024-06-07 00:00:00-04:00,740.0389482029822,746.1313182455463,735.7203299801055,741.0029296875,468100,5.1,0.0
2024-06-10 00:00:00-04:00,739.1231459341651,741.1667819520304,732.8669155820128,738.5736694335938,588900,0.0,0.0
2024-06-11 00:00:00-04:00,734.5634908829204,735.8744914926114,725.203210118396,730.3412475585938,499000,0.0,0.0
2024-06-12 00:00:00-04:00,741.6390688214431,754.3732843355855,738.4965388707152,742.3717041015625,833200,0.0,0.0
2024-06-13 00:00:00-04:00,739.3351961679439,744.9166272960541,730.8907096850064,741.9861450195312,462500,0.0,0.0
2024-06-14 00:00:00-04:00,736.9637654691269,742.2367153793699,732.6162000287377,741.6198120117188,376800,0.0,0.0
2024-06-17 00:00:00-04:00,739.5761771784544,755.7035668696559,738.4579258268835,752.9465942382812,541600,0.0,0.0
2024-06-18 00:00:00-04:00,750.8837592107251,755.8771763685083,749.0329311871548,755.4241333007812,479700,0.0,0.0
2024-06-20 00:00:00-04:00,753.8527833453354,755.8096350703291,749.51486687219,754.6336059570312,496800,0.0,0.0
2024-06-21 00:00:00-04:00,755.4914978341477,762.6539316330826,751.7994913209044,759.2317504882812,869500,0.0,0.0
2024-06-24 00:00:00-04:00,760.1764909318491,777.422073962047,760.1764909318491,770.1729736328125,528700,0.0,0.0
2024-06-25 00:00:00-04:00,765.8447684806789,766.6159419181696,760.1765525181421,765.7772827148438,388900,0.0,0.0
2024-06-26 00:00:00-04:00,760.8513218001627,762.6250147538525,756.262760595613,759.0872192382812,529000,0.0,0.0
2024-06-27 00:00:00-04:00,756.3880454410361,758.7015655491334,752.2332878704431,752.9948120117188,428400,0.0,0.0
2024-06-28 00:00:00-04:00,756.2337691546799,763.7914093196151,753.0622914876277,758.9618530273438,769500,0.0,0.0
2024-07-01 00:00:00-04:00,762.3454284457862,765.4976076206207,749.6208621749088,754.09375,543500,0.0,0.0
2024-07-02 00:00:00-04:00,754.479323865249,761.217544598139,754.479323865249,760.7066650390625,367300,0.0,0.0
2024-07-03 00:00:00-04:00,760.706670712558,762.1526428578426,757.6894041291237,760.697021484375,250800,0.0,0.0
2024-07-05 00:00:00-04:00,762.644305905317,762.6828439824594,754.7011080937967,762.1237182617188,341400,0.0,0.0
2024-07-08 00:00:00-04:00,762.123722137187,764.7072442378467,757.4580847985828,761.728515625,529600,0.0,0.0
2024-07-09 00:00:00-04:00,764.9289809660592,774.453123036027,763.0106671661331,773.3831176757812,629500,0.0,0.0
2024-07-10 00:00:00-04:00,772.8817691506423,783.0324631240127,772.8817691506423,782.7529296875,519000,0.0,0.0
2024-07-11 00:00:00-04:00,788.5078068220338,796.1811196485659,786.4256329672592,795.1593017578125,634100,0.0,0.0
2024-07-12 00:00:00-04:00,799.5166622602893,807.3730764962488,795.6703853359271,798.1477661132812,677100,0.0,0.0
2024-07-15 00:00:00-04:00,800.0852243216372,806.0908681582159,788.9609006922171,793.318115234375,888100,0.0,0.0
2024-07-16 00:00:00-04:00,794.8027389737829,815.0752979620851,791.3806164496167,813.5425415039062,744600,0.0,0.0
2024-07-17 00:00:00-04:00,815.8270594194702,818.0538539993879,805.7823901596043,810.7951049804688,692000,0.0,0.0
2024-07-18 00:00:00-04:00,805.0883126047421,821.1964626446618,798.9381066938263,799.1405639648438,718000,0.0,0.0
2024-07-19 00:00:00-04:00,803.6423544163699,803.6423544163699,795.342488712598,800.7793579101562,1036200,0.0,0.0
2024-07-22 00:00:00-04:00,806.4185772358115,815.0462219857432,804.9629560002892,812.8676147460938,573200,0.0,0.0
2024-07-23 00:00:00-04:00,811.489231614098,820.3385743687548,808.7997445182028,814.2655029296875,701500,0.0,0.0
2024-07-24 00:00:00-04:00,813.6775030692723,815.7596771752278,796.354725300771,797.8392944335938,660300,0.0,0.0
2024-07-25 00:00:00-04:00,795.2460739012658,818.0153086304769,792.8071728495714,806.408935546875,587500,0.0,0.0
2024-07-26 00:00:00-04:00,811.6434053080602,826.7586857006978,810.8047461823365,825.3609008789062,555800,0.0,0.0
2024-07-29 00:00:00-04:00,827.0960114165438,834.0077413313631,821.6687916230358,831.0965576171875,612700,0.0,0.0
2024-07-30 00:00:00-04:00,836.8612051288616,842.4137475901323,834.0174481375867,841.1605834960938,539600,0.0,0.0
2024-07-31 00:00:00-04:00,843.7921965213347,853.2199039111053,840.4953966450842,844.9296875,656800,0.0,0.0
2024-08-01 00:00:00-04:00,848.3036874164809,852.8054643742735,829.3325392855779,834.1813354492188,586500,0.0,0.0
2024-08-02 00:00:00-04:00,824.2042037221618,827.2889563689424,809.0600327859854,815.5476684570312,479800,0.0,0.0
2024-08-05 00:00:00-04:00,794.9857843302169,818.3430336847993,783.8903495437088,800.837158203125,1328800,0.0,0.0
2024-08-06 00:00:00-04:00,804.4618785202122,821.5339536183067,799.6226724522907,810.669921875,525100,0.0,0.0
2024-08-07 00:00:00-04:00,821.5627812037847,825.5536782420372,808.269440303967,809.5901489257812,750900,0.0,0.0
2024-08-08 00:00:00-04:00,815.7210581250944,824.9656066401976,813.2339696824707,824.0402221679688,381500,0.0,0.0
2024-08-09 00:00:00-04:00,822.6809378072628,831.1543714321012,819.1913300672259,825.3704833984375,290400,0.0,0.0
2024-08-12 00:00:00-04:00,823.3751637616904,826.1321367015051,805.3583473651031,808.0767822265625,510300,0.0,0.0
2024-08-13 00:00:00-04:00,814.0630021563354,825.3705441027862,813.3111272517712,823.8088989257812,385800,0.0,0.0
2024-08-14 00:00:00-04:00,825.1970998510452,828.6577604378234,820.7145624056326,826.6334228515625,325100,0.0,0.0
2024-08-15 00:00:00-04:00,833.3811987675296,844.2838257865653,831.9448759298599,840.6495971679688,520800,0.0,0.0
2024-08-16 00:00:00-04:00,840.8328628384045,843.3584896598517,837.4107402829407,841.064208984375,395200,0.0,0.0
2024-08-19 00:00:00-04:00,842.1245950709935,845.4310444401398,835.10678175437,838.8663330078125,456000,0.0,0.0
2024-08-20 00:00:00-04:00,838.1337094032455,840.5822011807732,828.7637788242082,829.9591064453125,348700,0.0,0.0
2024-08-21 00:00:00-04:00,830.8362469373494,833.7667290470414,823.0087231172198,832.002685546875,453700,0.0,0.0
2024-08-22 00:00:00-04:00,832.0026707581388,837.4491299624726,828.0406627818116,834.0751953125,327400,0.0,0.0
2024-08-23 00:00:00-04:00,838.1817837054444,852.795715081189,835.8007780129252,851.0413208007812,416300,0.0,0.0
2024-08-26 00:00:00-04:00,850.9643097681612,856.9795448535893,847.1276822646342,851.3306274414062,413800,0.0,0.0
2024-08-27 00:00:00-04:00,851.6776146937868,856.0155312372187,847.050515481478,854.212890625,300400,0.0,0.0
2024-08-28 00:00:00-04:00,854.5116619285812,863.1874944002386,851.8800115732732,856.6516723632812,441200,0.0,0.0
2024-08-29 00:00:00-04:00,856.6517156343806,866.291529978703,852.9115217986003,862.6380615234375,417900,0.0,0.0
2024-08-30 00:00:00-04:00,865.9348306091432,870.9186568095172,857.904907909752,869.3280639648438,478200,0.0,0.0
2024-09-03 00:00:00-04:00,866.6866911120516,867.5831866778753,849.2771908528522,854.501953125,433500,0.0,0.0
2024-09-04 00:00:00-04:00,848.6218364688785,858.6183197531955,847.5132342273329,854.5599365234375,356600,0.0,0.0
2024-09-05 00:00:00-04:00,857.6542304785135,857.6542304785135,841.6907014597717,845.0646362304688,426000,0.0,0.0
2024-09-06 00:00:00-04:00,846.5106654021116,852.892217749265,830.0940334397399,835.6947631835938,748900,0.0,0.0
2024-09-09 00:00:00-04:00,846.9625846563014,857.2121732921927,844.5189568746496,851.326171875,394800,5.1,0.0
2024-09-10 00:00:00-04:00,859.3551022257155,859.3551022257155,842.9674442658433,857.03759765625,269900,0.0,0.0
2024-09-11 00:00:00-04:00,851.8109985211083,851.8594709856184,828.2669933050294,850.531005859375,431900,0.0,0.0
2024-09-12 00:00:00-04:00,854.1285813291657,859.5975656791653,847.8740944598957,858.2885131835938,478700,0.0,0.0
2024-09-13 00:00:00-04:00,861.216920202262,865.095664121004,855.9224134466025,858.8799438476562,406900,0.0,0.0
2024-09-16 00:00:00-04:00,861.4109594494532,868.7417838562243,859.7236559527461,868.0435791015625,380900,0.0,0.0
2024-09-17 00:00:00-04:00,870.147711573726,881.3282196029403,868.0532158475214,877.1004028320312,416900,0.0,0.0
2024-09-18 00:00:00-04:00,884.1694123225936,902.2928465020528,878.293117376931,894.739013671875,656300,0.0,0.0
2024-09-19 00:00:00-04:00,909.8078778454662,914.1520521306383,897.6576840123394,906.5303344726562,625500,0.0,0.0
2024-09-20 00:00:00-04:00,902.4575968207436,903.5436403382829,896.6007150522328,900.6345825195312,970100,0.0,0.0
2024-09-23 00:00:00-04:00,901.7789013190046,910.9812715856795,900.6346788900524,909.1873168945312,396500,0.0,0.0
2024-09-24 00:00:00-04:00,905.6867596837374,913.5993717141195,901.8080155309162,912.6975708007812,366500,0.0,0.0
2024-09-25 00:00:00-04:00,914.1422573174702,914.258674074852,906.2781189237969,908.4017333984375,476800,0.0,0.0
2024-09-26 00:00:00-04:00,916.3532680049251,923.8683344885634,910.9326972353546,916.3726806640625,459400,0.0,0.0
2024-09-27 00:00:00-04:00,916.8090755029963,921.5411483384077,913.5412381273253,916.5570068359375,472500,0.0,0.0
2024-09-30 00:00:00-04:00,915.6647708083938,922.4332193280521,907.5969761934706,920.7265625,362200,0.0,0.0
2024-10-01 00:00:00-04:00,916.6636172059476,916.6636172059476,891.1027073186657,905.7061767578125,543800,0.0,0.0
2024-10-02 00:00:00-04:00,911.3787859956911,928.2610525828362,904.7170478380452,928.23193359375,368200,0.0,0.0
2024-10-03 00:00:00-04:00,924.6635700802319,929.5701793183471,920.7072342692205,922.6466064453125,511100,0.0,0.0
2024-10-04 00:00:00-04:00,931.616121265851,931.616121265851,902.8067879884868,920.416259765625,491700,0.0,0.0
2024-10-07 00:00:00-04:00,923.1410385339623,927.814931986715,909.5266688940925,912.1544799804688,561400,0.0,0.0
2024-10-08 00:00:00-04:00,922.7046679762014,926.3991691347231,913.7157193281853,920.2998657226562,389000,0.0,0.0
2024-10-09 00:00:00-04:00,921.2016753126542,933.7591205131137,919.2428907059682,926.9421997070312,573200,0.0,0.0
2024-10-10 00:00:00-04:00,926.050173644788,934.1276749772632,924.712002166925,926.622314453125,564400,0.0,0.0
2024-10-11 00:00:00-04:00,934.0113367643885,966.0885092085339,933.953157967837,960.2413330078125,927500,0.0,0.0
2024-10-14 00:00:00-04:00,968.8811550408253,971.0920675546791,959.203707590208,961.656982421875,768400,0.0,0.0
2024-10-15 00:00:00-04:00,967.7466417935777,985.6373605855667,965.9236273527989,976.4738159179688,618800,0.0,0.0
2024-10-16 00:00:00-04:00,973.7101628347303,988.323277905455,973.7101628347303,984.95849609375,547100,0.0,0.0
2024-10-17 00:00:00-04:00,992.5705807232351,1000.7159669186409,971.2763137241403,972.1102294921875,684700,0.0,0.0
2024-10-18 00:00:00-04:00,978.8786759890498,978.8786759890498,968.1151842751995,976.4932861328125,505400,0.0,0.0
2024-10-21 00:00:00-04:00,974.534480442617,978.0059730740861,966.9806474182021,970.2000122070312,311200,0.0,0.0
2024-10-22 00:00:00-04:00,966.8837071575402,973.4387947593399,960.7552838134004,970.4715576171875,504400,0.0,0.0
2024-10-23 00:00:00-04:00,966.8253562093516,978.0640423135645,952.8812676347231,958.204833984375,441400,0.0,0.0
2024-10-24 00:00:00-04:00,960.9975886162506,961.9576274680836,953.4243433513656,954.1710205078125,353600,0.0,0.0
2024-10-25 00:00:00-04:00,957.4194525823929,957.4194525823929,939.5772656158979,944.5420532226562,433500,0.0,0.0
2024-10-28 00:00:00-04:00,952.2316230467846,959.4557953641163,949.3322714645311,956.3236694335938,329400,0.0,0.0
2024-10-29 00:00:00-04:00,955.1406918203503,959.7661128914921,949.4486398434848,953.3661499023438,269500,0.0,0.0
2024-10-30 00:00:00-04:00,955.645009591465,967.7466724886151,949.2838715064324,950.166259765625,427900,0.0,0.0
2024-10-31 00:00:00-04:00,940.7505354822978,956.1782727507914,940.1493349023563,951.2910766601562,607800,0.0,0.0
2024-11-01 00:00:00-04:00,954.1710452787689,961.8994144623481,950.5153100380634,955.2183227539062,792000,0.0,0.0
2024-11-04 00:00:00-05:00,949.4582995763344,961.9381528115308,946.4619439990455,961.443603515625,512500,0.0,0.0
2024-11-05 00:00:00-05:00,961.9284344348163,986.8396681334942,961.9284344348163,983.6008911132812,424800,0.0,0.0
2024-11-06 00:00:00-05:00,1014.5436892231781,1025.4526567811731,969.6860051551128,998.6019897460938,1266900,0.0,0.0
2024-11-07 00:00:00-05:00,1008.4638764041106,1013.2734817664823,1001.1039917659881,1004.653076171875,528700,0.0,0.0
2024-11-08 00:00:00-05:00,1009.4237484993093,1018.5969405004546,1005.2444632460778,1007.7753295898438,454500,0.0,0.0
2024-11-11 00:00:00-05:00,1017.0357235395539,1035.954306846314,1015.7460837742644,1021.8938598632812,681500,0.0,0.0
2024-11-12 00:00:00-05:00,1022.2428917085347,1025.0355920081963,1002.2576782768402,1004.9340209960938,489900,0.0,0.0
2024-11-13 00:00:00-05:00,1006.8928615229183,1012.0128320851024,995.0724458309659,999.7268676757812,408800,0.0,0.0
2024-11-14 00:00:00-05:00,1009.1618502093166,1026.7907932659464,1005.758242977442,1015.3387451171875,1048700,0.0,0.0
2024-11-15 00:00:00-05:00,1007.0091184048825,1020.604133899444,1003.634630353138,1015.6199340820312,583400,0.0,0.0
2024-11-18 00:00:00-05:00,1007.0963762715962,1021.2925925716036,1005.9522131548385,1018.14111328125,563200,0.0,0.0
2024-11-19 00:00:00-05:00,1010.4128002439246,1012.652831695401,996.4395920029373,996.94384765625,673500,0.0,0.0
2024-11-20 00:00:00-05:00,1001.0552761754325,1005.2733864234281,987.140306336703,993.608154296875,593700,0.0,0.0
2024-11-21 00:00:00-05:00,1003.363187152675,1007.9207824259807,993.540263127137,996.8372192382812,473100,0.0,0.0
2024-11-22 00:00:00-05:00,1001.6856347783688,1010.3545707729486,997.3220477924029,1005.0407104492188,713000,0.0,0.0
2024-11-25 00:00:00-05:00,1017.0454645258926,1017.2006474345578,999.3292817843964,1000.221435546875,1463700,0.0,0.0
2024-11-26 00:00:00-05:00,1000.7644372716757,1006.8442687792378,987.33425128308,995.3632202148438,772700,0.0,0.0
2024-11-27 00:00:00-05:00,998.3402506531806,1002.6553059274539,987.1790963398305,988.54638671875,481900,0.0,0.0
2024-11-29 00:00:00-05:00,989.874901437315,998.1171735172895,989.874901437315,991.7948608398438,390000,0.0,0.0
2024-12-02 00:00:00-05:00,995.431240949619,1002.3159880852212,982.1658839830675,989.1864013671875,719600,0.0,0.0
2024-12-03 00:00:00-05:00,999.8334739758733,1014.5727717463964,990.0493756790822,1007.5037231445312,941700,0.0,0.0
2024-12-04 00:00:00-05:00,1006.5339967589447,1007.8721680790258,981.7875928512806,1003.6249389648438,1029500,0.0,0.0
2024-12-05 00:00:00-05:00,1003.7223481738993,1030.6279397565374,1002.2898797798338,1018.1253051757812,880500,5.1,0.0
2024-12-06 00:00:00-05:00,1017.7747250629325,1026.3599018554921,1011.8595167218145,1016.2642211914062,550300,0.0,0.0
2024-12-09 00:00:00-05:00,1023.1829482801982,1028.883678238578,1016.6344186762747,1019.6845703125,742600,0.0,0.0
2024-12-10 00:00:00-05:00,1023.0757873941218,1037.6833505702036,1019.2266080161868,1030.101806640625,645000,0.0,0.0
2024-12-11 00:00:00-05:00,1034.0680007551555,1054.8342739639843,1033.2299555199434,1038.0828857421875,1139700,0.0,0.0
2024-12-12 00:00:00-05:00,1040.9379517617645,1046.648554324451,1024.4009241598073,1031.8070068359375,687100,0.0,0.0
2024-12-13 00:00:00-05:00,1029.8972329955793,1034.3603446029272,1025.4827744079657,1029.58544921875,537300,0.0,0.0
2024-12-16 00:00:00-05:00,1032.3529553282794,1044.6314785902373,1029.5464255293143,1037.488525390625,897800,0.0,0.0
2024-12-17 00:00:00-05:00,1029.0786521960877,1032.713472751102,1011.7814932988647,1022.4520874023438,990400,0.0,0.0
2024-12-18 00:00:00-05:00,1022.4520681819741,1033.931563096432,992.9641171074111,994.2698974609375,864900,0.0,0.0
2024-12-19 00:00:00-05:00,1013.9740459064972,1014.3248472332755,989.0563861847006,990.4011840820312,796300,0.0,0.0
2024-12-20 00:00:00-05:00,981.9329039055639,1010.3197383598736,976.4172696339293,1002.44580078125,2079800,0.0,0.0
2024-12-23 00:00:00-05:00,999.7172517572025,1014.7925486947523,997.2517692011569,1013.1748657226562,488100,0.0,0.0
2024-12-24 00:00:00-05:00,1015.0655080535157,1027.9189453125,1010.2223321330117,1027.9189453125,276600,0.0,0.0
2024-12-26 00:00:00-05:00,1018.3396600445867,1030.511002062992,1018.3396600445867,1027.3829345703125,292100,0.0,0.0
2024-12-27 00:00:00-05:00,1021.2632014573898,1028.5133334986133,1013.7206754974596,1017.5407104492188,337100,0.0,0.0
2024-12-30 00:00:00-05:00,1006.460827871242,1009.6181589084938,995.4198046795626,1001.2180786132812,591700,0.0,0.0
2024-12-31 00:00:00-05:00,1004.5118050368111,1007.7470521239427,993.5292492513978,998.9571533203125,619400,0.0,0.0
2025-01-02 00:00:00-05:00,1003.7224311452785,1005.7688317282522,986.1816507951668,991.4439086914062,604500,0.0,0.0
2025-01-03 00:00:00-05:00,996.092218385702,997.8755477860788,984.232718031191,994.7864379882812,469000,0.0,0.0
2025-01-06 00:00:00-05:00,999.4834418775105,1003.1475255440486,985.6846612387615,986.9027709960938,616200,0.0,0.0
2025-01-07 00:00:00-05:00,985.2071484989643,986.1816362818515,953.2926736094083,955.7386474609375,970500,0.0,0.0
2025-01-08 00:00:00-05:00,955.2318986563364,965.0254890184834,951.1487924503529,960.9423828125,778500,0.0,0.0
2025-01-10 00:00:00-05:00,954.7933658142182,956.9957177256335,923.9703124047682,931.259521484375,908200,0.0,0.0
2025-01-13 00:00:00-05:00,922.1091069953609,932.8284731004588,919.273373586976,930.6456298828125,794100,0.0,0.0
2025-01-14 00:00:00-05:00,939.7180968878191,944.8633616223941,933.5982848602388,938.597412109375,1058100,0.0,0.0
2025-01-15 00:00:00-05:00,993.7533823147971,999.2884060663116,965.7173509833559,987.3314819335938,1140100,0.0,0.0
2025-01-16 00:00:00-05:00,990.605798530398,990.605798530398,957.122412276639,970.3169555664062,883800,0.0,0.0
2025-01-17 00:00:00-05:00,975.364810152068,986.9709330531364,971.5740385400051,979.3212280273438,1085800,0.0,0.0
2025-01-21 00:00:00-05:00,988.1501023934202,1000.7501625781588,978.1128308325748,986.2693481445312,671600,0.0,0.0
2025-01-22 00:00:00-05:00,986.6493251281245,987.9551648662986,972.7823836607204,980.666015625,570300,0.0,0.0
2025-01-23 00:00:00-05:00,978.3467854386629,991.8434175717648,975.2966338903074,991.7654418945312,645300,0.0,0.0
2025-01-24 00:00:00-05:00,987.2925127003213,999.8244106289991,987.2925127003213,994.416015625,731300,0.0,0.0
2025-01-27 00:00:00-05:00,984.2327700151282,1004.6093451258063,979.0582416924863,1003.6640014648438,662500,0.0,0.0
2025-01-28 00:00:00-05:00,1003.4107129533539,1028.7862959611143,1000.8478051209423,1024.381591796875,1083000,0.0,0.0
2025-01-29 00:00:00-05:00,1020.3959321966877,1039.6128035569113,1018.6419254852465,1025.755615234375,808600,0.0,0.0
2025-01-30 00:00:00-05:00,1041.9222273327991,1050.741388820915,1032.3040382513343,1044.18310546875,532100,0.0,0.0
2025-01-31 00:00:00-05:00,1046.6875843803505,1056.5591507090185,1041.4936071482164,1048.0616455078125,957600,0.0,0.0
2025-02-03 00:00:00-05:00,1027.5778936568083,1029.58539565759,980.9486754309014,987.8870239257812,1502200,0.0,0.0
2025-02-04 00:00:00-05:00,985.7334058827552,993.4903504825224,978.3857889989727,989.748291015625,931100,0.0,0.0
2025-02-05 00:00:00-05:00,993.977541709663,1001.334972076298,980.2469826347395,988.6178588867188,710200,0.0,0.0
2025-02-06 00:00:00-05:00,994.3186022605016,997.6805970638112,979.3602383319119,980.9389038085938,688500,0.0,0.0
2025-02-07 00:00:00-05:00,983.0243015559666,989.9918534896848,965.8635860408338,966.7308349609375,731700,0.0,0.0
2025-02-10 00:00:00-05:00,969.61535465077,970.9211944645457,951.8699105168852,960.4064331054688,683700,0.0,0.0
2025-02-11 00:00:00-05:00,954.9980189206511,964.2166946786435,948.7612733732292,962.9888305664062,884900,0.0,0.0
2025-02-12 00:00:00-05:00,950.164617332396,955.8654069745887,941.2383347452379,948.8685913085938,562900,0.0,0.0
2025-02-13 00:00:00-05:00,954.0625410944709,956.9470464755668,945.5163232935032,955.2904052734375,480500,0.0,0.0
2025-02-14 00:00:00-05:00,950.1256446741354,953.6825490838661,943.6745399269996,949.0731811523438,965200,0.0,0.0
2025-02-18 00:00:00-05:00,944.4151533318444,952.9224130862251,934.6020537101094,952.9126586914062,1048500,0.0,0.0
2025-02-19 00:00:00-05:00,946.2276614236399,964.450595326063,942.2127764135338,961.1763305664062,760300,0.0,0.0
2025-02-20 00:00:00-05:00,961.3322033211347,966.0292415988997,949.1706147540509,964.1387329101562,769700,0.0,0.0
2025-02-21 00:00:00-05:00,967.1693897023938,967.8710518488456,946.2374107351557,949.365478515625,1254000,0.0,0.0
2025-02-24 00:00:00-05:00,950.4666308665846,957.2198835115158,923.9215932995808,928.491943359375,1141500,0.0,0.0
2025-02-25 00:00:00-05:00,933.5106249064298,941.4721737918079,921.7290409185745,933.569091796875,1004000,0.0,0.0
2025-02-26 00:00:00-05:00,932.0975885427946,942.4368899130671,927.9852785416402,929.437255859375,614300,0.0,0.0
2025-02-27 00:00:00-05:00,934.6311854243289,945.2433713895505,919.4292001823129,920.7837524414062,675200,0.0,0.0
2025-02-28 00:00:00-05:00,919.1174029765787,955.4657862942433,917.9772688958514,952.834716796875,1412300,0.0,0.0
2025-03-03 00:00:00-05:00,954.8421276586828,965.5127212128835,934.3778843829894,941.8131713867188,767000,0.0,0.0
2025-03-04 00:00:00-05:00,928.0632166660013,939.9714888920792,909.5284985612475,927.5077514648438,1040000,0.0,0.0
2025-03-05 00:00:00-05:00,939.4062191125133,944.9217937722461,923.6682176878356,943.4406127929688,837800,0.0,0.0
2025-03-06 00:00:00-05:00,933.198740742079,944.2884164750141,924.5257756789248,935.157470703125,698000,0.0,0.0
2025-03-07 00:00:00-05:00,933.7857400637588,933.7857400637588,900.4330627181909,927.799072265625,1180800,5.21,0.0
2025-03-10 00:00:00-04:00,899.5611228604484,912.9649403141505,883.3257673589809,896.7785034179688,1069500,0.0,0.0
2025-03-11 00:00:00-04:00,893.7117142171265,904.3327927733257,886.6767043742443,891.9872436523438,963100,0.0,0.0
2025-03-12 00:00:00-04:00,901.4227590994568,904.8815077391209,885.2951086413813,891.6834716796875,630200,0.0,0.0
2025-03-13 00:00:00-04:00,894.5837216158671,895.0540100047874,880.1217556296247,882.27734375,656600,0.0,0.0
2025-03-14 00:00:00-04:00,896.5433855105871,910.3390306327304,889.5867170949764,909.9471435546875,623600,0.0,0.0
2025-03-17 00:00:00-04:00,918.2068218951092,941.5360313683889,914.5227368704057,938.6553955078125,922300,0.0,0.0
2025-03-18 00:00:00-04:00,938.2928787498197,945.0927438710829,936.705595692359,939.2628784179688,1086200,0.0,0.0
2025-03-19 00:00:00-04:00,940.3014798312217,946.4938692577613,931.7967594866781,937.9009399414062,1086700,0.0,0.0
2025-03-20 00:00:00-04:00,933.4526752416303,942.2121554232339,930.3467026583423,934.9027709960938,667900,0.0,0.0
2025-03-21 00:00:00-04:00,928.8573616712575,937.0289812295256,919.2258387395533,932.5120239257812,5211600,0.0,0.0
2025-03-24 00:00:00-04:00,941.2519455592853,953.3427346513781,937.6756248454325,944.0443725585938,640000,0.0,0.0
2025-03-25 00:00:00-04:00,950.8833929684486,957.5461306159738,942.4374586170325,953.8228149414062,566700,0.0,0.0
2025-03-26 00:00:00-04:00,955.3121669270944,960.4071771112446,944.5342860694553,948.6886596679688,667600,0.0,0.0
2025-03-27 00:00:00-04:00,946.0138505893609,957.0758545858905,938.1655837614729,948.394775390625,479100,0.0,0.0
2025-03-28 00:00:00-04:00,946.7290320055552,948.1105938406295,926.6724045167149,927.5836181640625,568800,0.0,0.0
2025-03-31 00:00:00-04:00,914.7481185331535,930.1996995878642,901.863687755309,927.3680419921875,1195500,0.0,0.0
2025-04-01 00:00:00-04:00,926.80948376798,938.0479044379929,912.602278118207,925.0164794921875,668600,0.0,0.0
2025-04-02 00:00:00-04:00,915.1694090148287,946.4546478298377,915.1694090148287,942.4178466796875,490300,0.0,0.0
2025-04-03 00:00:00-04:00,900.0118318860161,909.4669966806176,869.2458573505713,869.7260131835938,903000,0.0,0.0
2025-04-04 00:00:00-04:00,835.6580733630332,843.1438156538914,794.7804808019939,806.0090942382812,1615100,0.0,0.0
2025-04-07 00:00:00-04:00,773.6853261135951,829.1325936815789,758.1161720930983,800.9925537109375,1654100,0.0,0.0
2025-04-08 00:00:00-04:00,832.1503602422907,839.498915277639,788.7449071273729,799.2484130859375,1812200,0.0,0.0
2025-04-09 00:00:00-04:00,784.3749927449736,886.6374860742457,783.0131059120139,878.9656372070312,1821500,0.0,0.0
2025-04-10 00:00:00-04:00,861.7307363087573,862.6321423046904,816.2774600642841,841.43896484375,1235600,0.0,0.0
2025-04-11 00:00:00-04:00,831.0430891443431,870.6077102387338,823.5279843660882,861.0350341796875,963000,0.0,0.0
2025-04-14 00:00:00-04:00,879.1517501197939,881.8266050181535,861.828763544205,871.9795532226562,970300,0.0,0.0
2025-04-15 00:00:00-04:00,870.9507939537262,882.5614873516791,868.3346652213706,870.5000610351562,516200,0.0,0.0
2025-04-16 00:00:00-04:00,863.4453902654775,868.9911331679261,837.9507847461567,848.297607421875,591500,0.0,0.0
2025-04-17 00:00:00-04:00,853.461113023607,872.1558525336407,848.6796487480623,858.0956420898438,1034300,0.0,0.0
2025-04-21 00:00:00-04:00,849.4929889616419,852.4324110687757,828.7406760616014,836.7554931640625,644400,0.0,0.0
2025-04-22 00:00:00-04:00,852.3539716973518,870.5293856214934,847.0532403805572,869.3046264648438,600700,0.0,0.0
2025-04-23 00:00:00-04:00,890.8114125798717,910.2410086590818,870.8135713077695,874.5172119140625,553100,0.0,0.0
2025-04-24 00:00:00-04:00,877.4174904296588,898.1992260535627,874.8797630553754,897.75830078125,619700,0.0,0.0
2025-04-25 00:00:00-04:00,894.8089931421604,899.7276447953898,881.199455751196,889.3612670898438,444400,0.0,0.0
2025-04-28 00:00:00-04:00,887.9308215884571,904.8717294384944,887.9308215884571,895.2891845703125,685200,0.0,0.0
2025-04-29 00:00:00-04:00,892.4967017255062,903.0884164348056,886.7746006785363,901.9322509765625,392300,0.0,0.0
2025-04-30 00:00:00-04:00,887.6662562688452,897.3859280849765,875.8889532104272,895.7986450195312,1028900,0.0,0.0
2025-05-01 00:00:00-04:00,894.5249059563105,905.2243850689289,887.617216557886,897.6406860351562,451700,0.0,0.0
2025-05-02 00:00:00-04:00,912.6120941737013,916.2765638894122,905.6554862986804,910.4369506835938,822500,0.0,0.0
2025-05-05 00:00:00-04:00,904.3033870083289,914.8461235346017,901.608916828583,901.9420776367188,384100,0.0,0.0
2025-05-06 00:00:00-04:00,892.1047450982103,905.1166148363233,888.2639172007459,896.4942626953125,482900,0.0,0.0
2025-05-07 00:00:00-04:00,899.1202120938011,906.3119643408896,896.3669559137242,901.7754516601562,547800,0.0,0.0
2025-05-08 00:00:00-04:00,911.2208292983469,925.8983241645914,908.4871883394218,909.8883056640625,626700,0.0,0.0
2025-05-09 00:00:00-04:00,911.2208690212808,913.2196545598405,903.4999820350353,904.7933349609375,684800,0.0,0.0
2025-05-12 00:00:00-04:00,942.0063769945851,945.4553180448283,931.9241807710874,938.6848754882812,807900,0.0,0.0
2025-05-13 00:00:00-04:00,940.5072692036013,948.7670377915776,938.6358037200464,939.8115844726562,604900,0.0,0.0
2025-05-14 00:00:00-04:00,940.6150939602232,950.4033602133153,939.6352865706814,947.5325317382812,679200,0.0,0.0
2025-05-15 00:00:00-04:00,949.1198146155265,969.4606255842127,947.5815098381238,963.2290649414062,1156600,0.0,0.0
2025-05-16 00:00:00-04:00,966.824846539486,972.0864069196152,962.680280826221,969.72509765625,723600,0.0,0.0
2025-05-19 00:00:00-04:00,959.4174932375403,975.5548904396053,956.8112321849944,973.5952758789062,495000,0.0,0.0
2025-05-20 00:00:00-04:00,967.9418834179212,978.8275285671576,967.5793594878526,977.5635986328125,536700,0.0,0.0
2025-05-21 00:00:00-04:00,969.0295038279745,976.5544173689399,951.4811798746707,953.18603515625,696000,0.0,0.0
2025-05-22 00:00:00-04:00,952.3727570886426,958.0458201929472,946.1803673765164,950.315185546875,364100,0.0,0.0
2025-05-23 00:00:00-04:00,937.5678682664775,950.148561134495,931.1109115252467,943.7308349609375,517500,0.0,0.0
2025-05-27 00:00:00-04:00,955.9881966621846,961.680874741035,948.4436684148341,961.5045166015625,843100,0.0,0.0
2025-05-28 00:00:00-04:00,962.1609339427575,964.6202597651346,950.1582948547708,951.667236328125,367100,0.0,0.0
2025-05-29 00:00:00-04:00,958.3299391636142,959.7506717068322,946.4644273299473,956.60546875,455500,0.0,0.0
2025-05-30 00:00:00-04:00,953.4896942520986,960.1817350810762,947.806823848931,960.1033935546875,1061000,0.0,0.0
2025-06-02 00:00:00-04:00,956.007859415972,960.1034469987139,945.514101076095,958.3201904296875,425000,0.0,0.0
2025-06-03 00:00:00-04:00,956.2919938068081,965.3846349122325,951.353786187432,962.2982177734375,495700,0.0,0.0
2025-06-04 00:00:00-04:00,967.0699301450248,970.9891598517929,965.100507648942,969.0001220703125,491700,0.0,0.0
2025-06-05 00:00:00-04:00,974.2304443317255,976.1314802626098,963.9077007917818,970.6746215820312,479400,5.21,0.0
2025-06-06 00:00:00-04:00,978.8204693725809,985.9616933895958,972.516528380931,974.210693359375,627700,0.0,0.0
2025-06-09 00:00:00-04:00,976.4170382462619,979.5000817200331,966.7936645110321,974.0038452148438,420000,0.0,0.0
2025-06-10 00:00:00-04:00,972.6839361675288,978.2196110757094,970.2214451898896,977.0179443359375,478700,0.0,0.0
2025-06-11 00:00:00-04:00,980.3668432620874,988.2566735491723,975.1463746941714,978.3968505859375,645700,0.0,0.0
2025-06-12 00:00:00-04:00,975.0577359884419,979.5788958062409,968.9803251827364,973.4226684570312,558500,0.0,0.0
2025-06-13 00:00:00-04:00,965.6116660733919,970.7828971091865,952.8264321983431,957.2391967773438,674300,0.0,0.0
2025-06-16 00:00:00-04:00,971.7876134843493,974.3092018343965,962.5680015962749,967.3649291992188,522400,0.0,0.0
2025-06-17 00:00:00-04:00,961.208703032486,965.7200033316452,951.1420687850625,954.6387939453125,624800,0.0,0.0
2025-06-18 00:00:00-04:00,956.2443293558616,973.4423877233781,951.9497595852669,964.8236694335938,662600,0.0,0.0
2025-06-20 00:00:00-04:00,967.473326447022,972.1027613872808,958.6083589316879,959.8198852539062,859500,0.0,0.0
2025-06-23 00:00:00-04:00,960.6866513593134,971.6496655907312,951.979257135949,971.5018920898438,642900,0.0,0.0
2025-06-24 00:00:00-04:00,980.5638977923927,990.7585862932496,978.1014068386197,989.8917846679688,699500,0.0,0.0
2025-06-25 00:00:00-04:00,992.610366310592,1004.6962909308826,984.996363657728,1002.8051147460938,661800,0.0,0.0
2025-06-26 00:00:00-04:00,1005.2085307712903,1021.4412519693916,1002.4308337492913,1015.324462890625,631200,0.0,0.0
2025-06-27 00:00:00-04:00,1020.0622497789979,1034.2462220143875,1018.8408638597244,1032.098876953125,799900,0.0,0.0
2025-06-30 00:00:00-04:00,1034.226474404477,1038.3635313220468,1025.6866327875537,1033.5074462890625,530400,0.0,0.0
2025-07-01 00:00:00-04:00,1030.8774637827967,1041.1411693054426,1025.8048286380656,1038.4521484375,472900,0.0,0.0
2025-07-02 00:00:00-04:00,1040.1562233719103,1054.5963046094546,1034.2462448300244,1054.507568359375,495000,0.0,0.0
2025-07-03 00:00:00-04:00,1055.2560905770413,1066.2388238671217,1050.6266558529342,1065.913818359375,342700,0.0,0.0
2025-07-07 00:00:00-04:00,1067.7360879638716,1070.5334440477568,1053.9658576543563,1059.8265380859375,559700,0.0,0.0
2025-07-08 00:00:00-04:00,1059.2848917558213,1063.6582181396848,1053.9461678811394,1058.890869140625,502500,0.0,0.0
2025-07-09 00:00:00-04:00,1063.796076707807,1072.4345140874318,1061.4714997095848,1072.414794921875,340400,0.0,0.0
2025-07-10 00:00:00-04:00,1075.399426184585,1089.1302186400785,1067.883898649202,1087.4853515625,467500,0.0,0.0
2025-07-11 00:00:00-04:00,1083.1118786429174,1086.884371574751,1075.438718198682,1085.1114501953125,545400,0.0,0.0
2025-07-14 00:00:00-04:00,1084.559790200387,1095.4440484895642,1081.9593852820242,1094.7840576171875,661800,0.0,0.0
2025-07-15 00:00:00-04:00,1054.7833705817075,1060.3190455385252,1018.2597473664347,1030.4638671875,1939400,0.0,0.0
2025-07-16 00:00:00-04:00,1038.7671492987422,1070.64161314199,1037.2010389466834,1066.0023193359375,1407200,0.0,0.0
2025-07-17 00:00:00-04:00,1068.7210573331142,1092.6466575446696,1060.949421575094,1088.7952880859375,1175600,0.0,0.0
2025-07-18 00:00:00-04:00,1095.2470607460323,1102.3980237343071,1086.037248544699,1087.0321044921875,991300,0.0,0.0
2025-07-21 00:00:00-04:00,1091.0608076677424,1094.0452552207128,1076.6207275390625,1076.6207275390625,445700,0.0,0.0
2025-07-22 00:00:00-04:00,1079.6347350524527,1087.2488576906671,1069.8833675679018,1083.880126953125,580800,0.0,0.0
2025-07-23 00:00:00-04:00,1087.6035310330192,1105.8850019072997,1084.0477084159627,1103.5604248046875,653400,0.0,0.0
2025-07-24 00:00:00-04:00,1100.2408918794104,1108.869469280846,1096.9313186655297,1101.59033203125,539500,0.0,0.0
2025-07-25 00:00:00-04:00,1105.4810795293831,1113.6960358751055,1100.9895585801362,1106.4267578125,516300,0.0,0.0
2025-07-28 00:00:00-04:00,1107.1359144260664,1108.8005005685352,1098.359563145732,1101.048583984375,299300,0.0,0.0
2025-07-29 00:00:00-04:00,1106.4955211418621,1111.016620294173,1098.0245773802746,1104.702880859375,422000,0.0,0.0
2025-07-30 00:00:00-04:00,1100.5365340585645,1109.6477508268076,1092.7943564864154,1097.92626953125,372400,0.0,0.0
2025-07-31 00:00:00-04:00,1091.6617142361047,1104.131682266395,1086.6874342494773,1089.4158935546875,498400,0.0,0.0
2025-08-01 00:00:00-04:00,1072.6610294961129,1081.1911315885418,1061.0380244234948,1075.4190673828125,673200,0.0,0.0
2025-08-04 00:00:00-04:00,1081.50625284975,1099.3150634765625,1078.8172321028958,1099.3150634765625,503100,0.0,0.0
2025-08-05 00:00:00-04:00,1105.8948842877305,1105.8948842877305,1083.0232959972516,1092.991455078125,481300,0.0,0.0
2025-08-06 00:00:00-04:00,1097.3057095029149,1105.3038754667318,1089.376440382064,1103.7279052734375,404900,0.0,0.0
2025-08-07 00:00:00-04:00,1113.0459770808407,1114.9470731149195,1091.5336885004142,1096.133544921875,381400,0.0,0.0
2025-08-08 00:00:00-04:00,1102.9201992867927,1109.2734985507334,1097.8278445785957,1108.0914306640625,427800,0.0,0.0
2025-08-11 00:00:00-04:00,1108.1208658698488,1116.079592891636,1104.9492065599622,1111.0069580078125,575600,0.0,0.0
2025-08-12 00:00:00-04:00,1117.31093187752,1144.0733275611149,1114.592332173121,1142.211669921875,669000,0.0,0.0
2025-08-13 00:00:00-04:00,1148.9983866089808,1154.3075320310584,1130.7759518449293,1142.62548828125,570800,0.0,0.0
2025-08-14 00:00:00-04:00,1136.813982458616,1145.0583981154944,1127.6534671781612,1142.7535400390625,407600,0.0,0.0
2025-08-15 00:00:00-04:00,1146.0629683492125,1146.0629683492125,1117.4094582956116,1117.980712890625,582200,0.0,0.0
2025-08-18 00:00:00-04:00,1116.9857872945317,1123.880761290177,1109.913461062496,1119.073974609375,405800,0.0,0.0
2025-08-19 00:00:00-04:00,1109.3817340361982,1117.9708734755409,1104.968969562364,1111.538818359375,611700,0.0,0.0
2025-08-20 00:00:00-04:00,1108.9679642294282,1115.8432194401137,1097.295781655498,1111.5289306640625,573100,0.0,0.0
2025-08-21 00:00:00-04:00,1107.9436527057128,1112.0609907670455,1102.0435335961256,1107.874755859375,275100,0.0,0.0
2025-08-22 00:00:00-04:00,1111.9525999340624,1140.3795815968622,1109.10594591066,1130.943359375,433700,0.0,0.0
2025-08-25 00:00:00-04:00,1126.2548139666046,1132.7459068441715,1119.5173517400308,1120.0394287109375,415000,0.0,0.0
2025-08-26 00:00:00-04:00,1118.0004008590251,1125.269678503104,1108.6429358281305,1122.6988525390625,580200,0.0,0.0
2025-08-27 00:00:00-04:00,1121.3100745905967,1127.6042160622146,1114.5825924143785,1114.6514892578125,310000,0.0,0.0
2025-08-28 00:00:00-04:00,1116.78880961007,1120.925745813686,1110.2089816768469,1113.5185546875,475200,0.0,0.0
2025-08-29 00:00:00-04:00,1114.917351839264,1117.12373396347,1101.6690792729776,1110.228759765625,356100,0.0,0.0
2025-09-02 00:00:00-04:00,1101.0683195747833,1103.1860858392051,1084.0771320225233,1098.04443359375,391300,0.0,0.0
2025-09-03 00:00:00-04:00,1095.9070638887354,1096.4980377312825,1076.2662917153148,1082.9937744140625,412900,0.0,0.0
2025-09-04 00:00:00-04:00,1092.3610233093566,1096.301008966018,1085.0523066302744,1092.1246337890625,460000,0.0,0.0
2025-09-05 00:00:00-04:00,1096.241454122493,1098.6859731656177,1077.2996027082736,1087.7701416015625,487600,5.21,0.0
2025-09-08 00:00:00-04:00,1086.9090788675787,1094.3709319597842,1082.6733624960711,1093.4803466796875,671000,0.0,0.0
2025-09-09 00:00:00-04:00,1090.1552230106151,1102.1793331767162,1088.6608469028843,1094.22265625,334200,0.0,0.0
2025-09-10 00:00:00-04:00,1095.8159989455464,1106.9396179045564,1087.4337206044677,1091.471435546875,367400,0.0,0.0
2025-09-11 00:00:00-04:00,1093.5595573576425,1130.0082002903714,1091.5505456478563,1122.4375,585100,0.0,0.0
2025-09-12 00:00:00-04:00,1120.992600854944,1128.1972579519122,1107.0683246945482,1111.779052734375,544800,0.0,0.0
2025-09-15 00:00:00-04:00,1108.9781573116206,1113.9561087650013,1099.0025629500487,1103.5648193359375,506800,0.0,0.0
2025-09-16 00:00:00-04:00,1108.404279448703,1111.759196184169,1095.1528959324448,1107.3057861328125,547500,0.0,0.0
2025-09-17 00:00:00-04:00,1109.3939574452663,1121.7150106125873,1105.4353706211975,1120.0623779296875,508000,0.0,0.0
2025-09-18 00:00:00-04:00,1125.1688379052587,1140.0135380990996,1122.7541579941706,1125.35693359375,523900,0.0,0.0
2025-09-19 00:00:00-04:00,1126.9798635391785,1133.1948731009227,1114.342057290429,1131.017578125,1505500,0.0,0.0
2025-09-22 00:00:00-04:00,1125.4162455463015,1131.077116346212,1121.9623883114173,1124.4464111328125,366000,0.0,0.0
2025-09-23 00:00:00-04:00,1126.7127076408735,1134.3923752863254,1115.737560151151,1120.0325927734375,427100,0.0,0.0
2025-09-24 00:00:00-04:00,1121.7643820427054,1128.6226858967616,1113.9560561437972,1116.301513671875,345400,0.0,0.0
2025-09-25 00:00:00-04:00,1111.0565536166202,1137.222753042318,1106.4249541421061,1135.4117431640625,680300,0.0,0.0
2025-09-26 00:00:00-04:00,1140.0730490229835,1147.4755873386434,1138.8657089889293,1144.4769287109375,435500,0.0,0.0
2025-09-29 00:00:00-04:00,1155.3134878444541,1169.900869352362,1151.8001940224003,1163.3890380859375,567500,0.0,0.0
2025-09-30 00:00:00-04:00,1164.4677361148501,1171.2467913967898,1142.5470390093737,1153.79931640625,691600,0.0,0.0
2025-10-01 00:00:00-04:00,1142.0522884640998,1144.9421003099922,1121.9525060586993,1129.256103515625,604300,0.0,0.0
2025-10-02 00:00:00-04:00,1133.6798367151957,1155.392625742923,1126.8116262986123,1148.5245361328125,615800,0.0,0.0
2025-10-03 00:00:00-04:00,1154.8779550594663,1155.917132309698,1145.862289050684,1148.6728515625,377200,0.0,0.0
2025-10-06 00:00:00-04:00,1156.8771658689534,1171.8703373516316,1146.6046284164995,1167.0606689453125,772600,0.0,0.0
2025-10-07 00:00:00-04:00,1167.0606711407434,1171.6921499971054,1143.0716450459227,1154.1556396484375,531300,0.0,0.0
2025-10-08 00:00:00-04:00,1159.311620971113,1165.991735900574,1143.5069928648902,1152.9383544921875,393500,0.0,0.0
2025-10-09 00:00:00-04:00,1158.5100827308552,1165.308950501522,1145.139946593916,1155.34326171875,478000,0.0,0.0
2025-10-10 00:00:00-04:00,1160.360786631039,1168.7035616889198,1119.666518076289,1120.6363525390625,643500,0.0,0.0
2025-10-13 00:00:00-04:00,1135.7384158624586,1151.3945745332862,1132.8684160820405,1143.1607666015625,742400,0.0,0.0
2025-10-14 00:00:00-04:00,1128.197150309433,1197.2942243779223,1123.2489171940408,1181.8953857421875,1146400,0.0,0.0
2025-10-15 00:00:00-04:00,1187.5760090957658,1207.3095057931305,1165.8037822623435,1190.13916015625,1003700,0.0,0.0
2025-10-16 00:00:00-04:00,1191.5346267281423,1197.3636602875686,1156.0360044335423,1159.2325439453125,1250200,0.0,0.0
2025-10-17 00:00:00-04:00,1156.9564166006544,1164.002696196336,1142.2007506371156,1149.13818359375,777500,0.0,0.0
2025-10-20 00:00:00-04:00,1165.803751978381,1166.7834924959159,1146.6243950974454,1147.9901123046875,678800,0.0,0.0
2025-10-21 00:00:00-04:00,1146.1691412908974,1147.7129271691615,1117.7761174875816,1118.3006591796875,1052000,0.0,0.0
2025-10-22 00:00:00-04:00,1117.8059412995353,1123.1895613298386,1108.6219909821555,1117.984130859375,618600,0.0,0.0
2025-10-23 00:00:00-04:00,1119.7951487530602,1120.7947015859816,1108.394399424023,1113.3525390625,371600,0.0,0.0
2025-10-24 00:00:00-04:00,1129.4540354340302,1132.650574738814,1121.5071439545413,1124.862060546875,560700,0.0,0.0
2025-10-27 00:00:00-04:00,1134.5209954055076,1134.5209954055076,1117.2614956518983,1119.59716796875,726100,0.0,0.0
2025-10-28 00:00:00-04:00,1120.2503175018946,1126.8612104445397,1112.8973103596138,1113.302978515625,390000,0.0,0.0
2025-10-29 00:00:00-04:00,1106.0489435620157,1110.195626067659,1085.632527243407,1086.632080078125,861700,0.0,0.0
2025-10-30 00:00:00-04:00,1086.0382240909014,1095.4299608427607,1079.6549309130635,1086.6815185546875,631700,0.0,0.0
2025-10-31 00:00:00-04:00,1078.7148667813553,1081.2087957106571,1062.6430145774982,1071.599365234375,895300,0.0,0.0
2025-11-03 00:00:00-05:00,1067.907916753412,1070.6294451763931,1046.254442141217,1057.7640380859375,790900,0.0,0.0
2025-11-04 00:00:00-05:00,1050.0152045720824,1056.3291556863119,1046.056617561443,1048.9365234375,934800,0.0,0.0
2025-11-05 00:00:00-05:00,1048.0259506387783,1071.361776367183,1042.7214588161144,1062.4549560546875,550200,0.0,0.0
2025-11-06 00:00:00-05:00,1058.5656775989505,1067.8782865806968,1045.1361046480665,1058.36767578125,415700,0.0,0.0
2025-11-07 00:00:00-05:00,1053.4096851684526,1072.1733478556787,1046.8186043510925,1070.99560546875,470300,0.0,0.0
2025-11-10 00:00:00-05:00,1076.4189064135091,1080.6445960726317,1060.0995222406657,1071.421142578125,413500,0.0,0.0
2025-11-11 00:00:00-05:00,1070.95609490864,1075.399598878207,1065.5525418377151,1074.518798828125,309600,0.0,0.0
2025-11-12 00:00:00-05:00,1075.1521795375036,1087.2654452612444,1074.8750494729752,1082.604248046875,432800,0.0,0.0
2025-11-13 00:00:00-05:00,1079.0810110828152,1082.0400448967366,1049.6192110336642,1058.5755615234375,541700,0.0,0.0
2025-11-14 00:00:00-05:00,1049.025546682199,1054.8050498305563,1037.4071035938416,1046.98681640625,459100,0.0,0.0
2025-11-17 00:00:00-05:00,1042.582868618871,1044.1366815541803,1003.6105776265157,1013.2002563476562,935200,0.0,0.0
2025-11-18 00:00:00-05:00,1011.418937104097,1016.1395712374265,1000.0379999449023,1008.5885620117188,749500,0.0,0.0
2025-11-19 00:00:00-05:00,1009.4396101853666,1014.8232301192453,998.6128731266606,1004.1746826171875,838600,0.0,0.0
2025-11-20 00:00:00-05:00,1018.4552787636997,1021.8002893691225,980.324223652676,982.244140625,677800,0.0,0.0
2025-11-21 00:00:00-05:00,988.6570168416904,1004.8674340221646,980.5518082514533,1004.2142333984375,1229200,0.0,0.0
2025-11-24 00:00:00-05:00,996.4257270634306,1013.615884915557,994.5355284982436,1008.9348754882812,1010300,0.0,0.0
2025-11-25 00:00:00-05:00,1008.9349232493837,1022.3050600791192,1000.4536436245396,1019.1085205078125,688700,0.0,0.0
2025-11-26 00:00:00-05:00,1020.4345818470521,1037.4663626874578,1019.3757130458678,1029.2919921875,561000,0.0,0.0
2025-11-28 00:00:00-05:00,1039.0201823623902,1043.0281789903663,1033.0525838022804,1036.45703125,300300,0.0,0.0
2025-12-01 00:00:00-05:00,1028.2428858243297,1041.6723379251448,1026.2635924926178,1029.173095703125,624600,0.0,0.0
2025-12-02 00:00:00-05:00,1032.2014785432,1034.2995246548637,1020.3257184832592,1027.8668212890625,376500,0.0,0.0
2025-12-03 00:00:00-05:00,1032.270771013908,1075.8350397987915,1029.875903221401,1068.6898193359375,863200,0.0,0.0
2025-12-04 00:00:00-05:00,1069.6298305368502,1075.59742878214,1061.534588656271,1064.444091796875,597800,0.0,0.0
2025-12-05 00:00:00-05:00,1062.5745176536693,1068.0540223963312,1057.0055451677458,1066.2242431640625,544100,5.21,0.0
2025-12-08 00:00:00-05:00,1068.0540368190225,1072.8871159378473,1051.2973473917762,1056.140380859375,612600,0.0,0.0
2025-12-09 00:00:00-05:00,1054.3901552214704,1068.1435453115403,1053.3161780633711,1065.3790283203125,445300,0.0,0.0
2025-12-10 00:00:00-05:00,1071.2760696111584,1083.7367289432989,1065.5877663651922,1077.3621826171875,840700,0.0,0.0
2025-12-11 00:00:00-05:00,1078.853893669205,1098.2160731083193,1075.0152782881705,1095.7398681640625,774100,0.0,0.0
2025-12-12 00:00:00-05:00,1101.129873731533,1101.129873731533,1079.003056656551,1083.0604248046875,608000,0.0,0.0
2025-12-15 00:00:00-05:00,1089.365498938736,1092.7664873332665,1072.529173930675,1076.1689453125,564700,0.0,0.0
2025-12-16 00:00:00-05:00,1075.3733446107265,1077.1931696363215,1058.000091411272,1062.2265625,651500,0.0,0.0
2025-12-17 00:00:00-05:00,1066.8607475564793,1077.750076938683,1058.7458894573047,1059.1038818359375,648100,0.0,0.0
2025-12-18 00:00:00-05:00,1067.9645318583912,1072.539040538672,1051.5955770257674,1059.0938720703125,588400,0.0,0.0
2025-12-19 00:00:00-05:00,1061.0430310274537,1062.6442244642308,1051.894013244577,1054.3006591796875,1174100,0.0,0.0
2025-12-22 00:00:00-05:00,1060.4264321506716,1084.9200779058463,1059.8695956045274,1082.185302734375,575500,0.0,0.0
2025-12-23 00:00:00-05:00,1079.5402041894386,1085.6958767140147,1077.402082785018,1080.53466796875,265400,0.0,0.0
2025-12-24 00:00:00-05:00,1083.7863765587565,1088.27141755913,1077.9986512359933,1082.93115234375,195100,0.0,0.0
2025-12-26 00:00:00-05:00,1084.6814733226902,1085.6460740264504,1078.6252230697467,1082.0859375,230300,0.0,0.0
2025-12-29 00:00:00-05:00,1084.999788563973,1086.0042066814715,1076.765599428135,1082.3743896484375,295100,0.0,0.0
2025-12-30 00:00:00-05:00,1082.5136482469545,1083.965526527989,1076.0197705909634,1077.3126220703125,273100,0.0,0.0
2025-12-31 00:00:00-05:00,1076.954480083971,1079.3511717354747,1064.1557363515249,1064.414306640625,327600,0.0,0.0
2026-01-02 00:00:00-05:00,1065.5081441135924,1083.8461181361597,1063.0817109192994,1079.0528564453125,603300,0.0,0.0
2026-01-05 00:00:00-05:00,1079.8682343413373,1125.384856762535,1077.252789986214,1113.5606689453125,926200,0.0,0.0
2026-01-06 00:00:00-05:00,1113.123134782645,1118.0557576352467,1100.6327329435721,1106.1221923828125,537600,0.0,0.0
2026-01-07 00:00:00-05:00,1102.024921814958,1106.6392479253107,1069.018608665551,1069.137939453125,839400,0.0,0.0
2026-01-08 00:00:00-05:00,1054.2609070385197,1086.401923454624,1054.2609070385197,1081.8970947265625,558100,0.0,0.0
2026-01-09 00:00:00-05:00,1084.19413289917,1086.7201095263338,1074.0207887400568,1079.092529296875,613800,0.0,0.0
2026-01-12 00:00:00-05:00,1072.5092656980096,1084.88045810409,1067.9646196892525,1083.2296142578125,726700,0.0,0.0
2026-01-13 00:00:00-05:00,1083.508056640625,1087.9433260523317,1067.78552672146,1083.508056640625,730700,0.0,0.0
2026-01-14 00:00:00-05:00,1064.6032629308886,1087.953251381939,1064.4839321416555,1085.80517578125,953900,0.0,0.0
2026-01-15 00:00:00-05:00,1122.3716133860933,1155.8949457816668,1118.8313857482267,1150.2464599609375,1401700,0.0,0.0
2026-01-16 00:00:00-05:00,1153.0807430067243,1174.8197064834778,1152.5835111209947,1156.73046875,1125600,0.0,0.0
2026-01-20 00:00:00-05:00,1137.6665369773893,1142.0023843866413,1099.8669598965018,1103.904541015625,1026100,0.0,0.0
2026-01-21 00:00:00-05:00,1113.7994405881714,1129.0644354280457,1108.4293118635774,1121.60595703125,687700,0.0,0.0
2026-01-22 00:00:00-05:00,1131.3018980297475,1141.664253643208,1126.1903399667447,1133.41015625,683500,0.0,0.0
2026-01-23 00:00:00-05:00,1127.632395913892,1130.1980686212548,1114.7938352392764,1123.654541015625,730400,0.0,0.0
2026-01-26 00:00:00-05:00,1127.2942394800577,1135.1604818712249,1114.9032597835933,1115.3309326171875,739300,0.0,0.0
2026-01-27 00:00:00-05:00,1115.3507802324193,1119.268908992319,1091.9211568845546,1100.56298828125,537100,0.0,0.0
2026-01-28 00:00:00-05:00,1099.8769143170198,1117.5883720836555,1092.3090596999543,1115.460205078125,616100,0.0,0.0
2026-01-29 00:00:00-05:00,1120.8999055745237,1128.7163762204812,1101.1299610189524,1121.536376953125,701000,0.0,0.0
2026-01-30 00:00:00-05:00,1109.1950569910432,1122.8191621645608,1096.6349746442731,1112.7452392578125,632100,0.0,0.0
2026-02-02 00:00:00-05:00,1111.9397450559816,1118.1053716783856,1098.8227052168277,1113.4613037109375,498700,0.0,0.0
2026-02-03 00:00:00-05:00,1108.8271185744622,1112.3972095666757,1042.735094370965,1064.15576171875,947200,0.0,0.0
2026-02-04 00:00:00-05:00,1062.8630010707373,1075.979919728187,1037.165970240708,1070.2021484375,827600,0.0,0.0
2026-02-05 00:00:00-05:00,1059.9989729559056,1072.9070934650745,1043.4311723035069,1048.96044921875,756100,0.0,0.0
2026-02-06 00:00:00-05:00,1063.5789756946751,1069.4264273733486,1041.7703323446908,1050.5316162109375,1343700,0.0,0.0
2026-02-09 00:00:00-05:00,1039.3040466394732,1078.684785350312,1038.2300695326808,1073.92138671875,799400,0.0,0.0
2026-02-10 00:00:00-05:00,1073.2750075355507,1107.3951172374288,1072.7678213089632,1081.7578125,956500,0.0,0.0
2026-02-11 00:00:00-05:00,1082.9809552097493,1092.915638150715,1062.4054375319822,1076.8848876953125,970000,0.0,0.0
2026-02-12 00:00:00-05:00,1078.2970858350202,1081.9665987798564,1011.3696273272461,1049.7857666015625,1153000,0.0,0.0
2026-02-13 00:00:00-05:00,1051.347046081978,1066.264002589353,1041.2035642147644,1065.577880859375,669100,0.0,0.0
2026-02-17 00:00:00-05:00,1068.6606466655082,1081.8771083886836,1053.3657897519945,1066.7314453125,921900,0.0,0.0
2026-02-18 00:00:00-05:00,1074.2595386955666,1097.6792091568227,1064.4242773925503,1086.2130126953125,700000,0.0,0.0
2026-02-19 00:00:00-05:00,1071.9325308160433,1078.764492116595,1058.208882118885,1075.2938232421875,662400,0.0,0.0
2026-02-20 00:00:00-05:00,1068.9590409274294,1096.4757746163184,1062.1568216170463,1087.5853271484375,567700,0.0,0.0
2026-02-23 00:00:00-05:00,1093.8801960242452,1102.0845214672675,1050.1536567068406,1065.08056640625,727200,0.0,0.0
2026-02-24 00:00:00-05:00,1055.255302280272,1087.8040807280104,1045.5891439629277,1075.0650634765625,737300,0.0,0.0
2026-02-25 00:00:00-05:00,1080.474929659524,1091.5930880001351,1055.6232898069986,1087.724609375,774200,0.0,0.0
2026-02-26 00:00:00-05:00,1093.9101216235765,1101.9156033441673,1054.250902540207,1084.2340087890625,725400,0.0,0.0
2026-02-27 00:00:00-05:00,1067.1291168175821,1074.0208037217078,1034.6897155461377,1057.3436279296875,1191600,0.0,0.0
2026-03-02 00:00:00-05:00,1033.01913178274,1069.5656746933132,1026.2368210086192,1062.3956298828125,708700,0.0,0.0
2026-03-03 00:00:00-05:00,1027.3109252571426,1061.082875639016,1023.3032071769585,1046.7625732421875,893200,0.0,0.0
2026-03-04 00:00:00-05:00,1054.1315361944655,1057.1049729859449,1039.2145804936006,1043.421142578125,482100,0.0,0.0
2026-03-05 00:00:00-05:00,1033.9339964228552,1040.6665356838762,1016.4613210990809,1029.27001953125,672800,0.0,0.0
2026-03-06 00:00:00-05:00,991.2899780273438,994.8200073242188,948.75,955.4500122070312,1846200,5.73,0.0
2026-03-09 00:00:00-04:00,929.3800048828125,960.3900146484375,919.0,957.6699829101562,1933100,0.0,0.0
2026-03-10 00:00:00-04:00,965.0,976.7999877929688,956.5499877929688,967.3599853515625,1159200,0.0,0.0
2026-03-11 00:00:00-04:00,964.780029296875,967.4000244140625,940.3099975585938,951.1699829101562,1088600,0.0,0.0
2026-03-12 00:00:00-04:00,932.5800170898438,944.0999755859375,917.3900146484375,922.9000244140625,1133100,0.0,0.0
2026-03-13 00:00:00-04:00,932.9299926757812,943.4299926757812,920.9199829101562,924.1099853515625,1236600,0.0,0.0
2026-03-16 00:00:00-04:00,931.469970703125,946.52001953125,929.0,943.260009765625,926900,0.0,0.0
2026-03-17 00:00:00-04:00,958.0,975.4600219726562,954.0499877929688,971.010009765625,1345600,0.0,0.0
2026-03-18 00:00:00-04:00,963.75,976.2899780273438,962.52001953125,968.3099975585938,842000,0.0,0.0
2026-03-19 00:00:00-04:00,957.2000122070312,972.0,949.6099853515625,969.5999755859375,913300,0.0,0.0
2026-03-20 00:00:00-04:00,970.260009765625,971.7899780273438,945.52001953125,957.9099731445312,1409900,0.0,0.0
2026-03-23 00:00:00-04:00,976.8900146484375,988.2999877929688,965.0,974.5800170898438,911800,0.0,0.0
2026-03-24 00:00:00-04:00,960.0,978.6799926757812,956.5399780273438,976.0599975585938,626000,0.0,0.0
2026-03-25 00:00:00-04:00,988.0,992.1300048828125,963.9000244140625,981.3499755859375,877400,0.0,0.0
2026-03-26 00:00:00-04:00,972.5900268554688,985.1799926757812,966.5499877929688,968.4600219726562,739600,0.0,0.0
2026-03-27 00:00:00-04:00,959.7999877929688,961.47998046875,930.0,933.8499755859375,877300,0.0,0.0
2026-03-30 00:00:00-04:00,939.4500122070312,953.510009765625,930.6900024414062,934.0599975585938,806600,0.0,0.0
2026-03-31 00:00:00-04:00,950.3200073242188,967.0800170898438,940.530029296875,961.7100219726562,800200,0.0,0.0
2026-04-01 00:00:00-04:00,974.9500122070312,978.989990234375,956.2999877929688,957.4000244140625,624400,0.0,0.0
2026-04-02 00:00:00-04:00,931.4299926757812,971.239990234375,929.25,966.5599975585938,568800,0.0,0.0
2026-04-06 00:00:00-04:00,961.1300048828125,966.0900268554688,955.0,959.4099731445312,451000,0.0,0.0
2026-04-07 00:00:00-04:00,954.989990234375,962.0,949.2899780273438,958.4600219726562,471200,0.0,0.0
2026-04-08 00:00:00-04:00,1002.0,1017.2999877929688,995.780029296875,1001.5399780273438,1247100,0.0,0.0
2026-04-09 00:00:00-04:00,993.77001953125,1006.3200073242188,982.219970703125,1001.6199951171875,676700,0.0,0.0
2026-04-10 00:00:00-04:00,1002.3900146484375,1002.9299926757812,991.1799926757812,999.3099975585938,670700,0.0,0.0
2026-04-13 00:00:00-04:00,992.7999877929688,1025.6500244140625,991.9600219726562,1023.6500244140625,929400,0.0,0.0
2026-04-14 00:00:00-04:00,1050.0,1074.0,1040.8800048828125,1054.56005859375,1349700,0.0,0.0
2026-04-15 00:00:00-04:00,1053.81005859375,1062.0,1043.449951171875,1048.5999755859375,1005800,0.0,0.0
2026-04-16 00:00:00-04:00,1054.1099853515625,1058.4000244140625,1011.4099731445312,1024.949951171875,950300,0.0,0.0
2026-04-17 00:00:00-04:00,1038.280029296875,1067.3299560546875,1036.1400146484375,1052.1400146484375,1105200,0.0,0.0
2026-04-20 00:00:00-04:00,1048.6600341796875,1060.0,1045.0,1048.4200439453125,638300,0.0,0.0
2026-04-21 00:00:00-04:00,1049.489990234375,1070.72998046875,1040.4000244140625,1042.8499755859375,673900,0.0,0.0
2026-04-22 00:00:00-04:00,1054.719970703125,1063.4200439453125,1048.31005859375,1062.469970703125,550900,0.0,0.0
2026-04-23 00:00:00-04:00,1056.0999755859375,1065.0,1041.719970703125,1053.469970703125,538800,0.0,0.0
2026-04-24 00:00:00-04:00,1053.8599853515625,1059.1300048828125,1042.43994140625,1044.969970703125,365900,0.0,0.0
2026-04-27 00:00:00-04:00,1040.8499755859375,1058.5,1040.8499755859375,1056.8599853515625,532500,0.0,0.0
2026-04-28 00:00:00-04:00,1062.030029296875,1066.989990234375,1047.8599853515625,1049.760009765625,424500,0.0,0.0
2026-04-29 00:00:00-04:00,1049.0,1055.6400146484375,1031.3199462890625,1039.3800048828125,396426,0.0,0.0
