Date,Open,High,Low,Close,Volume,Dividends,Stock Splits
2022-01-03 00:00:00-05:00,22.88799581827035,23.385561254220843,22.68896996023354,23.21970558166504,501500,0.0,0.0
2022-01-04 00:00:00-05:00,23.402146498383516,23.874834709685135,23.402146498383516,23.825077056884766,470100,0.0,0.0
2022-01-05 00:00:00-05:00,23.833367785053664,24.202394976266117,23.76702583586622,23.80019760131836,565600,0.0,0.0
2022-01-06 00:00:00-05:00,24.156788055742055,24.749720003682224,24.115324924694416,24.72069549560547,672700,0.0,0.0
2022-01-07 00:00:00-05:00,24.87825695718068,25.400699657326005,24.712401278112683,25.30118751525879,711600,0.0,0.0
2022-01-10 00:00:00-05:00,25.359233560771486,25.54167352102279,24.861668163511705,25.259719848632812,886200,0.0,0.0
2022-01-11 00:00:00-05:00,25.392403190722302,25.40898748992056,25.11044954203537,25.326061248779297,659800,0.0,0.0
2022-01-12 00:00:00-05:00,25.317772307924436,25.500212281659685,24.646058260205514,25.068988800048828,1345900,0.0,0.0
2022-01-13 00:00:00-05:00,25.218259234394175,25.84021564743918,25.128697675414255,25.64948272705078,911300,0.0,0.0
2022-01-14 00:00:00-05:00,25.425578454560455,25.732410985969487,25.16021063372939,25.66606903076172,609100,0.0,0.0
2022-01-18 00:00:00-05:00,25.632894094461694,25.840212876579123,25.442161194525685,25.616308212280273,631100,0.0,0.0
2022-01-19 00:00:00-05:00,25.707529681067673,25.707529681067673,24.621179676135522,24.63776397705078,475400,0.0,0.0
2022-01-20 00:00:00-05:00,24.704106918434263,24.795326107301662,24.01580704106891,24.048978805541992,651000,0.0,0.0
2022-01-21 00:00:00-05:00,24.46361606893718,24.936302634821622,23.8789771719143,23.949464797973633,932500,0.0,0.0
2022-01-24 00:00:00-05:00,23.41872791459008,23.825072511298032,22.684819283835402,23.78360939025879,1028000,0.0,0.0
2022-01-25 00:00:00-05:00,23.634345263490285,24.19825270179917,23.352391544335845,23.883127212524414,849900,0.0,0.0
2022-01-26 00:00:00-05:00,24.073855982683522,24.29775905069878,23.393849092936524,23.78360939025879,642400,0.0,0.0
2022-01-27 00:00:00-05:00,23.83336423437074,24.38814974968646,23.186529139870725,23.36067771911621,397600,0.0,0.0
2022-01-28 00:00:00-05:00,23.40214699007894,23.427025817001844,22.697264292817096,23.377269744873047,506800,0.0,0.0
2022-01-31 00:00:00-05:00,23.161655014230575,23.580438265800552,22.904580162590754,23.509950637817383,704600,0.0,0.0
2022-02-01 00:00:00-05:00,23.509950409806745,24.08215069623206,23.35238769116738,23.96605110168457,467100,0.0,0.0
2022-02-02 00:00:00-05:00,23.874834751896095,23.97434689423881,23.40214653975876,23.72556495666504,569200,0.0,0.0
2022-02-03 00:00:00-05:00,23.783610693471644,24.007515355472343,23.54312014945976,23.65921974182129,391400,0.0,0.0
2022-02-04 00:00:00-05:00,23.767028879348832,24.024103767655248,23.601173194283188,23.85824966430664,464400,0.0,0.0
2022-02-07 00:00:00-05:00,23.92458949858623,23.932882440275183,23.70068481813516,23.84995460510254,454100,0.0,0.0
2022-02-08 00:00:00-05:00,24.090444819848894,24.683376736354,24.04234796999565,24.554840087890625,415300,0.0,0.0
2022-02-09 00:00:00-05:00,24.47191000572211,24.60459390394066,24.156784561165423,24.264591217041016,377100,0.0,0.0
2022-02-10 00:00:00-05:00,24.3806938396228,24.654354629125166,24.131083059104533,24.206546783447266,583200,0.0,0.0
2022-02-11 00:00:00-05:00,24.13190955924238,24.54654717509975,24.007518590828564,24.189958572387695,416600,0.0,0.0
2022-02-14 00:00:00-05:00,24.156784247081198,24.44288518404002,23.816781564602234,23.874832153320312,434500,0.0,0.0
2022-02-15 00:00:00-05:00,24.082153459452595,24.554840087890625,24.082153459452595,24.554840087890625,523100,0.0,0.0
2022-02-16 00:00:00-05:00,24.372398524832455,24.928012992686295,24.372398524832455,24.554840087890625,584900,0.0,0.0
2022-02-17 00:00:00-05:00,24.404243532562017,24.429342746176214,23.98593288002974,24.186721801757812,619000,0.26,0.0
2022-02-18 00:00:00-05:00,24.061233740115437,24.538107724114468,23.969204867509017,24.412614822387695,536900,0.0,0.0
2022-02-22 00:00:00-05:00,24.38751220703125,24.69706281085631,24.144892843582287,24.38751220703125,764900,0.0,0.0
2022-02-23 00:00:00-05:00,24.63013646473007,24.931319108114554,23.818612619503433,23.90227508544922,606600,0.0,0.0
2022-02-24 00:00:00-05:00,23.090751167184923,23.601089140687375,22.530214760305547,23.46722984313965,772500,0.0,0.0
2022-02-25 00:00:00-05:00,23.668019631408775,24.502967092950904,23.555075553500803,24.362415313720703,718900,0.0,0.0
2022-02-28 00:00:00-05:00,23.893904372889562,24.34568065013598,23.877173159298916,24.320581436157227,432800,0.0,0.0
2022-03-01 00:00:00-05:00,24.086330863723298,24.228554969775185,22.823032358667323,22.94015884399414,1015600,0.0,0.0
2022-03-02 00:00:00-05:00,23.14932099328239,23.92737937886257,23.023828065611525,23.75168800354004,502600,0.0,0.0
2022-03-03 00:00:00-05:00,23.8018780301587,23.885538888520884,23.509060238705302,23.760046005249023,572700,0.0,0.0
2022-03-04 00:00:00-05:00,23.291543203560693,23.299909610233474,22.889965257640764,23.24134635925293,531900,0.0,0.0
2022-03-07 00:00:00-05:00,23.09075181522675,23.28317436138586,22.73937075037028,22.77283477783203,612500,0.0,0.0
2022-03-08 00:00:00-05:00,23.00708744129955,23.333369261652095,22.630607190332295,22.65570640563965,572300,0.0,0.0
2022-03-09 00:00:00-05:00,23.283174514770508,23.442133034515052,22.923427041746475,23.283174514770508,564800,0.0,0.0
2022-03-10 00:00:00-05:00,23.10748675183705,23.458867849007294,22.998725062194726,23.182781219482422,318600,0.0,0.0
2022-03-11 00:00:00-05:00,23.442128362050195,23.839523784338667,23.391929936939267,23.45049476623535,614200,0.0,0.0
2022-03-14 00:00:00-04:00,23.793517059390858,24.06541810262475,23.350107068449148,23.567628860473633,499500,0.0,0.0
2022-03-15 00:00:00-04:00,23.668018810239158,23.810242908156933,23.178594489618675,23.60108757019043,507200,0.0,0.0
2022-03-16 00:00:00-04:00,23.852075824832415,24.42934502600361,23.734949341825867,24.262020111083984,546400,0.0,0.0
2022-03-17 00:00:00-04:00,23.960837044644073,24.161625994681298,23.67638563315916,24.153261184692383,415500,0.0,0.0
2022-03-18 00:00:00-04:00,24.07796859741211,24.278757576373135,23.69312185760675,24.07796859741211,1398100,0.0,0.0
2022-03-21 00:00:00-04:00,24.278753776962795,24.387513858481668,23.835343853816326,24.094696044921875,469400,0.0,0.0
2022-03-22 00:00:00-04:00,24.43770863911779,24.630132760572824,24.24528611339133,24.29548454284668,368300,0.0,0.0
2022-03-23 00:00:00-04:00,24.20346116271799,24.25365800780618,23.36265562991385,23.391937255859375,566300,0.0,0.0
2022-03-24 00:00:00-04:00,23.575992899033416,23.785148263154394,23.27480866406599,23.768415451049805,507700,0.0,0.0
2022-03-25 00:00:00-04:00,23.8186145887049,24.52137680758417,23.810248181845747,24.471179962158203,468200,0.0,0.0
2022-03-28 00:00:00-04:00,24.312217734357016,24.312217734357016,23.860443002614023,24.195091247558594,501900,0.0,0.0
2022-03-29 00:00:00-04:00,24.454439882363754,24.70542722637633,24.404243051852628,24.54646873474121,494600,0.0,0.0
2022-03-30 00:00:00-04:00,24.529740848791867,24.655233748118697,23.701485798360245,23.768415451049805,536200,0.0,0.0
2022-03-31 00:00:00-04:00,23.78514847251664,24.07712854638646,23.299908087313923,23.333372116088867,699700,0.0,0.0
2022-04-01 00:00:00-04:00,23.768415736245935,23.79351495470398,22.990357517063398,23.040555953979492,1016800,0.0,0.0
2022-04-04 00:00:00-04:00,23.03218639133356,23.626186785208702,22.530213261068234,23.60108757019043,816000,0.0,0.0
2022-04-05 00:00:00-04:00,23.425404083416268,23.751685986801995,23.166051842153998,23.2246150970459,797700,0.0,0.0
2022-04-06 00:00:00-04:00,23.09075312139889,23.316641303526286,23.00709065441887,23.174415588378906,614000,0.0,0.0
2022-04-07 00:00:00-04:00,23.29153903684412,23.400299112675903,22.789565896379738,23.10748291015625,651100,0.0,0.0
2022-04-08 00:00:00-04:00,23.216242985988032,23.341735872171974,22.97362202306761,23.10748291015625,534700,0.0,0.0
2022-04-11 00:00:00-04:00,23.132584375809213,23.768416913342456,22.969443437074613,23.182781219482422,513200,0.0,0.0
2022-04-12 00:00:00-04:00,23.241348159948302,23.458869963107002,22.78120533166793,22.848134994506836,502200,0.0,0.0
2022-04-13 00:00:00-04:00,22.722636377170513,22.96525734144133,22.488381818122342,22.906692504882812,603300,0.0,0.0
2022-04-14 00:00:00-04:00,22.889966405204174,23.157685049239245,22.534401284565295,22.580415725708008,524800,0.0,0.0
2022-04-18 00:00:00-04:00,22.505114670405487,22.76446684987511,22.429818618990335,22.613876342773438,730500,0.0,0.0
2022-04-19 00:00:00-04:00,22.697537289759698,23.525793858466862,22.664073264408653,23.458864212036133,1013900,0.0,0.0
2022-04-20 00:00:00-04:00,23.509063019126902,23.78514803326906,23.40030133722706,23.417034149169922,531800,0.0,0.0
2022-04-21 00:00:00-04:00,23.517428046128494,23.65965374784573,22.881595591141355,22.998722076416016,932400,0.0,0.0
2022-04-22 00:00:00-04:00,22.931792382500834,23.023821246877812,21.986410905253347,22.03660774230957,745500,0.0,0.0
2022-04-25 00:00:00-04:00,21.693595235764988,21.852553763798728,20.89043778503611,21.42587661743164,1159900,0.0,0.0
2022-04-26 00:00:00-04:00,21.300380497910275,21.501171042109377,20.714746463803827,20.7733097076416,900900,0.0,0.0
2022-04-27 00:00:00-04:00,20.88206643308652,20.88206643308652,20.338262918923977,20.354995727539062,611100,0.0,0.0
2022-04-28 00:00:00-04:00,20.580887641105097,20.597620452797038,20.095647272140084,20.455394744873047,772800,0.0,0.0
2022-04-29 00:00:00-04:00,20.42193257953257,20.45539820858318,19.66897347891304,19.752635955810547,699600,0.0,0.0
2022-05-02 00:00:00-04:00,19.995251834578735,20.23787281494611,19.698251610249358,20.003618240356445,811100,0.0,0.0
2022-05-03 00:00:00-04:00,20.04544953847367,20.714747668011906,19.844660578330842,20.68128204345703,1051900,0.0,0.0
2022-05-04 00:00:00-04:00,20.6561838203557,21.091225756822045,20.513958111589172,21.082860946655273,749100,0.0,0.0
2022-05-05 00:00:00-04:00,20.84860618109633,20.84860618109633,20.54323954943761,20.748210906982422,851000,0.0,0.0
2022-05-06 00:00:00-04:00,20.739844541142222,20.890435047423786,20.438660337121835,20.823505401611328,830300,0.0,0.0
2022-05-09 00:00:00-04:00,20.58925055887555,20.848602713248134,20.513954514746654,20.706377029418945,883900,0.0,0.0
2022-05-10 00:00:00-04:00,20.815141648095903,20.999199394324076,20.388466099016917,20.73984718322754,645100,0.0,0.0
2022-05-11 00:00:00-04:00,20.890432361124624,21.467701479356492,20.54741777097791,20.59761619567871,821800,0.0,0.0
2022-05-12 00:00:00-04:00,20.513957607440254,20.739845773881935,20.12911092434753,20.555788040161133,488000,0.0,0.0
2022-05-13 00:00:00-04:00,20.631085232090694,20.90717025215113,20.338267399728707,20.56415557861328,430600,0.0,0.0
2022-05-16 00:00:00-04:00,20.56415562371287,20.698014930961268,20.141662484409274,20.388465881347656,397900,0.0,0.0
2022-05-17 00:00:00-04:00,20.605986142550044,21.141424969447886,20.605986142550044,21.074495315551758,531300,0.0,0.0
2022-05-18 00:00:00-04:00,21.04102708512974,21.24600002240133,20.823505337971863,20.923900604248047,1040300,0.0,0.0
2022-05-19 00:00:00-04:00,20.798409405914068,20.9991983590311,20.380098687988067,20.455394744873047,765700,0.0,0.0
2022-05-20 00:00:00-04:00,20.523040873257653,20.80209327517983,20.176339453077976,20.683706283569336,716100,0.26,0.0
2022-05-23 00:00:00-04:00,20.928937512983666,21.25872631524847,20.709077773847124,20.9627628326416,482500,0.0,0.0
2022-05-24 00:00:00-04:00,20.835918662017015,20.895111356166844,20.362375495938434,20.75981330871582,582000,0.0,0.0
2022-05-25 00:00:00-04:00,20.793642014284842,21.326377961295478,20.793642014284842,21.207992553710938,599900,0.0,0.0
2022-05-26 00:00:00-04:00,21.258726099781175,21.656165537333614,21.258726099781175,21.453218460083008,630800,0.0,0.0
2022-05-27 00:00:00-04:00,21.546237361705018,21.892938860500603,21.487044658917505,21.81683349609375,545500,0.0,0.0
2022-05-31 00:00:00-04:00,21.571604389146476,21.783007801490662,21.47858637159342,21.656166076660156,657700,0.0,0.0
2022-06-01 00:00:00-04:00,21.63079801475758,21.656167005964324,21.131885811185697,21.410938262939453,368900,0.0,0.0
2022-06-02 00:00:00-04:00,21.41093528912935,21.96058378589277,21.207988226303463,21.95212745666504,412200,0.0,0.0
2022-06-03 00:00:00-04:00,21.876025320195602,21.909849026701757,21.55469123754713,21.673076629638672,420000,0.0,0.0
2022-06-06 00:00:00-04:00,21.766097925035197,22.171992141553837,21.68999255782792,22.01978302001953,674500,0.0,0.0
2022-06-07 00:00:00-04:00,21.82528929333015,22.11279808230936,21.630798528103085,22.028236389160156,488500,0.0,0.0
2022-06-08 00:00:00-04:00,21.83373879426521,21.83373879426521,21.47012475647944,21.62233543395996,419100,0.0,0.0
2022-06-09 00:00:00-04:00,21.656170998422866,21.656170998422866,20.88666253163549,20.93739891052246,406600,0.0,0.0
2022-06-10 00:00:00-04:00,20.590690486347285,20.768268559573244,20.176340035940182,20.29472541809082,544200,0.0,0.0
2022-06-13 00:00:00-04:00,19.948025702117654,20.260901842653993,19.59286791226559,19.643604278564453,617300,0.0,0.0
2022-06-14 00:00:00-04:00,19.795813965148177,19.855006658244694,19.495621528513027,19.592866897583008,626600,0.0,0.0
2022-06-15 00:00:00-04:00,19.711250624851978,19.838092329795057,19.406830855564543,19.45756721496582,708300,0.0,0.0
2022-06-16 00:00:00-04:00,19.051675512336434,19.203884609701262,18.400552635346937,18.5781307220459,1643400,0.0,0.0
2022-06-17 00:00:00-04:00,18.747250485667415,19.15991058990565,18.47665443634121,18.696514129638672,1418800,0.0,0.0
2022-06-21 00:00:00-04:00,18.88255166402922,19.051675029544334,18.628868228636488,18.7303409576416,901500,0.0,0.0
2022-06-22 00:00:00-04:00,18.502022596487812,18.840269285441607,18.358268237546373,18.82335662841797,1031900,0.0,0.0
2022-06-23 00:00:00-04:00,18.75571140820866,18.75571140820866,18.168010167200368,18.40900993347168,597100,0.0,0.0
2022-06-24 00:00:00-04:00,18.586584225159108,19.80426810905117,18.239882821385912,19.72816276550293,1760900,0.0,0.0
2022-06-27 00:00:00-04:00,19.821184019089568,19.87614774398859,19.47870991691562,19.58441162109375,1435000,0.0,0.0
2022-06-28 00:00:00-04:00,19.728166042502835,19.998762147675883,19.449113607433123,19.525218963623047,869800,0.0,0.0
2022-06-29 00:00:00-04:00,19.63515090049466,19.63515090049466,19.17006397826423,19.279993057250977,822700,0.0,0.0
2022-06-30 00:00:00-04:00,18.891009871542533,19.423745783978358,18.662693789264274,19.203886032104492,772900,0.0,0.0
2022-07-01 00:00:00-04:00,19.08549979850885,19.432201265543736,18.975570733813903,19.33072853088379,725700,0.0,0.0
2022-07-05 00:00:00-04:00,18.941743773061848,19.28844521006768,18.628867653266287,19.254621505737305,781900,0.0,0.0
2022-07-06 00:00:00-04:00,19.186974993131795,19.53367647547315,19.060133262766925,19.33918571472168,602300,0.0,0.0
2022-07-07 00:00:00-04:00,19.550587061602908,19.71970881318235,19.499849084537132,19.57595443725586,472100,0.0,0.0
2022-07-08 00:00:00-04:00,19.685883251591235,19.694339580304742,19.356092883283484,19.45756721496582,266500,0.0,0.0
2022-07-11 00:00:00-04:00,19.339184405406538,19.398377101377296,19.170061034450082,19.2884464263916,401700,0.0,0.0
2022-07-12 00:00:00-04:00,19.085496538541417,19.466023260719062,18.899462148187766,19.060129165649414,628800,0.0,0.0
2022-07-13 00:00:00-04:00,19.026305444794925,19.026305444794925,18.53162227741261,18.586585998535156,1185600,0.0,0.0
2022-07-14 00:00:00-04:00,18.248338530342096,18.510478253175343,17.935460838279425,18.206058502197266,819900,0.0,0.0
2022-07-15 00:00:00-04:00,18.425918273626625,18.80644336715397,18.27370759106381,18.679601669311523,610800,0.0,0.0
2022-07-18 00:00:00-04:00,18.8571834564209,19.136235892063503,18.442832967914,18.8571834564209,566700,0.0,0.0
2022-07-19 00:00:00-04:00,19.119327706326903,19.626694674055564,19.060135000950574,19.516765594482422,736200,0.0,0.0
2022-07-20 00:00:00-04:00,19.373008387276858,19.855007904610865,19.373008387276858,19.761991500854492,564200,0.0,0.0
2022-07-21 00:00:00-04:00,19.567500294988946,19.88037807034811,19.34764054176793,19.855009078979492,493700,0.0,0.0
2022-07-22 00:00:00-04:00,19.82118179113105,19.981847202148945,19.58440941974914,19.778900146484375,429600,0.0,0.0
2022-07-25 00:00:00-04:00,19.914199557923144,20.0748665929089,19.7873578409891,20.049497604370117,562100,0.0,0.0
2022-07-26 00:00:00-04:00,19.82118609018292,20.260903999720767,19.82118609018292,20.17634391784668,561800,0.0,0.0
2022-07-27 00:00:00-04:00,20.24398979011293,20.81055095975759,20.210164472340747,20.67525291442871,846000,0.0,0.0
2022-07-28 00:00:00-04:00,20.59069518603168,20.97122040674523,20.45539711472728,20.71753692626953,834200,0.0,0.0
2022-07-29 00:00:00-04:00,20.60760312527295,21.749180138664904,20.60760312527295,21.554689407348633,793000,0.0,0.0
2022-08-01 00:00:00-04:00,21.55469621791413,22.002872126054935,21.444767130269224,21.842205047607422,1005300,0.0,0.0
2022-08-02 00:00:00-04:00,21.689991759709056,22.011325878955812,21.317921268484458,21.81683349609375,743600,0.0,0.0
2022-08-03 00:00:00-04:00,21.85911373472127,22.051912580905032,21.70690301576351,21.7999210357666,418000,0.0,0.0
2022-08-04 00:00:00-04:00,21.833744168846856,21.876025819043715,21.647709746620784,21.656166076660156,393400,0.0,0.0
2022-08-05 00:00:00-04:00,21.639253470572495,22.197358351523246,21.54200809419714,22.011323928833008,566600,0.0,0.0
2022-08-08 00:00:00-04:00,22.053602836869487,22.501778629842693,22.053602836869487,22.138164520263672,627200,0.0,0.0
2022-08-09 00:00:00-04:00,22.205817323498195,22.308136832659198,21.842203152037523,22.19736099243164,468000,0.0,0.0
2022-08-10 00:00:00-04:00,22.408764442158454,22.79774599414171,22.408764442158454,22.552518844604492,583500,0.0,0.0
2022-08-11 00:00:00-04:00,22.713180443288596,22.949951204776198,22.687811456180704,22.890758514404297,406200,0.0,0.0
2022-08-12 00:00:00-04:00,23.068338034142098,23.42349578672446,22.924583667314007,23.381214141845703,542900,0.0,0.0
2022-08-15 00:00:00-04:00,23.161361532793954,23.533432057475395,23.06834511128384,23.474239349365234,483500,0.0,0.0
2022-08-16 00:00:00-04:00,23.431950731669023,23.795564816778377,23.338934337786988,23.499601364135742,700900,0.0,0.0
2022-08-17 00:00:00-04:00,23.30510975006117,23.38967143040808,23.110619014279216,23.212093353271484,493600,0.0,0.0
2022-08-18 00:00:00-04:00,23.245915708908193,23.300881039876472,23.000688624298615,23.22054672241211,529500,0.0,0.0
2022-08-19 00:00:00-04:00,23.152255749731943,23.152255749731943,22.870535897423466,22.972978591918945,754600,0.26,0.0
2022-08-22 00:00:00-04:00,22.68272209291224,22.68272209291224,22.477835070964087,22.520519256591797,301900,0.0,0.0
2022-08-23 00:00:00-04:00,22.622966273330125,22.733946146144614,22.494912072914172,22.571744918823242,244700,0.0,0.0
2022-08-24 00:00:00-04:00,22.443684393899698,22.53758991265067,22.272944422593685,22.511980056762695,274300,0.0,0.0
2022-08-25 00:00:00-04:00,22.563204557342484,23.01566277657585,22.52051874438831,22.972978591918945,274400,0.0,0.0
2022-08-26 00:00:00-04:00,23.041276232470732,23.04981339579079,22.409540801463265,22.46929931640625,270800,0.0,0.0
2022-08-29 00:00:00-04:00,22.324164685870592,22.324164685870592,22.059519208578664,22.08513069152832,429800,0.0,0.0
2022-08-30 00:00:00-04:00,22.204654435797213,22.311366538067503,21.948544413370048,22.187580108642578,591000,0.0,0.0
2022-08-31 00:00:00-04:00,22.255874912068556,22.392466267328945,21.863175172769285,21.948543548583984,731900,0.0,0.0
2022-09-01 00:00:00-04:00,21.871711997087395,22.050987537477088,21.530231985930584,21.72658348083496,465000,0.0,0.0
2022-09-02 00:00:00-04:00,21.965614038109237,22.102205369509832,21.50461870170651,21.6070613861084,437200,0.0,0.0
2022-09-06 00:00:00-04:00,21.74365414274251,21.74365414274251,21.128993111150585,21.37656593322754,446600,0.0,0.0
2022-09-07 00:00:00-04:00,21.333878356591956,21.81194800827634,21.274119853668545,21.74365234375,741500,0.0,0.0
2022-09-08 00:00:00-04:00,21.624139718463297,22.290023803710938,21.48754836174031,22.290023803710938,441900,0.0,0.0
2022-09-09 00:00:00-04:00,22.4095395259888,22.657112363287197,22.366855340115368,22.529056549072266,449000,0.0,0.0
2022-09-12 00:00:00-04:00,22.59735146401843,22.789433550588207,22.460760119857095,22.622962951660156,549000,0.0,0.0
2022-09-13 00:00:00-04:00,22.21318777530878,22.332704788221108,21.71804377114704,21.846097946166992,512100,0.0,0.0
2022-09-14 00:00:00-04:00,21.93147171451287,22.2729501161183,21.80341751744802,22.187580108642578,688200,0.0,0.0
2022-09-15 00:00:00-04:00,22.153433724918926,22.392467798824242,22.11928506961959,22.230266571044922,608400,0.0,0.0
2022-09-16 00:00:00-04:00,22.033912159065807,22.033912159065807,21.419251099270962,21.982690811157227,1551300,0.0,0.0
2022-09-19 00:00:00-04:00,21.820489536925955,22.887610526404103,21.786342511977306,22.793704986572266,833700,0.0,0.0
2022-09-20 00:00:00-04:00,22.74248036214288,22.793703338307918,22.426613483944948,22.648574829101562,483800,0.0,0.0
2022-09-21 00:00:00-04:00,22.682719531683823,22.896143692318105,22.41807402842051,22.460758209228516,732900,0.0,0.0
2022-09-22 00:00:00-04:00,22.49491059792293,22.49491059792293,21.84610084628739,21.948543548583984,745100,0.0,0.0
2022-09-23 00:00:00-04:00,21.735117231743555,21.837561552341988,21.30400111407298,21.57291603088379,640600,0.0,0.0
2022-09-26 00:00:00-04:00,21.427788409754665,21.7607296159026,21.368029898732967,21.487546920776367,441800,0.0,0.0
2022-09-27 00:00:00-04:00,21.624135938695147,21.837560099806744,20.821660636992345,21.120454788208008,504900,0.0,0.0
2022-09-28 00:00:00-04:00,21.146068551868574,21.589991245597357,21.069235715327157,21.487546920776367,542100,0.0,0.0
2022-09-29 00:00:00-04:00,21.26558341438067,21.28265773816648,20.958252099424666,21.128992080688477,454800,0.0,0.0
2022-09-30 00:00:00-04:00,21.163141351632877,21.41924970277528,20.975327041051074,21.026548385620117,720400,0.0,0.0
2022-10-03 00:00:00-04:00,21.359490956971626,21.513156617255866,20.966789644212216,21.333879470825195,713800,0.0,0.0
2022-10-04 00:00:00-04:00,21.61559921783885,22.332704544067383,21.61559921783885,22.332704544067383,741500,0.0,0.0
2022-10-05 00:00:00-04:00,21.999763358299976,22.196113199659493,21.927198295355797,21.991226196289062,797200,0.0,0.0
2022-10-06 00:00:00-04:00,21.888782128407914,22.016837931725043,21.641210940475634,21.846097946166992,662000,0.0,0.0
2022-10-07 00:00:00-04:00,21.76073156296751,21.76073156296751,21.308271665994532,21.325345993041992,540100,0.0,0.0
2022-10-10 00:00:00-04:00,21.47047246536609,21.76072948425606,21.171678283767903,21.31680679321289,537100,0.0,0.0
2022-10-11 00:00:00-04:00,21.231439957179152,21.504622670396362,21.035088457294048,21.274124145507812,841400,0.0,0.0
2022-10-12 00:00:00-04:00,21.291199866239776,21.44486555956036,20.941184288475117,21.23997688293457,601300,0.0,0.0
2022-10-13 00:00:00-04:00,21.00094122500221,22.01684085451157,20.702147024758588,21.948543548583984,854000,0.0,0.0
2022-10-14 00:00:00-04:00,22.03391561866129,22.41807985903738,21.811954238477053,21.94001007080078,597700,0.0,0.0
2022-10-17 00:00:00-04:00,22.298558035780218,22.605887733858133,22.264409386939786,22.54612922668457,616500,0.0,0.0
2022-10-18 00:00:00-04:00,22.81077409623408,22.99005124097661,22.503444406856698,22.665645599365234,558300,0.0,0.0
2022-10-19 00:00:00-04:00,22.486373275318268,22.6741859803959,22.11928340004606,22.42661476135254,613900,0.0,0.0
2022-10-20 00:00:00-04:00,22.35831822404426,22.503446735933718,21.87171133956118,22.008302688598633,603900,0.0,0.0
2022-10-21 00:00:00-04:00,22.127818934538947,22.30709446324081,21.863173408613562,22.281484603881836,516700,0.0,0.0
2022-10-24 00:00:00-04:00,22.44368717382761,22.47527288377466,22.221725834955954,22.2644100189209,545500,0.0,0.0
2022-10-25 00:00:00-04:00,22.187577314675845,22.563204323289785,22.148307669803174,22.272947311401367,785500,0.0,0.0
2022-10-26 00:00:00-04:00,22.281480110790362,22.39245994499362,22.046713886989558,22.059518814086914,508700,0.0,0.0
2022-10-27 00:00:00-04:00,22.196117288637303,22.47783717370734,21.99976741110613,22.02537727355957,460400,0.0,0.0
2022-10-28 00:00:00-04:00,21.84609665468805,22.179037815716825,21.342415518194883,21.74365234375,555300,0.0,0.0
2022-10-31 00:00:00-04:00,21.59852500099176,22.059521982267984,21.440591573686607,21.837560653686523,655900,0.0,0.0
2022-11-01 00:00:00-04:00,21.92292948081732,21.92292948081732,21.56437683497976,21.74365234375,499500,0.0,0.0
2022-11-02 00:00:00-04:00,21.63267681990201,22.016841027272164,21.52425663701835,21.615602493286133,504600,0.0,0.0
2022-11-03 00:00:00-04:00,21.427786886866986,21.427786886866986,20.992401386841212,21.350954055786133,408700,0.0,0.0
2022-11-04 00:00:00-04:00,21.581454701983947,21.880247265664458,21.49608470023351,21.87171173095703,319600,0.0,0.0
2022-11-07 00:00:00-05:00,21.982689164646448,22.09366901485216,21.811949180009936,21.99976348876953,363500,0.0,0.0
2022-11-08 00:00:00-05:00,22.00829898804158,22.23026029998037,21.794874837519327,22.03390884399414,282100,0.0,0.0
2022-11-09 00:00:00-05:00,21.863174833978736,22.016840513339826,21.615601988719785,21.72658348083496,299000,0.0,0.0
2022-11-10 00:00:00-05:00,22.29002027022281,23.0071255934893,22.29002027022281,22.99005126953125,424900,0.0,0.0
2022-11-11 00:00:00-05:00,22.99858892395071,23.18640160661918,22.77662759263496,22.879070281982422,558100,0.0,0.0
2022-11-14 00:00:00-05:00,22.82785049199901,22.935415811628733,22.486372123755782,22.494909286499023,377200,0.0,0.0
2022-11-15 00:00:00-05:00,22.716870124254267,22.981515650179652,22.042448937315424,22.281484603881836,310800,0.0,0.0
2022-11-16 00:00:00-05:00,22.281484603881836,22.3497802760012,22.008301915404374,22.281484603881836,385400,0.0,0.0
2022-11-17 00:00:00-05:00,22.025379564934262,22.247340956307724,21.752196815027734,22.05099105834961,501700,0.0,0.0
2022-11-18 00:00:00-05:00,22.22346072109726,22.395935173271667,22.00786642223878,22.18896484375,406800,0.26,0.0
2022-11-21 00:00:00-05:00,22.188958660574215,22.60289920426887,22.154464437693083,22.439048767089844,285000,0.0,0.0
2022-11-22 00:00:00-05:00,22.5770392542681,22.973732045177403,22.473553248678485,22.956485748291016,434400,0.0,0.0
2022-11-23 00:00:00-05:00,22.94785922944669,23.14620560287831,22.546853675200026,22.904739379882812,380000,0.0,0.0
2022-11-25 00:00:00-05:00,22.999601529175496,23.085839583918272,22.930611414352093,23.034095764160156,134800,0.0,0.0
2022-11-28 00:00:00-05:00,22.792630631335822,22.947858797133303,22.404560216842118,22.533916473388672,338700,0.0,0.0
2022-11-29 00:00:00-05:00,22.533915674810427,22.822812894218426,22.47354953355162,22.525293350219727,273800,0.0,0.0
2022-11-30 00:00:00-05:00,22.49941974657543,22.999598422701265,22.1372212814599,22.8961124420166,635900,0.0,0.0
2022-12-01 00:00:00-05:00,22.96510527029972,22.96510527029972,22.490798444323975,22.646026611328125,390200,0.0,0.0
2022-12-02 00:00:00-05:00,22.447677967921134,22.70639045683828,22.447677967921134,22.594282150268555,310900,0.0,0.0
2022-12-05 00:00:00-05:00,22.39593451072849,22.39593451072849,20.94714224693672,21.016132354736328,675300,0.0,0.0
2022-12-06 00:00:00-05:00,21.188609578804677,21.188609578804677,20.757420937331716,21.007511138916016,692200,0.0,0.0
2022-12-07 00:00:00-05:00,20.904027777064616,21.27485031866591,20.748799583384603,21.110998153686523,473700,0.0,0.0
2022-12-08 00:00:00-05:00,21.24897545625756,21.481817714468367,20.981638962490035,21.421451568603516,689400,0.0,0.0
2022-12-09 00:00:00-05:00,21.326587015829535,21.58530115369936,21.110992723364973,21.44732093811035,410100,0.0,0.0
2022-12-12 00:00:00-05:00,21.421449436340144,21.844014060186673,21.179983232061865,21.835390090942383,565300,0.0,0.0
2022-12-13 00:00:00-05:00,22.35281564477094,22.525291731562614,21.723280724232893,21.826765060424805,732100,0.0,0.0
2022-12-14 00:00:00-05:00,21.818142651164212,22.275203162435208,21.619796288573664,21.68016242980957,685700,0.0,0.0
2022-12-15 00:00:00-05:00,21.438694648347433,21.895753446190394,21.240346670661705,21.317960739135742,811100,0.0,0.0
2022-12-16 00:00:00-05:00,21.317963823689468,21.38695393399834,21.042003382453974,21.119617462158203,3301900,0.0,0.0
2022-12-19 00:00:00-05:00,21.17135902819659,21.542181477321872,21.128240827306925,21.481815338134766,646500,0.0,0.0
2022-12-20 00:00:00-05:00,21.481815608388835,21.981994311329593,21.481815608388835,21.740528106689453,535800,0.0,0.0
2022-12-21 00:00:00-05:00,21.956125684588685,22.232087807496296,21.878513239383583,21.99062156677246,456100,0.0,0.0
2022-12-22 00:00:00-05:00,21.904379736884206,22.34419228991967,21.494750253138577,21.895755767822266,331400,0.0,0.0
2022-12-23 00:00:00-05:00,21.904380135239318,22.154470308022002,21.904380135239318,22.025114059448242,253100,0.0,0.0
2022-12-27 00:00:00-05:00,22.1113503824757,22.30107441489916,21.835389947882234,22.137222290039062,281600,0.0,0.0
2022-12-28 00:00:00-05:00,22.111351095943547,22.26657925662461,21.977683681354623,21.999242782592773,278200,0.0,0.0
2022-12-29 00:00:00-05:00,22.042361374951007,22.47786279399307,21.973371262856247,22.387311935424805,302800,0.0,0.0
2022-12-30 00:00:00-05:00,22.283828440918658,22.499422755056916,22.237259332170165,22.4563045501709,359200,0.0,0.0
2023-01-03 00:00:00-05:00,22.47355079650879,22.676209977712862,22.068234078954728,22.47355079650879,535700,0.0,0.0
2023-01-04 00:00:00-05:00,22.61152940423486,22.78400550074534,22.29245076400062,22.37868881225586,514000,0.0,0.0
2023-01-05 00:00:00-05:00,22.128603300058977,22.361445585959817,21.783652679199015,22.27520751953125,714200,0.0,0.0
2023-01-06 00:00:00-05:00,22.40455818583344,22.891801741005235,22.28813707203909,22.83574676513672,356600,0.0,0.0
2023-01-09 00:00:00-05:00,22.792629105553214,22.92198535344041,21.99061806585709,22.663272857666016,490700,0.0,0.0
2023-01-10 00:00:00-05:00,22.663273454715878,22.809877644811277,22.45630312367307,22.732263565063477,455200,0.0,0.0
2023-01-11 00:00:00-05:00,22.775383120899324,22.93061128962114,22.620154952177508,22.904739379882812,347800,0.0,0.0
2023-01-12 00:00:00-05:00,22.982351676612325,23.473906409427528,22.829710875222577,23.465282440185547,529000,0.0,0.0
2023-01-13 00:00:00-05:00,23.17207452155956,23.406640551434553,23.025470341674225,23.327301025390625,487700,0.0,0.0
2023-01-17 00:00:00-05:00,23.370420581690542,23.387668519077398,23.042716350755654,23.068588256835938,514200,0.0,0.0
2023-01-18 00:00:00-05:00,22.913362077131264,22.913362077131264,21.98199476138487,22.111351013183594,611500,0.0,0.0
2023-01-19 00:00:00-05:00,22.04236140349441,22.076857282013467,21.593926496724787,21.95612335205078,451500,0.0,0.0
2023-01-20 00:00:00-05:00,22.102730915474172,22.37869305113331,22.04236476371739,22.335573196411133,545300,0.0,0.0
2023-01-23 00:00:00-05:00,22.24933119968413,22.543403128898806,22.13722288692797,22.206212997436523,454700,0.0,0.0
2023-01-24 00:00:00-05:00,22.223458123011266,22.223458123011266,21.869883645807136,21.878507614135742,343800,0.0,0.0
2023-01-25 00:00:00-05:00,21.731909497628706,21.95612615723312,21.602551581509086,21.930255889892578,354000,0.0,0.0
2023-01-26 00:00:00-05:00,22.016485445407785,22.171711924035773,21.852633354526823,21.938871383666992,782600,0.0,0.0
2023-01-27 00:00:00-05:00,22.723637733368037,23.387668519077398,22.124285890432468,23.068588256835938,971900,0.0,0.0
2023-01-30 00:00:00-05:00,23.249688720343165,23.370422647871408,22.852995994496908,23.197946548461914,770400,0.0,0.0
2023-01-31 00:00:00-05:00,23.206570919266916,23.663631439208984,23.19363578728639,23.663631439208984,686200,0.0,0.0
2023-02-01 00:00:00-05:00,23.551521479197714,23.879225744772484,23.46528342800151,23.663631439208984,550700,0.0,0.0
2023-02-02 00:00:00-05:00,23.741241585604847,24.1206863162074,23.67225148505404,23.9654598236084,574000,0.0,0.0
2023-02-03 00:00:00-05:00,23.87060094234073,24.386302134808908,23.86197697303659,24.008581161499023,972200,0.0,0.0
2023-02-06 00:00:00-05:00,23.89647242297228,24.12931467148592,23.456661480029684,23.715373992919922,450300,0.0,0.0
2023-02-07 00:00:00-05:00,23.68950427032119,24.043078838172686,23.57739594301514,23.95684242248535,454000,0.0,0.0
2023-02-08 00:00:00-05:00,23.887849714377506,23.974086120719694,23.663631439208984,23.663631439208984,356700,0.0,0.0
2023-02-09 00:00:00-05:00,23.81023871658697,23.853356925342553,23.448040170535716,23.482534408569336,292700,0.0,0.0
2023-02-10 00:00:00-05:00,23.44803537750106,23.58601559113933,23.223817119125403,23.361797332763672,348900,0.0,0.0
2023-02-13 00:00:00-05:00,23.370421410870513,23.637757870436474,23.27555939673096,23.586015701293945,240200,0.0,0.0
2023-02-14 00:00:00-05:00,23.508402583187017,23.607575763440913,23.185011134372758,23.37042236328125,253400,0.0,0.0
2023-02-15 00:00:00-05:00,23.241065966668707,23.68087688682063,23.18932215088875,23.67225456237793,303500,0.0,0.0
2023-02-16 00:00:00-05:00,23.402359397820167,23.537306640715975,23.263059767997273,23.350122451782227,271600,0.26,0.0
2023-02-17 00:00:00-05:00,23.236942111375225,23.56777831686114,23.18035111786146,23.550365447998047,350200,0.0,0.0
2023-02-21 00:00:00-05:00,23.437183678095387,23.575613154040965,23.01057838071895,23.271764755249023,410400,0.0,0.0
2023-02-22 00:00:00-05:00,23.280470576072343,23.472007134978277,23.132464524914262,23.263057708740234,476700,0.0,0.0
2023-02-23 00:00:00-05:00,23.350123135496652,23.498129204090066,23.193410632211556,23.33271026611328,288100,0.0,0.0
2023-02-24 00:00:00-05:00,23.141173453698904,23.611310958862305,23.141173453698904,23.611310958862305,450300,0.0,0.0
2023-02-27 00:00:00-05:00,23.776729583740234,23.976974269847595,23.65484281352221,23.776729583740234,535200,0.0,0.0
2023-02-28 00:00:00-05:00,23.846376122750357,24.120622978587967,23.794139179927825,23.811552047729492,578000,0.0,0.0
2023-03-01 00:00:00-05:00,23.7244953569047,23.86379501330962,23.51554587229732,23.84638214111328,458800,0.0,0.0
2023-03-02 00:00:00-05:00,23.64614058514951,23.65049463376487,22.86257955326771,22.92352294921875,446700,0.0,0.0
2023-03-03 00:00:00-05:00,23.0976410590898,23.315296924725683,22.906102834557437,23.271764755249023,453000,0.0,0.0
2023-03-06 00:00:00-05:00,23.22823540970022,23.332709300511652,22.618798291164165,22.775510787963867,1023400,0.0,0.0
2023-03-07 00:00:00-05:00,22.60138752066257,22.67974377633649,22.296670593689225,22.32278823852539,446000,0.0,0.0
2023-03-08 00:00:00-05:00,22.296668926244728,22.47949906875588,21.99195036147689,22.183486938476562,417800,0.0,0.0
2023-03-09 00:00:00-05:00,21.957125844852428,22.044188533997758,20.75566604851143,20.77307891845703,733800,0.0,0.0
2023-03-10 00:00:00-05:00,20.31164721438752,20.69472203869728,19.44973010512753,20.050460815429688,1906700,0.0,0.0
2023-03-13 00:00:00-04:00,18.814177977154852,20.520599567567253,17.133874033982053,17.577892303466797,3445600,0.0,0.0
2023-03-14 00:00:00-04:00,19.28431353187533,19.998224659792612,18.152503450140543,18.431102752685547,1780600,0.0,0.0
2023-03-15 00:00:00-04:00,17.412471236062988,18.631343890470866,17.229641085164005,18.230857849121094,2310700,0.0,0.0
2023-03-16 00:00:00-04:00,18.030609967284924,19.38878367823057,17.46470508468209,18.866409301757812,2031300,0.0,0.0
2023-03-17 00:00:00-04:00,18.500750736593883,18.727113062523305,17.70848342613224,18.40498161315918,2978200,0.0,0.0
2023-03-20 00:00:00-04:00,18.883825095258228,19.24948704940509,18.313566077308174,18.48333740234375,1599300,0.0,0.0
2023-03-21 00:00:00-04:00,19.258192057263763,19.606441116225156,19.127597207143552,19.45843505859375,1059600,0.0,0.0
2023-03-22 00:00:00-04:00,19.414905074740894,19.528087069513237,18.23956457595974,18.265682220458984,882000,0.0,0.0
2023-03-23 00:00:00-04:00,18.509458742575664,18.544282824591523,17.77813475383173,17.882610321044922,1359700,0.0,0.0
2023-03-24 00:00:00-04:00,17.595299327003172,18.30921195899031,17.595299327003172,18.169912338256836,838200,0.0,0.0
2023-03-27 00:00:00-04:00,18.770643527512757,18.892531955361406,18.222151414233142,18.230857849121094,757400,0.0,0.0
2023-03-28 00:00:00-04:00,18.152501186964503,18.59651939275588,18.013201553059282,18.48333740234375,612300,0.0,0.0
2023-03-29 00:00:00-04:00,18.640049925972388,18.81417529883523,18.135088337369304,18.28309440612793,693200,0.0,0.0
2023-03-30 00:00:00-04:00,18.404982398637078,18.435454091833545,17.752014697713822,17.786840438842773,819800,0.0,0.0
2023-03-31 00:00:00-04:00,17.89131058114556,18.10896643571221,17.778130267427155,17.960960388183594,920000,0.0,0.0
2023-04-03 00:00:00-04:00,18.0654404879395,18.18297487833579,17.717191364866867,17.882610321044922,1198300,0.0,0.0
2023-04-04 00:00:00-04:00,17.90001993944912,17.969669757867884,17.25575870392988,17.71718978881836,1254600,0.0,0.0
2023-04-05 00:00:00-04:00,17.412472810815718,17.643187544172527,17.29058603252651,17.543066024780273,1059000,0.0,0.0
2023-04-06 00:00:00-04:00,17.525651467987494,17.873902219178778,17.44729687561037,17.604007720947266,871700,0.0,0.0
2023-04-10 00:00:00-04:00,17.47341415104716,17.82166323431161,17.360233821704693,17.45600128173828,942700,0.0,0.0
2023-04-11 00:00:00-04:00,17.49082422122526,17.99578572629324,17.49082422122526,17.81295394897461,1091400,0.0,0.0
2023-04-12 00:00:00-04:00,17.969667201732605,17.98533977862814,17.412468733642424,17.708480834960938,845700,0.0,0.0
2023-04-13 00:00:00-04:00,17.708482504851418,17.91743195008894,17.60400695194137,17.847782135009766,556400,0.0,0.0
2023-04-14 00:00:00-04:00,18.17862061968446,18.283096185687672,17.49953525270333,17.68236541748047,774800,0.0,0.0
2023-04-17 00:00:00-04:00,17.53435511250285,17.98707968854125,17.373290245086597,17.960960388183594,691600,0.0,0.0
2023-04-18 00:00:00-04:00,17.943551522351772,17.943551522351772,17.055515121347867,17.1686954498291,1151200,0.0,0.0
2023-04-19 00:00:00-04:00,17.255757580321927,17.812956091390085,17.15998846351363,17.673656463623047,755500,0.0,0.0
2023-04-20 00:00:00-04:00,17.421177203703145,17.595300915044064,17.190462497399686,17.45600128173828,717100,0.0,0.0
2023-04-21 00:00:00-04:00,17.57788949937923,17.57788949937923,17.12516486617391,17.194814682006836,666700,0.0,0.0
2023-04-24 00:00:00-04:00,17.142577956054794,17.55177042177035,17.142577956054794,17.25575828552246,616800,0.0,0.0
2023-04-25 00:00:00-04:00,17.02939138610832,17.5169416326784,16.454780137477023,16.53313636779785,1004800,0.0,0.0
2023-04-26 00:00:00-04:00,16.602787614174023,16.97715593379183,16.298069098630524,16.411251068115234,1096100,0.0,0.0
2023-04-27 00:00:00-04:00,16.515728938961356,16.97716004043422,16.485257246094374,16.872684478759766,998200,0.0,0.0
2023-04-28 00:00:00-04:00,16.92492282559596,17.229641410090146,16.54184798621519,16.637617111206055,1032300,0.0,0.0
2023-05-01 00:00:00-04:00,16.559262732204626,16.620206123890785,15.793112966651245,15.854056358337402,1225800,0.0,0.0
2023-05-02 00:00:00-04:00,15.78440511840257,15.888880680933603,14.626475798215376,14.687420845031738,1815600,0.0,0.0
2023-05-03 00:00:00-04:00,14.800600321716585,15.148849408934566,14.602969400623323,14.818013191223145,1979000,0.0,0.0
2023-05-04 00:00:00-04:00,14.478468094738393,14.83542525797715,14.173751197775195,14.565530776977539,2625400,0.0,0.0
2023-05-05 00:00:00-04:00,15.183676346500866,15.314269556943408,14.652595408707384,14.878957748413086,1004700,0.0,0.0
2023-05-08 00:00:00-04:00,15.322975992383947,15.375212944444412,14.704832360767849,14.878957748413086,1503000,0.0,0.0
2023-05-09 00:00:00-04:00,14.765775074618569,14.878957069599165,14.461058151015475,14.539414405822754,936500,0.0,0.0
2023-05-10 00:00:00-04:00,14.75706834716217,14.844129364908165,14.151983646099692,14.199868202209473,688100,0.0,0.0
2023-05-11 00:00:00-04:00,14.017038932786882,14.16939738377853,13.564314306150878,13.599139213562012,1546500,0.0,0.0
2023-05-12 00:00:00-04:00,13.721026804646616,13.816795092454408,13.129002548366085,13.599139213562012,1664000,0.0,0.0
2023-05-15 00:00:00-04:00,13.703614913487277,14.48717580128697,13.651377963789347,14.182458877563477,1858800,0.0,0.0
2023-05-16 00:00:00-04:00,14.199869546586593,14.404466610941409,14.077982781736555,14.147632598876953,1219500,0.0,0.0
2023-05-17 00:00:00-04:00,14.426229857025492,15.009547617004703,14.252106168731371,14.957310676574707,1367200,0.0,0.0
2023-05-18 00:00:00-04:00,14.95731531227578,15.17497123553804,14.678715996193352,15.026965141296387,1336300,0.0,0.0
2023-05-19 00:00:00-04:00,15.062319085686093,15.158667761174662,14.425882023148628,14.735260963439941,1275400,0.26,0.0
2023-05-22 00:00:00-04:00,14.903211057316366,15.362858024444932,14.73703077949561,15.354020118713379,681800,0.0,0.0
2023-05-23 00:00:00-04:00,15.371698540902578,15.902062273627566,15.309823081180966,15.336341857910156,796000,0.0,0.0
2023-05-24 00:00:00-04:00,15.239108350658855,15.243528989863547,14.903212268236453,15.133036613464355,653500,0.0,0.0
2023-05-25 00:00:00-04:00,15.018122918050373,15.124196336423221,14.53195715829265,14.90321159362793,638600,0.0,0.0
2023-05-26 00:00:00-04:00,14.929729580288797,15.053482190151945,14.65570895484163,14.867854118347168,670600,0.0,0.0
2023-05-30 00:00:00-04:00,14.920889061215895,15.07999834546013,14.54079672060774,14.88553237915039,853500,0.0,0.0
2023-05-31 00:00:00-04:00,14.859013962471955,14.920889422067845,14.364008599725013,14.576153755187988,866200,0.0,0.0
2023-06-01 00:00:00-04:00,14.691065254698911,15.309821472894965,14.408203390574817,15.009282112121582,869100,0.0,0.0
2023-06-02 00:00:00-04:00,15.309819447771922,16.056748798237074,15.13833510810971,15.963933944702148,778800,0.0,0.0
2023-06-05 00:00:00-04:00,15.893222237636044,15.893222237636044,15.309822653721378,15.601522445678711,898600,0.0,0.0
2023-06-06 00:00:00-04:00,15.530805507489845,16.565014041598264,15.499867782254173,16.5296573638916,844800,0.0,0.0
2023-06-07 00:00:00-04:00,16.69760362101326,17.325201054312004,16.467779327550303,17.219127655029297,1054300,0.0,0.0
2023-06-08 00:00:00-04:00,17.095377932902352,17.121896706036015,16.626889723418532,16.980464935302734,727000,0.0,0.0
2023-06-09 00:00:00-04:00,16.98930764228012,17.12189984628699,16.768322883575216,16.865556716918945,774400,0.0,0.0
2023-06-12 00:00:00-04:00,16.909752785896433,17.347303344571557,16.808100000462392,17.006986618041992,829600,0.0,0.0
2023-06-13 00:00:00-04:00,17.04234453679643,17.493153629374397,16.97162948419478,17.395919799804688,726200,0.0,0.0
2023-06-14 00:00:00-04:00,17.466638359350682,17.55503261434547,16.78600478766506,16.92743492126465,883900,0.0,0.0
2023-06-15 00:00:00-04:00,16.79483950756085,17.192612696605487,16.79483950756085,17.095378875732422,644000,0.0,0.0
2023-06-16 00:00:00-04:00,17.11305711499146,17.11305711499146,16.51639736433099,16.980464935302734,2947900,0.0,0.0
2023-06-20 00:00:00-04:00,16.892074861552313,16.892074861552313,16.529660005743317,16.662250518798828,680900,0.0,0.0
2023-06-21 00:00:00-04:00,16.58269723853271,16.59153683159456,16.36171246992643,16.37055206298828,500000,0.0,0.0
2023-06-22 00:00:00-04:00,16.32634878016436,16.32634878016436,15.68991346081895,15.884379386901855,979900,0.0,0.0
2023-06-23 00:00:00-04:00,15.751793115350736,15.972777871034062,15.46893289783286,15.610363006591797,732700,0.0,0.0
2023-06-26 00:00:00-04:00,15.734109793315092,16.15840169401336,15.734109793315092,15.804824829101562,454800,0.0,0.0
2023-06-27 00:00:00-04:00,15.813666022479067,16.28657318836459,15.663396345451357,16.123044967651367,473100,0.0,0.0
2023-06-28 00:00:00-04:00,15.946261441061782,16.021395451841418,15.59268446851304,15.831348419189453,675300,0.0,0.0
2023-06-29 00:00:00-04:00,15.884382227731912,16.229119562596967,15.866704730184265,15.999295234680176,876300,0.0,0.0
2023-06-30 00:00:00-04:00,16.158402661848054,16.158402661848054,15.804825775758175,15.91973876953125,554700,0.0,0.0
2023-07-03 00:00:00-04:00,15.96393537161593,16.46778025307201,15.96393537161593,16.423583984375,276400,0.0,0.0
2023-07-05 00:00:00-04:00,16.21144202557736,16.41474759885171,15.963938488995602,16.096529006958008,618700,0.0,0.0
2023-07-06 00:00:00-04:00,15.910900210010578,15.910900210010578,15.38937612380408,15.840185165405273,1052400,0.0,0.0
2023-07-07 00:00:00-04:00,15.88438362085082,16.494302018199782,15.88438362085082,16.361711502075195,901300,0.0,0.0
2023-07-10 00:00:00-04:00,16.290992410517617,16.741801402405855,16.23795655440708,16.4677791595459,813200,0.0,0.0
2023-07-11 00:00:00-04:00,16.476622625914867,16.724126155953453,16.33519251902992,16.503141403198242,1067800,0.0,0.0
2023-07-12 00:00:00-04:00,16.865552846866173,17.024662106380493,16.70644358735185,16.953947067260742,795300,0.0,0.0
2023-07-13 00:00:00-04:00,17.033505116666603,17.422437066917503,16.896493963249668,17.2368106842041,952100,0.0,0.0
2023-07-14 00:00:00-04:00,17.307526021055637,17.307526021055637,16.66225093822394,17.006986618041992,744200,0.0,0.0
2023-07-17 00:00:00-04:00,16.962790135660335,17.25448994258192,16.847877119793726,17.14841651916504,576400,0.0,0.0
2023-07-18 00:00:00-04:00,17.183773547026487,18.315214316555977,17.183773547026487,18.279857635498047,1180200,0.0,0.0
2023-07-19 00:00:00-04:00,18.332896296191,19.093084443646614,18.076554839989917,19.022369384765625,1181100,0.0,0.0
2023-07-20 00:00:00-04:00,18.94281131467247,19.057722632376592,18.518521037946908,18.739505767822266,1259500,0.0,0.0
2023-07-21 00:00:00-04:00,18.925136292920026,18.925136292920026,18.42129126777515,18.509685516357422,1043100,0.0,0.0
2023-07-24 00:00:00-04:00,18.430128091722306,19.420138806329945,18.430128091722306,19.16379737854004,1390700,0.0,0.0
2023-07-25 00:00:00-04:00,19.137278845973945,19.278708949862637,18.845579045956047,18.91629409790039,1184500,0.0,0.0
2023-07-26 00:00:00-04:00,19.19031359246385,19.888626164855722,19.044464543964366,19.80023193359375,1121500,0.0,0.0
2023-07-27 00:00:00-04:00,19.9416645928081,19.968183371389713,19.243353616625065,19.375944137573242,1341400,0.0,0.0
2023-07-28 00:00:00-04:00,19.44665799668393,19.517373049232678,18.46548516733769,18.880937576293945,1294600,0.0,0.0
2023-07-31 00:00:00-04:00,18.766022417726383,19.0135259163541,18.08538906098489,18.2886962890625,1114100,0.0,0.0
2023-08-01 00:00:00-04:00,18.2444994707345,18.306374927756682,17.581545255245835,18.01467514038086,1096100,0.0,0.0
2023-08-02 00:00:00-04:00,17.77601378893099,18.12958905092781,17.501991485651093,18.111909866333008,910300,0.0,0.0
2023-08-03 00:00:00-04:00,17.988156237301958,18.111907138870304,17.784850703016943,17.943958282470703,666400,0.0,0.0
2023-08-04 00:00:00-04:00,17.873243273105153,18.279856028391524,17.784850735241655,17.961637496948242,448100,0.0,0.0
2023-08-07 00:00:00-04:00,17.943959157757742,18.18262306754953,17.877664751246467,18.147266387939453,396700,0.0,0.0
2023-08-08 00:00:00-04:00,17.784852496006973,18.02351473223828,17.27216797013493,18.01467514038086,661500,0.0,0.0
2023-08-09 00:00:00-04:00,17.88208205210518,17.983734814816067,17.667284890330304,17.91744041442871,443000,0.0,0.0
2023-08-10 00:00:00-04:00,17.96163840316928,18.301955086248483,17.935121314864197,18.05887222290039,537000,0.0,0.0
2023-08-11 00:00:00-04:00,17.935121506164116,18.244498779554483,17.73181427310513,17.793689727783203,685200,0.0,0.0
2023-08-14 00:00:00-04:00,17.678776064832764,17.678776064832764,17.289842519332193,17.360557556152344,496400,0.0,0.0
2023-08-15 00:00:00-04:00,17.104219164323855,17.11305875621617,16.370549897059366,16.476621627807617,928200,0.0,0.0
2023-08-16 00:00:00-04:00,16.432423575310317,16.7241233322575,16.352868942872032,16.423583984375,839000,0.0,0.0
2023-08-17 00:00:00-04:00,16.573854532217336,17.227969122104618,16.565014940815924,17.20145034790039,1184400,0.0,0.0
2023-08-18 00:00:00-04:00,17.022272414448416,17.45230836006722,16.91476257363824,17.219371795654297,713200,0.26,0.0
2023-08-21 00:00:00-04:00,17.165615710579825,17.380633658098127,16.85204722964494,16.950597763061523,1057700,0.0,0.0
2023-08-22 00:00:00-04:00,16.887882841505892,17.14769552984352,16.565355095752405,16.67286491394043,722200,0.0,0.0
2023-08-23 00:00:00-04:00,16.654947135472664,17.031228954200692,16.55639660641202,16.89684295654297,649700,0.0,0.0
2023-08-24 00:00:00-04:00,16.834129132018916,17.156655175575555,16.825169837918644,16.869964599609375,685600,0.0,0.0
2023-08-25 00:00:00-04:00,16.93267980976382,17.076025113495152,16.493684603485256,16.735580444335938,575000,0.0,0.0
2023-08-28 00:00:00-04:00,16.88788393243808,17.21040999021568,16.87892463794277,16.959556579589844,619900,0.0,0.0
2023-08-29 00:00:00-04:00,17.01330954795799,17.34479658780809,16.861004968915065,17.18353271484375,434000,0.0,0.0
2023-08-30 00:00:00-04:00,17.17457623512353,17.192494825902482,16.85204843634591,17.031230926513672,494900,0.0,0.0
2023-08-31 00:00:00-04:00,17.058106152272163,17.156654968564816,16.869964396057824,16.94163703918457,625300,0.0,0.0
2023-09-01 00:00:00-04:00,17.129779676236748,17.443346438033696,17.084983203972403,17.30000114440918,511700,0.0,0.0
2023-09-05 00:00:00-04:00,17.16561640335274,17.16561640335274,16.869966499981842,16.905803680419922,566800,0.0,0.0
2023-09-06 00:00:00-04:00,16.816211032074953,16.91475985241804,16.341378683837632,16.38617515563965,610800,0.0,0.0
2023-09-07 00:00:00-04:00,16.32345907473424,16.529519414521292,16.157716411454075,16.19803237915039,1245000,0.0,0.0
2023-09-08 00:00:00-04:00,16.28762584939256,16.574316455208052,16.108443366352475,16.39513397216797,741300,0.0,0.0
2023-09-11 00:00:00-04:00,16.430971047300336,16.57879514237457,16.063648497345213,16.090524673461914,736600,0.0,0.0
2023-09-12 00:00:00-04:00,16.162199454336655,16.233872107199776,15.924782403318765,15.983016967773438,992700,0.0,0.0
2023-09-13 00:00:00-04:00,16.054688819880372,16.08156670416752,15.5977750398633,15.741120338439941,1037100,0.0,0.0
2023-09-14 00:00:00-04:00,15.920301436137255,16.03676884033166,15.767996855999582,15.938220024108887,1065200,0.0,0.0
2023-09-15 00:00:00-04:00,15.938222087082622,16.368258001200157,15.77695819208584,16.359298706054688,3582500,0.0,0.0
2023-09-18 00:00:00-04:00,16.359299448073102,16.59940275890536,16.23387272796914,16.413053512573242,943700,0.0,0.0
2023-09-19 00:00:00-04:00,16.466806875946084,16.61911147622071,16.350339456352938,16.529521942138672,1117200,0.0,0.0
2023-09-20 00:00:00-04:00,16.637029114487962,16.717661057596203,16.404092579820908,16.475765228271484,907700,0.0,0.0
2023-09-21 00:00:00-04:00,16.350337776564253,16.51160165544144,16.18011460343715,16.42201042175293,974000,0.0,0.0
2023-09-22 00:00:00-04:00,16.466806561562485,16.54743850774556,16.251788608011218,16.296585083007812,995500,0.0,0.0
2023-09-25 00:00:00-04:00,16.206992219532776,16.395132269253587,16.206992219532776,16.32345962524414,593600,0.0,0.0
2023-09-26 00:00:00-04:00,16.13532114834107,16.287625745308617,15.947179371470197,16.090524673461914,1360800,0.0,0.0
2023-09-27 00:00:00-04:00,16.2159509667511,16.305542195944096,16.027809214564765,16.19803237915039,881400,0.0,0.0
2023-09-28 00:00:00-04:00,16.135320603306543,16.318981872080215,15.987494804414919,16.000934600830078,1018200,0.0,0.0
2023-09-29 00:00:00-04:00,16.17115592956543,16.3234605200356,16.103963783329327,16.17115592956543,1024000,0.0,0.0
2023-10-02 00:00:00-04:00,16.1711560223211,16.215952495546166,15.715139373921797,15.79487419128418,841300,0.0,0.0
2023-10-03 00:00:00-04:00,15.767998908202454,15.767998908202454,15.508184475230776,15.69632625579834,531600,0.0,0.0
2023-10-04 00:00:00-04:00,15.579856397087719,15.785916758296745,15.445470393732784,15.570897102355957,645500,0.0,0.0
2023-10-05 00:00:00-04:00,15.570893662875214,15.88446207397924,15.51713961516921,15.821748733520508,625900,0.0,0.0
2023-10-06 00:00:00-04:00,15.678408952134806,16.233873335458693,15.535063635563022,16.063650131225586,987600,0.0,0.0
2023-10-09 00:00:00-04:00,15.965098894956638,16.198035451516485,15.848631471082161,16.1442813873291,722100,0.0,0.0
2023-10-10 00:00:00-04:00,16.260745797971058,16.538477071752983,16.215055620843398,16.368255615234375,498200,0.0,0.0
2023-10-11 00:00:00-04:00,16.36825656691884,16.610152388217703,16.242828154683874,16.38617515563965,432900,0.0,0.0
2023-10-12 00:00:00-04:00,16.422009597727588,16.422009597727588,16.063646389766188,16.19803237915039,607300,0.0,0.0
2023-10-13 00:00:00-04:00,16.368257900263064,16.368257900263064,15.96509816525725,16.054689407348633,896900,0.0,0.0
2023-10-16 00:00:00-04:00,16.144278734474195,16.58327388895833,16.13531944044669,16.56535530090332,906900,0.0,0.0
2023-10-17 00:00:00-04:00,16.395130991246905,17.013308565647836,16.395130991246905,16.654945373535156,931400,0.0,0.0
2023-10-18 00:00:00-04:00,16.583273954548577,16.583273954548577,16.12636021020224,16.224910736083984,581400,0.0,0.0
2023-10-19 00:00:00-04:00,16.260747099663703,16.59671295589151,16.054688451291884,16.072607040405273,523800,0.0,0.0
2023-10-20 00:00:00-04:00,16.081565095603917,16.081565095603917,15.463387489318848,15.463387489318848,822200,0.0,0.0
2023-10-23 00:00:00-04:00,15.427549988256823,15.875504419250685,15.427549988256823,15.723199844360352,1051200,0.0,0.0
2023-10-24 00:00:00-04:00,15.767998908202454,15.929262803314415,15.39171705587815,15.69632625579834,919900,0.0,0.0
2023-10-25 00:00:00-04:00,15.570895539063917,15.91134186944763,15.526100778713174,15.839669227600098,1097500,0.0,0.0
2023-10-26 00:00:00-04:00,15.875505839567648,16.341378899595565,15.875505839567648,16.242828369140625,1417700,0.0,0.0
2023-10-27 00:00:00-04:00,16.287626662034018,16.878926493233,15.651530353434577,15.95613956451416,1171000,0.0,0.0
2023-10-30 00:00:00-04:00,16.269703300252637,16.34585643509733,15.803830324762709,16.126358032226562,904800,0.0,0.0
2023-10-31 00:00:00-04:00,16.117404197737265,16.267917976305313,15.90686501641766,16.063650131225586,818300,0.0,0.0
2023-11-01 00:00:00-04:00,16.0457261053606,16.1980306662396,15.866543665922817,16.126358032226562,857200,0.0,0.0
2023-11-02 00:00:00-04:00,16.27866604158469,16.932679179101346,16.27866604158469,16.91476058959961,772300,0.0,0.0
2023-11-03 00:00:00-04:00,17.05810818221796,17.622530100407012,17.05810818221796,17.210411071777344,834000,0.0,0.0
2023-11-06 00:00:00-05:00,17.201451646076908,17.2283278195671,16.865485806964553,16.869964599609375,977900,0.0,0.0
2023-11-07 00:00:00-05:00,16.869964881384828,16.869964881384828,16.413051127503014,16.42201042175293,905300,0.0,0.0
2023-11-08 00:00:00-05:00,16.430971090376005,16.430971090376005,16.18907525182678,16.296585083007812,950500,0.0,0.0
2023-11-09 00:00:00-05:00,16.332418847218054,16.35929672940688,16.081565448698147,16.224910736083984,905300,0.0,0.0
2023-11-10 00:00:00-05:00,16.27866486354222,16.538477557272476,16.108441693215806,16.32345962524414,565500,0.0,0.0
2023-11-13 00:00:00-05:00,16.28762408571396,16.44888796122568,16.090523033950472,16.224910736083984,671000,0.0,0.0
2023-11-14 00:00:00-05:00,16.807251051761465,17.74795470667216,16.64598717747721,17.45230484008789,1156400,0.0,0.0
2023-11-15 00:00:00-05:00,17.398553377322067,17.71212187861768,17.058108698848255,17.371675491333008,863700,0.0,0.0
2023-11-16 00:00:00-05:00,17.443346501516725,17.483662472296015,17.076023971665734,17.43438720703125,784800,0.0,0.0
2023-11-17 00:00:00-05:00,17.625078468859417,17.78852615191361,17.525193388781624,17.634159088134766,607100,0.26,0.0
2023-11-20 00:00:00-05:00,17.61599574222394,17.77036278753622,17.398066101539104,17.69771957397461,843000,0.0,0.0
2023-11-21 00:00:00-05:00,17.670482494992186,17.670482494992186,17.4162320447888,17.452552795410156,658700,0.0,0.0
2023-11-22 00:00:00-05:00,17.57967300355239,17.62507435738714,17.248238271096962,17.343582153320312,639700,0.0,0.0
2023-11-24 00:00:00-05:00,17.41622535862629,17.507029798246414,17.21645524507188,17.343582153320312,231400,0.0,0.0
2023-11-27 00:00:00-05:00,17.23461926657586,17.434389412437177,17.04393147129105,17.379905700683594,690000,0.0,0.0
2023-11-28 00:00:00-05:00,17.40715142414564,17.452552795410156,17.15289924199096,17.452552795410156,560500,0.0,0.0
2023-11-29 00:00:00-05:00,17.55243406904428,18.042777085310576,17.116574764774853,17.870248794555664,1052500,0.0,0.0
2023-11-30 00:00:00-05:00,17.915647433022116,18.133577052034752,17.73404028315358,17.84300422668457,777200,0.0,0.0
2023-12-01 00:00:00-05:00,17.833927635361075,18.61484357874241,17.64323982515924,18.551280975341797,1008100,0.0,0.0
2023-12-04 00:00:00-05:00,18.369670616502518,18.90995616707377,18.369670616502518,18.778289794921875,843300,0.0,0.0
2023-12-05 00:00:00-05:00,18.678403108633702,18.696564344317192,18.334255832600103,18.442312240600586,655300,0.0,0.0
2023-12-06 00:00:00-05:00,18.64208133255769,19.005297366275798,18.460472449723305,18.54219627380371,740700,0.0,0.0
2023-12-07 00:00:00-05:00,18.60576063749408,18.959896087646484,18.53311742382305,18.959896087646484,851500,0.0,0.0
2023-12-08 00:00:00-05:00,18.987138248465257,19.286791726184692,18.823690582081774,19.10518455505371,664600,0.0,0.0
2023-12-11 00:00:00-05:00,19.050701739264763,19.23685009428421,19.018920439526145,19.14150619506836,747900,0.0,0.0
2023-12-12 00:00:00-05:00,19.11426277017734,19.314032902941797,18.91449436936368,19.223228454589844,742800,0.0,0.0
2023-12-13 00:00:00-05:00,19.2958700540084,20.149429026049546,19.168744876112086,19.858856201171875,1269000,0.0,0.0
2023-12-14 00:00:00-05:00,20.52172790759528,20.93942595582323,20.15851183697297,20.71241569519043,1260200,0.0,0.0
2023-12-15 00:00:00-05:00,20.71241438379825,20.812299446376798,20.412760928013338,20.521726608276367,3026400,0.0,0.0
2023-12-18 00:00:00-05:00,20.667014269852388,20.794139461176563,20.326498879990485,20.639772415161133,875400,0.0,0.0
2023-12-19 00:00:00-05:00,20.630689819290016,21.0483895580947,20.440002050582923,20.91218376159668,795500,0.0,0.0
2023-12-20 00:00:00-05:00,20.785059603992703,21.08471308876498,20.31287956237793,20.31287956237793,848900,0.0,0.0
2023-12-21 00:00:00-05:00,20.52172641023761,20.72149480151617,20.2765549309748,20.585289001464844,566100,0.0,0.0
2023-12-22 00:00:00-05:00,20.703334741267007,20.93942561633147,20.51264695676349,20.630691528320312,443500,0.0,0.0
2023-12-26 00:00:00-05:00,20.630693937732133,21.012071283230178,20.594373192992375,20.930347442626953,561000,0.0,0.0
2023-12-27 00:00:00-05:00,20.912183782643243,20.95304569482884,20.71241366442447,20.84861946105957,360200,0.0,0.0
2023-12-28 00:00:00-05:00,20.74874246064916,21.012073516845703,20.712419980097252,21.012073516845703,453300,0.0,0.0
2023-12-29 00:00:00-05:00,20.93034669163229,21.04839300469071,20.73965889170078,20.75782012939453,840100,0.0,0.0
2024-01-02 00:00:00-05:00,20.53080846029779,20.99390959834408,20.467245864635704,20.639772415161133,817400,0.0,0.0
2024-01-03 00:00:00-05:00,20.367359142588075,20.394599263117083,20.05862507562088,20.085866928100586,638200,0.0,0.0
2024-01-04 00:00:00-05:00,19.95874203894045,20.512647638538308,19.95874203894045,20.231155395507812,1025300,0.0,0.0
2024-01-05 00:00:00-05:00,19.768053591856717,20.340118677340794,19.768053591856717,20.067707061767578,2157100,0.0,0.0
2024-01-08 00:00:00-05:00,20.076788641690044,20.212994456001802,19.886099116092865,20.176671981811523,919200,0.0,0.0
2024-01-09 00:00:00-05:00,19.976902478066577,20.04954569052697,19.867936793400588,19.922420501708984,517700,0.0,0.0
2024-01-10 00:00:00-05:00,19.76805292483664,19.94512064217963,19.71356921799975,19.904258728027344,406000,0.0,0.0
2024-01-11 00:00:00-05:00,19.686330590959123,19.804375167498524,19.432078468938485,19.749893188476562,640300,0.0,0.0
2024-01-12 00:00:00-05:00,19.86793709073924,19.940580304286794,19.495640404814182,19.586444854736328,410100,0.0,0.0
2024-01-16 00:00:00-05:00,19.3503536431121,19.491100624655168,19.19598660049902,19.223228454589844,427900,0.0,0.0
2024-01-17 00:00:00-05:00,18.932656893819345,19.350354959932183,18.796451077997805,19.13242530822754,445900,0.0,0.0
2024-01-18 00:00:00-05:00,19.24138819815317,19.422995348819555,19.15058375684465,19.377593994140625,666100,0.0,0.0
2024-01-19 00:00:00-05:00,19.468399524782185,19.713569278497545,19.232308656950085,19.695409774780273,573900,0.0,0.0
2024-01-22 00:00:00-05:00,19.949660291911457,20.203912397266983,19.78621436555873,20.122188568115234,665100,0.0,0.0
2024-01-23 00:00:00-05:00,20.149433081755237,20.249316427942436,19.650009423015238,19.659090042114258,831500,0.0,0.0
2024-01-24 00:00:00-05:00,19.71357131135278,20.06770851559479,19.668169949451695,19.8406982421875,1052200,0.0,0.0
2024-01-25 00:00:00-05:00,19.958740693669053,20.07587771899782,19.472938898945067,19.622766494750977,1176600,0.0,0.0
2024-01-26 00:00:00-05:00,19.404838428641202,20.612532982505662,19.404838428641202,20.240236282348633,908300,0.0,0.0
2024-01-29 00:00:00-05:00,20.449085425508745,20.676095694268074,20.222075156749412,20.667015075683594,720600,0.0,0.0
2024-01-30 00:00:00-05:00,20.612531462074223,20.82591992006506,20.603450844209604,20.67609405517578,628800,0.0,0.0
2024-01-31 00:00:00-05:00,20.167589778493717,20.376440524774537,19.6136859462249,19.695409774780273,1742300,0.0,0.0
2024-02-01 00:00:00-05:00,19.858859955644302,19.94058206263453,18.850933763336755,19.36851692199707,948400,0.0,0.0
2024-02-02 00:00:00-05:00,18.97805621325835,19.42299608744473,18.86001164743369,19.33219337463379,837100,0.0,0.0
2024-02-05 00:00:00-05:00,19.11426290370239,19.241389825063504,18.796449930176625,19.08702278137207,599400,0.0,0.0
2024-02-06 00:00:00-05:00,19.023460953627165,19.250471219269727,18.796450687984603,18.978057861328125,652600,0.0,0.0
2024-02-07 00:00:00-05:00,18.959895792973164,19.30949179456622,18.660242324743514,19.014379501342773,671500,0.0,0.0
2024-02-08 00:00:00-05:00,18.9417327581158,19.15058173875138,18.84638715221653,19.023456573486328,408100,0.0,0.0
2024-02-09 00:00:00-05:00,19.068862302911796,19.363976340856258,18.86909389276456,19.259550094604492,604700,0.0,0.0
2024-02-12 00:00:00-05:00,19.28679138235882,19.76351257951156,19.268630145984226,19.586444854736328,500400,0.0,0.0
2024-02-13 00:00:00-05:00,18.950819433046625,19.164207924111597,18.723809147098038,19.041622161865234,879000,0.0,0.0
2024-02-14 00:00:00-05:00,19.24139035870299,19.386676788330078,19.01438009591681,19.386676788330078,786000,0.0,0.0
2024-02-15 00:00:00-05:00,19.478602825147092,20.053125074268795,19.478602825147092,19.95660400390625,688300,0.26,0.0
2024-02-16 00:00:00-05:00,19.800334683162824,20.126662884178913,19.653255381421836,19.88306427001953,659800,0.0,0.0
2024-02-20 00:00:00-05:00,19.69002638281292,19.88306501488134,19.62568017212345,19.68083381652832,760200,0.0,0.0
2024-02-21 00:00:00-05:00,19.60729104448932,19.745176004058248,19.47859864933197,19.699214935302734,481500,0.0,0.0
2024-02-22 00:00:00-05:00,19.607292147119686,19.754369679371205,19.391271254555427,19.460214614868164,451000,0.0,0.0
2024-02-23 00:00:00-05:00,19.524563786468985,19.69002647375052,19.276369755546682,19.451025009155273,415700,0.0,0.0
2024-02-26 00:00:00-05:00,19.39586886710221,19.5889074752067,19.184445128710852,19.193635940551758,572700,0.0,0.0
2024-02-27 00:00:00-05:00,19.230408870046144,19.451025204199492,19.133889552598323,19.28556251525879,457700,0.0,0.0
2024-02-28 00:00:00-05:00,19.17525542044036,19.285562711990895,19.110909208152083,19.120100021362305,509600,0.0,0.0
2024-02-29 00:00:00-05:00,19.423445783107034,19.570525079473864,19.16606095939596,19.267175674438477,707700,0.0,0.0
2024-03-01 00:00:00-05:00,19.14767284807381,19.26717267572624,18.724825415901147,19.129287719726562,571600,0.0,0.0
2024-03-04 00:00:00-05:00,19.138481883419242,19.42344438340827,18.96842381525026,19.083328247070312,707200,0.0,0.0
2024-03-05 00:00:00-05:00,19.0373653405894,19.855486083879768,18.90959166906001,19.69002342224121,822800,0.0,0.0
2024-03-06 00:00:00-05:00,19.65325449967961,19.963957253290587,19.248792136271774,19.579715728759766,657400,0.0,0.0
2024-03-07 00:00:00-05:00,19.708407915314204,19.84629287779077,19.524560129810496,19.54754066467285,388400,0.0,0.0
2024-03-08 00:00:00-05:00,19.72679364115986,19.901448882863793,19.6256789250598,19.708410263061523,475800,0.0,0.0
2024-03-11 00:00:00-04:00,19.726793180807157,19.809524516878227,19.579715639636937,19.662446975708008,463400,0.0,0.0
2024-03-12 00:00:00-04:00,19.570523556483312,19.694618799228202,19.34990550575301,19.542945861816406,600400,0.0,0.0
2024-03-13 00:00:00-04:00,19.570523556483312,19.800332418800107,19.432636836451255,19.542945861816406,417000,0.0,0.0
2024-03-14 00:00:00-04:00,19.533756242853137,19.533756242853137,19.133889253041854,19.239601135253906,940900,0.0,0.0
2024-03-15 00:00:00-04:00,19.18444530604738,19.542946583442497,19.143079639170825,19.340715408325195,1642800,0.0,0.0
2024-03-18 00:00:00-04:00,19.322326537520077,19.51076970496787,19.13847877514565,19.257980346679688,691000,0.0,0.0
2024-03-19 00:00:00-04:00,19.267175584635876,19.51536959488841,19.267175584635876,19.34990692138672,531000,0.0,0.0
2024-03-20 00:00:00-04:00,19.33152414730033,19.997968514947345,19.290158477633035,19.90144920349121,473100,0.0,0.0
2024-03-21 00:00:00-04:00,19.984179398178924,20.25075853261083,19.929025759549152,19.993371963500977,633800,0.0,0.0
2024-03-22 00:00:00-04:00,20.103681805408176,20.103681805408176,19.51077446797627,19.56133270263672,379000,0.0,0.0
2024-03-25 00:00:00-04:00,19.634872834899184,19.818718901586468,19.538351765087903,19.598102569580078,389900,0.0,0.0
2024-03-26 00:00:00-04:00,19.726793625203705,19.786544425557203,19.405062592460155,19.56133270263672,415400,0.0,0.0
2024-03-27 00:00:00-04:00,19.644061565931807,19.993370251750715,19.644061565931807,19.974985122680664,1118800,0.0,0.0
2024-03-28 00:00:00-04:00,19.938220533303348,20.296721854059637,19.809526357842493,20.186412811279297,901800,0.0,0.0
2024-04-01 00:00:00-04:00,20.397837021128638,20.397837021128638,19.708410369589526,19.772756576538086,574500,0.0,0.0
2024-04-02 00:00:00-04:00,19.598098523371327,19.6164836522351,19.322328603624275,19.469406127929688,656300,0.0,0.0
2024-04-03 00:00:00-04:00,19.35909722277018,19.60729120399474,19.35909722277018,19.53375244140625,649800,0.0,0.0
2024-04-04 00:00:00-04:00,19.800332730996214,20.10368036390523,19.52915819905463,19.58890724182129,723500,0.0,0.0
2024-04-05 00:00:00-04:00,19.469407838271135,19.79573601440953,19.39586906965822,19.48779296875,471000,0.0,0.0
2024-04-08 00:00:00-04:00,19.690026592031217,19.98418170305309,19.648660919962342,19.95660400390625,478200,0.0,0.0
2024-04-09 00:00:00-04:00,19.965792049423513,20.34267841924455,19.965792049423513,20.324295043945312,525300,0.0,0.0
2024-04-10 00:00:00-04:00,19.855486454474743,19.855486454474743,19.441829792657607,19.506175994873047,770500,0.0,0.0
2024-04-11 00:00:00-04:00,19.6440614262244,19.6440614262244,19.276365860648063,19.386674880981445,371100,0.0,0.0
2024-04-12 00:00:00-04:00,19.18444674391702,19.349907670521958,19.12009878249532,19.294754028320312,389100,0.0,0.0
2024-04-15 00:00:00-04:00,19.423444809229977,19.616485170636995,19.000597332447267,19.193635940551758,392000,0.0,0.0
2024-04-16 00:00:00-04:00,19.110907731480165,19.110907731480165,18.793770347845843,18.871906280517578,478200,0.0,0.0
2024-04-17 00:00:00-04:00,19.12929004320345,19.16606030436413,18.830539561134447,18.8810977935791,501800,0.0,0.0
2024-04-18 00:00:00-04:00,18.954637619439346,19.120098543980223,18.67886590526591,18.871906280517578,883100,0.0,0.0
2024-04-19 00:00:00-04:00,18.90867399500608,19.340715803045896,18.90867399500608,19.303945541381836,866100,0.0,0.0
2024-04-22 00:00:00-04:00,19.267174149773652,20.06690976103982,19.147674312978808,19.919832229614258,1235900,0.0,0.0
2024-04-23 00:00:00-04:00,19.89225770160206,20.269144155038862,19.80493095132374,20.186412811279297,804100,0.0,0.0
2024-04-24 00:00:00-04:00,19.9566019591,20.46677794457453,19.763563344759678,20.41621971130371,764700,0.0,0.0
2024-04-25 00:00:00-04:00,20.351873288441187,20.407028680492466,19.90144810650443,20.287527084350586,728300,0.0,0.0
2024-04-26 00:00:00-04:00,20.315106883360297,20.751744139135432,20.094490552225047,20.122066497802734,641100,0.0,0.0
2024-04-29 00:00:00-04:00,20.259952041481345,20.259952041481345,19.67164010658884,19.772756576538086,872200,0.0,0.0
2024-04-30 00:00:00-04:00,19.71760018867919,20.034735773021264,19.36828975204215,19.386674880981445,748300,0.0,0.0
2024-05-01 00:00:00-04:00,19.460215813839667,20.177220142718348,19.414254739667772,19.809524536132812,749400,0.0,0.0
2024-05-02 00:00:00-04:00,19.919832033513117,20.04852443391795,19.70840830333304,19.938217163085938,441600,0.0,0.0
2024-05-03 00:00:00-04:00,20.158833374654993,20.287525774527424,19.974985586292274,20.02094841003418,446200,0.0,0.0
2024-05-06 00:00:00-04:00,20.085299189081837,20.3105109402031,19.993375273943368,20.25995445251465,591100,0.0,0.0
2024-05-07 00:00:00-04:00,20.324296064817194,20.443795900125256,20.168025970458984,20.168025970458984,398800,0.0,0.0
2024-05-08 00:00:00-04:00,20.03933165425191,20.51733449820495,19.99337058411515,20.33348846435547,555100,0.0,0.0
2024-05-09 00:00:00-04:00,20.407029341325398,20.443797850581017,20.186411272581207,20.315105438232422,441400,0.0,0.0
2024-05-10 00:00:00-04:00,20.22317858993886,20.384044081946975,20.12206213593241,20.324295043945312,278200,0.0,0.0
2024-05-13 00:00:00-04:00,20.425409744649397,20.494353100254227,20.287524786742107,20.324295043945312,355700,0.0,0.0
2024-05-14 00:00:00-04:00,20.388644635419713,20.590875823801365,20.333490993734294,20.572490692138672,323900,0.0,0.0
2024-05-15 00:00:00-04:00,20.793105903994334,20.84825953808966,20.094486776678,20.269140243530273,713600,0.0,0.0
2024-05-16 00:00:00-04:00,20.223181625603498,20.35187403852777,20.16343082533039,20.23237419128418,553700,0.0,0.0
2024-05-17 00:00:00-04:00,20.297492108437147,20.567257982712206,20.10214587473056,20.427722930908203,390600,0.26,0.0
2024-05-20 00:00:00-04:00,20.474229523539186,20.483531976028303,19.92539724651102,19.944002151489258,482600,0.0,0.0
2024-05-21 00:00:00-04:00,19.934701409332185,20.176559872015716,19.934701409332185,20.1114444732666,555800,0.0,0.0
2024-05-22 00:00:00-04:00,20.03702583088801,20.130046811568164,19.627726773701728,19.702144622802734,453200,0.0,0.0
2024-05-23 00:00:00-04:00,19.73935042408758,19.79516513528658,19.050984954318064,19.17191505432129,655800,0.0,0.0
2024-05-24 00:00:00-04:00,19.283544110443923,19.320753924050436,18.93005975248991,19.134708404541016,609700,0.0,0.0
2024-05-28 00:00:00-04:00,19.209124633713476,19.30214738560482,18.781222458979283,18.911453247070312,572300,0.0,0.0
2024-05-29 00:00:00-04:00,18.697502530347283,18.785873170552065,18.42773672194091,18.57657241821289,530100,0.0,0.0
2024-05-30 00:00:00-04:00,18.818434093386614,18.897504068604448,18.641692782686526,18.864946365356445,740600,0.0,0.0
2024-05-31 00:00:00-04:00,18.939360604916143,19.12540433443741,18.855640305640073,18.911453247070312,1592000,0.0,0.0
2024-06-03 00:00:00-04:00,19.162617043345332,19.162617043345332,18.650992717687778,18.669597625732422,529100,0.0,0.0
2024-06-04 00:00:00-04:00,18.446341527860163,18.602618475822815,18.399831038374547,18.4742488861084,516600,0.0,0.0
2024-06-05 00:00:00-04:00,18.604479044563845,18.66029198490435,18.4463409017146,18.650989532470703,429700,0.0,0.0
2024-06-06 00:00:00-04:00,18.69750530316709,18.77192316233917,18.51145976810604,18.660295486450195,437400,0.0,0.0
2024-06-07 00:00:00-04:00,18.585877542494362,18.669597855463756,18.474251641376313,18.557971954345703,335900,0.0,0.0
2024-06-10 00:00:00-04:00,18.38122845670505,18.502156809212767,18.12076506957701,18.409135818481445,579600,0.0,0.0
2024-06-11 00:00:00-04:00,18.297504976339145,18.39983017753392,18.130064383206367,18.390527725219727,448300,0.0,0.0
2024-06-12 00:00:00-04:00,19.129126661485692,19.144010941845846,18.660294008410606,18.80912971496582,541500,0.0,0.0
2024-06-13 00:00:00-04:00,18.71610722719741,18.790525074503382,18.334713763710184,18.530061721801758,463900,0.0,0.0
2024-06-14 00:00:00-04:00,18.38122886753597,18.43239147813871,18.176580199386713,18.288206100463867,372200,0.0,0.0
2024-06-17 00:00:00-04:00,18.27890292257814,18.66029465563703,18.26029801504804,18.632389068603516,586100,0.0,0.0
2024-06-18 00:00:00-04:00,18.604479044563845,18.888197633875265,18.595176592130198,18.650989532470703,475100,0.0,0.0
2024-06-20 00:00:00-04:00,18.5579728781273,18.8277369644757,18.520763059727905,18.744016647338867,481800,0.0,0.0
2024-06-21 00:00:00-04:00,18.79052454471404,18.79052454471404,18.5021538420551,18.650989532470703,1907000,0.0,0.0
2024-06-24 00:00:00-04:00,18.71610749948521,19.283542928100452,18.66959523532891,19.06028938293457,537100,0.0,0.0
2024-06-25 00:00:00-04:00,18.8835485354939,19.08819897318608,18.837038040161133,18.837038040161133,727700,0.0,0.0
2024-06-26 00:00:00-04:00,18.716108439737045,18.911454636222864,18.632388134311253,18.87424659729004,427400,0.0,0.0
2024-06-27 00:00:00-04:00,18.809129098714227,19.12540540834716,18.716108115861086,19.041685104370117,568600,0.0,0.0
2024-06-28 00:00:00-04:00,19.162617148946616,19.441683674107388,19.125407332652273,19.311452865600586,1976200,0.0,0.0
2024-07-01 00:00:00-04:00,19.246334702843882,19.516098735266826,19.13470704422172,19.22772979736328,783900,0.0,0.0
2024-07-02 00:00:00-04:00,19.181221320879445,19.48819519647869,19.181221320879445,19.3858699798584,499900,0.0,0.0
2024-07-03 00:00:00-04:00,19.488194328824207,19.497495007865034,19.06029034822276,19.088197708129883,637200,0.0,0.0
2024-07-05 00:00:00-04:00,19.088198539116146,19.162616394513297,18.864944972924697,19.116104125976562,1738100,0.0,0.0
2024-07-08 00:00:00-04:00,19.292845821932417,19.47889133428739,19.153312574796935,19.209125518798828,798200,0.0,0.0
2024-07-09 00:00:00-04:00,19.13470946851885,19.571915931398202,19.03238424967276,19.534706115722656,628500,0.0,0.0
2024-07-10 00:00:00-04:00,19.553310613007987,20.083538055419922,19.488195211204644,20.083538055419922,773900,0.0,0.0
2024-07-11 00:00:00-04:00,20.39051130263546,20.599812069309152,20.269582956480424,20.530044555664062,797100,0.0,0.0
2024-07-12 00:00:00-04:00,20.632369065481335,20.967250280737165,20.464928457853418,20.87422752380371,953700,0.0,0.0
2024-07-15 00:00:00-04:00,21.11608687630678,21.720732160586245,21.106784422793364,21.655616760253906,813900,0.0,0.0
2024-07-16 00:00:00-04:00,21.7765452470439,22.576538511711796,21.357943707563813,22.511423110961914,1115600,0.0,0.0
2024-07-17 00:00:00-04:00,22.269562688512764,23.041648524774022,22.176539935198825,22.995136260986328,1463600,0.0,0.0
2024-07-18 00:00:00-04:00,22.846304067561856,23.3021136769849,22.520725268184908,22.576539993286133,1159100,0.0,0.0
2024-07-19 00:00:00-04:00,22.446307408978324,22.96723419768613,22.446307408978324,22.576539993286133,859900,0.0,0.0
2024-07-22 00:00:00-04:00,22.45560953131585,23.018396468401924,22.167240552934533,23.013744354248047,733900,0.0,0.0
2024-07-23 00:00:00-04:00,22.70677006504435,23.40443813777024,22.688165157282192,23.134674072265625,680200,0.0,0.0
2024-07-24 00:00:00-04:00,23.069558170211653,23.302114207307582,22.557935598305306,22.61374855041504,802000,0.0,0.0
2024-07-25 00:00:00-04:00,22.771886708040473,23.59978740592484,22.60909819191078,23.367231369018555,1076300,0.0,0.0
2024-07-26 00:00:00-04:00,23.888154466635232,24.353266502903793,22.90211744653913,24.27884864807129,1146600,0.0,0.0
2024-07-29 00:00:00-04:00,23.73931753294752,23.990478445405223,23.236995708032108,23.450946807861328,907200,0.0,0.0
2024-07-30 00:00:00-04:00,23.6835031546549,23.794201106833793,23.34862370748943,23.497459411621094,814900,0.0,0.0
2024-07-31 00:00:00-04:00,23.488156633688224,23.6462947889251,23.16257787005212,23.292810440063477,833600,0.0,0.0
2024-08-01 00:00:00-04:00,23.283510109499165,23.385833555090077,22.306773729548496,22.427703857421875,953800,0.0,0.0
2024-08-02 00:00:00-04:00,21.79515158639128,21.95328975900181,21.45096787861717,21.823057174682617,625500,0.0,0.0
2024-08-05 00:00:00-04:00,20.967253014337583,21.63701375790762,20.52074407769581,21.385852813720703,643100,0.0,0.0
2024-08-06 00:00:00-04:00,21.376549929795157,21.76724413259154,21.19980862381853,21.45096778869629,465500,0.0,0.0
2024-08-07 00:00:00-04:00,21.711430755886486,21.88352171854394,21.28352674490645,21.30213165283203,338000,0.0,0.0
2024-08-08 00:00:00-04:00,21.646313655476984,21.69747626113068,21.455617799843274,21.618406295776367,400100,0.0,0.0
2024-08-09 00:00:00-04:00,21.683522549464083,21.7811974251383,21.488176346638866,21.70212745666504,411400,0.0,0.0
2024-08-12 00:00:00-04:00,21.888169806608353,22.17653872936643,21.320732639082575,21.357940673828125,411000,0.0,0.0
2024-08-13 00:00:00-04:00,21.599801075763086,21.654684307061196,21.190503784998004,21.627708435058594,325100,0.0,0.0
2024-08-14 00:00:00-04:00,21.776543377437623,21.802589535501404,21.339338742608827,21.488174438476562,444600,0.0,0.0
2024-08-15 00:00:00-04:00,21.813755328886327,22.195147058751985,21.683522751527637,21.748638153076172,469900,0.0,0.0
2024-08-16 00:00:00-04:00,21.646314510127436,22.2128202726032,21.646314510127436,21.916078567504883,547800,0.0,0.0
2024-08-19 00:00:00-04:00,21.925485159937796,22.20766751902872,21.90667443791329,22.198261260986328,520800,0.26,0.0
2024-08-20 00:00:00-04:00,22.123010937437453,22.123010937437453,21.69033207794639,21.709144592285156,433700,0.0,0.0
2024-08-21 00:00:00-04:00,21.8408302987642,21.8408302987642,21.64330426506508,21.822019577026367,327300,0.0,0.0
2024-08-22 00:00:00-04:00,21.822022016567615,22.12301512674475,21.812615757617024,22.085390090942383,308500,0.0,0.0
2024-08-23 00:00:00-04:00,22.198260709067608,23.15767747681413,22.104199925042614,22.819059371948242,530400,0.0,0.0
2024-08-26 00:00:00-04:00,22.997774111319107,23.110645614099116,22.65915601485869,22.696779251098633,377500,0.0,0.0
2024-08-27 00:00:00-04:00,22.612127528553977,22.640344508476126,22.348757686898875,22.49925422668457,369400,0.0,0.0
2024-08-28 00:00:00-04:00,22.41460092016988,22.870794590412178,22.362867395413286,22.630939483642578,309900,0.0,0.0
2024-08-29 00:00:00-04:00,22.762623732212024,22.92252652763063,22.452224399230055,22.91312026977539,351000,0.0,0.0
2024-08-30 00:00:00-04:00,22.89430730442343,23.016585066019555,22.565095462196663,22.88490104675293,700800,0.0,0.0
2024-09-03 00:00:00-04:00,22.593314004472916,22.94133656442629,22.565095231749595,22.649749755859375,536300,0.0,0.0
2024-09-04 00:00:00-04:00,22.621531991814436,22.875495575467838,22.320538912252008,22.546283721923828,399500,0.0,0.0
2024-09-05 00:00:00-04:00,22.71559473560046,22.734407253209675,22.104202265784465,22.15123176574707,436400,0.0,0.0
2024-09-06 00:00:00-04:00,22.235884044686554,22.348757344828318,21.63389789475779,21.72795867919922,463100,0.0,0.0
2024-09-09 00:00:00-04:00,21.727958791901766,21.98192237299286,21.48340146870963,21.869049072265625,528000,0.0,0.0
2024-09-10 00:00:00-04:00,21.963112799901896,21.963112799901896,21.31409527039785,21.76558494567871,673500,0.0,0.0
2024-09-11 00:00:00-04:00,21.624491292306292,21.624491292306292,20.956663142128903,21.351716995239258,519700,0.0,0.0
2024-09-12 00:00:00-04:00,21.370530302427213,21.539839373398184,21.12597295480919,21.31409454345703,390200,0.0,0.0
2024-09-13 00:00:00-04:00,21.4834011386903,21.916078231034216,21.4834011386903,21.887861251831055,447400,0.0,0.0
2024-09-16 00:00:00-04:00,22.010142150868553,22.19826374464386,21.5680587377752,22.066577911376953,532200,0.0,0.0
2024-09-17 00:00:00-04:00,22.30172684807522,22.68737625739526,22.099498576321235,22.226478576660156,409200,0.0,0.0
2024-09-18 00:00:00-04:00,22.395787297695726,22.969556479859687,21.93959544403152,22.198261260986328,592100,0.0,0.0
2024-09-19 00:00:00-04:00,22.612128196370197,22.837873012715782,22.249995326171966,22.762624740600586,477700,0.0,0.0
2024-09-20 00:00:00-04:00,22.696780489970013,22.696780489970013,22.23588460799721,22.386381149291992,2825600,0.0,0.0
2024-09-23 00:00:00-04:00,22.433413568061155,22.546285082679166,22.207668744764764,22.329946517944336,475900,0.0,0.0
2024-09-24 00:00:00-04:00,22.320538801748082,22.438114334998833,21.51632258488741,21.568056106567383,744100,0.0,0.0
2024-09-25 00:00:00-04:00,21.615085034606018,21.615085034606018,21.342310737538988,21.351716995239258,457700,0.0,0.0
2024-09-26 00:00:00-04:00,21.577461808199093,21.85305816211422,21.43637153074787,21.74677085876465,694200,0.0,0.0
2024-09-27 00:00:00-04:00,21.87845486966142,21.897267385063365,21.41755900667507,21.445775985717773,655300,0.0,0.0
2024-09-30 00:00:00-04:00,21.45518070443732,21.850234529239845,21.351715465268626,21.774986267089844,466300,0.0,0.0
2024-10-01 00:00:00-04:00,21.54924404718566,21.59627354385816,20.900226587555444,21.201221466064453,560400,0.0,0.0
2024-10-02 00:00:00-04:00,21.03191140004102,21.41755899527453,20.966069390229478,21.003692626953125,533300,0.0,0.0
2024-10-03 00:00:00-04:00,20.890820555519056,21.201221695534226,20.768542786410915,21.041318893432617,424000,0.0,0.0
2024-10-04 00:00:00-04:00,21.285875191305067,21.558651308061673,21.267064468197326,21.539838790893555,511500,0.0,0.0
2024-10-07 00:00:00-04:00,21.417561596619386,21.51632462333231,21.23884626680998,21.31409454345703,370000,0.0,0.0
2024-10-08 00:00:00-04:00,21.37052726386729,21.42696480887335,21.163594981025593,21.27646827697754,420600,0.0,0.0
2024-10-09 00:00:00-04:00,21.154190058503225,21.69033421147406,21.152309883320477,21.502214431762695,543700,0.0,0.0
2024-10-10 00:00:00-04:00,21.42696727600559,21.568057566645734,21.276470726781387,21.539838790893555,331000,0.0,0.0
2024-10-11 00:00:00-04:00,21.662118209511593,22.34875893488432,21.6338994339534,22.141826629638672,428400,0.0,0.0
2024-10-14 00:00:00-04:00,22.132419582936556,22.386381377674702,21.97251678192201,22.226478576660156,308400,0.0,0.0
2024-10-15 00:00:00-04:00,22.31113331384909,23.176489340203997,22.174747054056773,22.762624740600586,582600,0.0,0.0
2024-10-16 00:00:00-04:00,23.073025430701673,23.27995774255149,22.881141697714867,22.988370895385742,435900,0.0,0.0
2024-10-17 00:00:00-04:00,22.988369541437535,23.251737596632882,22.8002479642463,23.204708099365234,489400,0.0,0.0
2024-10-18 00:00:00-04:00,23.148269196893246,23.17648617379369,22.884899383441926,23.073020935058594,645200,0.0,0.0
2024-10-21 00:00:00-04:00,23.035397677495894,23.035397677495894,22.13241846608164,22.235883712768555,493400,0.0,0.0
2024-10-22 00:00:00-04:00,22.188854889782338,22.461629195379462,22.170042373793496,22.452224731445312,411100,0.0,0.0
2024-10-23 00:00:00-04:00,22.32053545281071,22.550984252792528,22.207663962498792,22.433408737182617,572900,0.0,0.0
2024-10-24 00:00:00-04:00,22.499255792357385,22.583910326135292,22.047766141582148,22.56509780883789,647400,0.0,0.0
2024-10-25 00:00:00-04:00,23.43985767974334,23.43985767974334,22.320538134328743,22.536876678466797,708500,0.0,0.0
2024-10-28 00:00:00-04:00,22.72500033579684,23.580950127544472,22.72500033579684,23.46807861328125,720200,0.0,0.0
2024-10-29 00:00:00-04:00,23.411638043509996,23.562134572496937,23.073021750319455,23.524511337280273,458100,0.0,0.0
2024-10-30 00:00:00-04:00,23.43985915860216,24.305215183811306,23.43985915860216,23.646791458129883,503300,0.0,0.0
2024-10-31 00:00:00-04:00,23.599761632428628,23.73144565810799,23.261143516041354,23.270549774169922,400500,0.0,0.0
2024-11-01 00:00:00-04:00,23.308175253256824,23.533920070486726,23.185895689302917,23.34579849243164,404800,0.0,0.0
2024-11-04 00:00:00-05:00,23.279957469860577,23.712634606131214,22.85668479823895,23.54332733154297,579900,0.0,0.0
2024-11-05 00:00:00-05:00,23.571544174489517,23.960013865999567,23.519810648923276,23.89134979248047,476800,0.0,0.0
2024-11-06 00:00:00-05:00,25.321071074333634,26.69435266726161,25.321071074333634,26.619104385375977,1147600,0.0,0.0
2024-11-07 00:00:00-05:00,26.242860053785584,26.37454587796755,25.057698400510063,25.396316528320312,922800,0.0,0.0
2024-11-08 00:00:00-05:00,25.54681317987109,25.725528502953395,25.29284958297418,25.53740692138672,738000,0.0,0.0
2024-11-11 00:00:00-05:00,25.885431393136205,26.430981828578943,25.68790355244364,26.026521682739258,583100,0.0,0.0
2024-11-12 00:00:00-05:00,25.847807039317555,26.289892230851347,25.64557696107559,25.894838333129883,463400,0.0,0.0
2024-11-13 00:00:00-05:00,25.988894061175987,26.449791712217344,25.725526025221143,25.76314926147461,640700,0.0,0.0
2024-11-14 00:00:00-05:00,25.79136791592278,25.960676963437358,25.471562335964176,25.622058868408203,608700,0.0,0.0
2024-11-15 00:00:00-05:00,25.603247138212993,25.866616975093816,25.31166032192153,25.584436416625977,633000,0.0,0.0
2024-11-18 00:00:00-05:00,25.555944442749023,25.907327606808334,25.460975873162063,25.555944442749023,488000,0.26,0.0
2024-11-19 00:00:00-05:00,25.242549712362695,25.679404412780848,25.2045633709295,25.498964309692383,461300,0.0,0.0
2024-11-20 00:00:00-05:00,25.40399637243346,25.665158589688176,25.24729795525571,25.631919860839844,496300,0.0,0.0
2024-11-21 00:00:00-05:00,25.679405715201657,26.08776751035046,25.655662212804994,25.916826248168945,592300,0.0,0.0
2024-11-22 00:00:00-05:00,25.907329972248245,26.63858385867211,25.73638689365891,26.496131896972656,1382100,0.0,0.0
2024-11-25 00:00:00-05:00,26.648077241656004,27.35084172614928,26.648077241656004,26.743045806884766,1177400,0.0,0.0
2024-11-26 00:00:00-05:00,26.61009105721741,26.705059622998736,26.26820494495453,26.287199020385742,900900,0.0,0.0
2024-11-27 00:00:00-05:00,26.534115627697897,26.62908419011783,25.983300139311883,26.211223602294922,729000,0.0,0.0
2024-11-29 00:00:00-05:00,26.344180069009496,26.344180069009496,25.755378207476266,26.220722198486328,411600,0.0,0.0
2024-12-02 00:00:00-05:00,26.18273393973056,26.306193621124063,25.793364442489086,26.02128791809082,641500,0.0,0.0
2024-12-03 00:00:00-05:00,25.907327900473813,25.98330239472961,25.53695065602384,25.698396682739258,588600,0.0,0.0
2024-12-04 00:00:00-05:00,25.68890015349904,25.8693402601971,25.536951161976948,25.736385345458984,557700,0.0,0.0
2024-12-05 00:00:00-05:00,25.85984148329869,26.234966323376455,25.84084740779165,25.983301162719727,688500,0.0,0.0
2024-12-06 00:00:00-05:00,26.18273563558857,26.201729712629323,25.71739161633948,25.926321029663086,505300,0.0,0.0
2024-12-09 00:00:00-05:00,25.973804888492054,26.24446413261212,25.812358864685805,26.011791229248047,662700,0.0,0.0
2024-12-10 00:00:00-05:00,26.163739162485268,26.372670368049942,25.755377411755997,26.040281295776367,806000,0.0,0.0
2024-12-11 00:00:00-05:00,26.268206753609828,26.524621355462006,26.02128919012716,26.087766647338867,810300,0.0,0.0
2024-12-12 00:00:00-05:00,26.09726368428523,26.249212675439377,25.878837235923,25.888334274291992,652400,0.0,0.0
2024-12-13 00:00:00-05:00,25.973805356525784,25.978552969940285,25.41349278212373,25.698396682739258,705200,0.0,0.0
2024-12-16 00:00:00-05:00,25.669907479479683,25.935817304723198,25.555944831964723,25.897830963134766,706000,0.0,0.0
2024-12-17 00:00:00-05:00,25.850346504638495,25.916825774208508,25.280538685037442,25.375505447387695,821500,0.0,0.0
2024-12-18 00:00:00-05:00,25.58443872184918,25.58443872184918,23.898753195815765,23.922494888305664,1141200,0.0,0.0
2024-12-19 00:00:00-05:00,24.28337103280062,24.539785634801117,23.72305844829946,23.931989669799805,991300,0.0,0.0
2024-12-20 00:00:00-05:00,23.87500681395613,24.539784991788363,23.794284706946044,24.197898864746094,3018000,0.0,0.0
2024-12-23 00:00:00-05:00,24.15991039127303,24.454311301700837,23.9937149557959,24.406827926635742,646600,0.0,0.0
2024-12-24 00:00:00-05:00,24.492300906163337,24.739216644822918,24.397332339015556,24.720224380493164,179800,0.0,0.0
2024-12-26 00:00:00-05:00,24.539786174409784,24.948149776640175,24.473308715697843,24.919658660888672,359000,0.0,0.0
2024-12-27 00:00:00-05:00,24.463810766127175,24.97663815093321,24.44481668966681,24.644250869750977,467100,0.0,0.0
2024-12-30 00:00:00-05:00,24.55878073190691,24.74871607317373,24.245385698010473,24.606264114379883,497200,0.0,0.0
2024-12-31 00:00:00-05:00,24.77720578222387,24.87692196657854,24.61575975506043,24.644250869750977,545000,0.0,0.0
2025-01-02 00:00:00-05:00,24.758210076340266,24.986133544739722,24.264374989120757,24.283369064331055,636700,0.0,0.0
2025-01-03 00:00:00-05:00,24.435321386907283,24.634755581155872,23.90349988786931,24.59676742553711,558100,0.0,0.0
2025-01-06 00:00:00-05:00,24.644248824653623,24.886416939615103,24.197897121749598,24.24538230895996,721900,0.0,0.0
2025-01-07 00:00:00-05:00,24.283371451449533,24.40683114107817,23.71356181874977,23.9699764251709,743500,0.0,0.0
2025-01-08 00:00:00-05:00,23.922493460570198,23.950982765307778,23.62809069486579,23.808530807495117,588900,0.0,0.0
2025-01-10 00:00:00-05:00,23.495133655628877,23.5616111091844,22.83985253517128,23.514127731323242,1850300,0.0,0.0
2025-01-13 00:00:00-05:00,23.2862029005862,23.846515421305927,23.219725450903294,23.75154685974121,1159900,0.0,0.0
2025-01-14 00:00:00-05:00,23.960480509606306,24.482806785467556,23.931991204029767,24.34035301208496,1062100,0.0,0.0
2025-01-15 00:00:00-05:00,24.938651521698837,25.19506611683131,24.435319369554517,24.701231002807617,771900,0.0,0.0
2025-01-16 00:00:00-05:00,24.59676586764888,24.69648205276996,24.387836459103543,24.587268829345703,455100,0.0,0.0
2025-01-17 00:00:00-05:00,24.767707475805903,24.881670117358,24.61575849465293,24.777204513549805,445400,0.0,0.0
2025-01-21 00:00:00-05:00,25.02412281419899,25.43248639260823,24.800946948934687,25.109594345092773,557900,0.0,0.0
2025-01-22 00:00:00-05:00,24.900662839671924,25.052611823620932,24.81519130977876,24.96714210510254,457700,0.0,0.0
2025-01-23 00:00:00-05:00,24.853180980609807,25.06211039346686,24.701231987372882,24.824689865112305,635400,0.0,0.0
2025-01-24 00:00:00-05:00,24.77720434379752,25.223554246454523,24.72497154225128,25.033618927001953,453700,0.0,0.0
2025-01-27 00:00:00-05:00,25.081102218925615,25.793363740049305,24.98138604069823,25.536949157714844,891900,0.0,0.0
2025-01-28 00:00:00-05:00,25.470473028173277,25.64141609193951,25.138083938780582,25.252046585083008,584500,0.0,0.0
2025-01-29 00:00:00-05:00,25.204564890528214,25.454329945937644,24.91965916141537,25.157079696655273,586700,0.0,0.0
2025-01-30 00:00:00-05:00,25.337518566619185,25.902578760652258,25.233052956602624,25.441984176635742,1221900,0.0,0.0
2025-01-31 00:00:00-05:00,26.410657171740354,26.505625738542182,25.38500063530504,26.2302188873291,2162500,0.0,0.0
2025-02-03 00:00:00-05:00,25.964308646311416,26.586351071208774,25.660410665449298,26.192232131958008,1264400,0.0,0.0
2025-02-04 00:00:00-05:00,26.163740544510304,26.429652178650134,26.135251241428232,26.306194305419922,1169700,0.0,0.0
2025-02-05 00:00:00-05:00,26.458144377124714,26.633835061703373,26.26820722904651,26.629087448120117,710800,0.0,0.0
2025-02-06 00:00:00-05:00,26.66707252239736,26.85700966144053,26.496129459533464,26.762041091918945,629100,0.0,0.0
2025-02-07 00:00:00-05:00,26.69556370854375,26.69556370854375,26.059276645823175,26.106760025024414,809700,0.0,0.0
2025-02-10 00:00:00-05:00,26.220723499908075,26.220723499908075,25.774371751257426,25.78386878967285,613800,0.0,0.0
2025-02-11 00:00:00-05:00,25.67940620008357,26.38217077357144,25.67940620008357,26.353679656982422,511000,0.0,0.0
2025-02-12 00:00:00-05:00,25.95481307371902,26.021290534364898,25.736386614061153,25.80286407470703,546800,0.0,0.0
2025-02-13 00:00:00-05:00,25.859841896451076,26.068773107617076,25.6794036103756,26.02128791809082,747300,0.0,0.0
2025-02-14 00:00:00-05:00,26.07881566600226,26.433563227420994,25.968554361226754,26.002113342285156,485900,0.26,0.0
2025-02-18 00:00:00-05:00,26.011698577046737,26.69243327516524,25.974306584212908,26.644495010375977,622900,0.0,0.0
2025-02-19 00:00:00-05:00,26.395215101155095,26.74037467125669,26.29933673162162,26.356863021850586,568700,0.0,0.0
2025-02-20 00:00:00-05:00,26.347272245649222,26.539028964655138,25.92541038980037,26.14592933654785,603200,0.0,0.0
2025-02-21 00:00:00-05:00,26.193869854703024,26.3233053768548,25.340556222066606,25.38849449157715,640300,0.0,0.0
2025-02-24 00:00:00-05:00,25.53231245102723,25.64736686402949,25.24467916161337,25.2734432220459,510600,0.0,0.0
2025-02-25 00:00:00-05:00,25.292615902653395,25.599427042512293,25.000189535231836,25.37890625,668700,0.0,0.0
2025-02-26 00:00:00-05:00,25.388494281677684,25.719274556240084,25.27344170431248,25.46519660949707,599300,0.0,0.0
2025-02-27 00:00:00-05:00,25.455609485351328,25.867885197655582,25.378907154833872,25.589839935302734,463900,0.0,0.0
2025-02-28 00:00:00-05:00,25.704891439597045,26.021288768314456,25.55148678499028,25.800769805908203,766000,0.0,0.0
2025-03-03 00:00:00-05:00,25.81994562259505,26.308923640716692,25.56107458440223,25.791181564331055,882900,0.0,0.0
2025-03-04 00:00:00-05:00,25.54189782104387,25.647364202959174,24.63585104179744,24.98580551147461,736300,0.0,0.0
2025-03-05 00:00:00-05:00,25.072096944635458,25.244677639368362,24.554356689164486,24.86116600036621,557500,0.0,0.0
2025-03-06 00:00:00-05:00,24.59270793142159,24.736524573261796,24.357807843119073,24.65023422241211,529800,0.0,0.0
2025-03-07 00:00:00-05:00,24.611883837596963,24.8995171197145,24.2379602050986,24.726938247680664,702100,0.0,0.0
2025-03-10 00:00:00-04:00,24.30507470023348,24.880343097564555,24.237960389144956,24.39136505126953,1522000,0.0,0.0
2025-03-11 00:00:00-04:00,24.52559125046895,24.822812525380705,23.633925597006037,23.681865692138672,856500,0.0,0.0
2025-03-12 00:00:00-04:00,23.77774241560299,23.96949914021578,23.336704509212296,23.51887321472168,948200,0.0,0.0
2025-03-13 00:00:00-04:00,23.557226824451952,23.825685911478317,23.106600834645338,23.154539108276367,757400,0.0,0.0
2025-03-14 00:00:00-04:00,23.288767057574166,23.701040921085017,23.23123894094014,23.64351463317871,827300,0.0,0.0
2025-03-17 00:00:00-04:00,23.557223034276998,23.87649693258002,23.226444610495566,23.585987091064453,856100,0.0,0.0
2025-03-18 00:00:00-04:00,23.499697527262835,23.557223814014225,23.17371218779215,23.451757431030273,735900,0.0,0.0
2025-03-19 00:00:00-04:00,23.528462057366106,23.844859383942357,23.3319104019581,23.64351463317871,973600,0.0,0.0
2025-03-20 00:00:00-04:00,23.442170841357015,23.777742365632687,23.18329981229208,23.26000213623047,2426900,0.0,0.0
2025-03-21 00:00:00-04:00,23.164124776267613,23.506409574564607,22.95798692887868,23.135360717773438,2379800,0.0,0.0
2025-03-24 00:00:00-04:00,23.461345755899824,24.07975928989811,23.245621720590027,23.979087829589844,1067300,0.0,0.0
2025-03-25 00:00:00-04:00,23.9407353080484,24.17084228251112,23.816094715987305,23.959911346435547,573200,0.0,0.0
2025-03-26 00:00:00-04:00,24.0462030047915,24.333836281409727,23.748981708455627,23.844860076904297,506600,0.0,0.0
2025-03-27 00:00:00-04:00,23.748981475830078,24.132493117140406,23.492028767588543,23.748981475830078,828600,0.0,0.0
2025-03-28 00:00:00-04:00,23.662690472287668,23.75856883714055,23.073999250542354,23.288766860961914,560500,0.0,0.0
2025-03-31 00:00:00-04:00,23.039483215896627,23.60516354151058,22.981955101316203,23.43258285522461,885100,0.0,0.0
2025-04-01 00:00:00-04:00,23.288769348489353,23.33670762167234,22.972370162061207,23.23124122619629,705000,0.0,0.0
2025-04-02 00:00:00-04:00,22.981954500726918,23.69145143679529,22.924428216377486,23.662689208984375,919900,0.0,0.0
2025-04-03 00:00:00-04:00,22.81896264051279,22.81896264051279,21.697189998235764,21.725954055786133,1768500,0.0,0.0
2025-04-04 00:00:00-04:00,20.949342471356285,21.179449442085012,20.371197541586486,20.767173767089844,1214000,0.0,0.0
2025-04-07 00:00:00-04:00,20.124791336921874,21.601313367489073,19.837158077612045,20.776762008666992,1298700,0.0,0.0
2025-04-08 00:00:00-04:00,21.169862490989527,21.447909570934645,20.028913770099518,20.383663177490234,1055300,0.0,0.0
2025-04-09 00:00:00-04:00,20.000152040853553,21.879360024669918,19.482409946091217,21.610902786254883,1765700,0.0,0.0
2025-04-10 00:00:00-04:00,21.112335495638717,21.15548066767763,19.693341571046474,20.26860809326172,1197200,0.0,0.0
2025-04-11 00:00:00-04:00,20.115203706623408,20.565831471308158,19.77004415452495,20.537067413330078,993400,0.0,0.0
2025-04-14 00:00:00-04:00,20.767173562190305,20.934959321880488,20.287783587386787,20.843875885009766,1055400,0.0,0.0
2025-04-15 00:00:00-04:00,20.88222904780174,21.4047642206871,20.85346498947428,21.236976623535156,811500,0.0,0.0
2025-04-16 00:00:00-04:00,21.10274824163395,21.44790963046096,21.035633933523755,21.332855224609375,1020000,0.0,0.0
2025-04-17 00:00:00-04:00,21.34244387009924,21.783481809888507,21.34244387009924,21.70677947998047,1089400,0.0,0.0
2025-04-21 00:00:00-04:00,21.495848510430967,21.76430757922966,21.16507005588884,21.534198760986328,853100,0.0,0.0
2025-04-22 00:00:00-04:00,21.50543704265796,22.358750711034144,21.50543704265796,22.329988479614258,1064300,0.0,0.0
2025-04-23 00:00:00-04:00,22.099879811456617,23.250416623274756,22.099879811456617,22.512155532836914,1349500,0.0,0.0
2025-04-24 00:00:00-04:00,22.358751135845353,22.679943413050054,21.850598864675696,22.090293884277344,1345900,0.0,0.0
2025-04-25 00:00:00-04:00,21.84100871002419,22.09508482077934,21.773892574963263,21.908123016357422,889600,0.0,0.0
2025-04-28 00:00:00-04:00,21.984827263070883,22.10946786733432,21.821834578278477,21.994415283203125,660100,0.0,0.0
2025-04-29 00:00:00-04:00,21.946475344140552,22.282048736328534,21.83142275916219,22.26287269592285,815800,0.0,0.0
2025-04-30 00:00:00-04:00,21.946471577530215,22.05193795293271,21.582136015991452,21.917709350585938,811900,0.0,0.0
2025-05-01 00:00:00-04:00,22.147818250940613,22.291634884449582,21.68280936815815,22.00400161743164,674300,0.0,0.0
2025-05-02 00:00:00-04:00,22.2916357351193,22.473804453170505,22.16699513564918,22.301223754882812,530500,0.0,0.0
2025-05-05 00:00:00-04:00,22.09029215904668,22.718291890970985,22.013588003185916,22.358749389648438,461800,0.0,0.0
2025-05-06 00:00:00-04:00,22.11905207319081,22.320396803791695,21.89853313435976,22.08070182800293,623300,0.0,0.0
2025-05-07 00:00:00-04:00,22.291635927946672,22.368338257990494,21.994414627617832,22.05194091796875,958700,0.0,0.0
2025-05-08 00:00:00-04:00,22.282048114898302,22.954153133931662,22.282048114898302,22.665559768676758,721200,0.0,0.0
2025-05-09 00:00:00-04:00,22.73267371344495,22.77102579256914,22.56009484356945,22.646385192871094,547600,0.0,0.0
2025-05-12 00:00:00-04:00,23.40381730371285,23.796916917943303,23.40381730371285,23.62433624267578,787700,0.0,0.0
2025-05-13 00:00:00-04:00,23.672278086754453,23.744185487618427,23.47093334113444,23.528461456298828,832000,0.0,0.0
2025-05-14 00:00:00-04:00,23.413406833311882,23.629132691319352,23.375054756898262,23.51887321472168,665200,0.0,0.0
2025-05-15 00:00:00-04:00,23.490110619215944,23.576400967788835,23.37505621154283,23.499698638916016,531900,0.0,0.0
2025-05-16 00:00:00-04:00,23.566814643794608,23.643516978186398,23.363553366219968,23.57640266418457,563300,0.0,0.0
2025-05-19 00:00:00-04:00,23.36321468873588,23.518258682540225,23.256621249894067,23.489187240600586,525700,0.26,0.0
2025-05-20 00:00:00-04:00,23.4601157728329,23.702372243919257,23.377749459833232,23.537639617919922,510700,0.0,0.0
2025-05-21 00:00:00-04:00,23.28569440784532,23.35352592909971,22.772109985351562,22.772109985351562,551800,0.0,0.0
2025-05-22 00:00:00-04:00,22.636444938044995,22.99982963967061,22.636444938044995,22.86901092529297,830100,0.0,0.0
2025-05-23 00:00:00-04:00,22.5201627416833,22.791490671680805,22.403880663306023,22.69458770751953,405600,0.0,0.0
2025-05-27 00:00:00-04:00,22.91746070931045,23.188788609449215,22.6848947298787,23.17909812927246,446700,0.0,0.0
2025-05-28 00:00:00-04:00,23.130649885893646,23.21786051965083,22.729471729259135,22.88839340209961,481700,0.0,0.0
2025-05-29 00:00:00-04:00,22.917460791191715,23.130647659301758,22.83993879777082,23.130647659301758,469900,0.0,0.0
2025-05-30 00:00:00-04:00,23.072505475097607,23.217858986119424,22.922307647958807,23.140336990356445,1086700,0.0,0.0
2025-06-02 00:00:00-04:00,23.05312763328896,23.072506747095453,22.626755708951404,22.762418746948242,589200,0.0,0.0
2025-06-03 00:00:00-04:00,22.70427643261618,23.246930402367287,22.636444917431064,23.18878936767578,725300,0.0,0.0
2025-06-04 00:00:00-04:00,23.130647587151493,23.256620132966212,22.796332489847234,22.85931968688965,532500,0.0,0.0
2025-06-05 00:00:00-04:00,22.84963072122593,22.96106847829029,22.69458672459115,22.87870216369629,696700,0.0,0.0
2025-06-06 00:00:00-04:00,22.97560262171954,23.445580762799537,22.97560262171954,23.387439727783203,519100,0.0,0.0
2025-06-09 00:00:00-04:00,23.49887819965229,23.634541234925457,23.29538364674254,23.421356201171875,564400,0.0,0.0
2025-06-10 00:00:00-04:00,23.47949770778117,23.77989707514012,23.372906112906637,23.62485122680664,571200,0.0,0.0
2025-06-11 00:00:00-04:00,23.721752946656324,23.804121107028486,23.32445248626635,23.411664962768555,850900,0.0,0.0
2025-06-12 00:00:00-04:00,23.372906036965386,23.431047074732614,23.053127556840238,23.401975631713867,817000,0.0,0.0
2025-06-13 00:00:00-04:00,23.16940942548054,23.49597105456696,22.655825026357064,22.68489646911621,1370500,0.0,0.0
2025-06-16 00:00:00-04:00,22.907771020485235,22.99982966120951,22.52016104137562,22.549232482910156,609600,0.0,0.0
2025-06-17 00:00:00-04:00,22.3748074419135,22.58799246751465,22.200382489935215,22.326356887817383,864100,0.0,0.0
2025-06-18 00:00:00-04:00,22.306977266334034,22.626755748072522,22.30213110167133,22.44264030456543,545700,0.0,0.0
2025-06-20 00:00:00-04:00,22.55892439120877,22.76241895001947,22.510471985584587,22.6170654296875,1023200,0.0,0.0
2025-06-23 00:00:00-04:00,22.558922379697492,23.31476135733596,22.491089017872135,23.305070877075195,646000,0.0,0.0
2025-06-24 00:00:00-04:00,23.460117020666793,23.93494135572953,23.460117020666793,23.702373504638672,2624700,0.0,0.0
2025-06-25 00:00:00-04:00,23.67330420247796,23.72175476056393,23.460117311050944,23.508569717407227,846300,0.0,0.0
2025-06-26 00:00:00-04:00,23.55701928374061,23.997925997533844,23.54732880287732,23.96401023864746,521000,0.0,0.0
2025-06-27 00:00:00-04:00,24.041534030114278,24.230493800363924,23.9252519476239,24.060914993286133,1572100,0.0,0.0
2025-06-30 00:00:00-04:00,24.138435277533688,24.312860237109643,24.089984721327145,24.186885833740234,859600,0.0,0.0
2025-07-01 00:00:00-04:00,24.09967502666336,25.272195482406538,24.05606878708703,24.9233455657959,1171400,0.0,0.0
2025-07-02 00:00:00-04:00,25.13653183153268,25.4175483754848,24.816753365231197,25.40785789489746,2777200,0.0,0.0
2025-07-03 00:00:00-04:00,25.475692183694473,25.77608969972474,25.30126722333166,25.59197425842285,1043600,0.0,0.0
2025-07-07 00:00:00-04:00,25.524143700420733,25.882682267304574,25.301268175247504,25.45631217956543,1255300,0.0,0.0
2025-07-08 00:00:00-04:00,25.00086747596496,25.74701786240874,24.337085252106124,25.61135482788086,1433500,0.0,0.0
2025-07-09 00:00:00-04:00,25.805159614030504,25.89237209529259,25.21405505558451,25.34971809387207,1399500,0.0,0.0
2025-07-10 00:00:00-04:00,25.252813148561383,25.558056809009265,25.068699567705952,25.39816665649414,1148600,0.0,0.0
2025-07-11 00:00:00-04:00,25.20436382465665,25.291576303324025,24.96210735019621,25.068700790405273,1006000,0.0,0.0
2025-07-14 00:00:00-04:00,25.068702099307533,25.25281569875596,24.962108653532947,25.233436584472656,1193900,0.0,0.0
2025-07-15 00:00:00-04:00,25.165601322042,25.194672763685055,24.264408810349448,24.274097442626953,1263500,0.0,0.0
2025-07-16 00:00:00-04:00,24.51635484337822,24.593876842436142,24.080294291778756,24.458213806152344,549400,0.0,0.0
2025-07-17 00:00:00-04:00,24.44852223985514,24.80706262474969,24.43883175936932,24.73923110961914,1201800,0.0,0.0
2025-07-18 00:00:00-04:00,24.86520442087298,24.947572583389803,24.632638426901718,24.74892234802246,618300,0.0,0.0
2025-07-21 00:00:00-04:00,24.865203374850076,25.04931880543334,24.66170883178711,24.66170883178711,532100,0.0,0.0
2025-07-22 00:00:00-04:00,24.66171026028109,24.952417295287013,24.56480729918903,24.729541778564453,981600,0.0,0.0
2025-07-23 00:00:00-04:00,24.7489207489872,24.860358498381515,24.574495802710842,24.777990341186523,676800,0.0,0.0
2025-07-24 00:00:00-04:00,24.70047113777925,25.029940107227944,24.4000736120832,24.41945457458496,1045000,0.0,0.0
2025-07-25 00:00:00-04:00,24.787682930429906,25.00086796720114,24.25471941436669,24.632638931274414,1353400,0.0,0.0
2025-07-28 00:00:00-04:00,24.807063070118247,24.807063070118247,24.27409772345084,24.351619720458984,1002100,0.0,0.0
2025-07-29 00:00:00-04:00,24.51635499467326,24.51635499467326,23.983391478894813,24.041532516479492,1023400,0.0,0.0
2025-07-30 00:00:00-04:00,24.012461004306783,24.186884103132257,23.712061662855444,23.770204544067383,1304800,0.0,0.0
2025-07-31 00:00:00-04:00,23.58609095936492,23.770206401045986,23.445581757864367,23.498878479003906,1235900,0.0,0.0
2025-08-01 00:00:00-04:00,23.159718146513896,23.368058858433088,22.75272720326131,22.994983673095703,1100700,0.0,0.0
2025-08-04 00:00:00-04:00,22.985292586081055,23.276001451174565,22.88839147932002,23.20816993713379,984300,0.0,0.0
2025-08-05 00:00:00-04:00,23.305070177720406,23.33414161763031,22.917460220272076,23.295381546020508,1204600,0.0,0.0
2025-08-06 00:00:00-04:00,23.28569319853947,23.36321519712855,23.082196797074232,23.101577758789062,825000,0.0,0.0
2025-08-07 00:00:00-04:00,23.24693304051378,23.24693304051378,22.839942054946093,22.927154541015625,1108900,0.0,0.0
2025-08-08 00:00:00-04:00,23.16940764909571,23.266310602593133,22.864163992473365,23.17909812927246,1192500,0.0,0.0
2025-08-11 00:00:00-04:00,23.21785828466391,23.36321363956444,23.053125665880863,23.130647659301758,734800,0.0,0.0
2025-08-12 00:00:00-04:00,23.246930743985846,23.8671067185293,23.246930743985846,23.8089656829834,737100,0.0,0.0
2025-08-13 00:00:00-04:00,23.964009903495437,24.298325019657387,23.818656389119475,24.254718780517578,917300,0.0,0.0
2025-08-14 00:00:00-04:00,23.944629991032315,24.371001920381623,23.85741935720229,24.293479919433594,963200,0.0,0.0
2025-08-15 00:00:00-04:00,24.371003069334435,24.371003069334435,23.712065106075897,23.74113655090332,1160100,0.0,0.0
2025-08-18 00:00:00-04:00,23.662780741621287,24.074137106669955,23.61381050191581,24.054548263549805,967700,0.26,0.0
2025-08-19 00:00:00-04:00,24.025166680937232,24.32878627456904,23.99578341648452,24.064342498779297,1023600,0.0,0.0
2025-08-20 00:00:00-04:00,24.03496035952159,24.191667362235936,23.966399411251093,24.103519439697266,740400,0.0,0.0
2025-08-21 00:00:00-04:00,23.94681243698292,24.162284098691437,23.86845893562575,24.103519439697266,742000,0.0,0.0
2025-08-22 00:00:00-04:00,24.260228293135306,25.112322451885834,24.260228293135306,24.98499870300293,1225300,0.0,0.0
2025-08-25 00:00:00-04:00,24.857673083812777,25.043763364251202,24.539362777586355,24.789113998413086,809900,0.0,0.0
2025-08-26 00:00:00-04:00,24.798908793098033,25.21026517977433,24.77442367195796,25.063352584838867,1001800,0.0,0.0
2025-08-27 00:00:00-04:00,25.053555879412137,25.58244341469161,24.98989307577409,25.474706649780273,1428600,0.0,0.0
2025-08-28 00:00:00-04:00,25.553062063118247,25.572650906948713,25.136809406243163,25.376766204833984,1566500,0.0,0.0
2025-08-29 00:00:00-04:00,25.376765459242097,25.685283202175025,25.298411954317295,25.415943145751953,1703600,0.0,0.0
2025-09-02 00:00:00-04:00,25.161293029785156,25.308205613581826,24.808701334197266,25.161293029785156,950000,0.0,0.0
2025-09-03 00:00:00-04:00,25.112322417407594,25.45511971206088,25.053557754011166,25.376766204833984,695600,0.0,0.0
2025-09-04 00:00:00-04:00,25.41594159096051,25.602029986213847,25.337588090828895,25.592235565185547,681600,0.0,0.0
2025-09-05 00:00:00-04:00,25.748944432345066,25.846884906433928,25.13190898425437,25.200468063354492,781800,0.0,0.0
2025-09-08 00:00:00-04:00,25.200469039813804,25.28861696438514,24.906643869972584,25.249441146850586,649900,0.0,0.0
2025-09-09 00:00:00-04:00,25.141705680682026,25.406149468082425,25.04376332963429,25.18088150024414,729600,0.0,0.0
2025-09-10 00:00:00-04:00,25.19067479296992,25.42083902740059,25.014380810700445,25.04376220703125,1022200,0.0,0.0
2025-09-11 00:00:00-04:00,25.092735253246687,25.22005900099869,24.8429821665211,25.190675735473633,1232000,0.0,0.0
2025-09-12 00:00:00-04:00,25.10252686778774,25.278822718152096,24.94581986037384,25.04376220703125,757200,0.0,0.0
2025-09-15 00:00:00-04:00,25.239648257163385,25.239648257163385,24.749938365645715,24.877262115478516,657000,0.0,0.0
2025-09-16 00:00:00-04:00,24.89684906643929,24.89684906643929,24.314095012357416,24.58343505859375,806400,0.0,0.0
2025-09-17 00:00:00-04:00,24.70096495559106,25.35717625041123,24.61281703030963,24.84787940979004,840100,0.0,0.0
2025-09-18 00:00:00-04:00,24.906644208648494,25.44532431671389,24.818496282878534,25.425735473632812,634300,0.0,0.0
2025-09-19 00:00:00-04:00,25.474707417179093,25.53347207794876,24.945819865967437,25.141704559326172,2070600,0.0,0.0
2025-09-22 00:00:00-04:00,25.024174520395583,25.180881535050585,24.622612561830277,24.789113998413086,730400,0.0,0.0
2025-09-23 00:00:00-04:00,24.90664424279295,25.25433780153172,24.51487672110878,24.54425811767578,857700,0.0,0.0
2025-09-24 00:00:00-04:00,24.583435994686212,24.7401430045761,24.524671333001233,24.63240623474121,650100,0.0,0.0
2025-09-25 00:00:00-04:00,24.38755092394111,24.593230038823847,24.309197420198846,24.554052352905273,646500,0.0,0.0
2025-09-26 00:00:00-04:00,24.671583548163927,24.87726079499845,24.485493276198252,24.651994705200195,828500,0.0,0.0
2025-09-29 00:00:00-04:00,24.681377011019034,24.681377011019034,24.216152283221657,24.40713882446289,1095900,0.0,0.0
2025-09-30 00:00:00-04:00,24.436523808143082,24.563847555236123,23.966400902650065,24.318992614746094,693400,0.0,0.0
2025-10-01 00:00:00-04:00,24.27002198975792,24.36306619315732,23.981093089828843,24.044754028320312,909600,0.0,0.0
2025-10-02 00:00:00-04:00,23.995783597487353,24.147594329495824,23.750928662819113,23.956605911254883,930900,0.0,0.0
2025-10-03 00:00:00-04:00,24.03496035952159,24.426727866307452,24.03496035952159,24.103519439697266,1017900,0.0,0.0
2025-10-06 00:00:00-04:00,24.328787223248927,24.710760335554454,24.103521124612072,24.3091983795166,1003400,0.0,0.0
2025-10-07 00:00:00-04:00,24.309196462716876,24.534462543591317,24.16228388249854,24.211254119873047,542700,0.0,0.0
2025-10-08 00:00:00-04:00,24.23084509545891,24.328787446926047,23.90763664328384,24.005578994750977,855300,0.0,0.0
2025-10-09 00:00:00-04:00,24.034960342280762,24.07413615888383,23.741133311331012,23.907634735107422,845700,0.0,0.0
2025-10-10 00:00:00-04:00,23.98598862486266,24.225947277286355,22.99677448735831,23.006568908691406,954500,0.0,0.0
2025-10-13 00:00:00-04:00,23.359161165478138,23.69216402642393,23.173070891868452,23.66278076171875,840700,0.0,0.0
2025-10-14 00:00:00-04:00,23.59422243116794,24.343477958139527,23.481589381682305,24.11331558227539,840500,0.0,0.0
2025-10-15 00:00:00-04:00,24.172080276038773,24.172080276038773,23.442411723810704,23.525663375854492,1030500,0.0,0.0
2025-10-16 00:00:00-04:00,23.45710337163905,23.45710337163905,22.178960320140803,22.301387786865234,1892000,0.0,0.0
2025-10-17 00:00:00-04:00,22.653976450784224,22.859655555668514,22.36994571406138,22.75191879272461,1185000,0.0,0.0
2025-10-20 00:00:00-04:00,22.820479014473747,23.19265955886656,22.81852125103188,23.084922790527344,1015900,0.0,0.0
2025-10-21 00:00:00-04:00,23.075126857304557,23.417924114757547,23.016362200285258,23.26121711730957,842300,0.0,0.0
2025-10-22 00:00:00-04:00,23.310188317075838,23.388541819038814,23.04574641551007,23.11430549621582,1347800,0.0,0.0
2025-10-23 00:00:00-04:00,23.03595255656736,23.310188886084543,22.869451127319834,23.182865142822266,1598100,0.0,0.0
2025-10-24 00:00:00-04:00,23.868459501117464,24.32878609898506,23.212248211168625,24.270021438598633,2011300,0.0,0.0
2025-10-27 00:00:00-04:00,24.49528694152832,24.740141866731808,24.176974791525854,24.49528694152832,1643600,0.0,0.0
2025-10-28 00:00:00-04:00,24.524671741128916,24.57364198199885,24.162285607168574,24.514877319335938,1297200,0.0,0.0
2025-10-29 00:00:00-04:00,24.36796227622132,24.583435814310103,23.883150551711353,23.956605911254883,1176800,0.0,0.0
2025-10-30 00:00:00-04:00,23.94681297924196,24.27981583457427,23.839076211900665,23.878252029418945,1206900,0.0,0.0
2025-10-31 00:00:00-04:00,23.760723680787766,24.034961887013925,23.525663161777466,24.02516746520996,1288700,0.0,0.0
2025-11-03 00:00:00-05:00,24.01537300666735,24.191668862679116,23.638296174218837,24.12310791015625,1261700,0.0,0.0
2025-11-04 00:00:00-05:00,23.976194001788553,24.054547503699176,23.682368836647427,23.89784049987793,1063400,0.0,0.0
2025-11-05 00:00:00-05:00,23.94681337203699,24.539361865943842,23.92232638407968,24.25043296813965,1145000,0.0,0.0
2025-11-06 00:00:00-05:00,24.211254319136817,24.34837434748463,23.839075654980928,23.907634735107422,1348000,0.0,0.0
2025-11-07 00:00:00-05:00,23.79010768435362,24.289610135189616,23.697061608376423,24.279817581176758,956900,0.0,0.0
2025-11-10 00:00:00-05:00,24.299403771164105,24.50018474764213,24.11331536142004,24.318992614746094,1033600,0.0,0.0
2025-11-11 00:00:00-05:00,24.51487614923637,24.563846387768947,24.338580301567323,24.377756118774414,820000,0.0,0.0
2025-11-12 00:00:00-05:00,24.44631541975791,24.70096477222558,24.240638174357986,24.270021438598633,1200900,0.0,0.0
2025-11-13 00:00:00-05:00,24.162285032615735,24.42672881045307,23.961504060871437,24.054548263549805,920600,0.0,0.0
2025-11-14 00:00:00-05:00,23.927224732243538,23.995783815678863,23.61381071191353,23.75092887878418,3211100,0.0,0.0
2025-11-17 00:00:00-05:00,23.760827771388236,23.993486480918843,23.097504587236678,23.156906127929688,1873700,0.26,0.0
2025-11-18 00:00:00-05:00,23.107405995154373,23.661824801152775,23.08265550966481,23.45391845703125,1626800,0.0,0.0
2025-11-19 00:00:00-05:00,23.45391828693498,23.919233831123517,23.45391828693498,23.849931716918945,1179700,0.0,0.0
2025-11-20 00:00:00-05:00,24.087539295017546,24.295447521830127,23.68162530132831,23.840030670166016,1345200,0.0,0.0
2025-11-21 00:00:00-05:00,23.92913372833494,24.651858453724135,23.904383243722613,24.354848861694336,2555200,0.0,0.0
2025-11-24 00:00:00-05:00,24.35484978452609,24.503354586167994,24.18159260899302,24.41425132751465,1346300,0.0,0.0
2025-11-25 00:00:00-05:00,24.56275538372529,25.28548200290699,24.56275538372529,25.077573776245117,2428900,0.0,0.0
2025-11-26 00:00:00-05:00,25.107275556265225,25.270630267036108,24.889466757449448,24.91916847229004,1704700,0.0,0.0
2025-11-28 00:00:00-05:00,24.938969234058288,25.04589276217162,24.641957755218208,24.671659469604492,856000,0.0,0.0
2025-12-01 00:00:00-05:00,24.542956122355434,25.22607856666309,24.493453264429622,25.117176055908203,1705600,0.0,0.0
2025-12-02 00:00:00-05:00,25.14687699339934,25.156777565421944,24.701362582428352,24.740962982177734,1963900,0.0,0.0
2025-12-03 00:00:00-05:00,24.691461401022572,25.186478659889595,24.681560829244315,25.04787254333496,1226300,0.0,0.0
2025-12-04 00:00:00-05:00,25.018172235059275,25.226078573380196,24.91916840752224,25.077573776245117,1086500,0.0,0.0
2025-12-05 00:00:00-05:00,24.958768837865083,25.132026008364576,24.889466725001665,24.998371124267578,1035600,0.0,0.0
2025-12-08 00:00:00-05:00,25.057773033143125,25.40923672092814,25.047872461397255,25.28548240661621,1340700,0.0,0.0
2025-12-09 00:00:00-05:00,25.156777484570075,25.49338937889264,24.75086347465305,24.9389705657959,1272000,0.0,0.0
2025-12-10 00:00:00-05:00,24.958768983250437,25.96860463230499,24.958768983250437,25.8002986907959,1399500,0.0,0.0
2025-12-11 00:00:00-05:00,25.721096916800605,26.22601475920989,25.721096916800605,25.899303436279297,1202100,0.0,0.0
2025-12-12 00:00:00-05:00,26.04780686293341,26.04780686293341,25.617142389184036,25.750797271728516,1004100,0.0,0.0
2025-12-15 00:00:00-05:00,25.948803488988403,26.08740960386357,25.755747062504053,25.8002986907959,1193900,0.0,0.0
2025-12-16 00:00:00-05:00,25.91910324217304,26.008206497312255,25.646844135176956,25.671594619750977,1005000,0.0,0.0
2025-12-17 00:00:00-05:00,25.740897051471002,26.186413332698226,25.676544280106857,26.037906646728516,1094900,0.0,0.0
2025-12-18 00:00:00-05:00,26.127009445114474,26.25571498558728,25.909202538298626,26.02800750732422,1185000,0.0,0.0
2025-12-19 00:00:00-05:00,26.018107417675154,26.196312042002123,25.81019919011559,25.998306274414062,3107900,0.0,0.0
2025-12-22 00:00:00-05:00,25.968604468997665,26.230964895440184,25.899302356166377,26.196311950683594,1029500,0.0,0.0
2025-12-23 00:00:00-05:00,26.19631299875536,26.290367488510174,25.968605507959225,26.018108367919922,1215000,0.0,0.0
2025-12-24 00:00:00-05:00,26.057707339467015,26.156711165621527,25.87950083005708,25.988405227661133,433300,0.0,0.0
2025-12-26 00:00:00-05:00,25.998306347279875,26.06760846054698,25.716146664211834,25.8002986907959,572800,0.0,0.0
2025-12-29 00:00:00-05:00,25.750798333859244,25.877523010424834,25.483488557744685,25.493389129638672,773600,0.0,0.0
2025-12-30 00:00:00-05:00,25.493388721753547,25.493388721753547,25.305281635459504,25.325082778930664,723400,0.0,0.0
2025-12-31 00:00:00-05:00,25.325082888103246,25.45378654453864,25.037973859897686,25.04787254333496,881500,0.0,0.0
2026-01-02 00:00:00-05:00,25.08747515807588,25.532991452210776,24.73106212276796,25.414186477661133,1161500,0.0,0.0
2026-01-05 00:00:00-05:00,25.305282291214073,26.176513743112107,25.305282291214073,26.018108367919922,1298700,0.0,0.0
2026-01-06 00:00:00-05:00,26.028008363122293,26.414121220554215,25.884452904929045,26.24581527709961,1614600,0.0,0.0
2026-01-07 00:00:00-05:00,26.13691142774745,26.334919090700645,25.84980239364044,26.057708740234375,1027700,0.0,0.0
2026-01-08 00:00:00-05:00,25.968605588045882,27.095265380456226,25.899303472228205,26.89923858642578,2228900,0.0,0.0
2026-01-09 00:00:00-05:00,26.958639278337607,27.18634676264051,26.582426995069365,26.641828536987305,2181600,0.0,0.0
2026-01-12 00:00:00-05:00,26.41412080804393,26.5279745491409,25.957714464655567,26.0775089263916,1316500,0.0,0.0
2026-01-13 00:00:00-05:00,26.196313070919743,26.196313070919743,25.770599804131155,25.859703063964844,947900,0.0,0.0
2026-01-14 00:00:00-05:00,25.780499260507014,26.295315764850756,25.63199257498343,26.275516510009766,874000,0.0,0.0
2026-01-15 00:00:00-05:00,26.265617198165813,26.74083332727886,26.161662135645237,26.622028350830078,729100,0.0,0.0
2026-01-16 00:00:00-05:00,26.53292421066553,26.64182861143689,26.33986778263701,26.44382095336914,711400,0.0,0.0
2026-01-20 00:00:00-05:00,26.107212002014535,26.55272641800554,26.060679501818075,26.226015090942383,834200,0.0,0.0
2026-01-21 00:00:00-05:00,26.47352205254612,27.49325825768623,26.369568884232965,27.428905487060547,1549000,0.0,0.0
2026-01-22 00:00:00-05:00,27.414056673211576,28.067479312153477,27.3398033281014,27.65166473388672,1580100,0.0,0.0
2026-01-23 00:00:00-05:00,27.542760698000478,27.542760698000478,26.59232844264538,26.820035934448242,1547500,0.0,0.0
2026-01-26 00:00:00-05:00,26.84973700457036,27.384354663259824,25.839901341295725,27.206148147583008,2635600,0.0,0.0
2026-01-27 00:00:00-05:00,27.255650696755392,27.542759722261472,26.53292407046568,26.800233840942383,3139700,0.0,0.0
2026-01-28 00:00:00-05:00,26.800234826425037,27.09724632287879,26.69133042222456,26.740833282470703,1520600,0.0,0.0
2026-01-29 00:00:00-05:00,26.899238409713302,27.334854134144003,26.676480261519135,27.295251846313477,2221300,0.0,0.0
2026-01-30 00:00:00-05:00,27.245750338653153,27.828879475255476,26.112160364417825,26.285415649414062,2527500,0.0,0.0
2026-02-02 00:00:00-05:00,26.22601369805679,26.389370297082888,25.75079759090242,26.117109298706055,1833600,0.0,0.0
2026-02-03 00:00:00-05:00,26.117109252895215,26.790333014353507,25.968604455712576,26.275516510009766,1964300,0.0,0.0
2026-02-04 00:00:00-05:00,26.354719904517534,27.117045054153305,26.354719904517534,26.8497371673584,1925400,0.0,0.0
2026-02-05 00:00:00-05:00,26.849736841242123,27.156647011740255,26.275516898854825,26.44382095336914,2254700,0.0,0.0
2026-02-06 00:00:00-05:00,26.71113051840004,27.008142003201524,26.53292400518734,26.95863914489746,1551800,0.0,0.0
2026-02-09 00:00:00-05:00,26.948739074685015,27.20614827763299,26.315117583330615,26.928939819335938,1359200,0.0,0.0
2026-02-10 00:00:00-05:00,26.810135370902294,27.077445150933453,26.295316954918075,26.780433654785156,973200,0.0,0.0
2026-02-11 00:00:00-05:00,26.83983577388246,27.146745938713213,26.28541509686704,26.513124465942383,794600,0.0,0.0
2026-02-12 00:00:00-05:00,26.671529615546067,26.820034410967025,25.612193016311373,25.829999923706055,1433000,0.0,0.0
2026-02-13 00:00:00-05:00,25.829999923706055,26.329999923706055,25.575000762939453,26.299999237060547,1126700,0.26,0.0
2026-02-17 00:00:00-05:00,26.399999618530273,26.709999084472656,26.190000534057617,26.399999618530273,888400,0.0,0.0
2026-02-18 00:00:00-05:00,26.399999618530273,26.799999237060547,26.139999389648438,26.450000762939453,1125700,0.0,0.0
2026-02-19 00:00:00-05:00,26.219999313354492,26.395000457763672,25.8799991607666,26.229999542236328,1465700,0.0,0.0
2026-02-20 00:00:00-05:00,25.989999771118164,26.520000457763672,25.90999984741211,26.389999389648438,1281500,0.0,0.0
2026-02-23 00:00:00-05:00,26.329999923706055,26.489999771118164,24.860000610351562,25.040000915527344,1236600,0.0,0.0
2026-02-24 00:00:00-05:00,25.040000915527344,25.2549991607666,24.739999771118164,25.06999969482422,1022800,0.0,0.0
2026-02-25 00:00:00-05:00,25.209999084472656,25.670000076293945,25.06999969482422,25.579999923706055,859900,0.0,0.0
2026-02-26 00:00:00-05:00,25.6200008392334,26.170000076293945,25.53700065612793,25.889999389648438,1481500,0.0,0.0
2026-02-27 00:00:00-05:00,25.399999618530273,25.649999618530273,24.399999618530273,24.760000228881836,2102800,0.0,0.0
2026-03-02 00:00:00-05:00,24.3799991607666,25.350000381469727,24.190000534057617,25.1299991607666,1577700,0.0,0.0
2026-03-03 00:00:00-05:00,24.440000534057617,25.239999771118164,24.360000610351562,25.010000228881836,1243000,0.0,0.0
2026-03-04 00:00:00-05:00,25.059999465942383,25.350000381469727,24.975000381469727,25.149999618530273,1234300,0.0,0.0
2026-03-05 00:00:00-05:00,24.8799991607666,25.170000076293945,24.690000534057617,24.950000762939453,1376600,0.0,0.0
2026-03-06 00:00:00-05:00,24.209999084472656,24.530000686645508,23.8799991607666,24.479999542236328,1178700,0.0,0.0
2026-03-09 00:00:00-04:00,24.09000015258789,24.549999237060547,23.479999542236328,24.40999984741211,1561100,0.0,0.0
2026-03-10 00:00:00-04:00,24.3799991607666,24.81999969482422,23.959999084472656,24.170000076293945,1906200,0.0,0.0
2026-03-11 00:00:00-04:00,24.06999969482422,24.329999923706055,23.829999923706055,24.020000457763672,1148300,0.0,0.0
2026-03-12 00:00:00-04:00,23.56999969482422,23.989999771118164,23.524999618530273,23.8799991607666,1477800,0.0,0.0
2026-03-13 00:00:00-04:00,24.06999969482422,24.290000915527344,23.809999465942383,23.950000762939453,1318600,0.0,0.0
2026-03-16 00:00:00-04:00,24.170000076293945,24.229999542236328,23.780000686645508,23.81999969482422,1416400,0.0,0.0
2026-03-17 00:00:00-04:00,24.110000610351562,24.190000534057617,23.690000534057617,23.969999313354492,936700,0.0,0.0
2026-03-18 00:00:00-04:00,23.8799991607666,23.969999313354492,23.565000534057617,23.600000381469727,1506900,0.0,0.0
2026-03-19 00:00:00-04:00,23.559999465942383,23.920000076293945,23.260000228881836,23.690000534057617,1410000,0.0,0.0
2026-03-20 00:00:00-04:00,23.690000534057617,23.850000381469727,23.53499984741211,23.799999237060547,3236100,0.0,0.0
2026-03-23 00:00:00-04:00,24.31999969482422,24.770000457763672,24.110000610351562,24.229999542236328,2779100,0.0,0.0
2026-03-24 00:00:00-04:00,24.149999618530273,24.844999313354492,23.829999923706055,24.530000686645508,1774800,0.0,0.0
2026-03-25 00:00:00-04:00,24.690000534057617,24.8799991607666,24.350000381469727,24.440000534057617,1243000,0.0,0.0
2026-03-26 00:00:00-04:00,24.329999923706055,24.6200008392334,24.15999984741211,24.59000015258789,1441100,0.0,0.0
2026-03-27 00:00:00-04:00,24.469999313354492,24.670000076293945,24.100000381469727,24.170000076293945,1522500,0.0,0.0
2026-03-30 00:00:00-04:00,24.360000610351562,24.43000030517578,24.014999389648438,24.1299991607666,1266300,0.0,0.0
2026-03-31 00:00:00-04:00,24.5,24.8700008392334,24.31999969482422,24.639999389648438,1851700,0.0,0.0
2026-04-01 00:00:00-04:00,24.639999389648438,25.09000015258789,24.59000015258789,24.979999542236328,1263100,0.0,0.0
2026-04-02 00:00:00-04:00,24.579999923706055,25.155000686645508,24.5,25.049999237060547,1321500,0.0,0.0
2026-04-06 00:00:00-04:00,25.030000686645508,25.55500030517578,24.969999313354492,25.510000228881836,1207300,0.0,0.0
2026-04-07 00:00:00-04:00,25.469999313354492,25.80500030517578,25.40999984741211,25.68000030517578,1675600,0.0,0.0
2026-04-08 00:00:00-04:00,26.170000076293945,26.524999618530273,26.170000076293945,26.389999389648438,1860500,0.0,0.0
2026-04-09 00:00:00-04:00,26.290000915527344,26.8799991607666,26.059999465942383,26.729999542236328,1566400,0.0,0.0
2026-04-10 00:00:00-04:00,26.65999984741211,26.84000015258789,26.174999237060547,26.270000457763672,2229500,0.0,0.0
2026-04-13 00:00:00-04:00,26.18000030517578,26.575000762939453,25.985000610351562,26.559999465942383,1534000,0.0,0.0
2026-04-14 00:00:00-04:00,26.469999313354492,26.594999313354492,26.25,26.459999084472656,1049800,0.0,0.0
2026-04-15 00:00:00-04:00,26.510000228881836,26.579999923706055,26.229999542236328,26.43000030517578,1379600,0.0,0.0
2026-04-16 00:00:00-04:00,26.360000610351562,26.520000457763672,26.174999237060547,26.229999542236328,1025600,0.0,0.0
2026-04-17 00:00:00-04:00,26.489999771118164,27.334999084472656,26.440000534057617,26.81999969482422,1828600,0.0,0.0
2026-04-20 00:00:00-04:00,26.75,27.440000534057617,26.75,27.149999618530273,1929800,0.0,0.0
2026-04-21 00:00:00-04:00,27.139999389648438,27.475000381469727,26.78499984741211,26.8700008392334,2300000,0.0,0.0
2026-04-22 00:00:00-04:00,26.950000762939453,27.020000457763672,26.639999389648438,26.780000686645508,2187600,0.0,0.0
2026-04-23 00:00:00-04:00,26.850000381469727,27.05500030517578,26.639999389648438,26.959999084472656,2705400,0.0,0.0
2026-04-24 00:00:00-04:00,26.579999923706055,27.559999465942383,26.209999084472656,26.40999984741211,3113200,0.0,0.0
2026-04-27 00:00:00-04:00,26.59000015258789,27.344999313354492,26.489999771118164,27.280000686645508,2418100,0.0,0.0
2026-04-28 00:00:00-04:00,27.579999923706055,27.780000686645508,26.950000762939453,27.15999984741211,2119400,0.0,0.0
2026-04-29 00:00:00-04:00,27.020000457763672,27.260000228881836,26.78499984741211,26.93000030517578,1121144,0.0,0.0
