Date,Open,High,Low,Close,Volume,Dividends,Stock Splits
2022-01-03 00:00:00-05:00,13.873398780822754,14.174830436706543,13.873398780822754,14.001506805419922,3352666,0.0,0.0
2022-01-04 00:00:00-05:00,14.189902305603027,14.31047534942627,14.046722412109375,14.069329261779785,5167603,0.0,0.0
2022-01-05 00:00:00-05:00,14.137150764465332,14.227581024169922,13.579503059387207,13.587038040161133,5441496,0.0,0.0
2022-01-06 00:00:00-05:00,13.564431190490723,13.692540168762207,13.36096477508545,13.428787231445312,6128882,0.0,0.0
2022-01-07 00:00:00-05:00,13.489072799682617,13.715147018432617,13.074604034423828,13.157498359680176,4751456,0.0,0.0
2022-01-10 00:00:00-05:00,13.08213996887207,13.511679649353027,12.840994834899902,13.489072799682617,5142125,0.0,0.0
2022-01-11 00:00:00-05:00,13.49660873413086,13.83572006225586,13.481536865234375,13.790505409240723,2754056,0.0,0.0
2022-01-12 00:00:00-05:00,13.903541564941406,13.978899955749512,13.602109909057617,13.78296947479248,2211047,0.0,0.0
2022-01-13 00:00:00-05:00,13.91861343383789,13.963828086853027,13.55689525604248,13.594573974609375,5207944,0.0,0.0
2022-01-14 00:00:00-05:00,13.451394081115723,13.828184127807617,13.338356971740723,13.767897605895996,3890897,0.0,0.0
2022-01-18 00:00:00-05:00,13.602109909057617,13.790505409240723,13.240391731262207,13.338356971740723,5720432,0.0,0.0
2022-01-19 00:00:00-05:00,13.255462646484375,13.53428840637207,12.72042179107666,12.773173332214355,7520640,0.0,0.0
2022-01-20 00:00:00-05:00,12.780708312988281,13.262998580932617,12.509420394897461,12.539563179016113,6323553,0.0,0.0
2022-01-21 00:00:00-05:00,12.58477783203125,12.645064353942871,12.177845001220703,12.366239547729492,6634337,0.0,0.0
2022-01-24 00:00:00-05:00,12.042200088500977,12.35870361328125,11.650339126586914,12.343631744384766,5664034,0.0,0.0
2022-01-25 00:00:00-05:00,12.117557525634766,12.132630348205566,11.816126823425293,12.019593238830566,10068613,0.0,0.0
2022-01-26 00:00:00-05:00,12.313488960266113,12.411454200744629,11.725696563720703,11.876413345336914,13637712,0.0,0.0
2022-01-27 00:00:00-05:00,12.524491310119629,12.562170028686523,11.733233451843262,11.823661804199219,17156916,0.0,0.0
2022-01-28 00:00:00-05:00,11.801054954528809,12.155237197875977,11.703089714050293,12.132630348205566,7827044,0.0,0.0
2022-01-31 00:00:00-05:00,12.102486610412598,12.290882110595703,12.042200088500977,12.192915916442871,9129627,0.0,0.0
2022-02-01 00:00:00-05:00,12.275810241699219,12.479276657104492,12.064807891845703,12.343631744384766,7407712,0.0,0.0
2022-02-02 00:00:00-05:00,12.388847351074219,12.667671203613281,12.275810241699219,12.622456550598145,7644980,0.0,0.0
2022-02-03 00:00:00-05:00,13.255462646484375,13.677468299865723,12.637528419494629,13.157498359680176,20232371,0.0,0.0
2022-02-04 00:00:00-05:00,13.142427444458008,13.293142318725586,12.825922966003418,12.96910285949707,10188175,0.0,0.0
2022-02-07 00:00:00-05:00,13.006781578063965,13.17257022857666,12.803316116333008,12.83345890045166,6432234,0.0,0.0
2022-02-08 00:00:00-05:00,12.825922966003418,13.104747772216797,12.773173332214355,12.961566925048828,16871080,0.0,0.0
2022-02-09 00:00:00-05:00,13.074604034423828,13.38357162475586,13.051997184753418,13.345892906188965,3967067,0.0,0.0
2022-02-10 00:00:00-05:00,13.149962425231934,13.564431190490723,13.104747772216797,13.187641143798828,6319439,0.0,0.0
2022-02-11 00:00:00-05:00,13.187641143798828,13.30821418762207,12.788244247436523,12.863601684570312,3761249,0.0,0.0
2022-02-14 00:00:00-05:00,12.848530769348145,13.036925315856934,12.712885856628418,12.81085205078125,5571542,0.0,0.0
2022-02-15 00:00:00-05:00,12.96910285949707,13.21778392791748,12.961566925048828,13.202713012695312,5919084,0.0,0.0
2022-02-16 00:00:00-05:00,13.17257022857666,13.240391731262207,12.94649600982666,13.19517707824707,4584918,0.0,0.0
2022-02-17 00:00:00-05:00,12.999245643615723,13.08213996887207,12.848530769348145,12.954031944274902,3350144,0.0,0.0
2022-02-18 00:00:00-05:00,12.916353225708008,13.074604034423828,12.758101463317871,12.85606575012207,4433507,0.0,0.0
2022-02-22 00:00:00-05:00,12.72042179107666,13.006781578063965,12.464204788208008,12.569705963134766,4121795,0.0,0.0
2022-02-23 00:00:00-05:00,12.667671203613281,12.780708312988281,12.26073932647705,12.328560829162598,5931690,0.0,0.0
2022-02-24 00:00:00-05:00,11.883949279785156,12.554635047912598,11.876413345336914,12.509420394897461,6987186,0.0,0.0
2022-02-25 00:00:00-05:00,12.524491310119629,12.74302864074707,12.336095809936523,12.62999153137207,3476740,0.0,0.0
2022-02-28 00:00:00-05:00,12.381311416625977,12.547099113464355,12.321024894714355,12.426526069641113,4393697,0.0,0.0
2022-03-01 00:00:00-05:00,12.366239547729492,12.456668853759766,11.770912170410156,11.86134147644043,7883309,0.0,0.0
2022-03-02 00:00:00-05:00,11.966842651367188,12.554635047912598,11.929163932800293,12.509420394897461,6799946,0.0,0.0
2022-03-03 00:00:00-05:00,12.532027244567871,12.622456550598145,12.298417091369629,12.426526069641113,3851485,0.0,0.0
2022-03-04 00:00:00-05:00,12.207987785339355,12.26073932647705,11.74830436706543,11.914092063903809,5007036,0.0,0.0
2022-03-07 00:00:00-05:00,11.846269607543945,11.929163932800293,11.318763732910156,11.33383560180664,4721731,0.0,0.0
2022-03-08 00:00:00-05:00,11.38658618927002,11.86134147644043,11.213262557983398,11.552373886108398,6126494,0.0,0.0
2022-03-09 00:00:00-05:00,11.831197738647461,12.200451850891113,11.69555377960205,12.087414741516113,3587943,0.0,0.0
2022-03-10 00:00:00-05:00,11.868877410888672,12.064807891845703,11.80859088897705,12.042200088500977,2142043,0.0,0.0
2022-03-11 00:00:00-05:00,12.132630348205566,12.26073932647705,11.951770782470703,12.012057304382324,2159162,0.0,0.0
2022-03-14 00:00:00-04:00,12.057271957397461,12.177845001220703,11.680481910705566,11.86134147644043,3904299,0.0,0.0
2022-03-15 00:00:00-04:00,11.951770782470703,12.132630348205566,11.876413345336914,12.057271957397461,3206165,0.0,0.0
2022-03-16 00:00:00-04:00,12.313488960266113,12.74302864074707,12.313488960266113,12.645064353942871,6416045,0.0,0.0
2022-03-17 00:00:00-04:00,12.58477783203125,12.825922966003418,12.516956329345703,12.758101463317871,4659362,0.0,0.0
2022-03-18 00:00:00-04:00,12.411454200744629,12.893745422363281,12.343631744384766,12.863601684570312,4310494,0.0,0.0
2022-03-21 00:00:00-04:00,12.931424140930176,13.029390335083008,12.840994834899902,12.984174728393555,4167709,0.0,0.0
2022-03-22 00:00:00-04:00,13.127354621887207,13.240391731262207,13.029390335083008,13.044461250305176,5606177,0.0,0.0
2022-03-23 00:00:00-04:00,12.893745422363281,13.149962425231934,12.803316116333008,12.81085205078125,6165242,0.0,0.0
2022-03-24 00:00:00-04:00,12.863601684570312,12.991710662841797,12.705349922180176,12.976638793945312,4054383,0.0,0.0
2022-03-25 00:00:00-04:00,12.954031944274902,13.202713012695312,12.81085205078125,13.036925315856934,8266547,0.0,0.0
2022-03-28 00:00:00-04:00,13.014318466186523,13.044461250305176,12.780708312988281,13.029390335083008,3041617,0.0,0.0
2022-03-29 00:00:00-04:00,13.165034294128418,13.42125129699707,13.036925315856934,13.345892906188965,3367793,0.0,0.0
2022-03-30 00:00:00-04:00,13.300678253173828,13.413715362548828,13.051997184753418,13.089675903320312,2817486,0.0,0.0
2022-03-31 00:00:00-04:00,13.42125129699707,14.544083595275879,13.270535469055176,13.978899955749512,26916205,0.0,0.0
2022-04-01 00:00:00-04:00,13.956292152404785,14.114543914794922,13.752825736999512,13.94875717163086,6252426,0.0,0.0
2022-04-04 00:00:00-04:00,13.896005630493164,14.08440113067627,13.677468299865723,13.730218887329102,6905443,0.0,0.0
2022-04-05 00:00:00-04:00,13.579503059387207,13.99397087097168,13.368499755859375,13.413715362548828,6635531,0.0,0.0
2022-04-06 00:00:00-04:00,13.210248947143555,13.262998580932617,12.83345890045166,12.954031944274902,6010912,0.0,0.0
2022-04-07 00:00:00-04:00,12.893745422363281,13.051997184753418,12.788244247436523,12.908817291259766,4993103,0.0,0.0
2022-04-08 00:00:00-04:00,12.795780181884766,13.006781578063965,12.675207138061523,12.705349922180176,3641819,0.0,0.0
2022-04-11 00:00:00-04:00,12.569705963134766,12.848530769348145,12.464204788208008,12.486811637878418,4763532,0.0,0.0
2022-04-12 00:00:00-04:00,12.501884460449219,12.780708312988281,12.47174072265625,12.547099113464355,6216995,0.0,0.0
2022-04-13 00:00:00-04:00,12.577241897583008,12.863601684570312,12.479276657104492,12.863601684570312,4500255,0.0,0.0
2022-04-14 00:00:00-04:00,12.81085205078125,13.08213996887207,12.758101463317871,12.871137619018555,5328436,0.0,0.0
2022-04-18 00:00:00-04:00,12.788244247436523,12.999245643615723,12.667671203613281,12.750564575195312,2923381,0.0,0.0
2022-04-19 00:00:00-04:00,12.72042179107666,13.051997184753418,12.72042179107666,12.961566925048828,4415194,0.0,0.0
2022-04-20 00:00:00-04:00,13.127354621887207,13.376035690307617,13.021854400634766,13.278071403503418,4799096,0.0,0.0
2022-04-21 00:00:00-04:00,13.315750122070312,13.451394081115723,12.931424140930176,12.96910285949707,5789966,0.0,0.0
2022-04-22 00:00:00-04:00,12.893745422363281,12.893745422363281,12.381311416625977,12.456668853759766,5604452,0.0,0.0
2022-04-25 00:00:00-04:00,12.426526069641113,12.690279006958008,12.305953025817871,12.660136222839355,5632319,0.0,0.0
2022-04-26 00:00:00-04:00,12.569705963134766,12.569705963134766,12.170309066772461,12.200451850891113,3271851,0.0,0.0
2022-04-27 00:00:00-04:00,12.230594635009766,12.343631744384766,11.989450454711914,12.215523719787598,3610104,0.0,0.0
2022-04-28 00:00:00-04:00,12.366239547729492,12.886208534240723,12.253203392028809,12.74302864074707,4027710,0.0,0.0
2022-04-29 00:00:00-04:00,12.569705963134766,12.923888206481934,12.388847351074219,12.426526069641113,3899522,0.0,0.0
2022-05-02 00:00:00-04:00,12.366239547729492,12.554635047912598,12.238130569458008,12.49434757232666,4731020,0.0,0.0
2022-05-03 00:00:00-04:00,12.569705963134766,13.127354621887207,12.456668853759766,13.006781578063965,5296853,0.0,0.0
2022-05-04 00:00:00-04:00,12.96910285949707,13.458930015563965,12.908817291259766,13.368499755859375,5811995,0.0,0.0
2022-05-05 00:00:00-04:00,13.376035690307617,13.677468299865723,12.818387031555176,12.976638793945312,5594234,0.0,0.0
2022-05-06 00:00:00-04:00,12.840994834899902,12.863601684570312,12.47174072265625,12.773173332214355,8006455,0.0,0.0
2022-05-09 00:00:00-04:00,12.577241897583008,12.682743072509766,12.079878807067871,12.283346176147461,7434385,0.0,0.0
2022-05-10 00:00:00-04:00,12.479276657104492,12.735493659973145,12.087414741516113,12.516956329345703,5972296,0.0,0.0
2022-05-11 00:00:00-04:00,12.434062004089355,12.840994834899902,12.03466510772705,12.064807891845703,5206750,0.0,0.0
2022-05-12 00:00:00-04:00,11.944234848022461,12.012057304382324,11.544837951660156,11.823661804199219,6763852,0.0,0.0
2022-05-13 00:00:00-04:00,11.944234848022461,12.396383285522461,11.92162799835205,12.253203392028809,5263413,0.0,0.0
2022-05-16 00:00:00-04:00,12.14770221710205,12.26073932647705,12.004521369934082,12.170309066772461,4072961,0.0,0.0
2022-05-17 00:00:00-04:00,12.418990135192871,12.773173332214355,12.411454200744629,12.660136222839355,5815179,0.0,0.0
2022-05-18 00:00:00-04:00,12.660136222839355,12.705349922180176,12.192915916442871,12.230594635009766,5920676,0.0,0.0
2022-05-19 00:00:00-04:00,12.012057304382324,12.26073932647705,11.989450454711914,12.125094413757324,5140267,0.0,0.0
2022-05-20 00:00:00-04:00,12.283346176147461,12.35870361328125,11.627732276916504,11.906556129455566,4601771,0.0,0.0
2022-05-23 00:00:00-04:00,12.012057304382324,12.283346176147461,11.996986389160156,12.200451850891113,3589402,0.0,0.0
2022-05-24 00:00:00-04:00,12.03466510772705,12.132630348205566,11.55990982055664,11.778448104858398,5982514,0.0,0.0
2022-05-25 00:00:00-04:00,11.642803192138672,12.140166282653809,11.574980735778809,12.140166282653809,7219013,0.0,0.0
2022-05-26 00:00:00-04:00,12.192915916442871,12.562170028686523,12.192915916442871,12.486811637878418,4896497,0.0,0.0
2022-05-27 00:00:00-04:00,12.569705963134766,12.938960075378418,12.547099113464355,12.923888206481934,4611723,0.0,0.0
2022-05-31 00:00:00-04:00,12.886208534240723,12.976638793945312,12.735493659973145,12.863601684570312,4888801,0.0,0.0
2022-06-01 00:00:00-04:00,12.74302864074707,12.840994834899902,12.509420394897461,12.69781494140625,5264607,0.0,0.0
2022-06-02 00:00:00-04:00,12.727957725524902,13.112282752990723,12.577241897583008,13.021854400634766,3716131,0.0,0.0
2022-06-03 00:00:00-04:00,12.840994834899902,12.984174728393555,12.780708312988281,12.840994834899902,5381914,0.0,0.0
2022-06-06 00:00:00-04:00,13.149962425231934,13.78296947479248,13.029390335083008,13.097211837768555,10685137,0.0,0.0
2022-06-07 00:00:00-04:00,12.878673553466797,13.104747772216797,12.878673553466797,13.036925315856934,5197992,0.0,0.0
2022-06-08 00:00:00-04:00,12.923888206481934,13.006781578063965,12.74302864074707,12.773173332214355,3779296,0.0,0.0
2022-06-09 00:00:00-04:00,12.645064353942871,12.916353225708008,12.614920616149902,12.69781494140625,5060515,0.0,0.0
2022-06-10 00:00:00-04:00,12.441597938537598,12.554635047912598,12.192915916442871,12.336095809936523,5373023,0.0,0.0
2022-06-13 00:00:00-04:00,11.92162799835205,11.989450454711914,11.657875061035156,11.710624694824219,5198655,0.0,0.0
2022-06-14 00:00:00-04:00,11.793519020080566,11.86134147644043,11.597588539123535,11.710624694824219,3433613,0.0,0.0
2022-06-15 00:00:00-04:00,11.755840301513672,12.049736022949219,11.61266040802002,11.914092063903809,5225461,0.0,0.0
2022-06-16 00:00:00-04:00,11.484552383422852,11.627732276916504,10.58779239654541,10.919366836547852,8359835,0.0,0.0
2022-06-17 00:00:00-04:00,10.806329727172852,11.424264907836914,10.806329727172852,11.296156883239746,6910751,0.0,0.0
2022-06-21 00:00:00-04:00,11.484552383422852,11.567444801330566,11.258478164672852,11.266014099121094,5496434,0.0,0.0
2022-06-22 00:00:00-04:00,11.152976989746094,11.2283353805542,10.866616249084473,10.987189292907715,5835350,0.0,0.0
2022-06-23 00:00:00-04:00,11.02486801147461,11.070082664489746,10.813865661621094,10.987189292907715,3817779,0.0,0.0
2022-06-24 00:00:00-04:00,11.107762336730957,11.574980735778809,11.100226402282715,11.567444801330566,4615837,0.0,0.0
2022-06-27 00:00:00-04:00,11.567444801330566,11.853805541992188,11.507159233093262,11.718160629272461,4255689,0.0,0.0
2022-06-28 00:00:00-04:00,11.846269607543945,11.959306716918945,11.33383560180664,11.379050254821777,3817514,0.0,0.0
2022-06-29 00:00:00-04:00,11.36397933959961,11.514695167541504,10.949509620666504,11.062546730041504,3803978,0.0,0.0
2022-06-30 00:00:00-04:00,10.934438705444336,11.13790512084961,10.738508224487305,10.904294967651367,3812869,0.0,0.0
2022-07-01 00:00:00-04:00,10.768651008605957,10.987189292907715,10.527505874633789,10.738508224487305,3080763,0.0,0.0
2022-07-05 00:00:00-04:00,10.519969940185547,10.693292617797852,10.271288871765137,10.670685768127441,4583458,0.0,0.0
2022-07-06 00:00:00-04:00,10.617935180664062,10.821401596069336,10.482291221618652,10.746044158935547,3889172,0.0,0.0
2022-07-07 00:00:00-04:00,10.934438705444336,11.130369186401367,10.791257858276367,11.02486801147461,2586588,0.0,0.0
2022-07-08 00:00:00-04:00,10.972118377685547,11.130369186401367,10.896759986877441,11.02486801147461,1636058,0.0,0.0
2022-07-11 00:00:00-04:00,10.896759986877441,10.972118377685547,10.791257858276367,10.806329727172852,2444998,0.0,0.0
2022-07-12 00:00:00-04:00,10.806329727172852,11.107762336730957,10.7761869430542,10.91183090209961,4187481,0.0,0.0
2022-07-13 00:00:00-04:00,10.655613899230957,10.851545333862305,10.557648658752441,10.7761869430542,4108127,0.0,0.0
2022-07-14 00:00:00-04:00,10.693292617797852,10.715901374816895,10.36171817779541,10.6631498336792,4615041,0.0,0.0
2022-07-15 00:00:00-04:00,10.821401596069336,10.926902770996094,10.519969940185547,10.91183090209961,3267738,0.0,0.0
2022-07-18 00:00:00-04:00,10.979653358459473,11.13790512084961,10.7761869430542,10.821401596069336,6143081,0.0,0.0
2022-07-19 00:00:00-04:00,11.047475814819336,11.401658058166504,10.941973686218262,11.36397933959961,5026145,0.0,0.0
2022-07-20 00:00:00-04:00,11.281085014343262,11.620196342468262,11.243406295776367,11.567444801330566,2992252,0.0,0.0
2022-07-21 00:00:00-04:00,11.58251667022705,11.801054954528809,11.514695167541504,11.785983085632324,3380533,0.0,0.0
2022-07-22 00:00:00-04:00,11.755840301513672,11.801054954528809,11.348907470703125,11.492087364196777,4940421,0.0,0.0
2022-07-25 00:00:00-04:00,11.507159233093262,11.58251667022705,11.401658058166504,11.47701644897461,3541498,0.0,0.0
2022-07-26 00:00:00-04:00,11.356443405151367,11.529766082763672,11.25094223022461,11.454407691955566,5969642,0.0,0.0
2022-07-27 00:00:00-04:00,11.55990982055664,11.86134147644043,11.44687271118164,11.755840301513672,6918978,0.0,0.0
2022-07-28 00:00:00-04:00,12.057271957397461,12.501884460449219,11.770912170410156,12.366239547729492,13940002,0.0,0.0
2022-07-29 00:00:00-04:00,12.35870361328125,12.931424140930176,12.343631744384766,12.660136222839355,9705811,0.0,0.0
2022-08-01 00:00:00-04:00,12.479276657104492,12.637528419494629,12.381311416625977,12.532027244567871,4318987,0.0,0.0
2022-08-02 00:00:00-04:00,12.336095809936523,12.599848747253418,12.283346176147461,12.501884460449219,4595666,0.0,0.0
2022-08-03 00:00:00-04:00,12.539563179016113,12.750564575195312,12.35870361328125,12.690279006958008,3783144,0.0,0.0
2022-08-04 00:00:00-04:00,12.758101463317871,12.85606575012207,12.62999153137207,12.773173332214355,5362540,0.0,0.0
2022-08-05 00:00:00-04:00,12.727957725524902,13.006781578063965,12.599848747253418,12.931424140930176,4112373,0.0,0.0
2022-08-08 00:00:00-04:00,12.94649600982666,13.232855796813965,12.938960075378418,13.044461250305176,7919403,0.0,0.0
2022-08-09 00:00:00-04:00,12.938960075378418,13.051997184753418,12.690279006958008,12.705349922180176,6465011,0.0,0.0
2022-08-10 00:00:00-04:00,12.999245643615723,13.956292152404785,12.999245643615723,13.896005630493164,12850270,0.0,0.0
2022-08-11 00:00:00-04:00,13.99397087097168,14.476262092590332,13.933685302734375,14.046722412109375,10220554,0.0,0.0
2022-08-12 00:00:00-04:00,14.099472045898438,14.604371070861816,14.099472045898438,14.204974174499512,8590069,0.0,0.0
2022-08-15 00:00:00-04:00,14.144686698913574,14.400903701782227,14.054258346557617,14.2803316116333,6174929,0.0,0.0
2022-08-16 00:00:00-04:00,14.325546264648438,14.3933687210083,14.10700798034668,14.137150764465332,6892969,0.0,0.0
2022-08-17 00:00:00-04:00,14.001506805419922,14.06179428100586,13.63225269317627,14.001506805419922,5558803,0.0,0.0
2022-08-18 00:00:00-04:00,13.97136402130127,14.724943161010742,13.941221237182617,14.649585723876953,7299827,0.0,0.0
2022-08-19 00:00:00-04:00,14.370760917663574,14.461191177368164,13.91861343383789,13.986435890197754,5463392,0.0,0.0
2022-08-22 00:00:00-04:00,13.602109909057617,13.873398780822754,13.49660873413086,13.677468299865723,3692643,0.0,0.0
2022-08-23 00:00:00-04:00,13.677468299865723,13.888469696044922,13.66993236541748,13.692540168762207,2898035,0.0,0.0
2022-08-24 00:00:00-04:00,13.549359321594238,13.80557632446289,13.549359321594238,13.685004234313965,6893765,0.0,0.0
2022-08-25 00:00:00-04:00,13.798041343688965,14.137150764465332,13.790505409240723,14.122079849243164,3320950,0.0,0.0
2022-08-26 00:00:00-04:00,14.114543914794922,14.212509155273438,13.662396430969238,13.677468299865723,2998622,0.0,0.0
2022-08-29 00:00:00-04:00,13.511679649353027,13.941221237182617,13.49660873413086,13.775432586669922,3728074,0.0,0.0
2022-08-30 00:00:00-04:00,13.78296947479248,13.88093376159668,13.541824340820312,13.594573974609375,3279415,0.0,0.0
2022-08-31 00:00:00-04:00,13.587038040161133,13.707611083984375,13.39864444732666,13.42125129699707,3848035,0.0,0.0
2022-09-01 00:00:00-04:00,13.202713012695312,13.293142318725586,12.825922966003418,13.089675903320312,5485420,0.0,0.0
2022-09-02 00:00:00-04:00,13.270535469055176,13.428787231445312,13.014318466186523,13.074604034423828,3363282,0.0,0.0
2022-09-06 00:00:00-04:00,13.149962425231934,13.225319862365723,12.85606575012207,13.036925315856934,4158155,0.0,0.0
2022-09-07 00:00:00-04:00,12.991710662841797,13.63225269317627,12.938960075378418,13.594573974609375,7723140,0.0,0.0
2022-09-08 00:00:00-04:00,13.436323165893555,14.295402526855469,13.368499755859375,14.287866592407227,10851012,0.0,0.0
2022-09-09 00:00:00-04:00,14.461191177368164,14.732479095458984,14.378296852111816,14.589299201965332,7291865,0.0,0.0
2022-09-12 00:00:00-04:00,14.672192573547363,14.792765617370605,14.287866592407227,14.649585723876953,7277666,0.0,0.0
2022-09-13 00:00:00-04:00,14.159758567810059,14.19743824005127,13.767897605895996,13.83572006225586,4005682,0.0,0.0
2022-09-14 00:00:00-04:00,13.83572006225586,13.888469696044922,13.617181777954102,13.843255043029785,3264420,0.0,0.0
2022-09-15 00:00:00-04:00,13.72268295288086,14.016578674316406,13.511679649353027,13.60964584350586,4765390,0.0,0.0
2022-09-16 00:00:00-04:00,13.278071403503418,13.466465950012207,13.180106163024902,13.368499755859375,5080287,0.0,0.0
2022-09-19 00:00:00-04:00,13.127354621887207,13.865862846374512,13.127354621887207,13.865862846374512,7227771,0.0,0.0
2022-09-20 00:00:00-04:00,13.752825736999512,13.767897605895996,13.436323165893555,13.60964584350586,4050402,0.0,0.0
2022-09-21 00:00:00-04:00,13.677468299865723,13.941221237182617,13.428787231445312,13.466465950012207,5198655,0.0,0.0
2022-09-22 00:00:00-04:00,13.406179428100586,13.481536865234375,13.006781578063965,13.142427444458008,3404153,0.0,0.0
2022-09-23 00:00:00-04:00,12.878673553466797,12.991710662841797,12.516956329345703,12.727957725524902,4412939,0.0,0.0
2022-09-26 00:00:00-04:00,12.622456550598145,12.886208534240723,12.192915916442871,12.305953025817871,11586966,0.0,0.0
2022-09-27 00:00:00-04:00,12.516956329345703,12.758101463317871,12.290882110595703,12.516956329345703,6678791,0.0,0.0
2022-09-28 00:00:00-04:00,12.35870361328125,12.999245643615723,12.35870361328125,12.938960075378418,4629638,0.0,0.0
2022-09-29 00:00:00-04:00,12.72042179107666,12.795780181884766,12.509420394897461,12.72042179107666,3436665,0.0,0.0
2022-09-30 00:00:00-04:00,12.577241897583008,12.908817291259766,12.532027244567871,12.554635047912598,5897719,0.0,0.0
2022-10-03 00:00:00-04:00,12.622456550598145,13.097211837768555,12.532027244567871,13.014318466186523,6129280,0.0,0.0
2022-10-04 00:00:00-04:00,13.391107559204102,13.700075149536133,13.30821418762207,13.692540168762207,5027738,0.0,0.0
2022-10-05 00:00:00-04:00,13.481536865234375,13.843255043029785,13.376035690307617,13.760361671447754,4860005,0.0,0.0
2022-10-06 00:00:00-04:00,13.700075149536133,14.009042739868164,13.549359321594238,13.647324562072754,5914704,0.0,0.0
2022-10-07 00:00:00-04:00,13.406179428100586,13.53428840637207,13.255462646484375,13.36096477508545,4352029,0.0,0.0
2022-10-10 00:00:00-04:00,13.338356971740723,13.436323165893555,12.931424140930176,13.089675903320312,2425889,0.0,0.0
2022-10-11 00:00:00-04:00,13.014318466186523,13.149962425231934,12.614920616149902,12.758101463317871,3710027,0.0,0.0
2022-10-12 00:00:00-04:00,12.712885856628418,12.81085205078125,12.599848747253418,12.712885856628418,3241861,0.0,0.0
2022-10-13 00:00:00-04:00,12.418990135192871,13.112282752990723,12.140166282653809,12.976638793945312,5270313,0.0,0.0
2022-10-14 00:00:00-04:00,13.044461250305176,13.097211837768555,12.58477783203125,12.712885856628418,5027738,0.0,0.0
2022-10-17 00:00:00-04:00,13.021854400634766,13.24792766571045,12.893745422363281,13.127354621887207,5091699,0.0,0.0
2022-10-18 00:00:00-04:00,13.549359321594238,13.820648193359375,13.293142318725586,13.391107559204102,4929407,0.0,0.0
2022-10-19 00:00:00-04:00,13.262998580932617,13.428787231445312,12.984174728393555,13.17257022857666,3743334,0.0,0.0
2022-10-20 00:00:00-04:00,13.240391731262207,13.451394081115723,12.961566925048828,13.089675903320312,4175804,0.0,0.0
2022-10-21 00:00:00-04:00,13.127354621887207,13.594573974609375,12.999245643615723,13.53428840637207,4316996,0.0,0.0
2022-10-24 00:00:00-04:00,13.624716758728027,13.850790977478027,13.458930015563965,13.80557632446289,4323366,0.0,0.0
2022-10-25 00:00:00-04:00,13.685004234313965,14.31047534942627,13.66993236541748,14.001506805419922,7217022,0.0,0.0
2022-10-26 00:00:00-04:00,13.865862846374512,14.250187873840332,13.828184127807617,13.926149368286133,8616742,0.0,0.0
2022-10-27 00:00:00-04:00,14.732479095458984,14.830445289611816,14.08440113067627,14.340618133544922,11322362,0.0,0.0
2022-10-28 00:00:00-04:00,14.378296852111816,14.958553314208984,14.33308219909668,14.860588073730469,7306197,0.0,0.0
2022-10-31 00:00:00-04:00,14.709872245788574,14.913337707519531,14.619441986083984,14.755086898803711,5957699,0.0,0.0
2022-11-01 00:00:00-04:00,14.958553314208984,15.033910751342773,14.687265396118164,14.981161117553711,8827469,0.0,0.0
2022-11-02 00:00:00-04:00,14.792765617370605,15.184626579284668,14.672192573547363,14.687265396118164,6260123,0.0,0.0
2022-11-03 00:00:00-04:00,14.378296852111816,14.529012680053711,14.159758567810059,14.385832786560059,4332124,0.0,0.0
2022-11-04 00:00:00-04:00,14.702336311340332,14.762621879577637,14.10700798034668,14.400903701782227,4957539,0.0,0.0
2022-11-07 00:00:00-05:00,14.400903701782227,14.619441986083984,14.129615783691406,14.536548614501953,5325384,0.0,0.0
2022-11-08 00:00:00-05:00,14.649585723876953,15.041446685791016,14.544083595275879,14.777693748474121,5005046,0.0,0.0
2022-11-09 00:00:00-05:00,14.69480037689209,15.026374816894531,14.257723808288574,14.370760917663574,6050457,0.0,0.0
2022-11-10 00:00:00-05:00,14.943482398986816,15.071590423583984,14.642049789428711,14.943482398986816,8074662,0.0,0.0
2022-11-11 00:00:00-05:00,15.071590423583984,15.448380470275879,15.011303901672363,15.116805076599121,8435872,0.0,0.0
2022-11-14 00:00:00-05:00,15.079126358032227,15.207234382629395,14.611907005310059,14.709872245788574,9362914,0.0,0.0
2022-11-15 00:00:00-05:00,14.966089248657227,15.184626579284668,14.732479095458984,15.131875991821289,7681738,0.0,0.0
2022-11-16 00:00:00-05:00,14.996232032775879,15.131875991821289,14.770157814025879,14.913337707519531,3961228,0.0,0.0
2022-11-17 00:00:00-05:00,14.642049789428711,14.740015029907227,14.431047439575195,14.717408180236816,4859209,0.0,0.0
2022-11-18 00:00:00-05:00,14.898266792297363,15.252449035644531,14.762621879577637,15.244913101196289,4938032,0.0,0.0
2022-11-21 00:00:00-05:00,15.350414276123047,15.448380470275879,14.966089248657227,15.139411926269531,3436930,0.0,0.0
2022-11-22 00:00:00-05:00,15.222306251525879,15.651845932006836,15.207234382629395,15.644309997558594,7866854,0.0,0.0
2022-11-23 00:00:00-05:00,15.704597473144531,15.862849235534668,15.493595123291016,15.516201972961426,4409090,0.0,0.0
2022-11-25 00:00:00-05:00,15.53127384185791,15.840241432189941,15.523737907409668,15.66691780090332,1664323,0.0,0.0
2022-11-28 00:00:00-05:00,15.448380470275879,15.644309997558594,15.380558013916016,15.486059188842773,3680169,0.0,0.0
2022-11-29 00:00:00-05:00,15.493595123291016,15.614167213439941,15.388092994689941,15.53127384185791,3383187,0.0,0.0
2022-11-30 00:00:00-05:00,15.523737907409668,16.563676834106445,15.463451385498047,16.563676834106445,7210785,0.0,0.0
2022-12-01 00:00:00-05:00,16.57874870300293,16.737001419067383,16.345138549804688,16.480783462524414,5386957,0.0,0.0
2022-12-02 00:00:00-05:00,16.209495544433594,16.639034271240234,16.08138656616211,16.397890090942383,3367661,0.0,0.0
2022-12-05 00:00:00-05:00,16.232101440429688,16.35267448425293,15.975885391235352,16.021099090576172,3174582,0.0,0.0
2022-12-06 00:00:00-05:00,16.021099090576172,16.12660026550293,15.734740257263184,15.953277587890625,5181802,0.0,0.0
2022-12-07 00:00:00-05:00,15.817633628845215,16.299924850463867,15.644309997558594,16.247173309326172,5508377,0.0,0.0
2022-12-08 00:00:00-05:00,16.322532653808594,16.76714324951172,16.322532653808594,16.6088924407959,6567588,0.0,0.0
2022-12-09 00:00:00-05:00,16.623964309692383,16.88771629333496,16.593820571899414,16.759607315063477,6827282,0.0,0.0
2022-12-12 00:00:00-05:00,16.84250259399414,17.038433074951172,16.706857681274414,16.99321746826172,5528813,0.0,0.0
2022-12-13 00:00:00-05:00,17.37754249572754,17.535795211791992,17.091182708740234,17.44536590576172,7278330,0.0,0.0
2022-12-14 00:00:00-05:00,17.505651473999023,17.648832321166992,17.098718643188477,17.294649124145508,7759898,0.0,0.0
2022-12-15 00:00:00-05:00,17.038433074951172,17.14393424987793,16.759607315063477,16.812358856201172,4847133,0.0,0.0
2022-12-16 00:00:00-05:00,16.548606872558594,16.782215118408203,16.232101440429688,16.65410614013672,7643122,0.0,0.0
2022-12-19 00:00:00-05:00,16.65410614013672,16.759607315063477,15.975885391235352,16.19442367553711,6386586,0.0,0.0
2022-12-20 00:00:00-05:00,16.12660026550293,16.322532653808594,15.953277587890625,16.096458435058594,5065557,0.0,0.0
2022-12-21 00:00:00-05:00,16.262245178222656,16.571212768554688,16.149208068847656,16.450641632080078,3845779,0.0,0.0
2022-12-22 00:00:00-05:00,16.254709243774414,16.292388916015625,15.960814476013184,16.2697811126709,3414238,0.0,0.0
2022-12-23 00:00:00-05:00,16.20195960998535,16.330068588256836,15.975885391235352,16.186887741088867,2661564,0.0,0.0
2022-12-27 00:00:00-05:00,16.179351806640625,16.299924850463867,16.066314697265625,16.171815872192383,2290800,0.0,0.0
2022-12-28 00:00:00-05:00,16.15674591064453,16.171815872192383,15.757347106933594,15.757347106933594,2493300,0.0,0.0
2022-12-29 00:00:00-05:00,15.870384216308594,16.186887741088867,15.77995491027832,16.134136199951172,2489717,0.0,0.0
2022-12-30 00:00:00-05:00,15.968350410461426,16.19442367553711,15.855313301086426,16.171815872192383,2439955,0.0,0.0
2023-01-03 00:00:00-05:00,16.31499671936035,16.480783462524414,16.04370880126953,16.247173309326172,4286608,0.0,0.0
2023-01-04 00:00:00-05:00,16.42049789428711,16.639034271240234,16.096458435058594,16.262245178222656,3751164,0.0,0.0
2023-01-05 00:00:00-05:00,16.134136199951172,16.548606872558594,15.945741653442383,16.284852981567383,8169012,0.0,0.0
2023-01-06 00:00:00-05:00,16.533533096313477,16.940467834472656,16.375282287597656,16.782215118408203,4675021,0.0,0.0
2023-01-09 00:00:00-05:00,16.925395965576172,17.505651473999023,16.925395965576172,17.45290184020996,5868259,0.0,0.0
2023-01-10 00:00:00-05:00,17.354936599731445,17.588546752929688,17.166540145874023,17.392614364624023,6215005,0.0,0.0
2023-01-11 00:00:00-05:00,17.520723342895508,17.972871780395508,17.324792861938477,17.633760452270508,11488370,0.0,0.0
2023-01-12 00:00:00-05:00,17.626224517822266,17.965335845947266,17.37754249572754,17.671438217163086,8879753,0.0,0.0
2023-01-13 00:00:00-05:00,17.505651473999023,18.146194458007812,17.437829971313477,18.1085147857666,8258850,0.0,0.0
2023-01-17 00:00:00-05:00,18.86209487915039,18.929916381835938,17.98040771484375,18.018085479736328,14472395,0.0,0.0
2023-01-18 00:00:00-05:00,18.085908889770508,18.236623764038086,17.739261627197266,17.79954719543457,10082679,0.0,0.0
2023-01-19 00:00:00-05:00,17.558401107788086,17.859834671020508,17.41522216796875,17.79954719543457,7480299,0.0,0.0
2023-01-20 00:00:00-05:00,18.18387222290039,18.32705307006836,17.82969093322754,18.266767501831055,4985406,0.0,0.0
2023-01-23 00:00:00-05:00,18.244159698486328,18.63602066040039,18.244159698486328,18.40241050720215,6746601,0.0,0.0
2023-01-24 00:00:00-05:00,18.29690933227539,18.756593704223633,18.28937530517578,18.492841720581055,8805839,0.0,0.0
2023-01-25 00:00:00-05:00,18.198944091796875,18.40241050720215,18.003013610839844,18.357196807861328,8279286,0.0,0.0
2023-01-26 00:00:00-05:00,18.32705307006836,18.455162048339844,17.513187408447266,18.033157348632812,10719639,0.0,0.0
2023-01-27 00:00:00-05:00,18.02562141418457,18.078371047973633,17.596080780029297,17.739261627197266,9949979,0.0,0.0
2023-01-30 00:00:00-05:00,17.520723342895508,17.709117889404297,17.354936599731445,17.354936599731445,6499381,0.0,0.0
2023-01-31 00:00:00-05:00,17.49057960510254,17.678974151611328,17.37754249572754,17.596080780029297,7413551,0.0,0.0
2023-02-01 00:00:00-05:00,17.475509643554688,18.033157348632812,17.44536590576172,17.920120239257812,6827548,0.0,0.0
2023-02-02 00:00:00-05:00,18.20648193359375,18.643556594848633,18.13865852355957,18.342124938964844,12238921,0.0,0.0
2023-02-03 00:00:00-05:00,18.085908889770508,18.50791358947754,17.987943649291992,18.40241050720215,7368433,0.0,0.0
2023-02-06 00:00:00-05:00,18.16880226135254,18.538055419921875,18.085908889770508,18.455162048339844,7241439,0.0,0.0
2023-02-07 00:00:00-05:00,18.372268676757812,18.500377655029297,18.040693283081055,18.425018310546875,7058313,0.0,0.0
2023-02-08 00:00:00-05:00,18.319517135620117,18.44009017944336,17.95026397705078,18.198944091796875,9211371,0.0,0.0
2023-02-09 00:00:00-05:00,18.455162048339844,18.82441520690918,17.543331146240234,17.558401107788086,17810994,0.0,0.0
2023-02-10 00:00:00-05:00,17.460437774658203,18.500377655029297,17.45290184020996,18.417482376098633,11871475,0.0,0.0
2023-02-13 00:00:00-05:00,18.462697982788086,18.5606632232666,18.342124938964844,18.425018310546875,5779085,0.0,0.0
2023-02-14 00:00:00-05:00,18.387340545654297,18.733985900878906,18.28183937072754,18.598342895507812,3804244,0.0,0.0
2023-02-15 00:00:00-05:00,18.50791358947754,18.696306228637695,18.311981201171875,18.47776985168457,11404371,0.0,0.0
2023-02-16 00:00:00-05:00,18.304445266723633,18.530519485473633,18.146194458007812,18.266767501831055,3507526,0.0,0.0
2023-02-17 00:00:00-05:00,18.17633819580078,18.25169563293457,17.852298736572266,17.882442474365234,3424191,0.0,0.0
2023-02-21 00:00:00-05:00,17.671438217163086,17.889976501464844,17.437829971313477,17.460437774658203,4444654,0.0,0.0
2023-02-22 00:00:00-05:00,17.761869430541992,17.784475326538086,17.22682762145996,17.49811553955078,4706338,0.0,0.0
2023-02-23 00:00:00-05:00,17.769405364990234,17.814619064331055,17.44536590576172,17.626224517822266,2851060,0.0,0.0
2023-02-24 00:00:00-05:00,17.33986473083496,17.596080780029297,17.241899490356445,17.513187408447266,4224106,0.0,0.0
2023-02-27 00:00:00-05:00,17.709117889404297,17.769405364990234,17.347400665283203,17.400150299072266,2554210,0.0,0.0
2023-02-28 00:00:00-05:00,17.437829971313477,17.437829971313477,17.128862380981445,17.15146827697754,5028268,0.0,0.0
2023-03-01 00:00:00-05:00,17.18914794921875,17.467973709106445,17.023361206054688,17.15900421142578,5236740,0.0,0.0
2023-03-02 00:00:00-05:00,17.00075340270996,17.21929168701172,16.827430725097656,17.15146827697754,3827068,0.0,0.0
2023-03-03 00:00:00-05:00,17.287113189697266,17.392614364624023,17.18161392211914,17.25697135925293,2734549,0.0,0.0
2023-03-06 00:00:00-05:00,17.25697135925293,17.731725692749023,17.25697135925293,17.347400665283203,5418672,0.0,0.0
2023-03-07 00:00:00-05:00,17.392614364624023,17.505651473999023,17.128862380981445,17.211755752563477,2938243,0.0,0.0
2023-03-08 00:00:00-05:00,17.30218505859375,17.407686233520508,17.015825271606445,17.30218505859375,4485525,0.0,0.0
2023-03-09 00:00:00-05:00,17.38507843017578,17.407686233520508,16.782215118408203,16.819894790649414,4485127,0.0,0.0
2023-03-10 00:00:00-05:00,16.789751052856445,17.0610408782959,16.262245178222656,16.31499671936035,4692405,0.0,0.0
2023-03-13 00:00:00-04:00,15.953277587890625,16.42803382873535,15.885456085205078,15.923134803771973,7037346,0.0,0.0
2023-03-14 00:00:00-04:00,16.186887741088867,16.375282287597656,15.80256175994873,16.096458435058594,9365170,0.0,0.0
2023-03-15 00:00:00-04:00,15.787490844726562,15.908062934875488,15.237378120422363,15.636775016784668,13302379,0.0,0.0
2023-03-16 00:00:00-04:00,15.395628929138184,15.923134803771973,15.056517601013184,15.885456085205078,12447658,0.0,0.0
2023-03-17 00:00:00-04:00,15.855313301086426,15.862849235534668,15.342879295349121,15.621703147888184,8189713,0.0,0.0
2023-03-20 00:00:00-04:00,15.712133407592773,16.103994369506836,15.681988716125488,15.832704544067383,5545798,0.0,0.0
2023-03-21 00:00:00-04:00,16.066314697265625,16.397890090942383,16.066314697265625,16.247173309326172,4769503,0.0,0.0
2023-03-22 00:00:00-04:00,16.16427993774414,16.556142807006836,16.03617286682129,16.05124282836914,5632186,0.0,0.0
2023-03-23 00:00:00-04:00,16.224567413330078,16.61642837524414,15.855313301086426,16.171815872192383,4769238,0.0,0.0
2023-03-24 00:00:00-04:00,15.990957260131836,16.058778762817383,15.681988716125488,15.817633628845215,3117919,0.0,0.0
2023-03-27 00:00:00-04:00,15.968350410461426,16.254709243774414,15.91559886932373,16.03617286682129,3199928,0.0,0.0
2023-03-28 00:00:00-04:00,16.01356315612793,16.232101440429688,15.91559886932373,16.209495544433594,4287139,0.0,0.0
2023-03-29 00:00:00-04:00,16.3828182220459,16.706857681274414,16.322532653808594,16.684249877929688,4496672,0.0,0.0
2023-03-30 00:00:00-04:00,16.872644424438477,16.985681533813477,16.706857681274414,16.789751052856445,3354523,0.0,0.0
2023-03-31 00:00:00-04:00,16.789751052856445,17.354936599731445,16.789751052856445,17.33986473083496,5231299,0.0,0.0
2023-04-03 00:00:00-04:00,17.25697135925293,17.38507843017578,16.902788162231445,16.985681533813477,4578017,0.0,0.0
2023-04-04 00:00:00-04:00,17.04596710205078,17.04596710205078,16.292388916015625,16.397890090942383,4629505,0.0,0.0
2023-04-05 00:00:00-04:00,16.247173309326172,16.397890090942383,16.134136199951172,16.345138549804688,2785771,0.0,0.0
2023-04-06 00:00:00-04:00,16.224567413330078,16.30746078491211,16.058778762817383,16.08892250061035,3014413,0.0,0.0
2023-04-10 00:00:00-04:00,15.953277587890625,16.35267448425293,15.900527954101562,16.247173309326172,2803022,0.0,0.0
2023-04-11 00:00:00-04:00,16.35267448425293,16.443105697631836,16.12660026550293,16.15674591064453,3016404,0.0,0.0
2023-04-12 00:00:00-04:00,16.299924850463867,16.458175659179688,16.149208068847656,16.186887741088867,3674728,0.0,0.0
2023-04-13 00:00:00-04:00,16.27731704711914,16.533533096313477,16.021099090576172,16.397890090942383,2480561,0.0,0.0
2023-04-14 00:00:00-04:00,16.345138549804688,16.525997161865234,16.19442367553711,16.337604522705078,2273815,0.0,0.0
2023-04-17 00:00:00-04:00,16.217031478881836,16.450641632080078,16.217031478881836,16.284852981567383,3223150,0.0,0.0
2023-04-18 00:00:00-04:00,16.3828182220459,16.50339126586914,16.186887741088867,16.46571159362793,4103880,0.0,0.0
2023-04-19 00:00:00-04:00,16.254709243774414,16.27731704711914,15.840241432189941,15.93820571899414,5507581,0.0,0.0
2023-04-20 00:00:00-04:00,15.7196683883667,15.847777366638184,15.568952560424805,15.659381866455078,9880046,0.0,0.0
2023-04-21 00:00:00-04:00,15.644309997558594,15.66691780090332,15.373022079467773,15.546344757080078,4433507,0.0,0.0
2023-04-24 00:00:00-04:00,15.508666038513184,15.651845932006836,15.486059188842773,15.561416625976562,4633486,0.0,0.0
2023-04-25 00:00:00-04:00,15.335343360900879,15.388092994689941,14.800300598144531,14.830445289611816,6639910,0.0,0.0
2023-04-26 00:00:00-04:00,14.815373420715332,15.131875991821289,14.709872245788574,14.951017379760742,7141251,0.0,0.0
2023-04-27 00:00:00-04:00,14.951017379760742,15.222306251525879,14.649585723876953,15.207234382629395,7727254,0.0,0.0
2023-04-28 00:00:00-04:00,15.162019729614258,15.546344757080078,15.146947860717773,15.501130104064941,4997747,0.0,0.0
2023-05-01 00:00:00-04:00,15.470987319946289,15.870384216308594,15.470987319946289,15.599096298217773,4683248,0.0,0.0
2023-05-02 00:00:00-04:00,15.508666038513184,15.591560363769531,15.192163467407227,15.312734603881836,6086020,0.0,0.0
2023-05-03 00:00:00-04:00,15.388092994689941,15.538808822631836,15.154483795166016,15.162019729614258,5223736,0.0,0.0
2023-05-04 00:00:00-04:00,15.079126358032227,15.259984970092773,14.958553314208984,15.162019729614258,4487914,0.0,0.0
2023-05-05 00:00:00-04:00,15.433307647705078,15.697060585021973,15.357950210571289,15.448380470275879,5879008,0.0,0.0
2023-05-08 00:00:00-04:00,15.448380470275879,15.704597473144531,15.380558013916016,15.697060585021973,8542032,0.0,0.0
2023-05-09 00:00:00-04:00,15.591560363769531,15.923134803771973,15.591560363769531,15.764883041381836,7588184,0.0,0.0
2023-05-10 00:00:00-04:00,15.825169563293457,16.08892250061035,15.697060585021973,15.930670738220215,11280031,0.0,0.0
2023-05-11 00:00:00-04:00,16.337604522705078,17.422758102416992,16.262245178222656,17.33232879638672,20533069,0.0,0.0
2023-05-12 00:00:00-04:00,17.430294036865234,18.153730392456055,17.38507843017578,17.792011260986328,15545274,0.0,0.0
2023-05-15 00:00:00-04:00,17.792011260986328,17.94272804260254,17.64129638671875,17.784475326538086,8572155,0.0,0.0
2023-05-16 00:00:00-04:00,17.739261627197266,18.010549545288086,17.618688583374023,17.618688583374023,6341733,0.0,0.0
2023-05-17 00:00:00-04:00,17.75433349609375,18.44009017944336,17.648832321166992,18.040693283081055,6931850,0.0,0.0
2023-05-18 00:00:00-04:00,18.085908889770508,18.432554244995117,17.94272804260254,18.229087829589844,7760561,0.0,0.0
2023-05-19 00:00:00-04:00,18.372268676757812,18.40994644165039,18.05576515197754,18.311981201171875,5245233,0.0,0.0
2023-05-22 00:00:00-04:00,18.266767501831055,18.545591354370117,18.266767501831055,18.470233917236328,4132411,0.0,0.0
2023-05-23 00:00:00-04:00,18.372268676757812,18.944988250732422,18.372268676757812,18.51544761657715,7111526,0.0,0.0
2023-05-24 00:00:00-04:00,18.417482376098633,18.52298355102539,18.28937530517578,18.462697982788086,3882935,0.0,0.0
2023-05-25 00:00:00-04:00,18.688772201538086,19.261491775512695,18.613414764404297,19.19367027282715,9210972,0.0,0.0
2023-05-26 00:00:00-04:00,19.291635513305664,19.623210906982422,19.133384704589844,19.525245666503906,8458298,0.0,0.0
2023-05-30 00:00:00-04:00,19.781461715698242,19.796533584594727,19.35192108154297,19.442350387573242,6175991,0.0,0.0
2023-05-31 00:00:00-04:00,19.216276168823242,19.41974449157715,18.847023010253906,19.133384704589844,6038248,0.0,0.0
2023-06-01 00:00:00-04:00,19.216276168823242,19.382064819335938,18.990203857421875,19.24641990661621,2789752,0.0,0.0
2023-06-02 00:00:00-04:00,19.434814453125,19.766389846801758,19.382064819335938,19.69103240966797,3719979,0.0,0.0
2023-06-05 00:00:00-04:00,19.638282775878906,19.713640213012695,19.30670738220215,19.495101928710938,4107198,0.0,0.0
2023-06-06 00:00:00-04:00,19.38960075378418,19.826677322387695,19.30670738220215,19.766389846801758,3921816,0.0,0.0
2023-06-07 00:00:00-04:00,19.766389846801758,20.158252716064453,19.766389846801758,20.007535934448242,6062798,0.0,0.0
2023-06-08 00:00:00-04:00,19.902034759521484,20.0,19.751319885253906,19.886962890625,4061416,0.0,0.0
2023-06-09 00:00:00-04:00,19.992464065551758,20.045215606689453,19.73624610900879,19.841747283935547,2821998,0.0,0.0
2023-06-12 00:00:00-04:00,19.879426956176758,20.15071678161621,19.864355087280273,20.113037109375,4158818,0.0,0.0
2023-06-13 00:00:00-04:00,20.120573043823242,20.256216049194336,19.894498825073242,20.052751541137695,5817435,0.0,0.0
2023-06-14 00:00:00-04:00,19.96985626220703,20.218538284301758,19.81160545349121,20.07535743713379,6090134,0.0,0.0
2023-06-15 00:00:00-04:00,20.045215606689453,20.256216049194336,19.85681915283203,20.233610153198242,11170553,0.0,0.0
2023-06-16 00:00:00-04:00,20.26375389099121,20.384326934814453,20.090429306030273,20.173322677612305,4977046,0.0,0.0
2023-06-20 00:00:00-04:00,19.96232032775879,20.587791442871094,19.879426956176758,20.474754333496094,6321563,0.0,0.0
2023-06-21 00:00:00-04:00,20.35418128967285,20.542577743530273,20.120573043823242,20.331575393676758,8788190,0.0,0.0
2023-06-22 00:00:00-04:00,20.30143165588379,20.331575393676758,20.007535934448242,20.022607803344727,3689458,0.0,0.0
2023-06-23 00:00:00-04:00,19.796533584594727,19.992464065551758,19.615673065185547,19.886962890625,3875636,0.0,0.0
2023-06-26 00:00:00-04:00,19.841747283935547,20.090429306030273,19.653352737426758,19.668424606323242,3389689,0.0,0.0
2023-06-27 00:00:00-04:00,19.73624610900879,20.060285568237305,19.5478515625,19.939714431762695,3702728,0.0,0.0
2023-06-28 00:00:00-04:00,19.864355087280273,20.105501174926758,19.788997650146484,20.090429306030273,3985512,0.0,0.0
2023-06-29 00:00:00-04:00,20.218538284301758,20.64054298400879,20.19593048095703,20.617935180664062,4106667,0.0,0.0
2023-06-30 00:00:00-04:00,20.670686721801758,21.047475814819336,20.663150787353516,20.828937530517578,4126174,0.0,0.0
2023-07-03 00:00:00-04:00,20.80632972717285,20.9871883392334,20.64054298400879,20.828937530517578,2124925,0.0,0.0
2023-07-05 00:00:00-04:00,20.625471115112305,20.64807891845703,20.42200469970703,20.565185546875,3757931,0.0,0.0
2023-07-06 00:00:00-04:00,20.41446876525879,20.64054298400879,20.316503524780273,20.49736213684082,2618171,0.0,0.0
2023-07-07 00:00:00-04:00,20.557649612426758,20.9871883392334,20.542577743530273,20.7611141204834,3194753,0.0,0.0
2023-07-10 00:00:00-04:00,20.738508224487305,21.055011749267578,20.738508224487305,21.03240394592285,3100536,0.0,0.0
2023-07-11 00:00:00-04:00,21.085153579711914,21.1002254486084,20.821401596069336,20.99472427368164,3964014,0.0,0.0
2023-07-12 00:00:00-04:00,21.1002254486084,21.22079849243164,21.02486801147461,21.122833251953125,3526237,0.0,0.0
2023-07-13 00:00:00-04:00,21.198190689086914,21.401657104492188,21.14544105529785,21.311227798461914,4468938,0.0,0.0
2023-07-14 00:00:00-04:00,21.281084060668945,21.28862190246582,20.957046508789062,21.02486801147461,3157597,0.0,0.0
2023-07-17 00:00:00-04:00,20.99472427368164,21.36397933959961,20.972118377685547,21.25847816467285,3466788,0.0,0.0
2023-07-18 00:00:00-04:00,21.273548126220703,21.461944580078125,21.183120727539062,21.401657104492188,3770803,0.0,0.0
2023-07-19 00:00:00-04:00,21.52223014831543,21.71816062927246,21.401657104492188,21.695554733276367,5164551,0.0,0.0
2023-07-20 00:00:00-04:00,21.70309066772461,21.70309066772461,21.190656661987305,21.37151527404785,9441207,0.0,0.0
2023-07-21 00:00:00-04:00,21.74830436706543,21.7784481048584,21.235870361328125,21.401657104492188,6125565,0.0,0.0
2023-07-24 00:00:00-04:00,21.36397933959961,21.37904930114746,20.670686721801758,21.228334426879883,8383853,0.0,0.0
2023-07-25 00:00:00-04:00,21.273548126220703,21.567445755004883,21.17558479309082,21.416728973388672,6310947,0.0,0.0
2023-07-26 00:00:00-04:00,21.416728973388672,21.537302017211914,21.2132625579834,21.303693771362305,6539721,0.0,0.0
2023-07-27 00:00:00-04:00,21.47701644897461,21.60512351989746,20.293895721435547,20.346647262573242,13605598,0.0,0.0
2023-07-28 00:00:00-04:00,20.46721839904785,20.75358009338379,20.22607421875,20.331575393676758,7771045,0.0,0.0
2023-07-31 00:00:00-04:00,20.429540634155273,20.776187896728516,20.376789093017578,20.617935180664062,4353887,0.0,0.0
2023-08-01 00:00:00-04:00,20.45968246459961,20.69329261779785,20.30143165588379,20.595327377319336,4000109,0.0,0.0
2023-08-02 00:00:00-04:00,20.391860961914062,20.587791442871094,20.113037109375,20.316503524780273,4026782,0.0,0.0
2023-08-03 00:00:00-04:00,20.15071678161621,20.346647262573242,20.060285568237305,20.128108978271484,2453756,0.0,0.0
2023-08-04 00:00:00-04:00,20.128108978271484,20.61039924621582,20.097965240478516,20.369253158569336,3007646,0.0,0.0
2023-08-07 00:00:00-04:00,20.46721839904785,20.67822265625,20.46721839904785,20.663150787353516,3625762,0.0,0.0
2023-08-08 00:00:00-04:00,20.565185546875,20.746044158935547,20.391860961914062,20.746044158935547,4213756,0.0,0.0
2023-08-09 00:00:00-04:00,20.670686721801758,20.7611141204834,20.346647262573242,20.399396896362305,3132118,0.0,0.0
2023-08-10 00:00:00-04:00,20.57271957397461,20.64807891845703,20.105501174926758,20.248680114746094,3421404,0.0,0.0
2023-08-11 00:00:00-04:00,20.090429306030273,20.128108978271484,19.85681915283203,19.947248458862305,4084771,0.0,0.0
2023-08-14 00:00:00-04:00,19.91710662841797,20.120573043823242,19.85681915283203,20.097965240478516,2505509,0.0,0.0
2023-08-15 00:00:00-04:00,20.218538284301758,20.218538284301758,19.53278160095215,19.781461715698242,5000534,0.0,0.0
2023-08-16 00:00:00-04:00,19.743783950805664,19.81160545349121,19.30670738220215,19.32177734375,3386239,0.0,0.0
2023-08-17 00:00:00-04:00,19.449886322021484,19.69103240966797,19.19367027282715,19.216276168823242,4310494,0.0,0.0
2023-08-18 00:00:00-04:00,18.997739791870117,19.42728042602539,18.884702682495117,19.366992950439453,2866320,0.0,0.0
2023-08-21 00:00:00-04:00,19.38960075378418,19.638282775878906,19.35192108154297,19.58553123474121,2027258,0.0,0.0
2023-08-22 00:00:00-04:00,19.77392578125,19.92464256286621,19.53278160095215,19.5478515625,4728101,0.0,0.0
2023-08-23 00:00:00-04:00,19.5478515625,20.0,19.510173797607422,19.954784393310547,2570399,0.0,0.0
2023-08-24 00:00:00-04:00,20.007535934448242,20.218538284301758,19.615673065185547,19.64581871032715,3101066,0.0,0.0
2023-08-25 00:00:00-04:00,19.64581871032715,19.85681915283203,19.517709732055664,19.69856834411621,2520769,0.0,0.0
2023-08-28 00:00:00-04:00,19.977392196655273,20.595327377319336,19.834213256835938,20.49736213684082,6267819,0.0,0.0
2023-08-29 00:00:00-04:00,20.504898071289062,20.821401596069336,20.391860961914062,20.64054298400879,3453252,0.0,0.0
2023-08-30 00:00:00-04:00,20.57271957397461,20.80632972717285,20.52750587463379,20.587791442871094,2948461,0.0,0.0
2023-08-31 00:00:00-04:00,20.715900421142578,21.092689514160156,20.655614852905273,20.791257858276367,3955256,0.0,0.0
2023-09-01 00:00:00-04:00,20.851545333862305,20.941974639892578,20.670686721801758,20.730972290039062,4474644,0.0,0.0
2023-09-05 00:00:00-04:00,20.587791442871094,20.61039924621582,20.165786743164062,20.18839454650879,5453041,0.0,0.0
2023-09-06 00:00:00-04:00,20.14318084716797,20.293895721435547,19.954784393310547,20.08289337158203,4408825,0.0,0.0
2023-09-07 00:00:00-04:00,20.022607803344727,20.097965240478516,19.50263786315918,19.932178497314453,4392237,0.0,0.0
2023-09-08 00:00:00-04:00,19.879426956176758,19.977392196655273,19.69103240966797,19.77392578125,2813505,0.0,0.0
2023-09-11 00:00:00-04:00,19.91710662841797,20.045215606689453,19.64581871032715,19.96985626220703,3925001,0.0,0.0
2023-09-12 00:00:00-04:00,19.819141387939453,20.045215606689453,19.73624610900879,19.819141387939453,3172194,0.0,0.0
2023-09-13 00:00:00-04:00,19.77392578125,19.91710662841797,19.54031753540039,19.668424606323242,2546115,0.0,0.0
2023-09-14 00:00:00-04:00,19.69103240966797,19.96232032775879,19.69103240966797,19.894498825073242,4256353,0.0,0.0
2023-09-15 00:00:00-04:00,19.85681915283203,19.909570693969727,19.32177734375,19.35945701599121,3619791,0.0,0.0
2023-09-18 00:00:00-04:00,19.284099578857422,19.46495819091797,19.223812103271484,19.31424331665039,2651213,0.0,0.0
2023-09-19 00:00:00-04:00,19.19367027282715,19.487565994262695,19.11831283569336,19.442350387573242,2642588,0.0,0.0
2023-09-20 00:00:00-04:00,19.570459365844727,19.713640213012695,19.41974449157715,19.442350387573242,3184269,0.0,0.0
2023-09-21 00:00:00-04:00,19.23134994506836,19.336849212646484,19.133384704589844,19.155990600585938,3530882,0.0,0.0
2023-09-22 00:00:00-04:00,19.216276168823242,19.69103240966797,19.216276168823242,19.50263786315918,4622472,0.0,0.0
2023-09-25 00:00:00-04:00,19.38960075378418,19.623210906982422,19.329313278198242,19.449886322021484,3917702,0.0,0.0
2023-09-26 00:00:00-04:00,19.284099578857422,19.42728042602539,18.96759605407715,19.0128116607666,4282229,0.0,0.0
2023-09-27 00:00:00-04:00,19.133384704589844,19.32177734375,18.831951141357422,18.952524185180664,3049977,0.0,0.0
2023-09-28 00:00:00-04:00,19.05048942565918,20.08289337158203,19.05048942565918,20.03767967224121,4915341,0.0,0.0
2023-09-29 00:00:00-04:00,20.165786743164062,20.482290267944336,20.052751541137695,20.331575393676758,8941459,0.0,0.0
2023-10-02 00:00:00-04:00,20.256216049194336,20.339111328125,20.015071868896484,20.113037109375,4399403,0.0,0.0
2023-10-03 00:00:00-04:00,20.052751541137695,20.346647262573242,19.766389846801758,19.871891021728516,4928478,0.0,0.0
2023-10-04 00:00:00-04:00,19.939714431762695,20.15071678161621,19.85681915283203,20.052751541137695,3645667,0.0,0.0
2023-10-05 00:00:00-04:00,20.0,20.19593048095703,19.600603103637695,19.623210906982422,4345129,0.0,0.0
2023-10-06 00:00:00-04:00,19.54031753540039,20.03014373779297,19.54031753540039,19.894498825073242,4287670,0.0,0.0
2023-10-09 00:00:00-04:00,19.713640213012695,20.15071678161621,19.615673065185547,20.045215606689453,2708009,0.0,0.0
2023-10-10 00:00:00-04:00,20.128108978271484,20.4521484375,20.090429306030273,20.26375389099121,3808490,0.0,0.0
2023-10-11 00:00:00-04:00,20.346647262573242,20.633007049560547,20.15071678161621,20.316503524780273,4359062,0.0,0.0
2023-10-12 00:00:00-04:00,20.361717224121094,20.437076568603516,19.984928131103516,20.180858612060547,3026754,0.0,0.0
2023-10-13 00:00:00-04:00,20.060285568237305,20.180858612060547,19.38960075378418,19.41974449157715,3829987,0.0,0.0
2023-10-16 00:00:00-04:00,19.600603103637695,20.022607803344727,19.600603103637695,19.85681915283203,3441840,0.0,0.0
2023-10-17 00:00:00-04:00,19.58553123474121,20.007535934448242,19.42728042602539,19.5478515625,11242079,0.0,0.0
2023-10-18 00:00:00-04:00,19.261491775512695,19.57799530029297,19.110776901245117,19.336849212646484,4268959,0.0,0.0
2023-10-19 00:00:00-04:00,19.374528884887695,19.442350387573242,18.62095069885254,18.658628463745117,5439108,0.0,0.0
2023-10-20 00:00:00-04:00,18.538055419921875,18.538055419921875,17.72418975830078,18.17633819580078,12767863,0.0,0.0
2023-10-23 00:00:00-04:00,18.085908889770508,18.13865852355957,17.792011260986328,17.874906539916992,7545322,0.0,0.0
2023-10-24 00:00:00-04:00,18.02562141418457,18.28937530517578,17.905048370361328,17.957799911499023,9844880,0.0,0.0
2023-10-25 00:00:00-04:00,17.897512435913086,18.06330108642578,17.437829971313477,17.49811553955078,11078725,0.0,0.0
2023-10-26 00:00:00-04:00,19.208742141723633,19.53278160095215,18.63602066040039,19.41974449157715,22258965,0.0,0.0
2023-10-27 00:00:00-04:00,19.397136688232422,19.570459365844727,19.103239059448242,19.382064819335938,9994566,0.0,0.0
2023-10-30 00:00:00-04:00,19.41974449157715,19.608139038085938,19.2388858795166,19.261491775512695,6447760,0.0,0.0
2023-10-31 00:00:00-04:00,19.261491775512695,19.457422256469727,19.155990600585938,19.382064819335938,4583591,0.0,0.0
2023-11-01 00:00:00-04:00,19.329313278198242,19.449886322021484,19.103239059448242,19.42728042602539,6092788,0.0,0.0
2023-11-02 00:00:00-04:00,19.638282775878906,19.781461715698242,19.08816909790039,19.110776901245117,6272994,0.0,0.0
2023-11-03 00:00:00-04:00,19.397136688232422,19.781461715698242,19.32177734375,19.69103240966797,5929700,0.0,0.0
2023-11-06 00:00:00-05:00,19.69103240966797,19.713640213012695,19.487565994262695,19.555387496948242,2881713,0.0,0.0
2023-11-07 00:00:00-05:00,19.510173797607422,19.638282775878906,19.366992950439453,19.366992950439453,2078480,0.0,0.0
2023-11-08 00:00:00-05:00,19.397136688232422,19.593067169189453,19.208742141723633,19.46495819091797,3062318,0.0,0.0
2023-11-09 00:00:00-05:00,19.510173797607422,19.638282775878906,19.31424331665039,19.329313278198242,3830784,0.0,0.0
2023-11-10 00:00:00-05:00,19.35192108154297,19.728710174560547,19.329313278198242,19.660888671875,5059188,0.0,0.0
2023-11-13 00:00:00-05:00,19.653352737426758,19.743783950805664,19.510173797607422,19.593067169189453,2711592,0.0,0.0
2023-11-14 00:00:00-05:00,19.902034759521484,20.346647262573242,19.864355087280273,20.19593048095703,4442796,0.0,0.0
2023-11-15 00:00:00-05:00,20.218538284301758,20.602863311767578,20.165786743164062,20.203466415405273,5380720,0.0,0.0
2023-11-16 00:00:00-05:00,19.92464256286621,20.173322677612305,19.80406951904297,19.879426956176758,4982354,0.0,0.0
2023-11-17 00:00:00-05:00,20.022607803344727,20.022607803344727,19.638282775878906,19.781461715698242,7441418,0.0,0.0
2023-11-20 00:00:00-05:00,19.841747283935547,20.067821502685547,19.788997650146484,20.0,4865180,0.0,0.0
2023-11-21 00:00:00-05:00,19.826677322387695,19.939714431762695,19.675960540771484,19.728710174560547,3646994,0.0,0.0
2023-11-22 00:00:00-05:00,19.91710662841797,20.105501174926758,19.75885581970215,19.834213256835938,2429604,0.0,0.0
2023-11-24 00:00:00-05:00,19.788997650146484,19.871891021728516,19.653352737426758,19.871891021728516,1282944,0.0,0.0
2023-11-27 00:00:00-05:00,19.788997650146484,20.120573043823242,19.668424606323242,20.097965240478516,4628045,0.0,0.0
2023-11-28 00:00:00-05:00,20.105501174926758,20.30143165588379,19.683496475219727,19.743783950805664,4664538,0.0,0.0
2023-11-29 00:00:00-05:00,19.434814453125,19.879426956176758,19.20120620727539,19.35192108154297,9277455,0.0,0.0
2023-11-30 00:00:00-05:00,19.517709732055664,19.525245666503906,19.095705032348633,19.178598403930664,7014257,0.0,0.0
2023-12-01 00:00:00-05:00,19.178598403930664,19.69856834411621,19.065561294555664,19.57799530029297,3929247,0.0,0.0
2023-12-04 00:00:00-05:00,19.336849212646484,19.525245666503906,19.103239059448242,19.155990600585938,5218693,0.0,0.0
2023-12-05 00:00:00-05:00,19.035417556762695,19.065561294555664,18.801809310913086,18.990203857421875,3997322,0.0,0.0
2023-12-06 00:00:00-05:00,19.140918731689453,19.269027709960938,19.020347595214844,19.027881622314453,5034903,0.0,0.0
2023-12-07 00:00:00-05:00,19.110776901245117,19.216276168823242,18.990203857421875,19.140918731689453,7039735,0.0,0.0
2023-12-08 00:00:00-05:00,19.08816909790039,19.382064819335938,19.073097229003906,19.344385147094727,3806101,0.0,0.0
2023-12-11 00:00:00-05:00,19.344385147094727,19.50263786315918,19.23134994506836,19.449886322021484,4991511,0.0,0.0
2023-12-12 00:00:00-05:00,19.47249412536621,19.75885581970215,19.31424331665039,19.69103240966797,5874098,0.0,0.0
2023-12-13 00:00:00-05:00,19.660888671875,20.045215606689453,19.412208557128906,19.819141387939453,7883707,0.0,0.0
2023-12-14 00:00:00-05:00,20.19593048095703,21.627731323242188,20.113037109375,21.59758949279785,13713085,0.0,0.0
2023-12-15 00:00:00-05:00,21.650339126586914,21.883949279785156,21.303693771362305,21.763376235961914,8126946,0.0,0.0
2023-12-18 00:00:00-05:00,22.004520416259766,22.125093460083008,21.59758949279785,21.620195388793945,4532501,0.0,0.0
2023-12-19 00:00:00-05:00,21.620195388793945,22.675207138061523,21.5523738861084,22.539562225341797,12461857,0.0,0.0
2023-12-20 00:00:00-05:00,22.607385635375977,22.85606575012207,22.268274307250977,22.298416137695312,6552063,0.0,0.0
2023-12-21 00:00:00-05:00,22.50942039489746,22.81838607788086,22.39638328552246,22.652599334716797,6517826,0.0,0.0
2023-12-22 00:00:00-05:00,22.750564575195312,22.89374542236328,22.532026290893555,22.85606575012207,3429764,0.0,0.0
2023-12-26 00:00:00-05:00,22.85606575012207,23.149961471557617,22.765636444091797,23.0519962310791,3362618,0.0,0.0
2023-12-27 00:00:00-05:00,23.014318466186523,23.172569274902344,22.9389591217041,23.029390335083008,3345234,0.0,0.0
2023-12-28 00:00:00-05:00,22.991710662841797,23.127355575561523,22.81838607788086,23.11228370666504,2450040,0.0,0.0
2023-12-29 00:00:00-05:00,23.097211837768555,23.097211837768555,22.72795867919922,22.95403289794922,3341651,0.0,0.0
2024-01-02 00:00:00-05:00,22.55463409423828,23.014318466186523,22.24566650390625,22.833459854125977,7733358,0.0,0.0
2024-01-03 00:00:00-05:00,23.829999923706055,23.979999542236328,22.510000228881836,23.739999771118164,17277700,0.0,1.327
2024-01-04 00:00:00-05:00,23.829999923706055,23.899999618530273,23.1299991607666,23.18000030517578,7693500,0.0,0.0
2024-01-05 00:00:00-05:00,23.030000686645508,23.469999313354492,23.020000457763672,23.290000915527344,5979800,0.0,0.0
2024-01-08 00:00:00-05:00,23.34000015258789,23.850000381469727,23.059999465942383,23.739999771118164,4993800,0.0,0.0
2024-01-09 00:00:00-05:00,23.350000381469727,23.770000457763672,23.350000381469727,23.760000228881836,3980100,0.0,0.0
2024-01-10 00:00:00-05:00,23.739999771118164,23.81999969482422,23.079999923706055,23.170000076293945,4279600,0.0,0.0
2024-01-11 00:00:00-05:00,23.18000030517578,23.6299991607666,23.010000228881836,23.610000610351562,4611800,0.0,0.0
2024-01-12 00:00:00-05:00,23.739999771118164,23.770000457763672,23.299999237060547,23.329999923706055,2983500,0.0,0.0
2024-01-16 00:00:00-05:00,23.299999237060547,23.299999237060547,22.6299991607666,22.739999771118164,4084000,0.0,0.0
2024-01-17 00:00:00-05:00,22.399999618530273,22.5,21.84000015258789,22.1299991607666,5968500,0.0,0.0
2024-01-18 00:00:00-05:00,22.3700008392334,22.5,22.030000686645508,22.489999771118164,5651000,0.0,0.0
2024-01-19 00:00:00-05:00,22.5,22.989999771118164,22.479999542236328,22.979999542236328,3656800,0.0,0.0
2024-01-22 00:00:00-05:00,23.209999084472656,23.360000610351562,22.979999542236328,23.170000076293945,3293200,0.0,0.0
2024-01-23 00:00:00-05:00,23.360000610351562,23.479999542236328,23.059999465942383,23.110000610351562,4100400,0.0,0.0
2024-01-24 00:00:00-05:00,23.260000228881836,23.350000381469727,22.90999984741211,23.030000686645508,3598000,0.0,0.0
2024-01-25 00:00:00-05:00,23.06999969482422,23.34000015258789,22.950000762939453,23.229999542236328,4977500,0.0,0.0
2024-01-26 00:00:00-05:00,23.309999465942383,23.329999923706055,22.8700008392334,23.010000228881836,4377500,0.0,0.0
2024-01-29 00:00:00-05:00,22.850000381469727,23.049999237060547,22.56999969482422,23.049999237060547,10439000,0.0,0.0
2024-01-30 00:00:00-05:00,23.489999771118164,24.040000915527344,23.43000030517578,24.030000686645508,7304100,0.0,0.0
2024-01-31 00:00:00-05:00,23.979999542236328,24.18000030517578,23.639999389648438,23.739999771118164,6535100,0.0,0.0
2024-02-01 00:00:00-05:00,24.860000610351562,25.959999084472656,24.3700008392334,25.040000915527344,19640700,0.0,0.0
2024-02-02 00:00:00-05:00,25.229999542236328,25.290000915527344,24.649999618530273,25.09000015258789,7182500,0.0,0.0
2024-02-05 00:00:00-05:00,24.760000228881836,25.15999984741211,24.450000762939453,24.549999237060547,4716600,0.0,0.0
2024-02-06 00:00:00-05:00,24.389999389648438,24.520000457763672,24.049999237060547,24.170000076293945,4437600,0.0,0.0
2024-02-07 00:00:00-05:00,24.260000228881836,24.530000686645508,24.110000610351562,24.510000228881836,4390400,0.0,0.0
2024-02-08 00:00:00-05:00,24.68000030517578,25.709999084472656,24.56999969482422,25.540000915527344,5396700,0.0,0.0
2024-02-09 00:00:00-05:00,25.549999237060547,26.719999313354492,25.549999237060547,26.649999618530273,7834400,0.0,0.0
2024-02-12 00:00:00-05:00,26.799999237060547,27.540000915527344,26.709999084472656,27.299999237060547,7774000,0.0,0.0
2024-02-13 00:00:00-05:00,26.809999465942383,27.290000915527344,26.690000534057617,27.079999923706055,5320100,0.0,0.0
2024-02-14 00:00:00-05:00,27.700000762939453,28.31999969482422,27.450000762939453,28.219999313354492,6630400,0.0,0.0
2024-02-15 00:00:00-05:00,28.5,29.020000457763672,28.450000762939453,28.56999969482422,8541500,0.0,0.0
2024-02-16 00:00:00-05:00,28.739999771118164,28.760000228881836,28.1299991607666,28.219999313354492,5517100,0.0,0.0
2024-02-20 00:00:00-05:00,27.709999084472656,28.030000686645508,27.270000457763672,27.729999542236328,4755200,0.0,0.0
2024-02-21 00:00:00-05:00,27.399999618530273,27.6200008392334,27.110000610351562,27.270000457763672,5364700,0.0,0.0
2024-02-22 00:00:00-05:00,27.729999542236328,28.100000381469727,27.600000381469727,27.989999771118164,5315400,0.0,0.0
2024-02-23 00:00:00-05:00,28.100000381469727,28.270000457763672,27.860000610351562,28.149999618530273,3756300,0.0,0.0
2024-02-26 00:00:00-05:00,28.0,28.25,27.90999984741211,28.0,3913400,0.0,0.0
2024-02-27 00:00:00-05:00,28.1200008392334,28.420000076293945,27.760000228881836,27.799999237060547,3744400,0.0,0.0
2024-02-28 00:00:00-05:00,27.420000076293945,28.079999923706055,27.209999084472656,27.889999389648438,3625900,0.0,0.0
2024-02-29 00:00:00-05:00,28.06999969482422,28.309999465942383,27.93000030517578,28.149999618530273,3334400,0.0,0.0
2024-03-01 00:00:00-05:00,28.200000762939453,29.15999984741211,28.1299991607666,29.0,4603800,0.0,0.0
2024-03-04 00:00:00-05:00,29.3799991607666,30.010000228881836,29.290000915527344,29.969999313354492,5024300,0.0,0.0
2024-03-05 00:00:00-05:00,29.979999542236328,30.399999618530273,29.65999984741211,30.049999237060547,3899700,0.0,0.0
2024-03-06 00:00:00-05:00,30.520000457763672,30.920000076293945,30.420000076293945,30.639999389648438,4602400,0.0,0.0
2024-03-07 00:00:00-05:00,30.59000015258789,30.760000228881836,30.1299991607666,30.510000228881836,3064500,0.0,0.0
2024-03-08 00:00:00-05:00,30.8700008392334,30.93000030517578,29.780000686645508,29.81999969482422,3506900,0.0,0.0
2024-03-11 00:00:00-04:00,29.469999313354492,29.540000915527344,28.690000534057617,28.780000686645508,4738500,0.0,0.0
2024-03-12 00:00:00-04:00,29.040000915527344,29.110000610351562,28.68000030517578,28.93000030517578,3270100,0.0,0.0
2024-03-13 00:00:00-04:00,28.950000762939453,29.010000228881836,28.559999465942383,28.75,3069100,0.0,0.0
2024-03-14 00:00:00-04:00,28.739999771118164,28.93000030517578,28.030000686645508,28.229999542236328,5045800,0.0,0.0
2024-03-15 00:00:00-04:00,27.649999618530273,27.829999923706055,26.6299991607666,26.940000534057617,9764700,0.0,0.0
2024-03-18 00:00:00-04:00,27.31999969482422,27.459999084472656,26.8700008392334,27.389999389648438,7420500,0.0,0.0
2024-03-19 00:00:00-04:00,27.139999389648438,27.290000915527344,26.84000015258789,27.010000228881836,3711400,0.0,0.0
2024-03-20 00:00:00-04:00,26.790000915527344,27.239999771118164,26.790000915527344,27.110000610351562,4816200,0.0,0.0
2024-03-21 00:00:00-04:00,27.719999313354492,28.489999771118164,27.549999237060547,28.309999465942383,6769600,0.0,0.0
2024-03-22 00:00:00-04:00,28.450000762939453,28.760000228881836,28.190000534057617,28.729999542236328,4369500,0.0,0.0
2024-03-25 00:00:00-04:00,28.81999969482422,28.969999313354492,28.549999237060547,28.670000076293945,3175300,0.0,0.0
2024-03-26 00:00:00-04:00,28.899999618530273,29.139999389648438,28.520000457763672,28.530000686645508,2875600,0.0,0.0
2024-03-27 00:00:00-04:00,28.65999984741211,28.790000915527344,28.170000076293945,28.6299991607666,2767300,0.0,0.0
2024-03-28 00:00:00-04:00,28.540000915527344,28.649999618530273,28.280000686645508,28.610000610351562,1960600,0.0,0.0
2024-04-01 00:00:00-04:00,28.540000915527344,29.049999237060547,28.3700008392334,28.440000534057617,2059000,0.0,0.0
2024-04-02 00:00:00-04:00,28.1299991607666,28.510000228881836,27.920000076293945,28.440000534057617,2368200,0.0,0.0
2024-04-03 00:00:00-04:00,28.1200008392334,29.18000030517578,28.1200008392334,29.010000228881836,3043600,0.0,0.0
2024-04-04 00:00:00-04:00,29.520000457763672,29.899999618530273,28.559999465942383,28.59000015258789,3673300,0.0,0.0
2024-04-05 00:00:00-04:00,28.799999237060547,29.260000228881836,28.690000534057617,29.059999465942383,2601100,0.0,0.0
2024-04-08 00:00:00-04:00,29.170000076293945,29.299999237060547,28.68000030517578,28.770000457763672,3030800,0.0,0.0
2024-04-09 00:00:00-04:00,28.93000030517578,29.270000457763672,28.479999542236328,28.829999923706055,3024000,0.0,0.0
2024-04-10 00:00:00-04:00,28.1299991607666,28.639999389648438,28.040000915527344,28.450000762939453,2756400,0.0,0.0
2024-04-11 00:00:00-04:00,28.520000457763672,29.139999389648438,28.479999542236328,29.100000381469727,3395200,0.0,0.0
2024-04-12 00:00:00-04:00,28.809999465942383,28.920000076293945,28.34000015258789,28.3799991607666,3964900,0.0,0.0
2024-04-15 00:00:00-04:00,28.799999237060547,28.979999542236328,28.059999465942383,28.079999923706055,3434700,0.0,0.0
2024-04-16 00:00:00-04:00,27.81999969482422,28.420000076293945,27.75,28.200000762939453,2704900,0.0,0.0
2024-04-17 00:00:00-04:00,28.489999771118164,28.520000457763672,27.969999313354492,28.079999923706055,2508600,0.0,0.0
2024-04-18 00:00:00-04:00,27.950000762939453,28.639999389648438,27.399999618530273,27.6299991607666,3622900,0.0,0.0
2024-04-19 00:00:00-04:00,27.579999923706055,27.8700008392334,26.950000762939453,27.06999969482422,3933800,0.0,0.0
2024-04-22 00:00:00-04:00,27.43000030517578,27.860000610351562,27.239999771118164,27.6299991607666,2664700,0.0,0.0
2024-04-23 00:00:00-04:00,28.0,28.81999969482422,27.920000076293945,28.530000686645508,3386600,0.0,0.0
2024-04-24 00:00:00-04:00,28.75,28.989999771118164,28.260000228881836,28.5,2640700,0.0,0.0
2024-04-25 00:00:00-04:00,28.270000457763672,28.8799991607666,28.040000915527344,28.700000762939453,2537500,0.0,0.0
2024-04-26 00:00:00-04:00,28.709999084472656,29.15999984741211,28.68000030517578,28.969999313354492,2934600,0.0,0.0
2024-04-29 00:00:00-04:00,28.969999313354492,29.229999542236328,28.899999618530273,29.209999084472656,2861300,0.0,0.0
2024-04-30 00:00:00-04:00,29.049999237060547,29.780000686645508,28.59000015258789,28.649999618530273,5807800,0.0,0.0
2024-05-01 00:00:00-04:00,26.959999084472656,27.8700008392334,25.270000457763672,26.34000015258789,12635000,0.0,0.0
2024-05-02 00:00:00-04:00,25.850000381469727,27.420000076293945,25.649999618530273,27.420000076293945,10495200,0.0,0.0
2024-05-03 00:00:00-04:00,27.81999969482422,28.450000762939453,27.329999923706055,27.899999618530273,7558200,0.0,0.0
2024-05-06 00:00:00-04:00,28.1299991607666,29.309999465942383,28.06999969482422,29.190000534057617,5885700,0.0,0.0
2024-05-07 00:00:00-04:00,29.360000610351562,29.729999542236328,29.020000457763672,29.139999389648438,4718200,0.0,0.0
2024-05-08 00:00:00-04:00,29.0,29.290000915527344,28.540000915527344,28.559999465942383,8108100,0.0,0.0
2024-05-09 00:00:00-04:00,28.56999969482422,28.920000076293945,28.469999313354492,28.709999084472656,2721100,0.0,0.0
2024-05-10 00:00:00-04:00,29.020000457763672,29.149999618530273,28.6200008392334,28.65999984741211,2084200,0.0,0.0
2024-05-13 00:00:00-04:00,28.799999237060547,28.920000076293945,28.530000686645508,28.559999465942383,2887900,0.0,0.0
2024-05-14 00:00:00-04:00,28.59000015258789,29.06999969482422,28.59000015258789,28.989999771118164,2880500,0.0,0.0
2024-05-15 00:00:00-04:00,29.25,29.850000381469727,29.049999237060547,29.329999923706055,3838600,0.0,0.0
2024-05-16 00:00:00-04:00,29.350000381469727,29.6299991607666,29.110000610351562,29.15999984741211,1836200,0.0,0.0
2024-05-17 00:00:00-04:00,29.200000762939453,29.579999923706055,29.1200008392334,29.299999237060547,2006600,0.0,0.0
2024-05-20 00:00:00-04:00,29.260000228881836,30.200000762939453,29.209999084472656,29.84000015258789,3175000,0.0,0.0
2024-05-21 00:00:00-04:00,29.56999969482422,29.8799991607666,29.219999313354492,29.75,3608700,0.0,0.0
2024-05-22 00:00:00-04:00,29.75,31.389999389648438,29.75,31.3700008392334,5551200,0.0,0.0
2024-05-23 00:00:00-04:00,31.639999389648438,32.4900016784668,31.540000915527344,32.18000030517578,9780800,0.0,0.0
2024-05-24 00:00:00-04:00,32.439998626708984,33.33000183105469,32.369998931884766,33.16999816894531,4832600,0.0,0.0
2024-05-28 00:00:00-04:00,33.29999923706055,33.77000045776367,32.880001068115234,33.63999938964844,4698100,0.0,0.0
2024-05-29 00:00:00-04:00,33.459999084472656,33.630001068115234,33.20000076293945,33.279998779296875,3443100,0.0,0.0
2024-05-30 00:00:00-04:00,33.47999954223633,34.119998931884766,33.400001525878906,33.779998779296875,4945400,0.0,0.0
2024-05-31 00:00:00-04:00,33.83000183105469,33.88999938964844,32.54999923706055,33.130001068115234,5939500,0.0,0.0
2024-06-03 00:00:00-04:00,33.380001068115234,33.959999084472656,32.689998626708984,33.15999984741211,3844200,0.0,0.0
2024-06-04 00:00:00-04:00,32.83000183105469,33.040000915527344,32.220001220703125,32.33000183105469,4267400,0.0,0.0
2024-06-05 00:00:00-04:00,32.5099983215332,33.630001068115234,32.5099983215332,33.59000015258789,4297700,0.0,0.0
2024-06-06 00:00:00-04:00,33.56999969482422,33.7400016784668,32.060001373291016,32.2599983215332,5222300,0.0,0.0
2024-06-07 00:00:00-04:00,32.04999923706055,32.369998931884766,31.760000228881836,31.969999313354492,2825900,0.0,0.0
2024-06-10 00:00:00-04:00,31.920000076293945,32.849998474121094,31.84000015258789,32.7400016784668,4164100,0.0,0.0
2024-06-11 00:00:00-04:00,32.470001220703125,32.619998931884766,31.93000030517578,32.13999938964844,2977000,0.0,0.0
2024-06-12 00:00:00-04:00,32.59000015258789,32.7599983215332,31.770000457763672,31.969999313354492,3454500,0.0,0.0
2024-06-13 00:00:00-04:00,31.969999313354492,32.060001373291016,31.350000381469727,32.02000045776367,2826900,0.0,0.0
2024-06-14 00:00:00-04:00,31.610000610351562,31.729999542236328,31.1299991607666,31.260000228881836,2867800,0.0,0.0
2024-06-17 00:00:00-04:00,31.399999618530273,31.850000381469727,31.1200008392334,31.579999923706055,3766100,0.0,0.0
2024-06-18 00:00:00-04:00,31.729999542236328,32.22999954223633,31.350000381469727,31.6200008392334,4453400,0.0,0.0
2024-06-20 00:00:00-04:00,31.25,31.31999969482422,30.360000610351562,30.610000610351562,4987600,0.0,0.0
2024-06-21 00:00:00-04:00,30.270000457763672,30.850000381469727,29.969999313354492,30.65999984741211,5923900,0.0,0.0
2024-06-24 00:00:00-04:00,30.559999465942383,30.8799991607666,30.299999237060547,30.510000228881836,3294800,0.0,0.0
2024-06-25 00:00:00-04:00,30.530000686645508,30.81999969482422,30.209999084472656,30.739999771118164,2510000,0.0,0.0
2024-06-26 00:00:00-04:00,30.600000381469727,30.639999389648438,30.020000457763672,30.299999237060547,3867700,0.0,0.0
2024-06-27 00:00:00-04:00,30.34000015258789,30.610000610351562,29.229999542236328,29.3700008392334,6316600,0.0,0.0
2024-06-28 00:00:00-04:00,29.610000610351562,30.030000686645508,29.25,29.489999771118164,4543200,0.0,0.0
2024-07-01 00:00:00-04:00,29.549999237060547,29.790000915527344,29.170000076293945,29.65999984741211,3050600,0.0,0.0
2024-07-02 00:00:00-04:00,29.639999389648438,30.059999465942383,29.18000030517578,29.469999313354492,2572200,0.0,0.0
2024-07-03 00:00:00-04:00,29.469999313354492,30.270000457763672,29.420000076293945,30.100000381469727,2168800,0.0,0.0
2024-07-05 00:00:00-04:00,30.100000381469727,30.290000915527344,29.440000534057617,29.5,2013400,0.0,0.0
2024-07-08 00:00:00-04:00,29.600000381469727,29.989999771118164,29.510000228881836,29.639999389648438,2420800,0.0,0.0
2024-07-09 00:00:00-04:00,29.649999618530273,29.729999542236328,29.280000686645508,29.299999237060547,2095600,0.0,0.0
2024-07-10 00:00:00-04:00,29.6299991607666,29.969999313354492,29.469999313354492,29.950000762939453,2008200,0.0,0.0
2024-07-11 00:00:00-04:00,30.170000076293945,30.549999237060547,29.959999084472656,30.1200008392334,2538500,0.0,0.0
2024-07-12 00:00:00-04:00,30.280000686645508,30.780000686645508,29.850000381469727,30.389999389648438,2271200,0.0,0.0
2024-07-15 00:00:00-04:00,30.43000030517578,31.1200008392334,30.219999313354492,30.280000686645508,2175000,0.0,0.0
2024-07-16 00:00:00-04:00,30.549999237060547,31.829999923706055,30.40999984741211,31.81999969482422,2903600,0.0,0.0
2024-07-17 00:00:00-04:00,31.200000762939453,31.56999969482422,30.739999771118164,31.030000686645508,4042100,0.0,0.0
2024-07-18 00:00:00-04:00,31.1299991607666,31.229999542236328,28.899999618530273,29.219999313354492,4655200,0.0,0.0
2024-07-19 00:00:00-04:00,29.280000686645508,29.450000762939453,28.920000076293945,29.040000915527344,2288900,0.0,0.0
2024-07-22 00:00:00-04:00,29.360000610351562,29.6200008392334,28.920000076293945,29.479999542236328,3141000,0.0,0.0
2024-07-23 00:00:00-04:00,29.510000228881836,29.959999084472656,29.43000030517578,29.719999313354492,3343400,0.0,0.0
2024-07-24 00:00:00-04:00,31.81999969482422,33.70000076293945,31.65999984741211,31.760000228881836,7559400,0.0,0.0
2024-07-25 00:00:00-04:00,31.940000534057617,32.029998779296875,30.239999771118164,30.940000534057617,6341600,0.0,0.0
2024-07-26 00:00:00-04:00,31.420000076293945,32.59000015258789,31.389999389648438,32.0099983215332,4862900,0.0,0.0
2024-07-29 00:00:00-04:00,32.150001525878906,32.540000915527344,31.489999771118164,31.809999465942383,3439700,0.0,0.0
2024-07-30 00:00:00-04:00,31.729999542236328,32.029998779296875,30.889999389648438,31.239999771118164,3106900,0.0,0.0
2024-07-31 00:00:00-04:00,31.850000381469727,32.709999084472656,31.850000381469727,32.150001525878906,3529500,0.0,0.0
2024-08-01 00:00:00-04:00,32.09000015258789,32.56999969482422,30.559999465942383,30.670000076293945,3034000,0.0,0.0
2024-08-02 00:00:00-04:00,29.530000686645508,29.530000686645508,28.309999465942383,28.59000015258789,3908300,0.0,0.0
2024-08-05 00:00:00-04:00,26.18000030517578,28.329999923706055,26.020000457763672,28.190000534057617,4696900,0.0,0.0
2024-08-06 00:00:00-04:00,28.3700008392334,29.149999618530273,28.219999313354492,28.75,3498500,0.0,0.0
2024-08-07 00:00:00-04:00,29.299999237060547,29.40999984741211,28.06999969482422,28.100000381469727,2527000,0.0,0.0
2024-08-08 00:00:00-04:00,28.610000610351562,29.079999923706055,28.18000030517578,29.030000686645508,1622900,0.0,0.0
2024-08-09 00:00:00-04:00,28.959999084472656,29.350000381469727,28.670000076293945,29.290000915527344,1159100,0.0,0.0
2024-08-12 00:00:00-04:00,29.3700008392334,29.75,29.18000030517578,29.549999237060547,1716700,0.0,0.0
2024-08-13 00:00:00-04:00,29.950000762939453,30.719999313354492,29.93000030517578,30.350000381469727,1790100,0.0,0.0
2024-08-14 00:00:00-04:00,30.639999389648438,30.799999237060547,30.1200008392334,30.459999084472656,2349000,0.0,0.0
2024-08-15 00:00:00-04:00,31.0,31.860000610351562,30.93000030517578,31.649999618530273,2451100,0.0,0.0
2024-08-16 00:00:00-04:00,31.489999771118164,31.899999618530273,31.420000076293945,31.6200008392334,2237100,0.0,0.0
2024-08-19 00:00:00-04:00,31.75,32.029998779296875,31.559999465942383,31.969999313354492,2276800,0.0,0.0
2024-08-20 00:00:00-04:00,31.81999969482422,32.150001525878906,31.440000534057617,31.5,1509700,0.0,0.0
2024-08-21 00:00:00-04:00,31.690000534057617,32.18000030517578,31.690000534057617,31.799999237060547,1978800,0.0,0.0
2024-08-22 00:00:00-04:00,31.979999542236328,32.20000076293945,31.520000457763672,31.559999465942383,1277900,0.0,0.0
2024-08-23 00:00:00-04:00,31.75,32.959999084472656,31.75,32.93000030517578,2215800,0.0,0.0
2024-08-26 00:00:00-04:00,32.97999954223633,33.150001525878906,32.41999816894531,32.45000076293945,1457900,0.0,0.0
2024-08-27 00:00:00-04:00,32.25,32.380001068115234,32.0099983215332,32.220001220703125,1568000,0.0,0.0
2024-08-28 00:00:00-04:00,32.25,32.5099983215332,31.920000076293945,31.950000762939453,1451900,0.0,0.0
2024-08-29 00:00:00-04:00,32.18000030517578,32.97999954223633,32.029998779296875,32.34000015258789,1819400,0.0,0.0
2024-08-30 00:00:00-04:00,32.68000030517578,32.81999969482422,32.16999816894531,32.4900016784668,2390500,0.0,0.0
2024-09-03 00:00:00-04:00,32.15999984741211,32.369998931884766,30.350000381469727,30.450000762939453,2913000,0.0,0.0
2024-09-04 00:00:00-04:00,30.06999969482422,30.84000015258789,30.059999465942383,30.670000076293945,3881200,0.0,0.0
2024-09-05 00:00:00-04:00,30.489999771118164,30.8799991607666,30.229999542236328,30.399999618530273,1426600,0.0,0.0
2024-09-06 00:00:00-04:00,30.420000076293945,30.420000076293945,28.950000762939453,29.049999237060547,1931600,0.0,0.0
2024-09-09 00:00:00-04:00,29.649999618530273,30.75,28.329999923706055,28.760000228881836,10998700,0.0,0.0
2024-09-10 00:00:00-04:00,28.90999984741211,28.90999984741211,28.260000228881836,28.420000076293945,5864700,0.0,0.0
2024-09-11 00:00:00-04:00,28.43000030517578,30.110000610351562,28.280000686645508,30.030000686645508,5479500,0.0,0.0
2024-09-12 00:00:00-04:00,30.040000915527344,30.170000076293945,29.469999313354492,29.6200008392334,3997600,0.0,0.0
2024-09-13 00:00:00-04:00,29.899999618530273,30.239999771118164,29.770000457763672,29.799999237060547,2959300,0.0,0.0
2024-09-16 00:00:00-04:00,29.329999923706055,30.100000381469727,29.229999542236328,29.8799991607666,3448900,0.0,0.0
2024-09-17 00:00:00-04:00,29.989999771118164,30.989999771118164,29.950000762939453,30.850000381469727,4128400,0.0,0.0
2024-09-18 00:00:00-04:00,30.8700008392334,31.920000076293945,30.770000457763672,31.110000610351562,3568500,0.0,0.0
2024-09-19 00:00:00-04:00,31.979999542236328,32.7400016784668,31.829999923706055,32.400001525878906,6863800,0.0,0.0
2024-09-20 00:00:00-04:00,32.38999938964844,33.040000915527344,32.0,32.93000030517578,31675300,0.0,0.0
2024-09-23 00:00:00-04:00,33.09000015258789,33.2599983215332,32.47999954223633,32.7400016784668,4011300,0.0,0.0
2024-09-24 00:00:00-04:00,33.119998931884766,33.349998474121094,32.099998474121094,32.150001525878906,3028100,0.0,0.0
2024-09-25 00:00:00-04:00,31.90999984741211,32.2400016784668,31.489999771118164,31.690000534057617,3323700,0.0,0.0
2024-09-26 00:00:00-04:00,32.619998931884766,34.41999816894531,32.279998779296875,34.0,5280000,0.0,0.0
2024-09-27 00:00:00-04:00,34.13999938964844,34.209999084472656,33.209999084472656,33.560001373291016,2635000,0.0,0.0
2024-09-30 00:00:00-04:00,33.47999954223633,33.779998779296875,33.029998779296875,33.43000030517578,2915000,0.0,0.0
2024-10-01 00:00:00-04:00,33.310001373291016,33.369998931884766,32.45000076293945,32.720001220703125,2559400,0.0,0.0
2024-10-02 00:00:00-04:00,32.4900016784668,33.38999938964844,32.40999984741211,32.66999816894531,2157300,0.0,0.0
2024-10-03 00:00:00-04:00,32.34000015258789,32.939998626708984,32.34000015258789,32.52000045776367,1519700,0.0,0.0
2024-10-04 00:00:00-04:00,33.25,33.47999954223633,33.0,33.470001220703125,1992600,0.0,0.0
2024-10-07 00:00:00-04:00,33.529998779296875,33.790000915527344,33.15999984741211,33.650001525878906,1881600,0.0,0.0
2024-10-08 00:00:00-04:00,33.68000030517578,33.779998779296875,33.400001525878906,33.54999923706055,2151900,0.0,0.0
2024-10-09 00:00:00-04:00,33.43000030517578,34.209999084472656,33.119998931884766,34.029998779296875,1942900,0.0,0.0
2024-10-10 00:00:00-04:00,33.709999084472656,34.279998779296875,33.34000015258789,34.029998779296875,1900700,0.0,0.0
2024-10-11 00:00:00-04:00,33.849998474121094,35.20000076293945,33.849998474121094,35.11000061035156,2748200,0.0,0.0
2024-10-14 00:00:00-04:00,35.040000915527344,35.84000015258789,34.91999816894531,35.40999984741211,2830300,0.0,0.0
2024-10-15 00:00:00-04:00,35.40999984741211,35.709999084472656,34.29999923706055,34.380001068115234,1928300,0.0,0.0
2024-10-16 00:00:00-04:00,34.630001068115234,34.66999816894531,34.15999984741211,34.33000183105469,2413500,0.0,0.0
2024-10-17 00:00:00-04:00,34.97999954223633,35.0099983215332,34.540000915527344,34.900001525878906,3600600,0.0,0.0
2024-10-18 00:00:00-04:00,35.20000076293945,35.31999969482422,34.75,34.900001525878906,1825800,0.0,0.0
2024-10-21 00:00:00-04:00,34.900001525878906,34.900001525878906,34.2400016784668,34.38999938964844,1505400,0.0,0.0
2024-10-22 00:00:00-04:00,34.43000030517578,34.560001373291016,34.04999923706055,34.2599983215332,1278700,0.0,0.0
2024-10-23 00:00:00-04:00,34.04999923706055,34.529998779296875,33.650001525878906,34.11000061035156,1819300,0.0,0.0
2024-10-24 00:00:00-04:00,34.560001373291016,35.06999969482422,34.27000045776367,34.9900016784668,2053500,0.0,0.0
2024-10-25 00:00:00-04:00,35.2599983215332,35.65999984741211,35.02000045776367,35.209999084472656,1934000,0.0,0.0
2024-10-28 00:00:00-04:00,35.459999084472656,35.689998626708984,35.13999938964844,35.25,2592200,0.0,0.0
2024-10-29 00:00:00-04:00,35.189998626708984,35.52000045776367,34.41999816894531,34.66999816894531,5101900,0.0,0.0
2024-10-30 00:00:00-04:00,34.5,36.97999954223633,34.47999954223633,35.779998779296875,6004700,0.0,0.0
2024-10-31 00:00:00-04:00,35.63999938964844,35.63999938964844,34.40999984741211,34.66999816894531,3120300,0.0,0.0
2024-11-01 00:00:00-04:00,35.09000015258789,35.720001220703125,34.90999984741211,35.47999954223633,3604200,0.0,0.0
2024-11-04 00:00:00-05:00,35.189998626708984,36.099998474121094,35.09000015258789,35.20000076293945,2653800,0.0,0.0
2024-11-05 00:00:00-05:00,35.130001068115234,36.4900016784668,35.130001068115234,36.38999938964844,1969700,0.0,0.0
2024-11-06 00:00:00-05:00,37.59000015258789,39.16999816894531,37.47999954223633,38.97999954223633,5005000,0.0,0.0
2024-11-07 00:00:00-05:00,39.150001525878906,40.060001373291016,38.86000061035156,40.0,3142900,0.0,0.0
2024-11-08 00:00:00-05:00,39.68000030517578,40.290000915527344,39.439998626708984,40.09000015258789,2836000,0.0,0.0
2024-11-11 00:00:00-05:00,40.02000045776367,40.29999923706055,38.63999938964844,39.040000915527344,2851400,0.0,0.0
2024-11-12 00:00:00-05:00,38.790000915527344,38.959999084472656,37.7599983215332,37.959999084472656,2061500,0.0,0.0
2024-11-13 00:00:00-05:00,38.02000045776367,38.4900016784668,37.81999969482422,37.86000061035156,1807200,0.0,0.0
2024-11-14 00:00:00-05:00,37.939998626708984,38.09000015258789,37.529998779296875,37.63999938964844,2828900,0.0,0.0
2024-11-15 00:00:00-05:00,37.130001068115234,37.7599983215332,36.77000045776367,37.20000076293945,2385400,0.0,0.0
2024-11-18 00:00:00-05:00,37.380001068115234,37.65999984741211,36.7599983215332,37.06999969482422,2458800,0.0,0.0
2024-11-19 00:00:00-05:00,36.65999984741211,37.619998931884766,36.560001373291016,37.33000183105469,1561800,0.0,0.0
2024-11-20 00:00:00-05:00,39.86000061035156,40.47999954223633,39.439998626708984,39.83000183105469,14461100,0.0,0.0
2024-11-21 00:00:00-05:00,40.119998931884766,41.5,39.83000183105469,40.529998779296875,8881600,0.0,0.0
2024-11-22 00:00:00-05:00,40.79999923706055,41.52000045776367,40.70000076293945,41.29999923706055,60946900,0.0,0.0
2024-11-25 00:00:00-05:00,42.220001220703125,42.470001220703125,40.97999954223633,41.06999969482422,7321300,0.0,0.0
2024-11-26 00:00:00-05:00,41.08000183105469,41.08000183105469,39.86000061035156,39.91999816894531,5705300,0.0,0.0
2024-11-27 00:00:00-05:00,39.83000183105469,39.95000076293945,38.38999938964844,38.81999969482422,4447000,0.0,0.0
2024-11-29 00:00:00-05:00,39.2400016784668,39.36000061035156,38.90999984741211,38.970001220703125,1577000,0.0,0.0
2024-12-02 00:00:00-05:00,38.9900016784668,39.65999984741211,38.91999816894531,39.220001220703125,3088300,0.0,0.0
2024-12-03 00:00:00-05:00,39.11000061035156,39.41999816894531,38.54999923706055,38.66999816894531,3859500,0.0,0.0
2024-12-04 00:00:00-05:00,38.90999984741211,39.54999923706055,38.88999938964844,39.4900016784668,4675700,0.0,0.0
2024-12-05 00:00:00-05:00,39.619998931884766,39.849998474121094,38.939998626708984,39.099998474121094,3986700,0.0,0.0
2024-12-06 00:00:00-05:00,39.36000061035156,39.5,38.63999938964844,38.689998626708984,2689100,0.0,0.0
2024-12-09 00:00:00-05:00,38.29999923706055,38.93000030517578,38.029998779296875,38.15999984741211,2216700,0.0,0.0
2024-12-10 00:00:00-05:00,38.560001373291016,38.630001068115234,37.849998474121094,37.93000030517578,3177200,0.0,0.0
2024-12-11 00:00:00-05:00,38.189998626708984,38.54999923706055,37.65999984741211,38.189998626708984,2493200,0.0,0.0
2024-12-12 00:00:00-05:00,38.08000183105469,38.45000076293945,37.97999954223633,38.16999816894531,1496100,0.0,0.0
2024-12-13 00:00:00-05:00,38.31999969482422,38.65999984741211,37.9900016784668,38.380001068115234,2183700,0.0,0.0
2024-12-16 00:00:00-05:00,38.310001373291016,38.84000015258789,37.970001220703125,38.0,2364100,0.0,0.0
2024-12-17 00:00:00-05:00,37.779998779296875,37.849998474121094,37.150001525878906,37.400001525878906,2551800,0.0,0.0
2024-12-18 00:00:00-05:00,38.5,40.18000030517578,37.70000076293945,37.93000030517578,5355300,0.0,0.0
2024-12-19 00:00:00-05:00,38.22999954223633,38.83000183105469,37.41999816894531,37.650001525878906,5945000,0.0,0.0
2024-12-20 00:00:00-05:00,37.45000076293945,39.31999969482422,37.189998626708984,38.63999938964844,8535800,0.0,0.0
2024-12-23 00:00:00-05:00,38.63999938964844,39.15999984741211,38.380001068115234,38.68000030517578,2576500,0.0,0.0
2024-12-24 00:00:00-05:00,38.7400016784668,39.2400016784668,38.369998931884766,39.150001525878906,1034600,0.0,0.0
2024-12-26 00:00:00-05:00,39.13999938964844,39.68000030517578,38.81999969482422,39.529998779296875,2448100,0.0,0.0
2024-12-27 00:00:00-05:00,39.2400016784668,39.470001220703125,38.7599983215332,39.119998931884766,1425500,0.0,0.0
2024-12-30 00:00:00-05:00,38.560001373291016,38.939998626708984,38.11000061035156,38.630001068115234,1760100,0.0,0.0
2024-12-31 00:00:00-05:00,38.689998626708984,38.880001068115234,38.189998626708984,38.38999938964844,1377600,0.0,0.0
2025-01-02 00:00:00-05:00,38.5099983215332,39.060001373291016,38.380001068115234,38.619998931884766,1839300,0.0,0.0
2025-01-03 00:00:00-05:00,38.83000183105469,40.08000183105469,38.83000183105469,40.060001373291016,2974300,0.0,0.0
2025-01-06 00:00:00-05:00,40.66999816894531,41.11000061035156,40.18000030517578,40.4900016784668,2641300,0.0,0.0
2025-01-07 00:00:00-05:00,41.04999923706055,44.45000076293945,40.880001068115234,41.18000030517578,4634200,0.0,0.0
2025-01-08 00:00:00-05:00,40.38999938964844,41.310001373291016,40.060001373291016,41.060001373291016,2212800,0.0,0.0
2025-01-10 00:00:00-05:00,40.720001220703125,40.720001220703125,39.52000045776367,40.209999084472656,3034100,0.0,0.0
2025-01-13 00:00:00-05:00,39.61000061035156,39.779998779296875,38.880001068115234,39.52000045776367,3454600,0.0,0.0
2025-01-14 00:00:00-05:00,39.77000045776367,40.459999084472656,39.63999938964844,40.18000030517578,2130800,0.0,0.0
2025-01-15 00:00:00-05:00,41.2599983215332,42.130001068115234,40.70000076293945,41.91999816894531,3760900,0.0,0.0
2025-01-16 00:00:00-05:00,42.27000045776367,42.93000030517578,41.849998474121094,42.38999938964844,2943500,0.0,0.0
2025-01-17 00:00:00-05:00,42.75,42.900001525878906,42.29999923706055,42.720001220703125,2206700,0.0,0.0
2025-01-21 00:00:00-05:00,43.0,44.65999984741211,42.79999923706055,44.27000045776367,3042500,0.0,0.0
2025-01-22 00:00:00-05:00,44.54999923706055,45.099998474121094,44.40999984741211,44.459999084472656,4047200,0.0,0.0
2025-01-23 00:00:00-05:00,43.81999969482422,44.189998626708984,43.029998779296875,43.849998474121094,3046900,0.0,0.0
2025-01-24 00:00:00-05:00,44.220001220703125,44.470001220703125,43.93000030517578,44.27000045776367,2486100,0.0,0.0
2025-01-27 00:00:00-05:00,41.77000045776367,41.79999923706055,38.630001068115234,38.849998474121094,8096200,0.0,0.0
2025-01-28 00:00:00-05:00,39.439998626708984,40.689998626708984,38.41999816894531,40.59000015258789,6804800,0.0,0.0
2025-01-29 00:00:00-05:00,42.279998779296875,42.279998779296875,39.93000030517578,41.5099983215332,6783100,0.0,0.0
2025-01-30 00:00:00-05:00,42.29999923706055,43.0,41.689998626708984,42.08000183105469,4152300,0.0,0.0
2025-01-31 00:00:00-05:00,42.31999969482422,42.599998474121094,41.439998626708984,41.650001525878906,3989500,0.0,0.0
2025-02-03 00:00:00-05:00,39.650001525878906,40.810001373291016,39.099998474121094,40.5,3698600,0.0,0.0
2025-02-04 00:00:00-05:00,40.93000030517578,42.099998474121094,40.599998474121094,41.91999816894531,4400800,0.0,0.0
2025-02-05 00:00:00-05:00,42.38999938964844,43.56999969482422,42.29999923706055,43.18000030517578,3613900,0.0,0.0
2025-02-06 00:00:00-05:00,43.7400016784668,44.400001525878906,43.130001068115234,44.25,5157300,0.0,0.0
2025-02-07 00:00:00-05:00,44.58000183105469,44.849998474121094,42.880001068115234,43.15999984741211,3211200,0.0,0.0
2025-02-10 00:00:00-05:00,43.25,43.66999816894531,42.77000045776367,43.02000045776367,3211100,0.0,0.0
2025-02-11 00:00:00-05:00,42.90999984741211,43.36000061035156,42.470001220703125,42.779998779296875,2780600,0.0,0.0
2025-02-12 00:00:00-05:00,42.189998626708984,43.310001373291016,42.099998474121094,43.0099983215332,1939100,0.0,0.0
2025-02-13 00:00:00-05:00,43.040000915527344,43.16999816894531,41.86000061035156,42.38999938964844,2660500,0.0,0.0
2025-02-14 00:00:00-05:00,42.81999969482422,42.90999984741211,41.97999954223633,42.5099983215332,1506100,0.0,0.0
2025-02-18 00:00:00-05:00,42.88999938964844,42.900001525878906,42.09000015258789,42.599998474121094,2628600,0.0,0.0
2025-02-19 00:00:00-05:00,42.349998474121094,42.900001525878906,42.209999084472656,42.45000076293945,2209900,0.0,0.0
2025-02-20 00:00:00-05:00,42.25,42.709999084472656,41.2599983215332,41.689998626708984,2544600,0.0,0.0
2025-02-21 00:00:00-05:00,41.91999816894531,41.91999816894531,39.65999984741211,40.36000061035156,3552600,0.0,0.0
2025-02-24 00:00:00-05:00,40.400001525878906,40.7400016784668,38.97999954223633,39.029998779296875,3522900,0.0,0.0
2025-02-25 00:00:00-05:00,38.959999084472656,39.45000076293945,38.029998779296875,38.58000183105469,3496100,0.0,0.0
2025-02-26 00:00:00-05:00,39.18000030517578,40.529998779296875,39.09000015258789,39.7599983215332,2805200,0.0,0.0
2025-02-27 00:00:00-05:00,40.52000045776367,40.52000045776367,37.709999084472656,37.790000915527344,4007800,0.0,0.0
2025-02-28 00:00:00-05:00,37.369998931884766,37.9900016784668,37.06999969482422,37.88999938964844,7065800,0.0,0.0
2025-03-03 00:00:00-05:00,38.220001220703125,38.439998626708984,35.79999923706055,36.06999969482422,3429400,0.0,0.0
2025-03-04 00:00:00-05:00,35.349998474121094,35.81999969482422,33.88999938964844,35.0099983215332,5568700,0.0,0.0
2025-03-05 00:00:00-05:00,35.369998931884766,36.66999816894531,34.959999084472656,35.9900016784668,4969100,0.0,0.0
2025-03-06 00:00:00-05:00,35.470001220703125,35.869998931884766,34.15999984741211,34.45000076293945,5480200,0.0,0.0
2025-03-07 00:00:00-05:00,34.369998931884766,34.88999938964844,33.099998474121094,34.70000076293945,4784700,0.0,0.0
2025-03-10 00:00:00-04:00,33.939998626708984,34.060001373291016,32.41999816894531,32.91999816894531,4946600,0.0,0.0
2025-03-11 00:00:00-04:00,32.900001525878906,34.290000915527344,32.77000045776367,33.72999954223633,4375300,0.0,0.0
2025-03-12 00:00:00-04:00,34.93000030517578,35.59000015258789,34.06999969482422,34.29999923706055,5779500,0.0,0.0
2025-03-13 00:00:00-04:00,34.099998474121094,34.7599983215332,33.5099983215332,33.61000061035156,3607000,0.0,0.0
2025-03-14 00:00:00-04:00,34.5,34.75,33.88999938964844,34.4900016784668,2699200,0.0,0.0
2025-03-17 00:00:00-04:00,34.5,35.599998474121094,34.5,35.22999954223633,2396400,0.0,0.0
2025-03-18 00:00:00-04:00,34.97999954223633,35.189998626708984,34.47999954223633,34.790000915527344,2453200,0.0,0.0
2025-03-19 00:00:00-04:00,34.959999084472656,36.2599983215332,34.779998779296875,35.95000076293945,2147000,0.0,0.0
2025-03-20 00:00:00-04:00,36.779998779296875,37.02000045776367,35.630001068115234,36.060001373291016,2447100,0.0,0.0
2025-03-21 00:00:00-04:00,35.61000061035156,36.709999084472656,35.2599983215332,36.400001525878906,8769600,0.0,0.0
2025-03-24 00:00:00-04:00,37.380001068115234,37.7599983215332,36.970001220703125,37.41999816894531,2328700,0.0,0.0
2025-03-25 00:00:00-04:00,37.209999084472656,37.349998474121094,36.4900016784668,36.79999923706055,2008400,0.0,0.0
2025-03-26 00:00:00-04:00,36.75,36.90999984741211,35.099998474121094,35.369998931884766,2446900,0.0,0.0
2025-03-27 00:00:00-04:00,35.0,35.099998474121094,34.31999969482422,34.459999084472656,2857700,0.0,0.0
2025-03-28 00:00:00-04:00,34.130001068115234,34.54999923706055,32.810001373291016,33.18000030517578,2778700,0.0,0.0
2025-03-31 00:00:00-04:00,32.349998474121094,33.16999816894531,32.06999969482422,33.08000183105469,3058900,0.0,0.0
2025-04-01 00:00:00-04:00,32.83000183105469,33.630001068115234,32.41999816894531,33.36000061035156,2032600,0.0,0.0
2025-04-02 00:00:00-04:00,32.720001220703125,34.40999984741211,32.439998626708984,34.06999969482422,2302900,0.0,0.0
2025-04-03 00:00:00-04:00,31.459999084472656,31.790000915527344,29.270000457763672,29.31999969482422,7152100,0.0,0.0
2025-04-04 00:00:00-04:00,27.56999969482422,27.90999984741211,25.110000610351562,26.68000030517578,13280900,0.0,0.0
2025-04-07 00:00:00-04:00,25.280000686645508,28.34000015258789,25.110000610351562,28.06999969482422,6986700,0.0,0.0
2025-04-08 00:00:00-04:00,29.399999618530273,30.219999313354492,27.139999389648438,27.799999237060547,5719900,0.0,0.0
2025-04-09 00:00:00-04:00,27.68000030517578,32.720001220703125,27.450000762939453,31.579999923706055,7810900,0.0,0.0
2025-04-10 00:00:00-04:00,29.790000915527344,30.540000915527344,28.5,29.420000076293945,4517600,0.0,0.0
2025-04-11 00:00:00-04:00,29.059999465942383,29.90999984741211,28.6200008392334,29.59000015258789,3829400,0.0,0.0
2025-04-14 00:00:00-04:00,30.899999618530273,31.270000457763672,30.200000762939453,30.649999618530273,3565900,0.0,0.0
2025-04-15 00:00:00-04:00,30.399999618530273,31.690000534057617,30.399999618530273,31.3700008392334,2662100,0.0,0.0
2025-04-16 00:00:00-04:00,30.520000457763672,31.440000534057617,30.25,30.93000030517578,2641100,0.0,0.0
2025-04-17 00:00:00-04:00,31.0,31.889999389648438,30.84000015258789,31.540000915527344,4606600,0.0,0.0
2025-04-21 00:00:00-04:00,31.280000686645508,31.579999923706055,30.049999237060547,30.530000686645508,2280300,0.0,0.0
2025-04-22 00:00:00-04:00,31.110000610351562,31.649999618530273,30.950000762939453,31.270000457763672,2661100,0.0,0.0
2025-04-23 00:00:00-04:00,32.959999084472656,34.2400016784668,32.70000076293945,32.95000076293945,3763500,0.0,0.0
2025-04-24 00:00:00-04:00,33.02000045776367,35.0,32.939998626708984,34.65999984741211,3841200,0.0,0.0
2025-04-25 00:00:00-04:00,34.380001068115234,35.81999969482422,34.34000015258789,35.220001220703125,4126200,0.0,0.0
2025-04-28 00:00:00-04:00,35.36000061035156,35.709999084472656,34.439998626708984,35.09000015258789,4393200,0.0,0.0
2025-04-29 00:00:00-04:00,35.34000015258789,35.81999969482422,34.619998931884766,34.880001068115234,3307400,0.0,0.0
2025-04-30 00:00:00-04:00,33.779998779296875,34.45000076293945,33.349998474121094,34.34000015258789,4316600,0.0,0.0
2025-05-01 00:00:00-04:00,35.18000030517578,36.09000015258789,35.08000183105469,35.349998474121094,3973700,0.0,0.0
2025-05-02 00:00:00-04:00,36.099998474121094,36.9900016784668,35.75,36.7400016784668,3247700,0.0,0.0
2025-05-05 00:00:00-04:00,36.41999816894531,37.25,36.220001220703125,36.59000015258789,3772800,0.0,0.0
2025-05-06 00:00:00-04:00,36.150001525878906,36.97999954223633,35.77000045776367,36.77000045776367,5469500,0.0,0.0
2025-05-07 00:00:00-04:00,36.81999969482422,38.54999923706055,34.939998626708984,37.95000076293945,8632700,0.0,0.0
2025-05-08 00:00:00-04:00,38.47999954223633,39.38999938964844,37.93000030517578,38.52000045776367,5252900,0.0,0.0
2025-05-09 00:00:00-04:00,38.779998779296875,39.279998779296875,38.29999923706055,38.47999954223633,3689300,0.0,0.0
2025-05-12 00:00:00-04:00,40.0099983215332,41.5,39.81999969482422,40.880001068115234,8575200,0.0,0.0
2025-05-13 00:00:00-04:00,41.040000915527344,42.34000015258789,41.0,41.849998474121094,5016100,0.0,0.0
2025-05-14 00:00:00-04:00,41.849998474121094,42.4900016784668,41.7599983215332,42.060001373291016,3629200,0.0,0.0
2025-05-15 00:00:00-04:00,41.54999923706055,42.06999969482422,41.31999969482422,41.95000076293945,3044400,0.0,0.0
2025-05-16 00:00:00-04:00,41.68000030517578,42.06999969482422,41.459999084472656,42.02000045776367,2713500,0.0,0.0
2025-05-19 00:00:00-04:00,41.15999984741211,42.09000015258789,41.0,41.75,2595000,0.0,0.0
2025-05-20 00:00:00-04:00,41.75,42.5,41.75,42.27000045776367,3833500,0.0,0.0
2025-05-21 00:00:00-04:00,41.97999954223633,42.470001220703125,41.040000915527344,41.18000030517578,3769300,0.0,0.0
2025-05-22 00:00:00-04:00,41.060001373291016,41.79999923706055,40.95000076293945,41.439998626708984,3590200,0.0,0.0
2025-05-23 00:00:00-04:00,40.650001525878906,41.529998779296875,40.150001525878906,41.47999954223633,2822100,0.0,0.0
2025-05-27 00:00:00-04:00,42.0099983215332,42.61000061035156,41.70000076293945,42.47999954223633,4008800,0.0,0.0
2025-05-28 00:00:00-04:00,42.54999923706055,42.61000061035156,41.939998626708984,42.08000183105469,2639100,0.0,0.0
2025-05-29 00:00:00-04:00,42.61000061035156,42.70000076293945,41.540000915527344,41.939998626708984,3631700,0.0,0.0
2025-05-30 00:00:00-04:00,41.56999969482422,42.5,41.54999923706055,42.29999923706055,4449200,0.0,0.0
2025-06-02 00:00:00-04:00,42.220001220703125,42.439998626708984,41.43000030517578,42.380001068115234,2670600,0.0,0.0
2025-06-03 00:00:00-04:00,42.380001068115234,43.25,42.33000183105469,43.220001220703125,3175100,0.0,0.0
2025-06-04 00:00:00-04:00,43.380001068115234,43.400001525878906,42.560001373291016,42.77000045776367,2612500,0.0,0.0
2025-06-05 00:00:00-04:00,42.9900016784668,43.25,42.310001373291016,42.560001373291016,2961800,0.0,0.0
2025-06-06 00:00:00-04:00,43.0,43.349998474121094,42.599998474121094,43.06999969482422,2356300,0.0,0.0
2025-06-09 00:00:00-04:00,43.13999938964844,43.7599983215332,42.88999938964844,43.720001220703125,3827600,0.0,0.0
2025-06-10 00:00:00-04:00,44.220001220703125,44.27000045776367,43.09000015258789,43.86000061035156,3697900,0.0,0.0
2025-06-11 00:00:00-04:00,43.7599983215332,44.029998779296875,43.060001373291016,43.63999938964844,4102900,0.0,0.0
2025-06-12 00:00:00-04:00,43.18000030517578,44.099998474121094,43.04999923706055,43.56999969482422,4152400,0.0,0.0
2025-06-13 00:00:00-04:00,42.90999984741211,43.84000015258789,42.83000183105469,43.130001068115234,3086600,0.0,0.0
2025-06-16 00:00:00-04:00,43.36000061035156,44.209999084472656,43.150001525878906,43.90999984741211,3016000,0.0,0.0
2025-06-17 00:00:00-04:00,43.70000076293945,45.84000015258789,43.619998931884766,45.27000045776367,6489500,0.0,0.0
2025-06-18 00:00:00-04:00,45.33000183105469,46.900001525878906,45.33000183105469,46.18000030517578,5223900,0.0,0.0
2025-06-20 00:00:00-04:00,46.5,46.72999954223633,45.599998474121094,46.029998779296875,6065200,0.0,0.0
2025-06-23 00:00:00-04:00,45.59000015258789,46.47999954223633,45.310001373291016,46.349998474121094,2758400,0.0,0.0
2025-06-24 00:00:00-04:00,46.779998779296875,48.029998779296875,46.63999938964844,47.90999984741211,3862800,0.0,0.0
2025-06-25 00:00:00-04:00,48.380001068115234,49.439998626708984,48.09000015258789,49.02000045776367,4233100,0.0,0.0
2025-06-26 00:00:00-04:00,49.40999984741211,50.61000061035156,49.11000061035156,50.09000015258789,5116100,0.0,0.0
2025-06-27 00:00:00-04:00,50.459999084472656,50.619998931884766,49.380001068115234,49.88999938964844,31082300,0.0,0.0
2025-06-30 00:00:00-04:00,49.959999084472656,50.150001525878906,49.310001373291016,49.91999816894531,4147100,0.0,0.0
2025-07-01 00:00:00-04:00,49.630001068115234,49.95000076293945,48.15999984741211,48.4900016784668,5248600,0.0,0.0
2025-07-02 00:00:00-04:00,48.709999084472656,50.77000045776367,48.5099983215332,50.7400016784668,4663400,0.0,0.0
2025-07-03 00:00:00-04:00,50.720001220703125,52.16999816894531,50.720001220703125,51.689998626708984,2764400,0.0,0.0
2025-07-07 00:00:00-04:00,51.060001373291016,51.810001373291016,50.810001373291016,51.459999084472656,3221200,0.0,0.0
2025-07-08 00:00:00-04:00,51.72999954223633,52.0,50.83000183105469,51.27000045776367,3470900,0.0,0.0
2025-07-09 00:00:00-04:00,51.47999954223633,52.16999816894531,51.34000015258789,51.68000030517578,3943900,0.0,0.0
2025-07-10 00:00:00-04:00,52.189998626708984,52.20000076293945,51.060001373291016,51.93000030517578,4424500,0.0,0.0
2025-07-11 00:00:00-04:00,51.849998474121094,52.540000915527344,51.79999923706055,52.189998626708984,2903500,0.0,0.0
2025-07-14 00:00:00-04:00,52.04999923706055,52.470001220703125,51.599998474121094,51.959999084472656,2888400,0.0,0.0
2025-07-15 00:00:00-04:00,52.45000076293945,52.45000076293945,51.529998779296875,51.560001373291016,3004700,0.0,0.0
2025-07-16 00:00:00-04:00,51.540000915527344,51.90999984741211,50.88999938964844,51.849998474121094,3178400,0.0,0.0
2025-07-17 00:00:00-04:00,51.95000076293945,53.43000030517578,51.95000076293945,53.18000030517578,3331900,0.0,0.0
2025-07-18 00:00:00-04:00,53.290000915527344,53.75,52.900001525878906,53.060001373291016,3852800,0.0,0.0
2025-07-21 00:00:00-04:00,53.130001068115234,53.90999984741211,52.720001220703125,53.290000915527344,4429600,0.0,0.0
2025-07-22 00:00:00-04:00,53.2400016784668,53.47999954223633,51.400001525878906,52.45000076293945,4624600,0.0,0.0
2025-07-23 00:00:00-04:00,53.0,53.970001220703125,53.0,53.79999923706055,5876600,0.0,0.0
2025-07-24 00:00:00-04:00,50.529998779296875,51.70000076293945,48.95000076293945,49.66999816894531,8669600,0.0,0.0
2025-07-25 00:00:00-04:00,49.66999816894531,50.040000915527344,49.189998626708984,49.9900016784668,3987700,0.0,0.0
2025-07-28 00:00:00-04:00,50.18000030517578,50.72999954223633,49.90999984741211,50.4900016784668,3292800,0.0,0.0
2025-07-29 00:00:00-04:00,50.709999084472656,52.36000061035156,50.70000076293945,51.79999923706055,6358900,0.0,0.0
2025-07-30 00:00:00-04:00,51.88999938964844,52.65999984741211,50.90999984741211,51.06999969482422,4413500,0.0,0.0
2025-07-31 00:00:00-04:00,51.31999969482422,51.7599983215332,49.7599983215332,49.869998931884766,5059800,0.0,0.0
2025-08-01 00:00:00-04:00,48.70000076293945,50.029998779296875,48.290000915527344,49.52000045776367,3800800,0.0,0.0
2025-08-04 00:00:00-04:00,50.38999938964844,51.040000915527344,49.61000061035156,50.939998626708984,3357600,0.0,0.0
2025-08-05 00:00:00-04:00,51.2599983215332,51.75,49.88999938964844,50.540000915527344,2679400,0.0,0.0
2025-08-06 00:00:00-04:00,50.540000915527344,50.65999984741211,49.66999816894531,49.86000061035156,3809600,0.0,0.0
2025-08-07 00:00:00-04:00,50.380001068115234,50.43000030517578,49.02000045776367,49.709999084472656,5029700,0.0,0.0
2025-08-08 00:00:00-04:00,50.22999954223633,51.06999969482422,49.95000076293945,50.34000015258789,3401000,0.0,0.0
2025-08-11 00:00:00-04:00,50.41999816894531,51.20000076293945,50.029998779296875,50.15999984741211,2862000,0.0,0.0
2025-08-12 00:00:00-04:00,50.65999984741211,51.880001068115234,50.599998474121094,51.84000015258789,2196800,0.0,0.0
2025-08-13 00:00:00-04:00,52.04999923706055,52.369998931884766,49.70000076293945,50.349998474121094,3618600,0.0,0.0
2025-08-14 00:00:00-04:00,49.65999984741211,50.0,49.209999084472656,49.439998626708984,3099700,0.0,0.0
2025-08-15 00:00:00-04:00,49.290000915527344,49.400001525878906,48.20000076293945,49.0,4663500,0.0,0.0
2025-08-18 00:00:00-04:00,48.97999954223633,49.91999816894531,48.97999954223633,49.77000045776367,3075000,0.0,0.0
2025-08-19 00:00:00-04:00,52.52000045776367,52.970001220703125,49.439998626708984,49.77000045776367,5321100,0.0,0.0
2025-08-20 00:00:00-04:00,49.68000030517578,49.7400016784668,47.83000183105469,49.099998474121094,3319900,0.0,0.0
2025-08-21 00:00:00-04:00,49.060001373291016,49.599998474121094,48.97999954223633,49.40999984741211,2652600,0.0,0.0
2025-08-22 00:00:00-04:00,49.58000183105469,51.9900016784668,49.36000061035156,51.91999816894531,3241900,0.0,0.0
2025-08-25 00:00:00-04:00,51.88999938964844,53.52000045776367,51.77000045776367,52.97999954223633,4024600,0.0,0.0
2025-08-26 00:00:00-04:00,53.06999969482422,54.13999938964844,53.0099983215332,53.47999954223633,4163700,0.0,0.0
2025-08-27 00:00:00-04:00,53.47999954223633,54.18000030517578,53.29999923706055,53.72999954223633,3995100,0.0,0.0
2025-08-28 00:00:00-04:00,53.970001220703125,54.83000183105469,53.81999969482422,54.7599983215332,3353200,0.0,0.0
2025-08-29 00:00:00-04:00,54.4900016784668,54.79999923706055,53.150001525878906,53.619998931884766,3153900,0.0,0.0
2025-09-02 00:00:00-04:00,52.45000076293945,53.68000030517578,51.7599983215332,53.650001525878906,3131000,0.0,0.0
2025-09-03 00:00:00-04:00,53.95000076293945,54.189998626708984,53.47999954223633,53.68000030517578,3550800,0.0,0.0
2025-09-04 00:00:00-04:00,53.9900016784668,55.560001373291016,53.810001373291016,55.16999816894531,3643400,0.0,0.0
2025-09-05 00:00:00-04:00,55.52000045776367,56.58000183105469,54.849998474121094,55.65999984741211,3408800,0.0,0.0
2025-09-08 00:00:00-04:00,55.95000076293945,56.849998474121094,55.560001373291016,55.84000015258789,3031400,0.0,0.0
2025-09-09 00:00:00-04:00,55.84000015258789,56.5,55.349998474121094,56.20000076293945,3106200,0.0,0.0
2025-09-10 00:00:00-04:00,56.65999984741211,58.220001220703125,56.59000015258789,58.04999923706055,4458000,0.0,0.0
2025-09-11 00:00:00-04:00,57.59000015258789,58.599998474121094,57.439998626708984,57.72999954223633,4082700,0.0,0.0
2025-09-12 00:00:00-04:00,57.65999984741211,57.880001068115234,57.20000076293945,57.290000915527344,2259700,0.0,0.0
2025-09-15 00:00:00-04:00,57.400001525878906,58.29999923706055,57.369998931884766,57.7599983215332,2214000,0.0,0.0
2025-09-16 00:00:00-04:00,57.939998626708984,57.939998626708984,56.689998626708984,57.20000076293945,3103000,0.0,0.0
2025-09-17 00:00:00-04:00,57.20000076293945,57.20000076293945,55.349998474121094,56.459999084472656,3436600,0.0,0.0
2025-09-18 00:00:00-04:00,57.36000061035156,58.2400016784668,56.959999084472656,58.130001068115234,3164900,0.0,0.0
2025-09-19 00:00:00-04:00,58.119998931884766,58.79999923706055,57.689998626708984,58.650001525878906,7986900,0.0,0.0
2025-09-22 00:00:00-04:00,58.349998474121094,59.20000076293945,58.2599983215332,59.0099983215332,3176900,0.0,0.0
2025-09-23 00:00:00-04:00,59.060001373291016,59.7599983215332,58.900001525878906,59.33000183105469,4038100,0.0,0.0
2025-09-24 00:00:00-04:00,59.619998931884766,59.619998931884766,57.25,57.58000183105469,4550800,0.0,0.0
2025-09-25 00:00:00-04:00,55.84000015258789,56.61000061035156,54.5,56.5,5292800,0.0,0.0
2025-09-26 00:00:00-04:00,56.650001525878906,57.09000015258789,56.310001373291016,56.849998474121094,2647800,0.0,0.0
2025-09-29 00:00:00-04:00,57.709999084472656,58.25,57.22999954223633,57.54999923706055,3072300,0.0,0.0
2025-09-30 00:00:00-04:00,57.45000076293945,58.04999923706055,57.130001068115234,57.970001220703125,2958900,0.0,0.0
2025-10-01 00:00:00-04:00,57.25,58.36000061035156,56.900001525878906,58.0099983215332,2935900,0.0,0.0
2025-10-02 00:00:00-04:00,58.81999969482422,59.33000183105469,57.630001068115234,58.09000015258789,2272200,0.0,0.0
2025-10-03 00:00:00-04:00,58.58000183105469,58.66999816894531,55.849998474121094,56.130001068115234,4324500,0.0,0.0
2025-10-06 00:00:00-04:00,57.720001220703125,58.33000183105469,56.790000915527344,57.279998779296875,3909700,0.0,0.0
2025-10-07 00:00:00-04:00,57.939998626708984,58.59000015258789,55.88999938964844,57.25,3268800,0.0,0.0
2025-10-08 00:00:00-04:00,57.459999084472656,60.04999923706055,57.20000076293945,59.84000015258789,3668600,0.0,0.0
2025-10-09 00:00:00-04:00,59.70000076293945,60.0,58.349998474121094,59.630001068115234,3435300,0.0,0.0
2025-10-10 00:00:00-04:00,59.79999923706055,60.0,56.529998779296875,56.59000015258789,2747800,0.0,0.0
2025-10-13 00:00:00-04:00,58.439998626708984,58.93000030517578,57.560001373291016,58.83000183105469,2130400,0.0,0.0
2025-10-14 00:00:00-04:00,57.630001068115234,60.4900016784668,57.22999954223633,59.599998474121094,3123800,0.0,0.0
2025-10-15 00:00:00-04:00,60.43000030517578,63.650001525878906,60.349998474121094,63.599998474121094,4655800,0.0,0.0
2025-10-16 00:00:00-04:00,63.75,64.29000091552734,62.41999816894531,63.34000015258789,3004600,0.0,0.0
2025-10-17 00:00:00-04:00,62.9900016784668,63.939998626708984,61.52000045776367,62.13999938964844,3446800,0.0,0.0
2025-10-20 00:00:00-04:00,63.02000045776367,63.189998626708984,62.08000183105469,62.75,2600200,0.0,0.0
2025-10-21 00:00:00-04:00,62.540000915527344,63.02000045776367,61.90999984741211,62.31999969482422,3427400,0.0,0.0
2025-10-22 00:00:00-04:00,62.79999923706055,63.689998626708984,60.08000183105469,61.33000183105469,6444700,0.0,0.0
2025-10-23 00:00:00-04:00,61.720001220703125,64.5199966430664,61.720001220703125,63.88999938964844,2807400,0.0,0.0
2025-10-24 00:00:00-04:00,64.94000244140625,65.58999633789062,64.11000061035156,64.27999877929688,4843700,0.0,0.0
2025-10-27 00:00:00-04:00,65.5199966430664,65.87999725341797,64.31999969482422,64.66000366210938,4351800,0.0,0.0
2025-10-28 00:00:00-04:00,65.51000213623047,65.94999694824219,63.22999954223633,64.26000213623047,5496000,0.0,0.0
2025-10-29 00:00:00-04:00,59.4900016784668,67.0,58.95000076293945,66.0999984741211,6978800,0.0,0.0
2025-10-30 00:00:00-04:00,65.77999877929688,66.88999938964844,63.25,63.9900016784668,4546500,0.0,0.0
2025-10-31 00:00:00-04:00,64.80000305175781,65.29000091552734,61.869998931884766,62.52000045776367,4988300,0.0,0.0
2025-11-03 00:00:00-05:00,63.400001525878906,64.12999725341797,62.52000045776367,63.900001525878906,5035800,0.0,0.0
2025-11-04 00:00:00-05:00,62.56999969482422,63.33000183105469,61.5,61.810001373291016,3543200,0.0,0.0
2025-11-05 00:00:00-05:00,62.349998474121094,65.44000244140625,62.209999084472656,65.26000213623047,4877500,0.0,0.0
2025-11-06 00:00:00-05:00,65.77999877929688,66.05000305175781,62.79999923706055,63.310001373291016,3757200,0.0,0.0
2025-11-07 00:00:00-05:00,62.290000915527344,62.709999084472656,60.790000915527344,62.63999938964844,4796600,0.0,0.0
2025-11-10 00:00:00-05:00,64.30000305175781,64.9800033569336,63.15999984741211,63.63999938964844,3148000,0.0,0.0
2025-11-11 00:00:00-05:00,63.47999954223633,63.58000183105469,61.470001220703125,61.52000045776367,3806400,0.0,0.0
2025-11-12 00:00:00-05:00,62.13999938964844,64.05000305175781,62.13999938964844,62.91999816894531,2965200,0.0,0.0
2025-11-13 00:00:00-05:00,62.20000076293945,62.220001220703125,58.970001220703125,59.529998779296875,3345200,0.0,0.0
2025-11-14 00:00:00-05:00,57.61000061035156,61.150001525878906,57.40999984741211,59.9900016784668,2549500,0.0,0.0
2025-11-17 00:00:00-05:00,59.900001525878906,60.709999084472656,58.119998931884766,58.75,2170900,0.0,0.0
2025-11-18 00:00:00-05:00,57.91999816894531,58.75,57.34000015258789,57.56999969482422,5946700,0.0,0.0
2025-11-19 00:00:00-05:00,57.68000030517578,59.43000030517578,57.65999984741211,58.29999923706055,2984900,0.0,0.0
2025-11-20 00:00:00-05:00,60.43000030517578,60.58000183105469,54.02000045776367,54.5099983215332,3889800,0.0,0.0
2025-11-21 00:00:00-05:00,54.540000915527344,55.380001068115234,53.06999969482422,55.290000915527344,4984100,0.0,0.0
2025-11-24 00:00:00-05:00,55.83000183105469,57.279998779296875,55.470001220703125,56.95000076293945,27537800,0.0,0.0
2025-11-25 00:00:00-05:00,56.95000076293945,57.72999954223633,56.040000915527344,57.349998474121094,4112900,0.0,0.0
2025-11-26 00:00:00-05:00,57.400001525878906,59.56999969482422,57.349998474121094,58.400001525878906,3331800,0.0,0.0
2025-11-28 00:00:00-05:00,59.029998779296875,59.130001068115234,57.84000015258789,59.11000061035156,1876700,0.0,0.0
2025-12-01 00:00:00-05:00,58.41999816894531,58.939998626708984,56.47999954223633,56.54999923706055,5113300,0.0,0.0
2025-12-02 00:00:00-05:00,57.310001373291016,57.93000030517578,56.16999816894531,57.41999816894531,4269400,0.0,0.0
2025-12-03 00:00:00-05:00,57.5099983215332,59.09000015258789,56.7599983215332,58.77000045776367,3014200,0.0,0.0
2025-12-04 00:00:00-05:00,58.77000045776367,61.97999954223633,58.5,61.189998626708984,4045000,0.0,0.0
2025-12-05 00:00:00-05:00,61.369998931884766,62.720001220703125,61.25,62.40999984741211,4751400,0.0,0.0
2025-12-08 00:00:00-05:00,65.83000183105469,69.25,65.33999633789062,67.54000091552734,13053400,0.0,0.0
2025-12-09 00:00:00-05:00,67.3499984741211,70.37000274658203,66.61000061035156,68.5,8715100,0.0,0.0
2025-12-10 00:00:00-05:00,68.2300033569336,72.22000122070312,67.08999633789062,72.08000183105469,7171100,0.0,0.0
2025-12-11 00:00:00-05:00,71.97000122070312,72.08000183105469,69.37999725341797,71.01000213623047,6157800,0.0,0.0
2025-12-12 00:00:00-05:00,71.33999633789062,71.7300033569336,67.5,68.80000305175781,6871300,0.0,0.0
2025-12-15 00:00:00-05:00,69.4000015258789,70.18000030517578,67.54000091552734,67.80999755859375,11294100,0.0,0.0
2025-12-16 00:00:00-05:00,67.2699966430664,67.77999877929688,64.6500015258789,65.01000213623047,11953800,0.0,0.0
2025-12-17 00:00:00-05:00,65.94999694824219,67.06999969482422,62.47999954223633,62.849998474121094,12879200,0.0,0.0
2025-12-18 00:00:00-05:00,64.23999786376953,65.19999694824219,62.630001068115234,63.040000915527344,10521000,0.0,0.0
2025-12-19 00:00:00-05:00,63.22999954223633,65.30000305175781,63.11000061035156,64.23999786376953,16005800,0.0,0.0
2025-12-22 00:00:00-05:00,65.19999694824219,65.45999908447266,62.650001525878906,63.779998779296875,3763200,0.0,0.0
2025-12-23 00:00:00-05:00,63.31999969482422,64.0999984741211,62.79999923706055,63.7400016784668,3089500,0.0,0.0
2025-12-24 00:00:00-05:00,63.650001525878906,64.06999969482422,63.16999816894531,63.54999923706055,1243000,0.0,0.0
2025-12-26 00:00:00-05:00,63.77000045776367,63.83000183105469,63.02000045776367,63.33000183105469,1553000,0.0,0.0
2025-12-29 00:00:00-05:00,63.040000915527344,63.650001525878906,62.2599983215332,62.560001373291016,1994500,0.0,0.0
2025-12-30 00:00:00-05:00,62.75,62.790000915527344,61.560001373291016,61.66999816894531,1614400,0.0,0.0
2025-12-31 00:00:00-05:00,61.869998931884766,62.27000045776367,60.349998474121094,60.41999816894531,2018200,0.0,0.0
2026-01-02 00:00:00-05:00,61.439998626708984,63.720001220703125,61.38999938964844,63.68000030517578,2661100,0.0,0.0
2026-01-05 00:00:00-05:00,64.58999633789062,65.27999877929688,61.349998474121094,61.75,3389900,0.0,0.0
2026-01-06 00:00:00-05:00,61.75,62.13999938964844,58.95000076293945,62.04999923706055,2911500,0.0,0.0
2026-01-07 00:00:00-05:00,62.0,62.029998779296875,60.56999969482422,61.36000061035156,3400500,0.0,0.0
2026-01-08 00:00:00-05:00,61.380001068115234,61.380001068115234,59.130001068115234,60.380001068115234,4301200,0.0,0.0
2026-01-09 00:00:00-05:00,60.45000076293945,62.09000015258789,60.349998474121094,61.5,2761200,0.0,0.0
2026-01-12 00:00:00-05:00,61.02000045776367,62.4900016784668,60.7400016784668,62.13999938964844,2772100,0.0,0.0
2026-01-13 00:00:00-05:00,62.18000030517578,65.0,62.150001525878906,64.2699966430664,3099800,0.0,0.0
2026-01-14 00:00:00-05:00,65.6500015258789,66.19000244140625,63.119998931884766,63.83000183105469,3613200,0.0,0.0
2026-01-15 00:00:00-05:00,65.0,67.08000183105469,64.9000015258789,66.58999633789062,4259300,0.0,0.0
2026-01-16 00:00:00-05:00,66.91999816894531,67.04000091552734,64.62000274658203,64.83000183105469,2549900,0.0,0.0
2026-01-20 00:00:00-05:00,62.70000076293945,67.0999984741211,62.560001373291016,64.41000366210938,4328600,0.0,0.0
2026-01-21 00:00:00-05:00,65.22000122070312,67.48999786376953,63.959999084472656,66.5999984741211,2877200,0.0,0.0
2026-01-22 00:00:00-05:00,67.6500015258789,67.93000030517578,63.25,64.72000122070312,2975800,0.0,0.0
2026-01-23 00:00:00-05:00,64.62000274658203,64.75,62.79999923706055,63.779998779296875,2015100,0.0,0.0
2026-01-26 00:00:00-05:00,63.7599983215332,64.77999877929688,63.0099983215332,63.75,2751000,0.0,0.0
2026-01-27 00:00:00-05:00,63.79999923706055,65.0999984741211,62.599998474121094,65.0999984741211,2584800,0.0,0.0
2026-01-28 00:00:00-05:00,65.55000305175781,66.88999938964844,64.76000213623047,66.2699966430664,2663900,0.0,0.0
2026-01-29 00:00:00-05:00,66.66000366210938,67.43000030517578,64.05000305175781,65.47000122070312,4077600,0.0,0.0
2026-01-30 00:00:00-05:00,65.0,66.63999938964844,62.34000015258789,63.040000915527344,3793300,0.0,0.0
2026-02-02 00:00:00-05:00,62.689998626708984,65.9000015258789,62.66999816894531,64.68000030517578,3298300,0.0,0.0
2026-02-03 00:00:00-05:00,65.16000366210938,66.19000244140625,62.86000061035156,65.98999786376953,6518800,0.0,0.0
2026-02-04 00:00:00-05:00,62.900001525878906,65.12000274658203,55.15999984741211,58.83000183105469,10057600,0.0,0.0
2026-02-05 00:00:00-05:00,59.0099983215332,60.34000015258789,57.7400016784668,60.150001525878906,6506100,0.0,0.0
2026-02-06 00:00:00-05:00,61.959999084472656,65.9800033569336,61.0,63.97999954223633,5504600,0.0,0.0
2026-02-09 00:00:00-05:00,63.849998474121094,66.77999877929688,63.029998779296875,66.06999969482422,3250300,0.0,0.0
2026-02-10 00:00:00-05:00,65.88999938964844,66.69999694824219,63.38999938964844,64.29000091552734,5399500,0.0,0.0
2026-02-11 00:00:00-05:00,65.2300033569336,66.41000366210938,63.54999923706055,64.83999633789062,3843600,0.0,0.0
2026-02-12 00:00:00-05:00,66.30000305175781,67.5,62.02000045776367,62.599998474121094,5075400,0.0,0.0
2026-02-13 00:00:00-05:00,63.119998931884766,64.80000305175781,61.540000915527344,64.23999786376953,4208400,0.0,0.0
2026-02-17 00:00:00-05:00,64.30999755859375,65.5199966430664,62.720001220703125,64.41999816894531,3273200,0.0,0.0
2026-02-18 00:00:00-05:00,64.33999633789062,66.93000030517578,63.619998931884766,65.81999969482422,3819800,0.0,0.0
2026-02-19 00:00:00-05:00,65.36000061035156,65.72000122070312,64.22000122070312,65.11000061035156,2957500,0.0,0.0
2026-02-20 00:00:00-05:00,64.55999755859375,67.70999908447266,64.51000213623047,65.68000030517578,4125600,0.0,0.0
2026-02-23 00:00:00-05:00,65.25,65.66999816894531,62.470001220703125,63.29999923706055,3440600,0.0,0.0
2026-02-24 00:00:00-05:00,63.91999816894531,65.87999725341797,63.58000183105469,64.91999816894531,3223500,0.0,0.0
2026-02-25 00:00:00-05:00,65.80000305175781,66.66000366210938,64.94000244140625,65.66999816894531,3160600,0.0,0.0
2026-02-26 00:00:00-05:00,65.9000015258789,66.06999969482422,62.599998474121094,63.209999084472656,2944100,0.0,0.0
2026-02-27 00:00:00-05:00,62.15999984741211,63.08000183105469,61.58000183105469,63.02000045776367,4003900,0.0,0.0
2026-03-02 00:00:00-05:00,61.369998931884766,65.58000183105469,61.029998779296875,65.48999786376953,3549600,0.0,0.0
2026-03-03 00:00:00-05:00,63.06999969482422,64.0999984741211,60.720001220703125,63.08000183105469,3409300,0.0,0.0
2026-03-04 00:00:00-05:00,64.08000183105469,64.83999633789062,63.20000076293945,63.939998626708984,2388100,0.0,0.0
2026-03-05 00:00:00-05:00,63.34000015258789,64.19999694824219,60.59000015258789,63.5099983215332,4061300,0.0,0.0
2026-03-06 00:00:00-05:00,61.150001525878906,61.869998931884766,59.540000915527344,59.90999984741211,2982600,0.0,0.0
2026-03-09 00:00:00-04:00,58.869998931884766,61.47999954223633,58.529998779296875,61.33000183105469,4021600,0.0,0.0
2026-03-10 00:00:00-04:00,61.41999816894531,62.95000076293945,60.68000030517578,60.90999984741211,2883600,0.0,0.0
2026-03-11 00:00:00-04:00,60.75,63.459999084472656,60.75,63.38999938964844,4011900,0.0,0.0
2026-03-12 00:00:00-04:00,62.83000183105469,64.4800033569336,61.43000030517578,63.29999923706055,4627100,0.0,0.0
2026-03-13 00:00:00-04:00,63.29999923706055,64.16999816894531,61.810001373291016,63.45000076293945,2632900,0.0,0.0
2026-03-16 00:00:00-04:00,64.55999755859375,65.83999633789062,64.1500015258789,64.44999694824219,3692600,0.0,0.0
2026-03-17 00:00:00-04:00,64.4800033569336,66.1500015258789,63.939998626708984,65.38999938964844,3473500,0.0,0.0
2026-03-18 00:00:00-04:00,64.5999984741211,65.54000091552734,63.29999923706055,63.45000076293945,3385500,0.0,0.0
2026-03-19 00:00:00-04:00,62.040000915527344,66.26000213623047,61.68000030517578,65.79000091552734,3098000,0.0,0.0
2026-03-20 00:00:00-04:00,65.08000183105469,65.81999969482422,61.13999938964844,61.63999938964844,5263500,0.0,0.0
2026-03-23 00:00:00-04:00,63.189998626708984,66.05000305175781,63.08000183105469,65.04000091552734,2763500,0.0,0.0
2026-03-24 00:00:00-04:00,64.55999755859375,69.41999816894531,64.4800033569336,69.0999984741211,4030800,0.0,0.0
2026-03-25 00:00:00-04:00,69.87999725341797,70.73999786376953,68.54000091552734,70.0199966430664,2693700,0.0,0.0
2026-03-26 00:00:00-04:00,68.51000213623047,68.69999694824219,64.7300033569336,64.76000213623047,3277000,0.0,0.0
2026-03-27 00:00:00-04:00,64.37000274658203,65.69999694824219,63.83000183105469,64.80000305175781,2501400,0.0,0.0
2026-03-30 00:00:00-04:00,66.55999755859375,66.55999755859375,60.290000915527344,60.56999969482422,2532700,0.0,0.0
2026-03-31 00:00:00-04:00,61.47999954223633,65.54000091552734,61.15999984741211,65.45999908447266,4263200,0.0,0.0
2026-04-01 00:00:00-04:00,66.93000030517578,68.5999984741211,66.63999938964844,68.23999786376953,3103200,0.0,0.0
2026-04-02 00:00:00-04:00,65.86000061035156,69.04000091552734,65.56999969482422,68.58999633789062,2364100,0.0,0.0
2026-04-06 00:00:00-04:00,68.91999816894531,69.63999938964844,67.0999984741211,67.69999694824219,2597100,0.0,0.0
2026-04-07 00:00:00-04:00,67.2300033569336,68.61000061035156,66.83000183105469,68.20999908447266,2840400,0.0,0.0
2026-04-08 00:00:00-04:00,71.9000015258789,74.77999877929688,71.30000305175781,73.19000244140625,5016700,0.0,0.0
2026-04-09 00:00:00-04:00,73.31999969482422,75.91999816894531,73.19000244140625,75.01000213623047,4126700,0.0,0.0
2026-04-10 00:00:00-04:00,75.87999725341797,77.08000183105469,75.02999877929688,76.73999786376953,3953900,0.0,0.0
2026-04-13 00:00:00-04:00,75.95999908447266,78.45999908447266,75.2699966430664,78.30999755859375,2817600,0.0,0.0
2026-04-14 00:00:00-04:00,79.06999969482422,80.33000183105469,77.58999633789062,80.13999938964844,3714200,0.0,0.0
2026-04-15 00:00:00-04:00,79.4800033569336,80.02999877929688,77.05000305175781,78.43000030517578,3854000,0.0,0.0
2026-04-16 00:00:00-04:00,77.86000061035156,80.16999816894531,76.4000015258789,79.91999816894531,3045400,0.0,0.0
2026-04-17 00:00:00-04:00,81.01000213623047,82.8499984741211,80.0199966430664,81.83000183105469,3235500,0.0,0.0
2026-04-20 00:00:00-04:00,82.62000274658203,84.55999755859375,82.26000213623047,84.27999877929688,2781400,0.0,0.0
2026-04-21 00:00:00-04:00,84.5,86.87000274658203,84.33000183105469,85.13999938964844,5480100,0.0,0.0
2026-04-22 00:00:00-04:00,85.33000183105469,85.7300033569336,83.97000122070312,85.41999816894531,2622500,0.0,0.0
2026-04-23 00:00:00-04:00,85.41999816894531,88.08999633789062,84.55000305175781,86.9000015258789,3219600,0.0,0.0
2026-04-24 00:00:00-04:00,88.29000091552734,91.91000366210938,87.87999725341797,91.41000366210938,3644300,0.0,0.0
2026-04-27 00:00:00-04:00,92.05000305175781,92.05000305175781,88.68000030517578,90.08000183105469,3698700,0.0,0.0
2026-04-28 00:00:00-04:00,86.79000091552734,89.38999938964844,84.66999816894531,87.16000366210938,4744800,0.0,0.0
2026-04-29 00:00:00-04:00,88.5,90.66000366210938,86.9000015258789,90.5999984741211,4457899,0.0,0.0
