Date,Open,High,Low,Close,Volume,Dividends,Stock Splits
2022-01-03 00:00:00-05:00,113.5199966430664,116.50399780273438,108.80000305175781,114.63999938964844,15713,0.0,0.0
2022-01-04 00:00:00-05:00,114.08000183105469,118.65599822998047,104.56800079345703,110.16000366210938,15000,0.0,0.0
2022-01-05 00:00:00-05:00,109.12000274658203,110.08000183105469,104.80000305175781,106.63999938964844,18638,0.0,0.0
2022-01-06 00:00:00-05:00,106.72000122070312,108.95999908447266,97.68000030517578,98.55999755859375,22000,0.0,0.0
2022-01-07 00:00:00-05:00,97.83999633789062,98.80000305175781,93.83999633789062,95.5199966430664,8450,0.0,0.0
2022-01-10 00:00:00-05:00,93.27999877929688,94.4000015258789,87.12000274658203,91.12000274658203,17663,0.0,0.0
2022-01-11 00:00:00-05:00,93.91999816894531,95.76000213623047,88.4800033569336,90.31999969482422,15513,0.0,0.0
2022-01-12 00:00:00-05:00,90.80000305175781,92.08000183105469,84.0,84.80000305175781,21688,0.0,0.0
2022-01-13 00:00:00-05:00,84.72000122070312,87.5199966430664,81.447998046875,83.68000030517578,12850,0.0,0.0
2022-01-14 00:00:00-05:00,84.72000122070312,87.2959976196289,74.0,77.68000030517578,31850,0.0,0.0
2022-01-18 00:00:00-05:00,75.12000274658203,75.12000274658203,64.16000366210938,65.76000213623047,29463,0.0,0.0
2022-01-19 00:00:00-05:00,64.4000015258789,65.19999694824219,59.040000915527344,59.279998779296875,28625,0.0,0.0
2022-01-20 00:00:00-05:00,60.880001068115234,69.5999984741211,58.63999938964844,59.20000076293945,29175,0.0,0.0
2022-01-21 00:00:00-05:00,56.959999084472656,60.0,54.31999969482422,58.2400016784668,16338,0.0,0.0
2022-01-24 00:00:00-05:00,55.52000045776367,55.52000045776367,50.20000076293945,54.880001068115234,13263,0.0,0.0
2022-01-25 00:00:00-05:00,52.560001373291016,54.2400016784668,49.599998474121094,51.119998931884766,13688,0.0,0.0
2022-01-26 00:00:00-05:00,51.52000045776367,57.2400016784668,51.20000076293945,53.279998779296875,14088,0.0,0.0
2022-01-27 00:00:00-05:00,53.36000061035156,63.36000061035156,49.599998474121094,50.47999954223633,23650,0.0,0.0
2022-01-28 00:00:00-05:00,50.560001373291016,52.63999938964844,47.20800018310547,52.63999938964844,11388,0.0,0.0
2022-01-31 00:00:00-05:00,52.0,56.31999969482422,50.167999267578125,55.52000045776367,13613,0.0,0.0
2022-02-01 00:00:00-05:00,55.7599983215332,58.880001068115234,53.279998779296875,56.79999923706055,7763,0.0,0.0
2022-02-02 00:00:00-05:00,58.0,60.560001373291016,52.720001220703125,53.7599983215332,7750,0.0,0.0
2022-02-03 00:00:00-05:00,50.959999084472656,50.959999084472656,46.79999923706055,48.0,8088,0.0,0.0
2022-02-04 00:00:00-05:00,47.599998474121094,53.119998931884766,47.19200134277344,53.119998931884766,12675,0.0,0.0
2022-02-07 00:00:00-05:00,53.36000061035156,63.439998626708984,52.0,56.0,36750,0.0,0.0
2022-02-08 00:00:00-05:00,53.52000045776367,57.7599983215332,52.0,57.279998779296875,36038,0.0,0.0
2022-02-09 00:00:00-05:00,57.84000015258789,60.959999084472656,52.47999954223633,54.31999969482422,16950,0.0,0.0
2022-02-10 00:00:00-05:00,52.63999938964844,53.30400085449219,48.15999984741211,50.0,22388,0.0,0.0
2022-02-11 00:00:00-05:00,50.0,53.599998474121094,48.63999938964844,50.2400016784668,9588,0.0,0.0
2022-02-14 00:00:00-05:00,49.439998626708984,50.31999969482422,45.279998779296875,47.36000061035156,23038,0.0,0.0
2022-02-15 00:00:00-05:00,49.439998626708984,54.63999938964844,48.2400016784668,48.720001220703125,39338,0.0,0.0
2022-02-16 00:00:00-05:00,48.79999923706055,48.79999923706055,44.959999084472656,46.959999084472656,19238,0.0,0.0
2022-02-17 00:00:00-05:00,45.20000076293945,46.31999969482422,41.68000030517578,43.599998474121094,18550,0.0,0.0
2022-02-18 00:00:00-05:00,43.279998779296875,47.68000030517578,42.959999084472656,44.63999938964844,7675,0.0,0.0
2022-02-22 00:00:00-05:00,43.439998626708984,44.47999954223633,41.12799835205078,42.880001068115234,14275,0.0,0.0
2022-02-23 00:00:00-05:00,44.65599822998047,44.65599822998047,39.119998931884766,39.68000030517578,12175,0.0,0.0
2022-02-24 00:00:00-05:00,37.52000045776367,43.47999954223633,35.119998931884766,41.7599983215332,19913,0.0,0.0
2022-02-25 00:00:00-05:00,42.0,46.2400016784668,39.152000427246094,39.36000061035156,4400,0.0,0.0
2022-02-28 00:00:00-05:00,39.20000076293945,40.720001220703125,39.040000915527344,39.599998474121094,3700,0.0,0.0
2022-03-01 00:00:00-05:00,39.52000045776367,42.63999938964844,37.52000045776367,38.560001373291016,10338,0.0,0.0
2022-03-02 00:00:00-05:00,39.68000030517578,39.68000030517578,36.08000183105469,36.31999969482422,14688,0.0,0.0
2022-03-03 00:00:00-05:00,36.400001525878906,36.47999954223633,32.959999084472656,35.7599983215332,23125,0.0,0.0
2022-03-04 00:00:00-05:00,34.959999084472656,34.959999084472656,32.08000183105469,32.47999954223633,17450,0.0,0.0
2022-03-07 00:00:00-05:00,32.79999923706055,32.880001068115234,27.600000381469727,29.200000762939453,20613,0.0,0.0
2022-03-08 00:00:00-05:00,29.1200008392334,31.600000381469727,27.1200008392334,29.84000015258789,19663,0.0,0.0
2022-03-09 00:00:00-05:00,30.799999237060547,32.400001525878906,28.559999465942383,30.31999969482422,21338,0.0,0.0
2022-03-10 00:00:00-05:00,30.399999618530273,31.84000015258789,26.0,28.639999389648438,20550,0.0,0.0
2022-03-11 00:00:00-05:00,28.719999313354492,35.68000030517578,27.600000381469727,30.0,33438,0.0,0.0
2022-03-14 00:00:00-04:00,29.760000228881836,32.08000183105469,24.239999771118164,24.959999084472656,28275,0.0,0.0
2022-03-15 00:00:00-04:00,25.920000076293945,29.520000457763672,22.8799991607666,24.719999313354492,18738,0.0,0.0
2022-03-16 00:00:00-04:00,25.440000534057617,25.440000534057617,22.079999923706055,22.959999084472656,29450,0.0,0.0
2022-03-17 00:00:00-04:00,22.959999084472656,25.360000610351562,22.559999465942383,22.639999389648438,100738,0.0,0.0
2022-03-18 00:00:00-04:00,24.0,26.399999618530273,22.479999542236328,24.239999771118164,299738,0.0,0.0
2022-03-21 00:00:00-04:00,24.719999313354492,40.43199920654297,24.719999313354492,37.36000061035156,397200,0.0,0.0
2022-03-22 00:00:00-04:00,37.36000061035156,37.36000061035156,32.400001525878906,36.880001068115234,69988,0.0,0.0
2022-03-23 00:00:00-04:00,36.79999923706055,47.20000076293945,35.20800018310547,39.7599983215332,72088,0.0,0.0
2022-03-24 00:00:00-04:00,38.880001068115234,39.91999816894531,35.36800003051758,37.279998779296875,33725,0.0,0.0
2022-03-25 00:00:00-04:00,36.560001373291016,37.119998931884766,31.871999740600586,33.84000015258789,16525,0.0,0.0
2022-03-28 00:00:00-04:00,34.79999923706055,34.79999923706055,31.920000076293945,32.560001373291016,14600,0.0,0.0
2022-03-29 00:00:00-04:00,33.36000061035156,34.0,31.920000076293945,32.08000183105469,12900,0.0,0.0
2022-03-30 00:00:00-04:00,32.08000183105469,32.63199996948242,31.040000915527344,32.15999984741211,9700,0.0,0.0
2022-03-31 00:00:00-04:00,32.15999984741211,32.68000030517578,30.8799991607666,31.360000610351562,12113,0.0,0.0
2022-04-01 00:00:00-04:00,31.600000381469727,37.119998931884766,30.959999084472656,36.400001525878906,27000,0.0,0.0
2022-04-04 00:00:00-04:00,36.720001220703125,39.768001556396484,32.0,32.31999969482422,17600,0.0,0.0
2022-04-05 00:00:00-04:00,31.920000076293945,33.599998474121094,31.600000381469727,32.0,10100,0.0,0.0
2022-04-06 00:00:00-04:00,32.79999923706055,33.52000045776367,29.1200008392334,29.440000534057617,13575,0.0,0.0
2022-04-07 00:00:00-04:00,29.040000915527344,31.079999923706055,28.15999984741211,29.84000015258789,10825,0.0,0.0
2022-04-08 00:00:00-04:00,29.84000015258789,31.360000610351562,25.360000610351562,25.920000076293945,10338,0.0,0.0
2022-04-11 00:00:00-04:00,25.84000015258789,27.84000015258789,24.488000869750977,26.479999542236328,12300,0.0,0.0
2022-04-12 00:00:00-04:00,27.200000762939453,27.95199966430664,25.68000030517578,26.399999618530273,6513,0.0,0.0
2022-04-13 00:00:00-04:00,26.079999923706055,28.559999465942383,25.360000610351562,26.799999237060547,5488,0.0,0.0
2022-04-14 00:00:00-04:00,27.68000030517578,28.639999389648438,25.68000030517578,26.399999618530273,11650,0.0,0.0
2022-04-18 00:00:00-04:00,26.239999771118164,29.695999145507812,24.559999465942383,25.040000915527344,14825,0.0,0.0
2022-04-19 00:00:00-04:00,28.399999618530273,28.399999618530273,25.68000030517578,26.799999237060547,5088,0.0,0.0
2022-04-20 00:00:00-04:00,27.600000381469727,31.280000686645508,26.079999923706055,28.479999542236328,6150,0.0,0.0
2022-04-21 00:00:00-04:00,28.15999984741211,28.799999237060547,27.200000762939453,28.079999923706055,6275,0.0,0.0
2022-04-22 00:00:00-04:00,27.760000228881836,29.200000762939453,27.200000762939453,27.84000015258789,6188,0.0,0.0
2022-04-25 00:00:00-04:00,26.079999923706055,28.559999465942383,25.600000381469727,26.600000381469727,11950,0.0,0.0
2022-04-26 00:00:00-04:00,27.760000228881836,27.760000228881836,24.8799991607666,24.8799991607666,10400,0.0,0.0
2022-04-27 00:00:00-04:00,26.0,26.399999618530273,24.15999984741211,26.079999923706055,6288,0.0,0.0
2022-04-28 00:00:00-04:00,26.079999923706055,27.84000015258789,25.040000915527344,27.200000762939453,7913,0.0,0.0
2022-04-29 00:00:00-04:00,26.079999923706055,26.799999237060547,24.31999969482422,25.1200008392334,12650,0.0,0.0
2022-05-02 00:00:00-04:00,24.639999389648438,27.360000610351562,24.639999389648438,25.84000015258789,8325,0.0,0.0
2022-05-03 00:00:00-04:00,26.239999771118164,27.040000915527344,25.200000762939453,26.639999389648438,9763,0.0,0.0
2022-05-04 00:00:00-04:00,26.639999389648438,28.0,25.719999313354492,27.84000015258789,7013,0.0,0.0
2022-05-05 00:00:00-04:00,28.0,28.0,25.600000381469727,26.799999237060547,4025,0.0,0.0
2022-05-06 00:00:00-04:00,26.719999313354492,27.600000381469727,25.440000534057617,26.719999313354492,6425,0.0,0.0
2022-05-09 00:00:00-04:00,26.799999237060547,28.0,25.1200008392334,26.799999237060547,9875,0.0,0.0
2022-05-10 00:00:00-04:00,26.719999313354492,27.600000381469727,25.280000686645508,26.8799991607666,6688,0.0,0.0
2022-05-11 00:00:00-04:00,26.559999465942383,27.520000457763672,24.8799991607666,25.760000228881836,9750,0.0,0.0
2022-05-12 00:00:00-04:00,26.31999969482422,26.959999084472656,22.8799991607666,24.0,2150,0.0,0.0
2022-05-13 00:00:00-04:00,23.200000762939453,26.239999771118164,22.799999237060547,24.079999923706055,5775,0.0,0.0
2022-05-16 00:00:00-04:00,24.959999084472656,25.600000381469727,23.040000915527344,23.360000610351562,12113,0.0,0.0
2022-05-17 00:00:00-04:00,24.639999389648438,26.639999389648438,22.799999237060547,24.0,21675,0.0,0.0
2022-05-18 00:00:00-04:00,23.200000762939453,24.31999969482422,23.200000762939453,23.520000457763672,4325,0.0,0.0
2022-05-19 00:00:00-04:00,23.200000762939453,24.31999969482422,22.68000030517578,24.31999969482422,1375,0.0,0.0
2022-05-20 00:00:00-04:00,24.31999969482422,25.600000381469727,23.600000381469727,23.68000030517578,9738,0.0,0.0
2022-05-23 00:00:00-04:00,24.799999237060547,25.200000762939453,21.920000076293945,23.520000457763672,6413,0.0,0.0
2022-05-24 00:00:00-04:00,23.84000015258789,23.84000015258789,22.8799991607666,23.520000457763672,1988,0.0,0.0
2022-05-25 00:00:00-04:00,23.520000457763672,24.479999542236328,22.8799991607666,23.920000076293945,8738,0.0,0.0
2022-05-26 00:00:00-04:00,23.600000381469727,24.15999984741211,22.799999237060547,22.959999084472656,6150,0.0,0.0
2022-05-27 00:00:00-04:00,23.1200008392334,24.312000274658203,22.8799991607666,24.0,5250,0.0,0.0
2022-05-31 00:00:00-04:00,24.15999984741211,24.280000686645508,23.280000686645508,23.920000076293945,6113,0.0,0.0
2022-06-01 00:00:00-04:00,23.600000381469727,23.920000076293945,22.959999084472656,23.440000534057617,5000,0.0,0.0
2022-06-02 00:00:00-04:00,23.040000915527344,24.0,22.399999618530273,23.84000015258789,2750,0.0,0.0
2022-06-03 00:00:00-04:00,23.280000686645508,24.0,23.200000762939453,23.600000381469727,1425,0.0,0.0
2022-06-06 00:00:00-04:00,23.920000076293945,24.0,23.200000762939453,23.760000228881836,6663,0.0,0.0
2022-06-07 00:00:00-04:00,23.600000381469727,24.0,22.479999542236328,22.799999237060547,5175,0.0,0.0
2022-06-08 00:00:00-04:00,23.1200008392334,25.84000015258789,22.559999465942383,25.600000381469727,4513,0.0,0.0
2022-06-09 00:00:00-04:00,25.1200008392334,26.719999313354492,24.8799991607666,26.15999984741211,4775,0.0,0.0
2022-06-10 00:00:00-04:00,26.15999984741211,28.559999465942383,25.511999130249023,27.760000228881836,4500,0.0,0.0
2022-06-13 00:00:00-04:00,26.8799991607666,28.079999923706055,25.375999450683594,26.15999984741211,14088,0.0,0.0
2022-06-14 00:00:00-04:00,26.239999771118164,28.0,25.600000381469727,27.040000915527344,8188,0.0,0.0
2022-06-15 00:00:00-04:00,28.15999984741211,28.31999969482422,24.15999984741211,24.15999984741211,7988,0.0,0.0
2022-06-16 00:00:00-04:00,24.719999313354492,25.88800048828125,23.280000686645508,23.920000076293945,4575,0.0,0.0
2022-06-17 00:00:00-04:00,23.200000762939453,25.600000381469727,20.399999618530273,21.200000762939453,15838,0.0,0.0
2022-06-21 00:00:00-04:00,20.8799991607666,21.447999954223633,18.15999984741211,19.280000686645508,8113,0.0,0.0
2022-06-22 00:00:00-04:00,18.719999313354492,19.263999938964844,17.520000457763672,17.520000457763672,2413,0.0,0.0
2022-06-23 00:00:00-04:00,18.31999969482422,19.743999481201172,14.720000267028809,15.199999809265137,11975,0.0,0.0
2022-06-24 00:00:00-04:00,15.119999885559082,16.239999771118164,14.239999771118164,16.0,24925,0.0,0.0
2022-06-27 00:00:00-04:00,16.15999984741211,16.224000930786133,15.279999732971191,15.600000381469727,3063,0.0,0.0
2022-06-28 00:00:00-04:00,15.600000381469727,15.600000381469727,13.720000267028809,14.079999923706055,7263,0.0,0.0
2022-06-29 00:00:00-04:00,14.079999923706055,14.079999923706055,11.600000381469727,12.0,19888,0.0,0.0
2022-06-30 00:00:00-04:00,11.920000076293945,15.680000305175781,11.920000076293945,15.520000457763672,17238,0.0,0.0
2022-07-01 00:00:00-04:00,15.520000457763672,15.520000457763672,14.079999923706055,15.119999885559082,6000,0.0,0.0
2022-07-05 00:00:00-04:00,14.640000343322754,16.079999923706055,13.039999961853027,15.84000015258789,2063,0.0,0.0
2022-07-06 00:00:00-04:00,14.880000114440918,16.959999084472656,13.760000228881836,16.479999542236328,5475,0.0,0.0
2022-07-07 00:00:00-04:00,17.1200008392334,19.1200008392334,17.1200008392334,19.1200008392334,3825,0.0,0.0
2022-07-08 00:00:00-04:00,18.559999465942383,21.280000686645508,17.600000381469727,21.1200008392334,6375,0.0,0.0
2022-07-11 00:00:00-04:00,22.8799991607666,24.959999084472656,21.440000534057617,23.360000610351562,10613,0.0,0.0
2022-07-12 00:00:00-04:00,23.520000457763672,24.639999389648438,23.040000915527344,23.68000030517578,10413,0.0,0.0
2022-07-13 00:00:00-04:00,23.1200008392334,24.399999618530273,21.520000457763672,24.31999969482422,5963,0.0,0.0
2022-07-14 00:00:00-04:00,23.68000030517578,25.600000381469727,22.399999618530273,24.719999313354492,6525,0.0,0.0
2022-07-15 00:00:00-04:00,24.559999465942383,25.1200008392334,24.0,24.719999313354492,6838,0.0,0.0
2022-07-18 00:00:00-04:00,24.719999313354492,24.799999237060547,22.719999313354492,23.799999237060547,20963,0.0,0.0
2022-07-19 00:00:00-04:00,23.920000076293945,24.719999313354492,23.68000030517578,24.239999771118164,6075,0.0,0.0
2022-07-20 00:00:00-04:00,24.239999771118164,25.200000762939453,24.0,24.559999465942383,4275,0.0,0.0
2022-07-21 00:00:00-04:00,24.8799991607666,25.600000381469727,24.31999969482422,25.520000457763672,1363,0.0,0.0
2022-07-22 00:00:00-04:00,25.1200008392334,26.15999984741211,24.239999771118164,26.0,2775,0.0,0.0
2022-07-25 00:00:00-04:00,26.15999984741211,26.15999984741211,22.81599998474121,23.760000228881836,8600,0.0,0.0
2022-07-26 00:00:00-04:00,23.920000076293945,24.479999542236328,22.8799991607666,23.84000015258789,7288,0.0,0.0
2022-07-27 00:00:00-04:00,24.0,25.200000762939453,23.1200008392334,23.1200008392334,8625,0.0,0.0
2022-07-28 00:00:00-04:00,23.920000076293945,26.0,20.799999237060547,24.959999084472656,12425,0.0,0.0
2022-07-29 00:00:00-04:00,24.31999969482422,25.280000686645508,23.856000900268555,25.040000915527344,1363,0.0,0.0
2022-08-01 00:00:00-04:00,24.559999465942383,25.360000610351562,23.920000076293945,24.15999984741211,1888,0.0,0.0
2022-08-02 00:00:00-04:00,24.639999389648438,25.600000381469727,23.760000228881836,23.84000015258789,3375,0.0,0.0
2022-08-03 00:00:00-04:00,24.079999923706055,25.440000534057617,23.68000030517578,23.760000228881836,11588,0.0,0.0
2022-08-04 00:00:00-04:00,22.559999465942383,25.1200008392334,22.0,25.040000915527344,10175,0.0,0.0
2022-08-05 00:00:00-04:00,24.0,25.600000381469727,24.0,24.639999389648438,8575,0.0,0.0
2022-08-08 00:00:00-04:00,22.8799991607666,25.040000915527344,22.399999618530273,23.760000228881836,7063,0.0,0.0
2022-08-09 00:00:00-04:00,22.559999465942383,25.200000762939453,21.920000076293945,24.479999542236328,5263,0.0,0.0
2022-08-10 00:00:00-04:00,24.559999465942383,25.600000381469727,22.799999237060547,22.959999084472656,4638,0.0,0.0
2022-08-11 00:00:00-04:00,23.360000610351562,24.280000686645508,22.04800033569336,22.639999389648438,3013,0.0,0.0
2022-08-12 00:00:00-04:00,22.959999084472656,24.31999969482422,20.079999923706055,20.079999923706055,9988,0.0,0.0
2022-08-15 00:00:00-04:00,19.440000534057617,20.8799991607666,19.440000534057617,20.8799991607666,7738,0.0,0.0
2022-08-16 00:00:00-04:00,21.760000228881836,21.84000015258789,20.799999237060547,20.959999084472656,6038,0.0,0.0
2022-08-17 00:00:00-04:00,21.1200008392334,22.399999618530273,20.719999313354492,20.959999084472656,4050,0.0,0.0
2022-08-18 00:00:00-04:00,21.200000762939453,21.440000534057617,20.15999984741211,21.1200008392334,1750,0.0,0.0
2022-08-19 00:00:00-04:00,21.600000381469727,21.600000381469727,20.639999389648438,21.520000457763672,1875,0.0,0.0
2022-08-22 00:00:00-04:00,21.040000915527344,21.920000076293945,20.399999618530273,20.719999313354492,2350,0.0,0.0
2022-08-23 00:00:00-04:00,21.200000762939453,21.695999145507812,20.559999465942383,21.360000610351562,1850,0.0,0.0
2022-08-24 00:00:00-04:00,20.799999237060547,22.0,19.8799991607666,21.920000076293945,2138,0.0,0.0
2022-08-25 00:00:00-04:00,21.520000457763672,22.959999084472656,21.440000534057617,22.959999084472656,6200,0.0,0.0
2022-08-26 00:00:00-04:00,23.399999618530273,24.15999984741211,22.479999542236328,23.68000030517578,5300,0.0,0.0
2022-08-29 00:00:00-04:00,24.559999465942383,24.8799991607666,22.559999465942383,22.559999465942383,2938,0.0,0.0
2022-08-30 00:00:00-04:00,23.920000076293945,23.920000076293945,20.479999542236328,20.479999542236328,6600,0.0,0.0
2022-08-31 00:00:00-04:00,21.520000457763672,21.68000030517578,19.200000762939453,20.0,4238,0.0,0.0
2022-09-01 00:00:00-04:00,19.280000686645508,20.079999923706055,17.920000076293945,19.200000762939453,6538,0.0,0.0
2022-09-02 00:00:00-04:00,21.440000534057617,22.559999465942383,19.600000381469727,21.040000915527344,938,0.0,0.0
2022-09-06 00:00:00-04:00,21.360000610351562,22.31999969482422,20.959999084472656,22.31999969482422,863,0.0,0.0
2022-09-07 00:00:00-04:00,22.639999389648438,25.440000534057617,22.479999542236328,25.360000610351562,4000,0.0,0.0
2022-09-08 00:00:00-04:00,25.68000030517578,26.0,24.447999954223633,24.719999313354492,2750,0.0,0.0
2022-09-09 00:00:00-04:00,25.760000228881836,27.1200008392334,25.760000228881836,26.8799991607666,3163,0.0,0.0
2022-09-12 00:00:00-04:00,26.639999389648438,26.8799991607666,25.68000030517578,26.239999771118164,2000,0.0,0.0
2022-09-13 00:00:00-04:00,25.239999771118164,26.440000534057617,24.8799991607666,26.440000534057617,4588,0.0,0.0
2022-09-14 00:00:00-04:00,26.399999618530273,28.0,26.0,26.959999084472656,5788,0.0,0.0
2022-09-15 00:00:00-04:00,26.239999771118164,27.040000915527344,24.639999389648438,26.15999984741211,2275,0.0,0.0
2022-09-16 00:00:00-04:00,25.440000534057617,25.920000076293945,24.0,24.959999084472656,3438,0.0,0.0
2022-09-19 00:00:00-04:00,25.040000915527344,25.600000381469727,23.200000762939453,25.1200008392334,2200,0.0,0.0
2022-09-20 00:00:00-04:00,24.639999389648438,24.639999389648438,23.200000762939453,24.239999771118164,650,0.0,0.0
2022-09-21 00:00:00-04:00,23.68000030517578,25.68000030517578,23.68000030517578,24.559999465942383,725,0.0,0.0
2022-09-22 00:00:00-04:00,25.200000762939453,25.920000076293945,23.600000381469727,23.600000381469727,1000,0.0,0.0
2022-09-23 00:00:00-04:00,24.0,24.0,23.440000534057617,24.0,2600,0.0,0.0
2022-09-26 00:00:00-04:00,23.360000610351562,24.0,23.200000762939453,23.600000381469727,1125,0.0,0.0
2022-09-27 00:00:00-04:00,23.520000457763672,24.0,23.520000457763672,23.760000228881836,600,0.0,0.0
2022-09-28 00:00:00-04:00,22.719999313354492,23.88800048828125,22.719999313354492,23.200000762939453,413,0.0,0.0
2022-09-29 00:00:00-04:00,22.639999389648438,23.760000228881836,20.959999084472656,23.040000915527344,1725,0.0,0.0
2022-09-30 00:00:00-04:00,23.200000762939453,24.0,22.799999237060547,23.1200008392334,2325,0.0,0.0
2022-10-03 00:00:00-04:00,22.8799991607666,24.0,22.639999389648438,23.920000076293945,963,0.0,0.0
2022-10-04 00:00:00-04:00,24.079999923706055,24.799999237060547,21.239999771118164,21.84000015258789,4113,0.0,0.0
2022-10-05 00:00:00-04:00,21.440000534057617,21.440000534057617,20.079999923706055,20.079999923706055,1150,0.0,0.0
2022-10-06 00:00:00-04:00,20.239999771118164,22.31999969482422,19.600000381469727,19.920000076293945,4313,0.0,0.0
2022-10-07 00:00:00-04:00,20.31999969482422,20.31999969482422,15.119999885559082,15.4399995803833,4788,0.0,0.0
2022-10-10 00:00:00-04:00,16.079999923706055,16.079999923706055,15.359999656677246,15.359999656677246,1125,0.0,0.0
2022-10-11 00:00:00-04:00,15.4399995803833,17.280000686645508,15.4399995803833,16.280000686645508,15300,0.0,0.0
2022-10-12 00:00:00-04:00,15.871999740600586,15.920000076293945,13.760000228881836,13.760000228881836,2063,0.0,0.0
2022-10-13 00:00:00-04:00,13.920000076293945,15.279999732971191,12.711999893188477,15.279999732971191,10800,0.0,0.0
2022-10-14 00:00:00-04:00,14.640000343322754,15.199999809265137,12.399999618530273,12.399999618530273,5488,0.0,0.0
2022-10-17 00:00:00-04:00,12.800000190734863,14.824000358581543,12.720000267028809,13.199999809265137,925,0.0,0.0
2022-10-18 00:00:00-04:00,13.904000282287598,13.904000282287598,11.279999732971191,11.600000381469727,5925,0.0,0.0
2022-10-19 00:00:00-04:00,11.359999656677246,11.920000076293945,10.15999984741211,10.720000267028809,3188,0.0,0.0
2022-10-20 00:00:00-04:00,10.5600004196167,11.039999961853027,10.031999588012695,11.039999961853027,1175,0.0,0.0
2022-10-21 00:00:00-04:00,10.0,11.119999885559082,7.447999954223633,8.0,26275,0.0,0.0
2022-10-24 00:00:00-04:00,8.399999618530273,9.223999977111816,8.031999588012695,9.079999923706055,3588,0.0,0.0
2022-10-25 00:00:00-04:00,9.119999885559082,11.039999961853027,9.119999885559082,10.960000038146973,6338,0.0,0.0
2022-10-26 00:00:00-04:00,11.199999809265137,11.199999809265137,9.607999801635742,9.920000076293945,2425,0.0,0.0
2022-10-27 00:00:00-04:00,10.880000114440918,11.199999809265137,10.399999618530273,10.800000190734863,3150,0.0,0.0
2022-10-28 00:00:00-04:00,11.359999656677246,11.696000099182129,10.239999771118164,11.199999809265137,2738,0.0,0.0
2022-10-31 00:00:00-04:00,10.831999778747559,10.831999778747559,9.600000381469727,9.600000381469727,2413,0.0,0.0
2022-11-01 00:00:00-04:00,10.15999984741211,10.15999984741211,9.199999809265137,9.199999809265137,838,0.0,0.0
2022-11-02 00:00:00-04:00,10.968000411987305,10.968000411987305,8.399999618530273,8.600000381469727,1500,0.0,0.0
2022-11-03 00:00:00-04:00,8.640000343322754,11.0,8.399999618530273,8.399999618530273,2888,0.0,0.0
2022-11-04 00:00:00-04:00,8.53600025177002,9.920000076293945,8.53600025177002,9.055999755859375,413,0.0,0.0
2022-11-07 00:00:00-05:00,9.472000122070312,9.472000122070312,8.800000190734863,8.960000038146973,313,0.0,0.0
2022-11-08 00:00:00-05:00,9.239999771118164,9.239999771118164,8.248000144958496,8.64799976348877,1488,0.0,0.0
2022-11-09 00:00:00-05:00,8.319999694824219,8.319999694824219,8.0,8.0,900,0.0,0.0
2022-11-10 00:00:00-05:00,8.67199993133545,8.67199993133545,8.0,8.0,1300,0.0,0.0
2022-11-11 00:00:00-05:00,8.359999656677246,8.359999656677246,7.104000091552734,7.199999809265137,5350,0.0,0.0
2022-11-14 00:00:00-05:00,7.480000019073486,7.760000228881836,7.199999809265137,7.519999980926514,9563,0.0,0.0
2022-11-15 00:00:00-05:00,7.360000133514404,7.679999828338623,6.6479997634887695,7.679999828338623,4800,0.0,0.0
2022-11-16 00:00:00-05:00,7.679999828338623,7.679999828338623,7.320000171661377,7.440000057220459,863,0.0,0.0
2022-11-17 00:00:00-05:00,7.0320000648498535,7.0320000648498535,6.0,6.559999942779541,5163,0.0,0.0
2022-11-18 00:00:00-05:00,6.335999965667725,7.199999809265137,6.239999771118164,6.943999767303467,488,0.0,0.0
2022-11-21 00:00:00-05:00,7.28000020980835,7.28000020980835,6.368000030517578,6.880000114440918,2388,0.0,0.0
2022-11-22 00:00:00-05:00,7.239999771118164,7.519999980926514,6.480000019073486,7.288000106811523,7375,0.0,0.0
2022-11-23 00:00:00-05:00,7.519999980926514,7.599999904632568,6.840000152587891,7.599999904632568,6350,0.0,0.0
2022-11-25 00:00:00-05:00,7.599999904632568,7.920000076293945,7.199999809265137,7.920000076293945,5963,0.0,0.0
2022-11-28 00:00:00-05:00,7.519999980926514,7.831999778747559,7.360000133514404,7.360000133514404,5463,0.0,0.0
2022-11-29 00:00:00-05:00,7.519999980926514,7.920000076293945,7.440000057220459,7.639999866485596,6813,0.0,0.0
2022-11-30 00:00:00-05:00,7.599999904632568,9.199999809265137,7.5920000076293945,8.880000114440918,7550,0.0,0.0
2022-12-01 00:00:00-05:00,9.520000457763672,9.84000015258789,8.15999984741211,8.239999771118164,2813,0.0,0.0
2022-12-02 00:00:00-05:00,7.679999828338623,7.71999979019165,6.51200008392334,6.960000038146973,6175,0.0,0.0
2022-12-05 00:00:00-05:00,7.751999855041504,7.751999855041504,6.9039998054504395,6.9039998054504395,3563,0.0,0.0
2022-12-06 00:00:00-05:00,6.71999979019165,7.599999904632568,6.71999979019165,7.216000080108643,8888,0.0,0.0
2022-12-07 00:00:00-05:00,7.599999904632568,9.199999809265137,7.599999904632568,8.0,6888,0.0,0.0
2022-12-08 00:00:00-05:00,7.199999809265137,8.0,7.199999809265137,7.375999927520752,5800,0.0,0.0
2022-12-09 00:00:00-05:00,7.679999828338623,8.239999771118164,7.679999828338623,7.760000228881836,713,0.0,0.0
2022-12-12 00:00:00-05:00,8.0,8.0,7.199999809265137,7.23199987411499,4200,0.0,0.0
2022-12-13 00:00:00-05:00,7.711999893188477,7.751999855041504,7.199999809265137,7.679999828338623,3025,0.0,0.0
2022-12-14 00:00:00-05:00,7.199999809265137,7.679999828338623,5.519999980926514,6.208000183105469,8738,0.0,0.0
2022-12-15 00:00:00-05:00,6.056000232696533,7.199999809265137,5.679999828338623,5.679999828338623,375,0.0,0.0
2022-12-16 00:00:00-05:00,5.9679999351501465,7.599999904632568,5.9679999351501465,6.559999942779541,10775,0.0,0.0
2022-12-19 00:00:00-05:00,6.800000190734863,6.815999984741211,6.239999771118164,6.3520002365112305,1500,0.0,0.0
2022-12-20 00:00:00-05:00,6.400000095367432,6.559999942779541,6.191999912261963,6.263999938964844,4863,0.0,0.0
2022-12-21 00:00:00-05:00,6.415999889373779,6.415999889373779,6.263999938964844,6.263999938964844,3988,0.0,0.0
2022-12-22 00:00:00-05:00,6.639999866485596,7.039999961853027,6.23199987411499,6.239999771118164,2963,0.0,0.0
2022-12-23 00:00:00-05:00,6.239999771118164,6.239999771118164,5.039999961853027,5.047999858856201,10813,0.0,0.0
2022-12-27 00:00:00-05:00,5.440000057220459,5.440000057220459,4.800000190734863,4.800000190734863,9763,0.0,0.0
2022-12-28 00:00:00-05:00,4.800000190734863,5.119999885559082,4.71999979019165,4.71999979019165,4925,0.0,0.0
2022-12-29 00:00:00-05:00,4.71999979019165,4.71999979019165,4.0,4.584000110626221,9575,0.0,0.0
2022-12-30 00:00:00-05:00,4.400000095367432,4.840000152587891,4.400000095367432,4.631999969482422,3025,0.0,0.0
2023-01-03 00:00:00-05:00,4.863999843597412,5.880000114440918,4.863999843597412,5.039999961853027,2563,0.0,0.0
2023-01-04 00:00:00-05:00,5.599999904632568,5.599999904632568,5.039999961853027,5.199999809265137,1150,0.0,0.0
2023-01-05 00:00:00-05:00,5.0,5.464000225067139,4.880000114440918,5.119999885559082,1575,0.0,0.0
2023-01-06 00:00:00-05:00,5.039999961853027,5.039999961853027,4.400000095367432,4.855999946594238,4775,0.0,0.0
2023-01-09 00:00:00-05:00,5.559999942779541,5.559999942779541,4.400000095367432,4.559999942779541,3813,0.0,0.0
2023-01-10 00:00:00-05:00,4.400000095367432,5.119999885559082,4.159999847412109,5.119999885559082,8138,0.0,0.0
2023-01-11 00:00:00-05:00,5.039999961853027,5.328000068664551,4.71999979019165,5.248000144958496,4000,0.0,0.0
2023-01-12 00:00:00-05:00,5.039999961853027,5.199999809265137,4.71999979019165,5.199999809265137,1138,0.0,0.0
2023-01-13 00:00:00-05:00,5.119999885559082,6.111999988555908,5.104000091552734,5.440000057220459,2700,0.0,0.0
2023-01-17 00:00:00-05:00,5.119999885559082,5.368000030517578,4.584000110626221,4.863999843597412,7538,0.0,0.0
2023-01-18 00:00:00-05:00,4.960000038146973,4.960000038146973,4.679999828338623,4.71999979019165,2700,0.0,0.0
2023-01-19 00:00:00-05:00,4.639999866485596,4.639999866485596,4.48799991607666,4.48799991607666,100,0.0,0.0
2023-01-20 00:00:00-05:00,4.920000076293945,4.920000076293945,4.400000095367432,4.4079999923706055,3813,0.0,0.0
2023-01-23 00:00:00-05:00,4.624000072479248,4.800000190734863,4.400000095367432,4.71999979019165,9088,0.0,0.0
2023-01-24 00:00:00-05:00,4.71999979019165,4.71999979019165,4.480000019073486,4.480000019073486,475,0.0,0.0
2023-01-25 00:00:00-05:00,4.800000190734863,4.800000190734863,4.159999847412109,4.480000019073486,3013,0.0,0.0
2023-01-26 00:00:00-05:00,4.480000019073486,4.480000019073486,4.0,4.159999847412109,6338,0.0,0.0
2023-01-27 00:00:00-05:00,4.239999771118164,4.800000190734863,4.0,4.392000198364258,9613,0.0,0.0
2023-01-30 00:00:00-05:00,4.400000095367432,6.9679999351501465,4.320000171661377,5.840000152587891,116375,0.0,0.0
2023-01-31 00:00:00-05:00,6.0,6.4079999923706055,4.400000095367432,4.584000110626221,38113,0.0,0.0
2023-02-01 00:00:00-05:00,4.576000213623047,4.800000190734863,4.400000095367432,4.639999866485596,11338,0.0,0.0
2023-02-02 00:00:00-05:00,4.639999866485596,4.872000217437744,4.239999771118164,4.624000072479248,18425,0.0,0.0
2023-02-03 00:00:00-05:00,4.480000019073486,5.208000183105469,4.320000171661377,4.607999801635742,23288,0.0,0.0
2023-02-06 00:00:00-05:00,4.639999866485596,5.599999904632568,4.328000068664551,4.880000114440918,49888,0.0,0.0
2023-02-07 00:00:00-05:00,5.23199987411499,5.23199987411499,3.687999963760376,3.7200000286102295,52925,0.0,0.0
2023-02-08 00:00:00-05:00,3.5999999046325684,3.759999990463257,3.4000000953674316,3.447999954223633,26300,0.0,0.0
2023-02-09 00:00:00-05:00,3.624000072479248,3.624000072479248,3.2880001068115234,3.2960000038146973,6613,0.0,0.0
2023-02-10 00:00:00-05:00,3.680000066757202,3.680000066757202,3.055999994277954,3.063999891281128,16400,0.0,0.0
2023-02-13 00:00:00-05:00,2.936000108718872,3.447999954223633,2.880000114440918,2.880000114440918,12238,0.0,0.0
2023-02-14 00:00:00-05:00,2.880000114440918,3.0239999294281006,2.640000104904175,2.799999952316284,7763,0.0,0.0
2023-02-15 00:00:00-05:00,2.799999952316284,3.0399999618530273,2.799999952316284,3.0399999618530273,3850,0.0,0.0
2023-02-16 00:00:00-05:00,2.936000108718872,3.0799999237060547,2.48799991607666,2.559999942779541,25463,0.0,0.0
2023-02-17 00:00:00-05:00,2.5920000076293945,2.5920000076293945,2.48799991607666,2.5199999809265137,2538,0.0,0.0
2023-02-21 00:00:00-05:00,2.7200000286102295,3.191999912261963,2.5280001163482666,2.992000102996826,28500,0.0,0.0
2023-02-22 00:00:00-05:00,2.864000082015991,3.0399999618530273,2.6640000343322754,3.0399999618530273,13113,0.0,0.0
2023-02-23 00:00:00-05:00,2.9600000381469727,3.1440000534057617,2.880000114440918,3.0880000591278076,7050,0.0,0.0
2023-02-24 00:00:00-05:00,2.9600000381469727,3.6640000343322754,2.8480000495910645,3.2239999771118164,19800,0.0,0.0
2023-02-27 00:00:00-05:00,3.200000047683716,4.239999771118164,3.0399999618530273,3.8399999141693115,39113,0.0,0.0
2023-02-28 00:00:00-05:00,3.759999990463257,4.159999847412109,3.5999999046325684,3.7839999198913574,10463,0.0,0.0
2023-03-01 00:00:00-05:00,3.8959999084472656,3.8959999084472656,3.312000036239624,3.759999990463257,7875,0.0,0.0
2023-03-02 00:00:00-05:00,3.680000066757202,3.680000066757202,3.359999895095825,3.624000072479248,3125,0.0,0.0
2023-03-03 00:00:00-05:00,4.0,4.0,3.3519999980926514,3.5999999046325684,11675,0.0,0.0
2023-03-06 00:00:00-05:00,3.503999948501587,3.503999948501587,2.671999931335449,3.1519999504089355,4950,0.0,0.0
2023-03-07 00:00:00-05:00,3.184000015258789,3.200000047683716,3.0160000324249268,3.200000047683716,2763,0.0,0.0
2023-03-08 00:00:00-05:00,3.119999885559082,3.119999885559082,2.880000114440918,2.888000011444092,2563,0.0,0.0
2023-03-09 00:00:00-05:00,3.0399999618530273,3.9200000762939453,3.0399999618530273,3.200000047683716,4600,0.0,0.0
2023-03-10 00:00:00-05:00,3.359999895095825,3.7200000286102295,2.74399995803833,3.184000015258789,11975,0.0,0.0
2023-03-13 00:00:00-04:00,3.200000047683716,3.200000047683716,2.799999952316284,2.8320000171661377,2925,0.0,0.0
2023-03-14 00:00:00-04:00,2.9679999351501465,3.0399999618530273,2.640000104904175,2.640000104904175,2688,0.0,0.0
2023-03-15 00:00:00-04:00,2.7200000286102295,3.0399999618530273,2.4800000190734863,2.559999942779541,3338,0.0,0.0
2023-03-16 00:00:00-04:00,2.687999963760376,2.687999963760376,2.319999933242798,2.4000000953674316,7150,0.0,0.0
2023-03-17 00:00:00-04:00,2.247999906539917,2.496000051498413,2.1679999828338623,2.440000057220459,8725,0.0,0.0
2023-03-20 00:00:00-04:00,2.312000036239624,3.440000057220459,2.1760001182556152,2.799999952316284,35175,0.0,0.0
2023-03-21 00:00:00-04:00,2.6080000400543213,4.079999923706055,2.6080000400543213,3.559999942779541,16613,0.0,0.0
2023-03-22 00:00:00-04:00,3.680000066757202,3.9200000762939453,2.8399999141693115,3.8399999141693115,13100,0.0,0.0
2023-03-23 00:00:00-04:00,4.0,4.0,3.303999900817871,3.5439999103546143,2825,0.0,0.0
2023-03-24 00:00:00-04:00,3.2239999771118164,4.0,3.2239999771118164,3.799999952316284,3438,0.0,0.0
2023-03-27 00:00:00-04:00,3.687999963760376,3.687999963760376,3.440000057220459,3.440000057220459,675,0.0,0.0
2023-03-28 00:00:00-04:00,3.5999999046325684,4.0,3.2239999771118164,3.680000066757202,6188,0.0,0.0
2023-03-29 00:00:00-04:00,4.159999847412109,4.159999847412109,3.3519999980926514,3.7279999256134033,3450,0.0,0.0
2023-03-30 00:00:00-04:00,3.5439999103546143,3.7200000286102295,3.4079999923706055,3.431999921798706,1100,0.0,0.0
2023-03-31 00:00:00-04:00,2.559999942779541,4.0,2.559999942779541,3.5999999046325684,3513,0.0,0.0
2023-04-03 00:00:00-04:00,3.7119998931884766,4.0,3.4240000247955322,3.5920000076293945,1000,0.0,0.0
2023-04-04 00:00:00-04:00,3.5920000076293945,3.7920000553131104,3.5840001106262207,3.5840001106262207,400,0.0,0.0
2023-04-05 00:00:00-04:00,3.5840001106262207,3.5840001106262207,2.799999952316284,3.0,3513,0.0,0.0
2023-04-06 00:00:00-04:00,2.752000093460083,3.1519999504089355,2.752000093460083,2.9600000381469727,1200,0.0,0.0
2023-04-10 00:00:00-04:00,3.359999895095825,3.359999895095825,2.936000108718872,3.1760001182556152,1613,0.0,0.0
2023-04-11 00:00:00-04:00,2.8239998817443848,3.1519999504089355,2.8239998817443848,3.1519999504089355,900,0.0,0.0
2023-04-12 00:00:00-04:00,3.055999994277954,3.2799999713897705,2.9200000762939453,2.9600000381469727,2563,0.0,0.0
2023-04-13 00:00:00-04:00,3.191999912261963,3.2720000743865967,3.191999912261963,3.2720000743865967,138,0.0,0.0
2023-04-14 00:00:00-04:00,3.0239999294281006,3.2639999389648438,3.0239999294281006,3.2639999389648438,188,0.0,0.0
2023-04-17 00:00:00-04:00,3.359999895095825,3.359999895095825,3.0399999618530273,3.240000009536743,3250,0.0,0.0
2023-04-18 00:00:00-04:00,3.119999885559082,3.680000066757202,3.119999885559082,3.2880001068115234,3225,0.0,0.0
2023-04-19 00:00:00-04:00,3.119999885559082,3.4800000190734863,3.119999885559082,3.359999895095825,1138,0.0,0.0
2023-04-20 00:00:00-04:00,3.2799999713897705,4.079999923706055,3.240000009536743,3.8399999141693115,19975,0.0,0.0
2023-04-21 00:00:00-04:00,3.9119999408721924,3.9119999408721924,3.559999942779541,3.559999942779541,2075,0.0,0.0
2023-04-24 00:00:00-04:00,3.5999999046325684,3.5999999046325684,2.9600000381469727,2.9600000381469727,4238,0.0,0.0
2023-04-25 00:00:00-04:00,3.359999895095825,3.359999895095825,2.9200000762939453,3.0,3313,0.0,0.0
2023-04-26 00:00:00-04:00,2.9600000381469727,3.359999895095825,2.9200000762939453,3.359999895095825,1613,0.0,0.0
2023-04-27 00:00:00-04:00,3.4800000190734863,3.559999942779541,3.0399999618530273,3.119999885559082,2575,0.0,0.0
2023-04-28 00:00:00-04:00,2.9200000762939453,2.9600000381469727,2.447999954223633,2.799999952316284,3138,0.0,0.0
2023-05-01 00:00:00-04:00,2.936000108718872,2.936000108718872,2.640000104904175,2.799999952316284,3000,0.0,0.0
2023-05-02 00:00:00-04:00,2.9119999408721924,3.055999994277954,2.6080000400543213,2.927999973297119,4438,0.0,0.0
2023-05-03 00:00:00-04:00,3.200000047683716,3.200000047683716,2.8480000495910645,2.864000082015991,600,0.0,0.0
2023-05-04 00:00:00-04:00,2.864000082015991,3.0399999618530273,2.864000082015991,3.0399999618530273,1075,0.0,0.0
2023-05-05 00:00:00-04:00,3.191999912261963,3.359999895095825,2.871999979019165,2.871999979019165,188,0.0,0.0
2023-05-08 00:00:00-04:00,2.871999979019165,3.1440000534057617,2.871999979019165,3.1040000915527344,1525,0.0,0.0
2023-05-09 00:00:00-04:00,3.200000047683716,3.200000047683716,3.119999885559082,3.200000047683716,225,0.0,0.0
2023-05-10 00:00:00-04:00,3.200000047683716,3.200000047683716,2.9200000762939453,2.9200000762939453,1675,0.0,0.0
2023-05-11 00:00:00-04:00,3.063999891281128,3.200000047683716,2.9200000762939453,2.9200000762939453,650,0.0,0.0
2023-05-12 00:00:00-04:00,3.0399999618530273,3.0399999618530273,2.799999952316284,2.799999952316284,450,0.0,0.0
2023-05-15 00:00:00-04:00,2.880000114440918,3.5199999809265137,2.799999952316284,3.119999885559082,4263,0.0,0.0
2023-05-16 00:00:00-04:00,3.4800000190734863,3.640000104904175,3.2079999446868896,3.375999927520752,3950,0.0,0.0
2023-05-17 00:00:00-04:00,3.2799999713897705,3.440000057220459,3.2799999713897705,3.2799999713897705,938,0.0,0.0
2023-05-18 00:00:00-04:00,3.5999999046325684,3.687999963760376,3.2799999713897705,3.440000057220459,6263,0.0,0.0
2023-05-19 00:00:00-04:00,3.2079999446868896,4.079999923706055,3.2079999446868896,4.079999923706055,13675,0.0,0.0
2023-05-22 00:00:00-04:00,3.752000093460083,4.079999923706055,3.752000093460083,4.039999961853027,13063,0.0,0.0
2023-05-23 00:00:00-04:00,4.079999923706055,6.1519999504089355,3.5280001163482666,5.360000133514404,52063,0.0,0.0
2023-05-24 00:00:00-04:00,5.679999828338623,5.679999828338623,5.119999885559082,5.208000183105469,16525,0.0,0.0
2023-05-25 00:00:00-04:00,5.208000183105469,5.208000183105469,4.368000030517578,4.800000190734863,8725,0.0,0.0
2023-05-26 00:00:00-04:00,4.679999828338623,5.671999931335449,4.480000019073486,5.288000106811523,10375,0.0,0.0
2023-05-30 00:00:00-04:00,5.28000020980835,6.320000171661377,5.28000020980835,6.320000171661377,20350,0.0,0.0
2023-05-31 00:00:00-04:00,6.320000171661377,6.559999942779541,4.960000038146973,5.440000057220459,36288,0.0,0.0
2023-06-01 00:00:00-04:00,5.400000095367432,6.0,4.992000102996826,5.480000019073486,12300,0.0,0.0
2023-06-02 00:00:00-04:00,5.447999954223633,5.9679999351501465,5.447999954223633,5.760000228881836,5813,0.0,0.0
2023-06-05 00:00:00-04:00,5.760000228881836,6.0,5.519999980926514,5.599999904632568,3725,0.0,0.0
2023-06-06 00:00:00-04:00,5.607999801635742,6.0,5.607999801635742,5.760000228881836,3150,0.0,0.0
2023-06-07 00:00:00-04:00,6.0,6.0,5.599999904632568,5.920000076293945,2700,0.0,0.0
2023-06-08 00:00:00-04:00,5.840000152587891,6.079999923706055,5.679999828338623,6.047999858856201,7900,0.0,0.0
2023-06-09 00:00:00-04:00,6.0,6.159999847412109,5.71999979019165,5.760000228881836,5700,0.0,0.0
2023-06-12 00:00:00-04:00,5.920000076293945,6.176000118255615,4.9679999351501465,6.079999923706055,10188,0.0,0.0
2023-06-13 00:00:00-04:00,6.079999923706055,6.079999923706055,5.599999904632568,5.760000228881836,3338,0.0,0.0
2023-06-14 00:00:00-04:00,5.960000038146973,5.960000038146973,5.159999847412109,5.28000020980835,6400,0.0,0.0
2023-06-15 00:00:00-04:00,5.28000020980835,6.0,5.28000020980835,5.760000228881836,3000,0.0,0.0
2023-06-16 00:00:00-04:00,5.760000228881836,6.0,5.599999904632568,5.599999904632568,3663,0.0,0.0
2023-06-20 00:00:00-04:00,5.679999828338623,5.679999828338623,5.28000020980835,5.559999942779541,7488,0.0,0.0
2023-06-21 00:00:00-04:00,5.599999904632568,5.920000076293945,5.440000057220459,5.71999979019165,6625,0.0,0.0
2023-06-22 00:00:00-04:00,5.760000228881836,5.760000228881836,5.447999954223633,5.447999954223633,4213,0.0,0.0
2023-06-23 00:00:00-04:00,5.599999904632568,5.920000076293945,5.440000057220459,5.599999904632568,30163,0.0,0.0
2023-06-26 00:00:00-04:00,5.760000228881836,5.760000228881836,5.039999961853027,5.311999797821045,15738,0.0,0.0
2023-06-27 00:00:00-04:00,5.519999980926514,5.679999828338623,5.199999809265137,5.5279998779296875,6825,0.0,0.0
2023-06-28 00:00:00-04:00,5.760000228881836,6.0,5.480000019073486,5.480000019073486,7188,0.0,0.0
2023-06-29 00:00:00-04:00,5.76800012588501,6.239999771118164,5.679999828338623,5.984000205993652,3588,0.0,0.0
2023-06-30 00:00:00-04:00,6.239999771118164,7.360000133514404,6.159999847412109,7.119999885559082,45438,0.0,0.0
2023-07-03 00:00:00-04:00,7.480000019073486,8.399999618530273,7.360000133514404,7.599999904632568,19563,0.0,0.0
2023-07-05 00:00:00-04:00,8.239999771118164,8.960000038146973,7.599999904632568,7.664000034332275,34775,0.0,0.0
2023-07-06 00:00:00-04:00,7.679999828338623,7.920000076293945,6.71999979019165,6.800000190734863,27188,0.0,0.0
2023-07-07 00:00:00-04:00,6.320000171661377,7.815999984741211,6.0,7.504000186920166,52613,0.0,0.0
2023-07-10 00:00:00-04:00,7.0,7.28000020980835,6.0,6.429999828338623,180200,0.0,0.125
2023-07-11 00:00:00-04:00,6.329999923706055,7.150000095367432,6.159999847412109,6.909999847412109,28400,0.0,0.0
2023-07-12 00:00:00-04:00,6.920000076293945,7.760000228881836,6.920000076293945,7.360000133514404,26300,0.0,0.0
2023-07-13 00:00:00-04:00,7.269999980926514,7.360000133514404,6.565000057220459,6.75,23100,0.0,0.0
2023-07-14 00:00:00-04:00,6.559999942779541,7.420000076293945,6.559999942779541,7.300000190734863,18900,0.0,0.0
2023-07-17 00:00:00-04:00,7.289999961853027,7.980000019073486,7.190000057220459,7.980000019073486,14900,0.0,0.0
2023-07-18 00:00:00-04:00,8.109999656677246,8.539999961853027,7.670000076293945,7.671999931335449,22800,0.0,0.0
2023-07-19 00:00:00-04:00,7.670000076293945,8.012999534606934,7.670000076293945,7.869999885559082,19300,0.0,0.0
2023-07-20 00:00:00-04:00,7.789999961853027,7.900000095367432,7.599999904632568,7.710000038146973,16000,0.0,0.0
2023-07-21 00:00:00-04:00,7.539999961853027,7.949999809265137,7.539999961853027,7.550000190734863,7300,0.0,0.0
2023-07-24 00:00:00-04:00,7.429999828338623,8.013999938964844,7.199999809265137,7.489999771118164,10900,0.0,0.0
2023-07-25 00:00:00-04:00,7.510000228881836,7.75,7.510000228881836,7.659999847412109,2600,0.0,0.0
2023-07-26 00:00:00-04:00,7.78000020980835,7.820000171661377,7.264999866485596,7.28000020980835,7900,0.0,0.0
2023-07-27 00:00:00-04:00,7.449999809265137,8.8100004196167,7.25,7.5,79200,0.0,0.0
2023-07-28 00:00:00-04:00,7.570000171661377,8.1899995803833,7.570000171661377,8.170000076293945,9100,0.0,0.0
2023-07-31 00:00:00-04:00,8.399999618530273,8.800999641418457,7.920000076293945,7.920000076293945,14200,0.0,0.0
2023-08-01 00:00:00-04:00,7.909999847412109,8.59000015258789,7.78000020980835,8.539999961853027,14800,0.0,0.0
2023-08-02 00:00:00-04:00,7.630000114440918,8.5,7.630000114440918,8.319999694824219,9500,0.0,0.0
2023-08-03 00:00:00-04:00,8.170000076293945,8.3149995803833,7.929999828338623,8.210000038146973,4800,0.0,0.0
2023-08-04 00:00:00-04:00,8.0,8.5,8.0,8.199999809265137,18600,0.0,0.0
2023-08-07 00:00:00-04:00,7.820000171661377,8.75,7.820000171661377,8.510000228881836,12900,0.0,0.0
2023-08-08 00:00:00-04:00,8.399999618530273,8.819999694824219,8.399999618530273,8.680000305175781,6000,0.0,0.0
2023-08-09 00:00:00-04:00,8.84000015258789,9.270000457763672,8.359999656677246,9.100000381469727,12100,0.0,0.0
2023-08-10 00:00:00-04:00,9.270000457763672,10.09000015258789,8.640000343322754,10.09000015258789,34500,0.0,0.0
2023-08-11 00:00:00-04:00,9.75,9.75,8.779999732971191,9.319000244140625,19500,0.0,0.0
2023-08-14 00:00:00-04:00,9.039999961853027,9.175000190734863,8.859999656677246,9.170000076293945,9900,0.0,0.0
2023-08-15 00:00:00-04:00,8.949999809265137,9.008000373840332,8.779999732971191,8.869999885559082,3500,0.0,0.0
2023-08-16 00:00:00-04:00,8.8149995803833,8.989999771118164,8.8149995803833,8.989999771118164,2400,0.0,0.0
2023-08-17 00:00:00-04:00,8.770000457763672,9.1899995803833,8.770000457763672,8.84000015258789,5500,0.0,0.0
2023-08-18 00:00:00-04:00,8.899999618530273,9.75,8.899999618530273,9.75,16800,0.0,0.0
2023-08-21 00:00:00-04:00,9.75,9.75,9.295000076293945,9.65999984741211,7500,0.0,0.0
2023-08-22 00:00:00-04:00,9.460000038146973,9.729999542236328,9.15999984741211,9.729999542236328,13700,0.0,0.0
2023-08-23 00:00:00-04:00,9.539999961853027,9.619999885559082,9.152999877929688,9.460000038146973,5600,0.0,0.0
2023-08-24 00:00:00-04:00,9.460000038146973,9.75,9.15999984741211,9.630000114440918,14000,0.0,0.0
2023-08-25 00:00:00-04:00,9.58899974822998,9.829999923706055,9.369999885559082,9.539999961853027,11000,0.0,0.0
2023-08-28 00:00:00-04:00,9.800000190734863,11.100000381469727,9.460000038146973,10.307000160217285,13500,0.0,0.0
2023-08-29 00:00:00-04:00,10.5600004196167,12.444999694824219,10.420000076293945,10.960000038146973,29400,0.0,0.0
2023-08-30 00:00:00-04:00,11.255000114440918,11.255000114440918,8.996999740600586,9.149999618530273,32900,0.0,0.0
2023-08-31 00:00:00-04:00,9.039999961853027,9.100000381469727,7.5,8.510000228881836,22300,0.0,0.0
2023-09-01 00:00:00-04:00,8.890000343322754,9.180000305175781,8.5600004196167,8.979999542236328,4100,0.0,0.0
2023-09-05 00:00:00-04:00,9.529999732971191,9.770000457763672,8.711000442504883,8.711000442504883,11900,0.0,0.0
2023-09-06 00:00:00-04:00,9.020000457763672,9.029999732971191,9.020000457763672,9.029999732971191,2600,0.0,0.0
2023-09-07 00:00:00-04:00,9.0,9.5,8.84000015258789,9.119999885559082,11200,0.0,0.0
2023-09-08 00:00:00-04:00,9.079999923706055,9.4399995803833,8.850000381469727,9.020000457763672,7100,0.0,0.0
2023-09-11 00:00:00-04:00,8.890000343322754,9.600000381469727,8.890000343322754,9.34000015258789,16400,0.0,0.0
2023-09-12 00:00:00-04:00,9.079999923706055,9.595000267028809,8.579999923706055,8.579999923706055,15200,0.0,0.0
2023-09-13 00:00:00-04:00,8.8100004196167,9.130000114440918,8.5600004196167,8.5600004196167,12600,0.0,0.0
2023-09-14 00:00:00-04:00,8.699999809265137,9.149999618530273,8.5,8.5,7900,0.0,0.0
2023-09-15 00:00:00-04:00,8.5,8.789999961853027,8.020000457763672,8.520000457763672,114300,0.0,0.0
2023-09-18 00:00:00-04:00,8.75,9.399999618530273,8.043000221252441,8.375,21600,0.0,0.0
2023-09-19 00:00:00-04:00,8.489999771118164,8.949999809265137,8.489999771118164,8.539999961853027,5000,0.0,0.0
2023-09-20 00:00:00-04:00,8.789999961853027,9.15999984741211,8.720000267028809,8.920000076293945,9400,0.0,0.0
2023-09-21 00:00:00-04:00,8.75,9.380000114440918,8.517999649047852,8.989999771118164,9600,0.0,0.0
2023-09-22 00:00:00-04:00,9.119999885559082,9.25,8.470000267028809,8.800000190734863,23600,0.0,0.0
2023-09-25 00:00:00-04:00,8.579999923706055,8.930000305175781,8.470000267028809,8.470000267028809,6500,0.0,0.0
2023-09-26 00:00:00-04:00,8.130000114440918,8.520000457763672,7.809999942779541,7.809999942779541,51800,0.0,0.0
2023-09-27 00:00:00-04:00,7.610000133514404,8.055999755859375,7.610000133514404,7.619999885559082,4200,0.0,0.0
2023-09-28 00:00:00-04:00,7.800000190734863,8.079999923706055,7.550000190734863,7.699999809265137,13800,0.0,0.0
2023-09-29 00:00:00-04:00,8.22700023651123,8.229999542236328,7.75,7.75,7600,0.0,0.0
2023-10-02 00:00:00-04:00,7.599999904632568,8.100000381469727,7.599999904632568,8.100000381469727,6400,0.0,0.0
2023-10-03 00:00:00-04:00,7.610000133514404,7.829999923706055,7.610000133514404,7.809999942779541,2500,0.0,0.0
2023-10-04 00:00:00-04:00,7.989999771118164,8.199999809265137,7.809999942779541,7.929999828338623,5800,0.0,0.0
2023-10-05 00:00:00-04:00,8.020000457763672,8.020000457763672,7.840000152587891,7.849999904632568,3600,0.0,0.0
2023-10-06 00:00:00-04:00,8.0,8.241999626159668,8.0,8.220000267028809,14600,0.0,0.0
2023-10-09 00:00:00-04:00,8.149999618530273,8.149999618530273,7.901000022888184,8.128999710083008,6600,0.0,0.0
2023-10-10 00:00:00-04:00,8.0,8.140000343322754,7.754000186920166,8.109999656677246,7500,0.0,0.0
2023-10-11 00:00:00-04:00,8.0,8.1899995803833,7.901000022888184,8.0,8900,0.0,0.0
2023-10-12 00:00:00-04:00,7.949999809265137,7.9730000495910645,7.679999828338623,7.934999942779541,5100,0.0,0.0
2023-10-13 00:00:00-04:00,7.550000190734863,8.0,7.550000190734863,7.900000095367432,5800,0.0,0.0
2023-10-16 00:00:00-04:00,7.880000114440918,7.889999866485596,7.699999809265137,7.710000038146973,5100,0.0,0.0
2023-10-17 00:00:00-04:00,7.800000190734863,8.003000259399414,7.679999828338623,7.679999828338623,12700,0.0,0.0
2023-10-18 00:00:00-04:00,7.806000232696533,7.880000114440918,7.650000095367432,7.650000095367432,2600,0.0,0.0
2023-10-19 00:00:00-04:00,7.650000095367432,7.650000095367432,7.650000095367432,7.650000095367432,900,0.0,0.0
2023-10-20 00:00:00-04:00,7.599999904632568,7.599999904632568,7.5,7.5,17300,0.0,0.0
2023-10-23 00:00:00-04:00,7.520999908447266,7.53000020980835,7.159999847412109,7.320000171661377,16200,0.0,0.0
2023-10-24 00:00:00-04:00,7.281000137329102,7.400000095367432,6.820000171661377,7.244999885559082,2400,0.0,0.0
2023-10-25 00:00:00-04:00,6.820000171661377,7.230000019073486,6.513000011444092,6.513000011444092,9000,0.0,0.0
2023-10-26 00:00:00-04:00,6.199999809265137,6.295000076293945,5.650000095367432,5.941999912261963,28600,0.0,0.0
2023-10-27 00:00:00-04:00,5.909999847412109,6.039999961853027,5.820000171661377,6.0,10300,0.0,0.0
2023-10-30 00:00:00-04:00,6.0,6.248000144958496,6.0,6.130000114440918,14100,0.0,0.0
2023-10-31 00:00:00-04:00,6.150000095367432,6.150000095367432,5.860000133514404,6.0,2400,0.0,0.0
2023-11-01 00:00:00-04:00,5.909999847412109,5.949999809265137,5.610000133514404,5.775000095367432,14400,0.0,0.0
2023-11-02 00:00:00-04:00,5.835999965667725,6.329999923706055,5.664999961853027,6.28000020980835,14000,0.0,0.0
2023-11-03 00:00:00-04:00,6.289999961853027,6.550000190734863,6.124000072479248,6.550000190734863,9800,0.0,0.0
2023-11-06 00:00:00-05:00,6.519999980926514,6.769999980926514,6.340000152587891,6.769999980926514,9600,0.0,0.0
2023-11-07 00:00:00-05:00,6.090000152587891,6.699999809265137,6.090000152587891,6.699999809265137,3300,0.0,0.0
2023-11-08 00:00:00-05:00,6.550000190734863,7.090000152587891,6.550000190734863,6.75,18900,0.0,0.0
2023-11-09 00:00:00-05:00,6.630000114440918,6.630000114440918,5.869999885559082,6.0,22200,0.0,0.0
2023-11-10 00:00:00-05:00,6.179999828338623,6.423999786376953,6.021999835968018,6.25,4100,0.0,0.0
2023-11-13 00:00:00-05:00,6.0,6.5,5.760000228881836,6.010000228881836,6400,0.0,0.0
2023-11-14 00:00:00-05:00,6.190000057220459,6.489999771118164,6.079999923706055,6.079999923706055,6700,0.0,0.0
2023-11-15 00:00:00-05:00,6.425000190734863,6.690000057220459,6.199999809265137,6.46999979019165,8300,0.0,0.0
2023-11-16 00:00:00-05:00,6.46999979019165,6.46999979019165,6.46999979019165,6.46999979019165,0,0.0,0.0
2023-11-17 00:00:00-05:00,6.099999904632568,6.6579999923706055,6.010000228881836,6.190000057220459,7700,0.0,0.0
2023-11-20 00:00:00-05:00,6.0,7.400000095367432,6.0,6.7779998779296875,53400,0.0,0.0
2023-11-21 00:00:00-05:00,6.679999828338623,7.28000020980835,6.6539998054504395,7.119999885559082,4200,0.0,0.0
2023-11-22 00:00:00-05:00,6.820000171661377,8.0,6.710000038146973,7.980000019073486,19400,0.0,0.0
2023-11-24 00:00:00-05:00,8.0600004196167,8.5600004196167,7.949999809265137,8.5600004196167,20300,0.0,0.0
2023-11-27 00:00:00-05:00,8.25,9.015000343322754,8.100000381469727,8.979999542236328,29400,0.0,0.0
2023-11-28 00:00:00-05:00,8.75,9.270000457763672,8.75,9.220000267028809,21800,0.0,0.0
2023-11-29 00:00:00-05:00,9.199999809265137,9.539999961853027,9.180000305175781,9.479999542236328,17300,0.0,0.0
2023-11-30 00:00:00-05:00,10.0,10.0,9.425000190734863,9.479999542236328,27400,0.0,0.0
2023-12-01 00:00:00-05:00,9.630000114440918,9.890000343322754,8.109999656677246,9.850000381469727,31700,0.0,0.0
2023-12-04 00:00:00-05:00,9.970000267028809,9.979999542236328,9.369999885559082,9.770000457763672,13400,0.0,0.0
2023-12-05 00:00:00-05:00,9.121999740600586,9.395000457763672,8.538999557495117,9.050000190734863,15400,0.0,0.0
2023-12-06 00:00:00-05:00,8.75,8.75,7.929999828338623,8.100000381469727,14400,0.0,0.0
2023-12-07 00:00:00-05:00,8.682000160217285,8.682000160217285,8.109999656677246,8.3100004196167,4000,0.0,0.0
2023-12-08 00:00:00-05:00,8.220000267028809,8.869999885559082,7.849999904632568,8.350000381469727,16100,0.0,0.0
2023-12-11 00:00:00-05:00,8.279999732971191,8.97599983215332,7.460000038146973,8.619999885559082,14400,0.0,0.0
2023-12-12 00:00:00-05:00,8.84000015258789,9.510000228881836,8.8100004196167,9.25,16500,0.0,0.0
2023-12-13 00:00:00-05:00,9.423999786376953,9.449999809265137,8.572999954223633,9.109999656677246,19200,0.0,0.0
2023-12-14 00:00:00-05:00,9.350000381469727,9.4399995803833,9.005000114440918,9.25,12300,0.0,0.0
2023-12-15 00:00:00-05:00,9.295000076293945,9.300000190734863,8.989999771118164,8.989999771118164,9900,0.0,0.0
2023-12-18 00:00:00-05:00,9.039999961853027,9.390000343322754,8.970000267028809,9.09000015258789,16000,0.0,0.0
2023-12-19 00:00:00-05:00,9.029999732971191,9.40999984741211,8.779999732971191,8.779999732971191,17700,0.0,0.0
2023-12-20 00:00:00-05:00,8.949999809265137,9.350000381469727,8.84000015258789,9.239999771118164,32700,0.0,0.0
2023-12-21 00:00:00-05:00,9.399999618530273,9.5,9.133000373840332,9.25,20500,0.0,0.0
2023-12-22 00:00:00-05:00,9.0600004196167,9.989999771118164,9.0600004196167,9.9399995803833,24500,0.0,0.0
2023-12-26 00:00:00-05:00,9.979999542236328,10.65999984741211,9.529999732971191,9.59000015258789,64400,0.0,0.0
2023-12-27 00:00:00-05:00,9.359999656677246,9.494999885559082,8.100000381469727,8.489999771118164,49200,0.0,0.0
2023-12-28 00:00:00-05:00,8.538000106811523,9.25,7.869999885559082,8.789999961853027,48800,0.0,0.0
2023-12-29 00:00:00-05:00,8.729999542236328,9.649999618530273,8.569999694824219,9.460000038146973,26300,0.0,0.0
2024-01-02 00:00:00-05:00,9.319999694824219,9.935999870300293,9.0,9.539999961853027,5100,0.0,0.0
2024-01-03 00:00:00-05:00,9.350000381469727,9.899999618530273,9.350000381469727,9.899999618530273,6100,0.0,0.0
2024-01-04 00:00:00-05:00,9.75,10.15999984741211,9.135000228881836,10.15999984741211,18300,0.0,0.0
2024-01-05 00:00:00-05:00,10.050000190734863,10.050000190734863,9.479999542236328,9.699999809265137,18500,0.0,0.0
2024-01-08 00:00:00-05:00,9.770000457763672,10.178000450134277,9.300000190734863,9.319999694824219,6200,0.0,0.0
2024-01-09 00:00:00-05:00,9.319999694824219,9.729999542236328,9.1899995803833,9.609999656677246,10000,0.0,0.0
2024-01-10 00:00:00-05:00,9.107000350952148,9.819999694824219,9.107000350952148,9.5600004196167,7200,0.0,0.0
2024-01-11 00:00:00-05:00,9.729999542236328,10.109000205993652,9.425000190734863,9.699999809265137,5000,0.0,0.0
2024-01-12 00:00:00-05:00,9.779999732971191,9.779999732971191,9.140000343322754,9.59000015258789,12900,0.0,0.0
2024-01-16 00:00:00-05:00,9.479999542236328,9.619999885559082,9.279999732971191,9.600000381469727,6100,0.0,0.0
2024-01-17 00:00:00-05:00,9.574999809265137,9.800000190734863,9.449999809265137,9.779999732971191,10000,0.0,0.0
2024-01-18 00:00:00-05:00,9.800000190734863,9.800000190734863,9.09000015258789,9.09000015258789,37700,0.0,0.0
2024-01-19 00:00:00-05:00,8.90999984741211,8.949999809265137,8.40999984741211,8.40999984741211,6000,0.0,0.0
2024-01-22 00:00:00-05:00,8.645000457763672,9.430000305175781,8.25,9.050000190734863,14500,0.0,0.0
2024-01-23 00:00:00-05:00,9.270000457763672,10.0,9.15999984741211,9.15999984741211,1600,0.0,0.0
2024-01-24 00:00:00-05:00,9.234999656677246,9.274999618530273,8.77400016784668,8.800000190734863,19000,0.0,0.0
2024-01-25 00:00:00-05:00,9.0600004196167,9.480999946594238,9.0,9.199999809265137,31900,0.0,0.0
2024-01-26 00:00:00-05:00,9.4350004196167,9.59000015258789,9.300000190734863,9.449999809265137,9200,0.0,0.0
2024-01-29 00:00:00-05:00,9.333999633789062,9.760000228881836,9.199999809265137,9.460000038146973,8100,0.0,0.0
2024-01-30 00:00:00-05:00,9.25,9.430999755859375,9.079999923706055,9.079999923706055,15500,0.0,0.0
2024-01-31 00:00:00-05:00,9.199999809265137,9.550000190734863,9.199999809265137,9.210000038146973,8500,0.0,0.0
2024-02-01 00:00:00-05:00,8.979999542236328,9.5,8.979999542236328,9.350000381469727,2700,0.0,0.0
2024-02-02 00:00:00-05:00,9.494999885559082,9.600000381469727,9.359999656677246,9.600000381469727,12600,0.0,0.0
2024-02-05 00:00:00-05:00,9.699999809265137,10.0,9.399999618530273,9.930000305175781,13900,0.0,0.0
2024-02-06 00:00:00-05:00,10.100000381469727,10.140000343322754,9.571999549865723,9.920000076293945,12400,0.0,0.0
2024-02-07 00:00:00-05:00,9.937999725341797,10.010000228881836,9.53600025177002,10.010000228881836,6000,0.0,0.0
2024-02-08 00:00:00-05:00,10.005000114440918,10.199999809265137,9.729999542236328,9.850000381469727,22900,0.0,0.0
2024-02-09 00:00:00-05:00,9.760000228881836,10.199999809265137,9.760000228881836,10.199999809265137,17000,0.0,0.0
2024-02-12 00:00:00-05:00,10.1899995803833,13.239999771118164,9.949999809265137,11.899999618530273,120900,0.0,0.0
2024-02-13 00:00:00-05:00,11.699999809265137,12.069999694824219,11.569000244140625,11.949999809265137,44400,0.0,0.0
2024-02-14 00:00:00-05:00,12.050000190734863,13.630000114440918,11.5600004196167,11.699999809265137,41100,0.0,0.0
2024-02-15 00:00:00-05:00,12.289999961853027,13.053999900817871,10.52299976348877,10.899999618530273,32800,0.0,0.0
2024-02-16 00:00:00-05:00,10.90999984741211,12.274999618530273,9.300000190734863,10.0,42500,0.0,0.0
2024-02-20 00:00:00-05:00,10.399999618530273,11.59000015258789,10.289999961853027,10.449000358581543,15000,0.0,0.0
2024-02-21 00:00:00-05:00,10.390000343322754,10.475000381469727,10.057000160217285,10.420000076293945,10000,0.0,0.0
2024-02-22 00:00:00-05:00,10.600000381469727,10.819999694824219,10.112000465393066,10.600000381469727,5000,0.0,0.0
2024-02-23 00:00:00-05:00,10.350000381469727,10.710000038146973,10.220000267028809,10.710000038146973,5400,0.0,0.0
2024-02-26 00:00:00-05:00,10.8100004196167,11.390000343322754,10.489999771118164,10.520000457763672,7000,0.0,0.0
2024-02-27 00:00:00-05:00,10.510000228881836,10.609999656677246,9.720000267028809,9.880000114440918,22400,0.0,0.0
2024-02-28 00:00:00-05:00,10.107999801635742,10.859999656677246,9.100000381469727,9.260000228881836,21700,0.0,0.0
2024-02-29 00:00:00-05:00,9.6899995803833,9.90999984741211,9.539999961853027,9.539999961853027,9100,0.0,0.0
2024-03-01 00:00:00-05:00,9.550000190734863,10.112000465393066,9.550000190734863,9.739999771118164,4700,0.0,0.0
2024-03-04 00:00:00-05:00,9.579999923706055,10.15999984741211,9.579999923706055,10.0,6900,0.0,0.0
2024-03-05 00:00:00-05:00,9.880000114440918,9.994999885559082,9.729999542236328,9.930000305175781,4800,0.0,0.0
2024-03-06 00:00:00-05:00,9.875,10.039999961853027,9.5,10.039999961853027,11000,0.0,0.0
2024-03-07 00:00:00-05:00,10.149999618530273,10.182000160217285,9.579999923706055,9.9399995803833,9200,0.0,0.0
2024-03-08 00:00:00-05:00,10.230999946594238,10.350000381469727,9.210000038146973,9.470000267028809,17300,0.0,0.0
2024-03-11 00:00:00-04:00,9.279999732971191,9.300000190734863,7.75,8.699999809265137,51700,0.0,0.0
2024-03-12 00:00:00-04:00,8.600000381469727,9.470000267028809,8.40999984741211,8.40999984741211,14600,0.0,0.0
2024-03-13 00:00:00-04:00,8.40999984741211,8.489999771118164,7.840000152587891,8.489999771118164,23200,0.0,0.0
2024-03-14 00:00:00-04:00,8.5600004196167,9.35099983215332,8.260000228881836,8.789999961853027,29400,0.0,0.0
2024-03-15 00:00:00-04:00,8.890000343322754,9.156000137329102,7.989999771118164,7.989999771118164,52400,0.0,0.0
2024-03-18 00:00:00-04:00,8.25,9.489999771118164,8.25,9.010000228881836,35400,0.0,0.0
2024-03-19 00:00:00-04:00,9.130000114440918,9.729000091552734,9.050000190734863,9.069999694824219,15000,0.0,0.0
2024-03-20 00:00:00-04:00,8.850000381469727,9.609000205993652,8.850000381469727,9.300000190734863,42300,0.0,0.0
2024-03-21 00:00:00-04:00,8.75,8.75,6.40500020980835,7.010000228881836,178900,0.0,0.0
2024-03-22 00:00:00-04:00,7.510000228881836,7.510000228881836,6.829999923706055,7.179999828338623,47300,0.0,0.0
2024-03-25 00:00:00-04:00,6.989999771118164,7.202000141143799,6.989999771118164,7.202000141143799,9800,0.0,0.0
2024-03-26 00:00:00-04:00,7.425000190734863,7.480000019073486,7.044000148773193,7.389999866485596,39400,0.0,0.0
2024-03-27 00:00:00-04:00,7.639999866485596,7.75,6.90500020980835,7.75,16300,0.0,0.0
2024-03-28 00:00:00-04:00,7.519999980926514,8.454000473022461,7.519999980926514,7.630000114440918,27600,0.0,0.0
2024-04-01 00:00:00-04:00,7.630000114440918,8.170000076293945,7.619999885559082,7.949999809265137,52700,0.0,0.0
2024-04-02 00:00:00-04:00,8.0,8.01099967956543,7.610000133514404,7.940000057220459,14700,0.0,0.0
2024-04-03 00:00:00-04:00,7.650000095367432,7.900000095367432,7.650000095367432,7.699999809265137,1500,0.0,0.0
2024-04-04 00:00:00-04:00,8.157999992370605,8.157999992370605,7.889999866485596,7.989999771118164,6300,0.0,0.0
2024-04-05 00:00:00-04:00,8.130000114440918,8.5,7.610000133514404,8.40999984741211,23900,0.0,0.0
2024-04-08 00:00:00-04:00,8.329999923706055,8.329999923706055,8.005000114440918,8.005000114440918,2300,0.0,0.0
2024-04-09 00:00:00-04:00,7.980000019073486,7.980000019073486,7.980000019073486,7.980000019073486,400,0.0,0.0
2024-04-10 00:00:00-04:00,7.610000133514404,7.809999942779541,7.610000133514404,7.650000095367432,2300,0.0,0.0
2024-04-11 00:00:00-04:00,7.940000057220459,8.0,7.179999828338623,7.300000190734863,9600,0.0,0.0
2024-04-12 00:00:00-04:00,7.550000190734863,8.449999809265137,7.340000152587891,7.5,34400,0.0,0.0
2024-04-15 00:00:00-04:00,8.0,8.069999694824219,7.5,7.760000228881836,52000,0.0,0.0
2024-04-16 00:00:00-04:00,7.78000020980835,7.800000190734863,7.480000019073486,7.75,16500,0.0,0.0
2024-04-17 00:00:00-04:00,8.005000114440918,8.010000228881836,8.0,8.0,1500,0.0,0.0
2024-04-18 00:00:00-04:00,8.029999732971191,8.069999694824219,7.440000057220459,8.069999694824219,18600,0.0,0.0
2024-04-19 00:00:00-04:00,7.650000095367432,7.745999813079834,7.349999904632568,7.699999809265137,20600,0.0,0.0
2024-04-22 00:00:00-04:00,7.809999942779541,8.25,7.400000095367432,7.690000057220459,52000,0.0,0.0
2024-04-23 00:00:00-04:00,7.050000190734863,7.300000190734863,6.739999771118164,7.159999847412109,145100,0.0,0.0
2024-04-24 00:00:00-04:00,7.139999866485596,7.599999904632568,7.0,7.389999866485596,20000,0.0,0.0
2024-04-25 00:00:00-04:00,7.340000152587891,8.199999809265137,7.340000152587891,8.024999618530273,18600,0.0,0.0
2024-04-26 00:00:00-04:00,8.260000228881836,8.260000228881836,7.28000020980835,7.519999980926514,33200,0.0,0.0
2024-04-29 00:00:00-04:00,7.889999866485596,8.239999771118164,7.71999979019165,7.96999979019165,27000,0.0,0.0
2024-04-30 00:00:00-04:00,8.079999923706055,8.170000076293945,7.300000190734863,7.670000076293945,24400,0.0,0.0
2024-05-01 00:00:00-04:00,7.78000020980835,7.900000095367432,7.443999767303467,7.579999923706055,23800,0.0,0.0
2024-05-02 00:00:00-04:00,7.75,7.900000095367432,7.510000228881836,7.880000114440918,30800,0.0,0.0
2024-05-03 00:00:00-04:00,8.130000114440918,9.039999961853027,7.96999979019165,8.949999809265137,70100,0.0,0.0
2024-05-06 00:00:00-04:00,8.859999656677246,9.09000015258789,8.5,8.529999732971191,31100,0.0,0.0
2024-05-07 00:00:00-04:00,8.710000038146973,9.260000228881836,8.470000267028809,8.819999694824219,18900,0.0,0.0
2024-05-08 00:00:00-04:00,8.65999984741211,9.15999984741211,8.65999984741211,8.739999771118164,35400,0.0,0.0
2024-05-09 00:00:00-04:00,8.680000305175781,9.0,7.800000190734863,7.949999809265137,23900,0.0,0.0
2024-05-10 00:00:00-04:00,8.140000343322754,8.510000228881836,7.769999980926514,8.5,32600,0.0,0.0
2024-05-13 00:00:00-04:00,8.380000114440918,8.489999771118164,7.699999809265137,7.800000190734863,15900,0.0,0.0
2024-05-14 00:00:00-04:00,7.690000057220459,8.100000381469727,7.4019999504089355,7.679999828338623,23100,0.0,0.0
2024-05-15 00:00:00-04:00,7.679999828338623,7.860000133514404,7.389999866485596,7.5,13500,0.0,0.0
2024-05-16 00:00:00-04:00,7.5289998054504395,7.869999885559082,7.519999980926514,7.840000152587891,9200,0.0,0.0
2024-05-17 00:00:00-04:00,7.820000171661377,7.820000171661377,7.300000190734863,7.389999866485596,10500,0.0,0.0
2024-05-20 00:00:00-04:00,7.519999980926514,7.78000020980835,7.386000156402588,7.78000020980835,26600,0.0,0.0
2024-05-21 00:00:00-04:00,7.800000190734863,7.889999866485596,7.730000019073486,7.849999904632568,6600,0.0,0.0
2024-05-22 00:00:00-04:00,7.861000061035156,7.900000095367432,7.53000020980835,7.550000190734863,3900,0.0,0.0
2024-05-23 00:00:00-04:00,7.599999904632568,7.900000095367432,7.599999904632568,7.670000076293945,2300,0.0,0.0
2024-05-24 00:00:00-04:00,7.579999923706055,7.889999866485596,7.519999980926514,7.610000133514404,7100,0.0,0.0
2024-05-28 00:00:00-04:00,7.610000133514404,7.980000019073486,7.5,7.960000038146973,14600,0.0,0.0
2024-05-29 00:00:00-04:00,7.889999866485596,7.989999771118164,7.630000114440918,7.889999866485596,2500,0.0,0.0
2024-05-30 00:00:00-04:00,7.989999771118164,8.029999732971191,7.739999771118164,7.809999942779541,5400,0.0,0.0
2024-05-31 00:00:00-04:00,8.100000381469727,8.149999618530273,7.71999979019165,7.739999771118164,7200,0.0,0.0
2024-06-03 00:00:00-04:00,7.849999904632568,7.849999904632568,7.179999828338623,7.260000228881836,12300,0.0,0.0
2024-06-04 00:00:00-04:00,7.309999942779541,7.690000057220459,7.289999961853027,7.349999904632568,10600,0.0,0.0
2024-06-05 00:00:00-04:00,7.550000190734863,7.900000095367432,7.249000072479248,7.5,19100,0.0,0.0
2024-06-06 00:00:00-04:00,7.755000114440918,7.800000190734863,7.460000038146973,7.519999980926514,2800,0.0,0.0
2024-06-07 00:00:00-04:00,7.610000133514404,7.771999835968018,7.599999904632568,7.710000038146973,4900,0.0,0.0
2024-06-10 00:00:00-04:00,7.650000095367432,8.100000381469727,7.650000095367432,7.789999961853027,11300,0.0,0.0
2024-06-11 00:00:00-04:00,7.800000190734863,8.100000381469727,7.800000190734863,8.079999923706055,3900,0.0,0.0
2024-06-12 00:00:00-04:00,8.010000228881836,8.539999961853027,8.010000228881836,8.3100004196167,7000,0.0,0.0
2024-06-13 00:00:00-04:00,8.670000076293945,10.520000457763672,8.270000457763672,10.329999923706055,56300,0.0,0.0
2024-06-14 00:00:00-04:00,10.489999771118164,10.960000038146973,9.800000190734863,10.960000038146973,14000,0.0,0.0
2024-06-17 00:00:00-04:00,11.229999542236328,12.3100004196167,10.899999618530273,11.789999961853027,76100,0.0,0.0
2024-06-18 00:00:00-04:00,11.729999542236328,12.0,9.770000457763672,10.199999809265137,22600,0.0,0.0
2024-06-20 00:00:00-04:00,10.40999984741211,10.460000038146973,8.789999961853027,9.420000076293945,26900,0.0,0.0
2024-06-21 00:00:00-04:00,8.760000228881836,9.795000076293945,8.5600004196167,9.0600004196167,32000,0.0,0.0
2024-06-24 00:00:00-04:00,9.0,9.210000038146973,8.029999732971191,8.149999618530273,32000,0.0,0.0
2024-06-25 00:00:00-04:00,8.880000114440918,8.880000114440918,8.010000228881836,8.010000228881836,14100,0.0,0.0
2024-06-26 00:00:00-04:00,8.1899995803833,9.076000213623047,8.100000381469727,8.850000381469727,23100,0.0,0.0
2024-06-27 00:00:00-04:00,8.899999618530273,10.199999809265137,8.380000114440918,9.869999885559082,46800,0.0,0.0
2024-06-28 00:00:00-04:00,10.1899995803833,10.479999542236328,9.140000343322754,10.380000114440918,30000,0.0,0.0
2024-07-01 00:00:00-04:00,10.279999732971191,10.60099983215332,9.604999542236328,10.0,26200,0.0,0.0
2024-07-02 00:00:00-04:00,10.0,10.0,8.680000305175781,9.770000457763672,28100,0.0,0.0
2024-07-03 00:00:00-04:00,9.970000267028809,9.970000267028809,9.704999923706055,9.890000343322754,4700,0.0,0.0
2024-07-05 00:00:00-04:00,9.739999771118164,10.369999885559082,9.609999656677246,9.890000343322754,27500,0.0,0.0
2024-07-08 00:00:00-04:00,10.079999923706055,10.1899995803833,9.600000381469727,9.819999694824219,41100,0.0,0.0
2024-07-09 00:00:00-04:00,9.880000114440918,9.880000114440918,9.003999710083008,9.279999732971191,14000,0.0,0.0
2024-07-10 00:00:00-04:00,9.5,9.699999809265137,9.0,9.220000267028809,16100,0.0,0.0
2024-07-11 00:00:00-04:00,9.220000267028809,9.628999710083008,8.5,8.890000343322754,16800,0.0,0.0
2024-07-12 00:00:00-04:00,8.760000228881836,9.779999732971191,8.65999984741211,9.779999732971191,21300,0.0,0.0
2024-07-15 00:00:00-04:00,9.8100004196167,10.949999809265137,9.8100004196167,10.789999961853027,30800,0.0,0.0
2024-07-16 00:00:00-04:00,10.899999618530273,10.899999618530273,10.210000038146973,10.71500015258789,16200,0.0,0.0
2024-07-17 00:00:00-04:00,10.164999961853027,10.789999961853027,10.069999694824219,10.5600004196167,5300,0.0,0.0
2024-07-18 00:00:00-04:00,10.5,10.5,9.390000343322754,9.739999771118164,8600,0.0,0.0
2024-07-19 00:00:00-04:00,9.770000457763672,9.850000381469727,9.510000228881836,9.600000381469727,3500,0.0,0.0
2024-07-22 00:00:00-04:00,9.710000038146973,9.982000350952148,9.710000038146973,9.960000038146973,6100,0.0,0.0
2024-07-23 00:00:00-04:00,9.760000228881836,9.899999618530273,9.0,9.359999656677246,8500,0.0,0.0
2024-07-24 00:00:00-04:00,9.0,9.539999961853027,9.0,9.289999961853027,3000,0.0,0.0
2024-07-25 00:00:00-04:00,9.239999771118164,9.239999771118164,8.890000343322754,9.239999771118164,2300,0.0,0.0
2024-07-26 00:00:00-04:00,9.420000076293945,9.489999771118164,9.0,9.449999809265137,2900,0.0,0.0
2024-07-29 00:00:00-04:00,9.5,9.510000228881836,8.949999809265137,9.489999771118164,17900,0.0,0.0
2024-07-30 00:00:00-04:00,9.25,9.315999984741211,8.949999809265137,9.149999618530273,4100,0.0,0.0
2024-07-31 00:00:00-04:00,9.149999618530273,9.725000381469727,9.050000190734863,9.40999984741211,22300,0.0,0.0
2024-08-01 00:00:00-04:00,9.71500015258789,9.890000343322754,8.949999809265137,9.229999542236328,9100,0.0,0.0
2024-08-02 00:00:00-04:00,8.930000305175781,9.234999656677246,8.539999961853027,8.539999961853027,4100,0.0,0.0
2024-08-05 00:00:00-04:00,8.229999542236328,8.760000228881836,8.050000190734863,8.25,13700,0.0,0.0
2024-08-06 00:00:00-04:00,8.25,8.795000076293945,8.0600004196167,8.329999923706055,7700,0.0,0.0
2024-08-07 00:00:00-04:00,8.579999923706055,8.579999923706055,7.864999771118164,7.869999885559082,12600,0.0,0.0
2024-08-08 00:00:00-04:00,7.900000095367432,8.5,7.900000095367432,8.25,38500,0.0,0.0
2024-08-09 00:00:00-04:00,7.900000095367432,9.449999809265137,7.900000095367432,8.050000190734863,24800,0.0,0.0
2024-08-12 00:00:00-04:00,8.0,8.489999771118164,8.0,8.229999542236328,10000,0.0,0.0
2024-08-13 00:00:00-04:00,8.199999809265137,8.670000076293945,8.199999809265137,8.670000076293945,5400,0.0,0.0
2024-08-14 00:00:00-04:00,8.5,9.739999771118164,8.329999923706055,9.5,84100,0.0,0.0
2024-08-15 00:00:00-04:00,9.710000038146973,10.100000381469727,8.949999809265137,9.5,105200,0.0,0.0
2024-08-16 00:00:00-04:00,9.539999961853027,10.210000038146973,9.359999656677246,9.359999656677246,41400,0.0,0.0
2024-08-19 00:00:00-04:00,9.180000305175781,9.352999687194824,8.5,8.5,14300,0.0,0.0
2024-08-20 00:00:00-04:00,8.654000282287598,9.40999984741211,8.119999885559082,8.180000305175781,24500,0.0,0.0
2024-08-21 00:00:00-04:00,8.482999801635742,8.529999732971191,8.25,8.289999961853027,1600,0.0,0.0
2024-08-22 00:00:00-04:00,8.319999694824219,8.34000015258789,7.800000190734863,7.929999828338623,23100,0.0,0.0
2024-08-23 00:00:00-04:00,7.820000171661377,8.345000267028809,7.150000095367432,8.100000381469727,49900,0.0,0.0
2024-08-26 00:00:00-04:00,8.079999923706055,8.65999984741211,7.929999828338623,8.65999984741211,12700,0.0,0.0
2024-08-27 00:00:00-04:00,8.600000381469727,8.600000381469727,8.119999885559082,8.149999618530273,12300,0.0,0.0
2024-08-28 00:00:00-04:00,8.149999618530273,8.149999618530273,7.760000228881836,7.989999771118164,3300,0.0,0.0
2024-08-29 00:00:00-04:00,8.170000076293945,8.53499984741211,8.010000228881836,8.109999656677246,3700,0.0,0.0
2024-08-30 00:00:00-04:00,8.390000343322754,8.553999900817871,8.100000381469727,8.479999542236328,5900,0.0,0.0
2024-09-03 00:00:00-04:00,8.539999961853027,8.579999923706055,7.820000171661377,8.0,7100,0.0,0.0
2024-09-04 00:00:00-04:00,7.900000095367432,8.220999717712402,7.800000190734863,7.829999923706055,12700,0.0,0.0
2024-09-05 00:00:00-04:00,8.3100004196167,8.3100004196167,7.760000228881836,7.760000228881836,10300,0.0,0.0
2024-09-06 00:00:00-04:00,7.849999904632568,7.929999828338623,7.570000171661377,7.739999771118164,5000,0.0,0.0
2024-09-09 00:00:00-04:00,7.699999809265137,8.09000015258789,7.699999809265137,7.989999771118164,4000,0.0,0.0
2024-09-10 00:00:00-04:00,7.940000057220459,8.199999809265137,7.769999980926514,7.949999809265137,16300,0.0,0.0
2024-09-11 00:00:00-04:00,8.050000190734863,8.210000038146973,7.75,8.210000038146973,16900,0.0,0.0
2024-09-12 00:00:00-04:00,7.940000057220459,8.25,7.916999816894531,7.949999809265137,19600,0.0,0.0
2024-09-13 00:00:00-04:00,7.820000171661377,8.229999542236328,7.820000171661377,8.170000076293945,13500,0.0,0.0
2024-09-16 00:00:00-04:00,8.199999809265137,9.0600004196167,7.880000114440918,8.100000381469727,46600,0.0,0.0
2024-09-17 00:00:00-04:00,8.069999694824219,8.25,7.929999828338623,7.980000019073486,18900,0.0,0.0
2024-09-18 00:00:00-04:00,8.274999618530273,8.375,7.5,7.5,26600,0.0,0.0
2024-09-19 00:00:00-04:00,7.860000133514404,8.369999885559082,7.53000020980835,7.53000020980835,12400,0.0,0.0
2024-09-20 00:00:00-04:00,7.853000164031982,7.853000164031982,7.35699987411499,7.590000152587891,72200,0.0,0.0
2024-09-23 00:00:00-04:00,7.880000114440918,7.880000114440918,7.579999923706055,7.610000133514404,6700,0.0,0.0
2024-09-24 00:00:00-04:00,7.480000019073486,7.829999923706055,6.739999771118164,6.800000190734863,15600,0.0,0.0
2024-09-25 00:00:00-04:00,6.809999942779541,7.059999942779541,6.619999885559082,6.909999847412109,11300,0.0,0.0
2024-09-26 00:00:00-04:00,6.900000095367432,7.090000152587891,6.75,7.090000152587891,17000,0.0,0.0
2024-09-27 00:00:00-04:00,7.0,7.2220001220703125,6.349999904632568,6.389999866485596,41100,0.0,0.0
2024-09-30 00:00:00-04:00,6.46999979019165,6.46999979019165,5.650000095367432,6.289999961853027,52400,0.0,0.0
2024-10-01 00:00:00-04:00,6.909999847412109,6.909999847412109,5.679999828338623,5.980000019073486,29100,0.0,0.0
2024-10-02 00:00:00-04:00,5.739999771118164,6.206999778747559,5.359000205993652,6.206999778747559,14100,0.0,0.0
2024-10-03 00:00:00-04:00,6.210000038146973,7.300000190734863,6.210000038146973,6.829999923706055,72300,0.0,0.0
2024-10-04 00:00:00-04:00,6.809999942779541,7.110000133514404,6.809999942779541,7.0,17900,0.0,0.0
2024-10-07 00:00:00-04:00,6.849999904632568,6.889999866485596,6.53000020980835,6.789999961853027,19200,0.0,0.0
2024-10-08 00:00:00-04:00,6.739999771118164,7.0,6.630000114440918,6.630000114440918,15600,0.0,0.0
2024-10-09 00:00:00-04:00,6.510000228881836,6.630000114440918,6.059999942779541,6.059999942779541,20100,0.0,0.0
2024-10-10 00:00:00-04:00,6.14900016784668,6.420000076293945,6.019999980926514,6.199999809265137,20700,0.0,0.0
2024-10-11 00:00:00-04:00,6.349999904632568,6.650000095367432,6.349999904632568,6.449999809265137,10100,0.0,0.0
2024-10-14 00:00:00-04:00,6.650000095367432,6.940000057220459,6.599999904632568,6.789999961853027,24000,0.0,0.0
2024-10-15 00:00:00-04:00,6.789999961853027,6.965000152587891,6.46999979019165,6.480000019073486,19200,0.0,0.0
2024-10-16 00:00:00-04:00,6.650000095367432,8.239999771118164,6.625999927520752,7.75,81900,0.0,0.0
2024-10-17 00:00:00-04:00,7.920000076293945,7.920000076293945,7.349999904632568,7.670000076293945,39800,0.0,0.0
2024-10-18 00:00:00-04:00,7.639999866485596,7.639999866485596,6.900000095367432,7.0,18600,0.0,0.0
2024-10-21 00:00:00-04:00,7.099999904632568,7.110000133514404,6.610000133514404,6.980000019073486,14200,0.0,0.0
2024-10-22 00:00:00-04:00,7.46999979019165,7.760000228881836,6.829999923706055,7.590000152587891,45000,0.0,0.0
2024-10-23 00:00:00-04:00,7.5,7.599999904632568,6.900000095367432,6.989999771118164,22500,0.0,0.0
2024-10-24 00:00:00-04:00,6.949999809265137,7.130000114440918,6.758999824523926,6.849999904632568,33000,0.0,0.0
2024-10-25 00:00:00-04:00,6.829999923706055,6.900000095367432,6.670000076293945,6.71999979019165,15400,0.0,0.0
2024-10-28 00:00:00-04:00,7.159999847412109,7.21999979019165,6.570000171661377,6.960000038146973,24100,0.0,0.0
2024-10-29 00:00:00-04:00,6.889999866485596,7.409999847412109,6.889999866485596,7.409999847412109,8900,0.0,0.0
2024-10-30 00:00:00-04:00,7.284999847412109,7.650000095367432,7.199999809265137,7.400000095367432,27500,0.0,0.0
2024-10-31 00:00:00-04:00,7.46999979019165,7.489999771118164,6.650000095367432,7.099999904632568,41500,0.0,0.0
2024-11-01 00:00:00-04:00,7.0,7.869999885559082,7.0,7.769999980926514,33700,0.0,0.0
2024-11-04 00:00:00-05:00,7.5,7.989999771118164,7.099999904632568,7.800000190734863,61400,0.0,0.0
2024-11-05 00:00:00-05:00,7.989999771118164,8.210000038146973,7.945000171661377,8.119999885559082,35600,0.0,0.0
2024-11-06 00:00:00-05:00,8.359999656677246,8.4399995803833,7.900000095367432,8.100000381469727,20600,0.0,0.0
2024-11-07 00:00:00-05:00,8.0,8.34000015258789,7.980000019073486,8.100000381469727,36700,0.0,0.0
2024-11-08 00:00:00-05:00,7.400000095367432,8.210000038146973,7.019999980926514,8.0,43400,0.0,0.0
2024-11-11 00:00:00-05:00,8.0,8.0,6.949999809265137,7.210000038146973,36000,0.0,0.0
2024-11-12 00:00:00-05:00,7.03000020980835,7.329999923706055,6.900000095367432,6.940000057220459,36500,0.0,0.0
2024-11-13 00:00:00-05:00,7.019999980926514,7.230000019073486,6.670000076293945,7.039999961853027,23800,0.0,0.0
2024-11-14 00:00:00-05:00,6.849999904632568,6.989999771118164,6.650000095367432,6.840000152587891,23300,0.0,0.0
2024-11-15 00:00:00-05:00,6.840000152587891,6.880000114440918,6.71999979019165,6.880000114440918,5100,0.0,0.0
2024-11-18 00:00:00-05:00,6.840000152587891,6.941999912261963,6.480000019073486,6.809999942779541,47300,0.0,0.0
2024-11-19 00:00:00-05:00,6.671000003814697,6.769999980926514,6.460000038146973,6.460000038146973,21100,0.0,0.0
2024-11-20 00:00:00-05:00,6.5,7.0,6.460000038146973,6.630000114440918,25800,0.0,0.0
2024-11-21 00:00:00-05:00,6.630000114440918,6.760000228881836,6.4730000495910645,6.739999771118164,37400,0.0,0.0
2024-11-22 00:00:00-05:00,6.989999771118164,7.004000186920166,6.519999980926514,6.559999942779541,30300,0.0,0.0
2024-11-25 00:00:00-05:00,6.539999961853027,6.815000057220459,6.099999904632568,6.179999828338623,35400,0.0,0.0
2024-11-26 00:00:00-05:00,6.25,6.860000133514404,5.900000095367432,6.050000190734863,73300,0.0,0.0
2024-11-27 00:00:00-05:00,6.178999900817871,6.364999771118164,5.929999828338623,6.03000020980835,16300,0.0,0.0
2024-11-29 00:00:00-05:00,6.03000020980835,6.03000020980835,5.980000019073486,5.989999771118164,15700,0.0,0.0
2024-12-02 00:00:00-05:00,5.980000019073486,6.244999885559082,5.710000038146973,5.730000019073486,62900,0.0,0.0
2024-12-03 00:00:00-05:00,5.670000076293945,6.019999980926514,5.619999885559082,5.739999771118164,41000,0.0,0.0
2024-12-04 00:00:00-05:00,5.690000057220459,6.139999866485596,5.610000133514404,5.619999885559082,44300,0.0,0.0
2024-12-05 00:00:00-05:00,5.630000114440918,5.920000076293945,5.5,5.550000190734863,24400,0.0,0.0
2024-12-06 00:00:00-05:00,5.820000171661377,6.739999771118164,5.320000171661377,6.5229997634887695,39200,0.0,0.0
2024-12-09 00:00:00-05:00,6.96999979019165,6.96999979019165,6.03000020980835,6.300000190734863,40600,0.0,0.0
2024-12-10 00:00:00-05:00,6.46999979019165,6.650000095367432,6.14300012588501,6.440000057220459,57300,0.0,0.0
2024-12-11 00:00:00-05:00,6.340000152587891,6.75,6.171999931335449,6.369999885559082,19600,0.0,0.0
2024-12-12 00:00:00-05:00,6.190000057220459,6.539999961853027,5.71999979019165,5.739999771118164,13500,0.0,0.0
2024-12-13 00:00:00-05:00,5.71999979019165,6.144000053405762,5.699999809265137,6.090000152587891,68100,0.0,0.0
2024-12-16 00:00:00-05:00,6.090000152587891,6.090000152587891,5.710000038146973,6.039999961853027,27700,0.0,0.0
2024-12-17 00:00:00-05:00,6.0,6.130000114440918,5.5,5.800000190734863,58000,0.0,0.0
2024-12-18 00:00:00-05:00,5.71999979019165,6.373000144958496,5.71999979019165,5.849999904632568,18300,0.0,0.0
2024-12-19 00:00:00-05:00,5.820000171661377,5.831999778747559,4.849999904632568,5.210000038146973,27600,0.0,0.0
2024-12-20 00:00:00-05:00,5.110000133514404,7.03000020980835,4.619999885559082,7.03000020980835,133600,0.0,0.0
2024-12-23 00:00:00-05:00,6.349999904632568,6.429999828338623,5.949999809265137,6.400000095367432,44500,0.0,0.0
2024-12-24 00:00:00-05:00,6.349999904632568,6.510000228881836,6.150000095367432,6.190000057220459,27500,0.0,0.0
2024-12-26 00:00:00-05:00,6.320000171661377,6.320000171661377,6.130000114440918,6.300000190734863,11800,0.0,0.0
2024-12-27 00:00:00-05:00,6.019999980926514,6.349999904632568,6.019999980926514,6.039999961853027,17400,0.0,0.0
2024-12-30 00:00:00-05:00,6.010000228881836,6.394999980926514,6.010000228881836,6.389999866485596,35100,0.0,0.0
2024-12-31 00:00:00-05:00,6.289999961853027,6.400000095367432,6.0,6.019999980926514,18000,0.0,0.0
2025-01-02 00:00:00-05:00,6.0,6.11899995803833,5.659999847412109,5.659999847412109,20500,0.0,0.0
2025-01-03 00:00:00-05:00,5.920000076293945,6.25,5.724999904632568,6.239999771118164,11500,0.0,0.0
2025-01-06 00:00:00-05:00,6.150000095367432,6.25,5.96999979019165,6.130000114440918,27300,0.0,0.0
2025-01-07 00:00:00-05:00,6.050000190734863,6.25,5.960000038146973,5.960000038146973,36600,0.0,0.0
2025-01-08 00:00:00-05:00,5.75,5.889999866485596,5.710000038146973,5.71999979019165,17700,0.0,0.0
2025-01-10 00:00:00-05:00,5.619999885559082,6.239999771118164,5.619999885559082,5.760000228881836,16300,0.0,0.0
2025-01-13 00:00:00-05:00,5.769999980926514,5.769999980926514,5.255000114440918,5.510000228881836,40900,0.0,0.0
2025-01-14 00:00:00-05:00,5.619999885559082,5.834000110626221,5.46999979019165,5.480000019073486,12100,0.0,0.0
2025-01-15 00:00:00-05:00,5.659999847412109,5.982999801635742,5.510000228881836,5.550000190734863,15900,0.0,0.0
2025-01-16 00:00:00-05:00,5.690000057220459,5.949999809265137,5.534999847412109,5.949999809265137,23800,0.0,0.0
2025-01-17 00:00:00-05:00,5.949999809265137,6.079999923706055,5.809999942779541,5.869999885559082,8200,0.0,0.0
2025-01-21 00:00:00-05:00,5.840000152587891,6.389999866485596,5.829999923706055,6.389999866485596,15100,0.0,0.0
2025-01-22 00:00:00-05:00,6.289999961853027,6.400000095367432,5.900000095367432,5.920000076293945,17000,0.0,0.0
2025-01-23 00:00:00-05:00,5.889999866485596,6.190000057220459,5.809999942779541,6.190000057220459,81500,0.0,0.0
2025-01-24 00:00:00-05:00,6.239999771118164,6.449999809265137,6.11299991607666,6.28000020980835,10000,0.0,0.0
2025-01-27 00:00:00-05:00,6.230000019073486,6.269999980926514,5.807000160217285,6.170000076293945,9400,0.0,0.0
2025-01-28 00:00:00-05:00,5.900000095367432,6.349999904632568,5.880000114440918,6.349999904632568,12700,0.0,0.0
2025-01-29 00:00:00-05:00,6.466000080108643,6.619999885559082,6.300000190734863,6.300000190734863,21600,0.0,0.0
2025-01-30 00:00:00-05:00,6.25,7.449999809265137,6.239999771118164,7.25,22900,0.0,0.0
2025-01-31 00:00:00-05:00,6.823999881744385,7.260000228881836,6.449999809265137,7.010000228881836,31700,0.0,0.0
2025-02-03 00:00:00-05:00,6.889999866485596,7.0,6.420000076293945,6.71999979019165,11300,0.0,0.0
2025-02-04 00:00:00-05:00,6.699999809265137,7.150000095367432,6.699999809265137,6.940000057220459,3400,0.0,0.0
2025-02-05 00:00:00-05:00,6.670000076293945,7.263000011444092,6.670000076293945,6.809999942779541,12000,0.0,0.0
2025-02-06 00:00:00-05:00,6.849999904632568,6.8979997634887695,6.340000152587891,6.770999908447266,20000,0.0,0.0
2025-02-07 00:00:00-05:00,6.369999885559082,7.320000171661377,6.369999885559082,7.050000190734863,56100,0.0,0.0
2025-02-10 00:00:00-05:00,7.0,7.099999904632568,6.619999885559082,6.949999809265137,54000,0.0,0.0
2025-02-11 00:00:00-05:00,6.840000152587891,7.489999771118164,6.49399995803833,6.949999809265137,78300,0.0,0.0
2025-02-12 00:00:00-05:00,6.809999942779541,7.190000057220459,6.510000228881836,6.650000095367432,25100,0.0,0.0
2025-02-13 00:00:00-05:00,6.610000133514404,7.184000015258789,6.574999809265137,6.75,21600,0.0,0.0
2025-02-14 00:00:00-05:00,6.889999866485596,7.02400016784668,6.639999866485596,6.840000152587891,16900,0.0,0.0
2025-02-18 00:00:00-05:00,6.789999961853027,6.849999904632568,6.406000137329102,6.599999904632568,11500,0.0,0.0
2025-02-19 00:00:00-05:00,6.53000020980835,6.690000057220459,5.869999885559082,6.142000198364258,23600,0.0,0.0
2025-02-20 00:00:00-05:00,6.050000190734863,6.130000114440918,5.579999923706055,6.110000133514404,10400,0.0,0.0
2025-02-21 00:00:00-05:00,6.159999847412109,6.176000118255615,5.5,5.510000228881836,70000,0.0,0.0
2025-02-24 00:00:00-05:00,5.519999980926514,5.6620001792907715,5.010000228881836,5.389999866485596,44500,0.0,0.0
2025-02-25 00:00:00-05:00,5.309999942779541,5.309999942779541,4.820000171661377,5.019999980926514,18100,0.0,0.0
2025-02-26 00:00:00-05:00,4.75,5.289999961853027,4.679999828338623,5.010000228881836,14000,0.0,0.0
2025-02-27 00:00:00-05:00,4.96999979019165,5.130000114440918,4.77400016784668,4.900000095367432,30300,0.0,0.0
2025-02-28 00:00:00-05:00,4.72599983215332,5.111999988555908,4.630000114440918,4.980000019073486,17400,0.0,0.0
2025-03-03 00:00:00-05:00,4.900000095367432,4.900000095367432,4.335000038146973,4.380000114440918,49400,0.0,0.0
2025-03-04 00:00:00-05:00,4.380000114440918,5.130000114440918,4.150000095367432,4.539999961853027,52300,0.0,0.0
2025-03-05 00:00:00-05:00,5.059999942779541,5.409999847412109,4.349999904632568,4.889999866485596,151200,0.0,0.0
2025-03-06 00:00:00-05:00,4.989999771118164,5.296000003814697,4.75,4.860000133514404,87200,0.0,0.0
2025-03-07 00:00:00-05:00,4.989999771118164,5.25,4.769999980926514,5.110000133514404,56100,0.0,0.0
2025-03-10 00:00:00-04:00,4.980000019073486,4.980000019073486,4.389999866485596,4.71999979019165,16300,0.0,0.0
2025-03-11 00:00:00-04:00,4.8420000076293945,4.955999851226807,4.349999904632568,4.75,17700,0.0,0.0
2025-03-12 00:00:00-04:00,4.75,4.953000068664551,4.434999942779541,4.769999980926514,36100,0.0,0.0
2025-03-13 00:00:00-04:00,4.639999866485596,5.195000171661377,4.420000076293945,4.760000228881836,120300,0.0,0.0
2025-03-14 00:00:00-04:00,4.010000228881836,5.380000114440918,4.010000228881836,4.74399995803833,140200,0.0,0.0
2025-03-17 00:00:00-04:00,4.739999771118164,5.234000205993652,4.650000095367432,5.230000019073486,91100,0.0,0.0
2025-03-18 00:00:00-04:00,5.119999885559082,5.179999828338623,4.820000171661377,5.010000228881836,31400,0.0,0.0
2025-03-19 00:00:00-04:00,4.900000095367432,6.00600004196167,4.900000095367432,5.449999809265137,269300,0.0,0.0
2025-03-20 00:00:00-04:00,5.329999923706055,7.409999847412109,5.25,6.28000020980835,178200,0.0,0.0
2025-03-21 00:00:00-04:00,6.539999961853027,7.96999979019165,5.889999866485596,7.380000114440918,263800,0.0,0.0
2025-03-24 00:00:00-04:00,7.420000076293945,7.735000133514404,6.230000019073486,6.5,163100,0.0,0.0
2025-03-25 00:00:00-04:00,6.585000038146973,6.940000057220459,6.389999866485596,6.619999885559082,100200,0.0,0.0
2025-03-26 00:00:00-04:00,6.539999961853027,6.5920000076293945,5.5,6.010000228881836,193100,0.0,0.0
2025-03-27 00:00:00-04:00,6.050000190734863,6.784999847412109,5.849999904632568,6.320000171661377,156000,0.0,0.0
2025-03-28 00:00:00-04:00,6.349999904632568,6.75,5.796999931335449,6.480000019073486,221200,0.0,0.0
2025-03-31 00:00:00-04:00,4.900000095367432,5.110000133514404,4.460000038146973,4.849999904632568,919400,0.0,0.0
2025-04-01 00:00:00-04:00,4.809999942779541,4.909999847412109,4.5,4.789999961853027,331400,0.0,0.0
2025-04-02 00:00:00-04:00,4.75,6.23799991607666,4.5,5.519999980926514,1044900,0.0,0.0
2025-04-03 00:00:00-04:00,4.75,5.900000095367432,4.560999870300293,4.730000019073486,589000,0.0,0.0
2025-04-04 00:00:00-04:00,4.75,5.179999828338623,4.5,5.090000152587891,167000,0.0,0.0
2025-04-07 00:00:00-04:00,4.829999923706055,6.5,4.505000114440918,6.119999885559082,410300,0.0,0.0
2025-04-08 00:00:00-04:00,6.349999904632568,6.389999866485596,5.125,5.809999942779541,300800,0.0,0.0
2025-04-09 00:00:00-04:00,5.699999809265137,5.869999885559082,5.0,5.75,231000,0.0,0.0
2025-04-10 00:00:00-04:00,5.75,5.769999980926514,5.070000171661377,5.480000019073486,188400,0.0,0.0
2025-04-11 00:00:00-04:00,5.480000019073486,5.860000133514404,5.25,5.679999828338623,107000,0.0,0.0
2025-04-14 00:00:00-04:00,5.849999904632568,7.130000114440918,5.849999904632568,7.050000190734863,268500,0.0,0.0
2025-04-15 00:00:00-04:00,6.929999828338623,8.5,6.670000076293945,8.0,273500,0.0,0.0
2025-04-16 00:00:00-04:00,7.699999809265137,8.1899995803833,7.360000133514404,7.96999979019165,189300,0.0,0.0
2025-04-17 00:00:00-04:00,8.0,9.265999794006348,7.718999862670898,8.069999694824219,243800,0.0,0.0
2025-04-21 00:00:00-04:00,8.220000267028809,8.270000457763672,6.53000020980835,7.590000152587891,168100,0.0,0.0
2025-04-22 00:00:00-04:00,7.690000057220459,8.288999557495117,7.105000019073486,8.130000114440918,146300,0.0,0.0
2025-04-23 00:00:00-04:00,8.300000190734863,8.5,7.53000020980835,7.820000171661377,246300,0.0,0.0
2025-04-24 00:00:00-04:00,7.920000076293945,8.34000015258789,7.159999847412109,7.53000020980835,157000,0.0,0.0
2025-04-25 00:00:00-04:00,7.710000038146973,8.38599967956543,7.050000190734863,7.400000095367432,173300,0.0,0.0
2025-04-28 00:00:00-04:00,7.340000152587891,7.400000095367432,5.739999771118164,7.25,379300,0.0,0.0
2025-04-29 00:00:00-04:00,7.289999961853027,7.800000190734863,6.960000038146973,7.059999942779541,171900,0.0,0.0
2025-04-30 00:00:00-04:00,7.230000019073486,8.029999732971191,7.052999973297119,7.739999771118164,169500,0.0,0.0
2025-05-01 00:00:00-04:00,8.0,8.4399995803833,7.428999900817871,8.199999809265137,125100,0.0,0.0
2025-05-02 00:00:00-04:00,8.300000190734863,9.109999656677246,8.210000038146973,8.65999984741211,149600,0.0,0.0
2025-05-05 00:00:00-04:00,8.59000015258789,9.583999633789062,6.630000114440918,6.855000019073486,456800,0.0,0.0
2025-05-06 00:00:00-04:00,6.929999828338623,6.929999828338623,5.760000228881836,6.329999923706055,523500,0.0,0.0
2025-05-07 00:00:00-04:00,6.539999961853027,6.829999923706055,5.880000114440918,6.179999828338623,264100,0.0,0.0
2025-05-08 00:00:00-04:00,6.230000019073486,6.28000020980835,5.800000190734863,5.875,310000,0.0,0.0
2025-05-09 00:00:00-04:00,6.050000190734863,6.485000133514404,5.440000057220459,5.849999904632568,398800,0.0,0.0
2025-05-12 00:00:00-04:00,5.849999904632568,5.989999771118164,5.364999771118164,5.5,336900,0.0,0.0
2025-05-13 00:00:00-04:00,5.630000114440918,5.659999847412109,5.011000156402588,5.159999847412109,276700,0.0,0.0
2025-05-14 00:00:00-04:00,5.170000076293945,5.421000003814697,4.710000038146973,5.110000133514404,429700,0.0,0.0
2025-05-15 00:00:00-04:00,5.300000190734863,5.705999851226807,5.098999977111816,5.489999771118164,173900,0.0,0.0
2025-05-16 00:00:00-04:00,5.380000114440918,5.550000190734863,5.050000190734863,5.28000020980835,83800,0.0,0.0
2025-05-19 00:00:00-04:00,5.159999847412109,5.550000190734863,5.014999866485596,5.199999809265137,94700,0.0,0.0
2025-05-20 00:00:00-04:00,5.150000095367432,5.3480000495910645,4.809999942779541,4.989999771118164,121200,0.0,0.0
2025-05-21 00:00:00-04:00,5.0,5.800000190734863,4.989999771118164,5.260000228881836,141200,0.0,0.0
2025-05-22 00:00:00-04:00,5.190000057220459,5.459000110626221,5.0,5.070000171661377,53900,0.0,0.0
2025-05-23 00:00:00-04:00,5.019999980926514,5.199999809265137,4.994999885559082,5.139999866485596,50600,0.0,0.0
2025-05-27 00:00:00-04:00,5.260000228881836,5.599999904632568,4.949999809265137,5.400000095367432,106400,0.0,0.0
2025-05-28 00:00:00-04:00,5.420000076293945,5.599999904632568,5.329999923706055,5.394999980926514,30900,0.0,0.0
2025-05-29 00:00:00-04:00,5.389999866485596,5.53000020980835,4.900000095367432,5.074999809265137,179500,0.0,0.0
2025-05-30 00:00:00-04:00,5.079999923706055,5.585000038146973,5.01200008392334,5.480000019073486,74900,0.0,0.0
2025-06-02 00:00:00-04:00,5.5,5.5,5.119999885559082,5.150000095367432,54500,0.0,0.0
2025-06-03 00:00:00-04:00,5.260000228881836,5.4679999351501465,4.900000095367432,5.139999866485596,113100,0.0,0.0
2025-06-04 00:00:00-04:00,5.190000057220459,5.429999828338623,5.119999885559082,5.349999904632568,27000,0.0,0.0
2025-06-05 00:00:00-04:00,5.300000190734863,5.492000102996826,4.931000232696533,5.010000228881836,84100,0.0,0.0
2025-06-06 00:00:00-04:00,5.050000190734863,5.349999904632568,5.050000190734863,5.230000019073486,68200,0.0,0.0
2025-06-09 00:00:00-04:00,5.28000020980835,5.400000095367432,5.019999980926514,5.230000019073486,104700,0.0,0.0
2025-06-10 00:00:00-04:00,5.230000019073486,5.46999979019165,5.099999904632568,5.110000133514404,168700,0.0,0.0
2025-06-11 00:00:00-04:00,5.190000057220459,5.369999885559082,4.909999847412109,4.949999809265137,156800,0.0,0.0
2025-06-12 00:00:00-04:00,4.940000057220459,5.079999923706055,4.619999885559082,4.769999980926514,250200,0.0,0.0
2025-06-13 00:00:00-04:00,4.829999923706055,4.829999923706055,4.159999847412109,4.400000095367432,184000,0.0,0.0
2025-06-16 00:00:00-04:00,4.5,4.989999771118164,4.5,4.989999771118164,84300,0.0,0.0
2025-06-17 00:00:00-04:00,4.909999847412109,5.03000020980835,4.559999942779541,4.78000020980835,151800,0.0,0.0
2025-06-18 00:00:00-04:00,4.789999961853027,5.019999980926514,4.579999923706055,4.610000133514404,67300,0.0,0.0
2025-06-20 00:00:00-04:00,4.690000057220459,5.478000164031982,4.690000057220459,4.869999885559082,216400,0.0,0.0
2025-06-23 00:00:00-04:00,4.829999923706055,5.130000114440918,4.75,4.760000228881836,41500,0.0,0.0
2025-06-24 00:00:00-04:00,4.829999923706055,5.298999786376953,4.761000156402588,5.119999885559082,125000,0.0,0.0
2025-06-25 00:00:00-04:00,5.139999866485596,5.204999923706055,4.800000190734863,4.860000133514404,68100,0.0,0.0
2025-06-26 00:00:00-04:00,4.860000133514404,5.980000019073486,4.860000133514404,5.510000228881836,287000,0.0,0.0
2025-06-27 00:00:00-04:00,5.550000190734863,6.139999866485596,5.550000190734863,5.659999847412109,145700,0.0,0.0
2025-06-30 00:00:00-04:00,5.570000171661377,5.815000057220459,5.239999771118164,5.289999961853027,128600,0.0,0.0
2025-07-01 00:00:00-04:00,5.289999961853027,5.489999771118164,5.039999961853027,5.360000133514404,65500,0.0,0.0
2025-07-02 00:00:00-04:00,5.289999961853027,5.380000114440918,5.230000019073486,5.340000152587891,44000,0.0,0.0
2025-07-03 00:00:00-04:00,5.349999904632568,5.710000038146973,5.349999904632568,5.420000076293945,68600,0.0,0.0
2025-07-07 00:00:00-04:00,5.400000095367432,5.400000095367432,4.800000190734863,4.920000076293945,73300,0.0,0.0
2025-07-08 00:00:00-04:00,5.099999904632568,5.389999866485596,4.909999847412109,4.945000171661377,133100,0.0,0.0
2025-07-09 00:00:00-04:00,4.949999809265137,4.99399995803833,4.5,4.630000114440918,147800,0.0,0.0
2025-07-10 00:00:00-04:00,4.570000171661377,4.855000019073486,4.21999979019165,4.369999885559082,209500,0.0,0.0
2025-07-11 00:00:00-04:00,4.360000133514404,4.360000133514404,3.680000066757202,3.9000000953674316,291200,0.0,0.0
2025-07-14 00:00:00-04:00,3.930000066757202,4.0,3.7300000190734863,3.930000066757202,62700,0.0,0.0
2025-07-15 00:00:00-04:00,3.950000047683716,4.170000076293945,3.9000000953674316,3.990000009536743,82200,0.0,0.0
2025-07-16 00:00:00-04:00,4.019999980926514,4.2179999351501465,3.8010001182556152,3.880000114440918,35200,0.0,0.0
2025-07-17 00:00:00-04:00,3.9200000762939453,4.159999847412109,3.8499999046325684,4.090000152587891,52000,0.0,0.0
2025-07-18 00:00:00-04:00,4.159999847412109,4.159999847412109,3.8949999809265137,3.990000009536743,17600,0.0,0.0
2025-07-21 00:00:00-04:00,4.059999942779541,4.2220001220703125,3.8299999237060547,4.0,45400,0.0,0.0
2025-07-22 00:00:00-04:00,3.9700000286102295,4.190000057220459,3.8499999046325684,4.059999942779541,55800,0.0,0.0
2025-07-23 00:00:00-04:00,4.099999904632568,4.199999809265137,3.940000057220459,4.190000057220459,78700,0.0,0.0
2025-07-24 00:00:00-04:00,4.050000190734863,4.179999828338623,3.9010000228881836,3.930000066757202,53500,0.0,0.0
2025-07-25 00:00:00-04:00,4.0,4.010000228881836,3.7699999809265137,3.7799999713897705,59100,0.0,0.0
2025-07-28 00:00:00-04:00,3.880000114440918,4.086999893188477,3.700000047683716,3.990000009536743,100200,0.0,0.0
2025-07-29 00:00:00-04:00,3.940000057220459,3.9790000915527344,3.5850000381469727,3.6500000953674316,63200,0.0,0.0
2025-07-30 00:00:00-04:00,3.736999988555908,3.8389999866485596,3.569999933242798,3.630000114440918,53800,0.0,0.0
2025-07-31 00:00:00-04:00,3.700000047683716,4.039999961853027,3.5999999046325684,3.9100000858306885,130100,0.0,0.0
2025-08-01 00:00:00-04:00,3.7320001125335693,3.9619998931884766,3.549999952316284,3.619999885559082,29600,0.0,0.0
2025-08-04 00:00:00-04:00,3.5399999618530273,3.9049999713897705,3.5399999618530273,3.75,41500,0.0,0.0
2025-08-05 00:00:00-04:00,3.619999885559082,3.869999885559082,3.5999999046325684,3.5999999046325684,30500,0.0,0.0
2025-08-06 00:00:00-04:00,3.5299999713897705,3.627000093460083,3.38100004196167,3.5199999809265137,79500,0.0,0.0
2025-08-07 00:00:00-04:00,3.562000036239624,3.625,3.4100000858306885,3.5299999713897705,21300,0.0,0.0
2025-08-08 00:00:00-04:00,3.484999895095825,3.5199999809265137,3.4200000762939453,3.5199999809265137,11400,0.0,0.0
2025-08-11 00:00:00-04:00,3.4700000286102295,3.9000000953674316,3.428999900817871,3.799999952316284,50200,0.0,0.0
2025-08-12 00:00:00-04:00,3.875,4.159999847412109,3.6500000953674316,4.079999923706055,31600,0.0,0.0
2025-08-13 00:00:00-04:00,4.099999904632568,4.630000114440918,3.934999942779541,4.059999942779541,81000,0.0,0.0
2025-08-14 00:00:00-04:00,4.059999942779541,4.22599983215332,3.8399999141693115,3.9200000762939453,56000,0.0,0.0
2025-08-15 00:00:00-04:00,4.050000190734863,4.699999809265137,4.050000190734863,4.480000019073486,228100,0.0,0.0
2025-08-18 00:00:00-04:00,4.590000152587891,4.639999866485596,4.050000190734863,4.050000190734863,87400,0.0,0.0
2025-08-19 00:00:00-04:00,4.03000020980835,4.25,3.6500000953674316,3.9000000953674316,198000,0.0,0.0
2025-08-20 00:00:00-04:00,3.9100000858306885,4.179999828338623,3.809999942779541,4.090000152587891,22700,0.0,0.0
2025-08-21 00:00:00-04:00,3.990000009536743,4.099999904632568,3.9649999141693115,4.039999961853027,7800,0.0,0.0
2025-08-22 00:00:00-04:00,4.139999866485596,4.550000190734863,4.054999828338623,4.420000076293945,52000,0.0,0.0
2025-08-25 00:00:00-04:00,4.420000076293945,4.579999923706055,4.170000076293945,4.304999828338623,19500,0.0,0.0
2025-08-26 00:00:00-04:00,4.25,4.507999897003174,4.210000038146973,4.380000114440918,20700,0.0,0.0
2025-08-27 00:00:00-04:00,4.320000171661377,4.581999778747559,4.320000171661377,4.420000076293945,8100,0.0,0.0
2025-08-28 00:00:00-04:00,4.559999942779541,4.570000171661377,4.361999988555908,4.514999866485596,5300,0.0,0.0
2025-08-29 00:00:00-04:00,4.440000057220459,4.590000152587891,4.440000057220459,4.460000038146973,3300,0.0,0.0
2025-09-02 00:00:00-04:00,4.360000133514404,4.440000057220459,4.164999961853027,4.269999980926514,26200,0.0,0.0
2025-09-03 00:00:00-04:00,4.059999942779541,4.590000152587891,4.059999942779541,4.090000152587891,18900,0.0,0.0
2025-09-04 00:00:00-04:00,4.090000152587891,4.329999923706055,3.880000114440918,3.9000000953674316,29200,0.0,0.0
2025-09-05 00:00:00-04:00,3.9000000953674316,3.9000000953674316,3.6649999618530273,3.7200000286102295,20200,0.0,0.0
2025-09-08 00:00:00-04:00,3.6500000953674316,3.884999990463257,3.5,3.5299999713897705,44400,0.0,0.0
2025-09-09 00:00:00-04:00,3.549999952316284,3.934000015258789,3.4100000858306885,3.5799999237060547,35300,0.0,0.0
2025-09-10 00:00:00-04:00,3.509999990463257,3.8299999237060547,3.375,3.5399999618530273,77400,0.0,0.0
2025-09-11 00:00:00-04:00,3.549999952316284,3.759999990463257,3.109999895095825,3.1500000953674316,182300,0.0,0.0
2025-09-12 00:00:00-04:00,3.25,3.25,2.759999990463257,2.765000104904175,71100,0.0,0.0
2025-09-15 00:00:00-04:00,2.880000114440918,3.118000030517578,2.740000009536743,3.109999895095825,99900,0.0,0.0
2025-09-16 00:00:00-04:00,3.049999952316284,3.138000011444092,2.8499999046325684,2.950000047683716,36200,0.0,0.0
2025-09-17 00:00:00-04:00,2.990000009536743,3.0999999046325684,2.8310000896453857,2.944999933242798,36800,0.0,0.0
2025-09-18 00:00:00-04:00,2.9700000286102295,3.180000066757202,2.9000000953674316,3.0799999237060547,45800,0.0,0.0
2025-09-19 00:00:00-04:00,3.0799999237060547,3.200000047683716,3.0,3.109999895095825,68500,0.0,0.0
2025-09-22 00:00:00-04:00,3.0999999046325684,3.0999999046325684,2.6500000953674316,2.75,124500,0.0,0.0
2025-09-23 00:00:00-04:00,2.9600000381469727,3.1089999675750732,2.549999952316284,2.690000057220459,105000,0.0,0.0
2025-09-24 00:00:00-04:00,2.7100000381469727,2.7100000381469727,2.200000047683716,2.4700000286102295,223700,0.0,0.0
2025-09-25 00:00:00-04:00,2.5299999713897705,2.700000047683716,2.450000047683716,2.700000047683716,165100,0.0,0.0
2025-09-26 00:00:00-04:00,2.8299999237060547,3.509999990463257,2.700000047683716,3.1700000762939453,1212800,0.0,0.0
2025-09-29 00:00:00-04:00,3.5799999237060547,3.739000082015991,3.200000047683716,3.369999885559082,339100,0.0,0.0
2025-09-30 00:00:00-04:00,3.3499999046325684,3.369999885559082,3.0,3.190000057220459,144100,0.0,0.0
2025-10-01 00:00:00-04:00,3.2799999713897705,3.2799999713897705,2.822999954223633,2.990000009536743,121800,0.0,0.0
2025-10-02 00:00:00-04:00,2.930000066757202,3.0859999656677246,2.8499999046325684,2.9700000286102295,89500,0.0,0.0
2025-10-03 00:00:00-04:00,2.990000009536743,3.0,2.700000047683716,2.8499999046325684,278900,0.0,0.0
2025-10-06 00:00:00-04:00,2.880000114440918,3.003000020980835,2.805000066757202,2.859999895095825,102800,0.0,0.0
2025-10-07 00:00:00-04:00,2.890000104904175,2.9149999618530273,2.609999895095825,2.809999942779541,95500,0.0,0.0
2025-10-08 00:00:00-04:00,2.809999942779541,2.859999895095825,2.509999990463257,2.640000104904175,151700,0.0,0.0
2025-10-09 00:00:00-04:00,2.6500000953674316,2.765000104904175,2.615000009536743,2.7300000190734863,58100,0.0,0.0
2025-10-10 00:00:00-04:00,2.740000009536743,2.75,2.575000047683716,2.5899999141693115,36100,0.0,0.0
2025-10-13 00:00:00-04:00,2.5999999046325684,2.7699999809265137,2.5799999237060547,2.6500000953674316,96600,0.0,0.0
2025-10-14 00:00:00-04:00,2.609999895095825,2.8499999046325684,2.549999952316284,2.7100000381469727,70300,0.0,0.0
2025-10-15 00:00:00-04:00,2.740000009536743,2.859999895095825,2.2850000858306885,2.6600000858306885,262000,0.0,0.0
2025-10-16 00:00:00-04:00,2.6500000953674316,2.6500000953674316,2.436000108718872,2.4800000190734863,102600,0.0,0.0
2025-10-17 00:00:00-04:00,2.4700000286102295,2.5399999618530273,2.3299999237060547,2.380000114440918,59300,0.0,0.0
2025-10-20 00:00:00-04:00,2.430000066757202,2.549999952316284,2.4149999618530273,2.5299999713897705,57800,0.0,0.0
2025-10-21 00:00:00-04:00,2.559999942779541,2.5759999752044678,2.4049999713897705,2.490000009536743,72100,0.0,0.0
2025-10-22 00:00:00-04:00,2.5299999713897705,2.5299999713897705,2.359999895095825,2.430000066757202,49500,0.0,0.0
2025-10-23 00:00:00-04:00,2.430000066757202,2.5899999141693115,2.4000000953674316,2.5,22100,0.0,0.0
2025-10-24 00:00:00-04:00,2.549999952316284,2.9700000286102295,2.509999990463257,2.819999933242798,123700,0.0,0.0
2025-10-27 00:00:00-04:00,2.859999895095825,2.874000072479248,2.571000099182129,2.6700000762939453,34800,0.0,0.0
2025-10-28 00:00:00-04:00,2.680000066757202,2.740000009536743,2.572000026702881,2.6700000762939453,23200,0.0,0.0
2025-10-29 00:00:00-04:00,2.619999885559082,2.6700000762939453,2.549999952316284,2.569999933242798,23700,0.0,0.0
2025-10-30 00:00:00-04:00,2.549999952316284,2.7290000915527344,2.4639999866485596,2.5,23600,0.0,0.0
2025-10-31 00:00:00-04:00,2.4600000381469727,2.680000066757202,2.434999942779541,2.630000114440918,32700,0.0,0.0
2025-11-03 00:00:00-05:00,2.5399999618530273,2.5899999141693115,2.4000000953674316,2.4700000286102295,44200,0.0,0.0
2025-11-04 00:00:00-05:00,2.4100000858306885,2.569999933242798,2.321000099182129,2.4100000858306885,30200,0.0,0.0
2025-11-05 00:00:00-05:00,2.430000066757202,2.430000066757202,2.319999933242798,2.390000104904175,16200,0.0,0.0
2025-11-06 00:00:00-05:00,2.390000104904175,2.390000104904175,2.200000047683716,2.309999942779541,38800,0.0,0.0
2025-11-07 00:00:00-05:00,2.259999990463257,2.490000009536743,2.0899999141693115,2.4800000190734863,165600,0.0,0.0
2025-11-10 00:00:00-05:00,2.4800000190734863,2.680000066757202,2.2799999713897705,2.380000114440918,134700,0.0,0.0
2025-11-11 00:00:00-05:00,2.359999895095825,2.5799999237060547,2.299999952316284,2.5299999713897705,113200,0.0,0.0
2025-11-12 00:00:00-05:00,2.549999952316284,2.819999933242798,2.509999990463257,2.7699999809265137,126900,0.0,0.0
2025-11-13 00:00:00-05:00,2.6600000858306885,2.6600000858306885,1.8300000429153442,1.8899999856948853,470300,0.0,0.0
2025-11-14 00:00:00-05:00,1.840000033378601,2.180000066757202,1.6369999647140503,2.0899999141693115,176400,0.0,0.0
2025-11-17 00:00:00-05:00,2.119999885559082,2.130000114440918,1.6449999809265137,1.7100000381469727,60600,0.0,0.0
2025-11-18 00:00:00-05:00,2.049999952316284,2.049999952316284,1.50600004196167,1.6799999475479126,160500,0.0,0.0
2025-11-19 00:00:00-05:00,1.6200000047683716,1.7100000381469727,1.559999942779541,1.6200000047683716,35000,0.0,0.0
2025-11-20 00:00:00-05:00,2.0799999237060547,2.2899999618530273,1.6399999856948853,1.7100000381469727,63396400,0.0,0.0
2025-11-21 00:00:00-05:00,1.399999976158142,1.5399999618530273,1.2619999647140503,1.340000033378601,2210700,0.0,0.0
2025-11-24 00:00:00-05:00,1.2400000095367432,1.2799999713897705,1.159999966621399,1.159999966621399,861800,0.0,0.0
2025-11-25 00:00:00-05:00,1.2400000095367432,1.309999942779541,1.159999966621399,1.2400000095367432,781200,0.0,0.0
2025-11-26 00:00:00-05:00,1.2300000190734863,1.340000033378601,1.1799999475479126,1.309999942779541,798900,0.0,0.0
2025-11-28 00:00:00-05:00,1.340000033378601,1.350000023841858,1.2599999904632568,1.2799999713897705,532300,0.0,0.0
2025-12-01 00:00:00-05:00,1.2699999809265137,1.3300000429153442,1.1950000524520874,1.2400000095367432,396100,0.0,0.0
2025-12-02 00:00:00-05:00,1.2599999904632568,1.2599999904632568,1.149999976158142,1.2100000381469727,507500,0.0,0.0
2025-12-03 00:00:00-05:00,1.2200000286102295,1.3799999952316284,1.1699999570846558,1.3700000047683716,731200,0.0,0.0
2025-12-04 00:00:00-05:00,1.350000023841858,1.350000023841858,1.2699999809265137,1.340000033378601,453700,0.0,0.0
2025-12-05 00:00:00-05:00,1.3200000524520874,1.350000023841858,1.2300000190734863,1.2400000095367432,232700,0.0,0.0
2025-12-08 00:00:00-05:00,1.2799999713897705,1.315999984741211,1.1699999570846558,1.2200000286102295,385400,0.0,0.0
2025-12-09 00:00:00-05:00,1.2300000190734863,1.2599999904632568,1.1799999475479126,1.2300000190734863,234500,0.0,0.0
2025-12-10 00:00:00-05:00,1.2100000381469727,1.215000033378601,1.1299999952316284,1.159999966621399,273000,0.0,0.0
2025-12-11 00:00:00-05:00,1.1799999475479126,1.1799999475479126,1.0499999523162842,1.090000033378601,479400,0.0,0.0
2025-12-12 00:00:00-05:00,1.0800000429153442,1.1799999475479126,1.0299999713897705,1.1100000143051147,669200,0.0,0.0
2025-12-15 00:00:00-05:00,1.090000033378601,1.0959999561309814,0.9890000224113464,1.0199999809265137,554800,0.0,0.0
2025-12-16 00:00:00-05:00,1.0199999809265137,1.0700000524520874,0.9700000286102295,0.9700000286102295,416000,0.0,0.0
2025-12-17 00:00:00-05:00,0.9760000109672546,1.0499999523162842,0.9520000219345093,0.9549999833106995,78200,0.0,0.0
2025-12-18 00:00:00-05:00,0.9700000286102295,1.0,0.9020000100135803,0.9110000133514404,373100,0.0,0.0
2025-12-19 00:00:00-05:00,0.9430000185966492,0.949999988079071,0.8700000047683716,0.8999999761581421,442000,0.0,0.0
2025-12-22 00:00:00-05:00,0.9100000262260437,0.9819999933242798,0.8799999952316284,0.921999990940094,447700,0.0,0.0
2025-12-23 00:00:00-05:00,0.9300000071525574,0.949999988079071,0.8799999952316284,0.9279999732971191,261100,0.0,0.0
2025-12-24 00:00:00-05:00,0.8880000114440918,1.0490000247955322,0.8880000114440918,1.0299999713897705,139400,0.0,0.0
2025-12-26 00:00:00-05:00,1.0099999904632568,1.0099999904632568,0.9319999814033508,0.9430000185966492,189000,0.0,0.0
2025-12-29 00:00:00-05:00,0.949999988079071,0.9750000238418579,0.8399999737739563,0.8830000162124634,353900,0.0,0.0
2025-12-30 00:00:00-05:00,0.9110000133514404,0.9559999704360962,0.8550000190734863,0.8640000224113464,231600,0.0,0.0
2025-12-31 00:00:00-05:00,0.8759999871253967,0.9089999794960022,0.8500000238418579,0.875,173700,0.0,0.0
2026-01-02 00:00:00-05:00,0.8899999856948853,1.0,0.8610000014305115,0.9769999980926514,114200,0.0,0.0
2026-01-05 00:00:00-05:00,1.0099999904632568,1.1260000467300415,1.0,1.1100000143051147,314300,0.0,0.0
2026-01-06 00:00:00-05:00,1.1200000047683716,1.1200000047683716,1.059999942779541,1.1050000190734863,69100,0.0,0.0
2026-01-07 00:00:00-05:00,1.100000023841858,1.1200000047683716,1.0,1.0499999523162842,204100,0.0,0.0
2026-01-08 00:00:00-05:00,1.0700000524520874,1.0800000429153442,1.0149999856948853,1.0299999713897705,88100,0.0,0.0
2026-01-09 00:00:00-05:00,1.0700000524520874,1.0700000524520874,0.9100000262260437,0.9679999947547913,173800,0.0,0.0
2026-01-12 00:00:00-05:00,0.9300000071525574,0.9900000095367432,0.9100000262260437,0.9850000143051147,237900,0.0,0.0
2026-01-13 00:00:00-05:00,0.9900000095367432,1.059999942779541,0.9900000095367432,1.0,154900,0.0,0.0
2026-01-14 00:00:00-05:00,0.9800000190734863,1.024999976158142,0.9549999833106995,0.9929999709129333,110200,0.0,0.0
2026-01-15 00:00:00-05:00,1.9299999475479126,2.450000047683716,1.649999976158142,1.7100000381469727,295101400,0.0,0.0
2026-01-16 00:00:00-05:00,1.590000033378601,1.7300000190734863,1.2200000286102295,1.5099999904632568,12919000,0.0,0.0
2026-01-20 00:00:00-05:00,1.3799999952316284,1.649999976158142,1.3799999952316284,1.4199999570846558,3346800,0.0,0.0
2026-01-21 00:00:00-05:00,1.3899999856948853,1.649999976158142,1.3700000047683716,1.4900000095367432,2145200,0.0,0.0
2026-01-22 00:00:00-05:00,1.5099999904632568,1.7699999809265137,1.5099999904632568,1.600000023841858,2393100,0.0,0.0
2026-01-23 00:00:00-05:00,1.659999966621399,1.7999999523162842,1.600000023841858,1.7400000095367432,1201400,0.0,0.0
2026-01-26 00:00:00-05:00,1.649999976158142,1.690000057220459,1.559999942779541,1.690000057220459,816900,0.0,0.0
2026-01-27 00:00:00-05:00,1.6299999952316284,1.6299999952316284,1.4600000381469727,1.5199999809265137,791900,0.0,0.0
2026-01-28 00:00:00-05:00,1.5299999713897705,1.5549999475479126,1.4249999523162842,1.4299999475479126,606500,0.0,0.0
2026-01-29 00:00:00-05:00,1.4299999475479126,1.5299999713897705,1.4299999475479126,1.5299999713897705,1779200,0.0,0.0
2026-01-30 00:00:00-05:00,1.649999976158142,1.8899999856948853,1.590000033378601,1.7799999713897705,17184100,0.0,0.0
2026-02-02 00:00:00-05:00,1.6100000143051147,1.8300000429153442,1.5199999809265137,1.7400000095367432,1535000,0.0,0.0
2026-02-03 00:00:00-05:00,1.6399999856948853,1.7350000143051147,1.6150000095367432,1.690000057220459,586200,0.0,0.0
2026-02-04 00:00:00-05:00,1.6100000143051147,1.715000033378601,1.5499999523162842,1.6799999475479126,635100,0.0,0.0
2026-02-05 00:00:00-05:00,1.6200000047683716,1.9429999589920044,1.6200000047683716,1.850000023841858,1118500,0.0,0.0
2026-02-06 00:00:00-05:00,1.8200000524520874,1.8650000095367432,1.7100000381469727,1.7799999713897705,508100,0.0,0.0
2026-02-09 00:00:00-05:00,1.75,1.8350000381469727,1.6679999828338623,1.809999942779541,429700,0.0,0.0
2026-02-10 00:00:00-05:00,1.7699999809265137,1.8769999742507935,1.7300000190734863,1.8200000524520874,294800,0.0,0.0
2026-02-11 00:00:00-05:00,1.7999999523162842,1.8250000476837158,1.6610000133514404,1.7100000381469727,310000,0.0,0.0
2026-02-12 00:00:00-05:00,1.7300000190734863,1.7599999904632568,1.559999942779541,1.659999966621399,383800,0.0,0.0
2026-02-13 00:00:00-05:00,1.6299999952316284,1.8229999542236328,1.6200000047683716,1.7400000095367432,309100,0.0,0.0
2026-02-17 00:00:00-05:00,1.7200000286102295,1.7400000095367432,1.659999966621399,1.7200000286102295,191800,0.0,0.0
2026-02-18 00:00:00-05:00,1.7000000476837158,1.7000000476837158,1.5800000429153442,1.5800000429153442,167200,0.0,0.0
2026-02-19 00:00:00-05:00,1.6399999856948853,1.6799999475479126,1.4800000190734863,1.5099999904632568,340600,0.0,0.0
2026-02-20 00:00:00-05:00,1.4700000286102295,1.5499999523162842,1.3799999952316284,1.3799999952316284,227000,0.0,0.0
2026-02-23 00:00:00-05:00,1.3899999856948853,1.4500000476837158,1.2300000190734863,1.3799999952316284,552600,0.0,0.0
2026-02-24 00:00:00-05:00,1.3600000143051147,1.4800000190734863,1.3229999542236328,1.4299999475479126,285800,0.0,0.0
2026-02-25 00:00:00-05:00,1.4199999570846558,1.649999976158142,1.399999976158142,1.5299999713897705,310600,0.0,0.0
2026-02-26 00:00:00-05:00,1.5800000429153442,1.8200000524520874,1.5800000429153442,1.7999999523162842,378200,0.0,0.0
2026-02-27 00:00:00-05:00,1.7599999904632568,1.7899999618530273,1.6200000047683716,1.659999966621399,133400,0.0,0.0
2026-03-02 00:00:00-05:00,1.5800000429153442,1.684999942779541,1.5499999523162842,1.659999966621399,150000,0.0,0.0
2026-03-03 00:00:00-05:00,1.600000023841858,1.815000057220459,1.600000023841858,1.7400000095367432,287400,0.0,0.0
2026-03-04 00:00:00-05:00,1.6799999475479126,1.7999999523162842,1.6699999570846558,1.7000000476837158,232100,0.0,0.0
2026-03-05 00:00:00-05:00,1.6799999475479126,1.7999999523162842,1.5499999523162842,1.5700000524520874,888000,0.0,0.0
2026-03-06 00:00:00-05:00,1.559999942779541,1.559999942779541,1.4700000286102295,1.5399999618530273,492700,0.0,0.0
2026-03-09 00:00:00-04:00,1.5399999618530273,1.6399999856948853,1.5,1.5499999523162842,222600,0.0,0.0
2026-03-10 00:00:00-04:00,1.600000023841858,1.600000023841858,1.4700000286102295,1.4800000190734863,129200,0.0,0.0
2026-03-11 00:00:00-04:00,1.4700000286102295,1.649999976158142,1.4550000429153442,1.6299999952316284,480100,0.0,0.0
2026-03-12 00:00:00-04:00,1.6299999952316284,1.6779999732971191,1.5800000429153442,1.6200000047683716,233500,0.0,0.0
2026-03-13 00:00:00-04:00,1.649999976158142,1.649999976158142,1.5,1.5199999809265137,178900,0.0,0.0
2026-03-16 00:00:00-04:00,1.5199999809265137,1.6100000143051147,1.4600000381469727,1.5,219600,0.0,0.0
2026-03-17 00:00:00-04:00,1.4500000476837158,1.5199999809265137,1.409999966621399,1.4500000476837158,403900,0.0,0.0
2026-03-18 00:00:00-04:00,1.4600000381469727,1.4900000095367432,1.4199999570846558,1.440000057220459,110700,0.0,0.0
2026-03-19 00:00:00-04:00,1.4500000476837158,1.5089999437332153,1.3899999856948853,1.409999966621399,202500,0.0,0.0
2026-03-20 00:00:00-04:00,1.399999976158142,1.4299999475479126,1.3350000381469727,1.3600000143051147,183600,0.0,0.0
2026-03-23 00:00:00-04:00,1.399999976158142,1.4800000190734863,1.340000033378601,1.4700000286102295,327700,0.0,0.0
2026-03-24 00:00:00-04:00,1.4299999475479126,1.434999942779541,1.3200000524520874,1.340000033378601,290000,0.0,0.0
2026-03-25 00:00:00-04:00,1.3899999856948853,1.3899999856948853,1.3200000524520874,1.340000033378601,63000,0.0,0.0
2026-03-26 00:00:00-04:00,1.3300000429153442,1.3700000047683716,1.2599999904632568,1.2599999904632568,171300,0.0,0.0
2026-03-27 00:00:00-04:00,1.2599999904632568,1.2599999904632568,1.2100000381469727,1.2200000286102295,263800,0.0,0.0
2026-03-30 00:00:00-04:00,1.2599999904632568,1.2699999809265137,1.2050000429153442,1.2400000095367432,213400,0.0,0.0
2026-03-31 00:00:00-04:00,1.25,1.350000023841858,1.2400000095367432,1.2999999523162842,329700,0.0,0.0
2026-04-01 00:00:00-04:00,1.2599999904632568,1.2649999856948853,1.1299999952316284,1.1399999856948853,356500,0.0,0.0
2026-04-02 00:00:00-04:00,1.159999966621399,1.2300000190734863,1.0499999523162842,1.2000000476837158,174600,0.0,0.0
2026-04-06 00:00:00-04:00,1.2100000381469727,1.2890000343322754,1.2000000476837158,1.2300000190734863,127900,0.0,0.0
2026-04-07 00:00:00-04:00,1.2300000190734863,1.25,1.1050000190734863,1.1399999856948853,196000,0.0,0.0
2026-04-08 00:00:00-04:00,1.2100000381469727,1.2300000190734863,1.1050000190734863,1.1100000143051147,262100,0.0,0.0
2026-04-09 00:00:00-04:00,1.100000023841858,1.1100000143051147,0.9700000286102295,0.9739999771118164,456700,0.0,0.0
2026-04-10 00:00:00-04:00,1.0,1.059999942779541,0.9340000152587891,1.0299999713897705,253800,0.0,0.0
2026-04-13 00:00:00-04:00,1.0,1.059999942779541,0.9800000190734863,1.0299999713897705,161500,0.0,0.0
2026-04-14 00:00:00-04:00,1.0499999523162842,1.1200000047683716,1.0299999713897705,1.0700000524520874,163100,0.0,0.0
2026-04-15 00:00:00-04:00,1.100000023841858,1.190000057220459,1.090000033378601,1.1799999475479126,150100,0.0,0.0
2026-04-16 00:00:00-04:00,1.190000057220459,1.25,1.1200000047683716,1.1399999856948853,165000,0.0,0.0
2026-04-17 00:00:00-04:00,1.1699999570846558,1.2000000476837158,1.1299999952316284,1.159999966621399,125200,0.0,0.0
2026-04-20 00:00:00-04:00,1.159999966621399,1.2300000190734863,1.149999976158142,1.1799999475479126,104700,0.0,0.0
2026-04-21 00:00:00-04:00,1.2100000381469727,1.2799999713897705,1.1799999475479126,1.2699999809265137,141800,0.0,0.0
2026-04-22 00:00:00-04:00,1.2899999618530273,1.440000057220459,1.25,1.3700000047683716,297000,0.0,0.0
2026-04-23 00:00:00-04:00,1.3700000047683716,1.3700000047683716,1.1799999475479126,1.2100000381469727,113400,0.0,0.0
2026-04-24 00:00:00-04:00,1.2400000095367432,1.2599999904632568,1.1740000247955322,1.2400000095367432,118900,0.0,0.0
2026-04-27 00:00:00-04:00,1.2200000286102295,1.309999942779541,1.159999966621399,1.2300000190734863,208800,0.0,0.0
2026-04-28 00:00:00-04:00,1.159999966621399,1.2000000476837158,1.1299999952316284,1.159999966621399,128300,0.0,0.0
2026-04-29 00:00:00-04:00,1.149999976158142,1.1799999475479126,1.100000023841858,1.149999976158142,93400,0.0,0.0
2026-04-30 00:00:00-04:00,1.159999966621399,1.2300000190734863,1.125,1.2200000286102295,67400,0.0,0.0
2026-05-01 00:00:00-04:00,1.2100000381469727,1.2100000381469727,1.149999976158142,1.1699999570846558,146500,0.0,0.0
2026-05-04 00:00:00-04:00,1.2100000381469727,1.4500000476837158,1.1799999475479126,1.309999942779541,449800,0.0,0.0
2026-05-05 00:00:00-04:00,1.309999942779541,1.309999942779541,1.2300000190734863,1.2599999904632568,168000,0.0,0.0
2026-05-06 00:00:00-04:00,1.2999999523162842,1.2999999523162842,1.190000057220459,1.2100000381469727,207000,0.0,0.0
2026-05-07 00:00:00-04:00,1.2000000476837158,1.3450000286102295,1.159999966621399,1.2400000095367432,299200,0.0,0.0
2026-05-08 00:00:00-04:00,1.2599999904632568,1.2999999523162842,1.1510000228881836,1.2899999618530273,185200,0.0,0.0
2026-05-11 00:00:00-04:00,1.2699999809265137,1.284000039100647,1.1699999570846558,1.2000000476837158,207400,0.0,0.0
2026-05-12 00:00:00-04:00,1.2200000286102295,1.2200000286102295,1.149999976158142,1.149999976158142,125900,0.0,0.0
2026-05-13 00:00:00-04:00,1.190000057220459,1.2300000190734863,1.149999976158142,1.190000057220459,141100,0.0,0.0
2026-05-14 00:00:00-04:00,1.2300000190734863,1.340000033378601,1.190000057220459,1.309999942779541,174600,0.0,0.0
2026-05-15 00:00:00-04:00,1.2599999904632568,1.2899999618530273,1.159999966621399,1.1699999570846558,104000,0.0,0.0
2026-05-18 00:00:00-04:00,1.2400000095367432,1.2400000095367432,1.159999966621399,1.190000057220459,185500,0.0,0.0
2026-05-19 00:00:00-04:00,1.190000057220459,1.190000057220459,1.100000023841858,1.100000023841858,80300,0.0,0.0
2026-05-20 00:00:00-04:00,1.1100000143051147,1.149999976158142,1.0800000429153442,1.1200000047683716,82100,0.0,0.0
2026-05-21 00:00:00-04:00,1.1299999952316284,1.2200000286102295,1.1050000190734863,1.190000057220459,177800,0.0,0.0
2026-05-22 00:00:00-04:00,1.2000000476837158,1.2200000286102295,1.1549999713897705,1.1699999570846558,84400,0.0,0.0
2026-05-26 00:00:00-04:00,1.149999976158142,1.190000057220459,1.1200000047683716,1.1299999952316284,88700,0.0,0.0
2026-05-27 00:00:00-04:00,1.1200000047683716,1.2799999713897705,1.1200000047683716,1.2400000095367432,172300,0.0,0.0
2026-05-28 00:00:00-04:00,1.2200000286102295,1.2699999809265137,1.159999966621399,1.25,154300,0.0,0.0
2026-05-29 00:00:00-04:00,1.2599999904632568,1.350000023841858,1.2450000047683716,1.2799999713897705,203300,0.0,0.0
2026-06-01 00:00:00-04:00,1.2599999904632568,1.3799999952316284,1.2599999904632568,1.2799999713897705,282500,0.0,0.0
2026-06-02 00:00:00-04:00,1.2799999713897705,1.350000023841858,1.25,1.2599999904632568,74900,0.0,0.0
2026-06-03 00:00:00-04:00,1.2599999904632568,1.2599999904632568,1.159999966621399,1.2000000476837158,83800,0.0,0.0
2026-06-04 00:00:00-04:00,1.159999966621399,1.3700000047683716,1.159999966621399,1.2999999523162842,194700,0.0,0.0
2026-06-05 00:00:00-04:00,1.2999999523162842,1.3300000429153442,1.2000000476837158,1.25,170696,0.0,0.0
