Date,Open,High,Low,Close,Volume,Dividends,Stock Splits
2022-01-03 00:00:00-05:00,44.939998626708984,47.540000915527344,44.22999954223633,47.41999816894531,423000,0.0,0.0
2022-01-04 00:00:00-05:00,47.5,48.0,45.869998931884766,46.540000915527344,244500,0.0,0.0
2022-01-05 00:00:00-05:00,46.58000183105469,47.72999954223633,44.05500030517578,44.33000183105469,457900,0.0,0.0
2022-01-06 00:00:00-05:00,44.689998626708984,46.099998474121094,43.095001220703125,45.34000015258789,450700,0.0,0.0
2022-01-07 00:00:00-05:00,45.790000915527344,48.869998931884766,45.70000076293945,47.54999923706055,773800,0.0,0.0
2022-01-10 00:00:00-05:00,46.880001068115234,48.95000076293945,46.0620002746582,48.150001525878906,626600,0.0,0.0
2022-01-11 00:00:00-05:00,48.150001525878906,53.86000061035156,47.5099983215332,53.34000015258789,1013100,0.0,0.0
2022-01-12 00:00:00-05:00,53.34000015258789,53.79999923706055,50.189998626708984,50.58000183105469,690600,0.0,0.0
2022-01-13 00:00:00-05:00,50.9900016784668,53.060001373291016,49.91999816894531,51.95000076293945,593400,0.0,0.0
2022-01-14 00:00:00-05:00,50.54999923706055,53.849998474121094,50.0,53.70000076293945,413800,0.0,0.0
2022-01-18 00:00:00-05:00,54.88999938964844,54.95000076293945,51.220001220703125,51.849998474121094,965300,0.0,0.0
2022-01-19 00:00:00-05:00,52.900001525878906,53.4900016784668,51.599998474121094,51.7599983215332,542200,0.0,0.0
2022-01-20 00:00:00-05:00,52.31999969482422,55.869998931884766,52.23500061035156,53.20000076293945,470500,0.0,0.0
2022-01-21 00:00:00-05:00,53.0099983215332,53.529998779296875,50.68000030517578,51.380001068115234,482200,0.0,0.0
2022-01-24 00:00:00-05:00,50.2599983215332,51.939998626708984,47.900001525878906,51.15999984741211,574500,0.0,0.0
2022-01-25 00:00:00-05:00,49.93000030517578,51.56999969482422,49.5,50.529998779296875,635700,0.0,0.0
2022-01-26 00:00:00-05:00,51.619998931884766,51.83000183105469,48.380001068115234,48.83000183105469,447800,0.0,0.0
2022-01-27 00:00:00-05:00,49.16999816894531,50.83000183105469,48.16999816894531,48.54999923706055,753600,0.0,0.0
2022-01-28 00:00:00-05:00,48.22999954223633,51.619998931884766,47.185001373291016,51.59000015258789,431400,0.0,0.0
2022-01-31 00:00:00-05:00,50.97999954223633,53.27000045776367,50.720001220703125,53.2400016784668,436000,0.0,0.0
2022-02-01 00:00:00-05:00,53.25,54.40999984741211,51.81999969482422,54.349998474121094,283300,0.0,0.0
2022-02-02 00:00:00-05:00,54.529998779296875,54.65999984741211,52.060001373291016,52.900001525878906,1492600,0.0,0.0
2022-02-03 00:00:00-05:00,52.91999816894531,54.88999938964844,52.880001068115234,53.5,414600,0.0,0.0
2022-02-04 00:00:00-05:00,53.560001373291016,54.55500030517578,52.33000183105469,54.13999938964844,320400,0.0,0.0
2022-02-07 00:00:00-05:00,54.0,56.38999938964844,54.0,54.900001525878906,289900,0.0,0.0
2022-02-08 00:00:00-05:00,54.56999969482422,56.44499969482422,53.86000061035156,56.040000915527344,272700,0.0,0.0
2022-02-09 00:00:00-05:00,56.279998779296875,57.18000030517578,55.9900016784668,56.77000045776367,255900,0.0,0.0
2022-02-10 00:00:00-05:00,55.619998931884766,57.529998779296875,55.13100051879883,55.83000183105469,298700,0.0,0.0
2022-02-11 00:00:00-05:00,55.86000061035156,57.33000183105469,54.189998626708984,54.97999954223633,269800,0.0,0.0
2022-02-14 00:00:00-05:00,54.81999969482422,56.150001525878906,53.63999938964844,53.79999923706055,270600,0.0,0.0
2022-02-15 00:00:00-05:00,54.2400016784668,56.16999816894531,54.2400016784668,55.5,298100,0.0,0.0
2022-02-16 00:00:00-05:00,55.5,56.2599983215332,53.875,55.22999954223633,477100,0.0,0.0
2022-02-17 00:00:00-05:00,54.709999084472656,54.709999084472656,51.63999938964844,52.25,333500,0.0,0.0
2022-02-18 00:00:00-05:00,51.68000030517578,52.630001068115234,49.18000030517578,50.02000045776367,502900,0.0,0.0
2022-02-22 00:00:00-05:00,49.7599983215332,51.33000183105469,48.185001373291016,49.06999969482422,612200,0.0,0.0
2022-02-23 00:00:00-05:00,49.06999969482422,53.970001220703125,47.150001525878906,50.959999084472656,829200,0.0,0.0
2022-02-24 00:00:00-05:00,48.459999084472656,54.470001220703125,48.15999984741211,54.25,478800,0.0,0.0
2022-02-25 00:00:00-05:00,54.38999938964844,54.900001525878906,53.130001068115234,54.849998474121094,239700,0.0,0.0
2022-02-28 00:00:00-05:00,54.36000061035156,55.849998474121094,54.29999923706055,55.310001373291016,312300,0.0,0.0
2022-03-01 00:00:00-05:00,54.95000076293945,56.369998931884766,54.40999984741211,55.0099983215332,284000,0.0,0.0
2022-03-02 00:00:00-05:00,54.59000015258789,55.47999954223633,53.91999816894531,54.72999954223633,248100,0.0,0.0
2022-03-03 00:00:00-05:00,55.2400016784668,55.5099983215332,53.150001525878906,53.58000183105469,255900,0.0,0.0
2022-03-04 00:00:00-05:00,52.810001373291016,54.959999084472656,52.22999954223633,54.34000015258789,294000,0.0,0.0
2022-03-07 00:00:00-05:00,54.709999084472656,55.525001525878906,53.11000061035156,55.15999984741211,426800,0.0,0.0
2022-03-08 00:00:00-05:00,54.81999969482422,55.7400016784668,52.95500183105469,53.09000015258789,366300,0.0,0.0
2022-03-09 00:00:00-05:00,53.93000030517578,55.43899917602539,53.349998474121094,53.84000015258789,368500,0.0,0.0
2022-03-10 00:00:00-05:00,52.77000045776367,54.380001068115234,52.029998779296875,54.290000915527344,260000,0.0,0.0
2022-03-11 00:00:00-05:00,54.5,54.650001525878906,50.40999984741211,50.65999984741211,295000,0.0,0.0
2022-03-14 00:00:00-04:00,50.400001525878906,51.72999954223633,47.91999816894531,48.59000015258789,414400,0.0,0.0
2022-03-15 00:00:00-04:00,48.900001525878906,49.970001220703125,48.33000183105469,49.47999954223633,330400,0.0,0.0
2022-03-16 00:00:00-04:00,50.16999816894531,53.58000183105469,50.08000183105469,53.43000030517578,458800,0.0,0.0
2022-03-17 00:00:00-04:00,52.91999816894531,55.7400016784668,52.91999816894531,55.459999084472656,202100,0.0,0.0
2022-03-18 00:00:00-04:00,55.540000915527344,56.970001220703125,55.119998931884766,55.59000015258789,549600,0.0,0.0
2022-03-21 00:00:00-04:00,55.209999084472656,56.0,54.314998626708984,54.97999954223633,169600,0.0,0.0
2022-03-22 00:00:00-04:00,54.66999816894531,56.90999984741211,54.66999816894531,56.31999969482422,226100,0.0,0.0
2022-03-23 00:00:00-04:00,56.0,56.2400016784668,54.09000015258789,55.060001373291016,204000,0.0,0.0
2022-03-24 00:00:00-04:00,55.459999084472656,55.459999084472656,53.65999984741211,55.18000030517578,189600,0.0,0.0
2022-03-25 00:00:00-04:00,55.52000045776367,57.20000076293945,54.97999954223633,56.619998931884766,279900,0.0,0.0
2022-03-28 00:00:00-04:00,56.630001068115234,58.470001220703125,55.65999984741211,56.459999084472656,266200,0.0,0.0
2022-03-29 00:00:00-04:00,57.349998474121094,58.13999938964844,56.650001525878906,57.75,274700,0.0,0.0
2022-03-30 00:00:00-04:00,57.849998474121094,58.459999084472656,56.941001892089844,57.310001373291016,235300,0.0,0.0
2022-03-31 00:00:00-04:00,57.0,59.68000030517578,57.0,57.81999969482422,469500,0.0,0.0
2022-04-01 00:00:00-04:00,58.0,60.84000015258789,57.5,60.779998779296875,573800,0.0,0.0
2022-04-04 00:00:00-04:00,60.72999954223633,62.060001373291016,59.46500015258789,61.900001525878906,463200,0.0,0.0
2022-04-05 00:00:00-04:00,62.220001220703125,62.66999816894531,59.34000015258789,61.369998931884766,532100,0.0,0.0
2022-04-06 00:00:00-04:00,60.33000183105469,60.95000076293945,59.36000061035156,60.470001220703125,640500,0.0,0.0
2022-04-07 00:00:00-04:00,60.40999984741211,62.5099983215332,60.40999984741211,61.7400016784668,510200,0.0,0.0
2022-04-08 00:00:00-04:00,60.939998626708984,64.48999786376953,60.939998626708984,63.77000045776367,912700,0.0,0.0
2022-04-11 00:00:00-04:00,63.209999084472656,64.31999969482422,61.95000076293945,62.18000030517578,702100,0.0,0.0
2022-04-12 00:00:00-04:00,62.779998779296875,63.20000076293945,60.56999969482422,60.59000015258789,513700,0.0,0.0
2022-04-13 00:00:00-04:00,60.599998474121094,62.08000183105469,60.38999938964844,61.27000045776367,292700,0.0,0.0
2022-04-14 00:00:00-04:00,61.86000061035156,61.86000061035156,59.724998474121094,60.97999954223633,403200,0.0,0.0
2022-04-18 00:00:00-04:00,61.4900016784668,61.81999969482422,58.689998626708984,59.2599983215332,302500,0.0,0.0
2022-04-19 00:00:00-04:00,59.349998474121094,62.58000183105469,59.349998474121094,60.9900016784668,353700,0.0,0.0
2022-04-20 00:00:00-04:00,61.33000183105469,61.845001220703125,59.959999084472656,61.2599983215332,233000,0.0,0.0
2022-04-21 00:00:00-04:00,61.86000061035156,61.86000061035156,59.849998474121094,59.95000076293945,201100,0.0,0.0
2022-04-22 00:00:00-04:00,59.59000015258789,60.0099983215332,55.58000183105469,57.0,332500,0.0,0.0
2022-04-25 00:00:00-04:00,57.0,57.439998626708984,54.88999938964844,55.16999816894531,694500,0.0,0.0
2022-04-26 00:00:00-04:00,54.380001068115234,55.189998626708984,52.220001220703125,52.93000030517578,977700,0.0,0.0
2022-04-27 00:00:00-04:00,52.70000076293945,53.400001525878906,46.75,47.0099983215332,1152600,0.0,0.0
2022-04-28 00:00:00-04:00,47.08000183105469,48.15999984741211,45.68000030517578,48.15999984741211,862000,0.0,0.0
2022-04-29 00:00:00-04:00,47.61000061035156,48.90999984741211,46.68000030517578,47.290000915527344,721300,0.0,0.0
2022-05-02 00:00:00-04:00,47.61000061035156,48.20000076293945,46.72999954223633,48.040000915527344,551200,0.0,0.0
2022-05-03 00:00:00-04:00,48.380001068115234,49.01499938964844,47.470001220703125,48.310001373291016,456400,0.0,0.0
2022-05-04 00:00:00-04:00,47.70000076293945,48.10499954223633,44.95000076293945,47.5099983215332,652100,0.0,0.0
2022-05-05 00:00:00-04:00,46.27000045776367,47.400001525878906,43.029998779296875,44.90999984741211,1043700,0.0,0.0
2022-05-06 00:00:00-04:00,44.810001373291016,44.810001373291016,41.27000045776367,41.349998474121094,952800,0.0,0.0
2022-05-09 00:00:00-04:00,40.68000030517578,40.775001525878906,34.814998626708984,35.209999084472656,1313600,0.0,0.0
2022-05-10 00:00:00-04:00,35.849998474121094,36.63999938964844,33.33000183105469,36.41999816894531,951100,0.0,0.0
2022-05-11 00:00:00-04:00,36.959999084472656,37.9900016784668,34.7599983215332,34.86000061035156,895100,0.0,0.0
2022-05-12 00:00:00-04:00,34.779998779296875,36.310001373291016,34.209999084472656,35.16999816894531,423400,0.0,0.0
2022-05-13 00:00:00-04:00,35.790000915527344,39.040000915527344,35.75,38.630001068115234,551400,0.0,0.0
2022-05-16 00:00:00-04:00,38.58000183105469,39.79999923706055,38.13999938964844,38.369998931884766,428800,0.0,0.0
2022-05-17 00:00:00-04:00,38.560001373291016,41.45000076293945,38.560001373291016,40.869998931884766,561500,0.0,0.0
2022-05-18 00:00:00-04:00,39.86000061035156,40.560001373291016,38.7599983215332,39.119998931884766,510500,0.0,0.0
2022-05-19 00:00:00-04:00,38.720001220703125,39.939998626708984,38.439998626708984,39.029998779296875,395400,0.0,0.0
2022-05-20 00:00:00-04:00,39.810001373291016,40.58000183105469,38.439998626708984,39.34000015258789,380700,0.0,0.0
2022-05-23 00:00:00-04:00,39.65999984741211,40.86000061035156,38.48500061035156,40.45000076293945,385200,0.0,0.0
2022-05-24 00:00:00-04:00,40.0,40.19499969482422,38.50199890136719,38.939998626708984,407800,0.0,0.0
2022-05-25 00:00:00-04:00,38.70000076293945,40.029998779296875,38.60100173950195,39.83000183105469,262200,0.0,0.0
2022-05-26 00:00:00-04:00,40.18000030517578,41.33000183105469,40.0,40.650001525878906,199800,0.0,0.0
2022-05-27 00:00:00-04:00,41.20000076293945,42.0,40.68000030517578,41.599998474121094,218200,0.0,0.0
2022-05-31 00:00:00-04:00,41.5,41.88999938964844,40.130001068115234,40.83000183105469,381700,0.0,0.0
2022-06-01 00:00:00-04:00,41.34000015258789,41.79999923706055,39.5099983215332,40.9900016784668,306500,0.0,0.0
2022-06-02 00:00:00-04:00,41.2400016784668,43.77000045776367,40.650001525878906,43.540000915527344,325000,0.0,0.0
2022-06-03 00:00:00-04:00,42.959999084472656,43.2400016784668,41.64500045776367,42.880001068115234,288500,0.0,0.0
2022-06-06 00:00:00-04:00,43.4900016784668,44.459999084472656,42.83000183105469,43.61000061035156,326800,0.0,0.0
2022-06-07 00:00:00-04:00,42.79999923706055,45.369998931884766,42.79999923706055,45.31999969482422,363300,0.0,0.0
2022-06-08 00:00:00-04:00,44.790000915527344,46.9900016784668,44.790000915527344,45.72999954223633,325300,0.0,0.0
2022-06-09 00:00:00-04:00,45.08000183105469,46.2400016784668,43.63999938964844,43.75,401400,0.0,0.0
2022-06-10 00:00:00-04:00,42.83000183105469,44.13999938964844,42.54999923706055,43.81999969482422,470500,0.0,0.0
2022-06-13 00:00:00-04:00,42.09000015258789,43.83000183105469,41.41999816894531,43.16999816894531,510500,0.0,0.0
2022-06-14 00:00:00-04:00,43.0,44.2400016784668,41.529998779296875,42.06999969482422,467600,0.0,0.0
2022-06-15 00:00:00-04:00,42.529998779296875,45.334999084472656,42.474998474121094,44.09000015258789,408300,0.0,0.0
2022-06-16 00:00:00-04:00,42.81999969482422,42.81999969482422,41.2400016784668,42.220001220703125,428100,0.0,0.0
2022-06-17 00:00:00-04:00,42.810001373291016,45.36000061035156,42.810001373291016,43.4900016784668,595400,0.0,0.0
2022-06-21 00:00:00-04:00,44.75,44.79999923706055,43.20000076293945,43.25,323600,0.0,0.0
2022-06-22 00:00:00-04:00,42.369998931884766,44.25,42.23500061035156,43.939998626708984,325100,0.0,0.0
2022-06-23 00:00:00-04:00,44.189998626708984,46.119998931884766,44.15999984741211,45.15999984741211,458100,0.0,0.0
2022-06-24 00:00:00-04:00,45.83000183105469,47.5,45.3650016784668,47.2599983215332,681200,0.0,0.0
2022-06-27 00:00:00-04:00,47.61000061035156,48.91999816894531,46.80500030517578,47.650001525878906,317500,0.0,0.0
2022-06-28 00:00:00-04:00,47.59000015258789,48.369998931884766,45.529998779296875,45.61000061035156,273000,0.0,0.0
2022-06-29 00:00:00-04:00,45.459999084472656,45.779998779296875,44.70000076293945,45.75,344200,0.0,0.0
2022-06-30 00:00:00-04:00,44.9900016784668,45.689998626708984,43.560001373291016,45.41999816894531,418200,0.0,0.0
2022-07-01 00:00:00-04:00,45.279998779296875,47.75,45.11000061035156,47.65999984741211,278100,0.0,0.0
2022-07-05 00:00:00-04:00,46.630001068115234,47.61000061035156,45.790000915527344,47.36000061035156,468700,0.0,0.0
2022-07-06 00:00:00-04:00,47.33000183105469,47.790000915527344,46.650001525878906,46.84000015258789,188000,0.0,0.0
2022-07-07 00:00:00-04:00,47.0,48.16999816894531,46.9900016784668,47.369998931884766,420300,0.0,0.0
2022-07-08 00:00:00-04:00,46.29999923706055,49.529998779296875,46.0099983215332,48.83000183105469,576600,0.0,0.0
2022-07-11 00:00:00-04:00,48.22999954223633,48.41999816894531,45.834999084472656,47.060001373291016,459200,0.0,0.0
2022-07-12 00:00:00-04:00,49.58000183105469,51.150001525878906,47.310001373291016,48.41999816894531,1056700,0.0,0.0
2022-07-13 00:00:00-04:00,47.630001068115234,49.27000045776367,47.11000061035156,48.66999816894531,257800,0.0,0.0
2022-07-14 00:00:00-04:00,47.869998931884766,49.224998474121094,47.810001373291016,49.099998474121094,161300,0.0,0.0
2022-07-15 00:00:00-04:00,49.970001220703125,50.43000030517578,48.970001220703125,50.41999816894531,352700,0.0,0.0
2022-07-18 00:00:00-04:00,51.38999938964844,51.880001068115234,48.7400016784668,49.18000030517578,284700,0.0,0.0
2022-07-19 00:00:00-04:00,49.88999938964844,50.959999084472656,49.540000915527344,50.2400016784668,379800,0.0,0.0
2022-07-20 00:00:00-04:00,50.36000061035156,51.07500076293945,49.779998779296875,50.09000015258789,474900,0.0,0.0
2022-07-21 00:00:00-04:00,50.189998626708984,51.05500030517578,49.77000045776367,50.58000183105469,506100,0.0,0.0
2022-07-22 00:00:00-04:00,50.41999816894531,51.11000061035156,48.65999984741211,49.9900016784668,453400,0.0,0.0
2022-07-25 00:00:00-04:00,49.9900016784668,51.56999969482422,49.47999954223633,51.029998779296875,432400,0.0,0.0
2022-07-26 00:00:00-04:00,50.95000076293945,51.7400016784668,49.67499923706055,50.95000076293945,419800,0.0,0.0
2022-07-27 00:00:00-04:00,51.029998779296875,52.90999984741211,50.9900016784668,52.61000061035156,223200,0.0,0.0
2022-07-28 00:00:00-04:00,53.029998779296875,54.08000183105469,52.09000015258789,53.70000076293945,314800,0.0,0.0
2022-07-29 00:00:00-04:00,53.130001068115234,54.06999969482422,52.7400016784668,53.849998474121094,540300,0.0,0.0
2022-08-01 00:00:00-04:00,53.47999954223633,55.099998474121094,52.790000915527344,52.84000015258789,472100,0.0,0.0
2022-08-02 00:00:00-04:00,52.4900016784668,53.880001068115234,52.19900131225586,53.27000045776367,849900,0.0,0.0
2022-08-03 00:00:00-04:00,54.209999084472656,54.38999938964844,53.125,53.349998474121094,598300,0.0,0.0
2022-08-04 00:00:00-04:00,53.0,54.25,50.099998474121094,53.5,1331500,0.0,0.0
2022-08-05 00:00:00-04:00,51.630001068115234,53.435001373291016,51.630001068115234,52.97999954223633,635700,0.0,0.0
2022-08-08 00:00:00-04:00,53.02000045776367,54.14500045776367,51.84000015258789,52.33000183105469,392800,0.0,0.0
2022-08-09 00:00:00-04:00,51.65999984741211,52.52000045776367,49.91999816894531,50.06999969482422,409500,0.0,0.0
2022-08-10 00:00:00-04:00,50.939998626708984,51.33000183105469,48.9900016784668,50.369998931884766,671500,0.0,0.0
2022-08-11 00:00:00-04:00,50.400001525878906,51.43000030517578,49.88999938964844,50.0,637400,0.0,0.0
2022-08-12 00:00:00-04:00,50.16999816894531,50.88999938964844,50.0,50.380001068115234,420900,0.0,0.0
2022-08-15 00:00:00-04:00,49.79999923706055,53.119998931884766,49.79999923706055,52.72999954223633,676400,0.0,0.0
2022-08-16 00:00:00-04:00,52.529998779296875,53.060001373291016,51.08000183105469,52.7599983215332,530700,0.0,0.0
2022-08-17 00:00:00-04:00,52.349998474121094,52.42399978637695,50.619998931884766,51.09000015258789,615400,0.0,0.0
2022-08-18 00:00:00-04:00,50.54999923706055,51.25,49.900001525878906,51.119998931884766,398900,0.0,0.0
2022-08-19 00:00:00-04:00,50.72999954223633,50.72999954223633,49.25,50.08000183105469,392000,0.0,0.0
2022-08-22 00:00:00-04:00,49.290000915527344,50.11000061035156,48.810001373291016,49.04999923706055,243200,0.0,0.0
2022-08-23 00:00:00-04:00,49.5099983215332,49.7599983215332,48.439998626708984,49.40999984741211,260300,0.0,0.0
2022-08-24 00:00:00-04:00,50.290000915527344,52.68000030517578,49.26900100708008,52.0,628200,0.0,0.0
2022-08-25 00:00:00-04:00,52.81999969482422,52.84000015258789,52.040000915527344,52.59000015258789,349400,0.0,0.0
2022-08-26 00:00:00-04:00,52.310001373291016,52.58000183105469,49.47999954223633,49.88999938964844,550400,0.0,0.0
2022-08-29 00:00:00-04:00,49.13999938964844,49.310001373291016,47.81999969482422,48.0,276600,0.0,0.0
2022-08-30 00:00:00-04:00,48.25,48.54499816894531,47.7599983215332,48.029998779296875,381100,0.0,0.0
2022-08-31 00:00:00-04:00,48.68000030517578,49.165000915527344,48.02000045776367,48.54999923706055,260000,0.0,0.0
2022-09-01 00:00:00-04:00,48.209999084472656,48.91999816894531,46.900001525878906,48.84000015258789,372500,0.0,0.0
2022-09-02 00:00:00-04:00,49.59000015258789,50.900001525878906,48.41999816894531,48.83000183105469,650900,0.0,0.0
2022-09-06 00:00:00-04:00,49.20000076293945,49.20000076293945,47.630001068115234,48.099998474121094,334400,0.0,0.0
2022-09-07 00:00:00-04:00,52.7599983215332,60.91999816894531,51.4900016784668,57.0099983215332,4560500,0.0,0.0
2022-09-08 00:00:00-04:00,56.439998626708984,59.599998474121094,56.439998626708984,58.380001068115234,1106900,0.0,0.0
2022-09-09 00:00:00-04:00,58.369998931884766,58.529998779296875,55.86000061035156,56.29999923706055,1291100,0.0,0.0
2022-09-12 00:00:00-04:00,56.599998474121094,58.81999969482422,56.599998474121094,58.4900016784668,628600,0.0,0.0
2022-09-13 00:00:00-04:00,56.189998626708984,57.345001220703125,55.779998779296875,56.27000045776367,475000,0.0,0.0
2022-09-14 00:00:00-04:00,56.25,56.84000015258789,55.279998779296875,56.83000183105469,683600,0.0,0.0
2022-09-15 00:00:00-04:00,56.9900016784668,57.290000915527344,56.119998931884766,56.84000015258789,538100,0.0,0.0
2022-09-16 00:00:00-04:00,55.91999816894531,57.709999084472656,55.33000183105469,57.66999816894531,905700,0.0,0.0
2022-09-19 00:00:00-04:00,56.68000030517578,57.369998931884766,55.099998474121094,57.040000915527344,446100,0.0,0.0
2022-09-20 00:00:00-04:00,56.95000076293945,57.040000915527344,55.5,56.2400016784668,724900,0.0,0.0
2022-09-21 00:00:00-04:00,56.369998931884766,56.9900016784668,54.279998779296875,54.63999938964844,408200,0.0,0.0
2022-09-22 00:00:00-04:00,54.08000183105469,54.08000183105469,50.16999816894531,51.369998931884766,671400,0.0,0.0
2022-09-23 00:00:00-04:00,50.4900016784668,50.81999969482422,49.38999938964844,50.38999938964844,436100,0.0,0.0
2022-09-26 00:00:00-04:00,49.900001525878906,51.3849983215332,49.689998626708984,50.25,382200,0.0,0.0
2022-09-27 00:00:00-04:00,51.11000061035156,52.025001525878906,50.470001220703125,51.11000061035156,364000,0.0,0.0
2022-09-28 00:00:00-04:00,51.470001220703125,53.470001220703125,51.33000183105469,53.0099983215332,309900,0.0,0.0
2022-09-29 00:00:00-04:00,52.040000915527344,54.08000183105469,51.61000061035156,53.529998779296875,591700,0.0,0.0
2022-09-30 00:00:00-04:00,53.599998474121094,55.91999816894531,53.22999954223633,53.2400016784668,483800,0.0,0.0
2022-10-03 00:00:00-04:00,53.900001525878906,54.95000076293945,52.81999969482422,53.060001373291016,387400,0.0,0.0
2022-10-04 00:00:00-04:00,55.790000915527344,56.880001068115234,55.54999923706055,56.36000061035156,349800,0.0,0.0
2022-10-05 00:00:00-04:00,55.56999969482422,57.2400016784668,55.08000183105469,56.900001525878906,331300,0.0,0.0
2022-10-06 00:00:00-04:00,57.040000915527344,57.18000030517578,56.16999816894531,56.81999969482422,285900,0.0,0.0
2022-10-07 00:00:00-04:00,56.16999816894531,56.40999984741211,54.91999816894531,55.33000183105469,254000,0.0,0.0
2022-10-10 00:00:00-04:00,55.060001373291016,55.09000015258789,52.7599983215332,53.58000183105469,231000,0.0,0.0
2022-10-11 00:00:00-04:00,53.11000061035156,54.20000076293945,51.08000183105469,52.650001525878906,311400,0.0,0.0
2022-10-12 00:00:00-04:00,52.58000183105469,52.5989990234375,51.48500061035156,52.130001068115234,232700,0.0,0.0
2022-10-13 00:00:00-04:00,50.970001220703125,54.36000061035156,50.18000030517578,53.290000915527344,290100,0.0,0.0
2022-10-14 00:00:00-04:00,53.90999984741211,54.9900016784668,53.564998626708984,53.779998779296875,298200,0.0,0.0
2022-10-17 00:00:00-04:00,54.970001220703125,56.29999923706055,53.93000030517578,54.72999954223633,319800,0.0,0.0
2022-10-18 00:00:00-04:00,56.310001373291016,57.165000915527344,54.31999969482422,54.84000015258789,444700,0.0,0.0
2022-10-19 00:00:00-04:00,53.779998779296875,53.810001373291016,51.709999084472656,53.349998474121094,403400,0.0,0.0
2022-10-20 00:00:00-04:00,53.400001525878906,54.68000030517578,53.07500076293945,54.619998931884766,292100,0.0,0.0
2022-10-21 00:00:00-04:00,54.900001525878906,55.25,53.86000061035156,54.9900016784668,241700,0.0,0.0
2022-10-24 00:00:00-04:00,55.29999923706055,55.29999923706055,53.880001068115234,54.150001525878906,213300,0.0,0.0
2022-10-25 00:00:00-04:00,54.439998626708984,56.189998626708984,53.380001068115234,54.2599983215332,314900,0.0,0.0
2022-10-26 00:00:00-04:00,54.90999984741211,57.08000183105469,54.79999923706055,56.130001068115234,330900,0.0,0.0
2022-10-27 00:00:00-04:00,56.290000915527344,57.0099983215332,55.59000015258789,57.0,325200,0.0,0.0
2022-10-28 00:00:00-04:00,57.0,58.25,56.66999816894531,57.75,336900,0.0,0.0
2022-10-31 00:00:00-04:00,57.25,57.599998474121094,56.040000915527344,56.06999969482422,346200,0.0,0.0
2022-11-01 00:00:00-04:00,56.66999816894531,56.90999984741211,54.439998626708984,54.58000183105469,386300,0.0,0.0
2022-11-02 00:00:00-04:00,54.41999816894531,55.93000030517578,53.380001068115234,53.40999984741211,474400,0.0,0.0
2022-11-03 00:00:00-04:00,51.540000915527344,52.02000045776367,46.84000015258789,48.2599983215332,1392600,0.0,0.0
2022-11-04 00:00:00-04:00,48.84000015258789,48.84000015258789,46.22999954223633,48.66999816894531,690900,0.0,0.0
2022-11-07 00:00:00-05:00,48.54999923706055,49.08000183105469,47.04999923706055,47.04999923706055,407900,0.0,0.0
2022-11-08 00:00:00-05:00,47.0,48.869998931884766,46.02000045776367,48.81999969482422,438900,0.0,0.0
2022-11-09 00:00:00-05:00,48.459999084472656,49.970001220703125,47.65999984741211,49.29999923706055,504300,0.0,0.0
2022-11-10 00:00:00-05:00,51.61000061035156,53.06999969482422,51.29499816894531,51.91999816894531,554500,0.0,0.0
2022-11-11 00:00:00-05:00,52.790000915527344,52.790000915527344,51.5099983215332,51.97999954223633,372400,0.0,0.0
2022-11-14 00:00:00-05:00,51.63999938964844,52.099998474121094,50.290000915527344,50.40999984741211,366900,0.0,0.0
2022-11-15 00:00:00-05:00,51.290000915527344,52.20000076293945,50.54999923706055,50.70000076293945,290000,0.0,0.0
2022-11-16 00:00:00-05:00,50.599998474121094,50.849998474121094,49.470001220703125,50.130001068115234,298400,0.0,0.0
2022-11-17 00:00:00-05:00,49.20000076293945,49.540000915527344,47.86000061035156,48.15999984741211,402500,0.0,0.0
2022-11-18 00:00:00-05:00,49.11000061035156,49.39500045776367,47.93899917602539,48.880001068115234,362800,0.0,0.0
2022-11-21 00:00:00-05:00,48.45000076293945,49.220001220703125,47.20000076293945,47.27000045776367,203600,0.0,0.0
2022-11-22 00:00:00-05:00,47.27000045776367,47.529998779296875,46.529998779296875,47.220001220703125,241500,0.0,0.0
2022-11-23 00:00:00-05:00,47.189998626708984,48.209999084472656,46.709999084472656,47.439998626708984,241000,0.0,0.0
2022-11-25 00:00:00-05:00,47.290000915527344,47.65999984741211,47.08000183105469,47.130001068115234,164900,0.0,0.0
2022-11-28 00:00:00-05:00,46.86000061035156,47.279998779296875,46.310001373291016,46.459999084472656,258200,0.0,0.0
2022-11-29 00:00:00-05:00,46.25,46.68000030517578,45.41999816894531,45.619998931884766,216100,0.0,0.0
2022-11-30 00:00:00-05:00,45.689998626708984,46.93000030517578,44.71500015258789,46.56999969482422,642500,0.0,0.0
2022-12-01 00:00:00-05:00,46.9900016784668,49.220001220703125,46.724998474121094,48.65999984741211,669300,0.0,0.0
2022-12-02 00:00:00-05:00,47.380001068115234,48.07500076293945,46.540000915527344,47.81999969482422,558000,0.0,0.0
2022-12-05 00:00:00-05:00,47.09000015258789,47.369998931884766,45.279998779296875,45.880001068115234,291400,0.0,0.0
2022-12-06 00:00:00-05:00,45.68000030517578,45.68000030517578,43.380001068115234,44.04999923706055,406800,0.0,0.0
2022-12-07 00:00:00-05:00,44.04999923706055,45.31999969482422,43.54999923706055,45.27000045776367,404600,0.0,0.0
2022-12-08 00:00:00-05:00,45.689998626708984,46.029998779296875,44.86000061035156,45.41999816894531,324100,0.0,0.0
2022-12-09 00:00:00-05:00,45.0099983215332,45.4900016784668,44.775001525878906,45.459999084472656,596300,0.0,0.0
2022-12-12 00:00:00-05:00,45.68000030517578,46.540000915527344,44.689998626708984,45.060001373291016,314500,0.0,0.0
2022-12-13 00:00:00-05:00,46.75,48.040000915527344,45.459999084472656,45.5099983215332,444400,0.0,0.0
2022-12-14 00:00:00-05:00,45.189998626708984,46.02000045776367,43.95000076293945,44.220001220703125,251100,0.0,0.0
2022-12-15 00:00:00-05:00,43.54999923706055,43.790000915527344,42.88999938964844,43.31999969482422,303700,0.0,0.0
2022-12-16 00:00:00-05:00,42.599998474121094,42.95000076293945,41.79999923706055,42.47999954223633,825700,0.0,0.0
2022-12-19 00:00:00-05:00,42.290000915527344,42.65999984741211,41.33000183105469,42.290000915527344,417300,0.0,0.0
2022-12-20 00:00:00-05:00,42.150001525878906,44.040000915527344,42.150001525878906,42.599998474121094,450200,0.0,0.0
2022-12-21 00:00:00-05:00,42.7400016784668,44.08000183105469,42.6150016784668,43.58000183105469,218500,0.0,0.0
2022-12-22 00:00:00-05:00,43.0,43.27000045776367,41.40999984741211,43.08000183105469,261200,0.0,0.0
2022-12-23 00:00:00-05:00,42.720001220703125,43.16999816894531,42.09000015258789,42.630001068115234,174300,0.0,0.0
2022-12-27 00:00:00-05:00,42.59000015258789,42.59000015258789,40.689998626708984,40.81999969482422,251700,0.0,0.0
2022-12-28 00:00:00-05:00,40.7400016784668,41.369998931884766,40.45000076293945,41.279998779296875,198500,0.0,0.0
2022-12-29 00:00:00-05:00,41.709999084472656,42.959999084472656,41.52000045776367,42.529998779296875,214700,0.0,0.0
2022-12-30 00:00:00-05:00,41.86000061035156,43.97999954223633,41.86000061035156,43.68000030517578,380300,0.0,0.0
2023-01-03 00:00:00-05:00,44.310001373291016,44.5,42.47999954223633,43.880001068115234,846200,0.0,0.0
2023-01-04 00:00:00-05:00,44.599998474121094,45.43000030517578,44.0,44.349998474121094,376400,0.0,0.0
2023-01-05 00:00:00-05:00,44.400001525878906,45.040000915527344,43.44499969482422,44.63999938964844,398800,0.0,0.0
2023-01-06 00:00:00-05:00,45.11000061035156,45.959999084472656,44.279998779296875,45.16999816894531,241100,0.0,0.0
2023-01-09 00:00:00-05:00,45.5,45.5,44.125,44.68000030517578,337400,0.0,0.0
2023-01-10 00:00:00-05:00,44.7599983215332,45.79999923706055,44.029998779296875,45.34000015258789,814000,0.0,0.0
2023-01-11 00:00:00-05:00,45.65999984741211,46.63999938964844,45.040000915527344,46.150001525878906,409400,0.0,0.0
2023-01-12 00:00:00-05:00,46.349998474121094,48.5099983215332,45.45000076293945,48.45000076293945,341300,0.0,0.0
2023-01-13 00:00:00-05:00,48.279998779296875,50.22999954223633,48.279998779296875,49.209999084472656,255900,0.0,0.0
2023-01-17 00:00:00-05:00,48.9900016784668,49.58000183105469,48.5,49.11000061035156,225300,0.0,0.0
2023-01-18 00:00:00-05:00,49.36000061035156,49.7599983215332,48.20000076293945,48.68000030517578,401500,0.0,0.0
2023-01-19 00:00:00-05:00,48.43000030517578,48.959999084472656,47.79999923706055,48.33000183105469,280500,0.0,0.0
2023-01-20 00:00:00-05:00,48.68000030517578,48.68000030517578,47.310001373291016,48.529998779296875,292900,0.0,0.0
2023-01-23 00:00:00-05:00,48.63999938964844,49.5,48.290000915527344,49.13999938964844,262600,0.0,0.0
2023-01-24 00:00:00-05:00,48.599998474121094,49.47999954223633,48.16999816894531,48.16999816894531,178700,0.0,0.0
2023-01-25 00:00:00-05:00,47.540000915527344,48.189998626708984,47.040000915527344,47.95000076293945,261200,0.0,0.0
2023-01-26 00:00:00-05:00,48.380001068115234,48.38999938964844,47.060001373291016,48.18000030517578,210200,0.0,0.0
2023-01-27 00:00:00-05:00,48.060001373291016,48.279998779296875,47.150001525878906,48.040000915527344,332000,0.0,0.0
2023-01-30 00:00:00-05:00,47.63999938964844,48.768001556396484,47.369998931884766,48.279998779296875,400100,0.0,0.0
2023-01-31 00:00:00-05:00,48.36000061035156,49.5,48.15999984741211,49.04999923706055,478400,0.0,0.0
2023-02-01 00:00:00-05:00,49.09000015258789,49.9900016784668,48.349998474121094,49.7599983215332,330000,0.0,0.0
2023-02-02 00:00:00-05:00,50.0,52.790000915527344,49.5,52.47999954223633,855800,0.0,0.0
2023-02-03 00:00:00-05:00,51.709999084472656,53.32400131225586,51.52000045776367,51.52000045776367,419900,0.0,0.0
2023-02-06 00:00:00-05:00,50.869998931884766,51.22999954223633,48.88999938964844,49.90999984741211,410100,0.0,0.0
2023-02-07 00:00:00-05:00,49.54999923706055,49.79999923706055,48.349998474121094,49.52000045776367,384600,0.0,0.0
2023-02-08 00:00:00-05:00,49.209999084472656,49.72999954223633,48.54999923706055,48.91999816894531,177100,0.0,0.0
2023-02-09 00:00:00-05:00,49.40999984741211,51.16999816894531,49.16999816894531,49.290000915527344,404700,0.0,0.0
2023-02-10 00:00:00-05:00,49.02000045776367,50.59000015258789,48.7400016784668,50.45000076293945,211900,0.0,0.0
2023-02-13 00:00:00-05:00,50.810001373291016,50.85499954223633,49.82500076293945,50.2599983215332,183500,0.0,0.0
2023-02-14 00:00:00-05:00,49.900001525878906,51.9900016784668,49.80500030517578,50.47999954223633,524200,0.0,0.0
2023-02-15 00:00:00-05:00,50.290000915527344,52.709999084472656,50.290000915527344,52.2400016784668,487400,0.0,0.0
2023-02-16 00:00:00-05:00,51.33000183105469,53.0,51.040000915527344,51.63999938964844,437200,0.0,0.0
2023-02-17 00:00:00-05:00,51.7400016784668,52.29999923706055,51.040000915527344,51.599998474121094,366500,0.0,0.0
2023-02-21 00:00:00-05:00,50.880001068115234,50.95500183105469,49.801998138427734,50.220001220703125,273200,0.0,0.0
2023-02-22 00:00:00-05:00,50.08000183105469,50.68000030517578,49.13999938964844,50.43000030517578,543200,0.0,0.0
2023-02-23 00:00:00-05:00,47.58000183105469,49.720001220703125,46.029998779296875,48.849998474121094,1025200,0.0,0.0
2023-02-24 00:00:00-05:00,48.2599983215332,48.310001373291016,47.20000076293945,47.599998474121094,442100,0.0,0.0
2023-02-27 00:00:00-05:00,47.97999954223633,48.630001068115234,47.36000061035156,47.5099983215332,333500,0.0,0.0
2023-02-28 00:00:00-05:00,47.439998626708984,48.2400016784668,46.869998931884766,47.22999954223633,466900,0.0,0.0
2023-03-01 00:00:00-05:00,47.209999084472656,49.36000061035156,46.974998474121094,48.5099983215332,511600,0.0,0.0
2023-03-02 00:00:00-05:00,48.02000045776367,49.34000015258789,48.02000045776367,49.150001525878906,595300,0.0,0.0
2023-03-03 00:00:00-05:00,49.09000015258789,50.900001525878906,48.880001068115234,50.369998931884766,607500,0.0,0.0
2023-03-06 00:00:00-05:00,50.4900016784668,51.11000061035156,48.689998626708984,48.70000076293945,395600,0.0,0.0
2023-03-07 00:00:00-05:00,48.880001068115234,49.52000045776367,47.0099983215332,47.20000076293945,549300,0.0,0.0
2023-03-08 00:00:00-05:00,47.189998626708984,47.68000030517578,46.7599983215332,47.619998931884766,338200,0.0,0.0
2023-03-09 00:00:00-05:00,47.91999816894531,49.119998931884766,46.2400016784668,46.58000183105469,293100,0.0,0.0
2023-03-10 00:00:00-05:00,46.470001220703125,46.4900016784668,44.54499816894531,45.36000061035156,563800,0.0,0.0
2023-03-13 00:00:00-04:00,44.86000061035156,46.560001373291016,44.2599983215332,45.25,583900,0.0,0.0
2023-03-14 00:00:00-04:00,46.400001525878906,47.59000015258789,45.939998626708984,47.400001525878906,618700,0.0,0.0
2023-03-15 00:00:00-04:00,46.52000045776367,48.59000015258789,46.38199996948242,48.16999816894531,420600,0.0,0.0
2023-03-16 00:00:00-04:00,47.75,50.810001373291016,47.619998931884766,49.40999984741211,507800,0.0,0.0
2023-03-17 00:00:00-04:00,49.45000076293945,49.75,47.86000061035156,48.02000045776367,939700,0.0,0.0
2023-03-20 00:00:00-04:00,48.0099983215332,48.915000915527344,48.0099983215332,48.540000915527344,269700,0.0,0.0
2023-03-21 00:00:00-04:00,49.279998779296875,50.17499923706055,49.15999984741211,49.27000045776367,325900,0.0,0.0
2023-03-22 00:00:00-04:00,49.439998626708984,50.17499923706055,48.400001525878906,48.459999084472656,321000,0.0,0.0
2023-03-23 00:00:00-04:00,48.81999969482422,49.11000061035156,47.91999816894531,48.209999084472656,393200,0.0,0.0
2023-03-24 00:00:00-04:00,48.060001373291016,49.57500076293945,47.79999923706055,49.349998474121094,289100,0.0,0.0
2023-03-27 00:00:00-04:00,50.040000915527344,51.06999969482422,49.41999816894531,50.83000183105469,420400,0.0,0.0
2023-03-28 00:00:00-04:00,50.779998779296875,51.0,49.17499923706055,49.560001373291016,406600,0.0,0.0
2023-03-29 00:00:00-04:00,49.959999084472656,50.38999938964844,48.880001068115234,49.189998626708984,314200,0.0,0.0
2023-03-30 00:00:00-04:00,49.619998931884766,50.14500045776367,49.13100051879883,49.25,256200,0.0,0.0
2023-03-31 00:00:00-04:00,49.560001373291016,50.9900016784668,49.560001373291016,50.099998474121094,370800,0.0,0.0
2023-04-03 00:00:00-04:00,50.130001068115234,50.4900016784668,49.310001373291016,49.5099983215332,276300,0.0,0.0
2023-04-04 00:00:00-04:00,49.689998626708984,50.2599983215332,49.029998779296875,49.849998474121094,297800,0.0,0.0
2023-04-05 00:00:00-04:00,49.59000015258789,49.84000015258789,47.849998474121094,48.16999816894531,520100,0.0,0.0
2023-04-06 00:00:00-04:00,48.38999938964844,49.21900177001953,48.02000045776367,49.11000061035156,239200,0.0,0.0
2023-04-10 00:00:00-04:00,48.81999969482422,49.09000015258789,48.290000915527344,48.689998626708984,215800,0.0,0.0
2023-04-11 00:00:00-04:00,48.970001220703125,50.220001220703125,48.970001220703125,49.650001525878906,267000,0.0,0.0
2023-04-12 00:00:00-04:00,50.099998474121094,50.209999084472656,48.02000045776367,48.029998779296875,377500,0.0,0.0
2023-04-13 00:00:00-04:00,48.310001373291016,50.005001068115234,47.79999923706055,49.25,307200,0.0,0.0
2023-04-14 00:00:00-04:00,49.439998626708984,49.58000183105469,48.16999816894531,48.65999984741211,162600,0.0,0.0
2023-04-17 00:00:00-04:00,48.810001373291016,49.25,48.810001373291016,48.970001220703125,165100,0.0,0.0
2023-04-18 00:00:00-04:00,49.43000030517578,49.43000030517578,47.415000915527344,48.33000183105469,196200,0.0,0.0
2023-04-19 00:00:00-04:00,48.18000030517578,49.619998931884766,47.75,49.59000015258789,257700,0.0,0.0
2023-04-20 00:00:00-04:00,49.36000061035156,50.0,48.810001373291016,49.310001373291016,196300,0.0,0.0
2023-04-21 00:00:00-04:00,49.59000015258789,50.16999816894531,49.130001068115234,49.56999969482422,287600,0.0,0.0
2023-04-24 00:00:00-04:00,49.68000030517578,49.709999084472656,47.61000061035156,48.13999938964844,220000,0.0,0.0
2023-04-25 00:00:00-04:00,47.630001068115234,48.04999923706055,46.61000061035156,47.43000030517578,285600,0.0,0.0
2023-04-26 00:00:00-04:00,47.25,47.529998779296875,46.68000030517578,46.88999938964844,188000,0.0,0.0
2023-04-27 00:00:00-04:00,46.86000061035156,47.439998626708984,46.16999816894531,47.40999984741211,202500,0.0,0.0
2023-04-28 00:00:00-04:00,47.130001068115234,48.0,47.06999969482422,47.5099983215332,212300,0.0,0.0
2023-05-01 00:00:00-04:00,47.459999084472656,47.952999114990234,47.15999984741211,47.400001525878906,277800,0.0,0.0
2023-05-02 00:00:00-04:00,47.060001373291016,47.189998626708984,45.380001068115234,45.439998626708984,322900,0.0,0.0
2023-05-03 00:00:00-04:00,45.689998626708984,47.279998779296875,45.470001220703125,46.459999084472656,315400,0.0,0.0
2023-05-04 00:00:00-04:00,50.599998474121094,51.849998474121094,49.189998626708984,50.56999969482422,734800,0.0,0.0
2023-05-05 00:00:00-04:00,50.75,54.4900016784668,50.650001525878906,54.4900016784668,967300,0.0,0.0
2023-05-08 00:00:00-04:00,54.630001068115234,58.88999938964844,54.584999084472656,58.65999984741211,1177500,0.0,0.0
2023-05-09 00:00:00-04:00,58.279998779296875,58.599998474121094,57.08000183105469,57.59000015258789,595900,0.0,0.0
2023-05-10 00:00:00-04:00,58.349998474121094,59.63999938964844,58.279998779296875,59.16999816894531,458300,0.0,0.0
2023-05-11 00:00:00-04:00,58.470001220703125,59.2400016784668,58.099998474121094,58.900001525878906,266100,0.0,0.0
2023-05-12 00:00:00-04:00,59.20000076293945,59.439998626708984,58.369998931884766,58.810001373291016,315100,0.0,0.0
2023-05-15 00:00:00-04:00,58.79999923706055,60.268001556396484,58.400001525878906,59.90999984741211,467800,0.0,0.0
2023-05-16 00:00:00-04:00,59.63999938964844,60.04999923706055,58.900001525878906,59.900001525878906,251700,0.0,0.0
2023-05-17 00:00:00-04:00,60.349998474121094,60.540000915527344,59.04999923706055,59.66999816894531,268300,0.0,0.0
2023-05-18 00:00:00-04:00,59.150001525878906,61.0,58.111000061035156,59.970001220703125,576300,0.0,0.0
2023-05-19 00:00:00-04:00,60.459999084472656,61.005001068115234,58.56999969482422,58.689998626708984,443700,0.0,0.0
2023-05-22 00:00:00-04:00,58.65999984741211,59.7599983215332,58.65999984741211,59.29999923706055,384100,0.0,0.0
2023-05-23 00:00:00-04:00,58.880001068115234,60.09000015258789,57.63999938964844,58.2599983215332,467800,0.0,0.0
2023-05-24 00:00:00-04:00,57.88999938964844,57.97999954223633,56.61000061035156,56.65999984741211,309900,0.0,0.0
2023-05-25 00:00:00-04:00,56.43000030517578,56.43000030517578,54.84000015258789,55.22999954223633,414700,0.0,0.0
2023-05-26 00:00:00-04:00,55.310001373291016,55.84000015258789,54.7599983215332,54.849998474121094,248700,0.0,0.0
2023-05-30 00:00:00-04:00,54.900001525878906,55.98500061035156,54.380001068115234,55.630001068115234,298900,0.0,0.0
2023-05-31 00:00:00-04:00,55.95000076293945,57.27000045776367,55.349998474121094,57.02000045776367,629600,0.0,0.0
2023-06-01 00:00:00-04:00,56.959999084472656,58.83000183105469,56.529998779296875,58.83000183105469,291400,0.0,0.0
2023-06-02 00:00:00-04:00,59.63999938964844,63.61000061035156,58.880001068115234,62.119998931884766,1627700,0.0,0.0
2023-06-05 00:00:00-04:00,62.16999816894531,63.16999816894531,61.694000244140625,62.61000061035156,572800,0.0,0.0
2023-06-06 00:00:00-04:00,62.349998474121094,65.20999908447266,61.80500030517578,64.81999969482422,759400,0.0,0.0
2023-06-07 00:00:00-04:00,67.05000305175781,68.66999816894531,65.5719985961914,66.55000305175781,911000,0.0,0.0
2023-06-08 00:00:00-04:00,66.12000274658203,70.05000305175781,65.52200317382812,68.26000213623047,809600,0.0,0.0
2023-06-09 00:00:00-04:00,68.06999969482422,68.9000015258789,66.25,67.3499984741211,740700,0.0,0.0
2023-06-12 00:00:00-04:00,67.5,68.33000183105469,66.69999694824219,66.93000030517578,323100,0.0,0.0
2023-06-13 00:00:00-04:00,66.75,67.18499755859375,65.93000030517578,66.55999755859375,417600,0.0,0.0
2023-06-14 00:00:00-04:00,67.95999908447266,68.29000091552734,65.69000244140625,66.86000061035156,654400,0.0,0.0
2023-06-15 00:00:00-04:00,66.94000244140625,68.43499755859375,66.44000244140625,67.48999786376953,608500,0.0,0.0
2023-06-16 00:00:00-04:00,69.30999755859375,69.30999755859375,66.80999755859375,67.72000122070312,1113600,0.0,0.0
2023-06-20 00:00:00-04:00,67.33000183105469,67.76000213623047,66.55000305175781,66.58999633789062,449800,0.0,0.0
2023-06-21 00:00:00-04:00,66.37000274658203,66.5199966430664,64.77999877929688,64.91000366210938,409500,0.0,0.0
2023-06-22 00:00:00-04:00,64.83999633789062,67.93000030517578,64.41000366210938,67.12999725341797,341100,0.0,0.0
2023-06-23 00:00:00-04:00,66.33999633789062,68.33999633789062,66.05999755859375,67.47000122070312,717400,0.0,0.0
2023-06-26 00:00:00-04:00,68.25,68.9000015258789,67.44000244140625,68.79000091552734,440900,0.0,0.0
2023-06-27 00:00:00-04:00,68.86000061035156,69.81999969482422,68.63200378417969,69.5199966430664,393500,0.0,0.0
2023-06-28 00:00:00-04:00,69.48999786376953,70.58000183105469,69.06999969482422,70.33999633789062,541100,0.0,0.0
2023-06-29 00:00:00-04:00,69.80999755859375,71.86000061035156,69.30000305175781,70.80999755859375,536800,0.0,0.0
2023-06-30 00:00:00-04:00,71.36000061035156,71.75,70.48999786376953,71.20999908447266,306500,0.0,0.0
2023-07-03 00:00:00-04:00,70.69999694824219,70.98999786376953,68.8499984741211,69.69000244140625,230000,0.0,0.0
2023-07-05 00:00:00-04:00,69.63999938964844,70.16000366210938,68.77999877929688,69.66999816894531,293000,0.0,0.0
2023-07-06 00:00:00-04:00,69.0999984741211,69.45999908447266,68.3550033569336,69.25,233600,0.0,0.0
2023-07-07 00:00:00-04:00,69.58000183105469,70.33300018310547,68.25,69.2300033569336,320500,0.0,0.0
2023-07-10 00:00:00-04:00,70.4800033569336,71.45500183105469,70.06999969482422,70.75,375100,0.0,0.0
2023-07-11 00:00:00-04:00,70.93000030517578,71.61000061035156,70.58000183105469,71.2300033569336,392300,0.0,0.0
2023-07-12 00:00:00-04:00,71.83999633789062,73.375,71.1500015258789,71.97000122070312,451600,0.0,0.0
2023-07-13 00:00:00-04:00,71.72000122070312,72.11499786376953,70.94000244140625,71.63999938964844,339600,0.0,0.0
2023-07-14 00:00:00-04:00,75.0,79.88999938964844,75.0,79.08999633789062,1677500,0.0,0.0
2023-07-17 00:00:00-04:00,78.41999816894531,78.72799682617188,76.79000091552734,78.23999786376953,605700,0.0,0.0
2023-07-18 00:00:00-04:00,78.69999694824219,79.30699920654297,77.44000244140625,78.76000213623047,376100,0.0,0.0
2023-07-19 00:00:00-04:00,79.63999938964844,80.27999877929688,76.66999816894531,77.38999938964844,326300,0.0,0.0
2023-07-20 00:00:00-04:00,77.13999938964844,77.67500305175781,75.87999725341797,76.11000061035156,551000,0.0,0.0
2023-07-21 00:00:00-04:00,76.70999908447266,76.94999694824219,74.75,74.86000061035156,866000,0.0,0.0
2023-07-24 00:00:00-04:00,74.29000091552734,75.26000213623047,72.98999786376953,73.02999877929688,656600,0.0,0.0
2023-07-25 00:00:00-04:00,73.04000091552734,75.0,73.04000091552734,74.2699966430664,1101700,0.0,0.0
2023-07-26 00:00:00-04:00,74.62999725341797,76.5199966430664,74.1500015258789,75.95999908447266,321300,0.0,0.0
2023-07-27 00:00:00-04:00,76.69999694824219,78.0,76.22000122070312,77.80000305175781,427500,0.0,0.0
2023-07-28 00:00:00-04:00,78.33999633789062,78.9000015258789,76.1500015258789,76.3499984741211,465100,0.0,0.0
2023-07-31 00:00:00-04:00,76.73999786376953,77.94000244140625,75.73999786376953,77.13999938964844,437500,0.0,0.0
2023-08-01 00:00:00-04:00,76.4000015258789,77.2699966430664,76.08000183105469,76.69999694824219,321000,0.0,0.0
2023-08-02 00:00:00-04:00,75.76000213623047,76.37000274658203,74.37000274658203,74.72000122070312,668800,0.0,0.0
2023-08-03 00:00:00-04:00,73.16000366210938,76.95500183105469,73.1449966430664,74.43000030517578,749900,0.0,0.0
2023-08-04 00:00:00-04:00,74.18000030517578,75.5999984741211,72.58999633789062,74.41999816894531,521900,0.0,0.0
2023-08-07 00:00:00-04:00,74.55000305175781,75.80999755859375,74.05000305175781,75.18000030517578,436200,0.0,0.0
2023-08-08 00:00:00-04:00,74.79000091552734,75.16000366210938,73.70999908447266,74.77999877929688,331500,0.0,0.0
2023-08-09 00:00:00-04:00,74.58999633789062,75.22000122070312,71.5999984741211,72.4800033569336,399500,0.0,0.0
2023-08-10 00:00:00-04:00,72.72000122070312,74.26000213623047,72.4800033569336,73.83999633789062,268100,0.0,0.0
2023-08-11 00:00:00-04:00,73.1500015258789,74.5199966430664,72.9800033569336,74.38999938964844,193000,0.0,0.0
2023-08-14 00:00:00-04:00,74.0,74.5199966430664,73.37999725341797,73.80999755859375,417900,0.0,0.0
2023-08-15 00:00:00-04:00,73.68000030517578,75.31999969482422,72.55000305175781,75.02999877929688,584000,0.0,0.0
2023-08-16 00:00:00-04:00,74.94999694824219,76.16000366210938,73.77999877929688,74.18000030517578,261100,0.0,0.0
2023-08-17 00:00:00-04:00,73.87999725341797,74.06999969482422,72.05999755859375,72.11000061035156,450900,0.0,0.0
2023-08-18 00:00:00-04:00,71.5199966430664,72.86000061035156,71.43000030517578,71.80000305175781,532100,0.0,0.0
2023-08-21 00:00:00-04:00,72.05999755859375,73.3499984741211,71.83000183105469,72.93000030517578,412000,0.0,0.0
2023-08-22 00:00:00-04:00,73.20999908447266,74.62999725341797,72.83000183105469,74.44999694824219,273800,0.0,0.0
2023-08-23 00:00:00-04:00,75.0,75.2300033569336,74.01499938964844,74.98999786376953,223300,0.0,0.0
2023-08-24 00:00:00-04:00,74.97000122070312,74.97000122070312,72.9000015258789,73.4000015258789,330400,0.0,0.0
2023-08-25 00:00:00-04:00,74.0,74.37999725341797,72.67500305175781,73.87999725341797,180000,0.0,0.0
2023-08-28 00:00:00-04:00,74.44000244140625,74.81999969482422,73.52999877929688,74.0199966430664,271300,0.0,0.0
2023-08-29 00:00:00-04:00,73.81999969482422,76.23999786376953,73.81999969482422,75.61000061035156,353100,0.0,0.0
2023-08-30 00:00:00-04:00,75.5999984741211,76.91999816894531,75.44999694824219,75.70999908447266,252800,0.0,0.0
2023-08-31 00:00:00-04:00,75.81999969482422,75.9000015258789,74.55000305175781,75.13999938964844,203900,0.0,0.0
2023-09-01 00:00:00-04:00,75.36000061035156,76.11000061035156,74.87999725341797,74.88999938964844,206700,0.0,0.0
2023-09-05 00:00:00-04:00,74.05999755859375,74.31500244140625,71.61000061035156,73.58000183105469,464900,0.0,0.0
2023-09-06 00:00:00-04:00,74.11000061035156,77.23999786376953,73.80000305175781,76.75,492000,0.0,0.0
2023-09-07 00:00:00-04:00,76.75,77.81500244140625,74.80000305175781,75.4000015258789,409200,0.0,0.0
2023-09-08 00:00:00-04:00,75.55000305175781,76.0199966430664,73.77999877929688,74.37999725341797,266300,0.0,0.0
2023-09-11 00:00:00-04:00,75.16000366210938,76.11000061035156,74.41999816894531,75.97000122070312,279200,0.0,0.0
2023-09-12 00:00:00-04:00,76.22000122070312,78.94999694824219,76.22000122070312,76.80999755859375,503400,0.0,0.0
2023-09-13 00:00:00-04:00,76.44999694824219,76.6500015258789,75.27999877929688,76.12000274658203,227400,0.0,0.0
2023-09-14 00:00:00-04:00,76.37999725341797,76.86000061035156,74.44999694824219,75.44000244140625,235700,0.0,0.0
2023-09-15 00:00:00-04:00,75.2699966430664,75.2699966430664,73.95999908447266,75.12000274658203,793000,0.0,0.0
2023-09-18 00:00:00-04:00,74.94999694824219,76.34500122070312,74.77999877929688,75.52999877929688,198900,0.0,0.0
2023-09-19 00:00:00-04:00,75.79000091552734,77.2300033569336,75.41999816894531,76.56999969482422,615000,0.0,0.0
2023-09-20 00:00:00-04:00,77.08999633789062,78.06999969482422,75.70999908447266,75.7699966430664,645100,0.0,0.0
2023-09-21 00:00:00-04:00,75.25,75.74500274658203,74.86000061035156,75.25,581000,0.0,0.0
2023-09-22 00:00:00-04:00,75.56999969482422,76.44999694824219,75.05999755859375,75.27999877929688,486200,0.0,0.0
2023-09-25 00:00:00-04:00,75.05000305175781,76.63999938964844,74.6449966430664,76.37000274658203,303000,0.0,0.0
2023-09-26 00:00:00-04:00,75.9800033569336,77.44999694824219,75.4000015258789,75.45999908447266,480200,0.0,0.0
2023-09-27 00:00:00-04:00,75.8499984741211,78.83999633789062,75.8499984741211,78.37999725341797,644100,0.0,0.0
2023-09-28 00:00:00-04:00,78.98999786376953,79.69000244140625,76.11000061035156,76.19999694824219,514300,0.0,0.0
2023-09-29 00:00:00-04:00,76.26000213623047,76.26000213623047,74.19999694824219,75.25,783200,0.0,0.0
2023-10-02 00:00:00-04:00,74.80000305175781,74.80000305175781,70.08999633789062,71.0999984741211,778100,0.0,0.0
2023-10-03 00:00:00-04:00,70.80999755859375,71.78500366210938,69.98999786376953,71.3499984741211,730500,0.0,0.0
2023-10-04 00:00:00-04:00,71.37999725341797,71.41000366210938,68.69999694824219,69.25,443500,0.0,0.0
2023-10-05 00:00:00-04:00,69.23999786376953,70.94999694824219,68.11000061035156,70.0,422700,0.0,0.0
2023-10-06 00:00:00-04:00,69.61000061035156,72.81999969482422,69.55999755859375,71.98999786376953,451000,0.0,0.0
2023-10-09 00:00:00-04:00,71.38999938964844,72.71499633789062,70.875,71.70999908447266,225600,0.0,0.0
2023-10-10 00:00:00-04:00,71.66000366210938,72.8010025024414,71.55000305175781,72.47000122070312,313800,0.0,0.0
2023-10-11 00:00:00-04:00,72.41999816894531,72.75,70.0,71.02999877929688,400300,0.0,0.0
2023-10-12 00:00:00-04:00,70.87999725341797,70.88999938964844,65.80999755859375,66.0,642500,0.0,0.0
2023-10-13 00:00:00-04:00,65.7300033569336,66.06500244140625,64.66999816894531,65.58999633789062,388200,0.0,0.0
2023-10-16 00:00:00-04:00,66.33000183105469,67.56999969482422,65.51000213623047,67.0199966430664,752000,0.0,0.0
2023-10-17 00:00:00-04:00,66.16000366210938,70.70999908447266,66.05999755859375,68.83000183105469,400600,0.0,0.0
2023-10-18 00:00:00-04:00,68.66000366210938,69.1500015258789,67.04499816894531,67.62000274658203,214800,0.0,0.0
2023-10-19 00:00:00-04:00,67.48999786376953,68.125,66.26000213623047,66.61000061035156,260400,0.0,0.0
2023-10-20 00:00:00-04:00,66.73999786376953,68.66999816894531,66.6500015258789,67.79000091552734,496200,0.0,0.0
2023-10-23 00:00:00-04:00,67.69999694824219,69.38999938964844,67.55000305175781,68.55999755859375,555500,0.0,0.0
2023-10-24 00:00:00-04:00,68.95999908447266,69.79000091552734,64.41999816894531,66.80999755859375,644500,0.0,0.0
2023-10-25 00:00:00-04:00,65.81999969482422,67.05999755859375,64.75,65.29000091552734,375900,0.0,0.0
2023-10-26 00:00:00-04:00,65.9800033569336,69.48500061035156,65.9800033569336,67.83000183105469,905000,0.0,0.0
2023-10-27 00:00:00-04:00,68.41000366210938,68.41000366210938,66.61000061035156,67.44999694824219,411600,0.0,0.0
2023-10-30 00:00:00-04:00,68.61000061035156,69.25,66.80999755859375,66.81999969482422,433300,0.0,0.0
2023-10-31 00:00:00-04:00,67.27999877929688,69.26000213623047,67.27999877929688,68.19999694824219,511100,0.0,0.0
2023-11-01 00:00:00-04:00,68.19999694824219,69.5,67.9000015258789,69.43000030517578,637100,0.0,0.0
2023-11-02 00:00:00-04:00,66.06999969482422,68.125,60.7599983215332,64.16999816894531,1965700,0.0,0.0
2023-11-03 00:00:00-04:00,65.44999694824219,67.3499984741211,63.7599983215332,64.20999908447266,657400,0.0,0.0
2023-11-06 00:00:00-05:00,63.900001525878906,66.29000091552734,63.779998779296875,64.01000213623047,843000,0.0,0.0
2023-11-07 00:00:00-05:00,63.790000915527344,64.33999633789062,62.09000015258789,62.29999923706055,700300,0.0,0.0
2023-11-08 00:00:00-05:00,65.05000305175781,65.68599700927734,63.70000076293945,64.18000030517578,904000,0.0,0.0
2023-11-09 00:00:00-05:00,64.1500015258789,64.43000030517578,61.70500183105469,62.40999984741211,402400,0.0,0.0
2023-11-10 00:00:00-05:00,62.439998626708984,62.93000030517578,60.11000061035156,60.540000915527344,570400,0.0,0.0
2023-11-13 00:00:00-05:00,61.08000183105469,64.06999969482422,59.880001068115234,63.4900016784668,507600,0.0,0.0
2023-11-14 00:00:00-05:00,65.2300033569336,66.94000244140625,64.75,66.01000213623047,472900,0.0,0.0
2023-11-15 00:00:00-05:00,65.3499984741211,67.94000244140625,65.3499984741211,65.66999816894531,393200,0.0,0.0
2023-11-16 00:00:00-05:00,65.72000122070312,66.3499984741211,64.19000244140625,64.73999786376953,446200,0.0,0.0
2023-11-17 00:00:00-05:00,65.1500015258789,65.91000366210938,63.529998779296875,64.05999755859375,512300,0.0,0.0
2023-11-20 00:00:00-05:00,64.45999908447266,64.87899780273438,63.709999084472656,63.91999816894531,316800,0.0,0.0
2023-11-21 00:00:00-05:00,63.7400016784668,63.7400016784668,61.7400016784668,62.849998474121094,455100,0.0,0.0
2023-11-22 00:00:00-05:00,63.63999938964844,64.06999969482422,62.34000015258789,63.04999923706055,499500,0.0,0.0
2023-11-24 00:00:00-05:00,63.09000015258789,64.02999877929688,63.09000015258789,63.119998931884766,134600,0.0,0.0
2023-11-27 00:00:00-05:00,62.59000015258789,62.810001373291016,59.220001220703125,59.529998779296875,1057900,0.0,0.0
2023-11-28 00:00:00-05:00,60.529998779296875,61.209999084472656,59.599998474121094,59.75,898200,0.0,0.0
2023-11-29 00:00:00-05:00,59.720001220703125,62.59000015258789,59.720001220703125,62.0,645400,0.0,0.0
2023-11-30 00:00:00-05:00,61.9900016784668,63.939998626708984,61.685001373291016,63.88999938964844,695900,0.0,0.0
2023-12-01 00:00:00-05:00,63.86000061035156,65.25,63.540000915527344,65.12999725341797,449400,0.0,0.0
2023-12-04 00:00:00-05:00,64.56999969482422,65.47000122070312,63.06999969482422,64.01000213623047,511600,0.0,0.0
2023-12-05 00:00:00-05:00,63.77000045776367,65.23999786376953,62.290000915527344,65.0199966430664,401200,0.0,0.0
2023-12-06 00:00:00-05:00,65.33999633789062,65.41999816894531,62.10499954223633,62.279998779296875,467200,0.0,0.0
2023-12-07 00:00:00-05:00,62.06999969482422,63.459999084472656,61.61000061035156,62.86000061035156,300000,0.0,0.0
2023-12-08 00:00:00-05:00,62.290000915527344,63.97999954223633,62.150001525878906,63.630001068115234,421700,0.0,0.0
2023-12-11 00:00:00-05:00,63.369998931884766,63.58000183105469,62.189998626708984,62.630001068115234,498700,0.0,0.0
2023-12-12 00:00:00-05:00,62.45000076293945,62.64500045776367,61.56999969482422,62.41999816894531,574500,0.0,0.0
2023-12-13 00:00:00-05:00,62.63999938964844,64.38999938964844,59.57500076293945,60.41999816894531,965000,0.0,0.0
2023-12-14 00:00:00-05:00,65.0,77.44000244140625,65.0,75.73999786376953,3434200,0.0,0.0
2023-12-15 00:00:00-05:00,75.22000122070312,81.83999633789062,74.55000305175781,81.4800033569336,3191600,0.0,0.0
2023-12-18 00:00:00-05:00,80.77999877929688,81.28500366210938,77.79000091552734,79.05000305175781,681900,0.0,0.0
2023-12-19 00:00:00-05:00,79.77999877929688,81.66000366210938,78.44000244140625,81.23999786376953,792600,0.0,0.0
2023-12-20 00:00:00-05:00,81.22000122070312,81.8499984741211,79.30999755859375,79.5999984741211,804400,0.0,0.0
2023-12-21 00:00:00-05:00,81.87000274658203,85.75,80.58999633789062,85.11000061035156,1330800,0.0,0.0
2023-12-22 00:00:00-05:00,85.70999908447266,86.52999877929688,79.5,82.33999633789062,1096500,0.0,0.0
2023-12-26 00:00:00-05:00,80.0,82.08000183105469,79.12999725341797,79.79000091552734,643400,0.0,0.0
2023-12-27 00:00:00-05:00,79.8499984741211,80.51000213623047,79.13999938964844,80.47000122070312,487100,0.0,0.0
2023-12-28 00:00:00-05:00,80.80000305175781,82.25499725341797,79.54499816894531,80.41999816894531,297100,0.0,0.0
2023-12-29 00:00:00-05:00,80.41999816894531,80.41999816894531,77.83999633789062,79.48999786376953,459900,0.0,0.0
2024-01-02 00:00:00-05:00,79.02999877929688,79.30999755859375,76.1500015258789,77.08000183105469,611000,0.0,0.0
2024-01-03 00:00:00-05:00,76.5999984741211,77.52999877929688,74.74500274658203,76.4000015258789,568000,0.0,0.0
2024-01-04 00:00:00-05:00,76.30000305175781,77.70999908447266,75.9000015258789,77.16000366210938,539900,0.0,0.0
2024-01-05 00:00:00-05:00,76.48999786376953,79.26000213623047,76.24500274658203,79.11000061035156,801300,0.0,0.0
2024-01-08 00:00:00-05:00,79.98999786376953,84.53500366210938,79.98999786376953,82.0,985200,0.0,0.0
2024-01-09 00:00:00-05:00,81.47000122070312,88.26100158691406,81.37000274658203,86.55000305175781,956900,0.0,0.0
2024-01-10 00:00:00-05:00,86.73999786376953,88.25,85.66999816894531,87.16000366210938,594300,0.0,0.0
2024-01-11 00:00:00-05:00,87.0,88.01000213623047,85.87899780273438,87.8499984741211,482900,0.0,0.0
2024-01-12 00:00:00-05:00,88.66999816894531,89.25,88.05999755859375,88.48999786376953,637000,0.0,0.0
2024-01-16 00:00:00-05:00,87.6500015258789,89.94999694824219,87.18000030517578,89.25,828000,0.0,0.0
2024-01-17 00:00:00-05:00,88.25,89.37999725341797,87.58999633789062,89.37000274658203,395000,0.0,0.0
2024-01-18 00:00:00-05:00,90.0,91.55999755859375,89.45999908447266,90.80999755859375,511200,0.0,0.0
2024-01-19 00:00:00-05:00,90.54000091552734,91.44000244140625,88.87000274658203,91.29000091552734,389000,0.0,0.0
2024-01-22 00:00:00-05:00,92.4000015258789,94.12300109863281,91.75,93.2300033569336,701100,0.0,0.0
2024-01-23 00:00:00-05:00,93.48999786376953,93.55000305175781,89.12999725341797,92.55999755859375,8922200,0.0,0.0
2024-01-24 00:00:00-05:00,93.5,93.73999786376953,91.11000061035156,92.02999877929688,2187300,0.0,0.0
2024-01-25 00:00:00-05:00,93.48999786376953,93.55000305175781,90.66999816894531,90.69999694824219,885100,0.0,0.0
2024-01-26 00:00:00-05:00,91.9000015258789,92.72000122070312,90.8499984741211,92.5199966430664,546800,0.0,0.0
2024-01-29 00:00:00-05:00,92.3499984741211,94.23999786376953,92.2699966430664,94.16999816894531,462100,0.0,0.0
2024-01-30 00:00:00-05:00,93.7699966430664,93.88999938964844,90.08999633789062,91.05000305175781,433500,0.0,0.0
2024-01-31 00:00:00-05:00,91.45999908447266,92.58999633789062,88.23999786376953,89.02999877929688,671500,0.0,0.0
2024-02-01 00:00:00-05:00,89.36000061035156,92.4000015258789,88.84500122070312,91.87000274658203,416800,0.0,0.0
2024-02-02 00:00:00-05:00,90.51000213623047,92.48999786376953,90.1050033569336,91.94000244140625,262300,0.0,0.0
2024-02-05 00:00:00-05:00,91.29000091552734,91.76000213623047,90.72000122070312,91.08000183105469,300700,0.0,0.0
2024-02-06 00:00:00-05:00,91.62999725341797,94.7699966430664,91.01000213623047,93.30999755859375,369700,0.0,0.0
2024-02-07 00:00:00-05:00,93.41999816894531,95.41999816894531,92.79000091552734,94.30000305175781,529000,0.0,0.0
2024-02-08 00:00:00-05:00,93.9000015258789,96.41999816894531,93.9000015258789,95.98999786376953,552500,0.0,0.0
2024-02-09 00:00:00-05:00,96.31999969482422,97.0199966430664,95.33000183105469,96.25,308700,0.0,0.0
2024-02-12 00:00:00-05:00,96.1500015258789,97.23999786376953,95.08999633789062,96.33000183105469,474100,0.0,0.0
2024-02-13 00:00:00-05:00,93.55000305175781,95.80999755859375,92.5,93.56999969482422,367000,0.0,0.0
2024-02-14 00:00:00-05:00,94.80999755859375,96.2699966430664,94.26000213623047,94.7300033569336,398300,0.0,0.0
2024-02-15 00:00:00-05:00,95.38999938964844,96.16999816894531,93.43000030517578,96.11000061035156,351300,0.0,0.0
2024-02-16 00:00:00-05:00,94.79000091552734,96.0,91.95999908447266,92.62999725341797,644600,0.0,0.0
2024-02-20 00:00:00-05:00,92.5999984741211,93.13500213623047,91.37999725341797,92.12999725341797,467900,0.0,0.0
2024-02-21 00:00:00-05:00,91.13999938964844,92.83000183105469,90.20999908447266,92.79000091552734,528600,0.0,0.0
2024-02-22 00:00:00-05:00,95.58000183105469,95.98999786376953,90.61000061035156,91.45999908447266,984000,0.0,0.0
2024-02-23 00:00:00-05:00,90.37000274658203,95.16500091552734,88.48999786376953,89.56999969482422,1195900,0.0,0.0
2024-02-26 00:00:00-05:00,90.11000061035156,91.66000366210938,89.61000061035156,91.62999725341797,611800,0.0,0.0
2024-02-27 00:00:00-05:00,91.58999633789062,92.83000183105469,90.08999633789062,90.47000122070312,332600,0.0,0.0
2024-02-28 00:00:00-05:00,89.87999725341797,91.13999938964844,88.87000274658203,90.04000091552734,453000,0.0,0.0
2024-02-29 00:00:00-05:00,91.44000244140625,91.69000244140625,88.30000305175781,88.58999633789062,568900,0.0,0.0
2024-03-01 00:00:00-05:00,88.58999633789062,88.88999938964844,86.63500213623047,88.81999969482422,853300,0.0,0.0
2024-03-04 00:00:00-05:00,88.97000122070312,90.04000091552734,87.91999816894531,88.55999755859375,588200,0.0,0.0
2024-03-05 00:00:00-05:00,88.12000274658203,88.12000274658203,83.9000015258789,84.30999755859375,774500,0.0,0.0
2024-03-06 00:00:00-05:00,84.87000274658203,86.2249984741211,83.99500274658203,85.5,373300,0.0,0.0
2024-03-07 00:00:00-05:00,86.22000122070312,89.13999938964844,85.9800033569336,88.91000366210938,687300,0.0,0.0
2024-03-08 00:00:00-05:00,89.31999969482422,90.31999969482422,87.44999694824219,87.45999908447266,356600,0.0,0.0
2024-03-11 00:00:00-04:00,87.23999786376953,87.73999786376953,86.20999908447266,86.86000061035156,288700,0.0,0.0
2024-03-12 00:00:00-04:00,86.37999725341797,88.41000366210938,85.4229965209961,87.0,416700,0.0,0.0
2024-03-13 00:00:00-04:00,86.91000366210938,89.38500213623047,86.80000305175781,87.61000061035156,294700,0.0,0.0
2024-03-14 00:00:00-04:00,87.01000213623047,87.5199966430664,84.5199966430664,85.77999877929688,369800,0.0,0.0
2024-03-15 00:00:00-04:00,84.79000091552734,86.29000091552734,84.08000183105469,85.48999786376953,645500,0.0,0.0
2024-03-18 00:00:00-04:00,86.05000305175781,87.07499694824219,85.04000091552734,85.44999694824219,343300,0.0,0.0
2024-03-19 00:00:00-04:00,85.52999877929688,88.52300262451172,85.2300033569336,87.62000274658203,288800,0.0,0.0
2024-03-20 00:00:00-04:00,87.08000183105469,88.2699966430664,85.30999755859375,87.29000091552734,406400,0.0,0.0
2024-03-21 00:00:00-04:00,88.18000030517578,88.88999938964844,86.73999786376953,87.5199966430664,360100,0.0,0.0
2024-03-22 00:00:00-04:00,87.30999755859375,91.13999938964844,87.30999755859375,88.08000183105469,790500,0.0,0.0
2024-03-25 00:00:00-04:00,88.72000122070312,90.83000183105469,87.83000183105469,88.72000122070312,764100,0.0,0.0
2024-03-26 00:00:00-04:00,90.08999633789062,90.41000366210938,87.58999633789062,89.69999694824219,459900,0.0,0.0
2024-03-27 00:00:00-04:00,90.48999786376953,92.70999908447266,89.61499786376953,92.69000244140625,452700,0.0,0.0
2024-03-28 00:00:00-04:00,92.91000366210938,94.3550033569336,92.29000091552734,94.29000091552734,458700,0.0,0.0
2024-04-01 00:00:00-04:00,94.55000305175781,94.95999908447266,91.51000213623047,93.0999984741211,352300,0.0,0.0
2024-04-02 00:00:00-04:00,91.54000091552734,92.22000122070312,88.16000366210938,89.4800033569336,822300,0.0,0.0
2024-04-03 00:00:00-04:00,89.94000244140625,97.75,89.94000244140625,94.30999755859375,913100,0.0,0.0
2024-04-04 00:00:00-04:00,94.94999694824219,96.77999877929688,94.08999633789062,94.12000274658203,482800,0.0,0.0
2024-04-05 00:00:00-04:00,93.80999755859375,97.7699966430664,93.18000030517578,96.7699966430664,545700,0.0,0.0
2024-04-08 00:00:00-04:00,97.36000061035156,102.31999969482422,97.01000213623047,100.62999725341797,1304900,0.0,0.0
2024-04-09 00:00:00-04:00,100.16999816894531,102.33000183105469,99.69000244140625,101.30999755859375,394900,0.0,0.0
2024-04-10 00:00:00-04:00,99.13999938964844,101.04000091552734,98.83999633789062,99.70999908447266,417900,0.0,0.0
2024-04-11 00:00:00-04:00,100.45999908447266,100.97000122070312,98.0,99.26000213623047,374200,0.0,0.0
2024-04-12 00:00:00-04:00,98.41999816894531,99.33000183105469,97.08999633789062,98.2300033569336,353700,0.0,0.0
2024-04-15 00:00:00-04:00,98.98999786376953,99.4800033569336,95.79000091552734,96.83999633789062,336600,0.0,0.0
2024-04-16 00:00:00-04:00,95.9800033569336,98.36000061035156,95.79499816894531,96.94999694824219,430300,0.0,0.0
2024-04-17 00:00:00-04:00,96.98999786376953,98.63500213623047,96.1500015258789,96.88999938964844,288700,0.0,0.0
2024-04-18 00:00:00-04:00,96.68000030517578,97.28500366210938,94.13999938964844,95.12999725341797,382000,0.0,0.0
2024-04-19 00:00:00-04:00,95.0,98.69999694824219,94.16000366210938,96.5,697800,0.0,0.0
2024-04-22 00:00:00-04:00,97.13999938964844,99.83000183105469,96.36499786376953,98.94999694824219,363700,0.0,0.0
2024-04-23 00:00:00-04:00,99.48999786376953,101.23999786376953,98.30999755859375,101.0999984741211,351100,0.0,0.0
2024-04-24 00:00:00-04:00,101.23999786376953,103.66000366210938,100.75,100.93000030517578,521700,0.0,0.0
2024-04-25 00:00:00-04:00,99.06999969482422,100.26000213623047,97.18000030517578,100.11000061035156,288500,0.0,0.0
2024-04-26 00:00:00-04:00,100.27999877929688,100.5999984741211,98.52999877929688,99.4800033569336,288900,0.0,0.0
2024-04-29 00:00:00-04:00,99.91000366210938,100.2300033569336,95.78500366210938,97.19999694824219,638000,0.0,0.0
2024-04-30 00:00:00-04:00,96.77999877929688,97.4800033569336,95.9800033569336,96.0,448800,0.0,0.0
2024-05-01 00:00:00-04:00,96.27999877929688,102.94999694824219,95.38999938964844,98.91000366210938,664400,0.0,0.0
2024-05-02 00:00:00-04:00,96.88999938964844,108.22000122070312,96.88999938964844,105.02999877929688,849200,0.0,0.0
2024-05-03 00:00:00-04:00,105.66000366210938,107.25,101.56999969482422,106.51000213623047,507500,0.0,0.0
2024-05-06 00:00:00-04:00,110.0,110.7300033569336,104.66000366210938,105.01000213623047,535600,0.0,0.0
2024-05-07 00:00:00-04:00,104.81999969482422,110.22000122070312,103.41000366210938,107.9800033569336,558400,0.0,0.0
2024-05-08 00:00:00-04:00,107.08999633789062,108.0,105.22000122070312,106.91000366210938,397900,0.0,0.0
2024-05-09 00:00:00-04:00,106.91000366210938,108.23500061035156,106.83000183105469,107.62000274658203,242300,0.0,0.0
2024-05-10 00:00:00-04:00,108.05000305175781,111.38999938964844,107.83000183105469,110.45999908447266,322600,0.0,0.0
2024-05-13 00:00:00-04:00,110.9000015258789,111.47000122070312,106.66999816894531,108.36000061035156,437300,0.0,0.0
2024-05-14 00:00:00-04:00,109.0999984741211,111.19999694824219,106.80999755859375,110.97000122070312,501000,0.0,0.0
2024-05-15 00:00:00-04:00,112.27999877929688,113.97000122070312,111.33000183105469,111.38999938964844,397100,0.0,0.0
2024-05-16 00:00:00-04:00,110.83999633789062,112.13999938964844,109.69000244140625,110.41000366210938,461400,0.0,0.0
2024-05-17 00:00:00-04:00,110.83999633789062,110.83999633789062,107.41000366210938,109.79000091552734,463800,0.0,0.0
2024-05-20 00:00:00-04:00,109.80999755859375,110.37999725341797,108.45999908447266,109.2699966430664,270800,0.0,0.0
2024-05-21 00:00:00-04:00,109.08999633789062,109.08999633789062,107.22000122070312,108.52999877929688,327500,0.0,0.0
2024-05-22 00:00:00-04:00,109.11000061035156,109.98999786376953,107.54000091552734,107.7300033569336,375300,0.0,0.0
2024-05-23 00:00:00-04:00,108.62000274658203,108.80799865722656,106.12999725341797,107.44000244140625,290400,0.0,0.0
2024-05-24 00:00:00-04:00,108.08999633789062,109.62300109863281,107.27999877929688,108.88999938964844,435800,0.0,0.0
2024-05-28 00:00:00-04:00,109.55999755859375,109.55999755859375,107.41000366210938,109.30000305175781,273400,0.0,0.0
2024-05-29 00:00:00-04:00,108.20999908447266,111.03199768066406,107.66999816894531,110.33999633789062,341200,0.0,0.0
2024-05-30 00:00:00-04:00,110.93000030517578,115.0999984741211,110.26000213623047,110.69999694824219,411100,0.0,0.0
2024-05-31 00:00:00-04:00,110.6500015258789,113.5999984741211,110.6500015258789,112.72000122070312,629200,0.0,0.0
2024-06-03 00:00:00-04:00,113.0,115.61499786376953,112.41000366210938,114.33999633789062,464900,0.0,0.0
2024-06-04 00:00:00-04:00,113.19999694824219,113.6449966430664,111.05000305175781,111.62999725341797,420600,0.0,0.0
2024-06-05 00:00:00-04:00,113.01000213623047,115.77999877929688,110.37000274658203,114.70999908447266,443100,0.0,0.0
2024-06-06 00:00:00-04:00,114.2300033569336,115.12000274658203,113.16000366210938,113.95999908447266,243400,0.0,0.0
2024-06-07 00:00:00-04:00,113.22000122070312,115.55000305175781,113.22000122070312,113.91000366210938,308500,0.0,0.0
2024-06-10 00:00:00-04:00,112.62000274658203,113.80000305175781,110.52999877929688,113.0,402800,0.0,0.0
2024-06-11 00:00:00-04:00,112.52999877929688,114.33000183105469,110.80000305175781,113.16999816894531,269100,0.0,0.0
2024-06-12 00:00:00-04:00,115.66000366210938,116.25,112.76000213623047,113.4800033569336,425100,0.0,0.0
2024-06-13 00:00:00-04:00,113.43000030517578,114.83999633789062,112.62000274658203,113.62999725341797,347000,0.0,0.0
2024-06-14 00:00:00-04:00,112.19999694824219,112.62999725341797,110.33000183105469,112.5999984741211,499000,0.0,0.0
2024-06-17 00:00:00-04:00,112.0,112.0199966430664,108.44000244140625,111.98999786376953,474100,0.0,0.0
2024-06-18 00:00:00-04:00,111.86000061035156,114.80000305175781,110.86000061035156,113.38999938964844,573200,0.0,0.0
2024-06-20 00:00:00-04:00,113.0,113.29000091552734,109.9000015258789,111.66000366210938,531900,0.0,0.0
2024-06-21 00:00:00-04:00,111.6500015258789,113.20999908447266,110.25,113.0199966430664,874500,0.0,0.0
2024-06-24 00:00:00-04:00,112.75,114.31999969482422,111.77999877929688,111.9800033569336,629800,0.0,0.0
2024-06-25 00:00:00-04:00,111.7300033569336,113.61000061035156,111.43000030517578,112.51000213623047,249900,0.0,0.0
2024-06-26 00:00:00-04:00,112.69999694824219,116.91000366210938,112.41999816894531,116.66000366210938,1033200,0.0,0.0
2024-06-27 00:00:00-04:00,117.0,117.91000366210938,115.30999755859375,117.37999725341797,607200,0.0,0.0
2024-06-28 00:00:00-04:00,118.11000061035156,119.88999938964844,116.37000274658203,118.3499984741211,1197100,0.0,0.0
2024-07-01 00:00:00-04:00,118.23999786376953,118.69499969482422,115.86000061035156,117.41999816894531,624900,0.0,0.0
2024-07-02 00:00:00-04:00,118.04000091552734,121.04000091552734,117.4800033569336,118.9800033569336,569000,0.0,0.0
2024-07-03 00:00:00-04:00,119.51000213623047,119.66999816894531,117.1500015258789,119.29000091552734,265100,0.0,0.0
2024-07-05 00:00:00-04:00,118.69999694824219,121.98999786376953,118.61000061035156,121.7699966430664,543500,0.0,0.0
2024-07-08 00:00:00-04:00,122.55000305175781,123.16500091552734,120.97000122070312,122.56999969482422,391400,0.0,0.0
2024-07-09 00:00:00-04:00,122.56999969482422,123.54000091552734,121.63999938964844,121.75,396600,0.0,0.0
2024-07-10 00:00:00-04:00,120.04000091552734,121.1500015258789,116.62000274658203,120.12999725341797,760600,0.0,0.0
2024-07-11 00:00:00-04:00,121.37999725341797,123.55999755859375,118.08499908447266,123.23999786376953,689800,0.0,0.0
2024-07-12 00:00:00-04:00,123.9000015258789,125.47000122070312,120.87999725341797,121.08999633789062,455000,0.0,0.0
2024-07-15 00:00:00-04:00,121.93000030517578,123.81999969482422,121.68000030517578,123.16999816894531,399300,0.0,0.0
2024-07-16 00:00:00-04:00,124.62999725341797,126.37000274658203,123.18000030517578,125.69000244140625,774800,0.0,0.0
2024-07-17 00:00:00-04:00,124.73999786376953,126.95999908447266,123.0,124.16000366210938,575000,0.0,0.0
2024-07-18 00:00:00-04:00,123.75,125.0,112.87999725341797,118.70999908447266,1044200,0.0,0.0
2024-07-19 00:00:00-04:00,119.41999816894531,121.47000122070312,118.36000061035156,120.7300033569336,406200,0.0,0.0
2024-07-22 00:00:00-04:00,121.44000244140625,123.94999694824219,120.22000122070312,122.7699966430664,526300,0.0,0.0
2024-07-23 00:00:00-04:00,122.7300033569336,126.0,121.58999633789062,125.27999877929688,641600,0.0,0.0
2024-07-24 00:00:00-04:00,124.48999786376953,125.38999938964844,121.98500061035156,122.5999984741211,563900,0.0,0.0
2024-07-25 00:00:00-04:00,121.9000015258789,123.0,117.01000213623047,117.6500015258789,590100,0.0,0.0
2024-07-26 00:00:00-04:00,119.16000366210938,120.1500015258789,117.44999694824219,119.81999969482422,617600,0.0,0.0
2024-07-29 00:00:00-04:00,120.12999725341797,122.4000015258789,116.88999938964844,119.69000244140625,572500,0.0,0.0
2024-07-30 00:00:00-04:00,120.41000366210938,121.12999725341797,116.01000213623047,117.88999938964844,418800,0.0,0.0
2024-07-31 00:00:00-04:00,117.9800033569336,119.83999633789062,116.12999725341797,117.16999816894531,837000,0.0,0.0
2024-08-01 00:00:00-04:00,111.04000091552734,118.2699966430664,107.22000122070312,117.61000061035156,1353700,0.0,0.0
2024-08-02 00:00:00-04:00,113.5,116.31999969482422,111.61000061035156,116.02999877929688,690500,0.0,0.0
2024-08-05 00:00:00-04:00,112.04000091552734,114.8499984741211,110.11900329589844,113.62000274658203,856600,0.0,0.0
2024-08-06 00:00:00-04:00,114.55000305175781,118.5199966430664,113.54000091552734,116.7300033569336,627200,0.0,0.0
2024-08-07 00:00:00-04:00,117.19000244140625,118.0199966430664,114.43000030517578,115.93000030517578,639100,0.0,0.0
2024-08-08 00:00:00-04:00,117.20999908447266,122.5199966430664,116.19200134277344,120.45999908447266,631300,0.0,0.0
2024-08-09 00:00:00-04:00,120.72000122070312,123.0199966430664,119.83000183105469,121.62000274658203,532200,0.0,0.0
2024-08-12 00:00:00-04:00,121.2699966430664,123.05000305175781,120.94999694824219,121.4800033569336,329100,0.0,0.0
2024-08-13 00:00:00-04:00,121.66000366210938,122.36000061035156,120.2300033569336,121.37999725341797,349600,0.0,0.0
2024-08-14 00:00:00-04:00,121.75,122.29000091552734,119.68000030517578,121.83000183105469,315800,0.0,0.0
2024-08-15 00:00:00-04:00,124.12000274658203,127.51000213623047,123.19999694824219,125.16000366210938,487700,0.0,0.0
2024-08-16 00:00:00-04:00,125.16000366210938,128.41000366210938,125.16000366210938,127.43000030517578,360800,0.0,0.0
2024-08-19 00:00:00-04:00,127.05999755859375,128.50900268554688,125.94999694824219,126.5,404000,0.0,0.0
2024-08-20 00:00:00-04:00,126.66999816894531,127.66999816894531,124.0,124.69000244140625,316500,0.0,0.0
2024-08-21 00:00:00-04:00,125.30999755859375,130.1300048828125,123.57499694824219,130.0,718300,0.0,0.0
2024-08-22 00:00:00-04:00,130.0,131.30999755859375,129.14999389648438,130.05999755859375,474900,0.0,0.0
2024-08-23 00:00:00-04:00,130.66000366210938,133.33999633789062,130.02000427246094,132.88999938964844,412700,0.0,0.0
2024-08-26 00:00:00-04:00,133.05999755859375,134.50999450683594,131.9199981689453,133.41000366210938,456100,0.0,0.0
2024-08-27 00:00:00-04:00,132.85000610351562,135.6300048828125,132.10000610351562,135.25999450683594,407400,0.0,0.0
2024-08-28 00:00:00-04:00,135.47999572753906,136.36000061035156,134.72500610351562,135.38999938964844,322300,0.0,0.0
2024-08-29 00:00:00-04:00,136.0,136.3300018310547,132.52000427246094,132.58999633789062,594400,0.0,0.0
2024-08-30 00:00:00-04:00,132.9499969482422,134.02000427246094,131.74000549316406,133.88999938964844,448800,0.0,0.0
2024-09-03 00:00:00-04:00,135.6300048828125,136.60499572753906,131.99000549316406,133.0,626200,0.0,0.0
2024-09-04 00:00:00-04:00,133.0,133.57000732421875,130.72999572753906,130.80999755859375,385400,0.0,0.0
2024-09-05 00:00:00-04:00,130.67999267578125,131.1999969482422,126.13999938964844,128.35000610351562,624100,0.0,0.0
2024-09-06 00:00:00-04:00,128.30999755859375,129.89999389648438,125.68000030517578,129.27999877929688,719400,0.0,0.0
2024-09-09 00:00:00-04:00,129.0399932861328,131.63999938964844,128.7100067138672,129.39999389648438,448700,0.0,0.0
2024-09-10 00:00:00-04:00,129.69000244140625,130.83999633789062,124.01000213623047,125.73999786376953,661600,0.0,0.0
2024-09-11 00:00:00-04:00,124.77999877929688,126.12999725341797,123.93000030517578,125.5,515300,0.0,0.0
2024-09-12 00:00:00-04:00,125.41999816894531,127.47000122070312,123.01000213623047,126.2699966430664,539000,0.0,0.0
2024-09-13 00:00:00-04:00,126.76000213623047,128.6300048828125,125.97000122070312,126.27999877929688,339900,0.0,0.0
2024-09-16 00:00:00-04:00,125.95999908447266,126.8499984741211,123.66999816894531,124.2699966430664,350000,0.0,0.0
2024-09-17 00:00:00-04:00,124.51000213623047,125.61000061035156,119.54000091552734,121.58000183105469,1127900,0.0,0.0
2024-09-18 00:00:00-04:00,121.12999725341797,125.05599975585938,120.37000274658203,122.30999755859375,393000,0.0,0.0
2024-09-19 00:00:00-04:00,124.93000030517578,130.27000427246094,123.88999938964844,130.07000732421875,749500,0.0,0.0
2024-09-20 00:00:00-04:00,131.4499969482422,132.2899932861328,127.4800033569336,127.77999877929688,1633500,0.0,0.0
2024-09-23 00:00:00-04:00,127.79000091552734,130.2100067138672,127.25,127.9800033569336,509800,0.0,0.0
2024-09-24 00:00:00-04:00,127.58000183105469,128.13999938964844,125.18000030517578,127.72000122070312,553300,0.0,0.0
2024-09-25 00:00:00-04:00,128.0,128.09500122070312,125.97000122070312,126.29000091552734,350700,0.0,0.0
2024-09-26 00:00:00-04:00,127.11000061035156,127.55500030517578,125.80999755859375,127.4800033569336,234500,0.0,0.0
2024-09-27 00:00:00-04:00,127.94999694824219,129.11000061035156,126.74500274658203,128.2899932861328,344700,0.0,0.0
2024-09-30 00:00:00-04:00,128.2899932861328,130.30999755859375,127.38999938964844,130.27999877929688,363200,0.0,0.0
2024-10-01 00:00:00-04:00,129.85000610351562,130.11000061035156,124.91000366210938,126.55000305175781,343400,0.0,0.0
2024-10-02 00:00:00-04:00,125.86000061035156,129.52000427246094,125.5999984741211,128.47000122070312,384600,0.0,0.0
2024-10-03 00:00:00-04:00,128.0500030517578,128.5399932861328,125.95500183105469,126.80000305175781,311700,0.0,0.0
2024-10-04 00:00:00-04:00,128.86000061035156,131.63999938964844,128.47999572753906,130.97999572753906,397900,0.0,0.0
2024-10-07 00:00:00-04:00,130.05999755859375,130.82000732421875,126.18000030517578,126.41999816894531,417600,0.0,0.0
2024-10-08 00:00:00-04:00,127.52999877929688,130.2899932861328,127.44499969482422,129.27000427246094,298300,0.0,0.0
2024-10-09 00:00:00-04:00,128.99000549316406,130.6300048828125,128.33999633789062,129.5800018310547,331900,0.0,0.0
2024-10-10 00:00:00-04:00,127.81999969482422,128.4499969482422,126.77999877929688,128.24000549316406,454700,0.0,0.0
2024-10-11 00:00:00-04:00,128.3000030517578,130.30999755859375,126.69000244140625,126.9000015258789,583200,0.0,0.0
2024-10-14 00:00:00-04:00,127.1500015258789,130.22000122070312,126.70999908447266,130.0399932861328,904000,0.0,0.0
2024-10-15 00:00:00-04:00,129.89999389648438,130.36000061035156,127.54000091552734,127.61000061035156,292000,0.0,0.0
2024-10-16 00:00:00-04:00,127.69999694824219,129.7100067138672,127.01000213623047,128.1999969482422,242200,0.0,0.0
2024-10-17 00:00:00-04:00,128.3699951171875,130.38999938964844,128.3699951171875,129.25,476400,0.0,0.0
2024-10-18 00:00:00-04:00,129.61000061035156,134.55999755859375,128.25,133.3699951171875,563500,0.0,0.0
2024-10-21 00:00:00-04:00,133.5800018310547,134.75,131.13499450683594,132.44000244140625,528800,0.0,0.0
2024-10-22 00:00:00-04:00,132.0,133.22000122070312,130.38999938964844,131.67999267578125,349000,0.0,0.0
2024-10-23 00:00:00-04:00,130.77999877929688,131.8699951171875,129.52999877929688,129.94000244140625,301900,0.0,0.0
2024-10-24 00:00:00-04:00,130.02000427246094,133.07000732421875,130.02000427246094,130.47000122070312,368300,0.0,0.0
2024-10-25 00:00:00-04:00,130.9199981689453,131.91000366210938,130.00999450683594,130.58999633789062,586000,0.0,0.0
2024-10-28 00:00:00-04:00,131.72999572753906,135.72000122070312,131.3800048828125,134.0800018310547,471800,0.0,0.0
2024-10-29 00:00:00-04:00,133.7899932861328,137.80999755859375,133.0590057373047,137.75,447100,0.0,0.0
2024-10-30 00:00:00-04:00,137.0,139.5050048828125,136.6699981689453,138.67999267578125,449500,0.0,0.0
2024-10-31 00:00:00-04:00,137.52000427246094,138.28799438476562,131.6300048828125,132.25,679000,0.0,0.0
2024-11-01 00:00:00-04:00,133.00999450683594,134.16000366210938,129.0800018310547,131.77000427246094,645900,0.0,0.0
2024-11-04 00:00:00-05:00,130.39999389648438,133.77499389648438,128.9600067138672,131.3800048828125,815500,0.0,0.0
2024-11-05 00:00:00-05:00,125.0,131.08999633789062,124.5999984741211,127.86000061035156,1672700,0.0,0.0
2024-11-06 00:00:00-05:00,133.74000549316406,142.4499969482422,130.91000366210938,140.63999938964844,1428600,0.0,0.0
2024-11-07 00:00:00-05:00,141.1199951171875,143.24000549316406,136.05999755859375,139.3300018310547,667400,0.0,0.0
2024-11-08 00:00:00-05:00,139.02000427246094,143.5800018310547,137.92999267578125,141.75,681600,0.0,0.0
2024-11-11 00:00:00-05:00,143.1300048828125,145.50999450683594,141.5500030517578,143.0399932861328,423700,0.0,0.0
2024-11-12 00:00:00-05:00,142.25999450683594,144.42999267578125,141.69000244140625,143.6300048828125,412100,0.0,0.0
2024-11-13 00:00:00-05:00,144.0,145.83999633789062,143.1999969482422,143.25,341200,0.0,0.0
2024-11-14 00:00:00-05:00,143.67999267578125,143.67999267578125,138.16000366210938,138.6199951171875,403800,0.0,0.0
2024-11-15 00:00:00-05:00,139.36000061035156,139.4499969482422,137.0,138.44000244140625,336700,0.0,0.0
2024-11-18 00:00:00-05:00,139.0,139.8000030517578,136.64999389648438,136.97999572753906,389900,0.0,0.0
2024-11-19 00:00:00-05:00,135.74000549316406,144.99000549316406,135.74000549316406,144.2100067138672,420000,0.0,0.0
2024-11-20 00:00:00-05:00,144.25,144.4949951171875,139.86500549316406,141.44000244140625,362100,0.0,0.0
2024-11-21 00:00:00-05:00,141.86000061035156,144.13999938964844,140.69000244140625,140.8300018310547,241800,0.0,0.0
2024-11-22 00:00:00-05:00,141.17999267578125,146.0850067138672,141.17999267578125,144.0,549000,0.0,0.0
2024-11-25 00:00:00-05:00,145.19000244140625,146.86000061035156,141.74000549316406,142.94000244140625,662000,0.0,0.0
2024-11-26 00:00:00-05:00,144.0,144.0,139.5399932861328,140.72999572753906,597100,0.0,0.0
2024-11-27 00:00:00-05:00,141.75,144.50999450683594,141.55999755859375,142.69000244140625,348800,0.0,0.0
2024-11-29 00:00:00-05:00,143.5,144.4199981689453,142.14999389648438,143.64999389648438,165900,0.0,0.0
2024-12-02 00:00:00-05:00,140.0,142.38499450683594,138.72000122070312,139.0800018310547,478800,0.0,0.0
2024-12-03 00:00:00-05:00,138.75,138.75,133.3000030517578,136.0,490600,0.0,0.0
2024-12-04 00:00:00-05:00,136.47000122070312,140.16000366210938,135.52000427246094,138.27000427246094,770500,0.0,0.0
2024-12-05 00:00:00-05:00,137.36000061035156,137.89100646972656,134.61000061035156,135.6999969482422,453700,0.0,0.0
2024-12-06 00:00:00-05:00,136.5,142.8000030517578,136.5,140.27999877929688,762200,0.0,0.0
2024-12-09 00:00:00-05:00,140.9600067138672,142.63999938964844,136.90499877929688,138.69000244140625,432700,0.0,0.0
2024-12-10 00:00:00-05:00,139.55999755859375,141.55999755859375,136.13999938964844,136.3800048828125,387700,0.0,0.0
2024-12-11 00:00:00-05:00,140.91000366210938,147.64999389648438,140.5050048828125,142.88999938964844,798900,0.0,0.0
2024-12-12 00:00:00-05:00,143.30999755859375,145.7899932861328,140.05499267578125,140.32000732421875,360100,0.0,0.0
2024-12-13 00:00:00-05:00,139.8699951171875,142.75,138.82000732421875,138.92999267578125,610000,0.0,0.0
2024-12-16 00:00:00-05:00,138.3699951171875,144.97500610351562,137.60000610351562,144.1300048828125,697300,0.0,0.0
2024-12-17 00:00:00-05:00,144.9199981689453,147.5,143.2100067138672,146.35000610351562,703600,0.0,0.0
2024-12-18 00:00:00-05:00,146.44000244140625,147.35000610351562,143.80999755859375,145.13999938964844,1557900,0.0,0.0
2024-12-19 00:00:00-05:00,146.35000610351562,148.6699981689453,143.72000122070312,143.74000549316406,593000,0.0,0.0
2024-12-20 00:00:00-05:00,141.52999877929688,151.1199951171875,141.52999877929688,150.8800048828125,1054000,0.0,0.0
2024-12-23 00:00:00-05:00,150.8800048828125,151.9199981689453,147.07000732421875,148.36000061035156,446700,0.0,0.0
2024-12-24 00:00:00-05:00,148.9600067138672,151.9199981689453,148.64999389648438,151.22000122070312,239700,0.0,0.0
2024-12-26 00:00:00-05:00,150.69000244140625,153.5,150.00999450683594,152.6699981689453,331100,0.0,0.0
2024-12-27 00:00:00-05:00,151.27000427246094,152.9499969482422,148.5800018310547,151.16000366210938,537800,0.0,0.0
2024-12-30 00:00:00-05:00,148.86000061035156,151.66000366210938,148.22999572753906,149.50999450683594,643100,0.0,0.0
2024-12-31 00:00:00-05:00,152.4499969482422,153.49000549316406,149.94000244140625,149.94000244140625,768800,0.0,0.0
2025-01-02 00:00:00-05:00,150.91000366210938,152.17999267578125,148.00999450683594,149.67999267578125,571100,0.0,0.0
2025-01-03 00:00:00-05:00,150.5500030517578,151.9199981689453,149.27499389648438,151.4499969482422,372400,0.0,0.0
2025-01-06 00:00:00-05:00,150.9199981689453,155.75999450683594,150.9199981689453,155.1999969482422,603400,0.0,0.0
2025-01-07 00:00:00-05:00,155.1999969482422,157.30599975585938,153.33999633789062,156.60000610351562,670000,0.0,0.0
2025-01-08 00:00:00-05:00,156.0399932861328,159.1199951171875,155.35000610351562,158.1199951171875,761400,0.0,0.0
2025-01-10 00:00:00-05:00,156.25999450683594,161.1300048828125,154.88999938964844,156.52999877929688,882000,0.0,0.0
2025-01-13 00:00:00-05:00,153.6699981689453,153.75,149.552001953125,151.8699951171875,671300,0.0,0.0
2025-01-14 00:00:00-05:00,152.49000549316406,154.75999450683594,147.2100067138672,147.9499969482422,693900,0.0,0.0
2025-01-15 00:00:00-05:00,149.5500030517578,150.77000427246094,142.7100067138672,149.77000427246094,801400,0.0,0.0
2025-01-16 00:00:00-05:00,149.7100067138672,158.00999450683594,149.55999755859375,156.50999450683594,517500,0.0,0.0
2025-01-17 00:00:00-05:00,157.24000549316406,157.8300018310547,153.6750030517578,156.38999938964844,529100,0.0,0.0
2025-01-21 00:00:00-05:00,158.1300048828125,161.30499267578125,157.29100036621094,159.33999633789062,393500,0.0,0.0
2025-01-22 00:00:00-05:00,159.39999389648438,160.39999389648438,158.6300048828125,160.1199951171875,531800,0.0,0.0
2025-01-23 00:00:00-05:00,159.27999877929688,163.7100067138672,158.25,161.22000122070312,530800,0.0,0.0
2025-01-24 00:00:00-05:00,159.42999267578125,161.3300018310547,158.2949981689453,160.22000122070312,369700,0.0,0.0
2025-01-27 00:00:00-05:00,159.2100067138672,161.22500610351562,153.02000427246094,157.02999877929688,534400,0.0,0.0
2025-01-28 00:00:00-05:00,157.5399932861328,160.1699981689453,156.13999938964844,159.67999267578125,353700,0.0,0.0
2025-01-29 00:00:00-05:00,160.08999633789062,161.1300048828125,157.875,159.00999450683594,232600,0.0,0.0
2025-01-30 00:00:00-05:00,160.39999389648438,161.26499938964844,157.66000366210938,157.75,350000,0.0,0.0
2025-01-31 00:00:00-05:00,158.0800018310547,159.4199981689453,154.25,156.44000244140625,476000,0.0,0.0
2025-02-03 00:00:00-05:00,154.6199951171875,158.88999938964844,153.8000030517578,156.0800018310547,546800,0.0,0.0
2025-02-04 00:00:00-05:00,156.24000549316406,157.86000061035156,153.7899932861328,154.32000732421875,519900,0.0,0.0
2025-02-05 00:00:00-05:00,155.08999633789062,157.77999877929688,152.99000549316406,157.11000061035156,511400,0.0,0.0
2025-02-06 00:00:00-05:00,156.77000427246094,156.77000427246094,152.5,155.27999877929688,467200,0.0,0.0
2025-02-07 00:00:00-05:00,155.35000610351562,156.8000030517578,152.45700073242188,153.0800018310547,550600,0.0,0.0
2025-02-10 00:00:00-05:00,153.80999755859375,153.80999755859375,149.77499389648438,150.00999450683594,310200,0.0,0.0
2025-02-11 00:00:00-05:00,148.64999389648438,148.9949951171875,143.63999938964844,145.33999633789062,553900,0.0,0.0
2025-02-12 00:00:00-05:00,142.9499969482422,144.69500732421875,142.50999450683594,143.63999938964844,373700,0.0,0.0
2025-02-13 00:00:00-05:00,144.22000122070312,146.76499938964844,142.67999267578125,146.3800048828125,509900,0.0,0.0
2025-02-14 00:00:00-05:00,146.97000122070312,154.05999755859375,146.82000732421875,153.1999969482422,747300,0.0,0.0
2025-02-18 00:00:00-05:00,154.0,157.3300018310547,152.8800048828125,152.9600067138672,634900,0.0,0.0
2025-02-19 00:00:00-05:00,156.6999969482422,161.77999877929688,153.99000549316406,160.5800018310547,1149100,0.0,0.0
2025-02-20 00:00:00-05:00,160.02000427246094,161.5800018310547,156.85499572753906,157.36000061035156,1118100,0.0,0.0
2025-02-21 00:00:00-05:00,141.35000610351562,142.9499969482422,124.94999694824219,125.87999725341797,4140400,0.0,0.0
2025-02-24 00:00:00-05:00,126.76000213623047,130.69000244140625,124.11000061035156,124.23999786376953,1895100,0.0,0.0
2025-02-25 00:00:00-05:00,123.13999938964844,125.30000305175781,116.20500183105469,120.51000213623047,1640800,0.0,0.0
2025-02-26 00:00:00-05:00,121.52999877929688,124.30000305175781,119.41000366210938,120.48999786376953,948200,0.0,0.0
2025-02-27 00:00:00-05:00,120.25,122.3550033569336,118.30000305175781,118.33000183105469,519700,0.0,0.0
2025-02-28 00:00:00-05:00,117.97000122070312,120.19000244140625,116.43000030517578,120.0199966430664,610800,0.0,0.0
2025-03-03 00:00:00-05:00,120.0,120.22000122070312,108.38999938964844,109.1500015258789,1907500,0.0,0.0
2025-03-04 00:00:00-05:00,107.18000030517578,113.41999816894531,105.5260009765625,112.20999908447266,1017200,0.0,0.0
2025-03-05 00:00:00-05:00,112.20999908447266,113.69400024414062,110.44000244140625,112.12000274658203,810100,0.0,0.0
2025-03-06 00:00:00-05:00,109.19999694824219,110.22000122070312,102.97000122070312,103.19999694824219,1378600,0.0,0.0
2025-03-07 00:00:00-05:00,102.87999725341797,106.0199966430664,99.75,104.19000244140625,1401800,0.0,0.0
2025-03-10 00:00:00-04:00,100.87000274658203,101.8949966430664,91.77999877929688,96.66999816894531,2681700,0.0,0.0
2025-03-11 00:00:00-04:00,96.51000213623047,100.0199966430664,96.0,97.79000091552734,1004800,0.0,0.0
2025-03-12 00:00:00-04:00,100.55000305175781,103.94000244140625,99.7300033569336,103.33999633789062,1403500,0.0,0.0
2025-03-13 00:00:00-04:00,102.80000305175781,103.2750015258789,96.26000213623047,96.5999984741211,707100,0.0,0.0
2025-03-14 00:00:00-04:00,97.91999816894531,103.3499984741211,97.75,102.19000244140625,1090400,0.0,0.0
2025-03-17 00:00:00-04:00,101.91999816894531,104.47000122070312,101.60700225830078,103.3499984741211,747600,0.0,0.0
2025-03-18 00:00:00-04:00,102.55999755859375,103.69000244140625,99.5199966430664,100.54000091552734,840500,0.0,0.0
2025-03-19 00:00:00-04:00,101.33000183105469,102.91000366210938,100.08000183105469,101.23999786376953,966000,0.0,0.0
2025-03-20 00:00:00-04:00,100.25,102.44000244140625,99.58999633789062,100.62999725341797,772900,0.0,0.0
2025-03-21 00:00:00-04:00,98.23999786376953,102.37999725341797,98.0270004272461,102.26000213623047,1040800,0.0,0.0
2025-03-24 00:00:00-04:00,104.7300033569336,108.62000274658203,104.7300033569336,107.61000061035156,753900,0.0,0.0
2025-03-25 00:00:00-04:00,107.55999755859375,108.41000366210938,105.77999877929688,106.91000366210938,527100,0.0,0.0
2025-03-26 00:00:00-04:00,106.88999938964844,107.12000274658203,102.6500015258789,103.12999725341797,480000,0.0,0.0
2025-03-27 00:00:00-04:00,103.19999694824219,105.06999969482422,102.19999694824219,103.62000274658203,426400,0.0,0.0
2025-03-28 00:00:00-04:00,102.58000183105469,102.75599670410156,99.1500015258789,102.0,676500,0.0,0.0
2025-03-31 00:00:00-04:00,100.47000122070312,100.47000122070312,95.98999786376953,98.41999816894531,956900,0.0,0.0
2025-04-01 00:00:00-04:00,98.05999755859375,98.38999938964844,94.25,97.08999633789062,908000,0.0,0.0
2025-04-02 00:00:00-04:00,95.08000183105469,100.56500244140625,94.1500015258789,100.04000091552734,810100,0.0,0.0
2025-04-03 00:00:00-04:00,92.81999969482422,95.37999725341797,86.72000122070312,87.0,2049800,0.0,0.0
2025-04-04 00:00:00-04:00,83.08999633789062,85.47000122070312,77.91000366210938,83.6500015258789,1715800,0.0,0.0
2025-04-07 00:00:00-04:00,79.4800033569336,89.93000030517578,78.77999877929688,86.06999969482422,1996200,0.0,0.0
2025-04-08 00:00:00-04:00,90.33000183105469,91.76499938964844,80.45999908447266,82.2699966430664,1309700,0.0,0.0
2025-04-09 00:00:00-04:00,81.4000015258789,94.45999908447266,80.5,93.55000305175781,1689300,0.0,0.0
2025-04-10 00:00:00-04:00,91.1500015258789,91.41500091552734,87.66000366210938,89.66000366210938,858000,0.0,0.0
2025-04-11 00:00:00-04:00,89.66000366210938,91.25399780273438,86.31500244140625,90.06999969482422,533100,0.0,0.0
2025-04-14 00:00:00-04:00,92.05999755859375,93.2300033569336,90.1500015258789,92.91000366210938,712700,0.0,0.0
2025-04-15 00:00:00-04:00,93.02999877929688,94.55000305175781,92.66999816894531,94.5199966430664,595700,0.0,0.0
2025-04-16 00:00:00-04:00,92.8499984741211,92.9800033569336,86.15499877929688,88.80000305175781,1692100,0.0,0.0
2025-04-17 00:00:00-04:00,89.25,91.43000030517578,88.02999877929688,90.26000213623047,662600,0.0,0.0
2025-04-21 00:00:00-04:00,88.94000244140625,89.85900115966797,87.16500091552734,88.30000305175781,772000,0.0,0.0
2025-04-22 00:00:00-04:00,89.80999755859375,90.50199890136719,88.13999938964844,89.7300033569336,512100,0.0,0.0
2025-04-23 00:00:00-04:00,93.81999969482422,98.86000061035156,91.86000061035156,92.61000061035156,904500,0.0,0.0
2025-04-24 00:00:00-04:00,93.79000091552734,95.43000030517578,93.0,95.43000030517578,693800,0.0,0.0
2025-04-25 00:00:00-04:00,94.93000030517578,96.70999908447266,93.19999694824219,96.68000030517578,545200,0.0,0.0
2025-04-28 00:00:00-04:00,96.54000091552734,97.37999725341797,92.79000091552734,93.80999755859375,961800,0.0,0.0
2025-04-29 00:00:00-04:00,94.05000305175781,94.72000122070312,92.81999969482422,93.83000183105469,915200,0.0,0.0
2025-04-30 00:00:00-04:00,91.69999694824219,94.5,90.30999755859375,94.25,1382500,0.0,0.0
2025-05-01 00:00:00-04:00,84.41999816894531,85.43000030517578,77.10199737548828,83.54000091552734,4556200,0.0,0.0
2025-05-02 00:00:00-04:00,84.58999633789062,89.62000274658203,84.38099670410156,87.61000061035156,2188300,0.0,0.0
2025-05-05 00:00:00-04:00,85.66000366210938,87.66999816894531,84.73999786376953,86.86000061035156,1135600,0.0,0.0
2025-05-06 00:00:00-04:00,85.12999725341797,87.55999755859375,84.26100158691406,87.19999694824219,760800,0.0,0.0
2025-05-07 00:00:00-04:00,87.70999908447266,89.47000122070312,86.4000015258789,88.23999786376953,962400,0.0,0.0
2025-05-08 00:00:00-04:00,89.70999908447266,92.2699966430664,88.2249984741211,90.54000091552734,771400,0.0,0.0
2025-05-09 00:00:00-04:00,90.75,91.83000183105469,89.55000305175781,89.95999908447266,512000,0.0,0.0
2025-05-12 00:00:00-04:00,93.44999694824219,96.20999908447266,93.41999816894531,94.63999938964844,735300,0.0,0.0
2025-05-13 00:00:00-04:00,94.83999633789062,95.78500366210938,92.12000274658203,92.36000061035156,901900,0.0,0.0
2025-05-14 00:00:00-04:00,91.87000274658203,93.69999694824219,91.12000274658203,91.56999969482422,692100,0.0,0.0
2025-05-15 00:00:00-04:00,90.2699966430664,92.62000274658203,89.0,91.62000274658203,505800,0.0,0.0
2025-05-16 00:00:00-04:00,92.5999984741211,95.54499816894531,91.52999877929688,95.47000122070312,773100,0.0,0.0
2025-05-19 00:00:00-04:00,93.22000122070312,95.87999725341797,92.63999938964844,95.8499984741211,782400,0.0,0.0
2025-05-20 00:00:00-04:00,95.11000061035156,98.00499725341797,94.41999816894531,97.48999786376953,754200,0.0,0.0
2025-05-21 00:00:00-04:00,96.41000366210938,97.7020034790039,94.53500366210938,94.81999969482422,1079500,0.0,0.0
2025-05-22 00:00:00-04:00,93.86000061035156,97.48999786376953,93.5199966430664,97.19000244140625,864300,0.0,0.0
2025-05-23 00:00:00-04:00,94.77999877929688,96.80000305175781,94.63999938964844,96.0199966430664,829100,0.0,0.0
2025-05-27 00:00:00-04:00,98.13999938964844,101.56999969482422,96.56999969482422,96.97000122070312,1111100,0.0,0.0
2025-05-28 00:00:00-04:00,97.33999633789062,97.33999633789062,94.66999816894531,94.95999908447266,591500,0.0,0.0
2025-05-29 00:00:00-04:00,96.16000366210938,97.03500366210938,94.00499725341797,94.87000274658203,1197100,0.0,0.0
2025-05-30 00:00:00-04:00,93.79000091552734,95.13999938964844,91.97000122070312,94.29000091552734,1146100,0.0,0.0
2025-06-02 00:00:00-04:00,94.0199966430664,95.19999694824219,91.37000274658203,94.79000091552734,598300,0.0,0.0
2025-06-03 00:00:00-04:00,95.12000274658203,96.91000366210938,93.875,94.48999786376953,740400,0.0,0.0
2025-06-04 00:00:00-04:00,93.87999725341797,94.98999786376953,90.91999816894531,90.95999908447266,907300,0.0,0.0
2025-06-05 00:00:00-04:00,91.01000213623047,93.80999755859375,90.9000015258789,92.69000244140625,811300,0.0,0.0
2025-06-06 00:00:00-04:00,94.33999633789062,95.0,92.91999816894531,92.98999786376953,653300,0.0,0.0
2025-06-09 00:00:00-04:00,94.05999755859375,94.87999725341797,92.31999969482422,94.63999938964844,683600,0.0,0.0
2025-06-10 00:00:00-04:00,94.66999816894531,96.38999938964844,94.17500305175781,95.63999938964844,778400,0.0,0.0
2025-06-11 00:00:00-04:00,96.11000061035156,102.56300354003906,96.0999984741211,99.1500015258789,1778600,0.0,0.0
2025-06-12 00:00:00-04:00,98.0,98.83999633789062,96.01000213623047,97.5999984741211,847300,0.0,0.0
2025-06-13 00:00:00-04:00,96.20999908447266,99.69999694824219,96.01000213623047,97.5999984741211,797600,0.0,0.0
2025-06-16 00:00:00-04:00,98.31999969482422,101.87999725341797,98.31999969482422,100.13999938964844,1250300,0.0,0.0
2025-06-17 00:00:00-04:00,98.79000091552734,101.73999786376953,97.54000091552734,99.80999755859375,813200,0.0,0.0
2025-06-18 00:00:00-04:00,99.80000305175781,102.81999969482422,98.18000030517578,102.33999633789062,1056100,0.0,0.0
2025-06-20 00:00:00-04:00,103.12000274658203,103.12000274658203,99.76000213623047,100.1500015258789,1880500,0.0,0.0
2025-06-23 00:00:00-04:00,97.97000122070312,99.76000213623047,96.04000091552734,96.80000305175781,684700,0.0,0.0
2025-06-24 00:00:00-04:00,97.81999969482422,100.30999755859375,96.8550033569336,100.19999694824219,549800,0.0,0.0
2025-06-25 00:00:00-04:00,100.9800033569336,101.31500244140625,98.79000091552734,99.30999755859375,404100,0.0,0.0
2025-06-26 00:00:00-04:00,99.93000030517578,101.29000091552734,98.91000366210938,101.05999755859375,453400,0.0,0.0
2025-06-27 00:00:00-04:00,101.0999984741211,103.63999938964844,100.45999908447266,101.41999816894531,1956500,0.0,0.0
2025-06-30 00:00:00-04:00,102.47000122070312,104.58000183105469,101.98999786376953,103.29000091552734,984100,0.0,0.0
2025-07-01 00:00:00-04:00,102.27999877929688,103.05999755859375,100.91999816894531,102.5199966430664,512300,0.0,0.0
2025-07-02 00:00:00-04:00,103.22000122070312,106.5199966430664,101.95999908447266,103.62999725341797,875300,0.0,0.0
2025-07-03 00:00:00-04:00,103.9800033569336,104.38999938964844,102.19999694824219,103.5,289900,0.0,0.0
2025-07-07 00:00:00-04:00,103.76000213623047,106.47000122070312,101.38999938964844,101.45999908447266,962900,0.0,0.0
2025-07-08 00:00:00-04:00,102.36000061035156,104.05999755859375,101.45999908447266,102.43000030517578,816800,0.0,0.0
2025-07-09 00:00:00-04:00,102.54000091552734,105.5199966430664,101.30000305175781,104.72000122070312,678500,0.0,0.0
2025-07-10 00:00:00-04:00,104.0,106.81999969482422,103.38999938964844,106.55000305175781,441400,0.0,0.0
2025-07-11 00:00:00-04:00,104.9800033569336,105.48500061035156,103.08000183105469,103.80999755859375,660500,0.0,0.0
2025-07-14 00:00:00-04:00,103.61000061035156,105.41000366210938,103.5,104.19000244140625,662700,0.0,0.0
2025-07-15 00:00:00-04:00,103.13999938964844,104.72000122070312,98.06500244140625,98.26000213623047,1125000,0.0,0.0
2025-07-16 00:00:00-04:00,99.16000366210938,100.19000244140625,97.5,98.5,1130600,0.0,0.0
2025-07-17 00:00:00-04:00,99.22000122070312,100.33000183105469,98.63999938964844,99.0,872100,0.0,0.0
2025-07-18 00:00:00-04:00,100.0999984741211,100.31999969482422,97.69000244140625,97.69999694824219,599100,0.0,0.0
2025-07-21 00:00:00-04:00,97.47000122070312,98.63500213623047,96.69000244140625,96.7300033569336,618800,0.0,0.0
2025-07-22 00:00:00-04:00,96.73999786376953,97.41500091552734,95.33999633789062,96.36000061035156,1116200,0.0,0.0
2025-07-23 00:00:00-04:00,97.75,98.20999908447266,95.93000030517578,96.0,1115100,0.0,0.0
2025-07-24 00:00:00-04:00,96.16999816894531,96.18499755859375,92.41999816894531,94.37999725341797,1117000,0.0,0.0
2025-07-25 00:00:00-04:00,94.72000122070312,94.91000366210938,93.27999877929688,94.30000305175781,851500,0.0,0.0
2025-07-28 00:00:00-04:00,95.25,95.4749984741211,94.05000305175781,94.91999816894531,894800,0.0,0.0
2025-07-29 00:00:00-04:00,95.43000030517578,95.43000030517578,93.56999969482422,93.76000213623047,1149400,0.0,0.0
2025-07-30 00:00:00-04:00,95.25,97.76000213623047,94.0199966430664,94.05000305175781,2445000,0.0,0.0
2025-07-31 00:00:00-04:00,93.5,94.80999755859375,83.47000122070312,86.08999633789062,4830000,0.0,0.0
2025-08-01 00:00:00-04:00,84.41000366210938,86.44000244140625,82.87999725341797,86.16000366210938,1508200,0.0,0.0
2025-08-04 00:00:00-04:00,86.43000030517578,87.8949966430664,85.43000030517578,87.5,794000,0.0,0.0
2025-08-05 00:00:00-04:00,87.12999725341797,89.375,84.58000183105469,88.05999755859375,1764500,0.0,0.0
2025-08-06 00:00:00-04:00,88.91000366210938,90.00499725341797,87.37100219726562,88.48999786376953,1141600,0.0,0.0
2025-08-07 00:00:00-04:00,89.04000091552734,90.30000305175781,85.9800033569336,88.0,1142000,0.0,0.0
2025-08-08 00:00:00-04:00,88.33000183105469,88.91000366210938,84.5999984741211,84.6500015258789,812000,0.0,0.0
2025-08-11 00:00:00-04:00,84.62000274658203,87.08999633789062,84.37000274658203,87.0199966430664,884100,0.0,0.0
2025-08-12 00:00:00-04:00,87.83000183105469,89.50499725341797,85.9280014038086,89.33999633789062,1015900,0.0,0.0
2025-08-13 00:00:00-04:00,90.02999877929688,92.69499969482422,90.01000213623047,91.79000091552734,984700,0.0,0.0
2025-08-14 00:00:00-04:00,91.22000122070312,91.36499786376953,88.94000244140625,91.08000183105469,666500,0.0,0.0
2025-08-15 00:00:00-04:00,91.3499984741211,92.22000122070312,89.12999725341797,89.86000061035156,907200,0.0,0.0
2025-08-18 00:00:00-04:00,90.02999877929688,91.36000061035156,89.38999938964844,89.5199966430664,579600,0.0,0.0
2025-08-19 00:00:00-04:00,89.5,91.02999877929688,88.20999908447266,91.02999877929688,842100,0.0,0.0
2025-08-20 00:00:00-04:00,90.88999938964844,91.34500122070312,89.23999786376953,90.94000244140625,666900,0.0,0.0
2025-08-21 00:00:00-04:00,89.87000274658203,90.38999938964844,88.84500122070312,89.79000091552734,400200,0.0,0.0
2025-08-22 00:00:00-04:00,90.79000091552734,94.70999908447266,89.4800033569336,94.1500015258789,688100,0.0,0.0
2025-08-25 00:00:00-04:00,94.05000305175781,94.17500305175781,91.52999877929688,91.55000305175781,571200,0.0,0.0
2025-08-26 00:00:00-04:00,91.43000030517578,94.05000305175781,91.43000030517578,93.79000091552734,584400,0.0,0.0
2025-08-27 00:00:00-04:00,93.7699966430664,96.4000015258789,93.7699966430664,95.12000274658203,421900,0.0,0.0
2025-08-28 00:00:00-04:00,95.30000305175781,96.66999816894531,94.7239990234375,96.55999755859375,549200,0.0,0.0
2025-08-29 00:00:00-04:00,96.08999633789062,97.0,94.98999786376953,95.81999969482422,488500,0.0,0.0
2025-09-02 00:00:00-04:00,94.4800033569336,95.56999969482422,93.16000366210938,93.94999694824219,467100,0.0,0.0
2025-09-03 00:00:00-04:00,93.87000274658203,94.76000213623047,93.05000305175781,94.47000122070312,678600,0.0,0.0
2025-09-04 00:00:00-04:00,93.91000366210938,94.13500213623047,89.83000183105469,90.13999938964844,1169200,0.0,0.0
2025-09-05 00:00:00-04:00,93.0,95.31999969482422,92.01000213623047,93.94000244140625,758700,0.0,0.0
2025-09-08 00:00:00-04:00,94.13999938964844,94.31999969482422,91.7300033569336,91.87999725341797,662700,0.0,0.0
2025-09-09 00:00:00-04:00,91.36000061035156,91.87999725341797,90.16999816894531,90.91000366210938,646900,0.0,0.0
2025-09-10 00:00:00-04:00,90.37000274658203,90.94999694824219,86.80999755859375,87.5199966430664,867000,0.0,0.0
2025-09-11 00:00:00-04:00,87.54000091552734,89.33000183105469,87.13999938964844,87.47000122070312,786200,0.0,0.0
2025-09-12 00:00:00-04:00,87.19999694824219,87.37000274658203,82.52999877929688,82.76000213623047,883600,0.0,0.0
2025-09-15 00:00:00-04:00,83.16999816894531,83.93000030517578,80.5199966430664,80.63999938964844,1212500,0.0,0.0
2025-09-16 00:00:00-04:00,81.02999877929688,83.26000213623047,80.85299682617188,82.3499984741211,903400,0.0,0.0
2025-09-17 00:00:00-04:00,82.48999786376953,83.62000274658203,80.52999877929688,82.0999984741211,1119400,0.0,0.0
2025-09-18 00:00:00-04:00,83.1500015258789,86.18000030517578,81.80000305175781,85.83999633789062,947500,0.0,0.0
2025-09-19 00:00:00-04:00,86.4000015258789,86.94000244140625,81.16000366210938,83.47000122070312,1721400,0.0,0.0
2025-09-22 00:00:00-04:00,81.86000061035156,85.1050033569336,81.46399688720703,84.62000274658203,594100,0.0,0.0
2025-09-23 00:00:00-04:00,84.79000091552734,85.58000183105469,84.05999755859375,84.69000244140625,765200,0.0,0.0
2025-09-24 00:00:00-04:00,84.69000244140625,85.16000366210938,82.70999908447266,82.79000091552734,497500,0.0,0.0
2025-09-25 00:00:00-04:00,82.27999877929688,82.51000213623047,80.88999938964844,81.47000122070312,542300,0.0,0.0
2025-09-26 00:00:00-04:00,81.43000030517578,82.13999938964844,79.3499984741211,79.91999816894531,1184500,0.0,0.0
2025-09-29 00:00:00-04:00,80.55999755859375,81.61000061035156,79.0199966430664,81.27999877929688,575000,0.0,0.0
2025-09-30 00:00:00-04:00,80.83000183105469,81.68000030517578,79.66000366210938,81.55000305175781,770900,0.0,0.0
2025-10-01 00:00:00-04:00,82.86000061035156,84.4800033569336,80.1989974975586,83.19000244140625,790300,0.0,0.0
2025-10-02 00:00:00-04:00,83.44999694824219,85.12000274658203,83.0,84.48999786376953,817700,0.0,0.0
2025-10-03 00:00:00-04:00,84.55999755859375,88.5,83.87999725341797,87.41000366210938,882900,0.0,0.0
2025-10-06 00:00:00-04:00,88.2699966430664,89.29000091552734,85.5999984741211,86.62000274658203,967100,0.0,0.0
2025-10-07 00:00:00-04:00,86.66000366210938,86.9000015258789,83.76499938964844,84.08999633789062,465100,0.0,0.0
2025-10-08 00:00:00-04:00,86.4000015258789,87.66000366210938,84.58999633789062,87.58999633789062,409900,0.0,0.0
2025-10-09 00:00:00-04:00,87.58999633789062,87.83200073242188,86.18000030517578,87.0199966430664,354200,0.0,0.0
2025-10-10 00:00:00-04:00,87.0,87.0,82.37000274658203,82.55999755859375,703700,0.0,0.0
2025-10-13 00:00:00-04:00,83.58000183105469,84.69999694824219,82.19000244140625,83.08999633789062,719100,0.0,0.0
2025-10-14 00:00:00-04:00,83.22000122070312,86.73999786376953,82.45999908447266,85.31999969482422,1121000,0.0,0.0
2025-10-15 00:00:00-04:00,85.73999786376953,86.37000274658203,83.3499984741211,85.5999984741211,753700,0.0,0.0
2025-10-16 00:00:00-04:00,85.88999938964844,87.4800033569336,84.54000091552734,85.33000183105469,749300,0.0,0.0
2025-10-17 00:00:00-04:00,84.79000091552734,88.93499755859375,84.79000091552734,87.16999816894531,707700,0.0,0.0
2025-10-20 00:00:00-04:00,88.80000305175781,89.75,75.36000061035156,79.47000122070312,3190300,0.0,0.0
2025-10-21 00:00:00-04:00,79.51000213623047,79.7300033569336,73.7300033569336,75.87999725341797,3138700,0.0,0.0
2025-10-22 00:00:00-04:00,76.98999786376953,76.98999786376953,74.44000244140625,76.62999725341797,1689700,0.0,0.0
2025-10-23 00:00:00-04:00,76.20999908447266,77.06999969482422,75.01000213623047,75.26000213623047,883900,0.0,0.0
2025-10-24 00:00:00-04:00,75.80000305175781,76.08000183105469,74.55000305175781,74.66999816894531,1309100,0.0,0.0
2025-10-27 00:00:00-04:00,79.5,79.5,74.51000213623047,75.68000030517578,2699400,0.0,0.0
2025-10-28 00:00:00-04:00,75.0,77.83000183105469,73.16000366210938,77.79000091552734,1468400,0.0,0.0
2025-10-29 00:00:00-04:00,77.06999969482422,80.99800109863281,76.875,77.08999633789062,2372100,0.0,0.0
2025-10-30 00:00:00-04:00,95.06999969482422,102.80000305175781,85.8499984741211,87.80000305175781,4834300,0.0,0.0
2025-10-31 00:00:00-04:00,86.52999877929688,90.61499786376953,85.86299896240234,88.06999969482422,1634400,0.0,0.0
2025-11-03 00:00:00-05:00,88.08999633789062,88.66999816894531,83.45999908447266,87.38999938964844,1373900,0.0,0.0
2025-11-04 00:00:00-05:00,85.86000061035156,88.29000091552734,85.16000366210938,85.94999694824219,767500,0.0,0.0
2025-11-05 00:00:00-05:00,85.25,86.81999969482422,83.36000061035156,84.3499984741211,691800,0.0,0.0
2025-11-06 00:00:00-05:00,83.94999694824219,84.07499694824219,81.61000061035156,81.79000091552734,597400,0.0,0.0
2025-11-07 00:00:00-05:00,81.80000305175781,84.36000061035156,80.90499877929688,83.86000061035156,988300,0.0,0.0
2025-11-10 00:00:00-05:00,83.77999877929688,88.61000061035156,83.77999877929688,88.3499984741211,1140700,0.0,0.0
2025-11-11 00:00:00-05:00,88.81999969482422,92.13999938964844,88.72000122070312,89.88999938964844,1530400,0.0,0.0
2025-11-12 00:00:00-05:00,90.87000274658203,93.0,88.5999984741211,92.61000061035156,1679700,0.0,0.0
2025-11-13 00:00:00-05:00,91.16999816894531,97.22000122070312,91.16999816894531,91.80999755859375,2607500,0.0,0.0
2025-11-14 00:00:00-05:00,90.6500015258789,93.13999938964844,88.75499725341797,90.02999877929688,1131100,0.0,0.0
2025-11-17 00:00:00-05:00,89.51000213623047,92.5999984741211,88.27999877929688,88.4000015258789,984500,0.0,0.0
2025-11-18 00:00:00-05:00,88.19999694824219,92.48999786376953,87.31999969482422,91.63999938964844,889600,0.0,0.0
2025-11-19 00:00:00-05:00,92.0,97.79000091552734,91.83499908447266,96.48999786376953,1524200,0.0,0.0
2025-11-20 00:00:00-05:00,97.19999694824219,98.44999694824219,95.05000305175781,95.19999694824219,790600,0.0,0.0
2025-11-21 00:00:00-05:00,94.94000244140625,99.7300033569336,93.7750015258789,99.62000274658203,1286100,0.0,0.0
2025-11-24 00:00:00-05:00,98.70999908447266,100.33999633789062,96.3499984741211,98.05999755859375,1129200,0.0,0.0
2025-11-25 00:00:00-05:00,98.66999816894531,106.04000091552734,98.66999816894531,104.3499984741211,1340400,0.0,0.0
2025-11-26 00:00:00-05:00,103.2300033569336,106.99500274658203,103.18000030517578,105.38999938964844,1075600,0.0,0.0
2025-11-28 00:00:00-05:00,105.0,107.18000030517578,104.82499694824219,106.29000091552734,244200,0.0,0.0
2025-12-01 00:00:00-05:00,105.29000091552734,106.61100006103516,104.11000061035156,106.11000061035156,570200,0.0,0.0
2025-12-02 00:00:00-05:00,106.25,107.82499694824219,104.83999633789062,106.06999969482422,655800,0.0,0.0
2025-12-03 00:00:00-05:00,106.5,109.30999755859375,106.02999877929688,107.45999908447266,763100,0.0,0.0
2025-12-04 00:00:00-05:00,107.5199966430664,110.0199966430664,107.30000305175781,108.8499984741211,702000,0.0,0.0
2025-12-05 00:00:00-05:00,109.16999816894531,112.0,107.6500015258789,108.51000213623047,467800,0.0,0.0
2025-12-08 00:00:00-05:00,109.44999694824219,109.73999786376953,107.27999877929688,108.45999908447266,642400,0.0,0.0
2025-12-09 00:00:00-05:00,108.95999908447266,110.0199966430664,106.5199966430664,106.87000274658203,738000,0.0,0.0
2025-12-10 00:00:00-05:00,106.70999908447266,109.37999725341797,105.87999725341797,108.72000122070312,1023800,0.0,0.0
2025-12-11 00:00:00-05:00,109.19999694824219,110.87000274658203,108.15499877929688,109.2300033569336,787700,0.0,0.0
2025-12-12 00:00:00-05:00,108.95999908447266,110.37000274658203,108.44999694824219,108.87999725341797,477200,0.0,0.0
2025-12-15 00:00:00-05:00,109.93000030517578,112.63999938964844,109.33000183105469,111.7300033569336,1466100,0.0,0.0
2025-12-16 00:00:00-05:00,111.55999755859375,114.80999755859375,111.08999633789062,113.76000213623047,1188000,0.0,0.0
2025-12-17 00:00:00-05:00,113.56999969482422,115.81999969482422,111.80999755859375,112.41999816894531,871500,0.0,0.0
2025-12-18 00:00:00-05:00,114.31999969482422,116.72000122070312,113.11000061035156,113.20999908447266,739500,0.0,0.0
2025-12-19 00:00:00-05:00,113.26000213623047,116.37999725341797,112.66999816894531,116.22000122070312,1150100,0.0,0.0
2025-12-22 00:00:00-05:00,117.22000122070312,118.16999816894531,115.20999908447266,117.08999633789062,602000,0.0,0.0
2025-12-23 00:00:00-05:00,116.83000183105469,117.12999725341797,115.06999969482422,116.18000030517578,378400,0.0,0.0
2025-12-24 00:00:00-05:00,116.37999725341797,117.94000244140625,116.19999694824219,116.63999938964844,200100,0.0,0.0
2025-12-26 00:00:00-05:00,116.11000061035156,116.80000305175781,115.22000122070312,116.20999908447266,255800,0.0,0.0
2025-12-29 00:00:00-05:00,116.08999633789062,116.7750015258789,115.0,115.55000305175781,309900,0.0,0.0
2025-12-30 00:00:00-05:00,115.33999633789062,115.88999938964844,114.05000305175781,114.23999786376953,359600,0.0,0.0
2025-12-31 00:00:00-05:00,114.13999938964844,114.62000274658203,112.62999725341797,112.91000366210938,341600,0.0,0.0
2026-01-02 00:00:00-05:00,114.47000122070312,114.47000122070312,110.45999908447266,110.72000122070312,517300,0.0,0.0
2026-01-05 00:00:00-05:00,110.70999908447266,113.97000122070312,110.70999908447266,112.51000213623047,487700,0.0,0.0
2026-01-06 00:00:00-05:00,111.37999725341797,113.80999755859375,109.06999969482422,112.27999877929688,718600,0.0,0.0
2026-01-07 00:00:00-05:00,112.62999725341797,114.56500244140625,112.55000305175781,113.7300033569336,388000,0.0,0.0
2026-01-08 00:00:00-05:00,112.4000015258789,115.0,111.97000122070312,114.1500015258789,625700,0.0,0.0
2026-01-09 00:00:00-05:00,113.9000015258789,114.7699966430664,110.70999908447266,112.91999816894531,575600,0.0,0.0
2026-01-12 00:00:00-05:00,112.11000061035156,112.11000061035156,109.23999786376953,110.91000366210938,293700,0.0,0.0
2026-01-13 00:00:00-05:00,110.69999694824219,111.52999877929688,108.70999908447266,110.2300033569336,691600,0.0,0.0
2026-01-14 00:00:00-05:00,94.80999755859375,105.0999984741211,93.95999908447266,104.43000030517578,2222100,0.0,0.0
2026-01-15 00:00:00-05:00,104.55999755859375,114.66999816894531,103.11000061035156,114.4800033569336,1356700,0.0,0.0
2026-01-16 00:00:00-05:00,114.56999969482422,121.62999725341797,113.96700286865234,120.23999786376953,1467700,0.0,0.0
2026-01-20 00:00:00-05:00,118.56999969482422,124.44400024414062,118.25599670410156,123.44999694824219,1231800,0.0,0.0
2026-01-21 00:00:00-05:00,121.30999755859375,124.83000183105469,119.69000244140625,124.16000366210938,910200,0.0,0.0
2026-01-22 00:00:00-05:00,126.9800033569336,130.22999572753906,125.05000305175781,125.9000015258789,1437300,0.0,0.0
2026-01-23 00:00:00-05:00,124.94999694824219,125.04000091552734,119.86000061035156,119.9800033569336,792000,0.0,0.0
2026-01-26 00:00:00-05:00,121.44999694824219,124.38999938964844,118.55000305175781,124.2699966430664,872400,0.0,0.0
2026-01-27 00:00:00-05:00,123.56999969482422,124.0,116.7300033569336,118.69999694824219,793200,0.0,0.0
2026-01-28 00:00:00-05:00,122.0999984741211,128.83999633789062,121.8499984741211,123.94000244140625,1063200,0.0,0.0
2026-01-29 00:00:00-05:00,123.94000244140625,123.94000244140625,118.66999816894531,119.06999969482422,753100,0.0,0.0
2026-01-30 00:00:00-05:00,120.13999938964844,123.54000091552734,116.62999725341797,119.37999725341797,761100,0.0,0.0
2026-02-02 00:00:00-05:00,119.63999938964844,121.73999786376953,117.41000366210938,117.47000122070312,530500,0.0,0.0
2026-02-03 00:00:00-05:00,118.5199966430664,119.56999969482422,116.4000015258789,118.13999938964844,501600,0.0,0.0
2026-02-04 00:00:00-05:00,117.94999694824219,118.0999984741211,110.72000122070312,114.66999816894531,930100,0.0,0.0
2026-02-05 00:00:00-05:00,114.9000015258789,116.75499725341797,112.66999816894531,113.5199966430664,787400,0.0,0.0
2026-02-06 00:00:00-05:00,114.37000274658203,114.9749984741211,110.6500015258789,112.5199966430664,951600,0.0,0.0
2026-02-09 00:00:00-05:00,112.62999725341797,113.51000213623047,110.38800048828125,113.2699966430664,538800,0.0,0.0
2026-02-10 00:00:00-05:00,113.41999816894531,115.19000244140625,112.63500213623047,113.02999877929688,435300,0.0,0.0
2026-02-11 00:00:00-05:00,114.98999786376953,114.98999786376953,106.43000030517578,109.02999877929688,869200,0.0,0.0
2026-02-12 00:00:00-05:00,108.87000274658203,109.33999633789062,105.37000274658203,106.73999786376953,498100,0.0,0.0
2026-02-13 00:00:00-05:00,107.58999633789062,110.62000274658203,106.75,109.47000122070312,606800,0.0,0.0
2026-02-17 00:00:00-05:00,109.7300033569336,111.77999877929688,106.58000183105469,106.63999938964844,1263500,0.0,0.0
2026-02-18 00:00:00-05:00,103.55000305175781,121.69499969482422,103.55000305175781,121.0,1789600,0.0,0.0
2026-02-19 00:00:00-05:00,119.47000122070312,120.19000244140625,114.9000015258789,117.0999984741211,1128600,0.0,0.0
2026-02-20 00:00:00-05:00,116.33000183105469,120.80000305175781,116.30000305175781,120.2699966430664,756200,0.0,0.0
2026-02-23 00:00:00-05:00,119.12000274658203,120.73999786376953,118.22000122070312,120.41000366210938,665700,0.0,0.0
2026-02-24 00:00:00-05:00,121.26000213623047,122.4800033569336,118.77300262451172,119.16999816894531,540600,0.0,0.0
2026-02-25 00:00:00-05:00,120.0999984741211,121.72000122070312,117.95999908447266,120.88999938964844,797500,0.0,0.0
2026-02-26 00:00:00-05:00,122.0,123.16000366210938,120.69999694824219,121.43000030517578,637600,0.0,0.0
2026-02-27 00:00:00-05:00,119.69000244140625,121.02999877929688,118.43000030517578,120.4000015258789,614600,0.0,0.0
2026-03-02 00:00:00-05:00,119.04000091552734,121.2699966430664,116.94999694824219,121.12000274658203,1171400,0.0,0.0
2026-03-03 00:00:00-05:00,118.5199966430664,118.5199966430664,112.66000366210938,117.75,589500,0.0,0.0
2026-03-04 00:00:00-05:00,117.19000244140625,117.73999786376953,114.83899688720703,115.37000274658203,301900,0.0,0.0
2026-03-05 00:00:00-05:00,113.27999877929688,114.4000015258789,111.4000015258789,112.0999984741211,436800,0.0,0.0
2026-03-06 00:00:00-05:00,110.0,110.01499938964844,106.5,107.7300033569336,622700,0.0,0.0
2026-03-09 00:00:00-04:00,105.83000183105469,106.22000122070312,99.83999633789062,105.77999877929688,953000,0.0,0.0
2026-03-10 00:00:00-04:00,105.80999755859375,106.77999877929688,102.30000305175781,103.1500015258789,875000,0.0,0.0
2026-03-11 00:00:00-04:00,102.77999877929688,104.13999938964844,100.46499633789062,102.86000061035156,508200,0.0,0.0
2026-03-12 00:00:00-04:00,100.75,101.91000366210938,97.13999938964844,97.79000091552734,866900,0.0,0.0
2026-03-13 00:00:00-04:00,98.43000030517578,100.7300033569336,95.87000274658203,97.0199966430664,646400,0.0,0.0
2026-03-16 00:00:00-04:00,97.98999786376953,99.54000091552734,96.47000122070312,98.94000244140625,477000,0.0,0.0
2026-03-17 00:00:00-04:00,99.1500015258789,103.08000183105469,98.91999816894531,102.93000030517578,816100,0.0,0.0
2026-03-18 00:00:00-04:00,101.69999694824219,104.64299774169922,101.28500366210938,103.22000122070312,562200,0.0,0.0
2026-03-19 00:00:00-04:00,102.98999786376953,104.55000305175781,100.45999908447266,102.08999633789062,603100,0.0,0.0
2026-03-20 00:00:00-04:00,104.5199966430664,105.36000061035156,100.1500015258789,100.98999786376953,1143400,0.0,0.0
2026-03-23 00:00:00-04:00,104.12999725341797,107.83999633789062,102.23500061035156,106.83999633789062,1085900,0.0,0.0
2026-03-24 00:00:00-04:00,105.23999786376953,107.16500091552734,103.69000244140625,105.2300033569336,781900,0.0,0.0
2026-03-25 00:00:00-04:00,106.45999908447266,109.66999816894531,105.3949966430664,109.5999984741211,706200,0.0,0.0
2026-03-26 00:00:00-04:00,108.51000213623047,110.12999725341797,107.30999755859375,107.75,885500,0.0,0.0
2026-03-27 00:00:00-04:00,106.73999786376953,106.73999786376953,102.12000274658203,103.18000030517578,625300,0.0,0.0
2026-03-30 00:00:00-04:00,103.48999786376953,105.47000122070312,102.12000274658203,105.01000213623047,608000,0.0,0.0
2026-03-31 00:00:00-04:00,106.75,108.9000015258789,104.77999877929688,107.66000366210938,627600,0.0,0.0
2026-04-01 00:00:00-04:00,108.69000244140625,113.65499877929688,107.68000030517578,112.63999938964844,1000400,0.0,0.0
2026-04-02 00:00:00-04:00,109.79000091552734,113.8949966430664,108.72000122070312,112.7699966430664,591400,0.0,0.0
2026-04-06 00:00:00-04:00,112.26000213623047,116.80999755859375,110.5,116.69000244140625,845900,0.0,0.0
2026-04-07 00:00:00-04:00,115.01000213623047,117.47000122070312,113.25499725341797,115.05999755859375,707000,0.0,0.0
2026-04-08 00:00:00-04:00,119.8499984741211,123.01000213623047,117.44499969482422,118.62000274658203,799000,0.0,0.0
2026-04-09 00:00:00-04:00,118.27999877929688,120.66999816894531,115.27999877929688,119.44999694824219,536000,0.0,0.0
2026-04-10 00:00:00-04:00,120.66999816894531,120.95999908447266,116.09500122070312,116.4000015258789,522100,0.0,0.0
2026-04-13 00:00:00-04:00,116.33000183105469,119.66999816894531,116.0,119.48999786376953,543400,0.0,0.0
2026-04-14 00:00:00-04:00,119.5,122.0,119.5,120.5199966430664,579100,0.0,0.0
2026-04-15 00:00:00-04:00,121.0199966430664,122.0,118.56700134277344,121.0,491800,0.0,0.0
2026-04-16 00:00:00-04:00,121.12999725341797,123.3949966430664,120.40499877929688,121.62000274658203,793500,0.0,0.0
2026-04-17 00:00:00-04:00,123.80000305175781,127.0,123.41100311279297,124.79000091552734,585700,0.0,0.0
2026-04-20 00:00:00-04:00,123.77999877929688,127.0,122.52999877929688,124.55000305175781,442200,0.0,0.0
2026-04-21 00:00:00-04:00,123.9800033569336,125.30000305175781,121.16999816894531,122.11000061035156,496800,0.0,0.0
2026-04-22 00:00:00-04:00,123.5,126.38999938964844,120.63500213623047,121.6500015258789,459700,0.0,0.0
2026-04-23 00:00:00-04:00,121.25,123.20500183105469,119.83499908447266,120.87000274658203,473900,0.0,0.0
2026-04-24 00:00:00-04:00,121.0999984741211,122.27999877929688,119.0250015258789,121.4800033569336,455000,0.0,0.0
2026-04-27 00:00:00-04:00,121.56999969482422,124.375,120.81999969482422,122.06999969482422,802400,0.0,0.0
2026-04-28 00:00:00-04:00,122.20999908447266,123.05000305175781,118.69999694824219,119.62999725341797,494500,0.0,0.0
2026-04-29 00:00:00-04:00,117.83999633789062,120.06999969482422,113.0,116.95999908447266,1164200,0.0,0.0
2026-04-30 00:00:00-04:00,141.5,145.5,130.8990020751953,143.6699981689453,2674200,0.0,0.0
2026-05-01 00:00:00-04:00,143.5399932861328,146.75,140.22000122070312,140.22000122070312,1317300,0.0,0.0
2026-05-04 00:00:00-04:00,139.67999267578125,141.22000122070312,134.74000549316406,135.85000610351562,942700,0.0,0.0
2026-05-05 00:00:00-04:00,137.10000610351562,137.8699951171875,131.93499755859375,133.4199981689453,888200,0.0,0.0
2026-05-06 00:00:00-04:00,133.69000244140625,136.41000366210938,131.35000610351562,135.27000427246094,889300,0.0,0.0
2026-05-07 00:00:00-04:00,136.35000610351562,137.33999633789062,132.1199951171875,134.14999389648438,549200,0.0,0.0
2026-05-08 00:00:00-04:00,135.1199951171875,135.2550048828125,130.0399932861328,133.52000427246094,454500,0.0,0.0
2026-05-11 00:00:00-04:00,132.36000061035156,136.25999450683594,130.63999938964844,135.3699951171875,814300,0.0,0.0
2026-05-12 00:00:00-04:00,135.10000610351562,137.1999969482422,133.11000061035156,136.36000061035156,667100,0.0,0.0
2026-05-13 00:00:00-04:00,135.17999267578125,138.33999633789062,133.22000122070312,137.2899932861328,490200,0.0,0.0
2026-05-14 00:00:00-04:00,137.72999572753906,142.1999969482422,136.33999633789062,142.14999389648438,536300,0.0,0.0
2026-05-15 00:00:00-04:00,142.27000427246094,144.16000366210938,140.91000366210938,144.00999450683594,978700,0.0,0.0
2026-05-18 00:00:00-04:00,144.99000549316406,148.11000061035156,141.52000427246094,142.17999267578125,814300,0.0,0.0
2026-05-19 00:00:00-04:00,141.32000732421875,142.85000610351562,137.32000732421875,139.89999389648438,728900,0.0,0.0
2026-05-20 00:00:00-04:00,140.9499969482422,146.7100067138672,137.8300018310547,143.82000732421875,951700,0.0,0.0
2026-05-21 00:00:00-04:00,140.63999938964844,140.63999938964844,133.6199951171875,139.02999877929688,1309000,0.0,0.0
2026-05-22 00:00:00-04:00,139.13999938964844,139.42999267578125,118.63999938964844,120.2300033569336,2709800,0.0,0.0
2026-05-26 00:00:00-04:00,119.70999908447266,120.54499816894531,106.23999786376953,114.97000122070312,2705700,0.0,0.0
2026-05-27 00:00:00-04:00,114.08999633789062,114.51000213623047,109.2699966430664,109.87999725341797,1231500,0.0,0.0
2026-05-28 00:00:00-04:00,108.30000305175781,111.05000305175781,105.92400360107422,106.5199966430664,1563800,0.0,0.0
2026-05-29 00:00:00-04:00,106.56999969482422,108.41999816894531,101.47000122070312,103.3499984741211,1708700,0.0,0.0
2026-06-01 00:00:00-04:00,103.51000213623047,105.04499816894531,99.4800033569336,103.12000274658203,1431300,0.0,0.0
2026-06-02 00:00:00-04:00,101.7699966430664,113.08999633789062,100.26000213623047,110.77999877929688,1867000,0.0,0.0
2026-06-03 00:00:00-04:00,108.76000213623047,115.4749984741211,108.76000213623047,113.63999938964844,1095200,0.0,0.0
2026-06-04 00:00:00-04:00,114.19000244140625,123.44000244140625,113.12999725341797,121.69000244140625,1584200,0.0,0.0
2026-06-05 00:00:00-04:00,122.66999816894531,128.04989624023438,120.61000061035156,125.0,1239399,0.0,0.0
