Date,Open,High,Low,Close,Volume,Change
2022-01-03,11250,11550,10550,11500,436679,0.00877192982456143
2022-01-04,11200,12300,11100,11900,648878,0.034782608695652195
2022-01-05,11700,13850,11050,11250,4958162,-0.054621848739495826
2022-01-06,11300,12550,11300,12300,2035126,0.09333333333333327
2022-01-07,13800,15250,13350,13700,8728641,0.11382113821138207
2022-01-10,13650,16950,13600,16050,9615166,0.17153284671532854
2022-01-11,16000,17100,14750,15300,6798672,-0.04672897196261683
2022-01-12,15300,15750,14950,15100,1511369,-0.013071895424836555
2022-01-13,15000,15250,13550,13650,1540780,-0.09602649006622521
2022-01-14,14000,14350,13400,13550,1137813,-0.0073260073260073
2022-01-17,15200,15950,14400,15050,6953849,0.11070110701107017
2022-01-18,14550,14600,13850,13900,1089127,-0.07641196013289031
2022-01-19,14450,14700,13700,13700,1167326,-0.014388489208633115
2022-01-20,13750,14050,13500,13600,716005,-0.007299270072992692
2022-01-21,13750,14050,13250,13500,711510,-0.007352941176470562
2022-01-24,13900,15100,13350,14200,2862063,0.051851851851851816
2022-01-25,14400,15000,13600,15000,1250028,0.05633802816901401
2022-01-26,14600,14900,13950,14000,1056612,-0.06666666666666665
2022-01-27,13850,13950,12300,12300,801797,-0.12142857142857144
2022-01-28,12300,12800,11650,12600,710862,0.024390243902439046
2022-02-03,12800,13050,12500,12950,568162,0.02777777777777768
2022-02-04,12900,13400,12700,13250,552022,0.02316602316602312
2022-02-07,13300,13600,13000,13550,431249,0.02264150943396226
2022-02-08,13500,14150,13400,13800,588602,0.01845018450184499
2022-02-09,13700,14050,13600,14000,269563,0.01449275362318847
2022-02-10,14050,14050,13200,13200,300878,-0.05714285714285716
2022-02-11,13050,13800,12950,13600,344808,0.030303030303030276
2022-02-14,13550,14450,13200,13850,1166079,0.018382352941176405
2022-02-15,14000,14050,12150,12600,866058,-0.09025270758122739
2022-02-16,13150,13850,12800,13450,730261,0.06746031746031744
2022-02-17,13650,14700,13500,14400,2195724,0.07063197026022294
2022-02-18,15100,16450,14700,15450,6751435,0.07291666666666674
2022-02-21,14800,15150,14500,14700,1104435,-0.04854368932038833
2022-02-22,14300,14400,13300,13350,1125413,-0.09183673469387754
2022-02-23,13350,13800,13200,13700,553184,0.02621722846441954
2022-02-24,13300,13550,12300,12300,879607,-0.1021897810218978
2022-02-25,12650,13400,12650,13400,923360,0.08943089430894302
2022-02-28,12500,12850,12450,12700,675453,-0.052238805970149294
2022-03-02,12950,13050,12400,12400,648915,-0.023622047244094446
2022-03-03,14800,15200,12750,12900,5331345,0.040322580645161255
2022-03-04,12750,12800,11850,12050,1407285,-0.06589147286821706
2022-03-07,12050,12050,10800,10850,1626450,-0.09958506224066388
2022-03-08,10450,11400,9010,9040,3217922,-0.16682027649769582
2022-03-10,10450,10650,9000,9070,5290895,0.0033185840707965486
2022-03-11,8910,9010,8290,8330,2320711,-0.08158765159867698
2022-03-14,8300,8310,7810,7860,1084836,-0.056422569027611
2022-03-15,7850,8040,7800,7800,843973,-0.007633587786259555
2022-03-16,7850,8240,7700,8120,1046610,0.0410256410256411
2022-03-17,8220,8320,8110,8140,512486,0.0024630541871921707
2022-03-18,8110,8170,8000,8060,307723,-0.009828009828009798
2022-03-21,8100,8150,7940,8060,292840,0.0
2022-03-22,8060,8120,7950,7980,285876,-0.00992555831265507
2022-03-23,8020,9730,7950,9100,9396351,0.14035087719298245
2022-03-24,8930,9110,8750,8920,1094704,-0.01978021978021982
2022-03-25,9070,9070,8680,8680,588336,-0.026905829596412523
2022-03-28,8750,9000,8720,8720,521527,0.004608294930875667
2022-03-29,8690,8720,8450,8540,361588,-0.020642201834862428
2022-03-30,8570,8660,8380,8390,302077,-0.01756440281030447
2022-03-31,8340,8550,8340,8440,199135,0.005959475566150285
2022-04-01,8450,8540,8300,8450,158513,0.0011848341232227888
2022-04-04,8440,8500,8350,8410,165534,-0.004733727810650845
2022-04-05,8420,8420,8300,8310,167400,-0.01189060642092743
2022-04-06,8300,8300,8160,8180,153426,-0.01564380264741272
2022-04-07,8100,8140,7940,7940,216023,-0.02933985330073352
2022-04-08,7940,8070,7920,7930,135744,-0.0012594458438287548
2022-04-11,7820,8160,7820,7990,181877,0.007566204287515754
2022-04-12,7840,7990,7810,7850,135197,-0.017521902377972465
2022-04-13,7860,8120,7860,7920,193260,0.008917197452229297
2022-04-14,7950,7950,7820,7860,101994,-0.007575757575757569
2022-04-15,7820,7850,7710,7730,126214,-0.01653944020356235
2022-04-18,7740,7750,7250,7470,196056,-0.03363518758085382
2022-04-19,7470,7600,7410,7600,86256,0.01740294511378848
2022-04-20,7590,7900,7580,7830,194813,0.03026315789473677
2022-04-21,7780,8010,7760,8010,146426,0.02298850574712641
2022-04-22,8010,8050,7810,7830,149443,-0.022471910112359605
2022-04-25,7670,7740,7420,7420,150374,-0.05236270753512129
2022-04-26,7420,7650,7410,7480,111624,0.008086253369272267
2022-04-27,7220,7390,7220,7300,92434,-0.024064171122994638
2022-04-28,7300,7380,7090,7120,130520,-0.024657534246575352
2022-04-29,7170,7410,7160,7220,119905,0.014044943820224809
2022-05-02,7100,7340,7100,7320,81935,0.013850415512465464
2022-05-03,7320,7640,7310,7500,181953,0.024590163934426146
2022-05-04,7510,7860,7450,7510,249560,0.0013333333333334085
2022-05-06,7350,7480,7330,7460,81347,-0.0066577896138482195
2022-05-09,7430,7510,7090,7130,119068,-0.0442359249329759
2022-05-10,7010,8500,6800,7200,2591334,0.009817671809256634
2022-05-11,7130,7390,7040,7040,374031,-0.022222222222222254
2022-05-12,6920,7240,6570,6580,284901,-0.06534090909090906
2022-05-13,6570,6930,6550,6700,222599,0.01823708206686936
2022-05-16,6770,7140,6770,7000,211000,0.04477611940298498
2022-05-17,7000,7050,6880,6980,90990,-0.0028571428571428914
2022-05-18,7020,7110,6940,6960,75074,-0.002865329512893977
2022-05-19,6700,6880,6700,6800,89224,-0.02298850574712641
2022-05-20,6800,6930,6790,6860,65445,0.008823529411764675
2022-05-23,6850,6940,6700,6840,55515,-0.002915451895043719
2022-05-24,6800,6940,6650,6650,76917,-0.02777777777777779
2022-05-25,6650,6750,6580,6610,59240,-0.006015037593984918
2022-05-26,6620,6850,6610,6690,74070,0.012102874432677657
2022-05-27,6820,6880,6720,6780,65818,0.013452914798206317
2022-05-30,6770,6950,6770,6870,58745,0.01327433628318575
2022-05-31,6910,6920,6820,6900,49272,0.004366812227074135
2022-06-02,6920,6930,6780,6860,59031,-0.005797101449275366
2022-06-03,6850,7080,6850,6930,96448,0.010204081632652962
2022-06-07,6930,7050,6800,6830,68550,-0.01443001443001446
2022-06-08,6840,6970,6650,6670,134300,-0.02342606149341142
2022-06-09,6600,6700,6440,6520,108935,-0.022488755622188883
2022-06-10,6460,6600,6380,6420,77083,-0.015337423312883458
2022-06-13,6350,6360,6030,6040,163537,-0.05919003115264798
2022-06-14,5800,6070,5800,6060,150666,0.0033112582781456013
2022-06-15,5910,6060,5600,5620,156300,-0.0726072607260726
2022-06-16,5670,6090,5670,5720,151930,0.017793594306049876
2022-06-17,5500,5790,5440,5730,116779,0.0017482517482516613
2022-06-20,5730,5800,5250,5370,152424,-0.06282722513089001
2022-06-21,5300,5520,5300,5440,107967,0.013035381750465591
2022-06-22,5490,5570,5160,5160,111625,-0.05147058823529416
2022-06-23,5140,5200,4635,4760,213227,-0.07751937984496127
2022-06-24,4650,5060,4650,5060,220231,0.06302521008403361
2022-06-27,5100,5360,5080,5310,113870,0.049407114624505866
2022-06-28,5310,5440,5230,5360,46737,0.009416195856873921
2022-06-29,5200,5370,5200,5360,37268,0.0
2022-06-30,5380,5380,5210,5300,57464,-0.011194029850746245
2022-07-01,5250,5370,4980,4980,88888,-0.060377358490566024
2022-07-04,4960,5120,4925,4990,68435,0.002008032128514081
2022-07-05,5000,5270,5000,5250,95663,0.05210420841683372
2022-07-06,5300,5360,5190,5280,43923,0.005714285714285783
2022-07-07,5290,5380,5210,5300,45037,0.0037878787878788955
2022-07-08,5300,5480,5300,5410,111847,0.020754716981132182
2022-07-11,5430,5560,5330,5520,100418,0.020332717190388205
2022-07-12,5450,5540,5360,5460,77467,-0.010869565217391353
2022-07-13,5400,5570,5400,5540,98385,0.0146520146520146
2022-07-14,5510,5630,5380,5600,86650,0.010830324909747224
2022-07-15,5540,5560,5260,5440,112970,-0.02857142857142858
2022-07-18,5430,5560,5430,5550,52435,0.020220588235294157
2022-07-19,5550,5570,5420,5530,44939,-0.003603603603603567
2022-07-20,5570,5800,5570,5700,119441,0.030741410488245968
2022-07-21,5700,6900,5660,6330,4080823,0.11052631578947358
2022-07-22,6330,6410,6070,6120,447514,-0.033175355450236976
2022-07-25,6100,6140,5890,6000,269824,-0.019607843137254943
2022-07-26,6180,6180,5800,5880,253886,-0.020000000000000018
2022-07-27,6320,6890,6100,6110,3508612,0.03911564625850339
2022-07-28,6230,6330,5960,5980,425540,-0.021276595744680882
2022-07-29,5990,6010,5900,5940,236783,-0.006688963210702337
2022-08-01,6070,7130,6070,6450,7254978,0.08585858585858586
2022-08-02,6410,6750,6200,6580,1914624,0.020155038759689825
2022-08-03,6360,6450,6170,6240,771266,-0.05167173252279633
2022-08-04,6200,6220,6110,6110,240788,-0.02083333333333337
2022-08-05,6100,6170,6060,6130,174528,0.003273322422258529
2022-08-08,6110,6130,5950,5980,199557,-0.024469820554649302
2022-08-09,5940,5990,5780,5810,203735,-0.02842809364548493
2022-08-10,5850,5850,5600,5610,171655,-0.03442340791738385
2022-08-11,5570,5690,5570,5600,137621,-0.0017825311942959443
2022-08-12,5610,5640,5540,5570,91435,-0.005357142857142838
2022-08-16,5570,6380,5390,6000,3724851,0.07719928186714542
2022-08-17,5920,5940,5750,5750,356521,-0.04166666666666663
2022-08-18,5770,6350,5640,5810,1398550,0.01043478260869568
2022-08-19,5750,5870,5640,5660,153165,-0.025817555938037917
2022-08-22,5570,6100,5450,5520,846123,-0.02473498233215543
2022-08-23,5430,5540,5330,5370,124123,-0.02717391304347827
2022-08-24,5370,5490,5370,5370,74055,0.0
2022-08-25,5380,5530,5380,5460,61909,0.016759776536312776
2022-08-26,5580,5730,5430,5450,120004,-0.001831501831501825
2022-08-29,5220,5350,5180,5200,84265,-0.04587155963302747
2022-08-30,5200,5290,5200,5240,54829,0.007692307692307665
2022-08-31,5210,5350,5200,5290,43946,0.009541984732824416
2022-09-01,5290,5300,5150,5160,59497,-0.02457466918714557
2022-09-02,5170,5350,5110,5120,104153,-0.007751937984496138
2022-09-05,5130,5330,5070,5070,124600,-0.009765625
2022-09-06,5070,5150,5040,5060,63703,-0.0019723865877712132
2022-09-07,5080,5080,4800,4805,113946,-0.05039525691699609
2022-09-08,4810,4870,4810,4815,45539,0.0020811654526535772
2022-09-13,4830,5030,4830,4985,77121,0.03530633437175501
2022-09-14,4715,4940,4715,4900,50650,-0.017051153460381108
2022-09-15,4900,5050,4875,4930,34382,0.00612244897959191
2022-09-16,4885,4915,4800,4820,53747,-0.022312373225152116
2022-09-19,4820,4950,4555,4555,102394,-0.05497925311203322
2022-09-20,4545,5460,4535,4860,1619771,0.06695938529088918
2022-09-21,4810,4960,4800,4810,185454,-0.010288065843621408
2022-09-22,4695,4800,4340,4450,233115,-0.07484407484407485
2022-09-23,4410,4495,4195,4265,143703,-0.04157303370786514
2022-09-26,4140,4220,3910,3915,192953,-0.082063305978898
2022-09-27,3810,4360,3810,4070,404377,0.03959131545338446
2022-09-28,3955,4115,3800,3905,126620,-0.04054054054054057
2022-09-29,3925,4250,3865,3910,204682,0.001280409731113874
2022-09-30,3815,3900,3735,3900,127954,-0.002557544757033292
2022-10-04,3965,4075,3950,4060,68745,0.0410256410256411
2022-10-05,4090,4280,3950,4055,181551,-0.0012315270935960854
2022-10-06,4085,4225,4085,4180,55011,0.03082614056720101
2022-10-07,4175,4245,4095,4110,39981,-0.01674641148325362
2022-10-11,4065,4305,3820,3825,473287,-0.06934306569343063
2022-10-12,3825,3885,3740,3860,61888,0.009150326797385588
2022-10-13,3855,3875,3580,3605,142947,-0.06606217616580312
2022-10-14,3650,3950,3650,3900,153532,0.08183079056865461
2022-10-17,3890,4000,3820,3940,52061,0.01025641025641022
2022-10-18,3955,4100,3950,4035,55872,0.024111675126903487
2022-10-19,4030,4135,3995,4035,78665,0.0
2022-10-20,4060,4125,3975,3975,54363,-0.014869888475836479
2022-10-21,3975,4110,3930,3965,70009,-0.002515723270440251
2022-10-24,4045,4135,4005,4025,44394,0.015132408575031508
2022-10-25,4085,4130,4045,4070,47402,0.011180124223602483
2022-10-26,4115,4115,3970,3970,48409,-0.02457002457002455
2022-10-27,4020,4075,3960,4040,38444,0.017632241813602123
2022-10-28,4065,4065,3935,3975,32826,-0.016089108910891103
2022-10-31,3980,4025,3960,4000,33702,0.0062893081761006275
2022-11-01,3965,4020,3830,4020,60196,0.004999999999999893
2022-11-02,3980,4025,3880,4020,41268,0.0
2022-11-03,3960,4015,3905,4015,19961,-0.0012437810945273853
2022-11-04,4015,4015,3870,3995,45436,-0.00498132004981322
2022-11-07,3995,4040,3965,4040,36805,0.01126408010012514
2022-11-08,4035,4150,4030,4130,68479,0.022277227722772297
2022-11-09,4155,4240,4125,4195,98433,0.0157384987893463
2022-11-10,4175,4175,4080,4110,43678,-0.020262216924910592
2022-11-11,4180,4255,4175,4255,93851,0.035279805352798066
2022-11-14,4325,4380,4270,4350,102920,0.02232667450058745
2022-11-15,4335,4465,4330,4455,74164,0.024137931034482696
2022-11-16,4475,4490,4400,4465,60530,0.002244668911335568
2022-11-17,4465,4470,4385,4410,48807,-0.012318029115341522
2022-11-18,4455,4505,4310,4330,56230,-0.01814058956916098
2022-11-21,4285,4295,4200,4275,51229,-0.012702078521939941
2022-11-22,4205,4375,4205,4345,34333,0.01637426900584793
2022-11-23,4385,4390,4275,4360,87980,0.0034522439585731313
2022-11-24,4500,4595,4365,4400,147647,0.00917431192660545
2022-11-25,4400,4415,4330,4370,23662,-0.006818181818181834
2022-11-28,4370,4370,4205,4225,40288,-0.03318077803203656
2022-11-29,4120,4270,4115,4270,33210,0.010650887573964596
2022-11-30,4310,4310,4250,4285,16657,0.003512880562060783
2022-12-01,4335,4350,4285,4295,31009,0.002333722287047868
2022-12-02,4320,4460,4310,4425,109186,0.030267753201397074
2022-12-05,4425,4465,4375,4390,32808,-0.00790960451977396
2022-12-06,4315,4340,4265,4265,36078,-0.028473804100227817
2022-12-07,4240,4240,4140,4180,21192,-0.01992966002344665
2022-12-08,4150,4150,4035,4060,59227,-0.028708133971291905
2022-12-09,4060,4200,4055,4140,42314,0.019704433497536922
2022-12-12,4175,4245,4120,4160,35073,0.004830917874396157
2022-12-13,4120,4210,4085,4150,32410,-0.0024038461538461453
2022-12-14,4115,4240,4115,4190,22747,0.009638554216867545
2022-12-15,4225,4225,4110,4190,30781,0.0
2022-12-16,4110,4220,4080,4180,41057,-0.0023866348448687846
2022-12-19,4300,4380,4075,4075,194833,-0.02511961722488043
2022-12-20,4150,4150,3940,3940,70802,-0.03312883435582825
2022-12-21,3945,4010,3900,3950,36908,0.002538071065989911
2022-12-22,3950,4005,3950,3985,34749,0.008860759493670933
2022-12-23,3985,4000,3890,3940,63390,-0.01129234629861986
2022-12-26,3920,3920,3860,3870,42667,-0.017766497461928932
2022-12-27,3860,3940,3860,3920,38545,0.012919896640826822
2022-12-28,3920,3940,3885,3905,27150,-0.003826530612244916
2022-12-29,3870,3870,3725,3770,68572,-0.03457106274007682
2023-01-02,3725,3990,3705,3770,66848,0.0
2023-01-03,3710,3815,3625,3805,59529,0.009283819628647105
2023-01-04,3765,3885,3765,3860,68677,0.014454664914586024
2023-01-05,3860,3955,3860,3900,108722,0.010362694300518172
2023-01-06,4290,4375,3955,4000,863291,0.02564102564102555
2023-01-09,4060,4150,3995,4145,201942,0.03624999999999989
2023-01-10,4145,5380,4090,5050,7751555,0.21833534378769603
2023-01-11,5030,5960,4995,5460,11250770,0.08118811881188126
2023-01-12,5450,5950,5400,5480,4441354,0.00366300366300365
2023-01-13,5650,5730,5410,5440,2437364,-0.007299270072992692
2023-01-16,5280,6220,5270,5580,8145041,0.025735294117646967
2023-01-17,5510,5510,5420,5470,462171,-0.01971326164874554
2023-01-18,5430,5440,5270,5270,340435,-0.03656307129798908
2023-01-19,5270,5310,4950,4950,364710,-0.06072106261859578
2023-01-20,4960,5890,4955,5480,8419346,0.1070707070707071
2023-01-25,5590,5880,5040,5060,2615117,-0.07664233576642332
2023-01-26,5090,5120,4990,5000,429008,-0.011857707509881465
2023-01-27,4970,5310,4955,5000,1316198,0.0
2023-01-30,5020,5180,4970,5000,616903,0.0
2023-01-31,5210,5450,5070,5090,1315558,0.018000000000000016
2023-02-01,5120,5450,5090,5250,1274802,0.03143418467583503
2023-02-02,5280,5300,5180,5240,333117,-0.0019047619047618536
2023-02-03,5240,5410,5220,5300,546594,0.011450381679389388
2023-02-06,5340,5350,5210,5280,249886,-0.0037735849056603765
2023-02-07,5260,5500,5160,5470,1415049,0.0359848484848484
2023-02-08,5630,5680,5470,5540,841966,0.01279707495429605
2023-02-09,5540,6370,5540,5930,7346987,0.07039711191335729
2023-02-10,5890,5990,5610,5630,798690,-0.050590219224283306
2023-02-13,5700,5710,5360,5700,537562,0.01243339253996445
2023-02-14,5680,5880,5570,5570,658875,-0.02280701754385961
2023-02-15,5590,5660,5170,5210,332714,-0.06463195691202872
2023-02-16,5220,5330,5070,5130,226195,-0.015355086372360827
2023-02-17,5090,5090,4980,5020,181822,-0.021442495126705707
2023-02-20,5020,5140,4990,5140,104491,0.0239043824701195
2023-02-21,5100,5280,5100,5210,181386,0.013618677042801508
2023-02-22,5150,5380,5010,5040,297494,-0.03262955854126681
2023-02-23,5060,5260,5060,5120,162540,0.015873015873015817
2023-02-24,5130,5180,5080,5130,121697,0.001953125
2023-02-27,5100,5130,4940,5010,135922,-0.023391812865497075
2023-02-28,4995,5170,4995,5130,101551,0.0239520958083832
2023-03-02,5130,5150,5020,5090,87828,-0.007797270955165692
2023-03-03,5140,5530,5090,5530,801182,0.08644400785854622
2023-03-06,5510,5560,5400,5410,362291,-0.02169981916817365
2023-03-07,5370,5490,5360,5390,252489,-0.003696857670979714
2023-03-08,5250,5270,5160,5190,177683,-0.03710575139146566
2023-03-09,5050,5980,5040,5480,2869937,0.05587668593448947
2023-03-10,5360,5440,5080,5110,480285,-0.06751824817518248
2023-03-13,5070,5130,4870,5050,235554,-0.011741682974559686
2023-03-14,5020,5050,4690,4720,272582,-0.0653465346534653
2023-03-15,4745,4985,4745,4920,150368,0.04237288135593231
2023-03-16,4720,4790,4615,4645,374012,-0.055894308943089444
2023-03-17,4685,4845,4680,4810,125364,0.03552206673842839
2023-03-20,4805,4870,4765,4780,56759,-0.006237006237006182
2023-03-21,4820,4840,4680,4685,83159,-0.01987447698744771
2023-03-22,4690,4690,4595,4610,106135,-0.016008537886872953
2023-03-23,4600,4670,4560,4620,73155,0.002169197396963085
2023-03-24,4600,4810,4600,4780,112793,0.03463203463203457
2023-03-27,4845,4845,4630,4765,90927,-0.003138075313807498
2023-03-28,4760,4825,4730,4795,77941,0.006295907660021083
2023-03-29,4800,4800,4700,4715,99499,-0.016684045881126153
2023-03-30,4715,4750,4655,4730,69302,0.0031813361611876534
2023-03-31,4685,4720,4600,4600,120994,-0.02748414376321351
2023-04-03,4605,4735,4605,4715,108131,0.02499999999999991
2023-04-04,4675,4785,4655,4775,70090,0.012725344644750836
2023-04-05,4730,4810,4730,4765,72760,-0.0020942408376963817
2023-04-06,4735,4735,4625,4650,91565,-0.02413431269674715
2023-04-07,4670,4670,4590,4620,71833,-0.006451612903225823
2023-04-10,4620,4630,4410,4490,164584,-0.02813852813852813
2023-04-11,4530,4535,4370,4470,90221,-0.0044543429844098315
2023-04-12,4440,4570,4440,4530,59962,0.01342281879194629
2023-04-13,4485,4605,4395,4560,104333,0.0066225165562914245
2023-04-14,4565,4665,4565,4650,116270,0.019736842105263053
2023-04-17,4650,4715,4625,4690,93568,0.008602150537634357
2023-04-18,4670,4705,4610,4610,57703,-0.017057569296375252
2023-04-19,4615,4770,4610,4670,141576,0.013015184381778733
2023-04-20,4670,4670,4515,4520,107470,-0.032119914346895095
2023-04-21,4470,4525,4395,4445,66415,-0.0165929203539823
2023-04-24,4400,4400,4300,4300,56825,-0.032620922384701934
2023-04-25,4235,4320,4135,4220,105094,-0.018604651162790753
2023-04-26,4155,4280,4100,4200,55179,-0.004739336492891044
2023-04-27,4155,4280,4155,4265,37516,0.015476190476190421
2023-04-28,4290,4340,4230,4255,56703,-0.0023446658851113966
2023-05-02,4255,4440,4180,4440,69945,0.04347826086956519
2023-05-03,4355,4515,4350,4450,96896,0.0022522522522523403
2023-05-04,4400,4455,4255,4385,73893,-0.014606741573033655
2023-05-08,4525,4525,4405,4470,56257,0.019384264538198304
2023-05-09,4430,4500,4395,4395,33017,-0.016778523489932917
2023-05-10,4385,4495,4315,4375,25568,-0.004550625711035261
2023-05-11,4375,4495,4375,4375,24538,0.0
2023-05-12,4340,4425,4305,4320,30034,-0.012571428571428567
2023-05-15,4295,4525,4180,4525,62745,0.04745370370370372
2023-05-16,4480,4520,4390,4420,58840,-0.023204419889502725
2023-05-17,4405,4465,4400,4460,26734,0.009049773755656076
2023-05-18,4430,4480,4425,4460,31566,0.0
2023-05-19,4460,4525,4450,4480,53618,0.004484304932735439
2023-05-22,4530,4530,4485,4520,26545,0.008928571428571397
2023-05-23,4535,4535,4450,4450,52411,-0.015486725663716783
2023-05-24,4450,4550,4385,4470,98165,0.004494382022471877
2023-05-25,4470,4595,4450,4530,85803,0.01342281879194629
2023-05-26,4550,4550,4410,4410,74689,-0.026490066225165587
2023-05-30,4410,4600,4410,4515,67978,0.023809523809523725
2023-05-31,4470,4585,4470,4490,63233,-0.0055370985603543366
2023-06-01,4490,4970,4490,4895,1590416,0.09020044543429839
2023-06-02,4850,4945,4735,4815,198159,-0.01634320735444328
2023-06-05,4815,4875,4645,4655,236211,-0.03322949117341645
2023-06-07,4550,4650,4450,4475,446452,-0.03866809881847477
2023-06-08,4460,4565,4425,4425,190740,-0.011173184357541888
2023-06-09,4435,4485,4420,4480,59937,0.012429378531073398
2023-06-12,4470,4490,4445,4450,68027,-0.006696428571428603
2023-06-13,4425,4480,4425,4425,58570,-0.005617977528089901
2023-06-14,4425,4445,4310,4330,74083,-0.021468926553672274
2023-06-15,4365,4500,4250,4250,91383,-0.018475750577367167
2023-06-16,4285,4330,4255,4300,52749,0.0117647058823529
2023-06-19,4350,4465,4300,4385,84012,0.019767441860465196
2023-06-20,4385,4545,4385,4495,156574,0.025085518814139007
2023-06-21,4545,5840,4505,5840,11810970,0.2992213570634037
2023-06-22,6370,7300,6270,6650,24045715,0.13869863013698636
2023-06-23,6690,6690,5980,6200,3500664,-0.06766917293233088
2023-06-26,6220,7670,5910,6640,27070414,0.07096774193548394
2023-06-27,6570,7480,6500,6650,10429675,0.001506024096385561
2023-06-28,6600,7190,6530,6710,4920614,0.009022556390977376
2023-06-29,6600,6710,6160,6370,1369550,-0.05067064083457529
2023-06-30,6240,6370,6080,6230,795092,-0.02197802197802201
2023-07-03,6280,6460,6220,6340,948679,0.017656500802568198
2023-07-04,6270,6760,6160,6300,3410017,-0.006309148264984188
2023-07-05,6300,6330,5930,6040,879249,-0.041269841269841234
2023-07-06,6030,6080,5730,5920,611848,-0.019867549668874163
2023-07-07,5800,5950,5750,5780,484473,-0.023648648648648685
2023-07-10,5790,5920,5700,5890,375641,0.01903114186851207
2023-07-11,5870,5930,5560,5740,419617,-0.025466893039049254
2023-07-12,5690,5740,5520,5600,311243,-0.024390243902439046
2023-07-13,5610,5720,5500,5510,255978,-0.016071428571428625
2023-07-14,5510,5530,5340,5370,266983,-0.025408348457350294
2023-07-17,5450,5540,5320,5540,260930,0.03165735567970196
2023-07-18,5470,5510,5140,5140,387785,-0.07220216606498198
2023-07-19,5140,5250,5090,5210,189124,0.013618677042801508
2023-07-20,5210,5210,5060,5130,117741,-0.015355086372360827
2023-07-21,5060,5930,5010,5260,5002286,0.025341130604288553
2023-07-24,5170,5210,4750,4755,635334,-0.0960076045627376
2023-07-25,4695,4800,4575,4610,294543,-0.030494216614090464
2023-07-26,4540,4610,4100,4220,494925,-0.08459869848156187
2023-07-27,4215,4455,4210,4400,223306,0.042654028436019065
2023-07-28,4345,4550,4345,4450,148158,0.011363636363636465
2023-07-31,4485,4640,4365,4605,212052,0.03483146067415732
2023-08-01,4550,4750,4500,4595,193533,-0.0021715526601520097
2023-08-02,4550,4600,4410,4515,114082,-0.017410228509249226
2023-08-03,4510,4510,4355,4460,107976,-0.01218161683277963
2023-08-04,4415,4700,4375,4530,309486,0.015695067264573925
2023-08-07,4495,4670,4330,4580,169585,0.011037527593819041
2023-08-08,4530,4600,4405,4455,118088,-0.02729257641921401
2023-08-09,4455,4565,4300,4550,85448,0.021324354657688005
2023-08-10,4550,4635,4500,4605,98712,0.012087912087912045
2023-08-11,4605,4690,4600,4650,87358,0.009771986970684043
2023-08-14,4700,4700,4535,4605,94168,-0.009677419354838679
2023-08-16,4495,4560,4390,4465,94515,-0.030401737242128135
2023-08-17,4405,4510,4280,4400,112448,-0.014557670772676334
2023-08-18,4355,4355,4265,4315,56136,-0.01931818181818179
2023-08-21,4260,4380,4240,4355,56926,0.009269988412514474
2023-08-22,4345,4555,4250,4335,78201,-0.004592422502870286
2023-08-23,4335,4350,4290,4310,65884,-0.005767012687427964
2023-08-24,4310,4410,4300,4395,89261,0.019721577726218076
2023-08-25,4390,4390,4260,4285,82644,-0.025028441410693936
2023-08-28,4295,4470,4285,4425,95762,0.03267211201866971
2023-08-29,4430,5750,4430,5400,14068182,0.22033898305084754
2023-08-30,5340,5500,5120,5120,2248770,-0.051851851851851816
2023-08-31,5260,5760,5160,5340,8476088,0.04296875
2023-09-01,5320,5460,5280,5400,1177236,0.011235955056179803
2023-09-04,5390,5400,5130,5130,667923,-0.050000000000000044
2023-09-05,5050,5920,5040,5340,11327303,0.040935672514619936
2023-09-06,5380,5730,5270,5630,2365498,0.054307116104868935
2023-09-07,5500,5560,5310,5400,654359,-0.04085257548845467
2023-09-08,5370,5610,5260,5260,587405,-0.025925925925925908
2023-09-11,5160,5920,5150,5410,2801210,0.028517110266159662
2023-09-12,5410,5780,5190,5300,1564015,-0.020332717190388205
2023-09-13,5300,5710,5170,5430,1757461,0.02452830188679256
2023-09-14,5460,5800,5410,5640,1925487,0.03867403314917128
2023-09-15,5710,5990,5550,5550,1905203,-0.015957446808510634
2023-09-18,5490,6660,5450,6100,16882541,0.0990990990990992
2023-09-19,6030,6340,5910,6100,3022899,0.0
2023-09-20,6250,6490,6100,6280,2555154,0.029508196721311553
2023-09-21,6230,7120,6080,6140,7884512,-0.022292993630573243
2023-09-22,6100,6120,5530,5530,1032565,-0.09934853420195444
2023-09-25,5490,5510,5000,5000,766474,-0.0958408679927667
2023-09-26,4900,5110,4620,4665,989510,-0.06699999999999995
2023-09-27,4590,4695,4550,4645,349952,-0.004287245444801746
2023-10-04,4580,4595,4355,4400,313277,-0.052744886975242156
2023-10-05,4405,4560,4345,4350,284586,-0.011363636363636354
2023-10-06,4305,4600,4300,4595,273312,0.056321839080459846
2023-10-10,4560,4640,4405,4415,263110,-0.03917301414581065
2023-10-11,4690,4800,4450,4500,1133337,0.01925254813137034
2023-10-12,4500,4645,4490,4600,332992,0.022222222222222143
2023-10-13,4615,4650,4365,4405,315263,-0.04239130434782612
2023-10-16,4405,4440,4280,4320,196954,-0.0192962542565267
2023-10-17,4335,5270,4335,4790,7968639,0.10879629629629628
2023-10-18,4790,4955,4715,4810,916673,0.0041753653444676075
2023-10-19,4660,4840,4590,4630,341905,-0.037422037422037424
2023-10-20,4610,5200,4400,4685,2500394,0.011879049676025932
2023-10-23,4600,4890,4550,4705,579120,0.004268943436499528
2023-10-24,4800,5290,4740,5280,4147213,0.12221041445270986
2023-10-25,5280,5320,5060,5080,931709,-0.037878787878787845
2023-10-26,4900,5100,4850,5030,789554,-0.009842519685039353
2023-10-27,5950,6280,5090,5090,11558634,0.011928429423459175
2023-10-30,4940,5140,4815,5040,903300,-0.00982318271119842
2023-10-31,5140,5650,5110,5480,4101697,0.08730158730158721
2023-11-01,5340,5700,5300,5410,1757732,-0.012773722627737238
2023-11-02,5360,5520,5260,5470,1378477,0.01109057301293892
2023-11-03,5640,6200,5560,5710,8479634,0.04387568555758681
2023-11-06,5720,5730,5530,5610,751217,-0.017513134851138368
2023-11-07,5550,5650,5340,5400,620488,-0.03743315508021394
2023-11-08,5360,5630,5210,5240,752575,-0.029629629629629672
2023-11-09,5150,5330,5120,5270,313157,0.005725190839694694
2023-11-10,5190,5640,5190,5440,1073622,0.032258064516129004
2023-11-13,5410,5850,5280,5430,3572520,-0.0018382352941176405
2023-11-14,5380,5680,5380,5600,719464,0.03130755064456725
2023-11-15,5610,5680,5510,5510,452179,-0.016071428571428625
2023-11-16,5490,5710,5300,5410,957984,-0.01814882032667875
2023-11-17,5330,5370,5090,5110,462242,-0.055452865064695045
2023-11-20,5190,5540,5150,5540,832977,0.08414872798434447
2023-11-21,5520,6250,5480,5760,6033112,0.03971119133573997
2023-11-22,5720,5780,5550,5740,817399,-0.00347222222222221
2023-11-23,5660,6170,5590,5830,2630271,0.015679442508710784
2023-11-24,5810,5940,5740,5840,573406,0.0017152658662091813
2023-11-27,5850,6000,5610,5610,1131896,-0.03938356164383561
2023-11-28,5550,5590,5290,5370,532185,-0.04278074866310155
2023-11-29,5380,5540,5350,5360,275568,-0.0018621973929237035
2023-11-30,5360,5480,5300,5470,182392,0.020522388059701413
2023-12-01,5470,5510,5380,5440,168907,-0.005484460694698323
2023-12-04,5440,5790,5360,5740,815374,0.05514705882352944
2023-12-05,5690,5860,5560,5650,557965,-0.015679442508710784
2023-12-06,5740,5890,5650,5720,372287,0.012389380530973382
2023-12-07,5670,5890,5550,5570,461861,-0.02622377622377625
2023-12-08,5610,5830,5480,5720,552827,0.026929982046678624
2023-12-11,5690,5810,5610,5630,215748,-0.01573426573426573
2023-12-12,5600,5710,5500,5660,227282,0.005328596802841812
2023-12-13,5650,5770,5500,5520,335911,-0.02473498233215543
2023-12-14,5530,5580,5350,5380,252968,-0.025362318840579712
2023-12-15,5450,5450,5200,5340,136578,-0.0074349442379182396
2023-12-18,5340,5430,5300,5410,78311,0.013108614232209659
2023-12-19,5360,5430,5260,5300,118576,-0.020332717190388205
2023-12-20,5270,5420,5250,5320,150087,0.0037735849056603765
2023-12-21,5290,5420,5230,5300,152672,-0.003759398496240629
2023-12-22,5290,5340,5000,5000,291586,-0.05660377358490565
2023-12-26,5010,5090,4955,5000,126745,0.0
2023-12-27,4905,5030,4900,4965,191282,-0.007000000000000006
2023-12-28,4975,5020,4920,5020,71225,0.011077542799597273
2024-01-02,5020,5200,4980,5200,128011,0.03585657370517925
2024-01-03,5150,5860,5130,5380,2583602,0.034615384615384714
2024-01-04,5410,5640,5330,5330,679333,-0.009293680297397744
2024-01-05,5420,5520,5270,5520,301162,0.03564727954971847
2024-01-08,5510,5560,5430,5470,179221,-0.009057971014492794
2024-01-09,5440,5800,5420,5530,617609,0.010968921389396646
2024-01-10,5490,5590,5420,5470,166701,-0.010849909584086825
2024-01-11,5480,5600,5480,5530,233293,0.010968921389396646
2024-01-12,5530,5580,5320,5330,163199,-0.03616636528028938
2024-01-15,5330,5490,5300,5370,107038,0.007504690431519689
2024-01-16,5310,5350,5190,5190,111654,-0.03351955307262566
2024-01-17,5270,5280,5060,5080,87361,-0.021194605009633882
2024-01-18,5170,5660,5170,5440,1657122,0.07086614173228356
2024-01-19,5390,5540,5360,5390,281854,-0.009191176470588203
2024-01-22,5430,5510,5380,5400,211118,0.0018552875695732052
2024-01-23,5390,5490,5310,5430,142113,0.005555555555555536
2024-01-24,5400,5880,5400,5660,3195663,0.0423572744014733
2024-01-25,5530,5660,5440,5610,474026,-0.00883392226148405
2024-01-26,5530,5870,5510,5860,911394,0.04456327985739761
2024-01-29,5870,5990,5720,5940,711776,0.013651877133105783
2024-01-30,5880,6350,5510,5510,3372090,-0.07239057239057234
2024-01-31,5500,5510,5240,5330,341889,-0.03266787658802173
2024-02-01,5250,5480,5250,5360,309748,0.0056285178236397115
2024-02-02,5340,5520,5340,5430,177924,0.013059701492537323
2024-02-05,5500,5810,5440,5750,1718239,0.058931860036832484
2024-02-06,6200,6300,5240,5240,4707106,-0.08869565217391306
2024-02-07,5240,5310,5100,5160,375986,-0.01526717557251911
2024-02-08,5120,5260,5100,5100,332022,-0.011627906976744207
2024-02-13,5070,5190,5070,5190,156264,0.01764705882352935
2024-02-14,5110,5520,5090,5350,540786,0.030828516377649384
2024-02-15,5340,5380,5270,5350,165224,0.0
2024-02-16,5350,5370,5230,5360,136264,0.0018691588785046953
2024-02-19,5390,5880,5350,5640,2344377,0.052238805970149294
2024-02-20,5600,5990,5600,5790,3252155,0.02659574468085113
2024-02-21,5710,5930,5510,5560,1000630,-0.03972366148531947
2024-02-22,5600,5840,5500,5840,837760,0.050359712230215736
2024-02-23,5700,5770,5590,5650,414902,-0.03253424657534243
2024-02-26,5620,5840,5530,5550,563958,-0.017699115044247815
2024-02-27,5500,5750,5410,5540,391579,-0.0018018018018017834
2024-02-28,5520,5780,5500,5660,326209,0.02166064981949467
2024-02-29,5600,6000,5530,5700,2044864,0.007067137809187329
2024-03-04,5740,5880,5740,5810,585695,0.019298245614035148
2024-03-05,5770,5840,5560,5620,418248,-0.03270223752151458
2024-03-06,5580,5700,5450,5520,260578,-0.017793594306049876
2024-03-07,5490,5510,5360,5400,162486,-0.021739130434782594
2024-03-08,5400,5510,5330,5430,143024,0.005555555555555536
2024-03-11,5390,5600,5380,5600,223837,0.03130755064456725
2024-03-12,5540,5670,5520,5530,146225,-0.012499999999999956
2024-03-13,5530,5590,5440,5470,142796,-0.010849909584086825
2024-03-14,5420,5510,5330,5330,163963,-0.025594149908592323
2024-03-15,5300,5420,5230,5260,127083,-0.013133208255159512
2024-03-18,5240,5330,5220,5230,117327,-0.005703422053231932
2024-03-19,5220,5400,5130,5260,155992,0.005736137667303964
2024-03-20,5280,5360,5190,5260,102745,0.0
2024-03-21,5260,5340,5200,5230,114885,-0.005703422053231932
2024-03-22,5180,5220,4530,4725,1003718,-0.09655831739961762
2024-03-25,4700,4785,4605,4725,155120,0.0
2024-03-26,4685,4850,4680,4815,189354,0.01904761904761898
2024-03-27,4785,5050,4770,4815,247344,0.0
2024-03-28,4815,4965,4815,4900,179227,0.017653167185877505
2024-03-29,4950,4950,4800,4810,85282,-0.01836734693877551
2024-04-01,4810,4880,4720,4830,93726,0.004158004158004047
2024-04-02,4810,4830,4655,4670,118370,-0.0331262939958592
2024-04-03,4635,4705,4575,4615,53422,-0.011777301927194839
2024-04-04,4615,4690,4610,4640,50699,0.005417118093174356
2024-04-05,4575,4620,4510,4595,59325,-0.00969827586206895
2024-04-08,4575,4595,4465,4505,60385,-0.019586507072905324
2024-04-09,4490,4600,4455,4540,80351,0.007769145394006749
2024-04-11,4500,4605,4450,4540,98316,0.0
2024-04-12,4510,4880,4475,4835,333132,0.06497797356828183
2024-04-15,4825,5070,4755,4950,527148,0.02378490175801451
2024-04-16,4825,5000,4760,4840,259666,-0.022222222222222254
2024-04-17,4830,4935,4790,4790,135181,-0.010330578512396715
2024-04-18,4755,4840,4700,4780,87295,-0.0020876826722338038
2024-04-19,4760,4795,4420,4715,154191,-0.013598326359832602
2024-04-22,4660,4750,4640,4700,60078,-0.0031813361611876534
2024-04-23,4695,4780,4565,4595,69746,-0.022340425531914843
2024-04-24,4610,4760,4610,4750,65811,0.0337323177366704
2024-04-25,4750,4875,4715,4810,86472,0.012631578947368327
2024-04-26,4795,4830,4660,4660,54926,-0.03118503118503113
2024-04-29,4665,4770,4660,4740,76439,0.01716738197424883
2024-04-30,4665,4760,4665,4705,75184,-0.007383966244725704
2024-05-02,4670,4750,4655,4715,55799,0.002125398512220933
2024-05-03,4710,4785,4605,4620,75675,-0.020148462354188768
2024-05-07,4620,4665,4580,4600,46249,-0.0043290043290042934
2024-05-08,4565,4665,4550,4625,117376,0.005434782608695565
2024-05-09,4620,4685,4580,4580,61715,-0.009729729729729741
2024-05-10,4585,4640,4530,4550,50259,-0.0065502183406113135
2024-05-13,4525,4570,4465,4515,92639,-0.007692307692307665
2024-05-14,4505,4640,4505,4605,65153,0.019933554817275656
2024-05-16,4605,4745,4590,4725,199817,0.026058631921824116
2024-05-17,4845,4905,4615,4680,448326,-0.00952380952380949
2024-05-20,4720,4720,4590,4610,68635,-0.014957264957264904
2024-05-21,4585,4630,4585,4605,52358,-0.0010845986984815426
2024-05-22,4600,4625,4520,4525,60083,-0.017372421281216077
2024-05-23,4510,4595,4505,4510,46249,-0.0033149171270717703
2024-05-24,4485,4605,4475,4515,75175,0.0011086474501109667
2024-05-27,4565,4605,4465,4465,63062,-0.011074197120708784
2024-05-28,4430,4500,4430,4455,35161,-0.002239641657334812
2024-05-29,4455,4455,4415,4430,68020,-0.0056116722783389195
2024-05-30,4400,4440,4380,4385,62738,-0.010158013544018019
2024-05-31,4380,4420,4360,4365,38055,-0.004561003420752607
2024-06-03,4365,4430,4365,4415,55502,0.01145475372279492
2024-06-04,4390,4420,4320,4320,67808,-0.021517553793884536
2024-06-05,4320,4375,4315,4330,39748,0.0023148148148148806
2024-06-07,4330,4360,4310,4330,35489,0.0
2024-06-10,4300,4320,4215,4255,75277,-0.01732101616628179
2024-06-11,4255,4315,4220,4245,45838,-0.002350176263219761
2024-06-12,4230,4260,4230,4255,24599,0.002355712603062443
2024-06-13,4260,4380,4260,4360,38660,0.024676850763807323
2024-06-14,4360,4375,4300,4350,43854,-0.002293577981651418
2024-06-17,4285,4420,4285,4385,37141,0.008045977011494232
2024-06-18,4385,4475,4385,4420,77866,0.007981755986316896
2024-06-19,4425,4490,4375,4410,154385,-0.002262443438914019
2024-06-20,4490,4510,4375,4375,102705,-0.007936507936507908
2024-06-21,4375,4420,4245,4300,46337,-0.017142857142857126
2024-06-24,4300,4350,4050,4050,100592,-0.05813953488372092
2024-06-25,4020,4065,3895,3935,120779,-0.02839506172839501
2024-06-26,3935,3970,3840,3900,77174,-0.008894536213468918
2024-06-27,3900,3920,3725,3835,78792,-0.01666666666666672
2024-06-28,3835,3890,3800,3885,36545,0.01303780964797907
2024-07-01,3850,3945,3850,3870,28516,-0.0038610038610038533
2024-07-02,3870,3885,3705,3725,91783,-0.03746770025839796
2024-07-03,3725,3765,3600,3615,108310,-0.029530201342281903
2024-07-04,3635,3660,3600,3630,41964,0.004149377593360981
2024-07-05,3630,3635,3575,3595,61258,-0.009641873278236957
2024-07-08,3595,3940,3515,3715,195008,0.033379694019471495
2024-07-09,3720,3825,3665,3770,64161,0.014804845222072593
2024-07-10,3770,3825,3600,3780,74125,0.0026525198938991412
2024-07-11,3745,3800,3720,3760,23523,-0.005291005291005346
2024-07-12,3745,3800,3740,3745,17520,-0.003989361702127714
2024-07-15,3740,3800,3740,3760,24854,0.004005340453938633
2024-07-16,3765,3810,3745,3780,22286,0.005319148936170137
2024-07-17,3820,3840,3750,3750,29394,-0.007936507936507908
2024-07-18,3710,3770,3650,3670,22559,-0.021333333333333315
2024-07-19,3640,3705,3625,3625,19428,-0.012261580381471404
2024-07-22,3625,3640,3530,3560,33485,-0.017931034482758568
2024-07-23,3530,3610,3520,3545,25193,-0.004213483146067398
2024-07-24,3520,3580,3520,3575,22218,0.008462623413258097
2024-07-25,3520,3600,3410,3600,81379,0.006993006993007089
2024-07-26,3565,3600,3500,3540,32615,-0.01666666666666672
2024-07-29,3530,3590,3490,3500,29103,-0.011299435028248594
2024-07-30,3465,3515,3455,3470,17855,-0.008571428571428563
2024-07-31,3435,3470,3430,3470,11678,0.0
2024-08-01,3480,3520,3470,3520,13520,0.014409221902017322
2024-08-02,3460,3505,3405,3405,28393,-0.032670454545454586
2024-08-05,3390,3390,2745,2880,127738,-0.1541850220264317
2024-08-06,2880,3030,2785,2950,90528,0.02430555555555558
2024-08-07,2900,3035,2900,2950,38697,0.0
2024-08-08,2955,3060,2950,3030,61859,0.027118644067796627
2024-08-09,3000,3155,3000,3120,50877,0.02970297029702973
2024-08-12,3125,3230,3125,3185,19435,0.02083333333333326
2024-08-13,3200,3250,3105,3130,37670,-0.017268445839874413
2024-08-14,3130,3330,3120,3255,83693,0.039936102236421744
2024-08-16,3315,3520,3230,3495,174066,0.07373271889400912
2024-08-19,3495,4540,3345,4380,9917819,0.2532188841201717
2024-08-20,4385,4835,4175,4270,6120737,-0.02511415525114158
2024-08-21,4250,4375,3970,4000,752928,-0.06323185011709598
2024-08-22,3955,4030,3620,3660,713281,-0.08499999999999996
2024-08-23,3620,3695,3500,3690,280386,0.008196721311475308
2024-08-26,3690,3865,3690,3720,361759,0.008130081300812941
2024-08-27,3720,4715,3680,4515,11373240,0.21370967741935476
2024-08-28,4605,5200,4345,4345,9897931,-0.03765227021040973
2024-08-29,4320,4560,3960,3970,2525376,-0.08630609896432684
2024-08-30,3980,4030,3815,3875,439888,-0.023929471032745564
2024-09-02,3875,3925,3765,3815,285492,-0.015483870967741953
2024-09-03,3790,3870,3775,3780,219449,-0.00917431192660545
2024-09-04,3580,3700,3565,3610,183602,-0.044973544973545
2024-09-05,3570,3670,3425,3475,270450,-0.037396121883656486
2024-09-06,3440,3500,3300,3365,126791,-0.031654676258992764
2024-09-09,3265,3450,3250,3385,88374,0.005943536404160454
2024-09-10,3390,3860,3285,3300,1498716,-0.025110782865583436
2024-09-11,3310,3685,3310,3385,991635,0.025757575757575868
2024-09-12,3415,3900,3405,3570,1769085,0.05465288035450522
2024-09-13,3585,3670,3490,3505,289544,-0.018207282913165312
2024-09-19,3545,3685,3410,3540,180663,0.009985734664764712
2024-09-20,3545,4045,3515,3655,2680675,0.03248587570621475
2024-09-23,3660,3770,3650,3650,281539,-0.001367989056087593
2024-09-24,3720,4080,3690,3935,3383286,0.07808219178082187
2024-09-25,3820,3875,3760,3795,423458,-0.03557814485387545
2024-09-26,3790,3900,3775,3860,189200,0.017127799736495364
2024-09-27,3850,3910,3760,3820,204033,-0.010362694300518172
2024-09-30,3785,3825,3710,3750,105742,-0.01832460732984298
2024-10-02,3640,3765,3620,3675,125376,-0.020000000000000018
2024-10-04,3640,3770,3640,3690,102699,0.004081632653061273
2024-10-07,3665,3755,3655,3755,32418,0.017615176151761558
2024-10-08,3705,3760,3695,3745,26728,-0.0026631158455392434
2024-10-10,3765,3780,3705,3775,44509,0.008010680907877266
2024-10-11,3780,4020,3765,3890,762161,0.030463576158940464
2024-10-14,3810,3840,3715,3730,165317,-0.041131105398457546
2024-10-15,3730,3765,3670,3700,70330,-0.008042895442359255
2024-10-16,3710,3740,3660,3700,43500,0.0
2024-10-17,3665,3700,3560,3560,150399,-0.037837837837837784
2024-10-18,3540,3600,3525,3565,53390,0.001404494382022392
2024-10-21,3545,3615,3505,3575,34467,0.0028050490883591017
2024-10-22,3595,3595,3440,3500,46166,-0.020979020979020935
2024-10-23,3410,3580,3410,3465,50287,-0.010000000000000009
2024-10-24,3430,4025,3400,3500,3294900,0.010101010101010166
2024-10-25,3520,3650,3435,3460,362399,-0.011428571428571455
2024-10-28,3405,3510,3405,3425,144998,-0.010115606936416222
2024-10-29,3415,3700,3415,3550,253936,0.03649635036496357
2024-10-30,3520,3580,3490,3565,64195,0.004225352112676051
2024-10-31,3505,3590,3450,3560,113121,-0.0014025245441795509
2024-11-01,3560,3640,3500,3570,126975,0.002808988764045006
2024-11-04,3590,3755,3565,3670,219372,0.028011204481792618
2024-11-05,3690,4105,3675,3780,2416701,0.02997275204359684
2024-11-06,3780,3810,3675,3725,327959,-0.014550264550264536
2024-11-07,3730,3765,3655,3705,153065,-0.005369127516778538
2024-11-08,3650,3815,3650,3725,112593,0.005398110661268607
2024-11-11,3725,3830,3580,3600,120706,-0.03355704697986572
2024-11-12,3605,3620,3460,3510,124772,-0.025000000000000022
2024-11-13,3500,3520,3370,3375,91414,-0.038461538461538436
2024-11-14,3365,3470,3340,3370,71587,-0.001481481481481528
2024-11-15,3370,3445,3270,3425,92078,0.016320474777448135
2024-11-18,3425,3550,3400,3475,52266,0.014598540145985384
2024-11-19,3470,3500,3405,3475,44818,0.0
2024-11-20,3445,3490,3420,3425,34003,-0.014388489208633115
2024-11-21,3450,3600,3405,3425,61353,0.0
2024-11-22,3405,3590,3400,3485,37677,0.01751824817518255
2024-11-25,3460,3685,3460,3650,154882,0.04734576757532283
2024-11-26,3650,3695,3610,3670,62026,0.005479452054794498
2024-11-27,3700,3755,3635,3700,120054,0.008174386920980936
2024-11-28,3665,3760,3660,3680,121556,-0.00540540540540535
2024-11-29,3700,3740,3360,3400,279746,-0.07608695652173914
2024-12-02,3410,3455,3285,3285,40212,-0.0338235294117647
2024-12-03,3220,3445,3220,3305,114637,0.0060882800608828
2024-12-04,3210,3600,3210,3370,349384,0.01966717095310133
2024-12-05,3400,3495,3355,3385,191142,0.004451038575667754
2024-12-06,3485,3605,3255,3390,555156,0.001477104874446189
2024-12-09,3300,3390,3065,3080,242821,-0.09144542772861353
2024-12-10,3080,3440,3080,3395,186733,0.10227272727272729
2024-12-11,3365,3870,3365,3870,758336,0.13991163475699553
2024-12-12,3855,4100,3765,3870,658065,0.0
2024-12-13,3800,4165,3785,4060,798660,0.04909560723514206
2024-12-16,4060,4065,3860,4010,201900,-0.012315270935960632
2024-12-17,4060,4070,3845,3975,156754,-0.00872817955112215
2024-12-18,4020,4020,3850,3945,106818,-0.007547169811320753
2024-12-19,3945,3945,3835,3880,95536,-0.016476552598225558
2024-12-20,3850,3870,3745,3745,93784,-0.03479381443298968
2024-12-23,3700,3840,3655,3805,52978,0.01602136181575431
2024-12-24,3770,3820,3715,3715,41550,-0.023653088042049908
2024-12-26,3720,3860,3680,3795,103160,0.021534320323014722
2024-12-27,3720,3765,3600,3645,78032,-0.03952569169960474
2024-12-30,3640,3720,3560,3640,41913,-0.00137174211248281
2025-01-02,3640,3770,3600,3745,72428,0.028846153846153744
2025-01-03,3755,3805,3710,3800,66076,0.014686248331108098
2025-01-06,3915,4100,3835,3895,313329,0.02499999999999991
2025-01-07,3895,3930,3845,3890,105419,-0.0012836970474967568
2025-01-08,3890,3945,3805,3860,61803,-0.007712082262210762
2025-01-09,3825,3880,3765,3865,55968,0.0012953367875647714
2025-01-10,3835,3920,3835,3915,56196,0.012936610608020649
2025-01-13,3920,3975,3870,3910,78480,-0.0012771392081737387
2025-01-14,3910,4055,3910,4015,119048,0.026854219948849067
2025-01-15,3975,3990,3690,3820,169746,-0.04856787048567868
2025-01-16,3785,4245,3785,4130,1231193,0.08115183246073299
2025-01-17,4095,4235,3785,4095,397126,-0.008474576271186418
2025-01-20,4040,4410,3950,4260,625511,0.04029304029304037
2025-01-21,4160,4250,4040,4060,218933,-0.04694835680751175
2025-01-22,4020,4115,3970,3980,82188,-0.019704433497536922
2025-01-23,3945,4155,3945,4120,172795,0.035175879396984966
2025-01-24,4100,4100,3795,3845,404426,-0.066747572815534
2025-01-31,3845,4020,3845,3940,179293,0.024707412223667014
2025-02-03,3940,3950,3800,3840,137049,-0.025380710659898442
2025-02-04,3850,4030,3850,3970,104766,0.03385416666666674
2025-02-05,3980,4075,3960,4075,96577,0.026448362720403074
2025-02-06,4075,4085,3955,3955,78832,-0.02944785276073625
2025-02-07,3930,3970,3840,3900,78809,-0.013906447534766109
2025-02-10,3860,4035,3855,4030,75424,0.03333333333333344
2025-02-11,4075,4075,3880,4020,121466,-0.002481389578163795
2025-02-12,3980,4055,3955,3975,93837,-0.011194029850746245
2025-02-13,3985,4220,3985,4110,204255,0.03396226415094339
2025-02-14,4050,4105,3995,4005,71019,-0.025547445255474477
2025-02-17,4000,4090,3890,3975,89771,-0.0074906367041198685
2025-02-18,3945,3980,3905,3965,39765,-0.002515723270440251
2025-02-19,3930,4025,3930,4020,61700,0.013871374527112179
2025-02-20,4020,4135,3990,4000,92785,-0.00497512437810943
2025-02-21,4000,4215,3975,4215,150684,0.053749999999999964
2025-02-24,4150,4315,4080,4210,219829,-0.0011862396204033177
2025-02-25,4300,4440,4210,4415,310004,0.04869358669833734
2025-02-26,4355,4355,4110,4130,228448,-0.0645526613816535
2025-02-27,4135,4250,4135,4180,70492,0.012106537530266248
2025-02-28,4180,4185,4050,4120,93704,-0.014354066985645897
2025-03-04,4060,4135,3975,4060,60887,-0.014563106796116498
2025-03-05,4015,4120,4015,4085,177106,0.006157635467980205
2025-03-06,4100,4185,4040,4145,110035,0.014687882496940086
2025-03-07,4160,5360,4110,4730,14559211,0.14113389626055484
2025-03-10,5130,5500,4705,4730,8390157,0.0
2025-03-11,4660,5180,4590,4830,7810626,0.02114164904862581
2025-03-12,4850,5000,4765,4915,2097304,0.017598343685300222
2025-03-13,4880,5610,4865,4960,11572038,0.00915564598168861
2025-03-14,4965,5100,4805,4910,1566981,-0.01008064516129037
2025-03-17,4920,5010,4660,4680,1221599,-0.046843177189409335
2025-03-18,4635,5050,4630,4860,2348409,0.03846153846153855
2025-03-19,4200,4330,3800,3800,4078090,-0.21810699588477367
2025-03-20,3760,4060,3715,3825,1233175,0.006578947368421018
2025-03-21,4185,4740,4090,4485,4487852,0.1725490196078432
2025-03-24,4680,5140,3915,4070,5907443,-0.09253065774804903
2025-03-25,4105,4465,3975,4355,1854139,0.07002457002457008
2025-03-26,4385,4490,3960,4120,2123281,-0.053960964408725554
2025-03-27,4020,4285,3970,4180,727467,0.014563106796116498
2025-03-28,4195,4265,4130,4170,360941,-0.0023923444976076125
2025-03-31,4280,4390,4050,4325,700810,0.037170263788968816
2025-04-01,4275,5120,4120,4800,4367871,0.10982658959537561
2025-04-02,4830,5350,4830,5140,6071391,0.0708333333333333
2025-04-03,5230,5380,4850,5000,5162537,-0.027237354085603127
2025-04-04,5180,5570,3500,3500,8026715,-0.30000000000000004
2025-04-07,3040,3250,2835,3080,6602962,-0.12
2025-04-08,3105,3185,2900,2915,1503580,-0.0535714285714286
2025-04-09,2890,2955,2745,2815,718606,-0.03430531732418529
2025-04-10,2945,3155,2840,3045,1564312,0.08170515097690934
2025-04-11,3045,3055,2910,3020,636502,-0.008210180623973717
2025-04-14,3050,3065,2900,2945,501499,-0.024834437086092676
2025-04-15,2945,3010,2875,2990,717054,0.015280135823429575
2025-04-16,2990,2990,2885,2925,315455,-0.021739130434782594
2025-04-17,2920,2925,2820,2825,299444,-0.03418803418803418
2025-04-18,2800,2865,2780,2835,294652,0.003539823008849474
2025-04-21,2825,2890,2750,2795,249347,-0.014109347442680775
2025-04-22,2795,2805,2710,2770,183373,-0.008944543828264706
2025-04-23,2735,2790,2735,2755,177563,-0.005415162454873612
2025-04-24,2790,2850,2755,2840,195484,0.030852994555353952
2025-04-25,2840,2870,2760,2820,188974,-0.007042253521126751
2025-04-28,2810,2845,2795,2815,113741,-0.0017730496453900457
2025-04-29,2810,2825,2760,2785,155086,-0.010657193605683846
2025-04-30,2780,2800,2720,2720,160329,-0.02333931777378817
2025-05-02,2715,2825,2670,2810,155149,0.03308823529411775
2025-05-07,2810,2825,2725,2800,133571,-0.003558718861209953
2025-05-08,2770,2810,2755,2775,105789,-0.008928571428571397
2025-05-09,2765,2775,2680,2750,198722,-0.009009009009009028
2025-05-12,2725,2745,2640,2710,134783,-0.014545454545454528
2025-05-13,2710,2750,2630,2710,92060,0.0
2025-05-14,2715,2720,2645,2680,100215,-0.011070110701106972
2025-05-15,2680,2915,2665,2710,720409,0.011194029850746245
2025-05-16,2685,2720,2585,2600,206414,-0.040590405904059046
2025-05-19,2600,2620,2520,2550,119386,-0.019230769230769273
2025-05-20,2535,2620,2535,2565,66749,0.00588235294117645
2025-05-21,2565,2715,2565,2615,62905,0.01949317738791434
2025-05-22,2610,2620,2555,2610,62661,-0.0019120458891013214
2025-05-23,2585,2670,2575,2610,62463,0.0
2025-05-26,2610,2610,2555,2580,48837,-0.011494252873563204
2025-05-27,2580,2605,2540,2605,59627,0.009689922480620172
2025-05-28,2585,2635,2580,2615,79331,0.0038387715930903177
2025-05-29,2635,2640,2590,2635,55437,0.007648183556405286
2025-05-30,2605,2650,2585,2590,79594,-0.017077798861480087
2025-06-02,2590,2675,2560,2650,117674,0.02316602316602312
2025-06-04,2650,2650,2535,2620,177370,-0.01132075471698113
2025-06-05,2600,2660,2590,2650,88839,0.011450381679389388
2025-06-09,2660,2765,2645,2715,142676,0.02452830188679256
2025-06-10,2715,2725,2640,2685,72649,-0.011049723756906049
2025-06-11,2680,2735,2660,2690,75969,0.0018621973929235924
2025-06-12,2655,2770,2655,2720,68976,0.011152416356877248
2025-06-13,2720,2740,2630,2660,166996,-0.022058823529411797
2025-06-16,2610,2645,2575,2645,80108,-0.005639097744360888
2025-06-17,2645,2675,2585,2630,77551,-0.005671077504725952
2025-06-18,2615,2655,2595,2645,49183,0.005703422053231932
2025-06-19,2620,2695,2620,2690,61637,0.017013232514177634
2025-06-20,2690,2785,2660,2770,136187,0.029739776951672958
2025-06-23,2740,2800,2715,2725,84672,-0.016245487364620947
2025-06-24,2725,2805,2710,2760,117066,0.012844036697247763
2025-06-25,2740,2795,2700,2750,65860,-0.0036231884057971175
2025-06-26,2735,2775,2650,2695,67539,-0.020000000000000018
2025-06-27,2695,2735,2610,2635,87805,-0.02226345083487946
2025-06-30,2620,2690,2585,2605,35617,-0.011385199240986688
2025-07-01,2675,2675,2585,2590,69357,-0.0057581573896353655
2025-07-02,2600,2610,2550,2580,67517,-0.0038610038610038533
2025-07-03,2580,2635,2560,2630,64955,0.019379844961240345
2025-07-04,2610,2630,2580,2595,33255,-0.013307984790874472
2025-07-07,2600,2645,2550,2590,64044,-0.0019267822736031004
2025-07-08,2600,2660,2560,2640,69914,0.019305019305019266
2025-07-09,2640,2715,2620,2700,76137,0.022727272727272707
2025-07-10,2700,2710,2655,2700,42827,0.0
2025-07-11,2695,2715,2660,2670,36068,-0.011111111111111072
2025-07-14,2695,2775,2690,2720,90164,0.01872659176029967
2025-07-15,2730,2785,2690,2735,39931,0.005514705882353033
2025-07-16,2710,2735,2680,2695,28520,-0.014625228519195566
2025-07-17,2695,2715,2640,2715,45561,0.007421150278293043
2025-07-18,2715,2720,2660,2695,36391,-0.007366482504604033
2025-07-21,2695,2720,2630,2695,73720,0.0
2025-07-22,2695,2695,2625,2650,49648,-0.016697588126159513
2025-07-23,2630,2660,2615,2630,45560,-0.007547169811320753
2025-07-24,2635,2655,2580,2580,55793,-0.019011406844106515
2025-07-25,2600,2610,2555,2560,45575,-0.007751937984496138
2025-07-28,2590,2590,2500,2535,44941,-0.009765625
2025-07-29,2535,2575,2470,2495,72128,-0.015779092702169595
2025-07-30,2495,2540,2465,2500,53214,0.002004008016031955
2025-07-31,2500,2525,2480,2520,43104,0.008000000000000007
2025-08-01,2540,2540,2420,2420,75080,-0.03968253968253965
2025-08-04,2400,2490,2400,2475,27247,0.022727272727272707
2025-08-05,2475,2490,2430,2455,34611,-0.008080808080808133
2025-08-06,2430,2470,2380,2425,61592,-0.012219959266802416
2025-08-07,2445,2460,2405,2425,23916,0.0
2025-08-08,2425,2480,2425,2465,37912,0.016494845360824684
2025-08-11,2440,2460,2380,2390,45385,-0.030425963488843855
2025-08-12,2390,2420,2355,2360,29042,-0.012552301255230103
2025-08-13,2360,2415,2325,2350,40460,-0.004237288135593209
2025-08-14,2335,2360,2300,2330,50976,-0.008510638297872353
2025-08-18,2330,2330,2275,2275,45109,-0.023605150214592308
2025-08-19,2275,2295,2200,2250,65297,-0.01098901098901095
2025-08-20,2250,2295,2190,2285,54510,0.015555555555555545
2025-08-21,2285,2300,2210,2255,24801,-0.013129102844638973
2025-08-22,2250,2305,2220,2270,31832,0.006651884700665134
2025-08-25,2255,2335,2255,2315,36519,0.01982378854625555
2025-08-26,2275,2380,2210,2220,36543,-0.04103671706263501
2025-08-27,2220,2270,2195,2230,25173,0.0045045045045044585
2025-08-28,2220,2275,2215,2270,27413,0.017937219730941756
2025-08-29,2240,2270,2220,2250,17989,-0.008810572687224627
2025-09-01,2230,2260,2195,2200,27064,-0.022222222222222254
2025-09-02,2200,2220,2170,2180,18421,-0.009090909090909038
2025-09-03,2180,2230,2145,2150,34275,-0.013761467889908285
2025-09-04,2160,2200,2155,2195,14043,0.020930232558139528
2025-09-05,2200,2235,2150,2155,26972,-0.018223234624145768
2025-09-08,2150,2180,2130,2160,23005,0.002320185614849146
2025-09-09,2160,2240,2160,2225,37296,0.03009259259259256
2025-09-10,2300,2300,2175,2210,28546,-0.006741573033707815
2025-09-11,2210,2245,2175,2185,30753,-0.011312217194570096
2025-09-12,2185,2320,2185,2220,50499,0.016018306636155666
2025-09-15,2220,2240,2190,2210,20782,-0.0045045045045044585
2025-09-16,2210,2225,2180,2180,28874,-0.013574660633484115
2025-09-17,2180,2200,2155,2195,26256,0.006880733944954143
2025-09-18,2185,2255,2180,2230,47170,0.015945330296127658
2025-09-19,2235,2260,2200,2230,20556,0.0
2025-09-22,2205,2250,2205,2220,15614,-0.004484304932735439
2025-09-23,2220,2220,2150,2180,69695,-0.018018018018018056
2025-09-24,2180,2195,2155,2165,14039,-0.006880733944954143
2025-09-25,2165,2195,2160,2160,15007,-0.002309468822170868
2025-09-26,2180,2180,2125,2160,30165,0.0
2025-09-29,2150,2180,2140,2145,14382,-0.00694444444444442
2025-09-30,2145,2150,2105,2140,30861,-0.002331002331002363
2025-10-01,2160,2160,2115,2115,17802,-0.011682242990654235
2025-10-02,2120,2130,2100,2115,24893,0.0
2025-10-10,2100,2115,2060,2075,36308,-0.01891252955082745
2025-10-13,2075,2115,2040,2075,36944,0.0
2025-10-14,2060,2115,2050,2100,28681,0.012048192771084265
2025-10-15,2135,2135,2070,2100,19474,0.0
2025-10-16,2130,2130,2030,2070,40996,-0.014285714285714235
2025-10-17,2070,2075,1997,1997,78944,-0.035265700483091744
2025-10-20,2010,2195,1990,2085,88652,0.04406609914872317
2025-10-21,2085,2125,2085,2090,19044,0.0023980815347721673
2025-10-22,2085,2115,2025,2095,13221,0.0023923444976077235
2025-10-23,2095,2190,2065,2085,46838,-0.004773269689737458
2025-10-24,2120,2185,2055,2075,45516,-0.004796163069544335
2025-10-27,2060,2100,2060,2075,15869,0.0
2025-10-28,2070,2100,2050,2090,24031,0.0072289156626506035
2025-10-29,2140,2140,2025,2085,57814,-0.0023923444976076125
2025-10-30,2070,2085,1960,1990,100487,-0.04556354916067151
2025-10-31,2005,2055,1963,1964,35786,-0.013065326633165841
2025-11-03,1970,1979,1899,1899,80755,-0.03309572301425667
2025-11-04,1904,1915,1894,1902,22803,0.0015797788309637184
2025-11-05,1921,1921,1883,1901,17035,-0.000525762355415349
2025-11-06,1920,1950,1850,1950,29546,0.025775907417148858
2025-11-07,1925,1987,1893,1893,33650,-0.029230769230769282
2025-11-10,1890,1974,1884,1944,23522,0.02694136291600624
2025-11-11,1963,1963,1911,1920,9415,-0.012345679012345734
2025-11-12,1920,1967,1918,1967,12164,0.024479166666666607
2025-11-13,1960,1984,1927,1974,30721,0.003558718861210064
2025-11-14,1974,2065,1945,1974,32905,0.0
2025-11-17,1974,2045,1951,1980,16359,0.003039513677811634
2025-11-18,1980,1980,1933,1933,25783,-0.023737373737373724
2025-11-19,1933,1962,1794,1877,49305,-0.028970512157268535
2025-11-20,1880,2025,1880,1949,26065,0.038359083644113
2025-11-21,1949,1960,1872,1872,15476,-0.03950743971267312
2025-11-24,1858,1901,1858,1884,16276,0.0064102564102563875
2025-11-25,1885,1900,1871,1877,7101,-0.0037154989384289294
2025-11-26,1843,1895,1829,1843,72539,-0.018114011720831158
2025-11-27,1855,1855,1843,1851,4929,0.0043407487791644606
2025-11-28,1851,1868,1800,1868,19912,0.009184224743381986
2025-12-01,1868,1900,1845,1863,26130,-0.002676659528907943
2025-12-02,1881,1917,1863,1910,18578,0.02522812667740193
2025-12-03,1910,1927,1884,1908,17516,-0.0010471204188481353
2025-12-04,1908,1908,1878,1882,15612,-0.013626834381551323
2025-12-05,1882,1900,1860,1863,14221,-0.010095642933049986
2025-12-08,1881,1901,1854,1862,15729,-0.0005367686527106841
2025-12-09,1879,1879,1852,1852,14776,-0.00537056928034374
2025-12-10,1852,1865,1850,1850,11675,-0.001079913606911398
2025-12-11,1858,1868,1850,1850,7538,0.0
2025-12-12,1850,1876,1811,1854,10726,0.00216216216216214
2025-12-15,1852,1885,1831,1833,17495,-0.01132686084142398
2025-12-16,1833,1883,1803,1831,16639,-0.0010911074740862503
2025-12-17,1831,1882,1802,1830,20003,-0.0005461496450027692
2025-12-18,1830,1830,1797,1806,36589,-0.013114754098360604
2025-12-19,1811,1813,1795,1811,27364,0.002768549280177224
2025-12-22,1811,1829,1803,1820,18036,0.004969630038652584
2025-12-23,1820,1851,1797,1798,27489,-0.012087912087912045
2025-12-24,1798,1840,1790,1836,16887,0.021134593993325845
2025-12-26,1836,1836,1791,1792,41075,-0.023965141612200425
2025-12-29,1800,1800,1785,1789,9875,-0.0016741071428570953
2025-12-30,1805,1817,1729,1800,13827,0.0061486864169928435
2026-01-02,1801,1818,1782,1800,11853,0.0
2026-01-05,1800,1833,1782,1828,27391,0.015555555555555545
2026-01-06,1828,1838,1805,1805,25760,-0.012582056892779026
2026-01-07,1805,1858,1787,1811,15668,0.003324099722991747
2026-01-08,1811,1824,1770,1785,31776,-0.014356709000552192
2026-01-09,1785,1824,1771,1810,31457,0.014005602240896309
2026-01-12,1810,1816,1789,1789,20864,-0.011602209944751363
2026-01-13,1800,2015,1800,1891,186529,0.05701509223029633
2026-01-14,1889,1889,1810,1834,24886,-0.030142781597038648
2026-01-15,1840,1955,1840,1926,71573,0.05016357688113415
2026-01-16,1968,2040,1811,1843,171917,-0.043094496365524426
2026-01-19,1843,1914,1727,1806,69849,-0.020075963103635353
2026-01-20,1806,1879,1766,1813,57425,0.003875968992248069
2026-01-21,1807,1873,1799,1850,71150,0.020408163265306145
2026-01-22,1880,1960,1703,1798,80789,-0.028108108108108154
2026-01-23,1800,1833,1781,1827,22665,0.016129032258064502
2026-01-26,1827,1931,1813,1901,45409,0.04050355774493708
2026-01-27,1901,1989,1862,1964,39645,0.03314045239347707
2026-01-28,1964,2000,1795,1900,66347,-0.03258655804480648
2026-01-29,1900,1900,1843,1885,24304,-0.007894736842105288
2026-01-30,1879,1885,1847,1860,32360,-0.01326259946949604
2026-02-02,1860,1960,1834,1840,58208,-0.010752688172043001
2026-02-03,1840,1899,1836,1895,29103,0.029891304347826164
2026-02-04,1895,1940,1853,1922,41704,0.014248021108179465
2026-02-05,1922,1950,1890,1935,32572,0.006763787721123737
2026-02-06,1929,1960,1850,1933,57840,-0.001033591731266159
2026-02-09,1933,1974,1883,1899,32132,-0.01758923952405589
2026-02-10,1905,1937,1860,1891,47022,-0.004212743549236397
2026-02-11,1891,2135,1891,1996,290745,0.05552617662612369
2026-02-12,2005,2150,1990,2010,152552,0.007014028056112176
2026-02-13,2010,2145,2000,2055,75349,0.02238805970149249
2026-02-19,2055,2095,1970,1970,110237,-0.041362530413625254
2026-02-20,1951,1956,1867,1922,94339,-0.024365482233502544
2026-02-23,1912,2000,1903,1999,59437,0.04006243496357964
2026-02-24,1999,2030,1997,2010,28301,0.005502751375687787
2026-02-25,1993,2050,1972,1972,31966,-0.018905472636815968
2026-02-26,1965,1973,1891,1930,54320,-0.02129817444219062
