Date,Open,High,Low,Close,Volume,Change
2022-01-03,15133,15171,14409,14791,150726,-0.0025625463618584865
2022-01-04,14866,14866,14219,14372,130838,-0.028328037319991894
2022-01-05,14142,14332,13456,13533,201601,-0.058377400500974064
2022-01-06,13113,13571,12656,12847,179790,-0.05069090371684026
2022-01-07,12846,13341,12846,13266,67058,0.03261461819880118
2022-01-10,13227,13380,12732,12847,63364,-0.03158450173375549
2022-01-11,12884,12998,12465,12504,60758,-0.02669884019615476
2022-01-12,12617,13113,12465,12542,115748,0.003039027511196446
2022-01-13,12541,12618,12008,12199,108759,-0.027348110349226573
2022-01-14,12008,12389,11894,12390,52016,0.015657021067300603
2022-01-17,12045,12350,11855,11894,74629,-0.04003228410008075
2022-01-18,11894,12199,11550,11780,44094,-0.009584664536741228
2022-01-19,11511,11816,11320,11550,45811,-0.019524617996604432
2022-01-20,11550,11970,11398,11780,45991,0.019913419913419883
2022-01-21,11473,12045,11397,11436,48294,-0.02920203735144311
2022-01-24,11434,11549,11130,11245,45190,-0.016701643931444576
2022-01-25,11435,11473,10674,10674,87316,-0.0507781236104935
2022-01-26,10558,11053,10558,10902,51288,0.021360314783586354
2022-01-27,10901,11054,10407,10407,78860,-0.04540451293340675
2022-01-28,10330,11473,10330,11436,131710,0.0988757567022196
2022-02-03,11435,12350,11435,11703,62037,0.02334732423924457
2022-02-04,11589,11855,11436,11780,48573,0.006579509527471661
2022-02-07,11854,12083,11435,11703,53355,-0.006536502546689249
2022-02-08,11589,11817,11512,11589,41942,-0.00974109202768525
2022-02-09,11549,12007,11549,11970,44916,0.032876003106393936
2022-02-10,12121,12160,11741,11932,32262,-0.0031746031746031633
2022-02-11,11664,11817,11398,11398,48496,-0.04475360375460946
2022-02-14,11054,11245,10521,10712,129506,-0.06018599754342868
2022-02-15,10710,11015,10558,10635,44366,-0.007188200149365165
2022-02-16,11054,11168,10788,11093,32980,0.04306535025858027
2022-02-17,11093,11321,10826,10979,33645,-0.010276751104300041
2022-02-18,10826,11092,10712,11017,34598,0.0034611531104835613
2022-02-21,10712,11016,10597,10865,31957,-0.013796859399110462
2022-02-22,10788,10865,10597,10865,37116,0.0
2022-02-23,10787,10977,10749,10902,31138,0.003405430280717825
2022-02-24,10711,10902,10560,10560,43699,-0.03137039075399006
2022-02-25,10635,10901,10559,10750,29246,0.01799242424242431
2022-02-28,10825,10825,10559,10674,45494,-0.007069767441860497
2022-03-02,10672,11244,10634,11207,60978,0.049934420086190645
2022-03-03,11207,11779,11130,11665,43114,0.04086731507093777
2022-03-04,11473,11740,11359,11436,23055,-0.019631375910844406
2022-03-07,11397,11397,10826,11017,21590,-0.03663868485484434
2022-03-08,11017,11245,10712,11017,31996,0.0
2022-03-10,11130,11435,11016,11093,20518,0.006898429699555342
2022-03-11,10674,11130,10330,10979,109258,-0.010276751104300041
2022-03-14,10979,11016,10597,10865,46238,-0.010383459331450906
2022-03-15,10863,11054,10635,10940,32742,0.006902899217671399
2022-03-16,10978,11245,10863,11131,29443,0.017458866544789675
2022-03-17,11397,11436,11131,11436,46699,0.0274009522953913
2022-03-18,11398,11398,11131,11284,32551,-0.013291360615599879
2022-03-21,11511,11511,10978,11131,31286,-0.013559021623537726
2022-03-22,11206,11206,10901,11131,34159,0.0
2022-03-23,11207,11244,10977,11207,27795,0.006827778276884411
2022-03-24,11206,11206,10825,10902,35539,-0.027215133398768576
2022-03-25,11093,11093,10788,10979,31222,0.007062924234085388
2022-03-28,11055,11055,10750,10865,30126,-0.010383459331450906
2022-03-29,10864,11321,10674,11284,53328,0.038564196962724395
2022-03-30,11207,11245,11093,11170,22371,-0.010102800425381031
2022-03-31,11092,11626,11092,11322,49633,0.013607878245299965
2022-04-01,11206,11282,10978,11131,30697,-0.0168698109874581
2022-04-04,11131,11168,10940,11131,27811,0.0
2022-04-05,11016,11245,11016,11131,21507,0.0
2022-04-06,11016,11093,10826,10865,59704,-0.023897223969095327
2022-04-07,10863,10863,10558,10597,50923,-0.02466635987114585
2022-04-08,10597,10672,10368,10483,46570,-0.010757761630650231
2022-04-11,10520,10520,9758,9911,141790,-0.05456453305351516
2022-04-12,9909,9948,9224,9415,93188,-0.05004540409645852
2022-04-13,9415,9529,9301,9454,48074,0.004142326075411651
2022-04-14,9529,9529,8652,8882,244809,-0.060503490585995356
2022-04-15,8843,9110,8614,8996,129331,0.012834947083990134
2022-04-18,9072,9072,8691,8844,48399,-0.01689639839928858
2022-04-19,8844,8958,8730,8730,48879,-0.012890094979647215
2022-04-20,8805,8957,8691,8768,58858,0.004352806414662069
2022-04-21,8843,8919,8652,8882,59066,0.013001824817518326
2022-04-22,8804,8804,8614,8653,37318,-0.02578248142310291
2022-04-25,8576,8614,7928,7967,130225,-0.07927886282214258
2022-04-26,8043,8194,8004,8043,38581,0.009539349817999199
2022-04-27,7624,8004,7624,7929,39170,-0.014173815740395335
2022-04-28,8118,8156,7813,7890,21902,-0.004918653045781318
2022-04-29,8005,8652,7966,8310,106106,0.05323193916349811
2022-05-02,8080,8423,8004,8348,39103,0.004572803850782181
2022-05-03,8348,8499,8271,8348,16842,0.0
2022-05-04,8270,8346,8156,8195,19525,-0.01832774317201724
2022-05-06,8081,8271,7967,8120,33806,-0.009151921903599702
2022-05-09,8119,8652,8081,8272,54499,0.01871921182266001
2022-05-10,8080,8347,7814,8310,28886,0.004593810444874169
2022-05-11,8386,8919,8386,8768,108706,0.0551143200962696
2022-05-12,8576,8729,8271,8310,48201,-0.05223540145985406
2022-05-13,8348,8614,8309,8539,61066,0.0275571600481348
2022-05-16,8842,8880,8500,8500,82574,-0.004567279540929836
2022-05-17,8500,8651,8385,8500,38204,0.0
2022-05-18,8576,8652,8157,8310,49414,-0.022352941176470575
2022-05-19,8080,8346,7927,8195,78397,-0.013838748495788256
2022-05-20,8195,8347,7928,8158,49141,-0.004514948139109243
2022-05-23,8234,9949,8157,9340,980364,0.14488845305221876
2022-05-24,9377,9377,8767,9035,132576,-0.032655246252676684
2022-05-25,9034,9187,8843,9187,89086,0.016823464305478764
2022-05-26,8995,9186,8843,8920,61803,-0.02906280613910961
2022-05-27,8919,9034,8615,8768,65216,-0.01704035874439458
2022-05-30,8842,8919,8652,8805,39106,0.004219890510948954
2022-05-31,8843,8882,8652,8882,41383,0.008745031232254341
2022-06-02,8882,9148,8843,9073,39548,0.021504165728439606
2022-06-03,9033,9109,8881,8958,31034,-0.012674969690289917
2022-06-07,8957,9072,8538,8653,35701,-0.03404777852199148
2022-06-08,8652,8652,8272,8272,49276,-0.044030971917254136
2022-06-09,8346,8384,7927,8195,70429,-0.009308510638297851
2022-06-10,8195,8272,7928,8272,32115,0.00939597315436247
2022-06-13,8194,8194,7851,7890,39866,-0.04617988394584138
2022-06-14,7622,8118,7622,7890,38022,0.0
2022-06-15,7699,7890,7623,7662,50197,-0.028897338403041872
2022-06-16,7775,7966,7623,7700,16442,0.004959540589924316
2022-06-17,7623,8043,7562,8043,53354,0.044545454545454444
2022-06-20,8042,8080,7592,7700,62488,-0.04264577893820709
2022-06-21,7592,7776,7592,7776,22042,0.009870129870129807
2022-06-22,7700,7852,7470,7525,48166,-0.03227880658436211
2022-06-23,7471,7540,6983,7045,76336,-0.06378737541528234
2022-06-24,6876,7319,6876,7319,26953,0.03889283179559966
2022-06-27,7333,7699,7318,7563,26456,0.03333788768957513
2022-06-28,7623,7699,7546,7555,21638,-0.001057781303715477
2022-06-29,7402,7554,7402,7532,14821,-0.0030443414956982107
2022-06-30,7455,7554,7379,7418,21246,-0.015135422198619186
2022-07-01,7417,7532,7075,7220,34424,-0.02669183068212455
2022-07-04,7257,7288,7021,7060,6084,-0.02216066481994461
2022-07-05,7272,7371,7028,7342,23156,0.03994334277620393
2022-07-06,7341,8348,7242,7929,199300,0.07995096703895399
2022-07-07,7967,8539,7890,8120,130076,0.024088787993441718
2022-07-08,8118,8423,8080,8348,28300,0.028078817733990125
2022-07-11,8233,8919,8233,8653,63589,0.036535697172975556
2022-07-12,8652,8652,8195,8386,27664,-0.0308563503987056
2022-07-13,8386,8537,8195,8386,26973,0.0
2022-07-14,8386,8728,8156,8691,27990,0.03637014071070843
2022-07-15,8728,8767,8385,8653,29230,-0.004372339201472841
2022-07-18,8690,8804,8385,8653,27384,0.0
2022-07-19,8538,8843,8462,8615,24866,-0.004391540506182845
2022-07-20,8728,8957,8576,8653,32364,0.004410911201392809
2022-07-21,8652,8766,8500,8691,28812,0.004391540506182734
2022-07-22,8614,8728,8385,8500,19546,-0.02197675756529749
2022-07-25,8310,8462,8005,8120,41631,-0.04470588235294115
2022-07-26,8194,8194,7852,8005,20445,-0.014162561576354649
2022-07-27,8005,8233,7853,8158,20602,0.01911305434103694
2022-07-28,8234,8309,8119,8234,15314,0.009316008825692501
2022-07-29,8233,8309,7967,8158,30139,-0.009230021860578086
2022-08-01,8156,8194,7966,8005,19378,-0.01875459671488111
2022-08-02,8081,9529,8004,8691,499609,0.08569643972517182
2022-08-03,8691,9110,8615,8730,72649,0.004487400759406235
2022-08-04,8844,9224,8767,9149,150188,0.047995418098510934
2022-08-05,9262,9529,8996,8996,99361,-0.016723139140889742
2022-08-08,8995,9110,8767,8844,69001,-0.01689639839928858
2022-08-09,8843,9071,8805,8920,35013,0.008593396653098218
2022-08-10,8882,8957,8310,8463,76982,-0.05123318385650222
2022-08-11,8576,8691,8461,8691,33466,0.02694080113434949
2022-08-12,8691,9110,8461,8996,67570,0.03509377516971579
2022-08-16,9109,9109,8805,8958,86236,-0.004224099599822173
2022-08-17,8957,8957,8652,8691,49014,-0.029805760214333565
2022-08-18,8538,8614,8233,8310,81097,-0.04383845357266136
2022-08-19,8386,8386,8119,8158,54120,-0.018291215403128724
2022-08-22,8118,8500,8080,8500,66798,0.04192203971561659
2022-08-23,8499,8499,8157,8310,31596,-0.022352941176470575
2022-08-24,8309,8537,8156,8386,32803,0.009145607701564362
2022-08-25,8386,8957,8310,8768,66896,0.04555211066062492
2022-08-26,8767,9262,8767,8958,143518,0.021669708029196988
2022-08-29,8690,8690,8309,8348,95182,-0.06809555704398307
2022-08-30,8462,9949,8386,9950,275427,0.19190225203641598
2022-08-31,9758,9758,9339,9530,176060,-0.042211055276381915
2022-09-01,8728,8766,7265,7311,1115782,-0.23284365162644283
2022-09-02,7204,7356,7037,7037,206455,-0.037477773218437926
2022-09-05,7012,7066,6463,6518,235790,-0.07375301975273552
2022-09-06,5869,6501,5869,6350,253447,-0.025774777539122384
2022-09-07,6350,6350,5907,5977,117015,-0.058740157480314914
2022-09-08,5976,6060,5916,5916,78676,-0.010205788857286291
2022-09-13,5869,6007,5869,5939,79623,0.003887762001352213
2022-09-14,5687,5907,5618,5878,47478,-0.010271089408991463
2022-09-15,5884,5915,5777,5801,38991,-0.013099693773392262
2022-09-16,5732,5778,5298,5344,341918,-0.07877952077228068
2022-09-19,5327,5327,4993,4993,109340,-0.06568113772455086
2022-09-20,4992,5221,4992,5077,55454,0.016823552974163825
2022-09-21,5099,6265,5099,5466,1162088,0.0766200512113453
2022-09-22,5419,5419,5092,5382,98696,-0.015367727771679496
2022-09-23,5244,5327,5106,5130,69094,-0.04682274247491636
2022-09-26,4954,5053,4695,4719,129154,-0.08011695906432748
2022-09-27,4626,5015,4626,4726,89823,0.0014833651197287967
2022-09-28,4695,4961,4634,4787,87958,0.012907321201861999
2022-09-29,4801,5014,4801,4825,57301,0.007938165865886804
2022-09-30,4779,5137,4749,5100,61832,0.05699481865284972
2022-10-04,5053,5114,4954,5031,47484,-0.013529411764705901
2022-10-05,5031,5077,4756,4864,60471,-0.033194195984893704
2022-10-06,4786,5045,4786,4985,43102,0.024876644736842035
2022-10-07,4984,4984,4810,4810,53540,-0.035105315947843496
2022-10-11,4801,4801,4406,4406,74761,-0.083991683991684
2022-10-12,4382,4451,4352,4391,40416,-0.0034044484793464003
2022-10-13,4329,4382,4123,4193,59187,-0.04509223411523566
2022-10-14,4230,4475,4230,4460,54974,0.06367755783448614
2022-10-17,4398,4528,4337,4528,37659,0.015246636771300448
2022-10-18,4512,4642,4512,4620,33460,0.02031802120141335
2022-10-19,4559,4643,4559,4590,39688,-0.00649350649350644
2022-10-20,4542,4596,4458,4513,18934,-0.01677559912854032
2022-10-21,4513,4528,4284,4384,24627,-0.028584090405495255
2022-10-24,4482,4520,4375,4414,18873,0.006843065693430628
2022-10-25,4496,4496,4390,4406,27728,-0.0018124150430448571
2022-10-26,4406,4436,4291,4300,21248,-0.024058102587380836
2022-10-27,4299,4421,4268,4338,32270,0.008837209302325677
2022-10-28,4383,4383,4192,4300,35190,-0.008759797141539849
2022-10-31,4298,4306,4162,4208,33133,-0.021395348837209283
2022-11-01,4260,4275,4161,4231,27800,0.005465779467680676
2022-11-02,4237,4298,4138,4200,32443,-0.007326873079650187
2022-11-03,4215,4215,4092,4147,30420,-0.01261904761904764
2022-11-04,4145,4145,4062,4101,20486,-0.011092355919942176
2022-11-07,4138,4184,4085,4116,23676,0.003657644476956934
2022-11-08,4131,4269,4116,4269,44990,0.0371720116618075
2022-11-09,4269,4368,4269,4315,34489,0.01077535722651679
2022-11-10,4336,4336,4206,4215,26174,-0.023174971031286185
2022-11-11,4268,4345,4222,4345,46441,0.03084223013048626
2022-11-14,4351,4428,4291,4406,40588,0.014039125431530408
2022-11-15,4406,4573,4375,4536,43761,0.0295052201543351
2022-11-16,4572,4572,4390,4482,38874,-0.011904761904761862
2022-11-17,4490,4498,4368,4384,21578,-0.021865238732708625
2022-11-18,4383,4436,4276,4399,17686,0.003421532846715314
2022-11-21,4421,4428,4239,4239,28351,-0.03637190270516022
2022-11-22,4237,4237,3940,4040,102322,-0.04694503420618068
2022-11-23,4077,4116,4032,4048,20191,0.001980198019801982
2022-11-24,4115,4115,4047,4086,18373,0.009387351778656017
2022-11-25,4084,4108,4040,4040,18169,-0.011257953989231573
2022-11-28,4047,4047,3933,3949,31947,-0.022524752475247545
2022-11-29,3940,4108,3932,4101,15075,0.038490757153709865
2022-11-30,4069,4115,3993,4055,49756,-0.011216776396000938
2022-12-01,4054,4162,4054,4109,82773,0.013316892725030893
2022-12-02,4108,5336,4108,5336,582049,0.29861280116816746
2022-12-05,6183,6938,5588,6938,1692046,0.3002248875562219
2022-12-06,7090,8995,7029,7525,9634186,0.08460651484577686
2022-12-07,7273,7280,6732,6885,1687495,-0.08504983388704324
2022-12-08,7013,7036,6197,6442,764029,-0.06434277414669576
2022-12-09,6471,6723,6258,6442,552910,0.0
2022-12-12,6540,6852,6410,6518,540199,0.011797578391803842
2022-12-13,6517,6556,5984,6168,383360,-0.0536974532065051
2022-12-14,6426,7051,6419,6564,1679530,0.06420233463035019
2022-12-15,6563,8500,6441,8500,4908859,0.2949421084704449
2022-12-16,8462,11017,8462,11017,3687579,0.2961176470588236
2022-12-19,0,0,0,11017,0,0.0
2022-12-20,12426,13227,9797,10102,5425881,-0.08305346283017156
2022-12-21,10520,10635,9491,9835,1843677,-0.026430409819837686
2022-12-22,9719,9834,9148,9263,981915,-0.058159633960345736
2022-12-23,9339,11359,8844,10674,4319348,0.15232646011011552
2022-12-26,10215,11511,9987,11512,1862508,0.07850852538879516
2022-12-27,11206,12274,10254,10445,1788784,-0.09268589298123697
2022-12-28,10253,12006,9681,11550,2632546,0.10579224509334617
2022-12-29,11816,12236,10673,11017,1957918,-0.04614718614718616
2023-01-02,10597,11206,10215,10750,850525,-0.02423527276027959
2023-01-03,10444,10520,9758,9835,871513,-0.08511627906976749
2023-01-04,9835,10330,9567,10140,815152,0.031011692933401225
2023-01-05,10405,11930,10253,10940,2972833,0.07889546351084809
2023-01-06,11092,11321,9987,10483,1383261,-0.041773308957952504
2023-01-09,10368,11282,10139,11093,1012370,0.05818944958504235
2023-01-10,11130,11358,10329,10597,678168,-0.04471288199765622
2023-01-11,10597,10864,10216,10255,449496,-0.03227328489195058
2023-01-12,10177,10177,9529,9606,690397,-0.0632862018527548
2023-01-13,9758,10024,9148,9225,541002,-0.03966271080574646
2023-01-16,9301,9873,9186,9454,506671,0.024823848238482382
2023-01-17,9453,9529,8843,8882,401434,-0.060503490585995356
2023-01-18,8767,8919,8348,8539,396136,-0.03861742850709304
2023-01-19,8423,8614,8233,8272,227395,-0.03126829839559664
2023-01-20,8271,8614,8119,8234,302788,-0.00459381044487428
2023-01-25,8042,8293,7874,8142,241746,-0.011173184357541888
2023-01-26,8042,8920,8042,8150,792567,0.0009825595676737908
2023-01-27,8172,8423,8172,8302,172405,0.01865030674846624
2023-01-30,8232,8294,7677,7677,296690,-0.07528306432185017
2023-01-31,7662,7745,7471,7662,146131,-0.0019538882375927935
2023-02-01,7609,7967,7609,7754,150252,0.012007308796658789
2023-02-02,7898,7898,7654,7685,113274,-0.008898632963631692
2023-02-03,7715,7875,7646,7830,97476,0.018867924528301883
2023-02-06,7815,8432,7754,8105,355461,0.03512132822477643
2023-02-07,7890,8103,7745,7784,184221,-0.03960518198642815
2023-02-08,7776,7837,7670,7670,120318,-0.014645426515930149
2023-02-09,7676,7699,7150,7265,283874,-0.0528031290743155
2023-02-10,7250,7357,6975,6984,110944,-0.03867859600825874
2023-02-13,6997,7431,6951,7280,149780,0.04238258877434142
2023-02-14,7462,7462,7120,7166,61015,-0.015659340659340715
2023-02-15,7303,7303,6983,7029,86548,-0.01911805749372031
2023-02-16,7028,7798,6982,7342,469526,0.04452980509318527
2023-02-17,7173,7173,7013,7052,107811,-0.039498774175973805
2023-02-20,7173,9163,7173,8066,3883560,0.14378899602949513
2023-02-21,8110,8119,7592,7761,512403,-0.03781304240019834
2023-02-22,7593,7814,7455,7540,237057,-0.028475711892797295
2023-02-23,7630,7638,7302,7326,189662,-0.0283819628647215
2023-02-24,7333,7379,7127,7342,148760,0.002184002184002276
2023-02-27,7341,7341,7119,7128,97627,-0.02914737128847722
2023-02-28,7081,7675,6990,7486,290503,0.05022446689113358
2023-03-02,7699,8088,7569,7929,438129,0.05917713064386865
2023-03-03,8081,8157,7509,7609,194012,-0.04035817883717996
2023-03-06,7608,7608,7364,7380,113930,-0.030095939019582074
2023-03-07,7395,7584,7265,7395,104472,0.00203252032520318
2023-03-08,7395,8005,7273,7495,231674,0.013522650439486084
2023-03-09,7615,8081,7508,7822,353679,0.04362908605737159
2023-03-10,7660,7798,7401,7616,138136,-0.026335975453848137
2023-03-13,7615,7829,7120,7365,170200,-0.03295693277310929
2023-03-14,7509,7531,7120,7151,67660,-0.029056347589952458
2023-03-15,7241,7470,7142,7181,69840,0.004195217452104494
2023-03-16,7181,7181,6868,7037,88873,-0.02005291742097204
2023-03-17,7111,7622,7028,7280,132967,0.03453176069347741
2023-03-20,7288,7501,7242,7319,70126,0.005357142857142838
2023-03-21,7440,7493,7112,7197,82801,-0.016668943844787565
2023-03-22,7775,8462,7380,7380,731295,0.0254272613588995
2023-03-23,7318,7791,7120,7502,349570,0.016531165311653107
2023-03-24,7469,7638,7401,7425,111147,-0.01026392961876832
2023-03-27,7470,7493,7097,7273,126543,-0.020471380471380418
2023-03-28,7333,7394,7211,7326,61506,0.00728722672899762
2023-03-29,7287,7394,7196,7212,79777,-0.015561015561015523
2023-03-30,7287,7699,7089,7410,221011,0.027454242928452555
2023-03-31,7432,7524,7295,7395,69945,-0.002024291497975672
2023-04-03,7364,7509,7196,7220,101092,-0.023664638269100702
2023-04-04,7189,7547,7128,7464,228280,0.0337950138504155
2023-04-05,7546,7912,7440,7715,302691,0.033628081457663495
2023-04-06,7760,7767,7280,7433,171404,-0.03655217109526898
2023-04-07,7478,7478,7242,7380,102219,-0.007130364590340332
2023-04-10,7379,7509,7241,7456,122186,0.010298102981029844
2023-04-11,7364,7853,7288,7853,237824,0.053245708154506355
2023-04-12,7806,8210,7645,8005,316570,0.01935566025722646
2023-04-13,8347,8797,8042,8257,605079,0.03148032479700191
2023-04-14,8531,9819,8462,9652,1658326,0.16894755964636077
2023-04-17,9774,10444,9606,10194,854659,0.05615416493990888
2023-04-18,10178,11185,9430,10255,1101438,0.0059839121051599165
2023-04-19,10185,10185,9606,9652,346000,-0.05880058508044861
2023-04-20,9805,10056,9232,9340,223975,-0.03232490675507671
2023-04-21,9224,9795,8843,9545,256195,0.021948608137045023
2023-04-24,9682,10596,9339,9629,618921,0.00880041906757456
2023-04-25,9629,9728,8996,9180,188324,-0.046629971959705085
2023-04-26,8972,9147,8667,8965,126888,-0.023420479302832198
2023-04-27,8820,9132,8660,8965,75793,0.0
2023-04-28,8781,9170,8614,8630,127155,-0.037367540435025104
2023-05-02,8561,8996,8004,8783,116850,0.017728852838933884
2023-05-03,8690,8790,8377,8790,98912,0.0007969941933281266
2023-05-04,8790,9705,8668,9683,400672,0.10159271899886235
2023-05-08,9560,9689,9285,9393,162694,-0.029949395848394067
2023-05-09,9438,9948,9415,9858,234487,0.04950495049504955
2023-05-10,9856,10108,9567,9911,256603,0.005376344086021501
2023-05-11,9911,9979,9423,9538,172016,-0.03763495106447379
2023-05-12,9536,9536,8866,8866,189228,-0.07045502201719434
2023-05-15,8897,9027,8638,8768,66222,-0.011053462666365865
2023-05-16,8736,9315,8736,9225,89118,0.05212135036496357
2023-05-17,9155,9323,9064,9126,55422,-0.01073170731707318
2023-05-18,9300,9377,9065,9370,80378,0.026736795967565286
2023-05-19,9369,10200,9178,9858,275727,0.05208110992529358
2023-05-22,9857,9857,9453,9591,134419,-0.027084601339014025
2023-05-23,9506,10078,9331,9911,236779,0.033364612657699855
2023-05-24,9911,9986,9628,9637,132358,-0.027646049843608078
2023-05-25,9476,9758,9225,9515,145334,-0.012659541351042858
2023-05-26,9513,10108,9513,9987,315880,0.04960588544403577
2023-05-30,10178,10200,9735,9919,384567,-0.0068088515069590905
2023-05-31,10108,10108,9103,9149,634064,-0.0776287932251235
2023-06-01,9065,9545,8835,9355,300435,0.022516121980544312
2023-06-02,9354,9369,8676,8768,296052,-0.06274719401389628
2023-06-05,8697,8705,7813,7936,564199,-0.0948905109489051
2023-06-07,7936,8027,7608,7647,222226,-0.036416330645161255
2023-06-08,7609,7616,7166,7350,276134,-0.03883876029815614
2023-06-09,7250,7349,7097,7136,217035,-0.02911564625850338
2023-06-12,5870,6075,5526,5695,1269930,-0.20193385650224216
2023-06-13,5687,5854,5466,5718,530328,0.004038630377524166
2023-06-14,5716,5716,5222,5222,513583,-0.08674361664917807
2023-06-15,5259,5304,4984,5145,279778,-0.014745308310991967
2023-06-16,5137,5244,4985,5031,169754,-0.02215743440233231
2023-06-19,5023,5053,4878,4955,203293,-0.015106340687736086
2023-06-20,4954,4954,4833,4864,99700,-0.0183652875882947
2023-06-21,4855,4863,4741,4757,101113,-0.021998355263157854
2023-06-22,4787,5092,4772,4895,138636,0.029009880176581904
2023-06-23,4893,5121,4893,5077,104089,0.037180796731358434
2023-06-26,5076,5084,4886,4917,95952,-0.03151467402009056
2023-06-27,4901,4947,4795,4910,44779,-0.001423632296115529
2023-06-28,4947,4947,4817,4833,29124,-0.015682281059063108
2023-06-29,4772,4848,4726,4765,53626,-0.014069935857645377
2023-06-30,4794,5267,4734,4879,323041,0.02392444910807967
2023-07-03,4955,5054,4909,5001,67088,0.02500512400081978
2023-07-04,5008,5031,4817,4925,76668,-0.015196960607878451
2023-07-05,4924,5244,4810,4856,117720,-0.014010152284263944
2023-07-06,4824,5053,4824,5031,73951,0.03603789126853374
2023-07-07,4962,5030,4841,4841,46047,-0.037765851719340104
2023-07-10,4795,4985,4733,4841,82689,0.0
2023-07-11,5074,5232,4749,4841,123279,0.0
2023-07-12,4924,5141,4832,5141,67260,0.061970667217517095
2023-07-13,5091,5707,5066,5333,270843,0.03734681968488629
2023-07-14,5349,5357,5116,5291,48127,-0.007875492218263669
2023-07-17,5241,5249,5033,5083,55820,-0.039312039312039304
2023-07-18,5132,5132,4907,4991,60325,-0.018099547511312264
2023-07-19,5041,5099,4941,5041,45846,0.010018032458425141
2023-07-20,5015,5040,4882,4916,36315,-0.02479666732791108
2023-07-21,4915,4965,4666,4816,66536,-0.020341741253051215
2023-07-24,4799,4807,4591,4608,72361,-0.04318936877076407
2023-07-25,4582,4607,4341,4383,111706,-0.048828125
2023-07-26,4349,4424,4132,4241,102895,-0.03239790098106321
2023-07-27,4241,4449,4216,4433,46016,0.045272341428908236
2023-07-28,4432,4507,4308,4308,30588,-0.028197608842770117
2023-07-31,4358,4408,4200,4275,84283,-0.007660167130919215
2023-08-01,4233,4507,4233,4333,74264,0.013567251461988228
2023-08-02,4366,4433,4191,4250,41690,-0.0191553196399723
2023-08-03,4241,4482,4153,4466,78626,0.05082352941176471
2023-08-04,4416,4425,4150,4200,95479,-0.059561128526645746
2023-08-07,4199,4216,4116,4183,40057,-0.004047619047619078
2023-08-08,4182,4199,4074,4112,30924,-0.0169734640210375
2023-08-09,4112,4266,4062,4100,97994,-0.0029182879377431803
2023-08-10,4095,4258,4058,4225,67803,0.030487804878048808
2023-08-11,4266,4407,4191,4316,64316,0.021538461538461506
2023-08-14,4415,4607,4166,4166,73724,-0.03475440222428172
2023-08-16,4166,4174,4058,4108,42288,-0.01392222755640904
2023-08-17,4083,4108,3966,4025,50102,-0.02020447906523859
2023-08-18,4024,4057,3945,3962,26092,-0.01565217391304352
2023-08-21,3962,4082,3928,4008,40861,0.011610297829379057
2023-08-22,4074,4099,3974,3979,73717,-0.007235528942115765
2023-08-23,3940,3978,3836,3891,56590,-0.022116109575270215
2023-08-24,3854,4033,3854,4004,31980,0.02904137753790792
2023-08-25,3966,4025,3937,3975,31105,-0.007242757242757247
2023-08-28,3975,4054,3937,4025,31651,0.012578616352201255
2023-08-29,3991,4424,3991,4066,198657,0.010186335403726599
2023-08-30,4100,4416,4100,4300,95421,0.057550418101327994
2023-08-31,4332,4366,4174,4233,59959,-0.01558139534883718
2023-09-01,4182,4290,3961,3995,101268,-0.05622489959839361
2023-09-04,3986,4057,3832,3945,79716,-0.01251564455569465
2023-09-05,3945,4111,3916,4041,73570,0.02433460076045635
2023-09-06,4041,4275,3991,4125,111591,0.020786933927245732
2023-09-07,4099,4199,3974,3991,49546,-0.03248484848484845
2023-09-08,3995,4365,3970,4216,82246,0.05637684790779263
2023-09-11,4199,4332,4191,4291,55302,0.017789373814041776
2023-09-12,4224,4816,4224,4458,486709,0.038918666977394656
2023-09-13,4574,4574,4166,4191,118482,-0.059892328398384875
2023-09-14,4208,4708,4208,4675,285072,0.11548556430446189
2023-09-15,4675,4890,4580,4640,164449,-0.007486631016042744
2023-09-18,4655,4655,4510,4535,54364,-0.022629310344827624
2023-09-19,4490,4490,4275,4465,54866,-0.015435501653803696
2023-09-20,4385,4410,4205,4275,49822,-0.04255319148936165
2023-09-21,4235,4235,3935,3940,88269,-0.07836257309941519
2023-09-22,3970,4030,3845,3860,56127,-0.02030456852791873
2023-09-25,3050,3120,2890,2975,768426,-0.22927461139896377
2023-09-26,2970,3000,2850,2860,240005,-0.03865546218487392
2023-09-27,2885,3095,2885,3010,225341,0.0524475524475525
2023-10-04,3005,3010,2700,2740,324861,-0.0897009966777409
2023-10-05,2760,2835,2665,2670,98586,-0.025547445255474477
2023-10-06,2660,2710,2550,2550,304607,-0.0449438202247191
2023-10-10,2400,2480,2220,2255,534022,-0.11568627450980395
2023-10-11,2280,2455,2280,2310,171462,0.024390243902439046
2023-10-12,2330,2525,2330,2495,241547,0.08008658008657998
2023-10-13,2540,2570,2425,2480,93587,-0.006012024048096198
2023-10-16,2460,2460,2290,2335,131179,-0.058467741935483875
2023-10-17,2355,2390,2280,2280,100290,-0.023554603854389677
2023-10-18,2285,2305,2200,2225,127845,-0.02412280701754388
2023-10-19,2180,2190,2110,2130,128393,-0.04269662921348316
2023-10-20,2110,2270,2060,2250,123567,0.05633802816901401
2023-10-23,2250,2325,2185,2215,37419,-0.015555555555555545
2023-10-24,2240,2280,2135,2260,54461,0.020316027088036037
2023-10-25,2260,2370,2245,2315,114160,0.02433628318584069
2023-10-26,2260,2280,2160,2205,63390,-0.04751619870410362
2023-10-27,2205,2300,2165,2280,66984,0.03401360544217691
2023-10-30,2280,2340,2185,2270,71593,-0.004385964912280715
2023-10-31,2290,2295,2180,2225,54462,-0.01982378854625555
2023-11-01,2225,2400,2220,2300,57049,0.03370786516853941
2023-11-02,2330,2390,2280,2355,45922,0.023913043478260843
2023-11-03,2355,2355,2265,2325,58078,-0.01273885350318471
2023-11-06,2350,2425,2325,2395,101817,0.03010752688172036
2023-11-07,2390,2395,2300,2350,55784,-0.018789144050104345
2023-11-08,2300,2950,2300,2760,1107243,0.1744680851063829
2023-11-09,2700,2745,2550,2570,169524,-0.0688405797101449
2023-11-10,2550,3340,2495,2925,3185630,0.1381322957198443
2023-11-13,2875,3430,2830,3140,1817716,0.07350427350427347
2023-11-14,3150,3210,3000,3030,371075,-0.035031847133757954
2023-11-15,3125,3125,2925,3000,299376,-0.00990099009900991
2023-11-16,3000,3010,2715,2790,277437,-0.06999999999999995
2023-11-17,2780,3330,2735,2950,3193053,0.057347670250896154
2023-11-20,2900,3015,2760,2990,474046,0.013559322033898313
2023-11-21,2940,3215,2940,3055,585361,0.021739130434782705
2023-11-22,3055,3140,2900,2910,280002,-0.04746317512274956
2023-11-23,2915,2980,2855,2925,146856,0.005154639175257714
2023-11-24,2980,2995,2885,2915,110409,-0.0034188034188034067
2023-11-27,2880,2895,2685,2765,403124,-0.05145797598627788
2023-11-28,2770,2835,2700,2815,143100,0.018083182640144635
2023-11-29,2815,2880,2740,2880,160939,0.023090586145648295
2023-11-30,2880,2900,2825,2845,101703,-0.01215277777777779
2023-12-01,2860,2925,2700,2735,148894,-0.038664323374341
2023-12-04,2740,2760,2650,2690,76280,-0.01645338208409508
2023-12-05,2690,2745,2650,2680,59697,-0.0037174721189591198
2023-12-06,2680,2790,2665,2725,83296,0.01679104477611948
2023-12-07,2730,2785,2650,2655,94641,-0.025688073394495414
2023-12-08,2680,2795,2670,2790,70818,0.05084745762711873
2023-12-11,2790,2950,2775,2825,140991,0.012544802867383575
2023-12-12,2825,2885,2800,2870,89235,0.015929203539823078
2023-12-13,2865,2865,2720,2785,73987,-0.029616724738675937
2023-12-14,2795,2855,2760,2795,67806,0.0035906642728904536
2023-12-15,2850,2885,2680,2700,164296,-0.03398926654740608
2023-12-18,2700,2740,2680,2695,69162,-0.0018518518518518823
2023-12-19,2720,2790,2650,2660,105440,-0.012987012987012991
2023-12-20,2670,2780,2670,2710,72282,0.018796992481203034
2023-12-21,2690,2745,2650,2650,108182,-0.022140221402214055
2023-12-22,2760,3445,2730,3205,5980224,0.209433962264151
2023-12-26,3195,4100,3135,3700,5876869,0.15444617784711379
2023-12-27,3910,4600,3715,3780,3490299,0.021621621621621623
2023-12-28,3740,3930,3465,3780,800505,0.0
2024-01-02,3825,4100,3715,4090,928169,0.08201058201058209
2024-01-03,4135,4200,3855,3920,517326,-0.041564792176039145
2024-01-04,3820,3880,3640,3655,312866,-0.06760204081632648
2024-01-05,3655,3845,3650,3690,258073,0.009575923392612928
2024-01-08,3720,3720,3500,3595,219883,-0.0257452574525745
2024-01-09,3595,3635,3470,3530,230160,-0.018080667593880384
2024-01-10,3505,3505,3335,3455,220355,-0.021246458923512734
2024-01-11,3460,3590,3405,3575,168101,0.0347322720694645
2024-01-12,3575,3575,3395,3400,183023,-0.04895104895104896
2024-01-15,3355,3400,3230,3300,165970,-0.02941176470588236
2024-01-16,3295,3355,3190,3225,104281,-0.022727272727272707
2024-01-17,3210,3350,3050,3270,181931,0.013953488372093092
2024-01-18,3300,3300,3035,3035,146347,-0.0718654434250765
2024-01-19,3035,3175,2985,3060,142423,0.008237232289950658
2024-01-22,3060,3130,3000,3040,88945,-0.006535947712418277
2024-01-23,3070,3450,3040,3430,699852,0.12828947368421062
2024-01-24,3430,3430,3180,3235,243854,-0.0568513119533528
2024-01-25,3235,3240,3095,3235,99616,0.0
2024-01-26,3185,3245,3115,3175,136165,-0.018547140649149974
2024-01-29,3195,3200,3085,3170,155918,-0.0015748031496063408
2024-01-30,3180,3220,3055,3085,111102,-0.02681388012618302
2024-01-31,3155,3300,3140,3230,289561,0.04700162074554304
2024-02-01,3230,3350,3060,3140,557044,-0.02786377708978327
2024-02-02,3030,3075,2960,2985,330323,-0.04936305732484081
2024-02-05,2955,2960,2735,2755,268433,-0.07705192629815749
2024-02-06,2770,2770,2645,2690,113457,-0.023593466424682408
2024-02-07,2715,2735,2600,2690,101968,0.0
2024-02-08,2675,2730,2620,2665,58069,-0.009293680297397744
2024-02-13,2665,2735,2615,2730,77396,0.024390243902439046
2024-02-14,2700,2720,2650,2660,67087,-0.02564102564102566
2024-02-15,2660,2695,2635,2675,43963,0.005639097744360999
2024-02-16,2685,2690,2620,2675,81505,0.0
2024-02-19,2645,2695,2590,2660,47720,-0.005607476635513975
2024-02-20,2655,3455,2655,3455,1452864,0.29887218045112784
2024-02-21,4265,4300,3310,3410,4519966,-0.013024602026049159
2024-02-22,3370,3400,3190,3190,460580,-0.06451612903225812
2024-02-23,3180,3255,3015,3255,341544,0.020376175548589393
2024-02-26,3195,3195,2665,2815,590427,-0.13517665130568357
2024-02-27,2765,2850,2700,2800,230386,-0.005328596802841923
2024-02-28,2775,2830,2725,2825,90199,0.008928571428571397
2024-02-29,2845,2880,2720,2815,143922,-0.0035398230088495852
2024-03-04,2830,2895,2820,2845,96091,0.010657193605683846
2024-03-05,2845,2940,2720,2860,163982,0.005272407732864748
2024-03-06,2860,2925,2750,2795,141598,-0.022727272727272707
2024-03-07,2795,3300,2790,3140,1105354,0.1234347048300537
2024-03-08,3130,3130,2950,3090,292310,-0.015923566878980888
2024-03-11,3080,3100,3005,3035,125650,-0.017799352750809017
2024-03-12,3035,3050,2955,3000,103472,-0.011532125205930832
2024-03-13,3000,3195,2980,3060,166211,0.020000000000000018
2024-03-14,3060,3090,2920,2945,127008,-0.037581699346405206
2024-03-15,2960,3005,2880,2935,71764,-0.00339558573853993
2024-03-18,2930,3050,2930,3005,70169,0.023850085178875657
2024-03-19,3020,3020,2835,2880,93125,-0.04159733777038266
2024-03-20,2890,2955,2855,2905,67356,0.00868055555555558
2024-03-21,2940,3105,2910,2980,114827,0.025817555938037806
2024-03-22,2965,3135,2905,2980,318977,0.0
2024-03-25,3035,3090,2960,3070,160909,0.030201342281879207
2024-03-26,3065,3180,3000,3100,194043,0.009771986970684043
2024-03-27,3100,3130,3000,3010,135867,-0.029032258064516148
2024-03-28,3035,3035,2950,2995,92709,-0.004983388704318914
2024-03-29,3035,3250,3015,3110,323988,0.038397328881469184
2024-04-01,3130,3135,3045,3050,139277,-0.019292604501607746
2024-04-02,3020,3020,2835,2915,251162,-0.04426229508196722
2024-04-03,2910,2910,2835,2900,66049,-0.005145797598627766
2024-04-04,2855,2920,2825,2830,64933,-0.024137931034482807
2024-04-05,2810,2810,2725,2765,91212,-0.02296819787985871
2024-04-08,2775,2835,2740,2795,64911,0.010849909584086825
2024-04-09,2795,2860,2770,2855,37841,0.02146690518783534
2024-04-11,2870,2870,2755,2800,32144,-0.019264448336252182
2024-04-12,2775,2840,2775,2780,40981,-0.0071428571428571175
2024-04-15,2750,2765,2520,2650,78556,-0.046762589928057596
2024-04-16,2620,2675,2565,2630,58899,-0.007547169811320753
2024-04-17,2630,2680,2565,2565,37727,-0.024714828897338448
2024-04-18,2565,2620,2565,2595,26008,0.011695906432748648
2024-04-19,2605,2620,2535,2560,38989,-0.013487475915221592
2024-04-22,2560,2620,2560,2615,45073,0.021484375
2024-04-23,2590,2660,2590,2625,38654,0.003824091778202643
2024-04-24,2655,2660,2590,2630,34207,0.0019047619047618536
2024-04-25,2630,2630,2585,2590,28645,-0.01520912547528519
2024-04-26,2580,2895,2580,2895,44268,0.11776061776061786
2024-04-29,2880,2880,2685,2730,95194,-0.05699481865284972
2024-04-30,2745,2765,2710,2750,43545,0.0073260073260073
2024-05-02,2760,2785,2730,2765,33086,0.005454545454545379
2024-05-03,2765,2870,2750,2860,61020,0.03435804701627476
2024-05-07,2865,3050,2865,2980,156021,0.04195804195804187
2024-05-08,2980,3180,2950,3175,223114,0.06543624161073835
2024-05-09,3180,3260,3090,3230,159512,0.017322834645669305
2024-05-10,3180,3185,2795,2795,294569,-0.1346749226006192
2024-05-13,2750,2885,2700,2855,113231,0.02146690518783534
2024-05-14,2855,2960,2825,2910,73088,0.019264448336252293
2024-05-16,2920,2935,2860,2910,64057,0.0
2024-05-17,2920,3055,2855,3030,137087,0.04123711340206193
2024-05-20,3030,3100,2900,3060,71569,0.00990099009900991
2024-05-21,3055,3055,2950,3000,60308,-0.019607843137254943
2024-05-22,3000,3100,2965,3000,45953,0.0
2024-05-23,3010,3010,2950,2960,33668,-0.013333333333333308
2024-05-24,2935,2990,2905,2915,25240,-0.015202702702702742
2024-05-27,2915,2935,2855,2925,46770,0.0034305317324185847
2024-05-28,2930,2935,2850,2905,24639,-0.006837606837606813
2024-05-29,2900,2900,2820,2825,50519,-0.027538726333907082
2024-05-30,2825,2860,2760,2860,47811,0.012389380530973382
2024-05-31,2830,2920,2810,2895,23817,0.012237762237762295
2024-06-03,2895,2930,2835,2920,44996,0.008635578583765069
2024-06-04,2930,2950,2860,2900,31234,-0.006849315068493178
2024-06-05,2900,3055,2860,3015,123126,0.039655172413793016
2024-06-07,3010,3040,3000,3000,114107,-0.00497512437810943
2024-06-10,3010,3010,2920,2925,65840,-0.025000000000000022
2024-06-11,2925,2945,2850,2920,59832,-0.0017094017094017033
2024-06-12,2920,2925,2860,2865,41136,-0.018835616438356184
2024-06-13,2865,2885,2820,2855,37970,-0.003490401396160525
2024-06-14,2870,3135,2825,3030,233858,0.06129597197898429
2024-06-17,3010,3010,2830,2945,121757,-0.028052805280528004
2024-06-18,2945,2945,2830,2855,65251,-0.03056027164685904
2024-06-19,2855,2895,2770,2805,79921,-0.017513134851138368
2024-06-20,2785,2870,2775,2815,49368,0.0035650623885918886
2024-06-21,2815,2825,2745,2760,33147,-0.019538188277087087
2024-06-24,2710,2800,2710,2760,94246,0.0
2024-06-25,2760,2785,2740,2745,21024,-0.005434782608695676
2024-06-26,2745,2790,2740,2765,14846,0.007285974499089187
2024-06-27,2765,2790,2750,2770,14440,0.001808318264014508
2024-06-28,2785,2785,2640,2705,46442,-0.023465703971119134
2024-07-01,2710,2735,2640,2720,66647,0.005545286506469571
2024-07-02,2725,2855,2655,2700,87605,-0.007352941176470562
2024-07-03,2710,2710,2585,2585,95338,-0.042592592592592626
2024-07-04,2590,2635,2550,2565,71738,-0.007736943907156624
2024-07-05,2565,2570,2085,2230,421252,-0.1306042884990254
2024-07-08,2140,2500,2140,2350,437385,0.053811659192825045
2024-07-09,2350,2370,2305,2340,53369,-0.004255319148936176
2024-07-10,2340,2350,2220,2280,43336,-0.02564102564102566
2024-07-11,2280,2295,2185,2205,85521,-0.03289473684210531
2024-07-12,2205,2220,2150,2190,51362,-0.006802721088435382
2024-07-15,2185,2800,2150,2435,3115890,0.11187214611872154
2024-07-16,2400,2865,2320,2545,1706306,0.045174537987679564
2024-07-17,2545,2795,2475,2500,542874,-0.017681728880157177
2024-07-18,2490,2705,2370,2560,636312,0.02400000000000002
2024-07-19,2560,2700,2530,2620,330999,0.0234375
2024-07-22,2645,2740,2590,2610,223377,-0.003816793893129722
2024-07-23,2630,2640,2540,2570,134162,-0.01532567049808431
2024-07-24,2620,2620,2450,2485,115067,-0.03307392996108949
2024-07-25,2480,2500,2370,2395,61469,-0.03621730382293764
2024-07-26,2395,2500,2395,2500,52016,0.04384133611691032
2024-07-29,2535,2540,2430,2490,62890,-0.0040000000000000036
2024-07-30,2490,2490,2380,2380,55572,-0.04417670682730923
2024-07-31,2360,2440,2310,2440,73313,0.025210084033613356
2024-08-01,2440,2460,2405,2455,33545,0.006147540983606481
2024-08-02,2400,2440,2305,2315,55517,-0.05702647657841142
2024-08-05,2270,2270,2030,2040,147079,-0.11879049676025921
2024-08-06,2040,2155,2040,2125,69316,0.04166666666666674
2024-08-07,2105,2385,2105,2290,95943,0.0776470588235294
2024-08-08,2280,2385,2220,2295,123115,0.0021834061135370675
2024-08-09,2285,2440,2285,2390,136805,0.04139433551198257
2024-08-12,2385,2745,2385,2705,1179792,0.13179916317991625
2024-08-13,2675,2675,2400,2495,215487,-0.077634011090573
2024-08-14,2520,2545,2395,2400,143198,-0.038076152304609256
2024-08-16,2420,2420,2350,2395,101120,-0.002083333333333326
2024-08-19,2395,2500,2260,2260,157411,-0.056367432150313146
2024-08-20,2310,2380,2260,2285,75217,0.01106194690265494
2024-08-21,2300,2330,2240,2300,101994,0.006564551422319376
2024-08-22,2270,2470,2225,2270,180231,-0.013043478260869601
2024-08-23,2270,2295,2250,2250,31719,-0.008810572687224627
2024-08-26,2275,2285,2240,2250,21844,0.0
2024-08-27,2250,2335,2210,2270,134469,0.008888888888888946
2024-08-28,2290,2290,2240,2265,35618,-0.0022026431718061845
2024-08-29,2250,2280,2230,2265,39164,0.0
2024-08-30,2265,2300,2230,2270,17316,0.002207505518763808
2024-09-02,2270,2280,2195,2215,54395,-0.024229074889867808
2024-09-03,2220,2235,2205,2210,26408,-0.0022573363431150906
2024-09-04,2175,2175,2105,2150,59911,-0.02714932126696834
2024-09-05,2210,2210,2080,2145,51417,-0.0023255813953488857
2024-09-06,2100,2145,2050,2105,71782,-0.018648018648018683
2024-09-09,2090,2155,2070,2150,37601,0.0213776722090262
2024-09-10,2150,2190,2075,2075,36601,-0.03488372093023251
2024-09-11,2095,2100,2020,2040,30403,-0.016867469879518038
2024-09-12,2040,2115,2040,2100,22259,0.02941176470588225
2024-09-13,2095,2130,2010,2100,24823,0.0
2024-09-19,2100,2280,2080,2120,124488,0.00952380952380949
2024-09-20,2200,2230,2020,2095,82606,-0.011792452830188704
2024-09-23,2100,2125,2015,2015,89447,-0.03818615751789978
2024-09-24,2020,2090,1950,2090,152514,0.037220843672456594
2024-09-25,2090,2090,2015,2015,49560,-0.03588516746411485
2024-09-26,1996,2070,1996,2060,34994,0.022332506203474045
2024-09-27,2060,2115,2020,2105,24201,0.02184466019417486
2024-09-30,2070,2080,2015,2020,51632,-0.040380047505938266
2024-10-02,2010,2210,2010,2125,294589,0.051980198019802026
2024-10-04,2090,2460,2090,2285,907050,0.07529411764705873
2024-10-07,2285,2395,2195,2280,197171,-0.002188183807439792
2024-10-08,2265,2430,2210,2330,130440,0.021929824561403466
2024-10-10,2340,2340,2245,2245,45194,-0.03648068669527893
2024-10-11,2230,2255,2170,2175,30620,-0.031180400890868598
2024-10-14,2175,2185,2085,2120,37948,-0.025287356321839094
2024-10-15,2120,2175,1976,2070,54268,-0.02358490566037741
2024-10-16,2070,2095,2005,2055,35890,-0.007246376811594235
2024-10-17,2080,2140,2025,2055,41397,0.0
2024-10-18,2055,2090,2010,2015,41488,-0.019464720194647178
2024-10-21,2060,2160,1998,2075,46812,0.02977667493796532
2024-10-22,2065,2070,1996,2000,29369,-0.03614457831325302
2024-10-23,1998,2020,1960,1981,43634,-0.009499999999999953
2024-10-24,1980,2020,1948,1966,26761,-0.007571933366986361
2024-10-25,2015,2015,1948,1955,22551,-0.005595116988809767
2024-10-28,1973,1973,1930,1939,19437,-0.00818414322250638
2024-10-29,1980,1980,1895,1898,42250,-0.021144920061887618
2024-10-30,1969,1969,1880,1900,21458,0.0010537407797681642
2024-10-31,1890,1915,1790,1870,39283,-0.015789473684210575
2024-11-01,1870,2430,1870,2430,970653,0.2994652406417113
2024-11-04,2500,3155,2495,2770,11420669,0.13991769547325106
2024-11-05,2780,2890,2525,2650,3783903,-0.04332129963898912
2024-11-06,2630,2660,2375,2470,1351107,-0.06792452830188678
2024-11-07,2550,2710,2300,2425,1366185,-0.018218623481781382
2024-11-08,2425,2545,2385,2455,523976,0.012371134020618513
2024-11-11,2505,2510,2235,2335,376458,-0.048879837067209775
2024-11-12,2275,2310,2120,2190,242788,-0.062098501070663836
2024-11-13,2185,2185,1925,1938,567483,-0.1150684931506849
2024-11-14,1938,2000,1794,1800,286831,-0.07120743034055732
2024-11-15,1783,1783,1609,1700,336437,-0.05555555555555558
2024-11-18,1700,1739,1660,1725,185412,0.014705882352941124
2024-11-19,1743,1771,1680,1730,120614,0.0028985507246377384
2024-11-20,1711,1720,1676,1710,117646,-0.011560693641618491
2024-11-21,1696,1990,1679,1842,815166,0.07719298245614037
2024-11-22,1885,2200,1815,2130,583226,0.1563517915309447
2024-11-25,2170,2325,2005,2110,485555,-0.009389671361502372
2024-11-26,2040,2050,1839,1864,448866,-0.11658767772511847
2024-11-27,1898,1898,1819,1863,81083,-0.0005364806866953176
2024-11-28,1877,1990,1840,1865,90264,0.0010735373054213682
2024-11-29,1870,1909,1822,1835,71916,-0.01608579088471851
2024-12-02,1823,1855,1751,1751,95386,-0.0457765667574932
2024-12-03,1733,1891,1733,1784,54463,0.018846373500856606
2024-12-04,1740,1840,1740,1825,45112,0.02298206278026904
2024-12-05,1802,1852,1780,1825,52655,0.0
2024-12-06,1835,1847,1725,1772,64908,-0.02904109589041093
2024-12-09,1727,1730,1650,1653,78732,-0.06715575620767489
2024-12-10,1606,1762,1606,1754,63827,0.061101028433151905
2024-12-11,1736,1875,1736,1846,70275,0.05245153933865443
2024-12-12,1849,1874,1830,1846,49202,0.0
2024-12-13,1846,1925,1832,1918,103715,0.03900325027085594
2024-12-16,1921,2100,1921,1999,303838,0.04223149113660063
2024-12-17,1978,2075,1947,2045,100349,0.02301150575287636
2024-12-18,2045,2395,2045,2155,604674,0.05378973105134466
2024-12-19,2100,2190,2035,2090,134307,-0.030162412993039456
2024-12-20,2055,2085,1915,1948,153926,-0.06794258373205742
2024-12-23,1943,2110,1867,1975,73141,0.01386036960985626
2024-12-24,1936,2000,1924,1937,50831,-0.019240506329113893
2024-12-26,1910,1936,1861,1900,63717,-0.019101703665462044
2024-12-27,1900,1940,1864,1878,30514,-0.011578947368421022
2024-12-30,1878,1920,1850,1891,45577,0.006922257720979763
2025-01-02,1908,1948,1872,1900,41174,0.004759386567953383
2025-01-03,1920,1970,1917,1918,50482,0.0094736842105263
2025-01-06,1920,2030,1920,1995,99215,0.04014598540145986
2025-01-07,2000,2040,1971,1992,61356,-0.0015037593984962294
2025-01-08,1563,1925,1541,1858,785068,-0.06726907630522083
2025-01-09,1999,1999,1841,1888,161000,0.016146393972013007
2025-01-10,1888,1965,1825,1825,95557,-0.033368644067796605
2025-01-13,1900,2370,1848,2090,5063981,0.14520547945205475
2025-01-14,2070,2170,2020,2100,557249,0.004784688995215225
2025-01-15,2165,2165,2010,2060,331504,-0.01904761904761909
2025-01-16,2100,2100,1925,1960,348800,-0.04854368932038833
2025-01-17,1919,1929,1614,1630,1118051,-0.16836734693877553
2025-01-20,1630,1660,1460,1538,524949,-0.05644171779141105
2025-01-21,1538,1589,1489,1503,271817,-0.022756827048114436
2025-01-22,1502,1527,1475,1509,101307,0.003992015968063978
2025-01-23,1512,1519,1450,1472,140896,-0.024519549370443983
2025-01-24,1472,1472,1435,1460,150255,-0.008152173913043459
2025-01-31,1445,1459,1318,1333,305955,-0.08698630136986296
2025-02-03,1334,1350,1240,1257,147319,-0.05701425356339085
2025-02-04,1266,1382,1263,1344,137534,0.06921241050119331
2025-02-05,1396,1396,1338,1352,70885,0.005952380952380931
2025-02-06,1387,1387,1338,1354,60571,0.0014792899408284654
2025-02-07,1354,1393,1338,1385,116001,0.022895125553914264
2025-02-10,1385,1394,1330,1373,115279,-0.008664259927797846
2025-02-11,1361,1380,1361,1380,57778,0.005098324836125379
2025-02-12,1368,1484,1365,1410,185146,0.021739130434782705
2025-02-13,1392,1410,1360,1370,92915,-0.028368794326241176
2025-02-14,1369,1450,1291,1318,209773,-0.03795620437956204
2025-02-17,1318,1350,1271,1280,153960,-0.028831562974203306
2025-02-18,1280,1309,1272,1302,139445,0.01718749999999991
2025-02-19,1290,1311,1274,1290,118825,-0.009216589861751112
2025-02-20,1290,1325,1250,1313,119462,0.01782945736434116
2025-02-21,1313,1400,1312,1380,272017,0.051028179741051005
2025-02-24,1390,1390,1270,1288,161469,-0.06666666666666665
2025-02-25,1287,1290,1256,1281,89177,-0.005434782608695676
2025-02-26,1281,1287,1260,1274,78193,-0.005464480874316946
2025-02-27,1274,1320,1259,1273,125143,-0.0007849293563578774
2025-02-28,1272,1272,1234,1256,140738,-0.01335428122545168
2025-03-04,1256,1265,1177,1200,140229,-0.04458598726114649
2025-03-05,1190,1264,1185,1264,146244,0.05333333333333323
2025-03-06,1265,1269,1205,1213,82218,-0.04034810126582278
2025-03-07,1213,1250,1200,1215,101799,0.0016488046166529546
2025-03-10,1215,1225,1201,1222,38710,0.0057613168724279795
2025-03-11,1200,1219,1182,1215,55973,-0.005728314238952592
2025-03-12,1200,1238,1197,1200,94132,-0.012345679012345734
2025-03-13,1200,1227,1165,1167,129610,-0.02749999999999997
2025-03-14,1290,1517,1168,1182,5136011,0.01285347043701801
2025-03-17,1180,1182,996,1026,848030,-0.13197969543147203
2025-03-18,1027,1290,1015,1145,2325199,0.11598440545808963
2025-03-19,1200,1270,1126,1164,619166,0.016593886462882068
2025-03-20,1150,1151,1100,1111,205028,-0.045532646048109915
2025-03-21,1100,1410,1099,1335,2755867,0.2016201620162017
2025-03-24,1026,1244,1011,1173,791317,-0.12134831460674156
2025-03-25,1259,1523,1259,1421,4014772,0.21142369991474852
2025-03-26,1389,1389,1220,1222,823392,-0.14004222378606612
2025-03-27,1205,1246,1173,1210,306779,-0.009819967266775809
2025-03-28,1220,1249,1165,1175,119391,-0.02892561983471076
2025-03-31,1165,1175,1110,1168,118196,-0.005957446808510625
2025-04-01,1168,1180,1132,1144,171822,-0.020547945205479423
2025-04-02,1143,1168,1090,1095,142168,-0.04283216783216781
2025-04-03,1094,1120,1022,1102,73003,0.006392694063926951
2025-04-04,1148,1148,1085,1105,91057,0.0027223230490018846
2025-04-07,1096,1096,1011,1014,85489,-0.08235294117647063
2025-04-08,1044,1075,1011,1025,91664,0.010848126232741562
2025-04-09,1025,1078,952,952,183477,-0.0712195121951219
2025-04-10,969,1038,966,1011,75162,0.06197478991596639
2025-04-11,987,1026,952,1021,51261,0.009891196834816984
2025-04-14,1025,1038,1003,1036,43882,0.014691478942213454
2025-04-15,1032,1048,1018,1028,56612,-0.007722007722007707
2025-04-16,1019,1032,1008,1008,58618,-0.01945525291828798
2025-04-17,1008,1030,986,998,62419,-0.009920634920634885
2025-04-18,999,1012,988,1000,54727,0.002004008016031955
2025-04-21,1000,1008,990,994,32850,-0.006000000000000005
2025-04-22,993,1015,977,979,44089,-0.015090543259557387
2025-04-23,980,985,959,973,78755,-0.006128702757916216
2025-04-24,970,997,970,974,38433,0.0010277492291881352
2025-04-25,999,999,965,970,30950,-0.004106776180698102
2025-04-28,975,975,944,945,70873,-0.02577319587628868
2025-04-29,946,952,935,952,50178,0.007407407407407307
2025-04-30,953,960,938,943,23256,-0.009453781512605008
2025-05-02,943,979,940,960,30946,0.018027571580063517
2025-05-07,955,955,891,934,60987,-0.027083333333333348
2025-05-08,935,1028,935,958,91954,0.025695931477516032
2025-05-09,958,958,940,953,14614,-0.005219206680584509
2025-05-12,953,983,940,948,22480,-0.005246589716684125
2025-05-13,975,977,939,945,20804,-0.0031645569620253333
2025-05-14,950,950,930,933,29524,-0.012698412698412653
2025-05-15,950,950,909,927,30072,-0.006430868167202619
2025-05-16,927,927,905,910,51418,-0.01833872707659112
2025-05-19,940,940,887,887,63018,-0.025274725274725296
2025-05-20,935,935,876,876,70882,-0.012401352874859106
2025-05-21,876,899,857,871,141374,-0.005707762557077611
2025-05-22,871,871,800,833,148359,-0.04362801377726755
2025-05-23,833,860,800,801,154949,-0.038415366146458574
2025-05-26,805,885,792,815,277660,0.017478152309613026
2025-05-27,815,838,807,836,61183,0.025766871165644245
2025-05-28,829,890,828,841,41262,0.005980861244019087
2025-05-29,841,849,828,848,43947,0.00832342449464929
2025-05-30,842,854,827,841,18589,-0.008254716981132115
2025-06-02,834,843,818,843,39617,0.0023781212841855748
2025-06-04,841,848,817,831,104095,-0.014234875444839812
2025-06-05,825,843,815,823,112657,-0.009626955475330878
2025-06-09,824,825,809,822,61567,-0.0012150668286755595
2025-06-10,827,842,818,823,87064,0.0012165450121655041
2025-06-11,821,864,821,843,53037,0.024301336573511634
2025-06-12,1024,1095,866,896,2640272,0.06287069988137595
2025-06-13,896,910,846,849,361888,-0.052455357142857095
2025-06-16,865,894,840,886,154146,0.043580683156654976
2025-06-17,877,891,866,878,203469,-0.009029345372460473
2025-06-18,985,985,878,929,955786,0.05808656036446469
2025-06-19,929,954,887,894,115888,-0.03767491926803013
2025-06-20,902,924,880,901,95698,0.007829977628635243
2025-06-23,876,927,872,910,99220,0.009988901220865598
2025-06-24,910,978,904,919,194155,0.009890109890109855
2025-06-25,921,978,905,936,245407,0.018498367791077275
2025-06-26,963,963,910,927,107020,-0.009615384615384581
2025-06-27,927,951,914,940,38542,0.014023732470334505
2025-06-30,940,956,912,924,82950,-0.017021276595744705
2025-07-01,920,938,910,933,79591,0.009740259740259827
2025-07-02,933,942,912,931,41191,-0.002143622722400873
2025-07-03,929,940,915,934,69885,0.0032223415682062218
2025-07-04,934,934,908,910,83138,-0.025695931477516032
2025-07-07,905,924,890,899,46201,-0.012087912087912045
2025-07-08,892,917,865,912,73378,0.014460511679644128
2025-07-09,912,912,888,903,41185,-0.009868421052631526
2025-07-10,903,915,890,904,72219,0.001107419712070845
2025-07-11,904,956,904,939,77538,0.03871681415929196
2025-07-14,939,941,900,905,104067,-0.03620873269435565
2025-07-15,897,915,891,891,58862,-0.015469613259668558
2025-07-16,904,906,879,885,40357,-0.006734006734006703
2025-07-17,889,1070,875,883,2084479,-0.002259887005649719
2025-07-18,883,970,870,913,408601,0.033975084937712285
2025-07-21,926,1174,911,1000,3828042,0.095290251916758
2025-07-22,1000,1150,985,1022,1419559,0.02200000000000002
2025-07-23,1023,1029,966,1019,288851,-0.0029354207436399493
2025-07-24,1010,1324,1005,1324,1224934,0.29931305201177616
2025-07-25,1487,1675,1250,1251,8810298,-0.05513595166163143
2025-07-28,1231,1626,1174,1405,12610276,0.123101518784972
2025-07-29,1545,1655,1353,1376,2695674,-0.020640569395017794
2025-07-30,1338,1471,1300,1326,1148075,-0.036337209302325535
2025-07-31,1326,1330,1186,1201,672224,-0.0942684766214178
2025-08-01,1211,1211,1105,1118,436683,-0.06910907577019154
2025-08-04,1117,1117,1006,1063,464443,-0.049194991055456216
2025-08-05,1065,1113,1040,1053,180605,-0.00940733772342428
2025-08-06,1045,1074,1009,1053,180403,0.0
2025-08-07,1053,1069,1021,1054,151512,0.0009496676163343043
2025-08-08,1055,1091,1033,1077,151094,0.02182163187855779
2025-08-11,1080,1150,1059,1091,317456,0.012999071494893322
2025-08-12,1091,1100,1050,1058,145586,-0.030247479376718567
2025-08-13,1059,1095,1026,1057,84212,-0.000945179584120992
2025-08-14,1057,1070,1020,1051,68540,-0.0056764427625354275
2025-08-18,1051,1051,1000,1003,117070,-0.04567078972407235
2025-08-19,1010,1029,980,999,86497,-0.003988035892322994
2025-08-20,999,1005,918,982,112101,-0.017017017017016967
2025-08-21,983,1004,972,995,91362,0.01323828920570258
2025-08-22,995,1035,986,992,21303,-0.0030150753768843908
2025-08-25,1000,1034,994,1025,63478,0.03326612903225801
2025-08-26,1039,1039,948,998,46698,-0.02634146341463417
2025-08-27,992,1014,986,994,30504,-0.004008016032064132
2025-08-28,990,1032,984,1009,29841,0.015090543259557387
2025-08-29,1009,1009,990,1000,60051,-0.008919722497522264
2025-09-01,999,1000,983,993,43515,-0.007000000000000006
2025-09-02,997,998,972,972,50923,-0.02114803625377648
2025-09-03,972,1137,972,1111,713618,0.1430041152263375
2025-09-04,1112,1380,1100,1188,2892276,0.06930693069306937
2025-09-05,1188,1228,1141,1150,219608,-0.03198653198653201
2025-09-08,1179,1296,1167,1229,779714,0.06869565217391305
2025-09-09,1300,1380,1189,1196,1009643,-0.026851098454027666
2025-09-10,1196,1229,1154,1174,197612,-0.018394648829431426
2025-09-11,1174,1174,1120,1122,110435,-0.04429301533219765
2025-09-12,1123,1358,1116,1210,760417,0.07843137254901955
2025-09-15,1209,1209,1140,1182,92327,-0.023140495867768562
2025-09-16,1182,1255,1181,1255,193714,0.06175972927241968
2025-09-17,1244,1295,1207,1220,209597,-0.027888446215139417
2025-09-18,1220,1254,1210,1233,166406,0.010655737704918122
2025-09-19,1234,1262,1217,1234,179950,0.0008110300081103361
2025-09-22,1226,1226,1165,1186,120983,-0.03889789303079416
2025-09-23,1186,1186,1135,1144,99068,-0.03541315345699836
2025-09-24,1140,1178,1120,1126,45151,-0.01573426573426573
2025-09-25,1162,1162,1080,1121,27587,-0.004440497335701621
2025-09-26,1121,1189,1105,1130,84604,0.00802854594112401
2025-09-29,1130,1228,1092,1194,86066,0.05663716814159292
2025-09-30,1194,1207,1162,1162,54534,-0.02680067001675046
2025-10-01,1121,1210,1121,1207,78322,0.03872633390705671
2025-10-02,1207,1207,1173,1188,28912,-0.0157415078707539
2025-10-10,1188,1188,1075,1141,75936,-0.039562289562289576
2025-10-13,1131,1131,1101,1119,66780,-0.019281332164767795
2025-10-14,1110,1117,1057,1090,60787,-0.025915996425379784
2025-10-15,1087,1125,1085,1121,46025,0.028440366972477094
2025-10-16,1120,1129,1090,1122,46303,0.000892060660124816
2025-10-17,1113,1120,1070,1075,56625,-0.04188948306595364
2025-10-20,1075,1075,1027,1042,67072,-0.030697674418604604
2025-10-21,1092,1092,1049,1050,34218,0.007677543186180413
2025-10-22,1050,1077,1030,1075,53372,0.023809523809523725
2025-10-23,1076,1080,1050,1068,18119,-0.006511627906976791
2025-10-24,1088,1089,1047,1050,35033,-0.016853932584269704
2025-10-27,1041,1072,1025,1070,58813,0.01904761904761898
2025-10-28,1077,1300,1055,1133,1166824,0.058878504672897236
2025-10-29,1166,1230,1110,1218,189718,0.07502206531332756
2025-10-30,1209,1270,1117,1188,153520,-0.024630541871921152
2025-10-31,1188,1214,1160,1188,32510,0.0
2025-11-03,1187,1187,1116,1138,120906,-0.04208754208754206
2025-11-04,1128,1149,1060,1141,65068,0.002636203866432263
2025-11-05,1140,1140,1086,1120,56727,-0.018404907975460127
2025-11-06,1110,1140,1085,1090,41316,-0.0267857142857143
2025-11-07,1080,1132,1058,1076,48495,-0.012844036697247652
2025-11-10,1134,1135,1080,1096,50827,0.018587360594795488
2025-11-11,1155,1155,1080,1100,35817,0.0036496350364962904
2025-11-12,1092,1129,1091,1113,7870,0.011818181818181728
2025-11-13,1160,1161,1104,1123,40566,0.008984725965857976
2025-11-14,1123,1125,1067,1105,65050,-0.016028495102404228
2025-11-17,1135,1135,1081,1098,28055,-0.0063348416289592535
2025-11-18,1098,1098,1050,1069,31945,-0.026411657559198498
2025-11-19,1069,1098,1051,1070,13068,0.00093545369504211
2025-11-20,1009,1099,1009,1068,43349,-0.0018691588785046953
2025-11-21,1059,1067,1051,1065,20395,-0.002808988764044895
2025-11-24,1110,1110,1012,1044,109442,-0.019718309859154903
2025-11-25,1045,1075,1028,1067,44143,0.022030651340996243
2025-11-26,1057,1092,1057,1064,58002,-0.002811621368322359
2025-11-27,1071,1080,1066,1072,27789,0.007518796992481258
2025-11-28,1075,1088,1068,1073,28089,0.000932835820895539
2025-12-01,1078,1099,1011,1071,35676,-0.0018639328984156878
2025-12-02,1071,1095,1062,1070,52121,-0.0009337068160597539
2025-12-03,1070,1091,1070,1082,23218,0.01121495327102795
2025-12-04,1110,1184,1050,1121,176295,0.03604436229205166
2025-12-05,1121,1177,1085,1114,87194,-0.006244424620874267
2025-12-08,1114,1114,1050,1085,28708,-0.02603231597845601
2025-12-09,1085,1097,1052,1089,21629,0.0036866359447005337
2025-12-10,1089,1089,1060,1078,21964,-0.010101010101010055
2025-12-11,1078,1099,1064,1087,45730,0.008348794063079756
2025-12-12,1088,1097,1071,1088,41476,0.0009199632014720294
2025-12-15,1087,1098,1080,1085,18187,-0.0027573529411765163
2025-12-16,1085,1100,1055,1065,34757,-0.018433179723502335
2025-12-17,1085,1085,1055,1055,37696,-0.009389671361502372
2025-12-18,1088,1088,1040,1057,22786,0.0018957345971564177
2025-12-19,1058,1065,1032,1036,33422,-0.019867549668874163
2025-12-22,1036,1056,1029,1029,49178,-0.006756756756756799
2025-12-23,1032,1069,1029,1032,78514,0.00291545189504383
2025-12-24,1120,1120,1030,1030,25502,-0.0019379844961240345
2025-12-26,1029,1030,1024,1027,30962,-0.002912621359223322
2025-12-29,1031,1075,1022,1028,81098,0.0009737098344693162
2025-12-30,1047,1047,1012,1012,60114,-0.015564202334630295
2026-01-02,1020,1040,955,1005,71421,-0.00691699604743079
2026-01-05,1007,1007,990,999,73522,-0.005970149253731294
2026-01-06,1000,1039,980,990,89472,-0.009009009009009028
2026-01-07,1022,1022,970,978,64504,-0.012121212121212088
2026-01-08,998,998,955,975,56745,-0.0030674846625766694
2026-01-09,999,999,946,957,60132,-0.018461538461538418
2026-01-12,957,957,897,918,273314,-0.040752351097178674
2026-01-13,919,919,850,856,235571,-0.06753812636165579
2026-01-14,866,883,792,792,439475,-0.07476635514018692
2026-01-15,825,848,793,793,292599,0.0012626262626262985
2026-01-16,794,826,794,825,92552,0.04035308953341743
2026-01-19,830,841,812,826,72749,0.00121212121212122
2026-01-20,826,826,800,810,111069,-0.01937046004842613
2026-01-21,800,811,785,792,110476,-0.022222222222222254
2026-01-22,789,809,779,809,75790,0.02146464646464641
2026-01-23,811,811,779,786,487091,-0.028430160692212603
2026-01-26,787,817,787,814,109366,0.03562340966921118
2026-01-27,814,821,800,819,81050,0.006142506142506221
2026-01-28,819,839,819,824,105202,0.006105006105006083
2026-01-29,824,850,810,843,118141,0.02305825242718451
2026-01-30,840,847,821,822,76760,-0.02491103202846978
2026-02-02,822,832,801,801,95802,-0.025547445255474477
2026-02-03,822,822,780,799,100008,-0.0024968789013732895
2026-02-04,787,793,777,785,103543,-0.017521902377972465
2026-02-05,795,1014,784,857,2727096,0.09171974522292992
2026-02-06,886,886,826,860,317019,0.003500583430571691
2026-02-09,864,885,852,875,272418,0.01744186046511631
2026-02-10,876,894,848,873,273400,-0.0022857142857143353
2026-02-11,868,915,858,889,159820,0.01832760595647187
2026-02-12,889,917,881,895,86427,0.006749156355455588
2026-02-13,895,895,833,844,197917,-0.05698324022346368
2026-02-19,844,864,840,847,116820,0.0035545023696681444
2026-02-20,847,886,830,880,124750,0.03896103896103886
2026-02-23,946,946,882,894,155482,0.015909090909090873
2026-02-24,919,1030,890,1008,601256,0.12751677852348986
2026-02-25,1036,1036,971,985,184282,-0.022817460317460347
2026-02-26,984,985,900,927,169189,-0.05888324873096451
