Date,Open,High,Low,Close,Volume,Change
2022-01-03,21750,22500,21500,22000,781752,0.01616628175519641
2022-01-04,22200,23550,21900,22650,2347459,0.02954545454545454
2022-01-05,23050,23950,22150,22250,2090108,-0.017660044150110354
2022-01-06,21400,21800,20200,20200,511252,-0.09213483146067414
2022-01-07,20550,21150,20350,20400,313756,0.00990099009900991
2022-01-10,20150,20350,19100,19850,320916,-0.026960784313725505
2022-01-11,19600,19750,18500,18850,265930,-0.05037783375314864
2022-01-12,19050,20800,19000,19900,763310,0.0557029177718833
2022-01-13,19900,20300,19500,19900,196185,0.0
2022-01-14,19500,21200,19450,20800,746946,0.045226130653266416
2022-01-17,20850,21600,20750,21150,646760,0.016826923076923128
2022-01-18,21150,21150,19750,19750,362296,-0.06619385342789597
2022-01-19,19400,20500,19000,19800,216840,0.0025316455696202667
2022-01-20,20100,20750,19400,20600,206743,0.04040404040404044
2022-01-21,20600,20650,19700,19700,184337,-0.043689320388349495
2022-01-24,19300,19450,18400,18450,155235,-0.06345177664974622
2022-01-25,18600,18850,17500,17700,141202,-0.04065040650406504
2022-01-26,17550,18400,17550,17800,107945,0.005649717514124353
2022-01-27,17950,18200,16500,16750,125118,-0.0589887640449438
2022-01-28,17000,18150,16250,17750,195172,0.05970149253731338
2022-02-03,18000,18250,17300,17900,118754,0.008450704225352101
2022-02-04,18700,20550,18450,19400,848890,0.08379888268156432
2022-02-07,19850,20300,19500,19500,321260,0.005154639175257714
2022-02-08,19550,19700,18900,19150,136957,-0.017948717948717996
2022-02-09,19650,20500,19500,19900,563666,0.039164490861618884
2022-02-10,19900,20050,19250,19300,145985,-0.03015075376884424
2022-02-11,19250,19750,19000,19100,119627,-0.010362694300518172
2022-02-14,18550,18750,17650,18100,133176,-0.05235602094240843
2022-02-15,17900,18300,17100,17500,87647,-0.03314917127071826
2022-02-16,18000,18550,17950,18350,103857,0.04857142857142849
2022-02-17,18500,18600,17200,17700,123871,-0.03542234332425065
2022-02-18,17250,17950,17200,17850,56820,0.008474576271186418
2022-02-21,17550,17700,17200,17450,71655,-0.022408963585434205
2022-02-22,17050,17500,16600,16850,82567,-0.034383954154727836
2022-02-23,17050,17750,16850,17350,53456,0.029673590504450953
2022-02-24,17000,17150,16250,16250,104995,-0.06340057636887608
2022-02-25,16700,16850,16300,16550,79942,0.01846153846153853
2022-02-28,16500,16900,16350,16600,57593,0.0030211480362538623
2022-03-02,16450,17200,16400,17000,70711,0.024096385542168752
2022-03-03,17550,18050,17000,17700,169965,0.04117647058823537
2022-03-04,17700,17700,17000,17150,70494,-0.031073446327683607
2022-03-07,16800,16800,16400,16550,54071,-0.03498542274052474
2022-03-08,16250,16650,16000,16350,57954,-0.012084592145015116
2022-03-10,16800,16900,16300,16450,56200,0.006116207951070374
2022-03-11,16350,17550,16150,17000,231614,0.033434650455927084
2022-03-14,16750,16800,16250,16500,64446,-0.02941176470588236
2022-03-15,16200,16850,16200,16750,51935,0.015151515151515138
2022-03-16,16900,17000,16600,16750,41541,0.0
2022-03-17,17050,17600,16850,17250,108704,0.029850746268656803
2022-03-18,17150,17550,17150,17250,56317,0.0
2022-03-21,17300,18200,17200,18050,360031,0.04637681159420293
2022-03-22,18200,19850,18150,18600,796981,0.030470914127423754
2022-03-23,18700,18700,18100,18200,124760,-0.021505376344086002
2022-03-24,18150,19500,17850,18300,297453,0.005494505494505475
2022-03-25,18400,18650,18150,18150,86554,-0.008196721311475419
2022-03-28,18350,18550,17800,18000,103685,-0.008264462809917328
2022-03-29,18100,18450,18050,18100,67742,0.005555555555555536
2022-03-30,18150,18250,17400,17650,131853,-0.024861878453038666
2022-03-31,17650,17800,17400,17600,51709,-0.0028328611898017497
2022-04-01,17500,17550,16950,17100,79326,-0.02840909090909094
2022-04-04,17150,17400,17000,17350,41973,0.014619883040935644
2022-04-05,17450,18100,17400,17850,173266,0.028818443804034644
2022-04-06,18000,18500,17900,18150,226162,0.01680672268907557
2022-04-07,17950,18150,17650,17650,53728,-0.02754820936639113
2022-04-08,17750,18200,17700,17850,73898,0.011331444759206777
2022-04-11,17650,17850,17200,17250,54363,-0.03361344537815125
2022-04-12,17150,18200,16900,17300,99826,0.0028985507246377384
2022-04-13,17800,22000,17450,19800,7812685,0.1445086705202312
2022-04-14,19850,20300,19600,19850,885005,0.002525252525252597
2022-04-15,19850,20300,19200,19700,710884,-0.007556675062972307
2022-04-18,19550,20000,19200,19850,387001,0.0076142131979695105
2022-04-19,19800,20100,19400,19950,355876,0.005037783375314797
2022-04-20,20300,20450,19700,19700,531704,-0.01253132832080206
2022-04-21,20300,20900,19900,20050,968133,0.017766497461928932
2022-04-22,19750,20150,19500,20050,195014,0.0
2022-04-25,19600,19850,18900,18900,203579,-0.05735660847880297
2022-04-26,19150,19650,18850,19300,182294,0.021164021164021163
2022-04-27,18500,19300,18350,19050,206054,-0.012953367875647714
2022-04-28,19050,19100,18450,18500,130714,-0.02887139107611547
2022-04-29,18500,18950,18500,18600,65595,0.00540540540540535
2022-05-02,18300,19300,18250,19250,164688,0.034946236559139754
2022-05-03,19300,19500,19000,19000,75019,-0.012987012987012991
2022-05-04,19300,19300,18500,18650,125114,-0.018421052631578894
2022-05-06,18350,18600,17600,17850,155778,-0.04289544235924936
2022-05-09,17650,17700,16800,16900,149501,-0.053221288515406195
2022-05-10,16450,17100,16000,17100,118515,0.01183431952662728
2022-05-11,17000,17200,16850,17000,44022,-0.005847953216374324
2022-05-12,16550,16850,16050,16200,93121,-0.04705882352941182
2022-05-13,16200,16800,16200,16700,64395,0.030864197530864113
2022-05-16,17200,17800,16800,17000,235675,0.017964071856287456
2022-05-17,16900,17650,16900,17150,95109,0.008823529411764675
2022-05-18,17300,18350,17050,18300,451544,0.06705539358600587
2022-05-19,17400,18100,16850,17750,163986,-0.030054644808743203
2022-05-20,17600,18100,17600,17800,53937,0.0028169014084507005
2022-05-23,17900,18550,17850,17900,140291,0.00561797752808979
2022-05-24,17700,17900,17400,17400,63396,-0.027932960893854775
2022-05-25,17500,17600,17100,17200,45909,-0.011494252873563204
2022-05-26,17250,17750,17200,17250,45965,0.0029069767441860517
2022-05-27,17400,17500,17100,17200,28712,-0.0028985507246376274
2022-05-30,17350,17600,17200,17350,32612,0.008720930232558155
2022-05-31,17400,17600,17200,17400,36024,0.0028818443804035088
2022-06-02,17400,17600,17300,17450,32688,0.002873563218390718
2022-06-03,17550,18250,17450,17700,151017,0.014326647564469885
2022-06-07,17900,18800,17650,18500,408486,0.04519774011299438
2022-06-08,18500,18600,18050,18200,98229,-0.01621621621621616
2022-06-09,18100,18200,17600,17650,67550,-0.030219780219780223
2022-06-10,17650,18500,17550,18150,288023,0.028328611898017053
2022-06-13,17700,17900,16650,16650,165748,-0.0826446280991735
2022-06-14,16100,16550,15800,16250,146999,-0.024024024024024038
2022-06-15,16100,16400,15100,15100,91804,-0.0707692307692308
2022-06-16,15400,15750,14800,14850,71990,-0.01655629139072845
2022-06-17,14350,14850,14150,14850,54807,0.0
2022-06-20,14900,15550,13550,13700,103555,-0.07744107744107742
2022-06-21,13800,14300,13550,14200,58276,0.03649635036496357
2022-06-22,14250,14450,12900,12900,106055,-0.09154929577464788
2022-06-23,13050,13100,12100,12100,113667,-0.06201550387596899
2022-06-24,12100,12850,12000,12600,64950,0.04132231404958686
2022-06-27,13200,13600,12850,13450,101037,0.06746031746031744
2022-06-28,13300,13850,13150,13550,78990,0.0074349442379182396
2022-06-29,13200,13500,13050,13250,30860,-0.022140221402214055
2022-06-30,13100,13300,12650,12700,36320,-0.04150943396226414
2022-07-01,12750,13250,12250,12400,58917,-0.023622047244094446
2022-07-04,12650,12650,11600,11900,73354,-0.040322580645161255
2022-07-05,11950,12450,11900,12300,39193,0.03361344537815136
2022-07-06,12100,12500,12000,12250,36305,-0.004065040650406471
2022-07-07,12250,12550,12250,12300,27727,0.004081632653061273
2022-07-08,12550,13000,12550,12650,67485,0.028455284552845628
2022-07-11,12650,13050,12550,12850,45384,0.015810276679841806
2022-07-12,12650,12850,12200,12250,45382,-0.046692607003890996
2022-07-13,12250,12700,11900,12500,42173,0.020408163265306145
2022-07-14,12350,13000,12350,12700,56419,0.016000000000000014
2022-07-15,12700,16450,12350,14100,1951583,0.11023622047244097
2022-07-18,14100,14550,13950,14200,255453,0.007092198581560183
2022-07-19,14200,14450,14100,14350,93206,0.010563380281690238
2022-07-20,14450,14700,14200,14250,155141,-0.006968641114982632
2022-07-21,14250,14800,14250,14600,125286,0.024561403508772006
2022-07-22,14650,15000,14450,14650,147940,0.003424657534246478
2022-07-25,14600,14650,14150,14200,75306,-0.030716723549488067
2022-07-26,14200,14950,14200,14450,111260,0.01760563380281699
2022-07-27,14450,14750,14300,14700,53894,0.01730103806228378
2022-07-28,14850,16400,14500,15050,1014406,0.023809523809523725
2022-07-29,15050,15200,14700,14950,117856,-0.006644518272425293
2022-08-01,15250,15400,14850,15100,86264,0.010033444816053505
2022-08-02,15000,15050,14650,14700,64949,-0.026490066225165587
2022-08-03,14700,15350,14600,15000,109221,0.020408163265306145
2022-08-04,15550,15850,15350,15650,209025,0.043333333333333224
2022-08-05,15850,15900,15400,15650,88566,0.0
2022-08-08,15800,16250,15550,16100,186428,0.028753993610223683
2022-08-09,16650,16900,16000,16100,269427,0.0
2022-08-10,16650,16700,16050,16050,195493,-0.0031055900621117516
2022-08-11,16250,16300,16050,16050,60315,0.0
2022-08-12,16300,16300,15300,15550,168534,-0.031152647975077885
2022-08-16,15600,15600,15400,15500,65674,-0.003215434083601254
2022-08-17,15500,15500,14750,14850,87205,-0.041935483870967794
2022-08-18,14850,14850,14350,14600,50514,-0.01683501683501687
2022-08-19,14700,14900,14500,14550,37068,-0.003424657534246589
2022-08-22,14200,14350,13850,13850,58469,-0.04810996563573888
2022-08-23,13550,14850,13500,14050,62554,0.014440433212996373
2022-08-24,14000,14600,14000,14450,36503,0.028469750889679624
2022-08-25,14550,14750,14500,14600,34832,0.01038062283737018
2022-08-26,14800,15000,14400,14650,48622,0.003424657534246478
2022-08-29,14000,14450,13900,14350,31532,-0.020477815699658675
2022-08-30,14350,15050,14350,14900,43842,0.03832752613240409
2022-08-31,14800,15400,14800,15200,53777,0.020134228187919545
2022-09-01,15300,15350,14700,14800,53593,-0.02631578947368418
2022-09-02,14800,14950,14550,14600,27607,-0.013513513513513487
2022-09-05,14400,14650,14000,14150,44473,-0.03082191780821919
2022-09-06,14150,15000,14150,15000,63667,0.060070671378091856
2022-09-07,15300,15350,14650,15000,52950,0.0
2022-09-08,15150,15300,14850,14850,36189,-0.010000000000000009
2022-09-13,15350,16500,15050,16150,514300,0.08754208754208759
2022-09-14,15800,17450,15400,16600,1514791,0.02786377708978338
2022-09-15,16600,16950,16350,16350,266624,-0.015060240963855387
2022-09-16,16450,16950,16050,16300,219218,-0.003058103975535187
2022-09-19,16300,16300,15450,15500,130265,-0.049079754601227044
2022-09-20,15800,16350,15800,15850,117759,0.022580645161290214
2022-09-21,15700,16100,15500,15850,80428,0.0
2022-09-22,15700,16600,15650,16200,181313,0.02208201892744488
2022-09-23,16250,16550,15400,15500,91680,-0.043209876543209846
2022-09-26,15100,15250,13600,13850,244066,-0.1064516129032258
2022-09-27,13550,13850,13200,13650,99101,-0.014440433212996373
2022-09-28,13350,13650,12450,12450,86267,-0.08791208791208793
2022-09-29,12550,13050,12200,12200,79073,-0.02008032128514059
2022-09-30,12000,12550,11950,12250,52465,0.004098360655737654
2022-10-04,12500,12750,12500,12750,36623,0.04081632653061229
2022-10-05,13100,13150,12100,12400,55673,-0.027450980392156876
2022-10-06,12650,13050,12400,13050,54488,0.05241935483870974
2022-10-07,12900,13050,12650,12750,26978,-0.02298850574712641
2022-10-11,12900,12950,11950,12200,55337,-0.04313725490196074
2022-10-12,12050,12250,11900,12100,37754,-0.008196721311475419
2022-10-13,12000,12100,11250,11300,52186,-0.06611570247933884
2022-10-14,11500,11800,11500,11700,33605,0.03539823008849563
2022-10-17,11350,11950,11300,11900,38658,0.017094017094017033
2022-10-18,12150,12300,12000,12200,38857,0.025210084033613356
2022-10-19,12350,12450,12050,12100,27934,-0.008196721311475419
2022-10-20,11900,12300,11850,11950,21708,-0.012396694214875992
2022-10-21,11900,12600,11750,11750,29865,-0.01673640167364021
2022-10-24,11850,12100,11750,11800,35144,0.004255319148936065
2022-10-25,11900,12250,11800,12100,41690,0.025423728813559254
2022-10-26,12100,12200,11600,11700,41219,-0.03305785123966942
2022-10-27,11650,12050,11550,11900,30772,0.017094017094017033
2022-10-28,11950,12100,11750,11750,27599,-0.012605042016806678
2022-10-31,12000,12200,11850,12050,25129,0.025531914893617058
2022-11-01,11950,12350,11900,12250,27181,0.016597510373443924
2022-11-02,12200,12200,11950,12050,26073,-0.01632653061224487
2022-11-03,12250,12750,12100,12400,116645,0.029045643153526868
2022-11-04,12450,12650,12200,12500,36424,0.008064516129032251
2022-11-07,12400,12550,12300,12450,39379,-0.0040000000000000036
2022-11-08,12400,12650,12400,12600,32540,0.012048192771084265
2022-11-09,12700,13950,12550,13350,454811,0.059523809523809534
2022-11-10,13600,13800,13400,13450,157044,0.0074906367041198685
2022-11-11,13850,13850,13400,13600,89544,0.011152416356877248
2022-11-14,13600,13850,13400,13400,53422,-0.014705882352941124
2022-11-15,13700,13850,13500,13700,62397,0.02238805970149249
2022-11-16,13750,13850,13400,13600,62200,-0.007299270072992692
2022-11-17,13650,13800,13350,13700,38374,0.007352941176470562
2022-11-18,14700,15200,13900,14000,895300,0.021897810218978186
2022-11-21,14450,14950,14100,14100,226797,0.0071428571428571175
2022-11-22,14200,14500,13600,13650,108740,-0.03191489361702127
2022-11-23,13650,14050,13350,13700,63969,0.00366300366300365
2022-11-24,13950,14600,13750,14400,111487,0.051094890510948954
2022-11-25,14800,14900,14200,14600,88604,0.01388888888888884
2022-11-28,14650,15100,14300,14900,119796,0.020547945205479534
2022-11-29,14700,15100,14500,14700,65561,-0.01342281879194629
2022-11-30,15500,16200,14800,14950,609668,0.017006802721088343
2022-12-01,15150,15200,14500,14600,111164,-0.02341137123745818
2022-12-02,14650,14700,14250,14700,77956,0.006849315068493178
2022-12-05,14900,15100,14700,14750,56990,0.00340136054421758
2022-12-06,14750,15050,14300,14950,56608,0.013559322033898313
2022-12-07,14600,15000,14500,14750,37662,-0.013377926421404673
2022-12-08,14500,14900,14500,14600,36145,-0.01016949152542368
2022-12-09,14600,14750,14250,14450,38884,-0.010273972602739767
2022-12-12,14300,14300,13600,13700,49844,-0.05190311418685123
2022-12-13,13600,13950,13600,13750,22697,0.0036496350364962904
2022-12-14,14000,14000,13750,13950,20537,0.014545454545454639
2022-12-15,13800,14150,13800,14000,16931,0.0035842293906809264
2022-12-16,13650,13950,13600,13900,14350,-0.0071428571428571175
2022-12-19,14000,14150,13750,13750,20058,-0.010791366906474864
2022-12-20,13650,13800,13150,13150,47032,-0.043636363636363584
2022-12-21,13250,13250,12600,13000,45244,-0.011406844106463865
2022-12-22,13150,13150,12750,12750,28061,-0.019230769230769273
2022-12-23,12600,12650,12200,12300,60715,-0.03529411764705881
2022-12-26,12350,12450,12000,12150,27745,-0.012195121951219523
2022-12-27,12350,12550,12250,12500,27984,0.028806584362139898
2022-12-28,12550,12900,11850,12100,63893,-0.03200000000000003
2022-12-29,12850,12850,12050,12200,38976,0.008264462809917328
2023-01-02,12600,13350,12500,12550,68042,0.028688524590164022
2023-01-03,12350,12500,12000,12350,25558,-0.015936254980079667
2023-01-04,12150,12750,12050,12700,37162,0.028340080971659853
2023-01-05,12800,12850,12350,12400,26797,-0.023622047244094446
2023-01-06,12300,12950,12200,12900,36904,0.040322580645161255
2023-01-09,12950,13100,12850,12950,23240,0.003875968992248069
2023-01-10,12950,13150,12800,13100,25536,0.01158301158301156
2023-01-11,13100,13350,12950,13300,34186,0.01526717557251911
2023-01-12,13350,13400,13100,13250,12772,-0.003759398496240629
2023-01-13,13350,13350,12950,13150,20595,-0.007547169811320753
2023-01-16,13050,13150,12900,12950,22591,-0.01520912547528519
2023-01-17,13050,13050,12600,12700,34683,-0.019305019305019266
2023-01-18,12700,12850,12550,12800,21467,0.007874015748031482
2023-01-19,13850,14950,13000,13100,574533,0.0234375
2023-01-20,13100,13250,12900,13050,49739,-0.003816793893129722
2023-01-25,13350,13450,13050,13320,55788,0.020689655172413834
2023-01-26,13200,13500,13200,13390,48266,0.005255255255255165
2023-01-27,13400,13570,13400,13490,42287,0.007468259895444307
2023-01-30,13490,13540,13200,13390,44538,-0.007412898443291294
2023-01-31,13380,13480,13100,13480,38847,0.006721433905899854
2023-02-01,13600,13630,13320,13600,43376,0.008902077151335286
2023-02-02,13610,13970,13610,13950,79039,0.025735294117646967
2023-02-03,13960,14160,13800,14150,96187,0.014336917562723928
2023-02-06,14140,14150,13870,14040,58450,-0.007773851590106018
2023-02-07,13800,14180,13750,14100,41403,0.004273504273504258
2023-02-08,14100,14230,13930,14180,50302,0.005673758865248235
2023-02-09,14170,14390,14100,14320,47506,0.009873060648801113
2023-02-10,14310,14400,13050,13830,71703,-0.03421787709497204
2023-02-13,13690,13760,13370,13600,38293,-0.016630513376717282
2023-02-14,13620,13850,13590,13650,20266,0.003676470588235281
2023-02-15,13750,13790,13120,13230,59769,-0.03076923076923077
2023-02-16,13600,14010,13520,13820,100633,0.04459561602418738
2023-02-17,13820,14160,13500,13870,66125,0.003617945007236001
2023-02-20,13880,13880,13520,13740,34756,-0.009372746935832788
2023-02-21,13730,14680,13660,14030,180795,0.021106259097525504
2023-02-22,13970,14590,13910,14060,121354,0.002138275124732747
2023-02-23,14060,14140,13760,13900,47414,-0.011379800853485111
2023-02-24,13930,13930,13430,13500,66957,-0.02877697841726623
2023-02-27,13490,13490,13160,13220,38779,-0.020740740740740726
2023-02-28,13290,13590,13260,13480,34495,0.01966717095310133
2023-03-02,13500,13700,13340,13580,46007,0.007418397626112849
2023-03-03,13700,14030,13540,13780,47101,0.014727540500736325
2023-03-06,13950,14500,13720,14500,137860,0.052249637155297624
2023-03-07,14450,14680,14350,14500,109861,0.0
2023-03-08,14350,14700,14310,14450,72755,-0.0034482758620689724
2023-03-09,14500,14750,14360,14510,79204,0.0041522491349481605
2023-03-10,14360,14840,14280,14510,122395,0.0
2023-03-13,14380,14460,13750,14230,70518,-0.019297036526533473
2023-03-14,14490,14700,13850,13850,130019,-0.026704146170063225
2023-03-15,14100,14230,13680,13830,59312,-0.0014440433212996595
2023-03-16,13830,14150,13360,13930,70634,0.007230657989877098
2023-03-17,14180,14340,13900,14320,78735,0.027997128499640977
2023-03-20,14450,14870,14400,14450,121438,0.009078212290502874
2023-03-21,14590,15900,14590,15180,1187924,0.05051903114186862
2023-03-22,15400,15700,15080,15410,289607,0.015151515151515138
2023-03-23,15200,15630,14420,14570,637135,-0.05451005840363399
2023-03-24,14640,14780,14320,14500,216887,-0.0048043925875085325
2023-03-27,14700,15150,14350,14380,660216,-0.008275862068965467
2023-03-28,14500,14770,14320,14400,114910,0.0013908205841446364
2023-03-29,14430,14560,14160,14510,106444,0.007638888888888973
2023-03-30,14560,14710,14300,14510,121710,0.0
2023-03-31,14690,14700,14050,14150,102419,-0.024810475534114418
2023-04-03,14150,14200,13920,14070,63581,-0.005653710247349841
2023-04-04,14080,14130,13900,14000,81949,-0.00497512437810943
2023-04-05,13990,14350,13910,14220,73063,0.01571428571428579
2023-04-06,14220,14290,13520,13920,75257,-0.021097046413502074
2023-04-07,13930,14050,13790,13900,35101,-0.001436781609195359
2023-04-10,13900,13980,13570,13580,75766,-0.02302158273381294
2023-04-11,13590,14110,13230,14070,135475,0.03608247422680422
2023-04-12,14230,14720,14130,14680,288655,0.04335465529495375
2023-04-13,14830,15050,14590,14750,248704,0.004768392370572139
2023-04-14,15080,17430,14860,16990,1162939,0.15186440677966107
2023-04-17,17020,17400,15920,16090,526196,-0.05297233666862855
2023-04-18,16100,20900,15690,19000,4218466,0.18085767557489119
2023-04-19,20250,21350,19000,19540,2362177,0.028421052631578902
2023-04-20,19280,19280,18180,18300,428353,-0.06345957011258951
2023-04-21,18320,18700,16850,17360,525613,-0.051366120218579225
2023-04-24,17100,17540,16280,16500,174755,-0.04953917050691248
2023-04-25,16690,16880,15600,16080,172758,-0.025454545454545507
2023-04-26,16200,17030,16000,16330,480245,0.015547263681592094
2023-04-27,16230,16830,15820,16500,176688,0.010410287813839458
2023-04-28,16640,16660,15700,15700,151201,-0.048484848484848464
2023-05-02,15470,17760,15420,17110,819169,0.08980891719745232
2023-05-03,17650,19300,17360,17490,1250162,0.02220923436586797
2023-05-04,17980,17980,16060,16080,392568,-0.0806174957118353
2023-05-08,16080,17370,15900,16350,330967,0.01679104477611948
2023-05-09,16400,16460,15620,15940,168736,-0.0250764525993884
2023-05-10,16100,16200,15700,15850,98765,-0.00564617314930993
2023-05-11,15910,16130,15550,15550,107470,-0.018927444794952675
2023-05-12,15420,15690,15150,15240,74290,-0.019935691318327953
2023-05-15,15240,15370,14860,15230,88987,-0.0006561679790025865
2023-05-16,15230,15230,14520,14530,123296,-0.045961917268548924
2023-05-17,14500,15430,14340,15260,154206,0.050240880935994436
2023-05-18,15500,15500,14880,14930,65073,-0.02162516382699864
2023-05-19,14970,15480,14850,14850,66451,-0.0053583389149364224
2023-05-22,14850,14900,14500,14580,92248,-0.018181818181818188
2023-05-23,15110,15890,15000,15090,450405,0.034979423868312765
2023-05-24,15170,15320,15050,15050,80091,-0.002650762094102088
2023-05-25,14830,15160,14810,14970,79573,-0.0053156146179401675
2023-05-26,15150,15150,14880,14890,45826,-0.005344021376085473
2023-05-30,14970,14970,14790,14790,62291,-0.006715916722632609
2023-05-31,14790,15470,14440,15400,335351,0.041244083840432655
2023-06-01,16230,16440,15110,15110,521730,-0.018831168831168865
2023-06-02,15310,15310,14900,14970,92001,-0.009265387160820704
2023-06-05,15060,15290,14950,14970,52246,0.0
2023-06-07,14960,15150,14840,15080,47825,0.007348029392117539
2023-06-08,15070,15070,14860,14860,42963,-0.01458885941644561
2023-06-09,14860,14950,14840,14890,52223,0.0020188425302827273
2023-06-12,15210,15410,15000,15300,149872,0.02753525856279393
2023-06-13,15360,15690,15140,15450,116130,0.009803921568627416
2023-06-14,15690,15700,14920,15050,137211,-0.02588996763754048
2023-06-15,15200,15310,14960,15000,50984,-0.0033222591362126463
2023-06-16,15000,15130,14970,15010,39824,0.0006666666666665932
2023-06-19,15090,15390,14950,15330,79543,0.02131912058627572
2023-06-20,15600,15620,15000,15180,95729,-0.009784735812133127
2023-06-21,15390,16200,15020,15710,525204,0.03491436100131762
2023-06-22,15800,17200,15500,16030,1316537,0.020369191597708447
2023-06-23,16010,16760,15600,16140,475777,0.006862133499688117
2023-06-26,16250,16250,15600,15600,156247,-0.03345724907063197
2023-06-27,15470,15980,15290,15440,116599,-0.01025641025641022
2023-06-28,15650,15840,15440,15650,93803,0.0136010362694301
2023-06-29,16090,17180,15700,16280,1178510,0.0402555910543132
2023-06-30,16350,16420,15850,16290,136811,0.0006142506142505777
2023-07-03,16460,16640,16070,16090,150318,-0.012277470841006721
2023-07-04,16210,16390,15700,16390,140403,0.01864512119328765
2023-07-05,16430,16620,16160,16390,137639,0.0
2023-07-06,16330,16600,15850,16000,139236,-0.02379499694935938
2023-07-07,16090,16300,15730,15760,83462,-0.015000000000000013
2023-07-10,15630,15750,15050,15170,102253,-0.0374365482233503
2023-07-11,15200,15450,15170,15410,33164,0.015820698747528006
2023-07-12,15420,15520,15060,15250,64575,-0.010382868267358902
2023-07-13,15350,15680,15200,15200,60430,-0.003278688524590123
2023-07-14,15200,15290,14910,15190,80222,-0.0006578947368420796
2023-07-17,15200,15480,14950,15310,56292,0.007899934167215239
2023-07-18,15260,15880,15160,15520,91429,0.013716525146962866
2023-07-19,15540,15800,15340,15650,57061,0.008376288659793785
2023-07-20,15580,15730,15330,15370,45826,-0.017891373801916965
2023-07-21,15370,15370,14970,15000,79904,-0.02407286922576446
2023-07-24,14970,15190,14500,14890,93765,-0.007333333333333303
2023-07-25,14810,15430,14570,15350,127873,0.030893216924110067
2023-07-26,15130,15340,13980,14470,174685,-0.05732899022801308
2023-07-27,14530,14640,14280,14300,50943,-0.011748445058742174
2023-07-28,14450,14670,14080,14520,35673,0.01538461538461533
2023-07-31,14600,15100,14350,15030,62361,0.03512396694214881
2023-08-01,15140,15180,14800,14840,36885,-0.01264138389886893
2023-08-02,14980,15090,14410,14450,48381,-0.026280323450134757
2023-08-03,14320,14540,14020,14150,56332,-0.02076124567474047
2023-08-04,14070,14580,14040,14470,42585,0.022614840989399365
2023-08-07,14570,14980,14160,14480,131122,0.0006910850034553828
2023-08-08,14320,14800,14210,14600,73106,0.008287292817679592
2023-08-09,14410,14850,14410,14620,23356,0.00136986301369868
2023-08-10,14620,14620,14250,14400,30981,-0.015047879616963078
2023-08-11,14400,14550,14360,14370,26945,-0.002083333333333326
2023-08-14,14390,14800,14240,14590,54687,0.015309672929714635
2023-08-16,14770,14770,13950,13950,68374,-0.04386566141192594
2023-08-17,13950,14960,13180,14480,228571,0.037992831541218575
2023-08-18,14400,18820,14400,18820,5324469,0.29972375690607733
2023-08-21,22450,24450,21800,24450,6668669,0.2991498405951116
2023-08-22,20500,20700,17150,17150,3631719,-0.2985685071574642
2023-08-23,16630,18290,15430,15680,5212024,-0.08571428571428574
2023-08-24,15540,15720,15000,15150,778586,-0.03380102040816324
2023-08-25,15150,15340,14620,14630,485317,-0.03432343234323432
2023-08-28,14700,15230,14660,15230,379874,0.04101161995898828
2023-08-29,15250,15580,14940,15350,453725,0.007879185817465606
2023-08-30,15410,15630,15300,15470,273078,0.007817589576547324
2023-08-31,15690,15740,14850,14900,372400,-0.03684550743374271
2023-09-01,14910,15000,14630,14710,177537,-0.012751677852348986
2023-09-04,14750,14750,14410,14420,173879,-0.01971447994561526
2023-09-05,14510,14810,14490,14790,148962,0.02565880721220526
2023-09-06,14800,14810,14420,14550,151303,-0.016227180527383367
2023-09-07,14470,14490,14050,14060,171643,-0.033676975945017174
2023-09-08,14010,14110,13840,13850,106585,-0.014935988620199181
2023-09-11,13800,13940,13600,13650,99567,-0.014440433212996373
2023-09-12,13860,13870,13450,13550,101285,-0.0073260073260073
2023-09-13,13590,13590,12950,13100,142402,-0.03321033210332103
2023-09-14,13140,13370,13020,13250,68117,0.011450381679389388
2023-09-15,13300,13500,13200,13420,52032,0.012830188679245236
2023-09-18,13450,13450,13150,13190,49772,-0.01713859910581217
2023-09-19,13270,13330,12860,12920,66446,-0.020470053070507976
2023-09-20,12850,13150,12780,12820,57468,-0.007739938080495334
2023-09-21,12840,13010,12400,12850,109995,0.002340093603744098
2023-09-22,12550,12970,12500,12800,52336,-0.0038910505836575737
2023-09-25,12630,12900,12180,12180,54396,-0.04843750000000002
2023-09-26,12180,12250,12000,12070,38988,-0.009031198686371145
2023-09-27,11990,12280,11970,12280,41491,0.0173985086992543
2023-10-04,12400,12400,11710,11760,52323,-0.04234527687296419
2023-10-05,11760,12580,11650,12000,112055,0.020408163265306145
2023-10-06,12250,12690,12250,12310,44370,0.025833333333333375
2023-10-10,12450,12450,11700,11800,44616,-0.041429731925264
2023-10-11,11880,12100,11880,12090,37951,0.024576271186440568
2023-10-12,12010,12370,12010,12290,29328,0.016542597187758412
2023-10-13,12320,12330,12000,12070,28534,-0.017900732302685074
2023-10-16,11930,12010,11530,11620,49876,-0.03728251864125931
2023-10-17,11750,12200,11750,12030,29805,0.03528399311531838
2023-10-18,12240,13820,11830,11840,1133616,-0.015793848711554426
2023-10-19,11690,11700,11410,11480,80002,-0.030405405405405372
2023-10-20,11320,13720,11110,11260,2255722,-0.019163763066202044
2023-10-23,11270,11710,11060,11060,133469,-0.017761989342806372
2023-10-24,11010,11500,11000,11500,118065,0.039783001808318286
2023-10-25,11480,11630,11220,11220,58276,-0.024347826086956514
2023-10-26,11000,11070,10800,10800,68767,-0.03743315508021394
2023-10-27,10800,11000,10670,10680,48325,-0.011111111111111072
2023-10-30,10680,11530,10640,11280,79102,0.05617977528089879
2023-10-31,11280,11410,10790,10830,43186,-0.039893617021276584
2023-11-01,10850,11070,10820,10830,26754,0.0
2023-11-02,10900,11400,10900,11300,70085,0.04339796860572487
2023-11-03,11480,11500,11190,11390,30850,0.007964601769911539
2023-11-06,11440,11710,11370,11660,61801,0.02370500438981571
2023-11-07,11680,11680,11210,11480,36406,-0.015437392795883409
2023-11-08,11630,11690,11300,11400,41867,-0.006968641114982632
2023-11-09,11780,11790,11300,11310,55861,-0.007894736842105288
2023-11-10,11300,11440,11020,11350,31082,0.0035366931918656697
2023-11-13,11360,11430,10940,10940,34677,-0.03612334801762118
2023-11-14,11000,11330,11000,11150,26124,0.019195612431444298
2023-11-15,11250,11640,11230,11350,32020,0.017937219730941756
2023-11-16,11320,11500,11250,11380,27650,0.002643171806167466
2023-11-17,11270,11380,11070,11120,34409,-0.02284710017574687
2023-11-20,11130,11430,11130,11290,25046,0.015287769784172678
2023-11-21,11290,11540,11220,11290,30827,0.0
2023-11-22,11210,11580,11200,11520,45785,0.02037201062887517
2023-11-23,11850,12040,11470,11500,111471,-0.0017361111111111605
2023-11-24,11450,11950,11430,11750,64822,0.021739130434782705
2023-11-27,11800,11880,11400,11480,62367,-0.02297872340425533
2023-11-28,11450,11630,11410,11540,32319,0.005226480836237002
2023-11-29,11500,11730,11500,11540,38720,0.0
2023-11-30,11600,11900,11550,11840,47398,0.025996533795493937
2023-12-01,11720,11810,11470,11670,64738,-0.014358108108108114
2023-12-04,11670,11710,11150,11170,135443,-0.0428449014567267
2023-12-05,11080,11230,11080,11180,29120,0.0008952551477170445
2023-12-06,11080,11280,11030,11170,27585,-0.0008944543828264262
2023-12-07,11110,11240,11080,11160,23354,-0.0008952551477170445
2023-12-08,11180,11270,10980,11170,67391,0.0008960573476701761
2023-12-11,11200,11440,11150,11250,41740,0.0071620411817368
2023-12-12,11170,11370,11170,11360,30626,0.009777777777777885
2023-12-13,11250,11390,11120,11180,27144,-0.015845070422535246
2023-12-14,11200,11350,11070,11200,46932,0.0017889087656528524
2023-12-15,11290,11360,11130,11240,49295,0.0035714285714285587
2023-12-18,11280,11490,11220,11370,43474,0.011565836298932375
2023-12-19,11400,11800,11140,11380,216164,0.0008795074758134458
2023-12-20,11430,12200,11300,11730,366317,0.03075571177504388
2023-12-21,11620,11640,11410,11480,71287,-0.021312872975277064
2023-12-22,11560,11860,11560,11680,75348,0.017421602787456525
2023-12-26,11680,11700,11270,11300,73163,-0.03253424657534243
2023-12-27,11370,11650,11340,11560,44461,0.023008849557522026
2023-12-28,11610,11750,11380,11650,26510,0.007785467128027745
2024-01-02,11640,11970,11500,11900,49263,0.02145922746781115
2024-01-03,11790,11900,11690,11830,38927,-0.00588235294117645
2024-01-04,11830,12130,11680,11900,60679,0.00591715976331364
2024-01-05,12000,12120,11820,11900,46498,0.0
2024-01-08,11980,12220,11830,12130,60607,0.019327731092436906
2024-01-09,12170,12250,12050,12130,38300,0.0
2024-01-10,12200,12200,11780,11860,64622,-0.022258862324814555
2024-01-11,11870,12150,11860,12000,36797,0.01180438448566612
2024-01-12,12000,12050,11710,11820,37306,-0.015000000000000013
2024-01-15,11730,11950,11650,11880,32165,0.0050761421319796
2024-01-16,11800,12140,11790,12000,58690,0.010101010101010166
2024-01-17,11950,12090,11500,11520,85199,-0.040000000000000036
2024-01-18,11450,12020,11450,11870,56846,0.03038194444444442
2024-01-19,12000,12410,11830,12000,98867,0.010951979780960297
2024-01-22,12000,12140,11850,11900,36124,-0.008333333333333304
2024-01-23,11820,12070,11770,11900,35797,0.0
2024-01-24,11880,11890,11580,11640,32226,-0.021848739495798353
2024-01-25,11690,11690,11440,11580,35079,-0.005154639175257714
2024-01-26,11500,11750,11420,11640,35928,0.005181347150259086
2024-01-29,11640,11640,11380,11430,33207,-0.01804123711340211
2024-01-30,11460,11500,11150,11260,45103,-0.014873140857392775
2024-01-31,11270,11300,11060,11120,27476,-0.01243339253996445
2024-02-01,11140,11140,10850,10950,43851,-0.015287769784172678
2024-02-02,10950,11190,10950,11070,16819,0.010958904109588996
2024-02-05,11070,11070,10820,10980,21711,-0.008130081300813052
2024-02-06,10890,11240,10770,11190,35609,0.0191256830601092
2024-02-07,11190,11250,11070,11100,13861,-0.008042895442359255
2024-02-08,11300,11340,11170,11200,18277,0.009009009009008917
2024-02-13,11200,11440,11140,11400,29661,0.017857142857142794
2024-02-14,11200,11690,11200,11610,38845,0.018421052631578894
2024-02-15,11650,11850,11550,11780,38281,0.014642549526270532
2024-02-16,11800,11840,11580,11580,26222,-0.01697792869269954
2024-02-19,11520,11690,11470,11510,24585,-0.006044905008635526
2024-02-20,11440,11600,11230,11500,22680,-0.0008688097306689402
2024-02-21,11540,12000,11370,11530,29752,0.002608695652173809
2024-02-22,11530,11870,11500,11510,45119,-0.0017346053772766545
2024-02-23,11540,11600,11340,11410,30869,-0.008688097306689846
2024-02-26,11380,11500,11270,11270,15560,-0.012269938650306789
2024-02-27,11270,11300,11080,11110,29813,-0.014196983141082531
2024-02-28,11110,11200,11000,11120,23698,0.0009000900090008201
2024-02-29,11130,11170,10980,11070,20122,-0.004496402877697814
2024-03-04,11190,11190,10860,10870,39918,-0.01806684733513997
2024-03-05,10870,10910,10730,10740,36293,-0.011959521619135272
2024-03-06,10740,10750,10030,10400,86779,-0.03165735567970207
2024-03-07,10400,10500,10100,10100,43591,-0.028846153846153855
2024-03-08,10190,10780,10190,10470,51743,0.036633663366336666
2024-03-11,10500,10600,10330,10600,25874,0.01241642788920716
2024-03-12,10570,10900,10500,10800,24390,0.018867924528301883
2024-03-13,10920,11100,10700,10970,38048,0.015740740740740833
2024-03-14,10930,10990,10520,10670,30696,-0.027347310847766648
2024-03-15,10500,10690,10500,10680,13007,0.0009372071227742307
2024-03-18,10640,10950,10630,10730,13446,0.004681647940074862
2024-03-19,10770,10780,10550,10640,15423,-0.008387698042870428
2024-03-20,10650,10650,10430,10460,22185,-0.016917293233082664
2024-03-21,10500,10540,10420,10490,17605,0.002868068833651982
2024-03-22,10540,10540,10410,10500,13130,0.0009532888465204614
2024-03-25,10580,10630,10370,10370,19135,-0.012380952380952381
2024-03-26,10380,10420,10300,10310,19008,-0.005785920925747368
2024-03-27,10340,11370,10250,11080,258275,0.07468477206595536
2024-03-28,10920,11100,10650,10760,61976,-0.028880866425992746
2024-03-29,10660,12000,10600,10930,819442,0.01579925650557623
2024-04-01,10860,11080,10730,11080,52275,0.013723696248856276
2024-04-02,10970,11020,10720,10720,65400,-0.032490974729241895
2024-04-03,10680,10690,10450,10450,55490,-0.025186567164179108
2024-04-04,10450,10770,10450,10730,32100,0.026794258373205704
2024-04-05,10690,11280,10690,11030,100685,0.02795899347623476
2024-04-08,10920,11030,10550,10600,38327,-0.03898458748866729
2024-04-09,10600,10790,10430,10640,17532,0.0037735849056603765
2024-04-11,10640,10830,10360,10800,20688,0.015037593984962516
2024-04-12,10800,10890,10710,10750,16825,-0.00462962962962965
2024-04-15,10600,10600,10300,10400,33225,-0.032558139534883734
2024-04-16,10320,10400,10200,10200,24455,-0.019230769230769273
2024-04-17,10220,10370,10140,10290,21578,0.008823529411764675
2024-04-18,10290,10490,10210,10380,24613,0.008746355685131268
2024-04-19,10400,10400,10050,10230,28176,-0.014450867052023142
2024-04-22,10230,10270,10130,10250,13052,0.0019550342130987275
2024-04-23,10160,10500,10090,10100,48431,-0.014634146341463428
2024-04-24,10190,10200,10120,10160,10297,0.005940594059405946
2024-04-25,10160,10250,10070,10080,17603,-0.007874015748031482
2024-04-26,10080,10220,9880,10200,40610,0.011904761904761862
2024-04-29,10140,10350,10140,10250,13533,0.004901960784313708
2024-04-30,10270,10390,10170,10320,10222,0.006829268292682933
2024-05-02,10390,10390,10190,10310,8475,-0.0009689922480620172
2024-05-03,10400,10590,10250,10310,17256,0.0
2024-05-07,10310,10390,10240,10300,36480,-0.0009699321047527132
2024-05-08,10300,10350,10240,10350,14667,0.004854368932038833
2024-05-09,10310,10380,10190,10290,20145,-0.005797101449275366
2024-05-10,10290,11500,10190,10500,511251,0.020408163265306145
2024-05-13,10550,10590,10020,10170,105004,-0.03142857142857147
2024-05-14,10110,10610,10110,10420,44499,0.024582104228122015
2024-05-16,10470,10810,10450,10570,56984,0.014395393474088358
2024-05-17,10640,10640,10140,10310,40971,-0.024597918637653704
2024-05-20,10320,10400,10070,10120,37750,-0.018428709990300662
2024-05-21,10090,10250,9980,10010,42924,-0.010869565217391353
2024-05-22,10330,12280,10300,10950,2710038,0.09390609390609383
2024-05-23,11230,11930,10950,11500,1081099,0.05022831050228316
2024-05-24,11210,11500,11060,11460,196010,-0.003478260869565264
2024-05-27,11660,11810,11300,11350,297020,-0.009598603839441555
2024-05-28,11350,11450,11110,11360,123260,0.0008810572687225626
2024-05-29,11380,11530,11120,11330,114968,-0.002640845070422504
2024-05-30,11340,11400,11000,11000,111896,-0.029126213592232997
2024-05-31,10990,11520,10950,11450,116261,0.040909090909091006
2024-06-03,11500,11650,11260,11450,83300,0.0
2024-06-04,11450,11520,11260,11300,66447,-0.013100436681222738
2024-06-05,11470,11630,11310,11500,120000,0.017699115044247815
2024-06-07,11540,11820,11460,11670,142243,0.014782608695652177
2024-06-10,11700,11800,11420,11640,106593,-0.0025706940874036244
2024-06-11,11750,12150,11500,11920,167149,0.02405498281786933
2024-06-12,12000,12000,11620,11770,88977,-0.012583892617449632
2024-06-13,11770,11880,11290,11820,150050,0.004248088360237823
2024-06-14,11830,11880,11500,11510,48553,-0.02622673434856171
2024-06-17,11600,11600,11310,11400,44141,-0.009556907037358786
2024-06-18,11380,11430,11060,11110,59968,-0.025438596491228038
2024-06-19,11110,11130,10810,10820,51513,-0.026102610261026116
2024-06-20,10810,11040,10810,11000,30888,0.01663585951940849
2024-06-21,11030,11080,10350,10450,74954,-0.050000000000000044
2024-06-24,10440,10630,10240,10600,29493,0.014354066985645897
2024-06-25,10630,10700,10430,10430,15338,-0.016037735849056656
2024-06-26,10490,10580,10360,10400,10838,-0.0028763183125599667
2024-06-27,10350,10450,10300,10340,14192,-0.005769230769230749
2024-06-28,10300,10400,10270,10380,9836,0.003868471953578423
2024-07-01,10400,10460,10330,10340,13486,-0.003853564547206201
2024-07-02,10400,10540,10010,10280,60167,-0.005802707930367523
2024-07-03,10340,10370,10050,10200,17887,-0.0077821011673151474
2024-07-04,10230,10290,10150,10220,11500,0.0019607843137254832
2024-07-05,10220,10300,10160,10210,16863,-0.0009784735812132794
2024-07-08,10300,10300,10120,10210,11767,0.0
2024-07-09,10300,10300,10150,10200,11453,-0.0009794319294809117
2024-07-10,10250,10350,10100,10240,16121,0.0039215686274509665
2024-07-11,10240,10290,10150,10220,19271,-0.001953125
2024-07-12,10250,10260,10120,10180,13921,-0.003913894324853229
2024-07-15,10150,10200,10000,10060,17441,-0.011787819253438081
2024-07-16,10050,10070,9990,10010,24468,-0.00497017892644136
2024-07-17,10030,10050,9920,9970,21175,-0.003996003996003972
2024-07-18,9970,9970,9620,9690,47029,-0.028084252758274864
2024-07-19,9840,9840,9650,9720,9136,0.003095975232198178
2024-07-22,9590,9730,9240,9300,39621,-0.043209876543209846
2024-07-23,9230,9550,9230,9330,12706,0.003225806451612856
2024-07-24,9240,9360,9240,9340,8447,0.001071811361200492
2024-07-25,9290,9290,9030,9150,25216,-0.020342612419700257
2024-07-26,9020,9130,8980,8980,22263,-0.01857923497267755
2024-07-29,8970,9090,8970,9050,6885,0.007795100222717233
2024-07-30,9100,9100,8980,8980,10140,-0.007734806629834279
2024-07-31,9000,9180,8840,9060,15760,0.008908685968819663
2024-08-01,9060,9180,9000,9090,5984,0.0033112582781456013
2024-08-02,9090,9110,8740,8980,14147,-0.012101210121012063
2024-08-05,8770,8770,7000,7510,64659,-0.1636971046770601
2024-08-06,7550,8120,7550,7740,26940,0.030625832223701632
2024-08-07,7270,7950,7270,7790,26320,0.006459948320413522
2024-08-08,7570,7800,7480,7560,25287,-0.029525032092426184
2024-08-09,7570,7860,7570,7760,15938,0.02645502645502651
2024-08-12,7800,7920,7650,7880,15958,0.015463917525773141
2024-08-13,7810,8520,7810,8070,88379,0.024111675126903487
2024-08-14,8090,8200,8010,8100,12390,0.0037174721189590088
2024-08-16,8110,8230,8070,8200,12403,0.012345679012345734
2024-08-19,8200,8200,7780,7780,39875,-0.051219512195122
2024-08-20,7840,7950,7680,7950,24351,0.02185089974293053
2024-08-21,7950,7960,7790,7950,12073,0.0
2024-08-22,7960,7960,7690,7770,16672,-0.02264150943396226
2024-08-23,7750,7810,7570,7740,11221,-0.0038610038610038533
2024-08-26,7760,7790,7630,7770,12003,0.003875968992248069
2024-08-27,7760,8280,7720,8100,39117,0.042471042471042386
2024-08-28,8080,8080,7800,7810,17888,-0.03580246913580243
2024-08-29,7810,8350,7770,7860,24833,0.006402048655569814
2024-08-30,7800,7970,7770,7870,5141,0.0012722646310432406
2024-09-02,7910,8100,7800,8030,11483,0.020330368487928796
2024-09-03,8070,8200,8020,8080,10143,0.0062266500622665255
2024-09-04,7790,7970,7700,7820,15309,-0.03217821782178221
2024-09-05,7840,9350,7650,7850,964881,0.0038363171355497716
2024-09-06,7790,7890,7340,7340,83279,-0.06496815286624202
2024-09-09,7010,7290,6700,7230,43660,-0.01498637602179842
2024-09-10,7200,8320,7030,7300,169455,0.009681881051175623
2024-09-11,7230,7800,7230,7260,75878,-0.005479452054794498
2024-09-12,7270,7660,7270,7580,20359,0.0440771349862259
2024-09-13,7540,7590,7400,7550,24060,-0.00395778364116095
2024-09-19,7510,8400,7450,7720,252653,0.02251655629139071
2024-09-20,7720,7920,7620,7660,38649,-0.007772020725388629
2024-09-23,7650,7880,7630,7660,9089,0.0
2024-09-24,7660,8230,7640,7840,102229,0.023498694516971286
2024-09-25,7840,7950,7700,7850,25340,0.0012755102040815647
2024-09-26,7970,8100,7740,7970,24141,0.015286624203821653
2024-09-27,8030,8030,7870,7940,14660,-0.0037641154328732496
2024-09-30,7950,7950,7730,7780,11534,-0.02015113350125941
2024-10-02,7780,7880,7570,7670,13046,-0.014138817480719768
2024-10-04,7600,7730,7410,7520,10609,-0.019556714471968717
2024-10-07,7530,7730,7450,7730,9191,0.027925531914893664
2024-10-08,7580,7680,7540,7570,18251,-0.02069857697283317
2024-10-10,7600,7690,7480,7480,9508,-0.011889035667106973
2024-10-11,7410,8150,7410,7690,114424,0.02807486631016043
2024-10-14,7670,7670,7380,7460,19333,-0.02990897269180759
2024-10-15,7470,7520,7300,7450,20190,-0.0013404825737265424
2024-10-16,7500,7530,7280,7300,15625,-0.020134228187919434
2024-10-17,7360,7360,7250,7290,7963,-0.00136986301369868
2024-10-18,7300,7320,7070,7120,14051,-0.023319615912208547
2024-10-21,7090,7180,7010,7180,5775,0.008426966292134797
2024-10-22,7020,7180,6880,6880,18657,-0.04178272980501396
2024-10-23,6880,7080,6820,7060,17208,0.026162790697674465
2024-10-24,6900,7220,6890,7090,12866,0.004249291784702569
2024-10-25,7150,7330,6980,7150,22112,0.008462623413258097
2024-10-28,7150,7320,7130,7310,11677,0.02237762237762242
2024-10-29,7240,7310,7160,7190,3475,-0.01641586867305067
2024-10-30,7200,7290,7140,7180,6388,-0.0013908205841446364
2024-10-31,7060,7120,7000,7030,5439,-0.02089136490250698
2024-11-01,7000,7060,6900,6920,6503,-0.015647226173541973
2024-11-04,6990,7060,6870,7000,5322,0.011560693641618602
2024-11-05,6930,7200,6930,7170,4971,0.024285714285714244
2024-11-06,7140,7240,6980,7000,5707,-0.023709902370990243
2024-11-07,7040,7050,6840,6870,9749,-0.018571428571428572
2024-11-08,6910,7010,6870,6990,4694,0.017467248908296984
2024-11-11,7000,7000,6700,6700,20772,-0.0414878397711016
2024-11-12,6730,6730,6250,6320,32071,-0.05671641791044779
2024-11-13,6200,6340,5800,6250,42413,-0.011075949367088556
2024-11-14,6250,6350,5920,5970,13510,-0.04479999999999995
2024-11-15,5750,6530,5750,6260,28560,0.048576214405360085
2024-11-18,6390,6660,6370,6470,30711,0.033546325878594185
2024-11-19,6460,6540,6170,6170,15869,-0.04636785162287482
2024-11-20,6180,6240,6070,6210,6506,0.006482982171799101
2024-11-21,6150,6280,6060,6200,3641,-0.0016103059581320522
2024-11-22,6120,6340,6120,6200,8051,0.0
2024-11-25,6200,6290,6180,6240,6632,0.006451612903225712
2024-11-26,6230,6410,6200,6400,7715,0.02564102564102555
2024-11-27,6400,6400,6120,6130,22811,-0.042187500000000044
2024-11-28,6100,6200,6020,6090,4770,-0.006525285481239762
2024-11-29,6130,6130,5870,5920,16234,-0.02791461412151064
2024-12-02,5870,5930,5750,5760,9176,-0.027027027027026973
2024-12-03,5730,5830,5650,5800,13345,0.00694444444444442
2024-12-04,5560,5800,5500,5660,25315,-0.024137931034482807
2024-12-05,5550,5680,5490,5490,22481,-0.030035335689045928
2024-12-06,5770,5770,5160,5240,74148,-0.04553734061930781
2024-12-09,4960,5200,4445,4665,91351,-0.10973282442748089
2024-12-10,4530,4955,4530,4950,28849,0.06109324758842449
2024-12-11,4815,5200,4815,5180,19674,0.04646464646464654
2024-12-12,5190,5280,5050,5220,19546,0.007722007722007707
2024-12-13,5220,5450,5220,5450,6778,0.044061302681992265
2024-12-16,5450,5600,5450,5600,4820,0.02752293577981657
2024-12-17,5650,5660,5470,5500,3542,-0.017857142857142905
2024-12-18,5530,5550,5420,5530,8084,0.005454545454545379
2024-12-19,5530,5530,5360,5370,6198,-0.02893309222423146
2024-12-20,5370,5370,5150,5150,9339,-0.040968342644320255
2024-12-23,5510,6300,5300,5350,168574,0.03883495145631066
2024-12-24,5300,5390,5150,5300,10331,-0.009345794392523366
2024-12-26,5350,5360,5150,5200,8248,-0.018867924528301883
2024-12-27,5130,5230,5050,5150,4683,-0.009615384615384581
2024-12-30,5000,5150,5000,5110,6912,-0.007766990291262155
2025-01-02,5110,5200,5100,5180,5032,0.013698630136986356
2025-01-03,5180,5390,5180,5250,7463,0.013513513513513598
2025-01-06,5270,5440,5270,5430,6974,0.03428571428571425
2025-01-07,5380,5480,5360,5460,7742,0.005524861878453136
2025-01-08,5460,5490,5320,5450,7758,-0.001831501831501825
2025-01-09,5450,5490,5380,5450,3985,0.0
2025-01-10,5450,5550,5300,5500,8385,0.00917431192660545
2025-01-13,5530,5560,5400,5420,7768,-0.014545454545454528
2025-01-14,5390,5470,5390,5460,1780,0.007380073800737907
2025-01-15,5460,5460,5410,5420,1485,-0.0073260073260073
2025-01-16,5420,5480,5420,5480,3964,0.011070110701107083
2025-01-17,5480,5540,5380,5470,11524,-0.0018248175182481452
2025-01-20,5430,5470,5360,5450,8604,-0.003656307129798919
2025-01-21,5450,5450,5280,5340,12858,-0.020183486238532056
2025-01-22,5370,5420,5290,5400,11334,0.011235955056179803
2025-01-23,5400,5400,5170,5170,16358,-0.042592592592592626
2025-01-24,5190,5330,5130,5240,3826,0.013539651837524147
2025-01-31,5190,5270,5000,5060,16676,-0.03435114503816794
2025-02-03,5070,5070,4660,4880,21502,-0.035573122529644285
2025-02-04,4870,4925,4830,4880,7523,0.0
2025-02-05,5000,5000,4890,4900,7470,0.004098360655737654
2025-02-06,4925,5190,4900,5150,37116,0.05102040816326525
2025-02-07,6680,6690,6680,6690,118000,0.29902912621359223
2025-02-10,7800,7900,6970,7000,1070352,0.046337817638266054
2025-02-11,6850,6890,6230,6340,187265,-0.0942857142857143
2025-02-12,6490,6660,6340,6350,111965,0.001577287066246047
2025-02-13,6360,6520,6190,6300,68621,-0.007874015748031482
2025-02-14,6330,6430,6310,6310,37511,0.0015873015873015817
2025-02-17,6190,6370,6150,6290,51530,-0.0031695721077654726
2025-02-18,6290,6450,6260,6400,42778,0.01748807631160565
2025-02-19,6480,6480,6220,6340,34514,-0.009375000000000022
2025-02-20,6270,6340,6190,6220,36882,-0.018927444794952675
2025-02-21,6270,6320,6180,6270,45217,0.008038585209003246
2025-02-24,6270,6270,6080,6200,30979,-0.011164274322169043
2025-02-25,6200,6440,6110,6340,29553,0.022580645161290214
2025-02-26,6460,6460,6230,6320,49553,-0.003154574132492094
2025-02-27,6350,6400,6250,6250,19201,-0.011075949367088556
2025-02-28,6210,6310,6150,6210,16027,-0.006399999999999961
2025-03-04,6250,6330,6150,6330,37059,0.019323671497584627
2025-03-05,6330,6460,6220,6440,33086,0.017377567140600236
2025-03-06,6440,6730,6370,6510,52588,0.010869565217391353
2025-03-07,6500,6670,6320,6610,42305,0.015360983102918668
2025-03-10,6680,6740,6510,6650,35485,0.00605143721633894
2025-03-11,6450,6550,6310,6430,19309,-0.03308270676691727
2025-03-12,6600,6600,6060,6300,31936,-0.02021772939346811
2025-03-13,6300,6490,6200,6490,13686,0.03015873015873005
2025-03-14,6490,6510,6090,6400,11921,-0.013867488443759624
2025-03-17,6400,6400,6270,6310,4321,-0.014062499999999978
2025-03-18,6310,6320,6180,6270,12609,-0.006339144215530945
2025-03-19,6300,6410,6230,6270,8354,0.0
2025-03-20,6320,6320,6150,6150,24852,-0.019138755980861233
2025-03-21,6150,6150,5970,6100,11025,-0.008130081300813052
2025-03-24,6130,6160,6000,6090,7343,-0.0016393442622950616
2025-03-25,6090,6090,5930,5930,14070,-0.026272577996715896
2025-03-26,5940,6040,5850,6000,22257,0.01180438448566612
2025-03-27,6000,6020,5910,5980,6092,-0.0033333333333332993
2025-03-28,6000,6000,5730,5730,13918,-0.041806020066889604
2025-03-31,5730,5750,5440,5440,18357,-0.05061082024432806
2025-04-01,5450,5650,5450,5630,19298,0.03492647058823528
2025-04-02,5630,5630,5510,5550,14470,-0.014209591474245165
2025-04-03,5550,5630,5470,5620,5727,0.012612612612612706
2025-04-04,5400,5640,5400,5600,10122,-0.003558718861209953
2025-04-07,5630,5630,5300,5360,12134,-0.042857142857142816
2025-04-08,5360,5590,5330,5400,11327,0.00746268656716409
2025-04-09,5200,5390,5190,5300,11893,-0.01851851851851849
2025-04-10,5330,5540,5320,5460,12150,0.030188679245283012
2025-04-11,5570,5770,5460,5770,15353,0.0567765567765568
2025-04-14,5810,5890,5730,5860,14401,0.015597920277296451
2025-04-15,5900,5940,5820,5920,5951,0.010238907849829282
2025-04-16,5940,5950,5790,5790,4565,-0.02195945945945943
2025-04-17,5830,6000,5700,6000,8428,0.03626943005181338
2025-04-18,6000,6030,5900,5950,6991,-0.008333333333333304
2025-04-21,5950,5990,5900,5930,3663,-0.003361344537815114
2025-04-22,5930,6020,5880,5900,7951,-0.005059021922428353
2025-04-23,5940,6510,5920,6220,63788,0.05423728813559325
2025-04-24,6250,6290,6050,6150,12804,-0.0112540192926045
2025-04-25,6170,6400,6170,6240,13512,0.014634146341463428
2025-04-28,6270,6380,6080,6100,6431,-0.022435897435897467
2025-04-29,6180,6220,6050,6150,5980,0.008196721311475308
2025-04-30,6210,6210,5950,6210,10797,0.009756097560975618
2025-05-02,6130,6130,5960,5970,12472,-0.03864734299516903
2025-05-07,5960,5970,5840,5950,10537,-0.00335008375209378
2025-05-08,5980,6030,5900,5990,5101,0.006722689075630228
2025-05-09,6040,6040,5850,5910,5839,-0.013355592654423987
2025-05-12,5910,6040,5900,6000,5502,0.015228426395939021
2025-05-13,5940,6030,5880,5950,12632,-0.008333333333333304
2025-05-14,6000,6000,5830,6000,14815,0.008403361344537785
2025-05-15,6030,6030,5770,5830,19153,-0.02833333333333332
2025-05-16,5840,5850,5600,5630,27945,-0.03430531732418529
2025-05-19,5620,5810,5550,5560,17186,-0.01243339253996445
2025-05-20,5560,5700,5560,5580,8577,0.003597122302158251
2025-05-21,5560,5670,5560,5620,9582,0.007168458781362075
2025-05-22,5620,5960,5570,5580,11755,-0.007117437722419906
2025-05-23,5560,5610,5460,5520,12548,-0.010752688172043001
2025-05-26,5520,5800,5520,5750,15638,0.04166666666666674
2025-05-27,5750,5750,5610,5610,9905,-0.024347826086956514
2025-05-28,5630,5720,5550,5720,6817,0.019607843137254832
2025-05-29,5740,5750,5610,5710,8100,-0.0017482517482517723
2025-05-30,5730,5750,5620,5680,13644,-0.005253940455341555
2025-06-02,5680,7380,5600,7380,4138686,0.29929577464788726
2025-06-04,7970,8050,7240,7400,1609460,0.0027100271002709064
2025-06-05,7470,7470,6920,7260,458492,-0.018918918918918948
2025-06-09,7150,7300,7030,7300,205866,0.005509641873278293
2025-06-10,7130,7180,6900,7120,153712,-0.024657534246575352
2025-06-11,7050,7090,6820,6970,92013,-0.021067415730337102
2025-06-12,6900,7040,6890,6990,53071,0.0028694404591105283
2025-06-13,6960,7050,6710,6870,82685,-0.01716738197424894
2025-06-16,6660,6840,6600,6790,51575,-0.011644832605531286
2025-06-17,6830,6870,6690,6810,54126,0.002945508100147265
2025-06-18,6740,6890,6700,6790,27788,-0.002936857562408246
2025-06-19,6880,6920,6700,6800,56446,0.0014727540500736325
2025-06-20,6890,7020,6700,6880,101555,0.0117647058823529
2025-06-23,6750,6980,6730,6900,39755,0.0029069767441860517
2025-06-24,6960,7040,6870,6940,38431,0.005797101449275255
2025-06-25,6940,6980,6750,6910,45632,-0.004322766570605152
2025-06-26,6920,6960,6450,6520,93699,-0.05643994211287984
2025-06-27,6520,6570,6400,6450,41327,-0.010736196319018454
2025-06-30,6390,6530,6340,6440,31772,-0.0015503875968991832
2025-07-01,6450,7350,6440,6600,724214,0.024844720496894457
2025-07-02,6590,6600,6330,6520,66759,-0.012121212121212088
2025-07-03,6550,6730,6450,6690,46697,0.0260736196319018
2025-07-04,6630,6730,6530,6570,28818,-0.017937219730941756
2025-07-07,6540,6620,6440,6570,25716,0.0
2025-07-08,6520,6650,6490,6550,42259,-0.0030441400304414
2025-07-09,6590,6610,6510,6600,11022,0.007633587786259444
2025-07-10,6750,6770,6480,6610,29136,0.0015151515151514694
2025-07-11,6680,6950,6650,6880,69325,0.0408472012102874
2025-07-14,6900,7090,6790,6990,66900,0.015988372093023173
2025-07-15,6990,7030,6720,6950,23651,-0.005722460658083017
2025-07-16,6950,6990,6800,6860,19528,-0.012949640287769792
2025-07-17,6860,6990,6730,6900,18949,0.005830903790087438
2025-07-18,6970,6990,6780,6860,22672,-0.005797101449275366
2025-07-21,6880,6970,6810,6960,30386,0.014577259475218707
2025-07-22,7000,7030,6740,6840,24005,-0.017241379310344862
2025-07-23,6840,6840,6630,6700,14235,-0.020467836257309968
2025-07-24,6700,6780,6510,6510,19977,-0.028358208955223896
2025-07-25,7030,8460,6960,7500,5379078,0.1520737327188939
2025-07-28,7270,7860,7050,7050,1182321,-0.06000000000000005
2025-07-29,7110,7170,6790,6850,220578,-0.028368794326241176
2025-07-30,6760,6980,6720,6850,195406,0.0
2025-07-31,6850,7240,6750,7030,231485,0.026277372262773824
2025-08-01,7100,7100,6560,6700,139745,-0.04694167852062592
2025-08-04,6610,6760,6360,6750,69436,0.00746268656716409
2025-08-05,6900,7050,6680,6780,97547,0.004444444444444473
2025-08-06,6680,6870,6640,6740,59189,-0.005899705014749235
2025-08-07,6740,6850,6630,6840,34117,0.014836795252225476
2025-08-08,7000,7010,6840,6890,31933,0.007309941520467822
2025-08-11,6890,7190,6890,7110,90438,0.03193033381712618
2025-08-12,7110,7140,6950,6980,54916,-0.01828410689170179
2025-08-13,7180,7180,6950,7050,48888,0.01002865329512903
2025-08-14,7060,7200,6900,7070,64502,0.0028368794326241176
2025-08-18,7070,7130,6900,6920,32490,-0.021216407355021172
2025-08-19,6910,7010,6810,6850,41461,-0.010115606936416222
2025-08-20,6580,6990,6580,6880,21742,0.004379562043795637
2025-08-21,6990,7000,6800,6910,26548,0.0043604651162789665
2025-08-22,6990,7030,6850,6910,19908,0.0
2025-08-25,6910,7120,6910,6910,24333,0.0
2025-08-26,6960,7770,6860,7450,540525,0.07814761215629518
2025-08-27,7520,7610,7120,7330,127132,-0.016107382550335614
2025-08-28,7360,7820,7340,7800,178277,0.06412005457025916
2025-08-29,7910,9230,7720,8790,3052166,0.12692307692307692
2025-09-01,8680,9180,8520,9090,580842,0.03412969283276457
2025-09-02,9190,9190,8640,9050,267489,-0.004400440044004417
2025-09-03,9100,9100,8710,8740,132589,-0.034254143646408886
2025-09-04,8740,8900,8540,8740,97488,0.0
2025-09-05,8850,8930,8550,8590,67327,-0.017162471395881007
2025-09-08,8590,8800,8370,8750,62091,0.0186263096623982
2025-09-09,8750,8930,8630,8630,68080,-0.013714285714285679
2025-09-10,8640,8980,8510,8700,98323,0.008111239860950192
2025-09-11,9180,9730,8830,9400,459955,0.08045977011494254
2025-09-12,9610,9640,9040,9150,179775,-0.02659574468085102
2025-09-15,9150,9400,9030,9280,80909,0.014207650273224015
2025-09-16,9300,9300,8710,8720,104227,-0.06034482758620685
2025-09-17,8750,9000,8630,8770,64647,0.005733944954128489
2025-09-18,8960,9080,8800,8900,52621,0.014823261117445918
2025-09-19,8830,9110,8700,8940,44336,0.004494382022471877
2025-09-22,8930,8930,8590,8760,48945,-0.020134228187919434
2025-09-23,8760,11380,8570,11380,942866,0.2990867579908676
2025-09-24,11000,11000,9600,9670,1297259,-0.1502636203866432
2025-09-25,9500,9750,9100,9100,408024,-0.058945191313340195
2025-09-26,9150,9800,8580,8700,659784,-0.04395604395604391
2025-09-29,8850,8980,8700,8700,105894,0.0
2025-09-30,8620,8740,8220,8330,138231,-0.042528735632183956
2025-10-01,8780,9300,8430,8630,449285,0.03601440576230486
2025-10-02,8650,9600,8650,9160,704665,0.06141367323290847
2025-10-10,9220,9370,8960,9050,117234,-0.012008733624454093
2025-10-13,8850,9100,8660,8840,119912,-0.023204419889502725
2025-10-14,9260,9630,9100,9350,360250,0.05769230769230771
2025-10-15,9290,9410,9000,9090,114482,-0.027807486631016065
2025-10-16,9080,9130,8730,8800,116099,-0.03190319031903188
2025-10-17,8760,8790,8380,8380,79137,-0.04772727272727273
2025-10-20,8340,8630,8320,8610,70963,0.027446300715990413
2025-10-21,8610,8800,8490,8550,48600,-0.006968641114982632
2025-10-22,8510,8560,8170,8440,121530,-0.012865497076023358
2025-10-23,8420,8430,8170,8170,62380,-0.03199052132701419
2025-10-24,8340,8340,8050,8130,44327,-0.004895960832313362
2025-10-27,8140,8230,8000,8050,46979,-0.009840098400983988
2025-10-28,8000,8550,7880,8370,168508,0.03975155279503095
2025-10-29,8640,8650,8250,8410,61478,0.004778972520907976
2025-10-30,8570,8580,7980,7990,97616,-0.049940546967895405
2025-10-31,7870,8090,7780,7800,78585,-0.02377972465581979
2025-11-03,7910,8190,7780,7880,52573,0.01025641025641022
2025-11-04,8000,8000,7730,7820,37820,-0.0076142131979695105
2025-11-05,7760,7760,7310,7640,49262,-0.023017902813299185
2025-11-06,7790,7870,7560,7760,18971,0.015706806282722585
2025-11-07,7730,7730,7290,7400,51148,-0.046391752577319534
2025-11-10,7400,7630,7330,7600,16680,0.027027027027026973
2025-11-11,7590,7920,7300,7430,33414,-0.022368421052631593
2025-11-12,7430,7900,7380,7670,20212,0.032301480484522305
2025-11-13,7670,7750,7530,7680,22927,0.0013037809647979959
2025-11-14,7620,7620,7210,7310,25032,-0.04817708333333337
2025-11-17,7310,7380,7090,7210,25552,-0.013679890560875485
2025-11-18,7200,7200,6780,6910,33897,-0.04160887656033285
2025-11-19,6910,7030,6800,6900,23738,-0.0014471780028944004
2025-11-20,6900,7190,6900,6930,5736,0.004347826086956497
2025-11-21,6920,6920,6640,6770,21041,-0.023088023088023046
2025-11-24,6770,6930,6640,6650,15911,-0.017725258493353047
2025-11-25,6600,6940,6530,6540,25269,-0.016541353383458635
2025-11-26,6670,6880,6610,6800,16518,0.039755351681957096
2025-11-27,6800,7010,6790,6840,10378,0.00588235294117645
2025-11-28,7090,7090,6920,6970,11564,0.01900584795321647
2025-12-01,7000,7150,6700,6870,16000,-0.01434720229555242
2025-12-02,6980,7000,6700,6880,11153,0.0014556040756914523
2025-12-03,7020,7040,6780,6810,16761,-0.01017441860465118
2025-12-04,6810,6960,6670,6710,30798,-0.014684287812041119
2025-12-05,6710,6990,6710,6870,27936,0.023845007451564815
2025-12-08,6880,7600,6880,7590,103827,0.10480349344978168
2025-12-09,7490,7490,7120,7280,44442,-0.040843214756258184
2025-12-10,7230,7270,7140,7190,8154,-0.012362637362637319
2025-12-11,7150,7260,7070,7160,12808,-0.004172461752433909
2025-12-12,7160,7360,7150,7180,11378,0.0027932960893854997
2025-12-15,7200,7370,7050,7270,17248,0.012534818941504211
2025-12-16,7340,7340,6930,7050,25097,-0.030261348005502064
2025-12-17,6960,7090,6940,6970,11643,-0.01134751773049647
2025-12-18,6970,6970,6780,6890,13203,-0.011477761836441891
2025-12-19,6990,7030,6640,7000,34176,0.0159651669085632
2025-12-22,6950,7070,6720,6750,22997,-0.0357142857142857
2025-12-23,6750,7050,6720,6780,24661,0.004444444444444473
2025-12-24,6710,6790,6630,6640,24271,-0.020648967551622377
2025-12-26,6600,6780,6590,6660,12528,0.003012048192771122
2025-12-29,6660,6780,6600,6720,12049,0.009009009009008917
2025-12-30,6720,6770,6660,6660,9365,-0.008928571428571397
2026-01-02,6660,6920,6610,6920,13263,0.039039039039038936
2026-01-05,7000,7070,6800,6900,15602,-0.0028901734104046506
2026-01-06,6900,7130,6820,7110,39487,0.0304347826086957
2026-01-07,7110,8560,7050,7380,1415862,0.03797468354430378
2026-01-08,7280,7600,7270,7380,98848,0.0
2026-01-09,7430,7880,7310,7720,153319,0.046070460704606964
2026-01-12,7690,7880,7410,7460,59631,-0.033678756476683946
2026-01-13,7460,7680,7380,7610,54104,0.020107238605898026
2026-01-14,7540,7830,7440,7570,40989,-0.005256241787122251
2026-01-15,7450,8110,7420,8060,70271,0.0647291941875825
2026-01-16,8100,8420,7840,8320,181818,0.032258064516129004
2026-01-19,9150,9370,8540,8970,539777,0.078125
2026-01-20,9140,9580,8720,9330,333157,0.04013377926421402
2026-01-21,9600,10300,9170,10090,572437,0.08145766345123251
2026-01-22,9930,10980,9540,10810,424216,0.07135777998017834
2026-01-23,10810,11820,10260,11750,433106,0.08695652173913038
2026-01-26,11980,12640,11830,12250,377880,0.042553191489361764
2026-01-27,11960,12900,11160,12900,454077,0.05306122448979589
2026-01-28,12950,14120,12300,12540,381822,-0.027906976744186074
2026-01-29,12510,13760,12220,13700,333989,0.09250398724082931
2026-01-30,14270,14300,13180,13750,194553,0.0036496350364962904
2026-02-02,13500,15200,13330,14260,534878,0.03709090909090906
2026-02-03,14590,16450,14590,16090,533039,0.12833099579242635
2026-02-04,16500,17000,15870,16190,262505,0.00621504039776255
2026-02-05,15570,15900,14810,14950,185303,-0.07659048795552814
2026-02-06,14750,14750,12400,13780,336999,-0.07826086956521738
2026-02-09,13780,14600,12050,12560,351468,-0.08853410740203194
2026-02-10,12730,13190,12240,12800,167641,0.019108280254777066
2026-02-11,13000,15200,12380,14700,342856,0.1484375
2026-02-12,14490,15270,13790,14360,179191,-0.023129251700680253
2026-02-13,14360,14560,13120,13740,124389,-0.04317548746518107
2026-02-19,14250,14250,12790,12810,135962,-0.06768558951965065
2026-02-20,12800,12800,11780,11810,178244,-0.07806401249024197
2026-02-23,11810,11910,11140,11160,215197,-0.0550381033022862
2026-02-24,11450,14360,11450,13880,1108284,0.24372759856630832
2026-02-25,14090,15100,13320,13640,454927,-0.01729106628242072
2026-02-26,13670,16530,13610,15520,1020002,0.1378299120234605
