Date,Open,High,Low,Close,Volume,Dividends,Stock Splits
2022-01-03 00:00:00-05:00,82.493762306758,83.06998175370899,81.01070746957768,83.03219604492188,10644400,0.0,0.0
2022-01-04 00:00:00-05:00,83.03218901147514,84.61915261167056,82.8716051678979,83.92012786865234,11959000,0.0,0.0
2022-01-05 00:00:00-05:00,83.58950782655879,83.69341671006971,81.44522139032247,81.67192840576172,11236700,0.0,0.0
2022-01-06 00:00:00-05:00,81.5391810161852,82.88552389688617,81.11252540433112,81.86154174804688,7918400,0.32,0.0
2022-01-07 00:00:00-05:00,81.96586317356872,83.43546806129426,81.80468275543787,82.97088623046875,9836800,0.0,0.0
2022-01-10 00:00:00-05:00,82.84761428336991,84.74387468363284,82.43991800796701,84.64906311035156,11025500,0.0,0.0
2022-01-11 00:00:00-05:00,84.0422457502003,84.38357314160055,82.87604985763122,83.89054870605469,7249800,0.0,0.0
2022-01-12 00:00:00-05:00,84.27930269195122,84.87662218323804,83.12258255616322,83.72938537597656,5840300,0.0,0.0
2022-01-13 00:00:00-05:00,84.1276034258317,84.30774326121059,83.00880939945424,83.23635864257812,6044300,0.0,0.0
2022-01-14 00:00:00-05:00,82.94244166217271,83.5302778174634,82.16497510706236,83.14154815673828,6054800,0.0,0.0
2022-01-18 00:00:00-05:00,82.364080515795,82.45889209762484,80.9134351025243,81.112548828125,6824700,0.0,0.0
2022-01-19 00:00:00-05:00,81.32113025903764,82.19341560699228,78.91288573341092,79.05509948730469,10501800,0.0,0.0
2022-01-20 00:00:00-05:00,79.56708997049691,80.59107239107361,78.23970615497078,78.42933654785156,10836900,0.0,0.0
2022-01-21 00:00:00-05:00,79.03613674603095,79.06457949561542,77.7751218009488,77.95526885986328,11609000,0.0,0.0
2022-01-24 00:00:00-05:00,77.00713647796542,78.14488983154297,75.46167961285893,78.14488983154297,16770400,0.0,0.0
2022-01-25 00:00:00-05:00,77.11142981437706,77.84148687526907,76.04003807394767,76.86491394042969,13469900,0.0,0.0
2022-01-26 00:00:00-05:00,77.66136221667641,77.77513323173548,75.16777470960841,75.4616928100586,13971300,0.0,0.0
2022-01-27 00:00:00-05:00,75.95473048588167,76.94078701617887,75.09192830924866,75.641845703125,10331900,0.0,0.0
2022-01-28 00:00:00-05:00,75.84093769638865,76.32448615584423,74.49459445928318,76.30552673339844,7854700,0.0,0.0
2022-01-31 00:00:00-05:00,76.31499600142382,77.40534715285035,75.96419246510742,76.95024871826172,10594200,0.0,0.0
2022-02-01 00:00:00-05:00,77.17779134183225,77.17779134183225,75.51856367209729,76.83646392822266,8016900,0.0,0.0
2022-02-02 00:00:00-05:00,76.95025027983286,78.58102814280498,76.64684167240436,78.22074127197266,9287600,0.0,0.0
2022-02-03 00:00:00-05:00,77.3958787464172,78.46727068364225,77.3958787464172,77.68980407714844,8207200,0.0,0.0
2022-02-04 00:00:00-05:00,77.77512288090284,78.60948212648424,77.24417225819447,77.8509750366211,5570200,0.0,0.0
2022-02-07 00:00:00-05:00,77.87943175805351,77.98372668246155,76.47620279382717,76.55204772949219,6292200,0.0,0.0
2022-02-08 00:00:00-05:00,76.12537641716621,76.66581035453551,75.66079463365985,76.59944152832031,6585300,0.0,0.0
2022-02-09 00:00:00-05:00,77.50963408800801,79.31108268785549,77.41482252668098,79.12145233154297,8755900,0.0,0.0
2022-02-10 00:00:00-05:00,78.45777265205496,79.43434558326908,77.38638814926205,77.60445404052734,6336300,0.0,0.0
2022-02-11 00:00:00-05:00,77.59497682822044,78.15437744184014,75.40479824741642,75.61338806152344,7670500,0.0,0.0
2022-02-14 00:00:00-05:00,75.45221567146051,75.59443667197884,74.3713476413781,74.85488891601562,5389800,0.0,0.0
2022-02-15 00:00:00-05:00,75.27206021487332,75.7840514195862,75.10139647996903,75.6323471069336,5712800,0.0,0.0
2022-02-16 00:00:00-05:00,75.34790325989582,75.64182128804403,74.16274058683506,75.08242797851562,6227000,0.0,0.0
2022-02-17 00:00:00-05:00,74.6747459108989,74.88333573835571,71.42265862907946,71.6122817993164,9247100,0.0,0.0
2022-02-18 00:00:00-05:00,71.5838335615399,71.80190670089527,70.42711350421953,70.70207214355469,7790100,0.0,0.0
2022-02-22 00:00:00-05:00,69.99097915627085,71.02444495510446,69.80135598783946,70.27542114257812,8039000,0.0,0.0
2022-02-23 00:00:00-05:00,70.22801324564352,70.52193133313827,68.5972279208462,68.71100616455078,6807100,0.0,0.0
2022-02-24 00:00:00-05:00,67.2603595450427,71.05288039253476,66.587187962652,70.92961883544922,11240500,0.0,0.0
2022-02-25 00:00:00-05:00,70.77793644788684,72.84486102795688,70.46505167697391,72.38975524902344,8291800,0.0,0.0
2022-02-28 00:00:00-05:00,71.65020354111776,72.72158813203032,71.1287290040551,72.02945709228516,9234400,0.0,0.0
2022-03-01 00:00:00-05:00,72.03894006219431,72.53196461269908,71.69761259120646,72.0673828125,8752100,0.0,0.0
2022-03-02 00:00:00-05:00,72.48455491157836,74.76955229230472,72.29493175453855,74.21963500976562,8527200,0.0,0.0
2022-03-03 00:00:00-05:00,74.86437963877474,74.94023181103057,73.4137412042732,74.19120788574219,8203000,0.0,0.0
2022-03-04 00:00:00-05:00,73.64128560384401,73.86884210552103,71.84931974668707,72.52249145507812,8841300,0.0,0.0
2022-03-07 00:00:00-05:00,72.33287558633847,72.4276871881293,69.63070515016145,70.46505737304688,11110100,0.0,0.0
2022-03-08 00:00:00-05:00,70.0099466397398,71.3278545766085,69.31781548498752,69.52640533447266,9134100,0.0,0.0
2022-03-09 00:00:00-05:00,71.03392349725716,72.95862693442129,70.81585756941418,72.15271759033203,8959500,0.0,0.0
2022-03-10 00:00:00-05:00,71.20458189327853,72.86380986724681,71.13821306366619,72.67418670654297,13812600,0.0,0.0
2022-03-11 00:00:00-05:00,72.72158459707421,75.75560562527149,70.16163591003667,73.78349304199219,22795800,0.0,0.0
2022-03-14 00:00:00-04:00,73.87830456010755,74.52303339515986,71.52694567955874,73.07239532470703,13306200,0.0,0.0
2022-03-15 00:00:00-04:00,74.0015537051845,77.31052557255849,73.07238306823668,76.41928100585938,16847200,0.0,0.0
2022-03-16 00:00:00-04:00,76.79855640709327,77.01662956488693,73.71713284754941,75.8125,14071300,0.0,0.0
2022-03-17 00:00:00-04:00,75.6418146499064,77.07349305874773,75.14879020398963,76.41928100585938,10462400,0.0,0.0
2022-03-18 00:00:00-04:00,75.49961307540893,77.73720115885726,74.7505892714558,77.44328308105469,24176000,0.0,0.0
2022-03-21 00:00:00-04:00,77.06401383226415,77.72770924643515,76.10640040010318,76.76061248779297,8131300,0.0,0.0
2022-03-22 00:00:00-04:00,77.23467698778407,77.96474121478049,76.63735762959858,77.55704498291016,9292300,0.0,0.0
2022-03-23 00:00:00-04:00,77.03559227885147,77.18729660965,76.05901915873297,76.22019958496094,7451100,0.0,0.0
2022-03-24 00:00:00-04:00,76.46670431529714,78.52414517345053,76.31500000669949,77.97422790527344,7025700,0.0,0.0
2022-03-25 00:00:00-04:00,77.78458724014672,78.54308691138156,77.01660424334476,77.49066925048828,5682300,0.0,0.0
2022-03-28 00:00:00-04:00,77.50016429720431,79.36798203956148,77.50016429720431,79.26368713378906,6626700,0.0,0.0
2022-03-29 00:00:00-04:00,80.10752324304097,80.12648989899601,78.7991060948744,79.91790008544922,5762000,0.0,0.0
2022-03-30 00:00:00-04:00,79.60501716116447,79.98427071856442,78.80859120091854,79.03614044189453,5533100,0.0,0.0
2022-03-31 00:00:00-04:00,78.79910678128056,79.55761388557436,78.30607499339162,78.4388198852539,9433300,0.0,0.0
2022-04-01 00:00:00-04:00,78.73273755997435,79.03613895344853,77.24417334298238,77.75616455078125,6147500,0.0,0.0
2022-04-04 00:00:00-04:00,77.98370815256212,79.92737793615048,77.74667560498594,79.70930480957031,7882400,0.0,0.0
2022-04-05 00:00:00-04:00,79.07405556373472,80.13595669691534,78.38191737486468,78.6379165649414,5143400,0.0,0.0
2022-04-06 00:00:00-04:00,77.67082798470462,78.19230251325676,77.14936068981217,77.86045837402344,5492400,0.0,0.0
2022-04-07 00:00:00-04:00,77.33694181047571,78.06034169952792,76.88957618516653,77.61297607421875,7112200,0.32,0.0
2022-04-08 00:00:00-04:00,77.77479083592058,77.8890141699033,76.39462671126219,77.04187774658203,6182500,0.0,0.0
2022-04-11 00:00:00-04:00,76.74680439042803,77.22272406675651,75.8615935019787,75.91870880126953,5738400,0.0,0.0
2022-04-12 00:00:00-04:00,76.0995504010538,77.08946416101993,75.21433954679277,75.50941467285156,6174700,0.0,0.0
2022-04-13 00:00:00-04:00,75.4427880739383,76.10907270673292,74.8431246424653,75.90918731689453,4728600,0.0,0.0
2022-04-14 00:00:00-04:00,75.98534560915355,76.48981935954292,75.49990545264583,75.62364196777344,5590400,0.0,0.0
2022-04-18 00:00:00-04:00,75.33806865329109,76.12809687470445,74.15779016447692,74.4528579711914,4955900,0.0,0.0
2022-04-19 00:00:00-04:00,74.48142535812893,75.93773832781875,74.4719049317638,75.72833251953125,5412400,0.0,0.0
2022-04-20 00:00:00-04:00,75.94725996800781,77.91756706354161,75.94725996800781,76.42317962646484,9472600,0.0,0.0
2022-04-21 00:00:00-04:00,77.56539075902434,77.6700936740976,75.50942142895325,75.6521987915039,5616100,0.0,0.0
2022-04-22 00:00:00-04:00,75.4523067483693,75.86159798467531,72.49209286768698,72.53968048095703,9357100,0.0,0.0
2022-04-25 00:00:00-04:00,72.53015745422049,73.3487398974966,71.10239839203537,73.27259826660156,7305900,0.0,0.0
2022-04-26 00:00:00-04:00,72.67293554699656,72.9584902671016,70.89300054581082,70.92155456542969,7555200,0.0,0.0
2022-04-27 00:00:00-04:00,70.98816877680379,72.35881227697925,70.83587102014165,71.15950012207031,7279200,0.0,0.0
2022-04-28 00:00:00-04:00,71.88288722102125,72.93942922626367,71.00719697259069,72.47303009033203,6177900,0.0,0.0
2022-04-29 00:00:00-04:00,71.71158444380936,72.21606547885182,69.62706087695462,69.86502075195312,7946900,0.0,0.0
2022-05-02 00:00:00-04:00,70.36948298659911,71.00721360415666,69.03690645271736,70.43611145019531,7379900,0.0,0.0
2022-05-03 00:00:00-04:00,70.29332734015618,70.63599005199043,69.30341364618577,69.76029968261719,5211500,0.0,0.0
2022-05-04 00:00:00-04:00,69.84596200806776,71.72108650475978,69.2843803326298,71.58782958984375,6759900,0.0,0.0
2022-05-05 00:00:00-04:00,70.43609596352647,71.12142130238189,68.52289726954778,69.29389190673828,7197200,0.0,0.0
2022-05-06 00:00:00-04:00,68.6561623629109,69.42715709213486,68.18024273877937,68.99882507324219,6222500,0.0,0.0
2022-05-09 00:00:00-04:00,68.18976407771333,69.09400847088878,67.74239846312604,68.0945816040039,7019700,0.0,0.0
2022-05-10 00:00:00-04:00,69.00834936421361,70.07441199628273,67.83758382801459,69.03690338134766,8129000,0.0,0.0
2022-05-11 00:00:00-04:00,68.82749152582691,69.92210807885584,67.45684799011582,67.60913848876953,6932100,0.0,0.0
2022-05-12 00:00:00-04:00,67.46637850828905,67.5139733862121,65.64836891057767,67.3236083984375,11698900,0.0,0.0
2022-05-13 00:00:00-04:00,67.54251574182136,68.51339589286822,67.13322455303837,67.74240112304688,6700100,0.0,0.0
2022-05-16 00:00:00-04:00,67.28552021700584,67.49492601799808,66.04812626311931,66.35271453857422,6942100,0.0,0.0
2022-05-17 00:00:00-04:00,67.6281690903662,68.43723085061045,67.29501960501048,68.4181900024414,5952500,0.0,0.0
2022-05-18 00:00:00-04:00,67.3902339290949,67.52349086711286,64.54422883095526,65.01063537597656,7977300,0.0,0.0
2022-05-19 00:00:00-04:00,64.23012528491907,64.62989608617559,63.50672531457996,63.81131362915039,9451600,0.0,0.0
2022-05-20 00:00:00-04:00,64.61085797542947,65.38185285283184,63.63046452320868,65.32473754882812,7531100,0.0,0.0
2022-05-23 00:00:00-04:00,65.97197846805118,67.07611552352928,65.36280190708305,66.66682434082031,7370200,0.0,0.0
2022-05-24 00:00:00-04:00,66.3146515092658,67.13323400204733,65.02014930030704,65.70547485351562,6644100,0.0,0.0
2022-05-25 00:00:00-04:00,65.56269011721942,66.838158589434,65.45798721047204,66.4669418334961,7103300,0.0,0.0
2022-05-26 00:00:00-04:00,66.75248117829014,68.64664643466556,66.54308265214867,68.20880126953125,6758900,0.0,0.0
2022-05-27 00:00:00-04:00,68.87507825653844,69.34147738489659,68.10409090489145,69.27484893798828,6566700,0.0,0.0
2022-05-31 00:00:00-04:00,68.75135104049811,69.46523046572209,68.07553879409721,68.4562759399414,16890300,0.0,0.0
2022-06-01 00:00:00-04:00,69.50330537059882,69.74126520545865,67.72337045350028,68.15169525146484,5804700,0.0,0.0
2022-06-02 00:00:00-04:00,68.0374737912156,69.66511806134595,67.59010817518802,69.61752319335938,6200400,0.0,0.0
2022-06-03 00:00:00-04:00,69.06546317710173,69.4462003819792,67.79952231917459,68.33255004882812,8169500,0.0,0.0
2022-06-06 00:00:00-04:00,69.13208224292109,71.23564611793354,69.13208224292109,69.4557113647461,5274700,0.0,0.0
2022-06-07 00:00:00-04:00,68.14217231066038,69.60800571075092,68.14217231066038,69.18920135498047,5675700,0.0,0.0
2022-06-08 00:00:00-04:00,68.54194701063994,68.6752039258203,67.52347929492878,67.9422836303711,5253500,0.0,0.0
2022-06-09 00:00:00-04:00,67.36166868037911,67.73289271381091,65.86728116748374,65.88632202148438,6824900,0.0,0.0
2022-06-10 00:00:00-04:00,64.70604684280778,64.93448626982145,63.7351665695724,63.906497955322266,10256100,0.0,0.0
2022-06-13 00:00:00-04:00,62.611979204874395,62.91656744764898,60.689263652998434,60.965301513671875,16547200,0.0,0.0
2022-06-14 00:00:00-04:00,68.5324324779177,68.94172368458356,65.69594804954242,67.31407928466797,29661300,0.0,0.0
2022-06-15 00:00:00-04:00,67.05708791719672,67.98037336721974,65.36281481845543,66.34320831298828,11765500,0.0,0.0
2022-06-16 00:00:00-04:00,65.20097830802435,65.63882342230774,64.32528807945755,65.40086364746094,10686000,0.0,0.0
2022-06-17 00:00:00-04:00,65.43894267882322,66.02908557619477,64.1444408317838,64.45854949951172,16445600,0.0,0.0
2022-06-21 00:00:00-04:00,65.30568185330682,66.18137209076913,64.1444369783452,64.42047119140625,10047700,0.0,0.0
2022-06-22 00:00:00-04:00,63.70660386699357,64.31578043065029,63.18308935355851,63.32586669921875,8219900,0.0,0.0
2022-06-23 00:00:00-04:00,63.249716038373876,64.6013333091436,63.11645912268573,64.37288665771484,8775800,0.0,0.0
2022-06-24 00:00:00-04:00,65.03918179874678,67.37118520359199,64.69651906617133,67.29503631591797,20132600,0.0,0.0
2022-06-27 00:00:00-04:00,66.0290911341306,67.43780915204383,65.61979996771855,67.01900482177734,8840600,0.0,0.0
2022-06-28 00:00:00-04:00,67.17128798693177,67.64720755811932,65.22953526505182,65.27713012695312,7252100,0.0,0.0
2022-06-29 00:00:00-04:00,65.70546155409183,66.7144088243401,65.46750174416859,65.87679290771484,8077900,0.0,0.0
2022-06-30 00:00:00-04:00,64.92496328395221,66.8667164919506,64.92496328395221,66.50502014160156,9888600,0.0,0.0
2022-07-01 00:00:00-04:00,66.48596807330833,67.5615510397015,66.4478936330685,67.45684814453125,7805600,0.0,0.0
2022-07-05 00:00:00-04:00,66.99043425783258,68.53241623748009,66.80006933973314,68.52289581298828,9040400,0.0,0.0
2022-07-06 00:00:00-04:00,68.8370113718694,69.23678209717157,67.87565173648925,68.20880126953125,6043700,0.0,0.0
2022-07-07 00:00:00-04:00,68.37059020996094,68.51336749793674,67.75189347003544,68.37059020996094,7814500,0.0,0.0
2022-07-08 00:00:00-04:00,68.23736765631354,68.76087495952179,67.89470489765155,68.40869903564453,4927300,0.0,0.0
2022-07-11 00:00:00-04:00,67.88283607952096,68.81025064095653,67.78722791012709,68.42781066894531,4543300,0.32,0.0
2022-07-12 00:00:00-04:00,68.45649818678636,68.78157474357386,66.9936719173336,67.3187484741211,7140800,0.0,0.0
2022-07-13 00:00:00-04:00,66.01845869909741,67.43347727252369,65.66470040852256,66.95542907714844,6454800,0.0,0.0
2022-07-14 00:00:00-04:00,66.12363261936287,66.52519136941481,65.23446264742677,66.40089416503906,4915500,0.0,0.0
2022-07-15 00:00:00-04:00,67.17534744296051,67.75856693762168,66.9267602908661,67.63426971435547,5134100,0.0,0.0
2022-07-18 00:00:00-04:00,68.12185094590475,68.56165430124088,67.0701466358023,67.12751007080078,4642300,0.0,0.0
2022-07-19 00:00:00-04:00,67.53865975851518,69.12578353402195,67.17534569524345,69.06841278076172,7160300,0.0,0.0
2022-07-20 00:00:00-04:00,69.36478533550304,69.89063389240141,68.99190838435197,69.40302276611328,5655700,0.0,0.0
2022-07-21 00:00:00-04:00,68.98235575654239,71.3534707105794,68.96322974392469,71.26742553710938,7005100,0.0,0.0
2022-07-22 00:00:00-04:00,71.5351209621161,71.98448736565092,70.99970939761612,71.61161041259766,6659800,0.0,0.0
2022-07-25 00:00:00-04:00,71.80284061794671,72.11835419131937,71.07620528684402,71.57337951660156,5721600,0.0,0.0
2022-07-26 00:00:00-04:00,71.5159908640928,71.99403891186232,70.47384232684942,70.77979278564453,7284400,0.0,0.0
2022-07-27 00:00:00-04:00,71.11443570346859,72.77804841302151,71.05707226328931,72.53902435302734,6677200,0.0,0.0
2022-07-28 00:00:00-04:00,72.31912512983162,73.8871225125638,72.00361159326775,73.65766143798828,5688100,0.0,0.0
2022-07-29 00:00:00-04:00,73.62899185331891,74.72850426250511,73.61942884609127,74.42254638671875,5926600,0.0,0.0
2022-08-01 00:00:00-04:00,73.79151301623571,74.39385106160972,73.3325835808775,74.04010009765625,5227500,0.0,0.0
2022-08-02 00:00:00-04:00,73.60986409990284,73.86801422788973,72.7206941041069,72.99796295166016,6403400,0.0,0.0
2022-08-03 00:00:00-04:00,73.35170341542913,74.34604436294921,72.95014475232543,73.9731674194336,6127800,0.0,0.0
2022-08-04 00:00:00-04:00,74.04965438047577,74.43209435349203,73.72458514479518,74.0018539428711,3656200,0.0,0.0
2022-08-05 00:00:00-04:00,72.92146991362415,74.00186352436323,72.66332709271533,73.95405578613281,4858100,0.0,0.0
2022-08-08 00:00:00-04:00,73.54291123133846,74.03052229121148,72.92144729925472,73.1126708984375,4733500,0.0,0.0
2022-08-09 00:00:00-04:00,72.86410919903652,73.53338108720716,72.51035088838475,73.39952087402344,4243700,0.0,0.0
2022-08-10 00:00:00-04:00,74.18350447632749,74.55638872440734,73.81062752268312,74.13570404052734,5258500,0.0,0.0
2022-08-11 00:00:00-04:00,74.52770191306793,74.57550964471703,73.69590282008494,73.77239227294922,5554600,0.0,0.0
2022-08-12 00:00:00-04:00,74.57550618356872,75.93316108393843,74.25043696563598,75.67501831054688,6692300,0.0,0.0
2022-08-15 00:00:00-04:00,75.37862969617107,75.93316730749719,75.05356045159535,75.63677978515625,3733500,0.0,0.0
2022-08-16 00:00:00-04:00,75.43598787142595,76.16262298957781,75.38818014603953,76.02876281738281,6185100,0.0,0.0
2022-08-17 00:00:00-04:00,75.53160581378154,76.26779673684517,75.48379808220108,75.7706298828125,5185100,0.0,0.0
2022-08-18 00:00:00-04:00,75.79932545706285,76.37298186869137,75.54118262488296,75.83757019042969,4120500,0.0,0.0
2022-08-19 00:00:00-04:00,75.560286287241,75.65589445438748,74.99619299497186,75.20653533935547,4679000,0.0,0.0
2022-08-22 00:00:00-04:00,74.50858156064572,74.50858156064572,72.82585010676776,73.10311889648438,5757700,0.0,0.0
2022-08-23 00:00:00-04:00,72.9023266057673,73.62896167404999,72.9023266057673,73.05530548095703,4432300,0.0,0.0
2022-08-24 00:00:00-04:00,73.11268324040599,73.19872840373746,72.71112455598771,72.82585144042969,3876400,0.0,0.0
2022-08-25 00:00:00-04:00,72.98838819569858,73.53337009051457,72.64420023784852,73.51424407958984,3523400,0.0,0.0
2022-08-26 00:00:00-04:00,73.60027947027909,73.86798520565083,71.29608441545165,71.37257385253906,4904100,0.0,0.0
2022-08-29 00:00:00-04:00,70.85629558145288,71.57336778828629,70.81805085508948,70.93278503417969,4295500,0.0,0.0
2022-08-30 00:00:00-04:00,71.15267738729425,71.3917014370724,70.23482591147838,70.88497161865234,5099100,0.0,0.0
2022-08-31 00:00:00-04:00,71.19091106211327,71.85061967133667,70.78935247147032,70.89452362060547,8612900,0.0,0.0
2022-09-01 00:00:00-04:00,70.86584771869511,72.06096788013431,70.30174720938983,71.9940414428711,8139800,0.0,0.0
2022-09-02 00:00:00-04:00,72.41472769279622,73.39950565992598,71.21005167377841,71.4012680053711,11027700,0.0,0.0
2022-09-06 00:00:00-04:00,71.42039165304816,71.88888409834465,70.32088672880516,70.58859252929688,7090100,0.0,0.0
2022-09-07 00:00:00-04:00,70.4451839907854,71.39171739706757,70.19659688100134,71.21961975097656,5792600,0.0,0.0
2022-09-08 00:00:00-04:00,70.77979165676292,71.51598972346942,70.37823305370532,71.37257385253906,6897100,0.0,0.0
2022-09-09 00:00:00-04:00,71.37259468202338,72.67288631425163,71.17181532189882,72.57727813720703,7762400,0.0,0.0
2022-09-12 00:00:00-04:00,73.26565227852198,73.98272445884808,72.92145704841063,73.6958999633789,15628900,0.0,0.0
2022-09-13 00:00:00-04:00,72.72067968989788,75.9236080179627,72.4529739024092,72.7015609741211,29476500,0.0,0.0
2022-09-14 00:00:00-04:00,72.46254631926062,72.53903578117378,68.61903474414535,68.95367431640625,21601400,0.0,0.0
2022-09-15 00:00:00-04:00,68.36089540897042,68.9249888068196,66.6877266402194,67.15621185302734,12478100,0.0,0.0
2022-09-16 00:00:00-04:00,66.52518535603512,66.73552771879284,65.25357546804445,65.80811309814453,23412000,0.0,0.0
2022-09-19 00:00:00-04:00,65.2057683154867,66.09493821499044,64.9285067923964,66.0375747680664,8364000,0.0,0.0
2022-09-20 00:00:00-04:00,65.27268442863401,65.45434504103187,64.48868583564047,65.11971282958984,8624300,0.0,0.0
2022-09-21 00:00:00-04:00,65.6933714204903,65.85590602974852,63.80986067074681,63.81942367553711,6768200,0.0,0.0
2022-09-22 00:00:00-04:00,63.915041216269884,64.00109368313547,62.949381834980876,63.13104248046875,7190700,0.0,0.0
2022-09-23 00:00:00-04:00,62.48089133506435,62.56694379460488,61.065869258039626,61.71601867675781,9282500,0.0,0.0
2022-09-26 00:00:00-04:00,61.50566847827401,62.06976171826796,60.606935742625446,60.664302825927734,6897800,0.0,0.0
2022-09-27 00:00:00-04:00,61.34314004060533,61.57260110242498,59.31621332696409,59.679527282714844,9284800,0.0,0.0
2022-09-28 00:00:00-04:00,59.87075079773089,60.56870067670214,59.51699617901243,60.300994873046875,8549900,0.0,0.0
2022-09-29 00:00:00-04:00,59.555240322134125,59.85162784549221,58.111532844394716,58.704315185546875,8882100,0.0,0.0
2022-09-30 00:00:00-04:00,58.57045473471138,59.41182045685871,58.37923840227505,58.388797760009766,9794400,0.0,0.0
2022-10-03 00:00:00-04:00,58.31230577619657,60.463522113066496,58.14020817746958,60.310546875,9661400,0.0,0.0
2022-10-04 00:00:00-04:00,60.99894784502454,62.93982596159328,60.99894784502454,62.805973052978516,9892600,0.0,0.0
2022-10-05 00:00:00-04:00,62.47133567036817,64.24011985712109,62.12714767506978,63.714263916015625,9201600,0.0,0.0
2022-10-06 00:00:00-04:00,63.417864339667254,63.87678644267314,62.356596946617586,62.43308639526367,6992000,0.0,0.0
2022-10-07 00:00:00-04:00,61.658642178367224,61.782939353375816,59.9854774679105,60.511329650878906,7137900,0.0,0.0
2022-10-10 00:00:00-04:00,60.81728178106616,61.09455056313128,59.29708862929719,59.822940826416016,6407200,0.0,0.0
2022-10-11 00:00:00-04:00,59.4385323182559,60.639796137670665,59.24633303992253,59.97669982910156,7376900,0.32,0.0
2022-10-12 00:00:00-04:00,60.17850892092997,61.7737870641777,59.74605322963502,61.29328155517578,9008600,0.0,0.0
2022-10-13 00:00:00-04:00,60.0439621694963,63.148027018127166,59.84215075502628,62.65790939331055,10147100,0.0,0.0
2022-10-14 00:00:00-04:00,63.157660765196034,64.01296019441972,61.70653171919226,61.80263137817383,8044500,0.0,0.0
2022-10-17 00:00:00-04:00,63.31140748601585,64.9355185619264,63.30180265418082,64.4069595336914,11368300,0.0,0.0
2022-10-18 00:00:00-04:00,65.34875450672658,65.906142701889,63.7438677365929,64.41657257080078,6688600,0.0,0.0
2022-10-19 00:00:00-04:00,63.89763689811917,64.5703491821607,63.21531978042903,63.715049743652344,5506000,0.0,0.0
2022-10-20 00:00:00-04:00,64.89707805448975,67.19389398435689,64.57033780160685,66.55001831054688,17600500,0.0,0.0
2022-10-21 00:00:00-04:00,68.26061468696496,69.95199621215345,67.56868554793638,69.8655014038086,15652600,0.0,0.0
2022-10-24 00:00:00-04:00,70.08653934893569,70.81690983300673,68.98137512491843,70.0769271850586,11489400,0.0,0.0
2022-10-25 00:00:00-04:00,70.58626406829057,71.2205349289486,69.77901824410728,70.2883529663086,9137700,0.0,0.0
2022-10-26 00:00:00-04:00,69.7790211291227,72.76776643248478,69.72136280556373,71.9028549194336,10693600,0.0,0.0
2022-10-27 00:00:00-04:00,71.8355724649827,72.92151225873705,71.64337319718034,72.21997833251953,7053000,0.0,0.0
2022-10-28 00:00:00-04:00,72.36414558745948,74.65134958167062,72.36414558745948,74.34382629394531,8758100,0.0,0.0
2022-10-31 00:00:00-04:00,73.5173660832123,75.27601856094557,73.42126641746428,75.02615356445312,12349000,0.0,0.0
2022-11-01 00:00:00-04:00,75.53545023512415,76.14089175417503,73.36356369305612,74.10354614257812,7753000,0.0,0.0
2022-11-02 00:00:00-04:00,73.66151581888009,74.41110344152985,72.08545791178722,72.19116973876953,7524300,0.0,0.0
2022-11-03 00:00:00-04:00,71.80675654398762,72.73893856171355,71.16288081304018,72.10466766357422,6761200,0.0,0.0
2022-11-04 00:00:00-04:00,72.97918402739973,73.68071801247424,71.34546078628581,73.0368423461914,7219000,0.0,0.0
2022-11-07 00:00:00-05:00,73.14256665205278,74.08435356895505,72.5467370389577,73.74800109863281,5394300,0.0,0.0
2022-11-08 00:00:00-05:00,73.94980979201578,74.13240426841924,72.09505786054685,72.69088745117188,9104200,0.0,0.0
2022-11-09 00:00:00-05:00,72.44100141741431,73.55577761790377,72.07581990273582,72.71009063720703,6013700,0.0,0.0
2022-11-10 00:00:00-05:00,74.67056675374417,75.41054947814199,73.71916772573766,74.1612319946289,10437300,0.0,0.0
2022-11-11 00:00:00-05:00,74.12278228586442,74.85315276280757,73.58461842492352,74.70899963378906,7712900,0.0,0.0
2022-11-14 00:00:00-05:00,74.4591358980462,76.43881622225013,74.31498278090088,75.46819305419922,7153000,0.0,0.0
2022-11-15 00:00:00-05:00,75.85261980223073,77.53438952401798,74.96849119386961,76.0928726196289,7618500,0.0,0.0
2022-11-16 00:00:00-05:00,76.035216784923,77.10193991573234,75.78535179368751,76.77519226074219,6011900,0.0,0.0
2022-11-17 00:00:00-05:00,76.08324664591784,76.47726471427032,75.14145987852157,76.11207580566406,5717300,0.0,0.0
2022-11-18 00:00:00-05:00,76.8808915970543,77.32295584390539,75.77572731396002,76.62142181396484,6107000,0.0,0.0
2022-11-21 00:00:00-05:00,76.46764063522254,76.9769752631956,75.8237650614427,76.70789337158203,5235400,0.0,0.0
2022-11-22 00:00:00-05:00,76.77518517832598,79.00473089799799,76.71752685179608,78.91824340820312,8796200,0.0,0.0
2022-11-23 00:00:00-05:00,78.91823978355924,79.68704431907105,78.59149217371836,79.34107971191406,6347900,0.0,0.0
2022-11-25 00:00:00-05:00,79.61975605500491,80.23480247887512,79.32184500554858,79.49482727050781,2754900,0.0,0.0
2022-11-28 00:00:00-05:00,78.90861920400219,78.93744836286866,77.9091668156799,78.21669006347656,5112200,0.0,0.0
2022-11-29 00:00:00-05:00,78.15903483273594,78.32240496072018,77.38061085293346,77.69774627685547,4928200,0.0,0.0
2022-11-30 00:00:00-05:00,77.33256891327584,79.93690826677118,76.88089249674812,79.79275512695312,9610300,0.0,0.0
2022-12-01 00:00:00-05:00,79.81198083265531,81.23427326249598,79.13926861254504,80.83065032958984,6127200,0.0,0.0
2022-12-02 00:00:00-05:00,79.956127617657,80.35975788741659,79.3603053757042,80.10028076171875,4798900,0.0,0.0
2022-12-05 00:00:00-05:00,79.19693102778548,79.20653586012827,76.3138976274048,76.33311462402344,9102900,0.0,0.0
2022-12-06 00:00:00-05:00,76.25621383587155,76.70789013427434,75.0165088887441,75.8333740234375,7656100,0.0,0.0
2022-12-07 00:00:00-05:00,75.60273089523012,76.34271344453722,75.51624342766353,75.70844268798828,5105500,0.0,0.0
2022-12-08 00:00:00-05:00,76.04479794669199,77.08269158848739,75.46819281189411,76.94815063476562,5918700,0.0,0.0
2022-12-09 00:00:00-05:00,76.54454168216117,77.22685873771145,76.43882986618107,76.74635314941406,6850800,0.0,0.0
2022-12-12 00:00:00-05:00,77.17879527883215,78.23591330211136,76.82322588184958,78.11097717285156,15807600,0.0,0.0
2022-12-13 00:00:00-05:00,81.62827740408274,82.24332386293707,76.5925744408061,77.4190444946289,22812200,0.0,0.0
2022-12-14 00:00:00-05:00,77.65930531653015,79.65821018148445,77.42866470347633,78.62992858886719,11183100,0.0,0.0
2022-12-15 00:00:00-05:00,77.6400797292959,77.87072031682864,76.36193333700703,76.94815063476562,8196800,0.0,0.0
2022-12-16 00:00:00-05:00,76.84245364531536,77.32295923889433,76.38117238136232,76.4772720336914,19200700,0.0,0.0
2022-12-19 00:00:00-05:00,76.80400099412115,77.93799432105044,76.57336039614997,77.36138916015625,7738800,0.0,0.0
2022-12-20 00:00:00-05:00,77.36140108067062,78.31280010934245,77.2172479352516,77.78424835205078,6390200,0.0,0.0
2022-12-21 00:00:00-05:00,78.17823459513119,78.93743407961689,77.78422394202896,78.3223876953125,5932400,0.0,0.0
2022-12-22 00:00:00-05:00,77.78423548778206,78.00526391986091,76.3331067725756,77.35177612304688,8181400,0.0,0.0
2022-12-23 00:00:00-05:00,77.37100602088698,77.74579976481924,76.87127614102208,77.69774627685547,4129100,0.0,0.0
2022-12-27 00:00:00-05:00,77.72657826227812,78.29357864674347,77.46710848086728,77.82268524169922,4290700,0.0,0.0
2022-12-28 00:00:00-05:00,77.92839947168298,78.45695859689778,77.06349520414463,77.19803619384766,3794000,0.0,0.0
2022-12-29 00:00:00-05:00,77.81307563346793,78.61071666449291,77.55359851160036,78.22631072998047,3867800,0.0,0.0
2022-12-30 00:00:00-05:00,77.96682980829937,78.73564163985522,77.61126038504952,78.55304718017578,5375700,0.0,0.0
2023-01-03 00:00:00-05:00,79.25457732981171,80.57115769054224,79.05276590222378,80.45584106445312,8997500,0.0,0.0
2023-01-04 00:00:00-05:00,80.91712900381881,81.84931091301466,80.37896515188415,81.18621826171875,7836200,0.0,0.0
2023-01-05 00:00:00-05:00,81.6859424035444,82.07034830477114,79.9753438416147,81.02284240722656,7643800,0.0,0.0
2023-01-06 00:00:00-05:00,81.43606244973066,82.9736784391418,80.55193417231067,82.32019805908203,8641600,0.0,0.0
2023-01-09 00:00:00-05:00,83.76714358060299,84.4906046623032,83.11121259824444,83.36200714111328,7519700,0.32,0.0
2023-01-10 00:00:00-05:00,82.60960161373303,83.54527904225023,82.54207887968676,83.43917083740234,5703300,0.0,0.0
2023-01-11 00:00:00-05:00,84.27837955251158,85.52273325932379,84.00828128483408,85.46485137939453,8359700,0.0,0.0
2023-01-12 00:00:00-05:00,85.56130258504055,86.04360983153893,85.05005808126022,85.63847351074219,6071100,0.0,0.0
2023-01-13 00:00:00-05:00,84.83785655083187,86.30407495786127,84.5581247752399,86.04362487792969,5090800,0.0,0.0
2023-01-17 00:00:00-05:00,86.03397781557621,86.27513146357643,85.30086866501645,85.46485137939453,6550400,0.0,0.0
2023-01-18 00:00:00-05:00,85.46485227136199,85.49378953191598,83.53562306722549,83.64173126220703,6397700,0.0,0.0
2023-01-19 00:00:00-05:00,83.34270867998494,83.91182780084917,82.24304854863213,82.89898681640625,5597000,0.0,0.0
2023-01-20 00:00:00-05:00,82.98578960114669,84.28801778811537,82.47454506073436,84.1626205444336,5567300,0.0,0.0
2023-01-23 00:00:00-05:00,84.10474927556031,85.97609659396167,83.89253288618713,85.82176208496094,7390200,0.0,0.0
2023-01-24 00:00:00-05:00,85.8989310946038,86.91177198561209,84.88608284417033,86.52592468261719,7004600,0.0,0.0
2023-01-25 00:00:00-05:00,85.5613231580361,86.68027977148627,84.63529390522888,86.46806335449219,5896800,0.0,0.0
2023-01-26 00:00:00-05:00,86.70921882899306,87.287986204039,85.93752408931417,86.6513442993164,7302800,0.0,0.0
2023-01-27 00:00:00-05:00,86.33301236263725,86.54522876606471,85.81211956134051,85.84105682373047,5676800,0.0,0.0
2023-01-30 00:00:00-05:00,85.33944991858799,85.48414357212961,83.91181715476228,84.25907897949219,6255300,0.0,0.0
2023-01-31 00:00:00-05:00,84.58706105348774,85.34910751047893,84.25908824543137,85.3298110961914,6200400,0.0,0.0
2023-02-01 00:00:00-05:00,85.24301041926024,87.44233093141244,85.08866852254873,86.86356353759766,6141300,0.0,0.0
2023-02-02 00:00:00-05:00,87.45195209343362,87.9921338460078,85.80245486003494,86.21723937988281,8269200,0.0,0.0
2023-02-03 00:00:00-05:00,85.33946028307786,87.06612141034788,85.14653293511634,86.44876861572266,5671800,0.0,0.0
2023-02-06 00:00:00-05:00,86.34266451857123,86.43912451742439,85.27194160462102,85.3973388671875,4097200,0.0,0.0
2023-02-07 00:00:00-05:00,84.76068139335491,84.90536768530288,83.24623687575945,84.6352767944336,9226000,0.0,0.0
2023-02-08 00:00:00-05:00,83.85396490310505,84.8089314949749,83.4488284531514,83.6224594116211,7624400,0.0,0.0
2023-02-09 00:00:00-05:00,84.05651375798536,84.78962289807727,83.2751783046372,83.58385467529297,4960300,0.0,0.0
2023-02-10 00:00:00-05:00,83.4681030396367,84.28802400603395,83.28482390429856,84.0565185546875,5318400,0.0,0.0
2023-02-13 00:00:00-05:00,84.19156181431359,86.28477374755026,84.11439087940637,86.2558364868164,5560900,0.0,0.0
2023-02-14 00:00:00-05:00,85.85070347319444,86.24619901048294,84.60634969702492,85.93751525878906,7484800,0.0,0.0
2023-02-15 00:00:00-05:00,85.70601347340322,86.05327534949892,84.91502972439099,85.21405792236328,4329900,0.0,0.0
2023-02-16 00:00:00-05:00,84.36520305444348,85.14653862750203,83.9311293715057,84.61600494384766,5942500,0.0,0.0
2023-02-17 00:00:00-05:00,84.11438790571164,84.33625249586996,83.44880885408699,84.19155883789062,6398400,0.0,0.0
2023-02-21 00:00:00-05:00,83.68996948436252,83.86360041654811,83.10155395636836,83.1497802734375,5260300,0.0,0.0
2023-02-22 00:00:00-05:00,83.61281062057523,84.09511801747301,82.93758320868909,83.26554870605469,5840100,0.0,0.0
2023-02-23 00:00:00-05:00,84.06616507769294,86.31371889446031,83.97934593553613,85.44556427001953,8637100,0.0,0.0
2023-02-24 00:00:00-05:00,84.22049997338615,85.74459283664605,84.05651725452826,85.52273559570312,7659200,0.0,0.0
2023-02-27 00:00:00-05:00,85.71565831829098,85.82176651845906,84.26873634446355,84.84750366210938,6748800,0.0,0.0
2023-02-28 00:00:00-05:00,84.5967072683485,84.89574283337129,84.09511085643558,84.30732727050781,7468000,0.0,0.0
2023-03-01 00:00:00-05:00,83.82501741284919,84.12404560952102,82.94721451891762,83.28482818603516,5119800,0.0,0.0
2023-03-02 00:00:00-05:00,83.01474463542117,84.19157583068836,82.83147283378685,83.89254760742188,5293600,0.0,0.0
2023-03-03 00:00:00-05:00,84.23015133268004,86.13044337946556,83.99864587624992,86.09185791015625,5498500,0.0,0.0
2023-03-06 00:00:00-05:00,86.24620452924283,87.46161376189391,85.995402644656,86.56452178955078,7424800,0.0,0.0
2023-03-07 00:00:00-05:00,86.41018373371001,86.8924910677547,84.93432446904139,85.23335266113281,5382400,0.0,0.0
2023-03-08 00:00:00-05:00,85.27193760258275,85.93751671503044,85.03078393705476,85.35874938964844,5159200,0.0,0.0
2023-03-09 00:00:00-05:00,85.20441036261427,86.46805314810783,83.46810111890711,83.79607391357422,10572300,0.0,0.0
2023-03-10 00:00:00-05:00,81.4231189581761,82.23339166019238,79.94725249191775,81.09514617919922,16029300,0.0,0.0
2023-03-13 00:00:00-04:00,80.37170559170123,82.50350343646525,79.1369998136865,81.92473602294922,10299800,0.0,0.0
2023-03-14 00:00:00-04:00,82.88934249276151,82.88934249276151,80.47780571287136,81.56781768798828,8732200,0.0,0.0
2023-03-15 00:00:00-04:00,80.1401993269342,80.41993850198399,79.21417000233498,80.04373931884766,11463000,0.0,0.0
2023-03-16 00:00:00-04:00,79.98584936771744,82.09835792127957,79.17557655011483,81.81861877441406,10148100,0.0,0.0
2023-03-17 00:00:00-04:00,81.99224013818457,82.93756567439546,81.6160410368928,82.2430419921875,13065800,0.0,0.0
2023-03-20 00:00:00-04:00,82.26233589311143,84.41342979340088,82.23339863121852,83.88288879394531,9177300,0.0,0.0
2023-03-21 00:00:00-04:00,84.39413025995991,84.74139210869127,83.59350572595332,84.48094940185547,6683700,0.0,0.0
2023-03-22 00:00:00-04:00,84.44235762302392,86.00503582551977,84.34589764101366,84.78961944580078,7233700,0.0,0.0
2023-03-23 00:00:00-04:00,85.51309130718133,86.46805776246927,84.53882843736388,84.67387390136719,10747100,0.0,0.0
2023-03-24 00:00:00-04:00,84.86678417899901,85.34909141326165,84.41341420128424,84.89572143554688,5852100,0.0,0.0
2023-03-27 00:00:00-04:00,85.4841671443547,87.29764033845599,85.4166444020059,86.95037841796875,8170100,0.0,0.0
2023-03-28 00:00:00-04:00,87.02754150567323,87.66418339609132,86.31372867113589,86.6706314086914,6378900,0.0,0.0
2023-03-29 00:00:00-04:00,86.9407094116926,87.45196132080798,86.63203304059144,87.41337585449219,5233600,0.0,0.0
2023-03-30 00:00:00-04:00,87.6352469706469,87.95357159861574,86.53558676441493,87.30728149414062,5640700,0.0,0.0
2023-03-31 00:00:00-04:00,87.35549000286275,89.70915182511838,87.21080371003956,89.6319808959961,10476300,0.0,0.0
2023-04-03 00:00:00-04:00,89.11110349910912,90.67378196535222,88.83136435246786,90.59661102294922,8410900,0.0,0.0
2023-04-04 00:00:00-04:00,90.52907343643241,90.69305614256696,89.64162982266613,90.67376708984375,6651500,0.0,0.0
2023-04-05 00:00:00-04:00,90.30723017612681,91.7445040075494,90.17218470790864,91.53228759765625,7478800,0.0,0.0
2023-04-06 00:00:00-04:00,90.99210691048822,92.68018264463849,90.66413408380885,92.52584075927734,9146200,0.0,0.0
2023-04-10 00:00:00-04:00,91.71218214534899,92.12870375692191,90.61760553365512,90.8210220336914,8681500,0.4,0.0
2023-04-11 00:00:00-04:00,90.53041364820223,91.17941013838339,90.2785615063989,91.02442932128906,8196000,0.0,0.0
2023-04-12 00:00:00-04:00,91.42156141249095,92.33209853291665,90.6660124786243,90.95661163330078,8040300,0.0,0.0
2023-04-13 00:00:00-04:00,91.22782732115202,92.7486136939443,90.99535244747962,92.55488586425781,6240200,0.0,0.0
2023-04-14 00:00:00-04:00,92.50644532786669,92.98108365871032,91.71214944369784,92.7098617553711,6485100,0.0,0.0
2023-04-17 00:00:00-04:00,92.64207121687764,92.98109865071547,92.32241361201176,92.59363555908203,4772400,0.0,0.0
2023-04-18 00:00:00-04:00,92.99079917333333,93.70760118102591,92.76800546527286,93.4460678100586,7219400,0.0,0.0
2023-04-19 00:00:00-04:00,92.59364235098124,93.44606269315003,92.59364235098124,92.80674743652344,4766200,0.0,0.0
2023-04-20 00:00:00-04:00,92.99079114478567,93.13609073399823,91.63467396254207,91.85746765136719,5815500,0.0,0.0
2023-04-21 00:00:00-04:00,92.03183133424628,92.32242314027945,91.3053407337965,92.16744232177734,7335800,0.0,0.0
2023-04-24 00:00:00-04:00,92.35146243472965,93.0682716662009,91.99306520923706,92.44833374023438,4901700,0.0,0.0
2023-04-25 00:00:00-04:00,92.15774327363104,92.70018716231955,91.07284810601031,91.1115951538086,5768800,0.0,0.0
2023-04-26 00:00:00-04:00,90.81130716418147,91.83807797897335,90.4141555002001,90.7725601196289,6395500,0.0,0.0
2023-04-27 00:00:00-04:00,91.35376185424128,92.10931083711785,90.36573796668979,92.06088256835938,5615700,0.0,0.0
2023-04-28 00:00:00-04:00,91.31500916458457,92.40959291237807,91.28595072707563,91.75090789794922,8498500,0.0,0.0
2023-05-01 00:00:00-04:00,91.82840423087461,92.72925276683819,91.73153291649106,91.89620971679688,5459800,0.0,0.0
2023-05-02 00:00:00-04:00,91.95432201429014,92.25460238124406,90.90817394908876,91.82839965820312,5995100,0.0,0.0
2023-05-03 00:00:00-04:00,92.08993153086315,92.42895893825961,91.57654611534235,91.80902099609375,6744800,0.0,0.0
2023-05-04 00:00:00-04:00,92.00276874933164,92.13837973075547,91.45063621346482,91.99308013916016,5038200,0.0,0.0
2023-05-05 00:00:00-04:00,92.02213964191492,94.25972825148752,91.85747021831959,93.93038940429688,8068600,0.0,0.0
2023-05-08 00:00:00-04:00,94.03695309001907,94.23068097717679,93.41701498282016,93.75604248046875,5314800,0.0,0.0
2023-05-09 00:00:00-04:00,93.18453595754397,93.85290975537899,93.0876720105269,93.12641906738281,6333500,0.0,0.0
2023-05-10 00:00:00-04:00,93.75602905691441,94.61813059475136,93.24264357822996,94.46314239501953,5935300,0.0,0.0
2023-05-11 00:00:00-04:00,94.48251455929271,94.56968987429397,93.32012529423653,94.38565063476562,5144500,0.0,0.0
2023-05-12 00:00:00-04:00,94.55031625011341,94.85059662116684,93.8916312434285,94.78279113769531,4994700,0.0,0.0
2023-05-15 00:00:00-04:00,94.8021756502197,94.88935096842904,94.00787961547715,94.21129608154297,4443700,0.0,0.0
2023-05-16 00:00:00-04:00,94.12411699749401,95.75145617892798,93.8819534728178,95.1702651977539,6896500,0.0,0.0
2023-05-17 00:00:00-04:00,95.68364322888212,97.2528654069477,95.3446157988122,96.64260864257812,9436000,0.0,0.0
2023-05-18 00:00:00-04:00,96.64260900715125,99.24829070425666,96.60386934949173,99.13204956054688,10005700,0.0,0.0
2023-05-19 00:00:00-04:00,99.18048741852333,99.83917246700567,98.72521883336353,99.61637878417969,8560300,0.0,0.0
2023-05-22 00:00:00-04:00,99.26766109347966,99.86822181905087,98.54117062332617,98.57991027832031,5890500,0.0,0.0
2023-05-23 00:00:00-04:00,97.90186546219839,98.25058151471019,95.38336638646959,95.451171875,10047300,0.0,0.0
2023-05-24 00:00:00-04:00,94.87967816283425,95.78052688560697,94.24037021874292,95.23808288574219,6815900,0.0,0.0
2023-05-25 00:00:00-04:00,96.09049645430457,101.37935504220427,95.67397484068596,101.02095031738281,16729600,0.0,0.0
2023-05-26 00:00:00-04:00,101.07905349596004,102.90012792721265,100.76908448067682,100.81752014160156,13994100,0.0,0.0
2023-05-30 00:00:00-04:00,101.61180987961191,102.65795801240948,100.92406640071086,101.85397338867188,10296700,0.0,0.0
2023-05-31 00:00:00-04:00,101.19529422060592,103.15197223564581,100.88532520663195,102.61921691894531,13713500,0.0,0.0
2023-06-01 00:00:00-04:00,101.5924340993596,103.26820885749841,101.49557017241233,102.66764068603516,7835900,0.0,0.0
2023-06-02 00:00:00-04:00,103.1810272908003,103.42319080596766,102.43516691579221,102.5707778930664,8652400,0.0,0.0
2023-06-05 00:00:00-04:00,102.57078485683594,104.2271825262081,102.22206878010029,103.57818603515625,7442000,0.0,0.0
2023-06-06 00:00:00-04:00,103.46194068521706,104.12062576009905,102.82263283061513,103.74285125732422,7023000,0.0,0.0
2023-06-07 00:00:00-04:00,103.7815994649734,104.97304725718038,101.55369208355141,101.95084381103516,9842500,0.0,0.0
2023-06-08 00:00:00-04:00,102.35767019560755,104.4112194121173,102.04770119974228,104.1109390258789,9526700,0.0,0.0
2023-06-09 00:00:00-04:00,104.32403902703385,106.69724590183642,104.04313585379944,106.40664672851562,12597100,0.0,0.0
2023-06-12 00:00:00-04:00,110.75589713307718,113.82653599399376,110.75589713307718,112.78038787841797,39081500,0.0,0.0
2023-06-13 00:00:00-04:00,119.45442272031447,120.10341919041736,112.38324486950182,113.0225601196289,39190900,0.0,0.0
2023-06-14 00:00:00-04:00,112.84819404482904,118.66980681117387,112.11201491569753,118.43732452392578,26264200,0.0,0.0
2023-06-15 00:00:00-04:00,118.12736101972898,123.54214112034241,117.84645784251244,122.58317565917969,27476700,0.0,0.0
2023-06-16 00:00:00-04:00,123.15467521880163,123.40652734085116,121.22705573024436,121.52733612060547,19514700,0.0,0.0
2023-06-20 00:00:00-04:00,120.54899094094957,121.32391712016991,118.13704447824797,118.21453857421875,16273000,0.0,0.0
2023-06-21 00:00:00-04:00,118.12736733466463,119.4931731953069,116.58721082653045,118.27266693115234,17583000,0.0,0.0
2023-06-22 00:00:00-04:00,117.79802072603796,118.74729756548112,116.30629258809759,116.80030822753906,12203400,0.0,0.0
2023-06-23 00:00:00-04:00,115.84133042119906,116.14161819203042,114.43678505173126,114.92111206054688,19734300,0.0,0.0
2023-06-26 00:00:00-04:00,114.29149346912334,115.68635771700244,113.04192881210567,113.11942291259766,8987000,0.0,0.0
2023-06-27 00:00:00-04:00,112.91600701498713,114.74676265450474,112.61572661186078,114.14619445800781,6970400,0.0,0.0
2023-06-28 00:00:00-04:00,113.11942181979614,114.90174916267266,112.74164732135245,112.87725830078125,9240500,0.0,0.0
2023-06-29 00:00:00-04:00,112.0248432481098,114.10745095015886,111.03681197074515,114.08807373046875,9234300,0.0,0.0
2023-06-30 00:00:00-04:00,116.08348508681344,117.9142478397632,115.29887775715146,115.35699462890625,13703100,0.0,0.0
2023-07-03 00:00:00-04:00,114.3108720944099,114.54334700849914,113.16785996395845,113.47782897949219,4284700,0.0,0.0
2023-07-05 00:00:00-04:00,112.86757056988961,113.34221639183161,111.79237133611323,112.32512664794922,8466500,0.0,0.0
2023-07-06 00:00:00-04:00,111.07555911010093,112.1798241455273,111.04650067078612,111.83110809326172,7982800,0.0,0.0
2023-07-07 00:00:00-04:00,111.24022708792705,112.344499499318,110.90119964989837,111.01744079589844,7001600,0.0,0.0
2023-07-10 00:00:00-04:00,110.6977832901619,111.4242738252901,110.09722251087868,110.79464721679688,6931000,0.0,0.0
2023-07-11 00:00:00-04:00,111.00849800423735,111.78614370955808,110.26002013121388,111.66949462890625,6117100,0.4,0.0
2023-07-12 00:00:00-04:00,112.43742406219607,114.78979169994791,112.40826364443394,112.77764129638672,11011600,0.0,0.0
2023-07-13 00:00:00-04:00,113.8177237731369,115.26608861168397,113.49695180229402,114.16766357421875,9359600,0.0,0.0
2023-07-14 00:00:00-04:00,114.87727863880599,116.61725522880222,114.39125190694713,115.93681335449219,7723800,0.0,0.0
2023-07-17 00:00:00-04:00,115.52855318959983,116.61725574359419,114.9453225920305,115.56743621826172,6735900,0.0,0.0
2023-07-18 00:00:00-04:00,115.46050557654728,117.90036176972562,114.51761256001888,117.39488983154297,8903600,0.0,0.0
2023-07-19 00:00:00-04:00,117.44349512301646,117.96840486518953,115.11056540764032,115.3730239868164,7609000,0.0,0.0
2023-07-20 00:00:00-04:00,114.20654702802017,115.7229553104726,112.00971177718203,112.64154052734375,12913000,0.0,0.0
2023-07-21 00:00:00-04:00,113.23450549096658,115.93681292346656,112.9623317087262,114.36209106445312,9159600,0.0,0.0
2023-07-24 00:00:00-04:00,114.64399094078142,115.22722155132676,113.46780710826408,114.77035522460938,6200400,0.0,0.0
2023-07-25 00:00:00-04:00,114.68287724673431,115.19806442437097,113.5455689950721,114.6537094116211,6266300,0.0,0.0
2023-07-26 00:00:00-04:00,114.13851958004359,114.33293472871223,111.78615190250017,112.27217864990234,8160000,0.0,0.0
2023-07-27 00:00:00-04:00,114.26489674714564,114.31349497450303,112.4082709234823,113.14703369140625,7843000,0.0,0.0
2023-07-28 00:00:00-04:00,113.41920102892173,114.02187685999088,112.41798712505586,112.74848175048828,6910400,0.0,0.0
2023-07-31 00:00:00-04:00,113.1761811935367,113.9635420989515,112.59295061855615,113.95382690429688,6703100,0.0,0.0
2023-08-01 00:00:00-04:00,113.65248416161056,114.74118666255436,113.22478569952972,114.61482238769531,5246000,0.0,0.0
2023-08-02 00:00:00-04:00,113.65249458690698,113.7108228404977,111.12515694464126,112.47631072998047,6387800,0.0,0.0
2023-08-03 00:00:00-04:00,112.01943619490949,112.92344618951256,111.06682797808081,111.34872436523438,5193800,0.0,0.0
2023-08-04 00:00:00-04:00,112.11665594550954,113.14703777952643,111.06684371926362,111.24181365966797,5579300,0.0,0.0
2023-08-07 00:00:00-04:00,112.24300910335056,113.12757385527084,111.85418625381438,112.85540008544922,7347000,0.0,0.0
2023-08-08 00:00:00-04:00,111.8250425576373,112.37911279081091,111.0279589341914,112.00973510742188,4694800,0.0,0.0
2023-08-09 00:00:00-04:00,112.11664485054389,112.47630730805548,109.19076921468564,109.93924713134766,6542400,0.0,0.0
2023-08-10 00:00:00-04:00,110.60024430989756,111.87363200176138,109.33657922941164,109.83232116699219,6004100,0.0,0.0
2023-08-11 00:00:00-04:00,109.2490936634031,110.30863584831377,108.0243041612705,109.9003677368164,5288900,0.0,0.0
2023-08-14 00:00:00-04:00,110.01700295264293,112.5735006979561,109.98784253753796,112.3402099609375,6494200,0.0,0.0
2023-08-15 00:00:00-04:00,112.22355634541954,114.76061618344345,111.63060320833787,114.01213836669922,10412200,0.0,0.0
2023-08-16 00:00:00-04:00,113.88578253195273,114.51761132359057,112.04859474067064,112.11663818359375,5722000,0.0,0.0
2023-08-17 00:00:00-04:00,112.50546116646335,113.51639761690868,111.16403011177313,111.66949462890625,6183900,0.0,0.0
2023-08-18 00:00:00-04:00,111.30012876159256,113.72053996555447,110.76549635565445,113.20535278320312,9412800,0.0,0.0
2023-08-21 00:00:00-04:00,113.63305243495037,114.07047353116697,111.97084188667606,113.33171081542969,5811200,0.0,0.0
2023-08-22 00:00:00-04:00,114.22600461883249,114.3912519278116,112.49575063968808,113.28311157226562,4960300,0.0,0.0
2023-08-23 00:00:00-04:00,113.82745833619143,117.0838359340408,108.9769136620902,114.5467758178711,16517300,0.0,0.0
2023-08-24 00:00:00-04:00,116.33535311102942,116.38395874829581,109.26852804058737,109.75455474853516,11995900,0.0,0.0
2023-08-25 00:00:00-04:00,109.75454342101918,112.90399408694309,109.58928872107644,112.8165054321289,8758100,0.0,0.0
2023-08-28 00:00:00-04:00,113.11786339510549,114.42041146696162,112.4665819429981,113.57472229003906,4514800,0.0,0.0
2023-08-29 00:00:00-04:00,117.56986323677798,117.82259921337307,115.21749563913424,117.27825164794922,11920500,0.0,0.0
2023-08-30 00:00:00-04:00,117.34629979712813,118.33779110477407,116.79222959834782,117.73512268066406,5601800,0.0,0.0
2023-08-31 00:00:00-04:00,117.61846588521827,118.57108151666367,116.763061530423,117.0255126953125,9109800,0.0,0.0
2023-09-01 00:00:00-04:00,117.62818872345576,118.28918535858661,116.73389392332874,117.55042266845703,6189900,0.0,0.0
2023-09-05 00:00:00-04:00,119.01823445457758,120.80680935797511,117.79344495218508,120.51519775390625,11089600,0.0,0.0
2023-09-06 00:00:00-04:00,119.62090322667402,121.09842872307757,119.30013120290279,120.85541534423828,8728500,0.0,0.0
2023-09-07 00:00:00-04:00,120.36937998512539,122.43985115505832,119.16402837256588,121.59416198730469,11864400,0.0,0.0
2023-09-08 00:00:00-04:00,121.31226936231651,123.14944972645927,120.87484087512408,122.78978729248047,10595500,0.0,0.0
2023-09-11 00:00:00-04:00,123.47021845536105,123.85904129497685,121.23450010588314,123.16888427734375,22155600,0.0,0.0
2023-09-12 00:00:00-04:00,108.94773334603084,110.13363953360701,104.30131985661835,106.54676055908203,68605700,0.0,0.0
2023-09-13 00:00:00-04:00,105.29282236931334,109.78371167795544,105.17617329328591,108.71444702148438,27171000,0.0,0.0
2023-09-14 00:00:00-04:00,110.32806469264536,111.92223173015225,108.82137890437987,110.48359680175781,19849700,0.0,0.0
2023-09-15 00:00:00-04:00,110.99879734280069,111.98056608949241,109.35602446871526,110.72662353515625,23215000,0.0,0.0
2023-09-18 00:00:00-04:00,110.25030338298217,111.27096249846655,108.46172854828814,109.0741195678711,11744100,0.0,0.0
2023-09-19 00:00:00-04:00,109.3365650317526,110.56134692386503,108.58807979261641,109.61845397949219,9536100,0.0,0.0
2023-09-20 00:00:00-04:00,109.65734710411753,111.49452752768417,109.31712988052728,109.7156753540039,8777100,0.0,0.0
2023-09-21 00:00:00-04:00,108.39368389905682,109.35601475234725,106.27460704987527,106.37181091308594,12645800,0.0,0.0
2023-09-22 00:00:00-04:00,106.91614917553596,107.50910233055188,105.47751432638624,105.98297882080078,11150000,0.0,0.0
2023-09-25 00:00:00-04:00,105.41920908828084,105.6136242563934,104.49576114233237,105.27340698242188,8410000,0.0,0.0
2023-09-26 00:00:00-04:00,104.1458177294885,104.39855373138688,101.3949043773309,101.948974609375,13209000,0.0,0.0
2023-09-27 00:00:00-04:00,102.06560564461418,102.33777940641122,100.46171607267735,101.69622802734375,8916400,0.0,0.0
2023-09-28 00:00:00-04:00,101.12272324320656,103.62090041252665,100.38396051526185,103.18347930908203,7373600,0.0,0.0
2023-09-29 00:00:00-04:00,104.11663816881213,104.3693741242483,102.43498255758738,102.95989227294922,7299100,0.0,0.0
2023-10-02 00:00:00-04:00,102.85297177374932,103.74726657189382,102.34750724973648,103.72782135009766,5963500,0.0,0.0
2023-10-03 00:00:00-04:00,103.44594046022587,103.52370652670197,100.64642881270898,101.59903717041016,8783300,0.0,0.0
2023-10-04 00:00:00-04:00,102.02673774060064,104.30134685992833,101.57959400620868,104.08749389648438,8842700,0.0,0.0
2023-10-05 00:00:00-04:00,103.98055232884664,105.40947199892707,103.22235187113348,105.32198333740234,7651500,0.0,0.0
2023-10-06 00:00:00-04:00,104.91373363640079,107.44107123111688,104.5735163976047,106.88700103759766,8247000,0.0,0.0
2023-10-09 00:00:00-04:00,107.65492942429675,107.86878238942592,106.41070208119616,107.23694610595703,6012400,0.0,0.0
2023-10-10 00:00:00-04:00,107.13000098906906,107.95624487011206,106.55649306068841,106.64397430419922,6910400,0.0,0.0
2023-10-11 00:00:00-04:00,106.83910806785943,107.3756893775155,106.17569262932737,106.96593475341797,5641700,0.4,0.0
2023-10-12 00:00:00-04:00,107.26836171150575,108.21470500110098,106.22445886947443,106.4488525390625,6598500,0.0,0.0
2023-10-13 00:00:00-04:00,106.52690898200312,106.83910403285589,105.16105284327836,105.60983276367188,5879400,0.0,0.0
2023-10-16 00:00:00-04:00,106.29275342798547,106.91714350805385,105.66836334791711,106.05860900878906,5488000,0.0,0.0
2023-10-17 00:00:00-04:00,104.95616397148136,107.11226196682253,104.29274863112128,106.38055419921875,5261800,0.0,0.0
2023-10-18 00:00:00-04:00,105.75617582198474,107.05373952593912,105.22934527804873,105.60983276367188,5123900,0.0,0.0
2023-10-19 00:00:00-04:00,105.98056740745994,107.53179199453128,105.55130384295337,105.69763946533203,7989200,0.0,0.0
2023-10-20 00:00:00-04:00,104.38057407487038,104.4293575812933,98.20496474827524,99.36593627929688,21831400,0.0,0.0
2023-10-23 00:00:00-04:00,99.5512984378079,102.13666780664798,99.52203131311408,101.13179016113281,10722600,0.0,0.0
2023-10-24 00:00:00-04:00,101.41470651794279,101.91226994735867,100.00007429788499,100.68299865722656,6174000,0.0,0.0
2023-10-25 00:00:00-04:00,100.1951988608884,101.14154226976537,98.5464221199434,98.9561767578125,7081700,0.0,0.0
2023-10-26 00:00:00-04:00,99.2098478159543,99.89277228285808,97.43423675868608,97.95130920410156,7565600,0.0,0.0
2023-10-27 00:00:00-04:00,98.5366594341405,99.60007129484535,98.13665556067495,98.52690124511719,5207900,0.0,0.0
2023-10-30 00:00:00-04:00,98.67325863754658,99.91228830734657,98.36106353331607,99.17082214355469,5433700,0.0,0.0
2023-10-31 00:00:00-04:00,99.52203004062068,100.99519654903628,98.6342209052324,100.87812805175781,6258400,0.0,0.0
2023-11-01 00:00:00-04:00,101.2683769401623,103.60983627944651,101.2683769401623,103.17081451416016,8602400,0.0,0.0
2023-11-02 00:00:00-04:00,103.85372673422762,104.60495092952024,102.99519224006717,104.26348876953125,5918300,0.0,0.0
2023-11-03 00:00:00-04:00,104.55618418229668,106.40984577491211,104.0196028287225,105.41472625732422,7280000,0.0,0.0
2023-11-06 00:00:00-05:00,105.42445863019171,106.5464120914986,104.8195849390979,106.4488525390625,6062800,0.0,0.0
2023-11-07 00:00:00-05:00,107.3073976167014,107.68788511909328,105.93179067189625,106.331787109375,7412600,0.0,0.0
2023-11-08 00:00:00-05:00,106.56594089319718,109.814718283684,106.52691557900917,109.59033203125,10994900,0.0,0.0
2023-11-09 00:00:00-05:00,109.65862048392431,110.54642215864561,108.8878873041937,109.44398498535156,6853900,0.0,0.0
2023-11-10 00:00:00-05:00,109.35617718414318,110.41959649783942,108.42935018806405,110.3122787475586,5233900,0.0,0.0
2023-11-13 00:00:00-05:00,110.31228274591645,111.69764791735149,110.02935479794998,111.3659439086914,5740500,0.0,0.0
2023-11-14 00:00:00-05:00,112.05862425793099,113.61959959200773,111.6586203743114,113.26837921142578,6733700,0.0,0.0
2023-11-15 00:00:00-05:00,113.3171515933585,113.47324538978816,111.15129527343579,111.27812194824219,7386200,0.0,0.0
2023-11-16 00:00:00-05:00,110.98545119512839,113.04398992020181,110.70252326042021,111.87325286865234,7476100,0.0,0.0
2023-11-17 00:00:00-05:00,111.81472459008305,112.8196022553991,111.37570282438965,112.54643249511719,4791300,0.0,0.0
2023-11-20 00:00:00-05:00,112.82934506251662,114.29276067307244,112.69276020099676,114.06836700439453,5728300,0.0,0.0
2023-11-21 00:00:00-05:00,114.35130805665729,114.8000880022693,112.85862515328489,113.24887084960938,5995300,0.0,0.0
2023-11-22 00:00:00-05:00,113.85374822157542,114.42936231667096,112.69277672838976,113.40496826171875,4343700,0.0,0.0
2023-11-24 00:00:00-05:00,113.64886305967786,113.7464226192965,112.52690951577037,113.41471862792969,2168200,0.0,0.0
2023-11-27 00:00:00-05:00,113.1805688471929,113.92202741990653,112.63422194117817,113.62934875488281,5165300,0.0,0.0
2023-11-28 00:00:00-05:00,113.17082381381914,113.95131523124157,113.04399712189806,113.40496826171875,4892600,0.0,0.0
2023-11-29 00:00:00-05:00,114.47813145022552,114.71228332727257,113.131791652133,113.37569427490234,6127200,0.0,0.0
2023-11-30 00:00:00-05:00,114.0098425827661,114.37082114405897,112.37081666002344,113.37569427490234,11075600,0.0,0.0
2023-12-01 00:00:00-05:00,113.2391090785819,114.48788931266779,112.4488669649251,114.30252838134766,5739800,0.0,0.0
2023-12-04 00:00:00-05:00,113.43422379438579,113.83422765184703,111.75618007206283,112.9561767578125,5587500,0.0,0.0
2023-12-05 00:00:00-05:00,111.77568912961708,112.45861346833412,111.03422310235497,111.73666381835938,5913600,0.0,0.0
2023-12-06 00:00:00-05:00,112.13666793257394,112.18544398926977,109.20007838274441,109.29763793945312,7815700,0.0,0.0
2023-12-07 00:00:00-05:00,109.66837705716242,110.27325078788215,109.08300481756405,110.11715698242188,6772800,0.0,0.0
2023-12-08 00:00:00-05:00,109.27813599104908,110.86837845267681,108.86837391737116,110.839111328125,7766000,0.0,0.0
2023-12-11 00:00:00-05:00,110.99520583748455,112.53667224898246,110.83911202445508,112.32203674316406,19544200,0.0,0.0
2023-12-12 00:00:00-05:00,100.19519878349577,102.39032248322168,98.23422697092934,98.3512954711914,57666500,0.0,0.0
2023-12-13 00:00:00-05:00,98.61470679387624,100.5854366422349,96.83909605961827,100.47811889648438,29392200,0.0,0.0
2023-12-14 00:00:00-05:00,99.38545243891603,99.75618177962724,97.43423127941232,97.86349487304688,22865200,0.0,0.0
2023-12-15 00:00:00-05:00,97.25861581250544,101.45373661235666,96.93666255221903,100.80007934570312,30212300,0.0,0.0
2023-12-18 00:00:00-05:00,100.88789256946184,103.57082163571114,100.40008728468923,102.4391098022461,13473100,0.0,0.0
2023-12-19 00:00:00-05:00,102.41960059669361,103.74642411993487,102.24399039690437,103.65862274169922,10108500,0.0,0.0
2023-12-20 00:00:00-05:00,103.36592715793131,103.50251202937424,101.51227320454367,101.60983276367188,9242000,0.0,0.0
2023-12-21 00:00:00-05:00,102.14641780893162,103.34642201586428,101.9708076187297,103.27812957763672,8168000,0.0,0.0
2023-12-22 00:00:00-05:00,103.122027510654,103.89276070362034,102.8878830733343,103.60983276367188,5680000,0.0,0.0
2023-12-26 00:00:00-05:00,103.9220205556078,104.04885467624001,102.77079994131309,103.6000747680664,5767400,0.0,0.0
2023-12-27 00:00:00-05:00,103.72691524917833,103.73667343898332,102.9854491336756,103.35618591308594,5627400,0.0,0.0
2023-12-28 00:00:00-05:00,103.42447828975287,104.0098431412777,103.00496544821844,103.65862274169922,5689100,0.0,0.0
2023-12-29 00:00:00-05:00,104.00008995118176,104.31228504989134,102.22447893164883,102.85862731933594,6899700,0.0,0.0
2024-01-02 00:00:00-05:00,101.97079833487045,102.12689957564558,99.94153430801155,101.52201843261719,9597500,0.0,0.0
2024-01-03 00:00:00-05:00,100.78056863967512,100.85861182353784,99.2586111829311,99.96105194091797,9455600,0.0,0.0
2024-01-04 00:00:00-05:00,100.26347790720459,100.8390919158779,99.9025068215798,100.0878677368164,6822300,0.0,0.0
2024-01-05 00:00:00-05:00,100.02933786126725,101.19031667414512,99.79519343830026,100.2244644165039,6133800,0.0,0.0
2024-01-08 00:00:00-05:00,100.42934772793109,102.21470929447307,99.6390981577292,102.1073989868164,7038700,0.0,0.0
2024-01-09 00:00:00-05:00,101.3171440354704,101.9317833844625,100.77080456375926,101.10250854492188,6725200,0.0,0.0
2024-01-10 00:00:00-05:00,100.96540877729947,101.92521518966576,100.60303891039212,101.77830505371094,7270500,0.4,0.0
2024-01-11 00:00:00-05:00,102.19942883511047,102.67932823654735,101.40612467548803,102.61077117919922,6119000,0.0,0.0
2024-01-12 00:00:00-05:00,102.93397466907771,104.50099850158801,102.80665655124092,104.40306091308594,9703800,0.0,0.0
2024-01-16 00:00:00-05:00,104.21698146797844,104.4618291746821,103.2473791694775,104.3736801147461,7547200,0.0,0.0
2024-01-17 00:00:00-05:00,104.26595279665096,105.28452021445459,103.50202910133811,104.236572265625,7771500,0.0,0.0
2024-01-18 00:00:00-05:00,104.7850129377735,106.63606083431486,104.42264314699389,106.45977020263672,10362300,0.0,0.0
2024-01-19 00:00:00-05:00,107.0669971395237,107.94845031429357,106.77317692388092,107.40978240966797,11163800,0.0,0.0
2024-01-22 00:00:00-05:00,107.79176371259642,108.40878478267007,107.01804397874014,107.83094024658203,7485300,0.0,0.0
2024-01-23 00:00:00-05:00,108.01702096286014,110.35776456635877,107.30206233329908,109.52528381347656,9185900,0.0,0.0
2024-01-24 00:00:00-05:00,111.08249779287524,113.04127930559245,110.99435621143904,111.95415496826172,11702700,0.0,0.0
2024-01-25 00:00:00-05:00,112.52221788221301,113.78563301717993,111.99334590905295,112.62995147705078,8877200,0.0,0.0
2024-01-26 00:00:00-05:00,112.27735900878906,113.10005115381534,111.91498172831622,112.27735900878906,5541800,0.0,0.0
2024-01-29 00:00:00-05:00,111.83664267469648,112.22839303389397,110.68096118188197,111.40570831298828,7014400,0.0,0.0
2024-01-30 00:00:00-05:00,111.02374296804427,112.0423103084673,110.30878438803697,111.80725860595703,8231900,0.0,0.0
2024-01-31 00:00:00-05:00,111.4644721751571,111.9149910772896,109.36857631768187,109.39795684814453,7386700,0.0,0.0
2024-02-01 00:00:00-05:00,110.58301823364744,113.39386503269797,110.23043694972715,113.14901733398438,7882200,0.0,0.0
2024-02-02 00:00:00-05:00,113.43303653285722,114.08922654300376,112.78664252242942,113.40365600585938,6499400,0.0,0.0
2024-02-05 00:00:00-05:00,113.14902574626619,114.31450326988342,112.40468659463306,113.99130249023438,8084500,0.0,0.0
2024-02-06 00:00:00-05:00,114.33409254616399,114.539763740254,112.61036992745927,112.92377471923828,4637500,0.0,0.0
2024-02-07 00:00:00-05:00,113.41344376131937,115.16654650346028,112.9237484211965,114.85314178466797,7672900,0.0,0.0
2024-02-08 00:00:00-05:00,114.67686831388129,115.36244637587993,113.57995537013787,114.27532196044922,4472800,0.0,0.0
2024-02-09 00:00:00-05:00,114.64748737195441,114.92171560690319,113.34490325594773,114.23614501953125,5787100,0.0,0.0
2024-02-12 00:00:00-05:00,113.86398656996916,114.68667132808852,113.00211780756662,113.45263671875,5439600,0.0,0.0
2024-02-13 00:00:00-05:00,111.44487652672333,111.8562188564796,110.6711569223769,111.33714294433594,8171700,0.0,0.0
2024-02-14 00:00:00-05:00,111.96395056824115,112.35570836381744,111.19023097682154,111.90518951416016,5946100,0.0,0.0
2024-02-15 00:00:00-05:00,111.89540181500848,111.95416287344845,110.2500249292581,110.45569610595703,8455600,0.0,0.0
2024-02-16 00:00:00-05:00,110.69075638501448,110.7789054516607,108.95723777734094,109.01599884033203,8936000,0.0,0.0
2024-02-20 00:00:00-05:00,108.26185830007034,108.48711399627288,105.46080005643411,106.21492767333984,10975600,0.0,0.0
2024-02-21 00:00:00-05:00,104.55975964450057,106.14636789374214,104.31491195446615,105.930908203125,7865300,0.0,0.0
2024-02-22 00:00:00-05:00,109.19228666356905,109.58404450836697,107.40000703948557,108.72218322753906,8957800,0.0,0.0
2024-02-23 00:00:00-05:00,109.69177954013729,111.03354774770389,109.4077552857403,109.64280700683594,7504500,0.0,0.0
2024-02-26 00:00:00-05:00,109.6917622890521,110.22063418246188,108.64381450178409,108.68299102783203,6342900,0.0,0.0
2024-02-27 00:00:00-05:00,108.34020971522622,109.21186690313851,107.52731358244914,109.08454132080078,6593100,0.0,0.0
2024-02-28 00:00:00-05:00,108.96702982206146,109.71136150012124,108.81032369689564,109.37837219238281,5278300,0.0,0.0
2024-02-29 00:00:00-05:00,109.37837219238281,110.1227113426019,108.35980479528283,109.37837219238281,12193900,0.0,0.0
2024-03-01 00:00:00-05:00,109.37838480910985,111.59181051335898,109.22167866586807,111.43510437011719,7605100,0.0,0.0
2024-03-04 00:00:00-05:00,111.23920903860764,112.23818436848582,111.05312239521355,111.70931243896484,6588100,0.0,0.0
2024-03-05 00:00:00-05:00,110.49486987487184,110.8670356892913,108.09536540117813,108.65361785888672,8242000,0.0,0.0
2024-03-06 00:00:00-05:00,109.20207203271283,110.72013073144808,108.38917589152791,109.9561996459961,6706400,0.0,0.0
2024-03-07 00:00:00-05:00,111.59180267840233,112.43407945878953,109.97580618244272,112.17943572998047,7670100,0.0,0.0
2024-03-08 00:00:00-05:00,111.7190998302338,111.97374351123071,109.24124248868196,110.10310363769531,8312900,0.0,0.0
2024-03-11 00:00:00-04:00,109.30981609182804,112.38510283973518,108.88867771694092,111.77787780761719,20438300,0.0,0.0
2024-03-12 00:00:00-04:00,123.65789514584854,126.70379392168229,122.0321026912487,124.91151428222656,48536100,0.0,0.0
2024-03-13 00:00:00-04:00,125.36202079763765,126.14553641648638,122.25735379463926,122.9331283569336,15870300,0.0,0.0
2024-03-14 00:00:00-04:00,124.60790105617187,125.1661535414402,122.36509511440009,122.94293212890625,10965900,0.0,0.0
2024-03-15 00:00:00-04:00,121.48363445746226,123.41303550881854,121.01352359063159,122.95272064208984,17844900,0.0,0.0
2024-03-18 00:00:00-04:00,124.5785124694952,126.29244644789242,124.26510769804607,125.16615295410156,12231400,0.0,0.0
2024-03-19 00:00:00-04:00,125.11717877822446,126.5470959683327,123.88314423779633,126.52750396728516,10221000,0.0,0.0
2024-03-20 00:00:00-04:00,127.30121670520757,127.99659077441142,125.62646674411926,126.57647705078125,8373300,0.0,0.0
2024-03-21 00:00:00-04:00,127.8301013351517,130.0337308064141,126.29245048637557,126.35121154785156,17842400,0.0,0.0
2024-03-22 00:00:00-04:00,126.35119966197756,126.54708977422851,124.9212974861769,125.1563491821289,6660000,0.0,0.0
2024-03-25 00:00:00-04:00,125.0388180111327,125.0388180111327,123.4522097433948,123.4815902709961,7446100,0.0,0.0
2024-03-26 00:00:00-04:00,124.13779178346734,124.32387843837573,123.24654251223161,123.86356353759766,7063900,0.0,0.0
2024-03-27 00:00:00-04:00,124.7058360158949,125.18573542976955,121.9047776479457,122.68828582763672,8115900,0.0,0.0
2024-03-28 00:00:00-04:00,122.80580359482893,123.56972717215409,122.6197169641929,123.02127075195312,6587400,0.0,0.0
2024-04-01 00:00:00-04:00,122.9527124684036,123.66766351298473,121.99290627050334,122.89395141601562,4133600,0.0,0.0
2024-04-02 00:00:00-04:00,121.9439526792028,122.35529502889757,120.88620880385142,121.77745056152344,4862400,0.0,0.0
2024-04-03 00:00:00-04:00,121.69910083853365,123.80479251729348,121.50321819855677,123.63829040527344,7430000,0.0,0.0
2024-04-04 00:00:00-04:00,124.9702653322562,125.35222714876569,121.47384045425167,121.63054656982422,7588300,0.0,0.0
2024-04-05 00:00:00-04:00,121.85580160360104,123.40324086169277,121.58157337500936,122.32591247558594,4899500,0.0,0.0
2024-04-08 00:00:00-04:00,122.42384456085517,122.54137414161065,121.20940211501586,121.78723907470703,6119200,0.0,0.0
2024-04-09 00:00:00-04:00,122.18027155418659,122.57329363423224,119.12453593883377,121.07981872558594,5564100,0.4,0.0
2024-04-10 00:00:00-04:00,119.23261878386836,120.93243611675497,119.20314343932067,119.62564086914062,4509900,0.0,0.0
2024-04-11 00:00:00-04:00,119.59615532580473,121.65951172718654,119.24243622885103,121.08963012695312,7315200,0.0,0.0
2024-04-12 00:00:00-04:00,119.61580798071422,119.71406162363131,118.31884040390038,118.9968032836914,6196900,0.0,0.0
2024-04-15 00:00:00-04:00,120.04813267583138,120.33307348690015,117.35594388667023,117.78826141357422,5101500,0.0,0.0
2024-04-16 00:00:00-04:00,117.99459181270424,119.32104217482092,117.66052794118625,118.51535034179688,7000000,0.0,0.0
2024-04-17 00:00:00-04:00,118.8690794736256,118.92803016268834,116.54042980410132,116.59938049316406,5366600,0.0,0.0
2024-04-18 00:00:00-04:00,116.68780367839871,116.68780367839871,113.68119136610466,113.97595977783203,6662400,0.0,0.0
2024-04-19 00:00:00-04:00,114.09387268853888,114.73252510948018,112.46283374600156,112.87550354003906,8251500,0.0,0.0
2024-04-22 00:00:00-04:00,114.00543565454933,114.31002418416357,112.34492142015507,112.53160858154297,7125500,0.0,0.0
2024-04-23 00:00:00-04:00,113.1604464286662,113.83840931438112,112.74777662704517,113.08184051513672,5494800,0.0,0.0
2024-04-24 00:00:00-04:00,113.36677182554014,113.71067079433325,111.8929448036447,113.32746887207031,5791800,0.0,0.0
2024-04-25 00:00:00-04:00,111.64731333226116,112.98358384133591,110.81214613815753,112.88533020019531,6796600,0.0,0.0
2024-04-26 00:00:00-04:00,114.99782400760314,117.12995888095556,114.12335380615865,115.16485595703125,8355100,0.0,0.0
2024-04-29 00:00:00-04:00,114.94869609145124,115.26311226669162,113.27836156603792,114.4574203491211,4994100,0.0,0.0
2024-04-30 00:00:00-04:00,113.08183590682776,113.5043333044905,111.70626995748134,111.76522064208984,6234700,0.0,0.0
2024-05-01 00:00:00-04:00,111.92245198498665,114.72272243641504,111.66698648000285,112.6298828125,5583600,0.0,0.0
2024-05-02 00:00:00-04:00,113.21940991781553,113.78928407692938,112.26633378635536,112.95411682128906,5001000,0.0,0.0
2024-05-03 00:00:00-04:00,113.95632428845781,114.18230693161864,113.06219884078148,113.77946472167969,4485000,0.0,0.0
2024-05-06 00:00:00-04:00,114.3002007726119,116.29477882117726,114.15281657030563,116.2751235961914,6052400,0.0,0.0
2024-05-07 00:00:00-04:00,115.94106223193528,117.05134258685433,115.24345165534662,115.87228393554688,6437700,0.0,0.0
2024-05-08 00:00:00-04:00,115.65612911263587,115.92142219937097,115.06659974784048,115.34171295166016,4636000,0.0,0.0
2024-05-09 00:00:00-04:00,115.3417032519782,115.67577461157443,114.46723314354472,114.60478973388672,3236200,0.0,0.0
2024-05-10 00:00:00-04:00,115.10589768338005,115.57751815613237,113.88753604978557,114.63426971435547,4122500,0.0,0.0
2024-05-13 00:00:00-04:00,115.0862493956227,115.1452075804753,114.17247624127097,114.33951568603516,4140000,0.0,0.0
2024-05-14 00:00:00-04:00,114.46724151284319,120.41168065858568,114.10369478534602,118.76099395751953,17811200,0.0,0.0
2024-05-15 00:00:00-04:00,118.07320437827678,119.959701338101,117.58192865980553,119.50772857666016,6604600,0.0,0.0
2024-05-16 00:00:00-04:00,119.8123180261499,120.31341383409838,119.095052218294,120.02848052978516,5159300,0.0,0.0
2024-05-17 00:00:00-04:00,121.03068424819786,121.42370631555869,119.94987918515992,121.34510040283203,6179400,0.0,0.0
2024-05-20 00:00:00-04:00,121.63986695363201,122.50450949148858,121.0896330692939,122.34729766845703,5989000,0.0,0.0
2024-05-21 00:00:00-04:00,122.28834373605483,123.17264147644734,121.75776509181932,122.45537567138672,5549500,0.0,0.0
2024-05-22 00:00:00-04:00,122.45537866300032,122.97613720348357,121.14859099411571,122.4259033203125,5705000,0.0,0.0
2024-05-23 00:00:00-04:00,124.34188782852522,124.48926454762332,121.01103904400138,121.9248046875,6108600,0.0,0.0
2024-05-24 00:00:00-04:00,121.26650725672663,121.35494079192226,119.30140420931401,120.76541137695312,7173400,0.0,0.0
2024-05-28 00:00:00-04:00,121.08964358371873,122.64207673773032,120.8636609388288,122.31783294677734,6911400,0.0,0.0
2024-05-29 00:00:00-04:00,120.84400375250692,121.75777692366331,120.62784122870842,121.58091735839844,4735100,0.0,0.0
2024-05-30 00:00:00-04:00,118.07320387658048,119.32104839410798,114.98799297739193,115.04694366455078,10839600,0.0,0.0
2024-05-31 00:00:00-04:00,114.55566579114083,115.37118526408754,112.55126750275652,115.14520263671875,12755600,0.0,0.0
2024-06-03 00:00:00-04:00,115.47926550882991,117.24786103754236,115.29257834294573,117.19873046875,7256300,0.0,0.0
2024-06-04 00:00:00-04:00,116.94327067328094,118.26972113225267,116.64850973505487,117.9749526977539,7368000,0.0,0.0
2024-06-05 00:00:00-04:00,119.52737637155087,120.64748434031945,118.4072684027823,120.49027252197266,5973700,0.0,0.0
2024-06-06 00:00:00-04:00,120.73591582360913,122.10166169807687,120.11691112749972,121.34510040283203,7347200,0.0,0.0
2024-06-07 00:00:00-04:00,122.04271541274981,124.01764593766002,121.11911464558602,123.7228775024414,11545000,0.0,0.0
2024-06-10 00:00:00-04:00,123.53619352435175,124.73489996172061,121.8855068363702,122.32765197753906,10164700,0.0,0.0
2024-06-11 00:00:00-04:00,121.88550715165758,122.65189606301138,120.15621454637689,121.71846771240234,18373900,0.0,0.0
2024-06-12 00:00:00-04:00,132.33985255659073,138.50045412987862,131.6225942211661,137.93057250976562,40871300,0.0,0.0
2024-06-13 00:00:00-04:00,137.9796871804668,139.91531465575494,136.34866323573053,137.40982055664062,13733200,0.0,0.0
2024-06-14 00:00:00-04:00,136.83009090770025,137.52770893897738,134.98290462802512,135.71981811523438,11330800,0.0,0.0
2024-06-17 00:00:00-04:00,136.3781313256721,138.97206630798553,135.83772508091013,138.84432983398438,11232800,0.0,0.0
2024-06-18 00:00:00-04:00,138.75593218545342,142.52892656901832,138.75593218545342,142.1162567138672,11629400,0.0,0.0
2024-06-20 00:00:00-04:00,142.7843801425284,142.7843801425284,139.47317164847604,140.4164276123047,8940000,0.0,0.0
2024-06-21 00:00:00-04:00,141.2122863944745,141.2122863944745,137.98951904781742,139.03102111816406,14844100,0.0,0.0
2024-06-24 00:00:00-04:00,137.55719318997046,139.0604956018573,136.69254317801935,137.44911193847656,7793300,0.0,0.0
2024-06-25 00:00:00-04:00,136.57463677185112,137.11504300938515,135.1597604381415,136.74166870117188,8205500,0.0,0.0
2024-06-26 00:00:00-04:00,137.0560783613298,138.29408753089868,135.6706775097018,135.81805419921875,8036300,0.0,0.0
2024-06-27 00:00:00-04:00,136.82027375910488,138.95240836256522,136.38794877175926,137.73403930664062,7518200,0.0,0.0
2024-06-28 00:00:00-04:00,137.00698186849525,140.3280106951371,136.83994991466153,138.73626708984375,25814800,0.0,0.0
2024-07-01 00:00:00-04:00,139.21772611671824,141.5463684022529,138.60854897696905,140.59329223632812,6552400,0.0,0.0
2024-07-02 00:00:00-04:00,140.1413310162148,141.7035843673661,140.06272509387082,140.7799835205078,5920500,0.0,0.0
2024-07-03 00:00:00-04:00,141.24178180862407,142.12607218466817,140.99614392721776,141.8607940673828,3560800,0.0,0.0
2024-07-05 00:00:00-04:00,142.42080357645654,143.24614304497945,141.50703809185097,142.3029022216797,5365500,0.0,0.0
2024-07-08 00:00:00-04:00,142.2341271053256,142.6959274362312,140.92733201920382,142.49942016601562,8622600,0.0,0.0
2024-07-09 00:00:00-04:00,142.59767660868076,143.15772306000756,135.59208096139488,138.22531127929688,14334200,0.0,0.0
2024-07-10 00:00:00-04:00,138.6576439205274,139.89566823645328,137.30173323088368,139.59107971191406,6350300,0.0,0.0
2024-07-11 00:00:00-04:00,140.27096059153607,141.37452051196428,139.60093132922157,140.6650848388672,5245100,0.4,0.0
2024-07-12 00:00:00-04:00,140.61581587869543,143.00030190589794,139.18708180306348,142.6455841064453,7361800,0.0,0.0
2024-07-15 00:00:00-04:00,143.59150538747593,144.43888606334866,139.83741699798662,140.97055053710938,8687800,0.0,0.0
2024-07-16 00:00:00-04:00,140.97054461158012,141.39422741426924,139.965508262703,140.5172882080078,7181500,0.0,0.0
2024-07-17 00:00:00-04:00,138.41852903770896,139.7093031024749,136.64494004094576,137.2164306640625,9157000,0.0,0.0
2024-07-18 00:00:00-04:00,137.31497088528167,138.00469577152367,135.18666406355638,136.00448608398438,5998700,0.0,0.0
2024-07-19 00:00:00-04:00,136.3198081749809,138.3791351522019,136.05376604267508,136.52671813964844,6111900,0.0,0.0
2024-07-22 00:00:00-04:00,137.68940010878404,138.6155935122245,137.07848803369032,138.1130828857422,5387200,0.0,0.0
2024-07-23 00:00:00-04:00,139.2265117809121,141.1183351490268,139.13783608433067,141.00994873046875,6697400,0.0,0.0
2024-07-24 00:00:00-04:00,139.62063947192206,140.5665586968634,136.3690618694609,136.733642578125,8018800,0.0,0.0
2024-07-25 00:00:00-04:00,138.09335672869994,138.9998693794615,135.67931236700184,135.7975616455078,7654600,0.0,0.0
2024-07-26 00:00:00-04:00,136.83216304782007,137.90617939235173,136.34936311983517,136.97010803222656,5139400,0.0,0.0
2024-07-29 00:00:00-04:00,137.2262994328627,137.72881007232007,135.7975803311748,136.28038024902344,4054600,0.0,0.0
2024-07-30 00:00:00-04:00,137.02923900018985,137.5219018023163,132.97955016531546,133.6791229248047,6505700,0.0,0.0
2024-07-31 00:00:00-04:00,137.64013956945865,139.4728458414444,136.62525537401842,137.40365600585938,7188000,0.0,0.0
2024-08-01 00:00:00-04:00,137.24600494165347,138.3298691845702,133.77766943407272,135.49212646484375,5906800,0.0,0.0
2024-08-02 00:00:00-04:00,130.82167761397469,132.329224504191,129.86591062672977,131.32418823242188,8251600,0.0,0.0
2024-08-05 00:00:00-04:00,126.01328506542757,128.0627640311341,124.80133883833123,125.98372650146484,10355000,0.0,0.0
2024-08-06 00:00:00-04:00,128.62440113932288,129.1170639543783,126.20050850878076,126.32860565185547,8373900,0.0,0.0
2024-08-07 00:00:00-04:00,127.02817013533857,128.38792422726604,123.90468989602147,124.052490234375,8617700,0.0,0.0
2024-08-08 00:00:00-04:00,126.12168481349457,127.91498473617713,125.7768223350703,127.0676040649414,6243200,0.0,0.0
2024-08-09 00:00:00-04:00,126.51582023689757,130.4275646656681,126.45670309750098,130.1221160888672,5597300,0.0,0.0
2024-08-12 00:00:00-04:00,130.3093316620559,130.7625881266615,129.28459948777243,130.63449096679688,5600800,0.0,0.0
2024-08-13 00:00:00-04:00,131.0187316546676,132.56568485638317,130.86107596784186,132.289794921875,4324000,0.0,0.0
2024-08-14 00:00:00-04:00,132.07304776423032,133.97473414811213,132.04348919656846,133.61016845703125,4044600,0.0,0.0
2024-08-15 00:00:00-04:00,134.92062377929688,135.2359351800633,133.7283882529772,134.92062377929688,4698100,0.0,0.0
2024-08-16 00:00:00-04:00,134.78269896206487,135.7975982883017,134.38857468702565,135.45272827148438,4893800,0.0,0.0
2024-08-19 00:00:00-04:00,135.5118569597271,135.9256919942551,134.45756616495123,135.89613342285156,3641600,0.0,0.0
2024-08-20 00:00:00-04:00,135.79758130278347,137.7386589011835,135.79758130278347,137.1277618408203,3738300,0.0,0.0
2024-08-21 00:00:00-04:00,136.76321961637467,138.24120826849352,136.51688817435485,138.14266967773438,3776800,0.0,0.0
2024-08-22 00:00:00-04:00,138.635289351663,139.0097178379915,135.63004368872637,136.05374145507812,5162200,0.0,0.0
2024-08-23 00:00:00-04:00,136.69420458492795,137.73864722600254,135.24577487404173,137.1474609375,4544600,0.0,0.0
2024-08-26 00:00:00-04:00,137.3445245151881,137.35437235789675,136.16213689055454,136.86170959472656,2729600,0.0,0.0
2024-08-27 00:00:00-04:00,135.82716149151832,137.45294297512237,135.71877505695286,136.44790649414062,3872200,0.0,0.0
2024-08-28 00:00:00-04:00,136.7927610674694,136.9109953336813,134.900937633698,135.85670471191406,3022600,0.0,0.0
2024-08-29 00:00:00-04:00,137.09819452527037,139.08855631844665,136.8124567350759,137.37408447265625,4588400,0.0,0.0
2024-08-30 00:00:00-04:00,138.2707401518489,139.6403421037444,138.0441194786954,139.21664428710938,7980700,0.0,0.0
2024-09-03 00:00:00-04:00,138.38898298578457,140.1133028539749,136.79276026182018,137.4529266357422,6831200,0.0,0.0
2024-09-04 00:00:00-04:00,136.4084707115302,139.0294402668362,135.9256557824345,138.6845703125,6243300,0.0,0.0
2024-09-05 00:00:00-04:00,139.32503758450028,141.17745457363148,138.251036259898,140.5172882080078,8733200,0.0,0.0
2024-09-06 00:00:00-04:00,141.67995961862513,141.82776747768298,137.35438089067088,139.72901916503906,11154800,0.0,0.0
2024-09-09 00:00:00-04:00,140.3990566723354,141.1971680397949,137.46277542295516,137.8372039794922,20233400,0.0,0.0
2024-09-10 00:00:00-04:00,151.96675768705452,158.16446391071466,150.87304570846007,153.60240173339844,37374200,0.0,0.0
2024-09-11 00:00:00-04:00,154.47934988606116,157.1003196501677,152.56781577291392,154.87347412109375,12630100,0.0,0.0
2024-09-12 00:00:00-04:00,156.70615258739403,159.95772957178966,155.58288217840715,159.01182556152344,16161300,0.0,0.0
2024-09-13 00:00:00-04:00,171.15104536026962,171.3875289052836,158.63741385795265,159.6522979736328,25727800,0.0,0.0
2024-09-16 00:00:00-04:00,162.5688704598413,171.43680054909262,162.0959033633046,167.83050537109375,27384400,0.0,0.0
2024-09-17 00:00:00-04:00,167.7812442577043,168.135962079946,164.3227567670041,165.01248168945312,12580100,0.0,0.0
2024-09-18 00:00:00-04:00,165.16028381208736,165.16028381208736,161.3273675614097,162.11563110351562,12274400,0.0,0.0
2024-09-19 00:00:00-04:00,164.79569970549508,165.69234957235233,162.09590226189044,165.13070678710938,10075900,0.0,0.0
2024-09-20 00:00:00-04:00,164.67747003746973,166.3525205270825,164.15524867955884,165.53469848632812,12187700,0.0,0.0
2024-09-23 00:00:00-04:00,164.7759859973933,164.8745245654346,161.84956793808678,163.5147705078125,7916100,0.0,0.0
2024-09-24 00:00:00-04:00,163.30785675145822,163.6625745393019,161.5145570921169,163.36697387695312,6155100,0.0,0.0
2024-09-25 00:00:00-04:00,165.22926335913894,166.27370615965788,163.22905345968252,163.83995056152344,7142400,0.0,0.0
2024-09-26 00:00:00-04:00,165.18984641513762,165.88943427250345,164.03701715852932,165.6332550048828,7096800,0.0,0.0
2024-09-27 00:00:00-04:00,165.6233842894047,166.62842065846402,164.06656796396018,166.26385498046875,8974400,0.0,0.0
2024-09-30 00:00:00-04:00,167.01268807756622,168.01772439257687,164.00744201078834,167.89947509765625,10210300,0.0,0.0
2024-10-01 00:00:00-04:00,167.72210964863353,168.00784743141662,163.53447622779677,164.70701599121094,7595100,0.0,0.0
2024-10-02 00:00:00-04:00,165.14057598533506,166.69737719709568,164.81541673430897,165.24896240234375,7073000,0.0,0.0
2024-10-03 00:00:00-04:00,164.44098129335595,165.39674828461682,163.80052569647484,164.4114227294922,4735700,0.0,0.0
2024-10-04 00:00:00-04:00,166.2342782734079,168.39212857417763,165.70219406290337,168.35272216796875,6386900,0.0,0.0
2024-10-07 00:00:00-04:00,167.91919308978976,169.80116866299684,167.0619645975951,167.47579956054688,6791000,0.0,0.0
2024-10-08 00:00:00-04:00,168.0965366848428,172.0772450982814,167.9388809961252,171.8112030029297,7845400,0.0,0.0
2024-10-09 00:00:00-04:00,171.99844553699077,175.98901748397188,171.25945128884155,175.6737060546875,8120900,0.0,0.0
2024-10-10 00:00:00-04:00,175.43669206841847,176.07860290395618,172.00992282243553,173.224609375,7115900,0.4,0.0
2024-10-11 00:00:00-04:00,173.31346831824226,174.79478001326996,172.2271670477492,173.58010864257812,5869400,0.0,0.0
2024-10-14 00:00:00-04:00,174.35040128269742,175.0120520762125,173.31348001247596,173.92575073242188,4688700,0.0,0.0
2024-10-15 00:00:00-04:00,174.73554958965155,175.99960117260883,171.58529061994213,171.92105102539062,5848600,0.0,0.0
2024-10-16 00:00:00-04:00,171.33839356394648,172.73083023475397,169.5015663788998,172.5925750732422,6383000,0.0,0.0
2024-10-17 00:00:00-04:00,175.28855836573916,175.53544365921204,172.95796059260795,173.49122619628906,5474000,0.0,0.0
2024-10-18 00:00:00-04:00,174.59727748256563,174.76515766900536,172.40493493475884,172.51356506347656,5001300,0.0,0.0
2024-10-21 00:00:00-04:00,172.2765443294771,172.96782009556455,171.00262292259328,171.5951385498047,4198400,0.0,0.0
2024-10-22 00:00:00-04:00,173.26407912278327,173.6591045951951,172.10865786975552,173.12582397460938,5510100,0.0,0.0
2024-10-23 00:00:00-04:00,172.3259415624541,173.87638849887784,170.8544997312637,170.94338989257812,4830400,0.0,0.0
2024-10-24 00:00:00-04:00,171.16063678619054,172.77031858986624,170.75574130427404,172.20742797851562,3488000,0.0,0.0
2024-10-25 00:00:00-04:00,172.60242005262225,174.09360158349727,170.9433583548551,171.35812377929688,3674700,0.0,0.0
2024-10-28 00:00:00-04:00,171.88153214849248,172.0000322589831,169.9953250235494,170.27183532714844,4330000,0.0,0.0
2024-10-29 00:00:00-04:00,170.14346026921274,171.85191732991257,170.14346026921274,171.26925659179688,4122900,0.0,0.0
2024-10-30 00:00:00-04:00,171.8124171555213,173.9652648498235,170.63724069328498,172.38519287109375,5822500,0.0,0.0
2024-10-31 00:00:00-04:00,168.39551945883775,168.75103487208386,165.3143808544776,165.7489013671875,9477500,0.0,0.0
2024-11-01 00:00:00-04:00,168.0301340290368,170.12373168050078,166.99322779389036,167.90176391601562,5680600,0.0,0.0
2024-11-04 00:00:00-05:00,168.18812737644595,168.3560075602414,166.62781058338734,167.4770965576172,4804400,0.0,0.0
2024-11-05 00:00:00-05:00,168.34615494068245,169.748461681182,168.19802978342958,169.63983154296875,5456800,0.0,0.0
2024-11-06 00:00:00-05:00,176.29585096791942,179.83125010621004,175.20954967143714,178.98196411132812,11085000,0.0,0.0
2024-11-07 00:00:00-05:00,178.82396357194415,184.34431530259462,178.29068288170126,184.0480499267578,7759400,0.0,0.0
2024-11-08 00:00:00-05:00,183.9394276368812,187.79084754967016,183.9394276368812,186.89218139648438,8520400,0.0,0.0
2024-11-11 00:00:00-05:00,188.66972820709114,189.11411868373443,185.49971467883074,186.77365112304688,5973600,0.0,0.0
2024-11-12 00:00:00-05:00,186.19099688828388,188.23521424792608,184.86769539861075,187.21804809570312,6629900,0.0,0.0
2024-11-13 00:00:00-05:00,186.6452850238405,189.38077834104013,186.4378947435936,187.26744079589844,5695400,0.0,0.0
2024-11-14 00:00:00-05:00,186.30951581898728,187.22792184981896,184.38381360217727,184.71957397460938,7804300,0.0,0.0
2024-11-15 00:00:00-05:00,182.22110183387235,183.48515333240303,180.05838424958995,181.45082092285156,8986300,0.0,0.0
2024-11-18 00:00:00-05:00,182.0038389976474,183.8604061337419,180.60153235717982,183.416015625,6289400,0.0,0.0
2024-11-19 00:00:00-05:00,182.58648931586978,186.96130460650107,182.0235986754443,186.54652404785156,8117000,0.0,0.0
2024-11-20 00:00:00-05:00,188.52158399514346,188.59071910292212,185.479970763861,188.3734588623047,4860200,0.0,0.0
2024-11-21 00:00:00-05:00,189.54866145019062,193.59757135271707,189.25239607471724,190.0325469970703,11394300,0.0,0.0
2024-11-22 00:00:00-05:00,190.59543266314165,191.78047897166326,188.6796005145024,189.89427185058594,6879400,0.0,0.0
2024-11-25 00:00:00-05:00,192.07676061899755,192.32364591542301,185.6478729248047,185.6478729248047,15138500,0.0,0.0
2024-11-26 00:00:00-05:00,185.9737673026307,190.0029221660439,185.9737673026307,187.9982147216797,6427200,0.0,0.0
2024-11-27 00:00:00-05:00,186.6057844012794,186.6057844012794,179.949751551824,180.42376708984375,8368800,0.0,0.0
2024-11-29 00:00:00-05:00,181.71743319133782,183.61351030349627,181.70756320501937,182.53709411621094,4628000,0.0,0.0
2024-12-02 00:00:00-05:00,182.98149067406902,182.98149067406902,178.74494582587468,179.14984130859375,8859700,0.0,0.0
2024-12-03 00:00:00-05:00,178.9226872677868,180.75951429603026,176.87848504931975,180.61138916015625,8917100,0.0,0.0
2024-12-04 00:00:00-05:00,185.65773220618783,187.42542419644167,183.58388980832686,185.84536743164062,8906300,0.0,0.0
2024-12-05 00:00:00-05:00,186.66504105326194,186.66504105326194,183.53453727075222,183.919677734375,6398100,0.0,0.0
2024-12-06 00:00:00-05:00,184.67020248044275,190.2300642006292,184.0579317647855,189.30177307128906,10503400,0.0,0.0
2024-12-09 00:00:00-05:00,193.85433124203195,195.83928353375507,186.57614270168298,188.07720947265625,20158000,0.0,0.0
2024-12-10 00:00:00-05:00,171.29889871030463,175.5848237899327,168.92879085096877,175.52557373046875,26502000,0.0,0.0
2024-12-11 00:00:00-05:00,175.78232685679288,179.12022080672602,172.65182318112443,176.3551025390625,13188700,0.0,0.0
2024-12-12 00:00:00-05:00,175.78233005842065,175.95021025079635,172.6320712829013,173.13572692871094,8154200,0.0,0.0
2024-12-13 00:00:00-05:00,172.81972416959985,173.94552062715732,169.5015848627962,171.2297821044922,8351100,0.0,0.0
2024-12-16 00:00:00-05:00,171.67414739536133,172.09879791938178,168.80039907429605,169.09666442871094,9572000,0.0,0.0
2024-12-17 00:00:00-05:00,168.62264771583463,170.83474526872095,167.1610910646735,167.59561157226562,8940200,0.0,0.0
2024-12-18 00:00:00-05:00,167.2993466537215,169.0966636767979,163.2998020586097,163.34918212890625,8817900,0.0,0.0
2024-12-19 00:00:00-05:00,165.4625313081286,168.86954543921837,165.31439108670904,166.68707275390625,8386400,0.0,0.0
2024-12-20 00:00:00-05:00,165.64027188695928,169.12629092027024,163.56644452547965,167.54623413085938,13810500,0.0,0.0
2024-12-23 00:00:00-05:00,167.47710536170868,167.50673039166043,165.08725751061203,167.03271484375,6518200,0.0,0.0
2024-12-24 00:00:00-05:00,167.5857273526686,169.62994473212063,166.9240766014202,169.27442932128906,2451500,0.0,0.0
2024-12-26 00:00:00-05:00,168.3757700498257,170.40023246885335,168.3757700498257,169.5410614013672,4100100,0.0,0.0
2024-12-27 00:00:00-05:00,168.25727188410085,169.0176677469268,165.11688308079843,166.85496520996094,4344300,0.0,0.0
2024-12-30 00:00:00-05:00,164.43547984973398,165.81804657146887,162.49990753546118,164.83050537109375,5254800,0.0,0.0
2024-12-31 00:00:00-05:00,165.1168939800053,165.215654132475,163.77383727730884,164.56387329101562,4307500,0.0,0.0
2025-01-02 00:00:00-05:00,166.42045468023008,166.58833488349038,162.84554512977016,163.9614715576172,5360800,0.0,0.0
2025-01-03 00:00:00-05:00,164.62311918831423,165.11688980079788,163.21094246957892,164.24786376953125,5876000,0.0,0.0
2025-01-06 00:00:00-05:00,165.22551380740236,165.95629971148745,163.13193131013514,163.62570190429688,6845400,0.0,0.0
2025-01-07 00:00:00-05:00,163.51706560397466,164.08984127984257,159.31014572510182,160.01129150390625,7712200,0.0,0.0
2025-01-08 00:00:00-05:00,160.15940631847272,161.93698328949463,159.41875050293703,161.10745239257812,7596200,0.0,0.0
2025-01-10 00:00:00-05:00,157.60298323745215,157.60298323745215,152.37595073080058,152.95013427734375,13593900,0.4,0.0
2025-01-13 00:00:00-05:00,152.1977589699505,152.6036345648476,150.89099333061307,152.37594604492188,8828500,0.0,0.0
2025-01-14 00:00:00-05:00,154.85087101622338,155.67254668422243,152.80164407541847,154.74197387695312,7410200,0.0,0.0
2025-01-15 00:00:00-05:00,157.07829782845107,157.55347847203112,155.68243863810685,156.72190856933594,10701200,0.0,0.0
2025-01-16 00:00:00-05:00,158.54344129552004,159.8799047459006,156.8209058594168,157.93955993652344,9210600,0.0,0.0
2025-01-17 00:00:00-05:00,160.1471938776931,161.5232493630412,158.92952185756127,159.41461181640625,11618300,0.0,0.0
2025-01-21 00:00:00-05:00,162.2261293600383,171.63082988387887,161.11736950053177,170.8388671875,30232000,0.0,0.0
2025-01-22 00:00:00-05:00,189.58885756846385,190.06405331348287,178.75861512024534,182.3719940185547,48028500,0.0,0.0
2025-01-23 00:00:00-05:00,179.81786176766474,184.69841389423877,179.67926679420103,184.5994110107422,17314600,0.0,0.0
2025-01-24 00:00:00-05:00,186.74765913143509,187.2030512925748,180.04556808880085,181.7582244873047,12147200,0.0,0.0
2025-01-27 00:00:00-05:00,167.2056757357983,170.78937202329925,151.1285967588407,156.6922149658203,42201600,0.0,0.0
2025-01-28 00:00:00-05:00,161.3549651716035,164.16647198026513,155.17755652637018,162.35482788085938,20319300,0.0,0.0
2025-01-29 00:00:00-05:00,162.3845303249753,162.3845303249753,158.40485276266372,160.3946990966797,9866600,0.0,0.0
2025-01-30 00:00:00-05:00,163.12700777522357,169.76970303856606,162.45383644781123,168.67083740234375,14981700,0.0,0.0
2025-01-31 00:00:00-05:00,168.70052942821337,171.26454412236032,167.43337100385813,168.35403442382812,8704600,0.0,0.0
2025-02-03 00:00:00-05:00,161.56285256247747,168.1956383428669,161.56285256247747,166.90869140625,8250600,0.0,0.0
2025-02-04 00:00:00-05:00,168.69062603912278,168.69062603912278,164.6812657062713,166.205810546875,6777000,0.0,0.0
2025-02-05 00:00:00-05:00,167.2947743242102,170.16567679585708,166.82948794280458,169.93798828125,7866700,0.0,0.0
2025-02-06 00:00:00-05:00,171.26453666314598,173.88794693390645,169.84888907326524,170.62106323242188,7036900,0.0,0.0
2025-02-07 00:00:00-05:00,173.2444762109925,175.61050016758813,171.4427264076528,172.70989990234375,9991300,0.0,0.0
2025-02-10 00:00:00-05:00,174.23444653756735,178.1844260761088,173.1652788029459,177.12515258789062,7625900,0.0,0.0
2025-02-11 00:00:00-05:00,175.83820056760328,177.32315332124674,174.67993923244785,175.4125213623047,6528800,0.0,0.0
2025-02-12 00:00:00-05:00,173.1355845998316,173.1355845998316,168.9975236582679,170.49237060546875,7454800,0.0,0.0
2025-02-13 00:00:00-05:00,171.26454752108748,172.63070886115554,170.37358192887282,172.1159210205078,6421700,0.0,0.0
2025-02-14 00:00:00-05:00,172.50201163070858,173.27418585451466,171.0764545696141,172.4129180908203,7260900,0.0,0.0
2025-02-18 00:00:00-05:00,174.97691596879773,180.4118479622665,174.32353319468734,177.99632263183594,11430500,0.0,0.0
2025-02-19 00:00:00-05:00,176.78857169381126,179.85746489620678,173.93745765817974,179.69908142089844,8688500,0.0,0.0
2025-02-20 00:00:00-05:00,178.0062287601547,178.46162090437164,172.6801935401798,174.2344512939453,8737000,0.0,0.0
2025-02-21 00:00:00-05:00,174.35325354009026,175.1056392943074,165.86923105061538,166.12661743164062,9713900,0.0,0.0
2025-02-24 00:00:00-05:00,171.8288375006744,172.42280952930858,163.00821465811617,168.2550506591797,10639100,0.0,0.0
2025-02-25 00:00:00-05:00,167.5917500091956,168.88862135012943,162.7904121544384,166.84927368164062,8316100,0.0,0.0
2025-02-26 00:00:00-05:00,169.2647945361062,172.12580263718152,167.433362040779,170.73985290527344,6915100,0.0,0.0
2025-02-27 00:00:00-05:00,171.26455431155733,173.1058963667659,162.92902116873336,163.10720825195312,7436800,0.0,0.0
2025-02-28 00:00:00-05:00,161.4737610145897,164.48325857779318,159.19683046635456,164.3941650390625,12843300,0.0,0.0
2025-03-03 00:00:00-05:00,165.27523650520249,165.4435293359391,159.5136277441643,160.3946990966797,8081800,0.0,0.0
2025-03-04 00:00:00-05:00,157.6227798933238,158.1573562168474,151.9799626751528,155.8903350830078,13171900,0.0,0.0
2025-03-05 00:00:00-05:00,156.47439603015664,160.85996370494877,155.47453342803087,159.9392852783203,7141000,0.0,0.0
2025-03-06 00:00:00-05:00,155.58344733607083,155.58344733607083,148.22797379790427,149.42584228515625,12321200,0.0,0.0
2025-03-07 00:00:00-05:00,149.1090501892671,154.9102661861088,147.01032180938788,153.603515625,12646500,0.0,0.0
2025-03-10 00:00:00-04:00,149.01994427872387,150.9899868623318,145.32736632093943,147.29739379882812,21486100,0.0,0.0
2025-03-11 00:00:00-04:00,141.98127200099512,144.3175981260738,136.31865130979975,142.733642578125,27200200,0.0,0.0
2025-03-12 00:00:00-04:00,144.7630860488538,150.70289690620683,143.5553232994011,149.3763427734375,15373900,0.0,0.0
2025-03-13 00:00:00-04:00,148.28736393124035,148.66355676707033,144.02060243073686,146.17874145507812,14187700,0.0,0.0
2025-03-14 00:00:00-04:00,147.42610325859403,149.36644811314008,146.3965426926872,147.77259826660156,9330000,0.0,0.0
2025-03-17 00:00:00-04:00,148.89125525157914,154.18759272952016,148.89125525157914,152.4650421142578,9885000,0.0,0.0
2025-03-18 00:00:00-04:00,150.841481077187,150.89098251859434,147.13900890913675,147.95077514648438,9402500,0.0,0.0
2025-03-19 00:00:00-04:00,148.5546608602885,152.52444395019066,148.49526517113515,150.92068481445312,6909500,0.0,0.0
2025-03-20 00:00:00-04:00,150.05940966736568,152.94022129417053,149.30703913254175,151.18797302246094,7051600,0.0,0.0
2025-03-21 00:00:00-04:00,150.12872779292184,152.29676138094914,148.60418283966206,150.70291137695312,17620200,0.0,0.0
2025-03-24 00:00:00-04:00,154.7716610536873,155.02906251370132,152.48483639238424,153.31640625,7848300,0.0,0.0
2025-03-25 00:00:00-04:00,152.9600325607184,154.03910974178908,151.51468696207337,152.38584899902344,8521200,0.0,0.0
2025-03-26 00:00:00-04:00,151.35628850583794,151.49488349632037,145.08978587513374,146.31735229492188,13210000,0.0,0.0
2025-03-27 00:00:00-04:00,144.38691674246985,145.564966609257,143.4662381507711,144.31761169433594,9148300,0.0,0.0
2025-03-28 00:00:00-04:00,142.33767548024522,144.18891181631204,137.71452421088807,139.4568634033203,13144500,0.0,0.0
2025-03-31 00:00:00-04:00,137.24923982434873,139.17967548493937,135.3880941076145,138.40750122070312,15509900,0.0,0.0
2025-04-01 00:00:00-04:00,138.3579893975599,141.81298483258763,137.36802091705317,140.51612854003906,9518500,0.0,0.0
2025-04-02 00:00:00-04:00,138.45699385912434,146.4064396393469,138.45699385912434,144.3968048095703,11594400,0.0,0.0
2025-04-03 00:00:00-04:00,137.85310348968505,139.98152956590948,135.2692852904252,135.85336303710938,14433800,0.0,0.0
2025-04-04 00:00:00-04:00,131.576706344154,132.47758123184016,125.67648791369396,126.9832534790039,14986900,0.0,0.0
2025-04-07 00:00:00-04:00,117.66765062478423,132.7646694941555,117.66765062478423,125.88439178466797,19482700,0.0,0.0
2025-04-08 00:00:00-04:00,131.21041567631937,131.65591357684,120.47916097983055,123.2510757446289,11950300,0.0,0.0
2025-04-09 00:00:00-04:00,122.16210920491646,139.17966185880786,122.16210920491646,138.2886962890625,17762000,0.0,0.0
2025-04-10 00:00:00-04:00,135.76514591285195,135.76514591285195,128.4229988931343,132.4865264892578,12401600,0.5,0.0
2025-04-11 00:00:00-04:00,131.2545448372861,132.13878118770674,128.0057149196802,131.4929962158203,10190200,0.0,0.0
2025-04-14 00:00:00-04:00,135.91417483639714,135.91417483639714,132.00961508777254,133.76815795898438,8217700,0.0,0.0
2025-04-15 00:00:00-04:00,133.88739054591068,135.59625433756096,132.85413147095187,133.0727081298828,8630000,0.0,0.0
2025-04-16 00:00:00-04:00,131.42342485350878,131.68173577614863,127.02211084095218,128.91973876953125,8295200,0.0,0.0
2025-04-17 00:00:00-04:00,130.05238272194657,130.44980171491494,127.60832034512525,127.78714752197266,8925500,0.0,0.0
2025-04-21 00:00:00-04:00,126.06834134390924,126.37633155764206,120.45492559495922,122.02469635009766,12201200,0.0,0.0
2025-04-22 00:00:00-04:00,123.693821191669,127.16122016131088,122.5910082035608,126.41607666015625,11233700,0.0,0.0
2025-04-23 00:00:00-04:00,134.0364302005353,134.99020548901547,130.1418149259407,130.5491485595703,9528900,0.0,0.0
2025-04-24 00:00:00-04:00,131.65192996413737,136.9672922616689,131.14523791161753,136.6195526123047,7305900,0.0,0.0
2025-04-25 00:00:00-04:00,136.59970657308625,138.09992330390176,135.87442267939616,137.59323120117188,5476400,0.0,0.0
2025-04-28 00:00:00-04:00,138.74571140886644,139.75911079739473,137.18588559042936,139.2325439453125,6985100,0.0,0.0
2025-04-29 00:00:00-04:00,138.90469167300404,140.2459561379213,138.646380697828,139.8783416748047,4851500,0.0,0.0
2025-04-30 00:00:00-04:00,137.58329140638477,140.38503823933164,134.6921461519399,139.8087921142578,9443500,0.0,0.0
2025-05-01 00:00:00-04:00,145.61097613270562,147.67750930698875,144.39887479817432,144.54791259765625,11525800,0.0,0.0
2025-05-02 00:00:00-04:00,147.36951417266252,152.06888155486033,147.36951417266252,149.75396728515625,11346000,0.0,0.0
2025-05-05 00:00:00-04:00,148.4723410311124,149.843410036989,147.55830008052286,148.32330322265625,5187400,0.0,0.0
2025-05-06 00:00:00-04:00,146.02823714615377,147.97555197497726,144.77640164475557,146.7435760498047,5108600,0.0,0.0
2025-05-07 00:00:00-04:00,146.54488476585004,148.9293378438097,146.28657381639903,148.40277099609375,6049600,0.0,0.0
2025-05-08 00:00:00-04:00,148.0848459481977,150.826968410421,147.64769269480362,149.32675170898438,6113600,0.0,0.0
2025-05-09 00:00:00-04:00,149.0684404103106,150.81705359751794,148.8200592334899,149.3665008544922,4707100,0.0,0.0
2025-05-12 00:00:00-04:00,155.2978389837394,156.41058176467612,153.42007796091704,156.2019500732422,7875500,0.0,0.0
2025-05-13 00:00:00-04:00,157.1954755672293,162.16309895094915,156.5496905913391,161.21925354003906,11955200,0.0,0.0
2025-05-14 00:00:00-04:00,161.308660528859,162.3518644287946,160.0170754698903,161.89483642578125,7499400,0.0,0.0
2025-05-15 00:00:00-04:00,160.31514341775764,160.69268764840402,157.88101097697407,158.36782836914062,10169200,0.0,0.0
2025-05-16 00:00:00-04:00,158.9639426146332,159.79849967496412,157.49353039024308,159.45077514648438,8515500,0.0,0.0
2025-05-19 00:00:00-04:00,157.27494291777722,160.92117628102295,156.8079851557284,158.60626220703125,10268900,0.0,0.0
2025-05-20 00:00:00-04:00,157.60281282155358,159.3216061420912,156.50992969289825,159.2719268798828,7576400,0.0,0.0
2025-05-21 00:00:00-04:00,157.32463813669193,159.85811392651624,155.44687710989012,156.16220092773438,6011000,0.0,0.0
2025-05-22 00:00:00-04:00,155.9634863834314,158.15918240462224,155.8045339701184,156.29135131835938,7603300,0.0,0.0
2025-05-23 00:00:00-04:00,153.98638734212318,156.36091059341808,153.2611034494809,154.9600372314453,6527500,0.0,0.0
2025-05-27 00:00:00-04:00,158.2883621944649,161.3484049241438,157.89094321919347,160.86158752441406,6976800,0.0,0.0
2025-05-28 00:00:00-04:00,160.82182704063268,163.25597451262936,160.2356511472056,162.7890167236328,8090700,0.0,0.0
2025-05-29 00:00:00-04:00,163.93156156523523,164.24949671900183,160.44429562225938,161.84515380859375,6994700,0.0,0.0
2025-05-30 00:00:00-04:00,162.37173717254998,164.67672179207304,160.50392101395397,164.45814514160156,17547900,0.0,0.0
2025-06-02 00:00:00-04:00,163.10694103028663,165.91861762723963,161.54711520285053,165.4914093017578,7166000,0.0,0.0
2025-06-03 00:00:00-04:00,165.71991005027272,168.23352613217577,165.51126320917388,168.0447540283203,7155300,0.0,0.0
2025-06-04 00:00:00-04:00,168.61108047155216,169.37608356158992,166.48493825823266,167.01150512695312,6375800,0.0,0.0
2025-06-05 00:00:00-04:00,167.905657280321,171.14454201641877,167.66720591889734,170.03179931640625,7707800,0.0,0.0
2025-06-06 00:00:00-04:00,172.8732832218649,173.6581609982845,171.54196387452913,172.89315795898438,6833700,0.0,0.0
2025-06-09 00:00:00-04:00,173.72773421747743,177.56274026673827,172.66465548372597,176.00289916992188,9668900,0.0,0.0
2025-06-10 00:00:00-04:00,176.55927109494795,176.6983639386608,173.15147368400807,176.33074951171875,11056700,0.0,0.0
2025-06-11 00:00:00-04:00,176.40030655541167,178.38735587699338,175.05904219935076,175.23788452148438,18002900,0.0,0.0
2025-06-12 00:00:00-04:00,188.72995347993077,201.17881641497118,187.65694501431088,198.5658416748047,54610000,0.0,0.0
2025-06-13 00:00:00-04:00,200.27470930093918,215.1974544246698,199.8971650666555,213.82638549804688,53707400,0.0,0.0
2025-06-16 00:00:00-04:00,211.81944003306123,213.77668469256787,208.62028963325756,209.73304748535156,22665300,0.0,0.0
2025-06-17 00:00:00-04:00,209.29590701034073,214.48210691107988,206.1364907310478,206.8319549560547,17819200,0.0,0.0
2025-06-18 00:00:00-04:00,209.7231084896463,213.32960771302697,208.21296198176958,209.50453186035156,15055400,0.0,0.0
2025-06-20 00:00:00-04:00,211.96848525571826,212.41556830591662,203.31487908328734,203.84144592285156,20879100,0.0,0.0
2025-06-23 00:00:00-04:00,204.17924928938638,205.92786240939378,201.22847980935725,205.6993408203125,13418400,0.0,0.0
2025-06-24 00:00:00-04:00,208.63025887030133,214.96893619793815,207.1995808653225,213.87606811523438,19030600,0.0,0.0
2025-06-25 00:00:00-04:00,213.54818974345235,215.52529408573866,208.8686819924462,209.3555145263672,11804600,0.0,0.0
2025-06-26 00:00:00-04:00,210.6272275522586,213.0315554060628,208.9978477191027,211.44192504882812,10531100,0.0,0.0
2025-06-27 00:00:00-04:00,212.30628866331523,213.26006385470268,208.6004458976436,208.87863159179688,14127500,0.0,0.0
2025-06-30 00:00:00-04:00,225.0333284106181,226.7421919848572,216.96591327640763,217.21429443359375,31844200,0.0,0.0
2025-07-01 00:00:00-04:00,217.8799547705723,221.7248902441762,214.90931066410326,217.5421600341797,16962200,0.0,0.0
2025-07-02 00:00:00-04:00,216.2704424992127,230.39836449396097,215.31666730732155,228.4907989501953,22326900,0.0,0.0
2025-07-03 00:00:00-04:00,231.7098222518725,236.44893912147006,229.7028981953161,235.7832794189453,18441400,0.0,0.0
2025-07-07 00:00:00-04:00,233.58757850713124,233.72667135020708,228.01390467533486,230.7560272216797,16584300,0.0,0.0
2025-07-08 00:00:00-04:00,235.59451161815858,239.8766005524297,231.6800219633543,232.98153686523438,20401800,0.0,0.0
2025-07-09 00:00:00-04:00,233.9849901034384,234.978514775686,230.49772396144334,234.28305053710938,10871600,0.0,0.0
2025-07-10 00:00:00-04:00,238.89285425167688,239.0123256851582,232.48095732343955,233.9744110107422,11486300,0.5,0.0
2025-07-11 00:00:00-04:00,230.36024979733844,232.9787768084405,228.86679609984844,229.5537872314453,10208200,0.0,0.0
2025-07-14 00:00:00-04:00,228.44862943051768,229.6334384537209,224.13752462819681,228.2793731689453,11337000,0.0,0.0
2025-07-15 00:00:00-04:00,231.39572643025357,234.57180715230652,228.19972873782555,233.93460083007812,10728800,0.0,0.0
2025-07-16 00:00:00-04:00,234.47222713880257,240.27678558275454,232.17231090844726,240.24691772460938,12597500,0.0,0.0
2025-07-17 00:00:00-04:00,242.27800502270534,250.5019662193879,240.95380762337177,247.66439819335938,17631300,0.0,0.0
2025-07-18 00:00:00-04:00,247.4154916093444,248.5903345388166,243.93076637540997,244.37879943847656,9678100,0.0,0.0
2025-07-21 00:00:00-04:00,244.23942199948894,245.72292484914158,242.17846373999805,242.47714233398438,7348400,0.0,0.0
2025-07-22 00:00:00-04:00,240.92393682653505,241.23258148122426,234.38261778665594,237.07083129882812,11380900,0.0,0.0
2025-07-23 00:00:00-04:00,238.90281250153063,242.3576700199849,237.61844897544273,240.84429931640625,7255800,0.0,0.0
2025-07-24 00:00:00-04:00,241.35206795862666,243.01477785290925,239.51013572780192,241.77023315429688,8237900,0.0,0.0
2025-07-25 00:00:00-04:00,241.2823657440642,244.3987105254782,240.37633355892143,244.05023193359375,7149600,0.0,0.0
2025-07-28 00:00:00-04:00,244.92639296120845,246.69862336969845,242.35765091928351,246.62893676757812,6756800,0.0,0.0
2025-07-29 00:00:00-04:00,247.61461027076783,251.96554886909777,245.51381821120052,248.88902282714844,8415300,0.0,0.0
2025-07-30 00:00:00-04:00,247.55487958524753,249.95436545975696,244.52815350040223,249.50633239746094,8441400,0.0,0.0
2025-07-31 00:00:00-04:00,254.6537623629589,259.7314956191338,252.2144577915635,252.66249084472656,15548700,0.0,0.0
2025-08-01 00:00:00-04:00,246.74842374824934,247.32589433908365,240.94386517328388,243.35330200195312,12718200,0.0,0.0
2025-08-04 00:00:00-04:00,244.82683214104378,251.80624867945258,244.82683214104378,251.4279022216797,8614800,0.0,0.0
2025-08-05 00:00:00-04:00,254.2953393839517,257.36188423130415,250.27296230664624,254.55419921875,11197300,0.0,0.0
2025-08-06 00:00:00-04:00,255.7190816119651,255.7190816119651,250.62143144885542,255.3108673095703,9930200,0.0,0.0
2025-08-07 00:00:00-04:00,256.5852869694996,256.635086988866,245.4441354129549,248.30160522460938,11954200,0.0,0.0
2025-08-08 00:00:00-04:00,248.93882326412745,249.79507067840805,246.77829535427696,248.958740234375,8313300,0.0,0.0
2025-08-11 00:00:00-04:00,247.31592009444557,253.57847761824948,244.48831814344481,251.57723999023438,9012100,0.0,0.0
2025-08-12 00:00:00-04:00,251.4776930996417,256.74459981618804,249.98423939422216,252.75210571289062,9998400,0.0,0.0
2025-08-13 00:00:00-04:00,256.0476633711948,256.54548125431114,241.58106171101326,243.1143341064453,14182100,0.0,0.0
2025-08-14 00:00:00-04:00,243.88097935384306,247.83365458472136,241.51137654677927,243.8909454345703,10285600,0.0,0.0
2025-08-15 00:00:00-04:00,245.84237642897054,249.53619172893863,241.86978433566853,247.19644165039062,11554000,0.0,0.0
2025-08-18 00:00:00-04:00,245.12553187990804,248.07262054399655,242.55678968280162,247.98301696777344,6759900,0.0,0.0
2025-08-19 00:00:00-04:00,248.1622099158588,248.1622099158588,231.21648524973534,233.59605407714844,16819300,0.0,0.0
2025-08-20 00:00:00-04:00,231.16669812703753,234.85056250773604,227.25385697283693,234.0341339111328,11256400,0.0,0.0
2025-08-21 00:00:00-04:00,232.03292025303097,234.8903900639413,231.41561574223434,232.14244079589844,7403100,0.0,0.0
2025-08-22 00:00:00-04:00,233.03850845936464,237.45913375755225,230.4498645442018,235.3384246826172,9343600,0.0,0.0
2025-08-25 00:00:00-04:00,236.3141652943448,237.98682616086575,234.24324098898782,234.38262939453125,6308600,0.0,0.0
2025-08-26 00:00:00-04:00,233.97441180435158,235.87607981876093,231.6944125185693,233.1878662109375,11805200,0.0,0.0
2025-08-27 00:00:00-04:00,233.97440598719663,235.4977275001631,231.66452370817524,234.78086853027344,5637600,0.0,0.0
2025-08-28 00:00:00-04:00,234.5120415220816,240.89407042508483,234.09387632363374,239.2711944580078,8691500,0.0,0.0
2025-08-29 00:00:00-04:00,236.5730221272157,237.18036057054564,222.1363030832649,225.14312744140625,16618600,0.0,0.0
2025-09-02 00:00:00-04:00,221.03114086503447,224.46608123193025,217.8351433598521,224.31674194335938,10461900,0.0,0.0
2025-09-03 00:00:00-04:00,224.91411231507396,224.91411231507396,220.7822299841321,222.4748077392578,8900800,0.0,0.0
2025-09-04 00:00:00-04:00,221.03115858411576,222.59431416005097,218.60180468063785,222.02679443359375,10303100,0.0,0.0
2025-09-05 00:00:00-04:00,231.53510289665968,233.59606105436765,224.90416497809332,231.7840118408203,15386100,0.0,0.0
2025-09-08 00:00:00-04:00,238.84307438451413,241.36203177404175,234.28306054150684,237.43922424316406,18803000,0.0,0.0
2025-09-09 00:00:00-04:00,238.8928533653752,242.42736345065083,233.53632796528652,240.45599365234375,41178700,0.0,0.0
2025-09-10 00:00:00-04:00,317.79699915071353,344.21121618459557,310.72797876664555,326.8970947265625,131618100,0.0,0.0
2025-09-11 00:00:00-04:00,328.89832186203324,329.5554451268423,303.2706664564441,306.51641845703125,69986000,0.0,0.0
2025-09-12 00:00:00-04:00,304.45546455105665,306.62594319416564,290.47673011108867,290.90484619140625,51781900,0.0,0.0
2025-09-15 00:00:00-04:00,305.1125989420928,305.69005432915907,295.992571491165,300.8214111328125,40004000,0.0,0.0
2025-09-16 00:00:00-04:00,312.68937133539646,318.573582454484,300.9508169553126,305.31170654296875,51923300,0.0,0.0
2025-09-17 00:00:00-04:00,306.34716524675196,307.3129331361551,293.7424130509465,300.0945739746094,27707900,0.0,0.0
2025-09-18 00:00:00-04:00,301.71746482598866,302.4940594921082,290.7256376879647,295.3254699707031,24673100,0.0,0.0
2025-09-19 00:00:00-04:00,297.69511203636955,309.7522473072464,296.0224511405937,307.3129577636719,40776200,0.0,0.0
2025-09-22 00:00:00-04:00,308.27870185528633,328.0619793283975,305.58053748285545,326.7178649902344,44437500,0.0,0.0
2025-09-23 00:00:00-04:00,322.58598672971993,323.5816224912314,308.6968557028779,312.4603576660156,35280200,0.0,0.0
2025-09-24 00:00:00-04:00,310.4989555782907,311.10630919578296,298.72059782888965,307.1138000488281,33765300,0.0,0.0
2025-09-25 00:00:00-04:00,293.98133977117715,297.4461629169246,287.29066670709284,290.05853271484375,39274900,0.0,0.0
2025-09-26 00:00:00-04:00,291.7212739264398,292.716909673629,281.76491645454763,282.222900390625,25990700,0.0,0.0
2025-09-29 00:00:00-04:00,283.35796728342194,284.73194960966515,278.38972376040095,281.5260009765625,25778500,0.0,0.0
2025-09-30 00:00:00-04:00,282.45192363302516,282.760568301476,274.695912213182,280.0126037597656,23880800,0.0,0.0
2025-10-01 00:00:00-04:00,277.58322521620534,288.7243912989288,276.66725737357183,287.7486877441406,23378300,0.0,0.0
2025-10-02 00:00:00-04:00,290.526492793065,293.6826714147037,284.80158736659405,287.5196838378906,16215500,0.0,0.0
2025-10-03 00:00:00-04:00,288.3361266267452,293.3541394422872,282.76056020774223,284.8912353515625,13688400,0.0,0.0
2025-10-06 00:00:00-04:00,291.10400464967273,295.38522650333414,289.5308830456397,290.31744384765625,14076800,0.0,0.0
2025-10-07 00:00:00-04:00,291.9403321932524,291.9403321932524,269.8173033729097,282.99951171875,31723400,0.0,0.0
2025-10-08 00:00:00-04:00,284.17437896766137,290.2576990261596,282.36231454770297,287.370361328125,18982100,0.0,0.0
2025-10-09 00:00:00-04:00,290.78132268148715,300.17650045161645,286.50265508657935,296.17706298828125,26479800,0.5,0.0
2025-10-10 00:00:00-04:00,299.488330685771,306.90871805933205,291.2401449439206,292.1876220703125,28895300,0.0,0.0
2025-10-13 00:00:00-04:00,297.9125149887155,309.88087800768574,296.9550240324707,307.1979675292969,21703700,0.0,0.0
2025-10-14 00:00:00-04:00,302.7696591524164,303.6174242544676,291.2102192995422,298.2117004394531,17346200,0.0,0.0
2025-10-15 00:00:00-04:00,304.09614318154917,310.1900503569443,298.131928575939,302.81951904296875,13698900,0.0,0.0
2025-10-16 00:00:00-04:00,304.79432018486835,321.6896618895066,302.2709915114287,312.1748046875,32500900,0.0,0.0
2025-10-17 00:00:00-04:00,302.9491979903718,303.4777994887219,286.7420392501461,290.5419921875,37653000,0.0,0.0
2025-10-20 00:00:00-04:00,288.1882070971579,288.4774206090711,274.58415379988475,276.44921875,32810700,0.0,0.0
2025-10-21 00:00:00-04:00,277.37677882615696,279.5610075659154,271.542226060323,274.4245910644531,18370800,0.0,0.0
2025-10-22 00:00:00-04:00,274.09547113213307,276.4692013637958,268.54014858991354,271.941162109375,16474000,0.0,0.0
2025-10-23 00:00:00-04:00,272.24036340261154,282.3536450527274,271.6718892751625,279.3316345214844,16872200,0.0,0.0
2025-10-24 00:00:00-04:00,285.1662062518464,286.4328470324921,281.50586854573874,282.5830078125,13194900,0.0,0.0
2025-10-27 00:00:00-04:00,285.81449478798436,286.2433538320221,279.07230709721875,280.6581115722656,13855800,0.0,0.0
2025-10-28 00:00:00-04:00,282.25389196126986,284.7073978354298,279.80038608710987,280.089599609375,12448500,0.0,0.0
2025-10-29 00:00:00-04:00,280.7179516905749,280.8775335198009,270.63462025565127,274.5741882324219,18007100,0.0,0.0
2025-10-30 00:00:00-04:00,268.0314718041691,269.0488021091657,255.60433044177137,256.2127380371094,27954200,0.0,0.0
2025-10-31 00:00:00-04:00,258.82583033285937,265.1092086621758,256.03319406873595,261.9176330566406,16898700,0.0,0.0
2025-11-03 00:00:00-05:00,264.54069731398414,264.91970033156497,254.5570936929479,257.1701965332031,15709200,0.0,0.0
2025-11-04 00:00:00-05:00,249.32094218830477,254.60697217890203,244.543577360777,247.51571655273438,19772600,0.0,0.0
2025-11-05 00:00:00-05:00,247.25640373460354,251.7345563777223,246.3787189321392,249.6500701904297,11991500,0.0,0.0
2025-11-06 00:00:00-05:00,247.28632639933568,248.41335210528266,238.65912237309675,243.15724182128906,18678300,0.0,0.0
2025-11-07 00:00:00-05:00,238.36988712411616,239.76618999892548,231.7374256409319,238.6291961669922,20969300,0.0,0.0
2025-11-10 00:00:00-05:00,245.30156492467935,246.58817244149967,236.44498684654965,240.195068359375,16698700,0.0,0.0
2025-11-11 00:00:00-05:00,235.60719569827663,236.8239804908813,228.2865506282889,235.52740478515625,20686600,0.0,0.0
2025-11-12 00:00:00-05:00,236.1158503167185,236.18565785097925,225.57371037711326,226.3915557861328,24195000,0.0,0.0
2025-11-13 00:00:00-05:00,224.39683477858546,224.56638475902068,214.65258845214098,216.99639892578125,30009000,0.0,0.0
2025-11-14 00:00:00-05:00,210.2741670996208,226.45140571564687,210.21432771930614,222.26248168945312,36053800,0.0,0.0
2025-11-17 00:00:00-05:00,217.63470596872622,222.21260099030624,214.99168344190588,219.2803497314453,16143800,0.0,0.0
2025-11-18 00:00:00-05:00,215.6399766920826,223.11021983259565,213.93447835032626,219.90869140625,21098300,0.0,0.0
2025-11-19 00:00:00-05:00,218.4824658922007,227.54849728536826,216.73707960728996,224.93540954589844,21679500,0.0,0.0
2025-11-20 00:00:00-05:00,230.55057060239145,233.38307953921628,209.74556555267446,210.13453674316406,27459600,0.0,0.0
2025-11-21 00:00:00-05:00,206.53404935832378,207.76080228499862,193.03972150921953,198.23597717285156,44834100,0.0,0.0
2025-11-24 00:00:00-05:00,196.34098690645942,203.28264383442558,193.78773868145666,199.75196838378906,31144700,0.0,0.0
2025-11-25 00:00:00-05:00,193.5683243228232,198.884273999972,185.14060516385476,196.5105438232422,29595000,0.0,0.0
2025-11-26 00:00:00-05:00,208.94767119960986,209.44635299244902,201.706817046267,204.41964721679688,26544100,0.0,0.0
2025-11-28 00:00:00-05:00,198.98400245029742,201.80654320910455,197.08901773492948,201.41757202148438,13848500,0.0,0.0
2025-12-01 00:00:00-05:00,199.97139015054063,202.96348077623452,196.1814056476164,200.4102325439453,13461200,0.0,0.0
2025-12-02 00:00:00-05:00,204.59916642984615,209.14714196941074,199.47271818132845,200.56982421875,19664500,0.0,0.0
2025-12-03 00:00:00-05:00,199.8018430419707,207.37182878115752,198.87428702104322,207.1823272705078,19060500,0.0,0.0
2025-12-04 00:00:00-05:00,207.31199476152153,214.8420928492704,205.77606154142106,213.7649383544922,23316900,0.0,0.0
2025-12-05 00:00:00-05:00,218.42261732902747,218.9212991037513,213.05679656306012,217.00636291503906,24208700,0.0,0.0
2025-12-08 00:00:00-05:00,220.76643441189992,224.15746449480878,216.33813768390712,219.95855712890625,24711200,0.0,0.0
2025-12-09 00:00:00-05:00,219.4499079943384,222.03307602237572,217.70452172373578,220.94595336914062,17643600,0.0,0.0
2025-12-10 00:00:00-05:00,221.21524145707983,224.72596546225802,217.00636600107197,222.4220428466797,47928000,0.0,0.0
2025-12-11 00:00:00-05:00,190.11743179476977,201.45746551385383,185.7390064935443,198.32574462890625,100612700,0.0,0.0
2025-12-12 00:00:00-05:00,195.8522828616473,197.3283919289195,185.48967579339634,189.4691619873047,55201600,0.0,0.0
2025-12-15 00:00:00-05:00,187.79357487056933,188.47178999366008,180.92174066601942,184.43246459960938,43897500,0.0,0.0
2025-12-16 00:00:00-05:00,184.21305056159247,189.29961091749016,184.00361273175508,188.1526336669922,32433500,0.0,0.0
2025-12-17 00:00:00-05:00,182.82670593415017,186.0082980243349,176.60316725755735,177.989501953125,50222000,0.0,0.0
2025-12-18 00:00:00-05:00,182.23826927414245,184.2728842222163,178.10918478133843,179.55535888671875,36297300,0.0,0.0
2025-12-19 00:00:00-05:00,187.8933191010791,194.60557155014874,187.62402668062938,191.46388244628906,77008600,0.0,0.0
2025-12-22 00:00:00-05:00,196.30110985738344,198.27588551211926,192.32162363901878,197.85699462890625,27148000,0.0,0.0
2025-12-23 00:00:00-05:00,195.91211959175757,196.6800938051534,191.68330777667077,194.8249969482422,18301600,0.0,0.0
2025-12-24 00:00:00-05:00,194.48588915531954,197.75724032978064,193.90741647929707,196.96932983398438,9282700,0.0,0.0
2025-12-26 00:00:00-05:00,197.537825113976,199.84173251258235,195.59296920726672,197.468017578125,11262000,0.0,0.0
2025-12-29 00:00:00-05:00,193.64811391184605,197.9866362991913,192.13211702809934,194.86489868164062,14748100,0.0,0.0
2025-12-30 00:00:00-05:00,195.54310148472302,197.85699230025986,195.1940333621008,196.69007873535156,14197400,0.0,0.0
2025-12-31 00:00:00-05:00,195.9021469065285,196.6800892590037,194.2166000699788,194.39613342285156,10341500,0.0,0.0
2026-01-02 00:00:00-05:00,196.94938516426626,198.06642749147284,193.69798540839838,195.19403076171875,14540700,0.0,0.0
2026-01-05 00:00:00-05:00,197.81708535812726,201.1582593803373,191.82293582544665,192.08224487304688,22635500,0.0,0.0
2026-01-06 00:00:00-05:00,192.05233166281252,194.36622251106846,190.1972347650076,193.23919677734375,16474500,0.0,0.0
2026-01-07 00:00:00-05:00,194.78510984336856,195.15412949732,191.49380699198178,192.3315887451172,11171200,0.0,0.0
2026-01-08 00:00:00-05:00,190.37676203803022,190.44656957388523,185.65922142116838,189.14999389648438,19468500,0.0,0.0
2026-01-09 00:00:00-05:00,191.66000366210938,200.17999267578125,188.77999877929688,198.52000427246094,26152700,0.5,0.0
2026-01-12 00:00:00-05:00,197.60000610351562,206.60000610351562,197.00999450683594,204.67999267578125,25428500,0.0,0.0
2026-01-13 00:00:00-05:00,205.0,207.8000030517578,200.66000366210938,202.2899932861328,15857400,0.0,0.0
2026-01-14 00:00:00-05:00,201.67999267578125,201.67999267578125,190.80999755859375,193.61000061035156,22473200,0.0,0.0
2026-01-15 00:00:00-05:00,195.00999450683594,195.00999450683594,189.38999938964844,189.85000610351562,16418600,0.0,0.0
2026-01-16 00:00:00-05:00,189.91000366210938,191.8699951171875,186.52999877929688,191.08999633789062,19224700,0.0,0.0
2026-01-20 00:00:00-05:00,187.19000244140625,187.19000244140625,179.36000061035156,179.9199981689453,29129500,0.0,0.0
2026-01-21 00:00:00-05:00,179.67999267578125,180.60000610351562,170.60000610351562,173.8800048828125,38190000,0.0,0.0
2026-01-22 00:00:00-05:00,179.3699951171875,180.16000366210938,176.5,178.17999267578125,21141900,0.0,0.0
2026-01-23 00:00:00-05:00,172.6199951171875,179.64999389648438,172.0,177.16000366210938,23011300,0.0,0.0
2026-01-26 00:00:00-05:00,179.10000610351562,185.30999755859375,178.52999877929688,182.44000244140625,21100400,0.0,0.0
2026-01-27 00:00:00-05:00,179.19000244140625,179.72000122070312,173.67999267578125,174.89999389648438,27093700,0.0,0.0
2026-01-28 00:00:00-05:00,174.9199981689453,181.67999267578125,171.86000061035156,172.8000030517578,35882700,0.0,0.0
2026-01-29 00:00:00-05:00,170.14999389648438,170.22999572753906,161.52000427246094,169.00999450683594,37254500,0.0,0.0
2026-01-30 00:00:00-05:00,168.1699981689453,168.89999389648438,163.24000549316406,164.5800018310547,27362400,0.0,0.0
2026-02-02 00:00:00-05:00,170.9199981689453,171.1999969482422,160.0,160.05999755859375,47421000,0.0,0.0
2026-02-03 00:00:00-05:00,158.25999450683594,159.3800048828125,151.89999389648438,154.6699981689453,43260100,0.0,0.0
2026-02-04 00:00:00-05:00,153.88999938964844,153.94000244140625,144.42999267578125,146.6699981689453,42323400,0.0,0.0
2026-02-05 00:00:00-05:00,145.60000610351562,146.5500030517578,135.25,136.47999572753906,42789000,0.0,0.0
2026-02-06 00:00:00-05:00,139.75,143.1999969482422,138.91000366210938,142.82000732421875,29962400,0.0,0.0
2026-02-09 00:00:00-05:00,148.49000549316406,159.75,147.0,156.58999633789062,49936500,0.0,0.0
2026-02-10 00:00:00-05:00,160.0,165.38999938964844,156.9600067138672,159.88999938964844,40092200,0.0,0.0
2026-02-11 00:00:00-05:00,163.66000366210938,163.66000366210938,154.0,157.16000366210938,24538900,0.0,0.0
2026-02-12 00:00:00-05:00,157.92999267578125,159.0399932861328,152.5,156.47999572753906,23285400,0.0,0.0
2026-02-13 00:00:00-05:00,159.25,162.3000030517578,155.2899932861328,160.13999938964844,18597000,0.0,0.0
2026-02-17 00:00:00-05:00,157.97999572753906,159.27999877929688,152.8800048828125,153.97000122070312,19610800,0.0,0.0
2026-02-18 00:00:00-05:00,154.41000366210938,157.3000030517578,151.3699951171875,156.1699981689453,14801100,0.0,0.0
2026-02-19 00:00:00-05:00,157.19000244140625,160.0800018310547,155.77000427246094,156.5399932861328,14976300,0.0,0.0
2026-02-20 00:00:00-05:00,153.3000030517578,153.99000549316406,147.38999938964844,148.0800018310547,29621900,0.0,0.0
2026-02-23 00:00:00-05:00,145.69000244140625,145.8000030517578,138.58999633789062,141.30999755859375,31749800,0.0,0.0
2026-02-24 00:00:00-05:00,140.83999633789062,146.75999450683594,138.72999572753906,146.13999938964844,21336600,0.0,0.0
2026-02-25 00:00:00-05:00,149.16000366210938,153.27999877929688,147.33999633789062,147.88999938964844,27303900,0.0,0.0
2026-02-26 00:00:00-05:00,148.7899932861328,152.3800048828125,145.14999389648438,150.30999755859375,20422615,0.0,0.0
