Date,Open,High,Low,Close,Volume,Dividends,Stock Splits
2022-01-03 00:00:00-05:00,17.617292417500593,17.756241979425553,17.478342855575633,17.71236228942871,172400,0.0,0.0
2022-01-04 00:00:00-05:00,17.71236228942871,17.80012027455654,17.60266585416831,17.71236228942871,227500,0.0,0.0
2022-01-05 00:00:00-05:00,17.690417421462794,17.734295700675364,17.30282200296661,17.332075119018555,286000,0.0,0.0
2022-01-06 00:00:00-05:00,17.37595612008897,17.50027909305362,17.310137993527356,17.463712692260742,152900,0.0,0.0
2022-01-07 00:00:00-05:00,17.551472216354238,17.551472216354238,17.361331099959852,17.544158935546875,175700,0.0,0.0
2022-01-10 00:00:00-05:00,17.536841730975752,17.588033290307802,17.3832670529796,17.573408126831055,104000,0.0,0.0
2022-01-11 00:00:00-05:00,17.51458662086559,17.82340810748462,17.507969849034996,17.7792911529541,200100,0.13,0.0
2022-01-12 00:00:00-05:00,17.77928972834394,17.84546585606354,17.735172777348403,17.808700561523438,93200,0.0,0.0
2022-01-13 00:00:00-05:00,17.779291845366327,17.83076186139854,17.757232666015625,17.757232666015625,90200,0.0,0.0
2022-01-14 00:00:00-05:00,17.72047141923286,17.801352284040433,17.66164833462146,17.79400062561035,163400,0.0,0.0
2022-01-18 00:00:00-05:00,17.77929901628379,17.85282824132322,17.669005879951307,17.727828979492188,167500,0.0,0.0
2022-01-19 00:00:00-05:00,17.808704827286384,17.8160578879557,17.654294760589483,17.749881744384766,144100,0.0,0.0
2022-01-20 00:00:00-05:00,17.713119506835938,17.816059560967087,17.691060322756524,17.713119506835938,137000,0.0,0.0
2022-01-21 00:00:00-05:00,17.70576777432543,17.713120836237096,17.38959312438965,17.38959312438965,625500,0.0,0.0
2022-01-24 00:00:00-05:00,17.31605955877957,17.382235696911188,16.896944952247875,17.25723648071289,231900,0.0,0.0
2022-01-25 00:00:00-05:00,17.242531605915783,17.242531605915783,16.867533960738008,16.9337100982666,221100,0.0,0.0
2022-01-26 00:00:00-05:00,17.0292978569215,17.24253239931494,17.02194479658522,17.0587100982666,139500,0.0,0.0
2022-01-27 00:00:00-05:00,17.10282279839526,17.23517504658036,17.09546973989025,17.117528915405273,95600,0.0,0.0
2022-01-28 00:00:00-05:00,17.24988622966245,17.24988622966245,16.92635994883829,17.095476150512695,118300,0.0,0.0
2022-01-31 00:00:00-05:00,17.058707521157192,17.21311755753324,17.01311939543113,17.1248836517334,131300,0.0,0.0
2022-02-01 00:00:00-05:00,17.169001646788207,17.34179364048994,17.095472452523367,17.28664779663086,122700,0.0,0.0
2022-02-02 00:00:00-05:00,17.30870790116744,17.477824075302546,17.169002564839275,17.25723648071289,111000,0.0,0.0
2022-02-03 00:00:00-05:00,17.13959311563362,17.27929847471176,17.058712246654096,17.095476150512695,97400,0.0,0.0
2022-02-04 00:00:00-05:00,17.095467522750273,17.13517375303724,16.727823059895428,16.779293060302734,150200,0.0,0.0
2022-02-07 00:00:00-05:00,16.779297084896186,16.88959016971649,16.689592005176934,16.727827072143555,101200,0.0,0.0
2022-02-08 00:00:00-05:00,16.72783203472287,16.72783203472287,16.55871582766386,16.602832794189453,128300,0.0,0.0
2022-02-09 00:00:00-05:00,16.654295575964696,16.794000878705535,16.485179442487738,16.49988555908203,184900,0.0,0.0
2022-02-10 00:00:00-05:00,16.47047566951578,16.50724096623293,16.330770346895942,16.441064834594727,222800,0.0,0.0
2022-02-11 00:00:00-05:00,16.448417555573837,16.505769453839054,16.191066093658492,16.301359176635742,241600,0.0,0.0
2022-02-14 00:00:00-05:00,16.249891878195495,16.301361898682643,15.963128131626865,16.036657333374023,184100,0.0,0.0
2022-02-15 00:00:00-05:00,16.110617743220566,16.19346353127577,15.955280479755535,16.00705909729004,260600,0.13,0.0
2022-02-16 00:00:00-05:00,16.118026188352314,16.140216233786457,15.933101618467752,16.095834732055664,292300,0.0,0.0
2022-02-17 00:00:00-05:00,16.029258883106667,16.16240477514832,15.918304443359375,15.918304443359375,167800,0.0,0.0
2022-02-18 00:00:00-05:00,15.992272119573125,16.066240794300676,15.859126247684278,15.910904884338379,172000,0.0,0.0
2022-02-22 00:00:00-05:00,15.836937970026257,15.907208789433668,15.644616273326575,15.696394920349121,245600,0.0,0.0
2022-02-23 00:00:00-05:00,15.740772540800473,15.90350557834302,15.60762668696482,15.688992500305176,207900,0.0,0.0
2022-02-24 00:00:00-05:00,15.607632007774251,15.940495344978222,15.474486108547733,15.888716697692871,301800,0.0,0.0
2022-02-25 00:00:00-05:00,15.940488912266764,16.140207680510944,15.828055928188528,16.110620498657227,124900,0.0,0.0
2022-02-28 00:00:00-05:00,16.12541617448942,16.159443344172615,15.829537250444677,15.933095932006836,187200,0.0,0.0
2022-03-01 00:00:00-05:00,15.910906986842402,16.19199165619156,15.881318384351848,16.140213012695312,165300,0.0,0.0
2022-03-02 00:00:00-05:00,16.243772804934128,16.635813383224317,16.083258985340013,16.5174617767334,230500,0.0,0.0
2022-03-03 00:00:00-05:00,16.495266909415193,16.59142845158718,16.384312477638566,16.487871170043945,176900,0.0,0.0
2022-03-04 00:00:00-05:00,16.369513848798135,16.47307251382087,16.28222947433053,16.325132369995117,106300,0.0,0.0
2022-03-07 00:00:00-05:00,16.27336024214389,16.310344587440195,15.940495491027832,15.940495491027832,120400,0.0,0.0
2022-03-08 00:00:00-05:00,16.0218627437145,16.0218627437145,15.748175202452261,15.940495491027832,199800,0.0,0.0
2022-03-09 00:00:00-05:00,16.073643044456894,16.12542169754147,15.947894282310436,16.014467239379883,143300,0.0,0.0
2022-03-10 00:00:00-05:00,15.851731203523897,16.03073858047194,15.697873856537518,15.822142601013184,157500,0.0,0.0
2022-03-11 00:00:00-05:00,15.836938787313185,15.97008469273509,15.637219929180327,15.644617080688477,113100,0.0,0.0
2022-03-14 00:00:00-04:00,15.511467465584131,15.748172024648083,15.282161467121295,15.356131553649902,133900,0.0,0.0
2022-03-15 00:00:00-04:00,15.475235039959108,15.899519737489916,15.445459977797524,15.735759735107422,221200,0.13,0.0
2022-03-16 00:00:00-04:00,15.802743319499674,15.996276855468748,15.765525932477752,15.99627685546875,335400,0.0,0.0
2022-03-17 00:00:00-04:00,15.832520337716838,16.30890976576862,15.832520337716838,16.22702980041504,145600,0.0,0.0
2022-03-18 00:00:00-04:00,16.219589903449116,16.36846091228559,16.174927323020746,16.33124351501465,139000,0.0,0.0
2022-03-21 00:00:00-04:00,16.301468544688415,16.301468544688415,15.83252280581602,15.854852676391602,142900,0.0,0.0
2022-03-22 00:00:00-04:00,15.899518391476287,15.99628449580324,15.758089697687982,15.817638397216797,187000,0.0,0.0
2022-03-23 00:00:00-04:00,15.735758346394194,16.00372820318712,15.707472607738207,15.839969635009766,164800,0.0,0.0
2022-03-24 00:00:00-04:00,15.81763933865974,15.93599279419647,15.74320310488014,15.765534400939941,162800,0.0,0.0
2022-03-25 00:00:00-04:00,15.780421919362956,15.959068028443097,15.713429450988768,15.71342945098877,84500,0.0,0.0
2022-03-28 00:00:00-04:00,15.705985731815769,15.802751842111263,15.59433209078156,15.638993263244629,223900,0.0,0.0
2022-03-29 00:00:00-04:00,15.691101627230026,15.899522843821588,15.691101627230026,15.82508659362793,216600,0.0,0.0
2022-03-30 00:00:00-04:00,15.817635480435762,15.966507911682129,15.817635480435762,15.966507911682129,182200,0.0,0.0
2022-03-31 00:00:00-04:00,15.959061474968273,16.383345987273334,15.959061474968273,16.35357093811035,266000,0.0,0.0
2022-04-01 00:00:00-04:00,16.353577799473143,16.576886502630195,16.234480392357284,16.517337799072266,150700,0.0,0.0
2022-04-04 00:00:00-04:00,16.53222521066043,16.584331572656534,16.405685447929482,16.562000274658203,156200,0.0,0.0
2022-04-05 00:00:00-04:00,16.53222589152944,16.78530826692076,16.435459769057815,16.599218368530273,290400,0.0,0.0
2022-04-06 00:00:00-04:00,16.5098876953125,16.621541294149313,16.407909710021364,16.5098876953125,243800,0.0,0.0
2022-04-07 00:00:00-04:00,16.54711144097469,16.68854014433218,16.48011897200288,16.517337799072266,213600,0.0,0.0
2022-04-08 00:00:00-04:00,16.45778597487449,16.49500337513382,16.36101846259573,16.375905990600586,87200,0.0,0.0
2022-04-11 00:00:00-04:00,16.375908548615815,16.375908548615815,15.914405046645308,16.026060104370117,199000,0.0,0.0
2022-04-12 00:00:00-04:00,16.056014976142823,16.31063472455049,16.056014976142823,16.07099151611328,250200,0.13,0.0
2022-04-13 00:00:00-04:00,16.070986239450505,16.30239048945381,15.981121315622795,16.08596420288086,80600,0.0,0.0
2022-04-14 00:00:00-04:00,15.996107078318293,16.099451648270428,15.84633022774206,15.913729667663574,77500,0.0,0.0
2022-04-18 00:00:00-04:00,15.853817995818005,16.115926750012175,15.561754730835304,15.64413070678711,139900,0.0,0.0
2022-04-19 00:00:00-04:00,15.576727753625136,15.913724851237628,15.576727753625136,15.831347465515137,148600,0.0,0.0
2022-04-20 00:00:00-04:00,15.838833808898928,16.09195653900972,15.726501937875264,15.838833808898926,127000,0.0,0.0
2022-04-21 00:00:00-04:00,15.958659764864073,15.958659764864073,15.546775629943662,15.71901798248291,219400,0.0,0.0
2022-04-22 00:00:00-04:00,15.689058922251853,16.018565563242475,15.614170529889519,15.951166152954102,188000,0.0,0.0
2022-04-25 00:00:00-04:00,15.883766271632945,15.928700162744198,15.733990919727141,15.838833808898926,104200,0.0,0.0
2022-04-26 00:00:00-04:00,15.748969445020427,15.928700730742737,15.471882820129395,15.471882820129395,168200,0.0,0.0
2022-04-27 00:00:00-04:00,15.471883755237439,15.716019159236009,15.292152458652316,15.374529838562012,135000,0.0,0.0
2022-04-28 00:00:00-04:00,15.37452846713165,15.524303820070386,15.232240667719191,15.456904411315918,108100,0.0,0.0
2022-04-29 00:00:00-04:00,15.419466867659903,15.516820813138736,15.299645967819279,15.367045402526855,81600,0.0,0.0
2022-05-02 00:00:00-04:00,15.277175224985545,15.352812095689151,15.052511450591506,15.157354354858398,197100,0.0,0.0
2022-05-03 00:00:00-04:00,15.157358698563232,15.25471407617696,15.037537794098531,15.045026779174805,151700,0.0,0.0
2022-05-04 00:00:00-04:00,15.07497453537049,15.299639701843263,15.021804622047823,15.299639701843262,85700,0.0,0.0
2022-05-05 00:00:00-04:00,15.269690617951658,15.269690617951658,15.00758328217128,15.045026779174805,141200,0.0,0.0
2022-05-06 00:00:00-04:00,15.000092098854381,15.082468065865633,14.655605977718892,14.775426864624023,172000,0.0,0.0
2022-05-09 00:00:00-04:00,14.78291512841101,14.78291512841101,14.378520011901855,14.378520011901855,187200,0.0,0.0
2022-05-10 00:00:00-04:00,14.52177724339932,14.627334871983237,14.137244033124553,14.355900764465332,280400,0.13,0.0
2022-05-11 00:00:00-04:00,14.325739307910597,14.612253461298343,14.242800356983885,14.529315948486328,218500,0.0,0.0
2022-05-12 00:00:00-04:00,14.582095226700396,14.582095226700396,14.265420921663216,14.416218757629395,224800,0.0,0.0
2022-05-13 00:00:00-04:00,14.55947885211908,14.604719077374881,14.363442190355947,14.544400215148926,169800,0.0,0.0
2022-05-16 00:00:00-04:00,14.521776379936874,14.695192884617658,14.355899910865872,14.416218757629395,174200,0.0,0.0
2022-05-17 00:00:00-04:00,14.491620445301722,14.544400709895546,14.386062792344399,14.469001770019531,146900,0.0,0.0
2022-05-18 00:00:00-04:00,14.355896405752688,14.57455163259091,14.02414211049655,14.12969970703125,218500,0.0,0.0
2022-05-19 00:00:00-04:00,14.129705129012157,14.442610178974256,14.099546420478491,14.3257417678833,203400,0.0,0.0
2022-05-20 00:00:00-04:00,14.438836613126465,14.4539166834967,13.918585690270701,14.009064674377441,526600,0.0,0.0
2022-05-23 00:00:00-04:00,14.061846430335315,14.318201927910295,13.956288791845017,14.257883071899414,348600,0.0,0.0
2022-05-24 00:00:00-04:00,14.257883071899414,14.438839639932052,13.986447500792975,14.257883071899414,579100,0.0,0.0
2022-05-25 00:00:00-04:00,14.174946489419346,14.680117532759159,14.174946489419346,14.582099914550781,532300,0.0,0.0
2022-05-26 00:00:00-04:00,14.627332374428565,15.057104289555456,14.627332374428565,14.989245414733887,433800,0.0,0.0
2022-05-27 00:00:00-04:00,14.996786796133577,15.275008783130655,14.996786796133577,15.15512466430664,174300,0.0,0.0
2022-05-31 00:00:00-04:00,15.147584431738897,15.230523382469988,14.763051257596604,15.072185516357422,162600,0.0,0.0
2022-06-01 00:00:00-04:00,15.079729429381901,15.419023916789019,15.026950606477474,15.283306121826172,200900,0.0,0.0
2022-06-02 00:00:00-04:00,15.283304310142116,15.426560687296776,15.16266660405667,15.381321907043457,84000,0.0,0.0
2022-06-03 00:00:00-04:00,15.230522996812715,15.339849911327118,14.936467378082318,15.05710506439209,145100,0.0,0.0
2022-06-06 00:00:00-04:00,15.132507127763924,15.207906056930824,14.87615163146544,15.200366020202637,149800,0.0,0.0
2022-06-07 00:00:00-04:00,15.01186254280003,15.268217921720028,14.96662378125953,15.20789909362793,85400,0.0,0.0
2022-06-08 00:00:00-04:00,15.200360742725834,15.284806823778393,14.959085403653116,15.087263107299805,151200,0.0,0.0
2022-06-09 00:00:00-04:00,15.102346326227325,15.155125137896084,14.966628560156368,15.079726219177246,135000,0.0,0.0
2022-06-10 00:00:00-04:00,14.966627502635827,15.004326240274128,14.793211008516193,14.981707572937012,115100,0.0,0.0
2022-06-13 00:00:00-04:00,14.702730205673609,14.876146678336642,14.401136027539097,14.423754692077637,297800,0.0,0.0
2022-06-14 00:00:00-04:00,14.423756057976536,14.909608430268271,14.34024963850604,14.347841262817383,205300,0.13,0.0
2022-06-15 00:00:00-04:00,14.378208123202967,14.613542690981168,14.271926828114166,14.446531295776367,187500,0.0,0.0
2022-06-16 00:00:00-04:00,14.325067523474495,14.370615820388718,13.710158999338347,13.899945259094238,202600,0.0,0.0
2022-06-17 00:00:00-04:00,14.036591764953533,14.059366637658998,13.808848829715965,13.983451843261719,99700,0.0,0.0
2022-06-21 00:00:00-04:00,14.044188426870297,14.158059935335045,13.67979902060119,13.748122215270996,210500,0.0,0.0
2022-06-22 00:00:00-04:00,13.67979686191084,13.884766413575786,13.67979686191084,13.763301849365234,201900,0.0,0.0
2022-06-23 00:00:00-04:00,13.846802336546254,13.912089131675838,13.725339272467652,13.85439395904541,114400,0.0,0.0
2022-06-24 00:00:00-04:00,13.89235453331479,14.07455062866211,13.839214608819466,14.07455062866211,167700,0.0,0.0
2022-06-27 00:00:00-04:00,14.082145948235878,14.180835656587337,13.930317743936913,14.029006004333496,72200,0.0,0.0
2022-06-28 00:00:00-04:00,14.029001313520247,14.400982244414225,14.029001313520247,14.249154090881348,227000,0.0,0.0
2022-06-29 00:00:00-04:00,14.211198324523108,14.39339300776582,14.188424894089415,14.355436325073242,147200,0.0,0.0
2022-06-30 00:00:00-04:00,14.438938084382743,14.545217919836691,14.303050482234482,14.469303131103516,197400,0.0,0.0
2022-07-01 00:00:00-04:00,14.507264180761803,14.530037608415405,14.347842947414318,14.43894100189209,111100,0.0,0.0
2022-07-05 00:00:00-04:00,14.423755502886953,14.470822703033361,14.135281029929075,14.378207206726074,174200,0.0,0.0
2022-07-06 00:00:00-04:00,14.46930681242166,14.575588122870133,14.325070269881172,14.423758506774902,129700,0.0,0.0
2022-07-07 00:00:00-04:00,14.51485894614762,14.567998886108398,14.42376087196145,14.567998886108398,91600,0.0,0.0
2022-07-08 00:00:00-04:00,14.567998311421087,14.598363369648773,14.431351929509727,14.560406684875488,133400,0.0,0.0
2022-07-11 00:00:00-04:00,14.590768718353413,14.651500270173496,14.30988583416843,14.476897239685059,135400,0.0,0.0
2022-07-12 00:00:00-04:00,14.484543564781362,14.64505758932732,14.293454607240147,14.308740615844727,183100,0.13,0.0
2022-07-13 00:00:00-04:00,14.270519508694123,14.33166790008545,14.232302310784288,14.33166790008545,98300,0.0,0.0
2022-07-14 00:00:00-04:00,14.331667868587749,14.553331698077042,14.140578963673246,14.339311599731445,162200,0.0,0.0
2022-07-15 00:00:00-04:00,14.629766093728726,14.629766093728726,14.331667868587749,14.339311599731445,277300,0.0,0.0
2022-07-18 00:00:00-04:00,14.377528444351713,14.474602223809999,14.369884713395795,14.438676834106445,89600,0.0,0.0
2022-07-19 00:00:00-04:00,14.507471602458086,14.713848002254123,14.499827870107172,14.622124671936035,198000,0.0,0.0
2022-07-20 00:00:00-04:00,14.7826408655439,14.7826408655439,14.530403517078796,14.675631523132324,182900,0.0,0.0
2022-07-21 00:00:00-04:00,14.721495853826218,14.782644271850586,14.629772497843023,14.782644271850586,195900,0.0,0.0
2022-07-22 00:00:00-04:00,14.790282593437713,14.981371512066385,14.717667871307459,14.828499794006348,273100,0.0,0.0
2022-07-25 00:00:00-04:00,14.736775686293194,14.897289653719765,14.675627299955568,14.79028034210205,101300,0.0,0.0
2022-07-26 00:00:00-04:00,14.790289287366974,14.904942398856418,14.759714346759969,14.820862770080566,126900,0.0,0.0
2022-07-27 00:00:00-04:00,14.828500072894522,14.97372806199367,14.828500072894522,14.882004737854004,129300,0.0,0.0
2022-07-28 00:00:00-04:00,15.042521121570362,15.065450860604761,14.866719652139919,14.889649391174316,232400,0.0,0.0
2022-07-29 00:00:00-04:00,15.07309657671596,15.264185535914203,14.937041622650577,15.233612060546875,335700,0.0,0.0
2022-08-01 00:00:00-04:00,15.233611107956945,15.654006208747662,15.141887771804496,15.478204727172852,210400,0.0,0.0
2022-08-02 00:00:00-04:00,15.524065904757448,15.646362716243921,15.432344025089089,15.539353370666504,263800,0.0,0.0
2022-08-03 00:00:00-04:00,15.615788152208884,15.63107561705075,15.447628954734128,15.569927215576172,546900,0.0,0.0
2022-08-04 00:00:00-04:00,15.600501159504647,15.661649562829835,15.512600420842997,15.577569961547852,356400,0.0,0.0
2022-08-05 00:00:00-04:00,15.51641833136466,15.592854184098467,15.164815449838839,15.546993255615234,200200,0.0,0.0
2022-08-08 00:00:00-04:00,15.53935228589244,15.684580286104394,15.490434147869934,15.569927215576172,105600,0.0,0.0
2022-08-09 00:00:00-04:00,15.478201802656136,15.546993927299356,15.363548747548334,15.493489265441895,336000,0.0,0.0
2022-08-10 00:00:00-04:00,15.592859854429088,15.661652001116458,15.541648441368283,15.562286376953125,124900,0.0,0.0
2022-08-11 00:00:00-04:00,15.62342771087282,15.791585405531805,15.592852789357094,15.669288635253906,74900,0.0,0.0
2022-08-12 00:00:00-04:00,15.73808867695319,15.73808867695319,15.5859823021168,15.722801208496094,67700,0.0,0.0
2022-08-15 00:00:00-04:00,15.707510543042936,15.768658946532376,15.615788666755243,15.68458080291748,97200,0.0,0.0
2022-08-16 00:00:00-04:00,15.69996672360157,15.807658334343236,15.584582645351475,15.769197463989258,97600,0.13,0.0
2022-08-17 00:00:00-04:00,15.699960829923118,15.699960829923118,15.384577116411686,15.453807830810547,113800,0.0,0.0
2022-08-18 00:00:00-04:00,15.38457334918165,15.599957904257602,15.330727577209473,15.330727577209473,148600,0.0,0.0
2022-08-19 00:00:00-04:00,15.36150412587737,15.425350280061792,15.1999667241009,15.299965858459473,79200,0.0,0.0
2022-08-22 00:00:00-04:00,15.284582363539656,15.29996582997447,15.123043494875906,15.153813362121582,69800,0.0,0.0
2022-08-23 00:00:00-04:00,15.19227072060958,15.430731267943305,15.05380928435526,15.223040580749512,184900,0.0,0.0
2022-08-24 00:00:00-04:00,15.253812524693057,15.376889059528851,15.207659190926641,15.299965858459473,134400,0.0,0.0
2022-08-25 00:00:00-04:00,15.22304560156304,15.430736357256697,15.22304560156304,15.238429069519043,116300,0.0,0.0
2022-08-26 00:00:00-04:00,15.230732451182838,15.283809435933682,15.076887543232289,15.096117973327637,90400,0.0,0.0
2022-08-29 00:00:00-04:00,15.05380871776553,15.199962613553947,14.938424680958942,14.961502075195312,121000,0.0,0.0
2022-08-30 00:00:00-04:00,14.984578002244051,15.076886112001901,14.873039464216376,14.961502075195312,106500,0.0,0.0
2022-08-31 00:00:00-04:00,15.11534716487229,15.207655275829115,14.807655906995626,14.861501693725586,144200,0.0,0.0
2022-09-01 00:00:00-04:00,14.869193899618036,14.869193899618036,14.576887576522749,14.638425827026367,135500,0.0,0.0
2022-09-02 00:00:00-04:00,14.746122064022702,14.7691994654582,14.561507254102985,14.676891326904297,108700,0.0,0.0
2022-09-06 00:00:00-04:00,14.676892390540656,14.676892390540656,14.515354970349797,14.553815841674805,175200,0.0,0.0
2022-09-07 00:00:00-04:00,14.607654825680456,14.723038852951824,14.576886436428929,14.592269897460938,171600,0.0,0.0
2022-09-08 00:00:00-04:00,14.607656033371022,14.676886748895006,14.538425317847038,14.546117782592773,185700,0.0,0.0
2022-09-09 00:00:00-04:00,14.599965352819344,14.67688854248949,14.546119560206586,14.584580421447754,138400,0.0,0.0
2022-09-12 00:00:00-04:00,14.638429901356284,14.730736569209716,14.584582633389077,14.623044967651367,136300,0.0,0.0
2022-09-13 00:00:00-04:00,14.468140423947867,14.638535547437398,14.468140423947867,14.522356986999512,119500,0.13,0.0
2022-09-14 00:00:00-04:00,14.522354552038422,14.696623102120943,14.499118252930653,14.6152982711792,136700,0.0,0.0
2022-09-15 00:00:00-04:00,14.630789463420687,14.685006024064837,14.460394347497573,14.530101776123047,135900,0.0,0.0
2022-09-16 00:00:00-04:00,14.460392501207226,14.506863621927321,14.328723094758374,14.390685081481934,89900,0.0,0.0
2022-09-19 00:00:00-04:00,14.336470134105717,14.421668429380608,14.228037014512552,14.289999008178711,156600,0.0,0.0
2022-09-20 00:00:00-04:00,14.22803885789186,14.460395994921447,14.181566248653423,14.406179428100586,155800,0.0,0.0
2022-09-21 00:00:00-04:00,14.491373042814013,14.592062196539603,14.351959677893714,14.421667098999023,144200,0.0,0.0
2022-09-22 00:00:00-04:00,14.437154018221023,14.444899450051063,14.057636722289425,14.127344131469727,175900,0.0,0.0
2022-09-23 00:00:00-04:00,14.057643153543998,14.127350594614871,13.825286001501581,13.98019027709961,251300,0.0,0.0
2022-09-26 00:00:00-04:00,13.840773410582253,14.06151309300136,13.716847952891342,13.894989967346191,207600,0.0,0.0
2022-09-27 00:00:00-04:00,13.933714866638184,14.074679383516466,13.670376053906297,13.933714866638184,328100,0.0,0.0
2022-09-28 00:00:00-04:00,13.941458493553213,14.51460716545781,13.940684393540899,14.25126838684082,138200,0.0,0.0
2022-09-29 00:00:00-04:00,14.282251792693456,14.282251792693456,13.894989011265794,13.987931251525879,197200,0.0,0.0
2022-09-30 00:00:00-04:00,13.856262129335281,14.359704937290738,13.856262129335281,14.018913269042969,196200,0.0,0.0
2022-10-03 00:00:00-04:00,14.096366076094748,14.739222245173371,14.057638910915133,14.6152982711792,307500,0.0,0.0
2022-10-04 00:00:00-04:00,14.708241635920112,14.843784508461242,14.568826785210566,14.654025077819824,199300,0.0,0.0
2022-10-05 00:00:00-04:00,14.468140265234073,14.468140265234073,13.98406170431104,14.2357816696167,167300,0.0,0.0
2022-10-06 00:00:00-04:00,14.328720927180585,14.654021677591963,14.034401904089371,14.127344131469727,67500,0.0,0.0
2022-10-07 00:00:00-04:00,14.119600656302895,14.374419932850286,13.918223832685678,13.987931251525879,122000,0.0,0.0
2022-10-10 00:00:00-04:00,13.848517554552616,13.976314992049794,13.817537297677491,13.910479545593262,207300,0.0,0.0
2022-10-11 00:00:00-04:00,13.887080596032462,13.894882505606239,13.559407834244356,13.606219291687012,159900,0.13,0.0
2022-10-12 00:00:00-04:00,13.53599378673816,13.707631208823381,13.418968204040917,13.450174331665039,229800,0.0,0.0
2022-10-13 00:00:00-04:00,13.270739534545104,13.731041606560447,13.270739534545104,13.676429748535156,246600,0.0,0.0
2022-10-14 00:00:00-04:00,13.598410212061477,13.692030101459512,13.411168945204096,13.43457317352295,291800,0.0,0.0
2022-10-17 00:00:00-04:00,13.637417390261122,13.824658645296465,13.333150536836344,13.411168098449707,239500,0.0,0.0
2022-10-18 00:00:00-04:00,13.496984267131733,13.60074825002991,13.36435487659192,13.450174331665039,132900,0.0,0.0
2022-10-19 00:00:00-04:00,13.504790244856824,13.53599786995594,13.309747052171758,13.333152770996094,159500,0.0,0.0
2022-10-20 00:00:00-04:00,13.340952350501302,13.465779853003905,13.262934789421873,13.270736694335938,258900,0.0,0.0
2022-10-21 00:00:00-04:00,13.23953247934166,13.449399757733925,13.20832633972168,13.20832633972168,253700,0.0,0.0
2022-10-24 00:00:00-04:00,13.309745996427413,13.506350149997155,13.223928010334962,13.325349807739258,231400,0.0,0.0
2022-10-25 00:00:00-04:00,13.379964182183324,13.473585579646212,13.333154227482694,13.403369903564453,229400,0.0,0.0
2022-10-26 00:00:00-04:00,13.403369344685506,13.567204923337089,13.379963624280323,13.496989250183105,295900,0.0,0.0
2022-10-27 00:00:00-04:00,13.473581202353273,13.723236197064297,13.457977393168548,13.62961483001709,180000,0.0,0.0
2022-10-28 00:00:00-04:00,13.67643079493127,13.777852612157893,13.621817444665934,13.715438842773438,128500,0.0,0.0
2022-10-31 00:00:00-04:00,13.801256518492053,13.871472185822167,13.56018312414172,13.723238945007324,247000,0.0,0.0
2022-11-01 00:00:00-04:00,13.84806673687735,13.980696167964268,13.805156996222541,13.910480499267578,224200,0.0,0.0
2022-11-02 00:00:00-04:00,13.848065376281738,14.027504739515742,13.81685775412209,13.848065376281738,273600,0.0,0.0
2022-11-03 00:00:00-04:00,13.731042749698984,13.88707643018116,13.723240842465628,13.754446983337402,162400,0.0,0.0
2022-11-04 00:00:00-04:00,13.754445687543384,13.887075121892241,13.699833830116475,13.832463264465332,198500,0.0,0.0
2022-11-07 00:00:00-05:00,13.918284541245379,13.933888356252611,13.80906081231817,13.875374794006348,194100,0.0,0.0
2022-11-08 00:00:00-05:00,13.8324621531985,14.128928624072193,13.8324621531985,14.05871295928955,201400,0.0,0.0
2022-11-09 00:00:00-05:00,14.113326774877285,14.113326774877285,13.805158146374133,13.926085472106934,106800,0.0,0.0
2022-11-10 00:00:00-05:00,14.12112878225989,14.347378133359996,14.08992115421209,14.238154411315918,343500,0.0,0.0
2022-11-11 00:00:00-05:00,14.160129777531537,14.386380504020682,14.160129777531537,14.30836296081543,174600,0.0,0.0
2022-11-14 00:00:00-05:00,14.15233081789245,14.300564032006784,14.136728496455028,14.183538436889648,277500,0.0,0.0
2022-11-15 00:00:00-05:00,14.222834091172267,14.678593346084169,14.222834091172267,14.545008659362793,326600,0.13,0.0
2022-11-16 00:00:00-05:00,14.670730723830433,14.670730723830433,14.450708513895911,14.497857093811035,354100,0.0,0.0
2022-11-17 00:00:00-05:00,14.427139584102887,14.576438964124307,14.332843897813333,14.45857048034668,251800,0.0,0.0
2022-11-18 00:00:00-05:00,14.600007202645939,14.63929618134391,14.309263664434173,14.505711555480957,192500,0.0,0.0
2022-11-21 00:00:00-05:00,14.545004576954847,14.710020114882566,14.459352370220124,14.694305419921875,203900,0.0,0.0
2022-11-22 00:00:00-05:00,14.73359482978734,14.73359482978734,14.49785791202225,14.721808433532715,180600,0.0,0.0
2022-11-23 00:00:00-05:00,14.65501375661943,14.890752147410057,14.576434293022556,14.702160835266113,219400,0.0,0.0
2022-11-25 00:00:00-05:00,14.78859560876508,14.796453703522076,14.641652384243736,14.6471529006958,53300,0.0,0.0
2022-11-28 00:00:00-05:00,14.576432268046355,14.812170626087914,14.54264380781958,14.67858600616455,261400,0.0,0.0
2022-11-29 00:00:00-05:00,14.655017852783203,14.655017852783203,14.474286085139823,14.655017852783203,187000,0.0,0.0
2022-11-30 00:00:00-05:00,14.686447249039363,14.74931052490151,14.332840385578082,14.631442070007324,270000,0.0,0.0
2022-12-01 00:00:00-05:00,14.804313236744527,15.055766298287612,14.678586705972986,14.945755958557129,253600,0.0,0.0
2022-12-02 00:00:00-05:00,14.851466297383284,15.040056169556959,14.647160227833702,14.79646110534668,224600,0.0,0.0
2022-12-05 00:00:00-05:00,14.6864508479253,14.793318293200738,14.434997682858606,14.45857048034668,136700,0.0,0.0
2022-12-06 00:00:00-05:00,14.513573578827568,14.686448728952671,14.403563209678046,14.45071029663086,195800,0.0,0.0
2022-12-07 00:00:00-05:00,14.44285428283524,14.521433771613353,14.27783870530238,14.45857048034668,351800,0.0,0.0
2022-12-08 00:00:00-05:00,14.489998997158514,14.922183821596349,14.427135722717034,14.497857093811035,301600,0.0,0.0
2022-12-09 00:00:00-05:00,14.403564327446148,14.568581392755217,14.238548760916066,14.277837753295898,187700,0.0,0.0
2022-12-12 00:00:00-05:00,14.309265919409631,14.678588971996865,14.293551224721067,14.623583793640137,329700,0.0,0.0
2022-12-13 00:00:00-05:00,15.06672391096752,15.097585021113247,14.489059532467774,14.663150787353516,314700,0.13,0.0
2022-12-14 00:00:00-05:00,14.742278905922438,14.753357328583899,14.378272727433387,14.552362442016602,364000,0.0,0.0
2022-12-15 00:00:00-05:00,14.457404445029976,14.631494153355254,14.394098959336981,14.433664321899414,304700,0.0,0.0
2022-12-16 00:00:00-05:00,14.322880619292425,14.465318344603654,14.291227120635757,14.417838096618652,222600,0.0,0.0
2022-12-19 00:00:00-05:00,14.473233292586412,14.528625411935115,14.188357810996452,14.220009803771973,355700,0.0,0.0
2022-12-20 00:00:00-05:00,14.140881038091225,14.306266534432508,14.102105039820582,14.17253303527832,454600,0.0,0.0
2022-12-21 00:00:00-05:00,14.227923990609403,14.378275115502188,14.132966497546064,14.164618492126465,395700,0.0,0.0
2022-12-22 00:00:00-05:00,14.045918553756032,14.275401891221483,13.982613065717613,14.148789405822754,474400,0.0,0.0
2022-12-23 00:00:00-05:00,14.109230086526935,14.386983166357245,14.109230086526935,14.212100982666016,220900,0.0,0.0
2022-12-27 00:00:00-05:00,14.188352992305367,14.2595718385153,13.982609826512403,14.069655418395996,373800,0.0,0.0
2022-12-28 00:00:00-05:00,14.093397956523434,14.206556351925325,13.856002742523973,13.903481483459473,586600,0.0,0.0
2022-12-29 00:00:00-05:00,13.966785123683676,14.125049584925673,13.919306389039782,13.990525245666504,522000,0.0,0.0
2022-12-30 00:00:00-05:00,13.895573634814586,14.117143696170649,13.863921631376611,13.982619285583496,619100,0.0,0.0
2023-01-03 00:00:00-05:00,14.061749680502645,14.307058334350586,14.006357549890758,14.307058334350586,169500,0.0,0.0
2023-01-04 00:00:00-05:00,14.47323459954311,14.639410972595215,14.378275593997484,14.639410972595215,193900,0.0,0.0
2023-01-05 00:00:00-05:00,14.615670530936228,14.671064163423063,14.409927281094452,14.663150787353516,194400,0.0,0.0
2023-01-06 00:00:00-05:00,14.758110288990864,14.89263468182732,14.678978026853708,14.853069305419922,122000,0.0,0.0
2023-01-09 00:00:00-05:00,14.87680718540324,14.979679573846443,14.817459123752734,14.860981941223145,103100,0.0,0.0
2023-01-10 00:00:00-05:00,14.789756523049359,14.987586326426023,14.750189656781055,14.963846206665039,72700,0.0,0.0
2023-01-11 00:00:00-05:00,14.99550589782321,15.090463397473007,14.97176576824964,15.06672477722168,211000,0.0,0.0
2023-01-12 00:00:00-05:00,15.16959393464903,15.462382795593838,15.027156191990585,15.35951042175293,220600,0.0,0.0
2023-01-13 00:00:00-05:00,15.248726318670256,15.383250686909959,15.09837519903245,15.26455307006836,218900,0.0,0.0
2023-01-17 00:00:00-05:00,15.339457016174656,15.339457016174656,15.13227455720694,15.23586654663086,177500,0.134,0.0
2023-01-18 00:00:00-05:00,15.482891497454096,15.522733635910354,15.259771570410646,15.39523696899414,233500,0.0,0.0
2023-01-19 00:00:00-05:00,15.37929491534397,15.40320110321045,15.251798286482153,15.40320110321045,132900,0.0,0.0
2023-01-20 00:00:00-05:00,15.403203447975345,15.506793904739823,15.331486393338423,15.379297256469727,734900,0.0,0.0
2023-01-23 00:00:00-05:00,15.37930237802183,15.586484880425784,15.37930237802183,15.458988189697266,162500,0.0,0.0
2023-01-24 00:00:00-05:00,15.514767556233021,15.678122783634771,15.012749534423873,15.618359565734863,181600,0.0,0.0
2023-01-25 00:00:00-05:00,15.466952262927164,15.674134702910628,15.466952262927164,15.570544242858887,123300,0.0,0.0
2023-01-26 00:00:00-05:00,15.594450975721744,15.830319661683392,15.546640104756046,15.658199310302734,121600,0.0,0.0
2023-01-27 00:00:00-05:00,15.666168768410529,15.897257441905252,15.64226257187927,15.817571640014648,137800,0.0,0.0
2023-01-30 00:00:00-05:00,15.793665926315052,16.00881714203304,15.753823784091855,15.921162605285645,121600,0.0,0.0
2023-01-31 00:00:00-05:00,16.000851904863325,16.040694055789704,15.841480261396542,15.905228614807129,196800,0.0,0.0
2023-02-01 00:00:00-05:00,15.85741516058422,16.247873951949053,15.845462821218888,16.152252197265625,340400,0.0,0.0
2023-02-02 00:00:00-05:00,16.255839777268147,16.255839777268147,16.064594782227356,16.0885009765625,208700,0.0,0.0
2023-02-03 00:00:00-05:00,15.913190608480003,16.158622349097385,15.913190608480003,16.008813858032227,94300,0.0,0.0
2023-02-06 00:00:00-05:00,16.008814296956377,16.144279684272842,15.937097237795893,15.984908103942871,93300,0.0,0.0
2023-02-07 00:00:00-05:00,15.945064447546407,16.144278144012684,15.945064447546407,16.064592361450195,84600,0.0,0.0
2023-02-08 00:00:00-05:00,16.064599534384953,16.129942239635657,15.968977768518217,16.024757385253906,82200,0.0,0.0
2023-02-09 00:00:00-05:00,16.032716965896725,16.10044888472712,15.937093734741211,15.937093734741211,73500,0.0,0.0
2023-02-10 00:00:00-05:00,15.961001908034882,16.13232580858627,15.961001908034882,16.064592361450195,108100,0.0,0.0
2023-02-13 00:00:00-05:00,16.040691375732422,16.10045611201721,16.008817964292813,16.040691375732422,73700,0.0,0.0
2023-02-14 00:00:00-05:00,16.059944802355655,16.11689996378412,15.811263242422049,15.923571586608887,175400,0.134,0.0
2023-02-15 00:00:00-05:00,16.01180808228514,16.01180808228514,15.811259374660933,15.859392166137695,104300,0.0,0.0
2023-02-16 00:00:00-05:00,15.811261664434388,15.952448452428724,15.62675719391599,15.650823593139648,143700,0.0,0.0
2023-02-17 00:00:00-05:00,15.674890733799543,15.80324180893263,15.602693062778995,15.763131141662598,75000,0.0,0.0
2023-02-21 00:00:00-05:00,15.570604371539652,15.650824175203162,15.345989227294922,15.345989227294922,95100,0.0,0.0
2023-02-22 00:00:00-05:00,15.289838301485657,15.51445348212953,15.289838301485657,15.434233665466309,106800,0.0,0.0
2023-02-23 00:00:00-05:00,15.530492855237993,15.602690514466847,15.329944141839011,15.490382194519043,59200,0.0,0.0
2023-02-24 00:00:00-05:00,15.4422489504041,15.482358075911593,15.185546875,15.185546875,184300,0.0,0.0
2023-02-27 00:00:00-05:00,15.337971109523034,15.466322204157892,15.337971109523034,15.434233665466309,71100,0.0,0.0
2023-02-28 00:00:00-05:00,15.52247344262111,15.570604713851159,15.378078098865435,15.466320037841797,118300,0.0,0.0
2023-03-01 00:00:00-05:00,15.442253637194009,15.515253063407116,15.394122365963959,15.466320037841797,68900,0.0,0.0
2023-03-02 00:00:00-05:00,15.442254066467287,15.554560879147886,15.37807852635472,15.442254066467285,101500,0.0,0.0
2023-03-03 00:00:00-05:00,15.442254623967381,15.602694245073812,15.394123349661701,15.546539306640625,139000,0.0,0.0
2023-03-06 00:00:00-05:00,15.546538745375617,15.605098944854154,15.418187665150485,15.442254066467285,134000,0.0,0.0
2023-03-07 00:00:00-05:00,15.402137818621686,15.474335459182793,15.313895917921476,15.362027168273926,97300,0.0,0.0
2023-03-08 00:00:00-05:00,15.522473807846485,15.522473807846485,15.321925054592823,15.37807846069336,60100,0.0,0.0
2023-03-09 00:00:00-05:00,15.36203630302091,15.533706622447164,15.089289838732014,15.097311973571777,77500,0.0,0.0
2023-03-10 00:00:00-05:00,15.201591286896441,15.201591286896441,14.712251994548918,14.744338989257812,155600,0.0,0.0
2023-03-13 00:00:00-04:00,14.439509436801476,14.479618573210844,13.88599447997242,14.21489429473877,375100,0.0,0.0
2023-03-14 00:00:00-04:00,14.476781065269,14.658650484023344,14.395950041186675,14.492947578430176,187500,0.134,0.0
2023-03-15 00:00:00-04:00,14.355539853767937,14.375747230767669,14.007967419166006,14.315123558044434,144700,0.0,0.0
2023-03-16 00:00:00-04:00,14.07263283538752,14.298959480496844,13.838224472349415,14.274709701538086,430900,0.0,0.0
2023-03-17 00:00:00-04:00,14.137296964612437,14.234294535935836,13.805891036987305,13.805891036987305,106700,0.0,0.0
2023-03-20 00:00:00-04:00,13.781641242224746,13.781641242224746,13.07841463243742,13.24815845489502,300800,0.0,0.0
2023-03-21 00:00:00-04:00,13.304740156861124,13.708893890059445,13.288575179243539,13.684645652770996,339200,0.0,0.0
2023-03-22 00:00:00-04:00,13.619981087057871,13.870555969404847,13.619981087057871,13.7169771194458,469500,0.0,0.0
2023-03-23 00:00:00-04:00,14.007968385639122,14.007968385639122,13.660395927056594,13.72506046295166,137500,0.0,0.0
2023-03-24 00:00:00-04:00,13.652311142143185,13.652311142143185,13.369404792785645,13.369404792785645,117700,0.0,0.0
2023-03-27 00:00:00-04:00,13.474483228920953,13.676560061063304,13.425985220889475,13.644227027893066,158600,0.0,0.0
2023-03-28 00:00:00-04:00,13.66039622900113,13.813975083293116,13.442152837384757,13.789725303649902,181800,0.0,0.0
2023-03-29 00:00:00-04:00,13.789725937067423,13.927138277909169,13.77356095828694,13.886723518371582,120800,0.0,0.0
2023-03-30 00:00:00-04:00,13.943303163596937,14.121939648263806,13.902888408797878,13.983717918395996,113400,0.0,0.0
2023-03-31 00:00:00-04:00,14.056466390029014,14.541451179686575,13.999885113885057,14.44445514678955,192200,0.0,0.0
2023-04-03 00:00:00-04:00,14.484869742205893,14.484869742205893,14.21004508251849,14.266626358032227,144500,0.0,0.0
2023-04-04 00:00:00-04:00,14.201959555622203,14.374937891769521,13.959467973069332,13.967551231384277,172100,0.0,0.0
2023-04-05 00:00:00-04:00,13.943299232019365,14.16962580355961,13.781637174958671,14.129209518432617,178400,0.0,0.0
2023-04-06 00:00:00-04:00,14.113047234521678,14.226211325072581,13.902888655764498,14.16963005065918,218200,0.0,0.0
2023-04-10 00:00:00-04:00,14.169631071502875,14.169631071502875,13.878639877299241,14.048383712768555,192000,0.0,0.0
2023-04-11 00:00:00-04:00,14.133103812033056,14.287875985700902,14.092373474908099,14.198270797729492,101600,0.134,0.0
2023-04-12 00:00:00-04:00,14.255289199268548,14.304164041486281,14.05164221070757,14.092370986938477,158300,0.0,0.0
2023-04-13 00:00:00-04:00,14.247140175410982,14.336745328959779,14.092368061200213,14.304161071777344,120900,0.0,0.0
2023-04-14 00:00:00-04:00,14.230848559366134,14.279724946900146,14.092368568759007,14.108660697937012,88100,0.0,0.0
2023-04-17 00:00:00-04:00,14.076077993283958,14.214557983891083,14.051639799516952,14.108660697937012,143900,0.0,0.0
2023-04-18 00:00:00-04:00,14.214558632896619,14.238995274076395,14.051640441084,14.084224700927734,103900,0.0,0.0
2023-04-19 00:00:00-04:00,14.051640543021817,14.10377349470636,13.913160545087393,13.921306610107422,120200,0.0,0.0
2023-04-20 00:00:00-04:00,13.913164144773157,14.084228447046339,13.896872010517914,13.96203899383545,64800,0.0,0.0
2023-04-21 00:00:00-04:00,14.059790245663473,14.084228447046339,13.953892926707828,13.96203899383545,92600,0.0,0.0
2023-04-24 00:00:00-04:00,13.962034202713081,14.02720116366834,13.888721177425552,13.913159370422363,57100,0.0,0.0
2023-04-25 00:00:00-04:00,13.880580233149814,13.929455077998002,13.758390790474387,13.807267189025879,86900,0.0,0.0
2023-04-26 00:00:00-04:00,13.70137023031698,13.823558122420332,13.6280571843143,13.652495384216309,178200,0.0,0.0
2023-04-27 00:00:00-04:00,13.709514632793526,13.831702510064853,13.628055530044923,13.758389472961426,132300,0.0,0.0
2023-04-28 00:00:00-04:00,13.831700214389713,14.02720109631679,13.790971446626825,13.945743560791016,108900,0.0,0.0
2023-05-01 00:00:00-04:00,13.92945225251179,14.067932246244771,13.921306187738912,13.953888893127441,184800,0.0,0.0
2023-05-02 00:00:00-04:00,13.839853816760897,13.932717135838772,13.668791034541453,13.676937103271484,156000,0.0,0.0
2023-05-03 00:00:00-04:00,13.67693143565598,13.815409885570888,13.538451432037974,13.59547233581543,144200,0.0,0.0
2023-05-04 00:00:00-04:00,13.522161145905011,13.526233402286145,13.114867144845844,13.19632625579834,248800,0.0,0.0
2023-05-05 00:00:00-04:00,13.579180660307198,13.709514602939887,13.285928512532072,13.660639762878418,169300,0.0,0.0
2023-05-08 00:00:00-04:00,13.750239862386033,13.750239862386033,13.497718107300487,13.554738998413086,128800,0.0,0.0
2023-05-09 00:00:00-04:00,13.541606226216935,13.541606226216935,13.278822119487664,13.31166934967041,244400,0.134,0.0
2023-05-10 00:00:00-04:00,13.426633816878919,13.426633816878919,13.163849803198573,13.21312141418457,145300,0.0,0.0
2023-05-11 00:00:00-04:00,13.278817847508945,13.28374547866196,13.048881828094421,13.180273056030273,252700,0.0,0.0
2023-05-12 00:00:00-04:00,13.26239541029161,13.26239541029161,13.007823547045879,13.131003379821777,142800,0.0,0.0
2023-05-15 00:00:00-04:00,13.213123219337664,13.27881923173302,13.106367003405648,13.114579200744629,110600,0.0,0.0
2023-05-16 00:00:00-04:00,13.155639972903579,13.225441303827186,13.106367569898254,13.131003379821777,186700,0.0,0.0
2023-05-17 00:00:00-04:00,13.155640179344145,13.53339188129352,13.147427981521343,13.492332458496094,119900,0.0,0.0
2023-05-18 00:00:00-04:00,13.500545059218938,13.54160448324171,13.336304230494596,13.369153022766113,180400,0.0,0.0
2023-05-19 00:00:00-04:00,13.525179646452573,13.541604042053223,13.401999812080856,13.541604042053223,98900,0.0,0.0
2023-05-22 00:00:00-04:00,13.45948246867417,13.590874489505723,13.45948246867417,13.558027267456055,127500,0.0,0.0
2023-05-23 00:00:00-04:00,13.631936869772781,13.648361265636366,13.508757033429088,13.525179862976074,154100,0.0,0.0
2023-05-24 00:00:00-04:00,13.467695197571235,13.570345315794059,13.377364158630371,13.377364158630371,90100,0.0,0.0
2023-05-25 00:00:00-04:00,13.44306226523802,13.60730154018296,13.392147573120562,13.410213470458984,144600,0.0,0.0
2023-05-26 00:00:00-04:00,13.401999473571777,13.549815897610905,13.369152249516713,13.401999473571777,189900,0.0,0.0
2023-05-30 00:00:00-04:00,13.590877247975763,13.590877247975763,13.434850170518061,13.566242218017578,153600,0.0,0.0
2023-05-31 00:00:00-04:00,13.60730083786503,13.7222684810243,13.467696599893058,13.508757591247559,137300,0.0,0.0
2023-06-01 00:00:00-04:00,13.6072984243418,13.853659629821777,13.533390219329444,13.853659629821777,198900,0.0,0.0
2023-06-02 00:00:00-04:00,13.911147073736442,14.10330751715639,13.886510476860328,13.960418701171875,128400,0.0,0.0
2023-06-05 00:00:00-04:00,14.026111249357324,14.026111249357324,13.83723541908109,13.886507034301758,101000,0.0,0.0
2023-06-06 00:00:00-04:00,13.968627682103675,14.05896028352223,13.894719474818752,14.034323692321777,116900,0.0,0.0
2023-06-07 00:00:00-04:00,14.067169637268211,14.165714426807783,13.968626414044934,14.058959007263184,146000,0.0,0.0
2023-06-08 00:00:00-04:00,14.11644403169443,14.165715647552098,14.026111430691682,14.132866859436035,93700,0.0,0.0
2023-06-09 00:00:00-04:00,14.231413801523924,14.338169246351688,14.108233960163686,14.280685424804688,74500,0.0,0.0
2023-06-12 00:00:00-04:00,14.354593642884163,14.3628058411504,14.206777206725212,14.280685424804688,125500,0.0,0.0
2023-06-13 00:00:00-04:00,14.234339492536696,14.31875183878637,14.068823292992063,14.2839937210083,176700,0.134,0.0
2023-06-14 00:00:00-04:00,14.333647378228772,14.358475280714819,14.143304861273952,14.159856796264648,73200,0.0,0.0
2023-06-15 00:00:00-04:00,14.118480153558425,14.457787005250056,14.118480153558425,14.350202560424805,219300,0.0,0.0
2023-06-16 00:00:00-04:00,14.317098848899834,14.317098848899834,14.16813613398744,14.267444610595703,97100,0.0,0.0
2023-06-20 00:00:00-04:00,14.176408172099004,14.20951204446066,14.035719871520996,14.035719871520996,197600,0.0,0.0
2023-06-21 00:00:00-04:00,13.903305547535677,14.151579819246953,13.903305547535677,14.135027885437012,82900,0.0,0.0
2023-06-22 00:00:00-04:00,14.15985781439769,14.226063980641486,13.969513705277201,14.035719871520996,106300,0.0,0.0
2023-06-23 00:00:00-04:00,13.977789539822668,14.209511908701817,13.977789539822668,14.126753807067871,124100,0.0,0.0
2023-06-26 00:00:00-04:00,14.192963774129513,14.217791684813466,14.010897164553619,14.11020565032959,128900,0.0,0.0
2023-06-27 00:00:00-04:00,14.201239398231206,14.300549460066616,14.070482860167786,14.275721549987793,93600,0.0,0.0
2023-06-28 00:00:00-04:00,14.33364587788376,14.399852032437154,14.259163756701284,14.358473777770996,126400,0.0,0.0
2023-06-29 00:00:00-04:00,14.383301623220628,14.391577590726621,14.151580846970436,14.168132781982422,142100,0.0,0.0
2023-06-30 00:00:00-04:00,14.39985756877758,14.507443597840174,14.31792815106484,14.42468547821045,156500,0.0,0.0
2023-07-03 00:00:00-04:00,14.366755826643233,14.58192631465516,14.366755826643233,14.565374374389648,67100,0.0,0.0
2023-07-05 00:00:00-04:00,14.557095969848895,14.846748562136618,14.490889798338527,14.788818359375,168500,0.0,0.0
2023-07-06 00:00:00-04:00,14.730888852073711,14.730888852073711,14.234343278336302,14.275721549987793,164600,0.0,0.0
2023-07-07 00:00:00-04:00,14.300549674629664,14.672958860520286,14.300549674629664,14.581926345825195,136900,0.0,0.0
2023-07-10 00:00:00-04:00,14.681230011416204,14.689505978849985,14.53226575456694,14.57364559173584,126700,0.0,0.0
2023-07-11 00:00:00-04:00,14.685395284607996,14.777125800133511,14.589494260304965,14.668716430664062,88900,0.134,0.0
2023-07-12 00:00:00-04:00,14.710406685674753,14.927226937236936,14.635353460496209,14.752103805541992,161300,0.0,0.0
2023-07-13 00:00:00-04:00,14.868852560005287,14.877191983978735,14.66871115639,14.752103805541992,108600,0.0,0.0
2023-07-14 00:00:00-04:00,14.752104352985342,14.760443777268263,14.627016169906637,14.652032852172852,89100,0.0,0.0
2023-07-17 00:00:00-04:00,14.68539578889839,14.868858416832511,14.61034253415645,14.718751907348633,239800,0.0,0.0
2023-07-18 00:00:00-04:00,14.702072598451059,14.806313050083983,14.602002655609967,14.71041202545166,245300,0.0,0.0
2023-07-19 00:00:00-04:00,14.793807530094673,14.890543629309198,14.602005444200978,14.785468101501465,258900,0.0,0.0
2023-07-20 00:00:00-04:00,14.78546331890963,14.78546331890963,14.693732815222752,14.727088928222656,150600,0.0,0.0
2023-07-21 00:00:00-04:00,14.7437663277566,14.927228907642188,14.693731367893749,14.868854522705078,620500,0.0,0.0
2023-07-24 00:00:00-04:00,14.868856417522553,14.885535269796543,14.777124320598501,14.810482025146484,171900,0.0,0.0
2023-07-25 00:00:00-04:00,14.802144131875215,14.864689039088194,14.71041202545166,14.71041202545166,118400,0.0,0.0
2023-07-26 00:00:00-04:00,14.743766387708622,14.91888954323205,14.70206926216778,14.777122497558594,157500,0.0,0.0
2023-07-27 00:00:00-04:00,14.943908732523033,14.985604270031263,14.830495407164472,14.927229881286621,199000,0.0,0.0
2023-07-28 00:00:00-04:00,14.935572548701819,15.235785573787892,14.885537574715187,15.202427864074707,261300,0.0,0.0
2023-07-31 00:00:00-04:00,15.335855521761152,15.335855521761152,15.152392890088077,15.202427864074707,316600,0.0,0.0
2023-08-01 00:00:00-04:00,15.169069344987209,15.269139277128017,15.085676674481274,15.21076488494873,275300,0.0,0.0
2023-08-02 00:00:00-04:00,15.144049147373142,15.160727997477107,14.94390771787364,15.018960952758789,230300,0.0,0.0
2023-08-03 00:00:00-04:00,14.918891842872526,15.068998336791992,14.802143054527583,15.068998336791992,187200,0.0,0.0
2023-08-04 00:00:00-04:00,15.135713489000425,15.227445596818026,15.060660235437496,15.169071197509766,125400,0.0,0.0
2023-08-07 00:00:00-04:00,15.227445198254427,15.269140742216676,15.119034239019708,15.260801315307617,152400,0.0,0.0
2023-08-08 00:00:00-04:00,15.185749009218116,15.260802265489634,15.09401848867315,15.202427864074707,255300,0.0,0.0
2023-08-09 00:00:00-04:00,15.152390978194894,15.23494859532675,15.094016584145512,15.144051551818848,193800,0.0,0.0
2023-08-10 00:00:00-04:00,15.210766278890082,15.252463413255695,15.002285378811134,15.102356910705566,150300,0.0,0.0
2023-08-11 00:00:00-04:00,15.094017943946836,15.194087888308685,15.018964690383907,15.169071197509766,107700,0.0,0.0
2023-08-14 00:00:00-04:00,15.169072742606046,15.169072742606046,15.065665744393929,15.127375602722168,98300,0.0,0.0
2023-08-15 00:00:00-04:00,15.164336784462986,15.164336784462986,14.987910359201216,15.038317680358887,121100,0.134,0.0
2023-08-16 00:00:00-04:00,14.945906445617952,15.088726940178207,14.903899003906066,14.92070198059082,149500,0.0,0.0
2023-08-17 00:00:00-04:00,14.87029492615629,15.0215169118372,14.845090460666098,14.99631404876709,160700,0.0,0.0
2023-08-18 00:00:00-04:00,14.95430355269299,15.139133057039688,14.95430355269299,15.088724136352539,123300,0.0,0.0
2023-08-21 00:00:00-04:00,15.029914376875636,15.080323294361722,14.929099746742773,14.971105575561523,126300,0.0,0.0
2023-08-22 00:00:00-04:00,15.021514626246024,15.055120575119652,14.819883740263776,14.870292663574219,199800,0.0,0.0
2023-08-23 00:00:00-04:00,14.887092315504368,15.038315863123318,14.819882027942574,14.971105575561523,159000,0.0,0.0
2023-08-24 00:00:00-04:00,15.038317779844302,15.038317779844302,14.811482429504395,14.811482429504395,194200,0.0,0.0
2023-08-25 00:00:00-04:00,14.903895287999731,14.987908548056886,14.807280599780881,14.971105575561523,93000,0.0,0.0
2023-08-28 00:00:00-04:00,15.013114929199219,15.080325225367156,14.937503145707808,15.013114929199219,99400,0.0,0.0
2023-08-29 00:00:00-04:00,14.90389690412258,15.147535224465594,14.90389690412258,15.055120468139648,149100,0.0,0.0
2023-08-30 00:00:00-04:00,15.130728987440241,15.130728987440241,14.92069666102228,15.04671573638916,80600,0.0,0.0
2023-08-31 00:00:00-04:00,15.17273645784028,15.290355663040048,15.088723197674634,15.130730628967285,139400,0.0,0.0
2023-09-01 00:00:00-04:00,15.189543724060059,15.26515551934073,15.130734906046225,15.189543724060059,116400,0.0,0.0
2023-09-05 00:00:00-04:00,15.197945402494325,15.248352732504253,15.164339447540954,15.172740936279297,139300,0.0,0.0
2023-09-06 00:00:00-04:00,15.206343832811681,15.206343832811681,15.029915809631348,15.029915809631348,106600,0.0,0.0
2023-09-07 00:00:00-04:00,15.021515853018819,15.139135081262369,15.021515853018819,15.063523292541504,69100,0.0,0.0
2023-09-08 00:00:00-04:00,15.113929178483785,15.164336498691531,15.06352185827604,15.122330665588379,74900,0.0,0.0
2023-09-11 00:00:00-04:00,15.08872471388445,15.139133636501036,14.962705612182617,14.962705612182617,140500,0.0,0.0
2023-09-12 00:00:00-04:00,14.999949681467742,15.076134659597248,14.974555765136184,15.01688003540039,102200,0.134,0.0
2023-09-13 00:00:00-04:00,14.957627155958063,15.042277320928036,14.932231622096788,14.983022689819336,155500,0.0,0.0
2023-09-14 00:00:00-04:00,15.06767057937799,15.143855563052856,14.966091677523192,14.991485595703125,180500,0.0,0.0
2023-09-15 00:00:00-04:00,14.940694672087286,15.03381000174885,14.915300756410405,14.966090202331543,98600,0.0,0.0
2023-09-18 00:00:00-04:00,15.016883927805821,15.06767338820108,14.974559646571079,15.059209823608398,115300,0.0,0.0
2023-09-19 00:00:00-04:00,15.05920760801537,15.067671171362845,14.983022621347317,14.999951362609863,79200,0.0,0.0
2023-09-20 00:00:00-04:00,14.99148341698421,15.220038334792822,14.99148341698421,15.042274475097656,152000,0.0,0.0
2023-09-21 00:00:00-04:00,14.915303020849038,15.033812284179538,14.898372664782503,14.957627296447754,173100,0.0,0.0
2023-09-22 00:00:00-04:00,14.991483110306664,15.203107671081634,14.991483110306664,15.169248580932617,160900,0.0,0.0
2023-09-25 00:00:00-04:00,15.084605070640809,15.194650794819433,15.076139890737224,15.110000610351562,106800,0.0,0.0
2023-09-26 00:00:00-04:00,15.10999585259873,15.141315232355545,14.923765182495117,14.923765182495117,212400,0.0,0.0
2023-09-27 00:00:00-04:00,14.92376838690482,15.049050776534932,14.737539291381836,14.737539291381836,228100,0.0,0.0
2023-09-28 00:00:00-04:00,14.72060878182166,14.746004318727627,14.678284501546182,14.703680038452148,152700,0.0,0.0
2023-09-29 00:00:00-04:00,14.754470973431605,14.957630445295854,14.72061025417025,14.788330078125,129100,0.0,0.0
2023-10-02 00:00:00-04:00,14.669815004014554,14.906835101658515,14.669815004014554,14.872974395751953,177500,0.0,0.0
2023-10-03 00:00:00-04:00,14.788323709986342,14.838267119192668,14.585164325606462,14.661349296569824,159700,0.0,0.0
2023-10-04 00:00:00-04:00,14.703679833840798,14.822189108617241,14.652888760735657,14.805258750915527,84500,0.0,0.0
2023-10-05 00:00:00-04:00,14.822185975118833,14.830651152180101,14.669816017150879,14.669816017150879,82000,0.0,0.0
2023-10-06 00:00:00-04:00,14.559774764272003,14.644423322143648,14.49205494923404,14.551309585571289,107300,0.0,0.0
2023-10-09 00:00:00-04:00,14.54284159036673,14.701137010820828,14.517446059182927,14.669816017150879,136000,0.0,0.0
2023-10-10 00:00:00-04:00,14.673232975432336,14.750011646837518,14.639108398296969,14.715887069702148,92400,0.134,0.0
2023-10-11 00:00:00-04:00,14.715883451566873,14.843847330063742,14.48554749398311,14.494078636169434,205300,0.0,0.0
2023-10-12 00:00:00-04:00,14.442894226938071,14.553795827333715,14.255212342523627,14.36611557006836,127600,0.0,0.0
2023-10-13 00:00:00-04:00,14.459954496078774,14.574268212172983,14.366113566956088,14.38317584991455,151600,0.0,0.0
2023-10-16 00:00:00-04:00,14.459955694573134,14.502609778355758,14.366114757672564,14.494078636169434,116800,0.0,0.0
2023-10-17 00:00:00-04:00,14.442895789293832,14.519674454469051,14.383179411301832,14.45995807647705,194900,0.0,0.0
2023-10-18 00:00:00-04:00,14.425832649433204,14.477017880808155,14.340522845708838,14.44289493560791,119600,0.0,0.0
2023-10-19 00:00:00-04:00,14.494078302394001,14.528202870353462,14.272273492104373,14.280804634094238,115500,0.0,0.0
2023-10-20 00:00:00-04:00,14.212557125324272,14.331989858884473,14.152840758544173,14.280804634094238,113100,0.0,0.0
2023-10-23 00:00:00-04:00,14.246682556326173,14.246682556326173,14.09312524550424,14.110187530517578,130500,0.0,0.0
2023-10-24 00:00:00-04:00,14.110187811359896,14.221089411855813,14.101656668683427,14.178435325622559,105900,0.0,0.0
2023-10-25 00:00:00-04:00,14.059001575237463,14.349053930431005,14.059001575237463,14.15284252166748,161500,0.0,0.0
2023-10-26 00:00:00-04:00,14.255216130388419,14.255216130388419,14.144314500524237,14.22109317779541,132500,0.0,0.0
2023-10-27 00:00:00-04:00,14.195494407393985,14.245827004591273,14.084592819213867,14.084592819213867,84600,0.0,0.0
2023-10-30 00:00:00-04:00,14.093126324548056,14.246683647127144,14.076064038228338,14.238152503967285,133600,0.0,0.0
2023-10-31 00:00:00-04:00,14.195497532761342,14.37464829421696,14.195497532761342,14.340523719787598,188700,0.0,0.0
2023-11-01 00:00:00-04:00,14.331992099437032,14.758539502719673,14.331992099437032,14.639106750488281,254300,0.0,0.0
2023-11-02 00:00:00-04:00,14.732948857208061,15.227743818797334,14.732948857208061,15.014470100402832,216600,0.0,0.0
2023-11-03 00:00:00-04:00,15.150962829589844,15.287457858285773,15.04005960180622,15.150962829589844,255800,0.0,0.0
2023-11-06 00:00:00-05:00,15.210678879125235,15.210678879125235,14.920626542501722,14.937688827514648,170700,0.0,0.0
2023-11-07 00:00:00-05:00,14.877976725681568,14.944517378314133,14.792666903290197,14.826789855957031,172200,0.0,0.0
2023-11-08 00:00:00-05:00,14.85237942021489,14.968400032485812,14.75853847732485,14.801194190979004,89000,0.0,0.0
2023-11-09 00:00:00-05:00,14.912094595009345,14.933421636549696,14.74147663553757,14.758537292480469,79700,0.0,0.0
2023-11-10 00:00:00-05:00,14.767064467056477,14.8694365169544,14.732941535189523,14.750003814697266,146000,0.0,0.0
2023-11-13 00:00:00-05:00,14.843848525039016,14.843848525039016,14.698822350494448,14.72441577911377,91000,0.0,0.0
2023-11-14 00:00:00-05:00,14.90840834063984,15.037373481603565,14.788041094391128,14.874016761779785,244100,0.134,0.0
2023-11-15 00:00:00-05:00,14.83102754112932,15.063165757083555,14.813831753307396,15.002982139587402,206300,0.0,0.0
2023-11-16 00:00:00-05:00,15.08036298939972,15.278109648651553,15.011579831523527,15.217926025390625,258500,0.0,0.0
2023-11-17 00:00:00-05:00,15.329692142092274,15.329692142092274,15.131945524571695,15.192129135131836,252300,0.0,0.0
2023-11-20 00:00:00-05:00,15.097557138988027,15.31765865252577,15.097557138988027,15.217926025390625,126600,0.0,0.0
2023-11-21 00:00:00-05:00,15.174936727358343,15.295305615154135,15.149144682736985,15.183534622192383,165700,0.0,0.0
2023-11-22 00:00:00-05:00,15.329693274657597,15.372681102553546,15.20072815108923,15.33829116821289,116000,0.0,0.0
2023-11-24 00:00:00-05:00,15.338293399056198,15.493052225798994,15.321097609444609,15.45006275177002,43100,0.0,0.0
2023-11-27 00:00:00-05:00,15.475856436187403,15.477576671100865,15.303901819833019,15.45006275177002,160600,0.0,0.0
2023-11-28 00:00:00-05:00,15.46725611164655,15.742382142689701,15.415670390796084,15.63921070098877,287300,0.0,0.0
2023-11-29 00:00:00-05:00,15.639210179307792,15.725187471110935,15.579026567009725,15.6907958984375,203300,0.0,0.0
2023-11-30 00:00:00-05:00,15.742382745326436,15.854153724641751,15.660705214196446,15.793970108032227,276400,0.0,0.0
2023-12-01 00:00:00-05:00,15.81975990600023,16.094885908558098,15.776772083055688,15.991714477539062,204300,0.0,0.0
2023-12-04 00:00:00-05:00,15.89714379659199,15.948729526695388,15.793972336385195,15.905741691589355,175000,0.0,0.0
2023-12-05 00:00:00-05:00,15.940135016544552,15.965927064479308,15.557536026742282,15.59622573852539,288000,0.0,0.0
2023-12-06 00:00:00-05:00,15.604817795652648,15.75957658487941,15.028772102353233,15.123347282409668,717700,0.0,0.0
2023-12-07 00:00:00-05:00,15.123350288495853,15.312499046325684,15.045970878501675,15.312499046325684,402700,0.0,0.0
2023-12-08 00:00:00-05:00,15.26950922410288,15.3726806640625,15.209325610813023,15.3726806640625,189300,0.0,0.0
2023-12-11 00:00:00-05:00,15.364082750781217,15.40707057280681,15.183530290537078,15.235116004943848,270700,0.0,0.0
2023-12-12 00:00:00-05:00,15.281897357468434,15.385856573535698,15.212591764215485,15.325214385986328,234200,0.134,0.0
2023-12-13 00:00:00-05:00,15.264574508944118,15.628429341690543,15.247247694914304,15.559122085571289,292800,0.0,0.0
2023-12-14 00:00:00-05:00,15.758379318709126,16.04426518018387,15.671746888970322,15.905653953552246,325800,0.0,0.0
2023-12-15 00:00:00-05:00,15.853677771096475,15.974963866323856,15.827689191843655,15.888331413269043,279400,0.0,0.0
2023-12-18 00:00:00-05:00,15.966294270563301,15.966294270563301,15.645754814147947,15.64575481414795,251800,0.0,0.0
2023-12-19 00:00:00-05:00,15.758378333125775,15.862335920409546,15.654419093465947,15.845010757446289,376300,0.0,0.0
2023-12-20 00:00:00-05:00,15.723724407492037,15.94030463804255,15.702066714912192,15.784366607666016,367200,0.0,0.0
2023-12-21 00:00:00-05:00,15.85367251273989,15.94896834473006,15.74884908040197,15.845010757446289,358800,0.0,0.0
2023-12-22 00:00:00-05:00,15.836343267476805,15.931637422525947,15.758374270924833,15.819016456604004,182400,0.0,0.0
2023-12-26 00:00:00-05:00,15.922974828615033,15.940301640370906,15.65441585590185,15.663079261779785,302400,0.0,0.0
2023-12-27 00:00:00-05:00,15.680408202791948,15.758377213905145,15.602439191678751,15.628429412841797,377600,0.0,0.0
2023-12-28 00:00:00-05:00,15.697735828728941,15.77570319149838,15.61110340608109,15.758378028869629,350700,0.0,0.0
2023-12-29 00:00:00-05:00,15.741053018900509,15.793031817499248,15.520141885573704,15.602441787719727,347500,0.0,0.0
2024-01-02 00:00:00-05:00,15.585109466948085,15.819016456604004,15.585109466948085,15.819016456604004,157200,0.0,0.0
2024-01-03 00:00:00-05:00,15.819021789533707,15.957633018493654,15.706399133268631,15.957633018493652,182200,0.0,0.0
2024-01-04 00:00:00-05:00,15.862334826562321,16.03559966325522,15.775702408215874,15.974957466125488,123100,0.0,0.0
2024-01-05 00:00:00-05:00,15.896991827050304,16.113572092671216,15.896991827050304,16.07891845703125,106200,0.0,0.0
2024-01-08 00:00:00-05:00,16.03560244286692,16.260846108661053,16.03560244286692,16.226192474365234,164100,0.0,0.0
2024-01-09 00:00:00-05:00,16.243519221333905,16.25218262987043,16.026938965049453,16.104907989501953,183300,0.0,0.0
2024-01-10 00:00:00-05:00,16.165547821074245,16.165547821074245,16.044263424140187,16.12223243713379,143300,0.0,0.0
2024-01-11 00:00:00-05:00,16.165545370569582,16.165545370569582,15.957628584896346,16.070249557495117,180300,0.0,0.0
2024-01-12 00:00:00-05:00,16.113572092671216,16.156887484844884,16.035603064857586,16.07891845703125,109400,0.0,0.0
2024-01-16 00:00:00-05:00,16.15221631203366,16.15221631203366,15.74208500560808,15.776988983154297,222800,0.134,0.0
2024-01-17 00:00:00-05:00,15.829345781669929,15.829345781669929,15.619916923214786,15.776988983154297,265400,0.0,0.0
2024-01-18 00:00:00-05:00,15.855526721692499,15.864253133117552,15.646097840669604,15.733360290527344,181600,0.0,0.0
2024-01-19 00:00:00-05:00,15.890429496765137,15.890429496765137,15.602464599168835,15.890429496765137,657500,0.0,0.0
2024-01-22 00:00:00-05:00,15.968962855194,16.126034893834007,15.934058882380883,16.099857330322266,172500,0.0,0.0
2024-01-23 00:00:00-05:00,16.16966723105917,16.187118385583293,16.038772753577522,16.09113121032715,258900,0.0,0.0
2024-01-24 00:00:00-05:00,16.091134070289822,16.213300495634066,16.08764383876466,16.16967010498047,188400,0.0,0.0
2024-01-25 00:00:00-05:00,16.256933097707517,16.283112334296447,16.126040243548744,16.160945892333984,202300,0.0,0.0
2024-01-26 00:00:00-05:00,16.16966781344271,16.16966781344271,16.03877333124663,16.073678970336914,236300,0.0,0.0
2024-01-29 00:00:00-05:00,16.073678703451787,16.248203567220454,16.069316330834173,16.239477157592773,142600,0.0,0.0
2024-01-30 00:00:00-05:00,16.187122706991318,16.283111572265625,16.169671547808335,16.283111572265625,102100,0.0,0.0
2024-01-31 00:00:00-05:00,16.31801663520687,16.33372351010566,16.239480596320128,16.30056381225586,131900,0.0,0.0
2024-02-01 00:00:00-05:00,16.335466178600598,16.457634262785536,16.256930147479082,16.44890785217285,211400,0.0,0.0
2024-02-02 00:00:00-05:00,16.42272756977326,16.42272756977326,16.265655517578125,16.265655517578125,110200,0.0,0.0
2024-02-05 00:00:00-05:00,16.23947898564477,16.431455025886773,16.22202616442478,16.29183578491211,114300,0.0,0.0
2024-02-06 00:00:00-05:00,16.387820908880208,16.509987300841132,16.283105669776372,16.396547317504883,166900,0.0,0.0
2024-02-07 00:00:00-05:00,16.352920811427875,16.527445714230417,16.32848752476266,16.501266479492188,146200,0.0,0.0
2024-02-08 00:00:00-05:00,16.49253712485397,16.49253712485397,16.396549943394827,16.47508430480957,129200,0.0,0.0
2024-02-09 00:00:00-05:00,16.483812783889817,16.56234881955498,16.4140031593422,16.52744483947754,105900,0.0,0.0
2024-02-12 00:00:00-05:00,16.562348527971693,16.649610973218124,16.448908514226222,16.536170959472656,86800,0.0,0.0
2024-02-13 00:00:00-05:00,16.390283590464286,16.519473536578943,16.249670028686523,16.249670028686523,179300,0.134,0.0
2024-02-14 00:00:00-05:00,16.302399300911855,16.4518014162172,16.302399300911855,16.416648864746094,158600,0.0,0.0
2024-02-15 00:00:00-05:00,16.425437419227073,16.592414972120167,16.425437419227073,16.557262420654297,84300,0.0,0.0
2024-02-16 00:00:00-05:00,16.548471064632874,16.57483673095703,16.43422319638598,16.57483673095703,170500,0.0,0.0
2024-02-20 00:00:00-05:00,16.55726609456446,16.680302566364457,16.446533269944467,16.6627254486084,152200,0.0,0.0
2024-02-21 00:00:00-05:00,16.64514783603032,16.653936393762034,16.530898261764,16.583629608154297,122300,0.0,0.0
2024-02-22 00:00:00-05:00,16.618781032725185,16.67151069928377,16.583628480434754,16.60120391845703,95700,0.0,0.0
2024-02-23 00:00:00-05:00,16.66272743370834,16.7681884765625,16.62142304593167,16.7681884765625,130800,0.0,0.0
2024-02-26 00:00:00-05:00,16.785761465270646,16.785761465270646,16.70666612165778,16.7813663482666,120500,0.0,0.0
2024-02-27 00:00:00-05:00,16.715450691463957,16.89121677603379,16.715450691463957,16.82969856262207,98800,0.0,0.0
2024-02-28 00:00:00-05:00,16.838491944135235,16.847280502319336,16.70666692386591,16.847280502319336,134000,0.0,0.0
2024-02-29 00:00:00-05:00,16.961528406220463,16.987894080772758,16.81212626958294,16.847280502319336,128600,0.0,0.0
2024-03-01 00:00:00-05:00,16.90000456926586,17.12850197751916,16.820909248091812,16.952735900878906,178500,0.0,0.0
2024-03-04 00:00:00-05:00,16.917583071486828,17.040619502880848,16.820910631822578,16.873641967773438,146600,0.0,0.0
2024-03-05 00:00:00-05:00,16.94395194354201,17.04941128289464,16.609993457684748,16.900009155273438,99500,0.0,0.0
2024-03-06 00:00:00-05:00,16.96152688062535,17.049410778315593,16.79279093690732,16.820913314819336,81700,0.0,0.0
2024-03-07 00:00:00-05:00,16.961529785278866,17.031836580221878,16.879799372389197,16.979106903076172,118400,0.0,0.0
2024-03-08 00:00:00-05:00,16.926373421895516,17.093352650950568,16.90000775112498,17.049409866333008,67100,0.0,0.0
2024-03-11 00:00:00-04:00,17.04941076345355,17.09335355038333,16.987892537997787,17.03183364868164,96800,0.0,0.0
2024-03-12 00:00:00-04:00,17.097316415496287,17.097316415496287,16.938024375067286,16.98227310180664,92900,0.134,0.0
2024-03-13 00:00:00-04:00,17.008824614331573,17.141569137573242,16.955727817784943,17.141569137573242,94100,0.0,0.0
2024-03-14 00:00:00-04:00,17.070773185157996,17.115020235172626,16.94687840686687,16.999975204467773,75400,0.0,0.0
2024-03-15 00:00:00-04:00,17.044221878051758,17.05307162456618,16.972541125576466,17.044221878051758,118000,0.0,0.0
2024-03-18 00:00:00-04:00,17.10616685468391,17.13271609180438,16.999971594118435,17.053070068359375,66000,0.0,0.0
2024-03-19 00:00:00-04:00,16.991122338493096,17.106165648738706,16.991122338493096,17.070768356323242,89600,0.0,0.0
2024-03-20 00:00:00-04:00,17.01767121183137,17.407051586239426,16.99908725208404,17.371652603149414,172500,0.0,0.0
2024-03-21 00:00:00-04:00,17.371655818580884,17.371655818580884,17.1389140445584,17.141569137573242,111000,0.0,0.0
2024-03-22 00:00:00-04:00,17.13271606168245,17.299971697873065,17.115016570299925,17.159263610839844,135800,0.0,0.0
2024-03-25 00:00:00-04:00,17.230062178045493,17.283160659248992,17.106169097737244,17.115018844604492,131700,0.0,0.0
2024-03-26 00:00:00-04:00,17.07961985713549,17.21236437222762,17.07961985713549,17.115018844604492,175700,0.0,0.0
2024-03-27 00:00:00-04:00,17.212363494296568,17.230061299211748,17.132717464470353,17.194664001464844,136800,0.0,0.0
2024-03-28 00:00:00-04:00,17.28315993846532,17.38935352061033,17.256610698970793,17.35395622253418,210800,0.0,0.0
2024-04-01 00:00:00-04:00,17.32740694367666,17.522096302444606,17.238911166812485,17.46014976501465,213200,0.0,0.0
2024-04-02 00:00:00-04:00,17.389353358864174,17.389353358864174,17.132717464470353,17.194664001464844,119700,0.0,0.0
2024-04-03 00:00:00-04:00,17.097319701115122,17.203514977780948,17.097319701115122,17.123868942260742,106600,0.0,0.0
2024-04-04 00:00:00-04:00,17.168113046341155,17.17519385551607,16.982273453931523,16.99112319946289,105300,0.0,0.0
2024-04-05 00:00:00-04:00,17.035370771927198,17.035370771927198,16.814132190473597,16.849531173706055,160200,0.0,0.0
2024-04-08 00:00:00-04:00,16.876081466674805,16.955727503979077,16.81413492386408,16.876081466674805,129500,0.0,0.0
2024-04-09 00:00:00-04:00,16.843999841105127,16.95094662193988,16.843999841105127,16.897472381591797,89500,0.134,0.0
2024-04-10 00:00:00-04:00,16.87073240582559,16.87073240582559,16.692488385851117,16.701400756835938,186000,0.0,0.0
2024-04-11 00:00:00-04:00,16.84399290279648,16.84399290279648,16.7013983869947,16.745960235595703,161400,0.0,0.0
2024-04-12 00:00:00-04:00,16.79052278124571,16.91529257541844,16.57663097700919,16.59445571899414,83100,0.0,0.0
2024-04-15 00:00:00-04:00,16.594453395092955,16.598908730034786,16.318175032599374,16.32708740234375,143100,0.0,0.0
2024-04-16 00:00:00-04:00,16.211233892248643,16.34491607082744,16.211233892248643,16.300355911254883,162400,0.0,0.0
2024-04-17 00:00:00-04:00,16.34491214183251,16.39838466043806,16.229053035016303,16.32708740234375,207600,0.0,0.0
2024-04-18 00:00:00-04:00,16.336004353605215,16.38947688720742,16.255794703271313,16.362741470336914,183300,0.0,0.0
2024-04-19 00:00:00-04:00,16.362744502729555,16.41621704624145,16.33600738104285,16.38056755065918,154400,0.0,0.0
2024-04-22 00:00:00-04:00,16.434039402017294,16.496424310344477,16.371654493690112,16.425127029418945,164700,0.0,0.0
2024-04-23 00:00:00-04:00,16.478593933702737,16.656837925033553,16.460769194597518,16.612276077270508,143900,0.0,0.0
2024-04-24 00:00:00-04:00,16.549894332885742,16.665753459209213,16.49642180527699,16.549894332885742,88200,0.0,0.0
2024-04-25 00:00:00-04:00,16.442952442540456,16.532072772421557,16.377893649804903,16.434040069580078,84300,0.0,0.0
2024-04-26 00:00:00-04:00,16.451863885124563,16.549898292412628,16.407303718099847,16.471471786499023,87500,0.0,0.0
2024-04-29 00:00:00-04:00,16.514242177703462,16.56771469116211,16.469680333270794,16.56771469116211,150300,0.0,0.0
2024-04-30 00:00:00-04:00,16.558809185001422,16.594458675322333,16.50533664938132,16.532072067260742,110300,0.0,0.0
2024-05-01 00:00:00-04:00,16.59445966166859,16.906384221210512,16.540985423008813,16.808351516723633,128200,0.0,0.0
2024-05-02 00:00:00-04:00,16.888554856602607,17.129182041104116,16.763783379603268,16.986587524414062,143300,0.0,0.0
2024-05-03 00:00:00-04:00,17.147012615862444,17.147012615862444,16.97768093222089,17.120275497436523,75600,0.0,0.0
2024-05-06 00:00:00-04:00,17.07571162873392,17.209393792139,17.07571162873392,17.147008895874023,85800,0.0,0.0
2024-05-07 00:00:00-04:00,17.1202743545291,17.262870610086665,17.06680182110826,17.15592384338379,72300,0.0,0.0
2024-05-08 00:00:00-04:00,17.084625418894834,17.334166724546026,17.084625418894834,17.245044708251953,100300,0.0,0.0
2024-05-09 00:00:00-04:00,17.2806936938657,17.378728088577358,17.14701151007965,17.34040641784668,124600,0.0,0.0
2024-05-10 00:00:00-04:00,17.316342736460403,17.378727640628465,17.19157292812428,17.33416748046875,77300,0.0,0.0
2024-05-13 00:00:00-04:00,17.378726860906667,17.476761248692966,17.272672528579246,17.35198974609375,97700,0.0,0.0
2024-05-14 00:00:00-04:00,17.445320309494726,17.588903051824616,17.292763431814052,17.418397903442383,88600,0.134,0.0
2024-05-15 00:00:00-04:00,17.490189045551727,17.58890282147624,17.301737340577244,17.31340217590332,100400,0.0,0.0
2024-05-16 00:00:00-04:00,17.418397903442383,17.418397903442383,17.292763431814052,17.418397903442383,93700,0.0,0.0
2024-05-17 00:00:00-04:00,17.4722396440839,17.51711031734563,17.33763104758105,17.364553451538086,170400,0.0,0.0
2024-05-20 00:00:00-04:00,17.400447238162517,17.481212733563627,17.30173518617088,17.46326446533203,69600,0.0,0.0
2024-05-21 00:00:00-04:00,17.445316782685765,17.63376845203018,17.247889268163853,17.606847763061523,184200,0.0,0.0
2024-05-22 00:00:00-04:00,17.51711106345376,17.669667935759172,17.463266253246267,17.48121452331543,114500,0.0,0.0
2024-05-23 00:00:00-04:00,17.427372900190655,17.43634703598501,17.274816014969424,17.319684982299805,83800,0.0,0.0
2024-05-24 00:00:00-04:00,17.364552725194304,17.523391307450296,17.319682053809473,17.4453182220459,52600,0.0,0.0
2024-05-28 00:00:00-04:00,17.4812119761775,17.57902883565296,17.34211718251169,17.346603393554688,53900,0.0,0.0
2024-05-29 00:00:00-04:00,17.301736220612835,17.364553451538086,17.21379038567631,17.364553451538086,88000,0.0,0.0
2024-05-30 00:00:00-04:00,17.310714809030003,17.570957934339674,17.310714809030003,17.490192413330078,147300,0.0,0.0
2024-05-31 00:00:00-04:00,17.490186109904485,17.561977468079387,17.346603393554688,17.346603393554688,97900,0.0,0.0
2024-06-03 00:00:00-04:00,17.346610393027174,17.436350054866598,17.274819005883973,17.409427642822266,148100,0.0,0.0
2024-06-04 00:00:00-04:00,17.44532049015252,17.53506013294834,17.328658441025556,17.391475677490234,146600,0.0,0.0
2024-06-05 00:00:00-04:00,17.48121053560794,17.526081200545228,17.4174964165301,17.508132934570312,78000,0.0,0.0
2024-06-06 00:00:00-04:00,17.535059951361234,17.535059951361234,17.364554802978997,17.418397903442383,93300,0.0,0.0
2024-06-07 00:00:00-04:00,17.41839331633659,17.54402775487929,17.391470917374217,17.508132934570312,99100,0.0,0.0
2024-06-10 00:00:00-04:00,17.364552725194304,17.597875081472125,17.364552725194304,17.4453182220459,99200,0.0,0.0
2024-06-11 00:00:00-04:00,17.49411801883928,17.575444116021544,17.421828346179687,17.530261993408203,76500,0.134,0.0
2024-06-12 00:00:00-04:00,17.629659811331226,17.76520272345295,17.62514073759824,17.692913055419922,112800,0.0,0.0
2024-06-13 00:00:00-04:00,17.692916261343733,17.720025538088883,17.457974366784942,17.593517303466797,91900,0.0,0.0
2024-06-14 00:00:00-04:00,17.66580226851394,17.66580226851394,17.457969706183537,17.54833221435547,52600,0.0,0.0
2024-06-17 00:00:00-04:00,17.43989919055446,17.683877478168068,17.424539164987465,17.494117736816406,95700,0.0,0.0
2024-06-18 00:00:00-04:00,17.485076852668946,17.5483300836527,17.35856866718016,17.39471435546875,121500,0.0,0.0
2024-06-20 00:00:00-04:00,17.313388228685813,17.412787147661597,17.22302573175521,17.304351806640625,157800,0.0,0.0
2024-06-21 00:00:00-04:00,17.376639723144187,17.39471256542866,17.26820611647957,17.367603302001953,55300,0.0,0.0
2024-06-24 00:00:00-04:00,17.31339297542942,17.58447881702246,17.304356550906753,17.530261993408203,126000,0.0,0.0
2024-06-25 00:00:00-04:00,17.46700846368543,17.54743143417545,17.420923216419293,17.494117736816406,77600,0.0,0.0
2024-06-26 00:00:00-04:00,17.439896982661992,17.530259491470286,17.394716590018596,17.521223068237305,81900,0.0,0.0
2024-06-27 00:00:00-04:00,17.61158683849702,17.720022201538086,17.421827107577183,17.720022201538086,111100,0.0,0.0
2024-06-28 00:00:00-04:00,17.909780379148007,18.13568578599603,17.8374907178975,17.9368896484375,318900,0.0,0.0
2024-07-01 00:00:00-04:00,18.00014173910066,18.135684629864457,17.837489580775554,18.009178161621094,236500,0.0,0.0
2024-07-02 00:00:00-04:00,18.018218344147567,18.054362318250394,17.774240055747004,17.82845687866211,179000,0.0,0.0
2024-07-03 00:00:00-04:00,17.873641227976808,17.936894483180218,17.774242270644635,17.80135154724121,71400,0.0,0.0
2024-07-05 00:00:00-04:00,17.846527140993995,17.982070040398515,17.80134674903298,17.9368896484375,74200,0.0,0.0
2024-07-08 00:00:00-04:00,17.963998348660187,18.003758268135652,17.801347893034933,17.864601135253906,99200,0.0,0.0
2024-07-09 00:00:00-04:00,17.864603068401795,18.009182415839277,17.846530219091665,17.954965591430664,121200,0.0,0.0
2024-07-10 00:00:00-04:00,18.009178114238207,18.06339492569681,17.8420086068534,17.91881561279297,129200,0.0,0.0
2024-07-11 00:00:00-04:00,17.93688938455184,18.081468704925822,17.891707269734063,18.054359436035156,141100,0.0,0.0
2024-07-12 00:00:00-04:00,18.135685519185703,18.135685519185703,18.018215467702387,18.054359436035156,78300,0.0,0.0
2024-07-15 00:00:00-04:00,18.090504362959113,18.113094557652083,17.900742935791136,17.98206901550293,115800,0.0,0.0
2024-07-16 00:00:00-04:00,18.067584991455078,18.16674678373912,17.958414533486145,18.067584991455078,67400,0.134,0.0
2024-07-17 00:00:00-04:00,18.06758769960137,18.140367437421073,17.967514909397092,18.040294647216797,68900,0.0,0.0
2024-07-18 00:00:00-04:00,18.10397747912402,18.167659535552964,17.667299033434777,17.712785720825195,170900,0.0,0.0
2024-07-19 00:00:00-04:00,17.66729610651323,17.858342244149657,17.66729610651323,17.78556251525879,21000,0.0,0.0
2024-07-22 00:00:00-04:00,17.840152324211502,18.076686926109133,17.749177210373034,18.031198501586914,100200,0.0,0.0
2024-07-23 00:00:00-04:00,18.040296186491357,18.06758924120469,17.967516442461775,18.031198501586914,47600,0.0,0.0
2024-07-24 00:00:00-04:00,17.967510223388672,18.03119226047162,17.8765351410393,17.967510223388672,49100,0.0,0.0
2024-07-25 00:00:00-04:00,17.90383438333664,18.103978245616496,17.894736698432197,18.031198501586914,84900,0.0,0.0
2024-07-26 00:00:00-04:00,18.103974556164285,18.176754285361913,17.96751278081944,18.085779190063477,91700,0.0,0.0
2024-07-29 00:00:00-04:00,18.085776859767485,18.128535791074473,18.022094821825494,18.122167587280273,45600,0.0,0.0
2024-07-30 00:00:00-04:00,18.158558919261104,18.20404733451313,18.04939019306747,18.085779190063477,110700,0.0,0.0
2024-07-31 00:00:00-04:00,18.122169352836764,18.264090080593594,18.003902947308852,18.067584991455078,129100,0.0,0.0
2024-08-01 00:00:00-04:00,18.103974269756495,18.285924457474888,18.07668295624265,18.176753997802734,106400,0.0,0.0
2024-08-02 00:00:00-04:00,18.167657559818924,18.28592571050178,18.013000410222222,18.25863265991211,128200,0.0,0.0
2024-08-05 00:00:00-04:00,17.96751390141323,18.103975685268896,17.831052117557565,17.91292953491211,121700,0.0,0.0
2024-08-06 00:00:00-04:00,17.922029086083032,18.19495268223418,17.84924934476233,18.113075256347656,64900,0.0,0.0
2024-08-07 00:00:00-04:00,18.231337788681312,18.231337788681312,17.94021717812225,17.967510223388672,101700,0.0,0.0
2024-08-08 00:00:00-04:00,18.113074455443908,18.185854193546515,18.02209934901419,18.14036750793457,65900,0.0,0.0
2024-08-09 00:00:00-04:00,18.19494936361569,18.229519864578073,17.994805545289932,18.176753997802734,49700,0.0,0.0
2024-08-12 00:00:00-04:00,18.19494730710046,18.276824708798845,18.10397222352388,18.122167587280273,139100,0.0,0.0
2024-08-13 00:00:00-04:00,18.144149780273438,18.2174224020435,18.098355046776064,18.144149780273438,109900,0.134,0.0
2024-08-14 00:00:00-04:00,18.1441542410715,18.254064074226825,18.116678093000818,18.19911003112793,100700,0.0,0.0
2024-08-15 00:00:00-04:00,18.153309448309344,18.318173287409167,18.153309448309344,18.281536102294922,79100,0.0,0.0
2024-08-16 00:00:00-04:00,18.30901837591355,18.49220085144043,18.30901837591355,18.49220085144043,67700,0.0,0.0
2024-08-19 00:00:00-04:00,18.519674092248167,18.628668504083375,18.42808461582214,18.528833389282227,93400,0.0,0.0
2024-08-20 00:00:00-04:00,18.45556365755203,18.583792089203868,18.428087509093288,18.49220085144043,112200,0.0,0.0
2024-08-21 00:00:00-04:00,18.50135675084169,18.620424115188808,18.33649290254781,18.473878860473633,99000,0.0,0.0
2024-08-22 00:00:00-04:00,18.418923755030193,18.684536358638397,18.400605162517312,18.437240600585938,136900,0.0,0.0
2024-08-23 00:00:00-04:00,18.50135724513733,18.556311280384406,18.464720057001095,18.528833389282227,100600,0.0,0.0
2024-08-26 00:00:00-04:00,18.51051697750668,18.70285874398344,18.51051697750668,18.59294891357422,109100,0.0,0.0
2024-08-27 00:00:00-04:00,18.657061196645657,18.85856048399813,18.528832789278425,18.785287857055664,152700,0.0,0.0
2024-08-28 00:00:00-04:00,18.70285811125735,18.776130746732154,18.602107582370458,18.620426177978516,83600,0.0,0.0
2024-08-29 00:00:00-04:00,18.638744634000776,18.73949341517573,18.609435929421835,18.702857971191406,80100,0.0,0.0
2024-08-30 00:00:00-04:00,18.77613018568561,18.87688071156199,18.620425621584555,18.721176147460938,106900,0.0,0.0
2024-09-03 00:00:00-04:00,18.785290183878704,18.785290183878704,18.547153680079823,18.766971588134766,163700,0.0,0.0
2024-09-04 00:00:00-04:00,18.675379082608377,18.78528890261811,18.675379082608377,18.739492416381836,73500,0.0,0.0
2024-09-05 00:00:00-04:00,18.794446078234458,18.821922219917226,18.647900832735942,18.74864959716797,111500,0.0,0.0
2024-09-06 00:00:00-04:00,18.81276793794827,18.81276793794827,18.54715354250371,18.620426177978516,125900,0.0,0.0
2024-09-09 00:00:00-04:00,18.61126708984375,18.74590510046917,18.56547234726512,18.61126708984375,109200,0.0,0.0
2024-09-10 00:00:00-04:00,18.7071533203125,18.753252056211252,18.578073694398707,18.7071533203125,79500,0.134,0.0
2024-09-11 00:00:00-04:00,18.753251884394388,18.753251884394388,18.53197478871043,18.64261245727539,85000,0.0,0.0
2024-09-12 00:00:00-04:00,18.624174091490676,18.836231089202847,18.614953992648314,18.670272827148438,102400,0.0,0.0
2024-09-13 00:00:00-04:00,18.81779098749222,18.87310982227448,18.651832724591394,18.76247215270996,125500,0.0,0.0
2024-09-16 00:00:00-04:00,18.84545625417231,18.983754256877578,18.744036898196338,18.89524269104004,83300,0.0,0.0
2024-09-17 00:00:00-04:00,18.882329986957355,18.965309118696904,18.873109888035845,18.95608901977539,68300,0.0,0.0
2024-09-18 00:00:00-04:00,19.011409756527186,19.1220474273107,18.928430624162516,19.066728591918945,86800,0.0,0.0
2024-09-19 00:00:00-04:00,19.103611082193684,19.195810332144305,19.02063193309357,19.140491485595703,106000,0.0,0.0
2024-09-20 00:00:00-04:00,19.186582729061158,19.306442234696483,19.140484001388334,19.297222137451172,75800,0.0,0.0
2024-09-23 00:00:00-04:00,19.297222137451172,19.297222137451172,19.09438351516177,19.297222137451172,168700,0.0,0.0
2024-09-24 00:00:00-04:00,19.370981156859937,19.43367535615283,19.158924195878956,19.297222137451172,110500,0.0,0.0
2024-09-25 00:00:00-04:00,19.29722503588016,19.34332377047698,19.186585610872186,19.283395767211914,67700,0.0,0.0
2024-09-26 00:00:00-04:00,19.361764911362485,19.370985010442006,19.241907140436897,19.306446075439453,86900,0.0,0.0
2024-09-27 00:00:00-04:00,19.334104537963867,19.36176483509347,19.269565603215543,19.334104537963867,98700,0.0,0.0
2024-09-30 00:00:00-04:00,19.361763100783065,19.398643493652344,19.232685242848433,19.398643493652344,127900,0.0,0.0
2024-10-01 00:00:00-04:00,19.398645324816485,19.509282996760287,19.31566619158159,19.42630386352539,163400,0.0,0.0
2024-10-02 00:00:00-04:00,19.48162269592285,19.56460182914252,19.37098502399935,19.48162269592285,111400,0.0,0.0
2024-10-03 00:00:00-04:00,19.426299981778072,19.472400468004636,19.269561845715234,19.297222137451172,66200,0.0,0.0
2024-10-04 00:00:00-04:00,19.288010416390115,19.44474862051949,19.177370959952817,19.4041805267334,111000,0.0,0.0
2024-10-07 00:00:00-04:00,19.361764838415368,19.386658929980875,19.265877918614525,19.278785705566406,67800,0.0,0.0
2024-10-08 00:00:00-04:00,19.241909129671708,19.619924438240947,19.223468929606312,19.518505096435547,117600,0.0,0.0
2024-10-09 00:00:00-04:00,19.564599989206606,19.564599989206606,19.453962327687925,19.509281158447266,74000,0.0,0.0
2024-10-10 00:00:00-04:00,19.53694329402328,19.546163393110945,19.417083764437727,19.42630386352539,50600,0.0,0.0
2024-10-11 00:00:00-04:00,19.463184332520516,19.50006297045473,19.370985099853833,19.453964233398438,95200,0.0,0.0
2024-10-14 00:00:00-04:00,19.380205126641155,19.467793430142837,19.380205126641155,19.42630386352539,61200,0.0,0.0
2024-10-15 00:00:00-04:00,19.365065315082035,19.476411125347653,19.33722797761076,19.420738220214844,115400,0.134,0.0
2024-10-16 00:00:00-04:00,19.43929661787246,19.578479766845703,19.337228149380863,19.578479766845703,93600,0.0,0.0
2024-10-17 00:00:00-04:00,19.61559347111862,19.61559347111862,19.467131216961047,19.504247665405273,63700,0.0,0.0
2024-10-18 00:00:00-04:00,19.522808050430253,19.587760072586935,19.365066666702656,19.383623123168945,87100,0.0,0.0
2024-10-21 00:00:00-04:00,19.37712709026214,19.38362229219936,19.281555591675797,19.31867027282715,64300,0.0,0.0
2024-10-22 00:00:00-04:00,19.30939279146706,19.362283561574262,19.23516165308305,19.290836334228516,64700,0.0,0.0
2024-10-23 00:00:00-04:00,19.207322097845726,19.28155322083082,19.07741630526463,19.14236831665039,82100,0.0,0.0
2024-10-24 00:00:00-04:00,19.21659929748959,19.21659929748959,19.095974387209672,19.123811721801758,84400,0.0,0.0
2024-10-25 00:00:00-04:00,19.207323453093483,19.21660079553784,19.04030297213985,19.095975875854492,72900,0.0,0.0
2024-10-28 00:00:00-04:00,19.09597471054975,19.124739425839092,18.855650496321292,18.864002227783203,137600,0.0,0.0
2024-10-29 00:00:00-04:00,18.836164563317723,18.88998270224204,18.69698143005371,18.69698143005371,129500,0.0,0.0
2024-10-30 00:00:00-04:00,18.706264633392983,18.775857100152447,18.56708146968401,18.715543746948242,184800,0.0,0.0
2024-10-31 00:00:00-04:00,18.715543884423457,18.836168821907968,18.632033631622658,18.724822998046875,130600,0.0,0.0
2024-11-01 00:00:00-04:00,18.743381087614015,18.910399822178817,18.63203349476087,18.715543746948242,145700,0.0,0.0
2024-11-04 00:00:00-05:00,18.71554349189977,18.882563993998428,18.69698526504216,18.845447540283203,100200,0.0,0.0
2024-11-05 00:00:00-05:00,18.910395596532013,18.956791153940923,18.73873645864292,18.836164474487305,101500,0.0,0.0
2024-11-06 00:00:00-05:00,18.79905128479004,18.89091148704673,18.706261932445017,18.79905128479004,77900,0.0,0.0
2024-11-07 00:00:00-05:00,18.873283143140647,19.00318717956543,18.78977289977907,19.00318717956543,134200,0.0,0.0
2024-11-08 00:00:00-05:00,19.003187487862125,19.188766202745185,18.956793694046254,19.170207977294922,115600,0.0,0.0
2024-11-11 00:00:00-05:00,19.077418726937616,19.181343728156566,18.928956462121743,19.031024932861328,89800,0.0,0.0
2024-11-12 00:00:00-05:00,18.91334288749969,19.14403872883808,18.726543726648558,18.745223999023438,109400,0.134,0.0
2024-11-13 00:00:00-05:00,18.735880081839962,18.88345170979244,18.61446189880371,18.61446189880371,112300,0.0,0.0
2024-11-14 00:00:00-05:00,18.735882378438486,18.763902784780814,18.47436571170481,18.5117244720459,138500,0.0,0.0
2024-11-15 00:00:00-05:00,18.35294290960109,18.539742026922347,18.287563752973174,18.44634246826172,119300,0.0,0.0
2024-11-18 00:00:00-05:00,18.39964430431382,18.689181344261428,18.39964430431382,18.623802185058594,143900,0.0,0.0
2024-11-19 00:00:00-05:00,18.614462619874768,18.838620507473866,18.567761946552956,18.791921615600586,162200,0.0,0.0
2024-11-20 00:00:00-05:00,18.670499447980227,18.83861828924586,18.670499447980227,18.773239135742188,117600,0.0,0.0
2024-11-21 00:00:00-05:00,18.74522212727962,19.146839035993214,18.74522212727962,19.00674057006836,170400,0.0,0.0
2024-11-22 00:00:00-05:00,18.913338088989256,18.913338088989256,18.642479552619623,18.679840087890625,326000,0.0,0.0
2024-11-25 00:00:00-05:00,18.73588020185629,18.819939629669253,18.73588020185629,18.754560470581055,146400,0.0,0.0
2024-11-26 00:00:00-05:00,18.74522390646829,18.866643894856658,18.53974625570566,18.605125427246094,131900,0.0,0.0
2024-11-27 00:00:00-05:00,18.614462984165495,18.847961010998585,18.614462984165495,18.68918228149414,160800,0.0,0.0
2024-11-29 00:00:00-05:00,18.679840214350023,18.826476575239816,18.67050008046904,18.81993865966797,67900,0.0,0.0
2024-12-02 00:00:00-05:00,18.78258129376717,18.941360018582028,18.68918172950281,18.913339614868164,216600,0.0,0.0
2024-12-03 00:00:00-05:00,18.84796153386197,19.04409902674752,18.707863070165345,18.988059997558594,170500,0.0,0.0
2024-12-04 00:00:00-05:00,18.85730089105884,18.959105331054715,18.773241460018795,18.93202018737793,141500,0.0,0.0
2024-12-05 00:00:00-05:00,18.960037231445312,19.03475652154314,18.80219377771459,18.960037231445312,136100,0.0,0.0
2024-12-06 00:00:00-05:00,18.96003789683977,19.0440973238309,18.8199394456707,18.875978469848633,101600,0.0,0.0
2024-12-09 00:00:00-05:00,18.932021011608224,18.932021011608224,18.819941171525777,18.857301712036133,123000,0.0,0.0
2024-12-10 00:00:00-05:00,18.72002527600703,18.851657226430422,18.578990787217563,18.682416915893555,238600,0.134,0.0
2024-12-11 00:00:00-05:00,18.663615820973995,18.80465033985265,18.56959221060449,18.578994750976562,238200,0.0,0.0
2024-12-12 00:00:00-05:00,18.59779738982817,18.644808292164782,18.409750193779775,18.466163635253906,196100,0.0,0.0
2024-12-13 00:00:00-05:00,18.447363455634715,18.616603808545886,18.42855837419416,18.588397979736328,155200,0.0,0.0
2024-12-16 00:00:00-05:00,18.616603808545886,18.66267679608063,18.522581988045662,18.588397979736328,174200,0.0,0.0
2024-12-17 00:00:00-05:00,18.588396565480792,18.631646814822453,18.381544272075125,18.409751892089844,201900,0.0,0.0
2024-12-18 00:00:00-05:00,18.381542423677708,18.531979461926404,18.06186326906149,18.11827850341797,317100,0.0,0.0
2024-12-19 00:00:00-05:00,18.07126665671714,18.221703702030105,17.789197645093086,18.024255752563477,287900,0.0,0.0
2024-12-20 00:00:00-05:00,17.911426753275528,18.20290009256652,17.909547321419396,18.09947395324707,272200,0.0,0.0
2024-12-23 00:00:00-05:00,18.052463371066295,18.099474275219958,17.911427071903233,18.024255752563477,282200,0.0,0.0
2024-12-24 00:00:00-05:00,18.09947395324707,18.19349755323284,17.977244528611273,18.09947395324707,111200,0.0,0.0
2024-12-26 00:00:00-05:00,18.08066919621808,18.15588771887456,17.967842308908875,18.024255752563477,544700,0.0,0.0
2024-12-27 00:00:00-05:00,18.03365686264496,18.04305940140062,17.939633268439284,17.977243423461914,254200,0.0,0.0
2024-12-30 00:00:00-05:00,17.855013422689495,18.052463163233988,17.798599979684365,17.96784210205078,367000,0.0,0.0
2024-12-31 00:00:00-05:00,17.93023356473222,18.14648661025262,17.93023356473222,18.07126808166504,362500,0.0,0.0
2025-01-02 00:00:00-05:00,18.137083319044645,18.353336334228516,18.086309967528834,18.353336334228516,113700,0.0,0.0
2025-01-03 00:00:00-05:00,18.33453199378727,18.550785017668726,18.33453199378727,18.522579193115234,177200,0.0,0.0
2025-01-06 00:00:00-05:00,18.56959148547098,18.588396565480792,18.343935905406635,18.409751892089844,154900,0.0,0.0
2025-01-07 00:00:00-05:00,18.400347228456734,18.450179070715507,18.184094213355575,18.221702575683594,191300,0.0,0.0
2025-01-08 00:00:00-05:00,18.240509915917933,18.47556803801314,18.193499008839353,18.437959671020508,228400,0.0,0.0
2025-01-10 00:00:00-05:00,18.381541831826308,18.400346909339646,18.240507337178073,18.296920776367188,178800,0.0,0.0
2025-01-13 00:00:00-05:00,18.32512813104005,18.33453066966249,18.184093638405127,18.21230125427246,123700,0.0,0.0
2025-01-14 00:00:00-05:00,18.272895754880732,18.273843822842363,18.18768521233294,18.23502540588379,112800,0.134,0.0
2025-01-15 00:00:00-05:00,18.320234744104297,18.528526164504257,18.320234744104297,18.47171974182129,125700,0.0,0.0
2025-01-16 00:00:00-05:00,18.481189784273056,18.552197368866935,18.452785666929216,18.519060134887695,97500,0.0,0.0
2025-01-17 00:00:00-05:00,18.537997875823464,18.6421445095815,18.414916967981767,18.43385124206543,134500,0.0,0.0
2025-01-21 00:00:00-05:00,18.680011749267578,18.680011749267578,18.481188360707073,18.680011749267578,135300,0.0,0.0
2025-01-22 00:00:00-05:00,18.70841380784499,18.70841380784499,18.519056672641774,18.62320327758789,135900,0.0,0.0
2025-01-23 00:00:00-05:00,18.55692878087698,18.632671273621643,18.481186288132317,18.61373519897461,84900,0.0,0.0
2025-01-24 00:00:00-05:00,18.55692878087698,18.724509249231936,18.547460743553465,18.61373519897461,135700,0.0,0.0
2025-01-27 00:00:00-05:00,18.61373519897461,18.66107357974872,18.575864855524014,18.61373519897461,76400,0.0,0.0
2025-01-28 00:00:00-05:00,18.651609560272785,18.736820100446582,18.60426936804085,18.708415985107422,105100,0.0,0.0
2025-01-29 00:00:00-05:00,18.831496994332653,18.831496994332653,18.680011989903598,18.736820220947266,131600,0.0,0.0
2025-01-30 00:00:00-05:00,18.812563000864934,18.850433349609375,18.746286730335644,18.850433349609375,91300,0.0,0.0
2025-01-31 00:00:00-05:00,19.02085461280885,19.02085461280885,18.793627100669784,18.91670799255371,309900,0.0,0.0
2025-02-03 00:00:00-05:00,18.86936946688976,18.926175893048665,18.746286770061122,18.859901428222656,180000,0.0,0.0
2025-02-04 00:00:00-05:00,18.784158924729542,18.964048047717085,18.774690886062437,18.859901428222656,114400,0.0,0.0
2025-02-05 00:00:00-05:00,18.926174245359263,18.992448704415498,18.859899786303025,18.945110321044922,124400,0.0,0.0
2025-02-06 00:00:00-05:00,18.95457902520839,19.30488740848981,18.917654940413843,19.172338485717773,335300,0.0,0.0
2025-02-07 00:00:00-05:00,19.153403744804987,19.153403744804987,18.95458034678431,18.964048385620117,184900,0.0,0.0
2025-02-10 00:00:00-05:00,18.945108709595367,19.229142597346367,18.939427526204188,19.0587215423584,84000,0.0,0.0
2025-02-11 00:00:00-05:00,19.05300763341558,19.13783660150851,18.967226061934863,19.081602096557617,96100,0.134,0.0
2025-02-12 00:00:00-05:00,18.862380983470278,19.047286004665047,18.862380983470278,18.938631057739258,65900,0.0,0.0
2025-02-13 00:00:00-05:00,18.938630080223902,18.987238295672793,18.90050413608469,18.919567108154297,81500,0.0,0.0
2025-02-14 00:00:00-05:00,19.18644380175295,19.18644380175295,18.976756537069555,19.024412155151367,111400,0.0,0.0
2025-02-18 00:00:00-05:00,19.081601125020587,19.110193768761437,18.938632452480423,18.98628807067871,76800,0.0,0.0
2025-02-19 00:00:00-05:00,19.014881088231213,19.039661498787627,18.91956804112813,18.976755142211914,33800,0.0,0.0
2025-02-20 00:00:00-05:00,18.93862955824952,19.05109854523728,18.814722061157227,18.814722061157227,87600,0.0,0.0
2025-02-21 00:00:00-05:00,18.82425503534233,18.967223697338174,18.82425503534233,18.862380981445312,66000,0.0,0.0
2025-02-24 00:00:00-05:00,18.833787452212405,18.919569017236352,18.833787452212405,18.843318939208984,50900,0.0,0.0
2025-02-25 00:00:00-05:00,18.89097218606966,18.957690768729528,18.852848060811894,18.92909812927246,72700,0.0,0.0
2025-02-26 00:00:00-05:00,18.98628755935467,19.053006150213577,18.871911533635643,19.03394317626953,87300,0.0,0.0
2025-02-27 00:00:00-05:00,19.053004702288174,19.053004702288174,18.871910099472448,18.94816017150879,91100,0.0,0.0
2025-02-28 00:00:00-05:00,18.948159754259276,19.014880156523827,18.871909683902008,18.995817184448242,106600,0.0,0.0
2025-03-03 00:00:00-05:00,19.005351553897967,19.062538660855836,18.900507009520744,19.014883041381836,163500,0.0,0.0
2025-03-04 00:00:00-05:00,19.043473729800525,19.11019231738913,18.910036554623304,18.976755142211914,140100,0.0,0.0
2025-03-05 00:00:00-05:00,18.91003799079427,19.07206963779187,18.82425642368111,18.98628807067871,81500,0.0,0.0
2025-03-06 00:00:00-05:00,18.919567526442503,19.014880570952702,18.833785968177835,18.871910095214844,59500,0.0,0.0
2025-03-07 00:00:00-05:00,18.96722365570709,19.052052613038416,18.791848303497673,18.976755142211914,83800,0.0,0.0
2025-03-10 00:00:00-04:00,18.95769070369222,18.95769070369222,18.71940901332728,18.73847198486328,105600,0.0,0.0
2025-03-11 00:00:00-04:00,18.723118409912303,18.857471311960083,18.502395262142088,18.540781021118164,111800,0.134,0.0
2025-03-12 00:00:00-04:00,18.569570457231453,18.569570457231453,18.416023770870108,18.464006423950195,204000,0.0,0.0
2025-03-13 00:00:00-04:00,18.406426501608482,18.559973184861917,18.348846952993657,18.39682960510254,141800,0.0,0.0
2025-03-14 00:00:00-04:00,18.34884958741409,18.684731861241957,18.34884958741409,18.425622940063477,95000,0.0,0.0
2025-03-17 00:00:00-04:00,18.69432771786449,18.69432771786449,18.483201467443546,18.540781021118164,122000,0.0,0.0
2025-03-18 00:00:00-04:00,18.53118624256218,18.66554099039264,18.521589344115633,18.627153396606445,96600,0.0,0.0
2025-03-19 00:00:00-04:00,18.511993761164437,18.77014354963744,18.511993761164437,18.68473243713379,174500,0.0,0.0
2025-03-20 00:00:00-04:00,18.71351925765214,18.89585662447529,18.703922361459263,18.809486389160156,124200,0.0,0.0
2025-03-21 00:00:00-04:00,18.81908504870867,19.001420602195942,18.81908504870867,18.82868194580078,94400,0.0,0.0
2025-03-24 00:00:00-04:00,18.809489833712515,19.068600587108467,18.73271648053088,18.847875595092773,127900,0.0,0.0
2025-03-25 00:00:00-04:00,18.867068218002753,19.028291700534375,18.75190911060045,18.876665115356445,86400,0.0,0.0
2025-03-26 00:00:00-04:00,18.857472054790215,18.885303607325742,18.636748898325315,18.675134658813477,112100,0.0,0.0
2025-03-27 00:00:00-04:00,18.751910359766928,18.8449964264146,18.50239650321246,18.617555618286133,105100,0.0,0.0
2025-03-28 00:00:00-04:00,18.780698927974843,18.780698927974843,18.61755532550183,18.655942916870117,47200,0.0,0.0
2025-03-31 00:00:00-04:00,18.732716269185588,18.761505132290697,18.589725603054596,18.655942916870117,132600,0.0,0.0
2025-04-01 00:00:00-04:00,18.7327130500379,18.88625972828241,18.69432546526638,18.809486389160156,158000,0.0,0.0
2025-04-02 00:00:00-04:00,18.79989198741216,19.011018240406237,18.73751306909215,18.963035583496094,122300,0.0,0.0
2025-04-03 00:00:00-04:00,18.761504468776426,18.84787471587942,18.65594225708913,18.732715606689453,115600,0.0,0.0
2025-04-04 00:00:00-04:00,18.47360599723008,18.569573147715506,17.701073089933075,17.82103157043457,298700,0.0,0.0
2025-04-07 00:00:00-04:00,17.27402041738682,17.797039442130096,16.79418651690385,17.139667510986328,281600,0.0,0.0
2025-04-08 00:00:00-04:00,17.317578008260178,18.0534055586462,17.027502059936523,17.027502059936523,202800,0.134,0.0
2025-04-09 00:00:00-04:00,16.9404806954184,17.979921156886157,16.82444919728185,17.931575775146484,280500,0.0,0.0
2025-04-10 00:00:00-04:00,17.356258009205227,17.759464477405267,17.29824133669925,17.443281173706055,241800,0.0,0.0
2025-04-11 00:00:00-04:00,17.327246526187018,17.510962267242103,17.17253911611678,17.336915969848633,184200,0.0,0.0
2025-04-14 00:00:00-04:00,17.443281882631442,17.549642098032123,17.40460409938886,17.5206356048584,91000,0.0,0.0
2025-04-15 00:00:00-04:00,17.4722868967151,17.801040649414062,17.4722868967151,17.801040649414062,85300,0.0,0.0
2025-04-16 00:00:00-04:00,17.79137402912519,17.89773609666707,17.59992341410481,17.74302864074707,63600,0.0,0.0
2025-04-17 00:00:00-04:00,17.752696605117062,17.936410541022475,17.675342883615258,17.839719772338867,63200,0.0,0.0
2025-04-21 00:00:00-04:00,17.810709754913702,17.902566714200606,17.54964027787762,17.63666343688965,79800,0.0,0.0
2025-04-22 00:00:00-04:00,17.6753416498179,17.825213437370866,17.65600275972782,17.733356475830078,88200,0.0,0.0
2025-04-23 00:00:00-04:00,17.87839641907928,18.129796484982023,17.820381586719655,17.91707420349121,78000,0.0,0.0
2025-04-24 00:00:00-04:00,18.100786456251182,18.24582628999247,17.98475680236787,18.149133682250977,94900,0.0,0.0
2025-04-25 00:00:00-04:00,18.100788116455078,18.144299701716726,18.013764945931783,18.100788116455078,67600,0.0,0.0
2025-04-28 00:00:00-04:00,18.100786554914215,18.178140272677425,18.042771727656334,18.081449508666992,64100,0.0,0.0
2025-04-29 00:00:00-04:00,18.17814102550657,18.35218735874627,18.081450257491788,18.09111785888672,68600,0.0,0.0
2025-04-30 00:00:00-04:00,18.052442730279143,18.178141840891534,17.84938805097203,18.100788116455078,92000,0.0,0.0
2025-05-01 00:00:00-04:00,18.09111852509205,18.274834310750197,18.09111852509205,18.23615837097168,135900,0.0,0.0
2025-05-02 00:00:00-04:00,18.274832733137607,18.46821794811057,18.25936309626495,18.40053367614746,94500,0.0,0.0
2025-05-05 00:00:00-04:00,18.178140586026753,18.603586963187183,18.178140586026753,18.429540634155273,69800,0.0,0.0
2025-05-06 00:00:00-04:00,18.342515757965796,18.397631407286998,18.274831490604637,18.294170379638672,93900,0.0,0.0
2025-05-07 00:00:00-04:00,18.23615679669787,18.50689388455031,18.23615679669787,18.40053367614746,43000,0.0,0.0
2025-05-08 00:00:00-04:00,18.332847888837616,18.61325627115344,18.32027926971761,18.564910888671875,103500,0.0,0.0
2025-05-09 00:00:00-04:00,18.661601737269212,18.700279518834304,18.564910971872752,18.680940628051758,77700,0.0,0.0
2025-05-12 00:00:00-04:00,18.758294957105633,18.825979232788086,18.564911575764082,18.825979232788086,94400,0.0,0.0
2025-05-13 00:00:00-04:00,18.966181312455873,18.985654224016034,18.635149244089394,18.907764434814453,152100,0.134,0.0
2025-05-14 00:00:00-04:00,18.90776436253442,18.90776436253442,18.727644573889144,18.80553436279297,49700,0.0,0.0
2025-05-15 00:00:00-04:00,18.781192447244063,18.94670660873231,18.635147481396274,18.742246627807617,86900,0.0,0.0
2025-05-16 00:00:00-04:00,18.810399954782515,18.810399954782515,18.73056399620001,18.742246627807617,57400,0.0,0.0
2025-05-19 00:00:00-04:00,18.683828696314237,18.87855221133895,18.683828696314237,18.790925979614258,84800,0.0,0.0
2025-05-20 00:00:00-04:00,18.92723739417782,19.00512718357612,18.684804658646996,18.97591781616211,114300,0.0,0.0
2025-05-21 00:00:00-04:00,18.98565123313674,18.98565123313674,18.53778548004135,18.654619216918945,66000,0.0,0.0
2025-05-22 00:00:00-04:00,18.664355445624626,18.684801442183073,18.51831234777304,18.683828353881836,99900,0.0,0.0
2025-05-23 00:00:00-04:00,18.722776090172605,18.888292129669797,18.566996506768085,18.615678787231445,95000,0.0,0.0
2025-05-27 00:00:00-04:00,18.69356515062129,18.859081159763623,18.654619333393082,18.790925979614258,59900,0.0,0.0
2025-05-28 00:00:00-04:00,18.95644311838633,18.95644311838633,18.713037317321607,18.810400009155273,124300,0.0,0.0
2025-05-29 00:00:00-04:00,18.94670900656731,19.00512774311527,18.878555670967145,18.985654830932617,91800,0.0,0.0
2025-05-30 00:00:00-04:00,18.946708496257983,19.063544109167935,18.898028074151622,19.044071197509766,103300,0.0,0.0
2025-06-02 00:00:00-04:00,19.121960755990653,19.121960755990653,18.898027845745403,19.073280334472656,180600,0.0,0.0
2025-06-03 00:00:00-04:00,19.14143102193254,19.180376839395585,19.034331880947956,19.160903930664062,89000,0.0,0.0
2025-06-04 00:00:00-04:00,19.083017302666605,19.209587516235914,18.985654599976854,19.014863967895508,149900,0.0,0.0
2025-06-05 00:00:00-04:00,19.131695913141094,19.199849241456008,19.01486216661236,19.151168823242188,103200,0.0,0.0
2025-06-06 00:00:00-04:00,19.297213390085133,19.297213390085133,19.131697355822443,19.277740478515625,117000,0.0,0.0
2025-06-09 00:00:00-04:00,19.277740199667498,19.29526693404997,19.1316970790868,19.23879623413086,75200,0.0,0.0
2025-06-10 00:00:00-04:00,19.183900260828555,19.213309059466194,19.12508453327154,19.15449333190918,106800,0.134,0.0
2025-06-11 00:00:00-04:00,19.428967357855903,19.428967357855903,19.2427153784906,19.28192710876465,76700,0.0,0.0
2025-06-12 00:00:00-04:00,19.21331070337771,19.29173230340299,19.115283235916507,19.17409896850586,110900,0.0,0.0
2025-06-13 00:00:00-04:00,19.174097291186747,19.174097291186747,18.96824131027275,18.997648239135742,141700,0.0,0.0
2025-06-16 00:00:00-04:00,19.17409755758067,19.24663888781196,19.07607009733281,19.1348876953125,65700,0.0,0.0
2025-06-17 00:00:00-04:00,19.115281715872335,19.22311210847685,19.007451323267823,19.066268920898438,43200,0.0,0.0
2025-06-18 00:00:00-04:00,19.1348876953125,19.212329557182954,19.027057302068027,19.1348876953125,34600,0.0,0.0
2025-06-20 00:00:00-04:00,19.07606998198146,19.262321968354314,19.02705718701305,19.223112106323242,85400,0.0,0.0
2025-06-23 00:00:00-04:00,19.14469157704075,19.252520105910467,19.115282776593524,19.21331024169922,86700,0.0,0.0
2025-06-24 00:00:00-04:00,19.30153179834578,19.379953384399414,19.135865426548772,19.379953384399414,85900,0.0,0.0
2025-06-25 00:00:00-04:00,19.46817920498874,19.46817920498874,19.330940017924004,19.35054588317871,89600,0.0,0.0
2025-06-26 00:00:00-04:00,19.409360766901415,19.419163699103343,19.232913596421117,19.340742111206055,132100,0.0,0.0
2025-06-27 00:00:00-04:00,19.301533318070344,19.40936183881026,19.2525186543538,19.33094024658203,81900,0.0,0.0
2025-06-30 00:00:00-04:00,19.311337200153236,19.45837745909484,19.311337200153236,19.40936279296875,142100,0.0,0.0
2025-07-01 00:00:00-04:00,19.4681809905558,19.605418320489342,19.452495922969803,19.59561538696289,210300,0.0,0.0
2025-07-02 00:00:00-04:00,19.51719272437731,19.605417251586914,19.494645791523908,19.605417251586914,77300,0.0,0.0
2025-07-03 00:00:00-04:00,19.60541736438057,19.72795122290795,19.510330970501357,19.674036026000977,61500,0.0,0.0
2025-07-07 00:00:00-04:00,19.654431727304228,19.701485061801566,19.468181593686726,19.625024795532227,68700,0.0,0.0
2025-07-08 00:00:00-04:00,19.585810662705185,19.693641051918828,19.507389071382054,19.66423225402832,78500,0.0,0.0
2025-07-09 00:00:00-04:00,19.615218778355185,19.757358491971523,19.615218778355185,19.72304916381836,75900,0.0,0.0
2025-07-10 00:00:00-04:00,19.68383793789652,19.713246735516016,19.5858104822164,19.59267234802246,146800,0.0,0.0
2025-07-11 00:00:00-04:00,19.625022773793145,19.68383850099649,19.55640411376953,19.55640411376953,67500,0.0,0.0
2025-07-14 00:00:00-04:00,19.625022393225862,19.703443984548997,19.605416527965524,19.66423225402832,97000,0.0,0.0
2025-07-15 00:00:00-04:00,19.79647278043939,19.81621049371237,19.638574838839446,19.70765495300293,77300,0.134,0.0
2025-07-16 00:00:00-04:00,19.776736008808893,19.776736008808893,19.646470119070237,19.747129440307617,73700,0.0,0.0
2025-07-17 00:00:00-04:00,19.747129206083752,19.766866918183826,19.678049096025326,19.75699806213379,69600,0.0,0.0
2025-07-18 00:00:00-04:00,19.72739168941808,19.796471800160866,19.352384567260742,19.352384567260742,185400,0.0,0.0
2025-07-21 00:00:00-04:00,19.51028204829425,19.620810222917836,19.50041319237546,19.530019760131836,97000,0.0,0.0
2025-07-22 00:00:00-04:00,19.51028345569759,19.608970139712618,19.451070315913412,19.470808029174805,73400,0.0,0.0
2025-07-23 00:00:00-04:00,19.49054643521576,19.53988883783115,19.43133517561889,19.450084686279297,68900,0.0,0.0
2025-07-24 00:00:00-04:00,19.510282057797028,19.6583111320674,19.44317459043328,19.60896873474121,109500,0.0,0.0
2025-07-25 00:00:00-04:00,19.54975724159052,19.74713061206038,19.53100773136478,19.618837356567383,82300,0.0,0.0
2025-07-28 00:00:00-04:00,19.549756773862452,19.707654713543846,19.49054551705491,19.638574600219727,64200,0.0,0.0
2025-07-29 00:00:00-04:00,19.70765471831014,19.78660368816993,19.60699539348378,19.7175235748291,60200,0.0,0.0
2025-07-30 00:00:00-04:00,19.68791841935199,19.7866032176109,19.61785010442127,19.737260818481445,118800,0.0,0.0
2025-07-31 00:00:00-04:00,19.835948474205267,19.983977561162895,19.77673721588061,19.85568618774414,97900,0.0,0.0
2025-08-01 00:00:00-04:00,19.855686422804236,19.944502370196684,19.68791962032164,19.84581756591797,66800,0.0,0.0
2025-08-04 00:00:00-04:00,19.835947984928936,20.0234524943393,19.835947984928936,19.954370498657227,118300,0.0,0.0
2025-08-05 00:00:00-04:00,20.02345346344932,20.02345346344932,19.845817801967623,19.914897918701172,76700,0.0,0.0
2025-08-06 00:00:00-04:00,19.954370023153363,20.03331899118821,19.885289911409355,19.895158767700195,79700,0.0,0.0
2025-08-07 00:00:00-04:00,19.924766302838236,19.924766302838236,19.78660419035808,19.85568618774414,97100,0.0,0.0
2025-08-08 00:00:00-04:00,19.80634214017334,20.032333880701078,19.796473283286172,19.924766540527344,88300,0.0,0.0
2025-08-11 00:00:00-04:00,20.023452253282958,20.102401222248684,19.786603464093893,19.885290145874023,121600,0.0,0.0
2025-08-12 00:00:00-04:00,19.968743277968336,20.167436100226308,19.89622002833999,19.98861312866211,45600,0.134,0.0
2025-08-13 00:00:00-04:00,19.98861215381432,20.05815473295767,19.750177746904026,19.79985237121582,404500,0.0,0.0
2025-08-14 00:00:00-04:00,19.770048338286074,19.819722964461373,19.67070098082871,19.690570831298828,169900,0.0,0.0
2025-08-15 00:00:00-04:00,19.80978775024414,19.879330330981848,19.710440394236038,19.80978775024414,84100,0.0,0.0
2025-08-18 00:00:00-04:00,20.058155804327363,20.058155804327363,19.821709127717437,19.94887351989746,107600,0.0,0.0
2025-08-19 00:00:00-04:00,20.01841490638832,20.068089530384675,19.909134523382644,20.048219680786133,113100,0.0,0.0
2025-08-20 00:00:00-04:00,20.068089724666823,20.112795939249775,19.92204841308616,19.96874237060547,60900,0.0,0.0
2025-08-21 00:00:00-04:00,20.01841575229569,20.087958333936058,19.829655962919524,19.899200439453125,84300,0.0,0.0
2025-08-22 00:00:00-04:00,19.909134781330863,20.197240024669885,19.891250779524572,20.137632369995117,39500,0.0,0.0
2025-08-25 00:00:00-04:00,20.167435314856952,20.197240089736944,19.98861235025656,20.01344871520996,91800,0.0,0.0
2025-08-26 00:00:00-04:00,19.998545962099683,20.20717560254248,19.989605855800836,20.068090438842773,88800,0.0,0.0
2025-08-27 00:00:00-04:00,20.157501695178855,20.157501695178855,19.91708144490155,19.95880699157715,98700,0.0,0.0
2025-08-28 00:00:00-04:00,20.10782723169892,20.18730473479286,19.919067451265878,20.08795738220215,139300,0.0,0.0
2025-08-29 00:00:00-04:00,20.078022560290794,20.16743498859108,19.968742177285115,20.048219680786133,117000,0.0,0.0
2025-09-02 00:00:00-04:00,19.968742075007803,20.16743488529609,19.957814226252523,20.08795738220215,192900,0.0,0.0
2025-09-03 00:00:00-04:00,20.147566930692463,20.16743488529609,19.97867699975619,20.08795738220215,111600,0.0,0.0
2025-09-04 00:00:00-04:00,20.08795819811197,20.147567749023438,20.00450710070778,20.147567749023438,64900,0.0,0.0
2025-09-05 00:00:00-04:00,20.177369686557395,20.405869164585543,20.172403171660168,20.33632469177246,195300,0.0,0.0
2025-09-08 00:00:00-04:00,20.356194904969986,20.604562341919195,20.29658725067226,20.38599967956543,166400,0.0,0.0
2025-09-09 00:00:00-04:00,20.40999984741211,20.56999969482422,20.329999923706055,20.559999465942383,111200,0.134,0.0
2025-09-10 00:00:00-04:00,20.56999969482422,20.579999923706055,20.434999465942383,20.530000686645508,86900,0.0,0.0
2025-09-11 00:00:00-04:00,20.649999618530273,20.75,20.399999618530273,20.579999923706055,131900,0.0,0.0
2025-09-12 00:00:00-04:00,20.59000015258789,20.6299991607666,20.479999542236328,20.579999923706055,67600,0.0,0.0
2025-09-15 00:00:00-04:00,20.549999237060547,20.75,20.549999237060547,20.75,120100,0.0,0.0
2025-09-16 00:00:00-04:00,20.770000457763672,20.790000915527344,20.600000381469727,20.690000534057617,160700,0.0,0.0
2025-09-17 00:00:00-04:00,20.719999313354492,20.783000946044922,20.600000381469727,20.69499969482422,59700,0.0,0.0
2025-09-18 00:00:00-04:00,20.739999771118164,20.8799991607666,20.660999298095703,20.739999771118164,92000,0.0,0.0
2025-09-19 00:00:00-04:00,20.84000015258789,20.899999618530273,20.75,20.8799991607666,97900,0.0,0.0
2025-09-22 00:00:00-04:00,20.8799991607666,20.8799991607666,20.709999084472656,20.829999923706055,69400,0.0,0.0
2025-09-23 00:00:00-04:00,20.899999618530273,20.899999618530273,20.700000762939453,20.809999465942383,66200,0.0,0.0
2025-09-24 00:00:00-04:00,20.829999923706055,20.839000701904297,20.5,20.5,111500,0.0,0.0
2025-09-25 00:00:00-04:00,20.6200008392334,20.68000030517578,20.42799949645996,20.520000457763672,123700,0.0,0.0
2025-09-26 00:00:00-04:00,20.610000610351562,20.68400001525879,20.440000534057617,20.559999465942383,115000,0.0,0.0
2025-09-29 00:00:00-04:00,20.600000381469727,20.65999984741211,20.43000030517578,20.5,97200,0.0,0.0
2025-09-30 00:00:00-04:00,20.450000762939453,20.700000762939453,20.3799991607666,20.40999984741211,118300,0.0,0.0
2025-10-01 00:00:00-04:00,20.43000030517578,20.920000076293945,20.420000076293945,20.729999542236328,183200,0.0,0.0
2025-10-02 00:00:00-04:00,20.75,20.75,20.420000076293945,20.5,135700,0.0,0.0
2025-10-03 00:00:00-04:00,20.600000381469727,20.659000396728516,20.461999893188477,20.549999237060547,117300,0.0,0.0
2025-10-06 00:00:00-04:00,20.549999237060547,20.700000762939453,20.458999633789062,20.520000457763672,118500,0.0,0.0
2025-10-07 00:00:00-04:00,20.56999969482422,20.56999969482422,20.42099952697754,20.479999542236328,193700,0.0,0.0
2025-10-08 00:00:00-04:00,20.579999923706055,20.648000717163086,20.459999084472656,20.520000457763672,114300,0.0,0.0
2025-10-09 00:00:00-04:00,20.559999465942383,20.604999542236328,20.3799991607666,20.440000534057617,101100,0.0,0.0
2025-10-10 00:00:00-04:00,20.459999084472656,20.503999710083008,20.1200008392334,20.200000762939453,100100,0.0,0.0
2025-10-13 00:00:00-04:00,20.209999084472656,20.420000076293945,20.139999389648438,20.40999984741211,91900,0.0,0.0
2025-10-14 00:00:00-04:00,20.079999923706055,20.250999450683594,20.010000228881836,20.049999237060547,183300,0.0,0.0
2025-10-15 00:00:00-04:00,20.18000030517578,20.239999771118164,19.959999084472656,20.139999389648438,197300,0.0,0.0
2025-10-16 00:00:00-04:00,20.190000534057617,20.209999084472656,19.899999618530273,19.989999771118164,120900,0.0,0.0
2025-10-17 00:00:00-04:00,19.989999771118164,20.18000030517578,19.760000228881836,19.850000381469727,136800,0.0,0.0
2025-10-20 00:00:00-04:00,19.899999618530273,19.9689998626709,19.68000030517578,19.850000381469727,164600,0.0,0.0
2025-10-21 00:00:00-04:00,19.729999542236328,20.0,19.729999542236328,19.81999969482422,257800,0.0,0.0
2025-10-22 00:00:00-04:00,19.860000610351562,19.93000030517578,19.690000534057617,19.790000915527344,107800,0.0,0.0
2025-10-23 00:00:00-04:00,19.81999969482422,19.940000534057617,19.70199966430664,19.90999984741211,166700,0.0,0.0
2025-10-24 00:00:00-04:00,19.93000030517578,19.989999771118164,19.860000610351562,19.940000534057617,139800,0.0,0.0
2025-10-27 00:00:00-04:00,20.040000915527344,20.079999923706055,19.920000076293945,19.979999542236328,80300,0.0,0.0
2025-10-28 00:00:00-04:00,20.09000015258789,20.101999282836914,19.84000015258789,19.979999542236328,134200,0.0,0.0
2025-10-29 00:00:00-04:00,20.059999465942383,20.1200008392334,19.875,19.950000762939453,121100,0.0,0.0
2025-10-30 00:00:00-04:00,19.969999313354492,20.0,19.90999984741211,19.979999542236328,109900,0.0,0.0
2025-10-31 00:00:00-04:00,20.079999923706055,20.149999618530273,19.899999618530273,19.940000534057617,146000,0.0,0.0
2025-11-03 00:00:00-05:00,19.969999313354492,19.969999313354492,19.81999969482422,19.93000030517578,194700,0.0,0.0
2025-11-04 00:00:00-05:00,19.93000030517578,19.969999313354492,19.770000457763672,19.84000015258789,211300,0.0,0.0
2025-11-05 00:00:00-05:00,19.860000610351562,19.915000915527344,19.709999084472656,19.90999984741211,162700,0.0,0.0
2025-11-06 00:00:00-05:00,19.93000030517578,19.93000030517578,19.799999237060547,19.850000381469727,104500,0.0,0.0
2025-11-07 00:00:00-05:00,19.860000610351562,19.899999618530273,19.75,19.8799991607666,100800,0.0,0.0
2025-11-10 00:00:00-05:00,19.950000762939453,19.979999542236328,19.850000381469727,19.90999984741211,146000,0.0,0.0
2025-11-11 00:00:00-05:00,19.969999313354492,19.969999313354492,19.86199951171875,19.93000030517578,108000,0.0,0.0
2025-11-12 00:00:00-05:00,19.809999465942383,19.920000076293945,19.760000228881836,19.860000610351562,161800,0.0,0.0
2025-11-13 00:00:00-05:00,19.860000610351562,19.8700008392334,19.420000076293945,19.489999771118164,240500,0.0,0.0
2025-11-14 00:00:00-05:00,19.540000915527344,19.600000381469727,19.450000762939453,19.579999923706055,160400,0.0,0.0
2025-11-17 00:00:00-05:00,19.610000610351562,19.6299991607666,19.25,19.3700008392334,248000,0.0,0.0
2025-11-18 00:00:00-05:00,19.360000610351562,19.440000534057617,19.200000762939453,19.309999465942383,256700,0.0,0.0
2025-11-19 00:00:00-05:00,19.389999389648438,19.389999389648438,19.040000915527344,19.110000610351562,314100,0.0,0.0
2025-11-20 00:00:00-05:00,19.219999313354492,19.329999923706055,18.940000534057617,18.989999771118164,141200,0.0,0.0
2025-11-21 00:00:00-05:00,19.0,19.145000457763672,18.8700008392334,19.079999923706055,196100,0.0,0.0
2025-11-24 00:00:00-05:00,19.030000686645508,19.200000762939453,19.030000686645508,19.170000076293945,175000,0.0,0.0
2025-11-25 00:00:00-05:00,19.190000534057617,19.350000381469727,19.190000534057617,19.350000381469727,121900,0.0,0.0
2025-11-26 00:00:00-05:00,19.440000534057617,19.469999313354492,19.229999542236328,19.43000030517578,193300,0.0,0.0
2025-11-28 00:00:00-05:00,19.43000030517578,19.56999969482422,19.43000030517578,19.540000915527344,89000,0.0,0.0
2025-12-01 00:00:00-05:00,19.469999313354492,19.540000915527344,19.31999969482422,19.350000381469727,216000,0.0,0.0
2025-12-02 00:00:00-05:00,19.43000030517578,19.459999084472656,19.288000106811523,19.420000076293945,154700,0.0,0.0
2025-12-03 00:00:00-05:00,19.459999084472656,19.520000457763672,19.290000915527344,19.5,120200,0.0,0.0
2025-12-04 00:00:00-05:00,19.59000015258789,19.59000015258789,19.40999984741211,19.469999313354492,127400,0.0,0.0
2025-12-05 00:00:00-05:00,19.420000076293945,19.520000457763672,19.3799991607666,19.469999313354492,246700,0.0,0.0
2025-12-08 00:00:00-05:00,19.549999237060547,19.549999237060547,19.360000610351562,19.510000228881836,216900,0.0,0.0
2025-12-09 00:00:00-05:00,19.3799991607666,19.40999984741211,19.299999237060547,19.3700008392334,233400,0.0,0.0
2025-12-10 00:00:00-05:00,19.34000015258789,19.405000686645508,19.270000457763672,19.299999237060547,246200,0.0,0.0
2025-12-11 00:00:00-05:00,19.34000015258789,19.399999618530273,19.31999969482422,19.3799991607666,192500,0.0,0.0
2025-12-12 00:00:00-05:00,19.350000381469727,19.389999389648438,19.22100067138672,19.239999771118164,236600,0.0,0.0
2025-12-15 00:00:00-05:00,19.34000015258789,19.364999771118164,19.170000076293945,19.290000915527344,194400,0.0,0.0
2025-12-16 00:00:00-05:00,19.209999084472656,19.40999984741211,19.209999084472656,19.3799991607666,175100,0.0,0.0
2025-12-17 00:00:00-05:00,19.260000228881836,19.40999984741211,19.229999542236328,19.260000228881836,233000,0.0,0.0
2025-12-18 00:00:00-05:00,19.270000457763672,19.31999969482422,19.174999237060547,19.229999542236328,324400,0.0,0.0
2025-12-19 00:00:00-05:00,19.18000030517578,19.31999969482422,19.18000030517578,19.25,291900,0.0,0.0
2025-12-22 00:00:00-05:00,19.239999771118164,19.329999923706055,19.229999542236328,19.260000228881836,192100,0.0,0.0
2025-12-23 00:00:00-05:00,19.239999771118164,19.34000015258789,19.209999084472656,19.229999542236328,264100,0.0,0.0
2025-12-24 00:00:00-05:00,19.270000457763672,19.350000381469727,19.219999313354492,19.280000686645508,211000,0.0,0.0
2025-12-26 00:00:00-05:00,19.280000686645508,19.399999618530273,19.25,19.329999923706055,301400,0.0,0.0
2025-12-29 00:00:00-05:00,19.219999313354492,19.350000381469727,19.100000381469727,19.290000915527344,315500,0.0,0.0
2025-12-30 00:00:00-05:00,19.290000915527344,19.389999389648438,19.25,19.350000381469727,306700,0.0,0.0
2025-12-31 00:00:00-05:00,19.350000381469727,19.389999389648438,19.270000457763672,19.309999465942383,202000,0.0,0.0
2026-01-02 00:00:00-05:00,19.43000030517578,19.43000030517578,19.31999969482422,19.43000030517578,128300,0.0,0.0
2026-01-05 00:00:00-05:00,19.450000762939453,19.530000686645508,19.40999984741211,19.479999542236328,152700,0.0,0.0
2026-01-06 00:00:00-05:00,19.530000686645508,19.6299991607666,19.450000762939453,19.6200008392334,240800,0.0,0.0
2026-01-07 00:00:00-05:00,19.610000610351562,19.68000030517578,19.56999969482422,19.6200008392334,134800,0.0,0.0
2026-01-08 00:00:00-05:00,19.6200008392334,19.6200008392334,19.559999465942383,19.600000381469727,185700,0.0,0.0
2026-01-09 00:00:00-05:00,19.65999984741211,19.65999984741211,19.5,19.549999237060547,216500,0.0,0.0
2026-01-12 00:00:00-05:00,19.520000457763672,19.639999389648438,19.489999771118164,19.59000015258789,147300,0.0,0.0
2026-01-13 00:00:00-05:00,19.5,19.58099937438965,19.459999084472656,19.5,215600,0.0,0.0
2026-01-14 00:00:00-05:00,19.540000915527344,19.639999389648438,19.5,19.6299991607666,161200,0.0,0.0
2026-01-15 00:00:00-05:00,19.700000762939453,19.75,19.6299991607666,19.739999771118164,180100,0.0,0.0
2026-01-16 00:00:00-05:00,19.690000534057617,19.719999313354492,19.5,19.510000228881836,200900,0.0,0.0
2026-01-20 00:00:00-05:00,19.40999984741211,19.459999084472656,19.360000610351562,19.440000534057617,226300,0.0,0.0
2026-01-21 00:00:00-05:00,19.489999771118164,19.65999984741211,19.489999771118164,19.65999984741211,149800,0.0,0.0
2026-01-22 00:00:00-05:00,19.739999771118164,19.7450008392334,19.5,19.719999313354492,191200,0.0,0.0
2026-01-23 00:00:00-05:00,19.729999542236328,19.790000915527344,19.64900016784668,19.700000762939453,95100,0.0,0.0
2026-01-26 00:00:00-05:00,19.700000762939453,19.725000381469727,19.579999923706055,19.65999984741211,127300,0.0,0.0
2026-01-27 00:00:00-05:00,19.65999984741211,19.760000228881836,19.559999465942383,19.65999984741211,198500,0.0,0.0
2026-01-28 00:00:00-05:00,19.639999389648438,19.780000686645508,19.600000381469727,19.65999984741211,120400,0.0,0.0
2026-01-29 00:00:00-05:00,19.6200008392334,19.709999084472656,19.6200008392334,19.709999084472656,106500,0.0,0.0
2026-01-30 00:00:00-05:00,19.709999084472656,19.75,19.6200008392334,19.700000762939453,162900,0.0,0.0
2026-02-02 00:00:00-05:00,19.75,19.75,19.6299991607666,19.639999389648438,219700,0.0,0.0
2026-02-03 00:00:00-05:00,19.670000076293945,19.709999084472656,19.600000381469727,19.709999084472656,187100,0.0,0.0
2026-02-04 00:00:00-05:00,19.75,19.780000686645508,19.639999389648438,19.75,191000,0.0,0.0
2026-02-05 00:00:00-05:00,19.739999771118164,19.739999771118164,19.600000381469727,19.65999984741211,147100,0.0,0.0
2026-02-06 00:00:00-05:00,19.68000030517578,19.809999465942383,19.65999984741211,19.770000457763672,160500,0.0,0.0
2026-02-09 00:00:00-05:00,19.81999969482422,19.860000610351562,19.729999542236328,19.75,107800,0.0,0.0
2026-02-10 00:00:00-05:00,19.6200008392334,19.719999313354492,19.56999969482422,19.649999618530273,174400,0.0,0.0
2026-02-11 00:00:00-05:00,19.6200008392334,19.84000015258789,19.5,19.59000015258789,215800,0.0,0.0
2026-02-12 00:00:00-05:00,19.6200008392334,19.71500015258789,19.59000015258789,19.625,156300,0.0,0.0
2026-02-13 00:00:00-05:00,19.6299991607666,19.780000686645508,19.59000015258789,19.770000457763672,126600,0.0,0.0
2026-02-17 00:00:00-05:00,19.770000457763672,19.899999618530273,19.75,19.850000381469727,151800,0.0,0.0
2026-02-18 00:00:00-05:00,19.850000381469727,19.889999389648438,19.72100067138672,19.799999237060547,161200,0.0,0.0
2026-02-19 00:00:00-05:00,19.799999237060547,19.799999237060547,19.719999313354492,19.790000915527344,90900,0.0,0.0
2026-02-20 00:00:00-05:00,19.790000915527344,19.834999084472656,19.75,19.799999237060547,89700,0.0,0.0
2026-02-23 00:00:00-05:00,19.850000381469727,19.854999542236328,19.68000030517578,19.68000030517578,98200,0.0,0.0
2026-02-24 00:00:00-05:00,19.760000228881836,19.799999237060547,19.700000762939453,19.780000686645508,85900,0.0,0.0
2026-02-25 00:00:00-05:00,19.81999969482422,19.860000610351562,19.770000457763672,19.81999969482422,81200,0.0,0.0
2026-02-26 00:00:00-05:00,19.8700008392334,19.8700008392334,19.80229949951172,19.829999923706055,94274,0.0,0.0
