Date,Open,High,Low,Close,Volume,Dividends,Stock Splits
2022-01-03 00:00:00-05:00,41.5,41.66999816894531,38.79999923706055,38.90999984741211,526700,0.0,0.0
2022-01-04 00:00:00-05:00,38.790000915527344,38.93000030517578,37.2599983215332,37.72999954223633,520100,0.0,0.0
2022-01-05 00:00:00-05:00,37.709999084472656,38.06999969482422,36.84000015258789,36.900001525878906,403400,0.0,0.0
2022-01-06 00:00:00-05:00,36.880001068115234,37.43000030517578,36.540000915527344,36.779998779296875,234400,0.0,0.0
2022-01-07 00:00:00-05:00,36.779998779296875,37.040000915527344,36.02000045776367,36.029998779296875,218200,0.0,0.0
2022-01-10 00:00:00-05:00,35.689998626708984,35.810001373291016,34.77000045776367,35.810001373291016,377900,0.0,0.0
2022-01-11 00:00:00-05:00,35.84000015258789,36.619998931884766,35.59000015258789,36.43000030517578,279800,0.0,0.0
2022-01-12 00:00:00-05:00,36.439998626708984,36.970001220703125,35.56999969482422,35.630001068115234,129400,0.0,0.0
2022-01-13 00:00:00-05:00,35.54999923706055,35.72999954223633,33.58000183105469,34.0,373000,0.0,0.0
2022-01-14 00:00:00-05:00,33.79999923706055,35.29999923706055,33.79999923706055,35.189998626708984,301100,0.0,0.0
2022-01-18 00:00:00-05:00,33.810001373291016,34.95000076293945,33.13999938964844,33.20000076293945,440400,0.0,0.0
2022-01-19 00:00:00-05:00,33.209999084472656,34.58000183105469,33.209999084472656,33.97999954223633,586300,0.0,0.0
2022-01-20 00:00:00-05:00,33.9900016784668,34.439998626708984,32.72999954223633,32.81999969482422,509100,0.0,0.0
2022-01-21 00:00:00-05:00,32.81999969482422,33.52000045776367,32.29999923706055,32.369998931884766,650500,0.0,0.0
2022-01-24 00:00:00-05:00,31.969999313354492,32.88999938964844,31.209999084472656,32.7400016784668,385600,0.0,0.0
2022-01-25 00:00:00-05:00,32.34000015258789,32.959999084472656,31.940000534057617,32.41999816894531,283500,0.0,0.0
2022-01-26 00:00:00-05:00,32.470001220703125,33.63999938964844,32.31999969482422,32.31999969482422,312500,0.0,0.0
2022-01-27 00:00:00-05:00,32.7599983215332,33.22999954223633,31.799999237060547,31.969999313354492,265700,0.0,0.0
2022-01-28 00:00:00-05:00,31.739999771118164,32.310001373291016,31.3700008392334,32.279998779296875,238000,0.0,0.0
2022-01-31 00:00:00-05:00,32.220001220703125,33.689998626708984,32.11000061035156,33.630001068115234,221300,0.0,0.0
2022-02-01 00:00:00-05:00,33.27000045776367,34.52000045776367,33.029998779296875,34.5099983215332,292000,0.0,0.0
2022-02-02 00:00:00-05:00,34.650001525878906,34.959999084472656,34.029998779296875,34.18000030517578,183100,0.0,0.0
2022-02-03 00:00:00-05:00,33.540000915527344,33.86000061035156,32.36000061035156,33.599998474121094,201500,0.0,0.0
2022-02-04 00:00:00-05:00,33.380001068115234,34.0,33.04999923706055,33.720001220703125,162800,0.0,0.0
2022-02-07 00:00:00-05:00,33.61000061035156,34.45000076293945,33.56999969482422,34.04999923706055,203300,0.0,0.0
2022-02-08 00:00:00-05:00,33.88999938964844,34.66999816894531,33.77000045776367,34.02000045776367,190900,0.0,0.0
2022-02-09 00:00:00-05:00,32.47999954223633,33.18000030517578,30.850000381469727,31.229999542236328,668300,0.0,0.0
2022-02-10 00:00:00-05:00,30.510000228881836,31.280000686645508,30.309999465942383,30.549999237060547,435000,0.0,0.0
2022-02-11 00:00:00-05:00,30.559999465942383,31.5,30.559999465942383,30.6299991607666,391800,0.0,0.0
2022-02-14 00:00:00-05:00,31.1299991607666,32.09000015258789,30.709999084472656,31.639999389648438,415300,0.0,0.0
2022-02-15 00:00:00-05:00,31.700000762939453,32.540000915527344,31.700000762939453,32.290000915527344,379600,0.0,0.0
2022-02-16 00:00:00-05:00,31.709999084472656,32.18000030517578,31.690000534057617,32.02000045776367,327400,0.0,0.0
2022-02-17 00:00:00-05:00,32.15999984741211,32.279998779296875,31.290000915527344,31.31999969482422,365200,0.0,0.0
2022-02-18 00:00:00-05:00,31.190000534057617,31.399999618530273,30.530000686645508,30.709999084472656,1138700,0.0,0.0
2022-02-22 00:00:00-05:00,30.6299991607666,31.579999923706055,30.6299991607666,30.860000610351562,430500,0.0,0.0
2022-02-23 00:00:00-05:00,30.729999542236328,30.969999313354492,30.5,30.75,334500,0.0,0.0
2022-02-24 00:00:00-05:00,30.1299991607666,32.40999984741211,30.06999969482422,32.31999969482422,462300,0.0,0.0
2022-02-25 00:00:00-05:00,32.33000183105469,32.959999084472656,32.09000015258789,32.869998931884766,231400,0.0,0.0
2022-02-28 00:00:00-05:00,32.630001068115234,34.529998779296875,32.560001373291016,34.40999984741211,445600,0.0,0.0
2022-03-01 00:00:00-05:00,34.220001220703125,34.380001068115234,33.47999954223633,33.900001525878906,364800,0.0,0.0
2022-03-02 00:00:00-05:00,34.86000061035156,35.95000076293945,34.209999084472656,35.880001068115234,329900,0.0,0.0
2022-03-03 00:00:00-05:00,35.880001068115234,36.13999938964844,35.06999969482422,35.400001525878906,259600,0.0,0.0
2022-03-04 00:00:00-05:00,35.20000076293945,35.349998474121094,33.56999969482422,33.84000015258789,406500,0.0,0.0
2022-03-07 00:00:00-05:00,33.77000045776367,33.790000915527344,33.15999984741211,33.56999969482422,330800,0.0,0.0
2022-03-08 00:00:00-05:00,33.16999816894531,34.560001373291016,33.16999816894531,34.16999816894531,347600,0.0,0.0
2022-03-09 00:00:00-05:00,34.56999969482422,34.91999816894531,33.66999816894531,34.15999984741211,333000,0.0,0.0
2022-03-10 00:00:00-05:00,33.81999969482422,34.099998474121094,33.0,33.08000183105469,284800,0.0,0.0
2022-03-11 00:00:00-05:00,33.15999984741211,34.75,31.81999969482422,31.950000762939453,253400,0.0,0.0
2022-03-14 00:00:00-04:00,31.299999237060547,31.299999237060547,29.190000534057617,29.770000457763672,791600,0.0,0.0
2022-03-15 00:00:00-04:00,29.760000228881836,30.959999084472656,29.670000076293945,30.829999923706055,397700,0.0,0.0
2022-03-16 00:00:00-04:00,31.020000457763672,31.479999542236328,30.6200008392334,31.469999313354492,373700,0.0,0.0
2022-03-17 00:00:00-04:00,31.459999084472656,32.16999816894531,31.270000457763672,31.799999237060547,569500,0.0,0.0
2022-03-18 00:00:00-04:00,31.770000457763672,32.459999084472656,31.43000030517578,31.940000534057617,3797300,0.0,0.0
2022-03-21 00:00:00-04:00,32.09000015258789,33.060001373291016,32.029998779296875,32.63999938964844,244300,0.0,0.0
2022-03-22 00:00:00-04:00,32.5099983215332,33.08000183105469,32.220001220703125,33.04999923706055,216300,0.0,0.0
2022-03-23 00:00:00-04:00,32.689998626708984,32.84000015258789,31.510000228881836,32.40999984741211,280400,0.0,0.0
2022-03-24 00:00:00-04:00,32.689998626708984,32.72999954223633,32.189998626708984,32.720001220703125,160700,0.0,0.0
2022-03-25 00:00:00-04:00,32.72999954223633,32.88999938964844,32.040000915527344,32.58000183105469,125900,0.0,0.0
2022-03-28 00:00:00-04:00,32.45000076293945,32.61000061035156,32.15999984741211,32.31999969482422,153900,0.0,0.0
2022-03-29 00:00:00-04:00,32.529998779296875,32.959999084472656,32.27000045776367,32.86000061035156,225400,0.0,0.0
2022-03-30 00:00:00-04:00,32.939998626708984,33.099998474121094,32.209999084472656,32.349998474121094,201100,0.0,0.0
2022-03-31 00:00:00-04:00,32.5,32.54999923706055,31.90999984741211,31.969999313354492,196300,0.0,0.0
2022-04-01 00:00:00-04:00,32.0099983215332,32.61000061035156,31.790000915527344,32.54999923706055,193600,0.0,0.0
2022-04-04 00:00:00-04:00,32.790000915527344,33.099998474121094,32.650001525878906,33.040000915527344,152700,0.0,0.0
2022-04-05 00:00:00-04:00,33.06999969482422,33.06999969482422,32.369998931884766,32.52000045776367,197900,0.0,0.0
2022-04-06 00:00:00-04:00,32.15999984741211,32.349998474121094,31.59000015258789,31.940000534057617,253500,0.0,0.0
2022-04-07 00:00:00-04:00,32.0099983215332,32.15999984741211,31.600000381469727,31.950000762939453,259700,0.0,0.0
2022-04-08 00:00:00-04:00,31.6200008392334,31.639999389648438,30.56999969482422,30.700000762939453,227400,0.0,0.0
2022-04-11 00:00:00-04:00,30.5,30.649999618530273,29.8799991607666,30.25,328400,0.0,0.0
2022-04-12 00:00:00-04:00,30.579999923706055,31.34000015258789,30.280000686645508,30.3799991607666,231900,0.0,0.0
2022-04-13 00:00:00-04:00,30.299999237060547,31.75,30.200000762939453,31.479999542236328,344100,0.0,0.0
2022-04-14 00:00:00-04:00,31.360000610351562,31.549999237060547,30.670000076293945,30.790000915527344,442900,0.0,0.0
2022-04-18 00:00:00-04:00,30.670000076293945,30.920000076293945,30.270000457763672,30.68000030517578,224400,0.0,0.0
2022-04-19 00:00:00-04:00,30.450000762939453,31.610000610351562,30.450000762939453,31.329999923706055,196900,0.0,0.0
2022-04-20 00:00:00-04:00,31.40999984741211,31.459999084472656,31.100000381469727,31.34000015258789,180000,0.0,0.0
2022-04-21 00:00:00-04:00,31.540000915527344,31.540000915527344,30.1299991607666,30.239999771118164,169100,0.0,0.0
2022-04-22 00:00:00-04:00,30.350000381469727,30.5,29.989999771118164,30.260000228881836,175000,0.0,0.0
2022-04-25 00:00:00-04:00,30.049999237060547,31.5,30.049999237060547,31.420000076293945,237100,0.0,0.0
2022-04-26 00:00:00-04:00,31.270000457763672,31.59000015258789,30.31999969482422,30.329999923706055,140600,0.0,0.0
2022-04-27 00:00:00-04:00,30.239999771118164,30.389999389648438,29.3799991607666,29.81999969482422,215000,0.0,0.0
2022-04-28 00:00:00-04:00,29.969999313354492,30.889999389648438,29.43000030517578,30.200000762939453,133200,0.0,0.0
2022-04-29 00:00:00-04:00,30.1299991607666,30.25,28.850000381469727,28.90999984741211,198200,0.0,0.0
2022-05-02 00:00:00-04:00,28.75,29.530000686645508,28.75,29.489999771118164,156600,0.0,0.0
2022-05-03 00:00:00-04:00,28.020000457763672,29.3700008392334,26.799999237060547,28.6299991607666,294100,0.0,0.0
2022-05-04 00:00:00-04:00,28.440000534057617,28.440000534057617,26.770000457763672,27.709999084472656,261400,0.0,0.0
2022-05-05 00:00:00-04:00,27.030000686645508,27.110000610351562,25.670000076293945,26.309999465942383,388800,0.0,0.0
2022-05-06 00:00:00-04:00,26.219999313354492,26.219999313354492,25.25,25.690000534057617,240900,0.0,0.0
2022-05-09 00:00:00-04:00,25.15999984741211,25.43000030517578,24.700000762939453,24.809999465942383,316900,0.0,0.0
2022-05-10 00:00:00-04:00,25.34000015258789,25.34000015258789,24.079999923706055,24.75,183500,0.0,0.0
2022-05-11 00:00:00-04:00,24.469999313354492,24.950000762939453,23.770000457763672,23.850000381469727,229500,0.0,0.0
2022-05-12 00:00:00-04:00,23.709999084472656,24.489999771118164,23.020000457763672,24.040000915527344,195900,0.0,0.0
2022-05-13 00:00:00-04:00,24.200000762939453,24.670000076293945,23.950000762939453,24.229999542236328,447300,0.0,0.0
2022-05-16 00:00:00-04:00,24.049999237060547,24.209999084472656,23.649999618530273,23.920000076293945,176200,0.0,0.0
2022-05-17 00:00:00-04:00,24.229999542236328,24.6299991607666,24.09000015258789,24.200000762939453,296700,0.0,0.0
2022-05-18 00:00:00-04:00,24.059999465942383,24.520000457763672,23.389999389648438,23.780000686645508,186400,0.0,0.0
2022-05-19 00:00:00-04:00,23.3700008392334,24.239999771118164,23.239999771118164,24.09000015258789,235200,0.0,0.0
2022-05-20 00:00:00-04:00,24.360000610351562,24.40999984741211,23.309999465942383,24.06999969482422,167500,0.0,0.0
2022-05-23 00:00:00-04:00,24.079999923706055,24.350000381469727,23.709999084472656,24.190000534057617,176200,0.0,0.0
2022-05-24 00:00:00-04:00,23.899999618530273,24.09000015258789,23.520000457763672,23.90999984741211,88400,0.0,0.0
2022-05-25 00:00:00-04:00,23.84000015258789,24.280000686645508,23.719999313354492,23.959999084472656,100500,0.0,0.0
2022-05-26 00:00:00-04:00,24.049999237060547,24.690000534057617,23.790000915527344,24.479999542236328,159600,0.0,0.0
2022-05-27 00:00:00-04:00,24.559999465942383,24.959999084472656,24.360000610351562,24.940000534057617,141900,0.0,0.0
2022-05-31 00:00:00-04:00,24.649999618530273,24.690000534057617,23.950000762939453,24.1299991607666,137300,0.0,0.0
2022-06-01 00:00:00-04:00,24.139999389648438,24.700000762939453,24.0,24.579999923706055,358800,0.0,0.0
2022-06-02 00:00:00-04:00,24.5,25.530000686645508,24.360000610351562,25.309999465942383,179500,0.0,0.0
2022-06-03 00:00:00-04:00,25.18000030517578,25.770000457763672,24.829999923706055,25.020000457763672,314000,0.0,0.0
2022-06-06 00:00:00-04:00,25.1200008392334,25.139999389648438,24.610000610351562,24.6299991607666,121700,0.0,0.0
2022-06-07 00:00:00-04:00,24.540000915527344,24.799999237060547,24.260000228881836,24.68000030517578,133300,0.0,0.0
2022-06-08 00:00:00-04:00,24.68000030517578,24.770000457763672,24.25,24.290000915527344,111600,0.0,0.0
2022-06-09 00:00:00-04:00,24.290000915527344,24.31999969482422,23.18000030517578,23.200000762939453,154900,0.0,0.0
2022-06-10 00:00:00-04:00,22.780000686645508,23.329999923706055,22.149999618530273,22.219999313354492,429700,0.0,0.0
2022-06-13 00:00:00-04:00,21.399999618530273,22.040000915527344,21.0,21.5,326200,0.0,0.0
2022-06-14 00:00:00-04:00,21.530000686645508,21.530000686645508,21.100000381469727,21.3799991607666,147500,0.0,0.0
2022-06-15 00:00:00-04:00,21.6299991607666,21.850000381469727,21.270000457763672,21.540000915527344,208500,0.0,0.0
2022-06-16 00:00:00-04:00,21.239999771118164,21.260000228881836,20.81999969482422,21.059999465942383,214200,0.0,0.0
2022-06-17 00:00:00-04:00,21.18000030517578,21.899999618530273,21.18000030517578,21.739999771118164,789300,0.0,0.0
2022-06-21 00:00:00-04:00,21.760000228881836,22.190000534057617,21.760000228881836,22.0,159300,0.0,0.0
2022-06-22 00:00:00-04:00,21.799999237060547,22.31999969482422,21.799999237060547,21.979999542236328,125900,0.0,0.0
2022-06-23 00:00:00-04:00,22.200000762939453,22.25,21.719999313354492,21.969999313354492,146600,0.0,0.0
2022-06-24 00:00:00-04:00,22.239999771118164,22.81999969482422,22.239999771118164,22.59000015258789,229900,0.0,0.0
2022-06-27 00:00:00-04:00,22.600000381469727,22.68000030517578,22.059999465942383,22.360000610351562,183200,0.0,0.0
2022-06-28 00:00:00-04:00,22.450000762939453,22.56999969482422,21.81999969482422,21.920000076293945,211200,0.0,0.0
2022-06-29 00:00:00-04:00,21.799999237060547,22.079999923706055,21.1299991607666,21.860000610351562,165400,0.0,0.0
2022-06-30 00:00:00-04:00,21.700000762939453,21.8799991607666,21.110000610351562,21.670000076293945,198100,0.0,0.0
2022-07-01 00:00:00-04:00,21.739999771118164,21.780000686645508,21.329999923706055,21.6200008392334,253700,0.0,0.0
2022-07-05 00:00:00-04:00,21.309999465942383,22.100000381469727,21.25,22.06999969482422,162200,0.0,0.0
2022-07-06 00:00:00-04:00,22.040000915527344,22.579999923706055,21.5,21.959999084472656,161000,0.0,0.0
2022-07-07 00:00:00-04:00,21.920000076293945,23.579999923706055,21.920000076293945,22.709999084472656,188100,0.0,0.0
2022-07-08 00:00:00-04:00,22.639999389648438,22.950000762939453,22.399999618530273,22.489999771118164,95000,0.0,0.0
2022-07-11 00:00:00-04:00,22.200000762939453,22.8700008392334,21.489999771118164,21.540000915527344,219600,0.0,0.0
2022-07-12 00:00:00-04:00,21.450000762939453,21.68000030517578,21.079999923706055,21.260000228881836,147600,0.0,0.0
2022-07-13 00:00:00-04:00,21.030000686645508,21.40999984741211,20.899999618530273,21.100000381469727,112200,0.0,0.0
2022-07-14 00:00:00-04:00,21.0,21.1299991607666,20.549999237060547,21.010000228881836,140300,0.0,0.0
2022-07-15 00:00:00-04:00,21.110000610351562,21.540000915527344,20.850000381469727,21.540000915527344,435300,0.0,0.0
2022-07-18 00:00:00-04:00,21.639999389648438,22.1200008392334,21.34000015258789,21.3700008392334,324800,0.0,0.0
2022-07-19 00:00:00-04:00,21.450000762939453,22.510000228881836,21.309999465942383,22.399999618530273,171400,0.0,0.0
2022-07-20 00:00:00-04:00,22.329999923706055,22.770000457763672,22.09000015258789,22.540000915527344,97800,0.0,0.0
2022-07-21 00:00:00-04:00,22.610000610351562,23.229999542236328,22.610000610351562,23.149999618530273,139300,0.0,0.0
2022-07-22 00:00:00-04:00,23.049999237060547,23.079999923706055,22.3700008392334,22.739999771118164,103400,0.0,0.0
2022-07-25 00:00:00-04:00,22.739999771118164,22.90999984741211,22.40999984741211,22.5,104300,0.0,0.0
2022-07-26 00:00:00-04:00,22.510000228881836,23.600000381469727,22.31999969482422,23.229999542236328,368600,0.0,0.0
2022-07-27 00:00:00-04:00,23.31999969482422,23.530000686645508,23.1200008392334,23.3799991607666,179700,0.0,0.0
2022-07-28 00:00:00-04:00,23.229999542236328,23.6200008392334,23.1299991607666,23.309999465942383,87900,0.0,0.0
2022-07-29 00:00:00-04:00,23.219999313354492,23.280000686645508,22.770000457763672,23.1299991607666,172700,0.0,0.0
2022-08-01 00:00:00-04:00,22.8700008392334,22.969999313354492,22.18000030517578,22.760000228881836,158300,0.0,0.0
2022-08-02 00:00:00-04:00,22.600000381469727,22.899999618530273,22.25,22.75,116200,0.0,0.0
2022-08-03 00:00:00-04:00,22.969999313354492,24.260000228881836,22.959999084472656,23.989999771118164,317900,0.0,0.0
2022-08-04 00:00:00-04:00,23.899999618530273,24.40999984741211,23.899999618530273,24.209999084472656,198400,0.0,0.0
2022-08-05 00:00:00-04:00,23.950000762939453,24.200000762939453,23.719999313354492,23.90999984741211,131300,0.0,0.0
2022-08-08 00:00:00-04:00,22.959999084472656,23.68000030517578,21.56999969482422,22.899999618530273,640000,0.0,0.0
2022-08-09 00:00:00-04:00,23.1200008392334,23.440000534057617,21.93000030517578,22.260000228881836,233800,0.0,0.0
2022-08-10 00:00:00-04:00,22.600000381469727,23.31999969482422,22.360000610351562,23.239999771118164,190700,0.0,0.0
2022-08-11 00:00:00-04:00,23.350000381469727,23.670000076293945,23.1299991607666,23.229999542236328,143700,0.0,0.0
2022-08-12 00:00:00-04:00,23.190000534057617,23.729999542236328,23.1299991607666,23.719999313354492,169900,0.0,0.0
2022-08-15 00:00:00-04:00,23.510000228881836,23.690000534057617,23.299999237060547,23.360000610351562,103400,0.0,0.0
2022-08-16 00:00:00-04:00,23.209999084472656,23.350000381469727,22.799999237060547,23.25,121000,0.0,0.0
2022-08-17 00:00:00-04:00,23.139999389648438,23.139999389648438,22.56999969482422,22.6200008392334,220900,0.0,0.0
2022-08-18 00:00:00-04:00,22.549999237060547,22.75,22.399999618530273,22.40999984741211,131300,0.0,0.0
2022-08-19 00:00:00-04:00,22.1200008392334,22.219999313354492,21.729999542236328,21.799999237060547,263200,0.0,0.0
2022-08-22 00:00:00-04:00,21.459999084472656,21.559999465942383,21.09000015258789,21.219999313354492,206200,0.0,0.0
2022-08-23 00:00:00-04:00,21.25,21.389999389648438,20.920000076293945,20.940000534057617,209400,0.0,0.0
2022-08-24 00:00:00-04:00,20.940000534057617,21.280000686645508,20.780000686645508,20.940000534057617,192600,0.0,0.0
2022-08-25 00:00:00-04:00,21.030000686645508,21.350000381469727,20.829999923706055,21.239999771118164,223400,0.0,0.0
2022-08-26 00:00:00-04:00,21.200000762939453,21.200000762939453,20.510000228881836,20.59000015258789,199900,0.0,0.0
2022-08-29 00:00:00-04:00,20.540000915527344,20.90999984741211,20.510000228881836,20.649999618530273,217100,0.0,0.0
2022-08-30 00:00:00-04:00,20.700000762939453,21.190000534057617,20.559999465942383,21.100000381469727,488100,0.0,0.0
2022-08-31 00:00:00-04:00,21.139999389648438,21.610000610351562,21.139999389648438,21.459999084472656,349400,0.0,0.0
2022-09-01 00:00:00-04:00,21.219999313354492,21.3700008392334,20.770000457763672,21.059999465942383,293900,0.0,0.0
2022-09-02 00:00:00-04:00,21.1200008392334,22.0,20.6299991607666,21.729999542236328,372100,0.0,0.0
2022-09-06 00:00:00-04:00,21.899999618530273,21.989999771118164,21.450000762939453,21.700000762939453,284500,0.0,0.0
2022-09-07 00:00:00-04:00,21.649999618530273,22.479999542236328,21.649999618530273,22.290000915527344,212900,0.0,0.0
2022-09-08 00:00:00-04:00,22.219999313354492,22.729999542236328,21.0,22.399999618530273,207400,0.0,0.0
2022-09-09 00:00:00-04:00,22.559999465942383,22.989999771118164,22.260000228881836,22.920000076293945,258800,0.0,0.0
2022-09-12 00:00:00-04:00,23.270000457763672,24.479999542236328,23.270000457763672,23.75,582200,0.0,0.0
2022-09-13 00:00:00-04:00,23.239999771118164,23.520000457763672,22.989999771118164,23.5,392000,0.0,0.0
2022-09-14 00:00:00-04:00,23.56999969482422,23.770000457763672,22.639999389648438,23.1299991607666,299300,0.0,0.0
2022-09-15 00:00:00-04:00,23.040000915527344,23.229999542236328,22.700000762939453,23.18000030517578,266300,0.0,0.0
2022-09-16 00:00:00-04:00,22.969999313354492,22.989999771118164,22.040000915527344,22.40999984741211,1870100,0.0,0.0
2022-09-19 00:00:00-04:00,22.209999084472656,22.90999984741211,22.06999969482422,22.809999465942383,215300,0.0,0.0
2022-09-20 00:00:00-04:00,22.639999389648438,23.139999389648438,22.459999084472656,22.649999618530273,254700,0.0,0.0
2022-09-21 00:00:00-04:00,22.600000381469727,23.06999969482422,22.489999771118164,22.75,231600,0.0,0.0
2022-09-22 00:00:00-04:00,22.719999313354492,22.84000015258789,22.0,22.149999618530273,192700,0.0,0.0
2022-09-23 00:00:00-04:00,21.969999313354492,22.43000030517578,21.889999389648438,21.920000076293945,335600,0.0,0.0
2022-09-26 00:00:00-04:00,21.81999969482422,22.1299991607666,20.889999389648438,20.989999771118164,351300,0.0,0.0
2022-09-27 00:00:00-04:00,21.170000076293945,21.5,20.979999542236328,21.239999771118164,150500,0.0,0.0
2022-09-28 00:00:00-04:00,21.18000030517578,21.68000030517578,21.15999984741211,21.5,135800,0.0,0.0
2022-09-29 00:00:00-04:00,21.540000915527344,21.889999389648438,21.049999237060547,21.81999969482422,145600,0.0,0.0
2022-09-30 00:00:00-04:00,21.780000686645508,22.420000076293945,21.780000686645508,21.790000915527344,228300,0.0,0.0
2022-10-03 00:00:00-04:00,22.010000228881836,22.010000228881836,21.440000534057617,21.950000762939453,205000,0.0,0.0
2022-10-04 00:00:00-04:00,22.280000686645508,23.040000915527344,22.139999389648438,22.850000381469727,179600,0.0,0.0
2022-10-05 00:00:00-04:00,22.520000457763672,23.0,22.020000457763672,22.600000381469727,183300,0.0,0.0
2022-10-06 00:00:00-04:00,22.510000228881836,22.790000915527344,22.420000076293945,22.479999542236328,118300,0.0,0.0
2022-10-07 00:00:00-04:00,22.25,22.25,21.719999313354492,21.799999237060547,115100,0.0,0.0
2022-10-10 00:00:00-04:00,21.709999084472656,21.790000915527344,21.260000228881836,21.399999618530273,173900,0.0,0.0
2022-10-11 00:00:00-04:00,21.34000015258789,21.540000915527344,20.959999084472656,21.34000015258789,186100,0.0,0.0
2022-10-12 00:00:00-04:00,21.34000015258789,21.34000015258789,20.68000030517578,21.049999237060547,114400,0.0,0.0
2022-10-13 00:00:00-04:00,20.610000610351562,21.5,20.600000381469727,21.299999237060547,136800,0.0,0.0
2022-10-14 00:00:00-04:00,21.420000076293945,21.540000915527344,21.09000015258789,21.270000457763672,97200,0.0,0.0
2022-10-17 00:00:00-04:00,21.6299991607666,21.8799991607666,21.3700008392334,21.440000534057617,242000,0.0,0.0
2022-10-18 00:00:00-04:00,21.799999237060547,22.350000381469727,21.690000534057617,22.329999923706055,304000,0.0,0.0
2022-10-19 00:00:00-04:00,22.200000762939453,22.440000534057617,21.940000534057617,22.270000457763672,132800,0.0,0.0
2022-10-20 00:00:00-04:00,22.18000030517578,22.709999084472656,21.940000534057617,22.229999542236328,130700,0.0,0.0
2022-10-21 00:00:00-04:00,22.290000915527344,22.790000915527344,21.90999984741211,22.760000228881836,231700,0.0,0.0
2022-10-24 00:00:00-04:00,22.780000686645508,22.850000381469727,21.920000076293945,22.59000015258789,176000,0.0,0.0
2022-10-25 00:00:00-04:00,22.610000610351562,23.049999237060547,22.59000015258789,23.0,111100,0.0,0.0
2022-10-26 00:00:00-04:00,22.700000762939453,22.920000076293945,22.440000534057617,22.739999771118164,127400,0.0,0.0
2022-10-27 00:00:00-04:00,22.860000610351562,23.0,22.450000762939453,22.790000915527344,116100,0.0,0.0
2022-10-28 00:00:00-04:00,22.790000915527344,23.389999389648438,22.690000534057617,23.3700008392334,125400,0.0,0.0
2022-10-31 00:00:00-04:00,23.31999969482422,23.459999084472656,23.0,23.020000457763672,85300,0.0,0.0
2022-11-01 00:00:00-04:00,23.25,23.31999969482422,22.799999237060547,22.959999084472656,139100,0.0,0.0
2022-11-02 00:00:00-04:00,21.350000381469727,21.5,19.34000015258789,19.860000610351562,623300,0.0,0.0
2022-11-03 00:00:00-04:00,18.889999389648438,19.079999923706055,17.420000076293945,18.1299991607666,803900,0.0,0.0
2022-11-04 00:00:00-04:00,18.25,19.469999313354492,17.809999465942383,19.420000076293945,521000,0.0,0.0
2022-11-07 00:00:00-05:00,19.229999542236328,20.739999771118164,19.229999542236328,20.15999984741211,377100,0.0,0.0
2022-11-08 00:00:00-05:00,20.200000762939453,21.8700008392334,20.200000762939453,21.510000228881836,359600,0.0,0.0
2022-11-09 00:00:00-05:00,21.270000457763672,21.270000457763672,19.8700008392334,20.649999618530273,322600,0.0,0.0
2022-11-10 00:00:00-05:00,21.149999618530273,22.260000228881836,21.149999618530273,21.889999389648438,357600,0.0,0.0
2022-11-11 00:00:00-05:00,21.940000534057617,22.479999542236328,21.40999984741211,21.420000076293945,1554200,0.0,0.0
2022-11-14 00:00:00-05:00,21.3799991607666,21.790000915527344,20.790000915527344,21.0,403700,0.0,0.0
2022-11-15 00:00:00-05:00,21.579999923706055,21.639999389648438,20.84000015258789,21.229999542236328,274400,0.0,0.0
2022-11-16 00:00:00-05:00,20.969999313354492,21.6299991607666,20.829999923706055,21.399999618530273,191900,0.0,0.0
2022-11-17 00:00:00-05:00,21.360000610351562,21.360000610351562,20.639999389648438,20.690000534057617,159800,0.0,0.0
2022-11-18 00:00:00-05:00,20.860000610351562,21.739999771118164,20.6200008392334,20.75,119200,0.0,0.0
2022-11-21 00:00:00-05:00,20.719999313354492,20.8700008392334,20.549999237060547,20.56999969482422,129800,0.0,0.0
2022-11-22 00:00:00-05:00,20.579999923706055,20.579999923706055,20.0,20.510000228881836,278200,0.0,0.0
2022-11-23 00:00:00-05:00,20.59000015258789,20.959999084472656,20.270000457763672,20.899999618530273,131300,0.0,0.0
2022-11-25 00:00:00-05:00,20.760000228881836,21.209999084472656,20.719999313354492,21.1299991607666,76700,0.0,0.0
2022-11-28 00:00:00-05:00,21.010000228881836,21.149999618530273,20.40999984741211,20.489999771118164,195000,0.0,0.0
2022-11-29 00:00:00-05:00,20.459999084472656,20.5,19.979999542236328,20.010000228881836,137300,0.0,0.0
2022-11-30 00:00:00-05:00,19.940000534057617,20.690000534057617,19.610000610351562,20.6299991607666,266200,0.0,0.0
2022-12-01 00:00:00-05:00,20.829999923706055,21.299999237060547,20.649999618530273,20.950000762939453,175300,0.0,0.0
2022-12-02 00:00:00-05:00,20.530000686645508,20.899999618530273,20.309999465942383,20.690000534057617,197600,0.0,0.0
2022-12-05 00:00:00-05:00,20.510000228881836,20.639999389648438,20.200000762939453,20.6200008392334,189300,0.0,0.0
2022-12-06 00:00:00-05:00,20.690000534057617,20.690000534057617,20.15999984741211,20.31999969482422,223900,0.0,0.0
2022-12-07 00:00:00-05:00,20.260000228881836,20.420000076293945,20.0,20.200000762939453,139700,0.0,0.0
2022-12-08 00:00:00-05:00,20.3799991607666,20.790000915527344,20.15999984741211,20.420000076293945,139500,0.0,0.0
2022-12-09 00:00:00-05:00,20.290000915527344,20.610000610351562,20.18000030517578,20.260000228881836,126700,0.0,0.0
2022-12-12 00:00:00-05:00,20.15999984741211,20.309999465942383,19.68000030517578,19.719999313354492,250300,0.0,0.0
2022-12-13 00:00:00-05:00,20.139999389648438,20.5,19.639999389648438,19.889999389648438,327800,0.0,0.0
2022-12-14 00:00:00-05:00,19.93000030517578,20.200000762939453,19.600000381469727,19.829999923706055,267000,0.0,0.0
2022-12-15 00:00:00-05:00,19.510000228881836,19.6200008392334,19.149999618530273,19.25,276800,0.0,0.0
2022-12-16 00:00:00-05:00,19.110000610351562,19.360000610351562,18.739999771118164,19.020000457763672,626200,0.0,0.0
2022-12-19 00:00:00-05:00,19.030000686645508,19.450000762939453,18.690000534057617,19.190000534057617,200800,0.0,0.0
2022-12-20 00:00:00-05:00,19.149999618530273,19.700000762939453,19.059999465942383,19.489999771118164,115200,0.0,0.0
2022-12-21 00:00:00-05:00,19.489999771118164,19.729999542236328,19.350000381469727,19.520000457763672,111900,0.0,0.0
2022-12-22 00:00:00-05:00,19.299999237060547,19.440000534057617,19.1299991607666,19.389999389648438,116200,0.0,0.0
2022-12-23 00:00:00-05:00,19.309999465942383,19.540000915527344,19.25,19.469999313354492,98400,0.0,0.0
2022-12-27 00:00:00-05:00,19.399999618530273,19.610000610351562,19.0,19.239999771118164,159000,0.0,0.0
2022-12-28 00:00:00-05:00,19.020000457763672,19.40999984741211,18.780000686645508,18.829999923706055,176800,0.0,0.0
2022-12-29 00:00:00-05:00,18.969999313354492,19.670000076293945,18.850000381469727,19.40999984741211,145500,0.0,0.0
2022-12-30 00:00:00-05:00,19.280000686645508,19.770000457763672,19.149999618530273,19.75,106200,0.0,0.0
2023-01-03 00:00:00-05:00,19.84000015258789,20.219999313354492,19.739999771118164,20.049999237060547,152900,0.0,0.0
2023-01-04 00:00:00-05:00,20.219999313354492,20.520000457763672,20.15999984741211,20.450000762939453,122400,0.0,0.0
2023-01-05 00:00:00-05:00,20.3700008392334,20.670000076293945,19.459999084472656,19.540000915527344,282600,0.0,0.0
2023-01-06 00:00:00-05:00,19.6299991607666,20.290000915527344,19.489999771118164,20.200000762939453,160200,0.0,0.0
2023-01-09 00:00:00-05:00,20.329999923706055,20.770000457763672,20.280000686645508,20.329999923706055,80400,0.0,0.0
2023-01-10 00:00:00-05:00,20.5,20.719999313354492,20.059999465942383,20.360000610351562,107500,0.0,0.0
2023-01-11 00:00:00-05:00,20.360000610351562,20.6299991607666,20.110000610351562,20.239999771118164,108400,0.0,0.0
2023-01-12 00:00:00-05:00,20.479999542236328,20.520000457763672,20.110000610351562,20.1200008392334,86100,0.0,0.0
2023-01-13 00:00:00-05:00,19.860000610351562,20.139999389648438,19.530000686645508,19.559999465942383,258300,0.0,0.0
2023-01-17 00:00:00-05:00,19.59000015258789,20.100000381469727,19.540000915527344,20.030000686645508,152400,0.0,0.0
2023-01-18 00:00:00-05:00,20.270000457763672,20.459999084472656,19.920000076293945,19.950000762939453,122800,0.0,0.0
2023-01-19 00:00:00-05:00,19.790000915527344,20.40999984741211,19.760000228881836,20.149999618530273,94000,0.0,0.0
2023-01-20 00:00:00-05:00,20.239999771118164,20.65999984741211,20.030000686645508,20.350000381469727,144100,0.0,0.0
2023-01-23 00:00:00-05:00,20.34000015258789,20.950000762939453,20.270000457763672,20.780000686645508,123400,0.0,0.0
2023-01-24 00:00:00-05:00,20.75,20.93000030517578,20.059999465942383,20.649999618530273,87800,0.0,0.0
2023-01-25 00:00:00-05:00,20.40999984741211,21.010000228881836,20.329999923706055,20.989999771118164,77500,0.0,0.0
2023-01-26 00:00:00-05:00,21.040000915527344,21.290000915527344,20.920000076293945,21.209999084472656,74100,0.0,0.0
2023-01-27 00:00:00-05:00,21.030000686645508,21.399999618530273,20.950000762939453,21.260000228881836,79700,0.0,0.0
2023-01-30 00:00:00-05:00,21.020000457763672,21.270000457763672,20.489999771118164,20.90999984741211,100000,0.0,0.0
2023-01-31 00:00:00-05:00,20.959999084472656,21.31999969482422,20.790000915527344,21.299999237060547,211700,0.0,0.0
2023-02-01 00:00:00-05:00,21.190000534057617,21.809999465942383,20.8799991607666,21.6299991607666,152800,0.0,0.0
2023-02-02 00:00:00-05:00,21.8700008392334,22.770000457763672,21.190000534057617,22.65999984741211,187000,0.0,0.0
2023-02-03 00:00:00-05:00,22.280000686645508,22.8799991607666,21.799999237060547,22.139999389648438,90300,0.0,0.0
2023-02-06 00:00:00-05:00,21.899999618530273,22.100000381469727,21.600000381469727,21.799999237060547,129000,0.0,0.0
2023-02-07 00:00:00-05:00,21.709999084472656,22.280000686645508,21.25,22.15999984741211,144200,0.0,0.0
2023-02-08 00:00:00-05:00,21.760000228881836,22.06999969482422,20.0,20.59000015258789,199800,0.0,0.0
2023-02-09 00:00:00-05:00,20.719999313354492,21.739999771118164,20.719999313354492,21.68000030517578,118100,0.0,0.0
2023-02-10 00:00:00-05:00,21.43000030517578,21.860000610351562,21.1299991607666,21.360000610351562,152700,0.0,0.0
2023-02-13 00:00:00-05:00,21.360000610351562,22.170000076293945,21.25,22.040000915527344,87600,0.0,0.0
2023-02-14 00:00:00-05:00,21.889999389648438,22.479999542236328,21.5,22.399999618530273,93300,0.0,0.0
2023-02-15 00:00:00-05:00,22.3700008392334,22.649999618530273,22.209999084472656,22.260000228881836,61900,0.0,0.0
2023-02-16 00:00:00-05:00,21.8700008392334,22.209999084472656,20.979999542236328,21.15999984741211,114600,0.0,0.0
2023-02-17 00:00:00-05:00,21.110000610351562,21.479999542236328,21.030000686645508,21.049999237060547,95400,0.0,0.0
2023-02-21 00:00:00-05:00,20.889999389648438,21.040000915527344,20.649999618530273,20.959999084472656,101100,0.0,0.0
2023-02-22 00:00:00-05:00,20.760000228881836,21.31999969482422,20.760000228881836,21.190000534057617,119700,0.0,0.0
2023-02-23 00:00:00-05:00,21.479999542236328,21.600000381469727,21.1200008392334,21.549999237060547,132100,0.0,0.0
2023-02-24 00:00:00-05:00,21.25,21.389999389648438,20.760000228881836,20.780000686645508,74900,0.0,0.0
2023-02-27 00:00:00-05:00,20.850000381469727,21.190000534057617,20.729999542236328,20.940000534057617,72800,0.0,0.0
2023-02-28 00:00:00-05:00,20.81999969482422,21.15999984741211,20.799999237060547,20.829999923706055,66300,0.0,0.0
2023-03-01 00:00:00-05:00,20.959999084472656,21.3700008392334,20.729999542236328,20.959999084472656,109500,0.0,0.0
2023-03-02 00:00:00-05:00,20.799999237060547,21.510000228881836,20.709999084472656,21.389999389648438,108500,0.0,0.0
2023-03-03 00:00:00-05:00,21.399999618530273,21.520000457763672,21.329999923706055,21.459999084472656,78100,0.0,0.0
2023-03-06 00:00:00-05:00,21.600000381469727,21.760000228881836,21.43000030517578,21.43000030517578,100600,0.0,0.0
2023-03-07 00:00:00-05:00,21.31999969482422,21.6299991607666,21.260000228881836,21.34000015258789,84100,0.0,0.0
2023-03-08 00:00:00-05:00,21.34000015258789,21.610000610351562,21.239999771118164,21.479999542236328,74500,0.0,0.0
2023-03-09 00:00:00-05:00,21.549999237060547,21.850000381469727,21.270000457763672,21.290000915527344,70900,0.0,0.0
2023-03-10 00:00:00-05:00,21.15999984741211,21.170000076293945,20.56999969482422,20.729999542236328,71100,0.0,0.0
2023-03-13 00:00:00-04:00,20.309999465942383,20.540000915527344,19.860000610351562,19.969999313354492,257100,0.0,0.0
2023-03-14 00:00:00-04:00,20.260000228881836,20.549999237060547,20.15999984741211,20.309999465942383,137000,0.0,0.0
2023-03-15 00:00:00-04:00,19.979999542236328,20.209999084472656,19.93000030517578,20.100000381469727,88200,0.0,0.0
2023-03-16 00:00:00-04:00,19.989999771118164,20.690000534057617,19.989999771118164,20.6299991607666,120400,0.0,0.0
2023-03-17 00:00:00-04:00,20.440000534057617,20.600000381469727,20.100000381469727,20.329999923706055,764300,0.0,0.0
2023-03-20 00:00:00-04:00,20.459999084472656,20.59000015258789,20.079999923706055,20.15999984741211,95700,0.0,0.0
2023-03-21 00:00:00-04:00,20.360000610351562,20.850000381469727,20.360000610351562,20.579999923706055,107900,0.0,0.0
2023-03-22 00:00:00-04:00,20.5,20.93000030517578,20.3700008392334,20.3700008392334,98000,0.0,0.0
2023-03-23 00:00:00-04:00,20.610000610351562,21.1200008392334,20.5,20.559999465942383,91700,0.0,0.0
2023-03-24 00:00:00-04:00,20.469999313354492,20.65999984741211,19.84000015258789,20.559999465942383,71600,0.0,0.0
2023-03-27 00:00:00-04:00,20.719999313354492,20.979999542236328,20.329999923706055,20.3799991607666,86100,0.0,0.0
2023-03-28 00:00:00-04:00,20.270000457763672,20.690000534057617,20.0,20.6299991607666,125900,0.0,0.0
2023-03-29 00:00:00-04:00,20.729999542236328,21.110000610351562,20.530000686645508,21.049999237060547,70600,0.0,0.0
2023-03-30 00:00:00-04:00,21.280000686645508,21.280000686645508,21.0,21.100000381469727,61500,0.0,0.0
2023-03-31 00:00:00-04:00,21.139999389648438,21.610000610351562,20.940000534057617,21.540000915527344,147300,0.0,0.0
2023-04-03 00:00:00-04:00,21.350000381469727,21.579999923706055,21.1200008392334,21.40999984741211,80000,0.0,0.0
2023-04-04 00:00:00-04:00,21.459999084472656,21.889999389648438,20.979999542236328,21.709999084472656,87100,0.0,0.0
2023-04-05 00:00:00-04:00,21.670000076293945,22.010000228881836,21.469999313354492,21.940000534057617,72600,0.0,0.0
2023-04-06 00:00:00-04:00,21.75,22.309999465942383,21.18000030517578,22.280000686645508,63800,0.0,0.0
2023-04-10 00:00:00-04:00,22.040000915527344,22.40999984741211,21.799999237060547,22.329999923706055,72000,0.0,0.0
2023-04-11 00:00:00-04:00,22.219999313354492,22.799999237060547,22.0,22.6299991607666,107500,0.0,0.0
2023-04-12 00:00:00-04:00,22.809999465942383,23.149999618530273,22.65999984741211,22.829999923706055,100600,0.0,0.0
2023-04-13 00:00:00-04:00,22.829999923706055,23.350000381469727,22.829999923706055,23.139999389648438,94000,0.0,0.0
2023-04-14 00:00:00-04:00,22.799999237060547,23.25,22.799999237060547,23.020000457763672,72000,0.0,0.0
2023-04-17 00:00:00-04:00,22.790000915527344,22.84000015258789,21.290000915527344,21.450000762939453,238500,0.0,0.0
2023-04-18 00:00:00-04:00,21.559999465942383,21.920000076293945,21.389999389648438,21.510000228881836,96600,0.0,0.0
2023-04-19 00:00:00-04:00,21.280000686645508,21.360000610351562,20.860000610351562,21.079999923706055,161600,0.0,0.0
2023-04-20 00:00:00-04:00,20.84000015258789,20.940000534057617,20.530000686645508,20.889999389648438,165500,0.0,0.0
2023-04-21 00:00:00-04:00,20.920000076293945,21.270000457763672,20.81999969482422,20.989999771118164,456200,0.0,0.0
2023-04-24 00:00:00-04:00,21.020000457763672,21.15999984741211,20.280000686645508,20.3799991607666,132000,0.0,0.0
2023-04-25 00:00:00-04:00,20.200000762939453,20.530000686645508,19.739999771118164,19.739999771118164,87400,0.0,0.0
2023-04-26 00:00:00-04:00,19.809999465942383,20.260000228881836,19.719999313354492,19.950000762939453,104600,0.0,0.0
2023-04-27 00:00:00-04:00,20.040000915527344,20.280000686645508,20.0,20.040000915527344,84400,0.0,0.0
2023-04-28 00:00:00-04:00,20.09000015258789,20.31999969482422,19.950000762939453,20.149999618530273,101100,0.0,0.0
2023-05-01 00:00:00-04:00,20.040000915527344,20.940000534057617,20.010000228881836,20.06999969482422,100300,0.0,0.0
2023-05-02 00:00:00-04:00,19.889999389648438,20.299999237060547,19.40999984741211,19.489999771118164,134500,0.0,0.0
2023-05-03 00:00:00-04:00,18.0,19.469999313354492,17.469999313354492,17.6299991607666,371400,0.0,0.0
2023-05-04 00:00:00-04:00,17.5,18.209999084472656,17.469999313354492,18.1200008392334,211300,0.0,0.0
2023-05-05 00:00:00-04:00,18.280000686645508,19.309999465942383,18.15999984741211,19.06999969482422,172700,0.0,0.0
2023-05-08 00:00:00-04:00,19.09000015258789,19.469999313354492,18.860000610351562,19.43000030517578,211100,0.0,0.0
2023-05-09 00:00:00-04:00,19.040000915527344,19.549999237060547,18.950000762939453,19.0,167100,0.0,0.0
2023-05-10 00:00:00-04:00,19.190000534057617,20.09000015258789,19.190000534057617,19.219999313354492,215600,0.0,0.0
2023-05-11 00:00:00-04:00,19.209999084472656,19.719999313354492,19.170000076293945,19.6299991607666,197400,0.0,0.0
2023-05-12 00:00:00-04:00,19.6299991607666,20.049999237060547,19.43000030517578,19.770000457763672,609700,0.0,0.0
2023-05-15 00:00:00-04:00,19.65999984741211,19.719999313354492,19.06999969482422,19.110000610351562,154900,0.0,0.0
2023-05-16 00:00:00-04:00,18.950000762939453,19.229999542236328,18.709999084472656,18.739999771118164,127700,0.0,0.0
2023-05-17 00:00:00-04:00,18.780000686645508,19.15999984741211,18.709999084472656,18.93000030517578,134900,0.0,0.0
2023-05-18 00:00:00-04:00,18.920000076293945,19.219999313354492,18.790000915527344,19.09000015258789,194800,0.0,0.0
2023-05-19 00:00:00-04:00,19.239999771118164,19.450000762939453,18.809999465942383,18.829999923706055,114600,0.0,0.0
2023-05-22 00:00:00-04:00,18.68000030517578,18.889999389648438,18.34000015258789,18.540000915527344,340900,0.0,0.0
2023-05-23 00:00:00-04:00,18.510000228881836,19.540000915527344,18.510000228881836,19.030000686645508,141400,0.0,0.0
2023-05-24 00:00:00-04:00,18.90999984741211,19.299999237060547,18.8799991607666,19.239999771118164,128800,0.0,0.0
2023-05-25 00:00:00-04:00,19.440000534057617,19.459999084472656,19.06999969482422,19.09000015258789,135800,0.0,0.0
2023-05-26 00:00:00-04:00,19.09000015258789,19.489999771118164,19.09000015258789,19.25,120000,0.0,0.0
2023-05-30 00:00:00-04:00,19.290000915527344,19.520000457763672,19.139999389648438,19.40999984741211,103700,0.0,0.0
2023-05-31 00:00:00-04:00,19.229999542236328,19.75,19.229999542236328,19.65999984741211,227500,0.0,0.0
2023-06-01 00:00:00-04:00,19.540000915527344,19.56999969482422,19.219999313354492,19.219999313354492,115800,0.0,0.0
2023-06-02 00:00:00-04:00,19.399999618530273,19.770000457763672,19.299999237060547,19.649999618530273,98900,0.0,0.0
2023-06-05 00:00:00-04:00,19.510000228881836,19.690000534057617,19.25,19.329999923706055,74500,0.0,0.0
2023-06-06 00:00:00-04:00,19.239999771118164,19.809999465942383,19.170000076293945,19.709999084472656,261900,0.0,0.0
2023-06-07 00:00:00-04:00,19.81999969482422,20.25,19.780000686645508,20.079999923706055,246000,0.0,0.0
2023-06-08 00:00:00-04:00,19.93000030517578,20.280000686645508,19.920000076293945,20.020000457763672,161500,0.0,0.0
2023-06-09 00:00:00-04:00,20.200000762939453,20.309999465942383,20.030000686645508,20.09000015258789,173000,0.0,0.0
2023-06-12 00:00:00-04:00,20.06999969482422,20.09000015258789,19.739999771118164,19.790000915527344,92600,0.0,0.0
2023-06-13 00:00:00-04:00,19.899999618530273,20.200000762939453,19.8799991607666,20.139999389648438,157700,0.0,0.0
2023-06-14 00:00:00-04:00,20.1299991607666,20.280000686645508,19.8700008392334,19.969999313354492,102500,0.0,0.0
2023-06-15 00:00:00-04:00,19.829999923706055,20.149999618530273,19.690000534057617,19.850000381469727,176500,0.0,0.0
2023-06-16 00:00:00-04:00,19.8799991607666,20.059999465942383,19.65999984741211,19.729999542236328,404600,0.0,0.0
2023-06-20 00:00:00-04:00,19.729999542236328,19.8799991607666,19.59000015258789,19.770000457763672,128100,0.0,0.0
2023-06-21 00:00:00-04:00,19.6200008392334,19.760000228881836,19.260000228881836,19.290000915527344,123300,0.0,0.0
2023-06-22 00:00:00-04:00,19.290000915527344,19.559999465942383,19.139999389648438,19.510000228881836,80500,0.0,0.0
2023-06-23 00:00:00-04:00,19.299999237060547,19.389999389648438,19.030000686645508,19.239999771118164,85400,0.0,0.0
2023-06-26 00:00:00-04:00,19.649999618530273,19.719999313354492,19.100000381469727,19.100000381469727,194700,0.0,0.0
2023-06-27 00:00:00-04:00,19.139999389648438,19.559999465942383,19.040000915527344,19.06999969482422,159700,0.0,0.0
2023-06-28 00:00:00-04:00,19.06999969482422,19.209999084472656,18.770000457763672,19.06999969482422,74800,0.0,0.0
2023-06-29 00:00:00-04:00,18.979999542236328,19.670000076293945,18.979999542236328,19.600000381469727,125600,0.0,0.0
2023-06-30 00:00:00-04:00,19.850000381469727,19.950000762939453,19.3700008392334,19.389999389648438,89300,0.0,0.0
2023-07-03 00:00:00-04:00,19.290000915527344,19.610000610351562,19.209999084472656,19.440000534057617,53500,0.0,0.0
2023-07-05 00:00:00-04:00,19.290000915527344,19.3700008392334,19.06999969482422,19.170000076293945,113700,0.0,0.0
2023-07-06 00:00:00-04:00,19.040000915527344,19.18000030517578,18.969999313354492,19.110000610351562,191000,0.0,0.0
2023-07-07 00:00:00-04:00,19.040000915527344,19.549999237060547,18.93000030517578,19.450000762939453,179200,0.0,0.0
2023-07-10 00:00:00-04:00,19.469999313354492,20.1299991607666,19.469999313354492,20.09000015258789,102100,0.0,0.0
2023-07-11 00:00:00-04:00,20.219999313354492,20.219999313354492,19.81999969482422,19.940000534057617,102600,0.0,0.0
2023-07-12 00:00:00-04:00,20.06999969482422,20.139999389648438,19.75,19.90999984741211,106100,0.0,0.0
2023-07-13 00:00:00-04:00,19.90999984741211,20.350000381469727,19.90999984741211,20.290000915527344,73600,0.0,0.0
2023-07-14 00:00:00-04:00,20.1200008392334,20.239999771118164,19.350000381469727,19.40999984741211,104300,0.0,0.0
2023-07-17 00:00:00-04:00,19.299999237060547,19.479999542236328,18.899999618530273,18.959999084472656,238100,0.0,0.0
2023-07-18 00:00:00-04:00,18.959999084472656,19.290000915527344,18.700000762939453,19.040000915527344,206900,0.0,0.0
2023-07-19 00:00:00-04:00,19.049999237060547,19.709999084472656,19.0,19.049999237060547,132400,0.0,0.0
2023-07-20 00:00:00-04:00,19.049999237060547,19.239999771118164,18.649999618530273,18.81999969482422,170500,0.0,0.0
2023-07-21 00:00:00-04:00,18.979999542236328,19.18000030517578,18.520000457763672,18.579999923706055,143300,0.0,0.0
2023-07-24 00:00:00-04:00,18.5,18.93000030517578,18.5,18.729999542236328,88400,0.0,0.0
2023-07-25 00:00:00-04:00,18.799999237060547,19.139999389648438,18.799999237060547,18.989999771118164,75300,0.0,0.0
2023-07-26 00:00:00-04:00,18.93000030517578,19.200000762939453,18.799999237060547,18.8799991607666,87900,0.0,0.0
2023-07-27 00:00:00-04:00,18.959999084472656,19.3700008392334,18.5,18.530000686645508,120400,0.0,0.0
2023-07-28 00:00:00-04:00,18.479999542236328,18.829999923706055,18.479999542236328,18.559999465942383,117100,0.0,0.0
2023-07-31 00:00:00-04:00,18.469999313354492,19.139999389648438,18.469999313354492,18.790000915527344,124000,0.0,0.0
2023-08-01 00:00:00-04:00,18.709999084472656,19.06999969482422,18.709999084472656,18.969999313354492,94500,0.0,0.0
2023-08-02 00:00:00-04:00,15.579999923706055,16.6200008392334,14.960000038146973,16.010000228881836,461000,0.0,0.0
2023-08-03 00:00:00-04:00,15.779999732971191,16.600000381469727,15.34000015258789,16.510000228881836,282700,0.0,0.0
2023-08-04 00:00:00-04:00,16.34000015258789,17.09000015258789,16.34000015258789,17.049999237060547,368800,0.0,0.0
2023-08-07 00:00:00-04:00,17.049999237060547,17.329999923706055,16.6299991607666,17.260000228881836,195800,0.0,0.0
2023-08-08 00:00:00-04:00,17.030000686645508,17.1299991607666,16.889999389648438,17.0,192600,0.0,0.0
2023-08-09 00:00:00-04:00,17.020000457763672,17.170000076293945,16.690000534057617,16.959999084472656,158700,0.0,0.0
2023-08-10 00:00:00-04:00,17.079999923706055,17.270000457763672,16.75,16.770000457763672,127700,0.0,0.0
2023-08-11 00:00:00-04:00,16.729999542236328,17.15999984741211,16.65999984741211,17.0,89700,0.0,0.0
2023-08-14 00:00:00-04:00,16.84000015258789,17.049999237060547,16.809999465942383,16.969999313354492,201300,0.0,0.0
2023-08-15 00:00:00-04:00,16.889999389648438,17.100000381469727,16.889999389648438,16.93000030517578,79200,0.0,0.0
2023-08-16 00:00:00-04:00,16.93000030517578,17.079999923706055,16.75,17.010000228881836,114000,0.0,0.0
2023-08-17 00:00:00-04:00,17.079999923706055,17.139999389648438,16.989999771118164,17.0,65500,0.0,0.0
2023-08-18 00:00:00-04:00,16.8799991607666,17.09000015258789,16.8799991607666,17.049999237060547,85000,0.0,0.0
2023-08-21 00:00:00-04:00,17.110000610351562,17.18000030517578,16.75,16.829999923706055,109500,0.0,0.0
2023-08-22 00:00:00-04:00,16.84000015258789,17.010000228881836,16.84000015258789,16.959999084472656,91800,0.0,0.0
2023-08-23 00:00:00-04:00,17.030000686645508,17.079999923706055,16.75,16.989999771118164,74000,0.0,0.0
2023-08-24 00:00:00-04:00,17.0,17.06999969482422,16.760000228881836,16.799999237060547,88500,0.0,0.0
2023-08-25 00:00:00-04:00,16.790000915527344,16.989999771118164,16.579999923706055,16.829999923706055,319700,0.0,0.0
2023-08-28 00:00:00-04:00,16.670000076293945,16.899999618530273,16.469999313354492,16.510000228881836,104900,0.0,0.0
2023-08-29 00:00:00-04:00,16.75,16.959999084472656,16.65999984741211,16.950000762939453,133300,0.0,0.0
2023-08-30 00:00:00-04:00,16.899999618530273,17.15999984741211,16.899999618530273,17.030000686645508,76200,0.0,0.0
2023-08-31 00:00:00-04:00,17.15999984741211,17.399999618530273,17.1299991607666,17.280000686645508,95600,0.0,0.0
2023-09-01 00:00:00-04:00,17.309999465942383,17.469999313354492,17.1299991607666,17.190000534057617,103100,0.0,0.0
2023-09-05 00:00:00-04:00,17.040000915527344,17.34000015258789,17.030000686645508,17.079999923706055,114500,0.0,0.0
2023-09-06 00:00:00-04:00,17.0,17.139999389648438,16.920000076293945,17.059999465942383,117000,0.0,0.0
2023-09-07 00:00:00-04:00,17.0,17.229999542236328,16.920000076293945,17.0,133900,0.0,0.0
2023-09-08 00:00:00-04:00,17.010000228881836,17.079999923706055,16.8799991607666,16.8799991607666,72200,0.0,0.0
2023-09-11 00:00:00-04:00,16.979999542236328,17.030000686645508,16.760000228881836,16.790000915527344,106000,0.0,0.0
2023-09-12 00:00:00-04:00,16.760000228881836,16.8700008392334,16.600000381469727,16.75,108900,0.0,0.0
2023-09-13 00:00:00-04:00,16.719999313354492,16.8700008392334,16.579999923706055,16.799999237060547,99800,0.0,0.0
2023-09-14 00:00:00-04:00,16.850000381469727,16.950000762939453,16.639999389648438,16.780000686645508,99500,0.0,0.0
2023-09-15 00:00:00-04:00,16.780000686645508,16.81999969482422,16.43000030517578,16.760000228881836,650700,0.0,0.0
2023-09-18 00:00:00-04:00,16.799999237060547,16.809999465942383,16.469999313354492,16.530000686645508,96100,0.0,0.0
2023-09-19 00:00:00-04:00,16.450000762939453,16.520000457763672,16.290000915527344,16.3700008392334,77000,0.0,0.0
2023-09-20 00:00:00-04:00,16.43000030517578,16.530000686645508,16.260000228881836,16.280000686645508,106100,0.0,0.0
2023-09-21 00:00:00-04:00,16.200000762939453,16.3799991607666,15.960000038146973,16.25,118800,0.0,0.0
2023-09-22 00:00:00-04:00,16.280000686645508,16.479999542236328,16.18000030517578,16.31999969482422,193900,0.0,0.0
2023-09-25 00:00:00-04:00,16.219999313354492,16.34000015258789,16.020000457763672,16.18000030517578,62000,0.0,0.0
2023-09-26 00:00:00-04:00,16.190000534057617,16.350000381469727,16.079999923706055,16.350000381469727,155800,0.0,0.0
2023-09-27 00:00:00-04:00,16.399999618530273,16.65999984741211,16.209999084472656,16.6200008392334,116000,0.0,0.0
2023-09-28 00:00:00-04:00,16.59000015258789,16.760000228881836,16.520000457763672,16.690000534057617,79700,0.0,0.0
2023-09-29 00:00:00-04:00,16.75,17.079999923706055,16.489999771118164,16.920000076293945,155100,0.0,0.0
2023-10-02 00:00:00-04:00,16.969999313354492,17.290000915527344,16.850000381469727,17.239999771118164,105500,0.0,0.0
2023-10-03 00:00:00-04:00,17.219999313354492,17.270000457763672,16.90999984741211,17.110000610351562,99800,0.0,0.0
2023-10-04 00:00:00-04:00,16.6299991607666,17.360000610351562,16.6299991607666,16.8700008392334,233000,0.0,0.0
2023-10-05 00:00:00-04:00,16.81999969482422,16.940000534057617,16.450000762939453,16.780000686645508,133800,0.0,0.0
2023-10-06 00:00:00-04:00,16.719999313354492,16.959999084472656,16.649999618530273,16.850000381469727,96200,0.0,0.0
2023-10-09 00:00:00-04:00,16.700000762939453,16.739999771118164,16.5,16.68000030517578,136500,0.0,0.0
2023-10-10 00:00:00-04:00,16.489999771118164,16.950000762939453,16.489999771118164,16.829999923706055,208700,0.0,0.0
2023-10-11 00:00:00-04:00,16.81999969482422,16.93000030517578,16.31999969482422,16.479999542236328,118300,0.0,0.0
2023-10-12 00:00:00-04:00,16.459999084472656,16.459999084472656,16.209999084472656,16.350000381469727,115300,0.0,0.0
2023-10-13 00:00:00-04:00,16.389999389648438,16.389999389648438,16.100000381469727,16.260000228881836,95000,0.0,0.0
2023-10-16 00:00:00-04:00,16.290000915527344,16.31999969482422,15.989999771118164,16.229999542236328,277400,0.0,0.0
2023-10-17 00:00:00-04:00,16.079999923706055,16.3799991607666,15.979999542236328,16.049999237060547,185300,0.0,0.0
2023-10-18 00:00:00-04:00,16.020000457763672,16.309999465942383,15.949999809265137,16.049999237060547,111300,0.0,0.0
2023-10-19 00:00:00-04:00,16.049999237060547,16.34000015258789,16.0,16.190000534057617,170800,0.0,0.0
2023-10-20 00:00:00-04:00,16.209999084472656,16.209999084472656,15.84000015258789,15.9399995803833,228900,0.0,0.0
2023-10-23 00:00:00-04:00,15.9399995803833,15.9399995803833,15.510000228881836,15.510000228881836,169900,0.0,0.0
2023-10-24 00:00:00-04:00,15.5,15.850000381469727,15.5,15.8100004196167,208400,0.0,0.0
2023-10-25 00:00:00-04:00,15.649999618530273,15.850000381469727,15.260000228881836,15.300000190734863,158300,0.0,0.0
2023-10-26 00:00:00-04:00,15.289999961853027,15.460000038146973,14.90999984741211,14.979999542236328,141600,0.0,0.0
2023-10-27 00:00:00-04:00,14.979999542236328,15.149999618530273,14.920000076293945,15.029999732971191,157900,0.0,0.0
2023-10-30 00:00:00-04:00,15.079999923706055,15.079999923706055,14.90999984741211,14.930000305175781,98500,0.0,0.0
2023-10-31 00:00:00-04:00,14.90999984741211,15.170000076293945,14.859999656677246,14.90999984741211,297800,0.0,0.0
2023-11-01 00:00:00-04:00,15.720000267028809,15.949999809265137,13.529999732971191,14.380000114440918,436200,0.0,0.0
2023-11-02 00:00:00-04:00,14.380000114440918,14.970000267028809,14.1899995803833,14.649999618530273,338000,0.0,0.0
2023-11-03 00:00:00-04:00,14.710000038146973,15.010000228881836,14.640000343322754,14.890000343322754,324000,0.0,0.0
2023-11-06 00:00:00-05:00,14.760000228881836,15.15999984741211,14.670000076293945,15.050000190734863,287300,0.0,0.0
2023-11-07 00:00:00-05:00,14.970000267028809,15.329999923706055,14.920000076293945,15.109999656677246,196400,0.0,0.0
2023-11-08 00:00:00-05:00,15.100000381469727,15.380000114440918,15.069999694824219,15.260000228881836,267500,0.0,0.0
2023-11-09 00:00:00-05:00,15.359999656677246,15.489999771118164,14.90999984741211,15.069999694824219,274200,0.0,0.0
2023-11-10 00:00:00-05:00,15.1899995803833,15.520000457763672,14.930000305175781,15.289999961853027,869000,0.0,0.0
2023-11-13 00:00:00-05:00,15.220000267028809,15.390000343322754,15.0,15.029999732971191,174500,0.0,0.0
2023-11-14 00:00:00-05:00,15.149999618530273,15.550000190734863,14.979999542236328,15.550000190734863,246800,0.0,0.0
2023-11-15 00:00:00-05:00,15.539999961853027,15.989999771118164,15.539999961853027,15.630000114440918,176600,0.0,0.0
2023-11-16 00:00:00-05:00,15.8100004196167,15.8100004196167,15.3100004196167,15.329999923706055,166000,0.0,0.0
2023-11-17 00:00:00-05:00,15.329999923706055,15.670000076293945,15.199999809265137,15.329999923706055,118600,0.0,0.0
2023-11-20 00:00:00-05:00,15.65999984741211,15.6899995803833,14.84000015258789,15.229999542236328,134200,0.0,0.0
2023-11-21 00:00:00-05:00,15.180000305175781,15.350000381469727,14.800000190734863,14.9399995803833,193200,0.0,0.0
2023-11-22 00:00:00-05:00,15.020000457763672,15.229999542236328,14.989999771118164,15.119999885559082,129200,0.0,0.0
2023-11-24 00:00:00-05:00,15.210000038146973,15.609999656677246,15.050000190734863,15.380000114440918,113800,0.0,0.0
2023-11-27 00:00:00-05:00,15.279999732971191,15.59000015258789,15.100000381469727,15.510000228881836,129500,0.0,0.0
2023-11-28 00:00:00-05:00,15.4399995803833,15.680000305175781,15.15999984741211,15.539999961853027,120200,0.0,0.0
2023-11-29 00:00:00-05:00,15.569999694824219,15.859999656677246,15.569999694824219,15.800000190734863,305600,0.0,0.0
2023-11-30 00:00:00-05:00,15.800000190734863,15.869999885559082,15.210000038146973,15.25,366800,0.0,0.0
2023-12-01 00:00:00-05:00,15.199999809265137,15.569999694824219,15.130000114440918,15.539999961853027,270100,0.0,0.0
2023-12-04 00:00:00-05:00,15.350000381469727,15.699999809265137,15.350000381469727,15.600000381469727,214300,0.0,0.0
2023-12-05 00:00:00-05:00,15.460000038146973,16.030000686645508,15.380000114440918,16.030000686645508,306000,0.0,0.0
2023-12-06 00:00:00-05:00,16.170000076293945,16.329999923706055,15.829999923706055,15.829999923706055,135500,0.0,0.0
2023-12-07 00:00:00-05:00,15.829999923706055,15.890000343322754,15.649999618530273,15.649999618530273,111600,0.0,0.0
2023-12-08 00:00:00-05:00,15.649999618530273,16.209999084472656,15.619999885559082,16.170000076293945,401000,0.0,0.0
2023-12-11 00:00:00-05:00,16.270000457763672,16.34000015258789,16.079999923706055,16.149999618530273,299300,0.0,0.0
2023-12-12 00:00:00-05:00,16.030000686645508,16.219999313354492,15.90999984741211,16.09000015258789,273200,0.0,0.0
2023-12-13 00:00:00-05:00,16.049999237060547,16.670000076293945,14.9399995803833,16.56999969482422,333900,0.0,0.0
2023-12-14 00:00:00-05:00,16.6200008392334,16.989999771118164,16.6200008392334,16.729999542236328,333800,0.0,0.0
2023-12-15 00:00:00-05:00,16.6299991607666,16.989999771118164,16.520000457763672,16.899999618530273,2272500,0.0,0.0
2023-12-18 00:00:00-05:00,16.940000534057617,16.940000534057617,16.639999389648438,16.700000762939453,142100,0.0,0.0
2023-12-19 00:00:00-05:00,16.690000534057617,16.690000534057617,16.18000030517578,16.399999618530273,110800,0.0,0.0
2023-12-20 00:00:00-05:00,16.31999969482422,16.450000762939453,16.020000457763672,16.030000686645508,119300,0.0,0.0
2023-12-21 00:00:00-05:00,16.15999984741211,16.459999084472656,16.15999984741211,16.450000762939453,85100,0.0,0.0
2023-12-22 00:00:00-05:00,16.559999465942383,16.639999389648438,16.350000381469727,16.440000534057617,55000,0.0,0.0
2023-12-26 00:00:00-05:00,16.389999389648438,16.639999389648438,16.34000015258789,16.639999389648438,61700,0.0,0.0
2023-12-27 00:00:00-05:00,16.65999984741211,16.850000381469727,16.549999237060547,16.829999923706055,80100,0.0,0.0
2023-12-28 00:00:00-05:00,16.809999465942383,16.809999465942383,16.59000015258789,16.68000030517578,60600,0.0,0.0
2023-12-29 00:00:00-05:00,16.6299991607666,16.729999542236328,16.56999969482422,16.68000030517578,50700,0.0,0.0
2024-01-02 00:00:00-05:00,16.56999969482422,16.56999969482422,16.170000076293945,16.34000015258789,205200,0.0,0.0
2024-01-03 00:00:00-05:00,16.190000534057617,16.309999465942383,15.960000038146973,15.970000267028809,91200,0.0,0.0
2024-01-04 00:00:00-05:00,15.920000076293945,16.200000762939453,15.779999732971191,15.880000114440918,87000,0.0,0.0
2024-01-05 00:00:00-05:00,15.890000343322754,15.90999984741211,15.710000038146973,15.710000038146973,106700,0.0,0.0
2024-01-08 00:00:00-05:00,15.75,16.1200008392334,15.75,16.0,123500,0.0,0.0
2024-01-09 00:00:00-05:00,16.110000610351562,16.440000534057617,16.0,16.399999618530273,99300,0.0,0.0
2024-01-10 00:00:00-05:00,16.469999313354492,16.549999237060547,15.75,16.510000228881836,75700,0.0,0.0
2024-01-11 00:00:00-05:00,16.530000686645508,16.829999923706055,16.40999984741211,16.799999237060547,90000,0.0,0.0
2024-01-12 00:00:00-05:00,16.90999984741211,17.170000076293945,16.670000076293945,16.700000762939453,120300,0.0,0.0
2024-01-16 00:00:00-05:00,16.56999969482422,16.829999923706055,16.459999084472656,16.809999465942383,233000,0.0,0.0
2024-01-17 00:00:00-05:00,16.700000762939453,16.959999084472656,16.600000381469727,16.600000381469727,90800,0.0,0.0
2024-01-18 00:00:00-05:00,16.770000457763672,17.059999465942383,16.59000015258789,16.899999618530273,383200,0.0,0.0
2024-01-19 00:00:00-05:00,17.0,17.06999969482422,16.84000015258789,16.989999771118164,685400,0.0,0.0
2024-01-22 00:00:00-05:00,17.100000381469727,17.81999969482422,16.670000076293945,17.809999465942383,403500,0.0,0.0
2024-01-23 00:00:00-05:00,17.940000534057617,18.010000228881836,17.610000610351562,17.899999618530273,191600,0.0,0.0
2024-01-24 00:00:00-05:00,18.020000457763672,18.3700008392334,17.540000915527344,18.25,180300,0.0,0.0
2024-01-25 00:00:00-05:00,18.290000915527344,18.700000762939453,18.280000686645508,18.670000076293945,160800,0.0,0.0
2024-01-26 00:00:00-05:00,18.65999984741211,18.690000534057617,18.18000030517578,18.260000228881836,129800,0.0,0.0
2024-01-29 00:00:00-05:00,18.270000457763672,18.75,18.15999984741211,18.739999771118164,131800,0.0,0.0
2024-01-30 00:00:00-05:00,18.850000381469727,18.8700008392334,18.1200008392334,18.34000015258789,553300,0.0,0.0
2024-01-31 00:00:00-05:00,18.25,18.59000015258789,18.139999389648438,18.280000686645508,181900,0.0,0.0
2024-02-01 00:00:00-05:00,18.329999923706055,18.920000076293945,18.329999923706055,18.8799991607666,168800,0.0,0.0
2024-02-02 00:00:00-05:00,18.850000381469727,18.850000381469727,18.510000228881836,18.760000228881836,98300,0.0,0.0
2024-02-05 00:00:00-05:00,18.6299991607666,18.6299991607666,18.280000686645508,18.34000015258789,97800,0.0,0.0
2024-02-06 00:00:00-05:00,18.209999084472656,18.389999389648438,18.1200008392334,18.3700008392334,232800,0.0,0.0
2024-02-07 00:00:00-05:00,19.0,19.0,17.459999084472656,18.540000915527344,173200,0.0,0.0
2024-02-08 00:00:00-05:00,18.600000381469727,19.649999618530273,18.290000915527344,19.40999984741211,254900,0.0,0.0
2024-02-09 00:00:00-05:00,19.309999465942383,19.469999313354492,19.139999389648438,19.350000381469727,141000,0.0,0.0
2024-02-12 00:00:00-05:00,19.219999313354492,19.219999313354492,18.809999465942383,18.8799991607666,209600,0.0,0.0
2024-02-13 00:00:00-05:00,18.450000762939453,18.68000030517578,18.15999984741211,18.170000076293945,90700,0.0,0.0
2024-02-14 00:00:00-05:00,18.309999465942383,18.530000686645508,18.170000076293945,18.469999313354492,78200,0.0,0.0
2024-02-15 00:00:00-05:00,18.469999313354492,18.540000915527344,18.100000381469727,18.280000686645508,79500,0.0,0.0
2024-02-16 00:00:00-05:00,18.1200008392334,18.239999771118164,17.969999313354492,18.09000015258789,94800,0.0,0.0
2024-02-20 00:00:00-05:00,17.920000076293945,17.93000030517578,17.700000762939453,17.709999084472656,144900,0.0,0.0
2024-02-21 00:00:00-05:00,17.520000457763672,17.68000030517578,17.1299991607666,17.260000228881836,205600,0.0,0.0
2024-02-22 00:00:00-05:00,17.469999313354492,17.8700008392334,17.3799991607666,17.84000015258789,122400,0.0,0.0
2024-02-23 00:00:00-05:00,17.84000015258789,17.979999542236328,17.690000534057617,17.719999313354492,106800,0.0,0.0
2024-02-26 00:00:00-05:00,17.719999313354492,17.989999771118164,17.709999084472656,17.829999923706055,167200,0.0,0.0
2024-02-27 00:00:00-05:00,17.829999923706055,17.889999389648438,17.459999084472656,17.700000762939453,107400,0.0,0.0
2024-02-28 00:00:00-05:00,17.59000015258789,17.809999465942383,17.469999313354492,17.600000381469727,86500,0.0,0.0
2024-02-29 00:00:00-05:00,17.709999084472656,17.799999237060547,17.260000228881836,17.760000228881836,114800,0.0,0.0
2024-03-01 00:00:00-05:00,17.709999084472656,18.1299991607666,17.56999969482422,17.90999984741211,119200,0.0,0.0
2024-03-04 00:00:00-05:00,17.84000015258789,18.31999969482422,17.790000915527344,18.309999465942383,174500,0.0,0.0
2024-03-05 00:00:00-05:00,18.260000228881836,18.260000228881836,17.639999389648438,17.780000686645508,101300,0.0,0.0
2024-03-06 00:00:00-05:00,17.950000762939453,18.18000030517578,17.829999923706055,17.969999313354492,100200,0.0,0.0
2024-03-07 00:00:00-05:00,18.079999923706055,18.219999313354492,17.809999465942383,18.06999969482422,78400,0.0,0.0
2024-03-08 00:00:00-05:00,18.09000015258789,18.5,18.059999465942383,18.3700008392334,109300,0.0,0.0
2024-03-11 00:00:00-04:00,18.829999923706055,20.59000015258789,18.790000915527344,20.209999084472656,868000,0.0,0.0
2024-03-12 00:00:00-04:00,20.149999618530273,20.389999389648438,19.559999465942383,20.200000762939453,432700,0.0,0.0
2024-03-13 00:00:00-04:00,20.280000686645508,20.940000534057617,20.280000686645508,20.6200008392334,404100,0.0,0.0
2024-03-14 00:00:00-04:00,20.549999237060547,20.690000534057617,20.059999465942383,20.3799991607666,469700,0.0,0.0
2024-03-15 00:00:00-04:00,20.239999771118164,20.469999313354492,19.520000457763672,19.549999237060547,2647600,0.0,0.0
2024-03-18 00:00:00-04:00,19.6299991607666,19.809999465942383,19.170000076293945,19.399999618530273,275900,0.0,0.0
2024-03-19 00:00:00-04:00,19.260000228881836,19.399999618530273,19.0,19.3799991607666,166900,0.0,0.0
2024-03-20 00:00:00-04:00,19.40999984741211,19.610000610351562,19.239999771118164,19.59000015258789,188200,0.0,0.0
2024-03-21 00:00:00-04:00,19.68000030517578,19.860000610351562,19.43000030517578,19.43000030517578,104300,0.0,0.0
2024-03-22 00:00:00-04:00,19.360000610351562,19.450000762939453,19.0,19.010000228881836,206200,0.0,0.0
2024-03-25 00:00:00-04:00,19.020000457763672,19.020000457763672,18.709999084472656,18.75,140100,0.0,0.0
2024-03-26 00:00:00-04:00,18.75,19.0,18.709999084472656,18.829999923706055,230300,0.0,0.0
2024-03-27 00:00:00-04:00,18.920000076293945,18.93000030517578,18.670000076293945,18.790000915527344,317600,0.0,0.0
2024-03-28 00:00:00-04:00,18.799999237060547,19.030000686645508,18.360000610351562,18.719999313354492,216700,0.0,0.0
2024-04-01 00:00:00-04:00,18.850000381469727,18.940000534057617,18.6200008392334,18.809999465942383,122400,0.0,0.0
2024-04-02 00:00:00-04:00,18.729999542236328,19.200000762939453,18.5,19.139999389648438,413500,0.0,0.0
2024-04-03 00:00:00-04:00,19.049999237060547,19.059999465942383,18.65999984741211,18.729999542236328,337600,0.0,0.0
2024-04-04 00:00:00-04:00,18.8700008392334,18.90999984741211,18.200000762939453,18.229999542236328,211300,0.0,0.0
2024-04-05 00:00:00-04:00,18.149999618530273,18.309999465942383,17.770000457763672,17.81999969482422,123500,0.0,0.0
2024-04-08 00:00:00-04:00,17.899999618530273,18.1299991607666,17.690000534057617,17.760000228881836,238900,0.0,0.0
2024-04-09 00:00:00-04:00,17.6200008392334,18.1299991607666,17.559999465942383,17.989999771118164,368600,0.0,0.0
2024-04-10 00:00:00-04:00,17.969999313354492,18.030000686645508,17.65999984741211,17.770000457763672,245500,0.0,0.0
2024-04-11 00:00:00-04:00,17.780000686645508,17.850000381469727,16.770000457763672,17.079999923706055,314300,0.0,0.0
2024-04-12 00:00:00-04:00,16.950000762939453,16.950000762939453,16.40999984741211,16.6299991607666,274700,0.0,0.0
2024-04-15 00:00:00-04:00,16.639999389648438,17.06999969482422,16.399999618530273,16.450000762939453,483700,0.0,0.0
2024-04-16 00:00:00-04:00,16.450000762939453,16.579999923706055,16.270000457763672,16.329999923706055,341700,0.0,0.0
2024-04-17 00:00:00-04:00,16.520000457763672,16.520000457763672,16.1200008392334,16.139999389648438,261500,0.0,0.0
2024-04-18 00:00:00-04:00,16.290000915527344,16.399999618530273,16.139999389648438,16.260000228881836,275300,0.0,0.0
2024-04-19 00:00:00-04:00,16.25,16.389999389648438,16.200000762939453,16.239999771118164,453000,0.0,0.0
2024-04-22 00:00:00-04:00,16.31999969482422,16.6299991607666,16.25,16.6200008392334,300400,0.0,0.0
2024-04-23 00:00:00-04:00,16.6200008392334,17.040000915527344,16.6200008392334,17.040000915527344,190200,0.0,0.0
2024-04-24 00:00:00-04:00,17.020000457763672,17.43000030517578,16.799999237060547,17.420000076293945,302500,0.0,0.0
2024-04-25 00:00:00-04:00,17.229999542236328,17.440000534057617,17.149999618530273,17.200000762939453,398200,0.0,0.0
2024-04-26 00:00:00-04:00,17.280000686645508,17.389999389648438,17.020000457763672,17.030000686645508,296900,0.0,0.0
2024-04-29 00:00:00-04:00,17.059999465942383,17.600000381469727,16.8799991607666,16.90999984741211,233800,0.0,0.0
2024-04-30 00:00:00-04:00,16.780000686645508,17.0,16.530000686645508,16.530000686645508,218600,0.0,0.0
2024-05-01 00:00:00-04:00,16.56999969482422,16.920000076293945,16.56999969482422,16.6200008392334,260200,0.0,0.0
2024-05-02 00:00:00-04:00,16.690000534057617,16.8700008392334,16.549999237060547,16.860000610351562,104600,0.0,0.0
2024-05-03 00:00:00-04:00,17.040000915527344,17.09000015258789,16.81999969482422,16.850000381469727,228100,0.0,0.0
2024-05-06 00:00:00-04:00,16.84000015258789,17.260000228881836,16.84000015258789,17.100000381469727,184300,0.0,0.0
2024-05-07 00:00:00-04:00,16.889999389648438,17.520000457763672,16.889999389648438,17.219999313354492,350800,0.0,0.0
2024-05-08 00:00:00-04:00,18.360000610351562,19.170000076293945,17.260000228881836,19.15999984741211,592100,0.0,0.0
2024-05-09 00:00:00-04:00,19.100000381469727,19.950000762939453,18.979999542236328,19.719999313354492,395700,0.0,0.0
2024-05-10 00:00:00-04:00,19.469999313354492,19.860000610351562,19.209999084472656,19.329999923706055,458900,0.0,0.0
2024-05-13 00:00:00-04:00,19.299999237060547,20.1200008392334,19.299999237060547,19.670000076293945,276300,0.0,0.0
2024-05-14 00:00:00-04:00,19.889999389648438,20.040000915527344,19.790000915527344,19.950000762939453,285500,0.0,0.0
2024-05-15 00:00:00-04:00,19.989999771118164,20.190000534057617,19.829999923706055,20.06999969482422,267100,0.0,0.0
2024-05-16 00:00:00-04:00,19.969999313354492,20.420000076293945,19.899999618530273,20.3700008392334,224900,0.0,0.0
2024-05-17 00:00:00-04:00,20.420000076293945,20.420000076293945,20.190000534057617,20.229999542236328,214200,0.0,0.0
2024-05-20 00:00:00-04:00,20.110000610351562,20.399999618530273,20.110000610351562,20.170000076293945,334500,0.0,0.0
2024-05-21 00:00:00-04:00,20.079999923706055,20.530000686645508,20.010000228881836,20.520000457763672,257700,0.0,0.0
2024-05-22 00:00:00-04:00,20.479999542236328,20.56999969482422,20.100000381469727,20.200000762939453,236900,0.0,0.0
2024-05-23 00:00:00-04:00,20.299999237060547,20.299999237060547,19.8799991607666,20.139999389648438,228700,0.0,0.0
2024-05-24 00:00:00-04:00,20.139999389648438,20.280000686645508,20.059999465942383,20.1299991607666,247500,0.0,0.0
2024-05-28 00:00:00-04:00,20.0,20.15999984741211,19.940000534057617,20.059999465942383,255400,0.0,0.0
2024-05-29 00:00:00-04:00,19.850000381469727,20.010000228881836,19.770000457763672,19.940000534057617,201300,0.0,0.0
2024-05-30 00:00:00-04:00,19.969999313354492,20.31999969482422,19.969999313354492,20.18000030517578,241700,0.0,0.0
2024-05-31 00:00:00-04:00,20.309999465942383,20.5,19.899999618530273,20.290000915527344,410400,0.0,0.0
2024-06-03 00:00:00-04:00,20.299999237060547,20.489999771118164,19.3799991607666,19.43000030517578,459400,0.0,0.0
2024-06-04 00:00:00-04:00,19.329999923706055,19.8700008392334,18.579999923706055,18.670000076293945,362600,0.0,0.0
2024-06-05 00:00:00-04:00,18.8700008392334,19.049999237060547,18.68000030517578,18.920000076293945,417300,0.0,0.0
2024-06-06 00:00:00-04:00,18.809999465942383,19.309999465942383,18.809999465942383,18.8700008392334,414100,0.0,0.0
2024-06-07 00:00:00-04:00,18.700000762939453,18.8700008392334,18.399999618530273,18.559999465942383,328000,0.0,0.0
2024-06-10 00:00:00-04:00,18.469999313354492,18.979999542236328,18.469999313354492,18.75,334000,0.0,0.0
2024-06-11 00:00:00-04:00,18.760000228881836,18.760000228881836,18.290000915527344,18.540000915527344,304500,0.0,0.0
2024-06-12 00:00:00-04:00,18.829999923706055,18.969999313354492,18.399999618530273,18.75,500600,0.0,0.0
2024-06-13 00:00:00-04:00,18.799999237060547,18.920000076293945,18.040000915527344,18.209999084472656,418000,0.0,0.0
2024-06-14 00:00:00-04:00,17.799999237060547,17.889999389648438,17.09000015258789,17.280000686645508,965600,0.0,0.0
2024-06-17 00:00:00-04:00,17.360000610351562,17.56999969482422,17.170000076293945,17.31999969482422,646900,0.0,0.0
2024-06-18 00:00:00-04:00,17.309999465942383,17.3700008392334,17.010000228881836,17.25,602700,0.0,0.0
2024-06-20 00:00:00-04:00,17.18000030517578,18.06999969482422,17.1200008392334,18.040000915527344,977200,0.0,0.0
2024-06-21 00:00:00-04:00,18.190000534057617,18.729999542236328,18.0,18.059999465942383,4507100,0.0,0.0
2024-06-24 00:00:00-04:00,18.059999465942383,18.280000686645508,17.40999984741211,17.639999389648438,455800,0.0,0.0
2024-06-25 00:00:00-04:00,17.6299991607666,17.6299991607666,17.280000686645508,17.34000015258789,188700,0.0,0.0
2024-06-26 00:00:00-04:00,17.25,17.59000015258789,17.200000762939453,17.56999969482422,593500,0.0,0.0
2024-06-27 00:00:00-04:00,17.700000762939453,18.1299991607666,17.610000610351562,18.110000610351562,450900,0.0,0.0
2024-06-28 00:00:00-04:00,18.079999923706055,18.469999313354492,18.079999923706055,18.239999771118164,640000,0.0,0.0
2024-07-01 00:00:00-04:00,18.239999771118164,18.34000015258789,17.729999542236328,18.299999237060547,430600,0.0,0.0
2024-07-02 00:00:00-04:00,18.309999465942383,18.479999542236328,18.170000076293945,18.270000457763672,132300,0.0,0.0
2024-07-03 00:00:00-04:00,18.290000915527344,18.84000015258789,18.290000915527344,18.770000457763672,98600,0.0,0.0
2024-07-05 00:00:00-04:00,18.809999465942383,19.229999542236328,18.670000076293945,19.1299991607666,197900,0.0,0.0
2024-07-08 00:00:00-04:00,19.280000686645508,19.280000686645508,18.670000076293945,18.979999542236328,169100,0.0,0.0
2024-07-09 00:00:00-04:00,19.139999389648438,19.139999389648438,18.079999923706055,18.549999237060547,141000,0.0,0.0
2024-07-10 00:00:00-04:00,18.6299991607666,18.6299991607666,18.200000762939453,18.399999618530273,91800,0.0,0.0
2024-07-11 00:00:00-04:00,18.559999465942383,18.8799991607666,18.510000228881836,18.799999237060547,91800,0.0,0.0
2024-07-12 00:00:00-04:00,18.950000762939453,19.1299991607666,18.729999542236328,18.959999084472656,117000,0.0,0.0
2024-07-15 00:00:00-04:00,19.06999969482422,19.139999389648438,18.329999923706055,18.350000381469727,164300,0.0,0.0
2024-07-16 00:00:00-04:00,18.290000915527344,18.600000381469727,18.219999313354492,18.579999923706055,330100,0.0,0.0
2024-07-17 00:00:00-04:00,18.360000610351562,18.43000030517578,17.8700008392334,18.1200008392334,450400,0.0,0.0
2024-07-18 00:00:00-04:00,18.1299991607666,18.200000762939453,17.459999084472656,17.8700008392334,463400,0.0,0.0
2024-07-19 00:00:00-04:00,17.760000228881836,17.770000457763672,17.360000610351562,17.760000228881836,531500,0.0,0.0
2024-07-22 00:00:00-04:00,17.56999969482422,18.139999389648438,17.56999969482422,17.920000076293945,427700,0.0,0.0
2024-07-23 00:00:00-04:00,17.84000015258789,18.299999237060547,17.709999084472656,18.079999923706055,156600,0.0,0.0
2024-07-24 00:00:00-04:00,18.09000015258789,18.25,17.889999389648438,17.979999542236328,446300,0.0,0.0
2024-07-25 00:00:00-04:00,18.09000015258789,18.729999542236328,17.610000610351562,18.479999542236328,127400,0.0,0.0
2024-07-26 00:00:00-04:00,18.5,18.700000762939453,18.280000686645508,18.549999237060547,127200,0.0,0.0
2024-07-29 00:00:00-04:00,18.510000228881836,18.770000457763672,18.450000762939453,18.489999771118164,151800,0.0,0.0
2024-07-30 00:00:00-04:00,18.68000030517578,18.799999237060547,18.389999389648438,18.5,206900,0.0,0.0
2024-07-31 00:00:00-04:00,19.959999084472656,22.739999771118164,19.360000610351562,22.65999984741211,539200,0.0,0.0
2024-08-01 00:00:00-04:00,22.600000381469727,23.049999237060547,22.18000030517578,22.299999237060547,409700,0.0,0.0
2024-08-02 00:00:00-04:00,21.649999618530273,22.3799991607666,21.559999465942383,22.260000228881836,2089600,0.0,0.0
2024-08-05 00:00:00-04:00,20.93000030517578,22.110000610351562,20.93000030517578,21.639999389648438,219800,0.0,0.0
2024-08-06 00:00:00-04:00,21.6200008392334,22.309999465942383,21.56999969482422,21.959999084472656,363900,0.0,0.0
2024-08-07 00:00:00-04:00,22.209999084472656,22.399999618530273,21.559999465942383,21.559999465942383,285500,0.0,0.0
2024-08-08 00:00:00-04:00,21.860000610351562,22.309999465942383,21.450000762939453,21.920000076293945,144700,0.0,0.0
2024-08-09 00:00:00-04:00,21.950000762939453,22.030000686645508,21.459999084472656,21.469999313354492,95100,0.0,0.0
2024-08-12 00:00:00-04:00,21.510000228881836,21.6299991607666,20.979999542236328,21.239999771118164,141100,0.0,0.0
2024-08-13 00:00:00-04:00,21.040000915527344,21.81999969482422,21.0,21.68000030517578,302300,0.0,0.0
2024-08-14 00:00:00-04:00,21.6200008392334,21.790000915527344,21.299999237060547,21.350000381469727,1509200,0.0,0.0
2024-08-15 00:00:00-04:00,21.649999618530273,22.1299991607666,21.649999618530273,22.020000457763672,315600,0.0,0.0
2024-08-16 00:00:00-04:00,22.049999237060547,22.6299991607666,21.979999542236328,22.200000762939453,449000,0.0,0.0
2024-08-19 00:00:00-04:00,21.940000534057617,22.799999237060547,21.940000534057617,22.790000915527344,95000,0.0,0.0
2024-08-20 00:00:00-04:00,22.770000457763672,22.8700008392334,22.40999984741211,22.540000915527344,100900,0.0,0.0
2024-08-21 00:00:00-04:00,22.56999969482422,22.690000534057617,22.350000381469727,22.450000762939453,115200,0.0,0.0
2024-08-22 00:00:00-04:00,22.510000228881836,22.510000228881836,21.860000610351562,21.979999542236328,136700,0.0,0.0
2024-08-23 00:00:00-04:00,22.209999084472656,22.350000381469727,21.549999237060547,22.09000015258789,168400,0.0,0.0
2024-08-26 00:00:00-04:00,22.040000915527344,22.209999084472656,21.770000457763672,22.1200008392334,67400,0.0,0.0
2024-08-27 00:00:00-04:00,21.950000762939453,22.18000030517578,21.299999237060547,22.06999969482422,63200,0.0,0.0
2024-08-28 00:00:00-04:00,22.040000915527344,22.040000915527344,21.59000015258789,21.670000076293945,72100,0.0,0.0
2024-08-29 00:00:00-04:00,21.729999542236328,21.979999542236328,21.729999542236328,21.860000610351562,67500,0.0,0.0
2024-08-30 00:00:00-04:00,21.979999542236328,21.979999542236328,21.540000915527344,21.799999237060547,109500,0.0,0.0
2024-09-03 00:00:00-04:00,21.739999771118164,21.829999923706055,21.1200008392334,21.200000762939453,164600,0.0,0.0
2024-09-04 00:00:00-04:00,21.030000686645508,21.280000686645508,20.760000228881836,21.030000686645508,104400,0.0,0.0
2024-09-05 00:00:00-04:00,20.940000534057617,21.270000457763672,20.940000534057617,21.1200008392334,117100,0.0,0.0
2024-09-06 00:00:00-04:00,21.100000381469727,21.260000228881836,20.540000915527344,20.59000015258789,85400,0.0,0.0
2024-09-09 00:00:00-04:00,20.6200008392334,20.709999084472656,20.34000015258789,20.360000610351562,136500,0.0,0.0
2024-09-10 00:00:00-04:00,20.530000686645508,20.530000686645508,19.8799991607666,19.969999313354492,136300,0.0,0.0
2024-09-11 00:00:00-04:00,20.010000228881836,20.200000762939453,19.719999313354492,20.149999618530273,148500,0.0,0.0
2024-09-12 00:00:00-04:00,20.200000762939453,20.729999542236328,20.06999969482422,20.6299991607666,109500,0.0,0.0
2024-09-13 00:00:00-04:00,20.719999313354492,20.899999618530273,20.579999923706055,20.889999389648438,117800,0.0,0.0
2024-09-16 00:00:00-04:00,20.90999984741211,21.43000030517578,20.479999542236328,21.110000610351562,146500,0.0,0.0
2024-09-17 00:00:00-04:00,21.1200008392334,22.170000076293945,19.020000457763672,21.959999084472656,253200,0.0,0.0
2024-09-18 00:00:00-04:00,22.0,22.0,21.25,21.40999984741211,107800,0.0,0.0
2024-09-19 00:00:00-04:00,21.84000015258789,21.84000015258789,21.399999618530273,21.450000762939453,105400,0.0,0.0
2024-09-20 00:00:00-04:00,21.399999618530273,21.610000610351562,21.18000030517578,21.559999465942383,257800,0.0,0.0
2024-09-23 00:00:00-04:00,21.6299991607666,21.799999237060547,21.299999237060547,21.739999771118164,121300,0.0,0.0
2024-09-24 00:00:00-04:00,21.829999923706055,22.149999618530273,21.729999542236328,21.989999771118164,76800,0.0,0.0
2024-09-25 00:00:00-04:00,21.899999618530273,22.200000762939453,21.700000762939453,21.8700008392334,120200,0.0,0.0
2024-09-26 00:00:00-04:00,22.020000457763672,22.139999389648438,21.8799991607666,22.020000457763672,78400,0.0,0.0
2024-09-27 00:00:00-04:00,22.079999923706055,22.1299991607666,21.68000030517578,21.790000915527344,99600,0.0,0.0
2024-09-30 00:00:00-04:00,21.780000686645508,22.40999984741211,21.639999389648438,22.280000686645508,541800,0.0,0.0
2024-10-01 00:00:00-04:00,22.18000030517578,22.649999618530273,22.139999389648438,22.270000457763672,232100,0.0,0.0
2024-10-02 00:00:00-04:00,22.239999771118164,22.670000076293945,22.010000228881836,22.6200008392334,84300,0.0,0.0
2024-10-03 00:00:00-04:00,22.540000915527344,22.829999923706055,22.299999237060547,22.489999771118164,74200,0.0,0.0
2024-10-04 00:00:00-04:00,22.760000228881836,22.760000228881836,22.219999313354492,22.40999984741211,82600,0.0,0.0
2024-10-07 00:00:00-04:00,22.360000610351562,22.469999313354492,22.030000686645508,22.18000030517578,70600,0.0,0.0
2024-10-08 00:00:00-04:00,22.170000076293945,22.350000381469727,22.110000610351562,22.170000076293945,83200,0.0,0.0
2024-10-09 00:00:00-04:00,22.1299991607666,22.510000228881836,22.1299991607666,22.329999923706055,91400,0.0,0.0
2024-10-10 00:00:00-04:00,22.15999984741211,22.610000610351562,21.860000610351562,22.579999923706055,67800,0.0,0.0
2024-10-11 00:00:00-04:00,22.700000762939453,24.0,22.600000381469727,23.8700008392334,228700,0.0,0.0
2024-10-14 00:00:00-04:00,24.0,24.209999084472656,23.3700008392334,23.469999313354492,162100,0.0,0.0
2024-10-15 00:00:00-04:00,23.34000015258789,23.799999237060547,23.139999389648438,23.31999969482422,180500,0.0,0.0
2024-10-16 00:00:00-04:00,23.329999923706055,23.520000457763672,23.049999237060547,23.25,122500,0.0,0.0
2024-10-17 00:00:00-04:00,23.459999084472656,23.6200008392334,22.979999542236328,23.030000686645508,96500,0.0,0.0
2024-10-18 00:00:00-04:00,23.049999237060547,23.520000457763672,22.329999923706055,23.239999771118164,628300,0.0,0.0
2024-10-21 00:00:00-04:00,23.280000686645508,24.34000015258789,23.239999771118164,23.260000228881836,204800,0.0,0.0
2024-10-22 00:00:00-04:00,23.239999771118164,23.3700008392334,22.920000076293945,23.059999465942383,79000,0.0,0.0
2024-10-23 00:00:00-04:00,22.959999084472656,22.969999313354492,22.260000228881836,22.34000015258789,79400,0.0,0.0
2024-10-24 00:00:00-04:00,22.3799991607666,22.440000534057617,21.969999313354492,22.290000915527344,71500,0.0,0.0
2024-10-25 00:00:00-04:00,22.399999618530273,22.739999771118164,21.6299991607666,22.3799991607666,76900,0.0,0.0
2024-10-28 00:00:00-04:00,22.43000030517578,23.06999969482422,22.43000030517578,22.6200008392334,342800,0.0,0.0
2024-10-29 00:00:00-04:00,22.510000228881836,22.700000762939453,22.43000030517578,22.530000686645508,73700,0.0,0.0
2024-10-30 00:00:00-04:00,22.389999389648438,22.6299991607666,21.989999771118164,22.190000534057617,243700,0.0,0.0
2024-10-31 00:00:00-04:00,23.0,23.5,19.760000228881836,22.510000228881836,257900,0.0,0.0
2024-11-01 00:00:00-04:00,22.5,22.8700008392334,21.25,21.690000534057617,211500,0.0,0.0
2024-11-04 00:00:00-05:00,21.3700008392334,22.100000381469727,21.209999084472656,21.6299991607666,354900,0.0,0.0
2024-11-05 00:00:00-05:00,21.280000686645508,22.489999771118164,21.200000762939453,22.350000381469727,255200,0.0,0.0
2024-11-06 00:00:00-05:00,22.5,22.75,21.709999084472656,21.889999389648438,207400,0.0,0.0
2024-11-07 00:00:00-05:00,21.90999984741211,22.270000457763672,21.700000762939453,22.25,168500,0.0,0.0
2024-11-08 00:00:00-05:00,22.25,22.260000228881836,21.489999771118164,21.790000915527344,554900,0.0,0.0
2024-11-11 00:00:00-05:00,21.81999969482422,22.389999389648438,21.65999984741211,22.229999542236328,173900,0.0,0.0
2024-11-12 00:00:00-05:00,22.079999923706055,22.540000915527344,21.729999542236328,22.059999465942383,705900,0.0,0.0
2024-11-13 00:00:00-05:00,22.100000381469727,24.34000015258789,22.09000015258789,23.920000076293945,520100,0.0,0.0
2024-11-14 00:00:00-05:00,24.280000686645508,24.350000381469727,23.450000762939453,23.469999313354492,751500,0.0,0.0
2024-11-15 00:00:00-05:00,23.3799991607666,23.459999084472656,22.969999313354492,23.06999969482422,149500,0.0,0.0
2024-11-18 00:00:00-05:00,23.100000381469727,23.989999771118164,23.0,23.020000457763672,203400,0.0,0.0
2024-11-19 00:00:00-05:00,22.8700008392334,23.309999465942383,22.549999237060547,22.979999542236328,130000,0.0,0.0
2024-11-20 00:00:00-05:00,22.989999771118164,23.200000762939453,22.420000076293945,23.110000610351562,109100,0.0,0.0
2024-11-21 00:00:00-05:00,23.0,23.34000015258789,22.920000076293945,23.18000030517578,141300,0.0,0.0
2024-11-22 00:00:00-05:00,23.18000030517578,23.68000030517578,23.170000076293945,23.170000076293945,102200,0.0,0.0
2024-11-25 00:00:00-05:00,23.219999313354492,23.389999389648438,22.81999969482422,22.8799991607666,196700,0.0,0.0
2024-11-26 00:00:00-05:00,23.079999923706055,24.600000381469727,23.0,24.1299991607666,266600,0.0,0.0
2024-11-27 00:00:00-05:00,24.030000686645508,24.190000534057617,23.049999237060547,24.079999923706055,175900,0.0,0.0
2024-11-29 00:00:00-05:00,24.100000381469727,24.420000076293945,23.6200008392334,23.760000228881836,82400,0.0,0.0
2024-12-02 00:00:00-05:00,23.6200008392334,24.760000228881836,23.149999618530273,24.520000457763672,326300,0.0,0.0
2024-12-03 00:00:00-05:00,24.420000076293945,24.420000076293945,23.3700008392334,23.420000076293945,108700,0.0,0.0
2024-12-04 00:00:00-05:00,23.360000610351562,23.84000015258789,23.290000915527344,23.84000015258789,113900,0.0,0.0
2024-12-05 00:00:00-05:00,23.860000610351562,24.040000915527344,23.610000610351562,23.65999984741211,97800,0.0,0.0
2024-12-06 00:00:00-05:00,23.719999313354492,23.719999313354492,23.3799991607666,23.489999771118164,87200,0.0,0.0
2024-12-09 00:00:00-05:00,23.5,24.0,23.270000457763672,23.270000457763672,129600,0.0,0.0
2024-12-10 00:00:00-05:00,23.139999389648438,23.709999084472656,22.540000915527344,23.239999771118164,165400,0.0,0.0
2024-12-11 00:00:00-05:00,23.34000015258789,23.799999237060547,23.0,23.559999465942383,138800,0.0,0.0
2024-12-12 00:00:00-05:00,23.489999771118164,23.829999923706055,23.420000076293945,23.670000076293945,76100,0.0,0.0
2024-12-13 00:00:00-05:00,23.65999984741211,23.700000762939453,23.030000686645508,23.209999084472656,101400,0.0,0.0
2024-12-16 00:00:00-05:00,23.049999237060547,23.3799991607666,22.600000381469727,23.139999389648438,161500,0.0,0.0
2024-12-17 00:00:00-05:00,23.079999923706055,23.270000457763672,22.729999542236328,23.110000610351562,118900,0.0,0.0
2024-12-18 00:00:00-05:00,23.229999542236328,23.229999542236328,22.06999969482422,22.149999618530273,108600,0.0,0.0
2024-12-19 00:00:00-05:00,22.149999618530273,22.489999771118164,21.93000030517578,22.110000610351562,132300,0.0,0.0
2024-12-20 00:00:00-05:00,22.1200008392334,22.65999984741211,22.020000457763672,22.579999923706055,433100,0.0,0.0
2024-12-23 00:00:00-05:00,22.530000686645508,22.59000015258789,22.209999084472656,22.440000534057617,60900,0.0,0.0
2024-12-24 00:00:00-05:00,22.579999923706055,23.030000686645508,22.530000686645508,22.90999984741211,51300,0.0,0.0
2024-12-26 00:00:00-05:00,22.739999771118164,23.149999618530273,22.739999771118164,23.040000915527344,92100,0.0,0.0
2024-12-27 00:00:00-05:00,22.950000762939453,23.219999313354492,22.579999923706055,23.219999313354492,92000,0.0,0.0
2024-12-30 00:00:00-05:00,22.889999389648438,23.020000457763672,22.440000534057617,22.809999465942383,74600,0.0,0.0
2024-12-31 00:00:00-05:00,22.799999237060547,23.030000686645508,22.360000610351562,22.530000686645508,107600,0.0,0.0
2025-01-02 00:00:00-05:00,22.56999969482422,22.75,22.110000610351562,22.309999465942383,119400,0.0,0.0
2025-01-03 00:00:00-05:00,22.329999923706055,22.5,22.15999984741211,22.360000610351562,81600,0.0,0.0
2025-01-06 00:00:00-05:00,22.309999465942383,22.729999542236328,21.8799991607666,21.889999389648438,104000,0.0,0.0
2025-01-07 00:00:00-05:00,21.81999969482422,22.3700008392334,21.3799991607666,21.75,83700,0.0,0.0
2025-01-08 00:00:00-05:00,21.59000015258789,21.780000686645508,21.290000915527344,21.770000457763672,91900,0.0,0.0
2025-01-10 00:00:00-05:00,21.639999389648438,21.639999389648438,21.260000228881836,21.3700008392334,123200,0.0,0.0
2025-01-13 00:00:00-05:00,21.239999771118164,21.360000610351562,20.469999313354492,20.6200008392334,184000,0.0,0.0
2025-01-14 00:00:00-05:00,20.829999923706055,21.170000076293945,20.729999542236328,21.1299991607666,180700,0.0,0.0
2025-01-15 00:00:00-05:00,21.459999084472656,21.65999984741211,21.299999237060547,21.610000610351562,120400,0.0,0.0
2025-01-16 00:00:00-05:00,21.59000015258789,22.0,21.469999313354492,21.75,99400,0.0,0.0
2025-01-17 00:00:00-05:00,21.950000762939453,22.030000686645508,21.56999969482422,21.829999923706055,225700,0.0,0.0
2025-01-21 00:00:00-05:00,21.979999542236328,22.280000686645508,21.829999923706055,22.0,103600,0.0,0.0
2025-01-22 00:00:00-05:00,22.059999465942383,22.270000457763672,21.920000076293945,22.25,88700,0.0,0.0
2025-01-23 00:00:00-05:00,22.079999923706055,22.149999618530273,21.899999618530273,22.100000381469727,77600,0.0,0.0
2025-01-24 00:00:00-05:00,22.100000381469727,22.190000534057617,21.8700008392334,22.010000228881836,72100,0.0,0.0
2025-01-27 00:00:00-05:00,21.639999389648438,21.940000534057617,21.280000686645508,21.510000228881836,100400,0.0,0.0
2025-01-28 00:00:00-05:00,21.549999237060547,22.1200008392334,21.389999389648438,22.110000610351562,150800,0.0,0.0
2025-01-29 00:00:00-05:00,22.149999618530273,22.639999389648438,22.049999237060547,22.219999313354492,85100,0.0,0.0
2025-01-30 00:00:00-05:00,22.290000915527344,23.0,22.239999771118164,22.739999771118164,102100,0.0,0.0
2025-01-31 00:00:00-05:00,22.799999237060547,22.799999237060547,22.190000534057617,22.25,82700,0.0,0.0
2025-02-03 00:00:00-05:00,21.799999237060547,22.09000015258789,21.719999313354492,22.010000228881836,105100,0.0,0.0
2025-02-04 00:00:00-05:00,22.170000076293945,22.68000030517578,21.899999618530273,22.43000030517578,119000,0.0,0.0
2025-02-05 00:00:00-05:00,22.389999389648438,23.030000686645508,22.389999389648438,22.899999618530273,136700,0.0,0.0
2025-02-06 00:00:00-05:00,22.940000534057617,23.3700008392334,22.940000534057617,22.940000534057617,146200,0.0,0.0
2025-02-07 00:00:00-05:00,23.100000381469727,23.399999618530273,22.889999389648438,23.040000915527344,180800,0.0,0.0
2025-02-10 00:00:00-05:00,23.229999542236328,23.399999618530273,23.139999389648438,23.229999542236328,114000,0.0,0.0
2025-02-11 00:00:00-05:00,22.989999771118164,23.540000915527344,22.989999771118164,23.229999542236328,132300,0.0,0.0
2025-02-12 00:00:00-05:00,24.59000015258789,25.0,23.469999313354492,24.0,307500,0.0,0.0
2025-02-13 00:00:00-05:00,24.270000457763672,24.350000381469727,23.43000030517578,24.1200008392334,189100,0.0,0.0
2025-02-14 00:00:00-05:00,24.010000228881836,24.399999618530273,23.950000762939453,24.049999237060547,191300,0.0,0.0
2025-02-18 00:00:00-05:00,24.149999618530273,24.15999984741211,23.649999618530273,23.809999465942383,185600,0.0,0.0
2025-02-19 00:00:00-05:00,23.809999465942383,23.809999465942383,23.40999984741211,23.520000457763672,102600,0.0,0.0
2025-02-20 00:00:00-05:00,23.440000534057617,23.440000534057617,22.940000534057617,23.399999618530273,123100,0.0,0.0
2025-02-21 00:00:00-05:00,23.43000030517578,23.469999313354492,22.90999984741211,22.940000534057617,120700,0.0,0.0
2025-02-24 00:00:00-05:00,23.079999923706055,23.170000076293945,22.649999618530273,23.059999465942383,133000,0.0,0.0
2025-02-25 00:00:00-05:00,22.989999771118164,23.030000686645508,22.59000015258789,22.780000686645508,83000,0.0,0.0
2025-02-26 00:00:00-05:00,22.780000686645508,23.190000534057617,22.709999084472656,23.190000534057617,129000,0.0,0.0
2025-02-27 00:00:00-05:00,23.190000534057617,23.190000534057617,22.459999084472656,22.540000915527344,64800,0.0,0.0
2025-02-28 00:00:00-05:00,22.940000534057617,22.989999771118164,21.469999313354492,21.639999389648438,311900,0.0,0.0
2025-03-03 00:00:00-05:00,21.600000381469727,22.3799991607666,21.440000534057617,21.709999084472656,147900,0.0,0.0
2025-03-04 00:00:00-05:00,21.670000076293945,22.43000030517578,21.149999618530273,22.149999618530273,142300,0.0,0.0
2025-03-05 00:00:00-05:00,22.25,22.399999618530273,21.889999389648438,22.270000457763672,121700,0.0,0.0
2025-03-06 00:00:00-05:00,22.100000381469727,22.239999771118164,21.739999771118164,21.90999984741211,115800,0.0,0.0
2025-03-07 00:00:00-05:00,21.889999389648438,22.280000686645508,21.350000381469727,22.100000381469727,108500,0.0,0.0
2025-03-10 00:00:00-04:00,21.780000686645508,21.780000686645508,21.079999923706055,21.459999084472656,125000,0.0,0.0
2025-03-11 00:00:00-04:00,21.3799991607666,21.6299991607666,21.209999084472656,21.40999984741211,92700,0.0,0.0
2025-03-12 00:00:00-04:00,21.530000686645508,21.6299991607666,21.399999618530273,21.6200008392334,60500,0.0,0.0
2025-03-13 00:00:00-04:00,21.530000686645508,21.530000686645508,20.920000076293945,20.989999771118164,66000,0.0,0.0
2025-03-14 00:00:00-04:00,21.139999389648438,21.25,20.959999084472656,21.190000534057617,58800,0.0,0.0
2025-03-17 00:00:00-04:00,21.270000457763672,22.559999465942383,21.270000457763672,22.549999237060547,193600,0.0,0.0
2025-03-18 00:00:00-04:00,22.510000228881836,22.530000686645508,22.06999969482422,22.09000015258789,105800,0.0,0.0
2025-03-19 00:00:00-04:00,22.1299991607666,22.6299991607666,21.940000534057617,22.34000015258789,86300,0.0,0.0
2025-03-20 00:00:00-04:00,22.34000015258789,22.6200008392334,22.18000030517578,22.6200008392334,154100,0.0,0.0
2025-03-21 00:00:00-04:00,22.34000015258789,23.110000610351562,22.06999969482422,22.989999771118164,830500,0.0,0.0
2025-03-24 00:00:00-04:00,23.0,23.3700008392334,22.790000915527344,22.959999084472656,112400,0.0,0.0
2025-03-25 00:00:00-04:00,22.940000534057617,23.200000762939453,22.770000457763672,23.020000457763672,73900,0.0,0.0
2025-03-26 00:00:00-04:00,23.040000915527344,23.040000915527344,22.56999969482422,22.829999923706055,93300,0.0,0.0
2025-03-27 00:00:00-04:00,22.780000686645508,22.850000381469727,22.459999084472656,22.530000686645508,49400,0.0,0.0
2025-03-28 00:00:00-04:00,22.450000762939453,22.450000762939453,21.760000228881836,21.979999542236328,81100,0.0,0.0
2025-03-31 00:00:00-04:00,21.670000076293945,21.75,21.5,21.6200008392334,90200,0.0,0.0
2025-04-01 00:00:00-04:00,21.6200008392334,21.790000915527344,21.459999084472656,21.690000534057617,104100,0.0,0.0
2025-04-02 00:00:00-04:00,21.510000228881836,22.229999542236328,21.3799991607666,22.18000030517578,69800,0.0,0.0
2025-04-03 00:00:00-04:00,21.389999389648438,21.540000915527344,20.90999984741211,20.989999771118164,75800,0.0,0.0
2025-04-04 00:00:00-04:00,20.34000015258789,20.450000762939453,19.6200008392334,19.760000228881836,119700,0.0,0.0
2025-04-07 00:00:00-04:00,19.0,20.190000534057617,18.459999084472656,19.809999465942383,227800,0.0,0.0
2025-04-08 00:00:00-04:00,20.3799991607666,20.489999771118164,18.979999542236328,19.43000030517578,133300,0.0,0.0
2025-04-09 00:00:00-04:00,19.3799991607666,20.809999465942383,19.15999984741211,20.540000915527344,120600,0.0,0.0
2025-04-10 00:00:00-04:00,20.260000228881836,20.260000228881836,19.299999237060547,19.700000762939453,101800,0.0,0.0
2025-04-11 00:00:00-04:00,19.969999313354492,21.190000534057617,19.829999923706055,20.6200008392334,191600,0.0,0.0
2025-04-14 00:00:00-04:00,20.940000534057617,21.200000762939453,20.540000915527344,20.8700008392334,128700,0.0,0.0
2025-04-15 00:00:00-04:00,20.84000015258789,21.239999771118164,20.690000534057617,21.100000381469727,189000,0.0,0.0
2025-04-16 00:00:00-04:00,20.920000076293945,21.450000762939453,20.579999923706055,21.06999969482422,129800,0.0,0.0
2025-04-17 00:00:00-04:00,21.18000030517578,21.549999237060547,21.079999923706055,21.280000686645508,566200,0.0,0.0
2025-04-21 00:00:00-04:00,21.270000457763672,21.270000457763672,20.65999984741211,20.829999923706055,97500,0.0,0.0
2025-04-22 00:00:00-04:00,21.049999237060547,21.139999389648438,19.639999389648438,21.079999923706055,83700,0.0,0.0
2025-04-23 00:00:00-04:00,21.079999923706055,22.350000381469727,21.079999923706055,22.239999771118164,350100,0.0,0.0
2025-04-24 00:00:00-04:00,22.290000915527344,23.190000534057617,21.739999771118164,23.06999969482422,263200,0.0,0.0
2025-04-25 00:00:00-04:00,23.100000381469727,23.75,22.950000762939453,23.190000534057617,168900,0.0,0.0
2025-04-28 00:00:00-04:00,23.229999542236328,23.360000610351562,22.959999084472656,23.280000686645508,117700,0.0,0.0
2025-04-29 00:00:00-04:00,23.260000228881836,23.799999237060547,23.260000228881836,23.690000534057617,128700,0.0,0.0
2025-04-30 00:00:00-04:00,23.75,23.8700008392334,23.239999771118164,23.860000610351562,161300,0.0,0.0
2025-05-01 00:00:00-04:00,23.8700008392334,24.290000915527344,23.3799991607666,23.459999084472656,183800,0.0,0.0
2025-05-02 00:00:00-04:00,23.75,23.84000015258789,23.31999969482422,23.420000076293945,136400,0.0,0.0
2025-05-05 00:00:00-04:00,23.40999984741211,23.540000915527344,23.09000015258789,23.1200008392334,137200,0.0,0.0
2025-05-06 00:00:00-04:00,22.989999771118164,23.489999771118164,22.729999542236328,22.760000228881836,143600,0.0,0.0
2025-05-07 00:00:00-04:00,23.649999618530273,24.190000534057617,21.290000915527344,22.420000076293945,318000,0.0,0.0
2025-05-08 00:00:00-04:00,22.889999389648438,22.889999389648438,21.809999465942383,22.030000686645508,303700,0.0,0.0
2025-05-09 00:00:00-04:00,22.020000457763672,22.100000381469727,21.43000030517578,22.06999969482422,810200,0.0,0.0
2025-05-12 00:00:00-04:00,22.739999771118164,23.770000457763672,22.65999984741211,23.350000381469727,285100,0.0,0.0
2025-05-13 00:00:00-04:00,23.350000381469727,24.34000015258789,23.350000381469727,24.059999465942383,215400,0.0,0.0
2025-05-14 00:00:00-04:00,24.100000381469727,24.260000228881836,23.65999984741211,23.739999771118164,101300,0.0,0.0
2025-05-15 00:00:00-04:00,23.739999771118164,23.84000015258789,23.440000534057617,23.68000030517578,103100,0.0,0.0
2025-05-16 00:00:00-04:00,23.649999618530273,23.889999389648438,23.559999465942383,23.799999237060547,81000,0.0,0.0
2025-05-19 00:00:00-04:00,23.579999923706055,23.790000915527344,23.479999542236328,23.770000457763672,86100,0.0,0.0
2025-05-20 00:00:00-04:00,23.739999771118164,23.850000381469727,23.5,23.68000030517578,65600,0.0,0.0
2025-05-21 00:00:00-04:00,23.479999542236328,23.68000030517578,23.329999923706055,23.43000030517578,58500,0.0,0.0
2025-05-22 00:00:00-04:00,23.440000534057617,23.709999084472656,23.360000610351562,23.6299991607666,95100,0.0,0.0
2025-05-23 00:00:00-04:00,23.5,23.5,23.09000015258789,23.299999237060547,75700,0.0,0.0
2025-05-27 00:00:00-04:00,23.469999313354492,23.950000762939453,23.40999984741211,23.889999389648438,108100,0.0,0.0
2025-05-28 00:00:00-04:00,23.950000762939453,23.969999313354492,23.450000762939453,23.59000015258789,105000,0.0,0.0
2025-05-29 00:00:00-04:00,23.65999984741211,23.780000686645508,23.299999237060547,23.399999618530273,69700,0.0,0.0
2025-05-30 00:00:00-04:00,23.3700008392334,23.40999984741211,22.920000076293945,23.31999969482422,141400,0.0,0.0
2025-06-02 00:00:00-04:00,23.3700008392334,23.84000015258789,23.3700008392334,23.829999923706055,186100,0.0,0.0
2025-06-03 00:00:00-04:00,23.889999389648438,24.260000228881836,23.68000030517578,24.059999465942383,119900,0.0,0.0
2025-06-04 00:00:00-04:00,24.059999465942383,24.290000915527344,23.829999923706055,23.920000076293945,79700,0.0,0.0
2025-06-05 00:00:00-04:00,23.989999771118164,24.5,23.989999771118164,24.030000686645508,134700,0.0,0.0
2025-06-06 00:00:00-04:00,24.18000030517578,24.309999465942383,23.940000534057617,24.280000686645508,107700,0.0,0.0
2025-06-09 00:00:00-04:00,24.299999237060547,24.719999313354492,23.959999084472656,24.579999923706055,119400,0.0,0.0
2025-06-10 00:00:00-04:00,24.68000030517578,24.780000686645508,24.200000762939453,24.309999465942383,112400,0.0,0.0
2025-06-11 00:00:00-04:00,24.5,24.690000534057617,24.25,24.3700008392334,127700,0.0,0.0
2025-06-12 00:00:00-04:00,24.329999923706055,24.700000762939453,24.299999237060547,24.40999984741211,61100,0.0,0.0
2025-06-13 00:00:00-04:00,24.3700008392334,27.110000610351562,24.350000381469727,26.600000381469727,890900,0.0,0.0
2025-06-16 00:00:00-04:00,27.0,28.360000610351562,27.0,27.290000915527344,729300,0.0,0.0
2025-06-17 00:00:00-04:00,27.020000457763672,28.420000076293945,27.0,27.639999389648438,520500,0.0,0.0
2025-06-18 00:00:00-04:00,27.75,28.59000015258789,27.290000915527344,27.84000015258789,545500,0.0,0.0
2025-06-20 00:00:00-04:00,27.90999984741211,28.0,27.059999465942383,27.489999771118164,3245300,0.0,0.0
2025-06-23 00:00:00-04:00,27.34000015258789,28.280000686645508,27.1299991607666,28.25,235900,0.0,0.0
2025-06-24 00:00:00-04:00,28.5,28.899999618530273,28.309999465942383,28.350000381469727,219200,0.0,0.0
2025-06-25 00:00:00-04:00,28.479999542236328,28.969999313354492,28.06999969482422,28.6299991607666,592100,0.0,0.0
2025-06-26 00:00:00-04:00,28.829999923706055,29.18000030517578,28.530000686645508,29.1299991607666,437100,0.0,0.0
2025-06-27 00:00:00-04:00,29.229999542236328,29.440000534057617,28.739999771118164,29.170000076293945,367000,0.0,0.0
2025-06-30 00:00:00-04:00,29.31999969482422,29.5,29.219999313354492,29.440000534057617,191200,0.0,0.0
2025-07-01 00:00:00-04:00,29.440000534057617,29.709999084472656,29.0,29.579999923706055,289900,0.0,0.0
2025-07-02 00:00:00-04:00,29.459999084472656,29.780000686645508,29.219999313354492,29.68000030517578,252200,0.0,0.0
2025-07-03 00:00:00-04:00,29.969999313354492,30.56999969482422,29.84000015258789,30.489999771118164,263900,0.0,0.0
2025-07-07 00:00:00-04:00,30.510000228881836,30.829999923706055,29.920000076293945,30.25,158500,0.0,0.0
2025-07-08 00:00:00-04:00,30.950000762939453,31.56999969482422,30.40999984741211,30.799999237060547,396700,0.0,0.0
2025-07-09 00:00:00-04:00,31.0,31.0,30.040000915527344,30.559999465942383,236800,0.0,0.0
2025-07-10 00:00:00-04:00,30.559999465942383,30.559999465942383,29.239999771118164,29.309999465942383,220100,0.0,0.0
2025-07-11 00:00:00-04:00,29.190000534057617,29.190000534057617,28.0,28.290000915527344,192500,0.0,0.0
2025-07-14 00:00:00-04:00,28.100000381469727,28.389999389648438,27.639999389648438,28.139999389648438,319400,0.0,0.0
2025-07-15 00:00:00-04:00,28.34000015258789,28.540000915527344,27.6299991607666,27.68000030517578,251200,0.0,0.0
2025-07-16 00:00:00-04:00,27.8700008392334,28.440000534057617,27.799999237060547,28.239999771118164,168700,0.0,0.0
2025-07-17 00:00:00-04:00,28.290000915527344,28.790000915527344,28.290000915527344,28.59000015258789,262300,0.0,0.0
2025-07-18 00:00:00-04:00,28.729999542236328,29.170000076293945,28.65999984741211,29.170000076293945,635100,0.0,0.0
2025-07-21 00:00:00-04:00,29.25,29.84000015258789,29.25,29.790000915527344,228800,0.0,0.0
2025-07-22 00:00:00-04:00,29.799999237060547,29.84000015258789,29.040000915527344,29.040000915527344,351000,0.0,0.0
2025-07-23 00:00:00-04:00,29.09000015258789,29.420000076293945,28.65999984741211,28.799999237060547,395300,0.0,0.0
2025-07-24 00:00:00-04:00,28.93000030517578,28.93000030517578,28.389999389648438,28.59000015258789,393600,0.0,0.0
2025-07-25 00:00:00-04:00,28.700000762939453,29.229999542236328,28.420000076293945,28.510000228881836,179100,0.0,0.0
2025-07-28 00:00:00-04:00,28.639999389648438,28.729999542236328,27.950000762939453,27.979999542236328,182200,0.0,0.0
2025-07-29 00:00:00-04:00,28.219999313354492,28.540000915527344,27.649999618530273,28.329999923706055,403100,0.0,0.0
2025-07-30 00:00:00-04:00,27.25,27.770000457763672,25.299999237060547,26.690000534057617,442500,0.0,0.0
2025-07-31 00:00:00-04:00,26.690000534057617,27.100000381469727,25.549999237060547,25.600000381469727,285200,0.0,0.0
2025-08-01 00:00:00-04:00,25.3799991607666,25.479999542236328,24.809999465942383,25.329999923706055,215700,0.0,0.0
2025-08-04 00:00:00-04:00,25.469999313354492,25.969999313354492,25.260000228881836,25.510000228881836,309100,0.0,0.0
2025-08-05 00:00:00-04:00,25.729999542236328,25.729999542236328,24.950000762939453,25.0,126300,0.0,0.0
2025-08-06 00:00:00-04:00,25.170000076293945,25.43000030517578,24.90999984741211,25.280000686645508,209800,0.0,0.0
2025-08-07 00:00:00-04:00,25.440000534057617,25.440000534057617,24.420000076293945,24.850000381469727,152900,0.0,0.0
2025-08-08 00:00:00-04:00,25.06999969482422,25.239999771118164,24.579999923706055,24.579999923706055,146000,0.0,0.0
2025-08-11 00:00:00-04:00,24.6200008392334,24.899999618530273,24.209999084472656,24.290000915527344,155700,0.0,0.0
2025-08-12 00:00:00-04:00,24.420000076293945,25.06999969482422,24.149999618530273,24.799999237060547,208000,0.0,0.0
2025-08-13 00:00:00-04:00,24.959999084472656,25.0,24.700000762939453,24.850000381469727,86500,0.0,0.0
2025-08-14 00:00:00-04:00,24.799999237060547,24.799999237060547,24.110000610351562,24.239999771118164,111700,0.0,0.0
2025-08-15 00:00:00-04:00,24.200000762939453,25.09000015258789,23.799999237060547,24.68000030517578,159900,0.0,0.0
2025-08-18 00:00:00-04:00,24.700000762939453,25.440000534057617,24.440000534057617,25.389999389648438,516900,0.0,0.0
2025-08-19 00:00:00-04:00,25.469999313354492,25.84000015258789,24.56999969482422,24.729999542236328,150100,0.0,0.0
2025-08-20 00:00:00-04:00,24.8700008392334,24.889999389648438,24.219999313354492,24.59000015258789,121200,0.0,0.0
2025-08-21 00:00:00-04:00,24.549999237060547,24.8700008392334,24.239999771118164,24.860000610351562,136600,0.0,0.0
2025-08-22 00:00:00-04:00,25.0,25.40999984741211,24.959999084472656,25.149999618530273,102200,0.0,0.0
2025-08-25 00:00:00-04:00,25.149999618530273,25.149999618530273,24.6299991607666,24.709999084472656,83000,0.0,0.0
2025-08-26 00:00:00-04:00,24.690000534057617,25.200000762939453,24.549999237060547,24.920000076293945,137800,0.0,0.0
2025-08-27 00:00:00-04:00,25.1200008392334,25.780000686645508,25.110000610351562,25.739999771118164,228400,0.0,0.0
2025-08-28 00:00:00-04:00,25.700000762939453,26.079999923706055,25.700000762939453,25.8799991607666,120700,0.0,0.0
2025-08-29 00:00:00-04:00,25.729999542236328,25.860000610351562,25.18000030517578,25.239999771118164,117300,0.0,0.0
2025-09-02 00:00:00-04:00,24.920000076293945,24.93000030517578,24.420000076293945,24.59000015258789,164100,0.0,0.0
2025-09-03 00:00:00-04:00,24.670000076293945,24.8799991607666,24.489999771118164,24.81999969482422,103000,0.0,0.0
2025-09-04 00:00:00-04:00,24.829999923706055,24.860000610351562,24.610000610351562,24.84000015258789,108900,0.0,0.0
2025-09-05 00:00:00-04:00,25.1200008392334,25.18000030517578,24.75,25.010000228881836,115100,0.0,0.0
2025-09-08 00:00:00-04:00,25.049999237060547,25.600000381469727,24.969999313354492,25.549999237060547,96700,0.0,0.0
2025-09-09 00:00:00-04:00,25.600000381469727,25.829999923706055,25.25,25.770000457763672,102200,0.0,0.0
2025-09-10 00:00:00-04:00,25.8799991607666,25.969999313354492,25.5,25.719999313354492,140700,0.0,0.0
2025-09-11 00:00:00-04:00,25.709999084472656,26.360000610351562,25.65999984741211,26.270000457763672,100100,0.0,0.0
2025-09-12 00:00:00-04:00,26.270000457763672,26.290000915527344,25.690000534057617,25.75,76200,0.0,0.0
2025-09-15 00:00:00-04:00,25.84000015258789,25.950000762939453,25.479999542236328,25.65999984741211,233800,0.0,0.0
2025-09-16 00:00:00-04:00,25.6200008392334,25.639999389648438,25.260000228881836,25.610000610351562,167800,0.0,0.0
2025-09-17 00:00:00-04:00,25.709999084472656,26.18000030517578,25.670000076293945,26.049999237060547,157200,0.0,0.0
2025-09-18 00:00:00-04:00,26.290000915527344,27.1200008392334,26.290000915527344,26.59000015258789,366500,0.0,0.0
2025-09-19 00:00:00-04:00,26.760000228881836,27.6299991607666,26.600000381469727,27.440000534057617,1081200,0.0,0.0
2025-09-22 00:00:00-04:00,27.350000381469727,27.700000762939453,27.020000457763672,27.559999465942383,124500,0.0,0.0
2025-09-23 00:00:00-04:00,27.700000762939453,27.84000015258789,27.260000228881836,27.3799991607666,91600,0.0,0.0
2025-09-24 00:00:00-04:00,27.469999313354492,27.690000534057617,26.889999389648438,27.170000076293945,159900,0.0,0.0
2025-09-25 00:00:00-04:00,26.93000030517578,26.93000030517578,26.290000915527344,26.420000076293945,164300,0.0,0.0
2025-09-26 00:00:00-04:00,26.600000381469727,26.90999984741211,26.25,26.899999618530273,104500,0.0,0.0
2025-09-29 00:00:00-04:00,27.100000381469727,27.389999389648438,26.6200008392334,26.829999923706055,74200,0.0,0.0
2025-09-30 00:00:00-04:00,26.860000610351562,26.950000762939453,26.43000030517578,26.489999771118164,107600,0.0,0.0
2025-10-01 00:00:00-04:00,26.540000915527344,26.790000915527344,26.329999923706055,26.6200008392334,80000,0.0,0.0
2025-10-02 00:00:00-04:00,26.75,27.31999969482422,26.43000030517578,27.25,71000,0.0,0.0
2025-10-03 00:00:00-04:00,27.309999465942383,27.739999771118164,26.950000762939453,27.09000015258789,71600,0.0,0.0
2025-10-06 00:00:00-04:00,27.290000915527344,27.899999618530273,27.040000915527344,27.559999465942383,130100,0.0,0.0
2025-10-07 00:00:00-04:00,27.690000534057617,28.0,26.43000030517578,26.479999542236328,88500,0.0,0.0
2025-10-08 00:00:00-04:00,26.6200008392334,26.889999389648438,26.489999771118164,26.84000015258789,65700,0.0,0.0
2025-10-09 00:00:00-04:00,26.889999389648438,26.979999542236328,26.40999984741211,26.93000030517578,68400,0.0,0.0
2025-10-10 00:00:00-04:00,26.93000030517578,27.110000610351562,25.809999465942383,26.010000228881836,95900,0.0,0.0
2025-10-13 00:00:00-04:00,26.520000457763672,26.520000457763672,25.729999542236328,25.93000030517578,76600,0.0,0.0
2025-10-14 00:00:00-04:00,25.579999923706055,25.959999084472656,25.139999389648438,25.670000076293945,111400,0.0,0.0
2025-10-15 00:00:00-04:00,25.809999465942383,25.979999542236328,25.280000686645508,25.530000686645508,68700,0.0,0.0
2025-10-16 00:00:00-04:00,25.530000686645508,25.65999984741211,24.8799991607666,25.260000228881836,101000,0.0,0.0
2025-10-17 00:00:00-04:00,25.040000915527344,25.360000610351562,24.93000030517578,25.18000030517578,142800,0.0,0.0
2025-10-20 00:00:00-04:00,25.350000381469727,25.700000762939453,25.25,25.6299991607666,61800,0.0,0.0
2025-10-21 00:00:00-04:00,25.6299991607666,26.3700008392334,25.399999618530273,26.280000686645508,261400,0.0,0.0
2025-10-22 00:00:00-04:00,26.280000686645508,26.34000015258789,25.399999618530273,25.690000534057617,79100,0.0,0.0
2025-10-23 00:00:00-04:00,25.790000915527344,26.239999771118164,25.68000030517578,26.239999771118164,52000,0.0,0.0
2025-10-24 00:00:00-04:00,26.40999984741211,26.6200008392334,26.079999923706055,26.5,105500,0.0,0.0
2025-10-27 00:00:00-04:00,26.75,26.90999984741211,25.979999542236328,26.149999618530273,59400,0.0,0.0
2025-10-28 00:00:00-04:00,26.149999618530273,26.809999465942383,26.049999237060547,26.6200008392334,148900,0.0,0.0
2025-10-29 00:00:00-04:00,26.690000534057617,27.489999771118164,25.469999313354492,25.989999771118164,227800,0.0,0.0
2025-10-30 00:00:00-04:00,26.010000228881836,27.229999542236328,25.139999389648438,25.399999618530273,313400,0.0,0.0
2025-10-31 00:00:00-04:00,25.790000915527344,25.989999771118164,25.3700008392334,25.6299991607666,158500,0.0,0.0
2025-11-03 00:00:00-05:00,25.440000534057617,25.579999923706055,24.510000228881836,24.860000610351562,174700,0.0,0.0
2025-11-04 00:00:00-05:00,24.43000030517578,24.850000381469727,23.600000381469727,23.760000228881836,125500,0.0,0.0
2025-11-05 00:00:00-05:00,23.760000228881836,23.959999084472656,23.450000762939453,23.799999237060547,116500,0.0,0.0
2025-11-06 00:00:00-05:00,23.799999237060547,23.8700008392334,23.399999618530273,23.520000457763672,91900,0.0,0.0
2025-11-07 00:00:00-05:00,23.469999313354492,23.469999313354492,22.850000381469727,23.18000030517578,161200,0.0,0.0
2025-11-10 00:00:00-05:00,23.3799991607666,23.75,22.3799991607666,23.079999923706055,289200,0.0,0.0
2025-11-11 00:00:00-05:00,23.040000915527344,23.299999237060547,22.81999969482422,23.1200008392334,427200,0.0,0.0
2025-11-12 00:00:00-05:00,23.420000076293945,23.420000076293945,22.739999771118164,22.84000015258789,194300,0.0,0.0
2025-11-13 00:00:00-05:00,22.940000534057617,23.190000534057617,22.479999542236328,22.809999465942383,180700,0.0,0.0
2025-11-14 00:00:00-05:00,22.530000686645508,23.3799991607666,22.280000686645508,23.299999237060547,1099400,0.0,0.0
2025-11-17 00:00:00-05:00,23.170000076293945,23.280000686645508,22.149999618530273,22.219999313354492,163800,0.0,0.0
2025-11-18 00:00:00-05:00,22.25,22.6299991607666,22.030000686645508,22.440000534057617,156500,0.0,0.0
2025-11-19 00:00:00-05:00,22.389999389648438,22.479999542236328,21.68000030517578,21.739999771118164,109300,0.0,0.0
2025-11-20 00:00:00-05:00,22.149999618530273,22.850000381469727,22.0,22.030000686645508,140700,0.0,0.0
2025-11-21 00:00:00-05:00,22.020000457763672,22.360000610351562,21.75,22.110000610351562,112500,0.0,0.0
2025-11-24 00:00:00-05:00,22.18000030517578,22.530000686645508,21.920000076293945,22.299999237060547,157100,0.0,0.0
2025-11-25 00:00:00-05:00,22.329999923706055,22.670000076293945,22.290000915527344,22.56999969482422,88800,0.0,0.0
2025-11-26 00:00:00-05:00,22.540000915527344,22.979999542236328,22.530000686645508,22.729999542236328,131400,0.0,0.0
2025-11-28 00:00:00-05:00,22.760000228881836,23.15999984741211,22.760000228881836,22.940000534057617,69400,0.0,0.0
2025-12-01 00:00:00-05:00,22.809999465942383,23.09000015258789,22.610000610351562,22.670000076293945,125900,0.0,0.0
2025-12-02 00:00:00-05:00,22.719999313354492,23.290000915527344,22.719999313354492,23.18000030517578,146400,0.0,0.0
2025-12-03 00:00:00-05:00,23.06999969482422,23.579999923706055,23.040000915527344,23.510000228881836,192300,0.0,0.0
2025-12-04 00:00:00-05:00,23.520000457763672,23.790000915527344,23.399999618530273,23.649999618530273,159000,0.0,0.0
2025-12-05 00:00:00-05:00,23.6299991607666,24.020000457763672,23.6200008392334,23.75,111100,0.0,0.0
2025-12-08 00:00:00-05:00,23.920000076293945,24.350000381469727,23.780000686645508,23.84000015258789,213700,0.0,0.0
2025-12-09 00:00:00-05:00,23.8700008392334,24.350000381469727,23.690000534057617,24.1200008392334,159500,0.0,0.0
2025-12-10 00:00:00-05:00,24.149999618530273,24.459999084472656,23.979999542236328,24.270000457763672,134300,0.0,0.0
2025-12-11 00:00:00-05:00,24.239999771118164,24.360000610351562,24.049999237060547,24.209999084472656,119400,0.0,0.0
2025-12-12 00:00:00-05:00,24.200000762939453,24.3700008392334,23.440000534057617,23.760000228881836,552900,0.0,0.0
2025-12-15 00:00:00-05:00,23.90999984741211,24.260000228881836,23.600000381469727,23.760000228881836,362800,0.0,0.0
2025-12-16 00:00:00-05:00,23.450000762939453,23.860000610351562,23.15999984741211,23.43000030517578,368900,0.0,0.0
2025-12-17 00:00:00-05:00,23.579999923706055,23.790000915527344,23.209999084472656,23.399999618530273,372200,0.0,0.0
2025-12-18 00:00:00-05:00,23.479999542236328,24.309999465942383,23.479999542236328,23.8700008392334,374100,0.0,0.0
2025-12-19 00:00:00-05:00,23.8799991607666,24.06999969482422,23.670000076293945,23.959999084472656,1765200,0.0,0.0
2025-12-22 00:00:00-05:00,24.059999465942383,24.799999237060547,23.979999542236328,24.399999618530273,175900,0.0,0.0
2025-12-23 00:00:00-05:00,24.440000534057617,24.68000030517578,24.049999237060547,24.290000915527344,236500,0.0,0.0
2025-12-24 00:00:00-05:00,24.389999389648438,24.399999618530273,24.030000686645508,24.280000686645508,96300,0.0,0.0
2025-12-26 00:00:00-05:00,24.280000686645508,24.459999084472656,24.1200008392334,24.3700008392334,117400,0.0,0.0
2025-12-29 00:00:00-05:00,24.280000686645508,24.399999618530273,23.920000076293945,24.389999389648438,166500,0.0,0.0
2025-12-30 00:00:00-05:00,24.329999923706055,24.389999389648438,24.09000015258789,24.1299991607666,134000,0.0,0.0
2025-12-31 00:00:00-05:00,24.09000015258789,24.309999465942383,23.8700008392334,24.09000015258789,189200,0.0,0.0
2026-01-02 00:00:00-05:00,24.170000076293945,24.280000686645508,23.530000686645508,23.780000686645508,353000,0.0,0.0
2026-01-05 00:00:00-05:00,23.790000915527344,24.5,23.790000915527344,24.18000030517578,176800,0.0,0.0
2026-01-06 00:00:00-05:00,24.18000030517578,24.389999389648438,23.809999465942383,24.049999237060547,291500,0.0,0.0
2026-01-07 00:00:00-05:00,24.110000610351562,24.510000228881836,23.860000610351562,24.399999618530273,304300,0.0,0.0
2026-01-08 00:00:00-05:00,24.399999618530273,24.399999618530273,23.68000030517578,24.059999465942383,294700,0.0,0.0
2026-01-09 00:00:00-05:00,24.18000030517578,24.420000076293945,23.780000686645508,24.1299991607666,142600,0.0,0.0
2026-01-12 00:00:00-05:00,24.1299991607666,24.549999237060547,24.0,24.389999389648438,154600,0.0,0.0
2026-01-13 00:00:00-05:00,24.459999084472656,24.639999389648438,23.8700008392334,24.139999389648438,152200,0.0,0.0
2026-01-14 00:00:00-05:00,24.139999389648438,24.389999389648438,23.940000534057617,24.18000030517578,126900,0.0,0.0
2026-01-15 00:00:00-05:00,24.239999771118164,24.860000610351562,24.030000686645508,24.639999389648438,105000,0.0,0.0
2026-01-16 00:00:00-05:00,24.600000381469727,24.93000030517578,23.969999313354492,24.030000686645508,206000,0.0,0.0
2026-01-20 00:00:00-05:00,23.729999542236328,24.06999969482422,23.579999923706055,23.770000457763672,241800,0.0,0.0
2026-01-21 00:00:00-05:00,23.84000015258789,24.290000915527344,23.719999313354492,24.1200008392334,153900,0.0,0.0
2026-01-22 00:00:00-05:00,24.270000457763672,24.84000015258789,24.270000457763672,24.40999984741211,231000,0.0,0.0
2026-01-23 00:00:00-05:00,24.43000030517578,24.959999084472656,24.43000030517578,24.65999984741211,204300,0.0,0.0
2026-01-26 00:00:00-05:00,24.780000686645508,25.149999618530273,24.690000534057617,25.100000381469727,187200,0.0,0.0
2026-01-27 00:00:00-05:00,25.15999984741211,25.530000686645508,24.8700008392334,25.34000015258789,244800,0.0,0.0
2026-01-28 00:00:00-05:00,25.540000915527344,25.729999542236328,24.959999084472656,25.059999465942383,272000,0.0,0.0
2026-01-29 00:00:00-05:00,24.8700008392334,24.8700008392334,23.950000762939453,24.260000228881836,314000,0.0,0.0
2026-01-30 00:00:00-05:00,24.1299991607666,24.489999771118164,23.90999984741211,24.149999618530273,179500,0.0,0.0
2026-02-02 00:00:00-05:00,24.06999969482422,24.81999969482422,23.8799991607666,24.540000915527344,134800,0.0,0.0
2026-02-03 00:00:00-05:00,24.549999237060547,24.579999923706055,23.84000015258789,24.15999984741211,240100,0.0,0.0
2026-02-04 00:00:00-05:00,24.110000610351562,24.579999923706055,23.75,24.43000030517578,234200,0.0,0.0
2026-02-05 00:00:00-05:00,24.469999313354492,25.1200008392334,24.0,24.18000030517578,255900,0.0,0.0
2026-02-06 00:00:00-05:00,24.540000915527344,25.100000381469727,24.34000015258789,25.030000686645508,222300,0.0,0.0
2026-02-09 00:00:00-05:00,24.979999542236328,25.639999389648438,24.780000686645508,25.450000762939453,237200,0.0,0.0
2026-02-10 00:00:00-05:00,25.799999237060547,26.639999389648438,25.549999237060547,26.280000686645508,465100,0.0,0.0
2026-02-11 00:00:00-05:00,26.75,28.809999465942383,26.59000015258789,27.709999084472656,590000,0.0,0.0
2026-02-12 00:00:00-05:00,28.0,28.559999465942383,25.8700008392334,26.389999389648438,361500,0.0,0.0
2026-02-13 00:00:00-05:00,27.639999389648438,28.0,26.709999084472656,27.920000076293945,350200,0.0,0.0
2026-02-17 00:00:00-05:00,27.68000030517578,27.850000381469727,25.469999313354492,26.889999389648438,385400,0.0,0.0
2026-02-18 00:00:00-05:00,26.719999313354492,26.989999771118164,25.8799991607666,26.260000228881836,522000,0.0,0.0
2026-02-19 00:00:00-05:00,26.190000534057617,26.469999313354492,24.860000610351562,25.040000915527344,438200,0.0,0.0
2026-02-20 00:00:00-05:00,24.709999084472656,25.3799991607666,24.079999923706055,24.209999084472656,316200,0.0,0.0
2026-02-23 00:00:00-05:00,23.899999618530273,23.899999618530273,22.31999969482422,22.549999237060547,246700,0.0,0.0
2026-02-24 00:00:00-05:00,22.600000381469727,23.540000915527344,22.200000762939453,22.350000381469727,249400,0.0,0.0
2026-02-25 00:00:00-05:00,22.469999313354492,23.149999618530273,22.020000457763672,22.989999771118164,218300,0.0,0.0
2026-02-26 00:00:00-05:00,23.030000686645508,23.65999984741211,23.030000686645508,23.229999542236328,227307,0.0,0.0
