Date,Open,High,Low,Close,Volume,Dividends,Stock Splits
2022-01-03 00:00:00-05:00,29.244783401489258,29.244783401489258,29.244783401489258,29.244783401489258,0,0.0,0.0
2022-01-04 00:00:00-05:00,29.244783401489258,29.244783401489258,29.244783401489258,29.244783401489258,700,0.0,0.0
2022-01-05 00:00:00-05:00,29.28697504659718,29.497976303100586,29.28697504659718,29.497976303100586,1200,0.0,0.0
2022-01-06 00:00:00-05:00,29.497976303100586,29.497976303100586,29.497976303100586,29.497976303100586,0,0.0,0.0
2022-01-07 00:00:00-05:00,29.497969685679006,29.53173065185547,29.497969685679006,29.53173065185547,600,0.0,0.0
2022-01-10 00:00:00-05:00,29.53173065185547,29.53173065185547,29.53173065185547,29.53173065185547,0,0.0,0.0
2022-01-11 00:00:00-05:00,30.215373992919922,30.215373992919922,30.215373992919922,30.215373992919922,100,0.0,0.0
2022-01-12 00:00:00-05:00,30.215373992919922,30.215373992919922,30.215373992919922,30.215373992919922,0,0.0,0.0
2022-01-13 00:00:00-05:00,30.215373992919922,30.215373992919922,30.215373992919922,30.215373992919922,0,0.0,0.0
2022-01-14 00:00:00-05:00,29.83558387283913,30.173187255859375,29.83558387283913,30.173187255859375,1600,0.0,0.0
2022-01-18 00:00:00-05:00,29.6667799990935,29.793378829956055,29.371376287833098,29.793378829956055,2000,0.0,0.0
2022-01-19 00:00:00-05:00,29.540175579963847,29.751176834106445,29.540175579963847,29.751176834106445,400,0.0,0.0
2022-01-20 00:00:00-05:00,29.751176834106445,29.751176834106445,29.751176834106445,29.751176834106445,0,0.0,0.0
2022-01-21 00:00:00-05:00,29.54017448425293,29.54017448425293,29.54017448425293,29.54017448425293,500,0.0,0.0
2022-01-24 00:00:00-05:00,29.371374130249023,29.371374130249023,29.371374130249023,29.371374130249023,600,0.0,0.0
2022-01-25 00:00:00-05:00,29.371374130249023,29.371374130249023,29.371374130249023,29.371374130249023,0,0.0,0.0
2022-01-26 00:00:00-05:00,29.371374130249023,29.371374130249023,29.371374130249023,29.371374130249023,0,0.0,0.0
2022-01-27 00:00:00-05:00,29.422016143798828,29.422016143798828,29.422016143798828,29.422016143798828,200,0.0,0.0
2022-01-28 00:00:00-05:00,29.422016143798828,29.422016143798828,29.422016143798828,29.422016143798828,100,0.0,0.0
2022-01-31 00:00:00-05:00,29.497976303100586,29.497976303100586,29.497976303100586,29.497976303100586,700,0.0,0.0
2022-02-01 00:00:00-05:00,29.41357495120369,29.7089786529541,29.41357495120369,29.7089786529541,500,0.0,0.0
2022-02-02 00:00:00-05:00,29.7089786529541,29.7089786529541,29.7089786529541,29.7089786529541,0,0.0,0.0
2022-02-03 00:00:00-05:00,29.54017448425293,29.54017448425293,29.54017448425293,29.54017448425293,600,0.0,0.0
2022-02-04 00:00:00-05:00,29.778404235839844,29.778404235839844,29.778404235839844,29.778404235839844,0,0.28,0.0
2022-02-07 00:00:00-05:00,29.778404235839844,29.778404235839844,29.778404235839844,29.778404235839844,0,0.0,0.0
2022-02-08 00:00:00-05:00,29.778404235839844,29.778404235839844,29.778404235839844,29.778404235839844,100,0.0,0.0
2022-02-09 00:00:00-05:00,29.778404235839844,29.778404235839844,29.778404235839844,29.778404235839844,0,0.0,0.0
2022-02-10 00:00:00-05:00,29.778404235839844,29.778404235839844,29.778404235839844,29.778404235839844,5100,0.0,0.0
2022-02-11 00:00:00-05:00,29.778404235839844,29.778404235839844,29.778404235839844,29.778404235839844,0,0.0,0.0
2022-02-14 00:00:00-05:00,29.650779724121094,29.650779724121094,29.650779724121094,29.650779724121094,200,0.0,0.0
2022-02-15 00:00:00-05:00,29.69331932067871,29.69331932067871,29.69331932067871,29.69331932067871,500,0.0,0.0
2022-02-16 00:00:00-05:00,30.586670646448393,30.586670646448393,29.69331932067871,29.69331932067871,1500,0.0,0.0
2022-02-17 00:00:00-05:00,29.69331932067871,29.69331932067871,29.69331932067871,29.69331932067871,0,0.0,0.0
2022-02-18 00:00:00-05:00,30.203808657772893,30.41651153564453,30.203808657772893,30.41651153564453,3300,0.0,0.0
2022-02-22 00:00:00-05:00,30.41651458280742,30.58667755126953,30.41651458280742,30.58667755126953,700,0.0,0.0
2022-02-23 00:00:00-05:00,30.58667755126953,30.58667755126953,30.58667755126953,30.58667755126953,0,0.0,0.0
2022-02-24 00:00:00-05:00,30.586673408173738,30.629213333129883,30.586673408173738,30.629213333129883,200,0.0,0.0
2022-02-25 00:00:00-05:00,30.629213333129883,30.629213333129883,30.629213333129883,30.629213333129883,0,0.0,0.0
2022-02-28 00:00:00-05:00,29.778401851654053,30.629213333129883,29.778401851654053,30.629213333129883,2100,0.0,0.0
2022-03-01 00:00:00-05:00,30.629213333129883,30.629213333129883,30.629213333129883,30.629213333129883,0,0.0,0.0
2022-03-02 00:00:00-05:00,30.629213333129883,30.629213333129883,30.629213333129883,30.629213333129883,0,0.0,0.0
2022-03-03 00:00:00-05:00,29.78690853840999,30.629213333129883,29.778401851654053,30.629213333129883,1300,0.0,0.0
2022-03-04 00:00:00-05:00,29.735868453979492,29.735868453979492,29.735868453979492,29.735868453979492,200,0.0,0.0
2022-03-07 00:00:00-05:00,29.735868453979492,29.735868453979492,29.735868453979492,29.735868453979492,0,0.0,0.0
2022-03-08 00:00:00-05:00,29.735868453979492,29.735868453979492,29.735868453979492,29.735868453979492,200,0.0,0.0
2022-03-09 00:00:00-05:00,29.735868453979492,29.735868453979492,29.735868453979492,29.735868453979492,0,0.0,0.0
2022-03-10 00:00:00-05:00,29.73586184109866,30.62070655822754,29.650778745843066,30.62070655822754,400,0.0,0.0
2022-03-11 00:00:00-05:00,30.62070655822754,30.62070655822754,30.62070655822754,30.62070655822754,0,0.0,0.0
2022-03-14 00:00:00-04:00,29.650776356209736,29.99110221862793,29.650776356209736,29.99110221862793,900,0.0,0.0
2022-03-15 00:00:00-04:00,29.99110221862793,29.99110221862793,29.99110221862793,29.99110221862793,0,0.0,0.0
2022-03-16 00:00:00-04:00,29.99110221862793,29.99110221862793,29.99110221862793,29.99110221862793,0,0.0,0.0
2022-03-17 00:00:00-04:00,29.650781205165135,29.778404235839844,29.608241276803064,29.778404235839844,2500,0.0,0.0
2022-03-18 00:00:00-04:00,29.940061442728748,30.11873435974121,29.940061442728748,30.11873435974121,600,0.0,0.0
2022-03-21 00:00:00-04:00,29.693328525539155,30.11873435974121,29.693328525539155,30.11873435974121,300,0.0,0.0
2022-03-22 00:00:00-04:00,30.11873435974121,30.11873435974121,30.11873435974121,30.11873435974121,100,0.0,0.0
2022-03-23 00:00:00-04:00,30.11873435974121,30.11873435974121,30.11873435974121,30.11873435974121,0,0.0,0.0
2022-03-24 00:00:00-04:00,29.9485713769426,30.11873435974121,29.9485713769426,30.11873435974121,300,0.0,0.0
2022-03-25 00:00:00-04:00,30.11873435974121,30.11873435974121,30.11873435974121,30.11873435974121,0,0.0,0.0
2022-03-28 00:00:00-04:00,30.1612606048584,30.1612606048584,30.1612606048584,30.1612606048584,600,0.0,0.0
2022-03-29 00:00:00-04:00,30.20380973815918,30.20380973815918,30.20380973815918,30.20380973815918,100,0.0,0.0
2022-03-30 00:00:00-04:00,30.20380973815918,30.20380973815918,30.20380973815918,30.20380973815918,100,0.0,0.0
2022-03-31 00:00:00-04:00,30.1612606048584,30.1612606048584,30.1612606048584,30.1612606048584,4400,0.0,0.0
2022-04-01 00:00:00-04:00,30.1612606048584,30.1612606048584,30.1612606048584,30.1612606048584,0,0.0,0.0
2022-04-04 00:00:00-04:00,30.1612606048584,30.1612606048584,30.1612606048584,30.1612606048584,0,0.0,0.0
2022-04-05 00:00:00-04:00,30.1612606048584,30.1612606048584,30.1612606048584,30.1612606048584,0,0.0,0.0
2022-04-06 00:00:00-04:00,30.1612606048584,30.1612606048584,30.1612606048584,30.1612606048584,0,0.0,0.0
2022-04-07 00:00:00-04:00,30.1612606048584,30.1612606048584,30.1612606048584,30.1612606048584,0,0.0,0.0
2022-04-08 00:00:00-04:00,30.1612606048584,30.1612606048584,30.1612606048584,30.1612606048584,0,0.0,0.0
2022-04-11 00:00:00-04:00,29.87199104482107,30.17828369140625,29.778401264410242,30.17828369140625,800,0.0,0.0
2022-04-12 00:00:00-04:00,30.17828369140625,30.17828369140625,30.17828369140625,30.17828369140625,0,0.0,0.0
2022-04-13 00:00:00-04:00,30.17828369140625,30.17828369140625,30.17828369140625,30.17828369140625,0,0.0,0.0
2022-04-14 00:00:00-04:00,30.17828369140625,30.17828369140625,30.17828369140625,30.17828369140625,0,0.0,0.0
2022-04-18 00:00:00-04:00,30.17828369140625,30.17828369140625,30.17828369140625,30.17828369140625,0,0.0,0.0
2022-04-19 00:00:00-04:00,29.77839936601355,29.99110221862793,29.77839936601355,29.99110221862793,1600,0.0,0.0
2022-04-20 00:00:00-04:00,29.99110221862793,29.99110221862793,29.99110221862793,29.99110221862793,100,0.0,0.0
2022-04-21 00:00:00-04:00,29.99110221862793,29.99110221862793,29.99110221862793,29.99110221862793,0,0.0,0.0
2022-04-22 00:00:00-04:00,29.991107123238702,29.991107123238702,29.778404235839844,29.778404235839844,1000,0.0,0.0
2022-04-25 00:00:00-04:00,29.69331932067871,29.69331932067871,29.69331932067871,29.69331932067871,200,0.0,0.0
2022-04-26 00:00:00-04:00,30.118731681083393,30.118731681083393,29.625259399414062,29.625259399414062,900,0.0,0.0
2022-04-27 00:00:00-04:00,29.625252850424136,29.69331932067871,29.625252850424136,29.69331932067871,800,0.0,0.0
2022-04-28 00:00:00-04:00,29.69331932067871,29.69331932067871,29.69331932067871,29.69331932067871,200,0.0,0.0
2022-04-29 00:00:00-04:00,29.933473587036133,29.933473587036133,29.933473587036133,29.933473587036133,0,0.28,0.0
2022-05-02 00:00:00-04:00,29.933473587036133,29.933473587036133,29.933473587036133,29.933473587036133,0,0.0,0.0
2022-05-03 00:00:00-04:00,30.175573348999023,30.175573348999023,30.175573348999023,30.175573348999023,0,0.28,0.0
2022-05-04 00:00:00-04:00,30.158283233642578,30.158283233642578,30.158283233642578,30.158283233642578,100,0.0,0.0
2022-05-05 00:00:00-04:00,30.158283233642578,30.158283233642578,30.158283233642578,30.158283233642578,100,0.0,0.0
2022-05-06 00:00:00-04:00,30.089107146920995,30.089107146920995,29.916180580326635,29.968059539794922,1000,0.0,0.0
2022-05-09 00:00:00-04:00,30.175573348999023,30.175573348999023,30.175573348999023,30.175573348999023,100,0.0,0.0
2022-05-10 00:00:00-04:00,30.175573348999023,30.175573348999023,30.175573348999023,30.175573348999023,0,0.0,0.0
2022-05-11 00:00:00-04:00,29.70002444628094,30.175573348999023,29.70002444628094,30.175573348999023,400,0.0,0.0
2022-05-12 00:00:00-04:00,30.47819237954684,30.47819237954684,29.665441770146945,30.175573348999023,1000,0.0,0.0
2022-05-13 00:00:00-04:00,30.175573348999023,30.175573348999023,30.175573348999023,30.175573348999023,0,0.0,0.0
2022-05-16 00:00:00-04:00,30.175574243562018,30.478193283081055,30.175574243562018,30.478193283081055,2400,0.0,0.0
2022-05-17 00:00:00-04:00,30.65111275674188,30.69434356689453,30.65111275674188,30.69434356689453,1600,0.0,0.0
2022-05-18 00:00:00-04:00,31.109369462761816,31.169893264770508,31.109369462761816,31.169893264770508,3200,0.0,0.0
2022-05-19 00:00:00-04:00,31.169893264770508,31.169893264770508,31.169893264770508,31.169893264770508,0,0.0,0.0
2022-05-20 00:00:00-04:00,31.169893264770508,31.169893264770508,31.169893264770508,31.169893264770508,0,0.0,0.0
2022-05-23 00:00:00-04:00,31.169893264770508,31.169893264770508,31.169893264770508,31.169893264770508,0,0.0,0.0
2022-05-24 00:00:00-04:00,31.169893264770508,31.169893264770508,31.169893264770508,31.169893264770508,0,0.0,0.0
2022-05-25 00:00:00-04:00,30.262035528818767,31.126665115356445,30.262035528818767,31.126665115356445,300,0.0,0.0
2022-05-26 00:00:00-04:00,30.555999755859375,30.555999755859375,30.555999755859375,30.555999755859375,100,0.0,0.0
2022-05-27 00:00:00-04:00,30.555999755859375,30.555999755859375,30.555999755859375,30.555999755859375,0,0.0,0.0
2022-05-31 00:00:00-04:00,29.98534772583303,30.69434356689453,29.96805474211209,30.69434356689453,400,0.0,0.0
2022-06-01 00:00:00-04:00,29.96806388756735,31.11802291870117,29.96806388756735,31.118022918701172,300,0.0,0.0
2022-06-02 00:00:00-04:00,31.11802291870117,31.11802291870117,31.11802291870117,31.118022918701172,0,0.0,0.0
2022-06-03 00:00:00-04:00,29.968058592141876,31.1093692779541,29.968058592141876,31.1093692779541,200,0.0,0.0
2022-06-06 00:00:00-04:00,29.976707825871863,31.10072898864746,29.976707825871863,31.10072898864746,300,0.0,0.0
2022-06-07 00:00:00-04:00,31.10072898864746,31.10072898864746,31.10072898864746,31.10072898864746,0,0.0,0.0
2022-06-08 00:00:00-04:00,29.97670620357224,31.092079162597656,29.916182396335213,31.092079162597656,700,0.0,0.0
2022-06-09 00:00:00-04:00,29.665434844568665,31.066133499145508,29.656786703829084,31.066133499145508,2400,0.0,0.0
2022-06-10 00:00:00-04:00,29.63084980530228,31.05748633013605,29.570326011428694,30.69434356689453,1800,0.0,0.0
2022-06-13 00:00:00-04:00,29.57033215577572,31.040203094482422,29.57033215577572,31.040203094482422,1100,0.0,0.0
2022-06-14 00:00:00-04:00,29.570326011428694,30.69434356689453,29.570326011428694,30.69434356689453,700,0.0,0.0
2022-06-15 00:00:00-04:00,29.535740043986817,30.69434356689453,29.535740043986817,30.69434356689453,200,0.0,0.0
2022-06-16 00:00:00-04:00,29.665442018684587,30.685705184936523,29.665442018684587,30.685705184936523,400,0.0,0.0
2022-06-17 00:00:00-04:00,30.685705184936523,30.685705184936523,30.685705184936523,30.685705184936523,0,0.0,0.0
2022-06-21 00:00:00-04:00,30.685705184936523,30.685705184936523,30.685705184936523,30.685705184936523,0,0.0,0.0
2022-06-22 00:00:00-04:00,29.71731827030835,30.659764661224276,29.70002528260437,30.547365188598633,1300,0.0,0.0
2022-06-23 00:00:00-04:00,30.547365188598633,30.547365188598633,30.547365188598633,30.547365188598633,0,0.0,0.0
2022-06-24 00:00:00-04:00,30.547365188598633,30.547365188598633,30.547365188598633,30.547365188598633,0,0.0,0.0
2022-06-27 00:00:00-04:00,30.547365188598633,30.547365188598633,30.547365188598633,30.547365188598633,0,0.0,0.0
2022-06-28 00:00:00-04:00,30.547365188598633,30.547365188598633,30.547365188598633,30.547365188598633,0,0.0,0.0
2022-06-29 00:00:00-04:00,30.547365188598633,30.547365188598633,30.547365188598633,30.547365188598633,0,0.0,0.0
2022-06-30 00:00:00-04:00,29.700019387576784,30.642465591430664,29.700019387576784,30.642465591430664,900,0.0,0.0
2022-07-01 00:00:00-04:00,30.642465591430664,30.642465591430664,30.642465591430664,30.642465591430664,0,0.0,0.0
2022-07-05 00:00:00-04:00,30.642465591430664,30.642465591430664,30.642465591430664,30.642465591430664,0,0.0,0.0
2022-07-06 00:00:00-04:00,29.743253497405462,30.642465591430664,29.743253497405462,30.642465591430664,200,0.0,0.0
2022-07-07 00:00:00-04:00,30.642465591430664,30.642465591430664,30.642465591430664,30.642465591430664,0,0.0,0.0
2022-07-08 00:00:00-04:00,30.642465591430664,30.642465591430664,30.642465591430664,30.642465591430664,0,0.0,0.0
2022-07-11 00:00:00-04:00,30.642465591430664,30.642465591430664,30.642465591430664,30.642465591430664,0,0.0,0.0
2022-07-12 00:00:00-04:00,29.57033227977305,30.651119254192388,29.51845331761289,30.616533279418945,2600,0.0,0.0
2022-07-13 00:00:00-04:00,30.607885360717773,30.607885360717773,30.607885360717773,30.607885360717773,200,0.0,0.0
2022-07-14 00:00:00-04:00,30.607885360717773,30.607885360717773,30.607885360717773,30.607885360717773,0,0.0,0.0
2022-07-15 00:00:00-04:00,30.607885360717773,30.607885360717773,30.607885360717773,30.607885360717773,0,0.0,0.0
2022-07-18 00:00:00-04:00,30.607885360717773,30.607885360717773,30.607885360717773,30.607885360717773,0,0.0,0.0
2022-07-19 00:00:00-04:00,30.607885360717773,30.607885360717773,30.607885360717773,30.607885360717773,0,0.0,0.0
2022-07-20 00:00:00-04:00,30.607885360717773,30.607885360717773,30.607885360717773,30.607885360717773,0,0.0,0.0
2022-07-21 00:00:00-04:00,29.527101153604537,30.426313400268555,29.527101153604537,30.426313400268555,700,0.0,0.0
2022-07-22 00:00:00-04:00,30.426313400268555,30.426313400268555,30.426313400268555,30.426313400268555,0,0.0,0.0
2022-07-25 00:00:00-04:00,29.544390094191414,30.253389358520508,29.544390094191414,30.253389358520508,600,0.0,0.0
2022-07-26 00:00:00-04:00,30.253389358520508,30.253389358520508,30.253389358520508,30.253389358520508,0,0.0,0.0
2022-07-27 00:00:00-04:00,29.5876242102639,30.253389358520508,29.5876242102639,30.253389358520508,3600,0.0,0.0
2022-07-28 00:00:00-04:00,30.253389358520508,30.253389358520508,30.253389358520508,30.253389358520508,0,0.0,0.0
2022-07-29 00:00:00-04:00,30.253390684205442,31.386053331657727,30.253390684205442,31.126665115356445,1400,0.0,0.0
2022-08-01 00:00:00-04:00,31.126665115356445,31.126665115356445,31.126665115356445,31.126665115356445,0,0.0,0.0
2022-08-02 00:00:00-04:00,29.92483051779709,31.126665115356445,29.92483051779709,31.126665115356445,400,0.0,0.0
2022-08-03 00:00:00-04:00,29.959413117534176,32.82998275756836,29.942120131955686,32.82998275756836,800,0.0,0.0
2022-08-04 00:00:00-04:00,31.126660697332966,32.82998179650402,31.126660697332966,31.29958724975586,9600,0.0,0.0
2022-08-05 00:00:00-04:00,31.552358627319336,31.552358627319336,31.552358627319336,31.552358627319336,0,0.29,0.0
2022-08-08 00:00:00-04:00,31.552358627319336,31.552358627319336,31.552358627319336,31.552358627319336,0,0.0,0.0
2022-08-09 00:00:00-04:00,30.541293288719412,33.025386810302734,30.541293288719412,33.025386810302734,400,0.0,0.0
2022-08-10 00:00:00-04:00,30.550007948033397,33.025386810302734,30.550007948033397,33.025386810302734,200,0.0,0.0
2022-08-11 00:00:00-04:00,33.025386810302734,33.025386810302734,33.025386810302734,33.025386810302734,100,0.0,0.0
2022-08-12 00:00:00-04:00,31.378030937910783,32.93821716308594,30.94222495266202,32.93821716308594,600,0.0,0.0
2022-08-15 00:00:00-04:00,32.93821716308594,32.93821716308594,32.93821716308594,32.93821716308594,0,0.0,0.0
2022-08-16 00:00:00-04:00,32.93821716308594,32.93821716308594,32.93821716308594,32.93821716308594,0,0.0,0.0
2022-08-17 00:00:00-04:00,32.93821716308594,32.93821716308594,30.96837224779749,32.93821716308594,1400,0.0,0.0
2022-08-18 00:00:00-04:00,32.93821716308594,32.93821716308594,32.93821716308594,32.93821716308594,0,0.0,0.0
2022-08-19 00:00:00-04:00,32.85978049300163,33.112548828125,32.85978049300163,33.112548828125,2600,0.0,0.0
2022-08-22 00:00:00-04:00,33.03409957885742,33.03409957885742,33.03409957885742,33.03409957885742,1400,0.0,0.0
2022-08-23 00:00:00-04:00,33.03409957885742,33.03409957885742,33.03409957885742,33.03409957885742,0,0.0,0.0
2022-08-24 00:00:00-04:00,33.03409957885742,33.03409957885742,33.03409957885742,33.03409957885742,0,0.0,0.0
2022-08-25 00:00:00-04:00,33.03409957885742,33.03409957885742,33.03409957885742,33.03409957885742,0,0.0,0.0
2022-08-26 00:00:00-04:00,33.03409957885742,33.03409957885742,33.03409957885742,33.03409957885742,0,0.0,0.0
2022-08-29 00:00:00-04:00,33.03409957885742,33.03409957885742,33.03409957885742,33.03409957885742,0,0.0,0.0
2022-08-30 00:00:00-04:00,33.03409957885742,33.03409957885742,33.03409957885742,33.03409957885742,0,0.0,0.0
2022-08-31 00:00:00-04:00,33.208422474726085,33.208422474726085,30.985812097666503,32.22350311279297,3500,0.0,0.0
2022-09-01 00:00:00-04:00,32.22350311279297,32.22350311279297,32.22350311279297,32.22350311279297,0,0.0,0.0
2022-09-02 00:00:00-04:00,32.22350311279297,32.22350311279297,32.22350311279297,32.22350311279297,0,0.0,0.0
2022-09-06 00:00:00-04:00,32.22350311279297,32.22350311279297,32.22350311279297,32.22350311279297,0,0.0,0.0
2022-09-07 00:00:00-04:00,32.1886373041133,32.20606994628906,32.1886373041133,32.20606994628906,200,0.0,0.0
2022-09-08 00:00:00-04:00,32.20606994628906,32.20606994628906,32.20606994628906,32.20606994628906,0,0.0,0.0
2022-09-09 00:00:00-04:00,32.20606994628906,32.20606994628906,32.20606994628906,32.20606994628906,0,0.0,0.0
2022-09-12 00:00:00-04:00,32.20606994628906,32.20606994628906,32.20606994628906,32.20606994628906,0,0.0,0.0
2022-09-13 00:00:00-04:00,32.206068581660176,32.232215881347656,32.206068581660176,32.232215881347656,300,0.0,0.0
2022-09-14 00:00:00-04:00,32.232215881347656,32.232215881347656,32.232215881347656,32.232215881347656,0,0.0,0.0
2022-09-15 00:00:00-04:00,32.232215881347656,32.232215881347656,32.232215881347656,32.232215881347656,0,0.0,0.0
2022-09-16 00:00:00-04:00,32.232215881347656,32.232215881347656,32.232215881347656,32.232215881347656,0,0.0,0.0
2022-09-19 00:00:00-04:00,32.232215881347656,32.232215881347656,32.232215881347656,32.232215881347656,0,0.0,0.0
2022-09-20 00:00:00-04:00,31.186279256040372,32.39781951904297,31.186279256040372,32.39781951904297,300,0.0,0.0
2022-09-21 00:00:00-04:00,31.186276091891266,32.41524887084961,31.186276091891266,32.41524887084961,500,0.0,0.0
2022-09-22 00:00:00-04:00,31.16884853570829,32.24964904785156,31.16884853570829,32.24964904785156,400,0.0,0.0
2022-09-23 00:00:00-04:00,32.232215881347656,32.232215881347656,32.232215881347656,32.232215881347656,100,0.0,0.0
2022-09-26 00:00:00-04:00,32.232215881347656,32.232215881347656,32.232215881347656,32.232215881347656,0,0.0,0.0
2022-09-27 00:00:00-04:00,32.232215881347656,32.232215881347656,32.232215881347656,32.232215881347656,0,0.0,0.0
2022-09-28 00:00:00-04:00,31.038106685555544,32.17991638183594,31.038106685555544,32.17991638183594,1600,0.0,0.0
2022-09-29 00:00:00-04:00,32.17991638183594,32.17991638183594,32.17991638183594,32.17991638183594,0,0.0,0.0
2022-09-30 00:00:00-04:00,32.17991638183594,32.17991638183594,32.17991638183594,32.17991638183594,0,0.0,0.0
2022-10-03 00:00:00-04:00,32.17991638183594,32.17991638183594,32.17991638183594,32.17991638183594,0,0.0,0.0
2022-10-04 00:00:00-04:00,32.17991638183594,32.17991638183594,32.17991638183594,32.17991638183594,0,0.0,0.0
2022-10-05 00:00:00-04:00,30.436690361269317,31.813838958740234,30.436690361269317,31.813838958740234,2700,0.0,0.0
2022-10-06 00:00:00-04:00,30.98580608995329,31.360599517822266,30.5587180697818,31.360599517822266,700,0.0,0.0
2022-10-07 00:00:00-04:00,31.360599517822266,31.360599517822266,31.360599517822266,31.360599517822266,0,0.0,0.0
2022-10-10 00:00:00-04:00,30.846348302253382,31.360599517822266,30.846348302253382,31.360599517822266,1200,0.0,0.0
2022-10-11 00:00:00-04:00,30.558716771693494,31.726676940917972,30.419258989917545,31.72667694091797,1100,0.0,0.0
2022-10-12 00:00:00-04:00,31.726676940917972,31.726676940917972,31.726676940917972,31.72667694091797,100,0.0,0.0
2022-10-13 00:00:00-04:00,31.726676940917972,31.726676940917972,31.726676940917972,31.72667694091797,0,0.0,0.0
2022-10-14 00:00:00-04:00,31.726676940917972,31.726676940917972,31.726676940917972,31.72667694091797,0,0.0,0.0
2022-10-17 00:00:00-04:00,31.726676940917972,31.726676940917972,31.726676940917972,31.72667694091797,0,0.0,0.0
2022-10-18 00:00:00-04:00,31.726676940917972,31.726676940917972,31.726676940917972,31.72667694091797,0,0.0,0.0
2022-10-19 00:00:00-04:00,31.709247589111328,31.709247589111328,31.709247589111328,31.709247589111328,200,0.0,0.0
2022-10-20 00:00:00-04:00,31.709247589111328,31.709247589111328,31.709247589111328,31.709247589111328,0,0.0,0.0
2022-10-21 00:00:00-04:00,31.709247589111328,31.709247589111328,31.709247589111328,31.709247589111328,0,0.0,0.0
2022-10-24 00:00:00-04:00,31.726676940917972,31.726676940917972,31.726676940917972,31.72667694091797,100,0.0,0.0
2022-10-25 00:00:00-04:00,31.56107139587402,31.56107139587402,31.552356738383637,31.561071395874023,6500,0.0,0.0
2022-10-26 00:00:00-04:00,31.56107139587402,31.56107139587402,31.56107139587402,31.561071395874023,0,0.0,0.0
2022-10-27 00:00:00-04:00,30.55000665707427,31.752832412719727,30.55000665707427,31.752832412719727,200,0.0,0.0
2022-10-28 00:00:00-04:00,31.752832412719727,31.752832412719727,31.752832412719727,31.752832412719727,0,0.0,0.0
2022-10-31 00:00:00-04:00,31.813838958740234,31.813838958740234,31.813838958740234,31.813838958740234,200,0.0,0.0
2022-11-01 00:00:00-04:00,31.813838958740234,31.813838958740234,31.813838958740234,31.813838958740234,0,0.0,0.0
2022-11-02 00:00:00-04:00,31.813838958740234,31.813838958740234,31.813838958740234,31.813838958740234,200,0.0,0.0
2022-11-03 00:00:00-04:00,31.813841424040792,32.197349548339844,31.813841424040792,32.197349548339844,800,0.0,0.0
2022-11-04 00:00:00-04:00,32.51369400107133,32.52248001098633,32.51369400107133,32.52248001098633,1700,0.3,0.0
2022-11-07 00:00:00-05:00,32.52248001098633,32.52248001098633,32.52248001098633,32.52248001098633,0,0.0,0.0
2022-11-08 00:00:00-05:00,32.53126937306077,33.743943223056725,32.52248001098633,32.52248001098633,1300,0.0,0.0
2022-11-09 00:00:00-05:00,32.52248001098633,32.52248001098633,32.52248001098633,32.52248001098633,0,0.0,0.0
2022-11-10 00:00:00-05:00,32.52248001098633,32.52248001098633,32.52248001098633,32.52248001098633,0,0.0,0.0
2022-11-11 00:00:00-05:00,32.52248001098633,32.52248001098633,32.52248001098633,32.52248001098633,0,0.0,0.0
2022-11-14 00:00:00-05:00,33.39244842529297,33.39244842529297,33.39244842529297,33.39244842529297,400,0.0,0.0
2022-11-15 00:00:00-05:00,32.52248082384398,33.392443322188015,32.513694813709385,33.17275619506836,700,0.0,0.0
2022-11-16 00:00:00-05:00,33.17275619506836,33.17275619506836,33.17275619506836,33.17275619506836,0,0.0,0.0
2022-11-17 00:00:00-05:00,33.61214173972752,33.61214173972752,32.99701690673828,32.99701690673828,1200,0.0,0.0
2022-11-18 00:00:00-05:00,33.172767337901014,33.172767337901014,32.99701690673828,32.99701690673828,200,0.0,0.0
2022-11-21 00:00:00-05:00,32.51370573516126,32.99701690673828,32.51370573516126,32.99701690673828,2200,0.0,0.0
2022-11-22 00:00:00-05:00,32.311583059018446,33.17275619506836,32.311583059018446,33.17275619506836,4900,0.0,0.0
2022-11-23 00:00:00-05:00,32.32916465237814,32.95307540893555,32.32916465237814,32.95307540893555,300,0.0,0.0
2022-11-25 00:00:00-05:00,32.95307540893555,32.95307540893555,32.95307540893555,32.95307540893555,0,0.0,0.0
2022-11-28 00:00:00-05:00,32.30280303955078,32.30280303955078,32.30280303955078,32.30280303955078,100,0.0,0.0
2022-11-29 00:00:00-05:00,32.92671203613281,32.92671203613281,32.92671203613281,32.92671203613281,100,0.0,0.0
2022-11-30 00:00:00-05:00,32.355526040014034,32.95307540893555,32.355526040014034,32.95307540893555,300,0.0,0.0
2022-12-01 00:00:00-05:00,32.513694763183594,32.513694763183594,32.513694763183594,32.513694763183594,200,0.0,0.0
2022-12-02 00:00:00-05:00,32.513694763183594,32.513694763183594,32.513694763183594,32.513694763183594,0,0.0,0.0
2022-12-05 00:00:00-05:00,32.52248001098633,32.52248001098633,32.52248001098633,32.52248001098633,100,0.0,0.0
2022-12-06 00:00:00-05:00,32.86520004272461,32.86520004272461,32.86520004272461,32.86520004272461,500,0.0,0.0
2022-12-07 00:00:00-05:00,32.95306770169005,32.95306770169005,32.29400634765625,32.29400634765625,400,0.0,0.0
2022-12-08 00:00:00-05:00,32.29400634765625,32.29400634765625,32.29400634765625,32.29400634765625,0,0.0,0.0
2022-12-09 00:00:00-05:00,32.33794021606445,32.33794021606445,32.33794021606445,32.33794021606445,300,0.0,0.0
2022-12-12 00:00:00-05:00,32.25007629394531,32.25007629394531,32.25007629394531,32.25007629394531,100,0.0,0.0
2022-12-13 00:00:00-05:00,32.25007629394531,32.25007629394531,32.25007629394531,32.25007629394531,0,0.0,0.0
2022-12-14 00:00:00-05:00,32.25007629394531,32.25007629394531,32.25007629394531,32.25007629394531,100,0.0,0.0
2022-12-15 00:00:00-05:00,32.25007629394531,32.25007629394531,32.25007629394531,32.25007629394531,0,0.0,0.0
2022-12-16 00:00:00-05:00,32.25007629394531,32.25007629394531,32.25007629394531,32.25007629394531,0,0.0,0.0
2022-12-19 00:00:00-05:00,32.25007629394531,32.25007629394531,32.25007629394531,32.25007629394531,0,0.0,0.0
2022-12-20 00:00:00-05:00,32.25007629394531,32.25007629394531,32.25007629394531,32.25007629394531,0,0.0,0.0
2022-12-21 00:00:00-05:00,32.153404235839844,32.153404235839844,32.153404235839844,32.153404235839844,400,0.0,0.0
2022-12-22 00:00:00-05:00,32.153404235839844,32.153404235839844,32.153404235839844,32.153404235839844,100,0.0,0.0
2022-12-23 00:00:00-05:00,32.250078150512124,32.250078150512124,31.652528762817383,31.652528762817383,900,0.0,0.0
2022-12-27 00:00:00-05:00,31.292236766071724,31.54707465305624,31.195573888101066,31.221935272216797,12200,0.0,0.0
2022-12-28 00:00:00-05:00,31.22193647606222,31.22193647606222,31.142848968505863,31.14284896850586,300,0.0,0.0
2022-12-29 00:00:00-05:00,31.14284469537993,31.57343292236328,31.10769730407959,31.57343292236328,1200,0.0,0.0
2022-12-30 00:00:00-05:00,31.591007232666016,31.591007232666016,31.591007232666016,31.591007232666016,200,0.0,0.0
2023-01-03 00:00:00-05:00,31.591007232666016,31.591007232666016,31.591007232666016,31.591007232666016,0,0.0,0.0
2023-01-04 00:00:00-05:00,31.54707145690918,31.54707145690918,31.54707145690918,31.54707145690918,2000,0.0,0.0
2023-01-05 00:00:00-05:00,31.54707145690918,31.54707145690918,31.54707145690918,31.54707145690918,100,0.0,0.0
2023-01-06 00:00:00-05:00,31.54707145690918,31.54707145690918,31.54707145690918,31.54707145690918,0,0.0,0.0
2023-01-09 00:00:00-05:00,31.54707145690918,31.54707145690918,31.54707145690918,31.54707145690918,0,0.0,0.0
2023-01-10 00:00:00-05:00,31.54707145690918,31.54707145690918,31.54707145690918,31.54707145690918,0,0.0,0.0
2023-01-11 00:00:00-05:00,31.21315052776678,31.45919906192084,31.19557515359008,31.44162368774414,600,0.0,0.0
2023-01-12 00:00:00-05:00,31.397687911987305,31.397687911987305,31.397687911987305,31.397687911987305,100,0.0,0.0
2023-01-13 00:00:00-05:00,31.397687911987305,31.397687911987305,31.397687911987305,31.397687911987305,0,0.0,0.0
2023-01-17 00:00:00-05:00,31.327392578125,31.327392578125,31.327392578125,31.327392578125,400,0.0,0.0
2023-01-18 00:00:00-05:00,31.327392578125,31.327392578125,31.327392578125,31.327392578125,0,0.0,0.0
2023-01-19 00:00:00-05:00,31.08134201857105,31.195580293461884,31.06376664149858,31.18679428100586,1400,0.0,0.0
2023-01-20 00:00:00-05:00,31.18679428100586,31.18679428100586,31.18679428100586,31.18679428100586,0,0.0,0.0
2023-01-23 00:00:00-05:00,31.063766479492188,31.063766479492188,31.063766479492188,31.063766479492188,400,0.0,0.0
2023-01-24 00:00:00-05:00,31.195581436157227,31.195581436157227,31.195581436157227,31.195581436157227,900,0.0,0.0
2023-01-25 00:00:00-05:00,30.870445328807865,31.195581436157227,30.85286995109161,31.195581436157227,1100,0.0,0.0
2023-01-26 00:00:00-05:00,31.195581436157227,31.195581436157227,31.195581436157227,31.195581436157227,0,0.0,0.0
2023-01-27 00:00:00-05:00,31.195581436157227,31.195581436157227,31.195581436157227,31.195581436157227,0,0.0,0.0
2023-01-30 00:00:00-05:00,31.283447265625,31.283447265625,31.283447265625,31.283447265625,200,0.0,0.0
2023-01-31 00:00:00-05:00,31.371328286336762,31.45920181274414,31.283451407769228,31.45920181274414,300,0.0,0.0
2023-02-01 00:00:00-05:00,31.424051061317126,31.45920181274414,31.41526504954045,31.45920181274414,700,0.0,0.0
2023-02-02 00:00:00-05:00,31.45920181274414,31.45920181274414,31.45920181274414,31.45920181274414,0,0.0,0.0
2023-02-03 00:00:00-05:00,31.725059509277344,31.725059509277344,31.725059509277344,31.725059509277344,200,0.3,0.0
2023-02-06 00:00:00-05:00,31.725052123493036,32.345375061035156,31.725052123493036,32.345375061035156,1500,0.0,0.0
2023-02-07 00:00:00-05:00,32.54919133468518,32.54919133468518,32.53146743774414,32.53146743774414,600,0.0,0.0
2023-02-08 00:00:00-05:00,32.345375061035156,32.345375061035156,32.345375061035156,32.345375061035156,200,0.0,0.0
2023-02-09 00:00:00-05:00,32.345375061035156,32.345375061035156,32.345375061035156,32.345375061035156,0,0.0,0.0
2023-02-10 00:00:00-05:00,31.902285240436424,32.12382888793945,31.902285240436424,32.12382888793945,900,0.0,0.0
2023-02-13 00:00:00-05:00,31.902285240436424,32.12382888793945,31.902285240436424,32.12382888793945,500,0.0,0.0
2023-02-14 00:00:00-05:00,32.12382888793945,32.12382888793945,32.12382888793945,32.12382888793945,0,0.0,0.0
2023-02-15 00:00:00-05:00,32.12382888793945,32.12382888793945,31.671881334447896,32.12382888793945,800,0.0,0.0
2023-02-16 00:00:00-05:00,32.12382888793945,32.12382888793945,31.671881334447896,32.12382888793945,300,0.0,0.0
2023-02-17 00:00:00-05:00,32.12382888793945,32.12382888793945,32.12382888793945,32.12382888793945,6700,0.0,0.0
2023-02-21 00:00:00-05:00,32.12382888793945,32.12382888793945,32.12382888793945,32.12382888793945,0,0.0,0.0
2023-02-22 00:00:00-05:00,31.370584981803404,31.90228843688965,31.370584981803404,31.90228843688965,1200,0.0,0.0
2023-02-23 00:00:00-05:00,31.33513848033125,31.68074607849121,31.33513848033125,31.68074607849121,500,0.0,0.0
2023-02-24 00:00:00-05:00,31.68074607849121,31.68074607849121,31.68074607849121,31.68074607849121,0,0.0,0.0
2023-02-27 00:00:00-05:00,31.459197998046875,31.459197998046875,31.459197998046875,31.459197998046875,100,0.0,0.0
2023-02-28 00:00:00-05:00,31.343994354616036,31.459197998046875,31.343994354616036,31.459197998046875,600,0.0,0.0
2023-03-01 00:00:00-05:00,31.459197998046875,31.459197998046875,31.459197998046875,31.459197998046875,0,0.0,0.0
2023-03-02 00:00:00-05:00,31.459197998046875,31.459197998046875,31.459197998046875,31.459197998046875,0,0.0,0.0
2023-03-03 00:00:00-05:00,31.32627121282945,31.32627121282945,31.08700704218334,31.29082679748535,1600,0.0,0.0
2023-03-06 00:00:00-05:00,31.281965255737305,31.281965255737305,31.281965255737305,31.281965255737305,300,0.0,0.0
2023-03-07 00:00:00-05:00,31.078145833764843,31.23765754699707,31.078145833764843,31.23765754699707,300,0.0,0.0
2023-03-08 00:00:00-05:00,31.016108835343836,31.016108835343836,29.908390662652984,30.794565200805664,6300,0.0,0.0
2023-03-09 00:00:00-05:00,30.750257089666757,30.87432098388672,30.70594903894357,30.87432098388672,800,0.0,0.0
2023-03-10 00:00:00-05:00,30.794565140389945,30.87432098388672,27.914497897044125,30.87432098388672,2300,0.0,0.0
2023-03-13 00:00:00-04:00,25.982643779261494,30.129941940307617,24.81289336260627,30.129941940307617,4600,0.0,0.0
2023-03-14 00:00:00-04:00,28.136044516079668,30.57302474975586,28.136044516079668,30.57302474975586,300,0.0,0.0
2023-03-15 00:00:00-04:00,28.15377063165184,30.36920738220215,25.406628722920647,30.36920738220215,1400,0.0,0.0
2023-03-16 00:00:00-04:00,30.31603240966797,30.31603240966797,30.31603240966797,30.31603240966797,200,0.0,0.0
2023-03-17 00:00:00-04:00,30.31603240966797,30.31603240966797,30.31603240966797,30.31603240966797,0,0.0,0.0
2023-03-20 00:00:00-04:00,30.351485631045172,30.351485631045172,29.95270631161988,30.129941940307617,800,0.0,0.0
2023-03-21 00:00:00-04:00,27.16125172239856,30.112213134765625,26.585238558349772,30.112213134765625,6700,0.0,0.0
2023-03-22 00:00:00-04:00,28.366452674621755,30.129941940307617,28.366452674621755,30.129941940307617,2200,0.0,0.0
2023-03-23 00:00:00-04:00,30.129941940307617,30.129941940307617,30.129941940307617,30.129941940307617,0,0.0,0.0
2023-03-24 00:00:00-04:00,28.463924965660294,30.129934029099985,27.96766770197867,30.094486236572266,1500,0.0,0.0
2023-03-27 00:00:00-04:00,30.094486236572266,30.094486236572266,30.094486236572266,30.094486236572266,0,0.0,0.0
2023-03-28 00:00:00-04:00,30.094486236572266,30.094486236572266,30.094486236572266,30.094486236572266,0,0.0,0.0
2023-03-29 00:00:00-04:00,30.094486236572266,30.094486236572266,30.094486236572266,30.094486236572266,0,0.0,0.0
2023-03-30 00:00:00-04:00,30.094486236572266,30.094486236572266,30.094486236572266,30.094486236572266,0,0.0,0.0
2023-03-31 00:00:00-04:00,30.094486236572266,30.094486236572266,30.094486236572266,30.094486236572266,0,0.0,0.0
2023-04-03 00:00:00-04:00,30.04132652282715,30.04132652282715,30.04132652282715,30.04132652282715,200,0.0,0.0
2023-04-04 00:00:00-04:00,30.04132652282715,30.04132652282715,30.04132652282715,30.04132652282715,0,0.0,0.0
2023-04-05 00:00:00-04:00,30.04132652282715,30.04132652282715,30.04132652282715,30.04132652282715,0,0.0,0.0
2023-04-06 00:00:00-04:00,30.04132652282715,30.04132652282715,30.04132652282715,30.04132652282715,0,0.0,0.0
2023-04-10 00:00:00-04:00,29.465302785237633,29.908390045166016,29.465302785237633,29.908390045166016,200,0.0,0.0
2023-04-11 00:00:00-04:00,29.908390045166016,29.908390045166016,29.908390045166016,29.908390045166016,0,0.0,0.0
2023-04-12 00:00:00-04:00,29.908390045166016,29.908390045166016,29.908390045166016,29.908390045166016,0,0.0,0.0
2023-04-13 00:00:00-04:00,29.155143055482768,29.908390045166016,29.155143055482768,29.908390045166016,300,0.0,0.0
2023-04-14 00:00:00-04:00,29.376686685446963,29.908390045166016,29.376686685446963,29.908390045166016,500,0.0,0.0
2023-04-17 00:00:00-04:00,29.819773945375346,29.908390045166016,29.819773945375346,29.908390045166016,600,0.0,0.0
2023-04-18 00:00:00-04:00,29.908390045166016,29.908390045166016,29.908390045166016,29.908390045166016,0,0.0,0.0
2023-04-19 00:00:00-04:00,29.908390045166016,29.908390045166016,29.908390045166016,29.908390045166016,0,0.0,0.0
2023-04-20 00:00:00-04:00,29.908390045166016,29.908390045166016,29.908390045166016,29.908390045166016,0,0.0,0.0
2023-04-21 00:00:00-04:00,29.908390045166016,29.908390045166016,29.908390045166016,29.908390045166016,0,0.0,0.0
2023-04-24 00:00:00-04:00,29.908390045166016,29.908390045166016,29.908390045166016,29.908390045166016,0,0.0,0.0
2023-04-25 00:00:00-04:00,29.908390045166016,29.908390045166016,29.908390045166016,29.908390045166016,0,0.0,0.0
2023-04-26 00:00:00-04:00,29.908390045166016,29.908390045166016,29.908390045166016,29.908390045166016,0,0.0,0.0
2023-04-27 00:00:00-04:00,29.908390045166016,29.908390045166016,29.908390045166016,29.908390045166016,0,0.0,0.0
2023-04-28 00:00:00-04:00,29.908390045166016,29.908390045166016,29.908390045166016,29.908390045166016,0,0.0,0.0
2023-05-01 00:00:00-04:00,28.62344144922281,28.62344144922281,27.923364331895755,28.357589721679688,1400,0.0,0.0
2023-05-02 00:00:00-04:00,28.357589017427884,28.800676345825195,28.357589017427884,28.800676345825195,300,0.0,0.0
2023-05-03 00:00:00-04:00,28.579135195024477,28.791818618774414,28.357591511342118,28.791818618774414,1100,0.0,0.0
2023-05-04 00:00:00-04:00,28.75636828908307,28.800676345825195,28.75636828908307,28.800676345825195,1200,0.0,0.0
2023-05-05 00:00:00-04:00,29.069007873535156,29.069007873535156,29.069007873535156,29.069007873535156,0,0.3,0.0
2023-05-08 00:00:00-04:00,29.069007873535156,29.069007873535156,29.069007873535156,29.069007873535156,0,0.0,0.0
2023-05-09 00:00:00-04:00,29.069007873535156,29.069007873535156,29.069007873535156,29.069007873535156,0,0.0,0.0
2023-05-10 00:00:00-04:00,29.069007873535156,29.069007873535156,29.069007873535156,29.069007873535156,0,0.0,0.0
2023-05-11 00:00:00-04:00,28.738066005006388,28.988505567199244,28.738066005006388,28.979562759399414,6200,0.0,0.0
2023-05-12 00:00:00-04:00,28.979562759399414,28.979562759399414,28.979562759399414,28.979562759399414,0,0.0,0.0
2023-05-15 00:00:00-04:00,28.845401763916016,28.845401763916016,28.845401763916016,28.845401763916016,200,0.0,0.0
2023-05-16 00:00:00-04:00,28.863290794603003,28.863290794603003,28.845401763916016,28.845401763916016,200,0.0,0.0
2023-05-17 00:00:00-04:00,29.51622772216797,29.51622772216797,29.51622772216797,29.51622772216797,700,0.0,0.0
2023-05-18 00:00:00-04:00,28.46078856461552,30.187040328979492,28.46078856461552,30.187040328979492,300,0.0,0.0
2023-05-19 00:00:00-04:00,28.469738973053957,30.634262084960938,28.469738973053957,30.634262084960938,6700,0.0,0.0
2023-05-22 00:00:00-04:00,30.634262084960938,30.634262084960938,30.634262084960938,30.634262084960938,0,0.0,0.0
2023-05-23 00:00:00-04:00,30.634262084960938,30.634262084960938,30.634262084960938,30.634262084960938,0,0.0,0.0
2023-05-24 00:00:00-04:00,29.194227198970164,29.47150203638088,29.095839243373344,29.247894287109375,1000,0.0,0.0
2023-05-25 00:00:00-04:00,28.890121459960938,28.890121459960938,28.890121459960938,28.890121459960938,100,0.0,0.0
2023-05-26 00:00:00-04:00,28.890121459960938,28.890121459960938,28.890121459960938,28.890121459960938,0,0.0,0.0
2023-05-30 00:00:00-04:00,28.71123504638672,28.71123504638672,28.621793307095505,28.71123504638672,500,0.0,0.0
2023-05-31 00:00:00-04:00,28.442903518676758,28.442903518676758,28.442903518676758,28.442903518676758,300,0.0,0.0
2023-06-01 00:00:00-04:00,27.950965886125605,27.950965886125605,27.879411481696785,27.933076858520508,600,0.0,0.0
2023-06-02 00:00:00-04:00,27.861525754182445,28.17457695038508,27.72736144323611,27.816804885864258,800,0.0,0.0
2023-06-05 00:00:00-04:00,28.156687920661096,28.156687920661096,27.816804885864258,27.816804885864258,1600,0.0,0.0
2023-06-06 00:00:00-04:00,27.816804885864258,27.816804885864258,27.816804885864258,27.816804885864258,0,0.0,0.0
2023-06-07 00:00:00-04:00,27.727360943195276,27.727360943195276,27.63791750218017,27.682640075683594,1400,0.0,0.0
2023-06-08 00:00:00-04:00,28.0404109954834,28.0404109954834,28.0404109954834,28.0404109954834,100,0.0,0.0
2023-06-09 00:00:00-04:00,28.0404109954834,28.0404109954834,28.0404109954834,28.0404109954834,0,0.0,0.0
2023-06-12 00:00:00-04:00,28.0404109954834,28.0404109954834,28.0404109954834,28.0404109954834,0,0.0,0.0
2023-06-13 00:00:00-04:00,27.682640075683594,27.682640075683594,27.682640075683594,27.682640075683594,1600,0.0,0.0
2023-06-14 00:00:00-04:00,28.0404109954834,28.0404109954834,28.0404109954834,28.0404109954834,200,0.0,0.0
2023-06-15 00:00:00-04:00,28.0404109954834,28.0404109954834,28.0404109954834,28.0404109954834,0,0.0,0.0
2023-06-16 00:00:00-04:00,28.013579572946057,28.04041311798999,27.63791847229004,27.63791847229004,900,0.0,0.0
2023-06-20 00:00:00-04:00,27.548474557979812,27.816804885864258,27.548474557979812,27.816804885864258,1700,0.0,0.0
2023-06-21 00:00:00-04:00,27.816804885864258,27.816804885864258,27.816804885864258,27.816804885864258,0,0.0,0.0
2023-06-22 00:00:00-04:00,27.816804885864258,27.816804885864258,27.816804885864258,27.816804885864258,0,0.0,0.0
2023-06-23 00:00:00-04:00,27.593197625133907,27.950969696044922,26.96709522154578,27.950969696044922,2100,0.0,0.0
2023-06-26 00:00:00-04:00,27.950969696044922,27.950969696044922,27.950969696044922,27.950969696044922,0,0.0,0.0
2023-06-27 00:00:00-04:00,27.190699272824673,27.933076858520508,27.190699272824673,27.933076858520508,200,0.0,0.0
2023-06-28 00:00:00-04:00,27.119145021804126,27.86152261169946,27.101255994097833,27.548471450805664,1100,0.0,0.0
2023-06-29 00:00:00-04:00,27.056535720825195,27.86152321925473,27.056535720825195,27.056535720825195,900,0.0,0.0
2023-06-30 00:00:00-04:00,27.503751473348647,27.503751473348647,27.28014373779297,27.28014373779297,1300,0.0,0.0
2023-07-03 00:00:00-04:00,27.28014373779297,27.28014373779297,27.28014373779297,27.28014373779297,0,0.0,0.0
2023-07-05 00:00:00-04:00,27.28014373779297,27.28014373779297,27.28014373779297,27.28014373779297,0,0.0,0.0
2023-07-06 00:00:00-04:00,27.548471450805664,27.548471450805664,27.548471450805664,27.548471450805664,100,0.0,0.0
2023-07-07 00:00:00-04:00,27.548471450805664,27.548471450805664,27.548471450805664,27.548471450805664,0,0.0,0.0
2023-07-10 00:00:00-04:00,27.77208137512207,27.77208137512207,27.77208137512207,27.77208137512207,500,0.0,0.0
2023-07-11 00:00:00-04:00,27.77208137512207,27.77208137512207,27.77208137512207,27.77208137512207,0,0.0,0.0
2023-07-12 00:00:00-04:00,27.682640574917922,27.816804885864258,27.682640574917922,27.816804885864258,300,0.0,0.0
2023-07-13 00:00:00-04:00,27.897302627563477,27.897302627563477,27.897302627563477,27.897302627563477,300,0.0,0.0
2023-07-14 00:00:00-04:00,27.897302627563477,27.897302627563477,27.897302627563477,27.897302627563477,0,0.0,0.0
2023-07-17 00:00:00-04:00,27.727361208906878,27.906248092651367,27.727361208906878,27.906248092651367,700,0.0,0.0
2023-07-18 00:00:00-04:00,27.906248092651367,27.906248092651367,27.906248092651367,27.906248092651367,100,0.0,0.0
2023-07-19 00:00:00-04:00,27.503753457222142,27.906248092651367,27.503753457222142,27.906248092651367,1900,0.0,0.0
2023-07-20 00:00:00-04:00,27.906248092651367,27.906248092651367,27.906248092651367,27.906248092651367,0,0.0,0.0
2023-07-21 00:00:00-04:00,27.906248092651367,27.906248092651367,27.906248092651367,27.906248092651367,0,0.0,0.0
2023-07-24 00:00:00-04:00,27.727362174771798,27.861526489257812,27.14598234133785,27.861526489257812,1600,0.0,0.0
2023-07-25 00:00:00-04:00,27.861523892317415,28.129854202270508,27.145979811092488,28.129854202270508,2500,0.0,0.0
2023-07-26 00:00:00-04:00,28.129854202270508,28.129854202270508,28.129854202270508,28.129854202270508,0,0.0,0.0
2023-07-27 00:00:00-04:00,28.129854202270508,28.129854202270508,28.129854202270508,28.129854202270508,0,0.0,0.0
2023-07-28 00:00:00-04:00,27.727359862526495,29.069006307487456,26.83292889921919,28.35346221923828,5400,0.0,0.0
2023-07-31 00:00:00-04:00,28.35346221923828,28.35346221923828,28.35346221923828,28.35346221923828,0,0.0,0.0
2023-08-01 00:00:00-04:00,27.05654188146609,28.407133102416992,27.05654188146609,28.407133102416992,500,0.0,0.0
2023-08-02 00:00:00-04:00,28.407133102416992,28.407133102416992,28.407133102416992,28.407133102416992,0,0.0,0.0
2023-08-03 00:00:00-04:00,28.407133102416992,28.407133102416992,28.407133102416992,28.407133102416992,0,0.0,0.0
2023-08-04 00:00:00-04:00,28.678020477294922,28.678020477294922,28.678020477294922,28.678020477294922,0,0.3,0.0
2023-08-07 00:00:00-04:00,28.678020477294922,28.678020477294922,28.678020477294922,28.678020477294922,0,0.0,0.0
2023-08-08 00:00:00-04:00,27.142982198921512,28.66898536682129,27.142982198921512,28.66898536682129,400,0.0,0.0
2023-08-09 00:00:00-04:00,27.1520121789392,28.352949142456055,27.088805242268815,28.352949142456055,8000,0.0,0.0
2023-08-10 00:00:00-04:00,27.630581691566164,28.352949142456055,27.630581691566164,28.352949142456055,5600,0.0,0.0
2023-08-11 00:00:00-04:00,27.368722673864575,28.425186157226562,27.368722673864575,28.425186157226562,300,0.0,0.0
2023-08-14 00:00:00-04:00,27.766027450561523,28.443247632282535,27.766027450561523,27.766027450561523,10000,0.0,0.0
2023-08-15 00:00:00-04:00,28.66898536682129,28.66898536682129,28.66898536682129,28.66898536682129,100,0.0,0.0
2023-08-16 00:00:00-04:00,28.61481052294897,28.62384033203125,27.37775423483646,28.62384033203125,2800,0.0,0.0
2023-08-17 00:00:00-04:00,28.60577964782715,28.60577964782715,28.60577964782715,28.60577964782715,300,0.0,0.0
2023-08-18 00:00:00-04:00,28.62383737620073,28.876665115356445,28.62383737620073,28.876665115356445,6900,0.0,0.0
2023-08-21 00:00:00-04:00,28.488394909626777,28.89472770690918,28.488394909626777,28.89472770690918,500,0.0,0.0
2023-08-22 00:00:00-04:00,28.89472770690918,28.89472770690918,28.89472770690918,28.89472770690918,0,0.0,0.0
2023-08-23 00:00:00-04:00,28.407130639601192,28.885700225830078,28.407130639601192,28.885700225830078,300,0.0,0.0
2023-08-24 00:00:00-04:00,28.885700225830078,28.885700225830078,28.885700225830078,28.885700225830078,0,0.0,0.0
2023-08-25 00:00:00-04:00,28.885700225830078,28.885700225830078,28.885700225830078,28.885700225830078,0,0.0,0.0
2023-08-28 00:00:00-04:00,28.885700225830078,28.885700225830078,28.885700225830078,28.885700225830078,0,0.0,0.0
2023-08-29 00:00:00-04:00,28.885700225830078,28.885700225830078,28.885700225830078,28.885700225830078,0,0.0,0.0
2023-08-30 00:00:00-04:00,28.885700225830078,28.885700225830078,28.885700225830078,28.885700225830078,0,0.0,0.0
2023-08-31 00:00:00-04:00,28.804431338373092,28.89472770690918,28.804431338373092,28.89472770690918,500,0.0,0.0
2023-09-01 00:00:00-04:00,28.89472770690918,28.89472770690918,28.89472770690918,28.89472770690918,0,0.0,0.0
2023-09-05 00:00:00-04:00,28.89472770690918,28.89472770690918,28.89472770690918,28.89472770690918,0,0.0,0.0
2023-09-06 00:00:00-04:00,28.89472770690918,28.89472770690918,28.89472770690918,28.89472770690918,0,0.0,0.0
2023-09-07 00:00:00-04:00,27.88340999502508,28.08206233968139,27.88340999502508,27.99176597595215,5300,0.0,0.0
2023-09-08 00:00:00-04:00,28.66898764669895,28.89472770690918,28.66898764669895,28.89472770690918,200,0.0,0.0
2023-09-11 00:00:00-04:00,27.78408628436884,29.03017234802246,27.78408628436884,29.03017234802246,300,0.0,0.0
2023-09-12 00:00:00-04:00,29.03017234802246,29.03017234802246,29.03017234802246,29.03017234802246,0,0.0,0.0
2023-09-13 00:00:00-04:00,29.03017234802246,29.03017234802246,29.03017234802246,29.03017234802246,0,0.0,0.0
2023-09-14 00:00:00-04:00,28.623839561557162,29.03017234802246,28.623839561557162,29.03017234802246,300,0.0,0.0
2023-09-15 00:00:00-04:00,29.03017234802246,29.03017234802246,29.03017234802246,29.03017234802246,0,0.0,0.0
2023-09-18 00:00:00-04:00,29.03017234802246,29.03017234802246,29.03017234802246,29.03017234802246,0,0.0,0.0
2023-09-19 00:00:00-04:00,29.03017234802246,29.03017234802246,29.03017234802246,29.03017234802246,100,0.0,0.0
2023-09-20 00:00:00-04:00,29.03017234802246,29.03017234802246,29.03017234802246,29.03017234802246,0,0.0,0.0
2023-09-21 00:00:00-04:00,27.95564508737089,29.210759129934363,27.766024284793584,28.804428100585938,3400,0.0,0.0
2023-09-22 00:00:00-04:00,28.804428100585938,28.804428100585938,28.804428100585938,28.804428100585938,0,0.0,0.0
2023-09-25 00:00:00-04:00,28.804428100585938,28.804428100585938,28.804428100585938,28.804428100585938,0,0.0,0.0
2023-09-26 00:00:00-04:00,28.804428100585938,28.804428100585938,28.804428100585938,28.804428100585938,0,0.0,0.0
2023-09-27 00:00:00-04:00,27.82923121898602,28.804428100585938,27.82923121898602,28.804428100585938,700,0.0,0.0
2023-09-28 00:00:00-04:00,28.804428100585938,28.804428100585938,28.804428100585938,28.804428100585938,0,0.0,0.0
2023-09-29 00:00:00-04:00,28.804428100585938,28.804428100585938,28.804428100585938,28.804428100585938,0,0.0,0.0
2023-10-02 00:00:00-04:00,28.804428100585938,28.804428100585938,28.804428100585938,28.804428100585938,0,0.0,0.0
2023-10-03 00:00:00-04:00,27.802143605141556,28.71413183317884,27.359691619873047,27.359691619873047,2400,0.0,0.0
2023-10-04 00:00:00-04:00,28.804428100585938,28.804428100585938,28.804428100585938,28.804428100585938,100,0.0,0.0
2023-10-05 00:00:00-04:00,28.244593778658835,28.804428100585938,27.675727926407337,28.804428100585938,600,0.0,0.0
2023-10-06 00:00:00-04:00,28.804428100585938,28.804428100585938,28.804428100585938,28.804428100585938,0,0.0,0.0
2023-10-09 00:00:00-04:00,28.804428100585938,28.804428100585938,28.804428100585938,28.804428100585938,0,0.0,0.0
2023-10-10 00:00:00-04:00,28.804428100585938,28.804428100585938,28.804428100585938,28.804428100585938,0,0.0,0.0
2023-10-11 00:00:00-04:00,28.804428100585938,28.804428100585938,28.804428100585938,28.804428100585938,0,0.0,0.0
2023-10-12 00:00:00-04:00,28.804428100585938,28.804428100585938,28.804428100585938,28.804428100585938,0,0.0,0.0
2023-10-13 00:00:00-04:00,28.804428100585938,28.804428100585938,28.804428100585938,28.804428100585938,0,0.0,0.0
2023-10-16 00:00:00-04:00,28.804428100585938,28.804428100585938,28.804428100585938,28.804428100585938,0,0.0,0.0
2023-10-17 00:00:00-04:00,27.91049685754961,28.614806363242753,27.91049685754961,28.199443817138672,1700,0.0,0.0
2023-10-18 00:00:00-04:00,27.99176571551143,28.19041633605957,27.99176571551143,28.19041633605957,400,0.0,0.0
2023-10-19 00:00:00-04:00,27.79311709146895,28.118181610056777,27.79311709146895,28.073034286499023,600,0.0,0.0
2023-10-20 00:00:00-04:00,28.073034286499023,28.073034286499023,28.073034286499023,28.073034286499023,0,0.0,0.0
2023-10-23 00:00:00-04:00,27.7840872823054,28.073034286499023,27.7840872823054,28.073034286499023,300,0.0,0.0
2023-10-24 00:00:00-04:00,28.03691291809082,28.03691291809082,28.03691291809082,28.03691291809082,200,0.0,0.0
2023-10-25 00:00:00-04:00,27.91952896118164,27.91952896118164,27.91952896118164,27.91952896118164,200,0.0,0.0
2023-10-26 00:00:00-04:00,27.901469612222904,27.99176597595215,27.720878607024307,27.99176597595215,400,0.0,0.0
2023-10-27 00:00:00-04:00,27.99176597595215,27.99176597595215,27.99176597595215,27.99176597595215,0,0.0,0.0
2023-10-30 00:00:00-04:00,27.99176597595215,27.99176597595215,27.99176597595215,27.99176597595215,0,0.0,0.0
2023-10-31 00:00:00-04:00,27.76602445209887,27.98273468017578,27.675728093168537,27.98273468017578,400,0.0,0.0
2023-11-01 00:00:00-04:00,27.738935155507246,27.738935155507246,27.63058090209961,27.63058090209961,700,0.0,0.0
2023-11-02 00:00:00-04:00,27.766027450561523,27.766027450561523,27.766027450561523,27.766027450561523,100,0.0,0.0
2023-11-03 00:00:00-04:00,27.902805312701517,27.902805312701517,27.829856872558594,27.829856872558594,900,0.3,0.0
2023-11-06 00:00:00-05:00,27.829856872558594,27.829856872558594,27.829856872558594,27.829856872558594,0,0.0,0.0
2023-11-07 00:00:00-05:00,27.829856872558594,27.829856872558594,27.829856872558594,27.829856872558594,0,0.0,0.0
2023-11-08 00:00:00-05:00,27.62924575805664,27.766025597229795,27.62924575805664,27.62924575805664,500,0.0,0.0
2023-11-09 00:00:00-05:00,27.54717795525299,27.784260801677032,27.538060922784407,27.67483901977539,500,0.0,0.0
2023-11-10 00:00:00-05:00,27.67483901977539,27.67483901977539,27.67483901977539,27.67483901977539,0,0.0,0.0
2023-11-13 00:00:00-05:00,27.583656584080693,27.66572380065918,27.583656584080693,27.66572380065918,400,0.0,0.0
2023-11-14 00:00:00-05:00,27.538062737824042,27.6748408438301,26.899762590825137,27.31009864807129,4500,0.0,0.0
2023-11-15 00:00:00-05:00,27.31009864807129,27.31009864807129,27.21891266432459,27.31009864807129,2600,0.0,0.0
2023-11-16 00:00:00-05:00,27.291862748759257,27.300981521606445,27.127728315965992,27.300981521606445,2400,0.0,0.0
2023-11-17 00:00:00-05:00,27.127724784897058,28.176359176635742,27.127724784897058,28.176359176635742,12600,0.0,0.0
2023-11-20 00:00:00-05:00,27.5471818084096,28.15812568370432,27.5471818084096,28.03958511352539,1800,0.0,0.0
2023-11-21 00:00:00-05:00,27.720431737762777,28.139886548719833,27.62924575805664,27.62924575805664,800,0.0,0.0
2023-11-22 00:00:00-05:00,27.62924575805664,27.62924575805664,27.62924575805664,27.62924575805664,0,0.0,0.0
2023-11-24 00:00:00-05:00,27.62924575805664,27.62924575805664,27.62924575805664,27.62924575805664,0,0.0,0.0
2023-11-27 00:00:00-05:00,27.9848690032959,27.9848690032959,27.9848690032959,27.9848690032959,100,0.0,0.0
2023-11-28 00:00:00-05:00,27.674838845307725,27.9575138092041,27.674838845307725,27.9575138092041,200,0.0,0.0
2023-11-29 00:00:00-05:00,27.674841557623154,27.811619667157007,27.583655571524574,27.775144577026367,6900,0.0,0.0
2023-11-30 00:00:00-05:00,27.67483854068496,27.811616635308123,27.67483854068496,27.80249786376953,500,0.0,0.0
2023-12-01 00:00:00-05:00,27.747792424580663,27.793384552001953,27.747792424580663,27.793384552001953,500,0.0,0.0
2023-12-04 00:00:00-05:00,27.793384552001953,27.793384552001953,27.793384552001953,27.793384552001953,0,0.0,0.0
2023-12-05 00:00:00-05:00,27.720433941739,27.79338238345826,27.674841817874977,27.784263610839844,900,0.0,0.0
2023-12-06 00:00:00-05:00,27.67483901977539,27.67483901977539,27.67483901977539,27.67483901977539,500,0.0,0.0
2023-12-07 00:00:00-05:00,27.53806443475684,27.58365655982565,27.31010033095663,27.519826889038086,4300,0.0,0.0
2023-12-08 00:00:00-05:00,27.43775803159069,27.62924703250121,27.26450483608024,27.52894401550293,3700,0.0,0.0
2023-12-11 00:00:00-05:00,27.355688641878444,27.57453394230613,27.264502665226612,27.446874618530273,2200,0.0,0.0
2023-12-12 00:00:00-05:00,27.355688380437257,27.437755584716797,27.264502404656902,27.437755584716797,1500,0.0,0.0
2023-12-13 00:00:00-05:00,27.437755584716797,27.437755584716797,27.437755584716797,27.437755584716797,0,0.0,0.0
2023-12-14 00:00:00-05:00,27.34657199803318,27.43775798177988,27.31009864807129,27.31009864807129,9700,0.0,0.0
2023-12-15 00:00:00-05:00,27.31009864807129,27.31009864807129,27.31009864807129,27.31009864807129,200,0.0,0.0
2023-12-18 00:00:00-05:00,27.31009864807129,27.31009864807129,27.31009864807129,27.31009864807129,0,0.0,0.0
2023-12-19 00:00:00-05:00,27.264503479003906,27.264503479003906,27.264503479003906,27.264503479003906,3100,0.0,0.0
2023-12-20 00:00:00-05:00,27.264503479003906,27.264503479003906,27.264503479003906,27.264503479003906,0,0.0,0.0
2023-12-21 00:00:00-05:00,27.264504245989155,27.264504245989155,27.21891212463379,27.21891212463379,4700,0.0,0.0
2023-12-22 00:00:00-05:00,27.21891212463379,27.21891212463379,27.21891212463379,27.21891212463379,0,0.0,0.0
2023-12-26 00:00:00-05:00,27.21891212463379,27.21891212463379,27.21891212463379,27.21891212463379,0,0.0,0.0
2023-12-27 00:00:00-05:00,27.21891212463379,27.21891212463379,27.21891212463379,27.21891212463379,0,0.0,0.0
2023-12-28 00:00:00-05:00,27.127723693847656,27.127723693847656,27.000064374194206,27.127723693847656,3100,0.0,0.0
2023-12-29 00:00:00-05:00,27.218913798086696,27.35569190979004,27.218913798086696,27.35569190979004,3100,0.0,0.0
2024-01-02 00:00:00-05:00,27.35569190979004,27.35569190979004,27.35569190979004,27.35569190979004,0,0.0,0.0
2024-01-03 00:00:00-05:00,27.00918672819211,27.35569138716926,26.808577211580268,27.337453842163086,2200,0.0,0.0
2024-01-04 00:00:00-05:00,26.808577211580268,27.337453842163086,26.808577211580268,27.337453842163086,1800,0.0,0.0
2024-01-05 00:00:00-05:00,26.817695379375905,27.31009864807129,26.817695379375905,27.31009864807129,2100,0.0,0.0
2024-01-08 00:00:00-05:00,26.808578223226657,27.300981521606445,26.808578223226657,27.300981521606445,700,0.0,0.0
2024-01-09 00:00:00-05:00,27.300981521606445,27.300981521606445,27.300981521606445,27.300981521606445,0,0.0,0.0
2024-01-10 00:00:00-05:00,26.817695379375905,27.31009864807129,26.80857660707844,27.31009864807129,2200,0.0,0.0
2024-01-11 00:00:00-05:00,26.854170560371298,27.3556908638507,26.82681424338537,27.319215774536133,1300,0.0,0.0
2024-01-12 00:00:00-05:00,27.319215774536133,27.319215774536133,27.319215774536133,27.319215774536133,0,0.0,0.0
2024-01-16 00:00:00-05:00,27.319215774536133,27.319215774536133,27.319215774536133,27.319215774536133,0,0.0,0.0
2024-01-17 00:00:00-05:00,26.790338054016495,27.34657096862793,26.790338054016495,27.34657096862793,900,0.0,0.0
2024-01-18 00:00:00-05:00,27.34657096862793,27.34657096862793,27.34657096862793,27.34657096862793,0,0.0,0.0
2024-01-19 00:00:00-05:00,26.808575597924914,27.34657096862793,26.808575597924914,27.34657096862793,600,0.0,0.0
2024-01-22 00:00:00-05:00,26.835931913787547,27.34657096862793,26.835931913787547,27.34657096862793,300,0.0,0.0
2024-01-23 00:00:00-05:00,27.35569190979004,27.35569190979004,27.35569190979004,27.35569190979004,100,0.0,0.0
2024-01-24 00:00:00-05:00,26.790340178394032,27.35569190979004,26.790340178394032,27.35569190979004,3600,0.0,0.0
2024-01-25 00:00:00-05:00,27.35569190979004,27.35569190979004,27.35569190979004,27.35569190979004,0,0.0,0.0
2024-01-26 00:00:00-05:00,26.981827903101635,27.255384095858922,26.954471588134766,26.954471588134766,900,0.0,0.0
2024-01-29 00:00:00-05:00,27.100368521373756,27.173316955566406,27.100368521373756,27.173316955566406,400,0.0,0.0
2024-01-30 00:00:00-05:00,27.173316955566406,27.173316955566406,27.173316955566406,27.173316955566406,0,0.0,0.0
2024-01-31 00:00:00-05:00,27.337453842163086,27.337453842163086,27.17331941556359,27.337453842163086,700,0.0,0.0
2024-02-01 00:00:00-05:00,27.337453842163086,27.337453842163086,27.337453842163086,27.337453842163086,0,0.0,0.0
2024-02-02 00:00:00-05:00,27.051918997404773,27.586141350358805,26.987442401641832,27.447978973388672,900,0.3,0.0
2024-02-05 00:00:00-05:00,27.447978973388672,27.447978973388672,27.447978973388672,27.447978973388672,0,0.0,0.0
2024-02-06 00:00:00-05:00,27.447978973388672,27.447978973388672,27.447978973388672,27.447978973388672,0,0.0,0.0
2024-02-07 00:00:00-05:00,27.447978973388672,27.447978973388672,27.447978973388672,27.447978973388672,0,0.0,0.0
2024-02-08 00:00:00-05:00,27.447978973388672,27.447978973388672,27.447978973388672,27.447978973388672,0,0.0,0.0
2024-02-09 00:00:00-05:00,27.447978973388672,27.447978973388672,27.447978973388672,27.447978973388672,0,0.0,0.0
2024-02-12 00:00:00-05:00,27.447978973388672,27.447978973388672,27.447978973388672,27.447978973388672,0,0.0,0.0
2024-02-13 00:00:00-05:00,27.07955337115157,27.254557781672638,26.112427155213513,26.711124420166016,2800,0.0,0.0
2024-02-14 00:00:00-05:00,26.941391629900902,26.941391629900902,26.14005715714434,26.784809112548828,6000,0.0,0.0
2024-02-15 00:00:00-05:00,26.45322334360885,26.849285125732422,26.45322334360885,26.849285125732422,300,0.0,0.0
2024-02-16 00:00:00-05:00,26.88612947063545,27.67825129490666,26.88612947063545,27.632198333740234,8500,0.0,0.0
2024-02-20 00:00:00-05:00,26.941391863348613,27.62298583984375,26.941391863348613,27.62298583984375,400,0.0,0.0
2024-02-21 00:00:00-05:00,27.4019300142924,27.632198333740234,27.4019300142924,27.632198333740234,700,0.0,0.0
2024-02-22 00:00:00-05:00,27.632198333740234,27.632198333740234,27.632198333740234,27.632198333740234,0,0.0,0.0
2024-02-23 00:00:00-05:00,26.94139337539673,27.632198333740234,26.94139337539673,27.632198333740234,1600,0.0,0.0
2024-02-26 00:00:00-05:00,27.632198333740234,27.632198333740234,27.632198333740234,27.632198333740234,100,0.0,0.0
2024-02-27 00:00:00-05:00,27.632198333740234,27.632198333740234,27.632198333740234,27.632198333740234,0,0.0,0.0
2024-02-28 00:00:00-05:00,27.632198333740234,27.632198333740234,27.632198333740234,27.632198333740234,0,0.0,0.0
2024-02-29 00:00:00-05:00,27.632198333740234,27.632198333740234,27.632198333740234,27.632198333740234,0,0.0,0.0
2024-03-01 00:00:00-05:00,27.632198333740234,27.632198333740234,27.632198333740234,27.632198333740234,0,0.0,0.0
2024-03-04 00:00:00-05:00,27.26376937398527,27.632198333740234,27.26376937398527,27.632198333740234,600,0.0,0.0
2024-03-05 00:00:00-05:00,27.632198333740234,27.632198333740234,27.632198333740234,27.632198333740234,0,0.0,0.0
2024-03-06 00:00:00-05:00,26.867707583445736,27.632198333740234,26.867707583445736,27.632198333740234,400,0.0,0.0
2024-03-07 00:00:00-05:00,27.632198333740234,27.632198333740234,27.632198333740234,27.632198333740234,0,0.0,0.0
2024-03-08 00:00:00-05:00,27.632198333740234,27.632198333740234,27.632198333740234,27.632198333740234,0,0.0,0.0
2024-03-11 00:00:00-04:00,27.632198333740234,27.632198333740234,27.632198333740234,27.632198333740234,0,0.0,0.0
2024-03-12 00:00:00-04:00,27.632198333740234,27.632198333740234,27.632198333740234,27.632198333740234,0,0.0,0.0
2024-03-13 00:00:00-04:00,26.738757886733463,27.632198333740234,26.738757886733463,27.632198333740234,1000,0.0,0.0
2024-03-14 00:00:00-04:00,27.632198333740234,27.632198333740234,27.632198333740234,27.632198333740234,0,0.0,0.0
2024-03-15 00:00:00-04:00,27.632198333740234,27.632198333740234,27.632198333740234,27.632198333740234,0,0.0,0.0
2024-03-18 00:00:00-04:00,26.738757886733463,27.632198333740234,26.738757886733463,27.632198333740234,300,0.0,0.0
2024-03-19 00:00:00-04:00,27.632198333740234,27.632198333740234,27.632198333740234,27.632198333740234,0,0.0,0.0
2024-03-20 00:00:00-04:00,27.632198333740234,27.632198333740234,27.632198333740234,27.632198333740234,0,0.0,0.0
2024-03-21 00:00:00-04:00,27.632198333740234,27.632198333740234,27.632198333740234,27.632198333740234,0,0.0,0.0
2024-03-22 00:00:00-04:00,27.632198333740234,27.632198333740234,27.632198333740234,27.632198333740234,0,0.0,0.0
2024-03-25 00:00:00-04:00,26.75717411576841,27.45718991564052,26.738753988072315,27.447978973388672,5700,0.0,0.0
2024-03-26 00:00:00-04:00,27.401928048292916,27.622985408285746,27.401928048292916,27.494035720825195,1500,0.0,0.0
2024-03-27 00:00:00-04:00,27.447978973388672,27.447978973388672,27.447978973388672,27.447978973388672,200,0.0,0.0
2024-03-28 00:00:00-04:00,27.420349934160917,27.494035720825195,27.420349934160917,27.494035720825195,200,0.0,0.0
2024-04-01 00:00:00-04:00,27.0058652810826,27.466401869796307,26.619014476290776,27.236133575439453,7300,0.0,0.0
2024-04-02 00:00:00-04:00,26.8953374836036,27.236133575439453,26.81244075709052,27.236133575439453,900,0.0,0.0
2024-04-03 00:00:00-04:00,27.236133575439453,27.236133575439453,27.236133575439453,27.236133575439453,0,0.0,0.0
2024-04-04 00:00:00-04:00,26.904547473090226,27.447980804550664,26.895338287031596,27.3098201751709,1200,0.0,0.0
2024-04-05 00:00:00-04:00,27.3098201751709,27.3098201751709,27.3098201751709,27.3098201751709,0,0.0,0.0
2024-04-08 00:00:00-04:00,27.3098201751709,27.3098201751709,27.3098201751709,27.3098201751709,0,0.0,0.0
2024-04-09 00:00:00-04:00,27.3098201751709,27.3098201751709,27.3098201751709,27.3098201751709,0,0.0,0.0
2024-04-10 00:00:00-04:00,26.62822914123535,26.62822914123535,26.62822914123535,26.62822914123535,400,0.0,0.0
2024-04-11 00:00:00-04:00,26.628225682672674,27.162448060600507,26.619014739990234,26.619014739990234,1500,0.0,0.0
2024-04-12 00:00:00-04:00,26.57296378314741,26.711124420166016,26.57296378314741,26.711124420166016,700,0.0,0.0
2024-04-15 00:00:00-04:00,26.250584063736934,26.665067672729492,26.066368736005227,26.665067672729492,600,0.0,0.0
2024-04-16 00:00:00-04:00,26.665067672729492,26.665067672729492,26.665067672729492,26.665067672729492,0,0.0,0.0
2024-04-17 00:00:00-04:00,26.572961807250977,26.572961807250977,26.572961807250977,26.572961807250977,200,0.0,0.0
2024-04-18 00:00:00-04:00,26.167688725757564,26.167688725757564,25.651888240362435,26.158477783203125,4700,0.0,0.0
2024-04-19 00:00:00-04:00,25.882156430445733,26.14926673622726,25.55978046955824,26.066370010375977,2600,0.0,0.0
2024-04-22 00:00:00-04:00,26.066370010375977,26.066370010375977,26.066370010375977,26.066370010375977,0,0.0,0.0
2024-04-23 00:00:00-04:00,25.707150613768462,26.14926528930664,25.707150613768462,26.14926528930664,900,0.0,0.0
2024-04-24 00:00:00-04:00,26.14926528930664,26.14926528930664,26.14926528930664,26.14926528930664,0,0.0,0.0
2024-04-25 00:00:00-04:00,25.707150613768462,26.14926528930664,25.559779055255735,26.14926528930664,5300,0.0,0.0
2024-04-26 00:00:00-04:00,26.14926528930664,26.14926528930664,26.14926528930664,26.14926528930664,0,0.0,0.0
2024-04-29 00:00:00-04:00,26.14926528930664,26.14926528930664,26.14926528930664,26.14926528930664,0,0.0,0.0
2024-04-30 00:00:00-04:00,25.79005241394043,25.79005241394043,25.79005241394043,25.79005241394043,400,0.0,0.0
2024-05-01 00:00:00-04:00,25.790052322196992,26.14927034593478,25.69794464111328,25.69794464111328,3300,0.0,0.0
2024-05-02 00:00:00-04:00,25.743995666503906,25.743995666503906,25.697940954165688,25.743995666503906,1000,0.0,0.0
2024-05-03 00:00:00-04:00,26.982311248779297,26.982311248779297,26.982311248779297,26.982311248779297,300,0.3,0.0
2024-05-06 00:00:00-04:00,26.907827377319336,26.907827377319336,26.907827377319336,26.907827377319336,100,0.0,0.0
2024-05-07 00:00:00-04:00,25.157422756034236,26.907827377319336,25.157422756034236,26.907827377319336,300,0.0,0.0
2024-05-08 00:00:00-04:00,25.166736627729016,26.535404205322266,25.166736627729016,26.535404205322266,500,0.0,0.0
2024-05-09 00:00:00-04:00,26.535404205322266,26.535404205322266,26.535404205322266,26.535404205322266,0,0.0,0.0
2024-05-10 00:00:00-04:00,26.535404205322266,26.535404205322266,26.535404205322266,26.535404205322266,0,0.0,0.0
2024-05-13 00:00:00-04:00,26.535404205322266,26.535404205322266,26.535404205322266,26.535404205322266,0,0.0,0.0
2024-05-14 00:00:00-04:00,26.535404205322266,26.535404205322266,26.535404205322266,26.535404205322266,0,0.0,0.0
2024-05-15 00:00:00-04:00,26.88920639467041,26.88920639467041,25.231908750985003,26.507469177246094,2000,0.0,0.0
2024-05-16 00:00:00-04:00,26.507469177246094,26.507469177246094,26.507469177246094,26.507469177246094,0,0.0,0.0
2024-05-17 00:00:00-04:00,26.50746773848402,27.773718991475885,26.50746773848402,27.764408111572266,8300,0.0,0.0
2024-05-20 00:00:00-04:00,27.764408111572266,27.764408111572266,27.764408111572266,27.764408111572266,0,0.0,0.0
2024-05-21 00:00:00-04:00,27.764408111572266,27.764408111572266,27.764408111572266,27.764408111572266,0,0.0,0.0
2024-05-22 00:00:00-04:00,27.764408111572266,27.764408111572266,27.764408111572266,27.764408111572266,0,0.0,0.0
2024-05-23 00:00:00-04:00,27.764408111572266,27.764408111572266,27.764408111572266,27.764408111572266,0,0.0,0.0
2024-05-24 00:00:00-04:00,26.30263370821071,27.764408111572266,26.30263370821071,27.764408111572266,7900,0.0,0.0
2024-05-28 00:00:00-04:00,27.885449372563645,27.885449372563645,27.466468632232885,27.783031463623047,900,0.0,0.0
2024-05-29 00:00:00-04:00,27.028867906896544,27.783031463623047,27.028867906896544,27.783031463623047,2000,0.0,0.0
2024-05-30 00:00:00-04:00,27.783031463623047,27.783031463623047,27.783031463623047,27.783031463623047,100,0.0,0.0
2024-05-31 00:00:00-04:00,27.494402279886952,27.932003021240234,27.494402279886952,27.932003021240234,1300,0.0,0.0
2024-06-03 00:00:00-04:00,27.094044364874758,27.922693252563477,27.094044364874758,27.922693252563477,2200,0.0,0.0
2024-06-04 00:00:00-04:00,27.922693252563477,27.922693252563477,27.922693252563477,27.922693252563477,0,0.0,0.0
2024-06-05 00:00:00-04:00,27.922693252563477,27.922693252563477,27.922693252563477,27.922693252563477,0,0.0,0.0
2024-06-06 00:00:00-04:00,27.708547210174586,27.932003021240234,27.708547210174586,27.932003021240234,2000,0.0,0.0
2024-06-07 00:00:00-04:00,27.932003021240234,27.932003021240234,27.932003021240234,27.932003021240234,0,0.0,0.0
2024-06-10 00:00:00-04:00,27.932003021240234,27.932003021240234,27.932003021240234,27.932003021240234,0,0.0,0.0
2024-06-11 00:00:00-04:00,27.79234336130782,27.932003021240234,27.699236329396566,27.932003021240234,600,0.0,0.0
2024-06-12 00:00:00-04:00,27.168528794736016,28.93755531311035,27.159217913876226,28.93755531311035,5200,0.0,0.0
2024-06-13 00:00:00-04:00,28.239254764385933,28.909622192382812,28.239254764385933,28.909622192382812,600,0.0,0.0
2024-06-14 00:00:00-04:00,29.328599261460845,32.58733251273427,29.328599261460845,31.004518508911133,2500,0.0,0.0
2024-06-17 00:00:00-04:00,31.14418283006039,31.767995834350586,30.725202091196536,31.767995834350586,1700,0.0,0.0
2024-06-18 00:00:00-04:00,29.868618544414588,31.563159489952568,29.868618544414588,31.330392837524414,1400,0.0,0.0
2024-06-20 00:00:00-04:00,31.330392837524414,31.330392837524414,31.330392837524414,31.330392837524414,0,0.0,0.0
2024-06-21 00:00:00-04:00,31.283841493629154,31.283841493629154,29.88724136352539,29.88724136352539,3900,0.0,0.0
2024-06-24 00:00:00-04:00,30.632095336914062,30.632095336914062,30.632095336914062,30.632095336914062,700,0.0,0.0
2024-06-25 00:00:00-04:00,30.632095336914062,30.632095336914062,30.632095336914062,30.632095336914062,0,0.0,0.0
2024-06-26 00:00:00-04:00,30.222423722673273,30.632095336914062,30.222423722673273,30.632095336914062,500,0.0,0.0
2024-06-27 00:00:00-04:00,30.632095336914062,30.632095336914062,30.632095336914062,30.632095336914062,0,0.0,0.0
2024-06-28 00:00:00-04:00,30.371395546569545,30.715892791748047,30.371395546569545,30.715892791748047,2200,0.0,0.0
2024-07-01 00:00:00-04:00,30.39001973552964,30.715895246055656,29.468263818095632,30.427263259887695,10900,0.0,0.0
2024-07-02 00:00:00-04:00,30.427263259887695,30.427263259887695,30.427263259887695,30.427263259887695,0,0.0,0.0
2024-07-03 00:00:00-04:00,30.427263259887695,30.427263259887695,30.427263259887695,30.427263259887695,0,0.0,0.0
2024-07-05 00:00:00-04:00,29.794134926777833,30.352773535959855,29.794134926777833,30.166563034057617,400,0.0,0.0
2024-07-08 00:00:00-04:00,29.579990008200134,30.166563034057617,29.579990008200134,30.166563034057617,500,0.0,0.0
2024-07-09 00:00:00-04:00,29.63585351394457,30.166563034057617,29.626542633675694,30.166563034057617,1200,0.0,0.0
2024-07-10 00:00:00-04:00,30.166563034057617,30.166563034057617,30.166563034057617,30.166563034057617,0,0.0,0.0
2024-07-11 00:00:00-04:00,29.635853157866954,30.026901245117188,29.626542277709948,30.026901245117188,3100,0.0,0.0
2024-07-12 00:00:00-04:00,30.02690312221117,30.02690312221117,29.468262708949734,29.980350494384766,5400,0.0,0.0
2024-07-15 00:00:00-04:00,29.47757174693546,30.026901245117188,29.47757174693546,30.026901245117188,1100,0.0,0.0
2024-07-16 00:00:00-04:00,30.026901245117188,30.026901245117188,30.026901245117188,30.026901245117188,0,0.0,0.0
2024-07-17 00:00:00-04:00,30.026901245117188,30.026901245117188,30.026901245117188,30.026901245117188,0,0.0,0.0
2024-07-18 00:00:00-04:00,29.794135876526425,30.818307876586914,29.794135876526425,30.818307876586914,1700,0.0,0.0
2024-07-19 00:00:00-04:00,30.818307876586914,30.818307876586914,30.818307876586914,30.818307876586914,0,0.0,0.0
2024-07-22 00:00:00-04:00,30.725204467773438,30.725204467773438,30.725204467773438,30.725204467773438,200,0.0,0.0
2024-07-23 00:00:00-04:00,30.725204159334563,31.6469618468793,30.278292525043707,31.609718322753906,7200,0.0,0.0
2024-07-24 00:00:00-04:00,31.609718322753906,31.609718322753906,31.609718322753906,31.609718322753906,0,0.0,0.0
2024-07-25 00:00:00-04:00,30.902102767835196,31.609715455070095,30.902102767835196,31.553850173950195,3000,0.0,0.0
2024-07-26 00:00:00-04:00,31.609715455070095,31.609715455070095,30.920724528208495,31.553850173950195,7500,0.0,0.0
2024-07-29 00:00:00-04:00,31.553850173950195,31.553850173950195,31.553850173950195,31.553850173950195,0,0.0,0.0
2024-07-30 00:00:00-04:00,31.553850173950195,31.553850173950195,31.553850173950195,31.553850173950195,0,0.0,0.0
2024-07-31 00:00:00-04:00,31.553850173950195,31.553850173950195,31.553850173950195,31.553850173950195,0,0.0,0.0
2024-08-01 00:00:00-04:00,31.553850173950195,31.553850173950195,31.553850173950195,31.553850173950195,0,0.0,0.0
2024-08-02 00:00:00-04:00,31.488677978515625,31.488677978515625,31.488677978515625,31.488677978515625,100,0.0,0.0
2024-08-05 00:00:00-04:00,31.46988865823457,31.88322321919898,30.53048899679473,31.00018882751465,21600,0.3,0.0
2024-08-06 00:00:00-04:00,29.872909129364555,31.000189462902448,29.872909129364555,30.99079704284668,2200,0.0,0.0
2024-08-07 00:00:00-04:00,29.89169755300148,30.99079704284668,29.89169755300148,30.99079704284668,600,0.0,0.0
2024-08-08 00:00:00-04:00,29.910486084476574,31.00018957466939,29.910486084476574,30.887462615966797,5000,0.0,0.0
2024-08-09 00:00:00-04:00,30.539881524638382,31.00018893712256,30.539881524638382,30.896854400634766,1100,0.0,0.0
2024-08-12 00:00:00-04:00,30.896854400634766,30.896854400634766,30.896854400634766,30.896854400634766,0,0.0,0.0
2024-08-13 00:00:00-04:00,30.887462615966797,30.887462615966797,30.887462615966797,30.887462615966797,100,0.0,0.0
2024-08-14 00:00:00-04:00,30.887462615966797,30.887462615966797,30.887462615966797,30.887462615966797,0,0.0,0.0
2024-08-15 00:00:00-04:00,31.873830795288086,31.873830795288086,31.873830795288086,31.873830795288086,300,0.0,0.0
2024-08-16 00:00:00-04:00,30.662004376032257,31.00018882751465,30.539881416657988,31.00018882751465,8200,0.0,0.0
2024-08-19 00:00:00-04:00,30.549276606319264,30.99079558216355,30.549276606319264,30.812307357788086,2200,0.0,0.0
2024-08-20 00:00:00-04:00,30.5586716047763,30.906252079721217,30.5586716047763,30.633825302124023,2000,0.0,0.0
2024-08-21 00:00:00-04:00,31.0001909676158,31.87383299974884,30.793521881103516,30.793521881103516,7200,0.0,0.0
2024-08-22 00:00:00-04:00,30.896856424359658,30.896856424359658,30.793521881103516,30.793521881103516,500,0.0,0.0
2024-08-23 00:00:00-04:00,30.802917885140747,31.0001909676158,30.793521881103516,30.793521881103516,1900,0.0,0.0
2024-08-26 00:00:00-04:00,30.77473409220424,30.784130096435547,30.77473409220424,30.784130096435547,300,0.0,0.0
2024-08-27 00:00:00-04:00,30.802917885140747,30.802917885140747,30.793521881103516,30.793521881103516,200,0.0,0.0
2024-08-28 00:00:00-04:00,30.77473133201795,31.695346153731272,30.3426083478017,31.00018882751465,1400,0.0,0.0
2024-08-29 00:00:00-04:00,31.00018882751465,31.00018882751465,31.00018882751465,31.00018882751465,0,0.0,0.0
2024-08-30 00:00:00-04:00,31.00018882751465,31.00018882751465,31.00018882751465,31.00018882751465,0,0.0,0.0
2024-09-03 00:00:00-04:00,31.00018882751465,31.00018882751465,31.00018882751465,31.00018882751465,0,0.0,0.0
2024-09-04 00:00:00-04:00,30.352004351190278,31.00018882751465,30.352004351190278,31.00018882751465,2200,0.0,0.0
2024-09-05 00:00:00-04:00,31.00018882751465,31.00018882751465,31.00018882751465,31.00018882751465,0,0.0,0.0
2024-09-06 00:00:00-04:00,31.00018882751465,31.00018882751465,31.00018882751465,31.00018882751465,0,0.0,0.0
2024-09-09 00:00:00-04:00,31.00018882751465,31.00018882751465,31.00018882751465,31.00018882751465,100,0.0,0.0
2024-09-10 00:00:00-04:00,31.00018882751465,31.00018882751465,31.00018882751465,31.00018882751465,0,0.0,0.0
2024-09-11 00:00:00-04:00,31.00018882751465,31.00018882751465,31.00018882751465,31.00018882751465,0,0.0,0.0
2024-09-12 00:00:00-04:00,31.00018882751465,31.00018882751465,31.00018882751465,31.00018882751465,0,0.0,0.0
2024-09-13 00:00:00-04:00,30.671398254990706,31.375947952270508,30.34260624614509,31.375947952270508,2600,0.0,0.0
2024-09-16 00:00:00-04:00,31.375947952270508,31.375947952270508,31.375947952270508,31.375947952270508,0,0.0,0.0
2024-09-17 00:00:00-04:00,31.375947952270508,31.375947952270508,31.375947952270508,31.375947952270508,0,0.0,0.0
2024-09-18 00:00:00-04:00,31.375947952270508,31.375947952270508,31.375947952270508,31.375947952270508,0,0.0,0.0
2024-09-19 00:00:00-04:00,30.389577614168626,31.37595012550071,30.389577614168626,31.00018882751465,20200,0.0,0.0
2024-09-20 00:00:00-04:00,31.00018882751465,31.00018882751465,31.00018882751465,31.00018882751465,100,0.0,0.0
2024-09-23 00:00:00-04:00,31.00018882751465,31.00018882751465,31.00018882751465,31.00018882751465,0,0.0,0.0
2024-09-24 00:00:00-04:00,31.00018882751465,31.00018882751465,31.00018882751465,31.00018882751465,0,0.0,0.0
2024-09-25 00:00:00-04:00,31.00018882751465,31.00018882751465,31.00018882751465,31.00018882751465,0,0.0,0.0
2024-09-26 00:00:00-04:00,30.361395668502407,30.718368530273438,30.361395668502407,30.718368530273438,3100,0.0,0.0
2024-09-27 00:00:00-04:00,30.389580116981737,30.7183721756794,30.06079164180969,30.521099090576172,5400,0.0,0.0
2024-09-30 00:00:00-04:00,30.117154115546946,30.521096252352343,30.117154115546946,30.43655014038086,2700,0.0,0.0
2024-10-01 00:00:00-04:00,30.44594296431707,30.521096657522854,29.85412196442283,30.427154541015625,6000,0.0,0.0
2024-10-02 00:00:00-04:00,30.070181665338804,30.427154541015625,30.070181665338804,30.427154541015625,1400,0.0,0.0
2024-10-03 00:00:00-04:00,30.070183436066145,30.427156332763843,30.060791015625,30.060791015625,2900,0.0,0.0
2024-10-04 00:00:00-04:00,30.060791015625,30.417763912322698,29.872910355072236,30.060791015625,800,0.0,0.0
2024-10-07 00:00:00-04:00,30.060791015625,30.060791015625,30.060791015625,30.060791015625,0,0.0,0.0
2024-10-08 00:00:00-04:00,30.060791015625,30.060791015625,30.060791015625,30.060791015625,0,0.0,0.0
2024-10-09 00:00:00-04:00,30.06078772008517,30.06078772008517,29.854120449544112,30.051393508911133,800,0.0,0.0
2024-10-10 00:00:00-04:00,30.051393508911133,30.051393508911133,30.051393508911133,30.051393508911133,0,0.0,0.0
2024-10-11 00:00:00-04:00,30.051393508911133,30.051393508911133,30.051393508911133,30.051393508911133,0,0.0,0.0
2024-10-14 00:00:00-04:00,30.051393508911133,30.051393508911133,30.051393508911133,30.051393508911133,0,0.0,0.0
2024-10-15 00:00:00-04:00,29.854122630095528,30.01382064819336,29.778970726976706,30.01382064819336,2400,0.0,0.0
2024-10-16 00:00:00-04:00,30.01382064819336,30.01382064819336,30.01382064819336,30.01382064819336,0,0.0,0.0
2024-10-17 00:00:00-04:00,29.788363147074193,30.32382068076613,29.778970726976706,30.01382064819336,2100,0.0,0.0
2024-10-18 00:00:00-04:00,30.060791015625,30.060791015625,30.060791015625,30.060791015625,100,0.0,0.0
2024-10-21 00:00:00-04:00,30.060791015625,30.060791015625,30.060791015625,30.060791015625,0,0.0,0.0
2024-10-22 00:00:00-04:00,30.060791015625,30.060791015625,29.78836423699977,30.060791015625,1000,0.0,0.0
2024-10-23 00:00:00-04:00,29.732000755539048,30.060791015625,29.732000755539048,30.060791015625,400,0.0,0.0
2024-10-24 00:00:00-04:00,30.389577865600586,30.389577865600586,30.389577865600586,30.389577865600586,200,0.0,0.0
2024-10-25 00:00:00-04:00,30.389577614168626,31.00018882751465,30.389577614168626,31.00018882751465,9200,0.0,0.0
2024-10-28 00:00:00-04:00,31.00018882751465,31.00018882751465,31.00018882751465,31.00018882751465,0,0.0,0.0
2024-10-29 00:00:00-04:00,31.00018882751465,31.00018882751465,31.00018882751465,31.00018882751465,0,0.0,0.0
2024-10-30 00:00:00-04:00,31.00018882751465,31.00018882751465,31.00018882751465,31.00018882751465,0,0.0,0.0
2024-10-31 00:00:00-04:00,30.530489612990014,30.75594711303711,29.835334064505762,30.75594711303711,600,0.0,0.0
2024-11-01 00:00:00-04:00,30.75594711303711,30.75594711303711,30.75594711303711,30.75594711303711,0,0.0,0.0
2024-11-04 00:00:00-05:00,30.530489612990014,30.75594711303711,30.24867042557518,30.75594711303711,1000,0.0,0.0
2024-11-05 00:00:00-05:00,30.75594711303711,30.75594711303711,30.75594711303711,30.75594711303711,0,0.0,0.0
2024-11-06 00:00:00-05:00,30.755942792379958,31.469884872436523,30.755942792379958,31.469884872436523,12100,0.0,0.0
2024-11-07 00:00:00-05:00,31.094131981716842,31.188074111938477,30.906254888325275,31.188074111938477,5700,0.0,0.0
2024-11-08 00:00:00-05:00,31.482032775878906,31.482032775878906,31.482032775878906,31.482032775878906,0,0.31,0.0
2024-11-11 00:00:00-05:00,31.766504432550043,32.21218490600586,31.766504432550043,32.21218490600586,900,0.0,0.0
2024-11-12 00:00:00-05:00,31.76650999789724,32.11736297607422,31.358760475704248,32.11736297607422,1500,0.0,0.0
2024-11-13 00:00:00-05:00,32.11736297607422,32.11736297607422,32.11736297607422,32.11736297607422,0,0.0,0.0
2024-11-14 00:00:00-05:00,32.07942686141351,32.07942686141351,31.813913345336914,31.813913345336914,1500,0.0,0.0
2024-11-15 00:00:00-05:00,31.766507662139524,32.84751659784405,31.766507662139524,32.80958557128906,6400,0.0,0.0
2024-11-18 00:00:00-05:00,32.71475891444619,32.856998443603516,32.71475891444619,32.856998443603516,2500,0.0,0.0
2024-11-19 00:00:00-05:00,32.856998443603516,32.856998443603516,32.856998443603516,32.856998443603516,0,0.0,0.0
2024-11-20 00:00:00-05:00,32.9044075012207,32.9044075012207,32.9044075012207,32.9044075012207,100,0.0,0.0
2024-11-21 00:00:00-05:00,32.714756018234475,32.9044075012207,32.714756018234475,32.9044075012207,700,0.0,0.0
2024-11-22 00:00:00-05:00,32.9044075012207,32.9044075012207,32.9044075012207,32.9044075012207,0,0.0,0.0
2024-11-25 00:00:00-05:00,32.9044075012207,32.9044075012207,32.9044075012207,32.9044075012207,0,0.0,0.0
2024-11-26 00:00:00-05:00,32.49666364546491,32.80958557128906,32.49666364546491,32.80958557128906,700,0.0,0.0
2024-11-27 00:00:00-05:00,32.48718071180235,33.66301727294922,32.43028778641429,33.66301727294922,3000,0.0,0.0
2024-11-29 00:00:00-05:00,33.66301727294922,33.66301727294922,33.66301727294922,33.66301727294922,0,0.0,0.0
2024-12-02 00:00:00-05:00,33.188888255473906,33.94749069213867,33.188888255473906,33.94749069213867,3700,0.0,0.0
2024-12-03 00:00:00-05:00,33.47335816870042,33.8526611328125,33.47335816870042,33.8526611328125,1200,0.0,0.0
2024-12-04 00:00:00-05:00,33.7578335831339,33.8526611328125,33.7578335831339,33.8526611328125,500,0.0,0.0
2024-12-05 00:00:00-05:00,33.80525039146567,33.843177795410156,33.80525039146567,33.843177795410156,800,0.0,0.0
2024-12-06 00:00:00-05:00,33.80524826049805,33.80524826049805,33.80524826049805,33.80524826049805,200,0.0,0.0
2024-12-09 00:00:00-05:00,33.80524826049805,33.80524826049805,33.80524826049805,33.80524826049805,100,0.0,0.0
2024-12-10 00:00:00-05:00,33.80524826049805,33.80524826049805,33.80524826049805,33.80524826049805,0,0.0,0.0
2024-12-11 00:00:00-05:00,33.19836776228203,33.79576873779297,33.19836776228203,33.79576873779297,600,0.0,0.0
2024-12-12 00:00:00-05:00,33.79576873779297,33.79576873779297,33.79576873779297,33.79576873779297,0,0.0,0.0
2024-12-13 00:00:00-05:00,33.18888452889451,33.757835388183594,33.16043807112046,33.757835388183594,4100,0.0,0.0
2024-12-16 00:00:00-05:00,33.757835388183594,33.757835388183594,33.757835388183594,33.757835388183594,0,0.0,0.0
2024-12-17 00:00:00-05:00,33.18888540046015,34.18455123901367,33.179404453386944,34.18455123901367,3700,0.0,0.0
2024-12-18 00:00:00-05:00,33.10354234604292,34.22248219827629,33.10354234604292,34.2130012512207,4500,0.0,0.0
2024-12-19 00:00:00-05:00,33.10354661417741,34.127662658691406,33.10354661417741,34.127662658691406,1500,0.0,0.0
2024-12-20 00:00:00-05:00,33.43543204765951,35.01901799495204,33.43543204765951,34.60178756713867,10100,0.0,0.0
2024-12-23 00:00:00-05:00,34.19403700189212,34.55437088012695,34.127659518148775,34.55437088012695,1400,0.0,0.0
2024-12-24 00:00:00-05:00,33.22681553947739,34.516441345214844,33.22681553947739,34.516441345214844,800,0.0,0.0
2024-12-26 00:00:00-05:00,34.37420182179035,34.516441345214844,34.37420182179035,34.516441345214844,3600,0.0,0.0
2024-12-27 00:00:00-05:00,34.137138360950416,34.516441345214844,34.137138360950416,34.516441345214844,700,0.0,0.0
2024-12-30 00:00:00-05:00,34.516441345214844,34.516441345214844,34.516441345214844,34.516441345214844,0,0.0,0.0
2024-12-31 00:00:00-05:00,34.516441345214844,34.516441345214844,34.516441345214844,34.516441345214844,500,0.0,0.0
2025-01-02 00:00:00-05:00,34.516441345214844,34.516441345214844,34.516441345214844,34.516441345214844,0,0.0,0.0
2025-01-03 00:00:00-05:00,34.137139261179954,34.374202728271484,34.137139261179954,34.374202728271484,1800,0.0,0.0
2025-01-06 00:00:00-05:00,34.374202728271484,34.374202728271484,34.374202728271484,34.374202728271484,300,0.0,0.0
2025-01-07 00:00:00-05:00,34.326786041259766,34.326786041259766,34.326786041259766,34.326786041259766,100,0.0,0.0
2025-01-08 00:00:00-05:00,34.326786041259766,34.326786041259766,34.326786041259766,34.326786041259766,0,0.0,0.0
2025-01-10 00:00:00-05:00,34.326786041259766,34.326786041259766,34.326786041259766,34.326786041259766,0,0.0,0.0
2025-01-13 00:00:00-05:00,34.326786041259766,34.326786041259766,34.326786041259766,34.326786041259766,0,0.0,0.0
2025-01-14 00:00:00-05:00,34.326786041259766,34.326786041259766,34.326786041259766,34.326786041259766,0,0.0,0.0
2025-01-15 00:00:00-05:00,33.3880132489672,34.326786041259766,33.3880132489672,34.326786041259766,1300,0.0,0.0
2025-01-16 00:00:00-05:00,34.326786041259766,34.326786041259766,34.326786041259766,34.326786041259766,0,0.0,0.0
2025-01-17 00:00:00-05:00,34.326786041259766,34.326786041259766,34.326786041259766,34.326786041259766,0,0.0,0.0
2025-01-21 00:00:00-05:00,33.67248864692524,34.326786041259766,33.67248864692524,34.326786041259766,400,0.0,0.0
2025-01-22 00:00:00-05:00,33.88111086129944,34.30782583281233,33.663012901926514,34.28886032104492,1900,0.0,0.0
2025-01-23 00:00:00-05:00,33.672495248467364,34.279380798339844,33.663014300840416,34.279380798339844,1200,0.0,0.0
2025-01-24 00:00:00-05:00,34.279380798339844,34.279380798339844,34.279380798339844,34.279380798339844,0,0.0,0.0
2025-01-27 00:00:00-05:00,33.11301910287828,34.26988983154297,33.11301910287828,34.26988983154297,700,0.0,0.0
2025-01-28 00:00:00-05:00,34.26988983154297,34.26988983154297,34.26988983154297,34.26988983154297,0,0.0,0.0
2025-01-29 00:00:00-05:00,34.26988983154297,34.26988983154297,34.26988983154297,34.26988983154297,0,0.0,0.0
2025-01-30 00:00:00-05:00,33.236297362771865,34.374202728271484,33.236297362771865,34.374202728271484,400,0.0,0.0
2025-01-31 00:00:00-05:00,34.374202728271484,34.374202728271484,34.374202728271484,34.374202728271484,0,0.0,0.0
2025-02-03 00:00:00-05:00,34.67069625854492,34.67069625854492,34.67069625854492,34.67069625854492,0,0.31,0.0
2025-02-04 00:00:00-05:00,34.56548865363899,34.56548865363899,33.484718322753906,33.484718322753906,300,0.0,0.0
2025-02-05 00:00:00-05:00,33.49428249064364,33.50384521484375,33.49428249064364,33.50384521484375,700,0.0,0.0
2025-02-06 00:00:00-05:00,33.49428939819336,33.5038521243656,33.49428939819336,33.49428939819336,700,0.0,0.0
2025-02-07 00:00:00-05:00,31.80140127102556,32.77696349219766,30.969305477394553,32.4230842590332,122000,0.0,0.0
2025-02-10 00:00:00-05:00,31.715319866294546,31.94486540417295,31.581419822741537,31.70575714111328,7500,0.0,0.0
2025-02-11 00:00:00-05:00,31.657929996453095,31.657929996453095,31.131892590180144,31.514467239379883,14000,0.0,0.0
2025-02-12 00:00:00-05:00,31.447518589832065,31.447518589832065,31.064943924004684,31.371002197265625,4300,0.0,0.0
2025-02-13 00:00:00-05:00,31.447515191035205,31.562286118978196,31.313615167018046,31.466644287109375,8200,0.0,0.0
2025-02-14 00:00:00-05:00,31.46664917869054,31.51447010205885,30.663245261194106,31.34231185913086,13300,0.0,0.0
2025-02-18 00:00:00-05:00,31.323179914780013,31.514467239379883,31.19884260651476,31.514467239379883,8200,0.0,0.0
2025-02-19 00:00:00-05:00,31.437951967584546,31.437951967584546,31.179714617471145,31.275360107421875,4500,0.0,0.0
2025-02-20 00:00:00-05:00,31.275361416066342,31.447519656678836,31.084074076663292,31.31361961364746,17100,0.0,0.0
2025-02-21 00:00:00-05:00,31.323179244995117,31.380566535698637,31.313616520795616,31.323179244995117,4200,0.0,0.0
2025-02-24 00:00:00-05:00,31.323183238771332,31.323183238771332,31.227541390573084,31.25623321533203,6000,0.0,0.0
2025-02-25 00:00:00-05:00,31.26579534149739,31.332745363653498,31.227540792052878,31.294490814208984,4900,0.0,0.0
2025-02-26 00:00:00-05:00,31.06494539569103,31.734449268355153,31.06494539569103,31.34231185913086,3400,0.0,0.0
2025-02-27 00:00:00-05:00,31.27536160475934,31.27536160475934,31.170153385027785,31.179716110229492,4000,0.0,0.0
2025-02-28 00:00:00-05:00,31.32318102814605,31.32318102814605,31.2275391866977,31.275360107421875,2600,0.0,0.0
2025-03-03 00:00:00-05:00,31.26579390885017,31.27536028214988,31.084072949682124,31.208410263061523,5500,0.0,0.0
2025-03-04 00:00:00-05:00,31.093636500115494,31.179715619586542,30.89278643751722,30.988431930541992,5400,0.0,0.0
2025-03-05 00:00:00-05:00,30.9214833343019,31.371004402470092,30.682375063477426,31.074512481689453,10000,0.0,0.0
2025-03-06 00:00:00-05:00,30.883224729476595,31.084074798689034,30.778016507935998,30.978866577148438,7000,0.0,0.0
2025-03-07 00:00:00-05:00,31.084075280158814,31.2084126028602,30.89278793334961,30.89278793334961,4800,0.0,0.0
2025-03-10 00:00:00-04:00,31.237102915401408,31.552727569629415,30.701499099970167,30.988431930541992,75700,0.0,0.0
2025-03-11 00:00:00-04:00,30.940605082793002,31.084071487520916,28.60690995226762,30.778013229370117,40200,0.0,0.0
2025-03-12 00:00:00-04:00,30.854526762573173,31.208409597062367,30.778014020320324,31.017122268676758,31200,0.0,0.0
2025-03-13 00:00:00-04:00,31.036251318165874,31.581417831691706,31.036251318165874,31.131893157958984,50400,0.0,0.0
2025-03-14 00:00:00-04:00,31.256231783019484,31.256231783019484,31.131894467257393,31.17015266418457,30700,0.0,0.0
2025-03-17 00:00:00-04:00,31.265795584011578,31.6961911929982,31.179716462214255,31.390132904052734,44100,0.0,0.0
2025-03-18 00:00:00-04:00,31.323179244995117,31.45707927480116,31.27535832699327,31.323179244995117,22200,0.0,0.0
2025-03-19 00:00:00-04:00,31.27535832699327,31.801395722017944,30.969300073578836,31.323179244995117,72500,0.0,0.0
2025-03-20 00:00:00-04:00,31.27536160475934,31.37100345078663,31.074511539000493,31.179716110229492,72200,0.0,0.0
2025-03-21 00:00:00-04:00,31.084071472196335,31.715317085383923,30.969300537571925,31.23710060119629,319300,0.0,0.0
2025-03-24 00:00:00-04:00,31.189279467174604,31.44751680467355,31.093633981895994,31.418821334838867,56600,0.0,0.0
2025-03-25 00:00:00-04:00,31.514467561888388,32.00224677853269,31.418822074358523,31.83965492248535,63500,0.0,0.0
2025-03-26 00:00:00-04:00,31.75357752857301,32.06919853326822,31.40926105181279,31.56229019165039,19700,0.0,0.0
2025-03-27 00:00:00-04:00,31.724879118752554,32.00224554918082,31.323179032065116,31.504899978637695,22500,0.0,0.0
2025-03-28 00:00:00-04:00,31.715315708306164,31.715315708306164,31.141457411598797,31.380565643310547,12200,0.0,0.0
2025-03-31 00:00:00-04:00,31.457084417557656,31.457084417557656,30.48152403137258,31.36144256591797,16900,0.0,0.0
2025-04-01 00:00:00-04:00,31.45708106557469,31.48577288830872,31.18928099071741,31.275360107421875,18100,0.0,0.0
2025-04-02 00:00:00-04:00,31.11276148249029,31.753573431217863,31.103198758704213,31.466644287109375,30900,0.0,0.0
2025-04-03 00:00:00-04:00,31.409262934968005,31.409262934968005,30.17546336877175,30.366750717163086,22000,0.0,0.0
2025-04-04 00:00:00-04:00,30.127639770507812,31.562289283389138,29.76419602991507,30.127639770507812,28800,0.0,0.0
2025-04-07 00:00:00-04:00,30.13720448041937,30.481520949109722,29.678117071666367,29.716373443603516,20900,0.0,0.0
2025-04-08 00:00:00-04:00,30.12763698652798,30.558032530321643,28.09043566915701,28.396493911743164,32300,0.0,0.0
2025-04-09 00:00:00-04:00,28.33910899623792,30.969301571315896,27.573963325697864,30.83540153503418,41400,0.0,0.0
2025-04-10 00:00:00-04:00,30.36674824274119,30.36674824274119,28.9129696213314,29.027742385864258,11200,0.0,0.0
2025-04-11 00:00:00-04:00,29.24772182149573,29.35293003797003,28.88427807479096,29.238157272338867,32200,0.0,0.0
2025-04-14 00:00:00-04:00,29.439009816094917,29.649424429509367,29.21902882905792,29.429445266723633,28300,0.0,0.0
2025-04-15 00:00:00-04:00,29.60160300679262,29.88853218607848,29.57290935916354,29.745067596435547,19900,0.0,0.0
2025-04-16 00:00:00-04:00,29.72593816781955,29.840710932809735,28.87471336437586,29.649423599243164,21100,0.0,0.0
2025-04-17 00:00:00-04:00,30.25197433504068,30.25197433504068,29.687680555518984,29.840709686279297,26100,0.0,0.0
2025-04-21 00:00:00-04:00,29.84071329801378,30.29023619599827,29.46770315041894,29.792890548706055,20400,0.0,0.0
2025-04-22 00:00:00-04:00,30.098945983070855,30.59629158303593,29.821581360485332,30.309362411499023,55100,0.0,0.0
2025-04-23 00:00:00-04:00,30.624983929939635,31.17971315156387,30.59629028430344,30.84496307373047,20300,0.0,0.0
2025-04-24 00:00:00-04:00,29.98417511747663,31.313618236951513,29.98417511747663,31.045814514160156,15800,0.0,0.0
2025-04-25 00:00:00-04:00,31.04581557785436,31.08407377506427,30.682373649867714,30.988431930541992,8800,0.0,0.0
2025-04-28 00:00:00-04:00,30.366747040637165,30.366747040637165,27.717427254704614,29.152076721191406,48300,0.0,0.0
2025-04-29 00:00:00-04:00,29.008613419588922,29.410315360903013,27.899151262483574,28.5017032623291,121400,0.0,0.0
2025-04-30 00:00:00-04:00,28.45388349637893,28.78863543177482,28.45388349637893,28.7216854095459,79600,0.0,0.0
2025-05-01 00:00:00-04:00,28.453883440943013,29.35293102516149,28.453883440943013,28.836456298828125,33400,0.0,0.0
2025-05-02 00:00:00-04:00,29.05643339096355,29.439008045804027,28.865147887794468,29.24772071838379,33800,0.0,0.0
2025-05-05 00:00:00-04:00,28.986837946961465,29.421641253339295,28.61000964338969,28.725955963134766,24400,0.31,0.0
2025-05-06 00:00:00-04:00,28.52304948428814,29.1897454418939,28.52304948428814,28.610010147094727,17700,0.0,0.0
2025-05-07 00:00:00-04:00,28.89987944668555,29.296032780815192,28.783933118270546,29.20907211303711,18700,0.0,0.0
2025-05-08 00:00:00-04:00,29.24772085252787,30.60043963076353,29.24772085252787,29.721172332763672,32000,0.0,0.0
2025-05-09 00:00:00-04:00,30.32989636021627,30.32989636021627,30.126989364624023,30.126989364624023,5300,0.0,0.0
2025-05-12 00:00:00-04:00,30.8806440826073,31.37342239616971,30.436180114746094,30.436180114746094,22000,0.0,0.0
2025-05-13 00:00:00-04:00,31.51835437567206,31.51835437567206,30.436180114746094,30.436180114746094,14700,0.0,0.0
2025-05-14 00:00:00-04:00,30.697063446044922,31.315448765100438,30.43618144846827,30.697063446044922,7200,0.0,0.0
2025-05-15 00:00:00-04:00,30.899972021912898,31.160854032864222,30.899972021912898,30.977272033691406,10100,0.0,0.0
2025-05-16 00:00:00-04:00,30.977270699813015,31.64396668629136,30.87098503112793,30.87098503112793,34400,0.0,0.0
2025-05-19 00:00:00-04:00,31.064232512295764,31.160853840555173,30.83233616425881,30.967607498168945,10400,0.0,0.0
2025-05-20 00:00:00-04:00,30.967605272868923,31.257472922684972,30.928955269995544,30.93861961364746,10400,0.0,0.0
2025-05-21 00:00:00-04:00,30.91929338045611,31.0642290425238,30.53280258178711,30.53280258178711,10400,0.0,0.0
2025-05-22 00:00:00-04:00,30.58111463379655,30.726048459533924,30.030364990234375,30.030364990234375,12900,0.0,0.0
2025-05-23 00:00:00-04:00,29.953067779541016,30.67773877420733,29.953067779541016,29.953067779541016,16000,0.0,0.0
2025-05-27 00:00:00-04:00,30.349219973398043,31.392747935880728,30.349219973398043,31.093215942382812,30500,0.0,0.0
2025-05-28 00:00:00-04:00,31.15119164778235,31.16085230578551,30.8226721447329,30.841997146606445,11300,0.0,0.0
2025-05-29 00:00:00-04:00,31.131866387977933,31.16085204761449,30.668075561523438,30.668075561523438,19600,0.0,0.0
2025-05-30 00:00:00-04:00,30.928956551558645,30.928956551558645,30.387871232379677,30.4265193939209,12400,0.0,0.0
2025-06-02 00:00:00-04:00,30.648751270964567,30.66807627312641,29.953067779541016,29.953067779541016,23600,0.0,0.0
2025-06-03 00:00:00-04:00,30.291248913940397,30.436182748919943,29.875770568847656,29.875770568847656,10900,0.0,0.0
2025-06-04 00:00:00-04:00,29.72117233050444,30.532803965970857,29.56657600402832,29.56657600402832,11500,0.0,0.0
2025-06-05 00:00:00-04:00,29.856443016757847,30.04968934218592,29.605223530874767,29.67285919189453,8800,0.0,0.0
2025-06-06 00:00:00-04:00,30.049689466385203,30.049689466385203,29.48927733184778,29.527925491333008,10800,0.0,0.0
2025-06-09 00:00:00-04:00,29.798470942112424,29.953067270914715,28.87089112636507,28.986839294433594,11500,0.0,0.0
2025-06-10 00:00:00-04:00,30.339556506128798,30.339556506128798,28.74528079690402,29.170421600341797,22000,0.0,0.0
2025-06-11 00:00:00-04:00,29.1317726771963,29.595561656516644,28.938528190612946,29.102787017822266,20000,0.0,0.0
2025-06-12 00:00:00-04:00,29.015828822281833,29.24772333166985,28.677648638324158,29.151100158691406,14000,0.0,0.0
2025-06-13 00:00:00-04:00,29.518263422554348,29.518263422554348,28.79359245300293,28.79359245300293,8000,0.0,0.0
2025-06-16 00:00:00-04:00,28.97717628131069,30.069014907477634,28.638996126933314,28.79359245300293,10200,0.0,0.0
2025-06-17 00:00:00-04:00,29.382993602694476,29.402318605176216,28.44575309753418,28.44575309753418,42600,0.0,0.0
2025-06-18 00:00:00-04:00,29.006165017911474,29.2090720134125,28.05926201970605,28.11723518371582,64000,0.0,0.0
2025-06-20 00:00:00-04:00,29.20907200936963,29.20907200936963,27.730744348256344,28.271831512451172,65800,0.0,0.0
2025-06-23 00:00:00-04:00,28.59068739869013,28.98684074138773,28.001287713876458,28.020612716674805,48600,0.0,0.0
2025-06-24 00:00:00-04:00,28.455416294776192,29.18008731916336,28.21385928664714,28.503726959228516,62100,0.0,0.0
2025-06-25 00:00:00-04:00,28.725956090797975,28.957850574252223,28.262167123889476,28.735618591308594,31100,0.0,0.0
2025-06-26 00:00:00-04:00,28.870889662536456,30.097999572753906,28.407100699644882,30.097999572753906,39000,0.0,0.0
2025-06-27 00:00:00-04:00,30.436182641385113,30.629428982630877,29.00616561355428,29.402318954467773,586000,0.0,0.0
2025-06-30 00:00:00-04:00,30.078675903429072,30.136650908557108,29.51826375439327,29.585901260375977,31400,0.0,0.0
2025-07-01 00:00:00-04:00,29.585901932704914,31.27679907615843,29.54725192840792,31.189838409423828,52700,0.0,0.0
2025-07-02 00:00:00-04:00,31.26713803495495,31.77923768508079,31.093216703616505,31.614980697631836,24600,0.0,0.0
2025-07-03 00:00:00-04:00,31.80821905067929,32.17538666569769,31.624637086103466,32.04011535644531,7900,0.0,0.0
2025-07-07 00:00:00-04:00,32.09809500735296,32.31066265876372,31.69227733490103,31.79856300354004,14900,0.0,0.0
2025-07-08 00:00:00-04:00,32.17538973854744,32.59086804856875,31.98214341293125,32.29133605957031,20400,0.0,0.0
2025-07-09 00:00:00-04:00,32.44593740896391,32.55221939086914,31.904848412061863,32.55221939086914,8400,0.0,0.0
2025-07-10 00:00:00-04:00,32.68749155226429,32.745462867178304,32.00146694355748,32.011131286621094,13700,0.0,0.0
2025-07-11 00:00:00-04:00,31.914505041968162,32.23336200504062,31.79855873079035,32.223697662353516,13600,0.0,0.0
2025-07-14 00:00:00-04:00,32.12707635068313,32.54255462542597,32.12707635068313,32.223697662353516,12500,0.0,0.0
2025-07-15 00:00:00-04:00,32.02079474580806,32.44593741700331,31.305788102944273,31.315448760986328,14200,0.0,0.0
2025-07-16 00:00:00-04:00,31.88552125420506,32.01113191543105,31.14152531596957,31.914506912231445,14300,0.0,0.0
2025-07-17 00:00:00-04:00,31.373422340310345,32.474921600382196,31.373422340310345,32.27201461791992,24100,0.0,0.0
2025-07-18 00:00:00-04:00,32.49424443906544,32.81309772087789,32.011130501999986,32.407283782958984,24200,0.0,0.0
2025-07-21 00:00:00-04:00,32.48457846660749,32.59086411716862,32.349307160753916,32.58120346069336,14900,0.0,0.0
2025-07-22 00:00:00-04:00,32.51357547092064,32.76479314302034,32.39762545068923,32.74546813964844,16800,0.0,0.0
2025-07-23 00:00:00-04:00,32.745467308483114,32.851752981397006,32.629520977062235,32.832427978515625,19100,0.0,0.0
2025-07-24 00:00:00-04:00,32.851752943860625,32.851752943860625,32.33965326862508,32.358978271484375,10400,0.0,0.0
2025-07-25 00:00:00-04:00,32.46525290054845,32.726134851222135,32.20437463574135,32.233360290527344,22600,0.0,0.0
2025-07-28 00:00:00-04:00,32.45559774993731,32.542558414913685,32.21404075676596,32.36863708496094,6400,0.0,0.0
2025-07-29 00:00:00-04:00,32.69715280660704,32.69715280660704,32.21403884887695,32.21403884887695,9800,0.0,0.0
2025-07-30 00:00:00-04:00,32.31065983431621,32.513570495738314,31.885520882791102,32.03045654296875,15900,0.0,0.0
2025-07-31 00:00:00-04:00,31.885524812116618,32.214042487918576,31.788903484002617,31.895185470581055,11700,0.0,0.0
2025-08-01 00:00:00-04:00,31.643962320334055,32.088426249996374,31.547341008969816,31.904844284057617,22100,0.0,0.0
2025-08-04 00:00:00-04:00,32.18771098461232,32.30475616455078,31.84632765945884,32.30475616455078,11500,0.31,0.0
2025-08-05 00:00:00-04:00,32.15844941449971,32.37303161621094,32.12918533001255,32.37303161621094,11500,0.0,0.0
2025-08-06 00:00:00-04:00,32.31451091911533,32.821711641379146,32.14869350952954,32.18770980834961,10600,0.0,0.0
2025-08-07 00:00:00-04:00,32.14869350952954,32.792447556864566,32.041400548173854,32.18770980834961,10500,0.0,0.0
2025-08-08 00:00:00-04:00,32.43155509147953,32.59736877513669,32.051155491749405,32.27549362182617,18800,0.0,0.0
2025-08-11 00:00:00-04:00,32.28524847673828,32.74368070919395,32.109678843916925,32.158451080322266,13800,0.0,0.0
2025-08-12 00:00:00-04:00,32.68515438624418,32.82171143124014,32.5290929127621,32.72417068481445,31400,0.0,0.0
2025-08-13 00:00:00-04:00,32.86072031681036,33.88487757481204,32.82170774342252,33.83610534667969,26000,0.0,0.0
2025-08-14 00:00:00-04:00,34.02143696119261,34.070205477238275,33.533744359137444,34.050697326660156,10000,0.0,0.0
2025-08-15 00:00:00-04:00,34.08971463528916,34.54814316462571,33.797099809568095,33.962913513183594,19600,0.0,0.0
2025-08-18 00:00:00-04:00,33.9043880577239,34.31405177826586,33.59226509007253,34.050697326660156,13300,0.0,0.0
2025-08-19 00:00:00-04:00,34.31405177826586,34.31405177826586,34.050697326660156,34.050697326660156,7400,0.0,0.0
2025-08-20 00:00:00-04:00,34.15798744122144,34.18724780424486,34.011678184506394,34.148231506347656,5500,0.0,0.0
2025-08-21 00:00:00-04:00,34.070204052260166,34.148232930509835,33.904386639681064,34.099464416503906,8000,0.0,0.0
2025-08-22 00:00:00-04:00,34.314050535707594,35.484513482415814,34.1384809076614,35.23091125488281,29700,0.0,0.0
2025-08-25 00:00:00-04:00,35.416237668619374,35.543035064631184,35.17239137056696,35.30894470214844,9300,0.0,0.0
2025-08-26 00:00:00-04:00,35.43574520330677,35.78688074093034,35.43574520330677,35.62106704711914,10600,0.0,0.0
2025-08-27 00:00:00-04:00,35.835651544950004,35.835651544950004,35.650325987740935,35.66983413696289,8600,0.0,0.0
2025-08-28 00:00:00-04:00,35.825897466532965,35.825897466532965,35.54303486935443,35.66008377075195,5500,0.0,0.0
2025-08-29 00:00:00-04:00,35.83565256840451,36.5086669921875,35.83565256840451,36.5086669921875,12900,0.0,0.0
2025-09-02 00:00:00-04:00,36.157526489495694,36.47940536853998,35.650325775146484,35.650325775146484,13500,0.0,0.0
2025-09-03 00:00:00-04:00,35.84540354540372,36.05023352981427,35.57229689952299,35.650325775146484,5700,0.0,0.0
2025-09-04 00:00:00-04:00,35.66007797224092,36.079493832051526,35.66007797224092,36.02096939086914,6400,0.0,0.0
2025-09-05 00:00:00-04:00,36.02097498044833,36.41113054060969,35.96245053018437,36.381866455078125,9100,0.0,0.0
2025-09-08 00:00:00-04:00,36.44039212282675,36.469652488536745,36.059992485399704,36.31359100341797,10100,0.0,0.0
2025-09-09 00:00:00-04:00,36.50866937749518,36.50866937749518,36.13802194907409,36.186790466308594,5500,0.0,0.0
2025-09-10 00:00:00-04:00,36.33309758684202,36.33309758684202,35.972206115722656,35.972206115722656,5200,0.0,0.0
2025-09-11 00:00:00-04:00,36.26481988640137,36.303836185083014,36.20629543837891,36.24531173706055,7500,0.0,0.0
2025-09-12 00:00:00-04:00,36.31358864307854,36.31358864307854,35.90392866656891,36.079498291015625,8300,0.0,0.0
2025-09-15 00:00:00-04:00,36.09900222870599,36.42088110941345,35.85515594482422,35.85515594482422,5900,0.0,0.0
2025-09-16 00:00:00-04:00,36.0794958207502,36.0794958207502,35.660079937821436,35.845401763916016,6900,0.0,0.0
2025-09-17 00:00:00-04:00,36.02097498044833,36.67448126479956,36.02097498044833,36.381866455078125,42400,0.0,0.0
2025-09-18 00:00:00-04:00,36.64521741944777,38.87885016157938,36.64521741944777,38.625247955322266,53800,0.0,0.0
2025-09-19 00:00:00-04:00,38.50820620293729,38.556974717452015,37.10365289259763,38.40091323852539,75700,0.0,0.0
2025-09-22 00:00:00-04:00,38.40091063201405,38.478943226580384,38.20583286639714,38.33263397216797,65300,0.0,0.0
2025-09-23 00:00:00-04:00,38.35214615749746,39.04466876356882,38.040023187977994,38.72279357910156,73300,0.0,0.0
2025-09-24 00:00:00-04:00,38.90811238503952,38.90811238503952,38.51796056406826,38.61549758911133,48800,0.0,0.0
2025-09-25 00:00:00-04:00,38.77156192574874,38.77156192574874,38.44968302189095,38.51796340942383,10100,0.0,0.0
2025-09-26 00:00:00-04:00,38.51796221046176,38.74230035428902,37.82543590817858,38.030269622802734,15900,0.0,0.0
2025-09-29 00:00:00-04:00,38.28387178703346,38.47894958488526,37.24020984744581,37.26947021484375,11800,0.0,0.0
2025-09-30 00:00:00-04:00,37.58158942710538,37.58158942710538,36.76226573508838,36.89882278442383,7900,0.0,0.0
2025-10-01 00:00:00-04:00,36.94759304974746,36.94759304974746,36.13802153391752,36.5184211730957,8000,0.0,0.0
2025-10-02 00:00:00-04:00,36.51842079260515,36.89882414861918,35.78688188771547,36.29408264160156,13900,0.0,0.0
2025-10-03 00:00:00-04:00,37.09389778113088,37.32799186512001,36.206297402370794,36.25506591796875,6600,0.0,0.0
2025-10-06 00:00:00-04:00,36.28432583405353,36.762262441106415,36.20629324142517,36.401371002197266,15200,0.0,0.0
2025-10-07 00:00:00-04:00,36.62571177615832,36.62571177615832,36.23555994716966,36.28432846069336,7100,0.0,0.0
2025-10-08 00:00:00-04:00,36.4208813603289,36.4208813603289,36.08925026313302,36.24531173706055,13300,0.0,0.0
2025-10-09 00:00:00-04:00,36.13801956176758,36.42088215216069,36.011218448694954,36.13801956176758,4700,0.0,0.0
2025-10-10 00:00:00-04:00,36.089248012865035,36.3135861350978,35.10411071777344,35.10411071777344,7700,0.0,0.0
2025-10-13 00:00:00-04:00,35.172387974497404,35.601556078143595,34.752972084680025,35.53327941894531,8700,0.0,0.0
2025-10-14 00:00:00-04:00,35.96245018037397,35.972206115722656,35.66983537349883,35.972206115722656,6300,0.0,0.0
2025-10-15 00:00:00-04:00,35.94294121406607,36.26482009887695,35.84540418758953,36.26482009887695,6200,0.0,0.0
2025-10-16 00:00:00-04:00,36.264820884024225,36.264820884024225,34.48962017396423,34.67494201660156,8700,0.0,0.0
2025-10-17 00:00:00-04:00,34.47986151993963,36.14777285535986,34.47986151993963,35.513771057128906,9600,0.0,0.0
2025-10-20 00:00:00-04:00,35.728359975853294,36.020974783978716,35.6113110759638,35.80638885498047,7700,0.0,0.0
2025-10-21 00:00:00-04:00,35.796636852051066,36.089251661906694,35.48451389209851,35.825897216796875,10400,0.0,0.0
2025-10-22 00:00:00-04:00,35.991715818210196,36.4891606392765,35.74786951516216,36.31359100341797,12400,0.0,0.0
2025-10-23 00:00:00-04:00,36.31358721234085,36.333095361043995,35.903927251971616,36.128265380859375,4700,0.0,0.0
2025-10-24 00:00:00-04:00,36.31358683429554,36.52817274699723,36.108756856243325,36.459896087646484,9400,0.0,0.0
2025-10-27 00:00:00-04:00,36.430633544921875,36.6062031680472,36.089250233733196,36.430633544921875,12900,0.0,0.0
2025-10-28 00:00:00-04:00,36.70374394457225,36.70374394457225,36.10875841247384,36.24531173706055,5100,0.0,0.0
2025-10-29 00:00:00-04:00,36.18678601074464,37.981494757912934,35.133372029145264,35.38697052001953,20300,0.0,0.0
2025-10-30 00:00:00-04:00,35.73811101172518,35.84540397268556,35.6893424987793,35.6893424987793,3300,0.0,0.0
2025-10-31 00:00:00-04:00,35.357711366997485,35.64057395092524,35.01632805591161,35.318695068359375,10100,0.0,0.0
2025-11-03 00:00:00-05:00,35.31870078230779,35.41708005907814,34.92517616936872,35.13177490234375,19100,0.31,0.0
2025-11-04 00:00:00-05:00,35.417076977113105,35.417076977113105,34.94484973443635,35.00387954711914,7300,0.0,0.0
2025-11-05 00:00:00-05:00,35.407243012586676,35.417079438919934,34.96452876901442,35.34821319580078,12600,0.0,0.0
2025-11-06 00:00:00-05:00,35.18096387378733,35.40724296134137,34.85630926425674,34.88582229614258,9200,0.0,0.0
2025-11-07 00:00:00-05:00,35.41707988081567,35.41707988081567,34.954689025878906,34.954689025878906,3600,0.0,0.0
2025-11-10 00:00:00-05:00,35.32853659020549,35.36788980139608,35.32853659020549,35.34821319580078,1800,0.0,0.0
2025-11-11 00:00:00-05:00,35.21048031423061,35.417079041268444,35.21048031423061,35.367889404296875,2500,0.0,0.0
2025-11-12 00:00:00-05:00,35.220315195493555,35.60399960114149,35.220315195493555,35.535133361816406,8900,0.0,0.0
2025-11-13 00:00:00-05:00,35.60400205186751,35.89914738692338,35.082585131678776,35.41707992553711,16900,0.0,0.0
2025-11-14 00:00:00-05:00,35.60399999814395,35.60399999814395,35.043229898570466,35.51545715332031,14100,0.0,0.0
2025-11-17 00:00:00-05:00,34.77760140075538,35.14161295926322,34.30537414550781,34.30537414550781,5900,0.0,0.0
2025-11-18 00:00:00-05:00,34.67922212992704,34.67922212992704,34.16764166517668,34.30537414550781,5400,0.0,0.0
2025-11-19 00:00:00-05:00,34.433271366479005,34.433271366479005,33.99055712689567,34.157806396484375,6000,0.0,0.0
2025-11-20 00:00:00-05:00,34.433271366479005,34.679223304811,34.157806396484375,34.157806396484375,8800,0.0,0.0
2025-11-21 00:00:00-05:00,34.06926432363535,35.41707992553711,34.06926432363535,35.41707992553711,15100,0.0,0.0
2025-11-24 00:00:00-05:00,35.41707836723695,35.41707836723695,35.1219367980957,35.1219367980957,5100,0.0,0.0
2025-11-25 00:00:00-05:00,36.420559324120795,36.420559324120795,35.908978900393926,36.400882720947266,12700,0.0,0.0
2025-11-26 00:00:00-05:00,36.38120847497582,36.656673431396484,36.10574351855515,36.656673431396484,11400,0.0,0.0
2025-11-28 00:00:00-05:00,36.646836502094175,37.34533906223662,36.646836502094175,36.96165466308594,4600,0.0,0.0
2025-12-01 00:00:00-05:00,36.69602441314519,37.94546057282469,36.69602441314519,37.325660705566406,12100,0.0,0.0
2025-12-02 00:00:00-05:00,37.28631537641783,37.31582840809956,36.666515440600286,36.75505828857422,14300,0.0,0.0
2025-12-03 00:00:00-05:00,36.89278830715534,38.279956997387245,36.89278830715534,37.62080764770508,20000,0.0,0.0
2025-12-04 00:00:00-05:00,37.61096592393872,37.837241232574684,37.20760493846969,37.41420364379883,17000,0.0,0.0
2025-12-05 00:00:00-05:00,37.74870282407944,37.74870282407944,37.14857948804428,37.571617126464844,10300,0.0,0.0
2025-12-08 00:00:00-05:00,37.62080834513625,38.15206165438223,37.48307211377618,37.49291229248047,15900,0.0,0.0
2025-12-09 00:00:00-05:00,38.18157626615986,38.220925719953485,37.71918546949746,37.87659454345703,10400,0.0,0.0
2025-12-10 00:00:00-05:00,37.8765976078231,39.33263259798019,37.788054761999355,39.214576721191406,52500,0.0,0.0
2025-12-11 00:00:00-05:00,39.20473684706365,39.726157500048,38.958784912633064,39.10635757446289,20500,0.0,0.0
2025-12-12 00:00:00-05:00,39.08668127493877,39.31295660603249,38.870242370010544,38.998138427734375,10100,0.0,0.0
2025-12-15 00:00:00-05:00,39.35230950889348,40.05081210197345,38.89975885024408,39.10635757446289,18800,0.0,0.0
2025-12-16 00:00:00-05:00,39.10635757446289,39.58842501723546,39.057167938162515,39.10635757446289,17000,0.0,0.0
2025-12-17 00:00:00-05:00,39.10635715237183,39.499881744384766,39.086680547478316,39.499881744384766,19200,0.0,0.0
2025-12-18 00:00:00-05:00,40.09016358412073,40.32627908228508,40.09016358412073,40.306602478027344,7200,0.0,0.0
2025-12-19 00:00:00-05:00,40.257409693873235,40.454171986469106,39.539230515887574,40.09016418457031,33400,0.0,0.0
2025-12-22 00:00:00-05:00,39.87372597857554,40.26725057058848,39.35230908414775,39.499881744384766,19100,0.0,0.0
2025-12-23 00:00:00-05:00,39.4506880761251,39.795023029928494,39.12603348000439,39.2342529296875,14600,0.0,0.0
2025-12-24 00:00:00-05:00,39.77534732208593,39.82453695861601,39.06700454668095,39.283443450927734,6500,0.0,0.0
2025-12-26 00:00:00-05:00,39.15554697105735,39.67696762084961,39.15554697105735,39.67696762084961,9100,0.0,0.0
2025-12-29 00:00:00-05:00,39.64745046481095,40.10984129530733,39.32279586791992,39.32279586791992,20400,0.0,0.0
2025-12-30 00:00:00-05:00,39.588425821042016,39.62777527912406,38.899759640067906,39.0670051574707,9800,0.0,0.0
2025-12-31 00:00:00-05:00,39.35231039828028,39.60809876458044,39.01781560977775,39.155548095703125,7900,0.0,0.0
2026-01-02 00:00:00-05:00,39.45068930822237,39.499882698108244,38.673484037270626,38.80137634277344,11900,0.0,0.0
2026-01-05 00:00:00-05:00,39.067000944893365,39.19489699042314,38.53574391231894,38.71282958984375,29800,0.0,0.0
2026-01-06 00:00:00-05:00,38.132387743950616,39.01781624346362,38.132387743950616,38.476722717285156,14300,0.0,0.0
2026-01-07 00:00:00-05:00,38.20125592156745,38.594776761442105,37.974976841301924,38.37833786010742,7700,0.0,0.0
2026-01-08 00:00:00-05:00,38.45704306071857,39.25392864706543,38.368500217791144,39.185062408447266,11300,0.0,0.0
2026-01-09 00:00:00-05:00,39.29327901432222,39.29327901432222,38.83089193757741,38.86040496826172,16700,0.0,0.0
2026-01-12 00:00:00-05:00,38.75218542531088,39.057167169053464,38.69315936408423,38.7718620300293,8200,0.0,0.0
2026-01-13 00:00:00-05:00,39.01781384390253,39.77534623513634,38.88008136421067,39.057167053222656,17000,0.0,0.0
2026-01-14 00:00:00-05:00,39.15554583160253,39.844211974337284,38.95878354040281,38.98830032348633,17400,0.0,0.0
2026-01-15 00:00:00-05:00,39.10635657411392,40.33611621480932,39.07684354367438,39.342472076416016,19100,0.0,0.0
2026-01-16 00:00:00-05:00,39.31295798528262,40.119680064590554,38.889920339678596,39.11619567871094,12300,0.0,0.0
2026-01-20 00:00:00-05:00,39.02764949262566,39.35230783365904,38.161901422393704,38.72267150878906,8900,0.0,0.0
2026-01-21 00:00:00-05:00,39.22441257405991,40.16887083335574,39.22441257405991,39.519554138183594,29300,0.0,0.0
2026-01-22 00:00:00-05:00,39.71631814264613,40.0508129305086,39.71631814264613,39.90324401855469,13000,0.0,0.0
2026-01-23 00:00:00-05:00,40.031133604800836,40.32627891451048,39.263764806584184,39.38182067871094,14800,0.0,0.0
2026-01-26 00:00:00-05:00,39.52939409610267,39.52939409610267,39.24408895944158,39.253929138183594,10300,0.0,0.0
2026-01-27 00:00:00-05:00,39.106355800119495,39.52939340838022,38.988299927769305,39.00797653198242,13700,0.0,0.0
2026-01-28 00:00:00-05:00,39.31295444266072,39.31295444266072,37.31582603030885,38.17173767089844,21800,0.0,0.0
2026-01-29 00:00:00-05:00,38.309471641918584,38.38817806169717,37.31582748625027,37.5421028137207,12600,0.0,0.0
2026-01-30 00:00:00-05:00,37.41420945597828,38.40785743622707,37.37485999618016,37.68967819213867,18200,0.0,0.0
2026-02-02 00:00:00-05:00,37.78885612751433,39.04848516957077,37.78885612751433,37.90787887573242,24400,0.31,0.0
2026-02-03 00:00:00-05:00,37.9971417618468,38.94930098910754,37.838448557303344,38.40379333496094,21800,0.0,0.0
2026-02-04 00:00:00-05:00,38.65175406850139,39.29644359610485,38.572405569602374,38.929466247558594,17400,0.0,0.0
2026-02-05 00:00:00-05:00,38.93938035038449,39.028645513987165,38.68150531305699,38.8401985168457,13900,0.0,0.0
2026-02-06 00:00:00-05:00,39.10799456238881,39.11791123246559,38.73109677921528,38.77077102661133,15300,0.0,0.0
2026-02-09 00:00:00-05:00,38.483139650755525,38.96913973818673,38.483139650755525,38.6815071105957,11500,0.0,0.0
2026-02-10 00:00:00-05:00,38.8302833587349,38.86003715324609,38.393874193666385,38.58232498168945,10400,0.0,0.0
2026-02-11 00:00:00-05:00,38.81044744230932,38.81044744230932,38.22526550292969,38.22526550292969,6800,0.0,0.0
2026-02-12 00:00:00-05:00,38.592242707201336,38.592242707201336,37.431799287001176,38.17567443847656,10300,0.0,0.0
2026-02-13 00:00:00-05:00,38.165751928686475,38.741017164277764,38.05664964031265,38.50297546386719,18900,0.0,0.0
2026-02-17 00:00:00-05:00,38.69142337434055,38.92946508035584,38.5228134945525,38.8005256652832,12700,0.0,0.0
2026-02-18 00:00:00-05:00,38.97905493206534,39.41546408389157,38.22526315347965,38.45338439941406,15300,0.0,0.0
2026-02-19 00:00:00-05:00,38.453385589179945,38.453385589179945,37.749184706001344,38.0963249206543,16600,0.0,0.0
2026-02-20 00:00:00-05:00,38.02689523165637,38.433546801309085,37.917792945046834,38.30460739135742,19600,0.0,0.0
2026-02-23 00:00:00-05:00,38.33436549854312,38.33436549854312,36.76726678473161,36.99538803100586,18300,0.0,0.0
2026-02-24 00:00:00-05:00,36.98547176563115,36.98547176563115,36.40028985494443,36.87636947631836,9700,0.0,0.0
2026-02-25 00:00:00-05:00,37.689674212122405,37.689674212122405,36.84661722342701,36.886287689208984,6700,0.0,0.0
2026-02-26 00:00:00-05:00,37.44171299515353,37.699588029168574,36.281269666769276,36.47963333129883,15800,0.0,0.0
2026-02-27 00:00:00-05:00,36.20192327347853,36.20192327347853,34.42654037475586,34.42654037475586,9800,0.0,0.0
2026-03-02 00:00:00-05:00,33.93062361758492,34.88278288330242,33.464464438654566,34.42654037475586,14000,0.0,0.0
2026-03-03 00:00:00-05:00,33.90086939135176,34.69433543601601,33.355361722116626,34.277767181396484,14700,0.0,0.0
2026-03-04 00:00:00-05:00,34.47613190406285,34.7340107411417,34.47613190406285,34.624908447265625,14100,0.0,0.0
2026-03-05 00:00:00-05:00,34.46621260175056,34.912538413733905,34.03972391291586,34.267845153808594,12100,0.0,0.0
2026-03-06 00:00:00-05:00,33.49421917320431,34.238094329833984,33.43470779859784,34.238094329833984,15500,0.0,0.0
2026-03-09 00:00:00-04:00,33.74217502866388,34.19841751580233,33.474379538331895,34.148826599121094,10900,0.0,0.0
2026-03-10 00:00:00-04:00,33.94054448087798,34.26784757711529,33.55373001098633,33.55373001098633,9800,0.0,0.0
2026-03-11 00:00:00-04:00,33.33552648054293,34.119075899197334,32.25442775127964,32.39328384399414,9400,0.0,0.0
2026-03-12 00:00:00-04:00,32.23458917604657,32.23458917604657,31.183246181847142,32.1651611328125,15900,0.0,0.0
2026-03-13 00:00:00-04:00,32.561895492859186,32.561895492859186,32.04614162086509,32.234588623046875,12700,0.0,0.0
2026-03-16 00:00:00-04:00,32.79001831172385,32.82968877797173,32.2445068359375,32.2445068359375,12000,0.0,0.0
2026-03-17 00:00:00-04:00,32.244506446883584,32.63132470237703,31.857691974934802,31.986631393432617,13300,0.0,0.0
2026-03-18 00:00:00-04:00,32.04614285757562,32.32385503646497,31.63948936805331,31.7684268951416,18500,0.0,0.0
2026-03-19 00:00:00-04:00,32.482547259530136,32.482547259530136,31.748588801730765,32.06597900390625,14600,0.0,0.0
2026-03-20 00:00:00-04:00,32.06597876179074,32.432956096147265,31.74858856201172,31.74858856201172,31500,0.0,0.0
2026-03-23 00:00:00-04:00,32.343691103221175,33.10740335373065,32.333770649416955,33.0379753112793,21400,0.0,0.0
2026-03-24 00:00:00-04:00,33.01813893784848,34.49596877053235,33.01813893784848,34.03972625732422,13500,0.0,0.0
2026-03-25 00:00:00-04:00,34.50588892985713,35.428294402425145,33.881032755381625,33.94054412841797,11900,0.0,0.0
2026-03-26 00:00:00-04:00,34.21825720496516,34.49596938603927,33.78185180848518,34.238094329833984,7800,0.0,0.0
2026-03-27 00:00:00-04:00,33.98021350129239,34.32735749086211,33.583482377769904,33.59339904785156,5100,0.0,0.0
2026-03-30 00:00:00-04:00,35.22992579875806,35.22992579875806,33.58348236698451,34.07939910888672,20400,0.0,0.0
2026-03-31 00:00:00-04:00,34.27776767685925,35.20017314947188,34.089316887340686,34.6943359375,9800,0.0,0.0
2026-04-01 00:00:00-04:00,34.96213135476261,36.301105084718664,34.912540435791016,34.912540435791016,7800,0.0,0.0
2026-04-02 00:00:00-04:00,34.26784806973044,35.73576125573779,34.26784806973044,35.47788619995117,7300,0.0,0.0
2026-04-06 00:00:00-04:00,35.53739721970769,35.99363973576133,35.477885845791924,35.86470031738281,12600,0.0,0.0
2026-04-07 00:00:00-04:00,35.87461471557617,35.97380033248656,35.70600484214514,35.87461471557617,28400,0.0,0.0
2026-04-08 00:00:00-04:00,36.8763712165665,37.917795673939786,36.69784087718312,37.20367431640625,12700,0.0,0.0
2026-04-09 00:00:00-04:00,37.094575755884016,38.82036398955598,37.094575755884016,38.44346618652344,18300,0.0,0.0
2026-04-10 00:00:00-04:00,38.68150845893619,38.68150845893619,37.89795904620444,38.37403869628906,10500,0.0,0.0
2026-04-13 00:00:00-04:00,38.13599868151359,38.760854843445124,37.99714259742759,38.43354797363281,16200,0.0,0.0
2026-04-14 00:00:00-04:00,38.18559130606836,38.68150807627704,38.18559130606836,38.49306106567383,7700,0.0,0.0
2026-04-15 00:00:00-04:00,38.443464790040615,38.58232465819925,38.06657078424366,38.48313903808594,13800,0.0,0.0
2026-04-16 00:00:00-04:00,38.49306095857143,38.49306095857143,37.81861385028061,37.95746994018555,7200,0.0,0.0
2026-04-17 00:00:00-04:00,38.50297513206644,39.14766840315004,38.04673264238436,38.88978958129883,47400,0.0,0.0
2026-04-20 00:00:00-04:00,39.346032696213165,39.49480923299489,39.07824098367724,39.088157653808594,8200,0.0,0.0
2026-04-21 00:00:00-04:00,39.44521880858735,39.80227947449364,38.701343682464106,38.75093460083008,10100,0.0,0.0
2026-04-22 00:00:00-04:00,38.87987416180315,39.911381915295124,38.73109762260053,38.8005256652832,8300,0.0,0.0
2026-04-23 00:00:00-04:00,38.8401996848078,39.35595355851644,38.304608687085995,38.969139099121094,15800,0.0,0.0
2026-04-24 00:00:00-04:00,38.19550569446874,39.37578995851008,37.6995889538919,37.749183654785156,12900,0.0,0.0
2026-04-27 00:00:00-04:00,37.93763065412835,38.92946413528203,37.749183654785156,37.749183654785156,6600,0.0,0.0
2026-04-28 00:00:00-04:00,39.3757900680058,39.3757900680058,38.15583533681967,38.28477096557617,10800,0.0,0.0
2026-04-29 00:00:00-04:00,38.28477269174118,38.423632563927036,37.40204145662668,37.590492248535156,13700,0.0,0.0
2026-04-30 00:00:00-04:00,37.4417157947296,37.88804164038233,37.30285970575868,37.37228775024414,9200,0.0,0.0
2026-05-01 00:00:00-04:00,37.30285750919553,38.27485385830107,37.02514534760665,37.64999771118164,11700,0.0,0.0
2026-05-04 00:00:00-04:00,37.72999954223633,38.7599983215332,35.52000045776367,35.72999954223633,16200,0.31,0.0
2026-05-05 00:00:00-04:00,36.0099983215332,36.869998931884766,35.97999954223633,35.97999954223633,6800,0.0,0.0
2026-05-06 00:00:00-04:00,36.2599983215332,37.75,36.25,37.47999954223633,24500,0.0,0.0
2026-05-07 00:00:00-04:00,38.0,38.810001373291016,37.959999084472656,38.06999969482422,16400,0.0,0.0
2026-05-08 00:00:00-04:00,38.09000015258789,38.5,37.619998931884766,37.90999984741211,11000,0.0,0.0
2026-05-11 00:00:00-04:00,37.25,37.59000015258789,37.20000076293945,37.36000061035156,7800,0.0,0.0
2026-05-12 00:00:00-04:00,37.099998474121094,37.849998474121094,37.099998474121094,37.099998474121094,5500,0.0,0.0
2026-05-13 00:00:00-04:00,37.02000045776367,37.369998931884766,36.7400016784668,36.790000915527344,9700,0.0,0.0
2026-05-14 00:00:00-04:00,37.349998474121094,37.58000183105469,37.0,37.40999984741211,23200,0.0,0.0
2026-05-15 00:00:00-04:00,38.0099983215332,38.0099983215332,37.0,37.2400016784668,23500,0.0,0.0
2026-05-18 00:00:00-04:00,37.63999938964844,37.70000076293945,37.08000183105469,37.22999954223633,14100,0.0,0.0
2026-05-19 00:00:00-04:00,37.22999954223633,37.400001525878906,37.099998474121094,37.189998626708984,7500,0.0,0.0
2026-05-20 00:00:00-04:00,37.13999938964844,37.599998474121094,37.119998931884766,37.310001373291016,30500,0.0,0.0
2026-05-21 00:00:00-04:00,37.369998931884766,39.61000061035156,37.369998931884766,39.47999954223633,61200,0.0,0.0
2026-05-22 00:00:00-04:00,39.880001068115234,40.5,39.11000061035156,39.119998931884766,29900,0.0,0.0
2026-05-26 00:00:00-04:00,39.119998931884766,39.939998626708984,38.599998474121094,39.209999084472656,28800,0.0,0.0
2026-05-27 00:00:00-04:00,39.20000076293945,40.209999084472656,39.20000076293945,39.619998931884766,58400,0.0,0.0
2026-05-28 00:00:00-04:00,39.599998474121094,40.09000015258789,39.41999816894531,39.54999923706055,21000,0.0,0.0
2026-05-29 00:00:00-04:00,39.68000030517578,40.0099983215332,39.369998931884766,39.459999084472656,20600,0.0,0.0
2026-06-01 00:00:00-04:00,39.459999084472656,40.0099983215332,39.060001373291016,39.459999084472656,21300,0.0,0.0
2026-06-02 00:00:00-04:00,39.369998931884766,40.58000183105469,39.25,40.029998779296875,22800,0.0,0.0
2026-06-03 00:00:00-04:00,40.119998931884766,40.27000045776367,39.70000076293945,39.90999984741211,19500,0.0,0.0
2026-06-04 00:00:00-04:00,40.25,41.09000015258789,40.25,40.77000045776367,21300,0.0,0.0
2026-06-05 00:00:00-04:00,40.810001373291016,41.65999984741211,40.790000915527344,41.0099983215332,39100,0.0,0.0
2026-06-08 00:00:00-04:00,41.150001525878906,41.65999984741211,40.95000076293945,41.5099983215332,55600,0.0,0.0
2026-06-09 00:00:00-04:00,41.45000076293945,43.630001068115234,41.45000076293945,41.959999084472656,32100,0.0,0.0
2026-06-10 00:00:00-04:00,42.810001373291016,42.810001373291016,42.30009841918945,42.41999816894531,44918,0.0,0.0
