Date,Open,High,Low,Close,Volume,Dividends,Stock Splits
2022-01-03 00:00:00-05:00,4.4524849533825135,4.556164969593589,4.4524849533825135,4.481285095214844,140300,0.0,0.0
2022-01-04 00:00:00-05:00,4.492804456595283,4.654084458823069,4.469764456277027,4.561924457550049,178900,0.0,0.0
2022-01-05 00:00:00-05:00,4.602244228949019,4.740484228100242,4.5446442293026745,4.573444366455078,176100,0.0,0.0
2022-01-06 00:00:00-05:00,4.590724137881161,4.746244271168014,4.573444275659543,4.584964275360107,187200,0.0,0.0
2022-01-07 00:00:00-05:00,4.6252843069084,4.694404307651147,4.556164306165654,4.6713643074035645,184600,0.0,0.0
2022-01-10 00:00:00-05:00,4.688643875825992,4.757763864130163,4.619523887521822,4.6828837394714355,185800,0.0,0.0
2022-01-11 00:00:00-05:00,4.7347252665759125,4.872965284017705,4.7232049904639295,4.832645416259766,191900,0.0,0.0
2022-01-12 00:00:00-05:00,4.872964647542869,4.942084647235762,4.694404236348531,4.7059245109558105,206700,0.0,0.0
2022-01-13 00:00:00-05:00,4.6944045484067,4.7635251020112745,4.608004680376427,4.619524955749512,83200,0.0,0.0
2022-01-14 00:00:00-05:00,4.636804581690659,4.682884582185824,4.5388844433092,4.6713643074035645,108400,0.0,0.0
2022-01-18 00:00:00-05:00,4.688643409077218,4.780803384308365,4.596483159187681,4.717442989349365,171500,0.0,0.0
2022-01-19 00:00:00-05:00,4.723203595319658,4.752003727775605,4.596483616762013,4.6828837394714355,116200,0.0,0.0
2022-01-20 00:00:00-05:00,4.677123795942868,4.688644069126933,4.417923691786855,4.435203552246094,147400,0.0,0.0
2022-01-21 00:00:00-05:00,4.40064389167942,4.475524025125706,4.331523895263672,4.331523895263672,163800,0.0,0.0
2022-01-24 00:00:00-05:00,4.273924788134185,4.492805097016075,4.245124646301854,4.481285095214844,144200,0.0,0.0
2022-01-25 00:00:00-05:00,4.400643639831896,4.561923896897072,4.3027235131843,4.498563766479492,132200,0.0,0.0
2022-01-26 00:00:00-05:00,4.723204333532004,4.723204333532004,4.337284201187195,4.383364200592041,134800,0.0,0.0
2022-01-27 00:00:00-05:00,4.3776039845784,4.464004119237265,4.285443987426788,4.320003986358643,103300,0.0,0.0
2022-01-28 00:00:00-05:00,4.296964153767198,4.371844291687012,4.2393641533129065,4.371844291687012,135900,0.0,0.0
2022-01-31 00:00:00-05:00,4.3430442481993365,4.492804527282715,4.291204109338403,4.492804527282715,129500,0.0,0.0
2022-02-01 00:00:00-05:00,4.510084463430095,4.510084463430095,4.371844457109062,4.458244323730469,144500,0.0,0.0
2022-02-02 00:00:00-05:00,4.440964698791504,4.458244563180487,4.296964547143682,4.440964698791504,269000,0.0,0.0
2022-02-03 00:00:00-05:00,4.435204018895419,4.4409641560935045,4.268163885369388,4.3027238845825195,314600,0.0,0.0
2022-02-04 00:00:00-05:00,4.337283611297607,4.464003592426459,4.268163346932537,4.337283611297607,164600,0.0,0.0
2022-02-07 00:00:00-05:00,4.33728425026218,4.412164112813064,4.285444113015944,4.29120397567749,174900,0.0,0.0
2022-02-08 00:00:00-05:00,4.3200039984446175,4.348804134964298,4.199043864515492,4.245123863220215,146500,0.0,0.0
2022-02-09 00:00:00-05:00,4.273923792138539,4.308483789488365,4.19904366055136,4.210563659667969,441700,0.0,0.0
2022-02-10 00:00:00-05:00,4.181763414171128,4.343043386953849,4.181763414171128,4.199043273925781,231100,0.0,0.0
2022-02-11 00:00:00-05:00,4.187523988502933,4.245123988584847,4.124163851083594,4.181764125823975,192800,0.0,0.0
2022-02-14 00:00:00-05:00,4.1529636558973575,4.296963781900294,4.14144365680346,4.2854437828063965,287800,0.0,0.0
2022-02-15 00:00:00-05:00,4.302723837936051,4.406404109109891,4.302723837936051,4.39488410949707,146600,0.0,0.0
2022-02-16 00:00:00-05:00,4.377603892874171,4.40064389167942,4.2969638970557975,4.331523895263672,100800,0.0,0.0
2022-02-17 00:00:00-05:00,4.2969644065013055,4.314244270324707,4.2393644026591595,4.314244270324707,325200,0.0,0.0
2022-02-18 00:00:00-05:00,4.302723560666258,4.314243559536723,4.2163237064669845,4.222083568572998,130500,0.0,0.0
2022-02-22 00:00:00-05:00,4.210564639211108,4.250884782828514,4.095364621244959,4.135684490203857,199500,0.0,0.0
2022-02-23 00:00:00-05:00,4.176004095970753,4.222084097222315,4.095364093780518,4.095364093780518,163800,0.0,0.0
2022-02-24 00:00:00-05:00,4.049283592203124,4.1702434432135504,3.945603327539275,4.14720344543457,240500,0.0,0.0
2022-02-25 00:00:00-05:00,4.152964476419474,4.268164490119093,4.152964476419474,4.2393646240234375,122800,0.0,0.0
2022-02-28 00:00:00-05:00,4.198713417631686,4.280016227635696,4.16967656131512,4.274209022521973,224600,0.06,0.0
2022-03-01 00:00:00-05:00,4.303244291730509,4.332281139206341,4.169675291790306,4.239363670349121,173600,0.0,0.0
2022-03-02 00:00:00-05:00,4.2683999897830365,4.483271762331592,4.245170623935403,4.465849876403809,264400,0.0,0.0
2022-03-03 00:00:00-05:00,4.489080061885618,4.622649078355019,4.471657895860941,4.611034393310547,247800,0.0,0.0
2022-03-04 00:00:00-05:00,4.581997663347769,4.6226492005358475,4.483272699402395,4.512309551239014,312100,0.0,0.0
2022-03-07 00:00:00-05:00,4.552959894781132,4.785253540910072,4.489079003637739,4.692336082458496,431200,0.0,0.0
2022-03-08 00:00:00-05:00,4.72718071060712,4.814290695055265,4.674914498405524,4.756217002868652,402400,0.0,0.0
2022-03-09 00:00:00-05:00,4.814291543482929,4.849135875701904,4.756217841061926,4.849135875701904,271600,0.0,0.0
2022-03-10 00:00:00-05:00,4.808484283799835,4.901401768884756,4.744603651261926,4.878172397613525,131200,0.0,0.0
2022-03-11 00:00:00-05:00,4.8665579888938595,5.064007921615265,4.814291765075617,4.878172397613525,206100,0.0,0.0
2022-03-14 00:00:00-04:00,4.930438326614479,4.930438326614479,4.709759035817439,4.814291477203369,207200,0.0,0.0
2022-03-15 00:00:00-04:00,4.820099389957875,4.924631286876807,4.73298882972153,4.907209396362305,425900,0.0,0.0
2022-03-16 00:00:00-04:00,5.278878535963773,5.424062211633484,5.052391802539587,5.249841690063477,651700,0.0,0.0
2022-03-17 00:00:00-04:00,5.20338384781585,5.412448177146036,5.20338384781585,5.389218807220459,360300,0.0,0.0
2022-03-18 00:00:00-04:00,5.400834600442151,5.638935817287863,5.400834600442151,5.615706443786621,767300,0.0,0.0
2022-03-21 00:00:00-04:00,5.6563567128030146,5.749274190444089,5.505365534720342,5.708622932434082,311500,0.0,0.0
2022-03-22 00:00:00-04:00,5.726044605830843,5.8596138902938195,5.5692465066624655,5.63893461227417,319600,0.0,0.0
2022-03-23 00:00:00-04:00,5.697008310533174,5.697008310533174,5.5053653278111945,5.63893461227417,224800,0.0,0.0
2022-03-24 00:00:00-04:00,5.691200678153228,5.691200678153228,5.406640782703521,5.609897613525391,281600,0.0,0.0
2022-03-25 00:00:00-04:00,5.633128118100757,5.7492749811254455,5.604091263886602,5.726045608520508,200800,0.0,0.0
2022-03-28 00:00:00-04:00,5.685393803142027,5.685393803142027,5.464714507508329,5.511173248291016,255600,0.0,0.0
2022-03-29 00:00:00-04:00,5.569246897360883,5.650549416028891,5.505365714028167,5.644742488861084,343000,0.0,0.0
2022-03-30 00:00:00-04:00,5.662163299595405,5.935108762443668,5.633126453959332,5.836383819580078,384200,0.0,0.0
2022-03-31 00:00:00-04:00,5.824770456348966,5.8944585726778325,5.6389354794719875,5.65054988861084,232700,0.0,0.0
2022-04-01 00:00:00-04:00,5.6912007829198705,5.795732663557864,5.615705197339648,5.778310775756836,199600,0.0,0.0
2022-04-04 00:00:00-04:00,5.813155894657296,6.010605829323427,5.7376602988242515,5.969954013824463,359600,0.0,0.0
2022-04-05 00:00:00-04:00,5.981569568232518,5.998991460123064,5.784119614033145,5.911881446838379,222600,0.0,0.0
2022-04-06 00:00:00-04:00,5.894459001115876,5.9234958568214235,5.760890240235098,5.911881446838379,209300,0.0,0.0
2022-04-07 00:00:00-04:00,5.929302855782773,5.96995411816029,5.871229149101826,5.917687892913818,149700,0.0,0.0
2022-04-08 00:00:00-04:00,5.952532190545269,5.969954080908077,5.789926588217943,5.830577850341797,158400,0.0,0.0
2022-04-11 00:00:00-04:00,5.818963441377228,5.8712291124656515,5.749274772262179,5.830577850341797,143100,0.0,0.0
2022-04-12 00:00:00-04:00,5.871227972987748,5.993182289522535,5.824769238482286,5.8944573402404785,156200,0.0,0.0
2022-04-13 00:00:00-04:00,5.935109696383597,5.99318284296228,5.853806626575216,5.929302215576172,164400,0.0,0.0
2022-04-14 00:00:00-04:00,5.97576073820397,6.004797587358856,5.842192007456061,5.85961389541626,169700,0.0,0.0
2022-04-18 00:00:00-04:00,5.836384526858718,5.987375699398657,5.830577046261374,5.85961389541626,134700,0.0,0.0
2022-04-19 00:00:00-04:00,5.842192543854648,5.969953805735563,5.813155692033756,5.900265693664551,106200,0.0,0.0
2022-04-20 00:00:00-04:00,5.917687669414113,5.940917040442781,5.813155776701054,5.888651371002197,122100,0.0,0.0
2022-04-21 00:00:00-04:00,5.8944577039519785,5.906072665210933,5.726044642519974,5.766696453094482,142100,0.0,0.0
2022-04-22 00:00:00-04:00,5.726044589803478,5.77831080732392,5.598283340122209,5.685393333435059,249000,0.0,0.0
2022-04-25 00:00:00-04:00,5.615704874606997,5.615704874606997,5.447291825324164,5.5402092933654785,207500,0.0,0.0
2022-04-26 00:00:00-04:00,5.540209458271736,5.557631345590102,5.458906394399674,5.522787570953369,162700,0.0,0.0
2022-04-27 00:00:00-04:00,5.487944104588297,5.55763221864091,5.42987095312707,5.534402847290039,152700,0.0,0.0
2022-04-28 00:00:00-04:00,5.575054498582227,5.575054498582227,5.429870793450729,5.546017646789551,81900,0.0,0.0
2022-04-29 00:00:00-04:00,5.534401977888343,5.586668193675254,5.487943242484825,5.522787570953369,124800,0.0,0.0
2022-05-02 00:00:00-04:00,5.6040917613087,5.877037329017457,5.5982848330159865,5.80734920501709,300100,0.0,0.0
2022-05-03 00:00:00-04:00,5.813155776701054,5.987376336332009,5.72604521996963,5.888651371002197,200400,0.0,0.0
2022-05-04 00:00:00-04:00,5.958339902730899,6.173211738301298,5.90026619416293,6.161596775054932,263500,0.0,0.0
2022-05-05 00:00:00-04:00,6.173211214649928,6.173211214649928,5.836385062724093,5.900265693664551,141000,0.0,0.0
2022-05-06 00:00:00-04:00,5.842192666528625,5.894458336305442,5.737660219311199,5.801540851593018,109500,0.0,0.0
2022-05-09 00:00:00-04:00,5.708624029058411,5.818963970327334,5.6737802451654575,5.737660884857178,213400,0.0,0.0
2022-05-10 00:00:00-04:00,4.088372343202579,4.175482605233964,3.571518527959666,3.7863903045654297,995700,0.0,0.0
2022-05-11 00:00:00-04:00,3.8096198826921746,4.123216621910537,3.8096198826921746,4.012876987457275,431700,0.0,0.0
2022-05-12 00:00:00-04:00,3.9780337499679543,4.105795574701805,3.7283178589568253,3.8038134574890137,326500,0.0,0.0
2022-05-13 00:00:00-04:00,3.8386561554077145,4.082564755342987,3.8386561554077145,4.047720432281494,353100,0.0,0.0
2022-05-16 00:00:00-04:00,3.972225869959097,4.094180192416853,3.954803705215454,3.954803705215454,240000,0.0,0.0
2022-05-17 00:00:00-04:00,3.9954563298214865,4.221942871865103,3.972226955094756,4.2045207023620605,298200,0.0,0.0
2022-05-18 00:00:00-04:00,4.18129090825451,4.280015879399057,4.129024958819603,4.175483703613281,199500,0.0,0.0
2022-05-19 00:00:00-04:00,4.129024144370163,4.256785667351836,4.105794776555314,4.140638828277588,163200,0.0,0.0
2022-05-20 00:00:00-04:00,4.175483077628193,4.216134611686196,4.03029938345579,4.146446228027344,416900,0.0,0.0
2022-05-23 00:00:00-04:00,4.152254977661452,4.169676871213433,3.995456551113599,4.094181537628174,243700,0.0,0.0
2022-05-24 00:00:00-04:00,4.082566012204871,4.192905387177265,4.024492307167677,4.105795383453369,163100,0.0,0.0
2022-05-25 00:00:00-04:00,4.099987296143648,4.187097563907288,4.065143244421374,4.140638828277588,157300,0.0,0.0
2022-05-26 00:00:00-04:00,4.181290218424658,4.2858226538806194,4.175483014741502,4.216134548187256,166500,0.0,0.0
2022-05-27 00:00:00-04:00,4.210327051815957,4.320666690541733,4.187097683338521,4.2625932693481445,145600,0.0,0.0
2022-05-31 00:00:00-04:00,4.309435680057733,4.350421981280068,4.157200049236957,4.209897041320801,272700,0.06,0.0
2022-06-01 00:00:00-04:00,4.233317619236357,4.280159263173974,4.157199808238619,4.221607208251953,189900,0.0,0.0
2022-06-02 00:00:00-04:00,4.227462440590533,4.408974236792693,4.227462440590533,4.321146011352539,196900,0.0,0.0
2022-06-03 00:00:00-04:00,4.2743034084904545,4.379697087900485,4.221606429186354,4.367986679077148,206300,0.0,0.0
2022-06-06 00:00:00-04:00,4.3796972497208815,4.543643258503218,4.274303566416781,4.537787914276123,296400,0.0,0.0
2022-06-07 00:00:00-04:00,4.485091432201367,4.561209240436199,4.432394724283431,4.5202226638793945,250500,0.0,0.0
2022-06-08 00:00:00-04:00,4.531933548194703,4.58463054081965,4.473381489277118,4.490947246551514,175400,0.0,0.0
2022-06-09 00:00:00-04:00,4.502657361946645,4.70173434916215,4.403118728739782,4.5670647621154785,330900,0.0,0.0
2022-06-10 00:00:00-04:00,4.602195040031232,4.654891739052691,4.537787653229266,4.619760513305664,300400,0.0,0.0
2022-06-13 00:00:00-04:00,4.590485308413825,4.590485308413825,4.221606964873813,4.2333173751831055,267600,0.0,0.0
2022-06-14 00:00:00-04:00,4.332855726733452,4.332855726733452,4.1981858771458525,4.2625932693481445,274500,0.0,0.0
2022-06-15 00:00:00-04:00,4.309434603147854,4.4265386905167485,4.274303376937185,4.408973217010498,228800,0.0,0.0
2022-06-16 00:00:00-04:00,4.315290496127187,4.373842551049209,4.157199808238619,4.221607208251953,295000,0.0,0.0
2022-06-17 00:00:00-04:00,4.2860138710700255,4.3211450979806605,4.209896073164564,4.25673770904541,431400,0.0,0.0
2022-06-21 00:00:00-04:00,4.256737934739873,4.408973538622408,4.239172180754124,4.291869163513184,174300,0.0,0.0
2022-06-22 00:00:00-04:00,4.21575186316064,4.274304197280883,4.1747655643143355,4.221607208251953,324800,0.0,0.0
2022-06-23 00:00:00-04:00,4.204041957855225,4.262594299018377,4.1747660664719035,4.204041957855225,261800,0.0,0.0
2022-06-24 00:00:00-04:00,4.221606984878531,4.362131909255936,4.180620409002685,4.18647575378418,311600,0.0,0.0
2022-06-27 00:00:00-04:00,4.1806203698153,4.3035798170920625,4.1806203698153,4.280158996582031,146200,0.0,0.0
2022-06-28 00:00:00-04:00,4.280159280965507,4.391408325378892,4.227462291717529,4.227462291717529,138200,0.0,0.0
2022-06-29 00:00:00-04:00,4.204041229732253,4.204041229732253,4.0986475364491985,4.18647575378418,132600,0.0,0.0
2022-06-30 00:00:00-04:00,4.116213010196327,4.2625932693481445,4.116213010196327,4.2625932693481445,243400,0.0,0.0
2022-07-01 00:00:00-04:00,4.2567388503276575,4.362132559316867,4.227462680453754,4.309435844421387,152300,0.0,0.0
2022-07-05 00:00:00-04:00,4.2333179928214655,4.2333179928214655,3.9464124795871696,4.057661533355713,375400,0.0,0.0
2022-07-06 00:00:00-04:00,4.06351494899748,4.127922324104409,4.02838372962955,4.051804542541504,190400,0.0,0.0
2022-07-07 00:00:00-04:00,4.104502219905988,4.209895896207825,4.104502219905988,4.110357284545898,111900,0.0,0.0
2022-07-08 00:00:00-04:00,4.127922324104409,4.139632730560385,4.0459491997144585,4.051804542541504,150700,0.0,0.0
2022-07-11 00:00:00-04:00,4.040095847748187,4.081082148109667,3.96983337924431,3.9991092681884766,127900,0.0,0.0
2022-07-12 00:00:00-04:00,3.9698329536675456,4.057660890282886,3.8702943276920787,3.882004737854004,129900,0.0,0.0
2022-07-13 00:00:00-04:00,3.8644389830120156,3.9229910338216425,3.8058869322023883,3.882004737854004,185100,0.0,0.0
2022-07-14 00:00:00-04:00,3.8117415719738297,3.917135243940617,3.8058862283766,3.893714427947998,133900,0.0,0.0
2022-07-15 00:00:00-04:00,3.9698324139091454,4.040094865327462,3.9229905004321046,3.993253231048584,159400,0.0,0.0
2022-07-18 00:00:00-04:00,4.022529122690952,4.098646918178979,3.9288458539045594,3.9581220149993896,148500,0.0,0.0
2022-07-19 00:00:00-04:00,4.010819575133045,4.139634376566384,4.010819575133045,4.127923965454102,171600,0.0,0.0
2022-07-20 00:00:00-04:00,4.139634696678795,4.151345108696629,4.04595112133788,4.057661533355713,143800,0.0,0.0
2022-07-21 00:00:00-04:00,4.0166739982992095,4.104502201080322,3.934700860131152,4.104502201080322,187600,0.0,0.0
2022-07-22 00:00:00-04:00,4.116213674123931,4.116213674123931,3.9522676345828995,3.9756884574890137,109200,0.0,0.0
2022-07-25 00:00:00-04:00,3.9698316973496675,4.09864616836541,3.9698316973496675,4.051804542541504,143600,0.0,0.0
2022-07-26 00:00:00-04:00,4.0459496899192935,4.157198704328992,4.010818466294886,4.081080913543701,127400,0.0,0.0
2022-07-27 00:00:00-04:00,4.081080865694552,4.227461102012405,4.040094578212365,4.215750694274902,124400,0.0,0.0
2022-07-28 00:00:00-04:00,4.198186144255229,4.297724771483315,4.174765323636644,4.2333173751831055,117200,0.0,0.0
2022-07-29 00:00:00-04:00,4.1981866296575285,4.262594033404644,4.168910460900229,4.209897041320801,98900,0.0,0.0
2022-08-01 00:00:00-04:00,4.133778728795239,4.3035798170920625,4.104502842756802,4.280158996582031,151000,0.0,0.0
2022-08-02 00:00:00-04:00,4.3152888137357435,4.3152888137357435,4.16890859390049,4.192329406738281,121500,0.0,0.0
2022-08-03 00:00:00-04:00,4.227461307305847,4.274303219728732,4.186475017833289,4.2684478759765625,180500,0.0,0.0
2022-08-04 00:00:00-04:00,4.25673895322276,4.26844936561574,4.168910720676286,4.204041957855225,144100,0.0,0.0
2022-08-05 00:00:00-04:00,4.192331284226774,4.250883621741372,4.081082233826569,4.209897041320801,206000,0.0,0.0
2022-08-08 00:00:00-04:00,4.198185868889604,4.321145308671172,4.198185868889604,4.286014080047607,166800,0.0,0.0
2022-08-09 00:00:00-04:00,4.373842971426779,4.414829553410596,4.245028438217745,4.309435844421387,231900,0.0,0.0
2022-08-10 00:00:00-04:00,4.338710784912109,4.461670224736988,4.321145310193233,4.338710784912109,190000,0.0,0.0
2022-08-11 00:00:00-04:00,4.385552337757426,4.496801365872261,4.367986863380347,4.467525482177734,207400,0.0,0.0
2022-08-12 00:00:00-04:00,4.514366390397459,4.514366390397459,4.3445653431175035,4.502655982971191,184300,0.0,0.0
2022-08-15 00:00:00-04:00,4.496801628717979,4.526077793321928,4.397263283300586,4.461670398712158,149500,0.0,0.0
2022-08-16 00:00:00-04:00,4.467525980106496,4.508512277686602,4.3679873502150155,4.420684337615967,171500,0.0,0.0
2022-08-17 00:00:00-04:00,4.367986948374485,4.403118177010423,4.291869146730858,4.338710784912109,111600,0.0,0.0
2022-08-18 00:00:00-04:00,4.3328549752732215,4.408972763838392,4.309434160206728,4.391407012939453,112200,0.0,0.0
2022-08-19 00:00:00-04:00,4.403118395851526,4.403118395851526,4.280158949915393,4.344566345214844,176400,0.0,0.0
2022-08-22 00:00:00-04:00,4.286013646144719,4.286013646144719,4.180619691745601,4.198185443878174,325900,0.0,0.0
2022-08-23 00:00:00-04:00,4.204040934061105,4.309434899129983,4.204040934061105,4.286014080047607,118300,0.0,0.0
2022-08-24 00:00:00-04:00,4.2860140884765805,4.3211453171692344,4.227461761457303,4.2625932693481445,72900,0.0,0.0
2022-08-25 00:00:00-04:00,4.262593474323489,4.344566345214844,4.227461964743278,4.344566345214844,117500,0.0,0.0
2022-08-26 00:00:00-04:00,4.332855506950872,4.332855506950872,4.250882644159391,4.25673770904541,124500,0.0,0.0
2022-08-29 00:00:00-04:00,4.233317099004294,4.3504211944574225,4.204040935541919,4.338710784912109,164000,0.0,0.0
2022-08-30 00:00:00-04:00,4.332856002411192,4.373842298894612,4.209896554564521,4.2333173751831055,252900,0.0,0.0
2022-08-31 00:00:00-04:00,4.221508443996846,4.31597567446948,4.174274828760529,4.3041672706604,414100,0.06,0.0
2022-09-01 00:00:00-04:00,4.2451250238755085,4.251029084696034,4.085711440237771,4.144753456115723,259500,0.0,0.0
2022-09-02 00:00:00-04:00,4.186083080668641,4.245125097571571,4.014861090882871,4.038477897644043,182200,0.0,0.0
2022-09-06 00:00:00-04:00,4.06209551933403,4.103424798690201,3.9144903066971946,3.9794363975524902,265700,0.0,0.0
2022-09-07 00:00:00-04:00,3.944011352303857,4.008957727526092,3.9322029460393244,4.003053665161133,146200,0.0,0.0
2022-09-08 00:00:00-04:00,3.979436291961929,4.014861789805236,3.908585859344501,3.9381070137023926,187600,0.0,0.0
2022-09-09 00:00:00-04:00,3.9558191480565856,3.973531895487037,3.914489873276482,3.9322023391723633,200100,0.0,0.0
2022-09-12 00:00:00-04:00,3.961723547605389,4.020765570658871,3.9144899291626034,3.9853403568267822,190200,0.0,0.0
2022-09-13 00:00:00-04:00,3.932203063475623,3.932203063475623,3.7905021840692967,3.8200230598449707,261100,0.0,0.0
2022-09-14 00:00:00-04:00,3.8023099906414846,3.8141183953951865,3.660608852062486,3.678321599960327,258600,0.0,0.0
2022-09-15 00:00:00-04:00,3.6606085134929542,3.7314592169967633,3.631087645106372,3.68422532081604,291700,0.0,0.0
2022-09-16 00:00:00-04:00,3.6428969821416697,3.8023106131843294,3.625184231343764,3.7964062690734863,395100,0.0,0.0
2022-09-19 00:00:00-04:00,3.7432689050374734,3.814119351316724,3.731460497324265,3.8023109436035156,232100,0.0,0.0
2022-09-20 00:00:00-04:00,3.7491725633420416,3.7609809697803387,3.696034875137013,3.7314600944519043,131500,0.0,0.0
2022-09-21 00:00:00-04:00,3.749172057406302,3.766884805440792,3.636992070613411,3.6428964138031006,87700,0.0,0.0
2022-09-22 00:00:00-04:00,3.6369918588531824,3.6428962016990973,3.577949838066844,3.607470989227295,145600,0.0,0.0
2022-09-23 00:00:00-04:00,3.560237864903023,3.560237864903023,3.430345119677126,3.471674680709839,186900,0.0,0.0
2022-09-26 00:00:00-04:00,3.4716744616095343,3.5248121435441995,3.406728093095406,3.4480576515197754,115200,0.0,0.0
2022-09-27 00:00:00-04:00,3.495291140018587,3.5484291014859295,3.4303447739512314,3.489386796951294,97300,0.0,0.0
2022-09-28 00:00:00-04:00,3.4893866006100964,3.6074709215004126,3.459865731538435,3.566141366958618,149000,0.0,0.0
2022-09-29 00:00:00-04:00,3.536620780910892,3.5838546857278044,3.483483095485594,3.5720462799072266,133600,0.0,0.0
2022-09-30 00:00:00-04:00,3.560237305758109,3.636991790572074,3.5425245590874663,3.566141366958618,227700,0.0,0.0
2022-10-03 00:00:00-04:00,3.6015668544834307,3.796405675103605,3.5956627928309355,3.7668848037719727,131900,0.0,0.0
2022-10-04 00:00:00-04:00,3.766884851793798,3.8200225334819895,3.6960344218531542,3.7078428268432617,421100,0.0,0.0
2022-10-05 00:00:00-04:00,3.672417705551049,3.684226111747627,3.4185368315573195,3.601567268371582,145900,0.0,0.0
2022-10-06 00:00:00-04:00,3.56614170786782,3.6192796714249718,3.5011953392462547,3.5602376461029053,209000,0.0,0.0
2022-10-07 00:00:00-04:00,3.536620677449166,3.542525020954028,3.442153433648129,3.4657702445983887,173000,0.0,0.0
2022-10-10 00:00:00-04:00,3.465769874770546,3.631087815316091,3.465769874770546,3.5838541984558105,130300,0.0,0.0
2022-10-11 00:00:00-04:00,3.548428859978474,3.625183343887329,3.5189077097203776,3.625183343887329,163200,0.0,0.0
2022-10-12 00:00:00-04:00,3.61927919493887,3.61927919493887,3.513003281816025,3.548428773880005,110400,0.0,0.0
2022-10-13 00:00:00-04:00,3.489386912224403,3.749172103541346,3.4775785072342957,3.7078428268432617,139700,0.0,0.0
2022-10-14 00:00:00-04:00,3.7373634169007333,3.7373634169007333,3.631087779998779,3.6310877799987793,156700,0.0,0.0
2022-10-17 00:00:00-04:00,3.707842687962651,3.766884710701715,3.6960342834148383,3.7609803676605225,140700,0.0,0.0
2022-10-18 00:00:00-04:00,3.802310816123342,3.896778074661803,3.7964064716973693,3.831831693649292,98500,0.0,0.0
2022-10-19 00:00:00-04:00,3.820022592795527,3.873160556843375,3.7845973772751575,3.8082141876220703,88900,0.0,0.0
2022-10-20 00:00:00-04:00,3.7905016134511103,3.8495436376489542,3.6724172835208435,3.7668848037719727,96800,0.0,0.0
2022-10-21 00:00:00-04:00,3.790501405345793,3.879064577547571,3.749171849909079,3.855447769165039,70100,0.0,0.0
2022-10-24 00:00:00-04:00,3.879065215153682,3.8849692774524907,3.7964060906934862,3.837735652923584,88000,0.0,0.0
2022-10-25 00:00:00-04:00,3.843639271868253,3.890872887489165,3.802309717432676,3.849543333053589,96700,0.0,0.0
2022-10-26 00:00:00-04:00,3.8731615161988207,3.9676287809853643,3.8318319470873794,3.9085867404937744,131900,0.0,0.0
2022-10-27 00:00:00-04:00,3.9144903066971946,4.038478707834905,3.890873495198069,3.9794363975524902,119900,0.0,0.0
2022-10-28 00:00:00-04:00,3.979435552753771,4.144753479686728,3.979435552753771,4.109328269958496,143300,0.0,0.0
2022-10-31 00:00:00-04:00,4.091615572089408,4.144753528069318,4.008956748425306,4.038477897644043,177900,0.0,0.0
2022-11-01 00:00:00-04:00,3.9912455988482822,3.9912455988482822,3.843640367202141,3.944011688232422,321400,0.0,0.0
2022-11-02 00:00:00-04:00,3.9203946800549576,3.967628306803209,3.7845978623864234,3.7964062690734863,120700,0.0,0.0
2022-11-03 00:00:00-04:00,3.7786933974011196,3.8790649843194696,3.7491722430599843,3.8259270191192627,101000,0.0,0.0
2022-11-04 00:00:00-04:00,3.867257347262893,4.121138255207989,3.867257347262893,4.1034255027771,123100,0.0,0.0
2022-11-07 00:00:00-05:00,4.162465881417286,4.203795148585017,4.097519528180758,4.115231990814209,127900,0.0,0.0
2022-11-08 00:00:00-05:00,4.1152334883974,4.1742758027538285,3.997149422753784,4.0443830490112305,98900,0.0,0.0
2022-11-09 00:00:00-05:00,4.044382896458331,4.085712458641968,3.944011303679933,3.949915647506714,115300,0.0,0.0
2022-11-10 00:00:00-05:00,4.15065933197965,4.7765054945810785,4.15065933197965,4.7528886795043945,302200,0.0,0.0
2022-11-11 00:00:00-05:00,4.770599488185172,5.042193048490872,4.770599488185172,4.876875400543213,278700,0.0,0.0
2022-11-14 00:00:00-05:00,4.876876543615513,4.941822636907285,4.782409294075036,4.8237385749816895,156000,0.0,0.0
2022-11-15 00:00:00-05:00,4.829643212262831,4.930014811764816,4.764696551956102,4.811930179595947,147300,0.0,0.0
2022-11-16 00:00:00-05:00,4.764695571824986,4.782408600848177,4.634803122535196,4.676132678985596,77600,0.0,0.0
2022-11-17 00:00:00-05:00,4.587569069288238,4.8768753739190585,4.546239516759679,4.835545539855957,220400,0.0,0.0
2022-11-18 00:00:00-05:00,4.906397997944894,4.935918592917854,4.800122054220614,4.811930179595947,135000,0.0,0.0
2022-11-21 00:00:00-05:00,4.758791973602705,4.900492832784288,4.758791973602705,4.8709716796875,117800,0.0,0.0
2022-11-22 00:00:00-05:00,4.918205840873664,4.977248153567371,4.876876559829604,4.959535121917725,99200,0.0,0.0
2022-11-23 00:00:00-05:00,4.965438552564585,4.989055360684653,4.924109279121746,4.97724723815918,102900,0.0,0.0
2022-11-25 00:00:00-05:00,4.989055360684653,5.09533127875952,4.97724723815918,4.97724723815918,95200,0.0,0.0
2022-11-28 00:00:00-05:00,4.971342360921683,5.071713925408888,4.94772555534052,4.983150482177734,143700,0.0,0.0
2022-11-29 00:00:00-05:00,4.959534134265306,5.136660474003877,4.959534134265306,5.006767749786377,126800,0.0,0.0
2022-11-30 00:00:00-05:00,5.04244615698104,5.28029774388942,4.994875953015676,5.256512641906738,309700,0.06,0.0
2022-12-01 00:00:00-05:00,5.250566460065603,5.292190248631233,5.1256945272871235,5.202996253967285,103400,0.0,0.0
2022-12-02 00:00:00-05:00,5.13758659362793,5.244619257793312,5.066231295157174,5.13758659362793,91000,0.0,0.0
2022-12-05 00:00:00-05:00,5.137587170167416,5.304082885283311,5.107855650697758,5.244619846343994,167000,0.0,0.0
2022-12-06 00:00:00-05:00,5.244619809455358,5.2862441632527375,5.084070512778951,5.173264503479004,236900,0.0,0.0
2022-12-07 00:00:00-05:00,5.143532730102904,5.292189751979652,5.1375868802098,5.262458801269531,184700,0.0,0.0
2022-12-08 00:00:00-05:00,5.268404701735111,5.351652838934559,5.060285209358803,5.191102981567383,181200,0.0,0.0
2022-12-09 00:00:00-05:00,5.143533602875964,5.161372856826906,4.875951031509761,4.881897449493408,98600,0.0,0.0
2022-12-12 00:00:00-05:00,4.870004376953427,5.018661416833444,4.864058526340245,4.935413837432861,185000,0.0,0.0
2022-12-13 00:00:00-05:00,5.084070710591689,5.173264704762132,5.012715401839018,5.0483927726745605,604700,0.0,0.0
2022-12-14 00:00:00-05:00,5.000821668637755,5.244619071524459,4.959197887778508,5.119747161865234,178800,0.0,0.0
2022-12-15 00:00:00-05:00,5.0365007421136685,5.173264948564564,4.994876384735107,4.994876384735107,211100,0.0,0.0
2022-12-16 00:00:00-05:00,4.947305286588049,5.238673467491454,4.947305286588049,5.23272705078125,1337300,0.0,0.0
2022-12-19 00:00:00-05:00,5.262458771560987,5.298136139044336,5.131640434265137,5.131640434265137,264600,0.0,0.0
2022-12-20 00:00:00-05:00,5.0721769645742425,5.214888123528701,5.060284698792236,5.119747161865234,207600,0.0,0.0
2022-12-21 00:00:00-05:00,5.143532260510731,5.214888123528701,5.101908479651484,5.119747161865234,250800,0.0,0.0
2022-12-22 00:00:00-05:00,5.090017367970666,5.090017367970666,4.8878437001027235,4.994876384735107,126500,0.0,0.0
2022-12-23 00:00:00-05:00,4.982983150026419,5.000821832825853,4.858111236267371,4.971090316772461,132600,0.0,0.0
2022-12-27 00:00:00-05:00,4.971091012350541,5.095962943582247,4.9294672243005,4.97703742980957,188100,0.0,0.0
2022-12-28 00:00:00-05:00,4.977037868905247,5.036500914578461,4.852165926656801,4.881897449493408,182600,0.0,0.0
2022-12-29 00:00:00-05:00,4.9056825543463685,4.94730634606864,4.870004613526113,4.881897449493408,278600,0.0,0.0
2022-12-30 00:00:00-05:00,4.84621805572551,4.8521644719263595,4.792702011162254,4.834325790405273,285200,0.0,0.0
2023-01-03 00:00:00-05:00,4.947305230624412,5.28624360721238,4.947305230624412,5.13758659362793,314100,0.0,0.0
2023-01-04 00:00:00-05:00,5.202995985120014,5.202995985120014,5.042446122522876,5.101909160614014,267200,0.0,0.0
2023-01-05 00:00:00-05:00,5.0543391274796665,5.0543391274796665,4.941360031793074,5.0127153396606445,121100,0.0,0.0
2023-01-06 00:00:00-05:00,5.054338461871297,5.232726991588938,5.054338461871297,5.13758659362793,138700,0.0,0.0
2023-01-09 00:00:00-05:00,5.202995490373163,5.238673423251584,5.095962258819405,5.16137170791626,215300,0.0,0.0
2023-01-10 00:00:00-05:00,5.191102335778017,5.476524079896237,5.167317237691621,5.458685398101807,253200,0.0,0.0
2023-01-11 00:00:00-05:00,5.494364014122703,5.672752573974811,5.4884175964752595,5.52409553527832,225600,0.0,0.0
2023-01-12 00:00:00-05:00,5.524095484657045,5.547880587947259,5.434901489089139,5.512203216552734,169300,0.0,0.0
2023-01-13 00:00:00-05:00,5.470577819196956,5.720321639747993,5.458685553356257,5.696536540985107,169000,0.0,0.0
2023-01-17 00:00:00-05:00,5.714376598264934,5.7381617027509275,5.595451075834967,5.660860538482666,162000,0.0,0.0
2023-01-18 00:00:00-05:00,5.6905905318202725,5.797623767454756,5.5597727628020435,5.577611446380615,186500,0.0,0.0
2023-01-19 00:00:00-05:00,5.530040554500337,5.589503014693227,5.47057752722599,5.571664333343506,150300,0.0,0.0
2023-01-20 00:00:00-05:00,5.61923482823536,5.761945420812671,5.530040849644912,5.696536540985107,275100,0.0,0.0
2023-01-23 00:00:00-05:00,5.696537459589606,5.75005408220638,5.577611946597651,5.625182151794434,171800,0.0,0.0
2023-01-24 00:00:00-05:00,5.55977206813751,5.631127360617851,5.500309040863163,5.571664333343506,141900,0.0,0.0
2023-01-25 00:00:00-05:00,5.530041745599264,5.565719115983147,5.482471540366367,5.541934013366699,104700,0.0,0.0
2023-01-26 00:00:00-05:00,5.4408476248966995,5.488417833971519,5.363546460461335,5.470579147338867,170500,0.0,0.0
2023-01-27 00:00:00-05:00,5.4408463598511805,5.452739192895507,5.369491062829697,5.381383895874023,132900,0.0,0.0
2023-01-30 00:00:00-05:00,5.351652380344699,5.446792776373344,5.321920864815374,5.381383895874023,125800,0.0,0.0
2023-01-31 00:00:00-05:00,5.405169968205972,5.559773423133163,5.405169968205972,5.512203216552734,114700,0.0,0.0
2023-02-01 00:00:00-05:00,5.512203296142491,5.613289561274275,5.399223628571484,5.488417625427246,228200,0.0,0.0
2023-02-02 00:00:00-05:00,5.506256805682982,5.547880594721282,5.333814664847975,5.428955078125,226000,0.0,0.0
2023-02-03 00:00:00-05:00,5.3813844499143135,5.4646320214693835,5.339760097055229,5.440846920013428,245700,0.0,0.0
2023-02-06 00:00:00-05:00,5.393277139605319,5.434901495725213,5.066232110735943,5.428955078125,346300,0.0,0.0
2023-02-07 00:00:00-05:00,5.417062450783388,5.494364181307525,5.321922033855717,5.411116600036621,153500,0.0,0.0
2023-02-08 00:00:00-05:00,5.381384153317868,5.452739453752969,5.339759802752921,5.3754377365112305,147400,0.0,0.0
2023-02-09 00:00:00-05:00,5.399223002956228,5.399223002956228,5.167317844088167,5.286243915557861,244900,0.0,0.0
2023-02-10 00:00:00-05:00,5.286243469555615,5.369491032062931,5.155425142225061,5.333813667297363,204200,0.0,0.0
2023-02-13 00:00:00-05:00,5.333814375317224,5.393276846846819,5.315975123484938,5.363545894622803,105900,0.0,0.0
2023-02-14 00:00:00-05:00,5.3694915771484375,5.470578399381885,5.3219213745775855,5.3694915771484375,153000,0.0,0.0
2023-02-15 00:00:00-05:00,5.339760788842302,5.470579147338867,5.29813699767224,5.470579147338867,128600,0.0,0.0
2023-02-16 00:00:00-05:00,5.411116421169391,5.458686628060769,5.357599796646192,5.393277168273926,139300,0.0,0.0
2023-02-17 00:00:00-05:00,5.399223121445776,5.440846907124709,5.3219214001266515,5.417061805725098,271000,0.0,0.0
2023-02-21 00:00:00-05:00,5.393276362065979,5.399222778808908,5.268404445872054,5.28029727935791,219900,0.0,0.0
2023-02-22 00:00:00-05:00,5.286244200434142,5.298136467973066,5.16137227232683,5.244619846343994,155100,0.0,0.0
2023-02-23 00:00:00-05:00,5.262458851784933,5.298136219812167,5.173264297553766,5.191102981567383,94400,0.0,0.0
2023-02-24 00:00:00-05:00,5.137586903071162,5.17326427091468,5.095962551145007,5.143532752990723,109500,0.0,0.0
2023-02-27 00:00:00-05:00,5.179210375965495,5.2148883087416245,5.107855077494739,5.13758659362793,127000,0.0,0.0
2023-02-28 00:00:00-05:00,5.149563107708777,5.323211135447595,5.1196236744337,5.239380836486816,230300,0.06,0.0
2023-03-01 00:00:00-05:00,5.239380836486816,5.305247132854233,5.197465972530024,5.239380836486816,173700,0.0,0.0
2023-03-02 00:00:00-05:00,5.197464821437695,5.2333916765732456,5.161537395255078,5.191476821899414,144800,0.0,0.0
2023-03-03 00:00:00-05:00,5.209440637587356,5.377100639820958,5.185489208696842,5.305246353149414,146500,0.0,0.0
2023-03-06 00:00:00-05:00,5.317222625432406,5.365125485666714,5.071720323969794,5.119623184204102,295100,0.0,0.0
2023-03-07 00:00:00-05:00,5.119623184204102,5.203452904090572,5.083695753504802,5.119623184204102,82700,0.0,0.0
2023-03-08 00:00:00-05:00,5.137587030930989,5.203453326336244,5.077708165255533,5.197465896606445,126700,0.0,0.0
2023-03-09 00:00:00-05:00,5.203452658077711,5.209440658085678,5.08968351316188,5.107646942138672,135200,0.0,0.0
2023-03-10 00:00:00-05:00,5.047769086336918,5.071720517367401,4.550776178645449,4.868133068084717,287200,0.0,0.0
2023-03-13 00:00:00-04:00,4.748376157611318,4.814242743061584,4.712449007053976,4.7902913093566895,153900,0.0,0.0
2023-03-14 00:00:00-04:00,4.8980728174459465,5.023817981276744,4.850169952276805,4.922024250030518,258900,0.0,0.0
2023-03-15 00:00:00-04:00,4.431019687181461,4.484910272310114,4.215456490095979,4.407068252563477,531100,0.0,0.0
2023-03-16 00:00:00-04:00,4.3412008732417755,4.532812600780243,4.293298012738052,4.442994594573975,226900,0.0,0.0
2023-03-17 00:00:00-04:00,4.383116722106934,4.448983023104387,4.281322984444448,4.383116722106934,558800,0.0,0.0
2023-03-20 00:00:00-04:00,4.413055481029181,4.431019197770367,4.275334604425385,4.3352131843566895,230200,0.0,0.0
2023-03-21 00:00:00-04:00,4.401080034513244,4.496886053792954,4.353177167635193,4.377128601074219,181600,0.0,0.0
2023-03-22 00:00:00-04:00,4.383116183218833,4.437006760543499,4.293298173646282,4.299285888671875,163600,0.0,0.0
2023-03-23 00:00:00-04:00,4.3172494539523765,4.3651523145777364,4.209468017545316,4.2633585929870605,143900,0.0,0.0
2023-03-24 00:00:00-04:00,4.227432228737525,4.335213685062344,4.161565640443879,4.3172502517700195,136000,0.0,0.0
2023-03-27 00:00:00-04:00,4.359164288902013,4.389103431896068,4.3112611461691355,4.371140003204346,127600,0.0,0.0
2023-03-28 00:00:00-04:00,4.365152308921339,4.365152308921339,4.293298018076408,4.353176593780518,138800,0.0,0.0
2023-03-29 00:00:00-04:00,4.401079352506253,4.425030782233679,4.239407059084344,4.329225063323975,272000,0.0,0.0
2023-03-30 00:00:00-04:00,4.341201686508868,4.383116840063665,4.275335098215222,4.3172502517700195,181700,0.0,0.0
2023-03-31 00:00:00-04:00,4.3412012432398,4.4250312562661,4.317249810946571,4.41904354095459,195400,0.0,0.0
2023-04-03 00:00:00-04:00,4.442993534775069,4.58071436863415,4.437005535878652,4.5268235206604,230700,0.0,0.0
2023-04-04 00:00:00-04:00,4.508860719697981,4.532812147554996,4.407067008543896,4.472933292388916,160200,0.0,0.0
2023-04-05 00:00:00-04:00,4.448981864531901,4.502872719971956,4.431018436400911,4.472933292388916,179100,0.0,0.0
2023-04-06 00:00:00-04:00,4.437005345700916,4.592689884052838,4.431017632584644,4.5687384605407715,253200,0.0,0.0
2023-04-10 00:00:00-04:00,4.568739834039764,4.652569841533788,4.562751833599831,4.646582126617432,107800,0.0,0.0
2023-04-11 00:00:00-04:00,4.6645455294295255,4.820230113668334,4.6645455294295255,4.754363536834717,145100,0.0,0.0
2023-04-12 00:00:00-04:00,4.8022670932292595,4.874121391074567,4.742388226167904,4.760351657867432,181700,0.0,0.0
2023-04-13 00:00:00-04:00,4.7723274302520995,4.874121448347813,4.7723274302520995,4.844182014465332,128200,0.0,0.0
2023-04-14 00:00:00-04:00,4.850169858267844,4.880108720132867,4.700472979230394,4.736400127410889,166600,0.0,0.0
2023-04-17 00:00:00-04:00,4.736399670746392,4.754363385866447,4.670533381527843,4.718436241149902,116300,0.0,0.0
2023-04-18 00:00:00-04:00,4.748375057753842,4.7603507718323765,4.664545059204102,4.664545059204102,127200,0.0,0.0
2023-04-19 00:00:00-04:00,4.676521028879532,4.688496743612603,4.616642455214175,4.634605884552002,105600,0.0,0.0
2023-04-20 00:00:00-04:00,4.6106545705254645,4.742387721411088,4.59867885549255,4.730412006378174,158600,0.0,0.0
2023-04-21 00:00:00-04:00,4.73041278670461,4.73041278670461,4.49688616227857,4.592691898345947,163100,0.0,0.0
2023-04-24 00:00:00-04:00,4.5687389720497515,4.646581249940814,4.550775259642767,4.598678112030029,166600,0.0,0.0
2023-04-25 00:00:00-04:00,4.53879993289052,4.53879993289052,4.454969934077166,4.466945648193359,114900,0.0,0.0
2023-04-26 00:00:00-04:00,4.431019257101204,4.460958404705942,4.377128391679642,4.41904354095459,81700,0.0,0.0
2023-04-27 00:00:00-04:00,4.448981915420719,4.514848485542683,4.431018487084257,4.4849090576171875,85800,0.0,0.0
2023-04-28 00:00:00-04:00,4.478920988695518,4.5687389798364775,4.478920988695518,4.490896701812744,93600,0.0,0.0
2023-05-01 00:00:00-04:00,4.4609579497863985,4.574727384339053,4.4609579497863985,4.538800239562988,145000,0.0,0.0
2023-05-02 00:00:00-04:00,4.514848709106445,4.526824423764942,4.389103562430456,4.514848709106445,170500,0.0,0.0
2023-05-03 00:00:00-04:00,4.556764005081909,4.622630295137645,4.526824574675798,4.55077600479126,204500,0.0,0.0
2023-05-04 00:00:00-04:00,4.508860741796935,4.550775597990375,4.460957600324579,4.544787883758545,109400,0.0,0.0
2023-05-05 00:00:00-04:00,4.62262953822366,4.646581249940814,4.54478754585612,4.598678112030029,126700,0.0,0.0
2023-05-08 00:00:00-04:00,4.610654455085859,4.670533314274777,4.580715311014962,4.634605884552002,110300,0.0,0.0
2023-05-09 00:00:00-04:00,4.62263045986864,4.724424184248634,4.610654744384146,4.658557891845703,137800,0.0,0.0
2023-05-10 00:00:00-04:00,5.0896837537958755,5.233392334498799,4.999866033618333,5.119623184204102,258900,0.0,0.0
2023-05-11 00:00:00-04:00,5.059743815365333,5.173513525284148,5.00585296025085,5.1555495262146,224600,0.0,0.0
2023-05-12 00:00:00-04:00,5.179502026017771,5.329198622966807,5.149563163465723,5.323211193084717,201000,0.0,0.0
2023-05-15 00:00:00-04:00,5.329198203524116,5.4369799275794,5.257343911169644,5.383089065551758,433600,0.0,0.0
2023-05-16 00:00:00-04:00,5.3711128053603,5.419015659524626,5.311233952131362,5.389076232910156,270700,0.0,0.0
2023-05-17 00:00:00-04:00,5.442967934005931,5.544761657714844,5.407040502265722,5.544761657714844,245600,0.0,0.0
2023-05-18 00:00:00-04:00,5.5208097830113845,5.676493785242343,5.466918925257661,5.664518356323242,230000,0.0,0.0
2023-05-19 00:00:00-04:00,5.694457940117458,5.862117946876054,5.604639651068583,5.6106276512146,257400,0.0,0.0
2023-05-22 00:00:00-04:00,5.610627325358809,5.676493609998216,5.5028456131787875,5.556736469268799,325400,0.0,0.0
2023-05-23 00:00:00-04:00,5.556735283781254,5.664516972966866,5.5267958622244775,5.568711280822754,200500,0.0,0.0
2023-05-24 00:00:00-04:00,5.556735283781254,5.574699279343503,5.496857011714669,5.568711280822754,135200,0.0,0.0
2023-05-25 00:00:00-04:00,5.538773314616438,5.58068817318116,5.4788944557693045,5.508833885192871,114300,0.0,0.0
2023-05-26 00:00:00-04:00,5.5208101629748665,5.538773593113384,5.3950650099109465,5.460931301116943,115800,0.0,0.0
2023-05-30 00:00:00-04:00,5.484881941238807,5.5088333683209685,5.35314880676338,5.389076232910156,168300,0.0,0.0
2023-05-31 00:00:00-04:00,5.3649645099331735,5.3649645099331735,5.063561996456486,5.117814540863037,299500,0.06,0.0
2023-06-01 00:00:00-04:00,5.117814076365406,5.147954439953441,5.039449360988361,5.111785888671875,218600,0.0,0.0
2023-06-02 00:00:00-04:00,5.214263158674173,5.352908611297607,5.190150981028315,5.352908611297607,257200,0.0,0.0
2023-06-05 00:00:00-04:00,5.298656259303994,5.334824814519307,5.081646652651156,5.166038990020752,240600,0.0,0.0
2023-06-06 00:00:00-04:00,5.135898912482839,5.310712340731405,5.105758547292468,5.262487411499023,346600,0.0,0.0
2023-06-07 00:00:00-04:00,5.2866001244995795,5.606086613446094,5.2866001244995795,5.521693706512451,249800,0.0,0.0
2023-06-08 00:00:00-04:00,5.509637918054836,5.5638898852652146,5.401132833874786,5.515665531158447,143900,0.0,0.0
2023-06-09 00:00:00-04:00,5.491553246069094,5.491553246069094,5.328796197880604,5.473469257354736,190900,0.0,0.0
2023-06-12 00:00:00-04:00,5.4734698570941545,5.557862771807656,5.40716150795621,5.551834583282471,278200,0.0,0.0
2023-06-13 00:00:00-04:00,5.545805479240405,5.696506718213675,5.533749679059937,5.581974029541016,231100,0.0,0.0
2023-06-14 00:00:00-04:00,5.581975064553343,5.606087244264773,5.286600719368395,5.3167405128479,217000,0.0,0.0
2023-06-15 00:00:00-04:00,5.316739915625625,5.322768103596272,5.196179030610916,5.280571937561035,311100,0.0,0.0
2023-06-16 00:00:00-04:00,5.33482469168622,5.340852305016919,5.033422179723827,5.129870891571045,1159300,0.0,0.0
2023-06-20 00:00:00-04:00,5.117814148292578,5.250431405016001,5.045477619592427,5.172066688537598,239700,0.0,0.0
2023-06-21 00:00:00-04:00,5.153984013341582,5.166039817090335,5.081647466209743,5.093703269958496,168400,0.0,0.0
2023-06-22 00:00:00-04:00,5.06958987694857,5.123842418061731,4.936972618103027,4.936972618103027,205700,0.0,0.0
2023-06-23 00:00:00-04:00,4.912860715035134,5.135899079781414,4.876692735532262,5.129870891571045,602200,0.0,0.0
2023-06-26 00:00:00-04:00,5.184123867928926,5.37099311899313,5.063562393188477,5.063562393188477,643300,0.0,0.0
2023-06-27 00:00:00-04:00,5.087673019832023,5.135897939932376,5.015336502000804,5.021364688873291,247000,0.0,0.0
2023-06-28 00:00:00-04:00,5.02136622195715,5.075618770614408,4.9791700507258225,5.063562393188477,156500,0.0,0.0
2023-06-29 00:00:00-04:00,5.123842536454831,5.316739953865759,5.099730359278464,5.262487411499023,265300,0.0,0.0
2023-06-30 00:00:00-04:00,5.316739522660302,5.407160610897958,5.256459372048135,5.334824085235596,158800,0.0,0.0
2023-07-03 00:00:00-04:00,5.370992727412817,5.431273460388184,5.334824747531337,5.431273460388184,108200,0.0,0.0
2023-07-05 00:00:00-04:00,5.395104069540023,5.395104069540023,5.20823486105919,5.220290660858154,181900,0.0,0.0
2023-07-06 00:00:00-04:00,5.196178996012876,5.256459725558683,5.147954642328088,5.250431537628174,151700,0.0,0.0
2023-07-07 00:00:00-04:00,5.274544342072825,5.377021249566331,5.262487964777255,5.3167405128479,153000,0.0,0.0
2023-07-10 00:00:00-04:00,5.304683904186582,5.395104420641733,5.298655716455006,5.389076232910156,123400,0.0,0.0
2023-07-11 00:00:00-04:00,5.419216822944912,5.515665531158447,5.395104645891528,5.515665531158447,156600,0.0,0.0
2023-07-12 00:00:00-04:00,5.600059209263668,5.732676488754959,5.545806659704516,5.696507930755615,213000,0.0,0.0
2023-07-13 00:00:00-04:00,5.708563817567344,5.7266478075723155,5.642254896082987,5.702535629272461,185800,0.0,0.0
2023-07-14 00:00:00-04:00,5.726647644563106,5.726647644563106,5.485525868428102,5.594030380249023,124100,0.0,0.0
2023-07-17 00:00:00-04:00,5.569917666643812,5.642254192523388,5.55183367889382,5.575945854187012,119600,0.0,0.0
2023-07-18 00:00:00-04:00,5.563889684646679,5.726647305048164,5.563889684646679,5.6663665771484375,140400,0.0,0.0
2023-07-19 00:00:00-04:00,5.672394952652499,5.817068014544506,5.666366764687087,5.81104040145874,131500,0.0,0.0
2023-07-20 00:00:00-04:00,5.847208905009448,5.8532370935166425,5.744731999905926,5.835153102874756,129300,0.0,0.0
2023-07-21 00:00:00-04:00,5.859264609632374,5.859264609632374,5.738703727722168,5.738703727722168,184400,0.0,0.0
2023-07-24 00:00:00-04:00,5.720618762674327,5.83515202360823,5.708562962769469,5.750759124755859,108100,0.0,0.0
2023-07-25 00:00:00-04:00,5.738704022248827,5.901461077460855,5.738704022248827,5.877348899841309,148000,0.0,0.0
2023-07-26 00:00:00-04:00,5.889404296875,5.991880603559862,5.8472075618969885,5.889404296875,170400,0.0,0.0
2023-07-27 00:00:00-04:00,5.907489291311008,5.943657270457999,5.798984204110709,5.865292549133301,189200,0.0,0.0
2023-07-28 00:00:00-04:00,5.931601360545308,5.985853903153168,5.798984098046058,5.82309627532959,175300,0.0,0.0
2023-07-31 00:00:00-04:00,5.8472089503457445,5.937630054015654,5.811040968781542,5.859265327453613,163800,0.0,0.0
2023-08-01 00:00:00-04:00,5.847208905009448,5.913517828829196,5.762816565427511,5.835153102874756,130900,0.0,0.0
2023-08-02 00:00:00-04:00,5.805012851061187,5.877349389951954,5.750760303173185,5.871321201324463,132400,0.0,0.0
2023-08-03 00:00:00-04:00,5.859265774547755,5.943658121223628,5.774872852992138,5.82912540435791,124400,0.0,0.0
2023-08-04 00:00:00-04:00,5.829124715256701,6.022022141860377,5.811040725232526,5.979825973510742,256000,0.0,0.0
2023-08-07 00:00:00-04:00,6.003938511745464,6.21492051590042,5.979826331974587,6.172723770141602,349300,0.0,0.0
2023-08-08 00:00:00-04:00,6.09435853782069,6.14861108153536,5.895432927453345,6.142582893371582,261700,0.0,0.0
2023-08-09 00:00:00-04:00,6.124499486250027,6.160668043792954,5.9496860370319355,5.955714225769043,372300,0.0,0.0
2023-08-10 00:00:00-04:00,5.431273863322681,5.5096385920524975,4.557206332172889,4.653655052185059,1147400,0.0,0.0
2023-08-11 00:00:00-04:00,4.5511774495393436,4.689822598381252,4.40650411327658,4.629541873931885,643700,0.0,0.0
2023-08-14 00:00:00-04:00,4.629542419086998,4.882720859219994,4.629542419086998,4.689823150634766,356300,0.0,0.0
2023-08-15 00:00:00-04:00,4.641598430113856,4.641598430113856,4.490897178649902,4.490897178649902,354300,0.0,0.0
2023-08-16 00:00:00-04:00,4.484869291053236,4.533093645671041,4.376364493163176,4.388420581817627,267000,0.0,0.0
2023-08-17 00:00:00-04:00,4.412533296661131,4.5029538288646265,4.400477206538008,4.406505107879639,275900,0.0,0.0
2023-08-18 00:00:00-04:00,4.400477206538008,4.442673378249009,4.346224657264021,4.406505107879639,301900,0.0,0.0
2023-08-21 00:00:00-04:00,4.418560659733842,4.454728925697196,4.376364493163176,4.388420581817627,332600,0.0,0.0
2023-08-22 00:00:00-04:00,4.406504664977043,4.496925475532106,4.406504664977043,4.436645030975342,318600,0.0,0.0
2023-08-23 00:00:00-04:00,4.436644983963692,4.4788411509863915,4.388420628829277,4.412532806396484,230100,0.0,0.0
2023-08-24 00:00:00-04:00,4.400476419391922,4.448700771258166,4.364307868052429,4.370336055755615,364800,0.0,0.0
2023-08-25 00:00:00-04:00,4.400476670472078,4.460757113744334,4.358280216461586,4.388420581817627,230900,0.0,0.0
2023-08-28 00:00:00-04:00,4.406505107879639,4.484869837399872,4.388421116414884,4.406505107879639,379800,0.0,0.0
2023-08-29 00:00:00-04:00,4.418560981750488,4.442673160816642,4.340196256065564,4.418560981750488,202200,0.0,0.0
2023-08-30 00:00:00-04:00,4.40047620441273,4.478840628647085,4.370335842248887,4.382391929626465,249100,0.0,0.0
2023-08-31 00:00:00-04:00,4.418861338976601,4.418861338976601,4.297297181166002,4.303375244140625,403500,0.06,0.0
2023-09-01 00:00:00-04:00,4.3459234651929455,4.412783906457044,4.315532276482395,4.327688694000244,287400,0.0,0.0
2023-09-05 00:00:00-04:00,4.18181071223014,4.224358018741711,4.042011798338291,4.157497882843018,1532100,0.0,0.0
2023-09-06 00:00:00-04:00,4.14534273347235,4.169655570280714,4.005543776908318,4.0177001953125,723600,0.0,0.0
2023-09-07 00:00:00-04:00,3.9873083221878924,4.011621154836515,3.9204478874882662,3.9812302589416504,926100,0.0,0.0
2023-09-08 00:00:00-04:00,4.011621510017476,4.230437313060423,3.9508394230143944,4.127107620239258,846000,0.0,0.0
2023-09-11 00:00:00-04:00,4.1514206644048945,4.3033760344919365,4.127107828377517,4.248672008514404,628000,0.0,0.0
2023-09-12 00:00:00-04:00,4.224358256995932,4.321609869861211,4.224358256995932,4.279062271118164,716900,0.0,0.0
2023-09-13 00:00:00-04:00,4.303376129586026,4.333767320207754,4.200046429270405,4.291219711303711,683200,0.0,0.0
2023-09-14 00:00:00-04:00,4.321610496737647,4.540426005303514,4.321610496737647,4.522191524505615,866100,0.0,0.0
2023-09-15 00:00:00-04:00,4.497878309207613,4.552582036799232,4.394548627333033,4.431017875671387,7846800,0.0,0.0
2023-09-18 00:00:00-04:00,4.449252523345159,4.449252523345159,4.266905996797445,4.303375244140625,828600,0.0,0.0
2023-09-19 00:00:00-04:00,4.333767047675097,4.364157946553791,4.3033758589645466,4.327688694000244,426900,0.0,0.0
2023-09-20 00:00:00-04:00,4.358079065883986,4.443173972559746,4.321609820165803,4.352000713348389,527300,0.0,0.0
2023-09-21 00:00:00-04:00,4.321610130656326,4.4674871240097405,4.321610130656326,4.431017875671387,432100,0.0,0.0
2023-09-22 00:00:00-04:00,4.4188612860104755,4.467486948551869,4.345922792198383,4.37631368637085,347200,0.0,0.0
2023-09-25 00:00:00-04:00,4.37631439175451,4.400627226944002,4.339845138970273,4.35807991027832,231600,0.0,0.0
2023-09-26 00:00:00-04:00,4.315532436596706,4.3520016905033305,4.266906764721206,4.297297954559326,421400,0.0,0.0
2023-09-27 00:00:00-04:00,4.303375784745256,4.479643980629941,4.303375784745256,4.449253082275391,321500,0.0,0.0
2023-09-28 00:00:00-04:00,4.431018002252682,4.528269333933147,4.3641575668064485,4.370235919952393,530600,0.0,0.0
2023-09-29 00:00:00-04:00,4.388470809349256,4.400627226944002,4.315532303780781,4.35807991027832,374800,0.0,0.0
2023-10-02 00:00:00-04:00,4.3520014517677215,4.38847070367377,4.181811609539494,4.230437278747559,316100,0.0,0.0
2023-10-03 00:00:00-04:00,4.2061249854960945,4.266907079829182,4.169655728896242,4.242594242095947,333100,0.0,0.0
2023-10-04 00:00:00-04:00,4.236515383821987,4.254750154868869,4.175733296718803,4.212202548980713,256200,0.0,0.0
2023-10-05 00:00:00-04:00,4.212202172844075,4.272984544351434,4.206124109592435,4.254749774932861,288900,0.0,0.0
2023-10-06 00:00:00-04:00,4.218280417196405,4.303375329348729,4.193967585152883,4.260828018188477,202000,0.0,0.0
2023-10-09 00:00:00-04:00,4.279062848520655,4.303375682559717,4.181811512364408,4.187889575958252,183800,0.0,0.0
2023-10-10 00:00:00-04:00,4.187890212280224,4.285141853045053,4.18181214776286,4.242594242095947,378000,0.0,0.0
2023-10-11 00:00:00-04:00,4.230436981857488,4.272984584344499,4.200045795819362,4.236515045166016,218700,0.0,0.0
2023-10-12 00:00:00-04:00,4.254750014481593,4.260828367907281,4.157498678325347,4.187889575958252,174300,0.0,0.0
2023-10-13 00:00:00-04:00,4.193968130882546,4.218280966089714,4.12102962526104,4.139264106750488,189700,0.0,0.0
2023-10-16 00:00:00-04:00,4.169655114722953,4.200046012497096,4.11495109296491,4.133185863494873,214500,0.0,0.0
2023-10-17 00:00:00-04:00,4.1088730102472235,4.218280763423001,4.1088730102472235,4.187889575958252,204600,0.0,0.0
2023-10-18 00:00:00-04:00,4.157498767285753,4.18181160184505,4.121029515446806,4.1453423500061035,160200,0.0,0.0
2023-10-19 00:00:00-04:00,4.1331856631556505,4.139263726483132,4.023777624942672,4.04809045791626,471000,0.0,0.0
2023-10-20 00:00:00-04:00,4.04809047495783,4.07240330803377,3.9812303289149105,3.993386745452881,407200,0.0,0.0
2023-10-23 00:00:00-04:00,3.969073534011841,4.060246504439334,3.969073534011841,3.969073534011841,284200,0.0,0.0
2023-10-24 00:00:00-04:00,4.011621068830113,4.0541686699689246,4.0055430057141805,4.023777484893799,283400,0.0,0.0
2023-10-25 00:00:00-04:00,3.9994643556467677,4.023777185967943,3.9569170475006104,3.9569170475006104,167300,0.0,0.0
2023-10-26 00:00:00-04:00,3.969074721728321,4.078482492879869,3.969074721728321,4.054169654846191,229200,0.0,0.0
2023-10-27 00:00:00-04:00,4.06632542759074,4.096716325386782,3.98123050799724,3.999464988708496,187800,0.0,0.0
2023-10-30 00:00:00-04:00,4.042012354947958,4.078481604050679,3.999464752745536,4.0663251876831055,147700,0.0,0.0
2023-10-31 00:00:00-04:00,4.060246820133761,4.060246820133761,3.969073842617339,3.9812302589416504,202200,0.0,0.0
2023-11-01 00:00:00-04:00,3.9873083922679795,4.00554316199085,3.9447607894691683,3.993386745452881,192500,0.0,0.0
2023-11-02 00:00:00-04:00,4.029856816812514,4.072404138455504,4.023778462388149,4.054169654846191,147700,0.0,0.0
2023-11-03 00:00:00-04:00,4.114951653813617,4.163577328745176,4.0906388163478375,4.09671688079834,260300,0.0,0.0
2023-11-06 00:00:00-05:00,4.121029277128512,4.121029277128512,4.0237776546835144,4.078481674194336,241700,0.0,0.0
2023-11-07 00:00:00-05:00,4.054169080668742,4.054169080668742,3.9873086406293887,4.011621475219727,279800,0.0,0.0
2023-11-08 00:00:00-05:00,4.011620874245079,4.011620874245079,3.8718219513777714,3.8839783668518066,249500,0.0,0.0
2023-11-09 00:00:00-05:00,3.8779007287414324,3.914369979157679,3.8171186447143555,3.8171186447143555,309700,0.0,0.0
2023-11-10 00:00:00-05:00,3.5861461820476004,3.6347718458315432,3.2032186450013236,3.531442165374756,1447400,0.0,0.0
2023-11-13 00:00:00-05:00,3.446347780830675,3.628694047908149,3.4402694270121614,3.610459566116333,440800,0.0,0.0
2023-11-14 00:00:00-05:00,3.6833976321563546,3.7928053793100505,3.6833976321563546,3.725945234298706,397700,0.0,0.0
2023-11-15 00:00:00-05:00,3.7198669623118326,3.8292750016827792,3.695554129080919,3.756336212158203,380700,0.0,0.0
2023-11-16 00:00:00-05:00,3.7745713458066783,3.7806494097843197,3.653007167935232,3.6773200035095215,255800,0.0,0.0
2023-11-17 00:00:00-05:00,3.725945315535478,3.7988838152282196,3.713788898920021,3.756336212158203,242400,0.0,0.0
2023-11-20 00:00:00-05:00,3.76849251862798,3.8049620572402514,3.738101622893521,3.7624144554138184,152600,0.0,0.0
2023-11-21 00:00:00-05:00,3.719866713770603,3.7563359611802976,3.6955538821641403,3.7381014823913574,200300,0.0,0.0
2023-11-22 00:00:00-05:00,3.7381016506491167,3.7502580669995274,3.689475985247474,3.725945234298706,162400,0.0,0.0
2023-11-24 00:00:00-05:00,3.7381015800289794,3.7624144122704832,3.701632331666724,3.7137887477874756,214400,0.0,0.0
2023-11-27 00:00:00-05:00,3.7077105456963757,3.7563362121582036,3.6651632324581933,3.756336212158203,298600,0.0,0.0
2023-11-28 00:00:00-05:00,3.732023738635741,3.732023738635741,3.6469288141257286,3.6773200035095215,405300,0.0,0.0
2023-11-29 00:00:00-05:00,3.7016326817412035,3.744179997271751,3.6165374710164095,3.640850305557251,366100,0.0,0.0
2023-11-30 00:00:00-05:00,3.6776886948127947,3.72066679995318,3.6408504444486316,3.6469902992248535,919700,0.06,0.0
2023-12-01 00:00:00-05:00,3.6040115860056976,3.794342660489553,3.6040115860056976,3.7820632457733154,448000,0.0,0.0
2023-12-04 00:00:00-05:00,3.757504941255515,3.8066226069820894,3.696107859097297,3.714527130126953,301900,0.0,0.0
2023-12-05 00:00:00-05:00,3.714527237941348,3.745225633529289,3.634710882436799,3.6469902992248535,563000,0.0,0.0
2023-12-06 00:00:00-05:00,3.6838282129722257,3.7513651455174046,3.6347105503082275,3.6347105503082275,474700,0.0,0.0
2023-12-07 00:00:00-05:00,3.66540889425476,3.6961075793929243,3.62243108637856,3.659269332885742,326300,0.0,0.0
2023-12-08 00:00:00-05:00,3.6592693816402266,3.6961076286382255,3.6101517189762284,3.6347105503082275,279900,0.0,0.0
2023-12-11 00:00:00-05:00,3.6347106494418444,3.6531296270610243,3.5917325470564734,3.628570795059204,263800,0.0,0.0
2023-12-12 00:00:00-05:00,3.6408500250953963,3.6408500250953963,3.5057764559845754,3.524195432662964,325700,0.0,0.0
2023-12-13 00:00:00-05:00,3.530335734287898,3.683828592300415,3.4812180665661954,3.683828592300415,440700,0.0,0.0
2023-12-14 00:00:00-05:00,3.7513652345584227,3.825041730303178,3.7022475707285856,3.7697842121124268,391800,0.0,0.0
2023-12-15 00:00:00-05:00,3.7820634803400592,3.8680196814491397,3.745225233906607,3.800482749938965,652800,0.0,0.0
2023-12-18 00:00:00-05:00,3.8373211462606376,3.88029924849393,3.7513652345584227,3.7697842121124268,292200,0.0,0.0
2023-12-19 00:00:00-05:00,3.782063853752883,3.861880208621348,3.775924291789979,3.8496007919311523,241900,0.0,0.0
2023-12-20 00:00:00-05:00,3.8434606121188444,3.8864384172435065,3.7820632457733154,3.7820632457733154,228800,0.0,0.0
2023-12-21 00:00:00-05:00,3.8127625866325414,3.861880253970096,3.7759243361293757,3.843461275100708,347300,0.0,0.0
2023-12-22 00:00:00-05:00,3.8557406466584436,3.886439042001739,3.8127625418605655,3.8496007919311523,255300,0.0,0.0
2023-12-26 00:00:00-05:00,3.8741596253115436,3.898718458691935,3.843461229968248,3.8496007919311523,198300,0.0,0.0
2023-12-27 00:00:00-05:00,3.8311813373945403,3.8987182723447438,3.800482943518537,3.8066225051879883,368900,0.0,0.0
2023-12-28 00:00:00-05:00,3.8004828983882595,3.831181291899723,3.7513652345584227,3.7697842121124268,221700,0.0,0.0
2023-12-29 00:00:00-05:00,3.782063340716261,3.782063340716261,3.720666265593792,3.732945680618286,209600,0.0,0.0
2024-01-02 00:00:00-05:00,3.745225384372797,3.794343048257392,3.6899681588848128,3.7083871364593506,335400,0.0,0.0
2024-01-03 00:00:00-05:00,3.6961077651868948,3.7452254296654917,3.659269516827947,3.7022476196289062,348700,0.0,0.0
2024-01-04 00:00:00-05:00,3.6838284532484633,3.7390859737317923,3.6776885986328125,3.6776885986328125,298300,0.0,0.0
2024-01-05 00:00:00-05:00,3.6654093205225804,3.7268066979391015,3.640850486661729,3.683828592300415,201600,0.0,0.0
2024-01-08 00:00:00-05:00,3.677688309757154,3.6899680180239067,3.6347105018809542,3.659269332885742,214900,0.0,0.0
2024-01-09 00:00:00-05:00,3.622430995747999,3.622430995747999,3.554894065792377,3.567173480987549,297700,0.0,0.0
2024-01-10 00:00:00-05:00,3.5548942089080815,3.5733134788245526,3.5119161076125573,3.554894208908081,273100,0.0,0.0
2024-01-11 00:00:00-05:00,3.554894696969167,3.5794535317199685,3.4812181927167622,3.493497610092163,320500,0.0,0.0
2024-01-12 00:00:00-05:00,3.5426148827712436,3.5978724011531327,3.5364753211534623,3.5855929851531982,250200,0.0,0.0
2024-01-16 00:00:00-05:00,3.5426149422052586,3.561034212896363,3.481217861175537,3.481217861175537,465800,0.0,0.0
2024-01-17 00:00:00-05:00,3.4136809748754176,3.4812179113639736,3.4075414130661197,3.4566590785980225,327700,0.0,0.0
2024-01-18 00:00:00-05:00,3.48121806328857,3.48121806328857,3.4014017069337554,3.4259605407714844,300000,0.0,0.0
2024-01-19 00:00:00-05:00,3.4382396190745084,3.450519034784032,3.358423270580426,3.4321000576019287,317600,0.0,0.0
2024-01-22 00:00:00-05:00,3.4382400855206576,3.511916589773062,3.413681250769856,3.493497610092163,395200,0.0,0.0
2024-01-23 00:00:00-05:00,3.524196007148463,3.542615279593766,3.47507833764686,3.493497610092163,208000,0.0,0.0
2024-01-24 00:00:00-05:00,3.536475629025031,3.536475629025031,3.462798833847046,3.462798833847046,153200,0.0,0.0
2024-01-25 00:00:00-05:00,3.5057765003035755,3.5241954772148114,3.438239568512205,3.5180559158325195,176600,0.0,0.0
2024-01-26 00:00:00-05:00,3.542614504122572,3.548754357848473,3.5119158210217485,3.5364749431610107,152100,0.0,0.0
2024-01-29 00:00:00-05:00,3.554893923658597,3.585592606801291,3.4750775816990647,3.5794527530670166,147000,0.0,0.0
2024-01-30 00:00:00-05:00,3.5610341079215995,3.5610341079215995,3.5180560060855464,3.5487546920776367,383200,0.0,0.0
2024-01-31 00:00:00-05:00,3.5487548467855428,3.5855930959233935,3.499636888504028,3.4996368885040283,161400,0.0,0.0
2024-02-01 00:00:00-05:00,3.5180561594551434,3.5487548467855428,3.4750780557454606,3.4996368885040283,317100,0.0,0.0
2024-02-02 00:00:00-05:00,3.493496798233682,3.493496798233682,3.401401042938233,3.4014010429382324,194400,0.0,0.0
2024-02-05 00:00:00-05:00,3.376842505034317,3.3891219206147762,3.2540483492297225,3.2970261573791504,1101300,0.0,0.0
2024-02-06 00:00:00-05:00,3.303166344269308,3.3768428451732713,3.303166344269308,3.3093059062957764,306000,0.0,0.0
2024-02-07 00:00:00-05:00,3.340004523803895,3.4750781059265137,3.327725107247293,3.4750781059265137,676100,0.0,0.0
2024-02-08 00:00:00-05:00,3.462798027609977,3.6162908516163594,3.462798027609977,3.6101512908935547,353300,0.0,0.0
2024-02-09 00:00:00-05:00,3.604011864761047,3.6347105503082275,3.567173617763048,3.6347105503082275,220400,0.0,0.0
2024-02-12 00:00:00-05:00,3.6347103573491246,3.7575045074902382,3.6347103573491246,3.7513649463653564,250800,0.0,0.0
2024-02-13 00:00:00-05:00,3.665408650997188,3.665408650997188,3.52419523570921,3.5364749431610107,335100,0.0,0.0
2024-02-14 00:00:00-05:00,3.59173254677098,3.59173254677098,3.5241956123891574,3.5855929851531982,295600,0.0,0.0
2024-02-15 00:00:00-05:00,3.5855927963026533,3.6961075344813294,3.5855927963026533,3.6654088497161865,218000,0.0,0.0
2024-02-16 00:00:00-05:00,3.6285705086601925,3.67154860765335,3.5917322635650635,3.5917322635650635,248400,0.0,0.0
2024-02-20 00:00:00-05:00,3.573313379505328,3.5917323561454855,3.5303352794043676,3.5610339641571045,214100,0.0,0.0
2024-02-21 00:00:00-05:00,3.5671734335016443,3.5917322635650635,3.5303351884065157,3.5917322635650635,182100,0.0,0.0
2024-02-22 00:00:00-05:00,3.5487548800847195,3.5855931295682364,3.499636921342314,3.5733137130737305,422800,0.0,0.0
2024-02-23 00:00:00-05:00,3.5671738401828486,3.7145271301269527,3.5487548619175735,3.714527130126953,321400,0.0,0.0
2024-02-26 00:00:00-05:00,3.7022474870857813,3.75136514980593,3.5917324532010824,3.6162912845611572,538300,0.0,0.0
2024-02-27 00:00:00-05:00,3.6592693858234693,3.696107632863581,3.6162912845611572,3.6162912845611572,212100,0.0,0.0
2024-02-28 00:00:00-05:00,3.6101519625572474,3.6469902120407642,3.561034296579225,3.5733137130737305,234800,0.0,0.0
2024-02-29 00:00:00-05:00,3.6224310902475874,3.6531294826541814,3.579452989561125,3.640850067138672,213800,0.0,0.0
2024-03-01 00:00:00-05:00,3.6408502173889277,3.6408502173889277,3.5602180275847672,3.5726232528686523,274700,0.06,0.0
2024-03-04 00:00:00-05:00,3.5974331119227254,3.616040358334855,3.56642064022671,3.5726232528686523,178900,0.0,0.0
2024-03-05 00:00:00-05:00,3.5602181294129704,3.5850282849335042,3.510598409885618,3.523003339767456,261600,0.0,0.0
2024-03-06 00:00:00-05:00,3.5664208164721436,3.5974332897007337,3.5292060260519533,3.5416109561920166,399200,0.0,0.0
2024-03-07 00:00:00-05:00,3.578825484345741,3.616040272038726,3.541610696652756,3.566420555114746,144200,0.0,0.0
2024-03-08 00:00:00-05:00,3.5105980298656303,3.572622968317519,3.504395713474537,3.51680064201355,249100,0.0,0.0
2024-03-11 00:00:00-04:00,3.504396154462549,3.578825735062732,3.504396154462549,3.554015874862671,176800,0.0,0.0
2024-03-12 00:00:00-04:00,3.541611244527961,3.5602184933745105,3.4919915199279785,3.4919915199279785,237200,0.0,0.0
2024-03-13 00:00:00-04:00,3.485788634011608,3.566420828062495,3.485788634011608,3.5292060375213623,151500,0.0,0.0
2024-03-14 00:00:00-04:00,3.485788249640888,4.633245199947115,3.436168534390842,4.267299652099609,4704300,0.0,0.0
2024-03-15 00:00:00-04:00,4.261096950994679,4.502993501431699,4.236287093886804,4.378943920135498,2215900,0.0,0.0
2024-03-18 00:00:00-04:00,4.5091962310897955,4.881344417571443,4.4781837589843025,4.769700050354004,2119000,0.0,0.0
2024-03-19 00:00:00-04:00,4.738687481965533,4.899951860426482,4.7076753062470145,4.881344318389893,1175200,0.0,0.0
2024-03-20 00:00:00-04:00,4.924762686219054,4.992989959406316,4.819320617408806,4.961977481842041,1249900,0.0,0.0
2024-03-21 00:00:00-04:00,4.9929880657932175,5.042607774472036,4.868938498339378,4.924760818481445,1090500,0.0,0.0
2024-03-22 00:00:00-04:00,4.943369521693159,4.980584314196006,4.850332688314482,4.899952411651611,1158200,0.0,0.0
2024-03-25 00:00:00-04:00,4.930964076329868,5.141848174264524,4.906154217250126,5.042608737945557,1129700,0.0,0.0
2024-03-26 00:00:00-04:00,5.061216008678304,5.061216008678304,4.893749311207532,4.912356853485107,643900,0.0,0.0
2024-03-27 00:00:00-04:00,4.961976675683188,5.030203642028894,4.930964203157425,4.999191761016846,436800,0.0,0.0
2024-03-28 00:00:00-04:00,5.030204036840944,5.061216511800822,4.955774451845492,4.992989540100098,417500,0.0,0.0
2024-04-01 00:00:00-04:00,5.036406685859174,5.098431636218878,4.999192188854365,5.048811912536621,786600,0.0,0.0
2024-04-02 00:00:00-04:00,5.042609120304098,5.141848564147949,4.961976924302532,5.141848564147949,595700,0.0,0.0
2024-04-03 00:00:00-04:00,5.123240798309877,5.185265148684312,5.048811222952343,5.086025714874268,758600,0.0,0.0
2024-04-04 00:00:00-04:00,5.117038228716709,5.148050699920759,5.011596181531147,5.03640604019165,676100,0.0,0.0
2024-04-05 00:00:00-04:00,5.048811286756253,5.110835637914517,4.999191569224166,5.011596202850342,626400,0.0,0.0
2024-04-08 00:00:00-04:00,5.042609045327808,5.160455735261737,5.017799184735732,5.030203819274902,852300,0.0,0.0
2024-04-09 00:00:00-04:00,5.055014275274112,5.09222936630249,4.999192526002252,5.09222936630249,1083300,0.0,0.0
2024-04-10 00:00:00-04:00,4.976293036380926,5.190327369527751,4.887112241422904,5.12790060043335,1864400,2.5,0.0
2024-04-11 00:00:00-04:00,5.145737039056544,5.377607543795369,5.047637946647995,5.1814093589782715,1319900,0.0,0.0
2024-04-12 00:00:00-04:00,5.2170816034544165,5.2349177631573465,5.056556166128043,5.065474033355713,710500,0.0,0.0
2024-04-15 00:00:00-04:00,5.047637228782917,5.28842556663393,5.047637228782917,5.261671543121338,1073400,0.0,0.0
2024-04-16 00:00:00-04:00,5.208162691712297,5.2259988478381265,5.083309173583984,5.083309173583984,546300,0.0,0.0
2024-04-17 00:00:00-04:00,5.065474092154184,5.199245504102734,5.056556224822998,5.056556224822998,688900,0.0,0.0
2024-04-18 00:00:00-04:00,5.083310042043943,5.145736811773424,4.967375220042877,4.976293087005615,386100,0.0,0.0
2024-04-19 00:00:00-04:00,4.949538925440577,5.065473744269435,4.904948316104239,5.020883560180664,515800,0.0,0.0
2024-04-22 00:00:00-04:00,5.020883560180664,5.056555877550708,4.958456792159304,5.020883560180664,530300,0.0,0.0
2024-04-23 00:00:00-04:00,5.0030474730019625,5.047637657728042,4.96737515512207,4.994129180908203,500600,0.0,0.0
2024-04-24 00:00:00-04:00,4.958457184381062,4.967375477052807,4.878194251325756,4.913866996765137,407100,0.0,0.0
2024-04-25 00:00:00-04:00,4.878193594025396,4.985210965428541,4.869275727802868,4.958456516265869,368000,0.0,0.0
2024-04-26 00:00:00-04:00,4.940620358573269,4.985210965428541,4.922784200880669,4.958456516265869,356600,0.0,0.0
2024-04-29 00:00:00-04:00,4.958456921028828,5.038719849821231,4.958456921028828,4.985211372375488,340000,0.0,0.0
2024-04-30 00:00:00-04:00,4.967375266623879,4.967375266623879,4.824685566653807,4.833603858947754,305700,0.0,0.0
2024-05-01 00:00:00-04:00,4.8425215800442425,4.896030056452472,4.717668468425041,4.735504627227783,351400,0.0,0.0
2024-05-02 00:00:00-04:00,4.744422847965499,4.797931323569735,4.708750530896007,4.762259006500244,254200,0.0,0.0
2024-05-03 00:00:00-04:00,4.79793119430542,4.851439668468048,4.77117674460033,4.79793119430542,244000,0.0,0.0
2024-05-06 00:00:00-04:00,4.842521376817168,4.8871119845764674,4.789012902654539,4.79793119430542,261100,0.0,0.0
2024-05-07 00:00:00-04:00,4.797931482292278,4.922784596165819,4.797931482292278,4.842521667480469,282900,0.0,0.0
2024-05-08 00:00:00-04:00,4.815767570170186,4.887112205613844,4.806849278115943,4.86927604675293,243700,0.0,0.0
2024-05-09 00:00:00-04:00,4.8871122844345045,4.985211372375488,4.851439966137343,4.985211372375488,370500,0.0,0.0
2024-05-10 00:00:00-04:00,4.976292868112068,4.994129026500559,4.851439759392633,4.9049482345581055,468000,0.0,0.0
2024-05-13 00:00:00-04:00,4.815768017988967,4.887112660066971,4.4857988357543945,4.4857988357543945,863600,0.0,0.0
2024-05-14 00:00:00-04:00,4.5036346624089525,4.60173332537012,4.387699415002942,4.4322896003723145,832500,0.0,0.0
2024-05-15 00:00:00-04:00,4.467961799709665,4.521470270782846,4.414452903388956,4.450125217437744,478800,0.0,0.0
2024-05-16 00:00:00-04:00,4.432289528657975,4.476880138553452,4.405535502918747,4.459043979644775,402300,0.0,0.0
2024-05-17 00:00:00-04:00,4.476880138553452,4.539306907357605,4.405535502918747,4.459043979644775,307700,0.0,0.0
2024-05-20 00:00:00-04:00,4.459043171980531,4.459043171980531,4.271763324737549,4.271763324737549,655200,0.0,0.0
2024-05-21 00:00:00-04:00,4.2628461286853865,4.3698630795525775,4.200419361389078,4.218255519866943,507900,0.0,0.0
2024-05-22 00:00:00-04:00,4.236092083261374,4.298518856524889,4.191501470180634,4.2450103759765625,261300,0.0,0.0
2024-05-23 00:00:00-04:00,4.2004192700646374,4.23609158624479,4.111238479614258,4.111238479614258,313300,0.0,0.0
2024-05-24 00:00:00-04:00,4.14691162109375,4.173665650929552,4.111239297814255,4.14691162109375,246200,0.0,0.0
2024-05-28 00:00:00-04:00,4.146910377750632,4.191500555856977,4.093401908874512,4.093401908874512,349300,0.0,0.0
2024-05-29 00:00:00-04:00,4.09340314167922,4.09340314167922,3.986385746449186,4.0131402015686035,335200,0.0,0.0
2024-05-30 00:00:00-04:00,3.9774674127335525,3.986385279897887,3.7991058169709846,3.816941976547241,707100,0.0,0.0
2024-05-31 00:00:00-04:00,3.852614295699755,3.8882866148522686,3.7991058169709846,3.816941976547241,388300,0.0,0.0
2024-06-03 00:00:00-04:00,3.879368431225758,3.923959044040606,3.7010068304615666,3.7099246978759766,878400,0.0,0.0
2024-06-04 00:00:00-04:00,3.890896050057732,4.089964951616068,3.8547017043198526,3.945187568664551,1089900,0.06,0.0
2024-06-05 00:00:00-04:00,4.026625633239746,4.189500661077437,3.981382905539854,4.026625633239746,687100,0.0,0.0
2024-06-06 00:00:00-04:00,4.008528033821925,4.0175768372916325,3.899944981009618,3.9542365074157715,475800,0.0,0.0
2024-06-07 00:00:00-04:00,3.9451881620440052,3.9632853376348662,3.9180421829223633,3.9180421829223633,351000,0.0,0.0
2024-06-10 00:00:00-04:00,3.9270914737911276,4.071868896484375,3.8456539577907987,4.071868896484375,705600,0.0,0.0
2024-06-11 00:00:00-04:00,4.008527974745827,4.162354179698248,3.990430799543818,4.0990142822265625,478700,0.0,0.0
2024-06-12 00:00:00-04:00,4.126160116377031,4.234743175143887,4.108062939915888,4.162354469299316,472700,0.0,0.0
2024-06-13 00:00:00-04:00,4.171402931213379,4.26188880609932,4.117111406281814,4.171402931213379,628700,0.0,0.0
2024-06-14 00:00:00-04:00,4.2075976551775085,4.216646027735061,4.099014595662524,4.126160144805908,556900,0.0,0.0
2024-06-17 00:00:00-04:00,4.089966449322004,4.18950115228513,4.0447232848467305,4.180452346801758,326900,0.0,0.0
2024-06-18 00:00:00-04:00,4.1985489874316535,4.307132481941918,4.1985489874316535,4.252840518951416,405900,0.0,0.0
2024-06-20 00:00:00-04:00,4.26188923383081,4.343326745136726,4.216646076111805,4.2437920570373535,366500,0.0,0.0
2024-06-21 00:00:00-04:00,4.234742634539444,4.488103504122281,4.207597089048472,4.4609575271606445,1212900,0.0,0.0
2024-06-24 00:00:00-04:00,4.488103893924129,4.641930103302002,4.488103893924129,4.641930103302002,548300,0.0,0.0
2024-06-25 00:00:00-04:00,4.669076219980638,4.813854074870714,4.6238334908974785,4.650979042053223,737000,0.0,0.0
2024-06-26 00:00:00-04:00,4.632880554214041,4.696220874786377,4.551443492301761,4.696220874786377,488000,0.0,0.0
2024-06-27 00:00:00-04:00,4.705270575835468,4.723367753762883,4.632881864125808,4.650979042053223,300400,0.0,0.0
2024-06-28 00:00:00-04:00,4.723367178318573,4.723367178318573,4.524298245369428,4.641930103302002,918900,0.0,0.0
2024-07-01 00:00:00-04:00,4.632881732384521,4.660027714239095,4.524298667907715,4.524298667907715,444800,0.0,0.0
2024-07-02 00:00:00-04:00,4.524298667907715,4.5514446497622885,4.47905550864034,4.524298667907715,322300,0.0,0.0
2024-07-03 00:00:00-04:00,4.524298326063708,4.569541481912631,4.524298326063708,4.533347129821777,129800,0.0,0.0
2024-07-05 00:00:00-04:00,4.515250021130146,4.515250021130146,4.316181062638213,4.343327045440674,442400,0.0,0.0
2024-07-08 00:00:00-04:00,4.325229312036436,4.46095791420891,4.325229312036436,4.45190954208374,310700,0.0,0.0
2024-07-09 00:00:00-04:00,4.433812231482608,4.515249304014572,4.3704719026504675,4.4428606033325195,335400,0.0,0.0
2024-07-10 00:00:00-04:00,4.433812561177609,4.515249639765173,4.415715384661404,4.506201267242432,180500,0.0,0.0
2024-07-11 00:00:00-04:00,4.551444172647289,4.732415927804544,4.542395369154077,4.714318752288818,283900,0.0,0.0
2024-07-12 00:00:00-04:00,4.705270261431822,4.777659399775234,4.68717308471365,4.741464614868164,287300,0.0,0.0
2024-07-15 00:00:00-04:00,4.795756864855355,4.813854042661684,4.678124993378844,4.687173366546631,371200,0.0,0.0
2024-07-16 00:00:00-04:00,4.687173406303796,4.81385408349337,4.669076228343965,4.804805278778076,334800,0.0,0.0
2024-07-17 00:00:00-04:00,4.777659608827318,4.8862426738875255,4.7686108043369275,4.831951141357422,328000,0.0,0.0
2024-07-18 00:00:00-04:00,4.813854021457125,4.940534265543411,4.768610861405219,4.877193927764893,372900,0.0,0.0
2024-07-19 00:00:00-04:00,4.8862426738875255,4.8862426738875255,4.759562431317284,4.831951141357422,281400,0.0,0.0
2024-07-22 00:00:00-04:00,4.831950585432954,4.9676791854070235,4.768610255699877,4.940533638000488,312900,0.0,0.0
2024-07-23 00:00:00-04:00,4.931484693954668,5.021970999985215,4.895290344130723,5.003873825073242,299400,0.0,0.0
2024-07-24 00:00:00-04:00,5.012922176575472,5.085310875931399,4.958630652058527,4.967679023742676,248800,0.0,0.0
2024-07-25 00:00:00-04:00,4.97672791090289,5.130554115366108,4.931484757306406,5.049116611480713,360300,0.0,0.0
2024-07-26 00:00:00-04:00,5.058165440816602,5.067213812700046,4.9224364107994045,5.012922286987305,332100,0.0,0.0
2024-07-29 00:00:00-04:00,5.040068265579021,5.076262616054182,4.985776739866281,5.012922286987305,236900,0.0,0.0
2024-07-30 00:00:00-04:00,5.012922286987305,5.049116637462466,4.967679133158009,5.012922286987305,187400,0.0,0.0
2024-07-31 00:00:00-04:00,5.058165550231934,5.12150544919825,5.0129223954239635,5.058165550231934,210600,0.0,0.0
2024-08-01 00:00:00-04:00,5.0400683731763145,5.112457075672017,4.8229018342185075,4.868144989013672,360600,0.0,0.0
2024-08-02 00:00:00-04:00,4.795756864855355,4.813854042661684,4.650979010933974,4.687173366546631,286400,0.0,0.0
2024-08-05 00:00:00-04:00,4.515248935751459,4.560492085723062,4.216645354056718,4.26188850402832,663200,0.0,0.0
2024-08-06 00:00:00-04:00,4.243791307727406,4.316180002119836,4.171402613334976,4.2980828285217285,433500,0.0,0.0
2024-08-07 00:00:00-04:00,4.406665870110373,4.424763043708481,4.270936852389241,4.2980828285217285,323500,0.0,0.0
2024-08-08 00:00:00-04:00,4.31618073487164,4.37952106895354,4.2618892048603225,4.279986381530762,301300,0.0,0.0
2024-08-09 00:00:00-04:00,4.325229402549531,4.352374950963813,4.243791894365259,4.270937442779541,627600,0.0,0.0
2024-08-12 00:00:00-04:00,4.325229196488569,5.040068265579021,4.316180393134433,5.012922286987305,1210500,0.0,0.0
2024-08-13 00:00:00-04:00,4.9948251219160165,5.4020117813256885,4.967679143269049,5.392963409423828,719700,0.0,0.0
2024-08-14 00:00:00-04:00,5.42915787837903,5.592032459400948,5.383914723470924,5.555838108062744,570600,0.0,0.0
2024-08-15 00:00:00-04:00,5.664421851150117,5.782053282613478,5.4382069292633695,5.537741184234619,600900,0.0,0.0
2024-08-16 00:00:00-04:00,5.564886660200492,5.691566884160553,5.528692310497617,5.573935031890869,1064500,0.0,0.0
2024-08-19 00:00:00-04:00,5.610129459225542,5.610129459225542,5.3477202045131955,5.4653520584106445,463500,0.0,0.0
2024-08-20 00:00:00-04:00,5.465351982782246,5.628226556445181,5.438206436240431,5.573935031890869,552200,0.0,0.0
2024-08-21 00:00:00-04:00,5.592032618774001,5.7549076359085625,5.592032618774001,5.718713283538818,485400,0.0,0.0
2024-08-22 00:00:00-04:00,5.763955490115106,5.763955490115106,5.537740592404428,5.564886569976807,280400,0.0,0.0
2024-08-23 00:00:00-04:00,5.5739354806048365,5.673470166035843,5.546789931877747,5.6101298332214355,335000,0.0,0.0
2024-08-26 00:00:00-04:00,5.736809969562924,5.7458583411468975,5.519643442428747,5.528692245483398,248700,0.0,0.0
2024-08-27 00:00:00-04:00,5.483449379062797,5.610129608138378,5.447255027898346,5.592032432556152,233100,0.0,0.0
2024-08-28 00:00:00-04:00,5.573935537218841,5.582984341200257,5.474401282247592,5.537741184234619,173700,0.0,0.0
2024-08-29 00:00:00-04:00,5.601081670552306,5.736810713682701,5.546790139594295,5.700616359710693,207300,0.0,0.0
2024-08-30 00:00:00-04:00,5.709664490213765,5.791101998930848,5.582984256686637,5.646324157714844,235900,0.0,0.0
2024-09-03 00:00:00-04:00,5.564886790266112,5.573935162167973,5.329623080228031,5.392963409423828,308000,0.0,0.0
2024-09-04 00:00:00-04:00,5.356401565727053,5.447807646536338,5.292417091231266,5.438666820526123,202400,0.06,0.0
2024-09-05 00:00:00-04:00,5.484370202738504,5.493511028955189,5.328979643923541,5.374682903289795,304500,0.0,0.0
2024-09-06 00:00:00-04:00,5.374682400349983,5.438666434445087,5.264995111165341,5.301557540893555,189700,0.0,0.0
2024-09-09 00:00:00-04:00,5.328979289152514,5.35640133011839,5.137026309967041,5.137026309967041,228400,0.0,0.0
2024-09-10 00:00:00-04:00,5.155307146273016,5.164447971209067,4.9907762201508055,5.036479473114014,283000,0.0,0.0
2024-09-11 00:00:00-04:00,5.018198309516935,5.091323608515784,4.935933056413398,5.073042392730713,294700,0.0,0.0
2024-09-12 00:00:00-04:00,5.12788541292224,5.12788541292224,4.972494879824823,5.063900947570801,236900,0.0,0.0
2024-09-13 00:00:00-04:00,5.100463778059615,5.191869853034805,5.091323388491369,5.127885818481445,229500,0.0,0.0
2024-09-16 00:00:00-04:00,5.146166056601971,5.191868867484726,5.0181971400699465,5.091322422027588,299100,0.0,0.0
2024-09-17 00:00:00-04:00,5.118745129918798,5.246713638305664,5.109604740106158,5.246713638305664,273300,0.0,0.0
2024-09-18 00:00:00-04:00,5.246713736269792,5.319839035429063,5.109604835510254,5.109604835510254,252900,0.0,0.0
2024-09-19 00:00:00-04:00,5.210151207337988,5.26499528964806,5.155307560886474,5.246713638305664,206500,0.0,0.0
2024-09-20 00:00:00-04:00,5.191869693989265,5.191869693989265,5.054760803655888,5.08218240737915,490400,0.0,0.0
2024-09-23 00:00:00-04:00,5.12788541292224,5.19186944241517,5.063900947570801,5.063900947570801,176700,0.0,0.0
2024-09-24 00:00:00-04:00,5.091323047117893,5.274135184810709,5.027338580996148,5.210150718688965,247400,0.0,0.0
2024-09-25 00:00:00-04:00,5.219291672675628,5.255854101119079,5.1278856015670025,5.182729244232178,335200,0.0,0.0
2024-09-26 00:00:00-04:00,5.164448030010453,5.2284320618572275,5.118744776526875,5.182729244232178,264600,0.0,0.0
2024-09-27 00:00:00-04:00,5.210151171397973,5.210151171397973,5.127885920217452,5.137026309967041,170400,0.0,0.0
2024-09-30 00:00:00-04:00,5.1644480581839876,5.274135344112715,5.118744804451086,5.25585412979126,251800,0.0,0.0
2024-10-01 00:00:00-04:00,5.2284320618572275,5.264994926159205,5.173588419192051,5.182729244232178,344500,0.0,0.0
2024-10-02 00:00:00-04:00,5.228432076218424,5.2375729012836585,5.173588433402607,5.219291687011719,130400,0.0,0.0
2024-10-03 00:00:00-04:00,5.191869332765925,5.328978649418479,5.1461665177874085,5.2649946212768555,228200,0.0,0.0
2024-10-04 00:00:00-04:00,5.274135575475563,5.520932197570801,5.264995185843135,5.520932197570801,309400,0.0,0.0
2024-10-07 00:00:00-04:00,5.530073165893555,5.566635597084706,5.4295262621886105,5.530073165893555,284900,0.0,0.0
2024-10-08 00:00:00-04:00,5.511791769641563,5.530072984637946,5.319838794250258,5.411244869232178,290000,0.0,0.0
2024-10-09 00:00:00-04:00,5.456947552004292,5.703744166198284,5.456947552004292,5.685462951660156,253700,0.0,0.0
2024-10-10 00:00:00-04:00,5.6763225346013355,5.694603749050191,5.539213208305652,5.612338066101074,243800,0.0,0.0
2024-10-11 00:00:00-04:00,5.6306192348512365,5.813431813714599,5.6306192348512365,5.749447345733643,236400,0.0,0.0
2024-10-14 00:00:00-04:00,5.76772851653325,5.76772851653325,5.557494335734036,5.6397600173950195,339400,0.0,0.0
2024-10-15 00:00:00-04:00,5.639760459467007,5.694604106253733,5.520932340166487,5.530073165893555,269400,0.0,0.0
2024-10-16 00:00:00-04:00,5.584916835781444,5.648900872701337,5.566635620110251,5.603198051452637,211300,0.0,0.0
2024-10-17 00:00:00-04:00,5.584916114807129,5.612337716844697,5.49351004825106,5.584916114807129,206300,0.0,0.0
2024-10-18 00:00:00-04:00,5.594056735008175,5.658041202174269,5.5666351318359375,5.5666351318359375,245000,0.0,0.0
2024-10-21 00:00:00-04:00,5.575775909038037,5.575775909038037,5.411244970976993,5.420385360717773,261400,0.0,0.0
2024-10-22 00:00:00-04:00,5.420385436461542,5.575775986953213,5.402104220865967,5.530073165893555,306400,0.0,0.0
2024-10-23 00:00:00-04:00,5.51179182036804,5.575775855514973,5.484369779691819,5.557494640350342,269600,0.0,0.0
2024-10-24 00:00:00-04:00,5.575775880172993,5.676322781952391,5.575775880172993,5.630619525909424,282300,0.0,0.0
2024-10-25 00:00:00-04:00,5.703744399259199,5.840853731826855,5.658041578975683,5.667181968688965,274600,0.0,0.0
2024-10-28 00:00:00-04:00,5.667181620709663,5.76772851653325,5.6397600173950195,5.6397600173950195,272600,0.0,0.0
2024-10-29 00:00:00-04:00,5.630619163143508,5.630619163143508,5.402103769368417,5.5666351318359375,299300,0.0,0.0
2024-10-30 00:00:00-04:00,5.520932441448205,5.658041778859578,5.520932441448205,5.53921365737915,205300,0.0,0.0
2024-10-31 00:00:00-04:00,5.575775842941015,5.612338273187825,5.493510592814968,5.520932197570801,209600,0.0,0.0
2024-11-01 00:00:00-04:00,5.520931937772347,5.530072762833185,5.3929634379303275,5.46608829498291,191500,0.0,0.0
2024-11-04 00:00:00-05:00,5.484369998704936,5.584916904054925,5.484369998704936,5.502651214599609,268400,0.0,0.0
2024-11-05 00:00:00-05:00,5.484369767323992,5.5574946278176105,5.447807337077182,5.520932197570801,215500,0.0,0.0
2024-11-06 00:00:00-05:00,5.621478589278473,5.712884656612572,5.566634948878013,5.694603443145752,388200,0.0,0.0
2024-11-07 00:00:00-05:00,5.712884902954102,5.758588156521146,5.6580412601887655,5.712884902954102,294500,0.0,0.0
2024-11-08 00:00:00-05:00,5.703744019414173,5.703744019414173,5.548353917768272,5.5666351318359375,419200,0.0,0.0
2024-11-11 00:00:00-05:00,5.0364793294666015,5.0364793294666015,4.122417783140918,4.570307731628418,1382500,0.0,0.0
2024-11-12 00:00:00-05:00,4.561166611279073,4.70741674559442,4.48804176205064,4.652573108673096,577800,0.0,0.0
2024-11-13 00:00:00-05:00,4.670855504351454,4.725699155167535,4.570308593259343,4.59773063659668,406300,0.0,0.0
2024-11-14 00:00:00-05:00,4.670855069924115,4.945073298500004,4.670855069924115,4.7439799308776855,482500,0.0,0.0
2024-11-15 00:00:00-05:00,4.753119430388401,4.82624471350539,4.570307312242105,4.679994583129883,422700,0.0,0.0
2024-11-18 00:00:00-05:00,4.734839105329213,4.890229652784827,4.7074175004009,4.7439799308776855,324900,0.0,0.0
2024-11-19 00:00:00-05:00,4.707417601217776,4.780542463737433,4.679995559843625,4.753120422363281,236500,0.0,0.0
2024-11-20 00:00:00-05:00,4.826245458078793,4.826245458078793,4.643432875870449,4.698276519775391,225000,0.0,0.0
2024-11-21 00:00:00-05:00,4.698276519775391,4.753120163680332,4.634292486482227,4.698276519775391,218400,0.0,0.0
2024-11-22 00:00:00-05:00,4.69827653318065,4.753120177242073,4.661714103806367,4.734838962554932,269700,0.0,0.0
2024-11-25 00:00:00-05:00,4.716557747867791,4.798823431889195,4.69827653318065,4.734838962554932,326100,0.0,0.0
2024-11-26 00:00:00-05:00,4.716557747867791,4.7714013919292135,4.661714103806367,4.734838962554932,233600,0.0,0.0
2024-11-27 00:00:00-05:00,4.743979699502105,4.7988233425424225,4.734838874399453,4.762260913848877,158100,0.0,0.0
2024-11-29 00:00:00-05:00,4.7988233425424225,4.807964167645074,4.725698485155331,4.762260913848877,112100,0.0,0.0
2024-12-02 00:00:00-05:00,4.743979727141544,4.86280783901715,4.689136083781695,4.835385799407959,303400,0.0,0.0
2024-12-03 00:00:00-05:00,4.862808163696914,4.862808163696914,4.734839218121175,4.789682865142822,302100,0.0,0.0
2024-12-04 00:00:00-05:00,4.734204023722067,4.789682925456257,4.669478858819071,4.752696990966797,329600,0.06,0.0
2024-12-05 00:00:00-05:00,4.771189423134873,4.8081753534764555,4.73420349279329,4.789682388305664,141800,0.0,0.0
2024-12-06 00:00:00-05:00,4.798929629532181,4.808175892700987,4.6972180892326065,4.752696990966797,249700,0.0,0.0
2024-12-09 00:00:00-05:00,4.761943032188315,4.95611938168252,4.761943032188315,4.900640487670898,347000,0.0,0.0
2024-12-10 00:00:00-05:00,4.928380551892432,4.946873519706194,4.808176040649414,4.808176040649414,271200,0.0,0.0
2024-12-11 00:00:00-05:00,4.863655236819803,4.919134138570848,4.761943696489332,4.835915565490723,404300,0.0,0.0
2024-12-12 00:00:00-05:00,4.817421926199937,4.946872678893722,4.808175223411139,4.900640487670898,179400,0.0,0.0
2024-12-13 00:00:00-05:00,4.900641110652423,4.900641110652423,4.8081758346382495,4.872901439666748,155200,0.0,0.0
2024-12-16 00:00:00-05:00,4.817422745009861,4.872901648451147,4.798929777196099,4.808176040649414,158300,0.0,0.0
2024-12-17 00:00:00-05:00,4.7989294864517165,4.919133990412114,4.7989294864517165,4.863655090332031,227700,0.0,0.0
2024-12-18 00:00:00-05:00,4.882147681132939,4.9191336116719935,4.7064642906188965,4.7064642906188965,359000,0.0,0.0
2024-12-19 00:00:00-05:00,4.761943695042721,4.826668859945717,4.724957760553261,4.752696990966797,349800,0.0,0.0
2024-12-20 00:00:00-05:00,4.761943755947466,4.808175954197036,4.697218149309518,4.7157111167907715,437600,0.0,0.0
2024-12-23 00:00:00-05:00,4.734204084272024,4.734204084272024,4.687971886022454,4.7157111167907715,282200,0.0,0.0
2024-12-24 00:00:00-05:00,4.715710791025006,4.789682655839972,4.697217824821265,4.7711896896362305,102300,0.0,0.0
2024-12-26 00:00:00-05:00,4.771189545556061,4.826668442491936,4.743450317541663,4.798929214477539,172500,0.0,0.0
2024-12-27 00:00:00-05:00,4.798929777196099,4.872901648451147,4.752697137208128,4.808176040649414,146200,0.0,0.0
2024-12-30 00:00:00-05:00,4.937626984490215,4.99310588487799,4.743450612679447,4.909887313842773,216700,0.0,0.0
2024-12-31 00:00:00-05:00,4.909887104343031,4.983858968370431,4.872901172329332,4.891394138336182,149700,0.0,0.0
2025-01-02 00:00:00-05:00,4.90064047439245,4.974612332874184,4.8081752103832285,4.817421913146973,241700,0.0,0.0
2025-01-03 00:00:00-05:00,4.8266685943658345,4.882147933954479,4.780436399251422,4.854408264160156,212000,0.0,0.0
2025-01-06 00:00:00-05:00,5.002352569925089,5.094817852614121,4.937627401131341,4.946873664855957,252500,0.0,0.0
2025-01-07 00:00:00-05:00,4.956119947703864,4.983859177424149,4.817422476381122,4.826668739318848,163100,0.0,0.0
2025-01-08 00:00:00-05:00,4.808175745371672,4.835915415842344,4.715710911981276,4.7804365158081055,216300,0.0,0.0
2025-01-10 00:00:00-05:00,4.808175892700987,4.808175892700987,4.70646479330853,4.752696990966797,174400,0.0,0.0
2025-01-13 00:00:00-05:00,4.771190105021891,4.835915712823622,4.752697137208128,4.808176040649414,162800,0.0,0.0
2025-01-14 00:00:00-05:00,4.845161706101406,4.872901376728797,4.7804365428160045,4.826668739318848,251000,0.0,0.0
2025-01-15 00:00:00-05:00,4.90064125843431,4.956120161171547,4.863655323276152,4.928380489349365,182300,0.0,0.0
2025-01-16 00:00:00-05:00,4.937626866760893,4.993105765825868,4.863655001340925,4.983859062194824,195600,0.0,0.0
2025-01-17 00:00:00-05:00,4.993106306200472,4.993106306200472,4.891394759786825,4.946873664855957,214800,0.0,0.0
2025-01-21 00:00:00-05:00,4.919133527566441,5.104063177099852,4.900640562613099,5.076323509216309,292000,0.0,0.0
2025-01-22 00:00:00-05:00,5.067077417809934,5.104063348961993,4.956119624353756,4.965365886688232,211600,0.0,0.0
2025-01-23 00:00:00-05:00,4.854408700757817,5.122556955622345,4.854408700757817,5.104063987731934,299300,0.0,0.0
2025-01-24 00:00:00-05:00,5.122556122216826,5.205774684638141,5.085570192453367,5.113309860229492,216700,0.0,0.0
2025-01-27 00:00:00-05:00,5.15029656576286,5.3444729467226155,5.15029656576286,5.224268436431885,216000,0.0,0.0
2025-01-28 00:00:00-05:00,5.270500636047399,5.279747340336171,5.039338319713616,5.057831287384033,227800,0.0,0.0
2025-01-29 00:00:00-05:00,5.076323489558971,5.178035016862015,5.0670772275716365,5.113309860229492,169100,0.0,0.0
2025-01-30 00:00:00-05:00,5.150295789992952,5.150295789992952,5.085570192453367,5.113309860229492,159900,0.0,0.0
2025-01-31 00:00:00-05:00,5.131803026905823,5.168788958123657,5.030091495603242,5.048584461212158,181600,0.0,0.0
2025-02-03 00:00:00-05:00,4.8451619265643915,4.909887533702023,4.530781476956059,4.549274444580078,496800,0.0,0.0
2025-02-04 00:00:00-05:00,4.558520127555608,4.7064642906188965,4.4845482664775,4.7064642906188965,268400,0.0,0.0
2025-02-05 00:00:00-05:00,4.7249575839881315,4.752696813365091,4.64173901404305,4.6509857177734375,167700,0.0,0.0
2025-02-06 00:00:00-05:00,4.687971860661238,4.7064648280424475,4.604753286992238,4.669478893280029,209100,0.0,0.0
2025-02-07 00:00:00-05:00,4.678725518337262,4.687972223196503,4.55852100061006,4.577013969421387,174700,0.0,0.0
2025-02-10 00:00:00-05:00,4.669478740343441,4.669478740343441,4.530781269073486,4.530781269073486,206800,0.0,0.0
2025-02-11 00:00:00-05:00,4.540028031798733,4.6139999070440405,4.484549125364752,4.577013969421387,109100,0.0,0.0
2025-02-12 00:00:00-05:00,4.530781476956059,4.558520707938524,4.484548837442446,4.549274444580078,171600,0.0,0.0
2025-02-13 00:00:00-05:00,4.577013675562545,4.595506643186564,4.466055869818427,4.549274444580078,211900,0.0,0.0
2025-02-14 00:00:00-05:00,4.577012859039269,4.613998787689146,4.512287704355508,4.521533966064453,107400,0.0,0.0
2025-02-18 00:00:00-05:00,4.558520707938524,4.63249301934173,4.521534772690486,4.549274444580078,205800,0.0,0.0
2025-02-19 00:00:00-05:00,4.549274235849007,4.5585204987832135,4.4845486316811325,4.530781269073486,166600,0.0,0.0
2025-02-20 00:00:00-05:00,4.5307811772178415,4.540027439964592,4.410576675160396,4.438316345214844,163700,0.0,0.0
2025-02-21 00:00:00-05:00,4.475302486594787,4.475302486594787,4.281126109885038,4.37359094619751,309500,0.0,0.0
2025-02-24 00:00:00-05:00,4.392084188182654,4.401330892845837,4.27187967300415,4.27187967300415,275800,0.0,0.0
2025-02-25 00:00:00-05:00,4.27187913813547,4.327358036446791,4.234893205927924,4.308865070343018,252500,0.0,0.0
2025-02-26 00:00:00-05:00,4.30886518843336,4.30886518843336,4.19790738876977,4.234893321990967,182100,0.0,0.0
2025-02-27 00:00:00-05:00,4.23489308198904,4.336604613036637,4.170167922973633,4.170167922973633,141700,0.0,0.0
2025-02-28 00:00:00-05:00,4.1886614536277955,4.207154421685235,4.133182108548341,4.179414749145508,243800,0.0,0.0
2025-03-03 00:00:00-05:00,4.197907131909408,4.22564680058153,4.003730773925781,4.003730773925781,355900,0.0,0.0
2025-03-04 00:00:00-05:00,3.95684885191723,4.0318605838557176,3.928719843655007,3.9756016731262207,291900,0.06,0.0
2025-03-05 00:00:00-05:00,4.031860706986747,4.0693663505501325,3.975601794539131,4.0037312507629395,223700,0.0,0.0
2025-03-06 00:00:00-05:00,4.003731685681904,4.0974958047758125,4.003731685681904,4.078742980957031,229300,0.0,0.0
2025-03-07 00:00:00-05:00,4.144377477735222,4.191259306828899,4.078742380481048,4.125624656677246,269800,0.0,0.0
2025-03-10 00:00:00-04:00,4.078743120594378,4.144378229758451,4.059990296133586,4.069366931915283,243600,0.0,0.0
2025-03-11 00:00:00-04:00,4.07874271477133,4.172506827746034,4.0599898921763895,4.135001182556152,336300,0.0,0.0
2025-03-12 00:00:00-04:00,4.1537538959347176,4.1537538959347176,4.097495429629123,4.144377708435059,211200,0.0,0.0
2025-03-13 00:00:00-04:00,4.17250650152707,4.2193887779003045,4.06936620886999,4.088119029998779,297600,0.0,0.0
2025-03-14 00:00:00-04:00,4.106872162561519,4.144377807663241,3.8537088345736206,3.881837844848633,504100,0.0,0.0
2025-03-17 00:00:00-04:00,3.891213881235218,4.0506130719543885,3.8255787888501223,3.9287195205688477,399000,0.0,0.0
2025-03-18 00:00:00-04:00,3.95684875174751,3.99435484031853,3.881837468810498,3.9662253856658936,250800,0.0,0.0
2025-03-19 00:00:00-04:00,3.9474724508520134,4.069366005653263,3.928719630659706,3.994354724884033,243300,0.0,0.0
2025-03-20 00:00:00-04:00,3.966225518081713,3.966225518081713,3.863084777048623,3.900590419769287,293200,0.0,0.0
2025-03-21 00:00:00-04:00,3.853708726675916,3.9193433802149844,3.853708726675916,3.891214370727539,484700,0.0,0.0
2025-03-24 00:00:00-04:00,3.909967192753351,3.9568490242666075,3.8255792700859264,3.891214370727539,228000,0.0,0.0
2025-03-25 00:00:00-04:00,3.891213990275091,4.003730911428937,3.8255788960507635,3.994354724884033,349500,0.0,0.0
2025-03-26 00:00:00-04:00,3.9943555498448404,4.0131083739102,3.9380966305461698,3.9849789142608643,250900,0.0,0.0
2025-03-27 00:00:00-04:00,3.984978601796627,4.163130639999842,3.947472956606746,4.135001182556152,390000,0.0,0.0
2025-03-28 00:00:00-04:00,4.11624808896437,4.135000910324702,3.844331955688291,3.900590419769287,481100,0.0,0.0
2025-03-31 00:00:00-04:00,3.9943550875730796,4.050613553258294,3.6474274354117173,3.656803846359253,992900,0.0,0.0
2025-04-01 00:00:00-04:00,3.6568038378470673,3.7224387143270343,3.5817923268901204,3.6755566596984863,808300,0.0,0.0
2025-04-02 00:00:00-04:00,3.75056798198268,3.900590558189173,3.6755566938794333,3.891214370727539,632600,0.0,0.0
2025-04-03 00:00:00-04:00,3.7599445308872808,3.8068263613324693,3.6192979217953796,3.7880735397338867,675300,0.0,0.0
2025-04-04 00:00:00-04:00,3.703685785482989,3.703685785482989,3.5442865807994037,3.609921455383301,732600,0.0,0.0
2025-04-07 00:00:00-04:00,3.581791951407944,3.872461106736397,3.5349099016940797,3.797449827194214,674700,0.0,0.0
2025-04-08 00:00:00-04:00,3.89121421253193,3.89121421253193,3.6192978571097574,3.66618013381958,442900,0.0,0.0
2025-04-09 00:00:00-04:00,3.6380508411523262,3.909966968480991,3.600544975700735,3.853708505630493,390900,0.0,0.0
2025-04-10 00:00:00-04:00,3.80682635307312,3.8349558089612303,3.684933012946797,3.80682635307312,365800,0.0,0.0
2025-04-11 00:00:00-04:00,3.8162029023542194,3.9568488373526916,3.759944438934326,3.759944438934326,753500,0.0,0.0
2025-04-14 00:00:00-04:00,3.788073463885848,3.84433192755514,3.6380508941010703,3.6849329471588135,449900,0.0,0.0
2025-04-15 00:00:00-04:00,3.6849330706241963,3.7224387143270343,3.619297970592959,3.6755566596984863,357100,0.0,0.0
2025-04-16 00:00:00-04:00,3.6755566512295097,3.7974502165341453,3.647427418517194,3.6943094730377197,347500,0.0,0.0
2025-04-17 00:00:00-04:00,3.722438705750035,3.759944572917725,3.6943094730377197,3.6943094730377197,280000,0.0,0.0
2025-04-21 00:00:00-04:00,3.7036858924756153,3.7505679471041633,3.6286743815186684,3.6755566596984863,217300,0.0,0.0
2025-04-22 00:00:00-04:00,3.7036860942908305,3.79745043220845,3.6661804485442957,3.750568151473999,200100,0.0,0.0
2025-04-23 00:00:00-04:00,3.8068262851089454,3.8537085617179514,3.6661801259357163,3.6849329471588135,291800,0.0,0.0
2025-04-24 00:00:00-04:00,3.6943094317409755,3.8162029956830272,3.6849330209416844,3.7880735397338867,295400,0.0,0.0
2025-04-25 00:00:00-04:00,3.7693208040084913,3.900590558189173,3.75056798198268,3.891214370727539,245700,0.0,0.0
2025-04-28 00:00:00-04:00,3.8818375135044825,3.9193431554048144,3.8443318716041506,3.853708505630493,304300,0.0,0.0
2025-04-29 00:00:00-04:00,3.8443318716041506,3.900590334454648,3.7974500427799955,3.853708505630493,241500,0.0,0.0
2025-04-30 00:00:00-04:00,3.8162028637301613,3.900590334454648,3.7880734087536534,3.853708505630493,304500,0.0,0.0
2025-05-01 00:00:00-04:00,3.8349556846803274,3.900590334454648,3.8162028637301613,3.853708505630493,200800,0.0,0.0
2025-05-02 00:00:00-04:00,3.891213900309888,3.909966720068629,3.816202621274925,3.8724610805511475,269100,0.0,0.0
2025-05-05 00:00:00-04:00,3.8724616052437257,3.928720072142593,3.72243880329547,3.7411916255950928,134400,0.0,0.0
2025-05-06 00:00:00-04:00,3.7411916346006224,3.7599446804966616,3.6849331675663337,3.7224388122558594,125500,0.0,0.0
2025-05-07 00:00:00-04:00,3.72243880329547,3.7411916255950928,3.666180336396603,3.7411916255950928,128900,0.0,0.0
2025-05-08 00:00:00-04:00,3.7693207018595287,3.8349558007224243,3.731815058824312,3.8255791664123535,133100,0.0,0.0
2025-05-09 00:00:00-04:00,3.8349557844847757,3.872461427361189,3.7974501416083624,3.8630847930908203,141500,0.0,0.0
2025-05-12 00:00:00-04:00,3.9568485726701064,4.003730845935218,3.797449827194214,3.797449827194214,295500,0.0,0.0
2025-05-13 00:00:00-04:00,3.7693203298496782,3.984977979569292,3.7505675101828633,3.9287195205688477,391300,0.0,0.0
2025-05-14 00:00:00-04:00,3.9005906248722835,4.050613650746062,3.872461614903955,4.031860828399658,296300,0.0,0.0
2025-05-15 00:00:00-04:00,4.013108049807215,4.031860872358076,3.8630850222977724,3.881837844848633,191200,0.0,0.0
2025-05-16 00:00:00-04:00,3.900590419769287,3.909967054000717,3.844331955688291,3.900590419769287,189100,0.0,0.0
2025-05-19 00:00:00-04:00,3.900590350013114,3.900590350013114,3.7974500579270605,3.8162028789520264,148300,0.0,0.0
2025-05-20 00:00:00-04:00,3.8162029023542194,3.82557908937294,3.750567804813082,3.759944438934326,200700,0.0,0.0
2025-05-21 00:00:00-04:00,3.7505679471041633,3.7505679471041633,3.666180248772777,3.6755566596984863,266200,0.0,0.0
2025-05-22 00:00:00-04:00,3.6661801259357163,3.722438589605008,3.609921438715162,3.6849329471588135,171500,0.0,0.0
2025-05-23 00:00:00-04:00,3.656803846359253,3.675556668254324,3.6099215680703036,3.656803846359253,307900,0.0,0.0
2025-05-27 00:00:00-04:00,3.666180109683242,3.7693206259530467,3.666180109683242,3.759944438934326,223800,0.0,0.0
2025-05-28 00:00:00-04:00,3.7599447176300025,3.788073727873674,3.647427558898926,3.647427558898926,177500,0.0,0.0
2025-05-29 00:00:00-04:00,3.6568038294212992,3.722438705750035,3.638051007613089,3.6943094730377197,151300,0.0,0.0
2025-05-30 00:00:00-04:00,3.6755565287232783,3.7130621710896365,3.6192978416224793,3.703685760498047,215100,0.0,0.0
2025-06-02 00:00:00-04:00,3.7036857683819107,3.8068262851089454,3.6380508941010703,3.6849329471588135,370800,0.0,0.0
2025-06-03 00:00:00-04:00,3.675556642846078,3.7505679299078283,3.6286743648812148,3.713062286376953,220400,0.0,0.0
2025-06-04 00:00:00-04:00,3.7130621949566636,3.7892274988152996,3.6654586530545057,3.684499979019165,169400,0.06,0.0
2025-06-05 00:00:00-04:00,3.6940205097198486,3.713061833832591,3.6654582965602467,3.6940205097198486,136900,0.0,0.0
2025-06-06 00:00:00-04:00,3.732103746348464,3.779707064135455,3.6940210921188714,3.7035417556762695,172100,0.0,0.0
2025-06-09 00:00:00-04:00,3.7225829495936935,3.7606656024606546,3.703541623160213,3.713062286376953,122600,0.0,0.0
2025-06-10 00:00:00-04:00,3.7416240912245198,3.7892274049570442,3.732103428478015,3.7606654167175293,134400,0.0,0.0
2025-06-11 00:00:00-04:00,3.7987479095883856,3.7987479095883856,3.751144597837252,3.789227247238159,127000,0.0,0.0
2025-06-12 00:00:00-04:00,3.7701861728506407,3.77970683583297,3.6749793160368354,3.684499979019165,192900,0.0,0.0
2025-06-13 00:00:00-04:00,3.674979553343759,3.9796410154419215,3.674979553343759,3.941558361053467,1001400,0.0,0.0
2025-06-16 00:00:00-04:00,3.9986824989318848,4.017723826870377,3.836831438445236,3.9986824989318848,517300,0.0,0.0
2025-06-17 00:00:00-04:00,3.9605991952690616,4.198615982561308,3.9510787598474884,4.151012897491455,449400,0.0,0.0
2025-06-18 00:00:00-04:00,4.141492313221912,4.141492313221912,3.932037724724372,4.008203029632568,438800,0.0,0.0
2025-06-20 00:00:00-04:00,4.008203099539222,4.008203099539222,3.855872487066047,3.8653929233551025,415600,0.0,0.0
2025-06-23 00:00:00-04:00,3.8558719844362743,4.008202577052491,3.827309771330246,3.989161252975464,398500,0.0,0.0
2025-06-24 00:00:00-04:00,3.970120578835333,4.008203233223788,3.912996597252651,3.941558361053467,311000,0.0,0.0
2025-06-25 00:00:00-04:00,3.94155828466646,3.979640938316877,3.8177898872931264,3.82731032371521,197500,0.0,0.0
2025-06-26 00:00:00-04:00,3.827310244977836,3.846351571411317,3.6845000697362162,3.713062286376953,283400,0.0,0.0
2025-06-27 00:00:00-04:00,3.72258276573151,3.7606654167175293,3.6654585622619753,3.7606654167175293,619400,0.0,0.0
2025-06-30 00:00:00-04:00,3.760665144114447,3.770185806170818,3.6940205097198486,3.6940205097198486,226300,0.0,0.0
2025-07-01 00:00:00-04:00,3.6940210621338565,3.8558725682863724,3.684500171663217,3.8082690238952637,245400,0.0,0.0
2025-07-02 00:00:00-04:00,3.8368310820416176,3.9320377128903248,3.8177897558718765,3.9225168228149414,166400,0.0,0.0
2025-07-03 00:00:00-04:00,3.922516886801273,3.9796408662423364,3.9129964505516126,3.970120429992676,83600,0.0,0.0
2025-07-07 00:00:00-04:00,3.9605995836842705,3.998682237067309,3.817789860488397,3.8463516235351562,168200,0.0,0.0
2025-07-08 00:00:00-04:00,3.8558721987287656,3.903475284576416,3.8177895484582445,3.903475284576416,223600,0.0,0.0
2025-07-09 00:00:00-04:00,3.9225169303012324,3.970120474020549,3.8463516235351562,3.8463516235351562,116700,0.0,0.0
2025-07-10 00:00:00-04:00,3.8558723149861467,3.9320376178236285,3.846351425140954,3.912996292114258,178200,0.0,0.0
2025-07-11 00:00:00-04:00,3.9034756310160432,3.951079175069585,3.8082689968900016,3.82731032371521,173000,0.0,0.0
2025-07-14 00:00:00-04:00,3.8082690322141377,3.9129965577147194,3.789227705212309,3.8939552307128906,172000,0.0,0.0
2025-07-15 00:00:00-04:00,3.9129963867205837,3.998682127493907,3.865392844305717,3.9225168228149414,303500,0.0,0.0
2025-07-16 00:00:00-04:00,3.9415582024592664,3.970120419091891,3.8463515703189035,3.884434223175049,168300,0.0,0.0
2025-07-17 00:00:00-04:00,3.865392802501949,3.922516780393384,3.8558723665105537,3.8749136924743652,174800,0.0,0.0
2025-07-18 00:00:00-04:00,3.912996344401989,3.912996344401989,3.8558723665105537,3.8749136924743652,175000,0.0,0.0
2025-07-21 00:00:00-04:00,3.912996344401989,3.970120322293424,3.8749136924743652,3.8749136924743652,116200,0.0,0.0
2025-07-22 00:00:00-04:00,3.8844338154515583,3.9605991131692773,3.8844338154515583,3.932037353515625,140600,0.0,0.0
2025-07-23 00:00:00-04:00,3.9510791439602766,4.017723560333252,3.9320378172849924,4.017723560333252,173100,0.0,0.0
2025-07-24 00:00:00-04:00,4.017723465755579,4.017723465755579,3.9701203771784703,4.008203029632568,133100,0.0,0.0
2025-07-25 00:00:00-04:00,4.027244629259008,4.12245126685759,3.9891619742195754,4.074848175048828,169600,0.0,0.0
2025-07-28 00:00:00-04:00,4.0938895926054135,4.0938895926054135,3.9605998430549008,3.9986824989318848,159700,0.0,0.0
2025-07-29 00:00:00-04:00,4.017723400203969,4.017723400203969,3.9225167706220776,3.960599422454834,178800,0.0,0.0
2025-07-30 00:00:00-04:00,3.9701202692423694,3.9701202692423694,3.8653927508503245,3.912996292114258,264000,0.0,0.0
2025-07-31 00:00:00-04:00,3.8749134791513824,3.9129961289824675,3.85587215423584,3.85587215423584,273300,0.0,0.0
2025-08-01 00:00:00-04:00,3.83683117882499,3.83683117882499,3.655938121668426,3.6749794483184814,290100,0.0,0.0
2025-08-04 00:00:00-04:00,3.703541585082918,3.703541585082918,3.6178553900227066,3.6464173793792725,288000,0.0,0.0
2025-08-05 00:00:00-04:00,3.655938054015596,3.7321035861968994,3.62737606456905,3.7321035861968994,166600,0.0,0.0
2025-08-06 00:00:00-04:00,3.7321036552591664,3.741624318584194,3.6368967950183704,3.6749794483184814,204100,0.0,0.0
2025-08-07 00:00:00-04:00,3.751144873641871,3.751144873641871,3.6368966900485056,3.6654586791992188,173000,0.0,0.0
2025-08-08 00:00:00-04:00,3.6654585693295303,3.684499894859255,3.551210616151184,3.570251941680908,219400,0.0,0.0
2025-08-11 00:00:00-04:00,3.5892933738478905,3.6083346999433292,3.4750454172752576,3.579772710800171,313200,0.0,0.0
2025-08-12 00:00:00-04:00,3.5416901270622803,3.627376096147874,3.4274419412909727,3.436962604522705,341900,0.0,0.0
2025-08-13 00:00:00-04:00,3.4274419256167543,3.636896742747519,3.408400599240368,3.627376079559326,284000,0.0,0.0
2025-08-14 00:00:00-04:00,3.6178553349338,3.6273759979076843,3.4940867162733,3.5131280422210693,194000,0.0,0.0
2025-08-15 00:00:00-04:00,3.551210790294013,3.551210790294013,3.4274419412909727,3.436962604522705,1041200,0.0,0.0
2025-08-18 00:00:00-04:00,3.4750454429184527,3.598814063452123,3.4655247798004782,3.5607314109802246,215600,0.0,0.0
2025-08-19 00:00:00-04:00,3.5702519936548525,3.6083346452686897,3.494086690427179,3.5321693420410156,197800,0.0,0.0
2025-08-20 00:00:00-04:00,3.5416900586092934,3.5892933738478905,3.4940867433706964,3.579772710800171,293300,0.0,0.0
2025-08-21 00:00:00-04:00,3.5702519936548525,3.5702519936548525,3.522648679137556,3.5321693420410156,136400,0.0,0.0
2025-08-22 00:00:00-04:00,3.5416900342842226,3.7225828579389932,3.5226487083195637,3.684499979019165,442000,0.0,0.0
2025-08-25 00:00:00-04:00,3.684500201570949,3.779707064135455,3.62737622022656,3.7035417556762695,257800,0.0,0.0
2025-08-26 00:00:00-04:00,3.6749792756980044,3.7416241428332864,3.6749792756980044,3.7225828170776367,217300,0.0,0.0
2025-08-27 00:00:00-04:00,3.713062233690261,3.760665549098492,3.665458691291516,3.7511448860168457,293300,0.0,0.0
2025-08-28 00:00:00-04:00,3.779706875261785,3.789227538343431,3.694020907526968,3.7511448860168457,116700,0.0,0.0
2025-08-29 00:00:00-04:00,3.7225824958889624,3.760665144114447,3.6844996206729888,3.6940205097198486,99200,0.0,0.0
2025-09-02 00:00:00-04:00,3.6940210921188714,3.7130624192336676,3.6559382108987544,3.7035417556762695,276800,0.0,0.0
2025-09-03 00:00:00-04:00,3.7035416078940626,3.8368311193695175,3.665458728193565,3.8177897930145264,267700,0.0,0.0
2025-09-04 00:00:00-04:00,3.808124364073831,3.81778964498007,3.7501326786363953,3.7887938022613525,178700,0.06,0.0
2025-09-05 00:00:00-04:00,3.798459200180777,3.8467856062006893,3.7597980753648477,3.8274550437927246,121000,0.0,0.0
2025-09-08 00:00:00-04:00,3.8177896424068933,3.9144426818426155,3.779128518807994,3.8661160469055176,173400,0.0,0.0
2025-09-09 00:00:00-04:00,3.846785204528523,3.8661157649180367,3.701805771168714,3.7211363315582275,243600,0.0,0.0
2025-09-10 00:00:00-04:00,3.7211366649627693,3.769463300704956,3.7114713839020275,3.769463300704956,134900,0.0,0.0
2025-09-11 00:00:00-04:00,3.750132648891663,3.817789614698706,3.7308018567940353,3.798459053039551,145700,0.0,0.0
2025-09-12 00:00:00-04:00,3.7791282431652253,3.788793523359982,3.7211363315582275,3.7211363315582275,106100,0.0,0.0
2025-09-15 00:00:00-04:00,3.730801680758477,3.7887935934381023,3.730801680758477,3.779128313064575,107000,0.0,0.0
2025-09-16 00:00:00-04:00,3.7791284318862717,3.827454835273366,3.759797870531434,3.8177895545959473,162600,0.0,0.0
2025-09-17 00:00:00-04:00,3.817789706008665,3.9047772355553416,3.7597980196442142,3.769463300704956,182000,0.0,0.0
2025-09-18 00:00:00-04:00,3.8081242227534795,3.943438150419298,3.798458942205921,3.914442539215088,207500,0.0,0.0
2025-09-19 00:00:00-04:00,3.9144423963302777,3.9144423963302777,3.7114710513634708,3.7211363315582275,339700,0.0,0.0
2025-09-22 00:00:00-04:00,3.7308018567940353,3.8274548955282834,3.7114712951348805,3.798459053039551,179000,0.0,0.0
2025-09-23 00:00:00-04:00,3.798458803554739,3.8177893639442524,3.7211363315582275,3.7211363315582275,118000,0.0,0.0
2025-09-24 00:00:00-04:00,3.750132471943993,3.837119995305739,3.7404669611320047,3.779128313064575,181700,0.0,0.0
2025-09-25 00:00:00-04:00,3.75979775231752,3.827454714932212,3.750132471943993,3.779128313064575,158700,0.0,0.0
2025-09-26 00:00:00-04:00,3.7791284913803955,3.817789614698706,3.7597979297212403,3.798459053039551,113700,0.0,0.0
2025-09-29 00:00:00-04:00,3.798459016346961,3.8177895778193855,3.730801820755005,3.730801820755005,125300,0.0,0.0
2025-09-30 00:00:00-04:00,3.740467049689157,3.7791284025370517,3.711471207882086,3.7501325607299805,135900,0.0,0.0
2025-10-01 00:00:00-04:00,3.7114712295567984,3.817789547242083,3.7114712295567984,3.740467071533203,123100,0.0,0.0
2025-10-02 00:00:00-04:00,3.7211365102156,3.7694631439480752,3.6921406682391953,3.740467071533203,158300,0.0,0.0
2025-10-03 00:00:00-04:00,3.759797900051223,3.817789584571054,3.7211365465995327,3.808124303817749,151900,0.0,0.0
2025-10-06 00:00:00-04:00,3.8274550178968805,3.856450861312647,3.759798049926758,3.759798049926758,262800,0.0,0.0
2025-10-07 00:00:00-04:00,3.759797682775712,3.798458803554739,3.7114710513634708,3.7211363315582275,198500,0.0,0.0
2025-10-08 00:00:00-04:00,3.7501325607299805,3.8081242443441226,3.721136488484443,3.7501325607299805,232100,0.0,0.0
2025-10-09 00:00:00-04:00,3.769463121934695,3.7984589637417656,3.7308017690868,3.7501325607299805,130600,0.0,0.0
2025-10-10 00:00:00-04:00,3.750132522409041,3.7887936444234085,3.6728100479418426,3.6824753284454346,266700,0.0,0.0
2025-10-13 00:00:00-04:00,3.7018058583816678,3.721136419226601,3.6051530541570007,3.6148183345794678,342700,0.0,0.0
2025-10-14 00:00:00-04:00,3.5954879484916864,3.740467161875339,3.5761573867071994,3.7114713191986084,172400,0.0,0.0
2025-10-15 00:00:00-04:00,3.8467853261028147,4.301053740051598,3.837120045602595,4.233397006988525,799300,0.0,0.0
2025-10-16 00:00:00-04:00,4.272058173571958,4.281723223734576,3.9627687334603054,3.9820992946624756,286600,0.0,0.0
2025-10-17 00:00:00-04:00,3.9627689141605535,3.991764987724481,3.856450822700568,3.924107789993286,159500,0.0,0.0
2025-10-20 00:00:00-04:00,3.9337726954753136,4.049756050109863,3.9047766263782346,4.049756050109863,161000,0.0,0.0
2025-10-21 00:00:00-04:00,4.020760456259085,4.03042596739285,3.8951120376586914,3.8951120376586914,71700,0.0,0.0
2025-10-22 00:00:00-04:00,3.924107789993286,3.9724344256408477,3.8854466658260187,3.924107789993286,171900,0.0,0.0
2025-10-23 00:00:00-04:00,3.972434244499857,4.011095366904197,3.933773122095517,3.9820992946624756,81400,0.0,0.0
2025-10-24 00:00:00-04:00,4.011094931898347,4.078751658330059,3.9917643727925887,4.049756050109863,105700,0.0,0.0
2025-10-27 00:00:00-04:00,4.069087209709604,4.069087209709604,3.9724343999173115,4.0110955238342285,154900,0.0,0.0
2025-10-28 00:00:00-04:00,3.9820993928260253,4.0400910778621,3.9337732190677683,3.95310378074646,155100,0.0,0.0
2025-10-29 00:00:00-04:00,3.9531037767512642,3.9531037767512642,3.7791284913803955,3.798459053039551,180700,0.0,0.0
2025-10-30 00:00:00-04:00,3.7887938933425245,3.8467855801740582,3.750132768788169,3.759798049926758,114400,0.0,0.0
2025-10-31 00:00:00-04:00,3.750132648891663,3.817789614698706,3.721136575964458,3.798459053039551,163600,0.0,0.0
2025-11-03 00:00:00-05:00,3.7887937052656784,3.8274548279008846,3.7211365102156,3.740467071533203,127500,0.0,0.0
2025-11-04 00:00:00-05:00,3.682475479048823,3.827454922970435,3.6148185127566914,3.6341490745544434,229200,0.0,0.0
2025-11-05 00:00:00-05:00,3.6534797269638006,3.7694633310653467,3.6534797269638006,3.759798049926758,132900,0.0,0.0
2025-11-06 00:00:00-05:00,3.7984588619776027,3.7984588619776027,3.624483585357666,3.624483585357666,140900,0.0,0.0
2025-11-07 00:00:00-05:00,3.6341489259274757,3.71147116995621,3.624483645423884,3.6824753284454346,124000,0.0,0.0
2025-11-10 00:00:00-05:00,3.759797841332338,3.759797841332338,3.682475366075015,3.7501325607299805,152300,0.0,0.0
2025-11-11 00:00:00-05:00,3.7501326782690154,3.7501326782690154,3.3055292957486193,3.324859857559204,407000,0.0,0.0
2025-11-12 00:00:00-05:00,3.344190419369789,3.3538557002750813,3.276533453032742,3.324859857559204,233600,0.0,0.0
2025-11-13 00:00:00-05:00,3.305529416965868,3.3441905420047817,3.2765335731866827,3.286198854446411,213200,0.0,0.0
2025-11-14 00:00:00-05:00,3.286198728492032,3.3151945711598563,3.24753737449646,3.24753737449646,178800,0.0,0.0
2025-11-17 00:00:00-05:00,3.218541382628945,3.266868015273548,3.141219139099121,3.141219139099121,190500,0.0,0.0
2025-11-18 00:00:00-05:00,3.1605498790740967,3.179880441051919,3.1315540361073637,3.1605498790740967,147400,0.0,0.0
2025-11-19 00:00:00-05:00,3.1895457526614837,3.218541595906586,2.9865746195072886,2.9962399005889893,249500,0.0,0.0
2025-11-20 00:00:00-05:00,3.092892826446863,3.1218886686101137,3.0349011421203613,3.0349011421203613,279800,0.0,0.0
2025-11-21 00:00:00-05:00,3.025235918875143,3.141219289731692,3.0059051266272445,3.09289288520813,228300,0.0,0.0
2025-11-24 00:00:00-05:00,3.102558288525638,3.102558288525638,3.0059052452265522,3.054231882095337,242300,0.0,0.0
2025-11-25 00:00:00-05:00,3.044566392543526,3.1315539181676244,3.044566392543526,3.1218886375427246,126400,0.0,0.0
2025-11-26 00:00:00-05:00,3.0928929418064075,3.1992110337038078,3.0928929418064075,3.1508846282958984,202000,0.0,0.0
2025-11-28 00:00:00-05:00,3.2282067542657655,3.2282067542657655,3.170215069980155,3.1895456314086914,55400,0.0,0.0
2025-12-01 00:00:00-05:00,3.1895457188224694,3.3345251639483218,3.1895457188224694,3.2378721237182617,203800,0.0,0.0
2025-12-02 00:00:00-05:00,3.2378719745668807,3.2572025356347423,3.1508844497615027,3.208876132965088,191600,0.0,0.0
2025-12-03 00:00:00-05:00,3.2185415664112664,3.3248598877741324,3.2185415664112664,3.315194606781006,186400,0.0,0.0
2025-12-04 00:00:00-05:00,3.2758450850643177,3.2955198120074294,3.1774714503487584,3.19714617729187,183100,0.06,0.0
2025-12-05 00:00:00-05:00,3.1971460739367945,3.2069834370903347,3.147959258169091,3.157796621322632,192000,0.0,0.0
2025-12-08 00:00:00-05:00,3.1577967837428487,3.197146238380937,3.1282846927642822,3.1282846927642822,179900,0.0,0.0
2025-12-09 00:00:00-05:00,3.1282844018504834,3.187308578318682,3.0987723136163843,3.108609676361084,158700,0.0,0.0
2025-12-10 00:00:00-05:00,3.11844732910476,3.2266583293595033,3.11844732910476,3.1282846927642822,514600,0.0,0.0
2025-12-11 00:00:00-05:00,3.206983600099196,3.433243198672494,3.1971462364456285,3.403731107711792,277700,0.0,0.0
2025-12-12 00:00:00-05:00,3.4037308695919024,3.4234055955226226,3.2955196424317066,3.3151943683624268,187100,0.0,0.0
2025-12-15 00:00:00-05:00,3.33486927615894,3.354544001778891,3.1873085994680763,3.2955195903778076,324600,0.0,0.0
2025-12-16 00:00:00-05:00,3.266007712913251,3.3053571666949026,3.266007712913251,3.285682439804077,125900,0.0,0.0
2025-12-17 00:00:00-05:00,3.2758448907064195,3.3545440283508445,3.2758448907064195,3.305356979370117,147300,0.0,0.0
2025-12-18 00:00:00-05:00,3.344706691799741,3.3742187806958217,3.275844916500986,3.3151943683624268,160200,0.0,0.0
2025-12-19 00:00:00-05:00,3.3348694361861804,3.354544162750244,3.275845021952748,3.354544162750244,345000,0.0,0.0
2025-12-22 00:00:00-05:00,3.2955195117934184,3.3545439217870157,3.177471160888672,3.177471160888672,230300,0.0,0.0
2025-12-23 00:00:00-05:00,3.1873086582957235,3.275844925219604,3.108609754363386,3.1381218433380127,182500,0.0,0.0
2025-12-24 00:00:00-05:00,3.1479590731624856,3.197145886039463,3.1479590731624856,3.177471160888672,141700,0.0,0.0
2025-12-26 00:00:00-05:00,3.157796461910194,3.1971459125379105,3.138121736596336,3.1873085498809814,163100,0.0,0.0
2025-12-29 00:00:00-05:00,3.1577967234056468,3.206983540763426,3.118447269519423,3.19714617729187,244700,0.0,0.0
2025-12-30 00:00:00-05:00,3.1873086582957235,3.1873086582957235,3.1282844803464704,3.1381218433380127,268500,0.0,0.0
2025-12-31 00:00:00-05:00,3.1381218433380127,3.1676339323126395,3.108609754363386,3.1381218433380127,233500,0.0,0.0
2026-01-02 00:00:00-05:00,3.1479594200833265,3.167634147402371,3.0692602762658994,3.1282846927642822,260800,0.0,0.0
2026-01-05 00:00:00-05:00,3.118447117354928,3.1873086582957235,3.108609754363386,3.1381218433380127,220700,0.0,0.0
2026-01-06 00:00:00-05:00,3.1479591273398833,3.1676338528292827,3.0889349508716846,3.108609676361084,210400,0.0,0.0
2026-01-07 00:00:00-05:00,3.1086096486255483,3.2660074511364146,3.0987722859686193,3.1873085498809814,292600,0.0,0.0
2026-01-08 00:00:00-05:00,3.197146202734339,3.236495656933701,3.1479593849851373,3.2069835662841797,248600,0.0,0.0
2026-01-09 00:00:00-05:00,3.2364955719449098,3.28568238840249,3.197146118778846,3.266007661819458,209700,0.0,0.0
2026-01-12 00:00:00-05:00,3.2758449732421,3.2955196995136076,3.2069834312918237,3.246332883834839,165000,0.0,0.0
2026-01-13 00:00:00-05:00,3.266007661819458,3.315194478277038,3.226658208653394,3.266007661819458,134900,0.0,0.0
2026-01-14 00:00:00-05:00,3.275845021952748,3.374218889314308,3.2660076586707163,3.354544162750244,166400,0.0,0.0
2026-01-15 00:00:00-05:00,3.3643814479886527,3.4135682632578246,3.2955196720705766,3.3250319957733154,186800,0.0,0.0
2026-01-16 00:00:00-05:00,3.344706721880984,3.3742188110424873,3.305357035124411,3.3250319957733154,155300,0.0,0.0
2026-01-20 00:00:00-05:00,3.2955196466968637,3.305357009674956,3.206983379894036,3.2266581058502197,176700,0.0,0.0
2026-01-21 00:00:00-05:00,3.2660075278185206,3.334869302575046,3.2561701649306216,3.305356979370117,136600,0.0,0.0
2026-01-22 00:00:00-05:00,3.334869384765625,3.374218837287021,3.3053570608333405,3.334869384765625,103300,0.0,0.0
2026-01-23 00:00:00-05:00,3.315194449597455,3.354544136964348,3.295519723184628,3.3447067737579346,144900,0.0,0.0
2026-01-26 00:00:00-05:00,3.3447067497336143,3.3447067497336143,3.19714606815607,3.246332883834839,186800,0.0,0.0
2026-01-27 00:00:00-05:00,3.236495468828312,3.2856822837187716,3.197146016915944,3.2266581058502197,137600,0.0,0.0
2026-01-28 00:00:00-05:00,3.2266580797564477,3.2561701684520616,3.1676339023652207,3.21682071685791,158700,0.0,0.0
2026-01-29 00:00:00-05:00,3.246332857899692,3.2758449470711795,3.1774713164995543,3.2364954948425293,318000,0.0,0.0
2026-01-30 00:00:00-05:00,3.206983405671042,3.246332857899692,3.187308679556717,3.2364954948425293,144400,0.0,0.0
2026-02-02 00:00:00-05:00,3.236495543946147,3.3840562265835885,3.197146091120493,3.3447067737579346,228200,0.0,0.0
2026-02-03 00:00:00-05:00,3.3447067675760582,3.443080399458373,3.3447067675760582,3.4332430362701416,306300,0.0,0.0
2026-02-04 00:00:00-05:00,3.4529176020976635,3.5709661894088223,3.4529176020976635,3.462754964828491,321500,0.0,0.0
2026-02-05 00:00:00-05:00,3.5217792460221573,3.6201531107992824,3.4430803418334452,3.5906410217285156,340700,0.0,0.0
2026-02-06 00:00:00-05:00,3.6201530581464505,3.6988519611905373,3.5709662437438965,3.5709662437438965,333400,0.0,0.0
2026-02-09 00:00:00-05:00,3.5512914367157724,3.6398279410028467,3.54145407341068,3.629990577697754,152300,0.0,0.0
2026-02-10 00:00:00-05:00,3.6201530547707526,3.7677134978408184,3.6201530547707526,3.6595025062561035,170100,0.0,0.0
2026-02-11 00:00:00-05:00,3.6595025839921167,3.718526762473948,3.6004784055102848,3.6890146732330322,122700,0.0,0.0
2026-02-12 00:00:00-05:00,3.698852062225342,3.7382015148222223,3.6890146990761217,3.698852062225342,165100,0.0,0.0
2026-02-13 00:00:00-05:00,3.7677136042698827,3.7677136042698827,3.6890146990761217,3.698852062225342,128500,0.0,0.0
2026-02-17 00:00:00-05:00,3.6988522499563103,3.728364340901823,3.6791775226593018,3.6791775226593018,119100,0.0,0.0
2026-02-18 00:00:00-05:00,3.708689442610507,3.9152743042454605,3.6988520794155684,3.8857622146606445,499100,0.0,0.0
2026-02-19 00:00:00-05:00,3.9349490409880428,4.318606441141283,3.9054369513255813,4.161208629608154,1119800,0.0,0.0
2026-02-20 00:00:00-05:00,4.121858964687383,4.308769090809144,4.033322465713271,4.259582042694092,481800,0.0,0.0
2026-02-23 00:00:00-05:00,4.210395635589301,4.859662070358468,4.171045714040966,4.505516529083252,1354900,0.0,0.0
2026-02-24 00:00:00-05:00,4.485841837045627,4.544866016194355,4.131696293070782,4.338281154632568,642600,0.0,0.0
2026-02-25 00:00:00-05:00,4.338281102795771,4.357955828943593,4.102184389021907,4.318606376647949,431800,0.0,0.0
2026-02-26 00:00:00-05:00,4.397305333781296,4.485841837045627,4.210395667684897,4.338281154632568,374000,0.0,0.0
2026-02-27 00:00:00-05:00,4.318606196219524,4.387467969401139,4.230070166794536,4.249744892120361,263900,0.0,0.0
2026-03-02 00:00:00-05:00,4.230070343523987,4.328443974263097,4.112021517554582,4.318606376647949,369600,0.0,0.0
2026-03-03 00:00:00-05:00,4.249745318271646,4.338281356574754,4.1612088108860394,4.2300705909729,441400,0.0,0.0
2026-03-04 00:00:00-05:00,4.230069975337524,4.429601874151076,4.150257406100278,4.379718780517578,374600,0.06,0.0
2026-03-05 00:00:00-05:00,4.339812484573656,4.439578195859863,4.279953057801933,4.2899298667907715,555500,0.0,0.0
2026-03-06 00:00:00-05:00,4.26997675873772,4.629133322245046,4.250023616320647,4.559297561645508,906000,0.0,0.0
2026-03-09 00:00:00-04:00,4.489461313445818,4.5293675981743675,4.339812507853536,4.469508171081543,489100,0.0,0.0
2026-03-10 00:00:00-04:00,4.489461402517104,4.489461402517104,4.309883117675781,4.309883117675781,338000,0.0,0.0
2026-03-11 00:00:00-04:00,4.309882873599583,4.499437956946368,4.309882873599583,4.439578056335449,399400,0.0,0.0
2026-03-12 00:00:00-04:00,4.389695688716369,4.429601974236663,4.2600000229151895,4.309883117675781,569200,0.0,0.0
2026-03-13 00:00:00-04:00,4.349789392596967,4.3797188688040345,4.150257489761247,4.220093727111816,744700,0.0,0.0
2026-03-16 00:00:00-04:00,4.289929702142038,4.389695409599207,4.210116660455884,4.259999752044678,391000,0.0,0.0
2026-03-17 00:00:00-04:00,3.9607024737713497,4.299906124005038,3.8908664771062225,3.9706790447235107,1122400,0.0,0.0
2026-03-18 00:00:00-04:00,3.9806558327583894,4.070444976224437,3.45189706773788,3.4818267822265625,792500,0.0,0.0
2026-03-19 00:00:00-04:00,3.44192043250762,3.471850146442094,3.2523653397290624,3.382061004638672,709600,0.0,0.0
2026-03-20 00:00:00-04:00,3.3521309959804735,3.3521309959804735,3.112693050706138,3.152599573135376,846400,0.0,0.0
2026-03-23 00:00:00-04:00,3.2324120734382733,3.5117562973329126,3.19250578971907,3.4020140171051025,730600,0.0,0.0
2026-03-24 00:00:00-04:00,3.4119907774052005,3.761171017188442,3.4119907774052005,3.7013115882873535,1017700,0.0,0.0
2026-03-25 00:00:00-04:00,3.7112880727989395,3.731241215298378,3.5516626949432073,3.6414520740509033,583300,0.0,0.0
2026-03-26 00:00:00-04:00,3.6015455092897963,3.741217743021079,3.6015455092897963,3.721264600753784,275200,0.0,0.0
2026-03-27 00:00:00-04:00,3.7013114104179503,4.030538491412899,3.6514285553975365,3.9307727813720703,598400,0.0,0.0
2026-03-30 00:00:00-04:00,3.9607024943843188,4.020562158269031,3.781123978450613,3.9307727813720703,663500,0.0,0.0
2026-03-31 00:00:00-04:00,3.7013113972479275,3.870913341574072,3.671381684342175,3.8409833908081055,846300,0.0,0.0
2026-04-01 00:00:00-04:00,3.821030223090561,4.040515258638981,3.821030223090561,4.010585308074951,845100,0.0,0.0
2026-04-02 00:00:00-04:00,3.9906320887464717,4.319859159952789,3.9906320887464717,4.170210361480713,946700,0.0,0.0
2026-04-06 00:00:00-04:00,4.150257274963317,4.2300698416787,4.090397849926779,4.180187225341797,339900,0.0,0.0
2026-04-07 00:00:00-04:00,4.200140637549939,4.319859495334056,4.190163828207703,4.230070114135742,755000,0.0,0.0
2026-04-08 00:00:00-04:00,4.259999807170732,4.279952948920367,4.1702104314371615,4.269976615905762,536100,0.0,0.0
2026-04-09 00:00:00-04:00,4.279953099694864,4.449555048401725,4.210116863250732,4.210116863250732,548200,0.0,0.0
2026-04-10 00:00:00-04:00,4.2200935498802385,4.230069882956801,4.020562131144701,4.100374698638916,352400,0.0,0.0
2026-04-13 00:00:00-04:00,4.110351044620917,4.2799529889388435,4.090397902684716,4.190163612365723,597400,0.0,0.0
2026-04-14 00:00:00-04:00,4.190163819859373,4.260000057954529,4.1402812004089355,4.1402812004089355,343700,0.0,0.0
2026-04-15 00:00:00-04:00,4.240046814084053,4.240046814084053,3.940749439485458,3.9906322956085205,496600,0.0,0.0
2026-04-16 00:00:00-04:00,3.9906324348370417,4.150257579999977,3.9906324348370417,4.060468673706055,415700,0.0,0.0
2026-04-17 00:00:00-04:00,4.030538529686654,4.220093618424446,4.000609054250412,4.200140476226807,440900,0.0,0.0
2026-04-20 00:00:00-04:00,4.190163935709646,4.309883272285709,4.15025764875778,4.25002384185791,793600,0.0,0.0
2026-04-21 00:00:00-04:00,4.260000012534871,4.279953155246398,4.150257489761247,4.220093727111816,321000,0.0,0.0
2026-04-22 00:00:00-04:00,4.269976930687924,4.299906407658562,4.2200938347762476,4.240046977996826,341000,0.0,0.0
2026-04-23 00:00:00-04:00,4.279953088735556,4.279953088735556,4.100374807122472,4.120327949523926,210500,0.0,0.0
2026-04-24 00:00:00-04:00,4.1402810367262095,4.180187320997077,4.060468468184474,4.110351085662842,142100,0.0,0.0
2026-04-27 00:00:00-04:00,4.110351354828557,4.250023834643458,4.100375020967759,4.160234451293945,357600,0.0,0.0
2026-04-28 00:00:00-04:00,4.170210632472775,4.250023679039331,4.110351204338193,4.220093727111816,295300,0.0,0.0
2026-04-29 00:00:00-04:00,4.2300701405506125,4.509414619511717,4.200140663777915,4.499438285827637,574300,0.0,0.0
2026-04-30 00:00:00-04:00,4.46950803894146,5.058126434865849,4.46950803894146,4.968337059020996,733700,0.0,0.0
2026-05-01 00:00:00-04:00,4.9683374200018795,5.108009422570478,4.798735464736923,4.85859489440918,537800,0.0,0.0
2026-05-04 00:00:00-04:00,4.868571390378875,4.958360291245241,4.748852538743435,4.888524532318115,336700,0.0,0.0
2026-05-05 00:00:00-04:00,4.938407108499237,5.0980327184145775,4.938407108499237,4.968337059020996,266400,0.0,0.0
2026-05-06 00:00:00-04:00,4.92843118119373,4.92843118119373,4.758829224289339,4.778782367706299,244400,0.0,0.0
2026-05-07 00:00:00-04:00,4.748852471417508,4.808711896386583,4.649086287415294,4.788758754730225,267500,0.0,0.0
2026-05-08 00:00:00-04:00,4.788758822621915,4.918454007366761,4.748852538743435,4.888524532318115,214500,0.0,0.0
2026-05-11 00:00:00-04:00,4.8785478750377065,4.928430969295612,4.788758971382097,4.828665256500244,341900,0.0,0.0
2026-05-12 00:00:00-04:00,4.549320918627773,4.639110300642153,4.040515530560688,4.060468673706055,899600,0.0,0.0
2026-05-13 00:00:00-04:00,4.040515476266572,4.080421762021069,3.9407495240201063,4.050491809844971,750300,0.0,0.0
2026-05-14 00:00:00-04:00,4.040515485787608,4.260000057954529,4.000609199939077,4.1402812004089355,395400,0.0,0.0
2026-05-15 00:00:00-04:00,4.100374740240002,4.120327882315994,4.010585363037823,4.020562171936035,314100,0.0,0.0
2026-05-18 00:00:00-04:00,4.010585438725273,4.29990624214741,3.9008431552362697,4.210116863250732,418900,0.0,0.0
2026-05-19 00:00:00-04:00,4.210117064576862,4.210117064576862,4.0405155834801665,4.0704450607299805,290900,0.0,0.0
2026-05-20 00:00:00-04:00,4.07044467855738,4.1502572446905965,3.990632112424164,4.000608921051025,230000,0.0,0.0
2026-05-21 00:00:00-04:00,3.980655915399842,4.100375013700258,3.950726200289796,4.0704450607299805,241300,0.0,0.0
2026-05-22 00:00:00-04:00,4.120327894590775,4.180187320997077,4.030538517121107,4.110351085662842,215700,0.0,0.0
2026-05-26 00:00:00-04:00,4.070444789265799,4.1702104996457585,4.010585363037823,4.020562171936035,249400,0.0,0.0
2026-05-27 00:00:00-04:00,3.9906324348370417,4.120328103142155,3.9906324348370417,4.060468673706055,211900,0.0,0.0
2026-05-28 00:00:00-04:00,4.110351354828557,4.180187594736008,4.05049192450237,4.160234451293945,183000,0.0,0.0
2026-05-29 00:00:00-04:00,4.180187431060059,4.180187431060059,4.08042171775609,4.130304336547852,210300,0.0,0.0
2026-06-01 00:00:00-04:00,4.070444654406135,4.210116644310545,4.0504915129912185,4.170210361480713,220500,0.0,0.0
2026-06-02 00:00:00-04:00,4.180187346515727,4.3497892935624956,4.180187346515727,4.2899298667907715,215300,0.0,0.0
2026-06-03 00:00:00-04:00,4.299906035027545,4.439578025467582,4.22009346906181,4.259999752044678,207100,0.0,0.0
2026-06-04 00:00:00-04:00,4.260000228881836,4.409999847412109,4.230000019073486,4.369999885559082,315800,0.01,0.0
2026-06-05 00:00:00-04:00,4.53000020980835,4.599999904632568,4.349999904632568,4.349999904632568,342600,0.0,0.0
2026-06-08 00:00:00-04:00,4.369999885559082,4.539999961853027,4.360000133514404,4.449999809265137,271400,0.0,0.0
2026-06-09 00:00:00-04:00,4.5,4.53000020980835,4.409999847412109,4.510000228881836,351400,0.0,0.0
2026-06-10 00:00:00-04:00,4.539999961853027,4.630000114440918,4.489999771118164,4.570000171661377,382270,0.0,0.0
