Date,Open,High,Low,Close,Volume,Dividends,Stock Splits
2023-03-28 00:00:00-04:00,8.0,10.289999961853027,7.550000190734863,7.949999809265137,320500,0.0,0.0
2023-03-29 00:00:00-04:00,7.800000190734863,7.934000015258789,7.400000095367432,7.934000015258789,82300,0.0,0.0
2023-03-30 00:00:00-04:00,7.849999904632568,7.98199987411499,7.443999767303467,7.650000095367432,9700,0.0,0.0
2023-03-31 00:00:00-04:00,7.420000076293945,7.739999771118164,7.380000114440918,7.449999809265137,19000,0.0,0.0
2023-04-03 00:00:00-04:00,7.460000038146973,7.769999980926514,7.380000114440918,7.5,82200,0.0,0.0
2023-04-04 00:00:00-04:00,7.414000034332275,7.949999809265137,6.210000038146973,7.289999961853027,72300,0.0,0.0
2023-04-05 00:00:00-04:00,7.170000076293945,7.480000019073486,6.824999809265137,7.480000019073486,43800,0.0,0.0
2023-04-06 00:00:00-04:00,7.260000228881836,7.659999847412109,7.0,7.349999904632568,39500,0.0,0.0
2023-04-10 00:00:00-04:00,7.5,7.5,6.914999961853027,7.329999923706055,21900,0.0,0.0
2023-04-11 00:00:00-04:00,7.170000076293945,7.480000019073486,6.860000133514404,7.380000114440918,144100,0.0,0.0
2023-04-12 00:00:00-04:00,7.039999961853027,7.309999942779541,6.769999980926514,7.0,35500,0.0,0.0
2023-04-13 00:00:00-04:00,7.0,7.0,7.0,7.0,200,0.0,0.0
2023-04-14 00:00:00-04:00,6.771999835968018,6.989999771118164,6.771999835968018,6.989999771118164,1800,0.0,0.0
2023-04-17 00:00:00-04:00,7.139999866485596,7.75,7.139999866485596,7.75,51800,0.0,0.0
2023-04-18 00:00:00-04:00,7.75,7.800000190734863,7.0,7.599999904632568,19300,0.0,0.0
2023-04-19 00:00:00-04:00,7.309999942779541,7.699999809265137,7.039999961853027,7.440000057220459,4100,0.0,0.0
2023-04-20 00:00:00-04:00,6.650000095367432,8.1899995803833,6.650000095367432,7.599999904632568,14200,0.0,0.0
2023-04-21 00:00:00-04:00,7.559999942779541,7.559999942779541,7.309999942779541,7.320000171661377,1000,0.0,0.0
2023-04-24 00:00:00-04:00,7.630000114440918,7.630000114440918,7.380000114440918,7.480000019073486,1300,0.0,0.0
2023-04-25 00:00:00-04:00,7.190000057220459,7.650000095367432,7.170000076293945,7.420000076293945,2000,0.0,0.0
2023-04-26 00:00:00-04:00,7.300000190734863,7.590000152587891,7.099999904632568,7.380000114440918,18300,0.0,0.0
2023-04-27 00:00:00-04:00,7.150000095367432,7.230000019073486,6.690000057220459,7.150000095367432,6200,0.0,0.0
2023-04-28 00:00:00-04:00,7.099999904632568,7.679999828338623,7.050000190734863,7.630000114440918,4400,0.0,0.0
2023-05-01 00:00:00-04:00,8.0,9.75,7.599999904632568,9.600000381469727,446700,0.0,0.0
2023-05-02 00:00:00-04:00,9.40999984741211,9.420000076293945,5.400000095367432,5.880000114440918,202700,0.0,0.0
2023-05-03 00:00:00-04:00,5.409999847412109,5.949999809265137,5.150000095367432,5.5,44400,0.0,0.0
2023-05-04 00:00:00-04:00,5.099999904632568,5.78000020980835,5.050000190734863,5.599999904632568,27500,0.0,0.0
2023-05-05 00:00:00-04:00,5.599999904632568,6.349999904632568,5.300000190734863,5.699999809265137,70100,0.0,0.0
2023-05-08 00:00:00-04:00,5.900000095367432,5.900000095367432,5.059999942779541,5.599999904632568,63600,0.0,0.0
2023-05-09 00:00:00-04:00,5.349999904632568,5.826000213623047,5.25,5.697999954223633,41100,0.0,0.0
2023-05-10 00:00:00-04:00,5.679999828338623,5.75,5.449999809265137,5.590000152587891,28000,0.0,0.0
2023-05-11 00:00:00-04:00,5.619999885559082,6.199999809265137,5.539999961853027,5.539999961853027,53200,0.0,0.0
2023-05-12 00:00:00-04:00,5.550000190734863,5.695000171661377,5.349999904632568,5.567999839782715,14300,0.0,0.0
2023-05-15 00:00:00-04:00,5.409999847412109,5.789999961853027,5.199999809265137,5.579999923706055,30900,0.0,0.0
2023-05-16 00:00:00-04:00,5.550000190734863,5.679999828338623,5.300000190734863,5.579999923706055,9500,0.0,0.0
2023-05-17 00:00:00-04:00,5.400000095367432,5.610000133514404,5.2820000648498535,5.557000160217285,5900,0.0,0.0
2023-05-18 00:00:00-04:00,5.28000020980835,5.599999904632568,5.260000228881836,5.400000095367432,15400,0.0,0.0
2023-05-19 00:00:00-04:00,5.5,5.5,4.840000152587891,5.400000095367432,14100,0.0,0.0
2023-05-22 00:00:00-04:00,5.300000190734863,5.389999866485596,5.010000228881836,5.369999885559082,15000,0.0,0.0
2023-05-23 00:00:00-04:00,5.189000129699707,5.449999809265137,5.099999904632568,5.449999809265137,9500,0.0,0.0
2023-05-24 00:00:00-04:00,5.429999828338623,7.039999961853027,5.400000095367432,5.96999979019165,77100,0.0,0.0
2023-05-25 00:00:00-04:00,5.400000095367432,5.848999977111816,5.349999904632568,5.5,18100,0.0,0.0
2023-05-26 00:00:00-04:00,5.599999904632568,5.934000015258789,5.309999942779541,5.699999809265137,24400,0.0,0.0
2023-05-30 00:00:00-04:00,5.880000114440918,6.46999979019165,5.619999885559082,5.675000190734863,12600,0.0,0.0
2023-05-31 00:00:00-04:00,6.090000152587891,6.361999988555908,5.46999979019165,5.7220001220703125,18200,0.0,0.0
2023-06-01 00:00:00-04:00,5.949999809265137,6.5,5.949999809265137,6.449999809265137,16300,0.0,0.0
2023-06-02 00:00:00-04:00,6.050000190734863,6.550000190734863,6.001999855041504,6.550000190734863,12000,0.0,0.0
2023-06-05 00:00:00-04:00,6.550000190734863,6.739999771118164,6.139999866485596,6.71999979019165,5800,0.0,0.0
2023-06-06 00:00:00-04:00,6.71999979019165,7.997000217437744,6.550000190734863,7.650000095367432,36900,0.0,0.0
2023-06-07 00:00:00-04:00,7.28000020980835,8.970000267028809,7.197999954223633,8.019000053405762,95400,0.0,0.0
2023-06-08 00:00:00-04:00,7.699999809265137,8.470000267028809,7.699999809265137,8.239999771118164,23100,0.0,0.0
2023-06-09 00:00:00-04:00,8.010000228881836,8.800000190734863,7.960000038146973,8.529999732971191,50200,0.0,0.0
2023-06-12 00:00:00-04:00,8.529999732971191,20.799999237060547,8.520000457763672,13.199999809265137,5673800,0.0,0.0
2023-06-13 00:00:00-04:00,10.5600004196167,11.210000038146973,8.75,9.109999656677246,342700,0.0,0.0
2023-06-14 00:00:00-04:00,8.569999694824219,9.130000114440918,8.149999618530273,8.869999885559082,89200,0.0,0.0
2023-06-15 00:00:00-04:00,8.789999961853027,9.180000305175781,8.520000457763672,8.800000190734863,29000,0.0,0.0
2023-06-16 00:00:00-04:00,8.862000465393066,10.260000228881836,8.359999656677246,9.40999984741211,84700,0.0,0.0
2023-06-20 00:00:00-04:00,9.819999694824219,12.279999732971191,9.65999984741211,10.390000343322754,101400,0.0,0.0
2023-06-21 00:00:00-04:00,10.390000343322754,12.869999885559082,10.359999656677246,11.140000343322754,180900,0.0,0.0
2023-06-22 00:00:00-04:00,11.140000343322754,12.270000457763672,11.010000228881836,11.170000076293945,70600,0.0,0.0
2023-06-23 00:00:00-04:00,11.260000228881836,11.550000190734863,10.529999732971191,10.8100004196167,57400,0.0,0.0
2023-06-26 00:00:00-04:00,11.4399995803833,11.970000267028809,11.09000015258789,11.399999618530273,13400,0.0,0.0
2023-06-27 00:00:00-04:00,11.050000190734863,11.930000305175781,11.050000190734863,11.84000015258789,12300,0.0,0.0
2023-06-28 00:00:00-04:00,11.34000015258789,11.899999618530273,11.3100004196167,11.899999618530273,9400,0.0,0.0
2023-06-29 00:00:00-04:00,11.449999809265137,12.199999809265137,10.850000381469727,11.890000343322754,76200,0.0,0.0
2023-06-30 00:00:00-04:00,11.380000114440918,11.649999618530273,11.100000381469727,11.40999984741211,10800,0.0,0.0
2023-07-03 00:00:00-04:00,11.210000038146973,11.350000381469727,10.449999809265137,10.800000190734863,93700,0.0,0.0
2023-07-05 00:00:00-04:00,11.0,11.104999542236328,10.0600004196167,10.869999885559082,93400,0.0,0.0
2023-07-06 00:00:00-04:00,10.789999961853027,10.850000381469727,10.40999984741211,10.710000038146973,95200,0.0,0.0
2023-07-07 00:00:00-04:00,10.359999656677246,11.800000190734863,10.359999656677246,11.079999923706055,109500,0.0,0.0
2023-07-10 00:00:00-04:00,10.8100004196167,11.3100004196167,10.8100004196167,11.119999885559082,95000,0.0,0.0
2023-07-11 00:00:00-04:00,11.0,11.039999961853027,10.529999732971191,10.949999809265137,95800,0.0,0.0
2023-07-12 00:00:00-04:00,10.949999809265137,11.180000305175781,10.899999618530273,11.180000305175781,104200,0.0,0.0
2023-07-13 00:00:00-04:00,10.930000305175781,11.149999618530273,10.850000381469727,10.930000305175781,80600,0.0,0.0
2023-07-14 00:00:00-04:00,10.899999618530273,10.899999618530273,9.890000343322754,10.5600004196167,56200,0.0,0.0
2023-07-17 00:00:00-04:00,10.767999649047852,11.170000076293945,10.640000343322754,10.807999610900879,89300,0.0,0.0
2023-07-18 00:00:00-04:00,10.800000190734863,11.180000305175781,10.75,10.8100004196167,101500,0.0,0.0
2023-07-19 00:00:00-04:00,10.890000343322754,11.0,10.649999618530273,10.800000190734863,77300,0.0,0.0
2023-07-20 00:00:00-04:00,10.800000190734863,10.989999771118164,10.5600004196167,10.600000381469727,51300,0.0,0.0
2023-07-21 00:00:00-04:00,10.800000190734863,11.119999885559082,10.600000381469727,10.75,137300,0.0,0.0
2023-07-24 00:00:00-04:00,10.855999946594238,11.1899995803833,10.699999809265137,10.770000457763672,102700,0.0,0.0
2023-07-25 00:00:00-04:00,10.800000190734863,10.949999809265137,10.65999984741211,10.850000381469727,93400,0.0,0.0
2023-07-26 00:00:00-04:00,10.930000305175781,10.942999839782715,10.699999809265137,10.699999809265137,93700,0.0,0.0
2023-07-27 00:00:00-04:00,10.729999542236328,11.154999732971191,10.0,10.770000457763672,134100,0.0,0.0
2023-07-28 00:00:00-04:00,10.800000190734863,10.850000381469727,10.5600004196167,10.5600004196167,90100,0.0,0.0
2023-07-31 00:00:00-04:00,10.789999961853027,15.739999771118164,10.67199993133545,14.229999542236328,185600,0.0,0.0
2023-08-01 00:00:00-04:00,13.8100004196167,13.993000030517578,12.0,13.010000228881836,105400,0.0,0.0
2023-08-02 00:00:00-04:00,12.520000457763672,13.239999771118164,12.510000228881836,13.0,93700,0.0,0.0
2023-08-03 00:00:00-04:00,12.720000267028809,13.149999618530273,11.329999923706055,12.600000381469727,103100,0.0,0.0
2023-08-04 00:00:00-04:00,12.369999885559082,13.149999618530273,11.050000190734863,12.510000228881836,368400,0.0,0.0
2023-08-07 00:00:00-04:00,12.770000457763672,13.789999961853027,11.694999694824219,12.6899995803833,285400,0.0,0.0
2023-08-08 00:00:00-04:00,12.479999542236328,12.967000007629395,10.5600004196167,10.680000305175781,266500,0.0,0.0
2023-08-09 00:00:00-04:00,11.5,11.800000190734863,9.8100004196167,10.149999618530273,295500,0.0,0.0
2023-08-10 00:00:00-04:00,10.3100004196167,10.75,9.819999694824219,10.1899995803833,313100,0.0,0.0
2023-08-11 00:00:00-04:00,10.100000381469727,11.529999732971191,10.092000007629395,10.649999618530273,305900,0.0,0.0
2023-08-14 00:00:00-04:00,11.149999618530273,11.1899995803833,10.649999618530273,10.649999618530273,277100,0.0,0.0
2023-08-15 00:00:00-04:00,10.949999809265137,11.899999618530273,10.800000190734863,11.829999923706055,276200,0.0,0.0
2023-08-16 00:00:00-04:00,11.614999771118164,12.050000190734863,11.109999656677246,11.430000305175781,47400,0.0,0.0
2023-08-17 00:00:00-04:00,11.800000190734863,13.109999656677246,11.220000267028809,12.5,274900,0.0,0.0
2023-08-18 00:00:00-04:00,11.829999923706055,13.5,11.829999923706055,12.869999885559082,177000,0.0,0.0
2023-08-21 00:00:00-04:00,12.510000228881836,14.979999542236328,12.239999771118164,14.291000366210938,267800,0.0,0.0
2023-08-22 00:00:00-04:00,14.289999961853027,15.390000343322754,13.510000228881836,13.600000381469727,247700,0.0,0.0
2023-08-23 00:00:00-04:00,13.760000228881836,14.550000190734863,10.5,11.109999656677246,389600,0.0,0.0
2023-08-24 00:00:00-04:00,11.109999656677246,12.09000015258789,10.5,10.890000343322754,300300,0.0,0.0
2023-08-25 00:00:00-04:00,11.399999618530273,11.619999885559082,9.609999656677246,10.789999961853027,309500,0.0,0.0
2023-08-28 00:00:00-04:00,11.670000076293945,11.930999755859375,10.515000343322754,11.90999984741211,276000,0.0,0.0
2023-08-29 00:00:00-04:00,11.760000228881836,13.319999694824219,11.347000122070312,13.279999732971191,263000,0.0,0.0
2023-08-30 00:00:00-04:00,12.770000457763672,14.199999809265137,12.770000457763672,13.989999771118164,243300,0.0,0.0
2023-08-31 00:00:00-04:00,13.800000190734863,14.430000305175781,11.699999809265137,13.130000114440918,300400,0.0,0.0
2023-09-01 00:00:00-04:00,12.375,14.180000305175781,12.375,13.993000030517578,238400,0.0,0.0
2023-09-05 00:00:00-04:00,13.699999809265137,14.100000381469727,12.861000061035156,12.930000305175781,280500,0.0,0.0
2023-09-06 00:00:00-04:00,13.050000190734863,13.890000343322754,11.300000190734863,11.609999656677246,333200,0.0,0.0
2023-09-07 00:00:00-04:00,11.890000343322754,12.15999984741211,9.84000015258789,10.600000381469727,311900,0.0,0.0
2023-09-08 00:00:00-04:00,10.710000038146973,11.300000190734863,9.699999809265137,10.529999732971191,316500,0.0,0.0
2023-09-11 00:00:00-04:00,10.670000076293945,11.215999603271484,10.555000305175781,10.9399995803833,311500,0.0,0.0
2023-09-12 00:00:00-04:00,10.729999542236328,11.279999732971191,10.420000076293945,10.970000267028809,331500,0.0,0.0
2023-09-13 00:00:00-04:00,10.829999923706055,11.270000457763672,10.829999923706055,11.220000267028809,312200,0.0,0.0
2023-09-14 00:00:00-04:00,11.100000381469727,16.0,11.079999923706055,13.25,385600,0.0,0.0
2023-09-15 00:00:00-04:00,12.600000381469727,14.880000114440918,12.550000190734863,14.880000114440918,275000,0.0,0.0
2023-09-18 00:00:00-04:00,14.600000381469727,15.390000343322754,13.75,15.100000381469727,270300,0.0,0.0
2023-09-19 00:00:00-04:00,14.859999656677246,17.29400062561035,14.300000190734863,16.860000610351562,182800,0.0,0.0
2023-09-20 00:00:00-04:00,16.8700008392334,17.299999237060547,16.643999099731445,17.010000228881836,45700,0.0,0.0
2023-09-21 00:00:00-04:00,17.0,17.0,15.960000038146973,16.049999237060547,49100,0.0,0.0
2023-09-22 00:00:00-04:00,15.979999542236328,19.0,15.979999542236328,18.780000686645508,121100,0.0,0.0
2023-09-25 00:00:00-04:00,17.950000762939453,18.684999465942383,17.799999237060547,18.280000686645508,40300,0.0,0.0
2023-09-26 00:00:00-04:00,17.549999237060547,18.309999465942383,16.18000030517578,16.8700008392334,75800,0.0,0.0
2023-09-27 00:00:00-04:00,16.86199951171875,19.350000381469727,16.780000686645508,19.18000030517578,44600,0.0,0.0
2023-09-28 00:00:00-04:00,18.799999237060547,23.969999313354492,18.799999237060547,22.450000762939453,49100,0.0,0.0
2023-09-29 00:00:00-04:00,23.0,25.6299991607666,22.649999618530273,23.399999618530273,106200,0.0,0.0
2023-10-02 00:00:00-04:00,23.81999969482422,24.297000885009766,21.6299991607666,23.360000610351562,93300,0.0,0.0
2023-10-03 00:00:00-04:00,22.889999389648438,24.440000534057617,22.299999237060547,23.149999618530273,30800,0.0,0.0
2023-10-04 00:00:00-04:00,23.729999542236328,28.389999389648438,23.155000686645508,28.200000762939453,105800,0.0,0.0
2023-10-05 00:00:00-04:00,27.639999389648438,29.81999969482422,22.610000610351562,23.3700008392334,224300,0.0,0.0
2023-10-06 00:00:00-04:00,23.020000457763672,23.020000457763672,12.0,13.770000457763672,207400,0.0,0.0
2023-10-09 00:00:00-04:00,14.0600004196167,18.920000076293945,14.0600004196167,17.75,121800,0.0,0.0
2023-10-10 00:00:00-04:00,16.43000030517578,18.75,16.43000030517578,18.3700008392334,28000,0.0,0.0
2023-10-11 00:00:00-04:00,18.0,20.5,18.0,19.100000381469727,227100,0.0,0.0
2023-10-12 00:00:00-04:00,18.760000228881836,20.200000762939453,16.979000091552734,17.719999313354492,154700,0.0,0.0
2023-10-13 00:00:00-04:00,18.0,20.0,17.600000381469727,18.959999084472656,121500,0.0,0.0
2023-10-16 00:00:00-04:00,19.200000762939453,20.0,17.7450008392334,18.219999313354492,42100,0.0,0.0
2023-10-17 00:00:00-04:00,18.0,19.290000915527344,17.950000762939453,18.1299991607666,38200,0.0,0.0
2023-10-18 00:00:00-04:00,18.299999237060547,20.200000762939453,18.249000549316406,18.989999771118164,63800,0.0,0.0
2023-10-19 00:00:00-04:00,18.40999984741211,19.391000747680664,16.75,17.610000610351562,143500,0.0,0.0
2023-10-20 00:00:00-04:00,17.739999771118164,18.700000762939453,10.399999618530273,10.770000457763672,264600,0.0,0.0
2023-10-23 00:00:00-04:00,11.5,12.739999771118164,10.289999961853027,10.390000343322754,62900,0.0,0.0
2023-10-24 00:00:00-04:00,10.460000038146973,11.100000381469727,8.026000022888184,9.4399995803833,55400,0.0,0.0
2023-10-25 00:00:00-04:00,9.199999809265137,11.069999694824219,9.0,9.369999885559082,26700,0.0,0.0
2023-10-26 00:00:00-04:00,9.279999732971191,9.989999771118164,9.199999809265137,9.364999771118164,31500,0.0,0.0
2023-10-27 00:00:00-04:00,9.300000190734863,9.970000267028809,9.300000190734863,9.40999984741211,7300,0.0,0.0
2023-10-30 00:00:00-04:00,9.789999961853027,9.930000305175781,9.010000228881836,9.010000228881836,6800,0.0,0.0
2023-10-31 00:00:00-04:00,9.569999694824219,9.569999694824219,8.539999961853027,8.84000015258789,23300,0.0,0.0
2023-11-01 00:00:00-04:00,8.630000114440918,9.199999809265137,8.600000381469727,8.890000343322754,9200,0.0,0.0
2023-11-02 00:00:00-04:00,9.010000228881836,9.050000190734863,8.579999923706055,8.850000381469727,11800,0.0,0.0
2023-11-03 00:00:00-04:00,8.949999809265137,9.4399995803833,8.600000381469727,9.222000122070312,32800,0.0,0.0
2023-11-06 00:00:00-05:00,9.024999618530273,9.859999656677246,9.024999618530273,9.100000381469727,12500,0.0,0.0
2023-11-07 00:00:00-05:00,8.890000343322754,9.5,8.399999618530273,8.970000267028809,70800,0.0,0.0
2023-11-08 00:00:00-05:00,8.699999809265137,9.770000457763672,8.510000228881836,9.5,75500,0.0,0.0
2023-11-09 00:00:00-05:00,9.039999961853027,9.244999885559082,8.604999542236328,8.920000076293945,6700,0.0,0.0
2023-11-10 00:00:00-05:00,8.890000343322754,9.295000076293945,8.756999969482422,9.130000114440918,13400,0.0,0.0
2023-11-13 00:00:00-05:00,9.100000381469727,9.600000381469727,8.989999771118164,9.010000228881836,7800,0.0,0.0
2023-11-14 00:00:00-05:00,9.680000305175781,9.680000305175781,8.942999839782715,9.270000457763672,2500,0.0,0.0
2023-11-15 00:00:00-05:00,9.5,9.5,9.119999885559082,9.119999885559082,1200,0.0,0.0
2023-11-16 00:00:00-05:00,9.404999732971191,12.0,9.210000038146973,10.822999954223633,35800,0.0,0.0
2023-11-17 00:00:00-05:00,11.010000228881836,13.350000381469727,11.010000228881836,12.619999885559082,36900,0.0,0.0
2023-11-20 00:00:00-05:00,13.0,18.299999237060547,12.680000305175781,17.0,79800,0.0,0.0
2023-11-21 00:00:00-05:00,16.860000610351562,24.350000381469727,16.860000610351562,22.690000534057617,154200,0.0,0.0
2023-11-22 00:00:00-05:00,23.059999465942383,26.299999237060547,20.06999969482422,21.959999084472656,187100,0.0,0.0
2023-11-24 00:00:00-05:00,21.0,25.690000534057617,21.0,24.190000534057617,82400,0.0,0.0
2023-11-27 00:00:00-05:00,23.559999465942383,25.479999542236328,22.0,23.75,51900,0.0,0.0
2023-11-28 00:00:00-05:00,23.469999313354492,26.989999771118164,22.34000015258789,24.399999618530273,41300,0.0,0.0
2023-11-29 00:00:00-05:00,23.950000762939453,24.975000381469727,23.649999618530273,23.649999618530273,18700,0.0,0.0
2023-11-30 00:00:00-05:00,23.75,24.969999313354492,23.579999923706055,24.059999465942383,68500,0.0,0.0
2023-12-01 00:00:00-05:00,23.899999618530273,25.0,23.8799991607666,25.0,94500,0.0,0.0
2023-12-04 00:00:00-05:00,25.0,25.799999237060547,24.010000228881836,25.0,75500,0.0,0.0
2023-12-05 00:00:00-05:00,25.0,25.0,22.84000015258789,24.600000381469727,19400,0.0,0.0
2023-12-06 00:00:00-05:00,24.242000579833984,24.93000030517578,24.040000915527344,24.899999618530273,21800,0.0,0.0
2023-12-07 00:00:00-05:00,24.989999771118164,29.639999389648438,24.989999771118164,29.020000457763672,49400,0.0,0.0
2023-12-08 00:00:00-05:00,28.510000228881836,30.450000762939453,27.459999084472656,27.5,36900,0.0,0.0
2023-12-11 00:00:00-05:00,28.100000381469727,30.479999542236328,26.260000228881836,30.190000534057617,67400,0.0,0.0
2023-12-12 00:00:00-05:00,28.799999237060547,31.579999923706055,27.260000228881836,31.190000534057617,103500,0.0,0.0
2023-12-13 00:00:00-05:00,29.899999618530273,31.440000534057617,29.099000930786133,30.3799991607666,143000,0.0,0.0
2023-12-14 00:00:00-05:00,30.1299991607666,35.560001373291016,28.5,34.0,267800,0.0,0.0
2023-12-15 00:00:00-05:00,34.0,34.0,25.309999465942383,28.010000228881836,76200,0.0,0.0
2023-12-18 00:00:00-05:00,29.0,509.8699951171875,11.199999809265137,101.87000274658203,783900,0.0,0.0
2023-12-19 00:00:00-05:00,175.0,190.0,103.73999786376953,113.87999725341797,309800,0.0,0.0
2023-12-20 00:00:00-05:00,69.26000213623047,97.87000274658203,46.709999084472656,84.00499725341797,171400,0.0,0.0
2023-12-21 00:00:00-05:00,80.0,81.98500061035156,63.0099983215332,70.4800033569336,100800,0.0,0.0
2023-12-22 00:00:00-05:00,69.44000244140625,150.0,69.44000244140625,137.02999877929688,124700,0.0,0.0
2023-12-26 00:00:00-05:00,137.6699981689453,158.49000549316406,108.0,114.19999694824219,71500,0.0,0.0
2023-12-27 00:00:00-05:00,110.01000213623047,135.38999938964844,110.01000213623047,123.0,44000,0.0,0.0
2023-12-28 00:00:00-05:00,140.0,310.3999938964844,131.97999572753906,174.0,114400,0.0,0.0
2023-12-29 00:00:00-05:00,215.0,275.54998779296875,204.02000427246094,248.0500030517578,72200,0.0,0.0
2024-01-02 00:00:00-05:00,234.66000366210938,298.5,234.66000366210938,255.0399932861328,23400,0.0,0.0
2024-01-03 00:00:00-05:00,248.72000122070312,280.0,196.91000366210938,201.0,43200,0.0,0.0
2024-01-04 00:00:00-05:00,193.67999267578125,199.0,121.0,126.88999938964844,61700,0.0,0.0
2024-01-05 00:00:00-05:00,127.12000274658203,145.0,117.23999786376953,119.87999725341797,34200,0.0,0.0
2024-01-08 00:00:00-05:00,124.02999877929688,125.79000091552734,90.91000366210938,90.91000366210938,40100,0.0,0.0
2024-01-09 00:00:00-05:00,97.66999816894531,100.0,80.05999755859375,90.66000366210938,25200,0.0,0.0
2024-01-10 00:00:00-05:00,111.01000213623047,111.01000213623047,82.5199966430664,89.69999694824219,47900,0.0,0.0
2024-01-11 00:00:00-05:00,87.58999633789062,87.58999633789062,71.01100158691406,78.0,28600,0.0,0.0
2024-01-12 00:00:00-05:00,74.51000213623047,82.80000305175781,63.25199890136719,81.0199966430664,27600,0.0,0.0
2024-01-16 00:00:00-05:00,83.22000122070312,114.99800109863281,83.22000122070312,109.97000122070312,42700,0.0,0.0
2024-01-17 00:00:00-05:00,112.30000305175781,133.6999969482422,90.0,97.73999786376953,44500,0.0,0.0
2024-01-18 00:00:00-05:00,101.01000213623047,111.0,96.5,105.1500015258789,15400,0.0,0.0
2024-01-19 00:00:00-05:00,100.25,108.9800033569336,100.1500015258789,105.0,8400,0.0,0.0
2024-01-22 00:00:00-05:00,100.5,107.0,91.80000305175781,107.0,15000,0.0,0.0
2024-01-23 00:00:00-05:00,110.0,240.0,110.0,166.89999389648438,60900,0.0,0.0
2024-01-24 00:00:00-05:00,170.0,217.0,169.6999969482422,211.85000610351562,48200,0.0,0.0
2024-01-25 00:00:00-05:00,213.0,276.1099853515625,213.0,276.1099853515625,17200,0.0,0.0
2024-01-26 00:00:00-05:00,292.510009765625,295.010009765625,165.0,178.0,34800,0.0,0.0
2024-01-29 00:00:00-05:00,205.0,206.02000427246094,170.0,182.99000549316406,16100,0.0,0.0
2024-01-30 00:00:00-05:00,208.0,219.97000122070312,190.14999389648438,210.39999389648438,19400,0.0,0.0
2024-01-31 00:00:00-05:00,198.1840057373047,305.010009765625,198.1840057373047,264.25,40200,0.0,0.0
2024-02-01 00:00:00-05:00,290.6499938964844,290.6499938964844,224.24000549316406,239.49000549316406,39700,0.0,0.0
2024-02-02 00:00:00-05:00,239.3800048828125,276.9330139160156,239.3800048828125,262.0199890136719,9700,0.0,0.0
2024-02-05 00:00:00-05:00,261.79998779296875,307.9800109863281,245.0,245.0,21800,0.0,0.0
2024-02-06 00:00:00-05:00,260.0,260.0,237.50999450683594,237.50999450683594,7100,0.0,0.0
2024-02-07 00:00:00-05:00,235.0,235.0,216.0,217.00999450683594,10900,0.0,0.0
2024-02-08 00:00:00-05:00,274.3999938964844,332.0,215.6999969482422,259.20001220703125,74400,0.0,20.0
2024-02-09 00:00:00-05:00,245.1999969482422,250.0,111.5,149.1999969482422,97110,0.0,0.0
2024-02-12 00:00:00-05:00,154.39999389648438,167.55999755859375,128.8000030517578,166.1999969482422,42375,0.0,0.0
2024-02-13 00:00:00-05:00,220.0,227.6999969482422,163.0,170.0,61800,0.0,0.0
2024-02-14 00:00:00-05:00,170.39999389648438,180.33999633789062,163.0,164.1999969482422,19270,0.0,0.0
2024-02-15 00:00:00-05:00,164.1999969482422,173.8000030517578,153.60000610351562,162.1999969482422,15395,0.0,0.0
2024-02-16 00:00:00-05:00,160.0,187.60000610351562,160.0,177.39999389648438,19460,0.0,0.0
2024-02-20 00:00:00-05:00,177.8000030517578,195.8000030517578,166.39999389648438,174.60000610351562,15460,0.0,0.0
2024-02-21 00:00:00-05:00,170.1999969482422,175.8000030517578,154.0,169.0,15120,0.0,0.0
2024-02-22 00:00:00-05:00,166.8000030517578,169.97999572753906,160.0,162.0,17465,0.0,0.0
2024-02-23 00:00:00-05:00,160.1999969482422,163.1999969482422,140.22000122070312,141.8000030517578,16160,0.0,0.0
2024-02-26 00:00:00-05:00,140.0,141.97999572753906,113.80000305175781,128.8000030517578,28925,0.0,0.0
2024-02-27 00:00:00-05:00,127.0,133.17999267578125,123.19999694824219,131.39999389648438,10945,0.0,0.0
2024-02-28 00:00:00-05:00,130.0,131.8000030517578,118.19999694824219,120.4000015258789,10045,0.0,0.0
2024-02-29 00:00:00-05:00,120.19999694824219,133.8000030517578,120.19999694824219,125.5999984741211,6015,0.0,0.0
2024-03-01 00:00:00-05:00,128.8000030517578,133.0,120.4000015258789,127.19999694824219,9295,0.0,0.0
2024-03-04 00:00:00-05:00,132.60000610351562,170.0,132.0,169.60000610351562,41585,0.0,0.0
2024-03-05 00:00:00-05:00,168.0,186.24000549316406,166.0,178.0,21545,0.0,0.0
2024-03-06 00:00:00-05:00,205.60000610351562,223.0,180.8000030517578,185.1999969482422,60710,0.0,0.0
2024-03-07 00:00:00-05:00,182.39999389648438,193.1999969482422,177.60000610351562,184.0,19220,0.0,0.0
2024-03-08 00:00:00-05:00,181.39999389648438,182.39999389648438,136.0,140.0,41310,0.0,0.0
2024-03-11 00:00:00-04:00,154.1999969482422,157.1999969482422,135.1999969482422,137.60000610351562,21535,0.0,0.0
2024-03-12 00:00:00-04:00,136.39999389648438,139.3000030517578,122.5999984741211,128.8000030517578,27370,0.0,0.0
2024-03-13 00:00:00-04:00,129.39999389648438,135.1999969482422,127.19999694824219,129.60000610351562,16725,0.0,0.0
2024-03-14 00:00:00-04:00,127.4000015258789,135.16000366210938,100.19999694824219,106.4000015258789,30620,0.0,0.0
2024-03-15 00:00:00-04:00,106.80000305175781,108.0,81.80000305175781,87.5999984741211,72235,0.0,0.0
2024-03-18 00:00:00-04:00,88.0,95.4000015258789,60.400001525878906,62.599998474121094,45460,0.0,0.0
2024-03-19 00:00:00-04:00,64.0,77.69999694824219,61.02000045776367,67.4000015258789,38190,0.0,0.0
2024-03-20 00:00:00-04:00,66.80000305175781,74.4000015258789,63.20000076293945,68.5999984741211,27535,0.0,0.0
2024-03-21 00:00:00-04:00,70.19999694824219,88.81999969482422,63.400001525878906,64.5999984741211,38615,0.0,0.0
2024-03-22 00:00:00-04:00,63.599998474121094,68.5999984741211,57.79999923706055,61.400001525878906,25195,0.0,0.0
2024-03-25 00:00:00-04:00,61.79999923706055,65.19999694824219,57.0,57.0,18895,0.0,0.0
2024-03-26 00:00:00-04:00,54.20000076293945,69.80000305175781,51.20000076293945,68.0,26535,0.0,0.0
2024-03-27 00:00:00-04:00,64.4000015258789,71.0,64.4000015258789,70.0,16790,0.0,0.0
2024-03-28 00:00:00-04:00,71.5999984741211,85.5999984741211,68.9000015258789,76.80000305175781,29115,0.0,0.0
2024-04-01 00:00:00-04:00,77.0,77.19999694824219,63.060001373291016,66.80000305175781,28915,0.0,0.0
2024-04-02 00:00:00-04:00,63.599998474121094,68.0,62.20000076293945,65.4000015258789,14475,0.0,0.0
2024-04-03 00:00:00-04:00,66.19999694824219,66.72000122070312,62.900001525878906,64.19999694824219,15370,0.0,0.0
2024-04-04 00:00:00-04:00,64.80000305175781,65.0,60.20000076293945,60.400001525878906,12700,0.0,0.0
2024-04-05 00:00:00-04:00,62.599998474121094,66.0,60.400001525878906,62.0,10945,0.0,0.0
2024-04-08 00:00:00-04:00,60.599998474121094,63.20000076293945,60.20000076293945,60.79999923706055,9825,0.0,0.0
2024-04-09 00:00:00-04:00,61.0,63.400001525878906,59.20000076293945,61.0,9160,0.0,0.0
2024-04-10 00:00:00-04:00,60.400001525878906,63.599998474121094,60.0,62.400001525878906,8105,0.0,0.0
2024-04-11 00:00:00-04:00,62.400001525878906,66.30000305175781,60.79999923706055,64.80000305175781,8860,0.0,0.0
2024-04-12 00:00:00-04:00,64.5999984741211,64.80000305175781,60.79999923706055,62.0,19205,0.0,0.0
2024-04-15 00:00:00-04:00,62.0,70.30000305175781,62.0,69.80000305175781,40885,0.0,0.0
2024-04-16 00:00:00-04:00,68.4000015258789,93.0,68.08000183105469,86.80000305175781,66965,0.0,0.0
2024-04-17 00:00:00-04:00,86.19999694824219,88.0,78.0,81.4000015258789,40450,0.0,0.0
2024-04-18 00:00:00-04:00,81.0,84.80000305175781,74.5999984741211,79.5999984741211,24240,0.0,0.0
2024-04-19 00:00:00-04:00,77.4000015258789,80.4000015258789,73.0,77.4000015258789,9205,0.0,0.0
2024-04-22 00:00:00-04:00,74.19999694824219,76.0,61.20000076293945,68.5999984741211,25900,0.0,0.0
2024-04-23 00:00:00-04:00,69.80000305175781,74.0,67.4000015258789,70.0,10270,0.0,0.0
2024-04-24 00:00:00-04:00,68.0,71.80000305175781,66.0,70.5999984741211,12710,0.0,0.0
2024-04-25 00:00:00-04:00,70.0,83.5999984741211,68.30000305175781,78.4000015258789,61195,0.0,0.0
2024-04-26 00:00:00-04:00,77.19999694824219,80.80000305175781,76.0,80.80000305175781,8785,0.0,0.0
2024-04-29 00:00:00-04:00,80.19999694824219,84.69999694824219,73.5999984741211,75.4000015258789,34955,0.0,0.0
2024-04-30 00:00:00-04:00,75.5999984741211,79.63999938964844,74.0999984741211,76.19999694824219,5450,0.0,0.0
2024-05-01 00:00:00-04:00,75.0,76.19999694824219,71.55999755859375,72.5999984741211,6285,0.0,0.0
2024-05-02 00:00:00-04:00,75.5999984741211,75.5999984741211,68.5999984741211,70.4000015258789,11610,0.0,0.0
2024-05-03 00:00:00-04:00,70.4000015258789,73.0,69.5999984741211,72.4000015258789,3365,0.0,0.0
2024-05-06 00:00:00-04:00,72.80000305175781,74.0,70.19999694824219,72.19999694824219,3410,0.0,0.0
2024-05-07 00:00:00-04:00,71.5999984741211,71.80000305175781,60.0,65.0,14180,0.0,0.0
2024-05-08 00:00:00-04:00,65.4000015258789,65.4000015258789,61.0,63.79999923706055,9580,0.0,0.0
2024-05-09 00:00:00-04:00,66.0,69.4000015258789,64.4800033569336,65.0,5565,0.0,0.0
2024-05-10 00:00:00-04:00,65.0,72.5999984741211,64.0,69.19999694824219,9535,0.0,0.0
2024-05-13 00:00:00-04:00,70.0,72.19999694824219,65.4000015258789,66.4000015258789,12410,0.0,0.0
2024-05-14 00:00:00-04:00,66.5999984741211,70.0,66.0,67.4000015258789,11810,0.0,0.0
2024-05-15 00:00:00-04:00,67.0,71.19999694824219,66.0,68.0,7555,0.0,0.0
2024-05-16 00:00:00-04:00,67.4000015258789,69.4000015258789,64.19999694824219,65.4000015258789,9625,0.0,0.0
2024-05-17 00:00:00-04:00,66.19999694824219,66.80000305175781,60.0,60.0,14145,0.0,0.0
2024-05-20 00:00:00-04:00,60.0,62.400001525878906,56.79999923706055,61.20000076293945,18630,0.0,0.0
2024-05-21 00:00:00-04:00,57.599998474121094,63.599998474121094,56.400001525878906,57.400001525878906,13820,0.0,0.0
2024-05-22 00:00:00-04:00,58.79999923706055,59.0,55.099998474121094,57.20000076293945,6975,0.0,0.0
2024-05-23 00:00:00-04:00,57.599998474121094,61.20000076293945,55.20000076293945,56.20000076293945,9285,0.0,0.0
2024-05-24 00:00:00-04:00,57.400001525878906,58.0,53.599998474121094,54.79999923706055,5255,0.0,0.0
2024-05-28 00:00:00-04:00,53.79999923706055,58.400001525878906,49.599998474121094,49.79999923706055,17750,0.0,0.0
2024-05-29 00:00:00-04:00,49.0,61.599998474121094,46.400001525878906,61.400001525878906,22360,0.0,0.0
2024-05-30 00:00:00-04:00,58.400001525878906,62.599998474121094,54.0,54.79999923706055,11285,0.0,0.0
2024-05-31 00:00:00-04:00,55.20000076293945,56.400001525878906,52.79999923706055,54.79999923706055,6105,0.0,0.0
2024-06-03 00:00:00-04:00,54.20000076293945,55.20000076293945,53.0,53.20000076293945,6055,0.0,0.0
2024-06-04 00:00:00-04:00,52.400001525878906,55.400001525878906,52.400001525878906,53.400001525878906,5310,0.0,0.0
2024-06-05 00:00:00-04:00,53.599998474121094,56.400001525878906,52.0,55.79999923706055,8870,0.0,0.0
2024-06-06 00:00:00-04:00,54.79999923706055,57.0,53.0,56.400001525878906,4255,0.0,0.0
2024-06-07 00:00:00-04:00,54.79999923706055,56.400001525878906,51.0,51.0,11640,0.0,0.0
2024-06-10 00:00:00-04:00,53.0,57.20000076293945,52.0,57.20000076293945,10660,0.0,0.0
2024-06-11 00:00:00-04:00,56.20000076293945,56.779998779296875,52.0,52.400001525878906,11335,0.0,0.0
2024-06-12 00:00:00-04:00,52.79999923706055,54.5,51.400001525878906,52.79999923706055,11120,0.0,0.0
2024-06-13 00:00:00-04:00,52.0,55.400001525878906,51.599998474121094,53.79999923706055,19855,0.0,0.0
2024-06-14 00:00:00-04:00,53.79999923706055,53.79999923706055,51.400001525878906,53.0,32845,0.0,0.0
2024-06-17 00:00:00-04:00,54.0,59.599998474121094,53.220001220703125,58.20000076293945,22840,0.0,0.0
2024-06-18 00:00:00-04:00,57.0,62.20000076293945,55.099998474121094,62.20000076293945,17040,0.0,0.0
2024-06-20 00:00:00-04:00,62.20000076293945,63.400001525878906,57.400001525878906,60.79999923706055,13895,0.0,0.0
2024-06-21 00:00:00-04:00,61.20000076293945,65.68000030517578,57.0,57.20000076293945,16085,0.0,0.0
2024-06-24 00:00:00-04:00,56.599998474121094,59.0,55.0,59.0,13725,0.0,0.0
2024-06-25 00:00:00-04:00,56.79999923706055,58.79999923706055,54.400001525878906,55.79999923706055,12415,0.0,0.0
2024-06-26 00:00:00-04:00,55.599998474121094,58.79999923706055,54.400001525878906,57.79999923706055,12610,0.0,0.0
2024-06-27 00:00:00-04:00,57.400001525878906,58.900001525878906,50.599998474121094,51.400001525878906,18095,0.0,0.0
2024-06-28 00:00:00-04:00,52.0,53.0,50.599998474121094,52.0,8620,0.0,0.0
2024-07-01 00:00:00-04:00,53.599998474121094,53.599998474121094,51.400001525878906,52.0,4195,0.0,0.0
2024-07-02 00:00:00-04:00,51.0,52.79999923706055,46.5,51.400001525878906,16110,0.0,0.0
2024-07-03 00:00:00-04:00,52.599998474121094,58.79999923706055,50.0,56.5,7235,0.0,0.0
2024-07-05 00:00:00-04:00,56.0,59.0,54.400001525878906,55.79999923706055,2215,0.0,0.0
2024-07-08 00:00:00-04:00,57.0,61.0,56.400001525878906,58.400001525878906,7700,0.0,0.0
2024-07-09 00:00:00-04:00,59.0,59.0,54.20000076293945,55.0,2200,0.0,0.0
2024-07-10 00:00:00-04:00,55.0,59.400001525878906,53.599998474121094,58.400001525878906,3620,0.0,0.0
2024-07-11 00:00:00-04:00,57.79999923706055,58.400001525878906,55.0,56.20000076293945,14340,0.0,0.0
2024-07-12 00:00:00-04:00,56.20000076293945,57.79999923706055,54.91999816894531,56.79999923706055,10635,0.0,0.0
2024-07-15 00:00:00-04:00,55.400001525878906,63.400001525878906,55.0,62.0,17295,0.0,0.0
2024-07-16 00:00:00-04:00,62.400001525878906,83.5999984741211,62.400001525878906,73.4000015258789,55140,0.0,0.0
2024-07-17 00:00:00-04:00,71.0,77.4000015258789,66.0,71.4000015258789,22555,0.0,0.0
2024-07-18 00:00:00-04:00,72.80000305175781,78.0,70.81999969482422,71.4000015258789,12330,0.0,0.0
2024-07-19 00:00:00-04:00,68.0,71.4000015258789,60.560001373291016,62.70000076293945,22365,0.0,0.0
2024-07-22 00:00:00-04:00,63.599998474121094,68.5999984741211,61.20000076293945,68.0,4400,0.0,0.0
2024-07-23 00:00:00-04:00,72.4000015258789,75.19999694824219,69.22000122070312,71.5999984741211,8925,0.0,0.0
2024-07-24 00:00:00-04:00,70.0,71.0,65.0,66.80000305175781,5530,0.0,0.0
2024-07-25 00:00:00-04:00,66.80000305175781,66.80000305175781,61.20000076293945,63.0,5080,0.0,0.0
2024-07-26 00:00:00-04:00,61.400001525878906,64.4000015258789,58.84000015258789,63.599998474121094,6105,0.0,0.0
2024-07-29 00:00:00-04:00,62.97999954223633,63.599998474121094,57.400001525878906,58.400001525878906,7015,0.0,0.0
2024-07-30 00:00:00-04:00,57.79999923706055,60.0,55.79999923706055,56.79999923706055,4145,0.0,0.0
2024-07-31 00:00:00-04:00,56.79999923706055,60.20000076293945,55.900001525878906,56.0,5020,0.0,0.0
2024-08-01 00:00:00-04:00,57.20000076293945,58.400001525878906,51.900001525878906,54.0,4360,0.0,0.0
2024-08-02 00:00:00-04:00,52.79999923706055,56.959999084472656,52.0,52.599998474121094,4405,0.0,0.0
2024-08-05 00:00:00-04:00,50.79999923706055,58.779998779296875,50.0,56.0,6515,0.0,0.0
2024-08-06 00:00:00-04:00,54.79999923706055,68.0,54.79999923706055,65.80000305175781,21125,0.0,0.0
2024-08-07 00:00:00-04:00,66.4000015258789,66.4000015258789,59.0,60.0,2715,0.0,0.0
2024-08-08 00:00:00-04:00,61.79999923706055,87.5999984741211,61.79999923706055,78.5999984741211,28575,0.0,0.0
2024-08-09 00:00:00-04:00,76.0,76.54000091552734,63.0,63.20000076293945,10505,0.0,0.0
2024-08-12 00:00:00-04:00,63.400001525878906,67.0,63.0,63.29999923706055,4115,0.0,0.0
2024-08-13 00:00:00-04:00,63.79999923706055,65.0,61.79999923706055,65.0,2455,0.0,0.0
2024-08-14 00:00:00-04:00,65.4000015258789,74.4000015258789,65.4000015258789,69.19999694824219,5005,0.0,0.0
2024-08-15 00:00:00-04:00,69.5999984741211,73.4000015258789,68.19999694824219,72.5999984741211,5560,0.0,0.0
2024-08-16 00:00:00-04:00,72.80000305175781,76.0,68.5999984741211,71.0,5540,0.0,0.0
2024-08-19 00:00:00-04:00,70.0,74.0,65.0,68.80000305175781,7260,0.0,0.0
2024-08-20 00:00:00-04:00,68.0,70.80000305175781,65.80000305175781,68.4000015258789,4105,0.0,0.0
2024-08-21 00:00:00-04:00,68.23999786376953,71.5999984741211,66.19999694824219,68.5999984741211,5680,0.0,0.0
2024-08-22 00:00:00-04:00,68.4000015258789,74.0,67.5999984741211,70.19999694824219,5745,0.0,0.0
2024-08-23 00:00:00-04:00,70.4000015258789,80.37999725341797,56.0,61.400001525878906,36985,0.0,0.0
2024-08-26 00:00:00-04:00,64.0,64.5999984741211,59.599998474121094,61.599998474121094,5105,0.0,0.0
2024-08-27 00:00:00-04:00,61.599998474121094,64.19999694824219,56.20000076293945,57.400001525878906,5955,0.0,0.0
2024-08-28 00:00:00-04:00,58.0,59.29999923706055,53.0,56.400001525878906,9400,0.0,0.0
2024-08-29 00:00:00-04:00,58.599998474121094,58.599998474121094,54.599998474121094,54.599998474121094,3630,0.0,0.0
2024-08-30 00:00:00-04:00,56.20000076293945,63.0,55.459999084472656,60.20000076293945,8670,0.0,0.0
2024-09-03 00:00:00-04:00,60.20000076293945,61.7599983215332,53.0,54.400001525878906,10800,0.0,0.0
2024-09-04 00:00:00-04:00,56.79999923706055,60.0,55.0,56.20000076293945,5015,0.0,0.0
2024-09-05 00:00:00-04:00,55.400001525878906,56.70000076293945,52.400001525878906,53.400001525878906,4050,0.0,0.0
2024-09-06 00:00:00-04:00,53.599998474121094,54.79999923706055,52.599998474121094,54.0,1605,0.0,0.0
2024-09-09 00:00:00-04:00,54.0,60.0,54.0,55.599998474121094,4475,0.0,0.0
2024-09-10 00:00:00-04:00,55.20000076293945,56.599998474121094,50.400001525878906,50.79999923706055,7390,0.0,0.0
2024-09-11 00:00:00-04:00,53.0,53.400001525878906,46.70000076293945,51.400001525878906,7110,0.0,0.0
2024-09-12 00:00:00-04:00,50.79999923706055,51.79999923706055,48.0,50.79999923706055,3765,0.0,0.0
2024-09-13 00:00:00-04:00,51.0,55.0,50.20000076293945,52.599998474121094,5285,0.0,0.0
2024-09-16 00:00:00-04:00,51.20000076293945,54.70000076293945,50.599998474121094,50.79999923706055,3355,0.0,0.0
2024-09-17 00:00:00-04:00,50.79999923706055,54.599998474121094,50.79999923706055,52.0,6465,0.0,0.0
2024-09-18 00:00:00-04:00,52.400001525878906,53.220001220703125,47.400001525878906,51.20000076293945,10420,0.0,0.0
2024-09-19 00:00:00-04:00,50.599998474121094,53.599998474121094,50.0,53.0,4855,0.0,0.0
2024-09-20 00:00:00-04:00,52.400001525878906,81.5999984741211,51.400001525878906,81.5999984741211,62000,0.0,0.0
2024-09-23 00:00:00-04:00,65.80000305175781,69.27999877929688,56.20000076293945,61.599998474121094,52830,0.0,0.0
2024-09-24 00:00:00-04:00,60.79999923706055,60.79999923706055,54.0,55.400001525878906,11140,0.0,0.0
2024-09-25 00:00:00-04:00,57.0,57.599998474121094,53.20000076293945,54.400001525878906,14525,0.0,0.0
2024-09-26 00:00:00-04:00,55.79999923706055,55.79999923706055,51.20000076293945,54.400001525878906,7190,0.0,0.0
2024-09-27 00:00:00-04:00,55.79999923706055,57.599998474121094,53.400001525878906,56.599998474121094,7595,0.0,0.0
2024-09-30 00:00:00-04:00,57.400001525878906,58.0,53.0,53.79999923706055,9935,0.0,0.0
2024-10-01 00:00:00-04:00,54.400001525878906,54.880001068115234,50.599998474121094,51.599998474121094,18990,0.0,0.0
2024-10-02 00:00:00-04:00,51.79999923706055,54.20000076293945,50.599998474121094,52.20000076293945,6910,0.0,0.0
2024-10-03 00:00:00-04:00,52.0,52.79999923706055,49.20000076293945,50.20000076293945,9870,0.0,0.0
2024-10-04 00:00:00-04:00,51.79999923706055,51.79999923706055,49.0,50.20000076293945,8330,0.0,0.0
2024-10-07 00:00:00-04:00,50.599998474121094,53.20000076293945,48.400001525878906,50.79999923706055,11475,0.0,0.0
2024-10-08 00:00:00-04:00,51.599998474121094,54.20000076293945,48.599998474121094,50.0,12705,0.0,0.0
2024-10-09 00:00:00-04:00,49.20000076293945,52.0,46.400001525878906,51.099998474121094,32535,0.0,0.0
2024-10-10 00:00:00-04:00,49.400001525878906,51.20000076293945,48.0,50.400001525878906,4700,0.0,0.0
2024-10-11 00:00:00-04:00,50.79999923706055,54.0,48.79999923706055,52.400001525878906,15635,0.0,0.0
2024-10-14 00:00:00-04:00,52.0,53.20000076293945,50.0,50.79999923706055,7450,0.0,0.0
2024-10-15 00:00:00-04:00,50.79999923706055,58.099998474121094,48.400001525878906,50.0,101680,0.0,0.0
2024-10-16 00:00:00-04:00,49.400001525878906,51.20000076293945,43.0,44.400001525878906,25980,0.0,0.0
2024-10-17 00:00:00-04:00,44.400001525878906,45.47999954223633,37.0,42.400001525878906,54505,0.0,0.0
2024-10-18 00:00:00-04:00,42.20000076293945,46.20000076293945,42.20000076293945,46.0,9700,0.0,0.0
2024-10-21 00:00:00-04:00,47.79999923706055,48.79999923706055,44.20000076293945,47.0,19275,0.0,0.0
2024-10-22 00:00:00-04:00,45.599998474121094,46.599998474121094,42.400001525878906,44.400001525878906,8360,0.0,0.0
2024-10-23 00:00:00-04:00,43.20000076293945,44.599998474121094,40.20000076293945,41.599998474121094,8385,0.0,0.0
2024-10-24 00:00:00-04:00,41.599998474121094,46.0,41.20000076293945,45.0,12975,0.0,0.0
2024-10-25 00:00:00-04:00,44.400001525878906,47.20000076293945,40.0,43.599998474121094,22350,0.0,0.0
2024-10-28 00:00:00-04:00,45.79999923706055,45.79999923706055,41.0,42.79999923706055,17385,0.0,0.0
2024-10-29 00:00:00-04:00,43.0,43.79999923706055,40.20000076293945,41.20000076293945,12945,0.0,0.0
2024-10-30 00:00:00-04:00,40.400001525878906,42.599998474121094,39.900001525878906,40.79999923706055,22230,0.0,0.0
2024-10-31 00:00:00-04:00,39.599998474121094,40.900001525878906,38.20000076293945,40.0,17020,0.0,0.0
2024-11-01 00:00:00-04:00,39.400001525878906,41.0,38.400001525878906,41.0,7695,0.0,0.0
2024-11-04 00:00:00-05:00,41.599998474121094,41.79999923706055,38.79999923706055,39.79999923706055,6970,0.0,0.0
2024-11-05 00:00:00-05:00,40.0,41.0,39.79999923706055,41.0,2450,0.0,0.0
2024-11-06 00:00:00-05:00,41.599998474121094,44.0,39.880001068115234,43.599998474121094,19320,0.0,0.0
2024-11-07 00:00:00-05:00,43.20000076293945,43.400001525878906,38.599998474121094,39.099998474121094,16855,0.0,0.0
2024-11-08 00:00:00-05:00,39.20000076293945,40.119998931884766,35.79999923706055,36.599998474121094,14505,0.0,0.0
2024-11-11 00:00:00-05:00,36.400001525878906,36.79999923706055,30.399999618530273,32.20000076293945,23255,0.0,0.0
2024-11-12 00:00:00-05:00,35.0,35.79999923706055,28.0,28.799999237060547,26495,0.0,0.0
2024-11-13 00:00:00-05:00,29.0,33.599998474121094,27.799999237060547,29.399999618530273,19630,0.0,0.0
2024-11-14 00:00:00-05:00,29.200000762939453,29.200000762939453,26.799999237060547,27.399999618530273,7875,0.0,0.0
2024-11-15 00:00:00-05:00,29.200000762939453,29.200000762939453,24.799999237060547,26.600000381469727,11830,0.0,0.0
2024-11-18 00:00:00-05:00,26.600000381469727,27.799999237060547,24.799999237060547,25.799999237060547,11075,0.0,0.0
2024-11-19 00:00:00-05:00,25.399999618530273,26.479999542236328,22.600000381469727,24.200000762939453,24430,0.0,0.0
2024-11-20 00:00:00-05:00,23.0,23.799999237060547,19.200000762939453,20.200000762939453,30660,0.0,0.0
2024-11-21 00:00:00-05:00,20.0,21.799999237060547,19.799999237060547,21.399999618530273,17395,0.0,0.0
2024-11-22 00:00:00-05:00,20.940000534057617,23.0,19.799999237060547,21.200000762939453,13700,0.0,0.0
2024-11-25 00:00:00-05:00,21.600000381469727,21.700000762939453,18.600000381469727,18.940000534057617,13980,0.0,0.0
2024-11-26 00:00:00-05:00,19.200000762939453,19.799999237060547,15.0,17.579999923706055,32575,0.0,0.0
2024-11-27 00:00:00-05:00,17.559999465942383,20.0,16.0,19.540000915527344,15625,0.0,0.0
2024-11-29 00:00:00-05:00,19.799999237060547,20.600000381469727,16.200000762939453,18.200000762939453,29355,0.0,0.0
2024-12-02 00:00:00-05:00,18.600000381469727,18.6200008392334,16.31999969482422,18.3799991607666,14020,0.0,0.0
2024-12-03 00:00:00-05:00,18.200000762939453,18.200000762939453,16.0,17.3799991607666,20000,0.0,0.0
2024-12-04 00:00:00-05:00,17.979999542236328,17.979999542236328,15.84000015258789,17.0,10500,0.0,0.0
2024-12-05 00:00:00-05:00,16.979999542236328,16.979999542236328,14.020000457763672,14.640000343322754,19180,0.0,0.0
2024-12-06 00:00:00-05:00,14.399999618530273,15.460000038146973,14.180000305175781,14.4399995803833,5710,0.0,0.0
2024-12-09 00:00:00-05:00,14.800000190734863,17.18000030517578,14.800000190734863,15.960000038146973,20210,0.0,0.0
2024-12-10 00:00:00-05:00,16.200000762939453,17.0,14.600000381469727,14.960000038146973,18980,0.0,0.0
2024-12-11 00:00:00-05:00,15.15999984741211,16.0,15.15999984741211,15.739999771118164,7960,0.0,0.0
2024-12-12 00:00:00-05:00,15.260000228881836,16.0,14.399999618530273,15.199999809265137,7885,0.0,0.0
2024-12-13 00:00:00-05:00,15.399999618530273,16.0,14.800000190734863,15.5600004196167,5665,0.0,0.0
2024-12-16 00:00:00-05:00,16.200000762939453,16.200000762939453,14.779999732971191,15.920000076293945,8020,0.0,0.0
2024-12-17 00:00:00-05:00,15.699999809265137,15.800000190734863,14.600000381469727,14.600000381469727,5495,0.0,0.0
2024-12-18 00:00:00-05:00,14.619999885559082,16.399999618530273,14.039999961853027,16.0,20575,0.0,0.0
2024-12-19 00:00:00-05:00,15.279999732971191,17.84000015258789,15.199999809265137,17.0,15810,0.0,0.0
2024-12-20 00:00:00-05:00,16.020000457763672,17.799999237060547,16.020000457763672,17.200000762939453,17030,0.0,0.0
2024-12-23 00:00:00-05:00,16.68000030517578,18.200000762939453,16.0,18.0,10605,0.0,0.0
2024-12-24 00:00:00-05:00,18.200000762939453,20.0,17.260000228881836,19.600000381469727,17815,0.0,0.0
2024-12-26 00:00:00-05:00,20.0,28.399999618530273,19.799999237060547,24.0,61090,0.0,0.0
2024-12-27 00:00:00-05:00,24.200000762939453,25.600000381469727,21.0,21.0,154355,0.0,0.0
2024-12-30 00:00:00-05:00,20.399999618530273,20.399999618530273,16.799999237060547,17.600000381469727,34130,0.0,0.0
2024-12-31 00:00:00-05:00,17.600000381469727,18.899999618530273,15.220000267028809,15.5600004196167,35360,0.0,0.0
2025-01-02 00:00:00-05:00,15.859999656677246,23.799999237060547,15.5600004196167,19.260000228881836,85305,0.0,0.0
2025-01-03 00:00:00-05:00,19.260000228881836,21.200000762939453,19.200000762939453,20.200000762939453,19760,0.0,0.0
2025-01-06 00:00:00-05:00,20.200000762939453,21.600000381469727,18.020000457763672,18.399999618530273,15055,0.0,0.0
2025-01-07 00:00:00-05:00,18.200000762939453,21.200000762939453,17.200000762939453,17.799999237060547,12510,0.0,0.0
2025-01-08 00:00:00-05:00,17.020000457763672,18.940000534057617,16.65999984741211,17.0,6935,0.0,0.0
2025-01-10 00:00:00-05:00,16.799999237060547,17.0,15.239999771118164,16.200000762939453,8025,0.0,0.0
2025-01-13 00:00:00-05:00,16.200000762939453,18.979999542236328,16.200000762939453,18.200000762939453,13465,0.0,0.0
2025-01-14 00:00:00-05:00,19.0,22.399999618530273,18.020000457763672,20.799999237060547,37715,0.0,0.0
2025-01-15 00:00:00-05:00,20.200000762939453,20.200000762939453,18.0,18.540000915527344,13580,0.0,0.0
2025-01-16 00:00:00-05:00,17.959999084472656,19.959999084472656,17.700000762939453,19.200000762939453,14470,0.0,0.0
2025-01-17 00:00:00-05:00,18.799999237060547,19.780000686645508,18.0,18.399999618530273,7695,0.0,0.0
2025-01-21 00:00:00-05:00,18.200000762939453,19.780000686645508,16.399999618530273,17.600000381469727,8300,0.0,0.0
2025-01-22 00:00:00-05:00,17.600000381469727,18.260000228881836,17.15999984741211,17.520000457763672,3695,0.0,0.0
2025-01-23 00:00:00-05:00,17.799999237060547,19.0,16.219999313354492,17.579999923706055,4730,0.0,0.0
2025-01-24 00:00:00-05:00,16.899999618530273,18.200000762939453,16.899999618530273,17.799999237060547,1875,0.0,0.0
2025-01-27 00:00:00-05:00,17.399999618530273,17.780000686645508,15.0,15.800000190734863,15730,0.0,0.0
2025-01-28 00:00:00-05:00,16.0,16.780000686645508,15.420000076293945,16.0,8215,0.0,0.0
2025-01-29 00:00:00-05:00,16.260000228881836,16.600000381469727,15.199999809265137,16.0,4495,0.0,0.0
2025-01-30 00:00:00-05:00,16.3799991607666,17.799999237060547,15.4399995803833,17.799999237060547,6220,0.0,0.0
2025-01-31 00:00:00-05:00,17.799999237060547,17.979999542236328,16.799999237060547,17.600000381469727,1955,0.0,0.0
2025-02-03 00:00:00-05:00,16.440000534057617,17.399999618530273,16.020000457763672,16.639999389648438,2680,0.0,0.0
2025-02-04 00:00:00-05:00,16.600000381469727,17.420000076293945,16.200000762939453,16.559999465942383,3985,0.0,0.0
2025-02-05 00:00:00-05:00,16.920000076293945,18.0,16.200000762939453,18.0,8850,0.0,0.0
2025-02-06 00:00:00-05:00,17.459999084472656,17.600000381469727,16.399999618530273,16.600000381469727,4505,0.0,0.0
2025-02-07 00:00:00-05:00,16.399999618530273,17.040000915527344,15.399999618530273,16.440000534057617,6105,0.0,0.0
2025-02-10 00:00:00-05:00,16.440000534057617,20.399999618530273,15.699999809265137,20.200000762939453,40080,0.0,0.0
2025-02-11 00:00:00-05:00,20.0,20.0,16.600000381469727,17.3799991607666,28240,0.0,0.0
2025-02-12 00:00:00-05:00,16.799999237060547,18.0,16.0,16.15999984741211,12485,0.0,0.0
2025-02-13 00:00:00-05:00,16.100000381469727,17.360000610351562,16.0,17.100000381469727,43130,0.0,0.0
2025-02-14 00:00:00-05:00,16.600000381469727,18.0,15.760000228881836,17.200000762939453,23600,0.0,0.0
2025-02-18 00:00:00-05:00,16.979999542236328,17.0,15.399999618530273,16.280000686645508,28560,0.0,0.0
2025-02-19 00:00:00-05:00,16.399999618530273,16.399999618530273,15.460000038146973,15.600000381469727,3795,0.0,0.0
2025-02-20 00:00:00-05:00,16.0,16.0,15.239999771118164,15.880000114440918,4870,0.0,0.0
2025-02-21 00:00:00-05:00,15.65999984741211,16.0,15.199999809265137,15.279999732971191,7375,0.0,0.0
2025-02-24 00:00:00-05:00,15.600000381469727,15.600000381469727,14.199999809265137,14.600000381469727,13105,0.0,0.0
2025-02-25 00:00:00-05:00,14.399999618530273,15.0,13.800000190734863,14.520000457763672,7105,0.0,0.0
2025-02-26 00:00:00-05:00,14.399999618530273,16.0,14.0,15.479999542236328,5825,0.0,0.0
2025-02-27 00:00:00-05:00,14.800000190734863,14.899999618530273,14.079999923706055,14.760000228881836,7495,0.0,0.0
2025-02-28 00:00:00-05:00,14.020000457763672,14.460000038146973,12.779999732971191,13.760000228881836,26930,0.0,0.0
2025-03-03 00:00:00-05:00,13.760000228881836,13.979999542236328,13.199999809265137,13.220000267028809,4080,0.0,0.0
2025-03-04 00:00:00-05:00,13.199999809265137,14.600000381469727,11.800000190734863,14.600000381469727,8260,0.0,0.0
2025-03-05 00:00:00-05:00,14.600000381469727,15.680000305175781,14.0,15.65999984741211,3480,0.0,0.0
2025-03-06 00:00:00-05:00,15.600000381469727,15.960000038146973,14.199999809265137,15.960000038146973,5310,0.0,0.0
2025-03-07 00:00:00-05:00,15.0,17.0,14.619999885559082,16.079999923706055,19315,0.0,0.0
2025-03-10 00:00:00-04:00,15.600000381469727,16.760000228881836,13.199999809265137,16.420000076293945,22680,0.0,0.0
2025-03-11 00:00:00-04:00,16.3799991607666,16.68000030517578,14.760000228881836,16.600000381469727,15310,0.0,0.0
2025-03-12 00:00:00-04:00,16.360000610351562,16.899999618530273,15.0,16.799999237060547,7905,0.0,0.0
2025-03-13 00:00:00-04:00,16.0,16.600000381469727,15.399999618530273,16.600000381469727,7065,0.0,0.0
2025-03-14 00:00:00-04:00,15.5600004196167,17.040000915527344,15.420000076293945,17.040000915527344,12735,0.0,0.0
2025-03-17 00:00:00-04:00,16.579999923706055,17.780000686645508,15.960000038146973,17.780000686645508,8590,0.0,0.0
2025-03-18 00:00:00-04:00,16.920000076293945,18.0,16.0,17.799999237060547,34445,0.0,0.0
2025-03-19 00:00:00-04:00,16.8799991607666,20.5,16.600000381469727,20.399999618530273,42355,0.0,0.0
2025-03-20 00:00:00-04:00,19.399999618530273,19.799999237060547,18.020000457763672,18.540000915527344,10370,0.0,0.0
2025-03-21 00:00:00-04:00,18.600000381469727,18.760000228881836,13.15999984741211,13.15999984741211,94305,0.0,0.0
2025-03-24 00:00:00-04:00,13.880000114440918,15.0,13.880000114440918,14.479999542236328,7975,0.0,0.0
2025-03-25 00:00:00-04:00,14.399999618530273,14.640000343322754,13.239999771118164,14.0,10660,0.0,0.0
2025-03-26 00:00:00-04:00,14.399999618530273,14.779999732971191,13.399999618530273,13.800000190734863,7435,0.0,0.0
2025-03-27 00:00:00-04:00,14.479999542236328,14.479999542236328,14.0,14.239999771118164,940,0.0,0.0
2025-03-28 00:00:00-04:00,14.0,14.399999618530273,14.0,14.0600004196167,3020,0.0,0.0
2025-03-31 00:00:00-04:00,14.199999809265137,15.399999618530273,13.600000381469727,14.859999656677246,7920,0.0,0.0
2025-04-01 00:00:00-04:00,14.239999771118164,14.859999656677246,14.239999771118164,14.859999656677246,1765,0.0,0.0
2025-04-02 00:00:00-04:00,14.920000076293945,15.199999809265137,12.0,13.0,27265,0.0,0.0
2025-04-03 00:00:00-04:00,12.859999656677246,13.84000015258789,12.65999984741211,13.359999656677246,3225,0.0,0.0
2025-04-04 00:00:00-04:00,13.359999656677246,13.600000381469727,12.220000267028809,12.34000015258789,6550,0.0,0.0
2025-04-07 00:00:00-04:00,12.0,12.880000114440918,12.0,12.84000015258789,2460,0.0,0.0
2025-04-08 00:00:00-04:00,12.84000015258789,13.079999923706055,12.020000457763672,12.300000190734863,3450,0.0,0.0
2025-04-09 00:00:00-04:00,12.100000381469727,12.300000190734863,11.100000381469727,11.619999885559082,16300,0.0,0.0
2025-04-10 00:00:00-04:00,11.800000190734863,12.640000343322754,11.800000190734863,12.399999618530273,5905,0.0,0.0
2025-04-11 00:00:00-04:00,13.319999694824219,15.779999732971191,12.800000190734863,14.619999885559082,18135,0.0,0.0
2025-04-14 00:00:00-04:00,15.380000114440918,18.0,15.359999656677246,17.360000610351562,23890,0.0,0.0
2025-04-15 00:00:00-04:00,17.399999618530273,17.739999771118164,16.0,17.0,5680,0.0,0.0
2025-04-16 00:00:00-04:00,16.440000534057617,19.3799991607666,16.440000534057617,18.600000381469727,16255,0.0,0.0
2025-04-17 00:00:00-04:00,18.600000381469727,19.700000762939453,18.0,18.799999237060547,9045,0.0,0.0
2025-04-21 00:00:00-04:00,19.139999389648438,19.139999389648438,17.68000030517578,17.799999237060547,5745,0.0,0.0
2025-04-22 00:00:00-04:00,18.3799991607666,18.899999618530273,17.700000762939453,18.399999618530273,3205,0.0,0.0
2025-04-23 00:00:00-04:00,18.399999618530273,18.799999237060547,17.0,17.5,4015,0.0,0.0
2025-04-24 00:00:00-04:00,17.1200008392334,17.6200008392334,16.799999237060547,17.200000762939453,3060,0.0,0.0
2025-04-25 00:00:00-04:00,17.520000457763672,18.399999618530273,17.219999313354492,17.920000076293945,3360,0.0,0.0
2025-04-28 00:00:00-04:00,18.0,18.299999237060547,16.81999969482422,17.34000015258789,3375,0.0,0.0
2025-04-29 00:00:00-04:00,17.139999389648438,19.299999237060547,16.979999542236328,17.899999618530273,25770,0.0,0.0
2025-04-30 00:00:00-04:00,18.0,18.540000915527344,17.31999969482422,18.200000762939453,3675,0.0,0.0
2025-05-01 00:00:00-04:00,18.399999618530273,18.399999618530273,16.0,16.020000457763672,52960,0.0,0.0
2025-05-02 00:00:00-04:00,16.0,16.700000762939453,15.0,15.239999771118164,30780,0.0,0.0
2025-05-05 00:00:00-04:00,14.640000343322754,16.34000015258789,14.640000343322754,16.0,9750,0.0,0.0
2025-05-06 00:00:00-04:00,15.600000381469727,16.860000610351562,15.199999809265137,16.600000381469727,4205,0.0,0.0
2025-05-07 00:00:00-04:00,16.079999923706055,16.700000762939453,15.899999618530273,16.1200008392334,8390,0.0,0.0
2025-05-08 00:00:00-04:00,15.800000190734863,16.959999084472656,15.600000381469727,16.579999923706055,13395,0.0,0.0
2025-05-09 00:00:00-04:00,16.360000610351562,16.600000381469727,16.100000381469727,16.600000381469727,2110,0.0,0.0
2025-05-12 00:00:00-04:00,16.579999923706055,18.0,16.0,17.959999084472656,10295,0.0,0.0
2025-05-13 00:00:00-04:00,17.520000457763672,17.799999237060547,16.020000457763672,16.940000534057617,10255,0.0,0.0
2025-05-14 00:00:00-04:00,16.399999618530273,16.940000534057617,12.0,12.720000267028809,48065,0.0,0.0
2025-05-15 00:00:00-04:00,14.0,16.799999237060547,13.800000190734863,16.5,26880,0.0,0.0
2025-05-16 00:00:00-04:00,15.34000015258789,16.399999618530273,15.199999809265137,15.9399995803833,8400,0.0,0.0
2025-05-19 00:00:00-04:00,16.0,16.399999618530273,15.399999618530273,16.1200008392334,2285,0.0,0.0
2025-05-20 00:00:00-04:00,16.0,16.34000015258789,15.399999618530273,15.800000190734863,1995,0.0,0.0
2025-05-21 00:00:00-04:00,16.0,16.200000762939453,15.399999618530273,15.979999542236328,3115,0.0,0.0
2025-05-22 00:00:00-04:00,15.399999618530273,16.0,15.399999618530273,15.880000114440918,1855,0.0,0.0
2025-05-23 00:00:00-04:00,16.0,16.0,15.399999618530273,15.699999809265137,3085,0.0,0.0
2025-05-27 00:00:00-04:00,15.680000305175781,16.200000762939453,15.680000305175781,15.819999694824219,9305,0.0,0.0
2025-05-28 00:00:00-04:00,16.0,16.0,15.020000457763672,15.220000267028809,5540,0.0,0.0
2025-05-29 00:00:00-04:00,15.0,15.600000381469727,15.0,15.199999809265137,4370,0.0,0.0
2025-05-30 00:00:00-04:00,15.15999984741211,15.600000381469727,15.0,15.020000457763672,2860,0.0,0.0
2025-06-02 00:00:00-04:00,15.359999656677246,16.200000762939453,15.0,16.0,14845,0.0,0.0
2025-06-03 00:00:00-04:00,15.9399995803833,16.0,15.300000190734863,15.600000381469727,4700,0.0,0.0
2025-06-04 00:00:00-04:00,16.31999969482422,16.31999969482422,15.399999618530273,15.420000076293945,2605,0.0,0.0
2025-06-05 00:00:00-04:00,15.5600004196167,16.0,15.399999618530273,15.859999656677246,3235,0.0,0.0
2025-06-06 00:00:00-04:00,15.800000190734863,15.800000190734863,14.239999771118164,15.399999618530273,16675,0.0,0.0
2025-06-09 00:00:00-04:00,14.800000190734863,15.399999618530273,13.600000381469727,13.619999885559082,58330,0.0,0.0
2025-06-10 00:00:00-04:00,14.0,14.260000228881836,13.0,13.399999618530273,8125,0.0,0.0
2025-06-11 00:00:00-04:00,14.0,14.0,13.600000381469727,13.800000190734863,3425,0.0,0.0
2025-06-12 00:00:00-04:00,14.0,14.420000076293945,13.880000114440918,13.899999618530273,1375,0.0,0.0
2025-06-13 00:00:00-04:00,13.960000038146973,14.420000076293945,13.600000381469727,13.65999984741211,2025,0.0,0.0
2025-06-16 00:00:00-04:00,14.399999618530273,14.420000076293945,13.399999618530273,13.600000381469727,6740,0.0,0.0
2025-06-17 00:00:00-04:00,13.779999732971191,14.0,13.5,13.800000190734863,1195,0.0,0.0
2025-06-18 00:00:00-04:00,13.600000381469727,14.239999771118164,13.0,14.079999923706055,20555,0.0,0.0
2025-06-20 00:00:00-04:00,13.739999771118164,13.859999656677246,12.140000343322754,12.140000343322754,13685,0.0,0.0
2025-06-23 00:00:00-04:00,12.399999618530273,13.619999885559082,12.359999656677246,12.899999618530273,8430,0.0,0.0
2025-06-24 00:00:00-04:00,12.960000038146973,13.199999809265137,12.199999809265137,13.180000305175781,2785,0.0,0.0
2025-06-25 00:00:00-04:00,12.819999694824219,13.800000190734863,12.819999694824219,13.800000190734863,3605,0.0,0.0
2025-06-26 00:00:00-04:00,13.380000114440918,13.800000190734863,12.819999694824219,13.079999923706055,11085,0.0,0.0
2025-06-27 00:00:00-04:00,13.0,13.600000381469727,12.260000228881836,13.0,6910,0.0,0.0
2025-06-30 00:00:00-04:00,12.640000343322754,13.399999618530273,12.300000190734863,13.0,4085,0.0,0.0
2025-07-01 00:00:00-04:00,12.979999542236328,13.0,12.399999618530273,12.680000305175781,8380,0.0,0.0
2025-07-02 00:00:00-04:00,12.399999618530273,13.4399995803833,12.359999656677246,12.819999694824219,13830,0.0,0.0
2025-07-03 00:00:00-04:00,12.680000305175781,13.359999656677246,12.600000381469727,12.800000190734863,6560,0.0,0.0
2025-07-07 00:00:00-04:00,12.760000228881836,12.779999732971191,11.020000457763672,11.5,13245,0.0,0.0
2025-07-08 00:00:00-04:00,12.0,12.279999732971191,10.819999694824219,11.619999885559082,11180,0.0,0.0
2025-07-09 00:00:00-04:00,11.220000267028809,11.9399995803833,10.079999923706055,11.9399995803833,20030,0.0,0.0
2025-07-10 00:00:00-04:00,11.239999771118164,12.140000343322754,11.199999809265137,12.140000343322754,9305,0.0,0.0
2025-07-11 00:00:00-04:00,11.979999542236328,13.0,11.760000228881836,12.800000190734863,13810,0.0,0.0
2025-07-14 00:00:00-04:00,13.199999809265137,13.199999809265137,11.960000038146973,12.039999961853027,11265,0.0,0.0
2025-07-15 00:00:00-04:00,12.180000305175781,12.819999694824219,11.640000343322754,12.819999694824219,7060,0.0,0.0
2025-07-16 00:00:00-04:00,13.079999923706055,13.279999732971191,11.9399995803833,12.779999732971191,22855,0.0,0.0
2025-07-17 00:00:00-04:00,12.300000190734863,12.899999618530273,12.199999809265137,12.899999618530273,17570,0.0,0.0
2025-07-18 00:00:00-04:00,13.020000457763672,13.380000114440918,12.800000190734863,13.199999809265137,11970,0.0,0.0
2025-07-21 00:00:00-04:00,13.380000114440918,13.5,12.819999694824219,12.859999656677246,12885,0.0,0.0
2025-07-22 00:00:00-04:00,13.0,13.399999618530273,12.420000076293945,12.819999694824219,11520,0.0,0.0
2025-07-23 00:00:00-04:00,13.199999809265137,14.0,12.800000190734863,14.0,19330,0.0,0.0
2025-07-24 00:00:00-04:00,13.619999885559082,14.180000305175781,13.199999809265137,13.239999771118164,11640,0.0,0.0
2025-07-25 00:00:00-04:00,13.699999809265137,13.699999809265137,12.819999694824219,12.979999542236328,9330,0.0,0.0
2025-07-28 00:00:00-04:00,12.699999809265137,13.600000381469727,12.699999809265137,13.239999771118164,13685,0.0,0.0
2025-07-29 00:00:00-04:00,13.0,13.220000267028809,12.600000381469727,12.800000190734863,12670,0.0,0.0
2025-07-30 00:00:00-04:00,12.800000190734863,13.180000305175781,12.579999923706055,12.800000190734863,13645,0.0,0.0
2025-07-31 00:00:00-04:00,12.359999656677246,13.0600004196167,12.359999656677246,12.859999656677246,11305,0.0,0.0
2025-08-01 00:00:00-04:00,12.359999656677246,13.0,12.239999771118164,12.819999694824219,13125,0.0,0.0
2025-08-04 00:00:00-04:00,12.699999809265137,13.359999656677246,12.5,12.819999694824219,12825,0.0,0.0
2025-08-05 00:00:00-04:00,12.819999694824219,12.960000038146973,12.300000190734863,12.800000190734863,19405,0.0,0.0
2025-08-06 00:00:00-04:00,12.600000381469727,12.9399995803833,12.100000381469727,12.779999732971191,10250,0.0,0.0
2025-08-07 00:00:00-04:00,13.0,13.0,12.399999618530273,12.800000190734863,11290,0.0,0.0
2025-08-08 00:00:00-04:00,12.420000076293945,13.15999984741211,12.420000076293945,13.15999984741211,10510,0.0,0.0
2025-08-11 00:00:00-04:00,13.0,13.199999809265137,12.899999618530273,13.0,12075,0.0,0.0
2025-08-12 00:00:00-04:00,12.600000381469727,13.140000343322754,12.600000381469727,12.739999771118164,11520,0.0,0.0
2025-08-13 00:00:00-04:00,12.979999542236328,13.619999885559082,12.979999542236328,13.0,14510,0.0,0.0
2025-08-14 00:00:00-04:00,13.220000267028809,13.319999694824219,12.600000381469727,12.640000343322754,14075,0.0,0.0
2025-08-15 00:00:00-04:00,12.720000267028809,13.0,12.0,12.260000228881836,12820,0.0,0.0
2025-08-18 00:00:00-04:00,12.15999984741211,12.539999961853027,11.819999694824219,12.199999809265137,8705,0.0,0.0
2025-08-19 00:00:00-04:00,12.0,12.520000457763672,11.5,12.079999923706055,11565,0.0,0.0
2025-08-20 00:00:00-04:00,12.0,12.100000381469727,10.880000114440918,11.399999618530273,11240,0.0,0.0
2025-08-21 00:00:00-04:00,11.0600004196167,11.600000381469727,10.800000190734863,11.420000076293945,6520,0.0,0.0
2025-08-22 00:00:00-04:00,12.0,14.800000190734863,11.600000381469727,14.479999542236328,47260,0.0,0.0
2025-08-25 00:00:00-04:00,15.460000038146973,17.18000030517578,15.199999809265137,17.0,59725,0.0,0.0
2025-08-26 00:00:00-04:00,16.84000015258789,17.0,14.800000190734863,16.600000381469727,22475,0.0,0.0
2025-08-27 00:00:00-04:00,17.0,17.0,16.0,16.3799991607666,7665,0.0,0.0
2025-08-28 00:00:00-04:00,16.600000381469727,16.600000381469727,15.520000457763672,15.899999618530273,14280,0.0,0.0
2025-08-29 00:00:00-04:00,16.579999923706055,16.579999923706055,14.079999923706055,14.220000267028809,8495,0.0,0.0
2025-09-02 00:00:00-04:00,14.520000457763672,14.520000457763672,13.0,13.100000381469727,10870,0.0,0.0
2025-09-03 00:00:00-04:00,13.319999694824219,13.600000381469727,12.239999771118164,13.199999809265137,12440,0.0,0.0
2025-09-04 00:00:00-04:00,12.460000038146973,13.359999656677246,11.800000190734863,12.0,22580,0.0,0.0
2025-09-05 00:00:00-04:00,12.199999809265137,12.5,11.460000038146973,12.399999618530273,14565,0.0,0.0
2025-09-08 00:00:00-04:00,12.020000457763672,13.600000381469727,11.539999961853027,12.600000381469727,15805,0.0,0.0
2025-09-09 00:00:00-04:00,12.600000381469727,13.479999542236328,12.399999618530273,13.0600004196167,24240,0.0,0.0
2025-09-10 00:00:00-04:00,13.199999809265137,14.399999618530273,12.800000190734863,13.34000015258789,12095,0.0,0.0
2025-09-11 00:00:00-04:00,14.119999885559082,14.119999885559082,13.039999961853027,13.399999618530273,7260,0.0,0.0
2025-09-12 00:00:00-04:00,13.399999618530273,13.399999618530273,12.479999542236328,12.65999984741211,7585,0.0,0.0
2025-09-15 00:00:00-04:00,13.039999961853027,13.479999542236328,11.0,12.539999961853027,15820,0.0,0.0
2025-09-16 00:00:00-04:00,12.800000190734863,13.180000305175781,12.039999961853027,12.420000076293945,15795,0.0,0.0
2025-09-17 00:00:00-04:00,12.140000343322754,12.819999694824219,11.5,11.720000267028809,12230,0.0,0.0
2025-09-18 00:00:00-04:00,11.819999694824219,11.960000038146973,11.119999885559082,11.399999618530273,11810,0.0,0.0
2025-09-19 00:00:00-04:00,12.0,12.0,11.220000267028809,11.380000114440918,7520,0.0,0.0
2025-09-22 00:00:00-04:00,11.800000190734863,11.800000190734863,11.199999809265137,11.420000076293945,10565,0.0,0.0
2025-09-23 00:00:00-04:00,11.600000381469727,11.600000381469727,10.899999618530273,11.199999809265137,12855,0.0,0.0
2025-09-24 00:00:00-04:00,11.399999618530273,11.579999923706055,10.800000190734863,11.0,8860,0.0,0.0
2025-09-25 00:00:00-04:00,11.34000015258789,11.680000305175781,11.0,11.119999885559082,10605,0.0,0.0
2025-09-26 00:00:00-04:00,11.199999809265137,11.65999984741211,11.0,11.380000114440918,11285,0.0,0.0
2025-09-29 00:00:00-04:00,11.899999618530273,12.0,11.239999771118164,11.760000228881836,12695,0.0,0.0
2025-09-30 00:00:00-04:00,11.640000343322754,11.760000228881836,11.100000381469727,11.300000190734863,3110,0.0,0.0
2025-10-01 00:00:00-04:00,11.600000381469727,11.800000190734863,11.300000190734863,11.359999656677246,2710,0.0,0.0
2025-10-02 00:00:00-04:00,11.5600004196167,11.880000114440918,11.300000190734863,11.579999923706055,2245,0.0,0.0
2025-10-03 00:00:00-04:00,11.800000190734863,12.0,11.399999618530273,11.699999809265137,6325,0.0,0.0
2025-10-06 00:00:00-04:00,11.899999618530273,12.0,11.199999809265137,11.359999656677246,5600,0.0,0.0
2025-10-07 00:00:00-04:00,11.5,11.600000381469727,9.600000381469727,10.0,40100,0.0,0.0
2025-10-08 00:00:00-04:00,10.199999809265137,10.979999542236328,8.260000228881836,9.0,46030,0.0,0.0
2025-10-09 00:00:00-04:00,9.319999694824219,9.800000190734863,8.15999984741211,8.699999809265137,20210,0.0,0.0
2025-10-10 00:00:00-04:00,9.359999656677246,9.600000381469727,8.399999618530273,8.4399995803833,9510,0.0,0.0
2025-10-13 00:00:00-04:00,8.800000190734863,8.960000038146973,8.039999961853027,8.180000305175781,12685,0.0,0.0
2025-10-14 00:00:00-04:00,8.199999809265137,8.239999771118164,6.699999809265137,7.599999904632568,24550,0.0,0.0
2025-10-15 00:00:00-04:00,7.800000190734863,8.199999809265137,7.199999809265137,7.360000133514404,14505,0.0,0.0
2025-10-16 00:00:00-04:00,7.820000171661377,7.920000076293945,6.320000171661377,6.460000038146973,13105,0.0,0.0
2025-10-17 00:00:00-04:00,6.320000171661377,7.420000076293945,6.320000171661377,6.579999923706055,12555,0.0,0.0
2025-10-20 00:00:00-04:00,6.980000019073486,7.380000114440918,6.599999904632568,6.760000228881836,7250,0.0,0.0
2025-10-21 00:00:00-04:00,7.119999885559082,7.400000095367432,6.599999904632568,6.940000057220459,5010,0.0,0.0
2025-10-22 00:00:00-04:00,7.059999942779541,7.260000228881836,6.539999961853027,6.820000171661377,4670,0.0,0.0
2025-10-23 00:00:00-04:00,7.099999904632568,7.179999828338623,6.579999923706055,6.900000095367432,6240,0.0,0.0
2025-10-24 00:00:00-04:00,6.900000095367432,7.099999904632568,6.0,6.840000152587891,7765,0.0,0.0
2025-10-27 00:00:00-04:00,6.860000133514404,6.860000133514404,6.199999809265137,6.239999771118164,11155,0.0,0.0
2025-10-28 00:00:00-04:00,6.860000133514404,6.860000133514404,6.199999809265137,6.21999979019165,9025,0.0,0.0
2025-10-29 00:00:00-04:00,6.78000020980835,6.78000020980835,5.760000228881836,6.039999961853027,10580,0.0,0.0
2025-10-30 00:00:00-04:00,6.539999961853027,6.599999904632568,5.880000114440918,5.960000038146973,1014495,0.0,0.0
2025-10-31 00:00:00-04:00,4.860000133514404,5.159999847412109,4.300000190734863,4.559999942779541,117110,0.0,0.0
2025-11-03 00:00:00-05:00,4.599999904632568,5.599999904632568,4.599999904632568,5.320000171661377,97070,0.0,0.0
2025-11-04 00:00:00-05:00,5.199999809265137,5.199999809265137,4.599999904632568,4.699999809265137,24325,0.0,0.0
2025-11-05 00:00:00-05:00,4.900000095367432,5.179999828338623,4.800000190734863,5.0,15940,0.0,0.0
2025-11-06 00:00:00-05:00,5.159999847412109,8.479999542236328,4.639999866485596,5.179999828338623,1395530,0.0,0.0
2025-11-07 00:00:00-05:00,5.199999809265137,5.5,4.900000095367432,5.380000114440918,96105,0.0,0.0
2025-11-10 00:00:00-05:00,5.28000020980835,5.78000020980835,5.199999809265137,5.239999771118164,58135,0.0,0.0
2025-11-11 00:00:00-05:00,5.400000095367432,5.400000095367432,5.0,5.0,24945,0.0,0.0
2025-11-12 00:00:00-05:00,5.019999980926514,5.320000171661377,5.0,5.320000171661377,11345,0.0,0.0
2025-11-13 00:00:00-05:00,5.239999771118164,5.539999961853027,5.019999980926514,5.199999809265137,13690,0.0,0.0
2025-11-14 00:00:00-05:00,5.019999980926514,5.21999979019165,5.0,5.119999885559082,10390,0.0,0.0
2025-11-17 00:00:00-05:00,5.019999980926514,5.679999828338623,5.019999980926514,5.579999923706055,23285,0.0,0.0
2025-11-18 00:00:00-05:00,5.239999771118164,5.539999961853027,5.199999809265137,5.400000095367432,10700,0.0,0.0
2025-11-19 00:00:00-05:00,5.400000095367432,5.400000095367432,5.139999866485596,5.239999771118164,6565,0.0,0.0
2025-11-20 00:00:00-05:00,5.199999809265137,5.599999904632568,5.059999942779541,5.21999979019165,7315,0.0,0.0
2025-11-21 00:00:00-05:00,5.079999923706055,5.179999828338623,4.820000171661377,5.0,10215,0.0,0.0
2025-11-24 00:00:00-05:00,5.179999828338623,5.400000095367432,5.0,5.119999885559082,6275,0.0,0.0
2025-11-25 00:00:00-05:00,5.199999809265137,5.300000190734863,5.039999961853027,5.159999847412109,5545,0.0,0.0
2025-11-26 00:00:00-05:00,5.0,5.21999979019165,5.0,5.119999885559082,4675,0.0,0.0
2025-11-28 00:00:00-05:00,5.0,5.179999828338623,5.0,5.039999961853027,4170,0.0,0.0
2025-12-01 00:00:00-05:00,5.599999904632568,5.599999904632568,5.0,5.019999980926514,10940,0.0,0.0
2025-12-02 00:00:00-05:00,5.019999980926514,5.119999885559082,4.820000171661377,4.920000076293945,9500,0.0,0.0
2025-12-03 00:00:00-05:00,5.099999904632568,5.099999904632568,4.619999885559082,4.71999979019165,6440,0.0,0.0
2025-12-04 00:00:00-05:00,4.699999809265137,5.0,4.599999904632568,4.659999847412109,10100,0.0,0.0
2025-12-05 00:00:00-05:00,4.739999771118164,4.840000152587891,4.699999809265137,4.760000228881836,4220,0.0,0.0
2025-12-08 00:00:00-05:00,4.659999847412109,4.679999828338623,4.440000057220459,4.480000019073486,6580,0.0,0.0
2025-12-09 00:00:00-05:00,4.599999904632568,4.599999904632568,4.400000095367432,4.460000038146973,6090,0.0,0.0
2025-12-10 00:00:00-05:00,4.460000038146973,4.579999923706055,4.400000095367432,4.400000095367432,4760,0.0,0.0
2025-12-11 00:00:00-05:00,4.400000095367432,4.420000076293945,4.300000190734863,4.380000114440918,3980,0.0,0.0
2025-12-12 00:00:00-05:00,4.400000095367432,4.539999961853027,4.300000190734863,4.420000076293945,6935,0.0,0.0
2025-12-15 00:00:00-05:00,4.800000190734863,4.800000190734863,4.099999904632568,4.21999979019165,6680,0.0,0.0
2025-12-16 00:00:00-05:00,4.0,4.239999771118164,3.6600000858306885,3.740000009536743,7325,0.0,0.0
2025-12-17 00:00:00-05:00,4.119999885559082,4.199999809265137,3.8399999141693115,3.8399999141693115,11200,0.0,0.0
2025-12-18 00:00:00-05:00,4.0,4.199999809265137,4.0,4.159999847412109,8570,0.0,0.0
2025-12-19 00:00:00-05:00,3.619999885559082,4.360000133514404,3.619999885559082,4.179999828338623,7055,0.0,0.0
2025-12-22 00:00:00-05:00,4.440000057220459,4.599999904632568,4.400000095367432,4.420000076293945,6655,0.0,0.0
2025-12-23 00:00:00-05:00,4.159999847412109,4.440000057220459,4.0,4.420000076293945,6855,0.0,0.0
2025-12-24 00:00:00-05:00,4.28000020980835,4.579999923706055,3.9800000190734863,4.260000228881836,9640,0.0,0.0
2025-12-26 00:00:00-05:00,4.340000152587891,4.579999923706055,4.0,4.460000038146973,2710,0.0,0.0
2025-12-29 00:00:00-05:00,4.559999942779541,4.599999904632568,4.380000114440918,4.460000038146973,9445,0.0,0.0
2025-12-30 00:00:00-05:00,4.400000095367432,4.579999923706055,4.300000190734863,4.320000171661377,5445,0.0,0.0
2025-12-31 00:00:00-05:00,4.179999828338623,4.579999923706055,4.099999904632568,4.400000095367432,9995,0.0,0.0
2026-01-02 00:00:00-05:00,4.300000190734863,4.559999942779541,4.300000190734863,4.5,7570,0.0,0.0
2026-01-05 00:00:00-05:00,4.380000114440918,4.800000190734863,4.380000114440918,4.739999771118164,12585,0.0,0.0
2026-01-06 00:00:00-05:00,5.0,5.0,4.639999866485596,4.900000095367432,13790,0.0,0.0
2026-01-07 00:00:00-05:00,4.840000152587891,4.900000095367432,4.639999866485596,4.820000171661377,5055,0.0,0.0
2026-01-08 00:00:00-05:00,4.800000190734863,5.400000095367432,4.78000020980835,5.260000228881836,19450,0.0,0.0
2026-01-09 00:00:00-05:00,5.199999809265137,5.300000190734863,4.900000095367432,4.960000038146973,12370,0.0,0.0
2026-01-12 00:00:00-05:00,4.820000171661377,5.099999904632568,4.659999847412109,4.940000057220459,14900,0.0,0.0
2026-01-13 00:00:00-05:00,5.039999961853027,5.039999961853027,4.679999828338623,4.820000171661377,3480,0.0,0.0
2026-01-14 00:00:00-05:00,4.920000076293945,5.099999904632568,3.1600000858306885,3.299999952316284,114465,0.0,0.0
2026-01-15 00:00:00-05:00,3.4600000381469727,3.559999942779541,2.700000047683716,2.880000114440918,96115,0.0,0.0
2026-01-16 00:00:00-05:00,2.7200000286102295,3.5999999046325684,2.7200000286102295,3.059999942779541,343005,0.0,0.0
2026-01-20 00:00:00-05:00,3.0,3.319999933242798,2.5,2.640000104904175,83490,0.0,0.0
2026-01-21 00:00:00-05:00,2.799999952316284,2.799999952316284,2.200000047683716,2.5399999618530273,96650,0.0,0.0
2026-01-22 00:00:00-05:00,2.440000057220459,2.740000009536743,2.4200000762939453,2.619999885559082,71680,0.0,0.0
2026-01-23 00:00:00-05:00,2.4000000953674316,3.0999999046325684,2.4000000953674316,2.680000066757202,121260,0.0,0.0
2026-01-26 00:00:00-05:00,2.880000114440918,3.180000066757202,2.700000047683716,2.819999933242798,97090,0.0,0.0
2026-01-27 00:00:00-05:00,2.9200000762939453,3.4000000953674316,2.9200000762939453,3.0199999809265137,202790,0.0,0.0
2026-01-28 00:00:00-05:00,3.119999885559082,3.5799999237060547,3.0199999809265137,3.059999942779541,99315,0.0,0.0
2026-01-29 00:00:00-05:00,3.3399999141693115,3.3399999141693115,2.700000047683716,2.9600000381469727,40750,0.0,0.0
2026-01-30 00:00:00-05:00,3.059999942779541,3.059999942779541,2.680000066757202,2.759999990463257,31200,0.0,0.0
2026-02-02 00:00:00-05:00,2.9000000953674316,2.9000000953674316,2.619999885559082,2.680000066757202,6075,0.0,0.0
2026-02-03 00:00:00-05:00,2.680000066757202,2.9800000190734863,2.6600000858306885,2.759999990463257,15040,0.0,0.0
2026-02-04 00:00:00-05:00,2.7799999713897705,3.0799999237060547,2.5999999046325684,2.799999952316284,18410,0.0,0.0
2026-02-05 00:00:00-05:00,2.859999895095825,2.940000057220459,2.740000009536743,2.8399999141693115,13795,0.0,0.0
2026-02-06 00:00:00-05:00,2.8399999141693115,2.9800000190734863,2.700000047683716,2.7799999713897705,17560,0.0,0.0
2026-02-09 00:00:00-05:00,2.9200000762939453,2.9200000762939453,2.700000047683716,2.799999952316284,6560,0.0,0.0
2026-02-10 00:00:00-05:00,2.799999952316284,3.119999885559082,2.799999952316284,2.799999952316284,20665,0.0,0.0
2026-02-11 00:00:00-05:00,2.9600000381469727,3.240000009536743,2.799999952316284,3.180000066757202,26650,0.0,0.0
2026-02-12 00:00:00-05:00,3.0999999046325684,3.180000066757202,2.9200000762939453,2.940000057220459,26695,0.0,0.0
2026-02-13 00:00:00-05:00,3.0,3.0799999237060547,2.799999952316284,2.799999952316284,8985,0.0,0.0
2026-02-17 00:00:00-05:00,2.880000114440918,3.059999942779541,2.819999933242798,2.819999933242798,14715,0.0,0.0
2026-02-18 00:00:00-05:00,2.819999933242798,2.9600000381469727,2.799999952316284,2.799999952316284,12230,0.0,0.0
2026-02-19 00:00:00-05:00,3.180000066757202,3.180000066757202,2.799999952316284,2.799999952316284,3950,0.0,0.0
2026-02-20 00:00:00-05:00,2.8399999141693115,2.9200000762939453,2.799999952316284,2.819999933242798,5290,0.0,0.0
2026-02-23 00:00:00-05:00,3.059999942779541,3.059999942779541,2.859999895095825,2.859999895095825,2990,0.0,0.0
2026-02-24 00:00:00-05:00,3.0,3.059999942779541,2.9000000953674316,2.940000057220459,4395,0.0,0.0
2026-02-25 00:00:00-05:00,2.9800000190734863,3.180000066757202,2.9600000381469727,3.119999885559082,17045,0.0,0.0
2026-02-26 00:00:00-05:00,3.0799999237060547,3.200000047683716,3.0199999809265137,3.0199999809265137,15850,0.0,0.0
2026-02-27 00:00:00-05:00,3.0,3.0199999809265137,2.9000000953674316,2.9000000953674316,4100,0.0,0.0
2026-03-02 00:00:00-05:00,2.940000057220459,2.9600000381469727,2.799999952316284,2.8399999141693115,2455,0.0,0.0
2026-03-03 00:00:00-05:00,2.799999952316284,2.9600000381469727,2.7200000286102295,2.859999895095825,9580,0.0,0.0
2026-03-04 00:00:00-05:00,2.7200000286102295,3.0399999618530273,2.7200000286102295,2.9200000762939453,12030,0.0,0.0
2026-03-05 00:00:00-05:00,2.880000114440918,3.0,2.799999952316284,2.9000000953674316,21380,0.0,0.0
2026-03-06 00:00:00-05:00,2.8399999141693115,3.0199999809265137,2.759999990463257,2.9200000762939453,9680,0.0,0.0
2026-03-09 00:00:00-04:00,2.9800000190734863,3.140000104904175,2.740000009536743,3.0399999618530273,17310,0.0,0.0
2026-03-10 00:00:00-04:00,2.9600000381469727,3.200000047683716,2.819999933242798,2.8399999141693115,34410,0.0,0.0
2026-03-11 00:00:00-04:00,2.940000057220459,3.200000047683716,2.5,2.8399999141693115,68230,0.0,0.0
2026-03-12 00:00:00-04:00,2.799999952316284,2.799999952316284,2.200000047683716,2.319999933242798,57610,0.0,0.0
2026-03-13 00:00:00-04:00,2.259999990463257,2.5399999618530273,2.0399999618530273,2.359999895095825,44655,0.0,0.0
2026-03-16 00:00:00-04:00,2.1500000953674316,2.859999895095825,2.1500000953674316,2.5199999809265137,99600,0.0,0.05
2026-03-17 00:00:00-04:00,2.5399999618530273,2.7699999809265137,2.299999952316284,2.3499999046325684,52500,0.0,0.0
2026-03-18 00:00:00-04:00,2.309999942779541,2.390000104904175,2.25,2.25,20700,0.0,0.0
2026-03-19 00:00:00-04:00,2.4749999046325684,2.4749999046325684,2.0999999046325684,2.140000104904175,13400,0.0,0.0
2026-03-20 00:00:00-04:00,2.009999990463257,2.115000009536743,2.007999897003174,2.0899999141693115,7700,0.0,0.0
2026-03-23 00:00:00-04:00,2.0,2.180000066757202,2.0,2.0199999809265137,6300,0.0,0.0
2026-03-24 00:00:00-04:00,2.0,2.0,1.8799999952316284,1.940000057220459,4700,0.0,0.0
2026-03-25 00:00:00-04:00,1.9550000429153442,2.009999990463257,1.8600000143051147,1.9199999570846558,17100,0.0,0.0
2026-03-26 00:00:00-04:00,1.9199999570846558,1.9600000381469727,1.8899999856948853,1.9199999570846558,1900,0.0,0.0
2026-03-27 00:00:00-04:00,1.9700000286102295,1.9700000286102295,1.8220000267028809,1.8700000047683716,18500,0.0,0.0
2026-03-30 00:00:00-04:00,1.9299999475479126,1.9780000448226929,1.840000033378601,1.840000033378601,3800,0.0,0.0
2026-03-31 00:00:00-04:00,1.8300000429153442,2.0899999141693115,1.690000057220459,2.0199999809265137,207700,0.0,0.0
2026-04-01 00:00:00-04:00,2.049999952316284,2.190000057220459,1.909999966621399,1.9800000190734863,53700,0.0,0.0
2026-04-02 00:00:00-04:00,1.8600000143051147,1.9800000190734863,1.6410000324249268,1.850000023841858,27900,0.0,0.0
2026-04-06 00:00:00-04:00,1.8200000524520874,1.99399995803833,1.7999999523162842,1.9800000190734863,8200,0.0,0.0
2026-04-07 00:00:00-04:00,2.049999952316284,2.135999917984009,2.0,2.009999990463257,5900,0.0,0.0
2026-04-08 00:00:00-04:00,2.118000030517578,2.450000047683716,2.118000030517578,2.200000047683716,34900,0.0,0.0
2026-04-09 00:00:00-04:00,2.2100000381469727,2.2799999713897705,2.1010000705718994,2.109999895095825,6200,0.0,0.0
2026-04-10 00:00:00-04:00,2.055000066757202,2.3399999141693115,2.0199999809265137,2.309999942779541,22000,0.0,0.0
2026-04-13 00:00:00-04:00,2.2300000190734863,2.359999895095825,2.2300000190734863,2.309999942779541,7000,0.0,0.0
2026-04-14 00:00:00-04:00,2.2200000286102295,2.311000108718872,2.049999952316284,2.130000114440918,4900,0.0,0.0
2026-04-15 00:00:00-04:00,2.119999885559082,2.1470000743865967,2.111999988555908,2.119999885559082,900,0.0,0.0
2026-04-16 00:00:00-04:00,2.130000114440918,2.2249999046325684,1.909999966621399,2.009999990463257,25200,0.0,0.0
2026-04-17 00:00:00-04:00,1.9700000286102295,2.0850000381469727,1.9199999570846558,2.0,6500,0.0,0.0
2026-04-20 00:00:00-04:00,2.0399999618530273,2.1500000953674316,2.0399999618530273,2.0799999237060547,4100,0.0,0.0
2026-04-21 00:00:00-04:00,2.0799999237060547,2.180000066757202,2.068000078201294,2.1449999809265137,3300,0.0,0.0
2026-04-22 00:00:00-04:00,2.140000104904175,2.140000104904175,1.9199999570846558,2.0250000953674316,2900,0.0,0.0
2026-04-23 00:00:00-04:00,2.200000047683716,2.380000114440918,2.1050000190734863,2.1549999713897705,38800,0.0,0.0
2026-04-24 00:00:00-04:00,2.259999990463257,2.3499999046325684,2.1600000858306885,2.1600000858306885,5800,0.0,0.0
2026-04-27 00:00:00-04:00,2.3299999237060547,2.3559999465942383,2.1700000762939453,2.2799999713897705,6900,0.0,0.0
2026-04-28 00:00:00-04:00,2.3399999141693115,2.4000000953674316,2.2850000858306885,2.299999952316284,2900,0.0,0.0
2026-04-29 00:00:00-04:00,2.2899999618530273,2.319999933242798,2.2100000381469727,2.2100000381469727,2100,0.0,0.0
2026-04-30 00:00:00-04:00,2.0,2.2049999237060547,1.9800000190734863,2.109999895095825,3800,0.0,0.0
2026-05-01 00:00:00-04:00,2.4000000953674316,2.4000000953674316,2.0299999713897705,2.319999933242798,3800,0.0,0.0
2026-05-04 00:00:00-04:00,2.3299999237060547,2.7300000190734863,2.049999952316284,2.5,17700,0.0,0.0
2026-05-05 00:00:00-04:00,2.299999952316284,2.6500000953674316,2.299999952316284,2.359999895095825,16100,0.0,0.0
2026-05-06 00:00:00-04:00,2.313999891281128,2.450000047683716,2.181999921798706,2.299999952316284,17300,0.0,0.0
2026-05-07 00:00:00-04:00,2.3299999237060547,2.4000000953674316,2.0,2.200000047683716,13000,0.0,0.0
2026-05-08 00:00:00-04:00,2.11299991607666,2.2200000286102295,2.0920000076293945,2.119999885559082,3500,0.0,0.0
2026-05-11 00:00:00-04:00,2.0999999046325684,2.4200000762939453,2.0999999046325684,2.3299999237060547,13200,0.0,0.0
2026-05-12 00:00:00-04:00,2.3540000915527344,2.4700000286102295,2.319999933242798,2.450000047683716,6100,0.0,0.0
2026-05-13 00:00:00-04:00,2.549999952316284,2.6500000953674316,2.450000047683716,2.450000047683716,17900,0.0,0.0
2026-05-14 00:00:00-04:00,2.4049999713897705,2.549999952316284,2.4049999713897705,2.4600000381469727,4500,0.0,0.0
2026-05-15 00:00:00-04:00,2.3499999046325684,2.3499999046325684,2.3499999046325684,2.3499999046325684,900,0.0,0.0
2026-05-18 00:00:00-04:00,2.440000057220459,2.440000057220459,2.375,2.375,800,0.0,0.0
2026-05-19 00:00:00-04:00,2.309999942779541,2.309999942779541,2.2300000190734863,2.2799999713897705,6900,0.0,0.0
2026-05-20 00:00:00-04:00,2.2799999713897705,2.2799999713897705,2.2799999713897705,2.2799999713897705,0,0.0,0.0
2026-05-21 00:00:00-04:00,2.2899999618530273,2.2899999618530273,2.2899999618530273,2.2899999618530273,400,0.0,0.0
2026-05-22 00:00:00-04:00,2.4690001010894775,2.4690001010894775,2.375999927520752,2.375999927520752,3800,0.0,0.0
2026-05-26 00:00:00-04:00,2.3359999656677246,2.3359999656677246,2.2799999713897705,2.2799999713897705,2600,0.0,0.0
2026-05-27 00:00:00-04:00,2.069999933242798,2.2799999713897705,2.0199999809265137,2.177999973297119,6000,0.0,0.0
2026-05-28 00:00:00-04:00,2.109999895095825,2.299999952316284,2.109999895095825,2.190000057220459,2800,0.0,0.0
2026-05-29 00:00:00-04:00,2.119999885559082,2.2899999618530273,2.119999885559082,2.240000009536743,5800,0.0,0.0
2026-06-01 00:00:00-04:00,2.3299999237060547,2.5799999237060547,2.3299999237060547,2.440000057220459,585000,0.0,0.0
2026-06-02 00:00:00-04:00,2.884999990463257,4.5,2.759999990463257,3.25,15845400,0.0,0.0
2026-06-03 00:00:00-04:00,3.25,3.4100000858306885,2.799999952316284,3.2100000381469727,185200,0.0,0.0
2026-06-04 00:00:00-04:00,2.950000047683716,3.0799999237060547,2.700000047683716,2.859999895095825,100800,0.0,0.0
2026-06-05 00:00:00-04:00,2.5,2.6700000762939453,2.4000000953674316,2.4700000286102295,37800,0.0,0.0
2026-06-08 00:00:00-04:00,2.2100000381469727,2.4000000953674316,2.131999969482422,2.25,36300,0.0,0.0
2026-06-09 00:00:00-04:00,2.1500000953674316,2.4600000381469727,2.1500000953674316,2.2899999618530273,48300,0.0,0.0
2026-06-10 00:00:00-04:00,2.309999942779541,2.4200000762939453,2.2114999294281006,2.359999895095825,24425,0.0,0.0
