Date,Open,High,Low,Close,Volume,Dividends,Stock Splits
2022-01-03 00:00:00-05:00,184.44000244140625,184.91000366210938,177.24000549316406,184.25999450683594,3171900,0.0,0.0
2022-01-04 00:00:00-05:00,183.32000732421875,183.55499267578125,172.10000610351562,179.85000610351562,5269800,0.0,0.0
2022-01-05 00:00:00-05:00,175.97500610351562,183.6699981689453,174.2899932861328,174.8800048828125,3772300,0.0,0.0
2022-01-06 00:00:00-05:00,173.08999633789062,181.8800048828125,171.22999572753906,176.3300018310547,4002500,0.0,0.0
2022-01-07 00:00:00-05:00,176.0500030517578,180.6699981689453,170.72000122070312,171.60000610351562,3089400,0.0,0.0
2022-01-10 00:00:00-05:00,169.32000732421875,173.22999572753906,164.89999389648438,172.55999755859375,3502300,0.0,0.0
2022-01-11 00:00:00-05:00,172.14999389648438,178.8800048828125,169.4499969482422,175.97000122070312,2411000,0.0,0.0
2022-01-12 00:00:00-05:00,177.0,179.89999389648438,169.6999969482422,170.64999389648438,2704300,0.0,0.0
2022-01-13 00:00:00-05:00,170.10000610351562,170.38999938964844,162.0,162.10000610351562,4612500,0.0,0.0
2022-01-14 00:00:00-05:00,161.4199981689453,164.88999938964844,156.8800048828125,159.72000122070312,4700700,0.0,0.0
2022-01-18 00:00:00-05:00,156.32400512695312,162.97999572753906,156.0,157.6999969482422,4360900,0.0,0.0
2022-01-19 00:00:00-05:00,158.64999389648438,162.99000549316406,156.94000244140625,157.22999572753906,3305200,0.0,0.0
2022-01-20 00:00:00-05:00,159.5500030517578,163.47999572753906,155.64999389648438,155.80999755859375,3710700,0.0,0.0
2022-01-21 00:00:00-05:00,153.97999572753906,156.91000366210938,147.11000061035156,147.66000366210938,5722600,0.0,0.0
2022-01-24 00:00:00-05:00,141.67999267578125,153.24000549316406,138.91000366210938,152.9499969482422,8231800,0.0,0.0
2022-01-25 00:00:00-05:00,150.0,152.13999938964844,142.1199951171875,145.88999938964844,5122200,0.0,0.0
2022-01-26 00:00:00-05:00,150.0279998779297,152.0,138.88999938964844,140.3300018310547,4888300,0.0,0.0
2022-01-27 00:00:00-05:00,143.60000610351562,143.80999755859375,136.1699981689453,136.80999755859375,3572600,0.0,0.0
2022-01-28 00:00:00-05:00,137.5800018310547,143.88999938964844,134.6999969482422,143.80999755859375,3682700,0.0,0.0
2022-01-31 00:00:00-05:00,146.6699981689453,154.33999633789062,145.89999389648438,154.27999877929688,4960900,0.0,0.0
2022-02-01 00:00:00-05:00,155.22999572753906,155.9499969482422,150.07000732421875,155.67999267578125,3316000,0.0,0.0
2022-02-02 00:00:00-05:00,155.7899932861328,156.0500030517578,146.5800018310547,148.11000061035156,3063400,0.0,0.0
2022-02-03 00:00:00-05:00,144.07200622558594,146.4499969482422,137.35000610351562,137.94000244140625,3356000,0.0,0.0
2022-02-04 00:00:00-05:00,139.3000030517578,145.2100067138672,136.9199981689453,144.10000610351562,3457900,0.0,0.0
2022-02-07 00:00:00-05:00,144.58999633789062,147.47999572753906,139.77999877929688,141.44000244140625,2531100,0.0,0.0
2022-02-08 00:00:00-05:00,139.36000061035156,143.19000244140625,137.27999877929688,142.69000244140625,2565100,0.0,0.0
2022-02-09 00:00:00-05:00,146.49000549316406,149.80999755859375,143.89999389648438,149.60000610351562,3067100,0.0,0.0
2022-02-10 00:00:00-05:00,145.77999877929688,152.69000244140625,144.2899932861328,145.72000122070312,3348800,0.0,0.0
2022-02-11 00:00:00-05:00,146.96499633789062,150.47999572753906,140.16000366210938,141.24000549316406,2690400,0.0,0.0
2022-02-14 00:00:00-05:00,142.4199981689453,147.74000549316406,141.11000061035156,142.08999633789062,2538900,0.0,0.0
2022-02-15 00:00:00-05:00,144.44000244140625,147.14500427246094,141.10000610351562,146.89999389648438,3043800,0.0,0.0
2022-02-16 00:00:00-05:00,144.49000549316406,144.69000244140625,136.39500427246094,138.50999450683594,3928900,0.0,0.0
2022-02-17 00:00:00-05:00,137.6300048828125,137.73500061035156,128.92999267578125,129.3800048828125,4944700,0.0,0.0
2022-02-18 00:00:00-05:00,130.1300048828125,131.94000244140625,124.70999908447266,126.95999908447266,5435000,0.0,0.0
2022-02-22 00:00:00-05:00,125.05500030517578,130.72999572753906,124.9800033569336,126.61000061035156,4446000,0.0,0.0
2022-02-23 00:00:00-05:00,127.98999786376953,128.14999389648438,120.0999984741211,120.0999984741211,4634700,0.0,0.0
2022-02-24 00:00:00-05:00,114.73999786376953,128.74000549316406,114.26000213623047,126.97000122070312,6998500,0.0,0.0
2022-02-25 00:00:00-05:00,129.0500030517578,129.05999755859375,120.0199966430664,125.31999969482422,5242600,0.0,0.0
2022-02-28 00:00:00-05:00,126.79000091552734,135.08999633789062,125.0999984741211,132.60000610351562,12033100,0.0,0.0
2022-03-01 00:00:00-05:00,128.57000732421875,136.0,122.12999725341797,122.77999877929688,11541600,0.0,0.0
2022-03-02 00:00:00-05:00,122.25,122.88999938964844,114.5199966430664,121.61000061035156,7224300,0.0,0.0
2022-03-03 00:00:00-05:00,122.0,122.05999755859375,111.94999694824219,113.11000061035156,6211500,0.0,0.0
2022-03-04 00:00:00-05:00,114.0999984741211,116.19000244140625,108.43000030517578,108.94000244140625,6219300,0.0,0.0
2022-03-07 00:00:00-05:00,111.12999725341797,115.23999786376953,107.72000122070312,107.87999725341797,6240200,0.0,0.0
2022-03-08 00:00:00-05:00,106.66999816894531,114.29000091552734,105.0,108.48999786376953,5581800,0.0,0.0
2022-03-09 00:00:00-05:00,111.83999633789062,111.83999633789062,108.05999755859375,109.08000183105469,6427500,0.0,0.0
2022-03-10 00:00:00-05:00,105.83499908447266,106.9000015258789,101.05500030517578,103.33000183105469,5030800,0.0,0.0
2022-03-11 00:00:00-05:00,103.4800033569336,103.48999786376953,97.9000015258789,98.12000274658203,6454600,0.0,0.0
2022-03-14 00:00:00-04:00,97.5,102.16000366210938,94.51000213623047,94.63999938964844,6715700,0.0,0.0
2022-03-15 00:00:00-04:00,96.08999633789062,100.59500122070312,95.26000213623047,98.97000122070312,7001700,0.0,0.0
2022-03-16 00:00:00-04:00,100.55000305175781,106.87999725341797,100.16999816894531,106.83999633789062,8003000,0.0,0.0
2022-03-17 00:00:00-04:00,106.45999908447266,111.33000183105469,105.0,111.29000091552734,4967500,0.0,0.0
2022-03-18 00:00:00-04:00,109.48999786376953,117.83999633789062,109.20999908447266,116.27999877929688,8521800,0.0,0.0
2022-03-21 00:00:00-04:00,115.01000213623047,119.88999938964844,113.3499984741211,116.87000274658203,5941500,0.0,0.0
2022-03-22 00:00:00-04:00,116.01000213623047,122.23999786376953,115.4000015258789,119.80000305175781,5003100,0.0,0.0
2022-03-23 00:00:00-04:00,117.21499633789062,120.2699966430664,115.94999694824219,116.80999755859375,3443300,0.0,0.0
2022-03-24 00:00:00-04:00,117.3499984741211,117.77999877929688,113.97000122070312,117.75,3332000,0.0,0.0
2022-03-25 00:00:00-04:00,117.12999725341797,117.58000183105469,112.44999694824219,113.93000030517578,4209400,0.0,0.0
2022-03-28 00:00:00-04:00,114.87000274658203,118.30999755859375,113.62999725341797,117.44999694824219,3289300,0.0,0.0
2022-03-29 00:00:00-04:00,119.97699737548828,126.52999877929688,119.97699737548828,126.26000213623047,4757100,0.0,0.0
2022-03-30 00:00:00-04:00,124.26000213623047,127.37000274658203,121.2300033569336,122.38999938964844,3987800,0.0,0.0
2022-03-31 00:00:00-04:00,122.75,122.80999755859375,117.16000366210938,117.2300033569336,2903100,0.0,0.0
2022-04-01 00:00:00-04:00,117.55999755859375,120.49600219726562,116.11000061035156,118.0199966430664,2793300,0.0,0.0
2022-04-04 00:00:00-04:00,119.38999938964844,124.98999786376953,118.33000183105469,124.27999877929688,3077400,0.0,0.0
2022-04-05 00:00:00-04:00,123.91999816894531,126.44000244140625,120.43000030517578,122.0199966430664,4906500,0.0,0.0
2022-04-06 00:00:00-04:00,118.02999877929688,118.55999755859375,113.33999633789062,116.08999633789062,5161500,0.0,0.0
2022-04-07 00:00:00-04:00,115.13999938964844,118.12000274658203,111.33000183105469,114.31999969482422,3498000,0.0,0.0
2022-04-08 00:00:00-04:00,112.37000274658203,113.2699966430664,109.38800048828125,110.9000015258789,3953300,0.0,0.0
2022-04-11 00:00:00-04:00,107.91000366210938,111.11000061035156,106.41200256347656,109.05000305175781,3902800,0.0,0.0
2022-04-12 00:00:00-04:00,111.69000244140625,114.69999694824219,106.23999786376953,106.58000183105469,3249600,0.0,0.0
2022-04-13 00:00:00-04:00,106.30000305175781,115.82499694824219,105.16000366210938,114.88999938964844,4677800,0.0,0.0
2022-04-14 00:00:00-04:00,114.66000366210938,114.66000366210938,110.13999938964844,110.30999755859375,4499600,0.0,0.0
2022-04-18 00:00:00-04:00,109.7300033569336,109.93000030517578,103.62000274658203,105.73999786376953,4152500,0.0,0.0
2022-04-19 00:00:00-04:00,105.44000244140625,112.33000183105469,104.07499694824219,111.18000030517578,3289400,0.0,0.0
2022-04-20 00:00:00-04:00,109.52999877929688,109.91000366210938,103.4000015258789,103.69999694824219,4512100,0.0,0.0
2022-04-21 00:00:00-04:00,105.19999694824219,108.48999786376953,100.55000305175781,100.94999694824219,4395300,0.0,0.0
2022-04-22 00:00:00-04:00,101.15499877929688,104.98999786376953,99.30000305175781,100.16999816894531,3784400,0.0,0.0
2022-04-25 00:00:00-04:00,99.51000213623047,103.08999633789062,98.9000015258789,102.44000244140625,2724200,0.0,0.0
2022-04-26 00:00:00-04:00,100.75,101.68000030517578,96.0,98.36000061035156,3786000,0.0,0.0
2022-04-27 00:00:00-04:00,97.69000244140625,102.04000091552734,97.2969970703125,97.62000274658203,3522700,0.0,0.0
2022-04-28 00:00:00-04:00,98.0999984741211,103.91999816894531,95.72000122070312,102.55999755859375,3585200,0.0,0.0
2022-04-29 00:00:00-04:00,102.66999816894531,107.83999633789062,99.3949966430664,99.56999969482422,3609000,0.0,0.0
2022-05-02 00:00:00-04:00,99.1500015258789,105.08000183105469,98.16999816894531,104.79000091552734,3164700,0.0,0.0
2022-05-03 00:00:00-04:00,104.11000061035156,106.98999786376953,102.12999725341797,103.52999877929688,2103200,0.0,0.0
2022-05-04 00:00:00-04:00,103.95999908447266,109.33999633789062,99.30000305175781,108.9800033569336,3751000,0.0,0.0
2022-05-05 00:00:00-04:00,107.12999725341797,107.36000061035156,99.31999969482422,100.83999633789062,3661600,0.0,0.0
2022-05-06 00:00:00-04:00,100.48999786376953,102.02999877929688,94.01000213623047,96.37999725341797,4635500,0.0,0.0
2022-05-09 00:00:00-04:00,94.05000305175781,96.83000183105469,91.6500015258789,92.33999633789062,5766300,0.0,0.0
2022-05-10 00:00:00-04:00,95.5999984741211,98.06999969482422,87.33999633789062,90.68000030517578,6315100,0.0,0.0
2022-05-11 00:00:00-04:00,88.93000030517578,94.16000366210938,84.16999816894531,84.80000305175781,6182600,0.0,0.0
2022-05-12 00:00:00-04:00,81.12999725341797,87.79000091552734,79.02999877929688,84.97000122070312,7178800,0.0,0.0
2022-05-13 00:00:00-04:00,88.72000122070312,95.62799835205078,88.25399780273438,94.83999633789062,5687600,0.0,0.0
2022-05-16 00:00:00-04:00,93.43000030517578,95.83000183105469,88.66000366210938,88.91999816894531,4501300,0.0,0.0
2022-05-17 00:00:00-04:00,91.36000061035156,95.0999984741211,86.40899658203125,90.94000244140625,4208800,0.0,0.0
2022-05-18 00:00:00-04:00,88.68000030517578,91.11000061035156,84.04000091552734,84.69000244140625,3854200,0.0,0.0
2022-05-19 00:00:00-04:00,85.73999786376953,93.48999786376953,84.68499755859375,90.94000244140625,4746900,0.0,0.0
2022-05-20 00:00:00-04:00,92.62000274658203,94.8499984741211,85.55000305175781,89.73999786376953,4741400,0.0,0.0
2022-05-23 00:00:00-04:00,89.87000274658203,90.25,85.56999969482422,89.33000183105469,11240300,0.0,0.0
2022-05-24 00:00:00-04:00,94.55999755859375,97.08999633789062,87.33000183105469,94.33999633789062,27414900,0.0,0.0
2022-05-25 00:00:00-04:00,94.13999938964844,104.26599884033203,94.0,102.33999633789062,13892000,0.0,0.0
2022-05-26 00:00:00-04:00,101.8949966430664,108.16999816894531,101.7699966430664,107.0,10633600,0.0,0.0
2022-05-27 00:00:00-04:00,108.0,111.23999786376953,105.55000305175781,110.41999816894531,7097100,0.0,0.0
2022-05-31 00:00:00-04:00,112.63999938964844,112.87000274658203,105.58000183105469,107.44999694824219,5930200,0.0,0.0
2022-06-01 00:00:00-04:00,107.95999908447266,110.88999938964844,104.91999816894531,107.6500015258789,4700800,0.0,0.0
2022-06-02 00:00:00-04:00,107.43000030517578,114.08000183105469,107.02999877929688,112.23999786376953,4985900,0.0,0.0
2022-06-03 00:00:00-04:00,109.66000366210938,111.80000305175781,107.30000305175781,109.41999816894531,3882100,0.0,0.0
2022-06-06 00:00:00-04:00,112.33000183105469,112.91000366210938,108.51000213623047,111.01000213623047,2867500,0.0,0.0
2022-06-07 00:00:00-04:00,110.5,115.31999969482422,109.05000305175781,115.04000091552734,3951900,0.0,0.0
2022-06-08 00:00:00-04:00,115.4000015258789,116.9000015258789,113.16000366210938,115.45999908447266,3583900,0.0,0.0
2022-06-09 00:00:00-04:00,112.16999816894531,116.16999816894531,110.33999633789062,110.4000015258789,4302600,0.0,0.0
2022-06-10 00:00:00-04:00,106.93399810791016,110.98999786376953,106.12000274658203,109.06999969482422,5768900,0.0,0.0
2022-06-13 00:00:00-04:00,102.81999969482422,106.37999725341797,102.12000274658203,103.31999969482422,7183900,0.0,0.0
2022-06-14 00:00:00-04:00,103.9000015258789,109.8499984741211,103.77999877929688,106.86000061035156,6815000,0.0,0.0
2022-06-15 00:00:00-04:00,107.5,114.7300033569336,106.12999725341797,112.93000030517578,5954500,0.0,0.0
2022-06-16 00:00:00-04:00,108.0999984741211,109.6500015258789,104.1500015258789,106.08999633789062,4714600,0.0,0.0
2022-06-17 00:00:00-04:00,107.09500122070312,111.91999816894531,106.39299774169922,110.0,6143400,0.0,0.0
2022-06-21 00:00:00-04:00,112.1500015258789,117.37000274658203,110.86000061035156,113.81999969482422,6176200,0.0,0.0
2022-06-22 00:00:00-04:00,112.02999877929688,119.52999877929688,111.7699966430664,115.16999816894531,5481800,0.0,0.0
2022-06-23 00:00:00-04:00,116.23999786376953,118.4000015258789,110.66999816894531,117.66999816894531,5464400,0.0,0.0
2022-06-24 00:00:00-04:00,118.80999755859375,122.98999786376953,118.12000274658203,122.63999938964844,12212800,0.0,0.0
2022-06-27 00:00:00-04:00,122.4800033569336,123.7300033569336,117.68000030517578,119.81999969482422,3457200,0.0,0.0
2022-06-28 00:00:00-04:00,119.81999969482422,122.08499908447266,112.86000061035156,113.12999725341797,3692500,0.0,0.0
2022-06-29 00:00:00-04:00,112.93000030517578,113.72000122070312,110.04000091552734,111.87000274658203,2711800,0.0,0.0
2022-06-30 00:00:00-04:00,110.0,111.0,104.77999877929688,107.97000122070312,4249600,0.0,0.0
2022-07-01 00:00:00-04:00,108.7699966430664,111.97899627685547,106.83000183105469,110.97000122070312,2800300,0.0,0.0
2022-07-05 00:00:00-04:00,110.55999755859375,120.75,108.41000366210938,120.41999816894531,5310000,0.0,0.0
2022-07-06 00:00:00-04:00,120.68000030517578,123.95999908447266,116.56999969482422,117.05999755859375,4198100,0.0,0.0
2022-07-07 00:00:00-04:00,116.5,121.26000213623047,116.33000183105469,120.73999786376953,3036600,0.0,0.0
2022-07-08 00:00:00-04:00,118.62000274658203,124.05000305175781,117.66000366210938,119.80000305175781,3261700,0.0,0.0
2022-07-11 00:00:00-04:00,117.16000366210938,117.54000091552734,107.7300033569336,108.37999725341797,5461800,0.0,0.0
2022-07-12 00:00:00-04:00,109.79000091552734,113.5999984741211,106.91000366210938,107.98999786376953,4205100,0.0,0.0
2022-07-13 00:00:00-04:00,103.63500213623047,105.4000015258789,99.80000305175781,101.01000213623047,7903000,0.0,0.0
2022-07-14 00:00:00-04:00,101.3499984741211,101.44000244140625,96.83999633789062,97.3499984741211,5552600,0.0,0.0
2022-07-15 00:00:00-04:00,97.86000061035156,99.97000122070312,96.11000061035156,99.8499984741211,4714400,0.0,0.0
2022-07-18 00:00:00-04:00,101.9800033569336,102.18000030517578,98.48999786376953,98.91999816894531,6516500,0.0,0.0
2022-07-19 00:00:00-04:00,100.4000015258789,102.21900177001953,97.6500015258789,102.08000183105469,2829500,0.0,0.0
2022-07-20 00:00:00-04:00,103.48999786376953,109.87000274658203,103.375,107.08999633789062,4298100,0.0,0.0
2022-07-21 00:00:00-04:00,107.5,111.2699966430664,107.30000305175781,110.8499984741211,2982100,0.0,0.0
2022-07-22 00:00:00-04:00,111.0,112.94999694824219,105.69000244140625,106.55000305175781,2656800,0.0,0.0
2022-07-25 00:00:00-04:00,106.38999938964844,106.95999908447266,103.91000366210938,106.0999984741211,2039800,0.0,0.0
2022-07-26 00:00:00-04:00,105.02999877929688,105.12999725341797,100.01000213623047,100.33000183105469,2878200,0.0,0.0
2022-07-27 00:00:00-04:00,102.16000366210938,106.45999908447266,100.55000305175781,105.91000366210938,3182800,0.0,0.0
2022-07-28 00:00:00-04:00,104.45999908447266,106.9020004272461,100.80999755859375,106.22000122070312,2380000,0.0,0.0
2022-07-29 00:00:00-04:00,105.48500061035156,105.48500061035156,101.01000213623047,103.86000061035156,3975900,0.0,0.0
2022-08-01 00:00:00-04:00,103.37999725341797,107.91999816894531,101.8499984741211,105.38999938964844,2386200,0.0,0.0
2022-08-02 00:00:00-04:00,103.04000091552734,109.9800033569336,102.9000015258789,108.16000366210938,2519900,0.0,0.0
2022-08-03 00:00:00-04:00,109.30999755859375,114.0,109.22000122070312,112.97000122070312,2653500,0.0,0.0
2022-08-04 00:00:00-04:00,114.06999969482422,115.0,110.13999938964844,112.86000061035156,2149800,0.0,0.0
2022-08-05 00:00:00-04:00,110.0,114.31999969482422,108.73999786376953,113.8499984741211,2639900,0.0,0.0
2022-08-08 00:00:00-04:00,114.7699966430664,119.81999969482422,113.81999969482422,114.73999786376953,2832500,0.0,0.0
2022-08-09 00:00:00-04:00,111.77999877929688,112.80400085449219,104.91000366210938,105.29000091552734,5822800,0.0,0.0
2022-08-10 00:00:00-04:00,111.3499984741211,112.41999816894531,108.80000305175781,112.01000213623047,3756600,0.0,0.0
2022-08-11 00:00:00-04:00,114.0,114.98999786376953,107.23999786376953,108.05999755859375,4067800,0.0,0.0
2022-08-12 00:00:00-04:00,109.41000366210938,110.08999633789062,107.27999877929688,109.5199966430664,2488900,0.0,0.0
2022-08-15 00:00:00-04:00,109.41000366210938,113.79000091552734,108.3499984741211,113.2300033569336,2737400,0.0,0.0
2022-08-16 00:00:00-04:00,107.81500244140625,109.93000030517578,103.31999969482422,109.19000244140625,7520100,0.0,0.0
2022-08-17 00:00:00-04:00,106.22000122070312,107.3499984741211,102.0199966430664,102.37999725341797,4257200,0.0,0.0
2022-08-18 00:00:00-04:00,101.76000213623047,104.56999969482422,100.63999938964844,103.18000030517578,3091700,0.0,0.0
2022-08-19 00:00:00-04:00,100.9000015258789,102.1500015258789,98.80000305175781,99.5,3747900,0.0,0.0
2022-08-22 00:00:00-04:00,98.19999694824219,100.13999938964844,96.4800033569336,97.44000244140625,8274100,0.0,0.0
2022-08-23 00:00:00-04:00,84.55999755859375,87.58999633789062,81.12999725341797,81.31999969482422,31475400,0.0,0.0
2022-08-24 00:00:00-04:00,81.63999938964844,85.06999969482422,80.5,83.61000061035156,11133300,0.0,0.0
2022-08-25 00:00:00-04:00,83.5999984741211,85.76000213623047,82.43000030517578,85.72000122070312,5409700,0.0,0.0
2022-08-26 00:00:00-04:00,84.1500015258789,85.0199966430664,80.27999877929688,81.41000366210938,5927400,0.0,0.0
2022-08-29 00:00:00-04:00,80.37000274658203,82.94999694824219,80.12000274658203,81.0,5211000,0.0,0.0
2022-08-30 00:00:00-04:00,82.0,82.75,79.81999969482422,81.41999816894531,4142500,0.0,0.0
2022-08-31 00:00:00-04:00,82.96800231933594,83.47000122070312,79.33999633789062,80.4000015258789,4838000,0.0,0.0
2022-09-01 00:00:00-04:00,79.29000091552734,81.23999786376953,77.79000091552734,81.13999938964844,6795400,0.0,0.0
2022-09-02 00:00:00-04:00,82.01000213623047,83.30999755859375,80.05000305175781,80.79000091552734,4570900,0.0,0.0
2022-09-06 00:00:00-04:00,80.55999755859375,81.08000183105469,79.56999969482422,80.0199966430664,3576100,0.0,0.0
2022-09-07 00:00:00-04:00,79.95999908447266,81.36000061035156,79.33999633789062,81.0199966430664,4329600,0.0,0.0
2022-09-08 00:00:00-04:00,80.23999786376953,81.47000122070312,79.4000015258789,80.2300033569336,3674700,0.0,0.0
2022-09-09 00:00:00-04:00,81.58999633789062,83.69999694824219,81.54000091552734,82.62000274658203,3964000,0.0,0.0
2022-09-12 00:00:00-04:00,82.43000030517578,84.77999877929688,82.43000030517578,84.08000183105469,3928900,0.0,0.0
2022-09-13 00:00:00-04:00,80.0,80.1500015258789,78.62000274658203,78.86000061035156,4654500,0.0,0.0
2022-09-14 00:00:00-04:00,78.86000061035156,80.41000366210938,77.93000030517578,79.58999633789062,4196500,0.0,0.0
2022-09-15 00:00:00-04:00,78.63999938964844,81.97000122070312,78.26000213623047,80.20999908447266,4247500,0.0,0.0
2022-09-16 00:00:00-04:00,78.13999938964844,79.2300033569336,77.33000183105469,78.68000030517578,6150700,0.0,0.0
2022-09-19 00:00:00-04:00,78.05999755859375,79.0,76.75,78.31999969482422,4515000,0.0,0.0
2022-09-20 00:00:00-04:00,77.44999694824219,78.83999633789062,76.76000213623047,77.08999633789062,3157800,0.0,0.0
2022-09-21 00:00:00-04:00,77.83000183105469,78.83000183105469,75.31999969482422,75.94000244140625,3274100,0.0,0.0
2022-09-22 00:00:00-04:00,75.0,75.7699966430664,74.33000183105469,74.54000091552734,4116200,0.0,0.0
2022-09-23 00:00:00-04:00,74.16000366210938,74.94999694824219,73.32099914550781,74.44999694824219,3944700,0.0,0.0
2022-09-26 00:00:00-04:00,74.81999969482422,76.87000274658203,73.23999786376953,73.33000183105469,3068800,0.0,0.0
2022-09-27 00:00:00-04:00,74.9000015258789,75.98999786376953,72.95999908447266,74.26000213623047,3576500,0.0,0.0
2022-09-28 00:00:00-04:00,74.30999755859375,76.2249984741211,74.05000305175781,75.88999938964844,2856700,0.0,0.0
2022-09-29 00:00:00-04:00,74.2699966430664,75.22000122070312,73.5999984741211,74.47000122070312,2930400,0.0,0.0
2022-09-30 00:00:00-04:00,74.5999984741211,76.25,73.4800033569336,73.58999633789062,3539700,0.0,0.0
2022-10-03 00:00:00-04:00,73.91000366210938,74.87000274658203,71.69000244140625,73.94000244140625,4182000,0.0,0.0
2022-10-04 00:00:00-04:00,75.83000183105469,78.44999694824219,75.73400115966797,77.54000091552734,4703000,0.0,0.0
2022-10-05 00:00:00-04:00,75.58000183105469,77.87000274658203,74.95999908447266,77.5199966430664,2604500,0.0,0.0
2022-10-06 00:00:00-04:00,77.7300033569336,79.0,76.95999908447266,78.3499984741211,2185800,0.0,0.0
2022-10-07 00:00:00-04:00,75.63999938964844,78.33000183105469,75.36000061035156,76.58999633789062,4464200,0.0,0.0
2022-10-10 00:00:00-04:00,75.98999786376953,76.19599914550781,72.29000091552734,73.72000122070312,4777500,0.0,0.0
2022-10-11 00:00:00-04:00,71.45999908447266,74.55000305175781,70.43499755859375,73.70999908447266,5389700,0.0,0.0
2022-10-12 00:00:00-04:00,74.29000091552734,76.55000305175781,73.4000015258789,75.22000122070312,3941000,0.0,0.0
2022-10-13 00:00:00-04:00,71.6500015258789,75.41999816894531,71.6500015258789,74.7300033569336,5754500,0.0,0.0
2022-10-14 00:00:00-04:00,75.75,76.9000015258789,72.13999938964844,72.29000091552734,2830800,0.0,0.0
2022-10-17 00:00:00-04:00,75.06400299072266,77.43000030517578,74.51000213623047,76.69000244140625,3431600,0.0,0.0
2022-10-18 00:00:00-04:00,79.5199966430664,80.77999877929688,77.33000183105469,78.2300033569336,3539400,0.0,0.0
2022-10-19 00:00:00-04:00,77.5199966430664,78.04000091552734,75.58999633789062,76.33000183105469,1955800,0.0,0.0
2022-10-20 00:00:00-04:00,76.66999816894531,81.5,76.58000183105469,79.95999908447266,4156900,0.0,0.0
2022-10-21 00:00:00-04:00,79.63999938964844,81.0999984741211,77.5999984741211,80.9800033569336,3312100,0.0,0.0
2022-10-24 00:00:00-04:00,80.4000015258789,80.66000366210938,78.18000030517578,80.61000061035156,2731600,0.0,0.0
2022-10-25 00:00:00-04:00,81.54000091552734,84.12999725341797,81.45999908447266,84.08999633789062,2992300,0.0,0.0
2022-10-26 00:00:00-04:00,82.3499984741211,85.45999908447266,82.19000244140625,83.37000274658203,2599700,0.0,0.0
2022-10-27 00:00:00-04:00,83.68000030517578,85.02999877929688,82.47000122070312,82.61000061035156,2579400,0.0,0.0
2022-10-28 00:00:00-04:00,81.73500061035156,84.24500274658203,81.31999969482422,84.20999908447266,2370800,0.0,0.0
2022-10-31 00:00:00-04:00,83.69000244140625,84.57499694824219,82.33999633789062,83.44000244140625,1908600,0.0,0.0
2022-11-01 00:00:00-04:00,85.5,86.30999755859375,82.79000091552734,82.88999938964844,1834900,0.0,0.0
2022-11-02 00:00:00-04:00,83.27999877929688,84.36000061035156,78.58999633789062,78.5999984741211,3381000,0.0,0.0
2022-11-03 00:00:00-04:00,77.80000305175781,81.2300033569336,77.2300033569336,78.38999938964844,3156400,0.0,0.0
2022-11-04 00:00:00-04:00,79.44000244140625,79.73999786376953,75.83499908447266,77.45999908447266,3969300,0.0,0.0
2022-11-07 00:00:00-05:00,78.06999969482422,80.31999969482422,77.26000213623047,79.61000061035156,3317800,0.0,0.0
2022-11-08 00:00:00-05:00,80.22000122070312,81.93499755859375,78.01000213623047,78.30999755859375,3987100,0.0,0.0
2022-11-09 00:00:00-05:00,77.52999877929688,77.52999877929688,70.91999816894531,71.83999633789062,6019800,0.0,0.0
2022-11-10 00:00:00-05:00,76.87000274658203,82.3499984741211,76.75,82.2300033569336,4908600,0.0,0.0
2022-11-11 00:00:00-05:00,81.45999908447266,89.66999816894531,80.05000305175781,88.31999969482422,5906400,0.0,0.0
2022-11-14 00:00:00-05:00,86.72000122070312,87.98999786376953,84.20999908447266,84.3499984741211,2883600,0.0,0.0
2022-11-15 00:00:00-05:00,88.25,89.37000274658203,85.72000122070312,87.44000244140625,2776500,0.0,0.0
2022-11-16 00:00:00-05:00,85.05999755859375,85.2300033569336,83.12999725341797,83.5,2709400,0.0,0.0
2022-11-17 00:00:00-05:00,81.19999694824219,83.20999908447266,80.33999633789062,82.58999633789062,2284100,0.0,0.0
2022-11-18 00:00:00-05:00,83.33999633789062,83.6050033569336,80.13999938964844,81.63999938964844,3125300,0.0,0.0
2022-11-21 00:00:00-05:00,81.20999908447266,82.51799774169922,79.7699966430664,80.26000213623047,7234000,0.0,0.0
2022-11-22 00:00:00-05:00,75.18000030517578,77.44000244140625,71.9000015258789,77.1500015258789,15729400,0.0,0.0
2022-11-23 00:00:00-05:00,76.13999938964844,77.27999877929688,74.8499984741211,76.13999938964844,4938100,0.0,0.0
2022-11-25 00:00:00-05:00,75.30999755859375,76.98999786376953,74.83000183105469,75.4000015258789,2658000,0.0,0.0
2022-11-28 00:00:00-05:00,74.72000122070312,76.5,71.30000305175781,71.58999633789062,6245400,0.0,0.0
2022-11-29 00:00:00-05:00,71.66000366210938,72.62000274658203,70.29000091552734,70.56999969482422,4879300,0.0,0.0
2022-11-30 00:00:00-05:00,70.76000213623047,75.44000244140625,69.54000091552734,75.43000030517578,6213800,0.0,0.0
2022-12-01 00:00:00-05:00,75.88999938964844,81.69000244140625,75.85800170898438,77.43000030517578,4777700,0.0,0.0
2022-12-02 00:00:00-05:00,74.58000183105469,76.36000061035156,73.8499984741211,74.30999755859375,3296300,0.0,0.0
2022-12-05 00:00:00-05:00,74.26000213623047,75.22000122070312,72.54000091552734,72.9000015258789,2942800,0.0,0.0
2022-12-06 00:00:00-05:00,72.79000091552734,73.0,70.87999725341797,71.47000122070312,2661100,0.0,0.0
2022-12-07 00:00:00-05:00,71.25,71.46499633789062,69.74099731445312,69.87000274658203,3422100,0.0,0.0
2022-12-08 00:00:00-05:00,70.12000274658203,72.41000366210938,68.87999725341797,72.36000061035156,3056300,0.0,0.0
2022-12-09 00:00:00-05:00,72.33000183105469,73.73999786376953,71.85399627685547,72.16000366210938,2185200,0.0,0.0
2022-12-12 00:00:00-05:00,70.91000366210938,73.72000122070312,70.11000061035156,73.69000244140625,2836900,0.0,0.0
2022-12-13 00:00:00-05:00,77.52999877929688,79.37999725341797,73.01000213623047,74.05000305175781,4017800,0.0,0.0
2022-12-14 00:00:00-05:00,73.6500015258789,75.08000183105469,72.02999877929688,73.22000122070312,3570300,0.0,0.0
2022-12-15 00:00:00-05:00,71.68000030517578,72.30999755859375,69.80999755859375,70.19999694824219,3700700,0.0,0.0
2022-12-16 00:00:00-05:00,69.81999969482422,70.79000091552734,69.55000305175781,69.86000061035156,4695600,0.0,0.0
2022-12-19 00:00:00-05:00,69.41000366210938,70.25,68.8499984741211,69.08999633789062,3182500,0.0,0.0
2022-12-20 00:00:00-05:00,68.44999694824219,70.33999633789062,67.91999816894531,68.55999755859375,2936000,0.0,0.0
2022-12-21 00:00:00-05:00,68.70999908447266,70.96199798583984,67.87999725341797,69.93000030517578,3254100,0.0,0.0
2022-12-22 00:00:00-05:00,68.37000274658203,68.58200073242188,64.83000183105469,65.94000244140625,4180100,0.0,0.0
2022-12-23 00:00:00-05:00,65.61000061035156,66.66000366210938,65.01000213623047,65.88999938964844,2209200,0.0,0.0
2022-12-27 00:00:00-05:00,64.75,66.18000030517578,63.54999923706055,65.45999908447266,3581800,0.0,0.0
2022-12-28 00:00:00-05:00,65.25,66.8499984741211,64.7699966430664,65.36000061035156,2311200,0.0,0.0
2022-12-29 00:00:00-05:00,66.27999877929688,68.3499984741211,66.18000030517578,68.0,2135300,0.0,0.0
2022-12-30 00:00:00-05:00,66.55000305175781,67.81999969482422,66.36000061035156,67.73999786376953,1874600,0.0,0.0
2023-01-03 00:00:00-05:00,69.01000213623047,69.33000183105469,66.16000366210938,66.66000366210938,2797600,0.0,0.0
2023-01-04 00:00:00-05:00,67.62000274658203,68.01000213623047,65.87999725341797,67.6500015258789,3209600,0.0,0.0
2023-01-05 00:00:00-05:00,66.80000305175781,67.12000274658203,64.93000030517578,65.62000274658203,2040100,0.0,0.0
2023-01-06 00:00:00-05:00,65.97000122070312,69.9000015258789,65.5999984741211,69.51000213623047,4079800,0.0,0.0
2023-01-09 00:00:00-05:00,69.80999755859375,72.1719970703125,68.57499694824219,70.08000183105469,3403000,0.0,0.0
2023-01-10 00:00:00-05:00,69.54000091552734,71.23999786376953,69.52999877929688,70.86000061035156,1851200,0.0,0.0
2023-01-11 00:00:00-05:00,70.9800033569336,71.37000274658203,68.69999694824219,70.01000213623047,3343500,0.0,0.0
2023-01-12 00:00:00-05:00,69.83000183105469,70.02999877929688,67.62999725341797,69.91000366210938,3177700,0.0,0.0
2023-01-13 00:00:00-05:00,69.08999633789062,70.5999984741211,68.62999725341797,69.48999786376953,2344200,0.0,0.0
2023-01-17 00:00:00-05:00,69.5,70.19999694824219,67.77999877929688,69.87000274658203,3776800,0.0,0.0
2023-01-18 00:00:00-05:00,71.0,71.37000274658203,67.43000030517578,67.4800033569336,3085800,0.0,0.0
2023-01-19 00:00:00-05:00,66.29000091552734,67.86000061035156,66.2509994506836,66.83499908447266,2180100,0.0,0.0
2023-01-20 00:00:00-05:00,67.08000183105469,69.7699966430664,66.68499755859375,69.5,2838600,0.0,0.0
2023-01-23 00:00:00-05:00,69.0,71.51000213623047,68.25,70.97000122070312,2835000,0.0,0.0
2023-01-24 00:00:00-05:00,70.79000091552734,71.83999633789062,69.19999694824219,69.43000030517578,2227900,0.0,0.0
2023-01-25 00:00:00-05:00,68.11000061035156,69.36000061035156,66.06099700927734,68.88999938964844,3202700,0.0,0.0
2023-01-26 00:00:00-05:00,70.43000030517578,72.37000274658203,69.76000213623047,71.58000183105469,2670000,0.0,0.0
2023-01-27 00:00:00-05:00,71.04000091552734,74.54000091552734,70.79000091552734,74.1500015258789,3556900,0.0,0.0
2023-01-30 00:00:00-05:00,73.08999633789062,78.44000244140625,73.08000183105469,73.5,7108400,0.0,0.0
2023-01-31 00:00:00-05:00,73.5,75.0199966430664,73.36000061035156,75.0,2832700,0.0,0.0
2023-02-01 00:00:00-05:00,75.4800033569336,78.5,73.9000015258789,78.11000061035156,3161100,0.0,0.0
2023-02-02 00:00:00-05:00,80.2300033569336,84.41999816894531,79.51000213623047,82.83999633789062,5428400,0.0,0.0
2023-02-03 00:00:00-05:00,79.62000274658203,81.9800033569336,78.73999786376953,79.54000091552734,3488200,0.0,0.0
2023-02-06 00:00:00-05:00,77.87999725341797,79.2300033569336,76.33499908447266,77.06999969482422,2862200,0.0,0.0
2023-02-07 00:00:00-05:00,77.48999786376953,85.12999725341797,76.01000213623047,84.66000366210938,14656800,0.0,0.0
2023-02-08 00:00:00-05:00,83.52999877929688,84.44000244140625,79.18000030517578,79.3499984741211,5372600,0.0,0.0
2023-02-09 00:00:00-05:00,80.45999908447266,80.66000366210938,76.45999908447266,76.7699966430664,4015900,0.0,0.0
2023-02-10 00:00:00-05:00,75.76000213623047,75.87000274658203,72.87000274658203,74.20999908447266,3305100,0.0,0.0
2023-02-13 00:00:00-05:00,75.0999984741211,76.51000213623047,73.5999984741211,76.4800033569336,2941300,0.0,0.0
2023-02-14 00:00:00-05:00,75.625,77.98500061035156,74.25,77.9000015258789,3308600,0.0,0.0
2023-02-15 00:00:00-05:00,77.66999816894531,80.80000305175781,76.98500061035156,80.7699966430664,2336200,0.0,0.0
2023-02-16 00:00:00-05:00,78.58999633789062,80.43000030517578,77.55999755859375,77.91000366210938,3205400,0.0,0.0
2023-02-17 00:00:00-05:00,76.91000366210938,77.0999984741211,74.30000305175781,76.11000061035156,3002100,0.0,0.0
2023-02-21 00:00:00-05:00,74.0199966430664,75.1500015258789,72.2699966430664,72.47000122070312,2884900,0.0,0.0
2023-02-22 00:00:00-05:00,73.08999633789062,74.25,72.7300033569336,73.38999938964844,4489400,0.0,0.0
2023-02-23 00:00:00-05:00,74.37000274658203,75.04000091552734,72.66000366210938,74.56999969482422,2948400,0.0,0.0
2023-02-24 00:00:00-05:00,72.4000015258789,74.56800079345703,72.19100189208984,73.93000030517578,3062800,0.0,0.0
2023-02-27 00:00:00-05:00,74.9000015258789,75.37100219726562,73.19999694824219,73.72000122070312,8477300,0.0,0.0
2023-02-28 00:00:00-05:00,75.95500183105469,76.9800033569336,72.88999938964844,74.58999633789062,18552100,0.0,0.0
2023-03-01 00:00:00-05:00,74.19999694824219,75.80000305175781,69.35099792480469,69.62000274658203,7258300,0.0,0.0
2023-03-02 00:00:00-05:00,68.9000015258789,71.30999755859375,68.9000015258789,70.62999725341797,4088700,0.0,0.0
2023-03-03 00:00:00-05:00,69.12999725341797,71.40499877929688,68.92500305175781,70.80999755859375,4358000,0.0,0.0
2023-03-06 00:00:00-05:00,71.2300033569336,73.11000061035156,70.625,71.33000183105469,3246200,0.0,0.0
2023-03-07 00:00:00-05:00,71.63999938964844,73.05000305175781,69.47000122070312,69.6500015258789,3100900,0.0,0.0
2023-03-08 00:00:00-05:00,69.91999816894531,70.33000183105469,68.29000091552734,68.91000366210938,2775800,0.0,0.0
2023-03-09 00:00:00-05:00,68.80999755859375,69.70999908447266,67.13999938964844,67.62000274658203,4020100,0.0,0.0
2023-03-10 00:00:00-05:00,66.1989974975586,68.43000030517578,64.46299743652344,67.12000274658203,5660700,0.0,0.0
2023-03-13 00:00:00-04:00,66.33200073242188,69.94999694824219,65.62000274658203,68.66999816894531,4290700,0.0,0.0
2023-03-14 00:00:00-04:00,69.98999786376953,70.80000305175781,68.19000244140625,68.98999786376953,2299400,0.0,0.0
2023-03-15 00:00:00-04:00,68.09500122070312,71.19999694824219,68.09500122070312,71.02999877929688,3477200,0.0,0.0
2023-03-16 00:00:00-04:00,71.33000183105469,72.19999694824219,69.87000274658203,70.58999633789062,4268500,0.0,0.0
2023-03-17 00:00:00-04:00,70.55000305175781,70.5999984741211,68.56999969482422,69.19000244140625,3763400,0.0,0.0
2023-03-20 00:00:00-04:00,68.87999725341797,69.33000183105469,67.4000015258789,69.30000305175781,3578300,0.0,0.0
2023-03-21 00:00:00-04:00,69.72000122070312,71.88999938964844,69.18000030517578,71.8499984741211,2456600,0.0,0.0
2023-03-22 00:00:00-04:00,71.72000122070312,72.16000366210938,68.69000244140625,68.75,2821100,0.0,0.0
2023-03-23 00:00:00-04:00,69.44000244140625,70.7300033569336,68.70999908447266,69.19000244140625,3849400,0.0,0.0
2023-03-24 00:00:00-04:00,68.25,69.05000305175781,67.76000213623047,69.04000091552734,1718600,0.0,0.0
2023-03-27 00:00:00-04:00,69.69000244140625,70.19999694824219,67.8499984741211,68.56999969482422,2168400,0.0,0.0
2023-03-28 00:00:00-04:00,68.56999969482422,68.95999908447266,67.3499984741211,68.54000091552734,2073300,0.0,0.0
2023-03-29 00:00:00-04:00,69.72000122070312,71.06999969482422,69.5999984741211,70.5999984741211,3027800,0.0,0.0
2023-03-30 00:00:00-04:00,71.60800170898438,72.91999816894531,71.22000122070312,72.04000091552734,2833900,0.0,0.0
2023-03-31 00:00:00-04:00,72.4800033569336,74.33000183105469,72.12999725341797,73.83999633789062,4311400,0.0,0.0
2023-04-03 00:00:00-04:00,73.16999816894531,73.76499938964844,72.37000274658203,73.66999816894531,2304700,0.0,0.0
2023-04-04 00:00:00-04:00,74.1500015258789,74.41000366210938,72.8949966430664,73.63999938964844,1812500,0.0,0.0
2023-04-05 00:00:00-04:00,73.01000213623047,73.05999755859375,70.13999938964844,71.0999984741211,3576900,0.0,0.0
2023-04-06 00:00:00-04:00,70.71499633789062,72.0999984741211,69.55999755859375,71.8499984741211,2074400,0.0,0.0
2023-04-10 00:00:00-04:00,71.18000030517578,71.33100128173828,69.66000366210938,71.16999816894531,2137000,0.0,0.0
2023-04-11 00:00:00-04:00,68.87000274658203,70.80000305175781,68.25,70.0,4037300,0.0,0.0
2023-04-12 00:00:00-04:00,71.16999816894531,71.5250015258789,67.45999908447266,67.48999786376953,2906500,0.0,0.0
2023-04-13 00:00:00-04:00,67.73999786376953,70.88999938964844,67.73999786376953,70.18000030517578,3255100,0.0,0.0
2023-04-14 00:00:00-04:00,69.56999969482422,70.09500122070312,68.69999694824219,69.5,3706900,0.0,0.0
2023-04-17 00:00:00-04:00,68.0,69.19999694824219,67.5,67.62000274658203,7925800,0.0,0.0
2023-04-18 00:00:00-04:00,68.30000305175781,68.44999694824219,67.05000305175781,67.2699966430664,2548900,0.0,0.0
2023-04-19 00:00:00-04:00,66.5,68.3550033569336,66.37999725341797,67.75,2903400,0.0,0.0
2023-04-20 00:00:00-04:00,66.76000213623047,67.43000030517578,65.62999725341797,65.69999694824219,3399900,0.0,0.0
2023-04-21 00:00:00-04:00,65.5,65.7699966430664,63.77000045776367,63.97999954223633,4619400,0.0,0.0
2023-04-24 00:00:00-04:00,63.90999984741211,67.66999816894531,62.61000061035156,65.80000305175781,12934600,0.0,0.0
2023-04-25 00:00:00-04:00,65.01000213623047,65.18199920654297,63.02000045776367,63.04999923706055,4299200,0.0,0.0
2023-04-26 00:00:00-04:00,64.16000366210938,64.4800033569336,60.90999984741211,61.43000030517578,4203300,0.0,0.0
2023-04-27 00:00:00-04:00,62.040000915527344,62.404998779296875,61.189998626708984,61.290000915527344,3853200,0.0,0.0
2023-04-28 00:00:00-04:00,61.290000915527344,61.959999084472656,60.45000076293945,61.43000030517578,4256300,0.0,0.0
2023-05-01 00:00:00-04:00,61.400001525878906,61.94499969482422,61.04999923706055,61.68000030517578,2687700,0.0,0.0
2023-05-02 00:00:00-04:00,61.369998931884766,62.018001556396484,60.869998931884766,61.189998626708984,3202700,0.0,0.0
2023-05-03 00:00:00-04:00,61.43000030517578,61.91999816894531,60.479000091552734,60.81999969482422,3585500,0.0,0.0
2023-05-04 00:00:00-04:00,60.529998779296875,63.099998474121094,60.529998779296875,62.220001220703125,3800600,0.0,0.0
2023-05-05 00:00:00-04:00,63.130001068115234,64.08000183105469,62.849998474121094,63.400001525878906,3191500,0.0,0.0
2023-05-08 00:00:00-04:00,63.45000076293945,63.95000076293945,62.5,62.93000030517578,2791200,0.0,0.0
2023-05-09 00:00:00-04:00,62.2599983215332,64.55000305175781,62.209999084472656,63.560001373291016,4133900,0.0,0.0
2023-05-10 00:00:00-04:00,64.13999938964844,65.66999816894531,64.05000305175781,64.43000030517578,3533400,0.0,0.0
2023-05-11 00:00:00-04:00,64.7300033569336,65.05000305175781,63.720001220703125,64.44999694824219,2344200,0.0,0.0
2023-05-12 00:00:00-04:00,64.41000366210938,64.41000366210938,63.290000915527344,63.689998626708984,2652900,0.0,0.0
2023-05-15 00:00:00-04:00,63.400001525878906,66.05000305175781,63.29999923706055,66.02999877929688,3559800,0.0,0.0
2023-05-16 00:00:00-04:00,65.86000061035156,66.58999633789062,65.5199966430664,65.98999786376953,2829500,0.0,0.0
2023-05-17 00:00:00-04:00,66.08999633789062,67.94999694824219,64.91000366210938,67.8499984741211,4060200,0.0,0.0
2023-05-18 00:00:00-04:00,67.83000183105469,69.66999816894531,67.62999725341797,69.52999877929688,3934600,0.0,0.0
2023-05-19 00:00:00-04:00,69.16999816894531,70.11900329589844,68.7699966430664,69.37000274658203,3835900,0.0,0.0
2023-05-22 00:00:00-04:00,69.3499984741211,71.98999786376953,68.8499984741211,71.41000366210938,9631800,0.0,0.0
2023-05-23 00:00:00-04:00,69.0,69.0999984741211,65.18000030517578,65.6500015258789,16952700,0.0,0.0
2023-05-24 00:00:00-04:00,64.9000015258789,66.44999694824219,62.349998474121094,62.630001068115234,7582600,0.0,0.0
2023-05-25 00:00:00-04:00,62.45000076293945,65.55000305175781,61.560001373291016,65.12000274658203,6533200,0.0,0.0
2023-05-26 00:00:00-04:00,65.43000030517578,68.4800033569336,65.1500015258789,66.2699966430664,5949600,0.0,0.0
2023-05-30 00:00:00-04:00,67.0,67.25900268554688,63.93000030517578,65.68000030517578,4622300,0.0,0.0
2023-05-31 00:00:00-04:00,65.36000061035156,67.3499984741211,65.05999755859375,67.12999725341797,5525800,0.0,0.0
2023-06-01 00:00:00-04:00,66.16999816894531,68.7300033569336,66.06999969482422,67.83000183105469,3369000,0.0,0.0
2023-06-02 00:00:00-04:00,68.76000213623047,69.08999633789062,67.02999877929688,67.08999633789062,3737900,0.0,0.0
2023-06-05 00:00:00-04:00,66.75,69.68000030517578,65.00499725341797,69.0199966430664,8417400,0.0,0.0
2023-06-06 00:00:00-04:00,68.44000244140625,69.69999694824219,68.04000091552734,69.5,3752500,0.0,0.0
2023-06-07 00:00:00-04:00,69.9800033569336,70.83000183105469,66.06500244140625,66.5,5368900,0.0,0.0
2023-06-08 00:00:00-04:00,66.5,67.16999816894531,65.9209976196289,66.73999786376953,2889300,0.0,0.0
2023-06-09 00:00:00-04:00,68.05000305175781,68.83999633789062,66.5999984741211,67.13999938964844,4058900,0.0,0.0
2023-06-12 00:00:00-04:00,67.13999938964844,70.3499984741211,66.66000366210938,69.18000030517578,5276200,0.0,0.0
2023-06-13 00:00:00-04:00,69.43000030517578,69.88999938964844,68.41999816894531,68.81999969482422,4048000,0.0,0.0
2023-06-14 00:00:00-04:00,68.43000030517578,69.08000183105469,66.94000244140625,68.4000015258789,3658800,0.0,0.0
2023-06-15 00:00:00-04:00,67.73999786376953,70.3499984741211,67.66000366210938,69.94000244140625,3164200,0.0,0.0
2023-06-16 00:00:00-04:00,70.12000274658203,70.47000122070312,69.01000213623047,70.05999755859375,4804900,0.0,0.0
2023-06-20 00:00:00-04:00,69.20999908447266,71.48999786376953,69.05999755859375,70.55999755859375,4056000,0.0,0.0
2023-06-21 00:00:00-04:00,70.51000213623047,71.0,66.8499984741211,66.93000030517578,4120000,0.0,0.0
2023-06-22 00:00:00-04:00,66.58999633789062,67.4800033569336,65.61000061035156,67.44999694824219,2319700,0.0,0.0
2023-06-23 00:00:00-04:00,66.4800033569336,67.48500061035156,65.76000213623047,66.62000274658203,5301300,0.0,0.0
2023-06-26 00:00:00-04:00,66.54000091552734,67.86000061035156,66.41000366210938,66.62000274658203,2457100,0.0,0.0
2023-06-27 00:00:00-04:00,67.02999877929688,68.33999633789062,66.62000274658203,68.05000305175781,2866700,0.0,0.0
2023-06-28 00:00:00-04:00,67.97000122070312,69.05999755859375,67.54499816894531,68.69000244140625,2466800,0.0,0.0
2023-06-29 00:00:00-04:00,68.55000305175781,68.55000305175781,67.1500015258789,67.5999984741211,2572000,0.0,0.0
2023-06-30 00:00:00-04:00,68.52999877929688,68.55500030517578,67.62999725341797,67.87999725341797,2057100,0.0,0.0
2023-07-03 00:00:00-04:00,67.7300033569336,69.31999969482422,67.7300033569336,68.29000091552734,1623100,0.0,0.0
2023-07-05 00:00:00-04:00,67.81999969482422,68.34700012207031,67.18000030517578,67.6500015258789,2228300,0.0,0.0
2023-07-06 00:00:00-04:00,66.37000274658203,66.59300231933594,64.33000183105469,64.69000244140625,3178300,0.0,0.0
2023-07-07 00:00:00-04:00,64.73999786376953,66.22000122070312,64.55000305175781,65.66999816894531,2190200,0.0,0.0
2023-07-10 00:00:00-04:00,64.69999694824219,67.66000366210938,64.5999984741211,67.62000274658203,3439400,0.0,0.0
2023-07-11 00:00:00-04:00,67.73999786376953,69.88500213623047,67.66000366210938,69.73999786376953,3459000,0.0,0.0
2023-07-12 00:00:00-04:00,70.25,70.94999694824219,68.94000244140625,69.80000305175781,3062600,0.0,0.0
2023-07-13 00:00:00-04:00,70.29000091552734,71.44599914550781,69.19999694824219,71.23999786376953,3309000,0.0,0.0
2023-07-14 00:00:00-04:00,71.5,71.98999786376953,70.19000244140625,70.58999633789062,3856400,0.0,0.0
2023-07-17 00:00:00-04:00,70.44000244140625,73.45999908447266,70.05000305175781,72.83999633789062,4514600,0.0,0.0
2023-07-18 00:00:00-04:00,73.02999877929688,73.87999725341797,71.30899810791016,72.27999877929688,4006200,0.0,0.0
2023-07-19 00:00:00-04:00,72.9000015258789,75.0999984741211,72.66000366210938,73.91999816894531,4190700,0.0,0.0
2023-07-20 00:00:00-04:00,72.66999816894531,73.34500122070312,69.79000091552734,69.80000305175781,3118100,0.0,0.0
2023-07-21 00:00:00-04:00,70.43000030517578,71.48999786376953,70.04000091552734,71.02999877929688,5676900,0.0,0.0
2023-07-24 00:00:00-04:00,71.0,71.5999984741211,69.2699966430664,69.51000213623047,2884400,0.0,0.0
2023-07-25 00:00:00-04:00,69.94999694824219,70.6050033569336,69.27999877929688,69.33000183105469,2341000,0.0,0.0
2023-07-26 00:00:00-04:00,69.0,71.37000274658203,68.53500366210938,71.0999984741211,2885300,0.0,0.0
2023-07-27 00:00:00-04:00,72.18000030517578,74.55000305175781,71.98999786376953,72.38999938964844,3944100,0.0,0.0
2023-07-28 00:00:00-04:00,73.3499984741211,74.55000305175781,72.8499984741211,73.08000183105469,2742200,0.0,0.0
2023-07-31 00:00:00-04:00,73.27999877929688,74.18900299072266,72.86499786376953,73.3499984741211,3002000,0.0,0.0
2023-08-01 00:00:00-04:00,72.93000030517578,73.04000091552734,71.87000274658203,72.91000366210938,2064400,0.0,0.0
2023-08-02 00:00:00-04:00,71.5199966430664,71.5199966430664,69.68000030517578,69.88999938964844,3067000,0.0,0.0
2023-08-03 00:00:00-04:00,69.0999984741211,70.62000274658203,69.05000305175781,69.88999938964844,1945000,0.0,0.0
2023-08-04 00:00:00-04:00,70.30000305175781,70.94999694824219,69.04000091552734,69.05999755859375,3078100,0.0,0.0
2023-08-07 00:00:00-04:00,69.08999633789062,69.19000244140625,67.62999725341797,68.66000366210938,2459000,0.0,0.0
2023-08-08 00:00:00-04:00,67.47000122070312,67.91999816894531,65.70999908447266,67.55000305175781,3562000,0.0,0.0
2023-08-09 00:00:00-04:00,67.51000213623047,67.61000061035156,66.1500015258789,66.55000305175781,2142900,0.0,0.0
2023-08-10 00:00:00-04:00,67.80999755859375,68.78900146484375,66.9749984741211,67.47000122070312,1976400,0.0,0.0
2023-08-11 00:00:00-04:00,66.55000305175781,67.25,66.2300033569336,66.5999984741211,1508400,0.0,0.0
2023-08-14 00:00:00-04:00,66.19999694824219,67.55999755859375,65.58999633789062,67.55000305175781,2202300,0.0,0.0
2023-08-15 00:00:00-04:00,67.0,67.41000366210938,65.94999694824219,66.05999755859375,2567500,0.0,0.0
2023-08-16 00:00:00-04:00,65.7300033569336,66.70999908447266,65.36000061035156,65.375,2080800,0.0,0.0
2023-08-17 00:00:00-04:00,65.23999786376953,66.33999633789062,65.18000030517578,65.36000061035156,2315600,0.0,0.0
2023-08-18 00:00:00-04:00,64.44999694824219,66.82499694824219,64.33000183105469,66.29000091552734,3216000,0.0,0.0
2023-08-21 00:00:00-04:00,66.55000305175781,67.94000244140625,66.5,67.2699966430664,9917400,0.0,0.0
2023-08-22 00:00:00-04:00,67.18000030517578,67.37000274658203,63.584999084472656,65.83000183105469,13075600,0.0,0.0
2023-08-23 00:00:00-04:00,66.25,69.54000091552734,66.1500015258789,68.16999816894531,7339600,0.0,0.0
2023-08-24 00:00:00-04:00,69.18000030517578,69.19000244140625,66.94000244140625,66.94999694824219,2956400,0.0,0.0
2023-08-25 00:00:00-04:00,66.66999816894531,67.95999908447266,66.51000213623047,67.69999694824219,2454200,0.0,0.0
2023-08-28 00:00:00-04:00,68.2300033569336,68.55500030517578,67.19499969482422,67.56999969482422,1841300,0.0,0.0
2023-08-29 00:00:00-04:00,67.41000366210938,68.91999816894531,66.86000061035156,68.80999755859375,2446200,0.0,0.0
2023-08-30 00:00:00-04:00,68.54000091552734,69.2699966430664,67.91000366210938,68.66999816894531,2080600,0.0,0.0
2023-08-31 00:00:00-04:00,69.16000366210938,72.55000305175781,68.79000091552734,71.02999877929688,6456800,0.0,0.0
2023-09-01 00:00:00-04:00,71.79000091552734,72.41500091552734,71.42500305175781,71.72000122070312,4025200,0.0,0.0
2023-09-05 00:00:00-04:00,70.9800033569336,75.90499877929688,70.72000122070312,73.27999877929688,9151400,0.0,0.0
2023-09-06 00:00:00-04:00,73.0,74.08000183105469,72.5999984741211,74.0,3579900,0.0,0.0
2023-09-07 00:00:00-04:00,73.19000244140625,74.81999969482422,72.33999633789062,73.68000030517578,3948300,0.0,0.0
2023-09-08 00:00:00-04:00,73.68000030517578,73.80000305175781,71.63999938964844,72.05999755859375,3882800,0.0,0.0
2023-09-11 00:00:00-04:00,71.58000183105469,72.91000366210938,71.12999725341797,71.77999877929688,4245300,0.0,0.0
2023-09-12 00:00:00-04:00,70.69000244140625,71.77999877929688,70.25,70.2699966430664,2880400,0.0,0.0
2023-09-13 00:00:00-04:00,70.0199966430664,70.3499984741211,68.80999755859375,69.83999633789062,3349000,0.0,0.0
2023-09-14 00:00:00-04:00,70.02999877929688,71.87999725341797,70.0,71.56999969482422,3201400,0.0,0.0
2023-09-15 00:00:00-04:00,71.56999969482422,72.44999694824219,70.6510009765625,71.11000061035156,6239300,0.0,0.0
2023-09-18 00:00:00-04:00,70.80999755859375,71.12000274658203,69.77999877929688,70.62999725341797,1958700,0.0,0.0
2023-09-19 00:00:00-04:00,70.12000274658203,70.55000305175781,68.63999938964844,69.33999633789062,2399000,0.0,0.0
2023-09-20 00:00:00-04:00,69.5,70.05000305175781,68.7699966430664,68.80000305175781,2213800,0.0,0.0
2023-09-21 00:00:00-04:00,68.0,68.9000015258789,67.86000061035156,68.30999755859375,3413900,0.0,0.0
2023-09-22 00:00:00-04:00,68.5,69.7300033569336,68.4000015258789,68.8499984741211,2496500,0.0,0.0
2023-09-25 00:00:00-04:00,68.25,69.16000366210938,68.19999694824219,68.6500015258789,1853600,0.0,0.0
2023-09-26 00:00:00-04:00,68.19000244140625,69.16000366210938,68.02999877929688,68.30000305175781,2262400,0.0,0.0
2023-09-27 00:00:00-04:00,68.94000244140625,68.95999908447266,66.51000213623047,67.31999969482422,2617700,0.0,0.0
2023-09-28 00:00:00-04:00,67.0,68.56999969482422,66.41000366210938,68.33000183105469,1829000,0.0,0.0
2023-09-29 00:00:00-04:00,69.12999725341797,71.08399963378906,69.12000274658203,69.94000244140625,2824700,0.0,0.0
2023-10-02 00:00:00-04:00,69.93000030517578,71.375,69.47000122070312,70.11000061035156,2458800,0.0,0.0
2023-10-03 00:00:00-04:00,69.58000183105469,70.25,67.68000030517578,68.04000091552734,3258400,0.0,0.0
2023-10-04 00:00:00-04:00,68.67900085449219,68.87999725341797,65.5199966430664,66.05999755859375,4689500,0.0,0.0
2023-10-05 00:00:00-04:00,65.94999694824219,66.05999755859375,64.1500015258789,64.5199966430664,3951300,0.0,0.0
2023-10-06 00:00:00-04:00,63.68199920654297,65.80400085449219,63.68199920654297,65.4800033569336,3237400,0.0,0.0
2023-10-09 00:00:00-04:00,63.970001220703125,66.12999725341797,63.529998779296875,66.0999984741211,3389100,0.0,0.0
2023-10-10 00:00:00-04:00,66.0,67.88999938964844,65.85800170898438,67.27999877929688,2416200,0.0,0.0
2023-10-11 00:00:00-04:00,67.43000030517578,67.58999633789062,64.77999877929688,64.81999969482422,3142900,0.0,0.0
2023-10-12 00:00:00-04:00,64.93000030517578,64.93000030517578,62.66999816894531,63.470001220703125,3069800,0.0,0.0
2023-10-13 00:00:00-04:00,63.41999816894531,63.70000076293945,62.14500045776367,62.75,2809800,0.0,0.0
2023-10-16 00:00:00-04:00,63.060001373291016,63.59000015258789,62.439998626708984,63.18000030517578,2379000,0.0,0.0
2023-10-17 00:00:00-04:00,62.68000030517578,64.91999816894531,62.652000427246094,63.84000015258789,3031800,0.0,0.0
2023-10-18 00:00:00-04:00,63.31999969482422,63.810001373291016,62.790000915527344,62.970001220703125,1951500,0.0,0.0
2023-10-19 00:00:00-04:00,63.43000030517578,63.96799850463867,62.119998931884766,62.36000061035156,1651400,0.0,0.0
2023-10-20 00:00:00-04:00,62.41999816894531,62.650001525878906,61.40999984741211,61.709999084472656,2488000,0.0,0.0
2023-10-23 00:00:00-04:00,61.099998474121094,62.040000915527344,60.900001525878906,61.130001068115234,2046200,0.0,0.0
2023-10-24 00:00:00-04:00,61.4900016784668,62.8650016784668,61.4900016784668,62.13999938964844,2419900,0.0,0.0
2023-10-25 00:00:00-04:00,61.400001525878906,61.78499984741211,60.27000045776367,60.349998474121094,3097600,0.0,0.0
2023-10-26 00:00:00-04:00,60.45000076293945,60.970001220703125,58.869998931884766,59.5,2493400,0.0,0.0
2023-10-27 00:00:00-04:00,59.959999084472656,60.14400100708008,59.0,59.290000915527344,1818300,0.0,0.0
2023-10-30 00:00:00-04:00,59.56999969482422,60.52000045776367,59.0,60.0,2174500,0.0,0.0
2023-10-31 00:00:00-04:00,60.220001220703125,60.43000030517578,59.4900016784668,59.97999954223633,1734600,0.0,0.0
2023-11-01 00:00:00-04:00,60.0,60.361000061035156,59.349998474121094,60.029998779296875,2108000,0.0,0.0
2023-11-02 00:00:00-04:00,61.0,61.70000076293945,60.345001220703125,61.279998779296875,3031300,0.0,0.0
2023-11-03 00:00:00-04:00,61.97999954223633,63.314998626708984,61.755001068115234,62.9900016784668,3147800,0.0,0.0
2023-11-06 00:00:00-05:00,63.13999938964844,63.310001373291016,61.22999954223633,61.81999969482422,3058100,0.0,0.0
2023-11-07 00:00:00-05:00,62.459999084472656,63.209999084472656,61.9900016784668,62.689998626708984,2375300,0.0,0.0
2023-11-08 00:00:00-05:00,62.41999816894531,62.689998626708984,61.5,61.83000183105469,1993800,0.0,0.0
2023-11-09 00:00:00-05:00,61.97999954223633,62.0,60.619998931884766,60.650001525878906,2581500,0.0,0.0
2023-11-10 00:00:00-05:00,60.66999816894531,62.220001220703125,60.2400016784668,62.060001373291016,2672700,0.0,0.0
2023-11-13 00:00:00-05:00,61.959999084472656,62.439998626708984,61.31999969482422,61.540000915527344,2258500,0.0,0.0
2023-11-14 00:00:00-05:00,63.0,64.05000305175781,62.06999969482422,62.77000045776367,4447000,0.0,0.0
2023-11-15 00:00:00-05:00,63.15999984741211,65.4000015258789,63.150001525878906,63.7400016784668,3720400,0.0,0.0
2023-11-16 00:00:00-05:00,63.290000915527344,63.97999954223633,63.09600067138672,63.400001525878906,2441100,0.0,0.0
2023-11-17 00:00:00-05:00,64.43000030517578,64.76000213623047,63.56999969482422,64.12000274658203,4208900,0.0,0.0
2023-11-20 00:00:00-05:00,64.58999633789062,66.08000183105469,64.4800033569336,66.0,10633100,0.0,0.0
2023-11-21 00:00:00-05:00,63.65999984741211,66.55000305175781,61.83000183105469,65.94000244140625,13812400,0.0,0.0
2023-11-22 00:00:00-05:00,66.05000305175781,66.52999877929688,63.77000045776367,63.83000183105469,5094700,0.0,0.0
2023-11-24 00:00:00-05:00,64.02999877929688,64.9800033569336,63.81999969482422,64.52999877929688,1842300,0.0,0.0
2023-11-27 00:00:00-05:00,64.38999938964844,65.72699737548828,64.05999755859375,65.55000305175781,3830000,0.0,0.0
2023-11-28 00:00:00-05:00,65.29000091552734,67.63999938964844,64.91000366210938,67.52999877929688,5131900,0.0,0.0
2023-11-29 00:00:00-05:00,68.43000030517578,69.08999633789062,67.86000061035156,67.94999694824219,3554600,0.0,0.0
2023-11-30 00:00:00-05:00,68.38999938964844,68.68000030517578,67.25,67.83000183105469,3923800,0.0,0.0
2023-12-01 00:00:00-05:00,67.76000213623047,70.45999908447266,67.58000183105469,70.29000091552734,4485400,0.0,0.0
2023-12-04 00:00:00-05:00,69.80000305175781,70.26000213623047,65.5999984741211,68.16000366210938,8401100,0.0,0.0
2023-12-05 00:00:00-05:00,67.91000366210938,69.26000213623047,67.08999633789062,68.72000122070312,3753100,0.0,0.0
2023-12-06 00:00:00-05:00,69.58000183105469,71.44000244140625,68.75,70.94000244140625,4731900,0.0,0.0
2023-12-07 00:00:00-05:00,71.0,72.04000091552734,70.62999725341797,71.93000030517578,4312500,0.0,0.0
2023-12-08 00:00:00-05:00,71.69999694824219,73.95999908447266,71.16999816894531,73.05999755859375,5031100,0.0,0.0
2023-12-11 00:00:00-05:00,71.81999969482422,73.73999786376953,70.94999694824219,72.58000183105469,6531300,0.0,0.0
2023-12-12 00:00:00-05:00,71.9800033569336,72.16999816894531,71.02999877929688,71.27999877929688,4712800,0.0,0.0
2023-12-13 00:00:00-05:00,71.30999755859375,71.3499984741211,68.8499984741211,71.22000122070312,4510700,0.0,0.0
2023-12-14 00:00:00-05:00,72.12000274658203,73.94000244140625,71.51000213623047,72.13999938964844,5929600,0.0,0.0
2023-12-15 00:00:00-05:00,72.25,72.45999908447266,70.96499633789062,71.56999969482422,19859000,0.0,0.0
2023-12-18 00:00:00-05:00,70.86000061035156,72.63999938964844,70.81700134277344,71.36000061035156,2967400,0.0,0.0
2023-12-19 00:00:00-05:00,71.56999969482422,72.79000091552734,71.4000015258789,72.41999816894531,3014000,0.0,0.0
2023-12-20 00:00:00-05:00,71.33000183105469,71.77999877929688,69.8499984741211,69.86000061035156,3512700,0.0,0.0
2023-12-21 00:00:00-05:00,70.58000183105469,72.04000091552734,70.26000213623047,71.9000015258789,3798700,0.0,0.0
2023-12-22 00:00:00-05:00,72.12000274658203,72.83999633789062,71.66500091552734,72.5,2386900,0.0,0.0
2023-12-26 00:00:00-05:00,72.61000061035156,74.3499984741211,72.37000274658203,74.20999908447266,2939900,0.0,0.0
2023-12-27 00:00:00-05:00,74.30000305175781,74.7699966430664,73.16000366210938,73.7300033569336,2392300,0.0,0.0
2023-12-28 00:00:00-05:00,73.7699966430664,74.0,72.91999816894531,73.08999633789062,2330200,0.0,0.0
2023-12-29 00:00:00-05:00,72.9800033569336,73.5979995727539,71.80999755859375,71.91000366210938,2431500,0.0,0.0
2024-01-02 00:00:00-05:00,71.0999984741211,71.4469985961914,69.0,69.1500015258789,2869400,0.0,0.0
2024-01-03 00:00:00-05:00,68.30999755859375,68.48999786376953,67.11499786376953,67.16999816894531,2493500,0.0,0.0
2024-01-04 00:00:00-05:00,67.0,67.54000091552734,66.4000015258789,66.9000015258789,1962100,0.0,0.0
2024-01-05 00:00:00-05:00,66.52999877929688,68.02999877929688,66.47000122070312,66.95999908447266,1959500,0.0,0.0
2024-01-08 00:00:00-05:00,67.19999694824219,68.95500183105469,66.77999877929688,68.38999938964844,2341300,0.0,0.0
2024-01-09 00:00:00-05:00,67.45999908447266,68.93000030517578,67.20999908447266,68.30999755859375,2178200,0.0,0.0
2024-01-10 00:00:00-05:00,68.25,68.30000305175781,67.58000183105469,68.18000030517578,2078300,0.0,0.0
2024-01-11 00:00:00-05:00,68.33999633789062,68.68299865722656,66.97000122070312,68.5,3334700,0.0,0.0
2024-01-12 00:00:00-05:00,68.69000244140625,71.5,68.69000244140625,70.45999908447266,4037900,0.0,0.0
2024-01-16 00:00:00-05:00,69.9000015258789,70.41000366210938,68.16000366210938,69.0999984741211,3503200,0.0,0.0
2024-01-17 00:00:00-05:00,68.13999938964844,68.16999816894531,66.40499877929688,67.94999694824219,2357300,0.0,0.0
2024-01-18 00:00:00-05:00,67.5199966430664,67.9800033569336,66.44999694824219,67.31999969482422,2611200,0.0,0.0
2024-01-19 00:00:00-05:00,67.66000366210938,69.04000091552734,67.11000061035156,69.04000091552734,2098700,0.0,0.0
2024-01-22 00:00:00-05:00,69.52999877929688,70.66000366210938,69.04000091552734,69.58999633789062,2493800,0.0,0.0
2024-01-23 00:00:00-05:00,69.58999633789062,69.9000015258789,69.11000061035156,69.62999725341797,2373100,0.0,0.0
2024-01-24 00:00:00-05:00,70.41999816894531,70.5999984741211,68.92400360107422,69.04000091552734,1944300,0.0,0.0
2024-01-25 00:00:00-05:00,69.5,69.5,67.18499755859375,67.41999816894531,2670000,0.0,0.0
2024-01-26 00:00:00-05:00,67.33000183105469,68.75,67.22000122070312,67.73999786376953,2112100,0.0,0.0
2024-01-29 00:00:00-05:00,67.58999633789062,69.0999984741211,67.58999633789062,68.93000030517578,2655700,0.0,0.0
2024-01-30 00:00:00-05:00,68.33000183105469,68.80000305175781,67.13999938964844,67.18000030517578,2418900,0.0,0.0
2024-01-31 00:00:00-05:00,66.25,66.37999725341797,64.57499694824219,64.61000061035156,4178200,0.0,0.0
2024-02-01 00:00:00-05:00,64.77999877929688,65.6500015258789,64.12999725341797,64.8499984741211,4066500,0.0,0.0
2024-02-02 00:00:00-05:00,64.27999877929688,64.79000091552734,63.36000061035156,64.2699966430664,4006900,0.0,0.0
2024-02-05 00:00:00-05:00,63.93000030517578,64.0199966430664,63.349998474121094,63.689998626708984,2597100,0.0,0.0
2024-02-06 00:00:00-05:00,63.529998779296875,64.13999938964844,63.209999084472656,63.599998474121094,3031200,0.0,0.0
2024-02-07 00:00:00-05:00,64.18000030517578,64.25,63.060001373291016,63.880001068115234,2738600,0.0,0.0
2024-02-08 00:00:00-05:00,63.689998626708984,64.06999969482422,63.06999969482422,63.900001525878906,3304500,0.0,0.0
2024-02-09 00:00:00-05:00,64.20999908447266,66.5,64.01000213623047,65.69999694824219,4302100,0.0,0.0
2024-02-12 00:00:00-05:00,65.72000122070312,66.1500015258789,64.44999694824219,64.4800033569336,3077300,0.0,0.0
2024-02-13 00:00:00-05:00,63.0,64.05000305175781,62.810001373291016,63.65999984741211,3230000,0.0,0.0
2024-02-14 00:00:00-05:00,64.33999633789062,64.4800033569336,63.5099983215332,64.13999938964844,1811000,0.0,0.0
2024-02-15 00:00:00-05:00,64.3499984741211,64.7300033569336,63.7400016784668,64.04000091552734,1917700,0.0,0.0
2024-02-16 00:00:00-05:00,63.380001068115234,63.7599983215332,62.08000183105469,62.119998931884766,4128200,0.0,0.0
2024-02-20 00:00:00-05:00,61.70000076293945,61.91999816894531,60.474998474121094,61.31999969482422,3742800,0.0,0.0
2024-02-21 00:00:00-05:00,60.41999816894531,61.41999816894531,60.13999938964844,61.349998474121094,3342100,0.0,0.0
2024-02-22 00:00:00-05:00,61.93000030517578,62.18000030517578,60.939998626708984,62.119998931884766,3383300,0.0,0.0
2024-02-23 00:00:00-05:00,62.5,63.46500015258789,62.29999923706055,63.400001525878906,3518800,0.0,0.0
2024-02-26 00:00:00-05:00,63.650001525878906,64.31999969482422,62.94499969482422,63.119998931884766,13348800,0.0,0.0
2024-02-27 00:00:00-05:00,67.1500015258789,69.4800033569336,65.05999755859375,68.16999816894531,18558000,0.0,0.0
2024-02-28 00:00:00-05:00,67.7300033569336,70.61000061035156,67.56500244140625,69.62000274658203,8100900,0.0,0.0
2024-02-29 00:00:00-05:00,70.0,71.30000305175781,69.06999969482422,70.7300033569336,5830400,0.0,0.0
2024-03-01 00:00:00-05:00,70.9800033569336,71.19999694824219,70.125,70.91000366210938,4272700,0.0,0.0
2024-03-04 00:00:00-05:00,70.91000366210938,70.91999816894531,69.48999786376953,69.70999908447266,5257900,0.0,0.0
2024-03-05 00:00:00-05:00,68.7300033569336,69.19000244140625,66.05999755859375,66.48999786376953,4874600,0.0,0.0
2024-03-06 00:00:00-05:00,67.19000244140625,67.77999877929688,66.30999755859375,66.41999816894531,2925100,0.0,0.0
2024-03-07 00:00:00-05:00,66.55000305175781,67.45999908447266,66.55000305175781,67.02999877929688,2483500,0.0,0.0
2024-03-08 00:00:00-05:00,67.66000366210938,68.28600311279297,67.1500015258789,67.16000366210938,2983000,0.0,0.0
2024-03-11 00:00:00-04:00,67.19000244140625,70.26000213623047,67.12999725341797,69.68000030517578,4434000,0.0,0.0
2024-03-12 00:00:00-04:00,70.0,70.56999969482422,69.30000305175781,69.87999725341797,3160600,0.0,0.0
2024-03-13 00:00:00-04:00,69.73999786376953,69.94999694824219,68.33999633789062,68.44000244140625,2402900,0.0,0.0
2024-03-14 00:00:00-04:00,68.55999755859375,68.87999725341797,66.87000274658203,67.26000213623047,1902800,0.0,0.0
2024-03-15 00:00:00-04:00,66.73999786376953,67.61000061035156,65.88999938964844,65.95999908447266,5677400,0.0,0.0
2024-03-18 00:00:00-04:00,66.30999755859375,67.22000122070312,66.0,66.2300033569336,2132700,0.0,0.0
2024-03-19 00:00:00-04:00,65.5,67.0,65.3499984741211,66.52999877929688,2341900,0.0,0.0
2024-03-20 00:00:00-04:00,66.66000366210938,67.26000213623047,65.97000122070312,66.86000061035156,1594900,0.0,0.0
2024-03-21 00:00:00-04:00,67.2699966430664,67.2699966430664,66.41999816894531,66.54000091552734,1702400,0.0,0.0
2024-03-22 00:00:00-04:00,66.3499984741211,66.41000366210938,65.58000183105469,65.95999908447266,1522200,0.0,0.0
2024-03-25 00:00:00-04:00,65.8499984741211,66.94000244140625,65.3499984741211,66.70999908447266,2227000,0.0,0.0
2024-03-26 00:00:00-04:00,67.0,67.3949966430664,66.18499755859375,66.3499984741211,1642100,0.0,0.0
2024-03-27 00:00:00-04:00,66.61000061035156,66.95999908447266,65.93000030517578,66.62000274658203,1882900,0.0,0.0
2024-03-28 00:00:00-04:00,66.86000061035156,66.86000061035156,65.33000183105469,65.37000274658203,2605800,0.0,0.0
2024-04-01 00:00:00-04:00,67.04000091552734,67.04000091552734,64.61900329589844,64.7300033569336,2955100,0.0,0.0
2024-04-02 00:00:00-04:00,63.5099983215332,64.0999984741211,63.22999954223633,63.779998779296875,2927700,0.0,0.0
2024-04-03 00:00:00-04:00,63.470001220703125,63.849998474121094,63.0099983215332,63.220001220703125,2831600,0.0,0.0
2024-04-04 00:00:00-04:00,63.5099983215332,64.33000183105469,63.029998779296875,63.279998779296875,2614500,0.0,0.0
2024-04-05 00:00:00-04:00,63.06999969482422,63.41999816894531,62.617000579833984,62.939998626708984,2291400,0.0,0.0
2024-04-08 00:00:00-04:00,62.220001220703125,63.65999984741211,61.70000076293945,63.0099983215332,3309100,0.0,0.0
2024-04-09 00:00:00-04:00,62.970001220703125,64.62999725341797,62.810001373291016,63.849998474121094,3281900,0.0,0.0
2024-04-10 00:00:00-04:00,62.400001525878906,62.900001525878906,61.54999923706055,62.220001220703125,3166200,0.0,0.0
2024-04-11 00:00:00-04:00,62.69900131225586,62.81999969482422,62.02000045776367,62.52000045776367,2009200,0.0,0.0
2024-04-12 00:00:00-04:00,62.06999969482422,62.5,61.56999969482422,61.630001068115234,2718700,0.0,0.0
2024-04-15 00:00:00-04:00,61.709999084472656,61.792999267578125,59.7599983215332,60.2400016784668,3361200,0.0,0.0
2024-04-16 00:00:00-04:00,60.20000076293945,60.279998779296875,59.2599983215332,59.279998779296875,2241800,0.0,0.0
2024-04-17 00:00:00-04:00,59.279998779296875,59.790000915527344,59.0099983215332,59.08000183105469,2034200,0.0,0.0
2024-04-18 00:00:00-04:00,60.25,60.75,59.61000061035156,59.939998626708984,4223900,0.0,0.0
2024-04-19 00:00:00-04:00,59.810001373291016,60.209999084472656,59.07500076293945,59.45000076293945,2542300,0.0,0.0
2024-04-22 00:00:00-04:00,59.939998626708984,60.06999969482422,58.880001068115234,59.540000915527344,2905900,0.0,0.0
2024-04-23 00:00:00-04:00,59.630001068115234,61.7599983215332,59.625,61.619998931884766,3891000,0.0,0.0
2024-04-24 00:00:00-04:00,61.90999984741211,62.16999816894531,60.97999954223633,61.650001525878906,3215300,0.0,0.0
2024-04-25 00:00:00-04:00,60.400001525878906,61.15999984741211,60.31999969482422,61.040000915527344,2518200,0.0,0.0
2024-04-26 00:00:00-04:00,61.439998626708984,62.060001373291016,61.2599983215332,62.0,2801200,0.0,0.0
2024-04-29 00:00:00-04:00,62.5,63.82899856567383,62.5,63.31999969482422,3034900,0.0,0.0
2024-04-30 00:00:00-04:00,62.709999084472656,62.95000076293945,60.88999938964844,61.099998474121094,2544700,0.0,0.0
2024-05-01 00:00:00-04:00,60.900001525878906,62.290000915527344,60.689998626708984,61.61000061035156,2445800,0.0,0.0
2024-05-02 00:00:00-04:00,62.29999923706055,63.18000030517578,61.79999923706055,62.83000183105469,2731800,0.0,0.0
2024-05-03 00:00:00-04:00,63.529998779296875,63.77000045776367,61.34000015258789,61.81999969482422,3041900,0.0,0.0
2024-05-06 00:00:00-04:00,61.81999969482422,62.2400016784668,61.53099822998047,61.81999969482422,2825500,0.0,0.0
2024-05-07 00:00:00-04:00,61.959999084472656,62.36000061035156,61.7599983215332,62.13999938964844,2261600,0.0,0.0
2024-05-08 00:00:00-04:00,61.650001525878906,63.040000915527344,61.02000045776367,61.22999954223633,2697200,0.0,0.0
2024-05-09 00:00:00-04:00,61.130001068115234,62.1150016784668,61.029998779296875,61.130001068115234,2525300,0.0,0.0
2024-05-10 00:00:00-04:00,61.279998779296875,62.08000183105469,61.20000076293945,61.970001220703125,2242500,0.0,0.0
2024-05-13 00:00:00-04:00,62.290000915527344,63.459999084472656,62.18000030517578,63.11000061035156,2894100,0.0,0.0
2024-05-14 00:00:00-04:00,63.75,64.16999816894531,63.09000015258789,63.529998779296875,2788100,0.0,0.0
2024-05-15 00:00:00-04:00,64.1500015258789,64.19400024414062,62.77000045776367,63.810001373291016,2387200,0.0,0.0
2024-05-16 00:00:00-04:00,63.54999923706055,64.13999938964844,63.09000015258789,63.959999084472656,2612000,0.0,0.0
2024-05-17 00:00:00-04:00,63.61000061035156,64.18000030517578,63.52000045776367,64.16000366210938,3152100,0.0,0.0
2024-05-20 00:00:00-04:00,64.12000274658203,64.5,63.56999969482422,64.08999633789062,6125600,0.0,0.0
2024-05-21 00:00:00-04:00,62.810001373291016,65.4000015258789,62.61000061035156,63.86000061035156,8015200,0.0,0.0
2024-05-22 00:00:00-04:00,64.0,65.19999694824219,63.54999923706055,64.37999725341797,2986200,0.0,0.0
2024-05-23 00:00:00-04:00,64.63999938964844,64.68000030517578,62.189998626708984,62.41999816894531,3007500,0.0,0.0
2024-05-24 00:00:00-04:00,62.16999816894531,63.45000076293945,62.16999816894531,63.0099983215332,7322100,0.0,0.0
2024-05-28 00:00:00-04:00,62.959999084472656,63.09000015258789,61.70000076293945,62.060001373291016,2994000,0.0,0.0
2024-05-29 00:00:00-04:00,61.41999816894531,61.88999938964844,61.209999084472656,61.36000061035156,2351100,0.0,0.0
2024-05-30 00:00:00-04:00,61.349998474121094,61.58000183105469,60.10499954223633,60.529998779296875,3402300,0.0,0.0
2024-05-31 00:00:00-04:00,60.650001525878906,61.41999816894531,60.20000076293945,61.34000015258789,4489100,0.0,0.0
2024-06-03 00:00:00-04:00,61.79999923706055,62.48500061035156,61.470001220703125,61.72999954223633,2873300,0.0,0.0
2024-06-04 00:00:00-04:00,61.599998474121094,62.099998474121094,61.31999969482422,61.529998779296875,2063800,0.0,0.0
2024-06-05 00:00:00-04:00,61.779998779296875,62.45000076293945,61.625,62.09000015258789,2566400,0.0,0.0
2024-06-06 00:00:00-04:00,62.0,63.779998779296875,61.89500045776367,63.11000061035156,3201400,0.0,0.0
2024-06-07 00:00:00-04:00,62.779998779296875,63.435001373291016,62.58000183105469,62.84000015258789,2514300,0.0,0.0
2024-06-10 00:00:00-04:00,62.43000030517578,63.31999969482422,62.41999816894531,62.959999084472656,3630800,0.0,0.0
2024-06-11 00:00:00-04:00,62.9900016784668,63.22999954223633,61.709999084472656,62.849998474121094,1963900,0.0,0.0
2024-06-12 00:00:00-04:00,63.4900016784668,63.50400161743164,60.349998474121094,60.52000045776367,3725000,0.0,0.0
2024-06-13 00:00:00-04:00,60.2599983215332,60.5,57.93000030517578,57.939998626708984,4662600,0.0,0.0
2024-06-14 00:00:00-04:00,57.93000030517578,58.15999984741211,57.33000183105469,57.7400016784668,3014700,0.0,0.0
2024-06-17 00:00:00-04:00,57.400001525878906,57.56999969482422,56.404998779296875,56.95000076293945,4355900,0.0,0.0
2024-06-18 00:00:00-04:00,57.130001068115234,57.310001373291016,56.09000015258789,56.209999084472656,3217800,0.0,0.0
2024-06-20 00:00:00-04:00,56.119998931884766,58.369998931884766,55.630001068115234,58.310001373291016,4351000,0.0,0.0
2024-06-21 00:00:00-04:00,58.0,59.20000076293945,57.76499938964844,58.880001068115234,9499000,0.0,0.0
2024-06-24 00:00:00-04:00,58.61000061035156,58.900001525878906,57.439998626708984,57.810001373291016,3511100,0.0,0.0
2024-06-25 00:00:00-04:00,57.709999084472656,58.29999923706055,57.369998931884766,57.790000915527344,2446600,0.0,0.0
2024-06-26 00:00:00-04:00,57.790000915527344,57.95000076293945,57.279998779296875,57.540000915527344,2541000,0.0,0.0
2024-06-27 00:00:00-04:00,57.40999984741211,58.505001068115234,56.95000076293945,58.470001220703125,4181500,0.0,0.0
2024-06-28 00:00:00-04:00,58.66999816894531,59.68000030517578,58.54999923706055,59.189998626708984,3749400,0.0,0.0
2024-07-01 00:00:00-04:00,59.099998474121094,59.40599822998047,58.83100128173828,59.209999084472656,1937900,0.0,0.0
2024-07-02 00:00:00-04:00,59.369998931884766,59.86000061035156,58.290000915527344,58.34000015258789,1922400,0.0,0.0
2024-07-03 00:00:00-04:00,58.27000045776367,58.779998779296875,58.16999816894531,58.630001068115234,1415900,0.0,0.0
2024-07-05 00:00:00-04:00,58.689998626708984,58.90999984741211,58.220001220703125,58.2599983215332,1958100,0.0,0.0
2024-07-08 00:00:00-04:00,58.185001373291016,58.31999969482422,57.22999954223633,57.400001525878906,2882500,0.0,0.0
2024-07-09 00:00:00-04:00,57.150001525878906,57.68000030517578,56.7400016784668,56.880001068115234,3946200,0.0,0.0
2024-07-10 00:00:00-04:00,56.70000076293945,57.04999923706055,55.779998779296875,56.0,4015100,0.0,0.0
2024-07-11 00:00:00-04:00,56.060001373291016,57.38999938964844,56.060001373291016,56.599998474121094,3515300,0.0,0.0
2024-07-12 00:00:00-04:00,56.61000061035156,57.72999954223633,56.47999954223633,57.58000183105469,3438000,0.0,0.0
2024-07-15 00:00:00-04:00,57.63999938964844,59.029998779296875,57.470001220703125,58.32500076293945,3053100,0.0,0.0
2024-07-16 00:00:00-04:00,58.25,59.189998626708984,58.1150016784668,59.15999984741211,2449600,0.0,0.0
2024-07-17 00:00:00-04:00,58.88999938964844,59.380001068115234,58.630001068115234,59.099998474121094,2352300,0.0,0.0
2024-07-18 00:00:00-04:00,59.0,59.7400016784668,58.790000915527344,59.150001525878906,2342500,0.0,0.0
2024-07-19 00:00:00-04:00,58.83000183105469,59.09000015258789,58.27000045776367,58.869998931884766,1857400,0.0,0.0
2024-07-22 00:00:00-04:00,59.130001068115234,59.25,58.130001068115234,58.63999938964844,1985500,0.0,0.0
2024-07-23 00:00:00-04:00,58.470001220703125,59.91999816894531,58.470001220703125,59.41999816894531,2466300,0.0,0.0
2024-07-24 00:00:00-04:00,59.22999954223633,59.650001525878906,58.0,58.15999984741211,2495100,0.0,0.0
2024-07-25 00:00:00-04:00,58.290000915527344,60.47999954223633,57.97999954223633,59.61000061035156,3238900,0.0,0.0
2024-07-26 00:00:00-04:00,59.91999816894531,60.64799880981445,59.59000015258789,60.09000015258789,1906300,0.0,0.0
2024-07-29 00:00:00-04:00,60.40999984741211,60.619998931884766,59.959999084472656,60.31999969482422,1636500,0.0,0.0
2024-07-30 00:00:00-04:00,60.209999084472656,61.2599983215332,59.91999816894531,61.04999923706055,1805300,0.0,0.0
2024-07-31 00:00:00-04:00,61.45000076293945,62.220001220703125,60.290000915527344,60.400001525878906,3187500,0.0,0.0
2024-08-01 00:00:00-04:00,60.439998626708984,60.790000915527344,58.84000015258789,58.970001220703125,2449900,0.0,0.0
2024-08-02 00:00:00-04:00,58.09000015258789,58.869998931884766,57.31999969482422,58.4900016784668,2365100,0.0,0.0
2024-08-05 00:00:00-04:00,56.630001068115234,56.869998931884766,55.599998474121094,55.630001068115234,3765300,0.0,0.0
2024-08-06 00:00:00-04:00,55.880001068115234,56.68000030517578,55.61000061035156,55.83000183105469,3303500,0.0,0.0
2024-08-07 00:00:00-04:00,56.4900016784668,57.43000030517578,55.619998931884766,55.720001220703125,2838300,0.0,0.0
2024-08-08 00:00:00-04:00,56.36000061035156,56.56999969482422,56.0,56.209999084472656,2311500,0.0,0.0
2024-08-09 00:00:00-04:00,56.16999816894531,56.529998779296875,55.54999923706055,56.380001068115234,1742400,0.0,0.0
2024-08-12 00:00:00-04:00,56.349998474121094,56.5,55.060001373291016,55.31999969482422,2357200,0.0,0.0
2024-08-13 00:00:00-04:00,55.4900016784668,56.66999816894531,55.279998779296875,56.650001525878906,2494900,0.0,0.0
2024-08-14 00:00:00-04:00,56.40999984741211,57.060001373291016,56.119998931884766,57.0,1615900,0.0,0.0
2024-08-15 00:00:00-04:00,57.72999954223633,58.13999938964844,57.5099983215332,57.849998474121094,3151800,0.0,0.0
2024-08-16 00:00:00-04:00,57.52000045776367,58.2599983215332,57.233001708984375,58.06999969482422,1735000,0.0,0.0
2024-08-19 00:00:00-04:00,58.5,59.869998931884766,58.4900016784668,59.81999969482422,2679700,0.0,0.0
2024-08-20 00:00:00-04:00,59.61000061035156,59.970001220703125,58.779998779296875,59.130001068115234,2224200,0.0,0.0
2024-08-21 00:00:00-04:00,59.619998931884766,60.2599983215332,59.349998474121094,60.22999954223633,7107300,0.0,0.0
2024-08-22 00:00:00-04:00,61.814998626708984,68.27999877929688,60.709999084472656,68.04000091552734,22168500,0.0,0.0
2024-08-23 00:00:00-04:00,68.1510009765625,70.86000061035156,68.0199966430664,70.13999938964844,10683900,0.0,0.0
2024-08-26 00:00:00-04:00,70.08999633789062,72.36000061035156,70.0,71.31999969482422,6547300,0.0,0.0
2024-08-27 00:00:00-04:00,71.5,72.33000183105469,70.91999816894531,71.9000015258789,4605700,0.0,0.0
2024-08-28 00:00:00-04:00,71.75,72.33999633789062,70.04000091552734,70.69000244140625,4479000,0.0,0.0
2024-08-29 00:00:00-04:00,70.80999755859375,71.1500015258789,69.9000015258789,69.94000244140625,2759900,0.0,0.0
2024-08-30 00:00:00-04:00,69.97000122070312,70.27999877929688,68.80000305175781,69.08000183105469,5144500,0.0,0.0
2024-09-03 00:00:00-04:00,69.08000183105469,70.41000366210938,68.6050033569336,68.83000183105469,3316400,0.0,0.0
2024-09-04 00:00:00-04:00,68.54000091552734,69.2300033569336,68.0,68.19000244140625,2896500,0.0,0.0
2024-09-05 00:00:00-04:00,68.08999633789062,68.80500030517578,67.06999969482422,67.2300033569336,2638000,0.0,0.0
2024-09-06 00:00:00-04:00,67.93000030517578,68.55999755859375,66.5999984741211,67.18000030517578,2797500,0.0,0.0
2024-09-09 00:00:00-04:00,66.95999908447266,67.55999755859375,66.44000244140625,66.58999633789062,2780700,0.0,0.0
2024-09-10 00:00:00-04:00,66.87000274658203,66.87999725341797,65.87000274658203,66.69999694824219,3476000,0.0,0.0
2024-09-11 00:00:00-04:00,66.61000061035156,67.58000183105469,66.26000213623047,67.30000305175781,3516700,0.0,0.0
2024-09-12 00:00:00-04:00,67.47000122070312,67.5,65.9800033569336,66.55000305175781,2184100,0.0,0.0
2024-09-13 00:00:00-04:00,66.51000213623047,67.98999786376953,66.44499969482422,67.58999633789062,2061800,0.0,0.0
2024-09-16 00:00:00-04:00,67.47000122070312,68.56999969482422,67.38999938964844,67.62000274658203,4054700,0.0,0.0
2024-09-17 00:00:00-04:00,68.12000274658203,68.55000305175781,67.69999694824219,68.11000061035156,2305000,0.0,0.0
2024-09-18 00:00:00-04:00,67.77999877929688,67.90499877929688,65.91000366210938,66.04000091552734,2571700,0.0,0.0
2024-09-19 00:00:00-04:00,67.05999755859375,67.65299987792969,66.72000122070312,66.91000366210938,1908000,0.0,0.0
2024-09-20 00:00:00-04:00,66.88999938964844,67.58000183105469,66.76000213623047,67.52999877929688,4368500,0.0,0.0
2024-09-23 00:00:00-04:00,67.66000366210938,68.95999908447266,67.51000213623047,68.79000091552734,2526600,0.0,0.0
2024-09-24 00:00:00-04:00,69.41000366210938,70.16999816894531,68.6510009765625,69.43000030517578,2294700,0.0,0.0
2024-09-25 00:00:00-04:00,68.95999908447266,69.36000061035156,67.78500366210938,67.94999694824219,2479900,0.0,0.0
2024-09-26 00:00:00-04:00,68.43000030517578,69.3499984741211,68.12999725341797,68.9000015258789,2018900,0.0,0.0
2024-09-27 00:00:00-04:00,69.01000213623047,69.58999633789062,68.72100067138672,69.55000305175781,1417500,0.0,0.0
2024-09-30 00:00:00-04:00,69.4800033569336,70.33000183105469,69.30000305175781,69.73999786376953,2024600,0.0,0.0
2024-10-01 00:00:00-04:00,69.61000061035156,69.91999816894531,68.20999908447266,68.63999938964844,1930600,0.0,0.0
2024-10-02 00:00:00-04:00,68.33000183105469,68.48999786376953,67.50499725341797,67.61000061035156,1786600,0.0,0.0
2024-10-03 00:00:00-04:00,67.2699966430664,67.58000183105469,66.87300109863281,67.20999908447266,1633300,0.0,0.0
2024-10-04 00:00:00-04:00,68.0,68.69000244140625,67.58000183105469,68.66000366210938,1875300,0.0,0.0
2024-10-07 00:00:00-04:00,69.08999633789062,69.30000305175781,67.81999969482422,68.16000366210938,2110700,0.0,0.0
2024-10-08 00:00:00-04:00,68.30000305175781,68.62000274658203,66.9800033569336,68.31999969482422,2497000,0.0,0.0
2024-10-09 00:00:00-04:00,68.12000274658203,70.33999633789062,68.12000274658203,69.97000122070312,4297200,0.0,0.0
2024-10-10 00:00:00-04:00,69.51000213623047,71.37000274658203,69.36000061035156,70.8499984741211,4969600,0.0,0.0
2024-10-11 00:00:00-04:00,70.70999908447266,71.44999694824219,70.5,70.68000030517578,2967300,0.0,0.0
2024-10-14 00:00:00-04:00,70.9800033569336,71.06999969482422,67.6449966430664,67.88999938964844,3658200,0.0,0.0
2024-10-15 00:00:00-04:00,67.73999786376953,68.7300033569336,67.66000366210938,68.41999816894531,2735300,0.0,0.0
2024-10-16 00:00:00-04:00,68.22000122070312,69.08999633789062,68.05000305175781,68.93000030517578,1954100,0.0,0.0
2024-10-17 00:00:00-04:00,69.41999816894531,70.32499694824219,68.72000122070312,70.19999694824219,1939800,0.0,0.0
2024-10-18 00:00:00-04:00,70.38999938964844,70.73999786376953,70.1500015258789,70.5199966430664,1444800,0.0,0.0
2024-10-21 00:00:00-04:00,70.2699966430664,72.36000061035156,70.19999694824219,72.16999816894531,2805100,0.0,0.0
2024-10-22 00:00:00-04:00,72.0,73.12000274658203,71.70999908447266,72.22000122070312,2710100,0.0,0.0
2024-10-23 00:00:00-04:00,72.01000213623047,73.18000030517578,71.76000213623047,72.54000091552734,2654300,0.0,0.0
2024-10-24 00:00:00-04:00,72.73999786376953,73.98999786376953,72.36000061035156,72.66000366210938,2926700,0.0,0.0
2024-10-25 00:00:00-04:00,72.77999877929688,73.75,72.61000061035156,72.62999725341797,2073300,0.0,0.0
2024-10-28 00:00:00-04:00,72.93000030517578,74.16000366210938,72.6780014038086,73.8499984741211,2129800,0.0,0.0
2024-10-29 00:00:00-04:00,73.8499984741211,75.95999908447266,73.6500015258789,75.5,3571200,0.0,0.0
2024-10-30 00:00:00-04:00,75.38999938964844,75.83000183105469,74.7300033569336,74.77999877929688,2008600,0.0,0.0
2024-10-31 00:00:00-04:00,74.66999816894531,75.51000213623047,74.62999725341797,74.73999786376953,1723100,0.0,0.0
2024-11-01 00:00:00-04:00,74.69000244140625,76.02999877929688,74.58000183105469,75.5999984741211,1973300,0.0,0.0
2024-11-04 00:00:00-05:00,75.52999877929688,75.97000122070312,74.5199966430664,75.54000091552734,1551100,0.0,0.0
2024-11-05 00:00:00-05:00,75.79000091552734,77.8499984741211,75.72000122070312,77.75,2568400,0.0,0.0
2024-11-06 00:00:00-05:00,78.19999694824219,80.3499984741211,78.16000366210938,79.69000244140625,3880300,0.0,0.0
2024-11-07 00:00:00-05:00,79.69000244140625,80.47000122070312,78.54000091552734,80.19000244140625,2288300,0.0,0.0
2024-11-08 00:00:00-05:00,80.5199966430664,81.56999969482422,80.20999908447266,81.45999908447266,2839800,0.0,0.0
2024-11-11 00:00:00-05:00,81.87000274658203,86.2300033569336,81.83000183105469,85.58000183105469,5447400,0.0,0.0
2024-11-12 00:00:00-05:00,84.7300033569336,87.0999984741211,84.06999969482422,86.31999969482422,3943000,0.0,0.0
2024-11-13 00:00:00-05:00,86.51000213623047,87.1449966430664,84.6500015258789,85.04000091552734,2729000,0.0,0.0
2024-11-14 00:00:00-05:00,84.87000274658203,84.88999938964844,82.4000015258789,82.62999725341797,2906200,0.0,0.0
2024-11-15 00:00:00-05:00,81.5199966430664,81.9800033569336,80.91999816894531,81.13999938964844,2234600,0.0,0.0
2024-11-18 00:00:00-05:00,81.20999908447266,81.20999908447266,78.87999725341797,78.93000030517578,4176100,0.0,0.0
2024-11-19 00:00:00-05:00,78.81999969482422,79.02999877929688,77.49500274658203,77.75,4138400,0.0,0.0
2024-11-20 00:00:00-05:00,77.87999725341797,79.23999786376953,77.87999725341797,78.86000061035156,2318000,0.0,0.0
2024-11-21 00:00:00-05:00,78.95999908447266,81.6500015258789,78.9000015258789,81.19999694824219,3962000,0.0,0.0
2024-11-22 00:00:00-05:00,81.4000015258789,86.0,81.4000015258789,85.87999725341797,5636100,0.0,0.0
2024-11-25 00:00:00-05:00,88.30000305175781,92.80000305175781,88.21499633789062,89.02999877929688,17383600,0.0,0.0
2024-11-26 00:00:00-05:00,84.0199966430664,85.0,81.22000122070312,83.41000366210938,12886600,0.0,0.0
2024-11-27 00:00:00-05:00,84.08999633789062,85.80000305175781,83.77999877929688,85.36000061035156,5212300,0.0,0.0
2024-11-29 00:00:00-05:00,84.80000305175781,85.6500015258789,82.33999633789062,82.69000244140625,3233900,0.0,0.0
2024-12-02 00:00:00-05:00,82.5,84.875,82.16999816894531,83.11000061035156,2943900,0.0,0.0
2024-12-03 00:00:00-05:00,82.63999938964844,82.98999786376953,81.76000213623047,82.62999725341797,2303200,0.0,0.0
2024-12-04 00:00:00-05:00,82.9000015258789,84.13999938964844,82.27999877929688,83.6500015258789,3143700,0.0,0.0
2024-12-05 00:00:00-05:00,83.98999786376953,85.12000274658203,83.30999755859375,83.36000061035156,2173400,0.0,0.0
2024-12-06 00:00:00-05:00,83.76000213623047,86.75,83.76000213623047,86.22000122070312,3359200,0.0,0.0
2024-12-09 00:00:00-05:00,85.87999725341797,87.72000122070312,85.50499725341797,85.58000183105469,3518600,0.0,0.0
2024-12-10 00:00:00-05:00,84.76000213623047,85.5,83.45999908447266,83.83000183105469,3744000,0.0,0.0
2024-12-11 00:00:00-05:00,84.1500015258789,86.80000305175781,83.93000030517578,86.58999633789062,3501100,0.0,0.0
2024-12-12 00:00:00-05:00,85.68000030517578,87.27999877929688,85.43000030517578,87.05000305175781,2103600,0.0,0.0
2024-12-13 00:00:00-05:00,86.80999755859375,87.30000305175781,83.37999725341797,83.79000091552734,2627100,0.0,0.0
2024-12-16 00:00:00-05:00,84.05500030517578,84.63999938964844,83.22200012207031,83.80000305175781,2646600,0.0,0.0
2024-12-17 00:00:00-05:00,83.16000366210938,84.69999694824219,82.55000305175781,84.5999984741211,2517500,0.0,0.0
2024-12-18 00:00:00-05:00,84.9000015258789,85.77999877929688,81.62000274658203,82.05000305175781,2796700,0.0,0.0
2024-12-19 00:00:00-05:00,84.62999725341797,85.33000183105469,83.6500015258789,84.05000305175781,3662500,0.0,0.0
2024-12-20 00:00:00-05:00,83.19999694824219,86.0999984741211,82.86000061035156,85.5999984741211,5090800,0.0,0.0
2024-12-23 00:00:00-05:00,85.25,85.73999786376953,84.41000366210938,85.2699966430664,2377000,0.0,0.0
2024-12-24 00:00:00-05:00,85.0,86.0,84.81500244140625,85.66999816894531,902900,0.0,0.0
2024-12-26 00:00:00-05:00,85.16000366210938,86.13999938964844,84.8499984741211,85.44000244140625,1980600,0.0,0.0
2024-12-27 00:00:00-05:00,85.19999694824219,85.49500274658203,82.72000122070312,83.81999969482422,2140300,0.0,0.0
2024-12-30 00:00:00-05:00,82.77999877929688,83.22000122070312,81.5999984741211,82.7300033569336,1476500,0.0,0.0
2024-12-31 00:00:00-05:00,83.0,83.00499725341797,81.2699966430664,81.61000061035156,1952400,0.0,0.0
2025-01-02 00:00:00-05:00,82.51000213623047,82.79000091552734,80.87999725341797,81.58000183105469,1774100,0.0,0.0
2025-01-03 00:00:00-05:00,81.43000030517578,82.77999877929688,81.4000015258789,82.69999694824219,1639700,0.0,0.0
2025-01-06 00:00:00-05:00,83.16999816894531,84.19000244140625,81.99500274658203,82.33999633789062,2425600,0.0,0.0
2025-01-07 00:00:00-05:00,83.80000305175781,84.02999877929688,80.12000274658203,80.44999694824219,2150000,0.0,0.0
2025-01-08 00:00:00-05:00,80.12000274658203,80.65599822998047,78.86000061035156,79.9000015258789,2850700,0.0,0.0
2025-01-10 00:00:00-05:00,78.57499694824219,79.81500244140625,78.0199966430664,79.45999908447266,2750300,0.0,0.0
2025-01-13 00:00:00-05:00,78.52999877929688,79.72000122070312,78.52999877929688,78.81999969482422,1885000,0.0,0.0
2025-01-14 00:00:00-05:00,79.68000030517578,80.23999786376953,78.52999877929688,79.19999694824219,1537500,0.0,0.0
2025-01-15 00:00:00-05:00,80.12000274658203,80.81999969482422,79.36000061035156,80.26000213623047,2045700,0.0,0.0
2025-01-16 00:00:00-05:00,80.30000305175781,80.46499633789062,79.2699966430664,79.44000244140625,1803100,0.0,0.0
2025-01-17 00:00:00-05:00,80.04000091552734,80.20999908447266,78.01000213623047,78.06999969482422,2923900,0.0,0.0
2025-01-21 00:00:00-05:00,78.79000091552734,79.20999908447266,77.5999984741211,78.54000091552734,2470800,0.0,0.0
2025-01-22 00:00:00-05:00,79.04000091552734,79.36000061035156,78.06999969482422,79.27999877929688,2287900,0.0,0.0
2025-01-23 00:00:00-05:00,79.2699966430664,80.02999877929688,76.37999725341797,80.01000213623047,3526400,0.0,0.0
2025-01-24 00:00:00-05:00,80.75,82.30500030517578,79.98999786376953,80.16999816894531,2100000,0.0,0.0
2025-01-27 00:00:00-05:00,79.0199966430664,82.27999877929688,78.77999877929688,82.0,2259100,0.0,0.0
2025-01-28 00:00:00-05:00,82.44999694824219,88.9000015258789,82.36000061035156,88.63999938964844,4971800,0.0,0.0
2025-01-29 00:00:00-05:00,88.4000015258789,88.4000015258789,86.37000274658203,87.19999694824219,2200600,0.0,0.0
2025-01-30 00:00:00-05:00,86.95999908447266,87.94999694824219,86.1500015258789,87.29000091552734,1699500,0.0,0.0
2025-01-31 00:00:00-05:00,88.05999755859375,88.76599884033203,86.58000183105469,86.94000244140625,2861500,0.0,0.0
2025-02-03 00:00:00-05:00,85.5,86.4000015258789,84.25499725341797,86.12000274658203,1465500,0.0,0.0
2025-02-04 00:00:00-05:00,86.68000030517578,87.18000030517578,85.77999877929688,86.18000030517578,1450800,0.0,0.0
2025-02-05 00:00:00-05:00,86.47000122070312,87.58000183105469,85.48999786376953,85.98999786376953,1377400,0.0,0.0
2025-02-06 00:00:00-05:00,86.5,86.8290023803711,85.79000091552734,86.69000244140625,1549400,0.0,0.0
2025-02-07 00:00:00-05:00,87.25800323486328,88.16000366210938,85.71099853515625,86.12000274658203,1826900,0.0,0.0
2025-02-10 00:00:00-05:00,86.91000366210938,88.62000274658203,86.42500305175781,87.0999984741211,2347800,0.0,0.0
2025-02-11 00:00:00-05:00,86.33000183105469,86.93499755859375,83.29000091552734,83.81999969482422,2636500,0.0,0.0
2025-02-12 00:00:00-05:00,82.5,83.41000366210938,81.46099853515625,83.05000305175781,2364300,0.0,0.0
2025-02-13 00:00:00-05:00,83.29000091552734,85.45500183105469,83.2699966430664,85.16000366210938,1733400,0.0,0.0
2025-02-14 00:00:00-05:00,85.16000366210938,85.30000305175781,83.31999969482422,85.0999984741211,1436300,0.0,0.0
2025-02-18 00:00:00-05:00,85.30000305175781,85.4000015258789,83.40899658203125,85.19999694824219,2320400,0.0,0.0
2025-02-19 00:00:00-05:00,84.5,85.19999694824219,83.06999969482422,85.16999816894531,2428100,0.0,0.0
2025-02-20 00:00:00-05:00,84.55000305175781,85.04000091552734,82.75,83.44999694824219,2788200,0.0,0.0
2025-02-21 00:00:00-05:00,84.83000183105469,85.8499984741211,82.26000213623047,82.5,4125300,0.0,0.0
2025-02-24 00:00:00-05:00,82.12999725341797,83.3499984741211,79.91999816894531,81.0999984741211,6493900,0.0,0.0
2025-02-25 00:00:00-05:00,77.66500091552734,77.66500091552734,72.51000213623047,74.22000122070312,11067500,0.0,0.0
2025-02-26 00:00:00-05:00,74.19999694824219,75.41500091552734,73.51000213623047,74.1500015258789,3810100,0.0,0.0
2025-02-27 00:00:00-05:00,74.24500274658203,74.80000305175781,72.62999725341797,72.87999725341797,2738400,0.0,0.0
2025-02-28 00:00:00-05:00,72.87999725341797,73.7300033569336,72.27999877929688,73.69999694824219,3080400,0.0,0.0
2025-03-03 00:00:00-05:00,74.58000183105469,75.86000061035156,73.91999816894531,74.30999755859375,3286500,0.0,0.0
2025-03-04 00:00:00-05:00,73.95999908447266,75.83999633789062,72.88999938964844,74.93000030517578,3720500,0.0,0.0
2025-03-05 00:00:00-05:00,74.72000122070312,75.69999694824219,73.97000122070312,75.5999984741211,2614900,0.0,0.0
2025-03-06 00:00:00-05:00,75.30999755859375,77.3499984741211,74.63999938964844,75.4800033569336,3075700,0.0,0.0
2025-03-07 00:00:00-05:00,75.0,76.55500030517578,74.12999725341797,75.9800033569336,3303900,0.0,0.0
2025-03-10 00:00:00-04:00,75.70999908447266,75.8499984741211,73.04000091552734,73.47000122070312,3222100,0.0,0.0
2025-03-11 00:00:00-04:00,73.5,74.87000274658203,72.73999786376953,73.1500015258789,2773000,0.0,0.0
2025-03-12 00:00:00-04:00,74.27999877929688,74.66999816894531,72.79000091552734,73.94999694824219,1941900,0.0,0.0
2025-03-13 00:00:00-04:00,73.54000091552734,73.70999908447266,71.66000366210938,72.2300033569336,2033500,0.0,0.0
2025-03-14 00:00:00-04:00,72.80999755859375,74.91000366210938,72.79000091552734,74.19999694824219,2192100,0.0,0.0
2025-03-17 00:00:00-04:00,74.50499725341797,75.87000274658203,74.2300033569336,75.16000366210938,1773800,0.0,0.0
2025-03-18 00:00:00-04:00,74.08000183105469,75.75,74.03600311279297,75.44999694824219,1728700,0.0,0.0
2025-03-19 00:00:00-04:00,75.9800033569336,77.2509994506836,75.73999786376953,76.26000213623047,1690000,0.0,0.0
2025-03-20 00:00:00-04:00,75.61000061035156,76.91000366210938,75.5999984741211,76.02999877929688,1470900,0.0,0.0
2025-03-21 00:00:00-04:00,75.55000305175781,76.36000061035156,75.19999694824219,75.97000122070312,6268800,0.0,0.0
2025-03-24 00:00:00-04:00,76.91000366210938,78.30000305175781,76.81999969482422,78.19999694824219,1970000,0.0,0.0
2025-03-25 00:00:00-04:00,78.37000274658203,79.44999694824219,77.87999725341797,78.12999725341797,1586600,0.0,0.0
2025-03-26 00:00:00-04:00,78.44999694824219,78.44999694824219,77.12999725341797,77.77999877929688,1314400,0.0,0.0
2025-03-27 00:00:00-04:00,77.93000030517578,78.0,76.56999969482422,76.77999877929688,1722700,0.0,0.0
2025-03-28 00:00:00-04:00,76.2699966430664,76.55500030517578,74.2699966430664,74.83999633789062,1515900,0.0,0.0
2025-03-31 00:00:00-04:00,73.66000366210938,73.83999633789062,71.9000015258789,73.7699966430664,2205700,0.0,0.0
2025-04-01 00:00:00-04:00,73.30999755859375,74.20999908447266,72.19000244140625,74.0199966430664,1508000,0.0,0.0
2025-04-02 00:00:00-04:00,73.3499984741211,75.5,73.22000122070312,75.04000091552734,1418700,0.0,0.0
2025-04-03 00:00:00-04:00,72.01000213623047,73.37899780273438,70.66999816894531,73.25,2531000,0.0,0.0
2025-04-04 00:00:00-04:00,69.66999816894531,70.45999908447266,67.02999877929688,67.75,4687900,0.0,0.0
2025-04-07 00:00:00-04:00,64.77999877929688,70.08000183105469,64.41000366210938,68.05000305175781,4439700,0.0,0.0
2025-04-08 00:00:00-04:00,69.54000091552734,70.55999755859375,65.80999755859375,66.69999694824219,2760900,0.0,0.0
2025-04-09 00:00:00-04:00,66.25,72.33999633789062,65.62000274658203,71.83000183105469,4170300,0.0,0.0
2025-04-10 00:00:00-04:00,69.18000030517578,70.29000091552734,67.30999755859375,69.61000061035156,2969400,0.0,0.0
2025-04-11 00:00:00-04:00,70.0,71.5,68.83100128173828,71.33999633789062,1929300,0.0,0.0
2025-04-14 00:00:00-04:00,72.37000274658203,73.23999786376953,71.34500122070312,71.9800033569336,1660500,0.0,0.0
2025-04-15 00:00:00-04:00,71.96499633789062,73.12999725341797,71.78500366210938,72.4000015258789,1916900,0.0,0.0
2025-04-16 00:00:00-04:00,71.69000244140625,72.81999969482422,70.56999969482422,71.19999694824219,1460100,0.0,0.0
2025-04-17 00:00:00-04:00,71.625,72.19499969482422,71.06800079345703,71.48999786376953,1434600,0.0,0.0
2025-04-21 00:00:00-04:00,70.93000030517578,71.62000274658203,69.66000366210938,70.48999786376953,1350600,0.0,0.0
2025-04-22 00:00:00-04:00,71.73999786376953,72.04000091552734,70.95999908447266,71.73500061035156,1499000,0.0,0.0
2025-04-23 00:00:00-04:00,73.2300033569336,74.76000213623047,72.26000213623047,72.83000183105469,1514200,0.0,0.0
2025-04-24 00:00:00-04:00,73.16999816894531,75.68900299072266,72.91999816894531,75.48999786376953,1911300,0.0,0.0
2025-04-25 00:00:00-04:00,75.4800033569336,76.31999969482422,74.91500091552734,76.02999877929688,1300200,0.0,0.0
2025-04-28 00:00:00-04:00,76.2699966430664,76.64099884033203,75.66000366210938,76.16000366210938,1911600,0.0,0.0
2025-04-29 00:00:00-04:00,75.91999816894531,77.87000274658203,75.70099639892578,77.55000305175781,1837100,0.0,0.0
2025-04-30 00:00:00-04:00,76.83000183105469,77.66000366210938,76.11499786376953,77.54000091552734,1895800,0.0,0.0
2025-05-01 00:00:00-04:00,77.87999725341797,78.28500366210938,77.19000244140625,77.25,1959500,0.0,0.0
2025-05-02 00:00:00-04:00,77.87000274658203,78.66999816894531,77.69999694824219,78.2300033569336,1562900,0.0,0.0
2025-05-05 00:00:00-04:00,77.9000015258789,79.2699966430664,77.79000091552734,78.2300033569336,1749300,0.0,0.0
2025-05-06 00:00:00-04:00,77.87999725341797,78.80999755859375,77.43000030517578,78.05000305175781,1352300,0.0,0.0
2025-05-07 00:00:00-04:00,78.43000030517578,78.79000091552734,77.62000274658203,78.63999938964844,2652700,0.0,0.0
2025-05-08 00:00:00-04:00,79.06999969482422,80.83999633789062,78.84500122070312,80.25,2446500,0.0,0.0
2025-05-09 00:00:00-04:00,80.75,81.55500030517578,80.36000061035156,81.30999755859375,1854400,0.0,0.0
2025-05-12 00:00:00-04:00,82.58999633789062,82.80000305175781,81.33999633789062,82.66999816894531,2097200,0.0,0.0
2025-05-13 00:00:00-04:00,82.81999969482422,83.73500061035156,82.44999694824219,83.18000030517578,1984600,0.0,0.0
2025-05-14 00:00:00-04:00,83.05999755859375,83.79000091552734,82.7979965209961,83.2699966430664,1846400,0.0,0.0
2025-05-15 00:00:00-04:00,83.01000213623047,83.87000274658203,82.69999694824219,83.8499984741211,1659300,0.0,0.0
2025-05-16 00:00:00-04:00,84.04000091552734,85.072998046875,83.95999908447266,84.62000274658203,2110400,0.0,0.0
2025-05-19 00:00:00-04:00,83.91999816894531,83.91999816894531,83.05999755859375,83.30999755859375,1785900,0.0,0.0
2025-05-20 00:00:00-04:00,83.0999984741211,83.3499984741211,81.33999633789062,83.0999984741211,3283800,0.0,0.0
2025-05-21 00:00:00-04:00,82.56999969482422,83.75,81.91000366210938,82.2699966430664,4692200,0.0,0.0
2025-05-22 00:00:00-04:00,80.6449966430664,83.12999725341797,78.47000122070312,82.06999969482422,6370300,0.0,0.0
2025-05-23 00:00:00-04:00,80.76499938964844,82.04000091552734,79.19999694824219,79.27999877929688,4180000,0.0,0.0
2025-05-27 00:00:00-04:00,79.92500305175781,80.33999633789062,78.33999633789062,78.9000015258789,3780900,0.0,0.0
2025-05-28 00:00:00-04:00,79.16000366210938,80.17500305175781,79.01499938964844,79.66999816894531,2481400,0.0,0.0
2025-05-29 00:00:00-04:00,80.2300033569336,80.30999755859375,78.98999786376953,79.94000244140625,1906400,0.0,0.0
2025-05-30 00:00:00-04:00,79.94999694824219,81.31999969482422,79.1500015258789,81.25,5485300,0.0,0.0
2025-06-02 00:00:00-04:00,81.12000274658203,82.05999755859375,80.75,81.2699966430664,2423000,0.0,0.0
2025-06-03 00:00:00-04:00,81.07499694824219,81.30000305175781,79.83000183105469,80.9800033569336,2383600,0.0,0.0
2025-06-04 00:00:00-04:00,81.04000091552734,81.44999694824219,80.2750015258789,80.68000030517578,1829800,0.0,0.0
2025-06-05 00:00:00-04:00,81.16000366210938,82.45700073242188,80.84500122070312,81.33000183105469,1716300,0.0,0.0
2025-06-06 00:00:00-04:00,81.19999694824219,81.37999725341797,80.0199966430664,80.3499984741211,2342600,0.0,0.0
2025-06-09 00:00:00-04:00,80.37000274658203,80.86499786376953,79.93000030517578,80.26000213623047,1965900,0.0,0.0
2025-06-10 00:00:00-04:00,80.2300033569336,80.3499984741211,79.2300033569336,79.41000366210938,2011100,0.0,0.0
2025-06-11 00:00:00-04:00,79.30500030517578,79.6500015258789,77.97000122070312,78.16000366210938,2050300,0.0,0.0
2025-06-12 00:00:00-04:00,78.3499984741211,78.5,77.16000366210938,77.41000366210938,1954000,0.0,0.0
2025-06-13 00:00:00-04:00,76.63500213623047,77.30000305175781,76.22000122070312,76.62999725341797,2266900,0.0,0.0
2025-06-16 00:00:00-04:00,77.01000213623047,77.87000274658203,76.61000061035156,77.87000274658203,1667800,0.0,0.0
2025-06-17 00:00:00-04:00,77.5,78.41999816894531,77.5,77.9000015258789,1630300,0.0,0.0
2025-06-18 00:00:00-04:00,78.01000213623047,78.55500030517578,77.12000274658203,77.4800033569336,1806800,0.0,0.0
2025-06-20 00:00:00-04:00,77.77999877929688,78.55000305175781,77.45999908447266,77.98999786376953,3081200,0.0,0.0
2025-06-23 00:00:00-04:00,77.65499877929688,77.76000213623047,76.85800170898438,77.2699966430664,1685700,0.0,0.0
2025-06-24 00:00:00-04:00,77.77999877929688,78.2490005493164,76.41999816894531,76.44999694824219,3634100,0.0,0.0
2025-06-25 00:00:00-04:00,76.44000244140625,76.97000122070312,75.58000183105469,76.62000274658203,2826800,0.0,0.0
2025-06-26 00:00:00-04:00,77.0,77.69000244140625,76.31999969482422,76.95999908447266,3431100,0.0,0.0
2025-06-27 00:00:00-04:00,76.8499984741211,78.43000030517578,76.55999755859375,78.37999725341797,3411600,0.0,0.0
2025-06-30 00:00:00-04:00,78.44999694824219,78.48500061035156,77.25,77.9800033569336,3626300,0.0,0.0
2025-07-01 00:00:00-04:00,77.79000091552734,78.17500305175781,76.87000274658203,77.56999969482422,3051600,0.0,0.0
2025-07-02 00:00:00-04:00,77.0999984741211,77.69999694824219,76.66999816894531,77.58999633789062,2597000,0.0,0.0
2025-07-03 00:00:00-04:00,77.5999984741211,79.82499694824219,77.41000366210938,78.58000183105469,2889400,0.0,0.0
2025-07-07 00:00:00-04:00,78.58000183105469,78.81999969482422,76.83699798583984,77.16999816894531,3406900,0.0,0.0
2025-07-08 00:00:00-04:00,77.58000183105469,78.48999786376953,77.0199966430664,77.41999816894531,3340000,0.0,0.0
2025-07-09 00:00:00-04:00,77.62000274658203,77.63999938964844,76.31500244140625,77.37999725341797,2941200,0.0,0.0
2025-07-10 00:00:00-04:00,77.5,77.58999633789062,74.91999816894531,75.05000305175781,3601000,0.0,0.0
2025-07-11 00:00:00-04:00,74.79000091552734,74.93800354003906,73.05999755859375,73.4000015258789,4074400,0.0,0.0
2025-07-14 00:00:00-04:00,73.79499816894531,75.05999755859375,73.7300033569336,74.83000183105469,3580700,0.0,0.0
2025-07-15 00:00:00-04:00,74.79000091552734,75.0199966430664,74.30999755859375,74.7300033569336,2740400,0.0,0.0
2025-07-16 00:00:00-04:00,75.04000091552734,75.1449966430664,73.88999938964844,74.44000244140625,3259100,0.0,0.0
2025-07-17 00:00:00-04:00,74.4800033569336,75.55999755859375,74.33999633789062,74.5999984741211,5511500,0.0,0.0
2025-07-18 00:00:00-04:00,74.81999969482422,74.87000274658203,74.11000061035156,74.8499984741211,6504100,0.0,0.0
2025-07-21 00:00:00-04:00,74.97000122070312,75.11000061035156,74.06500244140625,74.4800033569336,3671600,0.0,0.0
2025-07-22 00:00:00-04:00,74.61000061035156,75.87000274658203,74.26000213623047,75.20999908447266,5433100,0.0,0.0
2025-07-23 00:00:00-04:00,75.34500122070312,76.05999755859375,74.58000183105469,76.05000305175781,2525200,0.0,0.0
2025-07-24 00:00:00-04:00,76.1500015258789,76.58000183105469,75.33499908447266,75.62999725341797,4180800,0.0,0.0
2025-07-25 00:00:00-04:00,75.81999969482422,75.90499877929688,74.81999969482422,74.81999969482422,1935200,0.0,0.0
2025-07-28 00:00:00-04:00,75.0,75.80000305175781,74.83999633789062,75.38999938964844,1998700,0.0,0.0
2025-07-29 00:00:00-04:00,75.66999816894531,76.19999694824219,74.25,74.51000213623047,1901500,0.0,0.0
2025-07-30 00:00:00-04:00,74.37999725341797,74.72000122070312,73.73999786376953,74.23999786376953,2259700,0.0,0.0
2025-07-31 00:00:00-04:00,74.81999969482422,75.19999694824219,73.94000244140625,74.05000305175781,2836000,0.0,0.0
2025-08-01 00:00:00-04:00,73.44999694824219,73.79000091552734,70.70999908447266,70.97000122070312,3360000,0.0,0.0
2025-08-04 00:00:00-04:00,71.37000274658203,72.20999908447266,71.1500015258789,72.05999755859375,1995100,0.0,0.0
2025-08-05 00:00:00-04:00,72.31999969482422,72.5999984741211,71.68000030517578,71.69999694824219,1880900,0.0,0.0
2025-08-06 00:00:00-04:00,71.98999786376953,73.16999816894531,71.88999938964844,73.16999816894531,2671500,0.0,0.0
2025-08-07 00:00:00-04:00,73.58000183105469,73.66500091552734,70.44000244140625,71.5999984741211,2438900,0.0,0.0
2025-08-08 00:00:00-04:00,71.69000244140625,72.06999969482422,71.20999908447266,71.56999969482422,2388600,0.0,0.0
2025-08-11 00:00:00-04:00,71.53500366210938,72.23999786376953,69.69000244140625,69.7699966430664,2187800,0.0,0.0
2025-08-12 00:00:00-04:00,70.11000061035156,70.30000305175781,69.1500015258789,69.95999908447266,3089600,0.0,0.0
2025-08-13 00:00:00-04:00,70.58999633789062,72.43499755859375,70.2300033569336,72.38999938964844,2274100,0.0,0.0
2025-08-14 00:00:00-04:00,71.86000061035156,72.37000274658203,71.61000061035156,71.86000061035156,1932500,0.0,0.0
2025-08-15 00:00:00-04:00,71.79000091552734,73.36000061035156,71.79000091552734,73.13999938964844,2337800,0.0,0.0
2025-08-18 00:00:00-04:00,73.0199966430664,73.70999908447266,72.72000122070312,73.63999938964844,3065100,0.0,0.0
2025-08-19 00:00:00-04:00,74.0,74.23999786376953,71.9800033569336,72.19000244140625,2845200,0.0,0.0
2025-08-20 00:00:00-04:00,72.19999694824219,72.36000061035156,71.37999725341797,72.16000366210938,4555800,0.0,0.0
2025-08-21 00:00:00-04:00,71.4800033569336,73.5,71.16000366210938,73.16999816894531,7257200,0.0,0.0
2025-08-22 00:00:00-04:00,75.78500366210938,83.01000213623047,75.72000122070312,82.47000122070312,16000000,0.0,0.0
2025-08-25 00:00:00-04:00,82.87000274658203,83.97899627685547,81.04000091552734,81.3499984741211,6320300,0.0,0.0
2025-08-26 00:00:00-04:00,81.30999755859375,81.4000015258789,78.66000366210938,78.80999755859375,4917600,0.0,0.0
2025-08-27 00:00:00-04:00,78.7699966430664,81.16999816894531,78.75,80.95999908447266,3572400,0.0,0.0
2025-08-28 00:00:00-04:00,81.13999938964844,81.61000061035156,80.2300033569336,80.83000183105469,2962300,0.0,0.0
2025-08-29 00:00:00-04:00,81.08000183105469,82.0199966430664,81.01000213623047,81.41999816894531,3181000,0.0,0.0
2025-09-02 00:00:00-04:00,80.24500274658203,81.95999908447266,79.79000091552734,81.93499755859375,2875200,0.0,0.0
2025-09-03 00:00:00-04:00,82.12999725341797,83.9000015258789,81.97000122070312,83.48999786376953,3195400,0.0,0.0
2025-09-04 00:00:00-04:00,83.26000213623047,83.75,81.9530029296875,82.79000091552734,4811300,0.0,0.0
2025-09-05 00:00:00-04:00,83.36000061035156,84.33899688720703,82.66999816894531,83.68000030517578,2864900,0.0,0.0
2025-09-08 00:00:00-04:00,84.0,85.41999816894531,83.75,85.08000183105469,3985500,0.0,0.0
2025-09-09 00:00:00-04:00,85.33000183105469,86.58999633789062,84.91500091552734,85.62000274658203,3014500,0.0,0.0
2025-09-10 00:00:00-04:00,85.18000030517578,86.12999725341797,83.52999877929688,83.7699966430664,3423300,0.0,0.0
2025-09-11 00:00:00-04:00,84.0999984741211,85.12999725341797,82.63600158691406,84.75,2873000,0.0,0.0
2025-09-12 00:00:00-04:00,84.5999984741211,85.0,83.81999969482422,83.9800033569336,1880100,0.0,0.0
2025-09-15 00:00:00-04:00,83.99500274658203,84.81999969482422,83.5199966430664,84.62999725341797,2280600,0.0,0.0
2025-09-16 00:00:00-04:00,84.43000030517578,85.42500305175781,83.96499633789062,85.19999694824219,2280500,0.0,0.0
2025-09-17 00:00:00-04:00,85.43000030517578,86.75,85.22000122070312,86.30000305175781,4074100,0.0,0.0
2025-09-18 00:00:00-04:00,86.94000244140625,87.66999816894531,86.13500213623047,86.83000183105469,3431700,0.0,0.0
2025-09-19 00:00:00-04:00,86.9000015258789,87.16999816894531,84.02999877929688,84.16000366210938,5931600,0.0,0.0
2025-09-22 00:00:00-04:00,83.7699966430664,85.1050033569336,83.44999694824219,83.52999877929688,2763600,0.0,0.0
2025-09-23 00:00:00-04:00,83.66000366210938,84.0199966430664,81.98999786376953,82.58000183105469,2496300,0.0,0.0
2025-09-24 00:00:00-04:00,82.58999633789062,83.44000244140625,82.54000091552734,83.01000213623047,1998300,0.0,0.0
2025-09-25 00:00:00-04:00,82.9800033569336,84.19999694824219,82.32099914550781,83.98999786376953,2406700,0.0,0.0
2025-09-26 00:00:00-04:00,84.0,84.87000274658203,83.48500061035156,84.51000213623047,2343100,0.0,0.0
2025-09-29 00:00:00-04:00,84.7699966430664,85.53500366210938,83.43000030517578,83.5999984741211,2374400,0.0,0.0
2025-09-30 00:00:00-04:00,83.66999816894531,83.98999786376953,82.06999969482422,82.5,3020700,0.0,0.0
2025-10-01 00:00:00-04:00,82.4000015258789,83.27999877929688,80.05999755859375,81.27999877929688,3222100,0.0,0.0
2025-10-02 00:00:00-04:00,81.58999633789062,82.6500015258789,81.05000305175781,82.23999786376953,2159000,0.0,0.0
2025-10-03 00:00:00-04:00,82.0,82.51000213623047,80.9000015258789,80.95999908447266,1800200,0.0,0.0
2025-10-06 00:00:00-04:00,81.08000183105469,81.51000213623047,80.05000305175781,81.02999877929688,3107700,0.0,0.0
2025-10-07 00:00:00-04:00,81.19999694824219,81.33999633789062,78.91000366210938,79.48999786376953,2637600,0.0,0.0
2025-10-08 00:00:00-04:00,80.08999633789062,80.25,79.25,79.8499984741211,2470100,0.0,0.0
2025-10-09 00:00:00-04:00,80.0,83.05000305175781,79.91000366210938,82.69999694824219,3077100,0.0,0.0
2025-10-10 00:00:00-04:00,82.79000091552734,83.0,79.69999694824219,80.27999877929688,3278800,0.0,0.0
2025-10-13 00:00:00-04:00,80.58999633789062,80.79499816894531,79.11000061035156,79.16999816894531,2371400,0.0,0.0
2025-10-14 00:00:00-04:00,78.05999755859375,80.11000061035156,77.76000213623047,79.31999969482422,2089100,0.0,0.0
2025-10-15 00:00:00-04:00,79.77999877929688,80.125,78.36000061035156,79.51000213623047,2347400,0.0,0.0
2025-10-16 00:00:00-04:00,79.9000015258789,80.6449966430664,79.16000366210938,79.83000183105469,1944400,0.0,0.0
2025-10-17 00:00:00-04:00,79.30000305175781,80.41999816894531,79.0,80.01000213623047,2642700,0.0,0.0
2025-10-20 00:00:00-04:00,80.5,82.29000091552734,80.43499755859375,81.91000366210938,2026400,0.0,0.0
2025-10-21 00:00:00-04:00,81.87999725341797,83.95999908447266,81.59200286865234,83.61000061035156,1879900,0.0,0.0
2025-10-22 00:00:00-04:00,83.31999969482422,83.51000213623047,81.86000061035156,82.01000213623047,1615000,0.0,0.0
2025-10-23 00:00:00-04:00,82.0,83.62999725341797,82.0,82.79000091552734,3681700,0.0,0.0
2025-10-24 00:00:00-04:00,83.3550033569336,85.27999877929688,83.26000213623047,84.27999877929688,2950600,0.0,0.0
2025-10-27 00:00:00-04:00,86.62000274658203,86.79499816894531,85.16000366210938,85.16999816894531,2901200,0.0,0.0
2025-10-28 00:00:00-04:00,85.06500244140625,85.98999786376953,84.31999969482422,84.88999938964844,2330000,0.0,0.0
2025-10-29 00:00:00-04:00,84.37000274658203,84.40399932861328,82.87000274658203,83.31999969482422,2000800,0.0,0.0
2025-10-30 00:00:00-04:00,82.77999877929688,85.47000122070312,82.52100372314453,84.33999633789062,2123100,0.0,0.0
2025-10-31 00:00:00-04:00,84.41999816894531,87.41000366210938,84.41999816894531,87.2300033569336,4021500,0.0,0.0
2025-11-03 00:00:00-05:00,87.4000015258789,88.70999908447266,85.2300033569336,86.27999877929688,2993500,0.0,0.0
2025-11-04 00:00:00-05:00,85.0,85.55000305175781,83.17500305175781,83.83000183105469,2195700,0.0,0.0
2025-11-05 00:00:00-05:00,84.0999984741211,84.6500015258789,82.80000305175781,83.56999969482422,2051600,0.0,0.0
2025-11-06 00:00:00-05:00,83.44999694824219,83.99700164794922,81.66999816894531,82.22000122070312,2214700,0.0,0.0
2025-11-07 00:00:00-05:00,81.62999725341797,82.12000274658203,80.81999969482422,81.69000244140625,2277500,0.0,0.0
2025-11-10 00:00:00-05:00,81.9000015258789,83.66500091552734,81.86000061035156,83.16000366210938,2076000,0.0,0.0
2025-11-11 00:00:00-05:00,84.68000030517578,85.74700164794922,84.02999877929688,84.58999633789062,3288800,0.0,0.0
2025-11-12 00:00:00-05:00,84.9000015258789,85.5,84.5,84.69999694824219,2500400,0.0,0.0
2025-11-13 00:00:00-05:00,84.36000061035156,85.36000061035156,83.33000183105469,84.04000091552734,1937100,0.0,0.0
2025-11-14 00:00:00-05:00,82.8499984741211,84.87999725341797,82.5,84.22000122070312,2111200,0.0,0.0
2025-11-17 00:00:00-05:00,83.56999969482422,84.26000213623047,80.95099639892578,81.86000061035156,2224300,0.0,0.0
2025-11-18 00:00:00-05:00,81.62999725341797,82.0,80.4800033569336,81.30999755859375,2354100,0.0,0.0
2025-11-19 00:00:00-05:00,81.12999725341797,81.22000122070312,80.25,80.70999908447266,1722100,0.0,0.0
2025-11-20 00:00:00-05:00,81.75,81.97000122070312,78.1500015258789,78.41999816894531,2916800,0.0,0.0
2025-11-21 00:00:00-05:00,78.25,79.48999786376953,77.41999816894531,78.62999725341797,2954600,0.0,0.0
2025-11-24 00:00:00-05:00,79.0999984741211,80.2699966430664,78.58999633789062,78.5999984741211,10044600,0.0,0.0
2025-11-25 00:00:00-05:00,83.5999984741211,91.04000091552734,81.55999755859375,86.33999633789062,12606400,0.0,0.0
2025-11-26 00:00:00-05:00,86.5,86.86000061035156,84.16000366210938,84.43000030517578,5198500,0.0,0.0
2025-11-28 00:00:00-05:00,84.33000183105469,85.73999786376953,84.11000061035156,84.95999908447266,1517200,0.0,0.0
2025-12-01 00:00:00-05:00,83.9800033569336,86.66999816894531,83.95999908447266,84.94000244140625,3309500,0.0,0.0
2025-12-02 00:00:00-05:00,85.0999984741211,86.9800033569336,84.5,84.55999755859375,3644900,0.0,0.0
2025-12-03 00:00:00-05:00,84.1500015258789,86.16999816894531,83.98999786376953,85.63999938964844,1989300,0.0,0.0
2025-12-04 00:00:00-05:00,85.88500213623047,86.61000061035156,85.26499938964844,86.58000183105469,1728700,0.0,0.0
2025-12-05 00:00:00-05:00,86.68000030517578,88.50499725341797,86.55999755859375,87.6500015258789,2254900,0.0,0.0
2025-12-08 00:00:00-05:00,88.0,89.58000183105469,86.55999755859375,89.08999633789062,2961700,0.0,0.0
2025-12-09 00:00:00-05:00,89.13999938964844,89.23999786376953,87.26000213623047,87.62999725341797,2536900,0.0,0.0
2025-12-10 00:00:00-05:00,87.83999633789062,89.24800109863281,87.69000244140625,88.05000305175781,2408600,0.0,0.0
2025-12-11 00:00:00-05:00,88.04000091552734,90.62000274658203,87.91999816894531,90.23999786376953,2951100,0.0,0.0
2025-12-12 00:00:00-05:00,90.36000061035156,91.42500305175781,88.51000213623047,89.5199966430664,2589000,0.0,0.0
2025-12-15 00:00:00-05:00,89.30000305175781,89.36000061035156,86.29499816894531,86.54000091552734,2896800,0.0,0.0
2025-12-16 00:00:00-05:00,86.30000305175781,88.04499816894531,86.27999877929688,87.91000366210938,2600200,0.0,0.0
2025-12-17 00:00:00-05:00,88.61000061035156,90.6449966430664,88.44000244140625,88.75,2339000,0.0,0.0
2025-12-18 00:00:00-05:00,88.72000122070312,89.9800033569336,88.69999694824219,89.37999725341797,2268400,0.0,0.0
2025-12-19 00:00:00-05:00,89.36000061035156,90.1050033569336,88.8290023803711,89.81999969482422,3242200,0.0,0.0
2025-12-22 00:00:00-05:00,89.80000305175781,90.88500213623047,89.6500015258789,89.98999786376953,2303300,0.0,0.0
2025-12-23 00:00:00-05:00,89.37999725341797,89.97000122070312,86.81999969482422,87.16000366210938,2149300,0.0,0.0
2025-12-24 00:00:00-05:00,86.83000183105469,87.88999938964844,86.58000183105469,87.79000091552734,1036400,0.0,0.0
2025-12-26 00:00:00-05:00,87.44999694824219,88.08999633789062,87.44000244140625,88.04000091552734,1188900,0.0,0.0
2025-12-29 00:00:00-05:00,87.63999938964844,88.38999938964844,86.11000061035156,86.33000183105469,1917000,0.0,0.0
2025-12-30 00:00:00-05:00,85.97000122070312,86.43000030517578,85.77100372314453,86.30000305175781,1732200,0.0,0.0
2025-12-31 00:00:00-05:00,86.0,86.83000183105469,85.92500305175781,86.29000091552734,1651000,0.0,0.0
2026-01-02 00:00:00-05:00,86.27999877929688,86.38999938964844,82.05999755859375,83.31999969482422,2841400,0.0,0.0
2026-01-05 00:00:00-05:00,83.55000305175781,86.77999877929688,83.44999694824219,86.52999877929688,3064900,0.0,0.0
2026-01-06 00:00:00-05:00,86.18000030517578,87.25,85.12999725341797,85.76000213623047,3186100,0.0,0.0
2026-01-07 00:00:00-05:00,86.05999755859375,86.87999725341797,84.27999877929688,86.62999725341797,3074700,0.0,0.0
2026-01-08 00:00:00-05:00,86.22000122070312,86.55999755859375,84.68399810791016,85.6500015258789,2137800,0.0,0.0
2026-01-09 00:00:00-05:00,85.79000091552734,87.12000274658203,84.94999694824219,85.18000030517578,1926400,0.0,0.0
2026-01-12 00:00:00-05:00,87.25,87.91999816894531,85.63999938964844,86.75,2466100,0.0,0.0
2026-01-13 00:00:00-05:00,86.6500015258789,87.0199966430664,82.5,83.19000244140625,3368400,0.0,0.0
2026-01-14 00:00:00-05:00,83.12999725341797,84.63999938964844,82.7249984741211,82.76000213623047,2213500,0.0,0.0
2026-01-15 00:00:00-05:00,82.55999755859375,83.11599731445312,81.44999694824219,81.5199966430664,2354900,0.0,0.0
2026-01-16 00:00:00-05:00,81.66000366210938,82.19499969482422,80.58000183105469,80.95999908447266,2375600,0.0,0.0
2026-01-20 00:00:00-05:00,80.0,81.36000061035156,79.7699966430664,81.31999969482422,2397900,0.0,0.0
2026-01-21 00:00:00-05:00,81.37999725341797,82.16999816894531,80.0,81.18000030517578,2979600,0.0,0.0
2026-01-22 00:00:00-05:00,82.0,84.91999816894531,81.73999786376953,84.6500015258789,3901000,0.0,0.0
2026-01-23 00:00:00-05:00,84.59500122070312,85.94000244140625,84.41000366210938,85.77999877929688,2653000,0.0,0.0
2026-01-26 00:00:00-05:00,86.66000366210938,95.83000183105469,86.40499877929688,95.45999908447266,10339500,0.0,0.0
2026-01-27 00:00:00-05:00,96.75,97.23999786376953,93.19999694824219,94.44000244140625,5687400,0.0,0.0
2026-01-28 00:00:00-05:00,94.94000244140625,97.58000183105469,94.0,96.22000122070312,4482600,0.0,0.0
2026-01-29 00:00:00-05:00,94.5,95.1500015258789,89.7300033569336,92.58000183105469,4077300,0.0,0.0
2026-01-30 00:00:00-05:00,91.66000366210938,94.0,91.17500305175781,92.0999984741211,3434800,0.0,0.0
2026-02-02 00:00:00-05:00,91.69000244140625,94.29000091552734,90.29000091552734,92.86499786376953,4326200,0.0,0.0
2026-02-03 00:00:00-05:00,92.375,93.53199768066406,87.9000015258789,88.7300033569336,4900400,0.0,0.0
2026-02-04 00:00:00-05:00,87.94999694824219,92.07499694824219,87.19200134277344,90.83000183105469,5611900,0.0,0.0
2026-02-05 00:00:00-05:00,93.30000305175781,93.63999938964844,88.7300033569336,89.08000183105469,5538500,0.0,0.0
2026-02-06 00:00:00-05:00,89.86000061035156,92.27999877929688,88.0999984741211,92.19999694824219,3764200,0.0,0.0
2026-02-09 00:00:00-05:00,91.55999755859375,95.5,90.5,95.38999938964844,3782700,0.0,0.0
2026-02-10 00:00:00-05:00,95.56999969482422,96.5199966430664,94.43000030517578,94.98999786376953,3652400,0.0,0.0
2026-02-11 00:00:00-05:00,94.5,95.44999694824219,88.5999984741211,92.1500015258789,4822200,0.0,0.0
2026-02-12 00:00:00-05:00,91.7249984741211,93.60800170898438,89.44000244140625,92.23999786376953,4352200,0.0,0.0
2026-02-13 00:00:00-05:00,92.30000305175781,92.91000366210938,89.89199829101562,92.5999984741211,3159600,0.0,0.0
2026-02-17 00:00:00-05:00,91.73999786376953,93.20999908447266,88.16999816894531,88.6500015258789,2808500,0.0,0.0
2026-02-18 00:00:00-05:00,88.81999969482422,91.54000091552734,88.0199966430664,91.12000274658203,3061600,0.0,0.0
2026-02-19 00:00:00-05:00,91.48999786376953,92.66999816894531,90.5,90.95999908447266,2938100,0.0,0.0
2026-02-20 00:00:00-05:00,90.44000244140625,93.06999969482422,89.62999725341797,90.29000091552734,3061400,0.0,0.0
2026-02-23 00:00:00-05:00,89.49500274658203,89.49500274658203,82.79000091552734,86.05999755859375,6187500,0.0,0.0
2026-02-24 00:00:00-05:00,86.0,90.54000091552734,85.9000015258789,87.51000213623047,4186400,0.0,0.0
2026-02-25 00:00:00-05:00,86.78500366210938,87.2750015258789,84.5,85.43000030517578,6915100,0.0,0.0
2026-02-26 00:00:00-05:00,79.0,80.25,72.93000030517578,75.54000091552734,16824700,0.0,0.0
2026-02-27 00:00:00-05:00,73.9749984741211,75.11499786376953,72.69000244140625,73.94000244140625,7572100,0.0,0.0
2026-03-02 00:00:00-05:00,72.51000213623047,74.23999786376953,71.73999786376953,72.72000122070312,5796900,0.0,0.0
2026-03-03 00:00:00-05:00,70.88999938964844,74.66000366210938,70.69999694824219,73.5,4513700,0.0,0.0
2026-03-04 00:00:00-05:00,73.5,78.44999694824219,73.5,78.0199966430664,7805100,0.0,0.0
2026-03-05 00:00:00-05:00,77.70999908447266,79.37999725341797,77.0,77.33000183105469,5585100,0.0,0.0
2026-03-06 00:00:00-05:00,76.47000122070312,77.77999877929688,75.87999725341797,77.5,4475000,0.0,0.0
2026-03-09 00:00:00-04:00,76.33999633789062,77.62999725341797,75.802001953125,77.05999755859375,3374400,0.0,0.0
2026-03-10 00:00:00-04:00,78.23999786376953,78.23999786376953,74.81999969482422,76.37999725341797,3364100,0.0,0.0
2026-03-11 00:00:00-04:00,76.37999725341797,77.94000244140625,74.9000015258789,76.05000305175781,3512000,0.0,0.0
2026-03-12 00:00:00-04:00,75.80999755859375,77.37999725341797,74.86000061035156,74.94000244140625,2932600,0.0,0.0
2026-03-13 00:00:00-04:00,74.94000244140625,75.66000366210938,73.62999725341797,74.0999984741211,2743000,0.0,0.0
2026-03-16 00:00:00-04:00,74.69999694824219,75.91999816894531,74.33000183105469,74.95999908447266,2988300,0.0,0.0
2026-03-17 00:00:00-04:00,75.20999908447266,77.19999694824219,74.81500244140625,75.98999786376953,2205900,0.0,0.0
2026-03-18 00:00:00-04:00,75.33000183105469,77.16999816894531,75.33000183105469,76.43000030517578,2671300,0.0,0.0
2026-03-19 00:00:00-04:00,75.66999816894531,77.06999969482422,75.3499984741211,76.73999786376953,2839000,0.0,0.0
2026-03-20 00:00:00-04:00,76.54000091552734,77.51499938964844,74.8550033569336,76.61000061035156,5476000,0.0,0.0
2026-03-23 00:00:00-04:00,77.12999725341797,78.63999938964844,76.02999877929688,77.94999694824219,3237500,0.0,0.0
2026-03-24 00:00:00-04:00,77.55000305175781,77.55000305175781,75.44999694824219,75.9800033569336,3780500,0.0,0.0
2026-03-25 00:00:00-04:00,77.0,78.55000305175781,76.02999877929688,78.11000061035156,3781500,0.0,0.0
2026-03-26 00:00:00-04:00,78.25,81.09500122070312,78.16500091552734,79.31999969482422,4250900,0.0,0.0
2026-03-27 00:00:00-04:00,78.50199890136719,79.11499786376953,77.16000366210938,77.70999908447266,3466600,0.0,0.0
2026-03-30 00:00:00-04:00,77.41000366210938,79.19000244140625,77.05999755859375,78.68000030517578,3713100,0.0,0.0
2026-03-31 00:00:00-04:00,79.05000305175781,80.59500122070312,77.98500061035156,80.38999938964844,4145200,0.0,0.0
2026-04-01 00:00:00-04:00,80.9000015258789,81.37000274658203,78.91000366210938,80.69999694824219,2856900,0.0,0.0
2026-04-02 00:00:00-04:00,80.0,82.4000015258789,79.16999816894531,82.36000061035156,2834400,0.0,0.0
2026-04-06 00:00:00-04:00,82.02999877929688,83.0199966430664,81.2300033569336,82.68000030517578,2718800,0.0,0.0
2026-04-07 00:00:00-04:00,82.88999938964844,85.29000091552734,82.83000183105469,84.0199966430664,4057400,0.0,0.0
2026-04-08 00:00:00-04:00,85.80000305175781,86.33999633789062,82.87999725341797,83.2300033569336,4068400,0.0,0.0
2026-04-09 00:00:00-04:00,83.2699966430664,84.4800033569336,81.9000015258789,84.02999877929688,4919400,0.0,0.0
2026-04-10 00:00:00-04:00,84.01000213623047,84.05999755859375,77.01499938964844,79.23999786376953,6056100,0.0,0.0
2026-04-13 00:00:00-04:00,79.86000061035156,82.87999725341797,79.23999786376953,82.80000305175781,4634600,0.0,0.0
2026-04-14 00:00:00-04:00,83.5,84.63999938964844,81.2300033569336,82.4000015258789,3562900,0.0,0.0
2026-04-15 00:00:00-04:00,83.8550033569336,89.45999908447266,83.33000183105469,89.02999877929688,6063800,0.0,0.0
2026-04-16 00:00:00-04:00,90.0,90.5,86.08000183105469,86.68000030517578,5060900,0.0,0.0
2026-04-17 00:00:00-04:00,88.81999969482422,89.0999984741211,87.11000061035156,88.0199966430664,3633900,0.0,0.0
2026-04-20 00:00:00-04:00,89.08000183105469,90.69000244140625,88.11000061035156,90.55999755859375,3529200,0.0,0.0
2026-04-21 00:00:00-04:00,92.75,94.50499725341797,90.69000244140625,90.95999908447266,4838200,0.0,0.0
2026-04-22 00:00:00-04:00,92.69999694824219,93.51000213623047,89.5,91.91999816894531,3490800,0.0,0.0
2026-04-23 00:00:00-04:00,90.23999786376953,90.5999984741211,87.19000244140625,90.01000213623047,3810800,0.0,0.0
2026-04-24 00:00:00-04:00,90.51000213623047,93.20999908447266,89.54499816894531,92.02999877929688,4255200,0.0,0.0
2026-04-27 00:00:00-04:00,91.08000183105469,92.0,89.71299743652344,90.83000183105469,3885200,0.0,0.0
2026-04-28 00:00:00-04:00,91.2699966430664,92.37999725341797,90.2699966430664,91.13999938964844,3053700,0.0,0.0
2026-04-29 00:00:00-04:00,91.68499755859375,96.51000213623047,91.0199966430664,95.76000213623047,6815800,0.0,0.0
2026-04-30 00:00:00-04:00,95.5,97.80000305175781,93.48999786376953,97.1500015258789,7949200,0.0,0.0
2026-05-01 00:00:00-04:00,99.0,104.13999938964844,98.80999755859375,103.44000244140625,5825900,0.0,0.0
2026-05-04 00:00:00-04:00,103.55000305175781,107.91000366210938,103.20999908447266,106.62999725341797,5501900,0.0,0.0
2026-05-05 00:00:00-04:00,107.01499938964844,109.5,105.33000183105469,109.0999984741211,4238500,0.0,0.0
2026-05-06 00:00:00-04:00,106.74400329589844,108.26000213623047,104.61000061035156,105.12999725341797,6186800,0.0,0.0
2026-05-07 00:00:00-04:00,107.6500015258789,108.91999816894531,105.33000183105469,108.36000061035156,4750600,0.0,0.0
2026-05-08 00:00:00-04:00,108.25,109.41000366210938,105.22000122070312,109.20999908447266,3771200,0.0,0.0
2026-05-11 00:00:00-04:00,109.30500030517578,111.55999755859375,105.45999908447266,107.12000274658203,4110300,0.0,0.0
2026-05-12 00:00:00-04:00,106.36000061035156,106.65499877929688,102.22000122070312,102.95999908447266,4890100,0.0,0.0
2026-05-13 00:00:00-04:00,103.4800033569336,103.95999908447266,101.51000213623047,102.43000030517578,3479100,0.0,0.0
2026-05-14 00:00:00-04:00,102.58000183105469,102.9000015258789,97.80999755859375,98.2300033569336,6261200,0.0,0.0
2026-05-15 00:00:00-04:00,98.5999984741211,102.47000122070312,98.5199966430664,100.16000366210938,6579300,0.0,0.0
2026-05-18 00:00:00-04:00,99.5,100.44000244140625,98.27999877929688,98.87000274658203,6000200,0.0,0.0
2026-05-19 00:00:00-04:00,98.20999908447266,100.48999786376953,97.02999877929688,97.38999938964844,5873300,0.0,0.0
2026-05-20 00:00:00-04:00,96.45999908447266,99.58999633789062,95.70999908447266,99.41999816894531,4969400,0.0,0.0
2026-05-21 00:00:00-04:00,99.0,100.06999969482422,95.36000061035156,96.75,9122800,0.0,0.0
2026-05-22 00:00:00-04:00,108.5,113.7300033569336,105.08999633789062,105.63999938964844,9626500,0.0,0.0
2026-05-26 00:00:00-04:00,105.21499633789062,105.21499633789062,99.66000366210938,100.08999633789062,5426500,0.0,0.0
2026-05-27 00:00:00-04:00,99.44000244140625,101.94000244140625,98.75,99.95999908447266,3561400,0.0,0.0
2026-05-28 00:00:00-04:00,100.0,102.88999938964844,98.93499755859375,100.45999908447266,3850700,0.0,0.0
2026-05-29 00:00:00-04:00,101.58000183105469,102.62999725341797,99.37000274658203,101.58999633789062,5503300,0.0,0.0
2026-06-01 00:00:00-04:00,104.0,114.73999786376953,103.36000061035156,111.62000274658203,8697100,0.0,0.0
2026-06-02 00:00:00-04:00,108.29000091552734,113.5250015258789,108.11000061035156,111.87999725341797,4761000,0.0,0.0
2026-06-03 00:00:00-04:00,110.37999725341797,110.73500061035156,105.5999984741211,106.19999694824219,3093400,0.0,0.0
2026-06-04 00:00:00-04:00,105.61000061035156,106.83000183105469,103.29000091552734,105.20999908447266,3608800,0.0,0.0
2026-06-05 00:00:00-04:00,105.66000366210938,105.95999908447266,99.56999969482422,101.62000274658203,3605600,0.0,0.0
2026-06-08 00:00:00-04:00,101.87999725341797,102.80000305175781,100.16500091552734,101.1500015258789,3731100,0.0,0.0
2026-06-09 00:00:00-04:00,101.34500122070312,101.5,93.31999969482422,96.83000183105469,4797700,0.0,0.0
2026-06-10 00:00:00-04:00,95.58999633789062,96.8499984741211,93.7301025390625,93.95999908447266,3164643,0.0,0.0
