Date,Open,High,Low,Close,Volume,Dividends,Stock Splits
2024-11-15 00:00:00-05:00,9.989999771118164,10.0,9.979999542236328,9.989999771118164,2755818,0.0,0.0
2024-11-18 00:00:00-05:00,9.979999542236328,9.994999885559082,9.979999542236328,9.979999542236328,213923,0.0,0.0
2024-11-19 00:00:00-05:00,9.989999771118164,10.0,9.979999542236328,9.979999542236328,175368,0.0,0.0
2024-11-20 00:00:00-05:00,9.989999771118164,10.0,9.979999542236328,9.979999542236328,228923,0.0,0.0
2024-11-21 00:00:00-05:00,9.989999771118164,9.990599632263184,9.989999771118164,9.989999771118164,6445,0.0,0.0
2024-11-22 00:00:00-05:00,9.989999771118164,9.989999771118164,9.989999771118164,9.989999771118164,51801,0.0,0.0
2024-11-25 00:00:00-05:00,9.989999771118164,9.994999885559082,9.989999771118164,9.994999885559082,2733,0.0,0.0
2024-11-26 00:00:00-05:00,9.989999771118164,10.0,9.989999771118164,10.0,4434,0.0,0.0
2024-11-27 00:00:00-05:00,10.0,10.005000114440918,9.989999771118164,10.0,45603,0.0,0.0
2024-11-29 00:00:00-05:00,10.0,10.005000114440918,10.0,10.0,43850,0.0,0.0
2024-12-02 00:00:00-05:00,10.0,10.013500213623047,10.0,10.013500213623047,52559,0.0,0.0
2024-12-03 00:00:00-05:00,10.013500213623047,10.013500213623047,10.013500213623047,10.013500213623047,0,0.0,0.0
2024-12-04 00:00:00-05:00,10.029999732971191,10.029999732971191,10.020000457763672,10.020000457763672,1493,0.0,0.0
2024-12-05 00:00:00-05:00,10.029999732971191,10.029999732971191,10.0,10.020000457763672,4088,0.0,0.0
2024-12-06 00:00:00-05:00,10.010000228881836,10.010000228881836,10.000100135803223,10.000100135803223,20115,0.0,0.0
2024-12-09 00:00:00-05:00,10.010000228881836,10.010000228881836,10.002699851989746,10.002699851989746,4000,0.0,0.0
2024-12-10 00:00:00-05:00,10.002599716186523,10.002599716186523,10.002599716186523,10.002599716186523,2002,0.0,0.0
2024-12-11 00:00:00-05:00,10.010000228881836,10.020000457763672,10.010000228881836,10.020000457763672,5200,0.0,0.0
2024-12-12 00:00:00-05:00,10.020000457763672,10.020000457763672,10.020000457763672,10.020000457763672,0,0.0,0.0
2024-12-13 00:00:00-05:00,10.011199951171875,10.011199951171875,10.011199951171875,10.011199951171875,300,0.0,0.0
2024-12-16 00:00:00-05:00,10.020000457763672,10.029999732971191,10.010000228881836,10.029999732971191,65798,0.0,0.0
2024-12-17 00:00:00-05:00,10.029999732971191,10.029999732971191,10.029999732971191,10.029999732971191,0,0.0,0.0
2024-12-18 00:00:00-05:00,10.020000457763672,10.020000457763672,10.020000457763672,10.020000457763672,245,0.0,0.0
2024-12-19 00:00:00-05:00,10.020000457763672,10.020000457763672,10.020000457763672,10.020000457763672,0,0.0,0.0
2024-12-20 00:00:00-05:00,10.020000457763672,10.020000457763672,10.020000457763672,10.020000457763672,25058,0.0,0.0
2024-12-23 00:00:00-05:00,10.011199951171875,10.024999618530273,10.010000228881836,10.020000457763672,30216,0.0,0.0
2024-12-24 00:00:00-05:00,10.020000457763672,10.020000457763672,10.020000457763672,10.020000457763672,0,0.0,0.0
2024-12-26 00:00:00-05:00,10.029999732971191,10.029999732971191,10.029999732971191,10.029999732971191,5301,0.0,0.0
2024-12-27 00:00:00-05:00,10.029999732971191,10.029999732971191,10.029999732971191,10.029999732971191,0,0.0,0.0
2024-12-30 00:00:00-05:00,10.039999961853027,10.039999961853027,10.039999961853027,10.039999961853027,663,0.0,0.0
2024-12-31 00:00:00-05:00,10.039999961853027,10.039999961853027,10.039999961853027,10.039999961853027,0,0.0,0.0
2025-01-02 00:00:00-05:00,10.039999961853027,10.050000190734863,10.039999961853027,10.039999961853027,145677,0.0,0.0
2025-01-03 00:00:00-05:00,10.039999961853027,10.039999961853027,10.039999961853027,10.039999961853027,33014,0.0,0.0
2025-01-06 00:00:00-05:00,10.050000190734863,10.050000190734863,10.039999961853027,10.039999961853027,22340,0.0,0.0
2025-01-07 00:00:00-05:00,10.039999961853027,10.039999961853027,10.039999961853027,10.039999961853027,4371,0.0,0.0
2025-01-08 00:00:00-05:00,10.049599647521973,10.049599647521973,10.039999961853027,10.039999961853027,150204,0.0,0.0
2025-01-10 00:00:00-05:00,10.039999961853027,10.039999961853027,10.039999961853027,10.039999961853027,0,0.0,0.0
2025-01-13 00:00:00-05:00,10.069999694824219,10.069999694824219,10.052300453186035,10.052300453186035,10763,0.0,0.0
2025-01-14 00:00:00-05:00,10.052300453186035,10.052300453186035,10.052300453186035,10.052300453186035,0,0.0,0.0
2025-01-15 00:00:00-05:00,10.0600004196167,10.0600004196167,10.0600004196167,10.0600004196167,156,0.0,0.0
2025-01-16 00:00:00-05:00,10.0600004196167,10.0600004196167,10.0600004196167,10.0600004196167,0,0.0,0.0
2025-01-17 00:00:00-05:00,10.079999923706055,10.109999656677246,10.074999809265137,10.109999656677246,13292,0.0,0.0
2025-01-21 00:00:00-05:00,10.09000015258789,10.09000015258789,10.083999633789062,10.083999633789062,1190,0.0,0.0
2025-01-22 00:00:00-05:00,10.09000015258789,10.09000015258789,10.09000015258789,10.09000015258789,27605,0.0,0.0
2025-01-23 00:00:00-05:00,10.09000015258789,10.09000015258789,10.09000015258789,10.09000015258789,0,0.0,0.0
2025-01-24 00:00:00-05:00,10.088899612426758,10.088899612426758,10.069999694824219,10.079899787902832,900,0.0,0.0
2025-01-27 00:00:00-05:00,10.074899673461914,10.079899787902832,10.074899673461914,10.078900337219238,500,0.0,0.0
2025-01-28 00:00:00-05:00,10.078900337219238,10.078900337219238,10.078900337219238,10.078900337219238,0,0.0,0.0
2025-01-29 00:00:00-05:00,10.079899787902832,10.089799880981445,10.079899787902832,10.089500427246094,2700,0.0,0.0
2025-01-30 00:00:00-05:00,10.088899612426758,10.10099983215332,10.079899787902832,10.100000381469727,14407,0.0,0.0
2025-01-31 00:00:00-05:00,10.100000381469727,10.100000381469727,10.100000381469727,10.100000381469727,0,0.0,0.0
2025-02-03 00:00:00-05:00,10.109999656677246,10.119999885559082,10.100000381469727,10.109999656677246,20890,0.0,0.0
2025-02-04 00:00:00-05:00,10.119999885559082,10.149999618530273,10.119999885559082,10.126399993896484,4200,0.0,0.0
2025-02-05 00:00:00-05:00,10.130000114440918,10.350000381469727,10.130000114440918,10.149999618530273,4400,0.0,0.0
2025-02-06 00:00:00-05:00,10.170000076293945,10.170000076293945,10.170000076293945,10.170000076293945,57149,0.0,0.0
2025-02-07 00:00:00-05:00,10.170000076293945,10.170000076293945,10.170000076293945,10.170000076293945,0,0.0,0.0
2025-02-10 00:00:00-05:00,10.149999618530273,10.149999618530273,10.149999618530273,10.149999618530273,1012,0.0,0.0
2025-02-11 00:00:00-05:00,10.149999618530273,10.149999618530273,10.149999618530273,10.149999618530273,1158,0.0,0.0
2025-02-12 00:00:00-05:00,10.15369987487793,10.180000305175781,10.15369987487793,10.180000305175781,1099,0.0,0.0
2025-02-13 00:00:00-05:00,10.180000305175781,10.180000305175781,10.180000305175781,10.180000305175781,0,0.0,0.0
2025-02-14 00:00:00-05:00,10.149999618530273,10.149999618530273,10.149999618530273,10.149999618530273,1000,0.0,0.0
2025-02-18 00:00:00-05:00,10.180000305175781,10.180000305175781,10.15999984741211,10.15999984741211,1776,0.0,0.0
2025-02-19 00:00:00-05:00,10.15999984741211,10.15999984741211,10.15999984741211,10.15999984741211,0,0.0,0.0
2025-02-20 00:00:00-05:00,10.15999984741211,10.15999984741211,10.15999984741211,10.15999984741211,0,0.0,0.0
2025-02-21 00:00:00-05:00,10.15999984741211,10.15999984741211,10.15999984741211,10.15999984741211,0,0.0,0.0
2025-02-24 00:00:00-05:00,10.149999618530273,10.180000305175781,10.149999618530273,10.180000305175781,1215,0.0,0.0
2025-02-25 00:00:00-05:00,10.180000305175781,10.180000305175781,10.180000305175781,10.180000305175781,0,0.0,0.0
2025-02-26 00:00:00-05:00,10.180000305175781,10.180000305175781,10.180000305175781,10.180000305175781,0,0.0,0.0
2025-02-27 00:00:00-05:00,10.180000305175781,10.180000305175781,10.180000305175781,10.180000305175781,0,0.0,0.0
2025-02-28 00:00:00-05:00,10.180000305175781,10.180000305175781,10.180000305175781,10.180000305175781,0,0.0,0.0
2025-03-03 00:00:00-05:00,10.180000305175781,10.180000305175781,10.180000305175781,10.180000305175781,0,0.0,0.0
2025-03-04 00:00:00-05:00,10.180000305175781,10.180000305175781,10.180000305175781,10.180000305175781,0,0.0,0.0
2025-03-05 00:00:00-05:00,10.149999618530273,10.164999961853027,10.149999618530273,10.164999961853027,386,0.0,0.0
2025-03-06 00:00:00-05:00,10.170000076293945,10.180000305175781,10.149999618530273,10.15999984741211,6304,0.0,0.0
2025-03-07 00:00:00-05:00,10.15999984741211,10.15999984741211,10.15999984741211,10.15999984741211,0,0.0,0.0
2025-03-10 00:00:00-04:00,10.15999984741211,10.15999984741211,10.15999984741211,10.15999984741211,579,0.0,0.0
2025-03-11 00:00:00-04:00,10.15999984741211,10.15999984741211,10.15999984741211,10.15999984741211,0,0.0,0.0
2025-03-12 00:00:00-04:00,10.170000076293945,10.180000305175781,10.15999984741211,10.180000305175781,76895,0.0,0.0
2025-03-13 00:00:00-04:00,10.1899995803833,10.1899995803833,10.1899995803833,10.1899995803833,197,0.0,0.0
2025-03-14 00:00:00-04:00,10.199999809265137,10.199999809265137,10.199999809265137,10.199999809265137,824,0.0,0.0
2025-03-17 00:00:00-04:00,10.199999809265137,10.199999809265137,10.199999809265137,10.199999809265137,0,0.0,0.0
2025-03-18 00:00:00-04:00,10.199999809265137,10.199999809265137,10.199999809265137,10.199999809265137,0,0.0,0.0
2025-03-19 00:00:00-04:00,10.199999809265137,10.199999809265137,10.199999809265137,10.199999809265137,0,0.0,0.0
2025-03-20 00:00:00-04:00,10.199999809265137,10.199999809265137,10.199999809265137,10.199999809265137,0,0.0,0.0
2025-03-21 00:00:00-04:00,10.199999809265137,10.199999809265137,10.199999809265137,10.199999809265137,0,0.0,0.0
2025-03-24 00:00:00-04:00,10.199999809265137,10.199999809265137,10.199999809265137,10.199999809265137,0,0.0,0.0
2025-03-25 00:00:00-04:00,10.199999809265137,10.199999809265137,10.199999809265137,10.199999809265137,0,0.0,0.0
2025-03-26 00:00:00-04:00,10.199999809265137,10.199999809265137,10.199999809265137,10.199999809265137,0,0.0,0.0
2025-03-27 00:00:00-04:00,10.199999809265137,10.199999809265137,10.199999809265137,10.199999809265137,0,0.0,0.0
2025-03-28 00:00:00-04:00,10.199999809265137,10.199999809265137,10.199999809265137,10.199999809265137,0,0.0,0.0
2025-03-31 00:00:00-04:00,10.180000305175781,10.180000305175781,10.180000305175781,10.180000305175781,2626,0.0,0.0
2025-04-01 00:00:00-04:00,10.210000038146973,10.210000038146973,10.210000038146973,10.210000038146973,1031,0.0,0.0
2025-04-02 00:00:00-04:00,10.1899995803833,10.1899995803833,10.1899995803833,10.1899995803833,1388,0.0,0.0
2025-04-03 00:00:00-04:00,10.1899995803833,10.1899995803833,10.1899995803833,10.1899995803833,0,0.0,0.0
2025-04-04 00:00:00-04:00,10.1899995803833,10.1899995803833,10.1899995803833,10.1899995803833,35100,0.0,0.0
2025-04-07 00:00:00-04:00,10.1899995803833,10.1899995803833,10.1899995803833,10.1899995803833,0,0.0,0.0
2025-04-08 00:00:00-04:00,10.220000267028809,10.725000381469727,10.210000038146973,10.210100173950195,4340,0.0,0.0
2025-04-09 00:00:00-04:00,10.210100173950195,10.210100173950195,10.210100173950195,10.210100173950195,0,0.0,0.0
2025-04-10 00:00:00-04:00,10.220000267028809,10.5,10.220000267028809,10.5,550,0.0,0.0
2025-04-11 00:00:00-04:00,10.5,10.5,10.5,10.5,0,0.0,0.0
2025-04-14 00:00:00-04:00,10.25,10.260000228881836,10.229999542236328,10.25,16433,0.0,0.0
2025-04-15 00:00:00-04:00,10.260000228881836,10.260000228881836,10.239999771118164,10.258899688720703,16170,0.0,0.0
2025-04-16 00:00:00-04:00,10.260000228881836,10.260000228881836,10.239999771118164,10.239999771118164,1238,0.0,0.0
2025-04-17 00:00:00-04:00,10.239999771118164,10.260000228881836,10.229999542236328,10.239999771118164,30715,0.0,0.0
2025-04-21 00:00:00-04:00,10.260000228881836,10.260000228881836,10.260000228881836,10.260000228881836,850,0.0,0.0
2025-04-22 00:00:00-04:00,10.260000228881836,10.260000228881836,10.25,10.260000228881836,522,0.0,0.0
2025-04-23 00:00:00-04:00,10.260000228881836,10.260000228881836,10.260000228881836,10.260000228881836,0,0.0,0.0
2025-04-24 00:00:00-04:00,10.260000228881836,10.260000228881836,10.260000228881836,10.260000228881836,0,0.0,0.0
2025-04-25 00:00:00-04:00,10.270000457763672,10.270000457763672,10.260000228881836,10.260000228881836,682,0.0,0.0
2025-04-28 00:00:00-04:00,10.270000457763672,10.270000457763672,10.270000457763672,10.270000457763672,286,0.0,0.0
2025-04-29 00:00:00-04:00,10.270000457763672,10.270000457763672,10.270000457763672,10.270000457763672,0,0.0,0.0
2025-04-30 00:00:00-04:00,10.25,10.350000381469727,10.25,10.350000381469727,11841,0.0,0.0
2025-05-01 00:00:00-04:00,10.350000381469727,10.350000381469727,10.350000381469727,10.350000381469727,0,0.0,0.0
2025-05-02 00:00:00-04:00,10.350000381469727,10.350000381469727,10.350000381469727,10.350000381469727,0,0.0,0.0
2025-05-05 00:00:00-04:00,10.350000381469727,10.350000381469727,10.350000381469727,10.350000381469727,0,0.0,0.0
2025-05-06 00:00:00-04:00,10.279999732971191,10.312399864196777,10.270000457763672,10.270000457763672,8294,0.0,0.0
2025-05-07 00:00:00-04:00,10.270000457763672,10.270000457763672,10.25,10.260000228881836,2014,0.0,0.0
2025-05-08 00:00:00-04:00,10.350000381469727,10.350000381469727,10.279999732971191,10.279999732971191,1340,0.0,0.0
2025-05-09 00:00:00-04:00,10.289999961853027,10.289999961853027,10.289999961853027,10.289999961853027,116,0.0,0.0
2025-05-12 00:00:00-04:00,10.289999961853027,10.289999961853027,10.289999961853027,10.289999961853027,0,0.0,0.0
2025-05-13 00:00:00-04:00,10.300000190734863,10.344599723815918,10.300000190734863,10.324999809265137,615,0.0,0.0
2025-05-14 00:00:00-04:00,10.34000015258789,10.350000381469727,10.329999923706055,10.329999923706055,700,0.0,0.0
2025-05-15 00:00:00-04:00,10.34000015258789,10.34000015258789,10.34000015258789,10.34000015258789,271,0.0,0.0
2025-05-16 00:00:00-04:00,10.300000190734863,10.300000190734863,10.300000190734863,10.300000190734863,480,0.0,0.0
2025-05-19 00:00:00-04:00,10.300000190734863,10.300000190734863,10.300000190734863,10.300000190734863,0,0.0,0.0
2025-05-20 00:00:00-04:00,10.3100004196167,10.3100004196167,10.3100004196167,10.3100004196167,312,0.0,0.0
2025-05-21 00:00:00-04:00,10.3100004196167,10.3100004196167,10.3100004196167,10.3100004196167,0,0.0,0.0
2025-05-22 00:00:00-04:00,10.3100004196167,10.3100004196167,10.3100004196167,10.3100004196167,0,0.0,0.0
2025-05-23 00:00:00-04:00,10.350000381469727,10.350000381469727,10.350000381469727,10.350000381469727,500,0.0,0.0
2025-05-27 00:00:00-04:00,10.350000381469727,10.350000381469727,10.350000381469727,10.350000381469727,0,0.0,0.0
2025-05-28 00:00:00-04:00,10.350000381469727,10.350000381469727,10.350000381469727,10.350000381469727,0,0.0,0.0
2025-05-29 00:00:00-04:00,10.350000381469727,10.350000381469727,10.350000381469727,10.350000381469727,0,0.0,0.0
2025-05-30 00:00:00-04:00,10.350000381469727,10.350000381469727,10.350000381469727,10.350000381469727,0,0.0,0.0
2025-06-02 00:00:00-04:00,10.350000381469727,10.350000381469727,10.350000381469727,10.350000381469727,0,0.0,0.0
2025-06-03 00:00:00-04:00,10.350000381469727,10.350000381469727,10.350000381469727,10.350000381469727,0,0.0,0.0
2025-06-04 00:00:00-04:00,10.350000381469727,10.350000381469727,10.350000381469727,10.350000381469727,0,0.0,0.0
2025-06-05 00:00:00-04:00,10.350000381469727,10.350000381469727,10.350000381469727,10.350000381469727,0,0.0,0.0
2025-06-06 00:00:00-04:00,10.350000381469727,10.350000381469727,10.350000381469727,10.350000381469727,0,0.0,0.0
2025-06-09 00:00:00-04:00,10.350000381469727,10.350000381469727,10.329999923706055,10.350000381469727,400,0.0,0.0
2025-06-10 00:00:00-04:00,10.350000381469727,10.350000381469727,10.350000381469727,10.350000381469727,0,0.0,0.0
2025-06-11 00:00:00-04:00,10.350000381469727,10.350000381469727,10.350000381469727,10.350000381469727,0,0.0,0.0
2025-06-12 00:00:00-04:00,10.329999923706055,10.329999923706055,10.319999694824219,10.319999694824219,1840,0.0,0.0
2025-06-13 00:00:00-04:00,10.319999694824219,10.319999694824219,10.319999694824219,10.319999694824219,0,0.0,0.0
2025-06-16 00:00:00-04:00,10.319999694824219,10.34000015258789,10.319999694824219,10.34000015258789,469,0.0,0.0
2025-06-17 00:00:00-04:00,10.319999694824219,10.600000381469727,10.319999694824219,10.319999694824219,481,0.0,0.0
2025-06-18 00:00:00-04:00,10.319999694824219,10.319999694824219,10.319999694824219,10.319999694824219,224,0.0,0.0
2025-06-20 00:00:00-04:00,10.319999694824219,10.319999694824219,10.319999694824219,10.319999694824219,579,0.0,0.0
2025-06-23 00:00:00-04:00,10.319999694824219,10.319999694824219,10.319999694824219,10.319999694824219,268,0.0,0.0
2025-06-24 00:00:00-04:00,10.319999694824219,10.319999694824219,10.319999694824219,10.319999694824219,0,0.0,0.0
2025-06-25 00:00:00-04:00,10.319999694824219,10.319999694824219,10.319999694824219,10.319999694824219,0,0.0,0.0
2025-06-26 00:00:00-04:00,10.319999694824219,10.319999694824219,10.319999694824219,10.319999694824219,0,0.0,0.0
2025-06-27 00:00:00-04:00,10.319999694824219,10.319999694824219,10.319999694824219,10.319999694824219,0,0.0,0.0
2025-06-30 00:00:00-04:00,10.319999694824219,10.319999694824219,10.319999694824219,10.319999694824219,0,0.0,0.0
2025-07-01 00:00:00-04:00,10.319999694824219,10.319999694824219,10.319999694824219,10.319999694824219,0,0.0,0.0
2025-07-02 00:00:00-04:00,10.319999694824219,10.319999694824219,10.319999694824219,10.319999694824219,0,0.0,0.0
2025-07-03 00:00:00-04:00,10.319999694824219,10.319999694824219,10.319999694824219,10.319999694824219,0,0.0,0.0
2025-07-07 00:00:00-04:00,10.350000381469727,10.350000381469727,10.350000381469727,10.350000381469727,710,0.0,0.0
2025-07-08 00:00:00-04:00,10.350000381469727,10.350000381469727,10.350000381469727,10.350000381469727,607,0.0,0.0
2025-07-09 00:00:00-04:00,10.350000381469727,10.350000381469727,10.350000381469727,10.350000381469727,0,0.0,0.0
2025-07-10 00:00:00-04:00,10.350000381469727,10.350000381469727,10.350000381469727,10.350000381469727,0,0.0,0.0
2025-07-11 00:00:00-04:00,10.350000381469727,10.350000381469727,10.350000381469727,10.350000381469727,0,0.0,0.0
2025-07-14 00:00:00-04:00,10.350000381469727,10.350000381469727,10.350000381469727,10.350000381469727,0,0.0,0.0
2025-07-15 00:00:00-04:00,10.350000381469727,10.350000381469727,10.350000381469727,10.350000381469727,0,0.0,0.0
2025-07-16 00:00:00-04:00,10.350000381469727,10.350000381469727,10.350000381469727,10.350000381469727,0,0.0,0.0
2025-07-17 00:00:00-04:00,10.350000381469727,10.350000381469727,10.350000381469727,10.350000381469727,0,0.0,0.0
2025-07-18 00:00:00-04:00,10.350000381469727,10.350000381469727,10.350000381469727,10.350000381469727,0,0.0,0.0
2025-07-21 00:00:00-04:00,10.350000381469727,10.350000381469727,10.350000381469727,10.350000381469727,0,0.0,0.0
2025-07-22 00:00:00-04:00,10.350000381469727,10.350000381469727,10.350000381469727,10.350000381469727,0,0.0,0.0
2025-07-23 00:00:00-04:00,10.350000381469727,10.350000381469727,10.350000381469727,10.350000381469727,0,0.0,0.0
2025-07-24 00:00:00-04:00,10.350000381469727,10.350000381469727,10.350000381469727,10.350000381469727,0,0.0,0.0
2025-07-25 00:00:00-04:00,10.34000015258789,10.34000015258789,10.329999923706055,10.329999923706055,500,0.0,0.0
2025-07-28 00:00:00-04:00,10.369999885559082,10.369999885559082,10.369999885559082,10.369999885559082,300,0.0,0.0
2025-07-29 00:00:00-04:00,10.369999885559082,10.369999885559082,10.369999885559082,10.369999885559082,0,0.0,0.0
2025-07-30 00:00:00-04:00,10.369999885559082,10.369999885559082,10.369999885559082,10.369999885559082,0,0.0,0.0
2025-07-31 00:00:00-04:00,10.369999885559082,10.369999885559082,10.369999885559082,10.369999885559082,0,0.0,0.0
2025-08-01 00:00:00-04:00,10.329999923706055,10.34000015258789,10.3100004196167,10.3100004196167,998,0.0,0.0
2025-08-04 00:00:00-04:00,10.3100004196167,10.3100004196167,10.3100004196167,10.3100004196167,0,0.0,0.0
2025-08-05 00:00:00-04:00,10.3100004196167,10.3100004196167,10.3100004196167,10.3100004196167,0,0.0,0.0
2025-08-06 00:00:00-04:00,10.3100004196167,10.3100004196167,10.3100004196167,10.3100004196167,0,0.0,0.0
2025-08-07 00:00:00-04:00,10.380000114440918,10.380000114440918,10.369999885559082,10.369999885559082,219,0.0,0.0
2025-08-08 00:00:00-04:00,10.369999885559082,10.369999885559082,10.369999885559082,10.369999885559082,0,0.0,0.0
2025-08-11 00:00:00-04:00,10.369999885559082,10.369999885559082,10.369999885559082,10.369999885559082,0,0.0,0.0
2025-08-12 00:00:00-04:00,10.435600280761719,10.435600280761719,10.435600280761719,10.435600280761719,343,0.0,0.0
2025-08-13 00:00:00-04:00,10.435600280761719,10.435600280761719,10.435600280761719,10.435600280761719,0,0.0,0.0
2025-08-14 00:00:00-04:00,10.435600280761719,10.435600280761719,10.435600280761719,10.435600280761719,0,0.0,0.0
2025-08-15 00:00:00-04:00,10.435600280761719,10.435600280761719,10.435600280761719,10.435600280761719,0,0.0,0.0
2025-08-18 00:00:00-04:00,10.435600280761719,10.435600280761719,10.435600280761719,10.435600280761719,0,0.0,0.0
2025-08-19 00:00:00-04:00,10.380000114440918,10.380000114440918,10.380000114440918,10.380000114440918,969,0.0,0.0
2025-08-20 00:00:00-04:00,10.435600280761719,10.435600280761719,10.380000114440918,10.380000114440918,6050,0.0,0.0
2025-08-21 00:00:00-04:00,10.380000114440918,10.380000114440918,10.380000114440918,10.380000114440918,0,0.0,0.0
2025-08-22 00:00:00-04:00,10.380000114440918,10.380000114440918,10.380000114440918,10.380000114440918,0,0.0,0.0
2025-08-25 00:00:00-04:00,10.380000114440918,10.380000114440918,10.380000114440918,10.380000114440918,0,0.0,0.0
2025-08-26 00:00:00-04:00,10.380000114440918,10.380000114440918,10.380000114440918,10.380000114440918,0,0.0,0.0
2025-08-27 00:00:00-04:00,10.380000114440918,10.380000114440918,10.380000114440918,10.380000114440918,0,0.0,0.0
2025-08-28 00:00:00-04:00,10.380000114440918,10.380000114440918,10.380000114440918,10.380000114440918,0,0.0,0.0
2025-08-29 00:00:00-04:00,10.380000114440918,10.380000114440918,10.380000114440918,10.380000114440918,0,0.0,0.0
2025-09-02 00:00:00-04:00,10.380000114440918,10.380000114440918,10.380000114440918,10.380000114440918,0,0.0,0.0
2025-09-03 00:00:00-04:00,10.380000114440918,10.380000114440918,10.380000114440918,10.380000114440918,0,0.0,0.0
2025-09-04 00:00:00-04:00,10.380000114440918,10.38010025024414,10.369999885559082,10.370100021362305,1637,0.0,0.0
2025-09-05 00:00:00-04:00,10.370100021362305,10.370100021362305,10.370100021362305,10.370100021362305,0,0.0,0.0
2025-09-08 00:00:00-04:00,10.380000114440918,10.435600280761719,10.369999885559082,10.435600280761719,1918,0.0,0.0
2025-09-09 00:00:00-04:00,10.435600280761719,10.435600280761719,10.435600280761719,10.435600280761719,619,0.0,0.0
2025-09-10 00:00:00-04:00,10.435600280761719,10.435600280761719,10.435600280761719,10.435600280761719,0,0.0,0.0
2025-09-11 00:00:00-04:00,10.434800148010254,10.434800148010254,10.420000076293945,10.430000305175781,3900,0.0,0.0
2025-09-12 00:00:00-04:00,10.430000305175781,10.430000305175781,10.430000305175781,10.430000305175781,0,0.0,0.0
2025-09-15 00:00:00-04:00,10.43239974975586,10.4399995803833,10.380000114440918,10.4399995803833,28251,0.0,0.0
2025-09-16 00:00:00-04:00,10.399999618530273,10.470000267028809,10.399999618530273,10.449999809265137,11000,0.0,0.0
2025-09-17 00:00:00-04:00,10.40999984741211,10.486499786376953,10.40999984741211,10.470000267028809,3946,0.0,0.0
2025-09-18 00:00:00-04:00,10.470000267028809,10.486200332641602,10.399999618530273,10.4399995803833,303420,0.0,0.0
2025-09-19 00:00:00-04:00,10.5,10.5,10.5,10.5,500,0.0,0.0
2025-09-22 00:00:00-04:00,10.75,10.75,10.510000228881836,10.550000190734863,853,0.0,0.0
2025-09-23 00:00:00-04:00,10.550000190734863,10.550000190734863,10.479999542236328,10.479999542236328,766,0.0,0.0
2025-09-24 00:00:00-04:00,10.479999542236328,10.479999542236328,10.479999542236328,10.479999542236328,0,0.0,0.0
2025-09-25 00:00:00-04:00,10.489999771118164,10.489999771118164,10.489999771118164,10.489999771118164,150,0.0,0.0
2025-09-26 00:00:00-04:00,10.489999771118164,10.489999771118164,10.489999771118164,10.489999771118164,0,0.0,0.0
2025-09-29 00:00:00-04:00,10.479999542236328,10.479999542236328,10.479999542236328,10.479999542236328,100,0.0,0.0
2025-09-30 00:00:00-04:00,10.479999542236328,10.479999542236328,10.479999542236328,10.479999542236328,0,0.0,0.0
2025-10-01 00:00:00-04:00,10.479999542236328,10.479999542236328,10.479999542236328,10.479999542236328,0,0.0,0.0
2025-10-02 00:00:00-04:00,10.479999542236328,10.479999542236328,10.479999542236328,10.479999542236328,795,0.0,0.0
2025-10-03 00:00:00-04:00,10.479999542236328,10.479999542236328,10.479999542236328,10.479999542236328,405,0.0,0.0
2025-10-06 00:00:00-04:00,10.479999542236328,10.479999542236328,10.479999542236328,10.479999542236328,114,0.0,0.0
2025-10-07 00:00:00-04:00,10.479999542236328,10.479999542236328,10.479999542236328,10.479999542236328,114,0.0,0.0
2025-10-08 00:00:00-04:00,10.479999542236328,10.479999542236328,10.479999542236328,10.479999542236328,112,0.0,0.0
2025-10-09 00:00:00-04:00,10.479999542236328,10.479999542236328,10.470000267028809,10.470000267028809,260,0.0,0.0
2025-10-10 00:00:00-04:00,10.470000267028809,10.470000267028809,10.470000267028809,10.470000267028809,0,0.0,0.0
2025-10-13 00:00:00-04:00,10.470000267028809,10.470000267028809,10.470000267028809,10.470000267028809,0,0.0,0.0
2025-10-14 00:00:00-04:00,10.550000190734863,10.550000190734863,10.5,10.5,709,0.0,0.0
2025-10-15 00:00:00-04:00,10.5,10.5,10.5,10.5,0,0.0,0.0
2025-10-16 00:00:00-04:00,10.5,10.5,10.5,10.5,0,0.0,0.0
2025-10-17 00:00:00-04:00,10.5,10.5,10.5,10.5,0,0.0,0.0
2025-10-20 00:00:00-04:00,10.5,10.5,10.5,10.5,0,0.0,0.0
2025-10-21 00:00:00-04:00,10.5,10.5,10.5,10.5,590,0.0,0.0
2025-10-22 00:00:00-04:00,10.5,10.5,10.5,10.5,0,0.0,0.0
2025-10-23 00:00:00-04:00,10.479999542236328,10.514800071716309,10.479999542236328,10.514800071716309,1372,0.0,0.0
2025-10-24 00:00:00-04:00,10.514800071716309,10.514800071716309,10.514800071716309,10.514800071716309,0,0.0,0.0
2025-10-27 00:00:00-04:00,10.514800071716309,10.514800071716309,10.514800071716309,10.514800071716309,0,0.0,0.0
2025-10-28 00:00:00-04:00,10.514800071716309,10.514800071716309,10.514800071716309,10.514800071716309,0,0.0,0.0
2025-10-29 00:00:00-04:00,10.514800071716309,10.514800071716309,10.514800071716309,10.514800071716309,0,0.0,0.0
2025-10-30 00:00:00-04:00,10.514800071716309,10.514800071716309,10.514800071716309,10.514800071716309,0,0.0,0.0
2025-10-31 00:00:00-04:00,10.514800071716309,10.514800071716309,10.514800071716309,10.514800071716309,0,0.0,0.0
2025-11-03 00:00:00-05:00,10.514800071716309,10.514800071716309,10.514800071716309,10.514800071716309,0,0.0,0.0
2025-11-04 00:00:00-05:00,10.514800071716309,10.514800071716309,10.514800071716309,10.514800071716309,0,0.0,0.0
2025-11-05 00:00:00-05:00,10.514800071716309,10.514800071716309,10.514800071716309,10.514800071716309,0,0.0,0.0
2025-11-06 00:00:00-05:00,10.514800071716309,10.514800071716309,10.514800071716309,10.514800071716309,0,0.0,0.0
2025-11-07 00:00:00-05:00,10.514800071716309,10.514800071716309,10.514800071716309,10.514800071716309,0,0.0,0.0
2025-11-10 00:00:00-05:00,10.514800071716309,10.514800071716309,10.514800071716309,10.514800071716309,0,0.0,0.0
2025-11-11 00:00:00-05:00,10.550000190734863,10.550000190734863,10.550000190734863,10.550000190734863,5041,0.0,0.0
2025-11-12 00:00:00-05:00,10.59000015258789,10.59000015258789,10.59000015258789,10.59000015258789,116,0.0,0.0
2025-11-13 00:00:00-05:00,10.59000015258789,10.59000015258789,10.59000015258789,10.59000015258789,0,0.0,0.0
2025-11-14 00:00:00-05:00,10.59000015258789,10.59000015258789,10.59000015258789,10.59000015258789,0,0.0,0.0
2025-11-17 00:00:00-05:00,10.59000015258789,10.59000015258789,10.59000015258789,10.59000015258789,0,0.0,0.0
2025-11-18 00:00:00-05:00,10.59000015258789,10.59000015258789,10.59000015258789,10.59000015258789,0,0.0,0.0
2025-11-19 00:00:00-05:00,10.59000015258789,10.59000015258789,10.59000015258789,10.59000015258789,0,0.0,0.0
2025-11-20 00:00:00-05:00,10.600000381469727,10.609999656677246,10.600000381469727,10.609999656677246,1133,0.0,0.0
2025-11-21 00:00:00-05:00,10.609999656677246,10.609999656677246,10.609999656677246,10.609999656677246,0,0.0,0.0
2025-11-24 00:00:00-05:00,10.619999885559082,10.619999885559082,10.609999656677246,10.619999885559082,1219,0.0,0.0
2025-11-25 00:00:00-05:00,10.619999885559082,10.619999885559082,10.619999885559082,10.619999885559082,0,0.0,0.0
2025-11-26 00:00:00-05:00,10.619999885559082,10.619999885559082,10.619999885559082,10.619999885559082,0,0.0,0.0
2025-11-28 00:00:00-05:00,10.649999618530273,10.75,10.649999618530273,10.75,921,0.0,0.0
2025-12-01 00:00:00-05:00,10.75,10.75,10.75,10.75,0,0.0,0.0
2025-12-02 00:00:00-05:00,10.75,10.75,10.75,10.75,0,0.0,0.0
2025-12-03 00:00:00-05:00,10.75,10.75,10.75,10.75,0,0.0,0.0
2025-12-04 00:00:00-05:00,10.75,10.75,10.75,10.75,0,0.0,0.0
2025-12-05 00:00:00-05:00,10.75,10.75,10.75,10.75,0,0.0,0.0
2025-12-08 00:00:00-05:00,10.75,10.75,10.75,10.75,0,0.0,0.0
2025-12-09 00:00:00-05:00,10.75,10.75,10.75,10.75,0,0.0,0.0
2025-12-10 00:00:00-05:00,10.59000015258789,10.640000343322754,10.59000015258789,10.640000343322754,405,0.0,0.0
2025-12-11 00:00:00-05:00,10.640000343322754,10.640000343322754,10.640000343322754,10.640000343322754,0,0.0,0.0
2025-12-12 00:00:00-05:00,10.640000343322754,10.640000343322754,10.640000343322754,10.640000343322754,0,0.0,0.0
2025-12-15 00:00:00-05:00,10.680000305175781,10.680000305175781,10.680000305175781,10.680000305175781,100,0.0,0.0
2025-12-16 00:00:00-05:00,10.65999984741211,10.6899995803833,10.65999984741211,10.6899995803833,313,0.0,0.0
2025-12-17 00:00:00-05:00,10.6899995803833,10.6899995803833,10.6899995803833,10.6899995803833,0,0.0,0.0
2025-12-18 00:00:00-05:00,10.760000228881836,10.760000228881836,10.649999618530273,10.649999618530273,1567,0.0,0.0
2025-12-19 00:00:00-05:00,10.649999618530273,10.649999618530273,10.649999618530273,10.649999618530273,0,0.0,0.0
2025-12-22 00:00:00-05:00,10.649999618530273,10.649999618530273,10.649999618530273,10.649999618530273,0,0.0,0.0
2025-12-23 00:00:00-05:00,10.649999618530273,10.649999618530273,10.649999618530273,10.649999618530273,0,0.0,0.0
2025-12-24 00:00:00-05:00,10.649999618530273,10.649999618530273,10.649999618530273,10.649999618530273,0,0.0,0.0
2025-12-26 00:00:00-05:00,10.649999618530273,10.649999618530273,10.649999618530273,10.649999618530273,0,0.0,0.0
2025-12-29 00:00:00-05:00,10.649999618530273,10.649999618530273,10.649999618530273,10.649999618530273,100,0.0,0.0
2025-12-30 00:00:00-05:00,10.649999618530273,10.649999618530273,10.649999618530273,10.649999618530273,0,0.0,0.0
2025-12-31 00:00:00-05:00,10.649999618530273,10.649999618530273,10.649999618530273,10.649999618530273,0,0.0,0.0
2026-01-02 00:00:00-05:00,10.649999618530273,10.649999618530273,10.649999618530273,10.649999618530273,0,0.0,0.0
2026-01-05 00:00:00-05:00,10.649999618530273,10.649999618530273,10.649999618530273,10.649999618530273,0,0.0,0.0
2026-01-06 00:00:00-05:00,10.649999618530273,10.649999618530273,10.649999618530273,10.649999618530273,0,0.0,0.0
2026-01-07 00:00:00-05:00,10.649999618530273,10.649999618530273,10.649999618530273,10.649999618530273,0,0.0,0.0
2026-01-08 00:00:00-05:00,10.649999618530273,10.649999618530273,10.649999618530273,10.649999618530273,0,0.0,0.0
2026-01-09 00:00:00-05:00,10.649999618530273,10.649999618530273,10.649999618530273,10.649999618530273,0,0.0,0.0
2026-01-12 00:00:00-05:00,10.649999618530273,10.649999618530273,10.649999618530273,10.649999618530273,0,0.0,0.0
2026-01-13 00:00:00-05:00,10.649999618530273,10.649999618530273,10.649999618530273,10.649999618530273,0,0.0,0.0
2026-01-14 00:00:00-05:00,10.649999618530273,10.649999618530273,10.649999618530273,10.649999618530273,0,0.0,0.0
2026-01-15 00:00:00-05:00,10.649999618530273,10.649999618530273,10.649999618530273,10.649999618530273,0,0.0,0.0
2026-01-16 00:00:00-05:00,10.649999618530273,10.649999618530273,10.649999618530273,10.649999618530273,0,0.0,0.0
2026-01-20 00:00:00-05:00,10.649999618530273,10.649999618530273,10.649999618530273,10.649999618530273,0,0.0,0.0
2026-01-21 00:00:00-05:00,10.649999618530273,10.649999618530273,10.649999618530273,10.649999618530273,0,0.0,0.0
2026-01-22 00:00:00-05:00,10.649999618530273,10.649999618530273,10.649999618530273,10.649999618530273,0,0.0,0.0
2026-01-23 00:00:00-05:00,10.649999618530273,10.649999618530273,10.649999618530273,10.649999618530273,0,0.0,0.0
2026-01-26 00:00:00-05:00,10.720000267028809,10.720000267028809,10.710000038146973,10.720000267028809,3175,0.0,0.0
2026-01-27 00:00:00-05:00,10.720000267028809,10.720000267028809,10.720000267028809,10.720000267028809,0,0.0,0.0
2026-01-28 00:00:00-05:00,10.59000015258789,10.59000015258789,10.550000190734863,10.550000190734863,241,0.0,0.0
2026-01-29 00:00:00-05:00,10.890000343322754,10.890000343322754,10.890000343322754,10.890000343322754,251,0.0,0.0
2026-01-30 00:00:00-05:00,10.899999618530273,10.899999618530273,10.010000228881836,10.210000038146973,2948,0.0,0.0
2026-02-02 00:00:00-05:00,10.210000038146973,10.210000038146973,10.210000038146973,10.210000038146973,0,0.0,0.0
2026-02-03 00:00:00-05:00,10.210000038146973,10.210000038146973,10.210000038146973,10.210000038146973,0,0.0,0.0
2026-02-04 00:00:00-05:00,10.210000038146973,10.210000038146973,10.210000038146973,10.210000038146973,0,0.0,0.0
2026-02-05 00:00:00-05:00,10.210000038146973,10.210000038146973,10.210000038146973,10.210000038146973,0,0.0,0.0
2026-02-06 00:00:00-05:00,10.210000038146973,10.210000038146973,10.210000038146973,10.210000038146973,0,0.0,0.0
2026-02-09 00:00:00-05:00,10.5,10.600000381469727,9.710000038146973,9.710000038146973,4392,0.0,0.0
2026-02-10 00:00:00-05:00,9.930000305175781,10.050000190734863,9.5,9.8100004196167,2499,0.0,0.0
2026-02-11 00:00:00-05:00,9.8100004196167,9.8100004196167,9.8100004196167,9.8100004196167,0,0.0,0.0
2026-02-12 00:00:00-05:00,9.8100004196167,9.8100004196167,9.8100004196167,9.8100004196167,0,0.0,0.0
2026-02-13 00:00:00-05:00,9.8100004196167,9.8100004196167,9.8100004196167,9.8100004196167,0,0.0,0.0
2026-02-17 00:00:00-05:00,9.8100004196167,9.8100004196167,9.8100004196167,9.8100004196167,0,0.0,0.0
2026-02-18 00:00:00-05:00,9.8100004196167,9.8100004196167,9.8100004196167,9.8100004196167,0,0.0,0.0
2026-02-19 00:00:00-05:00,9.8100004196167,9.8100004196167,9.8100004196167,9.8100004196167,0,0.0,0.0
2026-02-20 00:00:00-05:00,9.8100004196167,9.8100004196167,9.8100004196167,9.8100004196167,0,0.0,0.0
2026-02-23 00:00:00-05:00,9.8100004196167,9.8100004196167,9.8100004196167,9.8100004196167,0,0.0,0.0
2026-02-24 00:00:00-05:00,12.34000015258789,13.0,12.34000015258789,12.510000228881836,1894,0.0,0.0
2026-02-25 00:00:00-05:00,12.510000228881836,12.510000228881836,12.510000228881836,12.510000228881836,0,0.0,0.0
2026-02-26 00:00:00-05:00,13.5,13.5,13.420000076293945,13.420000076293945,1751,0.0,0.0
2026-02-27 00:00:00-05:00,13.420000076293945,13.420000076293945,13.420000076293945,13.420000076293945,0,0.0,0.0
2026-03-02 00:00:00-05:00,13.420000076293945,13.420000076293945,13.420000076293945,13.420000076293945,0,0.0,0.0
2026-03-03 00:00:00-05:00,13.420000076293945,13.420000076293945,13.420000076293945,13.420000076293945,0,0.0,0.0
2026-03-04 00:00:00-05:00,11.609999656677246,11.609999656677246,11.609999656677246,11.609999656677246,1229,0.0,0.0
2026-03-05 00:00:00-05:00,11.609999656677246,11.609999656677246,11.609999656677246,11.609999656677246,0,0.0,0.0
2026-03-06 00:00:00-05:00,11.609999656677246,11.609999656677246,11.609999656677246,11.609999656677246,0,0.0,0.0
2026-03-09 00:00:00-04:00,8.010000228881836,8.010000228881836,7.239999771118164,7.239999771118164,252,0.0,0.0
2026-03-10 00:00:00-04:00,7.239999771118164,7.239999771118164,7.239999771118164,7.239999771118164,0,0.0,0.0
2026-03-11 00:00:00-04:00,7.239999771118164,7.239999771118164,7.239999771118164,7.239999771118164,0,0.0,0.0
2026-03-12 00:00:00-04:00,7.239999771118164,7.239999771118164,7.239999771118164,7.239999771118164,0,0.0,0.0
2026-03-13 00:00:00-04:00,7.239999771118164,7.239999771118164,7.239999771118164,7.239999771118164,0,0.0,0.0
2026-03-16 00:00:00-04:00,7.239999771118164,7.239999771118164,7.239999771118164,7.239999771118164,0,0.0,0.0
2026-03-17 00:00:00-04:00,7.239999771118164,7.239999771118164,7.239999771118164,7.239999771118164,0,0.0,0.0
2026-03-18 00:00:00-04:00,7.239999771118164,7.239999771118164,7.239999771118164,7.239999771118164,0,0.0,0.0
2026-03-19 00:00:00-04:00,7.239999771118164,7.239999771118164,7.239999771118164,7.239999771118164,0,0.0,0.0
2026-03-20 00:00:00-04:00,7.239999771118164,7.239999771118164,7.239999771118164,7.239999771118164,0,0.0,0.0
2026-03-23 00:00:00-04:00,7.239999771118164,7.239999771118164,7.239999771118164,7.239999771118164,0,0.0,0.0
2026-03-24 00:00:00-04:00,7.239999771118164,7.239999771118164,7.239999771118164,7.239999771118164,0,0.0,0.0
2026-03-25 00:00:00-04:00,10.399999618530273,10.399999618530273,10.399999618530273,10.399999618530273,511,0.0,0.0
2026-03-26 00:00:00-04:00,10.399999618530273,10.399999618530273,10.399999618530273,10.399999618530273,0,0.0,0.0
2026-03-27 00:00:00-04:00,10.399999618530273,10.399999618530273,10.399999618530273,10.399999618530273,0,0.0,0.0
2026-03-30 00:00:00-04:00,10.069999694824219,10.069999694824219,10.069999694824219,10.069999694824219,300,0.0,0.0
2026-03-31 00:00:00-04:00,10.069999694824219,10.069999694824219,10.069999694824219,10.069999694824219,0,0.0,0.0
2026-04-01 00:00:00-04:00,10.069999694824219,10.069999694824219,10.069999694824219,10.069999694824219,0,0.0,0.0
2026-04-02 00:00:00-04:00,10.069999694824219,10.069999694824219,10.069999694824219,10.069999694824219,0,0.0,0.0
2026-04-06 00:00:00-04:00,10.069999694824219,10.069999694824219,10.069999694824219,10.069999694824219,0,0.0,0.0
2026-04-07 00:00:00-04:00,10.069999694824219,10.069999694824219,10.069999694824219,10.069999694824219,0,0.0,0.0
2026-04-08 00:00:00-04:00,10.069999694824219,10.069999694824219,10.069999694824219,10.069999694824219,0,0.0,0.0
2026-04-09 00:00:00-04:00,10.069999694824219,10.069999694824219,10.069999694824219,10.069999694824219,0,0.0,0.0
2026-04-10 00:00:00-04:00,10.069999694824219,10.069999694824219,10.069999694824219,10.069999694824219,0,0.0,0.0
2026-04-13 00:00:00-04:00,8.470000267028809,8.470000267028809,8.470000267028809,8.470000267028809,310,0.0,0.0
2026-04-14 00:00:00-04:00,8.470000267028809,8.470000267028809,8.470000267028809,8.470000267028809,0,0.0,0.0
2026-04-15 00:00:00-04:00,8.470000267028809,8.470000267028809,8.470000267028809,8.470000267028809,0,0.0,0.0
2026-04-16 00:00:00-04:00,8.470000267028809,8.470000267028809,8.470000267028809,8.470000267028809,0,0.0,0.0
2026-04-17 00:00:00-04:00,8.470000267028809,8.470000267028809,8.470000267028809,8.470000267028809,0,0.0,0.0
2026-04-20 00:00:00-04:00,8.470000267028809,8.470000267028809,8.470000267028809,8.470000267028809,0,0.0,0.0
2026-04-21 00:00:00-04:00,8.470000267028809,8.470000267028809,8.470000267028809,8.470000267028809,0,0.0,0.0
2026-04-22 00:00:00-04:00,8.470000267028809,8.470000267028809,8.470000267028809,8.470000267028809,0,0.0,0.0
2026-04-23 00:00:00-04:00,8.470000267028809,8.470000267028809,8.470000267028809,8.470000267028809,0,0.0,0.0
2026-04-24 00:00:00-04:00,8.470000267028809,8.470000267028809,8.470000267028809,8.470000267028809,0,0.0,0.0
2026-04-27 00:00:00-04:00,8.470000267028809,8.470000267028809,8.470000267028809,8.470000267028809,0,0.0,0.0
2026-04-28 00:00:00-04:00,8.470000267028809,8.470000267028809,8.470000267028809,8.470000267028809,0,0.0,0.0
2026-04-29 00:00:00-04:00,9.75,10.039999961853027,9.199999809265137,9.199999809265137,922,0.0,0.0
2026-04-30 00:00:00-04:00,10.0,12.029999732971191,9.600000381469727,10.0,14419,0.0,0.0
2026-05-01 00:00:00-04:00,10.949999809265137,10.949999809265137,8.720000267028809,8.859999656677246,5701,0.0,0.0
2026-05-04 00:00:00-04:00,9.5,9.850000381469727,9.020000457763672,9.020000457763672,1539,0.0,0.0
2026-05-05 00:00:00-04:00,9.020000457763672,9.020000457763672,9.020000457763672,9.020000457763672,0,0.0,0.0
2026-05-06 00:00:00-04:00,9.020000457763672,9.020000457763672,9.020000457763672,9.020000457763672,0,0.0,0.0
2026-05-07 00:00:00-04:00,9.020000457763672,9.020000457763672,9.020000457763672,9.020000457763672,0,0.0,0.0
2026-05-08 00:00:00-04:00,9.020000457763672,9.020000457763672,9.020000457763672,9.020000457763672,0,0.0,0.0
2026-05-11 00:00:00-04:00,9.100000381469727,10.0,8.949999809265137,10.0,1874,0.0,0.0
