Date,Open,High,Low,Close,Volume,Dividends,Stock Splits
2022-01-03 00:00:00-05:00,9.930000305175781,10.024999618530273,9.899999618530273,10.0,83500,0.0,0.0
2022-01-04 00:00:00-05:00,10.050000190734863,10.050000190734863,9.9399995803833,10.029999732971191,141600,0.0,0.0
2022-01-05 00:00:00-05:00,9.920000076293945,10.050000190734863,9.920000076293945,10.050000190734863,31900,0.0,0.0
2022-01-06 00:00:00-05:00,10.0,10.050000190734863,9.90999984741211,10.020000457763672,17500,0.0,0.0
2022-01-07 00:00:00-05:00,9.920000076293945,10.020000457763672,9.920000076293945,10.020000457763672,56600,0.0,0.0
2022-01-10 00:00:00-05:00,9.90999984741211,9.989999771118164,9.895000457763672,9.979999542236328,240500,0.0,0.0
2022-01-11 00:00:00-05:00,10.0,10.020000457763672,9.930000305175781,10.020000457763672,46500,0.0,0.0
2022-01-12 00:00:00-05:00,10.020000457763672,10.039999961853027,9.979999542236328,10.010000228881836,222600,0.0,0.0
2022-01-13 00:00:00-05:00,10.010000228881836,10.029999732971191,9.989999771118164,10.010000228881836,11100,0.0,0.0
2022-01-14 00:00:00-05:00,10.010000228881836,10.010000228881836,9.989999771118164,10.010000228881836,2300,0.0,0.0
2022-01-18 00:00:00-05:00,10.0,10.0,9.920000076293945,9.920000076293945,1000,0.0,0.0
2022-01-19 00:00:00-05:00,9.90999984741211,9.930000305175781,9.899999618530273,9.899999618530273,24900,0.0,0.0
2022-01-20 00:00:00-05:00,9.899999618530273,9.989999771118164,9.899999618530273,9.989999771118164,1900,0.0,0.0
2022-01-21 00:00:00-05:00,9.84000015258789,9.9399995803833,9.829999923706055,9.835000038146973,165100,0.0,0.0
2022-01-24 00:00:00-05:00,9.859999656677246,9.885000228881836,9.710000038146973,9.819999694824219,205700,0.0,0.0
2022-01-25 00:00:00-05:00,10.010000228881836,10.010000228881836,9.800000190734863,9.829999923706055,285200,0.0,0.0
2022-01-26 00:00:00-05:00,9.819999694824219,9.90999984741211,9.819999694824219,9.819999694824219,394500,0.0,0.0
2022-01-27 00:00:00-05:00,9.857000350952148,9.880000114440918,9.84000015258789,9.864999771118164,54800,0.0,0.0
2022-01-28 00:00:00-05:00,9.899999618530273,9.899999618530273,9.850000381469727,9.869999885559082,12500,0.0,0.0
2022-01-31 00:00:00-05:00,9.850000381469727,9.930000305175781,9.850000381469727,9.930000305175781,15100,0.0,0.0
2022-02-01 00:00:00-05:00,9.850000381469727,9.850000381469727,9.850000381469727,9.850000381469727,400,0.0,0.0
2022-02-02 00:00:00-05:00,9.880000114440918,9.880000114440918,9.880000114440918,9.880000114440918,100,0.0,0.0
2022-02-03 00:00:00-05:00,9.890000343322754,9.920000076293945,9.890000343322754,9.920000076293945,200,0.0,0.0
2022-02-04 00:00:00-05:00,9.949999809265137,9.949999809265137,9.949999809265137,9.949999809265137,200,0.0,0.0
2022-02-07 00:00:00-05:00,10.010000228881836,10.010000228881836,9.930000305175781,9.930000305175781,1500,0.0,0.0
2022-02-08 00:00:00-05:00,9.949999809265137,9.949999809265137,9.899999618530273,9.899999618530273,4100,0.0,0.0
2022-02-09 00:00:00-05:00,9.899999618530273,9.899999618530273,9.899999618530273,9.899999618530273,0,0.0,0.0
2022-02-10 00:00:00-05:00,9.90999984741211,10.00100040435791,9.90999984741211,10.00100040435791,2100,0.0,0.0
2022-02-11 00:00:00-05:00,10.00100040435791,10.00100040435791,10.00100040435791,10.00100040435791,0,0.0,0.0
2022-02-14 00:00:00-05:00,9.899999618530273,9.899999618530273,9.850000381469727,9.876999855041504,52300,0.0,0.0
2022-02-15 00:00:00-05:00,9.899999618530273,9.930000305175781,9.869999885559082,9.869999885559082,42900,0.0,0.0
2022-02-16 00:00:00-05:00,9.880000114440918,9.9350004196167,9.850000381469727,9.859999656677246,27600,0.0,0.0
2022-02-17 00:00:00-05:00,9.859999656677246,9.880000114440918,9.859999656677246,9.880000114440918,1400,0.0,0.0
2022-02-18 00:00:00-05:00,9.880000114440918,9.880000114440918,9.880000114440918,9.880000114440918,0,0.0,0.0
2022-02-22 00:00:00-05:00,9.869999885559082,9.880000114440918,9.859999656677246,9.859999656677246,15600,0.0,0.0
2022-02-23 00:00:00-05:00,9.859999656677246,9.869999885559082,9.850000381469727,9.859999656677246,32400,0.0,0.0
2022-02-24 00:00:00-05:00,9.850000381469727,9.859999656677246,9.850000381469727,9.859999656677246,6700,0.0,0.0
2022-02-25 00:00:00-05:00,9.880000114440918,9.880000114440918,9.880000114440918,9.880000114440918,400,0.0,0.0
2022-02-28 00:00:00-05:00,9.880000114440918,9.880000114440918,9.880000114440918,9.880000114440918,13800,0.0,0.0
2022-03-01 00:00:00-05:00,9.869999885559082,9.880000114440918,9.869999885559082,9.880000114440918,3500,0.0,0.0
2022-03-02 00:00:00-05:00,9.850000381469727,9.880000114440918,9.850000381469727,9.880000114440918,18200,0.0,0.0
2022-03-03 00:00:00-05:00,9.869999885559082,9.880000114440918,9.869999885559082,9.880000114440918,16500,0.0,0.0
2022-03-04 00:00:00-05:00,9.880000114440918,9.880000114440918,9.880000114440918,9.880000114440918,0,0.0,0.0
2022-03-07 00:00:00-05:00,9.880000114440918,9.880000114440918,9.875,9.880000114440918,4400,0.0,0.0
2022-03-08 00:00:00-05:00,9.869999885559082,9.890000343322754,9.670000076293945,9.890000343322754,40100,0.0,0.0
2022-03-09 00:00:00-05:00,9.899999618530273,9.899999618530273,9.890000343322754,9.890000343322754,31700,0.0,0.0
2022-03-10 00:00:00-05:00,9.890000343322754,9.892000198364258,9.890000343322754,9.890000343322754,14000,0.0,0.0
2022-03-11 00:00:00-05:00,9.890000343322754,9.890000343322754,9.890000343322754,9.890000343322754,1000,0.0,0.0
2022-03-14 00:00:00-04:00,9.899999618530273,9.899999618530273,9.859999656677246,9.890000343322754,68900,0.0,0.0
2022-03-15 00:00:00-04:00,9.890000343322754,9.899999618530273,9.84000015258789,9.880000114440918,100100,0.0,0.0
2022-03-16 00:00:00-04:00,9.899999618530273,10.319999694824219,9.84000015258789,9.875,3200,0.0,0.0
2022-03-17 00:00:00-04:00,9.890000343322754,9.90999984741211,9.890000343322754,9.90999984741211,5600,0.0,0.0
2022-03-18 00:00:00-04:00,10.369999885559082,10.369999885559082,9.869999885559082,9.880000114440918,89000,0.0,0.0
2022-03-21 00:00:00-04:00,10.300000190734863,10.859999656677246,9.875,9.920000076293945,27600,0.0,0.0
2022-03-22 00:00:00-04:00,10.170000076293945,10.170000076293945,9.899999618530273,9.899999618530273,2800,0.0,0.0
2022-03-23 00:00:00-04:00,9.90999984741211,9.918999671936035,9.90999984741211,9.914999961853027,10500,0.0,0.0
2022-03-24 00:00:00-04:00,9.90999984741211,9.930000305175781,9.90999984741211,9.90999984741211,6700,0.0,0.0
2022-03-25 00:00:00-04:00,9.920000076293945,9.920000076293945,9.90999984741211,9.914999961853027,6700,0.0,0.0
2022-03-28 00:00:00-04:00,9.90999984741211,9.920000076293945,9.90999984741211,9.920000076293945,6900,0.0,0.0
2022-03-29 00:00:00-04:00,9.916000366210938,9.920000076293945,9.90999984741211,9.920000076293945,7300,0.0,0.0
2022-03-30 00:00:00-04:00,9.918999671936035,9.918999671936035,9.90999984741211,9.90999984741211,7600,0.0,0.0
2022-03-31 00:00:00-04:00,9.90999984741211,9.920000076293945,9.90999984741211,9.90999984741211,110400,0.0,0.0
2022-04-01 00:00:00-04:00,9.90999984741211,9.90999984741211,9.890000343322754,9.895000457763672,33700,0.0,0.0
2022-04-04 00:00:00-04:00,9.920000076293945,9.920000076293945,9.890000343322754,9.920000076293945,84600,0.0,0.0
2022-04-05 00:00:00-04:00,9.920000076293945,9.920000076293945,9.899999618530273,9.899999618530273,429500,0.0,0.0
2022-04-06 00:00:00-04:00,9.90999984741211,9.90999984741211,9.890000343322754,9.90999984741211,11100,0.0,0.0
2022-04-07 00:00:00-04:00,9.90999984741211,9.90999984741211,9.90999984741211,9.90999984741211,200,0.0,0.0
2022-04-08 00:00:00-04:00,9.899999618530273,9.930000305175781,9.890000343322754,9.899999618530273,30400,0.0,0.0
2022-04-11 00:00:00-04:00,10.890000343322754,10.890000343322754,9.890000343322754,9.899999618530273,9300,0.0,0.0
2022-04-12 00:00:00-04:00,9.920000076293945,9.920000076293945,9.920000076293945,9.920000076293945,200,0.0,0.0
2022-04-13 00:00:00-04:00,9.920000076293945,9.920000076293945,9.920000076293945,9.920000076293945,0,0.0,0.0
2022-04-14 00:00:00-04:00,9.920000076293945,9.920000076293945,9.920000076293945,9.920000076293945,0,0.0,0.0
2022-04-18 00:00:00-04:00,9.920000076293945,9.920000076293945,9.920000076293945,9.920000076293945,0,0.0,0.0
2022-04-19 00:00:00-04:00,9.906999588012695,9.90999984741211,9.899999618530273,9.899999618530273,36700,0.0,0.0
2022-04-20 00:00:00-04:00,10.449999809265137,10.449999809265137,9.899999618530273,9.899999618530273,76100,0.0,0.0
2022-04-21 00:00:00-04:00,9.899999618530273,9.90999984741211,9.899999618530273,9.899999618530273,155500,0.0,0.0
2022-04-22 00:00:00-04:00,9.9399995803833,9.9399995803833,9.899999618530273,9.899999618530273,24800,0.0,0.0
2022-04-25 00:00:00-04:00,9.899999618530273,9.899999618530273,9.899999618530273,9.899999618530273,0,0.0,0.0
2022-04-26 00:00:00-04:00,9.899999618530273,9.899999618530273,9.899999618530273,9.899999618530273,0,0.0,0.0
2022-04-27 00:00:00-04:00,9.899999618530273,9.930000305175781,9.899999618530273,9.899999618530273,28000,0.0,0.0
2022-04-28 00:00:00-04:00,9.899999618530273,9.899999618530273,9.899999618530273,9.899999618530273,18200,0.0,0.0
2022-04-29 00:00:00-04:00,9.899999618530273,9.920000076293945,9.899999618530273,9.899999618530273,8500,0.0,0.0
2022-05-02 00:00:00-04:00,9.899999618530273,9.914999961853027,9.899999618530273,9.906000137329102,46200,0.0,0.0
2022-05-03 00:00:00-04:00,9.944000244140625,9.944000244140625,9.944000244140625,9.944000244140625,200,0.0,0.0
2022-05-04 00:00:00-04:00,9.90999984741211,9.930000305175781,9.899999618530273,9.90999984741211,44200,0.0,0.0
2022-05-05 00:00:00-04:00,9.90999984741211,9.90999984741211,9.90999984741211,9.90999984741211,200,0.0,0.0
2022-05-06 00:00:00-04:00,9.916999816894531,9.949999809265137,9.916999816894531,9.949999809265137,5200,0.0,0.0
2022-05-09 00:00:00-04:00,9.90999984741211,9.90999984741211,9.90999984741211,9.90999984741211,2400,0.0,0.0
2022-05-10 00:00:00-04:00,9.930000305175781,9.930000305175781,9.90999984741211,9.90999984741211,1000,0.0,0.0
2022-05-11 00:00:00-04:00,9.90999984741211,9.90999984741211,9.899999618530273,9.899999618530273,181500,0.0,0.0
2022-05-12 00:00:00-04:00,9.899999618530273,9.949999809265137,9.890000343322754,9.895000457763672,47700,0.0,0.0
2022-05-13 00:00:00-04:00,9.930000305175781,9.930000305175781,9.890000343322754,9.90999984741211,10000,0.0,0.0
2022-05-16 00:00:00-04:00,9.90999984741211,9.930000305175781,9.880000114440918,9.890000343322754,239900,0.0,0.0
2022-05-17 00:00:00-04:00,9.90999984741211,9.90999984741211,9.850000381469727,9.869999885559082,5400,0.0,0.0
2022-05-18 00:00:00-04:00,9.850000381469727,9.890000343322754,9.850000381469727,9.890000343322754,117500,0.0,0.0
2022-05-19 00:00:00-04:00,9.869999885559082,9.869999885559082,9.869999885559082,9.869999885559082,300,0.0,0.0
2022-05-20 00:00:00-04:00,9.854999542236328,9.890000343322754,9.779999732971191,9.880000114440918,18700,0.0,0.0
2022-05-23 00:00:00-04:00,9.899999618530273,9.9399995803833,9.880000114440918,9.880000114440918,2900,0.0,0.0
2022-05-24 00:00:00-04:00,9.859999656677246,9.890000343322754,9.789999961853027,9.8100004196167,1318600,0.0,0.0
2022-05-25 00:00:00-04:00,9.850000381469727,9.850000381469727,9.800000190734863,9.84000015258789,947600,0.0,0.0
2022-05-26 00:00:00-04:00,9.850000381469727,9.869999885559082,9.800000190734863,9.819999694824219,3186400,0.0,0.0
2022-05-27 00:00:00-04:00,9.819999694824219,9.859999656677246,9.819000244140625,9.84000015258789,57600,0.0,0.0
2022-05-31 00:00:00-04:00,9.890000343322754,9.890000343322754,9.84000015258789,9.84000015258789,8000,0.0,0.0
2022-06-01 00:00:00-04:00,9.845000267028809,9.859999656677246,9.819999694824219,9.819999694824219,1402400,0.0,0.0
2022-06-02 00:00:00-04:00,9.84000015258789,9.850000381469727,9.819999694824219,9.819999694824219,312600,0.0,0.0
2022-06-03 00:00:00-04:00,9.84000015258789,9.850000381469727,9.829999923706055,9.84000015258789,89000,0.0,0.0
2022-06-06 00:00:00-04:00,9.850000381469727,9.880000114440918,9.850000381469727,9.880000114440918,43200,0.0,0.0
2022-06-07 00:00:00-04:00,9.84000015258789,9.899999618530273,9.84000015258789,9.869999885559082,2594300,0.0,0.0
2022-06-08 00:00:00-04:00,9.869999885559082,9.869999885559082,9.84000015258789,9.84000015258789,84000,0.0,0.0
2022-06-09 00:00:00-04:00,9.84000015258789,9.84000015258789,9.84000015258789,9.84000015258789,400,0.0,0.0
2022-06-10 00:00:00-04:00,9.869999885559082,9.869999885559082,9.850000381469727,9.850000381469727,300,0.0,0.0
2022-06-13 00:00:00-04:00,9.84000015258789,9.850000381469727,9.829999923706055,9.850000381469727,136100,0.0,0.0
2022-06-14 00:00:00-04:00,9.84000015258789,9.84000015258789,9.829999923706055,9.829999923706055,215500,0.0,0.0
2022-06-15 00:00:00-04:00,9.84000015258789,9.869999885559082,9.829999923706055,9.829999923706055,66300,0.0,0.0
2022-06-16 00:00:00-04:00,9.829999923706055,9.829999923706055,9.805000305175781,9.8100004196167,110200,0.0,0.0
2022-06-17 00:00:00-04:00,9.800000190734863,9.8149995803833,9.789999961853027,9.8149995803833,368900,0.0,0.0
2022-06-21 00:00:00-04:00,9.869999885559082,9.869999885559082,9.800000190734863,9.819999694824219,45600,0.0,0.0
2022-06-22 00:00:00-04:00,9.8100004196167,9.859999656677246,9.800000190734863,9.800000190734863,1300,0.0,0.0
2022-06-23 00:00:00-04:00,9.800000190734863,9.869999885559082,9.800000190734863,9.859999656677246,24600,0.0,0.0
2022-06-24 00:00:00-04:00,9.829999923706055,9.845000267028809,9.8100004196167,9.835000038146973,6100,0.0,0.0
2022-06-27 00:00:00-04:00,9.869999885559082,9.875,9.859999656677246,9.869999885559082,41500,0.0,0.0
2022-06-28 00:00:00-04:00,9.869999885559082,9.880000114440918,9.859999656677246,9.869999885559082,269900,0.0,0.0
2022-06-29 00:00:00-04:00,9.869999885559082,9.875,9.859999656677246,9.859999656677246,109700,0.0,0.0
2022-06-30 00:00:00-04:00,9.859999656677246,9.869999885559082,9.850000381469727,9.850000381469727,15500,0.0,0.0
2022-07-01 00:00:00-04:00,9.850000381469727,9.880000114440918,9.850000381469727,9.859999656677246,40600,0.0,0.0
2022-07-05 00:00:00-04:00,9.875,9.904999732971191,9.875,9.890000343322754,125000,0.0,0.0
2022-07-06 00:00:00-04:00,9.890000343322754,9.90999984741211,9.890000343322754,9.904999732971191,515200,0.0,0.0
2022-07-07 00:00:00-04:00,9.9350004196167,9.960000038146973,9.930000305175781,9.949999809265137,1425800,0.0,0.0
2022-07-08 00:00:00-04:00,9.949999809265137,9.960000038146973,9.9399995803833,9.960000038146973,245000,0.0,0.0
2022-07-11 00:00:00-04:00,9.949999809265137,9.960000038146973,9.9399995803833,9.960000038146973,302900,0.0,0.0
2022-07-12 00:00:00-04:00,9.9399995803833,9.970000267028809,9.9399995803833,9.970000267028809,144600,0.0,0.0
2022-07-13 00:00:00-04:00,9.949999809265137,9.970000267028809,9.949999809265137,9.960000038146973,78700,0.0,0.0
2022-07-14 00:00:00-04:00,9.979999542236328,9.979999542236328,9.960000038146973,9.970000267028809,168900,0.0,0.0
2022-07-15 00:00:00-04:00,9.960000038146973,9.989999771118164,9.960000038146973,9.984999656677246,109400,0.0,0.0
2022-07-18 00:00:00-04:00,9.975000381469727,10.0,9.970000267028809,9.989999771118164,372800,0.0,0.0
2022-07-19 00:00:00-04:00,9.960000038146973,9.989999771118164,9.960000038146973,9.979999542236328,43300,0.0,0.0
2022-07-20 00:00:00-04:00,9.800000190734863,10.010000228881836,9.619999885559082,10.010000228881836,102300,0.0,0.0
2022-07-21 00:00:00-04:00,9.932000160217285,9.932000160217285,8.75,8.979999542236328,293100,0.0,0.0
2022-07-22 00:00:00-04:00,8.869999885559082,9.449999809265137,8.869999885559082,8.899999618530273,46200,0.0,0.0
2022-07-25 00:00:00-04:00,8.859999656677246,9.40999984741211,8.859999656677246,9.270000457763672,45100,0.0,0.0
2022-07-26 00:00:00-04:00,9.15999984741211,9.220000267028809,8.600000381469727,8.779999732971191,73500,0.0,0.0
2022-07-27 00:00:00-04:00,8.649999618530273,9.0600004196167,8.649999618530273,8.720000267028809,60900,0.0,0.0
2022-07-28 00:00:00-04:00,8.890000343322754,8.960000038146973,7.414999961853027,7.710000038146973,78600,0.0,0.0
2022-07-29 00:00:00-04:00,7.760000228881836,8.800000190734863,7.539999961853027,8.640000343322754,125700,0.0,0.0
2022-08-01 00:00:00-04:00,8.699999809265137,9.496000289916992,8.369999885559082,9.039999961853027,56200,0.0,0.0
2022-08-02 00:00:00-04:00,9.039999961853027,9.390000343322754,8.503000259399414,8.789999961853027,32700,0.0,0.0
2022-08-03 00:00:00-04:00,8.720000267028809,8.800000190734863,8.25,8.399999618530273,39900,0.0,0.0
2022-08-04 00:00:00-04:00,8.479999542236328,8.479999542236328,8.069999694824219,8.109999656677246,17800,0.0,0.0
2022-08-05 00:00:00-04:00,8.239999771118164,8.970000267028809,7.860000133514404,7.929999828338623,47600,0.0,0.0
2022-08-08 00:00:00-04:00,7.929999828338623,7.929999828338623,7.25,7.25,41600,0.0,0.0
2022-08-09 00:00:00-04:00,7.150000095367432,7.650000095367432,6.809999942779541,7.380000114440918,49700,0.0,0.0
2022-08-10 00:00:00-04:00,7.559999942779541,7.559999942779541,6.563000202178955,7.0,113500,0.0,0.0
2022-08-11 00:00:00-04:00,7.489999771118164,7.900000095367432,7.210000038146973,7.289999961853027,70700,0.0,0.0
2022-08-12 00:00:00-04:00,7.5,7.881999969482422,7.25,7.400000095367432,72400,0.0,0.0
2022-08-15 00:00:00-04:00,7.400000095367432,8.380000114440918,7.400000095367432,8.300000190734863,53300,0.0,0.0
2022-08-16 00:00:00-04:00,8.5,8.899999618530273,8.220000267028809,8.399999618530273,64500,0.0,0.0
2022-08-17 00:00:00-04:00,8.699999809265137,9.300000190734863,8.359999656677246,9.0,33500,0.0,0.0
2022-08-18 00:00:00-04:00,9.229999542236328,9.479999542236328,8.8100004196167,9.00100040435791,34500,0.0,0.0
2022-08-19 00:00:00-04:00,9.25,9.369999885559082,8.744000434875488,9.100000381469727,43600,0.0,0.0
2022-08-22 00:00:00-04:00,9.789999961853027,9.789999961853027,8.300000190734863,8.300000190734863,55500,0.0,0.0
2022-08-23 00:00:00-04:00,8.300000190734863,9.0,8.300000190734863,8.720000267028809,47700,0.0,0.0
2022-08-24 00:00:00-04:00,8.520000457763672,9.140000343322754,8.520000457763672,9.09000015258789,31500,0.0,0.0
2022-08-25 00:00:00-04:00,8.779999732971191,9.430000305175781,8.399999618530273,8.869999885559082,30900,0.0,0.0
2022-08-26 00:00:00-04:00,8.710000038146973,9.380000114440918,8.399999618530273,9.300000190734863,34500,0.0,0.0
2022-08-29 00:00:00-04:00,9.09000015258789,9.300000190734863,8.600000381469727,9.300000190734863,11400,0.0,0.0
2022-08-30 00:00:00-04:00,9.069999694824219,9.260000228881836,8.807999610900879,9.260000228881836,1100,0.0,0.0
2022-08-31 00:00:00-04:00,9.149999618530273,9.300000190734863,8.359999656677246,8.359999656677246,17000,0.0,0.0
2022-09-01 00:00:00-04:00,9.079999923706055,9.140000343322754,8.708999633789062,8.930000305175781,9600,0.0,0.0
2022-09-02 00:00:00-04:00,8.710000038146973,9.050000190734863,8.520000457763672,8.800000190734863,6100,0.0,0.0
2022-09-06 00:00:00-04:00,8.430000305175781,8.890000343322754,8.399999618530273,8.75,20900,0.0,0.0
2022-09-07 00:00:00-04:00,8.479999542236328,9.079999923706055,8.300000190734863,8.390000343322754,68400,0.0,0.0
2022-09-08 00:00:00-04:00,8.449999809265137,8.595000267028809,8.449999809265137,8.595000267028809,8400,0.0,0.0
2022-09-09 00:00:00-04:00,9.899999618530273,9.899999618530273,8.699999809265137,8.699999809265137,7700,0.0,0.0
2022-09-12 00:00:00-04:00,9.130000114440918,9.279999732971191,8.600000381469727,9.029999732971191,12300,0.0,0.0
2022-09-13 00:00:00-04:00,9.029999732971191,9.029999732971191,9.029999732971191,9.029999732971191,500,0.0,0.0
2022-09-14 00:00:00-04:00,8.90999984741211,8.90999984741211,8.90999984741211,8.90999984741211,1100,0.0,0.0
2022-09-15 00:00:00-04:00,8.630000114440918,8.630000114440918,8.630000114440918,8.630000114440918,500,0.0,0.0
2022-09-16 00:00:00-04:00,8.5,8.5,8.5,8.5,700,0.0,0.0
2022-09-19 00:00:00-04:00,8.595000267028809,8.595000267028809,8.5,8.510000228881836,2000,0.0,0.0
2022-09-20 00:00:00-04:00,8.595000267028809,8.595000267028809,8.5,8.5,1500,0.0,0.0
2022-09-21 00:00:00-04:00,8.770000457763672,8.770000457763672,7.389999866485596,8.359999656677246,3400,0.0,0.0
2022-09-22 00:00:00-04:00,8.829999923706055,8.829999923706055,8.170000076293945,8.390999794006348,1600,0.0,0.0
2022-09-23 00:00:00-04:00,8.489999771118164,8.489999771118164,7.699999809265137,8.199999809265137,1400,0.0,0.0
2022-09-26 00:00:00-04:00,8.489999771118164,8.979999542236328,8.489999771118164,8.949999809265137,1800,0.0,0.0
2022-09-27 00:00:00-04:00,8.949999809265137,8.949999809265137,8.949999809265137,8.949999809265137,0,0.0,0.0
2022-09-28 00:00:00-04:00,8.244999885559082,8.399999618530273,8.244999885559082,8.399999618530273,400,0.0,0.0
2022-09-29 00:00:00-04:00,8.739999771118164,8.739999771118164,8.524999618530273,8.524999618530273,800,0.0,0.0
2022-09-30 00:00:00-04:00,9.5,10.0,8.8100004196167,10.0,2600,0.0,0.0
2022-10-03 00:00:00-04:00,11.0,12.100000381469727,8.199999809265137,8.800000190734863,52200,0.0,0.0
2022-10-04 00:00:00-04:00,8.699999809265137,9.109999656677246,8.699999809265137,8.850000381469727,4400,0.0,0.0
2022-10-05 00:00:00-04:00,8.609999656677246,9.149999618530273,8.350000381469727,9.149999618530273,10700,0.0,0.0
2022-10-06 00:00:00-04:00,8.880000114440918,9.649999618530273,8.350000381469727,9.100000381469727,7400,0.0,0.0
2022-10-07 00:00:00-04:00,8.6899995803833,9.289999961853027,8.319999694824219,9.289999961853027,5900,0.0,0.0
2022-10-10 00:00:00-04:00,8.835000038146973,8.835000038146973,8.140000343322754,8.449999809265137,6000,0.0,0.0
2022-10-11 00:00:00-04:00,8.140000343322754,8.300000190734863,8.140000343322754,8.300000190734863,2000,0.0,0.0
2022-10-12 00:00:00-04:00,7.659999847412109,8.220000267028809,7.179999828338623,8.220000267028809,8800,0.0,0.0
2022-10-13 00:00:00-04:00,7.900000095367432,8.449999809265137,7.5,8.449999809265137,109400,0.0,0.0
2022-10-14 00:00:00-04:00,8.050000190734863,8.225000381469727,7.300000190734863,8.020000457763672,30600,0.0,0.0
2022-10-17 00:00:00-04:00,8.300000190734863,8.300000190734863,8.300000190734863,8.300000190734863,893000,0.0,0.0
2022-10-18 00:00:00-04:00,8.4399995803833,9.6899995803833,8.399999618530273,9.6899995803833,22400,0.0,0.0
2022-10-19 00:00:00-04:00,10.399999618530273,10.399999618530273,9.100000381469727,9.899999618530273,29400,0.0,0.0
2022-10-20 00:00:00-04:00,9.699999809265137,9.899999618530273,9.199999809265137,9.600000381469727,15500,0.0,0.0
2022-10-21 00:00:00-04:00,9.449999809265137,9.9399995803833,9.449999809265137,9.800000190734863,13300,0.0,0.0
2022-10-24 00:00:00-04:00,9.649999618530273,10.0600004196167,9.649999618530273,10.029999732971191,24100,0.0,0.0
2022-10-25 00:00:00-04:00,9.569999694824219,9.760000228881836,9.1899995803833,9.260000228881836,13000,0.0,0.0
2022-10-26 00:00:00-04:00,9.550000190734863,9.744999885559082,8.90999984741211,8.90999984741211,24200,0.0,0.0
2022-10-27 00:00:00-04:00,8.960000038146973,9.710000038146973,8.850000381469727,9.510000228881836,14200,0.0,0.0
2022-10-28 00:00:00-04:00,9.199999809265137,9.449999809265137,8.90999984741211,8.960000038146973,20100,0.0,0.0
2022-10-31 00:00:00-04:00,8.899999618530273,9.180000305175781,8.84000015258789,8.899999618530273,9100,0.0,0.0
2022-11-01 00:00:00-04:00,8.75,9.109999656677246,8.699999809265137,8.970000267028809,8400,0.0,0.0
2022-11-02 00:00:00-04:00,8.800000190734863,8.800000190734863,8.699999809265137,8.75,5000,0.0,0.0
2022-11-03 00:00:00-04:00,8.710000038146973,8.710000038146973,8.46500015258789,8.5,3600,0.0,0.0
2022-11-04 00:00:00-04:00,8.649999618530273,9.489999771118164,8.649999618530273,9.489999771118164,5000,0.0,0.0
2022-11-07 00:00:00-05:00,10.0,10.199999809265137,9.25,9.84000015258789,18900,0.0,0.0
2022-11-08 00:00:00-05:00,10.050000190734863,10.050000190734863,9.899999618530273,9.899999618530273,500,0.0,0.0
2022-11-09 00:00:00-05:00,9.600000381469727,9.75,9.199999809265137,9.199999809265137,2700,0.0,0.0
2022-11-10 00:00:00-05:00,9.069999694824219,9.789999961853027,9.069999694824219,9.789999961853027,7400,0.0,0.0
2022-11-11 00:00:00-05:00,9.149999618530273,10.0600004196167,9.149999618530273,10.0600004196167,6100,0.0,0.0
2022-11-14 00:00:00-05:00,10.0600004196167,10.0600004196167,9.739999771118164,10.010000228881836,5300,0.0,0.0
2022-11-15 00:00:00-05:00,10.0600004196167,10.0600004196167,9.779000282287598,10.0,2500,0.0,0.0
2022-11-16 00:00:00-05:00,9.989999771118164,9.989999771118164,9.989999771118164,9.989999771118164,1000,0.0,0.0
2022-11-17 00:00:00-05:00,9.585000038146973,9.954999923706055,9.569999694824219,9.925000190734863,2800,0.0,0.0
2022-11-18 00:00:00-05:00,9.880000114440918,10.0600004196167,9.600000381469727,10.0,4900,0.0,0.0
2022-11-21 00:00:00-05:00,9.699999809265137,10.039999961853027,9.5,9.670000076293945,2700,0.0,0.0
2022-11-22 00:00:00-05:00,9.569999694824219,9.800000190734863,9.569999694824219,9.75,1800,0.0,0.0
2022-11-23 00:00:00-05:00,9.75,9.75,9.75,9.75,100,0.0,0.0
2022-11-25 00:00:00-05:00,9.65999984741211,9.800000190734863,9.5,9.5,3200,0.0,0.0
2022-11-28 00:00:00-05:00,9.520000457763672,10.0600004196167,9.25,9.25,20100,0.0,0.0
2022-11-29 00:00:00-05:00,9.59000015258789,9.59000015258789,9.59000015258789,9.59000015258789,100,0.0,0.0
2022-11-30 00:00:00-05:00,9.59000015258789,9.59000015258789,9.59000015258789,9.59000015258789,0,0.0,0.0
2022-12-01 00:00:00-05:00,9.84000015258789,9.890000343322754,9.84000015258789,9.890000343322754,500,0.0,0.0
2022-12-02 00:00:00-05:00,9.949999809265137,9.949999809265137,9.600000381469727,9.600000381469727,800,0.0,0.0
2022-12-05 00:00:00-05:00,9.545000076293945,10.0,9.199999809265137,9.210000038146973,6400,0.0,0.0
2022-12-06 00:00:00-05:00,9.40999984741211,9.449000358581543,9.3100004196167,9.3100004196167,3600,0.0,0.0
2022-12-07 00:00:00-05:00,9.199999809265137,9.960000038146973,9.199999809265137,9.960000038146973,2300,0.0,0.0
2022-12-08 00:00:00-05:00,9.449999809265137,9.449999809265137,9.199999809265137,9.199999809265137,3100,0.0,0.0
2022-12-09 00:00:00-05:00,9.850000381469727,9.890000343322754,8.699999809265137,9.229999542236328,10100,0.0,0.0
2022-12-12 00:00:00-05:00,9.710000038146973,9.989999771118164,9.550000190734863,9.550000190734863,1400,0.0,0.0
2022-12-13 00:00:00-05:00,9.890000343322754,9.989999771118164,9.210000038146973,9.210000038146973,4000,0.0,0.0
2022-12-14 00:00:00-05:00,9.199999809265137,9.550000190734863,8.890000343322754,9.199999809265137,4000,0.0,0.0
2022-12-15 00:00:00-05:00,9.229999542236328,9.399999618530273,9.199999809265137,9.199999809265137,3800,0.0,0.0
2022-12-16 00:00:00-05:00,9.199999809265137,9.199999809265137,9.199999809265137,9.199999809265137,0,0.0,0.0
2022-12-19 00:00:00-05:00,9.199999809265137,9.199999809265137,9.199999809265137,9.199999809265137,0,0.0,0.0
2022-12-20 00:00:00-05:00,9.0,9.0,9.0,9.0,100,0.0,0.0
2022-12-21 00:00:00-05:00,9.119999885559082,9.119999885559082,9.0,9.0,1200,0.0,0.0
2022-12-22 00:00:00-05:00,9.029999732971191,9.039999961853027,8.699999809265137,9.01099967956543,5100,0.0,0.0
2022-12-23 00:00:00-05:00,9.01099967956543,9.01099967956543,9.01099967956543,9.01099967956543,0,0.0,0.0
2022-12-27 00:00:00-05:00,8.699999809265137,9.0,8.699999809265137,8.899999618530273,1600,0.0,0.0
2022-12-28 00:00:00-05:00,8.899999618530273,8.899999618530273,8.899999618530273,8.899999618530273,0,0.0,0.0
2022-12-29 00:00:00-05:00,9.0,9.074999809265137,9.0,9.074999809265137,1400,0.0,0.0
2022-12-30 00:00:00-05:00,9.074999809265137,9.074999809265137,9.074999809265137,9.074999809265137,100,0.0,0.0
2023-01-03 00:00:00-05:00,9.074999809265137,9.074999809265137,9.074999809265137,9.074999809265137,0,0.0,0.0
2023-01-04 00:00:00-05:00,9.319999694824219,9.989999771118164,8.729999542236328,9.300000190734863,6300,0.0,0.0
2023-01-05 00:00:00-05:00,9.300000190734863,9.300000190734863,9.300000190734863,9.300000190734863,0,0.0,0.0
2023-01-06 00:00:00-05:00,9.300000190734863,9.300000190734863,9.300000190734863,9.300000190734863,0,0.0,0.0
2023-01-09 00:00:00-05:00,9.0,9.319999694824219,9.0,9.069999694824219,11800,0.0,0.0
2023-01-10 00:00:00-05:00,9.0,9.050000190734863,9.0,9.010000228881836,3400,0.0,0.0
2023-01-11 00:00:00-05:00,9.050000190734863,9.123000144958496,9.0,9.010000228881836,5200,0.0,0.0
2023-01-12 00:00:00-05:00,9.300000190734863,9.479999542236328,9.0,9.0,13900,0.0,0.0
2023-01-13 00:00:00-05:00,9.045000076293945,9.149999618530273,8.789999961853027,8.880000114440918,8100,0.0,0.0
2023-01-17 00:00:00-05:00,8.9399995803833,9.899999618530273,8.210000038146973,9.010000228881836,9700,0.0,0.0
2023-01-18 00:00:00-05:00,8.920000076293945,9.069000244140625,8.15999984741211,8.15999984741211,5900,0.0,0.0
2023-01-19 00:00:00-05:00,8.529999732971191,9.100000381469727,8.239999771118164,8.399999618530273,9500,0.0,0.0
2023-01-20 00:00:00-05:00,8.539999961853027,8.949999809265137,8.40999984741211,8.40999984741211,4600,0.0,0.0
2023-01-23 00:00:00-05:00,8.649999618530273,9.729999542236328,8.319999694824219,8.319999694824219,9400,0.0,0.0
2023-01-24 00:00:00-05:00,8.399999618530273,9.489999771118164,8.399999618530273,9.050000190734863,12200,0.0,0.0
2023-01-25 00:00:00-05:00,9.270000457763672,9.270000457763672,8.960000038146973,8.960000038146973,1400,0.0,0.0
2023-01-26 00:00:00-05:00,9.199999809265137,9.199999809265137,9.029999732971191,9.029999732971191,1300,0.0,0.0
2023-01-27 00:00:00-05:00,8.880000114440918,9.0,8.539999961853027,8.539999961853027,1500,0.0,0.0
2023-01-30 00:00:00-05:00,8.59000015258789,8.800000190734863,8.59000015258789,8.800000190734863,1700,0.0,0.0
2023-01-31 00:00:00-05:00,8.979999542236328,9.010000228881836,8.65999984741211,8.739999771118164,2800,0.0,0.0
2023-02-01 00:00:00-05:00,8.6899995803833,9.100000381469727,8.6899995803833,9.09000015258789,5800,0.0,0.0
2023-02-02 00:00:00-05:00,8.510000228881836,8.925000190734863,8.3100004196167,8.805999755859375,5600,0.0,0.0
2023-02-03 00:00:00-05:00,8.779999732971191,8.779999732971191,8.75,8.760000228881836,2200,0.0,0.0
2023-02-06 00:00:00-05:00,8.760000228881836,8.869999885559082,8.654999732971191,8.859999656677246,1800,0.0,0.0
2023-02-07 00:00:00-05:00,9.069999694824219,9.069999694824219,8.760000228881836,8.909000396728516,1200,0.0,0.0
2023-02-08 00:00:00-05:00,8.65999984741211,8.770000457763672,8.5,8.600000381469727,8400,0.0,0.0
2023-02-09 00:00:00-05:00,8.600000381469727,8.930000305175781,8.600000381469727,8.680000305175781,1100,0.0,0.0
2023-02-10 00:00:00-05:00,8.520000457763672,8.520000457763672,8.520000457763672,8.520000457763672,300,0.0,0.0
2023-02-13 00:00:00-05:00,8.59000015258789,8.71500015258789,8.5,8.510000228881836,900,0.0,0.0
2023-02-14 00:00:00-05:00,8.510000228881836,8.510000228881836,8.510000228881836,8.510000228881836,0,0.0,0.0
2023-02-15 00:00:00-05:00,8.510000228881836,8.520000457763672,8.5,8.520000457763672,1700,0.0,0.0
2023-02-16 00:00:00-05:00,8.854999542236328,9.199999809265137,8.5600004196167,8.5600004196167,1900,0.0,0.0
2023-02-17 00:00:00-05:00,8.5600004196167,8.5600004196167,8.5600004196167,8.5600004196167,200,0.0,0.0
2023-02-21 00:00:00-05:00,8.5600004196167,8.5600004196167,8.5600004196167,8.5600004196167,0,0.0,0.0
2023-02-22 00:00:00-05:00,8.5600004196167,8.5600004196167,8.5600004196167,8.5600004196167,0,0.0,0.0
2023-02-23 00:00:00-05:00,8.994999885559082,8.994999885559082,8.994999885559082,8.994999885559082,500,0.0,0.0
2023-02-24 00:00:00-05:00,8.994999885559082,8.994999885559082,8.994999885559082,8.994999885559082,0,0.0,0.0
2023-02-27 00:00:00-05:00,8.994999885559082,8.994999885559082,8.994999885559082,8.994999885559082,0,0.0,0.0
2023-02-28 00:00:00-05:00,8.600000381469727,8.845000267028809,8.5,8.5,3300,0.0,0.0
2023-03-01 00:00:00-05:00,8.5,8.5,7.909999847412109,8.300000190734863,16900,0.0,0.0
2023-03-02 00:00:00-05:00,7.769999980926514,8.449999809265137,7.460000038146973,7.949999809265137,13300,0.0,0.0
2023-03-03 00:00:00-05:00,7.900000095367432,8.149999618530273,7.295000076293945,7.929999828338623,7800,0.0,0.0
2023-03-06 00:00:00-05:00,7.909999847412109,8.354999542236328,7.900000095367432,8.199999809265137,11300,0.0,0.0
2023-03-07 00:00:00-05:00,8.149999618530273,8.630000114440918,7.699999809265137,7.85099983215332,9500,0.0,0.0
2023-03-08 00:00:00-05:00,7.789999961853027,8.039999961853027,7.730000019073486,7.809999942779541,5100,0.0,0.0
2023-03-09 00:00:00-05:00,7.599999904632568,8.25,7.510000228881836,7.510000228881836,5500,0.0,0.0
2023-03-10 00:00:00-05:00,7.489999771118164,8.229999542236328,7.489999771118164,7.840000152587891,3200,0.0,0.0
2023-03-13 00:00:00-04:00,7.699999809265137,8.359999656677246,7.699999809265137,7.960000038146973,5600,0.0,0.0
2023-03-14 00:00:00-04:00,7.690000057220459,8.5,7.690000057220459,8.0,6700,0.0,0.0
2023-03-15 00:00:00-04:00,7.644999980926514,9.100000381469727,7.644999980926514,9.100000381469727,54700,0.0,0.0
2023-03-16 00:00:00-04:00,8.539999961853027,8.800000190734863,7.559999942779541,8.0,62300,0.0,0.0
2023-03-17 00:00:00-04:00,8.020000457763672,9.199999809265137,7.849999904632568,9.199999809265137,17300,0.0,0.0
2023-03-20 00:00:00-04:00,8.65999984741211,8.65999984741211,8.65999984741211,8.65999984741211,1000,0.0,0.0
2023-03-21 00:00:00-04:00,8.40999984741211,8.600000381469727,7.920000076293945,8.279999732971191,3700,0.0,0.0
2023-03-22 00:00:00-04:00,8.229999542236328,8.449999809265137,7.900000095367432,7.980000019073486,7200,0.0,0.0
2023-03-23 00:00:00-04:00,7.980000019073486,8.0600004196167,7.960000038146973,8.0,2400,0.0,0.0
2023-03-24 00:00:00-04:00,8.069999694824219,8.069999694824219,8.050000190734863,8.050000190734863,600,0.0,0.0
2023-03-27 00:00:00-04:00,8.0,8.0,8.0,8.0,200,0.0,0.0
2023-03-28 00:00:00-04:00,7.610000133514404,7.610000133514404,7.610000133514404,7.610000133514404,1000,0.0,0.0
2023-03-29 00:00:00-04:00,8.050000190734863,8.09000015258789,8.050000190734863,8.09000015258789,800,0.0,0.0
2023-03-30 00:00:00-04:00,8.020000457763672,8.5,8.0,8.5,3200,0.0,0.0
2023-03-31 00:00:00-04:00,7.900000095367432,8.5,7.900000095367432,8.149999618530273,2600,0.0,0.0
2023-04-03 00:00:00-04:00,8.239999771118164,9.100000381469727,8.050000190734863,8.125,9200,0.0,0.0
2023-04-04 00:00:00-04:00,8.15999984741211,8.25,8.149999618530273,8.149999618530273,1200,0.0,0.0
2023-04-05 00:00:00-04:00,8.079999923706055,8.880000114440918,8.010000228881836,8.010000228881836,2200,0.0,0.0
2023-04-06 00:00:00-04:00,8.460000038146973,9.199999809265137,8.239999771118164,9.199999809265137,3500,0.0,0.0
2023-04-10 00:00:00-04:00,9.199999809265137,9.199999809265137,9.0,9.199999809265137,3300,0.0,0.0
2023-04-11 00:00:00-04:00,9.180000305175781,9.1899995803833,8.720000267028809,9.140000343322754,1000,0.0,0.0
2023-04-12 00:00:00-04:00,9.199999809265137,9.199999809265137,9.199999809265137,9.199999809265137,400,0.0,0.0
2023-04-13 00:00:00-04:00,8.819999694824219,9.1899995803833,8.819999694824219,9.097000122070312,1100,0.0,0.0
2023-04-14 00:00:00-04:00,8.75,9.199999809265137,8.451000213623047,9.199999809265137,5100,0.0,0.0
2023-04-17 00:00:00-04:00,9.180000305175781,9.199999809265137,8.800000190734863,9.199999809265137,4800,0.0,0.0
2023-04-18 00:00:00-04:00,9.100000381469727,9.199999809265137,9.100000381469727,9.199999809265137,3700,0.0,0.0
2023-04-19 00:00:00-04:00,8.899999618530273,8.899999618530273,8.899999618530273,8.899999618530273,500,0.0,0.0
2023-04-20 00:00:00-04:00,8.970000267028809,9.199999809265137,8.970000267028809,9.100000381469727,8300,0.0,0.0
2023-04-21 00:00:00-04:00,9.100000381469727,9.15999984741211,8.77299976348877,9.050000190734863,1500,0.0,0.0
2023-04-24 00:00:00-04:00,8.960000038146973,9.199999809265137,8.529999732971191,9.199999809265137,5100,0.0,0.0
2023-04-25 00:00:00-04:00,8.5,8.850000381469727,8.5,8.770000457763672,4100,0.0,0.0
2023-04-26 00:00:00-04:00,8.770000457763672,9.199999809265137,8.710000038146973,9.199999809265137,4400,0.0,0.0
2023-04-27 00:00:00-04:00,8.880000114440918,9.199999809265137,8.220000267028809,9.199999809265137,10900,0.0,0.0
2023-04-28 00:00:00-04:00,9.010000228881836,9.199999809265137,9.0,9.130000114440918,5400,0.0,0.0
2023-05-01 00:00:00-04:00,8.899999618530273,8.899999618530273,8.899999618530273,8.899999618530273,1000,0.0,0.0
2023-05-02 00:00:00-04:00,8.760000228881836,9.199999809265137,8.527000427246094,9.199999809265137,5500,0.0,0.0
2023-05-03 00:00:00-04:00,9.199999809265137,9.199999809265137,9.199999809265137,9.199999809265137,100,0.0,0.0
2023-05-04 00:00:00-04:00,9.199999809265137,9.199999809265137,9.199999809265137,9.199999809265137,400,0.0,0.0
2023-05-05 00:00:00-04:00,9.180000305175781,9.180000305175781,9.180000305175781,9.180000305175781,600,0.0,0.0
2023-05-08 00:00:00-04:00,9.1899995803833,9.1899995803833,8.90999984741211,8.90999984741211,2600,0.0,0.0
2023-05-09 00:00:00-04:00,9.199999809265137,9.199999809265137,8.699999809265137,9.199999809265137,9200,0.0,0.0
2023-05-10 00:00:00-04:00,9.15999984741211,9.199999809265137,8.954999923706055,9.170000076293945,6400,0.0,0.0
2023-05-11 00:00:00-04:00,9.0,9.170000076293945,9.0,9.170000076293945,1900,0.0,0.0
2023-05-12 00:00:00-04:00,9.199999809265137,9.199999809265137,9.130000114440918,9.199999809265137,3700,0.0,0.0
2023-05-15 00:00:00-04:00,9.020000457763672,9.199999809265137,8.850000381469727,8.850000381469727,4100,0.0,0.0
2023-05-16 00:00:00-04:00,9.0,9.170000076293945,8.949999809265137,8.949999809265137,3600,0.0,0.0
2023-05-17 00:00:00-04:00,8.84000015258789,9.199999809265137,8.8100004196167,9.199999809265137,1500,0.0,0.0
2023-05-18 00:00:00-04:00,9.199999809265137,9.199999809265137,9.0,9.0,1700,0.0,0.0
2023-05-19 00:00:00-04:00,9.085000038146973,9.170000076293945,9.0,9.0,3000,0.0,0.0
2023-05-22 00:00:00-04:00,9.0,9.199999809265137,9.0,9.199999809265137,22700,0.0,0.0
2023-05-23 00:00:00-04:00,9.15999984741211,10.0600004196167,9.15999984741211,10.0600004196167,78500,0.0,0.0
2023-05-24 00:00:00-04:00,9.192000389099121,10.0,9.192000389099121,9.970000267028809,19100,0.0,0.0
2023-05-25 00:00:00-04:00,9.850000381469727,9.949999809265137,9.850000381469727,9.949999809265137,37200,0.0,0.0
2023-05-26 00:00:00-04:00,9.850000381469727,9.850000381469727,9.600000381469727,9.850000381469727,26800,0.0,0.0
2023-05-30 00:00:00-04:00,9.6899995803833,9.989999771118164,9.449999809265137,9.779999732971191,37700,0.0,0.0
2023-05-31 00:00:00-04:00,9.710000038146973,9.989999771118164,8.90999984741211,9.800000190734863,58300,0.0,0.0
2023-06-01 00:00:00-04:00,9.880000114440918,9.899999618530273,9.789999961853027,9.8100004196167,35500,0.0,0.0
2023-06-02 00:00:00-04:00,9.75,10.0,9.75,10.0,77200,0.0,0.0
2023-06-05 00:00:00-04:00,9.899999618530273,9.899999618530273,9.5,9.899999618530273,10000,0.0,0.0
2023-06-06 00:00:00-04:00,9.8100004196167,9.899999618530273,9.800000190734863,9.850000381469727,19800,0.0,0.0
2023-06-07 00:00:00-04:00,9.800000190734863,9.899999618530273,9.319999694824219,9.800000190734863,30400,0.0,0.0
2023-06-08 00:00:00-04:00,9.800000190734863,9.850000381469727,9.65999984741211,9.850000381469727,21500,0.0,0.0
2023-06-09 00:00:00-04:00,9.720000267028809,9.890000343322754,9.5649995803833,9.800000190734863,31700,0.0,0.0
2023-06-12 00:00:00-04:00,9.800000190734863,9.800000190734863,9.40999984741211,9.550000190734863,49600,0.0,0.0
2023-06-13 00:00:00-04:00,9.5600004196167,9.6850004196167,9.484999656677246,9.529999732971191,35600,0.0,0.0
2023-06-14 00:00:00-04:00,9.25,9.649999618530273,9.21500015258789,9.489999771118164,41300,0.0,0.0
2023-06-15 00:00:00-04:00,9.5,9.569999694824219,9.210000038146973,9.569999694824219,38300,0.0,0.0
2023-06-16 00:00:00-04:00,9.800000190734863,10.050000190734863,9.550000190734863,9.600000381469727,53100,0.0,0.0
2023-06-20 00:00:00-04:00,9.34000015258789,9.649999618530273,9.300000190734863,9.5,58700,0.0,0.0
2023-06-21 00:00:00-04:00,9.279999732971191,9.8149995803833,9.25,9.460000038146973,71000,0.0,0.0
2023-06-22 00:00:00-04:00,9.515000343322754,9.779999732971191,9.380000114440918,9.399999618530273,118000,0.0,0.0
2023-06-23 00:00:00-04:00,9.34000015258789,10.0600004196167,9.154999732971191,9.300000190734863,2312300,0.0,0.0
2023-06-26 00:00:00-04:00,9.380000114440918,9.73900032043457,9.1899995803833,9.350000381469727,66100,0.0,0.0
2023-06-27 00:00:00-04:00,9.260000228881836,9.75,8.899999618530273,9.0600004196167,60800,0.0,0.0
2023-06-28 00:00:00-04:00,9.050000190734863,9.050000190734863,8.239999771118164,8.359999656677246,53800,0.0,0.0
2023-06-29 00:00:00-04:00,8.3100004196167,8.40999984741211,7.610000133514404,7.75,60000,0.0,0.0
2023-06-30 00:00:00-04:00,7.739999771118164,7.840000152587891,7.699999809265137,7.730000019073486,33600,0.0,0.0
2023-07-03 00:00:00-04:00,7.71999979019165,8.04699993133545,7.400000095367432,7.53000020980835,102600,0.0,0.0
2023-07-05 00:00:00-04:00,7.760000228881836,7.849999904632568,7.260000228881836,7.389999866485596,26400,0.0,0.0
2023-07-06 00:00:00-04:00,7.210000038146973,7.380000114440918,6.521999835968018,6.630000114440918,117800,0.0,0.0
2023-07-07 00:00:00-04:00,6.639999866485596,7.379000186920166,6.539999961853027,6.909999847412109,20500,0.0,0.0
2023-07-10 00:00:00-04:00,6.699999809265137,7.074999809265137,6.699999809265137,6.800000190734863,36700,0.0,0.0
2023-07-11 00:00:00-04:00,6.769999980926514,7.170000076293945,6.71999979019165,7.079999923706055,25500,0.0,0.0
2023-07-12 00:00:00-04:00,7.050000190734863,7.589000225067139,6.5,6.730000019073486,53700,0.0,0.0
2023-07-13 00:00:00-04:00,6.760000228881836,7.019999980926514,6.619999885559082,6.800000190734863,28800,0.0,0.0
2023-07-14 00:00:00-04:00,6.880000114440918,6.880000114440918,6.579999923706055,6.75,28700,0.0,0.0
2023-07-17 00:00:00-04:00,6.599999904632568,6.669000148773193,6.242000102996826,6.519999980926514,132500,0.0,0.0
2023-07-18 00:00:00-04:00,6.559999942779541,6.824999809265137,6.239999771118164,6.679999828338623,26900,0.0,0.0
2023-07-19 00:00:00-04:00,6.630000114440918,6.900000095367432,6.260000228881836,6.409999847412109,23400,0.0,0.0
2023-07-20 00:00:00-04:00,6.539999961853027,6.960000038146973,6.380000114440918,6.480000019073486,35600,0.0,0.0
2023-07-21 00:00:00-04:00,6.880000114440918,6.880000114440918,6.320000171661377,6.489999771118164,44700,0.0,0.0
2023-07-24 00:00:00-04:00,6.409999847412109,6.684999942779541,6.099999904632568,6.28000020980835,32900,0.0,0.0
2023-07-25 00:00:00-04:00,6.269999980926514,6.559999942779541,5.599999904632568,5.670000076293945,84900,0.0,0.0
2023-07-26 00:00:00-04:00,5.670000076293945,5.989999771118164,5.599999904632568,5.619999885559082,33800,0.0,0.0
2023-07-27 00:00:00-04:00,5.639999866485596,5.769000053405762,5.400000095367432,5.5,52700,0.0,0.0
2023-07-28 00:00:00-04:00,5.550000190734863,5.949999809265137,5.300000190734863,5.449999809265137,30000,0.0,0.0
2023-07-31 00:00:00-04:00,5.570000171661377,5.669000148773193,5.323999881744385,5.550000190734863,16500,0.0,0.0
2023-08-01 00:00:00-04:00,5.690000057220459,5.690000057220459,5.460000038146973,5.559999942779541,16900,0.0,0.0
2023-08-02 00:00:00-04:00,5.679999828338623,5.679999828338623,5.300000190734863,5.590000152587891,101800,0.0,0.0
2023-08-03 00:00:00-04:00,5.630000114440918,5.869999885559082,5.46999979019165,5.690000057220459,87100,0.0,0.0
2023-08-04 00:00:00-04:00,5.599999904632568,5.789999961853027,5.5,5.590000152587891,31500,0.0,0.0
2023-08-07 00:00:00-04:00,5.826000213623047,5.980000019073486,5.5,5.860000133514404,13900,0.0,0.0
2023-08-08 00:00:00-04:00,5.949999809265137,5.96999979019165,5.511000156402588,5.670000076293945,19300,0.0,0.0
2023-08-09 00:00:00-04:00,5.820000171661377,6.114999771118164,5.599999904632568,5.829999923706055,39900,0.0,0.0
2023-08-10 00:00:00-04:00,6.150000095367432,6.340000152587891,5.519999980926514,5.679999828338623,21500,0.0,0.0
2023-08-11 00:00:00-04:00,5.639999866485596,6.229000091552734,5.639999866485596,5.929999828338623,21600,0.0,0.0
2023-08-14 00:00:00-04:00,6.070000171661377,6.229000091552734,5.5,5.630000114440918,10300,0.0,0.0
2023-08-15 00:00:00-04:00,5.449999809265137,5.929999828338623,5.000999927520752,5.730000019073486,43500,0.0,0.0
2023-08-16 00:00:00-04:00,6.130000114440918,6.175000190734863,5.550000190734863,6.050000190734863,20100,0.0,0.0
2023-08-17 00:00:00-04:00,6.139999866485596,6.638999938964844,5.96999979019165,6.0,36800,0.0,0.0
2023-08-18 00:00:00-04:00,6.059999942779541,6.360000133514404,6.059999942779541,6.179999828338623,22800,0.0,0.0
2023-08-21 00:00:00-04:00,6.269999980926514,9.170000076293945,6.269999980926514,7.960000038146973,788100,0.0,0.0
2023-08-22 00:00:00-04:00,7.880000114440918,9.119000434875488,7.144999980926514,7.449999809265137,200600,0.0,0.0
2023-08-23 00:00:00-04:00,7.670000076293945,9.0,7.46999979019165,8.0600004196167,210500,0.0,0.0
2023-08-24 00:00:00-04:00,7.920000076293945,8.300000190734863,7.019999980926514,7.539999961853027,137400,0.0,0.0
2023-08-25 00:00:00-04:00,7.489999771118164,8.100000381469727,7.234000205993652,7.679999828338623,113700,0.0,0.0
2023-08-28 00:00:00-04:00,7.590000152587891,8.244999885559082,7.269999980926514,8.0,126800,0.0,0.0
2023-08-29 00:00:00-04:00,7.860000133514404,8.9399995803833,7.860000133514404,8.220000267028809,77200,0.0,0.0
2023-08-30 00:00:00-04:00,8.260000228881836,8.885000228881836,7.599999904632568,7.980000019073486,56500,0.0,0.0
2023-08-31 00:00:00-04:00,8.020000457763672,8.529999732971191,7.710000038146973,7.869999885559082,91800,0.0,0.0
2023-09-01 00:00:00-04:00,7.889999866485596,8.270000457763672,7.739999771118164,7.900000095367432,44100,0.0,0.0
2023-09-05 00:00:00-04:00,7.849999904632568,7.96999979019165,7.099999904632568,7.380000114440918,84400,0.0,0.0
2023-09-06 00:00:00-04:00,7.599999904632568,8.829999923706055,7.429999828338623,7.610000133514404,138000,0.0,0.0
2023-09-07 00:00:00-04:00,7.639999866485596,8.319999694824219,7.639999866485596,8.0,83700,0.0,0.0
2023-09-08 00:00:00-04:00,7.889999866485596,9.399999618530273,7.889999866485596,8.229999542236328,111200,0.0,0.0
2023-09-11 00:00:00-04:00,8.220000267028809,8.989999771118164,7.239999771118164,7.420000076293945,101500,0.0,0.0
2023-09-12 00:00:00-04:00,7.349999904632568,8.069999694824219,7.039999961853027,7.150000095367432,68300,0.0,0.0
2023-09-13 00:00:00-04:00,7.119999885559082,7.329999923706055,6.570000171661377,6.570000171661377,112600,0.0,0.0
2023-09-14 00:00:00-04:00,6.599999904632568,7.400000095367432,6.130000114440918,6.610000133514404,89100,0.0,0.0
2023-09-15 00:00:00-04:00,6.610000133514404,7.900000095367432,6.449999809265137,7.590000152587891,1836000,0.0,0.0
2023-09-18 00:00:00-04:00,7.460000038146973,8.84000015258789,7.000999927520752,8.770000457763672,160400,0.0,0.0
2023-09-19 00:00:00-04:00,8.789999961853027,10.9399995803833,8.300999641418457,10.579999923706055,184900,0.0,0.0
2023-09-20 00:00:00-04:00,10.770000457763672,11.010000228881836,10.015000343322754,10.199999809265137,287000,0.0,0.0
2023-09-21 00:00:00-04:00,10.109999656677246,10.850000381469727,9.8100004196167,9.84000015258789,90500,0.0,0.0
2023-09-22 00:00:00-04:00,9.75,10.220000267028809,8.569999694824219,8.829999923706055,123200,0.0,0.0
2023-09-25 00:00:00-04:00,8.630000114440918,9.229999542236328,8.539999961853027,9.055000305175781,93600,0.0,0.0
2023-09-26 00:00:00-04:00,8.8100004196167,9.609999656677246,8.430000305175781,8.550000190734863,71400,0.0,0.0
2023-09-27 00:00:00-04:00,8.5600004196167,9.489999771118164,8.15999984741211,8.369999885559082,102800,0.0,0.0
2023-09-28 00:00:00-04:00,8.260000228881836,8.479999542236328,7.929999828338623,8.460000038146973,22500,0.0,0.0
2023-09-29 00:00:00-04:00,8.460000038146973,9.609999656677246,8.343999862670898,9.420000076293945,74600,0.0,0.0
2023-10-02 00:00:00-04:00,9.229999542236328,10.024999618530273,8.670000076293945,9.40999984741211,68700,0.0,0.0
2023-10-03 00:00:00-04:00,9.270000457763672,10.607999801635742,9.149999618530273,9.649999618530273,292500,0.0,0.0
2023-10-04 00:00:00-04:00,9.8100004196167,9.8100004196167,9.350000381469727,9.5600004196167,19300,0.0,0.0
2023-10-05 00:00:00-04:00,9.65999984741211,10.210000038146973,9.289999961853027,9.369999885559082,111100,0.0,0.0
2023-10-06 00:00:00-04:00,9.40999984741211,9.420000076293945,8.829999923706055,8.949999809265137,76900,0.0,0.0
2023-10-09 00:00:00-04:00,8.75,9.25,8.239999771118164,8.930000305175781,47000,0.0,0.0
2023-10-10 00:00:00-04:00,9.029999732971191,9.029999732971191,8.880000114440918,8.9399995803833,25400,0.0,0.0
2023-10-11 00:00:00-04:00,9.1899995803833,9.1899995803833,9.0,9.0,11300,0.0,0.0
2023-10-12 00:00:00-04:00,9.100000381469727,9.100000381469727,8.779999732971191,8.970000267028809,19400,0.0,0.0
2023-10-13 00:00:00-04:00,9.239999771118164,9.579999923706055,8.899999618530273,9.25,159200,0.0,0.0
2023-10-16 00:00:00-04:00,9.460000038146973,9.479000091552734,8.859999656677246,8.920000076293945,41700,0.0,0.0
2023-10-17 00:00:00-04:00,9.0,9.399999618530273,8.640999794006348,8.989999771118164,35200,0.0,0.0
2023-10-18 00:00:00-04:00,8.75,9.0,8.729999542236328,8.880000114440918,84300,0.0,0.0
2023-10-19 00:00:00-04:00,8.760000228881836,8.90999984741211,8.649999618530273,8.649999618530273,28000,0.0,0.0
2023-10-20 00:00:00-04:00,8.680000305175781,9.399999618530273,8.281000137329102,8.970000267028809,74900,0.0,0.0
2023-10-23 00:00:00-04:00,9.09000015258789,9.859999656677246,8.699999809265137,8.699999809265137,48400,0.0,0.0
2023-10-24 00:00:00-04:00,8.755000114440918,9.640000343322754,8.71500015258789,8.850000381469727,102000,0.0,0.0
2023-10-25 00:00:00-04:00,8.699999809265137,10.109999656677246,8.65999984741211,9.479999542236328,36900,0.0,0.0
2023-10-26 00:00:00-04:00,9.770000457763672,10.0,9.130000114440918,9.199999809265137,92400,0.0,0.0
2023-10-27 00:00:00-04:00,9.300000190734863,9.300000190734863,8.720000267028809,8.8100004196167,69700,0.0,0.0
2023-10-30 00:00:00-04:00,9.039999961853027,9.239999771118164,7.929999828338623,8.0600004196167,101700,0.0,0.0
2023-10-31 00:00:00-04:00,7.920000076293945,8.319999694824219,7.309999942779541,7.679999828338623,96700,0.0,0.0
2023-11-01 00:00:00-04:00,7.539999961853027,8.0,7.539999961853027,7.989999771118164,69800,0.0,0.0
2023-11-02 00:00:00-04:00,8.149999618530273,8.949999809265137,7.880000114440918,8.8100004196167,44200,0.0,0.0
2023-11-03 00:00:00-04:00,9.069999694824219,9.149999618530273,8.600000381469727,8.949999809265137,42200,0.0,0.0
2023-11-06 00:00:00-05:00,8.989999771118164,9.00100040435791,8.25,8.449999809265137,31500,0.0,0.0
2023-11-07 00:00:00-05:00,8.720000267028809,8.989999771118164,8.145000457763672,8.739999771118164,288100,0.0,0.0
2023-11-08 00:00:00-05:00,8.890000343322754,8.890000343322754,8.234999656677246,8.34000015258789,54000,0.0,0.0
2023-11-09 00:00:00-05:00,8.5,8.5,8.079999923706055,8.199999809265137,23000,0.0,0.0
2023-11-10 00:00:00-05:00,8.289999961853027,8.324999809265137,7.900000095367432,8.09000015258789,72300,0.0,0.0
2023-11-13 00:00:00-05:00,8.199999809265137,8.789999961853027,8.050000190734863,8.09000015258789,74600,0.0,0.0
2023-11-14 00:00:00-05:00,8.420000076293945,9.359999656677246,8.420000076293945,9.300000190734863,58500,0.0,0.0
2023-11-15 00:00:00-05:00,9.199999809265137,9.199999809265137,8.779999732971191,8.869999885559082,38500,0.0,0.0
2023-11-16 00:00:00-05:00,9.170000076293945,9.170000076293945,8.770000457763672,8.84000015258789,38400,0.0,0.0
2023-11-17 00:00:00-05:00,8.90999984741211,9.795000076293945,8.90999984741211,9.220000267028809,73500,0.0,0.0
2023-11-20 00:00:00-05:00,9.170000076293945,9.170000076293945,8.199999809265137,8.460000038146973,42200,0.0,0.0
2023-11-21 00:00:00-05:00,8.819999694824219,9.020000457763672,8.3100004196167,8.960000038146973,34200,0.0,0.0
2023-11-22 00:00:00-05:00,9.130000114440918,9.270000457763672,8.949999809265137,9.270000457763672,19400,0.0,0.0
2023-11-24 00:00:00-05:00,9.5,9.5,9.029999732971191,9.109999656677246,7600,0.0,0.0
2023-11-27 00:00:00-05:00,9.119999885559082,9.444999694824219,9.119999885559082,9.390000343322754,7100,0.0,0.0
2023-11-28 00:00:00-05:00,9.449999809265137,9.5,9.222999572753906,9.399999618530273,22700,0.0,0.0
2023-11-29 00:00:00-05:00,9.5,9.800000190734863,9.460000038146973,9.699999809265137,35100,0.0,0.0
2023-11-30 00:00:00-05:00,9.949999809265137,9.949999809265137,9.4399995803833,9.539999961853027,29300,0.0,0.0
2023-12-01 00:00:00-05:00,9.75,9.989999771118164,9.430000305175781,9.710000038146973,42400,0.0,0.0
2023-12-04 00:00:00-05:00,9.670000076293945,9.979999542236328,9.539999961853027,9.920000076293945,14600,0.0,0.0
2023-12-05 00:00:00-05:00,9.800000190734863,9.800000190734863,9.489999771118164,9.720000267028809,37500,0.0,0.0
2023-12-06 00:00:00-05:00,9.789999961853027,10.220000267028809,9.555000305175781,9.949999809265137,59800,0.0,0.0
2023-12-07 00:00:00-05:00,10.100000381469727,10.100000381469727,9.760000228881836,9.970000267028809,72600,0.0,0.0
2023-12-08 00:00:00-05:00,9.770000457763672,10.579999923706055,9.770000457763672,10.3100004196167,53200,0.0,0.0
2023-12-11 00:00:00-05:00,10.390000343322754,10.390000343322754,9.569999694824219,9.710000038146973,33600,0.0,0.0
2023-12-12 00:00:00-05:00,9.9399995803833,10.25,9.3100004196167,10.0600004196167,27100,0.0,0.0
2023-12-13 00:00:00-05:00,10.199999809265137,10.5,9.819999694824219,10.399999618530273,80900,0.0,0.0
2023-12-14 00:00:00-05:00,10.380000114440918,10.779999732971191,9.819999694824219,10.279999732971191,77900,0.0,0.0
2023-12-15 00:00:00-05:00,10.899999618530273,11.890000343322754,10.109999656677246,11.0,487800,0.0,0.0
2023-12-18 00:00:00-05:00,11.0,11.630000114440918,10.8100004196167,11.380000114440918,110700,0.0,0.0
2023-12-19 00:00:00-05:00,11.619999885559082,11.680000305175781,11.0,11.460000038146973,141500,0.0,0.0
2023-12-20 00:00:00-05:00,11.65999984741211,12.0,11.229999542236328,11.350000381469727,117900,0.0,0.0
2023-12-21 00:00:00-05:00,11.420000076293945,11.4399995803833,10.960000038146973,11.350000381469727,114600,0.0,0.0
2023-12-22 00:00:00-05:00,11.470000267028809,11.720000267028809,10.859999656677246,11.479999542236328,96400,0.0,0.0
2023-12-26 00:00:00-05:00,11.5,11.5,11.109999656677246,11.109999656677246,55500,0.0,0.0
2023-12-27 00:00:00-05:00,11.194999694824219,11.390000343322754,11.0,11.359999656677246,39900,0.0,0.0
2023-12-28 00:00:00-05:00,11.413999557495117,11.4399995803833,11.133000373840332,11.229999542236328,48900,0.0,0.0
2023-12-29 00:00:00-05:00,11.319999694824219,11.319999694824219,10.829999923706055,10.9399995803833,28900,0.0,0.0
2024-01-02 00:00:00-05:00,11.25,11.260000228881836,10.899999618530273,11.1899995803833,41600,0.0,0.0
2024-01-03 00:00:00-05:00,11.329999923706055,11.5,10.789999961853027,10.989999771118164,77800,0.0,0.0
2024-01-04 00:00:00-05:00,11.25,11.25,10.711000442504883,11.1899995803833,69000,0.0,0.0
2024-01-05 00:00:00-05:00,10.9399995803833,11.25,10.819999694824219,10.920000076293945,40300,0.0,0.0
2024-01-08 00:00:00-05:00,10.48799991607666,11.239999771118164,10.343999862670898,11.0,27300,0.0,0.0
2024-01-09 00:00:00-05:00,10.8100004196167,11.0,10.770000457763672,10.8100004196167,28400,0.0,0.0
2024-01-10 00:00:00-05:00,10.600000381469727,10.899999618530273,10.460000038146973,10.819999694824219,33800,0.0,0.0
2024-01-11 00:00:00-05:00,10.510000228881836,10.895000457763672,8.859999656677246,10.640000343322754,56200,0.0,0.0
2024-01-12 00:00:00-05:00,10.880000114440918,10.880999565124512,10.029999732971191,10.270000457763672,23700,0.0,0.0
2024-01-16 00:00:00-05:00,9.869999885559082,9.869999885559082,8.0600004196167,8.699999809265137,177600,0.0,0.0
2024-01-17 00:00:00-05:00,8.4399995803833,9.34000015258789,8.4399995803833,9.010000228881836,33000,0.0,0.0
2024-01-18 00:00:00-05:00,9.25,9.630000114440918,8.111000061035156,8.220000267028809,163700,0.0,0.0
2024-01-19 00:00:00-05:00,8.609999656677246,8.609999656677246,7.978000164031982,8.430000305175781,35400,0.0,0.0
2024-01-22 00:00:00-05:00,8.5600004196167,8.663999557495117,7.550000190734863,8.100000381469727,46400,0.0,0.0
2024-01-23 00:00:00-05:00,8.350000381469727,8.470000267028809,7.829999923706055,7.96999979019165,27900,0.0,0.0
2024-01-24 00:00:00-05:00,8.15999984741211,8.15999984741211,7.199999809265137,7.460000038146973,40800,0.0,0.0
2024-01-25 00:00:00-05:00,7.679999828338623,7.679999828338623,7.300000190734863,7.610000133514404,33400,0.0,0.0
2024-01-26 00:00:00-05:00,7.739999771118164,8.489999771118164,7.369999885559082,7.670000076293945,25700,0.0,0.0
2024-01-29 00:00:00-05:00,7.71999979019165,8.9399995803833,7.71999979019165,8.65999984741211,40000,0.0,0.0
2024-01-30 00:00:00-05:00,8.600000381469727,9.460000038146973,6.849999904632568,7.170000076293945,38800,0.0,0.0
2024-01-31 00:00:00-05:00,7.0,7.454999923706055,6.89300012588501,7.050000190734863,36100,0.0,0.0
2024-02-01 00:00:00-05:00,7.150000095367432,7.798999786376953,6.059999942779541,6.389999866485596,82900,0.0,0.0
2024-02-02 00:00:00-05:00,6.480000019073486,7.340000152587891,6.343999862670898,6.820000171661377,32300,0.0,0.0
2024-02-05 00:00:00-05:00,6.690000057220459,7.260000228881836,6.414999961853027,6.679999828338623,43500,0.0,0.0
2024-02-06 00:00:00-05:00,6.559999942779541,7.150000095367432,6.559999942779541,7.03000020980835,14000,0.0,0.0
2024-02-07 00:00:00-05:00,7.019999980926514,7.5,6.260000228881836,6.71999979019165,42900,0.0,0.0
2024-02-08 00:00:00-05:00,6.26200008392334,7.389999866485596,6.26200008392334,7.239999771118164,42100,0.0,0.0
2024-02-09 00:00:00-05:00,7.010000228881836,7.184999942779541,6.539999961853027,6.909999847412109,79600,0.0,0.0
2024-02-12 00:00:00-05:00,7.010000228881836,7.744999885559082,6.666999816894531,7.340000152587891,52700,0.0,0.0
2024-02-13 00:00:00-05:00,7.03000020980835,7.730000019073486,6.739999771118164,6.880000114440918,71400,0.0,0.0
2024-02-14 00:00:00-05:00,7.0,7.71999979019165,6.880000114440918,7.440000057220459,37700,0.0,0.0
2024-02-15 00:00:00-05:00,7.610000133514404,8.199999809265137,7.243000030517578,7.989999771118164,58600,0.0,0.0
2024-02-16 00:00:00-05:00,8.1899995803833,8.350000381469727,7.440000057220459,7.510000228881836,42600,0.0,0.0
2024-02-20 00:00:00-05:00,7.260000228881836,7.834000110626221,6.599999904632568,6.699999809265137,212300,0.0,0.0
2024-02-21 00:00:00-05:00,6.550000190734863,7.054999828338623,6.5,6.670000076293945,33200,0.0,0.0
2024-02-22 00:00:00-05:00,6.539999961853027,7.019999980926514,6.539999961853027,6.829999923706055,50900,0.0,0.0
2024-02-23 00:00:00-05:00,6.949999809265137,7.605000019073486,6.593999862670898,6.650000095367432,46800,0.0,0.0
2024-02-26 00:00:00-05:00,6.659999847412109,7.25,6.659999847412109,6.670000076293945,27400,0.0,0.0
2024-02-27 00:00:00-05:00,6.800000190734863,7.041999816894531,6.261000156402588,6.710000038146973,40500,0.0,0.0
2024-02-28 00:00:00-05:00,6.53000020980835,7.045000076293945,6.369999885559082,6.690000057220459,23800,0.0,0.0
2024-02-29 00:00:00-05:00,6.949999809265137,6.949999809265137,6.459000110626221,6.679999828338623,33600,0.0,0.0
2024-03-01 00:00:00-05:00,6.659999847412109,6.920000076293945,6.519999980926514,6.769999980926514,36600,0.0,0.0
2024-03-04 00:00:00-05:00,6.679999828338623,7.880000114440918,6.659999847412109,7.590000152587891,61600,0.0,0.0
2024-03-05 00:00:00-05:00,7.590000152587891,7.590000152587891,6.9670000076293945,7.090000152587891,48400,0.0,0.0
2024-03-06 00:00:00-05:00,7.230000019073486,7.449999809265137,6.683000087738037,7.380000114440918,50700,0.0,0.0
2024-03-07 00:00:00-05:00,7.5,7.5,6.800000190734863,7.21999979019165,41900,0.0,0.0
2024-03-08 00:00:00-05:00,7.440000057220459,7.630000114440918,6.840000152587891,7.190000057220459,50500,0.0,0.0
2024-03-11 00:00:00-04:00,7.21999979019165,7.394000053405762,6.25,6.599999904632568,86500,0.0,0.0
2024-03-12 00:00:00-04:00,6.179999828338623,7.289999961853027,6.179999828338623,6.829999923706055,44300,0.0,0.0
2024-03-13 00:00:00-04:00,6.96999979019165,7.070000171661377,6.71999979019165,6.929999828338623,77400,0.0,0.0
2024-03-14 00:00:00-04:00,6.809999942779541,7.210000038146973,6.079999923706055,6.46999979019165,86600,0.0,0.0
2024-03-15 00:00:00-04:00,6.179999828338623,6.599999904632568,6.159999847412109,6.46999979019165,713400,0.0,0.0
2024-03-18 00:00:00-04:00,6.610000133514404,6.909999847412109,6.039999961853027,6.880000114440918,96800,0.0,0.0
2024-03-19 00:00:00-04:00,6.699999809265137,7.409999847412109,6.619999885559082,6.949999809265137,56100,0.0,0.0
2024-03-20 00:00:00-04:00,7.059999942779541,7.255000114440918,6.730999946594238,7.110000133514404,69500,0.0,0.0
2024-03-21 00:00:00-04:00,6.050000190734863,7.460000038146973,6.019999980926514,7.300000190734863,92800,0.0,0.0
2024-03-22 00:00:00-04:00,7.190000057220459,7.190000057220459,6.369999885559082,6.429999828338623,62000,0.0,0.0
2024-03-25 00:00:00-04:00,6.429999828338623,6.739999771118164,6.340000152587891,6.460000038146973,39000,0.0,0.0
2024-03-26 00:00:00-04:00,6.5929999351501465,6.760000228881836,6.340000152587891,6.539999961853027,33200,0.0,0.0
2024-03-27 00:00:00-04:00,6.610000133514404,6.610000133514404,6.21999979019165,6.400000095367432,92600,0.0,0.0
2024-03-28 00:00:00-04:00,6.489999771118164,6.771999835968018,6.440000057220459,6.5,57300,0.0,0.0
2024-04-01 00:00:00-04:00,6.539999961853027,7.0,6.28000020980835,6.480000019073486,81800,0.0,0.0
2024-04-02 00:00:00-04:00,6.369999885559082,6.949999809265137,6.21999979019165,6.860000133514404,50600,0.0,0.0
2024-04-03 00:00:00-04:00,6.769999980926514,7.539999961853027,6.670000076293945,6.800000190734863,75500,0.0,0.0
2024-04-04 00:00:00-04:00,6.860000133514404,6.989999771118164,6.579999923706055,6.71999979019165,57200,0.0,0.0
2024-04-05 00:00:00-04:00,6.570000171661377,6.650000095367432,6.400000095367432,6.420000076293945,42000,0.0,0.0
2024-04-08 00:00:00-04:00,6.590000152587891,6.78000020980835,6.360000133514404,6.400000095367432,59400,0.0,0.0
2024-04-09 00:00:00-04:00,6.5,6.679999828338623,6.139999866485596,6.289999961853027,71900,0.0,0.0
2024-04-10 00:00:00-04:00,6.059999942779541,6.420000076293945,6.059999942779541,6.289999961853027,75700,0.0,0.0
2024-04-11 00:00:00-04:00,6.440000057220459,7.079999923706055,6.159999847412109,6.349999904632568,78000,0.0,0.0
2024-04-12 00:00:00-04:00,6.260000228881836,6.440000057220459,6.135000228881836,6.269999980926514,96200,0.0,0.0
2024-04-15 00:00:00-04:00,6.019999980926514,6.210000038146973,5.519999980926514,5.679999828338623,148300,0.0,0.0
2024-04-16 00:00:00-04:00,5.690000057220459,5.90500020980835,5.429999828338623,5.610000133514404,86900,0.0,0.0
2024-04-17 00:00:00-04:00,5.695000171661377,5.710000038146973,5.190000057220459,5.389999866485596,114100,0.0,0.0
2024-04-18 00:00:00-04:00,5.389999866485596,5.53000020980835,5.244999885559082,5.269999980926514,80500,0.0,0.0
2024-04-19 00:00:00-04:00,5.199999809265137,5.480000019073486,5.190000057220459,5.460000038146973,134300,0.0,0.0
2024-04-22 00:00:00-04:00,5.5,5.820000171661377,5.369999885559082,5.519999980926514,114700,0.0,0.0
2024-04-23 00:00:00-04:00,5.224999904632568,5.46999979019165,5.210000038146973,5.360000133514404,55200,0.0,0.0
2024-04-24 00:00:00-04:00,5.369999885559082,5.429999828338623,5.139999866485596,5.300000190734863,38600,0.0,0.0
2024-04-25 00:00:00-04:00,5.190000057220459,5.340000152587891,5.070000171661377,5.210000038146973,129400,0.0,0.0
2024-04-26 00:00:00-04:00,5.340000152587891,5.400000095367432,5.039999961853027,5.099999904632568,50300,0.0,0.0
2024-04-29 00:00:00-04:00,5.119999885559082,5.335000038146973,5.010000228881836,5.070000171661377,65000,0.0,0.0
2024-04-30 00:00:00-04:00,5.070000171661377,5.170000076293945,4.710000038146973,4.869999885559082,91800,0.0,0.0
2024-05-01 00:00:00-04:00,4.909999847412109,5.125,4.896999835968018,5.050000190734863,89100,0.0,0.0
2024-05-02 00:00:00-04:00,5.150000095367432,5.269999980926514,5.0,5.090000152587891,167900,0.0,0.0
2024-05-03 00:00:00-04:00,5.199999809265137,5.460000038146973,4.885000228881836,5.059999942779541,88300,0.0,0.0
2024-05-06 00:00:00-04:00,5.03000020980835,5.197999954223633,4.940000057220459,5.03000020980835,103900,0.0,0.0
2024-05-07 00:00:00-04:00,5.130000114440918,5.159999847412109,4.840000152587891,4.889999866485596,70800,0.0,0.0
2024-05-08 00:00:00-04:00,4.800000190734863,4.96999979019165,4.659999847412109,4.849999904632568,92400,0.0,0.0
2024-05-09 00:00:00-04:00,5.109000205993652,5.109000205993652,4.659999847412109,4.78000020980835,126800,0.0,0.0
2024-05-10 00:00:00-04:00,4.849999904632568,4.860000133514404,4.369999885559082,4.449999809265137,176800,0.0,0.0
2024-05-13 00:00:00-04:00,4.550000190734863,4.763999938964844,4.230000019073486,4.420000076293945,56900,0.0,0.0
2024-05-14 00:00:00-04:00,4.550000190734863,4.614999771118164,4.269999980926514,4.429999828338623,47700,0.0,0.0
2024-05-15 00:00:00-04:00,4.489999771118164,4.835000038146973,4.489999771118164,4.599999904632568,70000,0.0,0.0
2024-05-16 00:00:00-04:00,4.539999961853027,4.840000152587891,4.460000038146973,4.539999961853027,68900,0.0,0.0
2024-05-17 00:00:00-04:00,4.590000152587891,4.676000118255615,4.190000057220459,4.349999904632568,172000,0.0,0.0
2024-05-20 00:00:00-04:00,4.349999904632568,4.446000099182129,4.329999923706055,4.349999904632568,87100,0.0,0.0
2024-05-21 00:00:00-04:00,4.349999904632568,5.208000183105469,4.349999904632568,4.909999847412109,263500,0.0,0.0
2024-05-22 00:00:00-04:00,4.699999809265137,4.784999847412109,4.300000190734863,4.349999904632568,123800,0.0,0.0
2024-05-23 00:00:00-04:00,4.349999904632568,4.349999904632568,3.7149999141693115,4.070000171661377,199400,0.0,0.0
2024-05-24 00:00:00-04:00,4.059999942779541,4.375999927520752,4.019999980926514,4.179999828338623,116400,0.0,0.0
2024-05-28 00:00:00-04:00,4.139999866485596,4.25,3.880000114440918,4.179999828338623,131400,0.0,0.0
2024-05-29 00:00:00-04:00,4.150000095367432,4.230000019073486,4.0,4.21999979019165,122300,0.0,0.0
2024-05-30 00:00:00-04:00,4.239999771118164,4.550000190734863,4.099999904632568,4.179999828338623,41300,0.0,0.0
2024-05-31 00:00:00-04:00,4.210000038146973,4.300000190734863,4.175000190734863,4.260000228881836,75000,0.0,0.0
2024-06-03 00:00:00-04:00,4.329999923706055,4.550000190734863,4.269999980926514,4.489999771118164,87500,0.0,0.0
2024-06-04 00:00:00-04:00,4.489999771118164,4.710000038146973,4.309999942779541,4.320000171661377,177700,0.0,0.0
2024-06-05 00:00:00-04:00,4.360000133514404,4.639999866485596,4.289999961853027,4.400000095367432,84500,0.0,0.0
2024-06-06 00:00:00-04:00,4.360000133514404,4.505000114440918,4.349999904632568,4.389999866485596,137700,0.0,0.0
2024-06-07 00:00:00-04:00,4.369999885559082,4.960000038146973,4.369999885559082,4.5,127900,0.0,0.0
2024-06-10 00:00:00-04:00,4.489999771118164,4.489999771118164,4.25,4.28000020980835,46700,0.0,0.0
2024-06-11 00:00:00-04:00,4.25,4.46999979019165,4.099999904632568,4.440000057220459,93100,0.0,0.0
2024-06-12 00:00:00-04:00,4.619999885559082,4.619999885559082,4.260000228881836,4.380000114440918,63200,0.0,0.0
2024-06-13 00:00:00-04:00,4.380000114440918,4.409999847412109,4.25,4.369999885559082,29300,0.0,0.0
2024-06-14 00:00:00-04:00,4.300000190734863,4.309999942779541,4.119999885559082,4.199999809265137,114600,0.0,0.0
2024-06-17 00:00:00-04:00,4.130000114440918,4.199999809265137,3.940000057220459,4.110000133514404,41100,0.0,0.0
2024-06-18 00:00:00-04:00,4.059999942779541,4.139999866485596,3.9200000762939453,3.940000057220459,63300,0.0,0.0
2024-06-20 00:00:00-04:00,3.930000066757202,4.099999904632568,3.9000000953674316,4.039999961853027,47700,0.0,0.0
2024-06-21 00:00:00-04:00,4.050000190734863,4.150000095367432,3.950000047683716,3.990000009536743,228700,0.0,0.0
2024-06-24 00:00:00-04:00,4.010000228881836,4.050000190734863,3.9100000858306885,4.039999961853027,32300,0.0,0.0
2024-06-25 00:00:00-04:00,4.010000228881836,4.03000020980835,3.9100000858306885,3.9100000858306885,31600,0.0,0.0
2024-06-26 00:00:00-04:00,3.940000057220459,4.0,3.8399999141693115,3.9000000953674316,107300,0.0,0.0
2024-06-27 00:00:00-04:00,3.8299999237060547,3.950000047683716,3.799999952316284,3.9200000762939453,88300,0.0,0.0
2024-06-28 00:00:00-04:00,3.950000047683716,3.950000047683716,3.5350000858306885,3.5899999141693115,493900,0.0,0.0
2024-07-01 00:00:00-04:00,3.640000104904175,3.7750000953674316,3.2699999809265137,3.3499999046325684,456100,0.0,0.0
2024-07-02 00:00:00-04:00,3.390000104904175,3.490000009536743,3.200000047683716,3.440000057220459,38200,0.0,0.0
2024-07-03 00:00:00-04:00,3.4100000858306885,3.640000104904175,3.4049999713897705,3.559999942779541,32500,0.0,0.0
2024-07-05 00:00:00-04:00,3.490000009536743,3.7200000286102295,3.490000009536743,3.5,86600,0.0,0.0
2024-07-08 00:00:00-04:00,3.549999952316284,3.6700000762939453,3.5,3.619999885559082,1041000,0.0,0.0
2024-07-09 00:00:00-04:00,3.569999933242798,3.619999885559082,3.440000057220459,3.4800000190734863,32500,0.0,0.0
2024-07-10 00:00:00-04:00,3.5,3.5950000286102295,3.440000057220459,3.5,19900,0.0,0.0
2024-07-11 00:00:00-04:00,3.559999942779541,3.740000009536743,3.4800000190734863,3.549999952316284,236200,0.0,0.0
2024-07-12 00:00:00-04:00,3.609999895095825,3.6600000858306885,3.4000000953674316,3.5199999809265137,191400,0.0,0.0
2024-07-15 00:00:00-04:00,3.5399999618530273,3.549999952316284,3.4700000286102295,3.490000009536743,52500,0.0,0.0
2024-07-16 00:00:00-04:00,3.509999990463257,3.619999885559082,3.440000057220459,3.5299999713897705,233500,0.0,0.0
2024-07-17 00:00:00-04:00,3.549999952316284,3.5999999046325684,3.440000057220459,3.5,89100,0.0,0.0
2024-07-18 00:00:00-04:00,3.4700000286102295,3.549999952316284,3.380000114440918,3.4000000953674316,67900,0.0,0.0
2024-07-19 00:00:00-04:00,3.440000057220459,3.440000057220459,3.119999885559082,3.2100000381469727,160200,0.0,0.0
2024-07-22 00:00:00-04:00,3.2300000190734863,3.430000066757202,3.0799999237060547,3.119999885559082,1051100,0.0,0.0
2024-07-23 00:00:00-04:00,3.0999999046325684,3.309999942779541,3.0810000896453857,3.240000009536743,170200,0.0,0.0
2024-07-24 00:00:00-04:00,3.2200000286102295,3.3299999237060547,3.1600000858306885,3.25,50600,0.0,0.0
2024-07-25 00:00:00-04:00,3.259999990463257,3.5199999809265137,3.240000009536743,3.4700000286102295,60700,0.0,0.0
2024-07-26 00:00:00-04:00,3.5399999618530273,3.549999952316284,3.2699999809265137,3.359999895095825,75200,0.0,0.0
2024-07-29 00:00:00-04:00,3.3499999046325684,3.3499999046325684,3.1500000953674316,3.299999952316284,90200,0.0,0.0
2024-07-30 00:00:00-04:00,3.319999933242798,3.3299999237060547,3.1500000953674316,3.180000066757202,39200,0.0,0.0
2024-07-31 00:00:00-04:00,3.1700000762939453,3.309999942779541,3.130000114440918,3.140000104904175,101400,0.0,0.0
2024-08-01 00:00:00-04:00,3.1500000953674316,3.319999933242798,2.819999933242798,2.8299999237060547,98400,0.0,0.0
2024-08-02 00:00:00-04:00,2.700000047683716,2.8499999046325684,2.6500000953674316,2.8399999141693115,86000,0.0,0.0
2024-08-05 00:00:00-04:00,2.75,2.8299999237060547,2.4049999713897705,2.634999990463257,153600,0.0,0.0
2024-08-06 00:00:00-04:00,2.690000057220459,2.8299999237060547,2.5799999237060547,2.7300000190734863,58100,0.0,0.0
2024-08-07 00:00:00-04:00,2.6640000343322754,2.8610000610351562,2.6640000343322754,2.700000047683716,78200,0.0,0.0
2024-08-08 00:00:00-04:00,2.7300000190734863,2.859999895095825,2.6500000953674316,2.8299999237060547,349100,0.0,0.0
2024-08-09 00:00:00-04:00,2.7899999618530273,2.880000114440918,2.609999895095825,2.740000009536743,56400,0.0,0.0
2024-08-12 00:00:00-04:00,2.6700000762939453,2.690000057220459,2.509999990463257,2.5999999046325684,81100,0.0,0.0
2024-08-13 00:00:00-04:00,2.630000114440918,2.7699999809265137,2.569999933242798,2.759999990463257,44700,0.0,0.0
2024-08-14 00:00:00-04:00,2.759999990463257,2.759999990463257,2.4100000858306885,2.640000104904175,75700,0.0,0.0
2024-08-15 00:00:00-04:00,2.690000057220459,2.880000114440918,2.619999885559082,2.700000047683716,46700,0.0,0.0
2024-08-16 00:00:00-04:00,2.690000057220459,2.809999942779541,2.559999942779541,2.7200000286102295,73400,0.0,0.0
2024-08-19 00:00:00-04:00,2.7100000381469727,2.9800000190734863,2.6549999713897705,2.9100000858306885,119600,0.0,0.0
2024-08-20 00:00:00-04:00,2.890000104904175,2.9000000953674316,2.809999942779541,2.880000114440918,90800,0.0,0.0
2024-08-21 00:00:00-04:00,2.890000104904175,3.009999990463257,2.890000104904175,2.9800000190734863,58900,0.0,0.0
2024-08-22 00:00:00-04:00,2.9600000381469727,3.1500000953674316,2.9600000381469727,3.059999942779541,89000,0.0,0.0
2024-08-23 00:00:00-04:00,3.059999942779541,3.299999952316284,3.059999942779541,3.2899999618530273,54000,0.0,0.0
2024-08-26 00:00:00-04:00,3.319999933242798,3.3499999046325684,3.0199999809265137,3.069999933242798,53200,0.0,0.0
2024-08-27 00:00:00-04:00,3.0199999809265137,3.0799999237060547,2.8450000286102295,2.9000000953674316,211200,0.0,0.0
2024-08-28 00:00:00-04:00,3.380000114440918,4.739999771118164,2.700000047683716,3.059999942779541,6560600,0.0,0.0
2024-08-29 00:00:00-04:00,3.1500000953674316,3.25,2.9000000953674316,3.059999942779541,676300,0.0,0.0
2024-08-30 00:00:00-04:00,3.0399999618530273,3.2300000190734863,2.930000066757202,3.200000047683716,235800,0.0,0.0
2024-09-03 00:00:00-04:00,3.1500000953674316,3.1600000858306885,2.930000066757202,3.009999990463257,357200,0.0,0.0
2024-09-04 00:00:00-04:00,3.0199999809265137,3.450000047683716,2.9200000762939453,3.440000057220459,191700,0.0,0.0
2024-09-05 00:00:00-04:00,3.4200000762939453,3.684999942779541,3.309999942779541,3.6600000858306885,124900,0.0,0.0
2024-09-06 00:00:00-04:00,3.609999895095825,3.609999895095825,3.130000114440918,3.5199999809265137,106600,0.0,0.0
2024-09-09 00:00:00-04:00,3.5199999809265137,4.050000190734863,3.5199999809265137,4.010000228881836,154500,0.0,0.0
2024-09-10 00:00:00-04:00,3.9800000190734863,4.170000076293945,3.75,4.150000095367432,214700,0.0,0.0
2024-09-11 00:00:00-04:00,4.090000152587891,4.349999904632568,3.819999933242798,4.309999942779541,118600,0.0,0.0
2024-09-12 00:00:00-04:00,4.340000152587891,4.340000152587891,3.9549999237060547,4.099999904632568,136000,0.0,0.0
2024-09-13 00:00:00-04:00,4.139999866485596,4.360000133514404,4.119999885559082,4.349999904632568,131000,0.0,0.0
2024-09-16 00:00:00-04:00,4.380000114440918,4.394999980926514,4.210000038146973,4.360000133514404,105400,0.0,0.0
2024-09-17 00:00:00-04:00,4.360000133514404,4.360000133514404,4.090000152587891,4.269999980926514,117400,0.0,0.0
2024-09-18 00:00:00-04:00,4.25,4.349999904632568,4.019999980926514,4.119999885559082,133400,0.0,0.0
2024-09-19 00:00:00-04:00,4.230000019073486,4.353000164031982,4.050000190734863,4.260000228881836,175500,0.0,0.0
2024-09-20 00:00:00-04:00,4.159999847412109,4.289999961853027,3.819999933242798,3.940000057220459,390700,0.0,0.0
2024-09-23 00:00:00-04:00,3.950000047683716,4.010000228881836,3.5799999237060547,3.809999942779541,158000,0.0,0.0
2024-09-24 00:00:00-04:00,3.8299999237060547,3.890000104904175,3.5910000801086426,3.819999933242798,93400,0.0,0.0
2024-09-25 00:00:00-04:00,3.819999933242798,3.819999933242798,3.619999885559082,3.7200000286102295,53600,0.0,0.0
2024-09-26 00:00:00-04:00,3.7200000286102295,3.8499999046325684,3.7200000286102295,3.7799999713897705,62700,0.0,0.0
2024-09-27 00:00:00-04:00,3.8299999237060547,3.927999973297119,3.7699999809265137,3.7699999809265137,98400,0.0,0.0
2024-09-30 00:00:00-04:00,3.690000057220459,3.7100000381469727,3.559999942779541,3.640000104904175,76900,0.0,0.0
2024-10-01 00:00:00-04:00,3.609999895095825,3.609999895095825,3.430000066757202,3.5199999809265137,104900,0.0,0.0
2024-10-02 00:00:00-04:00,3.5199999809265137,3.630000114440918,3.4609999656677246,3.5999999046325684,63000,0.0,0.0
2024-10-03 00:00:00-04:00,3.5799999237060547,3.609999895095825,3.430000066757202,3.549999952316284,62500,0.0,0.0
2024-10-04 00:00:00-04:00,3.5899999141693115,3.6110000610351562,3.4800000190734863,3.5899999141693115,50600,0.0,0.0
2024-10-07 00:00:00-04:00,3.549999952316284,3.630000114440918,3.380000114440918,3.380000114440918,55100,0.0,0.0
2024-10-08 00:00:00-04:00,3.4000000953674316,3.5799999237060547,3.3499999046325684,3.440000057220459,40500,0.0,0.0
2024-10-09 00:00:00-04:00,3.440000057220459,3.515000104904175,3.380000114440918,3.440000057220459,47200,0.0,0.0
2024-10-10 00:00:00-04:00,3.359999895095825,3.390000104904175,3.2300000190734863,3.319999933242798,65300,0.0,0.0
2024-10-11 00:00:00-04:00,3.299999952316284,3.4149999618530273,3.2799999713897705,3.319999933242798,41200,0.0,0.0
2024-10-14 00:00:00-04:00,3.2300000190734863,3.369999885559082,3.2300000190734863,3.319999933242798,44200,0.0,0.0
2024-10-15 00:00:00-04:00,3.319999933242798,3.5350000858306885,3.319999933242798,3.4600000381469727,32000,0.0,0.0
2024-10-16 00:00:00-04:00,3.5299999713897705,3.5999999046325684,3.3949999809265137,3.5399999618530273,75400,0.0,0.0
2024-10-17 00:00:00-04:00,3.5199999809265137,3.559999942779541,3.244999885559082,3.4200000762939453,47000,0.0,0.0
2024-10-18 00:00:00-04:00,3.430000066757202,3.5,3.2699999809265137,3.4200000762939453,51000,0.0,0.0
2024-10-21 00:00:00-04:00,3.440000057220459,3.440000057220459,3.2699999809265137,3.3499999046325684,49600,0.0,0.0
2024-10-22 00:00:00-04:00,3.2899999618530273,3.430000066757202,3.2899999618530273,3.4000000953674316,44000,0.0,0.0
2024-10-23 00:00:00-04:00,3.4000000953674316,3.444999933242798,3.319999933242798,3.4200000762939453,42200,0.0,0.0
2024-10-24 00:00:00-04:00,3.4210000038146973,3.5299999713897705,3.180000066757202,3.380000114440918,59700,0.0,0.0
2024-10-25 00:00:00-04:00,3.450000047683716,3.7100000381469727,3.447000026702881,3.490000009536743,66800,0.0,0.0
2024-10-28 00:00:00-04:00,3.5799999237060547,3.9200000762939453,3.5299999713897705,3.8499999046325684,75100,0.0,0.0
2024-10-29 00:00:00-04:00,3.819999933242798,4.0,3.819999933242798,3.950000047683716,63700,0.0,0.0
2024-10-30 00:00:00-04:00,3.9649999141693115,4.0,3.7799999713897705,3.7899999618530273,57300,0.0,0.0
2024-10-31 00:00:00-04:00,3.809999942779541,3.809999942779541,3.450000047683716,3.450000047683716,55400,0.0,0.0
2024-11-01 00:00:00-04:00,3.450000047683716,3.4600000381469727,3.25,3.2699999809265137,47900,0.0,0.0
2024-11-04 00:00:00-05:00,3.25,3.4049999713897705,3.200000047683716,3.240000009536743,50300,0.0,0.0
2024-11-05 00:00:00-05:00,3.2679998874664307,3.450000047683716,3.234999895095825,3.440000057220459,34600,0.0,0.0
2024-11-06 00:00:00-05:00,3.4700000286102295,3.7249999046325684,3.450000047683716,3.630000114440918,131600,0.0,0.0
2024-11-07 00:00:00-05:00,3.630000114440918,3.684999942779541,3.450000047683716,3.609999895095825,60000,0.0,0.0
2024-11-08 00:00:00-05:00,3.6600000858306885,3.680000066757202,3.4700000286102295,3.5399999618530273,39100,0.0,0.0
2024-11-11 00:00:00-05:00,3.5999999046325684,3.7300000190734863,3.4800000190734863,3.700000047683716,46100,0.0,0.0
2024-11-12 00:00:00-05:00,3.680000066757202,3.7300000190734863,3.4000000953674316,3.4700000286102295,63200,0.0,0.0
2024-11-13 00:00:00-05:00,3.5399999618530273,3.5399999618530273,3.309999942779541,3.4000000953674316,106200,0.0,0.0
2024-11-14 00:00:00-05:00,3.450000047683716,3.450000047683716,3.234999895095825,3.319999933242798,55300,0.0,0.0
2024-11-15 00:00:00-05:00,3.359999895095825,3.4800000190734863,3.2200000286102295,3.2200000286102295,62200,0.0,0.0
2024-11-18 00:00:00-05:00,3.2300000190734863,3.2799999713897705,3.1600000858306885,3.2300000190734863,35500,0.0,0.0
2024-11-19 00:00:00-05:00,3.2300000190734863,3.2909998893737793,3.1600000858306885,3.240000009536743,33100,0.0,0.0
2024-11-20 00:00:00-05:00,3.299999952316284,3.450000047683716,3.180000066757202,3.4100000858306885,74900,0.0,0.0
2024-11-21 00:00:00-05:00,3.700000047683716,4.0,3.3299999237060547,3.440000057220459,282000,0.0,0.0
2024-11-22 00:00:00-05:00,3.5,3.6500000953674316,3.309999942779541,3.319999933242798,216500,0.0,0.0
2024-11-25 00:00:00-05:00,3.4000000953674316,3.4000000953674316,3.2100000381469727,3.3399999141693115,159700,0.0,0.0
2024-11-26 00:00:00-05:00,3.369999885559082,3.384999990463257,3.140000104904175,3.299999952316284,181100,0.0,0.0
2024-11-27 00:00:00-05:00,3.259999990463257,3.430000066757202,3.2100000381469727,3.2899999618530273,105700,0.0,0.0
2024-11-29 00:00:00-05:00,3.299999952316284,3.380000114440918,3.174999952316284,3.380000114440918,148000,0.0,0.0
2024-12-02 00:00:00-05:00,3.2899999618530273,3.299999952316284,3.130000114440918,3.2200000286102295,115500,0.0,0.0
2024-12-03 00:00:00-05:00,3.2100000381469727,3.2899999618530273,3.1700000762939453,3.25,51200,0.0,0.0
2024-12-04 00:00:00-05:00,3.319999933242798,3.319999933242798,3.119999885559082,3.25,114900,0.0,0.0
2024-12-05 00:00:00-05:00,3.2100000381469727,3.2200000286102295,3.0999999046325684,3.2100000381469727,103300,0.0,0.0
2024-12-06 00:00:00-05:00,3.2300000190734863,3.2300000190734863,3.0950000286102295,3.1500000953674316,107300,0.0,0.0
2024-12-09 00:00:00-05:00,3.1700000762939453,3.319999933242798,3.1649999618530273,3.2899999618530273,33400,0.0,0.0
2024-12-10 00:00:00-05:00,3.299999952316284,3.5160000324249268,3.2699999809265137,3.5,39500,0.0,0.0
2024-12-11 00:00:00-05:00,3.5199999809265137,3.7799999713897705,3.490000009536743,3.6600000858306885,135200,0.0,0.0
2024-12-12 00:00:00-05:00,3.6700000762939453,3.9100000858306885,3.619999885559082,3.740000009536743,148100,0.0,0.0
2024-12-13 00:00:00-05:00,3.7899999618530273,4.179999828338623,3.7899999618530273,3.890000104904175,154200,0.0,0.0
2024-12-16 00:00:00-05:00,3.890000104904175,4.03000020980835,3.7300000190734863,3.7899999618530273,91300,0.0,0.0
2024-12-17 00:00:00-05:00,3.809999942779541,4.010000228881836,3.809999942779541,3.9000000953674316,262800,0.0,0.0
2024-12-18 00:00:00-05:00,3.9200000762939453,3.994999885559082,3.505000114440918,3.5299999713897705,75400,0.0,0.0
2024-12-19 00:00:00-05:00,3.640000104904175,3.6700000762939453,3.5,3.619999885559082,89100,0.0,0.0
2024-12-20 00:00:00-05:00,3.569999933242798,3.6500000953674316,3.549999952316284,3.6500000953674316,254500,0.0,0.0
2024-12-23 00:00:00-05:00,3.640000104904175,4.010000228881836,3.640000104904175,3.9700000286102295,116500,0.0,0.0
2024-12-24 00:00:00-05:00,3.9230000972747803,4.010000228881836,3.9230000972747803,3.9700000286102295,25100,0.0,0.0
2024-12-26 00:00:00-05:00,3.990000009536743,4.010000228881836,3.880000114440918,3.990000009536743,36000,0.0,0.0
2024-12-27 00:00:00-05:00,3.990000009536743,4.03000020980835,3.7699999809265137,3.9600000381469727,64000,0.0,0.0
2024-12-30 00:00:00-05:00,3.880000114440918,3.930000066757202,3.8399999141693115,3.890000104904175,35500,0.0,0.0
2024-12-31 00:00:00-05:00,3.940000057220459,4.099999904632568,3.799999952316284,4.019999980926514,77700,0.0,0.0
2025-01-02 00:00:00-05:00,4.050000190734863,4.079999923706055,3.686000108718872,3.740000009536743,172200,0.0,0.0
2025-01-03 00:00:00-05:00,3.740000009536743,3.740000009536743,3.359999895095825,3.430000066757202,166300,0.0,0.0
2025-01-06 00:00:00-05:00,3.4800000190734863,3.5,3.180000066757202,3.190000057220459,98000,0.0,0.0
2025-01-07 00:00:00-05:00,3.240000009536743,3.299999952316284,3.0899999141693115,3.1600000858306885,87200,0.0,0.0
2025-01-08 00:00:00-05:00,3.1500000953674316,3.1600000858306885,3.0299999713897705,3.1500000953674316,57800,0.0,0.0
2025-01-10 00:00:00-05:00,3.0799999237060547,3.1010000705718994,2.9000000953674316,2.930000066757202,103400,0.0,0.0
2025-01-13 00:00:00-05:00,2.9000000953674316,2.940000057220459,2.700000047683716,2.930000066757202,85500,0.0,0.0
2025-01-14 00:00:00-05:00,2.950000047683716,3.0799999237060547,2.950000047683716,3.069999933242798,54600,0.0,0.0
2025-01-15 00:00:00-05:00,3.0999999046325684,3.1500000953674316,2.9700000286102295,3.0799999237060547,46000,0.0,0.0
2025-01-16 00:00:00-05:00,3.0899999141693115,3.0999999046325684,3.0,3.059999942779541,42300,0.0,0.0
2025-01-17 00:00:00-05:00,3.069999933242798,3.0899999141693115,2.9600000381469727,3.009999990463257,35400,0.0,0.0
2025-01-21 00:00:00-05:00,3.0199999809265137,3.0999999046325684,3.009999990463257,3.0299999713897705,23700,0.0,0.0
2025-01-22 00:00:00-05:00,3.0899999141693115,3.2200000286102295,3.009999990463257,3.190000057220459,101800,0.0,0.0
2025-01-23 00:00:00-05:00,3.1700000762939453,3.384999990463257,3.1700000762939453,3.309999942779541,67800,0.0,0.0
2025-01-24 00:00:00-05:00,3.2699999809265137,3.450000047683716,3.2699999809265137,3.369999885559082,31600,0.0,0.0
2025-01-27 00:00:00-05:00,3.359999895095825,4.099999904632568,3.359999895095825,3.559999942779541,597900,0.0,0.0
2025-01-28 00:00:00-05:00,3.559999942779541,3.930000066757202,3.5,3.6600000858306885,102400,0.0,0.0
2025-01-29 00:00:00-05:00,3.6500000953674316,3.7200000286102295,3.5,3.5299999713897705,32400,0.0,0.0
2025-01-30 00:00:00-05:00,3.5250000953674316,3.549999952316284,3.3399999141693115,3.369999885559082,31200,0.0,0.0
2025-01-31 00:00:00-05:00,3.380000114440918,3.4700000286102295,3.2850000858306885,3.4600000381469727,51100,0.0,0.0
2025-02-03 00:00:00-05:00,3.309999942779541,3.430000066757202,3.2809998989105225,3.4100000858306885,44300,0.0,0.0
2025-02-04 00:00:00-05:00,3.390000104904175,3.5899999141693115,3.369999885559082,3.5299999713897705,38600,0.0,0.0
2025-02-05 00:00:00-05:00,3.490000009536743,3.569999933242798,3.427000045776367,3.559999942779541,25500,0.0,0.0
2025-02-06 00:00:00-05:00,3.5299999713897705,3.5910000801086426,3.3499999046325684,3.5,44900,0.0,0.0
2025-02-07 00:00:00-05:00,3.490000009536743,3.630000114440918,3.424999952316284,3.5399999618530273,43300,0.0,0.0
2025-02-10 00:00:00-05:00,3.5899999141693115,3.619999885559082,3.4200000762939453,3.559999942779541,41400,0.0,0.0
2025-02-11 00:00:00-05:00,3.509999990463257,3.565000057220459,3.4140000343322754,3.5399999618530273,33600,0.0,0.0
2025-02-12 00:00:00-05:00,3.490000009536743,3.5,3.359999895095825,3.369999885559082,27700,0.0,0.0
2025-02-13 00:00:00-05:00,3.390000104904175,3.390000104904175,3.190000057220459,3.200000047683716,41700,0.0,0.0
2025-02-14 00:00:00-05:00,3.2300000190734863,3.2300000190734863,3.049999952316284,3.069999933242798,48200,0.0,0.0
2025-02-18 00:00:00-05:00,3.069999933242798,3.140000104904175,3.059999942779541,3.0899999141693115,27900,0.0,0.0
2025-02-19 00:00:00-05:00,3.049999952316284,3.0999999046325684,2.990000009536743,3.0299999713897705,58500,0.0,0.0
2025-02-20 00:00:00-05:00,2.990000009536743,3.2100000381469727,2.990000009536743,3.190000057220459,26600,0.0,0.0
2025-02-21 00:00:00-05:00,3.2799999713897705,3.3399999141693115,3.1600000858306885,3.1600000858306885,42400,0.0,0.0
2025-02-24 00:00:00-05:00,3.1500000953674316,3.240000009536743,3.049999952316284,3.059999942779541,66000,0.0,0.0
2025-02-25 00:00:00-05:00,3.0999999046325684,3.130000114440918,3.049999952316284,3.049999952316284,29100,0.0,0.0
2025-02-26 00:00:00-05:00,3.069999933242798,3.0899999141693115,3.009999990463257,3.009999990463257,38000,0.0,0.0
2025-02-27 00:00:00-05:00,3.009999990463257,3.140000104904175,3.009999990463257,3.059999942779541,42600,0.0,0.0
2025-02-28 00:00:00-05:00,3.121999979019165,3.2799999713897705,3.069999933242798,3.259999990463257,35000,0.0,0.0
2025-03-03 00:00:00-05:00,3.2899999618530273,3.3499999046325684,3.0999999046325684,3.1700000762939453,42400,0.0,0.0
2025-03-04 00:00:00-05:00,3.1700000762939453,3.380000114440918,3.1600000858306885,3.359999895095825,72600,0.0,0.0
2025-03-05 00:00:00-05:00,3.3499999046325684,3.5,3.3429999351501465,3.4700000286102295,43600,0.0,0.0
2025-03-06 00:00:00-05:00,3.4700000286102295,3.5,3.3299999237060547,3.430000066757202,28500,0.0,0.0
2025-03-07 00:00:00-05:00,3.440000057220459,3.5399999618530273,3.2200000286102295,3.2899999618530273,50500,0.0,0.0
2025-03-10 00:00:00-04:00,3.2899999618530273,3.359999895095825,3.049999952316284,3.119999885559082,22900,0.0,0.0
2025-03-11 00:00:00-04:00,3.1649999618530273,3.240000009536743,3.0199999809265137,3.0999999046325684,28200,0.0,0.0
2025-03-12 00:00:00-04:00,3.140000104904175,3.2699999809265137,3.0999999046325684,3.140000104904175,26700,0.0,0.0
2025-03-13 00:00:00-04:00,3.109999895095825,3.140000104904175,3.0999999046325684,3.0999999046325684,18600,0.0,0.0
2025-03-14 00:00:00-04:00,3.119999885559082,3.4000000953674316,3.009999990463257,3.2100000381469727,43700,0.0,0.0
2025-03-17 00:00:00-04:00,3.259999990463257,3.259999990463257,3.0999999046325684,3.190000057220459,24200,0.0,0.0
2025-03-18 00:00:00-04:00,3.1600000858306885,3.3450000286102295,3.140000104904175,3.305000066757202,115600,0.0,0.0
2025-03-19 00:00:00-04:00,2.880000114440918,3.505000114440918,2.802000045776367,3.200000047683716,209800,0.0,0.0
2025-03-20 00:00:00-04:00,3.1600000858306885,3.239000082015991,2.940000057220459,3.130000114440918,65600,0.0,0.0
2025-03-21 00:00:00-04:00,3.0999999046325684,3.190000057220459,3.0,3.109999895095825,105500,0.0,0.0
2025-03-24 00:00:00-04:00,3.140000104904175,3.3399999141693115,3.0199999809265137,3.1500000953674316,160600,0.0,0.0
2025-03-25 00:00:00-04:00,3.062999963760376,3.130000114440918,2.950000047683716,3.049999952316284,33800,0.0,0.0
2025-03-26 00:00:00-04:00,3.003000020980835,3.1700000762939453,2.9600000381469727,3.119999885559082,32900,0.0,0.0
2025-03-27 00:00:00-04:00,3.0799999237060547,3.1700000762939453,3.069999933242798,3.0999999046325684,33400,0.0,0.0
2025-03-28 00:00:00-04:00,3.055000066757202,3.0999999046325684,2.9600000381469727,2.990000009536743,90500,0.0,0.0
2025-03-31 00:00:00-04:00,2.990000009536743,3.0399999618530273,2.9800000190734863,3.0,34000,0.0,0.0
2025-04-01 00:00:00-04:00,3.0,3.055000066757202,2.9519999027252197,2.9700000286102295,30000,0.0,0.0
2025-04-02 00:00:00-04:00,2.940000057220459,2.999000072479248,2.940000057220459,2.9700000286102295,23600,0.0,0.0
2025-04-03 00:00:00-04:00,2.869999885559082,2.9230000972747803,2.619999885559082,2.680000066757202,95600,0.0,0.0
2025-04-04 00:00:00-04:00,2.609999895095825,2.740000009536743,2.4100000858306885,2.5399999618530273,73100,0.0,0.0
2025-04-07 00:00:00-04:00,2.450000047683716,2.6449999809265137,2.4100000858306885,2.505000114440918,61100,0.0,0.0
2025-04-08 00:00:00-04:00,2.5799999237060547,2.6600000858306885,2.325000047683716,2.3399999141693115,51800,0.0,0.0
2025-04-09 00:00:00-04:00,2.3399999141693115,2.740000009536743,2.319999933242798,2.640000104904175,49000,0.0,0.0
2025-04-10 00:00:00-04:00,2.569999933242798,2.6549999713897705,2.390000104904175,2.5199999809265137,44600,0.0,0.0
2025-04-11 00:00:00-04:00,2.549999952316284,2.630000114440918,2.3499999046325684,2.440000057220459,66900,0.0,0.0
2025-04-14 00:00:00-04:00,2.450000047683716,2.549999952316284,2.4200000762939453,2.4800000190734863,23900,0.0,0.0
2025-04-15 00:00:00-04:00,2.440000057220459,2.5,2.309999942779541,2.3299999237060547,42400,0.0,0.0
2025-04-16 00:00:00-04:00,2.359999895095825,2.630000114440918,2.359999895095825,2.619999885559082,56800,0.0,0.0
2025-04-17 00:00:00-04:00,2.5999999046325684,2.7200000286102295,2.5299999713897705,2.619999885559082,53800,0.0,0.0
2025-04-21 00:00:00-04:00,2.5899999141693115,2.8350000381469727,2.5299999713897705,2.75,51000,0.0,0.0
2025-04-22 00:00:00-04:00,2.7799999713897705,3.0999999046325684,2.7799999713897705,2.930000066757202,41300,0.0,0.0
2025-04-23 00:00:00-04:00,2.9800000190734863,3.009999990463257,2.819999933242798,2.8399999141693115,20000,0.0,0.0
2025-04-24 00:00:00-04:00,2.819999933242798,2.8399999141693115,2.7200000286102295,2.819999933242798,26500,0.0,0.0
2025-04-25 00:00:00-04:00,2.7699999809265137,2.7699999809265137,2.555000066757202,2.690000057220459,43000,0.0,0.0
2025-04-28 00:00:00-04:00,2.690000057220459,2.7850000858306885,2.640000104904175,2.690000057220459,65100,0.0,0.0
2025-04-29 00:00:00-04:00,2.680000066757202,2.7750000953674316,2.509999990463257,2.740000009536743,53000,0.0,0.0
2025-04-30 00:00:00-04:00,2.700000047683716,2.809999942779541,2.5,2.7200000286102295,51400,0.0,0.0
2025-05-01 00:00:00-04:00,2.690000057220459,2.8399999141693115,2.640000104904175,2.7699999809265137,36200,0.0,0.0
2025-05-02 00:00:00-04:00,2.809999942779541,2.9100000858306885,2.7100000381469727,2.7799999713897705,46300,0.0,0.0
2025-05-05 00:00:00-04:00,2.75,2.75,2.6500000953674316,2.7200000286102295,37100,0.0,0.0
2025-05-06 00:00:00-04:00,2.6700000762939453,2.7300000190734863,2.6510000228881836,2.7100000381469727,17600,0.0,0.0
2025-05-07 00:00:00-04:00,2.75,2.8299999237060547,2.6600000858306885,2.799999952316284,62200,0.0,0.0
2025-05-08 00:00:00-04:00,2.799999952316284,2.799999952316284,2.640000104904175,2.700000047683716,40300,0.0,0.0
2025-05-09 00:00:00-04:00,2.700000047683716,2.819999933242798,2.700000047683716,2.819999933242798,39500,0.0,0.0
2025-05-12 00:00:00-04:00,2.9000000953674316,3.0899999141693115,2.8399999141693115,3.0799999237060547,107300,0.0,0.0
2025-05-13 00:00:00-04:00,3.0899999141693115,3.0999999046325684,2.9600000381469727,3.0299999713897705,57500,0.0,0.0
2025-05-14 00:00:00-04:00,3.0299999713897705,3.0299999713897705,2.119999885559082,2.4000000953674316,517100,0.0,0.0
2025-05-15 00:00:00-04:00,2.380000114440918,2.5199999809265137,2.190000057220459,2.200000047683716,546400,0.0,0.0
2025-05-16 00:00:00-04:00,2.180000066757202,2.259999990463257,2.015000104904175,2.109999895095825,573900,0.0,0.0
2025-05-19 00:00:00-04:00,2.0799999237060547,2.1649999618530273,1.9800000190734863,2.119999885559082,169900,0.0,0.0
2025-05-20 00:00:00-04:00,2.0999999046325684,2.200000047683716,2.046999931335449,2.180000066757202,86500,0.0,0.0
2025-05-21 00:00:00-04:00,2.130000114440918,2.190000057220459,2.119999885559082,2.1700000762939453,72900,0.0,0.0
2025-05-22 00:00:00-04:00,2.140000104904175,2.380000114440918,2.0999999046325684,2.359999895095825,115400,0.0,0.0
2025-05-23 00:00:00-04:00,2.309999942779541,2.380000114440918,2.25,2.369999885559082,71400,0.0,0.0
2025-05-27 00:00:00-04:00,2.4000000953674316,2.6600000858306885,2.299999952316284,2.640000104904175,174400,0.0,0.0
2025-05-28 00:00:00-04:00,2.619999885559082,2.740000009536743,2.5199999809265137,2.6700000762939453,169900,0.0,0.0
2025-05-29 00:00:00-04:00,2.6700000762939453,2.740000009536743,2.5799999237060547,2.6500000953674316,149300,0.0,0.0
2025-05-30 00:00:00-04:00,2.640000104904175,2.75,2.569999933242798,2.690000057220459,103400,0.0,0.0
2025-06-02 00:00:00-04:00,2.6700000762939453,2.7300000190734863,2.384999990463257,2.430000066757202,119200,0.0,0.0
2025-06-03 00:00:00-04:00,2.4100000858306885,2.569999933242798,2.359999895095825,2.4000000953674316,192400,0.0,0.0
2025-06-04 00:00:00-04:00,2.430000066757202,2.4749999046325684,2.3399999141693115,2.390000104904175,195200,0.0,0.0
2025-06-05 00:00:00-04:00,2.369999885559082,2.440000057220459,2.3499999046325684,2.369999885559082,98200,0.0,0.0
2025-06-06 00:00:00-04:00,2.4000000953674316,2.4600000381469727,2.359999895095825,2.450000047683716,155600,0.0,0.0
2025-06-09 00:00:00-04:00,2.4700000286102295,2.5299999713897705,2.319999933242798,2.319999933242798,112800,0.0,0.0
2025-06-10 00:00:00-04:00,2.319999933242798,2.390000104904175,2.2699999809265137,2.299999952316284,118400,0.0,0.0
2025-06-11 00:00:00-04:00,2.299999952316284,2.380000114440918,2.259999990463257,2.359999895095825,129500,0.0,0.0
2025-06-12 00:00:00-04:00,2.3499999046325684,2.369999885559082,2.2699999809265137,2.2799999713897705,55000,0.0,0.0
2025-06-13 00:00:00-04:00,2.2699999809265137,2.5,2.140000104904175,2.200000047683716,82000,0.0,0.0
2025-06-16 00:00:00-04:00,2.200000047683716,2.2300000190734863,2.1500000953674316,2.190000057220459,120600,0.0,0.0
2025-06-17 00:00:00-04:00,2.1500000953674316,2.190000057220459,2.0850000381469727,2.1500000953674316,77600,0.0,0.0
2025-06-18 00:00:00-04:00,2.1600000858306885,2.2850000858306885,2.125,2.25,88600,0.0,0.0
2025-06-20 00:00:00-04:00,2.2699999809265137,2.299999952316284,2.194999933242798,2.25,138000,0.0,0.0
2025-06-23 00:00:00-04:00,2.2300000190734863,2.319999933242798,2.200000047683716,2.25,97500,0.0,0.0
2025-06-24 00:00:00-04:00,2.2799999713897705,2.369999885559082,2.2139999866485596,2.359999895095825,62300,0.0,0.0
2025-06-25 00:00:00-04:00,2.3499999046325684,2.75,2.3299999237060547,2.700000047683716,187800,0.0,0.0
2025-06-26 00:00:00-04:00,2.6500000953674316,2.7799999713897705,2.4600000381469727,2.509999990463257,170400,0.0,0.0
2025-06-27 00:00:00-04:00,2.5199999809265137,2.674999952316284,2.5199999809265137,2.5999999046325684,1753800,0.0,0.0
2025-06-30 00:00:00-04:00,2.5899999141693115,2.619999885559082,2.369999885559082,2.450000047683716,138600,0.0,0.0
2025-07-01 00:00:00-04:00,2.440000057220459,2.546999931335449,2.390000104904175,2.5199999809265137,84100,0.0,0.0
2025-07-02 00:00:00-04:00,2.5199999809265137,2.7300000190734863,2.506999969482422,2.7200000286102295,101400,0.0,0.0
2025-07-03 00:00:00-04:00,2.75,2.822999954223633,2.75,2.819999933242798,30900,0.0,0.0
2025-07-07 00:00:00-04:00,2.8399999141693115,2.8399999141693115,2.505000114440918,2.6549999713897705,98100,0.0,0.0
2025-07-08 00:00:00-04:00,2.549999952316284,2.690000057220459,2.549999952316284,2.6700000762939453,68600,0.0,0.0
2025-07-09 00:00:00-04:00,2.690000057220459,2.7149999141693115,2.569999933242798,2.5799999237060547,111400,0.0,0.0
2025-07-10 00:00:00-04:00,2.569999933242798,2.6679999828338623,2.5399999618530273,2.569999933242798,63600,0.0,0.0
2025-07-11 00:00:00-04:00,2.5399999618530273,2.549999952316284,2.440000057220459,2.5399999618530273,102900,0.0,0.0
2025-07-14 00:00:00-04:00,2.5399999618530273,2.555999994277954,2.444999933242798,2.490000009536743,87900,0.0,0.0
2025-07-15 00:00:00-04:00,2.4800000190734863,2.5199999809265137,2.4000000953674316,2.4200000762939453,79000,0.0,0.0
2025-07-16 00:00:00-04:00,2.430000066757202,2.4600000381469727,2.3499999046325684,2.4600000381469727,108000,0.0,0.0
2025-07-17 00:00:00-04:00,2.430000066757202,2.5350000858306885,2.359999895095825,2.380000114440918,60300,0.0,0.0
2025-07-18 00:00:00-04:00,2.4100000858306885,2.424999952316284,2.25,2.299999952316284,67200,0.0,0.0
2025-07-21 00:00:00-04:00,2.309999942779541,2.4700000286102295,2.2699999809265137,2.2899999618530273,65900,0.0,0.0
2025-07-22 00:00:00-04:00,2.2799999713897705,2.440000057220459,2.2799999713897705,2.430000066757202,102600,0.0,0.0
2025-07-23 00:00:00-04:00,2.5,2.562999963760376,2.430000066757202,2.490000009536743,151600,0.0,0.0
2025-07-24 00:00:00-04:00,2.4600000381469727,2.4600000381469727,2.319999933242798,2.4100000858306885,64800,0.0,0.0
2025-07-25 00:00:00-04:00,2.390000104904175,2.390000104904175,2.259999990463257,2.2799999713897705,68900,0.0,0.0
2025-07-28 00:00:00-04:00,2.309999942779541,2.309999942779541,2.119999885559082,2.1500000953674316,121300,0.0,0.0
2025-07-29 00:00:00-04:00,2.1500000953674316,2.1500000953674316,2.0299999713897705,2.059999942779541,92600,0.0,0.0
2025-07-30 00:00:00-04:00,2.0899999141693115,2.119999885559082,1.9700000286102295,2.0,67600,0.0,0.0
2025-07-31 00:00:00-04:00,1.9800000190734863,2.0,1.7599999904632568,1.7799999713897705,139200,0.0,0.0
2025-08-01 00:00:00-04:00,1.7799999713897705,1.850000023841858,1.6799999475479126,1.7000000476837158,132500,0.0,0.0
2025-08-04 00:00:00-04:00,1.7100000381469727,1.9500000476837158,1.7000000476837158,1.8200000524520874,249400,0.0,0.0
2025-08-05 00:00:00-04:00,1.7999999523162842,1.7999999523162842,1.690000057220459,1.7400000095367432,119100,0.0,0.0
2025-08-06 00:00:00-04:00,1.7400000095367432,1.784999966621399,1.6799999475479126,1.6799999475479126,104400,0.0,0.0
2025-08-07 00:00:00-04:00,1.7000000476837158,1.7300000190734863,1.600000023841858,1.6100000143051147,76500,0.0,0.0
2025-08-08 00:00:00-04:00,1.6399999856948853,1.6699999570846558,1.6200000047683716,1.6399999856948853,147200,0.0,0.0
2025-08-11 00:00:00-04:00,1.6699999570846558,1.7319999933242798,1.6100000143051147,1.6799999475479126,187700,0.0,0.0
2025-08-12 00:00:00-04:00,1.7100000381469727,1.8799999952316284,1.6770000457763672,1.8799999952316284,167600,0.0,0.0
2025-08-13 00:00:00-04:00,1.899999976158142,2.0399999618530273,1.8799999952316284,1.9199999570846558,436900,0.0,0.0
2025-08-14 00:00:00-04:00,1.840000033378601,2.0999999046325684,1.8009999990463257,1.840000033378601,83000,0.0,0.0
2025-08-15 00:00:00-04:00,1.840000033378601,1.850000023841858,1.7100000381469727,1.7300000190734863,277200,0.0,0.0
2025-08-18 00:00:00-04:00,1.7699999809265137,1.8389999866485596,1.7300000190734863,1.7999999523162842,3077700,0.0,0.0
2025-08-19 00:00:00-04:00,1.9500000476837158,1.9800000190734863,1.600000023841858,1.7999999523162842,3106700,0.0,0.0
2025-08-20 00:00:00-04:00,1.7100000381469727,1.7699999809265137,1.6799999475479126,1.7000000476837158,241900,0.0,0.0
2025-08-21 00:00:00-04:00,1.6299999952316284,1.6799999475479126,1.5,1.6449999809265137,479100,0.0,0.0
2025-08-22 00:00:00-04:00,1.6399999856948853,1.75,1.5800000429153442,1.7300000190734863,308400,0.0,0.0
2025-08-25 00:00:00-04:00,1.690000057220459,1.7899999618530273,1.6399999856948853,1.7599999904632568,529100,0.0,0.0
2025-08-26 00:00:00-04:00,1.7300000190734863,1.7649999856948853,1.5750000476837158,1.5850000381469727,585500,0.0,0.0
2025-08-27 00:00:00-04:00,1.5800000429153442,1.649999976158142,1.559999942779541,1.6200000047683716,154700,0.0,0.0
2025-08-28 00:00:00-04:00,1.6399999856948853,1.6399999856948853,1.559999942779541,1.5800000429153442,137900,0.0,0.0
2025-08-29 00:00:00-04:00,1.590000033378601,1.590000033378601,1.5399999618530273,1.559999942779541,88800,0.0,0.0
2025-09-02 00:00:00-04:00,1.5399999618530273,1.562999963760376,1.4800000190734863,1.5199999809265137,178700,0.0,0.0
2025-09-03 00:00:00-04:00,1.4900000095367432,1.534999966621399,1.4869999885559082,1.4900000095367432,70700,0.0,0.0
2025-09-04 00:00:00-04:00,1.5049999952316284,1.6200000047683716,1.4900000095367432,1.590000033378601,194400,0.0,0.0
2025-09-05 00:00:00-04:00,1.600000023841858,1.7999999523162842,1.5800000429153442,1.7799999713897705,245800,0.0,0.0
2025-09-08 00:00:00-04:00,1.7400000095367432,1.8650000095367432,1.6749999523162842,1.8300000429153442,243900,0.0,0.0
2025-09-09 00:00:00-04:00,1.8300000429153442,1.909999966621399,1.8200000524520874,1.850000023841858,135000,0.0,0.0
2025-09-10 00:00:00-04:00,1.899999976158142,1.909999966621399,1.659999966621399,1.6799999475479126,320600,0.0,0.0
2025-09-11 00:00:00-04:00,1.6799999475479126,1.8300000429153442,1.6799999475479126,1.7899999618530273,215300,0.0,0.0
2025-09-12 00:00:00-04:00,1.7699999809265137,1.8550000190734863,1.7000000476837158,1.809999942779541,117900,0.0,0.0
2025-09-15 00:00:00-04:00,1.8200000524520874,1.840000033378601,1.7200000286102295,1.75,90800,0.0,0.0
2025-09-16 00:00:00-04:00,1.7599999904632568,1.8049999475479126,1.7400000095367432,1.7799999713897705,59600,0.0,0.0
2025-09-17 00:00:00-04:00,1.7599999904632568,1.9900000095367432,1.7430000305175781,1.9700000286102295,161300,0.0,0.0
2025-09-18 00:00:00-04:00,1.9700000286102295,2.109999895095825,1.909999966621399,2.0799999237060547,178700,0.0,0.0
2025-09-19 00:00:00-04:00,2.0799999237060547,2.0799999237060547,1.9709999561309814,2.0799999237060547,328600,0.0,0.0
2025-09-22 00:00:00-04:00,2.0399999618530273,2.119999885559082,1.9850000143051147,2.075000047683716,140800,0.0,0.0
2025-09-23 00:00:00-04:00,2.049999952316284,2.0899999141693115,1.909999966621399,2.0299999713897705,194200,0.0,0.0
2025-09-24 00:00:00-04:00,2.0299999713897705,2.0299999713897705,1.934999942779541,2.0199999809265137,73900,0.0,0.0
2025-09-25 00:00:00-04:00,1.9900000095367432,2.0250000953674316,1.9600000381469727,2.009999990463257,90800,0.0,0.0
2025-09-26 00:00:00-04:00,1.9800000190734863,2.0299999713897705,1.9700000286102295,2.0199999809265137,92500,0.0,0.0
2025-09-29 00:00:00-04:00,2.009999990463257,2.049999952316284,1.9609999656677246,2.0,52700,0.0,0.0
2025-09-30 00:00:00-04:00,1.9900000095367432,2.0299999713897705,1.9199999570846558,1.9800000190734863,202500,0.0,0.0
2025-10-01 00:00:00-04:00,1.940000057220459,1.9900000095367432,1.899999976158142,1.940000057220459,82600,0.0,0.0
2025-10-02 00:00:00-04:00,1.940000057220459,1.940000057220459,1.8700000047683716,1.8700000047683716,69100,0.0,0.0
2025-10-03 00:00:00-04:00,1.9199999570846558,1.965000033378601,1.815000057220459,1.8700000047683716,126300,0.0,0.0
2025-10-06 00:00:00-04:00,1.8700000047683716,1.9600000381469727,1.8700000047683716,1.9199999570846558,48600,0.0,0.0
2025-10-07 00:00:00-04:00,1.909999966621399,2.003000020980835,1.8700000047683716,1.9800000190734863,65600,0.0,0.0
2025-10-08 00:00:00-04:00,1.9800000190734863,2.190000057220459,1.9500000476837158,2.130000114440918,104000,0.0,0.0
2025-10-09 00:00:00-04:00,2.119999885559082,2.125999927520752,1.9900000095367432,2.009999990463257,66100,0.0,0.0
2025-10-10 00:00:00-04:00,1.9900000095367432,2.049999952316284,1.840000033378601,1.8600000143051147,71700,0.0,0.0
2025-10-13 00:00:00-04:00,1.899999976158142,1.9199999570846558,1.8350000381469727,1.8799999952316284,63500,0.0,0.0
2025-10-14 00:00:00-04:00,1.8300000429153442,1.9500000476837158,1.7999999523162842,1.909999966621399,39900,0.0,0.0
2025-10-15 00:00:00-04:00,1.940000057220459,2.069999933242798,1.8700000047683716,2.0399999618530273,74800,0.0,0.0
2025-10-16 00:00:00-04:00,2.0299999713897705,2.069999933242798,1.9500000476837158,1.9600000381469727,84600,0.0,0.0
2025-10-17 00:00:00-04:00,1.9500000476837158,2.0,1.8899999856948853,1.8899999856948853,45100,0.0,0.0
2025-10-20 00:00:00-04:00,1.899999976158142,1.9500000476837158,1.8700000047683716,1.899999976158142,29800,0.0,0.0
2025-10-21 00:00:00-04:00,1.8700000047683716,1.9700000286102295,1.7999999523162842,1.840000033378601,49500,0.0,0.0
2025-10-22 00:00:00-04:00,1.840000033378601,1.8849999904632568,1.774999976158142,1.8600000143051147,47900,0.0,0.0
2025-10-23 00:00:00-04:00,1.8700000047683716,1.8949999809265137,1.7899999618530273,1.8200000524520874,21700,0.0,0.0
2025-10-24 00:00:00-04:00,1.8600000143051147,1.9299999475479126,1.840000033378601,1.9199999570846558,30900,0.0,0.0
2025-10-27 00:00:00-04:00,1.8899999856948853,2.0399999618530273,1.850000023841858,1.9299999475479126,36500,0.0,0.0
2025-10-28 00:00:00-04:00,1.9299999475479126,1.9299999475479126,1.7899999618530273,1.8700000047683716,60400,0.0,0.0
2025-10-29 00:00:00-04:00,1.8799999952316284,1.9600000381469727,1.75,1.75,64100,0.0,0.0
2025-10-30 00:00:00-04:00,1.7599999904632568,1.9500000476837158,1.75,1.7799999713897705,21800,0.0,0.0
2025-10-31 00:00:00-04:00,1.7899999618530273,1.8300000429153442,1.7599999904632568,1.809999942779541,20500,0.0,0.0
2025-11-03 00:00:00-05:00,1.7799999713897705,1.7999999523162842,1.75,1.7699999809265137,31300,0.0,0.0
2025-11-04 00:00:00-05:00,1.7400000095367432,1.8300000429153442,1.7000000476837158,1.7100000381469727,43600,0.0,0.0
2025-11-05 00:00:00-05:00,1.7100000381469727,1.8300000429153442,1.6399999856948853,1.8300000429153442,51900,0.0,0.0
2025-11-06 00:00:00-05:00,1.8200000524520874,1.8200000524520874,1.7100000381469727,1.7999999523162842,49900,0.0,0.0
2025-11-07 00:00:00-05:00,1.7999999523162842,1.8700000047683716,1.7350000143051147,1.8200000524520874,52400,0.0,0.0
2025-11-10 00:00:00-05:00,1.840000033378601,1.840000033378601,1.7599999904632568,1.7899999618530273,49900,0.0,0.0
2025-11-11 00:00:00-05:00,1.7999999523162842,1.8200000524520874,1.7300000190734863,1.7799999713897705,28500,0.0,0.0
2025-11-12 00:00:00-05:00,1.7599999904632568,1.809999942779541,1.659999966621399,1.7799999713897705,78800,0.0,0.0
2025-11-13 00:00:00-05:00,1.7699999809265137,1.9199999570846558,1.75,1.8899999856948853,60200,0.0,0.0
2025-11-14 00:00:00-05:00,1.8600000143051147,1.909999966621399,1.7899999618530273,1.8899999856948853,241600,0.0,0.0
2025-11-17 00:00:00-05:00,1.909999966621399,2.0899999141693115,1.7799999713897705,1.9700000286102295,122500,0.0,0.0
2025-11-18 00:00:00-05:00,1.9800000190734863,2.3989999294281006,1.9800000190734863,2.25,167400,0.0,0.0
2025-11-19 00:00:00-05:00,2.2300000190734863,2.3399999141693115,2.1500000953674316,2.299999952316284,60700,0.0,0.0
2025-11-20 00:00:00-05:00,2.3399999141693115,3.2200000286102295,2.309999942779541,2.5199999809265137,618500,0.0,0.0
2025-11-21 00:00:00-05:00,2.509999990463257,3.1500000953674316,2.4200000762939453,3.0799999237060547,319800,0.0,0.0
2025-11-24 00:00:00-05:00,2.5899999141693115,3.2100000381469727,2.5399999618530273,2.880000114440918,257800,0.0,0.0
2025-11-25 00:00:00-05:00,2.7300000190734863,2.7799999713897705,2.309999942779541,2.559999942779541,267300,0.0,0.0
2025-11-26 00:00:00-05:00,2.509999990463257,2.680000066757202,2.180000066757202,2.630000114440918,241700,0.0,0.0
2025-11-28 00:00:00-05:00,2.569999933242798,2.5899999141693115,2.309999942779541,2.5199999809265137,113600,0.0,0.0
2025-12-01 00:00:00-05:00,2.4100000858306885,2.4100000858306885,2.180999994277954,2.380000114440918,69900,0.0,0.0
2025-12-02 00:00:00-05:00,2.319999933242798,2.380000114440918,2.265000104904175,2.3399999141693115,70400,0.0,0.0
2025-12-03 00:00:00-05:00,2.369999885559082,2.5299999713897705,2.359999895095825,2.450000047683716,78300,0.0,0.0
2025-12-04 00:00:00-05:00,2.4600000381469727,2.4600000381469727,2.3499999046325684,2.430000066757202,77000,0.0,0.0
2025-12-05 00:00:00-05:00,2.369999885559082,2.434999942779541,2.2699999809265137,2.3299999237060547,103300,0.0,0.0
2025-12-08 00:00:00-05:00,2.3499999046325684,2.3499999046325684,2.1600000858306885,2.190000057220459,144300,0.0,0.0
2025-12-09 00:00:00-05:00,2.190000057220459,2.2200000286102295,2.1500000953674316,2.1500000953674316,84900,0.0,0.0
2025-12-10 00:00:00-05:00,2.1500000953674316,2.200000047683716,2.0999999046325684,2.109999895095825,128600,0.0,0.0
2025-12-11 00:00:00-05:00,2.140000104904175,2.25,1.940000057220459,1.940000057220459,296800,0.0,0.0
2025-12-12 00:00:00-05:00,1.9600000381469727,1.9600000381469727,1.7999999523162842,1.850000023841858,209500,0.0,0.0
2025-12-15 00:00:00-05:00,1.8799999952316284,1.9170000553131104,1.7699999809265137,1.899999976158142,83200,0.0,0.0
2025-12-16 00:00:00-05:00,1.909999966621399,2.0,1.840000033378601,1.940000057220459,99200,0.0,0.0
2025-12-17 00:00:00-05:00,1.9299999475479126,1.9800000190734863,1.7269999980926514,1.9600000381469727,57700,0.0,0.0
2025-12-18 00:00:00-05:00,1.9700000286102295,2.009999990463257,1.8380000591278076,1.975000023841858,66600,0.0,0.0
2025-12-19 00:00:00-05:00,1.9800000190734863,1.9800000190734863,1.8700000047683716,1.940000057220459,162400,0.0,0.0
2025-12-22 00:00:00-05:00,1.9199999570846558,2.009999990463257,1.850000023841858,1.9199999570846558,53000,0.0,0.0
2025-12-23 00:00:00-05:00,1.909999966621399,1.940000057220459,1.840000033378601,1.899999976158142,41800,0.0,0.0
2025-12-24 00:00:00-05:00,1.899999976158142,2.0299999713897705,1.899999976158142,1.9900000095367432,66000,0.0,0.0
2025-12-26 00:00:00-05:00,1.9800000190734863,2.005000114440918,1.975000023841858,1.9900000095367432,52000,0.0,0.0
2025-12-29 00:00:00-05:00,1.9600000381469727,1.9739999771118164,1.899999976158142,1.940000057220459,36600,0.0,0.0
2025-12-30 00:00:00-05:00,1.8799999952316284,1.9850000143051147,1.840000033378601,1.9600000381469727,78900,0.0,0.0
2025-12-31 00:00:00-05:00,1.9500000476837158,1.9600000381469727,1.8700000047683716,1.8799999952316284,101600,0.0,0.0
2026-01-02 00:00:00-05:00,1.8799999952316284,1.899999976158142,1.6699999570846558,1.7100000381469727,76200,0.0,0.0
2026-01-05 00:00:00-05:00,1.7000000476837158,1.8359999656677246,1.600000023841858,1.6200000047683716,54500,0.0,0.0
2026-01-06 00:00:00-05:00,1.6299999952316284,1.6299999952316284,1.5299999713897705,1.559999942779541,84800,0.0,0.0
2026-01-07 00:00:00-05:00,1.5700000524520874,1.6360000371932983,1.5,1.5,45600,0.0,0.0
2026-01-08 00:00:00-05:00,1.5,1.559999942779541,1.4500000476837158,1.4700000286102295,92300,0.0,0.0
2026-01-09 00:00:00-05:00,1.4900000095367432,1.600000023841858,1.4700000286102295,1.4800000190734863,81100,0.0,0.0
2026-01-12 00:00:00-05:00,1.4900000095367432,1.7389999628067017,1.4900000095367432,1.6299999952316284,98500,0.0,0.0
2026-01-13 00:00:00-05:00,1.6200000047683716,1.7100000381469727,1.5499999523162842,1.6200000047683716,39100,0.0,0.0
2026-01-14 00:00:00-05:00,1.6799999475479126,1.690000057220459,1.600000023841858,1.6299999952316284,40900,0.0,0.0
2026-01-15 00:00:00-05:00,1.6399999856948853,1.690000057220459,1.590000033378601,1.649999976158142,32300,0.0,0.0
2026-01-16 00:00:00-05:00,1.649999976158142,1.680999994277954,1.600000023841858,1.6399999856948853,53900,0.0,0.0
2026-01-20 00:00:00-05:00,1.5800000429153442,1.6399999856948853,1.4520000219345093,1.590000033378601,38000,0.0,0.0
2026-01-21 00:00:00-05:00,1.590000033378601,1.7000000476837158,1.590000033378601,1.7000000476837158,81700,0.0,0.0
2026-01-22 00:00:00-05:00,1.7000000476837158,1.8250000476837158,1.690000057220459,1.7300000190734863,53700,0.0,0.0
2026-01-23 00:00:00-05:00,1.7000000476837158,1.7699999809265137,1.6950000524520874,1.7400000095367432,32100,0.0,0.0
2026-01-26 00:00:00-05:00,1.7400000095367432,1.850000023841858,1.7400000095367432,1.75,47900,0.0,0.0
2026-01-27 00:00:00-05:00,1.7400000095367432,1.7580000162124634,1.6399999856948853,1.6699999570846558,36300,0.0,0.0
2026-01-28 00:00:00-05:00,1.6130000352859497,1.6339999437332153,1.5,1.5750000476837158,48900,0.0,0.0
2026-01-29 00:00:00-05:00,1.590000033378601,1.6480000019073486,1.5199999809265137,1.5950000286102295,28200,0.0,0.0
2026-01-30 00:00:00-05:00,1.6699999570846558,1.899999976158142,1.5499999523162842,1.809999942779541,194500,0.0,0.0
2026-02-02 00:00:00-05:00,1.8200000524520874,1.940000057220459,1.690999984741211,1.899999976158142,142900,0.0,0.0
2026-02-03 00:00:00-05:00,1.899999976158142,2.0,1.8799999952316284,2.0,85900,0.0,0.0
2026-02-04 00:00:00-05:00,2.009999990463257,2.009999990463257,1.809999942779541,1.8300000429153442,79800,0.0,0.0
2026-02-05 00:00:00-05:00,1.8300000429153442,1.850000023841858,1.6150000095367432,1.7400000095367432,76700,0.0,0.0
2026-02-06 00:00:00-05:00,1.840000033378601,1.840000033378601,1.722000002861023,1.7999999523162842,60900,0.0,0.0
2026-02-09 00:00:00-05:00,1.7799999713897705,1.7999999523162842,1.659999966621399,1.7300000190734863,33700,0.0,0.0
2026-02-10 00:00:00-05:00,1.75,1.9600000381469727,1.75,1.9299999475479126,49800,0.0,0.0
2026-02-11 00:00:00-05:00,1.9600000381469727,1.9800000190734863,1.7699999809265137,1.8200000524520874,48200,0.0,0.0
2026-02-12 00:00:00-05:00,1.840000033378601,1.840000033378601,1.7649999856948853,1.7999999523162842,42500,0.0,0.0
2026-02-13 00:00:00-05:00,1.8200000524520874,1.8200000524520874,1.7300000190734863,1.7999999523162842,43300,0.0,0.0
2026-02-17 00:00:00-05:00,1.7999999523162842,1.8899999856948853,1.7100000381469727,1.8200000524520874,38500,0.0,0.0
2026-02-18 00:00:00-05:00,1.7999999523162842,1.8450000286102295,1.7200000286102295,1.7400000095367432,52600,0.0,0.0
2026-02-19 00:00:00-05:00,1.7200000286102295,1.8200000524520874,1.7000000476837158,1.809999942779541,42000,0.0,0.0
2026-02-20 00:00:00-05:00,1.809999942779541,1.850000023841858,1.7549999952316284,1.7999999523162842,78300,0.0,0.0
2026-02-23 00:00:00-05:00,1.7699999809265137,1.7999999523162842,1.7100000381469727,1.7200000286102295,68000,0.0,0.0
2026-02-24 00:00:00-05:00,1.7400000095367432,1.809999942779541,1.7300000190734863,1.7599999904632568,50600,0.0,0.0
2026-02-25 00:00:00-05:00,1.7599999904632568,1.7699999809265137,1.7200000286102295,1.7200000286102295,57800,0.0,0.0
2026-02-26 00:00:00-05:00,1.75,1.75,1.659999966621399,1.7000000476837158,40800,0.0,0.0
2026-02-27 00:00:00-05:00,1.7000000476837158,1.840000033378601,1.690000057220459,1.690000057220459,72500,0.0,0.0
2026-03-02 00:00:00-05:00,1.6799999475479126,1.7200000286102295,1.6200000047683716,1.6299999952316284,69500,0.0,0.0
2026-03-03 00:00:00-05:00,1.600000023841858,1.6649999618530273,1.5750000476837158,1.5800000429153442,124400,0.0,0.0
2026-03-04 00:00:00-05:00,1.590000033378601,1.6349999904632568,1.5700000524520874,1.590000033378601,61800,0.0,0.0
2026-03-05 00:00:00-05:00,1.5800000429153442,1.6100000143051147,1.4600000381469727,1.5700000524520874,92500,0.0,0.0
2026-03-06 00:00:00-05:00,1.5499999523162842,1.6200000047683716,1.503999948501587,1.5700000524520874,53700,0.0,0.0
2026-03-09 00:00:00-04:00,1.5399999618530273,1.600000023841858,1.4900000095367432,1.5800000429153442,59200,0.0,0.0
2026-03-10 00:00:00-04:00,1.559999942779541,1.6100000143051147,1.5,1.5399999618530273,41200,0.0,0.0
2026-03-11 00:00:00-04:00,1.5099999904632568,1.559999942779541,1.5,1.5199999809265137,41900,0.0,0.0
2026-03-12 00:00:00-04:00,1.4900000095367432,1.5099999904632568,1.409999966621399,1.4600000381469727,86800,0.0,0.0
2026-03-13 00:00:00-04:00,1.4600000381469727,1.600000023841858,1.4450000524520874,1.5800000429153442,74700,0.0,0.0
2026-03-16 00:00:00-04:00,1.590000033378601,1.6200000047683716,1.4500000476837158,1.5700000524520874,51500,0.0,0.0
2026-03-17 00:00:00-04:00,1.5700000524520874,1.600000023841858,1.5099999904632568,1.559999942779541,88300,0.0,0.0
2026-03-18 00:00:00-04:00,1.5399999618530273,1.628000020980835,1.440000057220459,1.4500000476837158,113300,0.0,0.0
2026-03-19 00:00:00-04:00,1.4299999475479126,1.434999942779541,1.309999942779541,1.3300000429153442,99500,0.0,0.0
2026-03-20 00:00:00-04:00,1.340000033378601,1.3600000143051147,1.1699999570846558,1.184999942779541,309100,0.0,0.0
2026-03-23 00:00:00-04:00,1.1799999475479126,1.2510000467300415,1.1699999570846558,1.2200000286102295,102600,0.0,0.0
2026-03-24 00:00:00-04:00,1.2100000381469727,1.2200000286102295,1.100000023841858,1.1299999952316284,112600,0.0,0.0
2026-03-25 00:00:00-04:00,1.159999966621399,1.190000057220459,1.0950000286102295,1.1299999952316284,81700,0.0,0.0
2026-03-26 00:00:00-04:00,1.1100000143051147,1.1100000143051147,1.0,1.0199999809265137,268400,0.0,0.0
2026-03-27 00:00:00-04:00,1.0299999713897705,1.0499999523162842,0.9800000190734863,0.9800000190734863,181600,0.0,0.0
2026-03-30 00:00:00-04:00,1.0099999904632568,1.0099999904632568,0.9419999718666077,0.9490000009536743,167900,0.0,0.0
2026-03-31 00:00:00-04:00,0.9800000190734863,0.9800000190734863,0.9190000295639038,0.949999988079071,352500,0.0,0.0
2026-04-01 00:00:00-04:00,0.9430000185966492,1.0,0.8870000243186951,0.9100000262260437,243100,0.0,0.0
2026-04-02 00:00:00-04:00,0.8920000195503235,0.9950000047683716,0.8569999933242798,0.8989999890327454,895300,0.0,0.0
2026-04-06 00:00:00-04:00,0.9200000166893005,1.0099999904632568,0.9169999957084656,0.9860000014305115,380700,0.0,0.0
2026-04-07 00:00:00-04:00,0.9810000061988831,1.0199999809265137,0.9419999718666077,1.0099999904632568,121400,0.0,0.0
2026-04-08 00:00:00-04:00,1.0499999523162842,1.1799999475479126,0.9980000257492065,1.100000023841858,793500,0.0,0.0
2026-04-09 00:00:00-04:00,1.1100000143051147,1.1299999952316284,0.9779999852180481,1.0700000524520874,267200,0.0,0.0
2026-04-10 00:00:00-04:00,1.0399999618530273,1.090000033378601,1.0,1.0399999618530273,239800,0.0,0.0
2026-04-13 00:00:00-04:00,1.0099999904632568,1.065000057220459,1.0099999904632568,1.0499999523162842,218400,0.0,0.0
2026-04-14 00:00:00-04:00,1.0399999618530273,1.0700000524520874,1.024999976158142,1.059999942779541,157700,0.0,0.0
2026-04-15 00:00:00-04:00,1.0499999523162842,1.0850000381469727,1.0299999713897705,1.0700000524520874,341200,0.0,0.0
2026-04-16 00:00:00-04:00,1.0700000524520874,1.0959999561309814,1.0199999809265137,1.059999942779541,151800,0.0,0.0
2026-04-17 00:00:00-04:00,1.0700000524520874,1.0700000524520874,1.0099999904632568,1.0399999618530273,98700,0.0,0.0
2026-04-20 00:00:00-04:00,1.059999942779541,1.0700000524520874,1.0199999809265137,1.0299999713897705,175900,0.0,0.0
2026-04-21 00:00:00-04:00,1.0099999904632568,1.034999966621399,0.921999990940094,0.9300000071525574,172700,0.0,0.0
2026-04-22 00:00:00-04:00,0.9800000190734863,0.9800000190734863,0.8579999804496765,0.8579999804496765,193800,0.0,0.0
2026-04-23 00:00:00-04:00,0.8769999742507935,0.8920000195503235,0.7900000214576721,0.800000011920929,167700,0.0,0.0
2026-04-24 00:00:00-04:00,0.8259999752044678,0.8600000143051147,0.7699999809265137,0.8519999980926514,131100,0.0,0.0
2026-04-27 00:00:00-04:00,0.8309999704360962,0.871999979019165,0.75,0.7699999809265137,158600,0.0,0.0
2026-04-28 00:00:00-04:00,0.7940000295639038,0.8050000071525574,0.7559999823570251,0.7789999842643738,3522900,0.0,0.0
2026-04-29 00:00:00-04:00,1.0399999618530273,1.0499999523162842,0.7630000114440918,0.7630000114440918,39753600,0.0,0.0
2026-04-30 00:00:00-04:00,0.7770000100135803,0.9200000166893005,0.7200000286102295,0.8899999856948853,3878300,0.0,0.0
2026-05-01 00:00:00-04:00,0.8799999952316284,1.0399999618530273,0.8600000143051147,0.9610000252723694,1676100,0.0,0.0
2026-05-04 00:00:00-04:00,0.925000011920929,1.0,0.8769999742507935,0.8830000162124634,677000,0.0,0.0
2026-05-05 00:00:00-04:00,0.8799999952316284,1.0499999523162842,0.8700000047683716,1.0399999618530273,1105900,0.0,0.0
2026-05-06 00:00:00-04:00,1.0199999809265137,1.2200000286102295,0.9929999709129333,1.2100000381469727,769800,0.0,0.0
2026-05-07 00:00:00-04:00,1.1799999475479126,1.4199999570846558,1.1200000047683716,1.399999976158142,771600,0.0,0.0
2026-05-08 00:00:00-04:00,1.4199999570846558,1.7999999523162842,1.4199999570846558,1.7999999523162842,980300,0.0,0.0
2026-05-11 00:00:00-04:00,1.809999942779541,1.8359999656677246,1.600000023841858,1.6699999570846558,398300,0.0,0.0
2026-05-12 00:00:00-04:00,1.659999966621399,1.7799999713897705,1.5499999523162842,1.7100000381469727,332441,0.0,0.0
