Date,Open,High,Low,Close,Volume,Dividends,Stock Splits
2022-01-03 00:00:00-05:00,106.32422088749045,109.20407516384682,106.32422088749045,108.2989730834961,283800,0.0,0.0
2022-01-04 00:00:00-05:00,108.96546365360818,111.73012456603244,108.96546365360818,111.3763198852539,338700,0.0,0.0
2022-01-05 00:00:00-05:00,111.76306325330356,114.70874510339118,111.68077665739497,112.7010726928711,370000,0.0,0.0
2022-01-06 00:00:00-05:00,113.05486798663217,115.11190716073517,111.23645238762074,111.41747283935547,336500,0.0,0.0
2022-01-07 00:00:00-05:00,111.08010797254401,113.86945240386999,110.79211748536206,112.24850463867188,298300,0.0,0.0
2022-01-10 00:00:00-05:00,111.74660344165778,112.16624750362077,108.94903495270633,111.43392944335938,302800,0.0,0.0
2022-01-11 00:00:00-05:00,111.2693565013771,111.46683677664804,108.82559302376988,109.75537872314453,337800,0.0,0.0
2022-01-12 00:00:00-05:00,109.00662110283047,109.45917225169725,105.87169527503619,105.9292984008789,379400,0.0,0.0
2022-01-13 00:00:00-05:00,106.02072210676204,110.0936415798662,105.60511756121082,108.54759216308594,248200,1.3,0.0
2022-01-14 00:00:00-05:00,108.22341134671163,108.59745286726357,105.77966115197064,107.35063934326172,248800,0.0,0.0
2022-01-18 00:00:00-05:00,106.24512989132482,106.61917773138784,103.56863600335245,103.75150299072266,249100,0.0,0.0
2022-01-19 00:00:00-05:00,103.90112982312311,104.75727411820618,101.91454072823474,103.12810516357422,221100,0.0,0.0
2022-01-20 00:00:00-05:00,103.43566955839954,104.34168449583099,99.49573358703235,99.72847747802734,375700,0.0,0.0
2022-01-21 00:00:00-05:00,99.32947487021076,99.65364587082567,95.87995627375783,95.97138977050781,564000,0.0,0.0
2022-01-24 00:00:00-05:00,94.37547362194512,100.07756805058999,92.92085782569126,99.93626403808594,614400,0.0,0.0
2022-01-25 00:00:00-05:00,98.55644317190503,100.50147537749962,95.41447441218087,99.04685974121094,394400,0.0,0.0
2022-01-26 00:00:00-05:00,99.79496429822473,100.45993412674466,95.98803137189604,96.73611450195312,388200,0.0,0.0
2022-01-27 00:00:00-05:00,97.09353238728507,98.07435937334952,94.36716756951193,95.43111419677734,355000,0.0,0.0
2022-01-28 00:00:00-05:00,95.4809881354067,96.85247802734375,92.93748406939599,96.85247802734375,274500,0.0,0.0
2022-01-31 00:00:00-05:00,95.61395858092772,99.03022766113281,95.24822463626478,99.03022766113281,318700,0.0,0.0
2022-02-01 00:00:00-05:00,99.36272175326965,100.96695533063445,97.98291180911431,100.60953521728516,297000,0.0,0.0
2022-02-02 00:00:00-05:00,101.3160644233907,102.29689129628805,99.80326429823931,100.37680053710938,365700,0.0,0.0
2022-02-03 00:00:00-05:00,99.99445192459723,101.55712266612994,99.25467637244839,99.6037826538086,191100,0.0,0.0
2022-02-04 00:00:00-05:00,99.09674202456569,100.43498907631707,97.45925921331575,99.94457244873047,203900,0.0,0.0
2022-02-07 00:00:00-05:00,100.23546716057875,101.65683980356263,99.62037441801878,100.55133056640625,182800,0.0,0.0
2022-02-08 00:00:00-05:00,101.52387976367844,104.1089405923021,100.55136663103309,103.75983428955078,258500,0.0,0.0
2022-02-09 00:00:00-05:00,104.64092252791099,106.11216631889226,104.52455375074693,105.93760681152344,349200,0.0,0.0
2022-02-10 00:00:00-05:00,104.54117233287626,107.6415852624086,104.11726023101572,104.59104919433594,248500,0.0,0.0
2022-02-11 00:00:00-05:00,104.2668548469484,105.98745715492652,102.78730390038824,103.89280700683594,296100,0.0,0.0
2022-02-14 00:00:00-05:00,104.46635846635637,106.54437484538778,104.45804459981957,105.08145141601562,267200,0.0,0.0
2022-02-15 00:00:00-05:00,106.47787620503706,109.34554467076562,106.03733011539117,109.22085571289062,304100,0.0,0.0
2022-02-16 00:00:00-05:00,108.53928679114865,111.55657991034016,108.33979203935895,110.75861358642578,331100,0.0,0.0
2022-02-17 00:00:00-05:00,109.99389371313413,110.62560801715267,107.86600060144701,108.41458892822266,336500,0.0,0.0
2022-02-18 00:00:00-05:00,108.38965640039059,111.6646221276109,108.38965640039059,110.13520050048828,373800,0.0,0.0
2022-02-22 00:00:00-05:00,111.19081000414991,111.2739232781504,106.60253365909445,109.79437255859375,539900,0.0,0.0
2022-02-23 00:00:00-05:00,111.39033203241405,112.08855734769422,106.27840090632354,106.71894073486328,381800,0.0,0.0
2022-02-24 00:00:00-05:00,103.95932997737972,109.87754151314263,103.13643467996512,109.60324096679688,315200,0.0,0.0
2022-02-25 00:00:00-05:00,109.44527307815831,112.58724166924488,108.76368838330835,112.51243591308594,313800,0.0,0.0
2022-02-28 00:00:00-05:00,110.57574150035751,113.04443345141934,110.40950222310713,111.6064453125,319600,0.0,0.0
2022-03-01 00:00:00-05:00,111.024620723636,111.17423229409238,102.9868228102913,103.57698059082031,548000,0.0,0.0
2022-03-02 00:00:00-05:00,104.10062714874547,107.1345416682202,103.80970522860346,105.89604187011719,283600,0.0,0.0
2022-03-03 00:00:00-05:00,106.43632102833888,106.99322956796179,101.81479441370264,103.86788177490234,545300,0.0,0.0
2022-03-04 00:00:00-05:00,102.65430705150408,103.6850043911851,100.21886453337844,101.54879760742188,381100,0.0,0.0
2022-03-07 00:00:00-05:00,101.54049707553501,101.69010861139691,91.15038431035444,91.99821472167969,797400,0.0,0.0
2022-03-08 00:00:00-05:00,92.77123761318452,97.75017778058286,91.02569996992119,92.68811798095703,554700,0.0,0.0
2022-03-09 00:00:00-05:00,94.56664454894921,97.96629263535547,94.56664454894921,96.1126937866211,525200,0.0,0.0
2022-03-10 00:00:00-05:00,94.49185144135693,98.2322924190541,93.69389146044287,97.91643524169922,367300,0.0,0.0
2022-03-11 00:00:00-05:00,99.18817223430361,99.53727849492714,97.17664796123869,97.58393859863281,303600,0.0,0.0
2022-03-14 00:00:00-04:00,98.0992874178632,99.65365059467254,96.14594745597897,97.28470611572266,313000,0.0,0.0
2022-03-15 00:00:00-04:00,97.40108629204332,100.27706912631052,96.32882575131225,96.77767944335938,415100,0.0,0.0
2022-03-16 00:00:00-04:00,98.489969254337,101.7483139038086,98.489969254337,101.7483139038086,367100,0.0,0.0
2022-03-17 00:00:00-04:00,99.95290282914986,101.44908187384443,99.64535315284523,101.38258361816406,299700,0.0,0.0
2022-03-18 00:00:00-04:00,101.06669989711726,103.06991664360432,99.71183150164069,102.79561614990234,625400,0.0,0.0
2022-03-21 00:00:00-04:00,102.97018338614696,103.3525388199198,99.59547639208321,99.88639831542969,378600,0.0,0.0
2022-03-22 00:00:00-04:00,100.11911509257915,102.54625003655602,99.62039099288728,99.89469146728516,244300,0.0,0.0
2022-03-23 00:00:00-04:00,99.76170816729477,100.35187217801615,97.37614223386196,97.5091323852539,378400,0.0,0.0
2022-03-24 00:00:00-04:00,97.94136005012776,99.62039947509766,96.83585053490746,99.62039947509766,241600,0.0,0.0
2022-03-25 00:00:00-04:00,99.26298530244395,100.10250823613424,97.04365861457526,97.93305206298828,294000,0.0,0.0
2022-03-28 00:00:00-04:00,97.70031679739033,98.53152588396848,95.19837567113592,96.89404296875,497000,0.0,0.0
2022-03-29 00:00:00-04:00,98.19072529984524,101.76492684272584,98.08267040357097,100.97528076171875,481800,0.0,0.0
2022-03-30 00:00:00-04:00,99.96951857253855,101.13321261468852,98.31541419111227,98.4899673461914,255300,0.0,0.0
2022-03-31 00:00:00-04:00,99.12999290607355,99.73677196020898,97.34289218336046,98.689453125,405300,0.0,0.0
2022-04-01 00:00:00-04:00,98.91386476865135,99.76169510492655,95.09861874298144,96.12100219726562,475100,0.0,0.0
2022-04-04 00:00:00-04:00,96.2124347426042,96.2124347426042,93.16189945677156,95.34797668457031,528500,0.0,0.0
2022-04-05 00:00:00-04:00,95.22329786337839,96.00463632687259,92.60499467321519,93.19515228271484,418000,0.0,0.0
2022-04-06 00:00:00-04:00,92.67980082307655,93.30320755507034,90.39397613909932,92.08132934570312,459500,0.0,0.0
2022-04-07 00:00:00-04:00,91.57429851031493,92.57175316432821,89.13885576691011,92.14783477783203,531800,0.0,0.0
2022-04-08 00:00:00-04:00,92.38888461873164,93.54426465892386,90.82620758934468,92.6631851196289,343900,0.0,0.0
2022-04-11 00:00:00-04:00,92.9707356957539,94.84095615323425,92.28914449380373,94.45028686523438,391200,0.0,0.0
2022-04-12 00:00:00-04:00,93.66895587051343,96.28725947234003,93.66895587051343,95.01551055908203,383000,0.0,0.0
2022-04-13 00:00:00-04:00,95.98801438060653,98.8390613934912,95.43109955261373,98.50657653808594,446400,0.0,0.0
2022-04-14 00:00:00-04:00,98.5065893470187,99.89329717059414,97.80903239652292,99.58233642578125,461200,1.3,0.0
2022-04-18 00:00:00-04:00,98.64106111160237,100.64968401638346,98.41414190467589,99.96053314208984,414000,0.0,0.0
2022-04-19 00:00:00-04:00,100.01094248187052,103.97776408353522,99.7252000096619,103.56595611572266,364400,0.0,0.0
2022-04-20 00:00:00-04:00,103.75084189695778,104.9190363925214,102.79275441731507,102.89360809326172,258400,0.0,0.0
2022-04-21 00:00:00-04:00,105.05351754991673,105.48213769686859,103.38106734587026,104.10383605957031,314000,0.0,0.0
2022-04-22 00:00:00-04:00,103.33904087135205,104.07021564409635,101.4396715247012,102.12882232666016,289600,0.0,0.0
2022-04-25 00:00:00-04:00,102.1456333663159,106.16287871042975,101.62456562926288,105.87713623046875,390200,0.0,0.0
2022-04-26 00:00:00-04:00,104.69213396840276,105.38128479215567,99.75041877456182,99.96892547607422,323500,0.0,0.0
2022-04-27 00:00:00-04:00,99.65795535564583,101.9943442066988,97.30475435363104,97.61571502685547,427500,0.0,0.0
2022-04-28 00:00:00-04:00,98.51497682299623,99.04444418498821,96.80890891128713,97.54007720947266,399800,0.0,0.0
2022-04-29 00:00:00-04:00,97.53169232688347,98.44775596039467,92.88411913054641,93.27912139892578,462900,0.0,0.0
2022-05-02 00:00:00-04:00,93.48922123934977,98.31328321139945,93.04379536658995,98.18721771240234,421300,0.0,0.0
2022-05-03 00:00:00-04:00,98.16201167192632,98.19562315580983,93.63210440159956,95.11965942382812,364100,0.0,0.0
2022-05-04 00:00:00-04:00,94.01029570776194,95.88444693813116,91.68230608372363,95.40540313720703,488600,0.0,0.0
2022-05-05 00:00:00-04:00,94.27922493649822,94.59858530762305,91.25368504534659,92.40506744384766,349800,0.0,0.0
2022-05-06 00:00:00-04:00,92.8841137629188,94.6658237002361,90.79985559892127,94.05231475830078,408200,0.0,0.0
2022-05-09 00:00:00-04:00,93.11104123753093,93.95146943924675,89.50560348273505,89.90901184082031,381300,0.0,0.0
2022-05-10 00:00:00-04:00,91.72432062618942,91.984851280549,88.9593114588455,90.85868072509766,340600,0.0,0.0
2022-05-11 00:00:00-04:00,91.07719294540459,91.07719294540459,86.92547619627017,87.42132568359375,408200,0.0,0.0
2022-05-12 00:00:00-04:00,87.05993594960555,92.44708266249579,86.169084295775,91.3041000366211,519100,0.0,0.0
2022-05-13 00:00:00-04:00,92.52272751028727,93.84220579786943,90.96793678988244,91.48059844970703,284100,0.0,0.0
2022-05-16 00:00:00-04:00,90.82506255249564,91.05197531334248,86.35398541336237,87.15238952636719,388700,0.0,0.0
2022-05-17 00:00:00-04:00,88.69038329564134,89.65687696853601,86.50527134733039,88.13570404052734,276500,0.0,0.0
2022-05-18 00:00:00-04:00,87.00952454704462,87.67346354890144,81.81567837111416,82.99227905273438,456000,0.0,0.0
2022-05-19 00:00:00-04:00,82.27791870338984,83.69823794327355,80.77355151737073,80.88280487060547,419400,0.0,0.0
2022-05-20 00:00:00-04:00,82.06781153734954,82.06781153734954,79.08428898889915,80.7147216796875,361800,0.0,0.0
2022-05-23 00:00:00-04:00,81.56356018643407,81.71483752041779,77.41184278529308,79.1599349975586,375500,0.0,0.0
2022-05-24 00:00:00-04:00,78.7733343168792,79.19354839719296,75.89066546944848,78.80694580078125,531300,0.0,0.0
2022-05-25 00:00:00-04:00,78.4875787840823,84.32015177842341,78.4875787840823,83.60578918457031,607600,0.0,0.0
2022-05-26 00:00:00-04:00,84.04281334493335,87.63984473018326,83.88312994775148,86.42122650146484,451700,0.0,0.0
2022-05-27 00:00:00-04:00,87.08515226631923,88.69036642312473,87.08515226631923,88.45504760742188,269300,0.0,0.0
2022-05-31 00:00:00-04:00,87.7659209746481,87.89198649248677,85.3538896281246,85.73208618164062,376500,0.0,0.0
2022-06-01 00:00:00-04:00,85.64802541837327,86.42961734725108,82.4039726413126,85.11014556884766,585000,0.0,0.0
2022-06-02 00:00:00-04:00,85.185789171711,86.17749454477699,84.9672760794877,85.82451629638672,267600,0.0,0.0
2022-06-03 00:00:00-04:00,84.26131885468159,84.7487622550273,82.97546495240024,83.7486572265625,474900,0.0,0.0
2022-06-06 00:00:00-04:00,84.69834980583224,86.25314063535498,83.5301551644316,85.6312255859375,607400,0.0,0.0
2022-06-07 00:00:00-04:00,82.81578084262651,84.04280502657971,79.58013413149463,80.68949890136719,1212400,0.0,0.0
2022-06-08 00:00:00-04:00,79.8406762686219,81.31142556830704,79.06748388994309,80.1180191040039,708700,0.0,0.0
2022-06-09 00:00:00-04:00,79.63055586676379,81.0844991803679,78.9498112140826,79.1515121459961,412000,0.0,0.0
2022-06-10 00:00:00-04:00,78.45397402910524,79.94153558767937,77.94971837323344,78.68929290771484,445700,0.0,0.0
2022-06-13 00:00:00-04:00,76.50416918222164,76.85714744657513,74.03330850783215,74.23501586914062,625000,0.0,0.0
2022-06-14 00:00:00-04:00,74.25182130442622,75.19310308412012,72.44489960820722,73.033203125,497200,0.0,0.0
2022-06-15 00:00:00-04:00,73.48703911942967,75.80661618519171,73.48703911942967,74.97459411621094,469600,0.0,0.0
2022-06-16 00:00:00-04:00,73.11723126906556,73.12563734386956,70.20094527184612,70.76403045654297,519800,0.0,0.0
2022-06-17 00:00:00-04:00,71.43638166524559,72.15915027505052,70.3858466407567,71.62127685546875,740100,0.0,0.0
2022-06-21 00:00:00-04:00,73.15926861667901,73.15926861667901,69.99085109128264,70.03287506103516,689200,0.0,0.0
2022-06-22 00:00:00-04:00,69.56223249949427,71.83979834159717,69.15883059358598,71.19266510009766,584500,0.0,0.0
2022-06-23 00:00:00-04:00,71.19264926260871,72.33563176167758,69.50338732602134,72.27680206298828,480800,0.0,0.0
2022-06-24 00:00:00-04:00,72.20118144584526,75.42842228538564,71.8566028456877,75.38639831542969,661600,0.0,0.0
2022-06-27 00:00:00-04:00,74.33585411215937,75.11745240944664,73.2769194476722,73.73915100097656,627600,0.0,0.0
2022-06-28 00:00:00-04:00,74.31904559774578,75.47883388732619,71.93222683020032,71.97425079345703,443800,0.0,0.0
2022-06-29 00:00:00-04:00,71.83140014878569,71.83140014878569,69.39415705691314,71.03298950195312,703300,0.0,0.0
2022-06-30 00:00:00-04:00,69.91522614850557,71.1086326901414,68.80586114704886,70.16735076904297,436100,0.0,0.0
2022-07-01 00:00:00-04:00,70.15053383235477,71.42798171033621,69.78914949648544,71.28511047363281,336600,0.0,0.0
2022-07-05 00:00:00-04:00,70.30180697204128,74.16777468154932,69.24286584412953,74.14256286621094,650300,0.0,0.0
2022-07-06 00:00:00-04:00,74.15096431077642,75.36958233037316,71.35233756778024,72.47850799560547,483500,0.0,0.0
2022-07-07 00:00:00-04:00,73.92404022995264,74.24340053624327,72.41127379746636,73.91563415527344,368000,0.0,0.0
2022-07-08 00:00:00-04:00,73.78957496378997,74.67202044485036,72.66339820115962,74.0753173828125,484600,0.0,0.0
2022-07-11 00:00:00-04:00,73.27692684778198,74.7476759978327,73.0163897810705,74.22660827636719,551200,0.0,0.0
2022-07-12 00:00:00-04:00,74.13415153837288,76.3780927119151,73.93245061799833,74.21819305419922,458000,0.0,0.0
2022-07-13 00:00:00-04:00,73.07520147473736,75.63010299494998,72.44488056582833,75.02499389648438,488600,0.0,0.0
2022-07-14 00:00:00-04:00,73.92483355350386,75.92049390405008,73.92483355350386,75.37467193603516,407400,1.3,0.0
2022-07-15 00:00:00-04:00,76.53455336358373,78.35112319029332,75.70729002554194,77.43004608154297,526700,0.0,0.0
2022-07-18 00:00:00-04:00,77.60914224448467,78.10379548193946,76.20194221013794,76.40662384033203,428800,0.0,0.0
2022-07-19 00:00:00-04:00,77.14008318744042,79.87773043226733,77.14008318744042,79.40013122558594,396500,0.0,0.0
2022-07-20 00:00:00-04:00,79.46835706135494,81.39579488205874,79.24661481483199,80.25297546386719,362200,0.0,0.0
2022-07-21 00:00:00-04:00,79.59628417925053,80.0397621580541,78.71785201453675,79.72421264648438,312000,0.0,0.0
2022-07-22 00:00:00-04:00,80.28708845869137,81.12288213532266,78.49610944500957,78.96517181396484,378500,0.0,0.0
2022-07-25 00:00:00-04:00,78.96516449658425,78.96516449658425,76.9780343239169,78.00997924804688,303100,0.0,0.0
2022-07-26 00:00:00-04:00,76.91833669484431,77.78823849210796,75.93756053149288,76.49191284179688,402100,0.0,0.0
2022-07-27 00:00:00-04:00,77.19126197018102,79.40866511459676,77.01216469959839,79.23809814453125,352300,0.0,0.0
2022-07-28 00:00:00-04:00,79.4001220472516,82.43626437859322,78.82018533287955,82.35950469970703,429100,0.0,0.0
2022-07-29 00:00:00-04:00,82.35951001477733,82.95650085925546,80.20180616824781,81.08023834228516,390000,0.0,0.0
2022-08-01 00:00:00-04:00,80.84997753082348,82.97356682256277,79.90331591144435,82.06101989746094,435100,0.0,0.0
2022-08-02 00:00:00-04:00,80.32121067287345,82.56419817315331,80.2359271893226,81.64312744140625,331000,0.0,0.0
2022-08-03 00:00:00-04:00,82.65800142425401,85.08009239007866,82.12070969030736,84.32958221435547,396000,0.0,0.0
2022-08-04 00:00:00-04:00,83.9884501728302,84.56838690924324,82.70917853427602,82.87974548339844,358300,0.0,0.0
2022-08-05 00:00:00-04:00,82.70065211327326,83.54496961243616,82.27422821375691,82.3680419921875,370300,0.0,0.0
2022-08-08 00:00:00-04:00,82.98208822985352,86.45317829335252,82.98208822985352,85.48945617675781,416100,0.0,0.0
2022-08-09 00:00:00-04:00,85.52356518789817,85.52356518789817,84.0566661221551,84.85834503173828,339900,0.0,0.0
2022-08-10 00:00:00-04:00,86.82842329664956,89.61723895286922,86.66638665626927,88.8070297241211,554500,0.0,0.0
2022-08-11 00:00:00-04:00,89.48931313696937,90.74300034909778,89.11405805124065,89.88162231445312,359400,0.0,0.0
2022-08-12 00:00:00-04:00,90.26540993595013,92.64485612902972,90.22277144907665,91.99669647216797,410400,0.0,0.0
2022-08-15 00:00:00-04:00,91.29735226235871,93.83883485854246,91.2035384913541,92.27812194824219,635700,0.0,0.0
2022-08-16 00:00:00-04:00,91.79199459954391,93.90705973524678,91.01590658456523,93.21625518798828,451100,0.0,0.0
2022-08-17 00:00:00-04:00,92.17577698434567,92.94334118243536,90.6577091851857,92.07343292236328,447800,0.0,0.0
2022-08-18 00:00:00-04:00,92.33782257480637,94.10321714834377,91.37410696446872,94.04351806640625,312800,0.0,0.0
2022-08-19 00:00:00-04:00,92.57663885466286,93.66828308675814,92.23549840545486,93.17362976074219,394400,0.0,0.0
2022-08-22 00:00:00-04:00,91.52762503505656,91.52762503505656,89.99249640244632,90.92210388183594,516700,0.0,0.0
2022-08-23 00:00:00-04:00,91.51909590934315,93.89001176712617,91.39969773713194,92.89218139648438,439800,0.0,0.0
2022-08-24 00:00:00-04:00,92.29519025217225,96.02213098579261,91.87729665071555,95.62982177734375,428600,0.0,0.0
2022-08-25 00:00:00-04:00,96.16710506808269,97.88985449811773,95.75773532362759,97.13935089111328,353800,0.0,0.0
2022-08-26 00:00:00-04:00,97.13935162981244,97.33550295159883,94.06910129654109,94.1884994506836,305900,0.0,0.0
2022-08-29 00:00:00-04:00,93.6000445589094,96.6617649889129,93.07127658891648,96.20123291015625,452200,0.0,0.0
2022-08-30 00:00:00-04:00,96.05623742648727,96.83233198351611,91.97109602157596,92.90070343017578,533300,0.0,0.0
2022-08-31 00:00:00-04:00,93.7364999751954,93.77913845896366,91.84317691600319,92.05638885498047,414500,0.0,0.0
2022-09-01 00:00:00-04:00,91.81759876138385,92.99452640206846,90.47862144720894,92.9518814086914,401100,0.0,0.0
2022-09-02 00:00:00-04:00,93.41241396209192,93.94118191486123,91.33146334887748,91.70671844482422,316200,0.0,0.0
2022-09-06 00:00:00-04:00,91.70672674201683,92.10756626591474,87.45101786327679,88.07359313964844,529000,0.0,0.0
2022-09-07 00:00:00-04:00,88.57677663138769,91.87730009405257,88.49149314926126,91.57027435302734,456400,0.0,0.0
2022-09-08 00:00:00-04:00,90.99885656503866,93.9582394365906,90.49567949230031,93.86442565917969,306200,0.0,0.0
2022-09-09 00:00:00-04:00,94.28232319196252,95.88567465061213,94.15439472564144,95.46778106689453,296100,0.0,0.0
2022-09-12 00:00:00-04:00,95.62130035226996,96.61913074456128,94.5467102723418,95.33985900878906,453900,0.0,0.0
2022-09-13 00:00:00-04:00,93.13951209358171,93.86443145832497,90.2313043343046,90.538330078125,412200,0.0,0.0
2022-09-14 00:00:00-04:00,90.49569633729182,92.09052434342868,88.67060224801025,91.59587097167969,506000,0.0,0.0
2022-09-15 00:00:00-04:00,91.4679208682738,94.92195684640387,91.26323923086748,93.29301452636719,373200,0.0,0.0
2022-09-16 00:00:00-04:00,92.61927185607138,93.36978210120093,91.6043873758723,93.08834075927734,616300,0.0,0.0
2022-09-19 00:00:00-04:00,92.19283768177654,94.36760198110281,92.0905001191713,93.18214416503906,344300,0.0,0.0
2022-09-20 00:00:00-04:00,92.46575927734375,93.02011166285266,91.44234449387541,92.46575927734375,309400,0.0,0.0
2022-09-21 00:00:00-04:00,93.02010936340085,93.83884247127898,91.16943119746654,91.18648529052734,280200,0.0,0.0
2022-09-22 00:00:00-04:00,90.4189186616399,91.13531417945073,87.36572855808956,88.0650634765625,489900,0.0,0.0
2022-09-23 00:00:00-04:00,87.05017096223361,87.98830220076337,83.00767438502746,83.76670837402344,762600,0.0,0.0
2022-09-26 00:00:00-04:00,83.77523371357483,87.02458141805917,83.11853733078567,83.39997863769531,854300,0.0,0.0
2022-09-27 00:00:00-04:00,87.43395289911464,88.71322458896152,82.06954600559688,82.92239379882812,1318200,0.0,0.0
2022-09-28 00:00:00-04:00,83.1952917959085,83.63876971594351,77.95027738807391,82.21451568603516,1080500,0.0,0.0
2022-09-29 00:00:00-04:00,82.75181606612496,82.75181606612496,79.16985812206919,80.8329086303711,760200,0.0,0.0
2022-09-30 00:00:00-04:00,80.96083295781894,81.56635404802651,78.87135868165602,78.9566421508789,508800,0.0,0.0
2022-10-03 00:00:00-04:00,80.19326563751143,80.19326563751143,76.79893554330565,77.95880889892578,685400,0.0,0.0
2022-10-04 00:00:00-04:00,79.18691602280158,82.85416412353516,78.80313711987674,82.85416412353516,600500,0.0,0.0
2022-10-05 00:00:00-04:00,81.44695367640324,82.61535734381069,80.16768215269009,82.25715637207031,469700,0.0,0.0
2022-10-06 00:00:00-04:00,81.75398729223836,83.3317543565088,81.02906799316406,81.02906799316406,354900,0.0,0.0
2022-10-07 00:00:00-04:00,80.26151364017612,80.49177970233458,77.02921942909289,77.99293518066406,445600,0.0,0.0
2022-10-10 00:00:00-04:00,78.74344853101525,78.88843111307136,77.08039121433343,77.4215316772461,320000,0.0,0.0
2022-10-11 00:00:00-04:00,77.03775569899564,79.52807011304216,75.66467000009935,79.03341674804688,572000,0.0,0.0
2022-10-12 00:00:00-04:00,78.42787643044127,81.68575449712976,77.69442686247422,80.71350860595703,468400,0.0,0.0
2022-10-13 00:00:00-04:00,79.62186617908381,83.76670674996929,78.53874589665381,83.02472686767578,540900,0.0,0.0
2022-10-14 00:00:00-04:00,84.09079360309627,84.43193403184014,81.63459422822288,82.7603530883789,469000,0.0,0.0
2022-10-17 00:00:00-04:00,83.94580071758111,84.33810988506752,83.00766953387779,83.67288970947266,426400,0.0,0.0
2022-10-18 00:00:00-04:00,85.1653627189567,86.24847631897201,85.1568324209913,85.68560028076172,446600,0.0,0.0
2022-10-19 00:00:00-04:00,85.11421238264907,86.35083908037446,84.05667643401706,85.0374526977539,492000,0.0,0.0
2022-10-20 00:00:00-04:00,85.26210608630733,86.6533298157714,84.84733515895475,85.555908203125,411700,1.3,0.0
2022-10-21 00:00:00-04:00,85.5645610867039,87.72484597832876,84.93376159024257,87.31871795654297,495500,0.0,0.0
2022-10-24 00:00:00-04:00,87.59522905028935,89.07286303886313,86.71382917401775,88.45934295654297,405700,0.0,0.0
2022-10-25 00:00:00-04:00,87.77669216146964,92.00220863476945,87.77669216146964,91.88123321533203,417800,0.0,0.0
2022-10-26 00:00:00-04:00,91.8812203691288,95.0611593625989,91.8812203691288,92.54658508300781,395500,0.0,0.0
2022-10-27 00:00:00-04:00,94.68095679602995,97.91274083493721,94.21433451351409,96.2968521118164,500700,0.0,0.0
2022-10-28 00:00:00-04:00,96.53016943397142,99.6669007274013,95.3981822589154,99.26077270507812,462100,0.0,0.0
2022-10-31 00:00:00-04:00,98.63860134201849,100.09894932540692,97.9213852348598,98.69908905029297,406800,0.0,0.0
2022-11-01 00:00:00-04:00,99.55455837272032,99.55455837272032,96.3573396843269,96.69434356689453,275800,0.0,0.0
2022-11-02 00:00:00-04:00,96.06353107625802,97.38562415624764,93.6526527451795,93.7649917602539,449800,0.0,0.0
2022-11-03 00:00:00-04:00,92.97002167600435,96.7634881841401,92.07998531484719,95.32905578613281,328100,0.0,0.0
2022-11-04 00:00:00-04:00,96.3486945114106,97.48068154803521,94.57725847749784,96.27092742919922,332700,0.0,0.0
2022-11-07 00:00:00-05:00,96.23637702974271,97.99917035295411,93.7477245298365,97.94731903076172,330200,0.0,0.0
2022-11-08 00:00:00-05:00,98.23246196334644,98.82870262483569,95.73517348379312,97.13504028320312,299700,0.0,0.0
2022-11-09 00:00:00-05:00,96.07216968735537,97.08318122101495,94.81920735172578,95.23397827148438,213200,0.0,0.0
2022-11-10 00:00:00-05:00,98.06827784922682,101.65435160352489,97.58437620851146,101.27413940429688,505400,0.0,0.0
2022-11-11 00:00:00-05:00,101.48154150459995,102.28516771889669,99.37310141705453,101.53338623046875,381000,0.0,0.0
2022-11-14 00:00:00-05:00,100.92849027479804,102.98507865981028,100.23719662651476,102.28514862060547,433100,0.0,0.0
2022-11-15 00:00:00-05:00,103.69366928988585,104.42816479548935,100.1594465594019,101.19638061523438,425900,0.0,0.0
2022-11-16 00:00:00-05:00,100.6347108304052,100.84209633452875,99.47680129032686,100.14216613769531,301000,0.0,0.0
2022-11-17 00:00:00-05:00,99.34716460327127,100.2372007621084,98.51761614670465,99.95204162597656,266300,0.0,0.0
2022-11-18 00:00:00-05:00,101.48154870244919,101.96545042532286,99.71011239273925,100.57422637939453,267400,0.0,0.0
2022-11-21 00:00:00-05:00,100.44460310534208,100.99763550264338,99.87429132991657,100.68655395507812,287500,0.0,0.0
2022-11-22 00:00:00-05:00,100.80753910200467,102.65674247401105,99.86565144467446,102.62217712402344,243100,0.0,0.0
2022-11-23 00:00:00-05:00,101.92222570094323,102.79498253308192,100.09030856309288,100.4013900756836,293100,0.0,0.0
2022-11-25 00:00:00-05:00,100.46188065893668,101.68027779092874,99.83107463126304,101.38648223876953,132800,0.0,0.0
2022-11-28 00:00:00-05:00,101.00626478953704,101.65435016029342,98.310227273831,98.47441101074219,418600,0.0,0.0
2022-11-29 00:00:00-05:00,99.40766269965206,99.49407277012145,97.78313095976382,98.15469360351562,442100,0.0,0.0
2022-11-30 00:00:00-05:00,97.93001567335874,99.74465328177669,96.39189420915051,99.20026397705078,472300,0.0,0.0
2022-12-01 00:00:00-05:00,99.41631879230322,99.98663060672808,97.46341929741405,98.1287841796875,558700,0.0,0.0
2022-12-02 00:00:00-05:00,89.84192374939249,91.39732482264954,84.7868587241418,85.43494415283203,1880000,0.0,0.0
2022-12-05 00:00:00-05:00,84.86462506090955,85.12386186716037,80.87241648210869,83.36106872558594,1130000,0.0,0.0
2022-12-06 00:00:00-05:00,83.02405501947727,84.87325801366782,82.2290719101863,82.9376449584961,695800,0.0,0.0
2022-12-07 00:00:00-05:00,82.46239903247692,83.30059066474995,81.36497715659364,82.66978454589844,487600,0.0,0.0
2022-12-08 00:00:00-05:00,83.54253179567029,87.81125655497065,82.7734709550297,87.41376495361328,637100,0.0,0.0
2022-12-09 00:00:00-05:00,86.69653682230056,88.12232587277913,86.02252913111631,86.34224700927734,435000,0.0,0.0
2022-12-12 00:00:00-05:00,86.1867154251693,86.1867154251693,84.12148380622234,85.79786682128906,486000,0.0,0.0
2022-12-13 00:00:00-05:00,88.06184898374926,88.06184898374926,84.47577505065455,85.65097045898438,399800,0.0,0.0
2022-12-14 00:00:00-05:00,86.53236371889886,87.25822280882763,84.25110359512115,85.65097045898438,344700,0.0,0.0
2022-12-15 00:00:00-05:00,85.10658495936664,85.42630950876443,83.74992625988575,85.13250732421875,295200,0.0,0.0
2022-12-16 00:00:00-05:00,83.87089544826654,84.90783611383426,82.54880219788377,84.10420989990234,738000,0.0,0.0
2022-12-19 00:00:00-05:00,84.1560435033977,84.1560435033977,81.38223896194843,82.1685791015625,451000,0.0,0.0
2022-12-20 00:00:00-05:00,83.01542064548703,83.17960439324506,81.6069173866828,82.47966766357422,393300,0.0,0.0
2022-12-21 00:00:00-05:00,83.08455871112,84.10421344932746,82.09082633692917,82.63521575927734,353100,0.0,0.0
2022-12-22 00:00:00-05:00,82.61793268949764,83.82769349999735,81.43409424185634,83.62894439697266,340300,0.0,0.0
2022-12-23 00:00:00-05:00,83.50798355154654,84.52763842217762,82.63522649119835,83.9400405883789,342500,0.0,0.0
2022-12-27 00:00:00-05:00,83.94002829544982,84.56219139220005,82.6179350111887,83.01542663574219,319700,0.0,0.0
2022-12-28 00:00:00-05:00,83.62894101390627,84.13877163593988,81.6587624043733,82.32412719726562,297100,0.0,0.0
2022-12-29 00:00:00-05:00,82.9722191100058,83.81041070170446,82.15995647481294,83.17961120605469,247500,0.0,0.0
2022-12-30 00:00:00-05:00,82.9549352737583,82.99814360627974,81.3908912079374,81.86614990234375,351500,0.0,0.0
2023-01-03 00:00:00-05:00,82.73026782618909,82.95493929940487,80.38851981000293,81.58100128173828,574400,0.0,0.0
2023-01-04 00:00:00-05:00,82.73889357681952,84.44119876058934,81.8661368221257,83.94865417480469,428100,0.0,0.0
2023-01-05 00:00:00-05:00,83.5684565405622,83.72399731010798,81.84022869790513,83.38699340820312,316600,0.0,0.0
2023-01-06 00:00:00-05:00,83.97458563756982,85.13249505182029,83.01541872031311,85.08065032958984,376000,0.0,0.0
2023-01-09 00:00:00-05:00,86.14352385620577,86.14352385620577,83.22281441568002,85.42630767822266,641500,0.0,0.0
2023-01-10 00:00:00-05:00,85.65096631584157,90.82700637884872,85.00288093492085,90.5418472290039,613100,0.0,0.0
2023-01-11 00:00:00-05:00,91.25041956415134,92.6330003802044,89.84191638790125,90.61097717285156,412600,0.0,0.0
2023-01-12 00:00:00-05:00,91.24094583325943,91.75717637267866,89.57851834634768,90.10350036621094,433000,1.3,0.0
2023-01-13 00:00:00-05:00,89.37729379373349,91.7921887336881,89.03605943732327,91.64344024658203,305400,0.0,0.0
2023-01-17 00:00:00-05:00,91.87092750484054,93.59460216514209,91.24095436245373,93.54210662841797,400600,0.0,0.0
2023-01-18 00:00:00-05:00,93.62084779357562,94.91579329837433,92.76338288594316,93.2358627319336,387100,0.0,0.0
2023-01-19 00:00:00-05:00,92.81589269767926,94.11958311487642,92.6496479210064,92.67589569091797,358200,0.0,0.0
2023-01-20 00:00:00-05:00,93.43710130355818,96.22822948710457,92.57963644585054,96.18447875976562,317300,0.0,0.0
2023-01-23 00:00:00-05:00,96.24572967377131,97.8906542868613,95.82574537073556,96.7882080078125,271000,0.0,0.0
2023-01-24 00:00:00-05:00,96.59572787016786,96.59572787016786,91.24096236561357,91.76593780517578,586300,0.0,0.0
2023-01-25 00:00:00-05:00,90.70722100857272,94.62704990597742,89.91975463683697,94.48705291748047,348700,0.0,0.0
2023-01-26 00:00:00-05:00,94.99452396175181,95.50200298904161,94.06706735530187,95.37950897216797,237600,0.0,0.0
2023-01-27 00:00:00-05:00,95.67700641518707,96.3769780492362,95.20452656351753,96.0357437133789,215500,0.0,0.0
2023-01-30 00:00:00-05:00,95.39700815534297,96.26321777967738,95.20451564428568,95.42325592041016,196700,0.0,0.0
2023-01-31 00:00:00-05:00,95.37952377590126,97.63691863395664,94.82829393899092,97.628173828125,355700,0.0,0.0
2023-02-01 00:00:00-05:00,97.42692571869874,98.43313240728018,94.18082055325176,97.75066375732422,421000,0.0,0.0
2023-02-02 00:00:00-05:00,98.03065056535038,102.3529608935214,98.03065056535038,101.52174377441406,433500,0.0,0.0
2023-02-03 00:00:00-05:00,100.47178746496687,101.38174783492286,99.95555693061769,100.94426727294922,254100,0.0,0.0
2023-02-06 00:00:00-05:00,100.63802289948686,101.97671899136793,100.3230430445175,100.97051239013672,309500,0.0,0.0
2023-02-07 00:00:00-05:00,100.35803223104395,102.01170812214778,99.55306964736421,101.64422607421875,285600,0.0,0.0
2023-02-08 00:00:00-05:00,101.04925562291112,101.90672043854742,98.84435658694032,99.12434387207031,239300,0.0,0.0
2023-02-09 00:00:00-05:00,100.09556294133831,100.53304354276425,97.36568158528777,97.7944107055664,265700,0.0,0.0
2023-02-10 00:00:00-05:00,97.29568285774283,97.3569298747812,93.52460221847117,94.6707992553711,536400,0.0,0.0
2023-02-13 00:00:00-05:00,95.23078185202696,97.0157036519268,94.91580193479736,96.83196258544922,243300,0.0,0.0
2023-02-14 00:00:00-05:00,96.41197762144888,97.62817316622959,95.14327986491287,96.98944854736328,232700,0.0,0.0
2023-02-15 00:00:00-05:00,96.674445792197,98.10938139866961,96.35945927610076,97.80314636230469,291000,0.0,0.0
2023-02-16 00:00:00-05:00,97.12068882689246,99.0893514382484,96.37697317546501,97.12944030761719,356700,0.0,0.0
2023-02-17 00:00:00-05:00,97.02445546420307,97.37444131005812,95.85201055732718,96.75321960449219,248500,0.0,0.0
2023-02-21 00:00:00-05:00,96.28948794134679,96.936957395269,94.42581621221359,94.78455352783203,325900,0.0,0.0
2023-02-22 00:00:00-05:00,94.97704349884911,97.11194434529962,94.97704349884911,97.05069732666016,301700,0.0,0.0
2023-02-23 00:00:00-05:00,97.05068924553176,97.89940262988341,94.05832371186979,95.5370101928711,307300,0.0,0.0
2023-02-24 00:00:00-05:00,94.6095566918676,96.27198438670963,94.6095566918676,95.58951568603516,333400,0.0,0.0
2023-02-27 00:00:00-05:00,96.5169643312636,96.5169643312636,94.28581735753266,94.31206512451172,619700,0.0,0.0
2023-02-28 00:00:00-05:00,100.62054404949585,102.099230702533,93.2708681925347,95.33577728271484,882000,0.0,0.0
2023-03-01 00:00:00-05:00,95.6857533040611,98.42437934065049,94.64454738412577,96.96319580078125,465300,0.0,0.0
2023-03-02 00:00:00-05:00,96.99820099636159,99.05435852007584,96.42947487054505,98.58187866210938,327900,0.0,0.0
2023-03-03 00:00:00-05:00,98.94061314940922,98.94061314940922,95.8782489787727,96.13198852539062,305600,0.0,0.0
2023-03-06 00:00:00-05:00,97.62817259688649,99.64057935779081,96.7182121450507,96.99819946289062,791400,0.0,0.0
2023-03-07 00:00:00-05:00,96.9457009056871,98.57312922598513,96.15823451273258,96.543212890625,424900,0.0,0.0
2023-03-08 00:00:00-05:00,96.55196505257923,97.35692773753367,96.07074040796313,97.18193817138672,371900,0.0,0.0
2023-03-09 00:00:00-05:00,97.57568198663256,97.9956663510383,94.3733270753107,94.39082336425781,497900,0.0,0.0
2023-03-10 00:00:00-05:00,94.27707253792057,95.54576365132375,92.72839409791828,92.95587921142578,550700,0.0,0.0
2023-03-13 00:00:00-04:00,92.16841942392253,96.23699077249516,91.64344398307362,95.69451904296875,770300,0.0,0.0
2023-03-14 00:00:00-04:00,96.95444262459822,99.34308949461389,96.12323220458907,97.2256851196289,698900,0.0,0.0
2023-03-15 00:00:00-04:00,96.00948799598201,98.03939755614456,95.17827091494311,97.96064758300781,844200,0.0,0.0
2023-03-16 00:00:00-04:00,96.96319616040482,100.18305351867707,96.28947899969282,99.85057067871094,524200,0.0,0.0
2023-03-17 00:00:00-04:00,99.36934048603068,100.11305615050642,94.92453611008476,96.86695098876953,5625500,0.0,0.0
2023-03-20 00:00:00-04:00,96.86694412338962,100.11304905506098,96.09698074627376,99.35183715820312,598400,0.0,0.0
2023-03-21 00:00:00-04:00,100.18306225518259,100.8305317054422,97.72442330016504,98.38938903808594,502700,0.0,0.0
2023-03-22 00:00:00-04:00,98.58185746980755,101.18924427168066,97.99563518286867,99.36932373046875,395300,0.0,0.0
2023-03-23 00:00:00-04:00,100.20930650178984,100.24430575130661,96.70071017396913,98.3543930053711,411700,0.0,0.0
2023-03-24 00:00:00-04:00,99.72808329625693,99.72808329625693,97.46193025379574,98.494384765625,454100,0.0,0.0
2023-03-27 00:00:00-04:00,98.99310785666523,99.49183546469422,97.04194815393349,97.57566833496094,529800,0.0,0.0
2023-03-28 00:00:00-04:00,97.34819725762945,99.0806169138661,97.05070694089258,98.713134765625,272800,0.0,0.0
2023-03-29 00:00:00-04:00,99.06312414210349,99.30811224962925,97.6106851111647,98.83563232421875,293000,0.0,0.0
2023-03-30 00:00:00-04:00,99.05435796943361,99.64933186037011,97.98690422315717,98.3543930053711,298700,0.0,0.0
2023-03-31 00:00:00-04:00,98.9318633644043,99.93807008709092,98.36313724502277,99.39559173583984,498800,0.0,0.0
2023-04-03 00:00:00-04:00,99.22936392671043,100.32306554828818,98.78313179598773,99.6930923461914,328100,0.0,0.0
2023-04-04 00:00:00-04:00,99.70183927007866,99.99057810640869,97.91692406013411,98.79188537597656,300500,0.0,0.0
2023-04-05 00:00:00-04:00,98.78313796381197,99.05437384676272,97.05946303251459,98.90563201904297,308300,0.0,0.0
2023-04-06 00:00:00-04:00,99.16809315155176,99.25559460655089,97.99564841930986,98.9843521118164,311800,0.0,0.0
2023-04-10 00:00:00-04:00,99.11558807288957,103.81413138076418,98.80935303615803,103.42039489746094,926600,0.0,0.0
2023-04-11 00:00:00-04:00,103.6741492691078,105.52906939032142,103.5254074692896,105.10908508300781,575500,0.0,0.0
2023-04-12 00:00:00-04:00,105.3365851021625,106.01905381394532,102.38796326555186,102.62420654296875,381800,0.0,0.0
2023-04-13 00:00:00-04:00,103.0754246922525,103.42933307987067,101.48284032309122,101.90753173828125,375600,1.3,0.0
2023-04-14 00:00:00-04:00,101.94292855689075,103.34970586432041,100.11145981217133,100.40343475341797,398700,0.0,0.0
2023-04-17 00:00:00-04:00,100.59808907508099,101.02278055927799,94.21007167917371,95.52837371826172,1159000,0.0,0.0
2023-04-18 00:00:00-04:00,95.97074563298749,96.66086330238467,94.57281116150835,95.41333770751953,479100,0.0,0.0
2023-04-19 00:00:00-04:00,94.99751566193045,95.82919275601583,93.95348944786213,95.10368347167969,419400,0.0,0.0
2023-04-20 00:00:00-04:00,94.86477926679174,95.26292197038913,93.75881981208701,94.00655364990234,471600,0.0,0.0
2023-04-21 00:00:00-04:00,93.9800158481778,95.36910071454528,93.62610745701438,94.37815856933594,263900,0.0,0.0
2023-04-24 00:00:00-04:00,94.17468550104323,94.29855245132573,91.93622407776897,93.08641815185547,413600,0.0,0.0
2023-04-25 00:00:00-04:00,92.76788317543894,92.76788317543894,90.79485517215164,90.8567886352539,349300,0.0,0.0
2023-04-26 00:00:00-04:00,91.05144836893882,91.75040892033772,90.70638275146484,90.70638275146484,381800,0.0,0.0
2023-04-27 00:00:00-04:00,90.95410770906194,93.1837189862575,90.62674128234767,93.0510025024414,340300,0.0,0.0
2023-04-28 00:00:00-04:00,93.1748905519249,94.12159178416422,91.52922197995866,93.92694854736328,348100,0.0,0.0
2023-05-01 00:00:00-04:00,93.48456143781706,95.04174777987592,91.92736834551614,91.94506072998047,327700,0.0,0.0
2023-05-02 00:00:00-04:00,91.94506088938454,92.54670321584554,89.64466614123674,91.45844268798828,341900,0.0,0.0
2023-05-03 00:00:00-04:00,91.80350190017121,92.87407004746893,90.29939270336851,90.52943420410156,382600,0.0,0.0
2023-05-04 00:00:00-04:00,90.57367547767497,91.53806906887526,89.40578233728301,91.00720977783203,278000,0.0,0.0
2023-05-05 00:00:00-04:00,92.20163560488461,92.34320166839927,89.95432497340012,91.6707763671875,287700,0.0,0.0
2023-05-08 00:00:00-04:00,91.54691279149928,91.69732167681431,88.8306762880076,89.41461944580078,522300,0.0,0.0
2023-05-09 00:00:00-04:00,88.29980888385823,90.06049451188377,87.81318400539438,87.95475006103516,556900,0.0,0.0
2023-05-10 00:00:00-04:00,88.83952835613029,89.4323210974678,86.0967430748528,86.88418579101562,498000,0.0,0.0
2023-05-11 00:00:00-04:00,86.6453037775822,87.00805503553664,84.61918487266557,86.9372787475586,490000,0.0,0.0
2023-05-12 00:00:00-04:00,87.06999101436416,89.52079452870721,86.5302821871556,89.42346954345703,771600,0.0,0.0
2023-05-15 00:00:00-04:00,89.86584663146996,94.27199233633408,89.37037892579123,94.17466735839844,1045900,0.0,0.0
2023-05-16 00:00:00-04:00,93.90924568602411,95.05059686002146,91.87427722071249,93.82077026367188,568900,0.0,0.0
2023-05-17 00:00:00-04:00,94.57281961066579,99.03204966159156,94.28084464745378,98.97896575927734,639900,0.0,0.0
2023-05-18 00:00:00-04:00,99.2709338011311,102.33223600065098,98.25345634057227,102.29684448242188,501900,0.0,0.0
2023-05-19 00:00:00-04:00,102.67729725789755,102.67729725789755,98.19152515903133,99.05859375,526800,0.0,0.0
2023-05-22 00:00:00-04:00,98.40387032589295,99.00551266645813,93.89155614677527,94.156982421875,565700,0.0,0.0
2023-05-23 00:00:00-04:00,94.55512513522018,95.42219368830301,93.13064861919948,93.46685791015625,547400,0.0,0.0
2023-05-24 00:00:00-04:00,93.21027604693924,94.46664456360377,92.0866240356107,93.26336669921875,376200,0.0,0.0
2023-05-25 00:00:00-04:00,93.12178647651506,93.7676697708762,91.41418480128287,91.66191864013672,339900,0.0,0.0
2023-05-26 00:00:00-04:00,91.36996103367223,92.2901202882053,90.45865134655794,90.54712677001953,400500,0.0,0.0
2023-05-30 00:00:00-04:00,90.50287726065162,90.65328613034455,88.12285029216532,89.1137924194336,413200,0.0,0.0
2023-05-31 00:00:00-04:00,88.54754813138447,88.98108239030317,85.45970416924689,86.72492218017578,716300,0.0,0.0
2023-06-01 00:00:00-04:00,86.35332236706104,87.91936490722996,85.84015550360222,87.68932342529297,402500,0.0,0.0
2023-06-02 00:00:00-04:00,88.8483814718914,91.03375903308056,88.14941409501664,90.51174926757812,480000,0.0,0.0
2023-06-05 00:00:00-04:00,89.76852830548033,89.87470285752538,85.90209110075527,86.08789825439453,1043700,0.0,0.0
2023-06-06 00:00:00-04:00,83.12392474647463,85.12350168741256,80.83237958758474,82.16838073730469,1581900,0.0,0.0
2023-06-07 00:00:00-04:00,81.84099859940378,85.30928578485587,81.84099859940378,84.05291748046875,870700,0.0,0.0
2023-06-08 00:00:00-04:00,83.76981299358566,85.11465703805267,82.36302872479372,84.2210464477539,813400,0.0,0.0
2023-06-09 00:00:00-04:00,83.92021495946993,83.92021495946993,79.86797727512518,80.68196868896484,1114500,0.0,0.0
2023-06-12 00:00:00-04:00,80.7615925735613,82.6638444314453,79.86797532864989,82.5311279296875,787900,0.0,0.0
2023-06-13 00:00:00-04:00,82.94696807861328,83.6370857729887,81.96487543654317,82.94696807861328,528200,0.0,0.0
2023-06-14 00:00:00-04:00,83.63706571535593,84.93767494295837,82.45148057605897,84.92882537841797,672100,0.0,0.0
2023-06-15 00:00:00-04:00,84.22104696368363,85.47741558862094,83.3982126599797,84.96424865722656,659500,0.0,0.0
2023-06-16 00:00:00-04:00,85.76054302019398,85.8224764961093,83.88483285637724,84.0617904663086,774000,0.0,0.0
2023-06-20 00:00:00-04:00,84.47761816057003,84.8226770039219,82.57536636373186,82.67269134521484,516600,0.0,0.0
2023-06-21 00:00:00-04:00,82.36302434524606,83.36281619544137,82.186073500203,82.89389038085938,429500,0.0,0.0
2023-06-22 00:00:00-04:00,81.97372093945683,82.77001314358459,80.00953575268875,81.628662109375,576900,0.0,0.0
2023-06-23 00:00:00-04:00,80.95623855664607,81.74368121133074,79.91221247792775,80.03607940673828,534500,0.0,0.0
2023-06-26 00:00:00-04:00,79.85028738730642,81.98258085017505,79.69102892638577,81.94718933105469,489300,0.0,0.0
2023-06-27 00:00:00-04:00,81.94717437483735,83.61938453418732,81.018165730647,83.37165069580078,456400,0.0,0.0
2023-06-28 00:00:00-04:00,83.34510738595318,83.46897431315307,81.38092893310882,82.6019058227539,387600,0.0,0.0
2023-06-29 00:00:00-04:00,82.55767365128555,83.82289175872154,81.93833894844639,83.60169982910156,346100,0.0,0.0
2023-06-30 00:00:00-04:00,84.05291891479847,84.11485237451552,82.26569139850557,82.44264221191406,438700,0.0,0.0
2023-07-03 00:00:00-04:00,82.13298993404715,83.4778339125269,81.9648819053964,82.42496490478516,283000,0.0,0.0
2023-07-05 00:00:00-04:00,82.31877190109374,82.31877190109374,79.7175531996611,80.22187042236328,866100,0.0,0.0
2023-07-06 00:00:00-04:00,79.80603008089483,80.8058217296799,78.9035701525904,80.50499725341797,617800,0.0,0.0
2023-07-07 00:00:00-04:00,80.726196491449,82.66383975691335,80.726196491449,82.15067291259766,447000,0.0,0.0
2023-07-10 00:00:00-04:00,82.10644627548986,84.48646682775862,82.10644627548986,83.57515716552734,666500,0.0,0.0
2023-07-11 00:00:00-04:00,84.09717056029277,85.3889305611621,83.97330362529446,85.36238861083984,460000,0.0,0.0
2023-07-12 00:00:00-04:00,86.14983148895654,86.43295687673508,84.64572238181164,85.38008117675781,497500,0.0,0.0
2023-07-13 00:00:00-04:00,85.44202899094476,86.59222986893609,85.25622855685253,85.84017181396484,334700,0.0,0.0
2023-07-14 00:00:00-04:00,85.82247214764082,85.96403822841302,83.00006085198625,83.21240997314453,483700,0.0,0.0
2023-07-17 00:00:00-04:00,83.18585317741562,84.07062084543861,81.98257535912663,82.02680969238281,613500,0.0,0.0
2023-07-18 00:00:00-04:00,82.36300343701342,87.23807425812572,81.64634392120168,86.24713897705078,869400,0.0,0.0
2023-07-19 00:00:00-04:00,86.6983791226199,86.97266168108625,85.1588853196364,86.43295288085938,630700,0.0,0.0
2023-07-20 00:00:00-04:00,86.20876765735532,87.78696212585955,84.96235476795636,87.28480529785156,712000,1.3,0.0
2023-07-21 00:00:00-04:00,87.87664036744295,88.18151522367828,85.99357087068256,86.18187713623047,563700,0.0,0.0
2023-07-24 00:00:00-04:00,86.56745498567915,86.94406750110738,85.61695477780381,85.65281677246094,359100,0.0,0.0
2023-07-25 00:00:00-04:00,85.03410245083268,85.57212133445194,83.40210796046154,83.65318298339844,462300,0.0,0.0
2023-07-26 00:00:00-04:00,84.02082385340796,86.04736865149835,84.02082385340796,85.90390014648438,364200,0.0,0.0
2023-07-27 00:00:00-04:00,86.16393885646309,86.80060216599438,84.8099261671182,85.18653869628906,342200,0.0,0.0
2023-07-28 00:00:00-04:00,85.41967027330585,86.10115755787058,83.79663812042152,84.0656509399414,308100,0.0,0.0
2023-07-31 00:00:00-04:00,84.02980606449307,85.3210570202709,83.41108050796917,83.5724868774414,575300,0.0,0.0
2023-08-01 00:00:00-04:00,83.39314198737496,83.68008585819639,82.13775998705066,83.1420669555664,416800,0.0,0.0
2023-08-02 00:00:00-04:00,82.58611463896487,83.71595918393855,82.02119578711897,83.60835266113281,299300,0.0,0.0
2023-08-03 00:00:00-04:00,82.84616303710638,83.75183250565007,82.15570662568821,82.6937255859375,423600,0.0,0.0
2023-08-04 00:00:00-04:00,83.38416578853038,83.39313470782106,81.124483858224,81.17828369140625,481800,0.0,0.0
2023-08-07 00:00:00-04:00,81.3934839394476,82.26328433273181,80.96307162276457,81.11550903320312,552000,0.0,0.0
2023-08-08 00:00:00-04:00,80.93618976562387,81.59974622596839,80.05742025764168,81.21416473388672,448800,0.0,0.0
2023-08-09 00:00:00-04:00,80.60439284582635,81.22311826833528,80.0305051767354,80.12914276123047,294400,0.0,0.0
2023-08-10 00:00:00-04:00,80.03947786096654,81.33969067588639,78.65855845435375,78.82893371582031,575900,0.0,0.0
2023-08-11 00:00:00-04:00,78.84687012473788,79.5014644574457,77.78876332971414,78.3267822265625,608000,0.0,0.0
2023-08-14 00:00:00-04:00,77.79772129254711,78.16536486445614,74.77583876628766,77.23279571533203,987100,0.0,0.0
2023-08-15 00:00:00-04:00,76.89206614396805,77.30454754372825,75.99536566415502,77.07140350341797,433300,0.0,0.0
2023-08-16 00:00:00-04:00,76.76652962463135,77.53769259462403,76.25541061812753,76.93690490722656,491900,0.0,0.0
2023-08-17 00:00:00-04:00,76.90103294955274,77.2597144998706,75.11659411807388,75.23316955566406,496900,0.0,0.0
2023-08-18 00:00:00-04:00,74.82068926333496,76.58719028047149,74.74895158396416,76.30023956298828,359000,0.0,0.0
2023-08-21 00:00:00-04:00,76.23746553511428,76.71272249713977,74.39923380692815,74.49787139892578,524700,0.0,0.0
2023-08-22 00:00:00-04:00,74.62340751473188,75.2510950509194,73.77153803987048,74.90138244628906,350600,0.0,0.0
2023-08-23 00:00:00-04:00,74.96416792795566,75.01797461540787,73.9419298030372,74.02263641357422,279700,0.0,0.0
2023-08-24 00:00:00-04:00,73.78948223808227,74.94622666127323,73.14385680734485,73.17972564697266,397000,0.0,0.0
2023-08-25 00:00:00-04:00,73.56531293860287,73.75361923057815,72.23819313255719,72.29199981689453,332400,0.0,0.0
2023-08-28 00:00:00-04:00,72.22922354957706,73.09005515544565,71.94227968095419,72.58789825439453,438800,0.0,0.0
2023-08-29 00:00:00-04:00,72.46236730969079,73.8522558613663,72.44443630933668,73.73568725585938,378900,0.0,0.0
2023-08-30 00:00:00-04:00,73.6280695296736,75.30490172091176,73.29628792269504,75.08072662353516,333000,0.0,0.0
2023-08-31 00:00:00-04:00,75.23317465676793,75.46631870647485,73.86122396196396,73.91502380371094,268600,0.0,0.0
2023-09-01 00:00:00-04:00,74.21092386707669,74.45302995462832,72.22921688821339,72.88380432128906,379400,0.0,0.0
2023-09-05 00:00:00-04:00,72.43544305382062,72.43544305382062,68.57066727472471,68.78587341308594,772500,0.0,0.0
2023-09-06 00:00:00-04:00,68.57965106818138,69.08180111370581,66.49033744961095,67.18079376220703,812500,0.0,0.0
2023-09-07 00:00:00-04:00,67.18080858571251,69.15355404794033,66.72349619675263,68.87557220458984,492100,0.0,0.0
2023-09-08 00:00:00-04:00,68.26579815257254,68.96523020267747,66.97455424446733,67.03732299804688,427300,0.0,0.0
2023-09-11 00:00:00-04:00,67.36014839832987,67.60225453889217,66.2392727005219,66.80419158935547,594900,0.0,0.0
2023-09-12 00:00:00-04:00,66.46345021482846,67.52155718501673,66.14959953520244,66.51725006103516,766800,0.0,0.0
2023-09-13 00:00:00-04:00,67.53947032719356,70.21164038980687,63.75539374220673,64.4996566772461,1928100,0.0,0.0
2023-09-14 00:00:00-04:00,64.4906909595809,65.70123512819912,61.61228350396654,63.24427795410156,1376200,0.0,0.0
2023-09-15 00:00:00-04:00,63.24426917023944,63.558112897583804,61.746781355996255,62.25790023803711,1082300,0.0,0.0
2023-09-18 00:00:00-04:00,62.715235074463806,62.84077259699162,61.450884087357004,62.16824722290039,663000,0.0,0.0
2023-09-19 00:00:00-04:00,61.88130361261776,62.50002230746637,61.30741583813915,61.81853485107422,477500,0.0,0.0
2023-09-20 00:00:00-04:00,61.87233592241034,62.98424265241353,61.84543600139703,62.239986419677734,390900,0.0,0.0
2023-09-21 00:00:00-04:00,61.88128644033188,63.405674135527086,61.56744271970698,62.01579284667969,478500,0.0,0.0
2023-09-22 00:00:00-04:00,61.92613126450193,62.30275065516695,59.4333050929425,59.85475540161133,671800,0.0,0.0
2023-09-25 00:00:00-04:00,59.53194991543897,59.657487447135985,57.21846423832252,57.34400177001953,703600,0.0,0.0
2023-09-26 00:00:00-04:00,57.13775157245973,57.675770453524144,56.54592943503262,57.1467170715332,662200,0.0,0.0
2023-09-27 00:00:00-04:00,57.22742243558748,57.469528546882316,56.2141499694809,56.68940353393555,513400,0.0,0.0
2023-09-28 00:00:00-04:00,56.63559436318384,59.6305736898453,56.519022359093555,59.32569885253906,589500,0.0,0.0
2023-09-29 00:00:00-04:00,59.890611454104835,60.87698037625855,59.79197387776145,60.25825500488281,607800,0.0,0.0
2023-10-02 00:00:00-04:00,59.99822199385992,60.30309682036383,58.44692742236965,59.08358383178711,608600,0.0,0.0
2023-10-03 00:00:00-04:00,58.93115215960394,59.15532726255965,57.227420008884245,57.40675735473633,468200,0.0,0.0
2023-10-04 00:00:00-04:00,57.989617547475824,60.05203135767924,57.7923423501699,59.890625,655000,0.0,0.0
2023-10-05 00:00:00-04:00,60.0699594085308,60.82319132115807,59.22706566316001,60.40174102783203,570200,0.0,0.0
2023-10-06 00:00:00-04:00,60.07892688230746,60.876989692098306,58.168957490552025,59.89958953857422,664900,0.0,0.0
2023-10-09 00:00:00-04:00,59.42433816226044,60.67972021018172,58.841488319727155,60.312076568603516,327100,0.0,0.0
2023-10-10 00:00:00-04:00,60.35689543397132,61.51363965016941,60.00718286178124,61.361202239990234,373600,0.0,0.0
2023-10-11 00:00:00-04:00,61.37017020337399,61.39707011754215,59.72920702631299,60.45553207397461,365000,0.0,0.0
2023-10-12 00:00:00-04:00,60.868020737599196,60.90388957458149,59.5498768952259,60.11479568481445,495700,0.0,0.0
2023-10-13 00:00:00-04:00,60.23136212389397,61.352237584773114,60.05202478666567,60.661781311035156,464400,0.0,0.0
2023-10-16 00:00:00-04:00,61.11013205257481,63.145638897927014,60.56314427537602,62.74212646484375,640300,0.0,0.0
2023-10-17 00:00:00-04:00,62.769032747536755,64.37412740589185,62.44622003181832,64.2754898071289,560100,0.0,0.0
2023-10-18 00:00:00-04:00,64.11408375055373,65.37843469993929,63.235314277794785,64.6162338256836,726600,0.0,0.0
2023-10-19 00:00:00-04:00,63.666535923253754,65.4015691028815,63.31039837712121,63.867435455322266,623200,1.3,0.0
2023-10-20 00:00:00-04:00,63.81264530818009,63.81264530818009,61.7214744163437,62.068485260009766,594900,0.0,0.0
2023-10-23 00:00:00-04:00,61.77625633132913,62.96337900139658,61.34706320152429,62.19631576538086,443900,0.0,0.0
2023-10-24 00:00:00-04:00,62.80813982983136,62.91772327590663,61.74886105231074,61.922359466552734,352400,0.0,0.0
2023-10-25 00:00:00-04:00,61.4931731524848,61.67581224949622,60.11428454663681,61.09138107299805,396400,0.0,0.0
2023-10-26 00:00:00-04:00,61.18269998125825,61.31054387162273,58.94542493291049,59.328956604003906,510300,0.0,0.0
2023-10-27 00:00:00-04:00,59.566383079665094,60.169074701504066,58.59841325221252,59.00934600830078,436600,0.0,0.0
2023-10-30 00:00:00-04:00,59.73074780546598,60.16906766701867,57.99571136649487,58.86322784423828,601600,0.0,0.0
2023-10-31 00:00:00-04:00,59.24676513728013,61.23748603043097,58.91802172615656,60.5982666015625,621300,0.0,0.0
2023-11-01 00:00:00-04:00,60.56173078974748,61.00918433090722,58.972809156978386,60.041221618652344,349600,0.0,0.0
2023-11-02 00:00:00-04:00,60.89960949580493,61.703200545867055,60.29691098303195,61.47490692138672,374000,0.0,0.0
2023-11-03 00:00:00-04:00,62.14153242369111,63.66653228716047,62.09587090829444,62.7259635925293,355400,0.0,0.0
2023-11-06 00:00:00-05:00,62.369821671047845,62.598115298003414,60.415628781665696,60.47041702270508,463700,0.0,0.0
2023-11-07 00:00:00-05:00,60.57086803533566,61.02745529874032,59.05499497668717,59.22850036621094,449400,0.0,0.0
2023-11-08 00:00:00-05:00,59.402011151217536,60.23299642326865,59.05500034065101,59.1737174987793,327500,0.0,0.0
2023-11-09 00:00:00-05:00,59.73988329921939,59.73988329921939,58.561887177139525,58.671470642089844,331700,0.0,0.0
2023-11-10 00:00:00-05:00,58.79017530061161,60.369970345094515,58.50709341819478,60.24212646484375,445000,0.0,0.0
2023-11-13 00:00:00-05:00,60.25125274062814,62.515921454985396,60.205591231746965,61.849308013916016,682700,0.0,0.0
2023-11-14 00:00:00-05:00,63.52955312255881,66.25994307449115,63.52955312255881,66.25081634521484,808000,0.0,0.0
2023-11-15 00:00:00-05:00,66.24167313446289,67.97670592249406,66.004245834972,67.5201187133789,662300,0.0,0.0
2023-11-16 00:00:00-05:00,67.73017489641065,68.62508928771196,66.85352790305868,67.9858627319336,588700,0.0,0.0
2023-11-17 00:00:00-05:00,68.86249193255095,70.66143983336943,68.43329880568177,69.67521667480469,855100,0.0,0.0
2023-11-20 00:00:00-05:00,69.56563316801956,70.71623498015916,68.98120204975118,70.18659210205078,621800,0.0,0.0
2023-11-21 00:00:00-05:00,69.30080663218014,69.99482114669514,68.2597883438916,69.56562805175781,381300,0.0,0.0
2023-11-22 00:00:00-05:00,70.22314231884107,71.6568264517741,69.88526514047913,70.5153579711914,424200,0.0,0.0
2023-11-24 00:00:00-05:00,70.6249189828884,72.14079213648377,70.6249189828884,71.53809356689453,353300,0.0,0.0
2023-11-27 00:00:00-05:00,70.74364536089618,70.88062295974943,69.23690570745055,69.90352630615234,896800,0.0,0.0
2023-11-28 00:00:00-05:00,69.80305823958342,69.90350798795497,68.48808478233278,68.61592864990234,616300,0.0,0.0
2023-11-29 00:00:00-05:00,69.47431952741528,69.73914097567614,67.7849480497209,68.58853912353516,813700,0.0,0.0
2023-11-30 00:00:00-05:00,64.11399021996714,65.68465170523241,60.70785273649796,61.30141067504883,2009800,0.0,0.0
2023-12-01 00:00:00-05:00,61.19183344403989,66.18689974705954,61.19183344403989,66.07731628417969,1305700,0.0,0.0
2023-12-04 00:00:00-05:00,65.74858254622173,69.42867570457969,65.73944884789412,67.2279281616211,914900,0.0,0.0
2023-12-05 00:00:00-05:00,67.20052468604152,67.20052468604152,64.32402987512133,64.45187377929688,503800,0.0,0.0
2023-12-06 00:00:00-05:00,65.20067311429496,67.34663220471217,65.20067311429496,66.70741271972656,508000,0.0,0.0
2023-12-07 00:00:00-05:00,66.62521653311201,67.57491893252433,65.876413656052,67.53839111328125,384200,0.0,0.0
2023-12-08 00:00:00-05:00,67.0635445033003,67.5749200472003,66.70740696851719,66.83525085449219,309400,0.0,0.0
2023-12-11 00:00:00-05:00,66.95395937411297,67.99497782936022,66.12297413599799,67.40141296386719,456400,0.0,0.0
2023-12-12 00:00:00-05:00,67.52014182155473,68.00412331414036,66.415201233376,67.23705291748047,486700,0.0,0.0
2023-12-13 00:00:00-05:00,67.10007910878304,70.86235436274838,66.46085264729565,70.6066665649414,630400,0.0,0.0
2023-12-14 00:00:00-05:00,71.437650787014,73.05396673557209,71.1545619283746,72.88959503173828,870300,0.0,0.0
2023-12-15 00:00:00-05:00,72.62477500501397,74.04932515514845,71.52896826905965,73.34618377685547,987600,0.0,0.0
2023-12-18 00:00:00-05:00,73.69318792311569,74.60636252918637,72.34169340763393,72.55171966552734,439100,0.0,0.0
2023-12-19 00:00:00-05:00,73.34616797967011,74.42371405696501,73.14526849572174,73.5835952758789,376200,0.0,0.0
2023-12-20 00:00:00-05:00,73.36442971691358,74.3050052237956,71.5472145679446,71.66593170166016,423300,0.0,0.0
2023-12-21 00:00:00-05:00,72.8804666866064,73.72059266065077,71.63854860355268,72.71609497070312,278800,0.0,0.0
2023-12-22 00:00:00-05:00,72.84392516538156,73.6931777100085,71.83030790273172,73.03569793701172,335800,0.0,0.0
2023-12-26 00:00:00-05:00,73.05395438164987,75.89392741559395,72.97177202711516,75.48300170898438,452500,0.0,0.0
2023-12-27 00:00:00-05:00,76.00352841105062,76.26834292592079,74.88032053752119,75.79349517822266,445700,0.0,0.0
2023-12-28 00:00:00-05:00,75.26384331850456,75.3186385280093,71.81204469936394,72.07686614990234,653900,0.0,0.0
2023-12-29 00:00:00-05:00,71.9490246140514,72.4330060174522,69.86698772630578,70.38749694824219,695700,0.0,0.0
2024-01-02 00:00:00-05:00,69.87610763050479,72.17731120469193,69.24602198147478,70.61578369140625,457300,0.0,0.0
2024-01-03 00:00:00-05:00,70.41489660467523,70.41489660467523,67.68450639900757,67.74842834472656,537200,0.0,0.0
2024-01-04 00:00:00-05:00,68.12281512533404,68.6250638784123,67.34661820718726,68.18673706054688,461200,0.0,0.0
2024-01-05 00:00:00-05:00,67.68450639900757,69.32821656048284,67.63884488050705,67.74842834472656,523500,0.0,0.0
2024-01-08 00:00:00-05:00,68.06803637840747,70.46968309858447,67.48360518439506,70.26878356933594,391600,0.0,0.0
2024-01-09 00:00:00-05:00,69.16383862881943,69.64782002674201,68.64332941277473,68.80770111083984,322200,0.0,0.0
2024-01-10 00:00:00-05:00,68.8168553575885,69.67524192237241,68.49724556228735,69.4743423461914,342800,0.0,0.0
2024-01-11 00:00:00-05:00,69.63869615597896,69.63869615597896,66.59782310043654,66.78958892822266,540200,0.0,0.0
2024-01-12 00:00:00-05:00,67.24618399268967,67.39229528805755,65.10022485250667,65.8125,551300,0.0,0.0
2024-01-16 00:00:00-05:00,65.7211778976701,66.4973749239721,64.39707053094845,66.36039733886719,515700,0.0,0.0
2024-01-17 00:00:00-05:00,65.40156703928588,66.71653371929628,64.99063429112012,66.46084594726562,682700,0.0,0.0
2024-01-18 00:00:00-05:00,66.75838491212669,67.87412105083384,65.95877141170487,67.82762908935547,541000,1.3,0.0
2024-01-19 00:00:00-05:00,68.29250535886136,69.13861063528472,67.01870818024376,68.34829711914062,599700,0.0,0.0
2024-01-22 00:00:00-05:00,68.58075443829813,71.00748716278659,68.15305536914958,70.58908081054688,608400,0.0,0.0
2024-01-23 00:00:00-05:00,70.89591505610363,72.41145796521842,70.08700173387075,70.21717071533203,701400,0.0,0.0
2024-01-24 00:00:00-05:00,70.84012043317158,70.84012043317158,68.46917257252015,69.08283233642578,655700,0.0,0.0
2024-01-25 00:00:00-05:00,69.84527267119334,70.10561066869802,67.69747000442288,69.2223129272461,550400,0.0,0.0
2024-01-26 00:00:00-05:00,70.30084019404094,71.45376825855784,69.7243726149445,71.26781463623047,512200,0.0,0.0
2024-01-29 00:00:00-05:00,70.99817499527738,73.8711988163718,70.28223867198874,73.28543853759766,650900,0.0,0.0
2024-01-30 00:00:00-05:00,72.70897592451162,73.06229775256615,71.21202579427083,72.94142150878906,404500,0.0,0.0
2024-01-31 00:00:00-05:00,73.05299087197459,74.18732634844137,71.70480945113,71.91865539550781,401900,0.0,0.0
2024-02-01 00:00:00-05:00,72.85774607993497,75.85164640519962,72.84844627013328,75.60060119628906,586500,0.0,0.0
2024-02-02 00:00:00-05:00,75.10782162460141,77.15334717408675,73.49930203461811,76.51179504394531,462500,0.0,0.0
2024-02-05 00:00:00-05:00,75.30307456746527,75.30307456746527,71.86288252595499,73.1087875366211,566700,0.0,0.0
2024-02-06 00:00:00-05:00,72.91352942296292,73.2854437778137,71.78849364245468,71.90936279296875,436600,0.0,0.0
2024-02-07 00:00:00-05:00,72.42075982136764,73.24826569560005,71.23993914371748,72.64390563964844,468500,0.0,0.0
2024-02-08 00:00:00-05:00,73.19247143061763,75.09852108836026,72.80196452633983,74.93115997314453,508700,0.0,0.0
2024-02-09 00:00:00-05:00,74.81028825644975,74.97764936594108,72.56951644491873,73.2761459350586,466800,0.0,0.0
2024-02-12 00:00:00-05:00,72.83914189782195,74.10364639194086,71.18413054060996,71.26781463623047,666200,0.0,0.0
2024-02-13 00:00:00-05:00,69.6871704631738,72.01162587680435,69.03632578482723,69.63138580322266,673100,0.0,0.0
2024-02-14 00:00:00-05:00,70.41242361804301,70.81223033006995,67.5951770135685,67.86481475830078,559500,0.0,0.0
2024-02-15 00:00:00-05:00,68.30180524087652,69.30597180286712,67.93919072021477,68.08795928955078,417100,0.0,0.0
2024-02-16 00:00:00-05:00,67.52080532821984,68.069373578955,66.4143619221697,66.47944641113281,541600,0.0,0.0
2024-02-20 00:00:00-05:00,66.64680292928568,68.00428438639389,66.03314313835465,66.58171844482422,508000,0.0,0.0
2024-02-21 00:00:00-05:00,66.97221763365978,67.09309387207031,65.92156619309502,67.09309387207031,408200,0.0,0.0
2024-02-22 00:00:00-05:00,67.09310576128694,67.50220522024692,65.93087768554688,65.93087768554688,568700,0.0,0.0
2024-02-23 00:00:00-05:00,65.54965826942289,66.35857149966277,64.75934465937794,65.4938735961914,538900,0.0,0.0
2024-02-26 00:00:00-05:00,66.14472348146097,68.05078035745248,65.67053244174573,67.24186706542969,1123700,0.0,0.0
2024-02-27 00:00:00-05:00,68.8038946264138,68.98984826090648,64.38742841728588,65.17774200439453,1259600,0.0,0.0
2024-02-28 00:00:00-05:00,64.38743295815816,65.17774660100305,61.402832223902095,61.6817626953125,1264100,0.0,0.0
2024-02-29 00:00:00-05:00,62.19314016582538,62.47207770534398,60.86355113564916,61.48650360107422,1014100,0.0,0.0
2024-03-01 00:00:00-05:00,61.40283529740083,62.38840244766832,60.29639188582915,61.653873443603516,634800,0.0,0.0
2024-03-04 00:00:00-05:00,62.286129249628196,64.47111676064733,61.6910690022105,62.80681228637695,645200,0.0,0.0
2024-03-05 00:00:00-05:00,62.527870160092554,64.13639693003854,62.062978932136474,63.699398040771484,514400,0.0,0.0
2024-03-06 00:00:00-05:00,63.51343255544638,64.69426015882738,62.94626473215502,64.19217681884766,503200,0.0,0.0
2024-03-07 00:00:00-05:00,64.21077728271484,64.59199151328973,63.21591028987086,64.21077728271484,446100,0.0,0.0
2024-03-08 00:00:00-05:00,64.75934302265895,66.45154664011996,64.69425854097494,65.9587631225586,694700,0.0,0.0
2024-03-11 00:00:00-04:00,65.51247691493802,66.03315286734346,63.34608189432877,63.63431930541992,569700,0.0,0.0
2024-03-12 00:00:00-04:00,63.55061489255152,63.745868312347326,61.66315807418319,61.77473449707031,622300,0.0,0.0
2024-03-13 00:00:00-04:00,61.784031759485885,62.82539050205188,61.588778325319026,61.80263137817383,531500,0.0,0.0
2024-03-14 00:00:00-04:00,61.82122285743364,62.88117410708162,61.17037808788697,62.81608963012695,484600,0.0,0.0
2024-03-15 00:00:00-04:00,62.202451835891154,63.42976447517313,62.202451835891154,62.54646682739258,713200,0.0,0.0
2024-03-18 00:00:00-04:00,61.70036060370783,62.23963609794739,60.09183393121444,60.17551803588867,675700,0.0,0.0
2024-03-19 00:00:00-04:00,60.08254471773361,61.226173163438006,59.91518359230405,60.82636642456055,427000,0.0,0.0
2024-03-20 00:00:00-04:00,60.984431193401164,63.569232520034504,60.435862919558105,63.559932708740234,485000,0.0,0.0
2024-03-21 00:00:00-04:00,63.262386633269664,63.262386633269664,61.263353329887806,61.32843780517578,702100,0.0,0.0
2024-03-22 00:00:00-04:00,61.65386254444935,62.1373533168401,60.80776433327963,61.27265548706055,685600,0.0,0.0
2024-03-25 00:00:00-04:00,61.27265548706055,62.03507669551421,60.407957657280996,61.27265548706055,583100,0.0,0.0
2024-03-26 00:00:00-04:00,61.58877927529532,64.10848852699397,61.48650265196235,64.05270385742188,655700,0.0,0.0
2024-03-27 00:00:00-04:00,64.48041121723249,67.63237314196516,64.31305009319017,67.47431182861328,957200,0.0,0.0
2024-03-28 00:00:00-04:00,67.44641646576726,68.99915137861787,67.19537124412267,67.62307739257812,617300,0.0,0.0
2024-04-01 00:00:00-04:00,67.86480866024,68.0600620936373,66.0517359974965,66.3492660522461,704500,0.0,0.0
2024-04-02 00:00:00-04:00,66.26559030319407,66.86065758132894,65.38229983698601,66.62821197509766,847600,0.0,0.0
2024-04-03 00:00:00-04:00,66.63750120340978,66.91643875375564,64.6012826231207,65.21493530273438,558700,0.0,0.0
2024-04-04 00:00:00-04:00,65.63333010639576,66.13541340693757,60.58461895391249,61.03091049194336,1175200,0.0,0.0
2024-04-05 00:00:00-04:00,60.584626687148614,60.91004911968338,59.32941827557485,59.71992874145508,853700,0.0,0.0
2024-04-08 00:00:00-04:00,60.203410678647295,62.230336603775854,60.07324170953896,61.74685287475586,827200,0.0,0.0
2024-04-09 00:00:00-04:00,61.830530096332936,61.89561458110832,60.48234844298136,60.72408676147461,807600,0.0,0.0
2024-04-10 00:00:00-04:00,59.27362354837208,59.692022759478334,57.451251032478964,58.07420349121094,1529100,0.0,0.0
2024-04-11 00:00:00-04:00,58.25462215034754,58.42554065117498,55.624383978986664,55.823787689208984,1374900,1.3,0.0
2024-04-12 00:00:00-04:00,55.56740511543513,56.87777896731228,53.92469177536355,56.175113677978516,1336100,0.0,0.0
2024-04-15 00:00:00-04:00,56.13713561156579,58.03622683706613,56.13713561156579,57.770355224609375,993100,0.0,0.0
2024-04-16 00:00:00-04:00,57.17214530511527,57.42852307688795,56.2890675208636,57.05820083618164,721500,0.0,0.0
2024-04-17 00:00:00-04:00,56.573930155229185,56.98223144209899,52.101567502335165,53.05111312866211,1436400,0.0,0.0
2024-04-18 00:00:00-04:00,53.05111103834483,53.65881963569251,52.59532959033407,53.53538131713867,772000,0.0,0.0
2024-04-19 00:00:00-04:00,53.26001609448266,55.75732218888924,53.26001609448266,55.73833084106445,801100,0.0,0.0
2024-04-22 00:00:00-04:00,56.023192463898944,56.91576405677891,55.472454256939784,56.592918395996094,749200,0.0,0.0
2024-04-23 00:00:00-04:00,56.5264491679042,57.97925641852771,56.37452201475333,57.770355224609375,555400,0.0,0.0
2024-04-24 00:00:00-04:00,57.51397386647524,58.32108613778869,57.257596132448555,57.988746643066406,388200,0.0,0.0
2024-04-25 00:00:00-04:00,57.90329115573195,59.15669107748736,57.52347508315007,57.62792205810547,563400,0.0,0.0
2024-04-26 00:00:00-04:00,57.352560324937336,57.93178014508572,56.27957269597916,56.327049255371094,481500,0.0,0.0
2024-04-29 00:00:00-04:00,56.69736740134072,57.88429941169652,55.89974894549246,56.2890625,515700,0.0,0.0
2024-04-30 00:00:00-04:00,55.84277973577312,55.985209406760866,54.90272796944593,55.254058837890625,505800,0.0,0.0
2024-05-01 00:00:00-04:00,55.244564493785845,55.434474342343066,52.93716834605396,53.51639175415039,639800,0.0,0.0
2024-05-02 00:00:00-04:00,54.12409874608674,54.551394986949006,53.563866701895975,54.29501724243164,435300,0.0,0.0
2024-05-03 00:00:00-04:00,55.63387792706471,56.45998160085035,53.23152867162085,53.335975646972656,623400,0.0,0.0
2024-05-06 00:00:00-04:00,53.829733546357076,54.32349764520139,51.90215732416438,52.69977569580078,932400,0.0,0.0
2024-05-07 00:00:00-04:00,52.61432546500375,52.70927858317556,50.69624277565327,50.9431266784668,926100,0.0,0.0
2024-05-08 00:00:00-04:00,50.62976662733564,51.199492488089106,49.708706317629805,51.189998626708984,686400,0.0,0.0
2024-05-09 00:00:00-04:00,51.265966100628866,51.655279633231984,50.886146429793655,51.02857971191406,515700,0.0,0.0
2024-05-10 00:00:00-04:00,51.531839900384796,53.55437303294276,51.28495601711647,53.430931091308594,821700,0.0,0.0
2024-05-13 00:00:00-04:00,53.468916570558655,55.557914091642715,53.411942527859765,54.14309310913086,982900,0.0,0.0
2024-05-14 00:00:00-04:00,55.073647826674645,56.697370022574354,53.93419231960795,54.399471282958984,885900,0.0,0.0
2024-05-15 00:00:00-04:00,55.00718123263555,55.12112569939086,52.95616271989359,53.72529602050781,807600,0.0,0.0
2024-05-16 00:00:00-04:00,53.72528896498928,55.396487539436286,53.08909156284363,54.38047409057617,1059400,0.0,0.0
2024-05-17 00:00:00-04:00,47.61021213771584,49.12948715404542,45.74910377438512,46.50873947143555,5602900,0.0,0.0
2024-05-20 00:00:00-04:00,46.50874480160012,46.52773614898149,45.37878679912735,45.87255096435547,1597200,0.0,0.0
2024-05-21 00:00:00-04:00,45.65415439750338,46.10993585294073,44.4292396985117,44.524192810058594,1201600,0.0,0.0
2024-05-22 00:00:00-04:00,44.48621080550605,45.35979465862858,43.88799967348386,44.277313232421875,870200,0.0,0.0
2024-05-23 00:00:00-04:00,44.29629951767062,44.29629951767062,43.061887456127494,43.36574172973633,1050400,0.0,0.0
2024-05-24 00:00:00-04:00,43.53666670229041,43.94497162249423,43.10937405660525,43.31827163696289,825500,0.0,0.0
2024-05-28 00:00:00-04:00,43.55565719543849,44.95149043582943,43.346759619179416,44.24882507324219,1346300,0.0,0.0
2024-05-29 00:00:00-04:00,43.63161641943545,43.76455220978744,43.0334017406229,43.07138442993164,1095600,0.0,0.0
2024-05-30 00:00:00-04:00,43.01441287008282,45.87254701595991,41.1912871451435,45.69213104248047,1631600,0.0,0.0
2024-05-31 00:00:00-04:00,45.188870735621386,46.717639578491244,44.06840674975013,46.31882858276367,1136400,0.0,0.0
2024-06-03 00:00:00-04:00,45.920021231954195,48.31287634081605,45.863047197613916,48.084983825683594,1243700,0.0,0.0
2024-06-04 00:00:00-04:00,47.99004091545442,48.778161968940616,47.201916239738814,48.578758239746094,863300,0.0,0.0
2024-06-05 00:00:00-04:00,48.93958213487039,49.509308058103734,48.37935007405834,49.18646240234375,605900,0.0,0.0
2024-06-06 00:00:00-04:00,48.75916426341286,48.95857158884014,47.64819766939734,48.265403747558594,544400,0.0,0.0
2024-06-07 00:00:00-04:00,47.77163947902476,47.876086450251336,45.81557427837067,45.92002487182617,556400,0.0,0.0
2024-06-10 00:00:00-04:00,45.35979524641491,45.46424584542504,43.82153233777888,43.85001754760742,821900,0.0,0.0
2024-06-11 00:00:00-04:00,43.356245799681176,44.38175664085055,42.58711266880415,44.03042221069336,913800,0.0,0.0
2024-06-12 00:00:00-04:00,44.81855341594318,46.024476772606455,44.723596681818684,45.28382873535156,618600,0.0,0.0
2024-06-13 00:00:00-04:00,45.1224073624744,45.19836912694193,43.55565567303395,44.84703826904297,562300,0.0,0.0
2024-06-14 00:00:00-04:00,44.448229152551065,44.552676121913436,41.86546405949097,42.017391204833984,762300,0.0,0.0
2024-06-17 00:00:00-04:00,42.15032956739574,42.72005911374899,40.7165172724201,42.69157028198242,970100,0.0,0.0
2024-06-18 00:00:00-04:00,42.862485832457686,42.985927769002586,40.782982368132394,41.07733917236328,819300,0.0,0.0
2024-06-20 00:00:00-04:00,41.05835362936133,42.81501155294483,40.83046108996216,42.72005844116211,778700,0.0,0.0
2024-06-21 00:00:00-04:00,42.90046812588512,43.318266862783304,42.07436451378309,42.22629165649414,1012900,0.0,0.0
2024-06-24 00:00:00-04:00,42.15982547822213,42.4067057368654,41.181791061272875,41.305233001708984,831000,0.0,0.0
2024-06-25 00:00:00-04:00,41.4191792286012,41.4191792286012,38.90288549080874,38.94086456298828,1141800,0.0,0.0
2024-06-26 00:00:00-04:00,38.87439127569931,39.56755905263867,38.5040691120687,39.178245544433594,913100,0.0,0.0
2024-06-27 00:00:00-04:00,39.22572631133546,39.70049906620514,38.2761808015961,39.61503982543945,752700,0.0,0.0
2024-06-28 00:00:00-04:00,39.70999509295409,40.54559620131505,39.54857408616568,40.032840728759766,1416600,0.0,0.0
2024-07-01 00:00:00-04:00,40.34619721202131,40.365184937906584,38.08627749759913,38.74146270751953,911100,0.0,0.0
2024-07-02 00:00:00-04:00,38.74145630039999,39.216229058057415,38.29517237131751,38.6085205078125,519400,0.0,0.0
2024-07-03 00:00:00-04:00,38.940859388451756,38.940859388451756,37.4120941750547,37.4500732421875,399100,0.0,0.0
2024-07-05 00:00:00-04:00,37.51653903870171,37.92484387092411,36.91832801475316,37.39310073852539,782100,0.0,0.0
2024-07-08 00:00:00-04:00,37.79191003567835,39.76696640703798,37.5735150061541,38.276180267333984,922700,0.0,0.0
2024-07-09 00:00:00-04:00,38.295171251898566,38.295171251898566,36.56699513209205,37.15571594238281,728100,0.0,0.0
2024-07-10 00:00:00-04:00,37.155721809266204,37.83939220514426,36.54801318082831,37.75393295288086,575000,0.0,0.0
2024-07-11 00:00:00-04:00,38.46609174956754,39.72898917193668,38.010310283351124,38.94086456298828,694300,0.0,0.0
2024-07-12 00:00:00-04:00,39.377653595830296,40.38416952170619,39.31118569967731,40.01384735107422,589400,0.0,0.0
2024-07-15 00:00:00-04:00,40.40316143043404,41.020367471585736,39.99485656423745,40.12779235839844,502600,0.0,0.0
2024-07-16 00:00:00-04:00,39.93788923868921,42.42569769638329,39.91889789202235,42.32124710083008,777000,0.0,0.0
2024-07-17 00:00:00-04:00,41.93193498068,44.837545919742304,41.789501686932475,44.210845947265625,903500,0.0,0.0
2024-07-18 00:00:00-04:00,43.63161945126679,43.73607004300949,41.58060117504749,41.836978912353516,741000,0.0,0.0
2024-07-19 00:00:00-04:00,41.560044021720785,41.98022697445924,40.43318593089094,41.75103759765625,845800,0.25,0.0
2024-07-22 00:00:00-04:00,41.827430240070136,42.51500561350173,40.30903705234153,42.457706451416016,653400,0.0,0.0
2024-07-23 00:00:00-04:00,41.78922776196101,42.505450842939695,40.89156281191135,41.18760299682617,584100,0.0,0.0
2024-07-24 00:00:00-04:00,40.81517440617605,40.81517440617605,38.96254139530051,39.525970458984375,693400,0.0,0.0
2024-07-25 00:00:00-04:00,39.69786030724528,42.46725786101704,39.525966464989146,41.13985824584961,763300,0.0,0.0
2024-07-26 00:00:00-04:00,42.31445810735444,42.31445810735444,40.76741373295808,41.72237777709961,462100,0.0,0.0
2024-07-29 00:00:00-04:00,41.483641123941936,43.441320534406266,41.19715260918346,43.202579498291016,485800,0.0,0.0
2024-07-30 00:00:00-04:00,43.20257510279923,44.54907426377852,42.88743521859831,44.310333251953125,621100,0.0,0.0
2024-07-31 00:00:00-04:00,44.281684315337046,45.36079476879589,43.32672021494134,43.76600646972656,628400,0.0,0.0
2024-08-01 00:00:00-04:00,43.99519823388392,43.99519823388392,41.264000173650764,42.40995788574219,617500,0.0,0.0
2024-08-02 00:00:00-04:00,41.006155845732295,41.206701068993226,39.0102807941361,40.146690368652344,853100,0.0,0.0
2024-08-05 00:00:00-04:00,38.198563711684315,39.4877637797941,37.902523531475154,38.24631118774414,1052500,0.0,0.0
2024-08-06 00:00:00-04:00,37.9598267778141,39.52596747584619,37.36774999651158,38.5805549621582,484700,0.0,0.0
2024-08-07 00:00:00-04:00,38.77154411863471,39.554614452132604,37.425044775142055,37.57783889770508,579400,0.0,0.0
2024-08-08 00:00:00-04:00,38.25586192710961,39.08667964737826,37.99802119125407,38.20811080932617,401000,0.0,0.0
2024-08-09 00:00:00-04:00,37.87387510258933,38.15081555888224,36.17404021329973,36.431880950927734,691400,0.0,0.0
2024-08-12 00:00:00-04:00,36.374588175331716,37.08126331829454,35.53421862116229,35.562870025634766,657100,0.0,0.0
2024-08-13 00:00:00-04:00,36.088091350556496,37.50143766929291,35.5437621481681,37.482337951660156,499800,0.0,0.0
2024-08-14 00:00:00-04:00,37.50144169850669,37.50144169850669,36.15494242536561,36.680171966552734,466500,0.0,0.0
2024-08-15 00:00:00-04:00,37.91207547257571,39.85065142851837,37.71153388600901,38.74289321899414,688900,0.0,0.0
2024-08-16 00:00:00-04:00,38.7046937807246,39.392269097980645,38.21766369293419,38.74289321899414,572500,0.0,0.0
2024-08-19 00:00:00-04:00,39.11532880244686,40.50957551916782,38.77154114234604,39.07712936401367,603100,0.0,0.0
2024-08-20 00:00:00-04:00,38.76199674111496,39.3636252027405,38.50415597184688,39.06758499145508,339300,0.0,0.0
2024-08-21 00:00:00-04:00,39.77425489350505,40.38543131422494,39.02938044321622,40.30903244018555,387600,0.0,0.0
2024-08-22 00:00:00-04:00,40.08939575358583,40.55732980366158,38.771544167990136,39.038936614990234,385400,0.0,0.0
2024-08-23 00:00:00-04:00,39.23948096478741,41.474097443349024,38.88614521422111,38.99119186401367,786500,0.0,0.0
2024-08-26 00:00:00-04:00,39.3349709149001,40.108493165973236,39.00073492900994,39.43046951293945,816700,0.0,0.0
2024-08-27 00:00:00-04:00,39.32541855578845,39.716953657483536,38.2558598755553,39.08667755126953,813700,0.0,0.0
2024-08-28 00:00:00-04:00,38.952986239987226,39.18217558235575,37.79748056139043,38.57099914550781,530400,0.0,0.0
2024-08-29 00:00:00-04:00,39.000738559784615,39.000738559784615,37.83568105553665,37.9598274230957,693200,0.0,0.0
2024-08-30 00:00:00-04:00,38.03622640514367,38.4086618658664,37.14810939438977,37.7974853515625,628700,0.0,0.0
2024-09-03 00:00:00-04:00,37.50144027787119,38.06486923708413,36.34593460245276,36.94755935668945,737900,0.0,0.0
2024-09-04 00:00:00-04:00,37.00485851357343,38.0457695181228,36.756569452874004,36.94755935668945,538400,0.0,0.0
2024-09-05 00:00:00-04:00,36.76611612070896,37.02395685272931,36.011693642897406,36.403228759765625,691000,0.0,0.0
2024-09-06 00:00:00-04:00,36.68017851658736,37.26270732085212,35.38142648928883,35.64881896972656,690600,0.0,0.0
2024-09-09 00:00:00-04:00,35.515107448152726,35.79204786373046,34.16860844487617,34.43600082397461,857700,0.0,0.0
2024-09-10 00:00:00-04:00,34.541054777817166,34.865742764809866,33.710236909856235,34.741600036621094,871800,0.0,0.0
2024-09-11 00:00:00-04:00,34.7415945868091,34.894388695372626,33.30914845293895,34.83708953857422,873300,0.0,0.0
2024-09-12 00:00:00-04:00,35.180880654467224,35.543768064091545,34.426458075450626,34.98033905029297,717400,0.0,0.0
2024-09-13 00:00:00-04:00,35.266824713624935,37.510988904777115,35.133130321695724,37.45369338989258,838300,0.0,0.0
2024-09-16 00:00:00-04:00,37.40594315190333,39.2490242107071,37.40594315190333,38.628299713134766,952500,0.0,0.0
2024-09-17 00:00:00-04:00,38.71423973723113,40.60506793719759,38.71423973723113,40.43317413330078,965700,0.0,0.0
2024-09-18 00:00:00-04:00,40.585977545973016,42.142570175395065,39.68831253051758,39.68831253051758,1445100,0.0,0.0
2024-09-19 00:00:00-04:00,42.00886903495598,43.20257406541974,38.723790459664585,39.25857162475586,1724700,0.0,0.0
2024-09-20 00:00:00-04:00,39.44001616180232,40.519126602785725,37.721081529542204,39.69785690307617,1437300,0.0,0.0
2024-09-23 00:00:00-04:00,39.736060178716805,40.20399058767106,38.551902990672716,39.048484802246094,795300,0.0,0.0
2024-09-24 00:00:00-04:00,39.20127613361292,41.90382632361748,39.20127613361292,41.3594970703125,1053900,0.0,0.0
2024-09-25 00:00:00-04:00,41.4072433073347,42.42905458682493,40.85336238945834,41.63643264770508,637500,0.0,0.0
2024-09-26 00:00:00-04:00,42.5627523762417,44.1193449791188,42.05662253649788,43.89015197753906,629600,0.0,0.0
2024-09-27 00:00:00-04:00,44.40582693174712,44.93105641418806,43.55590953677746,44.26258087158203,606400,0.0,0.0
2024-09-30 00:00:00-04:00,43.794650881520525,44.59682081029081,43.03068038814375,43.3076171875,601500,0.0,0.0
2024-10-01 00:00:00-04:00,43.07843149049078,45.96242353351393,42.97338485575732,44.7591667175293,939900,0.0,0.0
2024-10-02 00:00:00-04:00,44.01429468402433,45.284395018746,43.18347695271624,45.02655792236328,618200,0.0,0.0
2024-10-03 00:00:00-04:00,44.262591014305045,45.160259730295266,43.851956100160464,44.04294967651367,640300,0.0,0.0
2024-10-04 00:00:00-04:00,45.18890948904911,45.80008604607333,44.02385190040942,45.26530838012695,490700,0.0,0.0
2024-10-07 00:00:00-04:00,45.12205606762805,45.24620242708513,41.07300647053565,42.40040969848633,750900,0.0,0.0
2024-10-08 00:00:00-04:00,42.763293841379976,42.763293841379976,41.674635283821715,41.93247604370117,436700,0.0,0.0
2024-10-09 00:00:00-04:00,42.11392033276464,43.19303091337997,40.9011189881033,41.05391311645508,487500,0.0,0.0
2024-10-10 00:00:00-04:00,40.80562167358525,41.474097372385444,40.00345156360492,41.273555755615234,415200,0.0,0.0
2024-10-11 00:00:00-04:00,41.120753224744576,42.55319929696825,40.97750716036271,42.53409957885742,560600,0.0,0.0
2024-10-14 00:00:00-04:00,42.31445784857327,42.49589970440698,41.063453646955054,41.55048370361328,410700,0.0,0.0
2024-10-15 00:00:00-04:00,41.40725284393223,43.746916119551315,41.40725284393223,43.517723083496094,481300,0.0,0.0
2024-10-16 00:00:00-04:00,43.95700389228416,45.59954359157232,43.89970836791801,45.561344146728516,471600,0.0,0.0
2024-10-17 00:00:00-04:00,45.46584300791761,47.64316006796438,45.30349721081112,47.56676483154297,627100,0.0,0.0
2024-10-18 00:00:00-04:00,47.96987199541994,49.30396750173943,47.36520871268168,48.44016647338867,785800,0.25,0.0
2024-10-21 00:00:00-04:00,48.44016501395941,48.57453381468062,47.27882681927918,48.07544708251953,770500,0.0,0.0
2024-10-22 00:00:00-04:00,47.70113601616597,47.70113601616597,45.234498126378845,45.81996536254883,771800,0.0,0.0
2024-10-23 00:00:00-04:00,45.378459784839556,46.66456690425249,45.071330054347676,45.17690658569336,397400,0.0,0.0
2024-10-24 00:00:00-04:00,45.48403313684592,46.62617517472221,44.869773718798974,46.47260665893555,363500,0.0,0.0
2024-10-25 00:00:00-04:00,46.96210453095981,49.30396984565888,45.29208327204804,45.37846374511719,562600,0.0,0.0
2024-10-28 00:00:00-04:00,46.040711591184284,48.36338065335472,45.570417128324245,47.941078186035156,533600,0.0,0.0
2024-10-29 00:00:00-04:00,47.3364115383571,47.97946688761633,46.57818346284059,47.29801940917969,338300,0.0,0.0
2024-10-30 00:00:00-04:00,47.33641879032393,48.13303911706054,46.93331235602987,47.518775939941406,412100,0.0,0.0
2024-10-31 00:00:00-04:00,47.441993244092025,47.72992692181788,45.58961491364606,45.65679931640625,536500,0.0,0.0
2024-11-01 00:00:00-04:00,45.70478991473376,46.789343937834566,45.03294219260206,45.09053039550781,594800,0.0,0.0
2024-11-04 00:00:00-05:00,45.042535535797136,45.906340147944164,43.50688696006354,44.0059700012207,591400,0.0,0.0
2024-11-05 00:00:00-05:00,43.52607977655746,46.18467437330312,42.911820340436805,45.52242660522461,471200,0.0,0.0
2024-11-06 00:00:00-05:00,47.83549967438034,49.620693460865496,47.547566019428714,48.776084899902344,783500,0.0,0.0
2024-11-07 00:00:00-05:00,49.073615887069096,49.73586362542945,47.25962992702888,47.33641052246094,445000,0.0,0.0
2024-11-08 00:00:00-05:00,46.645366170880365,46.75094269166156,43.929187202147496,44.50505447387695,993700,0.0,0.0
2024-11-11 00:00:00-05:00,45.128920589577035,46.098298165168956,43.44930318713356,43.98678207397461,725600,0.0,0.0
2024-11-12 00:00:00-05:00,43.766032340005054,44.245923061545795,43.02700385075489,43.24775314331055,571400,0.0,0.0
2024-11-13 00:00:00-05:00,43.70844024284224,44.72580605346866,42.79664729723788,43.44929885864258,484600,0.0,0.0
2024-11-14 00:00:00-05:00,47.98906252405513,50.830014146773216,43.29573279500653,46.13668441772461,1190500,0.0,0.0
2024-11-15 00:00:00-05:00,46.280656516416116,48.60332555814205,46.213472116781084,46.846927642822266,790300,0.0,0.0
2024-11-18 00:00:00-05:00,47.89308613976278,48.5649300899548,45.56081739473925,46.47260665893555,673500,0.0,0.0
2024-11-19 00:00:00-05:00,45.82955616782082,46.95249850918054,45.29207733240098,45.32087326049805,501600,0.0,0.0
2024-11-20 00:00:00-05:00,45.00414115130407,45.66639254119525,43.01739430418017,44.50505447387695,645100,0.0,0.0
2024-11-21 00:00:00-05:00,44.66821827161176,46.58778068643367,44.15953174201712,45.723976135253906,558500,0.0,0.0
2024-11-22 00:00:00-05:00,46.069506290231715,47.710731573115126,45.46484299501531,46.463016510009766,436400,0.0,0.0
2024-11-25 00:00:00-05:00,46.83732878584259,51.8857806981484,46.83732878584259,49.86064147949219,934700,0.0,0.0
2024-11-26 00:00:00-05:00,49.68788054492505,50.2541516835006,48.41136960187625,49.86064147949219,582900,0.0,0.0
2024-11-27 00:00:00-05:00,50.46530425185256,52.538431784899295,50.0525979857172,50.6380615234375,676800,0.0,0.0
2024-11-29 00:00:00-05:00,50.61886427506553,54.84189953984896,50.2925385065858,53.32544708251953,781900,0.0,0.0
2024-12-02 00:00:00-05:00,53.14309575271675,54.62116000577588,52.27929467875628,54.36201858520508,1188900,0.0,0.0
2024-12-03 00:00:00-05:00,53.60378637381575,54.381210577265065,51.972161024856476,53.469417572021484,1197600,0.0,0.0
2024-12-04 00:00:00-05:00,53.09510646599857,56.819059302879026,51.30991248591476,52.52883529663086,1314400,0.0,0.0
2024-12-05 00:00:00-05:00,52.26968967733351,52.452050470892026,47.950673748171226,49.00643539428711,1129300,0.0,0.0
2024-12-06 00:00:00-05:00,49.668684571406864,49.99501037494538,47.96987115251006,48.19062042236328,877200,0.0,0.0
2024-12-09 00:00:00-05:00,48.315392809833305,49.044825017389684,47.13486220079618,47.36520767211914,959000,0.0,0.0
2024-12-10 00:00:00-05:00,47.173257618641564,50.330935665107624,46.33824515843176,49.947025299072266,831000,0.0,0.0
2024-12-11 00:00:00-05:00,50.743640297645705,51.69382547035408,50.03340413008827,50.07179260253906,1121400,0.0,0.0
2024-12-12 00:00:00-05:00,49.995005253175094,50.62846072911684,49.13120066722049,49.207984924316406,505200,0.0,0.0
2024-12-13 00:00:00-05:00,49.27517206950579,49.28476827154106,48.12343377769359,49.179195404052734,580900,0.0,0.0
2024-12-16 00:00:00-05:00,49.0256336988386,51.7322168451461,48.99683776832872,51.06996536254883,848100,0.0,0.0
2024-12-17 00:00:00-05:00,51.19474033814009,51.7034233116687,49.47673074283998,51.261924743652344,599200,0.0,0.0
2024-12-18 00:00:00-05:00,51.6554323323044,52.88395129745334,49.947022688734734,50.1773681640625,848700,0.0,0.0
2024-12-19 00:00:00-05:00,51.012374990613935,51.914568049121996,48.8912556418608,50.03339767456055,700500,0.0,0.0
2024-12-20 00:00:00-05:00,49.2559762788568,51.9337669984671,48.977638821705526,51.252323150634766,925500,0.0,0.0
2024-12-23 00:00:00-05:00,50.916398873719054,51.050767674245584,48.68970647885745,49.74546813964844,691500,0.0,0.0
2024-12-24 00:00:00-05:00,50.15817060172087,52.087333121753524,49.745467998960244,52.039344787597656,318500,0.0,0.0
2024-12-26 00:00:00-05:00,51.51146577588608,55.561744439398815,51.3483046959467,54.60196304321289,790000,0.0,0.0
2024-12-27 00:00:00-05:00,53.930112800290374,55.081851153866296,52.73038611141447,54.141265869140625,571000,0.0,0.0
2024-12-30 00:00:00-05:00,53.10470463629355,54.21805087226622,51.808997597914576,51.82819366455078,564300,0.0,0.0
2024-12-31 00:00:00-05:00,52.22170741911977,52.912751219788994,50.436513374907996,50.734046936035156,721000,0.0,0.0
2025-01-02 00:00:00-05:00,51.722619407683425,53.50781340948095,51.71302320458017,52.7111930847168,584900,0.0,0.0
2025-01-03 00:00:00-05:00,53.01831870205308,53.73815465097268,50.964383718998164,53.690162658691406,489800,0.0,0.0
2025-01-06 00:00:00-05:00,54.01648764004443,57.41411414762834,54.01648764004443,56.71347427368164,981200,0.0,0.0
2025-01-07 00:00:00-05:00,56.406350346270216,57.37572789824913,53.91091664094652,54.00689697265625,904600,0.0,0.0
2025-01-08 00:00:00-05:00,52.106528499832,55.225817775364504,51.10835505295557,54.97627258300781,1050400,0.0,0.0
2025-01-10 00:00:00-05:00,53.80534392404142,56.46393870907001,53.05671197963526,55.52334976196289,924200,0.0,0.0
2025-01-13 00:00:00-05:00,54.54437307191812,54.947479460768484,51.01237759271694,54.03568649291992,1219900,0.0,0.0
2025-01-14 00:00:00-05:00,54.90909190496011,55.216221653847505,52.576822857219604,54.8419075012207,755000,0.0,0.0
2025-01-15 00:00:00-05:00,55.94565571188181,56.819056593020264,54.34281895518964,55.25461196899414,601700,0.0,0.0
2025-01-16 00:00:00-05:00,54.74592738193707,55.37938290680676,53.45022040292509,54.62115478515625,585100,0.0,0.0
2025-01-17 00:00:00-05:00,55.199568597348566,55.47913419111712,51.85443472623194,52.7606086730957,741000,0.25,0.0
2025-01-21 00:00:00-05:00,53.40649810029804,59.96180742039721,53.24261343664486,59.817203521728516,1485200,0.0,0.0
2025-01-22 00:00:00-05:00,59.75936373694334,59.76900228053236,57.74456980329272,58.13981628417969,579600,0.0,0.0
2025-01-23 00:00:00-05:00,57.358961474561305,57.937369699131175,55.797256326278806,57.55176544189453,597000,0.0,0.0
2025-01-24 00:00:00-05:00,57.00227842867499,59.306276537793345,56.90587460307448,57.94701385498047,532900,0.0,0.0
2025-01-27 00:00:00-05:00,58.03377685603785,61.59099536413707,58.03377685603785,59.479801177978516,667800,0.0,0.0
2025-01-28 00:00:00-05:00,58.93030821477576,60.964382877441494,58.56398104849578,60.41489028930664,570500,0.0,0.0
2025-01-29 00:00:00-05:00,60.61734106136644,61.76451904152639,60.414894859925234,60.74266052246094,571900,0.0,0.0
2025-01-30 00:00:00-05:00,61.311430205977416,63.075581656188135,60.75230270986634,62.38148880004883,465200,0.0,0.0
2025-01-31 00:00:00-05:00,62.236877057518775,63.037012185621634,61.398184080265445,62.64176940917969,659600,0.0,0.0
2025-02-03 00:00:00-05:00,60.50165343670293,62.60321266676254,60.299210922831314,61.0704231262207,853200,0.0,0.0
2025-02-04 00:00:00-05:00,61.01258542221859,61.21502793911911,60.058207778011976,60.54985809326172,677400,0.0,0.0
2025-02-05 00:00:00-05:00,60.51129839538241,60.51129839538241,57.69636912887401,57.75421142578125,501900,0.0,0.0
2025-02-06 00:00:00-05:00,58.149455251576036,58.97850974860809,56.973354343932435,57.82168960571289,436100,0.0,0.0
2025-02-07 00:00:00-05:00,57.29147869504674,58.09161016781961,54.98748074098156,55.43092727661133,983500,0.0,0.0
2025-02-10 00:00:00-05:00,55.758700064883534,55.758700064883534,50.64941467373977,51.063941955566406,980400,0.0,0.0
2025-02-11 00:00:00-05:00,50.099920131917074,51.42062121823715,49.40582733213204,50.55300521850586,501800,0.0,0.0
2025-02-12 00:00:00-05:00,49.8589176616093,49.99387933748727,47.51635806621342,47.930885314941406,756400,0.0,0.0
2025-02-13 00:00:00-05:00,48.2972079401588,48.731015945804614,46.99578760065114,47.63203811645508,784600,0.0,0.0
2025-02-14 00:00:00-05:00,47.853759331193935,48.14296343003264,45.462999808735184,45.62688446044922,625800,0.0,0.0
2025-02-18 00:00:00-05:00,45.626887121391064,47.80556204896038,45.3087600199147,47.1693115234375,949500,0.0,0.0
2025-02-19 00:00:00-05:00,46.542699240176994,47.67060006478178,44.759270807019554,46.55234146118164,715700,0.0,0.0
2025-02-20 00:00:00-05:00,46.27277461456832,46.899386575112494,45.723285710214704,46.57162094116211,556000,0.0,0.0
2025-02-21 00:00:00-05:00,46.947585926603885,47.42959398811434,44.923149861802194,45.30875778198242,540000,0.0,0.0
2025-02-24 00:00:00-05:00,45.84860617927193,46.47521442605242,44.817109265828044,44.85566711425781,629900,0.0,0.0
2025-02-25 00:00:00-05:00,44.78818482610671,45.05811182091352,43.50604539113458,44.142295837402344,608800,0.0,0.0
2025-02-26 00:00:00-05:00,44.344743744164425,44.94243273886194,43.043323387861975,43.89165496826172,810900,0.0,0.0
2025-02-27 00:00:00-05:00,43.89165496826172,45.058117326813594,43.45785063444746,43.89165496826172,752200,0.0,0.0
2025-02-28 00:00:00-05:00,43.37108946122133,44.26762112342109,42.686635180074596,43.66029357910156,687400,0.0,0.0
2025-03-03 00:00:00-05:00,43.93021372022451,44.73034885453637,39.669264290663236,39.74638366699219,952700,0.0,0.0
2025-03-04 00:00:00-05:00,39.33186227147993,39.466823958115,37.96296096140396,38.4738883972168,918900,0.0,0.0
2025-03-05 00:00:00-05:00,38.80165224485793,39.48610286771198,37.88583611477279,38.840213775634766,1192900,0.0,0.0
2025-03-06 00:00:00-05:00,49.12626692377485,49.20338998848034,41.08637129973443,41.78046417236328,2830700,0.0,0.0
2025-03-07 00:00:00-05:00,41.684059682715116,43.139722442019185,40.064512266675095,41.279170989990234,1802600,0.0,0.0
2025-03-10 00:00:00-04:00,41.88650626976517,45.0002782767065,41.83830619335904,42.74448013305664,1703400,0.0,0.0
2025-03-11 00:00:00-04:00,43.30360220044359,43.30360220044359,40.22839211180056,40.392276763916016,1253300,0.0,0.0
2025-03-12 00:00:00-04:00,40.7296856703457,42.34923322906509,40.392281461208356,42.214271545410156,1010900,0.0,0.0
2025-03-13 00:00:00-04:00,42.146789995896825,42.204628615103445,39.32222219849979,39.39934158325195,1047100,0.0,0.0
2025-03-14 00:00:00-04:00,40.025961085098146,40.025961085098146,38.37749393538602,38.81129837036133,1030500,0.0,0.0
2025-03-17 00:00:00-04:00,38.99444957927759,39.52465766614241,37.84726813736404,38.11719512939453,1479600,0.0,0.0
2025-03-18 00:00:00-04:00,37.934043599687264,38.85950213196365,37.17247344394194,38.81129837036133,1060900,0.0,0.0
2025-03-19 00:00:00-04:00,38.56064609091924,40.286235886071026,38.17503815903814,40.17055130004883,937300,0.0,0.0
2025-03-20 00:00:00-04:00,39.98739336677746,40.40192064596391,38.81129237211544,39.380062103271484,922400,0.0,0.0
2025-03-21 00:00:00-04:00,38.87877517565019,39.71746824136084,38.36784408815039,38.92697525024414,2408100,0.0,0.0
2025-03-24 00:00:00-04:00,39.42826059362683,40.2187535141165,38.53172531204691,39.543941497802734,1090800,0.0,0.0
2025-03-25 00:00:00-04:00,39.69818650926684,40.01630993578363,38.30036231550367,38.657047271728516,757400,0.0,0.0
2025-03-26 00:00:00-04:00,38.62813352890875,38.888418375796554,38.01116367440303,38.406410217285156,782500,0.0,0.0
2025-03-27 00:00:00-04:00,38.34856680321453,39.99703745240512,38.00152035075335,39.833152770996094,807700,0.0,0.0
2025-03-28 00:00:00-04:00,39.76566885454136,40.06451520495939,38.107559788556216,38.57992935180664,835300,0.0,0.0
2025-03-31 00:00:00-04:00,38.07863843214172,39.23545856303453,37.39418783910917,37.4231071472168,1111000,0.0,0.0
2025-04-01 00:00:00-04:00,37.548434411980914,39.813871173095166,37.50023433401831,39.534305572509766,1017600,0.0,0.0
2025-04-02 00:00:00-04:00,39.08121880746922,40.13199664420939,38.98481497810815,39.84279251098633,747800,0.0,0.0
2025-04-03 00:00:00-04:00,36.815778944498824,37.33634859756966,34.00085328406562,34.781707763671875,2048500,0.0,0.0
2025-04-04 00:00:00-04:00,33.42243842117874,36.03492500330532,32.63194546608547,35.87104034423828,1774600,0.0,0.0
2025-04-07 00:00:00-04:00,33.981571656248846,37.59663247074341,33.885171505501006,35.33119583129883,1393200,0.0,0.0
2025-04-08 00:00:00-04:00,36.63261738858716,37.027863902787864,33.45136450874851,33.84661102294922,1158100,0.0,0.0
2025-04-09 00:00:00-04:00,33.586322808170785,38.319641956879316,33.42243815043135,37.7701530456543,1772100,0.0,0.0
2025-04-10 00:00:00-04:00,36.449452279614455,38.16539986510131,36.449452279614455,37.567710876464844,934500,0.0,0.0
2025-04-11 00:00:00-04:00,38.16925856235452,40.02241763066059,37.93639923125979,39.75075149536133,1189500,0.25,0.0
2025-04-14 00:00:00-04:00,40.92474173036469,43.505581132226716,40.92474173036469,42.797306060791016,1238700,0.0,0.0
2025-04-15 00:00:00-04:00,42.506234564291844,43.83546291686216,41.856171551679964,42.021114349365234,1050400,0.0,0.0
2025-04-16 00:00:00-04:00,41.40015941383922,42.321888608043544,40.18735881651081,40.92474365234375,1043600,0.0,0.0
2025-04-17 00:00:00-04:00,40.876227848931364,42.37039520673533,39.77015441865606,42.273372650146484,967400,0.0,0.0
2025-04-21 00:00:00-04:00,41.32254187639042,43.35034461218655,41.15759907143687,43.1465950012207,1012500,0.0,0.0
2025-04-22 00:00:00-04:00,43.20480739387975,43.65112082761159,41.24492117996402,43.21451187133789,872100,0.0,0.0
2025-04-23 00:00:00-04:00,44.03921193563208,45.242311681233595,42.20545813968194,42.671173095703125,759000,0.0,0.0
2025-04-24 00:00:00-04:00,42.65176806634755,42.65176806634755,40.66277594131861,41.95319747924805,1023600,0.0,0.0
2025-04-25 00:00:00-04:00,41.31284313717636,42.195761862735736,41.079983783752695,42.05022430419922,559300,0.0,0.0
2025-04-28 00:00:00-04:00,42.17635594450401,42.797309275630724,41.089683913858465,41.914390563964844,534500,0.0,0.0
2025-04-29 00:00:00-04:00,41.45837015916141,41.68152499793098,39.779854779672135,40.71128463745117,1085800,0.0,0.0
2025-04-30 00:00:00-04:00,40.52694023865994,41.59420315306665,38.80961435912774,41.429264068603516,845700,0.0,0.0
2025-05-01 00:00:00-04:00,41.25462397180543,42.44801926941032,40.759799274521974,41.37105178833008,811700,0.0,0.0
2025-05-02 00:00:00-04:00,41.99200178241286,42.65176552622891,41.12848845037596,41.468074798583984,578300,0.0,0.0
2025-05-05 00:00:00-04:00,41.73003643995151,42.370394932341426,41.09938242386161,41.48747634887695,910900,0.0,0.0
2025-05-06 00:00:00-04:00,41.186715140395165,41.53600235647133,40.48814070824283,41.390464782714844,656800,0.0,0.0
2025-05-07 00:00:00-04:00,41.90468774523193,43.58320344150186,41.72034337437245,43.02046585083008,666300,0.0,0.0
2025-05-08 00:00:00-04:00,43.05927182013634,46.45511336460068,43.05927182013634,45.88267135620117,929000,0.0,0.0
2025-05-09 00:00:00-04:00,45.5818949335327,46.20284821622172,44.553438745845575,45.02885818481445,447300,0.0,0.0
2025-05-12 00:00:00-04:00,47.279811429576796,50.471903043582365,46.67826345376277,50.14202117919922,1390400,0.0,0.0
2025-05-13 00:00:00-04:00,50.27785529068495,52.81018322909985,49.8218411359161,52.57732391357422,955500,0.0,0.0
2025-05-14 00:00:00-04:00,52.392985339600386,53.87745207318016,51.742926001765,53.7125129699707,930900,0.0,0.0
2025-05-15 00:00:00-04:00,53.89685517628413,55.730608997817704,53.625189040108346,55.5462646484375,832200,0.0,0.0
2025-05-16 00:00:00-04:00,55.429836497321865,55.643286873949734,54.36256980948855,55.47834777832031,773100,0.0,0.0
2025-05-19 00:00:00-04:00,53.877452962675555,54.78948138758068,52.6258455495691,53.88715744018555,1557000,0.0,0.0
2025-05-20 00:00:00-04:00,53.50876288738427,54.92531307170633,53.353524561721215,54.38197708129883,1124100,0.0,0.0
2025-05-21 00:00:00-04:00,53.97447529022255,54.731261629090575,52.97512514657738,53.120662689208984,780600,0.0,0.0
2025-05-22 00:00:00-04:00,52.8975098185564,54.605131383344705,52.684055735017765,54.26554870605469,850900,0.0,0.0
2025-05-23 00:00:00-04:00,53.57667502936633,55.4104287574798,53.22738789997837,55.002925872802734,550600,0.0,0.0
2025-05-27 00:00:00-04:00,55.89554981829113,57.61287576373732,55.507452179334685,57.38972091674805,1233700,0.0,0.0
2025-05-28 00:00:00-04:00,57.63228270576676,58.350258547364156,56.50680396119847,56.97251892089844,1005800,0.0,0.0
2025-05-29 00:00:00-04:00,57.34121540662452,58.85479200713289,56.797883063755364,56.9919319152832,749700,0.0,0.0
2025-05-30 00:00:00-04:00,56.729963953221635,57.525560877419395,55.65299639210242,55.730613708496094,720100,0.0,0.0
2025-06-02 00:00:00-04:00,55.323110924529004,55.56567103712278,53.10125940488837,55.022335052490234,842000,0.0,0.0
2025-06-03 00:00:00-04:00,55.517157713552685,55.517157713552685,53.53786637928152,54.61483383178711,855200,0.0,0.0
2025-06-04 00:00:00-04:00,54.49840200408764,56.55531433628127,54.17822459368598,56.05078887939453,1012400,0.0,0.0
2025-06-05 00:00:00-04:00,56.38067337161684,56.77847180969217,51.63619814395591,52.03399658203125,1620300,0.0,0.0
2025-06-06 00:00:00-04:00,53.94536872184104,54.071501019434066,51.31601793299572,53.73191833496094,834000,0.0,0.0
2025-06-09 00:00:00-04:00,54.40137896877241,59.611568883974655,54.40137896877241,58.932403564453125,1518400,0.0,0.0
2025-06-10 00:00:00-04:00,55.96347012691825,56.904604559142285,52.11161430959587,52.8878059387207,2868900,0.0,0.0
2025-06-11 00:00:00-04:00,52.810190341927864,54.11031275088639,50.73387627863,53.98418045043945,3524800,0.0,0.0
2025-06-12 00:00:00-04:00,53.1982927533596,53.63489805321841,52.00489358347835,53.4117431640625,1051000,0.0,0.0
2025-06-13 00:00:00-04:00,52.38328366909653,52.99453248944445,50.403992257333044,50.510719299316406,1245300,0.0,0.0
2025-06-16 00:00:00-04:00,51.70411196296976,56.01197801976887,51.48095711442568,55.245487213134766,1317400,0.0,0.0
2025-06-17 00:00:00-04:00,54.265554629457384,58.72865970957194,54.05210052261898,58.55401611328125,1392800,0.0,0.0
2025-06-18 00:00:00-04:00,58.61222539795302,58.87419076342178,56.41948361090973,57.273292541503906,1016500,0.0,0.0
2025-06-20 00:00:00-04:00,57.69049901500676,58.04949066344112,56.47769839477281,57.826332092285156,816600,0.0,0.0
2025-06-23 00:00:00-04:00,56.63293802155709,58.13681008481252,54.89621030654764,58.07859802246094,1097300,0.0,0.0
2025-06-24 00:00:00-04:00,58.69954737124751,60.814671853611145,58.340559440181714,58.815975189208984,955500,0.0,0.0
2025-06-25 00:00:00-04:00,59.281687688023744,60.339249885066714,57.96216383679421,59.82502365112305,1332400,0.0,0.0
2025-06-26 00:00:00-04:00,59.689197065000684,61.532651827060256,58.37937014601678,61.13485336303711,1490400,0.0,0.0
2025-06-27 00:00:00-04:00,61.47443906875031,61.814021765471395,58.127108581922414,58.69955062866211,1398500,0.0,0.0
2025-06-30 00:00:00-04:00,59.087647370152055,59.91235030686203,57.525559587777245,59.262290954589844,946600,0.0,0.0
2025-07-01 00:00:00-04:00,59.43692880685168,64.44336942025592,59.43692880685168,62.66782760620117,1131100,0.0,0.0
2025-07-02 00:00:00-04:00,62.7745521941475,66.05396955026147,62.09538686129091,65.90843200683594,841400,0.0,0.0
2025-07-03 00:00:00-04:00,65.6270637734163,65.7823057993179,64.30753616264157,64.88967895507812,375600,0.0,0.0
2025-07-07 00:00:00-04:00,64.31724522867766,64.96730460323904,62.49319570827706,63.51194381713867,1054000,0.0,0.0
2025-07-08 00:00:00-04:00,64.29782935012688,65.8114094383051,63.59926246598341,64.39485931396484,959800,0.0,0.0
2025-07-09 00:00:00-04:00,64.95760060524199,65.35540277617528,63.38581568214394,64.3560562133789,616900,0.0,0.0
2025-07-10 00:00:00-04:00,64.38515680774915,67.2667721265463,64.1328922182739,66.2965316772461,1122800,0.0,0.0
2025-07-11 00:00:00-04:00,65.85022436067536,66.49057923134932,64.55009826197167,65.27777862548828,692800,0.0,0.0
2025-07-14 00:00:00-04:00,65.41360918214154,65.81141131867174,62.037172869588616,62.49319076538086,1654300,0.0,0.0
2025-07-15 00:00:00-04:00,62.96860766208224,63.18206174876836,61.56175824752797,61.98866271972656,877200,0.0,0.0
2025-07-16 00:00:00-04:00,62.77455020382653,64.35604677530938,62.153596947089234,64.02616119384766,744900,0.0,0.0
2025-07-17 00:00:00-04:00,64.02616467476065,65.92783505220015,63.17235575091448,63.938846588134766,1143600,0.0,0.0
2025-07-18 00:00:00-04:00,65.05887221317784,65.05887221317784,63.17917704118007,63.92910385131836,440100,0.25,0.0
2025-07-21 00:00:00-04:00,65.00042763685991,65.8380124320365,63.99727565509928,64.82511901855469,527000,0.0,0.0
2025-07-22 00:00:00-04:00,64.45502800078722,66.87039042260787,64.45502800078722,66.3834228515625,969700,0.0,0.0
2025-07-23 00:00:00-04:00,66.38341973897711,70.0551517830635,66.17888682985699,69.98697662353516,1588900,0.0,0.0
2025-07-24 00:00:00-04:00,69.04226732807277,69.04226732807277,65.07835126974845,65.1173095703125,642700,0.0,0.0
2025-07-25 00:00:00-04:00,65.21470410894108,65.87698038287118,63.18891698509175,64.06546020507812,530500,0.0,0.0
2025-07-28 00:00:00-04:00,64.04597386792697,64.18232418665681,61.620873848924454,62.16627883911133,813200,0.0,0.0
2025-07-29 00:00:00-04:00,62.12732637002296,62.25393526913553,60.695640458560234,61.28974151611328,538000,0.0,0.0
2025-07-30 00:00:00-04:00,62.04941194582564,63.18891436936974,59.96519117043288,60.38398361206055,885600,0.0,0.0
2025-07-31 00:00:00-04:00,59.94571202020973,60.676163434871754,59.4782235606582,60.38398361206055,753300,0.0,0.0
2025-08-01 00:00:00-04:00,59.52691482312746,59.8970112172652,57.07259782010008,57.491390228271484,725800,0.0,0.0
2025-08-04 00:00:00-04:00,58.58220188715531,58.58220188715531,56.10840566683496,56.283714294433594,889200,0.0,0.0
2025-08-05 00:00:00-04:00,56.585634508361316,56.61485509119509,53.71252859617499,54.60854721069336,1204700,0.0,0.0
2025-08-06 00:00:00-04:00,54.38454144779759,55.407172659689316,52.504846223867155,55.105255126953125,952300,0.0,0.0
2025-08-07 00:00:00-04:00,55.29030423034565,56.08893083295335,54.033926874315924,56.079193115234375,721400,0.0,0.0
2025-08-08 00:00:00-04:00,55.92335550193386,56.7025066076941,54.31636470565598,55.77726745605469,754600,0.0,0.0
2025-08-11 00:00:00-04:00,56.36162463179115,56.614849844788544,54.79358848642338,55.69934844970703,827700,0.0,0.0
2025-08-12 00:00:00-04:00,56.76093831471827,58.367932768926686,55.96231180354992,58.319236755371094,956900,0.0,0.0
2025-08-13 00:00:00-04:00,58.319237712692114,60.74433415108537,57.36478171331768,60.11127853393555,970000,0.0,0.0
2025-08-14 00:00:00-04:00,58.87438105599534,61.28973980248903,58.416630342757585,60.91964340209961,633200,0.0,0.0
2025-08-15 00:00:00-04:00,60.968344058367364,61.95202072358073,59.58535781177345,60.56903076171875,665300,0.0,0.0
2025-08-18 00:00:00-04:00,60.08205894326329,60.578767957565695,57.54009128547287,59.13734436035156,705500,0.0,0.0
2025-08-19 00:00:00-04:00,59.28343269714556,59.41004530939138,57.793313077451444,57.919925689697266,594400,0.0,0.0
2025-08-20 00:00:00-04:00,57.618005452440336,57.89070611562179,57.111558709912,57.48165512084961,452600,0.0,0.0
2025-08-21 00:00:00-04:00,55.290300365967134,55.368213248077716,48.95972172441566,53.371646881103516,4727800,0.0,0.0
2025-08-22 00:00:00-04:00,53.97548534157767,55.8746596662546,52.94311643908202,52.98207473754883,3037100,0.0,0.0
2025-08-25 00:00:00-04:00,52.54380216932998,53.66382536445511,51.76465479114125,52.85546112060547,1822400,0.0,0.0
2025-08-26 00:00:00-04:00,53.118426323949286,56.32267400094945,52.10553283144934,56.2057991027832,4257100,0.0,0.0
2025-08-27 00:00:00-04:00,58.6309002673701,61.504009874156814,57.121301437953754,60.70538330078125,5153800,0.0,0.0
2025-08-28 00:00:00-04:00,60.32554034410422,60.705378163925246,57.910181678370805,58.494544982910156,1457000,0.0,0.0
2025-08-29 00:00:00-04:00,58.630899638015755,59.7704020358683,57.81279392342882,58.26080322265625,1023100,0.0,0.0
2025-09-02 00:00:00-04:00,56.77067981852969,57.02390131850028,52.456146880271845,53.293731689453125,2490600,0.0,0.0
2025-09-03 00:00:00-04:00,52.865199235759434,54.12157648239408,52.13474786659061,52.680152893066406,1351000,0.0,0.0
2025-09-04 00:00:00-04:00,52.66067818147986,54.180018494873806,50.274536098074506,50.81019973754883,2417900,0.0,0.0
2025-09-05 00:00:00-04:00,50.81993349198513,51.901002040551894,50.654362594099105,51.43351364135742,1357400,0.0,0.0
2025-09-08 00:00:00-04:00,51.667257700055394,51.667257700055394,49.29085732970659,49.573299407958984,1509600,0.0,0.0
2025-09-09 00:00:00-04:00,49.5635630205569,49.96287631431501,48.29744797073372,49.04737854003906,1701500,0.0,0.0
2025-09-10 00:00:00-04:00,49.31033773134887,49.378512894691845,47.70334324622396,47.888389587402344,1203200,0.0,0.0
2025-09-11 00:00:00-04:00,47.9857851205551,50.819936248653214,47.391684086664704,50.771240234375,1749500,0.0,0.0
2025-09-12 00:00:00-04:00,50.04079479255071,50.77124623891519,49.11555555076874,49.836265563964844,1236200,0.0,0.0
2025-09-15 00:00:00-04:00,50.16739965207077,51.579606410768754,49.865482123049276,51.02446365356445,1136900,0.0,0.0
2025-09-16 00:00:00-04:00,50.72254368130914,51.277686411773,49.17398666599741,49.87521743774414,1307300,0.0,0.0
2025-09-17 00:00:00-04:00,50.021309020985214,50.15765934515056,47.927346999109716,48.29744338989258,2762600,0.0,0.0
2025-09-18 00:00:00-04:00,47.02159055437679,48.67728114754526,44.20691840362437,44.606231689453125,4963500,0.0,0.0
2025-09-19 00:00:00-04:00,44.56726828378982,44.80101434115706,42.249305434174765,42.36617660522461,3185000,0.0,0.0
2025-09-22 00:00:00-04:00,42.405138417394916,42.6875805098507,41.68442475307117,42.512271881103516,1632400,0.0,0.0
2025-09-23 00:00:00-04:00,42.65836532234115,43.37907907779876,42.444102083098336,42.88236999511719,1339000,0.0,0.0
2025-09-24 00:00:00-04:00,42.901840795245526,44.31404744591615,42.60966100568861,42.66809844970703,1209500,0.0,0.0
2025-09-25 00:00:00-04:00,42.4440963174508,42.70705554283415,41.5285948836428,42.65835952758789,1209400,0.0,0.0
2025-09-26 00:00:00-04:00,42.78497089806223,44.878932930306526,42.755754032815744,44.314048767089844,1334300,0.0,0.0
2025-09-29 00:00:00-04:00,45.04450009772244,45.04450009772244,43.20376328276645,43.778385162353516,1060000,0.0,0.0
2025-09-30 00:00:00-04:00,43.75890935530899,43.87578054042836,42.1324356199642,42.91158676147461,878700,0.0,0.0
2025-10-01 00:00:00-04:00,43.1940241467584,44.30431338306183,41.67468762966469,42.24930953979492,1014900,0.0,0.0
2025-10-02 00:00:00-04:00,42.268790554059855,43.09663401513603,41.879214975160444,43.0381965637207,905300,0.0,0.0
2025-10-03 00:00:00-04:00,43.203767485096776,43.51542646210908,42.307745139735346,43.0381965637207,955900,0.0,0.0
2025-10-06 00:00:00-04:00,43.4472455526053,43.4472455526053,42.14217236557412,42.19086837768555,830100,0.0,0.0
2025-10-07 00:00:00-04:00,42.31748133570288,42.414873360741176,41.36302537231068,41.479896545410156,621200,0.0,0.0
2025-10-08 00:00:00-04:00,41.39224361842771,41.47016021327327,40.68127140916685,40.86631774902344,665400,0.0,0.0
2025-10-09 00:00:00-04:00,40.866316672286736,41.343546514972466,39.590464045082435,39.66837692260742,847000,0.0,0.0
2025-10-10 00:00:00-04:00,39.95082090149162,40.1748255435386,38.24643436328089,38.31460952758789,995800,0.0,0.0
2025-10-13 00:00:00-04:00,38.99636779206172,39.785252956481,38.76262170039833,39.23011016845703,766000,0.0,0.0
2025-10-14 00:00:00-04:00,38.957405836016534,41.30458938902582,38.66522603529996,40.272216796875,933800,0.0,0.0
2025-10-15 00:00:00-04:00,40.31117355651196,42.01555999681568,39.785247706125446,39.843685150146484,1268900,0.0,0.0
2025-10-16 00:00:00-04:00,39.911866903825285,40.09691326755945,39.230111472026884,39.23985290527344,805300,0.0,0.0
2025-10-17 00:00:00-04:00,39.09284425429085,39.573053820441274,38.6224369433385,38.82823944091797,795200,0.25,0.0
2025-10-20 00:00:00-04:00,38.91644712817042,39.19085423963229,35.790196416575746,35.89799880981445,1619200,0.0,0.0
2025-10-21 00:00:00-04:00,35.584388795615965,37.14261466933887,35.04537690654119,36.57420349121094,2259900,0.0,0.0
2025-10-22 00:00:00-04:00,36.456600225775354,37.10341071213823,35.98619293919007,36.152793884277344,1517100,0.0,0.0
2025-10-23 00:00:00-04:00,36.005795965582564,36.064594543548495,35.17277997256998,36.015594482421875,1106400,0.0,0.0
2025-10-24 00:00:00-04:00,36.26059728162042,36.466399774365605,34.986577043742955,35.52558517456055,1621500,0.0,0.0
2025-10-27 00:00:00-04:00,35.790191313274406,35.917594463341594,34.800372878734386,34.8493766784668,969600,0.0,0.0
2025-10-28 00:00:00-04:00,34.70237147248106,35.23158108690808,33.977157881770154,35.09437942504883,1039000,0.0,0.0
2025-10-29 00:00:00-04:00,34.59457122203021,34.819974500129305,33.54595418378153,33.96736145019531,1167000,0.0,0.0
2025-10-30 00:00:00-04:00,33.5655532591985,33.800758780975855,32.487536985675916,32.84033966064453,1744700,0.0,0.0
2025-10-31 00:00:00-04:00,32.78154242982506,33.1147480852508,31.879925587540352,33.026546478271484,1607100,0.0,0.0
2025-11-03 00:00:00-05:00,32.859940185853944,32.859940185853944,31.154714185002316,31.595722198486328,1715800,0.0,0.0
2025-11-04 00:00:00-05:00,31.458518452587224,32.66394166567662,31.36051832819765,31.772123336791992,1263000,0.0,0.0
2025-11-05 00:00:00-05:00,31.88972793278356,32.5855385350984,31.242915523370367,32.291534423828125,940600,0.0,0.0
2025-11-06 00:00:00-05:00,32.29153452398507,32.53653857388107,30.45890340830071,30.478504180908203,1247200,0.0,0.0
2025-11-07 00:00:00-05:00,30.38050031507886,31.429117284941487,29.949292690447493,31.12531280517578,1639000,0.0,0.0
2025-11-10 00:00:00-05:00,31.605523898638946,31.791725639326057,28.459672649680506,28.5086727142334,2397000,0.0,0.0
2025-11-11 00:00:00-05:00,28.42046918955122,28.969277726378138,28.028463091817706,28.724273681640625,1439300,0.0,0.0
2025-11-12 00:00:00-05:00,29.194683913885104,29.80229291982802,28.97907915048448,29.39068603515625,1465600,0.0,0.0
2025-11-13 00:00:00-05:00,29.204481332521333,30.282499501275076,29.204481332521333,29.674890518188477,860600,0.0,0.0
2025-11-14 00:00:00-05:00,29.331885607276764,29.547488501603414,28.273468170089654,28.312667846679688,1013400,0.0,0.0
2025-11-17 00:00:00-05:00,28.00886302956586,28.302867143010012,26.872044382707376,26.940645217895508,1383500,0.0,0.0
2025-11-18 00:00:00-05:00,26.832843007865346,28.44987124978321,26.695641336617076,26.76424217224121,2728400,0.0,0.0
2025-11-19 00:00:00-05:00,26.764240533002884,27.14644810257936,25.931226431659876,26.930843353271484,3479300,0.0,0.0
2025-11-20 00:00:00-05:00,27.156247200285403,27.34245079615438,25.411819612271568,25.451019287109375,1552900,0.0,0.0
2025-11-21 00:00:00-05:00,25.37261909694861,27.44045389968656,25.304018261276607,26.54863929748535,2212700,0.0,0.0
2025-11-24 00:00:00-05:00,26.254635024107998,26.66624003566519,25.108015989710275,25.647024154663086,3054200,0.0,0.0
2025-11-25 00:00:00-05:00,26.04883020439041,28.214666952047573,26.04883020439041,27.59725570678711,1838600,0.0,0.0
2025-11-26 00:00:00-05:00,27.460053886187485,28.665473342218828,27.460053886187485,28.204866409301758,1309500,0.0,0.0
2025-11-28 00:00:00-05:00,28.204867334132654,28.41066984200365,27.930462121072075,28.312667846679688,496700,0.0,0.0
2025-12-01 00:00:00-05:00,27.97946201353896,28.51847204991835,27.36205262445747,28.057863235473633,1088700,0.0,0.0
2025-12-02 00:00:00-05:00,28.11666703465795,28.312669165201115,27.156249678835565,28.067665100097656,1368000,0.0,0.0
2025-12-03 00:00:00-05:00,27.95006231914451,28.616473630562517,27.734457560019543,28.283267974853516,1029600,0.0,0.0
2025-12-04 00:00:00-05:00,28.34206822007701,28.371469378628635,27.6070560793792,27.81285858154297,1124400,0.0,0.0
2025-12-05 00:00:00-05:00,27.7344583462581,27.803061051981565,26.94064572949834,27.27385139465332,1509000,0.0,0.0
2025-12-08 00:00:00-05:00,27.518854507241564,27.538455279633734,25.862626624753947,26.088031768798828,3298900,0.0,0.0
2025-12-09 00:00:00-05:00,26.480038547551548,27.6462564962168,26.284034557083267,26.460437774658203,6080500,0.0,0.0
2025-12-10 00:00:00-05:00,25.764626091293234,27.812858173637697,24.745408373908564,27.39145278930664,6871800,0.0,0.0
2025-12-11 00:00:00-05:00,27.489454097195534,29.59649045591531,27.146449917155188,27.665857315063477,4157700,0.0,0.0
2025-12-12 00:00:00-05:00,27.685457045887542,28.273467126903338,26.71524125336611,26.783842086791992,1788200,0.0,0.0
2025-12-15 00:00:00-05:00,27.469854445493677,27.499253734849393,25.96062861748226,26.088031768798828,1665400,0.0,0.0
2025-12-16 00:00:00-05:00,26.068432035481987,26.127232485769717,25.304018704811043,25.4608211517334,1897700,0.0,0.0
2025-12-17 00:00:00-05:00,25.44122026544757,27.195450202786915,25.41182097505072,26.195833206176758,2374200,0.0,0.0
2025-12-18 00:00:00-05:00,26.793643522213536,27.195450021643353,26.40163740926159,26.803443908691406,1422300,0.0,0.0
2025-12-19 00:00:00-05:00,26.46043768740556,26.529038523073474,25.598024244500603,25.68622398376465,2244100,0.0,0.0
2025-12-22 00:00:00-05:00,25.72542338523607,25.80382460078368,25.28441537951048,25.519620895385742,2305900,0.0,0.0
2025-12-23 00:00:00-05:00,25.441218911106155,26.186031425642742,25.18641635147884,25.235416412353516,1873800,0.0,0.0
2025-12-24 00:00:00-05:00,25.42162188961876,26.039031300800463,25.1864182153956,25.88222885131836,894600,0.0,0.0
2025-12-26 00:00:00-05:00,25.735225780221008,26.019429507809363,25.284417353699123,25.431421279907227,1422000,0.0,0.0
2025-12-29 00:00:00-05:00,25.255016293615284,25.470619170784733,24.696407394723916,24.823808670043945,2262000,0.0,0.0
2025-12-30 00:00:00-05:00,24.696409397816236,25.07861512400895,24.500405406868254,24.52000617980957,1397500,0.0,0.0
2025-12-31 00:00:00-05:00,24.520006835981075,24.941414119333558,24.353403999986664,24.892412185668945,1645700,0.0,0.0
2026-01-02 00:00:00-05:00,24.902212594348942,26.36243657265387,24.500406084108178,26.31343650817871,1786100,0.0,0.0
2026-01-05 00:00:00-05:00,26.3624362148916,27.362053218173333,25.705825265979005,26.01943016052246,1636900,0.0,0.0
2026-01-06 00:00:00-05:00,26.03902949624385,28.498870322217382,25.97042866300368,28.165664672851562,1989900,0.0,0.0
2026-01-07 00:00:00-05:00,28.165665286526583,28.871276275669697,27.381653076367563,27.763858795166016,1448000,0.0,0.0
2026-01-08 00:00:00-05:00,27.636456842013576,29.645489250113382,27.381652412580735,29.547487258911133,1860600,0.0,0.0
2026-01-09 00:00:00-05:00,29.75329198846156,30.507903030642478,28.685074196780835,29.41028594970703,1485800,0.0,0.0
2026-01-12 00:00:00-05:00,29.400487872294367,31.850528528318897,28.998681354244958,31.81132698059082,1886100,0.0,0.0
2026-01-13 00:00:00-05:00,31.870127619860856,32.340534952370426,30.98811340409727,31.419321060180664,2029000,0.0,0.0
2026-01-14 00:00:00-05:00,31.438921944491515,33.26174896250535,31.438921944491515,33.183349609375,2033700,0.0,0.0
2026-01-15 00:00:00-05:00,33.193147101204694,36.152796425134476,32.4875379909682,35.96659469604492,3155100,0.0,0.0
2026-01-16 00:00:00-05:00,35.45348815494829,35.680437388932695,33.558949691091286,34.05231857299805,2597500,0.25,0.0
2026-01-20 00:00:00-05:00,33.381343991071894,33.85497771757792,32.11831695628292,32.325531005859375,1702800,0.0,0.0
2026-01-21 00:00:00-05:00,32.11831527324134,32.65115459917899,30.86515967278446,32.04924392700195,1615000,0.0,0.0
2026-01-22 00:00:00-05:00,32.1873866365577,33.00638083398223,30.45072972945066,30.509933471679688,1343000,0.0,0.0
2026-01-23 00:00:00-05:00,30.125106747845198,30.57900524807391,29.542931275254077,29.809349060058594,1233200,0.0,0.0
2026-01-26 00:00:00-05:00,29.552798039568366,29.63173698875836,28.289772970475482,28.595661163330078,1498000,0.0,0.0
2026-01-27 00:00:00-05:00,28.506855420381186,30.05603351854456,28.24043763557667,29.809349060058594,1420400,0.0,0.0
2026-01-28 00:00:00-05:00,30.825690752828912,31.407866245179925,28.931153972071225,29.039695739746094,1525500,0.0,0.0
2026-01-29 00:00:00-05:00,28.990355397259826,29.60213365421695,28.013485212517026,28.052955627441406,1019100,0.0,0.0
2026-01-30 00:00:00-05:00,27.796405258305583,29.858687511550663,27.57932360924671,29.720544815063477,1693300,0.0,0.0
2026-02-02 00:00:00-05:00,29.49359261923902,31.101976307883874,29.306113789904874,30.93423080444336,1588600,0.0,0.0
2026-02-03 00:00:00-05:00,30.539536983955074,32.246593000109236,30.480331358315695,31.703887939453125,1544100,0.0,0.0
2026-02-04 00:00:00-05:00,32.06897907687309,33.973383366258965,32.06897907687309,32.80903244018555,1613000,0.0,0.0
2026-02-05 00:00:00-05:00,32.80903153692392,33.450412606446015,31.34866005855205,32.355133056640625,1185800,0.0,0.0
2026-02-06 00:00:00-05:00,32.266327030262396,33.48001408074865,31.753222919111895,33.36160659790039,1125400,0.0,0.0
2026-02-09 00:00:00-05:00,33.381341405734794,33.578685953415224,32.56234722925834,33.45041275024414,726600,0.0,0.0
2026-02-10 00:00:00-05:00,33.70696120684455,33.70696120684455,32.08871190786756,32.11831283569336,698800,0.0,0.0
2026-02-11 00:00:00-05:00,31.634815312763486,32.39460387261022,30.648075627913066,32.266326904296875,1196300,0.0,0.0
2026-02-12 00:00:00-05:00,32.43407230865467,33.39120923454761,30.31258629231812,30.53953742980957,999200,0.0,0.0
2026-02-13 00:00:00-05:00,30.875028307551393,31.230252654648854,29.858687641955683,30.98356819152832,914100,0.0,0.0
2026-02-17 00:00:00-05:00,31.5953452178489,31.694017493487426,30.21391265632638,31.39799690246582,966500,0.0,0.0
2026-02-18 00:00:00-05:00,31.15131268638142,33.64775816727768,31.03290520189269,32.51301193237305,1034800,0.0,0.0
2026-02-19 00:00:00-05:00,32.197255416740724,32.44393986634838,31.5065382050181,32.39460372924805,706900,0.0,0.0
2026-02-20 00:00:00-05:00,32.631420456023925,33.687229656260804,31.782825301267657,33.30240249633789,913400,0.0,0.0
2026-02-23 00:00:00-05:00,32.99651053537099,32.99651053537099,29.9968286149068,31.615079879760742,1503600,0.0,0.0
2026-02-24 00:00:00-05:00,31.28945545808539,31.772958647471523,30.125106408087973,30.67767906188965,1170700,0.0,0.0
2026-02-25 00:00:00-05:00,30.993435843698446,31.190784167320466,29.89815622349712,30.83555793762207,833800,0.0,0.0
2026-02-26 00:00:00-05:00,31.013169271230964,32.02950799796763,30.72701440661964,31.930835723876953,1055200,0.0,0.0
2026-02-27 00:00:00-05:00,31.49666900527356,32.43406873705347,30.312582954332424,32.28606033325195,1564200,0.0,0.0
2026-03-02 00:00:00-05:00,31.171047685424004,32.01964280746506,30.31258495939956,31.861764907836914,903400,0.0,0.0
2026-03-03 00:00:00-05:00,30.144839309997707,31.101976189173968,30.134973588115052,30.302717208862305,1534000,0.0,0.0
2026-03-04 00:00:00-05:00,30.391524191056206,30.944098726932165,29.957360904079003,30.213912963867188,1662100,0.0,0.0
2026-03-05 00:00:00-05:00,33.54908583547764,34.39768096180846,29.542930818568983,30.657943725585938,2856800,0.0,0.0
2026-03-06 00:00:00-05:00,29.720544484649988,30.509934001590956,28.89168455083544,29.049562454223633,1600200,0.0,0.0
2026-03-09 00:00:00-04:00,28.871949047510906,28.871949047510906,27.12542264180771,28.6943359375,1464000,0.0,0.0
2026-03-10 00:00:00-04:00,28.171362755462166,28.911416087553675,27.707596678223883,27.845739364624023,1120300,0.0,0.0
2026-03-11 00:00:00-04:00,28.06282453114172,28.418048871651553,27.293168342939815,27.490516662597656,1113600,0.0,0.0
2026-03-12 00:00:00-04:00,27.332639616354648,27.766802921924587,26.967545778160755,27.164894104003906,853400,0.0,0.0
2026-03-13 00:00:00-04:00,27.470781282409057,27.74706855179142,26.888605813317927,27.618791580200195,671300,0.0,0.0
2026-03-16 00:00:00-04:00,27.8358720143336,27.974016584043852,26.562981250219945,27.2734317779541,1091700,0.0,0.0
2026-03-17 00:00:00-04:00,27.460913349789372,28.842345916070112,27.460913349789372,28.48712158203125,1007500,0.0,0.0
2026-03-18 00:00:00-04:00,27.68786271283116,28.447651286214928,27.401709723589125,27.431310653686523,901400,0.0,0.0
2026-03-19 00:00:00-04:00,27.06621964852351,28.39831612843334,26.395237606373193,27.737201690673828,1078700,0.0,0.0
2026-03-20 00:00:00-04:00,27.727333628838778,28.319376708148216,26.977412645987236,27.046483993530273,1627400,0.0,0.0
2026-03-23 00:00:00-04:00,27.40171022616045,27.589189060392606,26.148552719603686,26.582717895507812,1732000,0.0,0.0
2026-03-24 00:00:00-04:00,26.25709340082847,27.273432128014242,26.03014227698186,26.86886978149414,1303200,0.0,0.0
2026-03-25 00:00:00-04:00,27.26356575870306,27.826007909822344,27.125423063017482,27.529985427856445,1088800,0.0,0.0
2026-03-26 00:00:00-04:00,27.39184211953898,27.934547167925654,27.01688069384565,27.431310653686523,686100,0.0,0.0
2026-03-27 00:00:00-04:00,27.214228243481347,27.431309880305147,26.000541210327107,26.38536834716797,960400,0.0,0.0
2026-03-30 00:00:00-04:00,26.957676724149728,27.73720049905676,26.651788529388252,27.391841888427734,1123100,0.0,0.0
2026-03-31 00:00:00-04:00,27.57932378452706,28.141764060431562,26.957677882277697,27.737201690673828,852200,0.0,0.0
2026-04-01 00:00:00-04:00,28.043089653834276,28.427916811451862,27.25370012998972,28.1614990234375,775100,0.0,0.0
2026-04-02 00:00:00-04:00,27.62865895364529,28.5561930312068,27.145157647802858,28.506855010986328,869700,0.0,0.0
2026-04-06 00:00:00-04:00,28.36871312311842,29.523196480280497,28.131896265502238,29.256776809692383,1695100,0.0,0.0
2026-04-07 00:00:00-04:00,29.296246395756377,29.76001249350618,28.023353704875866,28.043088912963867,1120400,0.0,0.0
2026-04-08 00:00:00-04:00,28.901552266692363,29.592267626170482,28.22070262941768,28.60552978515625,1199400,0.0,0.0
2026-04-09 00:00:00-04:00,28.309508988990626,29.710676788778233,27.964150370624434,29.345582962036133,1073900,0.0,0.0
2026-04-10 00:00:00-04:00,29.494847479269083,29.902839490570106,27.86287943406499,28.25096893310547,879900,0.25,0.0
2026-04-13 00:00:00-04:00,27.564348468922677,28.61915691120978,27.385229660268493,27.713613510131836,1217900,0.0,0.0
2026-04-14 00:00:00-04:00,27.534495982035505,28.270871864521204,27.04689581247098,27.72356605529785,1233900,0.0,0.0
2026-04-15 00:00:00-04:00,27.64395654256619,29.534651488113564,27.285718926228046,29.186365127563477,1030900,0.0,0.0
2026-04-16 00:00:00-04:00,29.295828516684132,30.10186129597713,28.87788524260479,28.917688369750977,924300,0.0,0.0
2026-04-17 00:00:00-04:00,29.176415285596583,30.300882570032392,29.16646402932631,30.052106857299805,1321200,0.0,0.0
2026-04-20 00:00:00-04:00,29.753574305090773,31.664171818957897,29.544603621359194,31.256179809570312,1241300,0.0,0.0
2026-04-21 00:00:00-04:00,31.46515167756004,31.59451420769639,29.624211100029676,30.072006225585938,855500,0.0,0.0
2026-04-22 00:00:00-04:00,30.34068565593731,31.047209666103395,30.06205617477197,30.4202938079834,603000,0.0,0.0
2026-04-23 00:00:00-04:00,30.251124543023305,30.619313411744542,29.275924260907967,29.40528678894043,704400,0.0,0.0
2026-04-24 00:00:00-04:00,29.29582709680634,29.335630222023397,28.0818004605546,29.216218948364258,1019300,0.0,0.0
2026-04-27 00:00:00-04:00,29.2062673617443,30.937745994253476,29.11670795851038,30.90789222717285,1125200,0.0,0.0
2026-04-28 00:00:00-04:00,30.9974524297921,31.236276878572216,30.31083095329427,30.619314193725586,743500,0.0,0.0
2026-04-29 00:00:00-04:00,30.61931463835456,31.226326076065547,30.43024456857178,30.88799285888672,885300,0.0,0.0
2026-04-30 00:00:00-04:00,31.216376534697844,31.992557423453093,30.907893291598185,31.1666202545166,962700,0.0,0.0
2026-05-01 00:00:00-04:00,31.166619235298636,31.75373003618136,30.400389627637054,30.937746047973633,662200,0.0,0.0
2026-05-04 00:00:00-04:00,30.649165795687683,30.649165795687683,28.44003824027388,28.937589645385742,1263200,0.0,0.0
2026-05-05 00:00:00-04:00,28.748519753213415,29.634162550294043,28.360430262250443,29.425189971923828,727000,0.0,0.0
2026-05-06 00:00:00-04:00,29.90283824113501,31.226324883033325,29.8431326048561,30.569557189941406,1175500,0.0,0.0
2026-05-07 00:00:00-04:00,30.28097845085401,31.58456258496539,29.763524540303187,30.997451782226562,950000,0.0,0.0
2026-05-08 00:00:00-04:00,31.554708751303377,32.2413321100194,30.73872476223395,31.335786819458008,1027700,0.0,0.0
2026-05-11 00:00:00-04:00,31.057159056038103,31.644269889730023,30.37053945569309,31.21637725830078,925400,0.0,0.0
2026-05-12 00:00:00-04:00,31.236277762284026,31.594515394593174,29.395339013603937,29.594358444213867,928700,0.0,0.0
2026-05-13 00:00:00-04:00,29.405287715575454,29.952595408056347,28.798276283052882,28.8082275390625,787100,0.0,0.0
2026-05-14 00:00:00-04:00,29.156511731314822,29.713770674491162,28.67886283545624,29.027149200439453,905600,0.0,0.0
2026-05-15 00:00:00-04:00,28.81817662504673,30.86808979148633,28.658960326411727,30.559606552124023,1350800,0.0,0.0
2026-05-18 00:00:00-04:00,30.201371081529324,30.350636125495736,28.410184859908377,29.176414489746094,1296400,0.0,0.0
2026-05-19 00:00:00-04:00,29.345582557151793,30.02225279280123,28.539549787279046,28.708717346191406,1188300,0.0,0.0
2026-05-20 00:00:00-04:00,28.708716056391626,30.300880910269267,28.091751487486153,29.833181381225586,1368200,0.0,0.0
2026-05-21 00:00:00-04:00,29.773476211803697,31.72387681233511,29.047051614545037,31.634319305419922,1091000,0.0,0.0
2026-05-22 00:00:00-04:00,31.84329096141679,33.02746197747869,31.733829041374346,32.231380462646484,1065700,0.0,0.0
2026-05-26 00:00:00-04:00,32.440351380585845,33.58472117610398,32.34084261402606,33.14687728881836,936800,0.0,0.0
2026-05-27 00:00:00-04:00,33.57477008159607,36.07247643483709,33.57477008159607,34.40070343017578,1207100,0.0,0.0
2026-05-28 00:00:00-04:00,34.29124413386297,34.559922365418714,33.64442954324317,34.05242156982422,473100,0.0,0.0
2026-05-29 00:00:00-04:00,33.96286022362851,34.51016601404176,33.4752581728141,33.65437698364258,978300,0.0,0.0
2026-06-01 00:00:00-04:00,33.654376517235455,34.9679119144297,33.4852108626952,34.8883056640625,784000,0.0,0.0
2026-06-02 00:00:00-04:00,34.36090029306834,34.370853447365555,33.176729264781144,34.002662658691406,919100,0.0,0.0
2026-06-03 00:00:00-04:00,33.81359469981238,33.81359469981238,32.71898307310796,32.95780563354492,593800,0.0,0.0
2026-06-04 00:00:00-04:00,33.50511125478696,33.644428842928555,32.271185842233315,32.83839416503906,689100,0.0,0.0
2026-06-05 00:00:00-04:00,32.838391276012786,33.485209592279965,32.201526113173855,33.37574768066406,858000,0.0,0.0
2026-06-08 00:00:00-04:00,32.97770553850408,34.33104592735059,32.410497257298694,34.04246520996094,1057900,0.0,0.0
2026-06-09 00:00:00-04:00,34.04246554615428,36.47051878401028,33.80364300224392,36.122230529785156,2885200,0.0,0.0
2026-06-10 00:00:00-04:00,43.28697180185148,48.6704777982411,42.93868734024295,44.272125244140625,11347700,0.0,0.0
2026-06-11 00:00:00-04:00,45.02840400528122,45.98370183114497,42.78942259065398,45.27717971801758,2283000,0.0,0.0
2026-06-12 00:00:00-04:00,46.49120515331642,47.52610920533344,44.36168571725892,46.46134948730469,1985000,0.0,0.0
2026-06-15 00:00:00-04:00,46.68027313800801,46.74993003173218,43.0182944564405,43.27702331542969,1798500,0.0,0.0
2026-06-16 00:00:00-04:00,43.14765804318844,44.44129092481952,43.0381961277553,43.53574752807617,1048100,0.0,0.0
2026-06-17 00:00:00-04:00,43.39643333259594,45.088108836878156,42.37147867236138,43.66511154174805,950700,0.0,0.0
2026-06-18 00:00:00-04:00,44.59056053397873,48.013713006643,44.32188230619164,47.10816955566406,1540500,0.0,0.0
2026-06-22 00:00:00-04:00,47.7450340500368,48.19283108951308,45.39659072835328,45.894142150878906,1083700,0.0,0.0
2026-06-23 00:00:00-04:00,45.943894557069946,47.05841242870384,45.21746996696082,46.23247528076172,888100,0.0,0.0
2026-06-24 00:00:00-04:00,46.92904741730706,48.342095352816955,46.48125040267308,48.14307403564453,860600,0.0,0.0
2026-06-25 00:00:00-04:00,48.45155336257736,49.24763862948483,47.14797114024733,48.08336639404297,737600,0.0,0.0
2026-06-26 00:00:00-04:00,47.84454558067256,53.188246680508556,47.84454558067256,52.591182708740234,2687800,0.0,0.0
2026-06-29 00:00:00-04:00,51.5065215937845,53.974379990205996,51.247796524297264,53.675846099853516,1082800,0.0,0.0
2026-06-30 00:00:00-04:00,53.675843762448686,54.47192904070029,52.63098657976339,53.038978576660156,985900,0.0,0.0
2026-07-01 00:00:00-04:00,52.76035389588741,54.8799240426644,52.66084133264897,54.83016586303711,1613000,0.0,0.0
2026-07-02 00:00:00-04:00,54.92967839090226,54.92967839090226,51.67569159741554,53.23800277709961,913200,0.0,0.0
2026-07-06 00:00:00-04:00,53.238001128794345,54.083837011499625,50.27259516630118,50.322349548339844,926900,0.0,0.0
2026-07-07 00:00:00-04:00,50.45171543094506,51.15823754587627,48.750090462527815,49.257591247558594,898500,0.0,0.0
2026-07-08 00:00:00-04:00,48.799844635670794,48.799844635670794,46.8394908080273,48.342098236083984,1209700,0.0,0.0
2026-07-09 00:00:00-04:00,48.38189905707313,49.64568012041789,47.63557192646909,49.267539978027344,873500,0.0,0.0
2026-07-10 00:00:00-04:00,49.426757115819385,52.9394727845034,49.24764209378293,50.1730842590332,1231000,0.0,0.0
2026-07-13 00:00:00-04:00,50.640782520496906,52.11353425654959,50.27259553548775,52.093631744384766,825100,0.0,0.0
2026-07-14 00:00:00-04:00,52.272749069018026,53.30765689601641,51.47666758517925,53.09868621826172,987400,0.0,0.0
2026-07-15 00:00:00-04:00,52.5215269589589,53.73555364492117,51.24779653173037,51.34730529785156,808600,0.0,0.0
2026-07-16 00:00:00-04:00,51.675690799390935,52.51157733706628,50.29249845876513,50.79999923706055,739400,0.0,0.0
2026-07-17 00:00:00-04:00,50.81999969482422,53.65999984741211,50.81999969482422,53.61000061035156,772500,0.25,0.0
2026-07-20 00:00:00-04:00,54.0,54.709999084472656,52.18000030517578,53.40999984741211,1252000,0.0,0.0
2026-07-23 00:00:00-04:00,52.369998931884766,52.380001068115234,51.04999923706055,51.81999969482422,619600,0.0,0.0
2026-07-24 00:00:00-04:00,51.529998779296875,54.54999923706055,51.529998779296875,53.709999084472656,816200,0.0,0.0
2026-07-27 00:00:00-04:00,52.27000045776367,53.41999816894531,50.20000076293945,52.43000030517578,1546100,0.0,0.0
2026-07-28 00:00:00-04:00,52.72999954223633,54.0,51.150001525878906,53.810001373291016,858500,0.0,0.0
2026-07-29 00:00:00-04:00,54.09000015258789,56.939998626708984,54.09000015258789,56.54999923706055,1142400,0.0,0.0
2026-07-30 00:00:00-04:00,56.5,57.43000030517578,55.25,57.08000183105469,704100,0.0,0.0
2026-08-03 00:00:00-04:00,57.5,59.66999816894531,57.25,57.779998779296875,1260700,0.0,0.0
2026-08-04 00:00:00-04:00,57.18000030517578,58.31999969482422,56.20000076293945,57.119998931884766,844800,0.0,0.0
2026-08-05 00:00:00-04:00,57.68000030517578,58.91999816894531,57.56999969482422,58.75,673900,0.0,0.0
2026-08-06 00:00:00-04:00,58.2599983215332,59.27000045776367,57.08000183105469,58.220001220703125,545500,0.0,0.0
2026-08-07 00:00:00-04:00,57.369998931884766,58.66999816894531,56.939998626708984,57.790000915527344,469000,0.0,0.0
2026-08-10 00:00:00-04:00,57.029998779296875,57.900001525878906,55.27000045776367,56.099998474121094,1041200,0.0,0.0
2026-08-11 00:00:00-04:00,55.5,56.959999084472656,55.27000045776367,56.029998779296875,678600,0.0,0.0
2026-08-12 00:00:00-04:00,56.31999969482422,58.82500076293945,56.06010055541992,58.7400016784668,789602,0.0,0.0
