Date,Open,High,Low,Close,Volume,Dividends,Stock Splits
2022-01-03 00:00:00-05:00,132.9499969482422,133.19749450683594,128.25,130.19749450683594,3693600,0.0,0.0
2022-01-04 00:00:00-05:00,129.27499389648438,129.9499969482422,125.73750305175781,128.0675048828125,3028800,0.0,0.0
2022-01-05 00:00:00-05:00,126.83499908447266,128.58250427246094,121.91500091552734,121.95249938964844,2818800,0.0,0.0
2022-01-06 00:00:00-05:00,121.53250122070312,123.61000061035156,120.0999984741211,120.75,2994800,0.0,0.0
2022-01-07 00:00:00-05:00,120.75,123.0,117.7874984741211,117.87249755859375,4933200,0.0,0.0
2022-01-10 00:00:00-05:00,111.0425033569336,115.74749755859375,108.86750030517578,115.58499908447266,5629600,0.0,0.0
2022-01-11 00:00:00-05:00,116.01750183105469,120.67500305175781,115.57250213623047,120.2925033569336,4856400,0.0,0.0
2022-01-12 00:00:00-05:00,121.61499786376953,125.3499984741211,120.9124984741211,122.59500122070312,4424000,0.0,0.0
2022-01-13 00:00:00-05:00,122.29000091552734,122.29000091552734,113.80750274658203,113.94499969482422,4412000,0.0,0.0
2022-01-14 00:00:00-05:00,113.27999877929688,116.44249725341797,109.49250030517578,111.83499908447266,3527600,0.0,0.0
2022-01-18 00:00:00-05:00,109.70249938964844,110.73999786376953,107.13749694824219,107.46749877929688,3698000,0.0,0.0
2022-01-19 00:00:00-05:00,108.76499938964844,112.11000061035156,108.55750274658203,108.80750274658203,3367200,0.0,0.0
2022-01-20 00:00:00-05:00,109.50250244140625,113.73750305175781,108.48750305175781,108.66000366210938,3406800,0.0,0.0
2022-01-21 00:00:00-05:00,108.61000061035156,108.61000061035156,105.29499816894531,105.5250015258789,3606800,0.0,0.0
2022-01-24 00:00:00-05:00,103.8499984741211,106.88749694824219,100.64749908447266,106.7074966430664,4809200,0.0,0.0
2022-01-25 00:00:00-05:00,104.0,104.68000030517578,99.79000091552734,101.55750274658203,4021600,0.0,0.0
2022-01-26 00:00:00-05:00,103.33499908447266,104.4000015258789,97.50250244140625,98.9574966430664,3732400,0.0,0.0
2022-01-27 00:00:00-05:00,100.0374984741211,100.47000122070312,95.50499725341797,95.87999725341797,3961600,0.0,0.0
2022-01-28 00:00:00-05:00,96.73999786376953,103.5,95.51000213623047,103.34750366210938,5807600,0.0,0.0
2022-01-31 00:00:00-05:00,103.75,108.0625,103.75,107.62000274658203,3643600,0.0,0.0
2022-02-01 00:00:00-05:00,108.5250015258789,109.67749786376953,106.17250061035156,108.76000213623047,3301600,0.0,0.0
2022-02-02 00:00:00-05:00,109.75,110.4124984741211,106.45999908447266,108.9175033569336,2623200,0.0,0.0
2022-02-03 00:00:00-05:00,107.8550033569336,109.52249908447266,104.12000274658203,104.68250274658203,2790400,0.0,0.0
2022-02-04 00:00:00-05:00,103.53250122070312,106.2125015258789,103.12750244140625,105.0875015258789,3285200,0.0,0.0
2022-02-07 00:00:00-05:00,104.84750366210938,108.11000061035156,104.09249877929688,105.21499633789062,2379200,0.0,0.0
2022-02-08 00:00:00-05:00,104.5,106.69750213623047,103.29000091552734,106.38249969482422,1936000,0.0,0.0
2022-02-09 00:00:00-05:00,107.69249725341797,112.57749938964844,107.69249725341797,111.97000122070312,3724000,0.0,0.0
2022-02-10 00:00:00-05:00,108.56999969482422,113.80750274658203,106.80500030517578,110.56749725341797,4499600,0.0,0.0
2022-02-11 00:00:00-05:00,106.5199966430664,111.75499725341797,104.40249633789062,105.13999938964844,4632000,0.0,0.0
2022-02-14 00:00:00-05:00,104.51000213623047,105.88500213623047,100.9800033569336,101.75,3262800,0.0,0.0
2022-02-15 00:00:00-05:00,103.80000305175781,105.47000122070312,102.7249984741211,104.37750244140625,2981200,0.0,0.0
2022-02-16 00:00:00-05:00,104.12999725341797,104.12999725341797,100.75,103.40750122070312,2134800,0.0,0.0
2022-02-17 00:00:00-05:00,102.66000366210938,103.39250183105469,96.72750091552734,96.8125,4331600,0.0,0.0
2022-02-18 00:00:00-05:00,96.75,97.99250030517578,94.75,95.30999755859375,4454800,0.0,0.0
2022-02-22 00:00:00-05:00,96.16500091552734,100.13500213623047,95.1449966430664,97.73999786376953,2828400,0.0,0.0
2022-02-23 00:00:00-05:00,99.42500305175781,99.68250274658203,93.84750366210938,94.07749938964844,2924000,0.0,0.0
2022-02-24 00:00:00-05:00,92.22250366210938,102.71749877929688,91.43250274658203,102.18000030517578,5588000,0.0,0.0
2022-02-25 00:00:00-05:00,102.18000030517578,103.10250091552734,99.5425033569336,102.83499908447266,2756800,0.0,0.0
2022-02-28 00:00:00-05:00,102.3375015258789,103.62000274658203,100.81749725341797,103.47750091552734,3374400,0.0,0.0
2022-03-01 00:00:00-05:00,103.74500274658203,107.50749969482422,100.9749984741211,102.10250091552734,2847600,0.0,0.0
2022-03-02 00:00:00-05:00,103.68499755859375,106.0,102.6050033569336,105.0199966430664,2446000,0.0,0.0
2022-03-03 00:00:00-05:00,106.5,108.30000305175781,105.20500183105469,105.98750305175781,2936000,0.0,0.0
2022-03-04 00:00:00-05:00,105.73500061035156,108.74749755859375,105.26249694824219,108.01499938964844,4670800,0.0,0.0
2022-03-07 00:00:00-05:00,109.17250061035156,109.94249725341797,104.66999816894531,105.20249938964844,4663600,0.0,0.0
2022-03-08 00:00:00-05:00,102.91500091552734,104.10250091552734,98.25,100.19999694824219,4588800,0.0,0.0
2022-03-09 00:00:00-05:00,101.03250122070312,103.06999969482422,100.00250244140625,103.05999755859375,4221200,0.0,0.0
2022-03-10 00:00:00-05:00,100.31749725341797,102.49500274658203,100.30249786376953,101.3949966430664,2539200,0.0,0.0
2022-03-11 00:00:00-05:00,103.42250061035156,103.73750305175781,97.51499938964844,97.56500244140625,2430000,0.0,0.0
2022-03-14 00:00:00-04:00,97.0999984741211,104.25,97.09249877929688,101.82250213623047,4262800,0.0,0.0
2022-03-15 00:00:00-04:00,103.10250091552734,104.55000305175781,100.82250213623047,104.0199966430664,3428800,0.0,0.0
2022-03-16 00:00:00-04:00,105.50250244140625,109.7699966430664,105.08999633789062,109.33000183105469,3523600,0.0,0.0
2022-03-17 00:00:00-04:00,108.8550033569336,114.1675033569336,108.6449966430664,113.68250274658203,3247600,0.0,0.0
2022-03-18 00:00:00-04:00,113.82250213623047,117.35749816894531,112.5,117.01249694824219,4040800,0.0,0.0
2022-03-21 00:00:00-04:00,116.25499725341797,116.7699966430664,111.91500091552734,115.08499908447266,2404400,0.0,0.0
2022-03-22 00:00:00-04:00,113.80249786376953,117.12000274658203,113.6675033569336,116.17749786376953,1822400,0.0,0.0
2022-03-23 00:00:00-04:00,114.99500274658203,114.99500274658203,111.20999908447266,112.32749938964844,2992400,0.0,0.0
2022-03-24 00:00:00-04:00,113.28250122070312,117.48999786376953,110.52249908447266,117.09750366210938,2718800,0.0,0.0
2022-03-25 00:00:00-04:00,120.37999725341797,121.66500091552734,118.93250274658203,120.24250030517578,3862400,0.0,0.0
2022-03-28 00:00:00-04:00,119.69499969482422,123.8375015258789,119.69499969482422,123.7699966430664,2570800,0.0,0.0
2022-03-29 00:00:00-04:00,125.0,129.0,124.56999969482422,128.82249450683594,3346400,0.0,0.0
2022-03-30 00:00:00-04:00,128.3874969482422,130.6074981689453,126.69999694824219,129.7550048828125,2854800,0.0,0.0
2022-03-31 00:00:00-04:00,129.99249267578125,130.19000244140625,127.08000183105469,127.9000015258789,3658000,0.0,0.0
2022-04-01 00:00:00-04:00,130.625,134.13499450683594,129.3350067138672,132.8925018310547,3613600,0.0,0.0
2022-04-04 00:00:00-04:00,132.62249755859375,134.76499938964844,130.22250366210938,130.5500030517578,3286000,0.0,0.0
2022-04-05 00:00:00-04:00,130.4550018310547,130.86000061035156,126.56500244140625,129.10499572753906,4176800,0.0,0.0
2022-04-06 00:00:00-04:00,127.15499877929688,127.97250366210938,125.20500183105469,127.38500213623047,2479600,0.0,0.0
2022-04-07 00:00:00-04:00,126.06999969482422,130.17750549316406,125.59249877929688,128.1300048828125,2117600,0.0,0.0
2022-04-08 00:00:00-04:00,127.50250244140625,128.70249938964844,125.47250366210938,126.49749755859375,1496000,0.0,0.0
2022-04-11 00:00:00-04:00,124.6875,125.45500183105469,122.50250244140625,123.12249755859375,1980000,0.0,0.0
2022-04-12 00:00:00-04:00,125.2925033569336,127.19499969482422,122.12750244140625,122.60749816894531,2509600,0.0,0.0
2022-04-13 00:00:00-04:00,123.39749908447266,125.72750091552734,123.37000274658203,124.69999694824219,1986400,0.0,0.0
2022-04-14 00:00:00-04:00,124.8499984741211,125.0,121.87999725341797,123.02749633789062,1640800,0.0,0.0
2022-04-18 00:00:00-04:00,122.47000122070312,122.99749755859375,119.02749633789062,120.15750122070312,1344000,0.0,0.0
2022-04-19 00:00:00-04:00,119.47250366210938,123.99749755859375,119.47250366210938,122.94750213623047,1992000,0.0,0.0
2022-04-20 00:00:00-04:00,122.93499755859375,125.63249969482422,120.74749755859375,124.09750366210938,2166400,0.0,0.0
2022-04-21 00:00:00-04:00,124.77999877929688,125.94499969482422,117.55249786376953,118.10250091552734,1900800,0.0,0.0
2022-04-22 00:00:00-04:00,116.7249984741211,116.9574966430664,109.86499786376953,110.1624984741211,2460400,0.0,0.0
2022-04-25 00:00:00-04:00,109.98500061035156,112.52999877929688,108.8375015258789,110.62249755859375,2461200,0.0,0.0
2022-04-26 00:00:00-04:00,109.06999969482422,109.44999694824219,104.9375,105.875,2624800,0.0,0.0
2022-04-27 00:00:00-04:00,106.36000061035156,107.65499877929688,102.75499725341797,103.25499725341797,2857600,0.0,0.0
2022-04-28 00:00:00-04:00,103.75,104.4175033569336,99.56749725341797,103.30750274658203,4573200,0.0,0.0
2022-04-29 00:00:00-04:00,103.09500122070312,107.87000274658203,101.30500030517578,102.1449966430664,5434400,0.0,0.0
2022-05-02 00:00:00-04:00,102.23999786376953,103.44750213623047,99.37999725341797,101.78500366210938,2750000,0.0,0.0
2022-05-03 00:00:00-04:00,101.3550033569336,101.88249969482422,98.25749969482422,98.8499984741211,2788800,0.0,0.0
2022-05-04 00:00:00-04:00,99.3375015258789,102.43250274658203,94.48999786376953,101.50749969482422,3529200,0.0,0.0
2022-05-05 00:00:00-04:00,100.24749755859375,102.20999908447266,93.07499694824219,94.82250213623047,2924000,0.0,0.0
2022-05-06 00:00:00-04:00,93.05249786376953,93.44999694824219,86.91999816894531,87.97250366210938,5272400,0.0,0.0
2022-05-09 00:00:00-04:00,85.69249725341797,87.13749694824219,80.5,82.50499725341797,6014800,0.0,0.0
2022-05-10 00:00:00-04:00,85.15499877929688,86.4375,79.68250274658203,81.85749816894531,3253200,0.0,0.0
2022-05-11 00:00:00-04:00,81.80000305175781,84.48750305175781,78.34500122070312,78.73500061035156,3912400,0.0,0.0
2022-05-12 00:00:00-04:00,77.4000015258789,80.19750213623047,75.65249633789062,77.87999725341797,4438000,0.0,0.0
2022-05-13 00:00:00-04:00,79.125,84.41999816894531,79.12000274658203,83.68499755859375,4758000,0.0,0.0
2022-05-16 00:00:00-04:00,83.69499969482422,84.79750061035156,80.77249908447266,81.1500015258789,2742800,0.0,0.0
2022-05-17 00:00:00-04:00,83.42250061035156,84.5374984741211,80.34750366210938,83.04000091552734,2229600,0.0,0.0
2022-05-18 00:00:00-04:00,81.76499938964844,82.2750015258789,76.72250366210938,77.12249755859375,4139600,0.0,0.0
2022-05-19 00:00:00-04:00,77.75,80.36499786376953,76.25250244140625,79.02999877929688,3668800,0.0,0.0
2022-05-20 00:00:00-04:00,81.17500305175781,81.46499633789062,77.30750274658203,80.30750274658203,3301200,0.0,0.0
2022-05-23 00:00:00-04:00,80.69249725341797,81.40499877929688,77.91000366210938,80.9800033569336,2403600,0.0,0.0
2022-05-24 00:00:00-04:00,74.0824966430664,76.62000274658203,70.73249816894531,72.03250122070312,8484800,0.0,0.0
2022-05-25 00:00:00-04:00,71.95249938964844,75.79750061035156,66.89250183105469,70.33000183105469,11797200,0.0,0.0
2022-05-26 00:00:00-04:00,71.13249969482422,71.13249969482422,68.1449966430664,70.15750122070312,6690400,0.0,0.0
2022-05-27 00:00:00-04:00,71.40750122070312,72.43000030517578,69.58499908447266,72.2699966430664,5984800,0.0,0.0
2022-05-31 00:00:00-04:00,76.4175033569336,81.23500061035156,73.94000244140625,74.48500061035156,10882000,0.0,0.0
2022-06-01 00:00:00-04:00,74.77999877929688,75.43250274658203,69.7249984741211,70.9625015258789,3842800,0.0,0.0
2022-06-02 00:00:00-04:00,71.25,78.24250030517578,70.25250244140625,77.9574966430664,4856800,0.0,0.0
2022-06-03 00:00:00-04:00,77.00499725341797,77.00499725341797,72.94999694824219,73.19750213623047,3868400,0.0,0.0
2022-06-06 00:00:00-04:00,75.39250183105469,75.80249786376953,72.51249694824219,74.08000183105469,3909200,0.0,0.0
2022-06-07 00:00:00-04:00,73.21749877929688,77.42500305175781,73.21749877929688,77.0999984741211,3254000,0.0,0.0
2022-06-08 00:00:00-04:00,76.9375,77.7125015258789,76.12750244140625,76.47250366210938,3146800,0.0,0.0
2022-06-09 00:00:00-04:00,75.50499725341797,76.2125015258789,74.05000305175781,74.11250305175781,2623200,0.0,0.0
2022-06-10 00:00:00-04:00,73.0425033569336,73.68499755859375,72.29000091552734,73.4625015258789,3879200,0.0,0.0
2022-06-13 00:00:00-04:00,70.83000183105469,71.81999969482422,67.63999938964844,68.05999755859375,3286900,0.0,4.0
2022-06-14 00:00:00-04:00,68.97000122070312,70.0199966430664,67.16000366210938,69.30999755859375,3292100,0.0,0.0
2022-06-15 00:00:00-04:00,70.37000274658203,73.33000183105469,69.63999938964844,71.51000213623047,2988500,0.0,0.0
2022-06-16 00:00:00-04:00,69.2300033569336,70.16999816894531,67.11000061035156,67.98999786376953,4180300,0.0,0.0
2022-06-17 00:00:00-04:00,67.80000305175781,70.30000305175781,67.73999786376953,68.80999755859375,6242500,0.0,0.0
2022-06-21 00:00:00-04:00,70.05000305175781,71.80000305175781,69.55999755859375,70.45999908447266,3145800,0.0,0.0
2022-06-22 00:00:00-04:00,69.94999694824219,72.66000366210938,69.62000274658203,71.5199966430664,2363800,0.0,0.0
2022-06-23 00:00:00-04:00,72.55000305175781,75.58000183105469,71.87000274658203,75.20999908447266,2312100,0.0,0.0
2022-06-24 00:00:00-04:00,76.31999969482422,77.7300033569336,75.13999938964844,77.66999816894531,3563600,0.0,0.0
2022-06-27 00:00:00-04:00,77.44000244140625,77.88999938964844,75.56999969482422,76.5999984741211,2664700,0.0,0.0
2022-06-28 00:00:00-04:00,77.1500015258789,78.72000122070312,74.4800033569336,74.69999694824219,2226400,0.0,0.0
2022-06-29 00:00:00-04:00,74.73999786376953,75.68000030517578,72.41000366210938,75.44999694824219,2306900,0.0,0.0
2022-06-30 00:00:00-04:00,74.93000030517578,75.47000122070312,73.70999908447266,74.52999877929688,3616600,0.0,0.0
2022-07-01 00:00:00-04:00,74.26000213623047,78.02999877929688,74.2300033569336,77.62999725341797,1981900,0.0,0.0
2022-07-05 00:00:00-04:00,77.25,78.88999938964844,74.75,78.45999908447266,2086500,0.0,0.0
2022-07-06 00:00:00-04:00,78.95999908447266,79.87999725341797,77.4000015258789,78.3499984741211,2814000,0.0,0.0
2022-07-07 00:00:00-04:00,78.01000213623047,82.05999755859375,77.5199966430664,81.91999816894531,3239500,0.0,0.0
2022-07-08 00:00:00-04:00,80.20999908447266,82.8499984741211,79.11000061035156,81.23999786376953,1658400,0.0,0.0
2022-07-11 00:00:00-04:00,80.0999984741211,80.47000122070312,77.6500015258789,78.43000030517578,1758700,0.0,0.0
2022-07-12 00:00:00-04:00,78.93000030517578,80.66999816894531,77.37999725341797,78.05000305175781,1536400,0.0,0.0
2022-07-13 00:00:00-04:00,76.26000213623047,78.44000244140625,75.04000091552734,76.3499984741211,1742900,0.0,0.0
2022-07-14 00:00:00-04:00,75.80999755859375,77.02999877929688,73.93000030517578,76.5,1584000,0.0,0.0
2022-07-15 00:00:00-04:00,77.94999694824219,79.58000183105469,77.31999969482422,79.13999938964844,2146900,0.0,0.0
2022-07-18 00:00:00-04:00,79.29000091552734,79.91000366210938,76.19999694824219,76.98999786376953,2248200,0.0,0.0
2022-07-19 00:00:00-04:00,78.2699966430664,80.7699966430664,76.61000061035156,80.63999938964844,2131300,0.0,0.0
2022-07-20 00:00:00-04:00,80.7699966430664,83.23999786376953,79.94000244140625,82.19000244140625,2119100,0.0,0.0
2022-07-21 00:00:00-04:00,82.43000030517578,84.27999877929688,81.80000305175781,83.98999786376953,1983000,0.0,0.0
2022-07-22 00:00:00-04:00,83.8499984741211,86.05999755859375,82.55000305175781,83.77999877929688,2089900,0.0,0.0
2022-07-25 00:00:00-04:00,83.06999969482422,83.72000122070312,81.30999755859375,82.5999984741211,1750500,0.0,0.0
2022-07-26 00:00:00-04:00,82.81999969482422,83.5,80.77999877929688,82.69999694824219,2569800,0.0,0.0
2022-07-27 00:00:00-04:00,82.77999877929688,85.83000183105469,82.77999877929688,85.80000305175781,2325500,0.0,0.0
2022-07-28 00:00:00-04:00,86.05999755859375,87.27999877929688,84.11000061035156,86.98999786376953,4316900,0.0,0.0
2022-07-29 00:00:00-04:00,78.25,85.86000061035156,77.51000213623047,82.08000183105469,9906700,0.0,0.0
2022-08-01 00:00:00-04:00,82.61000061035156,86.20999908447266,82.44999694824219,83.83000183105469,3162600,0.0,0.0
2022-08-02 00:00:00-04:00,84.02999877929688,90.2300033569336,83.7300033569336,88.30000305175781,4298500,0.0,0.0
2022-08-03 00:00:00-04:00,88.29000091552734,91.2300033569336,86.83999633789062,90.38999938964844,3510200,0.0,0.0
2022-08-04 00:00:00-04:00,90.23999786376953,90.77999877929688,87.87999725341797,89.54000091552734,2259400,0.0,0.0
2022-08-05 00:00:00-04:00,87.4000015258789,90.41999816894531,87.25,89.08999633789062,2220100,0.0,0.0
2022-08-08 00:00:00-04:00,89.55999755859375,94.5999984741211,89.5,91.4000015258789,3110000,0.0,0.0
2022-08-09 00:00:00-04:00,90.66999816894531,91.23999786376953,85.0199966430664,85.12000274658203,4794200,0.0,0.0
2022-08-10 00:00:00-04:00,88.0,90.0999984741211,87.58000183105469,89.7300033569336,3512100,0.0,0.0
2022-08-11 00:00:00-04:00,89.83999633789062,91.94999694824219,87.83999633789062,88.23999786376953,2584900,0.0,0.0
2022-08-12 00:00:00-04:00,88.62000274658203,89.9000015258789,87.5999984741211,89.83000183105469,1914900,0.0,0.0
2022-08-15 00:00:00-04:00,89.91000366210938,92.73999786376953,89.70999908447266,92.30000305175781,1920600,0.0,0.0
2022-08-16 00:00:00-04:00,91.37999725341797,91.88999938964844,88.87999725341797,90.79000091552734,2433600,0.0,0.0
2022-08-17 00:00:00-04:00,89.4000015258789,89.87999725341797,87.6500015258789,88.13999938964844,1979400,0.0,0.0
2022-08-18 00:00:00-04:00,88.22000122070312,88.52999877929688,86.7699966430664,87.52999877929688,2636000,0.0,0.0
2022-08-19 00:00:00-04:00,86.66999816894531,87.72000122070312,84.12000274658203,85.11000061035156,2222400,0.0,0.0
2022-08-22 00:00:00-04:00,83.2300033569336,85.80000305175781,83.2300033569336,84.30000305175781,2594000,0.0,0.0
2022-08-23 00:00:00-04:00,84.20999908447266,84.5999984741211,82.20999908447266,83.62999725341797,2008100,0.0,0.0
2022-08-24 00:00:00-04:00,84.11000061035156,87.2300033569336,84.06999969482422,85.91999816894531,2476600,0.0,0.0
2022-08-25 00:00:00-04:00,86.98999786376953,88.43000030517578,86.11000061035156,88.37000274658203,2330900,0.0,0.0
2022-08-26 00:00:00-04:00,87.7300033569336,88.87999725341797,84.2300033569336,84.48999786376953,3014600,0.0,0.0
2022-08-29 00:00:00-04:00,83.5,84.62000274658203,83.19999694824219,83.37999725341797,2107900,0.0,0.0
2022-08-30 00:00:00-04:00,83.5199966430664,85.27999877929688,82.16000366210938,82.73999786376953,2378000,0.0,0.0
2022-08-31 00:00:00-04:00,83.5,84.19000244140625,81.76000213623047,82.20999908447266,2161200,0.0,0.0
2022-09-01 00:00:00-04:00,81.69000244140625,83.1500015258789,79.37000274658203,83.08000183105469,3928000,0.0,0.0
2022-09-02 00:00:00-04:00,84.47000122070312,85.45999908447266,81.27999877929688,82.0,2014100,0.0,0.0
2022-09-06 00:00:00-04:00,82.04000091552734,83.12999725341797,81.19999694824219,82.02999877929688,1669000,0.0,0.0
2022-09-07 00:00:00-04:00,82.55999755859375,88.5999984741211,82.11000061035156,88.37000274658203,2821200,0.0,0.0
2022-09-08 00:00:00-04:00,87.31999969482422,91.63999938964844,87.20999908447266,91.58999633789062,2639200,0.0,0.0
2022-09-09 00:00:00-04:00,91.5999984741211,93.23999786376953,91.5999984741211,92.88999938964844,2642900,0.0,0.0
2022-09-12 00:00:00-04:00,92.98999786376953,94.30000305175781,92.68000030517578,94.18000030517578,1651000,0.0,0.0
2022-09-13 00:00:00-04:00,89.91999816894531,90.6500015258789,88.55999755859375,89.16999816894531,2868000,0.0,0.0
2022-09-14 00:00:00-04:00,89.43000030517578,90.94000244140625,87.29000091552734,90.56999969482422,1512800,0.0,0.0
2022-09-15 00:00:00-04:00,90.62000274658203,93.0199966430664,90.30999755859375,90.9800033569336,1808700,0.0,0.0
2022-09-16 00:00:00-04:00,89.79000091552734,90.44999694824219,88.02999877929688,90.08999633789062,2981900,0.0,0.0
2022-09-19 00:00:00-04:00,88.62000274658203,89.13999938964844,85.41999816894531,87.94000244140625,2048600,0.0,0.0
2022-09-20 00:00:00-04:00,87.27999877929688,88.43000030517578,85.62000274658203,87.37000274658203,2069200,0.0,0.0
2022-09-21 00:00:00-04:00,87.83999633789062,88.63999938964844,84.41999816894531,84.45999908447266,2264400,0.0,0.0
2022-09-22 00:00:00-04:00,83.63999938964844,83.8499984741211,79.70999908447266,80.95999908447266,2708700,0.0,0.0
2022-09-23 00:00:00-04:00,80.38999938964844,80.77999877929688,79.02999877929688,80.66000366210938,2062500,0.0,0.0
2022-09-26 00:00:00-04:00,80.63999938964844,81.73999786376953,79.12000274658203,80.3499984741211,1994800,0.0,0.0
2022-09-27 00:00:00-04:00,81.54000091552734,81.73999786376953,78.94000244140625,79.63999938964844,2782500,0.0,0.0
2022-09-28 00:00:00-04:00,80.66000366210938,83.94000244140625,80.4000015258789,83.33000183105469,2800700,0.0,0.0
2022-09-29 00:00:00-04:00,82.30999755859375,82.9000015258789,80.61000061035156,82.0999984741211,1773300,0.0,0.0
2022-09-30 00:00:00-04:00,81.79000091552734,83.9800033569336,80.36000061035156,80.54000091552734,2032100,0.0,0.0
2022-10-03 00:00:00-04:00,81.47000122070312,85.54000091552734,81.05999755859375,84.9800033569336,2589300,0.0,0.0
2022-10-04 00:00:00-04:00,87.63999938964844,91.56999969482422,87.62999725341797,90.97000122070312,3054800,0.0,0.0
2022-10-05 00:00:00-04:00,89.30999755859375,92.12999725341797,89.30999755859375,91.08000183105469,2334000,0.0,0.0
2022-10-06 00:00:00-04:00,91.18000030517578,95.30999755859375,90.37999725341797,95.20999908447266,4233900,0.0,0.0
2022-10-07 00:00:00-04:00,103.62999725341797,105.33000183105469,100.11000061035156,102.13999938964844,9426000,0.0,0.0
2022-10-10 00:00:00-04:00,101.91000366210938,102.7699966430664,99.66000366210938,100.22000122070312,3158800,0.0,0.0
2022-10-11 00:00:00-04:00,100.44999694824219,101.7300033569336,97.33000183105469,99.68000030517578,2704400,0.0,0.0
2022-10-12 00:00:00-04:00,100.68000030517578,100.91999816894531,97.54000091552734,98.31999969482422,2083400,0.0,0.0
2022-10-13 00:00:00-04:00,95.41000366210938,103.41000366210938,94.6500015258789,101.72000122070312,3076600,0.0,0.0
2022-10-14 00:00:00-04:00,102.80999755859375,103.97000122070312,97.26000213623047,97.41000366210938,2119800,0.0,0.0
2022-10-17 00:00:00-04:00,99.41000366210938,101.5999984741211,98.23999786376953,99.7300033569336,2193000,0.0,0.0
2022-10-18 00:00:00-04:00,102.30999755859375,103.12999725341797,96.05999755859375,96.93000030517578,3681500,0.0,0.0
2022-10-19 00:00:00-04:00,95.69000244140625,97.0999984741211,94.58999633789062,96.83999633789062,2480900,0.0,0.0
2022-10-20 00:00:00-04:00,95.93000030517578,97.44999694824219,93.79000091552734,94.36000061035156,2688300,0.0,0.0
2022-10-21 00:00:00-04:00,94.18000030517578,96.73999786376953,91.62000274658203,95.68000030517578,4012500,0.0,0.0
2022-10-24 00:00:00-04:00,96.33000183105469,99.2699966430664,94.8499984741211,98.97000122070312,1892800,0.0,0.0
2022-10-25 00:00:00-04:00,99.30999755859375,102.7699966430664,99.30999755859375,100.94999694824219,2197300,0.0,0.0
2022-10-26 00:00:00-04:00,101.54000091552734,104.80000305175781,101.26000213623047,102.61000061035156,2544800,0.0,0.0
2022-10-27 00:00:00-04:00,102.18000030517578,103.25,99.33000183105469,101.25,3774100,0.0,0.0
2022-10-28 00:00:00-04:00,113.72000122070312,121.87999725341797,109.88999938964844,120.87000274658203,9279800,0.0,0.0
2022-10-31 00:00:00-04:00,120.0,122.0199966430664,116.41000366210938,120.77999877929688,4048700,0.0,0.0
2022-11-01 00:00:00-04:00,121.58000183105469,123.36000061035156,118.44999694824219,119.04000091552734,2945400,0.0,0.0
2022-11-02 00:00:00-04:00,118.33000183105469,121.41000366210938,115.4800033569336,115.94999694824219,3223400,0.0,0.0
2022-11-03 00:00:00-04:00,114.79000091552734,117.33000183105469,112.41000366210938,112.5999984741211,3183400,0.0,0.0
2022-11-04 00:00:00-04:00,114.0,116.0,111.58999633789062,114.87999725341797,3208800,0.0,0.0
2022-11-07 00:00:00-05:00,115.94000244140625,116.62999725341797,113.41000366210938,115.33000183105469,1927300,0.0,0.0
2022-11-08 00:00:00-05:00,115.33000183105469,117.76000213623047,112.22000122070312,115.3499984741211,1678400,0.0,0.0
2022-11-09 00:00:00-05:00,114.12000274658203,115.4000015258789,112.51000213623047,113.1500015258789,1711700,0.0,0.0
2022-11-10 00:00:00-05:00,118.98999786376953,120.75,117.04000091552734,119.83999633789062,3473400,0.0,0.0
2022-11-11 00:00:00-05:00,119.12000274658203,122.27999877929688,114.58999633789062,115.95999908447266,3461500,0.0,0.0
2022-11-14 00:00:00-05:00,115.75,115.75,112.47000122070312,112.98999786376953,3395800,0.0,0.0
2022-11-15 00:00:00-05:00,115.0999984741211,116.98999786376953,113.69999694824219,116.30999755859375,2330800,0.0,0.0
2022-11-16 00:00:00-05:00,116.83999633789062,117.0,114.43000030517578,114.88999938964844,1536100,0.0,0.0
2022-11-17 00:00:00-05:00,112.66999816894531,114.76000213623047,111.7300033569336,112.63999938964844,2162500,0.0,0.0
2022-11-18 00:00:00-05:00,114.5999984741211,115.36000061035156,112.62000274658203,113.72000122070312,1809800,0.0,0.0
2022-11-21 00:00:00-05:00,112.62000274658203,113.55000305175781,112.12000274658203,112.66000366210938,1893700,0.0,0.0
2022-11-22 00:00:00-05:00,113.66999816894531,113.87999725341797,110.30999755859375,111.01000213623047,2654300,0.0,0.0
2022-11-23 00:00:00-05:00,111.66999816894531,113.33999633789062,110.5999984741211,112.91999816894531,3529200,0.0,0.0
2022-11-25 00:00:00-05:00,112.91000366210938,113.0199966430664,110.6500015258789,112.0,1182900,0.0,0.0
2022-11-28 00:00:00-05:00,111.62000274658203,114.75,111.62000274658203,112.56999969482422,3268600,0.0,0.0
2022-11-29 00:00:00-05:00,112.30000305175781,113.70999908447266,110.12999725341797,110.38999938964844,2659000,0.0,0.0
2022-11-30 00:00:00-05:00,110.66999816894531,116.36000061035156,110.29000091552734,116.27999877929688,4117900,0.0,0.0
2022-12-01 00:00:00-05:00,116.38999938964844,119.9800033569336,116.25,118.02999877929688,2055600,0.0,0.0
2022-12-02 00:00:00-05:00,116.27999877929688,118.51000213623047,115.30999755859375,118.11000061035156,1883600,0.0,0.0
2022-12-05 00:00:00-05:00,117.5999984741211,119.87999725341797,115.5,116.55999755859375,2387300,0.0,0.0
2022-12-06 00:00:00-05:00,115.81999969482422,119.12999725341797,115.08000183105469,116.83000183105469,2454000,0.0,0.0
2022-12-07 00:00:00-05:00,116.30999755859375,119.19000244140625,116.30999755859375,117.91000366210938,2169900,0.0,0.0
2022-12-08 00:00:00-05:00,123.69999694824219,125.55000305175781,119.16000366210938,122.66999816894531,5622600,0.0,0.0
2022-12-09 00:00:00-05:00,121.6500015258789,122.33000183105469,116.01000213623047,116.45999908447266,3274300,0.0,0.0
2022-12-12 00:00:00-05:00,118.0,118.37999725341797,115.16999816894531,116.77999877929688,2609400,0.0,0.0
2022-12-13 00:00:00-05:00,120.5,121.54000091552734,118.80999755859375,119.55999755859375,2935400,0.0,0.0
2022-12-14 00:00:00-05:00,119.72000122070312,124.11000061035156,118.8499984741211,121.48999786376953,3270100,0.0,0.0
2022-12-15 00:00:00-05:00,119.56999969482422,119.9000015258789,115.77999877929688,116.23999786376953,2651000,0.0,0.0
2022-12-16 00:00:00-05:00,114.11000061035156,115.41000366210938,113.4000015258789,114.62999725341797,6255700,0.0,0.0
2022-12-19 00:00:00-05:00,114.13999938964844,114.29000091552734,110.62999725341797,112.2300033569336,2093500,0.0,0.0
2022-12-20 00:00:00-05:00,111.98999786376953,114.43000030517578,110.20999908447266,113.1500015258789,2247300,0.0,0.0
2022-12-21 00:00:00-05:00,113.87000274658203,116.12999725341797,112.05999755859375,114.76000213623047,1948500,0.0,0.0
2022-12-22 00:00:00-05:00,113.77999877929688,114.76000213623047,111.5999984741211,113.68000030517578,1742300,0.0,0.0
2022-12-23 00:00:00-05:00,114.47000122070312,114.47000122070312,111.04000091552734,111.44000244140625,1078800,0.0,0.0
2022-12-27 00:00:00-05:00,111.44999694824219,111.5999984741211,108.68000030517578,109.87999725341797,1746700,0.0,0.0
2022-12-28 00:00:00-05:00,110.4800033569336,111.95999908447266,109.45999908447266,109.7699966430664,1187900,0.0,0.0
2022-12-29 00:00:00-05:00,110.91999816894531,113.36000061035156,109.72000122070312,112.06999969482422,1286000,0.0,0.0
2022-12-30 00:00:00-05:00,110.93000030517578,113.33000183105469,109.45999908447266,113.23999786376953,1395700,0.0,0.0
2023-01-03 00:00:00-05:00,114.30000305175781,116.16000366210938,112.61000061035156,114.7300033569336,2061800,0.0,0.0
2023-01-04 00:00:00-05:00,116.79000091552734,117.54000091552734,113.38999938964844,114.33000183105469,2188600,0.0,0.0
2023-01-05 00:00:00-05:00,113.26000213623047,114.27999877929688,110.87000274658203,111.69000244140625,2348200,0.0,0.0
2023-01-06 00:00:00-05:00,113.02999877929688,117.01000213623047,110.77999877929688,115.81999969482422,2411200,0.0,0.0
2023-01-09 00:00:00-05:00,112.45999908447266,113.69000244140625,107.45999908447266,110.05999755859375,4995300,0.0,0.0
2023-01-10 00:00:00-05:00,108.79000091552734,111.94000244140625,107.83999633789062,110.87999725341797,2381000,0.0,0.0
2023-01-11 00:00:00-05:00,112.41000366210938,112.69000244140625,105.04000091552734,106.16000366210938,4429200,0.0,0.0
2023-01-12 00:00:00-05:00,105.44000244140625,108.4800033569336,103.66999816894531,107.13999938964844,2878600,0.0,0.0
2023-01-13 00:00:00-05:00,106.16000366210938,108.5999984741211,105.19000244140625,108.47000122070312,2327800,0.0,0.0
2023-01-17 00:00:00-05:00,107.16999816894531,109.62999725341797,106.05000305175781,109.51000213623047,1590700,0.0,0.0
2023-01-18 00:00:00-05:00,109.94999694824219,110.26000213623047,106.54000091552734,106.62999725341797,2006500,0.0,0.0
2023-01-19 00:00:00-05:00,106.0,107.66999816894531,105.95999908447266,106.19999694824219,2728300,0.0,0.0
2023-01-20 00:00:00-05:00,106.19999694824219,108.0,104.98999786376953,107.86000061035156,2389900,0.0,0.0
2023-01-23 00:00:00-05:00,107.86000061035156,108.86000061035156,106.0,106.4000015258789,2818200,0.0,0.0
2023-01-24 00:00:00-05:00,105.23999786376953,106.51000213623047,103.72000122070312,106.02999877929688,1685600,0.0,0.0
2023-01-25 00:00:00-05:00,103.75,105.05000305175781,102.5,104.0,3803500,0.0,0.0
2023-01-26 00:00:00-05:00,105.44000244140625,107.02999877929688,104.12999725341797,106.6500015258789,2266900,0.0,0.0
2023-01-27 00:00:00-05:00,106.36000061035156,107.73999786376953,105.04000091552734,106.72000122070312,1428200,0.0,0.0
2023-01-30 00:00:00-05:00,106.12000274658203,106.94000244140625,105.08000183105469,105.48999786376953,1687600,0.0,0.0
2023-01-31 00:00:00-05:00,106.05999755859375,107.55999755859375,105.73999786376953,107.08999633789062,2091000,0.0,0.0
2023-02-01 00:00:00-05:00,107.16000366210938,108.56999969482422,104.44000244140625,107.70999908447266,2894600,0.0,0.0
2023-02-02 00:00:00-05:00,109.16999816894531,110.5,106.58999633789062,108.02999877929688,3316400,0.0,0.0
2023-02-03 00:00:00-05:00,107.18000030517578,109.9800033569336,106.20999908447266,108.43000030517578,2969300,0.0,0.0
2023-02-06 00:00:00-05:00,108.08999633789062,109.06999969482422,106.44000244140625,106.7300033569336,1793800,0.0,0.0
2023-02-07 00:00:00-05:00,105.70999908447266,109.75,104.66000366210938,109.5,2189100,0.0,0.0
2023-02-08 00:00:00-05:00,109.5,110.9000015258789,108.73999786376953,109.83999633789062,1917700,0.0,0.0
2023-02-09 00:00:00-05:00,110.0199966430664,110.70999908447266,106.81999969482422,107.23999786376953,4270800,0.0,0.0
2023-02-10 00:00:00-05:00,112.6500015258789,120.0,111.20999908447266,117.88999938964844,6381600,0.0,0.0
2023-02-13 00:00:00-05:00,119.69000244140625,121.11000061035156,118.01000213623047,118.27999877929688,2944100,0.0,0.0
2023-02-14 00:00:00-05:00,117.5,119.79000091552734,116.62000274658203,118.55000305175781,1995900,0.0,0.0
2023-02-15 00:00:00-05:00,118.66000366210938,120.27999877929688,118.0,120.16999816894531,1562100,0.0,0.0
2023-02-16 00:00:00-05:00,118.48999786376953,119.38999938964844,117.08000183105469,117.26000213623047,1580700,0.0,0.0
2023-02-17 00:00:00-05:00,116.38999938964844,117.02999877929688,113.4000015258789,114.76000213623047,1810100,0.0,0.0
2023-02-21 00:00:00-05:00,113.58999633789062,114.79000091552734,112.79000091552734,114.01000213623047,2393100,0.0,0.0
2023-02-22 00:00:00-05:00,114.54000091552734,114.9800033569336,104.19999694824219,111.6500015258789,6377800,0.0,0.0
2023-02-23 00:00:00-05:00,111.61000061035156,112.0999984741211,109.3499984741211,111.87000274658203,2627000,0.0,0.0
2023-02-24 00:00:00-05:00,110.41999816894531,111.4800033569336,109.3499984741211,110.08999633789062,1540200,0.0,0.0
2023-02-27 00:00:00-05:00,110.9800033569336,111.68000030517578,109.0199966430664,110.58000183105469,1528700,0.0,0.0
2023-02-28 00:00:00-05:00,111.69000244140625,112.5199966430664,109.87999725341797,111.01000213623047,1714400,0.0,0.0
2023-03-01 00:00:00-05:00,110.51000213623047,111.30999755859375,109.31999969482422,110.76000213623047,1856000,0.0,0.0
2023-03-02 00:00:00-05:00,112.51000213623047,121.37000274658203,112.37999725341797,121.23999786376953,4457300,0.0,0.0
2023-03-03 00:00:00-05:00,120.52999877929688,123.13999938964844,119.88999938964844,122.91999816894531,2771100,0.0,0.0
2023-03-06 00:00:00-05:00,114.0999984741211,116.08000183105469,112.44000244140625,113.25,5556400,0.0,0.0
2023-03-07 00:00:00-05:00,113.23999786376953,115.37999725341797,112.12000274658203,113.80999755859375,2304700,0.0,0.0
2023-03-08 00:00:00-05:00,113.51000213623047,114.0199966430664,111.86000061035156,112.73999786376953,1394800,0.0,0.0
2023-03-09 00:00:00-05:00,113.26000213623047,116.6500015258789,111.87000274658203,112.08000183105469,3223300,0.0,0.0
2023-03-10 00:00:00-05:00,112.27999877929688,112.27999877929688,107.27999877929688,107.7699966430664,3014300,0.0,0.0
2023-03-13 00:00:00-04:00,106.2699966430664,112.94000244140625,106.16000366210938,110.66000366210938,1971300,0.0,0.0
2023-03-14 00:00:00-04:00,111.86000061035156,113.70999908447266,111.30000305175781,113.16000366210938,2077400,0.0,0.0
2023-03-15 00:00:00-04:00,112.08000183105469,114.33000183105469,111.19000244140625,113.72000122070312,1967400,0.0,0.0
2023-03-16 00:00:00-04:00,113.05999755859375,115.36000061035156,112.38999938964844,114.55999755859375,2653700,0.0,0.0
2023-03-17 00:00:00-04:00,114.5,115.44999694824219,113.05999755859375,113.93000030517578,2623900,0.0,0.0
2023-03-20 00:00:00-04:00,113.94999694824219,117.43000030517578,113.94999694824219,117.20999908447266,1704100,0.0,0.0
2023-03-21 00:00:00-04:00,117.5999984741211,119.29000091552734,116.73999786376953,118.9800033569336,1706300,0.0,0.0
2023-03-22 00:00:00-04:00,118.93000030517578,119.23999786376953,114.91999816894531,115.0,1452600,0.0,0.0
2023-03-23 00:00:00-04:00,116.26000213623047,116.87000274658203,113.31999969482422,114.5,1918700,0.0,0.0
2023-03-24 00:00:00-04:00,114.26000213623047,115.20999908447266,112.79000091552734,114.08999633789062,1360700,0.0,0.0
2023-03-27 00:00:00-04:00,115.75,117.94999694824219,115.04000091552734,116.06999969482422,1571400,0.0,0.0
2023-03-28 00:00:00-04:00,117.31999969482422,117.98999786376953,113.13999938964844,113.81999969482422,1335500,0.0,0.0
2023-03-29 00:00:00-04:00,114.83000183105469,115.75,113.06999969482422,113.95999908447266,1559900,0.0,0.0
2023-03-30 00:00:00-04:00,114.2699966430664,115.0,112.62000274658203,114.4000015258789,1547800,0.0,0.0
2023-03-31 00:00:00-04:00,115.0199966430664,116.87000274658203,114.5199966430664,116.18000030517578,2118200,0.0,0.0
2023-04-03 00:00:00-04:00,116.02999877929688,116.02999877929688,113.25,115.23999786376953,1743300,0.0,0.0
2023-04-04 00:00:00-04:00,115.44000244140625,116.18000030517578,114.30000305175781,115.63999938964844,1467100,0.0,0.0
2023-04-05 00:00:00-04:00,115.69000244140625,115.73999786376953,112.41999816894531,112.81999969482422,1489600,0.0,0.0
2023-04-06 00:00:00-04:00,112.94000244140625,112.94000244140625,111.43000030517578,112.47000122070312,1835200,0.0,0.0
2023-04-10 00:00:00-04:00,112.5199966430664,113.06999969482422,110.9000015258789,112.52999877929688,1871300,0.0,0.0
2023-04-11 00:00:00-04:00,112.0,115.12000274658203,111.97000122070312,115.04000091552734,1826000,0.0,0.0
2023-04-12 00:00:00-04:00,116.12999725341797,116.68000030517578,114.56999969482422,114.81999969482422,1534600,0.0,0.0
2023-04-13 00:00:00-04:00,115.16999816894531,116.5999984741211,115.05000305175781,116.27999877929688,1093400,0.0,0.0
2023-04-14 00:00:00-04:00,115.68000030517578,116.45999908447266,114.12999725341797,115.69999694824219,1150000,0.0,0.0
2023-04-17 00:00:00-04:00,117.91000366210938,120.22000122070312,117.69000244140625,118.6500015258789,2180500,0.0,0.0
2023-04-18 00:00:00-04:00,119.83999633789062,119.83999633789062,117.93000030517578,118.93000030517578,1653900,0.0,0.0
2023-04-19 00:00:00-04:00,118.7699966430664,124.19999694824219,118.66999816894531,124.12000274658203,2410100,0.0,0.0
2023-04-20 00:00:00-04:00,123.58999633789062,125.31999969482422,121.94999694824219,122.19000244140625,2247800,0.0,0.0
2023-04-21 00:00:00-04:00,123.3499984741211,125.4000015258789,122.33000183105469,123.7300033569336,2129600,0.0,0.0
2023-04-24 00:00:00-04:00,124.68000030517578,125.01000213623047,123.5,123.83000183105469,1829000,0.0,0.0
2023-04-25 00:00:00-04:00,123.0,125.0999984741211,123.0,123.95999908447266,2263400,0.0,0.0
2023-04-26 00:00:00-04:00,123.0,125.18000030517578,122.91999816894531,124.93000030517578,2333300,0.0,0.0
2023-04-27 00:00:00-04:00,125.58000183105469,126.44000244140625,121.22000122070312,123.58000183105469,4075000,0.0,0.0
2023-04-28 00:00:00-04:00,119.26000213623047,122.27999877929688,117.5999984741211,121.33999633789062,3901500,0.0,0.0
2023-05-01 00:00:00-04:00,121.33999633789062,121.47000122070312,117.20999908447266,118.44000244140625,2447200,0.0,0.0
2023-05-02 00:00:00-04:00,117.0,118.2699966430664,115.01000213623047,118.12000274658203,2662500,0.0,0.0
2023-05-03 00:00:00-04:00,119.19999694824219,119.87999725341797,116.79000091552734,117.31999969482422,6887600,0.0,0.0
2023-05-04 00:00:00-04:00,116.5,117.87000274658203,116.02999877929688,117.41999816894531,1765800,0.0,0.0
2023-05-05 00:00:00-04:00,117.70999908447266,121.58999633789062,117.27999877929688,120.81999969482422,2170200,0.0,0.0
2023-05-08 00:00:00-04:00,120.1500015258789,120.91999816894531,118.66999816894531,120.18000030517578,1733400,0.0,0.0
2023-05-09 00:00:00-04:00,120.19000244140625,120.44000244140625,118.69000244140625,119.6500015258789,1301000,0.0,0.0
2023-05-10 00:00:00-04:00,120.80000305175781,123.12999725341797,119.8499984741211,122.56999969482422,1821300,0.0,0.0
2023-05-11 00:00:00-04:00,122.88999938964844,123.43000030517578,119.76000213623047,121.06999969482422,1730100,0.0,0.0
2023-05-12 00:00:00-04:00,121.38999938964844,122.47000122070312,120.80000305175781,121.69999694824219,1410000,0.0,0.0
2023-05-15 00:00:00-04:00,121.75,122.62000274658203,119.30000305175781,119.61000061035156,1565800,0.0,0.0
2023-05-16 00:00:00-04:00,119.54000091552734,119.54000091552734,117.87000274658203,118.61000061035156,1331800,0.0,0.0
2023-05-17 00:00:00-04:00,118.58000183105469,119.7699966430664,116.5999984741211,118.58999633789062,1690400,0.0,0.0
2023-05-18 00:00:00-04:00,118.26000213623047,119.27999877929688,116.94999694824219,119.02999877929688,1598000,0.0,0.0
2023-05-19 00:00:00-04:00,118.80999755859375,120.52999877929688,116.97000122070312,117.12999725341797,2080000,0.0,0.0
2023-05-22 00:00:00-04:00,117.58000183105469,120.98999786376953,116.12000274658203,119.29000091552734,2391400,0.0,0.0
2023-05-23 00:00:00-04:00,118.44999694824219,119.13999938964844,114.55000305175781,115.69000244140625,2282900,0.0,0.0
2023-05-24 00:00:00-04:00,114.88999938964844,117.06999969482422,114.30999755859375,116.7300033569336,1705100,0.0,0.0
2023-05-25 00:00:00-04:00,116.66000366210938,116.66000366210938,112.2699966430664,114.61000061035156,2473800,0.0,0.0
2023-05-26 00:00:00-04:00,114.31999969482422,115.55999755859375,113.55000305175781,115.05000305175781,1688200,0.0,0.0
2023-05-30 00:00:00-04:00,115.2300033569336,116.66999816894531,113.01000213623047,113.55999755859375,8040100,0.0,0.0
2023-05-31 00:00:00-04:00,113.77999877929688,117.8499984741211,113.61000061035156,117.26000213623047,5453600,0.0,0.0
2023-06-01 00:00:00-04:00,117.4800033569336,119.62999725341797,116.30999755859375,119.58000183105469,1993300,0.0,0.0
2023-06-02 00:00:00-04:00,120.0,122.83999633789062,118.68000030517578,122.56999969482422,2676300,0.0,0.0
2023-06-05 00:00:00-04:00,123.0,126.30999755859375,122.22000122070312,124.66000366210938,3347000,0.0,0.0
2023-06-06 00:00:00-04:00,125.48999786376953,126.58999633789062,124.36000061035156,125.37999725341797,3304100,0.0,0.0
2023-06-07 00:00:00-04:00,125.76000213623047,126.19000244140625,117.73999786376953,119.70999908447266,3099600,0.0,0.0
2023-06-08 00:00:00-04:00,119.5199966430664,121.27999877929688,118.30999755859375,121.12999725341797,1850900,0.0,0.0
2023-06-09 00:00:00-04:00,121.30999755859375,124.55000305175781,120.19999694824219,124.33999633789062,2121100,0.0,0.0
2023-06-12 00:00:00-04:00,124.80000305175781,127.22000122070312,123.5199966430664,126.91000366210938,2598000,0.0,0.0
2023-06-13 00:00:00-04:00,126.9800033569336,128.02000427246094,124.68000030517578,125.94999694824219,2166100,0.0,0.0
2023-06-14 00:00:00-04:00,126.26000213623047,129.1999969482422,125.95999908447266,127.05999755859375,3325100,0.0,0.0
2023-06-15 00:00:00-04:00,128.32000732421875,131.24000549316406,128.10000610351562,130.97999572753906,4232100,0.0,0.0
2023-06-16 00:00:00-04:00,132.0,134.13999938964844,129.99000549316406,130.10000610351562,4310100,0.0,0.0
2023-06-20 00:00:00-04:00,129.72999572753906,130.8000030517578,127.63999938964844,129.97000122070312,2598700,0.0,0.0
2023-06-21 00:00:00-04:00,130.1300048828125,130.25999450683594,126.55000305175781,127.86000061035156,2759700,0.0,0.0
2023-06-22 00:00:00-04:00,127.61000061035156,128.0800018310547,125.88999938964844,126.5199966430664,2510300,0.0,0.0
2023-06-23 00:00:00-04:00,125.91999816894531,127.5,124.83000183105469,126.75,3264800,0.0,0.0
2023-06-26 00:00:00-04:00,126.0,126.1500015258789,123.1500015258789,124.62000274658203,2523100,0.0,0.0
2023-06-27 00:00:00-04:00,124.62000274658203,125.4800033569336,121.79000091552734,123.5,2634200,0.0,0.0
2023-06-28 00:00:00-04:00,124.01000213623047,127.86000061035156,123.83000183105469,126.41999816894531,2360500,0.0,0.0
2023-06-29 00:00:00-04:00,126.56999969482422,128.89999389648438,125.81999969482422,127.94000244140625,2584600,0.0,0.0
2023-06-30 00:00:00-04:00,129.75999450683594,131.75999450683594,128.1999969482422,128.50999450683594,2378100,0.0,0.0
2023-07-03 00:00:00-04:00,127.2300033569336,127.41999816894531,124.76000213623047,127.0199966430664,1237900,0.0,0.0
2023-07-05 00:00:00-04:00,126.58000183105469,128.47999572753906,125.69000244140625,128.07000732421875,1932300,0.0,0.0
2023-07-06 00:00:00-04:00,126.63999938964844,128.1699981689453,125.86000061035156,127.69999694824219,1722700,0.0,0.0
2023-07-07 00:00:00-04:00,126.80000305175781,128.58999633789062,125.77999877929688,126.70999908447266,2173100,0.0,0.0
2023-07-10 00:00:00-04:00,128.0500030517578,131.02999877929688,128.0,130.6199951171875,2345700,0.0,0.0
2023-07-11 00:00:00-04:00,130.77000427246094,132.11000061035156,130.10000610351562,131.22999572753906,1705900,0.0,0.0
2023-07-12 00:00:00-04:00,131.38999938964844,133.91000366210938,131.25999450683594,133.6699981689453,2294300,0.0,0.0
2023-07-13 00:00:00-04:00,134.55999755859375,134.9199981689453,133.00999450683594,133.97999572753906,1763700,0.0,0.0
2023-07-14 00:00:00-04:00,134.5,137.6199951171875,133.97999572753906,137.32000732421875,3087300,0.0,0.0
2023-07-17 00:00:00-04:00,136.6999969482422,138.39999389648438,136.3699951171875,137.4499969482422,2290400,0.0,0.0
2023-07-18 00:00:00-04:00,137.07000732421875,138.1699981689453,135.50999450683594,137.92999267578125,2073500,0.0,0.0
2023-07-19 00:00:00-04:00,137.33999633789062,138.9199981689453,131.8800048828125,133.6300048828125,2969300,0.0,0.0
2023-07-20 00:00:00-04:00,134.05999755859375,134.35000610351562,130.4199981689453,130.64999389648438,3287700,0.0,0.0
2023-07-21 00:00:00-04:00,130.97999572753906,132.57000732421875,130.05999755859375,130.60000610351562,7299400,0.0,0.0
2023-07-24 00:00:00-04:00,130.5800018310547,131.74000549316406,127.44000244140625,127.72000122070312,2935400,0.0,0.0
2023-07-25 00:00:00-04:00,126.9000015258789,131.11000061035156,126.80999755859375,129.9600067138672,2056200,0.0,0.0
2023-07-26 00:00:00-04:00,129.1999969482422,131.25999450683594,129.08999633789062,130.69000244140625,1653600,0.0,0.0
2023-07-27 00:00:00-04:00,131.11000061035156,131.49000549316406,128.77000427246094,129.36000061035156,3379000,0.0,0.0
2023-07-28 00:00:00-04:00,134.39999389648438,139.5500030517578,132.10000610351562,132.3800048828125,5006700,0.0,0.0
2023-07-31 00:00:00-04:00,133.13999938964844,133.39999389648438,124.02999877929688,124.55999755859375,5593500,0.0,0.0
2023-08-01 00:00:00-04:00,124.44999694824219,125.94999694824219,121.8499984741211,122.0,3986700,0.0,0.0
2023-08-02 00:00:00-04:00,120.83000183105469,124.25,120.45999908447266,123.80999755859375,3295800,0.0,0.0
2023-08-03 00:00:00-04:00,123.80000305175781,124.87999725341797,120.5999984741211,122.06999969482422,2021100,0.0,0.0
2023-08-04 00:00:00-04:00,122.13999938964844,122.83000183105469,119.88999938964844,120.33000183105469,2228000,0.0,0.0
2023-08-07 00:00:00-04:00,121.0,122.0999984741211,120.13999938964844,120.97000122070312,1697300,0.0,0.0
2023-08-08 00:00:00-04:00,120.30000305175781,120.30000305175781,107.06999969482422,110.19000244140625,8884500,0.0,0.0
2023-08-09 00:00:00-04:00,110.70999908447266,114.66000366210938,109.80000305175781,110.95999908447266,4580600,0.0,0.0
2023-08-10 00:00:00-04:00,112.25,115.94000244140625,112.1500015258789,113.2699966430664,3391800,0.0,0.0
2023-08-11 00:00:00-04:00,112.3499984741211,112.69999694824219,110.55000305175781,111.69000244140625,3250400,0.0,0.0
2023-08-14 00:00:00-04:00,111.81999969482422,116.01000213623047,111.54000091552734,115.76000213623047,3141800,0.0,0.0
2023-08-15 00:00:00-04:00,115.0,117.25,114.26000213623047,114.51000213623047,2598200,0.0,0.0
2023-08-16 00:00:00-04:00,114.83999633789062,115.41999816894531,110.98999786376953,111.16000366210938,2809700,0.0,0.0
2023-08-17 00:00:00-04:00,111.0999984741211,111.5,107.62999725341797,107.80999755859375,3967000,0.0,0.0
2023-08-18 00:00:00-04:00,107.41000366210938,107.79000091552734,105.75,106.05000305175781,3729200,0.0,0.0
2023-08-21 00:00:00-04:00,106.0,106.5,104.44999694824219,104.68000030517578,3425100,0.0,0.0
2023-08-22 00:00:00-04:00,104.37999725341797,107.45999908447266,104.13999938964844,106.9800033569336,3200700,0.0,0.0
2023-08-23 00:00:00-04:00,107.1500015258789,107.68000030517578,103.98999786376953,104.37999725341797,3821600,0.0,0.0
2023-08-24 00:00:00-04:00,104.98999786376953,105.01000213623047,100.77999877929688,100.9800033569336,4648700,0.0,0.0
2023-08-25 00:00:00-04:00,100.91999816894531,102.11000061035156,99.0199966430664,100.76000213623047,4428300,0.0,0.0
2023-08-28 00:00:00-04:00,102.06999969482422,103.29000091552734,98.75,99.29000091552734,4197900,0.0,0.0
2023-08-29 00:00:00-04:00,99.30000305175781,101.6500015258789,98.0199966430664,100.58000183105469,7650600,0.0,0.0
2023-08-30 00:00:00-04:00,101.02999877929688,106.94999694824219,100.75,103.41999816894531,5806400,0.0,0.0
2023-08-31 00:00:00-04:00,103.52999877929688,105.05999755859375,100.9000015258789,100.9800033569336,3707200,0.0,0.0
2023-09-01 00:00:00-04:00,102.31999969482422,102.69999694824219,100.51000213623047,101.9000015258789,2524500,0.0,0.0
2023-09-05 00:00:00-04:00,101.94000244140625,102.97000122070312,99.93000030517578,100.33000183105469,3173800,0.0,0.0
2023-09-06 00:00:00-04:00,105.44999694824219,108.27999877929688,104.22000122070312,106.87999725341797,6645000,0.0,0.0
2023-09-07 00:00:00-04:00,106.75,107.58999633789062,100.76000213623047,104.91000366210938,5294800,0.0,0.0
2023-09-08 00:00:00-04:00,104.91999816894531,107.13999938964844,104.18000030517578,104.3499984741211,3575700,0.0,0.0
2023-09-11 00:00:00-04:00,104.3499984741211,108.08999633789062,103.94999694824219,107.29000091552734,3496300,0.0,0.0
2023-09-12 00:00:00-04:00,106.55999755859375,107.33999633789062,103.4000015258789,104.86000061035156,4416300,0.0,0.0
2023-09-13 00:00:00-04:00,104.98999786376953,106.95999908447266,104.77999877929688,105.22000122070312,2997600,0.0,0.0
2023-09-14 00:00:00-04:00,106.2300033569336,106.5999984741211,100.93000030517578,101.55000305175781,6447800,0.0,0.0
2023-09-15 00:00:00-04:00,101.8499984741211,102.33000183105469,95.86000061035156,96.3499984741211,9076000,0.0,0.0
2023-09-18 00:00:00-04:00,95.69000244140625,96.63999938964844,94.8499984741211,95.30000305175781,3176400,0.0,0.0
2023-09-19 00:00:00-04:00,95.29000091552734,95.30999755859375,92.7699966430664,94.16000366210938,3644500,0.0,0.0
2023-09-20 00:00:00-04:00,95.37000274658203,95.80999755859375,92.36000061035156,92.62999725341797,3092300,0.0,0.0
2023-09-21 00:00:00-04:00,92.33999633789062,92.37999725341797,88.8499984741211,89.08000183105469,5326800,0.0,0.0
2023-09-22 00:00:00-04:00,88.4000015258789,89.0,87.13999938964844,87.5,4556400,0.0,0.0
2023-09-25 00:00:00-04:00,87.12999725341797,87.22000122070312,85.30999755859375,86.05999755859375,3667400,0.0,0.0
2023-09-26 00:00:00-04:00,85.62000274658203,88.73999786376953,85.33999633789062,88.62000274658203,4819200,0.0,0.0
2023-09-27 00:00:00-04:00,89.55999755859375,92.94000244140625,89.55999755859375,92.08999633789062,6709100,0.0,0.0
2023-09-28 00:00:00-04:00,92.08999633789062,96.16999816894531,91.62999725341797,95.45999908447266,7205200,0.0,0.0
2023-09-29 00:00:00-04:00,97.37000274658203,97.58000183105469,93.12999725341797,93.30000305175781,5416800,0.0,0.0
2023-10-02 00:00:00-04:00,92.86000061035156,96.18000030517578,91.80000305175781,94.55000305175781,3244900,0.0,0.0
2023-10-03 00:00:00-04:00,93.66999816894531,94.36000061035156,90.23999786376953,90.94000244140625,3026800,0.0,0.0
2023-10-04 00:00:00-04:00,91.16000366210938,91.38999938964844,85.54000091552734,87.69999694824219,5793400,0.0,0.0
2023-10-05 00:00:00-04:00,88.0999984741211,88.0999984741211,80.80000305175781,84.0,9019200,0.0,0.0
2023-10-06 00:00:00-04:00,82.55000305175781,83.69000244140625,81.06999969482422,83.22000122070312,6761700,0.0,0.0
2023-10-09 00:00:00-04:00,82.48999786376953,83.31999969482422,80.80000305175781,83.08999633789062,3165100,0.0,0.0
2023-10-10 00:00:00-04:00,82.91000366210938,86.4000015258789,81.11000061035156,85.20999908447266,5266800,0.0,0.0
2023-10-11 00:00:00-04:00,84.30999755859375,85.0199966430664,77.91000366210938,78.97000122070312,8706800,0.0,0.0
2023-10-12 00:00:00-04:00,79.69000244140625,80.13999938964844,75.04000091552734,75.48999786376953,9339000,0.0,0.0
2023-10-13 00:00:00-04:00,75.0,76.44000244140625,74.75,76.19000244140625,5123700,0.0,0.0
2023-10-16 00:00:00-04:00,77.58000183105469,80.19000244140625,76.16999816894531,78.94999694824219,5271500,0.0,0.0
2023-10-17 00:00:00-04:00,77.37999725341797,82.55999755859375,76.80999755859375,80.48999786376953,5475900,0.0,0.0
2023-10-18 00:00:00-04:00,81.48999786376953,85.2699966430664,81.47000122070312,84.12000274658203,7717000,0.0,0.0
2023-10-19 00:00:00-04:00,83.69000244140625,87.4800033569336,83.61000061035156,86.04000091552734,6634000,0.0,0.0
2023-10-20 00:00:00-04:00,86.0199966430664,87.3499984741211,85.4800033569336,85.97000122070312,4652400,0.0,0.0
2023-10-23 00:00:00-04:00,85.75,87.9800033569336,85.5999984741211,86.0199966430664,4042200,0.0,0.0
2023-10-24 00:00:00-04:00,85.4000015258789,86.83999633789062,85.26000213623047,86.3499984741211,4375200,0.0,0.0
2023-10-25 00:00:00-04:00,85.8499984741211,86.37000274658203,83.05999755859375,84.3499984741211,4112500,0.0,0.0
2023-10-26 00:00:00-04:00,84.18000030517578,84.2300033569336,80.93000030517578,81.08999633789062,6707800,0.0,0.0
2023-10-27 00:00:00-04:00,92.7300033569336,92.98999786376953,86.2699966430664,89.29000091552734,14954600,0.0,0.0
2023-10-30 00:00:00-04:00,90.16000366210938,90.58999633789062,84.70999908447266,84.91000366210938,7038400,0.0,0.0
2023-10-31 00:00:00-04:00,85.7300033569336,89.47000122070312,85.41000366210938,88.83000183105469,5391900,0.0,0.0
2023-11-01 00:00:00-04:00,88.26000213623047,94.41000366210938,87.80999755859375,94.12999725341797,6016800,0.0,0.0
2023-11-02 00:00:00-04:00,94.83999633789062,95.83000183105469,92.06999969482422,93.66999816894531,4425700,0.0,0.0
2023-11-03 00:00:00-04:00,96.56999969482422,99.01000213623047,96.06999969482422,97.45999908447266,5092300,0.0,0.0
2023-11-06 00:00:00-05:00,97.77999877929688,98.91000366210938,94.33999633789062,94.83999633789062,4019700,0.0,0.0
2023-11-07 00:00:00-05:00,95.80999755859375,97.62000274658203,95.08999633789062,95.19000244140625,3273400,0.0,0.0
2023-11-08 00:00:00-05:00,95.22000122070312,95.56999969482422,91.48999786376953,92.76000213623047,4631700,0.0,0.0
2023-11-09 00:00:00-05:00,93.2699966430664,95.29000091552734,91.70999908447266,92.4000015258789,4663600,0.0,0.0
2023-11-10 00:00:00-05:00,93.61000061035156,95.06999969482422,91.58999633789062,94.05000305175781,4185500,0.0,0.0
2023-11-13 00:00:00-05:00,96.80000305175781,100.56999969482422,94.55000305175781,98.3499984741211,5725700,0.0,0.0
2023-11-14 00:00:00-05:00,100.0,103.8499984741211,99.26000213623047,101.37999725341797,5479600,0.0,0.0
2023-11-15 00:00:00-05:00,101.37999725341797,104.25,100.86000061035156,102.11000061035156,4159500,0.0,0.0
2023-11-16 00:00:00-05:00,102.0,105.19000244140625,102.0,104.7699966430664,5726900,0.0,0.0
2023-11-17 00:00:00-05:00,104.93000030517578,106.73999786376953,104.30999755859375,104.97000122070312,5315900,0.0,0.0
2023-11-20 00:00:00-05:00,104.38999938964844,109.19999694824219,104.05999755859375,108.95999908447266,4313000,0.0,0.0
2023-11-21 00:00:00-05:00,108.41999816894531,109.6500015258789,107.80999755859375,108.95999908447266,2778000,0.0,0.0
2023-11-22 00:00:00-05:00,110.0,112.05000305175781,109.41999816894531,110.80000305175781,2747400,0.0,0.0
2023-11-24 00:00:00-05:00,110.80000305175781,113.80999755859375,110.44000244140625,112.94999694824219,1902100,0.0,0.0
2023-11-27 00:00:00-05:00,112.06999969482422,115.08999633789062,112.02999877929688,113.9800033569336,3687300,0.0,0.0
2023-11-28 00:00:00-05:00,113.37000274658203,113.7699966430664,111.29000091552734,112.19999694824219,4492400,0.0,0.0
2023-11-29 00:00:00-05:00,113.37999725341797,117.44000244140625,113.0,116.18000030517578,4734700,0.0,0.0
2023-11-30 00:00:00-05:00,116.94000244140625,117.26000213623047,114.86000061035156,115.5199966430664,4537500,0.0,0.0
2023-12-01 00:00:00-05:00,114.23999786376953,117.5,113.01000213623047,116.62000274658203,3074800,0.0,0.0
2023-12-04 00:00:00-05:00,116.25,118.79000091552734,116.19999694824219,118.23999786376953,3085000,0.0,0.0
2023-12-05 00:00:00-05:00,116.37000274658203,117.81999969482422,115.63999938964844,117.19999694824219,2768300,0.0,0.0
2023-12-06 00:00:00-05:00,117.73999786376953,119.05999755859375,116.37999725341797,117.94000244140625,2494400,0.0,0.0
2023-12-07 00:00:00-05:00,118.30000305175781,119.4800033569336,117.51000213623047,118.88999938964844,2391800,0.0,0.0
2023-12-08 00:00:00-05:00,118.4800033569336,119.38999938964844,116.91999816894531,116.97000122070312,2375700,0.0,0.0
2023-12-11 00:00:00-05:00,117.66000366210938,118.69000244140625,115.37999725341797,117.9000015258789,3735600,0.0,0.0
2023-12-12 00:00:00-05:00,118.54000091552734,120.11000061035156,116.80999755859375,119.16000366210938,2564300,0.0,0.0
2023-12-13 00:00:00-05:00,119.13999938964844,122.37999725341797,118.43000030517578,122.29000091552734,2812000,0.0,0.0
2023-12-14 00:00:00-05:00,123.41999816894531,126.37000274658203,122.33999633789062,123.0999984741211,3705400,0.0,0.0
2023-12-15 00:00:00-05:00,123.0199966430664,123.56999969482422,121.08000183105469,122.58999633789062,5084300,0.0,0.0
2023-12-18 00:00:00-05:00,121.8499984741211,124.5,119.55000305175781,123.3499984741211,2571300,0.0,0.0
2023-12-19 00:00:00-05:00,123.62999725341797,124.58000183105469,122.91000366210938,123.29000091552734,2482200,0.0,0.0
2023-12-20 00:00:00-05:00,122.4800033569336,123.29000091552734,115.63999938964844,116.63999938964844,5202500,0.0,0.0
2023-12-21 00:00:00-05:00,118.58999633789062,122.91999816894531,118.36000061035156,122.80000305175781,2837100,0.0,0.0
2023-12-22 00:00:00-05:00,122.37999725341797,122.61000061035156,120.2300033569336,122.16999816894531,1829100,0.0,0.0
2023-12-26 00:00:00-05:00,123.30000305175781,123.86000061035156,121.87999725341797,123.55000305175781,1412700,0.0,0.0
2023-12-27 00:00:00-05:00,124.0199966430664,124.25,122.26000213623047,123.7300033569336,1844400,0.0,0.0
2023-12-28 00:00:00-05:00,124.30999755859375,125.72000122070312,123.51000213623047,124.16000366210938,1290400,0.0,0.0
2023-12-29 00:00:00-05:00,123.77999877929688,124.77999877929688,123.6500015258789,124.08999633789062,1301700,0.0,0.0
2024-01-02 00:00:00-05:00,123.1500015258789,126.2300033569336,122.4000015258789,123.08999633789062,2091500,0.0,0.0
2024-01-03 00:00:00-05:00,123.44000244140625,123.44000244140625,119.6500015258789,120.2699966430664,1895700,0.0,0.0
2024-01-04 00:00:00-05:00,120.02999877929688,122.80000305175781,119.86000061035156,121.83000183105469,1946200,0.0,0.0
2024-01-05 00:00:00-05:00,121.2699966430664,124.98999786376953,120.5,123.9800033569336,2084900,0.0,0.0
2024-01-08 00:00:00-05:00,125.70999908447266,130.32000732421875,123.66999816894531,129.6300048828125,3725700,0.0,0.0
2024-01-09 00:00:00-05:00,128.80999755859375,132.02999877929688,128.3800048828125,129.6999969482422,2714700,0.0,0.0
2024-01-10 00:00:00-05:00,130.0399932861328,130.74000549316406,127.97000122070312,128.0,2351000,0.0,0.0
2024-01-11 00:00:00-05:00,127.97000122070312,130.3000030517578,126.72000122070312,128.92999267578125,2507200,0.0,0.0
2024-01-12 00:00:00-05:00,128.92999267578125,130.0,124.05999755859375,125.0,3646300,0.0,0.0
2024-01-16 00:00:00-05:00,123.58999633789062,124.94000244140625,121.29000091552734,124.45999908447266,3116700,0.0,0.0
2024-01-17 00:00:00-05:00,123.0,125.52999877929688,122.54000091552734,125.44999694824219,1905600,0.0,0.0
2024-01-18 00:00:00-05:00,126.26000213623047,128.0,125.30000305175781,127.44999694824219,3594800,0.0,0.0
2024-01-19 00:00:00-05:00,127.12000274658203,127.98999786376953,125.05999755859375,127.29000091552734,2819300,0.0,0.0
2024-01-22 00:00:00-05:00,129.1999969482422,130.30999755859375,128.64999389648438,129.2899932861328,3290100,0.0,0.0
2024-01-23 00:00:00-05:00,129.14999389648438,129.32000732421875,125.38999938964844,127.12000274658203,1823000,0.0,0.0
2024-01-24 00:00:00-05:00,128.10000610351562,128.55999755859375,125.73999786376953,127.41999816894531,1761900,0.0,0.0
2024-01-25 00:00:00-05:00,129.13999938964844,129.38999938964844,125.23999786376953,126.51000213623047,1680100,0.0,0.0
2024-01-26 00:00:00-05:00,126.06999969482422,126.38999938964844,119.70999908447266,121.95999908447266,3851100,0.0,0.0
2024-01-29 00:00:00-05:00,121.87999725341797,124.26000213623047,119.55000305175781,124.25,2675300,0.0,0.0
2024-01-30 00:00:00-05:00,123.13999938964844,123.23999786376953,120.5999984741211,120.79000091552734,2680800,0.0,0.0
2024-01-31 00:00:00-05:00,121.2300033569336,123.05999755859375,120.12000274658203,121.3499984741211,2392800,0.0,0.0
2024-02-01 00:00:00-05:00,122.1500015258789,123.87000274658203,119.91999816894531,122.5999984741211,2478200,0.0,0.0
2024-02-02 00:00:00-05:00,122.20999908447266,122.44999694824219,119.62999725341797,120.95999908447266,2559700,0.0,0.0
2024-02-05 00:00:00-05:00,120.70999908447266,121.80000305175781,119.5999984741211,121.2300033569336,2714700,0.0,0.0
2024-02-06 00:00:00-05:00,121.80999755859375,124.9800033569336,120.43000030517578,124.91999816894531,1988200,0.0,0.0
2024-02-07 00:00:00-05:00,124.91999816894531,127.12999725341797,124.27999877929688,126.61000061035156,2246600,0.0,0.0
2024-02-08 00:00:00-05:00,127.19999694824219,127.37000274658203,125.20999908447266,127.05000305175781,4298600,0.0,0.0
2024-02-09 00:00:00-05:00,123.0,124.98999786376953,120.29000091552734,120.47000122070312,5639200,0.0,0.0
2024-02-12 00:00:00-05:00,119.52999877929688,120.5,117.13999938964844,118.41999816894531,5252200,0.0,0.0
2024-02-13 00:00:00-05:00,116.5199966430664,120.23999786376953,116.26000213623047,117.02999877929688,3308200,0.0,0.0
2024-02-14 00:00:00-05:00,117.02999877929688,117.69999694824219,114.95999908447266,116.75,3158200,0.0,0.0
2024-02-15 00:00:00-05:00,117.08000183105469,118.51000213623047,116.05000305175781,117.69000244140625,3125500,0.0,0.0
2024-02-16 00:00:00-05:00,116.83000183105469,118.80999755859375,116.31999969482422,117.05000305175781,3971400,0.0,0.0
2024-02-20 00:00:00-05:00,116.7300033569336,119.0999984741211,116.7300033569336,117.87000274658203,3198900,0.0,0.0
2024-02-21 00:00:00-05:00,117.0,117.95999908447266,115.30000305175781,116.38999938964844,2933100,0.0,0.0
2024-02-22 00:00:00-05:00,117.55000305175781,118.0,115.36000061035156,117.5,3037200,0.0,0.0
2024-02-23 00:00:00-05:00,117.12999725341797,118.48999786376953,116.01000213623047,116.26000213623047,6214000,0.0,0.0
2024-02-26 00:00:00-05:00,116.3499984741211,118.19000244140625,115.8499984741211,116.16999816894531,2812700,0.0,0.0
2024-02-27 00:00:00-05:00,116.25,116.41999816894531,114.55000305175781,115.31999969482422,2269300,0.0,0.0
2024-02-28 00:00:00-05:00,115.61000061035156,115.70999908447266,113.05000305175781,114.22000122070312,2764000,0.0,0.0
2024-02-29 00:00:00-05:00,115.08999633789062,115.55999755859375,114.02999877929688,115.06999969482422,3556900,0.0,0.0
2024-03-01 00:00:00-05:00,114.37000274658203,122.2300033569336,113.69000244140625,121.73999786376953,4530800,0.0,0.0
2024-03-04 00:00:00-05:00,121.76000213623047,124.30000305175781,120.51000213623047,122.30000305175781,3477400,0.0,0.0
2024-03-05 00:00:00-05:00,123.08000183105469,123.91000366210938,120.9000015258789,121.77999877929688,3543600,0.0,0.0
2024-03-06 00:00:00-05:00,126.0999984741211,133.94000244140625,124.12000274658203,133.72000122070312,9510500,0.0,0.0
2024-03-07 00:00:00-05:00,135.60000610351562,137.92999267578125,132.25999450683594,133.24000549316406,5021500,0.0,0.0
2024-03-08 00:00:00-05:00,134.0,136.25,132.3300018310547,135.25,3761900,0.0,0.0
2024-03-11 00:00:00-04:00,134.64999389648438,136.39999389648438,133.00999450683594,133.0399932861328,3227900,0.0,0.0
2024-03-12 00:00:00-04:00,133.0,136.72999572753906,130.74000549316406,135.3800048828125,3364100,0.0,0.0
2024-03-13 00:00:00-04:00,136.10000610351562,137.4600067138672,131.52999877929688,131.67999267578125,2945500,0.0,0.0
2024-03-14 00:00:00-04:00,132.44000244140625,133.0,128.72000122070312,129.5,2589800,0.0,0.0
2024-03-15 00:00:00-04:00,130.9499969482422,131.82000732421875,128.6199951171875,130.4600067138672,3965200,0.0,0.0
2024-03-18 00:00:00-04:00,131.67999267578125,135.5800018310547,131.50999450683594,134.72000122070312,2661600,0.0,0.0
2024-03-19 00:00:00-04:00,133.8300018310547,134.3300018310547,131.63999938964844,134.1699981689453,2267900,0.0,0.0
2024-03-20 00:00:00-04:00,134.8699951171875,135.80999755859375,131.30999755859375,132.52999877929688,1921500,0.0,0.0
2024-03-21 00:00:00-04:00,133.47999572753906,136.4499969482422,133.14999389648438,133.41000366210938,2185500,0.0,0.0
2024-03-22 00:00:00-04:00,133.5399932861328,134.3800048828125,131.36000061035156,133.17999267578125,1426200,0.0,0.0
2024-03-25 00:00:00-04:00,133.38999938964844,140.8800048828125,133.38999938964844,140.10000610351562,3917400,0.0,0.0
2024-03-26 00:00:00-04:00,140.69000244140625,142.0,138.5,139.92999267578125,3096100,0.0,0.0
2024-03-27 00:00:00-04:00,141.5500030517578,141.8699951171875,138.1199951171875,139.47999572753906,2031700,0.0,0.0
2024-03-28 00:00:00-04:00,139.97999572753906,140.8000030517578,138.50999450683594,138.6999969482422,2519900,0.0,0.0
2024-04-01 00:00:00-04:00,138.7899932861328,139.6199951171875,136.97999572753906,137.94000244140625,1862400,0.0,0.0
2024-04-02 00:00:00-04:00,136.3300018310547,137.99000549316406,135.2100067138672,136.64999389648438,2376500,0.0,0.0
2024-04-03 00:00:00-04:00,136.72999572753906,139.9600067138672,136.58999633789062,138.50999450683594,1734900,0.0,0.0
2024-04-04 00:00:00-04:00,139.55999755859375,139.7100067138672,133.22999572753906,133.33999633789062,3034300,0.0,0.0
2024-04-05 00:00:00-04:00,133.1300048828125,139.11000061035156,131.74000549316406,138.92999267578125,2427100,0.0,0.0
2024-04-08 00:00:00-04:00,139.52999877929688,140.91000366210938,137.47000122070312,139.94000244140625,2285600,0.0,0.0
2024-04-09 00:00:00-04:00,140.77999877929688,141.99000549316406,138.52999877929688,140.4499969482422,2777000,0.0,0.0
2024-04-10 00:00:00-04:00,138.80999755859375,140.64999389648438,137.4199981689453,140.32000732421875,1847000,0.0,0.0
2024-04-11 00:00:00-04:00,140.10000610351562,141.25,138.14999389648438,139.6199951171875,2070100,0.0,0.0
2024-04-12 00:00:00-04:00,138.02000427246094,138.77000427246094,134.27999877929688,136.13999938964844,2413500,0.0,0.0
2024-04-15 00:00:00-04:00,137.80999755859375,138.00999450683594,134.5,134.55999755859375,2553500,0.0,0.0
2024-04-16 00:00:00-04:00,135.2899932861328,137.82000732421875,133.2100067138672,136.52000427246094,3036300,0.0,0.0
2024-04-17 00:00:00-04:00,136.07000732421875,136.63999938964844,132.8800048828125,133.86000061035156,3222500,0.0,0.0
2024-04-18 00:00:00-04:00,134.36000061035156,135.99000549316406,133.5800018310547,134.3000030517578,2116500,0.0,0.0
2024-04-19 00:00:00-04:00,134.63999938964844,135.05999755859375,129.1699981689453,130.7100067138672,2859600,0.0,0.0
2024-04-22 00:00:00-04:00,131.25999450683594,132.36000061035156,129.74000549316406,131.52000427246094,2110200,0.0,0.0
2024-04-23 00:00:00-04:00,131.47000122070312,135.30999755859375,131.0,134.0,2014900,0.0,0.0
2024-04-24 00:00:00-04:00,132.7899932861328,138.5,132.47000122070312,137.8699951171875,3238200,0.0,0.0
2024-04-25 00:00:00-04:00,138.91000366210938,139.24000549316406,134.38999938964844,138.00999450683594,4203200,0.0,0.0
2024-04-26 00:00:00-04:00,132.5,138.80999755859375,124.08000183105469,124.33999633789062,8578200,0.0,0.0
2024-04-29 00:00:00-04:00,125.1500015258789,128.50999450683594,123.08000183105469,125.80999755859375,3846800,0.0,0.0
2024-04-30 00:00:00-04:00,126.25,128.64999389648438,125.08000183105469,127.38999938964844,3049100,0.0,0.0
2024-05-01 00:00:00-04:00,126.20999908447266,128.74000549316406,123.5199966430664,125.87999725341797,2916500,0.0,0.0
2024-05-02 00:00:00-04:00,127.02999877929688,127.87999725341797,124.61000061035156,126.6500015258789,2311400,0.0,0.0
2024-05-03 00:00:00-04:00,127.22000122070312,129.22000122070312,126.91000366210938,128.3699951171875,1779000,0.0,0.0
2024-05-06 00:00:00-04:00,128.52000427246094,129.94000244140625,127.79000091552734,129.64999389648438,1858400,0.0,0.0
2024-05-07 00:00:00-04:00,129.60000610351562,130.32000732421875,128.99000549316406,130.10000610351562,1425100,0.0,0.0
2024-05-08 00:00:00-04:00,130.17999267578125,130.36000061035156,127.04000091552734,127.41999816894531,1336600,0.0,0.0
2024-05-09 00:00:00-04:00,128.1699981689453,130.47999572753906,127.62000274658203,128.13999938964844,1464200,0.0,0.0
2024-05-10 00:00:00-04:00,128.13999938964844,129.3000030517578,126.72000122070312,127.05000305175781,1689900,0.0,0.0
2024-05-13 00:00:00-04:00,128.22999572753906,128.22999572753906,124.75,124.94999694824219,2596500,0.0,0.0
2024-05-14 00:00:00-04:00,125.02999877929688,126.58000183105469,124.25,125.97000122070312,2202600,0.0,0.0
2024-05-15 00:00:00-04:00,126.58000183105469,130.22000122070312,126.0,129.7100067138672,2307000,0.0,0.0
2024-05-16 00:00:00-04:00,129.7899932861328,132.1999969482422,129.27999877929688,131.91000366210938,2018300,0.0,0.0
2024-05-17 00:00:00-04:00,131.72000122070312,132.25999450683594,130.16000366210938,131.36000061035156,2329400,0.0,0.0
2024-05-20 00:00:00-04:00,131.69000244140625,132.08999633789062,129.69000244140625,130.69000244140625,2114500,0.0,0.0
2024-05-21 00:00:00-04:00,131.10000610351562,131.55999755859375,129.91000366210938,130.83999633789062,1763500,0.0,0.0
2024-05-22 00:00:00-04:00,130.72999572753906,131.75999450683594,130.10000610351562,130.52999877929688,2089200,0.0,0.0
2024-05-23 00:00:00-04:00,129.97000122070312,129.97000122070312,125.37000274658203,125.5999984741211,1986700,0.0,0.0
2024-05-24 00:00:00-04:00,125.81999969482422,128.24000549316406,124.54000091552734,127.37000274658203,2275600,0.0,0.0
2024-05-28 00:00:00-04:00,126.69999694824219,128.0399932861328,125.1500015258789,127.37999725341797,1796500,0.0,0.0
2024-05-29 00:00:00-04:00,126.81999969482422,128.6300048828125,126.19000244140625,127.63999938964844,1349700,0.0,0.0
2024-05-30 00:00:00-04:00,127.61000061035156,127.61000061035156,117.19999694824219,118.4000015258789,5810300,0.0,0.0
2024-05-31 00:00:00-04:00,120.1500015258789,121.47000122070312,116.26000213623047,118.7699966430664,6065400,0.0,0.0
2024-06-03 00:00:00-04:00,118.16000366210938,118.37999725341797,114.33000183105469,115.2300033569336,4058300,0.0,0.0
2024-06-04 00:00:00-04:00,115.62999725341797,117.05999755859375,114.68000030517578,116.70999908447266,2904400,0.0,0.0
2024-06-05 00:00:00-04:00,116.7699966430664,120.4800033569336,116.05999755859375,118.08000183105469,3873900,0.0,0.0
2024-06-06 00:00:00-04:00,117.5,118.18000030517578,114.19999694824219,115.30000305175781,3509900,0.0,0.0
2024-06-07 00:00:00-04:00,114.7300033569336,116.58000183105469,114.23999786376953,115.79000091552734,3009500,0.0,0.0
2024-06-10 00:00:00-04:00,115.05000305175781,116.95999908447266,114.62000274658203,116.56999969482422,2298400,0.0,0.0
2024-06-11 00:00:00-04:00,116.91999816894531,118.12000274658203,115.72000122070312,116.9000015258789,2223300,0.0,0.0
2024-06-12 00:00:00-04:00,116.5999984741211,118.80000305175781,115.95999908447266,117.19999694824219,2385500,0.0,0.0
2024-06-13 00:00:00-04:00,115.16000366210938,116.33000183105469,113.66999816894531,113.80999755859375,2064700,0.0,0.0
2024-06-14 00:00:00-04:00,113.55000305175781,116.01000213623047,113.2300033569336,115.94999694824219,1813900,0.0,0.0
2024-06-17 00:00:00-04:00,115.18000030517578,117.91000366210938,114.6500015258789,116.52999877929688,3379600,0.0,0.0
2024-06-18 00:00:00-04:00,116.52999877929688,117.48999786376953,116.12999725341797,116.63999938964844,2192700,0.0,0.0
2024-06-20 00:00:00-04:00,116.94000244140625,117.12000274658203,115.48999786376953,116.06999969482422,1875300,0.0,0.0
2024-06-21 00:00:00-04:00,117.18000030517578,117.2699966430664,114.22000122070312,116.63999938964844,7069600,0.0,0.0
2024-06-24 00:00:00-04:00,116.41000366210938,116.5999984741211,109.75,110.56999969482422,4690300,0.0,0.0
2024-06-25 00:00:00-04:00,111.36000061035156,111.81999969482422,108.70999908447266,110.30999755859375,3904500,0.0,0.0
2024-06-26 00:00:00-04:00,110.27999877929688,113.83000183105469,110.16000366210938,113.51000213623047,2544000,0.0,0.0
2024-06-27 00:00:00-04:00,112.69000244140625,114.97000122070312,112.48999786376953,114.54000091552734,2473900,0.0,0.0
2024-06-28 00:00:00-04:00,114.29000091552734,114.58000183105469,111.86000061035156,113.37999725341797,5429400,0.0,0.0
2024-07-01 00:00:00-04:00,113.0,115.30000305175781,111.0,112.16999816894531,2583600,0.0,0.0
2024-07-02 00:00:00-04:00,112.16999816894531,113.08000183105469,111.0,112.48999786376953,1778500,0.0,0.0
2024-07-03 00:00:00-04:00,112.4000015258789,112.48999786376953,109.80999755859375,110.91000366210938,1353100,0.0,0.0
2024-07-05 00:00:00-04:00,111.16999816894531,113.83000183105469,110.02999877929688,113.69000244140625,1347200,0.0,0.0
2024-07-08 00:00:00-04:00,113.5,113.5,110.62999725341797,110.97000122070312,1648300,0.0,0.0
2024-07-09 00:00:00-04:00,111.31999969482422,111.5199966430664,110.44000244140625,110.83999633789062,1290500,0.0,0.0
2024-07-10 00:00:00-04:00,110.83999633789062,111.29000091552734,109.41999816894531,110.79000091552734,2151000,0.0,0.0
2024-07-11 00:00:00-04:00,111.12999725341797,113.80000305175781,110.80000305175781,112.66000366210938,2013200,0.0,0.0
2024-07-12 00:00:00-04:00,112.6500015258789,115.33999633789062,111.66999816894531,114.05999755859375,2300300,0.0,0.0
2024-07-15 00:00:00-04:00,113.54000091552734,114.7699966430664,112.05000305175781,113.01000213623047,1922800,0.0,0.0
2024-07-16 00:00:00-04:00,112.93000030517578,116.12000274658203,112.08000183105469,116.05999755859375,2520600,0.0,0.0
2024-07-17 00:00:00-04:00,116.04000091552734,117.19000244140625,114.58000183105469,114.61000061035156,2562600,0.0,0.0
2024-07-18 00:00:00-04:00,114.48999786376953,116.3499984741211,110.6500015258789,110.69999694824219,2848500,0.0,0.0
2024-07-19 00:00:00-04:00,111.7300033569336,112.16000366210938,110.04000091552734,111.66000366210938,2274300,0.0,0.0
2024-07-22 00:00:00-04:00,112.76000213623047,113.25,110.75,111.6500015258789,1729000,0.0,0.0
2024-07-23 00:00:00-04:00,111.6500015258789,113.27999877929688,110.44000244140625,112.12999725341797,2370400,0.0,0.0
2024-07-24 00:00:00-04:00,111.97000122070312,113.08000183105469,110.0,111.94000244140625,3614700,0.0,0.0
2024-07-25 00:00:00-04:00,111.16999816894531,112.55000305175781,107.55999755859375,107.8499984741211,11418000,0.0,0.0
2024-07-26 00:00:00-04:00,66.0,67.44000244140625,62.34000015258789,64.0,53914100,0.0,0.0
2024-07-29 00:00:00-04:00,65.02999877929688,68.93000030517578,64.16999816894531,67.4800033569336,18397300,0.0,0.0
2024-07-30 00:00:00-04:00,68.54000091552734,70.80000305175781,67.81999969482422,69.69999694824219,15509800,0.0,0.0
2024-07-31 00:00:00-04:00,69.9000015258789,70.87999725341797,67.0,67.81999969482422,11128900,0.0,0.0
2024-08-01 00:00:00-04:00,68.1500015258789,71.2300033569336,68.11000061035156,70.31999969482422,11193800,0.0,0.0
2024-08-02 00:00:00-04:00,69.44999694824219,72.61000061035156,68.91000366210938,72.30000305175781,7634000,0.0,0.0
2024-08-05 00:00:00-04:00,69.16000366210938,75.1500015258789,68.80999755859375,72.43000030517578,10692300,0.0,0.0
2024-08-06 00:00:00-04:00,72.91999816894531,77.31999969482422,72.69000244140625,75.25,9063700,0.0,0.0
2024-08-07 00:00:00-04:00,72.01000213623047,73.30999755859375,69.06999969482422,69.31999969482422,10012500,0.0,0.0
2024-08-08 00:00:00-04:00,69.80000305175781,71.76000213623047,69.80000305175781,71.5,5554400,0.0,0.0
2024-08-09 00:00:00-04:00,71.55999755859375,72.33999633789062,69.62000274658203,69.76000213623047,3933800,0.0,0.0
2024-08-12 00:00:00-04:00,69.76000213623047,72.12000274658203,69.01000213623047,71.2699966430664,3348400,0.0,0.0
2024-08-13 00:00:00-04:00,71.01000213623047,72.1500015258789,70.37000274658203,71.0199966430664,5309400,0.0,0.0
2024-08-14 00:00:00-04:00,70.4000015258789,71.0199966430664,69.66000366210938,70.05000305175781,5102000,0.0,0.0
2024-08-15 00:00:00-04:00,70.97000122070312,72.45999908447266,69.9000015258789,72.36000061035156,4827400,0.0,0.0
2024-08-16 00:00:00-04:00,72.56999969482422,74.7300033569336,72.51000213623047,74.6500015258789,3122900,0.0,0.0
2024-08-19 00:00:00-04:00,74.77999877929688,77.7699966430664,74.5,77.69000244140625,3646000,0.0,0.0
2024-08-20 00:00:00-04:00,76.0,77.58000183105469,72.38999938964844,72.8499984741211,7704700,0.0,0.0
2024-08-21 00:00:00-04:00,73.75,73.75,72.1500015258789,73.19999694824219,4152500,0.0,0.0
2024-08-22 00:00:00-04:00,73.66999816894531,74.55999755859375,72.18000030517578,72.27999877929688,3570100,0.0,0.0
2024-08-23 00:00:00-04:00,72.3499984741211,75.19000244140625,72.08000183105469,74.06999969482422,3358100,0.0,0.0
2024-08-26 00:00:00-04:00,73.66000366210938,75.0,73.51000213623047,73.66999816894531,2570100,0.0,0.0
2024-08-27 00:00:00-04:00,74.13999938964844,74.30999755859375,71.94999694824219,72.23999786376953,3458200,0.0,0.0
2024-08-28 00:00:00-04:00,72.05999755859375,72.22000122070312,70.30999755859375,70.4800033569336,4090400,0.0,0.0
2024-08-29 00:00:00-04:00,71.1500015258789,71.5,69.44999694824219,69.62000274658203,3876400,0.0,0.0
2024-08-30 00:00:00-04:00,70.0,70.43000030517578,68.98999786376953,69.33999633789062,4614200,0.0,0.0
2024-09-03 00:00:00-04:00,68.91000366210938,73.27999877929688,68.91000366210938,72.36000061035156,5226600,0.0,0.0
2024-09-04 00:00:00-04:00,71.44999694824219,71.70999908447266,69.33000183105469,69.81999969482422,4308100,0.0,0.0
2024-09-05 00:00:00-04:00,69.66000366210938,69.80000305175781,67.5199966430664,69.05000305175781,4723200,0.0,0.0
2024-09-06 00:00:00-04:00,69.23999786376953,69.2699966430664,66.94999694824219,68.61000061035156,3698900,0.0,0.0
2024-09-09 00:00:00-04:00,68.87000274658203,71.55999755859375,68.73999786376953,69.70999908447266,3632800,0.0,0.0
2024-09-10 00:00:00-04:00,69.83000183105469,70.01000213623047,68.05999755859375,68.55000305175781,2559200,0.0,0.0
2024-09-11 00:00:00-04:00,68.37999725341797,68.55999755859375,66.86000061035156,68.47000122070312,3962500,0.0,0.0
2024-09-12 00:00:00-04:00,68.47000122070312,69.30000305175781,67.33999633789062,68.81999969482422,3593500,0.0,0.0
2024-09-13 00:00:00-04:00,68.97000122070312,69.9000015258789,68.13999938964844,69.51000213623047,2615400,0.0,0.0
2024-09-16 00:00:00-04:00,70.41999816894531,71.5199966430664,69.93000030517578,70.08999633789062,4171700,0.0,0.0
2024-09-17 00:00:00-04:00,69.98999786376953,70.97000122070312,68.58999633789062,68.94000244140625,5084200,0.0,0.0
2024-09-18 00:00:00-04:00,69.4000015258789,70.62999725341797,69.08000183105469,69.45999908447266,3421400,0.0,0.0
2024-09-19 00:00:00-04:00,70.87999725341797,72.33999633789062,70.2699966430664,71.91999816894531,4184200,0.0,0.0
2024-09-20 00:00:00-04:00,71.91000366210938,71.91000366210938,69.70999908447266,70.43000030517578,7711700,0.0,0.0
2024-09-23 00:00:00-04:00,70.47000122070312,70.91999816894531,69.61000061035156,69.69999694824219,3301800,0.0,0.0
2024-09-24 00:00:00-04:00,69.86000061035156,70.0,68.55000305175781,68.66000366210938,3242500,0.0,0.0
2024-09-25 00:00:00-04:00,68.61000061035156,68.68000030517578,66.31999969482422,66.7300033569336,4131300,0.0,0.0
2024-09-26 00:00:00-04:00,67.0,67.70999908447266,66.33000183105469,67.52999877929688,3295200,0.0,0.0
2024-09-27 00:00:00-04:00,68.30000305175781,68.5999984741211,67.13999938964844,67.29000091552734,4247000,0.0,0.0
2024-09-30 00:00:00-04:00,67.7699966430664,68.2699966430664,66.5,67.04000091552734,4106000,0.0,0.0
2024-10-01 00:00:00-04:00,67.38999938964844,67.38999938964844,65.29000091552734,66.0,3937900,0.0,0.0
2024-10-02 00:00:00-04:00,65.69999694824219,67.19000244140625,64.76000213623047,67.0999984741211,3771600,0.0,0.0
2024-10-03 00:00:00-04:00,66.81999969482422,67.1500015258789,65.58000183105469,65.68000030517578,3457500,0.0,0.0
2024-10-04 00:00:00-04:00,66.44999694824219,68.98999786376953,66.22000122070312,68.11000061035156,6335600,0.0,0.0
2024-10-07 00:00:00-04:00,68.0999984741211,69.56999969482422,67.80999755859375,68.62000274658203,3605400,0.0,0.0
2024-10-08 00:00:00-04:00,68.86000061035156,69.62999725341797,68.56999969482422,69.43000030517578,3944400,0.0,0.0
2024-10-09 00:00:00-04:00,69.16999816894531,69.72000122070312,68.83000183105469,69.62000274658203,2625100,0.0,0.0
2024-10-10 00:00:00-04:00,69.16000366210938,70.0,68.56999969482422,69.55999755859375,4719400,0.0,0.0
2024-10-11 00:00:00-04:00,69.9800033569336,70.0199966430664,69.05999755859375,69.20999908447266,3942200,0.0,0.0
2024-10-14 00:00:00-04:00,69.80999755859375,69.80999755859375,68.19000244140625,69.18000030517578,3482900,0.0,0.0
2024-10-15 00:00:00-04:00,69.0,69.08999633789062,67.04000091552734,67.0999984741211,5620100,0.0,0.0
2024-10-16 00:00:00-04:00,67.58999633789062,69.95999908447266,67.58000183105469,69.9000015258789,4703600,0.0,0.0
2024-10-17 00:00:00-04:00,69.9000015258789,70.4000015258789,69.19999694824219,69.55000305175781,3801100,0.0,0.0
2024-10-18 00:00:00-04:00,69.5,72.4000015258789,69.26000213623047,72.37999725341797,3695200,0.0,0.0
2024-10-21 00:00:00-04:00,71.87000274658203,73.79000091552734,71.80999755859375,72.61000061035156,3233100,0.0,0.0
2024-10-22 00:00:00-04:00,72.0999984741211,73.12000274658203,71.83999633789062,73.08000183105469,2777900,0.0,0.0
2024-10-23 00:00:00-04:00,72.31999969482422,73.2300033569336,72.19999694824219,72.4800033569336,4293300,0.0,0.0
2024-10-24 00:00:00-04:00,73.20999908447266,75.12999725341797,73.02999877929688,74.8499984741211,9945200,0.0,0.0
2024-10-25 00:00:00-04:00,73.4000015258789,76.05999755859375,70.87999725341797,73.44000244140625,14562600,0.0,0.0
2024-10-28 00:00:00-04:00,73.4800033569336,74.5999984741211,71.5999984741211,72.0999984741211,5566400,0.0,0.0
2024-10-29 00:00:00-04:00,72.25,72.58000183105469,70.87999725341797,72.23999786376953,4164100,0.0,0.0
2024-10-30 00:00:00-04:00,72.0999984741211,72.55999755859375,71.08999633789062,71.80000305175781,3566800,0.0,0.0
2024-10-31 00:00:00-04:00,71.5,71.61000061035156,69.73999786376953,70.4800033569336,4043900,0.0,0.0
2024-11-01 00:00:00-04:00,70.0999984741211,71.08999633789062,69.87999725341797,70.3499984741211,2735100,0.0,0.0
2024-11-04 00:00:00-05:00,70.87999725341797,71.01000213623047,69.6500015258789,69.69999694824219,3058500,0.0,0.0
2024-11-05 00:00:00-05:00,69.69000244140625,69.69000244140625,68.37000274658203,69.0,3408100,0.0,0.0
2024-11-06 00:00:00-05:00,69.81999969482422,70.25,67.9000015258789,68.61000061035156,5193600,0.0,0.0
2024-11-07 00:00:00-05:00,68.79000091552734,68.9800033569336,67.69000244140625,68.91000366210938,4671400,0.0,0.0
2024-11-08 00:00:00-05:00,69.0,70.98999786376953,68.73999786376953,69.95999908447266,3153500,0.0,0.0
2024-11-11 00:00:00-05:00,70.06999969482422,72.04000091552734,69.62999725341797,70.30999755859375,4531900,0.0,0.0
2024-11-12 00:00:00-05:00,69.45999908447266,75.47000122070312,69.2300033569336,74.33999633789062,5469100,0.0,0.0
2024-11-13 00:00:00-05:00,74.45999908447266,74.55000305175781,71.83999633789062,72.52999877929688,4170400,0.0,0.0
2024-11-14 00:00:00-05:00,72.5999984741211,75.77999877929688,71.75,74.68000030517578,4517600,0.0,0.0
2024-11-15 00:00:00-05:00,75.51000213623047,78.11000061035156,75.12999725341797,75.87999725341797,6877900,0.0,0.0
2024-11-18 00:00:00-05:00,75.87999725341797,78.16000366210938,75.69000244140625,76.2699966430664,3898000,0.0,0.0
2024-11-19 00:00:00-05:00,75.69999694824219,76.61000061035156,74.6500015258789,74.87999725341797,3351900,0.0,0.0
2024-11-20 00:00:00-05:00,74.7300033569336,75.30999755859375,72.94000244140625,75.23999786376953,3077200,0.0,0.0
2024-11-21 00:00:00-05:00,74.83000183105469,75.76000213623047,74.13999938964844,74.45999908447266,3230900,0.0,0.0
2024-11-22 00:00:00-05:00,74.8499984741211,75.29000091552734,72.51000213623047,72.83000183105469,4562600,0.0,0.0
2024-11-25 00:00:00-05:00,74.19999694824219,78.22000122070312,73.2699966430664,77.83000183105469,6579300,0.0,0.0
2024-11-26 00:00:00-05:00,78.6500015258789,79.37999725341797,76.94000244140625,77.94000244140625,4142000,0.0,0.0
2024-11-27 00:00:00-05:00,78.43000030517578,78.62000274658203,77.18000030517578,78.0999984741211,2003000,0.0,0.0
2024-11-29 00:00:00-05:00,78.4000015258789,79.37000274658203,77.88999938964844,77.98999786376953,1510400,0.0,0.0
2024-12-02 00:00:00-05:00,78.19000244140625,80.18000030517578,77.5,79.30999755859375,3277600,0.0,0.0
2024-12-03 00:00:00-05:00,79.0,81.11000061035156,78.08999633789062,80.91000366210938,3609300,0.0,0.0
2024-12-04 00:00:00-05:00,80.86000061035156,82.26000213623047,80.69000244140625,81.01000213623047,3230000,0.0,0.0
2024-12-05 00:00:00-05:00,80.91000366210938,81.0,78.05999755859375,78.91999816894531,3275700,0.0,0.0
2024-12-06 00:00:00-05:00,79.20999908447266,79.5,77.33000183105469,77.72000122070312,2645400,0.0,0.0
2024-12-09 00:00:00-05:00,78.08999633789062,79.11000061035156,77.55000305175781,78.41000366210938,2287800,0.0,0.0
2024-12-10 00:00:00-05:00,78.79000091552734,80.9000015258789,77.9000015258789,79.41000366210938,2969500,0.0,0.0
2024-12-11 00:00:00-05:00,79.83000183105469,81.12000274658203,79.41000366210938,80.47000122070312,2913100,0.0,0.0
2024-12-12 00:00:00-05:00,80.18000030517578,80.95999908447266,77.83000183105469,78.93000030517578,3210000,0.0,0.0
2024-12-13 00:00:00-05:00,78.5999984741211,78.72000122070312,76.81999969482422,77.19000244140625,2956900,0.0,0.0
2024-12-16 00:00:00-05:00,76.87000274658203,77.41999816894531,75.05000305175781,76.41000366210938,4013200,0.0,0.0
2024-12-17 00:00:00-05:00,76.30000305175781,78.37999725341797,76.05000305175781,77.80000305175781,3613800,0.0,0.0
2024-12-18 00:00:00-05:00,77.26000213623047,77.56999969482422,75.2300033569336,75.26000213623047,2949400,0.0,0.0
2024-12-19 00:00:00-05:00,75.63999938964844,76.27999877929688,74.5,75.81999969482422,3815100,0.0,0.0
2024-12-20 00:00:00-05:00,75.47000122070312,81.51000213623047,75.47000122070312,80.04000091552734,11578500,0.0,0.0
2024-12-23 00:00:00-05:00,78.9000015258789,80.25,77.80000305175781,79.54000091552734,2389400,0.0,0.0
2024-12-24 00:00:00-05:00,79.55999755859375,80.83000183105469,78.58999633789062,80.23999786376953,1153100,0.0,0.0
2024-12-26 00:00:00-05:00,79.54000091552734,80.66999816894531,79.25,80.56999969482422,1350500,0.0,0.0
2024-12-27 00:00:00-05:00,80.02999877929688,80.5,79.62999725341797,80.23999786376953,1797800,0.0,0.0
2024-12-30 00:00:00-05:00,79.27999877929688,79.5999984741211,77.66999816894531,78.0,2753000,0.0,0.0
2024-12-31 00:00:00-05:00,78.62000274658203,78.77999877929688,77.33000183105469,77.7699966430664,1966000,0.0,0.0
2025-01-02 00:00:00-05:00,77.87000274658203,79.97000122070312,77.66000366210938,78.5,2243400,0.0,0.0
2025-01-03 00:00:00-05:00,79.0,81.22000122070312,78.5199966430664,81.06999969482422,2684400,0.0,0.0
2025-01-06 00:00:00-05:00,81.94999694824219,82.66000366210938,79.63999938964844,79.87999725341797,3441100,0.0,0.0
2025-01-07 00:00:00-05:00,80.45999908447266,80.94999694824219,79.11000061035156,79.3499984741211,2428800,0.0,0.0
2025-01-08 00:00:00-05:00,79.0999984741211,80.69999694824219,78.8499984741211,80.08999633789062,2423000,0.0,0.0
2025-01-10 00:00:00-05:00,79.5,79.63999938964844,76.86000061035156,77.76000213623047,4716900,0.0,0.0
2025-01-13 00:00:00-05:00,82.0,82.23999786376953,73.62000274658203,79.83999633789062,5520300,0.0,0.0
2025-01-14 00:00:00-05:00,80.63999938964844,80.69999694824219,77.0999984741211,79.16999816894531,4112900,0.0,0.0
2025-01-15 00:00:00-05:00,80.16999816894531,82.29000091552734,80.05000305175781,80.4000015258789,4770900,0.0,0.0
2025-01-16 00:00:00-05:00,83.0,85.48999786376953,82.44000244140625,84.83999633789062,6002000,0.0,0.0
2025-01-17 00:00:00-05:00,86.31999969482422,86.33000183105469,83.88999938964844,84.37999725341797,5135600,0.0,0.0
2025-01-21 00:00:00-05:00,86.2699966430664,87.05000305175781,85.06999969482422,86.31999969482422,4057500,0.0,0.0
2025-01-22 00:00:00-05:00,85.8499984741211,88.20999908447266,85.72000122070312,87.08999633789062,3175400,0.0,0.0
2025-01-23 00:00:00-05:00,87.0199966430664,87.86000061035156,86.62000274658203,87.69999694824219,3991200,0.0,0.0
2025-01-24 00:00:00-05:00,88.0,88.87000274658203,87.16000366210938,88.75,3256200,0.0,0.0
2025-01-27 00:00:00-05:00,88.58000183105469,89.58999633789062,87.3499984741211,87.52999877929688,3206200,0.0,0.0
2025-01-28 00:00:00-05:00,87.01000213623047,89.0,86.6500015258789,88.3499984741211,3408000,0.0,0.0
2025-01-29 00:00:00-05:00,88.1500015258789,88.30999755859375,86.04000091552734,86.43000030517578,2639200,0.0,0.0
2025-01-30 00:00:00-05:00,86.61000061035156,88.69999694824219,86.61000061035156,87.62000274658203,2159700,0.0,0.0
2025-01-31 00:00:00-05:00,86.87000274658203,88.29000091552734,86.58999633789062,86.83000183105469,2339300,0.0,0.0
2025-02-03 00:00:00-05:00,88.0,88.41999816894531,86.79000091552734,87.05000305175781,2177700,0.0,0.0
2025-02-04 00:00:00-05:00,85.0,87.94999694824219,85.0,87.45999908447266,2078700,0.0,0.0
2025-02-05 00:00:00-05:00,87.45999908447266,88.86000061035156,87.01000213623047,88.77999877929688,2011300,0.0,0.0
2025-02-06 00:00:00-05:00,88.8499984741211,89.58000183105469,87.66000366210938,88.31999969482422,2472100,0.0,0.0
2025-02-07 00:00:00-05:00,88.5199966430664,88.72000122070312,87.5999984741211,88.08000183105469,2928600,0.0,0.0
2025-02-10 00:00:00-05:00,88.37999725341797,88.43000030517578,85.5999984741211,88.2699966430664,3006600,0.0,0.0
2025-02-11 00:00:00-05:00,87.5199966430664,88.0199966430664,86.27999877929688,86.37999725341797,2585900,0.0,0.0
2025-02-12 00:00:00-05:00,85.06999969482422,85.29000091552734,83.77999877929688,83.87000274658203,4111700,0.0,0.0
2025-02-13 00:00:00-05:00,83.95999908447266,84.58000183105469,83.19999694824219,84.08999633789062,6821200,0.0,0.0
2025-02-14 00:00:00-05:00,86.02999877929688,89.83999633789062,86.0,89.06999969482422,7591700,0.0,0.0
2025-02-18 00:00:00-05:00,90.0,93.25,89.56999969482422,90.52999877929688,5693400,0.0,0.0
2025-02-19 00:00:00-05:00,90.7699966430664,91.73999786376953,89.12000274658203,89.68000030517578,3251700,0.0,0.0
2025-02-20 00:00:00-05:00,89.44999694824219,89.83999633789062,88.36000061035156,89.33999633789062,3340300,0.0,0.0
2025-02-21 00:00:00-05:00,88.5999984741211,89.87000274658203,87.55999755859375,88.77999877929688,3729500,0.0,0.0
2025-02-24 00:00:00-05:00,88.81999969482422,91.22000122070312,88.5,90.75,4021300,0.0,0.0
2025-02-25 00:00:00-05:00,90.70999908447266,91.87000274658203,87.93000030517578,88.31999969482422,3488400,0.0,0.0
2025-02-26 00:00:00-05:00,87.68000030517578,90.66000366210938,86.41000366210938,89.91000366210938,3052000,0.0,0.0
2025-02-27 00:00:00-05:00,89.44000244140625,90.0,87.7300033569336,87.80999755859375,2484400,0.0,0.0
2025-02-28 00:00:00-05:00,87.83999633789062,88.5999984741211,86.79000091552734,88.37000274658203,4965800,0.0,0.0
2025-03-03 00:00:00-05:00,88.66999816894531,88.73999786376953,85.63999938964844,85.98999786376953,3910400,0.0,0.0
2025-03-04 00:00:00-05:00,85.76000213623047,86.13999938964844,81.7699966430664,82.41999816894531,5574600,0.0,0.0
2025-03-05 00:00:00-05:00,82.61000061035156,83.54000091552734,81.5,81.95999908447266,3343200,0.0,0.0
2025-03-06 00:00:00-05:00,80.44000244140625,81.75,79.08999633789062,79.51000213623047,5366400,0.0,0.0
2025-03-07 00:00:00-05:00,79.51000213623047,80.31999969482422,76.81999969482422,77.83999633789062,3882500,0.0,0.0
2025-03-10 00:00:00-04:00,74.73999786376953,74.91999816894531,70.47000122070312,70.72000122070312,8340200,0.0,0.0
2025-03-11 00:00:00-04:00,71.1500015258789,71.44999694824219,69.0199966430664,70.26000213623047,6058900,0.0,0.0
2025-03-12 00:00:00-04:00,71.18000030517578,72.30000305175781,69.86000061035156,70.76000213623047,5172900,0.0,0.0
2025-03-13 00:00:00-04:00,70.69999694824219,70.72000122070312,68.30000305175781,68.4800033569336,3360500,0.0,0.0
2025-03-14 00:00:00-04:00,68.58999633789062,70.7699966430664,68.58999633789062,70.69000244140625,4901900,0.0,0.0
2025-03-17 00:00:00-04:00,70.33000183105469,72.19999694824219,70.30000305175781,71.3499984741211,3626700,0.0,0.0
2025-03-18 00:00:00-04:00,71.25,71.3499984741211,69.91999816894531,70.69999694824219,2604000,0.0,0.0
2025-03-19 00:00:00-04:00,70.70999908447266,74.41999816894531,70.70999908447266,73.37999725341797,4303200,0.0,0.0
2025-03-20 00:00:00-04:00,72.9000015258789,76.2699966430664,72.5199966430664,75.11000061035156,3588300,0.0,0.0
2025-03-21 00:00:00-04:00,74.16999816894531,74.48999786376953,72.7300033569336,73.80000305175781,5560900,0.0,0.0
2025-03-24 00:00:00-04:00,75.05000305175781,75.80999755859375,74.5999984741211,75.31999969482422,2692800,0.0,0.0
2025-03-25 00:00:00-04:00,75.23999786376953,76.01000213623047,72.5199966430664,73.55000305175781,3240400,0.0,0.0
2025-03-26 00:00:00-04:00,73.25,73.4000015258789,71.47000122070312,72.12999725341797,3271300,0.0,0.0
2025-03-27 00:00:00-04:00,71.9800033569336,72.47000122070312,69.41000366210938,69.47000122070312,5523800,0.0,0.0
2025-03-28 00:00:00-04:00,69.5,69.88999938964844,67.37000274658203,67.73999786376953,4680800,0.0,0.0
2025-03-31 00:00:00-04:00,67.22000122070312,68.75,66.25,68.29000091552734,5617500,0.0,0.0
2025-04-01 00:00:00-04:00,67.8499984741211,68.4000015258789,66.30000305175781,67.31999969482422,3216500,0.0,0.0
2025-04-02 00:00:00-04:00,66.31999969482422,68.5199966430664,66.31999969482422,68.13999938964844,2561900,0.0,0.0
2025-04-03 00:00:00-04:00,64.88999938964844,65.01000213623047,61.47999954223633,61.79999923706055,5404500,0.0,0.0
2025-04-04 00:00:00-04:00,59.630001068115234,61.04999923706055,57.52000045776367,59.83000183105469,6552500,0.0,0.0
2025-04-07 00:00:00-04:00,58.029998779296875,62.900001525878906,58.0,61.630001068115234,8396100,0.0,0.0
2025-04-08 00:00:00-04:00,62.5,63.88999938964844,59.970001220703125,60.689998626708984,5576400,0.0,0.0
2025-04-09 00:00:00-04:00,60.09000015258789,67.62999725341797,59.619998931884766,66.83999633789062,6697700,0.0,0.0
2025-04-10 00:00:00-04:00,72.80000305175781,73.5,66.45999908447266,67.30000305175781,8912100,0.0,0.0
2025-04-11 00:00:00-04:00,67.2300033569336,67.66000366210938,64.98999786376953,66.13999938964844,4788600,0.0,0.0
2025-04-14 00:00:00-04:00,67.27999877929688,68.06999969482422,66.41000366210938,67.38999938964844,3644400,0.0,0.0
2025-04-15 00:00:00-04:00,67.4000015258789,69.31999969482422,66.9800033569336,69.2300033569336,4615100,0.0,0.0
2025-04-16 00:00:00-04:00,68.83999633789062,69.69000244140625,67.75,68.7300033569336,4273600,0.0,0.0
2025-04-17 00:00:00-04:00,67.0,68.77999877929688,66.52999877929688,68.56999969482422,3702700,0.0,0.0
2025-04-21 00:00:00-04:00,68.06999969482422,68.12000274658203,65.11000061035156,66.11000061035156,4023300,0.0,0.0
2025-04-22 00:00:00-04:00,67.08999633789062,67.30999755859375,65.52999877929688,66.33000183105469,4142200,0.0,0.0
2025-04-23 00:00:00-04:00,68.44999694824219,70.20999908447266,66.80000305175781,66.86000061035156,4522400,0.0,0.0
2025-04-24 00:00:00-04:00,67.79000091552734,70.9800033569336,67.55000305175781,70.77999877929688,3922800,0.0,0.0
2025-04-25 00:00:00-04:00,70.8499984741211,72.27999877929688,70.36000061035156,71.66000366210938,2858000,0.0,0.0
2025-04-28 00:00:00-04:00,72.2699966430664,72.5999984741211,70.56999969482422,71.18000030517578,2782800,0.0,0.0
2025-04-29 00:00:00-04:00,71.27999877929688,71.45999908447266,70.29000091552734,71.30000305175781,2332000,0.0,0.0
2025-04-30 00:00:00-04:00,70.66999816894531,71.56999969482422,69.75,71.37999725341797,2859800,0.0,0.0
2025-05-01 00:00:00-04:00,71.37999725341797,71.70999908447266,69.69999694824219,70.26000213623047,6874500,0.0,0.0
2025-05-02 00:00:00-04:00,75.26000213623047,81.87999725341797,74.95999908447266,81.62000274658203,10696500,0.0,0.0
2025-05-05 00:00:00-04:00,81.6500015258789,81.95999908447266,80.0,80.2699966430664,5371400,0.0,0.0
2025-05-06 00:00:00-04:00,79.5199966430664,82.4800033569336,78.55000305175781,81.52999877929688,5205000,0.0,0.0
2025-05-07 00:00:00-04:00,81.52999877929688,83.9000015258789,80.5,83.3499984741211,3944600,0.0,0.0
2025-05-08 00:00:00-04:00,84.0,85.73999786376953,83.4800033569336,85.33999633789062,6159400,0.0,0.0
2025-05-09 00:00:00-04:00,84.77999877929688,85.70999908447266,84.2300033569336,84.66999816894531,3349000,0.0,0.0
2025-05-12 00:00:00-04:00,87.0199966430664,87.0199966430664,84.30999755859375,85.05000305175781,4029800,0.0,0.0
2025-05-13 00:00:00-04:00,84.73999786376953,85.54000091552734,83.83999633789062,84.11000061035156,5514200,0.0,0.0
2025-05-14 00:00:00-04:00,83.63999938964844,86.56999969482422,83.63999938964844,86.5199966430664,3828400,0.0,0.0
2025-05-15 00:00:00-04:00,86.20999908447266,86.8499984741211,84.76000213623047,85.66999816894531,2892200,0.0,0.0
2025-05-16 00:00:00-04:00,85.87999725341797,86.0,84.68000030517578,85.4800033569336,3397900,0.0,0.0
2025-05-19 00:00:00-04:00,84.66999816894531,86.98999786376953,84.33999633789062,86.95999908447266,2366300,0.0,0.0
2025-05-20 00:00:00-04:00,86.20999908447266,87.6500015258789,85.87999725341797,87.33999633789062,2743300,0.0,0.0
2025-05-21 00:00:00-04:00,86.43000030517578,87.0,84.5,84.88999938964844,2673200,0.0,0.0
2025-05-22 00:00:00-04:00,84.9000015258789,85.30999755859375,84.27999877929688,84.83000183105469,1693900,0.0,0.0
2025-05-23 00:00:00-04:00,83.94000244140625,85.01000213623047,83.4800033569336,84.51000213623047,2599300,0.0,0.0
2025-05-27 00:00:00-04:00,85.44000244140625,85.69999694824219,84.5999984741211,85.33000183105469,2034100,0.0,0.0
2025-05-28 00:00:00-04:00,85.23999786376953,87.5999984741211,85.23999786376953,86.9800033569336,2862700,0.0,0.0
2025-05-29 00:00:00-04:00,87.6500015258789,87.66999816894531,84.51000213623047,84.86000061035156,3694200,0.0,0.0
2025-05-30 00:00:00-04:00,86.76000213623047,86.80000305175781,84.8499984741211,85.80000305175781,4257100,0.0,0.0
2025-06-02 00:00:00-04:00,85.44000244140625,85.87999725341797,84.0999984741211,85.51000213623047,2524300,0.0,0.0
2025-06-03 00:00:00-04:00,85.48999786376953,87.33000183105469,84.5,86.79000091552734,2423000,0.0,0.0
2025-06-04 00:00:00-04:00,86.87000274658203,87.23999786376953,85.58999633789062,85.61000061035156,1858000,0.0,0.0
2025-06-05 00:00:00-04:00,85.77999877929688,86.54000091552734,84.87000274658203,85.73999786376953,2394700,0.0,0.0
2025-06-06 00:00:00-04:00,86.7300033569336,87.91000366210938,85.83000183105469,86.66999816894531,2422600,0.0,0.0
2025-06-09 00:00:00-04:00,86.91000366210938,86.94000244140625,85.08999633789062,85.68000030517578,2072800,0.0,0.0
2025-06-10 00:00:00-04:00,86.05000305175781,86.44999694824219,84.30999755859375,84.81999969482422,2246900,0.0,0.0
2025-06-11 00:00:00-04:00,85.01000213623047,85.48999786376953,82.9000015258789,82.98999786376953,3246300,0.0,0.0
2025-06-12 00:00:00-04:00,83.08999633789062,83.61000061035156,82.0199966430664,82.8499984741211,2805300,0.0,0.0
2025-06-13 00:00:00-04:00,81.69000244140625,83.16999816894531,81.38999938964844,81.98999786376953,2904100,0.0,0.0
2025-06-16 00:00:00-04:00,82.80000305175781,83.69999694824219,82.2699966430664,83.0,3446200,0.0,0.0
2025-06-17 00:00:00-04:00,82.66999816894531,83.3499984741211,81.61000061035156,81.83000183105469,2685600,0.0,0.0
2025-06-18 00:00:00-04:00,82.01000213623047,82.43000030517578,80.2300033569336,81.01000213623047,4738200,0.0,0.0
2025-06-20 00:00:00-04:00,81.5999984741211,82.05999755859375,79.61000061035156,80.0,5238500,0.0,0.0
2025-06-23 00:00:00-04:00,79.98999786376953,80.31999969482422,77.80999755859375,79.83999633789062,5672400,0.0,0.0
2025-06-24 00:00:00-04:00,80.30999755859375,88.31999969482422,79.4000015258789,87.56999969482422,10201000,0.0,0.0
2025-06-25 00:00:00-04:00,87.55000305175781,87.75,84.4000015258789,84.68000030517578,4435200,0.0,0.0
2025-06-26 00:00:00-04:00,84.94999694824219,86.06999969482422,84.80000305175781,85.04000091552734,2456000,0.0,0.0
2025-06-27 00:00:00-04:00,85.0,87.4800033569336,84.83999633789062,86.33000183105469,4632500,0.0,0.0
2025-06-30 00:00:00-04:00,85.7699966430664,87.48999786376953,85.55999755859375,87.29000091552734,2724400,0.0,0.0
2025-07-01 00:00:00-04:00,83.18000030517578,85.62000274658203,82.75,83.58000183105469,5589600,0.0,0.0
2025-07-02 00:00:00-04:00,83.26000213623047,84.7300033569336,82.79000091552734,83.58000183105469,2867000,0.0,0.0
2025-07-03 00:00:00-04:00,83.69999694824219,84.48999786376953,82.58000183105469,82.93000030517578,1841100,0.0,0.0
2025-07-07 00:00:00-04:00,82.83999633789062,83.80999755859375,82.5,82.94000244140625,2782200,0.0,0.0
2025-07-08 00:00:00-04:00,83.13999938964844,84.45999908447266,82.91999816894531,83.76000213623047,3038000,0.0,0.0
2025-07-09 00:00:00-04:00,84.13999938964844,85.19999694824219,82.7300033569336,84.87000274658203,2692600,0.0,0.0
2025-07-10 00:00:00-04:00,85.23999786376953,85.91999816894531,84.05999755859375,85.45999908447266,3669900,0.0,0.0
2025-07-11 00:00:00-04:00,85.33000183105469,85.3499984741211,83.05000305175781,83.37000274658203,2328000,0.0,0.0
2025-07-14 00:00:00-04:00,83.41999816894531,85.61000061035156,82.95999908447266,85.33000183105469,2384100,0.0,0.0
2025-07-15 00:00:00-04:00,86.02999877929688,86.13999938964844,84.66999816894531,84.77999877929688,2128100,0.0,0.0
2025-07-16 00:00:00-04:00,85.48999786376953,85.56999969482422,83.8499984741211,84.12999725341797,2353200,0.0,0.0
2025-07-17 00:00:00-04:00,84.08999633789062,85.9000015258789,83.54000091552734,84.0999984741211,4777300,0.0,0.0
2025-07-18 00:00:00-04:00,84.69999694824219,84.77999877929688,83.2300033569336,83.88999938964844,2616500,0.0,0.0
2025-07-21 00:00:00-04:00,83.95999908447266,84.5,83.30000305175781,84.02999877929688,2093700,0.0,0.0
2025-07-22 00:00:00-04:00,84.48999786376953,85.6500015258789,84.25,85.12000274658203,1971400,0.0,0.0
2025-07-23 00:00:00-04:00,86.19000244140625,86.77999877929688,85.48999786376953,86.43000030517578,2188200,0.0,0.0
2025-07-24 00:00:00-04:00,86.54000091552734,87.13999938964844,86.05999755859375,86.73999786376953,1994400,0.0,0.0
2025-07-25 00:00:00-04:00,87.22000122070312,89.06999969482422,86.69000244140625,88.98999786376953,3072100,0.0,0.0
2025-07-28 00:00:00-04:00,88.98999786376953,89.76000213623047,88.62999725341797,89.52999877929688,2700600,0.0,0.0
2025-07-29 00:00:00-04:00,89.63999938964844,89.95999908447266,88.97000122070312,89.3499984741211,2472200,0.0,0.0
2025-07-30 00:00:00-04:00,89.3499984741211,89.9800033569336,88.30000305175781,89.05999755859375,4522200,0.0,0.0
2025-07-31 00:00:00-04:00,85.69999694824219,87.0,80.45999908447266,80.7699966430664,9282500,0.0,0.0
2025-08-01 00:00:00-04:00,80.56999969482422,80.86000061035156,78.93000030517578,79.27999877929688,5238300,0.0,0.0
2025-08-04 00:00:00-04:00,79.9000015258789,80.22000122070312,75.94000244140625,76.25,6537500,0.0,0.0
2025-08-05 00:00:00-04:00,76.30000305175781,76.52999877929688,74.87999725341797,75.45999908447266,5633100,0.0,0.0
2025-08-06 00:00:00-04:00,75.4800033569336,77.94999694824219,74.80000305175781,76.4000015258789,4843300,0.0,0.0
2025-08-07 00:00:00-04:00,77.12000274658203,77.94999694824219,75.58999633789062,76.4000015258789,3084000,0.0,0.0
2025-08-08 00:00:00-04:00,76.2699966430664,79.05000305175781,76.2699966430664,78.86000061035156,3865800,0.0,0.0
2025-08-11 00:00:00-04:00,78.73999786376953,79.22000122070312,77.5999984741211,77.8499984741211,4224200,0.0,0.0
2025-08-12 00:00:00-04:00,78.5,80.36000061035156,78.1500015258789,80.16999816894531,3599400,0.0,0.0
2025-08-13 00:00:00-04:00,80.66999816894531,81.55999755859375,79.87000274658203,79.95999908447266,4278200,0.0,0.0
2025-08-14 00:00:00-04:00,79.73999786376953,80.20999908447266,78.86000061035156,79.95999908447266,2291800,0.0,0.0
2025-08-15 00:00:00-04:00,80.29000091552734,82.04000091552734,80.29000091552734,80.94999694824219,2232900,0.0,0.0
2025-08-18 00:00:00-04:00,80.93000030517578,81.73999786376953,80.31999969482422,80.81999969482422,2976800,0.0,0.0
2025-08-19 00:00:00-04:00,80.68000030517578,81.41999816894531,80.31999969482422,80.9000015258789,2267900,0.0,0.0
2025-08-20 00:00:00-04:00,80.7699966430664,82.05000305175781,80.43000030517578,81.66999816894531,3584200,0.0,0.0
2025-08-21 00:00:00-04:00,81.44999694824219,81.93000030517578,79.83000183105469,80.62000274658203,3470000,0.0,0.0
2025-08-22 00:00:00-04:00,81.01000213623047,82.36000061035156,80.47000122070312,82.26000213623047,3666900,0.0,0.0
2025-08-25 00:00:00-04:00,81.70999908447266,82.19999694824219,75.88999938964844,75.95999908447266,6534600,0.0,0.0
2025-08-26 00:00:00-04:00,76.25,76.88999938964844,75.72000122070312,76.12000274658203,4840800,0.0,0.0
2025-08-27 00:00:00-04:00,75.80000305175781,76.97000122070312,74.73999786376953,76.37999725341797,4576300,0.0,0.0
2025-08-28 00:00:00-04:00,76.26000213623047,76.36000061035156,74.20999908447266,75.08000183105469,5969400,0.0,0.0
2025-08-29 00:00:00-04:00,75.08000183105469,75.80000305175781,74.54000091552734,75.33999633789062,2921900,0.0,0.0
2025-09-02 00:00:00-04:00,74.16999816894531,75.11000061035156,73.47000122070312,74.30000305175781,4469400,0.0,0.0
2025-09-03 00:00:00-04:00,74.31999969482422,79.51000213623047,74.0,78.91999816894531,6702600,0.0,0.0
2025-09-04 00:00:00-04:00,79.19999694824219,81.63999938964844,78.68000030517578,80.76000213623047,4977500,0.0,0.0
2025-09-05 00:00:00-04:00,80.87999725341797,81.5999984741211,79.4800033569336,80.51000213623047,2718200,0.0,0.0
2025-09-08 00:00:00-04:00,79.3499984741211,79.6500015258789,77.73999786376953,78.0,4101000,0.0,0.0
2025-09-09 00:00:00-04:00,77.61000061035156,79.19999694824219,77.61000061035156,78.4000015258789,2503800,0.0,0.0
2025-09-10 00:00:00-04:00,77.97000122070312,78.27999877929688,75.55999755859375,76.0,4889700,0.0,0.0
2025-09-11 00:00:00-04:00,76.23999786376953,77.93000030517578,75.8499984741211,76.0,6353000,0.0,0.0
2025-09-12 00:00:00-04:00,75.7699966430664,76.69000244140625,75.38999938964844,76.22000122070312,3054600,0.0,0.0
2025-09-15 00:00:00-04:00,76.44000244140625,78.95999908447266,75.52999877929688,75.58000183105469,3861300,0.0,0.0
2025-09-16 00:00:00-04:00,75.79000091552734,77.7300033569336,75.5999984741211,76.55000305175781,4300500,0.0,0.0
2025-09-17 00:00:00-04:00,76.98999786376953,77.83999633789062,75.55000305175781,76.44000244140625,7422200,0.0,0.0
2025-09-18 00:00:00-04:00,72.93000030517578,75.95999908447266,71.80000305175781,75.77999877929688,9237000,0.0,0.0
2025-09-19 00:00:00-04:00,75.0,75.18000030517578,66.9000015258789,67.44999694824219,20848700,0.0,0.0
2025-09-22 00:00:00-04:00,67.69000244140625,70.5,66.56999969482422,69.51000213623047,11279300,0.0,0.0
2025-09-23 00:00:00-04:00,69.01000213623047,69.9800033569336,68.02999877929688,68.19999694824219,6156000,0.0,0.0
2025-09-24 00:00:00-04:00,68.2699966430664,70.18000030517578,67.13999938964844,67.5,6904900,0.0,0.0
2025-09-25 00:00:00-04:00,66.69999694824219,68.56999969482422,65.5,68.30000305175781,6570200,0.0,0.0
2025-09-26 00:00:00-04:00,68.05000305175781,69.25,66.70999908447266,67.0999984741211,7431500,0.0,0.0
2025-09-29 00:00:00-04:00,67.33999633789062,67.37000274658203,65.18000030517578,66.45999908447266,5868000,0.0,0.0
2025-09-30 00:00:00-04:00,66.69999694824219,67.61000061035156,66.18000030517578,67.29000091552734,3793400,0.0,0.0
2025-10-01 00:00:00-04:00,67.20999908447266,67.86000061035156,63.529998779296875,66.08000183105469,7619500,0.0,0.0
2025-10-02 00:00:00-04:00,65.79000091552734,66.81999969482422,64.66999816894531,66.44000244140625,4891600,0.0,0.0
2025-10-03 00:00:00-04:00,66.77999877929688,67.62999725341797,66.37000274658203,67.05000305175781,4440100,0.0,0.0
2025-10-06 00:00:00-04:00,67.9000015258789,68.0,66.12000274658203,66.36000061035156,5931300,0.0,0.0
2025-10-07 00:00:00-04:00,66.7699966430664,67.43000030517578,65.87999725341797,66.02999877929688,3703600,0.0,0.0
2025-10-08 00:00:00-04:00,65.95999908447266,67.87999725341797,64.9000015258789,67.77999877929688,5947200,0.0,0.0
2025-10-09 00:00:00-04:00,67.55999755859375,69.0,67.23999786376953,68.08000183105469,3345100,0.0,0.0
2025-10-10 00:00:00-04:00,68.1500015258789,68.5,65.02999877929688,65.12000274658203,3502900,0.0,0.0
2025-10-13 00:00:00-04:00,65.98999786376953,66.37000274658203,64.93000030517578,65.19999694824219,3379900,0.0,0.0
2025-10-14 00:00:00-04:00,63.849998474121094,67.29000091552734,63.20000076293945,66.20999908447266,5726700,0.0,0.0
2025-10-15 00:00:00-04:00,66.3499984741211,66.61000061035156,64.9000015258789,65.41000366210938,3333700,0.0,0.0
2025-10-16 00:00:00-04:00,66.0,66.68000030517578,64.98999786376953,66.33000183105469,3956500,0.0,0.0
2025-10-17 00:00:00-04:00,66.26000213623047,66.8499984741211,65.41000366210938,66.5999984741211,3516500,0.0,0.0
2025-10-20 00:00:00-04:00,67.05000305175781,68.47000122070312,66.69999694824219,68.43000030517578,4724700,0.0,0.0
2025-10-21 00:00:00-04:00,68.68000030517578,69.83000183105469,67.98999786376953,69.75,4481100,0.0,0.0
2025-10-22 00:00:00-04:00,70.44000244140625,71.98999786376953,69.75,70.69999694824219,4156800,0.0,0.0
2025-10-23 00:00:00-04:00,70.69999694824219,71.5,70.11000061035156,71.05999755859375,2856200,0.0,0.0
2025-10-24 00:00:00-04:00,71.13999938964844,72.08000183105469,70.30999755859375,70.33000183105469,3161800,0.0,0.0
2025-10-27 00:00:00-04:00,70.87000274658203,71.12000274658203,69.81999969482422,70.62999725341797,2908900,0.0,0.0
2025-10-28 00:00:00-04:00,70.66999816894531,70.66999816894531,66.41999816894531,69.2300033569336,8687500,0.0,0.0
2025-10-29 00:00:00-04:00,68.91999816894531,69.0999984741211,67.80000305175781,68.18000030517578,4434800,0.0,0.0
2025-10-30 00:00:00-04:00,68.36000061035156,69.16999816894531,68.0,68.19999694824219,7250700,0.0,0.0
2025-10-31 00:00:00-04:00,59.189998626708984,60.36000061035156,56.45000076293945,58.220001220703125,26557700,0.0,0.0
2025-11-03 00:00:00-05:00,58.54999923706055,61.150001525878906,58.5,60.43000030517578,17887200,0.0,0.0
2025-11-04 00:00:00-05:00,61.09000015258789,62.38999938964844,58.880001068115234,61.18000030517578,11623100,0.0,0.0
2025-11-05 00:00:00-05:00,60.95000076293945,60.95000076293945,58.34000015258789,59.279998779296875,8967400,0.0,0.0
2025-11-06 00:00:00-05:00,58.970001220703125,60.0,56.88999938964844,58.02000045776367,8984500,0.0,0.0
2025-11-07 00:00:00-05:00,58.02000045776367,58.25,54.11000061035156,55.0,10943900,0.0,0.0
2025-11-10 00:00:00-05:00,55.15999984741211,55.900001525878906,54.20000076293945,54.84000015258789,8877600,0.0,0.0
2025-11-11 00:00:00-05:00,56.290000915527344,58.86000061035156,55.84000015258789,58.130001068115234,9740700,0.0,0.0
2025-11-12 00:00:00-05:00,58.06999969482422,59.790000915527344,57.5099983215332,59.61000061035156,6845200,0.0,0.0
2025-11-13 00:00:00-05:00,59.20000076293945,60.849998474121094,59.20000076293945,59.720001220703125,6824000,0.0,0.0
2025-11-14 00:00:00-05:00,59.04999923706055,59.470001220703125,57.91999816894531,58.060001373291016,5375000,0.0,0.0
2025-11-17 00:00:00-05:00,58.11000061035156,59.150001525878906,57.20000076293945,58.4900016784668,6047700,0.0,0.0
2025-11-18 00:00:00-05:00,58.349998474121094,60.47999954223633,58.13999938964844,60.16999816894531,6688600,0.0,0.0
2025-11-19 00:00:00-05:00,59.779998779296875,60.33000183105469,59.15999984741211,59.72999954223633,6353100,0.0,0.0
2025-11-20 00:00:00-05:00,59.720001220703125,60.7599983215332,58.290000915527344,58.41999816894531,4820900,0.0,0.0
2025-11-21 00:00:00-05:00,58.5,61.150001525878906,58.36000061035156,60.22999954223633,5453400,0.0,0.0
2025-11-24 00:00:00-05:00,60.380001068115234,62.849998474121094,60.06999969482422,62.209999084472656,6298000,0.0,0.0
2025-11-25 00:00:00-05:00,61.9900016784668,64.0,61.43000030517578,61.689998626708984,6759200,0.0,0.0
2025-11-26 00:00:00-05:00,61.36000061035156,63.09000015258789,61.08000183105469,62.529998779296875,3665300,0.0,0.0
2025-11-28 00:00:00-05:00,62.56999969482422,63.95000076293945,62.22999954223633,63.470001220703125,2254800,0.0,0.0
2025-12-01 00:00:00-05:00,62.790000915527344,63.97999954223633,62.31999969482422,63.52000045776367,5209200,0.0,0.0
2025-12-02 00:00:00-05:00,65.08999633789062,65.31999969482422,64.36000061035156,64.44999694824219,4799400,0.0,0.0
2025-12-03 00:00:00-05:00,64.43000030517578,65.16000366210938,64.08999633789062,64.8499984741211,3710800,0.0,0.0
2025-12-04 00:00:00-05:00,65.12999725341797,65.33999633789062,64.08999633789062,65.25,3484300,0.0,0.0
2025-12-05 00:00:00-05:00,65.37999725341797,66.75,65.1500015258789,65.48999786376953,3854600,0.0,0.0
2025-12-08 00:00:00-05:00,65.26000213623047,66.04000091552734,64.0,65.62000274658203,4681300,0.0,0.0
2025-12-09 00:00:00-05:00,65.5999984741211,66.7699966430664,64.4000015258789,66.33000183105469,5136000,0.0,0.0
2025-12-10 00:00:00-05:00,66.48999786376953,68.22000122070312,65.61000061035156,67.55999755859375,8527600,0.0,0.0
2025-12-11 00:00:00-05:00,67.9800033569336,69.7699966430664,67.52999877929688,68.94000244140625,6926600,0.0,0.0
2025-12-12 00:00:00-05:00,69.02999877929688,69.30999755859375,66.68000030517578,66.95999908447266,6833000,0.0,0.0
2025-12-15 00:00:00-05:00,67.41999816894531,67.75,65.36000061035156,65.7300033569336,7428700,0.0,0.0
2025-12-16 00:00:00-05:00,66.3499984741211,67.0,65.19999694824219,66.37000274658203,4630200,0.0,0.0
2025-12-17 00:00:00-05:00,66.18000030517578,68.19000244140625,65.62999725341797,65.75,5235300,0.0,0.0
2025-12-18 00:00:00-05:00,66.30999755859375,66.66999816894531,65.55999755859375,65.91000366210938,3922600,0.0,0.0
2025-12-19 00:00:00-05:00,66.44999694824219,66.87000274658203,65.63999938964844,66.05999755859375,10644400,0.0,0.0
2025-12-22 00:00:00-05:00,66.16000366210938,67.94999694824219,66.12000274658203,67.43000030517578,3950500,0.0,0.0
2025-12-23 00:00:00-05:00,67.36000061035156,67.4000015258789,66.3499984741211,66.86000061035156,2818300,0.0,0.0
2025-12-24 00:00:00-05:00,66.91999816894531,67.51000213623047,66.75,67.41999816894531,948100,0.0,0.0
2025-12-26 00:00:00-05:00,67.44999694824219,67.66000366210938,67.0,67.56999969482422,1411800,0.0,0.0
2025-12-29 00:00:00-05:00,67.58999633789062,68.18000030517578,67.12000274658203,67.47000122070312,2708500,0.0,0.0
2025-12-30 00:00:00-05:00,67.36000061035156,67.70999908447266,66.86000061035156,67.05999755859375,2252300,0.0,0.0
2025-12-31 00:00:00-05:00,67.0999984741211,67.1500015258789,66.0,66.37000274658203,2065100,0.0,0.0
2026-01-02 00:00:00-05:00,66.62999725341797,67.48999786376953,66.12000274658203,66.54000091552734,2893200,0.0,0.0
2026-01-05 00:00:00-05:00,66.63999938964844,67.94000244140625,65.19000244140625,67.6500015258789,5200800,0.0,0.0
2026-01-06 00:00:00-05:00,67.6500015258789,70.27999877929688,67.30000305175781,69.88999938964844,3973700,0.0,0.0
2026-01-07 00:00:00-05:00,69.76000213623047,70.91999816894531,69.12000274658203,70.0999984741211,5080600,0.0,0.0
2026-01-08 00:00:00-05:00,69.33000183105469,69.83999633789062,67.30000305175781,68.43000030517578,4564600,0.0,0.0
2026-01-09 00:00:00-05:00,68.61000061035156,68.88999938964844,65.5999984741211,67.4000015258789,7876500,0.0,0.0
2026-01-12 00:00:00-05:00,66.73999786376953,72.5,65.91999816894531,70.9800033569336,10860600,0.0,0.0
2026-01-13 00:00:00-05:00,70.88999938964844,70.91999816894531,68.47000122070312,70.25,8712100,0.0,0.0
2026-01-14 00:00:00-05:00,70.05000305175781,71.27999877929688,68.70999908447266,69.69999694824219,5836400,0.0,0.0
2026-01-15 00:00:00-05:00,69.6500015258789,70.05999755859375,68.97000122070312,69.23999786376953,5636100,0.0,0.0
2026-01-16 00:00:00-05:00,69.3499984741211,70.37999725341797,69.0199966430664,69.54000091552734,7440200,0.0,0.0
2026-01-20 00:00:00-05:00,68.7699966430664,71.33000183105469,68.54000091552734,70.7300033569336,4841900,0.0,0.0
2026-01-21 00:00:00-05:00,71.29000091552734,72.80999755859375,70.75,72.11000061035156,5406000,0.0,0.0
2026-01-22 00:00:00-05:00,71.73999786376953,75.9800033569336,70.77999877929688,73.91999816894531,11335600,0.0,0.0
2026-01-23 00:00:00-05:00,73.05000305175781,73.52999877929688,71.66000366210938,72.86000061035156,5247400,0.0,0.0
2026-01-26 00:00:00-05:00,72.94999694824219,74.01000213623047,72.6500015258789,73.33999633789062,7318700,0.0,0.0
2026-01-27 00:00:00-05:00,73.22000122070312,73.87999725341797,71.8499984741211,73.66999816894531,5642800,0.0,0.0
2026-01-28 00:00:00-05:00,73.66999816894531,73.93000030517578,72.66000366210938,73.36000061035156,4525300,0.0,0.0
2026-01-29 00:00:00-05:00,73.31999969482422,74.20999908447266,72.33999633789062,74.0,5100900,0.0,0.0
2026-01-30 00:00:00-05:00,73.41000366210938,74.95999908447266,72.83000183105469,73.04000091552734,3825600,0.0,0.0
2026-02-02 00:00:00-05:00,72.70999908447266,73.58999633789062,72.41000366210938,72.52999877929688,3274200,0.0,0.0
2026-02-03 00:00:00-05:00,72.55000305175781,75.36000061035156,70.7300033569336,71.62999725341797,5026700,0.0,0.0
2026-02-04 00:00:00-05:00,71.86000061035156,72.27999877929688,70.4800033569336,70.81999969482422,7051100,0.0,0.0
2026-02-05 00:00:00-05:00,70.9800033569336,72.05999755859375,69.62999725341797,69.88999938964844,5572000,0.0,0.0
2026-02-06 00:00:00-05:00,70.56999969482422,70.68000030517578,68.68000030517578,69.97000122070312,3659900,0.0,0.0
2026-02-09 00:00:00-05:00,69.01000213623047,70.20999908447266,67.87000274658203,70.16000366210938,4031500,0.0,0.0
2026-02-10 00:00:00-05:00,70.18000030517578,70.33999633789062,68.12000274658203,68.16000366210938,7885700,0.0,0.0
2026-02-11 00:00:00-05:00,68.27999877929688,68.55000305175781,67.04000091552734,68.1500015258789,5173200,0.0,0.0
2026-02-12 00:00:00-05:00,68.01000213623047,69.0,64.87999725341797,65.08000183105469,7685700,0.0,0.0
2026-02-13 00:00:00-05:00,64.44999694824219,71.33999633789062,62.86000061035156,70.0199966430664,11020600,0.0,0.0
2026-02-17 00:00:00-05:00,70.25,72.19000244140625,69.80999755859375,70.43000030517578,5909300,0.0,0.0
2026-02-18 00:00:00-05:00,70.70999908447266,73.23999786376953,70.02999877929688,72.80000305175781,4450300,0.0,0.0
2026-02-19 00:00:00-05:00,72.79000091552734,73.26000213623047,71.61000061035156,72.2699966430664,3459100,0.0,0.0
2026-02-20 00:00:00-05:00,72.3499984741211,73.37000274658203,72.04000091552734,73.08000183105469,3325300,0.0,0.0
2026-02-23 00:00:00-05:00,73.06999969482422,74.48999786376953,72.86000061035156,73.26000213623047,4864400,0.0,0.0
2026-02-24 00:00:00-05:00,73.30999755859375,73.61000061035156,70.80999755859375,73.08999633789062,4141600,0.0,0.0
2026-02-25 00:00:00-05:00,73.41999816894531,73.70999908447266,72.33999633789062,73.16000366210938,3239800,0.0,0.0
2026-02-26 00:00:00-05:00,73.44999694824219,74.43000030517578,72.83000183105469,74.37999725341797,2883600,0.0,0.0
2026-02-27 00:00:00-05:00,73.58000183105469,74.3499984741211,73.02999877929688,73.43000030517578,5454000,0.0,0.0
2026-03-02 00:00:00-05:00,72.37000274658203,73.91000366210938,71.56999969482422,73.77999877929688,3699400,0.0,0.0
2026-03-03 00:00:00-05:00,72.47000122070312,73.52999877929688,72.25,73.08000183105469,2380700,0.0,0.0
2026-03-04 00:00:00-05:00,73.02999877929688,73.56999969482422,71.0999984741211,72.9000015258789,4340700,0.0,0.0
2026-03-05 00:00:00-05:00,72.36000061035156,72.76000213623047,70.44000244140625,70.69000244140625,5099500,0.0,0.0
2026-03-06 00:00:00-05:00,69.72000122070312,69.86000061035156,67.63999938964844,68.0999984741211,3930500,0.0,0.0
2026-03-09 00:00:00-04:00,67.0199966430664,68.94000244140625,66.0,68.73999786376953,4072500,0.0,0.0
2026-03-10 00:00:00-04:00,68.5999984741211,68.75,66.73999786376953,67.79000091552734,2521400,0.0,0.0
2026-03-11 00:00:00-04:00,67.11000061035156,67.9800033569336,65.79000091552734,66.30999755859375,4027400,0.0,0.0
2026-03-12 00:00:00-04:00,65.6500015258789,66.79000091552734,65.16999816894531,65.26000213623047,5287800,0.0,0.0
2026-03-13 00:00:00-04:00,65.27999877929688,65.77999877929688,63.81999969482422,64.23999786376953,4076000,0.0,0.0
2026-03-16 00:00:00-04:00,64.8499984741211,66.80999755859375,64.5999984741211,66.33999633789062,4922100,0.0,0.0
2026-03-17 00:00:00-04:00,67.11000061035156,68.69000244140625,66.98999786376953,67.31999969482422,5158900,0.0,0.0
2026-03-18 00:00:00-04:00,66.72000122070312,68.05000305175781,66.70999908447266,67.66000366210938,3986900,0.0,0.0
2026-03-19 00:00:00-04:00,67.9800033569336,68.76000213623047,67.0999984741211,67.2699966430664,3744600,0.0,0.0
2026-03-20 00:00:00-04:00,67.41999816894531,67.91000366210938,66.0,66.94999694824219,8047200,0.0,0.0
2026-03-23 00:00:00-04:00,68.0999984741211,68.20999908447266,65.9000015258789,65.94000244140625,3662000,0.0,0.0
2026-03-24 00:00:00-04:00,66.30999755859375,66.94000244140625,65.0999984741211,66.5999984741211,3843500,0.0,0.0
2026-03-25 00:00:00-04:00,67.22000122070312,68.08999633789062,65.54000091552734,66.83999633789062,2941000,0.0,0.0
2026-03-26 00:00:00-04:00,66.83999633789062,67.93000030517578,65.98999786376953,66.08999633789062,2160700,0.0,0.0
2026-03-27 00:00:00-04:00,65.91000366210938,65.91000366210938,61.9900016784668,62.25,4310200,0.0,0.0
2026-03-30 00:00:00-04:00,62.349998474121094,63.25,61.619998931884766,61.900001525878906,3991400,0.0,0.0
2026-03-31 00:00:00-04:00,62.77000045776367,63.68000030517578,61.959999084472656,62.79999923706055,3977600,0.0,0.0
2026-04-01 00:00:00-04:00,62.79999923706055,63.66999816894531,61.90999984741211,62.369998931884766,3530100,0.0,0.0
2026-04-02 00:00:00-04:00,61.599998474121094,62.86000061035156,60.56999969482422,62.220001220703125,2407300,0.0,0.0
2026-04-06 00:00:00-04:00,62.220001220703125,63.29999923706055,62.099998474121094,63.209999084472656,3192200,0.0,0.0
2026-04-07 00:00:00-04:00,63.099998474121094,64.27999877929688,62.58000183105469,63.11000061035156,3870000,0.0,0.0
2026-04-08 00:00:00-04:00,65.01000213623047,65.87000274658203,64.86000061035156,65.80000305175781,2807900,0.0,0.0
2026-04-09 00:00:00-04:00,65.38999938964844,66.44000244140625,64.4000015258789,65.68000030517578,3762700,0.0,0.0
2026-04-10 00:00:00-04:00,65.9000015258789,66.13999938964844,63.61000061035156,64.0199966430664,2107100,0.0,0.0
2026-04-13 00:00:00-04:00,63.9900016784668,64.02999877929688,61.63999938964844,63.119998931884766,5701400,0.0,0.0
2026-04-14 00:00:00-04:00,62.689998626708984,63.70000076293945,62.0,62.95000076293945,4730400,0.0,0.0
2026-04-15 00:00:00-04:00,63.040000915527344,63.880001068115234,61.369998931884766,61.540000915527344,5682900,0.0,0.0
2026-04-16 00:00:00-04:00,61.290000915527344,63.88999938964844,60.81999969482422,61.22999954223633,5747300,0.0,0.0
2026-04-17 00:00:00-04:00,62.43000030517578,64.08999633789062,61.900001525878906,63.97999954223633,7831100,0.0,0.0
2026-04-20 00:00:00-04:00,63.56999969482422,65.29000091552734,63.34000015258789,64.62000274658203,3766900,0.0,0.0
2026-04-21 00:00:00-04:00,64.87000274658203,65.0,62.40999984741211,62.599998474121094,4354800,0.0,0.0
2026-04-22 00:00:00-04:00,63.15999984741211,63.869998931884766,62.5099983215332,63.40999984741211,2680700,0.0,0.0
2026-04-23 00:00:00-04:00,63.09000015258789,63.779998779296875,61.900001525878906,62.70000076293945,2505600,0.0,0.0
2026-04-24 00:00:00-04:00,62.66999816894531,62.900001525878906,60.34000015258789,61.56999969482422,3599900,0.0,0.0
2026-04-27 00:00:00-04:00,61.119998931884766,62.08000183105469,61.040000915527344,61.40999984741211,3376900,0.0,0.0
2026-04-28 00:00:00-04:00,61.68000030517578,62.439998626708984,59.09000015258789,59.31999969482422,5590700,0.0,0.0
2026-04-29 00:00:00-04:00,58.95000076293945,58.95000076293945,56.720001220703125,57.560001373291016,6558800,0.0,0.0
2026-04-30 00:00:00-04:00,57.880001068115234,59.63999938964844,57.58000183105469,59.54999923706055,5343300,0.0,0.0
2026-05-01 00:00:00-04:00,60.9900016784668,62.849998474121094,59.70000076293945,61.349998474121094,10563000,0.0,0.0
2026-05-04 00:00:00-04:00,61.61000061035156,61.630001068115234,59.16999816894531,60.040000915527344,5492800,0.0,0.0
2026-05-05 00:00:00-04:00,60.540000915527344,61.0,58.97999954223633,59.47999954223633,5528300,0.0,0.0
2026-05-06 00:00:00-04:00,59.709999084472656,61.08000183105469,58.70000076293945,60.36000061035156,5905300,0.0,0.0
2026-05-07 00:00:00-04:00,60.36000061035156,61.54999923706055,60.349998474121094,60.90999984741211,5080800,0.0,0.0
2026-05-08 00:00:00-04:00,60.90999984741211,61.369998931884766,60.130001068115234,60.61000061035156,4217600,0.0,0.0
2026-05-11 00:00:00-04:00,60.34000015258789,60.59000015258789,58.43000030517578,59.33000183105469,5272200,0.0,0.0
2026-05-12 00:00:00-04:00,60.13999938964844,61.459999084472656,59.650001525878906,61.13999938964844,6099600,0.0,0.0
2026-05-13 00:00:00-04:00,60.45000076293945,61.36000061035156,58.529998779296875,58.56999969482422,7032800,0.0,0.0
2026-05-14 00:00:00-04:00,59.02000045776367,59.560001373291016,57.65999984741211,57.81999969482422,4318100,0.0,0.0
2026-05-15 00:00:00-04:00,59.90999984741211,63.189998626708984,59.459999084472656,61.630001068115234,11133400,0.0,0.0
2026-05-18 00:00:00-04:00,61.790000915527344,65.16999816894531,61.540000915527344,65.08999633789062,13510500,0.0,0.0
2026-05-19 00:00:00-04:00,65.27999877929688,67.75,64.47000122070312,66.94999694824219,11300900,0.0,0.0
2026-05-20 00:00:00-04:00,66.70999908447266,71.4800033569336,66.30000305175781,71.44000244140625,11248200,0.0,0.0
2026-05-21 00:00:00-04:00,71.5,72.2699966430664,70.18000030517578,71.9000015258789,9081100,0.0,0.0
2026-05-22 00:00:00-04:00,71.9000015258789,73.05000305175781,71.30999755859375,72.0999984741211,6727000,0.0,0.0
2026-05-26 00:00:00-04:00,72.0199966430664,73.0999984741211,70.13999938964844,72.01000213623047,5311900,0.0,0.0
2026-05-27 00:00:00-04:00,72.52999877929688,72.6500015258789,69.91999816894531,70.26000213623047,5863100,0.0,0.0
2026-05-28 00:00:00-04:00,70.11000061035156,72.76000213623047,69.5999984741211,72.33999633789062,5617300,0.0,0.0
2026-05-29 00:00:00-04:00,72.88999938964844,73.83000183105469,72.5,73.73999786376953,9260400,0.0,0.0
2026-06-01 00:00:00-04:00,73.48999786376953,76.3499984741211,72.5,74.87000274658203,6140900,0.0,0.0
2026-06-02 00:00:00-04:00,74.30000305175781,74.36000061035156,72.56999969482422,73.44999694824219,3751600,0.0,0.0
2026-06-03 00:00:00-04:00,73.0,73.25,71.94999694824219,72.7699966430664,4052800,0.0,0.0
2026-06-04 00:00:00-04:00,74.12999725341797,74.91999816894531,71.52999877929688,72.58999633789062,6370200,0.0,0.0
2026-06-05 00:00:00-04:00,73.47000122070312,75.44000244140625,72.5199966430664,72.86000061035156,4859300,0.0,0.0
2026-06-08 00:00:00-04:00,73.91000366210938,78.5199966430664,73.0,76.62000274658203,7571700,0.0,0.0
2026-06-09 00:00:00-04:00,77.4800033569336,78.81999969482422,76.5,78.19000244140625,5424000,0.0,0.0
2026-06-10 00:00:00-04:00,78.81999969482422,78.91000366210938,74.63999938964844,74.7699966430664,5038100,0.0,0.0
2026-06-11 00:00:00-04:00,74.8499984741211,76.02999877929688,74.04000091552734,75.25,6607300,0.0,0.0
2026-06-12 00:00:00-04:00,75.56999969482422,76.25,73.52999877929688,75.37000274658203,4773800,0.0,0.0
2026-06-15 00:00:00-04:00,75.69999694824219,75.69999694824219,73.52999877929688,74.22000122070312,5388500,0.0,0.0
2026-06-16 00:00:00-04:00,74.3499984741211,74.66000366210938,73.06999969482422,73.16000366210938,3058200,0.0,0.0
2026-06-17 00:00:00-04:00,73.13999938964844,74.26000213623047,70.9000015258789,71.2300033569336,4431000,0.0,0.0
2026-06-18 00:00:00-04:00,72.61000061035156,73.69000244140625,71.5999984741211,72.47000122070312,8571700,0.0,0.0
2026-06-22 00:00:00-04:00,71.88999938964844,71.91999816894531,68.55000305175781,69.06999969482422,5570700,0.0,0.0
2026-06-23 00:00:00-04:00,70.23999786376953,70.2699966430664,68.72000122070312,68.91999816894531,6347300,0.0,0.0
2026-06-24 00:00:00-04:00,69.0,71.08999633789062,68.91999816894531,69.75,3832000,0.0,0.0
2026-06-25 00:00:00-04:00,69.87999725341797,70.79000091552734,68.58000183105469,68.6500015258789,4111600,0.0,0.0
2026-06-26 00:00:00-04:00,68.44000244140625,70.37999725341797,68.27999877929688,70.13999938964844,6872400,0.0,0.0
2026-06-29 00:00:00-04:00,69.66999816894531,71.05999755859375,69.45999908447266,69.9800033569336,3978700,0.0,0.0
2026-06-30 00:00:00-04:00,70.95999908447266,70.95999908447266,67.30000305175781,67.3499984741211,4300600,0.0,0.0
2026-07-01 00:00:00-04:00,68.16000366210938,69.66000366210938,67.87000274658203,68.86000061035156,4793600,0.0,0.0
2026-07-02 00:00:00-04:00,69.13999938964844,71.56999969482422,69.13999938964844,71.25,3299000,0.0,0.0
2026-07-06 00:00:00-04:00,71.30000305175781,72.7699966430664,69.73999786376953,72.37999725341797,4621500,0.0,0.0
2026-07-07 00:00:00-04:00,73.8499984741211,73.97000122070312,72.06999969482422,73.56999969482422,5569100,0.0,0.0
2026-07-08 00:00:00-04:00,73.31999969482422,74.38999938964844,72.33000183105469,74.05999755859375,5338800,0.0,0.0
2026-07-09 00:00:00-04:00,73.73999786376953,73.77999877929688,71.25,73.0199966430664,4164000,0.0,0.0
2026-07-10 00:00:00-04:00,73.33000183105469,75.56999969482422,73.30999755859375,74.95999908447266,3856800,0.0,0.0
2026-07-13 00:00:00-04:00,75.55999755859375,76.41999816894531,74.58000183105469,76.3499984741211,3554000,0.0,0.0
2026-07-14 00:00:00-04:00,75.08999633789062,75.43000030517578,73.16000366210938,74.12000274658203,4002900,0.0,0.0
2026-07-15 00:00:00-04:00,74.41999816894531,75.12999725341797,72.08000183105469,72.7300033569336,4160800,0.0,0.0
2026-07-16 00:00:00-04:00,73.62000274658203,79.1500015258789,73.12000274658203,77.9800033569336,6640100,0.0,0.0
2026-07-17 00:00:00-04:00,77.86000061035156,78.01000213623047,75.94999694824219,76.6500015258789,5070000,0.0,0.0
2026-07-20 00:00:00-04:00,76.5999984741211,77.08999633789062,75.66000366210938,75.69000244140625,3188400,0.0,0.0
2026-07-21 00:00:00-04:00,76.12000274658203,76.94999694824219,74.08999633789062,74.75,3962300,0.0,0.0
2026-07-22 00:00:00-04:00,75.04000091552734,75.29000091552734,70.7300033569336,71.43000030517578,3871000,0.0,0.0
2026-07-23 00:00:00-04:00,71.08000183105469,71.43000030517578,70.27999877929688,70.4800033569336,3264700,0.0,0.0
2026-07-24 00:00:00-04:00,71.05000305175781,71.8499984741211,69.79000091552734,71.54000091552734,2844500,0.0,0.0
2026-07-27 00:00:00-04:00,72.0,74.58999633789062,72.0,73.37000274658203,5003900,0.0,0.0
2026-07-28 00:00:00-04:00,74.56999969482422,76.08999633789062,74.08999633789062,74.8499984741211,4119900,0.0,0.0
2026-07-29 00:00:00-04:00,74.41999816894531,76.08999633789062,73.44999694824219,75.13999938964844,6268700,0.0,0.0
2026-07-30 00:00:00-04:00,73.93000030517578,74.87000274658203,73.23999786376953,74.54000091552734,5645100,0.0,0.0
2026-07-31 00:00:00-04:00,79.87999725341797,84.69999694824219,79.5,83.44999694824219,11982000,0.0,0.0
2026-08-03 00:00:00-04:00,85.25,87.62999725341797,83.5,87.30999755859375,9191500,0.0,0.0
2026-08-04 00:00:00-04:00,87.13999938964844,87.8499984741211,86.20999908447266,86.94000244140625,6123700,0.0,0.0
2026-08-05 00:00:00-04:00,86.47000122070312,86.47000122070312,82.30000305175781,82.66000366210938,6010500,0.0,0.0
2026-08-06 00:00:00-04:00,82.91000366210938,83.69000244140625,82.47000122070312,83.0199966430664,3871500,0.0,0.0
2026-08-07 00:00:00-04:00,82.48999786376953,85.05999755859375,82.08999633789062,84.75,4626100,0.0,0.0
2026-08-10 00:00:00-04:00,84.80999755859375,88.18000030517578,84.52999877929688,87.6500015258789,7832700,0.0,0.0
2026-08-11 00:00:00-04:00,87.58999633789062,89.55999755859375,87.05999755859375,89.52999877929688,5971500,0.0,0.0
2026-08-12 00:00:00-04:00,88.36499786376953,91.04000091552734,88.29000091552734,90.80000305175781,5208050,0.0,0.0
